Workbook

Sheet Data Sources
A2: Data Series and Source | B2: Link | C2: Web Page
A3: Biodiesel data | B3: http://datos.energia.gob.ar/dataset/estadisticas-de-biodiesel-y-bioetanol | C3: Biodiesel and bioethanol statistics excel file
A4: Energy data | B4: http://datos.energia.gob.ar/dataset/produccion-de-combustibles | C4: Products made from petroleum - production statistics only. For diesel fuel you need to use Diesel Oil 1,2,3
A5: Biodiesel Prices | B5: https://glp.se.gob.ar/biocombustible/reporte_precios.php | C5: Biodiesel prices in $/Ton from Jan 2018
A6: Secretaria de Energis Renewable Energy Biofuel Plants | B6: http://datos.energia.gob.ar/dataset/energias-renovables-plantas-biocombustibles/archivo/d9b5c5b9-825a-4d23-9d4d-988ad1ede966
A7: Secretaria de Energia Refining and Marketing of Oil, Gas and Derivatives | B7: http://datos.energia.gob.ar/dataset/refinacion-y-comercializacion-de-petroleo-gas-y-derivados-tablas-dinamicas | D7: Note: Consumo Propio (own consumption) = 0 for Jet fuel I think this is consumption by the refineries themselves so can it really be considered consumption? This would be important for diesel fuel
A14: megalitre = 1000 m3 | B14: Biodiesel | C14: Diesel | D14: Kerosene (Jet)
A15: 1000 kg = 1 tonne | B15: 1 liter = 0.834kg | C15: 1 tonne = 1175.36 liters | D15: 1tonne = 1250 liters
B16: 1 m3 = 0.87 tonnes | C16: 1 m3 = 0.85 tonnes | D16: 1 m3 = 0.8 tonnes
B17: 1 tonne = 1.14m3 | C17: 1 tonne = 1.18m3 | D17: 1tonne=1.25m3
B18: 1 gallon = 3.785412 liters | C18: 1 tonne = 310.5 gallons | D18: 1tonne=330.22gallons
B19: 1 tonne = 1143.25 liters | C19: 1kg=0.31 gallons | D19: 1kg=0.33gallons
B21: =5200000000/1143.25 -> 4548436.5
B22: =B21/1000 -> 4548.4365

Sheet Capacity
B1: BD | C1: RD | D1: SAF | E1: Combined

Sheet annual_data
A1: Annual Total | B1: Biodiesel | C1: Biodiesel | D1: Biodiesel | E1: Biodiesel | G1: Jet Fuel | H1: Jet Fuel | I1: Jet Fuel | J1: Jet Fuel | K1: Jet Fuel | L1: Diesel | M1: Diesel | N1: Diesel | O1: Diesel | P1: Diesel | Q1: Diesel
B2: Production | C2: Cut Sales | D2: Internal Other MDO sales | E2: Exports | G2: Aerokerosene Production | H2: Imports | I2: Sales | J2: Exports | K2: Stocks/ Inventory | L2: Gasoil 3 Grades Productos | M2: Gasoil 3 Grades Imports | N2: Gasoil 3 Grades - Own Consumption | O2: Gasoil 3 Grades - Sector Sales | P2: Gasoil 3 Grades Exports | Q2: Gasoil 3 Grades - Stocks
B3: Tons | C3: Tons | D3: Tons | E3: Tons | G3: Tons | H3: M3 | I3: M3 | J3: M3 | K3: M3 | L3: Tons | M3: M3 | N3: Tons | O3: M3 | P3: M3 | Q3: M3
A4: 2014 | B4: 2584290 | C4: 969456 | D4: 685 | E4: 1602695 | G4: 1282925.9 | H4: 75760 | I4: 13739 | J4: 0 | K4: 1506227.6 | L4: 9735793.2 | M4: 2025514.8 | N4: 1696.81 | O4: 597924.11 | P4: 123985.77 | Q4: 11533103
A5: 2015 | B5: 1810659 | C5: 1012958 | D5: 1403 | E5: 788226 | G5: 1299713 | H5: 110611 | I5: 4798.829 | J5: 0 | K5: 1604813.1 | L5: 10309632 | M5: 1933691.2 | N5: 1916.9501 | O5: 578831.99 | P5: 1842.68 | Q5: 11839948
A6: 2016 | B6: 2659274.8 | C6: 1033331.2 | D6: 3068.52 | E6: 1626263.8 | G6: 1298055 | H6: 151460 | I6: 1071.676 | J6: 2158 | K6: 1647361.1 | L6: 10112757 | M6: 2190498.4 | N6: 2885.0188 | O6: 663573.55 | P6: 5866.99 | Q6: 12514411
A7: 2017 | B7: 2871435 | C7: 1173295 | D7: 238.11 | E7: 1650119 | G7: 1436746 | H7: 111120 | I7: 5539 | J7: 5955 | K7: 1596475 | L7: 10137625 | M7: 2131897.1 | N7: 6292.8103 | O7: 475326.1 | P7: 4859 | Q7: 12795934
A8: 2018 | B8: 2428997.1 | C8: 1098458.2 | D8: 1433.29 | E8: 1401316.9 | G8: 1463661 | H8: 198901 | I8: 26994 | J8: 2917 | K8: 1615173 | L8: 9772633.7 | M8: 2203302.3 | N8: 5310.5995 | O8: 501896.39 | P8: 38563.318 | Q8: 12118105
A9: 2019 | B9: 2147270.5 | C9: 1070961.5 | D9: 65767.18 | E9: 1015006.8 | G9: 1463742.7 | H9: 267118 | I9: 94545 | J9: 3142 | K9: 1578446 | L9: 9820870.4 | M9: 2143637.3 | N9: 4696.1573 | O9: 532082.04 | P9: 34096.61 | Q9: 11382048
A10: 2020 | B10: 1157364.1 | C10: 477523.69 | D10: 21335.58 | E10: 597204.88 | G10: 521919.96 | H10: 27297 | I10: 8959 | J10: 21649 | K10: 1628906 | L10: 8945150.7 | M10: 1337837 | N10: 6028.3 | O10: 718661.26 | P10: 6019.8 | Q10: 11863812
A11: 2021 | B11: 1723665.4 | C11: 438156.87 | D11: 1258.08 | E11: 1269569.5 | G11: 589679.36 | H11: 0 | I11: 0 | J11: 15969 | K11: 1164356 | L11: 10141913 | M11: 1971748.7 | N11: 4628.724 | O11: 703840.47 | P11: 3763.02 | Q11: 10488256
A12: 2022 | B12: 1909618.4 | C12: 711801.43 | D12: 2512.76 | E12: 1236409.9 | G12: 1162101 | H12: 13733 | I12: 47544 | J12: 1010 | K12: 1278942 | L12: 10559606 | M12: 2557938.4 | N12: 4287.258 | O12: 653069.75 | P12: 0 | Q12: 11580644
A13: 2023 | B13: 831268.55 | C13: 580501.99 | D13: 8302.4 | E13: 284600 | G13: 1444891.4 | H13: 15076 | I13: 3493 | J13: 14853 | K13: 1395466 | L13: 11102923 | M13: 1085184.5 | N13: 3882.4 | O13: 618071.85 | P13: 567.65 | Q13: 12132953
A14: 2024 | B14: 1078962.8 | C14: 703653.14 | D14: 1710.34 | E14: 353337.98 | G14: 1353628 | I14: 11789 | K14: 1394505 | L14: 11210125 | N14: 3437.68 | O14: 718509.18 | Q14: 10715940
A21: 2023 & 2024 provisional data

Sheet monthly_data
C1: Biodiesel | D1: Biodiesel | E1: Biodiesel | G1: Biodiesel | H1: Biodiesel | I1: Jet Fuel | J1: Jet Fuel | K1: Jet Fuel | L1: Jet Fuel | M1: Jet Fuel | N1: Jet Fuel | O1: Jet Fuel | P1: Diesel | Q1: Diesel | R1: Diesel | S1: Diesel | T1: Diesel | U1: Diesel | V1: Diesel
C2: Production | D2: Cut Sales | E2: Internal Other MDO sales | F2: Domestic Consumption | G2: Exports (matches with GTT) | H2: Imports via GTT | I2: Aerokerosene (Jet) Productos | J2: Imports | K2: Sector Sales | L2: Sales excluding sector sales | M2: TOTAL SALES | N2: Exports | O2: Stocks/ Inventory (Existencias) | P2: Diesel Oil Productos (Gasoil Grades 1,2,3) | Q2: Imports | R2: Own Consumption (consumo-propio) | S2: Sector Sales | T2: Sales excluding sector sales | U2: Exports | V2: Stocks/ Inventory (Existencias)
C3: Tons | D3: Tons | E3: Tons | F3: Tons | G3: Tons | H3: Tons | I3: Tons | J3: M3 | K3: M3 | L3: M3 | M3: M3 | N3: M3 | O3: M3 | P3: Tons | Q3: M3 | R3: Tons | S3: M3 | T3: M3 | U3: M3 | V3: M3
A4: 42005 | B4: 2015 | C4: 134435 | D4: 87181 | E4: 103 | F4: =E4+D4 -> 87284 | G4: 25250 | H4: 0 | I4: 126281 | J4: 0 | K4: 33 | L4: 144531 | M4: =L4+K4 -> 144564 | N4: 0 | O4: 126095 | P4: 875987.02 | Q4: 158221.38 | R4: 75.699 | S4: 45443.591 | T4: 1109845.3 | U4: 608.21 | V4: 944828.5
A5: 42036 | B5: 2015 | C5: 99065 | D5: 84192 | E5: 0 | F5: =E5+D5 -> 84192 | G5: 32750 | H5: 0 | I5: 103533 | J5: 0 | K5: 0 | L5: 129957 | M5: =L5+K5 -> 129957 | N5: 0 | O5: 124859 | P5: 772155.05 | Q5: 146035 | R5: 100.571 | S5: 45441.746 | T5: 1013919.8 | U5: 0 | V5: 975101
A6: 42064 | B6: 2015 | C6: 96673 | D6: 84425 | E6: 67 | F6: =E6+D6 -> 84492 | G6: 37805 | H6: 0 | I6: 109035 | J6: 0 | K6: 4694 | L6: 142264 | M6: =L6+K6 -> 146958 | N6: 0 | O6: 139952 | P6: 852810.52 | Q6: 67983.682 | R6: 128.252 | S6: 50664.525 | T6: 1106594.3 | U6: 0 | V6: 931606.42
A7: 42095 | B7: 2015 | C7: 128439 | D7: 90867 | E7: 21 | F7: =E7+D7 -> 90888 | G7: 12170 | H7: 0 | I7: 106867 | J7: 19862 | K7: 0 | L7: 130185 | M7: =L7+K7 -> 130185 | N7: 0 | O7: 134705 | P7: 906081.58 | Q7: 185733.85 | R7: 146.202 | S7: 60797.713 | T7: 1268409.9 | U7: 0 | V7: 871752.05
A8: 42125 | B8: 2015 | C8: 131226 | D8: 88787 | E8: 100 | F8: =E8+D8 -> 88887 | G8: 35375 | H8: 0 | I8: 98742 | J8: 4773 | K8: 35.831 | L8: 129638.9 | M8: =L8+K8 -> 129674.73 | N8: 0 | O8: 128522.24 | P8: 907049.47 | Q8: 136072.33 | R8: 136.6217 | S8: 45763.4 | T8: 1131770 | U8: 0 | V8: 981386.87
A9: 42156 | B9: 2015 | C9: 190445 | D9: 90128 | E9: 12 | F9: =E9+D9 -> 90140 | G9: 93200 | H9: 0 | I9: 90555 | J9: 0 | K9: 0 | L9: 126558 | M9: =L9+K9 -> 126558 | N9: 0 | O9: 127352.17 | P9: 824896.98 | Q9: 180731.97 | R9: 188.6 | S9: 48222.973 | T9: 1163077 | U9: 0 | V9: 944100.9
A10: 42186 | B10: 2015 | C10: 176765 | D10: 96532 | E10: 27 | F10: =E10+D10 -> 96559 | G10: 81800 | H10: 0 | I10: 107302 | J10: 19052 | K10: 0 | L10: 141620 | M10: =L10+K10 -> 141620 | N10: 0 | O10: 114572 | P10: 916673.89 | Q10: 204009.04 | R10: 255.457 | S10: 49845.073 | T10: 1226191.1 | U10: 0 | V10: 926651.19
A11: 42217 | B11: 2015 | C11: 208493 | D11: 97269 | E11: 27 | F11: =E11+D11 -> 97296 | G11: 83800 | H11: 0 | I11: 120633 | J11: 0 | K11: 0 | L11: 141298 | M11: =L11+K11 -> 141298 | N11: 0 | O11: 159062 | P11: 869912.53 | Q11: 184221.77 | R11: 210.097 | S11: 43910.419 | T11: 1063337.4 | U11: 0 | V11: 1079048.7
A12: 42248 | B12: 2015 | C12: 182871 | D12: 90993 | E12: 34 | F12: =E12+D12 -> 91027 | G12: 94805 | H12: 0 | I12: 95342 | J12: 24969 | K12: 35.998 | L12: 140020 | M12: =L12+K12 -> 140056 | N12: 0 | O12: 137611 | P12: 838342.96 | Q12: 130122.72 | R12: 184.42595 | S12: 48842.804 | T12: 1141514.2 | U12: 429.6 | V12: 1059138
A13: 42278 | B13: 2015 | C13: 199680 | D13: 104648 | E13: 59 | F13: =E13+D13 -> 104707 | G13: 103300 | H13: 0.004 | I13: 117232 | J13: 19805 | K13: 0 | L13: 146078.6 | M13: =L13+K13 -> 146078.6 | N13: 0 | O13: 133812 | P13: 899035.9 | Q13: 218370 | R13: 156.87 | S13: 47874.446 | T13: 1176516.8 | U13: 0 | V13: 1026274.2
A14: 42309 | B14: 2015 | C14: 182761 | D14: 87073 | E14: 30 | F14: =E14+D14 -> 87103 | G14: 126646 | H14: 0 | I14: 107366 | J14: 5403 | K14: 0 | L14: 143690 | M14: =L14+K14 -> 143690 | N14: 0 | O14: 141489.21 | P14: 818450.69 | Q14: 121037.25 | R14: 192.8025 | S14: 39037.59 | T14: 1143267.6 | U14: 276.54 | V14: 1072843
A15: 42339 | B15: 2015 | C15: 79804 | D15: 10863 | E15: 923 | F15: =E15+D15 -> 11786 | G15: 61325 | H15: 0 | I15: 116825 | J15: 16747 | K15: 0 | L15: 149313 | M15: =L15+K15 -> 149313 | N15: 0 | O15: 136781.46 | P15: 828235.53 | Q15: 201152.21 | R15: 141.352 | S15: 52987.708 | T15: 1172238.5 | U15: 528.33 | V15: 1027216.7
... A111: 45261 | B111: 2023 | C111: 21627.68 | D111: 15018.77 | E111: 8.1 | F111: =E111+D111 -> 15026.87 | G111: 0 | H111: 0 | I111: 145646 | J111: 0 | K111: 0 | L111: 167248 | M111: =L111+K111 -> 167248 | N111: 333 | O111: 122467 | P111: 975742.06 | Q111: 107937 | R111: 210 | S111: 62893.61 | T111: 1193577.8 | U111: 0 | V111: 960464.82
A112: 45292 | B112: =YEAR(A112) -> 2024 | C112: 69904.54 | D112: 69754.275 | E112: 141.1 | F112: =E112+D112 -> 69895.375 | G112: 0 | H112: 25.665 | I112: 139709.35 | J112: 0 | K112: 0 | L112: 163677 | M112: =L112+K112 -> 163677 | N112: 0 | O112: 130149 | P112: 967726.86 | Q112: 115418 | R112: 284.5 | S112: 63083.345 | T112: 1125507.7 | U112: 0 | V112: 1073184.9
A113: 45323 | B113: =YEAR(A113) -> 2024 | C113: 60788.64 | D113: 55858.24 | E113: 195.2 | F113: =E113+D113 -> 56053.44 | G113: 0 | H113: 0 | I113: 119593.66 | J113: 0 | K113: 1350 | L113: 149745 | M113: =L113+K113 -> 151095 | N113: 0 | O113: 127145 | P113: 864071.3 | Q113: 24927 | R113: 282 | S113: 39026.88 | T113: 1060932.5 | U113: 0 | V113: 1047594.2
A114: 45352 | B114: =YEAR(A114) -> 2024 | C114: 100482.89 | D114: 58141.411 | E114: 196.56 | F114: =E114+D114 -> 58337.971 | G114: 0 | H114: 0.006 | I114: 121599 | J114: 0 | K114: 2393 | L114: 157527 | M114: =L114+K114 -> 159920 | N114: 8479 | O114: 110415 | P114: 923690.95 | Q114: 0 | R114: 329.5 | S114: 47046 | T114: 1122902.8 | U114: 11590 | V114: 1009418.5
A115: 45383 | B115: =YEAR(A115) -> 2024 | C115: 121657.58 | D115: 61995.193 | E115: 186.34 | F115: =E115+D115 -> 62181.533 | G115: 60786.99 | H115: 0 | I115: 118628 | J115: 0 | K115: 1059 | L115: 136922 | M115: =L115+K115 -> 137981 | N115: 0 | O115: 118139 | P115: 936792.95 | Q115: 34231 | R115: 248 | S115: 67917.65 | T115: 1146054.1 | U115: 0 | V115: 1017180
A116: 45413 | B116: =YEAR(A116) -> 2024 | C116: 109716.54 | D116: 66509.264 | E116: 157.92 | F116: =E116+D116 -> 66667.184 | G116: 74589.65 | H116: 9.735 | I116: 111254 | J116: 0 | K116: 0 | L116: 130463 | M116: =L116+K116 -> 130463 | N116: 0 | O116: 122133 | P116: 977618.64 | Q116: 23164 | R116: 354.1 | S116: 67878.309 | T116: 1308312.7 | U116: 4685 | V116: 868738.72
A117: 45444 | B117: =YEAR(A117) -> 2024 | C117: 123483.22 | D117: 67860.623 | E117: 90.08 | F117: =E117+D117 -> 67950.703 | G117: 30300 | H117: 0.004 | I117: 116094 | J117: 14249 | K117: 1885 | L117: 131960 | M117: =L117+K117 -> 133845 | N117: 3000 | O117: 118579 | P117: 873030.1 | Q117: 99932 | R117: 301.31 | S117: 66304.77 | T117: 1118404.5 | U117: 5620 | V117: 878486.89
A118: 45474 | B118: =YEAR(A118) -> 2024 | C118: 158400.2 | D118: 69949.241 | E118: 150.02 | F118: =E118+D118 -> 70099.261 | G118: 102670 | H118: 0 | I118: 127878 | J118: 0 | K118: 102 | L118: 152935 | M118: =L118+K118 -> 153037 | N118: 2996 | O118: 128888 | P118: 936957.42 | Q118: 166027 | R118: 381.62 | S118: 63611.58 | T118: 1226034.6 | U118: 1997 | V118: 934027.16
A119: 45505 | B119: =YEAR(A119) -> 2024 | C119: 106992.36 | D119: 72002.68 | E119: 128.54 | F119: =E119+D119 -> 72131.22 | G119: 26573.34 | H119: 0 | I119: 127998 | J119: 0 | K119: 5000 | L119: 149812 | M119: =L119+K119 -> 154812 | N119: 2832 | O119: 134946 | P119: 934342.45 | Q119: 107256 | R119: 397.5 | S119: 46620.81 | T119: 1156847.7 | U119: 4793 | V119: 931344.02
A120: 45536 | B120: =YEAR(A120) -> 2024 | C120: 71382.27 | D120: 71527.874 | E120: 155.8 | F120: =E120+D120 -> 71683.674 | G120: 27818 | H120: 1.77 | I120: 127635 | J120: 0 | K120: 0 | L120: 142869 | M120: =L120+K120 -> 142869 | N120: 0 | O120: 151074 | P120: 886395.91 | Q120: 79424 | R120: 185.05 | S120: 62789.838 | T120: 1083633.6 | U120: 0 | V120: 1002901.9
A121: 45566 | B121: =YEAR(A121) -> 2024 | C121: 78915.23 | D121: 68262.008 | E121: 149.38 | F121: =E121+D121 -> 68411.388 | G121: 0 | H121: 0 | I121: 116493 | J121: 0 | K121: 0 | L121: 153333 | M121: =L121+K121 -> 153333 | N121: 6081 | O121: 130337 | P121: 972906.6 | Q121: 56582 | R121: 452.5 | S121: 72348 | T121: 1189252 | U121: 1894 | V121: 1022054.7
A122: 45597 | B122: =YEAR(A122) -> 2024 | C122: 77239 | D122: 41792 | E122: 159 | F122: =E122+D122 -> 41951 | G122: 30600 | H122: 0 | I122: 126746 | J122: 0 | K122: 0 | L122: 162142 | M122: =L122+K122 -> 162142 | N122: 3305 | O122: 122700 | P122: 957929.68 | Q122: 30500 | R122: 221.6 | S122: 58163 | T122: 1236068.7 | U122: 6507.4 | V122: 931536.04
A123: 45627 | B123: =YEAR(A123) -> 2024 | C123: 83734 | D123: 71713 | E123: 140 | F123: =E123+D123 -> 71853 | G123: 30000 | H123: 0.004 | I123: 144190 | J123: 0 | K123: 0 | L123: 177691 | M123: =L123+K123 -> 177691 | N123: 0 | O123: 120526 | P123: 997284.28 | Q123: 68492.558 | R123: 308 | S123: 67415 | T123: 1216682.2 | U123: 13781 | V123: 939239.41
A124: 45658 | B124: =YEAR(A124) -> 2025 | C124: 66538 | D124: 65683 | E124: 174 | F124: =E124+D124 -> 65857 | G124: 0 | H124: 0.004 | I124: 148323 | J124: 11002 | K124: 2320 | L124: 180501 | M124: =L124+K124 -> 182821 | N124: 0 | O124: 135709 | P124: 990963.86 | Q124: 89194.909 | R124: 281.2 | S124: 55416 | T124: 1134889.5 | U124: 8299 | V124: 1092388.8
A125: 45689 | B125: =YEAR(A125) -> 2025 | F125: =E125+D125 -> 0 | H125: 51.33 | I125: 100633 | J125: 24093 | K125: 283 | L125: 159059 | M125: =L125+K125 -> 159342 | N125: 0 | O125: 120110 | P125: 766012.3 | Q125: 72106.91 | R125: 299.87 | S125: 37366 | T125: 1030855.3 | U125: 0 | V125: 1023272.4
A137: 2024 data is provisional

Sheet BD
A1: Argentina Biodiesel Supply Demand
A2: thousand tonnes | B2: 2015 | C2: 2016 | D2: 2017 | E2: 2018 | F2: 2019 | G2: 2020 | H2: 2021 | I2: 2022 | J2: 2023 | K2: 2024 | L2: 2025 | M2: 2026 | N2: 2027 | O2: 2028 | P2: 2029 | Q2: 2030 | R2: 2031 | S2: 2032 | T2: 2033 | U2: 2034 | V2: 2035
A3: Beginning Stocks
A4: Production | B4: =B35 -> 1810.657 | C4: =C35 -> 2659.2754 | D4: =D35 -> 2871.435 | E4: =E35 -> 2428.9971 | F4: =F35 -> 2147.2705 | G4: =G35 -> 1157.3641 | H4: =H35 -> 1723.6655 | I4: =I35 -> 1909.6184 | ... K4: =K35 -> 1162.6965 | L4: =L12*0.5 -> 1266.896 | M4: =M12*0.5 -> 1266.896 | N4: =N12*0.5 -> 1266.896 | O4: =O12*0.5 -> 1266.896 | P4: =P12*0.5 -> 1266.896 | Q4: =Q12*0.5 -> 1266.896 | R4: =R12*0.5 -> 1266.896 | S4: =S12*0.5 -> 1266.896 | ... V4: =V12*0.5 -> 1266.896
A5: Imports | B5: =B51 -> 4e-06 | C5: =C51 -> 0.007 | D5: =D51 -> 0.007065 | E5: =E51 -> 3e-06 | F5: =F51 -> 0.018827 | G5: =G51 -> 0.01152 | H5: =H51 -> 0 | I5: =I51 -> 1.4e-05 | ... K5: =K51 -> 0.037184 | L5: =AVERAGE(B5:K5) -> 0.0133197 | M5: =AVERAGE(C5:L5) -> 0.01465127 | N5: =AVERAGE(D5:M5) -> 0.015416397 | O5: =AVERAGE(E5:N5) -> 0.016251537 | P5: =AVERAGE(F5:O5) -> 0.01787639 | Q5: =AVERAGE(G5:P5) -> 0.017781329 | R5: =AVERAGE(H5:Q5) -> 0.018407462 | S5: =AVERAGE(I5:R5) -> 0.020248209 | ... V5: =AVERAGE(L5:U5) -> 0.017556472
A6: Total Supply | B6: =SUM(B4:B5) -> 1810.657 | C6: =SUM(C4:C5) -> 2659.2824 | D6: =SUM(D4:D5) -> 2871.4421 | E6: =SUM(E4:E5) -> 2428.9971 | F6: =SUM(F4:F5) -> 2147.2893 | G6: =SUM(G4:G5) -> 1157.3756 | H6: =SUM(H4:H5) -> 1723.6655 | I6: =SUM(I4:I5) -> 1909.6184 | ... V6: =SUM(V4:V5) -> 1266.9136
A7: Consumption | B7: =B83 -> 1014.361 | C7: =C83 -> 1036.3974 | D7: =D83 -> 1173.5331 | E7: =E83 -> 1099.8915 | F7: =F83 -> 1136.7287 | G7: =G83 -> 498.85927 | H7: =H83 -> 439.41501 | I7: =I83 -> 714.31419 | ... K7: =K83 -> 777.21575 | L7: =AVERAGE(B7:K7) -> 847.95202 | M7: =AVERAGE(C7:L7) -> 831.31112 | N7: =AVERAGE(D7:M7) -> 810.8025 | O7: =AVERAGE(E7:N7) -> 774.52944 | P7: =AVERAGE(F7:O7) -> 741.99324 | Q7: =AVERAGE(G7:P7) -> 702.51969 | R7: =AVERAGE(H7:Q7) -> 722.88574 | S7: =AVERAGE(I7:R7) -> 751.23281 | ... V7: =AVERAGE(L7:U7) -> 770.96879
A8: Exports | B8: =B67 -> 788.226 | C8: =C67 -> 1626.2637 | D8: =D67 -> 1650.1191 | E8: =E67 -> 1401.3169 | F8: =F67 -> 1015.0068 | G8: =G67 -> 597.20488 | H8: =H67 -> 1269.5696 | I8: =I67 -> 1236.4099 | ... K8: =K67 -> 383.33798 | L8: =AVERAGE(B8:K8)-600 -> 425.20547 | M8: =AVERAGE(C8:L8)-500 -> 488.90342 | N8: =AVERAGE(D8:M8)-500 -> 375.16739 | O8: =AVERAGE(E8:N8)-500 -> 247.67223 | P8: =AVERAGE(F8:O8)-500 -> 132.30776 | Q8: =AVERAGE(G8:P8)-300 -> 244.03786 | R8: =AVERAGE(H8:Q8)-300 -> 208.72115 | S8: =AVERAGE(I8:R8)-300 -> 102.63631 | T8: =AVERAGE(J8:S8) -> 289.25896 | U8: =AVERAGE(K8:T8) -> 289.72485 | V8: =AVERAGE(L8:U8) -> 280.36354
A9: Total Use | B9: =SUM(B7:B8) -> 1802.587 | C9: =SUM(C7:C8) -> 2662.6611 | D9: =SUM(D7:D8) -> 2823.6521 | E9: =SUM(E7:E8) -> 2501.2084 | F9: =SUM(F7:F8) -> 2151.7355 | G9: =SUM(G7:G8) -> 1096.0642 | H9: =SUM(H7:H8) -> 1708.9846 | I9: =SUM(I7:I8) -> 1950.724 | ... V9: =SUM(V7:V8) -> 1051.3323
A10: Final Stocks | B10: =B6-B9 -> 8.070004 | C10: =C6-C9 -> -3.37861 | D10: =D6-D9 -> 47.789945 | E10: =E6-E9 -> -72.211297 | F10: =F6-F9 -> -4.446183 | G10: =G6-G9 -> 61.311478 | H10: =H6-H9 -> 14.680897 | I10: =I6-I9 -> -41.105625 | ... V10: =V6-V9 -> 215.58122
A12: Biodiesel Capacity | B12: =2023.792+1500 -> 3523.792 | C12: =2373.792+1500 -> 3873.792 | D12: =2533.792+1500 -> 4033.792 | E12: =2533.792+1500 -> 4033.792 | F12: =2533.792+1500 -> 4033.792 | G12: 2533.792 | H12: 2533.792 | I12: 2533.792 | J12: 2533.792 | K12: 2533.792 | L12: 2533.792 | M12: 2533.792 | N12: 2533.792 | O12: 2533.792 | P12: 2533.792 | Q12: 2533.792 | R12: 2533.792 | S12: 2533.792 | T12: 2533.792 | U12: 2533.792 | V12: 2533.792
A13: Operating Rate | B13: =B4/B12 -> 0.51383765 | C13: =C4/C12 -> 0.68647864 | D13: =D4/D12 -> 0.71184508 | E13: =E4/E12 -> 0.6021622 | F13: =F4/F12 -> 0.53232058 | G13: =G4/G12 -> 0.45677155 | H13: =H4/H12 -> 0.68027111 | I13: =I4/I12 -> 0.75366028 | ... V13: =V4/V12 -> 0.5
A14: Argentina Biodiesel Blend Rate Mandates | B14: 0.1 | C14: 0.1 | D14: 0.1 | E14: 0.1 | F14: 0.1 | G14: 0.1 | H14: 0.05 | I14: 0.05 | J14: 0.075 | K14: 0.075 | L14: 0.075 | M14: 0.075 | N14: 0.075 | O14: 0.075 | P14: 0.075 | Q14: 0.075 | R14: 0.075 | S14: 0.075 | T14: 0.075 | U14: 0.075 | V14: 0.075
A21: BIODIESEL PRODUCTION
A22: thousand tonnes | B22: =B2 -> 2015 | C22: =C2 -> 2016 | D22: =D2 -> 2017 | E22: =E2 -> 2018 | F22: =F2 -> 2019 | G22: =G2 -> 2020 | H22: =H2 -> 2021 | I22: =I2 -> 2022 | ... V22: =V2 -> 2035
A23: January | B23: =monthly_data!$C4/1000 -> 134.435 | C23: =monthly_data!$C16/1000 -> 102.682 | D23: =monthly_data!$C28/1000 -> 189.76337 | E23: =monthly_data!$C40/1000 -> 244.12816 | F23: =monthly_data!$C52/1000 -> 83.48742 | G23: =monthly_data!$C64/1000 -> 105.06033 | H23: =monthly_data!$C76/1000 -> 28.07312 | I23: =monthly_data!$C88/1000 -> 189.21679 | J23: =monthly_data!$C100/1000 -> 60.60767 | K23: =monthly_data!$C112/1000 -> 69.90454 | L23: =monthly_data!$C124/1000 -> 66.538 | M23: =M$35*(SUM(H23:L23)/SUM(H$35:L$35)) -> 76.140819 | N23: =N$35*(SUM(I23:M23)/SUM(I$35:M$35)) -> 91.003333 | O23: =O$35*(SUM(J23:N23)/SUM(J$35:N$35)) -> 79.624505 | P23: =P$35*(SUM(K23:O23)/SUM(K$35:O$35)) -> 77.924057 | Q23: =Q$35*(SUM(L23:P23)/SUM(L$35:P$35)) -> 78.246143 | R23: =R$35*(SUM(M23:Q23)/SUM(M$35:Q$35)) -> 80.587771 | S23: =S$35*(SUM(N23:R23)/SUM(N$35:R$35)) -> 81.477162 | T23: =T$35*(SUM(O23:S23)/SUM(O$35:S$35)) -> 79.571928 | ... V23: =V$35*(SUM(Q23:U23)/SUM(Q$35:U$35)) -> 79.888883
A24: February | B24: =monthly_data!$C5/1000 -> 99.065 | C24: =monthly_data!$C17/1000 -> 151.101 | D24: =monthly_data!$C29/1000 -> 162.19972 | E24: =monthly_data!$C41/1000 -> 157.00722 | F24: =monthly_data!$C53/1000 -> 93.1374 | G24: =monthly_data!$C65/1000 -> 189.69169 | H24: =monthly_data!$C77/1000 -> 164.41147 | I24: =monthly_data!$C89/1000 -> 177.38635 | J24: =monthly_data!$C101/1000 -> 44.57426 | K24: =monthly_data!$C113/1000 -> 60.78864 | L24: =L$35*(SUM(G24:K24)/SUM(G$35:K$35)) -> 118.91994 | M24: =M$35*(SUM(H24:L24)/SUM(H$35:L$35)) -> 104.02528 | N24: =N$35*(SUM(I24:M24)/SUM(I$35:M$35)) -> 99.522282 | O24: =O$35*(SUM(J24:N24)/SUM(J$35:N$35)) -> 93.537373 | P24: =P$35*(SUM(K24:O24)/SUM(K$35:O$35)) -> 96.953547 | Q24: =Q$35*(SUM(L24:P24)/SUM(L$35:P$35)) -> 102.59168 | R24: =R$35*(SUM(M24:Q24)/SUM(M$35:Q$35)) -> 99.326032 | S24: =S$35*(SUM(N24:R24)/SUM(N$35:R$35)) -> 98.386184 | ... V24: =V$35*(SUM(Q24:U24)/SUM(Q$35:U$35)) -> 99.509229
A25: March | B25: =monthly_data!$C6/1000 -> 96.673 | C25: =monthly_data!$C18/1000 -> 146.05 | D25: =monthly_data!$C30/1000 -> 172.2213 | E25: =monthly_data!$C42/1000 -> 177.93888 | F25: =monthly_data!$C54/1000 -> 198.83755 | G25: =monthly_data!$C66/1000 -> 173.8276 | H25: =monthly_data!$C78/1000 -> 126.45001 | I25: =monthly_data!$C90/1000 -> 173.26724 | J25: =monthly_data!$C102/1000 -> 100.42719 | K25: =monthly_data!$C114/1000 -> 100.48289 | L25: =L$35*(SUM(G25:K25)/SUM(G$35:K$35)) -> 125.94149 | M25: =M$35*(SUM(H25:L25)/SUM(H$35:L$35)) -> 115.14082 | N25: =N$35*(SUM(I25:M25)/SUM(I$35:M$35)) -> 121.08506 | O25: =O$35*(SUM(J25:N25)/SUM(J$35:N$35)) -> 123.10669 | P25: =P$35*(SUM(K25:O25)/SUM(K$35:O$35)) -> 119.11071 | Q25: =Q$35*(SUM(L25:P25)/SUM(L$35:P$35)) -> 120.87695 | R25: =R$35*(SUM(M25:Q25)/SUM(M$35:Q$35)) -> 119.86405 | S25: =S$35*(SUM(N25:R25)/SUM(N$35:R$35)) -> 120.80869 | ... V25: =V$35*(SUM(Q25:U25)/SUM(Q$35:U$35)) -> 120.51718
A26: April | B26: =monthly_data!$C7/1000 -> 128.439 | C26: =monthly_data!$C19/1000 -> 191.408 | D26: =monthly_data!$C31/1000 -> 249.43087 | E26: =monthly_data!$C43/1000 -> 226.42478 | F26: =monthly_data!$C55/1000 -> 274.97195 | G26: =monthly_data!$C67/1000 -> 44.7933 | H26: =monthly_data!$C79/1000 -> 84.84899 | I26: =monthly_data!$C91/1000 -> 201.27325 | J26: =monthly_data!$C103/1000 -> 97.98625 | K26: =monthly_data!$C115/1000 -> 121.65758 | L26: =L$35*(SUM(G26:K26)/SUM(G$35:K$35)) -> 102.80637 | M26: =M$35*(SUM(H26:L26)/SUM(H$35:L$35)) -> 111.83374 | N26: =N$35*(SUM(I26:M26)/SUM(I$35:M$35)) -> 125.07968 | O26: =O$35*(SUM(J26:N26)/SUM(J$35:N$35)) -> 122.29473 | P26: =P$35*(SUM(K26:O26)/SUM(K$35:O$35)) -> 118.68677 | Q26: =Q$35*(SUM(L26:P26)/SUM(L$35:P$35)) -> 116.14026 | R26: =R$35*(SUM(M26:Q26)/SUM(M$35:Q$35)) -> 118.80704 | S26: =S$35*(SUM(N26:R26)/SUM(N$35:R$35)) -> 120.2017 | ... V26: =V$35*(SUM(Q26:U26)/SUM(Q$35:U$35)) -> 118.59749
A27: May | B27: =monthly_data!$C8/1000 -> 131.226 | C27: =monthly_data!$C20/1000 -> 251.535 | D27: =monthly_data!$C32/1000 -> 296.82388 | E27: =monthly_data!$C44/1000 -> 290.43469 | F27: =monthly_data!$C56/1000 -> 273.1616 | G27: =monthly_data!$C68/1000 -> 78.66763 | H27: =monthly_data!$C80/1000 -> 188.07856 | I27: =monthly_data!$C92/1000 -> 169.57548 | J27: =monthly_data!$C104/1000 -> 85.58363 | K27: =monthly_data!$C116/1000 -> 109.71654 | L27: =L$35*(SUM(G27:K27)/SUM(G$35:K$35)) -> 117.94323 | M27: =M$35*(SUM(H27:L27)/SUM(H$35:L$35)) -> 123.28683 | N27: =N$35*(SUM(I27:M27)/SUM(I$35:M$35)) -> 119.28354 | O27: =O$35*(SUM(J27:N27)/SUM(J$35:N$35)) -> 121.51862 | P27: =P$35*(SUM(K27:O27)/SUM(K$35:O$35)) -> 120.32912 | Q27: =Q$35*(SUM(L27:P27)/SUM(L$35:P$35)) -> 120.47227 | R27: =R$35*(SUM(M27:Q27)/SUM(M$35:Q$35)) -> 120.97807 | S27: =S$35*(SUM(N27:R27)/SUM(N$35:R$35)) -> 120.51632 | ... V27: =V$35*(SUM(Q27:U27)/SUM(Q$35:U$35)) -> 120.66826
A28: June | B28: =monthly_data!$C9/1000 -> 190.445 | C28: =monthly_data!$C21/1000 -> 261.774 | D28: =monthly_data!$C33/1000 -> 282.714 | E28: =monthly_data!$C45/1000 -> 265.42692 | F28: =monthly_data!$C57/1000 -> 176.76043 | G28: =monthly_data!$C69/1000 -> 133.13701 | H28: =monthly_data!$C81/1000 -> 170.38305 | I28: =monthly_data!$C93/1000 -> 186.72161 | J28: =monthly_data!$C105/1000 -> 63.53678 | K28: =monthly_data!$C117/1000 -> 123.48322 | L28: =L$35*(SUM(G28:K28)/SUM(G$35:K$35)) -> 126.46559 | M28: =M$35*(SUM(H28:L28)/SUM(H$35:L$35)) -> 123.23038 | N28: =N$35*(SUM(I28:M28)/SUM(I$35:M$35)) -> 122.6945 | O28: =O$35*(SUM(J28:N28)/SUM(J$35:N$35)) -> 122.30498 | P28: =P$35*(SUM(K28:O28)/SUM(K$35:O$35)) -> 125.7035 | Q28: =Q$35*(SUM(L28:P28)/SUM(L$35:P$35)) -> 124.07979 | R28: =R$35*(SUM(M28:Q28)/SUM(M$35:Q$35)) -> 123.60263 | S28: =S$35*(SUM(N28:R28)/SUM(N$35:R$35)) -> 123.67708 | ... V28: =V$35*(SUM(Q28:U28)/SUM(Q$35:U$35)) -> 123.88408
A29: July | B29: =monthly_data!$C10/1000 -> 176.765 | C29: =monthly_data!$C22/1000 -> 248.648 | D29: =monthly_data!$C34/1000 -> 272.9846 | E29: =monthly_data!$C46/1000 -> 260.05077 | F29: =monthly_data!$C58/1000 -> 135.786 | G29: =monthly_data!$C70/1000 -> 169.82724 | H29: =monthly_data!$C82/1000 -> 218.22008 | I29: =monthly_data!$C94/1000 -> 120.06485 | J29: =monthly_data!$C106/1000 -> 86.32724 | K29: =monthly_data!$C118/1000 -> 158.4002 | L29: =L$35*(SUM(G29:K29)/SUM(G$35:K$35)) -> 140.57832 | M29: =M$35*(SUM(H29:L29)/SUM(H$35:L$35)) -> 132.96996 | N29: =N$35*(SUM(I29:M29)/SUM(I$35:M$35)) -> 125.62746 | O29: =O$35*(SUM(J29:N29)/SUM(J$35:N$35)) -> 140.77777 | P29: =P$35*(SUM(K29:O29)/SUM(K$35:O$35)) -> 142.00669 | Q29: =Q$35*(SUM(L29:P29)/SUM(L$35:P$35)) -> 136.39204 | R29: =R$35*(SUM(M29:Q29)/SUM(M$35:Q$35)) -> 135.55478 | S29: =S$35*(SUM(N29:R29)/SUM(N$35:R$35)) -> 136.07175 | ... V29: =V$35*(SUM(Q29:U29)/SUM(Q$35:U$35)) -> 136.76327
A30: August | B30: =monthly_data!$C11/1000 -> 208.493 | C30: =monthly_data!$C23/1000 -> 285.386 | D30: =monthly_data!$C35/1000 -> 169.88349 | E30: =monthly_data!$C47/1000 -> 134.84991 | F30: =monthly_data!$C59/1000 -> 203.04758 | G30: =monthly_data!$C71/1000 -> 106.75503 | H30: =monthly_data!$C83/1000 -> 182.50921 | I30: =monthly_data!$C95/1000 -> 114.33424 | J30: =monthly_data!$C107/1000 -> 92.1563 | K30: =monthly_data!$C119/1000 -> 106.99236 | L30: =L$35*(SUM(G30:K30)/SUM(G$35:K$35)) -> 112.55144 | M30: =M$35*(SUM(H30:L30)/SUM(H$35:L$35)) -> 111.82843 | N30: =N$35*(SUM(I30:M30)/SUM(I$35:M$35)) -> 105.85311 | O30: =O$35*(SUM(J30:N30)/SUM(J$35:N$35)) -> 115.73971 | P30: =P$35*(SUM(K30:O30)/SUM(K$35:O$35)) -> 112.44264 | Q30: =Q$35*(SUM(L30:P30)/SUM(L$35:P$35)) -> 111.68306 | R30: =R$35*(SUM(M30:Q30)/SUM(M$35:Q$35)) -> 111.50939 | S30: =S$35*(SUM(N30:R30)/SUM(N$35:R$35)) -> 111.44558 | ... V30: =V$35*(SUM(Q30:U30)/SUM(Q$35:U$35)) -> 111.82621
A31: September | B31: =monthly_data!$C12/1000 -> 182.871 | C31: =monthly_data!$C24/1000 -> 292.54 | D31: =monthly_data!$C36/1000 -> 213.97121 | E31: =monthly_data!$C48/1000 -> 174.085 | F31: =monthly_data!$C60/1000 -> 208.47953 | G31: =monthly_data!$C72/1000 -> 105.94104 | H31: =monthly_data!$C84/1000 -> 170.614 | I31: =monthly_data!$C96/1000 -> 113.96335 | J31: =monthly_data!$C108/1000 -> 89.4295 | K31: =monthly_data!$C120/1000 -> 71.38227 | L31: =L$35*(SUM(G31:K31)/SUM(G$35:K$35)) -> 102.9503 | M31: =M$35*(SUM(H31:L31)/SUM(H$35:L$35)) -> 100.76507 | N31: =N$35*(SUM(I31:M31)/SUM(I$35:M$35)) -> 94.168455 | O31: =O$35*(SUM(J31:N31)/SUM(J$35:N$35)) -> 100.28549 | P31: =P$35*(SUM(K31:O31)/SUM(K$35:O$35)) -> 95.48094 | Q31: =Q$35*(SUM(L31:P31)/SUM(L$35:P$35)) -> 98.730053 | R31: =R$35*(SUM(M31:Q31)/SUM(M$35:Q$35)) -> 97.886003 | S31: =S$35*(SUM(N31:R31)/SUM(N$35:R$35)) -> 97.310189 | ... V31: =V$35*(SUM(Q31:U31)/SUM(Q$35:U$35)) -> 97.866785
A32: October | B32: =monthly_data!$C13/1000 -> 199.68 | C32: =monthly_data!$C25/1000 -> 294.1681 | D32: =monthly_data!$C37/1000 -> 293.09632 | E32: =monthly_data!$C49/1000 -> 132.45022 | F32: =monthly_data!$C61/1000 -> 172.33216 | G32: =monthly_data!$C73/1000 -> 12.28905 | H32: =monthly_data!$C85/1000 -> 147.626 | I32: =monthly_data!$C97/1000 -> 200.35537 | J32: =monthly_data!$C109/1000 -> 57.82921 | K32: =monthly_data!$C121/1000 -> 78.91523 | L32: =L$35*(SUM(G32:K32)/SUM(G$35:K$35)) -> 92.807967 | M32: =M$35*(SUM(H32:L32)/SUM(H$35:L$35)) -> 106.12995 | N32: =N$35*(SUM(I32:M32)/SUM(I$35:M$35)) -> 105.49393 | O32: =O$35*(SUM(J32:N32)/SUM(J$35:N$35)) -> 96.45521 | P32: =P$35*(SUM(K32:O32)/SUM(K$35:O$35)) -> 97.565366 | Q32: =Q$35*(SUM(L32:P32)/SUM(L$35:P$35)) -> 99.690484 | R32: =R$35*(SUM(M32:Q32)/SUM(M$35:Q$35)) -> 101.06699 | S32: =S$35*(SUM(N32:R32)/SUM(N$35:R$35)) -> 100.0544 | ... V32: =V$35*(SUM(Q32:U32)/SUM(Q$35:U$35)) -> 99.84942
A33: November | B33: =monthly_data!$C14/1000 -> 182.761 | C33: =monthly_data!$C26/1000 -> 280.9078 | D33: =monthly_data!$C38/1000 -> 302.61848 | E33: =monthly_data!$C50/1000 -> 259.63646 | F33: =monthly_data!$C62/1000 -> 163.01243 | G33: =monthly_data!$C74/1000 -> 28.31576 | H33: =monthly_data!$C86/1000 -> 99.923 | I33: =monthly_data!$C98/1000 -> 164.63745 | J33: =monthly_data!$C110/1000 -> 31.18284 | K33: =monthly_data!$C122/1000 -> 77.239 | L33: =L$35*(SUM(G33:K33)/SUM(G$35:K$35)) -> 74.934693 | M33: =M$35*(SUM(H33:L33)/SUM(H$35:L$35)) -> 82.31104 | N33: =N$35*(SUM(I33:M33)/SUM(I$35:M$35)) -> 84.6854 | O33: =O$35*(SUM(J33:N33)/SUM(J$35:N$35)) -> 76.598336 | P33: =P$35*(SUM(K33:O33)/SUM(K$35:O$35)) -> 80.477515 | Q33: =Q$35*(SUM(L33:P33)/SUM(L$35:P$35)) -> 79.801397 | R33: =R$35*(SUM(M33:Q33)/SUM(M$35:Q$35)) -> 80.774737 | S33: =S$35*(SUM(N33:R33)/SUM(N$35:R$35)) -> 80.467477 | ... V33: =V$35*(SUM(Q33:U33)/SUM(Q$35:U$35)) -> 80.179301
A34: December | B34: =monthly_data!$C15/1000 -> 79.804 | C34: =monthly_data!$C27/1000 -> 153.07555 | D34: =monthly_data!$C39/1000 -> 265.72776 | E34: =monthly_data!$C51/1000 -> 106.56405 | F34: =monthly_data!$C63/1000 -> 164.25643 | G34: =monthly_data!$C75/1000 -> 9.05843 | H34: =monthly_data!$C87/1000 -> 142.528 | I34: =monthly_data!$C99/1000 -> 98.82242 | J34: =monthly_data!$C111/1000 -> 21.62768 | K34: =monthly_data!$C123/1000 -> 83.734 | L34: =L35-SUM(L23:L33) -> 84.458657 | M34: =M35-SUM(M23:M33) -> 79.233685 | N34: =N35-SUM(N23:N33) -> 72.399256 | O34: =O35-SUM(O23:O33) -> 74.652579 | P34: =P35-SUM(P23:P33) -> 80.215141 | Q34: =Q35-SUM(Q23:Q33) -> 78.191864 | R34: =R35-SUM(R23:R33) -> 76.938505 | S34: =S35-SUM(S23:S33) -> 76.479469 | ... V34: =V35-SUM(V23:V33) -> 77.34589
A35: Total | B35: =SUM(B23:B34) -> 1810.657 | C35: =SUM(C23:C34) -> 2659.2754 | D35: =SUM(D23:D34) -> 2871.435 | E35: =SUM(E23:E34) -> 2428.9971 | F35: =SUM(F23:F34) -> 2147.2705 | G35: =SUM(G23:G34) -> 1157.3641 | H35: =SUM(H23:H34) -> 1723.6655 | I35: =SUM(I23:I34) -> 1909.6184 | ... K35: =SUM(K23:K34) -> 1162.6965 | L35: =L4 -> 1266.896 | M35: =M4 -> 1266.896 | N35: =N4 -> 1266.896 | O35: =O4 -> 1266.896 | P35: =P4 -> 1266.896 | Q35: =Q4 -> 1266.896 | R35: =R4 -> 1266.896 | S35: =S4 -> 1266.896 | ... V35: =V4 -> 1266.896
A37: BIODIESEL IMPORTS
A38: thousand tonnes | B38: =B2 -> 2015 | C38: =C2 -> 2016 | D38: =D2 -> 2017 | E38: =E2 -> 2018 | F38: =F2 -> 2019 | G38: =G2 -> 2020 | H38: =H2 -> 2021 | I38: =I2 -> 2022 | ... V38: =V2 -> 2035
A39: January | B39: =monthly_data!$H4/1000 -> 0 | C39: =monthly_data!$H16/1000 -> 0 | D39: =monthly_data!$H28/1000 -> 0 | E39: =monthly_data!$H40/1000 -> 0 | F39: =monthly_data!$H52/1000 -> 2e-06 | G39: =monthly_data!$H64/1000 -> 0 | H39: =monthly_data!$H76/1000 -> 0 | I39: =monthly_data!$H88/1000 -> 0 | J39: =monthly_data!$H100/1000 -> 0 | K39: =monthly_data!$H112/1000 -> 0.025665 | L39: =monthly_data!$H124/1000 -> 4e-06 | M39: =M$51*(SUM(H39:L39)/SUM(H$51:L$51)) -> 0.0036835644 | N39: =N$51*(SUM(I39:M39)/SUM(I$51:M$51)) -> 0.0038759296 | O39: =O$51*(SUM(J39:N39)/SUM(J$51:N$51)) -> 0.0040863299 | P39: =P$51*(SUM(K39:O39)/SUM(K$51:O$51)) -> 0.0068894273 | Q39: =Q$51*(SUM(L39:P39)/SUM(L$51:P$51)) -> 0.0042527418 | R39: =R$51*(SUM(M39:Q39)/SUM(M$51:Q$51)) -> 0.0051169171 | S39: =S$51*(SUM(N39:R39)/SUM(N$51:R$51)) -> 0.00572053 | T39: =T$51*(SUM(O39:S39)/SUM(O$51:S$51)) -> 0.0064101094 | ... V39: =V$51*(SUM(Q39:U39)/SUM(Q$51:U$51)) -> 0.0048677168
A40: February | B40: =monthly_data!H5/1000 -> 0 | C40: =monthly_data!$H17/1000 -> 0 | D40: =monthly_data!$H29/1000 -> 0 | E40: =monthly_data!$H41/1000 -> 3e-06 | F40: =monthly_data!$H53/1000 -> 0 | G40: =monthly_data!$H65/1000 -> 0 | H40: =monthly_data!$H77/1000 -> 0 | I40: =monthly_data!$H89/1000 -> 0 | J40: =monthly_data!$H101/1000 -> 0 | K40: =monthly_data!$H113/1000 -> 0 | L40: =L$51*(SUM(G40:K40)/SUM(G$51:K$51)) -> 0 | M40: =M$51*(SUM(H40:L40)/SUM(H$51:L$51)) -> 0 | N40: =N$51*(SUM(I40:M40)/SUM(I$51:M$51)) -> 0 | O40: =O$51*(SUM(J40:N40)/SUM(J$51:N$51)) -> 0 | P40: =P$51*(SUM(K40:O40)/SUM(K$51:O$51)) -> 0 | Q40: =Q$51*(SUM(L40:P40)/SUM(L$51:P$51)) -> 0 | R40: =R$51*(SUM(M40:Q40)/SUM(M$51:Q$51)) -> 0 | S40: =S$51*(SUM(N40:R40)/SUM(N$51:R$51)) -> 0 | ... V40: =V$51*(SUM(Q40:U40)/SUM(Q$51:U$51)) -> 0
A41: March | B41: =monthly_data!H6/1000 -> 0 | C41: =monthly_data!$H18/1000 -> 0 | D41: =monthly_data!$H30/1000 -> 0 | E41: =monthly_data!$H42/1000 -> 0 | F41: =monthly_data!$H54/1000 -> 0.000105 | G41: =monthly_data!$H66/1000 -> 0.00576 | H41: =monthly_data!$H78/1000 -> 0 | I41: =monthly_data!$H90/1000 -> 0 | J41: =monthly_data!$H102/1000 -> 0.04602 | K41: =monthly_data!$H114/1000 -> 6e-06 | L41: =L$51*(SUM(G41:K41)/SUM(G$51:K$51)) -> 0.0068772456 | M41: =M$51*(SUM(H41:L41)/SUM(H$51:L$51)) -> 0.0075917453 | N41: =N$51*(SUM(I41:M41)/SUM(I$51:M$51)) -> 0.0079882058 | O41: =O$51*(SUM(J41:N41)/SUM(J$51:N$51)) -> 0.0084218363 | P41: =P$51*(SUM(K41:O41)/SUM(K$51:O$51)) -> 0.0057022965 | Q41: =Q$51*(SUM(L41:P41)/SUM(L$51:P$51)) -> 0.0083914366 | R41: =R$51*(SUM(M41:Q41)/SUM(M$51:Q$51)) -> 0.0085541373 | S41: =S$51*(SUM(N41:R41)/SUM(N$51:R$51)) -> 0.009224589 | ... V41: =V$51*(SUM(Q41:U41)/SUM(Q$51:U$51)) -> 0.0079583662
A42: April | B42: =monthly_data!H7/1000 -> 0 | C42: =monthly_data!$H19/1000 -> 0 | D42: =monthly_data!$H31/1000 -> 0 | E42: =monthly_data!$H43/1000 -> 0 | F42: =monthly_data!$H55/1000 -> 0 | G42: =monthly_data!$H67/1000 -> 0.00576 | H42: =monthly_data!$H79/1000 -> 0 | I42: =monthly_data!$H91/1000 -> 0 | J42: =monthly_data!$H103/1000 -> 0 | K42: =monthly_data!$H115/1000 -> 0 | L42: =L$51*(SUM(G42:K42)/SUM(G$51:K$51)) -> 0.00076493521 | M42: =M$51*(SUM(H42:L42)/SUM(H$51:L$51)) -> 0.00010977008 | N42: =N$51*(SUM(I42:M42)/SUM(I$51:M$51)) -> 0.00011550255 | O42: =O$51*(SUM(J42:N42)/SUM(J$51:N$51)) -> 0.00012177248 | P42: =P$51*(SUM(K42:O42)/SUM(K$51:O$51)) -> 0.00020530467 | Q42: =Q$51*(SUM(L42:P42)/SUM(L$51:P$51)) -> 0.00030217364 | R42: =R$51*(SUM(M42:Q42)/SUM(M$51:Q$51)) -> 0.00019187848 | S42: =S$51*(SUM(N42:R42)/SUM(N$51:R$51)) -> 0.00022121109 | ... V42: =V$51*(SUM(Q42:U42)/SUM(Q$51:U$51)) -> 0.00021616954
A43: May | B43: =monthly_data!H8/1000 -> 0 | C43: =monthly_data!$H20/1000 -> 0 | D43: =monthly_data!$H32/1000 -> 0 | E43: =monthly_data!$H44/1000 -> 0 | F43: =monthly_data!$H56/1000 -> 0 | G43: =monthly_data!$H68/1000 -> 0 | H43: =monthly_data!$H80/1000 -> 0 | I43: =monthly_data!$H92/1000 -> 0 | J43: =monthly_data!$H104/1000 -> 0.003 | K43: =monthly_data!$H116/1000 -> 0.009735 | L43: =L$51*(SUM(G43:K43)/SUM(G$51:K$51)) -> 0.0016912239 | M43: =M$51*(SUM(H43:L43)/SUM(H$51:L$51)) -> 0.0020701985 | N43: =N$51*(SUM(I43:M43)/SUM(I$51:M$51)) -> 0.0021783096 | O43: =O$51*(SUM(J43:N43)/SUM(J$51:N$51)) -> 0.0022965566 | P43: =P$51*(SUM(K43:O43)/SUM(K$51:O$51)) -> 0.0033180349 | Q43: =Q$51*(SUM(L43:P43)/SUM(L$51:P$51)) -> 0.0026504606 | R43: =R$51*(SUM(M43:Q43)/SUM(M$51:Q$51)) -> 0.0028098503 | S43: =S$51*(SUM(N43:R43)/SUM(N$51:R$51)) -> 0.0031301067 | ... V43: =V$51*(SUM(Q43:U43)/SUM(Q$51:U$51)) -> 0.0027159132
A44: June | B44: =monthly_data!H9/1000 -> 0 | C44: =monthly_data!$H21/1000 -> 0 | D44: =monthly_data!$H33/1000 -> 0 | E44: =monthly_data!$H45/1000 -> 0 | F44: =monthly_data!$H57/1000 -> 0.01872 | G44: =monthly_data!$H69/1000 -> 0 | H44: =monthly_data!$H81/1000 -> 0 | I44: =monthly_data!$H93/1000 -> 0 | J44: =monthly_data!$H105/1000 -> 0 | K44: =monthly_data!$H117/1000 -> 4e-06 | L44: =L$51*(SUM(G44:K44)/SUM(G$51:K$51)) -> 5.3120501e-07 | M44: =M$51*(SUM(H44:L44)/SUM(H$51:L$51)) -> 6.5023902e-07 | N44: =N$51*(SUM(I44:M44)/SUM(I$51:M$51)) -> 6.8419617e-07 | O44: =O$51*(SUM(J44:N44)/SUM(J$51:N$51)) -> 7.2133697e-07 | P44: =P$51*(SUM(K44:O44)/SUM(K$51:O$51)) -> 1.2161521e-06 | Q44: =Q$51*(SUM(L44:P44)/SUM(L$51:P$51)) -> 8.7240453e-07 | R44: =R$51*(SUM(M44:Q44)/SUM(M$51:Q$51)) -> 9.3058598e-07 | S44: =S$51*(SUM(N44:R44)/SUM(N$51:R$51)) -> 1.0450076e-06 | ... V44: =V$51*(SUM(Q44:U44)/SUM(Q$51:U$51)) -> 9.0859604e-07
A45: July | B45: =monthly_data!H10/1000 -> 0 | C45: =monthly_data!$H22/1000 -> 0 | D45: =monthly_data!$H34/1000 -> 0 | E45: =monthly_data!$H46/1000 -> 0 | F45: =monthly_data!$H58/1000 -> 0 | G45: =monthly_data!$H70/1000 -> 0 | H45: =monthly_data!$H82/1000 -> 0 | I45: =monthly_data!$H94/1000 -> 0 | J45: =monthly_data!$H106/1000 -> 0.00256 | K45: =monthly_data!$H118/1000 -> 0 | L45: =L$51*(SUM(G45:K45)/SUM(G$51:K$51)) -> 0.00033997121 | M45: =M$51*(SUM(H45:L45)/SUM(H$51:L$51)) -> 0.00041615297 | N45: =N$51*(SUM(I45:M45)/SUM(I$51:M$51)) -> 0.00043788555 | O45: =O$51*(SUM(J45:N45)/SUM(J$51:N$51)) -> 0.00046165566 | P45: =P$51*(SUM(K45:O45)/SUM(K$51:O$51)) -> 0.00030568512 | Q45: =Q$51*(SUM(L45:P45)/SUM(L$51:P$51)) -> 0.00044991662 | R45: =R$51*(SUM(M45:Q45)/SUM(M$51:Q$51)) -> 0.00046509798 | S45: =S$51*(SUM(N45:R45)/SUM(N$51:R$51)) -> 0.0005007526 | ... V45: =V$51*(SUM(Q45:U45)/SUM(Q$51:U$51)) -> 0.000430607
A46: August | B46: =monthly_data!H11/1000 -> 0 | C46: =monthly_data!$H23/1000 -> 0 | D46: =monthly_data!$H35/1000 -> 0 | E46: =monthly_data!$H47/1000 -> 0 | F46: =monthly_data!$H59/1000 -> 0 | G46: =monthly_data!$H71/1000 -> 0 | H46: =monthly_data!$H83/1000 -> 0 | I46: =monthly_data!$H95/1000 -> 0 | J46: =monthly_data!$H107/1000 -> 0 | K46: =monthly_data!$H119/1000 -> 0 | L46: =L$51*(SUM(G46:K46)/SUM(G$51:K$51)) -> 0 | M46: =M$51*(SUM(H46:L46)/SUM(H$51:L$51)) -> 0 | N46: =N$51*(SUM(I46:M46)/SUM(I$51:M$51)) -> 0 | O46: =O$51*(SUM(J46:N46)/SUM(J$51:N$51)) -> 0 | P46: =P$51*(SUM(K46:O46)/SUM(K$51:O$51)) -> 0 | Q46: =Q$51*(SUM(L46:P46)/SUM(L$51:P$51)) -> 0 | R46: =R$51*(SUM(M46:Q46)/SUM(M$51:Q$51)) -> 0 | S46: =S$51*(SUM(N46:R46)/SUM(N$51:R$51)) -> 0 | ... V46: =V$51*(SUM(Q46:U46)/SUM(Q$51:U$51)) -> 0
A47: September | B47: =monthly_data!H12/1000 -> 0 | C47: =monthly_data!$H24/1000 -> 0 | D47: =monthly_data!$H36/1000 -> 0 | E47: =monthly_data!$H48/1000 -> 0 | F47: =monthly_data!$H60/1000 -> 0 | G47: =monthly_data!$H72/1000 -> 0 | H47: =monthly_data!$H84/1000 -> 0 | I47: =monthly_data!$H96/1000 -> 2e-06 | J47: =monthly_data!$H108/1000 -> 0 | K47: =monthly_data!$H120/1000 -> 0.00177 | L47: =L$51*(SUM(G47:K47)/SUM(G$51:K$51)) -> 0.00023532382 | M47: =M$51*(SUM(H47:L47)/SUM(H$51:L$51)) -> 0.00028805588 | N47: =N$51*(SUM(I47:M47)/SUM(I$51:M$51)) -> 0.0003030989 | O47: =O$51*(SUM(J47:N47)/SUM(J$51:N$51)) -> 0.00031930633 | P47: =P$51*(SUM(K47:O47)/SUM(K$51:O$51)) -> 0.0005383407 | Q47: =Q$51*(SUM(L47:P47)/SUM(L$51:P$51)) -> 0.00038632367 | R47: =R$51*(SUM(M47:Q47)/SUM(M$51:Q$51)) -> 0.00041206722 | S47: =S$51*(SUM(N47:R47)/SUM(N$51:R$51)) -> 0.00046270348 | ... V47: =V$51*(SUM(Q47:U47)/SUM(Q$51:U$51)) -> 0.00040230596
A48: October | B48: =monthly_data!H13/1000 -> 4e-06 | C48: =monthly_data!$H25/1000 -> 0 | D48: =monthly_data!$H37/1000 -> 0 | E48: =monthly_data!$H49/1000 -> 0 | F48: =monthly_data!$H61/1000 -> 0 | G48: =monthly_data!$H73/1000 -> 0 | H48: =monthly_data!$H85/1000 -> 0 | I48: =monthly_data!$H97/1000 -> 4e-06 | J48: =monthly_data!$H109/1000 -> 0 | K48: =monthly_data!$H121/1000 -> 0 | L48: =L$51*(SUM(G48:K48)/SUM(G$51:K$51)) -> 5.3120501e-07 | M48: =M$51*(SUM(H48:L48)/SUM(H$51:L$51)) -> 6.5023902e-07 | N48: =N$51*(SUM(I48:M48)/SUM(I$51:M$51)) -> 6.8419617e-07 | O48: =O$51*(SUM(J48:N48)/SUM(J$51:N$51)) -> 2.2943024e-07 | P48: =P$51*(SUM(K48:O48)/SUM(K$51:O$51)) -> 3.8681237e-07 | Q48: =Q$51*(SUM(L48:P48)/SUM(L$51:P$51)) -> 5.6932217e-07 | R48: =R$51*(SUM(M48:Q48)/SUM(M$51:Q$51)) -> 5.6585198e-07 | S48: =S$51*(SUM(N48:R48)/SUM(N$51:R$51)) -> 5.7523628e-07 | ... V48: =V$51*(SUM(Q48:U48)/SUM(Q$51:U$51)) -> 5.0442504e-07
A49: November | B49: =monthly_data!H14/1000 -> 0 | C49: =monthly_data!$H26/1000 -> 0 | D49: =monthly_data!$H38/1000 -> 0.007065 | E49: =monthly_data!$H50/1000 -> 0 | F49: =monthly_data!$H62/1000 -> 0 | G49: =monthly_data!$H74/1000 -> 0 | H49: =monthly_data!$H86/1000 -> 0 | I49: =monthly_data!$H98/1000 -> 0 | J49: =monthly_data!$H110/1000 -> 0 | K49: =monthly_data!$H122/1000 -> 0 | L49: =L$51*(SUM(G49:K49)/SUM(G$51:K$51)) -> 0 | M49: =M$51*(SUM(H49:L49)/SUM(H$51:L$51)) -> 0 | N49: =N$51*(SUM(I49:M49)/SUM(I$51:M$51)) -> 0 | O49: =O$51*(SUM(J49:N49)/SUM(J$51:N$51)) -> 0 | P49: =P$51*(SUM(K49:O49)/SUM(K$51:O$51)) -> 0 | Q49: =Q$51*(SUM(L49:P49)/SUM(L$51:P$51)) -> 0 | R49: =R$51*(SUM(M49:Q49)/SUM(M$51:Q$51)) -> 0 | S49: =S$51*(SUM(N49:R49)/SUM(N$51:R$51)) -> 0 | ... V49: =V$51*(SUM(Q49:U49)/SUM(Q$51:U$51)) -> 0
A50: December | B50: =monthly_data!H15/1000 -> 0 | C50: =monthly_data!$H27/1000 -> 0.007 | D50: =monthly_data!$H39/1000 -> 0 | E50: =monthly_data!$H51/1000 -> 0 | F50: =monthly_data!$H63/1000 -> 0 | G50: =monthly_data!$H75/1000 -> 0 | H50: =monthly_data!$H87/1000 -> 0 | I50: =monthly_data!$H99/1000 -> 8e-06 | J50: =monthly_data!$H111/1000 -> 0 | K50: =monthly_data!$H123/1000 -> 4e-06 | L50: =L51-SUM(L39:L49) -> 0.0034059378 | M50: =M51-SUM(M39:M49) -> 0.00049048244 | N50: =N51-SUM(N39:N49) -> 0.00051609669 | O50: =O51-SUM(O39:O49) -> 0.00054312859 | P50: =P51-SUM(P39:P49) -> 0.0009156982 | Q50: =Q51-SUM(Q39:Q49) -> 0.0013468348 | R50: =R51-SUM(R39:R49) -> 0.00085601746 | S50: =S51-SUM(S39:S49) -> 0.00098669545 | ... V50: =V51-SUM(V39:V49) -> 0.00096397996
A51: Total | B51: =SUM(B39:B50) -> 4e-06 | C51: =SUM(C39:C50) -> 0.007 | D51: =SUM(D39:D50) -> 0.007065 | E51: =SUM(E39:E50) -> 3e-06 | F51: =SUM(F39:F50) -> 0.018827 | G51: =SUM(G39:G50) -> 0.01152 | H51: =SUM(H39:H50) -> 0 | I51: =SUM(I39:I50) -> 1.4e-05 | ... K51: =SUM(K39:K50) -> 0.037184 | L51: =L5 -> 0.0133197 | M51: =M5 -> 0.01465127 | N51: =N5 -> 0.015416397 | O51: =O5 -> 0.016251537 | P51: =P5 -> 0.01787639 | Q51: =Q5 -> 0.017781329 | R51: =R5 -> 0.018407462 | S51: =S5 -> 0.020248209 | ... V51: =V5 -> 0.017556472
A53: BIODIESEL EXPORTS
A54: thousand tonnes | B54: =B2 -> 2015 | C54: =C2 -> 2016 | D54: =D2 -> 2017 | E54: =E2 -> 2018 | F54: =F2 -> 2019 | G54: =G2 -> 2020 | H54: =H2 -> 2021 | I54: =I2 -> 2022 | ... V54: =V2 -> 2035
A55: January | B55: =monthly_data!$G4/1000 -> 25.25 | C55: =monthly_data!$G16/1000 -> 64.8 | D55: =monthly_data!$G28/1000 -> 68.35 | E55: =monthly_data!$G40/1000 -> 213.90923 | F55: =monthly_data!$G52/1000 -> 0 | G55: =monthly_data!$G64/1000 -> 30.31267 | H55: =monthly_data!$G76/1000 -> 58.5 | I55: =monthly_data!$G88/1000 -> 140.8705 | J55: =monthly_data!$G100/1000 -> 30 | K55: =monthly_data!$G112/1000 -> 0 | L55: =monthly_data!$G124/1000 -> 0 | M55: =M$67*(SUM(H55:L55)/SUM(H$67:L$67)) -> 31.157597 | N55: =N$67*(SUM(I55:M55)/SUM(I$67:M$67)) -> 26.892148 | O55: =O$67*(SUM(J55:N55)/SUM(J$67:N$67)) -> 11.1421 | P55: =P$67*(SUM(K55:O55)/SUM(K$67:O$67)) -> 4.7673189 | Q55: =Q$67*(SUM(L55:P55)/SUM(L$67:P$67)) -> 10.812501 | R55: =R$67*(SUM(M55:Q55)/SUM(M$67:Q$67)) -> 11.890178 | S55: =S$67*(SUM(N55:R55)/SUM(N$67:R$67)) -> 5.5659232 | T55: =T$67*(SUM(O55:S55)/SUM(O$67:S$67)) -> 13.661777 | ... V55: =V$67*(SUM(Q55:U55)/SUM(Q$67:U$67)) -> 13.785842
A56: February | B56: =monthly_data!$G5/1000 -> 32.75 | C56: =monthly_data!$G17/1000 -> 22.4 | D56: =monthly_data!$G29/1000 -> 69.4 | E56: =monthly_data!$G41/1000 -> 40 | F56: =monthly_data!$G53/1000 -> 0 | G56: =monthly_data!$G65/1000 -> 43 | H56: =monthly_data!$G77/1000 -> 90 | I56: =monthly_data!$G89/1000 -> 175.224 | J56: =monthly_data!$G101/1000 -> 0 | K56: =monthly_data!$G113/1000 -> 0 | L56: =L$67*(SUM(G56:K56)/SUM(G$67:K$67)) -> 34.75319 | M56: =M$67*(SUM(H56:L56)/SUM(H$67:L$67)) -> 40.748782 | N56: =N$67*(SUM(I56:M56)/SUM(I$67:M$67)) -> 33.374367 | O56: =O$67*(SUM(J56:N56)/SUM(J$67:N$67)) -> 13.777564 | P56: =P$67*(SUM(K56:O56)/SUM(K$67:O$67)) -> 8.4508554 | Q56: =Q$67*(SUM(L56:P56)/SUM(L$67:P$67)) -> 19.166934 | R56: =R$67*(SUM(M56:Q56)/SUM(M$67:Q$67)) -> 16.202768 | S56: =S$67*(SUM(N56:R56)/SUM(N$67:R$67)) -> 7.7299704 | ... V56: =V$67*(SUM(Q56:U56)/SUM(Q$67:U$67)) -> 20.904268
A57: March | B57: =monthly_data!$G6/1000 -> 37.805 | C57: =monthly_data!$G18/1000 -> 98.28 | D57: =monthly_data!$G30/1000 -> 43 | E57: =monthly_data!$G42/1000 -> 65.2 | F57: =monthly_data!$G54/1000 -> 60 | G57: =monthly_data!$G66/1000 -> 166.67721 | H57: =monthly_data!$G78/1000 -> 118.88358 | I57: =monthly_data!$G90/1000 -> 127.60119 | J57: =monthly_data!$G102/1000 -> 0 | K57: =monthly_data!$G114/1000 -> 0 | L57: =L$67*(SUM(G57:K57)/SUM(G$67:K$67)) -> 46.585266 | M57: =M$67*(SUM(H57:L57)/SUM(H$67:L$67)) -> 39.810517 | N57: =N$67*(SUM(I57:M57)/SUM(I$67:M$67)) -> 28.485336 | O57: =O$67*(SUM(J57:N57)/SUM(J$67:N$67)) -> 14.537428 | P57: =P$67*(SUM(K57:O57)/SUM(K$67:O$67)) -> 8.9169394 | Q57: =Q$67*(SUM(L57:P57)/SUM(L$67:P$67)) -> 20.224034 | R57: =R$67*(SUM(M57:Q57)/SUM(M$67:Q$67)) -> 15.705647 | S57: =S$67*(SUM(N57:R57)/SUM(N$67:R$67)) -> 7.4662984 | ... V57: =V$67*(SUM(Q57:U57)/SUM(Q$67:U$67)) -> 21.184229
A58: April | B58: =monthly_data!$G7/1000 -> 12.17 | C58: =monthly_data!$G19/1000 -> 78.465 | D58: =monthly_data!$G31/1000 -> 167.6 | E58: =monthly_data!$G43/1000 -> 120 | F58: =monthly_data!$G55/1000 -> 166.02167 | G58: =monthly_data!$G67/1000 -> 27.784 | H58: =monthly_data!$G79/1000 -> 0 | I58: =monthly_data!$G91/1000 -> 139.64 | J58: =monthly_data!$G103/1000 -> 90 | K58: =monthly_data!$G115/1000 -> 60.78699 | L58: =L$67*(SUM(G58:K58)/SUM(G$67:K$67)) -> 35.879254 | M58: =M$67*(SUM(H58:L58)/SUM(H$67:L$67)) -> 44.32531 | N58: =N$67*(SUM(I58:M58)/SUM(I$67:M$67)) -> 49.33511 | O58: =O$67*(SUM(J58:N58)/SUM(J$67:N$67)) -> 35.473443 | P58: =P$67*(SUM(K58:O58)/SUM(K$67:O$67)) -> 15.55763 | Q58: =Q$67*(SUM(L58:P58)/SUM(L$67:P$67)) -> 26.398642 | R58: =R$67*(SUM(M58:Q58)/SUM(M$67:Q$67)) -> 23.997314 | S58: =S$67*(SUM(N58:R58)/SUM(N$67:R$67)) -> 12.810322 | ... V58: =V$67*(SUM(Q58:U58)/SUM(Q$67:U$67)) -> 32.714946
A59: May | B59: =monthly_data!$G8/1000 -> 35.375 | C59: =monthly_data!$G20/1000 -> 151.5 | D59: =monthly_data!$G32/1000 -> 223.95344 | E59: =monthly_data!$G44/1000 -> 183.67 | F59: =monthly_data!$G56/1000 -> 190.49834 | G59: =monthly_data!$G68/1000 -> 0 | H59: =monthly_data!$G80/1000 -> 141.79253 | I59: =monthly_data!$G92/1000 -> 143.294 | J59: =monthly_data!$G104/1000 -> 10 | K59: =monthly_data!$G116/1000 -> 74.58965 | L59: =L$67*(SUM(G59:K59)/SUM(G$67:K$67)) -> 41.68211 | M59: =M$67*(SUM(H59:L59)/SUM(H$67:L$67)) -> 55.878746 | N59: =N$67*(SUM(I59:M59)/SUM(I$67:M$67)) -> 43.32022 | O59: =O$67*(SUM(J59:N59)/SUM(J$67:N$67)) -> 28.531795 | P59: =P$67*(SUM(K59:O59)/SUM(K$67:O$67)) -> 16.811777 | Q59: =Q$67*(SUM(L59:P59)/SUM(L$67:P$67)) -> 27.225217 | R59: =R$67*(SUM(M59:Q59)/SUM(M$67:Q$67)) -> 24.092358 | S59: =S$67*(SUM(N59:R59)/SUM(N$67:R$67)) -> 11.894275 | ... V59: =V$67*(SUM(Q59:U59)/SUM(Q$67:U$67)) -> 32.245597
A60: June | B60: =monthly_data!$G9/1000 -> 93.2 | C60: =monthly_data!$G21/1000 -> 174.25 | D60: =monthly_data!$G33/1000 -> 169.182 | E60: =monthly_data!$G45/1000 -> 175.33 | F60: =monthly_data!$G57/1000 -> 78.5 | G60: =monthly_data!$G69/1000 -> 0 | H60: =monthly_data!$G81/1000 -> 169.28947 | I60: =monthly_data!$G93/1000 -> 146.89025 | J60: =monthly_data!$G105/1000 -> 0 | K60: =monthly_data!$G117/1000 -> 30.3 | L60: =L$67*(SUM(G60:K60)/SUM(G$67:K$67)) -> 39.066639 | M60: =M$67*(SUM(H60:L60)/SUM(H$67:L$67)) -> 52.372464 | N60: =N$67*(SUM(I60:M60)/SUM(I$67:M$67)) -> 35.757503 | O60: =O$67*(SUM(J60:N60)/SUM(J$67:N$67)) -> 19.93013 | P60: =P$67*(SUM(K60:O60)/SUM(K$67:O$67)) -> 12.224704 | Q60: =Q$67*(SUM(L60:P60)/SUM(L$67:P$67)) -> 23.296473 | R60: =R$67*(SUM(M60:Q60)/SUM(M$67:Q$67)) -> 20.138887 | S60: =S$67*(SUM(N60:R60)/SUM(N$67:R$67)) -> 9.4612603 | ... V60: =V$67*(SUM(Q60:U60)/SUM(Q$67:U$67)) -> 26.274768
A61: July | B61: =monthly_data!$G10/1000 -> 81.8 | C61: =monthly_data!$G22/1000 -> 160.14 | D61: =monthly_data!$G34/1000 -> 205.86 | E61: =monthly_data!$G46/1000 -> 246.26161 | F61: =monthly_data!$G58/1000 -> 71.5 | G61: =monthly_data!$G70/1000 -> 119.431 | H61: =monthly_data!$G82/1000 -> 210.528 | I61: =monthly_data!$G94/1000 -> 11.76 | J61: =monthly_data!$G106/1000 -> 20 | K61: =monthly_data!$G118/1000 -> 102.67 | L61: =L$67*(SUM(G61:K61)/SUM(G$67:K$67)) -> 52.361268 | M61: =M$67*(SUM(H61:L61)/SUM(H$67:L$67)) -> 53.971691 | N61: =N$67*(SUM(I61:M61)/SUM(I$67:M$67)) -> 32.048181 | O61: =O$67*(SUM(J61:N61)/SUM(J$67:N$67)) -> 33.034256 | P61: =P$67*(SUM(K61:O61)/SUM(K$67:O$67)) -> 18.884487 | Q61: =Q$67*(SUM(L61:P61)/SUM(L$67:P$67)) -> 27.820998 | R61: =R$67*(SUM(M61:Q61)/SUM(M$67:Q$67)) -> 23.249648 | S61: =S$67*(SUM(N61:R61)/SUM(N$67:R$67)) -> 11.474199 | ... V61: =V$67*(SUM(Q61:U61)/SUM(Q$67:U$67)) -> 32.769252
A62: August | B62: =monthly_data!$G11/1000 -> 83.8 | C62: =monthly_data!$G23/1000 -> 179.878 | D62: =monthly_data!$G35/1000 -> 104.98284 | E62: =monthly_data!$G47/1000 -> 44.59035 | F62: =monthly_data!$G59/1000 -> 60 | G62: =monthly_data!$G71/1000 -> 74.24352 | H62: =monthly_data!$G83/1000 -> 146.795 | I62: =monthly_data!$G95/1000 -> 14.7 | J62: =monthly_data!$G107/1000 -> 50 | K62: =monthly_data!$G119/1000 -> 26.57334 | L62: =L$67*(SUM(G62:K62)/SUM(G$67:K$67)) -> 35.214109 | M62: =M$67*(SUM(H62:L62)/SUM(H$67:L$67)) -> 37.122579 | N62: =N$67*(SUM(I62:M62)/SUM(I$67:M$67)) -> 21.778283 | O62: =O$67*(SUM(J62:N62)/SUM(J$67:N$67)) -> 21.599451 | P62: =P$67*(SUM(K62:O62)/SUM(K$67:O$67)) -> 9.8036285 | Q62: =Q$67*(SUM(L62:P62)/SUM(L$67:P$67)) -> 18.350182 | R62: =R$67*(SUM(M62:Q62)/SUM(M$67:Q$67)) -> 15.239962 | S62: =S$67*(SUM(N62:R62)/SUM(N$67:R$67)) -> 7.3730111 | ... V62: =V$67*(SUM(Q62:U62)/SUM(Q$67:U$67)) -> 21.016231
A63: September | B63: =monthly_data!$G12/1000 -> 94.805 | C63: =monthly_data!$G24/1000 -> 167.242 | D63: =monthly_data!$G36/1000 -> 42 | E63: =monthly_data!$G48/1000 -> 50.48227 | F63: =monthly_data!$G60/1000 -> 179.81682 | G63: =monthly_data!$G72/1000 -> 135.75648 | H63: =monthly_data!$G84/1000 -> 93.752 | I63: =monthly_data!$G96/1000 -> 0.20889 | J63: =monthly_data!$G108/1000 -> 39.082 | K63: =monthly_data!$G120/1000 -> 27.818 | L63: =L$67*(SUM(G63:K63)/SUM(G$67:K$67)) -> 33.444508 | M63: =M$67*(SUM(H63:L63)/SUM(H$67:L$67)) -> 26.394368 | N63: =N$67*(SUM(I63:M63)/SUM(I$67:M$67)) -> 16.898135 | O63: =O$67*(SUM(J63:N63)/SUM(J$67:N$67)) -> 18.176292 | P63: =P$67*(SUM(K63:O63)/SUM(K$67:O$67)) -> 8.4561882 | Q63: =Q$67*(SUM(L63:P63)/SUM(L$67:P$67)) -> 15.112161 | R63: =R$67*(SUM(M63:Q63)/SUM(M$67:Q$67)) -> 11.927415 | S63: =S$67*(SUM(N63:R63)/SUM(N$67:R$67)) -> 5.9963786 | ... V63: =V$67*(SUM(Q63:U63)/SUM(Q$67:U$67)) -> 17.118931
A64: October | B64: =monthly_data!$G13/1000 -> 103.3 | C64: =monthly_data!$G25/1000 -> 252.79709 | D64: =monthly_data!$G37/1000 -> 200 | E64: =monthly_data!$G49/1000 -> 39.55973 | F64: =monthly_data!$G61/1000 -> 0 | G64: =monthly_data!$G73/1000 -> 0 | H64: =monthly_data!$G85/1000 -> 170.029 | I64: =monthly_data!$G97/1000 -> 119.4685 | J64: =monthly_data!$G109/1000 -> 21.518 | K64: =monthly_data!$G121/1000 -> 0 | L64: =L$67*(SUM(G64:K64)/SUM(G$67:K$67)) -> 35.067941 | M64: =M$67*(SUM(H64:L64)/SUM(H$67:L$67)) -> 47.011837 | N64: =N$67*(SUM(I64:M64)/SUM(I$67:M$67)) -> 29.692559 | O64: =O$67*(SUM(J64:N64)/SUM(J$67:N$67)) -> 16.86699 | P64: =P$67*(SUM(K64:O64)/SUM(K$67:O$67)) -> 8.8632511 | Q64: =Q$67*(SUM(L64:P64)/SUM(L$67:P$67)) -> 20.102266 | R64: =R$67*(SUM(M64:Q64)/SUM(M$67:Q$67)) -> 17.187178 | S64: =S$67*(SUM(N64:R64)/SUM(N$67:R$67)) -> 7.8777982 | ... V64: =V$67*(SUM(Q64:U64)/SUM(Q$67:U$67)) -> 22.148943
A65: November | B65: =monthly_data!$G14/1000 -> 126.646 | C65: =monthly_data!$G26/1000 -> 185.8056 | D65: =monthly_data!$G38/1000 -> 185 | E65: =monthly_data!$G50/1000 -> 146 | F65: =monthly_data!$G62/1000 -> 60 | G65: =monthly_data!$G74/1000 -> 0 | H65: =monthly_data!$G86/1000 -> 25 | I65: =monthly_data!$G98/1000 -> 157.44402 | J65: =monthly_data!$G110/1000 -> 24 | K65: =monthly_data!$G122/1000 -> 30.6 | L65: =L$67*(SUM(G65:K65)/SUM(G$67:K$67)) -> 26.727432 | M65: =M$67*(SUM(H65:L65)/SUM(H$67:L$67)) -> 35.830609 | N65: =N$67*(SUM(I65:M65)/SUM(I$67:M$67)) -> 36.552535 | O65: =O$67*(SUM(J65:N65)/SUM(J$67:N$67)) -> 19.451034 | P65: =P$67*(SUM(K65:O65)/SUM(K$67:O$67)) -> 10.277237 | Q65: =Q$67*(SUM(L65:P65)/SUM(L$67:P$67)) -> 18.835667 | R65: =R$67*(SUM(M65:Q65)/SUM(M$67:Q$67)) -> 16.964187 | S65: =S$67*(SUM(N65:R65)/SUM(N$67:R$67)) -> 8.6738364 | ... V65: =V$67*(SUM(Q65:U65)/SUM(Q$67:U$67)) -> 22.357795
A66: December | B66: =monthly_data!$G15/1000 -> 61.325 | C66: =monthly_data!$G27/1000 -> 90.706 | D66: =monthly_data!$G39/1000 -> 170.79077 | E66: =monthly_data!$G51/1000 -> 76.31367 | F66: =monthly_data!$G63/1000 -> 148.66999 | G66: =monthly_data!$G75/1000 -> 0 | H66: =monthly_data!$G87/1000 -> 45 | I66: =monthly_data!$G99/1000 -> 59.3085 | J66: =monthly_data!$G111/1000 -> 0 | K66: =monthly_data!$G123/1000 -> 30 | L66: =L67-SUM(L55:L65) -> 44.423755 | M66: =M67-SUM(M55:M65) -> 24.278918 | N66: =N67-SUM(N55:N65) -> 21.033014 | O66: =O67-SUM(O55:O65) -> 15.151741 | P66: =P67-SUM(P55:P65) -> 9.2937454 | Q66: =Q67-SUM(Q55:Q65) -> 16.692781 | R66: =R67-SUM(R55:R65) -> 12.125612 | S66: =S67-SUM(S55:S65) -> 6.3130381 | ... V66: =V67-SUM(V55:V65) -> 17.842738
A67: Total | B67: =SUM(B55:B66) -> 788.226 | C67: =SUM(C55:C66) -> 1626.2637 | D67: =SUM(D55:D66) -> 1650.1191 | E67: =SUM(E55:E66) -> 1401.3169 | F67: =SUM(F55:F66) -> 1015.0068 | G67: =SUM(G55:G66) -> 597.20488 | H67: =SUM(H55:H66) -> 1269.5696 | I67: =SUM(I55:I66) -> 1236.4099 | ... K67: =SUM(K55:K66) -> 383.33798 | L67: =L8 -> 425.20547 | M67: =M8 -> 488.90342 | N67: =N8 -> 375.16739 | O67: =O8 -> 247.67223 | P67: =P8 -> 132.30776 | Q67: =Q8 -> 244.03786 | R67: =R8 -> 208.72115 | S67: =S8 -> 102.63631 | ... V67: =V8 -> 280.36354
A69: BIODIESEL CONSUMPTION
A70: thousand tonnes | B70: =B2 -> 2015 | C70: =C2 -> 2016 | D70: =D2 -> 2017 | E70: =E2 -> 2018 | F70: =F2 -> 2019 | G70: =G2 -> 2020 | H70: =H2 -> 2021 | I70: =I2 -> 2022 | ... V70: =V2 -> 2035
A71: January | B71: =(monthly_data!$F4)/1000 -> 87.284 | C71: =(monthly_data!$F16)/1000 -> 38.921 | D71: =(monthly_data!$F28)/1000 -> 100.13866 | E71: =(monthly_data!$F40)/1000 -> 82.5413 | F71: =(monthly_data!$F52)/1000 -> 85.14657 | G71: =(monthly_data!$F64)/1000 -> 51.696487 | H71: =(monthly_data!$F76)/1000 -> 22.65109 | I71: =(monthly_data!$F88)/1000 -> 44.855346 | J71: =(monthly_data!$F100)/1000 -> 55.156439 | K71: =(monthly_data!$F112)/1000 -> 69.895375 | L71: =(monthly_data!$F124)/1000 -> 65.857 | M71: =M$83*(SUM(H71:L71)/SUM(H$83:L$83)) -> 63.789347 | N71: =N$83*(SUM(I71:M71)/SUM(I$83:M$83)) -> 64.602324 | O71: =O$83*(SUM(J71:N71)/SUM(J$83:N$83)) -> 64.134369 | P71: =P$83*(SUM(K71:O71)/SUM(K$83:O$83)) -> 60.265157 | Q71: =Q$83*(SUM(L71:P71)/SUM(L$83:P$83)) -> 55.872132 | R71: =R$83*(SUM(M71:Q71)/SUM(M$83:Q$83)) -> 57.787957 | S71: =S$83*(SUM(N71:R71)/SUM(N$83:R$83)) -> 60.58777 | T71: =T$83*(SUM(O71:S71)/SUM(O$83:S$83)) -> 61.046968 | ... V71: =V$83*(SUM(Q71:U71)/SUM(Q$83:U$83)) -> 61.911034
A72: February | B72: =(monthly_data!$F5)/1000 -> 84.192 | C72: =(monthly_data!$F17)/1000 -> 74.374 | D72: =(monthly_data!$F29)/1000 -> 89.05365 | E72: =(monthly_data!$F41)/1000 -> 83.86848 | F72: =(monthly_data!$F53)/1000 -> 78.13606 | G72: =(monthly_data!$F65)/1000 -> 67.289854 | H72: =(monthly_data!$F77)/1000 -> 43.88774 | I72: =(monthly_data!$F89)/1000 -> 35.840687 | J72: =(monthly_data!$F101)/1000 -> 46.069049 | K72: =(monthly_data!$F113)/1000 -> 56.05344 | L72: =L$83*(SUM(G72:K72)/SUM(G$83:K$83)) -> 69.985694 | M72: =M$83*(SUM(H72:L72)/SUM(H$83:L$83)) -> 62.165422 | N72: =N$83*(SUM(I72:M72)/SUM(I$83:M$83)) -> 58.253402 | O72: =O$83*(SUM(J72:N72)/SUM(J$83:N$83)) -> 58.756675 | P72: =P$83*(SUM(K72:O72)/SUM(K$83:O$83)) -> 56.031121 | Q72: =Q$83*(SUM(L72:P72)/SUM(L$83:P$83)) -> 53.512763 | R72: =R$83*(SUM(M72:Q72)/SUM(M$83:Q$83)) -> 54.054051 | S72: =S$83*(SUM(N72:R72)/SUM(N$83:R$83)) -> 56.172949 | ... V72: =V$83*(SUM(Q72:U72)/SUM(Q$83:U$83)) -> 58.042594
A73: March | B73: =(monthly_data!$F6)/1000 -> 84.492 | C73: =(monthly_data!$F18)/1000 -> 87.988 | D73: =(monthly_data!$F30)/1000 -> 84.04773 | E73: =(monthly_data!$F42)/1000 -> 94.02709 | F73: =(monthly_data!$F54)/1000 -> 93.99472 | G73: =(monthly_data!$F66)/1000 -> 86.985658 | H73: =(monthly_data!$F78)/1000 -> 51.00395 | I73: =(monthly_data!$F90)/1000 -> 17.783177 | J73: =(monthly_data!$F102)/1000 -> 52.972665 | K73: =(monthly_data!$F114)/1000 -> 58.337971 | L73: =L$83*(SUM(G73:K73)/SUM(G$83:K$83)) -> 75.025933 | M73: =M$83*(SUM(H73:L73)/SUM(H$83:L$83)) -> 62.976833 | N73: =N$83*(SUM(I73:M73)/SUM(I$83:M$83)) -> 57.602596 | O73: =O$83*(SUM(J73:N73)/SUM(J$83:N$83)) -> 61.646833 | P73: =P$83*(SUM(K73:O73)/SUM(K$83:O$83)) -> 57.935856 | Q73: =Q$83*(SUM(L73:P73)/SUM(L$83:P$83)) -> 55.265427 | R73: =R$83*(SUM(M73:Q73)/SUM(M$83:Q$83)) -> 55.309953 | S73: =S$83*(SUM(N73:R73)/SUM(N$83:R$83)) -> 57.604788 | ... V73: =V$83*(SUM(Q73:U73)/SUM(Q$83:U$83)) -> 59.720093
A74: April | B74: =(monthly_data!$F7)/1000 -> 90.888 | C74: =(monthly_data!$F19)/1000 -> 92.936 | D74: =(monthly_data!$F31)/1000 -> 91.83319 | E74: =(monthly_data!$F43)/1000 -> 105.13525 | F74: =(monthly_data!$F55)/1000 -> 98.45513 | G74: =(monthly_data!$F67)/1000 -> 34.819067 | H74: =(monthly_data!$F79)/1000 -> 36.334702 | I74: =(monthly_data!$F91)/1000 -> 51.183381 | J74: =(monthly_data!$F103)/1000 -> 57.534131 | K74: =(monthly_data!$F115)/1000 -> 62.181533 | L74: =L$83*(SUM(G74:K74)/SUM(G$83:K$83)) -> 67.994629 | M74: =M$83*(SUM(H74:L74)/SUM(H$83:L$83)) -> 67.939638 | N74: =N$83*(SUM(I74:M74)/SUM(I$83:M$83)) -> 66.172301 | O74: =O$83*(SUM(J74:N74)/SUM(J$83:N$83)) -> 64.640884 | P74: =P$83*(SUM(K74:O74)/SUM(K$83:O$83)) -> 60.384588 | Q74: =Q$83*(SUM(L74:P74)/SUM(L$83:P$83)) -> 57.359699 | R74: =R$83*(SUM(M74:Q74)/SUM(M$83:Q$83)) -> 59.254598 | S74: =S$83*(SUM(N74:R74)/SUM(N$83:R$83)) -> 61.618739 | ... V74: =V$83*(SUM(Q74:U74)/SUM(Q$83:U$83)) -> 63.157662
A75: May | B75: =(monthly_data!$F8)/1000 -> 88.887 | C75: =(monthly_data!$F20)/1000 -> 89.967 | D75: =(monthly_data!$F32)/1000 -> 94.49443 | E75: =(monthly_data!$F44)/1000 -> 89.56198 | F75: =(monthly_data!$F56)/1000 -> 95.61186 | G75: =(monthly_data!$F68)/1000 -> 76.898659 | H75: =(monthly_data!$F80)/1000 -> 15.10388 | I75: =(monthly_data!$F92)/1000 -> 53.241486 | J75: =(monthly_data!$F104)/1000 -> 61.270022 | K75: =(monthly_data!$F116)/1000 -> 66.667184 | L75: =L$83*(SUM(G75:K75)/SUM(G$83:K$83)) -> 76.738858 | M75: =M$83*(SUM(H75:L75)/SUM(H$83:L$83)) -> 67.394857 | N75: =N$83*(SUM(I75:M75)/SUM(I$83:M$83)) -> 70.157541 | O75: =O$83*(SUM(J75:N75)/SUM(J$83:N$83)) -> 68.739659 | P75: =P$83*(SUM(K75:O75)/SUM(K$83:O$83)) -> 64.19737 | Q75: =Q$83*(SUM(L75:P75)/SUM(L$83:P$83)) -> 60.883397 | R75: =R$83*(SUM(M75:Q75)/SUM(M$83:Q$83)) -> 62.039629 | S75: =S$83*(SUM(N75:R75)/SUM(N$83:R$83)) -> 65.263175 | ... V75: =V$83*(SUM(Q75:U75)/SUM(Q$83:U$83)) -> 66.751755
A76: June | B76: =(monthly_data!$F9)/1000 -> 90.14 | C76: =(monthly_data!$F21)/1000 -> 91.314 | D76: =(monthly_data!$F33)/1000 -> 104.72424 | E76: =(monthly_data!$F45)/1000 -> 87.04824 | F76: =(monthly_data!$F57)/1000 -> 99.90904 | G76: =(monthly_data!$F69)/1000 -> 86.25074 | H76: =(monthly_data!$F81)/1000 -> 7.42439 | I76: =(monthly_data!$F93)/1000 -> 60.720962 | J76: =(monthly_data!$F105)/1000 -> 63.57411 | K76: =(monthly_data!$F117)/1000 -> 67.950703 | L76: =L$83*(SUM(G76:K76)/SUM(G$83:K$83)) -> 80.317537 | M76: =M$83*(SUM(H76:L76)/SUM(H$83:L$83)) -> 69.114469 | N76: =N$83*(SUM(I76:M76)/SUM(I$83:M$83)) -> 73.686931 | O76: =O$83*(SUM(J76:N76)/SUM(J$83:N$83)) -> 71.233381 | P76: =P$83*(SUM(K76:O76)/SUM(K$83:O$83)) -> 66.511374 | Q76: =Q$83*(SUM(L76:P76)/SUM(L$83:P$83)) -> 63.274245 | R76: =R$83*(SUM(M76:Q76)/SUM(M$83:Q$83)) -> 64.370065 | S76: =S$83*(SUM(N76:R76)/SUM(N$83:R$83)) -> 67.877244 | ... V76: =V$83*(SUM(Q76:U76)/SUM(Q$83:U$83)) -> 69.326188
A77: July | B77: =(monthly_data!$F10)/1000 -> 96.559 | C77: =(monthly_data!$F22)/1000 -> 84.571 | D77: =(monthly_data!$F34)/1000 -> 96.97928 | E77: =(monthly_data!$F46)/1000 -> 93.54235 | F77: =(monthly_data!$F58)/1000 -> 103.627 | G77: =(monthly_data!$F70)/1000 -> 72.816367 | H77: =(monthly_data!$F82)/1000 -> 43.437815 | I77: =(monthly_data!$F94)/1000 -> 94.356461 | J77: =(monthly_data!$F106)/1000 -> 68.515687 | K77: =(monthly_data!$F118)/1000 -> 70.099261 | L77: =L$83*(SUM(G77:K77)/SUM(G$83:K$83)) -> 98.100345 | M77: =M$83*(SUM(H77:L77)/SUM(H$83:L$83)) -> 92.447025 | N77: =N$83*(SUM(I77:M77)/SUM(I$83:M$83)) -> 91.336928 | O77: =O$83*(SUM(J77:N77)/SUM(J$83:N$83)) -> 84.461048 | P77: =P$83*(SUM(K77:O77)/SUM(K$83:O$83)) -> 80.122242 | Q77: =Q$83*(SUM(L77:P77)/SUM(L$83:P$83)) -> 78.284128 | R77: =R$83*(SUM(M77:Q77)/SUM(M$83:Q$83)) -> 79.877682 | S77: =S$83*(SUM(N77:R77)/SUM(N$83:R$83)) -> 82.892176 | ... V77: =V$83*(SUM(Q77:U77)/SUM(Q$83:U$83)) -> 85.11874
A78: August | B78: =(monthly_data!$F11)/1000 -> 97.296 | C78: =(monthly_data!$F23)/1000 -> 90.271 | D78: =(monthly_data!$F35)/1000 -> 102.15798 | E78: =(monthly_data!$F47)/1000 -> 92.91832 | F78: =(monthly_data!$F59)/1000 -> 67.24708 | G78: =(monthly_data!$F71)/1000 -> 13.03563 | H78: =(monthly_data!$F83)/1000 -> 38.264446 | I78: =(monthly_data!$F95)/1000 -> 81.18341 | J78: =(monthly_data!$F107)/1000 -> 49.105891 | K78: =(monthly_data!$F119)/1000 -> 72.13122 | L78: =L$83*(SUM(G78:K78)/SUM(G$83:K$83)) -> 71.272206 | M78: =M$83*(SUM(H78:L78)/SUM(H$83:L$83)) -> 77.006076 | N78: =N$83*(SUM(I78:M78)/SUM(I$83:M$83)) -> 75.632423 | O78: =O$83*(SUM(J78:N78)/SUM(J$83:N$83)) -> 69.326037 | P78: =P$83*(SUM(K78:O78)/SUM(K$83:O$83)) -> 67.074034 | Q78: =Q$83*(SUM(L78:P78)/SUM(L$83:P$83)) -> 63.177296 | R78: =R$83*(SUM(M78:Q78)/SUM(M$83:Q$83)) -> 65.941864 | S78: =S$83*(SUM(N78:R78)/SUM(N$83:R$83)) -> 68.292756 | ... V78: =V$83*(SUM(Q78:U78)/SUM(Q$83:U$83)) -> 69.855114
A79: September | B79: =(monthly_data!$F12)/1000 -> 91.027 | C79: =(monthly_data!$F24)/1000 -> 98.683 | D79: =(monthly_data!$F36)/1000 -> 94.09501 | E79: =(monthly_data!$F48)/1000 -> 101.86024 | F79: =(monthly_data!$F60)/1000 -> 98.10921 | G79: =(monthly_data!$F72)/1000 -> 5.2955 | H79: =(monthly_data!$F84)/1000 -> 50.215 | I79: =(monthly_data!$F96)/1000 -> 75.892921 | J79: =(monthly_data!$F108)/1000 -> 52.144537 | K79: =(monthly_data!$F120)/1000 -> 71.683674 | L79: =L$83*(SUM(G79:K79)/SUM(G$83:K$83)) -> 71.696668 | M79: =M$83*(SUM(H79:L79)/SUM(H$83:L$83)) -> 79.394488 | N79: =N$83*(SUM(I79:M79)/SUM(I$83:M$83)) -> 75.656897 | O79: =O$83*(SUM(J79:N79)/SUM(J$83:N$83)) -> 70.416389 | P79: =P$83*(SUM(K79:O79)/SUM(K$83:O$83)) -> 67.712918 | Q79: =Q$83*(SUM(L79:P79)/SUM(L$83:P$83)) -> 63.978006 | R79: =R$83*(SUM(M79:Q79)/SUM(M$83:Q$83)) -> 66.867262 | S79: =S$83*(SUM(N79:R79)/SUM(N$83:R$83)) -> 68.989356 | ... V79: =V$83*(SUM(Q79:U79)/SUM(Q$83:U$83)) -> 70.70719
A80: October | B80: =(monthly_data!$F13)/1000 -> 104.707 | C80: =(monthly_data!$F25)/1000 -> 98.07037 | D80: =(monthly_data!$F37)/1000 -> 107.88913 | E80: =(monthly_data!$F49)/1000 -> 84.88013 | F80: =(monthly_data!$F61)/1000 -> 101.02223 | G80: =(monthly_data!$F73)/1000 -> 1.56206 | H80: =(monthly_data!$F85)/1000 -> 39.684 | I80: =(monthly_data!$F97)/1000 -> 82.430456 | J80: =(monthly_data!$F109)/1000 -> 35.153261 | K80: =(monthly_data!$F121)/1000 -> 68.411388 | L80: =L$83*(SUM(G80:K80)/SUM(G$83:K$83)) -> 63.833915 | M80: =M$83*(SUM(H80:L80)/SUM(H$83:L$83)) -> 71.465777 | N80: =N$83*(SUM(I80:M80)/SUM(I$83:M$83)) -> 69.291095 | O80: =O$83*(SUM(J80:N80)/SUM(J$83:N$83)) -> 61.895785 | P80: =P$83*(SUM(K80:O80)/SUM(K$83:O$83)) -> 61.480369 | Q80: =Q$83*(SUM(L80:P80)/SUM(L$83:P$83)) -> 57.506091 | R80: =R$83*(SUM(M80:Q80)/SUM(M$83:Q$83)) -> 60.217285 | S80: =S$83*(SUM(N80:R80)/SUM(N$83:R$83)) -> 62.134921 | ... V80: =V$83*(SUM(Q80:U80)/SUM(Q$83:U$83)) -> 63.613776
A81: November | B81: =(monthly_data!$F14)/1000 -> 87.103 | C81: =(monthly_data!$F26)/1000 -> 87.95292 | D81: =(monthly_data!$F38)/1000 -> 102.16783 | E81: =(monthly_data!$F50)/1000 -> 94.25668 | F81: =(monthly_data!$F62)/1000 -> 108.09736 | G81: =(monthly_data!$F74)/1000 -> 0.36718 | H81: =(monthly_data!$F86)/1000 -> 45.878 | I81: =(monthly_data!$F98)/1000 -> 58.831746 | J81: =(monthly_data!$F110)/1000 -> 32.281723 | K81: =(monthly_data!$F122)/1000 -> 41.951 | L81: =L$83*(SUM(G81:K81)/SUM(G$83:K$83)) -> 50.369557 | M81: =M$83*(SUM(H81:L81)/SUM(H$83:L$83)) -> 56.605268 | N81: =N$83*(SUM(I81:M81)/SUM(I$83:M$83)) -> 51.767366 | O81: =O$83*(SUM(J81:N81)/SUM(J$83:N$83)) -> 46.795103 | P81: =P$83*(SUM(K81:O81)/SUM(K$83:O$83)) -> 45.433754 | Q81: =Q$83*(SUM(L81:P81)/SUM(L$83:P$83)) -> 44.005545 | R81: =R$83*(SUM(M81:Q81)/SUM(M$83:Q$83)) -> 45.795336 | S81: =S$83*(SUM(N81:R81)/SUM(N$83:R$83)) -> 46.802202 | ... V81: =V$83*(SUM(Q81:U81)/SUM(Q$83:U$83)) -> 48.183784
A82: December | B82: =(monthly_data!$F15)/1000 -> 11.786 | C82: =(monthly_data!$F27)/1000 -> 101.34908 | D82: =(monthly_data!$F39)/1000 -> 105.95194 | E82: =(monthly_data!$F51)/1000 -> 90.25144 | F82: =(monthly_data!$F63)/1000 -> 107.37241 | G82: =(monthly_data!$F75)/1000 -> 1.84207 | H82: =(monthly_data!$F87)/1000 -> 45.53 | I82: =(monthly_data!$F99)/1000 -> 57.994156 | J82: =(monthly_data!$F111)/1000 -> 15.02687 | K82: =(monthly_data!$F123)/1000 -> 71.853 | L82: =L83-SUM(L71:L81) -> 56.759679 | M82: =M83-SUM(M71:M81) -> 61.011924 | N82: =N83-SUM(N71:N81) -> 56.642695 | O82: =O83-SUM(O71:O81) -> 52.483279 | P82: =P83-SUM(P71:P81) -> 54.844454 | Q82: =Q83-SUM(Q71:Q81) -> 49.400964 | R82: =R83-SUM(R71:R81) -> 51.370052 | S82: =S83-SUM(S71:S81) -> 52.996732 | ... V82: =V83-SUM(V71:V81) -> 54.580862
A83: Total | B83: =SUM(B71:B82) -> 1014.361 | C83: =SUM(C71:C82) -> 1036.3974 | D83: =SUM(D71:D82) -> 1173.5331 | E83: =SUM(E71:E82) -> 1099.8915 | F83: =SUM(F71:F82) -> 1136.7287 | G83: =SUM(G71:G82) -> 498.85927 | H83: =SUM(H71:H82) -> 439.41501 | I83: =SUM(I71:I82) -> 714.31419 | ... K83: =SUM(K71:K82) -> 777.21575 | L83: =L7 -> 847.95202 | M83: =M7 -> 831.31112 | N83: =N7 -> 810.8025 | O83: =O7 -> 774.52944 | P83: =P7 -> 741.99324 | Q83: =Q7 -> 702.51969 | R83: =R7 -> 722.88574 | S83: =S7 -> 751.23281 | ... V83: =V7 -> 770.96879
A85: BIODIESEL ENDING STOCKS
A86: thousand tonnes | B86: =B2 -> 2015 | C86: =C2 -> 2016 | D86: =D2 -> 2017 | E86: =E2 -> 2018 | F86: =F2 -> 2019 | G86: =G2 -> 2020 | H86: =H2 -> 2021 | I86: =I2 -> 2022 | ... V86: =V2 -> 2035
A87: January
A88: February
A89: March
A90: April
A91: May
A92: June
A93: July
A94: August
A95: September
A96: October
A97: November
A98: December

Sheet RD
A1: Argentina Renewable Diesel Supply Demand
A2: thousand tonnes | B2: 2015 | C2: 2016 | D2: 2017 | E2: 2018 | F2: 2019 | G2: 2020 | H2: 2021 | I2: 2022 | J2: 2023 | K2: 2024 | L2: 2025 | M2: 2026 | N2: 2027 | O2: 2028 | P2: 2029 | Q2: 2030 | R2: 2031 | S2: 2032 | T2: 2033 | U2: 2034 | V2: 2035
A3: Beginning Stocks
A4: Production
A5: Imports
A6: Total Supply
A7: Consumption
A8: Exports
A9: Total Use
A10: Final Stocks (December 31)
A12: Operating Rate | B12: =B4/B13 -> #DIV/0! | C12: =C4/C13 -> #DIV/0! | D12: =D4/D13 -> #DIV/0! | E12: =E4/E13 -> #DIV/0! | F12: =F4/F13 -> #DIV/0! | G12: =G4/G13 -> #DIV/0! | H12: =H4/H13 -> #DIV/0! | I12: =I4/I13 -> #DIV/0! | ... V12: =V4/V13 -> 0
A13: Capacity | B13: 0 | C13: 0 | D13: 0 | E13: 0 | F13: 0 | G13: 0 | H13: 0 | I13: 0 | J13: 0 | K13: 0 | L13: 0 | M13: 0 | N13: 0 | O13: 0 | P13: 0 | Q13: =15+50 -> 65 | R13: =15+50 -> 65 | S13: =15+50 -> 65 | T13: =15+50 -> 65 | U13: =15+50 -> 65 | V13: =15+50 -> 65
A19: RD Capacity
A21: RENEWABLE DIESEL PRODUCTION
A22: thousand tonnes | B22: =B2 -> 2015 | C22: =C2 -> 2016 | D22: =D2 -> 2017 | E22: =E2 -> 2018 | F22: =F2 -> 2019 | G22: =G2 -> 2020 | H22: =H2 -> 2021 | I22: =I2 -> 2022 | ... V22: =V2 -> 2035
A23: January
A24: February
A25: March
A26: April
A27: May
A28: June
A29: July
A30: August
A31: September
A32: October
A33: November
A34: December
... A37: RENEWABLE DIESEL IMPORTS
A38: thousand tonnes | B38: =B2 -> 2015 | C38: =C2 -> 2016 | D38: =D2 -> 2017 | E38: =E2 -> 2018 | F38: =F2 -> 2019 | G38: =G2 -> 2020 | H38: =H2 -> 2021 | I38: =I2 -> 2022 | ... V38: =V2 -> 2035
A39: January
A40: February
A41: March
A42: April
A43: May
A44: June
A45: July
A46: August
A47: September
A48: October
A49: November
A50: December
... A53: RENEWABLE DIESEL CONSUMPTION
A54: thousand tonnes | B54: =B2 -> 2015 | C54: =C2 -> 2016 | D54: =D2 -> 2017 | E54: =E2 -> 2018 | F54: =F2 -> 2019 | G54: =G2 -> 2020 | H54: =H2 -> 2021 | I54: =I2 -> 2022 | ... V54: =V2 -> 2035
A55: January
A56: February
A57: March
A58: April
A59: May
A60: June
A61: July
A62: August
A63: September
A64: October
A65: November
A66: December
... A70: RENEWABLE DIESEL STOCKS
A71: thousand tonnes | B71: =B2 -> 2015 | C71: =C2 -> 2016 | D71: =D2 -> 2017 | E71: =E2 -> 2018 | F71: =F2 -> 2019 | G71: =G2 -> 2020 | H71: =H2 -> 2021 | I71: =I2 -> 2022 | ... V71: =V2 -> 2035
A72: January
A73: February
A74: March
A75: April
A76: May
A77: June
A78: July
A79: August
A80: September
A81: October
A82: November
A83: December
A86: RENEWABLE DIESEL CAPACITY
A87: thousand tonnes | B87: =B2 -> 2015 | C87: =C2 -> 2016 | D87: =D2 -> 2017 | E87: =E2 -> 2018 | F87: =F2 -> 2019 | G87: =G2 -> 2020 | H87: =H2 -> 2021 | I87: =I2 -> 2022 | ... V87: =V2 -> 2035
A88: January
A89: February
A90: March
A91: April
A92: May
A93: June
A94: July
A95: August
A96: September
A97: October
A98: November
A99: December
A100: Average

Sheet SAF
A1: Argentina Sustainable Aviation Fuel Supply and Demand
A2: thousand tonnes | B2: 2015 | C2: 2016 | D2: 2017 | E2: 2018 | F2: 2019 | G2: 2020 | H2: 2021 | I2: 2022 | J2: 2023 | K2: 2024 | L2: 2025 | M2: 2026 | N2: 2027 | O2: 2028 | P2: 2029 | Q2: 2030 | R2: 2031 | S2: 2032 | T2: 2033 | U2: 2034 | V2: 2035
A3: Beginning Stocks
A4: Production
A5: Imports
A6: Total Supply
A7: Domestic Use
A8: Exports
A9: Total Demand
A10: Final Stocks (December 31)
A12: Operating Rate | B12: =B4/B13 -> #DIV/0! | C12: =C4/C13 -> #DIV/0! | D12: =D4/D13 -> #DIV/0! | E12: =E4/E13 -> #DIV/0! | F12: =F4/F13 -> #DIV/0! | G12: =G4/G13 -> #DIV/0! | H12: =H4/H13 -> #DIV/0! | I12: =I4/I13 -> #DIV/0! | ... V12: =V4/V13 -> 0
A13: Capacity | B13: 0 | C13: 0 | D13: 0 | E13: 0 | F13: 0 | G13: 0 | H13: 0 | I13: 0 | J13: 0 | K13: 0 | L13: 0 | M13: 0 | N13: 0 | O13: 0 | P13: 0 | Q13: 250 | R13: 250 | S13: 250 | T13: 250 | U13: 250 | V13: 250
A17: SAF Domestic Production
A18: thousand tonnes | B18: =B2 -> 2015 | C18: =C2 -> 2016 | D18: =D2 -> 2017 | E18: =E2 -> 2018 | F18: =F2 -> 2019 | G18: =G2 -> 2020 | H18: =H2 -> 2021 | I18: =I2 -> 2022 | ... V18: =V2 -> 2035
A19: January
A20: February
A21: March
A22: April
A23: May
A24: June
A25: July
A26: August
A27: September
A28: October
A29: November
A30: December
... A33: SAF Imports
A34: thousand tonnes | B34: =B18 -> 2015 | C34: =C18 -> 2016 | D34: =D18 -> 2017 | E34: =E18 -> 2018 | F34: =F18 -> 2019 | G34: =G18 -> 2020 | H34: =H18 -> 2021 | I34: =I18 -> 2022 | ... V34: =V18 -> 2035
A35: January
A36: February
A37: March
A38: April
A39: May
A40: June
A41: July
A42: August
A43: September
A44: October
A45: November
A46: December
... A49: SAF Domestic Consumption
A50: thousand tonnes | B50: =B2 -> 2015 | C50: =C2 -> 2016 | D50: =D2 -> 2017 | E50: =E2 -> 2018 | F50: =F2 -> 2019 | G50: =G2 -> 2020 | H50: =H2 -> 2021 | I50: =I2 -> 2022 | ... V50: =V2 -> 2035
A51: January
A52: February
A53: March
A54: April
A55: May
A56: June
A57: July
A58: August
A59: September
A60: October
A61: November
A62: December
... A65: SAF Exports
A66: thousand tonnes | B66: =B2 -> 2015 | C66: =C2 -> 2016 | D66: =D2 -> 2017 | E66: =E2 -> 2018 | F66: =F2 -> 2019 | G66: =G2 -> 2020 | H66: =H2 -> 2021 | I66: =I2 -> 2022 | ... V66: =V2 -> 2035
A67: January
A68: February
A69: March
A70: April
A71: May
A72: June
A73: July
A74: August
A75: September
A76: October
A77: November
A78: December
A79: Total

Sheet Jet Fuel
A1: Argentina Jet Kerosene Supply and Demand
A2: thousand tonnes | B2: 2015 | C2: 2016 | D2: 2017 | E2: 2018 | F2: 2019 | G2: 2020 | H2: 2021 | I2: 2022 | J2: 2023 | K2: 2024 | L2: 2025 | M2: 2026 | N2: 2027 | O2: 2028 | P2: 2029 | Q2: 2030 | R2: 2031 | S2: 2032 | T2: 2033 | U2: 2034 | V2: 2035
A3: Beginning Stocks | B3: 0 | C3: =B10 -> 109.42517 | D3: =C10 -> 103.5024 | E3: =D10 -> 111.4224 | F3: =E10 -> 97.0272 | G3: =F10 -> 107.7712 | H3: =G10 -> 86.4792 | I3: =H10 -> 82.8416 | J3: =I10 -> 88.3344 | ... L3: =K10 -> 96.4208 | M3: =L11 -> 119.81939 | N3: =M11 -> 140.33384 | O3: =N11 -> 158.74637 | P3: =O11 -> 176.12283 | Q3: =P11 -> 194.18124 | R3: =Q11 -> 215.89122 | S3: =R11 -> 237.16652 | T3: =S11 -> 258.72869 | ... V3: =U11 -> 304.10729
A4: Production | B4: =B28 -> 1299.713 | C4: =C28 -> 1298.055 | D4: =D28 -> 1436.746 | E4: =E28 -> 1463.661 | F4: =F28 -> 1463.7427 | G4: =G28 -> 521.91996 | H4: =H28 -> 589.67936 | I4: =I28 -> 1162.101 | ... K4: =K28 -> 1497.818 | L4: =AVERAGE(B4:K4) -> 1217.8327 | M4: =AVERAGE(C4:L4) -> 1209.6447 | N4: =AVERAGE(D4:M4) -> 1200.8037 | O4: =AVERAGE(E4:N4) -> 1177.2095 | P4: =AVERAGE(F4:O4) -> 1148.5643 | Q4: =AVERAGE(G4:P4) -> 1117.0465 | R4: =AVERAGE(H4:Q4) -> 1176.5591 | S4: =AVERAGE(I4:R4) -> 1235.2471 | ... V4: =AVERAGE(L4:U4) -> 1194.7798
A5: Imports | B5: =B44 -> 88.4888 | C5: =C44 -> 121.168 | D5: =D44 -> 88.896 | E5: =E44 -> 159.1208 | F5: =F44 -> 213.6944 | G5: =G44 -> 21.8376 | H5: =H44 -> 0 | I5: =I44 -> 10.9864 | ... K5: =K44 -> 11.3992 | L5: =AVERAGE(B5:K5) -> 75.16168 | M5: =AVERAGE(C5:L5) -> 73.828968 | N5: =AVERAGE(D5:M5) -> 69.095065 | O5: =AVERAGE(E5:N5) -> 67.114971 | P5: =AVERAGE(F5:O5) -> 57.914388 | Q5: =AVERAGE(G5:P5) -> 42.336387 | R5: =AVERAGE(H5:Q5) -> 44.386266 | S5: =AVERAGE(I5:R5) -> 48.824893 | ... V5: =AVERAGE(L5:U5) -> 58.553842
A6: Total Supply | B6: =SUM(B3:B5) -> 1388.2018 | C6: =SUM(C3:C5) -> 1528.6482 | D6: =SUM(D3:D5) -> 1629.1444 | E6: =SUM(E3:E5) -> 1734.2042 | F6: =SUM(F3:F5) -> 1774.4643 | G6: =SUM(G3:G5) -> 651.52876 | H6: =SUM(H3:H5) -> 676.15856 | I6: =SUM(I3:I5) -> 1255.929 | ... V6: =SUM(V3:V5) -> 1557.4409
A7: Domestic Use | B7: =B76 -> 1335.9619 | C7: =C76 -> 1375.9629 | D7: =D76 -> 1492.1048 | E7: =E76 -> 1609.8912 | F7: =F76 -> 1693.3808 | G7: =G76 -> 500.3816 | H7: =H76 -> 558.4976 | I7: =I76 -> 1171.7384 | ... K7: =K76 -> 1456.692 | L7: =AVERAGE(B7:K7) -> 1261.9402 | M7: =AVERAGE(C7:L7) -> 1254.538 | N7: =AVERAGE(D7:M7) -> 1242.3955 | O7: =AVERAGE(E7:N7) -> 1217.4246 | P7: =AVERAGE(F7:O7) -> 1178.1779 | Q7: =AVERAGE(G7:P7) -> 1126.6576 | R7: =AVERAGE(H7:Q7) -> 1189.2852 | S7: =AVERAGE(I7:R7) -> 1252.364 | ... V7: =AVERAGE(L7:U7) -> 1222.72
A8: Exports | B8: =B60 -> 0 | C8: =C60 -> 1.7264 | D8: =D60 -> 4.764 | E8: =E60 -> 2.3336 | F8: =F60 -> 2.5136 | G8: =G60 -> 17.3192 | H8: =H60 -> 12.7752 | I8: =I60 -> 0.808 | ... K8: =K60 -> 21.3544 | L8: =AVERAGE(B8:K8) -> 7.65568 | M8: =AVERAGE(C8:L8) -> 8.421248 | N8: =AVERAGE(D8:M8) -> 9.0907328 | O8: =AVERAGE(E8:N8) -> 9.5234061 | P8: =AVERAGE(F8:O8) -> 10.242387 | Q8: =AVERAGE(G8:P8) -> 11.015265 | R8: =AVERAGE(H8:Q8) -> 10.384872 | S8: =AVERAGE(I8:R8) -> 10.145839 | ... V8: =AVERAGE(L8:U8) -> 9.8450398
A9: Total Demand | B9: =SUM(B7:B8) -> 1335.9619 | C9: =SUM(C7:C8) -> 1377.6893 | D9: =SUM(D7:D8) -> 1496.8688 | E9: =SUM(E7:E8) -> 1612.2248 | F9: =SUM(F7:F8) -> 1695.8944 | G9: =SUM(G7:G8) -> 517.7008 | H9: =SUM(H7:H8) -> 571.2728 | I9: =SUM(I7:I8) -> 1172.5464 | ... V9: =SUM(V7:V8) -> 1232.565
A10: Ending Stocks | B10: =B91 -> 109.42517 | C10: =C91 -> 103.5024 | D10: =D91 -> 111.4224 | E10: =E91 -> 97.0272 | F10: =F91 -> 107.7712 | G10: =G91 -> 86.4792 | H10: =H91 -> 82.8416 | I10: =I91 -> 88.3344 | ... V10: =V91 -> 0
A11: Calculated Ending Stocks | B11: =B6-B9 -> 52.239938 | C11: =C6-C9 -> 150.95883 | D11: =D6-D9 -> 132.2756 | E11: =E6-E9 -> 121.9794 | F11: =F6-F9 -> 78.5699 | G11: =G6-G9 -> 133.82796 | H11: =H6-H9 -> 104.88576 | I11: =I6-I9 -> 83.3826 | ... V11: =V6-V9 -> 324.87594
A12: Passenger Miles
A14: Jet Fuel Domestic Production
A15: thousand tonnes | B15: =B2 -> 2015 | C15: =C2 -> 2016 | D15: =D2 -> 2017 | E15: =E2 -> 2018 | F15: =F2 -> 2019 | G15: =G2 -> 2020 | H15: =H2 -> 2021 | I15: =I2 -> 2022 | ... V15: =V2 -> 2035
A16: January | B16: =monthly_data!I4/1000 -> 126.281 | C16: =monthly_data!$I16/1000 -> 124.606 | D16: =monthly_data!$I28/1000 -> 126.917 | E16: =monthly_data!$I40/1000 -> 131.134 | F16: =monthly_data!$I52/1000 -> 130.543 | G16: =monthly_data!$I64/1000 -> 140.55628 | H16: =monthly_data!$I76/1000 -> 49.72 | I16: =monthly_data!$I88/1000 -> 83.193 | J16: =monthly_data!$I100/1000 -> 121.9945 | K16: =monthly_data!$I112/1000 -> 139.70935 | L16: =monthly_data!$I124/1000 -> 148.323 | M16: =M$28*(SUM(H16:L16)/SUM(H$28:L$28)) -> 111.08398 | N16: =N$28*(SUM(I16:M16)/SUM(I$28:M$28)) -> 111.08669 | O16: =O$28*(SUM(J16:N16)/SUM(J$28:N$28)) -> 113.25977 | P16: =P$28*(SUM(K16:O16)/SUM(K$28:O$28)) -> 113.60496 | Q16: =Q$28*(SUM(L16:P16)/SUM(L$28:P$28)) -> 112.07104 | R16: =R$28*(SUM(M16:Q16)/SUM(M$28:Q$28)) -> 112.78739 | S16: =S$28*(SUM(N16:R16)/SUM(N$28:R$28)) -> 119.448 | T16: =T$28*(SUM(O16:S16)/SUM(O$28:S$28)) -> 121.22301 | ... V16: =V$28*(SUM(Q16:U16)/SUM(Q$28:U$28)) -> 116.63383
A17: February | B17: =monthly_data!I5/1000 -> 103.533 | C17: =monthly_data!$I17/1000 -> 121.192 | D17: =monthly_data!$I29/1000 -> 115.164 | E17: =monthly_data!$I41/1000 -> 124.575 | F17: =monthly_data!$I53/1000 -> 119.563 | G17: =monthly_data!$I65/1000 -> 122.89368 | H17: =monthly_data!$I77/1000 -> 41.491 | I17: =monthly_data!$I89/1000 -> 60.183 | J17: =monthly_data!$I101/1000 -> 116.985 | K17: =monthly_data!$I113/1000 -> 119.59366 | L17: =L$28*(SUM(G17:K17)/SUM(G$28:K$28)) -> 107.66008 | M17: =M$28*(SUM(H17:L17)/SUM(H$28:L$28)) -> 91.232505 | N17: =N$28*(SUM(I17:M17)/SUM(I$28:M$28)) -> 91.114088 | O17: =O$28*(SUM(J17:N17)/SUM(J$28:N$28)) -> 94.339085 | P17: =P$28*(SUM(K17:O17)/SUM(K$28:O$28)) -> 91.825875 | Q17: =Q$28*(SUM(L17:P17)/SUM(L$28:P$28)) -> 89.335059 | R17: =R$28*(SUM(M17:Q17)/SUM(M$28:Q$28)) -> 92.031246 | S17: =S$28*(SUM(N17:R17)/SUM(N$28:R$28)) -> 97.340639 | ... V17: =V$28*(SUM(Q17:U17)/SUM(Q$28:U$28)) -> 94.535298
A18: March | B18: =monthly_data!I6/1000 -> 109.035 | C18: =monthly_data!$I18/1000 -> 100.428 | D18: =monthly_data!$I30/1000 -> 130.616 | E18: =monthly_data!$I42/1000 -> 132.133 | F18: =monthly_data!$I54/1000 -> 118.068 | G18: =monthly_data!$I66/1000 -> 94.512 | H18: =monthly_data!$I78/1000 -> 42.974 | I18: =monthly_data!$I90/1000 -> 96.759 | J18: =monthly_data!$I102/1000 -> 136.217 | K18: =monthly_data!$I114/1000 -> 121.599 | L18: =L$28*(SUM(G18:K18)/SUM(G$28:K$28)) -> 114.87748 | M18: =M$28*(SUM(H18:L18)/SUM(H$28:L$28)) -> 104.84103 | N18: =N$28*(SUM(I18:M18)/SUM(I$28:M$28)) -> 105.57002 | O18: =O$28*(SUM(J18:N18)/SUM(J$28:N$28)) -> 104.46464 | P18: =P$28*(SUM(K18:O18)/SUM(K$28:O$28)) -> 100.46524 | Q18: =Q$28*(SUM(L18:P18)/SUM(L$28:P$28)) -> 99.47483 | R18: =R$28*(SUM(M18:Q18)/SUM(M$28:Q$28)) -> 103.48255 | S18: =S$28*(SUM(N18:R18)/SUM(N$28:R$28)) -> 108.97365 | ... V18: =V$28*(SUM(Q18:U18)/SUM(Q$28:U$28)) -> 105.53476
A19: April | B19: =monthly_data!I7/1000 -> 106.867 | C19: =monthly_data!$I19/1000 -> 96.871 | D19: =monthly_data!$I31/1000 -> 115.086 | E19: =monthly_data!$I43/1000 -> 126.666 | F19: =monthly_data!$I55/1000 -> 110.216 | G19: =monthly_data!$I67/1000 -> 22.875 | H19: =monthly_data!$I79/1000 -> 38.11236 | I19: =monthly_data!$I91/1000 -> 94.064 | J19: =monthly_data!$I103/1000 -> 128.062 | K19: =monthly_data!$I115/1000 -> 118.628 | L19: =L$28*(SUM(G19:K19)/SUM(G$28:K$28)) -> 93.791287 | M19: =M$28*(SUM(H19:L19)/SUM(H$28:L$28)) -> 96.704438 | N19: =N$28*(SUM(I19:M19)/SUM(I$28:M$28)) -> 97.657458 | O19: =O$28*(SUM(J19:N19)/SUM(J$28:N$28)) -> 95.818499 | P19: =P$28*(SUM(K19:O19)/SUM(K$28:O$28)) -> 91.581753 | Q19: =Q$28*(SUM(L19:P19)/SUM(L$28:P$28)) -> 89.219077 | R19: =R$28*(SUM(M19:Q19)/SUM(M$28:Q$28)) -> 94.67142 | S19: =S$28*(SUM(N19:R19)/SUM(N$28:R$28)) -> 99.527267 | ... V19: =V$28*(SUM(Q19:U19)/SUM(Q$28:U$28)) -> 95.961685
A20: May | B20: =monthly_data!I8/1000 -> 98.742 | C20: =monthly_data!$I20/1000 -> 89.714 | D20: =monthly_data!$I32/1000 -> 100.188 | E20: =monthly_data!$I44/1000 -> 111.169 | F20: =monthly_data!$I56/1000 -> 114.353 | G20: =monthly_data!$I68/1000 -> 14.601 | H20: =monthly_data!$I80/1000 -> 32.675 | I20: =monthly_data!$I92/1000 -> 89.099 | J20: =monthly_data!$I104/1000 -> 115.80346 | K20: =monthly_data!$I116/1000 -> 111.254 | L20: =L$28*(SUM(G20:K20)/SUM(G$28:K$28)) -> 84.84762 | M20: =M$28*(SUM(H20:L20)/SUM(H$28:L$28)) -> 88.729531 | N20: =N$28*(SUM(I20:M20)/SUM(I$28:M$28)) -> 90.025721 | O20: =O$28*(SUM(J20:N20)/SUM(J$28:N$28)) -> 87.90303 | P20: =P$28*(SUM(K20:O20)/SUM(K$28:O$28)) -> 84.322304 | Q20: =Q$28*(SUM(L20:P20)/SUM(L$28:P$28)) -> 81.766185 | R20: =R$28*(SUM(M20:Q20)/SUM(M$28:Q$28)) -> 86.985955 | S20: =S$28*(SUM(N20:R20)/SUM(N$28:R$28)) -> 91.474004 | ... V20: =V$28*(SUM(Q20:U20)/SUM(Q$28:U$28)) -> 88.127101
A21: June | B21: =monthly_data!I9/1000 -> 90.555 | C21: =monthly_data!$I21/1000 -> 78.478 | D21: =monthly_data!$I33/1000 -> 116.282 | E21: =monthly_data!$I45/1000 -> 103.226 | F21: =monthly_data!$I57/1000 -> 109.03 | G21: =monthly_data!$I69/1000 -> 17.251 | H21: =monthly_data!$I81/1000 -> 25.499 | I21: =monthly_data!$I93/1000 -> 81.977 | J21: =monthly_data!$I105/1000 -> 107.407 | K21: =monthly_data!$I117/1000 -> 116.094 | L21: =L$28*(SUM(G21:K21)/SUM(G$28:K$28)) -> 81.297958 | M21: =M$28*(SUM(H21:L21)/SUM(H$28:L$28)) -> 84.350308 | N21: =N$28*(SUM(I21:M21)/SUM(I$28:M$28)) -> 86.605209 | O21: =O$28*(SUM(J21:N21)/SUM(J$28:N$28)) -> 85.232609 | P21: =P$28*(SUM(K21:O21)/SUM(K$28:O$28)) -> 82.649593 | Q21: =Q$28*(SUM(L21:P21)/SUM(L$28:P$28)) -> 78.822093 | R21: =R$28*(SUM(M21:Q21)/SUM(M$28:Q$28)) -> 83.953341 | S21: =S$28*(SUM(N21:R21)/SUM(N$28:R$28)) -> 88.557819 | ... V21: =V$28*(SUM(Q21:U21)/SUM(Q$28:U$28)) -> 85.243958
A22: July | B22: =monthly_data!I10/1000 -> 107.302 | C22: =monthly_data!$I22/1000 -> 79.912 | D22: =monthly_data!$I34/1000 -> 111.013 | E22: =monthly_data!$I46/1000 -> 122.485 | F22: =monthly_data!$I58/1000 -> 121.553 | G22: =monthly_data!$I70/1000 -> 10.18524 | H22: =monthly_data!$I82/1000 -> 34.489 | I22: =monthly_data!$I94/1000 -> 98.788 | J22: =monthly_data!$I106/1000 -> 106.174 | K22: =monthly_data!$I118/1000 -> 127.878 | L22: =L$28*(SUM(G22:K22)/SUM(G$28:K$28)) -> 88.135178 | M22: =M$28*(SUM(H22:L22)/SUM(H$28:L$28)) -> 93.186702 | N22: =N$28*(SUM(I22:M22)/SUM(I$28:M$28)) -> 94.516269 | O22: =O$28*(SUM(J22:N22)/SUM(J$28:N$28)) -> 91.3481 | P22: =P$28*(SUM(K22:O22)/SUM(K$28:O$28)) -> 90.208676 | Q22: =Q$28*(SUM(L22:P22)/SUM(L$28:P$28)) -> 85.81234 | R22: =R$28*(SUM(M22:Q22)/SUM(M$28:Q$28)) -> 91.473542 | S22: =S$28*(SUM(N22:R22)/SUM(N$28:R$28)) -> 96.218675 | ... V22: =V$28*(SUM(Q22:U22)/SUM(Q$28:U$28)) -> 92.716832
A23: August | B23: =monthly_data!I11/1000 -> 120.633 | C23: =monthly_data!$I23/1000 -> 105.785 | D23: =monthly_data!$I35/1000 -> 129.332 | E23: =monthly_data!$I47/1000 -> 136.68 | F23: =monthly_data!$I59/1000 -> 135.329 | G23: =monthly_data!$I71/1000 -> 4.487 | H23: =monthly_data!$I83/1000 -> 51.978 | I23: =monthly_data!$I95/1000 -> 121.434 | J23: =monthly_data!$I107/1000 -> 102.702 | K23: =monthly_data!$I119/1000 -> 127.998 | L23: =L$28*(SUM(G23:K23)/SUM(G$28:K$28)) -> 95.392284 | M23: =M$28*(SUM(H23:L23)/SUM(H$28:L$28)) -> 102.19718 | N23: =N$28*(SUM(I23:M23)/SUM(I$28:M$28)) -> 101.05341 | O23: =O$28*(SUM(J23:N23)/SUM(J$28:N$28)) -> 94.833106 | P23: =P$28*(SUM(K23:O23)/SUM(K$28:O$28)) -> 95.020955 | Q23: =Q$28*(SUM(L23:P23)/SUM(L$28:P$28)) -> 91.647422 | R23: =R$28*(SUM(M23:Q23)/SUM(M$28:Q$28)) -> 97.439484 | S23: =S$28*(SUM(N23:R23)/SUM(N$28:R$28)) -> 101.87165 | ... V23: =V$28*(SUM(Q23:U23)/SUM(Q$28:U$28)) -> 98.426912
A24: September | B24: =monthly_data!I12/1000 -> 95.342 | C24: =monthly_data!$I24/1000 -> 128.093 | D24: =monthly_data!$I36/1000 -> 128.535 | E24: =monthly_data!$I48/1000 -> 104.181 | F24: =monthly_data!$I60/1000 -> 111.08083 | G24: =monthly_data!$I72/1000 -> 6.42076 | H24: =monthly_data!$I84/1000 -> 57.156 | I24: =monthly_data!$I96/1000 -> 99.956 | J24: =monthly_data!$I108/1000 -> 117.37992 | K24: =monthly_data!$I120/1000 -> 127.635 | L24: =L$28*(SUM(G24:K24)/SUM(G$28:K$28)) -> 95.380303 | M24: =M$28*(SUM(H24:L24)/SUM(H$28:L$28)) -> 101.78859 | N24: =N$28*(SUM(I24:M24)/SUM(I$28:M$28)) -> 99.659338 | O24: =O$28*(SUM(J24:N24)/SUM(J$28:N$28)) -> 97.072561 | P24: =P$28*(SUM(K24:O24)/SUM(K$28:O$28)) -> 95.032218 | Q24: =Q$28*(SUM(L24:P24)/SUM(L$28:P$28)) -> 91.729233 | R24: =R$28*(SUM(M24:Q24)/SUM(M$28:Q$28)) -> 97.545992 | S24: =S$28*(SUM(N24:R24)/SUM(N$28:R$28)) -> 102.09343 | ... V24: =V$28*(SUM(Q24:U24)/SUM(Q$28:U$28)) -> 98.661816
A25: October | B25: =monthly_data!I13/1000 -> 117.232 | C25: =monthly_data!$I25/1000 -> 122.461 | D25: =monthly_data!$I37/1000 -> 104.626 | E25: =monthly_data!$I49/1000 -> 118.205 | F25: =monthly_data!$I61/1000 -> 139.175 | G25: =monthly_data!$I73/1000 -> 18.905 | H25: =monthly_data!$I85/1000 -> 69.546 | I25: =monthly_data!$I97/1000 -> 101.562 | J25: =monthly_data!$I109/1000 -> 114.26555 | K25: =monthly_data!$I121/1000 -> 116.493 | L25: =L$28*(SUM(G25:K25)/SUM(G$28:K$28)) -> 98.23411 | M25: =M$28*(SUM(H25:L25)/SUM(H$28:L$28)) -> 102.3192 | N25: =N$28*(SUM(I25:M25)/SUM(I$28:M$28)) -> 97.956016 | O25: =O$28*(SUM(J25:N25)/SUM(J$28:N$28)) -> 94.819669 | P25: =P$28*(SUM(K25:O25)/SUM(K$28:O$28)) -> 92.897775 | Q25: =Q$28*(SUM(L25:P25)/SUM(L$28:P$28)) -> 91.221513 | R25: =R$28*(SUM(M25:Q25)/SUM(M$28:Q$28)) -> 96.326317 | S25: =S$28*(SUM(N25:R25)/SUM(N$28:R$28)) -> 100.43417 | ... V25: =V$28*(SUM(Q25:U25)/SUM(Q$28:U$28)) -> 97.362688
A26: November | B26: =monthly_data!I14/1000 -> 107.366 | C26: =monthly_data!$I26/1000 -> 124.524 | D26: =monthly_data!$I38/1000 -> 113.811 | E26: =monthly_data!$I50/1000 -> 126.05 | F26: =monthly_data!$I62/1000 -> 117.96061 | G26: =monthly_data!$I74/1000 -> 31.822 | H26: =monthly_data!$I86/1000 -> 65.471 | I26: =monthly_data!$I98/1000 -> 113.186 | J26: =monthly_data!$I110/1000 -> 132.255 | K26: =monthly_data!$I122/1000 -> 126.746 | L26: =L$28*(SUM(G26:K26)/SUM(G$28:K$28)) -> 109.60568 | M26: =M$28*(SUM(H26:L26)/SUM(H$28:L$28)) -> 111.96862 | N26: =N$28*(SUM(I26:M26)/SUM(I$28:M$28)) -> 109.1487 | O26: =O$28*(SUM(J26:N26)/SUM(J$28:N$28)) -> 105.65054 | P26: =P$28*(SUM(K26:O26)/SUM(K$28:O$28)) -> 102.60945 | Q26: =Q$28*(SUM(L26:P26)/SUM(L$28:P$28)) -> 101.11916 | R26: =R$28*(SUM(M26:Q26)/SUM(M$28:Q$28)) -> 106.63451 | S26: =S$28*(SUM(N26:R26)/SUM(N$28:R$28)) -> 111.45788 | ... V26: =V$28*(SUM(Q26:U26)/SUM(Q$28:U$28)) -> 107.91554
A27: December | B27: =monthly_data!I15/1000 -> 116.825 | C27: =monthly_data!$I27/1000 -> 125.991 | D27: =monthly_data!$I39/1000 -> 145.176 | E27: =monthly_data!$I51/1000 -> 127.157 | F27: =monthly_data!$I63/1000 -> 136.87126 | G27: =monthly_data!$I75/1000 -> 37.411 | H27: =monthly_data!$I87/1000 -> 80.568 | I27: =monthly_data!$I99/1000 -> 121.9 | J27: =monthly_data!$I111/1000 -> 145.646 | K27: =monthly_data!$I123/1000 -> 144.19 | L27: =L28-SUM(L16:L26) -> 100.28777 | M27: =M28-SUM(M16:M26) -> 121.24262 | N27: =N28-SUM(N16:N26) -> 116.41076 | O27: =O28-SUM(O16:O26) -> 112.46785 | P27: =P28-SUM(P16:P26) -> 108.34551 | Q27: =Q28-SUM(Q16:Q26) -> 104.82852 | R27: =R28-SUM(R16:R26) -> 113.22737 | S27: =S28-SUM(S16:S26) -> 117.84991 | ... V27: =V28-SUM(V16:V26) -> 113.65938
A28: Total | B28: =SUM(B16:B27) -> 1299.713 | C28: =SUM(C16:C27) -> 1298.055 | D28: =SUM(D16:D27) -> 1436.746 | E28: =SUM(E16:E27) -> 1463.661 | F28: =SUM(F16:F27) -> 1463.7427 | G28: =SUM(G16:G27) -> 521.91996 | H28: =SUM(H16:H27) -> 589.67936 | I28: =SUM(I16:I27) -> 1162.101 | ... K28: =SUM(K16:K27) -> 1497.818 | L28: =L4 -> 1217.8327 | M28: =M4 -> 1209.6447 | N28: =N4 -> 1200.8037 | O28: =O4 -> 1177.2095 | P28: =P4 -> 1148.5643 | Q28: =Q4 -> 1117.0465 | R28: =R4 -> 1176.5591 | S28: =S4 -> 1235.2471 | ... V28: =V4 -> 1194.7798
A30: Jet Fuel Imports
A31: thousand tonnes | B31: =B2 -> 2015 | C31: =C2 -> 2016 | D31: =D2 -> 2017 | E31: =E2 -> 2018 | F31: =F2 -> 2019 | G31: =G2 -> 2020 | H31: =H2 -> 2021 | I31: =I2 -> 2022 | ... V31: =V2 -> 2035
A32: January | B32: =monthly_data!J4*0.8/1000 -> 0 | C32: =monthly_data!$J16*0.8/1000 -> 0 | D32: =monthly_data!$J28*0.8/1000 -> 0 | E32: =monthly_data!$J40*0.8/1000 -> 5.5976 | F32: =monthly_data!$J52*0.8/1000 -> 19.7088 | G32: =monthly_data!$J64*0.8/1000 -> 7.4664 | H32: =monthly_data!$J76*0.8/1000 -> 0 | I32: =monthly_data!$J88*0.8/1000 -> 0 | J32: =monthly_data!$J100*0.8/1000 -> 0 | K32: =monthly_data!$J112*0.8/1000 -> 0 | L32: =monthly_data!$I140/1000 -> 0 | M32: =M$28*(SUM(H32:L32)/SUM(H$28:L$28)) -> 0 | N32: =N$28*(SUM(I32:M32)/SUM(I$28:M$28)) -> 0 | O32: =O$28*(SUM(J32:N32)/SUM(J$28:N$28)) -> 0 | P32: =P$28*(SUM(K32:O32)/SUM(K$28:O$28)) -> 0 | Q32: =Q$28*(SUM(L32:P32)/SUM(L$28:P$28)) -> 0 | R32: =R$28*(SUM(M32:Q32)/SUM(M$28:Q$28)) -> 0 | S32: =S$28*(SUM(N32:R32)/SUM(N$28:R$28)) -> 0 | T32: =T$28*(SUM(O32:S32)/SUM(O$28:S$28)) -> 0 | ... V32: =V$28*(SUM(Q32:U32)/SUM(Q$28:U$28)) -> 0
A33: February | B33: =monthly_data!J5*0.8/1000 -> 0 | C33: =monthly_data!$J17*0.8/1000 -> 0 | D33: =monthly_data!$J29*0.8/1000 -> 0 | E33: =monthly_data!$J41*0.8/1000 -> 5.04 | F33: =monthly_data!$J53*0.8/1000 -> 43.44 | G33: =monthly_data!$J65*0.8/1000 -> 7.8584 | H33: =monthly_data!$J77*0.8/1000 -> 0 | I33: =monthly_data!$J89*0.8/1000 -> 10.9864 | J33: =monthly_data!$J101*0.8/1000 -> 0 | K33: =monthly_data!$J113*0.8/1000 -> 0 | L33: =L$28*(SUM(G33:K33)/SUM(G$28:K$28)) -> 4.3995421 | M33: =M$28*(SUM(H33:L33)/SUM(H$28:L$28)) -> 3.1479209 | N33: =N$28*(SUM(I33:M33)/SUM(I$28:M$28)) -> 3.407004 | O33: =O$28*(SUM(J33:N33)/SUM(J$28:N$28)) -> 1.9625203 | P33: =P$28*(SUM(K33:O33)/SUM(K$28:O$28)) -> 2.353683 | Q33: =Q$28*(SUM(L33:P33)/SUM(L$28:P$28)) -> 2.8649464 | R33: =R$28*(SUM(M33:Q33)/SUM(M$28:Q$28)) -> 2.7610733 | S33: =S$28*(SUM(N33:R33)/SUM(N$28:R$28)) -> 2.8331745 | ... V33: =V$28*(SUM(Q33:U33)/SUM(Q$28:U$28)) -> 2.783358
A34: March | B34: =monthly_data!J6*0.8/1000 -> 0 | C34: =monthly_data!$J18*0.8/1000 -> 0 | D34: =monthly_data!$J30*0.8/1000 -> 0 | E34: =monthly_data!$J42*0.8/1000 -> 13.5808 | F34: =monthly_data!$J54*0.8/1000 -> 27.9056 | G34: =monthly_data!$J66*0.8/1000 -> 6.5128 | H34: =monthly_data!$J78*0.8/1000 -> 0 | I34: =monthly_data!$J90*0.8/1000 -> 0 | J34: =monthly_data!$J102*0.8/1000 -> 0 | K34: =monthly_data!$J114*0.8/1000 -> 0 | L34: =L$28*(SUM(G34:K34)/SUM(G$28:K$28)) -> 1.5204904 | M34: =M$28*(SUM(H34:L34)/SUM(H$28:L$28)) -> 0.31108811 | N34: =N$28*(SUM(I34:M34)/SUM(I$28:M$28)) -> 0.33669157 | O34: =O$28*(SUM(J34:N34)/SUM(J$28:N$28)) -> 0.38845103 | P34: =P$28*(SUM(K34:O34)/SUM(K$28:O$28)) -> 0.46587575 | Q34: =Q$28*(SUM(L34:P34)/SUM(L$28:P$28)) -> 0.56707256 | R34: =R$28*(SUM(M34:Q34)/SUM(M$28:Q$28)) -> 0.41592341 | S34: =S$28*(SUM(N34:R34)/SUM(N$28:R$28)) -> 0.46140213 | ... V34: =V$28*(SUM(Q34:U34)/SUM(Q$28:U$28)) -> 0.48387817
A35: April | B35: =monthly_data!J7*0.8/1000 -> 15.8896 | C35: =monthly_data!$J19*0.8/1000 -> 27.9336 | D35: =monthly_data!$J31*0.8/1000 -> 3.9816 | E35: =monthly_data!$J43*0.8/1000 -> 11.4256 | F35: =monthly_data!$J55*0.8/1000 -> 30.4512 | G35: =monthly_data!$J67*0.8/1000 -> 0 | H35: =monthly_data!$J79*0.8/1000 -> 0 | I35: =monthly_data!$J91*0.8/1000 -> 0 | J35: =monthly_data!$J103*0.8/1000 -> 0 | K35: =monthly_data!$J115*0.8/1000 -> 0 | L35: =L$28*(SUM(G35:K35)/SUM(G$28:K$28)) -> 0 | M35: =M$28*(SUM(H35:L35)/SUM(H$28:L$28)) -> 0 | N35: =N$28*(SUM(I35:M35)/SUM(I$28:M$28)) -> 0 | O35: =O$28*(SUM(J35:N35)/SUM(J$28:N$28)) -> 0 | P35: =P$28*(SUM(K35:O35)/SUM(K$28:O$28)) -> 0 | Q35: =Q$28*(SUM(L35:P35)/SUM(L$28:P$28)) -> 0 | R35: =R$28*(SUM(M35:Q35)/SUM(M$28:Q$28)) -> 0 | S35: =S$28*(SUM(N35:R35)/SUM(N$28:R$28)) -> 0 | ... V35: =V$28*(SUM(Q35:U35)/SUM(Q$28:U$28)) -> 0
A36: May | B36: =monthly_data!J8*0.8/1000 -> 3.8184 | C36: =monthly_data!$J20*0.8/1000 -> 23.992 | D36: =monthly_data!$J32*0.8/1000 -> 14.38 | E36: =monthly_data!$J44*0.8/1000 -> 4.34 | F36: =monthly_data!$J56*0.8/1000 -> 7.9144 | G36: =monthly_data!$J68*0.8/1000 -> 0 | H36: =monthly_data!$J80*0.8/1000 -> 0 | I36: =monthly_data!$J92*0.8/1000 -> 0 | J36: =monthly_data!$J104*0.8/1000 -> 0 | K36: =monthly_data!$J116*0.8/1000 -> 0 | L36: =L$28*(SUM(G36:K36)/SUM(G$28:K$28)) -> 0 | M36: =M$28*(SUM(H36:L36)/SUM(H$28:L$28)) -> 0 | N36: =N$28*(SUM(I36:M36)/SUM(I$28:M$28)) -> 0 | O36: =O$28*(SUM(J36:N36)/SUM(J$28:N$28)) -> 0 | P36: =P$28*(SUM(K36:O36)/SUM(K$28:O$28)) -> 0 | Q36: =Q$28*(SUM(L36:P36)/SUM(L$28:P$28)) -> 0 | R36: =R$28*(SUM(M36:Q36)/SUM(M$28:Q$28)) -> 0 | S36: =S$28*(SUM(N36:R36)/SUM(N$28:R$28)) -> 0 | ... V36: =V$28*(SUM(Q36:U36)/SUM(Q$28:U$28)) -> 0
A37: June | B37: =monthly_data!J9*0.8/1000 -> 0 | C37: =monthly_data!$J21*0.8/1000 -> 29.8 | D37: =monthly_data!$J33*0.8/1000 -> 9.9856 | E37: =monthly_data!$J45*0.8/1000 -> 0 | F37: =monthly_data!$J57*0.8/1000 -> 9.9064 | G37: =monthly_data!$J69*0.8/1000 -> 0 | H37: =monthly_data!$J81*0.8/1000 -> 0 | I37: =monthly_data!$J93*0.8/1000 -> 0 | J37: =monthly_data!$J105*0.8/1000 -> 0 | K37: =monthly_data!$J117*0.8/1000 -> 11.3992 | L37: =L$28*(SUM(G37:K37)/SUM(G$28:K$28)) -> 2.6612785 | M37: =M$28*(SUM(H37:L37)/SUM(H$28:L$28)) -> 2.8767347 | N37: =N$28*(SUM(I37:M37)/SUM(I$28:M$28)) -> 3.1134984 | O37: =O$28*(SUM(J37:N37)/SUM(J$28:N$28)) -> 3.5921353 | P37: =P$28*(SUM(K37:O37)/SUM(K$28:O$28)) -> 4.3081073 | Q37: =Q$28*(SUM(L37:P37)/SUM(L$28:P$28)) -> 3.1052919 | R37: =R$28*(SUM(M37:Q37)/SUM(M$28:Q$28)) -> 3.4163007 | S37: =S$28*(SUM(N37:R37)/SUM(N$28:R$28)) -> 3.7216132 | ... V37: =V$28*(SUM(Q37:U37)/SUM(Q$28:U$28)) -> 3.5668423
A38: July | B38: =monthly_data!J10*0.8/1000 -> 15.2416 | C38: =monthly_data!$J22*0.8/1000 -> 29.4976 | D38: =monthly_data!$J34*0.8/1000 -> 7.4728 | E38: =monthly_data!$J46*0.8/1000 -> 40.3256 | F38: =monthly_data!$J58*0.8/1000 -> 22.9488 | G38: =monthly_data!$J70*0.8/1000 -> 0 | H38: =monthly_data!$J82*0.8/1000 -> 0 | I38: =monthly_data!$J94*0.8/1000 -> 0 | J38: =monthly_data!$J106*0.8/1000 -> 0 | K38: =monthly_data!$J118*0.8/1000 -> 0 | L38: =L$28*(SUM(G38:K38)/SUM(G$28:K$28)) -> 0 | M38: =M$28*(SUM(H38:L38)/SUM(H$28:L$28)) -> 0 | N38: =N$28*(SUM(I38:M38)/SUM(I$28:M$28)) -> 0 | O38: =O$28*(SUM(J38:N38)/SUM(J$28:N$28)) -> 0 | P38: =P$28*(SUM(K38:O38)/SUM(K$28:O$28)) -> 0 | Q38: =Q$28*(SUM(L38:P38)/SUM(L$28:P$28)) -> 0 | R38: =R$28*(SUM(M38:Q38)/SUM(M$28:Q$28)) -> 0 | S38: =S$28*(SUM(N38:R38)/SUM(N$28:R$28)) -> 0 | ... V38: =V$28*(SUM(Q38:U38)/SUM(Q$28:U$28)) -> 0
A39: August | B39: =monthly_data!J11*0.8/1000 -> 0 | C39: =monthly_data!$J23*0.8/1000 -> 9.9448 | D39: =monthly_data!$J35*0.8/1000 -> 4.38 | E39: =monthly_data!$J47*0.8/1000 -> 0 | F39: =monthly_data!$J59*0.8/1000 -> 7.956 | G39: =monthly_data!$J71*0.8/1000 -> 0 | H39: =monthly_data!$J83*0.8/1000 -> 0 | I39: =monthly_data!$J95*0.8/1000 -> 0 | J39: =monthly_data!$J107*0.8/1000 -> 0 | K39: =monthly_data!$J119*0.8/1000 -> 0 | L39: =L$28*(SUM(G39:K39)/SUM(G$28:K$28)) -> 0 | M39: =M$28*(SUM(H39:L39)/SUM(H$28:L$28)) -> 0 | N39: =N$28*(SUM(I39:M39)/SUM(I$28:M$28)) -> 0 | O39: =O$28*(SUM(J39:N39)/SUM(J$28:N$28)) -> 0 | P39: =P$28*(SUM(K39:O39)/SUM(K$28:O$28)) -> 0 | Q39: =Q$28*(SUM(L39:P39)/SUM(L$28:P$28)) -> 0 | R39: =R$28*(SUM(M39:Q39)/SUM(M$28:Q$28)) -> 0 | S39: =S$28*(SUM(N39:R39)/SUM(N$28:R$28)) -> 0 | ... V39: =V$28*(SUM(Q39:U39)/SUM(Q$28:U$28)) -> 0
A40: September | B40: =monthly_data!J12*0.8/1000 -> 19.9752 | C40: =monthly_data!$J24*0.8/1000 -> 0 | D40: =monthly_data!$J36*0.8/1000 -> 14.384 | E40: =monthly_data!$J48*0.8/1000 -> 19.084 | F40: =monthly_data!$J60*0.8/1000 -> 30.3728 | G40: =monthly_data!$J72*0.8/1000 -> 0 | H40: =monthly_data!$J84*0.8/1000 -> 0 | I40: =monthly_data!$J96*0.8/1000 -> 0 | J40: =monthly_data!$J108*0.8/1000 -> 12.0608 | K40: =monthly_data!$J120*0.8/1000 -> 0 | L40: =L$28*(SUM(G40:K40)/SUM(G$28:K$28)) -> 2.8157368 | M40: =M$28*(SUM(H40:L40)/SUM(H$28:L$28)) -> 3.043698 | N40: =N$28*(SUM(I40:M40)/SUM(I$28:M$28)) -> 3.2942033 | O40: =O$28*(SUM(J40:N40)/SUM(J$28:N$28)) -> 3.8006198 | P40: =P$28*(SUM(K40:O40)/SUM(K$28:O$28)) -> 2.3604743 | Q40: =Q$28*(SUM(L40:P40)/SUM(L$28:P$28)) -> 2.8732129 | R40: =R$28*(SUM(M40:Q40)/SUM(M$28:Q$28)) -> 3.0899508 | S40: =S$28*(SUM(N40:R40)/SUM(N$28:R$28)) -> 3.2723386 | ... V40: =V$28*(SUM(Q40:U40)/SUM(Q$28:U$28)) -> 3.1041277
A41: October | B41: =monthly_data!J13*0.8/1000 -> 15.844 | C41: =monthly_data!$J25*0.8/1000 -> 0 | D41: =monthly_data!$J37*0.8/1000 -> 19.9752 | E41: =monthly_data!$J49*0.8/1000 -> 31.4464 | F41: =monthly_data!$J61*0.8/1000 -> 3.184 | G41: =monthly_data!$J73*0.8/1000 -> 0 | H41: =monthly_data!$J85*0.8/1000 -> 0 | I41: =monthly_data!$J97*0.8/1000 -> 0 | J41: =monthly_data!$J109*0.8/1000 -> 23.9648 | K41: =monthly_data!$J121*0.8/1000 -> 0 | L41: =L$28*(SUM(G41:K41)/SUM(G$28:K$28)) -> 5.5948669 | M41: =M$28*(SUM(H41:L41)/SUM(H$28:L$28)) -> 6.0478255 | N41: =N$28*(SUM(I41:M41)/SUM(I$28:M$28)) -> 6.5455793 | O41: =O$28*(SUM(J41:N41)/SUM(J$28:N$28)) -> 7.5518286 | P41: =P$28*(SUM(K41:O41)/SUM(K$28:O$28)) -> 4.6902606 | Q41: =Q$28*(SUM(L41:P41)/SUM(L$28:P$28)) -> 5.7090718 | R41: =R$28*(SUM(M41:Q41)/SUM(M$28:Q$28)) -> 6.1397297 | S41: =S$28*(SUM(N41:R41)/SUM(N$28:R$28)) -> 6.5021341 | ... V41: =V$28*(SUM(Q41:U41)/SUM(Q$28:U$28)) -> 6.1678992
A42: November | B42: =monthly_data!J14*0.8/1000 -> 4.3224 | C42: =monthly_data!$J26*0.8/1000 -> 0 | D42: =monthly_data!$J38*0.8/1000 -> 14.3368 | E42: =monthly_data!$J50*0.8/1000 -> 9.5688 | F42: =monthly_data!$J62*0.8/1000 -> 7.48 | G42: =monthly_data!$J74*0.8/1000 -> 0 | H42: =monthly_data!$J86*0.8/1000 -> 0 | I42: =monthly_data!$J98*0.8/1000 -> 0 | J42: =monthly_data!$J110*0.8/1000 -> 0 | K42: =monthly_data!$J122*0.8/1000 -> 0 | L42: =L$28*(SUM(G42:K42)/SUM(G$28:K$28)) -> 0 | M42: =M$28*(SUM(H42:L42)/SUM(H$28:L$28)) -> 0 | N42: =N$28*(SUM(I42:M42)/SUM(I$28:M$28)) -> 0 | O42: =O$28*(SUM(J42:N42)/SUM(J$28:N$28)) -> 0 | P42: =P$28*(SUM(K42:O42)/SUM(K$28:O$28)) -> 0 | Q42: =Q$28*(SUM(L42:P42)/SUM(L$28:P$28)) -> 0 | R42: =R$28*(SUM(M42:Q42)/SUM(M$28:Q$28)) -> 0 | S42: =S$28*(SUM(N42:R42)/SUM(N$28:R$28)) -> 0 | ... V42: =V$28*(SUM(Q42:U42)/SUM(Q$28:U$28)) -> 0
A43: December | B43: =monthly_data!J15*0.8/1000 -> 13.3976 | C43: =monthly_data!$J27*0.8/1000 -> 0 | D43: =monthly_data!$J39*0.8/1000 -> 0 | E43: =monthly_data!$J51*0.8/1000 -> 18.712 | F43: =monthly_data!$J63*0.8/1000 -> 2.4264 | G43: =monthly_data!$J75*0.8/1000 -> 0 | H43: =monthly_data!$J87*0.8/1000 -> 0 | I43: =monthly_data!$J99*0.8/1000 -> 0 | J43: =monthly_data!$J111*0.8/1000 -> 0 | K43: =monthly_data!$J123*0.8/1000 -> 0 | L43: =L44-SUM(L32:L42) -> 67.855705 | M43: =M44-SUM(M32:M42) -> 73.302264 | N43: =N44-SUM(N32:N42) -> 73.328744 | O43: =O44-SUM(O32:O42) -> 70.607475 | P43: =P44-SUM(P32:P42) -> 70.143903 | Q43: =Q44-SUM(Q32:Q42) -> 66.64659 | R43: =R44-SUM(R32:R42) -> 71.162977 | S43: =S44-SUM(S32:S42) -> 74.683341 | ... V43: =V44-SUM(V32:V42) -> 72.020996
A44: Total | B44: =SUM(B32:B43) -> 88.4888 | C44: =SUM(C32:C43) -> 121.168 | D44: =SUM(D32:D43) -> 88.896 | E44: =SUM(E32:E43) -> 159.1208 | F44: =SUM(F32:F43) -> 213.6944 | G44: =SUM(G32:G43) -> 21.8376 | H44: =SUM(H32:H43) -> 0 | I44: =SUM(I32:I43) -> 10.9864 | ... K44: =SUM(K32:K43) -> 11.3992 | L44: =L20 -> 84.84762 | M44: =M20 -> 88.729531 | N44: =N20 -> 90.025721 | O44: =O20 -> 87.90303 | P44: =P20 -> 84.322304 | Q44: =Q20 -> 81.766185 | R44: =R20 -> 86.985955 | S44: =S20 -> 91.474004 | ... V44: =V20 -> 88.127101
A46: Jet Fuel Exports
A47: thousand tonnes | B47: =B2 -> 2015 | C47: =C2 -> 2016 | D47: =D2 -> 2017 | E47: =E2 -> 2018 | F47: =F2 -> 2019 | G47: =G2 -> 2020 | H47: =H2 -> 2021 | I47: =I2 -> 2022 | ... V47: =V2 -> 2035
A48: January | B48: =monthly_data!$N4*0.8/1000 -> 0 | C48: =monthly_data!$N16*0.8/1000 -> 0 | D48: =monthly_data!$N28*0.8/1000 -> 0 | E48: =monthly_data!$N40*0.8/1000 -> 0 | F48: =monthly_data!$N52*0.8/1000 -> 0 | G48: =monthly_data!$N64*0.8/1000 -> 0 | H48: =monthly_data!$N76*0.8/1000 -> 0 | I48: =monthly_data!$N88*0.8/1000 -> 0 | J48: =monthly_data!$N100*0.8/1000 -> 1.7584 | K48: =monthly_data!$N112*0.8/1000 -> 0 | L48: =monthly_data!$N124*0.8/1000 -> 0 | M48: =M$60*(SUM(H48:L48)/SUM(H$60:L$60)) -> 0.26654201 | N48: =N$60*(SUM(I48:M48)/SUM(I$60:M$60)) -> 0.35952315 | O48: =O$60*(SUM(J48:N48)/SUM(J$60:N$60)) -> 0.38175062 | P48: =P$60*(SUM(K48:O48)/SUM(K$60:O$60)) -> 0.18417973 | Q48: =Q$60*(SUM(L48:P48)/SUM(L$60:P$60)) -> 0.29221317 | R48: =R$60*(SUM(M48:Q48)/SUM(M$60:Q$60)) -> 0.31916229 | S48: =S$60*(SUM(N48:R48)/SUM(N$60:R$60)) -> 0.31025577 | T48: =T$60*(SUM(O48:S48)/SUM(O$60:S$60)) -> 0.32120548 | ... V48: =V$60*(SUM(Q48:U48)/SUM(Q$60:U$60)) -> 0.2827146
A49: February | B49: =monthly_data!$N5*0.8/1000 -> 0 | C49: =monthly_data!$N17*0.8/1000 -> 0 | D49: =monthly_data!$N29*0.8/1000 -> 0 | E49: =monthly_data!$N41*0.8/1000 -> 0 | F49: =monthly_data!$N53*0.8/1000 -> 0 | G49: =monthly_data!$N65*0.8/1000 -> 1.5968 | H49: =monthly_data!$N77*0.8/1000 -> 2.3928 | I49: =monthly_data!$N89*0.8/1000 -> 0 | J49: =monthly_data!$N101*0.8/1000 -> 4.0384 | K49: =monthly_data!$N113*0.8/1000 -> 0 | L49: =monthly_data!$N125*0.8/1000 -> 0 | M49: =M$60*(SUM(H49:L49)/SUM(H$60:L$60)) -> 0.97485496 | N49: =N$60*(SUM(I49:M49)/SUM(I$60:M$60)) -> 0.8900903 | O49: =O$60*(SUM(J49:N49)/SUM(J$60:N$60)) -> 0.94512001 | P49: =P$60*(SUM(K49:O49)/SUM(K$60:O$60)) -> 0.51354332 | Q49: =Q$60*(SUM(L49:P49)/SUM(L$60:P$60)) -> 0.81477001 | R49: =R$60*(SUM(M49:Q49)/SUM(M$60:Q$60)) -> 0.88991152 | S49: =S$60*(SUM(N49:R49)/SUM(N$60:R$60)) -> 0.81830942 | T49: =T$60*(SUM(O49:S49)/SUM(O$60:S$60)) -> 0.85974873 | ... V49: =V$60*(SUM(Q49:U49)/SUM(Q$60:U$60)) -> 0.76995362
A50: March | B50: =monthly_data!$N6*0.8/1000 -> 0 | C50: =monthly_data!$N18*0.8/1000 -> 0 | D50: =monthly_data!$N30*0.8/1000 -> 0 | E50: =monthly_data!$N42*0.8/1000 -> 0 | F50: =monthly_data!$N54*0.8/1000 -> 0 | G50: =monthly_data!$N66*0.8/1000 -> 4.524 | H50: =monthly_data!$N78*0.8/1000 -> 0 | I50: =monthly_data!$N90*0.8/1000 -> 0 | J50: =monthly_data!$N102*0.8/1000 -> 1.7576 | K50: =monthly_data!$N114*0.8/1000 -> 6.7832 | L50: =L$60*(SUM(G50:K50)/SUM(G$60:K$60)) -> 1.5335964 | M50: =M$60*(SUM(H50:L50)/SUM(H$60:L$60)) -> 1.5270984 | N50: =N$60*(SUM(I50:M50)/SUM(I$60:M$60)) -> 2.059815 | O50: =O$60*(SUM(J50:N50)/SUM(J$60:N$60)) -> 2.1871628 | P50: =P$60*(SUM(K50:O50)/SUM(K$60:O$60)) -> 2.5751265 | Q50: =Q$60*(SUM(L50:P50)/SUM(L$60:P$60)) -> 2.4227306 | R50: =R$60*(SUM(M50:Q50)/SUM(M$60:Q$60)) -> 2.3163825 | S50: =S$60*(SUM(N50:R50)/SUM(N$60:R$60)) -> 2.3339841 | ... V50: =V$60*(SUM(Q50:U50)/SUM(Q$60:U$60)) -> 2.2338023
A51: April | B51: =monthly_data!$N7*0.8/1000 -> 0 | C51: =monthly_data!$N19*0.8/1000 -> 0 | D51: =monthly_data!$N31*0.8/1000 -> 0 | E51: =monthly_data!$N43*0.8/1000 -> 0 | F51: =monthly_data!$N55*0.8/1000 -> 0 | G51: =monthly_data!$N67*0.8/1000 -> 4.048 | H51: =monthly_data!$N79*0.8/1000 -> 0 | I51: =monthly_data!$N91*0.8/1000 -> 0 | J51: =monthly_data!$N103*0.8/1000 -> 0 | K51: =monthly_data!$N115*0.8/1000 -> 0 | L51: =L$60*(SUM(G51:K51)/SUM(G$60:K$60)) -> 0.47516978 | M51: =M$60*(SUM(H51:L51)/SUM(H$60:L$60)) -> 0.072027244 | N51: =N$60*(SUM(I51:M51)/SUM(I$60:M$60)) -> 0.097153399 | O51: =O$60*(SUM(J51:N51)/SUM(J$60:N$60)) -> 0.10315989 | P51: =P$60*(SUM(K51:O51)/SUM(K$60:O$60)) -> 0.13660854 | Q51: =Q$60*(SUM(L51:P51)/SUM(L$60:P$60)) -> 0.21673838 | R51: =R$60*(SUM(M51:Q51)/SUM(M$60:Q$60)) -> 0.13454701 | S51: =S$60*(SUM(N51:R51)/SUM(N$60:R$60)) -> 0.1389356 | ... V51: =V$60*(SUM(Q51:U51)/SUM(Q$60:U$60)) -> 0.14890763
A52: May | B52: =monthly_data!$N8*0.8/1000 -> 0 | C52: =monthly_data!$N20*0.8/1000 -> 0 | D52: =monthly_data!$N32*0.8/1000 -> 0 | E52: =monthly_data!$N44*0.8/1000 -> 0 | F52: =monthly_data!$N56*0.8/1000 -> 0 | G52: =monthly_data!$N68*0.8/1000 -> 7.1504 | H52: =monthly_data!$N80*0.8/1000 -> 2.3912 | I52: =monthly_data!$N92*0.8/1000 -> 0 | J52: =monthly_data!$N104*0.8/1000 -> 1.796 | K52: =monthly_data!$N116*0.8/1000 -> 0 | L52: =L$60*(SUM(G52:K52)/SUM(G$60:K$60)) -> 1.330851 | M52: =M$60*(SUM(H52:L52)/SUM(H$60:L$60)) -> 0.83643789 | N52: =N$60*(SUM(I52:M52)/SUM(I$60:M$60)) -> 0.70367157 | O52: =O$60*(SUM(J52:N52)/SUM(J$60:N$60)) -> 0.74717597 | P52: =P$60*(SUM(K52:O52)/SUM(K$60:O$60)) -> 0.66121944 | Q52: =Q$60*(SUM(L52:P52)/SUM(L$60:P$60)) -> 1.0490678 | R52: =R$60*(SUM(M52:Q52)/SUM(M$60:Q$60)) -> 0.8596328 | S52: =S$60*(SUM(N52:R52)/SUM(N$60:R$60)) -> 0.81171449 | ... V52: =V$60*(SUM(Q52:U52)/SUM(Q$60:U$60)) -> 0.82640016
A53: June | B53: =monthly_data!$N9*0.8/1000 -> 0 | C53: =monthly_data!$N21*0.8/1000 -> 0 | D53: =monthly_data!$N33*0.8/1000 -> 0 | E53: =monthly_data!$N45*0.8/1000 -> 0 | F53: =monthly_data!$N57*0.8/1000 -> 0 | G53: =monthly_data!$N69*0.8/1000 -> 0 | H53: =monthly_data!$N81*0.8/1000 -> 2.0024 | I53: =monthly_data!$N93*0.8/1000 -> 0 | J53: =monthly_data!$N105*0.8/1000 -> 0.5968 | K53: =monthly_data!$N117*0.8/1000 -> 2.4 | L53: =L$60*(SUM(G53:K53)/SUM(G$60:K$60)) -> 0.58682528 | M53: =M$60*(SUM(H53:L53)/SUM(H$60:L$60)) -> 0.84674158 | N53: =N$60*(SUM(I53:M53)/SUM(I$60:M$60)) -> 0.78660004 | O53: =O$60*(SUM(J53:N53)/SUM(J$60:N$60)) -> 0.83523148 | P53: =P$60*(SUM(K53:O53)/SUM(K$60:O$60)) -> 0.99698161 | Q53: =Q$60*(SUM(L53:P53)/SUM(L$60:P$60)) -> 0.99342555 | R53: =R$60*(SUM(M53:Q53)/SUM(M$60:Q$60)) -> 0.95885328 | S53: =S$60*(SUM(N53:R53)/SUM(N$60:R$60)) -> 0.92281423 | ... V53: =V$60*(SUM(Q53:U53)/SUM(Q$60:U$60)) -> 0.90115465
A54: July | B54: =monthly_data!$N10*0.8/1000 -> 0 | C54: =monthly_data!$N22*0.8/1000 -> 0 | D54: =monthly_data!$N34*0.8/1000 -> 1.1816 | E54: =monthly_data!$N46*0.8/1000 -> 0 | F54: =monthly_data!$N58*0.8/1000 -> 0 | G54: =monthly_data!$N70*0.8/1000 -> 0 | H54: =monthly_data!$N82*0.8/1000 -> 4.0056 | I54: =monthly_data!$N94*0.8/1000 -> 0 | J54: =monthly_data!$N106*0.8/1000 -> 0.172 | K54: =monthly_data!$N118*0.8/1000 -> 2.3968 | L54: =L$60*(SUM(G54:K54)/SUM(G$60:K$60)) -> 0.7717283 | M54: =M$60*(SUM(H54:L54)/SUM(H$60:L$60)) -> 1.1135417 | N54: =N$60*(SUM(I54:M54)/SUM(I$60:M$60)) -> 0.79080848 | O54: =O$60*(SUM(J54:N54)/SUM(J$60:N$60)) -> 0.8397001 | P54: =P$60*(SUM(K54:O54)/SUM(K$60:O$60)) -> 1.0805319 | Q54: =Q$60*(SUM(L54:P54)/SUM(L$60:P$60)) -> 1.1267681 | R54: =R$60*(SUM(M54:Q54)/SUM(M$60:Q$60)) -> 1.0647319 | S54: =S$60*(SUM(N54:R54)/SUM(N$60:R$60)) -> 0.98972721 | ... V54: =V$60*(SUM(Q54:U54)/SUM(Q$60:U$60)) -> 0.99112174
A55: August | B55: =monthly_data!$N11*0.8/1000 -> 0 | C55: =monthly_data!$N23*0.8/1000 -> 0 | D55: =monthly_data!$N35*0.8/1000 -> 1.1912 | E55: =monthly_data!$N47*0.8/1000 -> 0 | F55: =monthly_data!$N59*0.8/1000 -> 2.5136 | G55: =monthly_data!$N71*0.8/1000 -> 0 | H55: =monthly_data!$N83*0.8/1000 -> 1.9832 | I55: =monthly_data!$N95*0.8/1000 -> 0 | J55: =monthly_data!$N107*0.8/1000 -> 0.5664 | K55: =monthly_data!$N119*0.8/1000 -> 2.2656 | L55: =L$60*(SUM(G55:K55)/SUM(G$60:K$60)) -> 0.56522666 | M55: =M$60*(SUM(H55:L55)/SUM(H$60:L$60)) -> 0.8155765 | N55: =N$60*(SUM(I55:M55)/SUM(I$60:M$60)) -> 0.74797218 | O55: =O$60*(SUM(J55:N55)/SUM(J$60:N$60)) -> 0.79421545 | P55: =P$60*(SUM(K55:O55)/SUM(K$60:O$60)) -> 0.94822215 | Q55: =Q$60*(SUM(L55:P55)/SUM(L$60:P$60)) -> 0.94901314 | R55: =R$60*(SUM(M55:Q55)/SUM(M$60:Q$60)) -> 0.91498951 | S55: =S$60*(SUM(N55:R55)/SUM(N$60:R$60)) -> 0.87907086 | ... V55: =V$60*(SUM(Q55:U55)/SUM(Q$60:U$60)) -> 0.85939184
A56: September | B56: =monthly_data!$N12*0.8/1000 -> 0 | C56: =monthly_data!$N24*0.8/1000 -> 0 | D56: =monthly_data!$N36*0.8/1000 -> 2.3912 | E56: =monthly_data!$N48*0.8/1000 -> 0 | F56: =monthly_data!$N60*0.8/1000 -> 0 | G56: =monthly_data!$N72*0.8/1000 -> 0 | H56: =monthly_data!$N84*0.8/1000 -> 0 | I56: =monthly_data!$N96*0.8/1000 -> 0.3976 | J56: =monthly_data!$N108*0.8/1000 -> 1.1968 | K56: =monthly_data!$N120*0.8/1000 -> 0 | L56: =L$60*(SUM(G56:K56)/SUM(G$60:K$60)) -> 0.18715679 | M56: =M$60*(SUM(H56:L56)/SUM(H$60:L$60)) -> 0.27005216 | N56: =N$60*(SUM(I56:M56)/SUM(I$60:M$60)) -> 0.3642578 | O56: =O$60*(SUM(J56:N56)/SUM(J$60:N$60)) -> 0.3231226 | P56: =P$60*(SUM(K56:O56)/SUM(K$60:O$60)) -> 0.20917529 | Q56: =Q$60*(SUM(L56:P56)/SUM(L$60:P$60)) -> 0.33187026 | R56: =R$60*(SUM(M56:Q56)/SUM(M$60:Q$60)) -> 0.32223077 | S56: =S$60*(SUM(N56:R56)/SUM(N$60:R$60)) -> 0.31304732 | ... V56: =V$60*(SUM(Q56:U56)/SUM(Q$60:U$60)) -> 0.2943296
A57: October | B57: =monthly_data!$N13*0.8/1000 -> 0 | C57: =monthly_data!$N25*0.8/1000 -> 0 | D57: =monthly_data!$N37*0.8/1000 -> 0 | E57: =monthly_data!$N49*0.8/1000 -> 0 | F57: =monthly_data!$N61*0.8/1000 -> 0 | G57: =monthly_data!$N73*0.8/1000 -> 0 | H57: =monthly_data!$N85*0.8/1000 -> 0 | I57: =monthly_data!$N97*0.8/1000 -> 0 | J57: =monthly_data!$N109*0.8/1000 -> 0.58 | K57: =monthly_data!$N121*0.8/1000 -> 4.8648 | L57: =L$60*(SUM(G57:K57)/SUM(G$60:K$60)) -> 0.63913152 | M57: =M$60*(SUM(H57:L57)/SUM(H$60:L$60)) -> 0.92221526 | N57: =N$60*(SUM(I57:M57)/SUM(I$60:M$60)) -> 1.243923 | O57: =O$60*(SUM(J57:N57)/SUM(J$60:N$60)) -> 1.3208284 | P57: =P$60*(SUM(K57:O57)/SUM(K$60:O$60)) -> 1.6430991 | Q57: =Q$60*(SUM(L57:P57)/SUM(L$60:P$60)) -> 1.4142968 | R57: =R$60*(SUM(M57:Q57)/SUM(M$60:Q$60)) -> 1.4072912 | S57: =S$60*(SUM(N57:R57)/SUM(N$60:R$60)) -> 1.4191064 | ... V57: =V$60*(SUM(Q57:U57)/SUM(Q$60:U$60)) -> 1.3482472
A58: November | B58: =monthly_data!$N14*0.8/1000 -> 0 | C58: =monthly_data!$N26*0.8/1000 -> 1.7264 | D58: =monthly_data!$N38*0.8/1000 -> 0 | E58: =monthly_data!$N50*0.8/1000 -> 0 | F58: =monthly_data!$N62*0.8/1000 -> 0 | G58: =monthly_data!$N74*0.8/1000 -> 0 | H58: =monthly_data!$N86*0.8/1000 -> 0 | I58: =monthly_data!$N98*0.8/1000 -> 0.4104 | J58: =monthly_data!$N110*0.8/1000 -> 0.2336 | K58: =monthly_data!$N122*0.8/1000 -> 2.644 | L58: =L$60*(SUM(G58:K58)/SUM(G$60:K$60)) -> 0.38595806 | M58: =M$60*(SUM(H58:L58)/SUM(H$60:L$60)) -> 0.55690637 | N58: =N$60*(SUM(I58:M58)/SUM(I$60:M$60)) -> 0.75117891 | O58: =O$60*(SUM(J58:N58)/SUM(J$60:N$60)) -> 0.73191579 | P58: =P$60*(SUM(K58:O58)/SUM(K$60:O$60)) -> 0.92654205 | Q58: =Q$60*(SUM(L58:P58)/SUM(L$60:P$60)) -> 0.82185292 | R58: =R$60*(SUM(M58:Q58)/SUM(M$60:Q$60)) -> 0.81465172 | S58: =S$60*(SUM(N58:R58)/SUM(N$60:R$60)) -> 0.81683695 | ... V58: =V$60*(SUM(Q58:U58)/SUM(Q$60:U$60)) -> 0.77638773
A59: December | B59: =monthly_data!$N15*0.8/1000 -> 0 | C59: =monthly_data!$N27*0.8/1000 -> 0 | D59: =monthly_data!$N39*0.8/1000 -> 0 | E59: =monthly_data!$N51*0.8/1000 -> 2.3336 | F59: =monthly_data!$N63*0.8/1000 -> 0 | G59: =monthly_data!$N75*0.8/1000 -> 0 | H59: =monthly_data!$N87*0.8/1000 -> 0 | I59: =monthly_data!$N99*0.8/1000 -> 0 | J59: =monthly_data!$N111*0.8/1000 -> 0.2664 | K59: =monthly_data!$N123*0.8/1000 -> 0 | L59: =L60-SUM(L48:L58) -> 1.1800362 | M59: =M60-SUM(M48:M58) -> 0.21925388 | N59: =N60-SUM(N48:N58) -> 0.29573892 | O59: =O60-SUM(O48:O58) -> 0.31402294 | P59: =P60-SUM(P48:P58) -> 0.36715703 | Q59: =Q60-SUM(Q48:Q58) -> 0.58251861 | R59: =R60-SUM(R48:R58) -> 0.38248747 | S59: =S60-SUM(S48:S58) -> 0.39203674 | ... V59: =V60-SUM(V48:V58) -> 0.41262874
A60: Total | B60: =SUM(B48:B59) -> 0 | C60: =SUM(C48:C59) -> 1.7264 | D60: =SUM(D48:D59) -> 4.764 | E60: =SUM(E48:E59) -> 2.3336 | F60: =SUM(F48:F59) -> 2.5136 | G60: =SUM(G48:G59) -> 17.3192 | H60: =SUM(H48:H59) -> 12.7752 | I60: =SUM(I48:I59) -> 0.808 | ... K60: =SUM(K48:K59) -> 21.3544 | L60: =L8 -> 7.65568 | M60: =M8 -> 8.421248 | N60: =N8 -> 9.0907328 | O60: =O8 -> 9.5234061 | P60: =P8 -> 10.242387 | Q60: =Q8 -> 11.015265 | R60: =R8 -> 10.384872 | S60: =S8 -> 10.145839 | ... V60: =V8 -> 9.8450398
A62: Jet Fuel Domestic Use
A63: thousand tonnes | B63: =B2 -> 2015 | C63: =C2 -> 2016 | D63: =D2 -> 2017 | E63: =E2 -> 2018 | F63: =F2 -> 2019 | G63: =G2 -> 2020 | H63: =H2 -> 2021 | I63: =I2 -> 2022 | ... V63: =V2 -> 2035
A64: January | B64: =monthly_data!$M4*0.8/1000 -> 115.6512 | C64: =monthly_data!$M16*0.8/1000 -> 119.38 | D64: =monthly_data!$M28*0.8/1000 -> 132.26 | E64: =monthly_data!$M40*0.8/1000 -> 140.6472 | F64: =monthly_data!$M52*0.8/1000 -> 169.5464 | G64: =monthly_data!$M64*0.8/1000 -> 142.26 | H64: =monthly_data!$M76*0.8/1000 -> 45.3856 | I64: =monthly_data!$M88*0.8/1000 -> 80.776 | J64: =monthly_data!$M100*0.8/1000 -> 121.008 | K64: =monthly_data!$M112*0.8/1000 -> 130.9416 | L64: =monthly_data!$M124*0.8/1000 -> 146.2568 | M64: =M$76*(SUM(H64:L64)/SUM(H$76:L$76)) -> 111.99827 | N64: =N$76*(SUM(I64:M64)/SUM(I$76:M$76)) -> 111.76033 | O64: =O$76*(SUM(J64:N64)/SUM(J$76:N$76)) -> 114.02935 | P64: =P$76*(SUM(K64:O64)/SUM(K$76:O$76)) -> 112.63243 | Q64: =Q$76*(SUM(L64:P64)/SUM(L$76:P$76)) -> 109.22959 | R64: =R$76*(SUM(M64:Q64)/SUM(M$76:Q$76)) -> 110.57684 | S64: =S$76*(SUM(N64:R64)/SUM(N$76:R$76)) -> 117.41892 | T64: =T$76*(SUM(O64:S64)/SUM(O$76:S$76)) -> 119.17322 | ... V64: =V$76*(SUM(Q64:U64)/SUM(Q$76:U$76)) -> 115.62126
A65: February | B65: =monthly_data!M5*0.8/1000 -> 103.9656 | C65: =monthly_data!$M17*0.8/1000 -> 110.7344 | D65: =monthly_data!$M29*0.8/1000 -> 116.8736 | E65: =monthly_data!$M41*0.8/1000 -> 124.6088 | F65: =monthly_data!$M53*0.8/1000 -> 150.3808 | G65: =monthly_data!$M65*0.8/1000 -> 128.2616 | H65: =monthly_data!$M77*0.8/1000 -> 39.7256 | I65: =monthly_data!$M89*0.8/1000 -> 82.132 | J65: =monthly_data!$M101*0.8/1000 -> 107.7064 | K65: =monthly_data!$M113*0.8/1000 -> 120.876 | L65: =monthly_data!$M125*0.8/1000 -> 127.4736 | M65: =M$76*(SUM(H65:L65)/SUM(H$76:L$76)) -> 102.0762 | N65: =N$76*(SUM(I65:M65)/SUM(I$76:M$76)) -> 102.16934 | O65: =O$76*(SUM(J65:N65)/SUM(J$76:N$76)) -> 102.72414 | P65: =P$76*(SUM(K65:O65)/SUM(K$76:O$76)) -> 101.70463 | Q65: =Q$76*(SUM(L65:P65)/SUM(L$76:P$76)) -> 98.148912 | R65: =R$76*(SUM(M65:Q65)/SUM(M$76:Q$76)) -> 100.13922 | S65: =S$76*(SUM(N65:R65)/SUM(N$76:R$76)) -> 106.1988 | T65: =T$76*(SUM(O65:S65)/SUM(O$76:S$76)) -> 107.55544 | ... V65: =V$76*(SUM(Q65:U65)/SUM(Q$76:U$76)) -> 104.3851
A66: March | B66: =monthly_data!M6*0.8/1000 -> 117.5664 | C66: =monthly_data!$M18*0.8/1000 -> 116.29841 | D66: =monthly_data!$M30*0.8/1000 -> 127.54 | E66: =monthly_data!$M42*0.8/1000 -> 135.1176 | F66: =monthly_data!$M54*0.8/1000 -> 150.1736 | G66: =monthly_data!$M66*0.8/1000 -> 79.6296 | H66: =monthly_data!$M78*0.8/1000 -> 44.3792 | I66: =monthly_data!$M90*0.8/1000 -> 98.3528 | J66: =monthly_data!$M102*0.8/1000 -> 121.0008 | K66: =monthly_data!$M114*0.8/1000 -> 127.936 | L66: =L$76*(SUM(G66:K66)/SUM(G$76:K$76)) -> 116.34169 | M66: =M$76*(SUM(H66:L66)/SUM(H$76:L$76)) -> 108.50451 | N66: =N$76*(SUM(I66:M66)/SUM(I$76:M$76)) -> 108.19658 | O66: =O$76*(SUM(J66:N66)/SUM(J$76:N$76)) -> 106.69853 | P66: =P$76*(SUM(K66:O66)/SUM(K$76:O$76)) -> 103.96796 | Q66: =Q$76*(SUM(L66:P66)/SUM(L$76:P$76)) -> 99.533118 | R66: =R$76*(SUM(M66:Q66)/SUM(M$76:Q$76)) -> 104.10617 | S66: =S$76*(SUM(N66:R66)/SUM(N$76:R$76)) -> 109.90421 | ... V66: =V$76*(SUM(Q66:U66)/SUM(Q$76:U$76)) -> 107.46622
A67: April | B67: =monthly_data!M7*0.8/1000 -> 104.148 | C67: =monthly_data!$M19*0.8/1000 -> 105.05813 | D67: =monthly_data!$M31*0.8/1000 -> 111.6248 | E67: =monthly_data!$M43*0.8/1000 -> 123.8608 | F67: =monthly_data!$M55*0.8/1000 -> 130.8592 | G67: =monthly_data!$M67*0.8/1000 -> 14.5184 | H67: =monthly_data!$M79*0.8/1000 -> 37.1344 | I67: =monthly_data!$M91*0.8/1000 -> 85.5832 | J67: =monthly_data!$M103*0.8/1000 -> 111.0536 | K67: =monthly_data!$M115*0.8/1000 -> 110.3848 | L67: =L$76*(SUM(G67:K67)/SUM(G$76:K$76)) -> 88.540058 | M67: =M$76*(SUM(H67:L67)/SUM(H$76:L$76)) -> 92.418318 | N67: =N$76*(SUM(I67:M67)/SUM(I$76:M$76)) -> 92.281873 | O67: =O$76*(SUM(J67:N67)/SUM(J$76:N$76)) -> 90.693019 | P67: =P$76*(SUM(K67:O67)/SUM(K$76:O$76)) -> 86.869566 | Q67: =Q$76*(SUM(L67:P67)/SUM(L$76:P$76)) -> 82.525374 | R67: =R$76*(SUM(M67:Q67)/SUM(M$76:Q$76)) -> 87.882199 | S67: =S$76*(SUM(N67:R67)/SUM(N$76:R$76)) -> 92.603505 | ... V67: =V$76*(SUM(Q67:U67)/SUM(Q$76:U$76)) -> 90.175658
A68: May | B68: =monthly_data!M8*0.8/1000 -> 103.73978 | C68: =monthly_data!$M20*0.8/1000 -> 104.0392 | D68: =monthly_data!$M32*0.8/1000 -> 117.2368 | E68: =monthly_data!$M44*0.8/1000 -> 126.5944 | F68: =monthly_data!$M56*0.8/1000 -> 137.828 | G68: =monthly_data!$M68*0.8/1000 -> 12.1624 | H68: =monthly_data!$M80*0.8/1000 -> 32.6832 | I68: =monthly_data!$M92*0.8/1000 -> 85.056 | J68: =monthly_data!$M104*0.8/1000 -> 109.1128 | K68: =monthly_data!$M116*0.8/1000 -> 104.3704 | L68: =L$76*(SUM(G68:K68)/SUM(G$76:K$76)) -> 84.765765 | M68: =M$76*(SUM(H68:L68)/SUM(H$76:L$76)) -> 88.849727 | N68: =N$76*(SUM(I68:M68)/SUM(I$76:M$76)) -> 89.289154 | O68: =O$76*(SUM(J68:N68)/SUM(J$76:N$76)) -> 87.339634 | P68: =P$76*(SUM(K68:O68)/SUM(K$76:O$76)) -> 83.260965 | Q68: =Q$76*(SUM(L68:P68)/SUM(L$76:P$76)) -> 79.358823 | R68: =R$76*(SUM(M68:Q68)/SUM(M$76:Q$76)) -> 84.584584 | S68: =S$76*(SUM(N68:R68)/SUM(N$76:R$76)) -> 89.149926 | ... V68: =V$76*(SUM(Q68:U68)/SUM(Q$76:U$76)) -> 86.747709
A69: June | B69: =monthly_data!M9*0.8/1000 -> 101.2464 | C69: =monthly_data!$M21*0.8/1000 -> 100.8832 | D69: =monthly_data!$M33*0.8/1000 -> 111.4168 | E69: =monthly_data!$M45*0.8/1000 -> 122.0072 | F69: =monthly_data!$M57*0.8/1000 -> 136.7344 | G69: =monthly_data!$M69*0.8/1000 -> 12.9096 | H69: =monthly_data!$M81*0.8/1000 -> 30.4944 | I69: =monthly_data!$M93*0.8/1000 -> 87.4936 | J69: =monthly_data!$M105*0.8/1000 -> 109.164 | K69: =monthly_data!$M117*0.8/1000 -> 107.076 | L69: =L$76*(SUM(G69:K69)/SUM(G$76:K$76)) -> 85.692158 | M69: =M$76*(SUM(H69:L69)/SUM(H$76:L$76)) -> 89.68955 | N69: =N$76*(SUM(I69:M69)/SUM(I$76:M$76)) -> 90.605476 | O69: =O$76*(SUM(J69:N69)/SUM(J$76:N$76)) -> 88.410202 | P69: =P$76*(SUM(K69:O69)/SUM(K$76:O$76)) -> 84.51711 | Q69: =Q$76*(SUM(L69:P69)/SUM(L$76:P$76)) -> 80.349058 | R69: =R$76*(SUM(M69:Q69)/SUM(M$76:Q$76)) -> 85.665969 | S69: =S$76*(SUM(N69:R69)/SUM(N$76:R$76)) -> 90.351958 | ... V69: =V$76*(SUM(Q69:U69)/SUM(Q$76:U$76)) -> 87.883393
A70: July | B70: =monthly_data!M10*0.8/1000 -> 113.296 | C70: =monthly_data!$M22*0.8/1000 -> 116.1384 | D70: =monthly_data!$M34*0.8/1000 -> 127.644 | E70: =monthly_data!$M46*0.8/1000 -> 134.2792 | F70: =monthly_data!$M58*0.8/1000 -> 144.6184 | G70: =monthly_data!$M70*0.8/1000 -> 10.2288 | H70: =monthly_data!$M82*0.8/1000 -> 37.8944 | I70: =monthly_data!$M94*0.8/1000 -> 97.3464 | J70: =monthly_data!$M106*0.8/1000 -> 119.9784 | K70: =monthly_data!$M118*0.8/1000 -> 122.4296 | L70: =L$76*(SUM(G70:K70)/SUM(G$76:K$76)) -> 95.748972 | M70: =M$76*(SUM(H70:L70)/SUM(H$76:L$76)) -> 101.11168 | N70: =N$76*(SUM(I70:M70)/SUM(I$76:M$76)) -> 101.47925 | O70: =O$76*(SUM(J70:N70)/SUM(J$76:N$76)) -> 99.139229 | P70: =P$76*(SUM(K70:O70)/SUM(K$76:O$76)) -> 95.219324 | Q70: =Q$76*(SUM(L70:P70)/SUM(L$76:P$76)) -> 90.194918 | R70: =R$76*(SUM(M70:Q70)/SUM(M$76:Q$76)) -> 96.251039 | S70: =S$76*(SUM(N70:R70)/SUM(N$76:R$76)) -> 101.44454 | ... V70: =V$76*(SUM(Q70:U70)/SUM(Q$76:U$76)) -> 98.711281
A71: August | B71: =monthly_data!M11*0.8/1000 -> 113.0384 | C71: =monthly_data!$M23*0.8/1000 -> 117.6344 | D71: =monthly_data!$M35*0.8/1000 -> 127.3576 | E71: =monthly_data!$M47*0.8/1000 -> 137.1048 | F71: =monthly_data!$M59*0.8/1000 -> 141.2208 | G71: =monthly_data!$M71*0.8/1000 -> 9.8928 | H71: =monthly_data!$M83*0.8/1000 -> 42.8376 | I71: =monthly_data!$M95*0.8/1000 -> 103.0528 | J71: =monthly_data!$M107*0.8/1000 -> 120.7384 | K71: =monthly_data!$M119*0.8/1000 -> 123.8496 | L71: =L$76*(SUM(G71:K71)/SUM(G$76:K$76)) -> 98.833062 | M71: =M$76*(SUM(H71:L71)/SUM(H$76:L$76)) -> 104.51064 | N71: =N$76*(SUM(I71:M71)/SUM(I$76:M$76)) -> 104.19666 | O71: =O$76*(SUM(J71:N71)/SUM(J$76:N$76)) -> 101.22569 | P71: =P$76*(SUM(K71:O71)/SUM(K$76:O$76)) -> 97.546548 | Q71: =Q$76*(SUM(L71:P71)/SUM(L$76:P$76)) -> 92.687165 | R71: =R$76*(SUM(M71:Q71)/SUM(M$76:Q$76)) -> 98.824013 | S71: =S$76*(SUM(N71:R71)/SUM(N$76:R$76)) -> 104.00994 | ... V71: =V$76*(SUM(Q71:U71)/SUM(Q$76:U$76)) -> 101.28155
A72: September | B72: =monthly_data!M12*0.8/1000 -> 112.0448 | C72: =monthly_data!$M24*0.8/1000 -> 114.7376 | D72: =monthly_data!$M36*0.8/1000 -> 123.0904 | E72: =monthly_data!$M48*0.8/1000 -> 128.7152 | F72: =monthly_data!$M60*0.8/1000 -> 131.02 | G72: =monthly_data!$M72*0.8/1000 -> 13.4544 | H72: =monthly_data!$M84*0.8/1000 -> 46.5088 | I72: =monthly_data!$M96*0.8/1000 -> 100.0848 | J72: =monthly_data!$M108*0.8/1000 -> 115.5232 | K72: =monthly_data!$M120*0.8/1000 -> 114.2952 | L72: =L$76*(SUM(G72:K72)/SUM(G$76:K$76)) -> 96.239915 | M72: =M$76*(SUM(H72:L72)/SUM(H$76:L$76)) -> 100.95238 | N72: =N$76*(SUM(I72:M72)/SUM(I$76:M$76)) -> 99.679006 | O72: =O$76*(SUM(J72:N72)/SUM(J$76:N$76)) -> 96.561836 | P72: =P$76*(SUM(K72:O72)/SUM(K$76:O$76)) -> 92.98853 | Q72: =Q$76*(SUM(L72:P72)/SUM(L$76:P$76)) -> 89.045868 | R72: =R$76*(SUM(M72:Q72)/SUM(M$76:Q$76)) -> 94.686823 | S72: =S$76*(SUM(N72:R72)/SUM(N$76:R$76)) -> 99.483799 | ... V72: =V$76*(SUM(Q72:U72)/SUM(Q$76:U$76)) -> 96.995217
A73: October | B73: =monthly_data!M13*0.8/1000 -> 116.86288 | C73: =monthly_data!$M25*0.8/1000 -> 123.3496 | D73: =monthly_data!$M37*0.8/1000 -> 128.9464 | E73: =monthly_data!$M49*0.8/1000 -> 140.3872 | F73: =monthly_data!$M61*0.8/1000 -> 131.692 | G73: =monthly_data!$M73*0.8/1000 -> 18.1336 | H73: =monthly_data!$M85*0.8/1000 -> 56.9432 | I73: =monthly_data!$M97*0.8/1000 -> 119.172 | J73: =monthly_data!$M109*0.8/1000 -> 126.8176 | K73: =monthly_data!$M121*0.8/1000 -> 122.6664 | L73: =L$76*(SUM(G73:K73)/SUM(G$76:K$76)) -> 109.53703 | M73: =M$76*(SUM(H73:L73)/SUM(H$76:L$76)) -> 114.29822 | N73: =N$76*(SUM(I73:M73)/SUM(I$76:M$76)) -> 112.046 | O73: =O$76*(SUM(J73:N73)/SUM(J$76:N$76)) -> 107.31925 | P73: =P$76*(SUM(K73:O73)/SUM(K$76:O$76)) -> 103.63639 | Q73: =Q$76*(SUM(L73:P73)/SUM(L$76:P$76)) -> 100.10567 | R73: =R$76*(SUM(M73:Q73)/SUM(M$76:Q$76)) -> 106.18174 | S73: =S$76*(SUM(N73:R73)/SUM(N$76:R$76)) -> 111.33173 | ... V73: =V$76*(SUM(Q73:U73)/SUM(Q$76:U$76)) -> 108.66715
A74: November | B74: =monthly_data!M14*0.8/1000 -> 114.952 | C74: =monthly_data!$M26*0.8/1000 -> 120.5888 | D74: =monthly_data!$M38*0.8/1000 -> 131.0072 | E74: =monthly_data!$M50*0.8/1000 -> 139.3976 | F74: =monthly_data!$M62*0.8/1000 -> 128.952 | G74: =monthly_data!$M74*0.8/1000 -> 24.1864 | H74: =monthly_data!$M86*0.8/1000 -> 67.9968 | I74: =monthly_data!$M98*0.8/1000 -> 114.7328 | J74: =monthly_data!$M110*0.8/1000 -> 128.8888 | K74: =monthly_data!$M122*0.8/1000 -> 129.7136 | L74: =L$76*(SUM(G74:K74)/SUM(G$76:K$76)) -> 114.91488 | M74: =M$76*(SUM(H74:L74)/SUM(H$76:L$76)) -> 118.80719 | N74: =N$76*(SUM(I74:M74)/SUM(I$76:M$76)) -> 114.80057 | O74: =O$76*(SUM(J74:N74)/SUM(J$76:N$76)) -> 111.30863 | P74: =P$76*(SUM(K74:O74)/SUM(K$76:O$76)) -> 107.97292 | Q74: =Q$76*(SUM(L74:P74)/SUM(L$76:P$76)) -> 103.94401 | R74: =R$76*(SUM(M74:Q74)/SUM(M$76:Q$76)) -> 110.02033 | S74: =S$76*(SUM(N74:R74)/SUM(N$76:R$76)) -> 115.2772 | ... V74: =V$76*(SUM(Q74:U74)/SUM(Q$76:U$76)) -> 112.69737
A75: December | B75: =monthly_data!M15*0.8/1000 -> 119.4504 | C75: =monthly_data!$M27*0.8/1000 -> 127.1208 | D75: =monthly_data!$M39*0.8/1000 -> 137.1072 | E75: =monthly_data!$M51*0.8/1000 -> 157.1712 | F75: =monthly_data!$M63*0.8/1000 -> 140.3552 | G75: =monthly_data!$M75*0.8/1000 -> 34.744 | H75: =monthly_data!$M87*0.8/1000 -> 76.5144 | I75: =monthly_data!$M99*0.8/1000 -> 117.956 | J75: =monthly_data!$M111*0.8/1000 -> 133.7984 | K75: =monthly_data!$M123*0.8/1000 -> 142.1528 | L75: =L76-SUM(L64:L74) -> 97.596227 | M75: =M76-SUM(M64:M74) -> 121.32131 | N75: =N76-SUM(N64:N74) -> 115.89126 | O75: =O76-SUM(O64:O74) -> 111.97505 | P75: =P76-SUM(P64:P74) -> 107.86153 | Q75: =Q76-SUM(Q64:Q74) -> 101.53511 | R75: =R76-SUM(R64:R74) -> 110.36628 | S75: =S76-SUM(S64:S74) -> 115.18944 | ... V75: =V76-SUM(V64:V74) -> 112.08805
A76: Total | B76: =SUM(B64:B75) -> 1335.9619 | C76: =SUM(C64:C75) -> 1375.9629 | D76: =SUM(D64:D75) -> 1492.1048 | E76: =SUM(E64:E75) -> 1609.8912 | F76: =SUM(F64:F75) -> 1693.3808 | G76: =SUM(G64:G75) -> 500.3816 | H76: =SUM(H64:H75) -> 558.4976 | I76: =SUM(I64:I75) -> 1171.7384 | ... K76: =SUM(K64:K75) -> 1456.692 | L76: =L7 -> 1261.9402 | M76: =M7 -> 1254.538 | N76: =N7 -> 1242.3955 | O76: =O7 -> 1217.4246 | P76: =P7 -> 1178.1779 | Q76: =Q7 -> 1126.6576 | R76: =R7 -> 1189.2852 | S76: =S7 -> 1252.364 | ... V76: =V7 -> 1222.72
A78: Jet Fuel End-of-Month Inventory
A79: thousand tonnes | B79: =B2 -> 2015 | C79: =C2 -> 2016 | D79: =D2 -> 2017 | E79: =E2 -> 2018 | F79: =F2 -> 2019 | G79: =G2 -> 2020 | H79: =H2 -> 2021 | I79: =I2 -> 2022 | ... V79: =V2 -> 2035
A80: January | B80: =monthly_data!$O4*0.8/1000 -> 100.876 | C80: =monthly_data!$O16*0.8/1000 -> 109.99362 | D80: =monthly_data!$O28*0.8/1000 -> 94.3528 | E80: =monthly_data!$O40*0.8/1000 -> 102.7872 | F80: =monthly_data!$O52*0.8/1000 -> 86.912 | G80: =monthly_data!$O64*0.8/1000 -> 113.7864 | H80: =monthly_data!$O76*0.8/1000 -> 88.5976 | I80: =monthly_data!$O88*0.8/1000 -> 83.7832 | J80: =monthly_data!$O100*0.8/1000 -> 83.064 | K80: =monthly_data!$O112*0.8/1000 -> 104.1192 | L80: =monthly_data!$O124*0.8/1000 -> 108.5672
A81: February | B81: =monthly_data!$O5*0.8/1000 -> 99.8872 | C81: =monthly_data!$O17*0.8/1000 -> 116.29822 | D81: =monthly_data!$O29*0.8/1000 -> 87.168 | E81: =monthly_data!$O41*0.8/1000 -> 105.1952 | F81: =monthly_data!$O53*0.8/1000 -> 109.6128 | G81: =monthly_data!$O65*0.8/1000 -> 112.6208 | H81: =monthly_data!$O77*0.8/1000 -> 86.7696 | I81: =monthly_data!$O89*0.8/1000 -> 76.1248 | J81: =monthly_data!$O101*0.8/1000 -> 87.3456 | K81: =monthly_data!$O113*0.8/1000 -> 101.716 | L81: =monthly_data!$O125*0.8/1000 -> 96.088
A82: March | B82: =monthly_data!$O6*0.8/1000 -> 111.9616 | C82: =monthly_data!$O18*0.8/1000 -> 98.055544 | D82: =monthly_data!$O30*0.8/1000 -> 90.392 | E82: =monthly_data!$O42*0.8/1000 -> 96.616 | F82: =monthly_data!$O54*0.8/1000 -> 106.5728 | G82: =monthly_data!$O66*0.8/1000 -> 127.1216 | H82: =monthly_data!$O78*0.8/1000 -> 83.8576 | I82: =monthly_data!$O90*0.8/1000 -> 81.9544 | J82: =monthly_data!$O102*0.8/1000 -> 97.0768 | K82: =monthly_data!$O114*0.8/1000 -> 88.332
A83: April | B83: =monthly_data!$O7*0.8/1000 -> 107.764 | C83: =monthly_data!$O19*0.8/1000 -> 113.2016 | D83: =monthly_data!$O31*0.8/1000 -> 116.0376 | E83: =monthly_data!$O43*0.8/1000 -> 123.4952 | F83: =monthly_data!$O55*0.8/1000 -> 117.6968 | G83: =monthly_data!$O67*0.8/1000 -> 129.74 | H83: =monthly_data!$O79*0.8/1000 -> 83.532 | I83: =monthly_data!$O91*0.8/1000 -> 86.956 | J83: =monthly_data!$O103*0.8/1000 -> 111.4544 | K83: =monthly_data!$O115*0.8/1000 -> 94.5112
A84: May | B84: =monthly_data!$O8*0.8/1000 -> 102.81779 | C84: =monthly_data!$O20*0.8/1000 -> 125.34709 | D84: =monthly_data!$O32*0.8/1000 -> 110.8096 | E84: =monthly_data!$O44*0.8/1000 -> 110.1264 | F84: =monthly_data!$O56*0.8/1000 -> 107.1488 | G84: =monthly_data!$O68*0.8/1000 -> 119.9712 | H84: =monthly_data!$O80*0.8/1000 -> 77.348 | I84: =monthly_data!$O92*0.8/1000 -> 88.7152 | J84: =monthly_data!$O104*0.8/1000 -> 112.3064 | K84: =monthly_data!$O116*0.8/1000 -> 97.7064
A85: June | B85: =monthly_data!$O9*0.8/1000 -> 101.88174 | C85: =monthly_data!$O21*0.8/1000 -> 118.6136 | D85: =monthly_data!$O33*0.8/1000 -> 121.8152 | E85: =monthly_data!$O45*0.8/1000 -> 124.6064 | F85: =monthly_data!$O57*0.8/1000 -> 96.0936 | G85: =monthly_data!$O69*0.8/1000 -> 120.1568 | H85: =monthly_data!$O81*0.8/1000 -> 66.9496 | I85: =monthly_data!$O93*0.8/1000 -> 80.5808 | J85: =monthly_data!$O105*0.8/1000 -> 107.7936 | K85: =monthly_data!$O117*0.8/1000 -> 94.8632
A86: July | B86: =monthly_data!$O10*0.8/1000 -> 91.6576 | C86: =monthly_data!$O22*0.8/1000 -> 108.4952 | D86: =monthly_data!$O34*0.8/1000 -> 105.5744 | E86: =monthly_data!$O46*0.8/1000 -> 111.6448 | F86: =monthly_data!$O58*0.8/1000 -> 98.4896 | G86: =monthly_data!$O70*0.8/1000 -> 118.2808 | H86: =monthly_data!$O82*0.8/1000 -> 58.3056 | I86: =monthly_data!$O94*0.8/1000 -> 78.2024 | J86: =monthly_data!$O106*0.8/1000 -> 91.4376 | K86: =monthly_data!$O118*0.8/1000 -> 103.1104
A87: August | B87: =monthly_data!$O11*0.8/1000 -> 127.2496 | C87: =monthly_data!$O23*0.8/1000 -> 92.696 | D87: =monthly_data!$O35*0.8/1000 -> 104.0408 | E87: =monthly_data!$O47*0.8/1000 -> 108.2744 | F87: =monthly_data!$O59*0.8/1000 -> 100.304 | G87: =monthly_data!$O71*0.8/1000 -> 110.4184 | H87: =monthly_data!$O83*0.8/1000 -> 64.1704 | I87: =monthly_data!$O95*0.8/1000 -> 92.8104 | J87: =monthly_data!$O107*0.8/1000 -> 70.2472 | K87: =monthly_data!$O119*0.8/1000 -> 107.9568
A88: September | B88: =monthly_data!$O12*0.8/1000 -> 110.0888 | C88: =monthly_data!$O24*0.8/1000 -> 113.5936 | D88: =monthly_data!$O36*0.8/1000 -> 118.28 | E88: =monthly_data!$O48*0.8/1000 -> 100.808 | F88: =monthly_data!$O60*0.8/1000 -> 104.9688 | G88: =monthly_data!$O72*0.8/1000 -> 95.6312 | H88: =monthly_data!$O84*0.8/1000 -> 73.832 | I88: =monthly_data!$O96*0.8/1000 -> 93.8848 | J88: =monthly_data!$O108*0.8/1000 -> 79.1864 | K88: =monthly_data!$O120*0.8/1000 -> 120.8592
A89: October | B89: =monthly_data!$O13*0.8/1000 -> 107.0496 | C89: =monthly_data!$O25*0.8/1000 -> 109.3856 | D89: =monthly_data!$O37*0.8/1000 -> 111.8872 | E89: =monthly_data!$O49*0.8/1000 -> 106.772 | F89: =monthly_data!$O61*0.8/1000 -> 117.0576 | G89: =monthly_data!$O73*0.8/1000 -> 83.1632 | H89: =monthly_data!$O85*0.8/1000 -> 84.9536 | I89: =monthly_data!$O97*0.8/1000 -> 84.9368 | J89: =monthly_data!$O109*0.8/1000 -> 89.5248 | K89: =monthly_data!$O121*0.8/1000 -> 104.2696
A90: November | B90: =monthly_data!$O14*0.8/1000 -> 113.19137 | C90: =monthly_data!$O26*0.8/1000 -> 108.7064 | D90: =monthly_data!$O38*0.8/1000 -> 105.4 | E90: =monthly_data!$O50*0.8/1000 -> 104.7856 | F90: =monthly_data!$O62*0.8/1000 -> 110.1288 | G90: =monthly_data!$O74*0.8/1000 -> 85.7552 | H90: =monthly_data!$O86*0.8/1000 -> 80.3272 | I90: =monthly_data!$O98*0.8/1000 -> 86.8704 | J90: =monthly_data!$O110*0.8/1000 -> 88.9624 | K90: =monthly_data!$O122*0.8/1000 -> 98.16
A91: December | B91: =monthly_data!$O15*0.8/1000 -> 109.42517 | C91: =monthly_data!$O27*0.8/1000 -> 103.5024 | D91: =monthly_data!$O39*0.8/1000 -> 111.4224 | E91: =monthly_data!$O51*0.8/1000 -> 97.0272 | F91: =monthly_data!$O63*0.8/1000 -> 107.7712 | G91: =monthly_data!$O75*0.8/1000 -> 86.4792 | H91: =monthly_data!$O87*0.8/1000 -> 82.8416 | I91: =monthly_data!$O99*0.8/1000 -> 88.3344 | J91: =monthly_data!$O111*0.8/1000 -> 97.9736 | K91: =monthly_data!$O123*0.8/1000 -> 96.4208

Sheet Diesel
A1: Argentina Distillate Fuel Supply and Demand
A2: thousand tonnes | B2: 2015 | C2: 2016 | D2: 2017 | E2: 2018 | F2: 2019 | G2: 2020 | H2: 2021 | I2: 2022 | J2: 2023 | K2: 2024 | L2: 2025 | M2: 2026 | N2: 2027 | O2: 2028 | P2: 2029 | Q2: 2030 | R2: 2031 | S2: 2032 | T2: 2033 | U2: 2034 | V2: 2035
A3: Beginning Stocks
A4: Production
A5: Imports
A6: Total Supply
A7: Reported Domestic Consumption
A8: Diesel Adjustment
A9: Domestic Consumption
A10: Exports
A11: Total Demand
A12: Final Stocks (December 31)
A13: Stocks Change
A14: Stocks/Use
... A18: DISTILATE FUEL OIL PRODUCTION
A19: thousand tonnes | B19: =B2 -> 2015 | C19: =C2 -> 2016 | D19: =D2 -> 2017 | E19: =E2 -> 2018 | F19: =F2 -> 2019 | G19: =G2 -> 2020 | H19: =H2 -> 2021 | I19: =I2 -> 2022 | ... V19: =V2 -> 2035
A20: January
A21: February
A22: March
A23: April
A24: May
A25: June
A26: July
A27: August
A28: September
A29: October
A30: November
A31: December
... A34: IMPORTS
A35: thousand tonnes | B35: =B2 -> 2015 | C35: =C2 -> 2016 | D35: =D2 -> 2017 | E35: =E2 -> 2018 | F35: =F2 -> 2019 | G35: =G2 -> 2020 | H35: =H2 -> 2021 | I35: =I2 -> 2022 | ... V35: =V2 -> 2035
A36: January
A37: February
A38: March
A39: April
A40: May
A41: June
A42: July
A43: August
A44: September
A45: October
A46: November
A47: December
... A50: EXPORTS
A51: thousand tonnes | B51: =B35 -> 2015 | C51: =C35 -> 2016 | D51: =D35 -> 2017 | E51: =E35 -> 2018 | F51: =F35 -> 2019 | G51: =G35 -> 2020 | H51: =H35 -> 2021 | I51: =I35 -> 2022 | ... V51: =V35 -> 2035
A52: January
A53: February
A54: March
A55: April
A56: May
A57: June
A58: July
A59: August
A60: September
A61: October
A62: November
A63: December
... A66: DISTILATE FUEL OIL CONSUMPTION
A67: thousand tonnes | B67: =B$2 -> 2015 | C67: =C$2 -> 2016 | D67: =D$2 -> 2017 | E67: =E$2 -> 2018 | F67: =F$2 -> 2019 | G67: =G$2 -> 2020 | H67: =H$2 -> 2021 | I67: =I$2 -> 2022 | ... V67: =V$2 -> 2035
A68: January
A69: February
A70: March
A71: April
A72: May
A73: June
A74: July
A75: August
A76: September
A77: October
A78: November
A79: December
... A82: DISTILATE FUEL OIL ADJUSTMENT
A83: thousand tonnes | B83: =B2 -> 2015 | C83: =C2 -> 2016 | D83: =D2 -> 2017 | E83: =E2 -> 2018 | F83: =F2 -> 2019 | G83: =G2 -> 2020 | H83: =H2 -> 2021 | I83: =I2 -> 2022 | ... V83: =V2 -> 2035
A84: January
A85: February
A86: March
A87: April
A88: May
A89: June
A90: July
A91: August
A92: September
A93: October
A94: November
A95: December
... A98: DISTILATE FUEL OIL CALCULATED DOMESTIC CONSUMPTION
A99: thousand tonnes | B99: =B2 -> 2015 | C99: =C2 -> 2016 | D99: =D2 -> 2017 | E99: =E2 -> 2018 | F99: =F2 -> 2019 | G99: =G2 -> 2020 | H99: =H2 -> 2021 | I99: =I2 -> 2022 | ... V99: =V2 -> 2035
A100: January
A101: February
A102: March
A103: April
A104: May
A105: June
A106: July
A107: August
A108: September
A109: October
A110: November
A111: December
... A114: DISTILATE FUEL OIL STOCKS
A115: thousand tonnes | B115: =B2 -> 2015 | C115: =C2 -> 2016 | D115: =D2 -> 2017 | E115: =E2 -> 2018 | F115: =F2 -> 2019 | G115: =G2 -> 2020 | H115: =H2 -> 2021 | I115: =I2 -> 2022 | ... V115: =V2 -> 2035
...
