Workbook

Sheet Data Sources
A2: Data Series and Source | B2: Link | C2: Web Page
A3: Biodiesel sales | B3: https://www.gov.br/anp/pt-br/centrais-de-conteudo/dados-abertos/vendas-de-derivados-de-petroleo-e-biocombustiveis
A4: Biodiesel production | B4: https://www.gov.br/anp/pt-br/centrais-de-conteudo/dados-abertos/producao-de-biocombustiveis
A5: Monthly capacity data | B5: https://www.gov.br/anp/pt-br/centrais-de-conteudo/paineis-dinamicos-da-anp/paineis-e-mapa-dinamicos-de-produtores-de-combustiveis-e-derivados/painel-dinamico-de-produtores-de-biodiesel
A6: Distributor Procurement Data - HISTORY | B6: Distributor Procurement Data — National Agency of Petroleum, Natural Gas and Biofuels
A7: Statistics biodiesel and products | B7: Statistical data — National Agency of Petroleum, Natural Gas and Biofuels
A8: Distributor Procurement Data? | B8: Biodiesel Marketing — National Agency of Petroleum, Natural Gas and Biofuels
A14: megalitre = 1000 m3 | B14: Biodiesel | C14: Diesel | D14: Kerosene (Jet)
A15: 1000 kg = 1 tonne | B15: 1 liter = 0.834kg | C15: 1 tonne = 1175.36 liters | D15: 1tonne = 1250 liters
B16: 1 m3 = 0.87 tonnes | C16: 1 m3 = 0.85 tonnes | D16: 1 m3 = 0.8 tonnes
B17: 1 tonne = 1.14m3 | C17: 1 tonne = 1.18m3 | D17: 1tonne=1.25m3
B18: 1 gallon = 3.785412 liters | C18: 1 tonne = 310.5 gallons | D18: 1tonne=330.22gallons
B19: 1 tonne = 1143.25 liters | C19: 1kg=0.31 gallons | D19: 1kg=0.33gallons
C21: =250000000/1175.36 -> 212700.79 | D21: =280000000/1250 -> 224000

Sheet Capacity
C2: Biodiesel capacity by region m3/d
C3: Bahia | D3: Ceará | E3: Goiás | F3: Mato Grosso | G3: Mato Grosso do Sul | H3: Minas Gerais | I3: Pará | J3: Paraná | K3: Piauí | L3: Rio de Janeiro | M3: Rio Grande do Sul | N3: Rondônia | O3: Santa Catarina | P3: São Paulo | Q3: Tocantins | R3: (blank) | S3: Total Biodiesel Operating Capacity
A4: 43101 | B4: 2018 | C4: 1103 | D4: 301 | E4: 3345 | F4: 3977 | G4: 1000 | H4: 422 | J4: 1983 | L4: 616 | M4: 6033 | N4: 90 | O4: 510 | P4: 1521 | Q4: 881 | S4: 21782
A5: 43132 | B5: 2018 | C5: 1103 | D5: 301 | E5: 3345 | F5: 3977 | G5: 1000 | H5: 422 | J5: 1983 | L5: 616 | M5: 6033 | N5: 90 | O5: 510 | P5: 1521 | Q5: 881 | S5: 21782
A6: 43160 | B6: 2018 | C6: 1103 | D6: 301 | E6: 3345 | F6: 3977 | G6: 1000 | H6: 422 | J6: 1983 | L6: 616 | M6: 6033 | N6: 90 | O6: 510 | P6: 1521 | Q6: 881 | S6: 21782
A7: 43191 | B7: 2018 | C7: 1103 | D7: 301 | E7: 3345 | F7: 4577 | G7: 1000 | H7: 422 | J7: 1983 | L7: 616 | M7: 6033 | N7: 90 | O7: 510 | P7: 1521 | Q7: 881 | S7: 22382
A8: 43221 | B8: 2018 | C8: 1103 | D8: 301 | E8: 3345 | F8: 4661 | G8: 1000 | H8: 422 | J8: 1983 | L8: 616 | M8: 6283 | N8: 90 | O8: 510 | P8: 1521 | Q8: 881 | S8: 22716
A9: 43252 | B9: 2018 | C9: 1103 | D9: 301 | E9: 3345 | F9: 4661 | G9: 1000 | H9: 422 | J9: 1983 | L9: 616 | M9: 6283 | N9: 90 | O9: 510 | P9: 1521 | Q9: 881 | S9: 22716
A10: 43282 | B10: 2018 | C10: 1103 | D10: 301 | E10: 3345 | F10: 4661 | G10: 1000 | H10: 422 | J10: 1983 | L10: 616 | M10: 6283 | N10: 90 | O10: 510 | P10: 1721 | Q10: 881 | S10: 22916
A11: 43313 | B11: 2018 | C11: 1103 | D11: 301 | E11: 3345 | F11: 4911 | G11: 1000 | H11: 422 | J11: 1983 | L11: 616 | M11: 6283 | N11: 90 | O11: 510 | P11: 1721 | Q11: 881 | S11: 23166
A12: 43344 | B12: 2018 | C12: 1403 | D12: 301 | E12: 3345 | F12: 4911 | G12: 1000 | H12: 422 | J12: 1983 | L12: 616 | M12: 6283 | N12: 90 | O12: 510 | P12: 1721 | Q12: 881 | S12: 23466
A13: 43374 | B13: 2018 | C13: 1403 | D13: 301 | E13: 3345 | F13: 4911 | G13: 1000 | H13: 422 | J13: 1983 | L13: 616 | M13: 6283 | N13: 90 | O13: 510 | P13: 1721 | Q13: 881 | S13: 23466
A14: 43405 | B14: 2018 | C14: 1403 | D14: 301 | E14: 3345 | F14: 4911 | G14: 1000 | H14: 422 | J14: 1983 | L14: 616 | M14: 6283 | N14: 90 | O14: 510 | P14: 1721 | Q14: 881 | S14: 23466
A15: 43435 | B15: 2018 | C15: 1403 | D15: 301 | E15: 3345 | F15: 4911 | G15: 1000 | H15: 422 | J15: 1983 | L15: 616 | M15: 6533 | N15: 90 | O15: 510 | P15: 1721 | Q15: 881 | S15: 23716
... A24: 43709 | B24: 2019 | C24: 1403 | D24: 301 | E24: 3500 | F24: 5993 | G24: 1300 | H24: 422 | J24: 2213 | L24: 616 | M24: 6733 | N24: 90 | O24: 510 | P24: 1321 | Q24: 881 | S24: 25283
A25: 43739 | B25: 2019 | C25: 1403 | D25: 301 | E25: 3500 | F25: 5993 | G25: 1300 | H25: 422 | J25: 2213 | K25: 250 | L25: 616 | M25: 6733 | N25: 90 | O25: 510 | P25: 1321 | Q25: 881 | S25: 25533
A26: 43770 | B26: 2019 | C26: 1645 | D26: 301 | E26: 3500 | F26: 5993 | G26: 1300 | H26: 463 | J26: 2213 | K26: 250 | L26: 616 | M26: 6733 | N26: 90 | O26: 510 | P26: 1321 | Q26: 881 | S26: 25816
A27: 43800 | B27: 2019 | C27: 1645 | D27: 50 | E27: 3500 | F27: 5693 | G27: 1300 | H27: 463 | J27: 2213 | K27: 250 | L27: 616 | M27: 6733 | N27: 90 | O27: 510 | P27: 1321 | Q27: 881 | S27: 25265
A28: 43831 | B28: 2020 | C28: 1645 | D28: 50 | E28: 3500 | F28: 5993 | G28: 1300 | H28: 463 | J28: 2213 | K28: 250 | L28: 616 | M28: 7083 | N28: 90 | O28: 510 | P28: 1321 | Q28: 881 | S28: 25915
A29: 43862 | B29: 2020 | C29: 1645 | D29: 50 | E29: 3500 | F29: 5993 | G29: 1300 | H29: 463 | J29: 2213 | K29: 250 | L29: 616 | M29: 7083 | N29: 90 | O29: 510 | P29: 1321 | Q29: 881 | S29: 25915
A30: 43891 | B30: 2020 | C30: 1645 | D30: 50 | E30: 3500 | F30: 6173 | G30: 1300 | H30: 463 | J30: 2277 | K30: 250 | L30: 616 | M30: 7433 | N30: 90 | O30: 510 | P30: 1321 | Q30: 881 | S30: 26509
A31: 43922 | B31: 2020 | C31: 1645 | D31: 50 | E31: 3500 | F31: 6263 | G31: 1300 | H31: 463 | J31: 2277 | K31: 250 | L31: 616 | M31: 7433 | N31: 90 | O31: 510 | P31: 1321 | Q31: 881 | S31: 26599
A32: 43952 | B32: 2020 | C32: 1645 | D32: 50 | E32: 3500 | F32: 6263 | G32: 1300 | H32: 463 | J32: 2277 | K32: 250 | L32: 616 | M32: 8033 | N32: 90 | O32: 510 | P32: 1321 | Q32: 881 | S32: 27199
A33: 43983 | B33: 2020 | C33: 1645 | D33: 50 | E33: 3500 | F33: 6263 | G33: 1300 | H33: 463 | J33: 2277 | K33: 250 | L33: 616 | M33: 8033 | N33: 90 | O33: 510 | P33: 1321 | Q33: 881 | S33: 27199
A34: 44013 | B34: 2020 | C34: 1645 | D34: 50 | E34: 3500 | F34: 6263 | G34: 1300 | H34: 463 | J34: 2277 | K34: 250 | L34: 616 | M34: 8033 | N34: 90 | O34: 510 | P34: 1321 | Q34: 881 | S34: 27199
A35: 44044 | B35: 2020 | C35: 1645 | D35: 50 | E35: 3500 | F35: 6263 | G35: 1300 | H35: 463 | J35: 2277 | K35: 250 | L35: 616 | M35: 8033 | N35: 90 | O35: 510 | P35: 1127 | Q35: 800 | S35: 26924
A36: 44075 | B36: 2020 | C36: 1645 | D36: 50 | E36: 3500 | F36: 6263 | G36: 1300 | H36: 463 | J36: 2277 | K36: 250 | L36: 616 | M36: 8033 | N36: 90 | O36: 510 | P36: 1127 | Q36: 800 | S36: 26924
... A53: 44593 | B53: 2022 | C53: 3145 | D53: 50 | E53: 5995 | F53: 6495 | G53: 1565 | H53: 545 | J53: 3800 | K53: 250 | L53: 616 | M53: 8183 | N53: 90 | O53: 1535 | P53: 1127 | Q53: 800 | S53: 34196
A54: 44621 | B54: 2022 | C54: 3145 | D54: 50 | E54: 5995 | F54: 7175 | G54: 1565 | H54: 545 | I54: 800 | J54: 3800 | K54: 250 | L54: 616 | M54: 8183 | N54: 90 | O54: 1535 | P54: 1127 | Q54: 800 | S54: 35676
A55: 44652 | B55: 2022 | C55: 3145 | D55: 50 | E55: 5995 | F55: 7175 | G55: 1565 | H55: 545 | I55: 800 | J55: 3800 | K55: 250 | L55: 616 | M55: 8183 | N55: 90 | O55: 1535 | P55: 1127 | Q55: 800 | S55: 35676
A56: 44682 | B56: 2022 | C56: 3145 | D56: 50 | E56: 5995 | F56: 7175 | G56: 1565 | H56: 545 | I56: 800 | J56: 3800 | K56: 250 | L56: 616 | M56: 8183 | N56: 90 | O56: 1535 | P56: 1127 | Q56: 800 | S56: 35676
A57: 44713 | B57: 2022 | C57: 3145 | D57: 50 | E57: 5995 | F57: 7175 | G57: 1565 | H57: 545 | I57: 1050 | J57: 3800 | K57: 250 | L57: 616 | M57: 8183 | N57: 690 | O57: 1535 | P57: 1127 | Q57: 800 | S57: 36526
A58: 44743 | B58: 2022 | C58: 3145 | D58: 50 | E58: 5995 | F58: 7125 | G58: 1565 | H58: 545 | I58: 1050 | J58: 4153 | K58: 250 | L58: 616 | M58: 8183 | N58: 690 | O58: 1535 | P58: 1127 | Q58: 800 | S58: 36829
A59: 44774 | B59: 2022 | C59: 3145 | D59: 50 | E59: 5995 | F59: 7125 | G59: 1565 | H59: 545 | I59: 1050 | J59: 4153 | K59: 250 | L59: 616 | M59: 8183 | N59: 690 | O59: 1535 | P59: 1127 | Q59: 800 | S59: 36829
A60: 44805 | B60: 2022 | C60: 3145 | D60: 50 | E60: 5995 | F60: 7125 | G60: 1565 | H60: 545 | I60: 1050 | J60: 4153 | K60: 250 | L60: 616 | M60: 8183 | N60: 690 | O60: 1535 | P60: 1127 | Q60: 800 | S60: 36829
A61: 44835 | B61: 2022 | C61: 3145 | D61: 50 | E61: 6195 | F61: 7125 | G61: 1565 | H61: 545 | I61: 1050 | J61: 4153 | K61: 250 | L61: 616 | M61: 8183 | N61: 690 | O61: 1535 | P61: 1127 | Q61: 800 | S61: 37029
A62: 44866 | B62: 2022 | C62: 3145 | D62: 50 | E62: 6195 | F62: 7125 | G62: 1565 | H62: 545 | I62: 1050 | J62: 4153 | K62: 250 | L62: 616 | M62: 8183 | N62: 690 | O62: 1535 | P62: 1127 | Q62: 800 | S62: 37029
A63: 44896 | B63: 2022 | C63: 3145 | D63: 50 | E63: 6195 | F63: 7125 | G63: 1965 | H63: 545 | I63: 1050 | J63: 4153 | K63: 250 | L63: 616 | M63: 8183 | N63: 690 | O63: 1535 | P63: 1127 | Q63: 800 | S63: 37429
A64: 44927 | B64: 2023 | C64: 3145 | D64: 50 | E64: 6195 | F64: 7125 | G64: 1965 | H64: 545 | I64: 1050 | J64: 4153 | K64: 250 | L64: 616 | M64: 8183 | N64: 690 | O64: 1535 | P64: 1127 | Q64: 800 | S64: 37429
A65: 44958 | B65: 2023 | C65: 3145 | D65: 50 | E65: 6195 | F65: 7125 | G65: 1965 | H65: 545 | I65: 1050 | J65: 4153 | K65: 250 | L65: 616 | M65: 8183 | N65: 690 | O65: 1535 | P65: 1127 | Q65: 800 | S65: 37429
... A74: 45231 | B74: 2023 | C74: 3145 | D74: 50 | E74: 6195 | F74: 9147 | G74: 1965 | H74: 545 | I74: 1050 | J74: 4253 | K74: 250 | L74: 616 | M74: 8183 | N74: 690 | O74: 1535 | P74: 1127 | Q74: 800 | S74: 39551
A75: 45261 | B75: 2023 | C75: 3145 | E75: 6195 | F75: 9147 | G75: 1965 | H75: 545 | I75: 1050 | J75: 4253 | K75: 250 | L75: 616 | M75: 8383 | N75: 690 | O75: 1535 | P75: 1311 | Q75: 800 | S75: 39885
A76: 45292 | B76: =YEAR(A76) -> 2024 | C76: 3145 | E76: 6145 | F76: 8567 | G76: 1965 | H76: 545 | I76: 1050 | J76: 4253 | K76: 250 | L76: 616 | M76: 8383 | N76: 690 | O76: 1535 | P76: 1311 | Q76: 800 | S76: 39255
A77: 45323 | B77: =YEAR(A77) -> 2024 | C77: 3145 | E77: 6145 | F77: 9247 | G77: 1965 | H77: 545 | I77: 1050 | J77: 4253 | K77: 250 | L77: 616 | M77: 8383 | N77: 690 | O77: 1535 | P77: 1311 | Q77: 800 | S77: 39935
A78: 45352 | B78: =YEAR(A78) -> 2024 | C78: 3145 | E78: 6145 | F78: 9247 | G78: 1965 | H78: 545 | I78: 1050 | J78: 4253 | K78: 250 | L78: 616 | M78: 8383 | N78: 690 | O78: 1535 | P78: 1311 | Q78: 800 | S78: 39935
A79: 45383 | B79: =YEAR(A79) -> 2024 | C79: 3145 | E79: 6145 | F79: 9247 | G79: 1965 | H79: 545 | I79: 1050 | J79: 4253 | K79: 250 | L79: 616 | M79: 8383 | N79: 690 | O79: 1535 | P79: 1311 | Q79: 800 | S79: 39935
A80: 45413 | B80: =YEAR(A80) -> 2024 | C80: 3145 | E80: 6145 | F80: 9247 | G80: 1965 | H80: 545 | I80: 1050 | J80: 4253 | K80: 250 | L80: 616 | M80: 8383 | N80: 690 | O80: 1535 | P80: 1311 | Q80: 800 | S80: 39935
A81: 45444 | B81: =YEAR(A81) -> 2024 | C81: 3145 | E81: 6145 | F81: 9427 | G81: 1965 | H81: 545 | I81: 1050 | J81: 4253 | K81: 250 | L81: 616 | M81: 8383 | N81: 690 | O81: 1535 | P81: 1311 | Q81: 800 | S81: 40115
A82: 45474 | B82: =YEAR(A82) -> 2024 | C82: 3145 | E82: 6145 | F82: 9327 | G82: 1965 | H82: 545 | I82: 1050 | J82: 4253 | K82: 250 | L82: 1016 | M82: 8383 | N82: 690 | O82: 1535 | P82: 1311 | Q82: 800 | S82: 40415
A83: 45505 | B83: =YEAR(A83) -> 2024 | C83: 3145 | E83: 6145 | F83: 9427 | G83: 1965 | H83: 545 | I83: 1050 | J83: 4453 | K83: 250 | L83: 1016 | M83: 8383 | N83: 690 | O83: 1535 | P83: 1311 | Q83: 800 | S83: 40715
A84: 45536 | B84: =YEAR(A84) -> 2024 | C84: 3145 | E84: 6145 | F84: 9427 | G84: 1965 | H84: 545 | I84: 1050 | J84: 4453 | K84: 250 | L84: 1016 | M84: 8383 | N84: 690 | O84: 1535 | P84: 1311 | Q84: 800 | S84: 40715
A85: 45566 | B85: =YEAR(A85) -> 2024 | C85: 3145 | E85: 6195 | F85: 10007 | G85: 1965 | H85: 545 | I85: 1050 | J85: 4453 | K85: 250 | L85: 1016 | M85: 8383 | N85: 690 | O85: 1535 | P85: 1311 | Q85: 800 | S85: 41345
A86: 45597 | B86: =YEAR(A86) -> 2024 | C86: 3145 | E86: 6195 | F86: 10007 | G86: 1965 | H86: 545 | I86: 1050 | J86: 4453 | K86: 250 | L86: 1016 | M86: 8383 | N86: 690 | O86: 1535 | P86: 1311 | Q86: 800 | S86: 41345
A87: 45627 | B87: =YEAR(A87) -> 2024 | C87: 3145 | E87: 6195 | F87: 10007 | G87: 1965 | H87: 545 | I87: 1050 | J87: 4453 | K87: 250 | L87: 1016 | M87: 8383 | N87: 690 | O87: 1535 | P87: 1311 | Q87: 800 | S87: 41345
... A89: 45689 | B89: =YEAR(A89) -> 2025 | C89: 3145.46 | E89: 6195 | F89: 10008.16 | G89: 1965 | H89: 545.45 | I89: 1050 | J89: 4453 | K89: 250 | L89: 1016.7 | M89: 8383.33 | N89: 690 | O89: 1535 | P89: 1311.6 | Q89: 800 | S89: 41348.7
A90: 45717 | B90: =YEAR(A90) -> 2025
A91: 45748 | B91: =YEAR(A91) -> 2025
A92: 45778 | B92: =YEAR(A92) -> 2025
A93: 45809 | B93: =YEAR(A93) -> 2025
A94: 45839 | B94: =YEAR(A94) -> 2025
A95: 45870 | B95: =YEAR(A95) -> 2025
A96: 45901 | B96: =YEAR(A96) -> 2025
A97: 45931 | B97: =YEAR(A97) -> 2025
A98: 45962 | B98: =YEAR(A98) -> 2025
A99: 45992 | B99: =YEAR(A99) -> 2025

Sheet annual_data
A1: Annual Total
A2: megalitre = 1000 cubic meter
A4: 2014
A5: 2015
A6: 2016
A7: 2017
A8: 2018
A9: 2019
A10: 2020
A11: 2021
A12: 2022
A13: 2023

Sheet monthly_data
B1: Biodiesel Production | C1: Biodiesel Imports | D1: Biodiesel Sales | E1: Biodiesel Distributor Use | F1: Biodiesel Exports | G1: Diesel Production | H1: Diesel Imports | I1: Diesel Sales | J1: Diesel Exports | K1: Jet Fuel Production | L1: Jet Fuel Imports | M1: Jet Fuel Sales | N1: Jet Fuel Exports
B2: m3 | C2: kg | D2: m3 | E2: m3 | F2: kg | G2: m3 | H2: m3 | I2: m3 | J2: m3 | K2: m3 | L2: m3 | M2: m3 | N2: m3
A3: 42005 | B3: 319546.49 | C3: 0 | E3: 310189 | F3: 0 | G3: 3860184 | H3: 755433 | I3: 4732999 | J3: 13037 | K3: 527561 | L3: 51444 | M3: 670087 | N3: 3212
A4: 42036 | B4: 303594.39 | C4: 0 | E4: 294498 | F4: 0 | G4: 3522225 | H4: 776384 | I4: 4071621 | J4: 3971 | K4: 448037 | L4: 241933 | M4: 580578 | N4: 34
A5: 42064 | B5: 322692.03 | C5: 0 | E5: 344155 | F5: 0 | G5: 4068457 | H5: 860924 | I5: 5013802 | J5: 20991 | K5: 453371 | L5: 51558 | M5: 622995 | N5: 3159
A6: 42095 | B6: 324526.23 | C6: 0 | E6: 331874 | F6: 0 | G6: 3979112 | H6: 486567 | I6: 4738923 | K6: 448444 | L6: 116949 | M6: 592116 | N6: 0
A7: 42125 | B7: 338850.55 | C7: 0 | E7: 324260 | F7: 0 | G7: 4427701 | H7: 666228 | I7: 4636557 | J7: 0 | K7: 474000 | L7: 211952 | M7: 608065 | N7: 0
A8: 42156 | B8: 322185.27 | C8: 0 | E8: 330396 | F8: 0 | G8: 4254604 | H8: 630065 | I8: 4863309 | J8: 17473 | K8: 477876 | L8: 160934 | M8: 591068 | N8: 0
A9: 42186 | B9: 341093.84 | C9: 0 | E9: 327165 | F9: 21986 | G9: 4269605 | H9: 895189 | I9: 4963402 | K9: 529841 | L9: 122508 | M9: 656111 | N9: 0
A10: 42217 | B10: 344037.8 | C10: 0 | E10: 340445 | F10: 0 | G10: 4317505 | H10: 28619 | I10: 5017610 | J10: 23304 | K10: 499139 | L10: 0 | M10: 618451 | N10: 2923
A11: 42248 | B11: 330388.28 | C11: 0 | E11: 341529 | F11: 0 | G11: 4470985 | H11: 522876 | I11: 4932081 | K11: 452223 | L11: 2615 | M11: 596531 | N11: 0
A12: 42278 | B12: 359165.72 | C12: 0 | E12: 357528 | F12: 0 | G12: 4411377 | H12: 343845 | I12: 5181460 | K12: 473065 | L12: 171100 | M12: 612395 | N12: 0
A13: 42309 | B13: 324662.15 | C13: 0 | E13: 320814 | F13: 0 | G13: 3917719 | H13: 773618 | I13: 4558032 | K13: 420896 | L13: 201670 | M13: 586986 | N13: 0
A14: 42339 | B14: 306525.79 | C14: 0 | E14: 311514 | F14: 10337666 | G14: 3958134 | H14: 200351 | I14: 4501075 | J14: 2509 | K14: 452406 | L14: 41288 | M14: 619691 | N14: 1158
A15: 42370 | B15: 271387.9 | C15: 0 | E15: 271304 | F15: 0 | G15: 4340058 | H15: 159879 | I15: 3942870 | J15: 2507 | K15: 508663 | L15: 40095 | M15: 654915 | N15: 0
A16: 42401 | B16: 300065.39 | C16: 0 | E16: 296948 | F16: 4 | G16: 3737505 | H16: 414869 | I16: 4284567 | J16: 501 | K16: 457101 | L16: 160764 | M16: 565502 | N16: 656
A17: 42430 | B17: 323157.66 | C17: 0 | E17: 332319 | F17: 0 | G17: 3917051 | H17: 943643 | I17: 4751359 | J17: 69069 | K17: 465184 | L17: 120816 | M17: 571441 | N17: 4574
A18: 42461 | B18: 348485.12 | C18: 0 | E18: 321669 | F18: 0 | G18: 3923990 | H18: 591296 | I18: 4572944 | J18: 39035 | K18: 428924 | L18: 227803 | M18: 531237 | N18: 686
A19: 42491 | B19: 328814.3 | C19: 0 | E19: 310284 | F19: 0 | G19: 3896197 | H19: 665351 | I19: 4499733 | J19: 104532 | K19: 387150 | L19: 306078 | M19: 549056 | N19: 13038
A20: 42522 | B20: 292772.39 | C20: 360 | E20: 323205 | F20: 0 | G20: 3924724 | H20: 614669 | I20: 4616496 | J20: 147188 | K20: 511390 | L20: 24988 | M20: 539190 | N20: 466
A21: 42552 | B21: 337435.2 | C21: 0 | E21: 311131 | F21: 0 | G21: 3705479 | H21: 861562 | I21: 4697057 | K21: 548155 | L21: 54882 | M21: 584940 | N21: 4418
A22: 42583 | B22: 327183.08 | C22: 0 | E22: 330832 | F22: 80 | G22: 3863525 | H22: 780326 | I22: 4903385 | J22: 22746 | K22: 516929 | L22: 41146 | M22: 572162 | N22: 262
A23: 42614 | B23: 313309.16 | C23: 0 | E23: 333044 | F23: 0 | G23: 3595229 | H23: 769797 | I23: 4775598 | K23: 435265 | L23: 106182 | M23: 538965 | N23: 3427
A24: 42644 | B24: 341024.12 | C24: 0 | E24: 332245 | F24: 0 | G24: 3971110 | H24: 659024 | I24: 4631472 | K24: 546078 | L24: 148478 | M24: 554820 | N24: 1011
A25: 42675 | B25: 321559.97 | C25: 0 | E25: 313127 | F25: 0 | G25: 3417354 | H25: 727003 | I25: 4400046 | K25: 506543 | L25: 0 | M25: 528356 | N25: 685
A26: 42705 | B26: 296144.68 | C26: 0 | E26: 305293 | F26: 50 | G26: 3077585 | H26: 730904 | I26: 4203043 | J26: 90844 | K26: 477896 | L26: 43055 | M26: 574163 | N26: 104
A27: 42736 | B27: 244887.56 | C27: 0 | D27: 14 | E27: 262159 | F27: 0 | G27: 3314716 | H27: 832683 | I27: 3959167 | J27: 92173 | K27: 543195 | L27: 121493 | M27: 605899 | N27: 8905
A28: 42767 | B28: 247453.04 | C28: 0 | D28: 14 | E28: 262379 | F28: 0 | G28: 3090867 | H28: 1164008 | I28: 4034946 | J28: 46927 | K28: 490564 | L28: 26488 | M28: 500332 | N28: 0
A29: 42795 | B29: 317165.9 | C29: 0 | D29: 12 | E29: 355433 | F29: 0 | G29: 3510738 | H29: 834017 | I29: 4852097 | J29: 60845 | K29: 505903 | L29: 78043 | M29: 561215 | N29: 4477
A30: 42826 | B30: 329460.46 | C30: 0 | D30: 11 | E30: 330418 | F30: 0 | G30: 3469239 | H30: 802638 | I30: 4146624 | K30: 496604 | L30: 0 | M30: 515493 | N30: 4401
A31: 42856 | B31: 352692.08 | C31: 0 | D31: 11 | E31: 370564 | F31: 0 | G31: 3503426 | H31: 803462 | I31: 4614687 | J31: 49359 | K31: 451291 | L31: 50682 | M31: 536720 | N31: 0
A32: 42887 | B32: 343226.81 | C32: 0 | D32: 14 | E32: 362652 | F32: 0 | G32: 3319345 | H32: 1226452 | I32: 4677454 | J32: 48228 | K32: 499828 | L32: 97901 | M32: 525071 | N32: 142
A33: 42917 | B33: 370037.74 | C33: 0 | D33: 14 | E33: 374082 | F33: 0 | G33: 3399743 | H33: 1170133 | I33: 4821464 | J33: 47068 | K33: 505434 | L33: 0 | M33: 588714 | N33: 2928
A34: 42948 | B34: 382017.4 | C34: 0 | D34: 13 | E34: 400801 | F34: 0 | G34: 3367737 | H34: 1257353 | I34: 5001582 | J34: 55841 | K34: 493532 | L34: 50177 | M34: 569898 | N34: 5176
A35: 42979 | B35: 380706.07 | C35: 0 | D35: 12 | E35: 401897 | F35: 0 | G35: 3434036 | H35: 986908 | I35: 4856584 | K35: 491959 | L35: 48152 | M35: 544054 | N35: 592
A36: 43009 | B36: 391344.05 | C36: 0 | D36: 15 | E36: 402462 | F36: 113760 | G36: 3520994 | H36: 1345545 | I36: 4915778 | K36: 558166 | L36: 101854 | M36: 572377 | N36: 0
A37: 43040 | B37: 370189.55 | C37: 0 | D37: 15 | E37: 379438 | F37: 0 | G37: 3394375 | H37: 1275430 | I37: 4640682 | J37: 288 | K37: 534189 | L37: 0 | M37: 562003 | N37: 0
A38: 43070 | B38: 364614.89 | C38: 0 | D38: 12 | E38: 356763 | F38: 0 | G38: 3300613 | H38: 1256600 | I38: 4251226 | J38: 100239 | K38: 597935 | L38: 1005 | M38: 612403 | N38: 5994
A39: 43101 | B39: 322623.75 | C39: 0 | D39: 11 | E39: 329980 | F39: 0 | G39: 2941940 | H39: 1637906 | I39: 4135742 | J39: 80098 | K39: 681509 | L39: 159653 | M39: 645418 | N39: 4520
A40: 43132 | B40: 321713.03 | C40: 0 | D40: 16 | E40: 342836 | F40: 0 | G40: 2777597 | H40: 968888 | I40: 4120482 | J40: 190422 | K40: 527169 | L40: 47322 | M40: 535221 | N40: 5928
A41: 43160 | B41: 437239.92 | C41: 0 | D41: 14 | E41: 443543 | F41: 0 | G41: 3303556 | H41: 1064485 | I41: 4825773 | J41: 427374 | K41: 513682 | L41: 24323 | M41: 578385 | N41: 6000
A42: 43191 | B42: 448705.71 | C42: 0 | D42: 16 | E42: 453044 | F42: 44 | G42: 3380686 | H42: 1158593 | I42: 4618470 | J42: 148261 | K42: 569354 | L42: 410 | M42: 567781 | N42: 4429
A43: 43221 | B43: 382497.49 | C43: 0 | D43: 13 | E43: 347730 | F43: 0 | G43: 3853552 | H43: 736601 | I43: 3772603 | J43: 63419 | K43: 553007 | L43: 0 | M43: 579525 | N43: 3008
A44: 43252 | B44: 466897.56 | C44: 0 | D44: 15 | E44: 489967 | F44: 0 | G44: 3746955 | H44: 670083 | I44: 5011752 | J44: 20392 | K44: 533852 | L44: 55920 | M44: 570391 | N44: 6643
A45: 43282 | B45: 489079.74 | C45: 0 | D45: 15 | E45: 483288 | F45: 19340 | G45: 3943519 | H45: 714476 | I45: 4982153 | J45: 1977 | K45: 556399 | L45: 50425 | M45: 643327 | N45: 9259
A46: 43313 | B46: 485842.72 | C46: 0 | D46: 15 | E46: 511622 | F46: 0 | G46: 3665201 | H46: 737135 | I46: 5197650 | J46: 3678 | K46: 450297 | L46: 0 | M46: 609593 | N46: 8330
A47: 43344 | B47: 479932.52 | C47: 0 | D47: 14 | E47: 474586 | F47: 0 | G47: 3466066 | H47: 473050 | I47: 4759701 | J47: 2892 | K47: 453219 | L47: 100633 | M47: 592489 | N47: 10698
A48: 43374 | B48: 500316.26 | C48: 0 | D48: 15 | E48: 505461 | F48: 19730 | G48: 3842669 | H48: 1116641 | I48: 5058821 | J48: 3154 | K48: 488884 | L48: 194177 | M48: 604821 | N48: 43561
... A73: 44136 | B73: 556274.81 | C73: 175 | D73: 18 | E73: 520847.35 | F73: 0 | G73: 3566661 | H73: 852121 | I73: 4900948 | J73: 2932 | K73: 296355 | L73: 0 | M73: 321764 | N73: 69720
A74: 44166 | B74: 517235.71 | C74: 5950 | D74: 17 | E74: 489034.23 | F74: 0 | G74: 3566620 | H74: 928104 | I74: 4681920 | J74: 960 | K74: 358826 | L74: 81862 | M74: 387503 | N74: 66798 | O74: =SUM(M63:M74) -> 3546207
A75: 44197 | B75: 508607.98 | C75: 0 | D75: 16 | E75: 534070.68 | F75: 0 | G75: 3502674 | H75: 790919 | I75: 4523815 | J75: 1133 | K75: 396965 | L75: 0 | M75: 405265 | N75: 96132
A76: 44228 | B76: 527465.37 | C76: 6300 | D76: 17 | E76: 568845.73 | F76: 0 | G76: 3280239 | H76: 712839 | I76: 4440446 | J76: 3620 | K76: 325582 | L76: 103105 | M76: 309499 | N76: 61906
A77: 44256 | B77: 642715.21 | C77: 0 | D77: 16 | E77: 650712.51 | F77: 0 | G77: 3565161 | H77: 892303 | I77: 5496596 | J77: 1442 | K77: 246753 | L77: 51567 | M77: 296041 | N77: 96029
A78: 44287 | B78: 630953.81 | C78: 0 | D78: 20 | E78: 648161.35 | F78: 0 | G78: 3369192 | H78: 1402444 | I78: 5085851 | J78: 2094 | K78: 167367 | L78: 68226 | M78: 239777 | N78: 78518
A79: 44317 | B79: 541741.99 | C79: 702 | D79: 15 | E79: 505124.82 | F79: 18 | G79: 3551387 | H79: 1365763 | I79: 5022152 | J79: 2602 | K79: 196584 | L79: 0 | M79: 290208 | N79: 81378
A80: 44348 | B80: 527669.81 | C80: 0 | D80: 17 | E80: 512989.49 | F80: 0 | G80: 3501904 | H80: 1249470 | I80: 5116079 | J80: 2500 | K80: 297998 | L80: 0 | M80: 311438 | N80: 85785
A81: 44378 | B81: 560645.85 | C81: 6125 | D81: 17 | E81: 539260.04 | F81: 5 | G81: 3821294 | H81: 1237258 | I81: 5617510 | J81: 3284 | K81: 354572 | L81: 49290 | M81: 384343 | N81: 96933
A82: 44409 | B82: 573523.05 | C82: 0 | D82: 17 | E82: 558586.13 | F82: 1682080 | G82: 3615320 | H82: 1672299 | I82: 5727325 | J82: 3355 | K82: 384958 | L82: 49605 | M82: 378545 | N82: 68938
A83: 44440 | B83: 579618.08 | C83: 5950 | D83: 16 | E83: 613040.14 | F83: 359440 | G83: 3502790 | H83: 974657 | I83: 5417733 | J83: 1877 | K83: 382941 | L83: 0 | M83: 388895 | N83: 97184
A84: 44470 | B84: 622798.75 | C84: 350 | D84: 18 | E84: 637694.3 | F84: 4560236 | G84: 3912081 | H84: 1853078 | I84: 5623072 | J84: 2967 | K84: 459812 | L84: 0 | M84: 421210 | N84: 91603
A85: 44501 | B85: 529026.19 | C85: 28890 | D85: 15 | E85: 522978.56 | F85: 22500 | G85: 3610818 | H85: 1135321 | I85: 5106481 | J85: 6832 | K85: 440787 | L85: 52051 | M85: 449549 | N85: 109615
A86: 44531 | B86: 525894.98 | C86: 5950 | D86: 17 | E86: 525375.47 | F86: 22500 | G86: 3620123 | H86: 1150303 | I86: 4934506 | J86: 5019 | K86: 458787 | L86: 0 | M86: 510243 | N86: 110152
A87: 44562 | B87: 453891.47 | C87: 11900 | D87: 17 | E87: 426072.39 | F87: 0 | G87: 3763778 | H87: 1395099 | I87: 4636961 | J87: 5243 | K87: 471382 | L87: 107669 | M87: 510763 | N87: 129334 | O87: =SUM(M76:M87) -> 4490511
A88: 44593 | B88: 489514.39 | C88: 0 | D88: 16 | E88: 476594.21 | F88: 4678333 | G88: 3471945 | H88: 562035 | I88: 4929326 | J88: 3737 | K88: 421485 | L88: 50290 | M88: 422402 | N88: 85916
A89: 44621 | B89: 500195.66 | C89: 9900 | D89: 16 | E89: 501517.06 | F89: 22500 | G89: 3867470 | H89: 1192333 | I89: 5461779 | J89: 33775 | K89: 395349 | L89: 0 | M89: 484278 | N89: 156861
A90: 44652 | B90: 479670.36 | C90: 0 | D90: 20 | E90: 478940.75 | F90: 4810752 | G90: 3807842 | H90: 1557596 | I90: 4989834 | J90: 10823 | K90: 438766 | L90: 52778 | M90: 460421 | N90: 109778
A91: 44682 | B91: 536096.95 | C91: 0 | D91: 20 | E91: 543882.62 | F91: 22500 | G91: 3845126 | H91: 1448173 | I91: 5345140 | J91: 4722 | K91: 420339 | L91: 51549 | M91: 486900 | N91: 159449
A92: 44713 | B92: 507868.46 | C92: 0 | D92: 18 | E92: 511128.19 | F92: 8455517 | G92: 3866179 | H92: 959835 | I92: 5139352 | J92: 1492 | K92: 409149 | L92: 104620 | M92: 464822 | N92: 113116
A93: 44743 | B93: 568759.54 | C93: 0 | D93: 19 | E93: 529697.1 | F93: 64800 | G93: 4139514 | H93: 1337153 | I93: 5531496 | J93: 3149 | K93: 422395 | L93: 184633 | M93: 527373 | N93: 137205
A94: 44774 | B94: 582853.12 | C94: 2604 | D94: 17 | E94: 615815.38 | F94: 0 | G94: 3912299 | H94: 1846802 | I94: 5811135 | J94: 4694 | K94: 356096 | L94: 129619 | M94: 504195 | N94: 136694
A95: 44805 | B95: 549842.54 | C95: 0 | D95: 17 | E95: 550053.92 | F95: 9714910 | G95: 3561334 | H95: 1998499 | I95: 5492724 | J95: 7057 | K95: 359981 | L95: 158800 | M95: 494937 | N95: 137697
A96: 44835 | B96: 569334.15 | C96: 0 | D96: 18 | E96: 540690.67 | F96: 4850560 | G96: 3762855 | H96: 1459231 | I96: 5616166 | J96: 6617 | K96: 344504 | L96: 83192 | M96: 518437 | N96: 126457
A97: 44866 | B97: 519208.52 | C97: 0 | D97: 15 | E97: 538469.77 | F97: 0 | G97: 3784979 | H97: 679370 | I97: 5235241 | J97: 5223 | K97: 346480 | L97: 162409 | M97: 520169 | N97: 192182
A98: 44896 | B98: 497475.09 | C98: 0 | D98: 17 | E98: 480995.26 | F98: 5137742 | G98: 3746111 | H98: 1495727 | I98: 5037788 | J98: 5778 | K98: 468356 | L98: 208776 | M98: 565095 | N98: 249474 | O98: =SUM(M87:M98) -> 5959792
A99: 44927 | B99: 454949.48 | C99: 0 | D99: 17 | E99: 461596.58 | F99: 6150969 | G99: 3704301 | H99: 741788 | I99: 4542382 | J99: 2534 | K99: 413274 | L99: 150719 | M99: 601341 | N99: 160494
A100: 44958 | B100: 455451.88 | C100: 41760 | D100: 15 | E100: 463954.34 | F100: 0 | G100: 3284116 | H100: 1030127 | I100: 4805251 | J100: 4825 | K100: 441297 | L100: 49453 | M100: 486150 | N100: 217527
A101: 44986 | B101: 552702.51 | C101: 0 | D101: 19 | E101: 572246.09 | F101: 17026507 | G101: 3709576 | H101: 1718407 | I101: 5849408 | J101: 3424 | K101: 457039 | L101: 80283 | M101: 544653 | N101: 190493
A102: 45017 | B102: 578413.6 | C102: 0 | D102: 15 | E102: 574803.28 | F102: 12960719 | G102: 3760723 | H102: 932395 | I102: 4903817 | J102: 6147 | K102: 493001 | L102: 0 | M102: 508087 | N102: 161520
A103: 45047 | B103: 648757.88 | C103: 1811 | D103: 17 | E103: 622511.79 | F103: 0 | G103: 4057859 | H103: 1363113 | I103: 5645097 | J103: 4956 | K103: 427626 | L103: 82248 | M103: 528080 | N103: 191671
A104: 45078 | B104: 657257.06 | C104: 5 | D104: 20 | E104: 644081.39 | F104: 3992825 | G104: 4058395 | H104: 1080040 | I104: 5458802 | J104: 10486 | K104: 396121 | L104: 157128 | M104: 517768 | N104: 188129
A105: 45108 | B105: 717390.48 | C105: 0 | D105: 17 | E105: 683009.27 | F105: 4017747 | G105: 4165705 | H105: 1060943 | I105: 5717418 | J105: 47002 | K105: 438395 | L105: 75520 | M105: 565101 | N105: 234192
A106: 45139 | B106: 707780.58 | C106: 0 | D106: 17 | E106: 725014.03 | F106: 7133952 | G106: 4296350 | H106: 1312906 | I106: 6216642 | J106: 48849 | K106: 479721 | L106: 153988 | M106: 567998 | N106: 175761
A107: 45170 | B107: 672663.67 | C107: 177 | D107: 17 | E107: 652218.4 | F107: 8049018 | G107: 3968457 | H107: 1135329 | I107: 5761845 | J107: 34620 | K107: 448448 | L107: 0 | M107: 533161 | N107: 172864
A108: 45200 | B108: 704201.3 | C108: 1800 | D108: 16 | E108: 691930.89 | F108: 9726250 | G108: 4310058 | H108: 1216559 | I108: 5760971 | J108: 66001 | K108: 448619 | L108: 80776 | M108: 547607 | N108: 278204
A109: 45231 | B109: 700224.08 | C109: 5300 | D109: 16 | E109: 666752.99 | F109: 17814764 | G109: 3887499 | H109: 1025935 | I109: 5515565 | J109: 14061 | K109: 488600 | L109: 78308 | M109: 549347 | N109: 168415
A110: 45261 | B110: 677866.13 | C110: 7820 | D110: 16 | E110: 645316.91 | F110: 10276120 | G110: 4152791 | H110: 1878366 | I110: 5341203 | J110: 65746 | K110: 505849 | L110: 83703 | M110: 582328 | N110: 284008 | O110: =SUM(M99:M110) -> 6531621
A111: 45292 | B111: 615733.2 | C111: 7780 | D111: 16 | E111: 610601.24 | F111: 7980777 | G111: 3992672 | H111: 1046796 | I111: 5098280 | J111: 67342 | K111: 539354 | L111: 77953 | M111: 613570 | N111: 209127
A112: 45323 | B112: 636557.55 | C112: 0 | D112: 16 | E112: 638005.15 | F112: 0 | G112: 3776008 | H112: 857226 | I112: 5069880 | J112: 77209 | K112: 498483 | L112: 81941 | M112: 542912 | N112: 157419
A113: 45352 | B113: 744617.57 | C113: 5400 | D113: 16 | E113: 723375.91 | F113: 10261511 | G113: 3924135 | H113: 1239115 | I113: 5396918 | J113: 67853 | K113: 509259 | L113: 131500 | M113: 564740 | N113: 204923
A114: 45383 | B114: 764841.31 | C114: 7800 | D114: 16 | E114: 799958.95 | F114: 6045084 | G114: 3840667 | H114: 1184005 | I114: 5637923 | J114: 119065 | K114: 420563 | L114: 74258 | M114: 554135 | N114: 135780
A115: 45413 | B115: 735092.08 | C115: 9680 | D115: 17 | E115: 735162.71 | F115: 0 | G115: 3949941 | H115: 1068973 | I115: 5646877 | J115: 81620 | K115: 454836 | L115: 50961 | M115: 552306 | N115: 240323
A116: 45444 | B116: 770378.09 | C116: 9660 | D116: 20 | E116: 758079.99 | F116: 20887305 | G116: 4088640 | H116: 1514224 | I116: 5665451 | J116: 96410 | K116: 491648 | L116: 0 | M116: 548680 | N116: 159371
A117: 45474 | B117: 822084.62 | C117: 3600 | D117: 20 | E117: 843456.73 | F117: 6024736 | G117: 4080597 | H117: 1248015 | I117: 6069710 | J117: 102378 | K117: 522835 | L117: 121223 | M117: 603076 | N117: 335027
A118: 45505 | B118: 840562.43 | C118: 15838 | D118: 20 | E118: 843871.42 | F118: 6959734 | G118: 4180515 | H118: 1266190 | I118: 6114704 | J118: 146153 | K118: 427167 | L118: 157271 | M118: 584302 | N118: 277275
A119: 45536 | B119: 816959.56 | C119: 4500 | D119: 20 | E119: 791572.68 | F119: 3854539 | G119: 4198846 | H119: 1595689 | I119: 5785615 | J119: 66265 | K119: 455032 | L119: 52973 | M119: 574014 | N119: 393522
A120: 45566 | B120: 845548.55 | C120: 0 | D120: 19 | E120: 883147.45 | F120: 7200 | G120: 4496499 | H120: 1489463 | I120: 6227097 | J120: 130904 | K120: 516073 | L120: 165738 | M120: 602129 | N120: 217751
A121: 45597 | B121: 815212.82 | C121: 0 | D121: 21 | E121: 778507.43 | F121: 0 | G121: 4118252 | H121: 834446 | I121: 5535508 | J121: 11595 | K121: 479223 | L121: 155952 | M121: 602554 | N121: 250006
A122: 45627 | B122: 695109.51 | C122: 0 | D122: 20 | E122: 655262.32 | F122: 6000000 | G122: 4271487 | H122: 975056 | I122: 5013666 | J122: 61290 | K122: 546992 | L122: 50860 | M122: 632135 | N122: 326602 | O122: =SUM(M111:M122) -> 6974553 | P122: =O122*874.7 -> 6.1006415e+09
A123: 45658 | B123: 643392.66 | C123: 0 | D123: 20 | E123: 697770.04 | F123: 0 | G123: 3819532 | H123: 1245058 | I123: 5313209 | J123: 63753 | K123: 554457 | L123: 127185 | M123: 648902 | N123: 242120 | P123: =P122/1000000 -> 6100.6415
A124: 45689 | B124: 697566.47 | C124: 0 | E124: 720926.23 | F124: 12000040 | G124: 3560480 | H124: 1073374 | I124: 5241070 | J124: 106044 | K124: 481397 | L124: 127548 | M124: 558506 | N124: 341758

Sheet BD
A1: Brazil Biodiesel Supply Demand
A2: thousand tonnes | B2: 2015 | C2: 2016 | D2: 2017 | E2: 2018 | F2: 2019 | G2: 2020 | H2: 2021 | I2: 2022 | J2: 2023 | K2: 2024 | L2: 2025 | M2: 2026 | N2: 2027 | O2: 2028 | P2: 2029 | Q2: 2030 | R2: 2031 | S2: 2032 | T2: 2033 | U2: 2034 | V2: 2035
A3: Beginning Stocks | C3: =B10 -> -7.8353174 | D3: =C10 -> 9.5109668 | E3: =D10 -> -134.50903 | F3: =E10 -> -170.46759 | G3: =F10 -> -122.70262 | H3: =G10 -> -80.676462 | I3: =H10 -> -127.61884 | J3: =I10 -> -112.59268 | ... V3: =U10 -> -13.269123
A4: Production | B4: =B35 -> 3425.4236 | C4: =C35 -> 3307.1649 | D4: =D35 -> 3561.6021 | E4: =E35 -> 4600.233 | F4: =F35 -> 5135.4254 | G4: =G35 -> 5607.3064 | H4: =H35 -> 5890.4751 | I4: =I35 -> 5441.5979 | ... K4: =K35 -> 7919.3466 | L4: =L12*0.65 -> 9094.269 | M4: =M12*0.58 -> 9511.42 | N4: =N12*0.61 -> 10003.39 | O4: =O12*0.64 -> 10495.36 | P4: =P12*0.7 -> 11479.3 | Q4: =Q12*0.75 -> 12299.25 | R4: =R12*0.77 -> 12627.23 | S4: =S12*0.79 -> 12955.21 | T4: =T12*0.8 -> 13119.2 | U4: =U12*0.82 -> 13447.18 | V4: =V12*0.85 -> 13939.15
A5: Imports | B5: =B51 -> 0 | C5: =C51 -> 0.00036 | D5: =D51 -> 0 | E5: =E51 -> 2.5e-05 | F5: =F51 -> 0.006198 | G5: =G51 -> 0.008645 | H5: =H51 -> 0.054267 | I5: =I51 -> 0.024404 | ... K5: =K51 -> 0.064258 | L5: =AVERAGE(F5:K5) -> 0.036074167 | M5: =AVERAGE(G5:L5) -> 0.041053528 | N5: 50 | O5: 50 | P5: 50 | Q5: 50 | R5: 50 | S5: 50 | T5: 200 | U5: 400 | V5: 600
A6: Total Supply | B6: =B5+B4+B3 -> 3425.4236 | C6: =C5+C4+C3 -> 3299.33 | D6: =D5+D4+D3 -> 3571.1131 | E6: =E5+E4+E3 -> 4465.724 | F6: =F5+F4+F3 -> 4964.964 | G6: =G5+G4+G3 -> 5484.6124 | H6: =H5+H4+H3 -> 5809.8529 | I6: =I5+I4+I3 -> 5314.0035 | ... V6: =V5+V4+V3 -> 14525.881
A7: Sales/ Consumption | B7: =B67 -> 3422.8993 | C7: =C67 -> 3289.8189 | D7: =D67 -> 3705.5083 | E7: =E67 -> 4636.0943 | F7: =F67 -> 5087.3389 | G7: =G67 -> 5562.0179 | H7: =H67 -> 5930.825 | I7: =I67 -> 5388.8386 | ... K7: =K67 -> 7883.264 | L7: =Diesel!L7*0.15 -> 8764.5266 | M7: =Diesel!M7*0.16 -> 9573.2002 | N7: =Diesel!N7*0.165 -> 10050.065 | O7: =Diesel!O7*0.17 -> 10561.705 | P7: =Diesel!P7*0.18 -> 11406.641 | Q7: =Diesel!Q7*0.19 -> 12341.352 | R7: =Diesel!R7*0.19 -> 12649.886 | S7: =Diesel!S7*0.19 -> 12966.133 | T7: =Diesel!T7*0.19 -> 13290.287 | U7: =Diesel!U7*0.19 -> 13622.544 | V7: =Diesel!V7*0.24 -> 18067.795
A8: Exports | B8: =B83 -> 10.359652 | C8: =C83 -> 0.000134 | D8: =D83 -> 0.11376 | E8: =E83 -> 0.097314 | F8: =F83 -> 0.3277 | G8: =G83 -> 3.27101 | H8: =H83 -> 6.646779 | I8: =I83 -> 37.757614 | ... K8: =K83 -> 68.020886 | L8: =AVERAGE(F8:K8)+29 -> 64.52881 | M8: =AVERAGE(G8:L8) -> 46.228995 | N8: =AVERAGE(H8:M8) -> 53.388659 | O8: =AVERAGE(I8:N8) -> 61.178973 | P8: =AVERAGE(J8:O8) -> 65.082532 | Q8: =AVERAGE(K8:P8) -> 59.738142 | R8: =AVERAGE(L8:Q8) -> 58.357685 | S8: =AVERAGE(M8:R8) -> 57.329164 | T8: =AVERAGE(N8:S8) -> 59.179193 | ... V8: =AVERAGE(P8:U8) -> 59.971833
A9: Total Use | B9: =B8+B7 -> 3433.2589 | C9: =C8+C7 -> 3289.819 | D9: =D8+D7 -> 3705.6221 | E9: =E8+E7 -> 4636.1916 | F9: =F8+F7 -> 5087.6666 | G9: =G8+G7 -> 5565.2889 | H9: =H8+H7 -> 5937.4718 | I9: =I8+I7 -> 5426.5962 | ... V9: =V8+V7 -> 18127.767
A10: Final Stocks | B10: =B6-B9 -> -7.8353174 | C10: =C6-C9 -> 9.5109668 | D10: =D6-D9 -> -134.50903 | E10: =E6-E9 -> -170.46759 | F10: =F6-F9 -> -122.70262 | G10: =G6-G9 -> -80.676462 | H10: =H6-H9 -> -127.61884 | I10: =I6-I9 -> -112.59268 | ... V10: =V6-V9 -> -3601.8857
A12: Capacity | E12: =SUM(E87:E98) -> 7235.4942 | F12: =SUM(F87:F98) -> 7725.3181 | G12: =SUM(G87:G98) -> 8658.5871 | H12: =SUM(H87:H98) -> 10060.355 | I12: =SUM(I87:I98) -> 11479.352 | J12: =SUM(J87:J98) -> 12280.808 | K12: =SUM(K87:K98) -> 12869.658 | L12: =13626+365.183 -> 13991.183 | M12: =15783-792+1408 -> 16399 | N12: =M12 -> 16399 | O12: =N12 -> 16399 | P12: =O12 -> 16399 | Q12: =P12 -> 16399 | R12: =Q12 -> 16399 | S12: =R12 -> 16399 | T12: =S12 -> 16399 | U12: =T12 -> 16399 | V12: =U12 -> 16399
A13: Operating Rate | E13: =E4/E12 -> 0.63578698 | F13: =F4/F12 -> 0.66475261 | G13: =G4/G12 -> 0.64760062 | H13: =H4/H12 -> 0.58551362 | I13: =I4/I12 -> 0.47403356 | J13: =J4/J12 -> 0.53327624 | K13: =K4/K12 -> 0.61535022 | L13: =L4/L12 -> 0.65 | ... V13: =V4/V12 -> 0.85
A21: BIODIESEL PRODUCTION
A22: thousand tonnes | B22: =B2 -> 2015 | C22: =C2 -> 2016 | D22: =D2 -> 2017 | E22: =E2 -> 2018 | F22: =F2 -> 2019 | G22: =G2 -> 2020 | H22: =H2 -> 2021 | I22: =I2 -> 2022 | ... V22: =V2 -> 2035
A23: January | B23: =monthly_data!$B3*0.87/1000 -> 278.00545 | C23: =monthly_data!$B15*0.87/1000 -> 236.10747 | D23: =monthly_data!$B27*0.87/1000 -> 213.05218 | E23: =monthly_data!$B39*0.87/1000 -> 280.68266 | F23: =monthly_data!$B51*0.87/1000 -> 388.46176 | G23: =monthly_data!$B63*0.87/1000 -> 406.80809 | H23: =monthly_data!$B75*0.87/1000 -> 442.48894 | I23: =monthly_data!$B87*0.87/1000 -> 394.88558 | J23: =monthly_data!$B99*0.87/1000 -> 395.80604 | K23: =monthly_data!$B111*0.87/1000 -> 535.68788 | L23: =monthly_data!$B123*0.87/1000 -> 559.75162 | M23: =M$35*(SUM(H23:L23)/SUM(H$35:L$35)) -> 634.72248 | N23: =N$35*(SUM(I23:M23)/SUM(I$35:M$35)) -> 654.72221 | O23: =O$35*(SUM(J23:N23)/SUM(J$35:N$35)) -> 677.48483 | P23: =P$35*(SUM(K23:O23)/SUM(K$35:O$35)) -> 747.57598 | Q23: =Q$35*(SUM(L23:P23)/SUM(L$35:P$35)) -> 796.12357 | R23: =R$35*(SUM(M23:Q23)/SUM(M$35:Q$35)) -> 824.14158 | S23: =S$35*(SUM(N23:R23)/SUM(N$35:R$35)) -> 842.37408 | T23: =T$35*(SUM(O23:S23)/SUM(O$35:S$35)) -> 852.09864 | ... V23: =V$35*(SUM(Q23:U23)/SUM(Q$35:U$35)) -> 906.02682
A24: February | B24: =monthly_data!$B4*0.87/1000 -> 264.12712 | C24: =monthly_data!$B16*0.87/1000 -> 261.05689 | D24: =monthly_data!$B28*0.87/1000 -> 215.28415 | E24: =monthly_data!$B40*0.87/1000 -> 279.89034 | F24: =monthly_data!$B52*0.87/1000 -> 361.26645 | G24: =monthly_data!$B64*0.87/1000 -> 420.37198 | H24: =monthly_data!$B76*0.87/1000 -> 458.89487 | I24: =monthly_data!$B88*0.87/1000 -> 425.87752 | J24: =monthly_data!$B100*0.87/1000 -> 396.24314 | K24: =monthly_data!$B112*0.87/1000 -> 553.80506 | L24: =monthly_data!$B124*0.87/1000 -> 606.88283 | M24: =M$35*(SUM(H24:L24)/SUM(H$35:L$35)) -> 665.54613 | N24: =N$35*(SUM(I24:M24)/SUM(I$35:M$35)) -> 687.83709 | O24: =O$35*(SUM(J24:N24)/SUM(J$35:N$35)) -> 709.06631 | P24: =P$35*(SUM(K24:O24)/SUM(K$35:O$35)) -> 786.82226 | Q24: =Q$35*(SUM(L24:P24)/SUM(L$35:P$35)) -> 840.35128 | R24: =R$35*(SUM(M24:Q24)/SUM(M$35:Q$35)) -> 866.16151 | S24: =S$35*(SUM(N24:R24)/SUM(N$35:R$35)) -> 885.67388 | T24: =T$35*(SUM(O24:S24)/SUM(O$35:S$35)) -> 896.01649 | ... V24: =V$35*(SUM(Q24:U24)/SUM(Q$35:U$35)) -> 953.44638
A25: March | B25: =monthly_data!$B5*0.87/1000 -> 280.74206 | C25: =monthly_data!$B17*0.87/1000 -> 281.14717 | D25: =monthly_data!$B29*0.87/1000 -> 275.93433 | E25: =monthly_data!$B41*0.87/1000 -> 380.39873 | F25: =monthly_data!$B53*0.87/1000 -> 402.0565 | G25: =monthly_data!$B65*0.87/1000 -> 478.75909 | H25: =monthly_data!$B77*0.87/1000 -> 559.16223 | I25: =monthly_data!$B89*0.87/1000 -> 435.17023 | J25: =monthly_data!$B101*0.87/1000 -> 480.85118 | K25: =monthly_data!$B113*0.87/1000 -> 647.81728 | L25: =L$35*(SUM(G25:K25)/SUM(G$35:K$35)) -> 753.35151 | M25: =M$35*(SUM(H25:L25)/SUM(H$35:L$35)) -> 784.02037 | N25: =N$35*(SUM(I25:M25)/SUM(I$35:M$35)) -> 805.45392 | O25: =O$35*(SUM(J25:N25)/SUM(J$35:N$35)) -> 845.79169 | P25: =P$35*(SUM(K25:O25)/SUM(K$35:O$35)) -> 936.5385 | Q25: =Q$35*(SUM(L25:P25)/SUM(L$35:P$35)) -> 1003.0165 | R25: =R$35*(SUM(M25:Q25)/SUM(M$35:Q$35)) -> 1027.0159 | S25: =S$35*(SUM(N25:R25)/SUM(N$35:R$35)) -> 1051.3185 | ... V25: =V$35*(SUM(Q25:U25)/SUM(Q$35:U$35)) -> 1133.6656
A26: April | B26: =monthly_data!$B6*0.87/1000 -> 282.33782 | C26: =monthly_data!$B18*0.87/1000 -> 303.18205 | D26: =monthly_data!$B30*0.87/1000 -> 286.6306 | E26: =monthly_data!$B42*0.87/1000 -> 390.37397 | F26: =monthly_data!$B54*0.87/1000 -> 404.46435 | G26: =monthly_data!$B66*0.87/1000 -> 382.38834 | H26: =monthly_data!$B78*0.87/1000 -> 548.92981 | I26: =monthly_data!$B90*0.87/1000 -> 417.31322 | J26: =monthly_data!$B102*0.87/1000 -> 503.21983 | K26: =monthly_data!$B114*0.87/1000 -> 665.41194 | L26: =L$35*(SUM(G26:K26)/SUM(G$35:K$35)) -> 728.88505 | M26: =M$35*(SUM(H26:L26)/SUM(H$35:L$35)) -> 780.58795 | N26: =N$35*(SUM(I26:M26)/SUM(I$35:M$35)) -> 803.94946 | O26: =O$35*(SUM(J26:N26)/SUM(J$35:N$35)) -> 848.36452 | P26: =P$35*(SUM(K26:O26)/SUM(K$35:O$35)) -> 934.28388 | Q26: =Q$35*(SUM(L26:P26)/SUM(L$35:P$35)) -> 995.94456 | R26: =R$35*(SUM(M26:Q26)/SUM(M$35:Q$35)) -> 1024.2715 | S26: =S$35*(SUM(N26:R26)/SUM(N$35:R$35)) -> 1048.8135 | ... V26: =V$35*(SUM(Q26:U26)/SUM(Q$35:U$35)) -> 1129.6307
A27: May | B27: =monthly_data!$B7*0.87/1000 -> 294.79998 | C27: =monthly_data!$B19*0.87/1000 -> 286.06844 | D27: =monthly_data!$B31*0.87/1000 -> 306.84211 | E27: =monthly_data!$B43*0.87/1000 -> 332.77282 | F27: =monthly_data!$B55*0.87/1000 -> 390.06647 | G27: =monthly_data!$B67*0.87/1000 -> 418.9001 | H27: =monthly_data!$B79*0.87/1000 -> 471.31554 | I27: =monthly_data!$B91*0.87/1000 -> 466.40435 | J27: =monthly_data!$B103*0.87/1000 -> 564.41935 | K27: =monthly_data!$B115*0.87/1000 -> 639.53011 | L27: =L$35*(SUM(G27:K27)/SUM(G$35:K$35)) -> 741.42459 | M27: =M$35*(SUM(H27:L27)/SUM(H$35:L$35)) -> 785.85793 | N27: =N$35*(SUM(I27:M27)/SUM(I$35:M$35)) -> 830.49785 | O27: =O$35*(SUM(J27:N27)/SUM(J$35:N$35)) -> 867.77661 | P27: =P$35*(SUM(K27:O27)/SUM(K$35:O$35)) -> 943.53302 | Q27: =Q$35*(SUM(L27:P27)/SUM(L$35:P$35)) -> 1013.6989 | R27: =R$35*(SUM(M27:Q27)/SUM(M$35:Q$35)) -> 1042.6373 | S27: =S$35*(SUM(N27:R27)/SUM(N$35:R$35)) -> 1069.6062 | ... V27: =V$35*(SUM(Q27:U27)/SUM(Q$35:U$35)) -> 1149.9496
A28: June | B28: =monthly_data!$B8*0.87/1000 -> 280.30118 | C28: =monthly_data!$B20*0.87/1000 -> 254.71198 | D28: =monthly_data!$B32*0.87/1000 -> 298.60732 | E28: =monthly_data!$B44*0.87/1000 -> 406.20088 | F28: =monthly_data!$B56*0.87/1000 -> 401.60367 | G28: =monthly_data!$B68*0.87/1000 -> 469.91296 | H28: =monthly_data!$B80*0.87/1000 -> 459.07273 | I28: =monthly_data!$B92*0.87/1000 -> 441.84556 | J28: =monthly_data!$B104*0.87/1000 -> 571.81364 | K28: =monthly_data!$B116*0.87/1000 -> 670.22894 | L28: =L$35*(SUM(G28:K28)/SUM(G$35:K$35)) -> 756.56957 | M28: =M$35*(SUM(H28:L28)/SUM(H$35:L$35)) -> 790.3381 | N28: =N$35*(SUM(I28:M28)/SUM(I$35:M$35)) -> 839.11011 | O28: =O$35*(SUM(J28:N28)/SUM(J$35:N$35)) -> 883.93731 | P28: =P$35*(SUM(K28:O28)/SUM(K$35:O$35)) -> 961.86545 | Q28: =Q$35*(SUM(L28:P28)/SUM(L$35:P$35)) -> 1028.9516 | R28: =R$35*(SUM(M28:Q28)/SUM(M$35:Q$35)) -> 1057.389 | S28: =S$35*(SUM(N28:R28)/SUM(N$35:R$35)) -> 1086.2508 | ... V28: =V$35*(SUM(Q28:U28)/SUM(Q$35:U$35)) -> 1167.7384
A29: July | B29: =monthly_data!$B9*0.87/1000 -> 296.75164 | C29: =monthly_data!$B21*0.87/1000 -> 293.56863 | D29: =monthly_data!$B33*0.87/1000 -> 321.93283 | E29: =monthly_data!$B45*0.87/1000 -> 425.49937 | F29: =monthly_data!$B57*0.87/1000 -> 430.94952 | G29: =monthly_data!$B69*0.87/1000 -> 524.89823 | H29: =monthly_data!$B81*0.87/1000 -> 487.76189 | I29: =monthly_data!$B93*0.87/1000 -> 494.8208 | J29: =monthly_data!$B105*0.87/1000 -> 624.12972 | K29: =monthly_data!$B117*0.87/1000 -> 715.21362 | L29: =L$35*(SUM(G29:K29)/SUM(G$35:K$35)) -> 824.31098 | M29: =M$35*(SUM(H29:L29)/SUM(H$35:L$35)) -> 857.58402 | N29: =N$35*(SUM(I29:M29)/SUM(I$35:M$35)) -> 913.1994 | O29: =O$35*(SUM(J29:N29)/SUM(J$35:N$35)) -> 958.58282 | P29: =P$35*(SUM(K29:O29)/SUM(K$35:O$35)) -> 1042.1083 | Q29: =Q$35*(SUM(L29:P29)/SUM(L$35:P$35)) -> 1117.4483 | R29: =R$35*(SUM(M29:Q29)/SUM(M$35:Q$35)) -> 1147.7045 | S29: =S$35*(SUM(N29:R29)/SUM(N$35:R$35)) -> 1179.0906 | ... V29: =V$35*(SUM(Q29:U29)/SUM(Q$35:U$35)) -> 1267.4451
A30: August | B30: =monthly_data!$B10*0.87/1000 -> 299.31288 | C30: =monthly_data!$B22*0.87/1000 -> 284.64928 | D30: =monthly_data!$B34*0.87/1000 -> 332.35514 | E30: =monthly_data!$B46*0.87/1000 -> 422.68317 | F30: =monthly_data!$B58*0.87/1000 -> 437.73663 | G30: =monthly_data!$B70*0.87/1000 -> 542.82591 | H30: =monthly_data!$B82*0.87/1000 -> 498.96505 | I30: =monthly_data!$B94*0.87/1000 -> 507.08221 | J30: =monthly_data!$B106*0.87/1000 -> 615.76911 | K30: =monthly_data!$B118*0.87/1000 -> 731.28932 | L30: =L$35*(SUM(G30:K30)/SUM(G$35:K$35)) -> 838.53023 | M30: =M$35*(SUM(H30:L30)/SUM(H$35:L$35)) -> 869.95861 | N30: =N$35*(SUM(I30:M30)/SUM(I$35:M$35)) -> 925.29476 | O30: =O$35*(SUM(J30:N30)/SUM(J$35:N$35)) -> 969.88872 | P30: =P$35*(SUM(K30:O30)/SUM(K$35:O$35)) -> 1058.2373 | Q30: =Q$35*(SUM(L30:P30)/SUM(L$35:P$35)) -> 1133.5262 | R30: =R$35*(SUM(M30:Q30)/SUM(M$35:Q$35)) -> 1163.6638 | S30: =S$35*(SUM(N30:R30)/SUM(N$35:R$35)) -> 1195.384 | ... V30: =V$35*(SUM(Q30:U30)/SUM(Q$35:U$35)) -> 1285.2635
A31: September | B31: =monthly_data!$B11*0.87/1000 -> 287.43781 | C31: =monthly_data!$B23*0.87/1000 -> 272.57897 | D31: =monthly_data!$B35*0.87/1000 -> 331.21428 | E31: =monthly_data!$B47*0.87/1000 -> 417.54129 | F31: =monthly_data!$B59*0.87/1000 -> 485.91612 | G31: =monthly_data!$B71*0.87/1000 -> 514.72134 | H31: =monthly_data!$B83*0.87/1000 -> 504.26773 | I31: =monthly_data!$B95*0.87/1000 -> 478.36301 | J31: =monthly_data!$B107*0.87/1000 -> 585.2174 | K31: =monthly_data!$B119*0.87/1000 -> 710.75482 | L31: =L$35*(SUM(G31:K31)/SUM(G$35:K$35)) -> 808.81982 | M31: =M$35*(SUM(H31:L31)/SUM(H$35:L$35)) -> 841.55277 | N31: =N$35*(SUM(I31:M31)/SUM(I$35:M$35)) -> 889.47341 | O31: =O$35*(SUM(J31:N31)/SUM(J$35:N$35)) -> 934.55525 | P31: =P$35*(SUM(K31:O31)/SUM(K$35:O$35)) -> 1021.6673 | Q31: =Q$35*(SUM(L31:P31)/SUM(L$35:P$35)) -> 1093.2025 | R31: =R$35*(SUM(M31:Q31)/SUM(M$35:Q$35)) -> 1122.2401 | S31: =S$35*(SUM(N31:R31)/SUM(N$35:R$35)) -> 1152.2477 | ... V31: =V$35*(SUM(Q31:U31)/SUM(Q$35:U$35)) -> 1239.401
A32: October | B32: =monthly_data!$B12*0.87/1000 -> 312.47417 | C32: =monthly_data!$B24*0.87/1000 -> 296.69099 | D32: =monthly_data!$B36*0.87/1000 -> 340.46932 | E32: =monthly_data!$B48*0.87/1000 -> 435.27514 | F32: =monthly_data!$B60*0.87/1000 -> 507.84052 | G32: =monthly_data!$B72*0.87/1000 -> 513.76621 | H32: =monthly_data!$B84*0.87/1000 -> 541.83491 | I32: =monthly_data!$B96*0.87/1000 -> 495.32071 | J32: =monthly_data!$B108*0.87/1000 -> 612.65513 | K32: =monthly_data!$B120*0.87/1000 -> 735.62724 | L32: =L$35*(SUM(G32:K32)/SUM(G$35:K$35)) -> 839.47783 | M32: =M$35*(SUM(H32:L32)/SUM(H$35:L$35)) -> 879.02987 | N32: =N$35*(SUM(I32:M32)/SUM(I$35:M$35)) -> 925.16004 | O32: =O$35*(SUM(J32:N32)/SUM(J$35:N$35)) -> 972.59508 | P32: =P$35*(SUM(K32:O32)/SUM(K$35:O$35)) -> 1062.3698 | Q32: =Q$35*(SUM(L32:P32)/SUM(L$35:P$35)) -> 1137.5923 | R32: =R$35*(SUM(M32:Q32)/SUM(M$35:Q$35)) -> 1168.3217 | S32: =S$35*(SUM(N32:R32)/SUM(N$35:R$35)) -> 1198.8965 | ... V32: =V$35*(SUM(Q32:U32)/SUM(Q$35:U$35)) -> 1289.771
A33: November | B33: =monthly_data!$B13*0.87/1000 -> 282.45607 | C33: =monthly_data!$B25*0.87/1000 -> 279.75718 | D33: =monthly_data!$B37*0.87/1000 -> 322.06491 | E33: =monthly_data!$B49*0.87/1000 -> 416.82097 | F33: =monthly_data!$B61*0.87/1000 -> 469.64299 | G33: =monthly_data!$B73*0.87/1000 -> 483.95909 | H33: =monthly_data!$B85*0.87/1000 -> 460.25278 | I33: =monthly_data!$B97*0.87/1000 -> 451.71142 | J33: =monthly_data!$B109*0.87/1000 -> 609.19495 | K33: =monthly_data!$B121*0.87/1000 -> 709.23515 | L33: =L$35*(SUM(G33:K33)/SUM(G$35:K$35)) -> 785.95343 | M33: =M$35*(SUM(H33:L33)/SUM(H$35:L$35)) -> 822.17952 | N33: =N$35*(SUM(I33:M33)/SUM(I$35:M$35)) -> 877.41363 | O33: =O$35*(SUM(J33:N33)/SUM(J$35:N$35)) -> 926.79741 | P33: =P$35*(SUM(K33:O33)/SUM(K$35:O$35)) -> 1006.1471 | Q33: =Q$35*(SUM(L33:P33)/SUM(L$35:P$35)) -> 1074.3398 | R33: =R$35*(SUM(M33:Q33)/SUM(M$35:Q$35)) -> 1104.9682 | S33: =S$35*(SUM(N33:R33)/SUM(N$35:R$35)) -> 1135.9759 | ... V33: =V$35*(SUM(Q33:U33)/SUM(Q$35:U$35)) -> 1220.5443
A34: December | B34: =monthly_data!$B14*0.87/1000 -> 266.67744 | C34: =monthly_data!$B26*0.87/1000 -> 257.64587 | D34: =monthly_data!$B38*0.87/1000 -> 317.21495 | E34: =monthly_data!$B50*0.87/1000 -> 412.09366 | F34: =monthly_data!$B62*0.87/1000 -> 455.42041 | G34: =monthly_data!$B74*0.87/1000 -> 449.99506 | H34: =monthly_data!$B86*0.87/1000 -> 457.52863 | I34: =monthly_data!$B98*0.87/1000 -> 432.80333 | J34: =monthly_data!$B110*0.87/1000 -> 589.74354 | K34: =monthly_data!$B122*0.87/1000 -> 604.74527 | L34: =L35-SUM(L23:L33) -> 850.31148 | M34: =M35-SUM(M23:M33) -> 800.04225 | N34: =N35-SUM(N23:N33) -> 851.27812 | O34: =O35-SUM(O23:O33) -> 900.51946 | P34: =P35-SUM(P23:P33) -> 978.15111 | Q34: =Q35-SUM(Q23:Q33) -> 1065.0544 | R34: =R35-SUM(R23:R33) -> 1078.7149 | S34: =S35-SUM(S23:S33) -> 1109.5785 | ... V34: =V35-SUM(V23:V33) -> 1196.2676
A35: Total | B35: =SUM(B23:B34) -> 3425.4236 | C35: =SUM(C23:C34) -> 3307.1649 | D35: =SUM(D23:D34) -> 3561.6021 | E35: =SUM(E23:E34) -> 4600.233 | F35: =SUM(F23:F34) -> 5135.4254 | G35: =SUM(G23:G34) -> 5607.3064 | H35: =SUM(H23:H34) -> 5890.4751 | I35: =SUM(I23:I34) -> 5441.5979 | ... K35: =SUM(K23:K34) -> 7919.3466 | L35: =L4 -> 9094.269 | M35: =M4 -> 9511.42 | N35: =N4 -> 10003.39 | O35: =O4 -> 10495.36 | P35: =P4 -> 11479.3 | Q35: =Q4 -> 12299.25 | R35: =R4 -> 12627.23 | S35: =S4 -> 12955.21 | ... V35: =V4 -> 13939.15
A37: BIODIESEL IMPORTS
A38: thousand tonnes | B38: =B2 -> 2015 | C38: =C2 -> 2016 | D38: =D2 -> 2017 | E38: =E2 -> 2018 | F38: =F2 -> 2019 | G38: =G2 -> 2020 | H38: =H2 -> 2021 | I38: =I2 -> 2022 | ... V38: =V2 -> 2035
A39: January | B39: =monthly_data!$C$3/1000000 -> 0 | C39: =monthly_data!$C15/1000000 -> 0 | D39: =monthly_data!$C27/1000000 -> 0 | E39: =monthly_data!$C39/1000000 -> 0 | F39: =monthly_data!$C51/1000000 -> 4.8e-05 | G39: =monthly_data!$C63/1000000 -> 0.000175 | H39: =monthly_data!$C75/1000000 -> 0 | I39: =monthly_data!$C87/1000000 -> 0.0119 | J39: =monthly_data!$C99/1000000 -> 0 | K39: =monthly_data!$C111/1000000 -> 0.00778 | L39: =monthly_data!$C123/1000000 -> 0 | M39: =M$51*(SUM(H39:L39)/SUM(H$51:L$51)) -> 0.0033993035 | N39: =N$51*(SUM(I39:M39)/SUM(I$51:M$51)) -> 5.141011 | O39: =O$51*(SUM(J39:N39)/SUM(J$51:N$51)) -> 5.1316576 | P39: =P$51*(SUM(K39:O39)/SUM(K$51:O$51)) -> 5.1346643 | Q39: =Q$51*(SUM(L39:P39)/SUM(L$51:P$51)) -> 5.1342708 | R39: =R$51*(SUM(M39:Q39)/SUM(M$51:Q$51)) -> 5.1351966 | S39: =S$51*(SUM(N39:R39)/SUM(N$51:R$51)) -> 5.1353601 | T39: =T$51*(SUM(O39:S39)/SUM(O$51:S$51)) -> 20.536919 | ... V39: =V$51*(SUM(Q39:U39)/SUM(Q$51:U$51)) -> 61.614527
A40: February | B40: =monthly_data!$C$3/1000000 -> 0 | C40: =monthly_data!$C16/1000000 -> 0 | D40: =monthly_data!$C28/1000000 -> 0 | E40: =monthly_data!$C40/1000000 -> 0 | F40: =monthly_data!$C52/1000000 -> 0 | G40: =monthly_data!$C64/1000000 -> 0.0003 | H40: =monthly_data!$C76/1000000 -> 0.0063 | I40: =monthly_data!$C88/1000000 -> 0 | J40: =monthly_data!$C100/1000000 -> 0.04176 | K40: =monthly_data!$C112/1000000 -> 0 | L40: =monthly_data!$C124/1000000 -> 0 | M40: =M$51*(SUM(H40:L40)/SUM(H$51:L$51)) -> 0.0083013479 | N40: =N$51*(SUM(I40:M40)/SUM(I$51:M$51)) -> 11.151374 | O40: =O$51*(SUM(J40:N40)/SUM(J$51:N$51)) -> 11.156795 | P40: =P$51*(SUM(K40:O40)/SUM(K$51:O$51)) -> 11.142481 | Q40: =Q$51*(SUM(L40:P40)/SUM(L$51:P$51)) -> 11.147252 | R40: =R$51*(SUM(M40:Q40)/SUM(M$51:Q$51)) -> 11.149262 | S40: =S$51*(SUM(N40:R40)/SUM(N$51:R$51)) -> 11.149433 | T40: =T$51*(SUM(O40:S40)/SUM(O$51:S$51)) -> 44.596178 | ... V40: =V$51*(SUM(Q40:U40)/SUM(Q$51:U$51)) -> 133.78138
A41: March | B41: =monthly_data!$C$3/1000000 -> 0 | C41: =monthly_data!$C17/1000000 -> 0 | D41: =monthly_data!$C29/1000000 -> 0 | E41: =monthly_data!$C41/1000000 -> 0 | F41: =monthly_data!$C53/1000000 -> 0 | G41: =monthly_data!$C65/1000000 -> 0.00072 | H41: =monthly_data!$C77/1000000 -> 0 | I41: =monthly_data!$C89/1000000 -> 0.0099 | J41: =monthly_data!$C101/1000000 -> 0 | K41: =monthly_data!$C113/1000000 -> 0.0054 | L41: =L$51*(SUM(G41:K41)/SUM(G$51:K$51)) -> 0.0027487106 | M41: =M$51*(SUM(H41:L41)/SUM(H$51:L$51)) -> 0.0031175328 | N41: =N$51*(SUM(I41:M41)/SUM(I$51:M$51)) -> 4.7148689 | O41: =O$51*(SUM(J41:N41)/SUM(J$51:N$51)) -> 4.7073004 | P41: =P$51*(SUM(K41:O41)/SUM(K$51:O$51)) -> 4.7100584 | Q41: =Q$51*(SUM(L41:P41)/SUM(L$51:P$51)) -> 4.710276 | R41: =R$51*(SUM(M41:Q41)/SUM(M$51:Q$51)) -> 4.7104384 | S41: =S$51*(SUM(N41:R41)/SUM(N$51:R$51)) -> 4.7105884 | ... V41: =V$51*(SUM(Q41:U41)/SUM(Q$51:U$51)) -> 56.520418
A42: April | B42: =monthly_data!$C$3/1000000 -> 0 | C42: =monthly_data!$C18/1000000 -> 0 | D42: =monthly_data!$C30/1000000 -> 0 | E42: =monthly_data!$C42/1000000 -> 0 | F42: =monthly_data!$C54/1000000 -> 0 | G42: =monthly_data!$C66/1000000 -> 0.0008 | H42: =monthly_data!$C78/1000000 -> 0 | I42: =monthly_data!$C90/1000000 -> 0 | J42: =monthly_data!$C102/1000000 -> 0 | K42: =monthly_data!$C114/1000000 -> 0.0078 | L42: =L$51*(SUM(G42:K42)/SUM(G$51:K$51)) -> 0.0014755874 | M42: =M$51*(SUM(H42:L42)/SUM(H$51:L$51)) -> 0.0016021614 | N42: =N$51*(SUM(I42:M42)/SUM(I$51:M$51)) -> 2.4230639 | O42: =O$51*(SUM(J42:N42)/SUM(J$51:N$51)) -> 2.4242418 | P42: =P$51*(SUM(K42:O42)/SUM(K$51:O$51)) -> 2.4256622 | Q42: =Q$51*(SUM(L42:P42)/SUM(L$51:P$51)) -> 2.4241021 | R42: =R$51*(SUM(M42:Q42)/SUM(M$51:Q$51)) -> 2.4241704 | S42: =S$51*(SUM(N42:R42)/SUM(N$51:R$51)) -> 2.4242481 | ... V42: =V$51*(SUM(Q42:U42)/SUM(Q$51:U$51)) -> 29.093266
A43: May | B43: =monthly_data!$C$3/1000000 -> 0 | C43: =monthly_data!$C19/1000000 -> 0 | D43: =monthly_data!$C31/1000000 -> 0 | E43: =monthly_data!$C43/1000000 -> 0 | F43: =monthly_data!$C55/1000000 -> 0 | G43: =monthly_data!$C67/1000000 -> 0 | H43: =monthly_data!$C79/1000000 -> 0.000702 | I43: =monthly_data!$C91/1000000 -> 0 | J43: =monthly_data!$C103/1000000 -> 0.001811 | K43: =monthly_data!$C115/1000000 -> 0.00968 | L43: =L$51*(SUM(G43:K43)/SUM(G$51:K$51)) -> 0.0020920742 | M43: =M$51*(SUM(H43:L43)/SUM(H$51:L$51)) -> 0.0024674442 | N43: =N$51*(SUM(I43:M43)/SUM(I$51:M$51)) -> 3.5753198 | O43: =O$51*(SUM(J43:N43)/SUM(J$51:N$51)) -> 3.5770579 | P43: =P$51*(SUM(K43:O43)/SUM(K$51:O$51)) -> 3.5782495 | Q43: =Q$51*(SUM(L43:P43)/SUM(L$51:P$51)) -> 3.5765566 | R43: =R$51*(SUM(M43:Q43)/SUM(M$51:Q$51)) -> 3.5766786 | S43: =S$51*(SUM(N43:R43)/SUM(N$51:R$51)) -> 3.5767725 | ... V43: =V$51*(SUM(Q43:U43)/SUM(Q$51:U$51)) -> 42.923815
A44: June | B44: =monthly_data!$C$3/1000000 -> 0 | C44: =monthly_data!$C20/1000000 -> 0.00036 | D44: =monthly_data!$C32/1000000 -> 0 | E44: =monthly_data!$C44/1000000 -> 0 | F44: =monthly_data!$C56/1000000 -> 0 | G44: =monthly_data!$C68/1000000 -> 0 | H44: =monthly_data!$C80/1000000 -> 0 | I44: =monthly_data!$C92/1000000 -> 0 | J44: =monthly_data!$C104/1000000 -> 5e-06 | K44: =monthly_data!$C116/1000000 -> 0.00966 | L44: =L$51*(SUM(G44:K44)/SUM(G$51:K$51)) -> 0.0016583201 | M44: =M$51*(SUM(H44:L44)/SUM(H$51:L$51)) -> 0.0019558639 | N44: =N$51*(SUM(I44:M44)/SUM(I$51:M$51)) -> 2.9579935 | O44: =O$51*(SUM(J44:N44)/SUM(J$51:N$51)) -> 2.9594315 | P44: =P$51*(SUM(K44:O44)/SUM(K$51:O$51)) -> 2.961163 | Q44: =Q$51*(SUM(L44:P44)/SUM(L$51:P$51)) -> 2.9592125 | R44: =R$51*(SUM(M44:Q44)/SUM(M$51:Q$51)) -> 2.9593316 | S44: =S$51*(SUM(N44:R44)/SUM(N$51:R$51)) -> 2.9594264 | ... V44: =V$51*(SUM(Q44:U44)/SUM(Q$51:U$51)) -> 35.515846
A45: July | B45: =monthly_data!$C$3/1000000 -> 0 | C45: =monthly_data!$C21/1000000 -> 0 | D45: =monthly_data!$C33/1000000 -> 0 | E45: =monthly_data!$C45/1000000 -> 0 | F45: =monthly_data!$C57/1000000 -> 0 | G45: =monthly_data!$C69/1000000 -> 0.00035 | H45: =monthly_data!$C81/1000000 -> 0.006125 | I45: =monthly_data!$C93/1000000 -> 0 | J45: =monthly_data!$C105/1000000 -> 0 | K45: =monthly_data!$C117/1000000 -> 0.0036 | L45: =L$51*(SUM(G45:K45)/SUM(G$51:K$51)) -> 0.0017286678 | M45: =M$51*(SUM(H45:L45)/SUM(H$51:L$51)) -> 0.0019783787 | N45: =N$51*(SUM(I45:M45)/SUM(I$51:M$51)) -> 1.6276751 | O45: =O$51*(SUM(J45:N45)/SUM(J$51:N$51)) -> 1.6284663 | P45: =P$51*(SUM(K45:O45)/SUM(K$51:O$51)) -> 1.6294204 | Q45: =Q$51*(SUM(L45:P45)/SUM(L$51:P$51)) -> 1.6289187 | R45: =R$51*(SUM(M45:Q45)/SUM(M$51:Q$51)) -> 1.6287804 | S45: =S$51*(SUM(N45:R45)/SUM(N$51:R$51)) -> 1.6286522 | ... V45: =V$51*(SUM(Q45:U45)/SUM(Q$51:U$51)) -> 19.546323
A46: August | B46: =monthly_data!$C$3/1000000 -> 0 | C46: =monthly_data!$C22/1000000 -> 0 | D46: =monthly_data!$C34/1000000 -> 0 | E46: =monthly_data!$C46/1000000 -> 0 | F46: =monthly_data!$C58/1000000 -> 0.0002 | G46: =monthly_data!$C70/1000000 -> 0 | H46: =monthly_data!$C82/1000000 -> 0 | I46: =monthly_data!$C94/1000000 -> 0.002604 | J46: =monthly_data!$C106/1000000 -> 0 | K46: =monthly_data!$C118/1000000 -> 0.015838 | L46: =L$51*(SUM(G46:K46)/SUM(G$51:K$51)) -> 0.0031642772 | M46: =M$51*(SUM(H46:L46)/SUM(H$51:L$51)) -> 0.0037320271 | N46: =N$51*(SUM(I46:M46)/SUM(I$51:M$51)) -> 5.6442128 | O46: =O$51*(SUM(J46:N46)/SUM(J$51:N$51)) -> 5.644363 | P46: =P$51*(SUM(K46:O46)/SUM(K$51:O$51)) -> 5.6476701 | Q46: =Q$51*(SUM(L46:P46)/SUM(L$51:P$51)) -> 5.6448116 | R46: =R$51*(SUM(M46:Q46)/SUM(M$51:Q$51)) -> 5.6450386 | S46: =S$51*(SUM(N46:R46)/SUM(N$51:R$51)) -> 5.6452192 | ... V46: =V$51*(SUM(Q46:U46)/SUM(Q$51:U$51)) -> 67.744938
A47: September | B47: =monthly_data!$C$3/1000000 -> 0 | C47: =monthly_data!$C23/1000000 -> 0 | D47: =monthly_data!$C35/1000000 -> 0 | E47: =monthly_data!$C47/1000000 -> 0 | F47: =monthly_data!$C59/1000000 -> 0 | G47: =monthly_data!$C71/1000000 -> 0 | H47: =monthly_data!$C83/1000000 -> 0.00595 | I47: =monthly_data!$C95/1000000 -> 0 | J47: =monthly_data!$C107/1000000 -> 0.000177 | K47: =monthly_data!$C119/1000000 -> 0.0045 | L47: =L$51*(SUM(G47:K47)/SUM(G$51:K$51)) -> 0.00182338 | M47: =M$51*(SUM(H47:L47)/SUM(H$51:L$51)) -> 0.0021505396 | N47: =N$51*(SUM(I47:M47)/SUM(I$51:M$51)) -> 1.9270284 | O47: =O$51*(SUM(J47:N47)/SUM(J$51:N$51)) -> 1.9279652 | P47: =P$51*(SUM(K47:O47)/SUM(K$51:O$51)) -> 1.9290064 | Q47: =Q$51*(SUM(L47:P47)/SUM(L$51:P$51)) -> 1.9283331 | R47: =R$51*(SUM(M47:Q47)/SUM(M$51:Q$51)) -> 1.9282251 | S47: =S$51*(SUM(N47:R47)/SUM(N$51:R$51)) -> 1.9281116 | ... V47: =V$51*(SUM(Q47:U47)/SUM(Q$51:U$51)) -> 23.139978
A48: October | B48: =monthly_data!$C$3/1000000 -> 0 | C48: =monthly_data!$C24/1000000 -> 0 | D48: =monthly_data!$C36/1000000 -> 0 | E48: =monthly_data!$C48/1000000 -> 0 | F48: =monthly_data!$C60/1000000 -> 0 | G48: =monthly_data!$C72/1000000 -> 0.000175 | H48: =monthly_data!$C84/1000000 -> 0.00035 | I48: =monthly_data!$C96/1000000 -> 0 | J48: =monthly_data!$C108/1000000 -> 0.0018 | K48: =monthly_data!$C120/1000000 -> 0 | L48: =L$51*(SUM(G48:K48)/SUM(G$51:K$51)) -> 0.00039892335 | M48: =M$51*(SUM(H48:L48)/SUM(H$51:L$51)) -> 0.00044027257 | N48: =N$51*(SUM(I48:M48)/SUM(I$51:M$51)) -> 0.58789188 | O48: =O$51*(SUM(J48:N48)/SUM(J$51:N$51)) -> 0.58817768 | P48: =P$51*(SUM(K48:O48)/SUM(K$51:O$51)) -> 0.58762356 | Q48: =Q$51*(SUM(L48:P48)/SUM(L$51:P$51)) -> 0.58787516 | R48: =R$51*(SUM(M48:Q48)/SUM(M$51:Q$51)) -> 0.58788147 | S48: =S$51*(SUM(N48:R48)/SUM(N$51:R$51)) -> 0.58788995 | ... V48: =V$51*(SUM(Q48:U48)/SUM(Q$51:U$51)) -> 7.0544266
A49: November | B49: =monthly_data!$C$3/1000000 -> 0 | C49: =monthly_data!$C25/1000000 -> 0 | D49: =monthly_data!$C37/1000000 -> 0 | E49: =monthly_data!$C49/1000000 -> 2.5e-05 | F49: =monthly_data!$C61/1000000 -> 0.00595 | G49: =monthly_data!$C73/1000000 -> 0.000175 | H49: =monthly_data!$C85/1000000 -> 0.02889 | I49: =monthly_data!$C97/1000000 -> 0 | J49: =monthly_data!$C109/1000000 -> 0.0053 | K49: =monthly_data!$C121/1000000 -> 0 | L49: =L$51*(SUM(G49:K49)/SUM(G$51:K$51)) -> 0.0058963445 | M49: =M$51*(SUM(H49:L49)/SUM(H$51:L$51)) -> 0.0069240676 | N49: =N$51*(SUM(I49:M49)/SUM(I$51:M$51)) -> 4.0363973 | O49: =O$51*(SUM(J49:N49)/SUM(J$51:N$51)) -> 4.0383595 | P49: =P$51*(SUM(K49:O49)/SUM(K$51:O$51)) -> 4.0380793 | Q49: =Q$51*(SUM(L49:P49)/SUM(L$51:P$51)) -> 4.0398083 | R49: =R$51*(SUM(M49:Q49)/SUM(M$51:Q$51)) -> 4.039063 | S49: =S$51*(SUM(N49:R49)/SUM(N$51:R$51)) -> 4.0383415 | ... V49: =V$51*(SUM(Q49:U49)/SUM(Q$51:U$51)) -> 48.465878
A50: December | B50: =monthly_data!$C$3/1000000 -> 0 | C50: =monthly_data!$C26/1000000 -> 0 | D50: =monthly_data!$C38/1000000 -> 0 | E50: =monthly_data!$C50/1000000 -> 0 | F50: =monthly_data!$C62/1000000 -> 0 | G50: =monthly_data!$C74/1000000 -> 0.00595 | H50: =monthly_data!$C86/1000000 -> 0.00595 | I50: =monthly_data!$C98/1000000 -> 0 | J50: =monthly_data!$C110/1000000 -> 0.00782 | K50: =monthly_data!$C122/1000000 -> 0 | L50: =L51-SUM(L39:L49) -> 0.015087882 | M50: =M51-SUM(M39:M49) -> 0.0049845883 | N50: =N51-SUM(N39:N49) -> 6.2131638 | O50: =O51-SUM(O39:O49) -> 6.2161843 | P50: =P51-SUM(P39:P49) -> 6.2159219 | Q50: =Q51-SUM(Q39:Q49) -> 6.2185833 | R50: =R51-SUM(R39:R49) -> 6.2159335 | S50: =S51-SUM(S39:S49) -> 6.2159574 | ... V50: =V51-SUM(V39:V49) -> 74.599199
A51: Total | B51: =SUM(B39:B50) -> 0 | C51: =SUM(C39:C50) -> 0.00036 | D51: =SUM(D39:D50) -> 0 | E51: =SUM(E39:E50) -> 2.5e-05 | F51: =SUM(F39:F50) -> 0.006198 | G51: =SUM(G39:G50) -> 0.008645 | H51: =SUM(H39:H50) -> 0.054267 | I51: =SUM(I39:I50) -> 0.024404 | ... K51: =SUM(K39:K50) -> 0.064258 | L51: =L5 -> 0.036074167 | M51: =M5 -> 0.041053528 | N51: =N5 -> 50 | O51: =O5 -> 50 | P51: =P5 -> 50 | Q51: =Q5 -> 50 | R51: =R5 -> 50 | S51: =S5 -> 50 | ... V51: =V5 -> 600
A53: BIODIESEL SALES / CONSUMPTION
A54: thousand tonnes | B54: =B2 -> 2015 | C54: =C2 -> 2016 | D54: =D2 -> 2017 | E54: =E2 -> 2018 | F54: =F2 -> 2019 | G54: =G2 -> 2020 | H54: =H2 -> 2021 | I54: =I2 -> 2022 | ... V54: =V2 -> 2035
A55: January | B55: =(monthly_data!$D3+monthly_data!$E3)*0.87/1000 -> 269.86443 | C55: =(monthly_data!$D15+monthly_data!$E15)*0.87/1000 -> 236.03448 | D55: =(monthly_data!$D27+monthly_data!$E27)*0.87/1000 -> 228.09051 | E55: =(monthly_data!$D39+monthly_data!$E39)*0.87/1000 -> 287.09217 | F55: =(monthly_data!$D51+monthly_data!$E51)*0.87/1000 -> 383.69871 | G55: =(monthly_data!$D63+monthly_data!$E63)*0.87/1000 -> 420.1961 | H55: =(monthly_data!$D75+monthly_data!$E75)*0.87/1000 -> 464.65541 | I55: =(monthly_data!$D87+monthly_data!$E87)*0.87/1000 -> 370.69777 | J55: =(monthly_data!$D99+monthly_data!$E99)*0.87/1000 -> 401.60381 | K55: =(monthly_data!$D111+monthly_data!$E111)*0.87/1000 -> 531.237 | L55: =(monthly_data!$D123+monthly_data!$E123)*0.87/1000 -> 607.07734 | M55: =M$67*(SUM(H55:L55)/SUM(H$67:L$67)) -> 660.85035 | N55: =N$67*(SUM(I55:M55)/SUM(I$67:M$67)) -> 679.17815 | O55: =O$67*(SUM(J55:N55)/SUM(J$67:N$67)) -> 712.14154 | P55: =P$67*(SUM(K55:O55)/SUM(K$67:O$67)) -> 777.07806 | Q55: =Q$67*(SUM(L55:P55)/SUM(L$67:P$67)) -> 842.1794 | R55: =R$67*(SUM(M55:Q55)/SUM(M$67:Q$67)) -> 861.12714 | S55: =S$67*(SUM(N55:R55)/SUM(N$67:R$67)) -> 880.57081 | T55: =T$67*(SUM(O55:S55)/SUM(O$67:S$67)) -> 903.32878 | ... V55: =V$67*(SUM(Q55:U55)/SUM(Q$67:U$67)) -> 1229.4985
A56: February | B56: =(monthly_data!$D4+monthly_data!$E4)*0.87/1000 -> 256.21326 | C56: =(monthly_data!$D16+monthly_data!$E16)*0.87/1000 -> 258.34476 | D56: =(monthly_data!$D28+monthly_data!$E28)*0.87/1000 -> 228.28191 | E56: =(monthly_data!$D40+monthly_data!$E40)*0.87/1000 -> 298.28124 | F56: =(monthly_data!$D52+monthly_data!$E52)*0.87/1000 -> 373.53276 | G56: =(monthly_data!$D64+monthly_data!$E64)*0.87/1000 -> 421.01151 | H56: =(monthly_data!$D76+monthly_data!$E76)*0.87/1000 -> 494.91058 | I56: =(monthly_data!$D88+monthly_data!$E88)*0.87/1000 -> 414.65088 | J56: =(monthly_data!$D100+monthly_data!$E100)*0.87/1000 -> 403.65332 | K56: =(monthly_data!$D112+monthly_data!$E112)*0.87/1000 -> 555.0784 | L56: =(monthly_data!$D124+monthly_data!$E124)*0.87/1000 -> 627.20582 | M56: =M$67*(SUM(H56:L56)/SUM(H$67:L$67)) -> 694.30021 | N56: =N$67*(SUM(I56:M56)/SUM(I$67:M$67)) -> 711.77658 | O56: =O$67*(SUM(J56:N56)/SUM(J$67:N$67)) -> 739.85318 | P56: =P$67*(SUM(K56:O56)/SUM(K$67:O$67)) -> 810.62369 | Q56: =Q$67*(SUM(L56:P56)/SUM(L$67:P$67)) -> 878.31274 | R56: =R$67*(SUM(M56:Q56)/SUM(M$67:Q$67)) -> 899.46147 | S56: =S$67*(SUM(N56:R56)/SUM(N$67:R$67)) -> 918.85386 | T56: =T$67*(SUM(O56:S56)/SUM(O$67:S$67)) -> 941.92016 | ... V56: =V$67*(SUM(Q56:U56)/SUM(Q$67:U$67)) -> 1282.8469
A57: March | B57: =(monthly_data!$D5+monthly_data!$E5)*0.87/1000 -> 299.41485 | C57: =(monthly_data!$D17+monthly_data!$E17)*0.87/1000 -> 289.11753 | D57: =(monthly_data!$D29+monthly_data!$E29)*0.87/1000 -> 309.23715 | E57: =(monthly_data!$D41+monthly_data!$E41)*0.87/1000 -> 385.89459 | F57: =(monthly_data!$D53+monthly_data!$E53)*0.87/1000 -> 392.81457 | G57: =(monthly_data!$D65+monthly_data!$E65)*0.87/1000 -> 455.8731 | H57: =(monthly_data!$D77+monthly_data!$E77)*0.87/1000 -> 566.13381 | I57: =(monthly_data!$D89+monthly_data!$E89)*0.87/1000 -> 436.33376 | J57: =(monthly_data!$D101+monthly_data!$E101)*0.87/1000 -> 497.87063 | K57: =(monthly_data!$D113+monthly_data!$E113)*0.87/1000 -> 629.35096 | L57: =L$67*(SUM(G57:K57)/SUM(G$67:K$67)) -> 726.17923 | M57: =M$67*(SUM(H57:L57)/SUM(H$67:L$67)) -> 794.56254 | N57: =N$67*(SUM(I57:M57)/SUM(I$67:M$67)) -> 814.62752 | O57: =O$67*(SUM(J57:N57)/SUM(J$67:N$67)) -> 856.21544 | P57: =P$67*(SUM(K57:O57)/SUM(K$67:O$67)) -> 930.63151 | Q57: =Q$67*(SUM(L57:P57)/SUM(L$67:P$67)) -> 1010.2785 | R57: =R$67*(SUM(M57:Q57)/SUM(M$67:Q$67)) -> 1033.4939 | S57: =S$67*(SUM(N57:R57)/SUM(N$67:R$67)) -> 1056.5034 | ... V57: =V$67*(SUM(Q57:U57)/SUM(Q$67:U$67)) -> 1475.1129
A58: April | B58: =(monthly_data!$D6+monthly_data!$E6)*0.87/1000 -> 288.73038 | C58: =(monthly_data!$D18+monthly_data!$E18)*0.87/1000 -> 279.85203 | D58: =(monthly_data!$D30+monthly_data!$E30)*0.87/1000 -> 287.47323 | E58: =(monthly_data!$D42+monthly_data!$E42)*0.87/1000 -> 394.1622 | F58: =(monthly_data!$D54+monthly_data!$E54)*0.87/1000 -> 408.57201 | G58: =(monthly_data!$D66+monthly_data!$E66)*0.87/1000 -> 406.76832 | H58: =(monthly_data!$D78+monthly_data!$E78)*0.87/1000 -> 563.91778 | I58: =(monthly_data!$D90+monthly_data!$E90)*0.87/1000 -> 416.69585 | J58: =(monthly_data!$D102+monthly_data!$E102)*0.87/1000 -> 500.0919 | K58: =(monthly_data!$D114+monthly_data!$E114)*0.87/1000 -> 695.97821 | L58: =L$67*(SUM(G58:K58)/SUM(G$67:K$67)) -> 725.58656 | M58: =M$67*(SUM(H58:L58)/SUM(H$67:L$67)) -> 807.47253 | N58: =N$67*(SUM(I58:M58)/SUM(I$67:M$67)) -> 830.87834 | O58: =O$67*(SUM(J58:N58)/SUM(J$67:N$67)) -> 880.30424 | P58: =P$67*(SUM(K58:O58)/SUM(K$67:O$67)) -> 959.6845 | Q58: =Q$67*(SUM(L58:P58)/SUM(L$67:P$67)) -> 1030.3041 | R58: =R$67*(SUM(M58:Q58)/SUM(M$67:Q$67)) -> 1057.4948 | S58: =S$67*(SUM(N58:R58)/SUM(N$67:R$67)) -> 1082.2992 | ... V58: =V$67*(SUM(Q58:U58)/SUM(Q$67:U$67)) -> 1509.7946
A59: May | B59: =(monthly_data!$D7+monthly_data!$E7)*0.87/1000 -> 282.1062 | C59: =(monthly_data!$D19+monthly_data!$E19)*0.87/1000 -> 269.94708 | D59: =(monthly_data!$D31+monthly_data!$E31)*0.87/1000 -> 322.40025 | E59: =(monthly_data!$D43+monthly_data!$E43)*0.87/1000 -> 302.53641 | F59: =(monthly_data!$D55+monthly_data!$E55)*0.87/1000 -> 384.29031 | G59: =(monthly_data!$D67+monthly_data!$E67)*0.87/1000 -> 434.50037 | H59: =(monthly_data!$D79+monthly_data!$E79)*0.87/1000 -> 439.47164 | I59: =(monthly_data!$D91+monthly_data!$E91)*0.87/1000 -> 473.19528 | J59: =(monthly_data!$D103+monthly_data!$E103)*0.87/1000 -> 541.60005 | K59: =(monthly_data!$D115+monthly_data!$E115)*0.87/1000 -> 639.60635 | L59: =L$67*(SUM(G59:K59)/SUM(G$67:K$67)) -> 710.11728 | M59: =M$67*(SUM(H59:L59)/SUM(H$67:L$67)) -> 780.12905 | N59: =N$67*(SUM(I59:M59)/SUM(I$67:M$67)) -> 830.56746 | O59: =O$67*(SUM(J59:N59)/SUM(J$67:N$67)) -> 865.96536 | P59: =P$67*(SUM(K59:O59)/SUM(K$67:O$67)) -> 931.95887 | Q59: =Q$67*(SUM(L59:P59)/SUM(L$67:P$67)) -> 1009.426 | R59: =R$67*(SUM(M59:Q59)/SUM(M$67:Q$67)) -> 1036.2454 | S59: =S$67*(SUM(N59:R59)/SUM(N$67:R$67)) -> 1063.0801 | ... V59: =V$67*(SUM(Q59:U59)/SUM(Q$67:U$67)) -> 1479.5377
A60: June | B60: =(monthly_data!$D8+monthly_data!$E8)*0.87/1000 -> 287.44452 | C60: =(monthly_data!$D20+monthly_data!$E20)*0.87/1000 -> 281.18835 | D60: =(monthly_data!$D32+monthly_data!$E32)*0.87/1000 -> 315.51942 | E60: =(monthly_data!$D44+monthly_data!$E44)*0.87/1000 -> 426.28434 | F60: =(monthly_data!$D56+monthly_data!$E56)*0.87/1000 -> 394.39275 | G60: =(monthly_data!$D68+monthly_data!$E68)*0.87/1000 -> 453.28141 | H60: =(monthly_data!$D80+monthly_data!$E80)*0.87/1000 -> 446.31565 | I60: =(monthly_data!$D92+monthly_data!$E92)*0.87/1000 -> 444.69719 | J60: =(monthly_data!$D104+monthly_data!$E104)*0.87/1000 -> 560.36821 | K60: =(monthly_data!$D116+monthly_data!$E116)*0.87/1000 -> 659.54699 | L60: =L$67*(SUM(G60:K60)/SUM(G$67:K$67)) -> 720.18209 | M60: =M$67*(SUM(H60:L60)/SUM(H$67:L$67)) -> 787.67427 | N60: =N$67*(SUM(I60:M60)/SUM(I$67:M$67)) -> 837.9155 | O60: =O$67*(SUM(J60:N60)/SUM(J$67:N$67)) -> 881.70865 | P60: =P$67*(SUM(K60:O60)/SUM(K$67:O$67)) -> 946.72891 | Q60: =Q$67*(SUM(L60:P60)/SUM(L$67:P$67)) -> 1023.021 | R60: =R$67*(SUM(M60:Q60)/SUM(M$67:Q$67)) -> 1050.0842 | S60: =S$67*(SUM(N60:R60)/SUM(N$67:R$67)) -> 1077.9306 | ... V60: =V$67*(SUM(Q60:U60)/SUM(Q$67:U$67)) -> 1500.2443
A61: July | B61: =(monthly_data!$D9+monthly_data!$E9)*0.87/1000 -> 284.63355 | C61: =(monthly_data!$D21+monthly_data!$E21)*0.87/1000 -> 270.68397 | D61: =(monthly_data!$D33+monthly_data!$E33)*0.87/1000 -> 325.46352 | E61: =(monthly_data!$D45+monthly_data!$E45)*0.87/1000 -> 420.47361 | F61: =(monthly_data!$D57+monthly_data!$E57)*0.87/1000 -> 417.85926 | G61: =(monthly_data!$D69+monthly_data!$E69)*0.87/1000 -> 543.46563 | H61: =(monthly_data!$D81+monthly_data!$E81)*0.87/1000 -> 469.17102 | I61: =(monthly_data!$D93+monthly_data!$E93)*0.87/1000 -> 460.85301 | J61: =(monthly_data!$D105+monthly_data!$E105)*0.87/1000 -> 594.23285 | K61: =(monthly_data!$D117+monthly_data!$E117)*0.87/1000 -> 733.82476 | L61: =L$67*(SUM(G61:K61)/SUM(G$67:K$67)) -> 786.84063 | M61: =M$67*(SUM(H61:L61)/SUM(H$67:L$67)) -> 847.1613 | N61: =N$67*(SUM(I61:M61)/SUM(I$67:M$67)) -> 904.06295 | O61: =O$67*(SUM(J61:N61)/SUM(J$67:N$67)) -> 955.9991 | P61: =P$67*(SUM(K61:O61)/SUM(K$67:O$67)) -> 1029.7495 | Q61: =Q$67*(SUM(L61:P61)/SUM(L$67:P$67)) -> 1108.7025 | R61: =R$67*(SUM(M61:Q61)/SUM(M$67:Q$67)) -> 1136.545 | S61: =S$67*(SUM(N61:R61)/SUM(N$67:R$67)) -> 1167.9051 | ... V61: =V$67*(SUM(Q61:U61)/SUM(Q$67:U$67)) -> 1625.6916
A62: August | B62: =(monthly_data!$D10+monthly_data!$E10)*0.87/1000 -> 296.18715 | C62: =(monthly_data!$D22+monthly_data!$E22)*0.87/1000 -> 287.82384 | D62: =(monthly_data!$D34+monthly_data!$E34)*0.87/1000 -> 348.70818 | E62: =(monthly_data!$D46+monthly_data!$E46)*0.87/1000 -> 445.12419 | F62: =(monthly_data!$D58+monthly_data!$E58)*0.87/1000 -> 437.70048 | G62: =(monthly_data!$D70+monthly_data!$E70)*0.87/1000 -> 535.25758 | H62: =(monthly_data!$D82+monthly_data!$E82)*0.87/1000 -> 485.98473 | I62: =(monthly_data!$D94+monthly_data!$E94)*0.87/1000 -> 535.77417 | J62: =(monthly_data!$D106+monthly_data!$E106)*0.87/1000 -> 630.77699 | K62: =(monthly_data!$D118+monthly_data!$E118)*0.87/1000 -> 734.18554 | L62: =L$67*(SUM(G62:K62)/SUM(G$67:K$67)) -> 820.665 | M62: =M$67*(SUM(H62:L62)/SUM(H$67:L$67)) -> 892.36224 | N62: =N$67*(SUM(I62:M62)/SUM(I$67:M$67)) -> 954.47081 | O62: =O$67*(SUM(J62:N62)/SUM(J$67:N$67)) -> 997.13051 | P62: =P$67*(SUM(K62:O62)/SUM(K$67:O$67)) -> 1071.3802 | Q62: =Q$67*(SUM(L62:P62)/SUM(L$67:P$67)) -> 1160.7076 | R62: =R$67*(SUM(M62:Q62)/SUM(M$67:Q$67)) -> 1190.5793 | S62: =S$67*(SUM(N62:R62)/SUM(N$67:R$67)) -> 1222.3103 | ... V62: =V$67*(SUM(Q62:U62)/SUM(Q$67:U$67)) -> 1700.9055
A63: September | B63: =(monthly_data!$D11+monthly_data!$E11)*0.87/1000 -> 297.13023 | C63: =(monthly_data!$D23+monthly_data!$E23)*0.87/1000 -> 289.74828 | D63: =(monthly_data!$D35+monthly_data!$E35)*0.87/1000 -> 349.66083 | E63: =(monthly_data!$D47+monthly_data!$E47)*0.87/1000 -> 412.902 | F63: =(monthly_data!$D59+monthly_data!$E59)*0.87/1000 -> 482.78997 | G63: =(monthly_data!$D71+monthly_data!$E71)*0.87/1000 -> 505.50162 | H63: =(monthly_data!$D83+monthly_data!$E83)*0.87/1000 -> 533.35884 | I63: =(monthly_data!$D95+monthly_data!$E95)*0.87/1000 -> 478.5617 | J63: =(monthly_data!$D107+monthly_data!$E107)*0.87/1000 -> 567.44479 | K63: =(monthly_data!$D119+monthly_data!$E119)*0.87/1000 -> 688.68563 | L63: =L$67*(SUM(G63:K63)/SUM(G$67:K$67)) -> 778.97806 | M63: =M$67*(SUM(H63:L63)/SUM(H$67:L$67)) -> 847.74744 | N63: =N$67*(SUM(I63:M63)/SUM(I$67:M$67)) -> 887.82086 | O63: =O$67*(SUM(J63:N63)/SUM(J$67:N$67)) -> 932.39767 | P63: =P$67*(SUM(K63:O63)/SUM(K$67:O$67)) -> 1007.2787 | Q63: =Q$67*(SUM(L63:P63)/SUM(L$67:P$67)) -> 1091.6471 | R63: =R$67*(SUM(M63:Q63)/SUM(M$67:Q$67)) -> 1118.0665 | S63: =S$67*(SUM(N63:R63)/SUM(N$67:R$67)) -> 1145.6507 | ... V63: =V$67*(SUM(Q63:U63)/SUM(Q$67:U$67)) -> 1596.9256
A64: October | B64: =(monthly_data!$D12+monthly_data!$E12)*0.87/1000 -> 311.04936 | C64: =(monthly_data!$D24+monthly_data!$E24)*0.87/1000 -> 289.05315 | D64: =(monthly_data!$D36+monthly_data!$E36)*0.87/1000 -> 350.15499 | E64: =(monthly_data!$D48+monthly_data!$E48)*0.87/1000 -> 439.76412 | F64: =(monthly_data!$D60+monthly_data!$E60)*0.87/1000 -> 525.15636 | G64: =(monthly_data!$D72+monthly_data!$E72)*0.87/1000 -> 507.53482 | H64: =(monthly_data!$D84+monthly_data!$E84)*0.87/1000 -> 554.8097 | I64: =(monthly_data!$D96+monthly_data!$E96)*0.87/1000 -> 470.41654 | J64: =(monthly_data!$D108+monthly_data!$E108)*0.87/1000 -> 601.99379 | K64: =(monthly_data!$D120+monthly_data!$E120)*0.87/1000 -> 768.35481 | L64: =L$67*(SUM(G64:K64)/SUM(G$67:K$67)) -> 815.36537 | M64: =M$67*(SUM(H64:L64)/SUM(H$67:L$67)) -> 893.35098 | N64: =N$67*(SUM(I64:M64)/SUM(I$67:M$67)) -> 937.49247 | O64: =O$67*(SUM(J64:N64)/SUM(J$67:N$67)) -> 993.19804 | P64: =P$67*(SUM(K64:O64)/SUM(K$67:O$67)) -> 1073.5595 | Q64: =Q$67*(SUM(L64:P64)/SUM(L$67:P$67)) -> 1155.0603 | R64: =R$67*(SUM(M64:Q64)/SUM(M$67:Q$67)) -> 1185.0932 | S64: =S$67*(SUM(N64:R64)/SUM(N$67:R$67)) -> 1215.5179 | ... V64: =V$67*(SUM(Q64:U64)/SUM(Q$67:U$67)) -> 1693.4793
A65: November | B65: =(monthly_data!$D13+monthly_data!$E13)*0.87/1000 -> 279.10818 | C65: =(monthly_data!$D25+monthly_data!$E25)*0.87/1000 -> 272.42049 | D65: =(monthly_data!$D37+monthly_data!$E37)*0.87/1000 -> 330.12411 | E65: =(monthly_data!$D49+monthly_data!$E49)*0.87/1000 -> 425.24121 | F65: =(monthly_data!$D61+monthly_data!$E61)*0.87/1000 -> 459.31911 | G65: =(monthly_data!$D73+monthly_data!$E73)*0.87/1000 -> 453.15286 | H65: =(monthly_data!$D85+monthly_data!$E85)*0.87/1000 -> 455.0044 | I65: =(monthly_data!$D97+monthly_data!$E97)*0.87/1000 -> 468.48175 | J65: =(monthly_data!$D109+monthly_data!$E109)*0.87/1000 -> 580.08902 | K65: =(monthly_data!$D121+monthly_data!$E121)*0.87/1000 -> 677.31974 | L65: =L$67*(SUM(G65:K65)/SUM(G$67:K$67)) -> 739.79683 | M65: =M$67*(SUM(H65:L65)/SUM(H$67:L$67)) -> 812.59776 | N65: =N$67*(SUM(I65:M65)/SUM(I$67:M$67)) -> 865.86382 | O65: =O$67*(SUM(J65:N65)/SUM(J$67:N$67)) -> 908.90408 | P65: =P$67*(SUM(K65:O65)/SUM(K$67:O$67)) -> 975.33631 | Q65: =Q$67*(SUM(L65:P65)/SUM(L$67:P$67)) -> 1054.4624 | R65: =R$67*(SUM(M65:Q65)/SUM(M$67:Q$67)) -> 1082.9481 | S65: =S$67*(SUM(N65:R65)/SUM(N$67:R$67)) -> 1111.6042 | ... V65: =V$67*(SUM(Q65:U65)/SUM(Q$67:U$67)) -> 1546.7638
A66: December | B66: =(monthly_data!$D14+monthly_data!$E14)*0.87/1000 -> 271.01718 | C66: =(monthly_data!$D26+monthly_data!$E26)*0.87/1000 -> 265.60491 | D66: =(monthly_data!$D38+monthly_data!$E38)*0.87/1000 -> 310.39425 | E66: =(monthly_data!$D50+monthly_data!$E50)*0.87/1000 -> 398.3382 | F66: =(monthly_data!$D62+monthly_data!$E62)*0.87/1000 -> 427.21263 | G66: =(monthly_data!$D74+monthly_data!$E74)*0.87/1000 -> 425.47457 | H66: =(monthly_data!$D86+monthly_data!$E86)*0.87/1000 -> 457.09145 | I66: =(monthly_data!$D98+monthly_data!$E98)*0.87/1000 -> 418.48067 | J66: =(monthly_data!$D110+monthly_data!$E110)*0.87/1000 -> 561.43963 | K66: =(monthly_data!$D122+monthly_data!$E122)*0.87/1000 -> 570.09562 | L66: =L67-SUM(L55:L65) -> 706.53238 | M66: =M67-SUM(M55:M65) -> 754.99155 | N66: =N67-SUM(N55:N65) -> 795.4108 | O66: =O67-SUM(O55:O65) -> 837.88713 | P66: =P67-SUM(P55:P65) -> 892.63153 | Q66: =Q67-SUM(Q55:Q65) -> 977.25061 | R66: =R67-SUM(R55:R65) -> 998.74699 | S66: =S67-SUM(S55:S65) -> 1023.9071 | ... V66: =V67-SUM(V55:V65) -> 1426.994
A67: Total | B67: =SUM(B55:B66) -> 3422.8993 | C67: =SUM(C55:C66) -> 3289.8189 | D67: =SUM(D55:D66) -> 3705.5083 | E67: =SUM(E55:E66) -> 4636.0943 | F67: =SUM(F55:F66) -> 5087.3389 | G67: =SUM(G55:G66) -> 5562.0179 | H67: =SUM(H55:H66) -> 5930.825 | I67: =SUM(I55:I66) -> 5388.8386 | ... K67: =SUM(K55:K66) -> 7883.264 | L67: =L7 -> 8764.5266 | M67: =M7 -> 9573.2002 | N67: =N7 -> 10050.065 | O67: =O7 -> 10561.705 | P67: =P7 -> 11406.641 | Q67: =Q7 -> 12341.352 | R67: =R7 -> 12649.886 | S67: =S7 -> 12966.133 | ... V67: =V7 -> 18067.795
A69: BIODIESEL EXPORTS
A70: thousand tonnes | B70: =B2 -> 2015 | C70: =C2 -> 2016 | D70: =D2 -> 2017 | E70: =E2 -> 2018 | F70: =F2 -> 2019 | G70: =G2 -> 2020 | H70: =H2 -> 2021 | I70: =I2 -> 2022 | ... V70: =V2 -> 2035
A71: January | B71: =monthly_data!$F3/1000000 -> 0 | C71: =monthly_data!$F15/1000000 -> 0 | D71: =monthly_data!$F27/1000000 -> 0 | E71: =monthly_data!$F39/1000000 -> 0 | F71: =monthly_data!$F51/1000000 -> 0.09743 | G71: =monthly_data!$F63/1000000 -> 0 | H71: =monthly_data!$F75/1000000 -> 0 | I71: =monthly_data!$F87/1000000 -> 0 | J71: =monthly_data!$F99/1000000 -> 6.150969 | K71: =monthly_data!$F111/1000000 -> 7.980777 | L71: =monthly_data!$F123/1000000 -> 0 | M71: =M$83*(SUM(H71:L71)/SUM(H$83:L$83)) -> 2.3833979 | N71: =N$83*(SUM(I71:M71)/SUM(I$83:M$83)) -> 2.8108481 | O71: =O$83*(SUM(J71:N71)/SUM(J$83:N$83)) -> 3.5903009 | P71: =P$83*(SUM(K71:O71)/SUM(K$83:O$83)) -> 3.7195958 | Q71: =Q$83*(SUM(L71:P71)/SUM(L$83:P$83)) -> 2.5721548 | R71: =R$83*(SUM(M71:Q71)/SUM(M$83:Q$83)) -> 3.080408 | S71: =S$83*(SUM(N71:R71)/SUM(N$83:R$83)) -> 3.0370536 | T71: =T$83*(SUM(O71:S71)/SUM(O$83:S$83)) -> 3.1384841 | ... V71: =V$83*(SUM(Q71:U71)/SUM(Q$83:U$83)) -> 3.0415137
A72: February | B72: =monthly_data!$F4/1000000 -> 0 | C72: =monthly_data!$F16/1000000 -> 4e-06 | D72: =monthly_data!$F28/1000000 -> 0 | E72: =monthly_data!$F40/1000000 -> 0 | F72: =monthly_data!$F52/1000000 -> 0.03913 | G72: =monthly_data!$F64/1000000 -> 0.0225 | H72: =monthly_data!$F76/1000000 -> 0 | I72: =monthly_data!$F88/1000000 -> 4.678333 | J72: =monthly_data!$F100/1000000 -> 0 | K72: =monthly_data!$F112/1000000 -> 0 | L72: =monthly_data!$F124/1000000 -> 12.00004 | M72: =M$83*(SUM(H72:L72)/SUM(H$83:L$83)) -> 2.8129008 | N72: =N$83*(SUM(I72:M72)/SUM(I$83:M$83)) -> 3.3173801 | O72: =O$83*(SUM(J72:N72)/SUM(J$83:N$83)) -> 3.3681742 | P72: =P$83*(SUM(K72:O72)/SUM(K$83:O$83)) -> 4.7697087 | Q72: =Q$83*(SUM(L72:P72)/SUM(L$83:P$83)) -> 5.4034802 | R72: =R$83*(SUM(M72:Q72)/SUM(M$83:Q$83)) -> 4.019335 | S72: =S$83*(SUM(N72:R72)/SUM(N$83:R$83)) -> 4.0199459 | T72: =T$83*(SUM(O72:S72)/SUM(O$83:S$83)) -> 4.2332855 | ... V72: =V$83*(SUM(Q72:U72)/SUM(Q$83:U$83)) -> 4.5130584
A73: March | B73: =monthly_data!$F5/1000000 -> 0 | C73: =monthly_data!$F17/1000000 -> 0 | D73: =monthly_data!$F29/1000000 -> 0 | E73: =monthly_data!$F41/1000000 -> 0 | F73: =monthly_data!$F53/1000000 -> 0.05862 | G73: =monthly_data!$F65/1000000 -> 0.0225 | H73: =monthly_data!$F77/1000000 -> 0 | I73: =monthly_data!$F89/1000000 -> 0.0225 | J73: =monthly_data!$F101/1000000 -> 17.026507 | K73: =monthly_data!$F113/1000000 -> 10.261511 | L73: =L$83*(SUM(G73:K73)/SUM(G$83:K$83)) -> 8.2866208 | M73: =M$83*(SUM(H73:L73)/SUM(H$83:L$83)) -> 6.0036563 | N73: =N$83*(SUM(I73:M73)/SUM(I$83:M$83)) -> 7.0803813 | O73: =O$83*(SUM(J73:N73)/SUM(J$83:N$83)) -> 9.0396028 | P73: =P$83*(SUM(K73:O73)/SUM(K$83:O$83)) -> 9.0235388 | Q73: =Q$83*(SUM(L73:P73)/SUM(L$83:P$83)) -> 8.1116988 | R73: =R$83*(SUM(M73:Q73)/SUM(M$83:Q$83)) -> 8.0214232 | S73: =S$83*(SUM(N73:R73)/SUM(N$83:R$83)) -> 7.9475648 | ... V73: =V$83*(SUM(Q73:U73)/SUM(Q$83:U$83)) -> 8.2710655
A74: April | B74: =monthly_data!$F6/1000000 -> 0 | C74: =monthly_data!$F18/1000000 -> 0 | D74: =monthly_data!$F30/1000000 -> 0 | E74: =monthly_data!$F42/1000000 -> 4.4e-05 | F74: =monthly_data!$F54/1000000 -> 0.078902 | G74: =monthly_data!$F66/1000000 -> 3.13601 | H74: =monthly_data!$F78/1000000 -> 0 | I74: =monthly_data!$F90/1000000 -> 4.810752 | J74: =monthly_data!$F102/1000000 -> 12.960719 | K74: =monthly_data!$F114/1000000 -> 6.045084 | L74: =L$83*(SUM(G74:K74)/SUM(G$83:K$83)) -> 8.1712779 | M74: =M$83*(SUM(H74:L74)/SUM(H$83:L$83)) -> 5.3949267 | N74: =N$83*(SUM(I74:M74)/SUM(I$83:M$83)) -> 6.3624792 | O74: =O$83*(SUM(J74:N74)/SUM(J$83:N$83)) -> 7.233084 | P74: =P$83*(SUM(K74:O74)/SUM(K$83:O$83)) -> 7.3673533 | Q74: =Q$83*(SUM(L74:P74)/SUM(L$83:P$83)) -> 7.1027856 | R74: =R$83*(SUM(M74:Q74)/SUM(M$83:Q$83)) -> 6.8367176 | S74: =S$83*(SUM(N74:R74)/SUM(N$83:R$83)) -> 6.7202469 | ... V74: =V$83*(SUM(Q74:U74)/SUM(Q$83:U$83)) -> 7.0378137
A75: May | B75: =monthly_data!$F7/1000000 -> 0 | C75: =monthly_data!$F19/1000000 -> 0 | D75: =monthly_data!$F31/1000000 -> 0 | E75: =monthly_data!$F43/1000000 -> 0 | F75: =monthly_data!$F55/1000000 -> 0.0194 | G75: =monthly_data!$F67/1000000 -> 0 | H75: =monthly_data!$F79/1000000 -> 1.8e-05 | I75: =monthly_data!$F91/1000000 -> 0.0225 | J75: =monthly_data!$F103/1000000 -> 0 | K75: =monthly_data!$F115/1000000 -> 0 | L75: =L$83*(SUM(G75:K75)/SUM(G$83:K$83)) -> 0.0068268395 | M75: =M$83*(SUM(H75:L75)/SUM(H$83:L$83)) -> 0.0049491711 | N75: =N$83*(SUM(I75:M75)/SUM(I$83:M$83)) -> 0.005833716 | O75: =O$83*(SUM(J75:N75)/SUM(J$83:N$83)) -> 0.0032714604 | P75: =P$83*(SUM(K75:O75)/SUM(K$83:O$83)) -> 0.0046327512 | Q75: =Q$83*(SUM(L75:P75)/SUM(L$83:P$83)) -> 0.0052483246 | R75: =R$83*(SUM(M75:Q75)/SUM(M$83:Q$83)) -> 0.0048905157 | S75: =S$83*(SUM(N75:R75)/SUM(N$83:R$83)) -> 0.0045973252 | ... V75: =V$83*(SUM(Q75:U75)/SUM(Q$83:U$83)) -> 0.0048742322
A76: June | B76: =monthly_data!$F8/1000000 -> 0 | C76: =monthly_data!$F20/1000000 -> 0 | D76: =monthly_data!$F32/1000000 -> 0 | E76: =monthly_data!$F44/1000000 -> 0 | F76: =monthly_data!$F56/1000000 -> 0 | G76: =monthly_data!$F68/1000000 -> 0.0225 | H76: =monthly_data!$F80/1000000 -> 0 | I76: =monthly_data!$F92/1000000 -> 8.455517 | J76: =monthly_data!$F104/1000000 -> 3.992825 | K76: =monthly_data!$F116/1000000 -> 20.887305 | L76: =L$83*(SUM(G76:K76)/SUM(G$83:K$83)) -> 10.113275 | M76: =M$83*(SUM(H76:L76)/SUM(H$83:L$83)) -> 7.3279033 | N76: =N$83*(SUM(I76:M76)/SUM(I$83:M$83)) -> 8.6421253 | O76: =O$83*(SUM(J76:N76)/SUM(J$83:N$83)) -> 9.4677707 | P76: =P$83*(SUM(K76:O76)/SUM(K$83:O$83)) -> 12.521557 | Q76: =Q$83*(SUM(L76:P76)/SUM(L$83:P$83)) -> 9.8887426 | R76: =R$83*(SUM(M76:Q76)/SUM(M$83:Q$83)) -> 9.7763835 | S76: =S$83*(SUM(N76:R76)/SUM(N$83:R$83)) -> 9.6842977 | ... V76: =V$83*(SUM(Q76:U76)/SUM(Q$83:U$83)) -> 10.141711
A77: July | B77: =monthly_data!$F9/1000000 -> 0.021986 | C77: =monthly_data!$F21/1000000 -> 0 | D77: =monthly_data!$F33/1000000 -> 0 | E77: =monthly_data!$F45/1000000 -> 0.01934 | F77: =monthly_data!$F57/1000000 -> 0 | G77: =monthly_data!$F69/1000000 -> 0.0225 | H77: =monthly_data!$F81/1000000 -> 5e-06 | I77: =monthly_data!$F93/1000000 -> 0.0648 | J77: =monthly_data!$F105/1000000 -> 4.017747 | K77: =monthly_data!$F117/1000000 -> 6.024736 | L77: =L$83*(SUM(G77:K77)/SUM(G$83:K$83)) -> 3.0710737 | M77: =M$83*(SUM(H77:L77)/SUM(H$83:L$83)) -> 2.2226043 | N77: =N$83*(SUM(I77:M77)/SUM(I$83:M$83)) -> 2.6212162 | O77: =O$83*(SUM(J77:N77)/SUM(J$83:N$83)) -> 3.3360455 | P77: =P$83*(SUM(K77:O77)/SUM(K$83:O$83)) -> 3.8328236 | Q77: =Q$83*(SUM(L77:P77)/SUM(L$83:P$83)) -> 3.1027936 | R77: =R$83*(SUM(M77:Q77)/SUM(M$83:Q$83)) -> 3.0884145 | S77: =S$83*(SUM(N77:R77)/SUM(N$83:R$83)) -> 3.0771 | ... V77: =V$83*(SUM(Q77:U77)/SUM(Q$83:U$83)) -> 3.2084867
A78: August | B78: =monthly_data!$F10/1000000 -> 0 | C78: =monthly_data!$F22/1000000 -> 8e-05 | D78: =monthly_data!$F34/1000000 -> 0 | E78: =monthly_data!$F46/1000000 -> 0 | F78: =monthly_data!$F58/1000000 -> 0 | G78: =monthly_data!$F70/1000000 -> 0.045 | H78: =monthly_data!$F82/1000000 -> 1.68208 | I78: =monthly_data!$F94/1000000 -> 0 | J78: =monthly_data!$F106/1000000 -> 7.133952 | K78: =monthly_data!$F118/1000000 -> 6.959734 | L78: =L$83*(SUM(G78:K78)/SUM(G$83:K$83)) -> 4.796422 | M78: =M$83*(SUM(H78:L78)/SUM(H$83:L$83)) -> 3.4696144 | N78: =N$83*(SUM(I78:M78)/SUM(I$83:M$83)) -> 3.805585 | O78: =O$83*(SUM(J78:N78)/SUM(J$83:N$83)) -> 4.86088 | P78: =P$83*(SUM(K78:O78)/SUM(K$83:O$83)) -> 5.3007897 | Q78: =Q$83*(SUM(L78:P78)/SUM(L$83:P$83)) -> 4.5734816 | R78: =R$83*(SUM(M78:Q78)/SUM(M$83:Q$83)) -> 4.4971825 | S78: =S$83*(SUM(N78:R78)/SUM(N$83:R$83)) -> 4.43581 | ... V78: =V$83*(SUM(Q78:U78)/SUM(Q$83:U$83)) -> 4.6503481
A79: September | B79: =monthly_data!$F11/1000000 -> 0 | C79: =monthly_data!$F23/1000000 -> 0 | D79: =monthly_data!$F35/1000000 -> 0 | E79: =monthly_data!$F47/1000000 -> 0 | F79: =monthly_data!$F59/1000000 -> 0 | G79: =monthly_data!$F71/1000000 -> 0 | H79: =monthly_data!$F83/1000000 -> 0.35944 | I79: =monthly_data!$F95/1000000 -> 9.71491 | J79: =monthly_data!$F107/1000000 -> 8.049018 | K79: =monthly_data!$F119/1000000 -> 3.854539 | L79: =L$83*(SUM(G79:K79)/SUM(G$83:K$83)) -> 6.6630981 | M79: =M$83*(SUM(H79:L79)/SUM(H$83:L$83)) -> 4.8304655 | N79: =N$83*(SUM(I79:M79)/SUM(I$83:M$83)) -> 5.6356087 | O79: =O$83*(SUM(J79:N79)/SUM(J$83:N$83)) -> 5.3935775 | P79: =P$83*(SUM(K79:O79)/SUM(K$83:O$83)) -> 5.8521298 | Q79: =Q$83*(SUM(L79:P79)/SUM(L$83:P$83)) -> 5.8368322 | R79: =R$83*(SUM(M79:Q79)/SUM(M$83:Q$83)) -> 5.6287673 | S79: =S$83*(SUM(N79:R79)/SUM(N$83:R$83)) -> 5.4580247 | ... V79: =V$83*(SUM(Q79:U79)/SUM(Q$83:U$83)) -> 5.7233863
A80: October | B80: =monthly_data!$F12/1000000 -> 0 | C80: =monthly_data!$F24/1000000 -> 0 | D80: =monthly_data!$F36/1000000 -> 0.11376 | E80: =monthly_data!$F48/1000000 -> 0.01973 | F80: =monthly_data!$F60/1000000 -> 0.0225 | G80: =monthly_data!$F72/1000000 -> 0 | H80: =monthly_data!$F84/1000000 -> 4.560236 | I80: =monthly_data!$F96/1000000 -> 4.85056 | J80: =monthly_data!$F108/1000000 -> 9.72625 | K80: =monthly_data!$F120/1000000 -> 0.0072 | L80: =L$83*(SUM(G80:K80)/SUM(G$83:K$83)) -> 5.8040099 | M80: =M$83*(SUM(H80:L80)/SUM(H$83:L$83)) -> 4.2076627 | N80: =N$83*(SUM(I80:M80)/SUM(I$83:M$83)) -> 4.1861414 | O80: =O$83*(SUM(J80:N80)/SUM(J$83:N$83)) -> 4.4458489 | P80: =P$83*(SUM(K80:O80)/SUM(K$83:O$83)) -> 4.137926 | Q80: =Q$83*(SUM(L80:P80)/SUM(L$83:P$83)) -> 4.6862688 | R80: =R$83*(SUM(M80:Q80)/SUM(M$83:Q$83)) -> 4.4263846 | S80: =S$83*(SUM(N80:R80)/SUM(N$83:R$83)) -> 4.2133546 | ... V80: =V$83*(SUM(Q80:U80)/SUM(Q$83:U$83)) -> 4.4745103
A81: November | B81: =monthly_data!$F13/1000000 -> 0 | C81: =monthly_data!$F25/1000000 -> 0 | D81: =monthly_data!$F37/1000000 -> 0 | E81: =monthly_data!$F49/1000000 -> 0.03887 | F81: =monthly_data!$F61/1000000 -> 0.011718 | G81: =monthly_data!$F73/1000000 -> 0 | H81: =monthly_data!$F85/1000000 -> 0.0225 | I81: =monthly_data!$F97/1000000 -> 0 | J81: =monthly_data!$F109/1000000 -> 17.814764 | K81: =monthly_data!$F121/1000000 -> 0 | L81: =L$83*(SUM(G81:K81)/SUM(G$83:K$83)) -> 5.4077688 | M81: =M$83*(SUM(H81:L81)/SUM(H$83:L$83)) -> 3.9204046 | N81: =N$83*(SUM(I81:M81)/SUM(I$83:M$83)) -> 4.6196797 | O81: =O$83*(SUM(J81:N81)/SUM(J$83:N$83)) -> 5.9007245 | P81: =P$83*(SUM(K81:O81)/SUM(K$83:O$83)) -> 4.4036539 | Q81: =Q$83*(SUM(L81:P81)/SUM(L$83:P$83)) -> 4.9887862 | R81: =R$83*(SUM(M81:Q81)/SUM(M$83:Q$83)) -> 4.8696393 | S81: =S$83*(SUM(N81:R81)/SUM(N$83:R$83)) -> 4.7717152 | ... V81: =V$83*(SUM(Q81:U81)/SUM(Q$83:U$83)) -> 4.9489163
A82: December | B82: =monthly_data!$F14/1000000 -> 10.337666 | C82: =monthly_data!$F26/1000000 -> 5e-05 | D82: =monthly_data!$F38/1000000 -> 0 | E82: =monthly_data!$F50/1000000 -> 0.01933 | F82: =monthly_data!$F62/1000000 -> 0 | G82: =monthly_data!$F74/1000000 -> 0 | H82: =monthly_data!$F86/1000000 -> 0.0225 | I82: =monthly_data!$F98/1000000 -> 5.137742 | J82: =monthly_data!$F110/1000000 -> 10.27612 | K82: =monthly_data!$F122/1000000 -> 6 | L82: =L83-SUM(L71:L81) -> 0.20839755 | M82: =M83-SUM(M71:M81) -> 3.6505096 | N82: =N83-SUM(N71:N81) -> 4.3013804 | O82: =O83-SUM(O71:O81) -> 4.5396923 | P82: =P83-SUM(P71:P81) -> 4.1488232 | Q82: =Q83-SUM(Q71:Q81) -> 3.4658697 | R82: =R83-SUM(R71:R81) -> 4.1081394 | S82: =S83-SUM(S71:S81) -> 3.9594538 | ... V82: =V83-SUM(V71:V81) -> 3.9561492
A83: Total | B83: =SUM(B71:B82) -> 10.359652 | C83: =SUM(C71:C82) -> 0.000134 | D83: =SUM(D71:D82) -> 0.11376 | E83: =SUM(E71:E82) -> 0.097314 | F83: =SUM(F71:F82) -> 0.3277 | G83: =SUM(G71:G82) -> 3.27101 | H83: =SUM(H71:H82) -> 6.646779 | I83: =SUM(I71:I82) -> 37.757614 | ... K83: =SUM(K71:K82) -> 68.020886 | L83: =L8 -> 64.52881 | M83: =M8 -> 46.228995 | N83: =N8 -> 53.388659 | O83: =O8 -> 61.178973 | P83: =P8 -> 65.082532 | Q83: =Q8 -> 59.738142 | R83: =R8 -> 58.357685 | S83: =S8 -> 57.329164 | ... V83: =V8 -> 59.971833
A85: BIODIESEL CAPACITY
A86: thousand tonnes | B86: =B2 -> 2015 | C86: =C2 -> 2016 | D86: =D2 -> 2017 | E86: =E2 -> 2018 | F86: =F2 -> 2019 | G86: =G2 -> 2020 | H86: =H2 -> 2021 | I86: =I2 -> 2022 | ... V86: =V2 -> 2035
A87: January | E87: =Capacity!$S4*0.87/1000*31 -> 587.46054 | F87: =Capacity!$S16*0.87/1000*31 -> 639.62052 | G87: =Capacity!$S28*0.87/1000*31 -> 698.92755 | H87: =Capacity!$S40*0.87/1000*31 -> 785.87883 | I87: =Capacity!$S52*0.87/1000*31 -> 915.11907 | J87: =Capacity!$S64*0.87/1000*31 -> 1009.4601 | K87: =Capacity!$S76*0.87/1000*31 -> 1058.7073 | L87: =Capacity!$S88*0.87/1000*31 -> 1115.1744
A88: February | E88: =Capacity!$S5*0.87/1000*28 -> 530.60952 | F88: =Capacity!$S17*0.87/1000*28 -> 577.72176 | G88: =Capacity!$S29*0.87/1000*29 -> 653.83545 | H88: =Capacity!$S41*0.87/1000*28 -> 753.67404 | I88: =Capacity!$S53*0.87/1000*28 -> 833.01456 | J88: =Capacity!$S65*0.87/1000*28 -> 911.77044 | K88: =Capacity!$S77*0.87/1000*29 -> 1007.56 | L88: =Capacity!$S89*0.87/1000*28 -> 1007.2543
A89: March | E89: =Capacity!$S6*0.87/1000*31 -> 587.46054 | F89: =Capacity!$S18*0.87/1000*31 -> 643.80087 | G89: =Capacity!$S30*0.87/1000*31 -> 714.94773 | H89: =Capacity!$S42*0.87/1000*31 -> 838.47033 | I89: =Capacity!$S54*0.87/1000*31 -> 962.18172 | J89: =Capacity!$S66*0.87/1000*31 -> 1037.0235 | K89: =Capacity!$S78*0.87/1000*31 -> 1077.0469
A90: April | E90: =Capacity!$S7*0.87/1000*30 -> 584.1702 | F90: =Capacity!$S19*0.87/1000*30 -> 612.5931 | G90: =Capacity!$S31*0.87/1000*30 -> 694.2339 | H90: =Capacity!$S43*0.87/1000*30 -> 811.4229 | I90: =Capacity!$S55*0.87/1000*30 -> 931.1436 | J90: =Capacity!$S67*0.87/1000*30 -> 1003.5711 | K90: =Capacity!$S79*0.87/1000*30 -> 1042.3035
A91: May | E91: =Capacity!$S8*0.87/1000*31 -> 612.65052 | F91: =Capacity!$S20*0.87/1000*31 -> 633.01287 | G91: =Capacity!$S32*0.87/1000*31 -> 733.55703 | H91: =Capacity!$S44*0.87/1000*31 -> 838.47033 | I91: =Capacity!$S56*0.87/1000*31 -> 962.18172 | J91: =Capacity!$S68*0.87/1000*31 -> 1037.0235 | K91: =Capacity!$S80*0.87/1000*31 -> 1077.0469
A92: June | E92: =Capacity!$S9*0.87/1000*30 -> 592.8876 | F92: =Capacity!$S21*0.87/1000*30 -> 609.4611 | G92: =Capacity!$S33*0.87/1000*30 -> 709.8939 | H92: =Capacity!$S45*0.87/1000*30 -> 811.4229 | I92: =Capacity!$S57*0.87/1000*30 -> 953.3286 | J92: =Capacity!$S69*0.87/1000*30 -> 1003.5711 | K92: =Capacity!$S81*0.87/1000*30 -> 1047.0015
A93: July | E93: =Capacity!$S10*0.87/1000*31 -> 618.04452 | F93: =Capacity!$S22*0.87/1000*31 -> 652.70097 | G93: =Capacity!$S34*0.87/1000*31 -> 733.55703 | H93: =Capacity!$S46*0.87/1000*31 -> 842.51583 | I93: =Capacity!$S58*0.87/1000*31 -> 993.27813 | J93: =Capacity!$S70*0.87/1000*31 -> 1037.0235 | K93: =Capacity!$S82*0.87/1000*31 -> 1089.9926
A94: August | E94: =Capacity!$S11*0.87/1000*31 -> 624.78702 | F94: =Capacity!$S23*0.87/1000*31 -> 652.70097 | G94: =Capacity!$S35*0.87/1000*31 -> 726.14028 | H94: =Capacity!$S47*0.87/1000*31 -> 844.40373 | I94: =Capacity!$S59*0.87/1000*31 -> 993.27813 | J94: =Capacity!$S71*0.87/1000*31 -> 1037.0235 | K94: =Capacity!$S83*0.87/1000*31 -> 1098.0836
A95: September | E95: =Capacity!$S12*0.87/1000*30 -> 612.4626 | F95: =Capacity!$S24*0.87/1000*30 -> 659.8863 | G95: =Capacity!$S36*0.87/1000*30 -> 702.7164 | H95: =Capacity!$S48*0.87/1000*30 -> 843.2649 | I95: =Capacity!$S60*0.87/1000*30 -> 961.2369 | J95: =Capacity!$S72*0.87/1000*30 -> 1029.6711 | K95: =Capacity!$S84*0.87/1000*30 -> 1062.6615
A96: October | E96: =Capacity!$S13*0.87/1000*31 -> 632.87802 | F96: =Capacity!$S25*0.87/1000*31 -> 688.62501 | G96: =Capacity!$S37*0.87/1000*31 -> 765.38163 | H96: =Capacity!$S49*0.87/1000*31 -> 887.55573 | I96: =Capacity!$S61*0.87/1000*31 -> 998.67213 | J96: =Capacity!$S73*0.87/1000*31 -> 1066.6905 | K96: =Capacity!$S85*0.87/1000*31 -> 1115.0747
A97: November | E97: =Capacity!$S14*0.87/1000*30 -> 612.4626 | F97: =Capacity!$S26*0.87/1000*30 -> 673.7976 | G97: =Capacity!$S38*0.87/1000*30 -> 743.5629 | H97: =Capacity!$S50*0.87/1000*30 -> 888.1569 | I97: =Capacity!$S62*0.87/1000*30 -> 966.4569 | J97: =Capacity!$S74*0.87/1000*30 -> 1032.2811 | K97: =Capacity!$S86*0.87/1000*30 -> 1079.1045
A98: December | E98: =Capacity!$S15*0.87/1000*31 -> 639.62052 | F98: =Capacity!$S27*0.87/1000*31 -> 681.39705 | G98: =Capacity!$S39*0.87/1000*31 -> 781.83333 | H98: =Capacity!$S51*0.87/1000*31 -> 915.11907 | I98: =Capacity!$S63*0.87/1000*31 -> 1009.4601 | J98: =Capacity!$S75*0.87/1000*31 -> 1075.6984 | K98: =Capacity!$S87*0.87/1000*31 -> 1115.0747

Sheet RD
A1: Brazil Renewable Diesel Supply Demand
A2: thousand tonnes | B2: 2015 | C2: 2016 | D2: 2017 | E2: 2018 | F2: 2019 | G2: 2020 | H2: 2021 | I2: 2022 | J2: 2023 | K2: 2024 | L2: 2025 | M2: 2026 | N2: 2027 | O2: 2028 | P2: 2029 | Q2: 2030 | R2: 2031 | S2: 2032 | T2: 2033 | U2: 2034 | V2: 2035
A3: Beginning Stocks | B3: 0 | C3: =B10 -> 0 | D3: =C10 -> 0 | E3: =D10 -> 0 | F3: =E10 -> 0 | G3: =F10 -> 0 | H3: =G10 -> 0 | I3: =H10 -> 0 | J3: =I10 -> 0 | ... V3: =U10 -> 0
A4: Production | B4: 0 | C4: 0 | D4: 0 | E4: 0 | F4: 0 | G4: 0 | H4: 0 | I4: 0 | J4: 0 | K4: 0 | L4: 0 | M4: =M12*0.55 -> 116.985 | N4: =N12*0.65 -> 291.655 | O4: =O12*0.7 -> 573.79 | P4: =P12*0.7 -> 666.19 | Q4: =Q12*0.7 -> 666.19 | R4: =R12*0.7 -> 666.19 | S4: =S12*0.72 -> 685.224 | T4: =T12*0.74 -> 704.258 | U4: =U12*0.78 -> 742.326 | V4: =V12*0.85 -> 808.945
A5: Imports | B5: 0 | C5: 0 | D5: 0 | E5: 0 | F5: 0 | G5: 0 | H5: 0 | I5: 0 | J5: 0 | K5: 0 | L5: 0 | M5: 0 | N5: 0 | O5: 0 | P5: 0 | Q5: 0 | R5: 0 | S5: 0 | T5: 0 | U5: 0 | V5: 0
A6: Total Supply | B6: =B5+B4+B3 -> 0 | C6: =C5+C4+C3 -> 0 | D6: =D5+D4+D3 -> 0 | E6: =E5+E4+E3 -> 0 | F6: =F5+F4+F3 -> 0 | G6: =G5+G4+G3 -> 0 | H6: =H5+H4+H3 -> 0 | I6: =I5+I4+I3 -> 0 | ... V6: =V5+V4+V3 -> 808.945
A7: Consumption | B7: 0 | C7: 0 | D7: 0 | E7: 0 | F7: 0 | G7: 0 | H7: 0 | I7: 0 | J7: 0 | K7: 0 | L7: 0 | M7: =M6 -> 116.985 | N7: =N6 -> 291.655 | O7: =O6 -> 573.79 | P7: =P6 -> 666.19 | Q7: =Q6 -> 666.19 | R7: =R6 -> 666.19 | S7: =S6 -> 685.224 | T7: =T6 -> 704.258 | ... V7: =V6 -> 808.945
A8: Exports | B8: 0 | C8: 0 | D8: 0 | E8: 0 | F8: 0 | G8: 0 | H8: 0 | I8: 0 | J8: 0 | K8: 0 | L8: 0 | M8: 0 | N8: 0 | O8: 0 | P8: 0 | Q8: 0 | R8: 0 | S8: 0 | T8: 0 | U8: 0 | V8: 0
A9: Total Use | B9: =B8+B7 -> 0 | C9: =C8+C7 -> 0 | D9: =D8+D7 -> 0 | E9: =E8+E7 -> 0 | F9: =F8+F7 -> 0 | G9: =G8+G7 -> 0 | H9: =H8+H7 -> 0 | I9: =I8+I7 -> 0 | ... V9: =V8+V7 -> 808.945
A10: Final Stocks (December 31) | B10: =B6-B9 -> 0 | C10: =C6-C9 -> 0 | D10: =D6-D9 -> 0 | E10: =E6-E9 -> 0 | F10: =F6-F9 -> 0 | G10: =G6-G9 -> 0 | H10: =H6-H9 -> 0 | I10: =I6-I9 -> 0 | ... V10: =V6-V9 -> 0
A12: RD Capacity | B12: 0 | C12: 0 | D12: 0 | E12: 0 | F12: 0 | G12: 0 | H12: 0 | I12: 0 | J12: 0 | K12: 0 | L12: 0.219 | M12: =212.7 -> 212.7 | N12: =M12+236 -> 448.7 | O12: =N12+371 -> 819.7 | P12: =O12+132 -> 951.7 | Q12: =P12 -> 951.7 | R12: =Q12 -> 951.7 | S12: =R12 -> 951.7 | T12: =S12 -> 951.7 | U12: =T12 -> 951.7 | V12: =U12 -> 951.7
A13: Operating Rate | B13: 0 | C13: 0 | D13: 0 | E13: 0 | F13: 0 | G13: 0 | H13: 0 | I13: 0 | J13: 0 | K13: 0 | L13: 0 | M13: =M4/M12 -> 0.55 | N13: =N4/N12 -> 0.65 | O13: =O4/O12 -> 0.7 | P13: =P4/P12 -> 0.7 | Q13: =Q4/Q12 -> 0.7 | R13: =R4/R12 -> 0.7 | S13: =S4/S12 -> 0.72 | T13: =T4/T12 -> 0.74 | ... V13: =V4/V12 -> 0.85
A21: RENEWABLE DIESEL PRODUCTION
A22: thousand tonnes | B22: =B2 -> 2015 | C22: =C2 -> 2016 | D22: =D2 -> 2017 | E22: =E2 -> 2018 | F22: =F2 -> 2019 | G22: =G2 -> 2020 | H22: =H2 -> 2021 | I22: =I2 -> 2022 | ... V22: =V2 -> 2035
A23: January
A24: February
A25: March
A26: April
A27: May
A28: June
A29: July
A30: August
A31: September
A32: October
A33: November
A34: December
... A37: RENEWABLE DIESEL IMPORTS
A38: thousand tonnes | B38: =B2 -> 2015 | C38: =C2 -> 2016 | D38: =D2 -> 2017 | E38: =E2 -> 2018 | F38: =F2 -> 2019 | G38: =G2 -> 2020 | H38: =H2 -> 2021 | I38: =I2 -> 2022 | ... V38: =V2 -> 2035
A39: January
A40: February
A41: March
A42: April
A43: May
A44: June
A45: July
A46: August
A47: September
A48: October
A49: November
A50: December
... A53: RENEWABLE DIESEL CONSUMPTION
A54: thousand tonnes | B54: =B2 -> 2015 | C54: =C2 -> 2016 | D54: =D2 -> 2017 | E54: =E2 -> 2018 | F54: =F2 -> 2019 | G54: =G2 -> 2020 | H54: =H2 -> 2021 | I54: =I2 -> 2022 | ... V54: =V2 -> 2035
A55: January
A56: February
A57: March
A58: April
A59: May
A60: June
A61: July
A62: August
A63: September
A64: October
A65: November
A66: December
... A70: RENEWABLE DIESEL STOCKS
A71: thousand tonnes | B71: =B2 -> 2015 | C71: =C2 -> 2016 | D71: =D2 -> 2017 | E71: =E2 -> 2018 | F71: =F2 -> 2019 | G71: =G2 -> 2020 | H71: =H2 -> 2021 | I71: =I2 -> 2022 | ... V71: =V2 -> 2035
A72: January
A73: February
A74: March
A75: April
A76: May
A77: June
A78: July
A79: August
A80: September
A81: October
A82: November
A83: December
A86: RENEWABLE DIESEL CAPACITY
A87: thousand tonnes | B87: =B2 -> 2015 | C87: =C2 -> 2016 | D87: =D2 -> 2017 | E87: =E2 -> 2018 | F87: =F2 -> 2019 | G87: =G2 -> 2020 | H87: =H2 -> 2021 | I87: =I2 -> 2022 | ... V87: =V2 -> 2035
A88: January
A89: February
A90: March
A91: April
A92: May
A93: June
A94: July
A95: August
A96: September
A97: October
A98: November
A99: December
A100: Average

Sheet SAF
A1: Brazil Sustainable Aviation Fuel Supply and Demand
A2: million cubic meters | B2: 2015 | C2: 2016 | D2: 2017 | E2: 2018 | F2: 2019 | G2: 2020 | H2: 2021 | I2: 2022 | J2: 2023 | K2: 2024 | L2: =[1]SAF!I$4 -> 2025 | M2: =[1]SAF!J$4 -> 2026 | N2: =[1]SAF!K$4 -> 2027 | O2: =[1]SAF!L$4 -> 2028 | P2: =[1]SAF!M$4 -> 2029 | Q2: =[1]SAF!N$4 -> 2030 | R2: =[1]SAF!O$4 -> 2031 | S2: =[1]SAF!P$4 -> 2032 | ... AK2: =[1]SAF!AH$4 -> 2050
A3: Beginning Stocks | B3: 0 | C3: =B10 -> 0 | D3: =C10 -> 0 | E3: =D10 -> 0 | F3: =E10 -> 0 | G3: =F10 -> 0 | H3: =G10 -> 0 | I3: =H10 -> 0 | J3: =I10 -> 0 | ... AK3: =AJ10 -> 15
A4: Production | B4: 0 | C4: 0 | D4: 0 | E4: 0 | F4: 0 | G4: 0 | H4: 0 | I4: 0 | J4: 0 | K4: 0 | L4: =MROUND(L12*0.35,10) -> 40 | M4: =MROUND(M12*0.55,10) -> 90 | N4: =MROUND(N12*0.65,10) -> 170 | O4: =MROUND(O12*0.65,10) -> 210 | P4: =MROUND(P12*0.65,10) -> 230 | Q4: =MROUND(Q12*0.65,10) -> 260 | R4: =MROUND(R12*0.65,10) -> 260 | S4: =MROUND(S12*0.65,10) -> 260 | T4: =MROUND(T12*0.65,10) -> 260 | U4: =MROUND(U12*0.65,10) -> 260 | ... AK4: =MROUND(AK12*0.65,10) -> 260
A5: Imports | B5: =B47 -> 0 | C5: =C47 -> 0 | D5: =D47 -> 0 | E5: =E47 -> 0 | F5: =F47 -> 0 | G5: =G47 -> 0 | H5: =H47 -> 0 | I5: =I47 -> 0 | ... AK5: =AK47 -> 6.5958884
A6: Total Supply | B6: =B5+B4+B3 -> 0 | C6: =C5+C4+C3 -> 0 | D6: =D5+D4+D3 -> 0 | E6: =E5+E4+E3 -> 0 | F6: =F5+F4+F3 -> 0 | G6: =G5+G4+G3 -> 0 | H6: =H5+H4+H3 -> 0 | I6: =I5+I4+I3 -> 0 | ... AK6: =AK5+AK4+AK3 -> 281.59589
A7: Domestic Use | B7: 0 | C7: 0 | D7: 0 | E7: 0 | F7: 0 | G7: 0 | H7: 0 | I7: 0 | J7: 0 | K7: 0 | L7: =L9-L8 -> 52.198772 | M7: =M9-M8 -> 81.482346 | N7: =N9-N8 -> 99.062256 | O7: =O9-O8 -> 92.520494 | P7: =P9-P8 -> 90.283989 | Q7: =Q9-Q8 -> 121.59054 | R7: =R9-R8 -> 118.97268 | S7: =S9-S8 -> 116.38415 | ... AK7: =AK9-AK8 -> 116.59589
A8: Exports | B8: 0 | C8: 0 | D8: 0 | E8: 0 | F8: 0 | G8: 0 | H8: 0 | I8: 0 | J8: 0 | K8: 0 | L8: 0 | M8: 15 | N8: 75 | O8: 125 | P8: 150 | Q8: 150 | R8: 150 | S8: 150 | T8: 150 | U8: 150 | V8: 150 | W8: 150 | X8: 150 | Y8: 150 | Z8: 150 | AA8: 150 | AB8: 150 | AC8: 150 | AD8: 150 | AE8: 150 | AF8: 150 | AG8: 150 | AH8: 150 | AI8: 150 | AJ8: 150 | AK8: 150
A9: Total Demand | B9: =B8+B7 -> 0 | C9: =C8+C7 -> 0 | D9: =D8+D7 -> 0 | E9: =E8+E7 -> 0 | F9: =F8+F7 -> 0 | G9: =G8+G7 -> 0 | H9: =H8+H7 -> 0 | I9: =I8+I7 -> 0 | ... K9: =K8+K7 -> 0 | L9: =L6-L10 -> 52.198772 | M9: =M6-M10 -> 96.482346 | N9: =N6-N10 -> 174.06226 | O9: =O6-O10 -> 217.52049 | P9: =P6-P10 -> 240.28399 | Q9: =Q6-Q10 -> 271.59054 | R9: =R6-R10 -> 268.97268 | S9: =S6-S10 -> 266.38415 | ... AK9: =AK6-AK10 -> 266.59589
A10: Final Stocks (December 31) | B10: =B6-B9 -> 0 | C10: =C6-C9 -> 0 | D10: =D6-D9 -> 0 | E10: =E6-E9 -> 0 | F10: =F6-F9 -> 0 | G10: =G6-G9 -> 0 | H10: =H6-H9 -> 0 | I10: =I6-I9 -> 0 | ... K10: =K6-K9 -> 0 | L10: 5 | M10: 7.5 | N10: 12 | O10: 15 | P10: 15 | Q10: 15 | R10: 15 | S10: 15 | T10: 15 | U10: 15 | V10: 15 | W10: 15 | X10: 15 | Y10: 15 | Z10: 15 | AA10: 15 | AB10: 15 | AC10: 15 | AD10: 15 | AE10: 15 | AF10: 15 | AG10: 15 | AH10: 15 | AI10: 15 | AJ10: 15 | AK10: 15
A11: SAF Price | L11: =L10/(L9/365) -> 34.962509 | M11: =M10/(M9/365) -> 28.373066 | N11: =N10/(N9/365) -> 25.16341 | O11: =O10/(O9/365) -> 25.170042 | P11: =P10/(P9/365) -> 22.785538 | Q11: =Q10/(Q9/365) -> 20.159023 | R11: =R10/(R9/365) -> 20.355227 | S11: =S10/(S9/365) -> 20.553024 | ... AK11: =AK10/(AK9/365) -> 20.536701
A12: SAF Capacity | B12: 0 | C12: 0 | D12: 0 | E12: 0 | F12: 0 | G12: 0 | H12: 0 | I12: 0 | J12: 0 | K12: 0 | L12: ='[2]SAm Capacity Data'!G$13 -> 117.6 | M12: ='[2]SAm Capacity Data'!H$13 -> 167.1 | N12: ='[2]SAm Capacity Data'!I$13 -> 258.6 | O12: ='[2]SAm Capacity Data'!J$13 -> 326.052 | P12: ='[2]SAm Capacity Data'!K$13 -> 351.077 | Q12: ='[2]SAm Capacity Data'!L$13 -> 397.4115 | R12: ='[2]SAm Capacity Data'!M$13 -> 397.4115 | S12: ='[2]SAm Capacity Data'!N$13 -> 397.4115 | T12: ='[2]SAm Capacity Data'!O$13 -> 397.4115 | U12: ='[2]SAm Capacity Data'!O$13 -> 397.4115 | V12: ='[2]SAm Capacity Data'!P$13 -> 397.4115 | W12: ='[2]SAm Capacity Data'!Q$13 -> 397.4115 | X12: ='[2]SAm Capacity Data'!R$13 -> 397.4115 | Y12: ='[2]SAm Capacity Data'!S$13 -> 397.4115 | Z12: ='[2]SAm Capacity Data'!T$13 -> 397.4115 | AA12: ='[2]SAm Capacity Data'!U$13 -> 397.4115 | AB12: ='[2]SAm Capacity Data'!V$13 -> 397.4115 | ... AK12: ='[2]SAm Capacity Data'!AE$13 -> 397.4115
A13: Operating Rate | B13: 0 | C13: 0 | D13: 0 | E13: 0 | F13: 0 | G13: 0 | H13: 0 | I13: 0 | J13: 0 | K13: 0 | L13: =L4/L12 -> 0.34013605 | M13: =M4/M12 -> 0.53859964 | N13: =N4/N12 -> 0.65738592 | O13: =O4/O12 -> 0.64406904 | P13: =P4/P12 -> 0.65512694 | Q13: =Q4/Q12 -> 0.65423371 | R13: =R4/R12 -> 0.65423371 | S13: =S4/S12 -> 0.65423371 | ... AK13: =AK4/AK12 -> 0.65423371
A15: SAF Blend Rate | B15: =B7/'Jet Fuel'!B7 -> 0 | C15: =C7/'Jet Fuel'!C7 -> 0 | D15: =D7/'Jet Fuel'!D7 -> 0 | E15: =E7/'Jet Fuel'!E7 -> 0 | F15: =F7/'Jet Fuel'!F7 -> 0 | G15: =G7/'Jet Fuel'!G7 -> 0 | H15: =H7/'Jet Fuel'!H7 -> 0 | I15: =I7/'Jet Fuel'!I7 -> 0 | ... AK15: =AK7/'Jet Fuel'!AK7 -> 0.027434327
A17: SAF Domestic Production
A18: million cubic meters | B18: =B2 -> 2015 | C18: =C2 -> 2016 | D18: =D2 -> 2017 | E18: =E2 -> 2018 | F18: =F2 -> 2019 | G18: =G2 -> 2020 | H18: =H2 -> 2021 | I18: =I2 -> 2022 | ... AK18: =AK2 -> 2050
A19: January | B19: 0 | C19: 0 | D19: 0 | E19: 0 | F19: 0 | G19: 0 | H19: 0 | I19: 0 | J19: 0 | K19: 0 | L19: 0 | M19: =M$31*(SUM([1]SAF!D23:H23)/SUM([1]SAF!D$35:H$35)) -> 2.1357961 | N19: =N$31*(SUM([1]SAF!E23:I23)/SUM([1]SAF!E$35:I$35)) -> 8.3675901 | O19: =O$31*(SUM([1]SAF!F23:J23)/SUM([1]SAF!F$35:J$35)) -> 10.707452 | P19: =P$31*(SUM([1]SAF!G23:K23)/SUM([1]SAF!G$35:K$35)) -> 11.830842 | Q19: =Q$31*(SUM([1]SAF!H23:L23)/SUM([1]SAF!H$35:L$35)) -> 13.423478 | R19: =R$31*(SUM([1]SAF!I23:M23)/SUM([1]SAF!I$35:M$35)) -> 13.474547 | S19: =S$31*(SUM([1]SAF!J23:N23)/SUM([1]SAF!J$35:N$35)) -> 13.438095 | T19: =T$31*(SUM([1]SAF!K23:O23)/SUM([1]SAF!K$35:O$35)) -> 13.436528 | ... AK19: =AK$31*(SUM([1]SAF!AB23:AF23)/SUM([1]SAF!AB$35:AF$35)) -> 13.440788
A20: February | B20: 0 | C20: 0 | D20: 0 | E20: 0 | F20: 0 | G20: 0 | H20: 0 | I20: 0 | J20: 0 | K20: 0 | L20: 0 | M20: =M$31*(SUM([1]SAF!D24:H24)/SUM([1]SAF!D$35:H$35)) -> 5.4242472 | N20: =N$31*(SUM([1]SAF!E24:I24)/SUM([1]SAF!E$35:I$35)) -> 16.537219 | O20: =O$31*(SUM([1]SAF!F24:J24)/SUM([1]SAF!F$35:J$35)) -> 20.622083 | P20: =P$31*(SUM([1]SAF!G24:K24)/SUM([1]SAF!G$35:K$35)) -> 22.520291 | Q20: =Q$31*(SUM([1]SAF!H24:L24)/SUM([1]SAF!H$35:L$35)) -> 25.454492 | R20: =R$31*(SUM([1]SAF!I24:M24)/SUM([1]SAF!I$35:M$35)) -> 25.56563 | S20: =S$31*(SUM([1]SAF!J24:N24)/SUM([1]SAF!J$35:N$35)) -> 25.506799 | T20: =T$31*(SUM([1]SAF!K24:O24)/SUM([1]SAF!K$35:O$35)) -> 25.50614 | ... AK20: =AK$31*(SUM([1]SAF!AB24:AF24)/SUM([1]SAF!AB$35:AF$35)) -> 25.511427
A21: March | B21: 0 | C21: 0 | D21: 0 | E21: 0 | F21: 0 | G21: 0 | H21: 0 | I21: 0 | J21: 0 | K21: 0 | L21: 0 | M21: =M$31*(SUM([1]SAF!D25:H25)/SUM([1]SAF!D$35:H$35)) -> 5.7770198 | N21: =N$31*(SUM([1]SAF!E25:I25)/SUM([1]SAF!E$35:I$35)) -> 6.690086 | O21: =O$31*(SUM([1]SAF!F25:J25)/SUM([1]SAF!F$35:J$35)) -> 8.2887042 | P21: =P$31*(SUM([1]SAF!G25:K25)/SUM([1]SAF!G$35:K$35)) -> 9.0121626 | Q21: =Q$31*(SUM([1]SAF!H25:L25)/SUM([1]SAF!H$35:L$35)) -> 10.174745 | R21: =R$31*(SUM([1]SAF!I25:M25)/SUM([1]SAF!I$35:M$35)) -> 10.148307 | S21: =S$31*(SUM([1]SAF!J25:N25)/SUM([1]SAF!J$35:N$35)) -> 10.195263 | T21: =T$31*(SUM([1]SAF!K25:O25)/SUM([1]SAF!K$35:O$35)) -> 10.190254 | ... AK21: =AK$31*(SUM([1]SAF!AB25:AF25)/SUM([1]SAF!AB$35:AF$35)) -> 10.182324
A22: April | B22: 0 | C22: 0 | D22: 0 | E22: 0 | F22: 0 | G22: 0 | H22: 0 | I22: 0 | J22: 0 | K22: 0 | L22: 0 | M22: =M$31*(SUM([1]SAF!D26:H26)/SUM([1]SAF!D$35:H$35)) -> 7.2092063 | N22: =N$31*(SUM([1]SAF!E26:I26)/SUM([1]SAF!E$35:I$35)) -> 10.603465 | O22: =O$31*(SUM([1]SAF!F26:J26)/SUM([1]SAF!F$35:J$35)) -> 13.162047 | P22: =P$31*(SUM([1]SAF!G26:K26)/SUM([1]SAF!G$35:K$35)) -> 14.461369 | Q22: =Q$31*(SUM([1]SAF!H26:L26)/SUM([1]SAF!H$35:L$35)) -> 16.350247 | R22: =R$31*(SUM([1]SAF!I26:M26)/SUM([1]SAF!I$35:M$35)) -> 16.334086 | S22: =S$31*(SUM([1]SAF!J26:N26)/SUM([1]SAF!J$35:N$35)) -> 16.344705 | T22: =T$31*(SUM([1]SAF!K26:O26)/SUM([1]SAF!K$35:O$35)) -> 16.345772 | ... AK22: =AK$31*(SUM([1]SAF!AB26:AF26)/SUM([1]SAF!AB$35:AF$35)) -> 16.343973
A23: May | B23: 0 | C23: 0 | D23: 0 | E23: 0 | F23: 0 | G23: 0 | H23: 0 | I23: 0 | J23: 0 | K23: 0 | L23: =L$31*(SUM([1]SAF!C27:G27)/SUM([1]SAF!C$35:G$35)) -> 2.7879168 | M23: =M$31*(SUM([1]SAF!D27:H27)/SUM([1]SAF!D$35:H$35)) -> 6.891486 | N23: =N$31*(SUM([1]SAF!E27:I27)/SUM([1]SAF!E$35:I$35)) -> 13.550515 | O23: =O$31*(SUM([1]SAF!F27:J27)/SUM([1]SAF!F$35:J$35)) -> 17.200697 | P23: =P$31*(SUM([1]SAF!G27:K27)/SUM([1]SAF!G$35:K$35)) -> 19.042384 | Q23: =Q$31*(SUM([1]SAF!H27:L27)/SUM([1]SAF!H$35:L$35)) -> 21.502933 | R23: =R$31*(SUM([1]SAF!I27:M27)/SUM([1]SAF!I$35:M$35)) -> 21.500177 | S23: =S$31*(SUM([1]SAF!J27:N27)/SUM([1]SAF!J$35:N$35)) -> 21.516689 | ... AK23: =AK$31*(SUM([1]SAF!AB27:AF27)/SUM([1]SAF!AB$35:AF$35)) -> 21.514008
A24: June | B24: 0 | C24: 0 | D24: 0 | E24: 0 | F24: 0 | G24: 0 | H24: 0 | I24: 0 | J24: 0 | K24: 0 | L24: =L$31*(SUM([1]SAF!C28:G28)/SUM([1]SAF!C$35:G$35)) -> 3.5425883 | M24: =M$31*(SUM([1]SAF!D28:H28)/SUM([1]SAF!D$35:H$35)) -> 7.4103504 | N24: =N$31*(SUM([1]SAF!E28:I28)/SUM([1]SAF!E$35:I$35)) -> 13.321241 | O24: =O$31*(SUM([1]SAF!F28:J28)/SUM([1]SAF!F$35:J$35)) -> 16.573633 | P24: =P$31*(SUM([1]SAF!G28:K28)/SUM([1]SAF!G$35:K$35)) -> 18.142342 | Q24: =Q$31*(SUM([1]SAF!H28:L28)/SUM([1]SAF!H$35:L$35)) -> 20.516664 | R24: =R$31*(SUM([1]SAF!I28:M28)/SUM([1]SAF!I$35:M$35)) -> 20.519194 | S24: =S$31*(SUM([1]SAF!J28:N28)/SUM([1]SAF!J$35:N$35)) -> 20.52536 | ... AK24: =AK$31*(SUM([1]SAF!AB28:AF28)/SUM([1]SAF!AB$35:AF$35)) -> 20.522902
A25: July | B25: 0 | C25: 0 | D25: 0 | E25: 0 | F25: 0 | G25: 0 | H25: 0 | I25: 0 | J25: 0 | K25: 0 | L25: =L$31*(SUM([1]SAF!C29:G29)/SUM([1]SAF!C$35:G$35)) -> 6.6839934 | M25: =M$31*(SUM([1]SAF!D29:H29)/SUM([1]SAF!D$35:H$35)) -> 11.259744 | N25: =N$31*(SUM([1]SAF!E29:I29)/SUM([1]SAF!E$35:I$35)) -> 15.068714 | O25: =O$31*(SUM([1]SAF!F29:J29)/SUM([1]SAF!F$35:J$35)) -> 18.131787 | P25: =P$31*(SUM([1]SAF!G29:K29)/SUM([1]SAF!G$35:K$35)) -> 19.755953 | Q25: =Q$31*(SUM([1]SAF!H29:L29)/SUM([1]SAF!H$35:L$35)) -> 22.302867 | R25: =R$31*(SUM([1]SAF!I29:M29)/SUM([1]SAF!I$35:M$35)) -> 22.30574 | S25: =S$31*(SUM([1]SAF!J29:N29)/SUM([1]SAF!J$35:N$35)) -> 22.336175 | ... AK25: =AK$31*(SUM([1]SAF!AB29:AF29)/SUM([1]SAF!AB$35:AF$35)) -> 22.324453
A26: August | B26: 0 | C26: 0 | D26: 0 | E26: 0 | F26: 0 | G26: 0 | H26: 0 | I26: 0 | J26: 0 | K26: 0 | L26: =L$31*(SUM([1]SAF!C30:G30)/SUM([1]SAF!C$35:G$35)) -> 5.1283947 | M26: =M$31*(SUM([1]SAF!D30:H30)/SUM([1]SAF!D$35:H$35)) -> 10.391285 | N26: =N$31*(SUM([1]SAF!E30:I30)/SUM([1]SAF!E$35:I$35)) -> 16.419934 | O26: =O$31*(SUM([1]SAF!F30:J30)/SUM([1]SAF!F$35:J$35)) -> 19.710943 | P26: =P$31*(SUM([1]SAF!G30:K30)/SUM([1]SAF!G$35:K$35)) -> 21.6283 | Q26: =Q$31*(SUM([1]SAF!H30:L30)/SUM([1]SAF!H$35:L$35)) -> 24.294325 | R26: =R$31*(SUM([1]SAF!I30:M30)/SUM([1]SAF!I$35:M$35)) -> 24.276467 | S26: =S$31*(SUM([1]SAF!J30:N30)/SUM([1]SAF!J$35:N$35)) -> 24.313378 | ... AK26: =AK$31*(SUM([1]SAF!AB30:AF30)/SUM([1]SAF!AB$35:AF$35)) -> 24.307614
A27: September | B27: 0 | C27: 0 | D27: 0 | E27: 0 | F27: 0 | G27: 0 | H27: 0 | I27: 0 | J27: 0 | K27: 0 | L27: =L$31*(SUM([1]SAF!C31:G31)/SUM([1]SAF!C$35:G$35)) -> 2.350992 | M27: =M$31*(SUM([1]SAF!D31:H31)/SUM([1]SAF!D$35:H$35)) -> 14.034491 | N27: =N$31*(SUM([1]SAF!E31:I31)/SUM([1]SAF!E$35:I$35)) -> 19.005143 | O27: =O$31*(SUM([1]SAF!F31:J31)/SUM([1]SAF!F$35:J$35)) -> 23.711868 | P27: =P$31*(SUM([1]SAF!G31:K31)/SUM([1]SAF!G$35:K$35)) -> 26.181821 | Q27: =Q$31*(SUM([1]SAF!H31:L31)/SUM([1]SAF!H$35:L$35)) -> 29.675716 | R27: =R$31*(SUM([1]SAF!I31:M31)/SUM([1]SAF!I$35:M$35)) -> 29.464656 | S27: =S$31*(SUM([1]SAF!J31:N31)/SUM([1]SAF!J$35:N$35)) -> 29.566123 | ... AK27: =AK$31*(SUM([1]SAF!AB31:AF31)/SUM([1]SAF!AB$35:AF$35)) -> 29.563945
A28: October | B28: 0 | C28: 0 | D28: 0 | E28: 0 | F28: 0 | G28: 0 | H28: 0 | I28: 0 | J28: 0 | K28: 0 | L28: =L$31*(SUM([1]SAF!C32:G32)/SUM([1]SAF!C$35:G$35)) -> 5.3618535 | M28: =M$31*(SUM([1]SAF!D32:H32)/SUM([1]SAF!D$35:H$35)) -> 11.175669 | N28: =N$31*(SUM([1]SAF!E32:I32)/SUM([1]SAF!E$35:I$35)) -> 19.337281 | O28: =O$31*(SUM([1]SAF!F32:J32)/SUM([1]SAF!F$35:J$35)) -> 23.732781 | P28: =P$31*(SUM([1]SAF!G32:K32)/SUM([1]SAF!G$35:K$35)) -> 25.570929 | Q28: =Q$31*(SUM([1]SAF!H32:L32)/SUM([1]SAF!H$35:L$35)) -> 28.861169 | R28: =R$31*(SUM([1]SAF!I32:M32)/SUM([1]SAF!I$35:M$35)) -> 28.857389 | S28: =S$31*(SUM([1]SAF!J32:N32)/SUM([1]SAF!J$35:N$35)) -> 28.877434 | ... AK28: =AK$31*(SUM([1]SAF!AB32:AF32)/SUM([1]SAF!AB$35:AF$35)) -> 28.866382
A29: November | B29: 0 | C29: 0 | D29: 0 | E29: 0 | F29: 0 | G29: 0 | H29: 0 | I29: 0 | J29: 0 | K29: 0 | L29: =L$31*(SUM([1]SAF!C33:G33)/SUM([1]SAF!C$35:G$35))+5 -> 6.510582 | M29: =M$31*(SUM([1]SAF!D33:H33)/SUM([1]SAF!D$35:H$35)) -> 4.5818696 | N29: =N$31*(SUM([1]SAF!E33:I33)/SUM([1]SAF!E$35:I$35)) -> 16.376691 | O29: =O$31*(SUM([1]SAF!F33:J33)/SUM([1]SAF!F$35:J$35)) -> 20.062645 | P29: =P$31*(SUM([1]SAF!G33:K33)/SUM([1]SAF!G$35:K$35)) -> 22.061226 | Q29: =Q$31*(SUM([1]SAF!H33:L33)/SUM([1]SAF!H$35:L$35)) -> 24.984908 | R29: =R$31*(SUM([1]SAF!I33:M33)/SUM([1]SAF!I$35:M$35)) -> 25.043459 | S29: =S$31*(SUM([1]SAF!J33:N33)/SUM([1]SAF!J$35:N$35)) -> 24.957285 | T29: =T$31*(SUM([1]SAF!K33:O33)/SUM([1]SAF!K$35:O$35)) -> 24.967124 | ... AK29: =AK$31*(SUM([1]SAF!AB33:AF33)/SUM([1]SAF!AB$35:AF$35)) -> 24.978191
A30: December | B30: 0 | C30: 0 | D30: 0 | E30: 0 | F30: 0 | G30: 0 | H30: 0 | I30: 0 | J30: 0 | K30: 0 | L30: =L31-SUM(L19:L29) -> 7.6336793 | M30: =M31-SUM(M19:M29) -> 3.7088359 | N30: =N31-SUM(N19:N29) -> 14.72212 | O30: =O31-SUM(O19:O29) -> 18.09536 | P30: =P31-SUM(P19:P29) -> 19.792381 | Q30: =Q31-SUM(Q19:Q29) -> 22.458456 | R30: =R31-SUM(R19:R29) -> 22.510347 | S30: =S31-SUM(S19:S29) -> 22.422695 | ... AK30: =AK31-SUM(AK19:AK29) -> 22.443994
A31: Total | B31: =SUM(B19:B30) -> 0 | C31: =SUM(C19:C30) -> 0 | D31: =SUM(D19:D30) -> 0 | E31: =SUM(E19:E30) -> 0 | F31: =SUM(F19:F30) -> 0 | G31: =SUM(G19:G30) -> 0 | H31: =SUM(H19:H30) -> 0 | I31: =SUM(I19:I30) -> 0 | ... K31: =SUM(K19:K30) -> 0 | L31: =L4 -> 40 | M31: =M4 -> 90 | N31: =N4 -> 170 | O31: =O4 -> 210 | P31: =P4 -> 230 | Q31: =Q4 -> 260 | R31: =R4 -> 260 | S31: =S4 -> 260 | ... AK31: =AK4 -> 260
A33: SAF Imports
A34: million cubic meters | B34: =B18 -> 2015 | C34: =C18 -> 2016 | D34: =D18 -> 2017 | E34: =E18 -> 2018 | F34: =F18 -> 2019 | G34: =G18 -> 2020 | H34: =H18 -> 2021 | I34: =I18 -> 2022 | ... AK34: =AK18 -> 2050
A35: January | B35: 0 | C35: 0 | D35: 0 | E35: 0 | F35: 0 | G35: 0 | H35: 0 | I35: 0 | J35: 0 | K35: 0 | L35: 0 | M35: =M19*([1]SAF!J$7/[1]SAF!J$6) -> 0.21316065 | N35: =N19*([1]SAF!K$7/[1]SAF!K$6) -> 0.42144382 | O35: =O19*([1]SAF!L$7/[1]SAF!L$6) -> 0.53641757 | P35: =P19*([1]SAF!M$7/[1]SAF!M$6) -> 0.52899238 | Q35: =Q19*([1]SAF!N$7/[1]SAF!N$6) -> 0.59840517 | R35: =R19*([1]SAF!O$7/[1]SAF!O$6) -> 0.46501068 | S35: =S19*([1]SAF!P$7/[1]SAF!P$6) -> 0.3299649 | T35: =T19*([1]SAF!Q$7/[1]SAF!Q$6) -> 0.33008417 | ... AK35: =AK19*([1]SAF!AH$7/[1]SAF!AH$6) -> 0.3409767
A36: February | B36: 0 | C36: 0 | D36: 0 | E36: 0 | F36: 0 | G36: 0 | H36: 0 | I36: 0 | J36: 0 | K36: 0 | L36: 0 | M36: =M20*([1]SAF!J$7/[1]SAF!J$6) -> 0.54136069 | N36: =N20*([1]SAF!K$7/[1]SAF!K$6) -> 0.83291708 | O36: =O20*([1]SAF!L$7/[1]SAF!L$6) -> 1.0331167 | P36: =P20*([1]SAF!M$7/[1]SAF!M$6) -> 1.0069497 | Q36: =Q20*([1]SAF!N$7/[1]SAF!N$6) -> 1.1347357 | R36: =R20*([1]SAF!O$7/[1]SAF!O$6) -> 0.88227759 | S36: =S20*([1]SAF!P$7/[1]SAF!P$6) -> 0.62630517 | T36: =T20*([1]SAF!Q$7/[1]SAF!Q$6) -> 0.62658843 | ... AK36: =AK20*([1]SAF!AH$7/[1]SAF!AH$6) -> 0.64719432
A37: March | B37: 0 | C37: 0 | D37: 0 | E37: 0 | F37: 0 | G37: 0 | H37: 0 | I37: 0 | J37: 0 | K37: 0 | L37: =L21*([1]SAF!I$7/[1]SAF!I$6) -> 0 | M37: =M21*([1]SAF!J$7/[1]SAF!J$6) -> 0.57656875 | N37: =N21*([1]SAF!K$7/[1]SAF!K$6) -> 0.33695429 | O37: =O21*([1]SAF!L$7/[1]SAF!L$6) -> 0.41524413 | P37: =P21*([1]SAF!M$7/[1]SAF!M$6) -> 0.40296079 | Q37: =Q21*([1]SAF!N$7/[1]SAF!N$6) -> 0.45357994 | R37: =R21*([1]SAF!O$7/[1]SAF!O$6) -> 0.35022113 | S37: =S21*([1]SAF!P$7/[1]SAF!P$6) -> 0.25033898 | ... AK37: =AK21*([1]SAF!AH$7/[1]SAF!AH$6) -> 0.25831335
A38: April | B38: 0 | C38: 0 | D38: 0 | E38: 0 | F38: 0 | G38: 0 | H38: 0 | I38: 0 | J38: 0 | K38: 0 | L38: =L22*([1]SAF!I$7/[1]SAF!I$6) -> 0 | M38: =M22*([1]SAF!J$7/[1]SAF!J$6) -> 0.71950646 | N38: =N22*([1]SAF!K$7/[1]SAF!K$6) -> 0.53405639 | O38: =O22*([1]SAF!L$7/[1]SAF!L$6) -> 0.65938688 | P38: =P22*([1]SAF!M$7/[1]SAF!M$6) -> 0.64661114 | Q38: =Q22*([1]SAF!N$7/[1]SAF!N$6) -> 0.72887762 | R38: =R22*([1]SAF!O$7/[1]SAF!O$6) -> 0.56369422 | S38: =S22*([1]SAF!P$7/[1]SAF!P$6) -> 0.40133507 | ... AK38: =AK22*([1]SAF!AH$7/[1]SAF!AH$6) -> 0.414627
A39: May | B39: 0 | C39: 0 | D39: 0 | E39: 0 | F39: 0 | G39: 0 | H39: 0 | I39: 0 | J39: 0 | K39: 0 | L39: =L23*([1]SAF!I$7/[1]SAF!I$6) -> 1.1987186 | M39: =M23*([1]SAF!J$7/[1]SAF!J$6) -> 0.68779676 | N39: =N23*([1]SAF!K$7/[1]SAF!K$6) -> 0.68248812 | O39: =O23*([1]SAF!L$7/[1]SAF!L$6) -> 0.8617135 | P39: =P23*([1]SAF!M$7/[1]SAF!M$6) -> 0.85144207 | Q39: =Q23*([1]SAF!N$7/[1]SAF!N$6) -> 0.95857921 | R39: =R23*([1]SAF!O$7/[1]SAF!O$6) -> 0.74197759 | S39: =S23*([1]SAF!P$7/[1]SAF!P$6) -> 0.52833025 | ... AK39: =AK23*([1]SAF!AH$7/[1]SAF!AH$6) -> 0.54578459
A40: June | B40: 0 | C40: 0 | D40: 0 | E40: 0 | F40: 0 | G40: 0 | H40: 0 | I40: 0 | J40: 0 | K40: 0 | L40: =L24*([1]SAF!I$7/[1]SAF!I$6) -> 1.5232042 | M40: =M24*([1]SAF!J$7/[1]SAF!J$6) -> 0.73958142 | N40: =N24*([1]SAF!K$7/[1]SAF!K$6) -> 0.67094044 | O40: =O24*([1]SAF!L$7/[1]SAF!L$6) -> 0.83029912 | P40: =P24*([1]SAF!M$7/[1]SAF!M$6) -> 0.81119849 | Q40: =Q24*([1]SAF!N$7/[1]SAF!N$6) -> 0.91461231 | R40: =R24*([1]SAF!O$7/[1]SAF!O$6) -> 0.70812358 | S40: =S24*([1]SAF!P$7/[1]SAF!P$6) -> 0.50398872 | ... AK40: =AK24*([1]SAF!AH$7/[1]SAF!AH$6) -> 0.52064143
A41: July | B41: 0 | C41: 0 | D41: 0 | E41: 0 | F41: 0 | G41: 0 | H41: 0 | I41: 0 | J41: 0 | K41: 0 | L41: =L25*([1]SAF!I$7/[1]SAF!I$6) -> 2.8739119 | M41: =M25*([1]SAF!J$7/[1]SAF!J$6) -> 1.1237657 | N41: =N25*([1]SAF!K$7/[1]SAF!K$6) -> 0.75895407 | O41: =O25*([1]SAF!L$7/[1]SAF!L$6) -> 0.9083589 | P41: =P25*([1]SAF!M$7/[1]SAF!M$6) -> 0.88334785 | Q41: =Q25*([1]SAF!N$7/[1]SAF!N$6) -> 0.99423944 | R41: =R25*([1]SAF!O$7/[1]SAF!O$6) -> 0.76977779 | S41: =S25*([1]SAF!P$7/[1]SAF!P$6) -> 0.54845229 | ... AK41: =AK25*([1]SAF!AH$7/[1]SAF!AH$6) -> 0.56634462
A42: August | B42: 0 | C42: 0 | D42: 0 | E42: 0 | F42: 0 | G42: 0 | H42: 0 | I42: 0 | J42: 0 | K42: 0 | L42: =L26*([1]SAF!I$7/[1]SAF!I$6) -> 2.2050522 | M42: =M26*([1]SAF!J$7/[1]SAF!J$6) -> 1.0370902 | N42: =N26*([1]SAF!K$7/[1]SAF!K$6) -> 0.8270099 | O42: =O26*([1]SAF!L$7/[1]SAF!L$6) -> 0.98747081 | P42: =P26*([1]SAF!M$7/[1]SAF!M$6) -> 0.96706612 | Q42: =Q26*([1]SAF!N$7/[1]SAF!N$6) -> 1.0830166 | R42: =R26*([1]SAF!O$7/[1]SAF!O$6) -> 0.83778818 | S42: =S26*([1]SAF!P$7/[1]SAF!P$6) -> 0.59700139 | ... AK42: =AK26*([1]SAF!AH$7/[1]SAF!AH$6) -> 0.61665504
A43: September | B43: 0 | C43: 0 | D43: 0 | E43: 0 | F43: 0 | G43: 0 | H43: 0 | I43: 0 | J43: 0 | K43: 0 | L43: =L27*([1]SAF!I$7/[1]SAF!I$6) -> 1.0108544 | M43: =M27*([1]SAF!J$7/[1]SAF!J$6) -> 1.4006961 | N43: =N27*([1]SAF!K$7/[1]SAF!K$6) -> 0.95721707 | O43: =O27*([1]SAF!L$7/[1]SAF!L$6) -> 1.1879075 | P43: =P27*([1]SAF!M$7/[1]SAF!M$6) -> 1.1706677 | Q43: =Q27*([1]SAF!N$7/[1]SAF!N$6) -> 1.3229137 | R43: =R27*([1]SAF!O$7/[1]SAF!O$6) -> 1.0168341 | S43: =S27*([1]SAF!P$7/[1]SAF!P$6) -> 0.7259796 | ... AK43: =AK27*([1]SAF!AH$7/[1]SAF!AH$6) -> 0.75000185
A44: October | B44: 0 | C44: 0 | D44: 0 | E44: 0 | F44: 0 | G44: 0 | H44: 0 | I44: 0 | J44: 0 | K44: 0 | L44: =L28*([1]SAF!I$7/[1]SAF!I$6) -> 2.3054324 | M44: =M28*([1]SAF!J$7/[1]SAF!J$6) -> 1.1153746 | N44: =N28*([1]SAF!K$7/[1]SAF!K$6) -> 0.97394558 | O44: =O28*([1]SAF!L$7/[1]SAF!L$6) -> 1.1889552 | P44: =P28*([1]SAF!M$7/[1]SAF!M$6) -> 1.1433529 | Q44: =Q28*([1]SAF!N$7/[1]SAF!N$6) -> 1.286602 | R44: =R28*([1]SAF!O$7/[1]SAF!O$6) -> 0.99587717 | S44: =S28*([1]SAF!P$7/[1]SAF!P$6) -> 0.70906923 | ... AK44: =AK28*([1]SAF!AH$7/[1]SAF!AH$6) -> 0.73230551
A45: November | B45: 0 | C45: 0 | D45: 0 | E45: 0 | F45: 0 | G45: 0 | H45: 0 | I45: 0 | J45: 0 | K45: 0 | L45: =L29*([1]SAF!I$7/[1]SAF!I$6) -> 2.7993503 | M45: =M29*([1]SAF!J$7/[1]SAF!J$6) -> 0.45728818 | N45: =N29*([1]SAF!K$7/[1]SAF!K$6) -> 0.82483192 | O45: =O29*([1]SAF!L$7/[1]SAF!L$6) -> 1.0050902 | P45: =P29*([1]SAF!M$7/[1]SAF!M$6) -> 0.98642354 | Q45: =Q29*([1]SAF!N$7/[1]SAF!N$6) -> 1.1138021 | R45: =R29*([1]SAF!O$7/[1]SAF!O$6) -> 0.86425732 | S45: =S29*([1]SAF!P$7/[1]SAF!P$6) -> 0.61281217 | ... AK45: =AK29*([1]SAF!AH$7/[1]SAF!AH$6) -> 0.63366677
A46: December | B46: 0 | C46: 0 | D46: 0 | E46: 0 | F46: 0 | G46: 0 | H46: 0 | I46: 0 | J46: 0 | K46: 0 | L46: =L30*([1]SAF!I$7/[1]SAF!I$6) -> 3.2822477 | M46: =M30*([1]SAF!J$7/[1]SAF!J$6) -> 0.37015606 | N46: =N30*([1]SAF!K$7/[1]SAF!K$6) -> 0.74149741 | O46: =O30*([1]SAF!L$7/[1]SAF!L$6) -> 0.90653395 | P46: =P30*([1]SAF!M$7/[1]SAF!M$6) -> 0.88497667 | Q46: =Q30*([1]SAF!N$7/[1]SAF!N$6) -> 1.0011755 | R46: =R30*([1]SAF!O$7/[1]SAF!O$6) -> 0.77683886 | S46: =S30*([1]SAF!P$7/[1]SAF!P$6) -> 0.55057672 | ... AK46: =AK30*([1]SAF!AH$7/[1]SAF!AH$6) -> 0.56937724
A47: Total | B47: =SUM(B35:B46) -> 0 | C47: =SUM(C35:C46) -> 0 | D47: =SUM(D35:D46) -> 0 | E47: =SUM(E35:E46) -> 0 | F47: =SUM(F35:F46) -> 0 | G47: =SUM(G35:G46) -> 0 | H47: =SUM(H35:H46) -> 0 | I47: =SUM(I35:I46) -> 0 | ... AK47: =SUM(AK35:AK46) -> 6.5958884
A49: SAF Exports
A50: million cubic meters | B50: =B2 -> 2015 | C50: =C2 -> 2016 | D50: =D2 -> 2017 | E50: =E2 -> 2018 | F50: =F2 -> 2019 | G50: =G2 -> 2020 | H50: =H2 -> 2021 | I50: =I2 -> 2022 | ... AK50: =AK2 -> 2050
A51: January | B51: 0 | C51: 0 | D51: 0 | E51: 0 | F51: 0 | G51: 0 | H51: 0 | I51: 0 | J51: 0 | K51: 0 | L51: 0
A52: February | B52: 0 | C52: 0 | D52: 0 | E52: 0 | F52: 0 | G52: 0 | H52: 0 | I52: 0 | J52: 0 | K52: 0 | L52: 0
A53: March | B53: 0 | C53: 0 | D53: 0 | E53: 0 | F53: 0 | G53: 0 | H53: 0 | I53: 0 | J53: 0 | K53: 0 | L53: 0
A54: April | B54: 0 | C54: 0 | D54: 0 | E54: 0 | F54: 0 | G54: 0 | H54: 0 | I54: 0 | J54: 0 | K54: 0 | L54: 0
A55: May | B55: 0 | C55: 0 | D55: 0 | E55: 0 | F55: 0 | G55: 0 | H55: 0 | I55: 0 | J55: 0 | K55: 0 | L55: 0
A56: June | B56: 0 | C56: 0 | D56: 0 | E56: 0 | F56: 0 | G56: 0 | H56: 0 | I56: 0 | J56: 0 | K56: 0 | L56: 0
A57: July | B57: 0 | C57: 0 | D57: 0 | E57: 0 | F57: 0 | G57: 0 | H57: 0 | I57: 0 | J57: 0 | K57: 0 | L57: 0
A58: August | B58: 0 | C58: 0 | D58: 0 | E58: 0 | F58: 0 | G58: 0 | H58: 0 | I58: 0 | J58: 0 | K58: 0 | L58: 0
A59: September | B59: 0 | C59: 0 | D59: 0 | E59: 0 | F59: 0 | G59: 0 | H59: 0 | I59: 0 | J59: 0 | K59: 0 | L59: 0
A60: October | B60: 0 | C60: 0 | D60: 0 | E60: 0 | F60: 0 | G60: 0 | H60: 0 | I60: 0 | J60: 0 | K60: 0 | L60: 0
A61: November | B61: 0 | C61: 0 | D61: 0 | E61: 0 | F61: 0 | G61: 0 | H61: 0 | I61: 0 | J61: 0 | K61: 0 | L61: 0
A62: December | B62: 0 | C62: 0 | D62: 0 | E62: 0 | F62: 0 | G62: 0 | H62: 0 | I62: 0 | J62: 0 | K62: 0 | L62: 0
A63: Total | B63: =SUM(B51:B62) -> 0 | C63: =SUM(C51:C62) -> 0 | D63: =SUM(D51:D62) -> 0 | E63: =SUM(E51:E62) -> 0 | F63: =SUM(F51:F62) -> 0 | G63: =SUM(G51:G62) -> 0 | H63: =SUM(H51:H62) -> 0 | I63: =SUM(I51:I62) -> 0 | ... K63: =SUM(K51:K62) -> 0 | L63: =L8 -> 0 | M63: =M8 -> 15 | N63: =N8 -> 75 | O63: =O8 -> 125 | P63: =P8 -> 150 | Q63: =Q8 -> 150 | R63: =R8 -> 150 | S63: =S8 -> 150 | ... AK63: =AK8 -> 150
A65: SAF Domestic Consumption
A66: million cubic meters | B66: =B2 -> 2015 | C66: =C2 -> 2016 | D66: =D2 -> 2017 | E66: =E2 -> 2018 | F66: =F2 -> 2019 | G66: =G2 -> 2020 | H66: =H2 -> 2021 | I66: =I2 -> 2022 | ... AK66: =AK2 -> 2050
A67: January | B67: =B3+B19+B35-B51-B83 -> 0 | C67: =B94+C19+C35-C51-C83 -> 0 | D67: =C94+D19+D35-D51-D83 -> 0 | E67: =D94+E19+E35-E51-E83 -> 0 | F67: =E94+F19+F35-F51-F83 -> 0 | G67: =F94+G19+G35-G51-G83 -> 0 | H67: =G94+H19+H35-H51-H83 -> 0 | I67: =H94+I19+I35-I51-I83 -> 0 | J67: =I94+J19+J35-J51-J83 -> 0 | K67: =J94+K19+K35-K51-K83 -> 0 | L67: 0 | M67: =(M19+M35+L94)*((SUM('Jet Fuel'!H68:L68)/SUM('Jet Fuel'!H84:L84))) -> 6.8668264 | N67: =(N19+N35+M94)*((SUM('Jet Fuel'!I68:M68)/SUM('Jet Fuel'!I84:M84))) -> 16.516479 | O67: =(O19+O35+N94)*((SUM('Jet Fuel'!J68:N68)/SUM('Jet Fuel'!J84:N84))) -> 20.028398 | P67: =(P19+P35+O94)*((SUM('Jet Fuel'!K68:O68)/SUM('Jet Fuel'!K84:O84))) -> 22.921755 | Q67: =(Q19+Q35+P94)*((SUM('Jet Fuel'!L68:P68)/SUM('Jet Fuel'!L84:P84))) -> 23.304912 | R67: =(R19+R35+Q94)*((SUM('Jet Fuel'!M68:Q68)/SUM('Jet Fuel'!M84:Q84))) -> 22.699271 | S67: =(S19+S35+R94)*((SUM('Jet Fuel'!N68:R68)/SUM('Jet Fuel'!N84:R84))) -> 21.879248 | T67: =(T19+T35+S94)*((SUM('Jet Fuel'!O68:S68)/SUM('Jet Fuel'!O84:S84))) -> 21.444506 | ... AK67: =(AK19+AK35+AJ94)*((SUM('Jet Fuel'!AF68:AJ68)/SUM('Jet Fuel'!AF84:AJ84))) -> 6.5643833
A68: February | B68: =B83+B20+B36-B52-B84 -> 0 | C68: =C83+C20+C36-C52-C84 -> 0 | D68: =D83+D20+D36-D52-D84 -> 0 | E68: =E83+E20+E36-E52-E84 -> 0 | F68: =F83+F20+F36-F52-F84 -> 0 | G68: =G83+G20+G36-G52-G84 -> 0 | H68: =H83+H20+H36-H52-H84 -> 0 | I68: =I83+I20+I36-I52-I84 -> 0 | ... K68: =K83+K20+K36-K52-K84 -> 0 | L68: 0 | M68: =(M20+M36+M83)*((SUM('Jet Fuel'!H69:L69)/SUM('Jet Fuel'!H85:L85))) -> 4.6738644 | N68: =(N20+N36+N83)*((SUM('Jet Fuel'!I69:M69)/SUM('Jet Fuel'!I85:M85))) -> 12.403585 | O68: =(O20+O36+O83)*((SUM('Jet Fuel'!J69:N69)/SUM('Jet Fuel'!J85:N85))) -> 14.949275 | P68: =(P20+P36+P83)*((SUM('Jet Fuel'!K69:O69)/SUM('Jet Fuel'!K85:O85))) -> 18.255774 | Q68: =(Q20+Q36+Q83)*((SUM('Jet Fuel'!L69:P69)/SUM('Jet Fuel'!L85:P85))) -> 18.037354 | R68: =(R20+R36+R83)*((SUM('Jet Fuel'!M69:Q69)/SUM('Jet Fuel'!M85:Q85))) -> 18.733562 | S68: =(S20+S36+S83)*((SUM('Jet Fuel'!N69:R69)/SUM('Jet Fuel'!N85:R85))) -> 18.30171 | T68: =(T20+T36+T83)*((SUM('Jet Fuel'!O69:S69)/SUM('Jet Fuel'!O85:S85))) -> 18.089817 | ... AK68: =(AK20+AK36+AK83)*((SUM('Jet Fuel'!AF69:AJ69)/SUM('Jet Fuel'!AF85:AJ85))) -> 10.00216
A69: March | B69: =B84+B21+B37-B53-B85 -> 0 | C69: =C84+C21+C37-C53-C85 -> 0 | D69: =D84+D21+D37-D53-D85 -> 0 | E69: =E84+E21+E37-E53-E85 -> 0 | F69: =F84+F21+F37-F53-F85 -> 0 | G69: =G84+G21+G37-G53-G85 -> 0 | H69: =H84+H21+H37-H53-H85 -> 0 | I69: =I84+I21+I37-I53-I85 -> 0 | ... K69: =K84+K21+K37-K53-K85 -> 0 | L69: 0 | M69: =(M21+M37+M84)*((SUM('Jet Fuel'!H70:L70)/SUM('Jet Fuel'!H86:L86))) -> 9.4371331 | N69: =(N21+N37+N84)*((SUM('Jet Fuel'!I70:M70)/SUM('Jet Fuel'!I86:M86))) -> 13.013329 | O69: =(O21+O37+O84)*((SUM('Jet Fuel'!J70:N70)/SUM('Jet Fuel'!J86:N86))) -> 18.010628 | P69: =(P21+P37+P84)*((SUM('Jet Fuel'!K70:O70)/SUM('Jet Fuel'!K86:O86))) -> 19.055399 | Q69: =(Q21+Q37+Q84)*((SUM('Jet Fuel'!L70:P70)/SUM('Jet Fuel'!L86:P86))) -> 22.456325 | R69: =(R21+R37+R84)*((SUM('Jet Fuel'!M70:Q70)/SUM('Jet Fuel'!M86:Q86))) -> 21.61401 | S69: =(S21+S37+S84)*((SUM('Jet Fuel'!N70:R70)/SUM('Jet Fuel'!N86:R86))) -> 21.484005 | T69: =(T21+T37+T84)*((SUM('Jet Fuel'!O70:S70)/SUM('Jet Fuel'!O86:S86))) -> 21.380017 | ... AK69: =(AK21+AK37+AK84)*((SUM('Jet Fuel'!AF70:AJ70)/SUM('Jet Fuel'!AF86:AJ86))) -> 13.858046
A70: April | B70: =B85+B22+B38-B54-B86 -> 0 | C70: =C85+C22+C38-C54-C86 -> 0 | D70: =D85+D22+D38-D54-D86 -> 0 | E70: =E85+E22+E38-E54-E86 -> 0 | F70: =F85+F22+F38-F54-F86 -> 0 | G70: =G85+G22+G38-G54-G86 -> 0 | H70: =H85+H22+H38-H54-H86 -> 0 | I70: =I85+I22+I38-I54-I86 -> 0 | ... K70: =K85+K22+K38-K54-K86 -> 0 | L70: =(L22+L38+L85)*((SUM('Jet Fuel'!G70:K70)/SUM('Jet Fuel'!G86:K86))) -> 0 | M70: =(M22+M38+M85)*((SUM('Jet Fuel'!H71:L71)/SUM('Jet Fuel'!H87:L87))) -> 7.1963225 | N70: =(N22+N38+N85)*((SUM('Jet Fuel'!I71:M71)/SUM('Jet Fuel'!I87:M87))) -> 10.15157 | O70: =(O22+O38+O85)*((SUM('Jet Fuel'!J71:N71)/SUM('Jet Fuel'!J87:N87))) -> 12.334009 | P70: =(P22+P38+P85)*((SUM('Jet Fuel'!K71:O71)/SUM('Jet Fuel'!K87:O87))) -> 14.457637 | Q70: =(Q22+Q38+Q85)*((SUM('Jet Fuel'!L71:P71)/SUM('Jet Fuel'!L87:P87))) -> 16.148105 | R70: =(R22+R38+R85)*((SUM('Jet Fuel'!M71:Q71)/SUM('Jet Fuel'!M87:Q87))) -> 15.662841 | S70: =(S22+S38+S85)*((SUM('Jet Fuel'!N71:R71)/SUM('Jet Fuel'!N87:R87))) -> 15.683716 | T70: =(T22+T38+T85)*((SUM('Jet Fuel'!O71:S71)/SUM('Jet Fuel'!O87:S87))) -> 15.4946 | ... AK70: =(AK22+AK38+AK85)*((SUM('Jet Fuel'!AF71:AJ71)/SUM('Jet Fuel'!AF87:AJ87))) -> 11.276552
A71: May | B71: =B86+B23+B39-B55-B87 -> 0 | C71: =C86+C23+C39-C55-C87 -> 0 | D71: =D86+D23+D39-D55-D87 -> 0 | E71: =E86+E23+E39-E55-E87 -> 0 | F71: =F86+F23+F39-F55-F87 -> 0 | G71: =G86+G23+G39-G55-G87 -> 0 | H71: =H86+H23+H39-H55-H87 -> 0 | I71: =I86+I23+I39-I55-I87 -> 0 | ... K71: =K86+K23+K39-K55-K87 -> 0 | L71: =(L23+L39+L86)*((SUM('Jet Fuel'!G71:K71)/SUM('Jet Fuel'!G87:K87))) -> 4.5918331 | M71: =(M23+M39+M86)*((SUM('Jet Fuel'!H72:L72)/SUM('Jet Fuel'!H88:L88))) -> 6.5986739 | N71: =(N23+N39+N86)*((SUM('Jet Fuel'!I72:M72)/SUM('Jet Fuel'!I88:M88))) -> 13.687698 | O71: =(O23+O39+O86)*((SUM('Jet Fuel'!J72:N72)/SUM('Jet Fuel'!J88:N88))) -> 17.535804 | P71: =(P23+P39+P86)*((SUM('Jet Fuel'!K72:O72)/SUM('Jet Fuel'!K88:O88))) -> 18.177343 | Q71: =(Q23+Q39+Q86)*((SUM('Jet Fuel'!L72:P72)/SUM('Jet Fuel'!L88:P88))) -> 21.671062 | R71: =(R23+R39+R86)*((SUM('Jet Fuel'!M72:Q72)/SUM('Jet Fuel'!M88:Q88))) -> 20.298995 | S71: =(S23+S39+S86)*((SUM('Jet Fuel'!N72:R72)/SUM('Jet Fuel'!N88:R88))) -> 20.438919 | T71: =(T23+T39+T86)*((SUM('Jet Fuel'!O72:S72)/SUM('Jet Fuel'!O88:S88))) -> 20.298116 | ... AK71: =(AK23+AK39+AK86)*((SUM('Jet Fuel'!AF72:AJ72)/SUM('Jet Fuel'!AF88:AJ88))) -> 13.294051
A72: June | B72: =B87+B24+B40-B56-B88 -> 0 | C72: =C87+C24+C40-C56-C88 -> 0 | D72: =D87+D24+D40-D56-D88 -> 0 | E72: =E87+E24+E40-E56-E88 -> 0 | F72: =F87+F24+F40-F56-F88 -> 0 | G72: =G87+G24+G40-G56-G88 -> 0 | H72: =H87+H24+H40-H56-H88 -> 0 | I72: =I87+I24+I40-I56-I88 -> 0 | ... K72: =K87+K24+K40-K56-K88 -> 0 | L72: =(L24+L40+L87)*((SUM('Jet Fuel'!G72:K72)/SUM('Jet Fuel'!G88:K88))) -> 3.7207717 | M72: =(M24+M40+M87)*((SUM('Jet Fuel'!H73:L73)/SUM('Jet Fuel'!H89:L89))) -> 7.9913909 | N72: =(N24+N40+N87)*((SUM('Jet Fuel'!I73:M73)/SUM('Jet Fuel'!I89:M89))) -> 14.378694 | O72: =(O24+O40+O87)*((SUM('Jet Fuel'!J73:N73)/SUM('Jet Fuel'!J89:N89))) -> 17.255384 | P72: =(P24+P40+P87)*((SUM('Jet Fuel'!K73:O73)/SUM('Jet Fuel'!K89:O89))) -> 17.827111 | Q72: =(Q24+Q40+Q87)*((SUM('Jet Fuel'!L73:P73)/SUM('Jet Fuel'!L89:P89))) -> 20.201103 | R72: =(R24+R40+R87)*((SUM('Jet Fuel'!M73:Q73)/SUM('Jet Fuel'!M89:Q89))) -> 20.35423 | S72: =(S24+S40+S87)*((SUM('Jet Fuel'!N73:R73)/SUM('Jet Fuel'!N89:R89))) -> 20.247658 | T72: =(T24+T40+T87)*((SUM('Jet Fuel'!O73:S73)/SUM('Jet Fuel'!O89:S89))) -> 19.758209 | ... AK72: =(AK24+AK40+AK87)*((SUM('Jet Fuel'!AF73:AJ73)/SUM('Jet Fuel'!AF89:AJ89))) -> 14.112216
A73: July | B73: =B88+B25+B41-B57-B89 -> 0 | C73: =C88+C25+C41-C57-C89 -> 0 | D73: =D88+D25+D41-D57-D89 -> 0 | E73: =E88+E25+E41-E57-E89 -> 0 | F73: =F88+F25+F41-F57-F89 -> 0 | G73: =G88+G25+G41-G57-G89 -> 0 | H73: =H88+H25+H41-H57-H89 -> 0 | I73: =I88+I25+I41-I57-I89 -> 0 | ... K73: =K88+K25+K41-K57-K89 -> 0 | L73: =(L25+L41+L88)*((SUM('Jet Fuel'!G73:K73)/SUM('Jet Fuel'!G89:K89))) -> 7.3671486 | M73: =(M25+M41+M88)*((SUM('Jet Fuel'!H74:L74)/SUM('Jet Fuel'!H90:L90))) -> 12.058429 | N73: =(N25+N41+N88)*((SUM('Jet Fuel'!I74:M74)/SUM('Jet Fuel'!I90:M90))) -> 14.384511 | O73: =(O25+O41+O88)*((SUM('Jet Fuel'!J74:N74)/SUM('Jet Fuel'!J90:N90))) -> 16.640133 | P73: =(P25+P41+P88)*((SUM('Jet Fuel'!K74:O74)/SUM('Jet Fuel'!K90:O90))) -> 19.095587 | Q73: =(Q25+Q41+Q88)*((SUM('Jet Fuel'!L74:P74)/SUM('Jet Fuel'!L90:P90))) -> 21.369385 | R73: =(R25+R41+R88)*((SUM('Jet Fuel'!M74:Q74)/SUM('Jet Fuel'!M90:Q90))) -> 21.350731 | S73: =(S25+S41+S88)*((SUM('Jet Fuel'!N74:R74)/SUM('Jet Fuel'!N90:R90))) -> 21.076891 | T73: =(T25+T41+T88)*((SUM('Jet Fuel'!O74:S74)/SUM('Jet Fuel'!O90:S90))) -> 20.854844 | ... AK73: =(AK25+AK41+AK88)*((SUM('Jet Fuel'!AF74:AJ74)/SUM('Jet Fuel'!AF90:AJ90))) -> 17.524358
A74: August | B74: =B89+B26+B42-B58-B90 -> 0 | C74: =C89+C26+C42-C58-C90 -> 0 | D74: =D89+D26+D42-D58-D90 -> 0 | E74: =E89+E26+E42-E58-E90 -> 0 | F74: =F89+F26+F42-F58-F90 -> 0 | G74: =G89+G26+G42-G58-G90 -> 0 | H74: =H89+H26+H42-H58-H90 -> 0 | I74: =I89+I26+I42-I58-I90 -> 0 | ... K74: =K89+K26+K42-K58-K90 -> 0 | L74: =(L26+L42+L89)*((SUM('Jet Fuel'!G74:K74)/SUM('Jet Fuel'!G90:K90))) -> 8.0396419 | M74: =(M26+M42+M89)*((SUM('Jet Fuel'!H75:L75)/SUM('Jet Fuel'!H91:L91))) -> 14.812274 | N74: =(N26+N42+N89)*((SUM('Jet Fuel'!I75:M75)/SUM('Jet Fuel'!I91:M91))) -> 21.490238 | O74: =(O26+O42+O89)*((SUM('Jet Fuel'!J75:N75)/SUM('Jet Fuel'!J91:N91))) -> 26.717737 | P74: =(P26+P42+P89)*((SUM('Jet Fuel'!K75:O75)/SUM('Jet Fuel'!K91:O91))) -> 28.112868 | Q74: =(Q26+Q42+Q89)*((SUM('Jet Fuel'!L75:P75)/SUM('Jet Fuel'!L91:P91))) -> 30.325343 | R74: =(R26+R42+R89)*((SUM('Jet Fuel'!M75:Q75)/SUM('Jet Fuel'!M91:Q91))) -> 29.838764 | S74: =(S26+S42+S89)*((SUM('Jet Fuel'!N75:R75)/SUM('Jet Fuel'!N91:R91))) -> 29.717708 | T74: =(T26+T42+T89)*((SUM('Jet Fuel'!O75:S75)/SUM('Jet Fuel'!O91:S91))) -> 29.196199 | ... AK74: =(AK26+AK42+AK89)*((SUM('Jet Fuel'!AF75:AJ75)/SUM('Jet Fuel'!AF91:AJ91))) -> 25.266089
A75: September | B75: =B90+B27+B43-B59-B91 -> 0 | C75: =C90+C27+C43-C59-C91 -> 0 | D75: =D90+D27+D43-D59-D91 -> 0 | E75: =E90+E27+E43-E59-E91 -> 0 | F75: =F90+F27+F43-F59-F91 -> 0 | G75: =G90+G27+G43-G59-G91 -> 0 | H75: =H90+H27+H43-H59-H91 -> 0 | I75: =I90+I27+I43-I59-I91 -> 0 | ... K75: =K90+K27+K43-K59-K91 -> 0 | L75: =(L27+L43+L90)*((SUM('Jet Fuel'!G75:K75)/SUM('Jet Fuel'!G91:K91))) -> 5.8311762 | M75: =(M27+M43+M90)*((SUM('Jet Fuel'!H76:L76)/SUM('Jet Fuel'!H92:L92))) -> 9.0085854 | N75: =(N27+N43+N90)*((SUM('Jet Fuel'!I76:M76)/SUM('Jet Fuel'!I92:M92))) -> 11.254426 | O75: =(O27+O43+O90)*((SUM('Jet Fuel'!J76:N76)/SUM('Jet Fuel'!J92:N92))) -> 12.974031 | P75: =(P27+P43+P90)*((SUM('Jet Fuel'!K76:O76)/SUM('Jet Fuel'!K92:O92))) -> 13.898391 | Q75: =(Q27+Q43+Q90)*((SUM('Jet Fuel'!L76:P76)/SUM('Jet Fuel'!L92:P92))) -> 18.384004 | R75: =(R27+R43+R90)*((SUM('Jet Fuel'!M76:Q76)/SUM('Jet Fuel'!M92:Q92))) -> 17.886197 | S75: =(S27+S43+S90)*((SUM('Jet Fuel'!N76:R76)/SUM('Jet Fuel'!N92:R92))) -> 17.814035 | T75: =(T27+T43+T90)*((SUM('Jet Fuel'!O76:S76)/SUM('Jet Fuel'!O92:S92))) -> 17.725319 | ... AK75: =(AK27+AK43+AK90)*((SUM('Jet Fuel'!AF76:AJ76)/SUM('Jet Fuel'!AF92:AJ92))) -> 17.63392
A76: October | B76: =B91+B28+B44-B60-B92 -> 0 | C76: =C91+C28+C44-C60-C92 -> 0 | D76: =D91+D28+D44-D60-D92 -> 0 | E76: =E91+E28+E44-E60-E92 -> 0 | F76: =F91+F28+F44-F60-F92 -> 0 | G76: =G91+G28+G44-G60-G92 -> 0 | H76: =H91+H28+H44-H60-H92 -> 0 | I76: =I91+I28+I44-I60-I92 -> 0 | ... K76: =K91+K28+K44-K60-K92 -> 0 | L76: =(L28+L44+L91)*((SUM('Jet Fuel'!G76:K76)/SUM('Jet Fuel'!G92:K92))) -> 4.8023352 | M76: =(M28+M44+M91)*((SUM('Jet Fuel'!H77:L77)/SUM('Jet Fuel'!H93:L93))) -> 17.239424 | N76: =(N28+N44+N91)*((SUM('Jet Fuel'!I77:M77)/SUM('Jet Fuel'!I93:M93))) -> 27.807064 | O76: =(O28+O44+O91)*((SUM('Jet Fuel'!J77:N77)/SUM('Jet Fuel'!J93:N93))) -> 37.551944 | P76: =(P28+P44+P91)*((SUM('Jet Fuel'!K77:O77)/SUM('Jet Fuel'!K93:O93))) -> 43.788006 | Q76: =(Q28+Q44+Q91)*((SUM('Jet Fuel'!L77:P77)/SUM('Jet Fuel'!L93:P93))) -> 46.915927 | R76: =(R28+R44+R91)*((SUM('Jet Fuel'!M77:Q77)/SUM('Jet Fuel'!M93:Q93))) -> 43.12693 | S76: =(S28+S44+S91)*((SUM('Jet Fuel'!N77:R77)/SUM('Jet Fuel'!N93:R93))) -> 44.549773 | T76: =(T28+T44+T91)*((SUM('Jet Fuel'!O77:S77)/SUM('Jet Fuel'!O93:S93))) -> 44.503079 | ... AK76: =(AK28+AK44+AK91)*((SUM('Jet Fuel'!AF77:AJ77)/SUM('Jet Fuel'!AF93:AJ93))) -> 37.084826
A77: November | B77: =B92+B29+B45-B61-B93 -> 0 | C77: =C92+C29+C45-C61-C93 -> 0 | D77: =D92+D29+D45-D61-D93 -> 0 | E77: =E92+E29+E45-E61-E93 -> 0 | F77: =F92+F29+F45-F61-F93 -> 0 | G77: =G92+G29+G45-G61-G93 -> 0 | H77: =H92+H29+H45-H61-H93 -> 0 | I77: =I92+I29+I45-I61-I93 -> 0 | ... K77: =K92+K29+K45-K61-K93 -> 0 | L77: =(L29+L45+L92)*((SUM('Jet Fuel'!G77:K77)/SUM('Jet Fuel'!G93:K93))) -> 9.3668601 | M77: =(M29+M45+M92)*((SUM('Jet Fuel'!H78:L78)/SUM('Jet Fuel'!H94:L94))) -> 5.5290264 | N77: =(N29+N45+N92)*((SUM('Jet Fuel'!I78:M78)/SUM('Jet Fuel'!I94:M94))) -> 18.974521 | O77: =(O29+O45+O92)*((SUM('Jet Fuel'!J78:N78)/SUM('Jet Fuel'!J94:N94))) -> 23.790473 | P77: =(P29+P45+P92)*((SUM('Jet Fuel'!K78:O78)/SUM('Jet Fuel'!K94:O94))) -> 23.996007 | Q77: =(Q29+Q45+Q92)*((SUM('Jet Fuel'!L78:P78)/SUM('Jet Fuel'!L94:P94))) -> 28.921156 | R77: =(R29+R45+R92)*((SUM('Jet Fuel'!M78:Q78)/SUM('Jet Fuel'!M94:Q94))) -> 30.742661 | S77: =(S29+S45+S92)*((SUM('Jet Fuel'!N78:R78)/SUM('Jet Fuel'!N94:R94))) -> 29.653799 | T77: =(T29+T45+T92)*((SUM('Jet Fuel'!O78:S78)/SUM('Jet Fuel'!O94:S94))) -> 30.047562 | ... AK77: =(AK29+AK45+AK92)*((SUM('Jet Fuel'!AF78:AJ78)/SUM('Jet Fuel'!AF94:AJ94))) -> 36.428248
A78: December | B78: =B93+B30+B46-B62-B94 -> 0 | C78: =C93+C30+C46-C62-C94 -> 0 | D78: =D93+D30+D46-D62-D94 -> 0 | E78: =E93+E30+E46-E62-E94 -> 0 | F78: =F93+F30+F46-F62-F94 -> 0 | G78: =G93+G30+G46-G62-G94 -> 0 | H78: =H93+H30+H46-H62-H94 -> 0 | I78: =I93+I30+I46-I62-I94 -> 0 | ... K78: =K93+K30+K46-K62-K94 -> 0 | L78: =L79-SUM(L67:L77) -> 8.280233 | M78: =M79-SUM(M67:M77) -> -5.4119503 | N78: =N79-SUM(N67:N77) -> 0.9378856 | O78: =O79-SUM(O67:O77) -> -0.78781796 | P78: =P79-SUM(P67:P77) -> 1.414122 | Q78: =Q79-SUM(Q67:Q77) -> 3.2653252 | R78: =R79-SUM(R67:R77) -> 6.6918068 | S78: =S79-SUM(S67:S77) -> 6.1525362 | ... AK78: =AK79-SUM(AK67:AK77) -> 65.955151
A79: Total | B79: =B94+B31+B47-B63-B95 -> 0 | C79: =C94+C31+C47-C63-C95 -> 0 | D79: =D94+D31+D47-D63-D95 -> 0 | E79: =E94+E31+E47-E63-E95 -> 0 | F79: =F94+F31+F47-F63-F95 -> 0 | G79: =G94+G31+G47-G63-G95 -> 0 | H79: =H94+H31+H47-H63-H95 -> 0 | I79: =I94+I31+I47-I63-I95 -> 0 | ... K79: =K94+K31+K47-K63-K95 -> 0 | L79: 52 | M79: 96 | N79: 175 | O79: 217 | P79: 241 | Q79: 271 | R79: 269 | S79: 267 | T79: 266 | U79: 266 | V79: 267 | W79: 267 | X79: 267 | Y79: 267 | Z79: 266 | AA79: 265 | AB79: 266 | AC79: 265 | AD79: 267 | AE79: 267 | AF79: 268 | AG79: 268 | AH79: 268 | AI79: 269 | AJ79: 268 | AK79: 269
A81: SAF Ending Stocks
A82: million cubic meters | B82: =B2 -> 2015 | C82: =C2 -> 2016 | D82: =D2 -> 2017 | E82: =E2 -> 2018 | F82: =F2 -> 2019 | G82: =G2 -> 2020 | H82: =H2 -> 2021 | I82: =I2 -> 2022 | ... AK82: =AK2 -> 2050
A83: January | B83: 0 | C83: 0 | D83: 0 | E83: 0 | F83: 0 | G83: 0 | H83: 0 | I83: 0 | J83: 0 | K83: 0 | L83: 0 | M83: =L94+M19+M35-M51-M67 -> 0.68090201 | N83: =M94+N19+N35-N51-N67 -> 0.45367217 | O83: =N94+O19+O35-O51-O67 -> 2.9588444 | P83: =O94+P19+P35-P51-P67 -> 4.7019463 | Q83: =P94+Q19+Q35-Q51-Q67 -> 5.2648277 | R83: =Q94+R19+R35-R51-R67 -> 6.3786828 | S83: =R94+S19+S35-S51-S67 -> 6.9998858 | T83: =S94+T19+T35-T51-T67 -> 6.8173356 | ... AK83: =AJ94+AK19+AK35-AK51-AK67 -> 10.743367
A84: February | B84: 0 | C84: 0 | D84: 0 | E84: 0 | F84: 0 | G84: 0 | H84: 0 | I84: 0 | J84: 0 | K84: 0 | L84: 0 | M84: =M83+M20+M36-M52-M68 -> 1.9726454 | N84: =N83+N20+N36-N52-N68 -> 5.4202233 | O84: =O83+O20+O36-O52-O68 -> 9.6647687 | P84: =P83+P20+P36-P52-P68 -> 9.973413 | Q84: =Q83+Q20+Q36-Q52-Q68 -> 13.816702 | R84: =R83+R20+R36-R52-R68 -> 14.093029 | S84: =S83+S20+S36-S52-S68 -> 14.83128 | T84: =T83+T20+T36-T52-T68 -> 14.860246 | ... AK84: =AK83+AK20+AK36-AK52-AK68 -> 26.899828
A85: March | B85: 0 | C85: 0 | D85: 0 | E85: 0 | F85: 0 | G85: 0 | H85: 0 | I85: 0 | J85: 0 | K85: 0 | L85: 0 | M85: =M84+M21+M37-M53-M69 -> -1.1108991 | N85: =N84+N21+N37-N53-N69 -> -0.56606572 | O85: =O84+O21+O37-O53-O69 -> 0.35808868 | P85: =P84+P21+P37-P53-P69 -> 0.3331377 | Q85: =Q84+Q21+Q37-Q53-Q69 -> 1.9887024 | R85: =R84+R21+R37-R53-R69 -> 2.9775469 | S85: =S84+S21+S37-S53-S69 -> 3.7928769 | T85: =T84+T21+T37-T53-T69 -> 3.9208191 | ... AK85: =AK84+AK21+AK37-AK53-AK69 -> 23.482419
A86: April | B86: 0 | C86: 0 | D86: 0 | E86: 0 | F86: 0 | G86: 0 | H86: 0 | I86: 0 | J86: 0 | K86: 0 | L86: =L85+L22+L38-L54-L70 -> 0 | M86: =M85+M22+M38-M54-M70 -> -0.37850882 | N86: =N85+N22+N38-N54-N70 -> 0.41988623 | O86: =O85+O22+O38-O54-O70 -> 1.8455137 | P86: =P85+P22+P38-P54-P70 -> 0.9834806 | Q86: =Q85+Q22+Q38-Q54-Q70 -> 2.9197216 | R86: =R85+R22+R38-R54-R70 -> 4.2124856 | S86: =S85+S22+S38-S54-S70 -> 4.8552003 | ... AK86: =AK85+AK22+AK38-AK54-AK70 -> 28.964467
A87: May | B87: 0 | C87: 0 | D87: 0 | E87: 0 | F87: 0 | G87: 0 | H87: 0 | I87: 0 | J87: 0 | K87: 0 | L87: =L86+L23+L39-L55-L71 -> -0.60519766 | M87: =M86+M23+M39-M55-M71 -> 0.60210002 | N87: =N86+N23+N39-N55-N71 -> 0.96519107 | O87: =O86+O23+O39-O55-O71 -> 2.3721198 | P87: =P86+P23+P39-P55-P71 -> 2.6999638 | Q87: =Q86+Q23+Q39-Q55-Q71 -> 3.7101724 | R87: =R86+R23+R39-R55-R71 -> 6.1556457 | S87: =S86+S23+S39-S55-S71 -> 6.4613003 | ... AK87: =AK86+AK23+AK39-AK55-AK71 -> 37.730208
A88: June | B88: 0 | C88: 0 | D88: 0 | E88: 0 | F88: 0 | G88: 0 | H88: 0 | I88: 0 | J88: 0 | K88: 0 | L88: =L87+L24+L40-L56-L72 -> 0.73982303 | M88: =M87+M24+M40-M56-M72 -> 0.76064094 | N88: =N87+N24+N40-N56-N72 -> 0.57867834 | O88: =O87+O24+O40-O56-O72 -> 2.520668 | P88: =P87+P24+P40-P56-P72 -> 3.8263932 | Q88: =Q87+Q24+Q40-Q56-Q72 -> 4.9403459 | R88: =R87+R24+R40-R56-R72 -> 7.0287336 | S88: =S87+S24+S40-S56-S72 -> 7.2429905 | ... AK88: =AK87+AK24+AK40-AK56-AK72 -> 44.661536
A89: July | B89: 0 | C89: 0 | D89: 0 | E89: 0 | F89: 0 | G89: 0 | H89: 0 | I89: 0 | J89: 0 | K89: 0 | L89: =L88+L25+L41-L57-L73 -> 2.9305797 | M89: =M88+M25+M41-M57-M73 -> 1.0857212 | N89: =N88+N25+N41-N57-N73 -> 2.0218357 | O89: =O88+O25+O41-O57-O73 -> 4.9206816 | P89: =P88+P25+P41-P57-P73 -> 5.3701069 | Q89: =Q88+Q25+Q41-Q57-Q73 -> 6.8680669 | R89: =R88+R25+R41-R57-R73 -> 8.7535198 | S89: =S88+S25+S41-S57-S73 -> 9.0507274 | ... AK89: =AK88+AK25+AK41-AK57-AK73 -> 50.027975
A90: August | B90: 0 | C90: 0 | D90: 0 | E90: 0 | F90: 0 | G90: 0 | H90: 0 | I90: 0 | J90: 0 | K90: 0 | L90: =L89+L26+L42-L58-L74 -> 2.2243848 | M90: =M89+M26+M42-M58-M74 -> -2.2981776 | N90: =N89+N26+N42-N58-N74 -> -2.2214578 | O90: =O89+O26+O42-O58-O74 -> -1.0986418 | P90: =P89+P26+P42-P58-P74 -> -0.14739484 | Q90: =Q89+Q26+Q42-Q58-Q74 -> 1.9200655 | R90: =R89+R26+R42-R58-R74 -> 4.0290103 | S90: =S89+S26+S42-S58-S74 -> 4.2433982 | ... AK90: =AK89+AK26+AK42-AK58-AK74 -> 49.686155
A91: September | B91: 0 | C91: 0 | D91: 0 | E91: 0 | F91: 0 | G91: 0 | H91: 0 | I91: 0 | J91: 0 | K91: 0 | L91: =L90+L27+L43-L59-L75 -> -0.2449451 | M91: =M90+M27+M43-M59-M75 -> 4.1284239 | N91: =N90+N27+N43-N59-N75 -> 6.4864768 | O91: =O90+O27+O43-O59-O75 -> 10.827103 | P91: =P90+P27+P43-P59-P75 -> 13.306702 | Q91: =Q90+Q27+Q43-Q59-Q75 -> 14.534692 | R91: =R90+R27+R43-R59-R75 -> 16.624303 | S91: =S90+S27+S43-S59-S75 -> 16.721465 | ... AK91: =AK90+AK27+AK43-AK59-AK75 -> 62.366182
A92: October | B92: 0 | C92: 0 | D92: 0 | E92: 0 | F92: 0 | G92: 0 | H92: 0 | I92: 0 | J92: 0 | K92: 0 | L92: =L91+L28+L44-L60-L76 -> 2.6200055 | M92: =M91+M28+M44-M60-M76 -> -0.81995651 | N92: =N91+N28+N44-N60-N76 -> -1.0093604 | O92: =O91+O28+O44-O60-O76 -> -1.8031057 | P92: =P91+P28+P44-P60-P76 -> -3.767022 | Q92: =Q91+Q28+Q44-Q60-Q76 -> -2.2334644 | R92: =R91+R28+R44-R60-R76 -> 3.3506392 | S92: =S91+S28+S44-S60-S76 -> 1.7581951 | ... AK92: =AK91+AK28+AK44-AK60-AK76 -> 54.880043
A93: November | B93: 0 | C93: 0 | D93: 0 | E93: 0 | F93: 0 | G93: 0 | H93: 0 | I93: 0 | J93: 0 | K93: 0 | L93: =L92+L29+L45-L61-L77 -> 2.5630777 | M93: =M92+M29+M45-M61-M77 -> -1.3098251 | N93: =N92+N29+N45-N61-N77 -> -2.7823584 | O93: =O92+O29+O45-O61-O77 -> -4.5258438 | P93: =P92+P29+P45-P61-P77 -> -4.7153788 | Q93: =Q92+Q29+Q45-Q61-Q77 -> -5.0559104 | R93: =R92+R29+R45-R61-R77 -> -1.484305 | S93: =S92+S29+S45-S61-S77 -> -2.3255065 | ... AK93: =AK92+AK29+AK45-AK61-AK77 -> 44.063653
A94: December | B94: 0 | C94: 0 | D94: 0 | E94: 0 | F94: 0 | G94: 0 | H94: 0 | I94: 0 | J94: 0 | K94: 0 | L94: =L93+L30+L46-L62-L78 -> 5.1987716 | M94: =M93+M30+M46-M62-M78 -> 8.1811171 | N94: =N93+N30+N46-N62-N78 -> 11.743373 | O94: =O93+O30+O46-O62-O78 -> 15.263868 | P94: =P93+P30+P46-P62-P78 -> 14.547857 | Q94: =Q93+Q30+Q46-Q62-Q78 -> 15.138396 | R94: =R93+R30+R46-R62-R78 -> 15.111074 | S94: =S93+S30+S46-S62-S78 -> 14.495229 | ... AK94: =AK93+AK30+AK46-AK62-AK78 -> 1.1218734
F95: =F10 -> 0 | G95: =G10 -> 0 | H95: =H10 -> 0 | I95: =I10 -> 0 | J95: =J10 -> 0 | K95: =K10 -> 0 | L95: =L10 -> 5 | M95: =M10 -> 7.5 | ... AK95: =AK10 -> 15

Sheet Jet Fuel
A1: Brazil Jet Kerosene Supply and Demand
A2: thousand tonnes | B2: 2015 | C2: 2016 | D2: 2017 | E2: 2018 | F2: 2019 | G2: 2020 | H2: 2021 | I2: 2022 | J2: 2023 | K2: 2024 | L2: 2025 | M2: 2026 | N2: 2027 | O2: 2028 | P2: 2029 | Q2: 2030 | R2: 2031 | S2: 2032 | T2: 2033 | U2: 2034 | V2: 2035 | W2: 2036 | X2: 2037 | Y2: 2038 | Z2: 2039 | AA2: 2040 | AB2: 2041 | AC2: 2042 | AD2: 2043 | AE2: 2044 | AF2: 2045 | AG2: 2046 | AH2: 2047 | AI2: 2048 | AJ2: 2049 | AK2: 2050
A3: Beginning Stocks | B3: 500 | C3: =B10 -> 261.62746 | D3: =C10 -> 276.36839 | E3: =D10 -> 345.78722 | F3: =E10 -> 315.38008 | G3: =F10 -> 341.0171 | H3: =G10 -> 317.88932 | I3: =H10 -> 280.2911 | J3: =I10 -> 271.21244 | ... AK3: =AJ10 -> 811.68069
A4: Production | B4: =B32 -> 4525.4872 | C4: =C32 -> 4631.4224 | D4: =D32 -> 4934.88 | E4: =E32 -> 5101.0664 | F4: =F32 -> 4853.3392 | G4: =G32 -> 2615.284 | H4: =H32 -> 3290.4848 | I4: =I32 -> 3883.4256 | ... K4: =K32 -> 4689.172 | L4: =MROUND(FORECAST(L13,F4:K4,F13:K13),100)+100 -> 4900 | M4: =MROUND(FORECAST(M13,G4:L4,G13:L13),100)+600 -> 5400 | N4: =MROUND(FORECAST(N13,H4:M4,H13:M13),100)+100 -> 5100 | O4: =MROUND(FORECAST(O13,I4:N4,I13:N13),100)+100 -> 5400 | P4: =MROUND(FORECAST(P13,J4:O4,J13:O13),100)+100 -> 5600 | Q4: =MROUND(FORECAST(Q13,K4:P4,K13:P13),100)+100 -> 6000 | R4: =MROUND(FORECAST(R13,L4:Q4,L13:Q13),100)+100 -> 6300 | S4: =MROUND(FORECAST(S13,M4:R4,M13:R13),100)+100 -> 6600 | T4: =MROUND(FORECAST(T13,N4:S4,N13:S13),100)+100 -> 7100 | U4: =MROUND(FORECAST(U13,O4:T4,O13:T13),100)+100 -> 7500 | ... AK4: =MROUND(FORECAST(AK13,AE4:AJ4,AE13:AJ13),100)+100 -> 20500
A5: Imports | B5: =B48 -> 1099.1608 | C5: =C48 -> 1019.4296 | D5: =D48 -> 460.636 | E5: =E48 -> 686.2568 | F5: =F48 -> 830.204 | G5: =G48 -> 261.3488 | H5: =H48 -> 299.0752 | I5: =I48 -> 1035.468 | ... K5: =K48 -> 896.504 | L5: =MROUND(AVERAGE(B5:K5),50)+500 -> 1250 | M5: =MROUND(AVERAGE(C5:L5),50)+500 -> 1250 | N5: =MROUND(AVERAGE(D5:M5),50)+500 -> 1300 | O5: =MROUND(AVERAGE(E5:N5),50)+500 -> 1350 | P5: =MROUND(AVERAGE(F5:O5),50)+500 -> 1450 | Q5: =MROUND(AVERAGE(G5:P5),50)+500 -> 1500 | R5: =MROUND(AVERAGE(H5:Q5),50)+500 -> 1600 | S5: =MROUND(AVERAGE(I5:R5),50)+500 -> 1750 | ... V5: =MROUND(AVERAGE(L5:U5),50)+500 -> 2000 | W5: =MROUND(AVERAGE(M5:V5),50)+250 -> 1850 | X5: =MROUND(AVERAGE(N5:W5),50) -> 1650 | Y5: =MROUND(AVERAGE(O5:X5),50)-250 -> 1450 | Z5: =MROUND(AVERAGE(P5:Y5),50)-400 -> 1300 | AA5: =MROUND(AVERAGE(Q5:Z5),50)-650 -> 1050 | AB5: =MROUND(AVERAGE(R5:AA5),50)-900 -> 750 | AC5: =MROUND(AVERAGE(S5:AB5),50)-800 -> 750 | AD5: =MROUND(AVERAGE(T5:AC5),50)-400 -> 1050 | AE5: =MROUND(AVERAGE(U5:AD5),50)-400 -> 1000 | AF5: =MROUND(AVERAGE(V5:AE5),50)-400 -> 900 | AG5: =MROUND(AVERAGE(W5:AF5),50)-400 -> 800 | AH5: =MROUND(AVERAGE(X5:AG5),50)+500 -> 1550 | AI5: =MROUND(AVERAGE(Y5:AH5),50)+500 -> 1550 | AJ5: =MROUND(AVERAGE(Z5:AI5),50)+500 -> 1550 | AK5: =MROUND(AVERAGE(AA5:AJ5),50)+500 -> 1600
A6: Total Supply | B6: =SUM(B3:B5) -> 6124.648 | C6: =SUM(C3:C5) -> 5912.4795 | D6: =SUM(D3:D5) -> 5671.8844 | E6: =SUM(E3:E5) -> 6133.1104 | F6: =SUM(F3:F5) -> 5998.9233 | G6: =SUM(G3:G5) -> 3217.6499 | H6: =SUM(H3:H5) -> 3907.4493 | I6: =SUM(I3:I5) -> 5199.1847 | ... AK6: =SUM(AK3:AK5) -> 22911.681
A7: Domestic Use | B7: =B9-B8 -> 5854.6317 | C7: =C9-C8 -> 5612.6495 | D7: =D9-D8 -> 5300.0052 | E7: =E9-E8 -> 5531.2951 | F7: =F9-F8 -> 4046.6798 | G7: =G9-G8 -> 2105.159 | H7: =H9-H8 -> 2767.8198 | I7: =I9-I8 -> 3540.6419 | ... AK7: =AK9-AK8 -> 4250
A8: Exports | B8: =B64 -> 8.3888 | C8: =C64 -> 23.4616 | D8: =D64 -> 26.092 | E8: =E64 -> 286.4352 | F8: =F64 -> 1611.2264 | G8: =G64 -> 794.6016 | H8: =H64 -> 859.3384 | I8: =I64 -> 1387.3304 | ... K8: =K64 -> 2325.7008 | L8: =MROUND(AVERAGE(B8:K8),50)+2000 -> 2950 | M8: =MROUND(AVERAGE(C8:L8),50)+2000 -> 3200 | N8: =MROUND(AVERAGE(D8:M8),50)+1750 -> 3300 | O8: =MROUND(AVERAGE(E8:N8),50)+1500 -> 3350 | P8: =MROUND(AVERAGE(F8:O8),50)+1500 -> 3650 | Q8: =MROUND(AVERAGE(G8:P8),50)+1750 -> 4150 | R8: =MROUND(AVERAGE(H8:Q8),50)+1750 -> 4450 | S8: =MROUND(AVERAGE(I8:R8),50)+2000 -> 5050 | T8: =MROUND(AVERAGE(J8:S8),50)+2000 -> 5450 | U8: =MROUND(AVERAGE(K8:T8),50)+2000 -> 5800 | V8: =MROUND(AVERAGE(L8:U8),50)+2250 -> 6400 | W8: =MROUND(AVERAGE(M8:V8),50)+2250 -> 6750 | X8: =MROUND(AVERAGE(N8:W8),50)+2250 -> 7100 | Y8: =MROUND(AVERAGE(O8:X8),50)+2250 -> 7450 | Z8: =MROUND(AVERAGE(P8:Y8),50)+2250 -> 7900 | AA8: =MROUND(AVERAGE(Q8:Z8),50)+2250 -> 8300 | AB8: =MROUND(AVERAGE(R8:AA8),50)+2250 -> 8700 | AC8: =MROUND(AVERAGE(S8:AB8),50)+2400 -> 9300 | AD8: =MROUND(AVERAGE(T8:AC8),50)+3250 -> 10550 | AE8: =MROUND(AVERAGE(U8:AD8),50)+3350 -> 11200 | AF8: =MROUND(AVERAGE(V8:AE8),50)+3500 -> 11850 | AG8: =MROUND(AVERAGE(W8:AF8),50)+4000 -> 12900 | AH8: =MROUND(AVERAGE(X8:AG8),50)+5000 -> 14550 | AI8: =MROUND(AVERAGE(Y8:AH8),50)+5350 -> 15600 | AJ8: =MROUND(AVERAGE(Z8:AI8),50)+5500 -> 16600 | AK8: =MROUND(AVERAGE(AA8:AJ8),50)+6000 -> 17950
A9: Total Demand | B9: =B6-B10 -> 5863.0205 | C9: =C6-C10 -> 5636.1111 | D9: =D6-D10 -> 5326.0972 | E9: =E6-E10 -> 5817.7303 | F9: =F6-F10 -> 5657.9062 | G9: =G6-G10 -> 2899.7606 | H9: =H6-H10 -> 3627.1582 | I9: =I6-I10 -> 4927.9723 | ... AK9: =AK6-AK10 -> 22200
A10: Ending Stocks | B10: =B95 -> 261.62746 | C10: =C95 -> 276.36839 | D10: =D95 -> 345.78722 | E10: =E95 -> 315.38008 | F10: =F95 -> 341.0171 | G10: =G95 -> 317.88932 | H10: =H95 -> 280.2911 | I10: =I95 -> 271.21244 | ... AK10: =AK95 -> 711.68069
A13: Passenger million-kilometers | B13: =B111/1000000 -> 0.22336747 | C13: =C111/1000000 -> 0.21257789 | D13: =D111/1000000 -> 0.21874854 | E13: =E111/1000000 -> 0.23652513 | F13: =F111/1000000 -> 0.23866504 | G13: =G111/1000000 -> 0.090076683 | H13: =H111/1000000 -> 0.10364237 | I13: =I111/1000000 -> 0.19045027 | ... K13: =K111/1000000 -> 0.25105928 | L13: =K13*1.022 -> 0.25658259 | M13: =L13*1.024 -> 0.26274057 | N13: =M13*1.018 -> 0.2674699 | O13: =N13*1.02 -> 0.2728193 | P13: =O13*1.02 -> 0.27827569 | Q13: =P13*1.03 -> 0.28662396 | R13: =Q13*1.03 -> 0.29522267 | S13: =R13*1.03 -> 0.30407935 | T13: =S13*1.03 -> 0.31320174 | U13: =T13*1.03 -> 0.32259779 | V13: =U13*1.03 -> 0.33227572 | W13: =V13*1.03 -> 0.34224399 | X13: =W13*1.03 -> 0.35251131 | ... AK13: =AJ13*1.03 -> 0.51767475
A14: FM GDP Forecast | F14: 1.2 | G14: -3.9 | H14: 4.600006 | I14: 2.999998 | J14: 2.999994 | K14: 3 | L14: 2.2 | M14: 2.4 | N14: 1.8 | O14: 2 | P14: 2
A15: Gallons per kilometer | B15: =B7/B13/2200 -> 11.913983 | C15: =C7/C13/2200 -> 12.001268 | D15: =D7/D13/2200 -> 11.013071 | E15: =E7/E13/2200 -> 10.629843 | F15: =F7/F13/2200 -> 7.7070353 | G15: =G7/G13/2200 -> 10.623065 | H15: =H7/H13/2200 -> 12.138857 | I15: =I7/I13/2200 -> 8.4504087 | ... K15: =K7/K13/2200 -> 5.8067307
L16: =L7/L13/2200 -> 5.757494 | M16: =M7/M13/2200 -> 5.6658032 | N16: =N7/N13/2200 -> 5.693079 | O16: =O7/O13/2200 -> 5.4148395 | P16: =P7/P13/2200 -> 5.4720098 | Q16: =Q7/Q13/2200 -> 5.3919239 | R16: =R7/R13/2200 -> 5.2348775 | S16: =S7/S13/2200 -> 5.0824054 | ... AK16: =AK7/AK13/2200 -> 3.7317219
A18: Jet Fuel Domestic Production
A19: thousand tonnes | B19: =B2 -> 2015 | C19: =C2 -> 2016 | D19: =D2 -> 2017 | E19: =E2 -> 2018 | F19: =F2 -> 2019 | G19: =G2 -> 2020 | H19: =H2 -> 2021 | I19: =I2 -> 2022 | ... AK19: =AK2 -> 2050
A20: January | B20: =monthly_data!$K3*0.8/1000 -> 422.0488 | C20: =monthly_data!$K15*0.8/1000 -> 406.9304 | D20: =monthly_data!$K27*0.8/1000 -> 434.556 | E20: =monthly_data!$K39*0.8/1000 -> 545.2072 | F20: =monthly_data!$K51*0.8/1000 -> 480.0896 | G20: =monthly_data!$K63*0.8/1000 -> 466.7544 | H20: =monthly_data!$K75*0.8/1000 -> 317.572 | I20: =monthly_data!$K87*0.8/1000 -> 377.1056 | J20: =monthly_data!$K99*0.8/1000 -> 330.6192 | K20: =monthly_data!$K111*0.8/1000 -> 431.4832 | L20: =monthly_data!$K123*0.8/1000 -> 443.5656 | M20: =M$32*(SUM(H20:L20)/SUM(H$32:L$32)) -> 486.03399 | N20: =N$32*(SUM(I20:M20)/SUM(I$32:M$32)) -> 454.33077 | O20: =O$32*(SUM(J20:N20)/SUM(J$32:N$32)) -> 474.17282 | P20: =P$32*(SUM(K20:O20)/SUM(K$32:O$32)) -> 503.02472 | Q20: =Q$32*(SUM(L20:P20)/SUM(L$32:P$32)) -> 536.61998 | R20: =R$32*(SUM(M20:Q20)/SUM(M$32:Q$32)) -> 562.23085 | S20: =S$32*(SUM(N20:R20)/SUM(N$32:R$32)) -> 588.04586 | T20: =T$32*(SUM(O20:S20)/SUM(O$32:S$32)) -> 632.611 | ... AK20: =AK$32*(SUM(AF20:AJ20)/SUM(AF$32:AJ$32)) -> 1828.9087
A21: February | B21: =monthly_data!K4*0.8/1000 -> 358.4296 | C21: =monthly_data!$K16*0.8/1000 -> 365.6808 | D21: =monthly_data!$K28*0.8/1000 -> 392.4512 | E21: =monthly_data!$K40*0.8/1000 -> 421.7352 | F21: =monthly_data!$K52*0.8/1000 -> 413.1736 | G21: =monthly_data!$K64*0.8/1000 -> 411.3576 | H21: =monthly_data!$K76*0.8/1000 -> 260.4656 | I21: =monthly_data!$K88*0.8/1000 -> 337.188 | J21: =monthly_data!$K100*0.8/1000 -> 353.0376 | K21: =monthly_data!$K112*0.8/1000 -> 398.7864 | L21: =monthly_data!$K124*0.8/1000 -> 385.1176 | M21: =M$32*(SUM(H21:L21)/SUM(H$32:L$32)) -> 443.64153 | N21: =N$32*(SUM(I21:M21)/SUM(I$32:M$32)) -> 421.16166 | O21: =O$32*(SUM(J21:N21)/SUM(J$32:N$32)) -> 442.29193 | P21: =P$32*(SUM(K21:O21)/SUM(K$32:O$32)) -> 459.39488 | Q21: =Q$32*(SUM(L21:P21)/SUM(L$32:P$32)) -> 489.00172 | R21: =R$32*(SUM(M21:Q21)/SUM(M$32:Q$32)) -> 516.71265 | S21: =S$32*(SUM(N21:R21)/SUM(N$32:R$32)) -> 541.14488 | T21: =T$32*(SUM(O21:S21)/SUM(O$32:S$32)) -> 581.42732 | ... AK21: =AK$32*(SUM(AF21:AJ21)/SUM(AF$32:AJ$32)) -> 1678.9827
A22: March | B22: =monthly_data!K5*0.8/1000 -> 362.6968 | C22: =monthly_data!$K17*0.8/1000 -> 372.1472 | D22: =monthly_data!$K29*0.8/1000 -> 404.7224 | E22: =monthly_data!$K41*0.8/1000 -> 410.9456 | F22: =monthly_data!$K53*0.8/1000 -> 395.2128 | G22: =monthly_data!$K65*0.8/1000 -> 370.6608 | H22: =monthly_data!$K77*0.8/1000 -> 197.4024 | I22: =monthly_data!$K89*0.8/1000 -> 316.2792 | J22: =monthly_data!$K101*0.8/1000 -> 365.6312 | K22: =monthly_data!$K113*0.8/1000 -> 407.4072 | L22: =L$32*(SUM(G22:K22)/SUM(G$32:K$32)) -> 431.31712 | M22: =M$32*(SUM(H22:L22)/SUM(H$32:L$32)) -> 439.40662 | N22: =N$32*(SUM(I22:M22)/SUM(I$32:M$32)) -> 430.44462 | O22: =O$32*(SUM(J22:N22)/SUM(J$32:N$32)) -> 458.30263 | P22: =P$32*(SUM(K22:O22)/SUM(K$32:O$32)) -> 476.0656 | Q22: =Q$32*(SUM(L22:P22)/SUM(L$32:P$32)) -> 508.0765 | R22: =R$32*(SUM(M22:Q22)/SUM(M$32:Q$32)) -> 529.72599 | S22: =S$32*(SUM(N22:R22)/SUM(N$32:R$32)) -> 558.35427 | ... AK22: =AK$32*(SUM(AF22:AJ22)/SUM(AF$32:AJ$32)) -> 1733.1795
A23: April | B23: =monthly_data!K6*0.8/1000 -> 358.7552 | C23: =monthly_data!$K18*0.8/1000 -> 343.1392 | D23: =monthly_data!$K30*0.8/1000 -> 397.2832 | E23: =monthly_data!$K42*0.8/1000 -> 455.4832 | F23: =monthly_data!$K54*0.8/1000 -> 374.4328 | G23: =monthly_data!$K66*0.8/1000 -> 60.9896 | H23: =monthly_data!$K78*0.8/1000 -> 133.8936 | I23: =monthly_data!$K90*0.8/1000 -> 351.0128 | J23: =monthly_data!$K102*0.8/1000 -> 394.4008 | K23: =monthly_data!$K114*0.8/1000 -> 336.4504 | L23: =L$32*(SUM(G23:K23)/SUM(G$32:K$32)) -> 332.26096 | M23: =M$32*(SUM(H23:L23)/SUM(H$32:L$32)) -> 395.92253 | N23: =N$32*(SUM(I23:M23)/SUM(I$32:M$32)) -> 397.50447 | O23: =O$32*(SUM(J23:N23)/SUM(J$32:N$32)) -> 410.20828 | P23: =P$32*(SUM(K23:O23)/SUM(K$32:O$32)) -> 411.35668 | Q23: =Q$32*(SUM(L23:P23)/SUM(L$32:P$32)) -> 442.55748 | R23: =R$32*(SUM(M23:Q23)/SUM(M$32:Q$32)) -> 471.36587 | S23: =S$32*(SUM(N23:R23)/SUM(N$32:R$32)) -> 495.69551 | ... AK23: =AK$32*(SUM(AF23:AJ23)/SUM(AF$32:AJ$32)) -> 1529.4596
A24: May | B24: =monthly_data!K7*0.8/1000 -> 379.2 | C24: =monthly_data!$K19*0.8/1000 -> 309.72 | D24: =monthly_data!$K31*0.8/1000 -> 361.0328 | E24: =monthly_data!$K43*0.8/1000 -> 442.4056 | F24: =monthly_data!$K55*0.8/1000 -> 451.932 | G24: =monthly_data!$K67*0.8/1000 -> 30.276 | H24: =monthly_data!$K79*0.8/1000 -> 157.2672 | I24: =monthly_data!$K91*0.8/1000 -> 336.2712 | J24: =monthly_data!$K103*0.8/1000 -> 342.1008 | K24: =monthly_data!$K115*0.8/1000 -> 363.8688 | L24: =L$32*(SUM(G24:K24)/SUM(G$32:K$32)) -> 320.03924 | M24: =M$32*(SUM(H24:L24)/SUM(H$32:L$32)) -> 388.64068 | N24: =N$32*(SUM(I24:M24)/SUM(I$32:M$32)) -> 384.51964 | O24: =O$32*(SUM(J24:N24)/SUM(J$32:N$32)) -> 397.5322 | P24: =P$32*(SUM(K24:O24)/SUM(K$32:O$32)) -> 407.45785 | Q24: =Q$32*(SUM(L24:P24)/SUM(L$32:P$32)) -> 431.40673 | R24: =R$32*(SUM(M24:Q24)/SUM(M$32:Q$32)) -> 460.37126 | S24: =S$32*(SUM(N24:R24)/SUM(N$32:R$32)) -> 483.67953 | ... AK24: =AK$32*(SUM(AF24:AJ24)/SUM(AF$32:AJ$32)) -> 1494.6364
A25: June | B25: =monthly_data!K8*0.8/1000 -> 382.3008 | C25: =monthly_data!$K20*0.8/1000 -> 409.112 | D25: =monthly_data!$K32*0.8/1000 -> 399.8624 | E25: =monthly_data!$K44*0.8/1000 -> 427.0816 | F25: =monthly_data!$K56*0.8/1000 -> 389.0016 | G25: =monthly_data!$K68*0.8/1000 -> 102.0696 | H25: =monthly_data!$K80*0.8/1000 -> 238.3984 | I25: =monthly_data!$K92*0.8/1000 -> 327.3192 | J25: =monthly_data!$K104*0.8/1000 -> 316.8968 | K25: =monthly_data!$K116*0.8/1000 -> 393.3184 | L25: =L$32*(SUM(G25:K25)/SUM(G$32:K$32)) -> 358.61163 | M25: =M$32*(SUM(H25:L25)/SUM(H$32:L$32)) -> 418.05246 | N25: =N$32*(SUM(I25:M25)/SUM(I$32:M$32)) -> 398.41607 | O25: =O$32*(SUM(J25:N25)/SUM(J$32:N$32)) -> 416.56205 | P25: =P$32*(SUM(K25:O25)/SUM(K$32:O$32)) -> 436.0981 | Q25: =Q$32*(SUM(L25:P25)/SUM(L$32:P$32)) -> 460.85007 | R25: =R$32*(SUM(M25:Q25)/SUM(M$32:Q$32)) -> 487.95877 | S25: =S$32*(SUM(N25:R25)/SUM(N$32:R$32)) -> 511.2409 | ... AK25: =AK$32*(SUM(AF25:AJ25)/SUM(AF$32:AJ$32)) -> 1585.9226
A26: July | B26: =monthly_data!K9*0.8/1000 -> 423.8728 | C26: =monthly_data!$K21*0.8/1000 -> 438.524 | D26: =monthly_data!$K33*0.8/1000 -> 404.3472 | E26: =monthly_data!$K45*0.8/1000 -> 445.1192 | F26: =monthly_data!$K57*0.8/1000 -> 426.22 | G26: =monthly_data!$K69*0.8/1000 -> 154.8848 | H26: =monthly_data!$K81*0.8/1000 -> 283.6576 | I26: =monthly_data!$K93*0.8/1000 -> 337.916 | J26: =monthly_data!$K105*0.8/1000 -> 350.716 | K26: =monthly_data!$K117*0.8/1000 -> 418.268 | L26: =L$32*(SUM(G26:K26)/SUM(G$32:K$32)) -> 402.18625 | M26: =M$32*(SUM(H26:L26)/SUM(H$32:L$32)) -> 458.51368 | N26: =N$32*(SUM(I26:M26)/SUM(I$32:M$32)) -> 432.10456 | O26: =O$32*(SUM(J26:N26)/SUM(J$32:N$32)) -> 455.55877 | P26: =P$32*(SUM(K26:O26)/SUM(K$32:O$32)) -> 476.01135 | Q26: =Q$32*(SUM(L26:P26)/SUM(L$32:P$32)) -> 505.53968 | R26: =R$32*(SUM(M26:Q26)/SUM(M$32:Q$32)) -> 533.26133 | S26: =S$32*(SUM(N26:R26)/SUM(N$32:R$32)) -> 558.32182 | ... AK26: =AK$32*(SUM(AF26:AJ26)/SUM(AF$32:AJ$32)) -> 1733.8501
A27: August | B27: =monthly_data!K10*0.8/1000 -> 399.3112 | C27: =monthly_data!$K22*0.8/1000 -> 413.5432 | D27: =monthly_data!$K34*0.8/1000 -> 394.8256 | E27: =monthly_data!$K46*0.8/1000 -> 360.2376 | F27: =monthly_data!$K58*0.8/1000 -> 400.1656 | G27: =monthly_data!$K70*0.8/1000 -> 170.2304 | H27: =monthly_data!$K82*0.8/1000 -> 307.9664 | I27: =monthly_data!$K94*0.8/1000 -> 284.8768 | J27: =monthly_data!$K106*0.8/1000 -> 383.7768 | K27: =monthly_data!$K118*0.8/1000 -> 341.7336 | L27: =L$32*(SUM(G27:K27)/SUM(G$32:K$32)) -> 387.38941 | M27: =M$32*(SUM(H27:L27)/SUM(H$32:L$32)) -> 436.26227 | N27: =N$32*(SUM(I27:M27)/SUM(I$32:M$32)) -> 402.77322 | O27: =O$32*(SUM(J27:N27)/SUM(J$32:N$32)) -> 431.28636 | P27: =P$32*(SUM(K27:O27)/SUM(K$32:O$32)) -> 439.2803 | Q27: =Q$32*(SUM(L27:P27)/SUM(L$32:P$32)) -> 476.58899 | R27: =R$32*(SUM(M27:Q27)/SUM(M$32:Q$32)) -> 500.83652 | S27: =S$32*(SUM(N27:R27)/SUM(N$32:R$32)) -> 523.0652 | ... AK27: =AK$32*(SUM(AF27:AJ27)/SUM(AF$32:AJ$32)) -> 1625.45
A28: September | B28: =monthly_data!K11*0.8/1000 -> 361.7784 | C28: =monthly_data!$K23*0.8/1000 -> 348.212 | D28: =monthly_data!$K35*0.8/1000 -> 393.5672 | E28: =monthly_data!$K47*0.8/1000 -> 362.5752 | F28: =monthly_data!$K59*0.8/1000 -> 356.4288 | G28: =monthly_data!$K71*0.8/1000 -> 132.4368 | H28: =monthly_data!$K83*0.8/1000 -> 306.3528 | I28: =monthly_data!$K95*0.8/1000 -> 287.9848 | J28: =monthly_data!$K107*0.8/1000 -> 358.7584 | K28: =monthly_data!$K119*0.8/1000 -> 364.0256 | L28: =L$32*(SUM(G28:K28)/SUM(G$32:K$32)) -> 377.23338 | M28: =M$32*(SUM(H28:L28)/SUM(H$32:L$32)) -> 433.34966 | N28: =N$32*(SUM(I28:M28)/SUM(I$32:M$32)) -> 399.98702 | O28: =O$32*(SUM(J28:N28)/SUM(J$32:N$32)) -> 427.18078 | P28: =P$32*(SUM(K28:O28)/SUM(K$32:O$32)) -> 439.79255 | Q28: =Q$32*(SUM(L28:P28)/SUM(L$32:P$32)) -> 472.16895 | R28: =R$32*(SUM(M28:Q28)/SUM(M$32:Q$32)) -> 497.69518 | S28: =S$32*(SUM(N28:R28)/SUM(N$32:R$32)) -> 519.82541 | ... AK28: =AK$32*(SUM(AF28:AJ28)/SUM(AF$32:AJ$32)) -> 1615.5102
A29: October | B29: =monthly_data!K12*0.8/1000 -> 378.452 | C29: =monthly_data!$K24*0.8/1000 -> 436.8624 | D29: =monthly_data!$K36*0.8/1000 -> 446.5328 | E29: =monthly_data!$K48*0.8/1000 -> 391.1072 | F29: =monthly_data!$K60*0.8/1000 -> 315.8048 | G29: =monthly_data!$K72*0.8/1000 -> 191.4792 | H29: =monthly_data!$K84*0.8/1000 -> 367.8496 | I29: =monthly_data!$K96*0.8/1000 -> 275.6032 | J29: =monthly_data!$K108*0.8/1000 -> 358.8952 | K29: =monthly_data!$K120*0.8/1000 -> 412.8584 | L29: =L$32*(SUM(G29:K29)/SUM(G$32:K$32)) -> 418.12419 | M29: =M$32*(SUM(H29:L29)/SUM(H$32:L$32)) -> 468.89418 | N29: =N$32*(SUM(I29:M29)/SUM(I$32:M$32)) -> 424.80807 | O29: =O$32*(SUM(J29:N29)/SUM(J$32:N$32)) -> 460.37369 | P29: =P$32*(SUM(K29:O29)/SUM(K$32:O$32)) -> 480.05984 | Q29: =Q$32*(SUM(L29:P29)/SUM(L$32:P$32)) -> 511.87727 | R29: =R$32*(SUM(M29:Q29)/SUM(M$32:Q$32)) -> 537.45026 | S29: =S$32*(SUM(N29:R29)/SUM(N$32:R$32)) -> 561.13226 | ... AK29: =AK$32*(SUM(AF29:AJ29)/SUM(AF$32:AJ$32)) -> 1747.8271
A30: November | B30: =monthly_data!K13*0.8/1000 -> 336.7168 | C30: =monthly_data!$K25*0.8/1000 -> 405.2344 | D30: =monthly_data!$K37*0.8/1000 -> 427.3512 | E30: =monthly_data!$K49*0.8/1000 -> 402.8848 | F30: =monthly_data!$K61*0.8/1000 -> 357.1288 | G30: =monthly_data!$K73*0.8/1000 -> 237.084 | H30: =monthly_data!$K85*0.8/1000 -> 352.6296 | I30: =monthly_data!$K97*0.8/1000 -> 277.184 | J30: =monthly_data!$K109*0.8/1000 -> 390.88 | K30: =monthly_data!$K121*0.8/1000 -> 383.3784 | L30: =L$32*(SUM(G30:K30)/SUM(G$32:K$32)) -> 427.09478 | M30: =M$32*(SUM(H30:L30)/SUM(H$32:L$32)) -> 468.34076 | N30: =N$32*(SUM(I30:M30)/SUM(I$32:M$32)) -> 427.5538 | O30: =O$32*(SUM(J30:N30)/SUM(J$32:N$32)) -> 463.39361 | P30: =P$32*(SUM(K30:O30)/SUM(K$32:O$32)) -> 476.69903 | Q30: =Q$32*(SUM(L30:P30)/SUM(L$32:P$32)) -> 514.33681 | R30: =R$32*(SUM(M30:Q30)/SUM(M$32:Q$32)) -> 538.43786 | S30: =S$32*(SUM(N30:R30)/SUM(N$32:R$32)) -> 562.49223 | ... AK30: =AK$32*(SUM(AF30:AJ30)/SUM(AF$32:AJ$32)) -> 1750.9706
A31: December | B31: =monthly_data!K14*0.8/1000 -> 361.9248 | C31: =monthly_data!$K26*0.8/1000 -> 382.3168 | D31: =monthly_data!$K38*0.8/1000 -> 478.348 | E31: =monthly_data!$K50*0.8/1000 -> 436.284 | F31: =monthly_data!$K62*0.8/1000 -> 493.7488 | G31: =monthly_data!$K74*0.8/1000 -> 287.0608 | H31: =monthly_data!$K86*0.8/1000 -> 367.0296 | I31: =monthly_data!$K98*0.8/1000 -> 374.6848 | J31: =monthly_data!$K110*0.8/1000 -> 404.6792 | K31: =monthly_data!$K122*0.8/1000 -> 437.5936 | L31: =L32-(SUM(L20:L30)) -> 617.05983 | M31: =M32-(SUM(M20:M30)) -> 562.94164 | N31: =N32-(SUM(N20:N30)) -> 526.39611 | O31: =O32-(SUM(O20:O30)) -> 563.13689 | P31: =P32-(SUM(P20:P30)) -> 594.75911 | Q31: =Q32-(SUM(Q20:Q30)) -> 650.97581 | R31: =R32-(SUM(R20:R30)) -> 663.95346 | S31: =S32-(SUM(S20:S30)) -> 697.00215 | ... AK31: =AK32-(SUM(AK20:AK30)) -> 2175.3025
A32: Total | B32: =SUM(B20:B31) -> 4525.4872 | C32: =SUM(C20:C31) -> 4631.4224 | D32: =SUM(D20:D31) -> 4934.88 | E32: =SUM(E20:E31) -> 5101.0664 | F32: =SUM(F20:F31) -> 4853.3392 | G32: =SUM(G20:G31) -> 2615.284 | H32: =SUM(H20:H31) -> 3290.4848 | I32: =SUM(I20:I31) -> 3883.4256 | ... K32: =SUM(K20:K31) -> 4689.172 | L32: =L4 -> 4900 | M32: =M4 -> 5400 | N32: =N4 -> 5100 | O32: =O4 -> 5400 | P32: =P4 -> 5600 | Q32: =Q4 -> 6000 | R32: =R4 -> 6300 | S32: =S4 -> 6600 | ... AK32: =AK4 -> 20500
L33: =L4 -> 4900
A34: Jet Fuel Imports
A35: thousand tonnes | B35: =B2 -> 2015 | C35: =C2 -> 2016 | D35: =D2 -> 2017 | E35: =E2 -> 2018 | F35: =F2 -> 2019 | G35: =G2 -> 2020 | H35: =H2 -> 2021 | I35: =I2 -> 2022 | ... AK35: =AK2 -> 2050
A36: January | B36: =monthly_data!$L3*0.8/1000 -> 41.1552 | C36: =monthly_data!$L15*0.8/1000 -> 32.076 | D36: =monthly_data!$L27*0.8/1000 -> 97.1944 | E36: =monthly_data!$L39*0.8/1000 -> 127.7224 | F36: =monthly_data!$L51*0.8/1000 -> 157.8408 | G36: =monthly_data!$L63*0.8/1000 -> 121.6024 | H36: =monthly_data!$L75*0.8/1000 -> 0 | I36: =monthly_data!$L87*0.8/1000 -> 86.1352 | J36: =monthly_data!$L99*0.8/1000 -> 120.5752 | K36: =monthly_data!$L111*0.8/1000 -> 62.3624 | L36: =monthly_data!$L123*0.8/1000 -> 101.748 | M36: =M$48*(SUM(H36:L36)/SUM(H$48:L$48)) -> 108.43353 | N36: =N$48*(SUM(I36:M36)/SUM(I$48:M$48)) -> 119.22496 | O36: =O$48*(SUM(J36:N36)/SUM(J$48:N$48)) -> 125.98155 | P36: =P$48*(SUM(K36:O36)/SUM(K$48:O$48)) -> 124.16069 | Q36: =Q$48*(SUM(L36:P36)/SUM(L$48:P$48)) -> 131.71562 | R36: =R$48*(SUM(M36:Q36)/SUM(M$48:Q$48)) -> 142.36878 | S36: =S$48*(SUM(N36:R36)/SUM(N$48:R$48)) -> 156.39449 | T36: =T$48*(SUM(O36:S36)/SUM(O$48:S$48)) -> 160.14615 | ... AK36: =AK$48*(SUM(AF36:AJ36)/SUM(AF$48:AJ$48)) -> 141.95493
A37: February | B37: =monthly_data!L4*0.8/1000 -> 193.5464 | C37: =monthly_data!$L16*0.8/1000 -> 128.6112 | D37: =monthly_data!$L28*0.8/1000 -> 21.1904 | E37: =monthly_data!$L40*0.8/1000 -> 37.8576 | F37: =monthly_data!$L52*0.8/1000 -> 83.1688 | G37: =monthly_data!$L64*0.8/1000 -> 74.2568 | H37: =monthly_data!$L76*0.8/1000 -> 82.484 | I37: =monthly_data!$L88*0.8/1000 -> 40.232 | J37: =monthly_data!$L100*0.8/1000 -> 39.5624 | K37: =monthly_data!$L112*0.8/1000 -> 65.5528 | L37: =monthly_data!$L124*0.8/1000 -> 102.0384 | M37: =M$48*(SUM(H37:L37)/SUM(H$48:L$48)) -> 96.458785 | N37: =N$48*(SUM(I37:M37)/SUM(I$48:M$48)) -> 85.538785 | O37: =O$48*(SUM(J37:N37)/SUM(J$48:N$48)) -> 95.689341 | P37: =P$48*(SUM(K37:O37)/SUM(K$48:O$48)) -> 106.78125 | Q37: =Q$48*(SUM(L37:P37)/SUM(L$48:P$48)) -> 110.56967 | R37: =R$48*(SUM(M37:Q37)/SUM(M$48:Q$48)) -> 115.62928 | S37: =S$48*(SUM(N37:R37)/SUM(N$48:R$48)) -> 124.98119 | T37: =T$48*(SUM(O37:S37)/SUM(O$48:S$48)) -> 130.27076 | ... AK37: =AK$48*(SUM(AF37:AJ37)/SUM(AF$48:AJ$48)) -> 115.75128
A38: March | B38: =monthly_data!L5*0.8/1000 -> 41.2464 | C38: =monthly_data!$L17*0.8/1000 -> 96.6528 | D38: =monthly_data!$L29*0.8/1000 -> 62.4344 | E38: =monthly_data!$L41*0.8/1000 -> 19.4584 | F38: =monthly_data!$L53*0.8/1000 -> 0 | G38: =monthly_data!$L65*0.8/1000 -> 0 | H38: =monthly_data!$L77*0.8/1000 -> 41.2536 | I38: =monthly_data!$L89*0.8/1000 -> 0 | J38: =monthly_data!$L101*0.8/1000 -> 64.2264 | K38: =monthly_data!$L113*0.8/1000 -> 105.2 | L38: =L$48*(SUM(G38:K38)/SUM(G$48:K$48)) -> 80.14067 | M38: =M$48*(SUM(H38:L38)/SUM(H$48:L$48)) -> 85.040297 | N38: =N$48*(SUM(I38:M38)/SUM(I$48:M$48)) -> 83.240875 | O38: =O$48*(SUM(J38:N38)/SUM(J$48:N$48)) -> 102.74573 | P38: =P$48*(SUM(K38:O38)/SUM(K$48:O$48)) -> 109.44059 | Q38: =Q$48*(SUM(L38:P38)/SUM(L$48:P$48)) -> 104.68368 | R38: =R$48*(SUM(M38:Q38)/SUM(M$48:Q$48)) -> 113.31998 | S38: =S$48*(SUM(N38:R38)/SUM(N$48:R$48)) -> 124.79222 | ... AK38: =AK$48*(SUM(AF38:AJ38)/SUM(AF$48:AJ$48)) -> 114.72982
A39: April | B39: =monthly_data!L6*0.8/1000 -> 93.5592 | C39: =monthly_data!$L18*0.8/1000 -> 182.2424 | D39: =monthly_data!$L30*0.8/1000 -> 0 | E39: =monthly_data!$L42*0.8/1000 -> 0.328 | F39: =monthly_data!$L54*0.8/1000 -> 128.3928 | G39: =monthly_data!$L66*0.8/1000 -> 0 | H39: =monthly_data!$L78*0.8/1000 -> 54.5808 | I39: =monthly_data!$L90*0.8/1000 -> 42.2224 | J39: =monthly_data!$L102*0.8/1000 -> 0 | K39: =monthly_data!$L114*0.8/1000 -> 59.4064 | L39: =L$48*(SUM(G39:K39)/SUM(G$48:K$48)) -> 59.420648 | M39: =M$48*(SUM(H39:L39)/SUM(H$48:L$48)) -> 63.053497 | N39: =N$48*(SUM(I39:M39)/SUM(I$48:M$48)) -> 55.750492 | O39: =O$48*(SUM(J39:N39)/SUM(J$48:N$48)) -> 58.431682 | P39: =P$48*(SUM(K39:O39)/SUM(K$48:O$48)) -> 70.998207 | Q39: =Q$48*(SUM(L39:P39)/SUM(L$48:P$48)) -> 69.921483 | R39: =R$48*(SUM(M39:Q39)/SUM(M$48:Q$48)) -> 74.313661 | S39: =S$48*(SUM(N39:R39)/SUM(N$48:R$48)) -> 80.066273 | ... AK39: =AK$48*(SUM(AF39:AJ39)/SUM(AF$48:AJ$48)) -> 74.186273
A40: May | B40: =monthly_data!L7*0.8/1000 -> 169.5616 | C40: =monthly_data!$L19*0.8/1000 -> 244.8624 | D40: =monthly_data!$L31*0.8/1000 -> 40.5456 | E40: =monthly_data!$L43*0.8/1000 -> 0 | F40: =monthly_data!$L55*0.8/1000 -> 41.2912 | G40: =monthly_data!$L67*0.8/1000 -> 0 | H40: =monthly_data!$L79*0.8/1000 -> 0 | I40: =monthly_data!$L91*0.8/1000 -> 41.2392 | J40: =monthly_data!$L103*0.8/1000 -> 65.7984 | K40: =monthly_data!$L115*0.8/1000 -> 40.7688 | L40: =L$48*(SUM(G40:K40)/SUM(G$48:K$48)) -> 56.22415 | M40: =M$48*(SUM(H40:L40)/SUM(H$48:L$48)) -> 59.661573 | N40: =N$48*(SUM(I40:M40)/SUM(I$48:M$48)) -> 65.599163 | O40: =O$48*(SUM(J40:N40)/SUM(J$48:N$48)) -> 70.829838 | P40: =P$48*(SUM(K40:O40)/SUM(K$48:O$48)) -> 70.283772 | Q40: =Q$48*(SUM(L40:P40)/SUM(L$48:P$48)) -> 73.31784 | R40: =R$48*(SUM(M40:Q40)/SUM(M$48:Q$48)) -> 79.34416 | S40: =S$48*(SUM(N40:R40)/SUM(N$48:R$48)) -> 87.348035 | ... AK40: =AK$48*(SUM(AF40:AJ40)/SUM(AF$48:AJ$48)) -> 79.352436
A41: June | B41: =monthly_data!L8*0.8/1000 -> 128.7472 | C41: =monthly_data!$L20*0.8/1000 -> 19.9904 | D41: =monthly_data!$L32*0.8/1000 -> 78.3208 | E41: =monthly_data!$L44*0.8/1000 -> 44.736 | F41: =monthly_data!$L56*0.8/1000 -> 0.5576 | G41: =monthly_data!$L68*0.8/1000 -> 0 | H41: =monthly_data!$L80*0.8/1000 -> 0 | I41: =monthly_data!$L92*0.8/1000 -> 83.696 | J41: =monthly_data!$L104*0.8/1000 -> 125.7024 | K41: =monthly_data!$L116*0.8/1000 -> 0 | L41: =L$48*(SUM(G41:K41)/SUM(G$48:K$48)) -> 79.653162 | M41: =M$48*(SUM(H41:L41)/SUM(H$48:L$48)) -> 84.522983 | N41: =N$48*(SUM(I41:M41)/SUM(I$48:M$48)) -> 92.93481 | O41: =O$48*(SUM(J41:N41)/SUM(J$48:N$48)) -> 94.13092 | P41: =P$48*(SUM(K41:O41)/SUM(K$48:O$48)) -> 84.23061 | Q41: =Q$48*(SUM(L41:P41)/SUM(L$48:P$48)) -> 98.971019 | R41: =R$48*(SUM(M41:Q41)/SUM(M$48:Q$48)) -> 106.2284 | S41: =S$48*(SUM(N41:R41)/SUM(N$48:R$48)) -> 115.81494 | ... AK41: =AK$48*(SUM(AF41:AJ41)/SUM(AF$48:AJ$48)) -> 104.60604
A42: July | B42: =monthly_data!L9*0.8/1000 -> 98.0064 | C42: =monthly_data!$L21*0.8/1000 -> 43.9056 | D42: =monthly_data!$L33*0.8/1000 -> 0 | E42: =monthly_data!$L45*0.8/1000 -> 40.34 | F42: =monthly_data!$L57*0.8/1000 -> 9.3088 | G42: =monthly_data!$L69*0.8/1000 -> 0 | H42: =monthly_data!$L81*0.8/1000 -> 39.432 | I42: =monthly_data!$L93*0.8/1000 -> 147.7064 | J42: =monthly_data!$L105*0.8/1000 -> 60.416 | K42: =monthly_data!$L117*0.8/1000 -> 96.9784 | L42: =L$48*(SUM(G42:K42)/SUM(G$48:K$48)) -> 131.057 | M42: =M$48*(SUM(H42:L42)/SUM(H$48:L$48)) -> 139.06954 | N42: =N$48*(SUM(I42:M42)/SUM(I$48:M$48)) -> 143.10034 | O42: =O$48*(SUM(J42:N42)/SUM(J$48:N$48)) -> 140.31148 | P42: =P$48*(SUM(K42:O42)/SUM(K$48:O$48)) -> 155.99912 | Q42: =Q$48*(SUM(L42:P42)/SUM(L$48:P$48)) -> 161.25852 | R42: =R$48*(SUM(M42:Q42)/SUM(M$48:Q$48)) -> 172.78575 | S42: =S$48*(SUM(N42:R42)/SUM(N$48:R$48)) -> 187.99258 | ... AK42: =AK$48*(SUM(AF42:AJ42)/SUM(AF$48:AJ$48)) -> 171.84107
A43: August | B43: =monthly_data!L10*0.8/1000 -> 0 | C43: =monthly_data!$L22*0.8/1000 -> 32.9168 | D43: =monthly_data!$L34*0.8/1000 -> 40.1416 | E43: =monthly_data!$L46*0.8/1000 -> 0 | F43: =monthly_data!$L58*0.8/1000 -> 114.4448 | G43: =monthly_data!$L70*0.8/1000 -> 0 | H43: =monthly_data!$L82*0.8/1000 -> 39.684 | I43: =monthly_data!$L94*0.8/1000 -> 103.6952 | J43: =monthly_data!$L106*0.8/1000 -> 123.1904 | K43: =monthly_data!$L118*0.8/1000 -> 125.8168 | L43: =L$48*(SUM(G43:K43)/SUM(G$48:K$48)) -> 149.26006 | M43: =M$48*(SUM(H43:L43)/SUM(H$48:L$48)) -> 158.38549 | N43: =N$48*(SUM(I43:M43)/SUM(I$48:M$48)) -> 164.27595 | O43: =O$48*(SUM(J43:N43)/SUM(J$48:N$48)) -> 177.27094 | P43: =P$48*(SUM(K43:O43)/SUM(K$48:O$48)) -> 185.85341 | Q43: =Q$48*(SUM(L43:P43)/SUM(L$48:P$48)) -> 189.78315 | R43: =R$48*(SUM(M43:Q43)/SUM(M$48:Q$48)) -> 204.51245 | S43: =S$48*(SUM(N43:R43)/SUM(N$48:R$48)) -> 224.02331 | ... AK43: =AK$48*(SUM(AF43:AJ43)/SUM(AF$48:AJ$48)) -> 204.62517
A44: September | B44: =monthly_data!L11*0.8/1000 -> 2.092 | C44: =monthly_data!$L23*0.8/1000 -> 84.9456 | D44: =monthly_data!$L35*0.8/1000 -> 38.5216 | E44: =monthly_data!$L47*0.8/1000 -> 80.5064 | F44: =monthly_data!$L59*0.8/1000 -> 126.1552 | G44: =monthly_data!$L71*0.8/1000 -> 0 | H44: =monthly_data!$L83*0.8/1000 -> 0 | I44: =monthly_data!$L95*0.8/1000 -> 127.04 | J44: =monthly_data!$L107*0.8/1000 -> 0 | K44: =monthly_data!$L119*0.8/1000 -> 42.3784 | L44: =L$48*(SUM(G44:K44)/SUM(G$48:K$48)) -> 64.44515 | M44: =M$48*(SUM(H44:L44)/SUM(H$48:L$48)) -> 68.385186 | N44: =N$48*(SUM(I44:M44)/SUM(I$48:M$48)) -> 75.19096 | O44: =O$48*(SUM(J44:N44)/SUM(J$48:N$48)) -> 61.571399 | P44: =P$48*(SUM(K44:O44)/SUM(K$48:O$48)) -> 74.813163 | Q44: =Q$48*(SUM(L44:P44)/SUM(L$48:P$48)) -> 78.274059 | R44: =R$48*(SUM(M44:Q44)/SUM(M$48:Q$48)) -> 83.675274 | S44: =S$48*(SUM(N44:R44)/SUM(N$48:R$48)) -> 90.787291 | ... AK44: =AK$48*(SUM(AF44:AJ44)/SUM(AF$48:AJ$48)) -> 82.614215
A45: October | B45: =monthly_data!L12*0.8/1000 -> 136.88 | C45: =monthly_data!$L24*0.8/1000 -> 118.7824 | D45: =monthly_data!$L36*0.8/1000 -> 81.4832 | E45: =monthly_data!$L48*0.8/1000 -> 155.3416 | F45: =monthly_data!$L60*0.8/1000 -> 86.504 | G45: =monthly_data!$L72*0.8/1000 -> 0 | H45: =monthly_data!$L84*0.8/1000 -> 0 | I45: =monthly_data!$L96*0.8/1000 -> 66.5536 | J45: =monthly_data!$L108*0.8/1000 -> 64.6208 | K45: =monthly_data!$L120*0.8/1000 -> 132.5904 | L45: =L$48*(SUM(G45:K45)/SUM(G$48:K$48)) -> 100.33362 | M45: =M$48*(SUM(H45:L45)/SUM(H$48:L$48)) -> 106.4678 | N45: =N$48*(SUM(I45:M45)/SUM(I$48:M$48)) -> 117.0636 | O45: =O$48*(SUM(J45:N45)/SUM(J$48:N$48)) -> 128.12872 | P45: =P$48*(SUM(K45:O45)/SUM(K$48:O$48)) -> 140.18795 | Q45: =Q$48*(SUM(L45:P45)/SUM(L$48:P$48)) -> 134.58675 | R45: =R$48*(SUM(M45:Q45)/SUM(M$48:Q$48)) -> 146.32054 | S45: =S$48*(SUM(N45:R45)/SUM(N$48:R$48)) -> 161.9449 | ... AK45: =AK$48*(SUM(AF45:AJ45)/SUM(AF$48:AJ$48)) -> 147.79532
A46: November | B46: =monthly_data!L13*0.8/1000 -> 161.336 | C46: =monthly_data!$L25*0.8/1000 -> 0 | D46: =monthly_data!$L37*0.8/1000 -> 0 | E46: =monthly_data!$L49*0.8/1000 -> 104.564 | F46: =monthly_data!$L61*0.8/1000 -> 41.8208 | G46: =monthly_data!$L73*0.8/1000 -> 0 | H46: =monthly_data!$L85*0.8/1000 -> 41.6408 | I46: =monthly_data!$L97*0.8/1000 -> 129.9272 | J46: =monthly_data!$L109*0.8/1000 -> 62.6464 | K46: =monthly_data!$L121*0.8/1000 -> 124.7616 | L46: =L$48*(SUM(G46:K46)/SUM(G$48:K$48)) -> 136.55106 | M46: =M$48*(SUM(H46:L46)/SUM(H$48:L$48)) -> 144.89949 | N46: =N$48*(SUM(I46:M46)/SUM(I$48:M$48)) -> 148.96101 | O46: =O$48*(SUM(J46:N46)/SUM(J$48:N$48)) -> 151.91718 | P46: =P$48*(SUM(K46:O46)/SUM(K$48:O$48)) -> 169.56592 | Q46: =Q$48*(SUM(L46:P46)/SUM(L$48:P$48)) -> 170.88515 | R46: =R$48*(SUM(M46:Q46)/SUM(M$48:Q$48)) -> 183.64467 | S46: =S$48*(SUM(N46:R46)/SUM(N$48:R$48)) -> 200.51449 | ... AK46: =AK$48*(SUM(AF46:AJ46)/SUM(AF$48:AJ$48)) -> 183.49144
A47: December | B47: =monthly_data!L14*0.8/1000 -> 33.0304 | C47: =monthly_data!$L26*0.8/1000 -> 34.444 | D47: =monthly_data!$L38*0.8/1000 -> 0.804 | E47: =monthly_data!$L50*0.8/1000 -> 75.4024 | F47: =monthly_data!$L62*0.8/1000 -> 40.7192 | G47: =monthly_data!$L74*0.8/1000 -> 65.4896 | H47: =monthly_data!$L86*0.8/1000 -> 0 | I47: =monthly_data!$L98*0.8/1000 -> 167.0208 | J47: =monthly_data!$L110*0.8/1000 -> 66.9624 | K47: =monthly_data!$L122*0.8/1000 -> 40.688 | L47: =L48-(SUM(L36:L46)) -> 189.12808 | M47: =M48-(SUM(M36:M46)) -> 135.62182 | N47: =N48-(SUM(N36:N46)) -> 149.11906 | O47: =O48-(SUM(O36:O46)) -> 142.99123 | P47: =P48-(SUM(P36:P46)) -> 157.68531 | Q47: =Q48-(SUM(Q36:Q46)) -> 176.03307 | R47: =R48-(SUM(R36:R46)) -> 177.85705 | S47: =S48-(SUM(S36:S46)) -> 195.34028 | ... AK47: =AK48-(SUM(AK36:AK46)) -> 179.05199
A48: Total | B48: =SUM(B36:B47) -> 1099.1608 | C48: =SUM(C36:C47) -> 1019.4296 | D48: =SUM(D36:D47) -> 460.636 | E48: =SUM(E36:E47) -> 686.2568 | F48: =SUM(F36:F47) -> 830.204 | G48: =SUM(G36:G47) -> 261.3488 | H48: =SUM(H36:H47) -> 299.0752 | I48: =SUM(I36:I47) -> 1035.468 | ... K48: =SUM(K36:K47) -> 896.504 | L48: =L5 -> 1250 | M48: =M5 -> 1250 | N48: =N5 -> 1300 | O48: =O5 -> 1350 | P48: =P5 -> 1450 | Q48: =Q5 -> 1500 | R48: =R5 -> 1600 | S48: =S5 -> 1750 | ... AK48: =AK5 -> 1600
L49: =L5 -> 1250
A50: Jet Fuel Exports
A51: thousand tonnes | B51: =B2 -> 2015 | C51: =C2 -> 2016 | D51: =D2 -> 2017 | E51: =E2 -> 2018 | F51: =F2 -> 2019 | G51: =G2 -> 2020 | H51: =H2 -> 2021 | I51: =I2 -> 2022 | ... AK51: =AK2 -> 2050
A52: January | B52: =monthly_data!$N3*0.8/1000 -> 2.5696 | C52: =monthly_data!$N15*0.8/1000 -> 0 | D52: =monthly_data!$N27*0.8/1000 -> 7.124 | E52: =monthly_data!$N39*0.8/1000 -> 3.616 | F52: =monthly_data!$N51*0.8/1000 -> 151.304 | G52: =monthly_data!$N63*0.8/1000 -> 116.5 | H52: =monthly_data!$N75*0.8/1000 -> 76.9056 | I52: =monthly_data!$N87*0.8/1000 -> 103.4672 | J52: =monthly_data!$N99*0.8/1000 -> 128.3952 | K52: =monthly_data!$N111*0.8/1000 -> 167.3016 | L52: =monthly_data!$N123*0.8/1000 -> 193.696 | M52: =M$64*(SUM(H52:L52)/SUM(H$64:L$64)) -> 226.53543 | N52: =N$64*(SUM(I52:M52)/SUM(I$64:M$64)) -> 229.12085 | O52: =O$64*(SUM(J52:N52)/SUM(J$64:N$64)) -> 230.8473 | P52: =P$64*(SUM(K52:O52)/SUM(K$64:O$64)) -> 252.7737 | Q52: =Q$64*(SUM(L52:P52)/SUM(L$64:P$64)) -> 285.82609 | R52: =R$64*(SUM(M52:Q52)/SUM(M$64:Q$64)) -> 308.87875 | S52: =S$64*(SUM(N52:R52)/SUM(N$64:R$64)) -> 349.34422 | T52: =T$64*(SUM(O52:S52)/SUM(O$64:S$64)) -> 376.79427 | ... AK52: =AK$64*(SUM(AF52:AJ52)/SUM(AF$64:AJ$64)) -> 1241.6714
A53: February | B53: =monthly_data!N4*0.8/1000 -> 0.0272 | C53: =monthly_data!$N16*0.8/1000 -> 0.5248 | D53: =monthly_data!$N28*0.8/1000 -> 0 | E53: =monthly_data!$N40*0.8/1000 -> 4.7424 | F53: =monthly_data!$N52*0.8/1000 -> 195.824 | G53: =monthly_data!$N64*0.8/1000 -> 129.9032 | H53: =monthly_data!$N76*0.8/1000 -> 49.5248 | I53: =monthly_data!$N88*0.8/1000 -> 68.7328 | J53: =monthly_data!$N100*0.8/1000 -> 174.0216 | K53: =monthly_data!$N112*0.8/1000 -> 125.9352 | L53: =monthly_data!$N124*0.8/1000 -> 273.4064 | M53: =M$64*(SUM(H53:L53)/SUM(H$64:L$64)) -> 233.92754 | N53: =N$64*(SUM(I53:M53)/SUM(I$64:M$64)) -> 244.95531 | O53: =O$64*(SUM(J53:N53)/SUM(J$64:N$64)) -> 257.03232 | P53: =P$64*(SUM(K53:O53)/SUM(K$64:O$64)) -> 273.9501 | Q53: =Q$64*(SUM(L53:P53)/SUM(L$64:P$64)) -> 323.7433 | R53: =R$64*(SUM(M53:Q53)/SUM(M$64:Q$64)) -> 336.23559 | S53: =S$64*(SUM(N53:R53)/SUM(N$64:R$64)) -> 383.67084 | T53: =T$64*(SUM(O53:S53)/SUM(O$64:S$64)) -> 415.58088 | ... AK53: =AK$64*(SUM(AF53:AJ53)/SUM(AF$64:AJ$64)) -> 1367.6859
A54: March | B54: =monthly_data!N5*0.8/1000 -> 2.5272 | C54: =monthly_data!$N17*0.8/1000 -> 3.6592 | D54: =monthly_data!$N29*0.8/1000 -> 3.5816 | E54: =monthly_data!$N41*0.8/1000 -> 4.8 | F54: =monthly_data!$N53*0.8/1000 -> 164.4616 | G54: =monthly_data!$N65*0.8/1000 -> 140.8848 | H54: =monthly_data!$N77*0.8/1000 -> 76.8232 | I54: =monthly_data!$N89*0.8/1000 -> 125.4888 | J54: =monthly_data!$N101*0.8/1000 -> 152.3944 | K54: =monthly_data!$N113*0.8/1000 -> 163.9384 | L54: =L$64*(SUM(G54:K54)/SUM(G$64:K$64))-25 -> 241.31817 | M54: =M$64*(SUM(H54:L54)/SUM(H$64:L$64)) -> 257.04297 | N54: =N$64*(SUM(I54:M54)/SUM(I$64:M$64)) -> 262.89562 | O54: =O$64*(SUM(J54:N54)/SUM(J$64:N$64)) -> 263.22298 | P54: =P$64*(SUM(K54:O54)/SUM(K$64:O$64)) -> 286.77853 | Q54: =Q$64*(SUM(L54:P54)/SUM(L$64:P$64)) -> 330.80376 | R54: =R$64*(SUM(M54:Q54)/SUM(M$64:Q$64)) -> 353.16205 | S54: =S$64*(SUM(N54:R54)/SUM(N$64:R$64)) -> 399.95544 | T54: =T$64*(SUM(O54:S54)/SUM(O$64:S$64)) -> 431.22901 | ... AK54: =AK$64*(SUM(AF54:AJ54)/SUM(AF$64:AJ$64)) -> 1422.2028
A55: April | B55: =monthly_data!N6*0.8/1000 -> 0 | C55: =monthly_data!$N18*0.8/1000 -> 0.5488 | D55: =monthly_data!$N30*0.8/1000 -> 3.5208 | E55: =monthly_data!$N42*0.8/1000 -> 3.5432 | F55: =monthly_data!$N54*0.8/1000 -> 126.7272 | G55: =monthly_data!$N66*0.8/1000 -> 48.7656 | H55: =monthly_data!$N78*0.8/1000 -> 62.8144 | I55: =monthly_data!$N90*0.8/1000 -> 87.8224 | J55: =monthly_data!$N102*0.8/1000 -> 129.216 | K55: =monthly_data!$N114*0.8/1000 -> 108.624 | L55: =L$64*(SUM(G55:K55)/SUM(G$64:K$64)) -> 176.55856 | M55: =M$64*(SUM(H55:L55)/SUM(H$64:L$64)) -> 191.11243 | N55: =N$64*(SUM(I55:M55)/SUM(I$64:M$64)) -> 193.87115 | O55: =O$64*(SUM(J55:N55)/SUM(J$64:N$64)) -> 195.26521 | P55: =P$64*(SUM(K55:O55)/SUM(K$64:O$64)) -> 208.83822 | Q55: =Q$64*(SUM(L55:P55)/SUM(L$64:P$64)) -> 243.61271 | R55: =R$64*(SUM(M55:Q55)/SUM(M$64:Q$64)) -> 260.36905 | S55: =S$64*(SUM(N55:R55)/SUM(N$64:R$64)) -> 294.43807 | ... AK55: =AK$64*(SUM(AF55:AJ55)/SUM(AF$64:AJ$64)) -> 1046.5951
A56: May | B56: =monthly_data!N7*0.8/1000 -> 0 | C56: =monthly_data!$N19*0.8/1000 -> 10.4304 | D56: =monthly_data!$N31*0.8/1000 -> 0 | E56: =monthly_data!$N43*0.8/1000 -> 2.4064 | F56: =monthly_data!$N55*0.8/1000 -> 129.456 | G56: =monthly_data!$N67*0.8/1000 -> 27.3928 | H56: =monthly_data!$N79*0.8/1000 -> 65.1024 | I56: =monthly_data!$N91*0.8/1000 -> 127.5592 | J56: =monthly_data!$N103*0.8/1000 -> 153.3368 | K56: =monthly_data!$N115*0.8/1000 -> 192.2584 | L56: =L$64*(SUM(G56:K56)/SUM(G$64:K$64)) -> 228.40941 | M56: =M$64*(SUM(H56:L56)/SUM(H$64:L$64)) -> 259.31022 | N56: =N$64*(SUM(I56:M56)/SUM(I$64:M$64)) -> 268.68136 | O56: =O$64*(SUM(J56:N56)/SUM(J$64:N$64)) -> 269.18479 | P56: =P$64*(SUM(K56:O56)/SUM(K$64:O$64)) -> 293.87936 | Q56: =Q$64*(SUM(L56:P56)/SUM(L$64:P$64)) -> 332.87418 | R56: =R$64*(SUM(M56:Q56)/SUM(M$64:Q$64)) -> 359.00782 | S56: =S$64*(SUM(N56:R56)/SUM(N$64:R$64)) -> 407.10682 | ... AK56: =AK$64*(SUM(AF56:AJ56)/SUM(AF$64:AJ$64)) -> 1445.4331
A57: June | B57: =monthly_data!N8*0.8/1000 -> 0 | C57: =monthly_data!$N20*0.8/1000 -> 0.3728 | D57: =monthly_data!$N32*0.8/1000 -> 0.1136 | E57: =monthly_data!$N44*0.8/1000 -> 5.3144 | F57: =monthly_data!$N56*0.8/1000 -> 102.812 | G57: =monthly_data!$N68*0.8/1000 -> 31.0896 | H57: =monthly_data!$N80*0.8/1000 -> 68.628 | I57: =monthly_data!$N92*0.8/1000 -> 90.4928 | J57: =monthly_data!$N104*0.8/1000 -> 150.5032 | K57: =monthly_data!$N116*0.8/1000 -> 127.4968 | L57: =L$64*(SUM(G57:K57)/SUM(G$64:K$64)) -> 189.06344 | M57: =M$64*(SUM(H57:L57)/SUM(H$64:L$64)) -> 211.79487 | N57: =N$64*(SUM(I57:M57)/SUM(I$64:M$64)) -> 215.12737 | O57: =O$64*(SUM(J57:N57)/SUM(J$64:N$64)) -> 218.37403 | P57: =P$64*(SUM(K57:O57)/SUM(K$64:O$64)) -> 232.10668 | Q57: =Q$64*(SUM(L57:P57)/SUM(L$64:P$64)) -> 269.04775 | R57: =R$64*(SUM(M57:Q57)/SUM(M$64:Q$64)) -> 289.04848 | S57: =S$64*(SUM(N57:R57)/SUM(N$64:R$64)) -> 326.96861 | ... AK57: =AK$64*(SUM(AF57:AJ57)/SUM(AF$64:AJ$64)) -> 1161.4757
A58: July | B58: =monthly_data!N9*0.8/1000 -> 0 | C58: =monthly_data!$N21*0.8/1000 -> 3.5344 | D58: =monthly_data!$N33*0.8/1000 -> 2.3424 | E58: =monthly_data!$N45*0.8/1000 -> 7.4072 | F58: =monthly_data!$N57*0.8/1000 -> 143.0312 | G58: =monthly_data!$N69*0.8/1000 -> 56.8064 | H58: =monthly_data!$N81*0.8/1000 -> 77.5464 | I58: =monthly_data!$N93*0.8/1000 -> 109.764 | J58: =monthly_data!$N105*0.8/1000 -> 187.3536 | K58: =monthly_data!$N117*0.8/1000 -> 268.0216 | L58: =L$64*(SUM(G58:K58)/SUM(G$64:K$64))-25 -> 257.45499 | M58: =M$64*(SUM(H58:L58)/SUM(H$64:L$64)) -> 304.45538 | N58: =N$64*(SUM(I58:M58)/SUM(I$64:M$64)) -> 315.14767 | O58: =O$64*(SUM(J58:N58)/SUM(J$64:N$64)) -> 325.47369 | P58: =P$64*(SUM(K58:O58)/SUM(K$64:O$64)) -> 354.86089 | Q58: =Q$64*(SUM(L58:P58)/SUM(L$64:P$64)) -> 392.89844 | R58: =R$64*(SUM(M58:Q58)/SUM(M$64:Q$64)) -> 426.80569 | S58: =S$64*(SUM(N58:R58)/SUM(N$64:R$64)) -> 485.01012 | T58: =T$64*(SUM(O58:S58)/SUM(O$64:S$64)) -> 523.89909 | ... AK58: =AK$64*(SUM(AF58:AJ58)/SUM(AF$64:AJ$64)) -> 1722.2223
A59: August | B59: =monthly_data!N10*0.8/1000 -> 2.3384 | C59: =monthly_data!$N22*0.8/1000 -> 0.2096 | D59: =monthly_data!$N34*0.8/1000 -> 4.1408 | E59: =monthly_data!$N46*0.8/1000 -> 6.664 | F59: =monthly_data!$N58*0.8/1000 -> 112.884 | G59: =monthly_data!$N70*0.8/1000 -> 38.3488 | H59: =monthly_data!$N82*0.8/1000 -> 55.1504 | I59: =monthly_data!$N94*0.8/1000 -> 109.3552 | J59: =monthly_data!$N106*0.8/1000 -> 140.6088 | K59: =monthly_data!$N118*0.8/1000 -> 221.82 | L59: =L$64*(SUM(G59:K59)/SUM(G$64:K$64)) -> 228.26146 | M59: =M$64*(SUM(H59:L59)/SUM(H$64:L$64)) -> 255.43059 | N59: =N$64*(SUM(I59:M59)/SUM(I$64:M$64)) -> 267.17196 | O59: =O$64*(SUM(J59:N59)/SUM(J$64:N$64)) -> 271.94422 | P59: =P$64*(SUM(K59:O59)/SUM(K$64:O$64)) -> 300.34265 | Q59: =Q$64*(SUM(L59:P59)/SUM(L$64:P$64)) -> 333.80402 | R59: =R$64*(SUM(M59:Q59)/SUM(M$64:Q$64)) -> 360.20883 | S59: =S$64*(SUM(N59:R59)/SUM(N$64:R$64)) -> 409.73714 | ... AK59: =AK$64*(SUM(AF59:AJ59)/SUM(AF$64:AJ$64)) -> 1455.5293
A60: September | B60: =monthly_data!N11*0.8/1000 -> 0 | C60: =monthly_data!$N23*0.8/1000 -> 2.7416 | D60: =monthly_data!$N35*0.8/1000 -> 0.4736 | E60: =monthly_data!$N47*0.8/1000 -> 8.5584 | F60: =monthly_data!$N59*0.8/1000 -> 140.704 | G60: =monthly_data!$N71*0.8/1000 -> 49.7856 | H60: =monthly_data!$N83*0.8/1000 -> 77.7472 | I60: =monthly_data!$N95*0.8/1000 -> 110.1576 | J60: =monthly_data!$N107*0.8/1000 -> 138.2912 | K60: =monthly_data!$N119*0.8/1000 -> 314.8176 | L60: =L$64*(SUM(G60:K60)/SUM(G$64:K$64))-25 -> 253.94484 | M60: =M$64*(SUM(H60:L60)/SUM(H$64:L$64)) -> 302.70261 | N60: =N$64*(SUM(I60:M60)/SUM(I$64:M$64)) -> 313.15236 | O60: =O$64*(SUM(J60:N60)/SUM(J$64:N$64)) -> 323.14711 | P60: =P$64*(SUM(K60:O60)/SUM(K$64:O$64)) -> 363.84037 | Q60: =Q$64*(SUM(L60:P60)/SUM(L$64:P$64)) -> 392.74573 | R60: =R$64*(SUM(M60:Q60)/SUM(M$64:Q$64)) -> 427.49957 | S60: =S$64*(SUM(N60:R60)/SUM(N$64:R$64)) -> 486.3992 | T60: =T$64*(SUM(O60:S60)/SUM(O$64:S$64)) -> 526.16437 | ... AK60: =AK$64*(SUM(AF60:AJ60)/SUM(AF$64:AJ$64)) -> 1729.1623
A61: October | B61: =monthly_data!N12*0.8/1000 -> 0 | C61: =monthly_data!$N24*0.8/1000 -> 0.8088 | D61: =monthly_data!$N36*0.8/1000 -> 0 | E61: =monthly_data!$N48*0.8/1000 -> 34.8488 | F61: =monthly_data!$N60*0.8/1000 -> 130.1856 | G61: =monthly_data!$N72*0.8/1000 -> 45.9104 | H61: =monthly_data!$N84*0.8/1000 -> 73.2824 | I61: =monthly_data!$N96*0.8/1000 -> 101.1656 | J61: =monthly_data!$N108*0.8/1000 -> 222.5632 | K61: =monthly_data!$N120*0.8/1000 -> 174.2008 | L61: =L$64*(SUM(G61:K61)/SUM(G$64:K$64)) -> 249.19414 | M61: =M$64*(SUM(H61:L61)/SUM(H$64:L$64)) -> 277.48672 | N61: =N$64*(SUM(I61:M61)/SUM(I$64:M$64)) -> 286.50345 | O61: =O$64*(SUM(J61:N61)/SUM(J$64:N$64)) -> 295.55427 | P61: =P$64*(SUM(K61:O61)/SUM(K$64:O$64)) -> 309.58756 | Q61: =Q$64*(SUM(L61:P61)/SUM(L$64:P$64)) -> 357.8148 | R61: =R$64*(SUM(M61:Q61)/SUM(M$64:Q$64)) -> 384.98092 | S61: =S$64*(SUM(N61:R61)/SUM(N$64:R$64)) -> 436.71572 | ... AK61: =AK$64*(SUM(AF61:AJ61)/SUM(AF$64:AJ$64)) -> 1549.814
A62: November | B62: =monthly_data!N13*0.8/1000 -> 0 | C62: =monthly_data!$N25*0.8/1000 -> 0.548 | D62: =monthly_data!$N37*0.8/1000 -> 0 | E62: =monthly_data!$N49*0.8/1000 -> 83.5712 | F62: =monthly_data!$N61*0.8/1000 -> 101.2352 | G62: =monthly_data!$N73*0.8/1000 -> 55.776 | H62: =monthly_data!$N85*0.8/1000 -> 87.692 | I62: =monthly_data!$N97*0.8/1000 -> 153.7456 | J62: =monthly_data!$N109*0.8/1000 -> 134.732 | K62: =monthly_data!$N121*0.8/1000 -> 200.0048 | L62: =L$64*(SUM(G62:K62)/SUM(G$64:K$64)) -> 255.18168 | M62: =M$64*(SUM(H62:L62)/SUM(H$64:L$64)) -> 281.19033 | N62: =N$64*(SUM(I62:M62)/SUM(I$64:M$64)) -> 286.57167 | O62: =O$64*(SUM(J62:N62)/SUM(J$64:N$64)) -> 282.7868 | P62: =P$64*(SUM(K62:O62)/SUM(K$64:O$64)) -> 315.08846 | Q62: =Q$64*(SUM(L62:P62)/SUM(L$64:P$64)) -> 358.44369 | R62: =R$64*(SUM(M62:Q62)/SUM(M$64:Q$64)) -> 384.25837 | S62: =S$64*(SUM(N62:R62)/SUM(N$64:R$64)) -> 434.76732 | ... AK62: =AK$64*(SUM(AF62:AJ62)/SUM(AF$64:AJ$64)) -> 1546.3269
A63: December | B63: =monthly_data!N14*0.8/1000 -> 0.9264 | C63: =monthly_data!$N26*0.8/1000 -> 0.0832 | D63: =monthly_data!$N38*0.8/1000 -> 4.7952 | E63: =monthly_data!$N50*0.8/1000 -> 120.9632 | F63: =monthly_data!$N62*0.8/1000 -> 112.6016 | G63: =monthly_data!$N74*0.8/1000 -> 53.4384 | H63: =monthly_data!$N86*0.8/1000 -> 88.1216 | I63: =monthly_data!$N98*0.8/1000 -> 199.5792 | J63: =monthly_data!$N110*0.8/1000 -> 227.2064 | K63: =monthly_data!$N122*0.8/1000 -> 261.2816 | L63: =L64-(SUM(L52:L62)) -> 403.51091 | M63: =M64-(SUM(M52:M62)) -> 399.01091 | N63: =N64-(SUM(N52:N62)) -> 416.80123 | O63: =O64-(SUM(O52:O62)) -> 417.16729 | P63: =P64-(SUM(P52:P62)) -> 457.9535 | Q63: =Q64-(SUM(Q52:Q62)) -> 528.38553 | R63: =R64-(SUM(R52:R62)) -> 559.54488 | S63: =S64-(SUM(S52:S62)) -> 635.8865 | ... AK63: =AK64-(SUM(AK52:AK62)) -> 2261.8813
A64: Total | B64: =SUM(B52:B63) -> 8.3888 | C64: =SUM(C52:C63) -> 23.4616 | D64: =SUM(D52:D63) -> 26.092 | E64: =SUM(E52:E63) -> 286.4352 | F64: =SUM(F52:F63) -> 1611.2264 | G64: =SUM(G52:G63) -> 794.6016 | H64: =SUM(H52:H63) -> 859.3384 | I64: =SUM(I52:I63) -> 1387.3304 | ... K64: =SUM(K52:K63) -> 2325.7008 | L64: =L8 -> 2950 | M64: =M8 -> 3200 | N64: =N8 -> 3300 | O64: =O8 -> 3350 | P64: =P8 -> 3650 | Q64: =Q8 -> 4150 | R64: =R8 -> 4450 | S64: =S8 -> 5050 | ... AK64: =AK8 -> 17950
L65: =L8 -> 2950
A66: Jet Fuel Domestic Use
A67: thousand tonnes | B67: =B2 -> 2015 | C67: =C2 -> 2016 | D67: =D2 -> 2017 | E67: =E2 -> 2018 | F67: =F2 -> 2019 | G67: =G2 -> 2020 | H67: =H2 -> 2021 | I67: =I2 -> 2022 | ... AK67: =AK2 -> 2050
A68: January | B68: =B3+B20+B36-B52-B84 -> 616.49858 | C68: =B95+C20+C36-C52-C84 -> 368.82548 | D68: =C95+D20+D36-D52-D84 -> 446.66067 | E68: =D95+E20+E36-E52-E84 -> 570.54245 | F68: =E95+F20+F36-F52-F84 -> 442.10106 | G68: =F95+G20+G36-G52-G84 -> 458.59621 | H68: =G95+H20+H36-H52-H84 -> 202.77518 | I68: =H95+I20+I36-I52-I84 -> 330.5787 | J68: =I95+J20+J36-J52-J84 -> 358.35446 | ... L68: =K95+L20+L36-L52-L84 -> 312.54686 | M68: =M$80*(SUM(H68:L68)/SUM(H$80:L$80)) -> 302.22674 | N68: =N$80*(SUM(I68:M68)/SUM(I$80:M$80)) -> 319.85931 | O68: =O$80*(SUM(J68:N68)/SUM(J$80:N$80)) -> 311.80561 | P68: =P$80*(SUM(K68:O68)/SUM(K$80:O$80)) -> 310.72498 | Q68: =Q$80*(SUM(L68:P68)/SUM(L$80:P$80)) -> 321.35696 | R68: =R$80*(SUM(M68:Q68)/SUM(M$80:Q$80)) -> 320.25926 | S68: =S$80*(SUM(N68:R68)/SUM(N$80:R$80)) -> 321.5296 | T68: =T$80*(SUM(O68:S68)/SUM(O$80:S$80)) -> 325.62998 | ... AK68: =AK$80*(SUM(AF68:AJ68)/SUM(AF$80:AJ$80)) -> 400.79687
A69: February | B69: =B84+B21+B37-B53-B85 -> 569.61704 | C69: =C84+C21+C37-C53-C85 -> 492.50341 | D69: =D84+D21+D37-D53-D85 -> 410.52032 | E69: =E84+E21+E37-E53-E85 -> 515.28071 | F69: =F84+F21+F37-F53-F85 -> 293.40394 | G69: =G84+G21+G37-G53-G85 -> 347.0929 | H69: =H84+H21+H37-H53-H85 -> 257.20344 | I69: =I84+I21+I37-I53-I85 -> 298.96461 | ... L69: =L84+L21+L37-L53-L85 -> 179.8038 | M69: =M$80*(SUM(H69:L69)/SUM(H$80:L$80)) -> 253.47479 | N69: =N$80*(SUM(I69:M69)/SUM(I$80:M$80)) -> 250.53452 | O69: =O$80*(SUM(J69:N69)/SUM(J$80:N$80)) -> 236.23183 | P69: =P$80*(SUM(K69:O69)/SUM(K$80:O$80)) -> 259.91892 | Q69: =Q$80*(SUM(L69:P69)/SUM(L$80:P$80)) -> 243.51302 | R69: =R$80*(SUM(M69:Q69)/SUM(M$80:Q$80)) -> 254.34517 | S69: =S$80*(SUM(N69:R69)/SUM(N$80:R$80)) -> 252.62375 | T69: =T$80*(SUM(O69:S69)/SUM(O$80:S$80)) -> 256.00493 | ... AK69: =AK$80*(SUM(AF69:AJ69)/SUM(AF$80:AJ$80)) -> 315.47647
A70: March | B70: =B85+B22+B38-B54-B86 -> 462.78639 | C70: =C85+C22+C38-C54-C86 -> 526.20843 | D70: =D85+D22+D38-D54-D86 -> 525.21664 | E70: =E85+E22+E38-E54-E86 -> 509.36955 | F70: =F85+F22+F38-F54-F86 -> 290.51041 | G70: =G85+G22+G38-G54-G86 -> 241.92661 | H70: =H85+H22+H38-H54-H86 -> 327.58336 | I70: =I85+I22+I38-I54-I86 -> 257.00547 | ... K70: =K85+K22+K38-K54-K86 -> 366.71826 | L70: =L$80*(SUM(G70:K70)/SUM(G$80:K$80)) -> 330.79434 | M70: =M$80*(SUM(H70:L70)/SUM(H$80:L$80)) -> 327.66302 | N70: =N$80*(SUM(I70:M70)/SUM(I$80:M$80)) -> 324.85903 | O70: =O$80*(SUM(J70:N70)/SUM(J$80:N$80)) -> 332.40337 | P70: =P$80*(SUM(K70:O70)/SUM(K$80:O$80)) -> 345.0947 | Q70: =Q$80*(SUM(L70:P70)/SUM(L$80:P$80)) -> 342.74775 | R70: =R$80*(SUM(M70:Q70)/SUM(M$80:Q$80)) -> 342.0999 | S70: =S$80*(SUM(N70:R70)/SUM(N$80:R$80)) -> 342.47738 | ... AK70: =AK$80*(SUM(AF70:AJ70)/SUM(AF$80:AJ$80)) -> 429.75648
A71: April | B71: =B86+B23+B39-B55-B87 -> 443.07017 | C71: =C86+C23+C39-C55-C87 -> 534.43753 | D71: =D86+D23+D39-D55-D87 -> 385.77242 | E71: =E86+E23+E39-E55-E87 -> 404.32083 | F71: =F86+F23+F39-F55-F87 -> 388.08541 | G71: =G86+G23+G39-G55-G87 -> 231.62712 | H71: =H86+H23+H39-H55-H87 -> 208.63999 | I71: =I86+I23+I39-I55-I87 -> 298.75311 | ... K71: =K86+K23+K39-K55-K87 -> 336.66763 | L71: =L$80*(SUM(G71:K71)/SUM(G$80:K$80)) -> 282.5621 | M71: =M$80*(SUM(H71:L71)/SUM(H$80:L$80)) -> 274.76193 | N71: =N$80*(SUM(I71:M71)/SUM(I$80:M$80)) -> 285.84984 | O71: =O$80*(SUM(J71:N71)/SUM(J$80:N$80)) -> 277.98876 | P71: =P$80*(SUM(K71:O71)/SUM(K$80:O$80)) -> 299.02409 | Q71: =Q$80*(SUM(L71:P71)/SUM(L$80:P$80)) -> 293.08861 | R71: =R$80*(SUM(M71:Q71)/SUM(M$80:Q$80)) -> 292.59699 | S71: =S$80*(SUM(N71:R71)/SUM(N$80:R$80)) -> 294.03368 | ... AK71: =AK$80*(SUM(AF71:AJ71)/SUM(AF$80:AJ$80)) -> 368.13466
A72: May | B72: =B87+B24+B40-B56-B88 -> 540.77142 | C72: =C87+C24+C40-C56-C88 -> 575.95122 | D72: =D87+D24+D40-D56-D88 -> 436.57703 | E72: =E87+E24+E40-E56-E88 -> 458.91784 | F72: =F87+F24+F40-F56-F88 -> 327.65273 | G72: =G87+G24+G40-G56-G88 -> 56.245628 | H72: =H87+H24+H40-H56-H88 -> 66.948874 | I72: =I87+I24+I40-I56-I88 -> 251.9716 | ... K72: =K87+K24+K40-K56-K88 -> 207.37709 | L72: =L$80*(SUM(G72:K72)/SUM(G$80:K$80))+50 -> 242.58141 | M72: =M$80*(SUM(H72:L72)/SUM(H$80:L$80)) -> 218.38089 | N72: =N$80*(SUM(I72:M72)/SUM(I$80:M$80)) -> 247.31077 | O72: =O$80*(SUM(J72:N72)/SUM(J$80:N$80)) -> 241.80809 | P72: =P$80*(SUM(K72:O72)/SUM(K$80:O$80)) -> 237.41303 | Q72: =Q$80*(SUM(L72:P72)/SUM(L$80:P$80)) -> 245.06709 | R72: =R$80*(SUM(M72:Q72)/SUM(M$80:Q$80)) -> 243.3643 | S72: =S$80*(SUM(N72:R72)/SUM(N$80:R$80)) -> 246.61941 | T72: =T$80*(SUM(O72:S72)/SUM(O$80:S$80)) -> 249.35941 | ... AK72: =AK$80*(SUM(AF72:AJ72)/SUM(AF$80:AJ$80)) -> 306.36837
A73: June | B73: =B88+B25+B41-B57-B89 -> 518.11227 | C73: =C88+C25+C41-C57-C89 -> 364.75803 | D73: =D88+D25+D41-D57-D89 -> 458.96271 | E73: =E88+E25+E41-E57-E89 -> 488.38347 | F73: =F88+F25+F41-F57-F89 -> 338.85619 | G73: =G88+G25+G41-G57-G89 -> -44.148205 | H73: =H88+H25+H41-H57-H89 -> 81.267256 | I73: =I88+I25+I41-I57-I89 -> 323.3759 | ... K73: =K88+K25+K41-K57-K89 -> 229.34515 | L73: =L$80*(SUM(G73:K73)/SUM(G$80:K$80))+25 -> 223.68964 | M73: =M$80*(SUM(H73:L73)/SUM(H$80:L$80)) -> 240.82043 | N73: =N$80*(SUM(I73:M73)/SUM(I$80:M$80)) -> 271.20946 | O73: =O$80*(SUM(J73:N73)/SUM(J$80:N$80)) -> 255.77844 | P73: =P$80*(SUM(K73:O73)/SUM(K$80:O$80)) -> 250.41427 | Q73: =Q$80*(SUM(L73:P73)/SUM(L$80:P$80)) -> 256.29752 | R73: =R$80*(SUM(M73:Q73)/SUM(M$80:Q$80)) -> 260.65374 | S73: =S$80*(SUM(N73:R73)/SUM(N$80:R$80)) -> 262.73443 | T73: =T$80*(SUM(O73:S73)/SUM(O$80:S$80)) -> 264.06431 | ... AK73: =AK$80*(SUM(AF73:AJ73)/SUM(AF$80:AJ$80)) -> 325.06953
A74: July | B74: =B89+B26+B42-B58-B90 -> 501.28737 | C74: =C89+C26+C42-C58-C90 -> 467.3818 | D74: =D89+D26+D42-D58-D90 -> 407.6865 | E74: =E89+E26+E42-E58-E90 -> 474.87383 | F74: =F89+F26+F42-F58-F90 -> 264.02032 | G74: =G89+G26+G42-G58-G90 -> 46.1101 | H74: =H89+H26+H42-H58-H90 -> 220.84314 | I74: =I89+I26+I42-I58-I90 -> 369.88014 | ... K74: =K89+K26+K42-K58-K90 -> 235.95667 | L74: =L$80*(SUM(G74:K74)/SUM(G$80:K$80)) -> 236.70908 | M74: =M$80*(SUM(H74:L74)/SUM(H$80:L$80)) -> 260.53287 | N74: =N$80*(SUM(I74:M74)/SUM(I$80:M$80)) -> 266.36551 | O74: =O$80*(SUM(J74:N74)/SUM(J$80:N$80)) -> 240.77016 | P74: =P$80*(SUM(K74:O74)/SUM(K$80:O$80)) -> 254.41222 | Q74: =Q$80*(SUM(L74:P74)/SUM(L$80:P$80)) -> 259.7806 | R74: =R$80*(SUM(M74:Q74)/SUM(M$80:Q$80)) -> 262.15511 | S74: =S$80*(SUM(N74:R74)/SUM(N$80:R$80)) -> 260.52801 | ... AK74: =AK$80*(SUM(AF74:AJ74)/SUM(AF$80:AJ$80)) -> 324.93027
A75: August | B75: =B90+B27+B43-B59-B91 -> 417.52629 | C75: =C90+C27+C43-C59-C91 -> 467.21801 | D75: =D90+D27+D43-D59-D91 -> 440.84381 | E75: =E90+E27+E43-E59-E91 -> 415.89622 | F75: =F90+F27+F43-F59-F91 -> 420.01816 | G75: =G90+G27+G43-G59-G91 -> 118.26658 | H75: =H90+H27+H43-H59-H91 -> 280.17819 | I75: =I90+I27+I43-I59-I91 -> 330.29242 | ... K75: =K90+K27+K43-K59-K91 -> 298.38219 | L75: =L$80*(SUM(G75:K75)/SUM(G$80:K$80)) -> 301.76481 | M75: =M$80*(SUM(H75:L75)/SUM(H$80:L$80)) -> 319.92889 | N75: =N$80*(SUM(I75:M75)/SUM(I$80:M$80)) -> 325.2627 | O75: =O$80*(SUM(J75:N75)/SUM(J$80:N$80)) -> 318.2453 | P75: =P$80*(SUM(K75:O75)/SUM(K$80:O$80)) -> 320.71583 | Q75: =Q$80*(SUM(L75:P75)/SUM(L$80:P$80)) -> 327.29102 | R75: =R$80*(SUM(M75:Q75)/SUM(M$80:Q$80)) -> 329.55842 | S75: =S$80*(SUM(N75:R75)/SUM(N$80:R$80)) -> 329.05368 | ... AK75: =AK$80*(SUM(AF75:AJ75)/SUM(AF$80:AJ$80)) -> 410.76675
A76: September | B76: =B91+B28+B44-B60-B92 -> 335.15227 | C76: =C91+C28+C44-C60-C92 -> 422.91079 | D76: =D91+D28+D44-D60-D92 -> 373.09045 | E76: =E91+E28+E44-E60-E92 -> 378.19612 | F76: =F91+F28+F44-F60-F92 -> 338.52493 | G76: =G91+G28+G44-G60-G92 -> 119.73109 | H76: =H91+H28+H44-H60-H92 -> 206.33706 | I76: =I91+I28+I44-I60-I92 -> 295.60492 | ... K76: =K91+K28+K44-K60-K92 -> 47.91769 | L76: =L$80*(SUM(G76:K76)/SUM(G$80:K$80)) -> 193.56164 | M76: =M$80*(SUM(H76:L76)/SUM(H$80:L$80)) -> 196.20941 | N76: =N$80*(SUM(I76:M76)/SUM(I$80:M$80)) -> 192.46012 | O76: =O$80*(SUM(J76:N76)/SUM(J$80:N$80)) -> 168.30488 | P76: =P$80*(SUM(K76:O76)/SUM(K$80:O$80)) -> 163.77551 | Q76: =Q$80*(SUM(L76:P76)/SUM(L$80:P$80)) -> 188.68949 | R76: =R$80*(SUM(M76:Q76)/SUM(M$80:Q$80)) -> 185.99062 | S76: =S$80*(SUM(N76:R76)/SUM(N$80:R$80)) -> 182.52836 | ... AK76: =AK$80*(SUM(AF76:AJ76)/SUM(AF$80:AJ$80)) -> 227.63429
A77: October | B77: =B92+B29+B45-B61-B93 -> 514.021 | C77: =C92+C29+C45-C61-C93 -> 494.99888 | D77: =D92+D29+D45-D61-D93 -> 498.49147 | E77: =E92+E29+E45-E61-E93 -> 500.74839 | F77: =F92+F29+F45-F61-F93 -> 319.82837 | G77: =G92+G29+G45-G61-G93 -> 84.116861 | H77: =H92+H29+H45-H61-H93 -> 248.38764 | I77: =I92+I29+I45-I61-I93 -> 253.18908 | ... K77: =K92+K29+K45-K61-K93 -> 351.17164 | L77: =L$80*(SUM(G77:K77)/SUM(G$80:K$80))+100 -> 352.51851 | M77: =M$80*(SUM(H77:L77)/SUM(H$80:L$80)) -> 291.28775 | N77: =N$80*(SUM(I77:M77)/SUM(I$80:M$80)) -> 297.50884 | O77: =O$80*(SUM(J77:N77)/SUM(J$80:N$80)) -> 300.85926 | P77: =P$80*(SUM(K77:O77)/SUM(K$80:O$80)) -> 326.82051 | Q77: =Q$80*(SUM(L77:P77)/SUM(L$80:P$80)) -> 323.79864 | R77: =R$80*(SUM(M77:Q77)/SUM(M$80:Q$80)) -> 315.00361 | S77: =S$80*(SUM(N77:R77)/SUM(N$80:R$80)) -> 317.4668 | T77: =T$80*(SUM(O77:S77)/SUM(O$80:S$80)) -> 325.2752 | ... AK77: =AK$80*(SUM(AF77:AJ77)/SUM(AF$80:AJ$80)) -> 399.74716
A78: November | B78: =B93+B30+B46-B62-B94 -> 553.89608 | C78: =C93+C30+C46-C62-C94 -> 456.88678 | D78: =D93+D30+D46-D62-D94 -> 470.96613 | E78: =E93+E30+E46-E62-E94 -> 440.90367 | F78: =F93+F30+F46-F62-F94 -> 279.0793 | G78: =G93+G30+G46-G62-G94 -> 184.02558 | H78: =H93+H30+H46-H62-H94 -> 365.38116 | I78: =I93+I30+I46-I62-I94 -> 249.50023 | ... K78: =K93+K30+K46-K62-K94 -> 330.80086 | L78: =L$80*(SUM(G78:K78)/SUM(G$80:K$80))+50 -> 364.66498 | M78: =M$80*(SUM(H78:L78)/SUM(H$80:L$80)) -> 331.40903 | N78: =N$80*(SUM(I78:M78)/SUM(I$80:M$80)) -> 321.64482 | O78: =O$80*(SUM(J78:N78)/SUM(J$80:N$80)) -> 330.10547 | P78: =P$80*(SUM(K78:O78)/SUM(K$80:O$80)) -> 344.31262 | Q78: =Q$80*(SUM(L78:P78)/SUM(L$80:P$80)) -> 349.21187 | R78: =R$80*(SUM(M78:Q78)/SUM(M$80:Q$80)) -> 342.90075 | S78: =S$80*(SUM(N78:R78)/SUM(N$80:R$80)) -> 342.67443 | T78: =T$80*(SUM(O78:S78)/SUM(O$80:S$80)) -> 350.99748 | ... AK78: =AK$80*(SUM(AF78:AJ78)/SUM(AF$80:AJ$80)) -> 431.40557
A79: December | B79: =B94+B31+B47-B63-B95 -> 381.89288 | C79: =C94+C31+C47-C63-C95 -> 440.56912 | D79: =D94+D31+D47-D63-D95 -> 445.217 | E79: =E94+E31+E47-E63-E95 -> 373.86207 | F79: =F94+F31+F47-F63-F95 -> 344.59896 | G79: =G94+G31+G47-G63-G95 -> 261.5685 | H79: =H94+H31+H47-H63-H95 -> 302.27452 | I79: =I94+I31+I47-I63-I95 -> 281.52567 | ... K79: =K94+K31+K47-K63-K95 -> 187.32371 | L79: =L80-(SUM(L68:L78)) -> 228.80284 | M79: =M80-(SUM(M68:M78)) -> 258.30425 | N79: =N80-(SUM(N68:N78)) -> 247.13508 | O79: =O80-(SUM(O68:O78)) -> 235.69883 | P79: =P80-(SUM(P68:P78)) -> 237.37333 | Q79: =Q80-(SUM(Q68:Q78)) -> 249.15744 | R79: =R80-(SUM(R68:R78)) -> 251.07214 | S79: =S80-(SUM(S68:S78)) -> 247.73046 | ... AK79: =AK80-(SUM(AK68:AK78)) -> 309.91359
A80: Total | B80: =SUM(B68:B79) -> 5854.6317 | C80: =SUM(C68:C79) -> 5612.6495 | D80: =SUM(D68:D79) -> 5300.0052 | E80: =SUM(E68:E79) -> 5531.2951 | F80: =SUM(F68:F79) -> 4046.6798 | G80: =SUM(G68:G79) -> 2105.159 | H80: =SUM(H68:H79) -> 2767.8198 | I80: =SUM(I68:I79) -> 3540.6419 | ... K80: =SUM(K68:K79) -> 3207.2341 | L80: 3250 | M80: 3275 | N80: 3350 | O80: 3250 | P80: 3350 | Q80: 3400 | R80: 3400 | S80: 3400 | T80: 3450 | U80: 3500 | V80: 3500 | W80: 3550 | X80: 3600 | Y80: 3650 | Z80: 3700 | AA80: 3750 | AB80: 3800 | AC80: 3850 | AD80: 3900 | AE80: 3950 | AF80: 4000 | AG80: 4050 | AH80: 4100 | AI80: 4150 | AJ80: 4200 | AK80: 4250
B81: =B7 -> 5854.6317 | C81: =C7 -> 5612.6495 | D81: =D7 -> 5300.0052 | E81: =E7 -> 5531.2951 | F81: =F7 -> 4046.6798 | G81: =G7 -> 2105.159 | H81: =H7 -> 2767.8198 | I81: =I7 -> 3540.6419 | ... U81: =U7 -> 3500
A82: Brazil Jet Fuel End-of-Month Stocks
A83: thousand tonnes | B83: =B2 -> 2015 | C83: =C2 -> 2016 | D83: =D2 -> 2017 | E83: =E2 -> 2018 | F83: =F2 -> 2019 | G83: =G2 -> 2020 | H83: =H2 -> 2021 | I83: =I2 -> 2022 | ... AK83: =AK2 -> 2050
A84: January | B84: =B20*('[1]Jet Fuel'!$B85/'[1]Jet Fuel'!$B21) -> 344.13582 | C84: =C20*('[1]Jet Fuel'!$B85/'[1]Jet Fuel'!$B21) -> 331.80838 | D84: =D20*('[1]Jet Fuel'!$B85/'[1]Jet Fuel'!$B21) -> 354.33411 | E84: =E20*('[1]Jet Fuel'!B85/'[1]Jet Fuel'!B21) -> 444.55837 | F84: =F20*('[1]Jet Fuel'!C85/'[1]Jet Fuel'!C21) -> 359.90543 | G84: =G20*('[1]Jet Fuel'!D85/'[1]Jet Fuel'!D21) -> 354.27769 | H84: =H20*('[1]Jet Fuel'!E85/'[1]Jet Fuel'!E21) -> 355.78055 | I84: =I20*('[1]Jet Fuel'!F85/'[1]Jet Fuel'!F21) -> 309.486 | J84: =J20*('[1]Jet Fuel'!G85/'[1]Jet Fuel'!G21) -> 235.65719 | K84: =K20*('[1]Jet Fuel'!H85/'[1]Jet Fuel'!H21) -> 342.04653 | L84: =L20*('[1]Jet Fuel'!I85/'[1]Jet Fuel'!I21) -> 375.75144 | M84: =L95+M20+M36-M52-M68 -> 352.38604 | N84: =M95+N20+N36-N52-N68 -> 486.25625 | O84: =N95+O20+O36-O52-O68 -> 269.18215 | P84: =O95+P20+P36-P52-P68 -> 425.36743 | Q84: =P95+Q20+Q36-Q52-Q68 -> 472.83325 | R84: =Q95+R20+R36-R52-R68 -> 437.14231 | S84: =R95+S20+S36-S52-S68 -> 485.24721 | T84: =S95+T20+T36-T52-T68 -> 402.01359 | ... AK84: =AJ95+AK20+AK36-AK52-AK68 -> 1140.076
