Workbook

Sheet Data Sources
A2: Data Series and Source | B2: Link | C2: Web Page
A3: StatCan - Monthly Renewable fuel plant statistics | B3: Add/Remove data - Renewable fuel plant statistics, supply and disposition, monthly (statcan.gc.ca) | C3: Table: 25-10-0082-01
A4: StatCan - Energy products which include Renewables | B4: Add/Remove data - Petroleum products by supply and disposition, monthly (statcan.gc.ca) | C4: Table: 25-10-0081-01
A5: USDA FAS Report 8/14/23 | B5: chrome-extension://efaidnbmnnnibpcajpcglclefindmkaj/https://apps.fas.usda.gov/newgainapi/api/Report/DownloadReportByFileName?fileName=Biofuels%20Annual_Ottawa_Canada_CA2023-0030.pdf
A9: Stock change, disposition: The difference between stocks at the beginning of the month and stocks at the end of the month. A negative number indicates a decrease in stocks and a positive number indicates an increase in stocks.
A10: Products supplied, disposition: Approximately represents consumption of petroleum products because it measures the disappearance of these products from primary sources, i.e., refineries, natural gas processing plants, blending plants, pipelines, and terminals. In general, product supplied of each product in any given period is computed as follows: field production, plus renewable fuels plant net production, plus refinery and blender net production, plus imports, plus net receipts, plus adjustments, minus stock change, minus refinery and blender net inputs, minus exports.
A11: Ending stocks: Inventories of fuel stored for future use. Stocks are reported as of the last day of the month.
A14: 1 megalitre = 1000 m3
A15: 1 m3 = 264.172 gallons
A16: 1 m3 = 264.172 gallons
A17: 1 gallon = 3.31 kg | B17: biodiesel fuel conversion
A18: 1000 kg = 1 tonne
A19: 1 tonne = 285,982 gallons | B19: Diesel fuel conversion
A20: 1 gal= 3.7854 liters | B20: Diesel fuel conversion

Sheet Capacity
B1: BD | C1: RD | D1: Combined | E1: 0.26417 | F1: Convert litres to gallons
A2: 40544 | C2: 0 | D2: =C2+B2 -> 0
A3: 40575 | C3: 0 | D3: =C3+B3 -> 0
A4: 40603 | C4: 0 | D4: =C4+B4 -> 0
A5: 40634 | C5: 0 | D5: =C5+B5 -> 0
A6: 40664 | C6: 0 | D6: =C6+B6 -> 0
A7: 40695 | C7: 0 | D7: =C7+B7 -> 0
A8: 40725 | C8: 0 | D8: =C8+B8 -> 0
A9: 40756 | C9: 0 | D9: =C9+B9 -> 0
A10: 40787 | C10: 0 | D10: =C10+B10 -> 0
A11: 40817 | C11: 0 | D11: =C11+B11 -> 0
A12: 40848 | C12: 0 | D12: =C12+B12 -> 0
A13: 40878 | C13: 0 | D13: =C13+B13 -> 0
... A49: 41974 | C49: 0 | D49: =C49+B49 -> 0
A50: 42005 | B50: =400/12*$E$1 -> 8.8056667 | C50: 0 | D50: =C50+B50 -> 8.8056667
A51: 42036 | B51: =400/12*$E$1 -> 8.8056667 | C51: 0 | D51: =C51+B51 -> 8.8056667
A52: 42064 | B52: =400/12*$E$1 -> 8.8056667 | C52: 0 | D52: =C52+B52 -> 8.8056667
A53: 42095 | B53: =400/12*$E$1 -> 8.8056667 | C53: 0 | D53: =C53+B53 -> 8.8056667
A54: 42125 | B54: =400/12*$E$1 -> 8.8056667 | C54: 0 | D54: =C54+B54 -> 8.8056667
A55: 42156 | B55: =400/12*$E$1 -> 8.8056667 | C55: 0 | D55: =C55+B55 -> 8.8056667
A56: 42186 | B56: =400/12*$E$1 -> 8.8056667 | C56: 0 | D56: =C56+B56 -> 8.8056667
A57: 42217 | B57: =400/12*$E$1 -> 8.8056667 | C57: 0 | D57: =C57+B57 -> 8.8056667
A58: 42248 | B58: =400/12*$E$1 -> 8.8056667 | C58: 0 | D58: =C58+B58 -> 8.8056667
A59: 42278 | B59: =400/12*$E$1 -> 8.8056667 | C59: 0 | D59: =C59+B59 -> 8.8056667
A60: 42309 | B60: =400/12*$E$1 -> 8.8056667 | C60: 0 | D60: =C60+B60 -> 8.8056667
A61: 42339 | B61: =400/12*$E$1 -> 8.8056667 | C61: 0 | D61: =C61+B61 -> 8.8056667
A62: 42370 | B62: =550/12*$E$1 -> 12.107792 | C62: 0 | D62: =C62+B62 -> 12.107792
A63: 42401 | B63: =550/12*$E$1 -> 12.107792 | C63: 0 | D63: =C63+B63 -> 12.107792
A64: 42430 | B64: =550/12*$E$1 -> 12.107792 | C64: 0 | D64: =C64+B64 -> 12.107792
A65: 42461 | B65: =550/12*$E$1 -> 12.107792 | C65: 0 | D65: =C65+B65 -> 12.107792
A66: 42491 | B66: =550/12*$E$1 -> 12.107792 | C66: 0 | D66: =C66+B66 -> 12.107792
A67: 42522 | B67: =550/12*$E$1 -> 12.107792 | C67: 0 | D67: =C67+B67 -> 12.107792
A68: 42552 | B68: =550/12*$E$1 -> 12.107792 | C68: 0 | D68: =C68+B68 -> 12.107792
A69: 42583 | B69: =550/12*$E$1 -> 12.107792 | C69: 0 | D69: =C69+B69 -> 12.107792
A70: 42614 | B70: =550/12*$E$1 -> 12.107792 | C70: 0 | D70: =C70+B70 -> 12.107792
A71: 42644 | B71: =550/12*$E$1 -> 12.107792 | C71: 0 | D71: =C71+B71 -> 12.107792
A72: 42675 | B72: =550/12*$E$1 -> 12.107792 | C72: 0 | D72: =C72+B72 -> 12.107792
A73: 42705 | B73: =550/12*$E$1 -> 12.107792 | C73: 0 | D73: =C73+B73 -> 12.107792
A74: 42736 | B74: =591/12*$E$1 -> 13.010373 | C74: 0 | D74: =C74+B74 -> 13.010373
A75: 42767 | B75: =591/12*$E$1 -> 13.010373 | C75: 0 | D75: =C75+B75 -> 13.010373
A76: 42795 | B76: =591/12*$E$1 -> 13.010373 | C76: 0 | D76: =C76+B76 -> 13.010373
A77: 42826 | B77: =591/12*$E$1 -> 13.010373 | C77: 0 | D77: =C77+B77 -> 13.010373
A78: 42856 | B78: =591/12*$E$1 -> 13.010373 | C78: 0 | D78: =C78+B78 -> 13.010373
A79: 42887 | B79: =591/12*$E$1 -> 13.010373 | C79: 0 | D79: =C79+B79 -> 13.010373
A80: 42917 | B80: =591/12*$E$1 -> 13.010373 | C80: 0 | D80: =C80+B80 -> 13.010373
A81: 42948 | B81: =591/12*$E$1 -> 13.010373 | C81: 0 | D81: =C81+B81 -> 13.010373
A82: 42979 | B82: =591/12*$E$1 -> 13.010373 | C82: 0 | D82: =C82+B82 -> 13.010373
A83: 43009 | B83: =591/12*$E$1 -> 13.010373 | C83: 0 | D83: =C83+B83 -> 13.010373
A84: 43040 | B84: =591/12*$E$1 -> 13.010373 | C84: 0 | D84: =C84+B84 -> 13.010373
A85: 43070 | B85: =591/12*$E$1 -> 13.010373 | C85: 0 | D85: =C85+B85 -> 13.010373
A86: 43101 | B86: =678/12*$E$1 -> 14.925605 | C86: 0 | D86: =C86+B86 -> 14.925605
A87: 43132 | B87: =678/12*$E$1 -> 14.925605 | C87: 0 | D87: =C87+B87 -> 14.925605
A88: 43160 | B88: =678/12*$E$1 -> 14.925605 | C88: 0 | D88: =C88+B88 -> 14.925605
A89: 43191 | B89: =678/12*$E$1 -> 14.925605 | C89: 0 | D89: =C89+B89 -> 14.925605
A90: 43221 | B90: =678/12*$E$1 -> 14.925605 | C90: 0 | D90: =C90+B90 -> 14.925605
A91: 43252 | B91: =678/12*$E$1 -> 14.925605 | C91: 0 | D91: =C91+B91 -> 14.925605
A92: 43282 | B92: =678/12*$E$1 -> 14.925605 | C92: 0 | D92: =C92+B92 -> 14.925605
A93: 43313 | B93: =678/12*$E$1 -> 14.925605 | C93: 0 | D93: =C93+B93 -> 14.925605
A94: 43344 | B94: =678/12*$E$1 -> 14.925605 | C94: 0 | D94: =C94+B94 -> 14.925605
A95: 43374 | B95: =678/12*$E$1 -> 14.925605 | C95: 0 | D95: =C95+B95 -> 14.925605
A96: 43405 | B96: =678/12*$E$1 -> 14.925605 | C96: 0 | D96: =C96+B96 -> 14.925605
A97: 43435 | B97: =678/12*$E$1 -> 14.925605 | C97: 0 | D97: =C97+B97 -> 14.925605
A98: 43466 | B98: =704/12*$E$1 -> 15.497973 | C98: 0 | D98: =C98+B98 -> 15.497973
A99: 43497 | B99: =704/12*$E$1 -> 15.497973 | C99: 0 | D99: =C99+B99 -> 15.497973
A100: 43525 | B100: =704/12*$E$1 -> 15.497973 | C100: 0 | D100: =C100+B100 -> 15.497973
A101: 43556 | B101: =704/12*$E$1 -> 15.497973 | C101: 0 | D101: =C101+B101 -> 15.497973
A102: 43586 | B102: =704/12*$E$1 -> 15.497973 | C102: 0 | D102: =C102+B102 -> 15.497973
A103: 43617 | B103: =704/12*$E$1 -> 15.497973 | C103: 0 | D103: =C103+B103 -> 15.497973
A104: 43647 | B104: =704/12*$E$1 -> 15.497973 | C104: 0 | D104: =C104+B104 -> 15.497973
A105: 43678 | B105: =704/12*$E$1 -> 15.497973 | C105: 0 | D105: =C105+B105 -> 15.497973
A106: 43709 | B106: =704/12*$E$1 -> 15.497973 | C106: 0 | D106: =C106+B106 -> 15.497973
A107: 43739 | B107: =704/12*$E$1 -> 15.497973 | C107: 0 | D107: =C107+B107 -> 15.497973
A108: 43770 | B108: =704/12*$E$1 -> 15.497973 | C108: 0 | D108: =C108+B108 -> 15.497973
A109: 43800 | B109: =704/12*$E$1 -> 15.497973 | C109: 0 | D109: =C109+B109 -> 15.497973
A110: 43831 | B110: =686/12*$E$1 -> 15.101718 | C110: 0 | D110: =C110+B110 -> 15.101718
A111: 43862 | B111: =686/12*$E$1 -> 15.101718 | C111: 0 | D111: =C111+B111 -> 15.101718
A112: 43891 | B112: =686/12*$E$1 -> 15.101718 | C112: 0 | D112: =C112+B112 -> 15.101718
A113: 43922 | B113: =686/12*$E$1 -> 15.101718 | C113: 0 | D113: =C113+B113 -> 15.101718
A114: 43952 | B114: =686/12*$E$1 -> 15.101718 | C114: 0 | D114: =C114+B114 -> 15.101718
A115: 43983 | B115: =686/12*$E$1 -> 15.101718 | C115: 0 | D115: =C115+B115 -> 15.101718
A116: 44013 | B116: =686/12*$E$1 -> 15.101718 | C116: 0 | D116: =C116+B116 -> 15.101718
A117: 44044 | B117: =686/12*$E$1 -> 15.101718 | C117: 0 | D117: =C117+B117 -> 15.101718
A118: 44075 | B118: =686/12*$E$1 -> 15.101718 | C118: 0 | D118: =C118+B118 -> 15.101718
A119: 44105 | B119: =686/12*$E$1 -> 15.101718 | C119: 0 | D119: =C119+B119 -> 15.101718
A120: 44136 | B120: =686/12*$E$1 -> 15.101718 | C120: 0 | D120: =C120+B120 -> 15.101718
A121: 44166 | B121: =686/12*$E$1 -> 15.101718 | C121: 0 | D121: =C121+B121 -> 15.101718
... A145: 44896 | B145: =686/12*$E$1 -> 15.101718 | C145: 0 | D145: =C145+B145 -> 15.101718
A146: 44927 | B146: =671/12*$E$1 -> 14.771506 | C146: 0 | D146: =C146+B146 -> 14.771506
A147: 44958 | B147: =671/12*$E$1 -> 14.771506 | C147: 0 | D147: =C147+B147 -> 14.771506
A148: 44986 | B148: =671/12*$E$1 -> 14.771506 | C148: 0 | D148: =C148+B148 -> 14.771506
A149: 45017 | B149: =671/12*$E$1 -> 14.771506 | C149: 0 | D149: =C149+B149 -> 14.771506
A150: 45047 | B150: =671/12*$E$1 -> 14.771506 | C150: 0 | D150: =C150+B150 -> 14.771506
A151: 45078 | B151: =671/12*$E$1 -> 14.771506 | C151: 0 | D151: =C151+B151 -> 14.771506
A152: 45108 | B152: =671/12*$E$1 -> 14.771506 | C152: 0 | D152: =C152+B152 -> 14.771506
A153: 45139 | B153: =671/12*$E$1 -> 14.771506 | C153: 4 | D153: =C153+B153 -> 18.771506
A154: 45170 | B154: =671/12*$E$1 -> 14.771506 | C154: 4 | D154: =C154+B154 -> 18.771506
A155: 45200 | B155: =671/12*$E$1 -> 14.771506 | C155: 4 | D155: =C155+B155 -> 18.771506
A156: 45231 | B156: =671/12*$E$1 -> 14.771506 | C156: 4 | D156: =C156+B156 -> 18.771506
A157: 45261 | B157: =671/12*$E$1 -> 14.771506 | C157: 4 | D157: =C157+B157 -> 18.771506
A158: 45292 | B158: =671/12*$E$1 -> 14.771506 | C158: =(45)/12 -> 3.75 | D158: =C158+B158 -> 18.521506
...

Sheet annual_data
A1: Annual Total | B1: USDA Canada Biofuels Annual | J1: Jet Fuel | K1: 25-10-0030-01 | O1: Distillate fuel oil - Middle Distillate | P1: 25-10-0030-01 | T1: Renewable Diesel - exports not available on these codes - could be the fact that there are no exports
A2: megalitre = 1000 cubic meter | B2: Biodiesel Production | C2: Biodiesel Imports | D2: Biodiesel Consumption | E2: Biodiesel Exports | F2: Renewable Diesel Production | G2: Renewable Diesel Imports | H2: Renewable Diesel Consumption | I2: Renewable Diesel Exports | J2: Production | K2: Exports | L2: Imports | M2: Stock variation | N2: Total Airline Usage | O2: Diesel fuel oil, secondary energy | P2: Imports, supply | Q2: Stock variation | R2: Exports, disposition | S2: Energy Use, final demand | T2: Imports (GTT) Codes 2710199923, 2710199993
B3: mm liters | C3: mm liters | D3: mm liters | E3: mm liters | G3: mm liters | H3: mm liters | I3: mm liters | J3: Megalitres | K3: Megalitres | L3: Megalitres | M3: Megalitres | N3: Megalitres | O3: Megalitres | P3: Megalitres | Q3: Megalitres | R3: Megalitres | S3: Megalitres | T3: cubic meters
A4: 2014 | J4: 5140.4 | N4: 6536.3 | O4: 28772.3 | Q4: 228.1 | R4: 3825.4 | S4: 29504
A5: 2015 | B5: 397 | C5: 281 | D5: 411 | E5: 267 | F5: 0 | G5: 224 | H5: 224 | I5: 0 | J5: 5288.4 | N5: 6687.6 | O5: 28800.1 | Q5: -349.1 | S5: 29242.8
A6: 2016 | B6: 464 | C6: 262 | D6: 271 | E6: 455 | F6: 0 | G6: 261 | H6: 261 | I6: 0 | J6: 5635.3 | K6: 828.8 | L6: 2715.4 | M6: -5.2 | N6: 6831.7 | O6: 28526.1 | Q6: -240.9 | S6: 27938.1
A7: 2017 | B7: 397 | C7: 300 | D7: 347 | E7: 350 | F7: 0 | G7: 411 | H7: 411 | I7: 0 | J7: 6975.9 | K7: 1362 | L7: 2443.1 | M7: 34.8 | N7: 7446.5 | O7: 31382.9 | P7: 1329.9 | Q7: 76.2 | R7: 4795 | S7: 30006.8
A8: 2018 | B8: 308 | C8: 391 | D8: 390 | E8: 309 | F8: 0 | G8: 358 | H8: 358 | I8: 0 | J8: 6867.8 | K8: 1410.1 | L8: 3611.8 | M8: 81.4 | N8: 8443.7 | O8: 30684.9 | P8: 2105.8 | Q8: 81.2 | R8: 4188.9 | S8: 31334.2
A9: 2019 | B9: 359 | C9: 344 | D9: 361 | E9: 342 | F9: 0 | G9: 380 | H9: 380 | I9: 0 | J9: 6861.9 | K9: 1325.5 | L9: 3922.9 | M9: -11.3 | N9: 8469.7 | O9: 38824.4 | P9: 1391 | Q9: -37.2 | R9: 8957.9 | S9: 31167.4
A10: 2020 | B10: 458 | C10: 384 | D10: 391 | E10: 451 | F10: 0 | G10: 500 | H10: 500 | I10: 0 | J10: 3205.6 | K10: 525.9 | L10: 1365.3 | M10: -52.1 | N10: 3780.5 | O10: 37983.1 | P10: 918.8 | Q10: 88.4 | R10: 8716.2 | S10: 27600.9
A11: 2021 | B11: 431 | C11: 422 | D11: 412 | E11: 441 | F11: 0 | G11: 472 | H11: 482 | I11: 0 | J11: 3819.5 | K11: 497.8 | L11: 1128.1 | M11: 1.4 | N11: 4083.9 | O11: 38100 | P11: 1178 | Q11: -107.6 | R11: 8643.8 | S11: 29046.8
A12: 2022 | B12: 369 | C12: 400 | D12: 390 | E12: 379 | F12: 0 | G12: 380 | H12: 380 | I12: 0 | J12: 5490.1 | K12: 417.9 | L12: 2311.2 | M12: -44.8 | N12: 6689.5 | O12: 40039.6 | P12: 994.4 | Q12: -110.9 | R12: 8988.5 | S12: 29929.5 | T12: 142080
A13: 2023 | B13: 496 | C13: 547 | D13: 525 | E13: 518 | F13: 14 | G13: 851 | H13: 865 | I13: 0 | J13: 6252.2 | K13: 425.1 | L13: 2684.5 | M13: 44.8 | N13: 7853.1 | O13: 40735.7 | P13: 825.3 | Q13: 275.5 | R13: 9406.7 | S13: 29197.4 | T13: 418766
A14: 2024 | B14: 460 | C14: 541 | D14: 491 | E14: 510 | F14: 687 | G14: 1382 | H14: 1619 | I14: 450 | T14: 1001436

Sheet monthly_data
C1: Renewable fuels except fuel ethanol | I1: Jet Fuel | O1: Fuel Oil-Distillate-Diesel | U1: Renewable Diesel | V1: Biodiesel | W1: Biodiesel
C2: RD Production | D2: Imports | E2: Stock Change | F2: Exports | G2: Total Supply | H2: Ending stocks | I2: Production | J2: Imports | K2: Stock Change | L2: Exports | M2: Products Supply | N2: Ending Stocks | O2: Production | P2: Imports | Q2: Stock Change | R2: Exports | S2: Total Supply | T2: Ending Stocks | U2: Imports (GTT) Codes 2710199923, 2710199993 | V2: Imports (GTT) Code 3826 | W2: Exports (GTT) Code 3826
C3: cubic meters | D3: cubic meters | E3: cubic meters | F3: cubic meters | G3: cubic meters | H3: cubic meters | I3: cubic meters | J3: cubic meters | K3: cubic meters | L3: cubic meters | M3: cubic meters | N3: cubic meters | O3: cubic meters | P3: cubic meters | Q3: cubic meters | R3: cubic meters | S3: cubic meters | T3: cubic meters | U3: cubic meters | V3: kg | W3: kg
A4: 42005 | B4: 2015 | I4: 422000 | M4: 566000 | N4: 504000 | O4: 2410000 | S4: 2424000 | T4: 2525000 | V4: 3011106 | W4: 12173886
A5: 42036 | B5: 2015 | I5: 364000 | M5: 596000 | N5: 422000 | O5: 2311000 | S5: 2409000 | T5: 2262000 | V5: 17563487 | W5: 11454286
A6: 42064 | B6: 2015 | I6: 425000 | M6: 606000 | N6: 394000 | O6: 2461000 | S6: 2353000 | T6: 2490000 | V6: 39917115 | W6: 14863062
A7: 42095 | B7: 2015 | I7: 409000 | M7: 582000 | N7: 442000 | O7: 2024000 | S7: 2179000 | T7: 2416000 | V7: 33853067 | W7: 8834204
A8: 42125 | B8: 2015 | I8: 574000 | M8: 570000 | N8: 486000 | O8: 2004000 | S8: 2571000 | T8: 2216000 | V8: 50571853 | W8: 15804446
A9: 42156 | B9: 2015 | I9: 542000 | M9: 657000 | N9: 450000 | O9: 2334000 | S9: 2517000 | T9: 1758000 | V9: 64556464 | W9: 17868934
A10: 42186 | B10: 2015 | I10: 585000 | M10: 722000 | N10: 396000 | O10: 2436000 | S10: 2484000 | T10: 1758000 | V10: 34872113 | W10: 43983880
A11: 42217 | B11: 2015 | I11: 560000 | M11: 755000 | N11: 470000 | O11: 2575000 | S11: 2570000 | T11: 1911000 | V11: 35006100 | W11: 16851795
A12: 42248 | B12: 2015 | I12: 410000 | M12: 615000 | N12: 407000 | O12: 2359000 | S12: 2659000 | T12: 1660000 | V12: 32814679 | W12: 8260275
A13: 42278 | B13: 2015 | I13: 338000 | M13: 596000 | N13: 464000 | O13: 2404000 | S13: 2577000 | T13: 1591000 | V13: 16695842 | W13: 23361976
A14: 42309 | B14: 2015 | I14: 330000 | M14: 521000 | N14: 473000 | O14: 2332000 | S14: 2262000 | T14: 1800000 | V14: 5123941 | W14: 26879099
A15: 42339 | B15: 2015 | I15: 406000 | M15: 586000 | N15: 459000 | O15: 2430000 | S15: 2301000 | T15: 2066000 | V15: 4654502 | W15: 10142165
... A51: 43435 | B51: 2018 | I51: 452000 | M51: 703000 | N51: 568000 | O51: 2882000 | S51: 2643000 | T51: 1983000 | V51: 37991694 | W51: 14319563
A52: 43466 | B52: 2019 | C52: 0 | D52: 27778 | E52: -12649 | F52: 21236 | G52: 0 | I52: 501597 | J52: 310329 | K52: -32928 | L52: 74848 | M52: 770006 | N52: 431934 | O52: 3257732 | P52: 129730 | Q52: -102030 | R52: 608598 | S52: 2880894 | T52: 2390238 | V52: 24458604 | W52: 18699137
A53: 43497 | B53: 2019 | C53: 0 | D53: 8190 | E53: -3879 | F53: 18433 | G53: 0 | I53: 511015 | J53: 263596 | K53: 53458 | L53: 71927 | M53: 649226 | N53: 485392 | O53: 3078030 | P53: 67839 | Q53: -66729 | R53: 803330 | S53: 2409268 | T53: 2323509 | V53: 7211748 | W53: 16230768
A54: 43525 | B54: 2019 | C54: 0 | D54: 64155 | E54: 26093 | F54: 32528 | G54: 0 | I54: 602737 | J54: 261799 | K54: 37429 | L54: 117498 | M54: 709609 | N54: 522821 | O54: 3499539 | P54: 44968 | Q54: 59063 | R54: 813895 | S54: 2671549 | T54: 2382572 | V54: 56491182 | W54: 28642077
A55: 43556 | B55: 2019 | C55: 0 | D55: 74757 | E55: -18278 | F55: 23637 | G55: 0 | I55: 614400 | J55: 327552 | K55: -5468 | L55: 120612 | M55: 826808 | N55: 517353 | O55: 2851654 | P55: 191232 | Q55: 3090 | R55: 632227 | S55: 2407569 | T55: 2385662 | V55: 65825832 | W55: 20813442
A56: 43586 | B56: 2019 | C56: 0 | D56: 95256 | E56: 29312 | F56: 29532 | G56: 0 | I56: 617006 | J56: 284022 | K56: 7026 | L56: 182488 | M56: 711514 | N56: 524379 | O56: 2999696 | P56: 134257 | Q56: -249003 | R56: 648651 | S56: 2734305 | T56: 2136659 | V56: 83875726 | W56: 26004010
A57: 43617 | B57: 2019 | C57: 0 | D57: 47131 | E57: -19439 | F57: 29086 | G57: 0 | I57: 697397 | J57: 393580 | K57: 11653 | L57: 193595 | M57: 885729 | N57: 536032 | O57: 3248472 | P57: 135987 | Q57: 76779 | R57: 641582 | S57: 2666098 | T57: 2213438 | V57: 41500725 | W57: 25611499
A58: 43647 | B58: 2019 | C58: 0 | D58: 61823 | E58: -253 | F58: 31879 | G58: 0 | I58: 721694 | J58: 237899 | K58: -22765 | L58: 137798 | M58: 844560 | N58: 513267 | O58: 3429473 | P58: 218700 | Q58: 230031 | R58: 598963 | S58: 2819179 | T58: 2443469 | V58: 54436991 | W58: 28069543
A59: 43678 | B59: 2019 | C59: 0 | D59: 74863 | E59: -1314 | F59: 19754 | G59: 0 | I59: 710579 | J59: 403427 | K59: 46456 | L59: 95309 | M59: 972241 | N59: 559723 | O59: 3634410 | P59: 83328 | Q59: -37991 | R59: 830789 | S59: 2924940 | T59: 2405478 | V59: 65919868 | W59: 17393652
A60: 43709 | B60: 2019 | C60: 0 | D60: 58649 | E60: -3336 | F60: 25582 | G60: 0 | I60: 508325 | J60: 363044 | K60: -89212 | L60: 101109 | M60: 859472 | N60: 470511 | O60: 3270454 | P60: 102561 | Q60: -128291 | R60: 690363 | S60: 2810943 | T60: 2277187 | V60: 51643197 | W60: 22526172
A61: 43739 | B61: 2019 | C61: 0 | D61: 22971 | E61: 33514 | F61: 37749 | G61: 0 | I61: 470987 | J61: 330493 | K61: -41716 | L61: 91617 | M61: 751579 | N61: 428795 | O61: 3536322 | P61: 146527 | Q61: -134576 | R61: 845298 | S61: 2972127 | T61: 2142611 | V61: 20226548 | W61: 33239779
A62: 43770 | B62: 2019 | C62: 0 | D62: 27160 | E62: 97 | F62: 32799 | G62: 0 | I62: 399590 | J62: 310375 | K62: -25520 | L62: 71439 | M62: 664046 | N62: 403220 | O62: 3533206 | P62: 97508 | Q62: 96817 | R62: 921370 | S62: 2612527 | T62: 2235753 | V62: 23915566 | W62: 28880330
A63: 43800 | B63: 2019 | C63: 0 | D63: 8133 | E63: 16151 | F63: 37618 | G63: 0 | I63: 410628 | J63: 436780 | K63: 36293 | L63: 67239 | M63: 743876 | N63: 439513 | O63: 3666841 | P63: 45570 | Q63: 153440 | R63: 922820 | S63: 2636151 | T63: 2389193 | V63: 7161577 | W63: 33123631
A64: 43831 | B64: 2020 | C64: 38613 | D64: 38750 | E64: 5288 | F64: 30036 | G64: 0 | H64: 11327 | I64: 450925 | J64: 320742 | K64: -68031 | L64: 57501 | M64: 782197 | N64: 371482 | O64: 3703479 | P64: 50344 | Q64: 35902 | R64: 1050262 | S64: 2662746 | T64: 2425095 | V64: 34119931 | W64: 26447490
A65: 43862 | B65: 2020 | C65: 35986 | D65: 24890 | E65: -10646 | F65: 33203 | G65: 0 | H65: 12243 | I65: 397689 | J65: 238229 | K65: 17469 | L65: 73059 | M65: 545390 | N65: 388951 | O65: 3400911 | P65: 81234 | Q65: -52790 | R65: 838309 | S65: 2688272 | T65: 2372305 | V65: 21916374 | W65: 29236324
A66: 43891 | B66: 2020 | C66: 32469 | D66: 33634 | E66: -5067 | F66: 31087 | G66: 0 | H66: 10933 | I66: 384559 | J66: 255712 | K66: 12372 | L66: 90975 | M66: 536924 | N66: 401323 | O66: 3626075 | P66: 110126 | Q66: 205112 | R66: 788832 | S66: 2711400 | T66: 2577417 | V66: 29615795 | W66: 27373286
A67: 43922 | B67: 2020 | C67: 35267 | D67: 76657 | E67: 19238 | F67: 36547 | G67: 0 | H67: 10644 | I67: 66683 | J67: 94216 | K67: 31898 | L67: 727 | M67: 128274 | N67: 433221 | O67: 2732108 | P67: 26626 | Q67: -180996 | R67: 929905 | S67: 1997216 | T67: 2396421 | V67: 67498746 | W67: 32180374
A68: 43952 | B68: 2020 | C68: 40458 | D68: 89221 | E68: -23637 | F68: 41344 | G68: 0 | H68: 10601 | I68: 104275 | J68: 19655 | K68: -47696 | L68: 22485 | M68: 149141 | N68: 385525 | O68: 3157261 | P68: 61781 | Q68: 67582 | R68: 755307 | S68: 2402844 | T68: 2464003 | V68: 78562561 | W68: 36404580
A69: 43983 | B69: 2020 | C69: 37559 | D69: 82580 | E69: 6168 | F69: 36712 | G69: 0 | H69: 11413 | I69: 211950 | J69: 32513 | K69: 2533 | L69: 61889 | M69: 180041 | N69: 388058 | O69: 2814616 | P69: 121092 | Q69: -30869 | R69: 544106 | S69: 2405061 | T69: 2433134 | V69: 72713672 | W69: 32326383
A70: 44013 | B70: 2020 | C70: 46540 | D70: 56815 | E70: -30388 | F70: 44451 | G70: 0 | H70: 11799 | I70: 298920 | J70: 44283 | K70: 11541 | L70: 43961 | M70: 287701 | N70: 399599 | O70: 3032382 | P70: 61232 | Q70: 19825 | R70: 496187 | S70: 2587972 | T70: 2452959 | V70: 50026839 | W70: 39140689
A71: 44044 | B71: 2020 | C71: 37526 | D71: 80144 | E71: 40553 | F71: 42520 | G71: 0 | H71: 10664 | I71: 245031 | J71: 73336 | K71: -3609 | L71: 32799 | M71: 289177 | N71: 395990 | O71: 2848511 | P71: 114047 | Q71: -244361 | R71: 435349 | S71: 2734503 | T71: 2208598 | V71: 70569033 | W71: 37440192
A72: 44075 | B72: 2020 | C72: 35703 | D72: 77359 | E72: 6083 | F72: 37398 | G72: 0 | H72: 10307 | I72: 261697 | J72: 61425 | K72: 16022 | L72: 22058 | M72: 285042 | N72: 412012 | O72: 3170926 | P72: 164728 | Q72: -195381 | R72: 674226 | S72: 2851049 | T72: 2013217 | V72: 68116477 | W72: 32930283
A73: 44105 | B73: 2020 | C73: 37064 | D73: 13849 | E73: -1850 | F73: 39111 | G73: 0 | H73: 8329 | I73: 198061 | J73: 52361 | K73: -53938 | L73: 40478 | M73: 263882 | N73: 358074 | O73: 3492286 | P73: 47945 | Q73: 241805 | R73: 633776 | S73: 2630154 | T73: 2255022 | V73: 12194796 | W73: 34437926
A74: 44136 | B74: 2020 | C74: 43882 | D74: 6878 | E74: -19840 | F74: 41934 | G74: 0 | H74: 11683 | I74: 253276 | J74: 85246 | K74: 20392 | L74: 39724 | M74: 278406 | N74: 378466 | O74: 3443764 | P74: 89963 | Q74: 32540 | R74: 598228 | S74: 2895438 | T74: 2287562 | V74: 6055473 | W74: 36923631
A75: 44166 | B75: 2020 | C75: 36743 | D75: 5693 | E75: 21388 | F75: 36548 | G75: 0 | H75: 8864 | I75: 251978 | J75: 87532 | K75: 8899 | L75: 40216 | M75: 290395 | N75: 387365 | O75: 3641415 | P75: 19525 | Q75: 187285 | R75: 971733 | S75: 2465242 | T75: 2474847 | V75: 5013232 | W75: 32181136
... A87: 44531 | B87: 2021 | C87: 42536 | D87: 10623 | E87: -13795 | F87: 39633 | G87: 0 | H87: 6926 | I87: 422236 | J87: 199297 | K87: -29251 | L87: 56613 | M87: 594171 | N87: 388765 | O87: 3552321 | P87: 39149 | Q87: 126965 | R87: 1005240 | S87: 2447647 | T87: 2355378 | V87: 9353982 | W87: 34897332
A88: 44562 | B88: 2022 | C88: 22151 | D88: 30520 | E88: 7336 | F88: 26748 | G88: 0 | H88: 3344 | I88: 375398 | J88: 56363 | K88: 19984 | L88: 41715 | M88: 370062 | N88: 408749 | O88: 3543683 | P88: 119298 | Q88: 3621 | R88: 932069 | S88: 2706334 | T88: 2358999 | U88: 87 | V88: 26840769 | W88: 23551938
A89: 44593 | B89: 2022 | C89: 21290 | D89: 13070 | E89: 10013 | F89: 20441 | G89: 0 | H89: 5583 | I89: 293739 | J89: 188049 | K89: 9145 | L89: 32055 | M89: 440588 | N89: 417894 | O89: 3330914 | P89: 45670 | Q89: -151564 | R89: 794402 | S89: 2698771 | T89: 2207435 | U89: 15 | V89: 11503063 | W89: 17998945
A90: 44621 | B90: 2022 | C90: 27876 | D90: 24073 | E90: -16095 | F90: 28340 | G90: 0 | H90: 4479 | I90: 354064 | J90: 177776 | K90: -76147 | L90: 76785 | M90: 531202 | N90: 341747 | O90: 3584002 | P90: 75058 | Q90: 82497 | R90: 801009 | S90: 2768939 | T90: 2289932 | U90: 1236 | V90: 20688141 | W90: 24954524
A91: 44652 | B91: 2022 | C91: 27449 | D91: 68235 | E91: 40189 | F91: 30549 | G91: 0 | H91: 3956 | I91: 503523 | J91: 80271 | K91: -8880 | L91: 56347 | M91: 536327 | N91: 332867 | O91: 3130606 | P91: 86060 | Q91: 352 | R91: 690022 | S91: 2491568 | T91: 2290284 | U91: 12676 | V91: 60606235 | W91: 26900098
A92: 44682 | B92: 2022 | C92: 27184 | D92: 82339 | E92: 9416 | F92: 26544 | G92: 0 | H92: 4560 | I92: 551912 | J92: 67931 | K92: 20366 | L92: 67886 | M92: 531591 | N92: 353233 | O92: 2933655 | P92: 155543 | Q92: -232670 | R92: 723417 | S92: 2608770 | T92: 2057614 | U92: 16107 | V92: 69376476 | W92: 23372835
A93: 44713 | B93: 2022 | C93: 28041 | D93: 85183 | E93: -433 | F93: 28437 | G93: 0 | H93: 4341 | I93: 504674 | J93: 202464 | K93: -31541 | L93: 23827 | M93: 714852 | N93: 321692 | O93: 3171199 | P93: 59249 | Q93: -92758 | R93: 580910 | S93: 2717449 | T93: 1964856 | U93: 7903 | V93: 68050970 | W93: 25040172
A94: 44743 | B94: 2022 | C94: 26862 | D94: 89918 | E94: -41147 | F94: 30612 | G94: 0 | H94: 3591 | I94: 596198 | J94: 269696 | K94: 12391 | L94: 27811 | M94: 825692 | N94: 334083 | O94: 3633269 | P94: 94364 | Q94: 180935 | R94: 833760 | S94: 2721408 | T94: 2145791 | U94: 8259 | V94: 71959435 | W94: 26954958
A95: 44774 | B95: 2022 | C95: 28279 | D95: 109886 | E95: 18362 | F95: 30591 | G95: 0 | H95: 1947 | I95: 570305 | J95: 251199 | K95: -11551 | L95: 36144 | M95: 796911 | N95: 322532 | O95: 3609624 | P95: 96521 | Q95: 33035 | R95: 883243 | S95: 2758356 | T95: 2178826 | U95: 30365 | V95: 81241984 | W95: 26935829
A96: 44805 | B96: 2022 | C96: 36601 | D96: 118559 | E96: -52010 | F96: 30155 | G96: 0 | H96: 5049 | I96: 518209 | J96: 221764 | K96: 30929 | L96: 25839 | M96: 683205 | N96: 353461 | O96: 3375626 | P96: 43375 | Q96: -88286 | R96: 686790 | S96: 2864540 | T96: 2090540 | U96: 23542 | V96: 89681622 | W96: 26552207
A97: 44835 | B97: 2022 | C97: 41883 | D97: 107510 | E97: 44180 | F97: 43595 | G97: 0 | H97: 5056 | I97: 426578 | J97: 272253 | K97: -1362 | L97: 16518 | M97: 683675 | N97: 352099 | O97: 3323842 | P97: 71584 | Q97: -32981 | R97: 622698 | S97: 2745126 | T97: 2057559 | U97: 12051 | V97: 88392393 | W97: 38385858
A98: 44866 | B98: 2022 | C98: 43833 | D98: 41832 | E98: -11868 | F98: 45978 | G98: 0 | H98: 4342 | I98: 372743 | J98: 190115 | K98: 33665 | L98: 9684 | M98: 519509 | N98: 385764 | O98: 3331065 | P98: 42716 | Q98: -92058 | R98: 606394 | S98: 2825858 | T98: 1965501 | U98: 12945 | V98: 25437529 | W98: 40485260
A99: 44896 | B99: 2022 | C99: 37743 | D99: 74906 | E99: 19448 | F99: 36833 | G99: 0 | H99: 5059 | I99: 365252 | J99: 353719 | K99: -33255 | L99: 11784 | M99: 740442 | N99: 352509 | O99: 3713880 | P99: 194753 | Q99: 348606 | R99: 833714 | S99: 2668078 | T99: 2314107 | U99: 16894 | V99: 62311846 | W99: 32433363
... A111: 45261 | B111: 2023 | C111: 46616 | D111: 99936 | E111: 26344 | F111: 45569 | G111: 0 | H111: 11139 | I111: 479842 | J111: 259285 | K111: -30574 | L111: 41347 | M111: 728354 | N111: 399948 | O111: 3899436 | P111: 12707 | Q111: 326961 | R111: 989409 | S111: 2596118 | T111: 2539918 | U111: 43542 | V111: 49658362 | W111: 40124789
A112: 45292 | B112: =YEAR(A112) -> 2024 | C112: 44804 | D112: 82831 | E112: -32852 | F112: 41031 | G112: 0 | H112: 11831 | I112: 413689 | J112: 337773 | K112: -20620 | L112: 21778 | M112: 750304 | N112: 379328 | O112: 3471071 | P112: 56400 | Q112: -62044 | R112: 1159389 | S112: 2475754 | T112: 2477874 | U112: 81686 | V112: 12212335 | W112: 36076361
A113: 45323 | B113: =YEAR(A113) -> 2024 | C113: 64489 | D113: 82275 | E113: 25251 | F113: 41100 | G113: 0 | H113: 27239 | I113: 433268 | J113: 276162 | K113: 12022 | L113: 39886 | M113: 657522 | N113: 391350 | O113: 3474058 | P113: 63960 | Q113: 45266 | R113: 1004488 | S113: 2483829 | T113: 2527322 | U113: 68813 | V113: 25853167 | W113: 36189489
A114: 45352 | B114: =YEAR(A114) -> 2024 | C114: 110724 | D114: 149752 | E114: 12409 | F114: 42638 | G114: 0 | H114: 30164 | I114: 470199 | J114: 209964 | K114: 11873 | L114: 48667 | M114: 619623 | N114: 403223 | O114: 3662168 | P114: 48306 | Q114: 84222 | R114: 1099591 | S114: 2619639 | T114: 2609928 | U114: 87600 | V114: 74413661 | W114: 37544410
A115: 45383 | B115: =YEAR(A115) -> 2024 | C115: 92393 | D115: 138790 | E115: -513 | F115: 43314 | G115: 0 | H115: 65531 | I115: 409873 | J115: 359124 | K115: 16125 | L115: 24041 | M115: 728831 | N115: 419348 | O115: 2731671 | P115: 48474 | Q115: -319076 | R115: 709631 | S115: 2436735 | T115: 2292435 | U115: 83096 | V115: 54441097 | W115: 38139108
A116: 45413 | B116: =YEAR(A116) -> 2024 | C116: 98861 | D116: 208103 | E116: 44174 | F116: 35114 | G116: 0 | H116: 62269 | I116: 572197 | J116: 104655 | K116: -81362 | L116: 33341 | M116: 724873 | N116: 337986 | O116: 3131473 | P116: 61752 | Q116: -222571 | R116: 829680 | S116: 2716229 | T116: 2069864 | U116: 158098 | V116: 81022949 | W116: 30918729
A117: 45444 | B117: =YEAR(A117) -> 2024 | C117: 131945 | D117: 158677 | E117: -38683 | F117: 42182 | G117: 0 | H117: 47797 | I117: 710849 | J117: 317392 | K117: 51750 | L117: 29037 | M117: 947454 | N117: 400478 | O117: 3351151 | P117: 64053 | Q117: 152406 | R117: 682503 | S117: 2772098 | T117: 2294684 | U117: 105038 | V117: 66225500 | W117: 37141913
A118: 45474 | B118: =YEAR(A118) -> 2024 | C118: 106971 | D118: 182868 | E118: 2947 | F118: 48086 | G118: 0 | H118: 43412 | I118: 720367 | J118: 101883 | K118: 70300 | L118: 35914 | M118: 716036 | N118: 470778 | O118: 3609491 | P118: 98114 | Q118: 96928 | R118: 754468 | S118: 2987597 | T118: 2391612 | U118: 125737 | V118: 83318635 | W118: 42340596
A119: 45505 | B119: =YEAR(A119) -> 2024 | C119: 91506 | D119: 146368 | E119: 7897 | F119: 33441 | G119: 0 | H119: 61179 | I119: 705123 | J119: 250334 | K119: -15433 | L119: 45978 | M119: 924912 | N119: 455345 | O119: 3502362 | P119: 75918 | Q119: -132135 | R119: 825200 | S119: 2981898 | T119: 2259477 | U119: 75144 | V119: 84696133 | W119: 29446861
A120: 45536 | B120: =YEAR(A120) -> 2024 | C120: 105925 | D120: 145600 | E120: -63204 | F120: 39847 | G120: 0 | H120: 28641 | I120: 522278 | J120: 142369 | K120: -73115 | L120: 25508 | M120: 716813 | N120: 380650 | O120: 3378885 | P120: 97285 | Q120: -69638 | R120: 947616 | S120: 2790141 | T120: 2176285 | U120: 111258 | V120: 62456814 | W120: 35085431
A121: 45566 | B121: =YEAR(A121) -> 2024 | C121: 68160 | D121: 34865 | E121: 38573 | F121: 45616 | G121: 0 | H121: 36752 | I121: 533191 | J121: 189946 | K121: 70382 | L121: 30416 | M121: 622339 | N121: 451032 | O121: 3659808 | P121: 109354 | Q121: -131307 | R121: 881977 | S121: 3027616 | T121: 2044978 | U121: 94356 | V121: 13144355 | W121: 40165683
A122: 45597 | B122: =YEAR(A122) -> 2024 | C122: 94078 | D122: 21237 | E122: -17734 | F122: 46051 | G122: 0 | H122: 32463 | I122: 482138 | J122: 204819 | K122: -39626 | L122: 54872 | M122: 671711 | N122: 411406 | O122: 3562641 | P122: 44988 | Q122: 251082 | R122: 815921 | S122: 2580107 | T122: 2296060 | U122: 11161 | V122: 10423619 | W122: 40549451
A123: 45627 | B123: =YEAR(A123) -> 2024 | C123: 110448 | D123: 35993 | E123: 1110 | F123: 31949 | G123: 0 | H123: 49050 | I123: 482300 | J123: 214232 | K123: -26532 | L123: 45199 | M123: 677865 | N123: 384874 | O123: 3895767 | P123: 33073 | Q123: 170559 | R123: 1079404 | S123: 2766488 | T123: 2466619 | U123: 31702 | V123: 13225977 | W123: 28132423
A124: 45658 | B124: =YEAR(A124) -> 2025 | C124: 38041 | H124: 22684
A125: 45689 | B125: =YEAR(A125) -> 2025 | C125: 38294 | H125: 8924
A126: 45717 | B126: =YEAR(A126) -> 2025
A127: 45748 | B127: =YEAR(A127) -> 2025
A128: 45778 | B128: =YEAR(A128) -> 2025
A129: 45809 | B129: =YEAR(A129) -> 2025
A130: 45839 | B130: =YEAR(A130) -> 2025
A131: 45870 | B131: =YEAR(A131) -> 2025
A132: 45901 | B132: =YEAR(A132) -> 2025
A133: 45931 | B133: =YEAR(A133) -> 2025
A134: 45962 | B134: =YEAR(A134) -> 2025
A135: 45992 | B135: =YEAR(A135) -> 2025

Sheet BD
A1: Canada Biodiesel Supply Demand
A2: million gallons | B2: 2015 | C2: 2016 | D2: 2017 | E2: 2018 | F2: 2019 | G2: 2020 | H2: 2021 | I2: 2022 | J2: 2023 | K2: 2024 | L2: 2025 | M2: 2026 | N2: 2027 | O2: 2028 | P2: 2029 | Q2: 2030 | R2: 2031 | S2: 2032 | T2: 2033 | U2: 2034 | V2: 2035 | W2: 2036 | X2: 2037 | Y2: 2038 | Z2: 2039 | AA2: 2040 | AB2: 2041 | AC2: 2042 | AD2: 2043 | AE2: 2044 | AF2: 2045 | AG2: 2046 | AH2: 2047 | AI2: 2048 | AJ2: 2049 | AK2: 2050
A3: Beginning Stocks | B3: 0 | C3: =B10 -> 0 | D3: =C10 -> 0 | E3: =D10 -> 0 | F3: =E10 -> 0 | G3: =F10 -> 0 | H3: =G10 -> 2.3416206 | I3: =H10 -> 1.8296553 | J3: =I10 -> 1.3364461 | ... AK3: =AJ10 -> 0
A4: Production | B4: =annual_data!$B5*0.26417 -> 104.87549 | C4: =annual_data!$B6*0.26417 -> 122.57488 | D4: =annual_data!$B7*0.26417 -> 104.87549 | E4: =annual_data!$B8*0.26417 -> 81.36436 | F4: =annual_data!$B9*0.26417 -> 94.83703 | G4: =annual_data!$B10*0.26417 -> 120.98986 | H4: =annual_data!$B11*0.26417 -> 113.85727 | I4: =I35 -> 97.530189 | J4: =J35 -> 130.52738 | K4: =K35 -> 158 | L4: =AVERAGE(G4:K4)*1.35 -> 167.64427 | M4: =AVERAGE(H4:L4)+20 -> 153.51182 | N4: =AVERAGE(I4:M4)+20 -> 161.44273 | O4: =AVERAGE(J4:N4) -> 154.22524 | P4: =AVERAGE(K4:O4)+20 -> 178.96481 | Q4: =AVERAGE(L4:P4) -> 163.15777 | R4: =AVERAGE(M4:Q4) -> 162.26048 | S4: =AVERAGE(N4:R4) -> 164.01021 | T4: =AVERAGE(O4:S4)+5 -> 169.5237 | U4: =AVERAGE(P4:T4)+10 -> 177.58339 | V4: =AVERAGE(Q4:U4)+11 -> 178.30711 | W4: =AVERAGE(R4:V4)+11 -> 181.33698 | X4: =AVERAGE(S4:W4)+11 -> 185.15228 | Y4: =AVERAGE(T4:X4)+11 -> 189.38069 | Z4: =AVERAGE(U4:Y4)+11 -> 193.35209 | AA4: =AVERAGE(V4:Z4)+11 -> 196.50583 | AB4: =AVERAGE(W4:AA4)+11 -> 200.14557 | AC4: =AVERAGE(X4:AB4)+11 -> 203.90729 | ... AK4: =AVERAGE(AF4:AJ4)+11 -> 233.26404
A5: Imports | B5: =B114 -> 102.30824 | C5: =C114 -> 102.97241 | D5: =D114 -> 126.50259 | E5: =E114 -> 155.33056 | F5: =F114 -> 151.86331 | G5: =G114 -> 156.01297 | H5: =H114 -> 152.55749 | I5: =I114 -> 204.25694 | ... K5: =K114 -> 175.65989 | L5: =AVERAGE(G5:K5) -> 185.66593 | M5: =AVERAGE(H5:L5) -> 191.59652 | N5: =AVERAGE(I5:M5) -> 199.40433 | O5: =AVERAGE(J5:N5) -> 198.4338 | P5: =AVERAGE(K5:O5) -> 190.15209 | Q5: =AVERAGE(L5:P5)+10 -> 203.05054 | R5: =AVERAGE(M5:Q5)+20 -> 216.52746 | S5: =AVERAGE(N5:R5) -> 201.51364 | T5: =AVERAGE(O5:S5) -> 201.93551 | U5: =AVERAGE(P5:T5) -> 202.63585 | V5: =AVERAGE(Q5:U5)-10 -> 195.1326 | W5: =AVERAGE(R5:V5)-10 -> 193.54901 | X5: =AVERAGE(S5:W5)-10 -> 188.95332 | Y5: =AVERAGE(T5:X5)-10 -> 186.44126 | Z5: =AVERAGE(U5:Y5)-10 -> 183.34241 | AA5: =AVERAGE(V5:Z5)-10 -> 179.48372 | AB5: =AVERAGE(W5:AA5)-10 -> 176.35394 | AC5: =AVERAGE(X5:AB5)-10 -> 172.91493 | ... AK5: =AVERAGE(AF5:AJ5)-10 -> 146.32199
A6: Total Supply | B6: =B4+B5 -> 207.18373 | C6: =C3+C4+C5 -> 225.54729 | D6: =D3+D4+D5 -> 231.37808 | E6: =E3+E4+E5 -> 236.69492 | F6: =F3+F4+F5 -> 246.70034 | G6: =G3+G4+G5 -> 277.00283 | H6: =H3+H4+H5 -> 268.75638 | I6: =I3+I4+I5 -> 303.61678 | J6: =J3+J4+J5 -> 371.70618 | ... AK6: =AK3+AK4+AK5 -> 379.58602
A7: Consumption | B7: =B6-B8 -> 143.59521 | C7: =C6-C8 -> 112.70642 | D7: =D6-D8 -> 144.37364 | E7: =E6-E8 -> 157.21372 | F7: =F6-F8 -> 156.29731 | G7: =G6-G8 -> 157.05652 | H7: =H6-H8 -> 151.5755 | I7: =I6-I8 -> 202.84156 | ... K7: =K6-K8 -> 206.17034 | L7: =L9-L8 -> 251.26783 | M7: =M9-M8 -> 218.17248 | N7: =N9-N8 -> 229.98611 | O7: =O9-O8 -> 225.11829 | P7: =P9-P8 -> 232.90538 | Q7: =Q9-Q8 -> 236.70364 | R7: =R9-R8 -> 249.58656 | S7: =S9-S8 -> 235.84881 | ... AK7: =AK9-AK8 -> 235.92781
A8: Exports | B8: =B130 -> 63.588522 | C8: =C130 -> 112.84087 | D8: =D130 -> 87.00444 | E8: =E130 -> 79.481198 | F8: =F130 -> 90.403033 | G8: =G130 -> 119.94631 | H8: =H130 -> 117.18089 | I8: =I130 -> 100.77522 | ... K8: =K130 -> 130.43216 | L8: =MROUND(FORECAST(L4,B8:K8,B4:K4)*0.75,5) -> 115 | M8: =FORECAST(M4,C8:L8,C4:L4) -> 126.93587 | N8: =FORECAST(N4,D8:M8,D4:M4) -> 130.86095 | O8: =FORECAST(O4,E8:N8,E4:N4) -> 127.54075 | P8: =FORECAST(P4,F8:O8,F4:O4) -> 136.21153 | Q8: =FORECAST(Q4,G8:P8,G4:P4) -> 129.50467 | R8: =FORECAST(R4,H8:Q8,H4:Q4) -> 129.20137 | S8: =FORECAST(S4,I8:R8,I4:R4) -> 129.67504 | T8: =FORECAST(T4,J8:S8,J4:S4) -> 127.85546 | ... AK8: =FORECAST(AK4,AA8:AJ8,AA4:AJ4) -> 143.65821
A9: Total Use | B9: =B6-B10 -> 207.18373 | C9: =C6-C10 -> 225.54729 | D9: =D6-D10 -> 231.37808 | E9: =E6-E10 -> 236.69492 | F9: =F6-F10 -> 246.70034 | G9: =G6-G10 -> 274.66121 | H9: =H6-H10 -> 266.92673 | I9: =I6-I10 -> 302.28034 | J9: =J6-J10 -> 368.76357 | K9: =SUM(K7:K8) -> 336.6025 | L9: =L6-L10 -> 366.26783 | M9: =M6-M10 -> 345.10834 | N9: =N6-N10 -> 360.84706 | O9: =O6-O10 -> 352.65904 | P9: =P6-P10 -> 369.11691 | Q9: =Q6-Q10 -> 366.20831 | R9: =R6-R10 -> 378.78793 | S9: =S6-S10 -> 365.52385 | ... AK9: =AK6-AK10 -> 379.58602
A10: Final Stocks | B10: =B98 -> 0 | C10: =C98 -> 0 | D10: =D98 -> 0 | E10: =E98 -> 0 | F10: =F98 -> 0 | G10: =G98 -> 2.3416206 | H10: =H98 -> 1.8296553 | I10: =I98 -> 1.3364461 | ... AK10: =AK98 -> 0
A12: Capacity | B12: =SUM(Capacity!$B50:$B61) -> 105.668 | C12: =SUM(Capacity!$B62:$B73) -> 145.2935 | D12: =SUM(Capacity!$B74:$B85) -> 156.12447 | E12: =SUM(Capacity!$B86:$B97) -> 179.10726 | F12: =SUM(Capacity!$B98:$B109) -> 185.97568 | G12: =SUM(Capacity!$B110:$B121) -> 181.22062 | H12: =SUM(Capacity!$B122:$B133) -> 181.22062 | I12: =SUM(Capacity!$B134:$B145) -> 181.22062 | J12: =SUM(Capacity!$B146:$B157) -> 177.25807 | K12: =SUM(Capacity!$B158:$B169) -> 177.25807 | L12: =SUM(Capacity!$B170:$B181) -> 177.25807 | M12: =L12 -> 177.25807 | N12: =M12 -> 177.25807 | O12: =N12 -> 177.25807 | P12: =O12 -> 177.25807 | Q12: =P12 -> 177.25807 | R12: =Q12 -> 177.25807 | S12: =R12 -> 177.25807 | T12: =S12 -> 177.25807 | ... AK12: =AJ12 -> 177.25807
A14: Diesel Consumption mm gal | B14: =Diesel!B7 -> 7741.8246 | C14: =Diesel!C7 -> 7632.7216 | D14: =Diesel!D7 -> 8242.1664 | E14: =Diesel!E7 -> 8978.9421 | F14: =Diesel!F7 -> 8597.623 | G14: =Diesel!G7 -> 8197.7583 | H14: =Diesel!H7 -> 8252.5529 | I14: =Diesel!I7 -> 8605.4549 | ... AK14: =Diesel!AK7 -> 11912.681
A15: Biodiesel Consumption Blend Rate | B15: =B7/B14 -> 0.01854798 | C15: =C7/C14 -> 0.014766216 | D15: =D7/D14 -> 0.017516468 | E15: =E7/E14 -> 0.017509158 | F15: =F7/F14 -> 0.01817913 | G15: =G7/G14 -> 0.019158471 | H15: =H7/H14 -> 0.018367104 | I15: =I7/I14 -> 0.023571277 | ... AK15: =AK7/AK14 -> 0.019804762
A16: Renewable Diesel Consumption Blend Rate | B16: =RD!B7/BD!B14 -> 0.0076434281 | C16: =RD!C7/BD!C14 -> 0.0090332615 | D16: =RD!D7/BD!D14 -> 0.013172977 | E16: =RD!E7/BD!E14 -> 0.01053274 | F16: =RD!F7/BD!F14 -> 0.011675855 | G16: =RD!G7/BD!G14 -> 0.016112332 | H16: =RD!H7/BD!H14 -> 0.015429158 | I16: =RD!I7/BD!I14 -> 0.011665229 | ... AK16: =RD!AK7/BD!AK14 -> 0.051238236
A17: Total Blend Rate | B17: =SUM(B15:B16) -> 0.026191408 | C17: =SUM(C15:C16) -> 0.023799478 | D17: =SUM(D15:D16) -> 0.030689445 | E17: =SUM(E15:E16) -> 0.028041898 | F17: =SUM(F15:F16) -> 0.029854985 | G17: =SUM(G15:G16) -> 0.035270803 | H17: =SUM(H15:H16) -> 0.033796262 | I17: =SUM(I15:I16) -> 0.035236505 | ... AK17: =SUM(AK15:AK16) -> 0.071042998
A21: BIODIESEL PRODUCTION (million gallons)
B22: =B2 -> 2015 | C22: =C2 -> 2016 | D22: =D2 -> 2017 | E22: =E2 -> 2018 | F22: =F2 -> 2019 | G22: =G2 -> 2020 | H22: =H2 -> 2021 | I22: =I2 -> 2022 | ... AK22: =AK2 -> 2050
A23: January | G23: =monthly_data!$C64*264.172/1000000 -> 10.200473 | H23: =monthly_data!$C76*264.172/1000000 -> 7.6171354 | I23: =monthly_data!$C88*264.172/1000000-RD!I24 -> 5.851674 | J23: =monthly_data!$C100*264.172/1000000-RD!J24 -> 9.6874514 | K23: =monthly_data!$C112*264.172/1000000-RD!K24 -> 10 | L23: =L$35*(SUM(G23:K23)/SUM(G$35:K$35)) -> 11.708516 | M23: =M$35*(SUM(H23:L23)/SUM(H$35:L$35)) -> 10.31814 | N23: =N$35*(SUM(I23:M23)/SUM(I$35:M$35)) -> 10.858316 | O23: =O$35*(SUM(J23:N23)/SUM(J$35:N$35)) -> 10.514485 | P23: =P$35*(SUM(K23:O23)/SUM(K$35:O$35)) -> 12.023571 | Q23: =Q$35*(SUM(L23:P23)/SUM(L$35:P$35)) -> 11.084606 | R23: =R$35*(SUM(M23:Q23)/SUM(M$35:Q$35)) -> 10.959824 | S23: =S$35*(SUM(N23:R23)/SUM(N$35:R$35)) -> 11.08816 | ... AK23: =AK$35*(SUM(AF23:AJ23)/SUM(AF$35:AJ$35)) -> 15.775727
A24: February | G24: =monthly_data!$C65*264.172/1000000 -> 9.5064936 | H24: =monthly_data!$C77*264.172/1000000 -> 8.1713683 | I24: =monthly_data!$C89*264.172/1000000-RD!I25 -> 5.6242219 | J24: =monthly_data!$C101*264.172/1000000-RD!J25 -> 9.8237642 | K24: =monthly_data!$C113*264.172/1000000-RD!K25 -> 15 | L24: =L$35*(SUM(G24:K24)/SUM(G$35:K$35)) -> 12.996419 | M24: =M$35*(SUM(H24:L24)/SUM(H$35:L$35)) -> 11.870754 | N24: =N$35*(SUM(I24:M24)/SUM(I$35:M$35)) -> 12.627344 | O24: =O$35*(SUM(J24:N24)/SUM(J$35:N$35)) -> 12.463656 | P24: =P$35*(SUM(K24:O24)/SUM(K$35:O$35)) -> 14.626164 | Q24: =Q$35*(SUM(L24:P24)/SUM(L$35:P$35)) -> 12.916868 | R24: =R$35*(SUM(M24:Q24)/SUM(M$35:Q$35)) -> 12.900957 | S24: =S$35*(SUM(N24:R24)/SUM(N$35:R$35)) -> 13.106998 | ... AK24: =AK$35*(SUM(AF24:AJ24)/SUM(AF$35:AJ$35)) -> 18.656625
A25: March | G25: =monthly_data!$C66*264.172/1000000 -> 8.5774007 | H25: =monthly_data!$C78*264.172/1000000 -> 9.3828611 | I25: =monthly_data!$C90*264.172/1000000-RD!I26 -> 7.3640587 | J25: =monthly_data!$C102*264.172/1000000-RD!J26 -> 11.315015 | K25: =monthly_data!$C114*264.172/1000000-RD!K26 -> 14 | L25: =L$35*(SUM(G25:K25)/SUM(G$35:K$35)) -> 13.675188 | M25: =M$35*(SUM(H25:L25)/SUM(H$35:L$35)) -> 12.818595 | N25: =N$35*(SUM(I25:M25)/SUM(I$35:M$35)) -> 13.50798 | O25: =O$35*(SUM(J25:N25)/SUM(J$35:N$35)) -> 13.063356 | P25: =P$35*(SUM(K25:O25)/SUM(K$35:O$35)) -> 15.10057 | Q25: =Q$35*(SUM(L25:P25)/SUM(L$35:P$35)) -> 13.633138 | R25: =R$35*(SUM(M25:Q25)/SUM(M$35:Q$35)) -> 13.624728 | S25: =S$35*(SUM(N25:R25)/SUM(N$35:R$35)) -> 13.785954 | ... AK25: =AK$35*(SUM(AF25:AJ25)/SUM(AF$35:AJ$35)) -> 19.599116
A26: April | G26: =monthly_data!$C67*264.172/1000000 -> 9.3165539 | H26: =monthly_data!$C79*264.172/1000000 -> 9.3498396 | I26: =monthly_data!$C91*264.172/1000000-RD!I27 -> 7.2512572 | J26: =monthly_data!$C103*264.172/1000000-RD!J27 -> 9.1149907 | K26: =monthly_data!$C115*264.172/1000000-RD!K27 -> 12 | L26: =L$35*(SUM(G26:K26)/SUM(G$35:K$35)) -> 12.701198 | M26: =M$35*(SUM(H26:L26)/SUM(H$35:L$35)) -> 11.595122 | N26: =N$35*(SUM(I26:M26)/SUM(I$35:M$35)) -> 12.021811 | O26: =O$35*(SUM(J26:N26)/SUM(J$35:N$35)) -> 11.486624 | P26: =P$35*(SUM(K26:O26)/SUM(K$35:O$35)) -> 13.465806 | Q26: =Q$35*(SUM(L26:P26)/SUM(L$35:P$35)) -> 12.254112 | R26: =R$35*(SUM(M26:Q26)/SUM(M$35:Q$35)) -> 12.164695 | S26: =S$35*(SUM(N26:R26)/SUM(N$35:R$35)) -> 12.27861 | ... AK26: =AK$35*(SUM(AF26:AJ26)/SUM(AF$35:AJ$35)) -> 17.488176
A27: May | G27: =monthly_data!$C68*264.172/1000000 -> 10.687871 | H27: =monthly_data!$C80*264.172/1000000 -> 7.6290232 | I27: =monthly_data!$C92*264.172/1000000-RD!I28 -> 7.1812516 | J27: =monthly_data!$C104*264.172/1000000-RD!J28 -> 11.232329 | K27: =monthly_data!$C116*264.172/1000000-RD!K28 -> 14 | L27: =L$35*(SUM(G27:K27)/SUM(G$35:K$35)) -> 13.6998 | M27: =M$35*(SUM(H27:L27)/SUM(H$35:L$35)) -> 12.359844 | N27: =N$35*(SUM(I27:M27)/SUM(I$35:M$35)) -> 13.348268 | O27: =O$35*(SUM(J27:N27)/SUM(J$35:N$35)) -> 12.928048 | P27: =P$35*(SUM(K27:O27)/SUM(K$35:O$35)) -> 14.93639 | Q27: =Q$35*(SUM(L27:P27)/SUM(L$35:P$35)) -> 13.45447 | R27: =R$35*(SUM(M27:Q27)/SUM(M$35:Q$35)) -> 13.405404 | S27: =S$35*(SUM(N27:R27)/SUM(N$35:R$35)) -> 13.614516 | ... AK27: =AK$35*(SUM(AF27:AJ27)/SUM(AF$35:AJ$35)) -> 19.341028
A28: June | G28: =monthly_data!$C69*264.172/1000000 -> 9.9220361 | H28: =monthly_data!$C81*264.172/1000000 -> 10.804106 | I28: =monthly_data!$C93*264.172/1000000-RD!I29 -> 7.4076471 | J28: =monthly_data!$C105*264.172/1000000-RD!J29 -> 12.580399 | K28: =monthly_data!$C117*264.172/1000000-RD!K29 -> 14 | L28: =L$35*(SUM(G28:K28)/SUM(G$35:K$35)) -> 14.775605 | M28: =M$35*(SUM(H28:L28)/SUM(H$35:L$35)) -> 13.699576 | N28: =N$35*(SUM(I28:M28)/SUM(I$35:M$35)) -> 14.259105 | O28: =O$35*(SUM(J28:N28)/SUM(J$35:N$35)) -> 13.862937 | P28: =P$35*(SUM(K28:O28)/SUM(K$35:O$35)) -> 15.895869 | Q28: =Q$35*(SUM(L28:P28)/SUM(L$35:P$35)) -> 14.498618 | R28: =R$35*(SUM(M28:Q28)/SUM(M$35:Q$35)) -> 14.443221 | S28: =S$35*(SUM(N28:R28)/SUM(N$35:R$35)) -> 14.59195 | ... AK28: =AK$35*(SUM(AF28:AJ28)/SUM(AF$35:AJ$35)) -> 20.759472
A29: July | G29: =monthly_data!$C70*264.172/1000000 -> 12.294565 | H29: =monthly_data!$C82*264.172/1000000 -> 10.00842 | I29: =monthly_data!$C94*264.172/1000000-RD!I30 -> 7.0961883 | J29: =monthly_data!$C106*264.172/1000000-RD!J30 -> 12.192594 | K29: =monthly_data!$C118*264.172/1000000-RD!K30 -> 10 | L29: =L$35*(SUM(G29:K29)/SUM(G$35:K$35)) -> 13.932393 | M29: =M$35*(SUM(H29:L29)/SUM(H$35:L$35)) -> 12.241906 | N29: =N$35*(SUM(I29:M29)/SUM(I$35:M$35)) -> 12.661112 | O29: =O$35*(SUM(J29:N29)/SUM(J$35:N$35)) -> 12.205601 | P29: =P$35*(SUM(K29:O29)/SUM(K$35:O$35)) -> 13.744165 | Q29: =Q$35*(SUM(L29:P29)/SUM(L$35:P$35)) -> 12.957036 | R29: =R$35*(SUM(M29:Q29)/SUM(M$35:Q$35)) -> 12.761964 | S29: =S$35*(SUM(N29:R29)/SUM(N$35:R$35)) -> 12.865976 | ... AK29: =AK$35*(SUM(AF29:AJ29)/SUM(AF$35:AJ$35)) -> 18.310218
A30: August | G30: =monthly_data!$C71*264.172/1000000 -> 9.9133185 | H30: =monthly_data!$C83*264.172/1000000 -> 9.8393503 | I30: =monthly_data!$C95*264.172/1000000-RD!I31 -> 7.47052 | J30: =monthly_data!$C107*264.172/1000000-RD!J31 -> 10.988763 | K30: =monthly_data!$C119*264.172/1000000-RD!K31 -> 15 | L30: =L$35*(SUM(G30:K30)/SUM(G$35:K$35)) -> 14.369925 | M30: =M$35*(SUM(H30:L30)/SUM(H$35:L$35)) -> 13.262792 | N30: =N$35*(SUM(I30:M30)/SUM(I$35:M$35)) -> 13.946082 | O30: =O$35*(SUM(J30:N30)/SUM(J$35:N$35)) -> 13.513512 | P30: =P$35*(SUM(K30:O30)/SUM(K$35:O$35)) -> 15.782181 | Q30: =Q$35*(SUM(L30:P30)/SUM(L$35:P$35)) -> 14.174898 | R30: =R$35*(SUM(M30:Q30)/SUM(M$35:Q$35)) -> 14.135893 | S30: =S$35*(SUM(N30:R30)/SUM(N$35:R$35)) -> 14.310513 | ... AK30: =AK$35*(SUM(AF30:AJ30)/SUM(AF$35:AJ$35)) -> 20.364617
A31: September | G31: =monthly_data!$C72*264.172/1000000 -> 9.4317329 | H31: =monthly_data!$C84*264.172/1000000 -> 9.9172811 | I31: =monthly_data!$C96*264.172/1000000-RD!I32 -> 9.6689594 | J31: =monthly_data!$C108*264.172/1000000-RD!J32 -> 10.111183 | K31: =monthly_data!$C120*264.172/1000000-RD!K32 -> 12 | L31: =L$35*(SUM(G31:K31)/SUM(G$35:K$35)) -> 13.807465 | M31: =M$35*(SUM(H31:L31)/SUM(H$35:L$35)) -> 12.765185 | N31: =N$35*(SUM(I31:M31)/SUM(I$35:M$35)) -> 13.320775 | O31: =O$35*(SUM(J31:N31)/SUM(J$35:N$35)) -> 12.400922 | P31: =P$35*(SUM(K31:O31)/SUM(K$35:O$35)) -> 14.476695 | Q31: =Q$35*(SUM(L31:P31)/SUM(L$35:P$35)) -> 13.354208 | R31: =R$35*(SUM(M31:Q31)/SUM(M$35:Q$35)) -> 13.263557 | S31: =S$35*(SUM(N31:R31)/SUM(N$35:R$35)) -> 13.363231 | ... AK31: =AK$35*(SUM(AF31:AJ31)/SUM(AF$35:AJ$35)) -> 19.003618
A32: October | G32: =monthly_data!$C73*264.172/1000000 -> 9.791271 | H32: =monthly_data!$C85*264.172/1000000 -> 9.37203 | I32: =monthly_data!$C97*264.172/1000000-RD!I33 -> 11.064316 | J32: =monthly_data!$C109*264.172/1000000-RD!J33 -> 10.760518 | K32: =monthly_data!$C121*264.172/1000000-RD!K33 -> 12 | L32: =L$35*(SUM(G32:K32)/SUM(G$35:K$35)) -> 14.309483 | M32: =M$35*(SUM(H32:L32)/SUM(H$35:L$35)) -> 13.225487 | N32: =N$35*(SUM(I32:M32)/SUM(I$35:M$35)) -> 14.007216 | O32: =O$35*(SUM(J32:N32)/SUM(J$35:N$35)) -> 12.860541 | P32: =P$35*(SUM(K32:O32)/SUM(K$35:O$35)) -> 14.951424 | Q32: =Q$35*(SUM(L32:P32)/SUM(L$35:P$35)) -> 13.87083 | R32: =R$35*(SUM(M32:Q32)/SUM(M$35:Q$35)) -> 13.783099 | S32: =S$35*(SUM(N32:R32)/SUM(N$35:R$35)) -> 13.894622 | ... AK32: =AK$35*(SUM(AF32:AJ32)/SUM(AF$35:AJ$35)) -> 19.729804
A33: November | G33: =monthly_data!$C74*264.172/1000000 -> 11.592396 | H33: =monthly_data!$C86*264.172/1000000 -> 10.46174 | I33: =monthly_data!$C98*264.172/1000000-RD!I34 -> 11.579451 | J33: =monthly_data!$C110*264.172/1000000-RD!J34 -> 12.255728 | K33: =monthly_data!$C122*264.172/1000000-RD!K34 -> 15 | L33: =L$35*(SUM(G33:K33)/SUM(G$35:K$35)) -> 16.443202 | M33: =M$35*(SUM(H33:L33)/SUM(H$35:L$35)) -> 15.119115 | N33: =N$35*(SUM(I33:M33)/SUM(I$35:M$35)) -> 16.07034 | O33: =O$35*(SUM(J33:N33)/SUM(J$35:N$35)) -> 14.977677 | P33: =P$35*(SUM(K33:O33)/SUM(K$35:O$35)) -> 17.47496 | Q33: =Q$35*(SUM(L33:P33)/SUM(L$35:P$35)) -> 16.017059 | R33: =R$35*(SUM(M33:Q33)/SUM(M$35:Q$35)) -> 15.93183 | S33: =S$35*(SUM(N33:R33)/SUM(N$35:R$35)) -> 16.094374 | ... AK33: =AK$35*(SUM(AF33:AJ33)/SUM(AF$35:AJ$35)) -> 22.864108
A34: December | G34: =monthly_data!$C75*264.172/1000000 -> 9.7064718 | H34: =monthly_data!$C87*264.172/1000000 -> 11.23682 | I34: =monthly_data!$C99*264.172/1000000-RD!I35 -> 9.9706438 | J34: =monthly_data!$C111*264.172/1000000-RD!J35 -> 10.464642 | K34: =monthly_data!$C123*264.172/1000000-RD!K35 -> 15 | L34: =L35-SUM(L23:L33) -> 15.225074 | M34: =M35-SUM(M23:M33) -> 14.235304 | N34: =N35-SUM(N23:N33) -> 14.814382 | O34: =O35-SUM(O23:O33) -> 13.94788 | P34: =P35-SUM(P23:P33) -> 16.487015 | Q34: =Q35-SUM(Q23:Q33) -> 14.941931 | R34: =R35-SUM(R23:R33) -> 14.885303 | S34: =S35-SUM(S23:S33) -> 15.015302 | ... AK34: =AK35-SUM(AK23:AK33) -> 21.37153
A35: Total | B35: =SUM(B23:B34) -> 0 | C35: =SUM(C23:C34) -> 0 | D35: =SUM(D23:D34) -> 0 | E35: =SUM(E23:E34) -> 0 | F35: =SUM(F23:F34) -> 0 | G35: =SUM(G23:G34) -> 120.94058 | H35: =SUM(H23:H34) -> 113.78998 | I35: =SUM(I23:I34) -> 97.530189 | ... K35: =SUM(K23:K34) -> 158 | L35: =L4 -> 167.64427 | M35: =M4 -> 153.51182 | N35: =N4 -> 161.44273 | O35: =O4 -> 154.22524 | P35: =P4 -> 178.96481 | Q35: =Q4 -> 163.15777 | R35: =R4 -> 162.26048 | S35: =S4 -> 164.01021 | ... AK35: =AK4 -> 233.26404
A37: BIODIESEL IMPORTS (million gallons)
B38: =B2 -> 2015 | C38: =C2 -> 2016 | D38: =D2 -> 2017 | E38: =E2 -> 2018 | F38: =F2 -> 2019 | G38: =G2 -> 2020 | H38: =H2 -> 2021 | I38: =I2 -> 2022 | ... AK38: =AK2 -> 2050
A39: January | F39: =monthly_data!$D52*264.172/1000000/2 -> 3.6690849 | G39: =monthly_data!$D64*264.172/1000000/2 -> 5.1183325 | H39: =monthly_data!$D76*264.172/1000000/2 -> 6.7497267 | I39: =monthly_data!$D88*264.172/1000000/2 -> 4.0312647 | J39: =monthly_data!$D100*264.172/1000000/2 -> 1.7945204 | K39: =monthly_data!$D112*264.172/1000000/2 -> 10.940815 | L39: =L$51*(SUM(G39:K39)/SUM(G$51:K$51)) -> 8.7201197 | M39: =M$51*(SUM(H39:L39)/SUM(H$51:L$51)) -> 8.6036391 | N39: =N$51*(SUM(I39:M39)/SUM(I$51:M$51)) -> 8.1534462 | O39: =O$51*(SUM(J39:N39)/SUM(J$51:N$51)) -> 8.2296364 | P39: =P$51*(SUM(K39:O39)/SUM(K$51:O$51)) -> 8.8588033 | Q39: =Q$51*(SUM(L39:P39)/SUM(L$51:P$51)) -> 8.9541082 | R39: =R$51*(SUM(M39:Q39)/SUM(M$51:Q$51)) -> 9.4310443 | S39: =S$51*(SUM(N39:R39)/SUM(N$51:R$51)) -> 8.7254077 | ... AK39: =AK$51*(SUM(AF39:AJ39)/SUM(AF$51:AJ$51)) -> 6.4121298
A40: February | F40: =monthly_data!$D53*264.172/1000000/2 -> 1.0817843 | G40: =monthly_data!$D65*264.172/1000000/2 -> 3.2876205 | H40: =monthly_data!$D77*264.172/1000000/2 -> 1.2936503 | I40: =monthly_data!$D89*264.172/1000000/2 -> 1.726364 | J40: =monthly_data!$D101*264.172/1000000/2 -> 2.4569317 | K40: =monthly_data!$D113*264.172/1000000/2 -> 10.867376 | L40: =L$51*(SUM(G40:K40)/SUM(G$51:K$51)) -> 5.97852 | M40: =M$51*(SUM(H40:L40)/SUM(H$51:L$51)) -> 5.9577804 | N40: =N$51*(SUM(I40:M40)/SUM(I$51:M$51)) -> 6.4545175 | O40: =O$51*(SUM(J40:N40)/SUM(J$51:N$51)) -> 6.8303217 | P40: =P$51*(SUM(K40:O40)/SUM(K$51:O$51)) -> 7.1605338 | Q40: =Q$51*(SUM(L40:P40)/SUM(L$51:P$51)) -> 6.8118082 | R40: =R$51*(SUM(M40:Q40)/SUM(M$51:Q$51)) -> 7.3190294 | S40: =S$51*(SUM(N40:R40)/SUM(N$51:R$51)) -> 6.9152422 | ... AK40: =AK$51*(SUM(AF40:AJ40)/SUM(AF$51:AJ$51)) -> 5.0397441
A41: March | F41: =monthly_data!$D54*264.172/1000000/2 -> 8.4739773 | G41: =monthly_data!$D66*264.172/1000000/2 -> 4.4425805 | H41: =monthly_data!$D78*264.172/1000000/2 -> 4.5218321 | I41: =monthly_data!$D90*264.172/1000000/2 -> 3.1797063 | J41: =monthly_data!$D102*264.172/1000000/2 -> 6.3835843 | K41: =monthly_data!$D114*264.172/1000000/2 -> 19.780143 | L41: =L$51*(SUM(G41:K41)/SUM(G$51:K$51)) -> 11.665897 | M41: =M$51*(SUM(H41:L41)/SUM(H$51:L$51)) -> 12.151888 | N41: =N$51*(SUM(I41:M41)/SUM(I$51:M$51)) -> 12.714654 | O41: =O$51*(SUM(J41:N41)/SUM(J$51:N$51)) -> 13.502548 | P41: =P$51*(SUM(K41:O41)/SUM(K$51:O$51)) -> 13.852429 | Q41: =Q$51*(SUM(L41:P41)/SUM(L$51:P$51)) -> 13.439356 | R41: =R$51*(SUM(M41:Q41)/SUM(M$51:Q$51)) -> 14.468596 | S41: =S$51*(SUM(N41:R41)/SUM(N$51:R$51)) -> 13.595517 | ... AK41: =AK$51*(SUM(AF41:AJ41)/SUM(AF$51:AJ$51)) -> 9.9119901
A42: April | F42: =monthly_data!$D55*264.172/1000000/2 -> 9.8743531 | G42: =monthly_data!$D67*264.172/1000000/2 -> 10.125317 | H42: =monthly_data!$D79*264.172/1000000/2 -> 9.0987441 | I42: =monthly_data!$D91*264.172/1000000/2 -> 9.0128882 | J42: =monthly_data!$D103*264.172/1000000/2 -> 23.156129 | K42: =monthly_data!$D115*264.172/1000000/2 -> 18.332216 | L42: =L$51*(SUM(G42:K42)/SUM(G$51:K$51)) -> 21.23346 | M42: =M$51*(SUM(H42:L42)/SUM(H$51:L$51)) -> 21.573771 | N42: =N$51*(SUM(I42:M42)/SUM(I$51:M$51)) -> 22.316736 | O42: =O$51*(SUM(J42:N42)/SUM(J$51:N$51)) -> 22.96054 | P42: =P$51*(SUM(K42:O42)/SUM(K$51:O$51)) -> 21.114766 | Q42: =Q$51*(SUM(L42:P42)/SUM(L$51:P$51)) -> 22.971157 | R42: =R$51*(SUM(M42:Q42)/SUM(M$51:Q$51)) -> 24.445337 | S42: =S$51*(SUM(N42:R42)/SUM(N$51:R$51)) -> 22.761707 | ... AK42: =AK$51*(SUM(AF42:AJ42)/SUM(AF$51:AJ$51)) -> 16.521688
A43: May | F43: =monthly_data!$D56*264.172/1000000/2 -> 12.581984 | G43: =monthly_data!$D68*264.172/1000000/2 -> 11.784845 | H43: =monthly_data!$D80*264.172/1000000/2 -> 10.593429 | I43: =monthly_data!$D92*264.172/1000000/2 -> 10.875829 | J43: =monthly_data!$D104*264.172/1000000/2 -> 19.222211 | K43: =monthly_data!$D116*264.172/1000000/2 -> 27.487493 | L43: =L$51*(SUM(G43:K43)/SUM(G$51:K$51)) -> 24.351397 | M43: =M$51*(SUM(H43:L43)/SUM(H$51:L$51)) -> 24.695582 | N43: =N$51*(SUM(I43:M43)/SUM(I$51:M$51)) -> 25.50347 | O43: =O$51*(SUM(J43:N43)/SUM(J$51:N$51)) -> 26.115169 | P43: =P$51*(SUM(K43:O43)/SUM(K$51:O$51)) -> 25.42761 | Q43: =Q$51*(SUM(L43:P43)/SUM(L$51:P$51)) -> 26.524969 | R43: =R$51*(SUM(M43:Q43)/SUM(M$51:Q$51)) -> 28.264024 | S43: =S$51*(SUM(N43:R43)/SUM(N$51:R$51)) -> 26.367048 | ... AK43: =AK$51*(SUM(AF43:AJ43)/SUM(AF$51:AJ$51)) -> 19.186306
A44: June | F44: =monthly_data!$D57*264.172/1000000/2 -> 6.2253453 | G44: =monthly_data!$D69*264.172/1000000/2 -> 10.907662 | H44: =monthly_data!$D81*264.172/1000000/2 -> 12.48292 | I44: =monthly_data!$D93*264.172/1000000/2 -> 11.251482 | J44: =monthly_data!$D105*264.172/1000000/2 -> 23.680246 | K44: =monthly_data!$D117*264.172/1000000/2 -> 20.95901 | L44: =L$51*(SUM(G44:K44)/SUM(G$51:K$51)) -> 24.143559 | M44: =M$51*(SUM(H44:L44)/SUM(H$51:L$51)) -> 24.692074 | N44: =N$51*(SUM(I44:M44)/SUM(I$51:M$51)) -> 25.047575 | O44: =O$51*(SUM(J44:N44)/SUM(J$51:N$51)) -> 25.525567 | P44: =P$51*(SUM(K44:O44)/SUM(K$51:O$51)) -> 23.882878 | Q44: =Q$51*(SUM(L44:P44)/SUM(L$51:P$51)) -> 25.93563 | R44: =R$51*(SUM(M44:Q44)/SUM(M$51:Q$51)) -> 27.562623 | S44: =S$51*(SUM(N44:R44)/SUM(N$51:R$51)) -> 25.590854 | ... AK44: =AK$51*(SUM(AF44:AJ44)/SUM(AF$51:AJ$51)) -> 18.605844
A45: July | F45: =monthly_data!$D58*264.172/1000000/2 -> 8.1659528 | G45: =monthly_data!$D70*264.172/1000000/2 -> 7.5044661 | H45: =monthly_data!$D82*264.172/1000000/2 -> 8.5602295 | I45: =monthly_data!$D94*264.172/1000000/2 -> 11.876909 | J45: =monthly_data!$D106*264.172/1000000/2 -> 17.522133 | K45: =monthly_data!$D118*264.172/1000000/2 -> 24.154303 | L45: =L$51*(SUM(G45:K45)/SUM(G$51:K$51)) -> 21.200798 | M45: =M$51*(SUM(H45:L45)/SUM(H$51:L$51)) -> 22.235912 | N45: =N$51*(SUM(I45:M45)/SUM(I$51:M$51)) -> 23.197267 | O45: =O$51*(SUM(J45:N45)/SUM(J$51:N$51)) -> 23.326251 | P45: =P$51*(SUM(K45:O45)/SUM(K$51:O$51)) -> 22.642133 | Q45: =Q$51*(SUM(L45:P45)/SUM(L$51:P$51)) -> 23.687031 | R45: =R$51*(SUM(M45:Q45)/SUM(M$51:Q$51)) -> 25.360162 | S45: =S$51*(SUM(N45:R45)/SUM(N$51:R$51)) -> 23.642569 | ... AK45: =AK$51*(SUM(AF45:AJ45)/SUM(AF$51:AJ$51)) -> 17.173555
A46: August | F46: =monthly_data!$D59*264.172/1000000/2 -> 9.8883542 | G46: =monthly_data!$D71*264.172/1000000/2 -> 10.5859 | H46: =monthly_data!$D83*264.172/1000000/2 -> 10.506781 | I46: =monthly_data!$D95*264.172/1000000/2 -> 14.514402 | J46: =monthly_data!$D107*264.172/1000000/2 -> 15.900513 | K46: =monthly_data!$D119*264.172/1000000/2 -> 19.333164 | L46: =L$51*(SUM(G46:K46)/SUM(G$51:K$51)) -> 21.573153 | M46: =M$51*(SUM(H46:L46)/SUM(H$51:L$51)) -> 21.839215 | N46: =N$51*(SUM(I46:M46)/SUM(I$51:M$51)) -> 22.281334 | O46: =O$51*(SUM(J46:N46)/SUM(J$51:N$51)) -> 21.736205 | P46: =P$51*(SUM(K46:O46)/SUM(K$51:O$51)) -> 21.183487 | Q46: =Q$51*(SUM(L46:P46)/SUM(L$51:P$51)) -> 22.847912 | R46: =R$51*(SUM(M46:Q46)/SUM(M$51:Q$51)) -> 24.214227 | S46: =S$51*(SUM(N46:R46)/SUM(N$51:R$51)) -> 22.452633 | ... AK46: =AK$51*(SUM(AF46:AJ46)/SUM(AF$51:AJ$51)) -> 16.333897
A47: September | F47: =monthly_data!$D60*264.172/1000000/2 -> 7.7467118 | G47: =monthly_data!$D72*264.172/1000000/2 -> 10.218041 | H47: =monthly_data!$D84*264.172/1000000/2 -> 5.3471055 | I47: =monthly_data!$D96*264.172/1000000/2 -> 15.659984 | J47: =monthly_data!$D108*264.172/1000000/2 -> 14.175205 | K47: =monthly_data!$D120*264.172/1000000/2 -> 19.231722 | L47: =L$51*(SUM(G47:K47)/SUM(G$51:K$51)) -> 19.682416 | M47: =M$51*(SUM(H47:L47)/SUM(H$51:L$51)) -> 19.77572 | N47: =N$51*(SUM(I47:M47)/SUM(I$51:M$51)) -> 21.172678 | O47: =O$51*(SUM(J47:N47)/SUM(J$51:N$51)) -> 20.25242 | P47: =P$51*(SUM(K47:O47)/SUM(K$51:O$51)) -> 19.864395 | Q47: =Q$51*(SUM(L47:P47)/SUM(L$51:P$51)) -> 21.193269 | R47: =R$51*(SUM(M47:Q47)/SUM(M$51:Q$51)) -> 22.533003 | S47: =S$51*(SUM(N47:R47)/SUM(N$51:R$51)) -> 21.003153 | ... AK47: =AK$51*(SUM(AF47:AJ47)/SUM(AF$51:AJ$51)) -> 15.232035
A48: October | F48: =monthly_data!$D61*264.172/1000000/2 -> 3.0341475 | G48: =monthly_data!$D73*264.172/1000000/2 -> 1.829259 | H48: =monthly_data!$D85*264.172/1000000/2 -> 3.7172963 | I48: =monthly_data!$D97*264.172/1000000/2 -> 14.200566 | J48: =monthly_data!$D109*264.172/1000000/2 -> 10.880981 | K48: =monthly_data!$D121*264.172/1000000/2 -> 4.6051784 | L48: =L$51*(SUM(G48:K48)/SUM(G$51:K$51)) -> 10.729599 | M48: =M$51*(SUM(H48:L48)/SUM(H$51:L$51)) -> 11.778896 | N48: =N$51*(SUM(I48:M48)/SUM(I$51:M$51)) -> 12.483615 | O48: =O$51*(SUM(J48:N48)/SUM(J$51:N$51)) -> 10.871242 | P48: =P$51*(SUM(K48:O48)/SUM(K$51:O$51)) -> 10.013757 | Q48: =Q$51*(SUM(L48:P48)/SUM(L$51:P$51)) -> 11.754308 | R48: =R$51*(SUM(M48:Q48)/SUM(M$51:Q$51)) -> 12.538508 | S48: =S$51*(SUM(N48:R48)/SUM(N$51:R$51)) -> 11.532286 | ... AK48: =AK$51*(SUM(AF48:AJ48)/SUM(AF$51:AJ$51)) -> 8.3142097
A49: November | F49: =monthly_data!$D62*264.172/1000000/2 -> 3.5874558 | G49: =monthly_data!$D74*264.172/1000000/2 -> 0.90848751 | H49: =monthly_data!$D86*264.172/1000000/2 -> 1.4738156 | I49: =monthly_data!$D98*264.172/1000000/2 -> 5.5254216 | J49: =monthly_data!$D110*264.172/1000000/2 -> 13.094478 | K49: =monthly_data!$D122*264.172/1000000/2 -> 2.8051104 | L49: =L$51*(SUM(G49:K49)/SUM(G$51:K$51)) -> 7.2500466 | M49: =M$51*(SUM(H49:L49)/SUM(H$51:L$51)) -> 8.0464827 | N49: =N$51*(SUM(I49:M49)/SUM(I$51:M$51)) -> 8.7827496 | O49: =O$51*(SUM(J49:N49)/SUM(J$51:N$51)) -> 8.6100408 | P49: =P$51*(SUM(K49:O49)/SUM(K$51:O$51)) -> 7.0426579 | Q49: =Q$51*(SUM(L49:P49)/SUM(L$51:P$51)) -> 8.3580181 | R49: =R$51*(SUM(M49:Q49)/SUM(M$51:Q$51)) -> 8.9992212 | S49: =S$51*(SUM(N49:R49)/SUM(N$51:R$51)) -> 8.3585375 | ... AK49: =AK$51*(SUM(AF49:AJ49)/SUM(AF$51:AJ$51)) -> 6.0005026
A50: December | F50: =monthly_data!$D63*264.172/1000000/2 -> 1.0742554 | G50: =monthly_data!$D75*264.172/1000000/2 -> 0.7519656 | H50: =monthly_data!$D87*264.172/1000000/2 -> 1.4031496 | I50: =monthly_data!$D99*264.172/1000000/2 -> 9.8940339 | J50: =monthly_data!$D111*264.172/1000000/2 -> 13.200146 | K50: =monthly_data!$D123*264.172/1000000/2 -> 4.7541714 | L50: =L51-SUM(L39:L49) -> 9.1369629 | M50: =M51-SUM(M39:M49) -> 10.245561 | N50: =N51-SUM(N39:N49) -> 11.296285 | O50: =O51-SUM(O39:O49) -> 10.473864 | P50: =P51-SUM(P39:P49) -> 9.108646 | Q50: =Q51-SUM(Q39:Q49) -> 10.57297 | R50: =R51-SUM(R39:R49) -> 11.391681 | S50: =S51-SUM(S39:S49) -> 10.568689 | ... AK50: =AK51-SUM(AK39:AK49) -> 7.5900827
A51: Total | F51: =SUM(F39:F50) -> 75.403406 | G51: =SUM(G39:G50) -> 77.464476 | H51: =SUM(H39:H50) -> 75.748679 | I51: =SUM(I39:I50) -> 111.74885 | J51: =SUM(J39:J50) -> 161.46708 | K51: =SUM(K39:K50) -> 183.2507 | L51: =L5 -> 185.66593 | M51: =M5 -> 191.59652 | N51: =N5 -> 199.40433 | O51: =O5 -> 198.4338 | P51: =P5 -> 190.15209 | Q51: =Q5 -> 203.05054 | R51: =R5 -> 216.52746 | S51: =S5 -> 201.51364 | ... AK51: =AK5 -> 146.32199
A53: BIODIESEL EXPORTS (million gallons)
B54: =B2 -> 2015 | C54: =C2 -> 2016 | D54: =D2 -> 2017 | E54: =E2 -> 2018 | F54: =F2 -> 2019 | G54: =G2 -> 2020 | H54: =H2 -> 2021 | I54: =I2 -> 2022 | ... AK54: =AK2 -> 2050
A55: January | F55: =monthly_data!$F$52*264.172/1000000 -> 5.6099566 | G55: =monthly_data!$F64*264.172/1000000 -> 7.9346702 | H55: =monthly_data!$F76*264.172/1000000 -> 8.6212532 | I55: =monthly_data!$F88*264.172/1000000 -> 7.0660727 | J55: =monthly_data!$F100*264.172/1000000 -> 10.183831 | K55: =monthly_data!$F112*264.172/1000000 -> 10.839241 | L55: =L$67*(SUM(G55:K55)/SUM(G$67:K$67)) -> 8.5302174 | M55: =M$67*(SUM(H55:L55)/SUM(H$67:L$67)) -> 9.6068151 | N55: =N$67*(SUM(I55:M55)/SUM(I$67:M$67)) -> 9.9438042 | O55: =O$67*(SUM(J55:N55)/SUM(J$67:N$67)) -> 9.7989392 | P55: =P$67*(SUM(K55:O55)/SUM(K$67:O$67)) -> 10.535497 | Q55: =Q$67*(SUM(L55:P55)/SUM(L$67:P$67)) -> 9.8499929 | R55: =R$67*(SUM(M55:Q55)/SUM(M$67:Q$67)) -> 9.8699011 | S55: =S$67*(SUM(N55:R55)/SUM(N$67:R$67)) -> 9.9239535 | ... U55: =U$67*(SUM(P55:T55)/SUM(P$67:T$67)) -> 9.97328 | V55: 0 | W55: 1 | X55: 2 | Y55: 3 | Z55: 4 | AA55: 5 | AB55: 6 | AC55: 7 | AD55: 8 | AE55: 9 | AF55: 10 | AG55: 11 | AH55: 12 | AI55: 13 | AJ55: 14 | AK55: 15
A56: February | F56: =monthly_data!F53*264.172/1000000 -> 4.8694825 | G56: =monthly_data!$F65*264.172/1000000 -> 8.7713029 | H56: =monthly_data!$F77*264.172/1000000 -> 8.5430583 | I56: =monthly_data!$F89*264.172/1000000 -> 5.3999399 | J56: =monthly_data!$F101*264.172/1000000 -> 10.581938 | K56: =monthly_data!$F113*264.172/1000000 -> 10.857469 | L56: =L$67*(SUM(G56:K56)/SUM(G$67:K$67)) -> 8.4363346 | M56: =M$67*(SUM(H56:L56)/SUM(H$67:L$67)) -> 9.3048807 | N56: =N$67*(SUM(I56:M56)/SUM(I$67:M$67)) -> 9.5898127 | O56: =O$67*(SUM(J56:N56)/SUM(J$67:N$67)) -> 9.7323928 | P56: =P$67*(SUM(K56:O56)/SUM(K$67:O$67)) -> 10.362902 | Q56: =Q$67*(SUM(L56:P56)/SUM(L$67:P$67)) -> 9.6487929 | R56: =R$67*(SUM(M56:Q56)/SUM(M$67:Q$67)) -> 9.6523473 | S56: =S$67*(SUM(N56:R56)/SUM(N$67:R$67)) -> 9.7231077 | ... U56: =U$67*(SUM(P56:T56)/SUM(P$67:T$67)) -> 9.7815973 | V56: 0 | W56: 1 | X56: 2 | Y56: 3 | Z56: 4 | AA56: 5 | AB56: 6 | AC56: 7 | AD56: 8 | AE56: 9 | AF56: 10 | AG56: 11 | AH56: 12 | AI56: 13 | AJ56: 14 | AK56: 15
A57: March | F57: =monthly_data!F54*264.172/1000000 -> 8.5929868 | G57: =monthly_data!$F66*264.172/1000000 -> 8.212315 | H57: =monthly_data!$F78*264.172/1000000 -> 9.954001 | I57: =monthly_data!$F90*264.172/1000000 -> 7.4866345 | J57: =monthly_data!$F102*264.172/1000000 -> 12.201312 | K57: =monthly_data!$F114*264.172/1000000 -> 11.263766 | L57: =L$67*(SUM(G57:K57)/SUM(G$67:K$67)) -> 9.3848544 | M57: =M$67*(SUM(H57:L57)/SUM(H$67:L$67)) -> 10.679169 | N57: =N$67*(SUM(I57:M57)/SUM(I$67:M$67)) -> 10.974096 | O57: =O$67*(SUM(J57:N57)/SUM(J$67:N$67)) -> 10.876395 | P57: =P$67*(SUM(K57:O57)/SUM(K$67:O$67)) -> 11.499813 | Q57: =Q$67*(SUM(L57:P57)/SUM(L$67:P$67)) -> 10.867041 | R57: =R$67*(SUM(M57:Q57)/SUM(M$67:Q$67)) -> 10.894192 | S57: =S$67*(SUM(N57:R57)/SUM(N$67:R$67)) -> 10.938895 | ... U57: =U$67*(SUM(P57:T57)/SUM(P$67:T$67)) -> 10.97506 | V57: 0 | W57: 1 | X57: 2 | Y57: 3 | Z57: 4 | AA57: 5 | AB57: 6 | AC57: 7 | AD57: 8 | AE57: 9 | AF57: 10 | AG57: 11 | AH57: 12 | AI57: 13 | AJ57: 14 | AK57: 15
A58: April | F58: =monthly_data!F55*264.172/1000000 -> 6.2442336 | G58: =monthly_data!$F67*264.172/1000000 -> 9.6546941 | H58: =monthly_data!$F79*264.172/1000000 -> 9.5548371 | I58: =monthly_data!$F91*264.172/1000000 -> 8.0701904 | J58: =monthly_data!$F103*264.172/1000000 -> 10.321993 | K58: =monthly_data!$F115*264.172/1000000 -> 11.442346 | L58: =L$67*(SUM(G58:K58)/SUM(G$67:K$67)) -> 9.3707214 | M58: =M$67*(SUM(H58:L58)/SUM(H$67:L$67)) -> 10.354173 | N58: =N$67*(SUM(I58:M58)/SUM(I$67:M$67)) -> 10.660825 | O58: =O$67*(SUM(J58:N58)/SUM(J$67:N$67)) -> 10.406814 | P58: =P$67*(SUM(K58:O58)/SUM(K$67:O$67)) -> 11.295803 | Q58: =Q$67*(SUM(L58:P58)/SUM(L$67:P$67)) -> 10.597271 | R58: =R$67*(SUM(M58:Q58)/SUM(M$67:Q$67)) -> 10.580318 | S58: =S$67*(SUM(N58:R58)/SUM(N$67:R$67)) -> 10.627171 | ... U58: =U$67*(SUM(P58:T58)/SUM(P$67:T$67)) -> 10.694292 | V58: 0 | W58: 1 | X58: 2 | Y58: 3 | Z58: 4 | AA58: 5 | AB58: 6 | AC58: 7 | AD58: 8 | AE58: 9 | AF58: 10 | AG58: 11 | AH58: 12 | AI58: 13 | AJ58: 14 | AK58: 15
A59: May | F59: =monthly_data!F56*264.172/1000000 -> 7.8015275 | G59: =monthly_data!$F68*264.172/1000000 -> 10.921927 | H59: =monthly_data!$F80*264.172/1000000 -> 8.7010332 | I59: =monthly_data!$F92*264.172/1000000 -> 7.0121816 | J59: =monthly_data!$F104*264.172/1000000 -> 11.166022 | K59: =monthly_data!$F116*264.172/1000000 -> 9.2761356 | L59: =L$67*(SUM(G59:K59)/SUM(G$67:K$67)) -> 8.9949376 | M59: =M$67*(SUM(H59:L59)/SUM(H$67:L$67)) -> 9.5876388 | N59: =N$67*(SUM(I59:M59)/SUM(I$67:M$67)) -> 9.9030918 | O59: =O$67*(SUM(J59:N59)/SUM(J$67:N$67)) -> 9.763801 | P59: =P$67*(SUM(K59:O59)/SUM(K$67:O$67)) -> 10.277421 | Q59: =Q$67*(SUM(L59:P59)/SUM(L$67:P$67)) -> 9.8727013 | R59: =R$67*(SUM(M59:Q59)/SUM(M$67:Q$67)) -> 9.8043345 | S59: =S$67*(SUM(N59:R59)/SUM(N$67:R$67)) -> 9.8491669 | ... U59: =U$67*(SUM(P59:T59)/SUM(P$67:T$67)) -> 9.8822292 | V59: 0 | W59: 1 | X59: 2 | Y59: 3 | Z59: 4 | AA59: 5 | AB59: 6 | AC59: 7 | AD59: 8 | AE59: 9 | AF59: 10 | AG59: 11 | AH59: 12 | AI59: 13 | AJ59: 14 | AK59: 15
A60: June | F60: =monthly_data!F57*264.172/1000000 -> 7.6837068 | G60: =monthly_data!$F69*264.172/1000000 -> 9.6982825 | H60: =monthly_data!$F81*264.172/1000000 -> 9.0787991 | I60: =monthly_data!$F93*264.172/1000000 -> 7.5122592 | J60: =monthly_data!$F105*264.172/1000000 -> 12.592023 | K60: =monthly_data!$F117*264.172/1000000 -> 11.143303 | L60: =L$67*(SUM(G60:K60)/SUM(G$67:K$67)) -> 9.5580834 | M60: =M$67*(SUM(H60:L60)/SUM(H$67:L$67)) -> 10.592934 | N60: =N$67*(SUM(I60:M60)/SUM(I$67:M$67)) -> 11.056455 | O60: =O$67*(SUM(J60:N60)/SUM(J$67:N$67)) -> 10.96412 | P60: =P$67*(SUM(K60:O60)/SUM(K$67:O$67)) -> 11.529356 | Q60: =Q$67*(SUM(L60:P60)/SUM(L$67:P$67)) -> 10.925353 | R60: =R$67*(SUM(M60:Q60)/SUM(M$67:Q$67)) -> 10.928267 | S60: =S$67*(SUM(N60:R60)/SUM(N$67:R$67)) -> 10.996856 | ... U60: =U$67*(SUM(P60:T60)/SUM(P$67:T$67)) -> 11.021429 | V60: 0 | W60: 1 | X60: 2 | Y60: 3 | Z60: 4 | AA60: 5 | AB60: 6 | AC60: 7 | AD60: 8 | AE60: 9 | AF60: 10 | AG60: 11 | AH60: 12 | AI60: 13 | AJ60: 14 | AK60: 15
A61: July | F61: =monthly_data!F58*264.172/1000000 -> 8.4215392 | G61: =monthly_data!$F70*264.172/1000000 -> 11.74271 | H61: =monthly_data!$F82*264.172/1000000 -> 10.294519 | I61: =monthly_data!$F94*264.172/1000000 -> 8.0868333 | J61: =monthly_data!$F106*264.172/1000000 -> 13.266454 | K61: =monthly_data!$F118*264.172/1000000 -> 12.702975 | L61: =L$67*(SUM(G61:K61)/SUM(G$67:K$67)) -> 10.717638 | M61: =M$67*(SUM(H61:L61)/SUM(H$67:L$67)) -> 11.693743 | N61: =N$67*(SUM(I61:M61)/SUM(I$67:M$67)) -> 12.146866 | O61: =O$67*(SUM(J61:N61)/SUM(J$67:N$67)) -> 12.078611 | P61: =P$67*(SUM(K61:O61)/SUM(K$67:O$67)) -> 12.83225 | Q61: =Q$67*(SUM(L61:P61)/SUM(L$67:P$67)) -> 12.098874 | R61: =R$67*(SUM(M61:Q61)/SUM(M$67:Q$67)) -> 12.075727 | S61: =S$67*(SUM(N61:R61)/SUM(N$67:R$67)) -> 12.153789 | ... U61: =U$67*(SUM(P61:T61)/SUM(P$67:T$67)) -> 12.206103 | V61: 0 | W61: 1 | X61: 2 | Y61: 3 | Z61: 4 | AA61: 5 | AB61: 6 | AC61: 7 | AD61: 8 | AE61: 9 | AF61: 10 | AG61: 11 | AH61: 12 | AI61: 13 | AJ61: 14 | AK61: 15
A62: August | F62: =monthly_data!F59*264.172/1000000 -> 5.2184537 | G62: =monthly_data!$F71*264.172/1000000 -> 11.232593 | H62: =monthly_data!$F83*264.172/1000000 -> 11.315808 | I62: =monthly_data!$F95*264.172/1000000 -> 8.0812857 | J62: =monthly_data!$F107*264.172/1000000 -> 12.675765 | K62: =monthly_data!$F119*264.172/1000000 -> 8.8341759 | L62: =L$67*(SUM(G62:K62)/SUM(G$67:K$67)) -> 9.9621835 | M62: =M$67*(SUM(H62:L62)/SUM(H$67:L$67)) -> 10.802045 | N62: =N$67*(SUM(I62:M62)/SUM(I$67:M$67)) -> 10.832061 | O62: =O$67*(SUM(J62:N62)/SUM(J$67:N$67)) -> 10.597623 | P62: =P$67*(SUM(K62:O62)/SUM(K$67:O$67)) -> 11.034834 | Q62: =Q$67*(SUM(L62:P62)/SUM(L$67:P$67)) -> 10.829285 | R62: =R$67*(SUM(M62:Q62)/SUM(M$67:Q$67)) -> 10.7353 | S62: =S$67*(SUM(N62:R62)/SUM(N$67:R$67)) -> 10.724047 | ... U62: =U$67*(SUM(P62:T62)/SUM(P$67:T$67)) -> 10.754959 | V62: 0 | W62: 1 | X62: 2 | Y62: 3 | Z62: 4 | AA62: 5 | AB62: 6 | AC62: 7 | AD62: 8 | AE62: 9 | AF62: 10 | AG62: 11 | AH62: 12 | AI62: 13 | AJ62: 14 | AK62: 15
A63: September | F63: =monthly_data!F60*264.172/1000000 -> 6.7580481 | G63: =monthly_data!$F72*264.172/1000000 -> 9.8795045 | H63: =monthly_data!$F84*264.172/1000000 -> 9.3572364 | I63: =monthly_data!$F96*264.172/1000000 -> 7.9661067 | J63: =monthly_data!$F108*264.172/1000000 -> 8.8386668 | K63: =monthly_data!$F120*264.172/1000000 -> 10.526462 | L63: =L$67*(SUM(G63:K63)/SUM(G$67:K$67)) -> 8.8976225 | M63: =M$67*(SUM(H63:L63)/SUM(H$67:L$67)) -> 9.6801773 | N63: =N$67*(SUM(I63:M63)/SUM(I$67:M$67)) -> 9.8755831 | O63: =O$67*(SUM(J63:N63)/SUM(J$67:N$67)) -> 9.5424315 | P63: =P$67*(SUM(K63:O63)/SUM(K$67:O$67)) -> 10.492952 | Q63: =Q$67*(SUM(L63:P63)/SUM(L$67:P$67)) -> 9.8649449 | R63: =R$67*(SUM(M63:Q63)/SUM(M$67:Q$67)) -> 9.8145416 | S63: =S$67*(SUM(N63:R63)/SUM(N$67:R$67)) -> 9.8430343 | ... U63: =U$67*(SUM(P63:T63)/SUM(P$67:T$67)) -> 9.9241319 | V63: 0 | W63: 1 | X63: 2 | Y63: 3 | Z63: 4 | AA63: 5 | AB63: 6 | AC63: 7 | AD63: 8 | AE63: 9 | AF63: 10 | AG63: 11 | AH63: 12 | AI63: 13 | AJ63: 14 | AK63: 15
A64: October | F64: =monthly_data!F61*264.172/1000000 -> 9.9722288 | G64: =monthly_data!$F73*264.172/1000000 -> 10.332031 | H64: =monthly_data!$F85*264.172/1000000 -> 10.277083 | I64: =monthly_data!$F97*264.172/1000000 -> 11.516578 | J64: =monthly_data!$F109*264.172/1000000 -> 11.930536 | K64: =monthly_data!$F121*264.172/1000000 -> 12.05047 | L64: =L$67*(SUM(G64:K64)/SUM(G$67:K$67)) -> 10.720161 | M64: =M$67*(SUM(H64:L64)/SUM(H$67:L$67)) -> 11.99664 | N64: =N$67*(SUM(I64:M64)/SUM(I$67:M$67)) -> 12.522611 | O64: =O$67*(SUM(J64:N64)/SUM(J$67:N$67)) -> 11.817741 | P64: =P$67*(SUM(K64:O64)/SUM(K$67:O$67)) -> 12.782035 | Q64: =Q$67*(SUM(L64:P64)/SUM(L$67:P$67)) -> 12.174166 | R64: =R$67*(SUM(M64:Q64)/SUM(M$67:Q$67)) -> 12.163611 | S64: =S$67*(SUM(N64:R64)/SUM(N$67:R$67)) -> 12.199012 | ... U64: =U$67*(SUM(P64:T64)/SUM(P$67:T$67)) -> 12.233652 | V64: 0 | W64: 1 | X64: 2 | Y64: 3 | Z64: 4 | AA64: 5 | AB64: 6 | AC64: 7 | AD64: 8 | AE64: 9 | AF64: 10 | AG64: 11 | AH64: 12 | AI64: 13 | AJ64: 14 | AK64: 15
A65: November | F65: =monthly_data!F62*264.172/1000000 -> 8.6645774 | G65: =monthly_data!$F74*264.172/1000000 -> 11.077789 | H65: =monthly_data!$F86*264.172/1000000 -> 10.198624 | I65: =monthly_data!$F98*264.172/1000000 -> 12.1461 | J65: =monthly_data!$F110*264.172/1000000 -> 10.990084 | K65: =monthly_data!$F122*264.172/1000000 -> 12.165385 | L65: =L$67*(SUM(G65:K65)/SUM(G$67:K$67)) -> 10.810208 | M65: =M$67*(SUM(H65:L65)/SUM(H$67:L$67)) -> 11.957477 | N65: =N$67*(SUM(I65:M65)/SUM(I$67:M$67)) -> 12.491392 | O65: =O$67*(SUM(J65:N65)/SUM(J$67:N$67)) -> 11.656925 | P65: =P$67*(SUM(K65:O65)/SUM(K$67:O$67)) -> 12.776361 | Q65: =Q$67*(SUM(L65:P65)/SUM(L$67:P$67)) -> 12.144295 | R65: =R$67*(SUM(M65:Q65)/SUM(M$67:Q$67)) -> 12.110675 | S65: =S$67*(SUM(N65:R65)/SUM(N$67:R$67)) -> 12.143333 | ... U65: =U$67*(SUM(P65:T65)/SUM(P$67:T$67)) -> 12.192953 | V65: 0 | W65: 1 | X65: 2 | Y65: 3 | Z65: 4 | AA65: 5 | AB65: 6 | AC65: 7 | AD65: 8 | AE65: 9 | AF65: 10 | AG65: 11 | AH65: 12 | AI65: 13 | AJ65: 14 | AK65: 15
A66: December | F66: =monthly_data!F63*264.172/1000000 -> 9.9376223 | G66: =monthly_data!$F75*264.172/1000000 -> 9.6549583 | H66: =monthly_data!$F87*264.172/1000000 -> 10.469929 | I66: =monthly_data!$F99*264.172/1000000 -> 9.7302473 | J66: =monthly_data!$F111*264.172/1000000 -> 12.038054 | K66: =monthly_data!$F123*264.172/1000000 -> 8.4400312 | L66: =L67-SUM(L55:L65) -> 9.6170378 | M66: =M67-SUM(M55:M65) -> 10.680174 | N66: =N67-SUM(N55:N65) -> 10.864347 | O66: =O67-SUM(O55:O65) -> 10.304958 | P66: =P67-SUM(P55:P65) -> 10.792301 | Q66: =Q67-SUM(Q55:Q65) -> 10.631955 | R66: =R67-SUM(R55:R65) -> 10.572152 | S66: =S67-SUM(S55:S65) -> 10.552675 | ... AK66: =AK67-SUM(AK55:AK65) -> -21.341792
A67: Total | F67: =SUM(F55:F66) -> 89.774363 | G67: =SUM(G55:G66) -> 119.11278 | H67: =SUM(H55:H66) -> 116.36618 | I67: =SUM(I55:I66) -> 100.07443 | J67: =SUM(J55:J66) -> 136.78668 | K67: =SUM(K55:K66) -> 129.54176 | L67: =L8 -> 115 | M67: =M8 -> 126.93587 | N67: =N8 -> 130.86095 | O67: =O8 -> 127.54075 | P67: =P8 -> 136.21153 | Q67: =Q8 -> 129.50467 | R67: =R8 -> 129.20137 | S67: =S8 -> 129.67504 | ... AK67: =AK8 -> 143.65821
A69: BIODIESEL CONSUMPTION (millions of gallons)
B70: =B2 -> 2015 | C70: =C2 -> 2016 | D70: =D2 -> 2017 | E70: =E2 -> 2018 | F70: =F2 -> 2019 | G70: =G2 -> 2020 | H70: =H2 -> 2021 | I70: =I2 -> 2022 | ... AK70: =AK2 -> 2050
A71: January | K71: =K87+K23+K39-K55-K88 -> 6.031212 | L71: =L$83*(SUM(G23:K23)/SUM(G$35:K$35)) -> 17.548906 | M71: =M$83*(SUM(H23:L23)/SUM(H$35:L$35)) -> 14.664239 | N71: =N$83*(SUM(I23:M23)/SUM(I$35:M$35)) -> 15.468408 | O71: =O$83*(SUM(J23:N23)/SUM(J$35:N$35)) -> 15.347701 | P71: =P$83*(SUM(K23:O23)/SUM(K$35:O$35)) -> 15.647514 | Q71: =Q$83*(SUM(L23:P23)/SUM(L$35:P$35)) -> 16.081161 | R71: =R$83*(SUM(M23:Q23)/SUM(M$35:Q$35)) -> 16.858232 | S71: =S$83*(SUM(N23:R23)/SUM(N$35:R$35)) -> 15.944919 | ... AK71: =AK$83*(SUM(AF23:AJ23)/SUM(AF$35:AJ$35)) -> 15.955879
A72: February | K72: =K88+K24+K40-K56-K89 -> 14.237203 | L72: =L$83*(SUM(G24:K24)/SUM(G$35:K$35)) -> 19.479235 | M72: =M$83*(SUM(H24:L24)/SUM(H$35:L$35)) -> 16.87083 | N72: =N$83*(SUM(I24:M24)/SUM(I$35:M$35)) -> 17.988508 | O72: =O$83*(SUM(J24:N24)/SUM(J$35:N$35)) -> 18.192852 | P72: =P$83*(SUM(K24:O24)/SUM(K$35:O$35)) -> 19.034537 | Q72: =Q$83*(SUM(L24:P24)/SUM(L$35:P$35)) -> 18.739343 | R72: =R$83*(SUM(M24:Q24)/SUM(M$35:Q$35)) -> 19.844054 | S72: =S$83*(SUM(N24:R24)/SUM(N$35:R$35)) -> 18.848034 | ... AK72: =AK$83*(SUM(AF24:AJ24)/SUM(AF$35:AJ$35)) -> 18.869675
A73: March | K73: =K89+K25+K41-K57-K90 -> 13.173406 | L73: =L$83*(SUM(G25:K25)/SUM(G$35:K$35)) -> 20.496584 | M73: =M$83*(SUM(H25:L25)/SUM(H$35:L$35)) -> 18.217911 | N73: =N$83*(SUM(I25:M25)/SUM(I$35:M$35)) -> 19.243032 | O73: =O$83*(SUM(J25:N25)/SUM(J$35:N$35)) -> 19.068217 | P73: =P$83*(SUM(K25:O25)/SUM(K$35:O$35)) -> 19.65193 | Q73: =Q$83*(SUM(L25:P25)/SUM(L$35:P$35)) -> 19.778483 | R73: =R$83*(SUM(M25:Q25)/SUM(M$35:Q$35)) -> 20.957346 | S73: =S$83*(SUM(N25:R25)/SUM(N$35:R$35)) -> 19.824381 | ... AK73: =AK$83*(SUM(AF25:AJ25)/SUM(AF$35:AJ$35)) -> 19.82293
A74: April | K74: =K90+K26+K42-K58-K91 -> 19.751599 | L74: =L$83*(SUM(G26:K26)/SUM(G$35:K$35)) -> 19.036753 | M74: =M$83*(SUM(H26:L26)/SUM(H$35:L$35)) -> 16.479099 | N74: =N$83*(SUM(I26:M26)/SUM(I$35:M$35)) -> 17.125884 | O74: =O$83*(SUM(J26:N26)/SUM(J$35:N$35)) -> 16.766706 | P74: =P$83*(SUM(K26:O26)/SUM(K$35:O$35)) -> 17.524444 | Q74: =Q$83*(SUM(L26:P26)/SUM(L$35:P$35)) -> 17.777841 | R74: =R$83*(SUM(M26:Q26)/SUM(M$35:Q$35)) -> 18.711547 | S74: =S$83*(SUM(N26:R26)/SUM(N$35:R$35)) -> 17.656801 | ... AK74: =AK$83*(SUM(AF26:AJ26)/SUM(AF$35:AJ$35)) -> 17.687883
A75: May | K75: =K91+K27+K43-K59-K92 -> 36.034454 | L75: =L$83*(SUM(G27:K27)/SUM(G$35:K$35)) -> 20.533473 | M75: =M$83*(SUM(H27:L27)/SUM(H$35:L$35)) -> 17.565928 | N75: =N$83*(SUM(I27:M27)/SUM(I$35:M$35)) -> 19.015512 | O75: =O$83*(SUM(J27:N27)/SUM(J$35:N$35)) -> 18.870712 | P75: =P$83*(SUM(K27:O27)/SUM(K$35:O$35)) -> 19.438267 | Q75: =Q$83*(SUM(L27:P27)/SUM(L$35:P$35)) -> 19.519278 | R75: =R$83*(SUM(M27:Q27)/SUM(M$35:Q$35)) -> 20.619986 | S75: =S$83*(SUM(N27:R27)/SUM(N$35:R$35)) -> 19.577851 | ... AK75: =AK$83*(SUM(AF27:AJ27)/SUM(AF$35:AJ$35)) -> 19.561894
A76: June | K76: =K92+K28+K44-K60-K93 -> 24.974101 | L76: =L$83*(SUM(G28:K28)/SUM(G$35:K$35)) -> 22.145906 | M76: =M$83*(SUM(H28:L28)/SUM(H$35:L$35)) -> 19.469969 | N76: =N$83*(SUM(I28:M28)/SUM(I$35:M$35)) -> 20.313062 | O76: =O$83*(SUM(J28:N28)/SUM(J$35:N$35)) -> 20.235344 | P76: =P$83*(SUM(K28:O28)/SUM(K$35:O$35)) -> 20.686935 | Q76: =Q$83*(SUM(L28:P28)/SUM(L$35:P$35)) -> 21.034093 | R76: =R$83*(SUM(M28:Q28)/SUM(M$35:Q$35)) -> 22.21634 | S76: =S$83*(SUM(N28:R28)/SUM(N$35:R$35)) -> 20.983414 | ... AK76: =AK$83*(SUM(AF28:AJ28)/SUM(AF$35:AJ$35)) -> 20.996536
A77: July | K77: =K93+K29+K45-K61-K94 -> 16.757784 | L77: =L$83*(SUM(G29:K29)/SUM(G$35:K$35)) -> 20.882087 | M77: =M$83*(SUM(H29:L29)/SUM(H$35:L$35)) -> 17.398315 | N77: =N$83*(SUM(I29:M29)/SUM(I$35:M$35)) -> 18.036613 | O77: =O$83*(SUM(J29:N29)/SUM(J$35:N$35)) -> 17.816177 | P77: =P$83*(SUM(K29:O29)/SUM(K$35:O$35)) -> 17.886701 | Q77: =Q$83*(SUM(L29:P29)/SUM(L$35:P$35)) -> 18.797618 | R77: =R$83*(SUM(M29:Q29)/SUM(M$35:Q$35)) -> 19.630257 | S77: =S$83*(SUM(N29:R29)/SUM(N$35:R$35)) -> 18.501441 | ... AK77: =AK$83*(SUM(AF29:AJ29)/SUM(AF$35:AJ$35)) -> 18.519313
A78: August | K78: =K94+K30+K46-K62-K95 -> 34.094616 | L78: =L$83*(SUM(G30:K30)/SUM(G$35:K$35)) -> 21.537866 | M78: =M$83*(SUM(H30:L30)/SUM(H$35:L$35)) -> 18.849208 | N78: =N$83*(SUM(I30:M30)/SUM(I$35:M$35)) -> 19.867138 | O78: =O$83*(SUM(J30:N30)/SUM(J$35:N$35)) -> 19.725298 | P78: =P$83*(SUM(K30:O30)/SUM(K$35:O$35)) -> 20.538981 | Q78: =Q$83*(SUM(L30:P30)/SUM(L$35:P$35)) -> 20.564451 | R78: =R$83*(SUM(M30:Q30)/SUM(M$35:Q$35)) -> 21.743613 | S78: =S$83*(SUM(N30:R30)/SUM(N$35:R$35)) -> 20.578704 | ... AK78: =AK$83*(SUM(AF30:AJ30)/SUM(AF$35:AJ$35)) -> 20.597172
A79: September | K79: =K95+K31+K47-K63-K96 -> 18.562561 | L79: =L$83*(SUM(G31:K31)/SUM(G$35:K$35)) -> 20.694842 | M79: =M$83*(SUM(H31:L31)/SUM(H$35:L$35)) -> 18.142004 | N79: =N$83*(SUM(I31:M31)/SUM(I$35:M$35)) -> 18.976347 | O79: =O$83*(SUM(J31:N31)/SUM(J$35:N$35)) -> 18.10128 | P79: =P$83*(SUM(K31:O31)/SUM(K$35:O$35)) -> 18.840018 | Q79: =Q$83*(SUM(L31:P31)/SUM(L$35:P$35)) -> 19.373822 | R79: =R$83*(SUM(M31:Q31)/SUM(M$35:Q$35)) -> 20.401799 | S79: =S$83*(SUM(N31:R31)/SUM(N$35:R$35)) -> 19.216501 | ... AK79: =AK$83*(SUM(AF31:AJ31)/SUM(AF$35:AJ$35)) -> 19.220631
A80: October | K80: =K96+K32+K48-K64-K97 -> 5.6877421 | L80: =L$83*(SUM(G32:K32)/SUM(G$35:K$35)) -> 21.447275 | M80: =M$83*(SUM(H32:L32)/SUM(H$35:L$35)) -> 18.796189 | N80: =N$83*(SUM(I32:M32)/SUM(I$35:M$35)) -> 19.954228 | O80: =O$83*(SUM(J32:N32)/SUM(J$35:N$35)) -> 18.772173 | P80: =P$83*(SUM(K32:O32)/SUM(K$35:O$35)) -> 19.457831 | Q80: =Q$83*(SUM(L32:P32)/SUM(L$35:P$35)) -> 20.123319 | R80: =R$83*(SUM(M32:Q32)/SUM(M$35:Q$35)) -> 21.200951 | S80: =S$83*(SUM(N32:R32)/SUM(N$35:R$35)) -> 19.980647 | ... AK80: =AK$83*(SUM(AF32:AJ32)/SUM(AF$35:AJ$35)) -> 19.95511
A81: November | K81: =K97+K33+K49-K65-K98 -> 1.2579046 | L81: =L$83*(SUM(G33:K33)/SUM(G$35:K$35)) -> 24.645327 | M81: =M$83*(SUM(H33:L33)/SUM(H$35:L$35)) -> 21.487432 | N81: =N$83*(SUM(I33:M33)/SUM(I$35:M$35)) -> 22.893289 | O81: =O$83*(SUM(J33:N33)/SUM(J$35:N$35)) -> 21.862499 | P81: =P$83*(SUM(K33:O33)/SUM(K$35:O$35)) -> 22.74197 | Q81: =Q$83*(SUM(L33:P33)/SUM(L$35:P$35)) -> 23.236994 | R81: =R$83*(SUM(M33:Q33)/SUM(M$35:Q$35)) -> 24.506096 | S81: =S$83*(SUM(N33:R33)/SUM(N$35:R$35)) -> 23.143919 | ... AK81: =AK$83*(SUM(AF33:AJ33)/SUM(AF$35:AJ$35)) -> 23.125206
A82: December | K82: =K98+K34+K50-K66-K99 -> 24.271777 | L82: =L$83*(SUM(G34:K34)/SUM(G$35:K$35)) -> 22.819578 | M82: =M$83*(SUM(H34:L34)/SUM(H$35:L$35)) -> 20.231351 | N82: =N$83*(SUM(I34:M34)/SUM(I$35:M$35)) -> 21.104091 | O82: =O$83*(SUM(J34:N34)/SUM(J$35:N$35)) -> 20.359333 | P82: =P$83*(SUM(K34:O34)/SUM(K$35:O$35)) -> 21.456254 | Q82: =Q$83*(SUM(L34:P34)/SUM(L$35:P$35)) -> 21.677235 | R82: =R$83*(SUM(M34:Q34)/SUM(M$35:Q$35)) -> 22.896343 | S82: =S$83*(SUM(N34:R34)/SUM(N$35:R$35)) -> 21.5922 | ... AK82: =AK$83*(SUM(AF34:AJ34)/SUM(AF$35:AJ$35)) -> 21.615584
A83: Total | K83: =SUM(K71:K82) -> 214.83436 | L83: =L7 -> 251.26783 | M83: =M7 -> 218.17248 | N83: =N7 -> 229.98611 | O83: =O7 -> 225.11829 | P83: =P7 -> 232.90538 | Q83: =Q7 -> 236.70364 | R83: =R7 -> 249.58656 | S83: =S7 -> 235.84881 | ... AK83: =AK7 -> 235.92781
J84: =J7 -> 233.93169
A85: BIODIESEL ENDING STOCKS (million gallons)
B86: =B2 -> 2015 | C86: =C2 -> 2016 | D86: =D2 -> 2017 | E86: =E2 -> 2018 | F86: =F2 -> 2019 | G86: =G2 -> 2020 | H86: =H2 -> 2021 | I86: =I2 -> 2022 | ... AK86: =AK2 -> 2050
A87: January | G87: =monthly_data!$H64*264.172/1000000 -> 2.9922762 | H87: =monthly_data!$H76*264.172/1000000 -> 2.0071789 | I87: =monthly_data!$H88*264.172/1000000 -> 0.88339117 | J87: =monthly_data!$H100*264.172/1000000 -> 1.3007829 | K87: =monthly_data!$H112*264.172/1000000 -> 3.1254189
A88: February | G88: =monthly_data!$H65*264.172/1000000 -> 3.2342578 | H88: =monthly_data!$H77*264.172/1000000 -> 1.6854174 | I88: =monthly_data!$H89*264.172/1000000 -> 1.4748723 | J88: =monthly_data!$H101*264.172/1000000 -> 1.1216743 | K88: =monthly_data!$H113*264.172/1000000 -> 7.1957811
A89: March | G89: =monthly_data!$H66*264.172/1000000 -> 2.8881925 | H89: =monthly_data!$H78*264.172/1000000 -> 1.3702602 | I89: =monthly_data!$H90*264.172/1000000 -> 1.1832264 | J89: =monthly_data!$H102*264.172/1000000 -> 1.6262428 | K89: =monthly_data!$H114*264.172/1000000 -> 7.9684842
A90: April | G90: =monthly_data!$H67*264.172/1000000 -> 2.8118468 | H90: =monthly_data!$H79*264.172/1000000 -> 1.6312621 | I90: =monthly_data!$H91*264.172/1000000 -> 1.0450644 | J90: =monthly_data!$H103*264.172/1000000 -> 1.3647126 | K90: =monthly_data!$H115*264.172/1000000 -> 17.311455
A91: May | G91: =monthly_data!$H68*264.172/1000000 -> 2.8004874 | H91: =monthly_data!$H80*264.172/1000000 -> 1.1708103 | I91: =monthly_data!$H92*264.172/1000000 -> 1.2046243 | J91: =monthly_data!$H104*264.172/1000000 -> 1.4743439 | K91: =monthly_data!$H116*264.172/1000000 -> 16.449726
A92: June | G92: =monthly_data!$H69*264.172/1000000 -> 3.014995 | H92: =monthly_data!$H81*264.172/1000000 -> 1.5160831 | I92: =monthly_data!$H93*264.172/1000000 -> 1.1467707 | J92: =monthly_data!$H105*264.172/1000000 -> 1.7675749 | K92: =monthly_data!$H117*264.172/1000000 -> 12.626629
A93: July | G93: =monthly_data!$H70*264.172/1000000 -> 3.1169654 | H93: =monthly_data!$H82*264.172/1000000 -> 1.3686751 | I93: =monthly_data!$H94*264.172/1000000 -> 0.94864165 | J93: =monthly_data!$H106*264.172/1000000 -> 1.4524177 | K93: =monthly_data!$H118*264.172/1000000 -> 11.468235
A94: August | G94: =monthly_data!$H71*264.172/1000000 -> 2.8171302 | H94: =monthly_data!$H83*264.172/1000000 -> 1.2939145 | I94: =monthly_data!$H95*264.172/1000000 -> 0.51434288 | J94: =monthly_data!$H107*264.172/1000000 -> 0.67601615 | K94: =monthly_data!$H119*264.172/1000000 -> 16.161779
A95: September | G95: =monthly_data!$H72*264.172/1000000 -> 2.7228208 | H95: =monthly_data!$H84*264.172/1000000 -> 1.03212 | I95: =monthly_data!$H96*264.172/1000000 -> 1.3338044 | J95: =monthly_data!$H108*264.172/1000000 -> 1.3633917 | K95: =monthly_data!$H120*264.172/1000000 -> 7.5661503
A96: October | G96: =monthly_data!$H73*264.172/1000000 -> 2.2002886 | H96: =monthly_data!$H85*264.172/1000000 -> 1.1261652 | I96: =monthly_data!$H97*264.172/1000000 -> 1.3356536 | J96: =monthly_data!$H109*264.172/1000000 -> 1.0688399 | K96: =monthly_data!$H121*264.172/1000000 -> 9.7088493
A97: November | G97: =monthly_data!$H74*264.172/1000000 -> 3.0863215 | H97: =monthly_data!$H86*264.172/1000000 -> 1.1930008 | I97: =monthly_data!$H98*264.172/1000000 -> 1.1470348 | J97: =monthly_data!$H110*264.172/1000000 -> 2.7434262 | K97: =monthly_data!$H122*264.172/1000000 -> 8.5758156
A98: December | G98: =monthly_data!$H75*264.172/1000000 -> 2.3416206 | H98: =monthly_data!$H87*264.172/1000000 -> 1.8296553 | I98: =monthly_data!$H99*264.172/1000000 -> 1.3364461 | J98: =monthly_data!$H111*264.172/1000000 -> 2.9426119 | K98: =monthly_data!$H123*264.172/1000000 -> 12.957637
A100: GTT BIODIESEL IMPORTS (million gallons)
B101: =B2 -> 2015 | C101: =C2 -> 2016 | D101: =D2 -> 2017 | E101: =E2 -> 2018 | F101: =F2 -> 2019 | G101: =G2 -> 2020 | H101: =H2 -> 2021 | I101: =I2 -> 2022 | ... AK101: =AK2 -> 2050
A102: January | B102: =monthly_data!V4/3.31/1000000 -> 0.9096997 | C102: =monthly_data!$V16/3.31/1000000 -> 5.7876571 | D102: =monthly_data!$V28/3.31/1000000 -> 0.72277885 | E102: =monthly_data!$V40/3.31/1000000 -> 0.86256375 | F102: =monthly_data!$V52/3.31/1000000 -> 7.3893063 | G102: =monthly_data!$V64/3.31/1000000 -> 10.308136 | H102: =monthly_data!$V76/3.31/1000000 -> 13.593798 | I102: =monthly_data!$V88/3.31/1000000 -> 8.1089937 | J102: =monthly_data!$V100/3.31/1000000 -> 3.2659831 | K102: =monthly_data!$V112/3.31/1000000 -> 3.6895272 | L102: =L$114*(SUM(G102:K102)/SUM(G$114:K$114)) -> 7.7932877 | M102: =M$114*(SUM(H102:L102)/SUM(H$114:L$114)) -> 7.290318 | N102: =N$114*(SUM(I102:M102)/SUM(I$114:M$114)) -> 6.0296219 | O102: =O$114*(SUM(J102:N102)/SUM(J$114:N$114)) -> 5.6137476 | P102: =P$114*(SUM(K102:O102)/SUM(K$114:O$114)) -> 6.0833005 | Q102: =Q$114*(SUM(L102:P102)/SUM(L$114:P$114)) -> 6.901969 | R102: =R$114*(SUM(M102:Q102)/SUM(M$114:Q$114)) -> 7.0334504 | S102: =S$114*(SUM(N102:R102)/SUM(N$114:R$114)) -> 6.3324179 | ... AK102: =AK$114*(SUM(AF102:AJ102)/SUM(AF$114:AJ$114)) -> 4.6967924
A103: February | B103: =monthly_data!V5/3.31/1000000 -> 5.3061894 | C103: =monthly_data!$V17/3.31/1000000 -> 0.7714994 | D103: =monthly_data!$V29/3.31/1000000 -> 6.1008495 | E103: =monthly_data!$V41/3.31/1000000 -> 8.2325094 | F103: =monthly_data!$V53/3.31/1000000 -> 2.1787758 | G103: =monthly_data!$V65/3.31/1000000 -> 6.621261 | H103: =monthly_data!$V77/3.31/1000000 -> 2.6053565 | I103: =monthly_data!$V89/3.31/1000000 -> 3.4752456 | J103: =monthly_data!$V101/3.31/1000000 -> 4.9484118 | K103: =monthly_data!$V113/3.31/1000000 -> 7.8106245 | L103: =L$114*(SUM(G103:K103)/SUM(G$114:K$114)) -> 5.0921799 | M103: =M$114*(SUM(H103:L103)/SUM(H$114:L$114)) -> 4.7863636 | N103: =N$114*(SUM(I103:M103)/SUM(I$114:M$114)) -> 5.2225651 | O103: =O$114*(SUM(J103:N103)/SUM(J$114:N$114)) -> 5.572029 | P103: =P$114*(SUM(K103:O103)/SUM(K$114:O$114)) -> 5.6967524 | Q103: =Q$114*(SUM(L103:P103)/SUM(L$114:P$114)) -> 5.5471696 | R103: =R$114*(SUM(M103:Q103)/SUM(M$114:Q$114)) -> 5.9109532 | S103: =S$114*(SUM(N103:R103)/SUM(N$114:R$114)) -> 5.5898938 | ... AK103: =AK$114*(SUM(AF103:AJ103)/SUM(AF$114:AJ$114)) -> 4.0723208
A104: March | B104: =monthly_data!V6/3.31/1000000 -> 12.059551 | C104: =monthly_data!$V18/3.31/1000000 -> 11.935506 | D104: =monthly_data!$V30/3.31/1000000 -> 5.1062716 | E104: =monthly_data!$V42/3.31/1000000 -> 11.992992 | F104: =monthly_data!$V54/3.31/1000000 -> 17.066822 | G104: =monthly_data!$V66/3.31/1000000 -> 8.9473701 | H104: =monthly_data!$V78/3.31/1000000 -> 9.1069921 | I104: =monthly_data!$V90/3.31/1000000 -> 6.2501937 | J104: =monthly_data!$V102/3.31/1000000 -> 9.6515897 | K104: =monthly_data!$V114/3.31/1000000 -> 22.481469 | L104: =L$114*(SUM(G104:K104)/SUM(G$114:K$114)) -> 11.287523 | M104: =M$114*(SUM(H104:L104)/SUM(H$114:L$114)) -> 11.755553 | N104: =N$114*(SUM(I104:M104)/SUM(I$114:M$114)) -> 12.285266 | O104: =O$114*(SUM(J104:N104)/SUM(J$114:N$114)) -> 13.49228 | P104: =P$114*(SUM(K104:O104)/SUM(K$114:O$114)) -> 14.260418 | Q104: =Q$114*(SUM(L104:P104)/SUM(L$114:P$114)) -> 13.269726 | R104: =R$114*(SUM(M104:Q104)/SUM(M$114:Q$114)) -> 14.336906 | S104: =S$114*(SUM(N104:R104)/SUM(N$114:R$114)) -> 13.528919 | ... AK104: =AK$114*(SUM(AF104:AJ104)/SUM(AF$114:AJ$114)) -> 9.8854298
A105: April | B105: =monthly_data!V7/3.31/1000000 -> 10.227513 | C105: =monthly_data!$V19/3.31/1000000 -> 17.139911 | D105: =monthly_data!$V31/3.31/1000000 -> 24.334439 | E105: =monthly_data!$V43/3.31/1000000 -> 23.685502 | F105: =monthly_data!$V55/3.31/1000000 -> 19.886958 | G105: =monthly_data!$V67/3.31/1000000 -> 20.39237 | H105: =monthly_data!$V79/3.31/1000000 -> 18.324649 | I105: =monthly_data!$V91/3.31/1000000 -> 18.310041 | J105: =monthly_data!$V103/3.31/1000000 -> 39.958839 | K105: =monthly_data!$V115/3.31/1000000 -> 16.447461 | L105: =L$114*(SUM(G105:K105)/SUM(G$114:K$114)) -> 22.686672 | M105: =M$114*(SUM(H105:L105)/SUM(H$114:L$114)) -> 23.145532 | N105: =N$114*(SUM(I105:M105)/SUM(I$114:M$114)) -> 24.109709 | O105: =O$114*(SUM(J105:N105)/SUM(J$114:N$114)) -> 25.269643 | P105: =P$114*(SUM(K105:O105)/SUM(K$114:O$114)) -> 22.331803 | Q105: =Q$114*(SUM(L105:P105)/SUM(L$114:P$114)) -> 24.726419 | R105: =R$114*(SUM(M105:Q105)/SUM(M$114:Q$114)) -> 26.350543 | S105: =S$114*(SUM(N105:R105)/SUM(N$114:R$114)) -> 24.557623 | ... AK105: =AK$114*(SUM(AF105:AJ105)/SUM(AF$114:AJ$114)) -> 17.793326
A106: May | B106: =monthly_data!V8/3.31/1000000 -> 15.278505 | C106: =monthly_data!$V20/3.31/1000000 -> 10.479381 | D106: =monthly_data!$V32/3.31/1000000 -> 9.3405967 | E106: =monthly_data!$V44/3.31/1000000 -> 14.240648 | F106: =monthly_data!$V56/3.31/1000000 -> 25.340098 | G106: =monthly_data!$V68/3.31/1000000 -> 23.734913 | H106: =monthly_data!$V80/3.31/1000000 -> 21.334992 | I106: =monthly_data!$V92/3.31/1000000 -> 20.95966 | J106: =monthly_data!$V104/3.31/1000000 -> 31.136218 | K106: =monthly_data!$V116/3.31/1000000 -> 24.478232 | L106: =L$114*(SUM(G106:K106)/SUM(G$114:K$114)) -> 24.328803 | M106: =M$114*(SUM(H106:L106)/SUM(H$114:L$114)) -> 24.447581 | N106: =N$114*(SUM(I106:M106)/SUM(I$114:M$114)) -> 25.070099 | O106: =O$114*(SUM(J106:N106)/SUM(J$114:N$114)) -> 25.892187 | P106: =P$114*(SUM(K106:O106)/SUM(K$114:O$114)) -> 24.843381 | Q106: =Q$114*(SUM(L106:P106)/SUM(L$114:P$114)) -> 26.207078 | R106: =R$114*(SUM(M106:Q106)/SUM(M$114:Q$114)) -> 27.865961 | S106: =S$114*(SUM(N106:R106)/SUM(N$114:R$114)) -> 25.975741 | ... AK106: =AK$114*(SUM(AF106:AJ106)/SUM(AF$114:AJ$114)) -> 18.90449
A107: June | B107: =monthly_data!V9/3.31/1000000 -> 19.503463 | C107: =monthly_data!$V21/3.31/1000000 -> 8.8020317 | D107: =monthly_data!$V33/3.31/1000000 -> 13.597307 | E107: =monthly_data!$V45/3.31/1000000 -> 31.507004 | F107: =monthly_data!$V57/3.31/1000000 -> 12.537983 | G107: =monthly_data!$V69/3.31/1000000 -> 21.967877 | H107: =monthly_data!$V81/3.31/1000000 -> 25.140775 | I107: =monthly_data!$V93/3.31/1000000 -> 20.559205 | J107: =monthly_data!$V105/3.31/1000000 -> 36.879859 | K107: =monthly_data!$V117/3.31/1000000 -> 20.007704 | L107: =L$114*(SUM(G107:K107)/SUM(G$114:K$114)) -> 24.911084 | M107: =M$114*(SUM(H107:L107)/SUM(H$114:L$114)) -> 25.499726 | N107: =N$114*(SUM(I107:M107)/SUM(I$114:M$114)) -> 25.571516 | O107: =O$114*(SUM(J107:N107)/SUM(J$114:N$114)) -> 26.573978 | P107: =P$114*(SUM(K107:O107)/SUM(K$114:O$114)) -> 24.512801 | Q107: =Q$114*(SUM(L107:P107)/SUM(L$114:P$114)) -> 26.730254 | R107: =R$114*(SUM(M107:Q107)/SUM(M$114:Q$114)) -> 28.400968 | S107: =S$114*(SUM(N107:R107)/SUM(N$114:R$114)) -> 26.357904 | ... AK107: =AK$114*(SUM(AF107:AJ107)/SUM(AF$114:AJ$114)) -> 19.173658
A108: July | B108: =monthly_data!V10/3.31/1000000 -> 10.535382 | C108: =monthly_data!$V22/3.31/1000000 -> 13.94996 | D108: =monthly_data!$V34/3.31/1000000 -> 21.160698 | E108: =monthly_data!$V46/3.31/1000000 -> 14.911211 | F108: =monthly_data!$V58/3.31/1000000 -> 16.446221 | G108: =monthly_data!$V70/3.31/1000000 -> 15.113849 | H108: =monthly_data!$V82/3.31/1000000 -> 17.240367 | I108: =monthly_data!$V94/3.31/1000000 -> 21.740011 | J108: =monthly_data!$V106/3.31/1000000 -> 27.539139 | K108: =monthly_data!$V118/3.31/1000000 -> 25.171793 | L108: =L$114*(SUM(G108:K108)/SUM(G$114:K$114)) -> 21.361032 | M108: =M$114*(SUM(H108:L108)/SUM(H$114:L$114)) -> 22.610468 | N108: =N$114*(SUM(I108:M108)/SUM(I$114:M$114)) -> 23.684488 | O108: =O$114*(SUM(J108:N108)/SUM(J$114:N$114)) -> 24.073384 | P108: =P$114*(SUM(K108:O108)/SUM(K$114:O$114)) -> 23.380233 | Q108: =Q$114*(SUM(L108:P108)/SUM(L$114:P$114)) -> 24.214454 | R108: =R$114*(SUM(M108:Q108)/SUM(M$114:Q$114)) -> 25.993553 | S108: =S$114*(SUM(N108:R108)/SUM(N$114:R$114)) -> 24.269223 | ... AK108: =AK$114*(SUM(AF108:AJ108)/SUM(AF$114:AJ$114)) -> 17.626447
A109: August | B109: =monthly_data!V11/3.31/1000000 -> 10.575861 | C109: =monthly_data!$V23/3.31/1000000 -> 16.023423 | D109: =monthly_data!$V35/3.31/1000000 -> 15.750191 | E109: =monthly_data!$V47/3.31/1000000 -> 18.149652 | F109: =monthly_data!$V59/3.31/1000000 -> 19.915368 | G109: =monthly_data!$V71/3.31/1000000 -> 21.31995 | H109: =monthly_data!$V83/3.31/1000000 -> 21.160633 | I109: =monthly_data!$V95/3.31/1000000 -> 24.544406 | J109: =monthly_data!$V107/3.31/1000000 -> 23.83343 | K109: =monthly_data!$V119/3.31/1000000 -> 25.587956 | L109: =L$114*(SUM(G109:K109)/SUM(G$114:K$114)) -> 23.289275 | M109: =M$114*(SUM(H109:L109)/SUM(H$114:L$114)) -> 23.68314 | N109: =N$114*(SUM(I109:M109)/SUM(I$114:M$114)) -> 24.187641 | O109: =O$114*(SUM(J109:N109)/SUM(J$114:N$114)) -> 24.116288 | P109: =P$114*(SUM(K109:O109)/SUM(K$114:O$114)) -> 24.17286 | Q109: =Q$114*(SUM(L109:P109)/SUM(L$114:P$114)) -> 25.127332 | R109: =R$114*(SUM(M109:Q109)/SUM(M$114:Q$114)) -> 26.726059 | S109: =S$114*(SUM(N109:R109)/SUM(N$114:R$114)) -> 24.866036 | ... AK109: =AK$114*(SUM(AF109:AJ109)/SUM(AF$114:AJ$114)) -> 18.117625
...

Sheet RD
A1: Canada Renewable Diesel Supply Demand
A2: million gallons | B2: 2015 | C2: 2016 | D2: 2017 | E2: 2018 | F2: 2019 | G2: 2020 | H2: 2021 | I2: 2022 | J2: 2023 | K2: 2024 | L2: 2025 | M2: 2026 | N2: 2027 | O2: 2028 | P2: 2029 | Q2: 2030 | R2: 2031 | S2: 2032 | T2: 2033 | U2: 2034 | V2: 2035 | W2: 2036 | X2: 2037 | Y2: 2038 | Z2: 2039 | AA2: 2040 | AB2: 2041 | AC2: 2042 | AD2: 2043 | AE2: 2044 | AF2: 2045 | AG2: 2046 | AH2: 2047 | AI2: 2048 | AJ2: 2049 | AK2: 2050
A3: Beginning Stocks | B3: 0 | C3: 0 | D3: 0 | E3: 0 | F3: 0 | G3: 0 | H3: 0 | I3: 0 | J3: 0 | K3: 0 | L3: 0 | M3: 0 | N3: =L10 -> 0 | O3: =M10 -> 0 | P3: =N10 -> 0 | Q3: =O10 -> 0 | R3: =P10 -> 0 | S3: =Q10 -> 0 | T3: =R10 -> 0 | U3: =S10 -> 0 | ... AK3: =AI10 -> 0
A4: Production | B4: 0 | C4: 0 | D4: 0 | E4: 0 | F4: 0 | G4: 0 | H4: 0 | I4: 0 | J4: =J36 -> 3.7 | K4: =K36 -> 137.95295 | L4: =L19*0.8 -> 230.6 | M4: =M19*0.8 -> 247.4 | N4: =N19*0.8 -> 252.2 | O4: =O19*0.6 -> 256.95 | P4: =P19*0.65 -> 278.3625 | Q4: =Q19*0.75 -> 321.1875 | R4: =R19*0.76 -> 325.47 | S4: =S19*0.78 -> 334.035 | T4: =T19*0.8 -> 342.6 | U4: =U19*0.82 -> 351.165 | V4: =V19*0.85 -> 364.0125 | W4: =W19*0.85 -> 364.0125 | X4: =X19*0.85 -> 364.0125 | Y4: =Y19*0.85 -> 364.0125 | Z4: =Z19*0.85 -> 364.0125 | AA4: =AA19*0.85 -> 364.0125 | AB4: =AB19*0.85 -> 364.0125 | AC4: =AC19*0.85 -> 364.0125 | ... AK4: =AK19*0.85 -> 364.0125
A5: Imports | B5: 0 | C5: 0 | D5: 0 | E5: 0 | F5: 0 | G5: 0 | H5: 0 | I5: =annual_data!T12*0.26417/1000 -> 37.533274 | J5: =J52 -> 110.62621 | K5: =K52 -> 273.06962 | L5: =K5*0.5 -> 136.53481 | M5: =L5*1.25 -> 170.66851 | N5: =AVERAGE(J5:M5) -> 172.72479 | O5: =AVERAGE(J5:N5) -> 172.72479 | P5: =AVERAGE(K5:O5) -> 185.14451 | Q5: =AVERAGE(L5:P5)+20 -> 187.55948 | R5: =AVERAGE(K5:Q5) -> 185.4895 | S5: =AVERAGE(L5:R5)+20 -> 192.97806 | T5: =AVERAGE(M5:S5)+15 -> 196.04138 | U5: =AVERAGE(N5:T5)+15 -> 199.66607 | V5: =AVERAGE(O5:U5)+12 -> 200.51483 | W5: =AVERAGE(P5:V5)+12 -> 204.48483 | X5: =AVERAGE(Q5:W5)+12 -> 207.24774 | Y5: =AVERAGE(R5:X5)+12 -> 210.06034 | Z5: =AVERAGE(S5:Y5)+12 -> 213.57046 | AA5: =AVERAGE(T5:Z5)+12 -> 216.51224 | AB5: =AVERAGE(U5:AA5)+12 -> 219.43664 | AC5: =AVERAGE(V5:AB5)+12 -> 222.26101 | ... AK5: =AVERAGE(AD5:AJ5)+12 -> 246.37228
A6: Total Supply | B6: =B3+B4+B5 -> 0 | C6: =C3+C4+C5 -> 0 | D6: =D3+D4+D5 -> 0 | E6: =E3+E4+E5 -> 0 | F6: =F3+F4+F5 -> 0 | G6: =G3+G4+G5 -> 0 | H6: =H3+H4+H5 -> 0 | I6: =I3+I4+I5 -> 37.533274 | ... AK6: =AK3+AK4+AK5 -> 610.38478
A7: Consumption | B7: =annual_data!$H5*0.26417 -> 59.17408 | C7: =annual_data!$H6*0.26417 -> 68.94837 | D7: =annual_data!$H7*0.26417 -> 108.57387 | E7: =annual_data!$H8*0.26417 -> 94.57286 | F7: =annual_data!$H9*0.26417 -> 100.3846 | G7: =annual_data!$H10*0.26417 -> 132.085 | H7: =annual_data!$H11*0.26417 -> 127.32994 | I7: =annual_data!$H12*0.26417 -> 100.3846 | J7: =annual_data!$H13*0.26417 -> 228.50705 | K7: =K6 -> 411.02257 | L7: =L6 -> 367.13481 | M7: =M6 -> 418.06851 | N7: =N6 -> 424.92479 | O7: =O6 -> 429.67479 | P7: =P6 -> 463.50701 | Q7: =Q6 -> 508.74698 | R7: =R6 -> 510.9595 | ... AK7: =AK6 -> 610.38478
A8: Exports | B8: 0 | C8: 0 | D8: 0 | E8: 0 | F8: 0 | G8: 0 | H8: 0 | I8: 0 | J8: 0 | K8: 0 | L8: 0 | M8: 0 | N8: 0 | O8: 0 | P8: 0 | Q8: 0 | R8: 0 | S8: 0 | T8: 0 | U8: 0 | V8: 0 | W8: 0 | X8: 0 | Y8: 0 | Z8: 0 | AA8: 0 | AB8: 0 | AC8: 0 | AD8: 0 | AE8: 0 | AF8: 0 | AG8: 0 | AH8: 0 | AI8: 0 | AJ8: 0 | AK8: 0
A9: Total Use | B9: =B7+B8 -> 59.17408 | C9: =C7+C8 -> 68.94837 | D9: =D7+D8 -> 108.57387 | E9: =E7+E8 -> 94.57286 | F9: =F7+F8 -> 100.3846 | G9: =G7+G8 -> 132.085 | H9: =H7+H8 -> 127.32994 | I9: =I7+I8 -> 100.3846 | J9: =J7+J8 -> 228.50705 | K9: =SUM(K7:K8) -> 411.02257 | L9: =L6-L10 -> 367.13481 | M9: =SUM(M7:M8) -> 418.06851 | N9: =SUM(N7:N8) -> 424.92479 | O9: =SUM(O7:O8) -> 429.67479 | P9: =SUM(P7:P8) -> 463.50701 | Q9: =SUM(Q7:Q8) -> 508.74698 | R9: =SUM(R7:R8) -> 510.9595 | S9: =SUM(S7:S8) -> 527.01306 | T9: =SUM(T7:T8) -> 538.64138 | ... AK9: =SUM(AK7:AK8) -> 610.38478
A10: Final Stocks (December 31) | B10: 0 | C10: 0 | D10: 0 | E10: 0 | F10: 0 | G10: 0 | H10: 0 | I10: 0 | J10: 0 | K10: =K6-K9 -> 0 | L10: 0 | M10: 0 | N10: 0 | O10: 0 | P10: 0 | Q10: 0 | R10: 0 | S10: 0 | T10: 0 | U10: 0 | V10: 0 | W10: 0 | X10: 0 | Y10: 0 | Z10: 0 | AA10: 0 | AB10: 0 | AC10: 0 | AD10: 0 | AE10: 0 | AF10: 0 | AG10: 0 | AH10: 0 | AI10: 0 | AJ10: 0 | AK10: 0
A12: BBD Import totals | G12: =G5+BD!G5 -> 156.01297 | H12: =H5+BD!H5 -> 152.55749 | I12: =I5+BD!I5 -> 241.79021 | J12: =J5+BD!J5 -> 350.46856 | K12: =K5+BD!K5 -> 448.72951 | L12: =L5+BD!L5 -> 322.20074 | M12: =M5+BD!M5 -> 362.26504 | N12: =N5+BD!N5 -> 372.12912 | ... AK12: =AK5+BD!AK5 -> 392.69427
A14: BBD Production | B14: =B4+BD!B4 -> 104.87549 | C14: =C4+BD!C4 -> 122.57488 | D14: =D4+BD!D4 -> 104.87549 | E14: =E4+BD!E4 -> 81.36436 | F14: =F4+BD!F4 -> 94.83703 | G14: =G4+BD!G4 -> 120.98986 | H14: =H4+BD!H4 -> 113.85727 | I14: =I4+BD!I4 -> 97.530189 | ... AK14: =AK4+BD!AK4 -> 597.27654
A15: BBD Consumption | B15: =B7+BD!B7 -> 202.76929 | C15: =C7+BD!C7 -> 181.65479 | D15: =D7+BD!D7 -> 252.94751 | E15: =E7+BD!E7 -> 251.78658 | F15: =F7+BD!F7 -> 256.68191 | G15: =G7+BD!G7 -> 289.14152 | H15: =H7+BD!H7 -> 278.90544 | I15: =I7+BD!I7 -> 303.22616 | ... AK15: =AK7+BD!AK7 -> 846.3126
H16: =H14/(H19+BD!H12) -> 0.62827988 | I16: =I14/(I19+BD!I12) -> 0.53818483 | J16: =J14/(J19+BD!J12) -> 0.68046584 | K16: =K14/(K19+BD!K12) -> 0.82264436 | L16: =L14/(L19+BD!L12) -> 0.85550454 | M16: =M14/(M19+BD!M12) -> 0.82405996 | N16: =N14/(N19+BD!N12) -> 0.83986996 | O16: =O14/(O19+BD!O12) -> 0.67905823 | ... AK16: =AK14/(AK19+BD!AK12) -> 0.98640558
J17: =J14/BD!J14 -> 0.015809651 | K17: =K14/BD!K14 -> 0.034325005 | L17: =L14/BD!L14 -> 0.04560369 | M17: =M14/BD!M14 -> 0.045379937 | N17: =N14/BD!N14 -> 0.046277901
A19: RD Capacity | B19: 0 | C19: 0 | D19: 0 | E19: 0 | F19: 0 | G19: 0 | H19: 0 | I19: 0 | J19: =SUM(Capacity!C146:C157) -> 20 | K19: =SUM(Capacity!C158:C169) -> 182.5 | L19: =SUM(Capacity!C170:C181) -> 288.25 | M19: =L19+4+17 -> 309.25 | N19: =M19+6 -> 315.25 | O19: =N19+113 -> 428.25 | P19: =O19 -> 428.25 | Q19: =P19 -> 428.25 | R19: =Q19 -> 428.25 | S19: =R19 -> 428.25 | T19: =S19 -> 428.25 | U19: =T19 -> 428.25 | V19: =U19 -> 428.25 | W19: =V19 -> 428.25 | ... AK19: =AJ19 -> 428.25
A20: Operating Rate | H20: =H4/H19 -> #DIV/0! | I20: =I4/I19 -> #DIV/0! | J20: =J4/J19 -> 0.185 | K20: =K4/K19 -> 0.75590657 | L20: =L4/L19 -> 0.8 | M20: =M4/M19 -> 0.8 | N20: =N4/N19 -> 0.8 | O20: =O4/O19 -> 0.6 | ... AK20: =AK4/AK19 -> 0.85
A22: RENEWABLE DIESEL PRODUCTION (millions of gallons)
B23: =B2 -> 2015 | C23: =C2 -> 2016 | D23: =D2 -> 2017 | E23: =E2 -> 2018 | F23: =F2 -> 2019 | G23: =G2 -> 2020 | H23: =H2 -> 2021 | I23: =I2 -> 2022 | ... AK23: =AK2 -> 2050
A24: January | J24: 0 | K24: =monthly_data!$C112*264.172/1000000-10 -> 1.8359623 | L24: =L$19/12*0.8 -> 19.216667 | M24: =M$19/12*0.8 -> 20.616667 | N24: =N$19/12*0.8 -> 21.016667 | O24: =O$19/12*0.6 -> 21.4125 | P24: =P$19/12*0.65 -> 23.196875 | Q24: =Q$19/12*0.8 -> 28.55 | R24: =R$19/12*0.8 -> 28.55 | S24: =S$19/12*0.8 -> 28.55 | T24: =T$19/12*0.8 -> 28.55 | U24: =U$19/12*0.8 -> 28.55 | V24: =V$19/12*0.9 -> 32.11875 | W24: =W$19/12*0.9 -> 32.11875 | X24: =X$19/12*0.9 -> 32.11875 | Y24: =Y$19/12*0.9 -> 32.11875 | Z24: =Z$19/12*0.9 -> 32.11875 | AA24: =AA$19/12*0.9 -> 32.11875 | AB24: =AB$19/12*0.9 -> 32.11875 | AC24: =AC$19/12*0.9 -> 32.11875 | ... AK24: =AK$19/12*0.9 -> 32.11875
A25: February | J25: 0 | K25: =monthly_data!$C113*264.172/1000000-15 -> 2.0361881 | L25: =L$19/12*0.8 -> 19.216667 | M25: =M$19/12*0.8 -> 20.616667 | N25: =N$19/12*0.8 -> 21.016667 | O25: =O$19/12*0.6 -> 21.4125 | P25: =P$19/12*0.65 -> 23.196875 | Q25: =Q$19/12*0.8 -> 28.55 | R25: =R$19/12*0.7 -> 24.98125 | S25: =S$19/12*0.8 -> 28.55 | T25: =T$19/12*0.8 -> 28.55 | U25: =U$19/12*0.8 -> 28.55 | V25: =V$19/12*0.9 -> 32.11875 | W25: =W$19/12*0.9 -> 32.11875 | X25: =X$19/12*0.9 -> 32.11875 | Y25: =Y$19/12*0.9 -> 32.11875 | Z25: =Z$19/12*0.9 -> 32.11875 | AA25: =AA$19/12*0.9 -> 32.11875 | AB25: =AB$19/12*0.9 -> 32.11875 | AC25: =AC$19/12*0.9 -> 32.11875 | ... AK25: =AK$19/12*0.9 -> 32.11875
A26: March | J26: 0 | K26: =monthly_data!$C114*264.172/1000000-14 -> 15.250181 | L26: =L$19/12*0.85 -> 20.417708 | M26: =M$19/12*0.85 -> 21.905208 | N26: =N$19/12*0.85 -> 22.330208 | O26: =O$19/12*0.6 -> 21.4125 | P26: =P$19/12*0.65 -> 23.196875 | Q26: =Q$19/12*0.7 -> 24.98125 | R26: =R$19/12*0.7 -> 24.98125 | S26: =S$19/12*0.85 -> 30.334375 | T26: =T$19/12*0.85 -> 30.334375 | U26: =U$19/12*0.85 -> 30.334375 | V26: =V$19/12*0.9 -> 32.11875 | W26: =W$19/12*0.9 -> 32.11875 | X26: =X$19/12*0.9 -> 32.11875 | Y26: =Y$19/12*0.9 -> 32.11875 | Z26: =Z$19/12*0.9 -> 32.11875 | AA26: =AA$19/12*0.9 -> 32.11875 | AB26: =AB$19/12*0.9 -> 32.11875 | AC26: =AC$19/12*0.9 -> 32.11875 | ... AK26: =AK$19/12*0.9 -> 32.11875
A27: April | J27: 0 | K27: =monthly_data!$C115*264.172/1000000-12 -> 12.407644 | L27: =L$19/12*0.8 -> 19.216667 | M27: =M$19/12*0.8 -> 20.616667 | N27: =N$19/12*0.8 -> 21.016667 | O27: =O$19/12*0.6 -> 21.4125 | P27: =P$19/12*0.65 -> 23.196875 | Q27: =Q$19/12*0.7 -> 24.98125 | R27: =R$19/12*0.8 -> 28.55 | S27: =S$19/12*0.8 -> 28.55 | T27: =T$19/12*0.8 -> 28.55 | U27: =U$19/12*0.85 -> 30.334375 | V27: =V$19/12*0.9 -> 32.11875 | W27: =W$19/12*0.9 -> 32.11875 | X27: =X$19/12*0.9 -> 32.11875 | Y27: =Y$19/12*0.9 -> 32.11875 | Z27: =Z$19/12*0.9 -> 32.11875 | AA27: =AA$19/12*0.9 -> 32.11875 | AB27: =AB$19/12*0.9 -> 32.11875 | AC27: =AC$19/12*0.9 -> 32.11875 | ... AK27: =AK$19/12*0.9 -> 32.11875
A28: May | J28: 0 | K28: =monthly_data!$C116*264.172/1000000-14 -> 12.116308 | L28: =L$19/12*0.9 -> 21.61875 | M28: =M$19/12*0.9 -> 23.19375 | N28: =N$19/12*0.9 -> 23.64375 | O28: =O$19/12*0.6 -> 21.4125 | P28: =P$19/12*0.65 -> 23.196875 | Q28: =Q$19/12*0.7 -> 24.98125 | R28: =R$19/12*0.9 -> 32.11875 | S28: =S$19/12*0.9 -> 32.11875 | T28: =T$19/12*0.9 -> 32.11875 | U28: =U$19/12*0.85 -> 30.334375 | V28: =V$19/12*0.9 -> 32.11875 | W28: =W$19/12*0.9 -> 32.11875 | X28: =X$19/12*0.9 -> 32.11875 | Y28: =Y$19/12*0.9 -> 32.11875 | Z28: =Z$19/12*0.9 -> 32.11875 | AA28: =AA$19/12*0.9 -> 32.11875 | AB28: =AB$19/12*0.9 -> 32.11875 | AC28: =AC$19/12*0.9 -> 32.11875 | ... AK28: =AK$19/12*0.9 -> 32.11875
A29: June | J29: 0 | K29: =monthly_data!$C117*264.172/1000000-14 -> 20.856175 | L29: =L$19/12*0.8 -> 19.216667 | M29: =M$19/12*0.8 -> 20.616667 | N29: =N$19/12*0.8 -> 21.016667 | O29: =O$19/12*0.6 -> 21.4125 | P29: =P$19/12*0.65 -> 23.196875 | Q29: =Q$19/12*0.7 -> 24.98125 | R29: =R$19/12*0.7 -> 24.98125 | S29: =S$19/12*0.8 -> 28.55 | T29: =T$19/12*0.8 -> 28.55 | U29: =U$19/12*0.85 -> 30.334375 | V29: =V$19/12*0.9 -> 32.11875 | W29: =W$19/12*0.9 -> 32.11875 | X29: =X$19/12*0.9 -> 32.11875 | Y29: =Y$19/12*0.9 -> 32.11875 | Z29: =Z$19/12*0.9 -> 32.11875 | AA29: =AA$19/12*0.9 -> 32.11875 | AB29: =AB$19/12*0.9 -> 32.11875 | AC29: =AC$19/12*0.9 -> 32.11875 | ... AK29: =AK$19/12*0.9 -> 32.11875
A30: July | J30: 0 | K30: =monthly_data!$C118*264.172/1000000-10 -> 18.258743 | L30: =L$19/12*0.85 -> 20.417708 | M30: =M$19/12*0.85 -> 21.905208 | N30: =N$19/12*0.85 -> 22.330208 | O30: =O$19/12*0.6 -> 21.4125 | P30: =P$19/12*0.65 -> 23.196875 | Q30: =Q$19/12*0.7 -> 24.98125 | R30: =R$19/12*0.7 -> 24.98125 | S30: =S$19/12*0.85 -> 30.334375 | T30: =T$19/12*0.85 -> 30.334375 | U30: =U$19/12*0.85 -> 30.334375 | V30: =V$19/12*0.9 -> 32.11875 | W30: =W$19/12*0.9 -> 32.11875 | X30: =X$19/12*0.9 -> 32.11875 | Y30: =Y$19/12*0.9 -> 32.11875 | Z30: =Z$19/12*0.9 -> 32.11875 | AA30: =AA$19/12*0.9 -> 32.11875 | AB30: =AB$19/12*0.9 -> 32.11875 | AC30: =AC$19/12*0.9 -> 32.11875 | ... AK30: =AK$19/12*0.9 -> 32.11875
A31: August | J31: 0 | K31: =monthly_data!$C119*264.172/1000000-15 -> 9.173323 | L31: =L$19/12*0.8 -> 19.216667 | M31: =M$19/12*0.8 -> 20.616667 | N31: =N$19/12*0.8 -> 21.016667 | O31: =O$19/12*0.6 -> 21.4125 | P31: =P$19/12*0.65 -> 23.196875 | Q31: =Q$19/12*0.7 -> 24.98125 | R31: =R$19/12*0.7 -> 24.98125 | S31: =S$19/12*0.8 -> 28.55 | T31: =T$19/12*0.8 -> 28.55 | U31: =U$19/12*0.85 -> 30.334375 | V31: =V$19/12*0.9 -> 32.11875 | W31: =W$19/12*0.9 -> 32.11875 | X31: =X$19/12*0.9 -> 32.11875 | Y31: =Y$19/12*0.9 -> 32.11875 | Z31: =Z$19/12*0.9 -> 32.11875 | AA31: =AA$19/12*0.9 -> 32.11875 | AB31: =AB$19/12*0.9 -> 32.11875 | AC31: =AC$19/12*0.9 -> 32.11875 | ... AK31: =AK$19/12*0.9 -> 32.11875
A32: September | J32: 0 | K32: =monthly_data!$C120*264.172/1000000-12 -> 15.982419 | L32: =L$19/12*0.9 -> 21.61875 | M32: =M$19/12*0.9 -> 23.19375 | N32: =N$19/12*0.9 -> 23.64375 | O32: =O$19/12*0.6 -> 21.4125 | P32: =P$19/12*0.65 -> 23.196875 | Q32: =Q$19/12*0.7 -> 24.98125 | R32: =R$19/12*0.7 -> 24.98125 | S32: =S$19/12*0.9 -> 32.11875 | T32: =T$19/12*0.9 -> 32.11875 | U32: =U$19/12*0.85 -> 30.334375 | V32: =V$19/12*0.9 -> 32.11875 | W32: =W$19/12*0.9 -> 32.11875 | X32: =X$19/12*0.9 -> 32.11875 | Y32: =Y$19/12*0.9 -> 32.11875 | Z32: =Z$19/12*0.9 -> 32.11875 | AA32: =AA$19/12*0.9 -> 32.11875 | AB32: =AB$19/12*0.9 -> 32.11875 | AC32: =AC$19/12*0.9 -> 32.11875 | ... AK32: =AK$19/12*0.9 -> 32.11875
A33: October | J33: 0 | K33: =monthly_data!$C121*264.172/1000000-12 -> 6.0059635 | L33: =L$19/12*0.8 -> 19.216667 | M33: =M$19/12*0.8 -> 20.616667 | N33: =N$19/12*0.8 -> 21.016667 | O33: =O$19/12*0.6 -> 21.4125 | P33: =P$19/12*0.65 -> 23.196875 | Q33: =Q$19/12*0.7 -> 24.98125 | R33: =R$19/12*0.8 -> 28.55 | S33: =S$19/12*0.8 -> 28.55 | T33: =T$19/12*0.8 -> 28.55 | U33: =U$19/12*0.85 -> 30.334375 | V33: =V$19/12*0.9 -> 32.11875 | W33: =W$19/12*0.9 -> 32.11875 | X33: =X$19/12*0.9 -> 32.11875 | Y33: =Y$19/12*0.9 -> 32.11875 | Z33: =Z$19/12*0.9 -> 32.11875 | AA33: =AA$19/12*0.9 -> 32.11875 | AB33: =AB$19/12*0.9 -> 32.11875 | AC33: =AC$19/12*0.9 -> 32.11875 | ... AK33: =AK$19/12*0.9 -> 32.11875
A34: November | J34: =3.7/2 -> 1.85 | K34: =monthly_data!$C122*264.172/1000000-15 -> 9.8527734 | L34: =L$19/12*0.85 -> 20.417708 | M34: =M$19/12*0.85 -> 21.905208 | N34: =N$19/12*0.85 -> 22.330208 | O34: =O$19/12*0.6 -> 21.4125 | P34: =P$19/12*0.65 -> 23.196875 | Q34: =Q$19/12*0.7 -> 24.98125 | R34: =R$19/12*0.85 -> 30.334375 | S34: =S$19/12*0.85 -> 30.334375 | T34: =T$19/12*0.85 -> 30.334375 | U34: =U$19/12*0.85 -> 30.334375 | V34: =V$19/12*0.9 -> 32.11875 | W34: =W$19/12*0.9 -> 32.11875 | X34: =X$19/12*0.9 -> 32.11875 | Y34: =Y$19/12*0.9 -> 32.11875 | Z34: =Z$19/12*0.9 -> 32.11875 | AA34: =AA$19/12*0.9 -> 32.11875 | AB34: =AB$19/12*0.9 -> 32.11875 | AC34: =AC$19/12*0.9 -> 32.11875 | ... AK34: =AK$19/12*0.9 -> 32.11875
A35: December | J35: =3.7/2 -> 1.85 | K35: =monthly_data!$C123*264.172/1000000-15 -> 14.177269 | L35: =L36-SUM(L24:L34) -> 10.809375 | M35: =M36-SUM(M24:M34) -> 11.596875 | N35: =N36-SUM(N24:N34) -> 11.821875 | O35: =O36-SUM(O24:O34) -> 21.4125 | P35: =P36-SUM(P24:P34) -> 23.196875 | Q35: =Q36-SUM(Q24:Q34) -> 39.25625 | R35: =R36-SUM(R24:R34) -> 27.479375 | S35: =S36-SUM(S24:S34) -> 7.494375 | ... AK35: =AK36-SUM(AK24:AK34) -> 10.70625
A36: Total | B36: =SUM(B24:B35) -> 0 | C36: =SUM(C24:C35) -> 0 | D36: =SUM(D24:D35) -> 0 | E36: =SUM(E24:E35) -> 0 | F36: =SUM(F24:F35) -> 0 | G36: =SUM(G24:G35) -> 0 | H36: =SUM(H24:H35) -> 0 | I36: =SUM(I24:I35) -> 0 | ... K36: =SUM(K24:K35) -> 137.95295 | L36: =L4 -> 230.6 | M36: =M4 -> 247.4 | N36: =N4 -> 252.2 | O36: =O4 -> 256.95 | P36: =P4 -> 278.3625 | Q36: =Q4 -> 321.1875 | R36: =R4 -> 325.47 | S36: =S4 -> 334.035 | ... AK36: =AK4 -> 364.0125
A38: RENEWABLE DIESEL IMPORTS (million gallons)
B39: =B2 -> 2015 | C39: =C2 -> 2016 | D39: =D2 -> 2017 | E39: =E2 -> 2018 | F39: =F2 -> 2019 | G39: =G2 -> 2020 | H39: =H2 -> 2021 | I39: =I2 -> 2022 | ... AK39: =AK2 -> 2050
A40: January | I40: =monthly_data!U88*0.26417/1000 -> 0.02298279 | J40: =monthly_data!U100*0.26417/1000 -> 0.34711938 | K40: =monthly_data!U112*0.26417/1000 -> 21.578991 | L40: =L$52*(SUM(G40:K40)/SUM(G$52:K$52)) -> 7.1144544 | M40: =M$52*(SUM(H40:L40)/SUM(H$52:L$52)) -> 8.893068 | N40: =N$52*(SUM(I40:M40)/SUM(I$52:M$52)) -> 9.0002148 | O40: =O$52*(SUM(J40:N40)/SUM(J$52:N$52)) -> 9.3867694 | P40: =P$52*(SUM(K40:O40)/SUM(K$52:O$52)) -> 11.194699 | Q40: =Q$52*(SUM(L40:P40)/SUM(L$52:P$52)) -> 10.206152 | R40: =R$52*(SUM(M40:Q40)/SUM(M$52:Q$52)) -> 10.159285 | S40: =S$52*(SUM(N40:R40)/SUM(N$52:R$52)) -> 10.666488 | ... AK40: =AK$52*(SUM(AF40:AJ40)/SUM(AF$52:AJ$52)) -> 13.699293
A41: February | I41: =monthly_data!U89*0.26417/1000 -> 0.00396255 | J41: =monthly_data!U101*0.26417/1000 -> 7.713764 | K41: =monthly_data!U113*0.26417/1000 -> 18.17833 | L41: =L$52*(SUM(G41:K41)/SUM(G$52:K$52)) -> 8.3938009 | M41: =M$52*(SUM(H41:L41)/SUM(H$52:L$52)) -> 10.492251 | N41: =N$52*(SUM(I41:M41)/SUM(I$52:M$52)) -> 10.618665 | O41: =O$52*(SUM(J41:N41)/SUM(J$52:N$52)) -> 11.079362 | P41: =P$52*(SUM(K41:O41)/SUM(K$52:O$52)) -> 11.752482 | Q41: =Q$52*(SUM(L41:P41)/SUM(L$52:P$52)) -> 11.716697 | R41: =R$52*(SUM(M41:Q41)/SUM(M$52:Q$52)) -> 11.615649 | S41: =S$52*(SUM(N41:R41)/SUM(N$52:R$52)) -> 12.126298 | ... AK41: =AK$52*(SUM(AF41:AJ41)/SUM(AF$52:AJ$52)) -> 15.490642
A42: March | I42: =monthly_data!U90*0.26417/1000 -> 0.32651412 | J42: =monthly_data!U102*0.26417/1000 -> 3.4059438 | K42: =monthly_data!U114*0.26417/1000 -> 23.141292 | L42: =L$52*(SUM(G42:K42)/SUM(G$52:K$52)) -> 8.7107048 | M42: =M$52*(SUM(H42:L42)/SUM(H$52:L$52)) -> 10.888381 | N42: =N$52*(SUM(I42:M42)/SUM(I$52:M$52)) -> 11.019568 | O42: =O$52*(SUM(J42:N42)/SUM(J$52:N$52)) -> 11.433178 | P42: =P$52*(SUM(K42:O42)/SUM(K$52:O$52)) -> 13.038625 | Q42: =Q$52*(SUM(L42:P42)/SUM(L$52:P$52)) -> 12.333217 | R42: =R$52*(SUM(M42:Q42)/SUM(M$52:Q$52)) -> 12.25289 | S42: =S$52*(SUM(N42:R42)/SUM(N$52:R$52)) -> 12.829883 | ... AK42: =AK$52*(SUM(AF42:AJ42)/SUM(AF$52:AJ$52)) -> 16.441362
A43: April | I43: =monthly_data!U91*0.26417/1000 -> 3.3486189 | J43: =monthly_data!U103*0.26417/1000 -> 6.8562682 | K43: =monthly_data!U115*0.26417/1000 -> 21.95147 | L43: =L$52*(SUM(G43:K43)/SUM(G$52:K$52)) -> 10.422979 | M43: =M$52*(SUM(H43:L43)/SUM(H$52:L$52)) -> 13.028724 | N43: =N$52*(SUM(I43:M43)/SUM(I$52:M$52)) -> 13.185699 | O43: =O$52*(SUM(J43:N43)/SUM(J$52:N$52)) -> 13.089028 | P43: =P$52*(SUM(K43:O43)/SUM(K$52:O$52)) -> 14.33558 | Q43: =Q$52*(SUM(L43:P43)/SUM(L$52:P$52)) -> 14.341698 | R43: =R$52*(SUM(M43:Q43)/SUM(M$52:Q$52)) -> 14.186992 | S43: =S$52*(SUM(N43:R43)/SUM(N$52:R$52)) -> 14.765021 | ... AK43: =AK$52*(SUM(AF43:AJ43)/SUM(AF$52:AJ$52)) -> 18.865052
A44: May | I44: =monthly_data!U92*0.26417/1000 -> 4.2549862 | J44: =monthly_data!U104*0.26417/1000 -> 10.917354 | K44: =monthly_data!U116*0.26417/1000 -> 41.764749 | L44: =L$52*(SUM(G44:K44)/SUM(G$52:K$52)) -> 18.455265 | M44: =M$52*(SUM(H44:L44)/SUM(H$52:L$52)) -> 23.069081 | N44: =N$52*(SUM(I44:M44)/SUM(I$52:M$52)) -> 23.347025 | O44: =O$52*(SUM(J44:N44)/SUM(J$52:N$52)) -> 23.510695 | P44: =P$52*(SUM(K44:O44)/SUM(K$52:O$52)) -> 26.029363 | Q44: =Q$52*(SUM(L44:P44)/SUM(L$52:P$52)) -> 25.613529 | R44: =R$52*(SUM(M44:Q44)/SUM(M$52:Q$52)) -> 25.370546 | S44: =S$52*(SUM(N44:R44)/SUM(N$52:R$52)) -> 26.453382 | ... AK44: =AK$52*(SUM(AF44:AJ44)/SUM(AF$52:AJ$52)) -> 33.827981
A45: June | I45: =monthly_data!U93*0.26417/1000 -> 2.0877355 | J45: =monthly_data!U105*0.26417/1000 -> 10.737718 | K45: =monthly_data!U117*0.26417/1000 -> 27.747888 | L45: =L$52*(SUM(G45:K45)/SUM(G$52:K$52)) -> 13.151213 | M45: =M$52*(SUM(H45:L45)/SUM(H$52:L$52)) -> 16.439016 | N45: =N$52*(SUM(I45:M45)/SUM(I$52:M$52)) -> 16.637079 | O45: =O$52*(SUM(J45:N45)/SUM(J$52:N$52)) -> 16.942583 | P45: =P$52*(SUM(K45:O45)/SUM(K$52:O$52)) -> 18.183556 | Q45: =Q$52*(SUM(L45:P45)/SUM(L$52:P$52)) -> 18.212769 | R45: =R$52*(SUM(M45:Q45)/SUM(M$52:Q$52)) -> 18.034066 | S45: =S$52*(SUM(N45:R45)/SUM(N$52:R$52)) -> 18.795041 | ... AK45: =AK$52*(SUM(AF45:AJ45)/SUM(AF$52:AJ$52)) -> 24.007688
A46: July | I46: =monthly_data!U94*0.26417/1000 -> 2.18178 | J46: =monthly_data!U106*0.26417/1000 -> 13.16544 | K46: =monthly_data!U118*0.26417/1000 -> 33.215943 | L46: =L$52*(SUM(G46:K46)/SUM(G$52:K$52)) -> 15.740988 | M46: =M$52*(SUM(H46:L46)/SUM(H$52:L$52)) -> 19.676235 | N46: =N$52*(SUM(I46:M46)/SUM(I$52:M$52)) -> 19.913302 | O46: =O$52*(SUM(J46:N46)/SUM(J$52:N$52)) -> 20.342382 | P46: =P$52*(SUM(K46:O46)/SUM(K$52:O$52)) -> 21.77777 | Q46: =Q$52*(SUM(L46:P46)/SUM(L$52:P$52)) -> 21.81649 | R46: =R$52*(SUM(M46:Q46)/SUM(M$52:Q$52)) -> 21.605021 | S46: =S$52*(SUM(N46:R46)/SUM(N$52:R$52)) -> 22.5205 | ... AK46: =AK$52*(SUM(AF46:AJ46)/SUM(AF$52:AJ$52)) -> 28.765378
A47: August | I47: =monthly_data!U95*0.26417/1000 -> 8.021522 | J47: =monthly_data!U107*0.26417/1000 -> 8.1340585 | K47: =monthly_data!U119*0.26417/1000 -> 19.85079 | L47: =L$52*(SUM(G47:K47)/SUM(G$52:K$52)) -> 11.670901 | M47: =M$52*(SUM(H47:L47)/SUM(H$52:L$52)) -> 14.588626 | N47: =N$52*(SUM(I47:M47)/SUM(I$52:M$52)) -> 14.764395 | O47: =O$52*(SUM(J47:N47)/SUM(J$52:N$52)) -> 13.801754 | P47: =P$52*(SUM(K47:O47)/SUM(K$52:O$52)) -> 14.935293 | Q47: =Q$52*(SUM(L47:P47)/SUM(L$52:P$52)) -> 15.617536 | R47: =R$52*(SUM(M47:Q47)/SUM(M$52:Q$52)) -> 15.382141 | S47: =S$52*(SUM(N47:R47)/SUM(N$52:R$52)) -> 15.910133 | ... AK47: =AK$52*(SUM(AF47:AJ47)/SUM(AF$52:AJ$52)) -> 20.286081
A48: September | I48: =monthly_data!U96*0.26417/1000 -> 6.2190901 | J48: =monthly_data!U108*0.26417/1000 -> 17.112404 | K48: =monthly_data!U120*0.26417/1000 -> 29.391026 | L48: =L$52*(SUM(G48:K48)/SUM(G$52:K$52)) -> 17.089179 | M48: =M$52*(SUM(H48:L48)/SUM(H$52:L$52)) -> 21.361473 | N48: =N$52*(SUM(I48:M48)/SUM(I$52:M$52)) -> 21.618844 | O48: =O$52*(SUM(J48:N48)/SUM(J$52:N$52)) -> 21.314585 | P48: =P$52*(SUM(K48:O48)/SUM(K$52:O$52)) -> 22.155021 | Q48: =Q$52*(SUM(L48:P48)/SUM(L$52:P$52)) -> 23.179518 | R48: =R$52*(SUM(M48:Q48)/SUM(M$52:Q$52)) -> 22.878719 | S48: =S$52*(SUM(N48:R48)/SUM(N$52:R$52)) -> 23.736 | ... AK48: =AK$52*(SUM(AF48:AJ48)/SUM(AF$52:AJ$52)) -> 30.251142
A49: October | I49: =monthly_data!U97*0.26417/1000 -> 3.1835127 | J49: =monthly_data!U109*0.26417/1000 -> 4.1704518 | K49: =monthly_data!U121*0.26417/1000 -> 24.926025 | L49: =L$52*(SUM(G49:K49)/SUM(G$52:K$52)) -> 10.463052 | M49: =M$52*(SUM(H49:L49)/SUM(H$52:L$52)) -> 13.078816 | N49: =N$52*(SUM(I49:M49)/SUM(I$52:M$52)) -> 13.236394 | O49: =O$52*(SUM(J49:N49)/SUM(J$52:N$52)) -> 13.174948 | P49: =P$52*(SUM(K49:O49)/SUM(K$52:O$52)) -> 14.975847 | Q49: =Q$52*(SUM(L49:P49)/SUM(L$52:P$52)) -> 14.535805 | R49: =R$52*(SUM(M49:Q49)/SUM(M$52:Q$52)) -> 14.400082 | S49: =S$52*(SUM(N49:R49)/SUM(N$52:R$52)) -> 15.017888 | ... AK49: =AK$52*(SUM(AF49:AJ49)/SUM(AF$52:AJ$52)) -> 19.221882
A50: November | I50: =monthly_data!U98*0.26417/1000 -> 3.4196807 | J50: =monthly_data!U110*0.26417/1000 -> 16.563195 | K50: =monthly_data!U122*0.26417/1000 -> 2.9484014 | L50: =L$52*(SUM(G50:K50)/SUM(G$52:K$52)) -> 7.432814 | M50: =M$52*(SUM(H50:L50)/SUM(H$52:L$52)) -> 9.2910175 | N50: =N$52*(SUM(I50:M50)/SUM(I$52:M$52)) -> 9.4029589 | O50: =O$52*(SUM(J50:N50)/SUM(J$52:N$52)) -> 9.1276773 | P50: =P$52*(SUM(K50:O50)/SUM(K$52:O$52)) -> 7.6405738 | Q50: =Q$52*(SUM(L50:P50)/SUM(L$52:P$52)) -> 9.6030039 | R50: =R$52*(SUM(M50:Q50)/SUM(M$52:Q$52)) -> 9.4047251 | S50: =S$52*(SUM(N50:R50)/SUM(N$52:R$52)) -> 9.6482164 | ... AK50: =AK$52*(SUM(AF50:AJ50)/SUM(AF$52:AJ$52)) -> 12.179854
A51: December | I51: =monthly_data!U99*0.26417/1000 -> 4.462888 | J51: =monthly_data!U111*0.26417/1000 -> 11.50249 | K51: =monthly_data!U123*0.26417/1000 -> 8.3747173 | L51: =L52-SUM(L40:L50) -> 7.8894604 | M51: =M52-SUM(M40:M50) -> 9.8618255 | N51: =N52-SUM(N40:N50) -> 9.9806443 | O51: =O52-SUM(O40:O50) -> 9.5218276 | P51: =P52-SUM(P40:P50) -> 9.125695 | Q51: =Q52-SUM(Q40:Q50) -> 10.383066 | R51: =R52-SUM(R40:R50) -> 10.199386 | S51: =S52-SUM(S40:S50) -> 10.509204 | ... AK51: =AK52-SUM(AK40:AK50) -> 13.335926
A52: Total | B52: =SUM(B40:B51) -> 0 | C52: =SUM(C40:C51) -> 0 | D52: =SUM(D40:D51) -> 0 | E52: =SUM(E40:E51) -> 0 | F52: =SUM(F40:F51) -> 0 | G52: =SUM(G40:G51) -> 0 | H52: =SUM(H40:H51) -> 0 | I52: =I5 -> 37.533274 | J52: =SUM(J40:J51) -> 110.62621 | K52: =SUM(K40:K51) -> 273.06962 | L52: =L5 -> 136.53481 | M52: =M5 -> 170.66851 | N52: =N5 -> 172.72479 | O52: =O5 -> 172.72479 | P52: =P5 -> 185.14451 | Q52: =Q5 -> 187.55948 | R52: =R5 -> 185.4895 | S52: =S5 -> 192.97806 | ... AK52: =AK5 -> 246.37228
A54: RENEWABLE DIESEL CONSUMPTION (millions of gallons)
B55: =B2 -> 2015 | C55: =C2 -> 2016 | D55: =D2 -> 2017 | E55: =E2 -> 2018 | F55: =F2 -> 2019 | G55: =G2 -> 2020 | H55: =H2 -> 2021 | I55: =I2 -> 2022 | ... AK55: =AK2 -> 2050
A56: January | F56: =F40+F24 -> 0 | G56: =G40+G24 -> 0 | H56: =H40+H24 -> 0 | I56: =I40+I24 -> 0.02298279 | J56: =J40+J24 -> 0.34711938 | K56: =K40+K24 -> 23.414953 | L56: =L$68*((SUM(G56:K56)/SUM(G$68:K$68))) -> 15.513591 | M56: =M$68*((SUM(H56:L56)/SUM(H$68:L$68))) -> 17.665837 | N56: =N$68*((SUM(I56:M56)/SUM(I$68:M$68))) -> 17.955555 | O56: =O$68*((SUM(J56:N56)/SUM(J$68:N$68))) -> 18.543247 | P56: =P$68*((SUM(K56:O56)/SUM(K$68:O$68))) -> 21.039987 | Q56: =Q$68*((SUM(L56:P56)/SUM(L$68:P$68))) -> 21.942852 | R56: =R$68*((SUM(M56:Q56)/SUM(M$68:Q$68))) -> 22.111425 | S56: =S$68*((SUM(N56:R56)/SUM(N$68:R$68))) -> 22.902119 | ... AK56: =AK$68*((SUM(AF56:AJ56)/SUM(AF$68:AJ$68))) -> 26.592509
A57: February | F57: =F41+F25 -> 0 | G57: =G41+G25 -> 0 | H57: =H41+H25 -> 0 | I57: =I41+I25 -> 0.00396255 | J57: =J41+J25 -> 7.713764 | K57: =K41+K25 -> 20.214518 | L57: =L$68*((SUM(G57:K57)/SUM(G$68:K$68))) -> 18.218558 | M57: =M$68*((SUM(H57:L57)/SUM(H$68:L$68))) -> 20.746073 | N57: =N$68*((SUM(I57:M57)/SUM(I$68:M$68))) -> 21.086306 | O57: =O$68*((SUM(J57:N57)/SUM(J$68:N$68))) -> 21.78217 | P57: =P$68*((SUM(K57:O57)/SUM(K$68:O$68))) -> 23.063781 | Q57: =Q$68*((SUM(L57:P57)/SUM(L$68:P$68))) -> 25.372379 | R57: =R$68*((SUM(M57:Q57)/SUM(M$68:Q$68))) -> 25.503502 | S57: =S$68*((SUM(N57:R57)/SUM(N$68:R$68))) -> 26.332051 | ... AK57: =AK$68*((SUM(AF57:AJ57)/SUM(AF$68:AJ$68))) -> 30.488532
A58: March | F58: =F42+F26 -> 0 | G58: =G42+G26 -> 0 | H58: =H42+H26 -> 0 | I58: =I42+I26 -> 0.32651412 | J58: =J42+J26 -> 3.4059438 | K58: =K42+K26 -> 38.391473 | L58: =L$68*((SUM(G58:K58)/SUM(G$68:K$68))) -> 27.474959 | M58: =M$68*((SUM(H58:L58)/SUM(H$68:L$68))) -> 31.286642 | N58: =N$68*((SUM(I58:M58)/SUM(I$68:M$68))) -> 31.799739 | O58: =O$68*((SUM(J58:N58)/SUM(J$68:N$68))) -> 32.769794 | P58: =P$68*((SUM(K58:O58)/SUM(K$68:O$68))) -> 36.550921 | Q58: =Q$68*((SUM(L58:P58)/SUM(L$68:P$68))) -> 38.672148 | R58: =R$68*((SUM(M58:Q58)/SUM(M$68:Q$68))) -> 38.938797 | S58: =S$68*((SUM(N58:R58)/SUM(N$68:R$68))) -> 40.291409 | ... AK58: =AK$68*((SUM(AF58:AJ58)/SUM(AF$68:AJ$68))) -> 46.748476
A59: April | F59: =F43+F27 -> 0 | G59: =G43+G27 -> 0 | H59: =H43+H27 -> 0 | I59: =I43+I27 -> 3.3486189 | J59: =J43+J27 -> 6.8562682 | K59: =K43+K27 -> 34.359114 | L59: =L$68*((SUM(G59:K59)/SUM(G$68:K$68))) -> 29.066473 | M59: =M$68*((SUM(H59:L59)/SUM(H$68:L$68))) -> 33.098951 | N59: =N$68*((SUM(I59:M59)/SUM(I$68:M$68))) -> 33.64177 | O59: =O$68*((SUM(J59:N59)/SUM(J$68:N$68))) -> 33.924478 | P59: =P$68*((SUM(K59:O59)/SUM(K$68:O$68))) -> 37.086154 | Q59: =Q$68*((SUM(L59:P59)/SUM(L$68:P$68))) -> 40.349767 | R59: =R$68*((SUM(M59:Q59)/SUM(M$68:Q$68))) -> 40.537024 | S59: =S$68*((SUM(N59:R59)/SUM(N$68:R$68))) -> 41.826089 | ... AK59: =AK$68*((SUM(AF59:AJ59)/SUM(AF$68:AJ$68))) -> 48.466259
A60: May | F60: =F44+F28 -> 0 | G60: =G44+G28 -> 0 | H60: =H44+H28 -> 0 | I60: =I44+I28 -> 4.2549862 | J60: =J44+J28 -> 10.917354 | K60: =K44+K28 -> 53.881057 | L60: =L$68*((SUM(G60:K60)/SUM(G$68:K$68))) -> 45.039464 | M60: =M$68*((SUM(H60:L60)/SUM(H$68:L$68))) -> 51.287922 | N60: =N$68*((SUM(I60:M60)/SUM(I$68:M$68))) -> 52.129038 | O60: =O$68*((SUM(J60:N60)/SUM(J$68:N$68))) -> 52.798298 | P60: =P$68*((SUM(K60:O60)/SUM(K$68:O$68))) -> 57.66323 | Q60: =Q$68*((SUM(L60:P60)/SUM(L$68:P$68))) -> 62.626875 | R60: =R$68*((SUM(M60:Q60)/SUM(M$68:Q$68))) -> 62.934497 | S60: =S$68*((SUM(N60:R60)/SUM(N$68:R$68))) -> 64.958074 | ... AK60: =AK$68*((SUM(AF60:AJ60)/SUM(AF$68:AJ$68))) -> 75.274775
A61: June | F61: =F45+F29 -> 0 | G61: =G45+G29 -> 0 | H61: =H45+H29 -> 0 | I61: =I45+I29 -> 2.0877355 | J61: =J45+J29 -> 10.737718 | K61: =K45+K29 -> 48.604063 | L61: =L$68*((SUM(G61:K61)/SUM(G$68:K$68))) -> 40.066856 | M61: =M$68*((SUM(H61:L61)/SUM(H$68:L$68))) -> 45.62545 | N61: =N$68*((SUM(I61:M61)/SUM(I$68:M$68))) -> 46.373702 | O61: =O$68*((SUM(J61:N61)/SUM(J$68:N$68))) -> 47.389338 | P61: =P$68*((SUM(K61:O61)/SUM(K$68:O$68))) -> 51.5437 | Q61: =Q$68*((SUM(L61:P61)/SUM(L$68:P$68))) -> 55.873871 | R61: =R$68*((SUM(M61:Q61)/SUM(M$68:Q$68))) -> 56.174734 | S61: =S$68*((SUM(N61:R61)/SUM(N$68:R$68))) -> 58.0156 | ... AK61: =AK$68*((SUM(AF61:AJ61)/SUM(AF$68:AJ$68))) -> 67.231323
A62: July | F62: =F46+F30 -> 0 | G62: =G46+G30 -> 0 | H62: =H46+H30 -> 0 | I62: =I46+I30 -> 2.18178 | J62: =J46+J30 -> 13.16544 | K62: =K46+K30 -> 51.474686 | L62: =L$68*((SUM(G62:K62)/SUM(G$68:K$68))) -> 43.583994 | M62: =M$68*((SUM(H62:L62)/SUM(H$68:L$68))) -> 49.630531 | N62: =N$68*((SUM(I62:M62)/SUM(I$68:M$68))) -> 50.444466 | O62: =O$68*((SUM(J62:N62)/SUM(J$68:N$68))) -> 51.571346 | P62: =P$68*((SUM(K62:O62)/SUM(K$68:O$68))) -> 55.757795 | Q62: =Q$68*((SUM(L62:P62)/SUM(L$68:P$68))) -> 60.708816 | R62: =R$68*((SUM(M62:Q62)/SUM(M$68:Q$68))) -> 61.024328 | S62: =S$68*((SUM(N62:R62)/SUM(N$68:R$68))) -> 63.00919 | ... AK62: =AK$68*((SUM(AF62:AJ62)/SUM(AF$68:AJ$68))) -> 73.000972
A63: August | F63: =F47+F31 -> 0 | G63: =G47+G31 -> 0 | H63: =H47+H31 -> 0 | I63: =I47+I31 -> 8.021522 | J63: =J47+J31 -> 8.1340585 | K63: =K47+K31 -> 29.024114 | L63: =L$68*((SUM(G63:K63)/SUM(G$68:K$68))) -> 29.468054 | M63: =M$68*((SUM(H63:L63)/SUM(H$68:L$68))) -> 33.556244 | N63: =N$68*((SUM(I63:M63)/SUM(I$68:M$68))) -> 34.106563 | O63: =O$68*((SUM(J63:N63)/SUM(J$68:N$68))) -> 33.247698 | P63: =P$68*((SUM(K63:O63)/SUM(K$68:O$68))) -> 36.026593 | Q63: =Q$68*((SUM(L63:P63)/SUM(L$68:P$68))) -> 40.24995 | R63: =R$68*((SUM(M63:Q63)/SUM(M$68:Q$68))) -> 40.328975 | S63: =S$68*((SUM(N63:R63)/SUM(N$68:R$68))) -> 41.470042 | ... AK63: =AK$68*((SUM(AF63:AJ63)/SUM(AF$68:AJ$68))) -> 48.001203
A64: September | F64: =F48+F32 -> 0 | G64: =G48+G32 -> 0 | H64: =H48+H32 -> 0 | I64: =I48+I32 -> 6.2190901 | J64: =J48+J32 -> 17.112404 | K64: =K48+K32 -> 45.373445 | L64: =L$68*((SUM(G64:K64)/SUM(G$68:K$68))) -> 44.812186 | M64: =M$68*((SUM(H64:L64)/SUM(H$68:L$68))) -> 51.029113 | N64: =N$68*((SUM(I64:M64)/SUM(I$68:M$68))) -> 51.865985 | O64: =O$68*((SUM(J64:N64)/SUM(J$68:N$68))) -> 52.040272 | P64: =P$68*((SUM(K64:O64)/SUM(K$68:O$68))) -> 55.39979 | Q64: =Q$68*((SUM(L64:P64)/SUM(L$68:P$68))) -> 61.714844 | R64: =R$68*((SUM(M64:Q64)/SUM(M$68:Q$68))) -> 61.920427 | S64: =S$68*((SUM(N64:R64)/SUM(N$68:R$68))) -> 63.783444 | ... AK64: =AK$68*((SUM(AF64:AJ64)/SUM(AF$68:AJ$68))) -> 73.821851
A65: October | F65: =F49+F33 -> 0 | G65: =G49+G33 -> 0 | H65: =H49+H33 -> 0 | I65: =I49+I33 -> 3.1835127 | J65: =J49+J33 -> 4.1704518 | K65: =K49+K33 -> 30.931988 | L65: =L$68*((SUM(G65:K65)/SUM(G$68:K$68))) -> 24.971672 | M65: =M$68*((SUM(H65:L65)/SUM(H$68:L$68))) -> 28.436066 | N65: =N$68*((SUM(I65:M65)/SUM(I$68:M$68))) -> 28.902414 | O65: =O$68*((SUM(J65:N65)/SUM(J$68:N$68))) -> 29.069376 | P65: =P$68*((SUM(K65:O65)/SUM(K$68:O$68))) -> 32.163822 | Q65: =Q$68*((SUM(L65:P65)/SUM(L$68:P$68))) -> 34.720155 | R65: =R$68*((SUM(M65:Q65)/SUM(M$68:Q$68))) -> 34.890262 | S65: =S$68*((SUM(N65:R65)/SUM(N$68:R$68))) -> 36.011538 | ... AK65: =AK$68*((SUM(AF65:AJ65)/SUM(AF$68:AJ$68))) -> 41.746823
A66: November | F66: =F50+F34 -> 0 | G66: =G50+G34 -> 0 | H66: =H50+H34 -> 0 | I66: =I50+I34 -> 3.4196807 | J66: =J50+J34 -> 18.413195 | K66: =K50+K34 -> 12.801175 | L66: =L$68*((SUM(G66:K66)/SUM(G$68:K$68))) -> 22.589751 | M66: =M$68*((SUM(H66:L66)/SUM(H$68:L$68))) -> 25.723695 | N66: =N$68*((SUM(I66:M66)/SUM(I$68:M$68))) -> 26.14556 | O66: =O$68*((SUM(J66:N66)/SUM(J$68:N$68))) -> 26.162944 | P66: =P$68*((SUM(K66:O66)/SUM(K$68:O$68))) -> 25.634757 | Q66: =Q$68*((SUM(L66:P66)/SUM(L$68:P$68))) -> 30.538875 | R66: =R$68*((SUM(M66:Q66)/SUM(M$68:Q$68))) -> 30.546158 | S66: =S$68*((SUM(N66:R66)/SUM(N$68:R$68))) -> 31.34114 | ... AK66: =AK$68*((SUM(AF66:AJ66)/SUM(AF$68:AJ$68))) -> 36.152169
A67: December | F67: =F51+F35 -> 0 | G67: =G51+G35 -> 0 | H67: =H51+H35 -> 0 | I67: =I51+I35 -> 4.462888 | J67: =J51+J35 -> 13.35249 | K67: =K51+K35 -> 22.551986 | L67: =L68-SUM(L56:L66) -> 26.329254 | M67: =M68-SUM(M56:M66) -> 29.98199 | N67: =N68-SUM(N56:N66) -> 30.473691 | O67: =O68-SUM(O56:O66) -> 30.375828 | P67: =P68-SUM(P56:P66) -> 31.576475 | Q67: =Q68-SUM(Q56:Q66) -> 35.976449 | R67: =R68-SUM(R56:R66) -> 36.049372 | S67: =S68-SUM(S56:S66) -> 37.072362 | ... AK67: =AK68-SUM(AK56:AK66) -> 42.859889
A68: Total | B68: =SUM(B56:B67) -> 0 | C68: =SUM(C56:C67) -> 0 | D68: =SUM(D56:D67) -> 0 | E68: =SUM(E56:E67) -> 0 | F68: =SUM(F56:F67) -> 0 | G68: =SUM(G56:G67) -> 0 | H68: =SUM(H56:H67) -> 0 | I68: =SUM(I56:I67) -> 37.533274 | ... K68: =SUM(K56:K67) -> 411.02257 | L68: =L7 -> 367.13481 | M68: =M7 -> 418.06851 | N68: =N7 -> 424.92479 | O68: =O7 -> 429.67479 | P68: =P7 -> 463.50701 | Q68: =Q7 -> 508.74698 | R68: =R7 -> 510.9595 | S68: =S7 -> 527.01306 | ... AK68: =AK7 -> 610.38478
A71: RENEWABLE DIESEL STOCKS (million gallons)
B72: =B2 -> 2015 | C72: =C2 -> 2016 | D72: =D2 -> 2017 | E72: =E2 -> 2018 | F72: =F2 -> 2019 | G72: =G2 -> 2020 | H72: =H2 -> 2021 | I72: =I2 -> 2022 | ... AK72: =AK2 -> 2050
A73: January | B73: 0 | C73: 0 | D73: 0 | E73: 0 | F73: 0 | G73: 0 | H73: 0 | I73: 0 | J73: 0 | K73: 0 | L73: =K84+L40+L24-L56 -> 10.81753 | M73: =L84+M40+M24-M56 -> 11.843898 | N73: =M84+N40+N24-N56 -> 12.061327 | O73: =N84+O40+O24-O56 -> 12.256023 | P73: =O84+P40+P24-P56 -> 13.351587 | Q73: =P84+Q40+Q24-Q56 -> 16.8133 | R73: =Q84+R40+R24-R56 -> 16.597859 | S73: =R84+S40+S24-S56 -> 16.31437 | ... AK73: =AJ84+AK40+AK24-AK56 -> 19.225534
A74: February | B74: 0 | C74: 0 | D74: 0 | E74: 0 | F74: 0 | G74: 0 | H74: 0 | I74: 0 | J74: 0 | K74: 0 | L74: =L73+L41+L25-L57 -> 20.20944 | M74: =M73+M41+M25-M57 -> 22.206742 | N74: =N73+N41+N25-N57 -> 22.610353 | O74: =O73+O41+O25-O57 -> 22.965715 | P74: =P73+P41+P25-P57 -> 25.237163 | Q74: =Q73+Q41+Q25-Q57 -> 31.707618 | R74: =R73+R41+R25-R57 -> 27.691256 | S74: =S73+S41+S25-S57 -> 30.658616 | ... AK74: =AK73+AK41+AK25-AK57 -> 36.346394
A75: March | B75: 0 | C75: 0 | D75: 0 | E75: 0 | F75: 0 | G75: 0 | H75: 0 | I75: 0 | J75: 0 | K75: 0 | L75: =L74+L42+L26-L58 -> 21.862894 | M75: =M74+M42+M26-M58 -> 23.71369 | N75: =N74+N42+N26-N58 -> 24.16039 | O75: =O74+O42+O26-O58 -> 23.041599 | P75: =P74+P42+P26-P58 -> 24.921742 | Q75: =Q74+Q42+Q26-Q58 -> 30.349937 | R75: =R74+R42+R26-R58 -> 25.9866 | S75: =S74+S42+S26-S58 -> 33.531466 | ... AK75: =AK74+AK42+AK26-AK58 -> 38.15803
A76: April | B76: 0 | C76: 0 | D76: 0 | E76: 0 | F76: 0 | G76: 0 | H76: 0 | I76: 0 | J76: 0 | K76: 0 | L76: =L75+L43+L27-L59 -> 22.436067 | M76: =M75+M43+M27-M59 -> 24.260129 | N76: =N75+N43+N27-N59 -> 24.720985 | O76: =O75+O43+O27-O59 -> 23.618649 | P76: =P75+P43+P27-P59 -> 25.368043 | Q76: =Q75+Q43+Q27-Q59 -> 29.323118 | R76: =R75+R43+R27-R59 -> 28.186567 | S76: =S75+S43+S27-S59 -> 35.020398 | ... AK76: =AK75+AK43+AK27-AK59 -> 40.675572
A77: May | B77: 0 | C77: 0 | D77: 0 | E77: 0 | F77: 0 | G77: 0 | H77: 0 | I77: 0 | J77: 0 | K77: 0 | L77: =L76+L44+L28-L60 -> 17.470618 | M77: =M76+M44+M28-M60 -> 19.235038 | N77: =N76+N44+N28-N60 -> 19.582723 | O77: =O76+O44+O28-O60 -> 15.743546 | P77: =P76+P44+P28-P60 -> 16.931051 | Q77: =Q76+Q44+Q28-Q60 -> 17.291022 | R77: =R76+R44+R28-R60 -> 22.741367 | S77: =S76+S44+S28-S60 -> 28.634457 | ... AK77: =AK76+AK44+AK28-AK60 -> 31.347528
A78: June | B78: 0 | C78: 0 | D78: 0 | E78: 0 | F78: 0 | G78: 0 | H78: 0 | I78: 0 | J78: 0 | K78: 0 | L78: =L77+L45+L29-L61 -> 9.7716415 | M78: =M77+M45+M29-M61 -> 10.665271 | N78: =N77+N45+N29-N61 -> 10.862767 | O78: =O77+O45+O29-O61 -> 6.7092913 | P78: =P77+P45+P29-P61 -> 6.7677817 | Q78: =Q77+Q45+Q29-Q61 -> 4.6111693 | R78: =R77+R45+R29-R61 -> 9.5819478 | S78: =S77+S45+S29-S61 -> 17.963899 | ... AK78: =AK77+AK45+AK29-AK61 -> 20.242643
A79: July | B79: 0 | C79: 0 | D79: 0 | E79: 0 | F79: 0 | G79: 0 | H79: 0 | I79: 0 | J79: 0 | K79: 0 | L79: =L78+L46+L30-L62 -> 2.3463439 | M79: =M78+M46+M30-M62 -> 2.6161837 | N79: =N78+N46+N30-N62 -> 2.6618106 | O79: =O78+O46+O30-O62 -> -3.1071731 | P79: =P78+P46+P30-P62 -> -4.0153685 | Q79: =Q78+Q46+Q30-Q62 -> -9.2999074 | R79: =R78+R46+R30-R62 -> -4.85611 | S79: =S78+S46+S30-S62 -> 7.8095838 | ... AK79: =AK78+AK46+AK30-AK62 -> 8.1258001
A80: August | B80: 0 | C80: 0 | D80: 0 | E80: 0 | F80: 0 | G80: 0 | H80: 0 | I80: 0 | J80: 0 | K80: 0 | L80: =L79+L47+L31-L63 -> 3.7658578 | M80: =M79+M47+M31-M63 -> 4.2652322 | N80: =N79+N47+N31-N63 -> 4.3363095 | O80: =O79+O47+O31-O63 -> -1.140617 | P80: =P79+P47+P31-P63 -> -1.9097934 | Q80: =Q79+Q47+Q31-Q63 -> -8.9510714 | R80: =R79+R47+R31-R63 -> -4.8216934 | S80: =S79+S47+S31-S63 -> 10.799675 | ... AK80: =AK79+AK47+AK31-AK63 -> 12.529427
A81: September | B81: 0 | C81: 0 | D81: 0 | E81: 0 | F81: 0 | G81: 0 | H81: 0 | I81: 0 | J81: 0 | K81: 0 | L81: =L80+L48+L32-L64 -> -2.3383992 | M81: =M80+M48+M32-M64 -> -2.2086578 | N81: =N80+N48+N32-N64 -> -2.2670813 | O81: =O80+O48+O32-O64 -> -10.453804 | P81: =P80+P48+P32-P64 -> -11.957687 | Q81: =Q80+Q48+Q32-Q64 -> -22.505147 | R81: =R80+R48+R32-R64 -> -18.882152 | S81: =S80+S48+S32-S64 -> 2.870981 | ... AK81: =AK80+AK48+AK32-AK64 -> 1.0774688
A82: October | B82: 0 | C82: 0 | D82: 0 | E82: 0 | F82: 0 | G82: 0 | H82: 0 | I82: 0 | J82: 0 | K82: 0 | L82: =L81+L49+L33-L65 -> 2.3696479 | M82: =M81+M49+M33-M65 -> 3.0507583 | N82: =N81+N49+N33-N65 -> 3.0835648 | O82: =O81+O49+O33-O65 -> -4.9357327 | P82: =P81+P49+P33-P65 -> -5.9487872 | Q82: =Q81+Q49+Q33-Q65 -> -17.708246 | R82: =R81+R49+R33-R65 -> -10.822331 | S82: =S81+S49+S33-S65 -> 10.427332 | ... AK82: =AK81+AK49+AK33-AK65 -> 10.671278
A83: November | B83: 0 | C83: 0 | D83: 0 | E83: 0 | F83: 0 | G83: 0 | H83: 0 | I83: 0 | J83: 0 | K83: 0 | L83: =L82+L50+L34-L66 -> 7.630419 | M83: =M82+M50+M34-M66 -> 8.5232896 | N83: =N82+N50+N34-N66 -> 8.6711719 | O83: =O82+O50+O34-O66 -> -0.5584997 | P83: =P82+P50+P34-P66 -> -0.7460955 | Q83: =Q82+Q50+Q34-Q66 -> -13.662868 | R83: =R82+R50+R34-R66 -> -1.6293891 | S83: =S82+S50+S34-S66 -> 19.068783 | ... AK83: =AK82+AK50+AK34-AK66 -> 18.817713
A84: December | B84: 0 | C84: 0 | D84: 0 | E84: 0 | F84: 0 | G84: 0 | H84: 0 | I84: 0 | J84: 0 | K84: =K83+K51+K35-K67 -> 0 | L84: =L83+L51+L35-L67 -> -5.6843419e-14 | M84: =M83+M51+M35-M67 -> -9.5923269e-14 | N84: =N83+N51+N35-N67 -> -1.5276669e-13 | O84: =O83+O51+O35-O67 -> -1.9184654e-13 | P84: =P83+P51+P35-P67 -> -2.4868996e-13 | Q84: =Q83+Q51+Q35-Q67 -> -2.9842795e-13 | R84: =R83+R51+R35-R67 -> -2.8421709e-13 | ... AK84: =AK83+AK51+AK35-AK67 -> 1.0942358e-12
A87: RENEWABLE DIESEL CAPACITY (million gallons per year)
B88: =B2 -> 2015 | C88: =C2 -> 2016 | D88: =D2 -> 2017 | E88: =E2 -> 2018 | F88: =F2 -> 2019 | G88: =G2 -> 2020 | H88: =H2 -> 2021 | I88: =I2 -> 2022 | ... AK88: =AK2 -> 2050
A89: January | B89: 0 | C89: 0 | D89: 0 | E89: 0 | F89: 0 | G89: 0 | H89: 0 | I89: 0 | J89: 0 | K89: =46/12 -> 3.8333333 | L89: =46/12 -> 3.8333333 | M89: =46/12 -> 3.8333333 | N89: =46/12 -> 3.8333333 | O89: =46/12 -> 3.8333333 | P89: =46/12 -> 3.8333333 | Q89: =46/12 -> 3.8333333 | R89: =46/12 -> 3.8333333 | ... AK89: =46/12 -> 3.8333333
A90: February | B90: 0 | C90: 0 | D90: 0 | E90: 0 | F90: 0 | G90: 0 | H90: 0 | I90: 0 | J90: 0 | K90: =46/12 -> 3.8333333 | L90: =46/12 -> 3.8333333 | M90: =46/12 -> 3.8333333 | N90: =46/12 -> 3.8333333 | O90: =46/12 -> 3.8333333 | P90: =46/12 -> 3.8333333 | Q90: =46/12 -> 3.8333333 | R90: =46/12 -> 3.8333333 | ... AK90: =46/12 -> 3.8333333
A91: March | B91: 0 | C91: 0 | D91: 0 | E91: 0 | F91: 0 | G91: 0 | H91: 0 | I91: 0 | J91: 0 | K91: =46/12 -> 3.8333333 | L91: =46/12 -> 3.8333333 | M91: =46/12 -> 3.8333333 | N91: =46/12 -> 3.8333333 | O91: =46/12 -> 3.8333333 | P91: =46/12 -> 3.8333333 | Q91: =46/12 -> 3.8333333 | R91: =46/12 -> 3.8333333 | ... AK91: =46/12 -> 3.8333333
A92: April | B92: 0 | C92: 0 | D92: 0 | E92: 0 | F92: 0 | G92: 0 | H92: 0 | I92: 0 | J92: 0 | K92: =46/12 -> 3.8333333 | L92: =46/12 -> 3.8333333 | M92: =46/12 -> 3.8333333 | N92: =46/12 -> 3.8333333 | O92: =46/12 -> 3.8333333 | P92: =46/12 -> 3.8333333 | Q92: =46/12 -> 3.8333333 | R92: =46/12 -> 3.8333333 | ... AK92: =46/12 -> 3.8333333
A93: May | B93: 0 | C93: 0 | D93: 0 | E93: 0 | F93: 0 | G93: 0 | H93: 0 | I93: 0 | J93: 0 | K93: =46/12 -> 3.8333333 | L93: =46/12 -> 3.8333333 | M93: =46/12 -> 3.8333333 | N93: =46/12 -> 3.8333333 | O93: =46/12 -> 3.8333333 | P93: =46/12 -> 3.8333333 | Q93: =46/12 -> 3.8333333 | R93: =46/12 -> 3.8333333 | ... AK93: =46/12 -> 3.8333333
A94: June | B94: 0 | C94: 0 | D94: 0 | E94: 0 | F94: 0 | G94: 0 | H94: 0 | I94: 0 | J94: 0 | K94: =46/12 -> 3.8333333 | L94: =46/12 -> 3.8333333 | M94: =46/12 -> 3.8333333 | N94: =46/12 -> 3.8333333 | O94: =46/12 -> 3.8333333 | P94: =46/12 -> 3.8333333 | Q94: =46/12 -> 3.8333333 | R94: =46/12 -> 3.8333333 | ... AK94: =46/12 -> 3.8333333
A95: July | B95: 0 | C95: 0 | D95: 0 | E95: 0 | F95: 0 | G95: 0 | H95: 0 | I95: 0 | J95: 0 | K95: =46/12 -> 3.8333333 | L95: =46/12 -> 3.8333333 | M95: =46/12 -> 3.8333333 | N95: =46/12 -> 3.8333333 | O95: =46/12 -> 3.8333333 | P95: =46/12 -> 3.8333333 | Q95: =46/12 -> 3.8333333 | R95: =46/12 -> 3.8333333 | ... AK95: =46/12 -> 3.8333333
A96: August | B96: 0 | C96: 0 | D96: 0 | E96: 0 | F96: 0 | G96: 0 | H96: 0 | I96: 0 | J96: 0 | K96: =46/12 -> 3.8333333 | L96: =46/12 -> 3.8333333 | M96: =46/12 -> 3.8333333 | N96: =46/12 -> 3.8333333 | O96: =46/12 -> 3.8333333 | P96: =46/12 -> 3.8333333 | Q96: =46/12 -> 3.8333333 | R96: =46/12 -> 3.8333333 | ... AK96: =46/12 -> 3.8333333
A97: September | B97: 0 | C97: 0 | D97: 0 | E97: 0 | F97: 0 | G97: 0 | H97: 0 | I97: 0 | J97: 0 | K97: =46/12 -> 3.8333333 | L97: =46/12 -> 3.8333333 | M97: =46/12 -> 3.8333333 | N97: =46/12 -> 3.8333333 | O97: =46/12 -> 3.8333333 | P97: =46/12 -> 3.8333333 | Q97: =46/12 -> 3.8333333 | R97: =46/12 -> 3.8333333 | ... AK97: =46/12 -> 3.8333333
A98: October | B98: 0 | C98: 0 | D98: 0 | E98: 0 | F98: 0 | G98: 0 | H98: 0 | I98: 0 | J98: 0 | K98: =46/12 -> 3.8333333 | L98: =46/12 -> 3.8333333 | M98: =46/12 -> 3.8333333 | N98: =46/12 -> 3.8333333 | O98: =46/12 -> 3.8333333 | P98: =46/12 -> 3.8333333 | Q98: =46/12 -> 3.8333333 | R98: =46/12 -> 3.8333333 | ... AK98: =46/12 -> 3.8333333
A99: November | B99: 0 | C99: 0 | D99: 0 | E99: 0 | F99: 0 | G99: 0 | H99: 0 | I99: 0 | J99: =46/12 -> 3.8333333 | K99: =46/12 -> 3.8333333 | L99: =46/12 -> 3.8333333 | M99: =46/12 -> 3.8333333 | N99: =46/12 -> 3.8333333 | O99: =46/12 -> 3.8333333 | P99: =46/12 -> 3.8333333 | Q99: =46/12 -> 3.8333333 | ... AK99: =46/12 -> 3.8333333
A100: December | B100: 0 | C100: 0 | D100: 0 | E100: 0 | F100: 0 | G100: 0 | H100: 0 | I100: 0 | J100: =46/12 -> 3.8333333 | K100: =46/12 -> 3.8333333 | L100: =46/12 -> 3.8333333 | M100: =46/12 -> 3.8333333 | N100: =46/12 -> 3.8333333 | O100: =46/12 -> 3.8333333 | P100: =46/12 -> 3.8333333 | Q100: =46/12 -> 3.8333333 | ... AK100: =46/12 -> 3.8333333
A101: Average | B101: =AVERAGE(B89:B100) -> 0 | C101: =AVERAGE(C89:C100) -> 0 | D101: =AVERAGE(D89:D100) -> 0 | E101: =AVERAGE(E89:E100) -> 0 | F101: =AVERAGE(F89:F100) -> 0 | G101: =AVERAGE(G89:G100) -> 0 | H101: =AVERAGE(H89:H100) -> 0 | I101: =AVERAGE(I89:I100) -> 0 | ... AK101: =AVERAGE(AK89:AK100) -> 3.8333333

Sheet SAF
A3: Canada Sustainable Aviation Fuel Balance
A4: million gallons | B4: 2018 | C4: 2019 | D4: 2020 | E4: 2021 | F4: 2022 | G4: 2023 | H4: 2024 | I4: 2025 | J4: 2026 | K4: 2027 | L4: 2028 | M4: 2029 | N4: 2030 | O4: 2031 | P4: 2032 | Q4: 2033 | R4: 2034 | S4: 2035 | T4: 2036 | U4: 2037 | V4: 2038 | W4: 2039 | X4: 2040 | Y4: 2041 | Z4: 2042 | AA4: 2043 | AB4: 2044 | AC4: 2045 | AD4: 2046 | AE4: 2047 | AF4: 2048 | AG4: 2049 | AH4: 2050
A5: Beginning Stocks | B5: 0 | C5: =B12 -> 0 | D5: =C12 -> 0 | E5: =D12 -> 0 | F5: =E12 -> 0 | G5: =F12 -> 0 | H5: =G12 -> 0 | I5: =H12 -> 0.01539569 | J5: =I12 -> 0.39420157 | ... AH5: =AG12 -> 25
A6: Production | B6: =B34/1000 -> 0 | C6: =C34/1000 -> 0 | D6: =D34/1000 -> 0 | E6: =E34/1000 -> 0 | F6: =F34/1000 -> 0 | G6: =G16*0.5 -> 0 | H6: =H16*0.5 -> 6 | I6: =I16*0.5 -> 83.25 | J6: =J16*0.5 -> 109.25 | K6: =K16*0.5 -> 159.25 | L6: =L16*0.5 -> 259.25 | M6: =M16*0.5 -> 259.25 | N6: =N16*0.5 -> 311.75 | O6: =O16*0.55 -> 342.925 | P6: =P16*0.6 -> 374.1 | Q6: =Q16*0.65 -> 405.275 | R6: =R16*0.65 -> 405.275 | S6: =S16*0.65 -> 405.275 | T6: =T16*0.65 -> 405.275 | U6: =U16*0.65 -> 405.275 | V6: =V16*0.65 -> 405.275 | W6: =W16*0.65 -> 405.275 | X6: =X16*0.65 -> 405.275 | ... AH6: =AH16*0.65 -> 405.275
A7: Imports | B7: =B82/1000 -> 0 | C7: =C82/1000 -> 0 | D7: =D82/1000 -> 0 | E7: =E82/1000 -> 0 | F7: =F82/1000 -> 0 | G7: =G82/1000 -> 0 | H7: =H82/1000 -> 0 | I7: =I82/1000 -> 0 | ... AH7: =AH82/1000 -> 0
A8: Total Supply | B8: =SUM(B5:B7) -> 0 | C8: =SUM(C5:C7) -> 0 | D8: =SUM(D5:D7) -> 0 | E8: =SUM(E5:E7) -> 0 | F8: =SUM(F5:F7) -> 0 | G8: =SUM(G5:G7) -> 0 | H8: =SUM(H5:H7) -> 6 | I8: =SUM(I5:I7) -> 83.265396 | ... AH8: =SUM(AH5:AH7) -> 430.275
A9: Domestic Use | B9: =B11-B10 -> 0 | C9: =C11-C10 -> 0 | D9: =D11-D10 -> 0 | E9: =E11-E10 -> 0 | F9: =F11-F10 -> 0 | G9: =G11-G10 -> 0 | H9: =H11-H10 -> 5.9846043 | I9: =I11-I10 -> 82.871194 | ... AH9: =AH11-AH10 -> 405.275 | AL9: consume all produced
A10: Exports | B10: =B66/1000 -> 0 | C10: =C66/1000 -> 0 | D10: =D66/1000 -> 0 | E10: =E66/1000 -> 0 | F10: =F66/1000 -> 0 | G10: =G66/1000 -> 0 | H10: 0 | I10: 0 | J10: 0 | K10: 0 | L10: 0 | M10: 0 | N10: 0 | O10: 0 | P10: 0 | Q10: 0 | R10: 0 | S10: 0 | T10: 0 | U10: 0 | V10: 0 | W10: 0 | X10: 0 | Y10: 0 | Z10: 0 | AA10: 0 | AB10: 0 | AC10: 0 | AD10: 0 | AE10: 0 | AF10: 0 | AG10: 0 | AH10: 0
A11: Total Demand | B11: =B8-B12 -> 0 | C11: =C8-C12 -> 0 | D11: =D8-D12 -> 0 | E11: =E8-E12 -> 0 | F11: =F8-F12 -> 0 | G11: =G8-G12 -> 0 | H11: =H8-H12 -> 5.9846043 | I11: =I8-I12 -> 82.871194 | ... AH11: =AH8-AH12 -> 405.275
A12: Ending Stocks | B12: 0 | C12: 0 | D12: 0 | E12: 0 | F12: 0 | G12: 0 | H12: 0.01539569 | I12: 0.39420157 | J12: 2 | K12: 3 | L12: 3 | M12: 5 | N12: 7 | O12: 9 | P12: 15 | Q12: 20 | R12: 25 | S12: 25 | T12: 25 | U12: 25 | V12: 25 | W12: 25 | X12: 25 | Y12: 25 | Z12: 25 | AA12: 25 | AB12: 25 | AC12: 25 | AD12: 25 | AE12: 25 | AF12: 25 | AG12: 25 | AH12: 25
A14: Days of Coverage | B14: =B12/(C11/365) -> #DIV/0! | C14: =C12/(D11/365) -> #DIV/0! | D14: =D12/(E11/365) -> #DIV/0! | E14: =E12/(F11/365) -> #DIV/0! | F14: =F12/(G11/365) -> #DIV/0! | G14: =G12/(H11/365) -> 0 | H14: =H12/(I11/365) -> 0.06780917 | I14: =I12/(J11/365) -> 1.3366588 | ... R14: =R12/(S11/365) -> 22.515576 | S14: =S12/(AH11/365) -> 22.515576 | T14: =T12/(#REF!/365) -> #REF! | U14: =U12/(AI11/365) -> #DIV/0! | V14: =V12/(AJ11/365) -> #DIV/0! | W14: =W12/(AK11/365) -> #DIV/0! | X14: =X12/(AL11/365) -> #DIV/0! | Y14: =Y12/(AM11/365) -> #DIV/0! | Z14: =Z12/(AN11/365) -> #DIV/0! | AA14: =AA12/(AO11/365) -> #DIV/0! | AB14: =AB12/(AP11/365) -> #DIV/0! | ... AH14: =AH12/(AV11/365) -> #DIV/0!
A15: Average Price ($/gal)
A16: Capacity | B16: 0 | C16: 0 | D16: 0 | E16: 0 | F16: 0 | G16: 0 | H16: 12 | I16: =34+22.5+(275*0.4) -> 166.5 | J16: =150+46+22.5 -> 218.5 | K16: =150+46+22.5+100 -> 318.5 | L16: =150+46+22.5+300 -> 518.5 | M16: =150+46+22.5+300 -> 518.5 | N16: =150+46+22.5+300+100+5 -> 623.5 | O16: =150+46+22.5+300+100+5 -> 623.5 | P16: =150+46+22.5+300+100+5 -> 623.5 | Q16: =150+46+22.5+300+100+5 -> 623.5 | R16: =150+46+22.5+300+100+5 -> 623.5 | S16: =150+46+22.5+300+100+5 -> 623.5 | T16: =150+46+22.5+300+100+5 -> 623.5 | U16: =150+46+22.5+300+100+5 -> 623.5 | ... AH16: =150+46+22.5+300+100+5 -> 623.5
A17: Blending Rate | B17: =B9/'Jet Fuel'!B9 -> 0 | C17: =C9/'Jet Fuel'!C9 -> 0 | D17: =D9/'Jet Fuel'!D9 -> 0 | E17: =E9/'Jet Fuel'!E9 -> 0 | F17: =F9/'Jet Fuel'!F9 -> 0 | G17: =G9/'Jet Fuel'!G9 -> 0 | H17: =H9/'Jet Fuel'!H9 -> 0.0025866024 | I17: =I9/'Jet Fuel'!I9 -> 0.034878449 | ... AH17: =AH9/'Jet Fuel'!AH9 -> 0.13903087
A18: CI targets | B18: 0 | C18: 0 | D18: 0 | E18: 0 | F18: 0 | G18: 0 | H18: 0 | I18: 0 | J18: 0.02 | K18: 0.04 | L18: 0.06 | M18: 0.08 | N18: 0.1 | O18: 0.1 | P18: 0.1 | Q18: 0.1 | R18: 0.1 | S18: 0.1 | T18: 1.1 | U18: 2.1 | V18: 3.1 | W18: 4.1 | X18: 5.1 | Y18: 6.1 | Z18: 7.1 | AA18: 8.1 | AB18: 9.1 | AC18: 10.1 | AD18: 11.1 | AE18: 12.1 | AF18: 13.1 | AG18: 14.1 | AH18: 15.1
A19: Operating Rate | H19: =H6/H16 -> 0.5 | I19: =I6/I16 -> 0.5 | J19: =J6/J16 -> 0.5 | K19: =K6/K16 -> 0.5 | L19: =L6/L16 -> 0.5 | M19: =M6/M16 -> 0.5 | N19: =N6/N16 -> 0.5 | O19: =O6/O16 -> 0.55 | ... AH19: =AH6/AH16 -> 0.65
A20: SAF Domestic Production
A21: million gallons | B21: =B4 -> 2018 | C21: =C4 -> 2019 | D21: =D4 -> 2020 | E21: =E4 -> 2021 | F21: =F4 -> 2022 | G21: =G4 -> 2023 | H21: =H4 -> 2024 | I21: =I4 -> 2025 | ... AH21: =AH4 -> 2050
A22: January | I22: =I$6/12 -> 6.9375 | J22: =J$6/12 -> 9.1041667 | K22: =K$6/12 -> 13.270833 | L22: =L$6/12 -> 21.604167 | M22: =M$6/12 -> 21.604167 | N22: =N$6/12 -> 25.979167 | O22: =O$6/12 -> 28.577083 | P22: =P$6/12 -> 31.175 | ... AH22: =AH$6/12 -> 33.772917
A23: February | I23: =I$6/12 -> 6.9375 | J23: =J$6/12 -> 9.1041667 | K23: =K$6/12 -> 13.270833 | L23: =L$6/12 -> 21.604167 | M23: =M$6/12 -> 21.604167 | N23: =N$6/12 -> 25.979167 | O23: =O$6/12 -> 28.577083 | P23: =P$6/12 -> 31.175 | ... AH23: =AH$6/12 -> 33.772917
A24: March | I24: =I$6/12 -> 6.9375 | J24: =J$6/12 -> 9.1041667 | K24: =K$6/12 -> 13.270833 | L24: =L$6/12 -> 21.604167 | M24: =M$6/12 -> 21.604167 | N24: =N$6/12 -> 25.979167 | O24: =O$6/12 -> 28.577083 | P24: =P$6/12 -> 31.175 | ... AH24: =AH$6/12 -> 33.772917
A25: April | I25: =I$6/12 -> 6.9375 | J25: =J$6/12 -> 9.1041667 | K25: =K$6/12 -> 13.270833 | L25: =L$6/12 -> 21.604167 | M25: =M$6/12 -> 21.604167 | N25: =N$6/12 -> 25.979167 | O25: =O$6/12 -> 28.577083 | P25: =P$6/12 -> 31.175 | ... AH25: =AH$6/12 -> 33.772917
A26: May | I26: =I$6/12 -> 6.9375 | J26: =J$6/12 -> 9.1041667 | K26: =K$6/12 -> 13.270833 | L26: =L$6/12 -> 21.604167 | M26: =M$6/12 -> 21.604167 | N26: =N$6/12 -> 25.979167 | O26: =O$6/12 -> 28.577083 | P26: =P$6/12 -> 31.175 | ... AH26: =AH$6/12 -> 33.772917
A27: June | I27: =I$6/12 -> 6.9375 | J27: =J$6/12 -> 9.1041667 | K27: =K$6/12 -> 13.270833 | L27: =L$6/12 -> 21.604167 | M27: =M$6/12 -> 21.604167 | N27: =N$6/12 -> 25.979167 | O27: =O$6/12 -> 28.577083 | P27: =P$6/12 -> 31.175 | ... AH27: =AH$6/12 -> 33.772917
A28: July | I28: =I$6/12 -> 6.9375 | J28: =J$6/12 -> 9.1041667 | K28: =K$6/12 -> 13.270833 | L28: =L$6/12 -> 21.604167 | M28: =M$6/12 -> 21.604167 | N28: =N$6/12 -> 25.979167 | O28: =O$6/12 -> 28.577083 | P28: =P$6/12 -> 31.175 | ... AH28: =AH$6/12 -> 33.772917
A29: August | I29: =I$6/12 -> 6.9375 | J29: =J$6/12 -> 9.1041667 | K29: =K$6/12 -> 13.270833 | L29: =L$6/12 -> 21.604167 | M29: =M$6/12 -> 21.604167 | N29: =N$6/12 -> 25.979167 | O29: =O$6/12 -> 28.577083 | P29: =P$6/12 -> 31.175 | ... AH29: =AH$6/12 -> 33.772917
A30: September | I30: =I$6/12 -> 6.9375 | J30: =J$6/12 -> 9.1041667 | K30: =K$6/12 -> 13.270833 | L30: =L$6/12 -> 21.604167 | M30: =M$6/12 -> 21.604167 | N30: =N$6/12 -> 25.979167 | O30: =O$6/12 -> 28.577083 | P30: =P$6/12 -> 31.175 | ... AH30: =AH$6/12 -> 33.772917
A31: October | H31: 1 | I31: =I$6/12 -> 6.9375 | J31: =J$6/12 -> 9.1041667 | K31: =K$6/12 -> 13.270833 | L31: =L$6/12 -> 21.604167 | M31: =M$6/12 -> 21.604167 | N31: =N$6/12 -> 25.979167 | O31: =O$6/12 -> 28.577083 | P31: =P$6/12 -> 31.175 | ... AH31: =AH$6/12 -> 33.772917
A32: November | H32: 1 | I32: =I$6/12 -> 6.9375 | J32: =J$6/12 -> 9.1041667 | K32: =K$6/12 -> 13.270833 | L32: =L$6/12 -> 21.604167 | M32: =M$6/12 -> 21.604167 | N32: =N$6/12 -> 25.979167 | O32: =O$6/12 -> 28.577083 | P32: =P$6/12 -> 31.175 | ... AH32: =AH$6/12 -> 33.772917
A33: December | H33: 1 | I33: =I$6/12 -> 6.9375 | J33: =J$6/12 -> 9.1041667 | K33: =K$6/12 -> 13.270833 | L33: =L$6/12 -> 21.604167 | M33: =M$6/12 -> 21.604167 | N33: =N$6/12 -> 25.979167 | O33: =O$6/12 -> 28.577083 | P33: =P$6/12 -> 31.175 | ... AH33: =AH$6/12 -> 33.772917
A34: Total | B34: =SUM(B22:B33) -> 0 | C34: =SUM(C22:C33) -> 0 | D34: =SUM(D22:D33) -> 0 | E34: =SUM(E22:E33) -> 0 | F34: =SUM(F22:F33) -> 0 | G34: =SUM(G22:G33) -> 0 | H34: =SUM(H22:H33) -> 3 | I34: =SUM(I22:I33) -> 83.25 | ... AH34: =SUM(AH22:AH33) -> 405.275
A36: SAF Imports - GTT
A37: million gallons | B37: =B21 -> 2018 | C37: =C21 -> 2019 | D37: =D21 -> 2020 | E37: =E21 -> 2021 | F37: =F21 -> 2022 | G37: =G21 -> 2023 | H37: =H21 -> 2024 | I37: =I21 -> 2025 | ... AH37: =AH21 -> 2050
A38: January
A39: February
A40: March
A41: April
A42: May
A43: June
A44: July
A45: August
A46: September
A47: October
A48: November
A49: December
... A52: SAF Exports - GTT
A53: million gallons | B53: =B4 -> 2018 | C53: =C4 -> 2019 | D53: =D4 -> 2020 | E53: =E4 -> 2021 | F53: =F4 -> 2022 | G53: =G4 -> 2023 | H53: =H4 -> 2024 | I53: =I4 -> 2025 | ... AH53: =AH4 -> 2050
A54: January
A55: February
A56: March
A57: April
A58: May
A59: June
A60: July
A61: August
A62: September
A63: October
A64: November
A65: December
... A68: Domestic Use
A69: million gallons | B69: =B4 -> 2018 | C69: =C4 -> 2019 | D69: =D4 -> 2020 | E69: =E4 -> 2021 | F69: =F4 -> 2022 | G69: =G4 -> 2023 | H69: =H4 -> 2024 | I69: =I4 -> 2025 | ... AH69: =AH4 -> 2050
A70: January
A71: February
A72: March
A73: April
A74: May
A75: June
A76: July
A77: August
A78: September
A79: October
A80: November
A81: December
A82: Total | B82: =SUM(B70:B81) -> 0 | C82: =SUM(C70:C81) -> 0 | D82: =SUM(D70:D81) -> 0 | E82: =SUM(E70:E81) -> 0 | F82: =SUM(F70:F81) -> 0 | G82: =SUM(G70:G81) -> 0 | H82: =SUM(H70:H81) -> 0 | I82: =SUM(I70:I81) -> 0 | ... AH82: =SUM(AH70:AH81) -> 0
A84: Ending Use
A85: million gallons | B85: =B4 -> 2018 | C85: =C4 -> 2019 | D85: =D4 -> 2020 | E85: =E4 -> 2021 | F85: =F4 -> 2022 | G85: =G4 -> 2023 | H85: =H4 -> 2024 | I85: =I4 -> 2025 | ... AH85: =AH4 -> 2050
A86: January
A87: February
A88: March
A89: April
A90: May
A91: June
A92: July
A93: August
A94: September
A95: October
A96: November
A97: December
A98: Total

Sheet Jet Fuel
A3: Canada Jet Fuel Balances
A4: million gallons | B4: 2018 | C4: 2019 | D4: 2020 | E4: 2021 | F4: 2022 | G4: 2023 | H4: 2024 | I4: 2025 | J4: 2026 | K4: 2027 | L4: 2028 | M4: 2029 | N4: 2030 | O4: 2031 | P4: 2032 | Q4: 2033 | R4: 2034 | S4: 2035 | T4: 2036 | U4: 2037 | V4: 2038 | W4: 2039 | X4: 2040 | Y4: 2041 | Z4: 2042 | AA4: 2043 | AB4: 2044 | AC4: 2045 | AD4: 2046 | AE4: 2047 | AF4: 2048 | AG4: 2049 | AH4: 2050
A5: Beginning Stocks | B5: 0 | C5: =B12 -> 150.0497 | D5: =C12 -> 116.10703 | E5: =D12 -> 102.33099 | F5: =E12 -> 102.70083 | G5: =F12 -> 93.123008 | H5: =G12 -> 105.65506 | I5: =H12 -> 101.67293 | J5: =I12 -> 101.09656 | ... AH5: =AG12 -> 101.20555
A6: Production | B6: =B33 -> 1826.4852 | C6: =C33 -> 1787.3759 | D6: =D33 -> 825.54912 | E6: =E33 -> 988.23998 | F6: =F33 -> 1435.1395 | G6: =G33 -> 1631.3768 | H6: =H33 -> 1705.3549 | I6: =MROUND(FORECAST(I9,C6:H6,C9:H9),5) -> 1730 | J6: =MROUND(FORECAST(J9,D6:I6,D9:I9),5) -> 1800 | K6: =MROUND(FORECAST(K9,E6:J6,E9:J9),5) -> 1795 | L6: =MROUND(FORECAST(L9,F6:K6,F9:K9),5) -> 1800 | M6: =MROUND(FORECAST(M9,G6:L6,G9:L9),5) -> 1810 | N6: =MROUND(FORECAST(N9,H6:M6,H9:M9),5) -> 1820 | O6: =MROUND(FORECAST(O9,I6:N6,I9:N9),5) -> 1830 | P6: =MROUND(FORECAST(P9,J6:O6,J9:O9),5) -> 1840 | ... AH6: =MROUND(FORECAST(AH9,AB6:AG6,AB9:AG9),5) -> 2030
A7: Imports | B7: =annual_data!$L8*264.172/1000 -> 954.13643 | C7: =C49 -> 1036.3193 | D7: =D49 -> 360.66082 | E7: =E49 -> 298.00002 | F7: =F49 -> 615.94344 | G7: =G49 -> 708.04991 | H7: =H49 -> 715.55028 | I7: =AVERAGE(C7:H7) -> 622.42062 | J7: =AVERAGE(D7:I7) -> 553.43751 | K7: =AVERAGE(E7:J7) -> 585.56696 | L7: =AVERAGE(F7:K7) -> 633.49479 | M7: =AVERAGE(G7:L7) -> 636.42001 | N7: =AVERAGE(H7:M7) -> 624.4817 | O7: =AVERAGE(I7:N7) -> 609.3036 | P7: =AVERAGE(J7:O7) -> 607.11743 | ... AH7: =AVERAGE(AB7:AG7) -> 616.6371
A8: Total Supply | B8: =SUM(B5:B7) -> 2780.6216 | C8: =SUM(C5:C7) -> 2973.7448 | D8: =SUM(D5:D7) -> 1302.317 | E8: =SUM(E5:E7) -> 1388.571 | F8: =SUM(F5:F7) -> 2153.7837 | G8: =SUM(G5:G7) -> 2432.5497 | H8: =SUM(H5:H7) -> 2526.5603 | I8: =SUM(I5:I7) -> 2454.0936 | ... AH8: =SUM(AH5:AH7) -> 2747.8426
A9: Domestic Use | B9: =B81 -> 2401.8518 | C9: =C81 -> 2480.2227 | D9: =D81 -> 1061.0653 | E9: =E81 -> 1154.3693 | F9: =F81 -> 1948.0191 | G9: =G81 -> 2213.4499 | H9: =H81 -> 2313.6931 | I9: =MROUND(FORECAST(I17,$B9:H9,$B17:H17),5)*0.99 -> 2376 | J9: =MROUND(FORECAST(J17,$B9:I9,$B17:I17),5)*1.02 -> 2478.6 | K9: =MROUND(FORECAST(K17,$B9:J9,$B17:J17),5)*1.01 -> 2479.55 | L9: =MROUND(FORECAST(L17,$B9:K9,$B17:K17),5) -> 2475 | M9: =MROUND(FORECAST(M17,$B9:L9,$B17:L17),5) -> 2495 | N9: =MROUND(FORECAST(N17,$B9:M9,$B17:M17),5) -> 2515 | O9: =MROUND(FORECAST(O17,$B9:N9,$B17:N17),5) -> 2530 | P9: =MROUND(FORECAST(P17,$B9:O9,$B17:O17),5) -> 2550 | Q9: =MROUND(FORECAST(Q17,$B9:P9,$B17:P17),5) -> 2570 | R9: =MROUND(FORECAST(R17,$B9:Q9,$B17:Q17),5) -> 2585 | S9: =MROUND(FORECAST(S17,$B9:R9,$B17:R17),5) -> 2605 | ... AH9: =MROUND(FORECAST(AH17,$B9:AG9,$B17:AG17),5) -> 2915
A10: Exports | B10: =annual_data!$K8*0.264172 -> 372.50894 | C10: =C65 -> 330.38169 | D10: =D65 -> 138.92066 | E10: =E65 -> 131.50086 | F10: =F65 -> 112.64162 | G10: =G65 -> 112.50002 | H10: =H65 -> 114.81893 | I10: =AVERAGE(D10:H10) -> 122.07642 | J10: =AVERAGE(E10:I10) -> 118.70757 | K10: =AVERAGE(F10:J10) -> 116.14891 | L10: =AVERAGE(G10:K10) -> 116.85037 | M10: =AVERAGE(H10:L10) -> 117.72044 | N10: =AVERAGE(I10:M10) -> 118.30074 | O10: =AVERAGE(J10:N10) -> 117.54561 | P10: =AVERAGE(K10:O10) -> 117.31321 | ... AH10: =AVERAGE(AC10:AG10) -> 117.59585
A11: Total Demand | B11: =B9+B10 -> 2774.3608 | C11: =C9+C10 -> 2810.6044 | D11: =D9+D10 -> 1199.986 | E11: =E9+E10 -> 1285.8702 | F11: =F9+F10 -> 2060.6607 | G11: =G9+G10 -> 2325.9499 | H11: =H9+H10 -> 2428.5121 | I11: =SUM(I9:I10) -> 2498.0764 | J11: =SUM(J9:J10) -> 2597.3076 | K11: =SUM(K9:K10) -> 2595.6989 | L11: =SUM(L9:L10) -> 2591.8504 | M11: =SUM(M9:M10) -> 2612.7204 | N11: =SUM(N9:N10) -> 2633.3007 | O11: =SUM(O9:O10) -> 2647.5456 | P11: =SUM(P9:P10) -> 2667.3132 | ... AH11: =SUM(AH9:AH10) -> 3032.5959
A12: Ending Stocks | B12: =B96 -> 150.0497 | C12: =C96 -> 116.10703 | D12: =D96 -> 102.33099 | E12: =E96 -> 102.70083 | F12: =F96 -> 93.123008 | G12: =G96 -> 105.65506 | H12: =H96 -> 101.67293 | I12: =I96 -> 101.09656 | ... AH12: =AH96 -> 101.20577
A14: Consumption Growth | E14: =(E9/D9-1) -> 0.087934232 | F14: =(F9/E9-1) -> 0.68751814 | G14: =(G9/F9-1) -> 0.13625676 | H14: =(H9/G9-1) -> 0.045288233 | I14: =(I9/H9-1) -> 0.026929614 | J14: =(J9/I9-1) -> 0.043181818 | K14: =(K9/J9-1) -> 0.00038328088 | L14: =(L9/K9-1) -> -0.0018350104 | ... AH14: =(AH9/AG9-1) -> 0.008650519
A15: Implied SAF Blending Rate | B15: =SAF!B9/'Jet Fuel'!B9 -> 0 | C15: =SAF!C9/'Jet Fuel'!C9 -> 0 | D15: =SAF!D9/'Jet Fuel'!D9 -> 0 | E15: =SAF!E9/'Jet Fuel'!E9 -> 0 | F15: =SAF!F9/'Jet Fuel'!F9 -> 0 | G15: =SAF!G9/'Jet Fuel'!G9 -> 0 | H15: =SAF!H9/'Jet Fuel'!H9 -> 0.0025866024 | I15: =SAF!I9/'Jet Fuel'!I9 -> 0.034878449 | ... AH15: =SAF!AH9/'Jet Fuel'!AH9 -> 0.13903087
A16: Passengers | B16: 93337 | C16: 94132 | D16: 27979 | E16: 25889 | F16: 67823 | G16: 89835 | H16: =H17/(AVERAGE($B18:$G18)) -> 97965.122 | I16: =I17/(AVERAGE($B18:$G18)) -> 99924.424 | J16: =J17/(AVERAGE($B18:$G18)) -> 101922.91 | K16: =K17/(AVERAGE($B18:$G18)) -> 102942.14 | L16: =L17/(AVERAGE($B18:$G18)) -> 103971.56 | M16: =M17/(AVERAGE($B18:$G18)) -> 105011.28 | N16: =N17/(AVERAGE($B18:$G18)) -> 106061.39 | O16: =O17/(AVERAGE($B18:$G18)) -> 107122.01 | ... AH16: =AH17/(AVERAGE($B18:$G18)) -> 129415.05
A17: Passenger-kilometers | B17: 228169434 | C17: 233234936 | D17: 62631876 | E17: 52366390 | F17: 168544616 | G17: 228372855 | H17: =G17*1.016 -> 2.3202682e+08 | I17: =H17*1.02 -> 2.3666736e+08 | J17: =I17*1.02 -> 2.414007e+08 | K17: =J17*1.01 -> 2.4381471e+08 | L17: =K17*1.01 -> 2.4625286e+08 | M17: =L17*1.01 -> 2.4871539e+08 | N17: =M17*1.01 -> 2.5120254e+08 | O17: =N17*1.01 -> 2.5371457e+08 | P17: =O17*1.01 -> 2.5625171e+08 | Q17: =P17*1.01 -> 2.5881423e+08 | R17: =Q17*1.01 -> 2.6140237e+08 | ... AH17: =AG17*1.01 -> 3.0651484e+08
A18: Ratio | B18: =B17/B16 -> 2444.5765 | C18: =C17/C16 -> 2477.7433 | D18: =D17/D16 -> 2238.5316 | E18: =E17/E16 -> 2022.7274 | F18: =F17/F16 -> 2485.0658 | G18: =G17/G16 -> 2542.1368
A19: Jet Fuel Domestic Production
A20: million gallons | B20: =B4 -> 2018 | C20: =C4 -> 2019 | D20: =D4 -> 2020 | E20: =E4 -> 2021 | F20: =F4 -> 2022 | G20: =G4 -> 2023 | H20: =H4 -> 2024 | I20: =I4 -> 2025 | ... AH20: =AH4 -> 2050
A21: January | B21: =monthly_data!$I40*264.172/1000000 -> 143.97374 | C21: =monthly_data!$I$52*264.172/1000000 -> 132.50788 | D21: =monthly_data!$I$64*264.172/1000000 -> 119.12176 | E21: =monthly_data!$I$76*264.172/1000000 -> 76.240832 | F21: =monthly_data!$I$88*264.172/1000000 -> 99.16964 | G21: =monthly_data!$I$100*264.172/1000000 -> 119.1701 | H21: =monthly_data!$I$112*264.172/1000000 -> 109.28505 | I21: =I$33*(SUM(D21:H21)/SUM(D$33:H$33)) -> 137.38458 | J21: =J$33*(SUM(E21:I21)/SUM(E$33:I$33)) -> 130.07155 | K21: =K$33*(SUM(F21:J21)/SUM(F$33:J$33)) -> 128.6662 | L21: =L$33*(SUM(G21:K21)/SUM(G$33:K$33)) -> 129.79385 | M21: =M$33*(SUM(H21:L21)/SUM(H$33:L$33)) -> 130.20023 | N21: =N$33*(SUM(I21:M21)/SUM(I$33:M$33)) -> 133.64654 | O21: =O$33*(SUM(J21:N21)/SUM(J$33:N$33)) -> 132.28282 | P21: =P$33*(SUM(K21:O21)/SUM(K$33:O$33)) -> 133.01435 | ... AH21: =AH$33*(SUM(AC21:AG21)/SUM(AC$33:AG$33)) -> 147.08878
A22: February | B22: =monthly_data!$I41*264.172/1000000 -> 105.6688 | C22: =monthly_data!I53*264.172/1000000 -> 134.99585 | D22: =monthly_data!$I65*264.172/1000000 -> 105.0583 | E22: =monthly_data!$I77*264.172/1000000 -> 48.802079 | F22: =monthly_data!$I89*264.172/1000000 -> 77.597619 | G22: =monthly_data!$I101*264.172/1000000 -> 104.79782 | H22: =monthly_data!$I113*264.172/1000000 -> 114.45727 | I22: =I$33*(SUM(D22:H22)/SUM(D$33:H$33)) -> 118.39871 | J22: =J$33*(SUM(E22:I22)/SUM(E$33:I$33)) -> 111.51988 | K22: =K$33*(SUM(F22:J22)/SUM(F$33:J$33)) -> 113.89655 | L22: =L$33*(SUM(G22:K22)/SUM(G$33:K$33)) -> 117.01199 | M22: =M$33*(SUM(H22:L22)/SUM(H$33:L$33)) -> 117.91879 | N22: =N$33*(SUM(I22:M22)/SUM(I$33:M$33)) -> 117.88669 | O22: =O$33*(SUM(J22:N22)/SUM(J$33:N$33)) -> 117.24853 | P22: =P$33*(SUM(K22:O22)/SUM(K$33:O$33)) -> 118.66274 | ... AH22: =AH$33*(SUM(AC22:AG22)/SUM(AC$33:AG$33)) -> 131.04864
A23: March | B23: =monthly_data!$I42*264.172/1000000 -> 149.78552 | C23: =monthly_data!I54*264.172/1000000 -> 159.22624 | D23: =monthly_data!$I66*264.172/1000000 -> 101.58972 | E23: =monthly_data!$I78*264.172/1000000 -> 61.663292 | F23: =monthly_data!$I90*264.172/1000000 -> 93.533795 | G23: =monthly_data!$I102*264.172/1000000 -> 125.95404 | H23: =monthly_data!$I114*264.172/1000000 -> 124.21341 | I23: =I$33*(SUM(D23:H23)/SUM(D$33:H$33)) -> 133.17281 | J23: =J$33*(SUM(E23:I23)/SUM(E$33:I$33)) -> 129.4196 | K23: =K$33*(SUM(F23:J23)/SUM(F$33:J$33)) -> 131.09058 | L23: =L$33*(SUM(G23:K23)/SUM(G$33:K$33)) -> 133.79897 | M23: =M$33*(SUM(H23:L23)/SUM(H$33:L$33)) -> 133.58111 | N23: =N$33*(SUM(I23:M23)/SUM(I$33:M$33)) -> 134.65415 | O23: =O$33*(SUM(J23:N23)/SUM(J$33:N$33)) -> 134.34419 | P23: =P$33*(SUM(K23:O23)/SUM(K$33:O$33)) -> 135.63147 | ... AH23: =AH$33*(SUM(AC23:AG23)/SUM(AC$33:AG$33)) -> 149.6917
A24: April | B24: =monthly_data!$I43*264.172/1000000 -> 140.01116 | C24: =monthly_data!I55*264.172/1000000 -> 162.30728 | D24: =monthly_data!$I67*264.172/1000000 -> 17.615781 | E24: =monthly_data!$I79*264.172/1000000 -> 55.758256 | F24: =monthly_data!$I91*264.172/1000000 -> 133.01668 | G24: =monthly_data!$I103*264.172/1000000 -> 156.12222 | H24: =monthly_data!$I115*264.172/1000000 -> 108.27697 | I24: =I$33*(SUM(D24:H24)/SUM(D$33:H$33)) -> 123.67272 | J24: =J$33*(SUM(E24:I24)/SUM(E$33:I$33)) -> 138.62602 | K24: =K$33*(SUM(F24:J24)/SUM(F$33:J$33)) -> 142.64106 | L24: =L$33*(SUM(G24:K24)/SUM(G$33:K$33)) -> 139.09576 | M24: =M$33*(SUM(H24:L24)/SUM(H$33:L$33)) -> 133.70761 | N24: =N$33*(SUM(I24:M24)/SUM(I$33:M$33)) -> 138.05177 | O24: =O$33*(SUM(J24:N24)/SUM(J$33:N$33)) -> 140.34168 | P24: =P$33*(SUM(K24:O24)/SUM(K$33:O$33)) -> 140.9897 | ... AH24: =AH$33*(SUM(AC24:AG24)/SUM(AC$33:AG$33)) -> 154.61771
A25: May | B25: =monthly_data!$I44*264.172/1000000 -> 141.86036 | C25: =monthly_data!I56*264.172/1000000 -> 162.99571 | D25: =monthly_data!$I68*264.172/1000000 -> 27.546535 | E25: =monthly_data!$I80*264.172/1000000 -> 58.093008 | F25: =monthly_data!$I92*264.172/1000000 -> 145.7997 | G25: =monthly_data!$I104*264.172/1000000 -> 166.24502 | H25: =monthly_data!$I116*264.172/1000000 -> 151.15843 | I25: =I$33*(SUM(D25:H25)/SUM(D$33:H$33)) -> 144.17656 | J25: =J$33*(SUM(E25:I25)/SUM(E$33:I$33)) -> 159.92431 | K25: =K$33*(SUM(F25:J25)/SUM(F$33:J$33)) -> 165.90365 | L25: =L$33*(SUM(G25:K25)/SUM(G$33:K$33)) -> 163.63175 | M25: =M$33*(SUM(H25:L25)/SUM(H$33:L$33)) -> 160.86312 | N25: =N$33*(SUM(I25:M25)/SUM(I$33:M$33)) -> 161.83424 | O25: =O$33*(SUM(J25:N25)/SUM(J$33:N$33)) -> 164.68116 | P25: =P$33*(SUM(K25:O25)/SUM(K$33:O$33)) -> 165.99907 | ... AH25: =AH$33*(SUM(AC25:AG25)/SUM(AC$33:AG$33)) -> 182.22368
A26: June | B26: =monthly_data!$I45*264.172/1000000 -> 174.08935 | C26: =monthly_data!I57*264.172/1000000 -> 184.23276 | D26: =monthly_data!$I69*264.172/1000000 -> 55.991255 | E26: =monthly_data!$I81*264.172/1000000 -> 90.53782 | F26: =monthly_data!$I93*264.172/1000000 -> 133.32074 | G26: =monthly_data!$I105*264.172/1000000 -> 156.99716 | H26: =monthly_data!$I117*264.172/1000000 -> 187.7864 | I26: =I$33*(SUM(D26:H26)/SUM(D$33:H$33)) -> 164.08616 | J26: =J$33*(SUM(E26:I26)/SUM(E$33:I$33)) -> 176.08696 | K26: =K$33*(SUM(F26:J26)/SUM(F$33:J$33)) -> 176.92493 | L26: =L$33*(SUM(G26:K26)/SUM(G$33:K$33)) -> 179.10817 | M26: =M$33*(SUM(H26:L26)/SUM(H$33:L$33)) -> 181.19619 | N26: =N$33*(SUM(I26:M26)/SUM(I$33:M$33)) -> 178.72103 | O26: =O$33*(SUM(J26:N26)/SUM(J$33:N$33)) -> 180.87847 | P26: =P$33*(SUM(K26:O26)/SUM(K$33:O$33)) -> 182.23799 | ... AH26: =AH$33*(SUM(AC26:AG26)/SUM(AC$33:AG$33)) -> 200.95379
A27: July | B27: =monthly_data!$I46*264.172/1000000 -> 220.84779 | C27: =monthly_data!I58*264.172/1000000 -> 190.65135 | D27: =monthly_data!$I70*264.172/1000000 -> 78.966294 | E27: =monthly_data!$I82*264.172/1000000 -> 105.40595 | F27: =monthly_data!$I94*264.172/1000000 -> 157.49882 | G27: =monthly_data!$I106*264.172/1000000 -> 175.11037 | H27: =monthly_data!$I118*264.172/1000000 -> 190.30079 | I27: =I$33*(SUM(D27:H27)/SUM(D$33:H$33)) -> 185.79735 | J27: =J$33*(SUM(E27:I27)/SUM(E$33:I$33)) -> 195.64515 | K27: =K$33*(SUM(F27:J27)/SUM(F$33:J$33)) -> 195.53576 | L27: =L$33*(SUM(G27:K27)/SUM(G$33:K$33)) -> 195.83855 | M27: =M$33*(SUM(H27:L27)/SUM(H$33:L$33)) -> 197.41481 | N27: =N$33*(SUM(I27:M27)/SUM(I$33:M$33)) -> 197.62972 | O27: =O$33*(SUM(J27:N27)/SUM(J$33:N$33)) -> 199.1332 | P27: =P$33*(SUM(K27:O27)/SUM(K$33:O$33)) -> 200.26679 | ... AH27: =AH$33*(SUM(AC27:AG27)/SUM(AC$33:AG$33)) -> 220.88658
A28: August | B28: =monthly_data!$I47*264.172/1000000 -> 223.22534 | C28: =monthly_data!I59*264.172/1000000 -> 187.71508 | D28: =monthly_data!$I71*264.172/1000000 -> 64.730329 | E28: =monthly_data!$I83*264.172/1000000 -> 130.00802 | F28: =monthly_data!$I95*264.172/1000000 -> 150.65861 | G28: =monthly_data!$I107*264.172/1000000 -> 179.51967 | H28: =monthly_data!$I119*264.172/1000000 -> 186.27375 | I28: =I$33*(SUM(D28:H28)/SUM(D$33:H$33)) -> 186.824 | J28: =J$33*(SUM(E28:I28)/SUM(E$33:I$33)) -> 200.25221 | K28: =K$33*(SUM(F28:J28)/SUM(F$33:J$33)) -> 195.35755 | L28: =L$33*(SUM(G28:K28)/SUM(G$33:K$33)) -> 197.05169 | M28: =M$33*(SUM(H28:L28)/SUM(H$33:L$33)) -> 197.95627 | N28: =N$33*(SUM(I28:M28)/SUM(I$33:M$33)) -> 199.09837 | O28: =O$33*(SUM(J28:N28)/SUM(J$33:N$33)) -> 200.68481 | P28: =P$33*(SUM(K28:O28)/SUM(K$33:O$33)) -> 201.20084 | ... AH28: =AH$33*(SUM(AC28:AG28)/SUM(AC$33:AG$33)) -> 222.18896
A29: September | B29: =monthly_data!$I48*264.172/1000000 -> 155.06896 | C29: =monthly_data!I60*264.172/1000000 -> 134.28523 | D29: =monthly_data!$I72*264.172/1000000 -> 69.13302 | E29: =monthly_data!$I84*264.172/1000000 -> 80.714056 | F29: =monthly_data!$I96*264.172/1000000 -> 136.89631 | G29: =monthly_data!$I108*264.172/1000000 -> 141.0018 | H29: =monthly_data!$I120*264.172/1000000 -> 137.97122 | I29: =I$33*(SUM(D29:H29)/SUM(D$33:H$33)) -> 148.60915 | J29: =J$33*(SUM(E29:I29)/SUM(E$33:I$33)) -> 155.05065 | K29: =K$33*(SUM(F29:J29)/SUM(F$33:J$33)) -> 155.57394 | L29: =L$33*(SUM(G29:K29)/SUM(G$33:K$33)) -> 153.40722 | M29: =M$33*(SUM(H29:L29)/SUM(H$33:L$33)) -> 153.85656 | N29: =N$33*(SUM(I29:M29)/SUM(I$33:M$33)) -> 156.13044 | O29: =O$33*(SUM(J29:N29)/SUM(J$33:N$33)) -> 156.94786 | P29: =P$33*(SUM(K29:O29)/SUM(K$33:O$33)) -> 157.66819 | ... AH29: =AH$33*(SUM(AC29:AG29)/SUM(AC$33:AG$33)) -> 173.78216
A30: October | B30: =monthly_data!$I49*264.172/1000000 -> 129.97262 | C30: =monthly_data!I61*264.172/1000000 -> 124.42158 | D30: =monthly_data!$I73*264.172/1000000 -> 52.32217 | E30: =monthly_data!$I85*264.172/1000000 -> 75.71328 | F30: =monthly_data!$I97*264.172/1000000 -> 112.68996 | G30: =monthly_data!$I109*264.172/1000000 -> 81.572879 | H30: =monthly_data!$I121*264.172/1000000 -> 140.85413 | I30: =I$33*(SUM(D30:H30)/SUM(D$33:H$33)) -> 121.66642 | J30: =J$33*(SUM(E30:I30)/SUM(E$33:I$33)) -> 127.96793 | K30: =K$33*(SUM(F30:J30)/SUM(F$33:J$33)) -> 126.43278 | L30: =L$33*(SUM(G30:K30)/SUM(G$33:K$33)) -> 124.37345 | M30: =M$33*(SUM(H30:L30)/SUM(H$33:L$33)) -> 131.44924 | N30: =N$33*(SUM(I30:M30)/SUM(I$33:M$33)) -> 128.71175 | O30: =O$33*(SUM(J30:N30)/SUM(J$33:N$33)) -> 129.55693 | P30: =P$33*(SUM(K30:O30)/SUM(K$33:O$33)) -> 130.1562 | ... AH30: =AH$33*(SUM(AC30:AG30)/SUM(AC$33:AG$33)) -> 143.90871
A31: November | B31: =monthly_data!$I50*264.172/1000000 -> 122.57581 | C31: =monthly_data!I62*264.172/1000000 -> 105.56049 | D31: =monthly_data!$I74*264.172/1000000 -> 66.908427 | E31: =monthly_data!$I86*264.172/1000000 -> 93.760455 | F31: =monthly_data!$I98*264.172/1000000 -> 98.468264 | G31: =monthly_data!$I110*264.172/1000000 -> 98.12484 | H31: =monthly_data!$I122*264.172/1000000 -> 127.36736 | I31: =I$33*(SUM(D31:H31)/SUM(D$33:H$33)) -> 127.30823 | J31: =J$33*(SUM(E31:I31)/SUM(E$33:I$33)) -> 130.97969 | K31: =K$33*(SUM(F31:J31)/SUM(F$33:J$33)) -> 125.8916 | L31: =L$33*(SUM(G31:K31)/SUM(G$33:K$33)) -> 126.69627 | M31: =M$33*(SUM(H31:L31)/SUM(H$33:L$33)) -> 130.82375 | N31: =N$33*(SUM(I31:M31)/SUM(I$33:M$33)) -> 130.70992 | O31: =O$33*(SUM(J31:N31)/SUM(J$33:N$33)) -> 130.80723 | P31: =P$33*(SUM(K31:O31)/SUM(K$33:O$33)) -> 131.05124 | ... AH31: =AH$33*(SUM(AC31:AG31)/SUM(AC$33:AG$33)) -> 145.13464
A32: December | B32: =monthly_data!$I51*264.172/1000000 -> 119.40574 | C32: =monthly_data!I63*264.172/1000000 -> 108.47642 | D32: =monthly_data!$I75*264.172/1000000 -> 66.565532 | E32: =monthly_data!$I87*264.172/1000000 -> 111.54293 | F32: =monthly_data!$I99*264.172/1000000 -> 96.489351 | G32: =monthly_data!$I111*264.172/1000000 -> 126.76082 | H32: =monthly_data!$I123*264.172/1000000 -> 127.41016 | I32: =I33-SUM(I21:I31) -> 138.90331 | J32: =J33-SUM(J21:J31) -> 144.45604 | K32: =K33-SUM(K21:K31) -> 137.0854 | L32: =L33-SUM(L21:L31) -> 140.19233 | M32: =M33-SUM(M21:M31) -> 141.03232 | N32: =N33-SUM(N21:N31) -> 142.92538 | O32: =O33-SUM(O21:O31) -> 143.09312 | P32: =P33-SUM(P21:P31) -> 143.12143 | ... AH32: =AH33-SUM(AH21:AH31) -> 158.47465
A33: Total | B33: =SUM(B21:B32) -> 1826.4852 | C33: =SUM(C21:C32) -> 1787.3759 | D33: =SUM(D21:D32) -> 825.54912 | E33: =SUM(E21:E32) -> 988.23998 | F33: =SUM(F21:F32) -> 1435.1395 | G33: =SUM(G21:G32) -> 1631.3768 | H33: =SUM(H21:H32) -> 1705.3549 | I33: =I6 -> 1730 | J33: =J6 -> 1800 | K33: =K6 -> 1795 | L33: =L6 -> 1800 | M33: =M6 -> 1810 | N33: =N6 -> 1820 | O33: =O6 -> 1830 | P33: =P6 -> 1840 | ... AH33: =AH6 -> 2030
A35: Jet Fuel Imports (StatCan)
A36: million gallons | B36: =B20 -> 2018 | C36: =C20 -> 2019 | D36: =D20 -> 2020 | E36: =E20 -> 2021 | F36: =F20 -> 2022 | G36: =G20 -> 2023 | H36: =H20 -> 2024 | I36: =I20 -> 2025 | ... AH36: =AH20 -> 2050
A37: January | B37: 0 | C37: =monthly_data!$J52*264.172/1000000 -> 81.980233 | D37: =monthly_data!$J64*264.172/1000000 -> 84.731056 | E37: =monthly_data!$J76*264.172/1000000 -> 18.415694 | F37: =monthly_data!$J88*264.172/1000000 -> 14.889526 | G37: =monthly_data!$J100*264.172/1000000 -> 68.241968 | H37: =monthly_data!$J112*264.172/1000000 -> 89.230169 | I37: =I$49*(SUM(D37:H37)/SUM(D$49:H$49)) -> 63.55416 | J37: =J$49*(SUM(E37:I37)/SUM(E$49:I$49)) -> 47.55348 | K37: =K$49*(SUM(F37:J37)/SUM(F$49:J$49)) -> 51.62349 | L37: =L$49*(SUM(G37:K37)/SUM(G$49:K$49)) -> 63.687752 | M37: =M$49*(SUM(H37:L37)/SUM(H$49:L$49)) -> 64.583604 | N37: =N$49*(SUM(I37:M37)/SUM(I$49:M$49)) -> 59.948977 | O37: =O$49*(SUM(J37:N37)/SUM(J$49:N$49)) -> 57.728013 | P37: =P$49*(SUM(K37:O37)/SUM(K$49:O$49)) -> 58.48023 | ... AH37: =AH$49*(SUM(AC37:AG37)/SUM(AC$49:AG$49)) -> 59.711496
A38: February | B38: 0 | C38: =monthly_data!$J53*264.172/1000000 -> 69.634683 | D38: =monthly_data!$J65*264.172/1000000 -> 62.933431 | E38: =monthly_data!$J77*264.172/1000000 -> 17.337344 | F38: =monthly_data!$J89*264.172/1000000 -> 49.67728 | G38: =monthly_data!$J101*264.172/1000000 -> 38.578358 | H38: =monthly_data!$J113*264.172/1000000 -> 72.954268 | I38: =I$49*(SUM(D38:H38)/SUM(D$49:H$49)) -> 55.704658 | J38: =J$49*(SUM(E38:I38)/SUM(E$49:I$49)) -> 43.799108 | K38: =K$49*(SUM(F38:J38)/SUM(F$49:J$49)) -> 47.47939 | L38: =L$49*(SUM(G38:K38)/SUM(G$49:K$49)) -> 51.418242 | M38: =M$49*(SUM(H38:L38)/SUM(H$49:L$49)) -> 55.520923 | N38: =N$49*(SUM(I38:M38)/SUM(I$49:M$49)) -> 52.310149 | O38: =O$49*(SUM(J38:N38)/SUM(J$49:N$49)) -> 50.322229 | P38: =P$49*(SUM(K38:O38)/SUM(K$49:O$49)) -> 50.51687 | ... AH38: =AH$49*(SUM(AC38:AG38)/SUM(AC$49:AG$49)) -> 51.533424
A39: March | B39: 0 | C39: =monthly_data!$J54*264.172/1000000 -> 69.159965 | D39: =monthly_data!$J66*264.172/1000000 -> 67.55195 | E39: =monthly_data!$J78*264.172/1000000 -> 15.251442 | F39: =monthly_data!$J90*264.172/1000000 -> 46.963441 | G39: =monthly_data!$J102*264.172/1000000 -> 68.54286 | H39: =monthly_data!$J114*264.172/1000000 -> 55.46661 | I39: =I$49*(SUM(D39:H39)/SUM(D$49:H$49)) -> 58.541007 | J39: =J$49*(SUM(E39:I39)/SUM(E$49:I$49)) -> 45.764854 | K39: =K$49*(SUM(F39:J39)/SUM(F$49:J$49)) -> 50.131886 | L39: =L$49*(SUM(G39:K39)/SUM(G$49:K$49)) -> 55.382562 | M39: =M$49*(SUM(H39:L39)/SUM(H$49:L$49)) -> 54.279223 | N39: =N$49*(SUM(I39:M39)/SUM(I$49:M$49)) -> 54.40674 | O39: =O$49*(SUM(J39:N39)/SUM(J$49:N$49)) -> 52.217881 | P39: =P$49*(SUM(K39:O39)/SUM(K$49:O$49)) -> 52.357788 | ... AH39: =AH$49*(SUM(AC39:AG39)/SUM(AC$49:AG$49)) -> 53.170436
A40: April | B40: 0 | C40: =monthly_data!$J55*264.172/1000000 -> 86.530067 | D40: =monthly_data!$J67*264.172/1000000 -> 24.889229 | E40: =monthly_data!$J79*264.172/1000000 -> 3.1243622 | F40: =monthly_data!$J91*264.172/1000000 -> 21.205351 | G40: =monthly_data!$J103*264.172/1000000 -> 27.31063 | H40: =monthly_data!$J115*264.172/1000000 -> 94.870505 | I40: =I$49*(SUM(D40:H40)/SUM(D$49:H$49)) -> 39.538495 | J40: =J$49*(SUM(E40:I40)/SUM(E$49:I$49)) -> 34.786462 | K40: =K$49*(SUM(F40:J40)/SUM(F$49:J$49)) -> 39.648118 | L40: =L$49*(SUM(G40:K40)/SUM(G$49:K$49)) -> 46.970572 | M40: =M$49*(SUM(H40:L40)/SUM(H$49:L$49)) -> 52.341041 | N40: =N$49*(SUM(I40:M40)/SUM(I$49:M$49)) -> 43.938452 | O40: =O$49*(SUM(J40:N40)/SUM(J$49:N$49)) -> 43.725192 | P40: =P$49*(SUM(K40:O40)/SUM(K$49:O$49)) -> 44.537102 | ... AH40: =AH$49*(SUM(AC40:AG40)/SUM(AC$49:AG$49)) -> 45.385579
A41: May | B41: 0 | C41: =monthly_data!$J56*264.172/1000000 -> 75.03066 | D41: =monthly_data!$J68*264.172/1000000 -> 5.1923007 | E41: =monthly_data!$J80*264.172/1000000 -> 19.745008 | F41: =monthly_data!$J92*264.172/1000000 -> 17.945468 | G41: =monthly_data!$J104*264.172/1000000 -> 41.323633 | H41: =monthly_data!$J116*264.172/1000000 -> 27.646921 | I41: =I$49*(SUM(D41:H41)/SUM(D$49:H$49)) -> 25.802277 | J41: =J$49*(SUM(E41:I41)/SUM(E$49:I$49)) -> 24.767246 | K41: =K$49*(SUM(F41:J41)/SUM(F$49:J$49)) -> 25.037927 | L41: =L$49*(SUM(G41:K41)/SUM(G$49:K$49)) -> 28.756259 | M41: =M$49*(SUM(H41:L41)/SUM(H$49:L$49)) -> 27.010131 | N41: =N$49*(SUM(I41:M41)/SUM(I$49:M$49)) -> 27.064124 | O41: =O$49*(SUM(J41:N41)/SUM(J$49:N$49)) -> 26.641846 | P41: =P$49*(SUM(K41:O41)/SUM(K$49:O$49)) -> 26.4346 | ... AH41: =AH$49*(SUM(AC41:AG41)/SUM(AC$49:AG$49)) -> 26.838254
A42: June | B42: 0 | C42: =monthly_data!$J57*264.172/1000000 -> 103.97282 | D42: =monthly_data!$J69*264.172/1000000 -> 8.5890242 | E42: =monthly_data!$J81*264.172/1000000 -> 11.441553 | F42: =monthly_data!$J93*264.172/1000000 -> 53.48532 | G42: =monthly_data!$J105*264.172/1000000 -> 35.370782 | H42: =monthly_data!$J117*264.172/1000000 -> 83.846079 | I42: =I$49*(SUM(D42:H42)/SUM(D$49:H$49)) -> 44.459508 | J42: =J$49*(SUM(E42:I42)/SUM(E$49:I$49)) -> 42.742952 | K42: =K$49*(SUM(F42:J42)/SUM(F$49:J$49)) -> 47.332055 | L42: =L$49*(SUM(G42:K42)/SUM(G$49:K$49)) -> 50.470611 | M42: =M$49*(SUM(H42:L42)/SUM(H$49:L$49)) -> 55.008497 | N42: =N$49*(SUM(I42:M42)/SUM(I$49:M$49)) -> 49.444839 | O42: =O$49*(SUM(J42:N42)/SUM(J$49:N$49)) -> 49.211676 | P42: =P$49*(SUM(K42:O42)/SUM(K$49:O$49)) -> 49.419622 | ... AH42: =AH$49*(SUM(AC42:AG42)/SUM(AC$49:AG$49)) -> 50.167056
A43: July | B43: 0 | C43: =monthly_data!$J58*264.172/1000000 -> 62.846255 | D43: =monthly_data!$J70*264.172/1000000 -> 11.698329 | E43: =monthly_data!$J82*264.172/1000000 -> 12.373024 | F43: =monthly_data!$J94*264.172/1000000 -> 71.246132 | G43: =monthly_data!$J106*264.172/1000000 -> 58.086668 | H43: =monthly_data!$J118*264.172/1000000 -> 26.914636 | I43: =I$49*(SUM(D43:H43)/SUM(D$49:H$49)) -> 41.595859 | J43: =J$49*(SUM(E43:I43)/SUM(E$49:I$49)) -> 39.305068 | K43: =K$49*(SUM(F43:J43)/SUM(F$49:J$49)) -> 43.187837 | L43: =L$49*(SUM(G43:K43)/SUM(G$49:K$49)) -> 41.587572 | M43: =M$49*(SUM(H43:L43)/SUM(H$49:L$49)) -> 39.405216 | N43: =N$49*(SUM(I43:M43)/SUM(I$49:M$49)) -> 42.248537 | O43: =O$49*(SUM(J43:N43)/SUM(J$49:N$49)) -> 41.324773 | P43: =P$49*(SUM(K43:O43)/SUM(K$49:O$49)) -> 40.828789 | ... AH43: =AH$49*(SUM(AC43:AG43)/SUM(AC$49:AG$49)) -> 41.094547
A44: August | B44: 0 | C44: =monthly_data!$J59*264.172/1000000 -> 106.57412 | D44: =monthly_data!$J71*264.172/1000000 -> 19.373318 | E44: =monthly_data!$J83*264.172/1000000 -> 30.868762 | F44: =monthly_data!$J95*264.172/1000000 -> 66.359742 | G44: =monthly_data!$J107*264.172/1000000 -> 81.590579 | H44: =monthly_data!$J119*264.172/1000000 -> 66.131233 | I44: =I$49*(SUM(D44:H44)/SUM(D$49:H$49)) -> 60.97406 | J44: =J$49*(SUM(E44:I44)/SUM(E$49:I$49)) -> 57.200024 | K44: =K$49*(SUM(F44:J44)/SUM(F$49:J$49)) -> 60.508123 | L44: =L$49*(SUM(G44:K44)/SUM(G$49:K$49)) -> 64.921069 | M44: =M$49*(SUM(H44:L44)/SUM(H$49:L$49)) -> 63.373455 | N44: =N$49*(SUM(I44:M44)/SUM(I$49:M$49)) -> 63.239807 | O44: =O$49*(SUM(J44:N44)/SUM(J$49:N$49)) -> 62.115941 | P44: =P$49*(SUM(K44:O44)/SUM(K$49:O$49)) -> 61.739899 | ... AH44: =AH$49*(SUM(AC44:AG44)/SUM(AC$49:AG$49)) -> 62.550001
A45: September | B45: 0 | C45: =monthly_data!$J60*264.172/1000000 -> 95.90606 | D45: =monthly_data!$J72*264.172/1000000 -> 16.226765 | E45: =monthly_data!$J84*264.172/1000000 -> 22.46096 | F45: =monthly_data!$J96*264.172/1000000 -> 58.583839 | G45: =monthly_data!$J108*264.172/1000000 -> 64.969405 | H45: =monthly_data!$J120*264.172/1000000 -> 37.609903 | I45: =I$49*(SUM(D45:H45)/SUM(D$49:H$49)) -> 46.101512 | J45: =J$49*(SUM(E45:I45)/SUM(E$49:I$49)) -> 42.952808 | K45: =K$49*(SUM(F45:J45)/SUM(F$49:J$49)) -> 45.567893 | L45: =L$49*(SUM(G45:K45)/SUM(G$49:K$49)) -> 47.17888 | M45: =M$49*(SUM(H45:L45)/SUM(H$49:L$49)) -> 44.892747 | N45: =N$49*(SUM(I45:M45)/SUM(I$49:M$49)) -> 46.700851 | O45: =O$49*(SUM(J45:N45)/SUM(J$49:N$49)) -> 45.655208 | P45: =P$49*(SUM(K45:O45)/SUM(K$49:O$49)) -> 45.199823 | ... AH45: =AH$49*(SUM(AC45:AG45)/SUM(AC$49:AG$49)) -> 45.698747
A46: October | B46: 0 | C46: =monthly_data!$J61*264.172/1000000 -> 87.306997 | D46: =monthly_data!$J73*264.172/1000000 -> 13.83231 | E46: =monthly_data!$J85*264.172/1000000 -> 45.513666 | F46: =monthly_data!$J97*264.172/1000000 -> 71.92162 | G46: =monthly_data!$J109*264.172/1000000 -> 79.73345 | H46: =monthly_data!$J121*264.172/1000000 -> 50.178415 | I46: =I$49*(SUM(D46:H46)/SUM(D$49:H$49)) -> 60.248763 | J46: =J$49*(SUM(E46:I46)/SUM(E$49:I$49)) -> 57.512558 | K46: =K$49*(SUM(F46:J46)/SUM(F$49:J$49)) -> 58.202419 | L46: =L$49*(SUM(G46:K46)/SUM(G$49:K$49)) -> 60.83801 | M46: =M$49*(SUM(H46:L46)/SUM(H$49:L$49)) -> 58.717786 | N46: =N$49*(SUM(I46:M46)/SUM(I$49:M$49)) -> 60.879528 | O46: =O$49*(SUM(J46:N46)/SUM(J$49:N$49)) -> 59.486183 | P46: =P$49*(SUM(K46:O46)/SUM(K$49:O$49)) -> 58.588729 | ... AH46: =AH$49*(SUM(AC46:AG46)/SUM(AC$49:AG$49)) -> 59.435596
A47: November | B47: 0 | C47: =monthly_data!$J62*264.172/1000000 -> 81.992385 | D47: =monthly_data!$J74*264.172/1000000 -> 22.519606 | E47: =monthly_data!$J86*264.172/1000000 -> 48.819514 | F47: =monthly_data!$J98*264.172/1000000 -> 50.22306 | G47: =monthly_data!$J110*264.172/1000000 -> 75.80574 | H47: =monthly_data!$J122*264.172/1000000 -> 54.107445 | I47: =I$49*(SUM(D47:H47)/SUM(D$49:H$49)) -> 58.010227 | J47: =J$49*(SUM(E47:I47)/SUM(E$49:I$49)) -> 53.65529 | K47: =K$49*(SUM(F47:J47)/SUM(F$49:J$49)) -> 53.14094 | L47: =L$49*(SUM(G47:K47)/SUM(G$49:K$49)) -> 58.619113 | M47: =M$49*(SUM(H47:L47)/SUM(H$49:L$49)) -> 56.784845 | N47: =N$49*(SUM(I47:M47)/SUM(I$49:M$49)) -> 57.725719 | O47: =O$49*(SUM(J47:N47)/SUM(J$49:N$49)) -> 56.227272 | P47: =P$49*(SUM(K47:O47)/SUM(K$49:O$49)) -> 55.517826 | ... AH47: =AH$49*(SUM(AC47:AG47)/SUM(AC$49:AG$49)) -> 56.506285
A48: December | B48: 0 | C48: =monthly_data!$J63*264.172/1000000 -> 115.38505 | D48: =monthly_data!$J75*264.172/1000000 -> 23.123504 | E48: =monthly_data!$J87*264.172/1000000 -> 52.648687 | F48: =monthly_data!$J99*264.172/1000000 -> 93.442656 | G48: =monthly_data!$J111*264.172/1000000 -> 68.495837 | H48: =monthly_data!$J123*264.172/1000000 -> 56.594096 | I48: =I49-SUM(I37:I47) -> 67.890098 | J48: =J49-SUM(J37:J47) -> 63.397663 | K48: =K49-SUM(K37:K47) -> 63.706888 | L48: =L49-SUM(L37:L47) -> 63.664146 | M48: =M49-SUM(M37:M47) -> 64.502547 | N48: =N49-SUM(N37:N47) -> 66.573974 | O48: =O49-SUM(O37:O47) -> 64.647388 | P48: =P49-SUM(P37:P47) -> 63.496152 | ... AH48: =AH49-SUM(AH37:AH47) -> 64.545676
A49: Total | B49: =SUM(B37:B48) -> 0 | C49: =SUM(C37:C48) -> 1036.3193 | D49: =SUM(D37:D48) -> 360.66082 | E49: =SUM(E37:E48) -> 298.00002 | F49: =SUM(F37:F48) -> 615.94344 | G49: =SUM(G37:G48) -> 708.04991 | H49: =SUM(H37:H48) -> 715.55028 | I49: =I7 -> 622.42062 | J49: =J7 -> 553.43751 | K49: =K7 -> 585.56696 | L49: =L7 -> 633.49479 | M49: =M7 -> 636.42001 | N49: =N7 -> 624.4817 | O49: =O7 -> 609.3036 | P49: =P7 -> 607.11743 | ... AH49: =AH7 -> 616.6371
A51: Jet Fuel Exports (StatCan)
A52: thousand gallons | B52: =B4 -> 2018 | C52: =C4 -> 2019 | D52: =D4 -> 2020 | E52: =E4 -> 2021 | F52: =F4 -> 2022 | G52: =G4 -> 2023 | H52: =H4 -> 2024 | I52: =I4 -> 2025 | ... AH52: =AH4 -> 2050
A53: January | B53: 0 | C53: =monthly_data!$L52*264.172/1000000 -> 19.772746 | D53: =monthly_data!$L64*264.172/1000000 -> 15.190154 | E53: =monthly_data!$L76*264.172/1000000 -> 14.582823 | F53: =monthly_data!$L88*264.172/1000000 -> 11.019935 | G53: =monthly_data!$L100*264.172/1000000 -> 4.4021622 | H53: =monthly_data!$L112*264.172/1000000 -> 5.7531378 | I53: =I$65*(SUM(D53:H53)/SUM(D$65:H$65)) -> 10.189642 | J53: =J$65*(SUM(E53:I53)/SUM(E$65:I$65)) -> 9.18954 | K53: =K$65*(SUM(F53:J53)/SUM(F$65:J$65)) -> 8.1108835 | L53: =L$65*(SUM(G53:K53)/SUM(G$65:K$65)) -> 7.5290732 | M53: =M$65*(SUM(H53:L53)/SUM(H$65:L$65)) -> 8.1544554 | N53: =N$65*(SUM(I53:M53)/SUM(I$65:M$65)) -> 8.6347189 | O53: =O$65*(SUM(J53:N53)/SUM(J$65:N$65)) -> 8.3237342 | P53: =P$65*(SUM(K53:O53)/SUM(K$65:O$65)) -> 8.150573 | ... AH53: =AH$65*(SUM(AC53:AG53)/SUM(AC$65:AG$65)) -> 8.2525821
A54: February | B54: 0 | C54: =monthly_data!$L53*264.172/1000000 -> 19.001099 | D54: =monthly_data!$L65*264.172/1000000 -> 19.300142 | E54: =monthly_data!$L77*264.172/1000000 -> 14.006664 | F54: =monthly_data!$L89*264.172/1000000 -> 8.4680335 | G54: =monthly_data!$L101*264.172/1000000 -> 6.6315097 | H54: =monthly_data!$L113*264.172/1000000 -> 10.536764 | I54: =I$65*(SUM(D54:H54)/SUM(D$65:H$65)) -> 11.788623 | J54: =J$65*(SUM(E54:I54)/SUM(E$65:I$65)) -> 10.286319 | K54: =K$65*(SUM(F54:J54)/SUM(F$65:J$65)) -> 9.5422498 | L54: =L$65*(SUM(G54:K54)/SUM(G$65:K$65)) -> 9.7570931 | M54: =M$65*(SUM(H54:L54)/SUM(H$65:L$65)) -> 10.38221 | N54: =N$65*(SUM(I54:M54)/SUM(I$65:M$65)) -> 10.351299 | O54: =O$65*(SUM(J54:N54)/SUM(J$65:N$65)) -> 10.063834 | P54: =P$65*(SUM(K54:O54)/SUM(K$65:O$65)) -> 10.019337 | ... AH54: =AH$65*(SUM(AC54:AG54)/SUM(AC$65:AG$65)) -> 10.128344
A55: March | B55: 0 | C55: =monthly_data!$L54*264.172/1000000 -> 31.039682 | D55: =monthly_data!$L66*264.172/1000000 -> 24.033048 | E55: =monthly_data!$L78*264.172/1000000 -> 9.7117552 | F55: =monthly_data!$L90*264.172/1000000 -> 20.284447 | G55: =monthly_data!$L102*264.172/1000000 -> 13.854765 | H55: =monthly_data!$L114*264.172/1000000 -> 12.856459 | I55: =I$65*(SUM(D55:H55)/SUM(D$65:H$65)) -> 16.148095 | J55: =J$65*(SUM(E55:I55)/SUM(E$65:I$65)) -> 14.571104 | K55: =K$65*(SUM(F55:J55)/SUM(F$65:J$65)) -> 15.542974 | L55: =L$65*(SUM(G55:K55)/SUM(G$65:K$65)) -> 14.594679 | M55: =M$65*(SUM(H55:L55)/SUM(H$65:L$65)) -> 14.742662 | N55: =N$65*(SUM(I55:M55)/SUM(I$65:M$65)) -> 15.119903 | O55: =O$65*(SUM(J55:N55)/SUM(J$65:N$65)) -> 14.914264 | P55: =P$65*(SUM(K55:O55)/SUM(K$65:O$65)) -> 14.982896 | ... AH55: =AH$65*(SUM(AC55:AG55)/SUM(AC$65:AG$65)) -> 14.934107
A56: April | B56: 0 | C56: =monthly_data!$L55*264.172/1000000 -> 31.862313 | D56: =monthly_data!$L67*264.172/1000000 -> 0.19205304 | E56: =monthly_data!$L79*264.172/1000000 -> 7.8340207 | F56: =monthly_data!$L91*264.172/1000000 -> 14.8853 | G56: =monthly_data!$L103*264.172/1000000 -> 12.207652 | H56: =monthly_data!$L115*264.172/1000000 -> 6.3509591 | I56: =I$65*(SUM(D56:H56)/SUM(D$65:H$65)) -> 8.2939969 | J56: =J$65*(SUM(E56:I56)/SUM(E$65:I$65)) -> 9.9143857 | K56: =K$65*(SUM(F56:J56)/SUM(F$65:J$65)) -> 10.330459 | L56: =L$65*(SUM(G56:K56)/SUM(G$65:K$65)) -> 9.4194906 | M56: =M$65*(SUM(H56:L56)/SUM(H$65:L$65)) -> 8.8618582 | N56: =N$65*(SUM(I56:M56)/SUM(I$65:M$65)) -> 9.364038 | O56: =O$65*(SUM(J56:N56)/SUM(J$65:N$65)) -> 9.5780463 | P56: =P$65*(SUM(K56:O56)/SUM(K$65:O$65)) -> 9.5107784 | ... AH56: =AH$65*(SUM(AC56:AG56)/SUM(AC$65:AG$65)) -> 9.4069563
A57: May | B57: 0 | C57: =monthly_data!$L56*264.172/1000000 -> 48.20822 | D57: =monthly_data!$L68*264.172/1000000 -> 5.9399074 | E57: =monthly_data!$L80*264.172/1000000 -> 4.3635931 | F57: =monthly_data!$L92*264.172/1000000 -> 17.93358 | G57: =monthly_data!$L104*264.172/1000000 -> 17.64669 | H57: =monthly_data!$L116*264.172/1000000 -> 8.8077587 | I57: =I$65*(SUM(D57:H57)/SUM(D$65:H$65)) -> 10.938306 | J57: =J$65*(SUM(E57:I57)/SUM(E$65:I$65)) -> 11.937986 | K57: =K$65*(SUM(F57:J57)/SUM(F$65:J$65)) -> 13.452864 | L57: =L$65*(SUM(G57:K57)/SUM(G$65:K$65)) -> 12.556721 | M57: =M$65*(SUM(H57:L57)/SUM(H$65:L$65)) -> 11.538727 | N57: =N$65*(SUM(I57:M57)/SUM(I$65:M$65)) -> 12.084921 | O57: =O$65*(SUM(J57:N57)/SUM(J$65:N$65)) -> 12.314244 | P57: =P$65*(SUM(K57:O57)/SUM(K$65:O$65)) -> 12.389495 | ... AH57: =AH$65*(SUM(AC57:AG57)/SUM(AC$65:AG$65)) -> 12.206489
A58: June | B58: 0 | C58: =monthly_data!$L57*264.172/1000000 -> 51.142378 | D58: =monthly_data!$L69*264.172/1000000 -> 16.349341 | E58: =monthly_data!$L81*264.172/1000000 -> 17.529926 | F58: =monthly_data!$L93*264.172/1000000 -> 6.2944262 | G58: =monthly_data!$L105*264.172/1000000 -> 5.108294 | H58: =monthly_data!$L117*264.172/1000000 -> 7.6707624 | I58: =I$65*(SUM(D58:H58)/SUM(D$65:H$65)) -> 10.59055 | J58: =J$65*(SUM(E58:I58)/SUM(E$65:I$65)) -> 9.4387916 | K58: =K$65*(SUM(F58:J58)/SUM(F$65:J$65)) -> 7.8205648 | L58: =L$65*(SUM(G58:K58)/SUM(G$65:K$65)) -> 8.1257925 | M58: =M$65*(SUM(H58:L58)/SUM(H$65:L$65)) -> 8.7292922 | N58: =N$65*(SUM(I58:M58)/SUM(I$65:M$65)) -> 8.9409982 | O58: =O$65*(SUM(J58:N58)/SUM(J$65:N$65)) -> 8.6110879 | P58: =P$65*(SUM(K58:O58)/SUM(K$65:O$65)) -> 8.4455471 | ... AH58: =AH$65*(SUM(AC58:AG58)/SUM(AC$65:AG$65)) -> 8.6051446
A59: July | B59: 0 | C59: =monthly_data!$L58*264.172/1000000 -> 36.402373 | D59: =monthly_data!$L70*264.172/1000000 -> 11.613265 | E59: =monthly_data!$L82*264.172/1000000 -> 18.224434 | F59: =monthly_data!$L94*264.172/1000000 -> 7.3468875 | G59: =monthly_data!$L106*264.172/1000000 -> 14.624034 | H59: =monthly_data!$L118*264.172/1000000 -> 9.4874732 | I59: =I$65*(SUM(D59:H59)/SUM(D$65:H$65)) -> 12.259219 | J59: =J$65*(SUM(E59:I59)/SUM(E$65:I$65)) -> 12.388409 | K59: =K$65*(SUM(F59:J59)/SUM(F$65:J$65)) -> 11.221204 | L59: =L$65*(SUM(G59:K59)/SUM(G$65:K$65)) -> 11.996068 | M59: =M$65*(SUM(H59:L59)/SUM(H$65:L$65)) -> 11.470475 | N59: =N$65*(SUM(I59:M59)/SUM(I$65:M$65)) -> 11.867075 | O59: =O$65*(SUM(J59:N59)/SUM(J$65:N$65)) -> 11.788646 | P59: =P$65*(SUM(K59:O59)/SUM(K$65:O$65)) -> 11.668694 | ... AH59: =AH$65*(SUM(AC59:AG59)/SUM(AC$65:AG$65)) -> 11.735774
A60: August | B60: 0 | C60: =monthly_data!$L59*264.172/1000000 -> 25.177969 | D60: =monthly_data!$L71*264.172/1000000 -> 8.6645774 | E60: =monthly_data!$L83*264.172/1000000 -> 9.8430487 | F60: =monthly_data!$L95*264.172/1000000 -> 9.5482328 | G60: =monthly_data!$L107*264.172/1000000 -> 8.6291784 | H60: =monthly_data!$L119*264.172/1000000 -> 12.1461 | I60: =I$65*(SUM(D60:H60)/SUM(D$65:H$65)) -> 9.7662275 | J60: =J$65*(SUM(E60:I60)/SUM(E$65:I$65)) -> 9.9865575 | K60: =K$65*(SUM(F60:J60)/SUM(F$65:J$65)) -> 10.015259 | L60: =L$65*(SUM(G60:K60)/SUM(G$65:K$65)) -> 10.108665 | M60: =M$65*(SUM(H60:L60)/SUM(H$65:L$65)) -> 10.404562 | N60: =N$65*(SUM(I60:M60)/SUM(I$65:M$65)) -> 10.056254 | O60: =O$65*(SUM(J60:N60)/SUM(J$65:N$65)) -> 10.114259 | P60: =P$65*(SUM(K60:O60)/SUM(K$65:O$65)) -> 10.1398 | ... AH60: =AH$65*(SUM(AC60:AG60)/SUM(AC$65:AG$65)) -> 10.149455
A61: September | B61: 0 | C61: =monthly_data!$L60*264.172/1000000 -> 26.710167 | D61: =monthly_data!$L72*264.172/1000000 -> 5.827106 | E61: =monthly_data!$L84*264.172/1000000 -> 6.6006016 | F61: =monthly_data!$L96*264.172/1000000 -> 6.8259403 | G61: =monthly_data!$L108*264.172/1000000 -> 6.0323676 | H61: =monthly_data!$L120*264.172/1000000 -> 6.7384994 | I61: =I$65*(SUM(D61:H61)/SUM(D$65:H$65)) -> 6.404903 | J61: =J$65*(SUM(E61:I61)/SUM(E$65:I$65)) -> 6.5204624 | K61: =K$65*(SUM(F61:J61)/SUM(F$65:J$65)) -> 6.5044345 | L61: =L$65*(SUM(G61:K61)/SUM(G$65:K$65)) -> 6.4401334 | M61: =M$65*(SUM(H61:L61)/SUM(H$65:L$65)) -> 6.5216865 | N61: =N$65*(SUM(I61:M61)/SUM(I$65:M$65)) -> 6.478324 | O61: =O$65*(SUM(J61:N61)/SUM(J$65:N$65)) -> 6.4930082 | P61: =P$65*(SUM(K61:O61)/SUM(K$65:O$65)) -> 6.4875173 | ... AH61: =AH$65*(SUM(AC61:AG61)/SUM(AC$65:AG$65)) -> 6.4885339
A62: October | B62: 0 | C62: =monthly_data!$L61*264.172/1000000 -> 24.202646 | D62: =monthly_data!$L73*264.172/1000000 -> 10.693154 | E62: =monthly_data!$L85*264.172/1000000 -> 3.8518919 | F62: =monthly_data!$L97*264.172/1000000 -> 4.3635931 | G62: =monthly_data!$L109*264.172/1000000 -> 3.9528056 | H62: =monthly_data!$L121*264.172/1000000 -> 8.0350556 | I62: =I$65*(SUM(D62:H62)/SUM(D$65:H$65)) -> 6.1793001 | J62: =J$65*(SUM(E62:I62)/SUM(E$65:I$65)) -> 5.2765293 | K62: =K$65*(SUM(F62:J62)/SUM(F$65:J$65)) -> 5.5614567 | L62: =L$65*(SUM(G62:K62)/SUM(G$65:K$65)) -> 5.8010295 | M62: =M$65*(SUM(H62:L62)/SUM(H$65:L$65)) -> 6.1706742 | N62: =N$65*(SUM(I62:M62)/SUM(I$65:M$65)) -> 5.7977979 | O62: =O$65*(SUM(J62:N62)/SUM(J$65:N$65)) -> 5.7214975 | P62: =P$65*(SUM(K62:O62)/SUM(K$65:O$65)) -> 5.8104912 | ... AH62: =AH$65*(SUM(AC62:AG62)/SUM(AC$65:AG$65)) -> 5.8315191
A63: November | B63: 0 | C63: =monthly_data!$L62*264.172/1000000 -> 18.872184 | D63: =monthly_data!$L74*264.172/1000000 -> 10.493969 | E63: =monthly_data!$L86*264.172/1000000 -> 9.9965327 | F63: =monthly_data!$L98*264.172/1000000 -> 2.5582416 | G63: =monthly_data!$L110*264.172/1000000 -> 8.4878464 | H63: =monthly_data!$L122*264.172/1000000 -> 14.495646 | I63: =I$65*(SUM(D63:H63)/SUM(D$65:H$65)) -> 9.206447 | J63: =J$65*(SUM(E63:I63)/SUM(E$65:I$65)) -> 8.9489427 | K63: =K$65*(SUM(F63:J63)/SUM(F$65:J$65)) -> 8.7394248 | L63: =L$65*(SUM(G63:K63)/SUM(G$65:K$65)) -> 9.9756614 | M63: =M$65*(SUM(H63:L63)/SUM(H$65:L$65)) -> 10.273224 | N63: =N$65*(SUM(I63:M63)/SUM(I$65:M$65)) -> 9.4287401 | O63: =O$65*(SUM(J63:N63)/SUM(J$65:N$65)) -> 9.4731987 | P63: =P$65*(SUM(K63:O63)/SUM(K$65:O$65)) -> 9.5780498 | ... AH63: =AH$65*(SUM(AC63:AG63)/SUM(AC$65:AG$65)) -> 9.6392732
A64: December | B64: 0 | C64: =monthly_data!$L63*264.172/1000000 -> 17.762661 | D64: =monthly_data!$L75*264.172/1000000 -> 10.623941 | E64: =monthly_data!$L87*264.172/1000000 -> 14.955569 | F64: =monthly_data!$L99*264.172/1000000 -> 3.1130028 | G64: =monthly_data!$L111*264.172/1000000 -> 10.92272 | H64: =monthly_data!$L123*264.172/1000000 -> 11.94031 | I64: =I65-SUM(I53:I63) -> 10.311109 | J64: =J65-SUM(J53:J63) -> 10.248542 | K64: =K65-SUM(K53:K63) -> 9.3071367 | L64: =L65-SUM(L53:L63) -> 10.545963 | M64: =M65-SUM(M53:M63) -> 10.470612 | N64: =N65-SUM(N53:N63) -> 10.176673 | O64: =O65-SUM(O53:O63) -> 10.149785 | P64: =P65-SUM(P53:P63) -> 10.130034 | ... AH64: =AH65-SUM(AH53:AH63) -> 10.217677
A65: Total | B65: =SUM(B53:B64) -> 0 | C65: =SUM(C54:C64) -> 330.38169 | D65: =SUM(D53:D64) -> 138.92066 | E65: =SUM(E53:E64) -> 131.50086 | F65: =SUM(F53:F64) -> 112.64162 | G65: =SUM(G53:G64) -> 112.50002 | H65: =SUM(H53:H64) -> 114.81893 | I65: =I10 -> 122.07642 | J65: =J10 -> 118.70757 | K65: =K10 -> 116.14891 | L65: =L10 -> 116.85037 | M65: =M10 -> 117.72044 | N65: =N10 -> 118.30074 | O65: =O10 -> 117.54561 | P65: =P10 -> 117.31321 | ... AH65: =AH10 -> 117.59585
A67: Jet Fuel Domestic Use
A68: thousand gallons | B68: =B4 -> 2018 | C68: =C4 -> 2019 | D68: =D4 -> 2020 | E68: =E4 -> 2021 | F68: =F4 -> 2022 | G68: =G4 -> 2023 | H68: =H4 -> 2024 | I68: =I4 -> 2025 | ... AH68: =AH4 -> 2050
A69: January | B69: =monthly_data!$M40*264.172/1000000 -> 182.80702 | C69: =monthly_data!$M52*264.172/1000000 -> 203.41403 | D69: =monthly_data!$M64*264.172/1000000 -> 206.63455 | E69: =monthly_data!$M76*264.172/1000000 -> 83.013145 | F69: =monthly_data!$M88*264.172/1000000 -> 97.760019 | G69: =monthly_data!$M100*264.172/1000000 -> 168.83233 | H69: =monthly_data!$M112*264.172/1000000 -> 198.20931 | I69: =I$81*(SUM(D69:H69)/SUM(D$81:H$81)) -> 206.26566 | J69: =J$81*(SUM(E69:I69)/SUM(E$81:I$81)) -> 186.80305 | K69: =K$81*(SUM(F69:J69)/SUM(F$81:J$81)) -> 187.74732 | L69: =L$81*(SUM(G69:K69)/SUM(G$81:K$81)) -> 197.78178 | M69: =M$81*(SUM(H69:L69)/SUM(H$81:L$81)) -> 201.03648 | N69: =N$81*(SUM(I69:M69)/SUM(I$81:M$81)) -> 200.23978 | O69: =O$81*(SUM(J69:N69)/SUM(J$81:N$81)) -> 197.95866 | P69: =P$81*(SUM(K69:O69)/SUM(K$81:O$81)) -> 200.97949 | ... AH69: =AH$81*(SUM(AC69:AG69)/SUM(AC$81:AG$81)) -> 230.65936
A70: February | B70: =monthly_data!$M41*264.172/1000000 -> 166.16419 | C70: =monthly_data!$M53*264.172/1000000 -> 171.50733 | D70: =monthly_data!$M65*264.172/1000000 -> 144.07677 | E70: =monthly_data!$M77*264.172/1000000 -> 48.326041 | F70: =monthly_data!$M89*264.172/1000000 -> 116.39101 | G70: =monthly_data!$M101*264.172/1000000 -> 137.35465 | H70: =monthly_data!$M113*264.172/1000000 -> 173.6989 | I70: =I$81*(SUM(D70:H70)/SUM(D$81:H$81)) -> 169.46562 | J70: =J$81*(SUM(E70:I70)/SUM(E$81:I$81)) -> 159.83983 | K70: =K$81*(SUM(F70:J70)/SUM(F$81:J$81)) -> 165.61685 | L70: =L$81*(SUM(G70:K70)/SUM(G$81:K$81)) -> 168.17646 | M70: =M$81*(SUM(H70:L70)/SUM(H$81:L$81)) -> 172.22116 | N70: =N$81*(SUM(I70:M70)/SUM(I$81:M$81)) -> 170.74155 | O70: =O$81*(SUM(J70:N70)/SUM(J$81:N$81)) -> 170.10062 | P70: =P$81*(SUM(K70:O70)/SUM(K$81:O$81)) -> 172.83411 | ... AH70: =AH$81*(SUM(AC70:AG70)/SUM(AC$81:AG$81)) -> 197.72851
A71: March | B71: =monthly_data!$M42*264.172/1000000 -> 190.20384 | C71: =monthly_data!$M54*264.172/1000000 -> 187.45883 | D71: =monthly_data!$M66*264.172/1000000 -> 141.84029 | E71: =monthly_data!$M78*264.172/1000000 -> 67.844389 | F71: =monthly_data!$M90*264.172/1000000 -> 140.32869 | G71: =monthly_data!$M102*264.172/1000000 -> 181.50888 | H71: =monthly_data!$M114*264.172/1000000 -> 163.68705 | I71: =I$81*(SUM(D71:H71)/SUM(D$81:H$81)) -> 190.06949 | J71: =J$81*(SUM(E71:I71)/SUM(E$81:I$81)) -> 184.1668 | K71: =K$81*(SUM(F71:J71)/SUM(F$81:J$81)) -> 188.16107 | L71: =L$81*(SUM(G71:K71)/SUM(G$81:K$81)) -> 189.38014 | M71: =M$81*(SUM(H71:L71)/SUM(H$81:L$81)) -> 188.41158 | N71: =N$81*(SUM(I71:M71)/SUM(I$81:M$81)) -> 192.17707 | O71: =O$81*(SUM(J71:N71)/SUM(J$81:N$81)) -> 191.59221 | P71: =P$81*(SUM(K71:O71)/SUM(K$81:O$81)) -> 193.82781 | ... AH71: =AH$81*(SUM(AC71:AG71)/SUM(AC$81:AG$81)) -> 221.49163
A72: April | B72: =monthly_data!$M43*264.172/1000000 -> 188.35464 | C72: =monthly_data!$M55*264.172/1000000 -> 218.41952 | D72: =monthly_data!$M67*264.172/1000000 -> 33.886399 | E72: =monthly_data!$M79*264.172/1000000 -> 55.707535 | F72: =monthly_data!$M91*264.172/1000000 -> 141.68258 | G72: =monthly_data!$M103*264.172/1000000 -> 166.75752 | H72: =monthly_data!$M115*264.172/1000000 -> 192.53674 | I72: =I$81*(SUM(D72:H72)/SUM(D$81:H$81)) -> 161.46143 | J72: =J$81*(SUM(E72:I72)/SUM(E$81:I$81)) -> 177.90121 | K72: =K$81*(SUM(F72:J72)/SUM(F$81:J$81)) -> 183.91063 | L72: =L$81*(SUM(G72:K72)/SUM(G$81:K$81)) -> 184.15822 | M72: =M$81*(SUM(H72:L72)/SUM(H$81:L$81)) -> 185.22229 | N72: =N$81*(SUM(I72:M72)/SUM(I$81:M$81)) -> 182.46074 | O72: =O$81*(SUM(J72:N72)/SUM(J$81:N$81)) -> 185.76826 | P72: =P$81*(SUM(K72:O72)/SUM(K$81:O$81)) -> 188.07211 | ... AH72: =AH$81*(SUM(AC72:AG72)/SUM(AC$81:AG$81)) -> 214.34916
A73: May | B73: =monthly_data!$M44*264.172/1000000 -> 202.8841 | C73: =monthly_data!$M56*264.172/1000000 -> 187.96208 | D73: =monthly_data!$M68*264.172/1000000 -> 39.398876 | E73: =monthly_data!$M80*264.172/1000000 -> 66.784267 | F73: =monthly_data!$M92*264.172/1000000 -> 140.43146 | G73: =monthly_data!$M104*264.172/1000000 -> 181.19425 | H73: =monthly_data!$M116*264.172/1000000 -> 191.49115 | I73: =I$81*(SUM(D73:H73)/SUM(D$81:H$81)) -> 169.31597 | J73: =J$81*(SUM(E73:I73)/SUM(E$81:I$81)) -> 185.59829 | K73: =K$81*(SUM(F73:J73)/SUM(F$81:J$81)) -> 189.97103 | L73: =L$81*(SUM(G73:K73)/SUM(G$81:K$81)) -> 191.46205 | M73: =M$81*(SUM(H73:L73)/SUM(H$81:L$81)) -> 190.95826 | N73: =N$81*(SUM(I73:M73)/SUM(I$81:M$81)) -> 189.54365 | O73: =O$81*(SUM(J73:N73)/SUM(J$81:N$81)) -> 192.65694 | P73: =P$81*(SUM(K73:O73)/SUM(K$81:O$81)) -> 194.8217 | ... AH73: =AH$81*(SUM(AC73:AG73)/SUM(AC$81:AG$81)) -> 222.14676
A74: June | B74: =monthly_data!$M45*264.172/1000000 -> 211.3376 | C74: =monthly_data!$M57*264.172/1000000 -> 233.9848 | D74: =monthly_data!$M69*264.172/1000000 -> 47.561791 | E74: =monthly_data!$M81*264.172/1000000 -> 73.645342 | F74: =monthly_data!$M93*264.172/1000000 -> 188.84388 | G74: =monthly_data!$M105*264.172/1000000 -> 202.77552 | H74: =monthly_data!$M117*264.172/1000000 -> 250.29082 | I74: =I$81*(SUM(D74:H74)/SUM(D$81:H$81)) -> 208.63548 | J74: =J$81*(SUM(E74:I74)/SUM(E$81:I$81)) -> 228.94335 | K74: =K$81*(SUM(F74:J74)/SUM(F$81:J$81)) -> 236.24919 | L74: =L$81*(SUM(G74:K74)/SUM(G$81:K$81)) -> 235.13992 | M74: =M$81*(SUM(H74:L74)/SUM(H$81:L$81)) -> 238.58682 | N74: =N$81*(SUM(I74:M74)/SUM(I$81:M$81)) -> 234.56315 | O74: =O$81*(SUM(J74:N74)/SUM(J$81:N$81)) -> 238.59799 | P74: =P$81*(SUM(K74:O74)/SUM(K$81:O$81)) -> 241.46524 | ... AH74: =AH$81*(SUM(AC74:AG74)/SUM(AC$81:AG$81)) -> 275.31958
A75: July | B75: =monthly_data!$M46*264.172/1000000 -> 243.30241 | C75: =monthly_data!$M58*264.172/1000000 -> 223.1091 | D75: =monthly_data!$M70*264.172/1000000 -> 76.002549 | E75: =monthly_data!$M82*264.172/1000000 -> 105.3481 | F75: =monthly_data!$M94*264.172/1000000 -> 218.12471 | G75: =monthly_data!$M106*264.172/1000000 -> 212.00543 | H75: =monthly_data!$M118*264.172/1000000 -> 189.15666 | I75: =I$81*(SUM(D75:H75)/SUM(D$81:H$81)) -> 218.89343 | J75: =J$81*(SUM(E75:I75)/SUM(E$81:I$81)) -> 233.73364 | K75: =K$81*(SUM(F75:J75)/SUM(F$81:J$81)) -> 234.59134 | L75: =L$81*(SUM(G75:K75)/SUM(G$81:K$81)) -> 227.10355 | M75: =M$81*(SUM(H75:L75)/SUM(H$81:L$81)) -> 227.10672 | N75: =N$81*(SUM(I75:M75)/SUM(I$81:M$81)) -> 233.31097 | O75: =O$81*(SUM(J75:N75)/SUM(J$81:N$81)) -> 235.01211 | P75: =P$81*(SUM(K75:O75)/SUM(K$81:O$81)) -> 236.1564 | ... AH75: =AH$81*(SUM(AC75:AG75)/SUM(AC$81:AG$81)) -> 269.49314
A76: August | B76: =monthly_data!$M47*264.172/1000000 -> 244.88744 | C76: =monthly_data!$M59*264.172/1000000 -> 256.83885 | D76: =monthly_data!$M71*264.172/1000000 -> 76.392466 | E76: =monthly_data!$M83*264.172/1000000 -> 148.03459 | F76: =monthly_data!$M95*264.172/1000000 -> 210.52157 | G76: =monthly_data!$M107*264.172/1000000 -> 240.74153 | H76: =monthly_data!$M119*264.172/1000000 -> 244.33585 | I76: =I$81*(SUM(D76:H76)/SUM(D$81:H$81)) -> 251.53414 | J76: =J$81*(SUM(E76:I76)/SUM(E$81:I$81)) -> 271.2982 | K76: =K$81*(SUM(F76:J76)/SUM(F$81:J$81)) -> 266.65708 | L76: =L$81*(SUM(G76:K76)/SUM(G$81:K$81)) -> 265.95354 | M76: =M$81*(SUM(H76:L76)/SUM(H$81:L$81)) -> 267.50723 | N76: =N$81*(SUM(I76:M76)/SUM(I$81:M$81)) -> 270.41443 | O76: =O$81*(SUM(J76:N76)/SUM(J$81:N$81)) -> 272.82731 | P76: =P$81*(SUM(K76:O76)/SUM(K$81:O$81)) -> 274.16489 | ... AH76: =AH$81*(SUM(AC76:AG76)/SUM(AC$81:AG$81)) -> 313.53444
A77: September | B77: =monthly_data!$M48*264.172/1000000 -> 214.50766 | C77: =monthly_data!$M60*264.172/1000000 -> 227.04844 | D77: =monthly_data!$M72*264.172/1000000 -> 75.300115 | E77: =monthly_data!$M84*264.172/1000000 -> 105.53328 | F77: =monthly_data!$M96*264.172/1000000 -> 180.48363 | G77: =monthly_data!$M108*264.172/1000000 -> 207.76177 | H77: =monthly_data!$M120*264.172/1000000 -> 189.36192 | I77: =I$81*(SUM(D77:H77)/SUM(D$81:H$81)) -> 207.35689 | J77: =J$81*(SUM(E77:I77)/SUM(E$81:I$81)) -> 220.59669 | K77: =K$81*(SUM(F77:J77)/SUM(F$81:J$81)) -> 220.0698 | L77: =L$81*(SUM(G77:K77)/SUM(G$81:K$81)) -> 218.08238 | M77: =M$81*(SUM(H77:L77)/SUM(H$81:L$81)) -> 217.2256 | N77: =N$81*(SUM(I77:M77)/SUM(I$81:M$81)) -> 221.43573 | O77: =O$81*(SUM(J77:N77)/SUM(J$81:N$81)) -> 223.13062 | P77: =P$81*(SUM(K77:O77)/SUM(K$81:O$81)) -> 224.48648 | ... AH77: =AH$81*(SUM(AC77:AG77)/SUM(AC$81:AG$81)) -> 256.39194
A78: October | B78: =monthly_data!$M49*264.172/1000000 -> 193.63808 | C78: =monthly_data!$M61*264.172/1000000 -> 198.54613 | D78: =monthly_data!$M73*264.172/1000000 -> 69.710236 | E78: =monthly_data!$M85*264.172/1000000 -> 127.05907 | F78: =monthly_data!$M97*264.172/1000000 -> 180.60779 | G78: =monthly_data!$M109*264.172/1000000 -> 157.9878 | H78: =monthly_data!$M121*264.172/1000000 -> 164.40454 | I78: =I$81*(SUM(D78:H78)/SUM(D$81:H$81)) -> 191.31623 | J78: =J$81*(SUM(E78:I78)/SUM(E$81:I$81)) -> 203.47356 | K78: =K$81*(SUM(F78:J78)/SUM(F$81:J$81)) -> 196.48382 | L78: =L$81*(SUM(G78:K78)/SUM(G$81:K$81)) -> 190.64728 | M78: =M$81*(SUM(H78:L78)/SUM(H$81:L$81)) -> 194.76305 | N78: =N$81*(SUM(I78:M78)/SUM(I$81:M$81)) -> 199.63672 | O78: =O$81*(SUM(J78:N78)/SUM(J$81:N$81)) -> 200.27575 | P78: =P$81*(SUM(K78:O78)/SUM(K$81:O$81)) -> 200.37592 | ... AH78: =AH$81*(SUM(AC78:AG78)/SUM(AC$81:AG$81)) -> 229.47688
A79: November | B79: =monthly_data!$M50*264.172/1000000 -> 178.05193 | C79: =monthly_data!$M62*264.172/1000000 -> 175.42236 | D79: =monthly_data!$M74*264.172/1000000 -> 73.54707 | E79: =monthly_data!$M86*264.172/1000000 -> 116.1102 | F79: =monthly_data!$M98*264.172/1000000 -> 137.23973 | G79: =monthly_data!$M110*264.172/1000000 -> 164.1195 | H79: =monthly_data!$M122*264.172/1000000 -> 177.44724 | I79: =I$81*(SUM(D79:H79)/SUM(D$81:H$81)) -> 182.75728 | J79: =J$81*(SUM(E79:I79)/SUM(E$81:I$81)) -> 192.6477 | K79: =K$81*(SUM(F79:J79)/SUM(F$81:J$81)) -> 186.94655 | L79: =L$81*(SUM(G79:K79)/SUM(G$81:K$81)) -> 188.61331 | M79: =M$81*(SUM(H79:L79)/SUM(H$81:L$81)) -> 191.07631 | N79: =N$81*(SUM(I79:M79)/SUM(I$81:M$81)) -> 192.55564 | O79: =O$81*(SUM(J79:N79)/SUM(J$81:N$81)) -> 193.5325 | P79: =P$81*(SUM(K79:O79)/SUM(K$81:O$81)) -> 194.44054 | ... AH79: =AH$81*(SUM(AC79:AG79)/SUM(AC$81:AG$81)) -> 222.76299
A80: December | B80: =monthly_data!$M51*264.172/1000000 -> 185.71292 | C80: =monthly_data!$M63*264.172/1000000 -> 196.51121 | D80: =monthly_data!$M75*264.172/1000000 -> 76.714228 | E80: =monthly_data!$M87*264.172/1000000 -> 156.96334 | F80: =monthly_data!$M99*264.172/1000000 -> 195.60404 | G80: =monthly_data!$M111*264.172/1000000 -> 192.41073 | H80: =monthly_data!$M123*264.172/1000000 -> 179.07295 | I80: =I81-SUM(I69:I79) -> 218.92839 | J80: =J81-SUM(J69:J79) -> 233.59768 | K80: =K81-SUM(K69:K79) -> 223.14532 | L80: =L81-SUM(L69:L79) -> 218.50137 | M80: =M81-SUM(M69:M79) -> 220.88449 | N80: =N81-SUM(N69:N79) -> 227.92058 | O80: =O81-SUM(O69:O79) -> 228.54704 | P80: =P81-SUM(P69:P79) -> 228.37533 | ... AH80: =AH81-SUM(AH69:AH79) -> 261.64561
A81: Total | B81: =SUM(B69:B80) -> 2401.8518 | C81: =SUM(C69:C80) -> 2480.2227 | D81: =SUM(D69:D80) -> 1061.0653 | E81: =SUM(E69:E80) -> 1154.3693 | F81: =SUM(F69:F80) -> 1948.0191 | G81: =SUM(G69:G80) -> 2213.4499 | H81: =SUM(H69:H80) -> 2313.6931 | I81: =I9 -> 2376 | J81: =J9 -> 2478.6 | K81: =K9 -> 2479.55 | L81: =L9 -> 2475 | M81: =M9 -> 2495 | N81: =N9 -> 2515 | O81: =O9 -> 2530 | P81: =P9 -> 2550 | ... AH81: =AH9 -> 2915
A83: Jet Fuel End-of-Month Inventory
A84: million gallons | B84: =B4 -> 2018 | C84: =C4 -> 2019 | D84: =D4 -> 2020 | E84: =E4 -> 2021 | F84: =F4 -> 2022 | G84: =G4 -> 2023 | H84: =H4 -> 2024 | I84: =I4 -> 2025 | ... AH84: =AH4 -> 2050
A85: January | B85: =monthly_data!$N40*264.172/1000000 -> 162.99412 | C85: =monthly_data!$N52*264.172/1000000 -> 114.10487 | D85: =monthly_data!$N64*264.172/1000000 -> 98.135143 | E85: =monthly_data!$N76*264.172/1000000 -> 99.391545 | F85: =monthly_data!$N88*264.172/1000000 -> 107.98004 | G85: =monthly_data!$N100*264.172/1000000 -> 107.30059 | H85: =monthly_data!$N112*264.172/1000000 -> 100.20784 | I85: =AVERAGE(D85:H85) -> 102.60303 | J85: =AVERAGE(E85:I85) -> 103.49661 | K85: =AVERAGE(F85:J85) -> 104.31762 | L85: =AVERAGE(G85:K85) -> 103.58514 | M85: =AVERAGE(H85:L85) -> 102.84205 | N85: =AVERAGE(I85:M85) -> 103.36889 | O85: =AVERAGE(J85:N85) -> 103.52206 | P85: =AVERAGE(K85:O85) -> 103.52715 | ... AH85: =AVERAGE(AC85:AG85) -> 103.40686
A86: February | B86: =monthly_data!$N41*264.172/1000000 -> 144.50208 | C86: =monthly_data!$N53*264.172/1000000 -> 128.22698 | D86: =monthly_data!$N65*264.172/1000000 -> 102.74996 | E86: =monthly_data!$N77*264.172/1000000 -> 103.19826 | F86: =monthly_data!$N89*264.172/1000000 -> 110.39589 | G86: =monthly_data!$N101*264.172/1000000 -> 106.69062 | H86: =monthly_data!$N113*264.172/1000000 -> 103.38371 | I86: =AVERAGE(D86:H86) -> 105.28369 | J86: =AVERAGE(E86:I86) -> 105.79044 | K86: =AVERAGE(F86:J86) -> 106.30887 | L86: =AVERAGE(G86:K86) -> 105.49146 | M86: =AVERAGE(H86:L86) -> 105.25163 | N86: =AVERAGE(I86:M86) -> 105.62522 | O86: =AVERAGE(J86:N86) -> 105.69352 | P86: =AVERAGE(K86:O86) -> 105.67414 | ... AH86: =AVERAGE(AC86:AG86) -> 105.60113
A87: March | B87: =monthly_data!$N42*264.172/1000000 -> 143.70957 | C87: =monthly_data!$N54*264.172/1000000 -> 138.11467 | D87: =monthly_data!$N66*264.172/1000000 -> 106.0183 | E87: =monthly_data!$N78*264.172/1000000 -> 102.55685 | F87: =monthly_data!$N90*264.172/1000000 -> 90.279988 | G87: =monthly_data!$N102*264.172/1000000 -> 105.82387 | H87: =monthly_data!$N114*264.172/1000000 -> 106.52023 | I87: =AVERAGE(D87:H87) -> 102.23985 | J87: =AVERAGE(E87:I87) -> 101.48416 | K87: =AVERAGE(F87:J87) -> 101.26962 | L87: =AVERAGE(G87:K87) -> 103.46754 | M87: =AVERAGE(H87:L87) -> 102.99628 | N87: =AVERAGE(I87:M87) -> 102.29149 | O87: =AVERAGE(J87:N87) -> 102.30182 | P87: =AVERAGE(K87:O87) -> 102.46535 | ... AH87: =AVERAGE(AC87:AG87) -> 102.52446
