Workbook

Sheet Daily Prices
A1: Symbol | B1: EN-BD-0010 | E1: Symbol | F1: EN-BD-0011
A2: Description | B2: {=_xll.GetLatestPrice(B1,,"Description",,)} -> #NAME? | E2: Description | F2: {=_xll.GetLatestPrice(F1,,"Description",,)} -> #NAME?
A3: {=_xll.GetPriceHistoryNonPreliminary(B1,,DATE(2018,1,1),DATE(2025,12,31),"ValueOnly",,"A",,,"Date","Mid")} -> #NAME? | B3: Mid | C3: Month | D3: Year | E3: {=_xll.GetPriceHistoryNonPreliminary(F1,,DATE(2010,1,1),DATE(2025,12,31),"ValueOnly",,"A",,,"Date","Mid")} -> #NAME? | F3: Mid | G3: Month | H3: Year
A4: 45149 | B4: 160 | C4: =MONTH(A4) -> 8 | D4: =YEAR(A4) -> 2023 | E4: 41474 | F4: 66 | G4: =MONTH(E4) -> 7 | H4: =YEAR(E4) -> 2013
A5: 45152 | B5: 160 | C5: =MONTH(A5) -> 8 | D5: =YEAR(A5) -> 2023 | E5: 41477 | F5: 69 | G5: =MONTH(E5) -> 7 | H5: =YEAR(E5) -> 2013
A6: 45153 | B6: 160 | C6: =MONTH(A6) -> 8 | D6: =YEAR(A6) -> 2023 | E6: 41478 | F6: 69 | G6: =MONTH(E6) -> 7 | H6: =YEAR(E6) -> 2013
A7: 45154 | B7: 160 | C7: =MONTH(A7) -> 8 | D7: =YEAR(A7) -> 2023 | E7: 41479 | F7: 69 | G7: =MONTH(E7) -> 7 | H7: =YEAR(E7) -> 2013
A8: 45155 | B8: 160 | C8: =MONTH(A8) -> 8 | D8: =YEAR(A8) -> 2023 | E8: 41480 | F8: 69 | G8: =MONTH(E8) -> 7 | H8: =YEAR(E8) -> 2013
A9: 45156 | B9: 160 | C9: =MONTH(A9) -> 8 | D9: =YEAR(A9) -> 2023 | E9: 41481 | F9: 69 | G9: =MONTH(E9) -> 7 | H9: =YEAR(E9) -> 2013
A10: 45159 | B10: 160 | C10: =MONTH(A10) -> 8 | D10: =YEAR(A10) -> 2023 | E10: 41484 | F10: 66 | G10: =MONTH(E10) -> 7 | H10: =YEAR(E10) -> 2013
A11: 45160 | B11: 160 | C11: =MONTH(A11) -> 8 | D11: =YEAR(A11) -> 2023 | E11: 41485 | F11: 62.5 | G11: =MONTH(E11) -> 7 | H11: =YEAR(E11) -> 2013
A12: 45161 | B12: 160 | C12: =MONTH(A12) -> 8 | D12: =YEAR(A12) -> 2023 | E12: 41486 | F12: 62.5 | G12: =MONTH(E12) -> 7 | H12: =YEAR(E12) -> 2013
A13: 45162 | B13: 160 | C13: =MONTH(A13) -> 8 | D13: =YEAR(A13) -> 2023 | E13: 41487 | F13: 64 | G13: =MONTH(E13) -> 8 | H13: =YEAR(E13) -> 2013
A14: 45163 | B14: 160 | C14: =MONTH(A14) -> 8 | D14: =YEAR(A14) -> 2023 | E14: 41488 | F14: 63.5 | G14: =MONTH(E14) -> 8 | H14: =YEAR(E14) -> 2013
A15: 45166 | B15: 160 | C15: =MONTH(A15) -> 8 | D15: =YEAR(A15) -> 2023 | E15: 41491 | F15: 64.5 | G15: =MONTH(E15) -> 8 | H15: =YEAR(E15) -> 2013
... A425: 45763 | B425: 67.5 | C425: =MONTH(A425) -> 4 | D425: =YEAR(A425) -> 2025 | E425: 42089 | F425: 22 | G425: =MONTH(E425) -> 3 | H425: =YEAR(E425) -> 2015
E426: 42090 | F426: 22.5 | G426: =MONTH(E426) -> 3 | H426: =YEAR(E426) -> 2015
E427: 42093 | F427: 22.5 | G427: =MONTH(E427) -> 3 | H427: =YEAR(E427) -> 2015
E428: 42094 | F428: 21.75 | G428: =MONTH(E428) -> 3 | H428: =YEAR(E428) -> 2015
E429: 42095 | F429: 21.75 | G429: =MONTH(E429) -> 4 | H429: =YEAR(E429) -> 2015
E430: 42096 | F430: 21.75 | G430: =MONTH(E430) -> 4 | H430: =YEAR(E430) -> 2015
E431: 42100 | F431: 21.75 | G431: =MONTH(E431) -> 4 | H431: =YEAR(E431) -> 2015
E432: 42101 | F432: 21.75 | G432: =MONTH(E432) -> 4 | H432: =YEAR(E432) -> 2015
E433: 42102 | F433: 21.75 | G433: =MONTH(E433) -> 4 | H433: =YEAR(E433) -> 2015
E434: 42103 | F434: 21.75 | G434: =MONTH(E434) -> 4 | H434: =YEAR(E434) -> 2015
E435: 42104 | F435: 21.75 | G435: =MONTH(E435) -> 4 | H435: =YEAR(E435) -> 2015
E436: 42107 | F436: 21.75 | G436: =MONTH(E436) -> 4 | H436: =YEAR(E436) -> 2015
E437: 42108 | F437: 21.5 | G437: =MONTH(E437) -> 4 | H437: =YEAR(E437) -> 2015
... E2949: 45763 | F2949: 58 | G2949: =MONTH(E2949) -> 4 | H2949: =YEAR(E2949) -> 2025

Sheet RIN Daily Prices
A1: 45764 | C1: Symbol | D1: EN-BD-0072 | E1: Symbol | F1: EN-BD-0073 | G1: Symbol | H1: EN-BD-0074 | I1: Symbol | J1: EN-BD-0075 | K1: RIN Spreads | L1: RIN Spreads
C2: Description | D2: {=_xll.GetLatestPrice(D1,,"Description",,)} -> #NAME? | E2: Description | F2: {=_xll.GetLatestPrice(F1,,"Description",,)} -> #NAME? | G2: Description | H2: {=_xll.GetLatestPrice(H1,,"Description",,)} -> #NAME? | I2: Description | J2: {=_xll.GetLatestPrice(J1,,"Description",,)} -> #NAME? | K2: D4-D6 | L2: D4-D5
A3: Month | B3: Year | C3: {=_xll.GetPriceHistoryNonPreliminary(D1,,DATE(2025,1,1),DATE(YEAR(A1),MONTH(A1),DAY(A1)),"ValueOnly",,"A",,,"Date","Mid")} -> #NAME? | D3: Mid | E3: {=_xll.GetPriceHistoryNonPreliminary(F1,,DATE(2025,1,1),DATE(YEAR(A1),MONTH(A1),DAY(A1)),"ValueOnly",,"A",,,"Date","Mid")} -> #NAME? | F3: Mid | G3: {=_xll.GetPriceHistoryNonPreliminary(H1,,DATE(2025,1,1),DATE(YEAR(A1),MONTH(A1),DAY(A1)),"ValueOnly",,"A",,,"Date","Mid")} -> #NAME? | H3: Mid | I3: {=_xll.GetPriceHistoryNonPreliminary(J1,,DATE(2025,1,1),DATE(YEAR(A1),MONTH(A1),DAY(A1)),"ValueOnly",,"A",,,"Date","Mid")} -> #NAME? | J3: Mid
A4: =MONTH(E4) -> 1 | B4: =YEAR(E4) -> 2025 | C4: 45659 | D4: 240 | E4: 45659 | F4: 63.25 | G4: 45659 | H4: 62.5 | I4: 45659 | J4: 61.75 | K4: =F4-J4 -> 1.5 | L4: =F4-H4 -> 0.75
A5: =MONTH(E5) -> 1 | B5: =YEAR(E5) -> 2025 | C5: 45660 | D5: 240 | E5: 45660 | F5: 62.25 | G5: 45660 | H5: 61.5 | I5: 45660 | J5: 61.25 | K5: =F5-J5 -> 1 | L5: =F5-H5 -> 0.75
A6: =MONTH(E6) -> 1 | B6: =YEAR(E6) -> 2025 | C6: 45663 | D6: 240 | E6: 45663 | F6: 64 | G6: 45663 | H6: 63.25 | I6: 45663 | J6: 62.75 | K6: =F6-J6 -> 1.25 | L6: =F6-H6 -> 0.75
A7: =MONTH(E7) -> 1 | B7: =YEAR(E7) -> 2025 | C7: 45664 | D7: 240 | E7: 45664 | F7: 64.5 | G7: 45664 | H7: 63.75 | I7: 45664 | J7: 63.25 | K7: =F7-J7 -> 1.25 | L7: =F7-H7 -> 0.75
A8: =MONTH(E8) -> 1 | B8: =YEAR(E8) -> 2025 | C8: 45665 | D8: 240 | E8: 45665 | F8: 64.5 | G8: 45665 | H8: 63.75 | I8: 45665 | J8: 62.75 | K8: =F8-J8 -> 1.75 | L8: =F8-H8 -> 0.75
A9: =MONTH(E9) -> 1 | B9: =YEAR(E9) -> 2025 | C9: 45666 | D9: 240 | E9: 45666 | F9: 65.75 | G9: 45666 | H9: 65.25 | I9: 45666 | J9: 62.75 | K9: =F9-J9 -> 3 | L9: =F9-H9 -> 0.5
A10: =MONTH(E10) -> 1 | B10: =YEAR(E10) -> 2025 | C10: 45667 | D10: 235 | E10: 45667 | F10: 71 | G10: 45667 | H10: 70.75 | I10: 45667 | J10: 69 | K10: =F10-J10 -> 2 | L10: =F10-H10 -> 0.25
A11: =MONTH(E11) -> 1 | B11: =YEAR(E11) -> 2025 | C11: 45670 | D11: 235 | E11: 45670 | F11: 71 | G11: 45670 | H11: 70.75 | I11: 45670 | J11: 69 | K11: =F11-J11 -> 2 | L11: =F11-H11 -> 0.25
A12: =MONTH(E12) -> 1 | B12: =YEAR(E12) -> 2025 | C12: 45671 | D12: 233 | E12: 45671 | F12: 75 | G12: 45671 | H12: 74.5 | I12: 45671 | J12: 71.5 | K12: =F12-J12 -> 3.5 | L12: =F12-H12 -> 0.5
A13: =MONTH(E13) -> 1 | B13: =YEAR(E13) -> 2025 | C13: 45672 | D13: 234 | E13: 45672 | F13: 76 | G13: 45672 | H13: 75.5 | I13: 45672 | J13: 72 | K13: =F13-J13 -> 4 | L13: =F13-H13 -> 0.5
A14: =MONTH(E14) -> 1 | B14: =YEAR(E14) -> 2025 | C14: 45673 | D14: 237 | E14: 45673 | F14: 72.75 | G14: 45673 | H14: 72.25 | I14: 45673 | J14: 69.75 | K14: =F14-J14 -> 3 | L14: =F14-H14 -> 0.5
A15: =MONTH(E15) -> 1 | B15: =YEAR(E15) -> 2025 | C15: 45674 | D15: 239 | E15: 45674 | F15: 72.25 | G15: 45674 | H15: 71.75 | I15: 45674 | J15: 69.25 | K15: =F15-J15 -> 3 | L15: =F15-H15 -> 0.5
... A76: =MONTH(E76) -> 4 | B76: =YEAR(E76) -> 2025 | C76: 45763 | D76: 247 | E76: 45763 | F76: 107 | G76: 45763 | H76: 105.75 | I76: 45763 | J76: 97.75 | K76: =F76-J76 -> 9.25 | L76: =F76-H76 -> 1.25
A270: =MONTH(E270) -> 1 | B270: =YEAR(E270) -> 2020 | E270: 43832 | F270: 40 | G270: 43832 | H270: 39.5 | I270: 43832 | J270: 16 | K270: =F270-J270 -> 24 | L270: =F270-H270 -> 0.5
A271: =MONTH(E271) -> 1 | B271: =YEAR(E271) -> 2020 | E271: 43833 | F271: 36.5 | G271: 43833 | H271: 36 | I271: 43833 | J271: 14.5 | K271: =F271-J271 -> 22 | L271: =F271-H271 -> 0.5
A272: =MONTH(E272) -> 1 | B272: =YEAR(E272) -> 2020 | E272: 43836 | F272: 38.5 | G272: 43836 | H272: 38 | I272: 43836 | J272: 13.5 | K272: =F272-J272 -> 25 | L272: =F272-H272 -> 0.5
A273: =MONTH(E273) -> 1 | B273: =YEAR(E273) -> 2020 | E273: 43837 | F273: 37.5 | G273: 43837 | H273: 37 | I273: 43837 | J273: 14.5 | K273: =F273-J273 -> 23 | L273: =F273-H273 -> 0.5
A274: =MONTH(E274) -> 1 | B274: =YEAR(E274) -> 2020 | E274: 43838 | F274: 39.5 | G274: 43838 | H274: 39 | I274: 43838 | J274: 13.5 | K274: =F274-J274 -> 26 | L274: =F274-H274 -> 0.5
A275: =MONTH(E275) -> 1 | B275: =YEAR(E275) -> 2020 | E275: 43839 | F275: 40.5 | G275: 43839 | H275: 40 | I275: 43839 | J275: 16.25 | K275: =F275-J275 -> 24.25 | L275: =F275-H275 -> 0.5
A276: =MONTH(E276) -> 1 | B276: =YEAR(E276) -> 2020 | E276: 43840 | F276: 41.25 | G276: 43840 | H276: 40.75 | I276: 43840 | J276: 16.25 | K276: =F276-J276 -> 25 | L276: =F276-H276 -> 0.5
A277: =MONTH(E277) -> 1 | B277: =YEAR(E277) -> 2020 | E277: 43843 | F277: 38 | G277: 43843 | H277: 37.5 | I277: 43843 | J277: 16 | K277: =F277-J277 -> 22 | L277: =F277-H277 -> 0.5
A278: =MONTH(E278) -> 1 | B278: =YEAR(E278) -> 2020 | E278: 43844 | F278: 38.5 | G278: 43844 | H278: 38 | I278: 43844 | J278: 16 | K278: =F278-J278 -> 22.5 | L278: =F278-H278 -> 0.5
A279: =MONTH(E279) -> 1 | B279: =YEAR(E279) -> 2020 | E279: 43845 | F279: 38.5 | G279: 43845 | H279: 38 | I279: 43845 | J279: 16.25 | K279: =F279-J279 -> 22.25 | L279: =F279-H279 -> 0.5
A280: =MONTH(E280) -> 1 | B280: =YEAR(E280) -> 2020 | E280: 43846 | F280: 37.5 | G280: 43846 | H280: 37 | I280: 43846 | J280: 15.5 | K280: =F280-J280 -> 22 | L280: =F280-H280 -> 0.5
A281: =MONTH(E281) -> 1 | B281: =YEAR(E281) -> 2020 | E281: 43847 | F281: 39.25 | G281: 43847 | H281: 38.75 | I281: 43847 | J281: 15 | K281: =F281-J281 -> 24.25 | L281: =F281-H281 -> 0.5
... A357: =MONTH(E357) -> 5 | B357: =YEAR(E357) -> 2020 | E357: 43957 | F357: 52 | G357: 43957 | H357: 51.5 | I357: 43957 | J357: 36.75 | K357: =F357-J357 -> 15.25 | L357: =F357-H357 -> 0.5
A358: =MONTH(E358) -> 5 | B358: =YEAR(E358) -> 2020 | C358: 43958 | E358: 43958 | F358: 51.25 | G358: 43958 | H358: 50.75 | I358: 43958 | J358: 37 | K358: =F358-J358 -> 14.25 | L358: =F358-H358 -> 0.5
A359: =MONTH(E359) -> 5 | B359: =YEAR(E359) -> 2020 | C359: 43959 | E359: 43959 | F359: 52 | G359: 43959 | H359: 51.5 | I359: 43959 | J359: 36.75 | K359: =F359-J359 -> 15.25 | L359: =F359-H359 -> 0.5
A360: =MONTH(E360) -> 5 | B360: =YEAR(E360) -> 2020 | C360: 43962 | E360: 43962 | F360: 52.75 | G360: 43962 | H360: 52.25 | I360: 43962 | J360: 36.75 | K360: =F360-J360 -> 16 | L360: =F360-H360 -> 0.5
A361: =MONTH(E361) -> 5 | B361: =YEAR(E361) -> 2020 | C361: 43963 | E361: 43963 | F361: 53.25 | G361: 43963 | H361: 52.75 | I361: 43963 | J361: 36.25 | K361: =F361-J361 -> 17 | L361: =F361-H361 -> 0.5
A362: =MONTH(E362) -> 5 | B362: =YEAR(E362) -> 2020 | C362: 43964 | E362: 43964 | F362: 53.5 | G362: 43964 | H362: 53 | I362: 43964 | J362: 36.25 | K362: =F362-J362 -> 17.25 | L362: =F362-H362 -> 0.5
A363: =MONTH(E363) -> 5 | B363: =YEAR(E363) -> 2020 | C363: 43965 | E363: 43965 | F363: 52.75 | G363: 43965 | H363: 52.25 | I363: 43965 | J363: 36.75 | K363: =F363-J363 -> 16 | L363: =F363-H363 -> 0.5
A364: =MONTH(E364) -> 5 | B364: =YEAR(E364) -> 2020 | C364: 43966 | E364: 43966 | F364: 53.25 | G364: 43966 | H364: 52.75 | I364: 43966 | J364: 36.5 | K364: =F364-J364 -> 16.75 | L364: =F364-H364 -> 0.5
A365: =MONTH(E365) -> 5 | B365: =YEAR(E365) -> 2020 | C365: 43969 | E365: 43969 | F365: 53.75 | G365: 43969 | H365: 53.25 | I365: 43969 | J365: 37 | K365: =F365-J365 -> 16.75 | L365: =F365-H365 -> 0.5
A366: =MONTH(E366) -> 5 | B366: =YEAR(E366) -> 2020 | C366: 43970 | E366: 43970 | F366: 54.25 | G366: 43970 | H366: 53.75 | I366: 43970 | J366: 37.5 | K366: =F366-J366 -> 16.75 | L366: =F366-H366 -> 0.5
A367: =MONTH(E367) -> 5 | B367: =YEAR(E367) -> 2020 | C367: 43971 | E367: 43971 | F367: 53.5 | G367: 43971 | H367: 53 | I367: 43971 | J367: 38.5 | K367: =F367-J367 -> 15 | L367: =F367-H367 -> 0.5
A368: =MONTH(E368) -> 5 | B368: =YEAR(E368) -> 2020 | C368: 43972 | E368: 43972 | F368: 54.75 | G368: 43972 | H368: 54.25 | I368: 43972 | J368: 39.25 | K368: =F368-J368 -> 15.5 | L368: =F368-H368 -> 0.5
A369: =MONTH(E369) -> 5 | B369: =YEAR(E369) -> 2020 | C369: 43973 | E369: 43973 | F369: 54.25 | G369: 43973 | H369: 53.75 | I369: 43973 | J369: 39.5 | K369: =F369-J369 -> 14.75 | L369: =F369-H369 -> 0.5
... A772: =MONTH(E772) -> 12 | B772: =YEAR(E772) -> 2021 | C772: 44560 | E772: 44560 | F772: 150.5 | G772: 44560 | H772: 149.5 | I772: 44560 | J772: 112.5 | K772: =F772-J772 -> 38 | L772: =F772-H772 -> 1
A773: =MONTH(E773) -> 1 | B773: =YEAR(E773) -> 2022 | C773: 44564 | E773: 44564 | F773: 128 | G773: 44564 | H773: 127 | I773: 44564 | K773: =F773-J773 -> 128 | L773: =F773-H773 -> 1
A774: =MONTH(E774) -> 1 | B774: =YEAR(E774) -> 2022 | C774: 44565 | E774: 44565 | F774: 132.5 | G774: 44565 | H774: 131.5 | I774: 44565 | J774: 114.5 | K774: =F774-J774 -> 18 | L774: =F774-H774 -> 1
A775: =MONTH(E775) -> 1 | B775: =YEAR(E775) -> 2022 | C775: 44566 | E775: 44566 | F775: 136.5 | G775: 44566 | H775: 135.5 | I775: 44566 | J775: 120.5 | K775: =F775-J775 -> 16 | L775: =F775-H775 -> 1
A776: =MONTH(E776) -> 1 | B776: =YEAR(E776) -> 2022 | C776: 44567 | E776: 44567 | F776: 138.75 | G776: 44567 | H776: 137.75 | I776: 44567 | J776: 125.5 | K776: =F776-J776 -> 13.25 | L776: =F776-H776 -> 1
A777: =MONTH(E777) -> 1 | B777: =YEAR(E777) -> 2022 | C777: 44568 | E777: 44568 | F777: 138.5 | G777: 44568 | H777: 137.75 | I777: 44568 | J777: 125.5 | K777: =F777-J777 -> 13 | L777: =F777-H777 -> 0.75
A778: =MONTH(E778) -> 1 | B778: =YEAR(E778) -> 2022 | C778: 44571 | E778: 44571 | F778: 140.5 | G778: 44571 | H778: 139.5 | I778: 44571 | J778: 128.75 | K778: =F778-J778 -> 11.75 | L778: =F778-H778 -> 1
A779: =MONTH(E779) -> 1 | B779: =YEAR(E779) -> 2022 | C779: 44572 | E779: 44572 | F779: 138.75 | G779: 44572 | H779: 137.75 | I779: 44572 | J779: 126.75 | K779: =F779-J779 -> 12 | L779: =F779-H779 -> 1
A780: =MONTH(E780) -> 1 | B780: =YEAR(E780) -> 2022 | C780: 44573 | E780: 44573 | F780: 135.75 | G780: 44573 | H780: 134.75 | I780: 44573 | J780: 120 | K780: =F780-J780 -> 15.75 | L780: =F780-H780 -> 1
A781: =MONTH(E781) -> 1 | B781: =YEAR(E781) -> 2022 | C781: 44574 | E781: 44574 | F781: 136.5 | G781: 44574 | H781: 135.5 | I781: 44574 | J781: 118.5 | K781: =F781-J781 -> 18 | L781: =F781-H781 -> 1
A782: =MONTH(E782) -> 1 | B782: =YEAR(E782) -> 2022 | C782: 44575 | E782: 44575 | F782: 129.5 | G782: 44575 | H782: 128.5 | I782: 44575 | J782: 110.75 | K782: =F782-J782 -> 18.75 | L782: =F782-H782 -> 1
A783: =MONTH(E783) -> 1 | B783: =YEAR(E783) -> 2022 | C783: 44579 | E783: 44579 | F783: 127.25 | G783: 44579 | H783: 126.25 | I783: 44579 | J783: 107.75 | K783: =F783-J783 -> 19.5 | L783: =F783-H783 -> 1
A784: =MONTH(E784) -> 1 | B784: =YEAR(E784) -> 2022 | C784: 44580 | E784: 44580 | F784: 126 | G784: 44580 | H784: 125 | I784: 44580 | J784: 101.25 | K784: =F784-J784 -> 24.75 | L784: =F784-H784 -> 1
A785: =MONTH(E785) -> 1 | B785: =YEAR(E785) -> 2022 | C785: 44581 | E785: 44581 | F785: 128.5 | G785: 44581 | H785: 127.5 | I785: 44581 | J785: 97 | K785: =F785-J785 -> 31.5 | L785: =F785-H785 -> 1
... A1174: =MONTH(E1174) -> 8 | B1174: =YEAR(E1174) -> 2023 | C1174: 45148 | E1174: 45148 | F1174: 144.5 | G1174: 45148 | H1174: 143.5 | I1174: 45148 | J1174: 144 | K1174: =F1174-J1174 -> 0.5 | L1174: =F1174-H1174 -> 1
A1175: =MONTH(E1175) -> 8 | B1175: =YEAR(E1175) -> 2023 | C1175: 45149 | D1175: 298 | E1175: 45149 | F1175: 143.5 | G1175: 45149 | H1175: 142.5 | I1175: 45149 | J1175: 143 | K1175: =F1175-J1175 -> 0.5 | L1175: =F1175-H1175 -> 1
A1176: =MONTH(E1176) -> 8 | B1176: =YEAR(E1176) -> 2023 | C1176: 45152 | D1176: 220 | E1176: 45152 | F1176: 143.5 | G1176: 45152 | H1176: 142.5 | I1176: 45152 | J1176: 143 | K1176: =F1176-J1176 -> 0.5 | L1176: =F1176-H1176 -> 1
A1177: =MONTH(E1177) -> 8 | B1177: =YEAR(E1177) -> 2023 | C1177: 45153 | D1177: 299 | E1177: 45153 | F1177: 144.5 | G1177: 45153 | H1177: 143.5 | I1177: 45153 | J1177: 144 | K1177: =F1177-J1177 -> 0.5 | L1177: =F1177-H1177 -> 1
A1178: =MONTH(E1178) -> 8 | B1178: =YEAR(E1178) -> 2023 | C1178: 45154 | D1178: 299 | E1178: 45154 | F1178: 145.5 | G1178: 45154 | H1178: 144.5 | I1178: 45154 | J1178: 145 | K1178: =F1178-J1178 -> 0.5 | L1178: =F1178-H1178 -> 1
A1179: =MONTH(E1179) -> 8 | B1179: =YEAR(E1179) -> 2023 | C1179: 45155 | D1179: 299 | E1179: 45155 | F1179: 144.5 | G1179: 45155 | H1179: 143.5 | I1179: 45155 | J1179: 144 | K1179: =F1179-J1179 -> 0.5 | L1179: =F1179-H1179 -> 1
A1180: =MONTH(E1180) -> 8 | B1180: =YEAR(E1180) -> 2023 | C1180: 45156 | D1180: 299 | E1180: 45156 | F1180: 144.5 | G1180: 45156 | H1180: 143.5 | I1180: 45156 | J1180: 144 | K1180: =F1180-J1180 -> 0.5 | L1180: =F1180-H1180 -> 1
A1181: =MONTH(E1181) -> 8 | B1181: =YEAR(E1181) -> 2023 | C1181: 45159 | D1181: 299 | E1181: 45159 | F1181: 142 | G1181: 45159 | H1181: 141 | I1181: 45159 | J1181: 141.5 | K1181: =F1181-J1181 -> 0.5 | L1181: =F1181-H1181 -> 1
A1182: =MONTH(E1182) -> 8 | B1182: =YEAR(E1182) -> 2023 | C1182: 45160 | D1182: 302 | E1182: 45160 | F1182: 141 | G1182: 45160 | H1182: 140 | I1182: 45160 | J1182: 140 | K1182: =F1182-J1182 -> 1 | L1182: =F1182-H1182 -> 1
A1183: =MONTH(E1183) -> 8 | B1183: =YEAR(E1183) -> 2023 | C1183: 45161 | D1183: 302 | E1183: 45161 | F1183: 141 | G1183: 45161 | H1183: 140 | I1183: 45161 | J1183: 140 | K1183: =F1183-J1183 -> 1 | L1183: =F1183-H1183 -> 1
A1184: =MONTH(E1184) -> 8 | B1184: =YEAR(E1184) -> 2023 | C1184: 45162 | D1184: 300 | E1184: 45162 | F1184: 141 | G1184: 45162 | H1184: 140 | I1184: 45162 | J1184: 140 | K1184: =F1184-J1184 -> 1 | L1184: =F1184-H1184 -> 1
A1185: =MONTH(E1185) -> 8 | B1185: =YEAR(E1185) -> 2023 | C1185: 45163 | D1185: 300 | E1185: 45163 | F1185: 141 | G1185: 45163 | H1185: 140 | I1185: 45163 | J1185: 140 | K1185: =F1185-J1185 -> 1 | L1185: =F1185-H1185 -> 1
A1186: =MONTH(E1186) -> 8 | B1186: =YEAR(E1186) -> 2023 | C1186: 45166 | D1186: 300 | E1186: 45166 | F1186: 141 | G1186: 45166 | H1186: 140 | I1186: 45166 | J1186: 140 | K1186: =F1186-J1186 -> 1 | L1186: =F1186-H1186 -> 1
... A1516: =MONTH(E1516) -> 12 | B1516: =YEAR(E1516) -> 2024 | C1516: 45645 | D1516: 226 | E1516: 45645 | F1516: 57 | G1516: 45645 | H1516: 56.5 | I1516: 45645 | J1516: 57 | K1516: =F1516-J1516 -> 0 | L1516: =F1516-H1516 -> 0.5
A1517: =MONTH(E1517) -> 12 | B1517: =YEAR(E1517) -> 2024 | C1517: 45646 | D1517: 229 | E1517: 45646 | F1517: 56.75 | G1517: 45646 | H1517: 56.25 | I1517: 45646 | J1517: 56.75
A1518: =MONTH(E1518) -> 12 | B1518: =YEAR(E1518) -> 2024 | C1518: 45649 | D1518: 229 | E1518: 45649 | F1518: 56.88 | G1518: 45649 | H1518: 56.5 | I1518: 45649 | J1518: 56.75
A1519: =MONTH(E1519) -> 12 | B1519: =YEAR(E1519) -> 2024 | C1519: 45650 | D1519: 229 | E1519: 45650 | F1519: 56.88 | G1519: 45650 | H1519: 56.5 | I1519: 45650 | J1519: 56.75
A1520: =MONTH(E1520) -> 12 | B1520: =YEAR(E1520) -> 2024 | C1520: 45652 | D1520: 229 | E1520: 45652 | F1520: 56.88 | G1520: 45652 | H1520: 56.5 | I1520: 45652 | J1520: 56.75
A1521: =MONTH(E1521) -> 12 | B1521: =YEAR(E1521) -> 2024 | C1521: 45653 | D1521: 229 | E1521: 45653 | F1521: 56.88 | G1521: 45653 | H1521: 56.5 | I1521: 45653 | J1521: 56.75
A1522: =MONTH(E1522) -> 12 | B1522: =YEAR(E1522) -> 2024 | C1522: 45656 | D1522: 231 | E1522: 45656 | F1522: 59 | G1522: 45656 | H1522: 57.75 | I1522: 45656 | J1522: 58
A1523: =MONTH(E1523) -> 12 | B1523: =YEAR(E1523) -> 2024 | C1523: 45657 | D1523: 245 | E1523: 45657 | F1523: 59.5 | G1523: 45657 | H1523: 58.75 | I1523: 45657 | J1523: 59

Sheet Monthly
G1: from WA state stats | H1: from OR state stats | J1: =J143-J141 -> 24.713559 | K1: =K143-K141 -> 23.773183 | L1: =L143-L141 -> 20.36787 | M1: CME futures | N1: https://www.eia.gov/dnav/pet/hist/LeafHandler.ashx?n=PET&s=EER_EPMRR_PE1_Y35NY_DPG&f=M | Q1: https://www.eia.gov/dnav/pet/hist/LeafHandler.ashx?n=PET&s=EER_EPD2F_PE1_Y35NY_DPG&f=M | S1: Feedstocks used in forecast regression | X1: Other feedstock comparisons
E2: CFP OR | F2: LCFS CA | G2: CFS WA | H2: CFP OR | I2: cents/credit | J2: cents/credit | K2: cents/credit | L2: cents/credit | M2: Corn per | N2: RBOB | O2: RBOB- Eth | P2: SBO | Q2: Heating oil | R2: HOBO | S2: Originate soyprices | T2: originate usoilseedbal | X2: AG-RPS-0001 | Y2: AG-TLW-0001 | Z2: AG-GRS-0001 | AA2: AG-PF-0002 | AB2: AG-CRN-0004 | AC2: AG-UCO-0002 | AD2: AG-GRS-0015
B3: Month | C3: Quarter | D3: Year | E3: $/MT CO2e | F3: $/MT CO2e | G3: $/credit | H3: $/credit | I3: D3 RIN | J3: D4 RIN | K3: D5 RIN | L3: D6 RIN | M3: Ethanol Gallon | N3: Gasoline | O3: Differential | P3: $/Gal | Q3: $/Gal | R3: Spread | S3: SBO Futures | T3: Used cooking oil, fob SoCal, cts/lb | X3: Canola oil, RBD, fob Los Angeles, US cents/lb | Y3: Bleachable Fancy Tallow - Packer Chicago (cts/lb) | Z3: Choice white grease, fob Missouri River, cts/lb | AA3: Poultry fat, less than 4% ffa, fob US Southeast, cts/lb | AB3: Distiller's Corn Oil, fob IL/WI, cts/lb | AC3: Used cooking oil, fob SoCal, cts/lb | AD3: Yellow grease, fob Los Angeles, cts/lb
A4: 41456 | B4: =MONTH(A4) -> 7 | C4: =ROUNDUP(MONTH(A4)/3,0) -> 3 | D4: =YEAR(A4) -> 2013 | F4: =AVERAGEIFS('Daily Prices'!$F$4:$F$3000,'Daily Prices'!$G$4:$G$3000,Monthly!$B4,'Daily Prices'!$H$4:$H$3000,Monthly!$D4) -> 66.888889 | M4: =[2]Prices!$D517/2.8 -> 1.8856737 | N4: 3.005 | O4: =N4-M4 -> 1.1193263 | P4: =#REF!*7.6/100 -> #REF! | Q4: 3.015 | R4: =P4-Q4 -> #REF!
A5: 41487 | B5: =MONTH(A5) -> 8 | C5: =ROUNDUP(MONTH(A5)/3,0) -> 3 | D5: =YEAR(A5) -> 2013 | F5: =AVERAGEIFS('Daily Prices'!$F$4:$F$3000,'Daily Prices'!$G$4:$G$3000,Monthly!$B5,'Daily Prices'!$H$4:$H$3000,Monthly!$D5) -> 62.590909 | M5: =[2]Prices!$D518/2.8 -> 1.7256088 | N5: 2.966 | O5: =N5-M5 -> 1.2403912 | P5: =#REF!*7.6/100 -> #REF! | Q5: 3.072 | R5: =P5-Q5 -> #REF!
A6: 41518 | B6: =MONTH(A6) -> 9 | C6: =ROUNDUP(MONTH(A6)/3,0) -> 3 | D6: =YEAR(A6) -> 2013 | F6: =AVERAGEIFS('Daily Prices'!$F$4:$F$3000,'Daily Prices'!$G$4:$G$3000,Monthly!$B6,'Daily Prices'!$H$4:$H$3000,Monthly!$D6) -> 72.65 | M6: =[2]Prices!$D519/2.8 -> 1.6411607 | N6: 2.734 | O6: =N6-M6 -> 1.0928393 | P6: =#REF!*7.6/100 -> #REF! | Q6: 3.052 | R6: =P6-Q6 -> #REF!
A7: 41548 | B7: =MONTH(A7) -> 10 | C7: =ROUNDUP(MONTH(A7)/3,0) -> 4 | D7: =YEAR(A7) -> 2013 | F7: =AVERAGEIFS('Daily Prices'!$F$4:$F$3000,'Daily Prices'!$G$4:$G$3000,Monthly!$B7,'Daily Prices'!$H$4:$H$3000,Monthly!$D7) -> 81.282609 | M7: =[2]Prices!$D520/2.8 -> 1.5684394 | N7: 2.635 | O7: =N7-M7 -> 1.0665606 | P7: =#REF!*7.6/100 -> #REF! | Q7: 2.993 | R7: =P7-Q7 -> #REF!
A8: 41579 | B8: =MONTH(A8) -> 11 | C8: =ROUNDUP(MONTH(A8)/3,0) -> 4 | D8: =YEAR(A8) -> 2013 | F8: =AVERAGEIFS('Daily Prices'!$F$4:$F$3000,'Daily Prices'!$G$4:$G$3000,Monthly!$B8,'Daily Prices'!$H$4:$H$3000,Monthly!$D8) -> 82.875 | M8: =[2]Prices!$D521/2.8 -> 1.5107143 | N8: 2.63 | O8: =N8-M8 -> 1.1192857 | P8: =#REF!*7.6/100 -> #REF! | Q8: 2.941 | R8: =P8-Q8 -> #REF!
A9: 41609 | B9: =MONTH(A9) -> 12 | C9: =ROUNDUP(MONTH(A9)/3,0) -> 4 | D9: =YEAR(A9) -> 2013 | F9: =AVERAGEIFS('Daily Prices'!$F$4:$F$3000,'Daily Prices'!$G$4:$G$3000,Monthly!$B9,'Daily Prices'!$H$4:$H$3000,Monthly!$D9) -> 62.575 | M9: =[2]Prices!$D522/2.8 -> 1.5373724 | N9: 2.722 | O9: =N9-M9 -> 1.1846276 | P9: =#REF!*7.6/100 -> #REF! | Q9: 3.042 | R9: =P9-Q9 -> #REF!
A10: 41640 | B10: =MONTH(A10) -> 1 | C10: =ROUNDUP(MONTH(A10)/3,0) -> 1 | D10: =YEAR(A10) -> 2014 | F10: =AVERAGEIFS('Daily Prices'!$F$4:$F$3000,'Daily Prices'!$G$4:$G$3000,Monthly!$B10,'Daily Prices'!$H$4:$H$3000,Monthly!$D10) -> 45.428571 | M10: =[2]Prices!$D523/2.8 -> 1.5258078 | N10: 2.646 | O10: =N10-M10 -> 1.1201922 | P10: =#REF!*7.6/100 -> #REF! | Q10: 3.031 | R10: =P10-Q10 -> #REF!
A11: 41671 | B11: =MONTH(A11) -> 2 | C11: =ROUNDUP(MONTH(A11)/3,0) -> 1 | D11: =YEAR(A11) -> 2014 | F11: =AVERAGEIFS('Daily Prices'!$F$4:$F$3000,'Daily Prices'!$G$4:$G$3000,Monthly!$B11,'Daily Prices'!$H$4:$H$3000,Monthly!$D11) -> 45.842105 | M11: =[2]Prices!$D524/2.8 -> 1.5974624 | N11: 2.759 | O11: =N11-M11 -> 1.1615376 | P11: =#REF!*7.6/100 -> #REF! | Q11: 3.063 | R11: =P11-Q11 -> #REF!
A12: 41699 | B12: =MONTH(A12) -> 3 | C12: =ROUNDUP(MONTH(A12)/3,0) -> 1 | D12: =YEAR(A12) -> 2014 | F12: =AVERAGEIFS('Daily Prices'!$F$4:$F$3000,'Daily Prices'!$G$4:$G$3000,Monthly!$B12,'Daily Prices'!$H$4:$H$3000,Monthly!$D12) -> 35.809524 | M12: =[2]Prices!$D525/2.8 -> 1.7338861 | N12: 2.931 | O12: =N12-M12 -> 1.1971139 | P12: =#REF!*7.6/100 -> #REF! | Q12: 2.951 | R12: =P12-Q12 -> #REF!
A13: 41730 | B13: =MONTH(A13) -> 4 | C13: =ROUNDUP(MONTH(A13)/3,0) -> 2 | D13: =YEAR(A13) -> 2014 | F13: =AVERAGEIFS('Daily Prices'!$F$4:$F$3000,'Daily Prices'!$G$4:$G$3000,Monthly!$B13,'Daily Prices'!$H$4:$H$3000,Monthly!$D13) -> 20.5 | M13: =[2]Prices!$D526/2.8 -> 1.7935799 | N13: 3.012 | O13: =N13-M13 -> 1.2184201 | P13: =#REF!*7.6/100 -> #REF! | Q13: 2.955 | R13: =P13-Q13 -> #REF!
A14: 41760 | B14: =MONTH(A14) -> 5 | C14: =ROUNDUP(MONTH(A14)/3,0) -> 2 | D14: =YEAR(A14) -> 2014 | F14: =AVERAGEIFS('Daily Prices'!$F$4:$F$3000,'Daily Prices'!$G$4:$G$3000,Monthly!$B14,'Daily Prices'!$H$4:$H$3000,Monthly!$D14) -> 25.309524 | M14: =[2]Prices!$D527/2.8 -> 1.7505102 | N14: 2.958 | O14: =N14-M14 -> 1.2074898 | P14: =#REF!*7.6/100 -> #REF! | Q14: 2.93 | R14: =P14-Q14 -> #REF!
A15: 41791 | B15: =MONTH(A15) -> 6 | C15: =ROUNDUP(MONTH(A15)/3,0) -> 2 | D15: =YEAR(A15) -> 2014 | F15: =AVERAGEIFS('Daily Prices'!$F$4:$F$3000,'Daily Prices'!$G$4:$G$3000,Monthly!$B15,'Daily Prices'!$H$4:$H$3000,Monthly!$D15) -> 27.595238 | M15: =[2]Prices!$D528/2.8 -> 1.5952382 | N15: 3.04 | O15: =N15-M15 -> 1.4447618 | P15: =#REF!*7.6/100 -> #REF! | Q15: 2.96 | R15: =P15-Q15 -> #REF!
... A43: 42644 | B43: =MONTH(A43) -> 10 | C43: =ROUNDUP(MONTH(A43)/3,0) -> 4 | D43: =YEAR(A43) -> 2016 | F43: =AVERAGEIFS('Daily Prices'!$F$4:$F$3000,'Daily Prices'!$G$4:$G$3000,Monthly!$B43,'Daily Prices'!$H$4:$H$3000,Monthly!$D43) -> 85.357143 | M43: =[2]Prices!$D556/2.8 -> 1.2481718 | N43: 1.49 | O43: =N43-M43 -> 0.24182821 | P43: =#REF!*7.6/100 -> #REF! | Q43: 1.566 | R43: =P43-Q43 -> #REF!
A44: 42675 | B44: =MONTH(A44) -> 11 | C44: =ROUNDUP(MONTH(A44)/3,0) -> 4 | D44: =YEAR(A44) -> 2016 | F44: =AVERAGEIFS('Daily Prices'!$F$4:$F$3000,'Daily Prices'!$G$4:$G$3000,Monthly!$B44,'Daily Prices'!$H$4:$H$3000,Monthly!$D44) -> 92.075 | H44: 60 | M44: =[2]Prices!$D557/2.8 -> 1.2320579 | N44: 1.384 | O44: =N44-M44 -> 0.15194214 | P44: =#REF!*7.6/100 -> #REF! | Q44: 1.469 | R44: =P44-Q44 -> #REF!
A45: 42705 | B45: =MONTH(A45) -> 12 | C45: =ROUNDUP(MONTH(A45)/3,0) -> 4 | D45: =YEAR(A45) -> 2016 | F45: =AVERAGEIFS('Daily Prices'!$F$4:$F$3000,'Daily Prices'!$G$4:$G$3000,Monthly!$B45,'Daily Prices'!$H$4:$H$3000,Monthly!$D45) -> 90.309524 | H45: 50 | M45: =[2]Prices!$D558/2.8 -> 1.26284 | N45: 1.579 | O45: =N45-M45 -> 0.31616 | P45: =#REF!*7.6/100 -> #REF! | Q45: 1.663 | R45: =P45-Q45 -> #REF!
A46: 42736 | B46: =MONTH(A46) -> 1 | C46: =ROUNDUP(MONTH(A46)/3,0) -> 1 | D46: =YEAR(A46) -> 2017 | F46: =AVERAGEIFS('Daily Prices'!$F$4:$F$3000,'Daily Prices'!$G$4:$G$3000,Monthly!$B46,'Daily Prices'!$H$4:$H$3000,Monthly!$D46) -> 97.675 | M46: =[2]Prices!$D559/2.8 -> 1.2921875 | N46: 1.574 | O46: =N46-M46 -> 0.2818125 | P46: =#REF!*7.6/100 -> #REF! | Q46: 1.644 | R46: =P46-Q46 -> #REF!
A47: 42767 | B47: =MONTH(A47) -> 2 | C47: =ROUNDUP(MONTH(A47)/3,0) -> 1 | D47: =YEAR(A47) -> 2017 | F47: =AVERAGEIFS('Daily Prices'!$F$4:$F$3000,'Daily Prices'!$G$4:$G$3000,Monthly!$B47,'Daily Prices'!$H$4:$H$3000,Monthly!$D47) -> 95.578947 | M47: =[2]Prices!$D560/2.8 -> 1.3186089 | N47: 1.534 | O47: =N47-M47 -> 0.21539107 | P47: =#REF!*7.6/100 -> #REF! | Q47: 1.641 | R47: =P47-Q47 -> #REF!
A48: 42795 | B48: =MONTH(A48) -> 3 | C48: =ROUNDUP(MONTH(A48)/3,0) -> 1 | D48: =YEAR(A48) -> 2017 | F48: =AVERAGEIFS('Daily Prices'!$F$4:$F$3000,'Daily Prices'!$G$4:$G$3000,Monthly!$B48,'Daily Prices'!$H$4:$H$3000,Monthly!$D48) -> 83.826087 | M48: =[2]Prices!$D561/2.8 -> 1.3060171 | N48: 1.629 | O48: =N48-M48 -> 0.32298286 | P48: =#REF!*7.6/100 -> #REF! | Q48: 1.536 | R48: =P48-Q48 -> #REF!
A49: 42826 | B49: =MONTH(A49) -> 4 | C49: =ROUNDUP(MONTH(A49)/3,0) -> 2 | D49: =YEAR(A49) -> 2017 | F49: =AVERAGEIFS('Daily Prices'!$F$4:$F$3000,'Daily Prices'!$G$4:$G$3000,Monthly!$B49,'Daily Prices'!$H$4:$H$3000,Monthly!$D49) -> 78.631579 | H49: 48.4 | M49: =[2]Prices!$D562/2.8 -> 1.2964757 | N49: 1.681 | O49: =N49-M49 -> 0.38452429 | P49: =#REF!*7.6/100 -> #REF! | Q49: 1.59 | R49: =P49-Q49 -> #REF!
A50: 42856 | B50: =MONTH(A50) -> 5 | C50: =ROUNDUP(MONTH(A50)/3,0) -> 2 | D50: =YEAR(A50) -> 2017 | F50: =AVERAGEIFS('Daily Prices'!$F$4:$F$3000,'Daily Prices'!$G$4:$G$3000,Monthly!$B50,'Daily Prices'!$H$4:$H$3000,Monthly!$D50) -> 72.568182 | H50: 50 | M50: =[2]Prices!$D563/2.8 -> 1.3233768 | N50: 1.581 | O50: =N50-M50 -> 0.25762321 | P50: =#REF!*7.6/100 -> #REF! | Q50: 1.514 | R50: =P50-Q50 -> #REF!
A51: 42887 | B51: =MONTH(A51) -> 6 | C51: =ROUNDUP(MONTH(A51)/3,0) -> 2 | D51: =YEAR(A51) -> 2017 | F51: =AVERAGEIFS('Daily Prices'!$F$4:$F$3000,'Daily Prices'!$G$4:$G$3000,Monthly!$B51,'Daily Prices'!$H$4:$H$3000,Monthly!$D51) -> 74.545455 | H51: 45 | M51: =[2]Prices!$D564/2.8 -> 1.3295861 | N51: 1.482 | O51: =N51-M51 -> 0.15241393 | P51: =#REF!*7.6/100 -> #REF! | Q51: 1.426 | R51: =P51-Q51 -> #REF!
A52: 42917 | B52: =MONTH(A52) -> 7 | C52: =ROUNDUP(MONTH(A52)/3,0) -> 3 | D52: =YEAR(A52) -> 2017 | F52: =AVERAGEIFS('Daily Prices'!$F$4:$F$3000,'Daily Prices'!$G$4:$G$3000,Monthly!$B52,'Daily Prices'!$H$4:$H$3000,Monthly!$D52) -> 75.3375 | M52: =[2]Prices!$D565/2.8 -> 1.3646429 | N52: 1.57 | O52: =N52-M52 -> 0.20535714 | P52: =#REF!*7.6/100 -> #REF! | Q52: 1.526 | R52: =P52-Q52 -> #REF!
A53: 42948 | B53: =MONTH(A53) -> 8 | C53: =ROUNDUP(MONTH(A53)/3,0) -> 3 | D53: =YEAR(A53) -> 2017 | F53: =AVERAGEIFS('Daily Prices'!$F$4:$F$3000,'Daily Prices'!$G$4:$G$3000,Monthly!$B53,'Daily Prices'!$H$4:$H$3000,Monthly!$D53) -> 91.473043 | H53: 44 | M53: =[2]Prices!$D566/2.8 -> 1.2611414 | N53: 1.663 | O53: =N53-M53 -> 0.40185857 | P53: =#REF!*7.6/100 -> #REF! | Q53: 1.631 | R53: =P53-Q53 -> #REF!
A54: 42979 | B54: =MONTH(A54) -> 9 | C54: =ROUNDUP(MONTH(A54)/3,0) -> 3 | D54: =YEAR(A54) -> 2017 | F54: =AVERAGEIFS('Daily Prices'!$F$4:$F$3000,'Daily Prices'!$G$4:$G$3000,Monthly!$B54,'Daily Prices'!$H$4:$H$3000,Monthly!$D54) -> 93.15 | H54: 44 | M54: =[2]Prices!$D567/2.8 -> 1.2638393 | N54: 1.663 | O54: =N54-M54 -> 0.39916071 | P54: =#REF!*7.6/100 -> #REF! | Q54: 1.791 | R54: =P54-Q54 -> #REF!
A55: 43009 | B55: =MONTH(A55) -> 10 | C55: =ROUNDUP(MONTH(A55)/3,0) -> 4 | D55: =YEAR(A55) -> 2017 | F55: =AVERAGEIFS('Daily Prices'!$F$4:$F$3000,'Daily Prices'!$G$4:$G$3000,Monthly!$B55,'Daily Prices'!$H$4:$H$3000,Monthly!$D55) -> 94.806818 | H55: 51.55 | M55: =[2]Prices!$D568/2.8 -> 1.2478084 | N55: 1.652 | O55: =N55-M55 -> 0.40419156 | P55: =#REF!*7.6/100 -> #REF! | Q55: 1.802 | R55: =P55-Q55 -> #REF!
A56: 43040 | B56: =MONTH(A56) -> 11 | C56: =ROUNDUP(MONTH(A56)/3,0) -> 4 | D56: =YEAR(A56) -> 2017 | F56: =AVERAGEIFS('Daily Prices'!$F$4:$F$3000,'Daily Prices'!$G$4:$G$3000,Monthly!$B56,'Daily Prices'!$H$4:$H$3000,Monthly!$D56) -> 102.8875 | H56: 45.07 | M56: =[2]Prices!$D569/2.8 -> 1.2256378 | N56: 1.771 | O56: =N56-M56 -> 0.54536224 | P56: =#REF!*7.6/100 -> #REF! | Q56: 1.918 | R56: =P56-Q56 -> #REF!
A57: 43070 | B57: =MONTH(A57) -> 12 | C57: =ROUNDUP(MONTH(A57)/3,0) -> 4 | D57: =YEAR(A57) -> 2017 | F57: =AVERAGEIFS('Daily Prices'!$F$4:$F$3000,'Daily Prices'!$G$4:$G$3000,Monthly!$B57,'Daily Prices'!$H$4:$H$3000,Monthly!$D57) -> 109.4 | H57: 50.59 | M57: =[2]Prices!$D570/2.8 -> 1.25375 | N57: 1.721 | O57: =N57-M57 -> 0.46725 | P57: =#REF!*7.6/100 -> #REF! | Q57: 1.949 | R57: =P57-Q57 -> #REF!
A58: 43101 | B58: =MONTH(A58) -> 1 | C58: =ROUNDUP(MONTH(A58)/3,0) -> 1 | D58: =YEAR(A58) -> 2018 | F58: =AVERAGEIFS('Daily Prices'!$F$4:$F$3000,'Daily Prices'!$G$4:$G$3000,Monthly!$B58,'Daily Prices'!$H$4:$H$3000,Monthly!$D58) -> 134.52381 | H58: 47.38 | M58: =[2]Prices!$D571/2.8 -> 1.2597364 | N58: 1.856 | O58: =N58-M58 -> 0.59626361 | P58: =S58*7.6/100 -> #REF! | Q58: 2.078 | R58: =P58-Q58 -> #REF! | S58: =#REF! -> #REF! | T58: 26.75
A59: 43132 | B59: =MONTH(A59) -> 2 | C59: =ROUNDUP(MONTH(A59)/3,0) -> 1 | D59: =YEAR(A59) -> 2018 | F59: =AVERAGEIFS('Daily Prices'!$F$4:$F$3000,'Daily Prices'!$G$4:$G$3000,Monthly!$B59,'Daily Prices'!$H$4:$H$3000,Monthly!$D59) -> 139.64474 | H59: 58.4 | M59: =[2]Prices!$D572/2.8 -> 1.2879464 | N59: 1.772 | O59: =N59-M59 -> 0.48405357 | P59: =S59*7.6/100 -> #REF! | Q59: 1.939 | R59: =P59-Q59 -> #REF! | S59: =#REF! -> #REF! | T59: 26.0395
A60: 43160 | B60: =MONTH(A60) -> 3 | C60: =ROUNDUP(MONTH(A60)/3,0) -> 1 | D60: =YEAR(A60) -> 2018 | F60: =AVERAGEIFS('Daily Prices'!$F$4:$F$3000,'Daily Prices'!$G$4:$G$3000,Monthly!$B60,'Daily Prices'!$H$4:$H$3000,Monthly!$D60) -> 130.14286 | H60: 56.14 | M60: =[2]Prices!$D573/2.8 -> 1.3683673 | N60: 1.952 | O60: =N60-M60 -> 0.58363265 | P60: =S60*7.6/100 -> #REF! | Q60: 1.936 | R60: =P60-Q60 -> #REF! | S60: =#REF! -> #REF! | T60: 24.25
A61: 43191 | B61: =MONTH(A61) -> 4 | C61: =ROUNDUP(MONTH(A61)/3,0) -> 2 | D61: =YEAR(A61) -> 2018 | F61: =AVERAGEIFS('Daily Prices'!$F$4:$F$3000,'Daily Prices'!$G$4:$G$3000,Monthly!$B61,'Daily Prices'!$H$4:$H$3000,Monthly!$D61) -> 149.11905 | H61: 57.21 | M61: =[2]Prices!$D574/2.8 -> 1.3754911 | N61: 2.051 | O61: =N61-M61 -> 0.67550893 | P61: =S61*7.6/100 -> #REF! | Q61: 2.074 | R61: =P61-Q61 -> #REF! | S61: =#REF! -> #REF! | T61: 24.25
A62: 43221 | B62: =MONTH(A62) -> 5 | C62: =ROUNDUP(MONTH(A62)/3,0) -> 2 | D62: =YEAR(A62) -> 2018 | F62: =AVERAGEIFS('Daily Prices'!$F$4:$F$3000,'Daily Prices'!$G$4:$G$3000,Monthly!$B62,'Daily Prices'!$H$4:$H$3000,Monthly!$D62) -> 157.125 | H62: 63.8 | M62: =[2]Prices!$D575/2.8 -> 1.4350244 | N62: 2.181 | O62: =N62-M62 -> 0.74597565 | P62: =S62*7.6/100 -> #REF! | Q62: 2.215 | R62: =P62-Q62 -> #REF! | S62: =#REF! -> #REF! | T62: 24.25
A63: 43252 | B63: =MONTH(A63) -> 6 | C63: =ROUNDUP(MONTH(A63)/3,0) -> 2 | D63: =YEAR(A63) -> 2018 | F63: =AVERAGEIFS('Daily Prices'!$F$4:$F$3000,'Daily Prices'!$G$4:$G$3000,Monthly!$B63,'Daily Prices'!$H$4:$H$3000,Monthly!$D63) -> 179 | H63: 69.67 | M63: =[2]Prices!$D576/2.8 -> 1.3031037 | N63: 2.089 | O63: =N63-M63 -> 0.78589626 | P63: =S63*7.6/100 -> #REF! | Q63: 2.145 | R63: =P63-Q63 -> #REF! | S63: =#REF! -> #REF! | T63: 24.6786
A64: 43282 | B64: =MONTH(A64) -> 7 | C64: =ROUNDUP(MONTH(A64)/3,0) -> 3 | D64: =YEAR(A64) -> 2018 | F64: =AVERAGEIFS('Daily Prices'!$F$4:$F$3000,'Daily Prices'!$G$4:$G$3000,Monthly!$B64,'Daily Prices'!$H$4:$H$3000,Monthly!$D64) -> 186.2619 | H64: 85.78 | M64: =[2]Prices!$D577/2.8 -> 1.2607993 | N64: 2.102 | O64: =N64-M64 -> 0.84120068 | P64: =S64*7.6/100 -> #REF! | Q64: 2.139 | R64: =P64-Q64 -> #REF! | S64: =#REF! -> #REF! | T64: 24.75
A65: 43313 | B65: =MONTH(A65) -> 8 | C65: =ROUNDUP(MONTH(A65)/3,0) -> 3 | D65: =YEAR(A65) -> 2018 | F65: =AVERAGEIFS('Daily Prices'!$F$4:$F$3000,'Daily Prices'!$G$4:$G$3000,Monthly!$B65,'Daily Prices'!$H$4:$H$3000,Monthly!$D65) -> 184.13043 | H65: 91.53 | M65: =[2]Prices!$D578/2.8 -> 1.2797748 | N65: 2.053 | O65: =N65-M65 -> 0.77322516 | P65: =S65*7.6/100 -> #REF! | Q65: 2.153 | R65: =P65-Q65 -> #REF! | S65: =#REF! -> #REF! | T65: 24.2609
A66: 43344 | B66: =MONTH(A66) -> 9 | C66: =ROUNDUP(MONTH(A66)/3,0) -> 3 | D66: =YEAR(A66) -> 2018 | F66: =AVERAGEIFS('Daily Prices'!$F$4:$F$3000,'Daily Prices'!$G$4:$G$3000,Monthly!$B66,'Daily Prices'!$H$4:$H$3000,Monthly!$D66) -> 183.28947 | H66: 91.62 | M66: =[2]Prices!$D579/2.8 -> 1.2801692 | N66: 2.012 | O66: =N66-M66 -> 0.73183083 | P66: =S66*7.6/100 -> #REF! | Q66: 2.251 | R66: =P66-Q66 -> #REF! | S66: =#REF! -> #REF! | T66: 23.4211 | X66: 39.47 | Y66: 24.34 | Z66: 22.64 | AA66: 27.93 | AB66: 24.73 | AC66: 23.42 | AD66: 21.24
A67: 43374 | B67: =MONTH(A67) -> 10 | C67: =ROUNDUP(MONTH(A67)/3,0) -> 4 | D67: =YEAR(A67) -> 2018 | F67: =AVERAGEIFS('Daily Prices'!$F$4:$F$3000,'Daily Prices'!$G$4:$G$3000,Monthly!$B67,'Daily Prices'!$H$4:$H$3000,Monthly!$D67) -> 189.18478 | H67: 83.59 | M67: =[2]Prices!$D580/2.8 -> 1.3148292 | N67: 1.951 | O67: =N67-M67 -> 0.63617081 | P67: =S67*7.6/100 -> #REF! | Q67: 2.334 | R67: =P67-Q67 -> #REF! | S67: =#REF! -> #REF! | T67: 23.5 | X67: 41.4 | Y67: 23.22 | Z67: 18.39 | AA67: 23.39 | AB67: 24.47 | AC67: 23.5 | AD67: 21
A68: 43405 | B68: =MONTH(A68) -> 11 | C68: =ROUNDUP(MONTH(A68)/3,0) -> 4 | D68: =YEAR(A68) -> 2018 | F68: =AVERAGEIFS('Daily Prices'!$F$4:$F$3000,'Daily Prices'!$G$4:$G$3000,Monthly!$B68,'Daily Prices'!$H$4:$H$3000,Monthly!$D68) -> 188.3625 | H68: 101.08 | M68: =[2]Prices!$D581/2.8 -> 1.2914541 | N68: 1.557 | O68: =N68-M68 -> 0.26554592 | P68: =S68*7.6/100 -> #REF! | Q68: 2.045 | R68: =P68-Q68 -> #REF! | S68: =#REF! -> #REF! | T68: 23.5 | X68: 40.69 | Y68: 25.4 | Z68: 19.03 | AA68: 23.3 | AB68: 24.96 | AC68: 23.5 | AD68: 21.1
A69: 43435 | B69: =MONTH(A69) -> 12 | C69: =ROUNDUP(MONTH(A69)/3,0) -> 4 | D69: =YEAR(A69) -> 2018 | F69: =AVERAGEIFS('Daily Prices'!$F$4:$F$3000,'Daily Prices'!$G$4:$G$3000,Monthly!$B69,'Daily Prices'!$H$4:$H$3000,Monthly!$D69) -> 196.63095 | H69: 102.33 | M69: =[2]Prices!$D582/2.8 -> 1.3612946 | N69: 1.381 | O69: =N69-M69 -> 0.019705357 | P69: =S69*7.6/100 -> 2.160414 | Q69: 1.792 | R69: =P69-Q69 -> 0.368414 | S69: ='[3]Monthly Data'!$AE3 -> 28.4265 | T69: 24.1447 | X69: 41.32 | Y69: 26 | Z69: 20.46 | AA69: 28.29 | AB69: 25.36 | AC69: 24.14 | AD69: 22.18
A70: 43466 | B70: =MONTH(A70) -> 1 | C70: =ROUNDUP(MONTH(A70)/3,0) -> 1 | D70: =YEAR(A70) -> 2019 | F70: =AVERAGEIFS('Daily Prices'!$F$4:$F$3000,'Daily Prices'!$G$4:$G$3000,Monthly!$B70,'Daily Prices'!$H$4:$H$3000,Monthly!$D70) -> 191.17286 | H70: 127.13 | M70: =[2]Prices!$D583/2.8 -> 1.352466 | N70: 1.383 | O70: =N70-M70 -> 0.030534014 | P70: =S70*7.6/100 -> 2.2040724 | Q70: 1.851 | R70: =P70-Q70 -> 0.35307238 | S70: ='[3]Monthly Data'!$AE4 -> 29.000952 | T70: 24.631 | X70: 41.24 | Y70: 26 | Z70: 21.82 | AA70: 29.39 | AB70: 24.92 | AC70: 24.63 | AD70: 23.17
A71: 43497 | B71: =MONTH(A71) -> 2 | C71: =ROUNDUP(MONTH(A71)/3,0) -> 1 | D71: =YEAR(A71) -> 2019 | F71: =AVERAGEIFS('Daily Prices'!$F$4:$F$3000,'Daily Prices'!$G$4:$G$3000,Monthly!$B71,'Daily Prices'!$H$4:$H$3000,Monthly!$D71) -> 195.55263 | H71: 132.63 | M71: =[2]Prices!$D584/2.8 -> 1.3373016 | N71: 1.519 | O71: =N71-M71 -> 0.18169841 | P71: =S71*7.6/100 -> 2.30616 | Q71: 1.964 | R71: =P71-Q71 -> 0.34216 | S71: ='[3]Monthly Data'!$AE5 -> 30.344211 | T71: 25.5 | X71: 41.02 | Y71: 26 | Z71: 21.82 | AA71: 29.5 | AB71: 24.47 | AC71: 25.5 | AD71: 23.91
A72: 43525 | B72: =MONTH(A72) -> 3 | C72: =ROUNDUP(MONTH(A72)/3,0) -> 1 | D72: =YEAR(A72) -> 2019 | F72: =AVERAGEIFS('Daily Prices'!$F$4:$F$3000,'Daily Prices'!$G$4:$G$3000,Monthly!$B72,'Daily Prices'!$H$4:$H$3000,Monthly!$D72) -> 194.97619 | H72: 145.45 | M72: =[2]Prices!$D585/2.8 -> 1.3253827 | N72: 1.855 | O72: =N72-M72 -> 0.52961735 | P72: =S72*7.6/100 -> 2.2329162 | Q72: 1.991 | R72: =P72-Q72 -> 0.24191619 | S72: ='[3]Monthly Data'!$AE6 -> 29.380476 | T72: 25.7262 | X72: 39.71 | Y72: 26.05 | Z72: 20.51 | AA72: 29.5 | AB72: 23.71 | AC72: 25.73 | AD72: 24
A73: 43556 | B73: =MONTH(A73) -> 4 | C73: =ROUNDUP(MONTH(A73)/3,0) -> 2 | D73: =YEAR(A73) -> 2019 | F73: =AVERAGEIFS('Daily Prices'!$F$4:$F$3000,'Daily Prices'!$G$4:$G$3000,Monthly!$B73,'Daily Prices'!$H$4:$H$3000,Monthly!$D73) -> 185.82143 | H73: 129.96 | M73: =[2]Prices!$D586/2.8 -> 1.2775085 | N73: 2.04 | O73: =N73-M73 -> 0.7624915 | P73: =S73*7.6/100 -> 2.1769657 | Q73: 2.061 | R73: =P73-Q73 -> 0.11596571 | S73: ='[3]Monthly Data'!$AE7 -> 28.644286 | T73: 25.75 | X73: 37.84 | Y73: 27.67 | Z73: 21.39 | AA73: 29.5 | AB73: 24.73 | AC73: 25.75 | AD73: 24
A74: 43586 | B74: =MONTH(A74) -> 5 | C74: =ROUNDUP(MONTH(A74)/3,0) -> 2 | D74: =YEAR(A74) -> 2019 | F74: =AVERAGEIFS('Daily Prices'!$F$4:$F$3000,'Daily Prices'!$G$4:$G$3000,Monthly!$B74,'Daily Prices'!$H$4:$H$3000,Monthly!$D74) -> 187.40909 | H74: 155.63 | M74: =[2]Prices!$D587/2.8 -> 1.3702516 | N74: 1.976 | O74: =N74-M74 -> 0.60574838 | P74: =S74*7.6/100 -> 2.0695145 | Q74: 2.031 | R74: =P74-Q74 -> 0.038514545 | S74: ='[3]Monthly Data'!$AE8 -> 27.230455 | T74: 25.75 | X74: 37.23 | Y74: 28.28 | Z74: 24.31 | AA74: 29.5 | AB74: 25.2 | AC74: 25.75 | AD74: 24
A75: 43617 | B75: =MONTH(A75) -> 6 | C75: =ROUNDUP(MONTH(A75)/3,0) -> 2 | D75: =YEAR(A75) -> 2019 | F75: =AVERAGEIFS('Daily Prices'!$F$4:$F$3000,'Daily Prices'!$G$4:$G$3000,Monthly!$B75,'Daily Prices'!$H$4:$H$3000,Monthly!$D75) -> 191.7 | H75: 158.96 | M75: =[2]Prices!$D588/2.8 -> 1.554375 | N75: 1.781 | O75: =N75-M75 -> 0.226625 | P75: =S75*7.6/100 -> 2.117322 | Q75: 1.851 | R75: =P75-Q75 -> 0.266322 | S75: ='[3]Monthly Data'!$AE9 -> 27.8595 | T75: 25.75 | X75: 37.85 | Y75: 29.25 | Z75: 25.93 | AA75: 30.85 | AB75: 25.46 | AC75: 25.75 | AD75: 24
A76: 43647 | B76: =MONTH(A76) -> 7 | C76: =ROUNDUP(MONTH(A76)/3,0) -> 3 | D76: =YEAR(A76) -> 2019 | F76: =AVERAGEIFS('Daily Prices'!$F$4:$F$3000,'Daily Prices'!$G$4:$G$3000,Monthly!$B76,'Daily Prices'!$H$4:$H$3000,Monthly!$D76) -> 196.75 | H76: 156.2 | M76: =[2]Prices!$D589/2.8 -> 1.528612 | N76: 1.9 | O76: =N76-M76 -> 0.37138799 | P76: =S76*7.6/100 -> 2.1685564 | Q76: 1.92 | R76: =P76-Q76 -> 0.24855636 | S76: ='[3]Monthly Data'!$AE10 -> 28.533636 | T76: 25.75 | X76: 37.74 | Y76: 30.34 | Z76: 27.54 | AA76: 32.5 | AB76: 25.61 | AC76: 25.75 | AD76: 24
A77: 43678 | B77: =MONTH(A77) -> 8 | C77: =ROUNDUP(MONTH(A77)/3,0) -> 3 | D77: =YEAR(A77) -> 2019 | F77: =AVERAGEIFS('Daily Prices'!$F$4:$F$3000,'Daily Prices'!$G$4:$G$3000,Monthly!$B77,'Daily Prices'!$H$4:$H$3000,Monthly!$D77) -> 196.875 | H77: 161.49 | M77: =[2]Prices!$D590/2.8 -> 1.3468112 | N77: 1.675 | O77: =N77-M77 -> 0.32818878 | P77: =S77*7.6/100 -> 2.1980927 | Q77: 1.829 | R77: =P77-Q77 -> 0.36909273 | S77: ='[3]Monthly Data'!$AE11 -> 28.922273 | T77: 26.2273 | X77: 38.89 | Y77: 30.8 | Z77: 26.82 | AA77: 32.5 | AB77: 24.86 | AC77: 26.23 | AD77: 23.82
A78: 43709 | B78: =MONTH(A78) -> 9 | C78: =ROUNDUP(MONTH(A78)/3,0) -> 3 | D78: =YEAR(A78) -> 2019 | F78: =AVERAGEIFS('Daily Prices'!$F$4:$F$3000,'Daily Prices'!$G$4:$G$3000,Monthly!$B78,'Daily Prices'!$H$4:$H$3000,Monthly!$D78) -> 199.607 | H78: 165.24 | M78: =[2]Prices!$D591/2.8 -> 1.3136607 | N78: 1.612 | O78: =N78-M78 -> 0.29833929 | P78: =S78*7.6/100 -> 2.220492 | Q78: 1.933 | R78: =P78-Q78 -> 0.287492 | S78: ='[3]Monthly Data'!$AE12 -> 29.217 | T78: 26.5 | X78: 39.6 | Y78: 27.85 | Z78: 23.95 | AA78: 32.5 | AB78: 23.84 | AC78: 26.5 | AD78: 23.28
A79: 43739 | B79: =MONTH(A79) -> 10 | C79: =ROUNDUP(MONTH(A79)/3,0) -> 4 | D79: =YEAR(A79) -> 2019 | F79: =AVERAGEIFS('Daily Prices'!$F$4:$F$3000,'Daily Prices'!$G$4:$G$3000,Monthly!$B79,'Daily Prices'!$H$4:$H$3000,Monthly!$D79) -> 202.92391 | H79: 161.05 | M79: =[2]Prices!$D592/2.8 -> 1.3920419 | N79: 1.618 | O79: =N79-M79 -> 0.22595807 | P79: =S79*7.6/100 -> 2.30128 | Q79: 1.928 | R79: =P79-Q79 -> 0.37328 | S79: ='[3]Monthly Data'!$AE13 -> 30.28 | T79: 26.5 | X79: 41.03 | Y79: 25.73 | Z79: 21.15 | AA79: 30 | AB79: 22.69 | AC79: 26.5 | AD79: 21.96
A80: 43770 | B80: =MONTH(A80) -> 11 | C80: =ROUNDUP(MONTH(A80)/3,0) -> 4 | D80: =YEAR(A80) -> 2019 | F80: =AVERAGEIFS('Daily Prices'!$F$4:$F$3000,'Daily Prices'!$G$4:$G$3000,Monthly!$B80,'Daily Prices'!$H$4:$H$3000,Monthly!$D80) -> 207.88158 | H80: 157.45 | M80: =[2]Prices!$D593/2.8 -> 1.3399554 | N80: 1.647 | O80: =N80-M80 -> 0.30704464 | P80: =S80*7.6/100 -> 2.35657 | Q80: 1.923 | R80: =P80-Q80 -> 0.43357 | S80: ='[3]Monthly Data'!$AE14 -> 31.0075 | T80: 26.5 | X80: 39.83 | Y80: 23.26 | Z80: 20.42 | AA80: 27.75 | AB80: 22.4 | AC80: 26.5 | AD80: 20.55
A81: 43800 | B81: =MONTH(A81) -> 12 | C81: =ROUNDUP(MONTH(A81)/3,0) -> 4 | D81: =YEAR(A81) -> 2019 | F81: =AVERAGEIFS('Daily Prices'!$F$4:$F$3000,'Daily Prices'!$G$4:$G$3000,Monthly!$B81,'Daily Prices'!$H$4:$H$3000,Monthly!$D81) -> 206.46429 | H81: 161.41 | M81: =[2]Prices!$D594/2.8 -> 1.3687075 | N81: 1.671 | O81: =N81-M81 -> 0.30229252 | P81: =S81*7.6/100 -> 2.4915695 | Q81: 1.987 | R81: =P81-Q81 -> 0.50456952 | S81: ='[3]Monthly Data'!$AE15 -> 32.78381 | T81: 26.5 | X81: 40.69 | Y81: 25.19 | Z81: 23.03 | AA81: 27.79 | AB81: 23.08 | AC81: 26.5 | AD81: 20.5
A82: 43831 | B82: =MONTH(A82) -> 1 | C82: =ROUNDUP(MONTH(A82)/3,0) -> 1 | D82: =YEAR(A82) -> 2020 | F82: =AVERAGEIFS('Daily Prices'!$F$4:$F$3000,'Daily Prices'!$G$4:$G$3000,Monthly!$B82,'Daily Prices'!$H$4:$H$3000,Monthly!$D82) -> 209.13409 | H82: 158.63 | J82: =AVERAGEIFS('RIN Daily Prices'!$F$4:$F$2925,'RIN Daily Prices'!$B$4:$B$2925,Monthly!$D82,'RIN Daily Prices'!$A$4:$A$2925,Monthly!$B82) -> 40.352273 | K82: =AVERAGEIFS('RIN Daily Prices'!$H$4:$H$2925,'RIN Daily Prices'!$B$4:$B$2925,Monthly!$D82,'RIN Daily Prices'!$A$4:$A$2925,Monthly!$B82) -> 39.840909 | L82: =AVERAGEIFS('RIN Daily Prices'!$J$4:$J$2925,'RIN Daily Prices'!$B$4:$B$2925,Monthly!$D82,'RIN Daily Prices'!$A$4:$A$2925,Monthly!$B82) -> 15.909091 | M82: =[2]Prices!$D595/2.8 -> 1.3776361 | N82: 1.616 | O82: =N82-M82 -> 0.23836395 | P82: =S82*7.6/100 -> 2.5194724 | Q82: 1.853 | R82: =P82-Q82 -> 0.66647238 | S82: =[4]Prices!$D603 -> 33.150952 | T82: 26.7857 | X82: 40.82 | Y82: 30.43 | Z82: 25.65 | AA82: 28.5 | AB82: 25.05 | AC82: 26.79 | AD82: 22.21
A83: 43862 | B83: =MONTH(A83) -> 2 | C83: =ROUNDUP(MONTH(A83)/3,0) -> 1 | D83: =YEAR(A83) -> 2020 | F83: =AVERAGEIFS('Daily Prices'!$F$4:$F$3000,'Daily Prices'!$G$4:$G$3000,Monthly!$B83,'Daily Prices'!$H$4:$H$3000,Monthly!$D83) -> 210.36842 | H83: 150.76 | J83: =AVERAGEIFS('RIN Daily Prices'!$F$4:$F$2925,'RIN Daily Prices'!$B$4:$B$2925,Monthly!$D83,'RIN Daily Prices'!$A$4:$A$2925,Monthly!$B83) -> 48.539474 | K83: =AVERAGEIFS('RIN Daily Prices'!$H$4:$H$2925,'RIN Daily Prices'!$B$4:$B$2925,Monthly!$D83,'RIN Daily Prices'!$A$4:$A$2925,Monthly!$B83) -> 48.052632 | L83: =AVERAGEIFS('RIN Daily Prices'!$J$4:$J$2925,'RIN Daily Prices'!$B$4:$B$2925,Monthly!$D83,'RIN Daily Prices'!$A$4:$A$2925,Monthly!$B83) -> 30.815789 | M83: =[2]Prices!$D596/2.8 -> 1.3505169 | N83: 1.537 | O83: =N83-M83 -> 0.18648308 | P83: =S83*7.6/100 -> 2.29888 | Q83: 1.623 | R83: =P83-Q83 -> 0.67588 | S83: =[4]Prices!$D604 -> 30.248421 | T83: 28.1842 | X83: 38.12 | Y83: 34.29 | Z83: 27.04 | AA83: 28.5 | AB83: 28.04 | AC83: 28.18 | AD83: 23.09
A84: 43891 | B84: =MONTH(A84) -> 3 | C84: =ROUNDUP(MONTH(A84)/3,0) -> 1 | D84: =YEAR(A84) -> 2020 | F84: =AVERAGEIFS('Daily Prices'!$F$4:$F$3000,'Daily Prices'!$G$4:$G$3000,Monthly!$B84,'Daily Prices'!$H$4:$H$3000,Monthly!$D84) -> 199.5 | H84: 146.36 | J84: =AVERAGEIFS('RIN Daily Prices'!$F$4:$F$2925,'RIN Daily Prices'!$B$4:$B$2925,Monthly!$D84,'RIN Daily Prices'!$A$4:$A$2925,Monthly!$B84) -> 48.568182 | K84: =AVERAGEIFS('RIN Daily Prices'!$H$4:$H$2925,'RIN Daily Prices'!$B$4:$B$2925,Monthly!$D84,'RIN Daily Prices'!$A$4:$A$2925,Monthly!$B84) -> 48.136364 | L84: =AVERAGEIFS('RIN Daily Prices'!$J$4:$J$2925,'RIN Daily Prices'!$B$4:$B$2925,Monthly!$D84,'RIN Daily Prices'!$A$4:$A$2925,Monthly!$B84) -> 28.829545 | M84: =[2]Prices!$D597/2.8 -> 1.2816558 | N84: 0.898 | O84: =N84-M84 -> -0.38365584 | P84: =S84*7.6/100 -> 2.0533473 | Q84: 1.175 | R84: =P84-Q84 -> 0.87834727 | S84: =[4]Prices!$D605 -> 27.017727 | T84: 28.5 | X84: 35.5 | Y84: 30.86 | Z84: 22.99 | AA84: 28 | AB84: 27.7 | AC84: 28.5 | AD84: 23.74
A85: 43922 | B85: =MONTH(A85) -> 4 | C85: =ROUNDUP(MONTH(A85)/3,0) -> 2 | D85: =YEAR(A85) -> 2020 | F85: =AVERAGEIFS('Daily Prices'!$F$4:$F$3000,'Daily Prices'!$G$4:$G$3000,Monthly!$B85,'Daily Prices'!$H$4:$H$3000,Monthly!$D85) -> 193.21429 | H85: 123.27 | J85: =AVERAGEIFS('RIN Daily Prices'!$F$4:$F$2925,'RIN Daily Prices'!$B$4:$B$2925,Monthly!$D85,'RIN Daily Prices'!$A$4:$A$2925,Monthly!$B85) -> 52.107143 | K85: =AVERAGEIFS('RIN Daily Prices'!$H$4:$H$2925,'RIN Daily Prices'!$B$4:$B$2925,Monthly!$D85,'RIN Daily Prices'!$A$4:$A$2925,Monthly!$B85) -> 51.559524 | L85: =AVERAGEIFS('RIN Daily Prices'!$J$4:$J$2925,'RIN Daily Prices'!$B$4:$B$2925,Monthly!$D85,'RIN Daily Prices'!$A$4:$A$2925,Monthly!$B85) -> 35.059524 | M85: =[2]Prices!$D598/2.8 -> 1.1571003 | N85: 0.668 | O85: =N85-M85 -> -0.48910034 | P85: =S85*7.6/100 -> 1.9914171 | Q85: 0.867 | R85: =P85-Q85 -> 1.1244171 | S85: =[4]Prices!$D606 -> 26.202857 | T85: 28.5 | X85: 35.58 | Y85: 30.78 | Z85: 22.71 | AA85: 29.23 | AB85: 29.04 | AC85: 28.5 | AD85: 22.88
A86: 43952 | B86: =MONTH(A86) -> 5 | C86: =ROUNDUP(MONTH(A86)/3,0) -> 2 | D86: =YEAR(A86) -> 2020 | F86: =AVERAGEIFS('Daily Prices'!$F$4:$F$3000,'Daily Prices'!$G$4:$G$3000,Monthly!$B86,'Daily Prices'!$H$4:$H$3000,Monthly!$D86) -> 201.95 | H86: 111.24 | J86: =AVERAGEIFS('RIN Daily Prices'!$F$4:$F$2925,'RIN Daily Prices'!$B$4:$B$2925,Monthly!$D86,'RIN Daily Prices'!$A$4:$A$2925,Monthly!$B86) -> 53.625 | K86: =AVERAGEIFS('RIN Daily Prices'!$H$4:$H$2925,'RIN Daily Prices'!$B$4:$B$2925,Monthly!$D86,'RIN Daily Prices'!$A$4:$A$2925,Monthly!$B86) -> 53.125 | L86: =AVERAGEIFS('RIN Daily Prices'!$J$4:$J$2925,'RIN Daily Prices'!$B$4:$B$2925,Monthly!$D86,'RIN Daily Prices'!$A$4:$A$2925,Monthly!$B86) -> 38.4 | M86: =[2]Prices!$D599/2.8 -> 1.1407589 | N86: 0.955 | O86: =N86-M86 -> -0.18575893 | P86: =S86*7.6/100 -> 2.029884 | Q86: 0.91 | R86: =P86-Q86 -> 1.119884 | S86: =[4]Prices!$D607 -> 26.709 | T86: 28.5 | X86: 34.7 | Y86: 33.65 | Z86: 22.43 | AA86: 30 | AB86: 26.98 | AC86: 28.5 | AD86: 24
A87: 43983 | B87: =MONTH(A87) -> 6 | C87: =ROUNDUP(MONTH(A87)/3,0) -> 2 | D87: =YEAR(A87) -> 2020 | F87: =AVERAGEIFS('Daily Prices'!$F$4:$F$3000,'Daily Prices'!$G$4:$G$3000,Monthly!$B87,'Daily Prices'!$H$4:$H$3000,Monthly!$D87) -> 208.79545 | H87: 121.62 | J87: =AVERAGEIFS('RIN Daily Prices'!$F$4:$F$2925,'RIN Daily Prices'!$B$4:$B$2925,Monthly!$D87,'RIN Daily Prices'!$A$4:$A$2925,Monthly!$B87) -> 56.511364 | K87: =AVERAGEIFS('RIN Daily Prices'!$H$4:$H$2925,'RIN Daily Prices'!$B$4:$B$2925,Monthly!$D87,'RIN Daily Prices'!$A$4:$A$2925,Monthly!$B87) -> 56.090909 | L87: =AVERAGEIFS('RIN Daily Prices'!$J$4:$J$2925,'RIN Daily Prices'!$B$4:$B$2925,Monthly!$D87,'RIN Daily Prices'!$A$4:$A$2925,Monthly!$B87) -> 46.477273 | M87: =[2]Prices!$D600/2.8 -> 1.171875 | N87: 1.189 | O87: =N87-M87 -> 0.017125 | P87: =S87*7.6/100 -> 2.1197436 | Q87: 1.144 | R87: =P87-Q87 -> 0.97574364 | S87: =[4]Prices!$D608 -> 27.891364 | T87: 28.5 | X87: 37.53 | Y87: 24.95 | Z87: 19.41 | AA87: 26.52 | AB87: 23.08 | AC87: 28.5 | AD87: 23.85
A88: 44013 | B88: =MONTH(A88) -> 7 | C88: =ROUNDUP(MONTH(A88)/3,0) -> 3 | D88: =YEAR(A88) -> 2020 | F88: =AVERAGEIFS('Daily Prices'!$F$4:$F$3000,'Daily Prices'!$G$4:$G$3000,Monthly!$B88,'Daily Prices'!$H$4:$H$3000,Monthly!$D88) -> 197.65909 | H88: 140.25 | J88: =AVERAGEIFS('RIN Daily Prices'!$F$4:$F$2925,'RIN Daily Prices'!$B$4:$B$2925,Monthly!$D88,'RIN Daily Prices'!$A$4:$A$2925,Monthly!$B88) -> 59.840909 | K88: =AVERAGEIFS('RIN Daily Prices'!$H$4:$H$2925,'RIN Daily Prices'!$B$4:$B$2925,Monthly!$D88,'RIN Daily Prices'!$A$4:$A$2925,Monthly!$B88) -> 59.375 | L88: =AVERAGEIFS('RIN Daily Prices'!$J$4:$J$2925,'RIN Daily Prices'!$B$4:$B$2925,Monthly!$D88,'RIN Daily Prices'!$A$4:$A$2925,Monthly!$B88) -> 47.096591 | M88: =[2]Prices!$D601/2.8 -> 1.2125406 | N88: 1.254 | O88: =N88-M88 -> 0.041459416 | P88: =S88*7.6/100 -> 2.2197182 | Q88: 1.238 | R88: =P88-Q88 -> 0.98171818 | S88: =[4]Prices!$D609 -> 29.206818 | T88: 28.5 | X88: 44.2 | Y88: 23.46 | Z88: 19.36 | AA88: 25.5 | AB88: 21.57 | AC88: 28.5 | AD88: 23.5
A89: 44044 | B89: =MONTH(A89) -> 8 | C89: =ROUNDUP(MONTH(A89)/3,0) -> 3 | D89: =YEAR(A89) -> 2020 | F89: =AVERAGEIFS('Daily Prices'!$F$4:$F$3000,'Daily Prices'!$G$4:$G$3000,Monthly!$B89,'Daily Prices'!$H$4:$H$3000,Monthly!$D89) -> 192.42857 | H89: 130.13 | J89: =AVERAGEIFS('RIN Daily Prices'!$F$4:$F$2925,'RIN Daily Prices'!$B$4:$B$2925,Monthly!$D89,'RIN Daily Prices'!$A$4:$A$2925,Monthly!$B89) -> 64.964286 | K89: =AVERAGEIFS('RIN Daily Prices'!$H$4:$H$2925,'RIN Daily Prices'!$B$4:$B$2925,Monthly!$D89,'RIN Daily Prices'!$A$4:$A$2925,Monthly!$B89) -> 63.964286 | L89: =AVERAGEIFS('RIN Daily Prices'!$J$4:$J$2925,'RIN Daily Prices'!$B$4:$B$2925,Monthly!$D89,'RIN Daily Prices'!$A$4:$A$2925,Monthly!$B89) -> 44.52619 | M89: =[2]Prices!$D602/2.8 -> 1.161267 | N89: 1.27 | O89: =N89-M89 -> 0.10873299 | P89: =S89*7.6/100 -> 2.401021 | Q89: 1.239 | R89: =P89-Q89 -> 1.162021 | S89: =[4]Prices!$D610 -> 31.592381 | T89: 29.3571 | X89: 46.6 | Y89: 30.1 | Z89: 22.67 | AA89: 27.4 | AB89: 24.5 | AC89: 29.36 | AD89: 23.57
A90: 44075 | B90: =MONTH(A90) -> 9 | C90: =ROUNDUP(MONTH(A90)/3,0) -> 3 | D90: =YEAR(A90) -> 2020 | F90: =AVERAGEIFS('Daily Prices'!$F$4:$F$3000,'Daily Prices'!$G$4:$G$3000,Monthly!$B90,'Daily Prices'!$H$4:$H$3000,Monthly!$D90) -> 197.2619 | H90: 128.02 | J90: =AVERAGEIFS('RIN Daily Prices'!$F$4:$F$2925,'RIN Daily Prices'!$B$4:$B$2925,Monthly!$D90,'RIN Daily Prices'!$A$4:$A$2925,Monthly!$B90) -> 76.380952 | K90: =AVERAGEIFS('RIN Daily Prices'!$H$4:$H$2925,'RIN Daily Prices'!$B$4:$B$2925,Monthly!$D90,'RIN Daily Prices'!$A$4:$A$2925,Monthly!$B90) -> 75.166667 | L90: =AVERAGEIFS('RIN Daily Prices'!$J$4:$J$2925,'RIN Daily Prices'!$B$4:$B$2925,Monthly!$D90,'RIN Daily Prices'!$A$4:$A$2925,Monthly!$B90) -> 48.386905 | M90: =[2]Prices!$D603/2.8 -> 1.3081207 | N90: 1.176 | O90: =N90-M90 -> -0.13212075 | P90: =S90*7.6/100 -> 2.5467962 | Q90: 1.127 | R90: =P90-Q90 -> 1.4197962 | S90: =[4]Prices!$D611 -> 33.510476 | T90: 29.5238 | X90: 48.51 | Y90: 31.17 | Z90: 26.71 | AA90: 29.04 | AB90: 28.38 | AC90: 29.52 | AD90: 24
A91: 44105 | B91: =MONTH(A91) -> 10 | C91: =ROUNDUP(MONTH(A91)/3,0) -> 4 | D91: =YEAR(A91) -> 2020 | F91: =AVERAGEIFS('Daily Prices'!$F$4:$F$3000,'Daily Prices'!$G$4:$G$3000,Monthly!$B91,'Daily Prices'!$H$4:$H$3000,Monthly!$D91) -> 195.77273 | H91: 126.97 | J91: =AVERAGEIFS('RIN Daily Prices'!$F$4:$F$2925,'RIN Daily Prices'!$B$4:$B$2925,Monthly!$D91,'RIN Daily Prices'!$A$4:$A$2925,Monthly!$B91) -> 79.693182 | K91: =AVERAGEIFS('RIN Daily Prices'!$H$4:$H$2925,'RIN Daily Prices'!$B$4:$B$2925,Monthly!$D91,'RIN Daily Prices'!$A$4:$A$2925,Monthly!$B91) -> 79.238636 | L91: =AVERAGEIFS('RIN Daily Prices'!$J$4:$J$2925,'RIN Daily Prices'!$B$4:$B$2925,Monthly!$D91,'RIN Daily Prices'!$A$4:$A$2925,Monthly!$B91) -> 53.386364 | M91: =[2]Prices!$D604/2.8 -> 1.4246347 | N91: 1.158 | O91: =N91-M91 -> -0.26663474 | P91: =S91*7.6/100 -> 2.5290382 | Q91: 1.151 | R91: =P91-Q91 -> 1.3780382 | S91: =[4]Prices!$D612 -> 33.276818 | T91: 30.125 | X91: 48.28 | Y91: 31.64 | Z91: 26.45 | AA91: 30.07 | AB91: 30.93 | AC91: 30.13 | AD91: 24.5
A92: 44136 | B92: =MONTH(A92) -> 11 | C92: =ROUNDUP(MONTH(A92)/3,0) -> 4 | D92: =YEAR(A92) -> 2020 | F92: =AVERAGEIFS('Daily Prices'!$F$4:$F$3000,'Daily Prices'!$G$4:$G$3000,Monthly!$B92,'Daily Prices'!$H$4:$H$3000,Monthly!$D92) -> 198.72368 | H92: 122.27 | J92: =AVERAGEIFS('RIN Daily Prices'!$F$4:$F$2925,'RIN Daily Prices'!$B$4:$B$2925,Monthly!$D92,'RIN Daily Prices'!$A$4:$A$2925,Monthly!$B92) -> 87.315789 | K92: =AVERAGEIFS('RIN Daily Prices'!$H$4:$H$2925,'RIN Daily Prices'!$B$4:$B$2925,Monthly!$D92,'RIN Daily Prices'!$A$4:$A$2925,Monthly!$B92) -> 86.815789 | L92: =AVERAGEIFS('RIN Daily Prices'!$J$4:$J$2925,'RIN Daily Prices'!$B$4:$B$2925,Monthly!$D92,'RIN Daily Prices'!$A$4:$A$2925,Monthly!$B92) -> 63.407895 | M92: =[2]Prices!$D605/2.8 -> 1.4923214 | N92: 1.161 | O92: =N92-M92 -> -0.33132143 | P92: =S92*7.6/100 -> 2.80155 | Q92: 1.241 | R92: =P92-Q92 -> 1.56055 | S92: =[4]Prices!$D613 -> 36.8625 | T92: ='[5]Monthly Prices'!$N253 -> 30.8885 | X92: 50.56 | Y92: 32 | Z92: 26.1 | AA92: 33.24 | AB92: 33.07 | AC92: 30.87 | AD92: 24.55
A93: 44166 | B93: =MONTH(A93) -> 12 | C93: =ROUNDUP(MONTH(A93)/3,0) -> 4 | D93: =YEAR(A93) -> 2020 | F93: =AVERAGEIFS('Daily Prices'!$F$4:$F$3000,'Daily Prices'!$G$4:$G$3000,Monthly!$B93,'Daily Prices'!$H$4:$H$3000,Monthly!$D93) -> 198.97727 | H93: 125.77 | J93: =AVERAGEIFS('RIN Daily Prices'!$F$4:$F$2925,'RIN Daily Prices'!$B$4:$B$2925,Monthly!$D93,'RIN Daily Prices'!$A$4:$A$2925,Monthly!$B93) -> 97.181818 | K93: =AVERAGEIFS('RIN Daily Prices'!$H$4:$H$2925,'RIN Daily Prices'!$B$4:$B$2925,Monthly!$D93,'RIN Daily Prices'!$A$4:$A$2925,Monthly!$B93) -> 96.590909 | L93: =AVERAGEIFS('RIN Daily Prices'!$J$4:$J$2925,'RIN Daily Prices'!$B$4:$B$2925,Monthly!$D93,'RIN Daily Prices'!$A$4:$A$2925,Monthly!$B93) -> 71.568182 | M93: =[2]Prices!$D606/2.8 -> 1.5679511 | N93: 1.328 | O93: =N93-M93 -> -0.23995113 | P93: =S93*7.6/100 -> 3.0074236 | Q93: 1.448 | R93: =P93-Q93 -> 1.5594236 | S93: =[4]Prices!$D614 -> 39.571364 | T93: ='[5]Monthly Prices'!$N254 -> 33.336957 | X93: 54.57 | Y93: 35.55 | Z93: 29.22 | AA93: 36.86 | AB93: 35.26 | AC93: 33.27 | AD93: 26.85
A94: 44197 | B94: =MONTH(A94) -> 1 | C94: =ROUNDUP(MONTH(A94)/3,0) -> 1 | D94: =YEAR(A94) -> 2021 | F94: =AVERAGEIFS('Daily Prices'!$F$4:$F$3000,'Daily Prices'!$G$4:$G$3000,Monthly!$B94,'Daily Prices'!$H$4:$H$3000,Monthly!$D94) -> 199.83579 | H94: 124.52 | J94: =AVERAGEIFS('RIN Daily Prices'!$F$4:$F$2925,'RIN Daily Prices'!$B$4:$B$2925,Monthly!$D94,'RIN Daily Prices'!$A$4:$A$2925,Monthly!$B94) -> 102.61842 | K94: =AVERAGEIFS('RIN Daily Prices'!$H$4:$H$2925,'RIN Daily Prices'!$B$4:$B$2925,Monthly!$D94,'RIN Daily Prices'!$A$4:$A$2925,Monthly!$B94) -> 101.14474 | L94: =AVERAGEIFS('RIN Daily Prices'!$J$4:$J$2925,'RIN Daily Prices'!$B$4:$B$2925,Monthly!$D94,'RIN Daily Prices'!$A$4:$A$2925,Monthly!$B94) -> 90.657895 | M94: =[2]Prices!$D607/2.8 -> 1.8406955 | N94: 1.531 | O94: =N94-M94 -> -0.30969549 | P94: =S94*7.6/100 -> 3.27972 | Q94: 1.578 | R94: =P94-Q94 -> 1.70172 | S94: =[4]Prices!$D615 -> 43.154211 | T94: ='[5]Monthly Prices'!$N255 -> 36.605263 | X94: 57.73 | Y94: 39.74 | Z94: 33.25 | AA94: 39.87 | AB94: 39.92 | AC94: 36.61 | AD94: 30.75
A95: 44228 | B95: =MONTH(A95) -> 2 | C95: =ROUNDUP(MONTH(A95)/3,0) -> 1 | D95: =YEAR(A95) -> 2021 | F95: =AVERAGEIFS('Daily Prices'!$F$4:$F$3000,'Daily Prices'!$G$4:$G$3000,Monthly!$B95,'Daily Prices'!$H$4:$H$3000,Monthly!$D95) -> 192.96053 | H95: 125.74 | J95: =AVERAGEIFS('RIN Daily Prices'!$F$4:$F$2925,'RIN Daily Prices'!$B$4:$B$2925,Monthly!$D95,'RIN Daily Prices'!$A$4:$A$2925,Monthly!$B95) -> 109.89474 | K95: =AVERAGEIFS('RIN Daily Prices'!$H$4:$H$2925,'RIN Daily Prices'!$B$4:$B$2925,Monthly!$D95,'RIN Daily Prices'!$A$4:$A$2925,Monthly!$B95) -> 109.39474 | L95: =AVERAGEIFS('RIN Daily Prices'!$J$4:$J$2925,'RIN Daily Prices'!$B$4:$B$2925,Monthly!$D95,'RIN Daily Prices'!$A$4:$A$2925,Monthly!$B95) -> 100.85526 | M95: =[2]Prices!$D608/2.8 -> 1.9641917 | N95: 1.739 | O95: =N95-M95 -> -0.22519173 | P95: =S95*7.6/100 -> 3.56792 | Q95: 1.785 | R95: =P95-Q95 -> 1.78292 | S95: =[4]Prices!$D616 -> 46.946316 | T95: ='[5]Monthly Prices'!$N256 -> 39 | X95: 62.68 | Y95: 43.95 | Z95: 38.24 | AA95: 43.13 | AB95: 43.5 | AC95: 39 | AD95: 34.89
A96: 44256 | B96: =MONTH(A96) -> 3 | C96: =ROUNDUP(MONTH(A96)/3,0) -> 1 | D96: =YEAR(A96) -> 2021 | F96: =AVERAGEIFS('Daily Prices'!$F$4:$F$3000,'Daily Prices'!$G$4:$G$3000,Monthly!$B96,'Daily Prices'!$H$4:$H$3000,Monthly!$D96) -> 192.99478 | H96: 125.46 | J96: =AVERAGEIFS('RIN Daily Prices'!$F$4:$F$2925,'RIN Daily Prices'!$B$4:$B$2925,Monthly!$D96,'RIN Daily Prices'!$A$4:$A$2925,Monthly!$B96) -> 138.40217 | K96: =AVERAGEIFS('RIN Daily Prices'!$H$4:$H$2925,'RIN Daily Prices'!$B$4:$B$2925,Monthly!$D96,'RIN Daily Prices'!$A$4:$A$2925,Monthly!$B96) -> 137.83696 | L96: =AVERAGEIFS('RIN Daily Prices'!$J$4:$J$2925,'RIN Daily Prices'!$B$4:$B$2925,Monthly!$D96,'RIN Daily Prices'!$A$4:$A$2925,Monthly!$B96) -> 129.13587 | M96: =[2]Prices!$D609/2.8 -> 1.9555357 | N96: 2.007 | O96: =N96-M96 -> 0.051464286 | P96: =S96*7.6/100 -> 4.05612 | Q96: 1.856 | R96: =P96-Q96 -> 2.20012 | S96: =[4]Prices!$D617 -> 53.37 | T96: ='[5]Monthly Prices'!$N257 -> 42.195652 | X96: 72.63 | Y96: 50.43 | Z96: 45.24 | AA96: 47.7 | AB96: 51.25 | AC96: 42.2 | AD96: 39.2
A97: 44287 | B97: =MONTH(A97) -> 4 | C97: =ROUNDUP(MONTH(A97)/3,0) -> 2 | D97: =YEAR(A97) -> 2021 | F97: =AVERAGEIFS('Daily Prices'!$F$4:$F$3000,'Daily Prices'!$G$4:$G$3000,Monthly!$B97,'Daily Prices'!$H$4:$H$3000,Monthly!$D97) -> 177.96429 | H97: 125.93 | J97: =AVERAGEIFS('RIN Daily Prices'!$F$4:$F$2925,'RIN Daily Prices'!$B$4:$B$2925,Monthly!$D97,'RIN Daily Prices'!$A$4:$A$2925,Monthly!$B97) -> 145.82143 | K97: =AVERAGEIFS('RIN Daily Prices'!$H$4:$H$2925,'RIN Daily Prices'!$B$4:$B$2925,Monthly!$D97,'RIN Daily Prices'!$A$4:$A$2925,Monthly!$B97) -> 145.07143 | L97: =AVERAGEIFS('RIN Daily Prices'!$J$4:$J$2925,'RIN Daily Prices'!$B$4:$B$2925,Monthly!$D97,'RIN Daily Prices'!$A$4:$A$2925,Monthly!$B97) -> 138.08333 | M97: =[2]Prices!$D610/2.8 -> 2.2002551 | N97: 2.007 | O97: =N97-M97 -> -0.1932551 | P97: =S97*7.6/100 -> 4.4259143 | Q97: 1.862 | R97: =P97-Q97 -> 2.5639143 | S97: =[4]Prices!$D618 -> 58.235714 | T97: ='[5]Monthly Prices'!$N258 -> 43.535714 | X97: 88.14 | Y97: 53.48 | Z97: 47.52 | AA97: 50.95 | AB97: 49.13 | AC97: 43.54 | AD97: 41.05
A98: 44317 | B98: =MONTH(A98) -> 5 | C98: =ROUNDUP(MONTH(A98)/3,0) -> 2 | D98: =YEAR(A98) -> 2021 | F98: =AVERAGEIFS('Daily Prices'!$F$4:$F$3000,'Daily Prices'!$G$4:$G$3000,Monthly!$B98,'Daily Prices'!$H$4:$H$3000,Monthly!$D98) -> 187.7875 | H98: 124.89 | J98: =AVERAGEIFS('RIN Daily Prices'!$F$4:$F$2925,'RIN Daily Prices'!$B$4:$B$2925,Monthly!$D98,'RIN Daily Prices'!$A$4:$A$2925,Monthly!$B98) -> 188.3125 | K98: =AVERAGEIFS('RIN Daily Prices'!$H$4:$H$2925,'RIN Daily Prices'!$B$4:$B$2925,Monthly!$D98,'RIN Daily Prices'!$A$4:$A$2925,Monthly!$B98) -> 187.5625 | L98: =AVERAGEIFS('RIN Daily Prices'!$J$4:$J$2925,'RIN Daily Prices'!$B$4:$B$2925,Monthly!$D98,'RIN Daily Prices'!$A$4:$A$2925,Monthly!$B98) -> 179.9875 | M98: =[2]Prices!$D611/2.8 -> 2.4141518 | N98: 2.126 | O98: =N98-M98 -> -0.28815179 | P98: =S98*7.6/100 -> 4.988602 | Q98: 2.021 | R98: =P98-Q98 -> 2.967602 | S98: =[4]Prices!$D619 -> 65.6395 | T98: ='[5]Monthly Prices'!$N259 -> 45.3875 | X98: 103.64 | Y98: 54.95 | Z98: 49.73 | AA98: 53.73 | AB98: 51.49 | AC98: 45.39 | AD98: 42.81
A99: 44348 | B99: =MONTH(A99) -> 6 | C99: =ROUNDUP(MONTH(A99)/3,0) -> 2 | D99: =YEAR(A99) -> 2021 | F99: =AVERAGEIFS('Daily Prices'!$F$4:$F$3000,'Daily Prices'!$G$4:$G$3000,Monthly!$B99,'Daily Prices'!$H$4:$H$3000,Monthly!$D99) -> 189.01136 | H99: 126.56 | J99: =AVERAGEIFS('RIN Daily Prices'!$F$4:$F$2925,'RIN Daily Prices'!$B$4:$B$2925,Monthly!$D99,'RIN Daily Prices'!$A$4:$A$2925,Monthly!$B99) -> 176.5 | K99: =AVERAGEIFS('RIN Daily Prices'!$H$4:$H$2925,'RIN Daily Prices'!$B$4:$B$2925,Monthly!$D99,'RIN Daily Prices'!$A$4:$A$2925,Monthly!$B99) -> 175.75 | L99: =AVERAGEIFS('RIN Daily Prices'!$J$4:$J$2925,'RIN Daily Prices'!$B$4:$B$2925,Monthly!$D99,'RIN Daily Prices'!$A$4:$A$2925,Monthly!$B99) -> 167.23864 | M99: =[2]Prices!$D612/2.8 -> 2.401461 | N99: 2.206 | O99: =N99-M99 -> -0.19546104 | P99: =S99*7.6/100 -> 4.9584818 | Q99: 2.12 | R99: =P99-Q99 -> 2.8384818 | S99: =[4]Prices!$D620 -> 65.243182 | T99: ='[5]Monthly Prices'!$N260 -> 49.284091 | X99: 99.15 | Y99: 58.41 | Z99: 53.59 | AA99: 56 | AB99: 55.42 | AC99: 49.28 | AD99: 45.03
A100: 44378 | B100: =MONTH(A100) -> 7 | C100: =ROUNDUP(MONTH(A100)/3,0) -> 3 | D100: =YEAR(A100) -> 2021 | F100: =AVERAGEIFS('Daily Prices'!$F$4:$F$3000,'Daily Prices'!$G$4:$G$3000,Monthly!$B100,'Daily Prices'!$H$4:$H$3000,Monthly!$D100) -> 179.26238 | H100: 125.02 | J100: =AVERAGEIFS('RIN Daily Prices'!$F$4:$F$2925,'RIN Daily Prices'!$B$4:$B$2925,Monthly!$D100,'RIN Daily Prices'!$A$4:$A$2925,Monthly!$B100) -> 165.60714 | K100: =AVERAGEIFS('RIN Daily Prices'!$H$4:$H$2925,'RIN Daily Prices'!$B$4:$B$2925,Monthly!$D100,'RIN Daily Prices'!$A$4:$A$2925,Monthly!$B100) -> 163.30952 | L100: =AVERAGEIFS('RIN Daily Prices'!$J$4:$J$2925,'RIN Daily Prices'!$B$4:$B$2925,Monthly!$D100,'RIN Daily Prices'!$A$4:$A$2925,Monthly!$B100) -> 150.97024 | M100: =[2]Prices!$D613/2.8 -> 1.9904337 | N100: 2.267 | O100: =N100-M100 -> 0.27656633 | P100: =S100*7.6/100 -> 4.9351505 | Q100: 2.129 | R100: =P100-Q100 -> 2.8061505 | S100: =[4]Prices!$D621 -> 64.93619 | T100: ='[5]Monthly Prices'!$N261 -> 51.952381 | X100: 96.62 | Y100: 61.76 | Z100: 57.55 | AA100: 56.5 | AB100: 59.85 | AC100: 51.95 | AD100: 46.26
A101: 44409 | B101: =MONTH(A101) -> 8 | C101: =ROUNDUP(MONTH(A101)/3,0) -> 3 | D101: =YEAR(A101) -> 2021 | F101: =AVERAGEIFS('Daily Prices'!$F$4:$F$3000,'Daily Prices'!$G$4:$G$3000,Monthly!$B101,'Daily Prices'!$H$4:$H$3000,Monthly!$D101) -> 180.51136 | H101: 125.11 | J101: =AVERAGEIFS('RIN Daily Prices'!$F$4:$F$2925,'RIN Daily Prices'!$B$4:$B$2925,Monthly!$D101,'RIN Daily Prices'!$A$4:$A$2925,Monthly!$B101) -> 171.84091 | K101: =AVERAGEIFS('RIN Daily Prices'!$H$4:$H$2925,'RIN Daily Prices'!$B$4:$B$2925,Monthly!$D101,'RIN Daily Prices'!$A$4:$A$2925,Monthly!$B101) -> 170.90909 | L101: =AVERAGEIFS('RIN Daily Prices'!$J$4:$J$2925,'RIN Daily Prices'!$B$4:$B$2925,Monthly!$D101,'RIN Daily Prices'!$A$4:$A$2925,Monthly!$B101) -> 154.97727 | M101: =[2]Prices!$D614/2.8 -> 1.9722403 | N101: 2.229 | O101: =N101-M101 -> 0.25675974 | P101: =S101*7.6/100 -> 4.6712709 | Q101: 2.071 | R101: =P101-Q101 -> 2.6002709 | S101: =[4]Prices!$D622 -> 61.464091 | T101: ='[5]Monthly Prices'!$N262 -> 56 | X101: 91.15 | Y101: 66.3 | Z101: 62.61 | AA101: 57.86 | AB101: 64.1 | AC101: 56 | AD101: 49.83
A102: 44440 | B102: =MONTH(A102) -> 9 | C102: =ROUNDUP(MONTH(A102)/3,0) -> 3 | D102: =YEAR(A102) -> 2021 | F102: =AVERAGEIFS('Daily Prices'!$F$4:$F$3000,'Daily Prices'!$G$4:$G$3000,Monthly!$B102,'Daily Prices'!$H$4:$H$3000,Monthly!$D102) -> 166.91667 | H102: 126.06 | J102: =AVERAGEIFS('RIN Daily Prices'!$F$4:$F$2925,'RIN Daily Prices'!$B$4:$B$2925,Monthly!$D102,'RIN Daily Prices'!$A$4:$A$2925,Monthly!$B102) -> 143.66667 | K102: =AVERAGEIFS('RIN Daily Prices'!$H$4:$H$2925,'RIN Daily Prices'!$B$4:$B$2925,Monthly!$D102,'RIN Daily Prices'!$A$4:$A$2925,Monthly!$B102) -> 143.10714 | L102: =AVERAGEIFS('RIN Daily Prices'!$J$4:$J$2925,'RIN Daily Prices'!$B$4:$B$2925,Monthly!$D102,'RIN Daily Prices'!$A$4:$A$2925,Monthly!$B102) -> 117.39286 | M102: =[2]Prices!$D615/2.8 -> 1.8730655 | N102: 2.164 | O102: =N102-M102 -> 0.29093452 | P102: =S102*7.6/100 -> 4.3475619 | Q102: 2.201 | R102: =P102-Q102 -> 2.1465619 | S102: =[4]Prices!$D623 -> 57.204762 | T102: ='[5]Monthly Prices'!$N263 -> 53.380952 | X102: 83.73 | Y102: 62.43 | Z102: 50.02 | AA102: 58 | AB102: 53.87 | AC102: 53.38 | AD102: 48.02
A103: 44470 | B103: =MONTH(A103) -> 10 | C103: =ROUNDUP(MONTH(A103)/3,0) -> 4 | D103: =YEAR(A103) -> 2021 | F103: =AVERAGEIFS('Daily Prices'!$F$4:$F$3000,'Daily Prices'!$G$4:$G$3000,Monthly!$B103,'Daily Prices'!$H$4:$H$3000,Monthly!$D103) -> 167.67857 | H103: 124.65 | J103: =AVERAGEIFS('RIN Daily Prices'!$F$4:$F$2925,'RIN Daily Prices'!$B$4:$B$2925,Monthly!$D103,'RIN Daily Prices'!$A$4:$A$2925,Monthly!$B103) -> 153.52381 | K103: =AVERAGEIFS('RIN Daily Prices'!$H$4:$H$2925,'RIN Daily Prices'!$B$4:$B$2925,Monthly!$D103,'RIN Daily Prices'!$A$4:$A$2925,Monthly!$B103) -> 153 | L103: =AVERAGEIFS('RIN Daily Prices'!$J$4:$J$2925,'RIN Daily Prices'!$B$4:$B$2925,Monthly!$D103,'RIN Daily Prices'!$A$4:$A$2925,Monthly!$B103) -> 127.94048 | M103: =[2]Prices!$D616/2.8 -> 1.9164966 | N103: 2.42 | O103: =N103-M103 -> 0.5035034 | P103: =S103*7.6/100 -> 4.6547105 | Q103: 2.516 | R103: =P103-Q103 -> 2.1387105 | S103: =[4]Prices!$D624 -> 61.24619 | T103: ='[5]Monthly Prices'!$N264 -> 54.452381 | X103: 86.85 | Y103: 68.19 | Z103: 51.71 | AA103: 58 | AB103: 60.9 | AC103: 54.45 | AD103: 49.8
... A124: 45108 | B124: =MONTH(A124) -> 7 | C124: =ROUNDUP(MONTH(A124)/3,0) -> 3 | D124: =YEAR(A124) -> 2023 | F124: =AVERAGEIFS('Daily Prices'!$F$4:$F$3000,'Daily Prices'!$G$4:$G$3000,Monthly!$B124,'Daily Prices'!$H$4:$H$3000,Monthly!$D124) -> 73.2625 | H124: 137.93 | J124: =AVERAGEIFS('RIN Daily Prices'!$F$4:$F$2925,'RIN Daily Prices'!$B$4:$B$2925,Monthly!$D124,'RIN Daily Prices'!$A$4:$A$2925,Monthly!$B124) -> 155.6375 | K124: =AVERAGEIFS('RIN Daily Prices'!$H$4:$H$2925,'RIN Daily Prices'!$B$4:$B$2925,Monthly!$D124,'RIN Daily Prices'!$A$4:$A$2925,Monthly!$B124) -> 154.5375 | L124: =AVERAGEIFS('RIN Daily Prices'!$J$4:$J$2925,'RIN Daily Prices'!$B$4:$B$2925,Monthly!$D124,'RIN Daily Prices'!$A$4:$A$2925,Monthly!$B124) -> 155.025 | M124: =[2]Prices!$D637/2.8 -> 1.8496849 | N124: 2.719 | O124: =N124-M124 -> 0.86931513 | P124: =S124*7.6/100 -> 5.04564 | Q124: 2.666 | R124: =P124-Q124 -> 2.37964 | S124: =[4]Prices!$D645 -> 66.39 | T124: ='[5]Monthly Prices'!$N285 -> 52.05 | X124: 87.39 | Y124: 65.7 | Z124: 59.16 | AA124: 59.75 | AB124: 67.14 | AC124: 52.05 | AD124: 46.13
A125: 45139 | B125: =MONTH(A125) -> 8 | C125: =ROUNDUP(MONTH(A125)/3,0) -> 3 | D125: =YEAR(A125) -> 2023 | E125: =AVERAGEIFS('Daily Prices'!$B$4:$B$3000,'Daily Prices'!$C$4:$C$3000,Monthly!$B125,'Daily Prices'!$D$4:$D$3000,Monthly!$D125) -> 159.93333 | F125: =AVERAGEIFS('Daily Prices'!$F$4:$F$3000,'Daily Prices'!$G$4:$G$3000,Monthly!$B125,'Daily Prices'!$H$4:$H$3000,Monthly!$D125) -> 78.184783 | G125: 106.66 | H125: 137.33 | I125: =AVERAGEIFS('RIN Daily Prices'!$D$4:$D$2925,'RIN Daily Prices'!$B$4:$B$2925,Monthly!$D125,'RIN Daily Prices'!$A$4:$A$2925,Monthly!$B125) -> 294.6 | J125: =AVERAGEIFS('RIN Daily Prices'!$F$4:$F$2925,'RIN Daily Prices'!$B$4:$B$2925,Monthly!$D125,'RIN Daily Prices'!$A$4:$A$2925,Monthly!$B125) -> 145.03261 | K125: =AVERAGEIFS('RIN Daily Prices'!$H$4:$H$2925,'RIN Daily Prices'!$B$4:$B$2925,Monthly!$D125,'RIN Daily Prices'!$A$4:$A$2925,Monthly!$B125) -> 144.07609 | L125: =AVERAGEIFS('RIN Daily Prices'!$J$4:$J$2925,'RIN Daily Prices'!$B$4:$B$2925,Monthly!$D125,'RIN Daily Prices'!$A$4:$A$2925,Monthly!$B125) -> 144.52174 | M125: =[2]Prices!$D638/2.8 -> 1.6994565 | N125: 2.829 | O125: =N125-M125 -> 1.1295435 | P125: =S125*7.6/100 -> 4.9861617 | Q125: 3.115 | R125: =P125-Q125 -> 1.8711617 | S125: =[4]Prices!$D646 -> 65.607391 | T125: ='[5]Monthly Prices'!$N286 -> 53 | X125: 84.65 | Y125: 68.3 | Z125: 64.02 | AA125: 60.5 | AB125: 68.26 | AC125: 53 | AD125: 47
A126: 45170 | B126: =MONTH(A126) -> 9 | C126: =ROUNDUP(MONTH(A126)/3,0) -> 3 | D126: =YEAR(A126) -> 2023 | E126: =AVERAGEIFS('Daily Prices'!$B$4:$B$3000,'Daily Prices'!$C$4:$C$3000,Monthly!$B126,'Daily Prices'!$D$4:$D$3000,Monthly!$D126) -> 163.725 | F126: =AVERAGEIFS('Daily Prices'!$F$4:$F$3000,'Daily Prices'!$G$4:$G$3000,Monthly!$B126,'Daily Prices'!$H$4:$H$3000,Monthly!$D126) -> 72.05 | G126: 96.26 | H126: 141.94 | I126: =AVERAGEIFS('RIN Daily Prices'!$D$4:$D$2925,'RIN Daily Prices'!$B$4:$B$2925,Monthly!$D126,'RIN Daily Prices'!$A$4:$A$2925,Monthly!$B126) -> 295.425 | J126: =AVERAGEIFS('RIN Daily Prices'!$F$4:$F$2925,'RIN Daily Prices'!$B$4:$B$2925,Monthly!$D126,'RIN Daily Prices'!$A$4:$A$2925,Monthly!$B126) -> 119.4 | K126: =AVERAGEIFS('RIN Daily Prices'!$H$4:$H$2925,'RIN Daily Prices'!$B$4:$B$2925,Monthly!$D126,'RIN Daily Prices'!$A$4:$A$2925,Monthly!$B126) -> 118.4 | L126: =AVERAGEIFS('RIN Daily Prices'!$J$4:$J$2925,'RIN Daily Prices'!$B$4:$B$2925,Monthly!$D126,'RIN Daily Prices'!$A$4:$A$2925,Monthly!$B126) -> 118.425 | M126: =[2]Prices!$D639/2.8 -> 1.7172321 | N126: 2.625 | O126: =N126-M126 -> 0.90776786 | P126: =S126*7.6/100 -> 4.660054 | Q126: 3.308 | R126: =P126-Q126 -> 1.352054 | S126: =[4]Prices!$D647 -> 61.3165 | T126: ='[5]Monthly Prices'!$N287 -> 54.275 | X126: 78.46 | Y126: 68.95 | Z126: 65.24 | AA126: 60.5 | AB126: 66.44 | AC126: 54.28 | AD126: 48.6
A127: 45200 | B127: =MONTH(A127) -> 10 | C127: =ROUNDUP(MONTH(A127)/3,0) -> 4 | D127: =YEAR(A127) -> 2023 | E127: =AVERAGEIFS('Daily Prices'!$B$4:$B$3000,'Daily Prices'!$C$4:$C$3000,Monthly!$B127,'Daily Prices'!$D$4:$D$3000,Monthly!$D127) -> 149.10227 | F127: =AVERAGEIFS('Daily Prices'!$F$4:$F$3000,'Daily Prices'!$G$4:$G$3000,Monthly!$B127,'Daily Prices'!$H$4:$H$3000,Monthly!$D127) -> 70.227273 | G127: 98.12 | H127: 143.93 | I127: =AVERAGEIFS('RIN Daily Prices'!$D$4:$D$2925,'RIN Daily Prices'!$B$4:$B$2925,Monthly!$D127,'RIN Daily Prices'!$A$4:$A$2925,Monthly!$B127) -> 332.92045 | J127: =AVERAGEIFS('RIN Daily Prices'!$F$4:$F$2925,'RIN Daily Prices'!$B$4:$B$2925,Monthly!$D127,'RIN Daily Prices'!$A$4:$A$2925,Monthly!$B127) -> 88.602273 | K127: =AVERAGEIFS('RIN Daily Prices'!$H$4:$H$2925,'RIN Daily Prices'!$B$4:$B$2925,Monthly!$D127,'RIN Daily Prices'!$A$4:$A$2925,Monthly!$B127) -> 87.772727 | L127: =AVERAGEIFS('RIN Daily Prices'!$J$4:$J$2925,'RIN Daily Prices'!$B$4:$B$2925,Monthly!$D127,'RIN Daily Prices'!$A$4:$A$2925,Monthly!$B127) -> 88.068182 | M127: =[2]Prices!$D640/2.8 -> 1.7443994 | N127: 2.274 | O127: =N127-M127 -> 0.52960065 | P127: =S127*7.6/100 -> 4.0939818 | Q127: 3.067 | R127: =P127-Q127 -> 1.0269818 | S127: =[4]Prices!$D648 -> 53.868182 | T127: ='[5]Monthly Prices'!$N288 -> 51.227273 | X127: 70.66 | Y127: 59.43 | Z127: 53.55 | AA127: 57.02 | AB127: 58.68 | AC127: 51.23 | AD127: 46.8
A128: 45231 | B128: =MONTH(A128) -> 11 | C128: =ROUNDUP(MONTH(A128)/3,0) -> 4 | D128: =YEAR(A128) -> 2023 | E128: =AVERAGEIFS('Daily Prices'!$B$4:$B$3000,'Daily Prices'!$C$4:$C$3000,Monthly!$B128,'Daily Prices'!$D$4:$D$3000,Monthly!$D128) -> 105.7 | F128: =AVERAGEIFS('Daily Prices'!$F$4:$F$3000,'Daily Prices'!$G$4:$G$3000,Monthly!$B128,'Daily Prices'!$H$4:$H$3000,Monthly!$D128) -> 67.6125 | H128: 129.97 | I128: =AVERAGEIFS('RIN Daily Prices'!$D$4:$D$2925,'RIN Daily Prices'!$B$4:$B$2925,Monthly!$D128,'RIN Daily Prices'!$A$4:$A$2925,Monthly!$B128) -> 345.325 | J128: =AVERAGEIFS('RIN Daily Prices'!$F$4:$F$2925,'RIN Daily Prices'!$B$4:$B$2925,Monthly!$D128,'RIN Daily Prices'!$A$4:$A$2925,Monthly!$B128) -> 82.9125 | K128: =AVERAGEIFS('RIN Daily Prices'!$H$4:$H$2925,'RIN Daily Prices'!$B$4:$B$2925,Monthly!$D128,'RIN Daily Prices'!$A$4:$A$2925,Monthly!$B128) -> 82.0125 | L128: =AVERAGEIFS('RIN Daily Prices'!$J$4:$J$2925,'RIN Daily Prices'!$B$4:$B$2925,Monthly!$D128,'RIN Daily Prices'!$A$4:$A$2925,Monthly!$B128) -> 82.8875 | M128: =[2]Prices!$D641/2.8 -> 1.7351616 | N128: 2.201 | O128: =N128-M128 -> 0.46583844 | P128: =S128*7.6/100 -> 3.9270286 | Q128: 2.855 | R128: =P128-Q128 -> 1.0720286 | S128: =[4]Prices!$D649 -> 51.671429 | T128: ='[5]Monthly Prices'!$N289 -> 39 | X128: 67.1 | Y128: 50.88 | Z128: 43.5 | AA128: 48.75 | AB128: 53.65 | AC128: 39 | AD128: 37.23
A129: 45261 | B129: =MONTH(A129) -> 12 | C129: =ROUNDUP(MONTH(A129)/3,0) -> 4 | D129: =YEAR(A129) -> 2023 | E129: =AVERAGEIFS('Daily Prices'!$B$4:$B$3000,'Daily Prices'!$C$4:$C$3000,Monthly!$B129,'Daily Prices'!$D$4:$D$3000,Monthly!$D129) -> 93.925 | F129: =AVERAGEIFS('Daily Prices'!$F$4:$F$3000,'Daily Prices'!$G$4:$G$3000,Monthly!$B129,'Daily Prices'!$H$4:$H$3000,Monthly!$D129) -> 70.925 | G129: 74.06 | H129: 137.96 | I129: =AVERAGEIFS('RIN Daily Prices'!$D$4:$D$2925,'RIN Daily Prices'!$B$4:$B$2925,Monthly!$D129,'RIN Daily Prices'!$A$4:$A$2925,Monthly!$B129) -> 309.1625 | J129: =AVERAGEIFS('RIN Daily Prices'!$F$4:$F$2925,'RIN Daily Prices'!$B$4:$B$2925,Monthly!$D129,'RIN Daily Prices'!$A$4:$A$2925,Monthly!$B129) -> 81.23125 | K129: =AVERAGEIFS('RIN Daily Prices'!$H$4:$H$2925,'RIN Daily Prices'!$B$4:$B$2925,Monthly!$D129,'RIN Daily Prices'!$A$4:$A$2925,Monthly!$B129) -> 80.55625 | L129: =AVERAGEIFS('RIN Daily Prices'!$J$4:$J$2925,'RIN Daily Prices'!$B$4:$B$2925,Monthly!$D129,'RIN Daily Prices'!$A$4:$A$2925,Monthly!$B129) -> 81.15625 | M129: =[2]Prices!$D642/2.8 -> 1.7132589 | N129: 2.105 | O129: =N129-M129 -> 0.39174107 | P129: =S129*7.6/100 -> 3.782748 | Q129: 2.62 | R129: =P129-Q129 -> 1.162748 | S129: =[4]Prices!$D650 -> 49.773 | T129: ='[5]Monthly Prices'!$N290 -> 35.7625 | X129: 64.91 | Y129: 45.05 | Z129: 35.7 | AA129: 47.23 | AB129: 48.63 | AC129: 35.76 | AD129: 34.4
A130: 45292 | B130: =MONTH(A130) -> 1 | C130: =ROUNDUP(MONTH(A130)/3,0) -> 1 | D130: =YEAR(A130) -> 2024 | E130: =AVERAGEIFS('Daily Prices'!$B$4:$B$3000,'Daily Prices'!$C$4:$C$3000,Monthly!$B130,'Daily Prices'!$D$4:$D$3000,Monthly!$D130) -> 86.607143 | F130: =AVERAGEIFS('Daily Prices'!$F$4:$F$3000,'Daily Prices'!$G$4:$G$3000,Monthly!$B130,'Daily Prices'!$H$4:$H$3000,Monthly!$D130) -> 62.815714 | G130: 79.85 | H130: 118.99 | I130: =AVERAGEIFS('RIN Daily Prices'!$D$4:$D$2925,'RIN Daily Prices'!$B$4:$B$2925,Monthly!$D130,'RIN Daily Prices'!$A$4:$A$2925,Monthly!$B130) -> 314.57143 | J130: =AVERAGEIFS('RIN Daily Prices'!$F$4:$F$2925,'RIN Daily Prices'!$B$4:$B$2925,Monthly!$D130,'RIN Daily Prices'!$A$4:$A$2925,Monthly!$B130) -> 72.583333 | K130: =AVERAGEIFS('RIN Daily Prices'!$H$4:$H$2925,'RIN Daily Prices'!$B$4:$B$2925,Monthly!$D130,'RIN Daily Prices'!$A$4:$A$2925,Monthly!$B130) -> 71.511905 | L130: =AVERAGEIFS('RIN Daily Prices'!$J$4:$J$2925,'RIN Daily Prices'!$B$4:$B$2925,Monthly!$D130,'RIN Daily Prices'!$A$4:$A$2925,Monthly!$B130) -> 71.666667 | M130: =[2]Prices!$D643/2.8 -> 1.613733 | N130: 2.16 | O130: =N130-M130 -> 0.54626701 | P130: =S130*7.6/100 -> 3.6130762 | Q130: 2.682 | R130: =P130-Q130 -> 0.93107619 | S130: =[4]Prices!$D651 -> 47.540476 | T130: ='[5]Monthly Prices'!$N291 -> 33.011905 | X130: 60.56 | Y130: 41.43 | Z130: 33 | AA130: 45.79 | AB130: 45.64 | AC130: 33.01 | AD130: 31
A131: 45323 | B131: =MONTH(A131) -> 2 | C131: =ROUNDUP(MONTH(A131)/3,0) -> 1 | D131: =YEAR(A131) -> 2024 | E131: =AVERAGEIFS('Daily Prices'!$B$4:$B$3000,'Daily Prices'!$C$4:$C$3000,Monthly!$B131,'Daily Prices'!$D$4:$D$3000,Monthly!$D131) -> 82.7875 | F131: =AVERAGEIFS('Daily Prices'!$F$4:$F$3000,'Daily Prices'!$G$4:$G$3000,Monthly!$B131,'Daily Prices'!$H$4:$H$3000,Monthly!$D131) -> 62.6125 | G131: 89.89 | H131: 132.03 | I131: =AVERAGEIFS('RIN Daily Prices'!$D$4:$D$2925,'RIN Daily Prices'!$B$4:$B$2925,Monthly!$D131,'RIN Daily Prices'!$A$4:$A$2925,Monthly!$B131) -> 295.15 | J131: =AVERAGEIFS('RIN Daily Prices'!$F$4:$F$2925,'RIN Daily Prices'!$B$4:$B$2925,Monthly!$D131,'RIN Daily Prices'!$A$4:$A$2925,Monthly!$B131) -> 47.9875 | K131: =AVERAGEIFS('RIN Daily Prices'!$H$4:$H$2925,'RIN Daily Prices'!$B$4:$B$2925,Monthly!$D131,'RIN Daily Prices'!$A$4:$A$2925,Monthly!$B131) -> 47.25 | L131: =AVERAGEIFS('RIN Daily Prices'!$J$4:$J$2925,'RIN Daily Prices'!$B$4:$B$2925,Monthly!$D131,'RIN Daily Prices'!$A$4:$A$2925,Monthly!$B131) -> 47.35 | M131: =[2]Prices!$D644/2.8 -> 1.5120536 | N131: 2.292 | O131: =N131-M131 -> 0.77994643 | P131: =S131*7.6/100 -> 3.46864 | Q131: 2.775 | R131: =P131-Q131 -> 0.69364 | S131: =[4]Prices!$D652 -> 45.64 | T131: ='[6]Used Cooking Oil Complex'!$AF202 -> 32.25 | X131: 57.37 | Y131: 40.6 | Z131: 33.53 | AA131: 45.5 | AB131: 43.63 | AC131: 32.68 | AD131: 30
A132: 45352 | B132: =MONTH(A132) -> 3 | C132: =ROUNDUP(MONTH(A132)/3,0) -> 1 | D132: =YEAR(A132) -> 2024 | E132: =AVERAGEIFS('Daily Prices'!$B$4:$B$3000,'Daily Prices'!$C$4:$C$3000,Monthly!$B132,'Daily Prices'!$D$4:$D$3000,Monthly!$D132) -> 70.3 | F132: =AVERAGEIFS('Daily Prices'!$F$4:$F$3000,'Daily Prices'!$G$4:$G$3000,Monthly!$B132,'Daily Prices'!$H$4:$H$3000,Monthly!$D132) -> 67.025 | G132: 55.53 | H132: 97.88 | I132: =AVERAGEIFS('RIN Daily Prices'!$D$4:$D$2925,'RIN Daily Prices'!$B$4:$B$2925,Monthly!$D132,'RIN Daily Prices'!$A$4:$A$2925,Monthly!$B132) -> 398.775 | J132: =AVERAGEIFS('RIN Daily Prices'!$F$4:$F$2925,'RIN Daily Prices'!$B$4:$B$2925,Monthly!$D132,'RIN Daily Prices'!$A$4:$A$2925,Monthly!$B132) -> 52.475 | K132: =AVERAGEIFS('RIN Daily Prices'!$H$4:$H$2925,'RIN Daily Prices'!$B$4:$B$2925,Monthly!$D132,'RIN Daily Prices'!$A$4:$A$2925,Monthly!$B132) -> 51.5375 | L132: =AVERAGEIFS('RIN Daily Prices'!$J$4:$J$2925,'RIN Daily Prices'!$B$4:$B$2925,Monthly!$D132,'RIN Daily Prices'!$A$4:$A$2925,Monthly!$B132) -> 51.9125 | M132: =[2]Prices!$D645/2.8 -> 1.5564732 | N132: 2.662 | O132: =N132-M132 -> 1.1055268 | P132: =S132*7.6/100 -> 3.607644 | Q132: 2.672 | R132: =P132-Q132 -> 0.935644 | S132: =[4]Prices!$D653 -> 47.469 | T132: ='[6]Used Cooking Oil Complex'!$AF203 -> 32.25 | X132: 58.49 | Y132: 41.65 | Z132: 35.61 | AA132: 45.5 | AB132: 42.71 | AC132: 32 | AD132: 30
A133: 45383 | B133: =MONTH(A133) -> 4 | C133: =ROUNDUP(MONTH(A133)/3,0) -> 2 | D133: =YEAR(A133) -> 2024 | E133: =AVERAGEIFS('Daily Prices'!$B$4:$B$3000,'Daily Prices'!$C$4:$C$3000,Monthly!$B133,'Daily Prices'!$D$4:$D$3000,Monthly!$D133) -> 67.897727 | F133: =AVERAGEIFS('Daily Prices'!$F$4:$F$3000,'Daily Prices'!$G$4:$G$3000,Monthly!$B133,'Daily Prices'!$H$4:$H$3000,Monthly!$D133) -> 61.909091 | G133: 61.85 | H133: 117.37 | I133: =AVERAGEIFS('RIN Daily Prices'!$D$4:$D$2925,'RIN Daily Prices'!$B$4:$B$2925,Monthly!$D133,'RIN Daily Prices'!$A$4:$A$2925,Monthly!$B133) -> 327.82955 | J133: =AVERAGEIFS('RIN Daily Prices'!$F$4:$F$2925,'RIN Daily Prices'!$B$4:$B$2925,Monthly!$D133,'RIN Daily Prices'!$A$4:$A$2925,Monthly!$B133) -> 48.477273 | K133: =AVERAGEIFS('RIN Daily Prices'!$H$4:$H$2925,'RIN Daily Prices'!$B$4:$B$2925,Monthly!$D133,'RIN Daily Prices'!$A$4:$A$2925,Monthly!$B133) -> 47.659091 | L133: =AVERAGEIFS('RIN Daily Prices'!$J$4:$J$2925,'RIN Daily Prices'!$B$4:$B$2925,Monthly!$D133,'RIN Daily Prices'!$A$4:$A$2925,Monthly!$B133) -> 48.272727 | M133: =[2]Prices!$D646/2.8 -> 1.5522321 | N133: 2.763 | O133: =N133-M133 -> 1.2107679 | P133: =S133*7.6/100 -> 3.51044 | Q133: 2.717 | R133: =P133-Q133 -> 0.79344 | S133: =[4]Prices!$D654 -> 46.19 | T133: ='[6]Used Cooking Oil Complex'!$AF204 -> 34.215909 | X133: 56.97 | Y133: 41.73 | Z133: 38.2 | AA133: 45 | AB133: 41.3 | AC133: 32.23 | AD133: 30.23
A134: 45413 | B134: =MONTH(A134) -> 5 | C134: =ROUNDUP(MONTH(A134)/3,0) -> 2 | D134: =YEAR(A134) -> 2024 | E134: =AVERAGEIFS('Daily Prices'!$B$4:$B$3000,'Daily Prices'!$C$4:$C$3000,Monthly!$B134,'Daily Prices'!$D$4:$D$3000,Monthly!$D134) -> 60.215909 | F134: =AVERAGEIFS('Daily Prices'!$F$4:$F$3000,'Daily Prices'!$G$4:$G$3000,Monthly!$B134,'Daily Prices'!$H$4:$H$3000,Monthly!$D134) -> 48.477273 | G134: 59.33 | H134: 56.3 | I134: =AVERAGEIFS('RIN Daily Prices'!$D$4:$D$2925,'RIN Daily Prices'!$B$4:$B$2925,Monthly!$D134,'RIN Daily Prices'!$A$4:$A$2925,Monthly!$B134) -> 316.89773 | J134: =AVERAGEIFS('RIN Daily Prices'!$F$4:$F$2925,'RIN Daily Prices'!$B$4:$B$2925,Monthly!$D134,'RIN Daily Prices'!$A$4:$A$2925,Monthly!$B134) -> 49.738636 | K134: =AVERAGEIFS('RIN Daily Prices'!$H$4:$H$2925,'RIN Daily Prices'!$B$4:$B$2925,Monthly!$D134,'RIN Daily Prices'!$A$4:$A$2925,Monthly!$B134) -> 48.897727 | L134: =AVERAGEIFS('RIN Daily Prices'!$J$4:$J$2925,'RIN Daily Prices'!$B$4:$B$2925,Monthly!$D134,'RIN Daily Prices'!$A$4:$A$2925,Monthly!$B134) -> 49.579545 | M134: =[2]Prices!$D647/2.8 -> 1.6436282 | P134: =S134*7.6/100 -> 3.3905327 | S134: =[4]Prices!$D655 -> 44.612273 | T134: ='[6]Used Cooking Oil Complex'!$AF205 -> 36 | X134: 54.82 | Y134: 41.8 | Z134: 39.03 | AA134: 44.5 | AB134: 40.95 | AC134: 32.68 | AD134: 29.5
A135: 45444 | B135: =MONTH(A135) -> 6 | C135: =ROUNDUP(MONTH(A135)/3,0) -> 2 | D135: =YEAR(A135) -> 2024 | E135: =AVERAGEIFS('Daily Prices'!$B$4:$B$3000,'Daily Prices'!$C$4:$C$3000,Monthly!$B135,'Daily Prices'!$D$4:$D$3000,Monthly!$D135) -> 39.947368 | F135: =AVERAGEIFS('Daily Prices'!$F$4:$F$3000,'Daily Prices'!$G$4:$G$3000,Monthly!$B135,'Daily Prices'!$H$4:$H$3000,Monthly!$D135) -> 44.704211 | G135: 40.78 | H135: 71.22 | I135: =AVERAGEIFS('RIN Daily Prices'!$D$4:$D$2925,'RIN Daily Prices'!$B$4:$B$2925,Monthly!$D135,'RIN Daily Prices'!$A$4:$A$2925,Monthly!$B135) -> 312.07895 | J135: =AVERAGEIFS('RIN Daily Prices'!$F$4:$F$2925,'RIN Daily Prices'!$B$4:$B$2925,Monthly!$D135,'RIN Daily Prices'!$A$4:$A$2925,Monthly!$B135) -> 55.157895 | K135: =AVERAGEIFS('RIN Daily Prices'!$H$4:$H$2925,'RIN Daily Prices'!$B$4:$B$2925,Monthly!$D135,'RIN Daily Prices'!$A$4:$A$2925,Monthly!$B135) -> 54.25 | L135: =AVERAGEIFS('RIN Daily Prices'!$J$4:$J$2925,'RIN Daily Prices'!$B$4:$B$2925,Monthly!$D135,'RIN Daily Prices'!$A$4:$A$2925,Monthly!$B135) -> 55.006842 | M135: =[2]Prices!$D648/2.8 -> 1.5692669 | P135: =S135*7.6/100 -> 3.32172 | S135: =[4]Prices!$D656 -> 43.706842 | T135: ='[6]Used Cooking Oil Complex'!$AF206 -> 37.763158 | X135: 54.21 | Y135: 47.21 | Z135: 42.86 | AA135: 44.5 | AB135: 44.61 | AC135: 33 | AD135: 29.5
A136: 45474 | B136: =MONTH(A136) -> 7 | C136: =ROUNDUP(MONTH(A136)/3,0) -> 3 | D136: =YEAR(A136) -> 2024 | E136: =AVERAGEIFS('Daily Prices'!$B$4:$B$3000,'Daily Prices'!$C$4:$C$3000,Monthly!$B136,'Daily Prices'!$D$4:$D$3000,Monthly!$D136) -> 26.863636 | F136: =AVERAGEIFS('Daily Prices'!$F$4:$F$3000,'Daily Prices'!$G$4:$G$3000,Monthly!$B136,'Daily Prices'!$H$4:$H$3000,Monthly!$D136) -> 47.181818 | G136: 32.21 | H136: 50.78 | I136: =AVERAGEIFS('RIN Daily Prices'!$D$4:$D$2925,'RIN Daily Prices'!$B$4:$B$2925,Monthly!$D136,'RIN Daily Prices'!$A$4:$A$2925,Monthly!$B136) -> 328.76136 | J136: =AVERAGEIFS('RIN Daily Prices'!$F$4:$F$2925,'RIN Daily Prices'!$B$4:$B$2925,Monthly!$D136,'RIN Daily Prices'!$A$4:$A$2925,Monthly!$B136) -> 64.045909 | K136: =AVERAGEIFS('RIN Daily Prices'!$H$4:$H$2925,'RIN Daily Prices'!$B$4:$B$2925,Monthly!$D136,'RIN Daily Prices'!$A$4:$A$2925,Monthly!$B136) -> 63.352273 | L136: =AVERAGEIFS('RIN Daily Prices'!$J$4:$J$2925,'RIN Daily Prices'!$B$4:$B$2925,Monthly!$D136,'RIN Daily Prices'!$A$4:$A$2925,Monthly!$B136) -> 64.000455 | M136: =[2]Prices!$D649/2.8 -> 1.4275298 | P136: =S136*7.6/100 -> 3.5160018 | S136: =[4]Prices!$D657 -> 46.263182 | T136: ='[6]Used Cooking Oil Complex'!$AF207 -> 40.5 | X136: 58.2 | Y136: 51 | Z136: 45.27 | AA136: 44.5 | AB136: 47.11 | AC136: 33.98 | AD136: 29.86
A137: 45505 | B137: =MONTH(A137) -> 8 | C137: =ROUNDUP(MONTH(A137)/3,0) -> 3 | D137: =YEAR(A137) -> 2024 | E137: =AVERAGEIFS('Daily Prices'!$B$4:$B$3000,'Daily Prices'!$C$4:$C$3000,Monthly!$B137,'Daily Prices'!$D$4:$D$3000,Monthly!$D137) -> 29.454545 | F137: =AVERAGEIFS('Daily Prices'!$F$4:$F$3000,'Daily Prices'!$G$4:$G$3000,Monthly!$B137,'Daily Prices'!$H$4:$H$3000,Monthly!$D137) -> 52.659091 | G137: 34.1 | H137: 95.57 | I137: =AVERAGEIFS('RIN Daily Prices'!$D$4:$D$2925,'RIN Daily Prices'!$B$4:$B$2925,Monthly!$D137,'RIN Daily Prices'!$A$4:$A$2925,Monthly!$B137) -> 336.20455 | J137: =AVERAGEIFS('RIN Daily Prices'!$F$4:$F$2925,'RIN Daily Prices'!$B$4:$B$2925,Monthly!$D137,'RIN Daily Prices'!$A$4:$A$2925,Monthly!$B137) -> 56.591818 | K137: =AVERAGEIFS('RIN Daily Prices'!$H$4:$H$2925,'RIN Daily Prices'!$B$4:$B$2925,Monthly!$D137,'RIN Daily Prices'!$A$4:$A$2925,Monthly!$B137) -> 55.926364 | L137: =AVERAGEIFS('RIN Daily Prices'!$J$4:$J$2925,'RIN Daily Prices'!$B$4:$B$2925,Monthly!$D137,'RIN Daily Prices'!$A$4:$A$2925,Monthly!$B137) -> 56.545909 | M137: =[2]Prices!$D650/2.8 -> 1.3500992 | P137: =S137*7.6/100 -> 3.1401818 | S137: =[4]Prices!$D658 -> 41.318182 | T137: ='[6]Used Cooking Oil Complex'!$AF208 -> 37.704545 | X137: 53.89 | Y137: 46.76 | Z137: 44.31 | AA137: 44.5 | AB137: 43.1 | AC137: 35.41 | AD137: 31.5
A138: 45536 | B138: =MONTH(A138) -> 9 | C138: =ROUNDUP(MONTH(A138)/3,0) -> 3 | D138: =YEAR(A138) -> 2024 | E138: =AVERAGEIFS('Daily Prices'!$B$4:$B$3000,'Daily Prices'!$C$4:$C$3000,Monthly!$B138,'Daily Prices'!$D$4:$D$3000,Monthly!$D138) -> 30.9 | F138: =AVERAGEIFS('Daily Prices'!$F$4:$F$3000,'Daily Prices'!$G$4:$G$3000,Monthly!$B138,'Daily Prices'!$H$4:$H$3000,Monthly!$D138) -> 60.694 | G138: 39.14 | H138: 29.05 | I138: =AVERAGEIFS('RIN Daily Prices'!$D$4:$D$2925,'RIN Daily Prices'!$B$4:$B$2925,Monthly!$D138,'RIN Daily Prices'!$A$4:$A$2925,Monthly!$B138) -> 339.619 | J138: =AVERAGEIFS('RIN Daily Prices'!$F$4:$F$2925,'RIN Daily Prices'!$B$4:$B$2925,Monthly!$D138,'RIN Daily Prices'!$A$4:$A$2925,Monthly!$B138) -> 60.4125 | K138: =AVERAGEIFS('RIN Daily Prices'!$H$4:$H$2925,'RIN Daily Prices'!$B$4:$B$2925,Monthly!$D138,'RIN Daily Prices'!$A$4:$A$2925,Monthly!$B138) -> 59.9 | L138: =AVERAGEIFS('RIN Daily Prices'!$J$4:$J$2925,'RIN Daily Prices'!$B$4:$B$2925,Monthly!$D138,'RIN Daily Prices'!$A$4:$A$2925,Monthly!$B138) -> 60.3405 | M138: =[2]Prices!$D651/2.8 -> 1.466875 | P138: =S138*7.6/100 -> 3.153468 | S138: =[4]Prices!$D659 -> 41.493 | T138: ='[6]Used Cooking Oil Complex'!$AF209 -> 36 | X138: 53.47 | Y138: 45.75 | Z138: 43.54 | AA138: 44.98 | AB138: 42.22 | AC138: 42 | AD138: 37.03
A139: 45566 | B139: =MONTH(A139) -> 10 | C139: =ROUNDUP(MONTH(A139)/3,0) -> 4 | D139: =YEAR(A139) -> 2024 | E139: =AVERAGEIFS('Daily Prices'!$B$4:$B$3000,'Daily Prices'!$C$4:$C$3000,Monthly!$B139,'Daily Prices'!$D$4:$D$3000,Monthly!$D139) -> 37.978261 | F139: =AVERAGEIFS('Daily Prices'!$F$4:$F$3000,'Daily Prices'!$G$4:$G$3000,Monthly!$B139,'Daily Prices'!$H$4:$H$3000,Monthly!$D139) -> 66.565217 | G139: 36.98 | H139: 48.49 | I139: =AVERAGEIFS('RIN Daily Prices'!$D$4:$D$2925,'RIN Daily Prices'!$B$4:$B$2925,Monthly!$D139,'RIN Daily Prices'!$A$4:$A$2925,Monthly!$B139) -> 326.47826 | J139: =AVERAGEIFS('RIN Daily Prices'!$F$4:$F$2925,'RIN Daily Prices'!$B$4:$B$2925,Monthly!$D139,'RIN Daily Prices'!$A$4:$A$2925,Monthly!$B139) -> 69.870435 | K139: =AVERAGEIFS('RIN Daily Prices'!$H$4:$H$2925,'RIN Daily Prices'!$B$4:$B$2925,Monthly!$D139,'RIN Daily Prices'!$A$4:$A$2925,Monthly!$B139) -> 69.201739 | L139: =AVERAGEIFS('RIN Daily Prices'!$J$4:$J$2925,'RIN Daily Prices'!$B$4:$B$2925,Monthly!$D139,'RIN Daily Prices'!$A$4:$A$2925,Monthly!$B139) -> 69.833043 | M139: =[2]Prices!$D652/2.8 -> 1.4861413 | P139: =S139*7.6/100 -> 3.2901061 | S139: =[4]Prices!$D660 -> 43.29087 | T139: ='[6]Used Cooking Oil Complex'!$AG198 -> 37.173913 | X139: 54.18 | Y139: 44.59 | Z139: 43.03 | AA139: 44.83 | AB139: 43.31 | AC139: 42.5 | AD139: 39
A140: 45597 | B140: =MONTH(A140) -> 11 | C140: =ROUNDUP(MONTH(A140)/3,0) -> 4 | D140: =YEAR(A140) -> 2024 | E140: =AVERAGEIFS('Daily Prices'!$B$4:$B$4000,'Daily Prices'!$C$4:$C$4000,Monthly!$B140,'Daily Prices'!$D$4:$D$4000,Monthly!$D140) -> 41.8375 | F140: =AVERAGEIFS('Daily Prices'!$F$4:$F$4000,'Daily Prices'!$G$4:$G$4000,Monthly!$B140,'Daily Prices'!$H$4:$H$4000,Monthly!$D140) -> 73.9005 | G140: 23.88 | H140: 75.03 | I140: =AVERAGEIFS('RIN Daily Prices'!$D$4:$D$2925,'RIN Daily Prices'!$B$4:$B$2925,Monthly!$D140,'RIN Daily Prices'!$A$4:$A$2925,Monthly!$B140) -> 274.9375 | J140: =AVERAGEIFS('RIN Daily Prices'!$F$4:$F$2925,'RIN Daily Prices'!$B$4:$B$2925,Monthly!$D140,'RIN Daily Prices'!$A$4:$A$2925,Monthly!$B140) -> 68.288 | K140: =AVERAGEIFS('RIN Daily Prices'!$H$4:$H$2925,'RIN Daily Prices'!$B$4:$B$2925,Monthly!$D140,'RIN Daily Prices'!$A$4:$A$2925,Monthly!$B140) -> 67.075 | L140: =AVERAGEIFS('RIN Daily Prices'!$J$4:$J$2925,'RIN Daily Prices'!$B$4:$B$2925,Monthly!$D140,'RIN Daily Prices'!$A$4:$A$2925,Monthly!$B140) -> 67.763 | M140: =[2]Prices!$D653/2.8 -> 1.5151339 | P140: =S140*7.6/100 -> 3.394806 | S140: =[4]Prices!$D661 -> 44.6685 | T140: ='[6]Used Cooking Oil Complex'!$AG199 -> 37.5
A141: 45627 | B141: =MONTH(A141) -> 12 | C141: =ROUNDUP(MONTH(A141)/3,0) -> 4 | D141: =YEAR(A141) -> 2024 | E141: =AVERAGEIFS('Daily Prices'!$B$4:$B$4000,'Daily Prices'!$C$4:$C$4000,Monthly!$B141,'Daily Prices'!$D$4:$D$4000,Monthly!$D141) -> 41.238095 | F141: =AVERAGEIFS('Daily Prices'!$F$4:$F$4000,'Daily Prices'!$G$4:$G$4000,Monthly!$B141,'Daily Prices'!$H$4:$H$4000,Monthly!$D141) -> 76.511905 | G141: 25.71 | H141: 65.79 | I141: =AVERAGEIFS('RIN Daily Prices'!$D$4:$D$2925,'RIN Daily Prices'!$B$4:$B$2925,Monthly!$D141,'RIN Daily Prices'!$A$4:$A$2925,Monthly!$B141) -> 226.2619 | J141: =AVERAGEIFS('RIN Daily Prices'!$F$4:$F$2925,'RIN Daily Prices'!$B$4:$B$2925,Monthly!$D141,'RIN Daily Prices'!$A$4:$A$2925,Monthly!$B141) -> 60.23381 | K141: =AVERAGEIFS('RIN Daily Prices'!$H$4:$H$2925,'RIN Daily Prices'!$B$4:$B$2925,Monthly!$D141,'RIN Daily Prices'!$A$4:$A$2925,Monthly!$B141) -> 59.845238 | L141: =AVERAGEIFS('RIN Daily Prices'!$J$4:$J$2925,'RIN Daily Prices'!$B$4:$B$2925,Monthly!$D141,'RIN Daily Prices'!$A$4:$A$2925,Monthly!$B141) -> 60.184762 | M141: =[2]Prices!$D654/2.8 -> 1.5678571 | P141: =S141*7.6/100 -> 3.1248305 | S141: =[4]Prices!$D662 -> 41.11619 | T141: ='[6]Used Cooking Oil Complex'!$AG200 -> 37.5
A142: 45658 | B142: =MONTH(A142) -> 1 | C142: =ROUNDUP(MONTH(A142)/3,0) -> 1 | D142: =YEAR(A142) -> 2025 | E142: =AVERAGEIFS('Daily Prices'!$B$4:$B$4000,'Daily Prices'!$C$4:$C$4000,Monthly!$B142,'Daily Prices'!$D$4:$D$4000,Monthly!$D142) -> 51.761905 | F142: =AVERAGEIFS('Daily Prices'!$F$4:$F$4000,'Daily Prices'!$G$4:$G$4000,Monthly!$B142,'Daily Prices'!$H$4:$H$4000,Monthly!$D142) -> 73.011905 | G142: 22.93 | H142: 43.73 | I142: =AVERAGEIFS('RIN Daily Prices'!$D$4:$D$2925,'RIN Daily Prices'!$B$4:$B$2925,Monthly!$D142,'RIN Daily Prices'!$A$4:$A$2925,Monthly!$B142) -> 237.7619 | J142: =AVERAGEIFS('RIN Daily Prices'!$F$4:$F$2925,'RIN Daily Prices'!$B$4:$B$2925,Monthly!$D142,'RIN Daily Prices'!$A$4:$A$2925,Monthly!$B142) -> 71.869048 | K142: =AVERAGEIFS('RIN Daily Prices'!$H$4:$H$2925,'RIN Daily Prices'!$B$4:$B$2925,Monthly!$D142,'RIN Daily Prices'!$A$4:$A$2925,Monthly!$B142) -> 71.142857 | L142: =AVERAGEIFS('RIN Daily Prices'!$J$4:$J$2925,'RIN Daily Prices'!$B$4:$B$2925,Monthly!$D142,'RIN Daily Prices'!$A$4:$A$2925,Monthly!$B142) -> 69.142857 | M142: =[2]Prices!$D655/2.8 -> 1.697619 | P142: =S142*7.6/100 -> 3.50436 | S142: =[4]Prices!$D663 -> 46.11 | T142: ='[6]Used Cooking Oil Complex'!$AG201 -> 40.357143
A143: 45689 | B143: =MONTH(A143) -> 2 | C143: =ROUNDUP(MONTH(A143)/3,0) -> 1 | D143: =YEAR(A143) -> 2025 | E143: =AVERAGEIFS('Daily Prices'!$B$4:$B$4000,'Daily Prices'!$C$4:$C$4000,Monthly!$B143,'Daily Prices'!$D$4:$D$4000,Monthly!$D143) -> 64.473684 | F143: =AVERAGEIFS('Daily Prices'!$F$4:$F$4000,'Daily Prices'!$G$4:$G$4000,Monthly!$B143,'Daily Prices'!$H$4:$H$4000,Monthly!$D143) -> 68.986842 | I143: =AVERAGEIFS('RIN Daily Prices'!$D$4:$D$2925,'RIN Daily Prices'!$B$4:$B$2925,Monthly!$D143,'RIN Daily Prices'!$A$4:$A$2925,Monthly!$B143) -> 247.06579 | J143: =AVERAGEIFS('RIN Daily Prices'!$F$4:$F$2925,'RIN Daily Prices'!$B$4:$B$2925,Monthly!$D143,'RIN Daily Prices'!$A$4:$A$2925,Monthly!$B143) -> 84.947368 | K143: =AVERAGEIFS('RIN Daily Prices'!$H$4:$H$2925,'RIN Daily Prices'!$B$4:$B$2925,Monthly!$D143,'RIN Daily Prices'!$A$4:$A$2925,Monthly!$B143) -> 83.618421 | L143: =AVERAGEIFS('RIN Daily Prices'!$J$4:$J$2925,'RIN Daily Prices'!$B$4:$B$2925,Monthly!$D143,'RIN Daily Prices'!$A$4:$A$2925,Monthly!$B143) -> 80.552632 | M143: =[2]Prices!$D656/2.8 -> 1.7410244 | P143: =S143*7.6/100 -> 3.48256 | S143: =[4]Prices!$D664 -> 45.823158 | T143: ='[6]Used Cooking Oil Complex'!$AG202 -> 42.5
A144: 45717 | B144: =MONTH(A144) -> 3 | C144: =ROUNDUP(MONTH(A144)/3,0) -> 1 | D144: =YEAR(A144) -> 2025 | E144: =AVERAGEIFS('Daily Prices'!$B$4:$B$4000,'Daily Prices'!$C$4:$C$4000,Monthly!$B144,'Daily Prices'!$D$4:$D$4000,Monthly!$D144) -> 63 | F144: =AVERAGEIFS('Daily Prices'!$F$4:$F$4000,'Daily Prices'!$G$4:$G$4000,Monthly!$B144,'Daily Prices'!$H$4:$H$4000,Monthly!$D144) -> 57.857143 | J144: =AVERAGEIFS('RIN Daily Prices'!$F$4:$F$2925,'RIN Daily Prices'!$B$4:$B$2925,Monthly!$D144,'RIN Daily Prices'!$A$4:$A$2925,Monthly!$B144) -> 79.571429 | K144: =AVERAGEIFS('RIN Daily Prices'!$H$4:$H$2925,'RIN Daily Prices'!$B$4:$B$2925,Monthly!$D144,'RIN Daily Prices'!$A$4:$A$2925,Monthly!$B144) -> 78.297619 | L144: =AVERAGEIFS('RIN Daily Prices'!$J$4:$J$2925,'RIN Daily Prices'!$B$4:$B$2925,Monthly!$D144,'RIN Daily Prices'!$A$4:$A$2925,Monthly!$B144) -> 74.22619 | M144: =[2]Prices!$D657/2.8 -> 1.6235119 | P144: =S144*7.6/100 -> 3.30524 | S144: =[4]Prices!$D665 -> 43.49 | T144: ='[6]Used Cooking Oil Complex'!$AG203 -> 43.333333
A145: 45748 | B145: =MONTH(A145) -> 4 | C145: =ROUNDUP(MONTH(A145)/3,0) -> 2 | D145: =YEAR(A145) -> 2025 | E145: =AVERAGEIFS('Daily Prices'!$B$4:$B$4000,'Daily Prices'!$C$4:$C$4000,Monthly!$B145,'Daily Prices'!$D$4:$D$4000,Monthly!$D145) -> 65.875 | F145: =AVERAGEIFS('Daily Prices'!$F$4:$F$4000,'Daily Prices'!$G$4:$G$4000,Monthly!$B145,'Daily Prices'!$H$4:$H$4000,Monthly!$D145) -> 57.958333 | J145: =AVERAGEIFS('RIN Daily Prices'!$F$4:$F$2925,'RIN Daily Prices'!$B$4:$B$2925,Monthly!$D145,'RIN Daily Prices'!$A$4:$A$2925,Monthly!$B145) -> 103.72917 | K145: =AVERAGEIFS('RIN Daily Prices'!$H$4:$H$2925,'RIN Daily Prices'!$B$4:$B$2925,Monthly!$D145,'RIN Daily Prices'!$A$4:$A$2925,Monthly!$B145) -> 101.75 | L145: =AVERAGEIFS('RIN Daily Prices'!$J$4:$J$2925,'RIN Daily Prices'!$B$4:$B$2925,Monthly!$D145,'RIN Daily Prices'!$A$4:$A$2925,Monthly!$B145) -> 95.6875 | M145: =[2]Prices!$D658/2.8 -> 1.6888839 | P145: =S145*7.6/100 -> 3.60924 | S145: =[4]Prices!$D666 -> 47.49 | T145: ='[6]Used Cooking Oil Complex'!$AG204 -> 42.25
A146: 45778 | B146: =MONTH(A146) -> 5 | C146: =ROUNDUP(MONTH(A146)/3,0) -> 2 | D146: =YEAR(A146) -> 2025 | J146: =MultiRegressionD4RIN!$B$17+(Monthly!$S146*MultiRegressionD4RIN!$B$18)+(Monthly!$T146*MultiRegressionD4RIN!$B$19)+5 -> 89.957868 | K146: =FORECAST($J146,K$107:K145,$J$107:$J145) -> 89.056267 | L146: =J146-8 -> 81.957868 | M146: =[2]Prices!$D659/2.8 -> 1.7240679 | P146: =S146*7.6/100 -> 3.6925036 | S146: ='[7]Monthly Prices'!$D307 -> 48.585574 | T146: ='[6]Used Cooking Oil Complex'!$AG205 -> 37.75
A147: 45809 | B147: =MONTH(A147) -> 6 | C147: =ROUNDUP(MONTH(A147)/3,0) -> 2 | D147: =YEAR(A147) -> 2025 | J147: =MultiRegressionD4RIN!$B$17+(Monthly!$S147*MultiRegressionD4RIN!$B$18)+(Monthly!$T147*MultiRegressionD4RIN!$B$19)+9 -> 98.365904 | K147: =FORECAST($J147,K$107:K146,$J$107:$J146) -> 97.452855 | L147: =J147-9 -> 89.365904 | M147: =[2]Prices!$D660/2.8 -> 1.64394 | P147: =S147*7.6/100 -> 3.7396562 | S147: ='[7]Monthly Prices'!$D308 -> 49.206002 | T147: ='[6]Used Cooking Oil Complex'!$AG206 -> 41
...

Sheet Quarterly
C1: $/MT CO2e | H1: Total Credits (MT) | I1: Ethanol LCFS | J1: Total Credits (MT) | K1: Ethanol CFP | L1: Total Credits (MT)
A2: Quarter | B2: Year | C2: CFP OR | D2: CFP OR | E2: LCFS CA | F2: CFP WA | H2: LCFS CA | I2: CA Credits | J2: CFP OR | K2: OR Credits | L2: CFP WA
A3: 3 | B3: 2013 | E3: =AVERAGEIFS(Monthly!$F:$F,Monthly!$C:$C,Quarterly!$A3,Monthly!$D:$D,Quarterly!$B3) -> 67.376599 | H3: ='[8]Fuel Vol and Credit Gen'!$M$61 -> 1106307 | I3: ='[8]Fuel Vol and Credit Gen'!$M$55 -> 586902
A4: 4 | B4: 2013 | E4: =AVERAGEIFS(Monthly!F:F,Monthly!C:C,Quarterly!A4,Monthly!D:D,Quarterly!B4) -> 75.577536 | H4: ='[8]Fuel Vol and Credit Gen'!$N$61 -> 1128256 | I4: ='[8]Fuel Vol and Credit Gen'!$N$55 -> 510999
A5: 1 | B5: 2014 | E5: =AVERAGEIFS(Monthly!F:F,Monthly!C:C,Quarterly!A5,Monthly!D:D,Quarterly!B5) -> 42.360067 | H5: ='[8]Fuel Vol and Credit Gen'!$O$61 -> 920243 | I5: ='[8]Fuel Vol and Credit Gen'!$O$55 -> 459238
A6: 2 | B6: 2014 | E6: =AVERAGEIFS(Monthly!F:F,Monthly!C:C,Quarterly!A6,Monthly!D:D,Quarterly!B6) -> 24.468254 | H6: ='[8]Fuel Vol and Credit Gen'!$P$61 -> 1053893 | I6: ='[8]Fuel Vol and Credit Gen'!$P$55 -> 551332
A7: 3 | B7: 2014 | E7: =AVERAGEIFS(Monthly!F:F,Monthly!C:C,Quarterly!A7,Monthly!D:D,Quarterly!B7) -> 28.18254 | H7: ='[8]Fuel Vol and Credit Gen'!$Q$61 -> 1077268 | I7: ='[8]Fuel Vol and Credit Gen'!$Q$55 -> 528433
A8: 4 | B8: 2014 | E8: =AVERAGEIFS(Monthly!F:F,Monthly!C:C,Quarterly!A8,Monthly!D:D,Quarterly!B8) -> 26.365079 | H8: ='[8]Fuel Vol and Credit Gen'!$R$61 -> 1029032 | I8: ='[8]Fuel Vol and Credit Gen'!$R$55 -> 491880
A9: 1 | B9: 2015 | E9: =AVERAGEIFS(Monthly!F:F,Monthly!C:C,Quarterly!A9,Monthly!D:D,Quarterly!B9) -> 22.842225 | H9: ='[8]Fuel Vol and Credit Gen'!$S$61 -> 1028883 | I9: ='[8]Fuel Vol and Credit Gen'!$S$55 -> 473209
A10: 2 | B10: 2015 | E10: =AVERAGEIFS(Monthly!F:F,Monthly!C:C,Quarterly!A10,Monthly!D:D,Quarterly!B10) -> 25.550685 | H10: ='[8]Fuel Vol and Credit Gen'!$T$61 -> 1227191 | I10: ='[8]Fuel Vol and Credit Gen'!$T$55 -> 504542
A11: 3 | B11: 2015 | E11: =AVERAGEIFS(Monthly!F:F,Monthly!C:C,Quarterly!A11,Monthly!D:D,Quarterly!B11) -> 59.843434 | H11: ='[8]Fuel Vol and Credit Gen'!$U$61 -> 1416627 | I11: ='[8]Fuel Vol and Credit Gen'!$U$55 -> 538519
A12: 4 | B12: 2015 | E12: =AVERAGEIFS(Monthly!F:F,Monthly!C:C,Quarterly!A12,Monthly!D:D,Quarterly!B12) -> 99.120016 | H12: ='[8]Fuel Vol and Credit Gen'!$V$61 -> 1485751 | I12: ='[8]Fuel Vol and Credit Gen'!$V$55 -> 608484
A13: 1 | B13: 2016 | E13: =AVERAGEIFS(Monthly!F:F,Monthly!C:C,Quarterly!A13,Monthly!D:D,Quarterly!B13) -> 123.89207 | H13: ='[8]Fuel Vol and Credit Gen'!$W$61 -> 1664272 | I13: ='[8]Fuel Vol and Credit Gen'!$W$55 -> 836629 | J13: 207355 | K13: 138659
A14: 2 | B14: 2016 | E14: =AVERAGEIFS(Monthly!F:F,Monthly!C:C,Quarterly!A14,Monthly!D:D,Quarterly!B14) -> 112.06962 | H14: ='[8]Fuel Vol and Credit Gen'!$X$61 -> 2158313 | I14: ='[8]Fuel Vol and Credit Gen'!$X$55 -> 857168 | J14: 199577 | K14: 122599
A15: 3 | B15: 2016 | E15: =AVERAGEIFS(Monthly!F:F,Monthly!C:C,Quarterly!A15,Monthly!D:D,Quarterly!B15) -> 76.903364 | H15: ='[8]Fuel Vol and Credit Gen'!$Y$61 -> 2163707 | I15: ='[8]Fuel Vol and Credit Gen'!$Y$55 -> 919750 | J15: 230019 | K15: 140990
A16: 4 | B16: 2016 | E16: =AVERAGEIFS(Monthly!F:F,Monthly!C:C,Quarterly!A16,Monthly!D:D,Quarterly!B16) -> 89.247222 | H16: ='[8]Fuel Vol and Credit Gen'!$Z$61 -> 2364004 | I16: ='[8]Fuel Vol and Credit Gen'!$Z$55 -> 905839 | J16: 194238 | K16: 111682
A17: 1 | B17: 2017 | E17: =AVERAGEIFS(Monthly!F:F,Monthly!C:C,Quarterly!A17,Monthly!D:D,Quarterly!B17) -> 92.360011 | H17: ='[8]Fuel Vol and Credit Gen'!$AA$61 -> 1853645 | I17: ='[8]Fuel Vol and Credit Gen'!$AA$55 -> 783039 | J17: 192703 | K17: 121131
A18: 2 | B18: 2017 | D18: =AVERAGEIFS(Monthly!$H:$H,Monthly!$C:$C,Quarterly!$A18,Monthly!$D:$D,Quarterly!$B18) -> 47.8 | E18: =AVERAGEIFS(Monthly!F:F,Monthly!C:C,Quarterly!A18,Monthly!D:D,Quarterly!B18) -> 75.248405 | H18: ='[8]Fuel Vol and Credit Gen'!$AB$61 -> 2203124 | I18: ='[8]Fuel Vol and Credit Gen'!$AB$55 -> 856950 | J18: 230045 | K18: 130499
A19: 3 | B19: 2017 | D19: =AVERAGEIFS(Monthly!$H:$H,Monthly!$C:$C,Quarterly!$A19,Monthly!$D:$D,Quarterly!$B19) -> 44 | E19: =AVERAGEIFS(Monthly!F:F,Monthly!C:C,Quarterly!A19,Monthly!D:D,Quarterly!B19) -> 86.653514 | H19: ='[8]Fuel Vol and Credit Gen'!$AC$61 -> 2369643 | I19: ='[8]Fuel Vol and Credit Gen'!$AC$55 -> 931601 | J19: 254757 | K19: 146591
A20: 4 | B20: 2017 | D20: =AVERAGEIFS(Monthly!$H:$H,Monthly!$C:$C,Quarterly!$A20,Monthly!$D:$D,Quarterly!$B20) -> 49.07 | E20: =AVERAGEIFS(Monthly!F:F,Monthly!C:C,Quarterly!A20,Monthly!D:D,Quarterly!B20) -> 102.36477 | H20: ='[8]Fuel Vol and Credit Gen'!$AD$61 -> 2151196 | I20: ='[8]Fuel Vol and Credit Gen'!$AD$55 -> 916634 | J20: 248866 | K20: 142386
A21: 1 | B21: 2018 | D21: =AVERAGEIFS(Monthly!$H:$H,Monthly!$C:$C,Quarterly!$A21,Monthly!$D:$D,Quarterly!$B21) -> 53.973333 | E21: =AVERAGEIFS(Monthly!F:F,Monthly!C:C,Quarterly!A21,Monthly!D:D,Quarterly!B21) -> 134.77047 | H21: ='[8]Fuel Vol and Credit Gen'!$AE$61 -> 2101591 | I21: ='[8]Fuel Vol and Credit Gen'!$AE$55 -> 776336 | J21: 218794 | K21: 121074
A22: 2 | B22: 2018 | D22: =AVERAGEIFS(Monthly!$H:$H,Monthly!$C:$C,Quarterly!$A22,Monthly!$D:$D,Quarterly!$B22) -> 63.56 | E22: =AVERAGEIFS(Monthly!F:F,Monthly!C:C,Quarterly!A22,Monthly!D:D,Quarterly!B22) -> 161.74802 | H22: ='[8]Fuel Vol and Credit Gen'!$AF$61 -> 2226698 | I22: ='[8]Fuel Vol and Credit Gen'!$AF$55 -> 775942 | J22: 232133 | K22: 116762
A23: 3 | B23: 2018 | D23: =AVERAGEIFS(Monthly!$H:$H,Monthly!$C:$C,Quarterly!$A23,Monthly!$D:$D,Quarterly!$B23) -> 89.643333 | E23: =AVERAGEIFS(Monthly!F:F,Monthly!C:C,Quarterly!A23,Monthly!D:D,Quarterly!B23) -> 184.5606 | H23: ='[8]Fuel Vol and Credit Gen'!$AG$61 -> 2291380 | I23: ='[8]Fuel Vol and Credit Gen'!$AG$55 -> 949941 | J23: 268015 | K23: 140350
A24: 4 | B24: 2018 | D24: =AVERAGEIFS(Monthly!$H:$H,Monthly!$C:$C,Quarterly!$A24,Monthly!$D:$D,Quarterly!$B24) -> 95.666667 | E24: =AVERAGEIFS(Monthly!F:F,Monthly!C:C,Quarterly!A24,Monthly!D:D,Quarterly!B24) -> 191.39274 | H24: ='[8]Fuel Vol and Credit Gen'!$AH$61 -> 2748934 | I24: ='[8]Fuel Vol and Credit Gen'!$AH$55 -> 956310 | J24: 259798 | K24: 137630
A25: 1 | B25: 2019 | D25: =AVERAGEIFS(Monthly!$H:$H,Monthly!$C:$C,Quarterly!$A25,Monthly!$D:$D,Quarterly!$B25) -> 135.07 | E25: =AVERAGEIFS(Monthly!F:F,Monthly!C:C,Quarterly!A25,Monthly!D:D,Quarterly!B25) -> 193.90056 | H25: ='[8]Fuel Vol and Credit Gen'!$AI$61 -> 2682648 | I25: ='[8]Fuel Vol and Credit Gen'!$AI$55 -> 946616 | J25: 229304 | K25: 113165
A26: 2 | B26: 2019 | D26: =AVERAGEIFS(Monthly!$H:$H,Monthly!$C:$C,Quarterly!$A26,Monthly!$D:$D,Quarterly!$B26) -> 148.18333 | E26: =AVERAGEIFS(Monthly!F:F,Monthly!C:C,Quarterly!A26,Monthly!D:D,Quarterly!B26) -> 188.31017 | H26: ='[8]Fuel Vol and Credit Gen'!$AJ$61 -> 3040996 | I26: ='[8]Fuel Vol and Credit Gen'!$AJ$55 -> 1086445 | J26: 293687 | K26: 136516
A27: 3 | B27: 2019 | D27: =AVERAGEIFS(Monthly!$H:$H,Monthly!$C:$C,Quarterly!$A27,Monthly!$D:$D,Quarterly!$B27) -> 160.97667 | E27: =AVERAGEIFS(Monthly!F:F,Monthly!C:C,Quarterly!A27,Monthly!D:D,Quarterly!B27) -> 197.744 | H27: ='[8]Fuel Vol and Credit Gen'!$AK$61 -> 3002255 | I27: ='[8]Fuel Vol and Credit Gen'!$AK$55 -> 1169325 | J27: 416371 | K27: 158158
A28: 4 | B28: 2019 | D28: =AVERAGEIFS(Monthly!$H:$H,Monthly!$C:$C,Quarterly!$A28,Monthly!$D:$D,Quarterly!$B28) -> 159.97 | E28: =AVERAGEIFS(Monthly!F:F,Monthly!C:C,Quarterly!A28,Monthly!D:D,Quarterly!B28) -> 205.75659 | H28: ='[8]Fuel Vol and Credit Gen'!$AL$61 -> 3232130 | I28: ='[8]Fuel Vol and Credit Gen'!$AL$55 -> 1139746 | J28: 332060 | K28: 145929
A29: 1 | B29: 2020 | D29: =AVERAGEIFS(Monthly!$H:$H,Monthly!$C:$C,Quarterly!$A29,Monthly!$D:$D,Quarterly!$B29) -> 151.91667 | E29: =AVERAGEIFS(Monthly!F:F,Monthly!C:C,Quarterly!A29,Monthly!D:D,Quarterly!B29) -> 206.33417 | H29: ='[8]Fuel Vol and Credit Gen'!$AM$61 -> 2871617 | I29: ='[8]Fuel Vol and Credit Gen'!$AM$55 -> 1045797 | J29: 347147 | K29: 124417
A30: 2 | B30: 2020 | D30: =AVERAGEIFS(Monthly!$H:$H,Monthly!$C:$C,Quarterly!$A30,Monthly!$D:$D,Quarterly!$B30) -> 118.71 | E30: =AVERAGEIFS(Monthly!F:F,Monthly!C:C,Quarterly!A30,Monthly!D:D,Quarterly!B30) -> 201.31991 | H30: ='[8]Fuel Vol and Credit Gen'!$AN$61 -> 2625886 | I30: ='[8]Fuel Vol and Credit Gen'!$AN$55 -> 648935 | J30: 317691 | K30: 108641
A31: 3 | B31: 2020 | D31: =AVERAGEIFS(Monthly!$H:$H,Monthly!$C:$C,Quarterly!$A31,Monthly!$D:$D,Quarterly!$B31) -> 132.8 | E31: =AVERAGEIFS(Monthly!F:F,Monthly!C:C,Quarterly!A31,Monthly!D:D,Quarterly!B31) -> 195.78319 | H31: ='[8]Fuel Vol and Credit Gen'!$AO$61 -> 3271414 | I31: ='[8]Fuel Vol and Credit Gen'!$AO$55 -> 1052908 | J31: 317788 | K31: 145807
A32: 4 | B32: 2020 | D32: =AVERAGEIFS(Monthly!$H:$H,Monthly!$C:$C,Quarterly!$A32,Monthly!$D:$D,Quarterly!$B32) -> 125.00333 | E32: =AVERAGEIFS(Monthly!F:F,Monthly!C:C,Quarterly!A32,Monthly!D:D,Quarterly!B32) -> 197.82456 | H32: ='[8]Fuel Vol and Credit Gen'!$AP$61 -> 3508149 | I32: ='[8]Fuel Vol and Credit Gen'!$AP$55 -> 989015 | J32: 328585 | K32: 128476
A33: 1 | B33: 2021 | D33: =AVERAGEIFS(Monthly!$H:$H,Monthly!$C:$C,Quarterly!$A33,Monthly!$D:$D,Quarterly!$B33) -> 125.24 | E33: =AVERAGEIFS(Monthly!F:F,Monthly!C:C,Quarterly!A33,Monthly!D:D,Quarterly!B33) -> 195.2637 | H33: ='[8]Fuel Vol and Credit Gen'!$AQ$61 -> 3164286 | I33: ='[8]Fuel Vol and Credit Gen'!$AQ$55 -> 747150 | J33: 321206.5 | K33: 110343
A34: 2 | B34: 2021 | D34: =AVERAGEIFS(Monthly!$H:$H,Monthly!$C:$C,Quarterly!$A34,Monthly!$D:$D,Quarterly!$B34) -> 125.79333 | E34: =AVERAGEIFS(Monthly!F:F,Monthly!C:C,Quarterly!A34,Monthly!D:D,Quarterly!B34) -> 184.92105 | H34: ='[8]Fuel Vol and Credit Gen'!$AR$61 -> 3828242 | I34: ='[8]Fuel Vol and Credit Gen'!$AR$55 -> 1006898 | J34: 418283.5 | K34: 150829
A35: 3 | B35: 2021 | D35: =AVERAGEIFS(Monthly!$H:$H,Monthly!$C:$C,Quarterly!$A35,Monthly!$D:$D,Quarterly!$B35) -> 125.39667 | E35: =AVERAGEIFS(Monthly!F:F,Monthly!C:C,Quarterly!A35,Monthly!D:D,Quarterly!B35) -> 175.56347 | H35: ='[8]Fuel Vol and Credit Gen'!$AS$61 -> 4345435 | I35: ='[8]Fuel Vol and Credit Gen'!$AS$55 -> 1113796 | J35: 417755 | K35: 155906
A36: 4 | B36: 2021 | D36: =AVERAGEIFS(Monthly!$H:$H,Monthly!$C:$C,Quarterly!$A36,Monthly!$D:$D,Quarterly!$B36) -> 124.58 | E36: =AVERAGEIFS(Monthly!F:F,Monthly!C:C,Quarterly!A36,Monthly!D:D,Quarterly!B36) -> 155.20675 | H36: ='[8]Fuel Vol and Credit Gen'!$AT$61 -> 4322446 | I36: ='[8]Fuel Vol and Credit Gen'!$AT$55 -> 957708 | J36: 395400 | K36: 132872
A37: 1 | B37: 2022 | D37: =AVERAGEIFS(Monthly!$H:$H,Monthly!$C:$C,Quarterly!$A37,Monthly!$D:$D,Quarterly!$B37) -> 124.28667 | E37: =AVERAGEIFS(Monthly!F:F,Monthly!C:C,Quarterly!A37,Monthly!D:D,Quarterly!B37) -> 138.98329 | H37: ='[8]Fuel Vol and Credit Gen'!$AU$61 -> 4576664 | I37: ='[8]Fuel Vol and Credit Gen'!$AU$55 -> 917950 | J37: 467000 | K37: 121410
A38: 2 | B38: 2022 | D38: =AVERAGEIFS(Monthly!$H:$H,Monthly!$C:$C,Quarterly!$A38,Monthly!$D:$D,Quarterly!$B38) -> 120.34 | E38: =AVERAGEIFS(Monthly!F:F,Monthly!C:C,Quarterly!A38,Monthly!D:D,Quarterly!B38) -> 104.92738 | H38: ='[8]Fuel Vol and Credit Gen'!$AV$61 -> 5081972 | I38: ='[8]Fuel Vol and Credit Gen'!$AV$55 -> 919767 | J38: 475145 | K38: 137863
A39: 3 | B39: 2022 | D39: =AVERAGEIFS(Monthly!$H:$H,Monthly!$C:$C,Quarterly!$A39,Monthly!$D:$D,Quarterly!$B39) -> 114.33667 | E39: =AVERAGEIFS(Monthly!F:F,Monthly!C:C,Quarterly!A39,Monthly!D:D,Quarterly!B39) -> 86.084515 | H39: ='[8]Fuel Vol and Credit Gen'!$AW$61 -> 5195611 | I39: ='[8]Fuel Vol and Credit Gen'!$AW$55 -> 975746 | J39: 496488 | K39: 142410
A40: 4 | B40: 2022 | D40: =AVERAGEIFS(Monthly!$H:$H,Monthly!$C:$C,Quarterly!$A40,Monthly!$D:$D,Quarterly!$B40) -> 117.12333 | E40: =AVERAGEIFS(Monthly!F:F,Monthly!C:C,Quarterly!A40,Monthly!D:D,Quarterly!B40) -> 65.437103 | H40: ='[8]Fuel Vol and Credit Gen'!$AX$61 -> 5296993 | I40: ='[8]Fuel Vol and Credit Gen'!$AX$55 -> 927177 | J40: 534577 | K40: 121762
A41: 1 | B41: 2023 | D41: =AVERAGEIFS(Monthly!$H:$H,Monthly!$C:$C,Quarterly!$A41,Monthly!$D:$D,Quarterly!$B41) -> 118.52 | E41: =AVERAGEIFS(Monthly!F:F,Monthly!C:C,Quarterly!A41,Monthly!D:D,Quarterly!B41) -> 65.608362 | H41: ='[8]Fuel Vol and Credit Gen'!$AY$61 -> 4960158 | I41: ='[8]Fuel Vol and Credit Gen'!$AY$55 -> 827472 | J41: 527468 | K41: 135090 | L41: 238334
A42: 2 | B42: 2023 | D42: =AVERAGEIFS(Monthly!$H:$H,Monthly!$C:$C,Quarterly!$A42,Monthly!$D:$D,Quarterly!$B42) -> 127.66 | E42: =AVERAGEIFS(Monthly!F:F,Monthly!C:C,Quarterly!A42,Monthly!D:D,Quarterly!B42) -> 80.969213 | H42: ='[8]Fuel Vol and Credit Gen'!$AZ$61 -> 5496033 | I42: ='[8]Fuel Vol and Credit Gen'!$AZ$55 -> 736436 | J42: 702915 | K42: 142813 | L42: 273796
A43: 3 | B43: 2023 | C43: =AVERAGEIFS(Monthly!$E:$E,Monthly!$C:$C,Quarterly!$A43,Monthly!$D:$D,Quarterly!$B43) -> 161.82917 | D43: =AVERAGEIFS(Monthly!$H:$H,Monthly!$C:$C,Quarterly!$A43,Monthly!$D:$D,Quarterly!$B43) -> 139.06667 | E43: =AVERAGEIFS(Monthly!F:F,Monthly!C:C,Quarterly!A43,Monthly!D:D,Quarterly!B43) -> 74.499094 | F43: =AVERAGEIFS(Monthly!$G:$G,Monthly!$C:$C,Quarterly!$A43,Monthly!$D:$D,Quarterly!$B43) -> 101.46 | H43: ='[8]Fuel Vol and Credit Gen'!$BA$61 -> 6058457 | I43: ='[8]Fuel Vol and Credit Gen'!$BA$55 -> 882062 | J43: 765653 | K43: 131590 | L43: 322507
A44: 4 | B44: 2023 | C44: =AVERAGEIFS(Monthly!$E:$E,Monthly!$C:$C,Quarterly!$A44,Monthly!$D:$D,Quarterly!$B44) -> 116.24242 | D44: =AVERAGEIFS(Monthly!$H:$H,Monthly!$C:$C,Quarterly!$A44,Monthly!$D:$D,Quarterly!$B44) -> 137.28667 | E44: =AVERAGEIFS(Monthly!F:F,Monthly!C:C,Quarterly!A44,Monthly!D:D,Quarterly!B44) -> 69.588258 | F44: =AVERAGEIFS(Monthly!$G:$G,Monthly!$C:$C,Quarterly!$A44,Monthly!$D:$D,Quarterly!$B44) -> 86.09 | H44: ='[8]Fuel Vol and Credit Gen'!$BB$61 -> 6400234 | I44: ='[8]Fuel Vol and Credit Gen'!$BB$55 -> 916926 | J44: 806156 | K44: 141913 | L44: 342058
A45: 1 | B45: 2024 | C45: =AVERAGEIFS(Monthly!$E:$E,Monthly!$C:$C,Quarterly!$A45,Monthly!$D:$D,Quarterly!$B45) -> 79.898214 | D45: =AVERAGEIFS(Monthly!$H:$H,Monthly!$C:$C,Quarterly!$A45,Monthly!$D:$D,Quarterly!$B45) -> 116.3 | E45: =AVERAGEIFS(Monthly!F:F,Monthly!C:C,Quarterly!A45,Monthly!D:D,Quarterly!B45) -> 64.151071 | F45: =AVERAGEIFS(Monthly!$G:$G,Monthly!$C:$C,Quarterly!$A45,Monthly!$D:$D,Quarterly!$B45) -> 75.09 | H45: ='[8]Fuel Vol and Credit Gen'!$BC$61 -> 6065553 | I45: ='[8]Fuel Vol and Credit Gen'!$BC$55 -> 810581 | J45: 819692 | K45: 116055 | L45: 417595
A46: 2 | B46: 2024 | C46: =AVERAGEIFS(Monthly!$E:$E,Monthly!$C:$C,Quarterly!$A46,Monthly!$D:$D,Quarterly!$B46) -> 56.020335 | D46: =AVERAGEIFS(Monthly!$H:$H,Monthly!$C:$C,Quarterly!$A46,Monthly!$D:$D,Quarterly!$B46) -> 81.63 | E46: =AVERAGEIFS(Monthly!F:F,Monthly!C:C,Quarterly!A46,Monthly!D:D,Quarterly!B46) -> 51.696858 | F46: =AVERAGEIFS(Monthly!$G:$G,Monthly!$C:$C,Quarterly!$A46,Monthly!$D:$D,Quarterly!$B46) -> 53.986667 | H46: ='[8]Fuel Vol and Credit Gen'!$BD$61 -> 6873607 | I46: ='[8]Fuel Vol and Credit Gen'!$BD$55 -> 910853 | J46: 797737 | K46: 145746 | L46: 467302
A47: 3 | B47: 2024 | C47: =AVERAGEIFS(Monthly!$E:$E,Monthly!$C:$C,Quarterly!$A47,Monthly!$D:$D,Quarterly!$B47) -> 29.072727 | D47: =AVERAGEIFS(Monthly!$H:$H,Monthly!$C:$C,Quarterly!$A47,Monthly!$D:$D,Quarterly!$B47) -> 58.466667 | E47: =AVERAGEIFS(Monthly!F:F,Monthly!C:C,Quarterly!A47,Monthly!D:D,Quarterly!B47) -> 53.511636 | F47: =AVERAGEIFS(Monthly!$G:$G,Monthly!$C:$C,Quarterly!$A47,Monthly!$D:$D,Quarterly!$B47) -> 35.15 | H47: ='[8]Fuel Vol and Credit Gen'!BD$61 -> 6873607 | I47: ='[8]Fuel Vol and Credit Gen'!BE$55 -> 866406 | J47: 672441 | K47: 153226 | L47: =FORECAST(H47,L$41:L46,H$41:H46) -> 445069.22 | M47: =E47-E46 -> 1.8147783
A48: 4 | B48: 2024 | C48: =AVERAGEIFS(Monthly!$E:$E,Monthly!$C:$C,Quarterly!$A48,Monthly!$D:$D,Quarterly!$B48) -> 40.351285 | D48: =AVERAGEIFS(Monthly!$H:$H,Monthly!$C:$C,Quarterly!$A48,Monthly!$D:$D,Quarterly!$B48) -> 63.103333 | E48: =AVERAGEIFS(Monthly!F:F,Monthly!C:C,Quarterly!A48,Monthly!D:D,Quarterly!B48) -> 72.325874 | F48: =AVERAGEIFS(Monthly!$G:$G,Monthly!$C:$C,Quarterly!$A48,Monthly!$D:$D,Quarterly!$B48) -> 28.856667 | H48: ='[8]Fuel Vol and Credit Gen'!BE$61 -> 7465821 | I48: ='[8]Fuel Vol and Credit Gen'!BF$55 -> 906093.05 | J48: =FORECAST(H48,J14:J47,H14:H47) -> 847805.61 | L48: =FORECAST(H48,L$41:L47,H$41:H47) -> 511992.1 | M48: =E48-E47 -> 18.814238
A49: 1 | B49: 2025 | C49: =AVERAGEIFS(Monthly!$E:$E,Monthly!$C:$C,Quarterly!$A49,Monthly!$D:$D,Quarterly!$B49) -> 59.745196 | D49: =AVERAGEIFS(Monthly!$H:$H,Monthly!$C:$C,Quarterly!$A49,Monthly!$D:$D,Quarterly!$B49) -> 43.73 | E49: =AVERAGEIFS(Monthly!F:F,Monthly!C:C,Quarterly!A49,Monthly!D:D,Quarterly!B49) -> 66.61863 | F49: =AVERAGEIFS(Monthly!$G:$G,Monthly!$C:$C,Quarterly!$A49,Monthly!$D:$D,Quarterly!$B49) -> 22.93 | H49: ='[8]Fuel Vol and Credit Gen'!BF$61 -> 6085410.5 | I49: ='[8]Fuel Vol and Credit Gen'!BG$55 -> 900355.85 | J49: =FORECAST(H49,J15:J48,H15:H48) -> 682801.29 | L49: =FORECAST(H49,L$41:L48,H$41:H48) -> 355999.43 | M49: =E49-E48 -> -5.7072441
A50: 2 | B50: =B49 -> 2025 | C50: =FORECAST(E50,$C$45:C49,$E$45:E49)*0.9 -> 56.544305 | D50: =FORECAST(E50,$D$18:D49,$E$18:E49)*0.5 -> 46.543795 | E50: =MultiRegLCFS!$B$17+(MultiRegLCFS!$B$18*Quarterly!$H50)+(MultiRegLCFS!$B$19*Quarterly!$I50)*0.9 -> 84.993607 | F50: =FORECAST(E50,F$44:F49,E$44:E49)*0.75 -> 40.831323 | H50: ='[8]Fuel Vol and Credit Gen'!BG$61 -> 5464138.8 | I50: ='[8]Fuel Vol and Credit Gen'!BH$55 -> 933213.05 | J50: =FORECAST(H50,J16:J49,H16:H49) -> 608792 | L50: =FORECAST(H50,L$41:L49,H$41:H49) -> 285792.9 | M50: =E50-E49 -> 18.374977
A51: 3 | B51: =B50 -> 2025 | C51: =FORECAST(E51,$C$45:C50,$E$45:E50) -> 57.595095 | D51: =FORECAST(E51,$D$18:D50,$E$18:E50)*0.55 -> 49.18329 | E51: =MultiRegLCFS!$B$17+(MultiRegLCFS!$B$18*Quarterly!$H51)+(MultiRegLCFS!$B$19*Quarterly!$I51)*0.85 -> 80.865532 | F51: =FORECAST(E51,F$44:F50,E$44:E50)*0.85 -> 39.834905 | H51: ='[8]Fuel Vol and Credit Gen'!BH$61 -> 5465161.6 | I51: ='[8]Fuel Vol and Credit Gen'!BI$55 -> 970209.57 | J51: =FORECAST(H51,J17:J50,H17:H50) -> 609064.39 | L51: =FORECAST(H51,L$41:L50,H$41:H50) -> 285908.48 | M51: =E51-E50 -> -4.128075
A52: 4 | B52: =B51 -> 2025 | C52: =FORECAST(E52,$C$45:C51,$E$45:E51)*1.05 -> 57.126662 | D52: =FORECAST(E52,$D$18:D51,$E$18:E51)*0.6 -> 49.908814 | E52: =MultiRegLCFS!$B$17+(MultiRegLCFS!$B$18*Quarterly!$H52)+(MultiRegLCFS!$B$19*Quarterly!$I52)*0.9 -> 68.624509 | F52: =FORECAST(E52,F$44:F51,E$44:E51)*0.95 -> 45.305717 | H52: ='[8]Fuel Vol and Credit Gen'!BI$61 -> 6448196.4 | I52: ='[8]Fuel Vol and Credit Gen'!BJ$55 -> 918982.75 | J52: =FORECAST(H52,J18:J51,H18:H51) -> 725978.09 | L52: =FORECAST(H52,L$41:L51,H$41:H51) -> 396995.89 | M52: =E52-E51 -> -12.241024
A53: 1 | B53: =B52+1 -> 2026 | C53: =FORECAST(E53,$C$45:C52,$E$45:E52)*1.05 -> 61.690119 | D53: =FORECAST(E53,$D$18:D52,$E$18:E52)*0.65 -> 56.353648 | E53: =MultiRegLCFS!$B$17+(MultiRegLCFS!$B$18*Quarterly!$H53)+(MultiRegLCFS!$B$19*Quarterly!$I53)*0.94 -> 83.868778 | F53: =FORECAST(E53,F$44:F52,E$44:E52) -> 43.775835 | H53: ='[8]Fuel Vol and Credit Gen'!BJ$61 -> 5956156.5 | I53: ='[8]Fuel Vol and Credit Gen'!BK$55 -> 914457.74 | J53: =FORECAST(H53,J19:J52,H19:H52) -> 667571.98 | L53: =FORECAST(H53,L$41:L52,H$41:H52) -> 341393.13 | M53: =E53-E52 -> 15.244269
A54: 2 | B54: =B53 -> 2026 | C54: =FORECAST(E54,$C$45:C53,$E$45:E53)*1.05 -> 64.204715 | D54: =FORECAST(E54,$D$18:D53,$E$18:E53)*0.7 -> 61.135229 | E54: =MultiRegLCFS!$B$17+(MultiRegLCFS!$B$18*Quarterly!$H54)+(MultiRegLCFS!$B$19*Quarterly!$I54)*0.9 -> 89.140227 | F54: =FORECAST(E54,F$44:F53,E$44:E53)*1.05 -> 44.639858 | H54: ='[8]Fuel Vol and Credit Gen'!BK$61 -> 5564261 | I54: ='[8]Fuel Vol and Credit Gen'!BL$55 -> 955642.62 | J54: =FORECAST(H54,J20:J53,H20:H53) -> 620866.04 | L54: =FORECAST(H54,L$41:L53,H$41:H53) -> 297107.16 | M54: =E54-E53 -> 5.2714491
A55: 3 | B55: =B54 -> 2026 | C55: =FORECAST(E55,$C$45:C54,$E$45:E54)*1.05 -> 62.936676 | D55: =FORECAST(E55,$D$18:D54,$E$18:E54)*0.8 -> 67.124273 | E55: =MultiRegLCFS!$B$17+(MultiRegLCFS!$B$18*Quarterly!$H55)+(MultiRegLCFS!$B$19*Quarterly!$I55)*0.85 -> 82.746391 | F55: =FORECAST(E55,F$44:F54,E$44:E54)*1.05 -> 46.741391 | H55: ='[8]Fuel Vol and Credit Gen'!BL$61 -> 5929369.1 | I55: ='[8]Fuel Vol and Credit Gen'!BM$55 -> 1004872.3 | J55: =FORECAST(H55,J21:J54,H21:H54) -> 664870.48 | L55: =FORECAST(H55,L$41:L54,H$41:H54) -> 338366.04 | M55: =E55-E54 -> -6.3938357
A56: 4 | B56: =B55 -> 2026 | C56: =FORECAST(E56,$C$45:C55,$E$45:E55)*1.05 -> 64.088225 | D56: =FORECAST(E56,$D$18:D55,$E$18:E55)*0.8 -> 67.134711 | E56: =MultiRegLCFS!$B$17+(MultiRegLCFS!$B$18*Quarterly!$H56)+(MultiRegLCFS!$B$19*Quarterly!$I56)*0.95 -> 84.560786 | F56: =FORECAST(E56,F$44:F55,E$44:E55)*1.05 -> 46.705942 | H56: ='[8]Fuel Vol and Credit Gen'!BM$61 -> 6425694.2 | I56: ='[8]Fuel Vol and Credit Gen'!BN$55 -> 931490.93 | J56: =FORECAST(H56,J22:J55,H22:H55) -> 725108.72 | L56: =FORECAST(H56,L$41:L55,H$41:H55) -> 394453.03 | M56: =E56-E55 -> 1.8143946
A57: 1 | B57: 2027 | C57: =FORECAST(E57,$C$45:C56,$E$45:E56)*1.1 -> 68.190478 | D57: =FORECAST(E57,$D$18:D56,$E$18:E56)*0.85 -> 71.230681 | E57: =MultiRegLCFS!$B$17+(MultiRegLCFS!$B$18*Quarterly!$H57)+(MultiRegLCFS!$B$19*Quarterly!$I57)*0.97 -> 85.897505 | F57: =FORECAST(E57,F$44:F56,E$44:E56)*1.05 -> 46.788587 | H57: ='[8]Fuel Vol and Credit Gen'!BN$61 -> 6456901.7 | I57: ='[8]Fuel Vol and Credit Gen'!BO$55 -> 918940.21 | J57: =FORECAST(H57,J23:J56,H23:H56) -> 729313.1 | L57: =FORECAST(H57,L$41:L56,H$41:H56) -> 397979.62 | M57: =E57-E56 -> 1.336719
A58: 2 | B58: =B57 -> 2027 | C58: =FORECAST(E58,$C$45:C57,$E$45:E57)*1.1 -> 76.825354 | D58: =FORECAST(E58,$D$18:D57,$E$18:E57)*0.85 -> 76.587339 | E58: =MultiRegLCFS!$B$17+(MultiRegLCFS!$B$18*Quarterly!$H58)+(MultiRegLCFS!$B$19*Quarterly!$I58) -> 103.00822 | F58: =FORECAST(E58,F$44:F57,E$44:E57)*1.05 -> 44.003708 | H58: ='[8]Fuel Vol and Credit Gen'!BO$61 -> 6411728.4 | I58: ='[8]Fuel Vol and Credit Gen'!BP$55 -> 952447.01 | J58: =FORECAST(H58,J24:J57,H24:H57) -> 725029.84 | L58: =FORECAST(H58,L$41:L57,H$41:H57) -> 392874.83 | M58: =E58-E57 -> 17.110718
A59: 3 | B59: =B58 -> 2027 | C59: =FORECAST(E59,$C$45:C58,$E$45:E58)*1.1 -> 67.560303 | D59: =FORECAST(E59,$D$18:D58,$E$18:E58)*0.85 -> 68.652253 | E59: =MultiRegLCFS!$B$17+(MultiRegLCFS!$B$18*Quarterly!$H59)+(MultiRegLCFS!$B$19*Quarterly!$I59)*0.9 -> 80.412012 | F59: =FORECAST(E59,F$44:F58,E$44:E58)*1.05 -> 48.360525 | H59: ='[8]Fuel Vol and Credit Gen'!BP$61 -> 6809270.1 | I59: ='[8]Fuel Vol and Credit Gen'!BQ$55 -> 986862.1 | J59: =FORECAST(H59,J25:J58,H25:H58) -> 773560.63 | L59: =FORECAST(H59,L$41:L58,H$41:H58) -> 437798.86 | M59: =E59-E58 -> -22.596211
A60: 4 | B60: =B59 -> 2027 | C60: =FORECAST(E60,$C$45:C59,$E$45:E59)*1.1 -> 67.480314 | D60: =FORECAST(E60,$D$18:D59,$E$18:E59)*0.85 -> 67.910014 | E60: =MultiRegLCFS!$B$17+(MultiRegLCFS!$B$18*Quarterly!$H60)+(MultiRegLCFS!$B$19*Quarterly!$I60) -> 79.354734 | F60: =FORECAST(E60,F$44:F59,E$44:E59)*1.05 -> 48.69187 | H60: ='[8]Fuel Vol and Credit Gen'!BQ$61 -> 7540995.1 | I60: ='[8]Fuel Vol and Credit Gen'!BR$55 -> 919747.38 | J60: =FORECAST(H60,J26:J59,H26:H59) -> 860991.52 | L60: =FORECAST(H60,L$41:L59,H$41:H59) -> 520487.11 | M60: =E60-E59 -> -1.0572779
A61: 1 | B61: =B60+1 -> 2028 | C61: =FORECAST(E61,$C$45:C60,$E$45:E60)*1.15 -> 73.441865 | D61: =FORECAST(E61,$D$18:D60,$E$18:E60)*0.9 -> 73.090618 | E61: =MultiRegLCFS!$B$17+(MultiRegLCFS!$B$18*Quarterly!$H61)+(MultiRegLCFS!$B$19*Quarterly!$I61) -> 83.68936 | F61: =FORECAST(E61,F$44:F60,E$44:E60)*1.05 -> 48.173005 | H61: ='[8]Fuel Vol and Credit Gen'!BR$61 -> 6958032.4 | I61: ='[8]Fuel Vol and Credit Gen'!BS$55 -> 907506.96 | J61: =FORECAST(H61,J27:J60,H27:H60) -> 789688.75 | L61: =FORECAST(H61,L$41:L60,H$41:H60) -> 454609.68 | M61: =E61-E60 -> 4.3346262
A62: 2 | B62: =B61 -> 2028 | C62: =FORECAST(E62,$C$45:C61,$E$45:E61)*1.15 -> 97.436859 | D62: =FORECAST(E62,$D$18:D61,$E$18:E61)*0.9 -> 87.295549 | E62: =MultiRegLCFS!$B$17+(MultiRegLCFS!$B$18*Quarterly!$H62)+(MultiRegLCFS!$B$19*Quarterly!$I62)*1.1 -> 123.12225 | F62: =FORECAST(E62,F$44:F61,E$44:E61)*1.05 -> 42.488842 | H62: ='[8]Fuel Vol and Credit Gen'!BS$61 -> 6552368.9 | I62: ='[8]Fuel Vol and Credit Gen'!BT$55 -> 939669.48 | J62: =FORECAST(H62,J28:J61,H28:H61) -> 742358.44 | L62: =FORECAST(H62,L$41:L61,H$41:H61) -> 408767.85 | M62: =E62-E61 -> 39.432887
A63: 3 | B63: =B62 -> 2028 | C63: =FORECAST(E63,$C$45:C62,$E$45:E62)*1.15 -> 73.115122 | D63: =FORECAST(E63,$D$18:D62,$E$18:E62)*0.9 -> 71.424908 | E63: =MultiRegLCFS!$B$17+(MultiRegLCFS!$B$18*Quarterly!$H63)+(MultiRegLCFS!$B$19*Quarterly!$I63)*0.9 -> 80.293365 | F63: =FORECAST(E63,F$44:F62,E$44:E62)*1.05 -> 48.97994 | H63: ='[8]Fuel Vol and Credit Gen'!BT$61 -> 6726177.7 | I63: ='[8]Fuel Vol and Credit Gen'!BU$55 -> 981897.92 | J63: =FORECAST(H63,J29:J62,H29:H62) -> 764044.78 | L63: =FORECAST(H63,L$41:L62,H$41:H62) -> 428409.04 | M63: =E63-E62 -> -42.828882
A64: 4 | B64: =B63 -> 2028 | C64: =FORECAST(E64,$C$45:C63,$E$45:E63)*1.15 -> 78.051306 | D64: =FORECAST(E64,$D$18:D63,$E$18:E63)*0.9 -> 73.408525 | E64: =MultiRegLCFS!$B$17+(MultiRegLCFS!$B$18*Quarterly!$H64)+(MultiRegLCFS!$B$19*Quarterly!$I64)*1.05 -> 86.323335 | F64: =FORECAST(E64,F$44:F63,E$44:E63)*1.05 -> 48.326217 | H64: ='[8]Fuel Vol and Credit Gen'!BU$61 -> 7716734.1 | I64: ='[8]Fuel Vol and Credit Gen'!BV$55 -> 908604.39 | J64: =FORECAST(H64,J30:J63,H30:H63) -> 892450.87 | L64: =FORECAST(H64,L$41:L63,H$41:H63) -> 540346.42 | M64: =E64-E63 -> 6.0299698
A65: 1 | B65: =B64+1 -> 2029 | C65: =FORECAST(E65,$C$45:C64,$E$45:E64)*1.1 -> 105.8437 | D65: =FORECAST(E65,$D$18:D64,$E$18:E64) -> 99.116726 | E65: =MultiRegLCFS!$B$17+(MultiRegLCFS!$B$18*Quarterly!$H65)+(MultiRegLCFS!$B$19*Quarterly!$I65)*1.2 -> 129.59855 | F65: =FORECAST(E65,F$44:F64,E$44:E64)*1.05 -> 43.031063 | H65: ='[8]Fuel Vol and Credit Gen'!BV$61 -> 6896742.9 | I65: ='[8]Fuel Vol and Credit Gen'!BW$55 -> 895233.67 | J65: =FORECAST(H65,J31:J64,H31:H64) -> 791075.72 | L65: =FORECAST(H65,L$41:L64,H$41:H64) -> 447683.68 | M65: =E65-E64 -> 43.275218
A66: 2 | B66: =B65 -> 2029 | C66: =FORECAST(E66,$C$45:C65,$E$45:E65)*1.1 -> 118.58305 | D66: =FORECAST(E66,$D$18:D65,$E$18:E65) -> 103.84599 | E66: =MultiRegLCFS!$B$17+(MultiRegLCFS!$B$18*Quarterly!$H66)+(MultiRegLCFS!$B$19*Quarterly!$I66)*1.2 -> 141.10444 | F66: =FORECAST(E66,F$44:F65,E$44:E65) -> 40.496441 | H66: ='[8]Fuel Vol and Credit Gen'!BW$61 -> 6924929.9 | I66: ='[8]Fuel Vol and Credit Gen'!BX$55 -> 931824.33 | J66: =FORECAST(H66,J32:J65,H32:H65) -> 795092.67 | L66: =FORECAST(H66,L$41:L65,H$41:H65) -> 450868.94 | M66: =E66-E65 -> 11.505888
A67: 3 | B67: =B66 -> 2029 | C67: =FORECAST(E67,$C$45:C66,$E$45:E66)*1.1 -> 86.298563 | D67: =FORECAST(E67,$D$18:D66,$E$18:E66) -> 86.037005 | E67: =MultiRegLCFS!$B$17+(MultiRegLCFS!$B$18*Quarterly!$H67)+(MultiRegLCFS!$B$19*Quarterly!$I67) -> 97.776739 | F67: =FORECAST(E67,F$44:F66,E$44:E66) -> 45.091521 | H67: ='[8]Fuel Vol and Credit Gen'!BX$61 -> 7270744.8 | I67: ='[8]Fuel Vol and Credit Gen'!BY$55 -> 974756.97 | J67: =FORECAST(H67,J33:J66,H33:H66) -> 840530.59 | L67: =FORECAST(H67,L$41:L66,H$41:H66) -> 489947.59 | M67: =E67-E66 -> -43.327701
A68: 4 | B68: =B67 -> 2029 | C68: =FORECAST(E68,$C$45:C67,$E$45:E67)*1.1 -> 67.751824 | D68: =FORECAST(E68,$D$18:D67,$E$18:E67) -> 76.829755 | E68: =MultiRegLCFS!$B$17+(MultiRegLCFS!$B$18*Quarterly!$H68)+(MultiRegLCFS!$B$19*Quarterly!$I68)*1.05 -> 75.376311 | F68: =FORECAST(E68,F$44:F67,E$44:E67) -> 47.467178 | H68: ='[8]Fuel Vol and Credit Gen'!BY$61 -> 8416144.2 | I68: ='[8]Fuel Vol and Credit Gen'!BZ$55 -> 902354.94 | J68: =FORECAST(H68,J34:J67,H34:H67) -> 996818.67 | L68: =FORECAST(H68,L$41:L67,H$41:H67) -> 619382.94 | M68: =E68-E67 -> -22.400429
A69: 1 | B69: =B68+1 -> 2030 | C69: =FORECAST(E69,$C$45:C68,$E$45:E68)*1.1 -> 95.368829 | D69: =FORECAST(E69,$D$18:D68,$E$18:E68)*1.05 -> 94.623222 | E69: =MultiRegLCFS!$B$17+(MultiRegLCFS!$B$18*Quarterly!$H69)+(MultiRegLCFS!$B$19*Quarterly!$I69)*1.12 -> 107.70387 | F69: =FORECAST(E69,F$44:F68,E$44:E68) -> 44.038708 | H69: ='[8]Fuel Vol and Credit Gen'!BZ$61 -> 6971414.9 | I69: ='[8]Fuel Vol and Credit Gen'!CA$55 -> 890131.67 | J69: =FORECAST(H69,J35:J68,H35:H68) -> 803288.78 | L69: =FORECAST(H69,L$41:L68,H$41:H68) -> 456121.96 | M69: =E69-E68 -> 32.327561
A70: 2 | B70: =B69 -> 2030 | C70: =FORECAST(E70,$C$45:C69,$E$45:E69)*1.1 -> 127.01538 | D70: =FORECAST(E70,$D$18:D69,$E$18:E69)*1.05 -> 110.16003 | E70: =MultiRegLCFS!$B$17+(MultiRegLCFS!$B$18*Quarterly!$H70)+(MultiRegLCFS!$B$19*Quarterly!$I70)*1.25 -> 143.51321 | F70: =FORECAST(E70,F$44:F69,E$44:E69) -> 40.240982 | H70: ='[8]Fuel Vol and Credit Gen'!CA$61 -> 7648565.7 | I70: ='[8]Fuel Vol and Credit Gen'!CB$55 -> 929747.07 | J70: =FORECAST(H70,J36:J69,H36:H69) -> 895017 | L70: =FORECAST(H70,L$41:L69,H$41:H69) -> 532643.07 | M70: =E70-E69 -> 35.809334
A71: 3 | B71: =B70 -> 2030 | C71: =FORECAST(E71,$C$45:C70,$E$45:E70)*1.1 -> 79.285562 | D71: =FORECAST(E71,$D$18:D70,$E$18:E70)*1.05 -> 86.130304 | E71: =MultiRegLCFS!$B$17+(MultiRegLCFS!$B$18*Quarterly!$H71)+(MultiRegLCFS!$B$19*Quarterly!$I71) -> 87.626541 | F71: =FORECAST(E71,F$44:F70,E$44:E70) -> 46.167991 | H71: ='[8]Fuel Vol and Credit Gen'!CB$61 -> 8037917 | I71: ='[8]Fuel Vol and Credit Gen'!CC$55 -> 974426.97 | J71: =FORECAST(H71,J37:J70,H37:H70) -> 943273.59 | L71: =FORECAST(H71,L$41:L70,H$41:H70) -> 576641.55 | M71: =E71-E70 -> -55.886664
A72: 4 | B72: =B71 -> 2030 | C72: =FORECAST(E72,$C$45:C71,$E$45:E71)*1.1 -> 69.175047 | D72: =FORECAST(E72,$D$18:D71,$E$18:E71)*1.05 -> 81.309479 | E72: =MultiRegLCFS!$B$17+(MultiRegLCFS!$B$18*Quarterly!$H72)+(MultiRegLCFS!$B$19*Quarterly!$I72)*1.1 -> 76.202524 | F72: =FORECAST(E72,F$44:F71,E$44:E71) -> 47.379554 | H72: ='[8]Fuel Vol and Credit Gen'!CC$61 -> 9321989.4 | I72: ='[8]Fuel Vol and Credit Gen'!CD$55 -> 904046.51 | J72: =FORECAST(H72,J38:J71,H38:H71) -> 1109946.4 | L72: =FORECAST(H72,L$41:L71,H$41:H71) -> 721747.58 | M72: =E72-E71 -> -11.424017
A73: 1 | B73: =B72+1 -> 2031 | C73: =FORECAST(E73,$C$45:C72,$E$45:E72)*1.15 -> 104.91192 | D73: =FORECAST(E73,$D$18:D72,$E$18:E72)*1.05 -> 96.100122 | E73: =MultiRegLCFS!$B$17+(MultiRegLCFS!$B$18*Quarterly!$H73)+(MultiRegLCFS!$B$19*Quarterly!$I73)*1.15 -> 110.3006 | F73: =FORECAST(E73,F$44:F72,E$44:E72) -> 43.763314 | H73: ='[8]Fuel Vol and Credit Gen'!CD$61 -> 7463129.4 | I73: ='[8]Fuel Vol and Credit Gen'!CE$55 -> 895992.55 | J73: =FORECAST(H73,J39:J72,H39:H72) -> 865375.64 | L73: =FORECAST(H73,L$41:L72,H$41:H72) -> 511687.93 | M73: =E73-E72 -> 34.098074
A74: 2 | B74: =B73 -> 2031 | C74: =FORECAST(E74,$C$45:C73,$E$45:E73)*1.15 -> 120.66872 | D74: =FORECAST(E74,$D$18:D73,$E$18:E73)*1.05 -> 102.7199 | E74: =MultiRegLCFS!$B$17+(MultiRegLCFS!$B$18*Quarterly!$H74)+(MultiRegLCFS!$B$19*Quarterly!$I74)*1.2 -> 125.49379 | F74: =FORECAST(E74,F$44:F73,E$44:E73) -> 42.152015 | H74: ='[8]Fuel Vol and Credit Gen'!CE$61 -> 8182216 | I74: ='[8]Fuel Vol and Credit Gen'!CF$55 -> 934529.01 | J74: =FORECAST(H74,J40:J73,H40:H73) -> 953072.82 | L74: =FORECAST(H74,L$41:L73,H$41:H73) -> 592947.99 | M74: =E74-E73 -> 15.19319
A75: 3 | B75: =B74 -> 2031 | C75: =FORECAST(E75,$C$45:C74,$E$45:E74)*1.15 -> 90.927497 | D75: =FORECAST(E75,$D$18:D74,$E$18:E74)*1.05 -> 89.266631 | E75: =MultiRegLCFS!$B$17+(MultiRegLCFS!$B$18*Quarterly!$H75)+(MultiRegLCFS!$B$19*Quarterly!$I75)*1.05 -> 94.014739 | F75: =FORECAST(E75,F$44:F74,E$44:E74) -> 45.490496 | H75: ='[8]Fuel Vol and Credit Gen'!CF$61 -> 8682903.6 | I75: ='[8]Fuel Vol and Credit Gen'!CG$55 -> 980306.29 | J75: =FORECAST(H75,J41:J74,H41:H74) -> 1010554.8 | L75: =FORECAST(H75,L$41:L74,H$41:H74) -> 649527.97 | M75: =E75-E74 -> -31.479049
A76: 4 | B76: =B75 -> 2031 | C76: =FORECAST(E76,$C$45:C75,$E$45:E75)*1.15 -> 68.644957 | D76: =FORECAST(E76,$D$18:D75,$E$18:E75)*1.05 -> 79.708612 | E76: =MultiRegLCFS!$B$17+(MultiRegLCFS!$B$18*Quarterly!$H76)+(MultiRegLCFS!$B$19*Quarterly!$I76)*1.1 -> 71.551568 | F76: =FORECAST(E76,F$44:F75,E$44:E75) -> 47.872807 | H76: ='[8]Fuel Vol and Credit Gen'!CG$61 -> 9839828 | I76: ='[8]Fuel Vol and Credit Gen'!CH$55 -> 911240.15 | J76: =FORECAST(H76,J42:J75,H42:H75) -> 1143445.8 | L76: =FORECAST(H76,L$41:L75,H$41:H75) -> 780265.69 | M76: =E76-E75 -> -22.463171
A77: 1 | B77: =B76+1 -> 2032 | C77: =FORECAST(E77,$C$45:C76,$E$45:E76)*1.15 -> 116.22632 | D77: =FORECAST(E77,$D$18:D76,$E$18:E76)*1.05 -> 99.970722 | E77: =MultiRegLCFS!$B$17+(MultiRegLCFS!$B$18*Quarterly!$H77)+(MultiRegLCFS!$B$19*Quarterly!$I77)*1.2 -> 118.5676 | F77: =FORECAST(E77,F$44:F76,E$44:E76) -> 42.886565 | H77: ='[8]Fuel Vol and Credit Gen'!CH$61 -> 7870165.7 | I77: ='[8]Fuel Vol and Credit Gen'!CI$55 -> 900579 | J77: =FORECAST(H77,J43:J76,H43:H76) -> 912270.92 | L77: =FORECAST(H77,L$41:L76,H$41:H76) -> 557684.89 | M77: =E77-E76 -> 47.016035
A78: 2 | B78: =B77 -> 2032 | C78: =FORECAST(E78,$C$45:C77,$E$45:E77)*1.15 -> 110.92561 | D78: =FORECAST(E78,$D$18:D77,$E$18:E77)*1.05 -> 97.295747 | E78: =MultiRegLCFS!$B$17+(MultiRegLCFS!$B$18*Quarterly!$H78)+(MultiRegLCFS!$B$19*Quarterly!$I78)*1.2 -> 112.12922 | F78: =FORECAST(E78,F$44:F77,E$44:E77) -> 43.569382 | H78: ='[8]Fuel Vol and Credit Gen'!CI$61 -> 9320791.2 | I78: ='[8]Fuel Vol and Credit Gen'!CJ$55 -> 939357.44 | J78: =FORECAST(H78,J44:J77,H44:H77) -> 1089520.4 | L78: =FORECAST(H78,L$41:L77,H$41:H77) -> 721612.17 | M78: =E78-E77 -> -6.4383874
A79: 3 | B79: =B78 -> 2032 | C79: =FORECAST(E79,$C$45:C78,$E$45:E78)*1.15 -> 75.804539 | D79: =FORECAST(E79,$D$18:D78,$E$18:E78)*1.05 -> 82.663167 | E79: =MultiRegLCFS!$B$17+(MultiRegLCFS!$B$18*Quarterly!$H79)+(MultiRegLCFS!$B$19*Quarterly!$I79)*1.05 -> 77.784249 | F79: =FORECAST(E79,F$44:F78,E$44:E78) -> 47.211806 | H79: ='[8]Fuel Vol and Credit Gen'!CJ$61 -> 9953334.6 | I79: ='[8]Fuel Vol and Credit Gen'!CK$55 -> 981821.72 | J79: =FORECAST(H79,J45:J78,H45:H78) -> 1168656 | L79: =FORECAST(H79,L$41:L78,H$41:H78) -> 793092.45 | M79: =E79-E78 -> -34.344966
A80: 4 | B80: =B79 -> 2032 | C80: =FORECAST(E80,$C$45:C79,$E$45:E79)*1.15 -> 85.471951 | D80: =FORECAST(E80,$D$18:D79,$E$18:E79)*1.05 -> 86.562236 | E80: =MultiRegLCFS!$B$17+(MultiRegLCFS!$B$18*Quarterly!$H80)+(MultiRegLCFS!$B$19*Quarterly!$I80)*1.2 -> 86.659491 | F80: =FORECAST(E80,F$44:F79,E$44:E79) -> 46.27055 | H80: ='[8]Fuel Vol and Credit Gen'!CK$61 -> 10644462 | I80: ='[8]Fuel Vol and Credit Gen'!CL$55 -> 914366.99 | J80: =FORECAST(H80,J46:J79,H46:H79) -> 1261793.1 | L80: =FORECAST(H80,L$41:L79,H$41:H79) -> 871192.96 | M80: =E80-E79 -> 8.8752419
A81: 1 | B81: =B80+1 -> 2033 | C81: =FORECAST(E81,$C$45:C80,$E$45:E80)*1.15 -> 108.05412 | D81: =FORECAST(E81,$D$18:D80,$E$18:E80)*1.05 -> 95.780817 | E81: =MultiRegLCFS!$B$17+(MultiRegLCFS!$B$18*Quarterly!$H81)+(MultiRegLCFS!$B$19*Quarterly!$I81)*1.2 -> 108.06184 | F81: =FORECAST(E81,F$44:F80,E$44:E80) -> 44.000744 | H81: ='[8]Fuel Vol and Credit Gen'!CL$61 -> 8728452.7 | I81: ='[8]Fuel Vol and Credit Gen'!CM$55 -> 902890.16 | J81: =FORECAST(H81,J47:J80,H47:H80) -> 1017707.4 | L81: =FORECAST(H81,L$41:L80,H$41:H80) -> 654675.22 | M81: =E81-E80 -> 21.402349
A82: 2 | B82: =B81 -> 2033 | C82: =FORECAST(E82,$C$45:C81,$E$45:E81)*1.15 -> 111.05437 | D82: =FORECAST(E82,$D$18:D81,$E$18:E81)*1.05 -> 96.789793 | E82: =MultiRegLCFS!$B$17+(MultiRegLCFS!$B$18*Quarterly!$H82)+(MultiRegLCFS!$B$19*Quarterly!$I82)*1.2 -> 110.25074 | F82: =FORECAST(E82,F$44:F81,E$44:E81) -> 43.768602 | H82: ='[8]Fuel Vol and Credit Gen'!CM$61 -> 9489939.3 | I82: ='[8]Fuel Vol and Credit Gen'!CN$55 -> 940404.39 | J82: =FORECAST(H82,J48:J81,H48:H81) -> 1115839.3 | L82: =FORECAST(H82,L$41:L81,H$41:H81) -> 740726.67 | M82: =E82-E81 -> 2.1889011
A83: 3 | B83: =B82 -> 2033 | C83: =FORECAST(E83,$C$45:C82,$E$45:E82)*1.15 -> 118.75137 | D83: =FORECAST(E83,$D$18:D82,$E$18:E82)*1.05 -> 99.631132 | E83: =MultiRegLCFS!$B$17+(MultiRegLCFS!$B$18*Quarterly!$H83)+(MultiRegLCFS!$B$19*Quarterly!$I83)*1.2 -> 116.74314 | F83: =FORECAST(E83,F$44:F82,E$44:E82) -> 43.080057 | H83: ='[8]Fuel Vol and Credit Gen'!CN$61 -> 10060820 | I83: ='[8]Fuel Vol and Credit Gen'!CO$55 -> 983476.52 | J83: =FORECAST(H83,J49:J82,H49:H82) -> 1188342 | L83: =FORECAST(H83,L$41:L82,H$41:H82) -> 805238.76 | M83: =E83-E82 -> 6.492396
A84: 4 | B84: =B83 -> 2033 | C84: =FORECAST(E84,$C$45:C83,$E$45:E83)*1.15 -> 82.559127 | D84: =FORECAST(E84,$D$18:D83,$E$18:E83)*1.05 -> 85.192383 | E84: =MultiRegLCFS!$B$17+(MultiRegLCFS!$B$18*Quarterly!$H84)+(MultiRegLCFS!$B$19*Quarterly!$I84)*1.2 -> 82.688001 | F84: =FORECAST(E84,F$44:F83,E$44:E83) -> 46.691743 | H84: ='[8]Fuel Vol and Credit Gen'!CO$61 -> 10929032 | I84: ='[8]Fuel Vol and Credit Gen'!CP$55 -> 913628.9 | J84: =FORECAST(H84,J50:J83,H50:H83) -> 1297924.5 | L84: =FORECAST(H84,L$41:L83,H$41:H83) -> 903350.67 | M84: =E84-E83 -> -34.055136
A85: 1 | B85: =B84+1 -> 2034 | C85: =FORECAST(E85,$C$45:C84,$E$45:E84)*1.15 -> 122.18902 | D85: =FORECAST(E85,$D$18:D84,$E$18:E84)*1.05 -> 100.65209 | E85: =MultiRegLCFS!$B$17+(MultiRegLCFS!$B$18*Quarterly!$H85)+(MultiRegLCFS!$B$19*Quarterly!$I85)*1.25 -> 118.8235 | F85: =FORECAST(E85,F$44:F84,E$44:E84) -> 42.859426 | H85: ='[8]Fuel Vol and Credit Gen'!CP$61 -> 8791502.2 | I85: ='[8]Fuel Vol and Credit Gen'!CQ$55 -> 901052.57 | J85: =FORECAST(H85,J51:J84,H51:H84) -> 1027939.5 | L85: =FORECAST(H85,L$41:L84,H$41:H84) -> 661800.11 | M85: =E85-E84 -> 36.135495
A86: 2 | B86: =B85 -> 2034 | C86: =FORECAST(E86,$C$45:C85,$E$45:E85)*1.15 -> 137.42176 | D86: =FORECAST(E86,$D$18:D85,$E$18:E85)*1.05 -> 106.15055 | E86: =MultiRegLCFS!$B$17+(MultiRegLCFS!$B$18*Quarterly!$H86)+(MultiRegLCFS!$B$19*Quarterly!$I86)*1.3 -> 131.57064 | F86: =FORECAST(E86,F$44:F85,E$44:E85) -> 41.50754 | H86: ='[8]Fuel Vol and Credit Gen'!CQ$61 -> 9749833.7 | I86: ='[8]Fuel Vol and Credit Gen'!CR$55 -> 938396.78 | J86: =FORECAST(H86,J52:J85,H52:H85) -> 1149069.2 | L86: =FORECAST(H86,L$41:L85,H$41:H85) -> 770095.92 | M86: =E86-E85 -> 12.747144
A87: 3 | B87: =B86 -> 2034 | C87: =FORECAST(E87,$C$45:C86,$E$45:E86)*1.15 -> 148.16973 | D87: =FORECAST(E87,$D$18:D86,$E$18:E86)*1.05 -> 109.53511 | E87: =MultiRegLCFS!$B$17+(MultiRegLCFS!$B$18*Quarterly!$H87)+(MultiRegLCFS!$B$19*Quarterly!$I87)*1.3 -> 139.30443 | F87: =FORECAST(E87,F$44:F86,E$44:E86) -> 40.68734 | H87: ='[8]Fuel Vol and Credit Gen'!CR$61 -> 10288498 | I87: ='[8]Fuel Vol and Credit Gen'!CS$55 -> 980484.74 | J87: =FORECAST(H87,J53:J86,H53:H86) -> 1217032.8 | L87: =FORECAST(H87,L$41:L86,H$41:H86) -> 830967.42 | M87: =E87-E86 -> 7.7337864
A88: 4 | B88: =B87 -> 2034 | C88: =FORECAST(E88,$C$45:C87,$E$45:E87)*1.15 -> 104.76761 | D88: =FORECAST(E88,$D$18:D87,$E$18:E87)*1.05 -> 93.187225 | E88: =MultiRegLCFS!$B$17+(MultiRegLCFS!$B$18*Quarterly!$H88)+(MultiRegLCFS!$B$19*Quarterly!$I88)*1.3 -> 100.7884 | F88: =FORECAST(E88,F$44:F87,E$44:E87) -> 44.772122 | H88: ='[8]Fuel Vol and Credit Gen'!CS$61 -> 11367447 | I88: ='[8]Fuel Vol and Credit Gen'!CT$55 -> 911182.85 | J88: =FORECAST(H88,J54:J87,H54:H87) -> 1353103.6 | L88: =FORECAST(H88,L$41:L87,H$41:H87) -> 952893.6 | M88: =E88-E87 -> -38.51603
A89: 1 | B89: =B88+1 -> 2035 | C89: =FORECAST(E89,$C$45:C88,$E$45:E88)*1.15 -> 125.80908 | D89: =FORECAST(E89,$D$18:D88,$E$18:E88)*1.05 -> 100.64609 | E89: =MultiRegLCFS!$B$17+(MultiRegLCFS!$B$18*Quarterly!$H89)+(MultiRegLCFS!$B$19*Quarterly!$I89)*1.25 -> 118.10236 | F89: =FORECAST(E89,F$44:F88,E$44:E88) -> 42.935906 | H89: ='[8]Fuel Vol and Credit Gen'!CT$61 -> 8785695.8 | I89: ='[8]Fuel Vol and Credit Gen'!CU$55 -> 898694.26 | J89: =FORECAST(H89,J55:J88,H55:H88) -> 1027295.7 | L89: =FORECAST(H89,L$41:L88,H$41:H88) -> 661143.96 | M89: =E89-E88 -> 17.313963
A90: 2 | B90: =B89 -> 2035 | C90: =FORECAST(E90,$C$45:C89,$E$45:E89)*1.15 -> 135.43624 | D90: =FORECAST(E90,$D$18:D89,$E$18:E89)*1.05 -> 103.81784 | E90: =MultiRegLCFS!$B$17+(MultiRegLCFS!$B$18*Quarterly!$H90)+(MultiRegLCFS!$B$19*Quarterly!$I90)*1.3 -> 125.36819 | F90: =FORECAST(E90,F$44:F89,E$44:E89) -> 42.165334 | H90: ='[8]Fuel Vol and Credit Gen'!CU$61 -> 10172173 | I90: ='[8]Fuel Vol and Credit Gen'!CV$55 -> 936508.96 | J90: =FORECAST(H90,J56:J89,H56:H89) -> 1202201.5 | L90: =FORECAST(H90,L$41:L89,H$41:H89) -> 817822.19 | M90: =E90-E89 -> 7.2658338
A91: 3 | B91: =B90 -> 2035 | C91: =FORECAST(E91,$C$45:C90,$E$45:E90)*1.15 -> 145.45392 | D91: =FORECAST(E91,$D$18:D90,$E$18:E90)*1.05 -> 106.96253 | E91: =MultiRegLCFS!$B$17+(MultiRegLCFS!$B$18*Quarterly!$H91)+(MultiRegLCFS!$B$19*Quarterly!$I91)*1.3 -> 132.55142 | F91: =FORECAST(E91,F$44:F90,E$44:E90) -> 41.403524 | H91: ='[8]Fuel Vol and Credit Gen'!CV$61 -> 10776662 | I91: ='[8]Fuel Vol and Credit Gen'!CW$55 -> 979486.28 | J91: =FORECAST(H91,J57:J90,H57:H90) -> 1278269.6 | L91: =FORECAST(H91,L$41:L90,H$41:H90) -> 886132.24 | M91: =E91-E90 -> 7.1832277
A92: 4 | B92: =B91 -> 2035 | C92: =FORECAST(E92,$C$45:C91,$E$45:E91)*1.15 -> 103.66648 | D92: =FORECAST(E92,$D$18:D91,$E$18:E91)*1.05 -> 92.391135 | E92: =MultiRegLCFS!$B$17+(MultiRegLCFS!$B$18*Quarterly!$H92)+(MultiRegLCFS!$B$19*Quarterly!$I92)*1.3 -> 98.30216 | F92: =FORECAST(E92,F$44:F91,E$44:E91) -> 45.035798 | H92: ='[8]Fuel Vol and Credit Gen'!CW$61 -> 11518599 | I92: ='[8]Fuel Vol and Credit Gen'!CX$55 -> 909749.46 | J92: =FORECAST(H92,J58:J91,H58:H91) -> 1371472.8 | L92: =FORECAST(H92,L$41:L91,H$41:H91) -> 969974.49 | M92: =E92-E91 -> -34.249261
A93: 1 | B93: =B92+1 -> 2036 | C93: =FORECAST(E93,$C$45:C92,$E$45:E92)*1.15 -> 136.38113 | D93: =FORECAST(E93,$D$18:D92,$E$18:E92)*1.05 -> 103.39841 | E93: =MultiRegLCFS!$B$17+(MultiRegLCFS!$B$18*Quarterly!$H93)+(MultiRegLCFS!$B$19*Quarterly!$I93)*1.3 -> 123.89241 | F93: =FORECAST(E93,F$44:F92,E$44:E92) -> 42.321847 | H93: ='[8]Fuel Vol and Credit Gen'!CX$61 -> 9240116.2 | I93: ='[8]Fuel Vol and Credit Gen'!CY$55 -> 897546.52 | J93: =FORECAST(H93,J59:J92,H59:H92) -> 1084756.7 | L93: =FORECAST(H93,L$41:L92,H$41:H92) -> 712495.53 | M93: =E93-E92 -> 25.590249
A94: 2 | B94: =B93 -> 2036 | C94: =FORECAST(E94,$C$45:C93,$E$45:E93)*1.15 -> 151.98552 | D94: =FORECAST(E94,$D$18:D93,$E$18:E93)*1.05 -> 108.34397 | E94: =MultiRegLCFS!$B$17+(MultiRegLCFS!$B$18*Quarterly!$H94)+(MultiRegLCFS!$B$19*Quarterly!$I94)*1.3 -> 135.2872 | F94: =FORECAST(E94,F$44:F93,E$44:E93) -> 41.113384 | H94: ='[8]Fuel Vol and Credit Gen'!CY$61 -> 9395327.9 | I94: ='[8]Fuel Vol and Credit Gen'!CZ$55 -> 935744.46 | J94: =FORECAST(H94,J60:J93,H60:H93) -> 1104340.3 | L94: =FORECAST(H94,L$41:L93,H$41:H93) -> 730035.16 | M94: =E94-E93 -> 11.394788
A95: 3 | B95: =B94 -> 2036 | C95: =FORECAST(E95,$C$45:C94,$E$45:E94)*1.15 -> 165.65893 | D95: =FORECAST(E95,$D$18:D94,$E$18:E94)*1.05 -> 112.37414 | E95: =MultiRegLCFS!$B$17+(MultiRegLCFS!$B$18*Quarterly!$H95)+(MultiRegLCFS!$B$19*Quarterly!$I95)*1.3 -> 144.4893 | F95: =FORECAST(E95,F$44:F94,E$44:E94) -> 40.137463 | H95: ='[8]Fuel Vol and Credit Gen'!CZ$61 -> 9859937.9 | I95: ='[8]Fuel Vol and Credit Gen'!DA$55 -> 979246.39 | J95: =FORECAST(H95,J61:J94,H61:H94) -> 1162791.9 | L95: =FORECAST(H95,L$41:L94,H$41:H94) -> 782538.2 | M95: =E95-E94 -> 9.2021031
A96: 4 | B96: =B95 -> 2036 | C96: =FORECAST(E96,$C$45:C95,$E$45:E95)*1.15 -> 130.64592 | D96: =FORECAST(E96,$D$18:D95,$E$18:E95)*1.05 -> 100.66755 | E96: =MultiRegLCFS!$B$17+(MultiRegLCFS!$B$18*Quarterly!$H96)+(MultiRegLCFS!$B$19*Quarterly!$I96)*1.3 -> 116.99861 | F96: =FORECAST(E96,F$44:F95,E$44:E95) -> 43.052963 | H96: ='[8]Fuel Vol and Credit Gen'!DA$61 -> 10095157 | I96: ='[8]Fuel Vol and Credit Gen'!DB$55 -> 909831.83 | J96: =FORECAST(H96,J62:J95,H62:H95) -> 1192231.1 | L96: =FORECAST(H96,L$41:L95,H$41:H95) -> 809119.01 | M96: =E96-E95 -> -27.490692
A97: 1 | B97: =B96+1 -> 2037 | C97: =FORECAST(E97,$C$45:C96,$E$45:E96)*1.15 -> 140.88877 | D97: =FORECAST(E97,$D$18:D96,$E$18:E96)*1.05 -> 103.77774 | E97: =MultiRegLCFS!$B$17+(MultiRegLCFS!$B$18*Quarterly!$H97)+(MultiRegLCFS!$B$19*Quarterly!$I97)*1.3 -> 124.08687 | F97: =FORECAST(E97,F$44:F96,E$44:E96) -> 42.301224 | H97: ='[8]Fuel Vol and Credit Gen'!DB$61 -> 9236050.2 | I97: ='[8]Fuel Vol and Credit Gen'!DC$55 -> 897947.92 | J97: =FORECAST(H97,J63:J96,H63:H96) -> 1084894.8 | L97: =FORECAST(H97,L$41:L96,H$41:H96) -> 712036.05 | M97: =E97-E96 -> 7.088258
A98: 2 | B98: =B97 -> 2037 | C98: =FORECAST(E98,$C$45:C97,$E$45:E97)*1.15 -> 144.63335 | D98: =FORECAST(E98,$D$18:D97,$E$18:E97)*1.05 -> 104.76456 | E98: =MultiRegLCFS!$B$17+(MultiRegLCFS!$B$18*Quarterly!$H98)+(MultiRegLCFS!$B$19*Quarterly!$I98)*1.3 -> 126.22368 | F98: =FORECAST(E98,F$44:F97,E$44:E97) -> 42.074606 | H98: ='[8]Fuel Vol and Credit Gen'!DC$61 -> 10098428 | I98: ='[8]Fuel Vol and Credit Gen'!DD$55 -> 936191.47 | J98: =FORECAST(H98,J64:J97,H64:H97) -> 1192446.4 | L98: =FORECAST(H98,L$41:L97,H$41:H97) -> 809488.64 | M98: =E98-E97 -> 2.1368181
A99: 3 | B99: =B98 -> 2037 | C99: =FORECAST(E99,$C$45:C98,$E$45:E98)*1.15 -> 159.14711 | D99: =FORECAST(E99,$D$18:D98,$E$18:E98)*1.05 -> 109.04034 | E99: =MultiRegLCFS!$B$17+(MultiRegLCFS!$B$18*Quarterly!$H99)+(MultiRegLCFS!$B$19*Quarterly!$I99)*1.3 -> 135.99539 | F99: =FORECAST(E99,F$44:F98,E$44:E98) -> 41.038277 | H99: ='[8]Fuel Vol and Credit Gen'!DD$61 -> 10525248 | I99: ='[8]Fuel Vol and Credit Gen'!DE$55 -> 979903.94 | J99: =FORECAST(H99,J65:J98,H65:H98) -> 1245564.3 | L99: =FORECAST(H99,L$41:L98,H$41:H98) -> 857721.32 | M99: =E99-E98 -> 9.7717087
A100: 4 | B100: =B99 -> 2037 | C100: =FORECAST(E100,$C$45:C99,$E$45:E99)*1.15 -> 130.13021 | D100: =FORECAST(E100,$D$18:D99,$E$18:E99)*1.05 -> 99.928798 | E100: =MultiRegLCFS!$B$17+(MultiRegLCFS!$B$18*Quarterly!$H100)+(MultiRegLCFS!$B$19*Quarterly!$I100)*1.3 -> 114.67734 | F100: =FORECAST(E100,F$44:F99,E$44:E99) -> 43.299143 | H100: ='[8]Fuel Vol and Credit Gen'!DE$61 -> 10298122 | I100: ='[8]Fuel Vol and Credit Gen'!DF$55 -> 910800.21 | J100: =FORECAST(H100,J66:J99,H66:H99) -> 1217249.9 | L100: =FORECAST(H100,L$41:L99,H$41:H99) -> 832055 | M100: =E100-E99 -> -21.318055
...

Sheet Annual
C1: CFP OR | F1: LCFS CA | I1: CFS WA | L1: D3 RIN | O1: D3 RIN | P1: D4 RIN | S1: D4 RIN | T1: D5 RIN | W1: D5 RIN | X1: D6 RIN | AA1: D6 RIN
C2: $/MT CO2e | F2: $/MT CO2e | I2: $/credit | L2: cents/credit | P2: cents/credit | T2: cents/credit | X2: cents/credit
C3: Mid | D3: Max | E3: Min | F3: Mid | G3: Max | H3: Min | I3: Mid | J3: Max | K3: Min | L3: Mid | M3: Max | N3: Min | O3: Range | P3: Mid | Q3: Max | R3: Min | S3: Range | T3: Mid | U3: Max | V3: Min | W3: Range | X3: Mid | Y3: Max | Z3: Min | AA3: Range
A4: 2014 | B4: 2014 | C4: =AVERAGEIF(Quarterly!$B$3:$B$1003,Annual!$B4,Quarterly!$D$3:$D$1000) -> #DIV/0! | D4: =_xlfn.MAXIFS(Quarterly!$D$3:$D$1000,Quarterly!$B$3:$B$1003,$B4) -> #VALUE! | E4: =_xlfn.MINIFS(Quarterly!$D$3:$D$1000,Quarterly!$B$3:$B$1003,$B4) -> #VALUE! | F4: =AVERAGEIF(Quarterly!$B$3:$B$1003,Annual!$B4,Quarterly!$E$3:$E$1000) -> 30.343985 | G4: =_xlfn.MAXIFS(Quarterly!$E$3:$E$1000,Quarterly!$B$3:$B$1003,$B4) -> #VALUE! | H4: =_xlfn.MINIFS(Quarterly!$E$3:$E$1000,Quarterly!$B$3:$B$1003,$B4) -> #VALUE! | L4: =AVERAGEIF(Monthly!$D$4:$D$1000,Annual!$B4,Monthly!$I$4:$I$1000) -> #DIV/0! | M4: =_xlfn.MAXIFS(Monthly!$I$4:$I$1000,Monthly!$D$4:$D$1000,$B4) -> 0 | N4: =_xlfn.MINIFS(Monthly!$I$4:$I$1000,Monthly!$D$4:$D$1000,$B4) -> 0 | O4: =M4-N4 -> 0 | P4: =AVERAGEIF(Monthly!$D$4:$D$1000,Annual!$B4,Monthly!$J$4:$J$1000) -> #DIV/0! | Q4: =_xlfn.MAXIFS(Monthly!$J$4:$J$1000,Monthly!$D$4:$D$1000,$B4) -> 0 | R4: =_xlfn.MINIFS(Monthly!$J$4:$J$1000,Monthly!$D$4:$D$1000,$B4) -> 0 | S4: =Q4-R4 -> 0 | T4: =AVERAGEIF(Monthly!$D$4:$D$1000,Annual!$B4,Monthly!$K$4:$K$1000) -> #DIV/0! | U4: =_xlfn.MAXIFS(Monthly!$K$4:$K$1000,Monthly!$D$4:$D$1000,$B4) -> 0 | V4: =_xlfn.MINIFS(Monthly!$K$4:$K$1000,Monthly!$D$4:$D$1000,$B4) -> 0 | W4: =U4-V4 -> 0 | X4: =AVERAGEIF(Monthly!$D$4:$D$1000,Annual!$B4,Monthly!$L$4:$L$1000) -> #DIV/0! | Y4: =_xlfn.MAXIFS(Monthly!$L$4:$L$1000,Monthly!$D$4:$D$1000,$B4) -> 0 | Z4: =_xlfn.MINIFS(Monthly!$L$4:$L$1000,Monthly!$D$4:$D$1000,$B4) -> 0 | AA4: =Y4-Z4 -> 0
A5: 2015 | B5: 2015 | C5: =AVERAGEIF(Quarterly!$B$3:$B$1003,Annual!$B5,Quarterly!$D$3:$D$1000) -> #DIV/0! | D5: =_xlfn.MAXIFS(Quarterly!$D$3:$D$1000,Quarterly!$B$3:$B$1003,$B5) -> #VALUE! | E5: =_xlfn.MINIFS(Quarterly!$D$3:$D$1000,Quarterly!$B$3:$B$1003,$B5) -> #VALUE! | F5: =AVERAGEIF(Quarterly!$B$3:$B$1003,Annual!$B5,Quarterly!$E$3:$E$1000) -> 51.83909 | G5: =_xlfn.MAXIFS(Quarterly!$E$3:$E$1000,Quarterly!$B$3:$B$1003,$B5) -> #VALUE! | H5: =_xlfn.MINIFS(Quarterly!$E$3:$E$1000,Quarterly!$B$3:$B$1003,$B5) -> #VALUE! | L5: =AVERAGEIF(Monthly!$D$4:$D$1000,Annual!$B5,Monthly!$I$4:$I$1000) -> #DIV/0! | M5: =_xlfn.MAXIFS(Monthly!$I$4:$I$1000,Monthly!$D$4:$D$1000,$B5) -> 0 | N5: =_xlfn.MINIFS(Monthly!$I$4:$I$1000,Monthly!$D$4:$D$1000,$B5) -> 0 | O5: =M5-N5 -> 0 | P5: =AVERAGEIF(Monthly!$D$4:$D$1000,Annual!$B5,Monthly!$J$4:$J$1000) -> #DIV/0! | Q5: =_xlfn.MAXIFS(Monthly!$J$4:$J$1000,Monthly!$D$4:$D$1000,$B5) -> 0 | R5: =_xlfn.MINIFS(Monthly!$J$4:$J$1000,Monthly!$D$4:$D$1000,$B5) -> 0 | S5: =Q5-R5 -> 0 | T5: =AVERAGEIF(Monthly!$D$4:$D$1000,Annual!$B5,Monthly!$K$4:$K$1000) -> #DIV/0! | U5: =_xlfn.MAXIFS(Monthly!$K$4:$K$1000,Monthly!$D$4:$D$1000,$B5) -> 0 | V5: =_xlfn.MINIFS(Monthly!$K$4:$K$1000,Monthly!$D$4:$D$1000,$B5) -> 0 | W5: =U5-V5 -> 0 | X5: =AVERAGEIF(Monthly!$D$4:$D$1000,Annual!$B5,Monthly!$L$4:$L$1000) -> #DIV/0! | Y5: =_xlfn.MAXIFS(Monthly!$L$4:$L$1000,Monthly!$D$4:$D$1000,$B5) -> 0 | Z5: =_xlfn.MINIFS(Monthly!$L$4:$L$1000,Monthly!$D$4:$D$1000,$B5) -> 0 | AA5: =Y5-Z5 -> 0
A6: 2016 | B6: 2016 | C6: =AVERAGEIF(Quarterly!$B$3:$B$1003,Annual!$B6,Quarterly!$D$3:$D$1000) -> #DIV/0! | D6: =_xlfn.MAXIFS(Quarterly!$D$3:$D$1000,Quarterly!$B$3:$B$1003,$B6) -> #VALUE! | E6: =_xlfn.MINIFS(Quarterly!$D$3:$D$1000,Quarterly!$B$3:$B$1003,$B6) -> #VALUE! | F6: =AVERAGEIF(Quarterly!$B$3:$B$1003,Annual!$B6,Quarterly!$E$3:$E$1000) -> 100.52807 | G6: =_xlfn.MAXIFS(Quarterly!$E$3:$E$1000,Quarterly!$B$3:$B$1003,$B6) -> #VALUE! | H6: =_xlfn.MINIFS(Quarterly!$E$3:$E$1000,Quarterly!$B$3:$B$1003,$B6) -> #VALUE! | L6: =AVERAGEIF(Monthly!$D$4:$D$1000,Annual!$B6,Monthly!$I$4:$I$1000) -> #DIV/0! | M6: =_xlfn.MAXIFS(Monthly!$I$4:$I$1000,Monthly!$D$4:$D$1000,$B6) -> 0 | N6: =_xlfn.MINIFS(Monthly!$I$4:$I$1000,Monthly!$D$4:$D$1000,$B6) -> 0 | O6: =M6-N6 -> 0 | P6: =AVERAGEIF(Monthly!$D$4:$D$1000,Annual!$B6,Monthly!$J$4:$J$1000) -> #DIV/0! | Q6: =_xlfn.MAXIFS(Monthly!$J$4:$J$1000,Monthly!$D$4:$D$1000,$B6) -> 0 | R6: =_xlfn.MINIFS(Monthly!$J$4:$J$1000,Monthly!$D$4:$D$1000,$B6) -> 0 | S6: =Q6-R6 -> 0 | T6: =AVERAGEIF(Monthly!$D$4:$D$1000,Annual!$B6,Monthly!$K$4:$K$1000) -> #DIV/0! | U6: =_xlfn.MAXIFS(Monthly!$K$4:$K$1000,Monthly!$D$4:$D$1000,$B6) -> 0 | V6: =_xlfn.MINIFS(Monthly!$K$4:$K$1000,Monthly!$D$4:$D$1000,$B6) -> 0 | W6: =U6-V6 -> 0 | X6: =AVERAGEIF(Monthly!$D$4:$D$1000,Annual!$B6,Monthly!$L$4:$L$1000) -> #DIV/0! | Y6: =_xlfn.MAXIFS(Monthly!$L$4:$L$1000,Monthly!$D$4:$D$1000,$B6) -> 0 | Z6: =_xlfn.MINIFS(Monthly!$L$4:$L$1000,Monthly!$D$4:$D$1000,$B6) -> 0 | AA6: =Y6-Z6 -> 0
A7: 2017 | B7: 2017 | C7: =AVERAGEIF(Quarterly!$B$3:$B$1003,Annual!$B7,Quarterly!$D$3:$D$1000) -> 46.956667 | D7: =_xlfn.MAXIFS(Quarterly!$D$3:$D$1000,Quarterly!$B$3:$B$1003,$B7) -> #VALUE! | E7: =_xlfn.MINIFS(Quarterly!$D$3:$D$1000,Quarterly!$B$3:$B$1003,$B7) -> #VALUE! | F7: =AVERAGEIF(Quarterly!$B$3:$B$1003,Annual!$B7,Quarterly!$E$3:$E$1000) -> 89.156676 | G7: =_xlfn.MAXIFS(Quarterly!$E$3:$E$1000,Quarterly!$B$3:$B$1003,$B7) -> #VALUE! | H7: =_xlfn.MINIFS(Quarterly!$E$3:$E$1000,Quarterly!$B$3:$B$1003,$B7) -> #VALUE! | L7: =AVERAGEIF(Monthly!$D$4:$D$1000,Annual!$B7,Monthly!$I$4:$I$1000) -> #DIV/0! | M7: =_xlfn.MAXIFS(Monthly!$I$4:$I$1000,Monthly!$D$4:$D$1000,$B7) -> 0 | N7: =_xlfn.MINIFS(Monthly!$I$4:$I$1000,Monthly!$D$4:$D$1000,$B7) -> 0 | O7: =M7-N7 -> 0 | P7: =AVERAGEIF(Monthly!$D$4:$D$1000,Annual!$B7,Monthly!$J$4:$J$1000) -> #DIV/0! | Q7: =_xlfn.MAXIFS(Monthly!$J$4:$J$1000,Monthly!$D$4:$D$1000,$B7) -> 0 | R7: =_xlfn.MINIFS(Monthly!$J$4:$J$1000,Monthly!$D$4:$D$1000,$B7) -> 0 | S7: =Q7-R7 -> 0 | T7: =AVERAGEIF(Monthly!$D$4:$D$1000,Annual!$B7,Monthly!$K$4:$K$1000) -> #DIV/0! | U7: =_xlfn.MAXIFS(Monthly!$K$4:$K$1000,Monthly!$D$4:$D$1000,$B7) -> 0 | V7: =_xlfn.MINIFS(Monthly!$K$4:$K$1000,Monthly!$D$4:$D$1000,$B7) -> 0 | W7: =U7-V7 -> 0 | X7: =AVERAGEIF(Monthly!$D$4:$D$1000,Annual!$B7,Monthly!$L$4:$L$1000) -> #DIV/0! | Y7: =_xlfn.MAXIFS(Monthly!$L$4:$L$1000,Monthly!$D$4:$D$1000,$B7) -> 0 | Z7: =_xlfn.MINIFS(Monthly!$L$4:$L$1000,Monthly!$D$4:$D$1000,$B7) -> 0 | AA7: =Y7-Z7 -> 0
A8: 2018 | B8: 2018 | C8: =AVERAGEIF(Quarterly!$B$3:$B$1003,Annual!$B8,Quarterly!$D$3:$D$1000) -> 75.710833 | D8: =_xlfn.MAXIFS(Quarterly!$D$3:$D$1000,Quarterly!$B$3:$B$1003,$B8) -> #VALUE! | E8: =_xlfn.MINIFS(Quarterly!$D$3:$D$1000,Quarterly!$B$3:$B$1003,$B8) -> #VALUE! | F8: =AVERAGEIF(Quarterly!$B$3:$B$1003,Annual!$B8,Quarterly!$E$3:$E$1000) -> 168.11796 | G8: =_xlfn.MAXIFS(Quarterly!$E$3:$E$1000,Quarterly!$B$3:$B$1003,$B8) -> #VALUE! | H8: =_xlfn.MINIFS(Quarterly!$E$3:$E$1000,Quarterly!$B$3:$B$1003,$B8) -> #VALUE! | L8: =AVERAGEIF(Monthly!$D$4:$D$1000,Annual!$B8,Monthly!$I$4:$I$1000) -> #DIV/0! | M8: =_xlfn.MAXIFS(Monthly!$I$4:$I$1000,Monthly!$D$4:$D$1000,$B8) -> 0 | N8: =_xlfn.MINIFS(Monthly!$I$4:$I$1000,Monthly!$D$4:$D$1000,$B8) -> 0 | O8: =M8-N8 -> 0 | P8: =AVERAGEIF(Monthly!$D$4:$D$1000,Annual!$B8,Monthly!$J$4:$J$1000) -> #DIV/0! | Q8: =_xlfn.MAXIFS(Monthly!$J$4:$J$1000,Monthly!$D$4:$D$1000,$B8) -> 0 | R8: =_xlfn.MINIFS(Monthly!$J$4:$J$1000,Monthly!$D$4:$D$1000,$B8) -> 0 | S8: =Q8-R8 -> 0 | T8: =AVERAGEIF(Monthly!$D$4:$D$1000,Annual!$B8,Monthly!$K$4:$K$1000) -> #DIV/0! | U8: =_xlfn.MAXIFS(Monthly!$K$4:$K$1000,Monthly!$D$4:$D$1000,$B8) -> 0 | V8: =_xlfn.MINIFS(Monthly!$K$4:$K$1000,Monthly!$D$4:$D$1000,$B8) -> 0 | W8: =U8-V8 -> 0 | X8: =AVERAGEIF(Monthly!$D$4:$D$1000,Annual!$B8,Monthly!$L$4:$L$1000) -> #DIV/0! | Y8: =_xlfn.MAXIFS(Monthly!$L$4:$L$1000,Monthly!$D$4:$D$1000,$B8) -> 0 | Z8: =_xlfn.MINIFS(Monthly!$L$4:$L$1000,Monthly!$D$4:$D$1000,$B8) -> 0 | AA8: =Y8-Z8 -> 0
A9: 2019 | B9: 2019 | C9: =AVERAGEIF(Quarterly!$B$3:$B$1003,Annual!$B9,Quarterly!$D$3:$D$1000) -> 151.05 | D9: =_xlfn.MAXIFS(Quarterly!$D$3:$D$1000,Quarterly!$B$3:$B$1003,$B9) -> #VALUE! | E9: =_xlfn.MINIFS(Quarterly!$D$3:$D$1000,Quarterly!$B$3:$B$1003,$B9) -> #VALUE! | F9: =AVERAGEIF(Quarterly!$B$3:$B$1003,Annual!$B9,Quarterly!$E$3:$E$1000) -> 196.42783 | G9: =_xlfn.MAXIFS(Quarterly!$E$3:$E$1000,Quarterly!$B$3:$B$1003,$B9) -> #VALUE! | H9: =_xlfn.MINIFS(Quarterly!$E$3:$E$1000,Quarterly!$B$3:$B$1003,$B9) -> #VALUE! | L9: =AVERAGEIF(Monthly!$D$4:$D$1000,Annual!$B9,Monthly!$I$4:$I$1000) -> #DIV/0! | M9: =_xlfn.MAXIFS(Monthly!$I$4:$I$1000,Monthly!$D$4:$D$1000,$B9) -> 0 | N9: =_xlfn.MINIFS(Monthly!$I$4:$I$1000,Monthly!$D$4:$D$1000,$B9) -> 0 | O9: =M9-N9 -> 0 | P9: =AVERAGEIF(Monthly!$D$4:$D$1000,Annual!$B9,Monthly!$J$4:$J$1000) -> #DIV/0! | Q9: =_xlfn.MAXIFS(Monthly!$J$4:$J$1000,Monthly!$D$4:$D$1000,$B9) -> 0 | R9: =_xlfn.MINIFS(Monthly!$J$4:$J$1000,Monthly!$D$4:$D$1000,$B9) -> 0 | S9: =Q9-R9 -> 0 | T9: =AVERAGEIF(Monthly!$D$4:$D$1000,Annual!$B9,Monthly!$K$4:$K$1000) -> #DIV/0! | U9: =_xlfn.MAXIFS(Monthly!$K$4:$K$1000,Monthly!$D$4:$D$1000,$B9) -> 0 | V9: =_xlfn.MINIFS(Monthly!$K$4:$K$1000,Monthly!$D$4:$D$1000,$B9) -> 0 | W9: =U9-V9 -> 0 | X9: =AVERAGEIF(Monthly!$D$4:$D$1000,Annual!$B9,Monthly!$L$4:$L$1000) -> #DIV/0! | Y9: =_xlfn.MAXIFS(Monthly!$L$4:$L$1000,Monthly!$D$4:$D$1000,$B9) -> 0 | Z9: =_xlfn.MINIFS(Monthly!$L$4:$L$1000,Monthly!$D$4:$D$1000,$B9) -> 0 | AA9: =Y9-Z9 -> 0
A10: 2020 | B10: 2020 | C10: =AVERAGEIF(Quarterly!$B$3:$B$1003,Annual!$B10,Quarterly!$D$3:$D$1000) -> 132.1075 | D10: =_xlfn.MAXIFS(Quarterly!$D$3:$D$1000,Quarterly!$B$3:$B$1003,$B10) -> #VALUE! | E10: =_xlfn.MINIFS(Quarterly!$D$3:$D$1000,Quarterly!$B$3:$B$1003,$B10) -> #VALUE! | F10: =AVERAGEIF(Quarterly!$B$3:$B$1003,Annual!$B10,Quarterly!$E$3:$E$1000) -> 200.31546 | G10: =_xlfn.MAXIFS(Quarterly!$E$3:$E$1000,Quarterly!$B$3:$B$1003,$B10) -> #VALUE! | H10: =_xlfn.MINIFS(Quarterly!$E$3:$E$1000,Quarterly!$B$3:$B$1003,$B10) -> #VALUE! | L10: =AVERAGEIF(Monthly!$D$4:$D$1000,Annual!$B10,Monthly!$I$4:$I$1000) -> #DIV/0! | M10: =_xlfn.MAXIFS(Monthly!$I$4:$I$1000,Monthly!$D$4:$D$1000,$B10) -> 0 | N10: =_xlfn.MINIFS(Monthly!$I$4:$I$1000,Monthly!$D$4:$D$1000,$B10) -> 0 | O10: =M10-N10 -> 0 | P10: =AVERAGEIF(Monthly!$D$4:$D$1000,Annual!$B10,Monthly!$J$4:$J$1000) -> 63.756698 | Q10: =_xlfn.MAXIFS(Monthly!$J$4:$J$1000,Monthly!$D$4:$D$1000,$B10) -> 97.181818 | R10: =_xlfn.MINIFS(Monthly!$J$4:$J$1000,Monthly!$D$4:$D$1000,$B10) -> 40.352273 | S10: =Q10-R10 -> 56.829545 | T10: =AVERAGEIF(Monthly!$D$4:$D$1000,Annual!$B10,Monthly!$K$4:$K$1000) -> 63.163052 | U10: =_xlfn.MAXIFS(Monthly!$K$4:$K$1000,Monthly!$D$4:$D$1000,$B10) -> 96.590909 | V10: =_xlfn.MINIFS(Monthly!$K$4:$K$1000,Monthly!$D$4:$D$1000,$B10) -> 39.840909 | W10: =U10-V10 -> 56.75 | X10: =AVERAGEIF(Monthly!$D$4:$D$1000,Annual!$B10,Monthly!$L$4:$L$1000) -> 43.655279 | Y10: =_xlfn.MAXIFS(Monthly!$L$4:$L$1000,Monthly!$D$4:$D$1000,$B10) -> 71.568182 | Z10: =_xlfn.MINIFS(Monthly!$L$4:$L$1000,Monthly!$D$4:$D$1000,$B10) -> 15.909091 | AA10: =Y10-Z10 -> 55.659091
A11: 2021 | B11: 2021 | C11: =AVERAGEIF(Quarterly!$B$3:$B$1003,Annual!$B11,Quarterly!$D$3:$D$1000) -> 125.2525 | D11: =_xlfn.MAXIFS(Quarterly!$D$3:$D$1000,Quarterly!$B$3:$B$1003,$B11) -> #VALUE! | E11: =_xlfn.MINIFS(Quarterly!$D$3:$D$1000,Quarterly!$B$3:$B$1003,$B11) -> #VALUE! | F11: =AVERAGEIF(Quarterly!$B$3:$B$1003,Annual!$B11,Quarterly!$E$3:$E$1000) -> 177.73874 | G11: =_xlfn.MAXIFS(Quarterly!$E$3:$E$1000,Quarterly!$B$3:$B$1003,$B11) -> #VALUE! | H11: =_xlfn.MINIFS(Quarterly!$E$3:$E$1000,Quarterly!$B$3:$B$1003,$B11) -> #VALUE! | L11: =AVERAGEIF(Monthly!$D$4:$D$1000,Annual!$B11,Monthly!$I$4:$I$1000) -> #DIV/0! | M11: =_xlfn.MAXIFS(Monthly!$I$4:$I$1000,Monthly!$D$4:$D$1000,$B11) -> 0 | N11: =_xlfn.MINIFS(Monthly!$I$4:$I$1000,Monthly!$D$4:$D$1000,$B11) -> 0 | O11: =M11-N11 -> 0 | P11: =AVERAGEIF(Monthly!$D$4:$D$1000,Annual!$B11,Monthly!$J$4:$J$1000) -> 149.18311 | Q11: =_xlfn.MAXIFS(Monthly!$J$4:$J$1000,Monthly!$D$4:$D$1000,$B11) -> 188.3125 | R11: =_xlfn.MINIFS(Monthly!$J$4:$J$1000,Monthly!$D$4:$D$1000,$B11) -> 102.61842 | S11: =Q11-R11 -> 85.694079 | T11: =AVERAGEIF(Monthly!$D$4:$D$1000,Annual!$B11,Monthly!$K$4:$K$1000) -> 148.09309 | U11: =_xlfn.MAXIFS(Monthly!$K$4:$K$1000,Monthly!$D$4:$D$1000,$B11) -> 187.5625 | V11: =_xlfn.MINIFS(Monthly!$K$4:$K$1000,Monthly!$D$4:$D$1000,$B11) -> 101.14474 | W11: =U11-V11 -> 86.417763 | X11: =AVERAGEIF(Monthly!$D$4:$D$1000,Annual!$B11,Monthly!$L$4:$L$1000) -> 130.62386 | Y11: =_xlfn.MAXIFS(Monthly!$L$4:$L$1000,Monthly!$D$4:$D$1000,$B11) -> 179.9875 | Z11: =_xlfn.MINIFS(Monthly!$L$4:$L$1000,Monthly!$D$4:$D$1000,$B11) -> 90.657895 | AA11: =Y11-Z11 -> 89.329605
A12: 2022 | B12: 2022 | C12: =AVERAGEIF(Quarterly!$B$3:$B$1003,Annual!$B12,Quarterly!$D$3:$D$1000) -> 119.02167 | D12: =_xlfn.MAXIFS(Quarterly!$D$3:$D$1000,Quarterly!$B$3:$B$1003,$B12) -> #VALUE! | E12: =_xlfn.MINIFS(Quarterly!$D$3:$D$1000,Quarterly!$B$3:$B$1003,$B12) -> #VALUE! | F12: =AVERAGEIF(Quarterly!$B$3:$B$1003,Annual!$B12,Quarterly!$E$3:$E$1000) -> 98.858071 | G12: =_xlfn.MAXIFS(Quarterly!$E$3:$E$1000,Quarterly!$B$3:$B$1003,$B12) -> #VALUE! | H12: =_xlfn.MINIFS(Quarterly!$E$3:$E$1000,Quarterly!$B$3:$B$1003,$B12) -> #VALUE! | L12: =AVERAGEIF(Monthly!$D$4:$D$1000,Annual!$B12,Monthly!$I$4:$I$1000) -> #DIV/0! | M12: =_xlfn.MAXIFS(Monthly!$I$4:$I$1000,Monthly!$D$4:$D$1000,$B12) -> 0 | N12: =_xlfn.MINIFS(Monthly!$I$4:$I$1000,Monthly!$D$4:$D$1000,$B12) -> 0 | O12: =M12-N12 -> 0 | P12: =AVERAGEIF(Monthly!$D$4:$D$1000,Annual!$B12,Monthly!$J$4:$J$1000) -> 166.4565 | Q12: =_xlfn.MAXIFS(Monthly!$J$4:$J$1000,Monthly!$D$4:$D$1000,$B12) -> 191.475 | R12: =_xlfn.MINIFS(Monthly!$J$4:$J$1000,Monthly!$D$4:$D$1000,$B12) -> 135.7125 | S12: =Q12-R12 -> 55.7625 | T12: =AVERAGEIF(Monthly!$D$4:$D$1000,Annual!$B12,Monthly!$K$4:$K$1000) -> 165.42778 | U12: =_xlfn.MAXIFS(Monthly!$K$4:$K$1000,Monthly!$D$4:$D$1000,$B12) -> 190.475 | V12: =_xlfn.MINIFS(Monthly!$K$4:$K$1000,Monthly!$D$4:$D$1000,$B12) -> 134.725 | W12: =U12-V12 -> 55.75 | X12: =AVERAGEIF(Monthly!$D$4:$D$1000,Annual!$B12,Monthly!$L$4:$L$1000) -> 146.02077 | Y12: =_xlfn.MAXIFS(Monthly!$L$4:$L$1000,Monthly!$D$4:$D$1000,$B12) -> 177.9875 | Z12: =_xlfn.MINIFS(Monthly!$L$4:$L$1000,Monthly!$D$4:$D$1000,$B12) -> 113.02632 | AA12: =Y12-Z12 -> 64.961184
A13: 2023 | B13: 2023 | C13: =AVERAGEIF(Quarterly!$B$3:$B$1003,Annual!$B13,Quarterly!$D$3:$D$1000) -> 130.63333 | D13: =_xlfn.MAXIFS(Quarterly!$D$3:$D$1000,Quarterly!$B$3:$B$1003,$B13) -> #VALUE! | E13: =_xlfn.MINIFS(Quarterly!$D$3:$D$1000,Quarterly!$B$3:$B$1003,$B13) -> #VALUE! | F13: =AVERAGEIF(Quarterly!$B$3:$B$1003,Annual!$B13,Quarterly!$E$3:$E$1000) -> 72.666232 | G13: =_xlfn.MAXIFS(Quarterly!$E$3:$E$1000,Quarterly!$B$3:$B$1003,$B13) -> #VALUE! | H13: =_xlfn.MINIFS(Quarterly!$E$3:$E$1000,Quarterly!$B$3:$B$1003,$B13) -> #VALUE! | I13: =AVERAGEIF(Quarterly!$B$3:$B$1003,Annual!$B13,Quarterly!$F$3:$F$1000) -> 93.775 | J13: =_xlfn.MAXIFS(Quarterly!$F$3:$F$1000,Quarterly!$B$3:$B$1003,$B13) -> #VALUE! | K13: =_xlfn.MINIFS(Quarterly!$F$3:$F$1000,Quarterly!$B$3:$B$1003,$B13) -> #VALUE! | L13: =AVERAGEIF(Monthly!$D$4:$D$1000,Annual!$B13,Monthly!$I$4:$I$1000) -> 315.48659 | M13: =_xlfn.MAXIFS(Monthly!$I$4:$I$1000,Monthly!$D$4:$D$1000,$B13) -> 345.325 | N13: =_xlfn.MINIFS(Monthly!$I$4:$I$1000,Monthly!$D$4:$D$1000,$B13) -> 294.6 | O13: =M13-N13 -> 50.725 | P13: =AVERAGEIF(Monthly!$D$4:$D$1000,Annual!$B13,Monthly!$J$4:$J$1000) -> 134.65752 | Q13: =_xlfn.MAXIFS(Monthly!$J$4:$J$1000,Monthly!$D$4:$D$1000,$B13) -> 169.125 | R13: =_xlfn.MINIFS(Monthly!$J$4:$J$1000,Monthly!$D$4:$D$1000,$B13) -> 81.23125 | S13: =Q13-R13 -> 87.89375 | T13: =AVERAGEIF(Monthly!$D$4:$D$1000,Annual!$B13,Monthly!$K$4:$K$1000) -> 133.78882 | U13: =_xlfn.MAXIFS(Monthly!$K$4:$K$1000,Monthly!$D$4:$D$1000,$B13) -> 168.475 | V13: =_xlfn.MINIFS(Monthly!$K$4:$K$1000,Monthly!$D$4:$D$1000,$B13) -> 80.55625 | W13: =U13-V13 -> 87.91875 | X13: =AVERAGEIF(Monthly!$D$4:$D$1000,Annual!$B13,Monthly!$L$4:$L$1000) -> 132.94936 | Y13: =_xlfn.MAXIFS(Monthly!$L$4:$L$1000,Monthly!$D$4:$D$1000,$B13) -> 166.3375 | Z13: =_xlfn.MINIFS(Monthly!$L$4:$L$1000,Monthly!$D$4:$D$1000,$B13) -> 81.15625 | AA13: =Y13-Z13 -> 85.18125
A14: 2024 | B14: 2024 | C14: =AVERAGEIF(Quarterly!$B$3:$B$1003,Annual!$B14,Quarterly!$D$3:$D$1000) -> 79.875 | D14: =_xlfn.MAXIFS(Quarterly!$D$3:$D$1000,Quarterly!$B$3:$B$1003,$B14) -> #VALUE! | E14: =_xlfn.MINIFS(Quarterly!$D$3:$D$1000,Quarterly!$B$3:$B$1003,$B14) -> #VALUE! | F14: =AVERAGEIF(Quarterly!$B$3:$B$1003,Annual!$B14,Quarterly!$E$3:$E$1000) -> 60.42136 | G14: =_xlfn.MAXIFS(Quarterly!$E$3:$E$1000,Quarterly!$B$3:$B$1003,$B14) -> #VALUE! | H14: =_xlfn.MINIFS(Quarterly!$E$3:$E$1000,Quarterly!$B$3:$B$1003,$B14) -> #VALUE! | I14: =AVERAGEIF(Quarterly!$B$3:$B$1003,Annual!$B14,Quarterly!$F$3:$F$1000) -> 48.270833 | J14: =_xlfn.MAXIFS(Quarterly!$F$3:$F$1000,Quarterly!$B$3:$B$1003,$B14) -> #VALUE! | K14: =_xlfn.MINIFS(Quarterly!$F$3:$F$1000,Quarterly!$B$3:$B$1003,$B14) -> #VALUE! | L14: =AVERAGEIF(Monthly!$D$4:$D$1000,Annual!$B14,Monthly!$I$4:$I$1000) -> 316.46377 | M14: =_xlfn.MAXIFS(Monthly!$I$4:$I$1000,Monthly!$D$4:$D$1000,$B14) -> 398.775 | N14: =_xlfn.MINIFS(Monthly!$I$4:$I$1000,Monthly!$D$4:$D$1000,$B14) -> 226.2619 | O14: =M14-N14 -> 172.5131 | P14: =AVERAGEIF(Monthly!$D$4:$D$1000,Annual!$B14,Monthly!$J$4:$J$1000) -> 58.821842 | Q14: =_xlfn.MAXIFS(Monthly!$J$4:$J$1000,Monthly!$D$4:$D$1000,$B14) -> 72.583333 | R14: =_xlfn.MINIFS(Monthly!$J$4:$J$1000,Monthly!$D$4:$D$1000,$B14) -> 47.9875 | S14: =Q14-R14 -> 24.595833 | T14: =AVERAGEIF(Monthly!$D$4:$D$1000,Annual!$B14,Monthly!$K$4:$K$1000) -> 58.033903 | U14: =_xlfn.MAXIFS(Monthly!$K$4:$K$1000,Monthly!$D$4:$D$1000,$B14) -> 71.511905 | V14: =_xlfn.MINIFS(Monthly!$K$4:$K$1000,Monthly!$D$4:$D$1000,$B14) -> 47.25 | W14: =U14-V14 -> 24.261905 | X14: =AVERAGEIF(Monthly!$D$4:$D$1000,Annual!$B14,Monthly!$L$4:$L$1000) -> 58.537996 | Y14: =_xlfn.MAXIFS(Monthly!$L$4:$L$1000,Monthly!$D$4:$D$1000,$B14) -> 71.666667 | Z14: =_xlfn.MINIFS(Monthly!$L$4:$L$1000,Monthly!$D$4:$D$1000,$B14) -> 47.35 | AA14: =Y14-Z14 -> 24.316667
A15: 2025e | B15: 2025 | C15: =AVERAGEIF(Quarterly!$B$3:$B$1003,Annual!$B15,Quarterly!$D$3:$D$1000) -> 47.341475 | D15: =_xlfn.MAXIFS(Quarterly!$D$3:$D$1000,Quarterly!$B$3:$B$1003,$B15) -> #VALUE! | E15: =_xlfn.MINIFS(Quarterly!$D$3:$D$1000,Quarterly!$B$3:$B$1003,$B15) -> #VALUE! | F15: =AVERAGEIF(Quarterly!$B$3:$B$1003,Annual!$B15,Quarterly!$E$3:$E$1000) -> 75.27557 | G15: =_xlfn.MAXIFS(Quarterly!$E$3:$E$1000,Quarterly!$B$3:$B$1003,$B15) -> #VALUE! | H15: =_xlfn.MINIFS(Quarterly!$E$3:$E$1000,Quarterly!$B$3:$B$1003,$B15) -> #VALUE! | I15: =AVERAGEIF(Quarterly!$B$3:$B$1003,Annual!$B15,Quarterly!$F$3:$F$1000) -> 37.225486 | J15: =_xlfn.MAXIFS(Quarterly!$F$3:$F$1000,Quarterly!$B$3:$B$1003,$B15) -> #VALUE! | K15: =_xlfn.MINIFS(Quarterly!$F$3:$F$1000,Quarterly!$B$3:$B$1003,$B15) -> #VALUE! | L15: =AVERAGEIF(Monthly!$D$4:$D$1000,Annual!$B15,Monthly!$I$4:$I$1000) -> 242.41385 | M15: =_xlfn.MAXIFS(Monthly!$I$4:$I$1000,Monthly!$D$4:$D$1000,$B15) -> 247.06579 | N15: =_xlfn.MINIFS(Monthly!$I$4:$I$1000,Monthly!$D$4:$D$1000,$B15) -> 237.7619 | O15: =M15-N15 -> 9.3038847 | P15: =AVERAGEIF(Monthly!$D$4:$D$1000,Annual!$B15,Monthly!$J$4:$J$1000) -> 90.868781 | Q15: =_xlfn.MAXIFS(Monthly!$J$4:$J$1000,Monthly!$D$4:$D$1000,$B15) -> 105.76822 | R15: =_xlfn.MINIFS(Monthly!$J$4:$J$1000,Monthly!$D$4:$D$1000,$B15) -> 71.869048 | S15: =Q15-R15 -> 33.899171 | T15: =AVERAGEIF(Monthly!$D$4:$D$1000,Annual!$B15,Monthly!$K$4:$K$1000) -> 89.821893 | U15: =_xlfn.MAXIFS(Monthly!$K$4:$K$1000,Monthly!$D$4:$D$1000,$B15) -> 104.84509 | V15: =_xlfn.MINIFS(Monthly!$K$4:$K$1000,Monthly!$D$4:$D$1000,$B15) -> 71.142857 | W15: =U15-V15 -> 33.702232 | X15: =AVERAGEIF(Monthly!$D$4:$D$1000,Annual!$B15,Monthly!$L$4:$L$1000) -> 84.826461 | Y15: =_xlfn.MAXIFS(Monthly!$L$4:$L$1000,Monthly!$D$4:$D$1000,$B15) -> 96.768219 | Z15: =_xlfn.MINIFS(Monthly!$L$4:$L$1000,Monthly!$D$4:$D$1000,$B15) -> 69.142857 | AA15: =Y15-Z15 -> 27.625362
A16: 2026f | B16: 2026 | C16: =AVERAGEIF(Quarterly!$B$3:$B$1003,Annual!$B16,Quarterly!$D$3:$D$1000) -> 62.936965 | D16: =_xlfn.MAXIFS(Quarterly!$D$3:$D$1000,Quarterly!$B$3:$B$1003,$B16) -> #VALUE! | E16: =_xlfn.MINIFS(Quarterly!$D$3:$D$1000,Quarterly!$B$3:$B$1003,$B16) -> #VALUE! | F16: =AVERAGEIF(Quarterly!$B$3:$B$1003,Annual!$B16,Quarterly!$E$3:$E$1000) -> 85.079045 | G16: =_xlfn.MAXIFS(Quarterly!$E$3:$E$1000,Quarterly!$B$3:$B$1003,$B16) -> #VALUE! | H16: =_xlfn.MINIFS(Quarterly!$E$3:$E$1000,Quarterly!$B$3:$B$1003,$B16) -> #VALUE! | I16: =AVERAGEIF(Quarterly!$B$3:$B$1003,Annual!$B16,Quarterly!$F$3:$F$1000) -> 45.465756 | J16: =_xlfn.MAXIFS(Quarterly!$F$3:$F$1000,Quarterly!$B$3:$B$1003,$B16) -> #VALUE! | K16: =_xlfn.MINIFS(Quarterly!$F$3:$F$1000,Quarterly!$B$3:$B$1003,$B16) -> #VALUE! | L16: =AVERAGEIF(Monthly!$D$4:$D$1000,Annual!$B16,Monthly!$I$4:$I$1000) -> #DIV/0! | M16: =_xlfn.MAXIFS(Monthly!$I$4:$I$1000,Monthly!$D$4:$D$1000,$B16) -> 0 | N16: =_xlfn.MINIFS(Monthly!$I$4:$I$1000,Monthly!$D$4:$D$1000,$B16) -> 0 | O16: =M16-N16 -> 0 | P16: =AVERAGEIF(Monthly!$D$4:$D$1000,Annual!$B16,Monthly!$J$4:$J$1000) -> 89.753675 | Q16: =_xlfn.MAXIFS(Monthly!$J$4:$J$1000,Monthly!$D$4:$D$1000,$B16) -> 97.918813 | R16: =_xlfn.MINIFS(Monthly!$J$4:$J$1000,Monthly!$D$4:$D$1000,$B16) -> 73.797762 | S16: =Q16-R16 -> 24.121052 | T16: =AVERAGEIF(Monthly!$D$4:$D$1000,Annual!$B16,Monthly!$K$4:$K$1000) -> 88.852352 | U16: =_xlfn.MAXIFS(Monthly!$K$4:$K$1000,Monthly!$D$4:$D$1000,$B16) -> 97.006372 | V16: =_xlfn.MINIFS(Monthly!$K$4:$K$1000,Monthly!$D$4:$D$1000,$B16) -> 72.918165 | W16: =U16-V16 -> 24.088207 | X16: =AVERAGEIF(Monthly!$D$4:$D$1000,Annual!$B16,Monthly!$L$4:$L$1000) -> 82.253675 | Y16: =_xlfn.MAXIFS(Monthly!$L$4:$L$1000,Monthly!$D$4:$D$1000,$B16) -> 92.607072 | Z16: =_xlfn.MINIFS(Monthly!$L$4:$L$1000,Monthly!$D$4:$D$1000,$B16) -> 65.797762 | AA16: =Y16-Z16 -> 26.80931
A17: 2027f | B17: 2027 | C17: =AVERAGEIF(Quarterly!$B$3:$B$1003,Annual!$B17,Quarterly!$D$3:$D$1000) -> 71.095072 | D17: =_xlfn.MAXIFS(Quarterly!$D$3:$D$1000,Quarterly!$B$3:$B$1003,$B17) -> #VALUE! | E17: =_xlfn.MINIFS(Quarterly!$D$3:$D$1000,Quarterly!$B$3:$B$1003,$B17) -> #VALUE! | F17: =AVERAGEIF(Quarterly!$B$3:$B$1003,Annual!$B17,Quarterly!$E$3:$E$1000) -> 87.168118 | G17: =_xlfn.MAXIFS(Quarterly!$E$3:$E$1000,Quarterly!$B$3:$B$1003,$B17) -> #VALUE! | H17: =_xlfn.MINIFS(Quarterly!$E$3:$E$1000,Quarterly!$B$3:$B$1003,$B17) -> #VALUE! | I17: =AVERAGEIF(Quarterly!$B$3:$B$1003,Annual!$B17,Quarterly!$F$3:$F$1000) -> 46.961173 | J17: =_xlfn.MAXIFS(Quarterly!$F$3:$F$1000,Quarterly!$B$3:$B$1003,$B17) -> #VALUE! | K17: =_xlfn.MINIFS(Quarterly!$F$3:$F$1000,Quarterly!$B$3:$B$1003,$B17) -> #VALUE! | L17: =AVERAGEIF(Monthly!$D$4:$D$1000,Annual!$B17,Monthly!$I$4:$I$1000) -> #DIV/0! | M17: =_xlfn.MAXIFS(Monthly!$I$4:$I$1000,Monthly!$D$4:$D$1000,$B17) -> 0 | N17: =_xlfn.MINIFS(Monthly!$I$4:$I$1000,Monthly!$D$4:$D$1000,$B17) -> 0 | O17: =M17-N17 -> 0 | P17: =AVERAGEIF(Monthly!$D$4:$D$1000,Annual!$B17,Monthly!$J$4:$J$1000) -> 77.489783 | Q17: =_xlfn.MAXIFS(Monthly!$J$4:$J$1000,Monthly!$D$4:$D$1000,$B17) -> 94.011931 | R17: =_xlfn.MINIFS(Monthly!$J$4:$J$1000,Monthly!$D$4:$D$1000,$B17) -> 55.746091 | S17: =Q17-R17 -> 38.26584 | T17: =AVERAGEIF(Monthly!$D$4:$D$1000,Annual!$B17,Monthly!$K$4:$K$1000) -> 76.605159 | U17: =_xlfn.MAXIFS(Monthly!$K$4:$K$1000,Monthly!$D$4:$D$1000,$B17) -> 93.10481 | V17: =_xlfn.MINIFS(Monthly!$K$4:$K$1000,Monthly!$D$4:$D$1000,$B17) -> 54.891076 | W17: =U17-V17 -> 38.213734 | X17: =AVERAGEIF(Monthly!$D$4:$D$1000,Annual!$B17,Monthly!$L$4:$L$1000) -> 69.489783 | Y17: =_xlfn.MAXIFS(Monthly!$L$4:$L$1000,Monthly!$D$4:$D$1000,$B17) -> 86.011931 | Z17: =_xlfn.MINIFS(Monthly!$L$4:$L$1000,Monthly!$D$4:$D$1000,$B17) -> 47.746091 | AA17: =Y17-Z17 -> 38.26584
A18: 2028f | B18: 2028 | C18: =AVERAGEIF(Quarterly!$B$3:$B$1003,Annual!$B18,Quarterly!$D$3:$D$1000) -> 76.3049 | D18: =_xlfn.MAXIFS(Quarterly!$D$3:$D$1000,Quarterly!$B$3:$B$1003,$B18) -> #VALUE! | E18: =_xlfn.MINIFS(Quarterly!$D$3:$D$1000,Quarterly!$B$3:$B$1003,$B18) -> #VALUE! | F18: =AVERAGEIF(Quarterly!$B$3:$B$1003,Annual!$B18,Quarterly!$E$3:$E$1000) -> 93.357077 | G18: =_xlfn.MAXIFS(Quarterly!$E$3:$E$1000,Quarterly!$B$3:$B$1003,$B18) -> #VALUE! | H18: =_xlfn.MINIFS(Quarterly!$E$3:$E$1000,Quarterly!$B$3:$B$1003,$B18) -> #VALUE! | I18: =AVERAGEIF(Quarterly!$B$3:$B$1003,Annual!$B18,Quarterly!$F$3:$F$1000) -> 46.992001 | J18: =_xlfn.MAXIFS(Quarterly!$F$3:$F$1000,Quarterly!$B$3:$B$1003,$B18) -> #VALUE! | K18: =_xlfn.MINIFS(Quarterly!$F$3:$F$1000,Quarterly!$B$3:$B$1003,$B18) -> #VALUE! | L18: =AVERAGEIF(Monthly!$D$4:$D$1000,Annual!$B18,Monthly!$I$4:$I$1000) -> #DIV/0! | M18: =_xlfn.MAXIFS(Monthly!$I$4:$I$1000,Monthly!$D$4:$D$1000,$B18) -> 0 | N18: =_xlfn.MINIFS(Monthly!$I$4:$I$1000,Monthly!$D$4:$D$1000,$B18) -> 0 | O18: =M18-N18 -> 0 | P18: =AVERAGEIF(Monthly!$D$4:$D$1000,Annual!$B18,Monthly!$J$4:$J$1000) -> 75.081233 | Q18: =_xlfn.MAXIFS(Monthly!$J$4:$J$1000,Monthly!$D$4:$D$1000,$B18) -> 106.45919 | R18: =_xlfn.MINIFS(Monthly!$J$4:$J$1000,Monthly!$D$4:$D$1000,$B18) -> 57.736302 | S18: =Q18-R18 -> 48.722893 | T18: =AVERAGEIF(Monthly!$D$4:$D$1000,Annual!$B18,Monthly!$K$4:$K$1000) -> 74.199889 | U18: =_xlfn.MAXIFS(Monthly!$K$4:$K$1000,Monthly!$D$4:$D$1000,$B18) -> 105.53512 | V18: =_xlfn.MINIFS(Monthly!$K$4:$K$1000,Monthly!$D$4:$D$1000,$B18) -> 56.878576 | W18: =U18-V18 -> 48.656549 | X18: =AVERAGEIF(Monthly!$D$4:$D$1000,Annual!$B18,Monthly!$L$4:$L$1000) -> 67.081233 | Y18: =_xlfn.MAXIFS(Monthly!$L$4:$L$1000,Monthly!$D$4:$D$1000,$B18) -> 98.459195 | Z18: =_xlfn.MINIFS(Monthly!$L$4:$L$1000,Monthly!$D$4:$D$1000,$B18) -> 49.736302 | AA18: =Y18-Z18 -> 48.722893
A19: 2029f | B19: 2029 | C19: =AVERAGEIF(Quarterly!$B$3:$B$1003,Annual!$B19,Quarterly!$D$3:$D$1000) -> 91.45737 | D19: =_xlfn.MAXIFS(Quarterly!$D$3:$D$1000,Quarterly!$B$3:$B$1003,$B19) -> #VALUE! | E19: =_xlfn.MINIFS(Quarterly!$D$3:$D$1000,Quarterly!$B$3:$B$1003,$B19) -> #VALUE! | F19: =AVERAGEIF(Quarterly!$B$3:$B$1003,Annual!$B19,Quarterly!$E$3:$E$1000) -> 110.96401 | G19: =_xlfn.MAXIFS(Quarterly!$E$3:$E$1000,Quarterly!$B$3:$B$1003,$B19) -> #VALUE! | H19: =_xlfn.MINIFS(Quarterly!$E$3:$E$1000,Quarterly!$B$3:$B$1003,$B19) -> #VALUE! | I19: =AVERAGEIF(Quarterly!$B$3:$B$1003,Annual!$B19,Quarterly!$F$3:$F$1000) -> 44.021551 | J19: =_xlfn.MAXIFS(Quarterly!$F$3:$F$1000,Quarterly!$B$3:$B$1003,$B19) -> #VALUE! | K19: =_xlfn.MINIFS(Quarterly!$F$3:$F$1000,Quarterly!$B$3:$B$1003,$B19) -> #VALUE! | L19: =AVERAGEIF(Monthly!$D$4:$D$1000,Annual!$B19,Monthly!$I$4:$I$1000) -> #DIV/0! | M19: =_xlfn.MAXIFS(Monthly!$I$4:$I$1000,Monthly!$D$4:$D$1000,$B19) -> 0 | N19: =_xlfn.MINIFS(Monthly!$I$4:$I$1000,Monthly!$D$4:$D$1000,$B19) -> 0 | O19: =M19-N19 -> 0 | P19: =AVERAGEIF(Monthly!$D$4:$D$1000,Annual!$B19,Monthly!$J$4:$J$1000) -> 76.658825 | Q19: =_xlfn.MAXIFS(Monthly!$J$4:$J$1000,Monthly!$D$4:$D$1000,$B19) -> 110.40502 | R19: =_xlfn.MINIFS(Monthly!$J$4:$J$1000,Monthly!$D$4:$D$1000,$B19) -> 52.071091 | S19: =Q19-R19 -> 58.333926 | T19: =AVERAGEIF(Monthly!$D$4:$D$1000,Annual!$B19,Monthly!$K$4:$K$1000) -> 75.775333 | U19: =_xlfn.MAXIFS(Monthly!$K$4:$K$1000,Monthly!$D$4:$D$1000,$B19) -> 109.47557 | V19: =_xlfn.MINIFS(Monthly!$K$4:$K$1000,Monthly!$D$4:$D$1000,$B19) -> 51.221079 | W19: =U19-V19 -> 58.254494 | X19: =AVERAGEIF(Monthly!$D$4:$D$1000,Annual!$B19,Monthly!$L$4:$L$1000) -> 68.658825 | Y19: =_xlfn.MAXIFS(Monthly!$L$4:$L$1000,Monthly!$D$4:$D$1000,$B19) -> 102.40502 | Z19: =_xlfn.MINIFS(Monthly!$L$4:$L$1000,Monthly!$D$4:$D$1000,$B19) -> 44.071091 | AA19: =Y19-Z19 -> 58.333926
A20: 2030f | B20: 2030 | C20: =AVERAGEIF(Quarterly!$B$3:$B$1003,Annual!$B20,Quarterly!$D$3:$D$1000) -> 93.05576 | D20: =_xlfn.MAXIFS(Quarterly!$D$3:$D$1000,Quarterly!$B$3:$B$1003,$B20) -> #VALUE! | E20: =_xlfn.MINIFS(Quarterly!$D$3:$D$1000,Quarterly!$B$3:$B$1003,$B20) -> #VALUE! | F20: =AVERAGEIF(Quarterly!$B$3:$B$1003,Annual!$B20,Quarterly!$E$3:$E$1000) -> 103.76154 | G20: =_xlfn.MAXIFS(Quarterly!$E$3:$E$1000,Quarterly!$B$3:$B$1003,$B20) -> #VALUE! | H20: =_xlfn.MINIFS(Quarterly!$E$3:$E$1000,Quarterly!$B$3:$B$1003,$B20) -> #VALUE! | I20: =AVERAGEIF(Quarterly!$B$3:$B$1003,Annual!$B20,Quarterly!$F$3:$F$1000) -> 44.456809 | J20: =_xlfn.MAXIFS(Quarterly!$F$3:$F$1000,Quarterly!$B$3:$B$1003,$B20) -> #VALUE! | K20: =_xlfn.MINIFS(Quarterly!$F$3:$F$1000,Quarterly!$B$3:$B$1003,$B20) -> #VALUE! | L20: =AVERAGEIF(Monthly!$D$4:$D$1000,Annual!$B20,Monthly!$I$4:$I$1000) -> #DIV/0! | M20: =_xlfn.MAXIFS(Monthly!$I$4:$I$1000,Monthly!$D$4:$D$1000,$B20) -> 0 | N20: =_xlfn.MINIFS(Monthly!$I$4:$I$1000,Monthly!$D$4:$D$1000,$B20) -> 0 | O20: =M20-N20 -> 0 | P20: =AVERAGEIF(Monthly!$D$4:$D$1000,Annual!$B20,Monthly!$J$4:$J$1000) -> 96.85658 | Q20: =_xlfn.MAXIFS(Monthly!$J$4:$J$1000,Monthly!$D$4:$D$1000,$B20) -> 130.30951 | R20: =_xlfn.MINIFS(Monthly!$J$4:$J$1000,Monthly!$D$4:$D$1000,$B20) -> 71.28488 | S20: =Q20-R20 -> 59.024629 | T20: =AVERAGEIF(Monthly!$D$4:$D$1000,Annual!$B20,Monthly!$K$4:$K$1000) -> 95.945586 | U20: =_xlfn.MAXIFS(Monthly!$K$4:$K$1000,Monthly!$D$4:$D$1000,$B20) -> 129.35296 | V20: =_xlfn.MINIFS(Monthly!$K$4:$K$1000,Monthly!$D$4:$D$1000,$B20) -> 70.408705 | W20: =U20-V20 -> 58.944257 | X20: =AVERAGEIF(Monthly!$D$4:$D$1000,Annual!$B20,Monthly!$L$4:$L$1000) -> 88.85658 | Y20: =_xlfn.MAXIFS(Monthly!$L$4:$L$1000,Monthly!$D$4:$D$1000,$B20) -> 122.30951 | Z20: =_xlfn.MINIFS(Monthly!$L$4:$L$1000,Monthly!$D$4:$D$1000,$B20) -> 63.28488 | AA20: =Y20-Z20 -> 59.024629
A21: 2031f | B21: 2031 | C21: =AVERAGEIF(Quarterly!$B$3:$B$1003,Annual!$B21,Quarterly!$D$3:$D$1000) -> 91.948817 | D21: =_xlfn.MAXIFS(Quarterly!$D$3:$D$1000,Quarterly!$B$3:$B$1003,$B21) -> #VALUE! | E21: =_xlfn.MINIFS(Quarterly!$D$3:$D$1000,Quarterly!$B$3:$B$1003,$B21) -> #VALUE! | F21: =AVERAGEIF(Quarterly!$B$3:$B$1003,Annual!$B21,Quarterly!$E$3:$E$1000) -> 100.34017 | G21: =_xlfn.MAXIFS(Quarterly!$E$3:$E$1000,Quarterly!$B$3:$B$1003,$B21) -> #VALUE! | H21: =_xlfn.MINIFS(Quarterly!$E$3:$E$1000,Quarterly!$B$3:$B$1003,$B21) -> #VALUE! | I21: =AVERAGEIF(Quarterly!$B$3:$B$1003,Annual!$B21,Quarterly!$F$3:$F$1000) -> 44.819658 | J21: =_xlfn.MAXIFS(Quarterly!$F$3:$F$1000,Quarterly!$B$3:$B$1003,$B21) -> #VALUE! | K21: =_xlfn.MINIFS(Quarterly!$F$3:$F$1000,Quarterly!$B$3:$B$1003,$B21) -> #VALUE! | L21: =AVERAGEIF(Monthly!$D$4:$D$1000,Annual!$B21,Monthly!$I$4:$I$1000) -> #DIV/0! | M21: =_xlfn.MAXIFS(Monthly!$I$4:$I$1000,Monthly!$D$4:$D$1000,$B21) -> 0 | N21: =_xlfn.MINIFS(Monthly!$I$4:$I$1000,Monthly!$D$4:$D$1000,$B21) -> 0 | O21: =M21-N21 -> 0 | P21: =AVERAGEIF(Monthly!$D$4:$D$1000,Annual!$B21,Monthly!$J$4:$J$1000) -> 88.143786 | Q21: =_xlfn.MAXIFS(Monthly!$J$4:$J$1000,Monthly!$D$4:$D$1000,$B21) -> 130.33953 | R21: =_xlfn.MINIFS(Monthly!$J$4:$J$1000,Monthly!$D$4:$D$1000,$B21) -> 58.149157 | S21: =Q21-R21 -> 72.190376 | T21: =AVERAGEIF(Monthly!$D$4:$D$1000,Annual!$B21,Monthly!$K$4:$K$1000) -> 87.244655 | U21: =_xlfn.MAXIFS(Monthly!$K$4:$K$1000,Monthly!$D$4:$D$1000,$B21) -> 129.38295 | V21: =_xlfn.MINIFS(Monthly!$K$4:$K$1000,Monthly!$D$4:$D$1000,$B21) -> 57.290869 | W21: =U21-V21 -> 72.092077 | X21: =AVERAGEIF(Monthly!$D$4:$D$1000,Annual!$B21,Monthly!$L$4:$L$1000) -> 80.143786 | Y21: =_xlfn.MAXIFS(Monthly!$L$4:$L$1000,Monthly!$D$4:$D$1000,$B21) -> 122.33953 | Z21: =_xlfn.MINIFS(Monthly!$L$4:$L$1000,Monthly!$D$4:$D$1000,$B21) -> 50.149157 | AA21: =Y21-Z21 -> 72.190376
A22: 2032f | B22: 2032 | C22: =AVERAGEIF(Quarterly!$B$3:$B$1003,Annual!$B22,Quarterly!$D$3:$D$1000) -> 91.622968 | D22: =_xlfn.MAXIFS(Quarterly!$D$3:$D$1000,Quarterly!$B$3:$B$1003,$B22) -> #VALUE! | E22: =_xlfn.MINIFS(Quarterly!$D$3:$D$1000,Quarterly!$B$3:$B$1003,$B22) -> #VALUE! | F22: =AVERAGEIF(Quarterly!$B$3:$B$1003,Annual!$B22,Quarterly!$E$3:$E$1000) -> 98.78514 | G22: =_xlfn.MAXIFS(Quarterly!$E$3:$E$1000,Quarterly!$B$3:$B$1003,$B22) -> #VALUE! | H22: =_xlfn.MINIFS(Quarterly!$E$3:$E$1000,Quarterly!$B$3:$B$1003,$B22) -> #VALUE! | I22: =AVERAGEIF(Quarterly!$B$3:$B$1003,Annual!$B22,Quarterly!$F$3:$F$1000) -> 44.984576 | J22: =_xlfn.MAXIFS(Quarterly!$F$3:$F$1000,Quarterly!$B$3:$B$1003,$B22) -> #VALUE! | K22: =_xlfn.MINIFS(Quarterly!$F$3:$F$1000,Quarterly!$B$3:$B$1003,$B22) -> #VALUE! | L22: =AVERAGEIF(Monthly!$D$4:$D$1000,Annual!$B22,Monthly!$I$4:$I$1000) -> #DIV/0! | M22: =_xlfn.MAXIFS(Monthly!$I$4:$I$1000,Monthly!$D$4:$D$1000,$B22) -> 0 | N22: =_xlfn.MINIFS(Monthly!$I$4:$I$1000,Monthly!$D$4:$D$1000,$B22) -> 0 | O22: =M22-N22 -> 0 | P22: =AVERAGEIF(Monthly!$D$4:$D$1000,Annual!$B22,Monthly!$J$4:$J$1000) -> 75.034255 | Q22: =_xlfn.MAXIFS(Monthly!$J$4:$J$1000,Monthly!$D$4:$D$1000,$B22) -> 105.8506 | R22: =_xlfn.MINIFS(Monthly!$J$4:$J$1000,Monthly!$D$4:$D$1000,$B22) -> 45.248167 | S22: =Q22-R22 -> 60.602435 | T22: =AVERAGEIF(Monthly!$D$4:$D$1000,Annual!$B22,Monthly!$K$4:$K$1000) -> 74.152975 | U22: =_xlfn.MAXIFS(Monthly!$K$4:$K$1000,Monthly!$D$4:$D$1000,$B22) -> 104.92736 | V22: =_xlfn.MINIFS(Monthly!$K$4:$K$1000,Monthly!$D$4:$D$1000,$B22) -> 44.407446 | W22: =U22-V22 -> 60.519915 | X22: =AVERAGEIF(Monthly!$D$4:$D$1000,Annual!$B22,Monthly!$L$4:$L$1000) -> 67.034255 | Y22: =_xlfn.MAXIFS(Monthly!$L$4:$L$1000,Monthly!$D$4:$D$1000,$B22) -> 97.850602 | Z22: =_xlfn.MINIFS(Monthly!$L$4:$L$1000,Monthly!$D$4:$D$1000,$B22) -> 37.248167 | AA22: =Y22-Z22 -> 60.602435
A23: 2033f | B23: 2033 | C23: =AVERAGEIF(Quarterly!$B$3:$B$1003,Annual!$B23,Quarterly!$D$3:$D$1000) -> 94.348531 | D23: =_xlfn.MAXIFS(Quarterly!$D$3:$D$1000,Quarterly!$B$3:$B$1003,$B23) -> #VALUE! | E23: =_xlfn.MINIFS(Quarterly!$D$3:$D$1000,Quarterly!$B$3:$B$1003,$B23) -> #VALUE! | F23: =AVERAGEIF(Quarterly!$B$3:$B$1003,Annual!$B23,Quarterly!$E$3:$E$1000) -> 104.43593 | G23: =_xlfn.MAXIFS(Quarterly!$E$3:$E$1000,Quarterly!$B$3:$B$1003,$B23) -> #VALUE! | H23: =_xlfn.MINIFS(Quarterly!$E$3:$E$1000,Quarterly!$B$3:$B$1003,$B23) -> #VALUE! | I23: =AVERAGEIF(Quarterly!$B$3:$B$1003,Annual!$B23,Quarterly!$F$3:$F$1000) -> 44.385286 | J23: =_xlfn.MAXIFS(Quarterly!$F$3:$F$1000,Quarterly!$B$3:$B$1003,$B23) -> #VALUE! | K23: =_xlfn.MINIFS(Quarterly!$F$3:$F$1000,Quarterly!$B$3:$B$1003,$B23) -> #VALUE! | L23: =AVERAGEIF(Monthly!$D$4:$D$1000,Annual!$B23,Monthly!$I$4:$I$1000) -> #DIV/0! | M23: =_xlfn.MAXIFS(Monthly!$I$4:$I$1000,Monthly!$D$4:$D$1000,$B23) -> 0 | N23: =_xlfn.MINIFS(Monthly!$I$4:$I$1000,Monthly!$D$4:$D$1000,$B23) -> 0 | O23: =M23-N23 -> 0 | P23: =AVERAGEIF(Monthly!$D$4:$D$1000,Annual!$B23,Monthly!$J$4:$J$1000) -> 106.54395 | Q23: =_xlfn.MAXIFS(Monthly!$J$4:$J$1000,Monthly!$D$4:$D$1000,$B23) -> 152.61302 | R23: =_xlfn.MINIFS(Monthly!$J$4:$J$1000,Monthly!$D$4:$D$1000,$B23) -> 56.095287 | S23: =Q23-R23 -> 96.51773 | T23: =AVERAGEIF(Monthly!$D$4:$D$1000,Annual!$B23,Monthly!$K$4:$K$1000) -> 105.61977 | U23: =_xlfn.MAXIFS(Monthly!$K$4:$K$1000,Monthly!$D$4:$D$1000,$B23) -> 151.6261 | V23: =_xlfn.MINIFS(Monthly!$K$4:$K$1000,Monthly!$D$4:$D$1000,$B23) -> 55.239796 | W23: =U23-V23 -> 96.386305 | X23: =AVERAGEIF(Monthly!$D$4:$D$1000,Annual!$B23,Monthly!$L$4:$L$1000) -> 98.543952 | Y23: =_xlfn.MAXIFS(Monthly!$L$4:$L$1000,Monthly!$D$4:$D$1000,$B23) -> 144.61302 | Z23: =_xlfn.MINIFS(Monthly!$L$4:$L$1000,Monthly!$D$4:$D$1000,$B23) -> 48.095287 | AA23: =Y23-Z23 -> 96.51773
A24: 2034f | B24: 2034 | C24: =AVERAGEIF(Quarterly!$B$3:$B$1003,Annual!$B24,Quarterly!$D$3:$D$1000) -> 102.38124 | D24: =_xlfn.MAXIFS(Quarterly!$D$3:$D$1000,Quarterly!$B$3:$B$1003,$B24) -> #VALUE! | E24: =_xlfn.MINIFS(Quarterly!$D$3:$D$1000,Quarterly!$B$3:$B$1003,$B24) -> #VALUE! | F24: =AVERAGEIF(Quarterly!$B$3:$B$1003,Annual!$B24,Quarterly!$E$3:$E$1000) -> 122.62174 | G24: =_xlfn.MAXIFS(Quarterly!$E$3:$E$1000,Quarterly!$B$3:$B$1003,$B24) -> #VALUE! | H24: =_xlfn.MINIFS(Quarterly!$E$3:$E$1000,Quarterly!$B$3:$B$1003,$B24) -> #VALUE! | I24: =AVERAGEIF(Quarterly!$B$3:$B$1003,Annual!$B24,Quarterly!$F$3:$F$1000) -> 42.456607 | J24: =_xlfn.MAXIFS(Quarterly!$F$3:$F$1000,Quarterly!$B$3:$B$1003,$B24) -> #VALUE! | K24: =_xlfn.MINIFS(Quarterly!$F$3:$F$1000,Quarterly!$B$3:$B$1003,$B24) -> #VALUE! | L24: =AVERAGEIF(Monthly!$D$4:$D$1000,Annual!$B24,Monthly!$I$4:$I$1000) -> #DIV/0! | M24: =_xlfn.MAXIFS(Monthly!$I$4:$I$1000,Monthly!$D$4:$D$1000,$B24) -> 0 | N24: =_xlfn.MINIFS(Monthly!$I$4:$I$1000,Monthly!$D$4:$D$1000,$B24) -> 0 | O24: =M24-N24 -> 0 | P24: =AVERAGEIF(Monthly!$D$4:$D$1000,Annual!$B24,Monthly!$J$4:$J$1000) -> 132.09585 | Q24: =_xlfn.MAXIFS(Monthly!$J$4:$J$1000,Monthly!$D$4:$D$1000,$B24) -> 194.64301 | R24: =_xlfn.MINIFS(Monthly!$J$4:$J$1000,Monthly!$D$4:$D$1000,$B24) -> 61.174666 | S24: =Q24-R24 -> 133.46835 | T24: =AVERAGEIF(Monthly!$D$4:$D$1000,Annual!$B24,Monthly!$K$4:$K$1000) -> 131.13687 | U24: =_xlfn.MAXIFS(Monthly!$K$4:$K$1000,Monthly!$D$4:$D$1000,$B24) -> 193.59887 | V24: =_xlfn.MINIFS(Monthly!$K$4:$K$1000,Monthly!$D$4:$D$1000,$B24) -> 60.312258 | W24: =U24-V24 -> 133.28661 | X24: =AVERAGEIF(Monthly!$D$4:$D$1000,Annual!$B24,Monthly!$L$4:$L$1000) -> 124.09585 | Y24: =_xlfn.MAXIFS(Monthly!$L$4:$L$1000,Monthly!$D$4:$D$1000,$B24) -> 186.64301 | Z24: =_xlfn.MINIFS(Monthly!$L$4:$L$1000,Monthly!$D$4:$D$1000,$B24) -> 53.174666 | AA24: =Y24-Z24 -> 133.46835
A25: 2035f | B25: 2035 | C25: =AVERAGEIF(Quarterly!$B$3:$B$1003,Annual!$B25,Quarterly!$D$3:$D$1000) -> 100.9544 | D25: =_xlfn.MAXIFS(Quarterly!$D$3:$D$1000,Quarterly!$B$3:$B$1003,$B25) -> #VALUE! | E25: =_xlfn.MINIFS(Quarterly!$D$3:$D$1000,Quarterly!$B$3:$B$1003,$B25) -> #VALUE! | F25: =AVERAGEIF(Quarterly!$B$3:$B$1003,Annual!$B25,Quarterly!$E$3:$E$1000) -> 118.58103 | G25: =_xlfn.MAXIFS(Quarterly!$E$3:$E$1000,Quarterly!$B$3:$B$1003,$B25) -> #VALUE! | H25: =_xlfn.MINIFS(Quarterly!$E$3:$E$1000,Quarterly!$B$3:$B$1003,$B25) -> #VALUE! | I25: =AVERAGEIF(Quarterly!$B$3:$B$1003,Annual!$B25,Quarterly!$F$3:$F$1000) -> 42.88514 | J25: =_xlfn.MAXIFS(Quarterly!$F$3:$F$1000,Quarterly!$B$3:$B$1003,$B25) -> #VALUE! | K25: =_xlfn.MINIFS(Quarterly!$F$3:$F$1000,Quarterly!$B$3:$B$1003,$B25) -> #VALUE! | L25: =AVERAGEIF(Monthly!$D$4:$D$1000,Annual!$B25,Monthly!$I$4:$I$1000) -> #DIV/0! | M25: =_xlfn.MAXIFS(Monthly!$I$4:$I$1000,Monthly!$D$4:$D$1000,$B25) -> 0 | N25: =_xlfn.MINIFS(Monthly!$I$4:$I$1000,Monthly!$D$4:$D$1000,$B25) -> 0 | O25: =M25-N25 -> 0 | P25: =AVERAGEIF(Monthly!$D$4:$D$1000,Annual!$B25,Monthly!$J$4:$J$1000) -> 140.28384 | Q25: =_xlfn.MAXIFS(Monthly!$J$4:$J$1000,Monthly!$D$4:$D$1000,$B25) -> 214.45926 | R25: =_xlfn.MINIFS(Monthly!$J$4:$J$1000,Monthly!$D$4:$D$1000,$B25) -> 62.823418 | S25: =Q25-R25 -> 151.63585 | T25: =AVERAGEIF(Monthly!$D$4:$D$1000,Annual!$B25,Monthly!$K$4:$K$1000) -> 139.31371 | U25: =_xlfn.MAXIFS(Monthly!$K$4:$K$1000,Monthly!$D$4:$D$1000,$B25) -> 213.38813 | V25: =_xlfn.MINIFS(Monthly!$K$4:$K$1000,Monthly!$D$4:$D$1000,$B25) -> 61.958765 | W25: =U25-V25 -> 151.42937 | X25: =AVERAGEIF(Monthly!$D$4:$D$1000,Annual!$B25,Monthly!$L$4:$L$1000) -> 132.28384 | Y25: =_xlfn.MAXIFS(Monthly!$L$4:$L$1000,Monthly!$D$4:$D$1000,$B25) -> 206.45926 | Z25: =_xlfn.MINIFS(Monthly!$L$4:$L$1000,Monthly!$D$4:$D$1000,$B25) -> 54.823418 | AA25: =Y25-Z25 -> 151.63585
A26: 2036f | B26: 2036 | C26: =AVERAGEIF(Quarterly!$B$3:$B$1003,Annual!$B26,Quarterly!$D$3:$D$1000) -> 106.19602 | F26: =AVERAGEIF(Quarterly!$B$3:$B$1003,Annual!$B26,Quarterly!$E$3:$E$1000) -> 130.16688 | I26: =AVERAGEIF(Quarterly!$B$3:$B$1003,Annual!$B26,Quarterly!$F$3:$F$1000) -> 41.656414 | P26: =AVERAGEIF(Monthly!$D$4:$D$1000,Annual!$B26,Monthly!$J$4:$J$1000) -> 148.52359 | Q26: =_xlfn.MAXIFS(Monthly!$J$4:$J$1000,Monthly!$D$4:$D$1000,$B26) -> 231.2365 | R26: =_xlfn.MINIFS(Monthly!$J$4:$J$1000,Monthly!$D$4:$D$1000,$B26) -> 76.04104 | S26: =Q26-R26 -> 155.19546
A27: 2037f | B27: 2037 | C27: =AVERAGEIF(Quarterly!$B$3:$B$1003,Annual!$B27,Quarterly!$D$3:$D$1000) -> 104.37786 | F27: =AVERAGEIF(Quarterly!$B$3:$B$1003,Annual!$B27,Quarterly!$E$3:$E$1000) -> 125.24582 | I27: =AVERAGEIF(Quarterly!$B$3:$B$1003,Annual!$B27,Quarterly!$F$3:$F$1000) -> 42.178313 | P27: =AVERAGEIF(Monthly!$D$4:$D$1000,Annual!$B27,Monthly!$J$4:$J$1000) -> 111.23458 | Q27: =_xlfn.MAXIFS(Monthly!$J$4:$J$1000,Monthly!$D$4:$D$1000,$B27) -> 157.15752 | R27: =_xlfn.MINIFS(Monthly!$J$4:$J$1000,Monthly!$D$4:$D$1000,$B27) -> 68.400341 | S27: =Q27-R27 -> 88.757181
A28: 2038f | B28: 2038 | C28: =AVERAGEIF(Quarterly!$B$3:$B$1003,Annual!$B28,Quarterly!$D$3:$D$1000) -> 100.72443 | F28: =AVERAGEIF(Quarterly!$B$3:$B$1003,Annual!$B28,Quarterly!$E$3:$E$1000) -> 116.17659 | I28: =AVERAGEIF(Quarterly!$B$3:$B$1003,Annual!$B28,Quarterly!$F$3:$F$1000) -> 43.140141 | P28: =AVERAGEIF(Monthly!$D$4:$D$1000,Annual!$B28,Monthly!$J$4:$J$1000) -> 111.18463 | Q28: =_xlfn.MAXIFS(Monthly!$J$4:$J$1000,Monthly!$D$4:$D$1000,$B28) -> 180.46978 | R28: =_xlfn.MINIFS(Monthly!$J$4:$J$1000,Monthly!$D$4:$D$1000,$B28) -> 38.549131 | S28: =Q28-R28 -> 141.92065
A29: 2039f | B29: 2039 | C29: =AVERAGEIF(Quarterly!$B$3:$B$1003,Annual!$B29,Quarterly!$D$3:$D$1000) -> 100.09801 | F29: =AVERAGEIF(Quarterly!$B$3:$B$1003,Annual!$B29,Quarterly!$E$3:$E$1000) -> 114.19158 | I29: =AVERAGEIF(Quarterly!$B$3:$B$1003,Annual!$B29,Quarterly!$F$3:$F$1000) -> 43.35066 | P29: =AVERAGEIF(Monthly!$D$4:$D$1000,Annual!$B29,Monthly!$J$4:$J$1000) -> 102.02221 | Q29: =_xlfn.MAXIFS(Monthly!$J$4:$J$1000,Monthly!$D$4:$D$1000,$B29) -> 182.54848 | R29: =_xlfn.MINIFS(Monthly!$J$4:$J$1000,Monthly!$D$4:$D$1000,$B29) -> 28.104664 | S29: =Q29-R29 -> 154.44382
A30: 2040f | B30: 2040 | C30: =AVERAGEIF(Quarterly!$B$3:$B$1003,Annual!$B30,Quarterly!$D$3:$D$1000) -> 101.42752 | F30: =AVERAGEIF(Quarterly!$B$3:$B$1003,Annual!$B30,Quarterly!$E$3:$E$1000) -> 116.76426 | I30: =AVERAGEIF(Quarterly!$B$3:$B$1003,Annual!$B30,Quarterly!$F$3:$F$1000) -> 43.077817 | P30: =AVERAGEIF(Monthly!$D$4:$D$1000,Annual!$B30,Monthly!$J$4:$J$1000) -> 99.037228 | Q30: =_xlfn.MAXIFS(Monthly!$J$4:$J$1000,Monthly!$D$4:$D$1000,$B30) -> 173.49252 | R30: =_xlfn.MINIFS(Monthly!$J$4:$J$1000,Monthly!$D$4:$D$1000,$B30) -> 44.57245 | S30: =Q30-R30 -> 128.92007
B31: 2041 | C31: =AVERAGEIF(Quarterly!$B$3:$B$1003,Annual!$B31,Quarterly!$D$3:$D$1000) -> 105.7082 | F31: =AVERAGEIF(Quarterly!$B$3:$B$1003,Annual!$B31,Quarterly!$E$3:$E$1000) -> 126.16884 | I31: =AVERAGEIF(Quarterly!$B$3:$B$1003,Annual!$B31,Quarterly!$F$3:$F$1000) -> 42.080422 | P31: =AVERAGEIF(Monthly!$D$4:$D$1000,Annual!$B31,Monthly!$J$4:$J$1000) -> 119.55976 | Q31: =_xlfn.MAXIFS(Monthly!$J$4:$J$1000,Monthly!$D$4:$D$1000,$B31) -> 173.90191 | R31: =_xlfn.MINIFS(Monthly!$J$4:$J$1000,Monthly!$D$4:$D$1000,$B31) -> 79.921722 | S31: =Q31-R31 -> 93.98019
B32: 2042 | C32: =AVERAGEIF(Quarterly!$B$3:$B$1003,Annual!$B32,Quarterly!$D$3:$D$1000) -> 108.55344 | F32: =AVERAGEIF(Quarterly!$B$3:$B$1003,Annual!$B32,Quarterly!$E$3:$E$1000) -> 132.18691 | I32: =AVERAGEIF(Quarterly!$B$3:$B$1003,Annual!$B32,Quarterly!$F$3:$F$1000) -> 41.442182 | P32: =AVERAGEIF(Monthly!$D$4:$D$1000,Annual!$B32,Monthly!$J$4:$J$1000) -> 132.13832 | Q32: =_xlfn.MAXIFS(Monthly!$J$4:$J$1000,Monthly!$D$4:$D$1000,$B32) -> 188.10169 | R32: =_xlfn.MINIFS(Monthly!$J$4:$J$1000,Monthly!$D$4:$D$1000,$B32) -> 87.244779 | S32: =Q32-R32 -> 100.85691
B33: 2043 | C33: =AVERAGEIF(Quarterly!$B$3:$B$1003,Annual!$B33,Quarterly!$D$3:$D$1000) -> 108.55713 | F33: =AVERAGEIF(Quarterly!$B$3:$B$1003,Annual!$B33,Quarterly!$E$3:$E$1000) -> 131.6286 | I33: =AVERAGEIF(Quarterly!$B$3:$B$1003,Annual!$B33,Quarterly!$F$3:$F$1000) -> 41.501392 | P33: =AVERAGEIF(Monthly!$D$4:$D$1000,Annual!$B33,Monthly!$J$4:$J$1000) -> 125.10382 | Q33: =_xlfn.MAXIFS(Monthly!$J$4:$J$1000,Monthly!$D$4:$D$1000,$B33) -> 177.0345 | R33: =_xlfn.MINIFS(Monthly!$J$4:$J$1000,Monthly!$D$4:$D$1000,$B33) -> 71.702165 | S33: =Q33-R33 -> 105.33234
B34: 2044 | C34: =AVERAGEIF(Quarterly!$B$3:$B$1003,Annual!$B34,Quarterly!$D$3:$D$1000) -> 108.79868 | F34: =AVERAGEIF(Quarterly!$B$3:$B$1003,Annual!$B34,Quarterly!$E$3:$E$1000) -> 131.64297 | I34: =AVERAGEIF(Quarterly!$B$3:$B$1003,Annual!$B34,Quarterly!$F$3:$F$1000) -> 41.499869 | P34: =AVERAGEIF(Monthly!$D$4:$D$1000,Annual!$B34,Monthly!$J$4:$J$1000) -> 138.18567 | Q34: =_xlfn.MAXIFS(Monthly!$J$4:$J$1000,Monthly!$D$4:$D$1000,$B34) -> 187.6936 | R34: =_xlfn.MINIFS(Monthly!$J$4:$J$1000,Monthly!$D$4:$D$1000,$B34) -> 72.627641 | S34: =Q34-R34 -> 115.06596
B35: 2045 | C35: =AVERAGEIF(Quarterly!$B$3:$B$1003,Annual!$B35,Quarterly!$D$3:$D$1000) -> 109.02727 | F35: =AVERAGEIF(Quarterly!$B$3:$B$1003,Annual!$B35,Quarterly!$E$3:$E$1000) -> 131.64894 | I35: =AVERAGEIF(Quarterly!$B$3:$B$1003,Annual!$B35,Quarterly!$F$3:$F$1000) -> 41.499236 | P35: =AVERAGEIF(Monthly!$D$4:$D$1000,Annual!$B35,Monthly!$J$4:$J$1000) -> 138.28793 | Q35: =_xlfn.MAXIFS(Monthly!$J$4:$J$1000,Monthly!$D$4:$D$1000,$B35) -> 196.79995 | R35: =_xlfn.MINIFS(Monthly!$J$4:$J$1000,Monthly!$D$4:$D$1000,$B35) -> 68.979944 | S35: =Q35-R35 -> 127.82
B36: 2046 | C36: =AVERAGEIF(Quarterly!$B$3:$B$1003,Annual!$B36,Quarterly!$D$3:$D$1000) -> 109.2326 | F36: =AVERAGEIF(Quarterly!$B$3:$B$1003,Annual!$B36,Quarterly!$E$3:$E$1000) -> 131.62184 | I36: =AVERAGEIF(Quarterly!$B$3:$B$1003,Annual!$B36,Quarterly!$F$3:$F$1000) -> 41.502109 | P36: =AVERAGEIF(Monthly!$D$4:$D$1000,Annual!$B36,Monthly!$J$4:$J$1000) -> 132.36328 | Q36: =_xlfn.MAXIFS(Monthly!$J$4:$J$1000,Monthly!$D$4:$D$1000,$B36) -> 191.54777 | R36: =_xlfn.MINIFS(Monthly!$J$4:$J$1000,Monthly!$D$4:$D$1000,$B36) -> 75.280725 | S36: =Q36-R36 -> 116.26705
B37: 2047 | C37: =AVERAGEIF(Quarterly!$B$3:$B$1003,Annual!$B37,Quarterly!$D$3:$D$1000) -> 109.42149 | F37: =AVERAGEIF(Quarterly!$B$3:$B$1003,Annual!$B37,Quarterly!$E$3:$E$1000) -> 131.57618 | I37: =AVERAGEIF(Quarterly!$B$3:$B$1003,Annual!$B37,Quarterly!$F$3:$F$1000) -> 41.506952 | P37: =AVERAGEIF(Monthly!$D$4:$D$1000,Annual!$B37,Monthly!$J$4:$J$1000) -> 131.26885 | Q37: =_xlfn.MAXIFS(Monthly!$J$4:$J$1000,Monthly!$D$4:$D$1000,$B37) -> 197.63297 | R37: =_xlfn.MINIFS(Monthly!$J$4:$J$1000,Monthly!$D$4:$D$1000,$B37) -> 63.000737 | S37: =Q37-R37 -> 134.63223
B38: 2048 | C38: =AVERAGEIF(Quarterly!$B$3:$B$1003,Annual!$B38,Quarterly!$D$3:$D$1000) -> 109.60024 | F38: =AVERAGEIF(Quarterly!$B$3:$B$1003,Annual!$B38,Quarterly!$E$3:$E$1000) -> 131.52501 | I38: =AVERAGEIF(Quarterly!$B$3:$B$1003,Annual!$B38,Quarterly!$F$3:$F$1000) -> 41.512379 | P38: =AVERAGEIF(Monthly!$D$4:$D$1000,Annual!$B38,Monthly!$J$4:$J$1000) -> 128.48448 | Q38: =_xlfn.MAXIFS(Monthly!$J$4:$J$1000,Monthly!$D$4:$D$1000,$B38) -> 187.28019 | R38: =_xlfn.MINIFS(Monthly!$J$4:$J$1000,Monthly!$D$4:$D$1000,$B38) -> 75.023772 | S38: =Q38-R38 -> 112.25642
B39: 2049 | C39: =AVERAGEIF(Quarterly!$B$3:$B$1003,Annual!$B39,Quarterly!$D$3:$D$1000) -> 109.77986 | F39: =AVERAGEIF(Quarterly!$B$3:$B$1003,Annual!$B39,Quarterly!$E$3:$E$1000) -> 131.49171 | I39: =AVERAGEIF(Quarterly!$B$3:$B$1003,Annual!$B39,Quarterly!$F$3:$F$1000) -> 41.515911 | P39: =AVERAGEIF(Monthly!$D$4:$D$1000,Annual!$B39,Monthly!$J$4:$J$1000) -> 165.24767 | Q39: =_xlfn.MAXIFS(Monthly!$J$4:$J$1000,Monthly!$D$4:$D$1000,$B39) -> 216.6512 | R39: =_xlfn.MINIFS(Monthly!$J$4:$J$1000,Monthly!$D$4:$D$1000,$B39) -> 89.742049 | S39: =Q39-R39 -> 126.90916
B40: 2050 | C40: =AVERAGEIF(Quarterly!$B$3:$B$1003,Annual!$B40,Quarterly!$D$3:$D$1000) -> 109.95864 | F40: =AVERAGEIF(Quarterly!$B$3:$B$1003,Annual!$B40,Quarterly!$E$3:$E$1000) -> 131.47114 | I40: =AVERAGEIF(Quarterly!$B$3:$B$1003,Annual!$B40,Quarterly!$F$3:$F$1000) -> 41.518092 | P40: =AVERAGEIF(Monthly!$D$4:$D$1000,Annual!$B40,Monthly!$J$4:$J$1000) -> 153.55028 | Q40: =_xlfn.MAXIFS(Monthly!$J$4:$J$1000,Monthly!$D$4:$D$1000,$B40) -> 201.26959 | R40: =_xlfn.MINIFS(Monthly!$J$4:$J$1000,Monthly!$D$4:$D$1000,$B40) -> 82.564127 | S40: =Q40-R40 -> 118.70547

Sheet MultiRegLCFS
A1: SUMMARY OUTPUT
A3: Regression Statistics
A4: Multiple R | B4: 0.74158389
A5: R Square | B5: 0.54994667
A6: Adjusted R Square | B6: 0.52799285
A7: Standard Error | B7: 42.071842
A8: Observations | B8: 44
A10: ANOVA
B11: df | C11: SS | D11: MS | E11: F | F11: Significance F
A12: Regression | B12: 2 | C12: 88679.555 | D12: 44339.778 | E12: 25.050158 | F12: 7.7967126e-08
A13: Residual | B13: 41 | C13: 72571.634 | D13: 1770.0399
A14: Total | B14: 43 | C14: 161251.19
B16: Coefficients | C16: Standard Error | D16: t Stat | E16: P-value | F16: Lower 95% | G16: Upper 95% | H16: Lower 95.0% | I16: Upper 95.0%
A17: Intercept | B17: -70.504403 | C17: 27.902394 | D17: -2.5268227 | E17: 0.015463392 | F17: -126.85443 | G17: -14.154375 | H17: -126.85443 | I17: -14.154375
A18: X Variable 1 | B18: -1.3114325e-05 | C18: 4.5548778e-06 | D18: -2.8791826 | E18: 0.0063093144 | F18: -2.2313087e-05 | G18: -3.9155625e-06 | H18: -2.2313087e-05 | I18: -3.9155625e-06
A19: X Variable 2 | B19: 0.00027045926 | C19: 3.8652217e-05 | D19: 6.9972509 | E19: 1.6626775e-08 | F19: 0.00019239953 | G19: 0.000348519 | H19: 0.00019239953 | I19: 0.000348519

Sheet Regression RINs

Sheet MultiRegressionD4RIN
A1: SUMMARY OUTPUT
A3: Regression Statistics
A4: Multiple R | B4: 0.90315291
A5: R Square | B5: 0.81568518 | C5: higher means good predictor
A6: Adjusted R Square | B6: 0.8088587
A7: Standard Error | B7: 21.723831
A8: Observations | B8: 57
A10: ANOVA
B11: df | C11: SS | D11: MS | E11: F | F11: Significance F
A12: Regression | B12: 2 | C12: 112779.17 | D12: 56389.586 | E12: 119.48849 | F12: 1.4795416e-20 | G12: closer to 0 the better
A13: Residual | B13: 54 | C13: 25483.942 | D13: 471.92484
A14: Total | B14: 56 | C14: 138263.11
B16: Coefficients | C16: Standard Error | D16: t Stat | E16: P-value | F16: Lower 95% | G16: Upper 95% | H16: Lower 95.0% | I16: Upper 95.0%
A17: Intercept | B17: -25.439612 | C17: 9.7631651 | D17: -2.6056726 | E17: 0.011824111 | F17: -45.013579 | G17: -5.865644 | H17: -45.013579 | I17: -5.865644
A18: X Variable 1 | B18: 1.4305892 | C18: 0.30813647 | D18: 4.6427132 | E18: 2.238563e-05 | F18: 0.81281282 | G18: 2.0483657 | H18: 0.81281282 | I18: 2.0483657
A19: X Variable 2 | B19: 1.083218 | C19: 0.44465869 | D19: 2.4360662 | E19: 0.018177356 | F19: 0.19173101 | G19: 1.974705 | H19: 0.19173101 | I19: 1.974705
A20: formula coefficients
