Workbook

Sheet Dashboard

Sheet RINs and HOBO Forecast
A1: Date | B1: D6 | C1: D4 | D1: Current HOBO Spread | E1: HOBO Spread Last Week | F1: HOBO Spread Last Month
A2: 42736 | B2: 69.025 | C2: 104.225
A3: 42767 | B3: 47.3816 | C3: 94.1316
A4: 42795 | B4: 44.6413 | C4: 96.5978
A5: 42826 | B5: 51.9079 | C5: 99.4737
A6: 42856 | B6: 54.2188 | C6: 103.4205
A7: 42887 | B7: 73.1648 | C7: 106.9886
A8: 42917 | B8: 78.3813 | C8: 111.1875
A9: 42948 | B9: 88.2283 | C9: 109.212
A10: 42979 | B10: 81.4688 | C10: 104.225
A11: 43009 | B11: 83.4318 | C11: 99.4034
A12: 43040 | B12: 90.9563 | C12: 103.275
A13: 43070 | B13: 73.9688 | C13: 85.325
... A101: 45748 | B101: 70 | C101: 74
A102: 45778 | B102: =MROUND('[2]HOBO Forward Curve'!$E2,1) -> 106 | C102: =MROUND('[2]HOBO Forward Curve'!$F2,1) -> 114 | D102: =([3]Forecasts!$F36/100*7.6)-('[2]HOBO Forward Curve'!$C2) -> 1.58558 | E102: ='[4]HOBO Forward Curve'!$G2 -> 1.52542 | F102: ='[4]HOBO Forward Curve'!$J2 -> 0.97384
A103: 45839 | B103: =MROUND('[2]HOBO Forward Curve'!$E3,1) -> 117 | C103: =MROUND('[2]HOBO Forward Curve'!$F3,1) -> 121 | D103: =([3]Forecasts!$F37/100*7.6)-('[2]HOBO Forward Curve'!$C3) -> 1.6583 | E103: ='[4]HOBO Forward Curve'!$G3 -> 1.61746 | F103: ='[4]HOBO Forward Curve'!$J3 -> 1.0428
A104: 45901 | B104: =MROUND('[2]HOBO Forward Curve'!$E4,1) -> 104 | C104: =MROUND('[2]HOBO Forward Curve'!$F4,1) -> 106 | D104: =([3]Forecasts!$F38/100*7.6)-('[2]HOBO Forward Curve'!$C4) -> 1.64354 | E104: ='[4]HOBO Forward Curve'!$G4 -> 1.5923 | F104: ='[4]HOBO Forward Curve'!$J4 -> 1.03034
A105: 45992 | B105: =MROUND('[2]HOBO Forward Curve'!$E5,1) -> 104 | C105: =MROUND('[2]HOBO Forward Curve'!$F5,1) -> 113 | D105: =([3]Forecasts!$F40/100*7.6)-('[2]HOBO Forward Curve'!$C5) -> -2.1129 | E105: ='[4]HOBO Forward Curve'!$G5 -> 1.55604 | F105: ='[4]HOBO Forward Curve'!$J5 -> 1.01924
A106: 46082 | B106: =MROUND('[2]HOBO Forward Curve'!$E6,1) -> 104 | C106: =MROUND('[2]HOBO Forward Curve'!$F6,1) -> 110 | D106: =([3]Forecasts!$F39/100*7.6)-('[2]HOBO Forward Curve'!$C6) -> 1.63768 | E106: ='[4]HOBO Forward Curve'!$G6 -> 1.56356 | F106: ='[4]HOBO Forward Curve'!$J6 -> 1.0543

Sheet HOBO History
A1: Date | B1: Close | C1: Forecast High | D1: Forecast Low | V1: Average HOBO | W1: Month | X1: Year
A2: {=[5]!'(@bo@c2*7.6/100)-qho@c2[INTERVAL:DAILY,COMPRESSION:1,FILTER:USA,SORT:ASC,NDATE:4/25/2025,FDATE:4/17/2024,VERSION:1]?DATE'} -> 45399 | B2: {=[5]!'((@bo@c2*7.6/100)-qho@c2)[INTERVAL:DAILY,COMPRESSION:1,FILTER:USA,SORT:ASC,NDATE:4/25/2025,FDATE:4/17/2024,VERSION:1]?CLOSE'} -> 0.88166 | U2: 41275 | V2: =AVERAGEIFS(P2:P1924,Q2:Q1924,W2,R2:R1924,X2) -> #DIV/0! | W2: =MONTH(U2) -> 1 | X2: =YEAR(U2) -> 2013
A3: 45400 | B3: 0.85196 | U3: 41306 | V3: =AVERAGEIFS(P3:P1925,Q3:Q1925,W3,R3:R1925,X3) -> #DIV/0! | W3: =MONTH(U3) -> 2 | X3: =YEAR(U3) -> 2013
A4: 45401 | B4: 0.86484 | U4: 41334 | V4: =AVERAGEIFS(P4:P1926,Q4:Q1926,W4,R4:R1926,X4) -> #DIV/0! | W4: =MONTH(U4) -> 3 | X4: =YEAR(U4) -> 2013
A5: 45404 | B5: 0.90226 | U5: 41365 | V5: =AVERAGEIFS(P5:P1927,Q5:Q1927,W5,R5:R1927,X5) -> #DIV/0! | W5: =MONTH(U5) -> 4 | X5: =YEAR(U5) -> 2013
A6: 45405 | B6: 0.90088 | U6: 41395 | V6: =AVERAGEIFS(P6:P1928,Q6:Q1928,W6,R6:R1928,X6) -> #DIV/0! | W6: =MONTH(U6) -> 5 | X6: =YEAR(U6) -> 2013
A7: 45406 | B7: 0.88082 | U7: 41426 | V7: =AVERAGEIFS(P7:P1929,Q7:Q1929,W7,R7:R1929,X7) -> #DIV/0! | W7: =MONTH(U7) -> 6 | X7: =YEAR(U7) -> 2013
A8: 45407 | B8: 0.89228 | U8: 41456 | V8: =AVERAGEIFS(P8:P1930,Q8:Q1930,W8,R8:R1930,X8) -> #DIV/0! | W8: =MONTH(U8) -> 7 | X8: =YEAR(U8) -> 2013
A9: 45408 | B9: 0.90034 | U9: 41487 | V9: =AVERAGEIFS(P9:P1931,Q9:Q1931,W9,R9:R1931,X9) -> #DIV/0! | W9: =MONTH(U9) -> 8 | X9: =YEAR(U9) -> 2013
A10: 45411 | B10: 0.82612 | U10: 41518 | V10: =AVERAGEIFS(P10:P1932,Q10:Q1932,W10,R10:R1932,X10) -> #DIV/0! | W10: =MONTH(U10) -> 9 | X10: =YEAR(U10) -> 2013
A11: 45412 | B11: 0.74116 | U11: 41548 | V11: =AVERAGEIFS(P11:P1933,Q11:Q1933,W11,R11:R1933,X11) -> #DIV/0! | W11: =MONTH(U11) -> 10 | X11: =YEAR(U11) -> 2013
A12: 45413 | B12: 0.82266 | U12: 41579 | V12: =AVERAGEIFS(P12:P1934,Q12:Q1934,W12,R12:R1934,X12) -> #DIV/0! | W12: =MONTH(U12) -> 11 | X12: =YEAR(U12) -> 2013
A13: 45414 | B13: 0.82864 | U13: 41609 | V13: =AVERAGEIFS(P13:P1935,Q13:Q1935,W13,R13:R1935,X13) -> #DIV/0! | W13: =MONTH(U13) -> 12 | X13: =YEAR(U13) -> 2013
A14: 45415 | B14: 0.81708 | U14: 41640 | V14: =AVERAGEIFS(P14:P1936,Q14:Q1936,W14,R14:R1936,X14) -> #DIV/0! | W14: =MONTH(U14) -> 1 | X14: =YEAR(U14) -> 2014
... A95: 45533 | B95: 0.92576 | U95: 44105 | V95: =AVERAGEIFS(P95:P2017,Q95:Q2017,W95,R95:R2017,X95) -> #DIV/0! | W95: =MONTH(U95) -> 10 | X95: =YEAR(U95) -> 2020
A96: 45534 | B96: 0.95398
A97: 45538 | B97: 0.93048
A98: 45539 | B98: 0.91952
A99: 45540 | B99: 0.98384
A100: 45541 | B100: 0.92356
A101: 45544 | B101: 0.96792
A102: 45545 | B102: 0.98814
A103: 45546 | B103: 0.91798
A104: 45547 | B104: 0.93108
A105: 45548 | B105: 0.90338
A106: 45551 | B106: 0.86086
A107: 45552 | B107: 0.88118
... A207: 45698 | B207: 1.12236
A208: 45699 | B208: 1.09126 | F208: =AVERAGE(B190:B210) -> 1.07082
A209: 45700 | B209: 1.11268
A210: 45701 | B210: 1.15718
A211: 45702 | B211: 1.13722
A212: 45706 | B212: 1.24084
A213: 45707 | B213: 1.1498
A214: 45708 | B214: 1.18544
A215: 45709 | B215: 1.21974
A216: 45712 | B216: 1.1411
A217: 45713 | B217: 1.1656
A218: 45714 | B218: 1.17284
A219: 45715 | B219: 1.0985
A220: 45716 | B220: 1.03812
... A231: 45733 | B231: 1.06532
A232: 45734 | B232: 1.10938 | F232: =AVERAGE(B211:B230) -> 1.10427
A233: 45735 | B233: 1.0696
A234: 45736 | B234: 1.0749
A235: 45737 | B235: 1.02258
A236: 45740 | B236: 1.02332
A237: 45741 | B237: 1.0133
A238: 45742 | B238: 1.03088
A239: 45743 | B239: 1.1468
A240: 45744 | B240: 1.24288
A241: 45747 | B241: 1.17024
A242: 45748 | B242: 1.3711
A243: 45749 | B243: 1.42806
A244: 45750 | B244: 1.45738
... A248: 45756 | B248: 1.4714
A249: 45757 | B249: 1.54332 | F249: =AVERAGE(B231:B252) -> 1.2865945
A250: 45758 | B250: 1.60754
A251: 45761 | B251: 1.5126
A252: 45762 | B252: 1.59724
A253: 45763 | B253: 1.5783
A254: 45764 | B254: 1.56154 | F254: Update for Current month HOBO Spread for charts
A255: 45768 | B255: 1.60296 | F255: =AVERAGE(B253:B259) -> 1.6081286
A256: 45769 | B256: 1.54688
A257: 45770 | B257: 1.59294
A258: 45771 | B258: 1.70732
A259: 45772 | B259: 1.66696
A260: 45778 | B260: ='[2]HOBO Forward Curve'!$D2 -> 1.1957 | C260: =B260+STDEV($B$2:$B$259) -> 1.3969186 | D260: =B260-STDEV($B$2:$B$259) -> 0.99448142
A261: 45839 | B261: ='[2]HOBO Forward Curve'!$D3 -> 1.3163 | C261: =B261+STDEV($B$2:$B$259) -> 1.5175186 | D261: =B261-STDEV($B$2:$B$259) -> 1.1150814
A262: 45901 | B262: ='[2]HOBO Forward Curve'!$D4 -> 1.0211 | C262: =B262+STDEV($B$2:$B$259) -> 1.2223186 | D262: =B262-STDEV($B$2:$B$259) -> 0.81988142
A263: 45992 | B263: ='[2]HOBO Forward Curve'!$D5 -> 1.1513 | C263: =B263+STDEV($B$2:$B$259) -> 1.3525186 | D263: =B263-STDEV($B$2:$B$259) -> 0.95008142
A264: 46082 | B264: ='[2]HOBO Forward Curve'!$D6 -> 1.073 | C264: =B264+STDEV($B$2:$B$259) -> 1.2742186 | D264: =B264-STDEV($B$2:$B$259) -> 0.87178142

Sheet HOBO vs Production
B1: HOBO Average | C1: Domestic Biodiesel Production | D1: Five-Year Average for the month | E1: Delta from Average | F1: Biodiesel Supply (domestic plus imports) | G1: Five -Year Average | H1: Delta from Average | I1: RINs | J1: HOBO Less RINs | K1: Renewable Diesel Domestic Production | L1: Five-Year Average for the month | M1: Delta from Average | N1: Renewable Diesel Supply (domestic plus foreign generation) | O1: Five-Year Average for the month | P1: Delta from Average | S1: Soybean Oil (RBD, C. IL, ₵/lb) | T1: Biodiesel (Upper Midwest, ₵/gal) | V1: Biodiesel (West Coast, ₵/gal) | W1: Calculated Value ex. Credit Values | Y1: West Coast - Midwest Spread | Z1: RIN Price | AA1: LCFS Credit Value | AB1: Cap-N-Trade (RD only) | AC1: Blenders' Tax Credit | AE1: HO Futures | AF1: SBO Futures | AG1: HOBO Spread | AI1: D6 RIN Price | AJ1: Corn Price | AK1: Ethanol Price | AL1: Corn-Ethanol Spread | AM1: D6 RIN Generation | AN1: D6 RIN Retirement
A2: 43586 | B2: 0.23691091 | C2: =[6]Biodiesel!$K7 -> 164042436 | D2: =AVERAGE([6]Biodiesel!$F7:$J7) -> 1.3599412e+08 | E2: =C2-D2 -> 28048312 | F2: ='[7]D4 Gallon Forecast'!$K105+'[7]D4 Gallon Forecast'!$K73 -> 179698181 | G2: =SUM('[7]D4 Gallon Forecast'!$F73:$J73,'[7]D4 Gallon Forecast'!$F105:$J105)/5 -> 1.576133e+08 | H2: =F2-G2 -> 22084876 | I2: ='RINs and HOBO Forecast'!C31/100 -> 0.431063 | J2: =I2-B2 -> 0.19415209 | K2: ='[6]Renewable Diesel'!$K53 -> 40382855 | L2: =AVERAGE('[6]Renewable Diesel'!$F53:$J53) -> 19958900 | M2: =K2-L2 -> 20423955 | N2: ='[6]Renewable Diesel'!$K7 -> 82142398 | O2: =AVERAGE('[6]Renewable Diesel'!$F7:$J7) -> 54874411 | P2: =N2-O2 -> 27267987 | S2: ='[8]Soy Complex'!$BH601 -> 30.1314 | T2: 271.7273 | V2: 327.5 | W2: =#REF!*100 -> #REF! | Y2: =V2-T2 -> 55.7727
A3: 43617 | B3: 0.265683 | C3: =[6]Biodiesel!$K8 -> 144102423 | D3: =AVERAGE([6]Biodiesel!$F8:$J8) -> 1.3849437e+08 | E3: =C3-D3 -> 5608049.8 | F3: ='[7]D4 Gallon Forecast'!$K106+'[7]D4 Gallon Forecast'!$K74 -> 163491563 | G3: =SUM('[7]D4 Gallon Forecast'!$F74:$J74,'[7]D4 Gallon Forecast'!$F106:$J106)/5 -> 1.7345076e+08 | H3: =F3-G3 -> -9959198.6 | I3: ='RINs and HOBO Forecast'!C32/100 -> 0.423977 | J3: =I3-B3 -> 0.158294 | K3: ='[6]Renewable Diesel'!$K54 -> 39760652 | L3: =AVERAGE('[6]Renewable Diesel'!$F54:$J54) -> 16557098 | M3: =K3-L3 -> 23203554 | N3: ='[6]Renewable Diesel'!$K8 -> 82162241 | O3: =AVERAGE('[6]Renewable Diesel'!$F8:$J8) -> 49885498 | P3: =N3-O3 -> 32276743 | S3: ='[8]Soy Complex'!$BH602 -> 31.3905 | T3: 274.2 | V3: 327.2 | W3: =#REF!*100 -> #REF! | Y3: =V3-T3 -> 53
A4: 43647 | B4: 0.20697273 | C4: =[6]Biodiesel!$K9 -> 169452631 | D4: =AVERAGE([6]Biodiesel!$F9:$J9) -> 1.4305682e+08 | E4: =C4-D4 -> 26395806 | F4: ='[7]D4 Gallon Forecast'!$K107+'[7]D4 Gallon Forecast'!$K75 -> 185779056 | G4: =SUM('[7]D4 Gallon Forecast'!$F75:$J75,'[7]D4 Gallon Forecast'!$F107:$J107)/5 -> 1.7114179e+08 | H4: =F4-G4 -> 14637271 | I4: ='RINs and HOBO Forecast'!C33/100 -> 0.455909 | J4: =I4-B4 -> 0.24893627 | K4: ='[6]Renewable Diesel'!$K55 -> 46282285 | L4: =AVERAGE('[6]Renewable Diesel'!$F55:$J55) -> 15848829 | M4: =K4-L4 -> 30433456 | N4: ='[6]Renewable Diesel'!$K9 -> 85812918 | O4: =AVERAGE('[6]Renewable Diesel'!$F9:$J9) -> 49663669 | P4: =N4-O4 -> 36149249 | S4: ='[8]Soy Complex'!$BH603 -> 31.4232 | T4: 277.9545 | V4: 332.8636 | W4: =#REF!*100 -> #REF! | Y4: =V4-T4 -> 54.9091
A5: 43678 | B5: 0.33963364 | C5: =[6]Biodiesel!$K10 -> 153598697 | D5: =AVERAGE([6]Biodiesel!$F10:$J10) -> 1.5066474e+08 | E5: =C5-D5 -> 2933954.8 | F5: ='[7]D4 Gallon Forecast'!$K108+'[7]D4 Gallon Forecast'!$K76 -> 162420863 | G5: =SUM('[7]D4 Gallon Forecast'!$F76:$J76,'[7]D4 Gallon Forecast'!$F108:$J108)/5 -> 1.8355769e+08 | H5: =F5-G5 -> -21136827 | I5: ='RINs and HOBO Forecast'!C34/100 -> 0.4906 | J5: =I5-B5 -> 0.15096636 | K5: ='[6]Renewable Diesel'!$K56 -> 30180616 | L5: =AVERAGE('[6]Renewable Diesel'!$F56:$J56) -> 16528096 | M5: =K5-L5 -> 13652520 | N5: ='[6]Renewable Diesel'!$K10 -> 62470075 | O5: =AVERAGE('[6]Renewable Diesel'!$F10:$J10) -> 42429308 | P5: =N5-O5 -> 20040767 | S5: ='[8]Soy Complex'!$BH604 -> 31.5209 | T5: 276.1818 | V5: 338.5 | W5: =#REF!*100 -> #REF! | Y5: =V5-T5 -> 62.3182
A6: 43709 | B6: 0.269772 | C6: =[6]Biodiesel!$K11 -> 143659811 | D6: =AVERAGE([6]Biodiesel!$F11:$J11) -> 138953978 | E6: =C6-D6 -> 4705833 | F6: ='[7]D4 Gallon Forecast'!$K109+'[7]D4 Gallon Forecast'!$K77 -> 158518831 | G6: =SUM('[7]D4 Gallon Forecast'!$F77:$J77,'[7]D4 Gallon Forecast'!$F109:$J109)/5 -> 168306844 | H6: =F6-G6 -> -9788013 | I6: ='RINs and HOBO Forecast'!C35/100 -> 0.567609 | J6: =I6-B6 -> 0.297837 | K6: ='[6]Renewable Diesel'!$K57 -> 40692380 | L6: =AVERAGE('[6]Renewable Diesel'!$F57:$J57) -> 18645317 | M6: =K6-L6 -> 22047063 | N6: ='[6]Renewable Diesel'!$K11 -> 70828489 | O6: =AVERAGE('[6]Renewable Diesel'!$F11:$J11) -> 40940731 | P6: =N6-O6 -> 29887758 | S6: ='[8]Soy Complex'!$BH605 -> 31.963 | T6: 274.575 | V6: 343.975 | W6: =#REF!*100 -> #REF! | Y6: =V6-T6 -> 69.4
A7: 43739 | B7: 0.37060348 | C7: =[6]Biodiesel!$K12 -> 146618360 | D7: =AVERAGE([6]Biodiesel!$F12:$J12) -> 1.3798653e+08 | E7: =C7-D7 -> 8631830.4 | F7: ='[7]D4 Gallon Forecast'!$K110+'[7]D4 Gallon Forecast'!$K78 -> 160399806 | G7: =SUM('[7]D4 Gallon Forecast'!$F78:$J78,'[7]D4 Gallon Forecast'!$F110:$J110)/5 -> 1.7085923e+08 | H7: =F7-G7 -> -10459420 | I7: ='RINs and HOBO Forecast'!C36/100 -> 0.619868 | J7: =I7-B7 -> 0.24926452 | K7: ='[6]Renewable Diesel'!$K58 -> 48569223 | L7: =AVERAGE('[6]Renewable Diesel'!$F58:$J58) -> 22625576 | M7: =K7-L7 -> 25943647 | N7: ='[6]Renewable Diesel'!$K12 -> 90132484 | O7: =AVERAGE('[6]Renewable Diesel'!$F12:$J12) -> 42840676 | P7: =N7-O7 -> 47291808 | S7: ='[8]Soy Complex'!$BI594 -> 33.2691 | T7: 280.3261 | V7: 338.3261 | W7: =#REF!*100 -> #REF! | Y7: =V7-T7 -> 58
A8: 43770 | B8: 0.430548 | C8: =[6]Biodiesel!$K13 -> 119139678 | D8: =AVERAGE([6]Biodiesel!$F13:$J13) -> 1.2644388e+08 | E8: =C8-D8 -> -7304206.4 | F8: ='[7]D4 Gallon Forecast'!$K111+'[7]D4 Gallon Forecast'!$K79 -> 134375291 | G8: =SUM('[7]D4 Gallon Forecast'!$F79:$J79,'[7]D4 Gallon Forecast'!$F111:$J111)/5 -> 1.575076e+08 | H8: =F8-G8 -> -23132307 | I8: ='RINs and HOBO Forecast'!C37/100 -> 0.50631 | J8: =I8-B8 -> 0.075762 | K8: ='[6]Renewable Diesel'!$K59 -> 42514597 | L8: =AVERAGE('[6]Renewable Diesel'!$F59:$J59) -> 23996356 | M8: =K8-L8 -> 18518241 | N8: ='[6]Renewable Diesel'!$K13 -> 73664807 | O8: =AVERAGE('[6]Renewable Diesel'!$F13:$J13) -> 51091300 | P8: =N8-O8 -> 22573507 | S8: ='[8]Soy Complex'!$BI595 -> 33.7665 | T8: 285.1316 | V8: 342 | W8: =#REF!*100 -> #REF! | Y8: =V8-T8 -> 56.8684 | AE8: 1.921635 | AF8: =[3]Prices!$D601*7.5/100 -> 2.32185 | AG8: =(AF8-AE8)*100 -> 40.0215 | AJ8: 3.751875 | AK8: 1.64582 | AL8: =AJ8/2.8-AK8 -> -0.30586464 | AM8: ='[7]D6 Gallon Forecast'!$K40/1000000 -> 1251.9929
A9: 43800 | B9: 0.49128952 | C9: =[6]Biodiesel!$K14 -> 139601581 | D9: =AVERAGE([6]Biodiesel!$F14:$J14) -> 1.6134732e+08 | E9: =C9-D9 -> -21745736 | F9: ='[7]D4 Gallon Forecast'!$K112+'[7]D4 Gallon Forecast'!$K80 -> 163919996 | G9: =SUM('[7]D4 Gallon Forecast'!$F80:$J80,'[7]D4 Gallon Forecast'!$F112:$J112)/5 -> 2.0860181e+08 | H9: =F9-G9 -> -44681814 | I9: ='RINs and HOBO Forecast'!C38/100 -> 0.403523 | J9: =I9-B9 -> -0.087766524 | K9: ='[6]Renewable Diesel'!$K60 -> 52796160 | L9: =AVERAGE('[6]Renewable Diesel'!$F60:$J60) -> 27232680 | M9: =K9-L9 -> 25563480 | N9: ='[6]Renewable Diesel'!$K14 -> 88201170 | O9: =AVERAGE('[6]Renewable Diesel'!$F14:$J14) -> 52515849 | P9: =N9-O9 -> 35685321 | S9: ='[8]Soy Complex'!$BI596 -> 35.3824 | T9: 292.0952 | V9: 344 | W9: =#REF!*100 -> #REF! | Y9: =V9-T9 -> 51.9048 | AE9: 1.9851667 | AF9: =[3]Prices!$D602*7.5/100 -> 2.4517143 | AG9: =(AF9-AE9)*100 -> 46.654762 | AJ9: 3.832381 | AK9: 1.6684667 | AL9: =AJ9/2.8-AK9 -> -0.29975918 | AM9: ='[7]D6 Gallon Forecast'!$K41/1000000 -> 1192.0472
A10: 43831 | B10: 0.65678952 | C10: =[6]Biodiesel!$L3 -> 118403817 | D10: =AVERAGE([6]Biodiesel!$G3:$K3) -> 85108226 | E10: =C10-D10 -> 33295591 | F10: ='[7]D4 Gallon Forecast'!$K69+'[7]D4 Gallon Forecast'!$K101 -> 119478211 | G10: =SUM('[7]D4 Gallon Forecast'!$G101:$K101,'[7]D4 Gallon Forecast'!$G69:$K69)/5 -> 99716270 | H10: =F10-G10 -> 19761941 | I10: ='RINs and HOBO Forecast'!C39/100 -> 0.485395 | J10: =I10-B10 -> -0.17139452 | K10: ='[6]Renewable Diesel'!$L49 -> 41857492 | L10: =AVERAGE('[6]Renewable Diesel'!$G49:$K49) -> 19598206 | M10: =K10-L10 -> 22259286 | N10: ='[6]Renewable Diesel'!$L3 -> 64113409 | O10: =AVERAGE('[6]Renewable Diesel'!$G3:$K3) -> 33665292 | P10: =N10-O10 -> 30448117 | S10: ='[8]Soy Complex'!$BI597 -> 36.0929 | T10: 309.8409 | V10: 343.5 | W10: =#REF!*100 -> #REF! | Y10: =V10-T10 -> 33.6591 | AE10: 1.8546714 | AF10: =[3]Prices!$D603*7.5/100 -> 2.4863214 | AG10: =(AF10-AE10)*100 -> 63.165 | AJ10: 3.857381 | AK10: 1.6155476 | AL10: =AJ10/2.8-AK10 -> -0.23791156 | AM10: ='[7]D6 Gallon Forecast'!$L30/1000000 -> 9.5198058e-08
A11: 43862 | B11: 0.67604842 | C11: =[6]Biodiesel!$L4 -> 128033003 | D11: =AVERAGE([6]Biodiesel!$G4:$K4) -> 94915609 | E11: =C11-D11 -> 33117394 | F11: ='[7]D4 Gallon Forecast'!$K70+'[7]D4 Gallon Forecast'!$K102 -> 128298680 | G11: =SUM('[7]D4 Gallon Forecast'!$G102:$K102,'[7]D4 Gallon Forecast'!$G70:$K70)/5 -> 1.0914071e+08 | H11: =F11-G11 -> 19157965 | I11: ='RINs and HOBO Forecast'!C40/100 -> 0.485682 | J11: =I11-B11 -> -0.19036642 | K11: ='[6]Renewable Diesel'!$L50 -> 37300666 | L11: =AVERAGE('[6]Renewable Diesel'!$G50:$K50) -> 20731434 | M11: =K11-L11 -> 16569232 | N11: ='[6]Renewable Diesel'!$L4 -> 65672413 | O11: =AVERAGE('[6]Renewable Diesel'!$G4:$K4) -> 33572216 | P11: =N11-O11 -> 32100197 | S11: ='[8]Soy Complex'!$BI598 -> 33.4326 | T11: 301.2895 | V11: 330.9737 | W11: =#REF!*100 -> #REF! | Y11: =V11-T11 -> 29.6842 | AE11: 1.6207895 | AF11: =[3]Prices!$D604*7.5/100 -> 2.2686316 | AG11: =(AF11-AE11)*100 -> 64.784211 | AJ11: 3.7814474 | AK11: 1.5371579 | AL11: =AJ11/2.8-AK11 -> -0.18664098 | AM11: ='[7]D6 Gallon Forecast'!$L31/1000000 -> 345.19467
A12: 43891 | B12: 0.86922 | C12: =[6]Biodiesel!$L5 -> 150092678 | D12: =AVERAGE([6]Biodiesel!$G5:$K5) -> 124660901 | E12: =C12-D12 -> 25431777 | F12: ='[7]D4 Gallon Forecast'!$K71+'[7]D4 Gallon Forecast'!$K103 -> 159714776 | G12: =SUM('[7]D4 Gallon Forecast'!$G103:$K103,'[7]D4 Gallon Forecast'!$G71:$K71)/5 -> 1.4175338e+08 | H12: =F12-G12 -> 17961394 | I12: ='RINs and HOBO Forecast'!C41/100 -> 0.521071 | J12: =I12-B12 -> -0.348149 | K12: ='[6]Renewable Diesel'!$L51 -> 45226785 | L12: =AVERAGE('[6]Renewable Diesel'!$G51:$K51) -> 22139966 | M12: =K12-L12 -> 23086819 | N12: ='[6]Renewable Diesel'!$L5 -> 73234335 | O12: =AVERAGE('[6]Renewable Diesel'!$G5:$K5) -> 36873010 | P12: =N12-O12 -> 36361325 | S12: ='[8]Soy Complex'!$BI599 -> 30.1768 | T12: 289.8409 | V12: 334.3182 | W12: =#REF!*100 -> #REF! | Y12: =V12-T12 -> 44.4773 | AE12: 1.1753545 | AF12: =[3]Prices!$D605*7.5/100 -> 2.0263295 | AG12: =(AF12-AE12)*100 -> 85.0975 | AJ12: 3.5886364 | AK12: 0.89755 | AL12: =AJ12/2.8-AK12 -> 0.38410584 | AM12: ='[7]D6 Gallon Forecast'!$L32/1000000 -> 0.00202
A13: 43922 | B13: 1.1245457 | C13: =[6]Biodiesel!$L6 -> 149356126 | D13: =AVERAGE([6]Biodiesel!$G6:$K6) -> 1.3252475e+08 | E13: =C13-D13 -> 16831378 | F13: ='[7]D4 Gallon Forecast'!$K72+'[7]D4 Gallon Forecast'!$K104 -> 182408698 | G13: =SUM('[7]D4 Gallon Forecast'!$G104:$K104,'[7]D4 Gallon Forecast'!$G72:$K72)/5 -> 1.5243343e+08 | H13: =F13-G13 -> 29975272 | I13: ='RINs and HOBO Forecast'!C42/100 -> 0.53625 | J13: =I13-B13 -> -0.58829571 | K13: ='[6]Renewable Diesel'!$L52 -> 38638856 | L13: =AVERAGE('[6]Renewable Diesel'!$G52:$K52) -> 24339471 | M13: =K13-L13 -> 14299385 | N13: ='[6]Renewable Diesel'!$L6 -> 72930573 | O13: =AVERAGE('[6]Renewable Diesel'!$G6:$K6) -> 57435306 | P13: =N13-O13 -> 15495267 | S13: ='[8]Soy Complex'!$BI600 -> 28.8029 | T13: 277 | V13: 339.5 | W13: =#REF!*100 -> #REF! | Y13: =V13-T13 -> 62.5 | AE13: 0.89634286 | AF13: =[3]Prices!$D606*7.5/100 -> 1.9652143 | AG13: =(AF13-AE13)*100 -> 106.88714 | AJ13: 3.239881 | AK13: 0.66799048 | AL13: =AJ13/2.8-AK13 -> 0.48910986 | AM13: ='[7]D6 Gallon Forecast'!$L33/1000000 -> 1246.8623
A14: 43952 | B14: 1.107823 | C14: =[6]Biodiesel!$L7 -> 143174223 | D14: =AVERAGE([6]Biodiesel!$G7:$K7) -> 1.4683149e+08 | E14: =C14-D14 -> -3657263.8 | F14: ='[7]D4 Gallon Forecast'!$K73+'[7]D4 Gallon Forecast'!$K105 -> 179698181 | G14: =SUM('[7]D4 Gallon Forecast'!$G105:$K105,'[7]D4 Gallon Forecast'!$G73:$K73)/5 -> 1.706098e+08 | H14: =F14-G14 -> 9088381.4 | I14: ='RINs and HOBO Forecast'!C43/100 -> 0.5651 | J14: =I14-B14 -> -0.542723 | K14: ='[6]Renewable Diesel'!$L53 -> 46421171 | L14: =AVERAGE('[6]Renewable Diesel'!$G53:$K53) -> 24791703 | M14: =K14-L14 -> 21629468 | N14: ='[6]Renewable Diesel'!$L7 -> 91153009 | O14: =AVERAGE('[6]Renewable Diesel'!$G7:$K7) -> 60804916 | P14: =N14-O14 -> 30348093 | S14: ='[8]Soy Complex'!$BI601 -> 28.4185 | T14: 268.175 | V14: 339 | W14: =#REF!*100 -> #REF! | Y14: =V14-T14 -> 70.825 | AE14: 0.928295 | AF14: =[3]Prices!$D607*7.5/100 -> 2.003175 | AG14: =(AF14-AE14)*100 -> 107.488 | AJ14: 3.194125 | AK14: 0.95472 | AL14: =AJ14/2.8-AK14 -> 0.18603893 | AM14: ='[7]D6 Gallon Forecast'!$L34/1000000 -> 1155.0415
A15: 43983 | B15: 0.97575273 | C15: =[6]Biodiesel!$L8 -> 165519330 | D15: =AVERAGE([6]Biodiesel!$G8:$K8) -> 1.4466479e+08 | E15: =C15-D15 -> 20854540 | F15: ='[7]D4 Gallon Forecast'!$K74+'[7]D4 Gallon Forecast'!$K106 -> 163491563 | G15: =SUM('[7]D4 Gallon Forecast'!$G106:$K106,'[7]D4 Gallon Forecast'!$G74:$K74)/5 -> 1.8239127e+08 | H15: =F15-G15 -> -18899702 | I15: ='RINs and HOBO Forecast'!C44/100 -> 0.598409 | J15: =I15-B15 -> -0.37734373 | K15: ='[6]Renewable Diesel'!$L54 -> 53207936 | L15: =AVERAGE('[6]Renewable Diesel'!$G54:$K54) -> 21376244 | M15: =K15-L15 -> 31831692 | N15: ='[6]Renewable Diesel'!$L8 -> 85911189 | O15: =AVERAGE('[6]Renewable Diesel'!$G8:$K8) -> 56513956 | P15: =N15-O15 -> 29397233 | S15: ='[8]Soy Complex'!$BI602 -> 29.7641 | T15: 280.4773 | V15: 350.5 | W15: =#REF!*100 -> #REF! | Y15: =V15-T15 -> 70.0227 | AE15: 1.1484318 | AF15: =[3]Prices!$D608*7.5/100 -> 2.0918523 | AG15: =(AF15-AE15)*100 -> 94.342045 | AJ15: 3.28125 | AK15: 1.1891636 | AL15: =AJ15/2.8-AK15 -> -0.017288636 | AM15: ='[7]D6 Gallon Forecast'!$L35/1000000 -> 1128.7234
A16: 44013 | B16: 0.97904545 | C16: =[6]Biodiesel!$L9 -> 162738265 | D16: =AVERAGE([6]Biodiesel!$G9:$K9) -> 1.5133591e+08 | E16: =C16-D16 -> 11402358 | F16: ='[7]D4 Gallon Forecast'!$K75+'[7]D4 Gallon Forecast'!$K107 -> 185779056 | G16: =SUM('[7]D4 Gallon Forecast'!$G107:$K107,'[7]D4 Gallon Forecast'!$G75:$K75)/5 -> 1.7932975e+08 | H16: =F16-G16 -> 6449310.6 | I16: ='RINs and HOBO Forecast'!C45/100 -> 0.649643 | J16: =I16-B16 -> -0.32940245 | K16: ='[6]Renewable Diesel'!$L55 -> 46684399 | L16: =AVERAGE('[6]Renewable Diesel'!$G55:$K55) -> 22305773 | M16: =K16-L16 -> 24378626 | N16: ='[6]Renewable Diesel'!$L9 -> 77690256 | O16: =AVERAGE('[6]Renewable Diesel'!$G9:$K9) -> 55740606 | P16: =N16-O16 -> 21949650 | S16: ='[8]Soy Complex'!$BI603 -> 31.8109 | T16: 290.1364 | V16: 356.6818 | W16: =#REF!*100 -> #REF! | Y16: =V16-T16 -> 66.5454 | AE16: 1.2405 | AF16: =[3]Prices!$D609*7.5/100 -> 2.1905114 | AG16: =(AF16-AE16)*100 -> 95.001136 | AJ16: 3.3951136 | AK16: 1.2538091 | AL16: =AJ16/2.8-AK16 -> -0.041268506 | AM16: ='[7]D6 Gallon Forecast'!$L36/1000000 -> 638.19594
A17: 44044 | B17: 1.1782905 | C17: =[6]Biodiesel!$L10 -> 171493499 | D17: =AVERAGE([6]Biodiesel!$G10:$K10) -> 1.5580518e+08 | E17: =C17-D17 -> 15688316 | F17: ='[7]D4 Gallon Forecast'!$K76+'[7]D4 Gallon Forecast'!$K108 -> 162420863 | G17: =SUM('[7]D4 Gallon Forecast'!$G108:$K108,'[7]D4 Gallon Forecast'!$G76:$K76)/5 -> 1.8900339e+08 | H17: =F17-G17 -> -26582527 | I17: ='RINs and HOBO Forecast'!C46/100 -> 0.76381 | J17: =I17-B17 -> -0.41448048 | K17: ='[6]Renewable Diesel'!$L56 -> 43952654 | L17: =AVERAGE('[6]Renewable Diesel'!$G56:$K56) -> 22155596 | M17: =K17-L17 -> 21797058 | N17: ='[6]Renewable Diesel'!$L10 -> 70843237 | O17: =AVERAGE('[6]Renewable Diesel'!$G10:$K10) -> 50827387 | P17: =N17-O17 -> 20015850 | S17: ='[8]Soy Complex'!$BI604 -> 35.1429 | T17: 304.0238 | V17: 362.5238 | W17: =#REF!*100 -> #REF! | Y17: =V17-T17 -> 58.5 | AE17: 1.246119 | AF17: =[3]Prices!$D610*7.5/100 -> 2.3694286 | AG17: =(AF17-AE17)*100 -> 112.33095 | AJ17: 3.3820238 | AK17: 1.2698429 | AL17: =AJ17/2.8-AK17 -> -0.061977211 | AM17: ='[7]D6 Gallon Forecast'!$L37/1000000 -> 839.78391
A18: 44075 | B18: 1.4271971 | C18: =[6]Biodiesel!$L11 -> 167865219 | D18: =AVERAGE([6]Biodiesel!$G11:$K11) -> 1.4269423e+08 | E18: =C18-D18 -> 25170994 | F18: ='[7]D4 Gallon Forecast'!$K77+'[7]D4 Gallon Forecast'!$K109 -> 158518831 | G18: =SUM('[7]D4 Gallon Forecast'!$G109:$K109,'[7]D4 Gallon Forecast'!$G77:$K77)/5 -> 1.7262225e+08 | H18: =F18-G18 -> -14103423 | I18: ='RINs and HOBO Forecast'!C47/100 -> 0.796932 | J18: =I18-B18 -> -0.63026514 | K18: ='[6]Renewable Diesel'!$L57 -> 48112771 | L18: =AVERAGE('[6]Renewable Diesel'!$G57:$K57) -> 25593908 | M18: =K18-L18 -> 22518863 | N18: ='[6]Renewable Diesel'!$L11 -> 105402440 | O18: =AVERAGE('[6]Renewable Diesel'!$G11:$K11) -> 51554741 | P18: =N18-O18 -> 53847699 | S18: ='[8]Soy Complex'!$BI605 -> 37.2176 | T18: 313.6429 | V18: 389.1429 | W18: =#REF!*100 -> #REF! | Y18: =V18-T18 -> 75.5 | AE18: 1.1304952 | AF18: =[3]Prices!$D611*7.5/100 -> 2.5132857 | AG18: =(AF18-AE18)*100 -> 138.27905 | AJ18: 3.6627381 | AK18: 1.1761905 | AL18: =AJ18/2.8-AK18 -> 0.13193027 | AM18: ='[7]D6 Gallon Forecast'!$L38/1000000 -> 1071.1061
A19: 44105 | B19: 1.3838309 | C19: =[6]Biodiesel!$L12 -> 149489760 | D19: =AVERAGE([6]Biodiesel!$G12:$K12) -> 1.4299903e+08 | E19: =C19-D19 -> 6490731.2 | F19: ='[7]D4 Gallon Forecast'!$K78+'[7]D4 Gallon Forecast'!$K110 -> 160399806 | G19: =SUM('[7]D4 Gallon Forecast'!$G110:$K110,'[7]D4 Gallon Forecast'!$G78:$K78)/5 -> 1.7562287e+08 | H19: =F19-G19 -> -15223065 | I19: ='RINs and HOBO Forecast'!C48/100 -> 0.873158 | J19: =I19-B19 -> -0.51067291 | K19: ='[6]Renewable Diesel'!$L58 -> 25237496 | L19: =AVERAGE('[6]Renewable Diesel'!$G58:$K58) -> 29395056 | M19: =K19-L19 -> -4157560.4 | N19: ='[6]Renewable Diesel'!$L12 -> 54986787 | O19: =AVERAGE('[6]Renewable Diesel'!$G12:$K12) -> 55183401 | P19: =N19-O19 -> -196614.2 | S19: ='[8]Soy Complex'!$BJ594 -> 37.0268 | T19: 308.7273 | V19: 394.8864 | W19: =#REF!*100 -> #REF! | Y19: =V19-T19 -> 86.1591 | AE19: 1.1523045 | AF19: =[3]Prices!$D612*7.5/100 -> 2.4957614 | AG19: =(AF19-AE19)*100 -> 134.34568 | AJ19: 3.9889773 | AK19: 1.1577273 | AL19: =AJ19/2.8-AK19 -> 0.26690747 | AM19: ='[7]D6 Gallon Forecast'!$L39/1000000 -> 1170.6328
A20: 44136 | B20: 1.55357 | C20: =[6]Biodiesel!$L13 -> 142828517 | D20: =AVERAGE([6]Biodiesel!$G13:$K13) -> 130790718 | E20: =C20-D20 -> 12037799 | F20: ='[7]D4 Gallon Forecast'!$K79+'[7]D4 Gallon Forecast'!$K111 -> 134375291 | G20: =SUM('[7]D4 Gallon Forecast'!$G111:$K111,'[7]D4 Gallon Forecast'!$G79:$K79)/5 -> 1.5972371e+08 | H20: =F20-G20 -> -25348421 | I20: ='RINs and HOBO Forecast'!C49/100 -> 0.971818 | J20: =I20-B20 -> -0.581752 | K20: ='[6]Renewable Diesel'!$L59 -> 49060129 | L20: =AVERAGE('[6]Renewable Diesel'!$G59:$K59) -> 29206715 | M20: =K20-L20 -> 19853414 | N20: ='[6]Renewable Diesel'!$L13 -> 90445304 | O20: =AVERAGE('[6]Renewable Diesel'!$G13:$K13) -> 56658638 | P20: =N20-O20 -> 33786666 | S20: ='[8]Soy Complex'!$BJ595 -> 41.1025 | T20: 319.8947 | V20: 407.8947 | W20: =#REF!*100 -> #REF! | Y20: =V20-T20 -> 88 | AE20: 1.250505 | AF20: =[3]Prices!$D613*7.5/100 -> 2.7646875 | AG20: =(AF20-AE20)*100 -> 151.41825 | AJ20: 4.1785 | AK20: 1.166585 | AL20: =AJ20/2.8-AK20 -> 0.32573643 | AM20: ='[7]D6 Gallon Forecast'!$L40/1000000 -> 1126.5698
A21: 44166 | B21: 1.5903155 | C21: =[6]Biodiesel!$L14 -> 175881221 | D21: =AVERAGE([6]Biodiesel!$G14:$K14) -> 1.5656868e+08 | E21: =C21-D21 -> 19312543 | F21: ='[7]D4 Gallon Forecast'!$K80+'[7]D4 Gallon Forecast'!$K112 -> 163919996 | G21: =SUM('[7]D4 Gallon Forecast'!$G112:$K112,'[7]D4 Gallon Forecast'!$G80:$K80)/5 -> 205414750 | H21: =F21-G21 -> -41494754 | I21: ='RINs and HOBO Forecast'!C50/100 -> 1.026184 | J21: =I21-B21 -> -0.56413145 | K21: ='[6]Renewable Diesel'!$L60 -> 57807992 | L21: =AVERAGE('[6]Renewable Diesel'!$G60:$K60) -> 33225690 | M21: =K21-L21 -> 24582302 | N21: ='[6]Renewable Diesel'!$L14 -> 97407333 | O21: =AVERAGE('[6]Renewable Diesel'!$G14:$K14) -> 63264230 | P21: =N21-O21 -> 34143103 | S21: ='[8]Soy Complex'!$BJ596 -> 45.7191 | T21: 347.8636 | V21: 438.9773 | W21: =#REF!*100 -> #REF! | Y21: =V21-T21 -> 91.1137 | AE21: 1.4484 | AF21: =[3]Prices!$D614*7.5/100 -> 2.9678523 | AG21: =(AF21-AE21)*100 -> 151.94523 | AJ21: 4.3693182 | AK21: 1.3282591 | AL21: =AJ21/2.8-AK21 -> 0.23221169 | AM21: ='[7]D6 Gallon Forecast'!$L41/1000000 -> 1119.8492
A22: 44197 | B22: 1.7194253 | C22: =[6]Biodiesel!$M3 -> 107302585 | D22: =AVERAGE([6]Biodiesel!$H3:$L3) -> 97613019 | E22: =C22-D22 -> 9689565.8 | F22: ='[7]D4 Gallon Forecast'!$M69+'[7]D4 Gallon Forecast'!$M101 -> 115838804 | G22: =SUM('[7]D4 Gallon Forecast'!$H69:$L69,'[7]D4 Gallon Forecast'!$H101:$L101)/5 -> 1.1324335e+08 | H22: =F22-G22 -> 2595452.4 | I22: ='RINs and HOBO Forecast'!C51/100 -> 1.098947 | J22: =I22-B22 -> -0.62047826 | K22: ='[6]Renewable Diesel'!$M49 -> 50374630 | L22: =AVERAGE('[6]Renewable Diesel'!$H49:$L49) -> 24468769 | M22: =K22-L22 -> 25905861 | N22: ='[6]Renewable Diesel'!$M3 -> 83001113 | O22: =AVERAGE('[6]Renewable Diesel'!$H3:$L3) -> 41007136 | P22: =N22-O22 -> 41993977 | S22: ='[8]Soy Complex'!$BJ597 -> 49.4174 | T22: 364.1842 | V22: 463.4737 | W22: =#REF!*100 -> #REF! | Y22: =V22-T22 -> 99.2895 | AA22: 102.6184 | AB22: 16 | AC22: 100 | AE22: 1.5785684 | AF22: =[3]Prices!$D615*7.5/100 -> 3.2365658 | AG22: =(AF22-AE22)*100 -> 165.79974 | AI22: 90.6579 | AJ22: 5.1539474 | AK22: 1.5306737 | AL22: =AJ22/2.8-AK22 -> 0.3100218 | AM22: ='[7]D6 Gallon Forecast'!$M30/1000000 -> 1.0305424e-07
A23: 44228 | B23: 1.7828095 | C23: =[6]Biodiesel!$M4 -> 109881050 | D23: =AVERAGE([6]Biodiesel!$H4:$L4) -> 1.0795512e+08 | E23: =C23-D23 -> 1925930.6 | F23: ='[7]D4 Gallon Forecast'!$M70+'[7]D4 Gallon Forecast'!$M102 -> 117542663 | G23: =SUM('[7]D4 Gallon Forecast'!$H70:$L70,'[7]D4 Gallon Forecast'!$H102:$L102)/5 -> 1.2346859e+08 | H23: =F23-G23 -> -5925924.4 | I23: ='RINs and HOBO Forecast'!C52/100 -> 1.384022 | J23: =I23-B23 -> -0.39878747 | K23: ='[6]Renewable Diesel'!$M50 -> 51175710 | L23: =AVERAGE('[6]Renewable Diesel'!$H50:$L50) -> 25495351 | M23: =K23-L23 -> 25680359 | N23: ='[6]Renewable Diesel'!$M4 -> 80855373 | O23: =AVERAGE('[6]Renewable Diesel'!$H4:$L4) -> 42358534 | P23: =N23-O23 -> 38496839 | S23: ='[8]Soy Complex'!$BJ598 -> 52.6042 | T23: 407.1053 | V23: 497.5789 | W23: =#REF!*100 -> #REF! | Y23: =V23-T23 -> 90.4736 | AA23: 109.8947 | AB23: 16 | AC23: 100 | AE23: 1.7806211 | AF23: =[3]Prices!$D616*7.5/100 -> 3.5209737 | AG23: =(AF23-AE23)*100 -> 174.03526 | AI23: 101.3553 | AJ23: 5.4910526 | AK23: 1.7391105 | AL23: =AJ23/2.8-AK23 -> 0.2219797 | AM23: ='[7]D6 Gallon Forecast'!$M31/1000000 -> 320.17642
A24: 44256 | B24: 2.2542635 | C24: =[6]Biodiesel!$M5 -> 150338931 | D24: =AVERAGE([6]Biodiesel!$H5:$L5) -> 1.3620483e+08 | E24: =C24-D24 -> 14134103 | F24: ='[7]D4 Gallon Forecast'!$M71+'[7]D4 Gallon Forecast'!$M103 -> 165483884 | G24: =SUM('[7]D4 Gallon Forecast'!$H71:$L71,'[7]D4 Gallon Forecast'!$H103:$L103)/5 -> 1.5530466e+08 | H24: =F24-G24 -> 10179229 | I24: ='RINs and HOBO Forecast'!C53/100 -> 1.458214 | J24: =I24-B24 -> -0.79604948 | K24: ='[6]Renewable Diesel'!$M51 -> 59222033 | L24: =AVERAGE('[6]Renewable Diesel'!$H51:$L51) -> 27963338 | M24: =K24-L24 -> 31258695 | N24: ='[6]Renewable Diesel'!$M5 -> 97551061 | O24: =AVERAGE('[6]Renewable Diesel'!$H5:$L5) -> 46640634 | P24: =N24-O24 -> 50910427 | S24: ='[8]Soy Complex'!$BJ599 -> 62.6091 | T24: 480.6522 | V24: 541.5217 | W24: =#REF!*100 -> #REF! | Y24: =V24-T24 -> 60.8695 | AA24: 138.4022 | AB24: 16 | AC24: 100 | AE24: 1.8564174 | AF24: =[3]Prices!$D617*7.5/100 -> 4.00275 | AG24: =(AF24-AE24)*100 -> 214.63326 | AI24: 129.1359 | AJ24: 5.465 | AK24: 2.0074391 | AL24: =AJ24/2.8-AK24 -> -0.055653416 | AM24: ='[7]D6 Gallon Forecast'!$M32/1000000 -> 0.002021
A25: 44287 | B25: 2.564181 | C25: =[6]Biodiesel!$M6 -> 144396494 | D25: =AVERAGE([6]Biodiesel!$H6:$L6) -> 141097431 | E25: =C25-D25 -> 3299063 | F25: ='[7]D4 Gallon Forecast'!$M72+'[7]D4 Gallon Forecast'!$M104 -> 161733115 | G25: =SUM('[7]D4 Gallon Forecast'!$H72:$L72,'[7]D4 Gallon Forecast'!$H104:$L104)/5 -> 1.6232848e+08 | H25: =F25-G25 -> -595365.6 | I25: ='RINs and HOBO Forecast'!C54/100 -> 1.883125 | J25: =I25-B25 -> -0.68105595 | K25: ='[6]Renewable Diesel'!$M52 -> 50634433 | L25: =AVERAGE('[6]Renewable Diesel'!$H52:$L52) -> 28920711 | M25: =K25-L25 -> 21713722 | N25: ='[6]Renewable Diesel'!$M6 -> 90864671 | O25: =AVERAGE('[6]Renewable Diesel'!$H6:$L6) -> 62665385 | P25: =N25-O25 -> 28199286 | S25: ='[8]Soy Complex'!$BJ600 -> 71.7667 | T25: 509.2857 | V25: 574.2857 | W25: =#REF!*100 -> #REF! | Y25: =V25-T25 -> 65 | AA25: 145.8214 | AB25: 16 | AC25: 100 | AE25: 1.8624571 | AF25: =[3]Prices!$D618*7.5/100 -> 4.3676786 | AG25: =(AF25-AE25)*100 -> 250.52214 | AI25: 138.0833 | AJ25: 6.0327381 | AK25: 2.0072571 | AL25: =AJ25/2.8-AK25 -> 0.14729218 | AM25: ='[7]D6 Gallon Forecast'!$M33/1000000 -> 1076.9403
A26: 44317 | B26: 3.068658 | C26: =[6]Biodiesel!$M7 -> 150501950 | D26: =AVERAGE([6]Biodiesel!$H7:$L7) -> 1.5115789e+08 | E26: =C26-D26 -> -655944.4 | F26: ='[7]D4 Gallon Forecast'!$M73+'[7]D4 Gallon Forecast'!$M105 -> 163828393 | G26: =SUM('[7]D4 Gallon Forecast'!$H73:$L73,'[7]D4 Gallon Forecast'!$H105:$L105)/5 -> 1.7578392e+08 | H26: =F26-G26 -> -11955528 | I26: ='RINs and HOBO Forecast'!C55/100 -> 1.765 | J26: =I26-B26 -> -1.303658 | K26: ='[6]Renewable Diesel'!$M53 -> 60051437 | L26: =AVERAGE('[6]Renewable Diesel'!$H53:$L53) -> 30927704 | M26: =K26-L26 -> 29123733 | N26: ='[6]Renewable Diesel'!$M7 -> 98371224 | O26: =AVERAGE('[6]Renewable Diesel'!$H7:$L7) -> 68686068 | P26: =N26-O26 -> 29685156 | S26: ='[8]Soy Complex'!$BJ601 -> 92.7895 | T26: 562.875 | V26: 606 | W26: =#REF!*100 -> #REF! | Y26: =V26-T26 -> 43.125 | AA26: 188.3125 | AB26: 16 | AC26: 100 | AE26: 2.020185 | AF26: =[3]Prices!$D619*7.5/100 -> 4.9229625 | AG26: =(AF26-AE26)*100 -> 290.27775 | AI26: 179.9875 | AJ26: 6.759625 | AK26: 2.12574 | AL26: =AJ26/2.8-AK26 -> 0.28841179 | AM26: ='[7]D6 Gallon Forecast'!$M34/1000000 -> 897.6843
A27: 44348 | B27: 2.6667336 | C27: =[6]Biodiesel!$M8 -> 154457118 | D27: =AVERAGE([6]Biodiesel!$H8:$L8) -> 151584746 | E27: =C27-D27 -> 2872372 | F27: ='[7]D4 Gallon Forecast'!$M74+'[7]D4 Gallon Forecast'!$M106 -> 172045534 | G27: =SUM('[7]D4 Gallon Forecast'!$H74:$L74,'[7]D4 Gallon Forecast'!$H106:$L106)/5 -> 1.8933431e+08 | H27: =F27-G27 -> -17288773 | I27: ='RINs and HOBO Forecast'!C56/100 -> 1.656071 | J27: =I27-B27 -> -1.0106626 | K27: ='[6]Renewable Diesel'!$M54 -> 68859545 | L27: =AVERAGE('[6]Renewable Diesel'!$H54:$L54) -> 29133835 | M27: =K27-L27 -> 39725710 | N27: ='[6]Renewable Diesel'!$M8 -> 112653761 | O27: =AVERAGE('[6]Renewable Diesel'!$H8:$L8) -> 64202497 | P27: =N27-O27 -> 48451264 | S27: ='[8]Soy Complex'!$BJ602 -> 97.3568 | T27: 590 | V27: 642.2727 | W27: =#REF!*100 -> #REF! | Y27: =V27-T27 -> 52.2727 | AA27: 176.5 | AB27: 16 | AC27: 100 | AE27: 2.1212864 | AF27: =[3]Prices!$D620*7.5/100 -> 4.8932386 | AG27: =(AF27-AE27)*100 -> 277.19523 | AI27: 167.2386 | AJ27: 6.4314773 | AK27: 2.2056364 | AL27: =AJ27/2.8-AK27 -> 0.091319805 | AM27: ='[7]D6 Gallon Forecast'!$M35/1000000 -> 1185.1464
A28: 44378 | B28: 2.7439638 | C28: =[6]Biodiesel!$M9 -> 146890338 | D28: =AVERAGE([6]Biodiesel!$H9:$L9) -> 1.5804668e+08 | E28: =C28-D28 -> -11156338 | F28: ='[7]D4 Gallon Forecast'!$M75+'[7]D4 Gallon Forecast'!$M107 -> 162272680 | G28: =SUM('[7]D4 Gallon Forecast'!$H75:$L75,'[7]D4 Gallon Forecast'!$H107:$L107)/5 -> 1.8262999e+08 | H28: =F28-G28 -> -20357313 | I28: ='RINs and HOBO Forecast'!C57/100 -> 1.718409 | J28: =I28-B28 -> -1.0255548 | K28: ='[6]Renewable Diesel'!$M55 -> 69500573 | L28: =AVERAGE('[6]Renewable Diesel'!$H55:$L55) -> 28538403 | M28: =K28-L28 -> 40962170 | N28: ='[6]Renewable Diesel'!$M9 -> 80428728 | O28: =AVERAGE('[6]Renewable Diesel'!$H9:$L9) -> 62533092 | P28: =N28-O28 -> 17895636 | S28: ='[8]Soy Complex'!$BJ603 -> 92.7933 | T28: 574.2857 | V28: 636.1905 | W28: =#REF!*100 -> #REF! | Y28: =V28-T28 -> 61.9048 | AA28: 165.6071 | AB28: 16 | AC28: 100 | AE28: 2.129 | AF28: =[3]Prices!$D621*7.5/100 -> 4.8702143 | AG28: =(AF28-AE28)*100 -> 274.12143 | AI28: 150.9702 | AJ28: 5.502619 | AK28: 2.2672714 | AL28: =AJ28/2.8-AK28 -> -0.30205034 | AM28: ='[7]D6 Gallon Forecast'!$M36/1000000 -> 1130.6855
A29: 44409 | B29: 2.5742027 | C29: =[6]Biodiesel!$M10 -> 154582245 | D29: =AVERAGE([6]Biodiesel!$H10:$L10) -> 164983704 | E29: =C29-D29 -> -10401459 | F29: ='[7]D4 Gallon Forecast'!$M76+'[7]D4 Gallon Forecast'!$M108 -> 165630384 | G29: =SUM('[7]D4 Gallon Forecast'!$H76:$L76,'[7]D4 Gallon Forecast'!$H108:$L108)/5 -> 1.9531729e+08 | H29: =F29-G29 -> -29686906 | I29: ='RINs and HOBO Forecast'!C58/100 -> 1.436667 | J29: =I29-B29 -> -1.1375357 | K29: ='[6]Renewable Diesel'!$M56 -> 82392520 | L29: =AVERAGE('[6]Renewable Diesel'!$H56:$L56) -> 27926045 | M29: =K29-L29 -> 54466475 | N29: ='[6]Renewable Diesel'!$M10 -> 116750468 | O29: =AVERAGE('[6]Renewable Diesel'!$H10:$L10) -> 56749172 | P29: =N29-O29 -> 60001296 | S29: ='[8]Soy Complex'!$BJ604 -> 82.8277 | T29: 566.1364 | V29: 635 | W29: =#REF!*100 -> #REF! | Y29: =V29-T29 -> 68.8636 | AA29: 171.8409 | AB29: 16 | AC29: 100 | AE29: 2.0716136 | AF29: =[3]Prices!$D622*7.5/100 -> 4.6098068 | AG29: =(AF29-AE29)*100 -> 253.81932 | AI29: 154.9773 | AJ29: 5.5357955 | AK29: 2.2290136 | AL29: =AJ29/2.8-AK29 -> -0.25194383 | AM29: ='[7]D6 Gallon Forecast'!$M37/1000000 -> 1257.8882
A30: 44440 | B30: 2.1470571 | C30: =[6]Biodiesel!$M11 -> 139934774 | D30: =AVERAGE([6]Biodiesel!$H11:$L11) -> 1.5270144e+08 | E30: =C30-D30 -> -12766663 | F30: ='[7]D4 Gallon Forecast'!$M77+'[7]D4 Gallon Forecast'!$M109 -> 151727069 | G30: =SUM('[7]D4 Gallon Forecast'!$H77:$L77,'[7]D4 Gallon Forecast'!$H109:$L109)/5 -> 1.8107264e+08 | H30: =F30-G30 -> -29345572 | I30: ='RINs and HOBO Forecast'!C59/100 -> 1.535238 | J30: =I30-B30 -> -0.61181914 | K30: ='[6]Renewable Diesel'!$M57 -> 55747506 | L30: =AVERAGE('[6]Renewable Diesel'!$H57:$L57) -> 32447211 | M30: =K30-L30 -> 23300295 | N30: ='[6]Renewable Diesel'!$M11 -> 107635552 | O30: =AVERAGE('[6]Renewable Diesel'!$H11:$L11) -> 65659316 | P30: =N30-O30 -> 41976236 | S30: ='[8]Soy Complex'!$BJ605 -> 75.1571 | T30: 517.8571 | V30: 599.0476 | W30: =#REF!*100 -> #REF! | Y30: =V30-T30 -> 81.1905 | AA30: 143.6667 | AB30: 16 | AC30: 100 | AE30: 2.199419 | AF30: =[3]Prices!$D623*7.5/100 -> 4.2903571 | AG30: =(AF30-AE30)*100 -> 209.09381 | AI30: 117.3929 | AJ30: 5.2440476 | AK30: 2.1642095 | AL30: =AJ30/2.8-AK30 -> -0.29133537 | AM30: ='[7]D6 Gallon Forecast'!$M38/1000000 -> 1263.9707
A31: 44470 | B31: 2.1353857 | C31: =[6]Biodiesel!$M12 -> 139778878 | D31: =AVERAGE([6]Biodiesel!$H12:$L12) -> 1.5189308e+08 | E31: =C31-D31 -> -12114203 | F31: ='[7]D4 Gallon Forecast'!$M78+'[7]D4 Gallon Forecast'!$M110 -> 157667026 | G31: =SUM('[7]D4 Gallon Forecast'!$H78:$L78,'[7]D4 Gallon Forecast'!$H110:$L110)/5 -> 1.7921444e+08 | H31: =F31-G31 -> -21547417 | I31: ='RINs and HOBO Forecast'!C60/100 -> 1.4295 | J31: =I31-B31 -> -0.70588571 | K31: ='[6]Renewable Diesel'!$M58 -> 77344974 | L31: =AVERAGE('[6]Renewable Diesel'!$H58:$L58) -> 31759731 | M31: =K31-L31 -> 45585243 | N31: ='[6]Renewable Diesel'!$M12 -> 119979605 | O31: =AVERAGE('[6]Renewable Diesel'!$H12:$L12) -> 57964885 | P31: =N31-O31 -> 62014720 | S31: ='[8]Soy Complex'!$BK594 -> 79.650952 | T31: 530.4762 | V31: 608.8095 | W31: =#REF!*100 -> #REF! | Y31: =V31-T31 -> 78.3333 | AA31: 153.5238 | AB31: 16 | AC31: 100 | AE31: 2.5105429 | AF31: =[3]Prices!$D624*7.5/100 -> 4.5934643 | AG31: =(AF31-AE31)*100 -> 208.29214 | AI31: 127.9405 | AJ31: 5.3661905 | AK31: 2.4202524 | AL31: =AJ31/2.8-AK31 -> -0.50375578 | AM31: ='[7]D6 Gallon Forecast'!$M39/1000000 -> 1274.4803
A32: 44501 | B32: 2.1266238 | C32: =[6]Biodiesel!$M13 -> 140856752 | D32: =AVERAGE([6]Biodiesel!$H13:$L13) -> 140059123 | E32: =C32-D32 -> 797629 | F32: ='[7]D4 Gallon Forecast'!$M79+'[7]D4 Gallon Forecast'!$M111 -> 162339335 | G32: =SUM('[7]D4 Gallon Forecast'!$H79:$L79,'[7]D4 Gallon Forecast'!$H111:$L111)/5 -> 1.6809914e+08 | H32: =F32-G32 -> -5759801.8 | I32: ='RINs and HOBO Forecast'!C61/100 -> 1.510595 | J32: =I32-B32 -> -0.61602881 | K32: ='[6]Renewable Diesel'!$M59 -> 101861084 | L32: =AVERAGE('[6]Renewable Diesel'!$H59:$L59) -> 36487628 | M32: =K32-L32 -> 65373456 | N32: ='[6]Renewable Diesel'!$M13 -> 133156773 | O32: =AVERAGE('[6]Renewable Diesel'!$H13:$L13) -> 66611078 | P32: =N32-O32 -> 66545695 | S32: ='[8]Soy Complex'!$BK595 -> 77.377619 | T32: 557.375 | V32: 637 | W32: =#REF!*100 -> #REF! | Y32: =V32-T32 -> 79.625 | AA32: 142.95 | AB32: 16 | AC32: 100 | AE32: 2.3727952 | AF32: =[3]Prices!$D625*7.5/100 -> 4.4426071 | AG32: =(AF32-AE32)*100 -> 206.98119 | AI32: 109.4375 | AJ32: 5.7091667 | AK32: 2.2811381 | AL32: =AJ32/2.8-AK32 -> -0.24215 | AM32: ='[7]D6 Gallon Forecast'!$M40/1000000 -> 1214.9311
A33: 44531 | B33: 1.9574427 | C33: =[6]Biodiesel!$M14 -> 165708240 | D33: =AVERAGE([6]Biodiesel!$H14:$L14) -> 1.6972491e+08 | E33: =C33-D33 -> -4016668.8 | F33: ='[7]D4 Gallon Forecast'!$M80+'[7]D4 Gallon Forecast'!$M112 -> 216969174 | G33: =SUM('[7]D4 Gallon Forecast'!$H80:$L80,'[7]D4 Gallon Forecast'!$H112:$L112)/5 -> 2.1574134e+08 | H33: =F33-G33 -> 1227834.8 | I33: ='RINs and HOBO Forecast'!C62/100 -> 1.357125 | J33: =I33-B33 -> -0.60031773 | K33: ='[6]Renewable Diesel'!$M60 -> 118270462 | L33: =AVERAGE('[6]Renewable Diesel'!$H60:$L60) -> 42123182 | M33: =K33-L33 -> 76147280 | N33: ='[6]Renewable Diesel'!$M14 -> 170434708 | O33: =AVERAGE('[6]Renewable Diesel'!$H14:$L14) -> 74599543 | P33: =N33-O33 -> 95835165 | S33: ='[8]Soy Complex'!$BK596 -> 73.038571 | T33: 513.2143 | V33: 610.9524 | W33: =#REF!*100 -> #REF! | Y33: =V33-T33 -> 97.7381 | AA33: 151.0595 | AB33: 16 | AC33: 100 | AE33: 2.2467 | AF33: =[3]Prices!$D626*7.5/100 -> 4.1407159 | AG33: =(AF33-AE33)*100 -> 189.40159 | AI33: 100.8095 | AJ33: 5.9218182 | AK33: 2.13535 | AL33: =AJ33/2.8-AK33 -> -0.020414935 | AM33: ='[7]D6 Gallon Forecast'!$M41/1000000 -> 1157.7463
A34: 44562 | B34: 2.048919 | C34: =[6]Biodiesel!$N3 -> 90715015 | D34: =AVERAGE([6]Biodiesel!$I3:$M3) -> 101961522 | E34: =C34-D34 -> -11246507 | F34: ='[7]D4 Gallon Forecast'!$N69+'[7]D4 Gallon Forecast'!$N101 -> 103416061 | G34: =SUM('[7]D4 Gallon Forecast'!$I69:$M69,'[7]D4 Gallon Forecast'!$I101:$M101)/5 -> 1.1515543e+08 | H34: =F34-G34 -> -11739365 | I34: ='RINs and HOBO Forecast'!C63/100 -> 1.464605 | J34: =I34-B34 -> -0.584314 | K34: ='[6]Renewable Diesel'!$N49 -> 87010244 | L34: =AVERAGE('[6]Renewable Diesel'!$I49:$M49) -> 32192066 | M34: =K34-L34 -> 54818178 | N34: ='[6]Renewable Diesel'!$N3 -> 121692397 | O34: =AVERAGE('[6]Renewable Diesel'!$I3:$M3) -> 53654898 | P34: =N34-O34 -> 68037499 | S34: ='[8]Soy Complex'!$BK597 -> 75.5675 | T34: 514.5 | V34: 614.5 | W34: =#REF!*100 -> #REF! | Y34: =V34-T34 -> 100 | AA34: 135.7125 | AB34: 16 | AC34: 100 | AE34: 2.584445 | AF34: =[3]Prices!$D627*7.5/100 -> 4.551 | AG34: =(AF34-AE34)*100 -> 196.6555 | AI34: 113.0263 | AJ34: 6.09375 | AK34: 2.40231 | AL34: =AJ34/2.8-AK34 -> -0.22597071 | AM34: ='[7]D6 Gallon Forecast'!$N30/1000000 -> 1.0559684e-07
A35: 44593 | B35: 2.3252063 | C35: =[6]Biodiesel!$N4 -> 110442650 | D35: =AVERAGE([6]Biodiesel!$I4:$M4) -> 1.0985141e+08 | E35: =C35-D35 -> 591243.2 | F35: ='[7]D4 Gallon Forecast'!$N70+'[7]D4 Gallon Forecast'!$N102 -> 117186475 | G35: =SUM('[7]D4 Gallon Forecast'!$I70:$M70,'[7]D4 Gallon Forecast'!$I102:$M102)/5 -> 1.2414212e+08 | H35: =F35-G35 -> -6955641.8 | I35: ='RINs and HOBO Forecast'!C64/100 -> 1.483696 | J35: =I35-B35 -> -0.84151032 | K35: ='[6]Renewable Diesel'!$N50 -> 101396491 | L35: =AVERAGE('[6]Renewable Diesel'!$I50:$M50) -> 34259503 | M35: =K35-L35 -> 67136988 | N35: ='[6]Renewable Diesel'!$N4 -> 131671445 | O35: =AVERAGE('[6]Renewable Diesel'!$I4:$M4) -> 54551389 | P35: =N35-O35 -> 77120056 | S35: ='[8]Soy Complex'!$BK598 -> 79.657368 | T35: 572.2368 | V35: 660.7895 | W35: =#REF!*100 -> #REF! | Y35: =V35-T35 -> 88.5527 | AA35: 146.4605 | AB35: 16 | AC35: 100 | AE35: 2.8219158 | AF35: =[3]Prices!$D628*7.5/100 -> 5.0259474 | AG35: =(AF35-AE35)*100 -> 220.40316 | AI35: 115.6118 | AJ35: 6.4943421 | AK35: 2.6866526 | AL35: =AJ35/2.8-AK35 -> -0.36724474 | AM35: ='[7]D6 Gallon Forecast'!$N31/1000000 -> -840.59902
A36: 44621 | B36: 2.0870565 | C36: =[6]Biodiesel!$N5 -> 135869438 | D36: =AVERAGE([6]Biodiesel!$I5:$M5) -> 1.4095718e+08 | E36: =C36-D36 -> -5087742.6 | F36: ='[7]D4 Gallon Forecast'!$N71+'[7]D4 Gallon Forecast'!$N103 -> 158548093 | G36: =SUM('[7]D4 Gallon Forecast'!$I71:$M71,'[7]D4 Gallon Forecast'!$I103:$M103)/5 -> 1.6134989e+08 | H36: =F36-G36 -> -2801797.6 | I36: ='RINs and HOBO Forecast'!C65/100 -> 1.641688 | J36: =I36-B36 -> -0.44536852 | K36: ='[6]Renewable Diesel'!$N51 -> 110055959 | L36: =AVERAGE('[6]Renewable Diesel'!$I51:$M51) -> 36222728 | M36: =K36-L36 -> 73833231 | N36: ='[6]Renewable Diesel'!$N5 -> 150541927 | O36: =AVERAGE('[6]Renewable Diesel'!$I5:$M5) -> 60135468 | P36: =N36-O36 -> 90406459 | S36: ='[8]Soy Complex'!$BK599 -> 91.28913 | T36: 668.7174 | V36: 724.7826 | W36: =#REF!*100 -> #REF! | Y36: =V36-T36 -> 56.0652 | AA36: 148.3696 | AB36: 16 | AC36: 100 | AE36: 3.5383696 | AF36: =[3]Prices!$D629*7.5/100 -> 5.5504891 | AG36: =(AF36-AE36)*100 -> 201.21196 | AI36: 114.587 | AJ36: 7.4656522 | AK36: 3.2952174 | AL36: =AJ36/2.8-AK36 -> -0.62891304 | AM36: ='[7]D6 Gallon Forecast'!$N32/1000000 -> 0.002022
A37: 44652 | B37: 2.321506 | C37: =[6]Biodiesel!$N6 -> 144286382 | D37: =AVERAGE([6]Biodiesel!$I6:$M6) -> 1.4472284e+08 | E37: =C37-D37 -> -436456.2 | F37: ='[7]D4 Gallon Forecast'!$N72+'[7]D4 Gallon Forecast'!$N104 -> 174159602 | G37: =SUM('[7]D4 Gallon Forecast'!$I72:$M72,'[7]D4 Gallon Forecast'!$I104:$M104)/5 -> 1.6358667e+08 | H37: =F37-G37 -> 10572931 | I37: ='RINs and HOBO Forecast'!C66/100 -> 1.78381 | J37: =I37-B37 -> -0.537696 | K37: ='[6]Renewable Diesel'!$N52 -> 106480662 | L37: =AVERAGE('[6]Renewable Diesel'!$I52:$M52) -> 34796982 | M37: =K37-L37 -> 71683680 | N37: ='[6]Renewable Diesel'!$N6 -> 147920550 | O37: =AVERAGE('[6]Renewable Diesel'!$I6:$M6) -> 69306797 | P37: =N37-O37 -> 78613753 | S37: ='[8]Soy Complex'!$BK600 -> 96.502 | T37: 692.375 | V37: 787.75 | W37: =#REF!*100 -> #REF! | Y37: =V37-T37 -> 95.375 | AA37: 164.1688 | AB37: 16 | AC37: 100 | AE37: 3.62541 | AF37: =[3]Prices!$D630*7.5/100 -> 5.94015 | AG37: =(AF37-AE37)*100 -> 231.474 | AI37: 128.7063 | AJ37: 7.838 | AK37: 3.256385 | AL37: =AJ37/2.8-AK37 -> -0.45709929 | AM37: ='[7]D6 Gallon Forecast'!$N33/1000000 -> 1210.5705
A38: 44682 | B38: 2.3091105 | C38: =[6]Biodiesel!$N7 -> 139875243 | D38: =AVERAGE([6]Biodiesel!$I7:$M7) -> 1.5420562e+08 | E38: =C38-D38 -> -14330380 | F38: ='[7]D4 Gallon Forecast'!$N73+'[7]D4 Gallon Forecast'!$N105 -> 151651903 | G38: =SUM('[7]D4 Gallon Forecast'!$I73:$M73,'[7]D4 Gallon Forecast'!$I105:$M105)/5 -> 1.7474908e+08 | H38: =F38-G38 -> -23097178 | I38: ='RINs and HOBO Forecast'!C67/100 -> 1.6325 | J38: =I38-B38 -> -0.67661048 | K38: ='[6]Renewable Diesel'!$N53 -> 136075722 | L38: =AVERAGE('[6]Renewable Diesel'!$I53:$M53) -> 38551292 | M38: =K38-L38 -> 97524430 | N38: ='[6]Renewable Diesel'!$N7 -> 180869468 | O38: =AVERAGE('[6]Renewable Diesel'!$I7:$M7) -> 78570700 | P38: =N38-O38 -> 1.0229877e+08 | S38: ='[8]Soy Complex'!$BK601 -> 104.02857 | T38: 758.2143 | V38: 798.0952 | W38: =#REF!*100 -> #REF! | Y38: =V38-T38 -> 39.8809 | AA38: 178.381 | AB38: 16 | AC38: 100 | AE38: 3.8681857 | AF38: =[3]Prices!$D631*7.5/100 -> 6.0753571 | AG38: =(AF38-AE38)*100 -> 220.71714 | AI38: 153.2024 | AJ38: 7.8386905 | AK38: 3.7841714 | AL38: =AJ38/2.8-AK38 -> -0.98463912 | AM38: ='[7]D6 Gallon Forecast'!$N34/1000000 -> 1070.3346
A39: 44713 | B39: 1.4467924 | C39: =[6]Biodiesel!$N8 -> 142855221 | D39: =AVERAGE([6]Biodiesel!$I8:$M8) -> 153927634 | E39: =C39-D39 -> -11072413 | F39: ='[7]D4 Gallon Forecast'!$N74+'[7]D4 Gallon Forecast'!$N106 -> 162170057 | G39: =SUM('[7]D4 Gallon Forecast'!$I74:$M74,'[7]D4 Gallon Forecast'!$I106:$M106)/5 -> 1.838724e+08 | H39: =F39-G39 -> -21702342 | I39: ='RINs and HOBO Forecast'!C68/100 -> 1.61425 | J39: =I39-B39 -> 0.16745762 | K39: ='[6]Renewable Diesel'!$N54 -> 116253275 | L39: =AVERAGE('[6]Renewable Diesel'!$I54:$M54) -> 38391879 | M39: =K39-L39 -> 77861396 | N39: ='[6]Renewable Diesel'!$N8 -> 154126522 | O39: =AVERAGE('[6]Renewable Diesel'!$I8:$M8) -> 75187376 | P39: =N39-O39 -> 78939146 | S39: ='[8]Soy Complex'!$BK602 -> 98.782381 | T39: 753.3333 | V39: 791.9048 | W39: =#REF!*100 -> #REF! | Y39: =V39-T39 -> 38.5715 | AA39: 163.25 | AB39: 16 | AC39: 100 | AE39: 4.2427333 | AF39: =[3]Prices!$D632*7.5/100 -> 5.72475 | AG39: =(AF39-AE39)*100 -> 148.20167 | AI39: 152.1905 | AJ39: 7.3897619 | AK39: 3.9874238 | AL39: =AJ39/2.8-AK39 -> -1.3482231 | AM39: ='[7]D6 Gallon Forecast'!$N35/1000000 -> 1266.8291
A40: 44743 | B40: 1.037132 | C40: =[6]Biodiesel!$N9 -> 137545866 | D40: =AVERAGE([6]Biodiesel!$I9:$M9) -> 1.5983029e+08 | E40: =C40-D40 -> -22284428 | F40: ='[7]D4 Gallon Forecast'!$N75+'[7]D4 Gallon Forecast'!$N107 -> 146261573 | G40: =SUM('[7]D4 Gallon Forecast'!$I75:$M75,'[7]D4 Gallon Forecast'!$I107:$M107)/5 -> 1.821595e+08 | H40: =F40-G40 -> -35897927 | I40: ='RINs and HOBO Forecast'!C69/100 -> 1.76587 | J40: =I40-B40 -> 0.728738 | K40: ='[6]Renewable Diesel'!$N55 -> 108975538 | L40: =AVERAGE('[6]Renewable Diesel'!$I55:$M55) -> 38534516 | M40: =K40-L40 -> 70441022 | N40: ='[6]Renewable Diesel'!$N9 -> 128058899 | O40: =AVERAGE('[6]Renewable Diesel'!$I9:$M9) -> 67452940 | P40: =N40-O40 -> 60605959 | S40: ='[8]Soy Complex'!$BK603 -> 81.498 | T40: 683.875 | V40: 757.55 | W40: =#REF!*100 -> #REF! | Y40: =V40-T40 -> 73.675 | AA40: 161.425 | AB40: 16 | AC40: 100 | AE40: 3.608285 | AF40: =[3]Prices!$D633*7.5/100 -> 4.60485 | AG40: =(AF40-AE40)*100 -> 99.6565 | AI40: 149.8125 | AJ40: 5.98325 | AK40: 3.34097 | AL40: =AJ40/2.8-AK40 -> -1.204095 | AM40: ='[7]D6 Gallon Forecast'!$N36/1000000 -> 1132.8846
A41: 44774 | B41: 1.4865574 | C41: =[6]Biodiesel!$N10 -> 151833118 | D41: =AVERAGE([6]Biodiesel!$I10:$M10) -> 1.6356849e+08 | E41: =C41-D41 -> -11735369 | F41: ='[7]D4 Gallon Forecast'!$N76+'[7]D4 Gallon Forecast'!$N108 -> 167103111 | G41: =SUM('[7]D4 Gallon Forecast'!$I76:$M76,'[7]D4 Gallon Forecast'!$I108:$M108)/5 -> 1.8382529e+08 | H41: =F41-G41 -> -16722176 | I41: ='RINs and HOBO Forecast'!C70/100 -> 1.748155 | J41: =I41-B41 -> 0.26159761 | K41: ='[6]Renewable Diesel'!$N56 -> 122248954 | L41: =AVERAGE('[6]Renewable Diesel'!$I56:$M56) -> 39444557 | M41: =K41-L41 -> 82804397 | N41: ='[6]Renewable Diesel'!$N10 -> 143340284 | O41: =AVERAGE('[6]Renewable Diesel'!$I10:$M10) -> 68857180 | P41: =N41-O41 -> 74483104 | S41: ='[8]Soy Complex'!$BK604 -> 85.40913 | T41: 692.2826 | V41: 749.9565 | W41: =#REF!*100 -> #REF! | Y41: =V41-T41 -> 57.6739 | AA41: 176.587 | AB41: 16 | AC41: 100 | AE41: 3.5711957 | AF41: =[3]Prices!$D634*7.5/100 -> 5.0615217 | AG41: =(AF41-AE41)*100 -> 149.03261 | AI41: 162.25 | AJ41: 6.3053261 | AK41: 2.9107391 | AL41: =AJ41/2.8-AK41 -> -0.65883696 | AM41: ='[7]D6 Gallon Forecast'!$N37/1000000 -> 1229.1879
A42: 44805 | B42: 1.6098457 | C42: =[6]Biodiesel!$N11 -> 141860945 | D42: =AVERAGE([6]Biodiesel!$I11:$M11) -> 151359875 | E42: =C42-D42 -> -9498930 | F42: ='[7]D4 Gallon Forecast'!$N77+'[7]D4 Gallon Forecast'!$N109 -> 160952336 | G42: =SUM('[7]D4 Gallon Forecast'!$I77:$M77,'[7]D4 Gallon Forecast'!$I109:$M109)/5 -> 1.6744338e+08 | H42: =F42-G42 -> -6491039.2 | I42: ='RINs and HOBO Forecast'!C71/100 -> 1.8130952 | J42: =I42-B42 -> 0.20324952 | K42: ='[6]Renewable Diesel'!$N57 -> 127613378 | L42: =AVERAGE('[6]Renewable Diesel'!$I57:$M57) -> 39753630 | M42: =K42-L42 -> 87859748 | N42: ='[6]Renewable Diesel'!$N11 -> 165201806 | O42: =AVERAGE('[6]Renewable Diesel'!$I11:$M11) -> 77811427 | P42: =N42-O42 -> 87390379 | S42: ='[8]Soy Complex'!$BK605 -> 83.801905 | T42: 698.3333 | V42: 770 | W42: =#REF!*100 -> #REF! | Y42: =V42-T42 -> 71.6667 | AA42: 174.8155 | AB42: 16 | AC42: 100 | AE42: 3.3659333 | AF42: =[3]Prices!$D635*7.5/100 -> 5.0155 | AG42: =(AF42-AE42)*100 -> 164.95667 | AI42: 161.8155 | AJ42: 6.772381 | AK42: 2.4465857 | AL42: =AJ42/2.8-AK42 -> -0.027878231 | AM42: ='[7]D6 Gallon Forecast'!$N38/1000000 -> 1289.6204
A43: 44835 | B43: 1.4954524 | C43: =[6]Biodiesel!$N12 -> 138040230 | D43: =AVERAGE([6]Biodiesel!$I12:$M12) -> 151235979 | E43: =C43-D43 -> -13195749 | F43: ='[7]D4 Gallon Forecast'!$N78+'[7]D4 Gallon Forecast'!$N110 -> 155371189 | G43: =SUM('[7]D4 Gallon Forecast'!$I78:$M78,'[7]D4 Gallon Forecast'!$I110:$M110)/5 -> 172027810 | H43: =F43-G43 -> -16656621 | I43: ='RINs and HOBO Forecast'!C72/100 -> 1.91475 | J43: =I43-B43 -> 0.41929762 | K43: ='[6]Renewable Diesel'!$N58 -> 113679693 | L43: =AVERAGE('[6]Renewable Diesel'!$I58:$M58) -> 43100773 | M43: =K43-L43 -> 70578920 | N43: ='[6]Renewable Diesel'!$N12 -> 151498690 | O43: =AVERAGE('[6]Renewable Diesel'!$I12:$M12) -> 73523385 | P43: =N43-O43 -> 77975305 | S43: ='[8]Soy Complex'!$BL594 -> 84.172857 | T43: 704.0476 | V43: 796.5476 | W43: =#REF!*100 -> #REF! | Y43: =V43-T43 -> 92.5 | AA43: 181.3095 | AB43: 16 | AC43: 100 | AE43: 3.7092667 | AF43: =[3]Prices!$D636*7.5/100 -> 5.1370714 | AG43: =(AF43-AE43)*100 -> 142.78048 | AI43: 162.4345 | AJ43: 6.8554762 | AK43: 2.7083476 | AL43: =AJ43/2.8-AK43 -> -0.25996327 | AM43: ='[7]D6 Gallon Forecast'!$N39/1000000 -> 1209.3374
A44: 44866 | B44: 2.0885829 | C44: =[6]Biodiesel!$N13 -> 141295576 | D44: =AVERAGE([6]Biodiesel!$I13:$M13) -> 1.4028709e+08 | E44: =C44-D44 -> 1008489.6 | F44: ='[7]D4 Gallon Forecast'!$N79+'[7]D4 Gallon Forecast'!$N111 -> 175112972 | G44: =SUM('[7]D4 Gallon Forecast'!$I79:$M79,'[7]D4 Gallon Forecast'!$I111:$M111)/5 -> 1.5948014e+08 | H44: =F44-G44 -> 15632831 | I44: ='RINs and HOBO Forecast'!C73/100 -> 1.730238 | J44: =I44-B44 -> -0.35834486 | K44: ='[6]Renewable Diesel'!$N59 -> 171787630 | L44: =AVERAGE('[6]Renewable Diesel'!$I59:$M59) -> 51387598 | M44: =K44-L44 -> 1.2040003e+08 | N44: ='[6]Renewable Diesel'!$N13 -> 198800014 | O44: =AVERAGE('[6]Renewable Diesel'!$I13:$M13) -> 81658813 | P44: =N44-O44 -> 1.171412e+08 | S44: ='[8]Soy Complex'!$BL595 -> 91.439048 | T44: 730.25 | V44: 804.6 | W44: =#REF!*100 -> #REF! | Y44: =V44-T44 -> 74.35 | AA44: 191.475 | AB44: 16 | AC44: 100 | AE44: 3.5215762 | AF44: =[3]Prices!$D637*7.5/100 -> 5.6226071 | AG44: =(AF44-AE44)*100 -> 210.1031 | AI44: 177.9875 | AJ44: 6.6907143 | AK44: 2.5247714 | AL44: =AJ44/2.8-AK44 -> -0.13523061 | AM44: ='[7]D6 Gallon Forecast'!$N40/1000000 -> 1268.929
A45: 44896 | B45: 1.7587895 | C45: =[6]Biodiesel!$N14 -> 145591401 | D45: =AVERAGE([6]Biodiesel!$I14:$M14) -> 1.6542312e+08 | E45: =C45-D45 -> -19831715 | F45: ='[7]D4 Gallon Forecast'!$N80+'[7]D4 Gallon Forecast'!$N112 -> 188600282 | G45: =SUM('[7]D4 Gallon Forecast'!$I80:$M80,'[7]D4 Gallon Forecast'!$I112:$M112)/5 -> 197483474 | H45: =F45-G45 -> -8883192 | I45: ='RINs and HOBO Forecast'!C74/100 -> 1.69125 | J45: =I45-B45 -> -0.067539524 | K45: ='[6]Renewable Diesel'!$N60 -> 153759160 | L45: =AVERAGE('[6]Renewable Diesel'!$I60:$M60) -> 60345879 | M45: =K45-L45 -> 93413281 | N45: ='[6]Renewable Diesel'!$N14 -> 194157620 | O45: =AVERAGE('[6]Renewable Diesel'!$I14:$M14) -> 97976048 | P45: =N45-O45 -> 96181572 | S45: ='[8]Soy Complex'!$BL596 -> 78.70381 | T45: 659.4048 | V45: 770 | W45: =#REF!*100 -> #REF! | Y45: =V45-T45 -> 110.5952 | AA45: 173.0238 | AB45: 16 | AC45: 100 | AE45: 3.1015714 | AF45: =[3]Prices!$D638*7.5/100 -> 4.8152857 | AG45: =(AF45-AE45)*100 -> 171.37143 | AI45: 160.625 | AJ45: 6.5621429 | AK45: 2.2277667 | AL45: =AJ45/2.8-AK45 -> 0.11585578 | AM45: ='[7]D6 Gallon Forecast'!$N41/1000000 -> 1125.0594
A46: 44927 | B46: 1.931481 | C46: =[6]Biodiesel!$O3 -> 119548309 | D46: =AVERAGE([6]Biodiesel!$J3:$N3) -> 106917290 | E46: =C46-D46 -> 12631019 | F46: ='[7]D4 Gallon Forecast'!$O69+'[7]D4 Gallon Forecast'!$O101 -> 144130783 | G46: =SUM('[7]D4 Gallon Forecast'!$J69:$N69,'[7]D4 Gallon Forecast'!$J101:$N101)/5 -> 1.1841339e+08 | H46: =F46-G46 -> 25717398 | I46: ='RINs and HOBO Forecast'!C75/100 -> 1.6197368 | J46: =I46-B46 -> -0.31174416 | K46: ='[6]Renewable Diesel'!$O49 -> 148278375 | L46: =AVERAGE('[6]Renewable Diesel'!$J49:$N49) -> 45882008 | M46: =K46-L46 -> 1.0239637e+08 | N46: ='[6]Renewable Diesel'!$O3 -> 186177512 | O46: =AVERAGE('[6]Renewable Diesel'!$J3:$N3) -> 70193138 | P46: =N46-O46 -> 1.1598437e+08 | S46: ='[8]Soy Complex'!$BL597 -> 74.7715 | T46: 605.375 | V46: 745.25 | W46: =#REF!*100 -> #REF! | Y46: =V46-T46 -> 139.875 | AA46: 169.125 | AB46: 16 | AC46: 100 | AE46: 3.18407 | AF46: =[3]Prices!$D639*7.5/100 -> 4.6788 | AG46: =(AF46-AE46)*100 -> 149.473 | AI46: 166.3375 | AJ46: 6.703875 | AK46: 2.48439 | AL46: =AJ46/2.8-AK46 -> -0.090148929 | AM46: ='[7]D6 Gallon Forecast'!$O30/1000000 -> 1.0710501e-07
A47: 44958 | B47: 2.2958695 | C47: =[6]Biodiesel!$O4 -> 114742607 | D47: =AVERAGE([6]Biodiesel!$J4:$N4) -> 1.1624469e+08 | E47: =C47-D47 -> -1502078.4 | F47: ='[7]D4 Gallon Forecast'!$O70+'[7]D4 Gallon Forecast'!$O102 -> 155538920 | G47: =SUM('[7]D4 Gallon Forecast'!$J70:$N70,'[7]D4 Gallon Forecast'!$J102:$N102)/5 -> 1.2592974e+08 | H47: =F47-G47 -> 29609185 | I47: ='RINs and HOBO Forecast'!C76/100 -> 1.5740217 | J47: =I47-B47 -> -0.72184773 | K47: ='[6]Renewable Diesel'!$O50 -> 141070359 | L47: =AVERAGE('[6]Renewable Diesel'!$J50:$N50) -> 50330276 | M47: =K47-L47 -> 90740083 | N47: ='[6]Renewable Diesel'!$O4 -> 168557943 | O47: =AVERAGE('[6]Renewable Diesel'!$J4:$N4) -> 74696205 | P47: =N47-O47 -> 93861738 | S47: ='[8]Soy Complex'!$BL598 -> 71.927895 | T47: 585.7895 | V47: 707.6316 | W47: =#REF!*100 -> #REF! | Y47: =V47-T47 -> 121.8421 | AA47: 161.9737 | AB47: 16 | AC47: 100 | AE47: 2.8160263 | AF47: =[3]Prices!$D640*7.5/100 -> 4.5587368 | AG47: =(AF47-AE47)*100 -> 174.27105 | AI47: 158.5658 | AJ47: 6.7109211 | AK47: 2.4277053 | AL47: =AJ47/2.8-AK47 -> -0.030947744 | AM47: ='[7]D6 Gallon Forecast'!$O31/1000000 -> -583.70822
A48: 44986 | B48: 2.1410861 | C48: =[6]Biodiesel!$O5 -> 130889308 | D48: =AVERAGE([6]Biodiesel!$J5:$N5) -> 145831723 | E48: =C48-D48 -> -14942415 | F48: ='[7]D4 Gallon Forecast'!$O71+'[7]D4 Gallon Forecast'!$O103 -> 175675686 | G48: =SUM('[7]D4 Gallon Forecast'!$J71:$N71,'[7]D4 Gallon Forecast'!$J103:$N103)/5 -> 1.6265058e+08 | H48: =F48-G48 -> 13025102 | I48: ='RINs and HOBO Forecast'!C77/100 -> 1.5670526 | J48: =I48-B48 -> -0.57403346 | K48: ='[6]Renewable Diesel'!$O51 -> 184175802 | L48: =AVERAGE('[6]Renewable Diesel'!$J51:$N51) -> 55062604 | M48: =K48-L48 -> 1.291132e+08 | N48: ='[6]Renewable Diesel'!$O5 -> 219843657 | O48: =AVERAGE('[6]Renewable Diesel'!$J5:$N5) -> 83747956 | P48: =N48-O48 -> 1.360957e+08 | S48: ='[8]Soy Complex'!$BL599 -> 68.043478 | T48: 567.1304 | V48: 636.5217 | W48: =#REF!*100 -> #REF! | Y48: =V48-T48 -> 69.3913 | AA48: 157.4022 | AB48: 16 | AC48: 100 | AE48: 2.6893522 | AF48: =[3]Prices!$D641*7.5/100 -> 4.2668478 | AG48: =(AF48-AE48)*100 -> 157.74957 | AI48: 153.587 | AJ48: 6.3433696 | AK48: 2.627787 | AL48: =AJ48/2.8-AK48 -> -0.36229783 | AM48: ='[7]D6 Gallon Forecast'!$O32/1000000 -> 0.002023
A49: 45017 | B49: 2.2498547 | C49: =[6]Biodiesel!$O6 -> 133835520 | D49: =AVERAGE([6]Biodiesel!$J6:$N6) -> 1.4871528e+08 | E49: =C49-D49 -> -14879762 | F49: ='[7]D4 Gallon Forecast'!$O72+'[7]D4 Gallon Forecast'!$O104 -> 168799978 | G49: =SUM('[7]D4 Gallon Forecast'!$J72:$N72,'[7]D4 Gallon Forecast'!$J104:$N104)/5 -> 1.6938291e+08 | H49: =F49-G49 -> -582930.4 | I49: ='RINs and HOBO Forecast'!C78/100 -> 1.5339773 | J49: =I49-B49 -> -0.71587746 | K49: ='[6]Renewable Diesel'!$O52 -> 174407540 | L49: =AVERAGE('[6]Renewable Diesel'!$J52:$N52) -> 52012474 | M49: =K49-L49 -> 1.2239507e+08 | N49: ='[6]Renewable Diesel'!$O6 -> 219470818 | O49: =AVERAGE('[6]Renewable Diesel'!$J6:$N6) -> 89268066 | P49: =N49-O49 -> 1.3020275e+08 | S49: ='[8]Soy Complex'!$BL600 -> 66.049474 | T49: 545.1316 | V49: 605 | W49: =#REF!*100 -> #REF! | Y49: =V49-T49 -> 59.8684 | AA49: 156.7053 | AB49: 16 | AC49: 100 | AE49: 2.5711 | AF49: =[3]Prices!$D642*7.5/100 -> 4.0438421 | AG49: =(AF49-AE49)*100 -> 147.27421 | AI49: 153.875 | AJ49: 6.3693421 | AK49: 2.7147579 | AL49: =AJ49/2.8-AK49 -> -0.43999286 | AM49: ='[7]D6 Gallon Forecast'!$O33/1000000 -> 1209.6801
A50: 45047 | B50: 2.3677636 | C50: =[6]Biodiesel!$O7 -> 163593533 | D50: =AVERAGE([6]Biodiesel!$J7:$N7) -> 1.5276586e+08 | E50: =C50-D50 -> 10827673 | F50: ='[7]D4 Gallon Forecast'!$O73+'[7]D4 Gallon Forecast'!$O105 -> 203013371 | G50: =SUM('[7]D4 Gallon Forecast'!$J73:$N73,'[7]D4 Gallon Forecast'!$J105:$N105)/5 -> 1.6785833e+08 | H50: =F50-G50 -> 35155043 | I50: ='RINs and HOBO Forecast'!C79/100 -> 1.4447024 | J50: =I50-B50 -> -0.92306126 | K50: ='[6]Renewable Diesel'!$O53 -> 229265334 | L50: =AVERAGE('[6]Renewable Diesel'!$J53:$N53) -> 60887886 | M50: =K50-L50 -> 1.6837745e+08 | N50: ='[6]Renewable Diesel'!$O7 -> 277943732 | O50: =AVERAGE('[6]Renewable Diesel'!$J7:$N7) -> 1.0282812e+08 | P50: =N50-O50 -> 1.7511562e+08 | S50: ='[8]Soy Complex'!$BL601 -> 63.015455 | T50: 529.7045 | V50: 594.5 | W50: =#REF!*100 -> #REF! | Y50: =V50-T50 -> 64.7955 | AA50: 153.3977 | AB50: 16 | AC50: 100 | AE50: 2.3408136 | AF50: =[3]Prices!$D643*7.5/100 -> 3.7324091 | AG50: =(AF50-AE50)*100 -> 139.15955 | AI50: 150.5625 | AJ50: 5.8389773 | AK50: 2.5257773 | AL50: =AJ50/2.8-AK50 -> -0.44042825 | AM50: ='[7]D6 Gallon Forecast'!$O34/1000000 -> 1125.6474
A51: 45078 | B51: 2.4054543 | C51: =[6]Biodiesel!$O8 -> 153006295 | D51: =AVERAGE([6]Biodiesel!$J8:$N8) -> 153496463 | E51: =C51-D51 -> -490168 | F51: ='[7]D4 Gallon Forecast'!$O74+'[7]D4 Gallon Forecast'!$O106 -> 194186168 | G51: =SUM('[7]D4 Gallon Forecast'!$J74:$N74,'[7]D4 Gallon Forecast'!$J106:$N106)/5 -> 1.7055164e+08 | H51: =F51-G51 -> 23634527 | I51: ='RINs and HOBO Forecast'!C80/100 -> 1.556375 | J51: =I51-B51 -> -0.84907929 | K51: ='[6]Renewable Diesel'!$O54 -> 202490999 | L51: =AVERAGE('[6]Renewable Diesel'!$J54:$N54) -> 58093087 | M51: =K51-L51 -> 1.4439791e+08 | N51: ='[6]Renewable Diesel'!$O8 -> 246714258 | O51: =AVERAGE('[6]Renewable Diesel'!$J8:$N8) -> 96291192 | P51: =N51-O51 -> 1.5042307e+08 | S51: ='[8]Soy Complex'!$BL602 -> 71.920476 | T51: 523.6905 | V51: 580.2381 | W51: =#REF!*100 -> #REF! | Y51: =V51-T51 -> 56.5476 | AA51: 144.4702 | AB51: 16 | AC51: 100 | AE51: 2.4007238 | AF51: =[3]Prices!$D644*7.5/100 -> 4.1895714 | AG51: =(AF51-AE51)*100 -> 178.88476 | AI51: 142.381 | AJ51: 5.9182143 | AK51: 2.5714286 | AL51: =AJ51/2.8-AK51 -> -0.45778061 | AM51: ='[7]D6 Gallon Forecast'!$O35/1000000 -> 1215.0021
A52: 45108 | B52: 1.024995 | C52: =[6]Biodiesel!$O9 -> 142593233 | D52: =AVERAGE([6]Biodiesel!$J9:$N9) -> 157281394 | E52: =C52-D52 -> -14688161 | F52: ='[7]D4 Gallon Forecast'!$O75+'[7]D4 Gallon Forecast'!$O107 -> 172912484 | G52: =SUM('[7]D4 Gallon Forecast'!$J75:$N75,'[7]D4 Gallon Forecast'!$J107:$N107)/5 -> 170427574 | H52: =F52-G52 -> 2484910 | I52: ='RINs and HOBO Forecast'!C81/100 -> 1.4503261 | J52: =I52-B52 -> 0.42533109 | K52: ='[6]Renewable Diesel'!$O55 -> 182796774 | L52: =AVERAGE('[6]Renewable Diesel'!$J55:$N55) -> 56399262 | M52: =K52-L52 -> 1.2639751e+08 | N52: ='[6]Renewable Diesel'!$O9 -> 236554662 | O52: =AVERAGE('[6]Renewable Diesel'!$J9:$N9) -> 83173673 | P52: =N52-O52 -> 153380989 | S52: ='[8]Soy Complex'!$BL603 -> 83.215 | T52: 564.25 | V52: 595 | W52: =#REF!*100 -> #REF! | Y52: =V52-T52 -> 30.75 | AA52: 155.6375 | AB52: 16 | AC52: 100 | AE52: 2.663065 | AF52: =[3]Prices!$D645*7.5/100 -> 4.97925 | AG52: =(AF52-AE52)*100 -> 231.6185 | AI52: 155.025 | AJ52: 5.215125 | AK52: 2.718895 | AL52: =AJ52/2.8-AK52 -> -0.85635036 | AM52: ='[7]D6 Gallon Forecast'!$O36/1000000 -> 1149.4814
A53: 45139 | B53: 1.4837748 | C53: =[6]Biodiesel!$O10 -> 152345476 | D53: =AVERAGE([6]Biodiesel!$J10:$N10) -> 1.6242777e+08 | E53: =C53-D53 -> -10082295 | F53: ='[7]D4 Gallon Forecast'!$O76+'[7]D4 Gallon Forecast'!$O108 -> 196585405 | G53: =SUM('[7]D4 Gallon Forecast'!$J76:$N76,'[7]D4 Gallon Forecast'!$J108:$N108)/5 -> 1.7533035e+08 | H53: =F53-G53 -> 21255051 | I53: ='RINs and HOBO Forecast'!C82/100 -> 1.194 | J53: =I53-B53 -> -0.28977478 | K53: ='[6]Renewable Diesel'!$O56 -> 236476280 | L53: =AVERAGE('[6]Renewable Diesel'!$J56:$N56) -> 58959869 | M53: =K53-L53 -> 177516411 | N53: ='[6]Renewable Diesel'!$O10 -> 261948806 | O53: =AVERAGE('[6]Renewable Diesel'!$J10:$N10) -> 87676713 | P53: =N53-O53 -> 174272093 | S53: ='[8]Soy Complex'!$BL604 -> 79.824783 | T53: 621.1957 | V53: 658.0435 | W53: =#REF!*100 -> #REF! | Y53: =V53-T53 -> 36.8478 | AA53: 145.0326 | AB53: 16 | AC53: 100 | AE53: 3.0994087 | AF53: =[3]Prices!$D646*7.5/100 -> 4.9205543 | AG53: =(AF53-AE53)*100 -> 182.11457 | AI53: 144.5217 | AJ53: 4.8978261 | AK53: 2.8286348 | AL53: =AJ53/2.8-AK53 -> -1.0794112 | AM53: ='[7]D6 Gallon Forecast'!$O37/1000000 -> 1269.1496
A54: 45170 | B54: 1.618032 | C54: =[6]Biodiesel!$O11 -> 143870897 | D54: =AVERAGE([6]Biodiesel!$J11:$N11) -> 150065421 | E54: =C54-D54 -> -6194524 | F54: ='[7]D4 Gallon Forecast'!$O77+'[7]D4 Gallon Forecast'!$O109 -> 184335390 | G54: =SUM('[7]D4 Gallon Forecast'!$J77:$N77,'[7]D4 Gallon Forecast'!$J109:$N109)/5 -> 1.6438774e+08 | H54: =F54-G54 -> 19947649 | I54: ='RINs and HOBO Forecast'!C83/100 -> 0.88602273 | J54: =I54-B54 -> -0.73200927 | K54: ='[6]Renewable Diesel'!$O57 -> 234008508 | L54: =AVERAGE('[6]Renewable Diesel'!$J57:$N57) -> 60882898 | M54: =K54-L54 -> 1.7312561e+08 | N54: ='[6]Renewable Diesel'!$O11 -> 248926184 | O54: =AVERAGE('[6]Renewable Diesel'!$J11:$N11) -> 1.0070961e+08 | P54: =N54-O54 -> 1.4821658e+08 | S54: ='[8]Soy Complex'!$BL605 -> 74.3415 | T54: 586.75 | V54: 641 | W54: =#REF!*100 -> #REF! | Y54: =V54-T54 -> 54.25 | AA54: 119.4 | AB54: 16 | AC54: 100 | AE54: 3.267755 | AF54: =[3]Prices!$D647*7.5/100 -> 4.5987375 | AG54: =(AF54-AE54)*100 -> 133.09825 | AI54: 118.425 | AJ54: 4.80825 | AK54: 2.624645 | AL54: =AJ54/2.8-AK54 -> -0.90741286 | AM54: ='[7]D6 Gallon Forecast'!$O38/1000000 -> 1281.2233
A55: 45200 | B55: 1.4876073 | C55: =[6]Biodiesel!$O12 -> 144087366 | D55: =AVERAGE([6]Biodiesel!$J12:$N12) -> 1.4897444e+08 | E55: =C55-D55 -> -4887075.4 | F55: ='[7]D4 Gallon Forecast'!$O78+'[7]D4 Gallon Forecast'!$O110 -> 201131379 | G55: =SUM('[7]D4 Gallon Forecast'!$J78:$N78,'[7]D4 Gallon Forecast'!$J110:$N110)/5 -> 1.6589534e+08 | H55: =F55-G55 -> 35236040 | I55: ='RINs and HOBO Forecast'!C84/100 -> 0.829125 | J55: =I55-B55 -> -0.65848227 | K55: ='[6]Renewable Diesel'!$O58 -> 214031283 | L55: =AVERAGE('[6]Renewable Diesel'!$J58:$N58) -> 60767346 | M55: =K55-L55 -> 1.5326394e+08 | N55: ='[6]Renewable Diesel'!$O12 -> 267606156 | O55: =AVERAGE('[6]Renewable Diesel'!$J12:$N12) -> 93053296 | P55: =N55-O55 -> 1.7455286e+08 | S55: ='[8]Soy Complex'!$BM594 -> 65.822727 | T55: 512.25 | V55: 592.2727 | W55: =#REF!*100 -> #REF! | Y55: =V55-T55 -> 80.0227 | AA55: 88.6023 | AB55: 16 | AC55: 100 | AE55: 3.0330409 | AF55: =[3]Prices!$D648*7.5/100 -> 4.0401136 | AG55: =(AF55-AE55)*100 -> 100.70727 | AI55: 88.0682 | AJ55: 4.8843182 | AK55: 2.2739227 | AL55: =AJ55/2.8-AK55 -> -0.52952338 | AM55: ='[7]D6 Gallon Forecast'!$O39/1000000 -> 1276.5484
A56: 45231 | B56: 2.057527 | C56: =[6]Biodiesel!$O13 -> 135076229 | D56: =AVERAGE([6]Biodiesel!$J13:$N13) -> 1.3898021e+08 | E56: =C56-D56 -> -3903983.6 | F56: ='[7]D4 Gallon Forecast'!$O79+'[7]D4 Gallon Forecast'!$O111 -> 177563508 | G56: =SUM('[7]D4 Gallon Forecast'!$J79:$N79,'[7]D4 Gallon Forecast'!$J111:$N111)/5 -> 160060301 | H56: =F56-G56 -> 17503207 | I56: ='RINs and HOBO Forecast'!C85/100 -> 0.8123125 | J56: =I56-B56 -> -1.2452145 | K56: ='[6]Renewable Diesel'!$O59 -> 205619514 | L56: =AVERAGE('[6]Renewable Diesel'!$J59:$N59) -> 81109768 | M56: =K56-L56 -> 1.2450975e+08 | N56: ='[6]Renewable Diesel'!$O13 -> 251009802 | O56: =AVERAGE('[6]Renewable Diesel'!$J13:$N13) -> 1.1110144e+08 | P56: =N56-O56 -> 1.3990836e+08 | S56: ='[8]Soy Complex'!$BM595 -> 63.272857 | V56: =[9]Forecasts!$B48 -> 560.75 | W56: =#REF!*100 -> #REF! | AA56: =(-0.6408065713*(I56*100))+(-0.0000008777*P56)+296.8717213184 -> 122.02063 | AB56: 16 | AC56: 100 | AE56: {=[10]!Qhoz3?Last} -> Invalid | AF56: =[3]Prices!$D649*7.5/100 -> 3.8753571 | AG56: =(AF56-AE56)*100 -> #VALUE! | AJ56: =[11]Prices!$D641 -> 4.8584524 | AK56: =AK55+AVERAGE(AK44-AK43,AK20-AK19,AK8-AK7) -> 2.7642899 | AL56: =AJ56/2.8-AK56 -> -1.0291283 | AM56: ='[7]D6 Gallon Forecast'!$O40/1000000 -> 1273.3707
A57: 45261 | B57: 1.201833 | C57: =[6]Biodiesel!$O14 -> 136732063 | D57: =AVERAGE([6]Biodiesel!$J14:$N14) -> 162022364 | E57: =C57-D57 -> -25290301 | F57: ='[7]D4 Gallon Forecast'!$O80+'[7]D4 Gallon Forecast'!$O112 -> 200310108 | G57: =SUM('[7]D4 Gallon Forecast'!$J80:$N80,'[7]D4 Gallon Forecast'!$J112:$N112)/5 -> 1.9646113e+08 | H57: =F57-G57 -> 3848973.4 | I57: ='RINs and HOBO Forecast'!C86/100 -> 0.72583333 | J57: =I57-B57 -> -0.47599967 | K57: ='[6]Renewable Diesel'!$O60 -> 274816428 | L57: =AVERAGE('[6]Renewable Diesel'!$J60:$N60) -> 85992841 | M57: =K57-L57 -> 1.8882359e+08 | N57: ='[6]Renewable Diesel'!$O14 -> 323439638 | O57: =AVERAGE('[6]Renewable Diesel'!$J14:$N14) -> 125413974 | P57: =N57-O57 -> 198025664 | S57: ='[8]Soy Complex'!$BM596 -> 60.323 | V57: =[9]Forecasts!$B49 -> 546.125 | W57: =#REF!*100 -> #REF! | AA57: =(-0.6408065713*(I57*100))+(-0.0000008777*P57)+296.8717213184 -> 76.552719 | AB57: 16 | AC57: 100 | AE57: {=[10]!Qhof4?Last} -> Invalid | AF57: =[3]Prices!$D650*7.5/100 -> 3.732975 | AG57: =(AF57-AE57)*100 -> #VALUE! | AJ57: =[11]Prices!$D642 -> 4.797125 | AK57: =AK56+AVERAGE(AK45-AK44,AK21-AK20,AK9-AK8) -> 2.7267286 | AL57: =AJ57/2.8-AK57 -> -1.0134696 | AM57: ='[7]D6 Gallon Forecast'!$O41/1000000 -> 1178.004
A58: 45292 | B58: 0.9908181 | C58: =[6]Biodiesel!$P3 -> 120715672 | D58: =AVERAGE([6]Biodiesel!$K3:$O3) -> 1.0872774e+08 | E58: =C58-D58 -> 11987931 | F58: =[6]Biodiesel!$P35 -> 161030405 | G58: =AVERAGE([6]Biodiesel!$K35:$O35) -> 1.2300111e+08 | H58: =F58-G58 -> 38029292 | I58: ='RINs and HOBO Forecast'!C87/100 -> 0.479875 | J58: =I58-B58 -> -0.5109431 | K58: ='[6]Renewable Diesel'!$P49 -> 230210264 | L58: =AVERAGE('[6]Renewable Diesel'!$K49:$O49) -> 72801552 | M58: =K58-L58 -> 1.5740871e+08 | N58: ='[6]Renewable Diesel'!$P3 -> 254443224 | O58: =AVERAGE('[6]Renewable Diesel'!$K3:$O3) -> 1.0155305e+08 | P58: =N58-O58 -> 1.5289017e+08 | S58: ='[8]Soy Complex'!$BM597 -> 56.159524 | V58: =[9]Forecasts!$B50 -> 521.4286 | W58: =#REF!*100 -> #REF! | AA58: =(-0.6408065713*(I58*100))+(-0.0000008777*P58)+296.8717213184 -> 131.92931 | AB58: 16 | AC58: 100 | AE58: {=[10]!Qhog4?Last} -> Invalid | AF58: =[3]Prices!$D651*7.5/100 -> 3.5655357 | AG58: =(AF58-AE58)*100 -> #VALUE! | AJ58: =[11]Prices!$D643 -> 4.5184524 | AK58: =AK57+AVERAGE(AK46-AK45,AK22-AK21,AK10-AK9) -> 2.8621015 | AL58: =AJ58/2.8-AK58 -> -1.2483685 | AM58: ='[7]D6 Gallon Forecast'!$P30/1000000 -> 1.0755238e-07
A59: 45323 | B59: 0.791486 | C59: =[6]Biodiesel!$P4 -> 125799224 | D59: =AVERAGE([6]Biodiesel!$K4:$O4) -> 1.1608595e+08 | E59: =C59-D59 -> 9713271.6 | F59: =[6]Biodiesel!$P36 -> 177754856 | G59: =AVERAGE([6]Biodiesel!$K36:$O36) -> 1.3161333e+08 | H59: =F59-G59 -> 46141527 | I59: ='RINs and HOBO Forecast'!C88/100 -> 0.52475 | J59: =I59-B59 -> -0.266736 | K59: ='[6]Renewable Diesel'!$P50 -> 230073636 | L59: =AVERAGE('[6]Renewable Diesel'!$K50:$O50) -> 74223385 | M59: =K59-L59 -> 1.5585025e+08 | N59: ='[6]Renewable Diesel'!$P4 -> 286287459 | O59: =AVERAGE('[6]Renewable Diesel'!$K4:$O4) -> 1.0162082e+08 | P59: =N59-O59 -> 1.8466664e+08 | S59: ='[8]Soy Complex'!$BM598 -> 53.215 | V59: =[9]Forecasts!$B51 -> 493.875 | W59: =#REF!*100 -> #REF! | AA59: =(-0.6408065713*(I59*100))+(-0.0000008777*P59)+296.8717213184 -> 101.16349 | AB59: 16 | AC59: 100 | AE59: {=[10]!Qhoh4?Last} -> Invalid | AF59: =[3]Prices!$D652*7.5/100 -> 3.423 | AG59: =(AF59-AE59)*100 -> #VALUE! | AJ59: =[11]Prices!$D644 -> 4.23375 | AK59: =AK58+AVERAGE(AK47-AK46,AK23-AK22,AK11-AK10) -> 2.8865557 | AL59: =AJ59/2.8-AK59 -> -1.3745021 | AM59: ='[7]D6 Gallon Forecast'!$P31/1000000 -> -146.9182
A60: 45352 | B60: 0.795612 | C60: =[6]Biodiesel!$P5 -> 133487105 | D60: =AVERAGE([6]Biodiesel!$K5:$O5) -> 1.4297023e+08 | E60: =C60-D60 -> -9483129.2 | F60: =[6]Biodiesel!$P37 -> 163379961 | G60: =AVERAGE([6]Biodiesel!$K37:$O37) -> 1.6562211e+08 | H60: =F60-G60 -> -2242151.2 | I60: ='RINs and HOBO Forecast'!C89/100 -> 0.48477273 | J60: =I60-B60 -> -0.31083927 | K60: ='[6]Renewable Diesel'!$P51 -> 215239327 | L60: =AVERAGE('[6]Renewable Diesel'!$K51:$O51) -> 86884169 | M60: =K60-L60 -> 1.2835516e+08 | N60: ='[6]Renewable Diesel'!$P5 -> 241876889 | O60: =AVERAGE('[6]Renewable Diesel'!$K5:$O5) -> 1.1923345e+08 | P60: =N60-O60 -> 1.2264344e+08 | S60: ='[8]Soy Complex'!$BM599 -> 53.3065 | V60: =[9]Forecasts!$B52 -> 466.5 | W60: =#REF!*100 -> #REF! | AA60: =(-0.6408065713*(I60*100))+(-0.0000008777*P60)+296.8717213184 -> 158.16302 | AB60: 16 | AC60: 100 | AE60: {=[10]!Qhoj4?Last} -> Invalid | AF60: =[3]Prices!$D653*7.5/100 -> 3.560175 | AG60: =(AF60-AE60)*100 -> #VALUE! | AJ60: =[11]Prices!$D645 -> 4.358125 | AK60: =AK59+AVERAGE(AK48-AK47,AK24-AK23,AK12-AK11) -> 2.8294898 | AL60: =AJ60/2.8-AK60 -> -1.2730166 | AM60: ='[7]D6 Gallon Forecast'!$P32/1000000 -> 0.002024
A61: 45383 | B61: 1.0267764 | C61: =[6]Biodiesel!$P6 -> 136121554 | D61: =AVERAGE([6]Biodiesel!$K6:$O6) -> 1.4655485e+08 | E61: =C61-D61 -> -10433297 | F61: =[6]Biodiesel!$P38 -> 184411893 | G61: =AVERAGE([6]Biodiesel!$K38:$O38) -> 1.7103037e+08 | H61: =F61-G61 -> 13381526 | I61: ='RINs and HOBO Forecast'!C$90/100 -> 0.49738636 | J61: =I61-B61 -> -0.52939 | K61: ='[6]Renewable Diesel'!$P52 -> 283042186 | L61: =AVERAGE('[6]Renewable Diesel'!$K52:$O52) -> 81743785 | M61: =K61-L61 -> 201298401 | N61: ='[6]Renewable Diesel'!$P6 -> 310669850 | O61: =AVERAGE('[6]Renewable Diesel'!$K6:$O6) -> 1.2110269e+08 | P61: =N61-O61 -> 1.8956716e+08 | S61: ='[8]Soy Complex'!$BM600 -> 50.796818 | V61: =[9]Forecasts!$B53 -> 466.7045 | W61: =#REF!*100 -> #REF! | AA61: =(-0.6408065713*(I61*100))+(-0.0000008777*P61)+296.8717213184 -> 98.61578 | AB61: 16 | AC61: 100 | AE61: =AR62 -> Invalid | AF61: =[3]Prices!$D654*7.5/100 -> 3.46425 | AG61: =(AF61-AR61)*100 -> #VALUE! | AJ61: =[11]Prices!$D646 -> 4.34625 | AK61: =AK60+AVERAGE(AK49-AK48,AK25-AK24,AK13-AK12) -> 2.7818996 | AL61: =AJ61/2.8-AK61 -> -1.2296675 | AM61: ='[7]D6 Gallon Forecast'!$P33/1000000 -> 1205.7016 | AR61: {=[10]!Qhoj4?Last} -> Invalid
A62: 45413 | B62: 0.94487727 | C62: =[6]Biodiesel!$P7 -> 142728755 | D62: =AVERAGE([6]Biodiesel!$K7:$O7) -> 152237477 | E62: =C62-D62 -> -9508722 | F62: =[6]Biodiesel!$P39 -> 179709360 | G62: =AVERAGE([6]Biodiesel!$K39:$O39) -> 1.7200255e+08 | H62: =F62-G62 -> 7706812.6 | I62: ='RINs and HOBO Forecast'!C$92/100 -> 0.64045909 | J62: =I62-B62 -> -0.30441818 | K62: ='[6]Renewable Diesel'!$P53 -> 220402735 | L62: =AVERAGE('[6]Renewable Diesel'!$K53:$O53) -> 1.024393e+08 | M62: =K62-L62 -> 1.1796343e+08 | N62: ='[6]Renewable Diesel'!$P7 -> 250083449 | O62: =AVERAGE('[6]Renewable Diesel'!$K7:$O7) -> 1.4609597e+08 | P62: =N62-O62 -> 1.0398748e+08 | S62: ='[8]Soy Complex'!$BM601 -> 50.794091 | V62: =[9]Forecasts!$B54 -> 440.34 | W62: =#REF!*100 -> #REF! | AA62: =(-0.6408065713*(I62*100))+(-0.0000008777*P62)+296.8717213184 -> 164.56087 | AB62: 16 | AC62: 100 | AE62: =AR63 -> Invalid | AF62: =[3]Prices!$D655*7.5/100 -> 3.3459205 | AG62: =(AF62-AR62)*100 -> #VALUE! | AJ62: =[11]Prices!$D647 -> 4.6021591 | AK62: =AK61+AVERAGE(AK50-AK49,AK26-AK25,AK14-AK13) -> 2.8539769 | AL62: =AJ62/2.8-AK62 -> -1.2103486 | AM62: ='[7]D6 Gallon Forecast'!$P34/1000000 -> 1209.6107 | AR62: {=[10]!Qhok4?Last} -> Invalid
A63: 45444 | B63: 0.87778842 | C63: =[6]Biodiesel!$P8 -> 133806992 | D63: =AVERAGE([6]Biodiesel!$K8:$O8) -> 1.5198808e+08 | E63: =C63-D63 -> -18181085 | F63: =[6]Biodiesel!$P40 -> 171320567 | G63: =AVERAGE([6]Biodiesel!$K40:$O40) -> 1.7483237e+08 | H63: =F63-G63 -> -3511803.6 | I63: ='RINs and HOBO Forecast'!C$92/100 -> 0.64045909 | J63: =I63-B63 -> -0.23732933 | K63: ='[6]Renewable Diesel'!$P54 -> 282589564 | L63: =AVERAGE('[6]Renewable Diesel'!$K54:$O54) -> 96114481 | M63: =K63-L63 -> 1.8647508e+08 | N63: ='[6]Renewable Diesel'!$P8 -> 339060733 | O63: =AVERAGE('[6]Renewable Diesel'!$K8:$O8) -> 1.3631359e+08 | P63: =N63-O63 -> 2.0274714e+08 | S63: ='[8]Soy Complex'!$BM602 -> 49.845263 | V63: =[9]Forecasts!$B55 -> 441.58 | W63: =#REF!*100 -> #REF! | AA63: =(-0.6408065713*(I63*100))+(-0.0000008777*P63)+296.8717213184 -> 77.879518 | AB63: 16 | AC63: 100 | AE63: =AR64 -> Invalid | AF63: =[3]Prices!$D656*7.5/100 -> 3.2780132 | AG63: =(AF63-AR63)*100 -> #VALUE! | AJ63: =[11]Prices!$D648 -> 4.3939474 | AK63: =AK62+AVERAGE(AK51-AK50,AK27-AK26,AK15-AK14) -> 2.973974 | AL63: =AJ63/2.8-AK63 -> -1.404707 | AM63: ='[7]D6 Gallon Forecast'!$P35/1000000 -> 1187.4289 | AR63: {=[10]!Qhom4?Last} -> Invalid
A64: 45474 | B64: ='HOBO History'!#REF! -> #REF! | C64: =[6]Biodiesel!$P9 -> 145953904 | D64: =AVERAGE([6]Biodiesel!$K9:$O9) -> 1.5184407e+08 | E64: =C64-D64 -> -5890162.6 | F64: =[6]Biodiesel!$P41 -> 170840660 | G64: =AVERAGE([6]Biodiesel!$K41:$O41) -> 1.6999183e+08 | H64: =F64-G64 -> 848829.8 | I64: ='RINs and HOBO Forecast'!C$94/100 -> 0.604125 | J64: =I64-B64 -> #REF! | K64: ='[6]Renewable Diesel'!$P55 -> 292633360 | L64: =AVERAGE('[6]Renewable Diesel'!$K55:$O55) -> 90847914 | M64: =K64-L64 -> 2.0178545e+08 | N64: ='[6]Renewable Diesel'!$P9 -> 339856960 | O64: =AVERAGE('[6]Renewable Diesel'!$K9:$O9) -> 1.2170909e+08 | P64: =N64-O64 -> 2.1814787e+08 | S64: ='[8]Soy Complex'!$BM603 -> 53.649545 | V64: =[9]Forecasts!$B56 -> 471.82 | W64: =#REF!*100 -> #REF! | AA64: =(-0.6408065713*(I64*100))+(-0.0000008777*P64)+296.8717213184 -> 66.690611 | AB64: 16 | AC64: 100 | AE64: =AR65 -> Invalid | AF64: =[3]Prices!$D657*7.5/100 -> 3.4697386 | AG64: =(AF64-AR64)*100 -> #VALUE! | AJ64: =[11]Prices!$D649 -> 3.9970833 | AK64: =AK63+AVERAGE(AK52-AK51,AK28-AK27,AK16-AK15) -> 3.0652229 | AL64: =AJ64/2.8-AK64 -> -1.6376932 | AM64: ='[7]D6 Gallon Forecast'!$P36/1000000 -> 1192.0436 | AR64: {=[10]!Qhon4?Last} -> Invalid
A65: 45505 | B65: ='HOBO History'!#REF! -> #REF! | C65: =[6]Biodiesel!$P10 -> 139724190 | D65: =AVERAGE([6]Biodiesel!$K10:$O10) -> 156770607 | E65: =C65-D65 -> -17046417 | F65: =[6]Biodiesel!$P42 -> 164221312 | G65: =AVERAGE([6]Biodiesel!$K42:$O42) -> 1.7591698e+08 | H65: =F65-G65 -> -11695665 | I65: ='RINs and HOBO Forecast'!C$94/100 -> 0.604125 | J65: =I65-B65 -> #REF! | K65: ='[6]Renewable Diesel'!$P56 -> 260490373 | L65: =AVERAGE('[6]Renewable Diesel'!$K56:$O56) -> 1.030502e+08 | M65: =K65-L65 -> 1.5744017e+08 | N65: ='[6]Renewable Diesel'!$P10 -> 283467210 | O65: =AVERAGE('[6]Renewable Diesel'!$K10:$O10) -> 131070574 | P65: =N65-O65 -> 152396636 | S65: ='[8]Soy Complex'!$BM604 -> 48.193182 | V65: =[9]Forecasts!$B57 -> 445.43 | W65: =#REF!*100 -> #REF! | AA65: =(-0.6408065713*(I65*100))+(-0.0000008777*P65)+296.8717213184 -> 124.40047 | AB65: 16 | AC65: 100 | AE65: =AR66 -> Invalid | AF65: =[3]Prices!$D658*7.5/100 -> 3.0988636 | AG65: =(AF65-AR65)*100 -> #VALUE! | AJ65: =[11]Prices!$D650 -> 3.7802778 | AK65: =AK64+AVERAGE(AK53-AK52,AK29-AK28,AK17-AK16) -> 3.0943949 | AL65: =AJ65/2.8-AK65 -> -1.7442956 | AM65: ='[7]D6 Gallon Forecast'!$P37/1000000 -> 1265.6203 | AR65: {=[10]!Qhoq4?Last} -> Invalid
A66: 45536 | B66: ='HOBO History'!#REF! -> #REF! | C66: =[6]Biodiesel!$P11 -> 134537885 | D66: =AVERAGE([6]Biodiesel!$K11:$O11) -> 1.4743833e+08 | E66: =C66-D66 -> -12900444 | F66: =[6]Biodiesel!$P43 -> 163462307 | G66: =AVERAGE([6]Biodiesel!$K43:$O43) -> 1.6749061e+08 | H66: =F66-G66 -> -4028304.8 | I66: ='RINs and HOBO Forecast'!#REF!/100 -> #REF! | J66: =I66-B66 -> #REF! | K66: ='[6]Renewable Diesel'!$P57 -> 257927937 | L66: =AVERAGE('[6]Renewable Diesel'!$K57:$O57) -> 1.0123491e+08 | M66: =K66-L66 -> 1.5669303e+08 | N66: ='[6]Renewable Diesel'!$P11 -> 300733550 | O66: =AVERAGE('[6]Renewable Diesel'!$K11:$O11) -> 1.3959889e+08 | P66: =N66-O66 -> 1.6113466e+08 | S66: ='[8]Soy Complex'!$BM605 -> 47.3495 | V66: =[9]Forecasts!$B58 -> 434.63 | W66: =#REF!*100 -> #REF! | AA66: =(-0.6408065713*(I66*100))+(-0.0000008777*P66)+296.8717213184 -> #REF! | AB66: 16 | AC66: 100 | AE66: =AR67 -> Invalid | AF66: =[3]Prices!$D659*7.5/100 -> 3.111975 | AG66: =(AF66-AR66)*100 -> #VALUE! | AJ66: =[11]Prices!$D651 -> 4.10725 | AK66: =AK65+AVERAGE(AK54-AK53,AK30-AK29,AK18-AK17) -> 2.9735794 | AL66: =AJ66/2.8-AK66 -> -1.5067044 | AM66: ='[7]D6 Gallon Forecast'!$P38/1000000 -> 1210.9645 | AR66: {=[10]!Qhou4?Last} -> Invalid
A67: 45566 | B67: ='HOBO History'!#REF! -> #REF! | C67: =[6]Biodiesel!$P12 -> 148097836 | D67: =AVERAGE([6]Biodiesel!$K12:$O12) -> 1.4360292e+08 | E67: =C67-D67 -> 4494917.2 | F67: =[6]Biodiesel!$P44 -> 174761632 | G67: =AVERAGE([6]Biodiesel!$K44:$O44) -> 1.6786833e+08 | H67: =F67-G67 -> 6893299.6 | I67: ='RINs and HOBO Forecast'!#REF!/100 -> #REF! | J67: =I67-B67 -> #REF! | K67: ='[6]Renewable Diesel'!$P58 -> 289557293 | L67: =AVERAGE('[6]Renewable Diesel'!$K58:$O58) -> 95772534 | M67: =K67-L67 -> 1.9378476e+08 | N67: ='[6]Renewable Diesel'!$P12 -> 307086568 | O67: =AVERAGE('[6]Renewable Diesel'!$K12:$O12) -> 1.3684074e+08 | P67: =N67-O67 -> 1.7024582e+08 | S67: ='[8]Soy Complex'!$BN594 -> 47.606087 | V67: =[9]Forecasts!$B59 -> 470.17 | W67: =#REF!*100 -> #REF! | AA67: =(-0.6408065713*(I67*100))+(-0.0000008777*P67)+296.8717213184 -> #REF! | AB67: 16 | AC67: 100 | AE67: =AR68 -> Invalid | AF67: =[3]Prices!$D660*7.5/100 -> 3.2468152 | AG67: =(AF67-AR67)*100 -> #VALUE! | AJ67: =[11]Prices!$D652 -> 4.1611957 | AK67: =AK66+AVERAGE(AK55-AK54,AK31-AK30,AK19-AK18) -> 2.9358652 | AL67: =AJ67/2.8-AK67 -> -1.4497239 | AM67: ='[7]D6 Gallon Forecast'!$P39/1000000 -> 1325.9293 | AR67: {=[10]!Qhov4?Last} -> Invalid
A68: 45597 | B68: ='HOBO History'!#REF! -> #REF! | C68: =[6]Biodiesel!$P13 -> 133353588 | D68: =AVERAGE([6]Biodiesel!$K13:$O13) -> 1.3583935e+08 | E68: =C68-D68 -> -2485762.4 | F68: =[6]Biodiesel!$P45 -> 156329288 | G68: =AVERAGE([6]Biodiesel!$K45:$O45) -> 1.6284366e+08 | H68: =F68-G68 -> -6514374.2 | I68: ='RINs and HOBO Forecast'!#REF!/100 -> #REF! | J68: =I68-B68 -> #REF! | K68: ='[6]Renewable Diesel'!$P59 -> 261189424 | L68: =AVERAGE('[6]Renewable Diesel'!$K59:$O59) -> 1.1416859e+08 | M68: =K68-L68 -> 1.4702083e+08 | N68: ='[6]Renewable Diesel'!$P13 -> 299113899 | O68: =AVERAGE('[6]Renewable Diesel'!$K13:$O13) -> 149415340 | P68: =N68-O68 -> 149698559 | S68: ='[8]Soy Complex'!$BN595 -> 49.0685 | V68: =[9]Forecasts!$B60 -> 483.9 | W68: =#REF!*100 -> #REF! | AA68: =(-0.6408065713*(I68*100))+(-0.0000008777*P68)+296.8717213184 -> #REF! | AB68: 16 | AC68: 100 | AE68: =AR69 -> Invalid | AF68: =[3]Prices!$D661*7.5/100 -> 3.3501375 | AG68: =(AF68-AR68)*100 -> #VALUE! | AJ68: =[11]Prices!$D653 -> 4.242375 | AK68: =AK67+AVERAGE(AK56-AK55,AK32-AK31,AK20-AK19) -> 3.0559021 | AL68: =AJ68/2.8-AK68 -> -1.5407682 | AM68: ='[7]D6 Gallon Forecast'!$P40/1000000 -> 1317.8438 | AR68: {=[10]!Qhox4?Last} -> Invalid
A69: 45627 | B69: ='HOBO History'!#REF! -> #REF! | C69: =[6]Biodiesel!$P14 -> 174921835 | D69: =AVERAGE([6]Biodiesel!$K14:$O14) -> 1.527029e+08 | E69: =C69-D69 -> 22218934 | F69: =[6]Biodiesel!$P46 -> 206312055 | G69: =AVERAGE([6]Biodiesel!$K46:$O46) -> 1.9457024e+08 | H69: =F69-G69 -> 11741812 | I69: ='RINs and HOBO Forecast'!#REF!/100 -> #REF! | J69: =I69-B69 -> #REF! | K69: ='[6]Renewable Diesel'!$P60 -> 314111589 | L69: =AVERAGE('[6]Renewable Diesel'!$K60:$O60) -> 1.3149004e+08 | M69: =K69-L69 -> 1.8262155e+08 | N69: ='[6]Renewable Diesel'!$P14 -> 351250772 | O69: =AVERAGE('[6]Renewable Diesel'!$K14:$O14) -> 1.7472809e+08 | P69: =N69-O69 -> 1.7652268e+08 | S69: ='[8]Soy Complex'!$BN596 -> 43.401905 | V69: =[9]Forecasts!$B61 -> 483.64 | W69: =#REF!*100 -> #REF! | AA69: =(-0.6408065713*(I69*100))+(-0.0000008777*P69)+296.8717213184 -> #REF! | AB69: 16 | AC69: 100 | AE69: =AR70 -> Invalid | AF69: =[3]Prices!$D662*7.5/100 -> 3.0837143 | AG69: =(AF69-AR69)*100 -> #VALUE! | AJ69: =[11]Prices!$D654 -> 4.39 | AK69: =AK68+AVERAGE(AK57-AK56,AK33-AK32,AK21-AK20) -> 3.048677 | AL69: =AJ69/2.8-AK69 -> -1.4808198 | AM69: ='[7]D6 Gallon Forecast'!$P41/1000000 -> 1213.7067 | AR69: {=[10]!Qhoz4?Last} -> Invalid
A70: 45658 | B70: ='HOBO History'!#REF! -> #REF! | C70: =[6]Biodiesel!$Q3 -> 65635810 | D70: =AVERAGE([6]Biodiesel!$L3:$P3) -> 1.1133708e+08 | E70: =C70-D70 -> -45701270 | F70: =[6]Biodiesel!$Q35 -> 68771165 | G70: =AVERAGE([6]Biodiesel!$L35:$P35) -> 1.3131155e+08 | H70: =F70-G70 -> -62540387 | K70: ='[6]Renewable Diesel'!$Q49 -> 217367275 | L70: =AVERAGE('[6]Renewable Diesel'!$L49:$P49) -> 111546201 | M70: =K70-L70 -> 105821074 | N70: ='[6]Renewable Diesel'!$Q3 -> 217367275 | O70: =AVERAGE('[6]Renewable Diesel'!$L3:$P3) -> 141885531 | P70: =N70-O70 -> 75481744 | S70: ='[8]Soy Complex'!$BN597 -> 46.109524 | V70: =[9]Forecasts!$B62 -> 433.45 | W70: =#REF!*100 -> #REF! | AA70: =(-0.6408065713*(I70*100))+(-0.0000008777*P70)+296.8717213184 -> 230.62139 | AB70: 16 | AC70: 100 | AE70: =AR71 -> Invalid | AF70: =[3]Prices!$D663*7.5/100 -> 3.45825 | AG70: =(AF70-AR70)*100 -> #VALUE! | AJ70: =AJ69+AVERAGE(AJ58-AJ57,AJ34-AJ33,AJ22-AJ21,AJ10-AJ9) -> 4.5657221 | AK70: =AK69+AVERAGE(AK58-AK57,AK34-AK33,AK22-AK21) -> 3.2502595 | AL70: =AJ70/2.8-AK70 -> -1.6196445 | AM70: ='[7]D6 Gallon Forecast'!$Q30/1000000 -> 1.0524621e-07 | AR70: {=[10]!Qhof5?Last} -> Invalid
A71: 45689 | B71: ='HOBO History'!#REF! -> #REF! | C71: =[6]Biodiesel!$Q4 -> 73721896 | D71: =AVERAGE([6]Biodiesel!$L4:$P4) -> 1.1777971e+08 | E71: =C71-D71 -> -44057811 | F71: =[6]Biodiesel!$Q36 -> 80131009 | G71: =AVERAGE([6]Biodiesel!$L36:$P36) -> 1.4150456e+08 | H71: =F71-G71 -> -61373555 | K71: ='[6]Renewable Diesel'!$Q50 -> 186102792 | L71: =AVERAGE('[6]Renewable Diesel'!$L50:$P50) -> 1.1220337e+08 | M71: =K71-L71 -> 73899420 | N71: ='[6]Renewable Diesel'!$Q4 -> 186102792 | O71: =AVERAGE('[6]Renewable Diesel'!$L4:$P4) -> 1.4660893e+08 | P71: =N71-O71 -> 39493865 | S71: ='[8]Soy Complex'!$BN598 -> 47.902105 | V71: =[9]Forecasts!$B63 -> 429.14 | W71: =#REF!*100 -> #REF! | AA71: =(-0.6408065713*(I71*100))+(-0.0000008777*P71)+296.8717213184 -> 262.20796 | AB71: 16 | AC71: 100 | AE71: =AR72 -> Invalid | AF71: =[3]Prices!$D664*7.5/100 -> 3.4367368 | AG71: =(AF71-AR71)*100 -> #VALUE! | AJ71: =AJ70+AVERAGE(AJ59-AJ58,AJ35-AJ34,AJ23-AJ22,AJ11-AJ10) -> 4.6599874 | AK71: =AK70+AVERAGE(AK59-AK58,AK35-AK34,AK23-AK22) -> 3.4226707 | AL71: =AJ71/2.8-AK71 -> -1.7583895 | AM71: ='[7]D6 Gallon Forecast'!$Q31/1000000 -> -73.690845 | AR71: {=[10]!Qhog5?Last} -> Invalid
A72: 45717 | B72: ='HOBO History'!#REF! -> #REF! | C72: =[6]Biodiesel!$Q5 -> 95835418 | D72: =AVERAGE([6]Biodiesel!$L5:$P5) -> 140135492 | E72: =C72-D72 -> -44300074 | F72: =[6]Biodiesel!$Q37 -> 99739018 | G72: =AVERAGE([6]Biodiesel!$L37:$P37) -> 1.6635434e+08 | H72: =F72-G72 -> -66615324 | K72: ='[6]Renewable Diesel'!$Q51 -> 229400517 | L72: =AVERAGE('[6]Renewable Diesel'!$L51:$P51) -> 1.2278398e+08 | M72: =K72-L72 -> 1.0661654e+08 | N72: ='[6]Renewable Diesel'!$Q5 -> 249516587 | O72: =AVERAGE('[6]Renewable Diesel'!$L5:$P5) -> 1.5660957e+08 | P72: =N72-O72 -> 92907013 | S72: ='[8]Soy Complex'!$BN599 -> 45.5 | V72: =[9]Forecasts!$B64 -> 394.3 | W72: =#REF!*100 -> #REF! | AA72: =(-0.6408065713*(I72*100))+(-0.0000008777*P72)+296.8717213184 -> 215.32724 | AB72: 16 | AC72: 100 | AE72: =AR73 -> Invalid | AF72: =[3]Prices!$D665*7.5/100 -> 3.1575 | AG72: =(AF72-AR72)*100 -> #VALUE! | AJ72: =AJ71+AVERAGE(AJ60-AJ59,AJ36-AJ35,AJ24-AJ23,AJ12-AJ11) -> 4.8791928 | AK72: =AK71+AVERAGE(AK60-AK59,AK36-AK35,AK24-AK23) -> 3.6959465 | AL72: =AJ72/2.8-AK72 -> -1.9533777 | AM72: ='[7]D6 Gallon Forecast'!$Q32/1000000 -> 0.002025 | AR72: {=[10]!Qhoh5?Last} -> Invalid
A73: 45748 | B73: ='HOBO History'!B$260 -> 1.1957 | C73: =[6]Biodiesel!$Q6 -> 85792559 | D73: =AVERAGE([6]Biodiesel!$L6:$P6) -> 1.4159922e+08 | E73: =C73-D73 -> -55806656 | F73: =[6]Biodiesel!$Q38 -> 92002056 | G73: =AVERAGE([6]Biodiesel!$L38:$P38) -> 1.7142877e+08 | H73: =F73-G73 -> -79426715 | K73: ='[6]Renewable Diesel'!$Q52 -> 1.7754434e+08 | L73: =AVERAGE('[6]Renewable Diesel'!$L52:$P52) -> 1.3064074e+08 | M73: =K73-L73 -> 46903609 | N73: ='[6]Renewable Diesel'!$Q6 -> 1.8130112e+08 | O73: =AVERAGE('[6]Renewable Diesel'!$L6:$P6) -> 1.6837129e+08 | P73: =N73-O73 -> 12929832 | S73: ='[8]Soy Complex'!$BN600 -> 47.75 | V73: =[9]Forecasts!$B65 -> 440 | W73: =#REF!*100 -> #REF! | AA73: =(-0.6408065713*(I73*100))+(-0.0000008777*P73)+296.8717213184 -> 285.52321 | AB73: 16 | AC73: 100 | AE73: =AR74 -> 2.1757 | AF73: =[3]Prices!$D666*7.5/100 -> 3.19875 | AG73: =(AF73-AR73)*100 -> #VALUE! | AJ73: =AJ72+AVERAGE(AJ61-AJ60,AJ37-AJ36,AJ25-AJ24,AJ13-AJ12) -> 5.0240567 | AK73: =AK72+AVERAGE(AK61-AK60,AK37-AK36,AK25-AK24) -> 3.6670783 | AL73: =AJ73/2.8-AK73 -> -1.8727724 | AM73: ='[7]D6 Gallon Forecast'!$Q33/1000000 -> 1245.2425 | AR73: {=[10]!Qhoj5?Last} -> Invalid
A74: 45778 | B74: ='HOBO History'!B$260 -> 1.1957 | C74: =[6]Biodiesel!$Q7 -> 89817676 | D74: =AVERAGE([6]Biodiesel!$L7:$P7) -> 1.4797474e+08 | E74: =C74-D74 -> -58157065 | F74: =[6]Biodiesel!$Q39 -> 94756246 | G74: =AVERAGE([6]Biodiesel!$L39:$P39) -> 1.7200478e+08 | H74: =F74-G74 -> -77248537 | K74: ='[6]Renewable Diesel'!$Q53 -> 1.752306e+08 | L74: =AVERAGE('[6]Renewable Diesel'!$L53:$P53) -> 1.3844328e+08 | M74: =K74-L74 -> 36787319 | N74: ='[6]Renewable Diesel'!$Q7 -> 1.7933267e+08 | O74: =AVERAGE('[6]Renewable Diesel'!$L7:$P7) -> 1.7968418e+08 | P74: =N74-O74 -> -351501.52 | S74: ='[8]Soy Complex'!$BN601 -> 49.5 | V74: =[9]Forecasts!$B66 -> 443.32 | W74: =#REF!*100 -> #REF! | AA74: =(-0.6408065713*(I74*100))+(-0.0000008777*P74)+296.8717213184 -> 297.18023 | AB74: 16 | AC74: 100 | AE74: =AR75 -> 2.1182 | AF74: =[3]Prices!$D667*7.5/100 -> 3.31875 | AG74: =(AF74-AR74)*100 -> 114.305 | AJ74: =AJ73+AVERAGE(AJ62-AJ61,AJ38-AJ37,AJ26-AJ25,AJ14-AJ13) -> 5.2584893 | AK74: =AK73+AVERAGE(AK62-AK61,AK38-AK37,AK26-AK25) -> 3.9065272 | AL74: =AJ74/2.8-AK74 -> -2.0284953 | AM74: ='[7]D6 Gallon Forecast'!$Q34/1000000 -> 1120.3067 | AR74: {=[10]!Qhok5?Last} -> 2.1757
A75: 45809 | C75: =[6]Biodiesel!$Q8 -> 90872943 | D75: =AVERAGE([6]Biodiesel!$L8:$P8) -> 1.4992899e+08 | E75: =C75-D75 -> -59056048 | F75: =[6]Biodiesel!$Q40 -> 96382924 | G75: =AVERAGE([6]Biodiesel!$L40:$P40) -> 1.7639817e+08 | H75: =F75-G75 -> -80015247 | K75: ='[6]Renewable Diesel'!$Q54 -> 1.7267739e+08 | L75: =AVERAGE('[6]Renewable Diesel'!$L54:$P54) -> 1.4468026e+08 | M75: =K75-L75 -> 27997127 | N75: ='[6]Renewable Diesel'!$Q8 -> 1.7673612e+08 | O75: =AVERAGE('[6]Renewable Diesel'!$L8:$P8) -> 1.8769329e+08 | P75: =N75-O75 -> -10957174 | S75: ='[8]Soy Complex'!$BN602 -> 51.5 | V75: =[9]Forecasts!$B67 -> 451.23 | W75: =#REF!*100 -> #REF! | AA75: =(-0.6408065713*(I75*100))+(-0.0000008777*P75)+296.8717213184 -> 306.48883 | AB75: 16 | AC75: 100 | AE75: =AR76 -> 2.0973 | AF75: =[3]Prices!$D668*7.5/100 -> 3.35625 | AG75: =(AF75-AR75)*100 -> 123.805 | AJ75: =AJ74+AVERAGE(AJ63-AJ62,AJ39-AJ38,AJ27-AJ26,AJ15-AJ14) -> 5.0339486 | AK75: =AK74+AVERAGE(AK63-AK62,AK39-AK38,AK27-AK26) -> 4.0409091 | AL75: =AJ75/2.8-AK75 -> -2.2430704 | AM75: ='[7]D6 Gallon Forecast'!$Q35/1000000 -> 1214.3118 | AR75: {=[10]!Qhom5?Last} -> 2.1182
A76: 45839 | C76: =[6]Biodiesel!$Q9 -> 89294275 | D76: =AVERAGE([6]Biodiesel!$L9:$P9) -> 1.4714432e+08 | E76: =C76-D76 -> -57850047 | F76: =[6]Biodiesel!$Q41 -> 95827376 | G76: =AVERAGE([6]Biodiesel!$L41:$P41) -> 167004151 | H76: =F76-G76 -> -71176775 | K76: ='[6]Renewable Diesel'!$Q55 -> 1.6962832e+08 | L76: =AVERAGE('[6]Renewable Diesel'!$L55:$P55) -> 1.4011813e+08 | M76: =K76-L76 -> 29510189 | N76: ='[6]Renewable Diesel'!$Q9 -> 1.74951e+08 | O76: =AVERAGE('[6]Renewable Diesel'!$L9:$P9) -> 172517901 | P76: =N76-O76 -> 2433099 | S76: ='[8]Soy Complex'!$BN603 -> 51.25 | V76: =[9]Forecasts!$B68 -> 446.23 | W76: =#REF!*100 -> #REF! | AA76: =(-0.6408065713*(I76*100))+(-0.0000008777*P76)+296.8717213184 -> 294.73619 | AB76: 16 | AC76: 100 | AE76: =AR77 -> 2.0973 | AF76: =[3]Prices!$D669*7.5/100 -> 3.36375 | AG76: =(AF76-AR76)*100 -> 126.645 | AJ76: =AJ75+AVERAGE(AJ64-AJ63,AJ40-AJ39,AJ28-AJ27,AJ16-AJ15) -> 4.3793559 | AK76: =AK75+AVERAGE(AK64-AK63,AK40-AK39,AK28-AK27) -> 3.8763859 | AL76: =AJ76/2.8-AK76 -> -2.3123302 | AM76: ='[7]D6 Gallon Forecast'!$Q36/1000000 -> 1070.9343 | AR76: {=[10]!Qhon5?Last} -> 2.0973
A77: 45870 | C77: =[6]Biodiesel!$Q10 -> 93408011 | D77: =AVERAGE([6]Biodiesel!$L10:$P10) -> 1.5399571e+08 | E77: =C77-D77 -> -60587694 | F77: =[6]Biodiesel!$Q42 -> 99046231 | G77: =AVERAGE([6]Biodiesel!$L42:$P42) -> 1.7627707e+08 | H77: =F77-G77 -> -77230835 | K77: ='[6]Renewable Diesel'!$Q56 -> 1.7399069e+08 | L77: =AVERAGE('[6]Renewable Diesel'!$L56:$P56) -> 1.4911216e+08 | M77: =K77-L77 -> 24878536 | N77: ='[6]Renewable Diesel'!$Q10 -> 1.7916851e+08 | O77: =AVERAGE('[6]Renewable Diesel'!$L10:$P10) -> 175270001 | P77: =N77-O77 -> 3898506 | S77: ='[8]Soy Complex'!$BN604 -> 49.5 | V77: =[9]Forecasts!$B69 -> 441.86 | W77: =#REF!*100 -> #REF! | AA77: =(-0.6408065713*(I77*100))+(-0.0000008777*P77)+296.8717213184 -> 293.45 | AB77: 16 | AC77: 100 | AE77: =AR78 -> 2.1036 | AF77: =[3]Prices!$D670*7.5/100 -> 3.27375 | AG77: =(AF77-AR77)*100 -> 117.645 | AJ77: =AJ76+AVERAGE(AJ65-AJ64,AJ41-AJ40,AJ29-AJ28,AJ17-AJ16) -> 4.4106952 | AK77: =AK76+AVERAGE(AK65-AK64,AK41-AK40,AK29-AK28) -> 3.729947 | AL77: =AJ77/2.8-AK77 -> -2.1546987 | AM77: ='[7]D6 Gallon Forecast'!$Q37/1000000 -> 1199.3064 | AR77: {=[10]!Qhoq5?Last} -> 2.0973
A78: 45901 | C78: =[6]Biodiesel!$Q11 -> 88209947 | D78: =AVERAGE([6]Biodiesel!$L11:$P11) -> 145613944 | E78: =C78-D78 -> -57403997 | F78: =[6]Biodiesel!$Q43 -> 94874965 | G78: =AVERAGE([6]Biodiesel!$L43:$P43) -> 168479307 | H78: =F78-G78 -> -73604342 | K78: ='[6]Renewable Diesel'!$Q57 -> 1.7638442e+08 | L78: =AVERAGE('[6]Renewable Diesel'!$L57:$P57) -> 144682020 | M78: =K78-L78 -> 31702400 | N78: ='[6]Renewable Diesel'!$Q11 -> 1.7999288e+08 | O78: =AVERAGE('[6]Renewable Diesel'!$L11:$P11) -> 1.8557991e+08 | P78: =N78-O78 -> -5587031.2 | S78: ='[8]Soy Complex'!$BN605 -> 47.5 | V78: =[9]Forecasts!$B70 -> 432.57 | W78: =#REF!*100 -> #REF! | AA78: =(-0.6408065713*(I78*100))+(-0.0000008777*P78)+296.8717213184 -> 301.77546 | AB78: 16 | AC78: 100 | AE78: =AR79 -> 2.1107 | AF78: =[3]Prices!$D671*7.5/100 -> 3.07875 | AG78: =(AF78-AR78)*100 -> 97.515 | AJ78: =AJ77+AVERAGE(AJ66-AJ65,AJ42-AJ41,AJ30-AJ29,AJ18-AJ17) -> 4.6064436 | AK78: =AK77+AVERAGE(AK66-AK65,AK42-AK41,AK30-AK29) -> 3.513356 | AL78: =AJ78/2.8-AK78 -> -1.8681976 | AM78: ='[7]D6 Gallon Forecast'!$Q38/1000000 -> 1252.5341 | AR78: {=[10]!Qhou5?Last} -> 2.1036
A79: 45931 | C79: =[6]Biodiesel!$Q12 -> 87377420 | D79: =AVERAGE([6]Biodiesel!$L12:$P12) -> 143898814 | E79: =C79-D79 -> -56521394 | F79: =[6]Biodiesel!$Q44 -> 91964986 | G79: =AVERAGE([6]Biodiesel!$L44:$P44) -> 1.707407e+08 | H79: =F79-G79 -> -78775712 | K79: ='[6]Renewable Diesel'!$Q58 -> 1.9117241e+08 | L79: =AVERAGE('[6]Renewable Diesel'!$L58:$P58) -> 1.4397015e+08 | M79: =K79-L79 -> 47202267 | N79: ='[6]Renewable Diesel'!$Q12 -> 1.9490799e+08 | O79: =AVERAGE('[6]Renewable Diesel'!$L12:$P12) -> 1.8023156e+08 | P79: =N79-O79 -> 14676427 | S79: ='[8]Soy Complex'!$BO594 -> 47.75 | V79: =[9]Forecasts!$B71 -> 423.02 | W79: =#REF!*100 -> #REF! | AA79: =(-0.6408065713*(I79*100))+(-0.0000008777*P79)+296.8717213184 -> 283.99022 | AB79: 16 | AC79: 100 | AE79: =AR80 -> 2.1152 | AF79: =[3]Prices!$D672*7.5/100 -> 3.0825 | AG79: =(AF79-AR79)*100 -> 97.18 | AJ79: =AJ78+AVERAGE(AJ67-AJ66,AJ43-AJ42,AJ31-AJ30,AJ19-AJ18) -> 4.7527993 | AK79: =AK78+AVERAGE(AK67-AK66,AK43-AK42,AK31-AK30) -> 3.6733862 | AL79: =AJ79/2.8-AK79 -> -1.9759578 | AM79: ='[7]D6 Gallon Forecast'!$Q39/1000000 -> 1285.0307 | AR79: {=[10]!Qhov5?Last} -> 2.1107
A80: 45962 | C80: =[6]Biodiesel!$Q13 -> 84249145 | D80: =AVERAGE([6]Biodiesel!$L13:$P13) -> 1.3868213e+08 | E80: =C80-D80 -> -54432987 | F80: =[6]Biodiesel!$Q45 -> 88192767 | G80: =AVERAGE([6]Biodiesel!$L45:$P45) -> 1.6723446e+08 | H80: =F80-G80 -> -79041695 | K80: ='[6]Renewable Diesel'!$Q59 -> 2.0302922e+08 | L80: =AVERAGE('[6]Renewable Diesel'!$L59:$P59) -> 1.5790356e+08 | M80: =K80-L80 -> 45125661 | N80: ='[6]Renewable Diesel'!$Q13 -> 2.0640102e+08 | O80: =AVERAGE('[6]Renewable Diesel'!$L13:$P13) -> 1.9450516e+08 | P80: =N80-O80 -> 11895864 | S80: ='[8]Soy Complex'!$BO595 -> 49.75 | V80: =[9]Forecasts!$B72 -> 418.27 | W80: =#REF!*100 -> #REF! | AA80: =(-0.6408065713*(I80*100))+(-0.0000008777*P80)+296.8717213184 -> 286.43072 | AB80: 16 | AC80: 100 | AE80: =AR81 -> 2.1177 | AF80: =[3]Prices!$D673*7.5/100 -> 3.18375 | AG80: =(AF80-AR80)*100 -> 106.855 | AJ80: =AJ79+AVERAGE(AJ68-AJ67,AJ44-AJ43,AJ32-AJ31,AJ20-AJ19) -> 4.8650284 | AK80: =AK79+AVERAGE(AK68-AK67,AK44-AK43,AK32-AK31) -> 3.605835 | AL80: =AJ80/2.8-AK80 -> -1.8683248 | AM80: ='[7]D6 Gallon Forecast'!$Q40/1000000 -> 1273.0006 | AR80: {=[10]!Qhox5?Last} -> 2.1152
A81: 45992 | C81: =[6]Biodiesel!$Q14 -> 85798495 | D81: =AVERAGE([6]Biodiesel!$L14:$P14) -> 159766952 | E81: =C81-D81 -> -73968457 | F81: =[6]Biodiesel!$Q46 -> 93326877 | G81: =AVERAGE([6]Biodiesel!$L46:$P46) -> 2.0304865e+08 | H81: =F81-G81 -> -1.0972178e+08 | K81: ='[6]Renewable Diesel'!$Q60 -> 1.9208785e+08 | L81: =AVERAGE('[6]Renewable Diesel'!$L60:$P60) -> 1.8375313e+08 | M81: =K81-L81 -> 8334719.2 | N81: ='[6]Renewable Diesel'!$Q14 -> 1.9363505e+08 | O81: =AVERAGE('[6]Renewable Diesel'!$L14:$P14) -> 2.2733801e+08 | P81: =N81-O81 -> -33702959 | S81: ='[8]Soy Complex'!$BO596 -> 49.5 | V81: =[9]Forecasts!$B73 -> 413.63 | W81: =#REF!*100 -> #REF! | AA81: =(-0.6408065713*(I81*100))+(-0.0000008777*P81)+296.8717213184 -> 326.45281 | AB81: 16 | AC81: 100 | AE81: =AR82 -> 2.1213 | AF81: =[3]Prices!$D674*7.5/100 -> 3.22125 | AG81: =(AF81-AR81)*100 -> 110.355 | AJ81: =AJ80+AVERAGE(AJ69-AJ68,AJ45-AJ44,AJ33-AJ32,AJ21-AJ20) -> 4.9706592 | AK81: =AK80+AVERAGE(AK69-AK68,AK45-AK44,AK33-AK32) -> 3.455829 | AL81: =AJ81/2.8-AK81 -> -1.6805935 | AM81: ='[7]D6 Gallon Forecast'!$Q41/1000000 -> 1187.7297 | AR81: {=[10]!Qhoz5?Last} -> 2.1177
A82: 46023 | C82: =[6]Biodiesel!$R3 -> 96738881 | D82: =AVERAGE([6]Biodiesel!$M3:$Q3) -> 1.0078348e+08 | E82: =C82-D82 -> -4044596.9 | F82: =[6]Biodiesel!$R35 -> 1.0871074e+08 | G82: =AVERAGE([6]Biodiesel!$M35:$Q35) -> 1.1863744e+08 | H82: =F82-G82 -> -9926699.8 | K82: ='[6]Renewable Diesel'!$R49 -> 1.8029752e+08 | L82: =AVERAGE('[6]Renewable Diesel'!$M49:$Q49) -> 1.4664816e+08 | M82: =K82-L82 -> 33649365 | N82: ='[6]Renewable Diesel'!$R3 -> 2.024603e+08 | O82: =AVERAGE('[6]Renewable Diesel'!$M3:$Q3) -> 1.725363e+08 | P82: =N82-O82 -> 29923997 | S82: ='[8]Soy Complex'!$BO597 -> 50 | V82: =[9]Forecasts!$B74 -> 405.88 | W82: =#REF!*100 -> #REF! | AA82: =(-0.6408065713*(I82*100))+(-0.0000008777*P82)+296.8717213184 -> 270.60743 | AB82: 16 | AC82: 100 | AE82: =AR83 -> 2.1138 | AF82: =[3]Prices!$D675*7.5/100 -> 3.18375 | AG82: =(AF82-AR82)*100 -> 106.245 | AJ82: =AJ81+AVERAGE(AJ70-AJ69,AJ46-AJ45,AJ34-AJ33,AJ22-AJ21) -> 5.289163 | AK82: =AK81+AVERAGE(AK70-AK69,AK46-AK45,AK34-AK33) -> 3.6975509 | AL82: =AJ82/2.8-AK82 -> -1.8085641 | AM82: ='[7]D6 Gallon Forecast'!$R30/1000000 -> 1.0726494e-07 | AR82: {=[10]!Qhof6?Last} -> 2.1213
A83: 46054 | C83: =[6]Biodiesel!$R4 -> 1.0262672e+08 | D83: =AVERAGE([6]Biodiesel!$M4:$Q4) -> 1.0691749e+08 | E83: =C83-D83 -> -4290764.1 | F83: =[6]Biodiesel!$R36 -> 1.1785698e+08 | G83: =AVERAGE([6]Biodiesel!$M36:$Q36) -> 1.2963078e+08 | H83: =F83-G83 -> -11773806 | K83: ='[6]Renewable Diesel'!$R50 -> 1.9654528e+08 | L83: =AVERAGE('[6]Renewable Diesel'!$M50:$Q50) -> 1.419638e+08 | M83: =K83-L83 -> 54581478 | N83: ='[6]Renewable Diesel'!$R4 -> 2.2270828e+08 | O83: =AVERAGE('[6]Renewable Diesel'!$M4:$Q4) -> 1.70695e+08 | P83: =N83-O83 -> 52013273 | S83: ='[8]Soy Complex'!$BO598 -> 48.5 | V83: =[9]Forecasts!$B75 -> 401.88 | W83: =#REF!*100 -> #REF! | AA83: =(-0.6408065713*(I83*100))+(-0.0000008777*P83)+296.8717213184 -> 251.21967 | AB83: 16 | AC83: 100 | AE83: =AR84 -> 2.1038 | AF83: =[3]Prices!$D676*7.5/100 -> 3.05625 | AG83: =(AF83-AR83)*100 -> 94.245 | AJ83: =AJ82+AVERAGE(AJ71-AJ70,AJ47-AJ46,AJ35-AJ34,AJ23-AJ22) -> 5.4989152 | AK83: =AK82+AVERAGE(AK71-AK70,AK47-AK46,AK35-AK34) -> 3.8309073 | AL83: =AJ83/2.8-AK83 -> -1.867009 | AM83: ='[7]D6 Gallon Forecast'!$R31/1000000 -> 408.31677 | AR83: {=[10]!Qhog6?Last} -> 2.1138
A84: 46082 | C84: =[6]Biodiesel!$R5 -> 1.1281451e+08 | D84: =AVERAGE([6]Biodiesel!$M5:$Q5) -> 129284040 | E84: =C84-D84 -> -16469532 | F84: =[6]Biodiesel!$R37 -> 1.2842792e+08 | G84: =AVERAGE([6]Biodiesel!$M37:$Q37) -> 1.5256775e+08 | H84: =F84-G84 -> -24139832 | K84: ='[6]Renewable Diesel'!$R51 -> 2.0920551e+08 | L84: =AVERAGE('[6]Renewable Diesel'!$M51:$Q51) -> 1.5961873e+08 | M84: =K84-L84 -> 49586782 | N84: ='[6]Renewable Diesel'!$R5 -> 2.3581582e+08 | O84: =AVERAGE('[6]Renewable Diesel'!$M5:$Q5) -> 1.9186602e+08 | P84: =N84-O84 -> 43949798 | S84: ='[8]Soy Complex'!$BO599 -> 47 | V84: =[9]Forecasts!$B76 -> 405 | W84: =#REF!*100 -> #REF! | AA84: =(-0.6408065713*(I84*100))+(-0.0000008777*P84)+296.8717213184 -> 258.29698 | AB84: 16 | AC84: 100 | AE84: =AR85 -> 2.0888 | AF84: =[3]Prices!$D677*7.5/100 -> 3.135 | AG84: =(AF84-AR84)*100 -> 103.12 | AJ84: =AJ83+AVERAGE(AJ72-AJ71,AJ48-AJ47,AJ36-AJ35,AJ24-AJ23) -> 5.6981431 | AK84: =AK83+AVERAGE(AK72-AK71,AK48-AK47,AK36-AK35) -> 4.1915481 | AL84: =AJ84/2.8-AK84 -> -2.156497 | AM84: ='[7]D6 Gallon Forecast'!$R32/1000000 -> 0.002026 | AR84: {=[10]!Qhoh6?Last} -> 2.1038
A85: 46113 | C85: =[6]Biodiesel!$R6 -> 1.127482e+08 | D85: =AVERAGE([6]Biodiesel!$M6:$Q6) -> 1.288865e+08 | E85: =C85-D85 -> -16138306 | F85: =[6]Biodiesel!$R38 -> 1.3107739e+08 | G85: =AVERAGE([6]Biodiesel!$M38:$Q38) -> 1.5622133e+08 | H85: =F85-G85 -> -25143939 | K85: ='[6]Renewable Diesel'!$R52 -> 2.0114729e+08 | L85: =AVERAGE('[6]Renewable Diesel'!$M52:$Q52) -> 1.5842183e+08 | M85: =K85-L85 -> 42725459 | N85: ='[6]Renewable Diesel'!$R6 -> 2.2692303e+08 | O85: =AVERAGE('[6]Renewable Diesel'!$M6:$Q6) -> 1.900454e+08 | P85: =N85-O85 -> 36877630 | S85: ='[8]Soy Complex'!$BO600 -> 47 | V85: =[9]Forecasts!$B77 -> 407.5 | W85: =#REF!*100 -> #REF! | AA85: =(-0.6408065713*(I85*100))+(-0.0000008777*P85)+296.8717213184 -> 264.50423 | AB85: 16 | AC85: 100 | AE85: =AR86 -> 2.0821 | AF85: =[3]Prices!$D678*7.5/100 -> 3.1875 | AG85: =(AF85-AR85)*100 -> 109.87 | AJ85: =AJ84+AVERAGE(AJ73-AJ72,AJ49-AJ48,AJ37-AJ36,AJ25-AJ24) -> 5.9758736 | AK85: =AK84+AVERAGE(AK73-AK72,AK49-AK48,AK37-AK36) -> 4.1979715 | AL85: =AJ85/2.8-AK85 -> -2.0637309 | AM85: ='[7]D6 Gallon Forecast'!$R33/1000000 -> 1197.4456 | AR85: {=[10]!Qhoj6?Last} -> 2.0888
A86: 46143 | C86: =[6]Biodiesel!$R7 -> 1.2018411e+08 | D86: =AVERAGE([6]Biodiesel!$M7:$Q7) -> 1.3730343e+08 | E86: =C86-D86 -> -17119320 | F86: =[6]Biodiesel!$R39 -> 1.3425385e+08 | G86: =AVERAGE([6]Biodiesel!$M39:$Q39) -> 1.5859185e+08 | H86: =F86-G86 -> -24338005 | K86: ='[6]Renewable Diesel'!$R53 -> 2.2482129e+08 | L86: =AVERAGE('[6]Renewable Diesel'!$M53:$Q53) -> 1.6420517e+08 | M86: =K86-L86 -> 60616128 | N86: ='[6]Renewable Diesel'!$R7 -> 2.5192062e+08 | O86: =AVERAGE('[6]Renewable Diesel'!$M7:$Q7) -> 1.9732011e+08 | P86: =N86-O86 -> 54600515 | S86: ='[8]Soy Complex'!$BO601 -> 50.75 | V86: =[9]Forecasts!$B78 -> 410 | W86: =#REF!*100 -> #REF! | AA86: =(-0.6408065713*(I86*100))+(-0.0000008777*P86)+296.8717213184 -> 248.94885 | AB86: 16 | AC86: 100 | AE86: =AR87 -> 2.0792 | AF86: =[3]Prices!$D679*7.5/100 -> 3.2625 | AG86: =(AF86-AR86)*100 -> 118.04 | AJ86: =AJ85+AVERAGE(AJ74-AJ73,AJ50-AJ49,AJ38-AJ37,AJ26-AJ25) -> 6.0837849 | AK86: =AK85+AVERAGE(AK74-AK73,AK50-AK49,AK38-AK37) -> 4.3907231 | AL86: =AJ86/2.8-AK86 -> -2.2179427 | AM86: ='[7]D6 Gallon Forecast'!$R34/1000000 -> 1090.8165 | AR86: {=[10]!Qhok6?Last} -> 2.0821
A87: 46174 | C87: =[6]Biodiesel!$R8 -> 1.1826797e+08 | D87: =AVERAGE([6]Biodiesel!$M8:$Q8) -> 1.3499971e+08 | E87: =C87-D87 -> -16731749 | F87: =[6]Biodiesel!$R40 -> 1.3450943e+08 | G87: =AVERAGE([6]Biodiesel!$M40:$Q40) -> 1.5922105e+08 | H87: =F87-G87 -> -24711623 | K87: ='[6]Renewable Diesel'!$R54 -> 2.2443106e+08 | L87: =AVERAGE('[6]Renewable Diesel'!$M54:$Q54) -> 1.6857415e+08 | M87: =K87-L87 -> 55856907 | N87: ='[6]Renewable Diesel'!$R8 -> 2.5405822e+08 | O87: =AVERAGE('[6]Renewable Diesel'!$M8:$Q8) -> 2.0585828e+08 | P87: =N87-O87 -> 48199943 | S87: ='[8]Soy Complex'!$BO602 -> 50.25 | V87: =[9]Forecasts!$B79 -> 412.5 | W87: =#REF!*100 -> #REF! | AA87: =(-0.6408065713*(I87*100))+(-0.0000008777*P87)+296.8717213184 -> 254.56663 | AB87: 16 | AC87: 100 | AE87: =AR88 -> 2.0892 | AF87: =[3]Prices!$D680*7.5/100 -> 3.3375 | AG87: =(AF87-AR87)*100 -> 125.83 | AJ87: =AJ86+AVERAGE(AJ75-AJ74,AJ51-AJ50,AJ39-AJ38,AJ27-AJ26) -> 5.8531899 | AK87: =AK86+AVERAGE(AK75-AK74,AK51-AK50,AK39-AK38) -> 4.5184849 | AL87: =AJ87/2.8-AK87 -> -2.42806 | AM87: ='[7]D6 Gallon Forecast'!$R35/1000000 -> 1220.6157 | AR87: {=[10]!Qhom6?Last} -> 2.0792
A88: 46204 | C88: =[6]Biodiesel!$R9 -> 1.160197e+08 | D88: =AVERAGE([6]Biodiesel!$M9:$Q9) -> 1.3245552e+08 | E88: =C88-D88 -> -16435825 | F88: =[6]Biodiesel!$R41 -> 1.2720575e+08 | G88: =AVERAGE([6]Biodiesel!$M41:$Q41) -> 1.4962295e+08 | H88: =F88-G88 -> -22417209 | K88: ='[6]Renewable Diesel'!$R55 -> 2.1901647e+08 | L88: =AVERAGE('[6]Renewable Diesel'!$M55:$Q55) -> 1.6470691e+08 | M88: =K88-L88 -> 54309553 | N88: ='[6]Renewable Diesel'!$R9 -> 2.3434765e+08 | O88: =AVERAGE('[6]Renewable Diesel'!$M9:$Q9) -> 1.9197005e+08 | P88: =N88-O88 -> 42377604 | S88: ='[8]Soy Complex'!$BO603 -> 50.75 | V88: =[9]Forecasts!$B80 -> 415 | W88: =#REF!*100 -> #REF! | AA88: =(-0.6408065713*(I88*100))+(-0.0000008777*P88)+296.8717213184 -> 259.6769 | AB88: 16 | AC88: 100 | AE88: =AR89 -> 2.0915 | AF88: =[3]Prices!$D681*7.5/100 -> 3.3375 | AG88: =(AF88-AR88)*100 -> 124.83 | AJ88: =AJ87+AVERAGE(AJ76-AJ75,AJ52-AJ51,AJ40-AJ39,AJ28-AJ27) -> 4.9299269 | AK88: =AK87+AVERAGE(AK76-AK75,AK52-AK51,AK40-AK39) -> 4.2973147 | AL88: =AJ88/2.8-AK88 -> -2.5366265 | AM88: ='[7]D6 Gallon Forecast'!$R36/1000000 -> 1142.2861 | AR88: {=[10]!Qhon6?Last} -> 2.0892
A89: 46235 | C89: =[6]Biodiesel!$R10 -> 1.2114198e+08 | D89: =AVERAGE([6]Biodiesel!$M10:$Q10) -> 1.3837861e+08 | E89: =C89-D89 -> -17236632 | F89: =[6]Biodiesel!$R42 -> 1.3464584e+08 | G89: =AVERAGE([6]Biodiesel!$M42:$Q42) -> 1.5851729e+08 | H89: =F89-G89 -> -23871449 | K89: ='[6]Renewable Diesel'!$R56 -> 2.2497291e+08 | L89: =AVERAGE('[6]Renewable Diesel'!$M56:$Q56) -> 1.7511976e+08 | M89: =K89-L89 -> 49853143 | N89: ='[6]Renewable Diesel'!$R10 -> 2.3874256e+08 | O89: =AVERAGE('[6]Renewable Diesel'!$M10:$Q10) -> 1.9693506e+08 | P89: =N89-O89 -> 41807506 | S89: ='[8]Soy Complex'!$BO604 -> 50 | V89: =[9]Forecasts!$B81 -> 417.5 | W89: =#REF!*100 -> #REF! | AA89: =(-0.6408065713*(I89*100))+(-0.0000008777*P89)+296.8717213184 -> 260.17727 | AB89: 16 | AC89: 100 | AE89: =AR90 -> 2.0993 | AF89: =[3]Prices!$D682*7.5/100 -> 3.2625 | AG89: =(AF89-AR89)*100 -> 117.1 | AJ89: =AJ88+AVERAGE(AJ77-AJ76,AJ53-AJ52,AJ41-AJ40,AJ29-AJ28) -> 4.9472501 | AK89: =AK88+AVERAGE(AK77-AK76,AK53-AK52,AK41-AK40) -> 4.1416714 | AL89: =AJ89/2.8-AK89 -> -2.3747963 | AM89: ='[7]D6 Gallon Forecast'!$R37/1000000 -> 1250.2978 | AR89: {=[10]!Qhoq6?Last} -> 2.0915
A90: 46266 | C90: =[6]Biodiesel!$R11 -> 1.1339242e+08 | D90: =AVERAGE([6]Biodiesel!$M11:$Q11) -> 1.2968289e+08 | E90: =C90-D90 -> -16290467 | F90: =[6]Biodiesel!$R43 -> 1.2742841e+08 | G90: =AVERAGE([6]Biodiesel!$M43:$Q43) -> 1.5107041e+08 | H90: =F90-G90 -> -23642003 | K90: ='[6]Renewable Diesel'!$R57 -> 2.2807961e+08 | L90: =AVERAGE('[6]Renewable Diesel'!$M57:$Q57) -> 1.7033635e+08 | M90: =K90-L90 -> 57743257 | N90: ='[6]Renewable Diesel'!$R11 -> 2.4745228e+08 | O90: =AVERAGE('[6]Renewable Diesel'!$M11:$Q11) -> 2.0049799e+08 | P90: =N90-O90 -> 46954283 | S90: ='[8]Soy Complex'!$BO605 -> 51.5 | V90: =[9]Forecasts!$B82 -> 420 | W90: =#REF!*100 -> #REF! | AA90: =(-0.6408065713*(I90*100))+(-0.0000008777*P90)+296.8717213184 -> 255.65995 | AB90: 16 | AC90: 100 | AE90: =AR91 -> 2.1069 | AF90: =[3]Prices!$D683*7.5/100 -> 3.43125 | AG90: =(AF90-AR90)*100 -> 133.195 | AJ90: =AJ89+AVERAGE(AJ78-AJ77,AJ54-AJ53,AJ42-AJ41,AJ30-AJ29) -> 5.01762 | AK90: =AK89+AVERAGE(AK78-AK77,AK54-AK53,AK42-AK41) -> 3.84676 | AL90: =AJ90/2.8-AK90 -> -2.0547529 | AM90: ='[7]D6 Gallon Forecast'!$R38/1000000 -> 1266.7007 | AR90: {=[10]!Qhou6?Last} -> 2.0993
A91: 46296 | C91: =[6]Biodiesel!$R12 -> 1.1525644e+08 | D91: =AVERAGE([6]Biodiesel!$M12:$Q12) -> 1.3147635e+08 | E91: =C91-D91 -> -16219909 | F91: =[6]Biodiesel!$R44 -> 1.3182081e+08 | G91: =AVERAGE([6]Biodiesel!$M44:$Q44) -> 1.5617924e+08 | H91: =F91-G91 -> -24358436 | K91: ='[6]Renewable Diesel'!$R58 -> 2.4821274e+08 | L91: =AVERAGE('[6]Renewable Diesel'!$M58:$Q58) -> 1.7715713e+08 | M91: =K91-L91 -> 71055610 | N91: ='[6]Renewable Diesel'!$R12 -> 2.7294287e+08 | O91: =AVERAGE('[6]Renewable Diesel'!$M12:$Q12) -> 2.082158e+08 | P91: =N91-O91 -> 64727070 | S91: ='[8]Soy Complex'!$BP594 -> 50.75 | V91: =[9]Forecasts!$B83 -> 422.5 | W91: =#REF!*100 -> #REF! | AA91: =(-0.6408065713*(I91*100))+(-0.0000008777*P91)+296.8717213184 -> 240.06077 | AB91: 16 | AC91: 100 | AE91: =AR92 -> 2.1124 | AF91: =[3]Prices!$D684*7.5/100 -> 3.375 | AG91: =(AF91-AR91)*100 -> 126.81 | AJ91: =AJ90+AVERAGE(AJ79-AJ78,AJ55-AJ54,AJ43-AJ42,AJ31-AJ30) -> 5.1245355 | AK91: =AK90+AVERAGE(AK79-AK78,AK55-AK54,AK43-AK42) -> 3.8704499 | AL91: =AJ91/2.8-AK91 -> -2.0402587 | AM91: ='[7]D6 Gallon Forecast'!$R39/1000000 -> 1284.2611 | AR91: {=[10]!Qhov6?Last} -> 2.1069
A92: 46327 | C92: =[6]Biodiesel!$R13 -> 1.1138903e+08 | D92: =AVERAGE([6]Biodiesel!$M13:$Q13) -> 1.2696626e+08 | E92: =C92-D92 -> -15577228 | F92: =[6]Biodiesel!$R45 -> 1.2812054e+08 | G92: =AVERAGE([6]Biodiesel!$M45:$Q45) -> 1.5191841e+08 | H92: =F92-G92 -> -23797875 | K92: ='[6]Renewable Diesel'!$R59 -> 2.9962777e+08 | L92: =AVERAGE('[6]Renewable Diesel'!$M59:$Q59) -> 1.8869737e+08 | M92: =K92-L92 -> 1.1093039e+08 | N92: ='[6]Renewable Diesel'!$R13 -> 3.1928102e+08 | O92: =AVERAGE('[6]Renewable Diesel'!$M13:$Q13) -> 2.176963e+08 | P92: =N92-O92 -> 1.0158472e+08 | S92: ='[8]Soy Complex'!$BP595 -> 53 | V92: =[9]Forecasts!$B84 -> 425 | W92: =#REF!*100 -> #REF! | AA92: =(-0.6408065713*(I92*100))+(-0.0000008777*P92)+296.8717213184 -> 207.71081 | AB92: 16 | AC92: 100 | AE92: =AR93 -> 2.1117 | AF92: =[3]Prices!$D685*7.5/100 -> 3.525 | AG92: =(AF92-AR92)*100 -> 141.26 | AJ92: =AJ91+AVERAGE(AJ80-AJ79,AJ56-AJ55,AJ44-AJ43,AJ32-AJ31) -> 5.1906799 | AK92: =AK91+AVERAGE(AK80-AK79,AK56-AK55,AK44-AK43) -> 3.9501965 | AL92: =AJ92/2.8-AK92 -> -2.0963823 | AM92: ='[7]D6 Gallon Forecast'!$R40/1000000 -> 1288.363 | AR92: {=[10]!Qhox6?Last} -> 2.1124
A93: 46357 | C93: =[6]Biodiesel!$R14 -> 1.0596352e+08 | D93: =AVERAGE([6]Biodiesel!$M14:$Q14) -> 1.4175041e+08 | E93: =C93-D93 -> -35786884 | F93: =[6]Biodiesel!$R46 -> 1.3248784e+08 | G93: =AVERAGE([6]Biodiesel!$M46:$Q46) -> 1.8173685e+08 | H93: =F93-G93 -> -49249005 | K93: ='[6]Renewable Diesel'!$R60 -> 3.4122503e+08 | L93: =AVERAGE('[6]Renewable Diesel'!$M60:$Q60) -> 2.106091e+08 | M93: =K93-L93 -> 1.3061593e+08 | N93: ='[6]Renewable Diesel'!$R14 -> 3.6468617e+08 | O93: =AVERAGE('[6]Renewable Diesel'!$M14:$Q14) -> 2.4658356e+08 | P93: =N93-O93 -> 1.1810262e+08 | S93: ='[8]Soy Complex'!$BP596 -> 52.25 | V93: =[9]Forecasts!$B85 -> 427.5 | W93: =#REF!*100 -> #REF! | AA93: =(-0.6408065713*(I93*100))+(-0.0000008777*P93)+296.8717213184 -> 193.21306 | AB93: 16 | AC93: 100 | AE93: =AR94 -> 2.1166 | AF93: =[3]Prices!$D686*7.5/100 -> 3.5625 | AG93: =(AF93-AR93)*100 -> 145.08 | AJ93: =AJ92+AVERAGE(AJ81-AJ80,AJ57-AJ56,AJ45-AJ44,AJ33-AJ32) -> 5.2227757 | AK93: =AK92+AVERAGE(AK81-AK80,AK57-AK56,AK45-AK44) -> 3.7886725 | AL93: =AJ93/2.8-AK93 -> -1.9233955 | AM93: ='[7]D6 Gallon Forecast'!$R41/1000000 -> 1179.7531 | AR93: {=[10]!Qhoz6?Last} -> 2.1117
A94: 46388 | C94: =[6]Biodiesel!$S3 -> 95491386 | D94: =AVERAGE([6]Biodiesel!$N3:$R3) -> 98670737 | E94: =C94-D94 -> -3179351.8 | F94: =[6]Biodiesel!$S35 -> 1.0875103e+08 | G94: =AVERAGE([6]Biodiesel!$N35:$R35) -> 1.1721183e+08 | H94: =F94-G94 -> -8460803 | K94: ='[6]Renewable Diesel'!$S49 -> 1.8679613e+08 | L94: =AVERAGE('[6]Renewable Diesel'!$N49:$R49) -> 1.7263274e+08 | M94: =K94-L94 -> 14163393 | N94: ='[6]Renewable Diesel'!$S3 -> 2.072983e+08 | O94: =AVERAGE('[6]Renewable Diesel'!$N3:$R3) -> 1.9642814e+08 | P94: =N94-O94 -> 10870156 | S94: ='[8]Soy Complex'!$BP597 -> 52.5 | V94: =[9]Forecasts!$B86 -> 430 | W94: =#REF!*100 -> #REF! | AA94: =(-0.6408065713*(I94*100))+(-0.0000008777*P94)+296.8717213184 -> 287.33099 | AB94: 16 | AC94: 100 | AE94: =AR95 -> #VALUE! | AF94: =[3]Prices!$D687*7.5/100 -> 3.45 | AG94: =(AF94-AR94)*100 -> 133.34 | AJ94: =AJ93+AVERAGE(AJ82-AJ81,AJ58-AJ57,AJ46-AJ45,AJ34-AJ33) -> 5.3111495 | AK94: =AK93+AVERAGE(AK82-AK81,AK58-AK57,AK46-AK45) -> 3.9999119 | AL94: =AJ94/2.8-AK94 -> -2.1030728 | AM94: ='[7]D6 Gallon Forecast'!$S30/1000000 -> 1.0664376e-07 | AR94: {=[10]!Qhof7?Last} -> 2.1166
A95: 46419 | C95: =[6]Biodiesel!$S4 -> 1.0206829e+08 | D95: =AVERAGE([6]Biodiesel!$N4:$R4) -> 1.0546662e+08 | E95: =C95-D95 -> -3398327.6 | F95: =[6]Biodiesel!$S36 -> 1.1939422e+08 | G95: =AVERAGE([6]Biodiesel!$N36:$R36) -> 1.2969365e+08 | H95: =F95-G95 -> -10299423 | K95: ='[6]Renewable Diesel'!$S50 -> 2.0364022e+08 | L95: =AVERAGE('[6]Renewable Diesel'!$N50:$R50) -> 1.7103771e+08 | M95: =K95-L95 -> 32602507 | N95: ='[6]Renewable Diesel'!$S4 -> 2.2925677e+08 | O95: =AVERAGE('[6]Renewable Diesel'!$N4:$R4) -> 1.9906558e+08 | P95: =N95-O95 -> 30191188 | S95: ='[8]Soy Complex'!$BP598 -> 51.5 | V95: =[9]Forecasts!$B87 -> 432.5 | W95: =#REF!*100 -> #REF! | AA95: =(-0.6408065713*(I95*100))+(-0.0000008777*P95)+296.8717213184 -> 270.37292 | AB95: 16 | AC95: 100 | AE95: =AR96 -> #VALUE! | AF95: =[3]Prices!$D688*7.5/100 -> 3.31875 | AG95: =(AF95-AR95)*100 -> #VALUE! | AJ95: =AJ94+AVERAGE(AJ83-AJ82,AJ59-AJ58,AJ47-AJ46,AJ35-AJ34) -> 5.3943215 | AK95: =AK94+AVERAGE(AK83-AK82,AK59-AK58,AK47-AK46) -> 4.0336205 | AL95: =AJ95/2.8-AK95 -> -2.1070771 | AM95: ='[7]D6 Gallon Forecast'!$S31/1000000 -> 576.28942 | AR95: =AR94+AVERAGE(AR83-AR82,AR71-AR70,AE59-AE58,AE47-AE46,AE35-AE34) -> #VALUE!
A96: 46447 | C96: =[6]Biodiesel!$S5 -> 1.1785528e+08 | D96: =AVERAGE([6]Biodiesel!$N5:$R5) -> 1.2177916e+08 | E96: =C96-D96 -> -3923879.1 | F96: =[6]Biodiesel!$S37 -> 1.345736e+08 | G96: =AVERAGE([6]Biodiesel!$N37:$R37) -> 1.4515575e+08 | H96: =F96-G96 -> -10582150 | K96: ='[6]Renewable Diesel'!$S51 -> 2.1860078e+08 | L96: =AVERAGE('[6]Renewable Diesel'!$N51:$R51) -> 1.8961542e+08 | M96: =K96-L96 -> 28985355 | N96: ='[6]Renewable Diesel'!$S5 -> 2.427403e+08 | O96: =AVERAGE('[6]Renewable Diesel'!$N5:$R5) -> 2.1951898e+08 | P96: =N96-O96 -> 23221328 | S96: ='[8]Soy Complex'!$BP599 -> 51 | V96: =[9]Forecasts!$B88 -> 435 | W96: =#REF!*100 -> #REF! | AA96: =(-0.6408065713*(I96*100))+(-0.0000008777*P96)+296.8717213184 -> 276.49036 | AB96: 16 | AC96: 100 | AE96: =AR97 -> #VALUE! | AF96: =[3]Prices!$D689*7.5/100 -> 3.35625 | AG96: =(AF96-AR96)*100 -> #VALUE! | AJ96: =AJ95+AVERAGE(AJ84-AJ83,AJ60-AJ59,AJ48-AJ47,AJ36-AJ35) -> 5.6261619 | AK96: =AK95+AVERAGE(AK84-AK83,AK60-AK59,AK48-AK47) -> 4.201506 | AL96: =AJ96/2.8-AK96 -> -2.1921625 | AM96: ='[7]D6 Gallon Forecast'!$S32/1000000 -> 0.002027 | AR96: =AR95+AVERAGE(AR84-AR83,AR72-AR71,AE60-AE59,AE48-AE47,AE36-AE35) -> #VALUE!
A97: 46478 | C97: =[6]Biodiesel!$S6 -> 1.1851739e+08 | D97: =AVERAGE([6]Biodiesel!$N6:$R6) -> 1.2255684e+08 | E97: =C97-D97 -> -4039451.4 | F97: =[6]Biodiesel!$S38 -> 1.3820783e+08 | G97: =AVERAGE([6]Biodiesel!$N38:$R38) -> 1.5009018e+08 | H97: =F97-G97 -> -11882354 | K97: ='[6]Renewable Diesel'!$S52 -> 2.0902448e+08 | L97: =AVERAGE('[6]Renewable Diesel'!$N52:$R52) -> 1.885244e+08 | M97: =K97-L97 -> 20500071 | N97: ='[6]Renewable Diesel'!$S6 -> 2.3283874e+08 | O97: =AVERAGE('[6]Renewable Diesel'!$N6:$R6) -> 2.1725708e+08 | P97: =N97-O97 -> 15581664 | S97: ='[8]Soy Complex'!$BP600 -> 50.5 | V97: =[9]Forecasts!$B89 -> 437.5 | W97: =#REF!*100 -> #REF! | AA97: =(-0.6408065713*(I97*100))+(-0.0000008777*P97)+296.8717213184 -> 283.19569 | AB97: 16 | AC97: 100 | AE97: =AR98 -> #VALUE! | AF97: =[3]Prices!$D690*7.5/100 -> 3.4125 | AG97: =(AF97-AR97)*100 -> #VALUE! | AJ97: =AJ96+AVERAGE(AJ85-AJ84,AJ61-AJ60,AJ49-AJ48,AJ37-AJ36) -> 5.7922059 | AK97: =AK96+AVERAGE(AK85-AK84,AK61-AK60,AK49-AK48) -> 4.2167741 | AL97: =AJ97/2.8-AK97 -> -2.1481291 | AM97: ='[7]D6 Gallon Forecast'!$S33/1000000 -> 1220.4338 | AR97: =AR96+AVERAGE(AR85-AR84,AR73-AR72,AR61-AE60,AE49-AE48,AE37-AE36) -> #VALUE!
A98: 46508 | C98: =[6]Biodiesel!$S7 -> 1.2699462e+08 | D98: =AVERAGE([6]Biodiesel!$N7:$R7) -> 1.3123986e+08 | E98: =C98-D98 -> -4245245.3 | F98: =[6]Biodiesel!$S39 -> 1.421066e+08 | G98: =AVERAGE([6]Biodiesel!$N39:$R39) -> 1.5267695e+08 | H98: =F98-G98 -> -10570342 | K98: ='[6]Renewable Diesel'!$S53 -> 2.3410753e+08 | L98: =AVERAGE('[6]Renewable Diesel'!$N53:$R53) -> 1.9715914e+08 | M98: =K98-L98 -> 36948396 | N98: ='[6]Renewable Diesel'!$S7 -> 2.602355e+08 | O98: =AVERAGE('[6]Renewable Diesel'!$N7:$R7) -> 2.2802999e+08 | P98: =N98-O98 -> 32205512 | S98: ='[8]Soy Complex'!$BP601 -> 52 | V98: =[9]Forecasts!$B90 -> 440 | W98: =#REF!*100 -> #REF! | AA98: =(-0.6408065713*(I98*100))+(-0.0000008777*P98)+296.8717213184 -> 268.60494 | AB98: 16 | AC98: 100 | AE98: =AR99 -> #VALUE! | AF98: =[3]Prices!$D691*7.5/100 -> 3.45 | AG98: =(AF98-AR98)*100 -> #VALUE! | AJ98: =AJ97+AVERAGE(AJ86-AJ85,AJ62-AJ61,AJ50-AJ49,AJ38-AJ37) -> 5.7507424 | AK98: =AK97+AVERAGE(AK86-AK85,AK62-AK61,AK50-AK49) -> 4.2420568 | AL98: =AJ98/2.8-AK98 -> -2.1882203 | AM98: ='[7]D6 Gallon Forecast'!$S34/1000000 -> 1129.7908 | AR98: =AR97+AVERAGE(AR86-AR85,AR74-AR73,AR62-AR61,AE50-AE49,AE38-AE37) -> #VALUE!
A99: 46539 | C99: =[6]Biodiesel!$S8 -> 1.2363369e+08 | D99: =AVERAGE([6]Biodiesel!$N8:$R8) -> 1.2776188e+08 | E99: =C99-D99 -> -4128193.3 | F99: =[6]Biodiesel!$S40 -> 1.407629e+08 | G99: =AVERAGE([6]Biodiesel!$N40:$R40) -> 1.5171383e+08 | H99: =F99-G99 -> -10950932 | K99: ='[6]Renewable Diesel'!$S54 -> 2.3410565e+08 | L99: =AVERAGE('[6]Renewable Diesel'!$N54:$R54) -> 1.9968846e+08 | M99: =K99-L99 -> 34417193 | N99: ='[6]Renewable Diesel'!$S8 -> 2.6229555e+08 | O99: =AVERAGE('[6]Renewable Diesel'!$N8:$R8) -> 2.3413917e+08 | P99: =N99-O99 -> 28156381 | S99: ='[8]Soy Complex'!$BP602 -> 52.5 | V99: =[9]Forecasts!$B91 -> 442.5 | W99: =#REF!*100 -> #REF! | AA99: =(-0.6408065713*(I99*100))+(-0.0000008777*P99)+296.8717213184 -> 272.15887 | AB99: 16 | AC99: 100 | AE99: =AR100 -> #VALUE! | AF99: =[3]Prices!$D692*7.5/100 -> 3.50625 | AG99: =(AF99-AR99)*100 -> #VALUE! | AJ99: =AJ98+AVERAGE(AJ87-AJ86,AJ63-AJ62,AJ51-AJ50,AJ39-AJ38) -> 5.5486178 | AK99: =AK98+AVERAGE(AK87-AK86,AK63-AK62,AK51-AK50) -> 4.3398603 | AL99: =AJ99/2.8-AK99 -> -2.358211 | AM99: ='[7]D6 Gallon Forecast'!$S35/1000000 -> 1227.2839 | AR99: =AR98+AVERAGE(AR87-AR86,AR75-AR74,AR63-AR62,AE51-AE50,AE39-AE38) -> #VALUE!
A100: 46569 | C100: =[6]Biodiesel!$S9 -> 1.2215639e+08 | D100: =AVERAGE([6]Biodiesel!$N9:$R9) -> 1.262814e+08 | E100: =C100-D100 -> -4125000.3 | F100: =[6]Biodiesel!$S41 -> 1.3348636e+08 | G100: =AVERAGE([6]Biodiesel!$N41:$R41) -> 1.4260957e+08 | H100: =F100-G100 -> -9123212.6 | K100: ='[6]Renewable Diesel'!$S55 -> 2.2749354e+08 | L100: =AVERAGE('[6]Renewable Diesel'!$N55:$R55) -> 1.9461009e+08 | M100: =K100-L100 -> 32883453 | N100: ='[6]Renewable Diesel'!$S9 -> 2.4519393e+08 | O100: =AVERAGE('[6]Renewable Diesel'!$N9:$R9) -> 2.2275384e+08 | P100: =N100-O100 -> 22440092 | S100: ='[8]Soy Complex'!$BP603 -> 52.25 | V100: =[9]Forecasts!$B92 -> 445 | W100: =#REF!*100 -> #REF! | AA100: =(-0.6408065713*(I100*100))+(-0.0000008777*P100)+296.8717213184 -> 277.17605 | AB100: 16 | AC100: 100 | AE100: =AR101 -> #VALUE! | AF100: =[3]Prices!$D693*7.5/100 -> 3.525 | AG100: =(AF100-AR100)*100 -> #VALUE! | AJ100: =AJ99+AVERAGE(AJ88-AJ87,AJ64-AJ63,AJ52-AJ51,AJ40-AJ39) -> 4.6911857 | AK100: =AK99+AVERAGE(AK88-AK87,AK64-AK63,AK52-AK51) -> 4.3457087 | AL100: =AJ100/2.8-AK100 -> -2.6702852 | AM100: ='[7]D6 Gallon Forecast'!$S36/1000000 -> 1141.8561 | AR100: =AR99+AVERAGE(AR88-AR87,AR76-AR75,AR64-AR63,AE52-AE51,AE40-AE39) -> #VALUE!
...
