Workbook

Sheet RFS Data
A1: need to fix this to make it a check on the model. Using the annual sum of the data from the monthly data tab instead of the forecast tabs and then checking against those totals will ensure the links in the forecast tabs are correct (assuming these are correct).
A2: Fuel Code | B2: 2010 | C2: 2011 | D2: 2012 | E2: 2013 | F2: 2014 | G2: 2015 | H2: 2016 | I2: 2017 | J2: 2018 | K2: 2019 | L2: 2020 | M2: 2021 | N2: 2022 | O2: 2023 | P2: 2024 | Q2: 2025 | R2: 2026 | S2: 2027 | T2: 2028 | U2: 2029 | V2: 2030 | W2: 2031 | X2: 2032 | Y2: 2033 | Z2: 2034 | AA2: 2035 | AB2: 2036 | AC2: 2037 | AD2: 2038
A3: D3
A4: Gallons
A5: RINs
A6: D4
A7: Gallons
A8: Biodiesel - Domestic | B8: ='D4 Gallon Forecast'!B4 -> 201955850 | C8: ='D4 Gallon Forecast'!C4 -> 1032917947 | D8: ='D4 Gallon Forecast'!D4 -> 1016202001 | E8: ='D4 Gallon Forecast'!E4 -> 1378586362 | F8: ='D4 Gallon Forecast'!F4 -> 1305909690 | G8: ='D4 Gallon Forecast'!G4 -> 1254228294 | H8: ='D4 Gallon Forecast'!H4 -> 1632752622 | I8: ='D4 Gallon Forecast'!I4 -> 1588249740 | ... AD8: ='D4 Gallon Forecast'!AD4 -> 8.3493507e+08
A9: Biodiesel - Foreign Generation
A10: Biodiesel - Importer
A11: Non-ester Renewable Diesel - Domestic | B11: =SUM(B12:B14) -> 959557 | C11: =SUM(C12:C14) -> 45321674 | D11: =SUM(D12:D14) -> 40195484 | E11: =SUM(E12:E14) -> 72007416 | F11: =SUM(F12:F14) -> 150536188 | G11: =SUM(G12:G14) -> 171867841 | H11: =SUM(H12:H14) -> 236821419 | I11: =SUM(I12:I14) -> 253194888 | ... AD11: =SUM(AD12:AD14) -> 5.5376269e+09
A12: Non-ester Renewable Diesel Domestic - EV 1.5 | B12: ='D4 Gallon Forecast'!B9 -> 0 | C12: ='D4 Gallon Forecast'!C9 -> 140177 | D12: ='D4 Gallon Forecast'!D9 -> 959282 | E12: ='D4 Gallon Forecast'!E9 -> 502934 | F12: ='D4 Gallon Forecast'!F9 -> 205293 | G12: ='D4 Gallon Forecast'!G9 -> 0 | H12: ='D4 Gallon Forecast'!H9 -> 0 | I12: ='D4 Gallon Forecast'!I9 -> 0 | ... AD12: ='D4 Gallon Forecast'!AD9 -> 0
A13: Non-ester Renewable Diesel Domestic - EV 1.6 | B13: ='D4 Gallon Forecast'!B10 -> 240476 | C13: ='D4 Gallon Forecast'!C10 -> 14892088 | D13: ='D4 Gallon Forecast'!D10 -> 9371937 | E13: ='D4 Gallon Forecast'!E10 -> 28912259 | F13: ='D4 Gallon Forecast'!F10 -> 7456331 | G13: ='D4 Gallon Forecast'!G10 -> 4298593 | H13: ='D4 Gallon Forecast'!H10 -> 0 | I13: ='D4 Gallon Forecast'!I10 -> 0 | ... AD13: ='D4 Gallon Forecast'!AD10 -> 0
A14: Non-ester Renewable Diesel Domestic - EV 1.7 | B14: ='D4 Gallon Forecast'!B11 -> 719081 | C14: ='D4 Gallon Forecast'!C11 -> 30289409 | D14: ='D4 Gallon Forecast'!D11 -> 29864265 | E14: ='D4 Gallon Forecast'!E11 -> 42592223 | F14: ='D4 Gallon Forecast'!F11 -> 142874564 | G14: ='D4 Gallon Forecast'!G11 -> 167569248 | H14: ='D4 Gallon Forecast'!H11 -> 236821419 | I14: ='D4 Gallon Forecast'!I11 -> 253194888 | ... AD14: ='D4 Gallon Forecast'!AD11 -> 5.5376269e+09
A15: Non-ester Renewable Diesel - Foreign Generation | B15: =SUM(B16:B18) -> 0 | C15: =SUM(C16:C18) -> 0 | D15: =SUM(D16:D18) -> 0 | E15: =SUM(E16:E18) -> 0 | F15: =SUM(F16:F18) -> 0 | G15: =SUM(G16:G18) -> 0 | H15: =SUM(H16:H18) -> 0 | I15: =SUM(I16:I18) -> 0 | ... Y15: =SUM(Y16:Y18) -> 0
A16: Non-estern Renewable Diesel Foreign Generation - EV 1.5
A17: Non-ester Renewable Diesel Foreign Generation - EV 1.6
A18: Non-estern Renewable Diesel Foreign Generation - EV 1.7
A19: Non-estern Renewable Diesel - Importer | B19: =SUM(B20:B22) -> 0 | C19: =SUM(C20:C22) -> 0 | D19: =SUM(D20:D22) -> 0 | E19: =SUM(E20:E22) -> 0 | F19: =SUM(F20:F22) -> 0 | G19: =SUM(G20:G22) -> 0 | H19: =SUM(H20:H22) -> 0 | I19: =SUM(I20:I22) -> 0 | ... Y19: =SUM(Y20:Y22) -> 0
A20: Non-ester Renewable Diesel Importer - EV 1.5
A21: Non-ester Renewable Diesel Importer - EV 1.6
A22: Non-ester Renewable Diesel Importer - EV 1.7
A23: Renewable Jet Fuel Domestic - EV 1.6
A24: Renewable Jet Fuel - Importer
A25: RINs | B25: =B26/B8 -> 1.5000206 | C25: =C26/C8 -> 1.5000173 | D25: =D26/D8 -> 1.5000201 | E25: =E26/E8 -> 1.5000203 | F25: =F26/F8 -> 1.5000213 | G25: =G26/G8 -> 1.5000191 | H25: =H26/H8 -> 1.5000182 | I25: =I26/I8 -> 1.5000188 | ... AD25: =AD26/AD8 -> 1.5000182
A26: Biodiesel - Domestic | B26: ='D4 RIN Forecast'!B4 -> 302937942 | C26: ='D4 RIN Forecast'!C4 -> 1549394798 | D26: ='D4 RIN Forecast'!D4 -> 1524323382 | E26: ='D4 RIN Forecast'!E4 -> 2067907480 | F26: ='D4 RIN Forecast'!F4 -> 1958892396 | G26: ='D4 RIN Forecast'!G4 -> 1881366349 | H26: ='D4 RIN Forecast'!H4 -> 2449158616 | I26: ='D4 RIN Forecast'!I4 -> 2382404523 | ... AD26: ='D4 RIN Forecast'!AD4 -> 1.2524178e+09
A27: Biodiesel - Foreign Generation
A28: Biodiesel - Importer | B28: =B29/B11 -> 1.6749396 | C28: =C29/C11 -> 1.6665241 | D28: =D29/D11 -> 1.6719113 | E28: =E29/E11 -> 1.6584515 | F28: =F29/F11 -> 1.6947744 | G28: =G29/G11 -> 1.6974995 | H28: =H29/H11 -> 1.7000013 | I28: =I29/I11 -> 1.7000019 | ... AD28: =AD29/AD11 -> 1.7000012
A29: Non-ester Renewable Diesel - Domestic | B29: =SUM(B30:B32) -> 1607200 | C29: =SUM(C30:C32) -> 75529663 | D29: =SUM(D30:D32) -> 67203284 | E29: =SUM(E30:E32) -> 119420806 | F29: =SUM(F30:F32) -> 255124876 | G29: =SUM(G30:G32) -> 291745566 | H29: =SUM(H30:H32) -> 402596712 | I29: =SUM(I30:I32) -> 430431794 | ... AD29: =SUM(AD30:AD32) -> 9.4139723e+09
A30: Non-ester Renewable Diesel Domestic - EV 1.5 | B30: ='D4 RIN Forecast'!B9 -> 0 | C30: ='D4 RIN Forecast'!C9 -> 210266 | D30: ='D4 RIN Forecast'!D9 -> 1438924 | E30: ='D4 RIN Forecast'!E9 -> 754403 | F30: ='D4 RIN Forecast'!F9 -> 307941 | G30: ='D4 RIN Forecast'!G9 -> 0 | H30: ='D4 RIN Forecast'!H9 -> 0 | I30: ='D4 RIN Forecast'!I9 -> 0 | ... AD30: ='D4 RIN Forecast'!AD9 -> 0
A31: Non-ester Renewable Diesel Domestic - EV 1.6 | B31: ='D4 RIN Forecast'!B10 -> 384763 | C31: ='D4 RIN Forecast'!C10 -> 23827395 | D31: ='D4 RIN Forecast'!D10 -> 14995099 | E31: ='D4 RIN Forecast'!E10 -> 46259621 | F31: ='D4 RIN Forecast'!F10 -> 11930103 | G31: ='D4 RIN Forecast'!G10 -> 6877749 | H31: ='D4 RIN Forecast'!H10 -> 0 | I31: ='D4 RIN Forecast'!I10 -> 0 | ... AD31: ='D4 RIN Forecast'!AD10 -> 0
A32: Non-ester Renewable Diesel Domestic - EV 1.7 | B32: ='D4 RIN Forecast'!B11 -> 1222437 | C32: ='D4 RIN Forecast'!C11 -> 51492002 | D32: ='D4 RIN Forecast'!D11 -> 50769261 | E32: ='D4 RIN Forecast'!E11 -> 72406782 | F32: ='D4 RIN Forecast'!F11 -> 242886832 | G32: ='D4 RIN Forecast'!G11 -> 284867817 | H32: ='D4 RIN Forecast'!H11 -> 402596712 | I32: ='D4 RIN Forecast'!I11 -> 430431794 | ... AD32: ='D4 RIN Forecast'!AD11 -> 9.4139723e+09
A33: Non-ester Renewable Diesel - Foreign Generation
A34: Non-estern Renewable Diesel Foreign Generation - EV 1.5
A35: Non-ester Renewable Diesel Foreign Generation - EV 1.6
A36: Non-estern Renewable Diesel Foreign Generation - EV 1.7
A37: Non-estern Renewable Diesel - Importer
A38: Non-ester Renewable Diesel Importer - EV 1.5
A39: Non-ester Renewable Diesel Importer - EV 1.6
A40: Non-ester Renewable Diesel Importer - EV 1.7
A41: Renewable Jet Fuel Domestic - EV 1.6
A42: Renewable Jet Fuel - Importer
A43: D5
A44: Gallons
... A51: RINs

Sheet RIN Summary
B1: ='D4 Gallon Forecast'!B2 -> 2010 | C1: ='D4 Gallon Forecast'!C2 -> 2011 | D1: ='D4 Gallon Forecast'!D2 -> 2012 | E1: ='D4 Gallon Forecast'!E2 -> 2013 | F1: ='D4 Gallon Forecast'!F2 -> 2014 | G1: ='D4 Gallon Forecast'!G2 -> 2015 | H1: ='D4 Gallon Forecast'!H2 -> 2016 | I1: ='D4 Gallon Forecast'!I2 -> 2017 | ... P1: ='D4 Gallon Forecast'!P2 -> 2024 | Q1: 2025e | R1: 2026f | S1: 2027f | T1: ='D4 Gallon Forecast'!T2 -> 2028 | U1: ='D4 Gallon Forecast'!U2 -> 2029 | V1: ='D4 Gallon Forecast'!V2 -> 2030 | W1: ='D4 Gallon Forecast'!W2 -> 2031 | X1: ='D4 Gallon Forecast'!X2 -> 2032 | Y1: ='D4 Gallon Forecast'!Y2 -> 2033 | Z1: ='D4 Gallon Forecast'!Z2 -> 2034 | AA1: ='D4 Gallon Forecast'!AA2 -> 2035 | ... AG1: ='D4 Gallon Forecast'!AG2 -> 2041
A2: D3 | B2: ='D3 RIN Forecast'!B15 -> 0 | C2: ='D3 RIN Forecast'!C15 -> 0 | D2: ='D3 RIN Forecast'!D15 -> 20069 | E2: ='D3 RIN Forecast'!E15 -> 422740 | F2: ='D3 RIN Forecast'!F15 -> 33360560 | G2: ='D3 RIN Forecast'!G15 -> 142040241 | H2: ='D3 RIN Forecast'!H15 -> 192361795 | I2: ='D3 RIN Forecast'!I15 -> 250624473 | ... AG2: ='D3 RIN Forecast'!AG15 -> 3.5998998e+09
A3: D4 | B3: ='D4 RIN Forecast'!B27 -> 323276448 | C3: ='D4 RIN Forecast'!C27 -> 1691614024 | D3: ='D4 RIN Forecast'!D27 -> 1737333997 | E3: ='D4 RIN Forecast'!E27 -> 2740474431 | F3: ='D4 RIN Forecast'!F27 -> 2709972461 | G3: ='D4 RIN Forecast'!G27 -> 2795798365 | H3: ='D4 RIN Forecast'!H27 -> 4008319745 | I3: ='D4 RIN Forecast'!I27 -> 3848913464 | ... AG3: ='D4 RIN Forecast'!AG27 -> 1.8235401e+10
A4: D5 | B4: ='D5 RIN Forecast'!B28 -> 28611632 | C4: ='D5 RIN Forecast'!C28 -> 228558018 | D4: ='D5 RIN Forecast'!D28 -> 627072689 | E4: ='D5 RIN Forecast'!E28 -> 557824688 | F4: ='D5 RIN Forecast'!F28 -> 143540533 | G4: ='D5 RIN Forecast'!G28 -> 147091443 | H4: ='D5 RIN Forecast'!H28 -> 98103017 | I4: ='D5 RIN Forecast'!I28 -> 143646572 | ... AG4: ='D5 RIN Forecast'!AG28 -> 1.4766143
A5: D6 | B5: ='D6 RIN Forecast'!B23 -> 6796087849 | C5: ='D6 RIN Forecast'!C23 -> 13615315697 | D5: ='D6 RIN Forecast'!D23 -> 12987841601 | E5: ='D6 RIN Forecast'!E23 -> 13350511585 | F5: ='D6 RIN Forecast'!F23 -> 14359064491 | G5: ='D6 RIN Forecast'!G23 -> 14845902013 | H5: ='D6 RIN Forecast'!H23 -> 15175717036 | I5: ='D6 RIN Forecast'!I23 -> 15109202482 | ... AA5: ='D6 RIN Forecast'!AA23 -> 95753853 | AB5: ='D6 RIN Forecast'!AC23 -> Total D6 Production | AC5: ='D6 RIN Forecast'!AD23 -> 1.0009219 | AD5: ='D6 RIN Forecast'!AE23 -> 1.0001532 | AE5: ='D6 RIN Forecast'!AF23 -> 1.0000287 | AF5: ='D6 RIN Forecast'!AG23 -> 1.0074896 | AG5: ='D6 RIN Forecast'!AH23 -> 1.0093183
A6: D7 | B6: ='D7 RIN Forecast'!B13 -> 0 | C6: ='D7 RIN Forecast'!C13 -> 0 | D6: ='D7 RIN Forecast'!D13 -> 1741 | E6: ='D7 RIN Forecast'!E13 -> 395777 | F6: ='D7 RIN Forecast'!F13 -> 59305 | G6: ='D7 RIN Forecast'!G13 -> 275315 | H6: ='D7 RIN Forecast'!H13 -> 534429 | I6: ='D7 RIN Forecast'!I13 -> 1743894 | ... AG6: ='D7 RIN Forecast'!AG13 -> 1.0655443
A7: Total | B7: =SUM(B2:B6) -> 7147975929 | C7: =SUM(C2:C6) -> 15535487739 | D7: =SUM(D2:D6) -> 15352270097 | E7: =SUM(E2:E6) -> 16649629221 | F7: =SUM(F2:F6) -> 17245997350 | G7: =SUM(G2:G6) -> 17931107377 | H7: =SUM(H2:H6) -> 19475036022 | I7: =SUM(I2:I6) -> 19354130885 | ... AG7: =SUM(AG2:AG6) -> 2.1835301e+10
A10: Mandate Requirement | H10: (Link to RIN Balance Sheet Forecast.xlsx & Mandate Projections.xlsx)
A11: D3 | C11: ='[1]RVO Forecast'!B$14 -> 0 | D11: ='[1]RVO Forecast'!C$14 -> 0 | E11: ='[1]RVO Forecast'!D$14 -> 800000 | F11: ='[1]RVO Forecast'!E$14 -> 33000000 | G11: ='[1]RVO Forecast'!F$14 -> 123000000 | H11: ='[1]RVO Forecast'!G$14 -> 230000000 | I11: ='[1]RVO Forecast'!H$14 -> 311000000 | J11: ='[2]10 Year RFS Curves (2020)'!C$17*1000000000 -> 288000000 | K11: ='[2]10 Year RFS Curves (2020)'!D$17*1000000000 -> 418000000 | L11: ='[2]10 Year RFS Curves (2020)'!E$17*1000000000 -> 510000000 | M11: ='[2]10 Year RFS Curves (2020)'!F$17*1000000000 -> 560000000 | N11: ='[2]10 Year RFS Curves (2020)'!G$17*1000000000 -> 630000000 | O11: ='[2]10 Year RFS Curves (2020)'!H$17*1000000000 -> 840000000 | P11: ='[2]10 Year RFS Curves (2020)'!I$17*1000000000 -> 1090000000 | Q11: ='[2]10 Year RFS Curves (2020)'!J$17*1000000000 -> 1380000000 | ... AG11: ='[2]10 Year RFS Curves (2020)'!Z$17*1000000000 -> 6250000000
A12: D4 | C12: ='[1]RVO Forecast'!B$10*'[1]RVO Forecast'!B$6 -> 1.2086802e+09 | D12: ='[1]RVO Forecast'!C$10*'[1]RVO Forecast'!C$6 -> 1.5177047e+09 | E12: ='[1]RVO Forecast'!D$10*'[1]RVO Forecast'!D$6 -> 1.9736613e+09 | F12: ='[1]RVO Forecast'!E$10*'[1]RVO Forecast'!E$6 -> 2.5254673e+09 | G12: ='[1]RVO Forecast'!F$10*'[1]RVO Forecast'!F$6 -> 2.6794228e+09 | H12: ='[1]RVO Forecast'!G$10*'[1]RVO Forecast'!G$6 -> 2.9275056e+09 | I12: ='[1]RVO Forecast'!H$10*'[1]RVO Forecast'!H$6 -> 3.0908781e+09 | J12: ='[2]10 Year RFS Curves (2020)'!C$13*'[1]RVO Forecast'!I$6*1000000000 -> 3.2476744e+09 | K12: ='[2]10 Year RFS Curves (2020)'!D$13*'[1]RVO Forecast'!J$6*1000000000 -> 3.2863397e+09 | L12: ='[2]10 Year RFS Curves (2020)'!E$13*'[1]RVO Forecast'!K$6*1000000000 -> 3.8018007e+09 | M12: ='[2]10 Year RFS Curves (2020)'!F$13*'[1]RVO Forecast'!L$6*1000000000 -> 3.8431071e+09 | N12: ='[2]10 Year RFS Curves (2020)'!G$13*'[1]RVO Forecast'!M$6*1000000000 -> 4.4190243e+09 | O12: ='[2]10 Year RFS Curves (2020)'!H$13*'[1]RVO Forecast'!N$6*1000000000 -> 4.5521539e+09 | P12: ='[2]10 Year RFS Curves (2020)'!I$13*'[1]RVO Forecast'!O$6*1000000000 -> 4.9443382e+09 | Q12: ='[2]10 Year RFS Curves (2020)'!J$13*'[1]RVO Forecast'!P$6*1000000000 -> 5.6967937e+09 | ... AG12: ='[2]10 Year RFS Curves (2020)'!Z$13*'[1]RVO Forecast'!AF$6*1000000000 -> 1.4355923e+10
A13: D5 | C13: =('[1]RVO Forecast'!B$18*'D5 RIN Forecast'!C29)-C12-C11 -> 2.2142913e+08 | D13: =('[1]RVO Forecast'!C$18*'D5 RIN Forecast'!D29)-D12-D11 -> 5.0945283e+08 | E13: =('[1]RVO Forecast'!D$18*'D5 RIN Forecast'!E29)-E12-E11 -> 8.4755893e+08 | F13: =('[1]RVO Forecast'!E$18*'D5 RIN Forecast'!F29)-F12-F11 -> 3.5761685e+08 | G13: =('[1]RVO Forecast'!F$18*'D5 RIN Forecast'!G29)-G12-G11 -> 3.2876032e+08 | H13: =('[1]RVO Forecast'!G$18*'D5 RIN Forecast'!H29)-H12-H11 -> 9.9911237e+08 | I13: =('[1]RVO Forecast'!H$18*'D5 RIN Forecast'!I29)-I12-I11 -> 1.3714699e+09 | J13: =(('[2]10 Year RFS Curves (2020)'!$E$20*1000000000)-J12-J11)*'D5 RIN Forecast'!J29 -> 1.2996616e+09 | K13: =(('[2]10 Year RFS Curves (2020)'!$E$20*1000000000)-K12-K11)*'D5 RIN Forecast'!K29 -> 1.0481742e+09 | L13: =(('[2]10 Year RFS Curves (2020)'!$E$20*1000000000)-L12-L11)*'D5 RIN Forecast'!L29 -> 3.7093708e+08 | M13: =(('[2]10 Year RFS Curves (2020)'!E$20*1000000000)-M12-M11)*'D5 RIN Forecast'!M29 -> 2.9804731e+08 | N13: =(('[2]10 Year RFS Curves (2020)'!F$20*1000000000)-N12-N11)*'D5 RIN Forecast'!N29 -> 1304378.7 | O13: =(('[2]10 Year RFS Curves (2020)'!G$20*1000000000)-O12-O11)*'D5 RIN Forecast'!O29 -> 3.3916103e+08 | P13: =(('[2]10 Year RFS Curves (2020)'!H$20*1000000000)-P12-P11)*'D5 RIN Forecast'!P29 -> -1.3930118e+08 | Q13: =(('[2]10 Year RFS Curves (2020)'!I$20*1000000000)-Q12-Q11)*'D5 RIN Forecast'!Q29 -> -7.8244361e+08 | R13: =(('[2]10 Year RFS Curves (2020)'!J$20*1000000000)-R12-R11)*'D5 RIN Forecast'!R29 -> -7.7419824e+08 | S13: =(('[2]10 Year RFS Curves (2020)'!K$20*1000000000)-S12-S11)*'D5 RIN Forecast'!S29 -> -7.9015934e+08 | T13: =(('[2]10 Year RFS Curves (2020)'!L$20*1000000000)-T12-T11)*'D5 RIN Forecast'!T29 -> -1.2085041e+09 | ... AG13: =(('[2]10 Year RFS Curves (2020)'!Y$20*1000000000)-AG12-AG11)*'D5 RIN Forecast'!AG29 -> 0
A14: D6 | C14: =C16-C13-C12-C11 -> 1.2519891e+10 | D14: =D16-D13-D12-D11 -> 1.3172842e+10 | E14: =E16-E13-E12-E11 -> 1.372798e+10 | F14: =F16-F13-F12-F11 -> 1.3363916e+10 | G14: =G16-G13-G12-G11 -> 1.3798817e+10 | H14: =H16-H13-H12-H11 -> 1.3953382e+10 | I14: =I16-I13-I12-I11 -> 1.4506652e+10 | J14: =J16-J13-J12-J11 -> 1.4454664e+10 | ... AG14: =AG16-AG13-AG12-AG11 -> 1.9094077e+10
A15: D7 | C15: =C16-SUM(C11:C14) -> 0 | D15: =D16-SUM(D11:D14) -> 0 | E15: =E16-SUM(E11:E14) -> 0 | F15: =F16-SUM(F11:F14) -> 0 | G15: =G16-SUM(G11:G14) -> 0 | H15: =H16-SUM(H11:H14) -> 0 | I15: =I16-SUM(I11:I14) -> 0 | J15: =J16-SUM(J11:J14) -> 0 | ... AG15: =AG16-SUM(AG11:AG14) -> 0
A16: Total | C16: ='[1]RVO Forecast'!B$8 -> 13950000000 | D16: ='[1]RVO Forecast'!C$8 -> 15200000000 | E16: ='[1]RVO Forecast'!D$8 -> 16550000000 | F16: ='[1]RVO Forecast'!E$8 -> 16280000000 | G16: ='[1]RVO Forecast'!F$8 -> 16930000000 | H16: ='[1]RVO Forecast'!G$8 -> 18110000000 | I16: ='[1]RVO Forecast'!H$8 -> 19280000000 | J16: ='[2]10 Year RFS Curves (2020)'!C$18*1000000000 -> 19290000000 | K16: ='[2]10 Year RFS Curves (2020)'!D$18*1000000000 -> 19920000000 | L16: ='[2]10 Year RFS Curves (2020)'!E$18*1000000000 -> 1.713e+10 | M16: ='[2]10 Year RFS Curves (2020)'!F$18*1000000000 -> 18840000000 | N16: ='[2]10 Year RFS Curves (2020)'!G$18*1000000000 -> 20630000000 | O16: ='[2]10 Year RFS Curves (2020)'!H$18*1000000000 -> 20940000000 | P16: ='[2]10 Year RFS Curves (2020)'!I$18*1000000000 -> 21540000000 | Q16: ='[2]10 Year RFS Curves (2020)'!J$18*1000000000 -> 22330000000 | ... AG16: ='[2]10 Year RFS Curves (2020)'!Z$18*1000000000 -> 39700000000
A17: Excess/Deficit | C17: =C7-C16 -> 1585487739 | D17: =D7-D16 -> 152270097 | E17: =E7-E16 -> 99629221 | F17: =F7-F16 -> 965997350 | G17: =G7-G16 -> 1001107377 | H17: =H7-H16 -> 1365036022 | I17: =I7-I16 -> 74130885 | J17: =J7-J16 -> 226130766 | ... AG17: =AG7-AG16 -> -1.7864699e+10
C19: =C17/B17-1 -> #DIV/0! | D19: =D17/C17-1 -> -0.90396009 | E19: =E17/D17-1 -> -0.34570725 | F19: =F17/E17-1 -> 8.6959239 | G19: =G17/F17-1 -> 0.036345883 | H19: =H17/G17-1 -> 0.36352608 | I19: =I17/H17-1 -> -0.94569309 | J19: =J17/I17-1 -> 2.0504258 | ... AG19: =AG17/AF17-1 -> -0.010887553

Sheet Monthly RIN Summary
A1: US Liquid Transportation Fuels - Monthly Summary
A2: BD - Total Supply | J2: VOLUMES SUMMARY
B3: 2010 | C3: 2011 | D3: 2012 | E3: 2013 | F3: 2014 | G3: 2015 | H3: 2016 | I3: 2017 | J3: 2018 | K3: 2019 | L3: 2020 | M3: 2021 | N3: 2022 | O3: 2023 | P3: 2024 | Q3: 2025 | R3: 2026 | S3: 2027 | T3: 2028 | U3: 2029 | V3: 2030 | W3: 2031 | X3: 2032 | Y3: 2033 | Z3: 2034 | AB3: Mo/Mo | AD3: 5-Yr Avg | AE3: Delta to 5-Yr | AF3: Yr/Yr Change | AG3: Daily Avg | AH3: 5-Yr Avg Daily | AI3: Delta to 5-yr
A4: January | B4: =B20+B36+B52 -> 0 | C4: =C20+C36+C52 -> 53460371 | D4: =D20+D36+D52 -> 91735219 | E4: =E20+E36+E52 -> 108211248 | F4: =F20+F36+F52 -> 88017643 | G4: =G20+G36+G52 -> 96760380 | H4: =H20+H36+H52 -> 159436597 | I4: =I20+I36+I52 -> 130690446 | ... Z4: =Z20+Z36+Z52 -> 1.5017646e+08 | AB4: =P4/O15-1 -> -0.20802254 | AD4: =AVERAGE(J4:N4) -> 1.7762542e+08 | AE4: =O4-AD4 -> 38572645 | AF4: =O4-N4 -> 61072320 | AG4: =O4/31 -> 6974131.1 | AH4: =AD4/31 -> 5729852.2 | AI4: =AG4-AH4 -> 1244278.9
A5: February | B5: =B21+B37+B53 -> 0 | C5: =C21+C37+C53 -> 64647906 | D5: =D21+D37+D53 -> 115556871 | E5: =E21+E37+E53 -> 116388329 | F5: =F21+F37+F53 -> 110633281 | G5: =G21+G37+G53 -> 101809800 | H5: =H21+H37+H53 -> 171267843 | I5: =I21+I37+I53 -> 162373986 | ... Z5: =Z21+Z37+Z53 -> 1.4626633e+08 | AB5: =P5/P4-1 -> 0.1098626 | AD5: =AVERAGE(J5:N5) -> 1.8889673e+08 | AE5: =O5-AD5 -> 44413473 | AF5: =O5-N5 -> 57528460 | AG5: =O5/28 -> 8332507.4 | AH5: =AD5/28 -> 6746311.9 | AI5: =AG5-AH5 -> 1586195.5
A6: March | B6: =B22+B38+B54 -> 0 | C6: =C22+C38+C54 -> 102224270 | D6: =D22+D38+D54 -> 150887615 | E6: =E22+E38+E54 -> 165601562 | F6: =F22+F38+F54 -> 155851633 | G6: =G22+G38+G54 -> 158719076 | H6: =H22+H38+H54 -> 204860404 | I6: =I22+I38+I54 -> 228068936 | ... Z6: =Z22+Z38+Z54 -> 1.6166912e+08 | AB6: =P6/P5-1 -> -0.087128857 | AD6: =AVERAGE(J6:N6) -> 2.4397859e+08 | AE6: =O6-AD6 -> 19537097 | AF6: =O6-N6 -> 25690992 | AG6: =O6/31 -> 8500506 | AH6: =AD6/31 -> 7870277.1 | AI6: =AG6-AH6 -> 630228.94
A7: April | B7: =B23+B39+B55 -> 0 | C7: =C23+C39+C55 -> 108769770 | D7: =D23+D39+D55 -> 142860867 | E7: =E23+E39+E55 -> 173751806 | F7: =F23+F39+F55 -> 163726463 | G7: =G23+G39+G55 -> 189460878 | H7: =H23+H39+H55 -> 240492224 | I7: =I23+I39+I55 -> 217770174 | ... Z7: =Z23+Z39+Z55 -> 1.9030096e+08 | AB7: =P7/P6-1 -> 0.13696833 | AD7: =AVERAGE(J7:N7) -> 254077351 | AE7: =O7-AD7 -> -874826 | AF7: =O7-N7 -> -8039057 | AG7: =O7/30 -> 8440084.2 | AH7: =AD7/30 -> 8469245 | AI7: =AG7-AH7 -> -29160.867
A8: May | B8: =B24+B40+B56 -> 0 | C8: =C24+C40+C56 -> 120193090 | D8: =D24+D40+D56 -> 171829201 | E8: =E24+E40+E56 -> 193525115 | F8: =F24+F40+F56 -> 177259223 | G8: =G24+G40+G56 -> 210593606 | H8: =H24+H40+H56 -> 274309169 | I8: =I24+I40+I56 -> 279161399 | ... Z8: =Z24+Z40+Z56 -> 1.9606787e+08 | AB8: =P8/P7-1 -> -0.041843569 | AD8: =AVERAGE(J8:N8) -> 2.5179075e+08 | AE8: =O8-AD8 -> 52732446 | AF8: =O8-N8 -> 77042908 | AG8: =O8/31 -> 9823328.9 | AH8: =AD8/31 -> 8122282.3 | AI8: =AG8-AH8 -> 1701046.6
A9: June | B9: =B25+B41+B57 -> 0 | C9: =C25+C41+C57 -> 122574789 | D9: =D25+D41+D57 -> 168738851 | E9: =E25+E41+E57 -> 198432964 | F9: =F25+F41+F57 -> 185622546 | G9: =G25+G41+G57 -> 234649781 | H9: =H25+H41+H57 -> 324296851 | I9: =I25+I41+I57 -> 343163868 | ... Z9: =Z25+Z41+Z57 -> 1.9446099e+08 | AB9: =P9/P8-1 -> -0.021761943 | AD9: =AVERAGE(J9:N9) -> 2.558307e+08 | AE9: =O9-AD9 -> 35451500 | AF9: =O9-N9 -> 48024414 | AG9: =O9/30 -> 9709406.6 | AH9: =AD9/30 -> 8527689.9 | AI9: =AG9-AH9 -> 1181716.7
A10: July | B10: =B26+B42+B58 -> 62112924 | C10: =C26+C42+C58 -> 134335324 | D10: =D26+D42+D58 -> 149991047 | E10: =E26+E42+E58 -> 202519351 | F10: =F26+F42+F58 -> 229400902 | G10: =G26+G42+G58 -> 269375677 | H10: =H26+H42+H58 -> 268691731 | I10: =I26+I42+I58 -> 307384801 | ... Z10: =Z26+Z42+Z58 -> 1.8692875e+08 | AB10: =P10/P9-1 -> -0.040128597 | AD10: =AVERAGE(J10:N10) -> 2.5564469e+08 | AE10: =O10-AD10 -> 3726786.4 | AF10: =O10-N10 -> 39976533 | AG10: =O10/31 -> 8366821.7 | AH10: =AD10/31 -> 8246602.8 | AI10: =AG10-AH10 -> 120218.92
A11: August | B11: =B27+B43+B59 -> 52018055 | C11: =C27+C43+C59 -> 155308133 | D11: =D27+D43+D59 -> 149631267 | E11: =E27+E43+E59 -> 223236330 | F11: =F27+F43+F59 -> 211923481 | G11: =G27+G43+G59 -> 259901938 | H11: =H27+H43+H59 -> 339249596 | I11: =I27+I43+I59 -> 314369851 | ... Z11: =Z27+Z43+Z59 -> 1.9529717e+08 | AB11: =P11/P10-1 -> -0.029283469 | AD11: =AVERAGE(J11:N11) -> 262998903 | AE11: =O11-AD11 -> 31963561 | AF11: =O11-N11 -> 44304960 | AG11: =O11/31 -> 9514918.2 | AH11: =AD11/31 -> 8483835.6 | AI11: =AG11-AH11 -> 1031082.6
A12: September | B12: =B28+B44+B60 -> 64091252 | C12: =C28+C44+C60 -> 178310819 | D12: =D28+D44+D60 -> 128016128 | E12: =E28+E44+E60 -> 221823136 | F12: =F28+F44+F60 -> 219356098 | G12: =G28+G44+G60 -> 214232248 | H12: =H28+H44+H60 -> 355260128 | I12: =I28+I44+I60 -> 264348723 | ... Z12: =Z28+Z44+Z60 -> 1.8591736e+08 | AB12: =P12/P11-1 -> -0.024416289 | AD12: =AVERAGE(J12:N12) -> 246584784 | AE12: =O12-AD12 -> 34669676 | AF12: =O12-N12 -> 39823223 | AG12: =O12/30 -> 9375148.7 | AH12: =AD12/30 -> 8219492.8 | AI12: =AG12-AH12 -> 1155655.9
A13: October | B13: =B29+B45+B61 -> 60800332 | C13: =C29+C45+C61 -> 177348208 | D13: =D29+D45+D61 -> 124842795 | E13: =E29+E45+E61 -> 229265467 | F13: =F29+F45+F61 -> 214826209 | G13: =G29+G45+G61 -> 231062872 | H13: =H29+H45+H61 -> 314969526 | I13: =I29+I45+I61 -> 279053614 | ... Z13: =Z29+Z45+Z61 -> 1.9239973e+08 | AB13: =P13/P12-1 -> 0.095419562 | AD13: =AVERAGE(J13:N13) -> 2.4894563e+08 | AE13: =O13-AD13 -> 53802928 | AF13: =O13-N13 -> 69689224 | AG13: =O13/31 -> 9766082.4 | AH13: =AD13/31 -> 8030504.1 | AI13: =AG13-AH13 -> 1735578.3
A14: November | B14: =B30+B46+B62 -> 49709181 | C14: =C30+C46+C62 -> 163468847 | D14: =D30+D46+D62 -> 103254007 | E14: =E30+E46+E62 -> 214069129 | F14: =F30+F46+F62 -> 194039547 | G14: =G30+G46+G62 -> 189643105 | H14: =H30+H46+H62 -> 338081756 | I14: =I30+I46+I62 -> 258321053 | ... Z14: =Z30+Z46+Z62 -> 1.8329896e+08 | AB14: =P14/P13-1 -> -0.1040344 | AD14: =AVERAGE(J14:N14) -> 240093018 | AE14: =O14-AD14 -> 27753109 | AF14: =O14-N14 -> 5174281 | AG14: =O14/30 -> 8928204.2 | AH14: =AD14/30 -> 8003100.6 | AI14: =AG14-AH14 -> 925103.63
A15: December | B15: =B31+B47+B63 -> 51716982 | C15: =C31+C47+C63 -> 241701411 | D15: =D31+D47+D63 -> 88441395 | E15: =E31+E47+E63 -> 309975408 | F15: =F31+F47+F63 -> 282456119 | G15: =G31+G47+G63 -> 228721670 | H15: =H31+H47+H63 -> 470027897 | I15: =I31+I47+I63 -> 290570548 | ... Z15: =Z31+Z47+Z63 -> 2.5856063e+08 | AB15: =P15/P14-1 -> 0.32077837 | AD15: =AVERAGE(J15:N15) -> 2.946943e+08 | AE15: =O15-AD15 -> 12362199 | AF15: =O15-N15 -> 24153998 | AG15: =O15/31 -> 9905048.2 | AH15: =AD15/31 -> 9506267.6 | AI15: =AG15-AH15 -> 398780.61
A16: Total | B16: =SUM(B4:B15) -> 340448726 | C16: =SUM(C4:C15) -> 1622342938 | D16: =SUM(D4:D15) -> 1585785263 | E16: =SUM(E4:E15) -> 2356799845 | F16: =SUM(F4:F15) -> 2233113145 | G16: =SUM(G4:G15) -> 2384931031 | H16: =SUM(H4:H15) -> 3460943722 | I16: =SUM(I4:I15) -> 3075277399 | ... Z16: =SUM(Z4:Z15) -> 2.2413443e+09 | AD16: =AVERAGE(J16:N16) -> 2.9211609e+09 | AE16: =O16-AD16 -> 3.5411059e+08
M17: =M9/L9-1 -> -0.056087438 | N17: =N9/M9-1 -> -0.057402429 | O17: =O9/N9-1 -> 0.1974219 | P17: =P9/O9-1 -> -0.098584123 | Q17: =Q9/P9-1 -> -0.036137011
A18: BD- Domestic
B19: 2010 | C19: 2011 | D19: 2012 | E19: 2013 | F19: 2014 | G19: 2015 | H19: 2016 | I19: 2017 | J19: 2018 | K19: 2019 | L19: 2020 | M19: 2021 | N19: 2022 | O19: 2023 | P19: 2024 | Q19: 2025 | R19: 2026 | S19: 2027 | T19: 2028 | U19: 2029 | V19: 2030 | W19: 2031 | X19: 2032 | Y19: 2033 | Z19: 2034 | AD19: 5-Yr Avg | AE19: Delta to 5-Yr | AF19: Yr/Yr Change | AG19: Daily Avg | AH19: 5-Yr Avg Daily | AI19: Delta to 5-yr
A20: January | B20: ='D4 RIN Forecast'!B67+'D6 RIN Forecast'!B65 -> 0 | C20: ='D4 RIN Forecast'!C67+'D6 RIN Forecast'!C65 -> 49505715 | D20: ='D4 RIN Forecast'!D67+'D6 RIN Forecast'!D65 -> 90177628 | E20: ='D4 RIN Forecast'!E67+'D6 RIN Forecast'!E65 -> 106747260 | F20: ='D4 RIN Forecast'!F67+'D6 RIN Forecast'!F65 -> 85044693 | G20: ='D4 RIN Forecast'!G67+'D6 RIN Forecast'!G65 -> 83820702 | H20: ='D4 RIN Forecast'!H67+'D6 RIN Forecast'!H65 -> 128359030 | I20: ='D4 RIN Forecast'!I67+'D6 RIN Forecast'!I65 -> 98905290 | ... Z20: ='D4 RIN Forecast'!Z67+'D6 RIN Forecast'!Z65 -> 1.3697125e+08 | AB20: =P20/O31-1 -> -0.10336317 | AD20: =AVERAGE(J20:N20) -> 160381245 | AE20: =O20-AD20 -> 18943067 | AF20: =O20-N20 -> 43250166 | AG20: =O20/31 -> 5784655.2 | AH20: =AD20/31 -> 5173588.5 | AI20: =AG20-AH20 -> 611066.68
A21: February | B21: ='D4 RIN Forecast'!B68+'D6 RIN Forecast'!B66 -> 0 | C21: ='D4 RIN Forecast'!C68+'D6 RIN Forecast'!C66 -> 62643821 | D21: ='D4 RIN Forecast'!D68+'D6 RIN Forecast'!D66 -> 109393639 | E21: ='D4 RIN Forecast'!E68+'D6 RIN Forecast'!E66 -> 111777887 | F21: ='D4 RIN Forecast'!F68+'D6 RIN Forecast'!F66 -> 104790611 | G21: ='D4 RIN Forecast'!G68+'D6 RIN Forecast'!G66 -> 94272146 | H21: ='D4 RIN Forecast'!H68+'D6 RIN Forecast'!H66 -> 150604717 | I21: ='D4 RIN Forecast'!I68+'D6 RIN Forecast'!I66 -> 117715768 | ... Z21: ='D4 RIN Forecast'!Z68+'D6 RIN Forecast'!Z66 -> 1.2832916e+08 | AB21: =P21/P20-1 -> 0.038101141 | AD21: =AVERAGE(J21:N21) -> 1.7436913e+08 | AE21: =O21-AD21 -> -2253436.2 | AF21: =O21-N21 -> 6449704 | AG21: =O21/28 -> 6146989.1 | AH21: =AD21/28 -> 6227468.9 | AI21: =AG21-AH21 -> -80479.864
A22: March | B22: ='D4 RIN Forecast'!B69+'D6 RIN Forecast'!B67 -> 0 | C22: ='D4 RIN Forecast'!C69+'D6 RIN Forecast'!C67 -> 95282780 | D22: ='D4 RIN Forecast'!D69+'D6 RIN Forecast'!D67 -> 142728693 | E22: ='D4 RIN Forecast'!E69+'D6 RIN Forecast'!E67 -> 151547391 | F22: ='D4 RIN Forecast'!F69+'D6 RIN Forecast'!F67 -> 136218938 | G22: ='D4 RIN Forecast'!G69+'D6 RIN Forecast'!G67 -> 138558203 | H22: ='D4 RIN Forecast'!H69+'D6 RIN Forecast'!H67 -> 190136699 | I22: ='D4 RIN Forecast'!I69+'D6 RIN Forecast'!I67 -> 167244013 | ... Z22: ='D4 RIN Forecast'!Z69+'D6 RIN Forecast'!Z67 -> 1.4694571e+08 | AB22: =P22/P21-1 -> 0.062608677 | AD22: =AVERAGE(J22:N22) -> 2.1874723e+08 | AE22: =O22-AD22 -> -22414198 | AF22: =O22-N22 -> -7470623 | AG22: =O22/31 -> 6333323.6 | AH22: =AD22/31 -> 7056362.3 | AI22: =AG22-AH22 -> -723038.63
A23: April | B23: ='D4 RIN Forecast'!B70+'D6 RIN Forecast'!B68 -> 0 | C23: ='D4 RIN Forecast'!C70+'D6 RIN Forecast'!C68 -> 105452128 | D23: ='D4 RIN Forecast'!D70+'D6 RIN Forecast'!D68 -> 138874229 | E23: ='D4 RIN Forecast'!E70+'D6 RIN Forecast'!E68 -> 166567889 | F23: ='D4 RIN Forecast'!F70+'D6 RIN Forecast'!F68 -> 155087236 | G23: ='D4 RIN Forecast'!G70+'D6 RIN Forecast'!G68 -> 159758471 | H23: ='D4 RIN Forecast'!H70+'D6 RIN Forecast'!H68 -> 189402641 | I23: ='D4 RIN Forecast'!I70+'D6 RIN Forecast'!I68 -> 186488747 | ... Z23: ='D4 RIN Forecast'!Z70+'D6 RIN Forecast'!Z68 -> 1.6431494e+08 | AB23: =P23/P22-1 -> 0.012438976 | AD23: =AVERAGE(J23:N23) -> 2.2307253e+08 | AE23: =O23-AD23 -> -22316720 | AF23: =O23-N23 -> -15675918 | AG23: =O23/30 -> 6691860.2 | AH23: =AD23/30 -> 7435750.8 | AI23: =AG23-AH23 -> -743890.67
A24: May | B24: ='D4 RIN Forecast'!B71+'D6 RIN Forecast'!B69 -> 0 | C24: ='D4 RIN Forecast'!C71+'D6 RIN Forecast'!C69 -> 116818196 | D24: ='D4 RIN Forecast'!D71+'D6 RIN Forecast'!D69 -> 161334404 | E24: ='D4 RIN Forecast'!E71+'D6 RIN Forecast'!E69 -> 178475401 | F24: ='D4 RIN Forecast'!F71+'D6 RIN Forecast'!F69 -> 165564869 | G24: ='D4 RIN Forecast'!G71+'D6 RIN Forecast'!G69 -> 182297711 | H24: ='D4 RIN Forecast'!H71+'D6 RIN Forecast'!H69 -> 202932173 | I24: ='D4 RIN Forecast'!I71+'D6 RIN Forecast'!I69 -> 220613882 | ... Z24: ='D4 RIN Forecast'!Z71+'D6 RIN Forecast'!Z69 -> 1.7552534e+08 | AB24: =P24/P23-1 -> 0.054775405 | AD24: =AVERAGE(J24:N24) -> 2.2915202e+08 | AE24: =O24-AD24 -> 16241374 | AF24: =O24-N24 -> 35578103 | AG24: =O24/31 -> 7915915.8 | AH24: =AD24/31 -> 7392000.5 | AI24: =AG24-AH24 -> 523915.28
A25: June | B25: ='D4 RIN Forecast'!B72+'D6 RIN Forecast'!B70 -> 0 | C25: ='D4 RIN Forecast'!C72+'D6 RIN Forecast'!C70 -> 117309621 | D25: ='D4 RIN Forecast'!D72+'D6 RIN Forecast'!D70 -> 159922530 | E25: ='D4 RIN Forecast'!E72+'D6 RIN Forecast'!E70 -> 176312176 | F25: ='D4 RIN Forecast'!F72+'D6 RIN Forecast'!F70 -> 170513120 | G25: ='D4 RIN Forecast'!G72+'D6 RIN Forecast'!G70 -> 196381872 | H25: ='D4 RIN Forecast'!H72+'D6 RIN Forecast'!H70 -> 213893848 | I25: ='D4 RIN Forecast'!I72+'D6 RIN Forecast'!I70 -> 217519524 | ... Z25: ='D4 RIN Forecast'!Z72+'D6 RIN Forecast'!Z70 -> 1.717259e+08 | AB25: =P25/P24-1 -> -0.057375025 | AD25: =AVERAGE(J25:N25) -> 2.3024789e+08 | AE25: =O25-AD25 -> -735568.2 | AF25: =O25-N25 -> 15226807 | AG25: =O25/30 -> 7650410.8 | AH25: =AD25/30 -> 7674929.7 | AI25: =AG25-AH25 -> -24518.94
A26: July | B26: ='D4 RIN Forecast'!B73+'D6 RIN Forecast'!B71 -> 60046808 | C26: ='D4 RIN Forecast'!C73+'D6 RIN Forecast'!C71 -> 130553614 | D26: ='D4 RIN Forecast'!D73+'D6 RIN Forecast'!D71 -> 146015297 | E26: ='D4 RIN Forecast'!E73+'D6 RIN Forecast'!E71 -> 192739252 | F26: ='D4 RIN Forecast'!F73+'D6 RIN Forecast'!F71 -> 192369023 | G26: ='D4 RIN Forecast'!G73+'D6 RIN Forecast'!G71 -> 193761954 | H26: ='D4 RIN Forecast'!H73+'D6 RIN Forecast'!H71 -> 206947515 | I26: ='D4 RIN Forecast'!I73+'D6 RIN Forecast'!I71 -> 225438450 | ... Z26: ='D4 RIN Forecast'!Z73+'D6 RIN Forecast'!Z71 -> 1.7088147e+08 | AB26: =P26/P25-1 -> 0.07619538 | AD26: =AVERAGE(J26:N26) -> 235925377 | AE26: =O26-AD26 -> -22032837 | AF26: =O26-N26 -> 7571176 | AG26: =O26/31 -> 6899759.4 | AH26: =AD26/31 -> 7610496 | AI26: =AG26-AH26 -> -710736.68
A27: August | B27: ='D4 RIN Forecast'!B74+'D6 RIN Forecast'!B72 -> 48544802 | C27: ='D4 RIN Forecast'!C74+'D6 RIN Forecast'!C72 -> 151432346 | D27: ='D4 RIN Forecast'!D74+'D6 RIN Forecast'!D72 -> 144532117 | E27: ='D4 RIN Forecast'!E74+'D6 RIN Forecast'!E72 -> 194833580 | F27: ='D4 RIN Forecast'!F74+'D6 RIN Forecast'!F72 -> 191179106 | G27: ='D4 RIN Forecast'!G74+'D6 RIN Forecast'!G72 -> 188418440 | H27: ='D4 RIN Forecast'!H74+'D6 RIN Forecast'!H72 -> 242472692 | I27: ='D4 RIN Forecast'!I74+'D6 RIN Forecast'!I72 -> 236308169 | ... Z27: ='D4 RIN Forecast'!Z74+'D6 RIN Forecast'!Z72 -> 1.7636565e+08 | AB27: =P27/P26-1 -> -0.047797686 | AD27: =AVERAGE(J27:N27) -> 2.4364499e+08 | AE27: =O27-AD27 -> -15042477 | AF27: =O27-N27 -> 850029 | AG27: =O27/31 -> 7374274.5 | AH27: =AD27/31 -> 7859515.7 | AI27: =AG27-AH27 -> -485241.19
A28: September | B28: ='D4 RIN Forecast'!B75+'D6 RIN Forecast'!B73 -> 62227635 | C28: ='D4 RIN Forecast'!C75+'D6 RIN Forecast'!C73 -> 171343325 | D28: ='D4 RIN Forecast'!D75+'D6 RIN Forecast'!D73 -> 122010608 | E28: ='D4 RIN Forecast'!E75+'D6 RIN Forecast'!E73 -> 191475561 | F28: ='D4 RIN Forecast'!F75+'D6 RIN Forecast'!F73 -> 186805724 | G28: ='D4 RIN Forecast'!G75+'D6 RIN Forecast'!G73 -> 176746378 | H28: ='D4 RIN Forecast'!H75+'D6 RIN Forecast'!H73 -> 219999073 | I28: ='D4 RIN Forecast'!I75+'D6 RIN Forecast'!I73 -> 222502704 | ... Z28: ='D4 RIN Forecast'!Z75+'D6 RIN Forecast'!Z73 -> 1.6636636e+08 | AB28: =P28/P27-1 -> -0.044250494 | AD28: =AVERAGE(J28:N28) -> 2.2510127e+08 | AE28: =O28-AD28 -> -7768579.8 | AF28: =O28-N28 -> 4538569 | AG28: =O28/30 -> 7244422.9 | AH28: =AD28/30 -> 7503375.5 | AI28: =AG28-AH28 -> -258952.66
A29: October | B29: ='D4 RIN Forecast'!B76+'D6 RIN Forecast'!B74 -> 55401703 | C29: ='D4 RIN Forecast'!C76+'D6 RIN Forecast'!C74 -> 170518143 | D29: ='D4 RIN Forecast'!D76+'D6 RIN Forecast'!D74 -> 121070256 | E29: ='D4 RIN Forecast'!E76+'D6 RIN Forecast'!E74 -> 197165873 | F29: ='D4 RIN Forecast'!F76+'D6 RIN Forecast'!F74 -> 182009700 | G29: ='D4 RIN Forecast'!G76+'D6 RIN Forecast'!G74 -> 157548483 | H29: ='D4 RIN Forecast'!H76+'D6 RIN Forecast'!H74 -> 214630895 | I29: ='D4 RIN Forecast'!I76+'D6 RIN Forecast'!I74 -> 224025048 | ... Z29: ='D4 RIN Forecast'!Z76+'D6 RIN Forecast'!Z74 -> 1.7026134e+08 | AB29: =P29/P28-1 -> 0.11449579 | AD29: =AVERAGE(J29:N29) -> 223564244 | AE29: =O29-AD29 -> -6381762 | AF29: =O29-N29 -> 10119637 | AG29: =O29/31 -> 7005886.5 | AH29: =AD29/31 -> 7211749.8 | AI29: =AG29-AH29 -> -205863.29
A30: November | B30: ='D4 RIN Forecast'!B77+'D6 RIN Forecast'!B75 -> 46723240 | C30: ='D4 RIN Forecast'!C77+'D6 RIN Forecast'!C75 -> 158676803 | D30: ='D4 RIN Forecast'!D77+'D6 RIN Forecast'!D75 -> 102039479 | E30: ='D4 RIN Forecast'!E77+'D6 RIN Forecast'!E75 -> 167853726 | F30: ='D4 RIN Forecast'!F77+'D6 RIN Forecast'!F75 -> 146017555 | G30: ='D4 RIN Forecast'!G77+'D6 RIN Forecast'!G75 -> 144716848 | H30: ='D4 RIN Forecast'!H77+'D6 RIN Forecast'!H75 -> 209563982 | I30: ='D4 RIN Forecast'!I77+'D6 RIN Forecast'!I75 -> 221747652 | ... Z30: ='D4 RIN Forecast'!Z77+'D6 RIN Forecast'!Z75 -> 1.62024e+08 | AB30: =P30/P29-1 -> -0.097842572 | AD30: =AVERAGE(J30:N30) -> 2.0847284e+08 | AE30: =O30-AD30 -> -4438975.6 | AF30: =O30-N30 -> -7911839 | AG30: =O30/30 -> 6801129 | AH30: =AD30/30 -> 6949094.8 | AI30: =AG30-AH30 -> -147965.85
A31: December | B31: ='D4 RIN Forecast'!B78+'D6 RIN Forecast'!B76 -> 48773232 | C31: ='D4 RIN Forecast'!C78+'D6 RIN Forecast'!C76 -> 226116883 | D31: ='D4 RIN Forecast'!D78+'D6 RIN Forecast'!D76 -> 87343021 | E31: ='D4 RIN Forecast'!E78+'D6 RIN Forecast'!E76 -> 241422711 | F31: ='D4 RIN Forecast'!F78+'D6 RIN Forecast'!F76 -> 245247049 | G31: ='D4 RIN Forecast'!G78+'D6 RIN Forecast'!G76 -> 165151789 | H31: ='D4 RIN Forecast'!H78+'D6 RIN Forecast'!H76 -> 280747118 | I31: ='D4 RIN Forecast'!I78+'D6 RIN Forecast'!I76 -> 243895276 | ... Z31: ='D4 RIN Forecast'!Z78+'D6 RIN Forecast'!Z76 -> 2.0913292e+08 | AB31: =P31/P30-1 -> 0.31293712 | AD31: =AVERAGE(J31:N31) -> 2.430361e+08 | AE31: =O31-AD31 -> -39263884 | AF31: =O31-N31 -> -14616922 | AG31: =O31/31 -> 6573297.3 | AH31: =AD31/31 -> 7839874.2 | AI31: =AG31-AH31 -> -1266576.9
A32: Total | B32: =SUM(B20:B31) -> 321717420 | C32: =SUM(C20:C31) -> 1555653375 | D32: =SUM(D20:D31) -> 1525441901 | E32: =SUM(E20:E31) -> 2076918707 | F32: =SUM(F20:F31) -> 1960847624 | G32: =SUM(G20:G31) -> 1881432997 | H32: =SUM(H20:H31) -> 2449690383 | I32: =SUM(I20:I31) -> 2382404523 | ... Z32: =SUM(Z20:Z31) -> 1.9788441e+09 | AD32: =AVERAGE(J32:N32) -> 2.6157149e+09 | AE32: =O32-AD32 -> -1.07464e+08
M33: =M25/L25-1 -> -0.066833027 | N33: =N25/M25-1 -> -0.075115938 | O33: =O25/N25-1 -> 0.071058498 | P33: =P25/O25-1 -> -0.11603239 | Q33: =Q25/P25-1 -> 0.034327237
A34: BD - Imports
B35: 2010 | C35: 2011 | D35: 2012 | E35: 2013 | F35: 2014 | G35: 2015 | H35: 2016 | I35: 2017 | J35: 2018 | K35: 2019 | L35: 2020 | M35: 2021 | N35: 2022 | O35: 2023 | P35: 2024 | Q35: 2025 | R35: 2026 | S35: 2027 | T35: 2028 | U35: 2029 | V35: 2030 | W35: 2031 | X35: 2032 | Y35: 2033 | Z35: 2034 | AD35: 5-Yr Avg | AE35: Delta to 5-Yr | AF35: Yr/Yr Change | AG35: Daily Avg | AH35: 5-Yr Avg Daily | AI35: Delta to 5-yr
A36: January | B36: ='D4 RIN Forecast'!B99+'D6 RIN Forecast'!B81 -> 0 | C36: ='D4 RIN Forecast'!C99+'D6 RIN Forecast'!C81 -> 3954656 | D36: ='D4 RIN Forecast'!D99+'D6 RIN Forecast'!D81 -> 1557591 | E36: ='D4 RIN Forecast'!E99+'D6 RIN Forecast'!E81 -> 1463988 | F36: ='D4 RIN Forecast'!F99+'D6 RIN Forecast'!F81 -> 2972950 | G36: ='D4 RIN Forecast'!G99+'D6 RIN Forecast'!G81 -> 12939678 | H36: ='D4 RIN Forecast'!H99+'D6 RIN Forecast'!H81 -> 31077567 | I36: ='D4 RIN Forecast'!I99+'D6 RIN Forecast'!I81 -> 31785156 | ... Z36: ='D4 RIN Forecast'!Z99+'D6 RIN Forecast'!Z81 -> 13205206 | AB36: =P36/O47-1 -> -0.4145077 | AD36: =AVERAGE(J36:N36) -> 17244173 | AE36: =O36-AD36 -> 19629578 | AF36: =O36-N36 -> 17822154 | AG36: =O36/31 -> 1189475.8 | AH36: =AD36/31 -> 556263.66 | AI36: =AG36-AH36 -> 633212.18
A37: February | B37: ='D4 RIN Forecast'!B100+'D6 RIN Forecast'!B82 -> 0 | C37: ='D4 RIN Forecast'!C100+'D6 RIN Forecast'!C82 -> 2004085 | D37: ='D4 RIN Forecast'!D100+'D6 RIN Forecast'!D82 -> 6033036 | E37: ='D4 RIN Forecast'!E100+'D6 RIN Forecast'!E82 -> 4610442 | F37: ='D4 RIN Forecast'!F100+'D6 RIN Forecast'!F82 -> 5842670 | G37: ='D4 RIN Forecast'!G100+'D6 RIN Forecast'!G82 -> 7537654 | H37: ='D4 RIN Forecast'!H100+'D6 RIN Forecast'!H82 -> 20663126 | I37: ='D4 RIN Forecast'!I100+'D6 RIN Forecast'!I82 -> 44658218 | ... Z37: ='D4 RIN Forecast'!Z100+'D6 RIN Forecast'!Z82 -> 17937163 | AB37: =P37/P36-1 -> 0.32668163 | AD37: =AVERAGE(J37:N37) -> 14527604 | AE37: =O37-AD37 -> 46666909 | AF37: =O37-N37 -> 51078756 | AG37: =O37/28 -> 2185518.3 | AH37: =AD37/28 -> 518843 | AI37: =AG37-AH37 -> 1666675.3
A38: March | B38: ='D4 RIN Forecast'!B101+'D6 RIN Forecast'!B83 -> 0 | C38: ='D4 RIN Forecast'!C101+'D6 RIN Forecast'!C83 -> 6941490 | D38: ='D4 RIN Forecast'!D101+'D6 RIN Forecast'!D83 -> 6465141 | E38: ='D4 RIN Forecast'!E101+'D6 RIN Forecast'!E83 -> 14054171 | F38: ='D4 RIN Forecast'!F101+'D6 RIN Forecast'!F83 -> 19632695 | G38: ='D4 RIN Forecast'!G101+'D6 RIN Forecast'!G83 -> 20160873 | H38: ='D4 RIN Forecast'!H101+'D6 RIN Forecast'!H83 -> 14723705 | I38: ='D4 RIN Forecast'!I101+'D6 RIN Forecast'!I83 -> 60824923 | ... Z38: ='D4 RIN Forecast'!Z101+'D6 RIN Forecast'!Z83 -> 14723408 | AB38: =P38/P37-1 -> -0.44113416 | AD38: =AVERAGE(J38:N38) -> 25231359 | AE38: =O38-AD38 -> 41951295 | AF38: =O38-N38 -> 33161615 | AG38: =O38/31 -> 2167182.4 | AH38: =AD38/31 -> 813914.81 | AI38: =AG38-AH38 -> 1353267.6
A39: April | B39: ='D4 RIN Forecast'!B102+'D6 RIN Forecast'!B84 -> 0 | C39: ='D4 RIN Forecast'!C102+'D6 RIN Forecast'!C84 -> 3317642 | D39: ='D4 RIN Forecast'!D102+'D6 RIN Forecast'!D84 -> 3986638 | E39: ='D4 RIN Forecast'!E102+'D6 RIN Forecast'!E84 -> 7183917 | F39: ='D4 RIN Forecast'!F102+'D6 RIN Forecast'!F84 -> 8639227 | G39: ='D4 RIN Forecast'!G102+'D6 RIN Forecast'!G84 -> 29702407 | H39: ='D4 RIN Forecast'!H102+'D6 RIN Forecast'!H84 -> 51089583 | I39: ='D4 RIN Forecast'!I102+'D6 RIN Forecast'!I84 -> 31281427 | ... Z39: ='D4 RIN Forecast'!Z102+'D6 RIN Forecast'!Z84 -> 25986020 | AB39: =P39/P38-1 -> 0.69674735 | AD39: =AVERAGE(J39:N39) -> 31004826 | AE39: =O39-AD39 -> 21441894 | AF39: =O39-N39 -> 7636861 | AG39: =O39/30 -> 1748224 | AH39: =AD39/30 -> 1033494.2 | AI39: =AG39-AH39 -> 714729.81
A40: May | B40: ='D4 RIN Forecast'!B103+'D6 RIN Forecast'!B85 -> 0 | C40: ='D4 RIN Forecast'!C103+'D6 RIN Forecast'!C85 -> 3374894 | D40: ='D4 RIN Forecast'!D103+'D6 RIN Forecast'!D85 -> 3198200 | E40: ='D4 RIN Forecast'!E103+'D6 RIN Forecast'!E85 -> 15049714 | F40: ='D4 RIN Forecast'!F103+'D6 RIN Forecast'!F85 -> 11694354 | G40: ='D4 RIN Forecast'!G103+'D6 RIN Forecast'!G85 -> 28295895 | H40: ='D4 RIN Forecast'!H103+'D6 RIN Forecast'!H85 -> 71376996 | I40: ='D4 RIN Forecast'!I103+'D6 RIN Forecast'!I85 -> 58547517 | ... Z40: ='D4 RIN Forecast'!Z103+'D6 RIN Forecast'!Z85 -> 20542530 | AB40: =P40/P39-1 -> -0.30099821 | AD40: =AVERAGE(J40:N40) -> 22638735 | AE40: =O40-AD40 -> 36491072 | AF40: =O40-N40 -> 41464805 | AG40: =O40/31 -> 1907413.1 | AH40: =AD40/31 -> 730281.78 | AI40: =AG40-AH40 -> 1177131.3
A41: June | B41: ='D4 RIN Forecast'!B104+'D6 RIN Forecast'!B86 -> 0 | C41: ='D4 RIN Forecast'!C104+'D6 RIN Forecast'!C86 -> 5265168 | D41: ='D4 RIN Forecast'!D104+'D6 RIN Forecast'!D86 -> 8816321 | E41: ='D4 RIN Forecast'!E104+'D6 RIN Forecast'!E86 -> 22120788 | F41: ='D4 RIN Forecast'!F104+'D6 RIN Forecast'!F86 -> 15109426 | G41: ='D4 RIN Forecast'!G104+'D6 RIN Forecast'!G86 -> 38267909 | H41: ='D4 RIN Forecast'!H104+'D6 RIN Forecast'!H86 -> 110403003 | I41: ='D4 RIN Forecast'!I104+'D6 RIN Forecast'!I86 -> 125644344 | ... Z41: ='D4 RIN Forecast'!Z104+'D6 RIN Forecast'!Z86 -> 22735086 | AB41: =P41/P40-1 -> 0.12237915 | AD41: =AVERAGE(J41:N41) -> 25582805 | AE41: =O41-AD41 -> 36187068 | AF41: =O41-N41 -> 32797607 | AG41: =O41/30 -> 2058995.8 | AH41: =AD41/30 -> 852760.15 | AI41: =AG41-AH41 -> 1206235.6
A42: July | B42: ='D4 RIN Forecast'!B105+'D6 RIN Forecast'!B87 -> 2066116 | C42: ='D4 RIN Forecast'!C105+'D6 RIN Forecast'!C87 -> 3781710 | D42: ='D4 RIN Forecast'!D105+'D6 RIN Forecast'!D87 -> 3975750 | E42: ='D4 RIN Forecast'!E105+'D6 RIN Forecast'!E87 -> 9780099 | F42: ='D4 RIN Forecast'!F105+'D6 RIN Forecast'!F87 -> 37031879 | G42: ='D4 RIN Forecast'!G105+'D6 RIN Forecast'!G87 -> 75613723 | H42: ='D4 RIN Forecast'!H105+'D6 RIN Forecast'!H87 -> 61744216 | I42: ='D4 RIN Forecast'!I105+'D6 RIN Forecast'!I87 -> 81946351 | ... Z42: ='D4 RIN Forecast'!Z105+'D6 RIN Forecast'!Z87 -> 16047281 | AB42: =P42/P41-1 -> -0.43553788 | AD42: =AVERAGE(J42:N42) -> 19719310 | AE42: =O42-AD42 -> 25759623 | AF42: =O42-N42 -> 32405357 | AG42: =O42/31 -> 1467062.4 | AH42: =AD42/31 -> 636106.76 | AI42: =AG42-AH42 -> 830955.59
A43: August | B43: ='D4 RIN Forecast'!B106+'D6 RIN Forecast'!B88 -> 3473253 | C43: ='D4 RIN Forecast'!C106+'D6 RIN Forecast'!C88 -> 3875787 | D43: ='D4 RIN Forecast'!D106+'D6 RIN Forecast'!D88 -> 5099150 | E43: ='D4 RIN Forecast'!E106+'D6 RIN Forecast'!E88 -> 26136096 | F43: ='D4 RIN Forecast'!F106+'D6 RIN Forecast'!F88 -> 20744375 | G43: ='D4 RIN Forecast'!G106+'D6 RIN Forecast'!G88 -> 71483498 | H43: ='D4 RIN Forecast'!H106+'D6 RIN Forecast'!H88 -> 96776904 | I43: ='D4 RIN Forecast'!I106+'D6 RIN Forecast'!I88 -> 78061682 | ... Z43: ='D4 RIN Forecast'!Z106+'D6 RIN Forecast'!Z88 -> 18931517 | AB43: =P43/P42-1 -> 0.090704937 | AD43: =AVERAGE(J43:N43) -> 19353916 | AE43: =O43-AD43 -> 47006038 | AF43: =O43-N43 -> 43454931 | AG43: =O43/31 -> 2140643.7 | AH43: =AD43/31 -> 624319.88 | AI43: =AG43-AH43 -> 1516323.8
A44: September | B44: ='D4 RIN Forecast'!B107+'D6 RIN Forecast'!B89 -> 1863617 | C44: ='D4 RIN Forecast'!C107+'D6 RIN Forecast'!C89 -> 6967494 | D44: ='D4 RIN Forecast'!D107+'D6 RIN Forecast'!D89 -> 6005520 | E44: ='D4 RIN Forecast'!E107+'D6 RIN Forecast'!E89 -> 30347575 | F44: ='D4 RIN Forecast'!F107+'D6 RIN Forecast'!F89 -> 32550374 | G44: ='D4 RIN Forecast'!G107+'D6 RIN Forecast'!G89 -> 37485870 | H44: ='D4 RIN Forecast'!H107+'D6 RIN Forecast'!H89 -> 135261055 | I44: ='D4 RIN Forecast'!I107+'D6 RIN Forecast'!I89 -> 41846019 | ... Z44: ='D4 RIN Forecast'!Z107+'D6 RIN Forecast'!Z89 -> 19551003 | AB44: =P44/P43-1 -> 0.087803819 | AD44: =AVERAGE(J44:N44) -> 21483518 | AE44: =O44-AD44 -> 42438256 | AF44: =O44-N44 -> 35284654 | AG44: =O44/30 -> 2130725.8 | AH44: =AD44/30 -> 716117.27 | AI44: =AG44-AH44 -> 1414608.5
A45: October | B45: ='D4 RIN Forecast'!B108+'D6 RIN Forecast'!B90 -> 5398629 | C45: ='D4 RIN Forecast'!C108+'D6 RIN Forecast'!C90 -> 6830065 | D45: ='D4 RIN Forecast'!D108+'D6 RIN Forecast'!D90 -> 2720250 | E45: ='D4 RIN Forecast'!E108+'D6 RIN Forecast'!E90 -> 32099594 | F45: ='D4 RIN Forecast'!F108+'D6 RIN Forecast'!F90 -> 32816509 | G45: ='D4 RIN Forecast'!G108+'D6 RIN Forecast'!G90 -> 73514389 | H45: ='D4 RIN Forecast'!H108+'D6 RIN Forecast'!H90 -> 100338631 | I45: ='D4 RIN Forecast'!I108+'D6 RIN Forecast'!I90 -> 55028566 | ... Z45: ='D4 RIN Forecast'!Z108+'D6 RIN Forecast'!Z90 -> 22138385 | AB45: =P45/P44-1 -> 0.0005903862 | AD45: =AVERAGE(J45:N45) -> 25381383 | AE45: =O45-AD45 -> 60184690 | AF45: =O45-N45 -> 59569587 | AG45: =O45/31 -> 2760195.9 | AH45: =AD45/31 -> 818754.3 | AI45: =AG45-AH45 -> 1941441.6
A46: November | B46: ='D4 RIN Forecast'!B109+'D6 RIN Forecast'!B91 -> 2985941 | C46: ='D4 RIN Forecast'!C109+'D6 RIN Forecast'!C91 -> 4792044 | D46: ='D4 RIN Forecast'!D109+'D6 RIN Forecast'!D91 -> 1214528 | E46: ='D4 RIN Forecast'!E109+'D6 RIN Forecast'!E91 -> 44295911 | F46: ='D4 RIN Forecast'!F109+'D6 RIN Forecast'!F91 -> 48021992 | G46: ='D4 RIN Forecast'!G109+'D6 RIN Forecast'!G91 -> 44926257 | H46: ='D4 RIN Forecast'!H109+'D6 RIN Forecast'!H91 -> 128517774 | I46: ='D4 RIN Forecast'!I109+'D6 RIN Forecast'!I91 -> 36573401 | ... Z46: ='D4 RIN Forecast'!Z109+'D6 RIN Forecast'!Z91 -> 21274959 | AB46: =P46/P45-1 -> -0.13831833 | AD46: =AVERAGE(J46:N46) -> 31620173 | AE46: =O46-AD46 -> 32192085 | AF46: =O46-N46 -> 13086120 | AG46: =O46/30 -> 2127075.3 | AH46: =AD46/30 -> 1054005.8 | AI46: =AG46-AH46 -> 1073069.5
A47: December | B47: ='D4 RIN Forecast'!B110+'D6 RIN Forecast'!B92 -> 2943750 | C47: ='D4 RIN Forecast'!C110+'D6 RIN Forecast'!C92 -> 15584528 | D47: ='D4 RIN Forecast'!D110+'D6 RIN Forecast'!D92 -> 1098374 | E47: ='D4 RIN Forecast'!E110+'D6 RIN Forecast'!E92 -> 68552697 | F47: ='D4 RIN Forecast'!F110+'D6 RIN Forecast'!F92 -> 37209070 | G47: ='D4 RIN Forecast'!G110+'D6 RIN Forecast'!G92 -> 63569881 | H47: ='D4 RIN Forecast'!H110+'D6 RIN Forecast'!H92 -> 189280779 | I47: ='D4 RIN Forecast'!I110+'D6 RIN Forecast'!I92 -> 46675272 | ... Z47: ='D4 RIN Forecast'!Z110+'D6 RIN Forecast'!Z92 -> 49427711 | AB47: =P47/P46-1 -> 0.36623449 | AD47: =AVERAGE(J47:N47) -> 51658195 | AE47: =O47-AD47 -> 51626083 | AF47: =O47-N47 -> 38770920 | AG47: =O47/31 -> 3331750.9 | AH47: =AD47/31 -> 1666393.4 | AI47: =AG47-AH47 -> 1665357.5
A48: Total | B48: =SUM(B36:B47) -> 18731306 | C48: =SUM(C36:C47) -> 66689563 | D48: =SUM(D36:D47) -> 50170499 | E48: =SUM(E36:E47) -> 275694992 | F48: =SUM(F36:F47) -> 272265521 | G48: =SUM(G36:G47) -> 503498034 | H48: =SUM(H36:H47) -> 1011253339 | I48: =SUM(I36:I47) -> 692872876 | ... Z48: =SUM(Z36:Z47) -> 2.6250027e+08 | AD48: =AVERAGE(J48:N48) -> 305445998 | AE48: =O48-AD48 -> 461574590
M49: =M41/L41-1 -> 0.050104124 | N49: =N41/M41-1 -> 0.098155232 | O49: =O41/N41-1 -> 1.1320346 | P49: =P41/O41-1 -> -0.033753283 | Q49: =Q41/P41-1 -> -0.27565958
A50: BD - Foreign Generation
B51: 2010 | C51: 2011 | D51: 2012 | E51: 2013 | F51: 2014 | G51: 2015 | H51: 2016 | I51: 2017 | J51: 2018 | K51: 2019 | L51: 2020 | M51: 2021 | N51: 2022 | O51: 2023 | P51: 2024 | Q51: 2025 | R51: 2026 | S51: 2027 | T51: 2028 | U51: 2029 | V51: 2030 | W51: 2031 | X51: 2032 | Y51: 2033 | Z51: 2034 | AD51: 5-Yr Avg | AE51: Delta to 5-Yr | AF51: Yr/Yr Change | AG51: Daily Avg | AH51: 5-Yr Avg Daily | AI51: Delta to 5-yr
A52: January | B52: ='D4 RIN Forecast'!B83 -> 0 | C52: ='D4 RIN Forecast'!C83 -> 0 | D52: ='D4 RIN Forecast'!D83 -> 0 | E52: ='D4 RIN Forecast'!E83 -> 0 | F52: ='D4 RIN Forecast'!F83 -> 0 | G52: ='D4 RIN Forecast'!G83 -> 0 | H52: ='D4 RIN Forecast'!H83 -> 0 | I52: ='D4 RIN Forecast'!I83 -> 0 | ... Z52: ='D4 RIN Forecast'!Z83 -> 0 | AD52: =AVERAGE(J52:N52) -> 0 | AE52: =O52-AD52 -> 0 | AF52: =O52-N52 -> 0 | AG52: =O52/31 -> 0 | AH52: =AD52/31 -> 0 | AI52: =AG52-AH52 -> 0
A53: February | B53: ='D4 RIN Forecast'!B84 -> 0 | C53: ='D4 RIN Forecast'!C84 -> 0 | D53: ='D4 RIN Forecast'!D84 -> 130196 | E53: ='D4 RIN Forecast'!E84 -> 0 | F53: ='D4 RIN Forecast'!F84 -> 0 | G53: ='D4 RIN Forecast'!G84 -> 0 | H53: ='D4 RIN Forecast'!H84 -> 0 | I53: ='D4 RIN Forecast'!I84 -> 0 | ... Z53: ='D4 RIN Forecast'!Z84 -> 0 | AD53: =AVERAGE(J53:N53) -> 0 | AE53: =O53-AD53 -> 0 | AF53: =O53-N53 -> 0 | AG53: =O53/28 -> 0 | AH53: =AD53/28 -> 0 | AI53: =AG53-AH53 -> 0
A54: March | B54: ='D4 RIN Forecast'!B85 -> 0 | C54: ='D4 RIN Forecast'!C85 -> 0 | D54: ='D4 RIN Forecast'!D85 -> 1693781 | E54: ='D4 RIN Forecast'!E85 -> 0 | F54: ='D4 RIN Forecast'!F85 -> 0 | G54: ='D4 RIN Forecast'!G85 -> 0 | H54: ='D4 RIN Forecast'!H85 -> 0 | I54: ='D4 RIN Forecast'!I85 -> 0 | ... Z54: ='D4 RIN Forecast'!Z85 -> 0 | AD54: =AVERAGE(J54:N54) -> 0 | AE54: =O54-AD54 -> 0 | AF54: =O54-N54 -> 0 | AG54: =O54/31 -> 0 | AH54: =AD54/31 -> 0 | AI54: =AG54-AH54 -> 0
A55: April | B55: ='D4 RIN Forecast'!B86 -> 0 | C55: ='D4 RIN Forecast'!C86 -> 0 | D55: ='D4 RIN Forecast'!D86 -> 0 | E55: ='D4 RIN Forecast'!E86 -> 0 | F55: ='D4 RIN Forecast'!F86 -> 0 | G55: ='D4 RIN Forecast'!G86 -> 0 | H55: ='D4 RIN Forecast'!H86 -> 0 | I55: ='D4 RIN Forecast'!I86 -> 0 | ... Z55: ='D4 RIN Forecast'!Z86 -> 0 | AD55: =AVERAGE(J55:N55) -> 0 | AE55: =O55-AD55 -> 0 | AF55: =O55-N55 -> 0 | AG55: =O55/30 -> 0 | AH55: =AD55/30 -> 0 | AI55: =AG55-AH55 -> 0
A56: May | B56: ='D4 RIN Forecast'!B87 -> 0 | C56: ='D4 RIN Forecast'!C87 -> 0 | D56: ='D4 RIN Forecast'!D87 -> 7296597 | E56: ='D4 RIN Forecast'!E87 -> 0 | F56: ='D4 RIN Forecast'!F87 -> 0 | G56: ='D4 RIN Forecast'!G87 -> 0 | H56: ='D4 RIN Forecast'!H87 -> 0 | I56: ='D4 RIN Forecast'!I87 -> 0 | ... Z56: ='D4 RIN Forecast'!Z87 -> 0 | AD56: =AVERAGE(J56:N56) -> 0 | AE56: =O56-AD56 -> 0 | AF56: =O56-N56 -> 0 | AG56: =O56/31 -> 0 | AH56: =AD56/31 -> 0 | AI56: =AG56-AH56 -> 0
A57: June | B57: ='D4 RIN Forecast'!B88 -> 0 | C57: ='D4 RIN Forecast'!C88 -> 0 | D57: ='D4 RIN Forecast'!D88 -> 0 | E57: ='D4 RIN Forecast'!E88 -> 0 | F57: ='D4 RIN Forecast'!F88 -> 0 | G57: ='D4 RIN Forecast'!G88 -> 0 | H57: ='D4 RIN Forecast'!H88 -> 0 | I57: ='D4 RIN Forecast'!I88 -> 0 | ... Z57: ='D4 RIN Forecast'!Z88 -> 0 | AD57: =AVERAGE(J57:N57) -> 0 | AE57: =O57-AD57 -> 0 | AF57: =O57-N57 -> 0 | AG57: =O57/30 -> 0 | AH57: =AD57/30 -> 0 | AI57: =AG57-AH57 -> 0
A58: July | B58: ='D4 RIN Forecast'!B89 -> 0 | C58: ='D4 RIN Forecast'!C89 -> 0 | D58: ='D4 RIN Forecast'!D89 -> 0 | E58: ='D4 RIN Forecast'!E89 -> 0 | F58: ='D4 RIN Forecast'!F89 -> 0 | G58: ='D4 RIN Forecast'!G89 -> 0 | H58: ='D4 RIN Forecast'!H89 -> 0 | I58: ='D4 RIN Forecast'!I89 -> 0 | ... Z58: ='D4 RIN Forecast'!Z89 -> 0 | AD58: =AVERAGE(J58:N58) -> 0 | AE58: =O58-AD58 -> 0 | AF58: =O58-N58 -> 0 | AG58: =O58/31 -> 0 | AH58: =AD58/31 -> 0 | AI58: =AG58-AH58 -> 0
A59: August | B59: ='D4 RIN Forecast'!B90 -> 0 | C59: ='D4 RIN Forecast'!C90 -> 0 | D59: ='D4 RIN Forecast'!D90 -> 0 | E59: ='D4 RIN Forecast'!E90 -> 2266654 | F59: ='D4 RIN Forecast'!F90 -> 0 | G59: ='D4 RIN Forecast'!G90 -> 0 | H59: ='D4 RIN Forecast'!H90 -> 0 | I59: ='D4 RIN Forecast'!I90 -> 0 | ... Z59: ='D4 RIN Forecast'!Z90 -> 0 | AD59: =AVERAGE(J59:N59) -> 0 | AE59: =O59-AD59 -> 0 | AF59: =O59-N59 -> 0 | AG59: =O59/31 -> 0 | AH59: =AD59/31 -> 0 | AI59: =AG59-AH59 -> 0
A60: September | B60: ='D4 RIN Forecast'!B91 -> 0 | C60: ='D4 RIN Forecast'!C91 -> 0 | D60: ='D4 RIN Forecast'!D91 -> 0 | E60: ='D4 RIN Forecast'!E91 -> 0 | F60: ='D4 RIN Forecast'!F91 -> 0 | G60: ='D4 RIN Forecast'!G91 -> 0 | H60: ='D4 RIN Forecast'!H91 -> 0 | I60: ='D4 RIN Forecast'!I91 -> 0 | ... Z60: ='D4 RIN Forecast'!Z91 -> 0 | AD60: =AVERAGE(J60:N60) -> 0 | AE60: =O60-AD60 -> 0 | AF60: =O60-N60 -> 0 | AG60: =O60/30 -> 0 | AH60: =AD60/30 -> 0 | AI60: =AG60-AH60 -> 0
A61: October | B61: ='D4 RIN Forecast'!B92 -> 0 | C61: ='D4 RIN Forecast'!C92 -> 0 | D61: ='D4 RIN Forecast'!D92 -> 1052289 | E61: ='D4 RIN Forecast'!E92 -> 0 | F61: ='D4 RIN Forecast'!F92 -> 0 | G61: ='D4 RIN Forecast'!G92 -> 0 | H61: ='D4 RIN Forecast'!H92 -> 0 | I61: ='D4 RIN Forecast'!I92 -> 0 | ... Z61: ='D4 RIN Forecast'!Z92 -> 0 | AD61: =AVERAGE(J61:N61) -> 0 | AE61: =O61-AD61 -> 0 | AF61: =O61-N61 -> 0 | AG61: =O61/31 -> 0 | AH61: =AD61/31 -> 0 | AI61: =AG61-AH61 -> 0
A62: November | B62: ='D4 RIN Forecast'!B93 -> 0 | C62: ='D4 RIN Forecast'!C93 -> 0 | D62: ='D4 RIN Forecast'!D93 -> 0 | E62: ='D4 RIN Forecast'!E93 -> 1919492 | F62: ='D4 RIN Forecast'!F93 -> 0 | G62: ='D4 RIN Forecast'!G93 -> 0 | H62: ='D4 RIN Forecast'!H93 -> 0 | I62: ='D4 RIN Forecast'!I93 -> 0 | ... Z62: ='D4 RIN Forecast'!Z93 -> 0 | AD62: =AVERAGE(J62:N62) -> 0 | AE62: =O62-AD62 -> 0 | AF62: =O62-N62 -> 0 | AG62: =O62/30 -> 0 | AH62: =AD62/30 -> 0 | AI62: =AG62-AH62 -> 0
A63: December | B63: ='D4 RIN Forecast'!B94 -> 0 | C63: ='D4 RIN Forecast'!C94 -> 0 | D63: ='D4 RIN Forecast'!D94 -> 0 | E63: ='D4 RIN Forecast'!E94 -> 0 | F63: ='D4 RIN Forecast'!F94 -> 0 | G63: ='D4 RIN Forecast'!G94 -> 0 | H63: ='D4 RIN Forecast'!H94 -> 0 | I63: ='D4 RIN Forecast'!I94 -> 0 | ... Z63: ='D4 RIN Forecast'!Z94 -> 0 | AD63: =AVERAGE(J63:N63) -> 0 | AE63: =O63-AD63 -> 0 | AF63: =O63-N63 -> 0 | AG63: =O63/31 -> 0 | AH63: =AD63/31 -> 0 | AI63: =AG63-AH63 -> 0
A64: Total | B64: =SUM(B52:B63) -> 0 | C64: =SUM(C52:C63) -> 0 | D64: =SUM(D52:D63) -> 10172863 | E64: =SUM(E52:E63) -> 4186146 | F64: =SUM(F52:F63) -> 0 | G64: =SUM(G52:G63) -> 0 | H64: =SUM(H52:H63) -> 0 | I64: =SUM(I52:I63) -> 0 | ... Z64: =SUM(Z52:Z63) -> 0 | AD64: =AVERAGE(J64:N64) -> 0 | AE64: =O64-AD64 -> 0
A66: BD - Imported Vol
B67: =B3 -> 2010 | C67: =C3 -> 2011 | D67: =D3 -> 2012 | E67: =E3 -> 2013 | F67: =F3 -> 2014 | G67: =G3 -> 2015 | H67: =H3 -> 2016 | I67: =I3 -> 2017 | ... Z67: =Z3 -> 2034
A68: January | B68: =B52+B36 -> 0 | C68: =C52+C36 -> 3954656 | D68: =D52+D36 -> 1557591 | E68: =E52+E36 -> 1463988 | F68: =F52+F36 -> 2972950 | G68: =G52+G36 -> 12939678 | H68: =H52+H36 -> 31077567 | I68: =I52+I36 -> 31785156 | ... Z68: =Z52+Z36 -> 13205206
A69: February | B69: =B53+B37 -> 0 | C69: =C53+C37 -> 2004085 | D69: =D53+D37 -> 6163232 | E69: =E53+E37 -> 4610442 | F69: =F53+F37 -> 5842670 | G69: =G53+G37 -> 7537654 | H69: =H53+H37 -> 20663126 | I69: =I53+I37 -> 44658218 | ... Z69: =Z53+Z37 -> 17937163
A70: March | B70: =B54+B38 -> 0 | C70: =C54+C38 -> 6941490 | D70: =D54+D38 -> 8158922 | E70: =E54+E38 -> 14054171 | F70: =F54+F38 -> 19632695 | G70: =G54+G38 -> 20160873 | H70: =H54+H38 -> 14723705 | I70: =I54+I38 -> 60824923 | ... Z70: =Z54+Z38 -> 14723408
A71: April | B71: =B55+B39 -> 0 | C71: =C55+C39 -> 3317642 | D71: =D55+D39 -> 3986638 | E71: =E55+E39 -> 7183917 | F71: =F55+F39 -> 8639227 | G71: =G55+G39 -> 29702407 | H71: =H55+H39 -> 51089583 | I71: =I55+I39 -> 31281427 | ... Z71: =Z55+Z39 -> 25986020
A72: May | B72: =B56+B40 -> 0 | C72: =C56+C40 -> 3374894 | D72: =D56+D40 -> 10494797 | E72: =E56+E40 -> 15049714 | F72: =F56+F40 -> 11694354 | G72: =G56+G40 -> 28295895 | H72: =H56+H40 -> 71376996 | I72: =I56+I40 -> 58547517 | ... Z72: =Z56+Z40 -> 20542530
A73: June | B73: =B57+B41 -> 0 | C73: =C57+C41 -> 5265168 | D73: =D57+D41 -> 8816321 | E73: =E57+E41 -> 22120788 | F73: =F57+F41 -> 15109426 | G73: =G57+G41 -> 38267909 | H73: =H57+H41 -> 110403003 | I73: =I57+I41 -> 125644344 | ... Z73: =Z57+Z41 -> 22735086
A74: July | B74: =B58+B42 -> 2066116 | C74: =C58+C42 -> 3781710 | D74: =D58+D42 -> 3975750 | E74: =E58+E42 -> 9780099 | F74: =F58+F42 -> 37031879 | G74: =G58+G42 -> 75613723 | H74: =H58+H42 -> 61744216 | I74: =I58+I42 -> 81946351 | ... Z74: =Z58+Z42 -> 16047281
A75: August | B75: =B59+B43 -> 3473253 | C75: =C59+C43 -> 3875787 | D75: =D59+D43 -> 5099150 | E75: =E59+E43 -> 28402750 | F75: =F59+F43 -> 20744375 | G75: =G59+G43 -> 71483498 | H75: =H59+H43 -> 96776904 | I75: =I59+I43 -> 78061682 | ... Z75: =Z59+Z43 -> 18931517
A76: September | B76: =B60+B44 -> 1863617 | C76: =C60+C44 -> 6967494 | D76: =D60+D44 -> 6005520 | E76: =E60+E44 -> 30347575 | F76: =F60+F44 -> 32550374 | G76: =G60+G44 -> 37485870 | H76: =H60+H44 -> 135261055 | I76: =I60+I44 -> 41846019 | ... Z76: =Z60+Z44 -> 19551003
A77: October | B77: =B61+B45 -> 5398629 | C77: =C61+C45 -> 6830065 | D77: =D61+D45 -> 3772539 | E77: =E61+E45 -> 32099594 | F77: =F61+F45 -> 32816509 | G77: =G61+G45 -> 73514389 | H77: =H61+H45 -> 100338631 | I77: =I61+I45 -> 55028566 | ... Z77: =Z61+Z45 -> 22138385
A78: November | B78: =B62+B46 -> 2985941 | C78: =C62+C46 -> 4792044 | D78: =D62+D46 -> 1214528 | E78: =E62+E46 -> 46215403 | F78: =F62+F46 -> 48021992 | G78: =G62+G46 -> 44926257 | H78: =H62+H46 -> 128517774 | I78: =I62+I46 -> 36573401 | ... Z78: =Z62+Z46 -> 21274959
A79: December | B79: =B63+B47 -> 2943750 | C79: =C63+C47 -> 15584528 | D79: =D63+D47 -> 1098374 | E79: =E63+E47 -> 68552697 | F79: =F63+F47 -> 37209070 | G79: =G63+G47 -> 63569881 | H79: =H63+H47 -> 189280779 | I79: =I63+I47 -> 46675272 | ... Z79: =Z63+Z47 -> 49427711
A80: Total | B80: =SUM(B68:B79) -> 18731306 | C80: =SUM(C68:C79) -> 66689563 | D80: =SUM(D68:D79) -> 60343362 | E80: =SUM(E68:E79) -> 279881138 | F80: =SUM(F68:F79) -> 272265521 | G80: =SUM(G68:G79) -> 503498034 | H80: =SUM(H68:H79) -> 1011253339 | I80: =SUM(I68:I79) -> 692872876 | ... Z80: =SUM(Z68:Z79) -> 2.6250027e+08
A82: RD - Total
B83: 2010 | C83: 2011 | D83: 2012 | E83: 2013 | F83: 2014 | G83: 2015 | H83: 2016 | I83: 2017 | J83: 2018 | K83: 2019 | L83: 2020 | M83: 2021 | N83: 2022 | O83: 2023 | P83: 2024 | Q83: 2025 | R83: 2026 | S83: 2027 | T83: 2028 | U83: 2029 | V83: 2030 | W83: 2031 | X83: 2032 | Y83: 2033 | Z83: 2034 | AD83: 5-Yr Avg | AE83: Delta to 5-Yr | AF83: Yr/Yr Change | AG83: Daily Avg | AH83: 5-Yr Avg Daily | AI83: Delta to 5-yr
A84: January | B84: =B100+B116+B132 -> 0 | C84: =C100+C116+C132 -> 7322485 | D84: =D100+D116+D132 -> 7162605 | E84: =E100+E116+E132 -> 14028941 | F84: =F100+F116+F132 -> 74276896 | G84: =G100+G116+G132 -> 81038274 | H84: =H100+H116+H132 -> 64527358 | I84: =I100+I116+I132 -> 83363303 | ... Z84: =Z100+Z116+Z132 -> 4.3327244e+08 | AB84: =O84/N95-1 -> -0.016134414 | AD84: =AVERAGE(J84:N84) -> 1.3337911e+08 | AE84: =O84-AD84 -> 1.9439094e+08 | AF84: =O84-N84 -> 115549392 | AG84: =O84/31 -> 10573228 | AH84: =AD84/31 -> 4302552 | AI84: =AG84-AH84 -> 6270675.6
A85: February | B85: =B101+B117+B133 -> 0 | C85: =C101+C117+C133 -> 1552978 | D85: =D101+D117+D133 -> 5280167 | E85: =E101+E117+E133 -> 6230412 | F85: =F101+F117+F133 -> 81930562 | G85: =G101+G117+G133 -> 66408121 | H85: =H101+H117+H133 -> 54034599 | I85: =I101+I117+I133 -> 76989280 | ... Z85: =Z101+Z117+Z133 -> 4.824731e+08 | AB85: =O85/O84-1 -> -0.10076575 | AD85: =AVERAGE(J85:N85) -> 1.4461287e+08 | AE85: =O85-AD85 -> 1.5012919e+08 | AF85: =O85-N85 -> 64373942 | AG85: =O85/28 -> 10526502 | AH85: =AD85/28 -> 5164745.4 | AI85: =AG85-AH85 -> 5361756.8
A86: March | B86: =B102+B118+B134 -> 0 | C86: =C102+C118+C134 -> 5226129 | D86: =D102+D118+D134 -> 14255057 | E86: =E102+E118+E134 -> 33622226 | F86: =F102+F118+F134 -> 86113370 | G86: =G102+G118+G134 -> 71638520 | H86: =H102+H118+H134 -> 74568538 | I86: =I102+I118+I134 -> 79449513 | ... Z86: =Z102+Z118+Z134 -> 5.0452822e+08 | AB86: =O86/O85-1 -> 0.30133543 | AD86: =AVERAGE(J86:N86) -> 1.608199e+08 | AE86: =O86-AD86 -> 2.2273839e+08 | AF86: =O86-N86 -> 118209807 | AG86: =O86/31 -> 12372848 | AH86: =AD86/31 -> 5187738.6 | AI86: =AG86-AH86 -> 7185109.5
A87: April | B87: =B103+B119+B135 -> 0 | C87: =C103+C119+C135 -> 3285628 | D87: =D103+D119+D135 -> 6928873 | E87: =E103+E119+E135 -> 17379681 | F87: =F103+F119+F135 -> 88596000 | G87: =G103+G119+G135 -> 73386024 | H87: =H103+H119+H135 -> 94602321 | I87: =I103+I119+I135 -> 83798519 | ... Z87: =Z103+Z119+Z135 -> 4.9424999e+08 | AB87: =O87/O86-1 -> -0.031513288 | AD87: =AVERAGE(J87:N87) -> 1.5369956e+08 | AE87: =O87-AD87 -> 2.1777155e+08 | AF87: =O87-N87 -> 116858274 | AG87: =O87/30 -> 12382370 | AH87: =AD87/30 -> 5123318.7 | AI87: =AG87-AH87 -> 7259051.5
A88: May | B88: =B104+B120+B136 -> 0 | C88: =C104+C120+C136 -> 12299803 | D88: =D104+D120+D136 -> 11973441 | E88: =E104+E120+E136 -> 44537301 | F88: =F104+F120+F136 -> 77216506 | G88: =G104+G120+G136 -> 77715684 | H88: =H104+H120+H136 -> 90019749 | I88: =I104+I120+I136 -> 93882608 | ... Z88: =Z104+Z120+Z136 -> 5.5151607e+08 | AB88: =O88/O87-1 -> 0.28973459 | AD88: =AVERAGE(J88:N88) -> 1.6793191e+08 | AE88: =O88-AD88 -> 3.1116722e+08 | AF88: =O88-N88 -> 167750979 | AG88: =O88/31 -> 15454811 | AH88: =AD88/31 -> 5417158.5 | AI88: =AG88-AH88 -> 10037652
A89: June | B89: =B105+B121+B137 -> 0 | C89: =C105+C121+C137 -> 7565225 | D89: =D105+D121+D137 -> 10584061 | E89: =E105+E121+E137 -> 60433829 | F89: =F105+F121+F137 -> 81077262 | G89: =G105+G121+G137 -> 71672857 | H89: =H105+H121+H137 -> 88866073 | I89: =I105+I121+I137 -> 77308623 | ... Z89: =Z105+Z121+Z137 -> 5.5138384e+08 | AB89: =O89/O88-1 -> -0.13762249 | AD89: =AVERAGE(J89:N89) -> 155309482 | AE89: =O89-AD89 -> 257854837 | AF89: =O89-N89 -> 155578630 | AG89: =O89/30 -> 13772144 | AH89: =AD89/30 -> 5176982.7 | AI89: =AG89-AH89 -> 8595161.2
A90: July | B90: =B106+B122+B138 -> 531710 | C90: =C106+C122+C138 -> 10813839 | D90: =D106+D122+D138 -> 15767992 | E90: =E106+E122+E138 -> 94376040 | F90: =F106+F122+F138 -> 89317655 | G90: =G106+G122+G138 -> 77861290 | H90: =H106+H122+H138 -> 85414295 | I90: =I106+I122+I138 -> 85764644 | ... Z90: =Z106+Z122+Z138 -> 5.2837149e+08 | AB90: =O90/O89-1 -> -0.055018253 | AD90: =AVERAGE(J90:N90) -> 1.3283585e+08 | AE90: =O90-AD90 -> 2.5759689e+08 | AF90: =O90-N90 -> 175596199 | AG90: =O90/31 -> 12594605 | AH90: =AD90/31 -> 4285027.6 | AI90: =AG90-AH90 -> 8309577
A91: August | B91: =B107+B123+B139 -> 1226079 | C91: =C107+C123+C139 -> 14108213 | D91: =D107+D123+D139 -> 11025191 | E91: =E107+E123+E139 -> 89753443 | F91: =F107+F123+F139 -> 51820818 | G91: =G107+G123+G139 -> 76598306 | H91: =H107+H123+H139 -> 95177337 | I91: =I107+I123+I139 -> 95438024 | ... Z91: =Z107+Z123+Z139 -> 5.3183089e+08 | AB91: =O91/O90-1 -> 0.067905427 | AD91: =AVERAGE(J91:N91) -> 145082434 | AE91: =O91-AD91 -> 271862808 | AF91: =O91-N91 -> 180984577 | AG91: =O91/31 -> 13449847 | AH91: =AD91/31 -> 4680078.5 | AI91: =AG91-AH91 -> 8769768
A92: September | B92: =B108+B124+B140 -> 1605551 | C92: =C108+C124+C140 -> 9705170 | D92: =D108+D124+D140 -> 21280654 | E92: =E108+E124+E140 -> 92218867 | F92: =F108+F124+F140 -> 10073593 | G92: =G108+G124+G140 -> 70782167 | H92: =H108+H124+H140 -> 83424853 | I92: =I108+I124+I140 -> 87460718 | ... Z92: =Z108+Z124+Z140 -> 5.4437089e+08 | AB92: =O92/O91-1 -> -0.023529298 | AD92: =AVERAGE(J92:N92) -> 1.7058763e+08 | AE92: =O92-AD92 -> 2.3654719e+08 | AF92: =O92-N92 -> 118618844 | AG92: =O92/30 -> 13571160 | AH92: =AD92/30 -> 5686254.2 | AI92: =AG92-AH92 -> 7884906.3
A93: October | B93: =B109+B125+B141 -> 2354841 | C93: =C109+C125+C141 -> 11444811 | D93: =D109+D125+D141 -> 28074391 | E93: =E109+E125+E141 -> 91876438 | F93: =F109+F125+F141 -> 26369468 | G93: =G109+G125+G141 -> 73032438 | H93: =H109+H125+H141 -> 84442195 | I93: =I109+I125+I141 -> 98025335 | ... Z93: =Z109+Z125+Z141 -> 6.0148269e+08 | AB93: =O93/O92-1 -> 0.080195287 | AD93: =AVERAGE(J93:N93) -> 165125108 | AE93: =O93-AD93 -> 274659998 | AF93: =O93-N93 -> 166465694 | AG93: =O93/31 -> 14186616 | AH93: =AD93/31 -> 5326616.4 | AI93: =AG93-AH93 -> 8859999.9
A94: November | B94: =B110+B126+B142 -> 3653218 | C94: =C110+C126+C142 -> 8550924 | D94: =D110+D126+D142 -> 26954288 | E94: =E110+E126+E142 -> 86263615 | F94: =F110+F126+F142 -> 76561002 | G94: =G110+G126+G142 -> 67119604 | H94: =H110+H126+H142 -> 95462177 | I94: =I110+I126+I142 -> 66613412 | ... Z94: =Z110+Z126+Z142 -> 7.2190604e+08 | AB94: =O94/O93-1 -> -0.041041335 | AD94: =AVERAGE(J94:N94) -> 194048576 | AE94: =O94-AD94 -> 227687162 | AF94: =O94-N94 -> 71984837 | AG94: =O94/30 -> 14057858 | AH94: =AD94/30 -> 6468285.9 | AI94: =AG94-AH94 -> 7589572.1
A95: December | B95: =B111+B127+B143 -> 5007247 | C95: =C111+C127+C143 -> 10859400 | D95: =D111+D127+D143 -> 13913406 | E95: =E111+E127+E143 -> 74651725 | F95: =F111+F127+F143 -> 85277808 | G95: =G111+G127+G143 -> 64662745 | H95: =H111+H127+H143 -> 94455719 | I95: =I111+I127+I143 -> 96537000 | ... Z95: =Z111+Z127+Z143 -> 8.3198457e+08 | AB95: =O95/O94-1 -> 0.28798708 | AD95: =AVERAGE(J95:N95) -> 2.1798755e+08 | AE95: =O95-AD95 -> 3.2520263e+08 | AF95: =O95-N95 -> 210045023 | AG95: =O95/31 -> 17522264 | AH95: =AD95/31 -> 7031856.6 | AI95: =AG95-AH95 -> 10490407
A96: Total | B96: =SUM(B84:B95) -> 14378646 | C96: =SUM(C84:C95) -> 102734605 | D96: =SUM(D84:D95) -> 173200126 | E96: =SUM(E84:E95) -> 705372518 | F96: =SUM(F84:F95) -> 828630940 | G96: =SUM(G84:G95) -> 871916030 | H96: =SUM(H84:H95) -> 1004995214 | I96: =SUM(I84:I95) -> 1024630979 | ... Z96: =SUM(Z84:Z95) -> 6.7773702e+09 | AD96: =AVERAGE(J96:N96) -> 1.94142e+09 | AE96: =O96-AD96 -> 2.9476088e+09
M97: =M89/L89-1 -> 0.51329418 | N97: =N89/M89-1 -> 0.33450586 | O97: =O89/N89-1 -> 0.60398786 | P97: =P89/O89-1 -> 0.38446674 | Q97: =Q89/P89-1 -> -0.35838534
A98: RD - Domestic
B99: =B19 -> 2010 | C99: =C19 -> 2011 | D99: =D19 -> 2012 | E99: =E19 -> 2013 | F99: =F19 -> 2014 | G99: =G19 -> 2015 | H99: =H19 -> 2016 | I99: =I19 -> 2017 | ... Z99: =Z19 -> 2034 | AD99: 5-Yr Avg | AE99: Delta to 5-Yr | AF99: Yr/Yr Change | AG99: Daily Avg | AH99: 5-Yr Avg Daily | AI99: Delta to 5-yr | AJ99: Forecast | AK99: Delta
A100: January | B100: ='D4 RIN Forecast'!B131+'D5 RIN Forecast'!B118+'D6 RIN Forecast'!B209 -> 0 | C100: ='D4 RIN Forecast'!C131+'D5 RIN Forecast'!C118+'D6 RIN Forecast'!C209 -> 7322485 | D100: ='D4 RIN Forecast'!D131+'D5 RIN Forecast'!D118+'D6 RIN Forecast'!D209 -> 7162605 | E100: ='D4 RIN Forecast'!E131+'D5 RIN Forecast'!E118+'D6 RIN Forecast'!E209 -> 2112425 | F100: ='D4 RIN Forecast'!F131+'D5 RIN Forecast'!F118+'D6 RIN Forecast'!F209 -> 17495755 | G100: ='D4 RIN Forecast'!G131+'D5 RIN Forecast'!G118+'D6 RIN Forecast'!G209 -> 29726609 | H100: ='D4 RIN Forecast'!H131+'D5 RIN Forecast'!H118+'D6 RIN Forecast'!H209 -> 19988843 | I100: ='D4 RIN Forecast'!I131+'D5 RIN Forecast'!I118+'D6 RIN Forecast'!I209 -> 31552922 | ... Z100: ='D4 RIN Forecast'!Z131+'D5 RIN Forecast'!Z118+'D6 RIN Forecast'!Z209 -> 4.1736083e+08 | AB100: =O100/N111-1 -> -0.038464797 | AD100: =AVERAGE(J100:N100) -> 77999452 | AE100: =O100-AD100 -> 1.7112982e+08 | AF100: =O100-N100 -> 101211816 | AG100: =O100/31 -> 8036428.2 | AH100: =AD100/31 -> 2516111.4 | AI100: =AG100-AH100 -> 5520316.9 | AJ100: ='D4 Gallon Forecast'!BM133+'D5 Gallon Forecast'!AX120+'D6 Gallon Forecast'!BK209 -> 8346201.1 | AK100: =O100-AJ100 -> 2.4078307e+08
A101: February | B101: ='D4 RIN Forecast'!B132+'D5 RIN Forecast'!B119+'D6 RIN Forecast'!B210 -> 0 | C101: ='D4 RIN Forecast'!C132+'D5 RIN Forecast'!C119+'D6 RIN Forecast'!C210 -> 1552978 | D101: ='D4 RIN Forecast'!D132+'D5 RIN Forecast'!D119+'D6 RIN Forecast'!D210 -> 5280167 | E101: ='D4 RIN Forecast'!E132+'D5 RIN Forecast'!E119+'D6 RIN Forecast'!E210 -> 2140396 | F101: ='D4 RIN Forecast'!F132+'D5 RIN Forecast'!F119+'D6 RIN Forecast'!F210 -> 20809353 | G101: ='D4 RIN Forecast'!G132+'D5 RIN Forecast'!G119+'D6 RIN Forecast'!G210 -> 22882086 | H101: ='D4 RIN Forecast'!H132+'D5 RIN Forecast'!H119+'D6 RIN Forecast'!H210 -> 12503416 | I101: ='D4 RIN Forecast'!I132+'D5 RIN Forecast'!I119+'D6 RIN Forecast'!I210 -> 35772497 | ... Z101: ='D4 RIN Forecast'!Z132+'D5 RIN Forecast'!Z119+'D6 RIN Forecast'!Z210 -> 4.6022442e+08 | AB101: =O101/O100-1 -> -0.048457007 | AD101: =AVERAGE(J101:N101) -> 85554131 | AE101: =O101-AD101 -> 1.5150308e+08 | AF101: =O101-N101 -> 64720042 | AG101: =O101/28 -> 8466329.1 | AH101: =AD101/28 -> 3055504.7 | AI101: =AG101-AH101 -> 5410824.5 | AJ101: ='D4 Gallon Forecast'!BM134+'D5 Gallon Forecast'!AX121+'D6 Gallon Forecast'!BK210 -> 6800105.6 | AK101: =O101-AJ101 -> 2.3025711e+08
A102: March | B102: ='D4 RIN Forecast'!B133+'D5 RIN Forecast'!B120+'D6 RIN Forecast'!B211 -> 0 | C102: ='D4 RIN Forecast'!C133+'D5 RIN Forecast'!C120+'D6 RIN Forecast'!C211 -> 5226129 | D102: ='D4 RIN Forecast'!D133+'D5 RIN Forecast'!D120+'D6 RIN Forecast'!D211 -> 8953730 | E102: ='D4 RIN Forecast'!E133+'D5 RIN Forecast'!E120+'D6 RIN Forecast'!E211 -> 3113538 | F102: ='D4 RIN Forecast'!F133+'D5 RIN Forecast'!F120+'D6 RIN Forecast'!F211 -> 25305293 | G102: ='D4 RIN Forecast'!G133+'D5 RIN Forecast'!G120+'D6 RIN Forecast'!G211 -> 27328536 | H102: ='D4 RIN Forecast'!H133+'D5 RIN Forecast'!H120+'D6 RIN Forecast'!H211 -> 30472657 | I102: ='D4 RIN Forecast'!I133+'D5 RIN Forecast'!I120+'D6 RIN Forecast'!I211 -> 26956248 | ... Z102: ='D4 RIN Forecast'!Z133+'D5 RIN Forecast'!Z120+'D6 RIN Forecast'!Z211 -> 4.8473541e+08 | AB102: =O102/O101-1 -> 0.30560391 | AD102: =AVERAGE(J102:N102) -> 93599982 | AE102: =O102-AD102 -> 2.1590285e+08 | AF102: =O102-N102 -> 122432354 | AG102: =O102/31 -> 9983962.2 | AH102: =AD102/31 -> 3019354.3 | AI102: =AG102-AH102 -> 6964607.9 | AJ102: ='D4 Gallon Forecast'!BM135+'D5 Gallon Forecast'!AX122+'D6 Gallon Forecast'!BK211 -> 62448106 | AK102: =O102-AJ102 -> 2.4705472e+08
...

Sheet Monthly Gallon Summary
A1: Biodiesel - Total | J1: VOLUMES SUMMARY
B2: 2010 | C2: 2011 | D2: 2012 | E2: 2013 | F2: 2014 | G2: 2015 | H2: 2016 | I2: 2017 | J2: 2018 | K2: 2019 | L2: 2020 | M2: 2021 | N2: 2022 | O2: 2023 | P2: 2024 | Q2: 2025 | R2: 2026 | S2: 2027 | T2: 2028 | U2: 2029 | V2: 2030 | W2: 2031 | X2: 2032 | Y2: 2033 | Z2: 2034 | AA2: 2035 | AB2: 2036 | AC2: 2037 | AD2: 2038 | AE2: 2039 | AF2: 2040 | AG2: 2041 | AH2: 2042 | AI2: 2043 | AJ2: 2044 | AK2: 2045 | AL2: 2046 | AM2: 2047 | AN2: 2048 | AO2: 2049 | AP2: 2050 | AQ2: 2051 | AS2: Mo/Mo
A3: Jan | B3: =B19+B35+B51 -> 485714 | C3: =C19+C35+C51 -> 35639852 | D3: =D19+D35+D51 -> 61156111 | E3: =E19+E35+E51 -> 72139922 | F3: =F19+F35+F51 -> 58677581 | G3: =G19+G35+G51 -> 64506298 | H3: =H19+H35+H51 -> 106290073 | I3: =I19+I35+I51 -> 87126264 | ... AQ3: =AQ19+AQ35+AQ51 -> 33687261 | AS3: =O3/N14-1 -> -0.23578702
A4: Feb | B4: =B20+B36+B52 -> 538632 | C4: =C20+C36+C52 -> 43098149 | D4: =D20+D36+D52 -> 77037010 | E4: =E20+E36+E52 -> 77591273 | F4: =F20+F36+F52 -> 73754382 | G4: =G20+G36+G52 -> 67872401 | H4: =H20+H36+H52 -> 114177321 | I4: =I20+I36+I52 -> 108248383 | ... AQ4: =AQ20+AQ36+AQ52 -> 33259791 | AS4: =O4/O3-1 -> 0.079151287
A5: Mar | B5: =B21+B37+B53 -> 808785 | C5: =C21+C37+C53 -> 68148680 | D5: =D21+D37+D53 -> 100590686 | E5: =E21+E37+E53 -> 110399744 | F5: =F21+F37+F53 -> 103899694 | G5: =G21+G37+G53 -> 105811566 | H5: =H21+H37+H53 -> 136572162 | I5: =I21+I37+I53 -> 152044624 | ... AQ5: =AQ21+AQ37+AQ53 -> 36591747 | AS5: =O5/O4-1 -> 0.12946448
A6: Apr | B6: =B22+B38+B54 -> 522149 | C6: =C22+C38+C54 -> 72512352 | D6: =D22+D38+D54 -> 95239341 | E6: =E22+E38+E54 -> 115832975 | F6: =F22+F38+F54 -> 109149244 | G6: =G22+G38+G54 -> 126305677 | H6: =H22+H38+H54 -> 160326474 | I6: =I22+I38+I54 -> 145178416 | ... AQ6: =AQ22+AQ38+AQ54 -> 43289792 | AS6: =O6/O5-1 -> -0.039138643
A7: May | B7: =B23+B39+B55 -> 485714 | C7: =C23+C39+C55 -> 80127677 | D7: =D23+D39+D55 -> 114551282 | E7: =E23+E39+E55 -> 129014992 | F7: =F23+F39+F55 -> 118170961 | G7: =G23+G39+G55 -> 140394220 | H7: =H23+H39+H55 -> 182870966 | I7: =I23+I39+I55 -> 186105670 | ... AQ7: =AQ23+AQ39+AQ55 -> 44235394 | AS7: =O7/O6-1 -> 0.202686
A8: Jun | B8: =B24+B40+B56 -> 637838 | C8: =C24+C40+C56 -> 81715377 | D8: =D24+D40+D56 -> 112491179 | E8: =E24+E40+E56 -> 132287074 | F8: =F24+F40+F56 -> 123746657 | G8: =G24+G40+G56 -> 156431461 | H8: =H24+H40+H56 -> 216195892 | I8: =I24+I40+I56 -> 228773847 | ... AQ8: =AQ24+AQ40+AQ56 -> 44046445 | AS8: =O8/O7-1 -> -0.043480895
A9: Jul | B9: =B25+B41+B57 -> 37929238 | C9: =C25+C41+C57 -> 89555693 | D9: =D25+D41+D57 -> 99992886 | E9: =E25+E41+E57 -> 135011084 | F9: =F25+F41+F57 -> 152931939 | G9: =G25+G41+G57 -> 179582165 | H9: =H25+H41+H57 -> 179126043 | I9: =I25+I41+I57 -> 204921202 | ... AQ9: =AQ25+AQ41+AQ57 -> 41911326 | AS9: =O9/O8-1 -> -0.10955303
A10: Aug | B10: =B26+B42+B58 -> 34678112 | C10: =C26+C42+C58 -> 103537294 | D10: =D26+D42+D58 -> 99752856 | E10: =E26+E42+E58 -> 148822283 | F10: =F26+F42+F58 -> 141280370 | G10: =G26+G42+G58 -> 173266269 | H10: =H26+H42+H58 -> 226164286 | I10: =I26+I42+I58 -> 209577776 | ... AQ10: =AQ26+AQ42+AQ58 -> 44009576 | AS10: =O10/O9-1 -> 0.13722039
A11: Sep | B11: =B27+B43+B59 -> 42726945 | C11: =C27+C43+C59 -> 118872486 | D11: =D27+D43+D59 -> 85342771 | E11: =E27+E43+E59 -> 147880261 | F11: =F27+F43+F59 -> 146235413 | G11: =G27+G43+G59 -> 142819646 | H11: =H27+H43+H59 -> 236838041 | I11: =I27+I43+I59 -> 176230508 | ... AQ11: =AQ27+AQ43+AQ59 -> 41976324 | AS11: =O11/O10-1 -> -0.046473253
A12: Oct | B12: =B28+B44+B60 -> 40533085 | C12: =C28+C44+C60 -> 118230916 | D12: =D28+D44+D60 -> 83227266 | E12: =E28+E44+E60 -> 152841558 | F12: =F28+F44+F60 -> 143215770 | G12: =G28+G44+G60 -> 154040451 | H12: =H28+H44+H60 -> 209977729 | I12: =I28+I44+I60 -> 186033545 | ... AQ12: =AQ28+AQ44+AQ60 -> 43513870 | AS12: =O12/O11-1 -> 0.0764231
A13: Nov | B13: =B29+B45+B61 -> 33139101 | C13: =C29+C45+C61 -> 108978201 | D13: =D29+D45+D61 -> 68834962 | E13: =E29+E45+E61 -> 142711036 | F13: =F29+F45+F61 -> 129358498 | G13: =G29+G45+G61 -> 126427524 | H13: =H29+H45+H61 -> 225386120 | I13: =I29+I45+I61 -> 172212170 | ... AQ13: =AQ29+AQ45+AQ61 -> 41453383 | AS13: =O13/O12-1 -> -0.11528504
A14: Dec | B14: =B30+B46+B62 -> 34477690 | C14: =C30+C46+C62 -> 161133225 | D14: =D30+D46+D62 -> 58960099 | E14: =E30+E46+E62 -> 206648617 | F14: =F30+F46+F62 -> 188302689 | G14: =G30+G46+G62 -> 152479902 | H14: =H30+H46+H62 -> 313350330 | I14: =I30+I46+I62 -> 193711979 | ... AQ14: =AQ30+AQ46+AQ62 -> 59018941 | AS14: =O14/O13-1 -> 0.14639321
A15: Total | B15: =SUM(B3:B14) -> 226963003 | C15: =SUM(C3:C14) -> 1081549902 | D15: =SUM(D3:D14) -> 1057176449 | E15: =SUM(E3:E14) -> 1571180819 | F15: =SUM(F3:F14) -> 1488723198 | G15: =SUM(G3:G14) -> 1589937580 | H15: =SUM(H3:H14) -> 2307275437 | I15: =SUM(I3:I14) -> 2050164384 | ... AQ15: =SUM(AQ3:AQ14) -> 5.0699385e+08
M16: =M10/M9-1 -> 0.020691739
A17: Biodiesel - Domestic
B18: 2010 | C18: 2011 | D18: 2012 | E18: 2013 | F18: 2014 | G18: 2015 | H18: 2016 | I18: 2017 | J18: 2018 | K18: 2019 | L18: 2020 | M18: 2021 | N18: 2022 | O18: 2023 | P18: 2024 | Q18: 2025 | R18: 2026 | S18: 2027 | T18: 2028 | U18: 2029 | V18: 2030 | W18: 2031 | X18: 2032 | Y18: 2033 | Z18: 2034 | AA18: =AA2 -> 2035 | AB18: =AB2 -> 2036 | AC18: =AC2 -> 2037 | AD18: =AD2 -> 2038 | AE18: =AE2 -> 2039 | AF18: =AF2 -> 2040 | AG18: =AG2 -> 2041 | AH18: =AH2 -> 2042 | ... AQ18: =AQ2 -> 2051 | AU18: 5-Yr Avg | AV18: Delta to 5-Yr | AW18: Yr/Yr Change | AX18: Daily Avg | AY18: 5-Yr Avg Daily | AZ18: Delta to 5-Yr
A19: January | B19: ='D4 Gallon Forecast'!B69+'D6 Gallon Forecast'!B65 -> 485714 | C19: ='D4 Gallon Forecast'!C69+'D6 Gallon Forecast'!C65 -> 33003428 | D19: ='D4 Gallon Forecast'!D69+'D6 Gallon Forecast'!D65 -> 60117730 | E19: ='D4 Gallon Forecast'!E69+'D6 Gallon Forecast'!E65 -> 71163938 | F19: ='D4 Gallon Forecast'!F69+'D6 Gallon Forecast'!F65 -> 56695627 | G19: ='D4 Gallon Forecast'!G69+'D6 Gallon Forecast'!G65 -> 55879853 | H19: ='D4 Gallon Forecast'!H69+'D6 Gallon Forecast'!H65 -> 85571711 | I19: ='D4 Gallon Forecast'!I69+'D6 Gallon Forecast'!I65 -> 65936175 | ... AQ19: ='D4 Gallon Forecast'!AQ69+'D6 Gallon Forecast'!AQ65 -> 29917963 | AS19: =O19/N30-1 -> -0.17887795 | AU19: =AVERAGE(K19:O19) -> 1.0872998e+08 | AV19: =P19-AU19 -> 13075254 | AW19: =P19-O19 -> 2256921 | AX19: =P19/31 -> 3929201 | AY19: =AU19/31 -> 3507418.6 | AZ19: =AX19-AY19 -> 421782.38
A20: February | B20: ='D4 Gallon Forecast'!B70+'D6 Gallon Forecast'!B66 -> 538632 | C20: ='D4 Gallon Forecast'!C70+'D6 Gallon Forecast'!C66 -> 41762104 | D20: ='D4 Gallon Forecast'!D70+'D6 Gallon Forecast'!D66 -> 72928196 | E20: ='D4 Gallon Forecast'!E70+'D6 Gallon Forecast'!E66 -> 74517662 | F20: ='D4 Gallon Forecast'!F70+'D6 Gallon Forecast'!F66 -> 69859288 | G20: ='D4 Gallon Forecast'!G70+'D6 Gallon Forecast'!G66 -> 62847310 | H20: ='D4 Gallon Forecast'!H70+'D6 Gallon Forecast'!H66 -> 100401918 | I20: ='D4 Gallon Forecast'!I70+'D6 Gallon Forecast'!I66 -> 78476257 | ... AQ20: ='D4 Gallon Forecast'!AQ70+'D6 Gallon Forecast'!AQ66 -> 28128649 | AS20: =O20/O19-1 -> -0.040198829 | AU20: =AVERAGE(K20:O20) -> 1.1608595e+08 | AV20: =P20-AU20 -> 10360075 | AW20: =P20-O20 -> 11703420 | AX20: =P20/28 -> 4515929.5 | AY20: =AU20/28 -> 4145926.9 | AZ20: =AX20-AY20 -> 370002.66
A21: March | B21: ='D4 Gallon Forecast'!B71+'D6 Gallon Forecast'!B67 -> 808785 | C21: ='D4 Gallon Forecast'!C71+'D6 Gallon Forecast'!C67 -> 63521035 | D21: ='D4 Gallon Forecast'!D71+'D6 Gallon Forecast'!D67 -> 95151425 | E21: ='D4 Gallon Forecast'!E71+'D6 Gallon Forecast'!E67 -> 101030322 | F21: ='D4 Gallon Forecast'!F71+'D6 Gallon Forecast'!F67 -> 90811260 | G21: ='D4 Gallon Forecast'!G71+'D6 Gallon Forecast'!G67 -> 92371029 | H21: ='D4 Gallon Forecast'!H71+'D6 Gallon Forecast'!H67 -> 126756378 | I21: ='D4 Gallon Forecast'!I71+'D6 Gallon Forecast'!I67 -> 111494709 | ... AQ21: ='D4 Gallon Forecast'!AQ71+'D6 Gallon Forecast'!AQ67 -> 32302476 | AS21: =M21/M20-1 -> 0.36817868 | AU21: =AVERAGE(K21:O21) -> 1.4296821e+08 | AV21: =P21-AU21 -> -8605625.2 | AW21: =P21-O21 -> 3475303 | AX21: =P21/31 -> 4334277 | AY21: =AU21/31 -> 4611877.8 | AZ21: =AX21-AY21 -> -277600.81
A22: April | B22: ='D4 Gallon Forecast'!B72+'D6 Gallon Forecast'!B68 -> 522149 | C22: ='D4 Gallon Forecast'!C72+'D6 Gallon Forecast'!C68 -> 70300597 | D22: ='D4 Gallon Forecast'!D72+'D6 Gallon Forecast'!D68 -> 92581599 | E22: ='D4 Gallon Forecast'!E72+'D6 Gallon Forecast'!E68 -> 111043708 | F22: ='D4 Gallon Forecast'!F72+'D6 Gallon Forecast'!F68 -> 103389773 | G22: ='D4 Gallon Forecast'!G72+'D6 Gallon Forecast'!G68 -> 106504091 | H22: ='D4 Gallon Forecast'!H72+'D6 Gallon Forecast'!H68 -> 126266788 | I22: ='D4 Gallon Forecast'!I72+'D6 Gallon Forecast'!I68 -> 124324164 | ... AQ22: ='D4 Gallon Forecast'!AQ72+'D6 Gallon Forecast'!AQ68 -> 35917481 | AS22: =M22/M21-1 -> -0.039514022 | AU22: =AVERAGE(K22:O22) -> 1.4655262e+08 | AV22: =P22-AU22 -> -10518833 | AW22: =P22-O22 -> 2198263 | AX22: =P22/30 -> 4534459.4 | AY22: =AU22/30 -> 4885087.2 | AZ22: =AX22-AY22 -> -350627.75
A23: May | B23: ='D4 Gallon Forecast'!B73+'D6 Gallon Forecast'!B69 -> 485714 | C23: ='D4 Gallon Forecast'!C73+'D6 Gallon Forecast'!C69 -> 77877755 | D23: ='D4 Gallon Forecast'!D73+'D6 Gallon Forecast'!D69 -> 107554758 | E23: ='D4 Gallon Forecast'!E73+'D6 Gallon Forecast'!E69 -> 118981878 | F23: ='D4 Gallon Forecast'!F73+'D6 Gallon Forecast'!F69 -> 110374751 | G23: ='D4 Gallon Forecast'!G73+'D6 Gallon Forecast'!G69 -> 121530326 | H23: ='D4 Gallon Forecast'!H73+'D6 Gallon Forecast'!H69 -> 135286354 | I23: ='D4 Gallon Forecast'!I73+'D6 Gallon Forecast'!I69 -> 147074058 | ... AQ23: ='D4 Gallon Forecast'!AQ73+'D6 Gallon Forecast'!AQ69 -> 38379271 | AS23: =M23/M22-1 -> 0.042282578 | AU23: =AVERAGE(K23:O23) -> 152237477 | AV23: =P23-AU23 -> -8752510 | AW23: =P23-O23 -> -20108566 | AX23: =P23/31 -> 4628547.3 | AY23: =AU23/31 -> 4910886.4 | AZ23: =AX23-AY23 -> -282339.03
A24: June | B24: ='D4 Gallon Forecast'!B74+'D6 Gallon Forecast'!B70 -> 637838 | C24: ='D4 Gallon Forecast'!C74+'D6 Gallon Forecast'!C70 -> 78205276 | D24: ='D4 Gallon Forecast'!D74+'D6 Gallon Forecast'!D70 -> 106613644 | E24: ='D4 Gallon Forecast'!E74+'D6 Gallon Forecast'!E70 -> 117539910 | F24: ='D4 Gallon Forecast'!F74+'D6 Gallon Forecast'!F70 -> 113673723 | G24: ='D4 Gallon Forecast'!G74+'D6 Gallon Forecast'!G70 -> 130919551 | H24: ='D4 Gallon Forecast'!H74+'D6 Gallon Forecast'!H70 -> 142593935 | I24: ='D4 Gallon Forecast'!I74+'D6 Gallon Forecast'!I70 -> 145011076 | ... AQ24: ='D4 Gallon Forecast'!AQ74+'D6 Gallon Forecast'!AQ70 -> 37563691 | AS24: =M24/M23-1 -> 0.026279846 | AU24: =AVERAGE(K24:O24) -> 1.5198808e+08 | AV24: =P24-AU24 -> -16735574 | AW24: =P24-O24 -> -17753792 | AX24: =P24/30 -> 4508416.8 | AY24: =AU24/30 -> 5066269.2 | AZ24: =AX24-AY24 -> -557852.48
A25: July | B25: ='D4 Gallon Forecast'!B75+'D6 Gallon Forecast'!B71 -> 36551830 | C25: ='D4 Gallon Forecast'!C75+'D6 Gallon Forecast'!C71 -> 87034571 | D25: ='D4 Gallon Forecast'!D75+'D6 Gallon Forecast'!D71 -> 97342403 | E25: ='D4 Gallon Forecast'!E75+'D6 Gallon Forecast'!E71 -> 128491052 | F25: ='D4 Gallon Forecast'!F75+'D6 Gallon Forecast'!F71 -> 128244034 | G25: ='D4 Gallon Forecast'!G75+'D6 Gallon Forecast'!G71 -> 129173039 | H25: ='D4 Gallon Forecast'!H75+'D6 Gallon Forecast'!H71 -> 137963278 | I25: ='D4 Gallon Forecast'!I75+'D6 Gallon Forecast'!I71 -> 150290364 | ... AQ25: ='D4 Gallon Forecast'!AQ75+'D6 Gallon Forecast'!AQ71 -> 37337118 | AS25: =M25/M24-1 -> -0.04898952 | AU25: =AVERAGE(K25:O25) -> 1.5184407e+08 | AV25: =P25-AU25 -> -6285815.6 | AW25: =P25-O25 -> 2965018 | AX25: =P25/31 -> 4695427.5 | AY25: =AU25/31 -> 4898195.7 | AZ25: =AX25-AY25 -> -202768.25
A26: August | B26: ='D4 Gallon Forecast'!B76+'D6 Gallon Forecast'!B72 -> 32362617 | C26: ='D4 Gallon Forecast'!C76+'D6 Gallon Forecast'!C72 -> 100953452 | D26: ='D4 Gallon Forecast'!D76+'D6 Gallon Forecast'!D72 -> 96353439 | E26: ='D4 Gallon Forecast'!E76+'D6 Gallon Forecast'!E72 -> 129887145 | F26: ='D4 Gallon Forecast'!F76+'D6 Gallon Forecast'!F72 -> 127450802 | G26: ='D4 Gallon Forecast'!G76+'D6 Gallon Forecast'!G72 -> 125610667 | H26: ='D4 Gallon Forecast'!H76+'D6 Gallon Forecast'!H72 -> 161646399 | I26: ='D4 Gallon Forecast'!I76+'D6 Gallon Forecast'!I72 -> 157536696 | ... AQ26: ='D4 Gallon Forecast'!AQ76+'D6 Gallon Forecast'!AQ72 -> 38573999 | AS26: =M26/M25-1 -> 0.052364962 | AU26: =AVERAGE(K26:O26) -> 1.5678145e+08 | AV26: =P26-AU26 -> -18180679 | AW26: =P26-O26 -> -13798906 | AX26: =P26/31 -> 4470992.5 | AY26: =AU26/31 -> 5057466 | AZ26: =AX26-AY26 -> -586473.5
A27: September | B27: ='D4 Gallon Forecast'!B77+'D6 Gallon Forecast'!B73 -> 41484536 | C27: ='D4 Gallon Forecast'!C77+'D6 Gallon Forecast'!C73 -> 114227507 | D27: ='D4 Gallon Forecast'!D77+'D6 Gallon Forecast'!D73 -> 81339106 | E27: ='D4 Gallon Forecast'!E77+'D6 Gallon Forecast'!E73 -> 127648582 | F27: ='D4 Gallon Forecast'!F77+'D6 Gallon Forecast'!F73 -> 124535190 | G27: ='D4 Gallon Forecast'!G77+'D6 Gallon Forecast'!G73 -> 117829158 | H27: ='D4 Gallon Forecast'!H77+'D6 Gallon Forecast'!H73 -> 146664055 | I27: ='D4 Gallon Forecast'!I77+'D6 Gallon Forecast'!I73 -> 148333215 | ... AQ27: ='D4 Gallon Forecast'!AQ77+'D6 Gallon Forecast'!AQ73 -> 36378400 | AS27: =M27/M26-1 -> -0.094755196 | AU27: =AVERAGE(K27:O27) -> 1.4764148e+08 | AV27: =P27-AU27 -> -15174001 | AW27: =P27-O27 -> -12419159 | AX27: =P27/30 -> 4415582.5 | AY27: =AU27/30 -> 4921382.6 | AZ27: =AX27-AY27 -> -505800.03
A28: October | B28: ='D4 Gallon Forecast'!B78+'D6 Gallon Forecast'!B74 -> 36934002 | C28: ='D4 Gallon Forecast'!C78+'D6 Gallon Forecast'!C74 -> 113677550 | D28: ='D4 Gallon Forecast'!D78+'D6 Gallon Forecast'!D74 -> 80712245 | E28: ='D4 Gallon Forecast'!E78+'D6 Gallon Forecast'!E74 -> 131441848 | F28: ='D4 Gallon Forecast'!F78+'D6 Gallon Forecast'!F74 -> 121338129 | G28: ='D4 Gallon Forecast'!G78+'D6 Gallon Forecast'!G74 -> 105030916 | H28: ='D4 Gallon Forecast'!H78+'D6 Gallon Forecast'!H74 -> 143085368 | I28: ='D4 Gallon Forecast'!I78+'D6 Gallon Forecast'!I74 -> 149347918 | ... AQ28: ='D4 Gallon Forecast'!AQ78+'D6 Gallon Forecast'!AQ74 -> 37134829 | AS28: =M28/M27-1 -> -0.0011140619 | AU28: =AVERAGE(K28:O28) -> 1.4374275e+08 | AV28: =P28-AU28 -> 3891853.4 | AW28: =P28-O28 -> 2848079 | AX28: =P28/31 -> 4762406.6 | AY28: =AU28/31 -> 4636862.9 | AZ28: =AX28-AY28 -> 125543.66
A29: November | B29: ='D4 Gallon Forecast'!B79+'D6 Gallon Forecast'!B75 -> 31148480 | C29: ='D4 Gallon Forecast'!C79+'D6 Gallon Forecast'!C75 -> 105783510 | D29: ='D4 Gallon Forecast'!D79+'D6 Gallon Forecast'!D75 -> 68025280 | E29: ='D4 Gallon Forecast'!E79+'D6 Gallon Forecast'!E75 -> 111900793 | F29: ='D4 Gallon Forecast'!F79+'D6 Gallon Forecast'!F75 -> 97343855 | G29: ='D4 Gallon Forecast'!G79+'D6 Gallon Forecast'!G75 -> 96476718 | H29: ='D4 Gallon Forecast'!H79+'D6 Gallon Forecast'!H75 -> 139707687 | I29: ='D4 Gallon Forecast'!I79+'D6 Gallon Forecast'!I75 -> 147829945 | ... AQ29: ='D4 Gallon Forecast'!AQ79+'D6 Gallon Forecast'!AQ75 -> 35342837 | AS29: =M29/M28-1 -> 0.0077112795 | AU29: =AVERAGE(K29:O29) -> 1.3602831e+08 | AV29: =P29-AU29 -> -2838506.6 | AW29: =P29-O29 -> -2831218 | AX29: =P29/30 -> 4439660.1 | AY29: =AU29/30 -> 4534277 | AZ29: =AX29-AY29 -> -94616.887
A30: December | B30: ='D4 Gallon Forecast'!B80+'D6 Gallon Forecast'!B76 -> 32515200 | C30: ='D4 Gallon Forecast'!C80+'D6 Gallon Forecast'!C76 -> 150743545 | D30: ='D4 Gallon Forecast'!D80+'D6 Gallon Forecast'!D76 -> 58227854 | E30: ='D4 Gallon Forecast'!E80+'D6 Gallon Forecast'!E76 -> 160946844 | F30: ='D4 Gallon Forecast'!F80+'D6 Gallon Forecast'!F76 -> 163496685 | G30: ='D4 Gallon Forecast'!G80+'D6 Gallon Forecast'!G76 -> 110100066 | H30: ='D4 Gallon Forecast'!H80+'D6 Gallon Forecast'!H76 -> 187163249 | I30: ='D4 Gallon Forecast'!I80+'D6 Gallon Forecast'!I76 -> 162595163 | ... AQ30: ='D4 Gallon Forecast'!AQ80+'D6 Gallon Forecast'!AQ76 -> 45017006 | AS30: =M30/M29-1 -> 0.17643093 | AU30: =AVERAGE(K30:O30) -> 152525828 | AV30: =P30-AU30 -> 22344505 | AW30: =P30-O30 -> 39023636 | AX30: =P30/31 -> 5640978.5 | AY30: =AU30/31 -> 4920188 | AZ30: =AX30-AY30 -> 720790.48
A31: Total | B31: =SUM(B19:B30) -> 214475497 | C31: =SUM(C19:C30) -> 1037090330 | D31: =SUM(D19:D30) -> 1016947679 | E31: =SUM(E19:E30) -> 1384593682 | F31: =SUM(F19:F30) -> 1307213117 | G31: =SUM(G19:G30) -> 1254272724 | H31: =SUM(H19:H30) -> 1633107120 | I31: =SUM(I19:I30) -> 1588249740 | ... AQ31: =SUM(AQ19:AQ30) -> 4.3199372e+08 | AU31: =AVERAGE(K31:O31) -> 1707126189 | AV31: =P31-AU31 -> -37419857
M32: =M26/M25-1 -> 0.052364962
A33: Biodiesel - Imports
B34: 2010 | C34: 2011 | D34: 2012 | E34: 2013 | F34: 2014 | G34: 2015 | H34: 2016 | I34: 2017 | J34: 2018 | K34: 2019 | L34: 2020 | M34: 2021 | N34: 2022 | O34: 2023 | P34: 2024 | Q34: 2025 | R34: 2026 | S34: 2027 | T34: 2028 | U34: 2029 | V34: 2030 | W34: 2031 | X34: 2032 | Y34: 2033 | Z34: 2034 | AA34: =AA2 -> 2035 | AB34: =AB2 -> 2036 | AC34: =AC2 -> 2037 | AD34: =AD2 -> 2038 | AE34: =AE2 -> 2039 | AF34: =AF2 -> 2040 | AG34: =AG2 -> 2041 | AH34: =AH2 -> 2042 | ... AQ34: =AQ2 -> 2051 | AU34: 5-Yr Avg | AV34: Delta to 5-Yr | AW34: Yr/Yr Change | AX34: Daily Avg | AY34: 5-Yr Avg Daily | AZ34: Delta to 5-Yr
A35: January | B35: ='D4 Gallon Forecast'!B101+'D6 Gallon Forecast'!B81 -> 0 | C35: ='D4 Gallon Forecast'!C101+'D6 Gallon Forecast'!C81 -> 2636424 | D35: ='D4 Gallon Forecast'!D101+'D6 Gallon Forecast'!D81 -> 1038381 | E35: ='D4 Gallon Forecast'!E101+'D6 Gallon Forecast'!E81 -> 975984 | F35: ='D4 Gallon Forecast'!F101+'D6 Gallon Forecast'!F81 -> 1981954 | G35: ='D4 Gallon Forecast'!G101+'D6 Gallon Forecast'!G81 -> 8626445 | H35: ='D4 Gallon Forecast'!H101+'D6 Gallon Forecast'!H81 -> 20718362 | I35: ='D4 Gallon Forecast'!I101+'D6 Gallon Forecast'!I81 -> 21190089 | ... AQ35: ='D4 Gallon Forecast'!AQ101+'D6 Gallon Forecast'!AQ81 -> 3769296.5 | AS35: =O35/N46-1 -> -0.42843261 | AU35: =AVERAGE(K35:O35) -> 14273372 | AV35: =P35-AU35 -> 26041361 | AW35: =P35-O35 -> 15732259 | AX35: =P35/31 -> 1300475.3 | AY35: =AU35/31 -> 460431.36 | AZ35: =AX35-AY35 -> 840043.9
A36: February | B36: ='D4 Gallon Forecast'!B102+'D6 Gallon Forecast'!B82 -> 0 | C36: ='D4 Gallon Forecast'!C102+'D6 Gallon Forecast'!C82 -> 1336045 | D36: ='D4 Gallon Forecast'!D102+'D6 Gallon Forecast'!D82 -> 4022017 | E36: ='D4 Gallon Forecast'!E102+'D6 Gallon Forecast'!E82 -> 3073611 | F36: ='D4 Gallon Forecast'!F102+'D6 Gallon Forecast'!F82 -> 3895094 | G36: ='D4 Gallon Forecast'!G102+'D6 Gallon Forecast'!G82 -> 5025091 | H36: ='D4 Gallon Forecast'!H102+'D6 Gallon Forecast'!H82 -> 13775403 | I36: ='D4 Gallon Forecast'!I102+'D6 Gallon Forecast'!I82 -> 29772126 | ... AQ36: ='D4 Gallon Forecast'!AQ102+'D6 Gallon Forecast'!AQ82 -> 5131141.2 | AS36: =O36/O35-1 -> 0.65956905 | AU36: =AVERAGE(K36:O36) -> 15527376 | AV36: =P36-AU36 -> 37957449 | AW36: =P36-O36 -> 12688512 | AX36: =P36/28 -> 1910172.3 | AY36: =AU36/28 -> 554549.15 | AZ36: =AX36-AY36 -> 1355623.2
A37: March | B37: ='D4 Gallon Forecast'!B103+'D6 Gallon Forecast'!B83 -> 0 | C37: ='D4 Gallon Forecast'!C103+'D6 Gallon Forecast'!C83 -> 4627645 | D37: ='D4 Gallon Forecast'!D103+'D6 Gallon Forecast'!D83 -> 4310074 | E37: ='D4 Gallon Forecast'!E103+'D6 Gallon Forecast'!E83 -> 9369422 | F37: ='D4 Gallon Forecast'!F103+'D6 Gallon Forecast'!F83 -> 13088434 | G37: ='D4 Gallon Forecast'!G103+'D6 Gallon Forecast'!G83 -> 13440537 | H37: ='D4 Gallon Forecast'!H103+'D6 Gallon Forecast'!H83 -> 9815784 | I37: ='D4 Gallon Forecast'!I103+'D6 Gallon Forecast'!I83 -> 40549915 | ... AQ37: ='D4 Gallon Forecast'!AQ103+'D6 Gallon Forecast'!AQ83 -> 4289270 | AS37: =M37/M36-1 -> 0.97699544 | AU37: =AVERAGE(K37:O37) -> 22649857 | AV37: =P37-AU37 -> 7240975 | AW37: =P37-O37 -> -14897569 | AX37: =P37/31 -> 964220.39 | AY37: =AU37/31 -> 730640.55 | AZ37: =AX37-AY37 -> 233579.84
A38: April | B38: ='D4 Gallon Forecast'!B104+'D6 Gallon Forecast'!B84 -> 0 | C38: ='D4 Gallon Forecast'!C104+'D6 Gallon Forecast'!C84 -> 2211755 | D38: ='D4 Gallon Forecast'!D104+'D6 Gallon Forecast'!D84 -> 2657742 | E38: ='D4 Gallon Forecast'!E104+'D6 Gallon Forecast'!E84 -> 4789267 | F38: ='D4 Gallon Forecast'!F104+'D6 Gallon Forecast'!F84 -> 5759471 | G38: ='D4 Gallon Forecast'!G104+'D6 Gallon Forecast'!G84 -> 19801586 | H38: ='D4 Gallon Forecast'!H104+'D6 Gallon Forecast'!H84 -> 34059686 | I38: ='D4 Gallon Forecast'!I104+'D6 Gallon Forecast'!I84 -> 20854252 | ... AQ38: ='D4 Gallon Forecast'!AQ104+'D6 Gallon Forecast'!AQ84 -> 7372310.2 | AS38: =M38/M37-1 -> 0.14456003 | AU38: =AVERAGE(K38:O38) -> 24475516 | AV38: =P38-AU38 -> 26241690 | AW38: =P38-O38 -> 15752748 | AX38: =P38/30 -> 1690573.5 | AY38: =AU38/30 -> 815850.54 | AZ38: =AX38-AY38 -> 874722.99
A39: May | B39: ='D4 Gallon Forecast'!B105+'D6 Gallon Forecast'!B85 -> 0 | C39: ='D4 Gallon Forecast'!C105+'D6 Gallon Forecast'!C85 -> 2249922 | D39: ='D4 Gallon Forecast'!D105+'D6 Gallon Forecast'!D85 -> 2132126 | E39: ='D4 Gallon Forecast'!E105+'D6 Gallon Forecast'!E85 -> 10033114 | F39: ='D4 Gallon Forecast'!F105+'D6 Gallon Forecast'!F85 -> 7796210 | G39: ='D4 Gallon Forecast'!G105+'D6 Gallon Forecast'!G85 -> 18863894 | H39: ='D4 Gallon Forecast'!H105+'D6 Gallon Forecast'!H85 -> 47584612 | I39: ='D4 Gallon Forecast'!I105+'D6 Gallon Forecast'!I85 -> 39031612 | ... AQ39: ='D4 Gallon Forecast'!AQ105+'D6 Gallon Forecast'!AQ85 -> 5856122.2 | AS39: =M39/M38-1 -> -0.23131255 | AU39: =AVERAGE(K39:O39) -> 19765070 | AV39: =P39-AU39 -> 15686342 | AW39: =P39-O39 -> -3968426 | AX39: =P39/31 -> 1143593.9 | AY39: =AU39/31 -> 637582.92 | AZ39: =AX39-AY39 -> 506011.02
A40: June | B40: ='D4 Gallon Forecast'!B106+'D6 Gallon Forecast'!B86 -> 0 | C40: ='D4 Gallon Forecast'!C106+'D6 Gallon Forecast'!C86 -> 3510101 | D40: ='D4 Gallon Forecast'!D106+'D6 Gallon Forecast'!D86 -> 5877535 | E40: ='D4 Gallon Forecast'!E106+'D6 Gallon Forecast'!E86 -> 14747164 | F40: ='D4 Gallon Forecast'!F106+'D6 Gallon Forecast'!F86 -> 10072934 | G40: ='D4 Gallon Forecast'!G106+'D6 Gallon Forecast'!G86 -> 25511910 | H40: ='D4 Gallon Forecast'!H106+'D6 Gallon Forecast'!H86 -> 73601957 | I40: ='D4 Gallon Forecast'!I106+'D6 Gallon Forecast'!I86 -> 83762771 | ... AQ40: ='D4 Gallon Forecast'!AQ106+'D6 Gallon Forecast'!AQ86 -> 6482753.2 | AS40: =M40/M39-1 -> 0.31981325 | AU40: =AVERAGE(K40:O40) -> 22844293 | AV40: =P40-AU40 -> 16945636 | AW40: =P40-O40 -> -1389944 | AX40: =P40/30 -> 1326331 | AY40: =AU40/30 -> 761476.44 | AZ40: =AX40-AY40 -> 564854.53
A41: July | B41: ='D4 Gallon Forecast'!B107+'D6 Gallon Forecast'!B87 -> 1377408 | C41: ='D4 Gallon Forecast'!C107+'D6 Gallon Forecast'!C87 -> 2521122 | D41: ='D4 Gallon Forecast'!D107+'D6 Gallon Forecast'!D87 -> 2650483 | E41: ='D4 Gallon Forecast'!E107+'D6 Gallon Forecast'!E87 -> 6520032 | F41: ='D4 Gallon Forecast'!F107+'D6 Gallon Forecast'!F87 -> 24687905 | G41: ='D4 Gallon Forecast'!G107+'D6 Gallon Forecast'!G87 -> 50409126 | H41: ='D4 Gallon Forecast'!H107+'D6 Gallon Forecast'!H87 -> 41162765 | I41: ='D4 Gallon Forecast'!I107+'D6 Gallon Forecast'!I87 -> 54630838 | ... AQ41: ='D4 Gallon Forecast'!AQ107+'D6 Gallon Forecast'!AQ87 -> 4574207.9 | AS41: =M41/M40-1 -> -0.12542767 | AU41: =AVERAGE(K41:O41) -> 18147764 | AV41: =P41-AU41 -> 4312125.4 | AW41: =P41-O41 -> -7859362 | AX41: =P41/31 -> 724512.55 | AY41: =AU41/31 -> 585411.73 | AZ41: =AX41-AY41 -> 139100.82
A42: August | B42: ='D4 Gallon Forecast'!B108+'D6 Gallon Forecast'!B88 -> 2315495 | C42: ='D4 Gallon Forecast'!C108+'D6 Gallon Forecast'!C88 -> 2583842 | D42: ='D4 Gallon Forecast'!D108+'D6 Gallon Forecast'!D88 -> 3399417 | E42: ='D4 Gallon Forecast'!E108+'D6 Gallon Forecast'!E88 -> 17424036 | F42: ='D4 Gallon Forecast'!F108+'D6 Gallon Forecast'!F88 -> 13829568 | G42: ='D4 Gallon Forecast'!G108+'D6 Gallon Forecast'!G88 -> 47655602 | H42: ='D4 Gallon Forecast'!H108+'D6 Gallon Forecast'!H88 -> 64517887 | I42: ='D4 Gallon Forecast'!I108+'D6 Gallon Forecast'!I88 -> 52041080 | ... AQ42: ='D4 Gallon Forecast'!AQ108+'D6 Gallon Forecast'!AQ88 -> 5435576.6 | AS42: =M42/M41-1 -> -0.28176483 | AU42: =AVERAGE(K42:O42) -> 19146370 | AV42: =P42-AU42 -> 5350752.2 | AW42: =P42-O42 -> -19742807 | AX42: =P42/31 -> 790229.74 | AY42: =AU42/31 -> 617624.83 | AZ42: =AX42-AY42 -> 172604.91
A43: September | B43: ='D4 Gallon Forecast'!B109+'D6 Gallon Forecast'!B89 -> 1242409 | C43: ='D4 Gallon Forecast'!C109+'D6 Gallon Forecast'!C89 -> 4644979 | D43: ='D4 Gallon Forecast'!D109+'D6 Gallon Forecast'!D89 -> 4003665 | E43: ='D4 Gallon Forecast'!E109+'D6 Gallon Forecast'!E89 -> 20231679 | F43: ='D4 Gallon Forecast'!F109+'D6 Gallon Forecast'!F89 -> 21700223 | G43: ='D4 Gallon Forecast'!G109+'D6 Gallon Forecast'!G89 -> 24990488 | H43: ='D4 Gallon Forecast'!H109+'D6 Gallon Forecast'!H89 -> 90173986 | I43: ='D4 Gallon Forecast'!I109+'D6 Gallon Forecast'!I89 -> 27897293 | ... AQ43: ='D4 Gallon Forecast'!AQ109+'D6 Gallon Forecast'!AQ89 -> 5597922.7 | AS43: =M43/M42-1 -> 0.067355778 | AU43: =AVERAGE(K43:O43) -> 20482281 | AV43: =P43-AU43 -> 6165786.8 | AW43: =P43-O43 -> -15966418 | AX43: =P43/30 -> 888268.93 | AY43: =AU43/30 -> 682742.71 | AZ43: =AX43-AY43 -> 205526.23
A44: October | B44: ='D4 Gallon Forecast'!B110+'D6 Gallon Forecast'!B90 -> 3599083 | C44: ='D4 Gallon Forecast'!C110+'D6 Gallon Forecast'!C90 -> 4553366 | D44: ='D4 Gallon Forecast'!D110+'D6 Gallon Forecast'!D90 -> 1813495 | E44: ='D4 Gallon Forecast'!E110+'D6 Gallon Forecast'!E90 -> 21399710 | F44: ='D4 Gallon Forecast'!F110+'D6 Gallon Forecast'!F90 -> 21877641 | G44: ='D4 Gallon Forecast'!G110+'D6 Gallon Forecast'!G90 -> 49009535 | H44: ='D4 Gallon Forecast'!H110+'D6 Gallon Forecast'!H90 -> 66892361 | I44: ='D4 Gallon Forecast'!I110+'D6 Gallon Forecast'!I90 -> 36685627 | ... AQ44: ='D4 Gallon Forecast'!AQ110+'D6 Gallon Forecast'!AQ90 -> 6379040.1 | AS44: =M44/M43-1 -> 0.51693525 | AU44: =AVERAGE(K44:O44) -> 24265414 | AV44: =P44-AU44 -> 2398382.4 | AW44: =P44-O44 -> -30380217 | AX44: =P44/31 -> 860122.45 | AY44: =AU44/31 -> 782755.28 | AZ44: =AX44-AY44 -> 77367.174
A45: November | B45: ='D4 Gallon Forecast'!B111+'D6 Gallon Forecast'!B91 -> 1990621 | C45: ='D4 Gallon Forecast'!C111+'D6 Gallon Forecast'!C91 -> 3194691 | D45: ='D4 Gallon Forecast'!D111+'D6 Gallon Forecast'!D91 -> 809682 | E45: ='D4 Gallon Forecast'!E111+'D6 Gallon Forecast'!E91 -> 29530582 | F45: ='D4 Gallon Forecast'!F111+'D6 Gallon Forecast'!F91 -> 32014643 | G45: ='D4 Gallon Forecast'!G111+'D6 Gallon Forecast'!G91 -> 29950806 | H45: ='D4 Gallon Forecast'!H111+'D6 Gallon Forecast'!H91 -> 85678433 | I45: ='D4 Gallon Forecast'!I111+'D6 Gallon Forecast'!I91 -> 24382225 | ... AQ45: ='D4 Gallon Forecast'!AQ111+'D6 Gallon Forecast'!AQ91 -> 6110544.9 | AS45: =M45/M44-1 -> 0.20093947 | AU45: =AVERAGE(K45:O45) -> 27004312 | AV45: =P45-AU45 -> -4028611.8 | AW45: =P45-O45 -> -19565777 | AX45: =P45/30 -> 765856.67 | AY45: =AU45/30 -> 900143.73 | AZ45: =AX45-AY45 -> -134287.06
A46: December | B46: ='D4 Gallon Forecast'!B112+'D6 Gallon Forecast'!B92 -> 1962490 | C46: ='D4 Gallon Forecast'!C112+'D6 Gallon Forecast'!C92 -> 10389680 | D46: ='D4 Gallon Forecast'!D112+'D6 Gallon Forecast'!D92 -> 732245 | E46: ='D4 Gallon Forecast'!E112+'D6 Gallon Forecast'!E92 -> 45701773 | F46: ='D4 Gallon Forecast'!F112+'D6 Gallon Forecast'!F92 -> 24806004 | G46: ='D4 Gallon Forecast'!G112+'D6 Gallon Forecast'!G92 -> 42379836 | H46: ='D4 Gallon Forecast'!H112+'D6 Gallon Forecast'!H92 -> 126187081 | I46: ='D4 Gallon Forecast'!I112+'D6 Gallon Forecast'!I92 -> 31116816 | ... AQ46: ='D4 Gallon Forecast'!AQ112+'D6 Gallon Forecast'!AQ92 -> 14001934 | AS46: =M46/M45-1 -> 1.3861625 | AU46: =AVERAGE(K46:O46) -> 42289814 | AV46: =P46-AU46 -> -10899594 | AW46: =P46-O46 -> -37465918 | AX46: =P46/31 -> 1012587.7 | AY46: =AU46/31 -> 1364187.5 | AZ46: =AX46-AY46 -> -351599.81
A47: Total | B47: =SUM(B35:B46) -> 12487506 | C47: =SUM(C35:C46) -> 44459572 | D47: =SUM(D35:D46) -> 33446862 | E47: =SUM(E35:E46) -> 183796374 | F47: =SUM(F35:F46) -> 181510081 | G47: =SUM(G35:G46) -> 335664856 | H47: =SUM(H35:H46) -> 674168317 | I47: =SUM(I35:I46) -> 461914644 | ... AQ47: =SUM(AQ35:AQ46) -> 75000120 | AU47: =AVERAGE(K47:O47) -> 2.7087144e+08 | AV47: =P47-AU47 -> 1.3341229e+08
M48: =M42/M41-1 -> -0.28176483
A49: Biodiesel - Foreign Generation
B50: 2010 | C50: 2011 | D50: 2012 | E50: 2013 | F50: 2014 | G50: 2015 | H50: 2016 | I50: 2017 | J50: 2018 | K50: 2019 | L50: 2020 | M50: 2021 | N50: 2022 | O50: 2023 | P50: 2024 | Q50: 2025 | R50: 2026 | S50: 2027 | T50: 2028 | U50: 2029 | V50: 2030 | W50: 2031 | X50: 2032 | Y50: 2033 | Z50: 2034 | AA50: =AA2 -> 2035 | AB50: =AB2 -> 2036 | AC50: =AC2 -> 2037 | AD50: =AD2 -> 2038 | AE50: =AE2 -> 2039 | AF50: =AF2 -> 2040 | AG50: =AG2 -> 2041 | AH50: =AH2 -> 2042 | ... AQ50: =AQ2 -> 2051 | AU50: 5-Yr Avg | AV50: Delta to 5-Yr | AW50: Yr/Yr Change | AX50: Daily Avg | AY50: 5-Yr Avg Daily | AZ50: Delta to 5-Yr
A51: January | B51: ='D4 Gallon Forecast'!B85 -> 0 | C51: ='D4 Gallon Forecast'!C85 -> 0 | D51: ='D4 Gallon Forecast'!D85 -> 0 | E51: ='D4 Gallon Forecast'!E85 -> 0 | F51: ='D4 Gallon Forecast'!F85 -> 0 | G51: ='D4 Gallon Forecast'!G85 -> 0 | H51: ='D4 Gallon Forecast'!H85 -> 0 | I51: ='D4 Gallon Forecast'!I85 -> 0 | ... AQ51: ='D4 Gallon Forecast'!AQ85 -> 1 | AU51: =AVERAGE(K51:O51) -> 0 | AV51: =P51-AU51 -> 0 | AW51: =P51-O51 -> 0 | AX51: =P51/31 -> 0 | AY51: =AU51/31 -> 0 | AZ51: =AX51-AY51 -> 0
A52: February | B52: ='D4 Gallon Forecast'!B86 -> 0 | C52: ='D4 Gallon Forecast'!C86 -> 0 | D52: ='D4 Gallon Forecast'!D86 -> 86797 | E52: ='D4 Gallon Forecast'!E86 -> 0 | F52: ='D4 Gallon Forecast'!F86 -> 0 | G52: ='D4 Gallon Forecast'!G86 -> 0 | H52: ='D4 Gallon Forecast'!H86 -> 0 | I52: ='D4 Gallon Forecast'!I86 -> 0 | ... AQ52: ='D4 Gallon Forecast'!AQ86 -> 1 | AU52: =AVERAGE(K52:O52) -> 0 | AV52: =P52-AU52 -> 0 | AW52: =P52-O52 -> 0 | AX52: =P52/28 -> 0 | AY52: =AU52/28 -> 0 | AZ52: =AX52-AY52 -> 0
A53: March | B53: ='D4 Gallon Forecast'!B87 -> 0 | C53: ='D4 Gallon Forecast'!C87 -> 0 | D53: ='D4 Gallon Forecast'!D87 -> 1129187 | E53: ='D4 Gallon Forecast'!E87 -> 0 | F53: ='D4 Gallon Forecast'!F87 -> 0 | G53: ='D4 Gallon Forecast'!G87 -> 0 | H53: ='D4 Gallon Forecast'!H87 -> 0 | I53: ='D4 Gallon Forecast'!I87 -> 0 | ... AQ53: ='D4 Gallon Forecast'!AQ87 -> 1 | AU53: =AVERAGE(K53:O53) -> 0 | AV53: =P53-AU53 -> 0 | AW53: =P53-O53 -> 0 | AX53: =P53/31 -> 0 | AY53: =AU53/31 -> 0 | AZ53: =AX53-AY53 -> 0
A54: April | B54: ='D4 Gallon Forecast'!B88 -> 0 | C54: ='D4 Gallon Forecast'!C88 -> 0 | D54: ='D4 Gallon Forecast'!D88 -> 0 | E54: ='D4 Gallon Forecast'!E88 -> 0 | F54: ='D4 Gallon Forecast'!F88 -> 0 | G54: ='D4 Gallon Forecast'!G88 -> 0 | H54: ='D4 Gallon Forecast'!H88 -> 0 | I54: ='D4 Gallon Forecast'!I88 -> 0 | ... AQ54: ='D4 Gallon Forecast'!AQ88 -> 1 | AU54: =AVERAGE(K54:O54) -> 0 | AV54: =P54-AU54 -> 0 | AW54: =P54-O54 -> 0 | AX54: =P54/30 -> 0 | AY54: =AU54/30 -> 0 | AZ54: =AX54-AY54 -> 0
A55: May | B55: ='D4 Gallon Forecast'!B89 -> 0 | C55: ='D4 Gallon Forecast'!C89 -> 0 | D55: ='D4 Gallon Forecast'!D89 -> 4864398 | E55: ='D4 Gallon Forecast'!E89 -> 0 | F55: ='D4 Gallon Forecast'!F89 -> 0 | G55: ='D4 Gallon Forecast'!G89 -> 0 | H55: ='D4 Gallon Forecast'!H89 -> 0 | I55: ='D4 Gallon Forecast'!I89 -> 0 | ... AQ55: ='D4 Gallon Forecast'!AQ89 -> 1 | AU55: =AVERAGE(K55:O55) -> 0 | AV55: =P55-AU55 -> 0 | AW55: =P55-O55 -> 0 | AX55: =P55/31 -> 0 | AY55: =AU55/31 -> 0 | AZ55: =AX55-AY55 -> 0
A56: June | B56: ='D4 Gallon Forecast'!B90 -> 0 | C56: ='D4 Gallon Forecast'!C90 -> 0 | D56: ='D4 Gallon Forecast'!D90 -> 0 | E56: ='D4 Gallon Forecast'!E90 -> 0 | F56: ='D4 Gallon Forecast'!F90 -> 0 | G56: ='D4 Gallon Forecast'!G90 -> 0 | H56: ='D4 Gallon Forecast'!H90 -> 0 | I56: ='D4 Gallon Forecast'!I90 -> 0 | ... AQ56: ='D4 Gallon Forecast'!AQ90 -> 1 | AU56: =AVERAGE(K56:O56) -> 0 | AV56: =P56-AU56 -> 0 | AW56: =P56-O56 -> 0 | AX56: =P56/30 -> 0 | AY56: =AU56/30 -> 0 | AZ56: =AX56-AY56 -> 0
A57: July | B57: ='D4 Gallon Forecast'!B91 -> 0 | C57: ='D4 Gallon Forecast'!C91 -> 0 | D57: ='D4 Gallon Forecast'!D91 -> 0 | E57: ='D4 Gallon Forecast'!E91 -> 0 | F57: ='D4 Gallon Forecast'!F91 -> 0 | G57: ='D4 Gallon Forecast'!G91 -> 0 | H57: ='D4 Gallon Forecast'!H91 -> 0 | I57: ='D4 Gallon Forecast'!I91 -> 0 | ... AQ57: ='D4 Gallon Forecast'!AQ91 -> 1 | AU57: =AVERAGE(K57:O57) -> 0 | AV57: =P57-AU57 -> 0 | AW57: =P57-O57 -> 0 | AX57: =P57/31 -> 0 | AY57: =AU57/31 -> 0 | AZ57: =AX57-AY57 -> 0
A58: August | B58: ='D4 Gallon Forecast'!B92 -> 0 | C58: ='D4 Gallon Forecast'!C92 -> 0 | D58: ='D4 Gallon Forecast'!D92 -> 0 | E58: ='D4 Gallon Forecast'!E92 -> 1511102 | F58: ='D4 Gallon Forecast'!F92 -> 0 | G58: ='D4 Gallon Forecast'!G92 -> 0 | H58: ='D4 Gallon Forecast'!H92 -> 0 | I58: ='D4 Gallon Forecast'!I92 -> 0 | ... AQ58: ='D4 Gallon Forecast'!AQ92 -> 1 | AU58: =AVERAGE(K58:O58) -> 0 | AV58: =P58-AU58 -> 0 | AW58: =P58-O58 -> 0 | AX58: =P58/31 -> 0 | AY58: =AU58/31 -> 0 | AZ58: =AX58-AY58 -> 0
A59: September | B59: ='D4 Gallon Forecast'!B93 -> 0 | C59: ='D4 Gallon Forecast'!C93 -> 0 | D59: ='D4 Gallon Forecast'!D93 -> 0 | E59: ='D4 Gallon Forecast'!E93 -> 0 | F59: ='D4 Gallon Forecast'!F93 -> 0 | G59: ='D4 Gallon Forecast'!G93 -> 0 | H59: ='D4 Gallon Forecast'!H93 -> 0 | I59: ='D4 Gallon Forecast'!I93 -> 0 | ... AQ59: ='D4 Gallon Forecast'!AQ93 -> 1 | AU59: =AVERAGE(K59:O59) -> 0 | AV59: =P59-AU59 -> 0 | AW59: =P59-O59 -> 0 | AX59: =P59/30 -> 0 | AY59: =AU59/30 -> 0 | AZ59: =AX59-AY59 -> 0
A60: October | B60: ='D4 Gallon Forecast'!B94 -> 0 | C60: ='D4 Gallon Forecast'!C94 -> 0 | D60: ='D4 Gallon Forecast'!D94 -> 701526 | E60: ='D4 Gallon Forecast'!E94 -> 0 | F60: ='D4 Gallon Forecast'!F94 -> 0 | G60: ='D4 Gallon Forecast'!G94 -> 0 | H60: ='D4 Gallon Forecast'!H94 -> 0 | I60: ='D4 Gallon Forecast'!I94 -> 0 | ... AQ60: ='D4 Gallon Forecast'!AQ94 -> 1 | AU60: =AVERAGE(K60:O60) -> 0 | AV60: =P60-AU60 -> 0 | AW60: =P60-O60 -> 0 | AX60: =P60/31 -> 0 | AY60: =AU60/31 -> 0 | AZ60: =AX60-AY60 -> 0
A61: November | B61: ='D4 Gallon Forecast'!B95 -> 0 | C61: ='D4 Gallon Forecast'!C95 -> 0 | D61: ='D4 Gallon Forecast'!D95 -> 0 | E61: ='D4 Gallon Forecast'!E95 -> 1279661 | F61: ='D4 Gallon Forecast'!F95 -> 0 | G61: ='D4 Gallon Forecast'!G95 -> 0 | H61: ='D4 Gallon Forecast'!H95 -> 0 | I61: ='D4 Gallon Forecast'!I95 -> 0 | ... AQ61: ='D4 Gallon Forecast'!AQ95 -> 1 | AU61: =AVERAGE(K61:O61) -> 0 | AV61: =P61-AU61 -> 0 | AW61: =P61-O61 -> 0 | AX61: =P61/30 -> 0 | AY61: =AU61/30 -> 0 | AZ61: =AX61-AY61 -> 0
A62: December | B62: ='D4 Gallon Forecast'!B96 -> 0 | C62: ='D4 Gallon Forecast'!C96 -> 0 | D62: ='D4 Gallon Forecast'!D96 -> 0 | E62: ='D4 Gallon Forecast'!E96 -> 0 | F62: ='D4 Gallon Forecast'!F96 -> 0 | G62: ='D4 Gallon Forecast'!G96 -> 0 | H62: ='D4 Gallon Forecast'!H96 -> 0 | I62: ='D4 Gallon Forecast'!I96 -> 0 | ... AQ62: ='D4 Gallon Forecast'!AQ96 -> 1 | AU62: =AVERAGE(K62:O62) -> 0 | AV62: =P62-AU62 -> 0 | AW62: =P62-O62 -> 0 | AX62: =P62/31 -> 0 | AY62: =AU62/31 -> 0 | AZ62: =AX62-AY62 -> 0
A63: Total | B63: =SUM(B51:B62) -> 0 | C63: =SUM(C51:C62) -> 0 | D63: =SUM(D51:D62) -> 6781908 | E63: =SUM(E51:E62) -> 2790763 | F63: =SUM(F51:F62) -> 0 | G63: =SUM(G51:G62) -> 0 | H63: =SUM(H51:H62) -> 0 | I63: =SUM(I51:I62) -> 0 | ... AQ63: =SUM(AQ51:AQ62) -> 12 | AU63: =AVERAGE(K63:O63) -> 0 | AV63: =P63-AU63 -> 0
A65: Renewable Diesel - Total
B66: 2010 | C66: 2011 | D66: 2012 | E66: 2013 | F66: 2014 | G66: 2015 | H66: 2016 | I66: 2017 | J66: 2018 | K66: 2019 | L66: 2020 | M66: 2021 | N66: 2022 | O66: 2023 | P66: 2024 | Q66: 2025 | R66: 2026 | S66: 2027 | T66: 2028 | U66: 2029 | V66: 2030 | W66: 2031 | X66: 2032 | Y66: 2033 | Z66: 2034 | AA66: =AA2 -> 2035 | AB66: =AB2 -> 2036 | AC66: =AC2 -> 2037 | AD66: =AD2 -> 2038 | AE66: =AE2 -> 2039 | AF66: =AF2 -> 2040 | AG66: =AG2 -> 2041 | AH66: =AH2 -> 2042 | ... AQ66: =AQ2 -> 2051 | AU66: 5-Yr Avg | AV66: Delta to 5-Yr | AW66: Yr/Yr Change | AX66: Daily Avg | AY66: 5-Yr Avg Daily | AZ66: Delta to 5-Yr
A67: January | B67: =B83+B99+B115 -> 0 | C67: =C83+C99+C115 -> 4427855 | D67: =D83+D99+D115 -> 4217364 | E67: =E83+E99+E115 -> 8288468 | F67: =F83+F99+F115 -> 43729400 | G67: =G83+G99+G115 -> 47688011 | H67: =H83+H99+H115 -> 37957269 | I67: =I83+I99+I115 -> 49037230 | ... AQ67: =AQ83+AQ99+AQ115 -> 4.6171833e+08 | AS67: =O67/N78-1 -> -0.032390717 | AU67: =AVERAGE(K67:O67) -> 1.0680452e+08 | AV67: =P67-AU67 -> 1.476387e+08 | AW67: =P67-O67 -> 64016138 | AX67: =P67/31 -> 8207845.9 | AY67: =AU67/31 -> 3445307.2 | AZ67: =AX67-AY67 -> 4762538.8
A68: February | B68: =B84+B100+B116 -> 0 | C68: =C84+C100+C116 -> 962206 | D68: =D84+D100+D116 -> 3189484 | E68: =E84+E100+E116 -> 3698582 | F68: =F84+F100+F116 -> 48246869 | G68: =G84+G100+G116 -> 39084630 | H68: =H84+H100+H116 -> 31785058 | I68: =I84+I100+I116 -> 45287792 | ... AQ68: =AQ84+AQ100+AQ116 -> 5.0984201e+08 | AS68: =O68/O67-1 -> -0.083887966 | AU68: =AVERAGE(K68:O68) -> 1.094488e+08 | AV68: =P68-AU68 -> 1.7683866e+08 | AW68: =P68-O68 -> 111834914 | AX68: =P68/28 -> 10224552 | AY68: =AU68/28 -> 3908885.7 | AZ68: =AX68-AY68 -> 6315666.4
A69: March | B69: =B85+B101+B117 -> 0 | C69: =C85+C101+C117 -> 3151383 | D69: =D85+D101+D117 -> 8472698 | E69: =E85+E101+E117 -> 19820780 | F69: =F85+F101+F117 -> 50722783 | G69: =G85+G101+G117 -> 42174620 | H69: =H85+H101+H117 -> 43863835 | I69: =I85+I101+I117 -> 46734971 | ... AQ69: =AQ85+AQ101+AQ117 -> 5.3644301e+08 | AS69: =O69/O68-1 -> 0.29091296 | AU69: =AVERAGE(K69:O69) -> 128334803 | AV69: =P69-AU69 -> 113536014 | AW69: =P69-O69 -> 16667765 | AX69: =P69/31 -> 7802284.4 | AY69: =AU69/31 -> 4139832.4 | AZ69: =AX69-AY69 -> 3662452.1
A70: April | B70: =B86+B102+B118 -> 0 | C70: =C86+C102+C118 -> 1966907 | D70: =D86+D102+D118 -> 4201229 | E70: =E86+E102+E118 -> 10263783 | F70: =F86+F102+F118 -> 52170893 | G70: =G86+G102+G118 -> 43204824 | H70: =H86+H102+H118 -> 55648397 | I70: =I86+I102+I118 -> 49293215 | ... AQ70: =AQ86+AQ102+AQ118 -> 5.2155239e+08 | AS70: =O70/O69-1 -> -0.031455315 | AU70: =AVERAGE(K70:O70) -> 121732774 | AV70: =P70-AU70 -> 189084247 | AW70: =P70-O70 -> 92697802 | AX70: =P70/30 -> 10360567 | AY70: =AU70/30 -> 4057759.1 | AZ70: =AX70-AY70 -> 6302808.2
A71: May | B71: =B87+B103+B119 -> 0 | C71: =C87+C103+C119 -> 7525643 | D71: =D87+D103+D119 -> 7203882 | E71: =E87+E103+E119 -> 26239954 | F71: =F87+F103+F119 -> 45476771 | G71: =G87+G103+G119 -> 45749085 | H71: =H87+H103+H119 -> 52952774 | I71: =I87+I103+I119 -> 55225042 | ... AQ71: =AQ87+AQ103+AQ119 -> 5.8253363e+08 | AS71: =O71/O70-1 -> 0.30673423 | AU71: =AVERAGE(K71:O71) -> 1.4471686e+08 | AV71: =P71-AU71 -> 1.0536659e+08 | AW71: =P71-O71 -> -34940400 | AX71: =P71/31 -> 8067208 | AY71: =AU71/31 -> 4668285.9 | AZ71: =AX71-AY71 -> 3398922.2
A72: June | B72: =B88+B104+B120 -> 0 | C72: =C88+C104+C120 -> 4563727 | D72: =D88+D104+D120 -> 6282828 | E72: =E88+E104+E120 -> 35619174 | F72: =F88+F104+F120 -> 47738773 | G72: =G88+G104+G120 -> 42189925 | H72: =H88+H104+H120 -> 52274134 | I72: =I88+I104+I120 -> 45475641 | ... AQ72: =AQ88+AQ104+AQ120 -> 5.7843239e+08 | AS72: =O72/O71-1 -> -0.15480999 | AU72: =AVERAGE(K72:O72) -> 1.311777e+08 | AV72: =P72-AU72 -> 2.0788303e+08 | AW72: =P72-O72 -> 98161423 | AX72: =P72/30 -> 11302024 | AY72: =AU72/30 -> 4372589.9 | AZ72: =AX72-AY72 -> 6929434.5
A73: July | B73: =B89+B105+B121 -> 314992 | C73: =C89+C105+C121 -> 6466366 | D73: =D89+D105+D121 -> 9363985 | E73: =E89+E105+E121 -> 56167716 | F73: =F89+F105+F121 -> 52561093 | G73: =G89+G105+G121 -> 45828690 | H73: =H89+H105+H121 -> 50243696 | I73: =I89+I105+I121 -> 50449779 | ... AQ73: =AQ89+AQ105+AQ121 -> 5.6470816e+08 | AS73: =O73/O72-1 -> -0.045465585 | AU73: =AVERAGE(K73:O73) -> 1.1545257e+08 | AV73: =P73-AU73 -> 2.2425722e+08 | AW73: =P73-O73 -> 109763107 | AX73: =P73/31 -> 10958380 | AY73: =AU73/31 -> 3724276.3 | AZ73: =AX73-AY73 -> 7234104
A74: August | B74: =B90+B106+B122 -> 730498 | C74: =C90+C106+C122 -> 8445355 | D74: =D90+D106+D122 -> 6511922 | E74: =E90+E106+E122 -> 53221399 | F74: =F90+F106+F122 -> 30510731 | G74: =G90+G106+G122 -> 45077427 | H74: =H90+H106+H122 -> 55986656 | I74: =I90+I106+I122 -> 56139988 | ... AQ74: =AQ90+AQ106+AQ122 -> 5.720549e+08 | AS74: =O74/O73-1 -> 0.068440057 | AU74: =AVERAGE(K74:O74) -> 1.2395814e+08 | AV74: =P74-AU74 -> 1.5950907e+08 | AW74: =P74-O74 -> 37782964 | AX74: =P74/31 -> 9144103.5 | AY74: =AU74/31 -> 3998649.7 | AZ74: =AX74-AY74 -> 5145453.8
A75: September | B75: =B91+B107+B123 -> 973736 | C75: =C91+C107+C123 -> 5899070 | D75: =D91+D107+D123 -> 12552853 | E75: =E91+E107+E123 -> 54362368 | F75: =F91+F107+F123 -> 5949426 | G75: =G91+G107+G123 -> 41656360 | H75: =H91+H107+H123 -> 49073433 | I75: =I91+I107+I123 -> 51447455 | ... AQ75: =AQ91+AQ107+AQ123 -> 5.8295249e+08 | AS75: =O75/O74-1 -> -0.016858326 | AU75: =AVERAGE(K75:O75) -> 1.3729832e+08 | AV75: =P75-AU75 -> 1.6343523e+08 | AW75: =P75-O75 -> 59191129 | AX75: =P75/30 -> 10024452 | AY75: =AU75/30 -> 4576610.7 | AZ75: =AX75-AY75 -> 5447841
A76: October | B76: =B92+B108+B124 -> 1453856 | C76: =C92+C108+C124 -> 6918026 | D76: =D92+D108+D124 -> 16571869 | E76: =E92+E108+E124 -> 54163560 | F76: =F92+F108+F124 -> 15539562 | G76: =G92+G108+G124 -> 42963029 | H76: =H92+H108+H124 -> 49671864 | I76: =I92+I108+I124 -> 57661938 | ... AQ76: =AQ92+AQ108+AQ124 -> 6.4120284e+08 | AS76: =O76/O75-1 -> 0.072977918 | AU76: =AVERAGE(K76:O76) -> 1.396282e+08 | AV76: =P76-AU76 -> 1.6534233e+08 | AW76: =P76-O76 -> 45800844 | AX76: =P76/31 -> 9837759 | AY76: =AU76/31 -> 4504135.4 | AZ76: =AX76-AY76 -> 5333623.5
A77: November | B77: =B93+B109+B125 -> 2233776 | C77: =C93+C109+C125 -> 5233920 | D77: =D93+D109+D125 -> 15888982 | E77: =E93+E109+E125 -> 50816893 | F77: =F93+F109+F125 -> 45060319 | G77: =G93+G109+G125 -> 39486879 | H77: =H93+H109+H125 -> 56154194 | I77: =I93+I109+I125 -> 39184322 | ... AQ77: =AQ93+AQ109+AQ125 -> 7.7759545e+08 | AS77: =O77/O76-1 -> -0.039917296 | AU77: =AVERAGE(K77:O77) -> 1.533584e+08 | AV77: =P77-AU77 -> 1.4493781e+08 | AW77: =P77-O77 -> 49471888 | AX77: =P77/30 -> 9943207.3 | AY77: =AU77/30 -> 5111946.8 | AZ77: =AX77-AY77 -> 4831260.5
A78: December | B78: =B94+B110+B126 -> 3069735 | C78: =C94+C110+C126 -> 6480832 | D78: =D94+D110+D126 -> 8216928 | E78: =E94+E110+E126 -> 44022723 | F78: =F94+F110+F126 -> 50186076 | G78: =G94+G110+G126 -> 38041094 | H78: =H94+H110+H126 -> 55562161 | I78: =I94+I110+I126 -> 56786447 | ... AQ78: =AQ94+AQ110+AQ126 -> 8.8432733e+08 | AS78: =O78/O77-1 -> 0.28924493 | AU78: =AVERAGE(K78:O78) -> 1.7534522e+08 | AV78: =P78-AU78 -> 1.7590555e+08 | AW78: =P78-O78 -> 30455265 | AX78: =P78/31 -> 11330670 | AY78: =AU78/31 -> 5656297.4 | AZ78: =AX78-AY78 -> 5674372.7
A79: Total | B79: =SUM(B67:B78) -> 8776593 | C79: =SUM(C67:C78) -> 62041290 | D79: =SUM(D67:D78) -> 102674024 | E79: =SUM(E67:E78) -> 416685400 | F79: =SUM(F67:F78) -> 487892696 | G79: =SUM(G67:G78) -> 513144574 | H79: =SUM(H67:H78) -> 591173471 | I79: =SUM(I67:I78) -> 602723820 | ... AQ79: =SUM(AQ67:AQ78) -> 7.2133629e+09 | AU79: =AVERAGE(K79:O79) -> 1.5872563e+09 | AV79: =P79-AU79 -> 1.9737345e+09
M80: =M74/M73-1 -> 0.54654411
A81: Renewable Diesel - Domestic
B82: =B18 -> 2010 | C82: =C18 -> 2011 | D82: =D18 -> 2012 | E82: =E18 -> 2013 | F82: =F18 -> 2014 | G82: =G18 -> 2015 | H82: =H18 -> 2016 | I82: =I18 -> 2017 | ... Z82: =Z18 -> 2034 | AA82: =AA2 -> 2035 | AB82: =AB2 -> 2036 | AC82: =AC2 -> 2037 | AD82: =AD2 -> 2038 | AE82: =AE2 -> 2039 | AF82: =AF2 -> 2040 | AG82: =AG2 -> 2041 | AH82: =AH2 -> 2042 | ... AQ82: =AQ2 -> 2051 | AV82: Yr/Yr Change | AW82: Daily Avg | AX82: Forecast | AY82: Delta
A83: January | B83: ='D4 Gallon Forecast'!B133+'D5 Gallon Forecast'!B120+'D6 Gallon Forecast'!B209 -> 0 | C83: ='D4 Gallon Forecast'!C133+'D5 Gallon Forecast'!C120+'D6 Gallon Forecast'!C209 -> 4427855 | D83: ='D4 Gallon Forecast'!D133+'D5 Gallon Forecast'!D120+'D6 Gallon Forecast'!D209 -> 4217364 | E83: ='D4 Gallon Forecast'!E133+'D5 Gallon Forecast'!E120+'D6 Gallon Forecast'!E209 -> 1278753 | F83: ='D4 Gallon Forecast'!F133+'D5 Gallon Forecast'!F120+'D6 Gallon Forecast'!F209 -> 10328729 | G83: ='D4 Gallon Forecast'!G133+'D5 Gallon Forecast'!G120+'D6 Gallon Forecast'!G209 -> 17504679 | H83: ='D4 Gallon Forecast'!H133+'D5 Gallon Forecast'!H120+'D6 Gallon Forecast'!H209 -> 11758144 | I83: ='D4 Gallon Forecast'!I133+'D5 Gallon Forecast'!I120+'D6 Gallon Forecast'!I209 -> 18560535 | ... AQ83: ='D4 Gallon Forecast'!AQ133+'D5 Gallon Forecast'!AQ120+'D6 Gallon Forecast'!AQ209 -> 4.5907534e+08 | AS83: =O94/P83-1 -> 0.19376271 | AT83: =AA83/O83 -> 1.8272961 | AV83: =O83-N83 -> 61268131 | AW83: =O83/31 -> 4783173.4 | AX83: ='D4 Gallon Forecast'!BM133+'D5 Gallon Forecast'!AX120+'D6 Gallon Forecast'!BK209 -> 8346201.1 | AY83: =O83-AX83 -> 1.3993217e+08
A84: February | B84: ='D4 Gallon Forecast'!B134+'D5 Gallon Forecast'!B121+'D6 Gallon Forecast'!B210 -> 0 | C84: ='D4 Gallon Forecast'!C134+'D5 Gallon Forecast'!C121+'D6 Gallon Forecast'!C210 -> 962206 | D84: ='D4 Gallon Forecast'!D134+'D5 Gallon Forecast'!D121+'D6 Gallon Forecast'!D210 -> 3189484 | E84: ='D4 Gallon Forecast'!E134+'D5 Gallon Forecast'!E121+'D6 Gallon Forecast'!E210 -> 1292690 | F84: ='D4 Gallon Forecast'!F134+'D5 Gallon Forecast'!F121+'D6 Gallon Forecast'!F210 -> 12293217 | G84: ='D4 Gallon Forecast'!G134+'D5 Gallon Forecast'!G121+'D6 Gallon Forecast'!G210 -> 13481081 | H84: ='D4 Gallon Forecast'!H134+'D5 Gallon Forecast'!H121+'D6 Gallon Forecast'!H210 -> 7354950 | I84: ='D4 Gallon Forecast'!I134+'D5 Gallon Forecast'!I121+'D6 Gallon Forecast'!I210 -> 21042625 | ... AQ84: ='D4 Gallon Forecast'!AQ134+'D5 Gallon Forecast'!AQ121+'D6 Gallon Forecast'!AQ210 -> 5.0622307e+08 | AS84: =P84/P83-1 -> -0.00059349222 | AT84: =AA84/O84 -> 2.093284 | AV84: =O84-N84 -> 39673868 | AW84: =O84/28 -> 5038227.1 | AX84: ='D4 Gallon Forecast'!BM134+'D5 Gallon Forecast'!AX121+'D6 Gallon Forecast'!BK210 -> 6800105.6 | AY84: =O84-AX84 -> 1.3427025e+08
A85: March | B85: ='D4 Gallon Forecast'!B135+'D5 Gallon Forecast'!B122+'D6 Gallon Forecast'!B211 -> 0 | C85: ='D4 Gallon Forecast'!C135+'D5 Gallon Forecast'!C122+'D6 Gallon Forecast'!C211 -> 3151383 | D85: ='D4 Gallon Forecast'!D135+'D5 Gallon Forecast'!D122+'D6 Gallon Forecast'!D211 -> 5354270 | E85: ='D4 Gallon Forecast'!E135+'D5 Gallon Forecast'!E122+'D6 Gallon Forecast'!E211 -> 1874493 | F85: ='D4 Gallon Forecast'!F135+'D5 Gallon Forecast'!F122+'D6 Gallon Forecast'!F211 -> 14953326 | G85: ='D4 Gallon Forecast'!G135+'D5 Gallon Forecast'!G122+'D6 Gallon Forecast'!G211 -> 16109924 | H85: ='D4 Gallon Forecast'!H135+'D5 Gallon Forecast'!H122+'D6 Gallon Forecast'!H211 -> 17925081 | I85: ='D4 Gallon Forecast'!I135+'D5 Gallon Forecast'!I122+'D6 Gallon Forecast'!I211 -> 15856580 | ... AQ85: ='D4 Gallon Forecast'!AQ135+'D5 Gallon Forecast'!AQ122+'D6 Gallon Forecast'!AQ211 -> 5.331839e+08 | AS85: =P85/P84-1 -> -0.06448515 | AT85: =AA85/O85 -> 1.7160038 | AV85: =O85-N85 -> 74117820 | AW85: =O85/31 -> 5941089.6 | AX85: ='D4 Gallon Forecast'!BM135+'D5 Gallon Forecast'!AX122+'D6 Gallon Forecast'!BK211 -> 62448106 | AY85: =O85-AX85 -> 1.2172567e+08
A86: April | B86: ='D4 Gallon Forecast'!B136+'D5 Gallon Forecast'!B123+'D6 Gallon Forecast'!B212 -> 0 | C86: ='D4 Gallon Forecast'!C136+'D5 Gallon Forecast'!C123+'D6 Gallon Forecast'!C212 -> 1966907 | D86: ='D4 Gallon Forecast'!D136+'D5 Gallon Forecast'!D123+'D6 Gallon Forecast'!D212 -> 3552348 | E86: ='D4 Gallon Forecast'!E136+'D5 Gallon Forecast'!E123+'D6 Gallon Forecast'!E212 -> 1673823 | F86: ='D4 Gallon Forecast'!F136+'D5 Gallon Forecast'!F123+'D6 Gallon Forecast'!F212 -> 13676328 | G86: ='D4 Gallon Forecast'!G136+'D5 Gallon Forecast'!G123+'D6 Gallon Forecast'!G212 -> 15732656 | H86: ='D4 Gallon Forecast'!H136+'D5 Gallon Forecast'!H123+'D6 Gallon Forecast'!H212 -> 21253081 | I86: ='D4 Gallon Forecast'!I136+'D5 Gallon Forecast'!I123+'D6 Gallon Forecast'!I212 -> 20403202 | ... AQ86: ='D4 Gallon Forecast'!AQ136+'D5 Gallon Forecast'!AQ123+'D6 Gallon Forecast'!AQ212 -> 5.1769531e+08 | AS86: =P86/P85-1 -> 0.31570761 | AT86: =AA86/O86 -> 1.7338557 | AV86: =O86-N86 -> 67926878 | AW86: =O86/30 -> 5813584.7 | AX86: ='D4 Gallon Forecast'!BM136+'D5 Gallon Forecast'!AX123+'D6 Gallon Forecast'!BK212 -> 25390981 | AY86: =O86-AX86 -> 1.4901656e+08
A87: May | B87: ='D4 Gallon Forecast'!B137+'D5 Gallon Forecast'!B124+'D6 Gallon Forecast'!B213 -> 0 | C87: ='D4 Gallon Forecast'!C137+'D5 Gallon Forecast'!C124+'D6 Gallon Forecast'!C213 -> 7525643 | D87: ='D4 Gallon Forecast'!D137+'D5 Gallon Forecast'!D124+'D6 Gallon Forecast'!D213 -> 3766248 | E87: ='D4 Gallon Forecast'!E137+'D5 Gallon Forecast'!E124+'D6 Gallon Forecast'!E213 -> 2792467 | F87: ='D4 Gallon Forecast'!F137+'D5 Gallon Forecast'!F124+'D6 Gallon Forecast'!F213 -> 16218844 | G87: ='D4 Gallon Forecast'!G137+'D5 Gallon Forecast'!G124+'D6 Gallon Forecast'!G213 -> 15741162 | H87: ='D4 Gallon Forecast'!H137+'D5 Gallon Forecast'!H124+'D6 Gallon Forecast'!H213 -> 21933497 | I87: ='D4 Gallon Forecast'!I137+'D5 Gallon Forecast'!I124+'D6 Gallon Forecast'!I213 -> 24392752 | ... AQ87: ='D4 Gallon Forecast'!AQ137+'D5 Gallon Forecast'!AQ124+'D6 Gallon Forecast'!AQ213 -> 5.7831476e+08 | AS87: =P87/P86-1 -> -0.22171251 | AT87: =AA87/O87 -> 1.472957 | AV87: =O87-N87 -> 93189612 | AW87: =O87/31 -> 7395655.9 | AX87: ='D4 Gallon Forecast'!BM137+'D5 Gallon Forecast'!AX124+'D6 Gallon Forecast'!BK213 -> 24319057 | AY87: =O87-AX87 -> 2.0494628e+08
A88: June | B88: ='D4 Gallon Forecast'!B138+'D5 Gallon Forecast'!B125+'D6 Gallon Forecast'!B214 -> 0 | C88: ='D4 Gallon Forecast'!C138+'D5 Gallon Forecast'!C125+'D6 Gallon Forecast'!C214 -> 4563727 | D88: ='D4 Gallon Forecast'!D138+'D5 Gallon Forecast'!D125+'D6 Gallon Forecast'!D214 -> 3592628 | E88: ='D4 Gallon Forecast'!E138+'D5 Gallon Forecast'!E125+'D6 Gallon Forecast'!E214 -> 7255975 | F88: ='D4 Gallon Forecast'!F138+'D5 Gallon Forecast'!F125+'D6 Gallon Forecast'!F214 -> 15664923 | G88: ='D4 Gallon Forecast'!G138+'D5 Gallon Forecast'!G125+'D6 Gallon Forecast'!G214 -> 14419983 | H88: ='D4 Gallon Forecast'!H138+'D5 Gallon Forecast'!H125+'D6 Gallon Forecast'!H214 -> 22569322 | I88: ='D4 Gallon Forecast'!I138+'D5 Gallon Forecast'!I125+'D6 Gallon Forecast'!I214 -> 17747238 | ... AQ88: ='D4 Gallon Forecast'!AQ138+'D5 Gallon Forecast'!AQ125+'D6 Gallon Forecast'!AQ214 -> 5.7359767e+08 | AS88: =P88/P87-1 -> 0.2821509 | AT88: =AA88/O88 -> 1.6716995 | AV88: =O88-N88 -> 86237724 | AW88: =O88/30 -> 6749700 | AX88: ='D4 Gallon Forecast'!BM138+'D5 Gallon Forecast'!AX125+'D6 Gallon Forecast'!BK214 -> 17635527 | AY88: =O88-AX88 -> 1.8485547e+08
A89: July | B89: ='D4 Gallon Forecast'!B139+'D5 Gallon Forecast'!B126+'D6 Gallon Forecast'!B215 -> 314992 | C89: ='D4 Gallon Forecast'!C139+'D5 Gallon Forecast'!C126+'D6 Gallon Forecast'!C215 -> 6466366 | D89: ='D4 Gallon Forecast'!D139+'D5 Gallon Forecast'!D126+'D6 Gallon Forecast'!D215 -> 6278711 | E89: ='D4 Gallon Forecast'!E139+'D5 Gallon Forecast'!E126+'D6 Gallon Forecast'!E215 -> 15712345 | F89: ='D4 Gallon Forecast'!F139+'D5 Gallon Forecast'!F126+'D6 Gallon Forecast'!F215 -> 13997563 | G89: ='D4 Gallon Forecast'!G139+'D5 Gallon Forecast'!G126+'D6 Gallon Forecast'!G215 -> 15521249 | H89: ='D4 Gallon Forecast'!H139+'D5 Gallon Forecast'!H126+'D6 Gallon Forecast'!H215 -> 19520008 | I89: ='D4 Gallon Forecast'!I139+'D5 Gallon Forecast'!I126+'D6 Gallon Forecast'!I215 -> 19651809 | ... AQ89: ='D4 Gallon Forecast'!AQ139+'D5 Gallon Forecast'!AQ126+'D6 Gallon Forecast'!AQ215 -> 5.6180838e+08 | AS89: =P89/P88-1 -> 0.035021198 | AT89: =AA89/O89 -> 1.8030334 | AV89: =O89-N89 -> 73821236 | AW89: =O89/31 -> 5896670.1 | AX89: ='D4 Gallon Forecast'!BM139+'D5 Gallon Forecast'!AX126+'D6 Gallon Forecast'!BK215 -> 18973953 | AY89: =O89-AX89 -> 1.6382282e+08
A90: August | B90: ='D4 Gallon Forecast'!B140+'D5 Gallon Forecast'!B127+'D6 Gallon Forecast'!B216 -> 730498 | C90: ='D4 Gallon Forecast'!C140+'D5 Gallon Forecast'!C127+'D6 Gallon Forecast'!C216 -> 8445355 | D90: ='D4 Gallon Forecast'!D140+'D5 Gallon Forecast'!D127+'D6 Gallon Forecast'!D216 -> 5481101 | E90: ='D4 Gallon Forecast'!E140+'D5 Gallon Forecast'!E127+'D6 Gallon Forecast'!E216 -> 15256251 | F90: ='D4 Gallon Forecast'!F140+'D5 Gallon Forecast'!F127+'D6 Gallon Forecast'!F216 -> 2043114 | G90: ='D4 Gallon Forecast'!G140+'D5 Gallon Forecast'!G127+'D6 Gallon Forecast'!G216 -> 15100408 | H90: ='D4 Gallon Forecast'!H140+'D5 Gallon Forecast'!H127+'D6 Gallon Forecast'!H216 -> 24799964 | I90: ='D4 Gallon Forecast'!I140+'D5 Gallon Forecast'!I127+'D6 Gallon Forecast'!I216 -> 24672392 | ... AQ90: ='D4 Gallon Forecast'!AQ140+'D5 Gallon Forecast'!AQ127+'D6 Gallon Forecast'!AQ216 -> 5.6984816e+08 | AS90: =P90/P89-1 -> -0.10939257 | AV90: =O90-N90 -> 114420118 | AW90: =O90/31 -> 7634486.2 | AX90: ='D4 Gallon Forecast'!BM140+'D5 Gallon Forecast'!AX127+'D6 Gallon Forecast'!BK216 -> 18300123 | AY90: =O90-AX90 -> 2.1836895e+08
A91: September | B91: ='D4 Gallon Forecast'!B141+'D5 Gallon Forecast'!B128+'D6 Gallon Forecast'!B217 -> 973736 | C91: ='D4 Gallon Forecast'!C141+'D5 Gallon Forecast'!C128+'D6 Gallon Forecast'!C217 -> 5899070 | D91: ='D4 Gallon Forecast'!D141+'D5 Gallon Forecast'!D128+'D6 Gallon Forecast'!D217 -> 3738917 | E91: ='D4 Gallon Forecast'!E141+'D5 Gallon Forecast'!E128+'D6 Gallon Forecast'!E217 -> 17641091 | F91: ='D4 Gallon Forecast'!F141+'D5 Gallon Forecast'!F128+'D6 Gallon Forecast'!F217 -> 5949426 | G91: ='D4 Gallon Forecast'!G141+'D5 Gallon Forecast'!G128+'D6 Gallon Forecast'!G217 -> 13846255 | H91: ='D4 Gallon Forecast'!H141+'D5 Gallon Forecast'!H128+'D6 Gallon Forecast'!H217 -> 19215411 | I91: ='D4 Gallon Forecast'!I141+'D5 Gallon Forecast'!I128+'D6 Gallon Forecast'!I217 -> 21967038 | ... AQ91: ='D4 Gallon Forecast'!AQ141+'D5 Gallon Forecast'!AQ128+'D6 Gallon Forecast'!AQ217 -> 5.8023409e+08 | AS91: =P91/P90-1 -> -0.0098369701 | AV91: =O91-N91 -> 106395130 | AW91: =O91/30 -> 7800283.6 | AX91: ='D4 Gallon Forecast'!BM141+'D5 Gallon Forecast'!AX128+'D6 Gallon Forecast'!BK217 -> 21101604 | AY91: =O91-AX91 -> 2.129069e+08
A92: October | B92: ='D4 Gallon Forecast'!B142+'D5 Gallon Forecast'!B129+'D6 Gallon Forecast'!B218 -> 1453856 | C92: ='D4 Gallon Forecast'!C142+'D5 Gallon Forecast'!C129+'D6 Gallon Forecast'!C218 -> 6918026 | D92: ='D4 Gallon Forecast'!D142+'D5 Gallon Forecast'!D129+'D6 Gallon Forecast'!D218 -> 3853854 | E92: ='D4 Gallon Forecast'!E142+'D5 Gallon Forecast'!E129+'D6 Gallon Forecast'!E218 -> 18931762 | F92: ='D4 Gallon Forecast'!F142+'D5 Gallon Forecast'!F129+'D6 Gallon Forecast'!F218 -> 14721823 | G92: ='D4 Gallon Forecast'!G142+'D5 Gallon Forecast'!G129+'D6 Gallon Forecast'!G218 -> 13414121 | H92: ='D4 Gallon Forecast'!H142+'D5 Gallon Forecast'!H129+'D6 Gallon Forecast'!H218 -> 20639765 | I92: ='D4 Gallon Forecast'!I142+'D5 Gallon Forecast'!I129+'D6 Gallon Forecast'!I218 -> 25346827 | ... AQ92: ='D4 Gallon Forecast'!AQ142+'D5 Gallon Forecast'!AQ129+'D6 Gallon Forecast'!AQ218 -> 6.3760036e+08 | AS92: =P92/P91-1 -> 0.12262865 | AV92: =O92-N92 -> 100355714 | AW92: =O92/31 -> 6904368 | AX92: ='D4 Gallon Forecast'!BM142+'D5 Gallon Forecast'!AX129+'D6 Gallon Forecast'!BK218 -> 20966788 | AY92: =O92-AX92 -> 1.9306862e+08
A93: November | B93: ='D4 Gallon Forecast'!B143+'D5 Gallon Forecast'!B130+'D6 Gallon Forecast'!B219 -> 2233776 | C93: ='D4 Gallon Forecast'!C143+'D5 Gallon Forecast'!C130+'D6 Gallon Forecast'!C219 -> 5233920 | D93: ='D4 Gallon Forecast'!D143+'D5 Gallon Forecast'!D130+'D6 Gallon Forecast'!D219 -> 5580709 | E93: ='D4 Gallon Forecast'!E143+'D5 Gallon Forecast'!E130+'D6 Gallon Forecast'!E219 -> 15678898 | F93: ='D4 Gallon Forecast'!F143+'D5 Gallon Forecast'!F130+'D6 Gallon Forecast'!F219 -> 16462802 | G93: ='D4 Gallon Forecast'!G143+'D5 Gallon Forecast'!G130+'D6 Gallon Forecast'!G219 -> 12655566 | H93: ='D4 Gallon Forecast'!H143+'D5 Gallon Forecast'!H130+'D6 Gallon Forecast'!H219 -> 27361235 | I93: ='D4 Gallon Forecast'!I143+'D5 Gallon Forecast'!I130+'D6 Gallon Forecast'!I219 -> 23176779 | ... AQ93: ='D4 Gallon Forecast'!AQ143+'D5 Gallon Forecast'!AQ130+'D6 Gallon Forecast'!AQ219 -> 7.7467032e+08 | AS93: =P93/P92-1 -> -0.097969796 | AV93: =O93-N93 -> 33996204 | AW93: =O93/30 -> 6859461.1 | AX93: ='D4 Gallon Forecast'!BM143+'D5 Gallon Forecast'!AX130+'D6 Gallon Forecast'!BK219 -> -5910073.2 | AY93: =O93-AX93 -> 2.1169391e+08
A94: December | B94: ='D4 Gallon Forecast'!B144+'D5 Gallon Forecast'!B131+'D6 Gallon Forecast'!B220 -> 3069735 | C94: ='D4 Gallon Forecast'!C144+'D5 Gallon Forecast'!C131+'D6 Gallon Forecast'!C220 -> 6480832 | D94: ='D4 Gallon Forecast'!D144+'D5 Gallon Forecast'!D131+'D6 Gallon Forecast'!D220 -> 3795468 | E94: ='D4 Gallon Forecast'!E144+'D5 Gallon Forecast'!E131+'D6 Gallon Forecast'!E220 -> 13897310 | F94: ='D4 Gallon Forecast'!F144+'D5 Gallon Forecast'!F131+'D6 Gallon Forecast'!F220 -> 22831111 | G94: ='D4 Gallon Forecast'!G144+'D5 Gallon Forecast'!G131+'D6 Gallon Forecast'!G220 -> 13320532 | H94: ='D4 Gallon Forecast'!H144+'D5 Gallon Forecast'!H131+'D6 Gallon Forecast'!H220 -> 27156977 | I94: ='D4 Gallon Forecast'!I144+'D5 Gallon Forecast'!I131+'D6 Gallon Forecast'!I220 -> 25524348 | ... AQ94: ='D4 Gallon Forecast'!AQ144+'D5 Gallon Forecast'!AQ131+'D6 Gallon Forecast'!AQ220 -> 8.7899576e+08 | AS94: =P94/P93-1 -> 0.20261986 | AV94: =O94-N94 -> 121057268 | AW94: =O94/31 -> 8865046.1 | AX94: ='D4 Gallon Forecast'!BM144+'D5 Gallon Forecast'!AX131+'D6 Gallon Forecast'!BK220 -> 48736941 | AY94: =O94-AX94 -> 2.2607949e+08
A95: Total | B95: =SUM(B83:B94) -> 8776593 | C95: =SUM(C83:C94) -> 62041290 | D95: =SUM(D83:D94) -> 52401102 | E95: =SUM(E83:E94) -> 113285858 | F95: =SUM(F83:F94) -> 159141206 | G95: =SUM(G83:G94) -> 176847616 | H95: =SUM(H83:H94) -> 241487435 | I95: =SUM(I83:I94) -> 258342125 | ... AQ95: =SUM(AQ83:AQ94) -> 7.1712471e+09
Q96: =230000*42*365 -> 3525900000 | R96: STEO production
A97: Renewable Diesel - Imports | Q97: =Q96-Q95 -> 9.7476121e+08
B98: =B34 -> 2010 | C98: =C34 -> 2011 | D98: =D34 -> 2012 | E98: =E34 -> 2013 | F98: =F34 -> 2014 | G98: =G34 -> 2015 | H98: =H34 -> 2016 | I98: =I34 -> 2017 | ... Z98: =Z34 -> 2034 | AA98: =AA2 -> 2035 | AB98: =AB2 -> 2036 | AC98: =AC2 -> 2037 | AD98: =AD2 -> 2038 | AE98: =AE2 -> 2039 | AF98: =AF2 -> 2040 | AG98: =AG2 -> 2041 | AH98: =AH2 -> 2042 | ... AQ98: =AQ2 -> 2051
A99: January | B99: ='D4 Gallon Forecast'!B261+'D5 Gallon Forecast'!B168+'D6 Gallon Forecast'!B241 -> 0 | C99: ='D4 Gallon Forecast'!C261+'D5 Gallon Forecast'!C168+'D6 Gallon Forecast'!C241 -> 0 | D99: ='D4 Gallon Forecast'!D261+'D5 Gallon Forecast'!D168+'D6 Gallon Forecast'!D241 -> 0 | E99: ='D4 Gallon Forecast'!E261+'D5 Gallon Forecast'!E168+'D6 Gallon Forecast'!E241 -> 0 | F99: ='D4 Gallon Forecast'!F261+'D5 Gallon Forecast'!F168+'D6 Gallon Forecast'!F241 -> 5612400 | G99: ='D4 Gallon Forecast'!G261+'D5 Gallon Forecast'!G168+'D6 Gallon Forecast'!G241 -> 0 | H99: ='D4 Gallon Forecast'!H261+'D5 Gallon Forecast'!H168+'D6 Gallon Forecast'!H241 -> 0 | I99: ='D4 Gallon Forecast'!I261+'D5 Gallon Forecast'!I168+'D6 Gallon Forecast'!I241 -> 0 | ... AQ99: ='D4 Gallon Forecast'!AQ261+'D5 Gallon Forecast'!AQ168+'D6 Gallon Forecast'!AQ241 -> 4
A100: February | B100: ='D4 Gallon Forecast'!B262+'D5 Gallon Forecast'!B169+'D6 Gallon Forecast'!B242 -> 0 | C100: ='D4 Gallon Forecast'!C262+'D5 Gallon Forecast'!C169+'D6 Gallon Forecast'!C242 -> 0 | D100: ='D4 Gallon Forecast'!D262+'D5 Gallon Forecast'!D169+'D6 Gallon Forecast'!D242 -> 0 | E100: ='D4 Gallon Forecast'!E262+'D5 Gallon Forecast'!E169+'D6 Gallon Forecast'!E242 -> 2405892 | F100: ='D4 Gallon Forecast'!F262+'D5 Gallon Forecast'!F169+'D6 Gallon Forecast'!F242 -> 0 | G100: ='D4 Gallon Forecast'!G262+'D5 Gallon Forecast'!G169+'D6 Gallon Forecast'!G242 -> 0 | H100: ='D4 Gallon Forecast'!H262+'D5 Gallon Forecast'!H169+'D6 Gallon Forecast'!H242 -> 0 | I100: ='D4 Gallon Forecast'!I262+'D5 Gallon Forecast'!I169+'D6 Gallon Forecast'!I242 -> 0 | ... AQ100: ='D4 Gallon Forecast'!AQ262+'D5 Gallon Forecast'!AQ169+'D6 Gallon Forecast'!AQ242 -> 4
A101: March | B101: ='D4 Gallon Forecast'!B263+'D5 Gallon Forecast'!B170+'D6 Gallon Forecast'!B243 -> 0 | C101: ='D4 Gallon Forecast'!C263+'D5 Gallon Forecast'!C170+'D6 Gallon Forecast'!C243 -> 0 | D101: ='D4 Gallon Forecast'!D263+'D5 Gallon Forecast'!D170+'D6 Gallon Forecast'!D243 -> 0 | E101: ='D4 Gallon Forecast'!E263+'D5 Gallon Forecast'!E170+'D6 Gallon Forecast'!E243 -> 4938884 | F101: ='D4 Gallon Forecast'!F263+'D5 Gallon Forecast'!F170+'D6 Gallon Forecast'!F243 -> 0 | G101: ='D4 Gallon Forecast'!G263+'D5 Gallon Forecast'!G170+'D6 Gallon Forecast'!G243 -> 0 | H101: ='D4 Gallon Forecast'!H263+'D5 Gallon Forecast'!H170+'D6 Gallon Forecast'!H243 -> 0 | I101: ='D4 Gallon Forecast'!I263+'D5 Gallon Forecast'!I170+'D6 Gallon Forecast'!I243 -> 0 | ... AQ101: ='D4 Gallon Forecast'!AQ263+'D5 Gallon Forecast'!AQ170+'D6 Gallon Forecast'!AQ243 -> 4
...

Sheet Qtrly Gallon Summary
A1: Biodiesel - Total | U1: rv | V1: esw | AC1: 2024
B2: ='Monthly Gallon Summary'!B2 -> 2010 | C2: ='Monthly Gallon Summary'!C2 -> 2011 | D2: ='Monthly Gallon Summary'!D2 -> 2012 | E2: ='Monthly Gallon Summary'!E2 -> 2013 | F2: ='Monthly Gallon Summary'!F2 -> 2014 | G2: ='Monthly Gallon Summary'!G2 -> 2015 | H2: ='Monthly Gallon Summary'!H2 -> 2016 | I2: ='Monthly Gallon Summary'!I2 -> 2017 | ... AA2: ='Monthly Gallon Summary'!AA2 -> 2035 | AC2: Qtr/Qtr Chg | AD2: Yr/Yr Chng
A3: Q1 | B3: =SUM('Monthly Gallon Summary'!B3:B5) -> 1833131 | C3: =SUM('Monthly Gallon Summary'!C3:C5) -> 146886681 | D3: =SUM('Monthly Gallon Summary'!D3:D5) -> 238783807 | E3: =SUM('Monthly Gallon Summary'!E3:E5) -> 260130939 | F3: =SUM('Monthly Gallon Summary'!F3:F5) -> 236331657 | G3: =SUM('Monthly Gallon Summary'!G3:G5) -> 238190265 | H3: =SUM('Monthly Gallon Summary'!H3:H5) -> 357039556 | I3: =SUM('Monthly Gallon Summary'!I3:I5) -> 347419271 | ... AA3: =SUM('Monthly Gallon Summary'!AA3:AA5) -> 2.9348016e+08 | AC3: =P3/O6-1 -> -0.13466449 | AD3: =P3/O3-1 -> 0.06512916
A4: Q2 | B4: =SUM('Monthly Gallon Summary'!B6:B8) -> 1645701 | C4: =SUM('Monthly Gallon Summary'!C6:C8) -> 234355406 | D4: =SUM('Monthly Gallon Summary'!D6:D8) -> 322281802 | E4: =SUM('Monthly Gallon Summary'!E6:E8) -> 377135041 | F4: =SUM('Monthly Gallon Summary'!F6:F8) -> 351066862 | G4: =SUM('Monthly Gallon Summary'!G6:G8) -> 423131358 | H4: =SUM('Monthly Gallon Summary'!H6:H8) -> 559393332 | I4: =SUM('Monthly Gallon Summary'!I6:I8) -> 560057933 | ... AA4: =SUM('Monthly Gallon Summary'!AA6:AA8) -> 3.7093712e+08 | AC4: =P4/P3-1 -> 0.067993832 | AD4: =P4/O4-1 -> -0.044646181
A5: Q3 | B5: =SUM('Monthly Gallon Summary'!B9:B11) -> 115334295 | C5: =SUM('Monthly Gallon Summary'!C9:C11) -> 311965473 | D5: =SUM('Monthly Gallon Summary'!D9:D11) -> 285088513 | E5: =SUM('Monthly Gallon Summary'!E9:E11) -> 431713628 | F5: =SUM('Monthly Gallon Summary'!F9:F11) -> 440447722 | G5: =SUM('Monthly Gallon Summary'!G9:G11) -> 495668080 | H5: =SUM('Monthly Gallon Summary'!H9:H11) -> 642128370 | I5: =SUM('Monthly Gallon Summary'!I9:I11) -> 590729486 | ... AA5: =SUM('Monthly Gallon Summary'!AA9:AA11) -> 3.635306e+08 | AC5: =P5/P4-1 -> -0.09338902 | AD5: =P5/O5-1 -> -0.11995557
A6: Q4 | B6: =SUM('Monthly Gallon Summary'!B12:B14) -> 108149876 | C6: =SUM('Monthly Gallon Summary'!C12:C14) -> 388342342 | D6: =SUM('Monthly Gallon Summary'!D12:D14) -> 211022327 | E6: =SUM('Monthly Gallon Summary'!E12:E14) -> 502201211 | F6: =SUM('Monthly Gallon Summary'!F12:F14) -> 460876957 | G6: =SUM('Monthly Gallon Summary'!G12:G14) -> 432947877 | H6: =SUM('Monthly Gallon Summary'!H12:H14) -> 748714179 | I6: =SUM('Monthly Gallon Summary'!I12:I14) -> 551957694 | ... AA6: =SUM('Monthly Gallon Summary'!AA12:AA14) -> 4.0289497e+08 | AC6: =P6/P5-1 -> 0.09483861 | AD6: =P6/O6-1 -> -0.082672631
A7: Total | B7: =SUM(B3:B6) -> 226963003 | C7: =SUM(C3:C6) -> 1081549902 | D7: =SUM(D3:D6) -> 1057176449 | E7: =SUM(E3:E6) -> 1571180819 | F7: =SUM(F3:F6) -> 1488723198 | G7: =SUM(G3:G6) -> 1589937580 | H7: =SUM(H3:H6) -> 2307275437 | I7: =SUM(I3:I6) -> 2050164384 | ... AA7: =SUM(AA3:AA6) -> 1.4308429e+09 | AC7: =P7/AVERAGE(K7:O7)-1 -> 0.048530107 | AD7: =P7/O7-1 -> -0.050150777
A9: Biodiesel - Domestic | AC9: 2024
B10: =B2 -> 2010 | C10: =C2 -> 2011 | D10: =D2 -> 2012 | E10: =E2 -> 2013 | F10: =F2 -> 2014 | G10: =G2 -> 2015 | H10: =H2 -> 2016 | I10: =I2 -> 2017 | ... U10: =U2 -> 2029 | AC10: Qtr/Qtr Chg | AD10: Yr/Yr Chng
A11: Q1 | B11: =SUM('Monthly Gallon Summary'!B19:B21) -> 1833131 | C11: =SUM('Monthly Gallon Summary'!C19:C21) -> 138286567 | D11: =SUM('Monthly Gallon Summary'!D19:D21) -> 228197351 | E11: =SUM('Monthly Gallon Summary'!E19:E21) -> 246711922 | F11: =SUM('Monthly Gallon Summary'!F19:F21) -> 217366175 | G11: =SUM('Monthly Gallon Summary'!G19:G21) -> 211098192 | H11: =SUM('Monthly Gallon Summary'!H19:H21) -> 312730007 | I11: =SUM('Monthly Gallon Summary'!I19:I21) -> 255907141 | ... AA11: =SUM('Monthly Gallon Summary'!AA19:AA21) -> 2.6599504e+08 | AC11: =P11/O14-1 -> -0.15056878 | AD11: =P11/O11-1 -> 0.047745577
A12: Q2 | B12: =SUM('Monthly Gallon Summary'!B20:B22) -> 1869566 | C12: =SUM('Monthly Gallon Summary'!C20:C22) -> 175583736 | D12: =SUM('Monthly Gallon Summary'!D20:D22) -> 260661220 | E12: =SUM('Monthly Gallon Summary'!E20:E22) -> 286591692 | F12: =SUM('Monthly Gallon Summary'!F20:F22) -> 264060321 | G12: =SUM('Monthly Gallon Summary'!G20:G22) -> 261722430 | H12: =SUM('Monthly Gallon Summary'!H20:H22) -> 353425084 | I12: =SUM('Monthly Gallon Summary'!I20:I22) -> 314295130 | ... AA12: =SUM('Monthly Gallon Summary'!AA20:AA22) -> 2.8239664e+08 | AC12: =P12/P11-1 -> 0.037187763 | AD12: =P12/O12-1 -> 0.045793333
A13: Q3 | B13: =SUM('Monthly Gallon Summary'!B21:B23) -> 1816648 | C13: =SUM('Monthly Gallon Summary'!C21:C23) -> 211699387 | D13: =SUM('Monthly Gallon Summary'!D21:D23) -> 295287782 | E13: =SUM('Monthly Gallon Summary'!E21:E23) -> 331055908 | F13: =SUM('Monthly Gallon Summary'!F21:F23) -> 304575784 | G13: =SUM('Monthly Gallon Summary'!G21:G23) -> 320405446 | H13: =SUM('Monthly Gallon Summary'!H21:H23) -> 388309520 | I13: =SUM('Monthly Gallon Summary'!I21:I23) -> 382892931 | ... AA13: =SUM('Monthly Gallon Summary'!AA21:AA23) -> 3.1292529e+08 | AC13: =P13/P12-1 -> 0.042936289 | AD13: =P13/O13-1 -> -0.033701726
A14: Q4 | B14: =SUM('Monthly Gallon Summary'!B22:B24) -> 1645701 | C14: =SUM('Monthly Gallon Summary'!C22:C24) -> 226383628 | D14: =SUM('Monthly Gallon Summary'!D22:D24) -> 306750001 | E14: =SUM('Monthly Gallon Summary'!E22:E24) -> 347565496 | F14: =SUM('Monthly Gallon Summary'!F22:F24) -> 327438247 | G14: =SUM('Monthly Gallon Summary'!G22:G24) -> 358953968 | H14: =SUM('Monthly Gallon Summary'!H22:H24) -> 404147077 | I14: =SUM('Monthly Gallon Summary'!I22:I24) -> 416409298 | ... AA14: =SUM('Monthly Gallon Summary'!AA22:AA24) -> 3.2899347e+08 | AC14: =P14/P13-1 -> 0.0021501694 | AD14: =P14/O14-1 -> -0.079176946
A15: Total | B15: =SUM(B11:B14) -> 7165046 | C15: =SUM(C11:C14) -> 751953318 | D15: =SUM(D11:D14) -> 1090896354 | E15: =SUM(E11:E14) -> 1211925018 | F15: =SUM(F11:F14) -> 1113440527 | G15: =SUM(G11:G14) -> 1152180036 | H15: =SUM(H11:H14) -> 1458611688 | I15: =SUM(I11:I14) -> 1369504500 | ... AA15: =SUM(AA11:AA14) -> 1.1903104e+09 | AC15: =P15/AVERAGE(K15:O15)-1 -> -0.034706533 | AD15: =P15/O15-1 -> -0.0094163541
A17: Biodiesel - Imports | AC17: 2024
B18: =B2 -> 2010 | C18: =C2 -> 2011 | D18: =D2 -> 2012 | E18: =E2 -> 2013 | F18: =F2 -> 2014 | G18: =G2 -> 2015 | H18: =H2 -> 2016 | I18: =I2 -> 2017 | ... AA18: =AA2 -> 2035 | AC18: Qtr/Qtr Chg | AD18: Yr/Yr Chng
A19: Q1 | B19: =SUM('Monthly Gallon Summary'!B35:B37) -> 0 | C19: =SUM('Monthly Gallon Summary'!C35:C37) -> 8600114 | D19: =SUM('Monthly Gallon Summary'!D35:D37) -> 9370472 | E19: =SUM('Monthly Gallon Summary'!E35:E37) -> 13419017 | F19: =SUM('Monthly Gallon Summary'!F35:F37) -> 18965482 | G19: =SUM('Monthly Gallon Summary'!G35:G37) -> 27092073 | H19: =SUM('Monthly Gallon Summary'!H35:H37) -> 44309549 | I19: =SUM('Monthly Gallon Summary'!I35:I37) -> 91512130 | ... AA19: =SUM('Monthly Gallon Summary'!AA35:AA37) -> 27485127 | AC19: =P19/O22-1 -> -0.26567802 | AD19: =P19/O19-1 -> 0.12275163
A20: Q2 | B20: =SUM('Monthly Gallon Summary'!B38:B40) -> 0 | C20: =SUM('Monthly Gallon Summary'!C38:C40) -> 7971778 | D20: =SUM('Monthly Gallon Summary'!D38:D40) -> 10667403 | E20: =SUM('Monthly Gallon Summary'!E38:E40) -> 29569545 | F20: =SUM('Monthly Gallon Summary'!F38:F40) -> 23628615 | G20: =SUM('Monthly Gallon Summary'!G38:G40) -> 64177390 | H20: =SUM('Monthly Gallon Summary'!H38:H40) -> 155246255 | I20: =SUM('Monthly Gallon Summary'!I38:I40) -> 143648635 | ... AA20: =SUM('Monthly Gallon Summary'!AA38:AA40) -> 41943652 | AC20: =P20/P19-1 -> 0.018337374 | AD20: =P20/O20-1 -> 0.089944644
A21: Q3 | B21: =SUM('Monthly Gallon Summary'!B41:B43) -> 4935312 | C21: =SUM('Monthly Gallon Summary'!C41:C43) -> 9749943 | D21: =SUM('Monthly Gallon Summary'!D41:D43) -> 10053565 | E21: =SUM('Monthly Gallon Summary'!E41:E43) -> 44175747 | F21: =SUM('Monthly Gallon Summary'!F41:F43) -> 60217696 | G21: =SUM('Monthly Gallon Summary'!G41:G43) -> 123055216 | H21: =SUM('Monthly Gallon Summary'!H41:H43) -> 195854638 | I21: =SUM('Monthly Gallon Summary'!I41:I43) -> 134569211 | ... AA21: =SUM('Monthly Gallon Summary'!AA41:AA43) -> 33362748 | AC21: =P21/P20-1 -> -0.41564046 | AD21: =P21/O21-1 -> -0.37182917
A22: Q4 | B22: =SUM('Monthly Gallon Summary'!B44:B46) -> 7552194 | C22: =SUM('Monthly Gallon Summary'!C44:C46) -> 18137737 | D22: =SUM('Monthly Gallon Summary'!D44:D46) -> 3355422 | E22: =SUM('Monthly Gallon Summary'!E44:E46) -> 96632065 | F22: =SUM('Monthly Gallon Summary'!F44:F46) -> 78698288 | G22: =SUM('Monthly Gallon Summary'!G44:G46) -> 121340177 | H22: =SUM('Monthly Gallon Summary'!H44:H46) -> 278757875 | I22: =SUM('Monthly Gallon Summary'!I44:I46) -> 92184668 | ... AA22: =SUM('Monthly Gallon Summary'!AA44:AA46) -> 57208474 | AC22: =P22/P21-1 -> 0.10087126 | AD22: =P22/O22-1 -> -0.51894483
A23: Total | B23: =SUM(B19:B22) -> 12487506 | C23: =SUM(C19:C22) -> 44459572 | D23: =SUM(D19:D22) -> 33446862 | E23: =SUM(E19:E22) -> 183796374 | F23: =SUM(F19:F22) -> 181510081 | G23: =SUM(G19:G22) -> 335664856 | H23: =SUM(H19:H22) -> 674168317 | I23: =SUM(I19:I22) -> 461914644 | ... AA23: =SUM(AA19:AA22) -> 160000000 | AC23: =P23/AVERAGE(K23:O23)-1 -> 0.49252994 | AD23: =P23/O23-1 -> -0.20937444
A25: Biodiesel - Foreign Generation | AC25: 2024
B26: =B2 -> 2010 | C26: =C2 -> 2011 | D26: =D2 -> 2012 | E26: =E2 -> 2013 | F26: =F2 -> 2014 | G26: =G2 -> 2015 | H26: =H2 -> 2016 | I26: =I2 -> 2017 | ... AA26: =AA2 -> 2035 | AC26: Qtr/Qtr Chg | AD26: Yr/Yr Chng
A27: Q1 | B27: =SUM('Monthly Gallon Summary'!B51:B53) -> 0 | C27: =SUM('Monthly Gallon Summary'!C51:C53) -> 0 | D27: =SUM('Monthly Gallon Summary'!D51:D53) -> 1215984 | E27: =SUM('Monthly Gallon Summary'!E51:E53) -> 0 | F27: =SUM('Monthly Gallon Summary'!F51:F53) -> 0 | G27: =SUM('Monthly Gallon Summary'!G51:G53) -> 0 | H27: =SUM('Monthly Gallon Summary'!H51:H53) -> 0 | I27: =SUM('Monthly Gallon Summary'!I51:I53) -> 0 | ... AA27: =SUM('Monthly Gallon Summary'!AA51:AA53) -> 0 | AC27: =P27/O30-1 -> #DIV/0! | AD27: =P27/O27-1 -> #DIV/0!
A28: Q2 | B28: =SUM('Monthly Gallon Summary'!B54:B56) -> 0 | C28: =SUM('Monthly Gallon Summary'!C54:C56) -> 0 | D28: =SUM('Monthly Gallon Summary'!D54:D56) -> 4864398 | E28: =SUM('Monthly Gallon Summary'!E54:E56) -> 0 | F28: =SUM('Monthly Gallon Summary'!F54:F56) -> 0 | G28: =SUM('Monthly Gallon Summary'!G54:G56) -> 0 | H28: =SUM('Monthly Gallon Summary'!H54:H56) -> 0 | I28: =SUM('Monthly Gallon Summary'!I54:I56) -> 0 | ... AA28: =SUM('Monthly Gallon Summary'!AA54:AA56) -> 0 | AC28: =P28/P27-1 -> #DIV/0! | AD28: =P28/O28-1 -> #DIV/0!
A29: Q3 | B29: =SUM('Monthly Gallon Summary'!B57:B59) -> 0 | C29: =SUM('Monthly Gallon Summary'!C57:C59) -> 0 | D29: =SUM('Monthly Gallon Summary'!D57:D59) -> 0 | E29: =SUM('Monthly Gallon Summary'!E57:E59) -> 1511102 | F29: =SUM('Monthly Gallon Summary'!F57:F59) -> 0 | G29: =SUM('Monthly Gallon Summary'!G57:G59) -> 0 | H29: =SUM('Monthly Gallon Summary'!H57:H59) -> 0 | I29: =SUM('Monthly Gallon Summary'!I57:I59) -> 0 | ... AA29: =SUM('Monthly Gallon Summary'!AA57:AA59) -> 0 | AC29: =P29/P28-1 -> #DIV/0! | AD29: =P29/O29-1 -> #DIV/0!
A30: Q4 | B30: =SUM('Monthly Gallon Summary'!B60:B62) -> 0 | C30: =SUM('Monthly Gallon Summary'!C60:C62) -> 0 | D30: =SUM('Monthly Gallon Summary'!D60:D62) -> 701526 | E30: =SUM('Monthly Gallon Summary'!E60:E62) -> 1279661 | F30: =SUM('Monthly Gallon Summary'!F60:F62) -> 0 | G30: =SUM('Monthly Gallon Summary'!G60:G62) -> 0 | H30: =SUM('Monthly Gallon Summary'!H60:H62) -> 0 | I30: =SUM('Monthly Gallon Summary'!I60:I62) -> 0 | ... AA30: =SUM('Monthly Gallon Summary'!AA60:AA62) -> 0 | AC30: =P30/P29-1 -> #DIV/0! | AD30: =P30/O30-1 -> #DIV/0!
A31: Total | B31: =SUM(B27:B30) -> 0 | C31: =SUM(C27:C30) -> 0 | D31: =SUM(D27:D30) -> 6781908 | E31: =SUM(E27:E30) -> 2790763 | F31: =SUM(F27:F30) -> 0 | G31: =SUM(G27:G30) -> 0 | H31: =SUM(H27:H30) -> 0 | I31: =SUM(I27:I30) -> 0 | ... AA31: =SUM(AA27:AA30) -> 0 | AC31: =P31/AVERAGE(K31:O31)-1 -> #DIV/0! | AD31: =P31/O31-1 -> #DIV/0!
A33: Renewable Diesel - Total | AC33: 2024
B34: =B2 -> 2010 | C34: =C2 -> 2011 | D34: =D2 -> 2012 | E34: =E2 -> 2013 | F34: =F2 -> 2014 | G34: =G2 -> 2015 | H34: =H2 -> 2016 | I34: =I2 -> 2017 | ... AA34: =AA2 -> 2035 | AC34: Qtr/Qtr Chg | AD34: Yr/Yr Chng
A35: Q1 | B35: =SUM('Monthly Gallon Summary'!B67:B69) -> 0 | C35: =SUM('Monthly Gallon Summary'!C67:C69) -> 8541444 | D35: =SUM('Monthly Gallon Summary'!D67:D69) -> 15879546 | E35: =SUM('Monthly Gallon Summary'!E67:E69) -> 31807830 | F35: =SUM('Monthly Gallon Summary'!F67:F69) -> 142699052 | G35: =SUM('Monthly Gallon Summary'!G67:G69) -> 128947261 | H35: =SUM('Monthly Gallon Summary'!H67:H69) -> 113606162 | I35: =SUM('Monthly Gallon Summary'!I67:I69) -> 141059993 | ... AA35: =SUM('Monthly Gallon Summary'!AA67:AA69) -> 9.1610944e+08 | AC35: =P35/O38-1 -> -0.055729496 | AD35: =P35/O35-1 -> 0.32625736
A36: Q2 | B36: =SUM('Monthly Gallon Summary'!B70:B72) -> 0 | C36: =SUM('Monthly Gallon Summary'!C70:C72) -> 14056277 | D36: =SUM('Monthly Gallon Summary'!D70:D72) -> 17687939 | E36: =SUM('Monthly Gallon Summary'!E70:E72) -> 72122911 | F36: =SUM('Monthly Gallon Summary'!F70:F72) -> 145386437 | G36: =SUM('Monthly Gallon Summary'!G70:G72) -> 131143834 | H36: =SUM('Monthly Gallon Summary'!H70:H72) -> 160875305 | I36: =SUM('Monthly Gallon Summary'!I70:I72) -> 149993898 | ... AA36: =SUM('Monthly Gallon Summary'!AA70:AA72) -> 1.0249309e+09 | AC36: =P36/P35-1 -> 0.149961 | AD36: =P36/O36-1 -> 0.20955638
A37: Q3 | B37: =SUM('Monthly Gallon Summary'!B73:B75) -> 2019226 | C37: =SUM('Monthly Gallon Summary'!C73:C75) -> 20810791 | D37: =SUM('Monthly Gallon Summary'!D73:D75) -> 28428760 | E37: =SUM('Monthly Gallon Summary'!E73:E75) -> 163751483 | F37: =SUM('Monthly Gallon Summary'!F73:F75) -> 89021250 | G37: =SUM('Monthly Gallon Summary'!G73:G75) -> 132562477 | H37: =SUM('Monthly Gallon Summary'!H73:H75) -> 155303785 | I37: =SUM('Monthly Gallon Summary'!I73:I75) -> 158037222 | ... AA37: =SUM('Monthly Gallon Summary'!AA73:AA75) -> 1.0408756e+09 | AC37: =P37/P36-1 -> 0.026611532 | AD37: =P37/O37-1 -> 0.28826671
A38: Q4 | B38: =SUM('Monthly Gallon Summary'!B76:B78) -> 6757367 | C38: =SUM('Monthly Gallon Summary'!C76:C78) -> 18632778 | D38: =SUM('Monthly Gallon Summary'!D76:D78) -> 40677779 | E38: =SUM('Monthly Gallon Summary'!E76:E78) -> 149003176 | F38: =SUM('Monthly Gallon Summary'!F76:F78) -> 110785957 | G38: =SUM('Monthly Gallon Summary'!G76:G78) -> 120491002 | H38: =SUM('Monthly Gallon Summary'!H76:H78) -> 161388219 | I38: =SUM('Monthly Gallon Summary'!I76:I78) -> 153632707 | ... AA38: =SUM('Monthly Gallon Summary'!AA76:AA78) -> 1.3778815e+09 | AC38: =P38/P37-1 -> 0.033127633 | AD38: =P38/O38-1 -> 0.15170076
A39: Total | B39: =SUM(B35:B38) -> 8776593 | C39: =SUM(C35:C38) -> 62041290 | D39: =SUM(D35:D38) -> 102674024 | E39: =SUM(E35:E38) -> 416685400 | F39: =SUM(F35:F38) -> 487892696 | G39: =SUM(G35:G38) -> 513144574 | H39: =SUM(H35:H38) -> 591173471 | I39: =SUM(I35:I38) -> 602723820 | ... AA39: =SUM(AA35:AA38) -> 4.3597974e+09 | AC39: =P39/AVERAGE(K39:O39)-1 -> 1.2434882 | AD39: =P39/O39-1 -> 0.23641738
A41: Renewable Diesel - Domestic | AC41: 2024
B42: =B2 -> 2010 | C42: =C2 -> 2011 | D42: =D2 -> 2012 | E42: =E2 -> 2013 | F42: =F2 -> 2014 | G42: =G2 -> 2015 | H42: =H2 -> 2016 | I42: =I2 -> 2017 | ... AA42: =AA2 -> 2035 | AC42: Qtr/Qtr Chg | AD42: Yr/Yr Chng
A43: Q1 | B43: =SUM('Monthly Gallon Summary'!B83:B85) -> 0 | C43: =SUM('Monthly Gallon Summary'!C83:C85) -> 8541444 | D43: =SUM('Monthly Gallon Summary'!D83:D85) -> 12761118 | E43: =SUM('Monthly Gallon Summary'!E83:E85) -> 4445936 | F43: =SUM('Monthly Gallon Summary'!F83:F85) -> 37575272 | G43: =SUM('Monthly Gallon Summary'!G83:G85) -> 47095684 | H43: =SUM('Monthly Gallon Summary'!H83:H85) -> 37038175 | I43: =SUM('Monthly Gallon Summary'!I83:I85) -> 55459740 | ... AA43: =SUM('Monthly Gallon Summary'!AA83:AA85) -> 8.8229171e+08 | AC43: =P43/O46-1 -> 0.1144201 | AD43: =P43/O43-1 -> 0.4265873
A44: Q2 | B44: =SUM('Monthly Gallon Summary'!B84:B86) -> 0 | C44: =SUM('Monthly Gallon Summary'!C84:C86) -> 6080496 | D44: =SUM('Monthly Gallon Summary'!D84:D86) -> 12096102 | E44: =SUM('Monthly Gallon Summary'!E84:E86) -> 4841006 | F44: =SUM('Monthly Gallon Summary'!F84:F86) -> 40922871 | G44: =SUM('Monthly Gallon Summary'!G84:G86) -> 45323661 | H44: =SUM('Monthly Gallon Summary'!H84:H86) -> 46533112 | I44: =SUM('Monthly Gallon Summary'!I84:I86) -> 57302407 | ... AA44: =SUM('Monthly Gallon Summary'!AA84:AA86) -> 9.1374073e+08 | AC44: =P44/P43-1 -> 0.078426988 | AD44: =P44/O44-1 -> 0.45801631
A45: Q3 | B45: =SUM('Monthly Gallon Summary'!B85:B87) -> 0 | C45: =SUM('Monthly Gallon Summary'!C85:C87) -> 12643933 | D45: =SUM('Monthly Gallon Summary'!D85:D87) -> 12672866 | E45: =SUM('Monthly Gallon Summary'!E85:E87) -> 6340783 | F45: =SUM('Monthly Gallon Summary'!F85:F87) -> 44848498 | G45: =SUM('Monthly Gallon Summary'!G85:G87) -> 47583742 | H45: =SUM('Monthly Gallon Summary'!H85:H87) -> 61111659 | I45: =SUM('Monthly Gallon Summary'!I85:I87) -> 60652534 | ... AA45: =SUM('Monthly Gallon Summary'!AA85:AA87) -> 9.5613839e+08 | AC45: =P45/P44-1 -> -0.013275082 | AD45: =P45/O45-1 -> 0.22281787
A46: Q4 | B46: =SUM('Monthly Gallon Summary'!B86:B88) -> 0 | C46: =SUM('Monthly Gallon Summary'!C86:C88) -> 14056277 | D46: =SUM('Monthly Gallon Summary'!D86:D88) -> 10911224 | E46: =SUM('Monthly Gallon Summary'!E86:E88) -> 11722265 | F46: =SUM('Monthly Gallon Summary'!F86:F88) -> 45560095 | G46: =SUM('Monthly Gallon Summary'!G86:G88) -> 45893801 | H46: =SUM('Monthly Gallon Summary'!H86:H88) -> 65755900 | I46: =SUM('Monthly Gallon Summary'!I86:I88) -> 62543192 | ... AA46: =SUM('Monthly Gallon Summary'!AA86:AA88) -> 9.7859959e+08 | AC46: =P46/P45-1 -> 0.093697144 | AD46: =P46/O46-1 -> 0.29697874
A47: Total | B47: =SUM(B43:B46) -> 0 | C47: =SUM(C43:C46) -> 41322150 | D47: =SUM(D43:D46) -> 48441310 | E47: =SUM(E43:E46) -> 27349990 | F47: =SUM(F43:F46) -> 168906736 | G47: =SUM(G43:G46) -> 185896888 | H47: =SUM(H43:H46) -> 210438846 | I47: =SUM(I43:I46) -> 235957873 | ... AA47: =SUM(AA43:AA46) -> 3.7307704e+09 | AB47: =(P47/E47)^(1/12)-1 -> 0.47536435 | AC47: =P47/AVERAGE(K47:O47)-1 -> 1.8294567 | AD47: =P47/O47-1 -> 0.34230946
L48: =L47/K47-1 -> 0.1170053 | M48: =M47/L47-1 -> 0.30567983 | N48: =N47/M47-1 -> 0.97810391 | O48: =O47/N47-1 -> 0.63214012 | P48: =P47/O47-1 -> 0.34230946 | Q48: =Q47/P47-1 -> -0.14953454 | R48: =R47/Q47-1 -> -0.037055879
A49: Renewable Diesel - Imports | AC49: 2024
B50: =B2 -> 2010 | K50: =K2 -> 2019 | L50: =L2 -> 2020 | M50: =M2 -> 2021 | N50: =N2 -> 2022 | O50: =O2 -> 2023 | P50: =P2 -> 2024 | Q50: =Q2 -> 2025 | R50: =R2 -> 2026 | ... AA50: =AA2 -> 2035 | AC50: Qtr/Qtr Chg | AD50: Yr/Yr Chng
A51: Q1 | B51: =SUM('Monthly Gallon Summary'!B99:B101) -> 0 | C51: =SUM('Monthly Gallon Summary'!C99:C101) -> 0 | D51: =SUM('Monthly Gallon Summary'!D99:D101) -> 0 | E51: =SUM('Monthly Gallon Summary'!E99:E101) -> 7344776 | F51: =SUM('Monthly Gallon Summary'!F99:F101) -> 5612400 | G51: =SUM('Monthly Gallon Summary'!G99:G101) -> 0 | H51: =SUM('Monthly Gallon Summary'!H99:H101) -> 0 | I51: =SUM('Monthly Gallon Summary'!I99:I101) -> 0 | ... AA51: =SUM('Monthly Gallon Summary'!AA99:AA101) -> 0 | AC51: =P51/O54-1 -> #DIV/0! | AD51: =P51/O51-1 -> #DIV/0!
A52: Q2 | B52: =SUM('Monthly Gallon Summary'!B102:B104) -> 0 | C52: =SUM('Monthly Gallon Summary'!C102:C104) -> 0 | D52: =SUM('Monthly Gallon Summary'!D102:D104) -> 0 | E52: =SUM('Monthly Gallon Summary'!E102:E104) -> 4744730 | F52: =SUM('Monthly Gallon Summary'!F102:F104) -> 0 | G52: =SUM('Monthly Gallon Summary'!G102:G104) -> 0 | H52: =SUM('Monthly Gallon Summary'!H102:H104) -> 0 | I52: =SUM('Monthly Gallon Summary'!I102:I104) -> 0 | ... AA52: =SUM('Monthly Gallon Summary'!AA102:AA104) -> 0 | AC52: =P52/P51-1 -> #DIV/0! | AD52: =P52/O52-1 -> #DIV/0!
A53: Q3 | B53: =SUM('Monthly Gallon Summary'!B105:B107) -> 0 | C53: =SUM('Monthly Gallon Summary'!C105:C107) -> 0 | D53: =SUM('Monthly Gallon Summary'!D105:D107) -> 0 | E53: =SUM('Monthly Gallon Summary'!E105:E107) -> 9513093 | F53: =SUM('Monthly Gallon Summary'!F105:F107) -> 0 | G53: =SUM('Monthly Gallon Summary'!G105:G107) -> 0 | H53: =SUM('Monthly Gallon Summary'!H105:H107) -> 0 | I53: =SUM('Monthly Gallon Summary'!I105:I107) -> 757255 | ... AA53: =SUM('Monthly Gallon Summary'!AA105:AA107) -> 0 | AC53: =P53/P52-1 -> #DIV/0! | AD53: =P53/O53-1 -> #DIV/0!
A54: Q4 | B54: =SUM('Monthly Gallon Summary'!B108:B110) -> 0 | C54: =SUM('Monthly Gallon Summary'!C108:C110) -> 0 | D54: =SUM('Monthly Gallon Summary'!D108:D110) -> 0 | E54: =SUM('Monthly Gallon Summary'!E108:E110) -> 0 | F54: =SUM('Monthly Gallon Summary'!F108:F110) -> 0 | G54: =SUM('Monthly Gallon Summary'!G108:G110) -> 0 | H54: =SUM('Monthly Gallon Summary'!H108:H110) -> 0 | I54: =SUM('Monthly Gallon Summary'!I108:I110) -> 0 | ... AA54: =SUM('Monthly Gallon Summary'!AA108:AA110) -> 0 | AC54: =P54/P53-1 -> 0.26160108 | AD54: =P54/O54-1 -> #DIV/0!
A55: Total | B55: =SUM(B51:B54) -> 0 | C55: =SUM(C51:C54) -> 0 | D55: =SUM(D51:D54) -> 0 | E55: =SUM(E51:E54) -> 21602599 | F55: =SUM(F51:F54) -> 5612400 | G55: =SUM(G51:G54) -> 0 | H55: =SUM(H51:H54) -> 0 | I55: =SUM(I51:I54) -> 757255 | ... AA55: =SUM(AA51:AA54) -> 0 | AC55: =P55/AVERAGE(K55:O55)-1 -> 195.64409 | AD55: =P55/O55-1 -> #DIV/0!
A57: Renewable Diesel - Foreign Generation | AC57: 2024
B58: =B2 -> 2010 | C58: =C2 -> 2011 | D58: =D2 -> 2012 | E58: =E2 -> 2013 | F58: =F2 -> 2014 | G58: =G2 -> 2015 | H58: =H2 -> 2016 | I58: =I2 -> 2017 | ... AA58: =AA2 -> 2035 | AC58: Qtr/Qtr Chg | AD58: Yr/Yr Chng
A59: Q1 | B59: =SUM('Monthly Gallon Summary'!B115:B117) -> 0 | C59: =SUM('Monthly Gallon Summary'!C115:C117) -> 0 | D59: =SUM('Monthly Gallon Summary'!D115:D117) -> 3118428 | E59: =SUM('Monthly Gallon Summary'!E115:E117) -> 20017118 | F59: =SUM('Monthly Gallon Summary'!F115:F117) -> 99511380 | G59: =SUM('Monthly Gallon Summary'!G115:G117) -> 81851577 | H59: =SUM('Monthly Gallon Summary'!H115:H117) -> 76567987 | I59: =SUM('Monthly Gallon Summary'!I115:I117) -> 85600253 | ... AA59: =SUM('Monthly Gallon Summary'!AA115:AA117) -> 33817731 | AC59: =P59/O62-1 -> -0.11483764 | AD59: =P59/O59-1 -> -0.081330295
A60: Q2 | B60: =SUM('Monthly Gallon Summary'!B118:B120) -> 0 | C60: =SUM('Monthly Gallon Summary'!C118:C120) -> 0 | D60: =SUM('Monthly Gallon Summary'!D118:D120) -> 6776715 | E60: =SUM('Monthly Gallon Summary'!E118:E120) -> 55655916 | F60: =SUM('Monthly Gallon Summary'!F118:F120) -> 99826342 | G60: =SUM('Monthly Gallon Summary'!G118:G120) -> 85250033 | H60: =SUM('Monthly Gallon Summary'!H118:H120) -> 95119405 | I60: =SUM('Monthly Gallon Summary'!I118:I120) -> 87450706 | ... AA60: =SUM('Monthly Gallon Summary'!AA118:AA120) -> 46331285 | AC60: =P60/P59-1 -> 0.062562863 | AD60: =P60/O60-1 -> -0.17478401
A61: Q3 | B61: =SUM('Monthly Gallon Summary'!A121:A123) -> 0 | C61: =SUM('Monthly Gallon Summary'!B121:B123) -> 0 | D61: =SUM('Monthly Gallon Summary'!C121:C123) -> 0 | E61: =SUM('Monthly Gallon Summary'!D121:D123) -> 12930031 | F61: =SUM('Monthly Gallon Summary'!E121:E123) -> 105628703 | G61: =SUM('Monthly Gallon Summary'!F121:F123) -> 67031147 | H61: =SUM('Monthly Gallon Summary'!G121:G123) -> 88094565 | I61: =SUM('Monthly Gallon Summary'!H121:H123) -> 91768402 | ... AA61: =SUM('Monthly Gallon Summary'!Z121:Z123) -> 28374083 | AC61: =P61/P60-1 -> -0.44015426 | AD61: =P61/O61-1 -> -0.099637394
A62: Q4 | B62: =SUM('Monthly Gallon Summary'!A124:A126) -> 0 | C62: =SUM('Monthly Gallon Summary'!B124:B126) -> 0 | D62: =SUM('Monthly Gallon Summary'!C124:C126) -> 0 | E62: =SUM('Monthly Gallon Summary'!D124:D126) -> 27447748 | F62: =SUM('Monthly Gallon Summary'!E124:E126) -> 100495206 | G62: =SUM('Monthly Gallon Summary'!F124:F126) -> 56770221 | H62: =SUM('Monthly Gallon Summary'!G124:G126) -> 81100783 | I62: =SUM('Monthly Gallon Summary'!H124:H126) -> 86230242 | ... AA62: =SUM('Monthly Gallon Summary'!Z124:Z126) -> 42532901 | AC62: =P62/P61-1 -> 1.1060592 | AD62: =P62/O62-1 -> 0.10896164
A63: Total | B63: =SUM(B59:B62) -> 0 | C63: =SUM(C59:C62) -> 0 | D63: =SUM(D59:D62) -> 9895143 | E63: =SUM(E59:E62) -> 116050813 | F63: =SUM(F59:F62) -> 405461631 | G63: =SUM(G59:G62) -> 290902978 | H63: =SUM(H59:H62) -> 340882740 | I63: =SUM(I59:I62) -> 351049603 | ... AA63: =SUM(AA59:AA62) -> 1.51056e+08 | AC63: =P63/AVERAGE(K63:O63)-1 -> -0.0079673905 | AD63: =P63/O63-1 -> -0.061517558
A66: Combined Domestic BBD Production | AC66: 2024
B67: =B2 -> 2010 | K67: =K2 -> 2019 | L67: =L2 -> 2020 | M67: =M2 -> 2021 | N67: =N2 -> 2022 | O67: =O2 -> 2023 | P67: =P2 -> 2024 | Q67: =Q2 -> 2025 | R67: =R2 -> 2026 | ... U67: =U2 -> 2029 | AC67: Qtr/Qtr Chg | AD67: Yr/Yr Chng
A68: Q1 | B68: =B11+B43 -> 1833131 | C68: =C11+C43 -> 146828011 | D68: =D11+D43 -> 240958469 | E68: =E11+E43 -> 251157858 | F68: =F11+F43 -> 254941447 | G68: =G11+G43 -> 258193876 | H68: =H11+H43 -> 349768182 | I68: =I11+I43 -> 311366881 | ... AA68: =AA11+AA43 -> 1.1482868e+09 | AC68: =P68/O71-1 -> 0.0014535568 | AD68: =P68/O68-1 -> 0.26163604
A69: Q2 | B69: =B12+B44 -> 1869566 | C69: =C12+C44 -> 181664232 | D69: =D12+D44 -> 272757322 | E69: =E12+E44 -> 291432698 | F69: =F12+F44 -> 304983192 | G69: =G12+G44 -> 307046091 | H69: =H12+H44 -> 399958196 | I69: =I12+I44 -> 371597537 | ... AA69: =AA12+AA44 -> 1.1961374e+09 | AC69: =P69/P68-1 -> 0.063515188 | AD69: =P69/O69-1 -> 0.28008283
A70: Q3 | B70: =B13+B45 -> 1816648 | C70: =C13+C45 -> 224343320 | D70: =D13+D45 -> 307960648 | E70: =E13+E45 -> 337396691 | F70: =F13+F45 -> 349424282 | G70: =G13+G45 -> 367989188 | H70: =H13+H45 -> 449421179 | I70: =I13+I45 -> 443545465 | ... AA70: =AA13+AA45 -> 1.2690637e+09 | AC70: =P70/P69-1 -> 0.0065473736 | AD70: =P70/O70-1 -> 0.11469394
A71: Q4 | B71: =B14+B46 -> 1645701 | C71: =C14+C46 -> 240439905 | D71: =D14+D46 -> 317661225 | E71: =E14+E46 -> 359287761 | F71: =F14+F46 -> 372998342 | G71: =G14+G46 -> 404847769 | H71: =H14+H46 -> 469902977 | I71: =I14+I46 -> 478952490 | ... AA71: =AA14+AA46 -> 1.3075931e+09 | AC71: =P71/P70-1 -> 0.060246781 | AD71: =P71/O71-1 -> 0.13662104
A72: Total | B72: =SUM(B68:B71) -> 7165046 | C72: =SUM(C68:C71) -> 793275468 | D72: =SUM(D68:D71) -> 1139337664 | E72: =SUM(E68:E71) -> 1239275008 | F72: =SUM(F68:F71) -> 1282347263 | G72: =SUM(G68:G71) -> 1338076924 | H72: =SUM(H68:H71) -> 1669050534 | I72: =SUM(I68:I71) -> 1605462373 | ... AA72: =SUM(AA68:AA71) -> 4.9210809e+09 | AC72: =P72/AVERAGE(K72:O72)-1 -> 0.67670939 | AD72: =P72/O72-1 -> 0.19167551
O73: =O71/O68-1 -> 0.25980484 | P73: =P71/P68-1 -> 0.1349713
A74: Combined BBD Imports (Foreign Generation and Importer) | AC74: 2024
B75: =B2 -> 2010 | C75: =C2 -> 2011 | D75: =D2 -> 2012 | E75: =E2 -> 2013 | F75: =F2 -> 2014 | G75: =G2 -> 2015 | H75: =H2 -> 2016 | I75: =I2 -> 2017 | ... AA75: =AA2 -> 2035 | AC75: Qtr/Qtr Chg | AD75: Yr/Yr Chng
A76: Q1 | B76: =SUM('Qtrly Gallon Summary'!B59+'Qtrly Gallon Summary'!B51+'Qtrly Gallon Summary'!B27+'Qtrly Gallon Summary'!B19) -> 0 | C76: =SUM('Qtrly Gallon Summary'!C59+'Qtrly Gallon Summary'!C51+'Qtrly Gallon Summary'!C27+'Qtrly Gallon Summary'!C19) -> 8600114 | D76: =SUM('Qtrly Gallon Summary'!D59+'Qtrly Gallon Summary'!D51+'Qtrly Gallon Summary'!D27+'Qtrly Gallon Summary'!D19) -> 13704884 | E76: =SUM('Qtrly Gallon Summary'!E59+'Qtrly Gallon Summary'!E51+'Qtrly Gallon Summary'!E27+'Qtrly Gallon Summary'!E19) -> 40780911 | F76: =SUM('Qtrly Gallon Summary'!F59+'Qtrly Gallon Summary'!F51+'Qtrly Gallon Summary'!F27+'Qtrly Gallon Summary'!F19) -> 124089262 | G76: =SUM('Qtrly Gallon Summary'!G59+'Qtrly Gallon Summary'!G51+'Qtrly Gallon Summary'!G27+'Qtrly Gallon Summary'!G19) -> 108943650 | H76: =SUM('Qtrly Gallon Summary'!H59+'Qtrly Gallon Summary'!H51+'Qtrly Gallon Summary'!H27+'Qtrly Gallon Summary'!H19) -> 120877536 | I76: =SUM('Qtrly Gallon Summary'!I59+'Qtrly Gallon Summary'!I51+'Qtrly Gallon Summary'!I27+'Qtrly Gallon Summary'!I19) -> 177112383 | ... AA76: =SUM('Qtrly Gallon Summary'!AA59+'Qtrly Gallon Summary'!AA51+'Qtrly Gallon Summary'!AA27+'Qtrly Gallon Summary'!AA19) -> 61302857 | AC76: =P76/O79-1 -> -0.2026281 | AD76: =P76/O76-1 -> 0.017833441
A77: Q2 | B77: =SUM('Qtrly Gallon Summary'!B60+'Qtrly Gallon Summary'!B52+'Qtrly Gallon Summary'!B28+'Qtrly Gallon Summary'!B20) -> 0 | C77: =SUM('Qtrly Gallon Summary'!C60+'Qtrly Gallon Summary'!C52+'Qtrly Gallon Summary'!C28+'Qtrly Gallon Summary'!C20) -> 7971778 | D77: =SUM('Qtrly Gallon Summary'!D60+'Qtrly Gallon Summary'!D52+'Qtrly Gallon Summary'!D28+'Qtrly Gallon Summary'!D20) -> 22308516 | E77: =SUM('Qtrly Gallon Summary'!E60+'Qtrly Gallon Summary'!E52+'Qtrly Gallon Summary'!E28+'Qtrly Gallon Summary'!E20) -> 89970191 | F77: =SUM('Qtrly Gallon Summary'!F60+'Qtrly Gallon Summary'!F52+'Qtrly Gallon Summary'!F28+'Qtrly Gallon Summary'!F20) -> 123454957 | G77: =SUM('Qtrly Gallon Summary'!G60+'Qtrly Gallon Summary'!G52+'Qtrly Gallon Summary'!G28+'Qtrly Gallon Summary'!G20) -> 149427423 | H77: =SUM('Qtrly Gallon Summary'!H60+'Qtrly Gallon Summary'!H52+'Qtrly Gallon Summary'!H28+'Qtrly Gallon Summary'!H20) -> 250365660 | I77: =SUM('Qtrly Gallon Summary'!I60+'Qtrly Gallon Summary'!I52+'Qtrly Gallon Summary'!I28+'Qtrly Gallon Summary'!I20) -> 231099341 | ... AA77: =SUM('Qtrly Gallon Summary'!AA60+'Qtrly Gallon Summary'!AA52+'Qtrly Gallon Summary'!AA28+'Qtrly Gallon Summary'!AA20) -> 88274937 | AC77: =P77/P76-1 -> 0.038858518 | AD77: =P77/O77-1 -> -0.054073688
A78: Q3 | B78: =SUM('Qtrly Gallon Summary'!B61+'Qtrly Gallon Summary'!B53+'Qtrly Gallon Summary'!B29+'Qtrly Gallon Summary'!B21) -> 4935312 | C78: =SUM('Qtrly Gallon Summary'!C61+'Qtrly Gallon Summary'!C53+'Qtrly Gallon Summary'!C29+'Qtrly Gallon Summary'!C21) -> 9749943 | D78: =SUM('Qtrly Gallon Summary'!D61+'Qtrly Gallon Summary'!D53+'Qtrly Gallon Summary'!D29+'Qtrly Gallon Summary'!D21) -> 10053565 | E78: =SUM('Qtrly Gallon Summary'!E61+'Qtrly Gallon Summary'!E53+'Qtrly Gallon Summary'!E29+'Qtrly Gallon Summary'!E21) -> 68129973 | F78: =SUM('Qtrly Gallon Summary'!F61+'Qtrly Gallon Summary'!F53+'Qtrly Gallon Summary'!F29+'Qtrly Gallon Summary'!F21) -> 165846399 | G78: =SUM('Qtrly Gallon Summary'!G61+'Qtrly Gallon Summary'!G53+'Qtrly Gallon Summary'!G29+'Qtrly Gallon Summary'!G21) -> 190086363 | H78: =SUM('Qtrly Gallon Summary'!H61+'Qtrly Gallon Summary'!H53+'Qtrly Gallon Summary'!H29+'Qtrly Gallon Summary'!H21) -> 283949203 | I78: =SUM('Qtrly Gallon Summary'!I61+'Qtrly Gallon Summary'!I53+'Qtrly Gallon Summary'!I29+'Qtrly Gallon Summary'!I21) -> 227094868 | ... AA78: =SUM('Qtrly Gallon Summary'!AA61+'Qtrly Gallon Summary'!AA53+'Qtrly Gallon Summary'!AA29+'Qtrly Gallon Summary'!AA21) -> 61736831 | AC78: =P78/P77-1 -> -0.21982652 | AD78: =P78/O78-1 -> -0.0047068562
A79: Q4 | B79: =SUM('Qtrly Gallon Summary'!B62+'Qtrly Gallon Summary'!B54+'Qtrly Gallon Summary'!B30+'Qtrly Gallon Summary'!B22) -> 7552194 | C79: =SUM('Qtrly Gallon Summary'!C62+'Qtrly Gallon Summary'!C54+'Qtrly Gallon Summary'!C30+'Qtrly Gallon Summary'!C22) -> 18137737 | D79: =SUM('Qtrly Gallon Summary'!D62+'Qtrly Gallon Summary'!D54+'Qtrly Gallon Summary'!D30+'Qtrly Gallon Summary'!D22) -> 4056948 | E79: =SUM('Qtrly Gallon Summary'!E62+'Qtrly Gallon Summary'!E54+'Qtrly Gallon Summary'!E30+'Qtrly Gallon Summary'!E22) -> 125359474 | F79: =SUM('Qtrly Gallon Summary'!F62+'Qtrly Gallon Summary'!F54+'Qtrly Gallon Summary'!F30+'Qtrly Gallon Summary'!F22) -> 179193494 | G79: =SUM('Qtrly Gallon Summary'!G62+'Qtrly Gallon Summary'!G54+'Qtrly Gallon Summary'!G30+'Qtrly Gallon Summary'!G22) -> 178110398 | H79: =SUM('Qtrly Gallon Summary'!H62+'Qtrly Gallon Summary'!H54+'Qtrly Gallon Summary'!H30+'Qtrly Gallon Summary'!H22) -> 359858658 | I79: =SUM('Qtrly Gallon Summary'!I62+'Qtrly Gallon Summary'!I54+'Qtrly Gallon Summary'!I30+'Qtrly Gallon Summary'!I22) -> 178414910 | ... AA79: =SUM('Qtrly Gallon Summary'!AA62+'Qtrly Gallon Summary'!AA54+'Qtrly Gallon Summary'!AA30+'Qtrly Gallon Summary'!AA22) -> 99741375 | AC79: =P79/P78-1 -> 0.48594457 | AD79: =P79/O79-1 -> -0.039690728
A80: Total | B80: =SUM(B76:B79) -> 12487506 | C80: =SUM(C76:C79) -> 44459572 | D80: =SUM(D76:D79) -> 50123913 | E80: =SUM(E76:E79) -> 324240549 | F80: =SUM(F76:F79) -> 592584112 | G80: =SUM(G76:G79) -> 626567834 | H80: =SUM(H76:H79) -> 1015051057 | I80: =SUM(I76:I79) -> 813721502 | ... AA80: =SUM(AA76:AA79) -> 3.11056e+08 | AC80: =P80/AVERAGE(K80:O80)-1 -> 0.34887899 | AD80: =P80/O80-1 -> -0.023010644
O81: =O79/O76-1 -> 0.27648521 | P81: =P79/P76-1 -> 0.20434301
A82: Total BBD Supply | AC82: 2024
B83: =B2 -> 2010 | C83: =C2 -> 2011 | D83: =D2 -> 2012 | E83: =E2 -> 2013 | F83: =F2 -> 2014 | G83: =G2 -> 2015 | H83: =H2 -> 2016 | I83: =I2 -> 2017 | ... O83: =O2 -> 2023 | P83: =P10 -> 2024 | Q83: =Q10 -> 2025 | R83: =R10 -> 2026 | S83: =S10 -> 2027 | T83: =T10 -> 2028 | U83: =U10 -> 2029 | V83: =V10 -> 0 | W83: =W10 -> 0 | ... AA83: =AA10 -> 0 | AC83: Qtr/Qtr Chg | AD83: Yr/Yr Chng
A84: Q1 | B84: =B76+B68 -> 1833131 | C84: =C76+C68 -> 155428125 | D84: =D76+D68 -> 254663353 | E84: =E76+E68 -> 291938769 | F84: =F76+F68 -> 379030709 | G84: =G76+G68 -> 367137526 | H84: =H76+H68 -> 470645718 | I84: =I76+I68 -> 488479264 | ... O84: =O76+O68 -> 1065428072 | P84: =SUM('Qtrly Gallon Summary'!P68+'Qtrly Gallon Summary'!P59+'Qtrly Gallon Summary'!P35+'Qtrly Gallon Summary'!P27) -> 1947816845 | Q84: =SUM('Qtrly Gallon Summary'!Q68+'Qtrly Gallon Summary'!Q59+'Qtrly Gallon Summary'!Q35+'Qtrly Gallon Summary'!Q27) -> 1528577461 | R84: =SUM('Qtrly Gallon Summary'!R68+'Qtrly Gallon Summary'!R59+'Qtrly Gallon Summary'!R35+'Qtrly Gallon Summary'!R27) -> 1.5786576e+09 | S84: =SUM('Qtrly Gallon Summary'!S68+'Qtrly Gallon Summary'!S59+'Qtrly Gallon Summary'!S35+'Qtrly Gallon Summary'!S27) -> 1.6652667e+09 | T84: =SUM('Qtrly Gallon Summary'!T68+'Qtrly Gallon Summary'!T59+'Qtrly Gallon Summary'!T35+'Qtrly Gallon Summary'!T27) -> 1.6145541e+09 | U84: =SUM('Qtrly Gallon Summary'!U68+'Qtrly Gallon Summary'!U59+'Qtrly Gallon Summary'!U35+'Qtrly Gallon Summary'!U27) -> 1.6469178e+09 | V84: =SUM('Qtrly Gallon Summary'!V68+'Qtrly Gallon Summary'!V59+'Qtrly Gallon Summary'!V35+'Qtrly Gallon Summary'!V27) -> 1.6818585e+09 | W84: =SUM('Qtrly Gallon Summary'!W68+'Qtrly Gallon Summary'!W59+'Qtrly Gallon Summary'!W35+'Qtrly Gallon Summary'!W27) -> 1.8174138e+09 | ... AA84: =SUM('Qtrly Gallon Summary'!AA68+'Qtrly Gallon Summary'!AA59+'Qtrly Gallon Summary'!AA35+'Qtrly Gallon Summary'!AA27) -> 2.0982139e+09 | AC84: =P84/O87-1 -> 0.4471007 | AD84: =P84/O84-1 -> 0.82820117
A85: Q2 | B85: =B77+B69 -> 1869566 | C85: =C77+C69 -> 189636010 | D85: =D77+D69 -> 295065838 | E85: =E77+E69 -> 381402889 | F85: =F77+F69 -> 428438149 | G85: =G77+G69 -> 456473514 | H85: =H77+H69 -> 650323856 | I85: =I77+I69 -> 602696878 | ... O85: =O77+O69 -> 1132559764 | P85: =SUM('Qtrly Gallon Summary'!P69+'Qtrly Gallon Summary'!P60+'Qtrly Gallon Summary'!P36+'Qtrly Gallon Summary'!P28) -> 2139083444 | Q85: =SUM('Qtrly Gallon Summary'!Q69+'Qtrly Gallon Summary'!Q60+'Qtrly Gallon Summary'!Q36+'Qtrly Gallon Summary'!Q28) -> 1.6331547e+09 | R85: =SUM('Qtrly Gallon Summary'!R69+'Qtrly Gallon Summary'!R60+'Qtrly Gallon Summary'!R36+'Qtrly Gallon Summary'!R28) -> 1.7141082e+09 | S85: =SUM('Qtrly Gallon Summary'!S69+'Qtrly Gallon Summary'!S60+'Qtrly Gallon Summary'!S36+'Qtrly Gallon Summary'!S28) -> 1.8220003e+09 | T85: =SUM('Qtrly Gallon Summary'!T69+'Qtrly Gallon Summary'!T60+'Qtrly Gallon Summary'!T36+'Qtrly Gallon Summary'!T28) -> 1.7636361e+09 | U85: =SUM('Qtrly Gallon Summary'!U69+'Qtrly Gallon Summary'!U60+'Qtrly Gallon Summary'!U36+'Qtrly Gallon Summary'!U28) -> 1.8027871e+09 | V85: =SUM('Qtrly Gallon Summary'!V69+'Qtrly Gallon Summary'!V60+'Qtrly Gallon Summary'!V36+'Qtrly Gallon Summary'!V28) -> 1.8497771e+09 | W85: =SUM('Qtrly Gallon Summary'!W69+'Qtrly Gallon Summary'!W60+'Qtrly Gallon Summary'!W36+'Qtrly Gallon Summary'!W28) -> 1.9786893e+09 | ... AA85: =SUM('Qtrly Gallon Summary'!AA69+'Qtrly Gallon Summary'!AA60+'Qtrly Gallon Summary'!AA36+'Qtrly Gallon Summary'!AA28) -> 2.2673995e+09 | AC85: =P85/P84-1 -> 0.098195372 | AD85: =P85/O85-1 -> 0.88871573
A86: Q3 | B86: =B78+B70 -> 6751960 | C86: =C78+C70 -> 234093263 | D86: =D78+D70 -> 318014213 | E86: =E78+E70 -> 405526664 | F86: =F78+F70 -> 515270681 | G86: =G78+G70 -> 558075551 | H86: =H78+H70 -> 733370382 | I86: =I78+I70 -> 670640333 | ... O86: =O78+O70 -> 1204084814 | P86: =SUM('Qtrly Gallon Summary'!P70+'Qtrly Gallon Summary'!P61+'Qtrly Gallon Summary'!P37+'Qtrly Gallon Summary'!P29) -> 2120320277 | Q86: =SUM('Qtrly Gallon Summary'!Q70+'Qtrly Gallon Summary'!Q61+'Qtrly Gallon Summary'!Q37+'Qtrly Gallon Summary'!Q29) -> 1.6936111e+09 | R86: =SUM('Qtrly Gallon Summary'!R70+'Qtrly Gallon Summary'!R61+'Qtrly Gallon Summary'!R37+'Qtrly Gallon Summary'!R29) -> 1.7195116e+09 | S86: =SUM('Qtrly Gallon Summary'!S70+'Qtrly Gallon Summary'!S61+'Qtrly Gallon Summary'!S37+'Qtrly Gallon Summary'!S29) -> 1.8482544e+09 | T86: =SUM('Qtrly Gallon Summary'!T70+'Qtrly Gallon Summary'!T61+'Qtrly Gallon Summary'!T37+'Qtrly Gallon Summary'!T29) -> 1.7915634e+09 | U86: =SUM('Qtrly Gallon Summary'!U70+'Qtrly Gallon Summary'!U61+'Qtrly Gallon Summary'!U37+'Qtrly Gallon Summary'!U29) -> 1.8391099e+09 | V86: =SUM('Qtrly Gallon Summary'!V70+'Qtrly Gallon Summary'!V61+'Qtrly Gallon Summary'!V37+'Qtrly Gallon Summary'!V29) -> 1.9049422e+09 | W86: =SUM('Qtrly Gallon Summary'!W70+'Qtrly Gallon Summary'!W61+'Qtrly Gallon Summary'!W37+'Qtrly Gallon Summary'!W29) -> 2.0268937e+09 | ... AA86: =SUM('Qtrly Gallon Summary'!AA70+'Qtrly Gallon Summary'!AA61+'Qtrly Gallon Summary'!AA37+'Qtrly Gallon Summary'!AA29) -> 2.3383134e+09 | AC86: =P86/P85-1 -> -0.0087715919 | AD86: =P86/O86-1 -> 0.76093931
A87: Q4 | B87: =B79+B71 -> 9197895 | C87: =C79+C71 -> 258577642 | D87: =D79+D71 -> 321718173 | E87: =E79+E71 -> 484647235 | F87: =F79+F71 -> 552191836 | G87: =G79+G71 -> 582958167 | H87: =H79+H71 -> 829761635 | I87: =I79+I71 -> 657367400 | ... O87: =O79+O71 -> 1346013341 | P87: =SUM('Qtrly Gallon Summary'!P71+'Qtrly Gallon Summary'!P62+'Qtrly Gallon Summary'!P38+'Qtrly Gallon Summary'!P30) -> 2289624281 | Q87: =SUM('Qtrly Gallon Summary'!Q71+'Qtrly Gallon Summary'!Q62+'Qtrly Gallon Summary'!Q38+'Qtrly Gallon Summary'!Q30) -> 1.8643327e+09 | R87: =SUM('Qtrly Gallon Summary'!R71+'Qtrly Gallon Summary'!R62+'Qtrly Gallon Summary'!R38+'Qtrly Gallon Summary'!R30) -> 2.0334855e+09 | S87: =SUM('Qtrly Gallon Summary'!S71+'Qtrly Gallon Summary'!S62+'Qtrly Gallon Summary'!S38+'Qtrly Gallon Summary'!S30) -> 2.1600221e+09 | T87: =SUM('Qtrly Gallon Summary'!T71+'Qtrly Gallon Summary'!T62+'Qtrly Gallon Summary'!T38+'Qtrly Gallon Summary'!T30) -> 2.1008595e+09 | U87: =SUM('Qtrly Gallon Summary'!U71+'Qtrly Gallon Summary'!U62+'Qtrly Gallon Summary'!U38+'Qtrly Gallon Summary'!U30) -> 2.1420197e+09 | V87: =SUM('Qtrly Gallon Summary'!V71+'Qtrly Gallon Summary'!V62+'Qtrly Gallon Summary'!V38+'Qtrly Gallon Summary'!V30) -> 2.223062e+09 | W87: =SUM('Qtrly Gallon Summary'!W71+'Qtrly Gallon Summary'!W62+'Qtrly Gallon Summary'!W38+'Qtrly Gallon Summary'!W30) -> 2.3674471e+09 | ... AA87: =SUM('Qtrly Gallon Summary'!AA71+'Qtrly Gallon Summary'!AA62+'Qtrly Gallon Summary'!AA38+'Qtrly Gallon Summary'!AA30) -> 2.7280074e+09 | AC87: =P87/P86-1 -> 0.079848316 | AD87: =P87/O87-1 -> 0.7010413
A88: Total | B88: =SUM(B84:B87) -> 19652552 | C88: =SUM(C84:C87) -> 837735040 | D88: =SUM(D84:D87) -> 1189461577 | E88: =SUM(E84:E87) -> 1563515557 | F88: =SUM(F84:F87) -> 1874931375 | G88: =SUM(G84:G87) -> 1964644758 | H88: =SUM(H84:H87) -> 2684101591 | I88: =SUM(I84:I87) -> 2419183875 | ... AA88: =SUM(AA84:AA87) -> 9.4319343e+09 | AC88: =P88/AVERAGE(K88:O88)-1 -> 1.5082415 | AD88: =P88/O88-1 -> 0.78953053
A90: Total SAF | AC90: 2024
B91: =B2 -> 2010 | C91: =C2 -> 2011 | D91: =D2 -> 2012 | E91: =E2 -> 2013 | F91: =F2 -> 2014 | G91: =G2 -> 2015 | H91: =H2 -> 2016 | I91: =I2 -> 2017 | ... AA91: =AA2 -> 2035 | AC91: Qtr/Qtr Chg | AD91: Yr/Yr Chng
A92: Q1 | B92: =SUM('Monthly Gallon Summary'!B180:B182) -> 0 | C92: =SUM('Monthly Gallon Summary'!C180:C182) -> 0 | D92: =SUM('Monthly Gallon Summary'!D180:D182) -> 0 | E92: =SUM('Monthly Gallon Summary'!E180:E182) -> 0 | F92: =SUM('Monthly Gallon Summary'!F180:F182) -> 0 | G92: =SUM('Monthly Gallon Summary'!G180:G182) -> 0 | H92: =SUM('Monthly Gallon Summary'!H180:H182) -> 0 | I92: =SUM('Monthly Gallon Summary'!I180:I182) -> 585778 | ... AA92: =SUM('Monthly Gallon Summary'!AA180:AA182) -> 1.04349e+09 | AC92: =P92/O95-1 -> 1.9820193 | AD92: =P92/O92-1 -> 2.4770524
A93: Q2 | B93: =SUM('Monthly Gallon Summary'!B183:B185) -> 0 | C93: =SUM('Monthly Gallon Summary'!C183:C185) -> 0 | D93: =SUM('Monthly Gallon Summary'!D183:D185) -> 0 | E93: =SUM('Monthly Gallon Summary'!E183:E185) -> 0 | F93: =SUM('Monthly Gallon Summary'!F183:F185) -> 0 | G93: =SUM('Monthly Gallon Summary'!G183:G185) -> 0 | H93: =SUM('Monthly Gallon Summary'!H183:H185) -> 0 | I93: =SUM('Monthly Gallon Summary'!I183:I185) -> 261956 | ... AA93: =SUM('Monthly Gallon Summary'!AA183:AA185) -> 1.2404033e+09 | AC93: =P93/P92-1 -> 0.75236202 | AD93: =P93/O93-1 -> 4.1436977
A94: Q3 | B94: =SUM('Monthly Gallon Summary'!B186:B188) -> 0 | C94: =SUM('Monthly Gallon Summary'!C186:C188) -> 0 | D94: =SUM('Monthly Gallon Summary'!D186:D188) -> 0 | E94: =SUM('Monthly Gallon Summary'!E186:E188) -> 0 | F94: =SUM('Monthly Gallon Summary'!F186:F188) -> 0 | G94: =SUM('Monthly Gallon Summary'!G186:G188) -> 0 | H94: =SUM('Monthly Gallon Summary'!H186:H188) -> 230790 | I94: =SUM('Monthly Gallon Summary'!I186:I188) -> 432788 | ... AA94: =SUM('Monthly Gallon Summary'!AA186:AA188) -> 1.6187348e+09 | AC94: =P94/P93-1 -> 0.27900933 | AD94: =P94/O94-1 -> 4.0601571
A95: Q4 | B95: =SUM('Monthly Gallon Summary'!B189:B191) -> 0 | C95: =SUM('Monthly Gallon Summary'!C189:C191) -> 0 | D95: =SUM('Monthly Gallon Summary'!D189:D191) -> 0 | E95: =SUM('Monthly Gallon Summary'!E189:E191) -> 0 | F95: =SUM('Monthly Gallon Summary'!F189:F191) -> 0 | G95: =SUM('Monthly Gallon Summary'!G189:G191) -> 0 | H95: =SUM('Monthly Gallon Summary'!H189:H191) -> 552856 | I95: =SUM('Monthly Gallon Summary'!I189:I191) -> 430495 | ... AA95: =SUM('Monthly Gallon Summary'!AA189:AA191) -> 1.6153879e+09 | AC95: =P95/P94-1 -> -0.55887515 | AD95: =P95/O95-1 -> 1.9482854
A96: Total | B96: =SUM(B92:B95) -> 0 | C96: =SUM(C92:C95) -> 0 | D96: =SUM(D92:D95) -> 0 | E96: =SUM(E92:E95) -> 0 | F96: =SUM(F92:F95) -> 0 | G96: =SUM(G92:G95) -> 0 | H96: =SUM(H92:H95) -> 783646 | I96: =SUM(I92:I95) -> 1711017 | ... AA96: =SUM(AA92:AA95) -> 5.5180161e+09 | AB96: =(P96/I96)^(1/8)-1 -> 0.68627044 | AC96: =P96/AVERAGE(K96:O96)-1 -> 9.3127128 | AD96: =P96/O96-1 -> 3.25319
A98: Domestic SAF | AC98: 2024
B99: =B2 -> 2010 | C99: =C2 -> 2011 | D99: =D2 -> 2012 | E99: =E2 -> 2013 | F99: =F2 -> 2014 | G99: =G2 -> 2015 | H99: =H2 -> 2016 | I99: =I2 -> 2017 | ... AA99: =AA2 -> 2035 | AC99: Qtr/Qtr Chg | AD99: Yr/Yr Chng
A100: Q1 | B100: =SUM('Monthly Gallon Summary'!B196:B198) -> 0 | C100: =SUM('Monthly Gallon Summary'!C196:C198) -> 0 | D100: =SUM('Monthly Gallon Summary'!D196:D198) -> 0 | E100: =SUM('Monthly Gallon Summary'!E196:E198) -> 0 | F100: =SUM('Monthly Gallon Summary'!F196:F198) -> 0 | G100: =SUM('Monthly Gallon Summary'!G196:G198) -> 0 | H100: =SUM('Monthly Gallon Summary'!H196:H198) -> 0 | I100: =SUM('Monthly Gallon Summary'!I196:I198) -> 585778 | ... AA100: =SUM('Monthly Gallon Summary'!AA196:AA198) -> 1.0174794e+09 | AC100: =P100/O103-1 -> 1.0858873 | AD100: =P100/O100-1 -> 0.6990709
A101: Q2 | B101: =SUM('Monthly Gallon Summary'!B199:B201) -> 0 | C101: =SUM('Monthly Gallon Summary'!C199:C201) -> 0 | D101: =SUM('Monthly Gallon Summary'!D199:D201) -> 0 | E101: =SUM('Monthly Gallon Summary'!E199:E201) -> 0 | F101: =SUM('Monthly Gallon Summary'!F199:F201) -> 0 | G101: =SUM('Monthly Gallon Summary'!G199:G201) -> 0 | H101: =SUM('Monthly Gallon Summary'!H199:H201) -> 0 | I101: =SUM('Monthly Gallon Summary'!I199:I201) -> 261956 | ... AA101: =SUM('Monthly Gallon Summary'!AA199:AA201) -> 1.2087693e+09 | AC101: =P101/P100-1 -> 1.1496737 | AD101: =P101/O101-1 -> 1.4701773
A102: Q3 | B102: =SUM('Monthly Gallon Summary'!A202:A204) -> 0 | C102: =SUM('Monthly Gallon Summary'!B202:B204) -> 0 | D102: =SUM('Monthly Gallon Summary'!C202:C204) -> 0 | E102: =SUM('Monthly Gallon Summary'!D202:D204) -> 0 | F102: =SUM('Monthly Gallon Summary'!E202:E204) -> 0 | G102: =SUM('Monthly Gallon Summary'!F202:F204) -> 0 | H102: =SUM('Monthly Gallon Summary'!G202:G204) -> 0 | I102: =SUM('Monthly Gallon Summary'!H202:H204) -> 230790 | ... AA102: =SUM('Monthly Gallon Summary'!Z202:Z204) -> 1.5101159e+09 | AC102: =P102/P101-1 -> -0.40947503 | AD102: =P102/O102-1 -> 1.7762968
A103: Q4 | B103: =SUM('Monthly Gallon Summary'!A205:A207) -> 0 | C103: =SUM('Monthly Gallon Summary'!B205:B207) -> 0 | D103: =SUM('Monthly Gallon Summary'!C205:C207) -> 0 | E103: =SUM('Monthly Gallon Summary'!D205:D207) -> 0 | F103: =SUM('Monthly Gallon Summary'!E205:E207) -> 0 | G103: =SUM('Monthly Gallon Summary'!F205:F207) -> 0 | H103: =SUM('Monthly Gallon Summary'!G205:G207) -> 0 | I103: =SUM('Monthly Gallon Summary'!H205:H207) -> 552856 | ... AA103: =SUM('Monthly Gallon Summary'!Z205:Z207) -> 1.5121878e+09 | AC103: =P103/P102-1 -> -0.52537559 | AD103: =P103/O103-1 -> 0.25675816
A104: Total | B104: =SUM(B100:B103) -> 0 | C104: =SUM(C100:C103) -> 0 | D104: =SUM(D100:D103) -> 0 | E104: =SUM(E100:E103) -> 0 | F104: =SUM(F100:F103) -> 0 | G104: =SUM(G100:G103) -> 0 | H104: =SUM(H100:H103) -> 0 | I104: =SUM(I100:I103) -> 1631380 | ... AA104: =SUM(AA100:AA103) -> 5.2485524e+09 | AC104: =P104/AVERAGE(K104:O104)-1 -> 2.8983096 | AD104: =P104/O104-1 -> 1.0963044
A106: Import/Foreign Generation SAF | AC106: 2024
B107: =B2 -> 2010 | C107: =C2 -> 2011 | D107: =D2 -> 2012 | E107: =E2 -> 2013 | F107: =F2 -> 2014 | G107: =G2 -> 2015 | H107: =H2 -> 2016 | I107: =I2 -> 2017 | ... AA107: =AA2 -> 2035 | AC107: Qtr/Qtr Chg | AD107: Yr/Yr Chng
A108: Q1 | B108: =SUM('Monthly Gallon Summary'!B212:B214) -> 0 | C108: =SUM('Monthly Gallon Summary'!C212:C214) -> 0 | D108: =SUM('Monthly Gallon Summary'!D212:D214) -> 0 | E108: =SUM('Monthly Gallon Summary'!E212:E214) -> 0 | F108: =SUM('Monthly Gallon Summary'!F212:F214) -> 0 | G108: =SUM('Monthly Gallon Summary'!G212:G214) -> 0 | H108: =SUM('Monthly Gallon Summary'!H212:H214) -> 0 | I108: =SUM('Monthly Gallon Summary'!I212:I214) -> 0 | ... AA108: =SUM('Monthly Gallon Summary'!AA212:AA214) -> 26010620 | AC108: =P108/O111-1 -> 2.8796288 | AD108: =P108/O108-1 -> 3.9950323
A109: Q2 | B109: =SUM('Monthly Gallon Summary'!B215:B217) -> 0 | C109: =SUM('Monthly Gallon Summary'!C215:C217) -> 0 | D109: =SUM('Monthly Gallon Summary'!D215:D217) -> 0 | E109: =SUM('Monthly Gallon Summary'!E215:E217) -> 0 | F109: =SUM('Monthly Gallon Summary'!F215:F217) -> 0 | G109: =SUM('Monthly Gallon Summary'!G215:G217) -> 0 | H109: =SUM('Monthly Gallon Summary'!H215:H217) -> 0 | I109: =SUM('Monthly Gallon Summary'!I215:I217) -> 0 | ... AA109: =SUM('Monthly Gallon Summary'!AA215:AA217) -> 31634056 | AC109: =P109/P108-1 -> 0.63697863 | AD109: =P109/O109-1 -> 7.7590963
A110: Q3 | B110: =SUM('Monthly Gallon Summary'!B218:B220) -> 0 | C110: =SUM('Monthly Gallon Summary'!C218:C220) -> 0 | D110: =SUM('Monthly Gallon Summary'!D218:D220) -> 0 | E110: =SUM('Monthly Gallon Summary'!E218:E220) -> 0 | F110: =SUM('Monthly Gallon Summary'!F218:F220) -> 0 | G110: =SUM('Monthly Gallon Summary'!G218:G220) -> 0 | H110: =SUM('Monthly Gallon Summary'!H218:H220) -> 0 | I110: =SUM('Monthly Gallon Summary'!I218:I220) -> 0 | ... AA110: =SUM('Monthly Gallon Summary'!AA218:AA220) -> 41307591 | AC110: =P110/P109-1 -> 0.070218178 | AD110: =P110/O110-1 -> 7.6343321
A111: Q4 | B111: =SUM('Monthly Gallon Summary'!B221:B223) -> 0 | C111: =SUM('Monthly Gallon Summary'!C221:C223) -> 0 | D111: =SUM('Monthly Gallon Summary'!D221:D223) -> 0 | E111: =SUM('Monthly Gallon Summary'!E221:E223) -> 0 | F111: =SUM('Monthly Gallon Summary'!F221:F223) -> 0 | G111: =SUM('Monthly Gallon Summary'!G221:G223) -> 0 | H111: =SUM('Monthly Gallon Summary'!H221:H223) -> 0 | I111: =SUM('Monthly Gallon Summary'!I221:I223) -> 0 | ... AA111: =SUM('Monthly Gallon Summary'!AA221:AA223) -> 35633492 | AC111: =P111/P110-1 -> -0.62362748 | AD111: =P111/O111-1 -> 1.5581347
...

Sheet Production Summary
A1: RFS Production Summary (gallons)
B2: 2010 | C2: 2011 | D2: 2012 | E2: 2013 | F2: 2014 | G2: 2015 | H2: 2016 | I2: 2017 | J2: 2018 | K2: 2019 | L2: 2020 | M2: 2021 | N2: 2022 | O2: 2023 | P2: 2024 | Q2: 2025 | R2: 2026 | S2: 2027 | T2: 2028 | U2: 2029 | V2: 2030 | W2: 2031 | X2: 2032 | Y2: 2033 | Z2: 2034 | AA2: 2035 | AB2: 2036 | AC2: 2037 | AD2: 2038
A3: D3 | B3: ='D3 Gallon Forecast'!B15 -> 0 | C3: ='D3 Gallon Forecast'!C15 -> 0 | D3: ='D3 Gallon Forecast'!D15 -> 20069 | E3: ='D3 Gallon Forecast'!E15 -> 281819 | F3: ='D3 Gallon Forecast'!F15 -> 33345837 | G3: ='D3 Gallon Forecast'!G15 -> 142040241 | H3: ='D3 Gallon Forecast'!H15 -> 192361795 | I3: ='D3 Gallon Forecast'!I15 -> 250624473 | ... AD3: ='D3 Gallon Forecast'!AD15 -> 2.5383905e+09 | AF3: =P8/O8-1 -> 0.04490743 | AG3: percent change from prior year
A4: D4 | B4: ='D4 Gallon Forecast'!B27 -> 215402913 | C4: ='D4 Gallon Forecast'!C27 -> 1122699193 | D4: ='D4 Gallon Forecast'!D27 -> 1146899177 | E4: ='D4 Gallon Forecast'!E27 -> 1794304869 | F4: ='D4 Gallon Forecast'!F27 -> 1763434468 | G4: ='D4 Gallon Forecast'!G27 -> 1823117873 | H4: ='D4 Gallon Forecast'!H27 -> 2616026976 | I4: ='D4 Gallon Forecast'!I27 -> 2505344787 | ... AD4: ='D4 Gallon Forecast'!AD27 -> 1.3567007e+10 | AF4: =P8-O8 -> 929986173 | AG4: volume change from last year
A5: D5 | B5: ='D5 Gallon Forecast'!B28 -> 19233282 | C5: ='D5 Gallon Forecast'!C28 -> 215755059 | D5: ='D5 Gallon Forecast'!D28 -> 618671889 | E5: ='D5 Gallon Forecast'!E28 -> 527775069 | F5: ='D5 Gallon Forecast'!F28 -> 131427352 | G5: ='D5 Gallon Forecast'!G28 -> 135291787 | H5: ='D5 Gallon Forecast'!H28 -> 85201935 | I5: ='D5 Gallon Forecast'!I28 -> 128800020 | ... AD5: ='D5 Gallon Forecast'!AD28 -> 425000000 | AF5: =P8/AVERAGE(K8:O8)-1 -> 0.16814735 | AG5: percent change from the five-year average
A6: D6 | B6: ='D6 Gallon Forecast'!B23 -> 6789828018 | C6: ='D6 Gallon Forecast'!C23 -> 13613229503 | D6: ='D6 Gallon Forecast'!D23 -> 12987468760 | E6: ='D6 Gallon Forecast'!E23 -> 13251265535 | F6: ='D6 Gallon Forecast'!F23 -> 14226497803 | G6: ='D6 Gallon Forecast'!G23 -> 14668303446 | H6: ='D6 Gallon Forecast'!H23 -> 15003278197 | I6: ='D6 Gallon Forecast'!I23 -> 15008327443 | ... AD6: ='D6 Gallon Forecast'!AD23 -> 1.6244126e+10
A7: D7 | B7: ='D7 Gallon Forecast'!B13 -> 0 | C7: ='D7 Gallon Forecast'!C13 -> 0 | D7: ='D7 Gallon Forecast'!D13 -> 1024 | E7: ='D7 Gallon Forecast'!E13 -> 232808 | F7: ='D7 Gallon Forecast'!F13 -> 55657 | G7: ='D7 Gallon Forecast'!G13 -> 275315 | H7: ='D7 Gallon Forecast'!H13 -> 534429 | I7: ='D7 Gallon Forecast'!I13 -> 1743705 | ... AD7: ='D7 Gallon Forecast'!AD13 -> 341200.39
A8: Combined | B8: =SUM(B3:B7) -> 7024464213 | C8: =SUM(C3:C7) -> 14951683755 | D8: =SUM(D3:D7) -> 14753060919 | E8: =SUM(E3:E7) -> 15573860100 | F8: =SUM(F3:F7) -> 16154761117 | G8: =SUM(G3:G7) -> 16769028662 | H8: =SUM(H3:H7) -> 17897403332 | I8: =SUM(I3:I7) -> 17894840428 | ... AD8: =SUM(AD3:AD7) -> 3.2774865e+10
A9: Biofuel Mandate | C9: ='[1]RVO Forecast'!B$8 -> 13950000000 | D9: ='[1]RVO Forecast'!C$8 -> 15200000000 | E9: ='[1]RVO Forecast'!D$8 -> 16550000000 | F9: ='[1]RVO Forecast'!E$8 -> 16280000000 | G9: ='[1]RVO Forecast'!F$8 -> 16930000000 | H9: ='[1]RVO Forecast'!G$8 -> 18110000000 | I9: ='[1]RVO Forecast'!H$8 -> 19280000000 | J9: ='[1]RVO Forecast'!I$8 -> 19290000000 | ... AD9: ='[1]RVO Forecast'!AC$8 -> 36400000000
A11: Fuel Type Production Summary (gallons)
B12: 2010 | C12: 2011 | D12: 2012 | E12: 2013 | F12: 2014 | G12: 2015 | H12: 2016 | I12: 2017 | J12: 2018 | K12: 2019 | L12: 2020 | M12: 2021 | N12: 2022 | O12: 2023 | P12: 2024 | Q12: 2025 | R12: 2026 | S12: 2027 | T12: 2028 | U12: 2029 | V12: 2030 | W12: 2031 | X12: 2032 | Y12: 2033 | Z12: 2034 | AA12: 2035 | AB12: 2036 | AC12: 2037 | AD12: 2038
A13: D3 | B13: =SUM(B14:B17) -> 0 | C13: =SUM(C14:C17) -> 0 | D13: =SUM(D14:D17) -> 20069 | E13: =SUM(E14:E17) -> 281819 | F13: =SUM(F14:F17) -> 33345837 | G13: =SUM(G14:G17) -> 142040241 | H13: =SUM(H14:H17) -> 192361795 | I13: =SUM(I14:I17) -> 250624473 | ... AD13: =SUM(AD14:AD17) -> 2.5383905e+09
A14: Cellulosic Ethanol | B14: ='D3 Gallon Forecast'!B3 -> 0 | C14: ='D3 Gallon Forecast'!C3 -> 0 | D14: ='D3 Gallon Forecast'!D3 -> 20069 | E14: ='D3 Gallon Forecast'!E3 -> 0 | F14: ='D3 Gallon Forecast'!F3 -> 728509 | G14: ='D3 Gallon Forecast'!G3 -> 2181096 | H14: ='D3 Gallon Forecast'!H3 -> 3805246 | I14: ='D3 Gallon Forecast'!I3 -> 10047034 | ... AD14: ='D3 Gallon Forecast'!AD3 -> 3.4639049e+08
A15: Renewable Compressed Natural Gas | B15: ='D3 Gallon Forecast'!B6 -> 0 | C15: ='D3 Gallon Forecast'!C6 -> 0 | D15: ='D3 Gallon Forecast'!D6 -> 0 | E15: ='D3 Gallon Forecast'!E6 -> 0 | F15: ='D3 Gallon Forecast'!F6 -> 15208068 | G15: ='D3 Gallon Forecast'!G6 -> 81490266 | H15: ='D3 Gallon Forecast'!H6 -> 116582508 | I15: ='D3 Gallon Forecast'!I6 -> 157100756 | ... AD15: ='D3 Gallon Forecast'!AD6 -> 2032000000
A16: Renewable Liquefied Natural Gas | B16: ='D3 Gallon Forecast'!B9 -> 0 | C16: ='D3 Gallon Forecast'!C9 -> 0 | D16: ='D3 Gallon Forecast'!D9 -> 0 | E16: ='D3 Gallon Forecast'!E9 -> 0 | F16: ='D3 Gallon Forecast'!F9 -> 17379815 | G16: ='D3 Gallon Forecast'!G9 -> 58368879 | H16: ='D3 Gallon Forecast'!H9 -> 71974041 | I16: ='D3 Gallon Forecast'!I9 -> 83476683 | ... AD16: ='D3 Gallon Forecast'!AD9 -> 160000000
A17: Cellulosic Renewable Gasoline Blendstock | B17: ='D3 Gallon Forecast'!B12 -> 0 | C17: ='D3 Gallon Forecast'!C12 -> 0 | D17: ='D3 Gallon Forecast'!D12 -> 0 | E17: ='D3 Gallon Forecast'!E12 -> 281819 | F17: ='D3 Gallon Forecast'!F12 -> 29445 | G17: ='D3 Gallon Forecast'!G12 -> 0 | H17: ='D3 Gallon Forecast'!H12 -> 0 | I17: ='D3 Gallon Forecast'!I12 -> 0 | ... AD17: ='D3 Gallon Forecast'!AD12 -> 0
A18: D4 | B18: =SUM(B19:B21) -> 215402913 | C18: =SUM(C19:C21) -> 1122699193 | D18: =SUM(D19:D21) -> 1146899177 | E18: =SUM(E19:E21) -> 1794304869 | F18: =SUM(F19:F21) -> 1763434468 | G18: =SUM(G19:G21) -> 1823117873 | H18: =SUM(H19:H21) -> 2616026976 | I18: =SUM(I19:I21) -> 2505344787 | ... AD18: =SUM(AD19:AD21) -> 1.1723103e+10
A19: Biodiesel | B19: ='D4 Gallon Forecast'!B3 -> 214443356 | C19: ='D4 Gallon Forecast'!C3 -> 1077377519 | D19: ='D4 Gallon Forecast'!D3 -> 1056430771 | E19: ='D4 Gallon Forecast'!E3 -> 1534402079 | F19: ='D4 Gallon Forecast'!F3 -> 1435538716 | G19: ='D4 Gallon Forecast'!G3 -> 1515484489 | H19: ='D4 Gallon Forecast'!H3 -> 2194392940 | I19: ='D4 Gallon Forecast'!I3 -> 2050164384 | ... AD19: ='D4 Gallon Forecast'!AD3 -> 9.2493507e+08
A20: Non-ester Renewable Diesel | B20: ='D4 Gallon Forecast'!B7 -> 959557 | C20: ='D4 Gallon Forecast'!C7 -> 45321674 | D20: ='D4 Gallon Forecast'!D7 -> 90468406 | E20: ='D4 Gallon Forecast'!E7 -> 259902790 | F20: ='D4 Gallon Forecast'!F7 -> 327895752 | G20: ='D4 Gallon Forecast'!G7 -> 307633384 | H20: ='D4 Gallon Forecast'!H7 -> 420850390 | I20: ='D4 Gallon Forecast'!I7 -> 453469386 | ... AD20: ='D4 Gallon Forecast'!AD7 -> 5.5797426e+09
A21: Jet Fuel | B21: ='D4 Gallon Forecast'!B20 -> 0 | C21: ='D4 Gallon Forecast'!C20 -> 0 | D21: ='D4 Gallon Forecast'!D20 -> 0 | E21: ='D4 Gallon Forecast'!E20 -> 0 | F21: ='D4 Gallon Forecast'!F20 -> 0 | G21: ='D4 Gallon Forecast'!G20 -> 0 | H21: ='D4 Gallon Forecast'!H20 -> 783646 | I21: ='D4 Gallon Forecast'!I20 -> 1711017 | ... AD21: ='D4 Gallon Forecast'!AD20 -> 5.218425e+09
A22: D5 | B22: =SUM(B23:B28) -> 19233282 | C22: =SUM(C23:C28) -> 215755059 | D22: =SUM(D23:D28) -> 618671889 | E22: =SUM(E23:E28) -> 527775069 | F22: =SUM(F23:F28) -> 131427352 | G22: =SUM(G23:G28) -> 135291787 | H22: =SUM(H23:H28) -> 85201935 | I22: =SUM(I23:I28) -> 128800020 | ... AD22: =SUM(AD23:AD28) -> 425000000
A23: Non-cellulosic Ethanol | B23: ='D5 Gallon Forecast'!B3 -> 4043017 | C23: ='D5 Gallon Forecast'!C3 -> 193748805 | D23: ='D5 Gallon Forecast'!D3 -> 603461683 | E23: ='D5 Gallon Forecast'!E3 -> 458250657 | F23: ='D5 Gallon Forecast'!F3 -> 90298203 | G23: ='D5 Gallon Forecast'!G3 -> 113785284 | H23: ='D5 Gallon Forecast'!H3 -> 61459280 | I23: ='D5 Gallon Forecast'!I3 -> 99392347 | ... AD23: ='D5 Gallon Forecast'!AD3 -> 68492529
A24: Non-ester Renewable Diesel | B24: ='D5 Gallon Forecast'!B6 -> 7817036 | C24: ='D5 Gallon Forecast'!C6 -> 16719616 | D24: ='D5 Gallon Forecast'!D6 -> 12205618 | E24: ='D5 Gallon Forecast'!E6 -> 41278442 | F24: ='D5 Gallon Forecast'!F6 -> 8605018 | G24: ='D5 Gallon Forecast'!G6 -> 4979775 | H24: ='D5 Gallon Forecast'!H6 -> 4666016 | I24: ='D5 Gallon Forecast'!I6 -> 5147237 | ... AD24: ='D5 Gallon Forecast'!AD6 -> 1.6932601e+08
A25: Renewable Heating Oil | B25: ='D5 Gallon Forecast'!B11 -> 7373229 | C25: ='D5 Gallon Forecast'!C11 -> 3862744 | D25: ='D5 Gallon Forecast'!D11 -> 122579 | E25: ='D5 Gallon Forecast'!E11 -> 0 | F25: ='D5 Gallon Forecast'!F11 -> 71177 | G25: ='D5 Gallon Forecast'!G11 -> 529467 | H25: ='D5 Gallon Forecast'!H11 -> 965452 | I25: ='D5 Gallon Forecast'!I11 -> 1222972 | ... AD25: ='D5 Gallon Forecast'!AD11 -> 6100000
A26: Biogas | B26: ='D5 Gallon Forecast'!B14 -> 0 | C26: ='D5 Gallon Forecast'!C14 -> 1423894 | D26: ='D5 Gallon Forecast'!D14 -> 2882009 | E26: ='D5 Gallon Forecast'!E14 -> 25934813 | F26: ='D5 Gallon Forecast'!F14 -> 20352691 | G26: ='D5 Gallon Forecast'!G14 -> 0 | H26: ='D5 Gallon Forecast'!H14 -> 0 | I26: ='D5 Gallon Forecast'!I14 -> 0 | ... AD26: ='D5 Gallon Forecast'!AD14 -> 0
A27: Naptha | B27: ='D5 Gallon Forecast'!B17 -> 0 | C27: ='D5 Gallon Forecast'!C17 -> 0 | D27: ='D5 Gallon Forecast'!D17 -> 0 | E27: ='D5 Gallon Forecast'!E17 -> 2311157 | F27: ='D5 Gallon Forecast'!F17 -> 12093919 | G27: ='D5 Gallon Forecast'!G17 -> 15992239 | H27: ='D5 Gallon Forecast'!H17 -> 18111187 | I27: ='D5 Gallon Forecast'!I17 -> 21019366 | ... AD27: ='D5 Gallon Forecast'!AD17 -> 1.6552107e+08
A28: Renewable Compressed Natural Gas | B28: ='D5 Gallon Forecast'!B22 -> 0 | C28: ='D5 Gallon Forecast'!C22 -> 0 | D28: ='D5 Gallon Forecast'!D22 -> 0 | E28: ='D5 Gallon Forecast'!E22 -> 0 | F28: ='D5 Gallon Forecast'!F22 -> 6344 | G28: ='D5 Gallon Forecast'!G22 -> 5022 | H28: ='D5 Gallon Forecast'!H22 -> 0 | I28: ='D5 Gallon Forecast'!I22 -> 2018098 | ... AD28: ='D5 Gallon Forecast'!AD22 -> 15560389
A29: D6 | B29: =SUM(B30:B33) -> 6789828018 | C29: =SUM(C30:C33) -> 13613229503 | D29: =SUM(D30:D33) -> 12987468760 | E29: =SUM(E30:E33) -> 13251265535 | F29: =SUM(F30:F33) -> 14226497803 | G29: =SUM(G30:G33) -> 14668303446 | H29: =SUM(H30:H33) -> 15003278197 | I29: =SUM(I30:I33) -> 15008327443 | ... AD29: =SUM(AD30:AD33) -> 1.6119068e+10
A30: Biodiesel | B30: ='D6 Gallon Forecast'!B3 -> 12519647 | C30: ='D6 Gallon Forecast'!C3 -> 4172383 | D30: ='D6 Gallon Forecast'!D3 -> 745678 | E30: ='D6 Gallon Forecast'!E3 -> 36778740 | F30: ='D6 Gallon Forecast'!F3 -> 53184482 | G30: ='D6 Gallon Forecast'!G3 -> 74453091 | H30: ='D6 Gallon Forecast'!H3 -> 112882497 | I30: ='D6 Gallon Forecast'!I3 -> 0 | ... AD30: ='D6 Gallon Forecast'!AD3 -> 13823974
A31: Non-cellulosic Ethanol | B31: ='D6 Gallon Forecast'!B6 -> 6777308371 | C31: ='D6 Gallon Forecast'!C6 -> 13609057120 | D31: ='D6 Gallon Forecast'!D6 -> 12986723082 | E31: ='D6 Gallon Forecast'!E6 -> 13098970936 | F31: ='D6 Gallon Forecast'!F6 -> 14021921395 | G31: ='D6 Gallon Forecast'!G6 -> 14393318940 | H31: ='D6 Gallon Forecast'!H6 -> 14724613295 | I31: ='D6 Gallon Forecast'!I6 -> 14864220246 | ... AD31: ='D6 Gallon Forecast'!AD6 -> 1.6105016e+10
A32: Butanol | B32: ='D6 Gallon Forecast'!B9 -> 0 | C32: ='D6 Gallon Forecast'!C9 -> 0 | D32: ='D6 Gallon Forecast'!D9 -> 0 | E32: ='D6 Gallon Forecast'!E9 -> 11691 | F32: ='D6 Gallon Forecast'!F9 -> 0 | G32: ='D6 Gallon Forecast'!G9 -> 0 | H32: ='D6 Gallon Forecast'!H9 -> 125340 | I32: ='D6 Gallon Forecast'!I9 -> 0 | ... AD32: ='D6 Gallon Forecast'!AD9 -> 0
A33: Non-ester Renewable Diesel | B33: ='D6 Gallon Forecast'!B12 -> 0 | C33: ='D6 Gallon Forecast'!C12 -> 0 | D33: ='D6 Gallon Forecast'!D12 -> 0 | E33: ='D6 Gallon Forecast'!E12 -> 115504168 | F33: ='D6 Gallon Forecast'!F12 -> 151391926 | G33: ='D6 Gallon Forecast'!G12 -> 200531415 | H33: ='D6 Gallon Forecast'!H12 -> 165657065 | I33: ='D6 Gallon Forecast'!I12 -> 144107197 | ... AD33: ='D6 Gallon Forecast'!AD12 -> 227575.45
A34: D7 | B34: =SUM(B35:B36) -> 0 | C34: =SUM(C35:C36) -> 0 | D34: =SUM(D35:D36) -> 1024 | E34: =SUM(E35:E36) -> 232808 | F34: =SUM(F35:F36) -> 55657 | G34: =SUM(G35:G36) -> 275315 | H34: =SUM(H35:H36) -> 534429 | I34: =SUM(I35:I36) -> 1743705 | ... AD34: =SUM(AD35:AD36) -> 341200.39
A35: Cellulosic Diesel | B35: ='D7 Gallon Forecast'!B3 -> 0 | C35: ='D7 Gallon Forecast'!C3 -> 0 | D35: ='D7 Gallon Forecast'!D3 -> 1024 | E35: ='D7 Gallon Forecast'!E3 -> 232808 | F35: ='D7 Gallon Forecast'!F3 -> 5211 | G35: ='D7 Gallon Forecast'!G3 -> 0 | H35: ='D7 Gallon Forecast'!H3 -> 0 | I35: ='D7 Gallon Forecast'!I3 -> 270 | ... AD35: ='D7 Gallon Forecast'!AD3 -> 119.20808
A36: Cellulosic Heating Oil | B36: ='D7 Gallon Forecast'!B8 -> 0 | C36: ='D7 Gallon Forecast'!C8 -> 0 | D36: ='D7 Gallon Forecast'!D8 -> 0 | E36: ='D7 Gallon Forecast'!E8 -> 0 | F36: ='D7 Gallon Forecast'!F8 -> 50446 | G36: ='D7 Gallon Forecast'!G8 -> 275315 | H36: ='D7 Gallon Forecast'!H8 -> 534429 | I36: ='D7 Gallon Forecast'!I8 -> 1743435 | ... AD36: ='D7 Gallon Forecast'!AD8 -> 341081.18
A40: Biodiesel Supply | B40: =B19+B30 -> 226963003 | C40: =C19+C30 -> 1081549902 | D40: =D19+D30 -> 1057176449 | E40: =E19+E30 -> 1571180819 | F40: =F19+F30 -> 1488723198 | G40: =G19+G30 -> 1589937580 | H40: =H19+H30 -> 2307275437 | I40: =I19+I30 -> 2050164384 | ... AD40: =AD19+AD30 -> 9.3875904e+08
A41: Renewable Diesel Supply | B41: =B20+B24+B33 -> 8776593 | C41: =C20+C24+C33 -> 62041290 | D41: =D20+D24+D33 -> 102674024 | E41: =E20+E24+E33 -> 416685400 | F41: =F20+F24+F33 -> 487892696 | G41: =G20+G24+G33 -> 513144574 | H41: =H20+H24+H33 -> 591173471 | I41: =I20+I24+I33 -> 602723820 | ... AD41: =AD20+AD24+AD33 -> 5.7492962e+09
A43: D4 - Biodiesel Domestic | B43: ='D4 Gallon Forecast'!B81 -> 201955850 | C43: ='D4 Gallon Forecast'!C81 -> 1032917947 | D43: ='D4 Gallon Forecast'!D81 -> 1016202001 | E43: ='D4 Gallon Forecast'!E81 -> 1378586362 | F43: ='D4 Gallon Forecast'!F81 -> 1305909690 | G43: ='D4 Gallon Forecast'!G81 -> 1254228294 | H43: ='D4 Gallon Forecast'!H81 -> 1632752622 | I43: ='D4 Gallon Forecast'!I81 -> 1588249740 | ... AD43: ='D4 Gallon Forecast'!AD81 -> 8.3493507e+08
A44: D4 - Biodiesel Foreign Generation | B44: ='D4 Gallon Forecast'!B97 -> 0 | C44: ='D4 Gallon Forecast'!C97 -> 0 | D44: ='D4 Gallon Forecast'!D97 -> 6781908 | E44: ='D4 Gallon Forecast'!E97 -> 2790763 | F44: ='D4 Gallon Forecast'!F97 -> 0 | G44: ='D4 Gallon Forecast'!G97 -> 0 | H44: ='D4 Gallon Forecast'!H97 -> 0 | I44: ='D4 Gallon Forecast'!I97 -> 0 | ... AD44: ='D4 Gallon Forecast'!AD97 -> 0
A45: D4 - Biodiesel Importer | B45: ='D4 Gallon Forecast'!B113 -> 12487506 | C45: ='D4 Gallon Forecast'!C113 -> 44459572 | D45: ='D4 Gallon Forecast'!D113 -> 33446862 | E45: ='D4 Gallon Forecast'!E113 -> 153024954 | F45: ='D4 Gallon Forecast'!F113 -> 129629026 | G45: ='D4 Gallon Forecast'!G113 -> 261256195 | H45: ='D4 Gallon Forecast'!H113 -> 561640318 | I45: ='D4 Gallon Forecast'!I113 -> 461914644 | ... AD45: ='D4 Gallon Forecast'!AD113 -> 90000000
A47: D4 - Non-ester Renewable Diesel Domestic | B47: ='D4 Gallon Forecast'!B145 -> 959557 | C47: ='D4 Gallon Forecast'!C145 -> 45321674 | D47: ='D4 Gallon Forecast'!D145 -> 40195484 | E47: ='D4 Gallon Forecast'!E145 -> 72007416 | F47: ='D4 Gallon Forecast'!F145 -> 150536188 | G47: ='D4 Gallon Forecast'!G145 -> 171867841 | H47: ='D4 Gallon Forecast'!H145 -> 236821419 | I47: ='D4 Gallon Forecast'!I145 -> 253194888 | ... AD47: ='D4 Gallon Forecast'!AD145 -> 5.5376269e+09
A48: D4 - Non-ester Renewable Diesel Foreign Generation | B48: ='D4 Gallon Forecast'!B209 -> 0 | C48: ='D4 Gallon Forecast'!C209 -> 0 | D48: ='D4 Gallon Forecast'!D209 -> 50272922 | E48: ='D4 Gallon Forecast'!E209 -> 166292775 | F48: ='D4 Gallon Forecast'!F209 -> 171747164 | G48: ='D4 Gallon Forecast'!G209 -> 135765543 | H48: ='D4 Gallon Forecast'!H209 -> 184028971 | I48: ='D4 Gallon Forecast'!I209 -> 199517243 | ... AD48: ='D4 Gallon Forecast'!AD209 -> 42115741
A49: D4 - Non-ester Renewable Diesel Importer | B49: ='D4 Gallon Forecast'!B273 -> 0 | C49: ='D4 Gallon Forecast'!C273 -> 0 | D49: ='D4 Gallon Forecast'!D273 -> 0 | E49: ='D4 Gallon Forecast'!E273 -> 21602599 | F49: ='D4 Gallon Forecast'!F273 -> 5612400 | G49: ='D4 Gallon Forecast'!G273 -> 0 | H49: ='D4 Gallon Forecast'!H273 -> 0 | I49: ='D4 Gallon Forecast'!I273 -> 757255 | ... AD49: ='D4 Gallon Forecast'!AD273 -> 0
A51: D5 - Non-ester Renewable Diesel Domestic | B51: ='D5 Gallon Forecast'!B132 -> 7817036 | C51: ='D5 Gallon Forecast'!C132 -> 16719616 | D51: ='D5 Gallon Forecast'!D132 -> 12205618 | E51: ='D5 Gallon Forecast'!E132 -> 41278442 | F51: ='D5 Gallon Forecast'!F132 -> 8605018 | G51: ='D5 Gallon Forecast'!G132 -> 4979775 | H51: ='D5 Gallon Forecast'!H132 -> 4666016 | I51: ='D5 Gallon Forecast'!I132 -> 5147237 | ... AD51: ='D5 Gallon Forecast'!AD132 -> 1.6932601e+08
A52: D5 - Non-ester Renewable Diesel Foreign Generation
A53: D5 - Non-ester Renewable Diesel Importer | B53: ='D5 Gallon Forecast'!B180 -> 0 | C53: ='D5 Gallon Forecast'!C180 -> 0 | D53: ='D5 Gallon Forecast'!D180 -> 0 | E53: ='D5 Gallon Forecast'!E180 -> 0 | F53: ='D5 Gallon Forecast'!F180 -> 0 | G53: ='D5 Gallon Forecast'!G180 -> 0 | H53: ='D5 Gallon Forecast'!H180 -> 0 | I53: ='D5 Gallon Forecast'!I180 -> 0 | ... AD53: ='D5 Gallon Forecast'!AD180 -> 0
A55: D6 - Biodiesel Domestic | B55: ='D6 Gallon Forecast'!B77 -> 12519647 | C55: ='D6 Gallon Forecast'!C77 -> 4172383 | D55: ='D6 Gallon Forecast'!D77 -> 745678 | E55: ='D6 Gallon Forecast'!E77 -> 6007320 | F55: ='D6 Gallon Forecast'!F77 -> 1303427 | G55: ='D6 Gallon Forecast'!G77 -> 44430 | H55: ='D6 Gallon Forecast'!H77 -> 354498 | I55: ='D6 Gallon Forecast'!I77 -> 0 | ... AD55: ='D6 Gallon Forecast'!AD77 -> 13823974
A56: D6 - Biodiesel Foreign Generation
A57: D6 - Biodiesel Importer | B57: ='D6 Gallon Forecast'!B93 -> 0 | C57: ='D6 Gallon Forecast'!C93 -> 0 | D57: ='D6 Gallon Forecast'!D93 -> 0 | E57: ='D6 Gallon Forecast'!E93 -> 30771420 | F57: ='D6 Gallon Forecast'!F93 -> 51881055 | G57: ='D6 Gallon Forecast'!G93 -> 74408661 | H57: ='D6 Gallon Forecast'!H93 -> 112527999 | I57: ='D6 Gallon Forecast'!I93 -> 0 | ... AD57: ='D6 Gallon Forecast'!AD93 -> 0
A59: D6 - Non-ester Renewable Diesel Domestic | B59: ='D6 Gallon Forecast'!B221 -> 0 | C59: ='D6 Gallon Forecast'!C221 -> 0 | D59: ='D6 Gallon Forecast'!D221 -> 0 | E59: ='D6 Gallon Forecast'!E221 -> 0 | F59: ='D6 Gallon Forecast'!F221 -> 0 | G59: ='D6 Gallon Forecast'!G221 -> 0 | H59: ='D6 Gallon Forecast'!H221 -> 0 | I59: ='D6 Gallon Forecast'!I221 -> 0 | ... AD59: ='D6 Gallon Forecast'!AD221 -> 0
A60: D6 - Non-ester Renewable Diesel Foreign Generation | B60: ='D6 Gallon Forecast'!B237 -> 0 | C60: ='D6 Gallon Forecast'!C237 -> 0 | D60: ='D6 Gallon Forecast'!D237 -> 0 | E60: ='D6 Gallon Forecast'!E237 -> 115504168 | F60: ='D6 Gallon Forecast'!F237 -> 151391926 | G60: ='D6 Gallon Forecast'!G237 -> 200531415 | H60: ='D6 Gallon Forecast'!H237 -> 165657065 | I60: ='D6 Gallon Forecast'!I237 -> 144107197 | ... AD60: ='D6 Gallon Forecast'!AD237 -> 0
A61: D6 - Non-ester Renewable Diesel Importer | B61: ='D6 Gallon Forecast'!B253 -> 0 | C61: ='D6 Gallon Forecast'!C253 -> 0 | D61: ='D6 Gallon Forecast'!D253 -> 0 | E61: ='D6 Gallon Forecast'!E253 -> 0 | F61: ='D6 Gallon Forecast'!F253 -> 0 | G61: ='D6 Gallon Forecast'!G253 -> 0 | H61: ='D6 Gallon Forecast'!H253 -> 0 | I61: ='D6 Gallon Forecast'!I253 -> 0 | ... AD61: ='D6 Gallon Forecast'!AD253 -> 0
A64: Biodiesel Domestic - All Codes | B64: =B55+B43 -> 214475497 | C64: =C55+C43 -> 1037090330 | D64: =D55+D43 -> 1016947679 | E64: =E55+E43 -> 1384593682 | F64: =F55+F43 -> 1307213117 | G64: =G55+G43 -> 1254272724 | H64: =H55+H43 -> 1633107120 | I64: =I55+I43 -> 1588249740 | ... AD64: =AD55+AD43 -> 8.4875904e+08
A65: Renewable Diesel Domestic - All Codes | B65: =B47+B51+B59 -> 8776593 | C65: =C47+C51+C59 -> 62041290 | D65: =D47+D51+D59 -> 52401102 | E65: =E47+E51+E59 -> 113285858 | F65: =F47+F51+F59 -> 159141206 | G65: =G47+G51+G59 -> 176847616 | H65: =H47+H51+H59 -> 241487435 | I65: =I47+I51+I59 -> 258342125 | ... AD65: =AD47+AD51+AD59 -> 5.7069529e+09
A67: Biodiesel Foreign Generation - All Codes | B67: =B44+B56 -> 0 | C67: =C44+C56 -> 0 | D67: =D44+D56 -> 6781908 | E67: =E44+E56 -> 2790763 | F67: =F44+F56 -> 0 | G67: =G44+G56 -> 0 | H67: =H44+H56 -> 0 | I67: =I44+I56 -> 0 | ... AD67: =AD44+AD56 -> 0
A68: Renewable Diesel Foreign Generation - All Codes | B68: =B48+B52+B60 -> 0 | C68: =C48+C52+C60 -> 0 | D68: =D48+D52+D60 -> 50272922 | E68: =E48+E52+E60 -> 281796943 | F68: =F48+F52+F60 -> 323139090 | G68: =G48+G52+G60 -> 336296958 | H68: =H48+H52+H60 -> 349686036 | I68: =I48+I52+I60 -> 343624440 | ... AD68: =AD48+AD52+AD60 -> 42115741
A70: Biodiesel Importer - All Codes | B70: =B45+B57 -> 12487506 | C70: =C45+C57 -> 44459572 | D70: =D45+D57 -> 33446862 | E70: =E45+E57 -> 183796374 | F70: =F45+F57 -> 181510081 | G70: =G45+G57 -> 335664856 | H70: =H45+H57 -> 674168317 | I70: =I45+I57 -> 461914644 | ... AD70: =AD45+AD57 -> 90000000
A71: Renewable Diesel Importer - All Codes | B71: =B49+B53+B61 -> 0 | C71: =C49+C53+C61 -> 0 | D71: =D49+D53+D61 -> 0 | E71: =E49+E53+E61 -> 21602599 | F71: =F49+F53+F61 -> 5612400 | G71: =G49+G53+G61 -> 0 | H71: =H49+H53+H61 -> 0 | I71: =I49+I53+I61 -> 757255 | ... AD71: =AD49+AD53+AD61 -> 0
O74: =SUM(O34,O29,O22,O18,O13) -> 20677715718

Sheet D3 Gallon Forecast
A1: D3 Production (gallons)
B2: 2010 | C2: 2011 | D2: 2012 | E2: 2013 | F2: 2014 | G2: 2015 | H2: 2016 | I2: 2017 | J2: 2018 | K2: 2019 | L2: 2020 | M2: 2021 | N2: 2022 | O2: 2023 | P2: 2024 | Q2: 2025 | R2: 2026 | S2: 2027 | T2: 2028 | U2: 2029 | V2: 2030 | W2: 2031 | X2: 2032 | Y2: 2033 | Z2: 2034 | AA2: 2035 | AB2: 2036 | AC2: 2037 | AD2: 2038 | AE2: 2039 | AF2: 2040 | AG2: 2041 | AH2: 2042 | AI2: 2043 | AJ2: 2044 | AK2: 2045 | AL2: 2046 | AM2: 2047 | AN2: 2048 | AO2: 2049 | AP2: 2050 | AQ2: 2051 | BI2: 2020 | BK2: 2021 | BM2: 2022 | BO2: 2023 | BQ2: 2024 | BS2: 2025 | BU2: 2032 | BW2: 2033
A3: Cellulosic Ethanol | B3: =B4+B5 -> 0 | C3: =C4+C5 -> 0 | D3: =D4+D5 -> 20069 | E3: =E4+E5 -> 0 | F3: =F4+F5 -> 728509 | G3: =G4+G5 -> 2181096 | H3: =H4+H5 -> 3805246 | I3: =I4+I5 -> 10047034 | ... P3: =P4+P5 -> 43263342 | Q3: =Q15-Q12-Q9-Q6 -> 1.0889308e+08 | R3: =R15-R12-R9-R6 -> 1.1955883e+08 | S3: =S15-S12-S9-S6 -> 1.3118494e+08 | T3: =T15-T12-T9-T6 -> 1.3687312e+08 | U3: =U15-U12-U9-U6 -> 1.3724761e+08 | V3: =V15-V12-V9-V6 -> 1.4067236e+08 | W3: =W15-W12-W9-W6 -> 1.4547446e+08 | X3: =X15-X12-X9-X6 -> 1.5913974e+08 | ... AQ3: =AQ15-AQ12-AQ9-AQ6 -> 2.6878537e+09 | BF3: 9790700 | BG3: =K3-BF3 -> 25141 | BI3: 2163430 | BJ3: =L3-BI3 -> -112258 | BK3: 369278 | BL3: =M3-BK3 -> 215821 | BM3: 1118974 | BN3: =N3-BM3 -> 277529 | BO3: 1273226.4 | BP3: =O3-BO3 -> 21318.61 | BQ3: -14862858 | BR3: =P3-BQ3 -> 58126200 | BS3: 77893077 | BT3: =Q3-BS3 -> 31000000 | BU3: 76038430 | BV3: =X3-BU3 -> 83101311 | BW3: 82174673 | BX3: =Y3-BW3 -> 1.0023481e+08
