Workbook

Sheet Data Sources
A2: Data Series and Source | B2: Link | C2: Web Page
A3: Monthly EuroStat Balances Kerosene-type jet fuel and Kerosene-type jet fuel (excluding biofuel portion) | B3: https://ec.europa.eu/eurostat/databrowser/view/nrg_cb_oilm__custom_12828275/settings_1/table?lang=en | D3: DOI:10.2908/nrg_cb_oilm
A4: Monthly EuroStat Stocks Kerosene-type jet fuel and Kerosene-type jet fuel (excluding biofuel portion) | B4: https://ec.europa.eu/eurostat/databrowser/view/nrg_stk_oilm__custom_13609796/default/table?lang=en | D4: DOI:10.2908/nrg_stk_oilm
A5: Eurostat Air transport of passengers by Country | B5: https://ec.europa.eu/eurostat/databrowser/view/ttr00012__custom_13331436/default/table?lang=en | D5: DOI:10.2908/ttr00012
A6: Annual EuroStat Stocks Kerosene-type jet fuel and Kerosene-type jet fuel (excluding biofuel portion) | B6: https://ec.europa.eu/eurostat/databrowser/view/nrg_cb_oil__custom_13610641/default/table?lang=en | D6: DOI:10.2908/nrg_cb_oil
A7: Annual EuroStat Stocks Pure bio jet kerosene | B7: https://ec.europa.eu/eurostat/databrowser/view/nrg_cb_rw__custom_13610866/default/table?lang=en | D7: DOI:10.2908/nrg_cb_rw
A17: EuroStat Definitions
A18: Term | B18: Definition
A19: Gross inland deliveries - calculated
A20: Gross inland deliveries - observed (GIDO) | B20: These are the observed deliveries of oil products from primary sources (e.g. refineries, blending plants etc.) to the inland market. This figure may differ from the calculated figure due, for example, to differences in coverage and/or differences of definition in different reporting systems.
A21: International Aviation - Energy use | B21: Eurostat defines international aviation energy use as "air bunkers" in its final energy consumption data. This data is part of the "Final energy consumption (Europe 2020-2030)" dataset, which also includes final energy consumption for all products, ambient heat, and other factors. Eurostat defines international aviation energy use as "air bunkers" in its final energy consumption data. This data is part of the "Final energy consumption (Europe 2020-2030)" dataset, which also includes final energy consumption for all products, ambient heat, and other factors.
A22: Indigenous production | B22: Report all production within national boundaries including offshore production. Production should only include marketable production, excluding volumes returned to formation. Such production should include all crude oil, NGL, condensates and oil from shale and tar sands, etc. It should also include the receipts of additives/oxygenates by refineries and blending plants, from outside the refinery sector.

Sheet Notes
A1: Freight and mail air transport by type of schedule, transport coverage and country [avia_gooc__custom_13331499] | B1: 2018 | C1: 2019 | D1: 2020 | E1: 2021 | F1: 2022 | G1: 2023 | H1: 2024
A2: J | B2: 1124837.6 | C2: 1098170.5 | D2: 1082699.5 | E2: 1128853.3 | F2: 1136529.6 | G2: 994899.7 | H2: 1106534.5
A3: F | B3: 1066553.5 | C3: 1041250.1 | D3: 1050967.7 | E3: 1124129.5 | F3: 1107243.9 | G3: 1022455.5 | H3: 1112063.4
A4: M | B4: 1279015.2 | C4: 1268027.6 | D4: 1072266.2 | E4: 1340223.7 | F4: 1267828.1 | G4: 1194312.3 | H4: 1274539.8
A5: A | B5: 1203321.4 | C5: 1133207.2 | D5: 839035.2 | E5: 1293821.4 | F5: 1135185.8 | G5: 1086871.9
A6: M | B6: 1218205.5 | C6: 1187565.3 | D6: 975782.3 | E6: 1301441.8 | F6: 1185819 | G6: 1092584.4
A7: J | B7: 1204172.7 | C7: 1116672 | D7: 970139.9 | E7: 1256353.5 | F7: 1164581.9 | G7: 1097718.7
A8: J | B8: 1218041.7 | C8: 1177916 | D8: 1014675.7 | E8: 1299275.7 | F8: 1168347 | G8: 1108141.7
A9: A | B9: 1159793.1 | C9: 1100250.7 | D9: 1004974.8 | E9: 1228907.9 | F9: 1139526.5 | G9: 1072495
A10: S | B10: 1205425.6 | C10: 1169810 | D10: 1075884.5 | E10: 1273764 | F10: 1180399.6 | G10: 1124368.4
A11: O | B11: 1275211.8 | C11: 1275507.7 | D11: 1185442.3 | E11: 1376194.2 | F11: 1235890.4 | G11: 1203182.3
A12: N | B12: 1270398.6 | C12: 1244441.9 | D12: 1230897.5 | E12: 1364391.1 | F12: 1204937.2 | G12: 1218173
A13: D | B13: 1216208.3 | C13: 1219650.7 | D13: 1243689.6 | E13: 1398191.3 | F13: 1175053.8 | G13: 1186166.7

Sheet Capacity
B1: BD | C1: RD | D1: Combined
A2: 42005 | B2: 2106 | C2: 255 | D2: =C2+B2 -> 2361
A3: 42036 | B3: 2155 | C3: 255 | D3: =C3+B3 -> 2410
A4: 42064 | B4: 2160 | C4: 255 | D4: =C4+B4 -> 2415
A5: 42095 | B5: 2209 | C5: 255 | D5: =C5+B5 -> 2464
A6: 42125 | B6: 2168 | C6: 255 | D6: =C6+B6 -> 2423
A7: 42156 | B7: 2151 | C7: 255 | D7: =C7+B7 -> 2406
A8: 42186 | B8: 2131 | C8: 255 | D8: =C8+B8 -> 2386
A9: 42217 | B9: 2134 | C9: 255 | D9: =C9+B9 -> 2389
A10: 42248 | B10: 2154 | C10: 255 | D10: =C10+B10 -> 2409
A11: 42278 | B11: 2166 | C11: 255 | D11: =C11+B11 -> 2421
A12: 42309 | B12: 2122 | C12: 255 | D12: =C12+B12 -> 2377
A13: 42339 | B13: 2029 | C13: 255 | D13: =C13+B13 -> 2284
... A121: 45627 | B121: 1968.3333 | C121: 5271.625 | D121: =C121+B121 -> 7239.9583

Sheet annual_data
A1: Annual Total | C1: Indigenous production | D1: Imports | E1: Exports | F1: Change in stock | G1: Imports | H1: Imports | I1: Exports | J1: Exports | K1: Change in stock | L1: Change in stock | M1: International aviation | N1: International aviation
A2: online data code/ geopolitcal entity/ energy balance/ energy product classification | C2: nrg_cb_rw/ EU27_2020/ IPRD/ R5230P | D2: nrg_cb_rw/ EU27_2020/ IMP/ R5230P | E2: nrg_cb_rw/ EU27_2020/ EXP/ R5230P | F2: nrg_cb_rw/ EU27_2020/ STK_CHG/ R5230P | G2: nrg_cb_oil/ EU27_2020/IMP/ 04661 | H2: nrg_cb_oil/ EU27_2020/IMP/ 04661XR5230B | I2: nrg_cb_oil/ EU27_2020/EXP/ 04661 | J2: nrg_cb_oil/ EU27_2020/EXP/ 04661XR5230B | K2: nrg_cb_oil/ EU27_2020/STK_CHG/ 04661 | L2: nrg_cb_oil/ EU27_2020/STK_CHG/ 04661XR5230B | M2: nrg_cb_oil/ EU27_2020/INTAVI/ 04661 | N2: nrg_cb_oil/ EU27_2020/INTAVI/ 04661XR5230B
A3: Thousand tons | C3: Pure bio jet kerosene | D3: Pure bio jet kerosene | E3: Pure bio jet kerosene | F3: Pure bio jet kerosene | G3: Kerosene-type jet fuel | H3: Kerosene-type jet fuel (excluding biofuel portion) | I3: Kerosene-type jet fuel | J3: Kerosene-type jet fuel (excluding biofuel portion) | K3: Kerosene-type jet fuel | L3: Kerosene-type jet fuel (excluding biofuel portion) | M3: Kerosene-type jet fuel | N3: Kerosene-type jet fuel (excluding biofuel portion)
A4: 2014 | C4: 0 | D4: 0 | E4: 0 | F4: 0 | G4: 20774.58 | H4: 20774.58 | I4: 12189.222 | J4: 12189.222 | K4: 36.571 | L4: 36.571 | M4: 32117.095 | N4: 32117.095
A5: 2015 | C5: 1 | D5: 0 | E5: 1 | F5: 0 | G5: 22720.669 | H5: 22720.669 | I5: 12971.361 | J5: 12971.361 | K5: -1062.344 | L5: -1062.344 | M5: 33460.256 | N5: 33460.256
A6: 2016 | C6: 0 | D6: 0 | E6: 0 | F6: 0 | G6: 24273.557 | H6: 24273.557 | I6: 14222.726 | J6: 14222.726 | K6: -49.686 | L6: -49.686 | M6: 35055.957 | N6: 35055.957
A7: 2017 | C7: 0 | D7: 0 | E7: 0 | F7: 0 | G7: 25485.914 | H7: 25485.914 | I7: 15254.426 | J7: 15254.426 | K7: 629.656 | L7: 629.656 | M7: 37716.503 | N7: 37716.503
A8: 2018 | C8: 7 | D8: 0 | E8: 7 | F8: 0 | G8: 27204.807 | H8: 27204.807 | I8: 17136.385 | J8: 17136.385 | K8: -433.654 | L8: -433.654 | M8: 39729.455 | N8: 39729.455
A9: 2019 | C9: 24 | D9: 0 | E9: 24 | F9: 0 | G9: 28162.345 | H9: 28162.345 | I9: 17181.739 | J9: 17181.739 | K9: -371.327 | L9: -371.327 | M9: 40479.163 | N9: 40479.163
A10: 2020 | C10: 44 | D10: 0 | E10: 44 | F10: 0 | G10: 17749.851 | H10: 17749.851 | I10: 11585.801 | J10: 11585.801 | K10: -1033.826 | L10: -1033.826 | M10: 17461.384 | N10: 17461.384
A11: 2021 | C11: 89 | D11: 0 | E11: 89 | F11: 0 | G11: 19040.828 | H11: 19040.828 | I11: 12123.396 | J11: 12123.396 | K11: 1970.867 | L11: 1970.867 | M11: 20977.387 | N11: 20977.387
A12: 2022 | C12: 165.071 | D12: 29.118 | E12: 161 | F12: 0 | G12: 24891.581 | H12: 24871.626 | I12: 14299.949 | J12: 14299.949 | K12: -196.939 | L12: -196.902 | M12: 33530.986 | N12: 33486.031
A13: 2023 | C13: 213.084 | D13: 48.994 | E13: 206 | F13: 2.019 | G13: 25184.52 | H13: 25123.749 | I13: 15475.325 | J13: 15475.325 | K13: -167.772 | L13: -170.018

Sheet monthly_data
B1: Data th tons | C1: Imports | D1: Imports | E1: Imports | F1: Exports | G1: Exports | H1: Exports | I1: Gross inland deliveries - calculated | J1: Gross inland deliveries - calculated | K1: Gross inland deliveries - calculated | L1: Gross inland deliveries - observed | M1: Gross inland deliveries - observed | N1: Gross inland deliveries - observed | O1: International Aviation - Energy use | P1: International Aviation - Energy use | Q1: International Aviation - Energy use | R1: Opening stock | S1: Opening stock | T1: Opening stock | U1: Closing stock | V1: Closing stock | W1: Closing stock
A2: online data code/ geopolitcal entity/ energy balance/ energy product classification | C2: nrg_cb_oilm/ EU27_2020/ IMP/ 04661 | D2: nrg_cb_oilm/ EU27_2020/ IMP/ 04661XR5230B | F2: nrg_cb_oilm/ EU27_2020/ EXP/ 04661 | G2: nrg_cb_oilm/ EU27_2020/ EXP/ 04661XR5230B | I2: nrg_cb_oilm/ EU27_2020/ GID_CAL/ 04661 | J2: nrg_cb_oilm/ EU27_2020/ GID_CAL/ 04661XR5230B | L2: nrg_cb_oilm/ EU27_2020/ GID_OBS/ 04661 | M2: nrg_cb_oilm/ EU27_2020/ GID_OBS/ 04661XR5230B | O2: nrg_cb_oilm/ EU27_2020/ INTAVI_E/ 04661 | P2: nrg_cb_oilm/ EU27_2020/ INTAVI_E/ 04661XR5230B | R2: nrg_stk_oilm/ EU27_2020/ STK_OP/ 04661 | S2: nrg_stk_oilm/ EU27_2020/ STK_OP/ 04661XR5230B | U2: nrg_stk_oilm/ EU27_2020/ STK_CL/ 04661 | V2: nrg_stk_oilm/ EU27_2020/ STK_CL/ 04661XR5230B
C3: Kerosene-Type jet fuel | D3: Kerosene-Type jet fuel (excluding biofuel portion) | E3: Differential (Biofuel portion) | F3: Kerosene-Type jet fuel | G3: Kerosene-Type jet fuel (excluding biofuel portion) | H3: Differential (Biofuel portion) | I3: Kerosene-Type jet fuel | J3: Kerosene-Type jet fuel (excluding biofuel portion) | K3: Differential (Biofuel portion) | L3: Kerosene-Type jet fuel | M3: Kerosene-Type jet fuel (excluding biofuel portion) | N3: Differential (Biofuel portion) | O3: Kerosene-Type jet fuel | P3: Kerosene-Type jet fuel (excluding biofuel portion) | Q3: Differential (Biofuel portion) | R3: Kerosene-type jet fuel | S3: Kerosene-type jet fuel (excluding biofuel portion) | T3: Differential (Biofuel portion) | U3: Kerosene-type jet fuel | V3: Kerosene-type jet fuel (excluding biofuel portion) | W3: Differential (Biofuel portion)
A4: 42005 | B4: 2015 | C4: 1514 | D4: 1514 | E4: =C4-D4 -> 0 | F4: 1059 | G4: 1059 | H4: =F4-G4 -> 0 | I4: 2682 | J4: 2682 | K4: =I4-J4 -> 0 | L4: 2700 | M4: 2700 | N4: =L4-M4 -> 0 | O4: 2156 | P4: 2156 | Q4: =O4-P4 -> 0 | R4: 6160 | S4: 6160 | T4: =R4-S4 -> 0 | U4: 6141 | V4: 6141 | W4: =U4-V4 -> 0
A5: 42036 | B5: 2015 | C5: 1140 | D5: 1140 | E5: =C5-D5 -> 0 | F5: 908 | G5: 908 | H5: =F5-G5 -> 0 | I5: 2559 | J5: 2559 | K5: =I5-J5 -> 0 | L5: 2499 | M5: 2499 | N5: =L5-M5 -> 0 | O5: 2035 | P5: 2035 | Q5: =O5-P5 -> 0 | R5: 6131 | S5: 6131 | T5: =R5-S5 -> 0 | U5: 6121 | V5: 6194 | W5: =U5-V5 -> -73
A6: 42064 | B6: 2015 | C6: 1690 | D6: 1690 | E6: =C6-D6 -> 0 | F6: 996 | G6: 996 | H6: =F6-G6 -> 0 | I6: 2856 | J6: 2856 | K6: =I6-J6 -> 0 | L6: 2863 | M6: 2863 | N6: =L6-M6 -> 0 | O6: 2301 | P6: 2301 | Q6: =O6-P6 -> 0 | R6: 6131 | S6: 6131 | T6: =R6-S6 -> 0 | U6: 6367 | V6: 6440 | W6: =U6-V6 -> -73
A7: 42095 | B7: 2015 | C7: 1887 | D7: 1887 | E7: =C7-D7 -> 0 | F7: 1073 | G7: 1073 | H7: =F7-G7 -> 0 | I7: 3241 | J7: 3241 | K7: =I7-J7 -> 0 | L7: 3103 | M7: 3103 | N7: =L7-M7 -> 0 | O7: 2457 | P7: 2457 | Q7: =O7-P7 -> 0 | R7: 6367 | S7: 6367 | T7: =R7-S7 -> 0 | U7: 6709 | V7: 6777 | W7: =U7-V7 -> -68
A8: 42125 | B8: 2015 | C8: 1620 | D8: 1620 | E8: =C8-D8 -> 0 | F8: 1136 | G8: 1136 | H8: =F8-G8 -> 0 | I8: 3306 | J8: 3306 | K8: =I8-J8 -> 0 | L8: 3371 | M8: 3371 | N8: =L8-M8 -> 0 | O8: 2669 | P8: 2669 | Q8: =O8-P8 -> 0 | R8: 6705 | S8: 6705 | T8: =R8-S8 -> 0 | U8: 6673 | V8: 6741 | W8: =U8-V8 -> -68
A9: 42156 | B9: 2015 | C9: 1925 | D9: 1925 | E9: =C9-D9 -> 0 | F9: 1039 | G9: 1039 | H9: =F9-G9 -> 0 | I9: 3706 | J9: 3706 | K9: =I9-J9 -> 0 | L9: 3588 | M9: 3588 | N9: =L9-M9 -> 0 | O9: 2814 | P9: 2814 | Q9: =O9-P9 -> 0 | R9: 6673 | S9: 6673 | T9: =R9-S9 -> 0 | U9: 6659 | V9: 6659 | W9: =U9-V9 -> 0
A10: 42186 | B10: 2015 | C10: 2414 | D10: 2414 | E10: =C10-D10 -> 0 | F10: 1214 | G10: 1214 | H10: =F10-G10 -> 0 | I10: 3860 | J10: 3860 | K10: =I10-J10 -> 0 | L10: 3900 | M10: 3900 | N10: =L10-M10 -> 0 | O10: 3029 | P10: 3029 | Q10: =O10-P10 -> 0 | R10: 6659 | S10: 6659 | T10: =R10-S10 -> 0 | U10: 6894 | V10: 6894 | W10: =U10-V10 -> 0
A11: 42217 | B11: 2015 | C11: 2306 | D11: 2306 | E11: =C11-D11 -> 0 | F11: 1180 | G11: 1180 | H11: =F11-G11 -> 0 | I11: 3772 | J11: 3772 | K11: =I11-J11 -> 0 | L11: 3886 | M11: 3886 | N11: =L11-M11 -> 0 | O11: 3029 | P11: 3029 | Q11: =O11-P11 -> 0 | R11: 6894 | S11: 6894 | T11: =R11-S11 -> 0 | U11: 6958 | V11: 6958 | W11: =U11-V11 -> 0
A12: 42248 | B12: 2015 | C12: 2356 | D12: 2356 | E12: =C12-D12 -> 0 | F12: 1124 | G12: 1124 | H12: =F12-G12 -> 0 | I12: 3695 | J12: 3695 | K12: =I12-J12 -> 0 | L12: 3669 | M12: 3669 | N12: =L12-M12 -> 0 | O12: 2919 | P12: 2919 | Q12: =O12-P12 -> 0 | R12: 6958 | S12: 6958 | T12: =R12-S12 -> 0 | U12: 7110 | V12: 7110 | W12: =U12-V12 -> 0
A13: 42278 | B13: 2015 | C13: 1886 | D13: 1886 | E13: =C13-D13 -> 0 | F13: 1180 | G13: 1180 | H13: =F13-G13 -> 0 | I13: 3494 | J13: 3494 | K13: =I13-J13 -> 0 | L13: 3473 | M13: 3473 | N13: =L13-M13 -> 0 | O13: 2725 | P13: 2725 | Q13: =O13-P13 -> 0 | R13: 7110 | S13: 7110 | T13: =R13-S13 -> 0 | U13: 7023 | V13: 7023 | W13: =U13-V13 -> 0
A14: 42309 | B14: 2015 | C14: 1896 | D14: 1896 | E14: =C14-D14 -> 0 | F14: 1178 | G14: 1178 | H14: =F14-G14 -> 0 | I14: 2900 | J14: 2900 | K14: =I14-J14 -> 0 | L14: 2857 | M14: 2857 | N14: =L14-M14 -> 0 | O14: 2306 | P14: 2306 | Q14: =O14-P14 -> 0 | R14: 7027 | S14: 7027 | T14: =R14-S14 -> 0 | U14: 7127 | V14: 7127 | W14: =U14-V14 -> 0
A15: 42339 | B15: 2015 | C15: 1711 | D15: 1711 | E15: =C15-D15 -> 0 | F15: 1019 | G15: 1019 | H15: =F15-G15 -> 0 | I15: 3045 | J15: 3045 | K15: =I15-J15 -> 0 | L15: 2926 | M15: 2926 | N15: =L15-M15 -> 0 | O15: 2323 | P15: 2323 | Q15: =O15-P15 -> 0 | R15: 7127 | S15: 7127 | T15: =R15-S15 -> 0 | U15: 7197 | V15: 7197 | W15: =U15-V15 -> 0
... A69: 43983 | B69: 2020 | C69: 1292.354 | D69: 1292.354 | E69: =C69-D69 -> 0 | F69: 867.659 | G69: 867.659 | H69: =F69-G69 -> 0 | I69: 894.221 | J69: 894.221 | K69: =I69-J69 -> 0 | L69: 898.129 | M69: 898.129 | N69: =L69-M69 -> 0 | O69: 736.062 | P69: 736.062 | Q69: =O69-P69 -> 0 | R69: 9167.899 | S69: 9165.204 | T69: =R69-S69 -> 2.695 | U69: 9491.661 | V69: 9488.966 | W69: =U69-V69 -> 2.695
A70: 44013 | B70: 2020 | C70: 1133.427 | D70: 1133.427 | E70: =C70-D70 -> 0 | F70: 807.57 | G70: 807.57 | H70: =F70-G70 -> 0 | I70: 1605.341 | J70: 1605.32 | K70: =I70-J70 -> 0.021 | L70: 1600.081 | M70: 1600.081 | N70: =L70-M70 -> 0 | O70: 1311.496 | P70: 1284.402 | Q70: 0 | R70: 9491.661 | S70: 9488.966 | T70: 0 | U70: 9271.529 | V70: 9268.855 | W70: 0
A71: 44044 | B71: 2020 | C71: 1423.448 | D71: 1423.406 | E71: =C71-D71 -> 0.042 | F71: 924.189 | G71: 924.189 | H71: =F71-G71 -> 0 | I71: 1908.667 | J71: 1908.592 | K71: =I71-J71 -> 0.075 | L71: 1924.457 | M71: 1924.415 | N71: =L71-M71 -> 0.042 | O71: 1611.205 | P71: 1611.165 | Q71: =O71-P71 -> 0.04 | R71: 9271.529 | S71: 9268.855 | T71: =R71-S71 -> 2.674 | U71: 9162.823 | V71: 9160.182 | W71: =U71-V71 -> 2.641
A72: 44075 | B72: 2020 | C72: 1455.141 | D72: 1455.12 | E72: =C72-D72 -> 0.021 | F72: 813.276 | G72: 813.276 | H72: =F72-G72 -> 0 | I72: 1768.668 | J72: 1768.395 | K72: =I72-J72 -> 0.273 | L72: 1710.004 | M72: 1709.983 | N72: =L72-M72 -> 0.021 | O72: 1421.794 | P72: 1421.774 | Q72: =O72-P72 -> 0.02 | R72: 9027.603 | S72: 9024.962 | T72: =R72-S72 -> 2.641 | U72: 9013.353 | V72: 9010.964 | W72: =U72-V72 -> 2.389
A73: 44105 | B73: 2020 | C73: 1704.915 | D73: 1700.862 | E73: =C73-D73 -> 4.053 | F73: 785.757 | G73: 785.757 | H73: =F73-G73 -> 0 | I73: 1676.216 | J73: 1676.184 | K73: =I73-J73 -> 0.032 | L73: 1553.191 | M73: 1553.171 | N73: =L73-M73 -> 0.02 | O73: 1309.545 | P73: 1309.526 | Q73: =O73-P73 -> 0.019 | R73: 9013.353 | S73: 9010.964 | T73: =R73-S73 -> 2.389 | U73: 9139.601 | V73: 9133.191 | W73: =U73-V73 -> 6.41
A74: 44136 | B74: 2020 | C74: 1132.463 | D74: 1132.463 | E74: =C74-D74 -> 0 | F74: 955.18 | G74: 955.18 | H74: =F74-G74 -> 0 | I74: 1275.932 | J74: 1275.913 | K74: =I74-J74 -> 0.019 | L74: 1393.614 | M74: 1393.614 | N74: =L74-M74 -> 0 | O74: 1190.426 | P74: 1190.426 | Q74: =O74-P74 -> 0 | R74: 9139.601 | S74: 9133.191 | T74: =R74-S74 -> 6.41 | U74: 8902.998 | V74: 8896.607 | W74: =U74-V74 -> 6.391
A75: 44166 | B75: 2020 | C75: 1101.836 | D75: 1101.819 | E75: =C75-D75 -> 0.017 | F75: 946.609 | G75: 946.609 | H75: =F75-G75 -> 0 | I75: 1456.054 | J75: 1456.002 | K75: =I75-J75 -> 0.052 | L75: 1435.135 | M75: 1435.118 | N75: =L75-M75 -> 0.017 | O75: 975.703 | P75: 975.687 | Q75: =O75-P75 -> 0.016 | R75: 8902.998 | S75: 8896.607 | T75: =R75-S75 -> 6.391 | U75: 8477.026 | V75: 8470.67 | W75: =U75-V75 -> 6.356
A76: 44197 | B76: 2021 | C76: 1260.601 | D76: 1260.601 | E76: =C76-D76 -> 0 | F76: 817.246 | G76: 817.246 | H76: =F76-G76 -> 0 | I76: 1436.153 | J76: 1436.188 | K76: =I76-J76 -> -0.035 | L76: 1361.61 | M76: 1361.575 | N76: =L76-M76 -> 0.035 | O76: 1091.2 | P76: 1091.2 | Q76: =O76-P76 -> 0 | R76: 8477.106 | S76: 8470.75 | T76: =R76-S76 -> 6.356 | U76: 8874.109 | V76: 8867.718 | W76: =U76-V76 -> 6.391
A77: 44228 | B77: 2021 | C77: 1130.382 | D77: 1130.362 | E77: =C77-D77 -> 0.02 | F77: 851.104 | G77: 851.104 | H77: =F77-G77 -> 0 | I77: 1138.695 | J77: 1138.655 | K77: =I77-J77 -> 0.04 | L77: 1212.633 | M77: 1212.596 | N77: =L77-M77 -> 0.037 | O77: 1013.003 | P77: 1012.984 | Q77: =O77-P77 -> 0.019 | R77: 8874.109 | S77: 8867.718 | T77: =R77-S77 -> 6.391 | U77: 8931.557 | V77: 8925.186 | W77: =U77-V77 -> 6.371
A78: 44256 | B78: 2021 | C78: 1108.34 | D78: 1108.34 | E78: =C78-D78 -> 0 | F78: 859.327 | G78: 859.327 | H78: =F78-G78 -> 0 | I78: 1387.882 | J78: 1387.855 | K78: =I78-J78 -> 0.027 | L78: 1288.716 | M78: 1288.691 | N78: =L78-M78 -> 0.025 | O78: 1140.485 | P78: 1140.485 | Q78: =O78-P78 -> 0 | R78: 8931.557 | S78: 8925.186 | T78: =R78-S78 -> 6.371 | U78: 8715.334 | V78: 8708.99 | W78: =U78-V78 -> 6.344
A79: 44287 | B79: 2021 | C79: 1177.385 | D79: 1177.366 | E79: =C79-D79 -> 0.019 | F79: 696.854 | G79: 696.854 | H79: =F79-G79 -> 0 | I79: 1475.037 | J79: 1474.886 | K79: =I79-J79 -> 0.151 | L79: 1405.907 | M79: 1405.76 | N79: =L79-M79 -> 0.147 | O79: 1149.199 | P79: 1149.181 | Q79: =O79-P79 -> 0.018 | R79: 8715.334 | S79: 8708.99 | T79: =R79-S79 -> 6.344 | U79: 8702.754 | V79: 8696.542 | W79: =U79-V79 -> 6.212
A80: 44317 | B80: 2021 | C80: 1550.68 | D80: 1550.662 | E80: =C80-D80 -> 0.018 | F80: 751.864 | G80: 751.864 | H80: =F80-G80 -> 0 | I80: 1841.704 | J80: 1841.592 | K80: =I80-J80 -> 0.112 | L80: 1600.305 | M80: 1600.193 | N80: =L80-M80 -> 0.112 | O80: 1360.569 | P80: 1360.552 | Q80: =O80-P80 -> 0.017 | R80: 8702.754 | S80: 8696.542 | T80: =R80-S80 -> 6.212 | U80: 8755.307 | V80: 8749.189 | W80: =U80-V80 -> 6.118
A81: 44348 | B81: 2021 | C81: 1246.252 | D81: 1246.232 | E81: =C81-D81 -> 0.02 | F81: 879.309 | G81: 879.309 | H81: =F81-G81 -> 0 | I81: 2047.586 | J81: 2047.462 | K81: =I81-J81 -> 0.124 | L81: 1986.817 | M81: 1986.695 | N81: =L81-M81 -> 0.122 | O81: 1621.79 | P81: 1621.771 | Q81: =O81-P81 -> 0.019 | R81: 8754.854 | S81: 8748.736 | T81: =R81-S81 -> 6.118 | U81: 8487.651 | V81: 8481.637 | W81: =U81-V81 -> 6.014
A82: 44378 | B82: 2021 | C82: 1727.606 | D82: 1727.586 | E82: =C82-D82 -> 0.02 | F82: 1034.972 | G82: 1034.972 | H82: =F82-G82 -> 0 | I82: 2724.744 | J82: 2724.687 | K82: =I82-J82 -> 0.057 | L82: 2674.489 | M82: 2674.43 | N82: =L82-M82 -> 0.059 | O82: 2213.869 | P82: 2213.85 | Q82: =O82-P82 -> 0.019 | R82: 8487.306 | S82: 8481.292 | T82: =R82-S82 -> 6.014 | U82: 8046.48 | V82: 8040.503 | W82: =U82-V82 -> 5.977
... A84: 44440 | B84: 2021 | C84: 1712.91 | D84: 1712.91 | E84: =C84-D84 -> 0 | F84: 1160.915 | G84: 1160.915 | H84: =F84-G84 -> 0 | I84: 2968.684 | J84: 2968.592 | K84: =I84-J84 -> 0.092 | L84: 2864.842 | M84: 2864.751 | N84: =L84-M84 -> 0.091 | O84: 2432.576 | P84: 2432.576 | Q84: =O84-P84 -> 0 | R84: 7677.685 | S84: 7671.745 | T84: =R84-S84 -> 5.94 | U84: 7038.332 | V84: 7032.484 | W84: =U84-V84 -> 5.848
A85: 44470 | B85: 2021 | C85: 1849.374 | D85: 1849.354 | E85: =C85-D85 -> 0.02 | F85: 1171.366 | G85: 1247.366 | H85: 0 | I85: 2899.537 | J85: 2823.42 | K85: =I85-J85 -> 76.117 | L85: 2850.052 | M85: 2849.927 | N85: =L85-M85 -> 0.125 | O85: 2343.662 | P85: 2343.643 | Q85: =O85-P85 -> 0.019 | R85: 7116.626 | S85: 7110.778 | T85: =R85-S85 -> 5.848 | U85: 6676.169 | V85: 6670.418 | W85: =U85-V85 -> 5.751
A86: 44501 | B86: 2021 | C86: 1970.872 | D86: 1970.851 | E86: =C86-D86 -> 0.021 | F86: 1081.201 | G86: 1081.201 | H86: =F86-G86 -> 0 | I86: 2462.152 | J86: 2461.997 | K86: =I86-J86 -> 0.155 | L86: 2553.299 | M86: 2553.119 | N86: =L86-M86 -> 0.18 | O86: 2099.807 | P86: 2099.787 | Q86: =O86-P86 -> 0.02 | R86: 6676.169 | S86: 6670.418 | T86: =R86-S86 -> 5.751 | U86: 6912.777 | V86: 6907.16 | W86: =U86-V86 -> 5.617
A87: 44531 | B87: 2021 | C87: 2007.236 | D87: 2007.236 | E87: =C87-D87 -> 0 | F87: 1432.497 | G87: 1432.497 | H87: =F87-G87 -> 0 | I87: 2710.216 | J87: 2707.641 | K87: =I87-J87 -> 2.575 | L87: 2589.822 | M87: 2587.246 | N87: =L87-M87 -> 2.576 | O87: 2120.207 | P87: 2120.207 | Q87: =O87-P87 -> 0 | R87: 6912.777 | S87: 6907.16 | T87: =R87-S87 -> 5.617 | U87: 6678.755 | V87: 6675.713 | W87: =U87-V87 -> 3.042
A88: 44562 | B88: 2022 | C88: 1455.563 | D88: 1455.563 | E88: =C88-D88 -> 0 | F88: 972.102 | G88: 972.102 | H88: =F88-G88 -> 0 | I88: 2437.797 | J88: 2437.797 | K88: =I88-J88 -> 0 | L88: 2323.006 | M88: 2323.006 | N88: =L88-M88 -> 0 | O88: 1912.77 | P88: 1912.77 | Q88: =O88-P88 -> 0 | R88: 6678.757 | S88: 6675.715 | T88: =R88-S88 -> 3.042 | U88: 6804.237 | V88: 6801.195 | W88: =U88-V88 -> 3.042
A89: 44593 | B89: 2022 | C89: 1179.248 | D89: 1179.228 | E89: =C89-D89 -> 0.02 | F89: 726.122 | G89: 726.122 | H89: =F89-G89 -> 0 | I89: 2472.847 | J89: 2472.723 | K89: =I89-J89 -> 0.124 | L89: 2217.507 | M89: 2217.371 | N89: =L89-M89 -> 0.136 | O89: 1861.574 | P89: 1861.555 | Q89: =O89-P89 -> 0.019 | R89: 6804.237 | S89: 6801.195 | T89: =R89-S89 -> 3.042 | U89: 6768.115 | V89: 6765.177 | W89: =U89-V89 -> 2.938
A90: 44621 | B90: 2022 | C90: 1801.061 | D90: 1801.051 | E90: =C90-D90 -> 0.01 | F90: 1077.592 | G90: 1077.592 | H90: =F90-G90 -> 0 | I90: 2799.888 | J90: 2799.781 | K90: =I90-J90 -> 0.107 | L90: 2659.01 | M90: 2658.904 | N90: =L90-M90 -> 0.106 | O90: 2153.926 | P90: 2153.926 | Q90: =O90-P90 -> 0 | R90: 6768.115 | S90: 6765.177 | T90: =R90-S90 -> 2.938 | U90: 6534.777 | V90: 6531.838 | W90: =U90-V90 -> 2.939
A91: 44652 | B91: 2022 | C91: 1848.263 | D91: 1848.254 | E91: =C91-D91 -> 0.009 | F91: 964.261 | G91: 964.261 | H91: =F91-G91 -> 0 | I91: 3318.127 | J91: 3320.107 | K91: =I91-J91 -> -1.98 | L91: 3081.711 | M91: 3081.643 | N91: =L91-M91 -> 0.068 | O91: 2502.875 | P91: 2502.875 | Q91: =O91-P91 -> 0 | R91: 6534.777 | S91: 6531.838 | T91: =R91-S91 -> 2.939 | U91: 6263.225 | V91: 6258.297 | W91: =U91-V91 -> 4.928
A92: 44682 | B92: 2022 | C92: 1931.461 | D92: 1931.433 | E92: =C92-D92 -> 0.028 | F92: 1231.503 | G92: 1231.503 | H92: =F92-G92 -> 0 | I92: 3592.921 | J92: 3592.537 | K92: =I92-J92 -> 0.384 | L92: 3394.436 | M92: 3394.348 | N92: =L92-M92 -> 0.088 | O92: 2729.14 | P92: 2729.14 | Q92: =O92-P92 -> 0 | R92: 6263.225 | S92: 6258.297 | T92: =R92-S92 -> 4.928 | U92: 6367.611 | V92: 6363.039 | W92: =U92-V92 -> 4.572
A93: 44713 | B93: 2022 | C93: 2112.382 | D93: 2112.363 | E93: =C93-D93 -> 0.019 | F93: 1490.284 | G93: 1490.284 | H93: =F93-G93 -> 0 | I93: 3781.198 | J93: 3781.037 | K93: =I93-J93 -> 0.161 | L93: 3564.906 | M93: 3563.804 | N93: =L93-M93 -> 1.102 | O93: 2891.652 | P93: 2890.652 | Q93: =P93+N93-O93 -> 0.102 | R93: 6367.611 | S93: 6363.039 | T93: =S93+Q93-R93 -> -4.47 | U93: 6280.414 | V93: 6274.973 | W93: =V93+T93-U93 -> -9.911
A94: 44743 | B94: 2022 | C94: 2126.367 | D94: 2126.357 | E94: =C94-D94 -> 0.01 | F94: 1198.667 | G94: 1198.667 | H94: =F94-G94 -> 0 | I94: 3980.245 | J94: 3980.153 | K94: =I94-J94 -> 0.092 | L94: 3990.624 | M94: 3990.532 | N94: =L94-M94 -> 0.092 | O94: 3289.38 | P94: 3289.306 | Q94: =O94-P94 -> 0.074 | R94: 6280.414 | S94: 6274.973 | T94: =R94-S94 -> 5.441 | U94: 6347.817 | V94: 6342.458 | W94: =U94-V94 -> 5.359
A95: 44774 | B95: 2022 | C95: 2461.238 | D95: 2461.228 | E95: =C95-D95 -> 0.01 | F95: 1334.629 | G95: 1334.629 | H95: =F95-G95 -> 0 | I95: 4009.007 | J95: 4008.879 | K95: =I95-J95 -> 0.128 | L95: 4152.949 | M95: 4152.759 | N95: =L95-M95 -> 0.19 | O95: 3421.278 | P95: 3421.278 | Q95: =O95-P95 -> 0 | R95: 6347.817 | S95: 6342.458 | T95: =R95-S95 -> 5.359 | U95: 6516.153 | V95: 6510.912 | W95: =U95-V95 -> 5.241
A96: 44805 | B96: 2022 | C96: 2611.827 | D96: 2611.827 | E96: =C96-D96 -> 0 | F96: 1417.569 | G96: 1417.569 | H96: =F96-G96 -> 0 | I96: 3825.757 | J96: 3825.67 | K96: =I96-J96 -> 0.087 | L96: 3716.011 | M96: 3715.917 | N96: =L96-M96 -> 0.094 | O96: 3006.514 | P96: 3006.514 | Q96: =O96-P96 -> 0 | R96: 6516.153 | S96: 6510.912 | T96: =R96-S96 -> 5.241 | U96: 6585.155 | V96: 6580.001 | W96: =U96-V96 -> 5.154
A97: 44835 | B97: 2022 | C97: 2802.417 | D97: 2802.417 | E97: =C97-D97 -> 0 | F97: 1654.412 | G97: 1654.412 | H97: =F97-G97 -> 0 | I97: 3804.064 | J97: 3803.986 | K97: =I97-J97 -> 0.078 | L97: 3562.205 | M97: 3683.042 | N97: 0 | O97: 2890.165 | P97: 2990.165 | Q97: 0 | R97: 6585.157 | S97: 6580.003 | T97: 0 | U97: 6384.776 | V97: 6379.655 | W97: 0
A98: 44866 | B98: 2022 | C98: 2285.772 | D98: 2285.763 | E98: =C98-D98 -> 0.009 | F98: 1032.049 | G98: 1032.049 | H98: =F98-G98 -> 0 | I98: 3115.852 | J98: 3115.498 | K98: =I98-J98 -> 0.354 | L98: 3008.362 | M98: 3007.877 | N98: =L98-M98 -> 0.485 | O98: 2356.389 | P98: 2356.388 | Q98: =O98-P98 -> 0.001 | R98: 6384.776 | S98: 6379.655 | T98: =R98-S98 -> 5.121 | U98: 6868.647 | V98: 6863.871 | W98: =U98-V98 -> 4.776
A99: 44896 | B99: 2022 | C99: 2178.137 | D99: 2178.128 | E99: =C99-D99 -> 0.009 | F99: 1165.829 | G99: 1165.829 | H99: =F99-G99 -> 0 | I99: 3380.805 | J99: 3380.606 | K99: =I99-J99 -> 0.199 | L99: 3254.221 | M99: 3253.908 | N99: =L99-M99 -> 0.313 | O99: 2586.026 | P99: 2586.026 | Q99: =O99-P99 -> 0 | R99: 6868.647 | S99: 6863.871 | T99: =R99-S99 -> 4.776 | U99: 6852.654 | V99: 6848.024 | W99: =U99-V99 -> 4.63
A100: 44927 | B100: 2023 | C100: 1439.88 | D100: 1439.871 | E100: =C100-D100 -> 0.009 | F100: 1174.884 | G100: 1174.884 | H100: =F100-G100 -> 0 | I100: 3000.865 | J100: 3000.725 | K100: =I100-J100 -> 0.14 | L100: 2952.537 | M100: 2952.398 | N100: =L100-M100 -> 0.139 | O100: 2333.906 | P100: 2333.879 | Q100: =O100-P100 -> 0.027 | R100: 6852.654 | S100: 6848.024 | T100: =R100-S100 -> 4.63 | U100: 6790.449 | V100: 6785.95 | W100: =U100-V100 -> 4.499
A101: 44958 | B101: 2023 | C101: 1887.631 | D101: 1887.603 | E101: =C101-D101 -> 0.028 | F101: 985.977 | G101: 985.977 | H101: =F101-G101 -> 0 | I101: 2981.366 | J101: 2981.194 | K101: =I101-J101 -> 0.172 | L101: 2773.571 | M101: 2773.374 | N101: =L101-M101 -> 0.197 | O101: 2189.284 | P101: 2189.284 | Q101: =O101-P101 -> 0 | R101: 6758.449 | S101: 6753.95 | T101: =R101-S101 -> 4.499 | U101: 7081.506 | V101: 7077.125 | W101: =U101-V101 -> 4.381
A102: 44986 | B102: 2023 | C102: 1610.284 | D102: 1610.265 | E102: =C102-D102 -> 0.019 | F102: 1179.065 | G102: 1179.065 | H102: =F102-G102 -> 0 | I102: 3206.678 | J102: 3206.486 | K102: =I102-J102 -> 0.192 | L102: 3183.574 | M102: 3183.393 | N102: =L102-M102 -> 0.181 | O102: 2529.777 | P102: 2529.777 | Q102: =O102-P102 -> 0 | R102: 7081.506 | S102: 7077.125 | T102: =R102-S102 -> 4.381 | U102: 6856.644 | V102: 6852.436 | W102: =U102-V102 -> 4.208
A103: 45017 | B103: 2023 | C103: 2059.68 | D103: 2059.68 | E103: =C103-D103 -> 0 | F103: 1192.165 | G103: 1192.165 | H103: =F103-G103 -> 0 | I103: 3509.977 | J103: 3509.714 | K103: =I103-J103 -> 0.263 | L103: 3427.239 | M103: 3426.609 | N103: =L103-M103 -> 0.63 | O103: 2714.125 | P103: 2714.124 | Q103: =O103-P103 -> 0.001 | R103: 6856.644 | S103: 6852.436 | T103: =R103-S103 -> 4.208 | U103: 6926.531 | V103: 6922.586 | W103: =U103-V103 -> 3.945
A104: 45047 | B104: 2023 | C104: 2474.343 | D104: 2474.343 | E104: =C104-D104 -> 0 | F104: 1253.637 | G104: 1253.637 | H104: =F104-G104 -> 0 | I104: 3911.163 | J104: 3910.988 | K104: =I104-J104 -> 0.175 | L104: 3783.689 | M104: 3783.515 | N104: =L104-M104 -> 0.174 | O104: 2985.748 | P104: 2985.748 | Q104: =O104-P104 -> 0 | R104: 6926.531 | S104: 6922.586 | T104: =R104-S104 -> 3.945 | U104: 7360.708 | V104: 7356.934 | W104: =U104-V104 -> 3.774
A105: 45078 | B105: 2023 | C105: 1919.335 | D105: 1918.71 | E105: =C105-D105 -> 0.625 | F105: 1269.407 | G105: 1269.407 | H105: =F105-G105 -> 0 | I105: 3873.314 | J105: 3872.483 | K105: =I105-J105 -> 0.831 | L105: 4024.618 | M105: 4023.788 | N105: =L105-M105 -> 0.83 | O105: 3174.051 | P105: 3173.41 | Q105: =O105-P105 -> 0.641 | R105: 7360.708 | S105: 7356.934 | T105: =R105-S105 -> 3.774 | U105: 7135.714 | V105: 7132.146 | W105: =U105-V105 -> 3.568
A106: 45108 | B106: 2023 | C106: 2728.301 | D106: 2723.193 | E106: =C106-D106 -> 5.108 | F106: 1283.928 | G106: 1283.928 | H106: =F106-G106 -> 0 | I106: 4655.331 | J106: 4649.908 | K106: =I106-J106 -> 5.423 | L106: 4483.239 | M106: 4477.816 | N106: =L106-M106 -> 5.423 | O106: 3615.926 | P106: 3610.802 | Q106: =O106-P106 -> 5.124 | R106: 7135.714 | S106: 7132.146 | T106: =R106-S106 -> 3.568 | U106: 7177.635 | V106: 7174.382 | W106: =U106-V106 -> 3.253
A107: 45139 | B107: 2023 | C107: 2303.681 | D107: 2301.986 | E107: =C107-D107 -> 1.695 | F107: 1344.953 | G107: 1344.953 | H107: =F107-G107 -> 0 | I107: 4424.374 | J107: 4422.418 | K107: =I107-J107 -> 1.956 | L107: 4399.89 | M107: 4397.934 | N107: =L107-M107 -> 1.956 | O107: 3521.126 | P107: 3519.431 | Q107: =O107-P107 -> 1.695 | R107: 7177.635 | S107: 7174.382 | T107: =R107-S107 -> 3.253 | U107: 7261.586 | V107: 7258.574 | W107: =U107-V107 -> 3.012
A108: 45170 | B108: 2023 | C108: 2319.145 | D108: 2317.505 | E108: =C108-D108 -> 1.64 | F108: 1179.506 | G108: 1179.506 | H108: =F108-G108 -> 0 | I108: 4300.741 | J108: 4298.888 | K108: =I108-J108 -> 1.853 | L108: 4154.653 | M108: 4152.799 | N108: =L108-M108 -> 1.854 | O108: 3390.676 | P108: 3389.031 | Q108: =O108-P108 -> 1.645 | R108: 7260.545 | S108: 7257.533 | T108: =R108-S108 -> 3.012 | U108: 7093.666 | V108: 7090.867 | W108: =U108-V108 -> 2.799
A109: 45200 | B109: 2023 | C109: 2300.665 | D109: 2298.97 | E109: =C109-D109 -> 1.695 | F109: 1557.331 | G109: 1557.331 | H109: =F109-G109 -> 0 | I109: 4102.508 | J109: 4085.661 | K109: =I109-J109 -> 16.847 | L109: 4064.379 | M109: 4046.306 | N109: =L109-M109 -> 18.073 | O109: 3294.614 | P109: 3282.917 | Q109: =O109-P109 -> 11.697 | R109: 7093.666 | S109: 7090.867 | T109: =R109-S109 -> 2.799 | U109: 6999.966 | V109: 6997.319 | W109: =U109-V109 -> 2.647
... A111: 45261 | B111: 2023 | C111: 2108.055 | D111: 2106.361 | E111: =C111-D111 -> 1.694 | F111: 1372.239 | G111: 1372.239 | H111: =F111-G111 -> 0 | I111: 3600.361 | J111: 3573.294 | K111: =I111-J111 -> 27.067 | L111: 3464.27 | M111: 3432.566 | N111: =L111-M111 -> 31.704 | O111: 2755.561 | P111: 2728.866 | Q111: =O111-P111 -> 26.695 | R111: 6993.76 | S111: 6991.316 | T111: =R111-S111 -> 2.444 | U111: 7201.654 | V111: 7195.564 | W111: =U111-V111 -> 6.09
A112: 45292 | B112: =YEAR(A112) -> 2024 | C112: 1934.004 | D112: 1932.314 | E112: =C112-D112 -> 1.69 | F112: 1395.597 | G112: 1395.597 | H112: =F112-G112 -> 0 | I112: 3329.503 | J112: 3327.591 | K112: =I112-J112 -> 1.912 | L112: 3152.611 | M112: 3150.921 | N112: =L112-M112 -> 1.69 | O112: 2573.434 | P112: 2571.744 | Q112: =O112-P112 -> 1.69 | R112: 7188.365 | S112: 7182.275 | T112: =R112-S112 -> 6.09 | U112: 7240.246 | V112: 7234.368 | W112: =U112-V112 -> 5.878
A113: 45323 | B113: =YEAR(A113) -> 2024 | C113: 1626.386 | D113: 1624.663 | E113: =C113-D113 -> 1.723 | F113: 1346.008 | G113: 1346.008 | H113: =F113-G113 -> 0 | I113: 2951.964 | J113: 2945.321 | K113: =I113-J113 -> 6.643 | L113: 3027.111 | M113: 3021.76 | N113: =L113-M113 -> 5.351 | O113: 2419.874 | P113: 2418.289 | Q113: =O113-P113 -> 1.585 | R113: 7240.246 | S113: 7234.368 | T113: =R113-S113 -> 5.878 | U113: 7281.301 | V113: 7277.343 | W113: =U113-V113 -> 3.958
A114: 45352 | B114: =YEAR(A114) -> 2024 | C114: 2230.91 | D114: 2225.816 | E114: =C114-D114 -> 5.094 | F114: 1490.382 | G114: 1490.382 | H114: =F114-G114 -> 0 | I114: 3453.333 | J114: 3446.907 | K114: =I114-J114 -> 6.426 | L114: 3376.699 | M114: 3370.833 | N114: =L114-M114 -> 5.866 | O114: 2756.623 | P114: 2751.521 | Q114: =O114-P114 -> 5.102 | R114: 7281.301 | S114: 7277.343 | T114: =R114-S114 -> 3.958 | U114: 7245.319 | V114: 7242.693 | W114: =U114-V114 -> 2.626
A115: 45383 | B115: =YEAR(A115) -> 2024 | C115: 2623.302 | D115: 2618.372 | E115: =C115-D115 -> 4.93 | F115: 1474.572 | G115: 1474.358 | H115: =F115-G115 -> 0.214 | I115: 3818.998 | J115: 3810.85 | K115: =I115-J115 -> 8.148 | L115: 3778.36 | M115: 3768.337 | N115: =L115-M115 -> 10.023 | O115: 3051.733 | P115: 3046.792 | Q115: =O115-P115 -> 4.941 | R115: 7245.319 | S115: 7242.693 | T115: =R115-S115 -> 2.626 | U115: 7525.38 | V115: 7519.266 | W115: =U115-V115 -> 6.114
A116: 45413 | B116: =YEAR(A116) -> 2024 | C116: 2600.932 | D116: 2590.181 | E116: =C116-D116 -> 10.751 | F116: 1562.731 | G116: 1562.569 | H116: =F116-G116 -> 0.162 | I116: 4224.059 | J116: 4215.787 | K116: =I116-J116 -> 8.272 | L116: 4119.845 | M116: 4111.51 | N116: =L116-M116 -> 8.335 | O116: 3331.418 | P116: 3325.323 | Q116: =O116-P116 -> 6.095 | R116: 7525.38 | S116: 7519.266 | T116: =R116-S116 -> 6.114 | U116: 7407.525 | V116: 7398.079 | W116: =U116-V116 -> 9.446
A117: 45444 | B117: =YEAR(A117) -> 2024 | C117: 2282.416 | D117: 2277.486 | E117: =C117-D117 -> 4.93 | F117: 1395.955 | G117: 1395.807 | H117: =F117-G117 -> 0.148 | I117: 4396.135 | J117: 4388.2 | K117: =I117-J117 -> 7.935 | L117: 4296.832 | M117: 4286.736 | N117: =L117-M117 -> 10.096 | O117: 3528.687 | P117: 3520.757 | Q117: =O117-P117 -> 7.93 | R117: 7407.525 | S117: 7398.079 | T117: =R117-S117 -> 9.446 | U117: 7505.306 | V117: 7496.002 | W117: =U117-V117 -> 9.304
A118: 45474 | B118: =YEAR(A118) -> 2024 | C118: 2240.897 | D118: 2235.802 | E118: =C118-D118 -> 5.095 | F118: 1592.627 | G118: 1592.556 | H118: =F118-G118 -> 0.071 | I118: 4540.196 | J118: 4525.986 | K118: =I118-J118 -> 14.21 | L118: 4620.889 | M118: 4611.757 | N118: =L118-M118 -> 9.132 | O118: 3793.121 | P118: 3784.027 | Q118: =O118-P118 -> 9.094 | R118: 7505.306 | S118: 7496.002 | T118: =R118-S118 -> 9.304 | U118: 7248.023 | V118: 7243.867 | W118: =U118-V118 -> 4.156
A119: 45505 | B119: =YEAR(A119) -> 2024 | C119: 2544.428 | D119: 2533.198 | E119: =C119-D119 -> 11.23 | F119: 1285.203 | G119: 1284.844 | H119: =F119-G119 -> 0.359 | I119: 4737.09 | J119: 4731.273 | K119: =I119-J119 -> 5.817 | L119: 4592.931 | M119: 4580.776 | N119: =L119-M119 -> 12.155 | O119: 3763.093 | P119: 3750.995 | Q119: =O119-P119 -> 12.098 | R119: 7248.023 | S119: 7243.867 | T119: =R119-S119 -> 4.156 | U119: 7184.573 | V119: 7168.363 | W119: =U119-V119 -> 16.21
A120: 45536 | B120: =YEAR(A120) -> 2024 | C120: 2727.345 | D120: 2717.165 | E120: =C120-D120 -> 10.18 | F120: 1489.147 | G120: 1488.833 | H120: =F120-G120 -> 0.314 | I120: 4430.938 | J120: 4428.944 | K120: =I120-J120 -> 1.994 | L120: 4410.93 | M120: 4399.061 | N120: =L120-M120 -> 11.869 | O120: 3602.799 | P120: 3594.869 | Q120: =O120-P120 -> 7.93 | R120: 7184.573 | S120: 7168.363 | T120: =R120-S120 -> 16.21 | U120: 7179.989 | V120: 7150.176 | W120: =U120-V120 -> 29.813
A121: 45566 | B121: =YEAR(A121) -> 2024 | C121: 2727.345 | D121: 2717.165 | E121: =C121-D121 -> 10.18 | F121: 1489.147 | G121: 1488.833 | H121: =F121-G121 -> 0.314 | I121: 4430.938 | J121: 4428.944 | K121: =I121-J121 -> 1.994 | L121: 4410.93 | M121: 4399.061 | N121: =L121-M121 -> 11.869 | O121: 3602.799 | P121: 3594.869 | Q121: =O121-P121 -> 7.93 | R121: 7184.573 | S121: 7168.363 | T121: =R121-S121 -> 16.21 | U121: 7179.989 | V121: 7150.176 | W121: =U121-V121 -> 29.813
A122: 45597 | B122: =YEAR(A122) -> 2024 | C122: 2430.72 | D122: 2418.692 | E122: =C122-D122 -> 12.028 | F122: 1286.963 | G122: 1286.807 | H122: =F122-G122 -> 0.156 | I122: 3552.494 | J122: 3539.02 | K122: =I122-J122 -> 13.474 | L122: 3434.193 | M122: 3421.805 | N122: =L122-M122 -> 12.388 | O122: 2786.782 | P122: 2777.852 | Q122: =O122-P122 -> 8.93 | R122: 7217.914 | S122: 7208.137 | T122: =R122-S122 -> 9.777 | U122: 7502.378 | V122: 7490.185 | W122: =U122-V122 -> 12.193
A123: 45627 | B123: =YEAR(A123) -> 2024 | C123: 2030.803 | D123: 2025.709 | E123: =C123-D123 -> 5.094 | F123: 1568.201 | G123: 1568.201 | H123: =F123-G123 -> 0 | I123: 3526.434 | J123: 3505.639 | K123: =I123-J123 -> 20.795 | L123: 3633.394 | M123: 3619.14 | N123: =L123-M123 -> 14.254 | O123: 2984.912 | P123: 2972.808 | Q123: =O123-P123 -> 12.104 | R123: 7502.378 | S123: 7490.185 | T123: =R123-S123 -> 12.193 | U123: 7533.791 | V123: 7530.299 | W123: =U123-V123 -> 3.492
A124: 45658 | B124: =YEAR(A124) -> 2025
A125: 45689 | B125: =YEAR(A125) -> 2025 | M125: : | S125: :
A126: 45717 | B126: =YEAR(A126) -> 2025
A127: 45748 | B127: =YEAR(A127) -> 2025
A128: 45778 | B128: =YEAR(A128) -> 2025
A129: 45809 | B129: =YEAR(A129) -> 2025
A130: 45839 | B130: =YEAR(A130) -> 2025
A131: 45870 | B131: =YEAR(A131) -> 2025
A132: 45901 | B132: =YEAR(A132) -> 2025
A133: 45931 | B133: =YEAR(A133) -> 2025
A134: 45962 | B134: =YEAR(A134) -> 2025
A135: 45992 | B135: =YEAR(A135) -> 2025

Sheet BD
A1: EUROPEAN UNION BD SUPPLY AND DEMAND
A2: thousand tonnes | B2: 2015 | C2: 2016 | D2: 2017 | E2: 2018 | F2: 2019 | G2: 2020 | H2: 2021 | I2: 2022 | J2: 2023 | K2: 2024 | L2: 2025 | M2: 2026 | N2: 2027 | O2: 2028 | P2: 2029 | Q2: 2030 | R2: 2031 | S2: 2032 | T2: 2033 | U2: 2034
A3: Beginning Stocks | E3: 0 | F3: =E11 -> 0 | G3: =F11 -> 0 | H3: =G11 -> 0 | I3: =H11 -> 0 | J3: =I11 -> 0 | K3: =J11 -> 0 | L3: =K11 -> #DIV/0! | M3: =L11 -> #DIV/0! | ... U3: =T11 -> #DIV/0!
A4: Production | E4: =E36 -> 0 | F4: =F36 -> 0 | G4: =G36 -> 0 | H4: =H36 -> 0 | I4: =I36 -> 0 | J4: =J36 -> 0 | K4: =K36 -> 0 | L4: =L36 -> 0 | ... U4: =U36 -> 0
A5: Imports | E5: =E52 -> 0 | F5: =F52 -> 0 | G5: =G52 -> 0 | H5: =H52 -> 0 | I5: =I52 -> 0 | J5: =J52 -> 0 | K5: 426 | L5: 120 | M5: 120 | N5: 120 | O5: 120 | P5: 120 | Q5: 120 | R5: 120 | S5: 120 | T5: 120 | U5: 120
A6: Total Supply | E6: =E3+E4+E5 -> 0 | F6: =F3+F4+F5 -> 0 | G6: =G3+G4+G5 -> 0 | H6: =H3+H4+H5 -> 0 | I6: =I3+I4+I5 -> 0 | J6: =J3+J4+J5 -> 0 | K6: =K3+K4+K5 -> 426 | L6: =L3+L4+L5 -> #DIV/0! | ... U6: =U3+U4+U5 -> #DIV/0!
A7: Consumption | E7: =E10-E9 -> 0 | F7: =F10-F9 -> 0 | G7: =G10-G9 -> 0 | H7: =H10-H9 -> 0 | I7: =I10-I9 -> 0 | J7: =J10-J9 -> 0 | K7: =MROUND(FORECAST(K4,E7:J7,E4:J4),25)+100 -> #DIV/0! | L7: =MROUND(FORECAST(L4,E7:K7,E4:K4),25)-50 -> #DIV/0! | M7: =MROUND(FORECAST(M4,E7:L7,E4:L4),25)-400 -> #DIV/0! | N7: =MROUND(FORECAST(N4,E7:M7,E4:M4),25) -> #DIV/0! | O7: =MROUND(FORECAST(O4,E7:N7,E4:N4),25) -> #DIV/0! | P7: =MROUND(FORECAST(P4,F7:O7,F4:O4),25) -> #DIV/0! | Q7: =MROUND(FORECAST(Q4,G7:P7,G4:P4),25) -> #DIV/0! | R7: =MROUND(FORECAST(R4,H7:Q7,H4:Q4),25) -> #DIV/0! | S7: =MROUND(FORECAST(S4,I7:R7,I4:R4),25) -> #DIV/0! | T7: =MROUND(FORECAST(T4,J7:S7,J4:S4),25)-25 -> #DIV/0! | U7: =MROUND(FORECAST(U4,K7:T7,K4:T4),25)-25 -> #DIV/0!
A8: Biodiesel Losses and Co-Products | E8: =annual_data!#REF!*42/1000 -> #REF! | F8: =annual_data!#REF!*42/1000 -> #REF! | G8: =annual_data!#REF!*42/1000 -> #REF! | H8: =annual_data!#REF!*42/1000 -> #REF! | I8: =annual_data!#REF!*42/1000 -> #REF! | J8: =annual_data!#REF!*42/1000 -> #REF!
A9: Exports | E9: =E68 -> 0 | F9: =F68 -> 0 | G9: =G68 -> 0 | H9: =H68 -> 0 | I9: =I68 -> 0 | J9: =J68 -> 0 | K9: =MROUND(FORECAST(K4,E9:J9,E4:J4),5) -> #DIV/0! | L9: =MROUND(FORECAST(L4,E9:K9,E4:K4)*0.75,5) -> #DIV/0! | M9: =MROUND(FORECAST(M4,E9:L9,E4:L4)*0.5,5) -> #DIV/0! | N9: =MROUND(FORECAST(N4,E9:M9,E4:M4)*0.25,5) -> #DIV/0! | O9: =MROUND(FORECAST(O4,E9:N9,E4:N4)*0,5) -> #DIV/0! | P9: =MROUND(FORECAST(P4,F9:O9,F4:O4)*0,5) -> #DIV/0! | Q9: =MROUND(FORECAST(Q4,G9:P9,G4:P4)*0,5) -> #DIV/0! | R9: =MROUND(FORECAST(R4,H9:Q9,H4:Q4)*0,5) -> #DIV/0! | S9: =MROUND(FORECAST(S4,I9:R9,I4:R4)*0,5) -> #DIV/0! | T9: =MROUND(FORECAST(T4,J9:S9,J4:S4)*0,5) -> #DIV/0! | U9: =MROUND(FORECAST(U4,K9:T9,K4:T4)*0,5) -> #DIV/0!
A10: Total Use | E10: =E6-E11 -> 0 | F10: =F6-F11 -> 0 | G10: =G6-G11 -> 0 | H10: =H6-H11 -> 0 | I10: =I6-I11 -> 0 | J10: =J6-J11 -> 0 | K10: =SUM(K7:K9) -> #DIV/0! | L10: =SUM(L7:L9) -> #DIV/0! | M10: =SUM(M7:M9) -> #DIV/0! | N10: =SUM(N7:N9) -> #DIV/0! | O10: =SUM(O7:O9) -> #DIV/0! | P10: =SUM(P7:P9) -> #DIV/0! | Q10: =SUM(Q7:Q9) -> #DIV/0! | R10: =SUM(R7:R9) -> #DIV/0! | ... U10: =SUM(U7:U9) -> #DIV/0!
A11: Final Stocks | E11: =E99 -> 0 | F11: =F99 -> 0 | G11: =G99 -> 0 | H11: =H99 -> 0 | I11: =I99 -> 0 | J11: =J99 -> 0 | K11: =K6-K10 -> #DIV/0! | L11: =L6-L10 -> #DIV/0! | M11: =M6-M10 -> #DIV/0! | N11: =N6-N10 -> #DIV/0! | O11: =O6-O10 -> #DIV/0! | P11: =P6-P10 -> #DIV/0! | Q11: =Q6-Q10 -> #DIV/0! | R11: =R6-R10 -> #DIV/0! | ... U11: =U6-U10 -> #DIV/0!
A12: Yield | E12: #REF! | F12: #REF! | G12: #REF! | H12: #REF! | I12: #REF! | J12: #REF! | K12: #REF! | L12: 5.6597107 | M12: 4.7257345 | N12: 5.4018315 | O12: 4.8623573 | P12: 4.6448797 | Q12: 4.3474487 | R12: 5.5712675 | S12: 5.543373 | T12: 5.8745759 | U12: 5.8745759
A13: Stocks/Use | E13: =E11/E7 -> #DIV/0! | F13: =F11/F7 -> #DIV/0! | G13: =G11/G7 -> #DIV/0! | H13: =H11/H7 -> #DIV/0! | I13: =I11/I7 -> #DIV/0! | J13: =J11/J7 -> #DIV/0! | K13: =K11/K7 -> #DIV/0! | L13: =L11/L7 -> #DIV/0! | ... U13: =U11/U7 -> #DIV/0!
A22: BIODIESEL PRODUCTION
A23: thousand tonnes | B23: =B2 -> 2015 | C23: =C2 -> 2016 | D23: =D2 -> 2017 | E23: =E2 -> 2018 | F23: =F2 -> 2019 | G23: =G2 -> 2020 | H23: =H2 -> 2021 | I23: =I2 -> 2022 | ... U23: =U2 -> 2034
A24: January
A25: February
A26: March
A27: April
A28: May
A29: June
A30: July
A31: August
A32: September
A33: October
A34: November
A35: December
... A38: BIODIESEL IMPORTS
A39: thousand tonnes | E39: =E2 -> 2018 | F39: =F2 -> 2019 | G39: =G2 -> 2020 | H39: =H2 -> 2021 | I39: =I2 -> 2022 | J39: =J2 -> 2023 | K39: =K2 -> 2024 | L39: =L2 -> 2025 | ... U39: =U2 -> 2034
A40: January
A41: February
A42: March
A43: April
A44: May
A45: June
A46: July
A47: August
A48: September
A49: October
A50: November
A51: December
... A54: BIODIESEL EXPORTS
A55: thousand tonnes | E55: =E2 -> 2018 | F55: =F2 -> 2019 | G55: =G2 -> 2020 | H55: =H2 -> 2021 | I55: =I2 -> 2022 | J55: =J2 -> 2023 | K55: =K2 -> 2024 | L55: =L2 -> 2025 | ... U55: =U2 -> 2034
A56: January
A57: February
A58: March
A59: April
A60: May
A61: June
A62: July
A63: August
A64: September
A65: October
A66: November
A67: December
A68: Total | E68: =SUM(E56:E67) -> 0 | F68: =SUM(F56:F67) -> 0 | G68: =SUM(G56:G67) -> 0 | H68: =SUM(H56:H67) -> 0 | I68: =SUM(I56:I67) -> 0 | J68: =SUM(J56:J67) -> 0 | K68: =SUM(K56:K67) -> 0 | L68: =SUM(L56:L67) -> 0 | ... U68: =SUM(U56:U67) -> 0
A70: BIODIESEL CONSUMPTION
A71: thousand tonnes | E71: =E2 -> 2018 | F71: =F2 -> 2019 | G71: =G2 -> 2020 | H71: =H2 -> 2021 | I71: =I2 -> 2022 | J71: =J2 -> 2023 | K71: =K2 -> 2024 | L71: =L2 -> 2025 | ... U71: =U2 -> 2034
A72: January
A73: February
A74: March
A75: April
A76: May
A77: June
A78: July
A79: August
A80: September
A81: October
A82: November
A83: December
... A86: BIODIESEL STOCKS
A87: thousand tonnes | E87: =E2 -> 2018 | F87: =F2 -> 2019 | G87: =G2 -> 2020 | H87: =H2 -> 2021 | I87: =I2 -> 2022 | J87: =J2 -> 2023 | K87: =K2 -> 2024 | L87: =L2 -> 2025 | ... U87: =U2 -> 2034
A88: January
A89: February
A90: March
A91: April
A92: May
A93: June
A94: July
A95: August
A96: September
A97: October
A98: November
A99: December
A101: BIODIESEL PERCENT OF BIOMASS-BASED DIESEL PRODUCTION
A102: thousand tonnes | E102: =E2 -> 2018 | F102: =F2 -> 2019 | G102: =G2 -> 2020 | H102: =H2 -> 2021 | I102: =I2 -> 2022 | J102: =J2 -> 2023 | K102: =K2 -> 2024 | L102: =L2 -> 2025 | ... U102: =U2 -> 2034
A103: January
A104: February
A105: March
A106: April
A107: May
A108: June
A109: July
A110: August
A111: September
A112: October
A113: November
A114: December
A115: Average

Sheet RD
A1: EUROPEAN UNION (EU) RENEWABLE DIESEL SUPPLY AND DEMAND
A2: thousand tonnes | B2: 2015 | C2: 2016 | D2: 2017 | E2: 2018 | F2: 2019 | G2: 2020 | H2: 2021 | I2: 2022 | J2: 2023 | K2: 2024 | L2: 2025 | M2: 2026 | N2: 2027 | O2: 2028 | P2: 2029 | Q2: 2030 | R2: 2031 | S2: 2032 | T2: 2033 | U2: 2034
A3: Beginning Stocks | E3: =#REF! -> #REF! | F3: =E10 -> #REF! | G3: =F10 -> #REF! | H3: =G10 -> #REF! | I3: =H10 -> #REF! | J3: =I10 -> #REF! | K3: =J10 -> #REF! | L3: =K10 -> #REF! | M3: =L10 -> #REF! | ... U3: =T10 -> #REF!
A4: Production | E4: =E35 -> #REF! | F4: =F35 -> #REF! | G4: =G35 -> #REF! | H4: =H35 -> #REF! | I4: =I35 -> #REF! | J4: =J35 -> #REF! | K4: =K35 -> #REF! | L4: =L35 -> 3255.9998 | ... U4: =U35 -> 5016.0621
A5: Imports | E5: =E51 -> #REF! | F5: =F51 -> #REF! | G5: =G51 -> #REF! | H5: =H51 -> #REF! | I5: =I51 -> #REF! | J5: =J51 -> #REF! | K5: 349.56268 | L5: 421.15944 | M5: 398.8043 | N5: 416.04805 | O5: 405.49224 | P5: 401.10003 | Q5: 391.43647 | R5: 373.25037 | S5: 351.51251 | T5: 331.17472 | U5: 331.17472
A6: Total Supply | E6: =E3+E4+E5 -> #REF! | F6: =F3+F4+F5 -> #REF! | G6: =G3+G4+G5 -> #REF! | H6: =H3+H4+H5 -> #REF! | I6: =I3+I4+I5 -> #REF! | J6: =J3+J4+J5 -> #REF! | K6: =K3+K4+K5 -> #REF! | L6: =L3+L4+L5 -> #REF! | ... U6: =U3+U4+U5 -> #REF!
A7: Consumption | E7: =E67 -> #REF! | F7: =F67 -> #REF! | G7: =G67 -> #REF! | H7: =H67 -> #REF! | I7: =I67 -> #REF! | J7: =J67 -> #REF! | K7: =MROUND(FORECAST(K4,E7:J7,E4:J4),25) -> #REF! | L7: =MROUND(FORECAST(L4,E7:K7,E4:K4),25) -> #REF! | M7: =MROUND(FORECAST(M4,E7:L7,E4:L4),25) -> #REF! | N7: =MROUND(FORECAST(N4,F7:M7,F4:M4),25) -> #REF! | O7: =MROUND(FORECAST(O4,G7:N7,G4:N4),25) -> #REF! | P7: =MROUND(FORECAST(P4,H7:O7,H4:O4),25) -> #REF! | Q7: =MROUND(FORECAST(Q4,I7:P7,I4:P4),25) -> #REF! | R7: =MROUND(FORECAST(R4,J7:Q7,J4:Q4),25) -> #REF! | S7: =MROUND(FORECAST(S4,K7:R7,K4:R4),25) -> #REF! | T7: =MROUND(FORECAST(T4,L7:S7,L4:S4),25) -> #REF! | U7: =MROUND(FORECAST(U4,M7:T7,M4:T4),25) -> #REF!
A8: Exports | E8: 0 | F8: 0 | G8: 0 | H8: 0 | I8: 0 | J8: 1 | K8: 0 | L8: 0 | M8: 0 | N8: 0 | O8: 0 | P8: 0 | Q8: 0 | R8: 0 | S8: 0 | T8: 0 | U8: 0
A9: Total Use | E9: =E7+E8 -> #REF! | F9: =F7+F8 -> #REF! | G9: =G7+G8 -> #REF! | H9: =H7+H8 -> #REF! | I9: =I7+I8 -> #REF! | J9: =J7+J8 -> #REF! | K9: =SUM(K7:K8) -> #REF! | L9: =SUM(L7:L8) -> #REF! | M9: =SUM(M7:M8) -> #REF! | N9: =SUM(N7:N8) -> #REF! | O9: =SUM(O7:O8) -> #REF! | P9: =SUM(P7:P8) -> #REF! | Q9: =SUM(Q7:Q8) -> #REF! | R9: =SUM(R7:R8) -> #REF! | ... U9: =SUM(U7:U8) -> #REF!
A10: Final Stocks (December 31) | E10: =E83 -> #REF! | F10: =F83 -> #REF! | G10: =G83 -> #REF! | H10: =H83 -> #REF! | I10: =I83 -> #REF! | J10: =J83 -> #REF! | K10: =K6-K9 -> #REF! | L10: =L6-L9 -> #REF! | M10: =M6-M9 -> #REF! | N10: =N6-N9 -> #REF! | O10: =O6-O9 -> #REF! | P10: =P6-P9 -> #REF! | Q10: =Q6-Q9 -> #REF! | R10: =R6-R9 -> #REF! | ... U10: =U6-U9 -> #REF!
A11: Yield | E11: #REF! | F11: #REF! | G11: #REF! | H11: #REF! | I11: #REF! | J11: #REF! | K11: #REF! | L11: 7.9621651 | M11: 9.7763388 | N11: 10.033344 | O11: 10.030752 | P11: 10.076252 | Q11: 11.314477 | R11: 9.1956266 | S11: 8.646232 | T11: 8.1227531 | U11: 8.1227531
A12: Stocks/Use | E12: =E10/E7 -> #REF! | F12: =F10/F7 -> #REF! | G12: =G10/G7 -> #REF! | H12: =H10/H7 -> #REF! | I12: =I10/I7 -> #REF! | J12: =J10/J7 -> #REF! | K12: =K10/K7 -> #REF! | L12: =L10/L7 -> #REF! | ... U12: =U10/U7 -> #REF!
A21: RENEWABLE DIESEL PRODUCTION
A22: thousand tonnes | B22: =B2 -> 2015 | C22: =C2 -> 2016 | D22: =D2 -> 2017 | E22: =E2 -> 2018 | F22: =F2 -> 2019 | G22: =G2 -> 2020 | H22: =H2 -> 2021 | I22: =I2 -> 2022 | ... U22: =U2 -> 2034
A23: January | E23: =monthly_data!#REF! -> #REF! | F23: =monthly_data!#REF! -> #REF! | G23: =monthly_data!#REF! -> #REF! | H23: =monthly_data!#REF! -> #REF! | I23: =monthly_data!#REF! -> #REF! | J23: =monthly_data!#REF! -> #REF! | K23: =monthly_data!#REF! -> #REF! | L23: 281.31614 | M23: 233.03293 | N23: 242.74122 | O23: 250.47411 | P23: 259.4334 | Q23: 246.8009 | R23: 306.68041 | S23: 325.10027 | T23: 342.53572 | U23: 342.53572
A24: February | E24: =monthly_data!#REF! -> #REF! | F24: =monthly_data!#REF! -> #REF! | G24: =monthly_data!#REF! -> #REF! | H24: =monthly_data!#REF! -> #REF! | I24: =monthly_data!#REF! -> #REF! | J24: =monthly_data!#REF! -> #REF! | K24: =monthly_data!#REF! -> #REF! | L24: 268.04835 | M24: 245.00644 | N24: 255.83819 | O24: 262.56493 | P24: 270.71 | Q24: 255.22422 | R24: 315.94681 | S24: 330.78041 | T24: 342.02427 | U24: 342.02427
A25: March | E25: =monthly_data!#REF! -> #REF! | F25: =monthly_data!#REF! -> #REF! | G25: =monthly_data!#REF! -> #REF! | H25: =monthly_data!#REF! -> #REF! | I25: =monthly_data!#REF! -> #REF! | J25: =monthly_data!#REF! -> #REF! | K25: =monthly_data!#REF! -> #REF! | L25: 273.83092 | M25: 262.52105 | N25: 275.77261 | O25: 285.2404 | P25: 294.20668 | Q25: 279.90745 | R25: 350.33728 | S25: 372.88809 | T25: 393.88336 | U25: 393.88336
A26: April | E26: =monthly_data!#REF! -> #REF! | F26: =monthly_data!#REF! -> #REF! | G26: =monthly_data!#REF! -> #REF! | H26: =monthly_data!#REF! -> #REF! | I26: =monthly_data!#REF! -> #REF! | J26: =monthly_data!#REF! -> #REF! | K26: =monthly_data!#REF! -> #REF! | L26: 279.26006 | M26: 251.78615 | N26: 263.73904 | O26: 271.09102 | P26: 279.20956 | Q26: 263.94623 | R26: 327.6513 | S26: 344.56676 | T26: 358.17662 | U26: 358.17662
A27: May | E27: =monthly_data!#REF! -> #REF! | F27: =monthly_data!#REF! -> #REF! | G27: =monthly_data!#REF! -> #REF! | H27: =monthly_data!#REF! -> #REF! | I27: =monthly_data!#REF! -> #REF! | J27: =monthly_data!#REF! -> #REF! | K27: 220.40274 | L27: 273.92222 | M27: 277.78156 | N27: 291.6841 | O27: 299.15927 | P27: 307.59039 | Q27: 291.45177 | R27: 362.68737 | S27: 381.67406 | T27: 396.73576 | U27: 396.73576
A28: June | E28: =monthly_data!#REF! -> #REF! | F28: =monthly_data!#REF! -> #REF! | G28: =monthly_data!#REF! -> #REF! | H28: =monthly_data!#REF! -> #REF! | I28: =monthly_data!#REF! -> #REF! | J28: =monthly_data!#REF! -> #REF! | K28: 282.58956 | L28: 277.21499 | M28: 276.91252 | N28: 291.0131 | O28: 301.13716 | P28: 310.76101 | Q28: 294.97398 | R28: 370.10677 | S28: 393.68537 | T28: 415.3624 | U28: 415.3624
A29: July | E29: =monthly_data!#REF! -> #REF! | F29: =monthly_data!#REF! -> #REF! | G29: =monthly_data!#REF! -> #REF! | H29: =monthly_data!#REF! -> #REF! | I29: =monthly_data!#REF! -> #REF! | J29: =monthly_data!#REF! -> #REF! | K29: 292.63336 | L29: 278.32493 | M29: 272.22614 | N29: 285.02277 | O29: 293.83127 | P29: 303.809 | Q29: 287.22386 | R29: 358.197 | S29: 378.48851 | T29: 396.14531 | U29: 396.14531
A30: August | E30: =monthly_data!#REF! -> #REF! | F30: =monthly_data!#REF! -> #REF! | G30: =monthly_data!#REF! -> #REF! | H30: =monthly_data!#REF! -> #REF! | I30: =monthly_data!#REF! -> #REF! | J30: =monthly_data!#REF! -> #REF! | K30: 210.96762 | L30: 284.13134 | M30: 279.37078 | N30: 293.09145 | O30: 303.0126 | P30: 314.0997 | Q30: 299.27774 | R30: 376.36182 | S30: 402.16018 | T30: 427.25342 | U30: 427.25342
A31: September | E31: =monthly_data!#REF! -> #REF! | F31: =monthly_data!#REF! -> #REF! | G31: =monthly_data!#REF! -> #REF! | H31: =monthly_data!#REF! -> #REF! | I31: =monthly_data!#REF! -> #REF! | J31: =monthly_data!#REF! -> #REF! | K31: 236.34989 | L31: 280.81335 | M31: 281.16484 | N31: 295.4981 | O31: 304.76916 | P31: 315.77484 | Q31: 300.38166 | R31: 377.74398 | S31: 402.84756 | T31: 426.53827 | U31: 426.53827
A32: October | E32: =monthly_data!#REF! -> #REF! | F32: =monthly_data!#REF! -> #REF! | G32: =monthly_data!#REF! -> #REF! | H32: =monthly_data!#REF! -> #REF! | I32: =monthly_data!#REF! -> #REF! | J32: =monthly_data!#REF! -> #REF! | K32: 232.78923 | L32: 271.98535 | M32: 302.69078 | N32: 317.52022 | O32: 327.52714 | P32: 338.22941 | Q32: 319.8211 | R32: 400.40602 | S32: 423.50943 | T32: 443.5085 | U32: 443.5085
A33: November | E33: =monthly_data!#REF! -> #REF! | F33: =monthly_data!#REF! -> #REF! | G33: =monthly_data!#REF! -> #REF! | H33: =monthly_data!#REF! -> #REF! | I33: =monthly_data!#REF! -> #REF! | J33: =monthly_data!#REF! -> #REF! | K33: 236.43407 | L33: 249.34669 | M33: 351.98987 | N33: 370.20007 | O33: 380.18561 | P33: 392.08069 | Q33: 367.94014 | R33: 460.36158 | S33: 482.90813 | T33: 499.12807 | U33: 499.12807
A34: December | E34: =monthly_data!#REF! -> #REF! | F34: =monthly_data!#REF! -> #REF! | G34: =monthly_data!#REF! -> #REF! | H34: =monthly_data!#REF! -> #REF! | I34: =monthly_data!#REF! -> #REF! | J34: =monthly_data!#REF! -> #REF! | K34: 248.33749 | L34: 237.80539 | M34: 398.54723 | N34: 416.93578 | O34: 428.84998 | P34: 443.75217 | Q34: 417.86498 | R34: 524.99057 | S34: 552.50836 | T34: 574.7704 | U34: 574.7704
A35: Total | E35: =SUM(E23:E34) -> #REF! | F35: =SUM(F23:F34) -> #REF! | G35: =SUM(G23:G34) -> #REF! | H35: =SUM(H23:H34) -> #REF! | I35: =SUM(I23:I34) -> #REF! | J35: =SUM(J23:J34) -> #REF! | K35: =SUM(K23:K34) -> #REF! | L35: =SUM(L23:L34) -> 3255.9998 | ... U35: =SUM(U23:U34) -> 5016.0621
A37: RENEWABLE DIESEL IMPORTS
A38: thousand tonnes | B38: =B2 -> 2015 | C38: =C2 -> 2016 | D38: =D2 -> 2017 | E38: =E2 -> 2018 | F38: =F2 -> 2019 | G38: =G2 -> 2020 | H38: =H2 -> 2021 | I38: =I2 -> 2022 | ... U38: =U2 -> 2034
A39: January | E39: =(monthly_data!#REF!)*42/1000 -> #REF! | F39: =(monthly_data!#REF!)*42/1000 -> #REF! | G39: =(monthly_data!#REF!)*42/1000 -> #REF! | H39: =(monthly_data!#REF!)*42/1000 -> #REF! | I39: =(monthly_data!#REF!)*42/1000 -> #REF! | J39: =(monthly_data!#REF!)*42/1000 -> #REF! | K39: =(monthly_data!#REF!)*42/1000 -> #REF! | L39: =L$51*(SUM(G39:K39)/SUM(G$51:K$51)) -> #REF! | M39: =M$51*(SUM(H39:L39)/SUM(H$51:L$51)) -> #REF! | N39: =N$51*(SUM(I39:M39)/SUM(I$51:M$51)) -> #REF! | O39: =O$51*(SUM(J39:N39)/SUM(J$51:N$51)) -> #REF! | P39: =P$51*(SUM(K39:O39)/SUM(K$51:O$51)) -> #REF! | Q39: =Q$51*(SUM(L39:P39)/SUM(L$51:P$51)) -> #REF! | R39: =R$51*(SUM(M39:Q39)/SUM(M$51:Q$51)) -> #REF! | S39: =S$51*(SUM(N39:R39)/SUM(N$51:R$51)) -> #REF! | ... U39: =U$51*(SUM(P39:T39)/SUM(P$51:T$51)) -> #REF!
A40: February | E40: =(monthly_data!#REF!)*42/1000 -> #REF! | F40: =(monthly_data!#REF!)*42/1000 -> #REF! | G40: =(monthly_data!#REF!)*42/1000 -> #REF! | H40: =(monthly_data!#REF!)*42/1000 -> #REF! | I40: =(monthly_data!#REF!)*42/1000 -> #REF! | J40: =(monthly_data!#REF!)*42/1000 -> #REF! | K40: =(monthly_data!#REF!)*42/1000 -> #REF! | L40: =L$51*(SUM(G40:K40)/SUM(G$51:K$51)) -> #REF! | M40: =M$51*(SUM(H40:L40)/SUM(H$51:L$51)) -> #REF! | N40: =N$51*(SUM(I40:M40)/SUM(I$51:M$51)) -> #REF! | O40: =O$51*(SUM(J40:N40)/SUM(J$51:N$51)) -> #REF! | P40: =P$51*(SUM(K40:O40)/SUM(K$51:O$51)) -> #REF! | Q40: =Q$51*(SUM(L40:P40)/SUM(L$51:P$51)) -> #REF! | R40: =R$51*(SUM(M40:Q40)/SUM(M$51:Q$51)) -> #REF! | S40: =S$51*(SUM(N40:R40)/SUM(N$51:R$51)) -> #REF! | ... U40: =U$51*(SUM(P40:T40)/SUM(P$51:T$51)) -> #REF!
A41: March | E41: =(monthly_data!#REF!)*42/1000 -> #REF! | F41: =(monthly_data!#REF!)*42/1000 -> #REF! | G41: =(monthly_data!#REF!)*42/1000 -> #REF! | H41: =(monthly_data!#REF!)*42/1000 -> #REF! | I41: =(monthly_data!#REF!)*42/1000 -> #REF! | J41: =(monthly_data!#REF!)*42/1000 -> #REF! | K41: =(monthly_data!#REF!)*42/1000 -> #REF! | L41: =L$51*(SUM(G41:K41)/SUM(G$51:K$51)) -> #REF! | M41: =M$51*(SUM(H41:L41)/SUM(H$51:L$51)) -> #REF! | N41: =N$51*(SUM(I41:M41)/SUM(I$51:M$51)) -> #REF! | O41: =O$51*(SUM(J41:N41)/SUM(J$51:N$51)) -> #REF! | P41: =P$51*(SUM(K41:O41)/SUM(K$51:O$51)) -> #REF! | Q41: =Q$51*(SUM(L41:P41)/SUM(L$51:P$51)) -> #REF! | R41: =R$51*(SUM(M41:Q41)/SUM(M$51:Q$51)) -> #REF! | S41: =S$51*(SUM(N41:R41)/SUM(N$51:R$51)) -> #REF! | ... U41: =U$51*(SUM(P41:T41)/SUM(P$51:T$51)) -> #REF!
A42: April | E42: =(monthly_data!#REF!)*42/1000 -> #REF! | F42: =(monthly_data!#REF!)*42/1000 -> #REF! | G42: =(monthly_data!#REF!)*42/1000 -> #REF! | H42: =(monthly_data!#REF!)*42/1000 -> #REF! | I42: =(monthly_data!#REF!)*42/1000 -> #REF! | J42: =(monthly_data!#REF!)*42/1000 -> #REF! | K42: =(monthly_data!#REF!)*42/1000 -> #REF! | L42: =L$51*(SUM(G42:K42)/SUM(G$51:K$51)) -> #REF! | M42: =M$51*(SUM(H42:L42)/SUM(H$51:L$51)) -> #REF! | N42: =N$51*(SUM(I42:M42)/SUM(I$51:M$51)) -> #REF! | O42: =O$51*(SUM(J42:N42)/SUM(J$51:N$51)) -> #REF! | P42: =P$51*(SUM(K42:O42)/SUM(K$51:O$51)) -> #REF! | Q42: =Q$51*(SUM(L42:P42)/SUM(L$51:P$51)) -> #REF! | R42: =R$51*(SUM(M42:Q42)/SUM(M$51:Q$51)) -> #REF! | S42: =S$51*(SUM(N42:R42)/SUM(N$51:R$51)) -> #REF! | ... U42: =U$51*(SUM(P42:T42)/SUM(P$51:T$51)) -> #REF!
A43: May | E43: =(monthly_data!#REF!)*42/1000 -> #REF! | F43: =(monthly_data!#REF!)*42/1000 -> #REF! | G43: =(monthly_data!#REF!)*42/1000 -> #REF! | H43: =(monthly_data!#REF!)*42/1000 -> #REF! | I43: =(monthly_data!#REF!)*42/1000 -> #REF! | J43: =(monthly_data!#REF!)*42/1000 -> #REF! | K43: =K$51*(SUM(F43:J43)/SUM(F$51:J$51))-6 -> #REF! | L43: =L$51*(SUM(G43:K43)/SUM(G$51:K$51)) -> #REF! | M43: =M$51*(SUM(H43:L43)/SUM(H$51:L$51)) -> #REF! | N43: =N$51*(SUM(I43:M43)/SUM(I$51:M$51)) -> #REF! | O43: =O$51*(SUM(J43:N43)/SUM(J$51:N$51)) -> #REF! | P43: =P$51*(SUM(K43:O43)/SUM(K$51:O$51)) -> #REF! | Q43: =Q$51*(SUM(L43:P43)/SUM(L$51:P$51)) -> #REF! | R43: =R$51*(SUM(M43:Q43)/SUM(M$51:Q$51)) -> #REF! | S43: =S$51*(SUM(N43:R43)/SUM(N$51:R$51)) -> #REF! | ... U43: =U$51*(SUM(P43:T43)/SUM(P$51:T$51)) -> #REF!
A44: June | E44: =(monthly_data!#REF!)*42/1000 -> #REF! | F44: =(monthly_data!#REF!)*42/1000 -> #REF! | G44: =(monthly_data!#REF!)*42/1000 -> #REF! | H44: =(monthly_data!#REF!)*42/1000 -> #REF! | I44: =(monthly_data!#REF!)*42/1000 -> #REF! | J44: =(monthly_data!#REF!)*42/1000 -> #REF! | K44: =K$51*(SUM(F44:J44)/SUM(F$51:J$51))-5 -> #REF! | L44: =L$51*(SUM(G44:K44)/SUM(G$51:K$51)) -> #REF! | M44: =M$51*(SUM(H44:L44)/SUM(H$51:L$51)) -> #REF! | N44: =N$51*(SUM(I44:M44)/SUM(I$51:M$51)) -> #REF! | O44: =O$51*(SUM(J44:N44)/SUM(J$51:N$51)) -> #REF! | P44: =P$51*(SUM(K44:O44)/SUM(K$51:O$51)) -> #REF! | Q44: =Q$51*(SUM(L44:P44)/SUM(L$51:P$51)) -> #REF! | R44: =R$51*(SUM(M44:Q44)/SUM(M$51:Q$51)) -> #REF! | S44: =S$51*(SUM(N44:R44)/SUM(N$51:R$51)) -> #REF! | ... U44: =U$51*(SUM(P44:T44)/SUM(P$51:T$51)) -> #REF!
A45: July | E45: =(monthly_data!#REF!)*42/1000 -> #REF! | F45: =(monthly_data!#REF!)*42/1000 -> #REF! | G45: =(monthly_data!#REF!)*42/1000 -> #REF! | H45: =(monthly_data!#REF!)*42/1000 -> #REF! | I45: =(monthly_data!#REF!)*42/1000 -> #REF! | J45: =(monthly_data!#REF!)*42/1000 -> #REF! | K45: =K$51*(SUM(F45:J45)/SUM(F$51:J$51))-2 -> #REF! | L45: =L$51*(SUM(G45:K45)/SUM(G$51:K$51)) -> #REF! | M45: =M$51*(SUM(H45:L45)/SUM(H$51:L$51)) -> #REF! | N45: =N$51*(SUM(I45:M45)/SUM(I$51:M$51)) -> #REF! | O45: =O$51*(SUM(J45:N45)/SUM(J$51:N$51)) -> #REF! | P45: =P$51*(SUM(K45:O45)/SUM(K$51:O$51)) -> #REF! | Q45: =Q$51*(SUM(L45:P45)/SUM(L$51:P$51)) -> #REF! | R45: =R$51*(SUM(M45:Q45)/SUM(M$51:Q$51)) -> #REF! | S45: =S$51*(SUM(N45:R45)/SUM(N$51:R$51)) -> #REF! | ... U45: =U$51*(SUM(P45:T45)/SUM(P$51:T$51)) -> #REF!
A46: August | E46: =(monthly_data!#REF!)*42/1000 -> #REF! | F46: =(monthly_data!#REF!)*42/1000 -> #REF! | G46: =(monthly_data!#REF!)*42/1000 -> #REF! | H46: =(monthly_data!#REF!)*42/1000 -> #REF! | I46: =(monthly_data!#REF!)*42/1000 -> #REF! | J46: =(monthly_data!#REF!)*42/1000 -> #REF! | K46: =K$51*(SUM(F46:J46)/SUM(F$51:J$51))-3 -> #REF! | L46: =L$51*(SUM(G46:K46)/SUM(G$51:K$51)) -> #REF! | M46: =M$51*(SUM(H46:L46)/SUM(H$51:L$51)) -> #REF! | N46: =N$51*(SUM(I46:M46)/SUM(I$51:M$51)) -> #REF! | O46: =O$51*(SUM(J46:N46)/SUM(J$51:N$51)) -> #REF! | P46: =P$51*(SUM(K46:O46)/SUM(K$51:O$51)) -> #REF! | Q46: =Q$51*(SUM(L46:P46)/SUM(L$51:P$51)) -> #REF! | R46: =R$51*(SUM(M46:Q46)/SUM(M$51:Q$51)) -> #REF! | S46: =S$51*(SUM(N46:R46)/SUM(N$51:R$51)) -> #REF! | ... U46: =U$51*(SUM(P46:T46)/SUM(P$51:T$51)) -> #REF!
A47: September | E47: =(monthly_data!#REF!)*42/1000 -> #REF! | F47: =(monthly_data!#REF!)*42/1000 -> #REF! | G47: =(monthly_data!#REF!)*42/1000 -> #REF! | H47: =(monthly_data!#REF!)*42/1000 -> #REF! | I47: =(monthly_data!#REF!)*42/1000 -> #REF! | J47: =(monthly_data!#REF!)*42/1000 -> #REF! | K47: =K$51*(SUM(F47:J47)/SUM(F$51:J$51))+4 -> #REF! | L47: =L$51*(SUM(G47:K47)/SUM(G$51:K$51)) -> #REF! | M47: =M$51*(SUM(H47:L47)/SUM(H$51:L$51)) -> #REF! | N47: =N$51*(SUM(I47:M47)/SUM(I$51:M$51)) -> #REF! | O47: =O$51*(SUM(J47:N47)/SUM(J$51:N$51)) -> #REF! | P47: =P$51*(SUM(K47:O47)/SUM(K$51:O$51)) -> #REF! | Q47: =Q$51*(SUM(L47:P47)/SUM(L$51:P$51)) -> #REF! | R47: =R$51*(SUM(M47:Q47)/SUM(M$51:Q$51)) -> #REF! | S47: =S$51*(SUM(N47:R47)/SUM(N$51:R$51)) -> #REF! | ... U47: =U$51*(SUM(P47:T47)/SUM(P$51:T$51)) -> #REF!
A48: October | E48: =(monthly_data!#REF!)*42/1000 -> #REF! | F48: =(monthly_data!#REF!)*42/1000 -> #REF! | G48: =(monthly_data!#REF!)*42/1000 -> #REF! | H48: =(monthly_data!#REF!)*42/1000 -> #REF! | I48: =(monthly_data!#REF!)*42/1000 -> #REF! | J48: =(monthly_data!#REF!)*42/1000 -> #REF! | K48: =K$51*(SUM(F48:J48)/SUM(F$51:J$51))-4 -> #REF! | L48: =L$51*(SUM(G48:K48)/SUM(G$51:K$51)) -> #REF! | M48: =M$51*(SUM(H48:L48)/SUM(H$51:L$51)) -> #REF! | N48: =N$51*(SUM(I48:M48)/SUM(I$51:M$51)) -> #REF! | O48: =O$51*(SUM(J48:N48)/SUM(J$51:N$51)) -> #REF! | P48: =P$51*(SUM(K48:O48)/SUM(K$51:O$51)) -> #REF! | Q48: =Q$51*(SUM(L48:P48)/SUM(L$51:P$51)) -> #REF! | R48: =R$51*(SUM(M48:Q48)/SUM(M$51:Q$51)) -> #REF! | S48: =S$51*(SUM(N48:R48)/SUM(N$51:R$51)) -> #REF! | ... U48: =U$51*(SUM(P48:T48)/SUM(P$51:T$51)) -> #REF!
A49: November | E49: =(monthly_data!#REF!)*42/1000 -> #REF! | F49: =(monthly_data!#REF!)*42/1000 -> #REF! | G49: =(monthly_data!#REF!)*42/1000 -> #REF! | H49: =(monthly_data!#REF!)*42/1000 -> #REF! | I49: =(monthly_data!#REF!)*42/1000 -> #REF! | J49: =(monthly_data!#REF!)*42/1000 -> #REF! | K49: =K$51*(SUM(F49:J49)/SUM(F$51:J$51))-11 -> #REF! | L49: =L$51*(SUM(G49:K49)/SUM(G$51:K$51)) -> #REF! | M49: =M$51*(SUM(H49:L49)/SUM(H$51:L$51)) -> #REF! | N49: =N$51*(SUM(I49:M49)/SUM(I$51:M$51)) -> #REF! | O49: =O$51*(SUM(J49:N49)/SUM(J$51:N$51)) -> #REF! | P49: =P$51*(SUM(K49:O49)/SUM(K$51:O$51)) -> #REF! | Q49: =Q$51*(SUM(L49:P49)/SUM(L$51:P$51)) -> #REF! | R49: =R$51*(SUM(M49:Q49)/SUM(M$51:Q$51)) -> #REF! | S49: =S$51*(SUM(N49:R49)/SUM(N$51:R$51)) -> #REF! | ... U49: =U$51*(SUM(P49:T49)/SUM(P$51:T$51)) -> #REF!
A50: December | E50: =(monthly_data!#REF!)*42/1000 -> #REF! | F50: =(monthly_data!#REF!)*42/1000 -> #REF! | G50: =(monthly_data!#REF!)*42/1000 -> #REF! | H50: =(monthly_data!#REF!)*42/1000 -> #REF! | I50: =(monthly_data!#REF!)*42/1000 -> #REF! | J50: =(monthly_data!#REF!)*42/1000 -> #REF! | K50: =K51-SUM(K39:K49) -> #REF! | L50: =L51-SUM(L39:L49) -> #REF! | M50: =M51-SUM(M39:M49) -> #REF! | N50: =N51-SUM(N39:N49) -> #REF! | O50: =O51-SUM(O39:O49) -> #REF! | P50: =P51-SUM(P39:P49) -> #REF! | Q50: =Q51-SUM(Q39:Q49) -> #REF! | R50: =R51-SUM(R39:R49) -> #REF! | ... U50: =U51-SUM(U39:U49) -> #REF!
A51: Total | E51: =SUM(E39:E50) -> #REF! | F51: =SUM(F39:F50) -> #REF! | G51: =SUM(G39:G50) -> #REF! | H51: =SUM(H39:H50) -> #REF! | I51: =SUM(I39:I50) -> #REF! | J51: =SUM(J39:J50) -> #REF! | K51: =K5 -> 349.56268 | L51: =L5 -> 421.15944 | M51: =M5 -> 398.8043 | N51: =N5 -> 416.04805 | O51: =O5 -> 405.49224 | P51: =P5 -> 401.10003 | Q51: =Q5 -> 391.43647 | R51: =R5 -> 373.25037 | ... U51: =U5 -> 331.17472
A53: RENEWABLE DIESEL CONSUMPTION
A54: thousand tonnes | B54: =B2 -> 2015 | C54: =C2 -> 2016 | D54: =D2 -> 2017 | E54: =E2 -> 2018 | F54: =F2 -> 2019 | G54: =G2 -> 2020 | H54: =H2 -> 2021 | I54: =I2 -> 2022 | ... U54: =U2 -> 2034
A55: January | E55: =E3+E23+E39-E72 -> #REF! | F55: =F3+F23+F39-F72 -> #REF! | G55: =G3+G23+G39-G72 -> #REF! | H55: =H3+H23+H39-H72 -> #REF! | I55: =I3+I23+I39-I72 -> #REF! | J55: =J3+J23+J39-J72 -> #REF! | K55: =K3+K23+K39-K72 -> #REF! | L55: =L$67*((SUM(G55:K55)/SUM(G$67:K$67))) -> #REF! | M55: =M$67*((SUM(H55:L55)/SUM(H$67:L$67))) -> #REF! | N55: =N$67*((SUM(I55:M55)/SUM(I$67:M$67))) -> #REF! | O55: =O$67*((SUM(J55:N55)/SUM(J$67:N$67))) -> #REF! | P55: =P$67*((SUM(K55:O55)/SUM(K$67:O$67))) -> #REF! | Q55: =Q$67*((SUM(L55:P55)/SUM(L$67:P$67))) -> #REF! | R55: =R$67*((SUM(M55:Q55)/SUM(M$67:Q$67))) -> #REF! | S55: =S$67*((SUM(N55:R55)/SUM(N$67:R$67))) -> #REF! | ... U55: =U$67*((SUM(P55:T55)/SUM(P$67:T$67))) -> #REF!
A56: February | E56: =E72+E24+E40-E73 -> #REF! | F56: =F72+F24+F40-F73 -> #REF! | G56: =G72+G24+G40-G73 -> #REF! | H56: =H72+H24+H40-H73 -> #REF! | I56: =I72+I24+I40-I73 -> #REF! | J56: =J72+J24+J40-J73 -> #REF! | K56: =K72+K24+K40-K73 -> #REF! | L56: =L$67*((SUM(G56:K56)/SUM(G$67:K$67))) -> #REF! | M56: =M$67*((SUM(H56:L56)/SUM(H$67:L$67))) -> #REF! | N56: =N$67*((SUM(I56:M56)/SUM(I$67:M$67))) -> #REF! | O56: =O$67*((SUM(J56:N56)/SUM(J$67:N$67))) -> #REF! | P56: =P$67*((SUM(K56:O56)/SUM(K$67:O$67))) -> #REF! | Q56: =Q$67*((SUM(L56:P56)/SUM(L$67:P$67))) -> #REF! | R56: =R$67*((SUM(M56:Q56)/SUM(M$67:Q$67))) -> #REF! | S56: =S$67*((SUM(N56:R56)/SUM(N$67:R$67))) -> #REF! | ... U56: =U$67*((SUM(P56:T56)/SUM(P$67:T$67))) -> #REF!
A57: March | E57: =E73+E25+E41-E74 -> #REF! | F57: =F73+F25+F41-F74 -> #REF! | G57: =G73+G25+G41-G74 -> #REF! | H57: =H73+H25+H41-H74 -> #REF! | I57: =I73+I25+I41-I74 -> #REF! | J57: =J73+J25+J41-J74 -> #REF! | K57: =K73+K25+K41-K74 -> #REF! | L57: =L$67*((SUM(G57:K57)/SUM(G$67:K$67))) -> #REF! | M57: =M$67*((SUM(H57:L57)/SUM(H$67:L$67))) -> #REF! | N57: =N$67*((SUM(I57:M57)/SUM(I$67:M$67))) -> #REF! | O57: =O$67*((SUM(J57:N57)/SUM(J$67:N$67))) -> #REF! | P57: =P$67*((SUM(K57:O57)/SUM(K$67:O$67))) -> #REF! | Q57: =Q$67*((SUM(L57:P57)/SUM(L$67:P$67))) -> #REF! | R57: =R$67*((SUM(M57:Q57)/SUM(M$67:Q$67))) -> #REF! | S57: =S$67*((SUM(N57:R57)/SUM(N$67:R$67))) -> #REF! | ... U57: =U$67*((SUM(P57:T57)/SUM(P$67:T$67))) -> #REF!
A58: April | E58: =E74+E26+E42-E75 -> #REF! | F58: =F74+F26+F42-F75 -> #REF! | G58: =G74+G26+G42-G75 -> #REF! | H58: =H74+H26+H42-H75 -> #REF! | I58: =I74+I26+I42-I75 -> #REF! | J58: =J74+J26+J42-J75 -> #REF! | K58: =K74+K26+K42-K75 -> #REF! | L58: =L$67*((SUM(G58:K58)/SUM(G$67:K$67))) -> #REF! | M58: =M$67*((SUM(H58:L58)/SUM(H$67:L$67))) -> #REF! | N58: =N$67*((SUM(I58:M58)/SUM(I$67:M$67))) -> #REF! | O58: =O$67*((SUM(J58:N58)/SUM(J$67:N$67))) -> #REF! | P58: =P$67*((SUM(K58:O58)/SUM(K$67:O$67))) -> #REF! | Q58: =Q$67*((SUM(L58:P58)/SUM(L$67:P$67))) -> #REF! | R58: =R$67*((SUM(M58:Q58)/SUM(M$67:Q$67))) -> #REF! | S58: =S$67*((SUM(N58:R58)/SUM(N$67:R$67))) -> #REF! | ... U58: =U$67*((SUM(P58:T58)/SUM(P$67:T$67))) -> #REF!
A59: May | E59: =E75+E27+E43-E76 -> #REF! | F59: =F75+F27+F43-F76 -> #REF! | G59: =G75+G27+G43-G76 -> #REF! | H59: =H75+H27+H43-H76 -> #REF! | I59: =I75+I27+I43-I76 -> #REF! | J59: =J75+J27+J43-J76 -> #REF! | K59: =K$67*((SUM(F59:J59)/SUM(F$67:J$67))) -> #REF! | L59: =L$67*((SUM(G59:K59)/SUM(G$67:K$67))) -> #REF! | M59: =M$67*((SUM(H59:L59)/SUM(H$67:L$67))) -> #REF! | N59: =N$67*((SUM(I59:M59)/SUM(I$67:M$67))) -> #REF! | O59: =O$67*((SUM(J59:N59)/SUM(J$67:N$67))) -> #REF! | P59: =P$67*((SUM(K59:O59)/SUM(K$67:O$67))) -> #REF! | Q59: =Q$67*((SUM(L59:P59)/SUM(L$67:P$67))) -> #REF! | R59: =R$67*((SUM(M59:Q59)/SUM(M$67:Q$67))) -> #REF! | ... U59: =U$67*((SUM(P59:T59)/SUM(P$67:T$67))) -> #REF!
A60: June | E60: =E76+E28+E44-E77 -> #REF! | F60: =F76+F28+F44-F77 -> #REF! | G60: =G76+G28+G44-G77 -> #REF! | H60: =H76+H28+H44-H77 -> #REF! | I60: =I76+I28+I44-I77 -> #REF! | J60: =J76+J28+J44-J77 -> #REF! | K60: =K$67*((SUM(F60:J60)/SUM(F$67:J$67))) -> #REF! | L60: =L$67*((SUM(G60:K60)/SUM(G$67:K$67))) -> #REF! | M60: =M$67*((SUM(H60:L60)/SUM(H$67:L$67))) -> #REF! | N60: =N$67*((SUM(I60:M60)/SUM(I$67:M$67))) -> #REF! | O60: =O$67*((SUM(J60:N60)/SUM(J$67:N$67))) -> #REF! | P60: =P$67*((SUM(K60:O60)/SUM(K$67:O$67))) -> #REF! | Q60: =Q$67*((SUM(L60:P60)/SUM(L$67:P$67))) -> #REF! | R60: =R$67*((SUM(M60:Q60)/SUM(M$67:Q$67))) -> #REF! | ... U60: =U$67*((SUM(P60:T60)/SUM(P$67:T$67))) -> #REF!
A61: July | E61: =E77+E29+E45-E78 -> #REF! | F61: =F77+F29+F45-F78 -> #REF! | G61: =G77+G29+G45-G78 -> #REF! | H61: =H77+H29+H45-H78 -> #REF! | I61: =I77+I29+I45-I78 -> #REF! | J61: =J77+J29+J45-J78 -> #REF! | K61: =K$67*((SUM(F61:J61)/SUM(F$67:J$67))) -> #REF! | L61: =L$67*((SUM(G61:K61)/SUM(G$67:K$67))) -> #REF! | M61: =M$67*((SUM(H61:L61)/SUM(H$67:L$67))) -> #REF! | N61: =N$67*((SUM(I61:M61)/SUM(I$67:M$67))) -> #REF! | O61: =O$67*((SUM(J61:N61)/SUM(J$67:N$67))) -> #REF! | P61: =P$67*((SUM(K61:O61)/SUM(K$67:O$67))) -> #REF! | Q61: =Q$67*((SUM(L61:P61)/SUM(L$67:P$67))) -> #REF! | R61: =R$67*((SUM(M61:Q61)/SUM(M$67:Q$67))) -> #REF! | ... U61: =U$67*((SUM(P61:T61)/SUM(P$67:T$67))) -> #REF!
A62: August | E62: =E78+E30+E46-E79 -> #REF! | F62: =F78+F30+F46-F79 -> #REF! | G62: =G78+G30+G46-G79 -> #REF! | H62: =H78+H30+H46-H79 -> #REF! | I62: =I78+I30+I46-I79 -> #REF! | J62: =J78+J30+J46-J79 -> #REF! | K62: =K$67*((SUM(F62:J62)/SUM(F$67:J$67))) -> #REF! | L62: =L$67*((SUM(G62:K62)/SUM(G$67:K$67))) -> #REF! | M62: =M$67*((SUM(H62:L62)/SUM(H$67:L$67))) -> #REF! | N62: =N$67*((SUM(I62:M62)/SUM(I$67:M$67))) -> #REF! | O62: =O$67*((SUM(J62:N62)/SUM(J$67:N$67))) -> #REF! | P62: =P$67*((SUM(K62:O62)/SUM(K$67:O$67))) -> #REF! | Q62: =Q$67*((SUM(L62:P62)/SUM(L$67:P$67))) -> #REF! | R62: =R$67*((SUM(M62:Q62)/SUM(M$67:Q$67))) -> #REF! | ... U62: =U$67*((SUM(P62:T62)/SUM(P$67:T$67))) -> #REF!
A63: September | E63: =E79+E31+E47-E80 -> #REF! | F63: =F79+F31+F47-F80 -> #REF! | G63: =G79+G31+G47-G80 -> #REF! | H63: =H79+H31+H47-H80 -> #REF! | I63: =I79+I31+I47-I80 -> #REF! | J63: =J79+J31+J47-J80 -> #REF! | K63: =K$67*((SUM(F63:J63)/SUM(F$67:J$67))) -> #REF! | L63: =L$67*((SUM(G63:K63)/SUM(G$67:K$67))) -> #REF! | M63: =M$67*((SUM(H63:L63)/SUM(H$67:L$67))) -> #REF! | N63: =N$67*((SUM(I63:M63)/SUM(I$67:M$67))) -> #REF! | O63: =O$67*((SUM(J63:N63)/SUM(J$67:N$67))) -> #REF! | P63: =P$67*((SUM(K63:O63)/SUM(K$67:O$67))) -> #REF! | Q63: =Q$67*((SUM(L63:P63)/SUM(L$67:P$67))) -> #REF! | R63: =R$67*((SUM(M63:Q63)/SUM(M$67:Q$67))) -> #REF! | ... U63: =U$67*((SUM(P63:T63)/SUM(P$67:T$67))) -> #REF!
A64: October | E64: =E80+E32+E48-E81 -> #REF! | F64: =F80+F32+F48-F81 -> #REF! | G64: =G80+G32+G48-G81 -> #REF! | H64: =H80+H32+H48-H81 -> #REF! | I64: =I80+I32+I48-I81 -> #REF! | J64: =J80+J32+J48-J81 -> #REF! | K64: =K$67*((SUM(F64:J64)/SUM(F$67:J$67))) -> #REF! | L64: =L$67*((SUM(G64:K64)/SUM(G$67:K$67))) -> #REF! | M64: =M$67*((SUM(H64:L64)/SUM(H$67:L$67))) -> #REF! | N64: =N$67*((SUM(I64:M64)/SUM(I$67:M$67))) -> #REF! | O64: =O$67*((SUM(J64:N64)/SUM(J$67:N$67))) -> #REF! | P64: =P$67*((SUM(K64:O64)/SUM(K$67:O$67))) -> #REF! | Q64: =Q$67*((SUM(L64:P64)/SUM(L$67:P$67))) -> #REF! | R64: =R$67*((SUM(M64:Q64)/SUM(M$67:Q$67))) -> #REF! | ... U64: =U$67*((SUM(P64:T64)/SUM(P$67:T$67))) -> #REF!
A65: November | E65: =E81+E33+E49-E82 -> #REF! | F65: =F81+F33+F49-F82 -> #REF! | G65: =G81+G33+G49-G82 -> #REF! | H65: =H81+H33+H49-H82 -> #REF! | I65: =I81+I33+I49-I82 -> #REF! | J65: =J81+J33+J49-J82 -> #REF! | K65: =K$67*((SUM(F65:J65)/SUM(F$67:J$67))) -> #REF! | L65: =L$67*((SUM(G65:K65)/SUM(G$67:K$67))) -> #REF! | M65: =M$67*((SUM(H65:L65)/SUM(H$67:L$67))) -> #REF! | N65: =N$67*((SUM(I65:M65)/SUM(I$67:M$67))) -> #REF! | O65: =O$67*((SUM(J65:N65)/SUM(J$67:N$67))) -> #REF! | P65: =P$67*((SUM(K65:O65)/SUM(K$67:O$67))) -> #REF! | Q65: =Q$67*((SUM(L65:P65)/SUM(L$67:P$67))) -> #REF! | R65: =R$67*((SUM(M65:Q65)/SUM(M$67:Q$67))) -> #REF! | ... U65: =U$67*((SUM(P65:T65)/SUM(P$67:T$67))) -> #REF!
A66: December | E66: =E82+E34+E50-E83 -> #REF! | F66: =F82+F34+F50-F83 -> #REF! | G66: =G82+G34+G50-G83 -> #REF! | H66: =H82+H34+H50-H83 -> #REF! | I66: =I82+I34+I50-I83 -> #REF! | J66: =J82+J34+J50-J83 -> #REF! | K66: =K67-SUM(K55:K65) -> #REF! | L66: =L67-SUM(L55:L65) -> #REF! | M66: =M67-SUM(M55:M65) -> #REF! | N66: =N67-SUM(N55:N65) -> #REF! | O66: =O67-SUM(O55:O65) -> #REF! | P66: =P67-SUM(P55:P65) -> #REF! | Q66: =Q67-SUM(Q55:Q65) -> #REF! | R66: =R67-SUM(R55:R65) -> #REF! | ... U66: =U67-SUM(U55:U65) -> #REF!
A67: Total | E67: =SUM(E55:E66) -> #REF! | F67: =SUM(F55:F66) -> #REF! | G67: =SUM(G55:G66) -> #REF! | H67: =SUM(H55:H66) -> #REF! | I67: =SUM(I55:I66) -> #REF! | J67: =SUM(J55:J66) -> #REF! | K67: =K7 -> #REF! | L67: =L7 -> #REF! | M67: =M7 -> #REF! | N67: =N7 -> #REF! | O67: =O7 -> #REF! | P67: =P7 -> #REF! | Q67: =Q7 -> #REF! | R67: =R7 -> #REF! | ... U67: =U7 -> #REF!
A70: RENEWABLE DIESEL STOCKS
A71: thousand tonnes | E71: =E2 -> 2018 | F71: =F2 -> 2019 | G71: =G2 -> 2020 | H71: =H2 -> 2021 | I71: =I2 -> 2022 | J71: =J2 -> 2023 | K71: =K2 -> 2024 | L71: =L2 -> 2025 | ... U71: =U2 -> 2034
A72: January | E72: =(monthly_data!#REF!)*42/1000 -> #REF! | F72: =(monthly_data!#REF!)*42/1000 -> #REF! | G72: =(monthly_data!#REF!)*42/1000 -> #REF! | H72: =(monthly_data!#REF!)*42/1000 -> #REF! | I72: =(monthly_data!#REF!)*42/1000 -> #REF! | J72: =(monthly_data!#REF!)*42/1000 -> #REF! | K72: =(monthly_data!#REF!)*42/1000 -> #REF! | L72: =K83+L39+L23-L55 -> #REF! | M72: =L83+M39+M23-M55 -> #REF! | N72: =M83+N39+N23-N55 -> #REF! | O72: =N83+O39+O23-O55 -> #REF! | P72: =O83+P39+P23-P55 -> #REF! | Q72: =P83+Q39+Q23-Q55 -> #REF! | R72: =Q83+R39+R23-R55 -> #REF! | S72: =R83+S39+S23-S55 -> #REF! | ... U72: =T83+U39+U23-U55 -> #REF!
A73: February | E73: =(monthly_data!#REF!)*42/1000 -> #REF! | F73: =(monthly_data!#REF!)*42/1000 -> #REF! | G73: =(monthly_data!#REF!)*42/1000 -> #REF! | H73: =(monthly_data!#REF!)*42/1000 -> #REF! | I73: =(monthly_data!#REF!)*42/1000 -> #REF! | J73: =(monthly_data!#REF!)*42/1000 -> #REF! | K73: =(monthly_data!#REF!)*42/1000 -> #REF! | L73: =L72+L40+L24-L56 -> #REF! | M73: =M72+M40+M24-M56 -> #REF! | N73: =N72+N40+N24-N56 -> #REF! | O73: =O72+O40+O24-O56 -> #REF! | P73: =P72+P40+P24-P56 -> #REF! | Q73: =Q72+Q40+Q24-Q56 -> #REF! | R73: =R72+R40+R24-R56 -> #REF! | S73: =S72+S40+S24-S56 -> #REF! | ... U73: =U72+U40+U24-U56 -> #REF!
A74: March | E74: =(monthly_data!#REF!)*42/1000 -> #REF! | F74: =(monthly_data!#REF!)*42/1000 -> #REF! | G74: =(monthly_data!#REF!)*42/1000 -> #REF! | H74: =(monthly_data!#REF!)*42/1000 -> #REF! | I74: =(monthly_data!#REF!)*42/1000 -> #REF! | J74: =(monthly_data!#REF!)*42/1000 -> #REF! | K74: =(monthly_data!#REF!)*42/1000 -> #REF! | L74: =L73+L41+L25-L57 -> #REF! | M74: =M73+M41+M25-M57 -> #REF! | N74: =N73+N41+N25-N57 -> #REF! | O74: =O73+O41+O25-O57 -> #REF! | P74: =P73+P41+P25-P57 -> #REF! | Q74: =Q73+Q41+Q25-Q57 -> #REF! | R74: =R73+R41+R25-R57 -> #REF! | S74: =S73+S41+S25-S57 -> #REF! | ... U74: =U73+U41+U25-U57 -> #REF!
A75: April | E75: =(monthly_data!#REF!)*42/1000 -> #REF! | F75: =(monthly_data!#REF!)*42/1000 -> #REF! | G75: =(monthly_data!#REF!)*42/1000 -> #REF! | H75: =(monthly_data!#REF!)*42/1000 -> #REF! | I75: =(monthly_data!#REF!)*42/1000 -> #REF! | J75: =(monthly_data!#REF!)*42/1000 -> #REF! | K75: =(monthly_data!#REF!)*42/1000 -> #REF! | L75: =L74+L42+L26-L58 -> #REF! | M75: =M74+M42+M26-M58 -> #REF! | N75: =N74+N42+N26-N58 -> #REF! | O75: =O74+O42+O26-O58 -> #REF! | P75: =P74+P42+P26-P58 -> #REF! | Q75: =Q74+Q42+Q26-Q58 -> #REF! | R75: =R74+R42+R26-R58 -> #REF! | S75: =S74+S42+S26-S58 -> #REF! | ... U75: =U74+U42+U26-U58 -> #REF!
A76: May | E76: =(monthly_data!#REF!)*42/1000 -> #REF! | F76: =(monthly_data!#REF!)*42/1000 -> #REF! | G76: =(monthly_data!#REF!)*42/1000 -> #REF! | H76: =(monthly_data!#REF!)*42/1000 -> #REF! | I76: =(monthly_data!#REF!)*42/1000 -> #REF! | J76: =(monthly_data!#REF!)*42/1000 -> #REF! | K76: =K75+K43+K27-K59 -> #REF! | L76: =L75+L43+L27-L59 -> #REF! | M76: =M75+M43+M27-M59 -> #REF! | N76: =N75+N43+N27-N59 -> #REF! | O76: =O75+O43+O27-O59 -> #REF! | P76: =P75+P43+P27-P59 -> #REF! | Q76: =Q75+Q43+Q27-Q59 -> #REF! | R76: =R75+R43+R27-R59 -> #REF! | ... U76: =U75+U43+U27-U59 -> #REF!
A77: June | E77: =(monthly_data!#REF!)*42/1000 -> #REF! | F77: =(monthly_data!#REF!)*42/1000 -> #REF! | G77: =(monthly_data!#REF!)*42/1000 -> #REF! | H77: =(monthly_data!#REF!)*42/1000 -> #REF! | I77: =(monthly_data!#REF!)*42/1000 -> #REF! | J77: =(monthly_data!#REF!)*42/1000 -> #REF! | K77: =K76+K44+K28-K60 -> #REF! | L77: =L76+L44+L28-L60 -> #REF! | M77: =M76+M44+M28-M60 -> #REF! | N77: =N76+N44+N28-N60 -> #REF! | O77: =O76+O44+O28-O60 -> #REF! | P77: =P76+P44+P28-P60 -> #REF! | Q77: =Q76+Q44+Q28-Q60 -> #REF! | R77: =R76+R44+R28-R60 -> #REF! | ... U77: =U76+U44+U28-U60 -> #REF!
A78: July | E78: =(monthly_data!#REF!)*42/1000 -> #REF! | F78: =(monthly_data!#REF!)*42/1000 -> #REF! | G78: =(monthly_data!#REF!)*42/1000 -> #REF! | H78: =(monthly_data!#REF!)*42/1000 -> #REF! | I78: =(monthly_data!#REF!)*42/1000 -> #REF! | J78: =(monthly_data!#REF!)*42/1000 -> #REF! | K78: =K77+K45+K29-K61 -> #REF! | L78: =L77+L45+L29-L61 -> #REF! | M78: =M77+M45+M29-M61 -> #REF! | N78: =N77+N45+N29-N61 -> #REF! | O78: =O77+O45+O29-O61 -> #REF! | P78: =P77+P45+P29-P61 -> #REF! | Q78: =Q77+Q45+Q29-Q61 -> #REF! | R78: =R77+R45+R29-R61 -> #REF! | ... U78: =U77+U45+U29-U61 -> #REF!
A79: August | E79: =(monthly_data!#REF!)*42/1000 -> #REF! | F79: =(monthly_data!#REF!)*42/1000 -> #REF! | G79: =(monthly_data!#REF!)*42/1000 -> #REF! | H79: =(monthly_data!#REF!)*42/1000 -> #REF! | I79: =(monthly_data!#REF!)*42/1000 -> #REF! | J79: =(monthly_data!#REF!)*42/1000 -> #REF! | K79: =K78+K46+K30-K62 -> #REF! | L79: =L78+L46+L30-L62 -> #REF! | M79: =M78+M46+M30-M62 -> #REF! | N79: =N78+N46+N30-N62 -> #REF! | O79: =O78+O46+O30-O62 -> #REF! | P79: =P78+P46+P30-P62 -> #REF! | Q79: =Q78+Q46+Q30-Q62 -> #REF! | R79: =R78+R46+R30-R62 -> #REF! | ... U79: =U78+U46+U30-U62 -> #REF!
A80: September | E80: =(monthly_data!#REF!)*42/1000 -> #REF! | F80: =(monthly_data!#REF!)*42/1000 -> #REF! | G80: =(monthly_data!#REF!)*42/1000 -> #REF! | H80: =(monthly_data!#REF!)*42/1000 -> #REF! | I80: =(monthly_data!#REF!)*42/1000 -> #REF! | J80: =(monthly_data!#REF!)*42/1000 -> #REF! | K80: =K79+K47+K31-K63 -> #REF! | L80: =L79+L47+L31-L63 -> #REF! | M80: =M79+M47+M31-M63 -> #REF! | N80: =N79+N47+N31-N63 -> #REF! | O80: =O79+O47+O31-O63 -> #REF! | P80: =P79+P47+P31-P63 -> #REF! | Q80: =Q79+Q47+Q31-Q63 -> #REF! | R80: =R79+R47+R31-R63 -> #REF! | ... U80: =U79+U47+U31-U63 -> #REF!
A81: October | E81: =(monthly_data!#REF!)*42/1000 -> #REF! | F81: =(monthly_data!#REF!)*42/1000 -> #REF! | G81: =(monthly_data!#REF!)*42/1000 -> #REF! | H81: =(monthly_data!#REF!)*42/1000 -> #REF! | I81: =(monthly_data!#REF!)*42/1000 -> #REF! | J81: =(monthly_data!#REF!)*42/1000 -> #REF! | K81: =K80+K48+K32-K64 -> #REF! | L81: =L80+L48+L32-L64 -> #REF! | M81: =M80+M48+M32-M64 -> #REF! | N81: =N80+N48+N32-N64 -> #REF! | O81: =O80+O48+O32-O64 -> #REF! | P81: =P80+P48+P32-P64 -> #REF! | Q81: =Q80+Q48+Q32-Q64 -> #REF! | R81: =R80+R48+R32-R64 -> #REF! | ... U81: =U80+U48+U32-U64 -> #REF!
A82: November | E82: =(monthly_data!#REF!)*42/1000 -> #REF! | F82: =(monthly_data!#REF!)*42/1000 -> #REF! | G82: =(monthly_data!#REF!)*42/1000 -> #REF! | H82: =(monthly_data!#REF!)*42/1000 -> #REF! | I82: =(monthly_data!#REF!)*42/1000 -> #REF! | J82: =(monthly_data!#REF!)*42/1000 -> #REF! | K82: =K81+K49+K33-K65 -> #REF! | L82: =L81+L49+L33-L65 -> #REF! | M82: =M81+M49+M33-M65 -> #REF! | N82: =N81+N49+N33-N65 -> #REF! | O82: =O81+O49+O33-O65 -> #REF! | P82: =P81+P49+P33-P65 -> #REF! | Q82: =Q81+Q49+Q33-Q65 -> #REF! | R82: =R81+R49+R33-R65 -> #REF! | ... U82: =U81+U49+U33-U65 -> #REF!
A83: December | E83: =(monthly_data!#REF!)*42/1000 -> #REF! | F83: =(monthly_data!#REF!)*42/1000 -> #REF! | G83: =(monthly_data!#REF!)*42/1000 -> #REF! | H83: =(monthly_data!#REF!)*42/1000 -> #REF! | I83: =(monthly_data!#REF!)*42/1000 -> #REF! | J83: =(monthly_data!#REF!)*42/1000 -> #REF! | K83: =K82+K50+K34-K66 -> #REF! | L83: =L82+L50+L34-L66 -> #REF! | M83: =M82+M50+M34-M66 -> #REF! | N83: =N82+N50+N34-N66 -> #REF! | O83: =O82+O50+O34-O66 -> #REF! | P83: =P82+P50+P34-P66 -> #REF! | Q83: =Q82+Q50+Q34-Q66 -> #REF! | R83: =R82+R50+R34-R66 -> #REF! | ... U83: =U82+U50+U34-U66 -> #REF!
A85: RENEWABLE DIESEL CONSUMPTION
A86: thousand tonnes | E86: =E2 -> 2018 | F86: =F2 -> 2019 | G86: =G2 -> 2020 | H86: =H2 -> 2021 | I86: =I2 -> 2022 | J86: =J2 -> 2023 | K86: =K2 -> 2024 | L86: =L2 -> 2025 | ... U86: =U2 -> 2034
A87: January | E87: =monthly_data!#REF! -> #REF! | F87: =monthly_data!#REF! -> #REF! | G87: =monthly_data!#REF! -> #REF! | H87: =monthly_data!#REF! -> #REF! | I87: =monthly_data!#REF! -> #REF! | J87: =monthly_data!#REF! -> #REF! | K87: =monthly_data!#REF! -> #REF! | L87: =L$99*(SUM(G87:K87)/SUM(G$99:K$99)) -> #REF! | M87: =M$99*(SUM(H87:L87)/SUM(H$99:L$99)) -> #REF! | N87: =N$99*(SUM(I87:M87)/SUM(I$99:M$99)) -> #REF! | O87: =O$99*(SUM(J87:N87)/SUM(J$99:N$99)) -> #REF! | P87: =P$99*(SUM(K87:O87)/SUM(K$99:O$99)) -> #REF! | Q87: =Q$99*(SUM(L87:P87)/SUM(L$99:P$99)) -> #REF! | R87: =R$99*(SUM(M87:Q87)/SUM(M$99:Q$99)) -> #REF! | S87: =S$99*(SUM(N87:R87)/SUM(N$99:R$99)) -> #REF! | ... U87: =U$99*(SUM(P87:T87)/SUM(P$99:T$99)) -> #REF!
A88: February | E88: =monthly_data!#REF! -> #REF! | F88: =monthly_data!#REF! -> #REF! | G88: =monthly_data!#REF! -> #REF! | H88: =monthly_data!#REF! -> #REF! | I88: =monthly_data!#REF! -> #REF! | J88: =monthly_data!#REF! -> #REF! | K88: =monthly_data!#REF! -> #REF! | L88: =L$99*(SUM(G88:K88)/SUM(G$99:K$99)) -> #REF! | M88: =M$99*(SUM(H88:L88)/SUM(H$99:L$99)) -> #REF! | N88: =N$99*(SUM(I88:M88)/SUM(I$99:M$99)) -> #REF! | O88: =O$99*(SUM(J88:N88)/SUM(J$99:N$99)) -> #REF! | P88: =P$99*(SUM(K88:O88)/SUM(K$99:O$99)) -> #REF! | Q88: =Q$99*(SUM(L88:P88)/SUM(L$99:P$99)) -> #REF! | R88: =R$99*(SUM(M88:Q88)/SUM(M$99:Q$99)) -> #REF! | S88: =S$99*(SUM(N88:R88)/SUM(N$99:R$99)) -> #REF! | ... U88: =U$99*(SUM(P88:T88)/SUM(P$99:T$99)) -> #REF!
A89: March | E89: =monthly_data!#REF! -> #REF! | F89: =monthly_data!#REF! -> #REF! | G89: =monthly_data!#REF! -> #REF! | H89: =monthly_data!#REF! -> #REF! | I89: =monthly_data!#REF! -> #REF! | J89: =monthly_data!#REF! -> #REF! | K89: =monthly_data!#REF! -> #REF! | L89: =L$99*(SUM(G89:K89)/SUM(G$99:K$99)) -> #REF! | M89: =M$99*(SUM(H89:L89)/SUM(H$99:L$99)) -> #REF! | N89: =N$99*(SUM(I89:M89)/SUM(I$99:M$99)) -> #REF! | O89: =O$99*(SUM(J89:N89)/SUM(J$99:N$99)) -> #REF! | P89: =P$99*(SUM(K89:O89)/SUM(K$99:O$99)) -> #REF! | Q89: =Q$99*(SUM(L89:P89)/SUM(L$99:P$99)) -> #REF! | R89: =R$99*(SUM(M89:Q89)/SUM(M$99:Q$99)) -> #REF! | S89: =S$99*(SUM(N89:R89)/SUM(N$99:R$99)) -> #REF! | ... U89: =U$99*(SUM(P89:T89)/SUM(P$99:T$99)) -> #REF!
A90: April | E90: =monthly_data!#REF! -> #REF! | F90: =monthly_data!#REF! -> #REF! | G90: =monthly_data!#REF! -> #REF! | H90: =monthly_data!#REF! -> #REF! | I90: =monthly_data!#REF! -> #REF! | J90: =monthly_data!#REF! -> #REF! | K90: =monthly_data!#REF! -> #REF! | L90: =L$99*(SUM(G90:K90)/SUM(G$99:K$99)) -> #REF! | M90: =M$99*(SUM(H90:L90)/SUM(H$99:L$99)) -> #REF! | N90: =N$99*(SUM(I90:M90)/SUM(I$99:M$99)) -> #REF! | O90: =O$99*(SUM(J90:N90)/SUM(J$99:N$99)) -> #REF! | P90: =P$99*(SUM(K90:O90)/SUM(K$99:O$99)) -> #REF! | Q90: =Q$99*(SUM(L90:P90)/SUM(L$99:P$99)) -> #REF! | R90: =R$99*(SUM(M90:Q90)/SUM(M$99:Q$99)) -> #REF! | S90: =S$99*(SUM(N90:R90)/SUM(N$99:R$99)) -> #REF! | ... U90: =U$99*(SUM(P90:T90)/SUM(P$99:T$99)) -> #REF!
A91: May | E91: =monthly_data!#REF! -> #REF! | F91: =monthly_data!#REF! -> #REF! | G91: =monthly_data!#REF! -> #REF! | H91: =monthly_data!#REF! -> #REF! | I91: =monthly_data!#REF! -> #REF! | J91: =monthly_data!#REF! -> #REF! | K91: =K$99*(SUM(F91:J91)/SUM(F$99:J$99)) -> #REF! | L91: =L$99*(SUM(G91:K91)/SUM(G$99:K$99)) -> #REF! | M91: =M$99*(SUM(H91:L91)/SUM(H$99:L$99)) -> #REF! | N91: =N$99*(SUM(I91:M91)/SUM(I$99:M$99)) -> #REF! | O91: =O$99*(SUM(J91:N91)/SUM(J$99:N$99)) -> #REF! | P91: =P$99*(SUM(K91:O91)/SUM(K$99:O$99)) -> #REF! | Q91: =Q$99*(SUM(L91:P91)/SUM(L$99:P$99)) -> #REF! | R91: =R$99*(SUM(M91:Q91)/SUM(M$99:Q$99)) -> #REF! | ... U91: =U$99*(SUM(P91:T91)/SUM(P$99:T$99)) -> #REF!
A92: June | E92: =monthly_data!#REF! -> #REF! | F92: =monthly_data!#REF! -> #REF! | G92: =monthly_data!#REF! -> #REF! | H92: =monthly_data!#REF! -> #REF! | I92: =monthly_data!#REF! -> #REF! | J92: =monthly_data!#REF! -> #REF! | K92: =K$99*(SUM(F92:J92)/SUM(F$99:J$99)) -> #REF! | L92: =L$99*(SUM(G92:K92)/SUM(G$99:K$99)) -> #REF! | M92: =M$99*(SUM(H92:L92)/SUM(H$99:L$99)) -> #REF! | N92: =N$99*(SUM(I92:M92)/SUM(I$99:M$99)) -> #REF! | O92: =O$99*(SUM(J92:N92)/SUM(J$99:N$99)) -> #REF! | P92: =P$99*(SUM(K92:O92)/SUM(K$99:O$99)) -> #REF! | Q92: =Q$99*(SUM(L92:P92)/SUM(L$99:P$99)) -> #REF! | R92: =R$99*(SUM(M92:Q92)/SUM(M$99:Q$99)) -> #REF! | ... U92: =U$99*(SUM(P92:T92)/SUM(P$99:T$99)) -> #REF!
A93: July | E93: =monthly_data!#REF! -> #REF! | F93: =monthly_data!#REF! -> #REF! | G93: =monthly_data!#REF! -> #REF! | H93: =monthly_data!#REF! -> #REF! | I93: =monthly_data!#REF! -> #REF! | J93: =monthly_data!#REF! -> #REF! | K93: =K$99*(SUM(F93:J93)/SUM(F$99:J$99)) -> #REF! | L93: =L$99*(SUM(G93:K93)/SUM(G$99:K$99)) -> #REF! | M93: =M$99*(SUM(H93:L93)/SUM(H$99:L$99)) -> #REF! | N93: =N$99*(SUM(I93:M93)/SUM(I$99:M$99)) -> #REF! | O93: =O$99*(SUM(J93:N93)/SUM(J$99:N$99)) -> #REF! | P93: =P$99*(SUM(K93:O93)/SUM(K$99:O$99)) -> #REF! | Q93: =Q$99*(SUM(L93:P93)/SUM(L$99:P$99)) -> #REF! | R93: =R$99*(SUM(M93:Q93)/SUM(M$99:Q$99)) -> #REF! | ... U93: =U$99*(SUM(P93:T93)/SUM(P$99:T$99)) -> #REF!
A94: August | E94: =monthly_data!#REF! -> #REF! | F94: =monthly_data!#REF! -> #REF! | G94: =monthly_data!#REF! -> #REF! | H94: =monthly_data!#REF! -> #REF! | I94: =monthly_data!#REF! -> #REF! | J94: =monthly_data!#REF! -> #REF! | K94: =K$99*(SUM(F94:J94)/SUM(F$99:J$99)) -> #REF! | L94: =L$99*(SUM(G94:K94)/SUM(G$99:K$99)) -> #REF! | M94: =M$99*(SUM(H94:L94)/SUM(H$99:L$99)) -> #REF! | N94: =N$99*(SUM(I94:M94)/SUM(I$99:M$99)) -> #REF! | O94: =O$99*(SUM(J94:N94)/SUM(J$99:N$99)) -> #REF! | P94: =P$99*(SUM(K94:O94)/SUM(K$99:O$99)) -> #REF! | Q94: =Q$99*(SUM(L94:P94)/SUM(L$99:P$99)) -> #REF! | R94: =R$99*(SUM(M94:Q94)/SUM(M$99:Q$99)) -> #REF! | ... U94: =U$99*(SUM(P94:T94)/SUM(P$99:T$99)) -> #REF!
A95: September | E95: =monthly_data!#REF! -> #REF! | F95: =monthly_data!#REF! -> #REF! | G95: =monthly_data!#REF! -> #REF! | H95: =monthly_data!#REF! -> #REF! | I95: =monthly_data!#REF! -> #REF! | J95: =monthly_data!#REF! -> #REF! | K95: =K$99*(SUM(F95:J95)/SUM(F$99:J$99)) -> #REF! | L95: =L$99*(SUM(G95:K95)/SUM(G$99:K$99)) -> #REF! | M95: =M$99*(SUM(H95:L95)/SUM(H$99:L$99)) -> #REF! | N95: =N$99*(SUM(I95:M95)/SUM(I$99:M$99)) -> #REF! | O95: =O$99*(SUM(J95:N95)/SUM(J$99:N$99)) -> #REF! | P95: =P$99*(SUM(K95:O95)/SUM(K$99:O$99)) -> #REF! | Q95: =Q$99*(SUM(L95:P95)/SUM(L$99:P$99)) -> #REF! | R95: =R$99*(SUM(M95:Q95)/SUM(M$99:Q$99)) -> #REF! | ... U95: =U$99*(SUM(P95:T95)/SUM(P$99:T$99)) -> #REF!
A96: October | E96: =monthly_data!#REF! -> #REF! | F96: =monthly_data!#REF! -> #REF! | G96: =monthly_data!#REF! -> #REF! | H96: =monthly_data!#REF! -> #REF! | I96: =monthly_data!#REF! -> #REF! | J96: =monthly_data!#REF! -> #REF! | K96: =K$99*(SUM(F96:J96)/SUM(F$99:J$99)) -> #REF! | L96: =L$99*(SUM(G96:K96)/SUM(G$99:K$99)) -> #REF! | M96: =M$99*(SUM(H96:L96)/SUM(H$99:L$99)) -> #REF! | N96: =N$99*(SUM(I96:M96)/SUM(I$99:M$99)) -> #REF! | O96: =O$99*(SUM(J96:N96)/SUM(J$99:N$99)) -> #REF! | P96: =P$99*(SUM(K96:O96)/SUM(K$99:O$99)) -> #REF! | Q96: =Q$99*(SUM(L96:P96)/SUM(L$99:P$99)) -> #REF! | R96: =R$99*(SUM(M96:Q96)/SUM(M$99:Q$99)) -> #REF! | ... U96: =U$99*(SUM(P96:T96)/SUM(P$99:T$99)) -> #REF!
A97: November | E97: =monthly_data!#REF! -> #REF! | F97: =monthly_data!#REF! -> #REF! | G97: =monthly_data!#REF! -> #REF! | H97: =monthly_data!#REF! -> #REF! | I97: =monthly_data!#REF! -> #REF! | J97: =monthly_data!#REF! -> #REF! | K97: =K$99*(SUM(F97:J97)/SUM(F$99:J$99)) -> #REF! | L97: =L$99*(SUM(G97:K97)/SUM(G$99:K$99)) -> #REF! | M97: =M$99*(SUM(H97:L97)/SUM(H$99:L$99)) -> #REF! | N97: =N$99*(SUM(I97:M97)/SUM(I$99:M$99)) -> #REF! | O97: =O$99*(SUM(J97:N97)/SUM(J$99:N$99)) -> #REF! | P97: =P$99*(SUM(K97:O97)/SUM(K$99:O$99)) -> #REF! | Q97: =Q$99*(SUM(L97:P97)/SUM(L$99:P$99)) -> #REF! | R97: =R$99*(SUM(M97:Q97)/SUM(M$99:Q$99)) -> #REF! | ... U97: =U$99*(SUM(P97:T97)/SUM(P$99:T$99)) -> #REF!
A98: December | E98: =monthly_data!#REF! -> #REF! | F98: =monthly_data!#REF! -> #REF! | G98: =monthly_data!#REF! -> #REF! | H98: =monthly_data!#REF! -> #REF! | I98: =monthly_data!#REF! -> #REF! | J98: =monthly_data!#REF! -> #REF! | K98: =K99-SUM(K87:K97) -> #REF! | L98: =L99-SUM(L87:L97) -> #REF! | M98: =M99-SUM(M87:M97) -> #REF! | N98: =N99-SUM(N87:N97) -> #REF! | O98: =O99-SUM(O87:O97) -> #REF! | P98: =P99-SUM(P87:P97) -> #REF! | Q98: =Q99-SUM(Q87:Q97) -> #REF! | R98: =R99-SUM(R87:R97) -> #REF! | ... U98: =U99-SUM(U87:U97) -> #REF!
A99: Total | E99: =SUM(E87:E98) -> #REF! | F99: =SUM(F87:F98) -> #REF! | G99: =SUM(G87:G98) -> #REF! | H99: =SUM(H87:H98) -> #REF! | I99: =SUM(I87:I98) -> #REF! | J99: =J7 -> #REF! | K99: =K7 -> #REF! | L99: =L7 -> #REF! | M99: =M7 -> #REF! | N99: =N7 -> #REF! | O99: =O7 -> #REF! | P99: =P7 -> #REF! | Q99: =Q7 -> #REF! | ... U99: =U7 -> #REF!
A101: RENEWABLE DIESEL CAPACITY
A102: thousand tonnes | E102: =E2 -> 2018 | F102: =F2 -> 2019 | G102: =G2 -> 2020 | H102: =H2 -> 2021 | I102: =I2 -> 2022 | J102: =J2 -> 2023 | K102: =K2 -> 2024 | L102: =L2 -> 2025 | ... U102: =U2 -> 2034
A103: January | E103: 408 | F103: 558 | G103: 558 | H103: 791 | I103: 1750 | J103: 2999 | K103: 3857 | L103: 5334.125 | M103: 5670.225 | N103: 5914.725 | O103: 6076.475 | P103: 6133.975 | Q103: 6133.975 | R103: 6133.975 | S103: 6191.475 | T103: 6191.475 | U103: 6191.475
A104: February | E104: 408 | F104: 558 | G104: 558 | H104: 791 | I104: 1750 | J104: 3278 | K104: 3857 | L104: 5365.375 | M104: 5718.975 | N104: 5917.725 | O104: 6095.225 | P104: 6133.975 | Q104: 6133.975 | R104: 6152.725 | S104: 6191.475 | T104: 6191.475 | U104: 6191.475
A105: March | E105: 408 | F105: 558 | G105: 558 | H105: 791 | I105: 1750 | J105: 3278 | K105: 3857 | L105: 5396.625 | M105: 5810.225 | N105: 5927.475 | O105: 6133.975 | P105: 6133.975 | Q105: 6133.975 | R105: 6191.475 | S105: 6191.475 | T105: 6191.475 | U105: 6191.475
A106: April | E106: 408 | F106: 558 | G106: 558 | H106: 971 | I106: 1922 | J106: 3278 | K106: 4129 | L106: 5397.425 | M106: 5832.725 | N106: 5927.475 | O106: 6133.975 | P106: 6133.975 | Q106: 6133.975 | R106: 6191.475 | S106: 6191.475 | T106: 6191.475 | U106: 6191.475
A107: May | E107: 418 | F107: 558 | G107: 558 | H107: 971 | I107: 1947 | J107: 3278 | K107: 4575 | L107: 5425.725 | M107: 5877.725 | N107: 5927.475 | O107: 6133.975 | P107: 6133.975 | Q107: 6133.975 | R107: 6191.475 | S107: 6191.475 | T107: 6191.475 | U107: 6191.475
A108: June | E108: 428 | F108: 558 | G108: 558 | H108: 911 | I108: 1947 | J108: 3700 | K108: 4897 | L108: 5527.225 | M108: 5882.725 | N108: 5934.975 | O108: 6133.975 | P108: 6133.975 | Q108: 6133.975 | R108: 6191.475 | S108: 6191.475 | T108: 6191.475 | U108: 6191.475
A109: July | E109: 268 | F109: 558 | G109: 618 | H109: 911 | I109: 2174 | J109: 3704 | K109: 4997.875 | L109: 5571.225 | M109: 5892.725 | N109: 5939.975 | O109: 6133.975 | P109: 6133.975 | Q109: 6133.975 | R109: 6191.475 | S109: 6191.475 | T109: 6191.475 | U109: 6191.475
A110: August | E110: 456.75 | F110: 558 | G110: 678 | H110: 911 | I110: 2219 | J110: 3704 | K110: 5040.625 | L110: 5610.225 | M110: 5900.225 | N110: 5941.975 | O110: 6133.975 | P110: 6133.975 | Q110: 6133.975 | R110: 6191.475 | S110: 6191.475 | T110: 6191.475 | U110: 6191.475
A111: September | E111: 485.5 | F111: 558 | G111: 738 | H111: 911 | I111: 2219 | J111: 3704 | K111: 5120.625 | L111: 5610.225 | M111: 5912.725 | N111: 5951.475 | O111: 6133.975 | P111: 6133.975 | Q111: 6133.975 | R111: 6191.475 | S111: 6191.475 | T111: 6191.475 | U111: 6191.475
A112: October | E112: 514.3 | F112: 558 | G112: 738 | H112: 1014 | I112: 2219 | J112: 3857 | K112: 5225.625 | L112: 5610.225 | M112: 5912.725 | N112: 5951.475 | O112: 6133.975 | P112: 6133.975 | Q112: 6133.975 | R112: 6191.475 | S112: 6191.475 | T112: 6191.475 | U112: 6191.475
A113: November | E113: 558 | F113: 558 | G113: 738 | H113: 1017 | I113: 2755 | J113: 3897 | K113: 5245.625 | L113: 5610.225 | M113: 5912.725 | N113: 5951.475 | O113: 6133.975 | P113: 6133.975 | Q113: 6133.975 | R113: 6191.475 | S113: 6191.475 | T113: 6191.475 | U113: 6191.475
A114: December | E114: 558 | F114: 558 | G114: 738 | H114: 1106 | I114: 2939 | J114: 3857 | K114: 5271.625 | L114: 5610.225 | M114: 5912.725 | N114: 5951.475 | O114: 6133.975 | P114: 6133.975 | Q114: 6133.975 | R114: 6191.475 | S114: 6191.475 | T114: 6191.475 | U114: 6191.475
...

Sheet SAF
A3: EUROPEAN UNION (EU) SUSTAINABLE AVIATION FUEL (SAF) SUPPLY AND DEMAND
A4: thousand tonnes | B4: 2015 | C4: 2016 | D4: 2017 | E4: 2018 | F4: 2019 | G4: 2020 | H4: 2021 | I4: 2022 | J4: 2023 | K4: 2024 | L4: 2025 | M4: 2026 | N4: 2027 | O4: 2028 | P4: 2029 | Q4: 2030 | R4: 2031 | S4: 2032 | T4: 2033 | U4: 2034 | V4: 2035
A5: Beginning Stocks | B5: =B86 -> 0 | C5: =C86 -> 0 | D5: =D86 -> 0 | E5: =E86 -> 0 | F5: =F86 -> 0 | G5: =G86 -> 0.663 | H5: =H86 -> 6.356 | I5: =I86 -> 3.042 | J5: =J86 -> 4.63 | K5: =J12 -> 6.09 | L5: =K12 -> 57.58979 | M5: =L12 -> 0 | N5: =M12 -> 0 | O5: =N12 -> 0 | P5: =O12 -> 0 | Q5: =P12 -> 0 | R5: =Q12 -> 0 | ... V5: =U12 -> 0
A6: Production | B6: =annual_data!$C5 -> 1 | C6: =annual_data!$C6 -> 0 | D6: =annual_data!$C7 -> 0 | E6: =annual_data!$C8 -> 7 | F6: =annual_data!$C9 -> 24 | G6: =annual_data!$C10 -> 44 | H6: =annual_data!$C11 -> 89 | I6: =annual_data!$C12 -> 165.071 | J6: =annual_data!$C13 -> 213.084 | K6: =K18*0.45 -> 345.92175 | L6: =L18*0.4 -> 1073.63 | M6: =M18*0.5 -> 1606.0375 | N6: =N18*0.5 -> 2146.0375 | O6: =O18*0.5 -> 2328.5375 | P6: =P18*0.5 -> 2379.5375 | Q6: =Q18*0.5 -> 2613.0375 | R6: =R18*0.5 -> 2613.0375 | S6: =S18*0.5 -> 2613.0375 | T6: =T18*0.5 -> 2613.0375 | ... V6: =V18*0.5 -> 2613.0375
A7: Imports | B7: =annual_data!$D5 -> 0 | C7: =annual_data!$D6 -> 0 | D7: =annual_data!$D8 -> 0 | E7: =annual_data!$D9 -> 0 | F7: =annual_data!$D10 -> 0 | G7: =annual_data!$D11 -> 0 | H7: =annual_data!$D12 -> 29.118 | I7: =annual_data!$D13 -> 48.994 | J7: =annual_data!$D14 -> 0 | K7: =K50 -> 82.925 | L7: =AVERAGE(H7:K7) -> 40.25925 | M7: =AVERAGE(I7:L7) -> 43.044562 | N7: =AVERAGE(J7:M7) -> 41.557203 | O7: =AVERAGE(K7:N7) -> 51.946504 | P7: =AVERAGE(L7:O7) -> 44.20188 | Q7: =AVERAGE(M7:P7) -> 45.187537 | R7: =AVERAGE(N7:Q7) -> 45.723281 | S7: =AVERAGE(O7:R7) -> 46.764801 | ... V7: =AVERAGE(R7:U7) -> 45.935926
A8: Total Supply | B8: =B7+B6 -> 1 | C8: =C7+C6 -> 0 | D8: =D7+D6 -> 0 | E8: =E7+E6 -> 7 | F8: =F7+F6 -> 24 | G8: =G7+G6 -> 44 | H8: =H7+H6 -> 118.118 | I8: =I7+I6 -> 214.065 | ... V8: =V7+V6 -> 2658.9734
A9: Domestic Use | B9: =B82 -> 0 | C9: =C82 -> 0 | D9: =D82 -> 0 | E9: =E82 -> 0 | F9: =F82 -> 0 | G9: =G82 -> 0.095 | H9: =H82 -> 0.148 | I9: =I82 -> 0.196 | J9: =J82 -> 54.178 | K9: ='Jet Fuel'!K9*SAF!K16 -> 369.51896 | L9: ='Jet Fuel'!L9*SAF!L16 -> 759.95409 | M9: ='Jet Fuel'!M9*SAF!M16 -> 1093.2184 | N9: ='Jet Fuel'!N9*SAF!N16 -> 1430.6659 | O9: ='Jet Fuel'!O9*SAF!O16 -> 1794.6072 | P9: ='Jet Fuel'!P9*SAF!P16 -> 2157.1541 | Q9: ='Jet Fuel'!Q9*SAF!Q16 -> 2530.8563 | R9: ='Jet Fuel'!R9*SAF!R16 -> 3538.0859 | ... V9: ='Jet Fuel'!V9*SAF!V16 -> 8209.3985
A10: Exports | B10: =annual_data!$E5 -> 1 | C10: =annual_data!$E6 -> 0 | D10: =annual_data!$E7 -> 0 | E10: =annual_data!$E8 -> 7 | F10: =annual_data!$E9 -> 24 | G10: =annual_data!$E10 -> 44 | H10: =annual_data!$E11 -> 89 | I10: =annual_data!$E12 -> 161 | J10: =annual_data!$E13 -> 206 | K10: =K66 -> 1.738 | L10: =L8-L9 -> 353.93516 | M10: =M8-M9 -> 555.86371 | N10: =N8-N9 -> 756.92884 | O10: =O8-O9 -> 585.87683 | P10: =P8-P9 -> 266.5853 | Q10: =Q8-Q9 -> 127.36877 | R10: =R8-R9 -> -879.32516 | S10: =S8-S9 -> -2046.7227 | ... V10: =V8-V9 -> -5550.4251
A11: Total Demand | B11: =B9+B10 -> 1 | C11: =C9+C10 -> 0 | D11: =D9+D10 -> 0 | E11: =E9+E10 -> 7 | F11: =F9+F10 -> 24 | G11: =G9+G10 -> 44.095 | H11: =H9+H10 -> 89.148 | I11: =I9+I10 -> 161.196 | J11: =J9+J10 -> 260.178 | K11: =K10+K9 -> 371.25696 | L11: =L10+L9 -> 1113.8892 | M11: =M10+M9 -> 1649.0821 | N11: =N10+N9 -> 2187.5947 | O11: =O10+O9 -> 2380.484 | P11: =P10+P9 -> 2423.7394 | Q11: =Q10+Q9 -> 2658.225 | R11: =R10+R9 -> 2658.7608 | ... V11: =V10+V9 -> 2658.9734
A12: Ending Stocks | B12: =B112 -> 0 | C12: =C112 -> 0 | D12: =D112 -> 0 | E12: =E112 -> 0 | F12: =F112 -> 0.663 | G12: =G112 -> 6.356 | H12: =H112 -> 3.042 | I12: =I112 -> 4.63 | J12: =J112 -> 6.09 | K12: =K8-K11 -> 57.58979 | L12: =L8-L11 -> 0 | M12: =M8-M11 -> 0 | N12: =N8-N11 -> 0 | O12: =O8-O11 -> 0 | P12: =P8-P11 -> 0 | Q12: =Q8-Q11 -> 0 | R12: =R8-R11 -> 0 | ... V12: =V8-V11 -> 0
M13: =3.78541*0.8 -> 3.028328
M14: =15.14/5 -> 3.028
A16: Mandate | K16: 0.01 | L16: 0.02 | M16: =L16+0.008 -> 0.028 | N16: =M16+0.008 -> 0.036 | O16: =N16+0.008 -> 0.044 | P16: =O16+0.008 -> 0.052 | Q16: 0.06 | R16: =Q16+0.028 -> 0.088 | S16: =R16+0.028 -> 0.116 | T16: =S16+0.028 -> 0.144 | U16: =T16+0.028 -> 0.172 | V16: =U16+0.028 -> 0.2 | X16: shows step change to the next mandate -- this is not accurate but a guide to use for forecasting
A17: Blending Rate | E17: =E9/'Jet Fuel'!E9 -> 0 | F17: =F9/'Jet Fuel'!F9 -> 0 | G17: =G9/'Jet Fuel'!G9 -> 5.4924016e-06 | H17: =H9/'Jet Fuel'!H9 -> 7.0305612e-06 | I17: =I9/'Jet Fuel'!I9 -> 6.2022001e-06 | J17: =J9/'Jet Fuel'!J9 -> 0.0015387595 | K17: =K9/'Jet Fuel'!K9 -> 0.01 | L17: =L9/'Jet Fuel'!L9 -> 0.02 | ... V17: =V9/'Jet Fuel'!V9 -> 0.2
A18: Capacity (th tons) | G18: =17*0.05+100 -> 100.85 | H18: =G18+0.365+5.3+10 -> 116.515 | I18: =H18+100.2+2 -> 218.715 | J18: =I18 -> 218.715 | K18: =J18+150+60+220+120 -> 768.715 | L18: =K18+1500+210+2.5+2.1+100+0.76+100 -> 2684.075 | M18: =L18+68+80+64+40+10+250+16 -> 3212.075 | N18: =M18+35+110+8+40+185+457+245 -> 4292.075 | O18: =N18+65+75+50+50+125 -> 4657.075 | P18: =O18+32+70 -> 4759.075 | Q18: =P18+100+72+80+15+200 -> 5226.075 | R18: =Q18 -> 5226.075 | S18: =R18 -> 5226.075 | T18: =S18 -> 5226.075 | U18: =T18 -> 5226.075 | V18: =U18 -> 5226.075
A20: SAF DOMESTIC PRODUCTION
A21: thousand tonnes | B21: =B4 -> 2015 | C21: =C4 -> 2016 | D21: =D4 -> 2017 | E21: =E4 -> 2018 | F21: =F4 -> 2019 | G21: =G4 -> 2020 | H21: =H4 -> 2021 | I21: =I4 -> 2022 | ... U21: =U4 -> 2034
A22: January | B22: =B54+B70+B101-B86-B38 -> 0 | C22: =C54+C70+C101-C86-C38 -> 0 | D22: =D54+D70+D101-D86-D38 -> 0 | E22: =E54+E70+E101-E86-E38 -> 0 | F22: =F54+F70+F101-F86-F38 -> 0 | G22: =G54+G70+G101-G86-G38 -> -0.506 | H22: =H54+H70+H101-H86-H38 -> 0.035 | I22: =I54+I70+I101-I86-I38 -> 9.094947e-13 | ... K22: =K54+K70+K101-K86-K38 -> -0.212
A23: February | B23: =B55+B71+B102-B87-B39 -> -73 | C23: =C55+C71+C102-C87-C39 -> 0 | D23: =D55+D71+D102-D87-D39 -> 0 | E23: =E55+E71+E102-E87-E39 -> 0 | F23: =F55+F71+F102-F87-F39 -> 0 | G23: =G55+G71+G102-G87-G39 -> -0.046 | H23: =H55+H71+H102-H87-H39 -> -0.021 | I23: =I55+I71+I102-I87-I39 -> -0.105 | ... K23: =K55+K71+K102-K87-K39 -> -2.058
A24: March | B24: =B56+B72+B103-B88-B40 -> -73 | C24: =C56+C72+C103-C88-C40 -> 0 | D24: =D56+D72+D103-D88-D40 -> 0 | E24: =E56+E72+E103-E88-E40 -> 0 | F24: =F56+F72+F103-F88-F40 -> 0 | G24: =G56+G72+G103-G88-G40 -> -0.013 | H24: =H56+H72+H103-H88-H40 -> -0.027 | I24: =I56+I72+I103-I88-I40 -> -0.009 | ... K24: =K56+K72+K103-K88-K40 -> -1.324
A25: April | B25: =B57+B73+B104-B89-B41 -> -68 | C25: =C57+C73+C104-C89-C41 -> 0 | D25: =D57+D73+D104-D89-D41 -> 0 | E25: =E57+E73+E104-E89-E41 -> 0 | F25: =F57+F73+F104-F89-F41 -> 0 | G25: =G57+G73+G104-G89-G41 -> -0.026 | H25: =H57+H73+H104-H89-H41 -> -0.133 | I25: =I57+I73+I104-I89-I41 -> 1.98 | ... K25: =K57+K73+K104-K89-K41 -> 3.713
A26: May | B26: =B58+B74+B105-B90-B42 -> -68 | C26: =C58+C74+C105-C90-C42 -> 0 | D26: =D58+D74+D105-D90-D42 -> 0 | E26: =E58+E74+E105-E90-E42 -> 0 | F26: =F58+F74+F105-F90-F42 -> 0 | G26: =G58+G74+G105-G90-G42 -> -2.653 | H26: =H58+H74+H105-H90-H42 -> -0.095 | I26: =I58+I74+I105-I90-I42 -> -0.384 | ... K26: =K58+K74+K105-K90-K42 -> -1.162
A27: June | B27: =B59+B75+B106-B91-B43 -> 0 | C27: =C59+C75+C106-C91-C43 -> 0 | D27: =D59+D75+D106-D91-D43 -> 0 | E27: =E59+E75+E106-E91-E43 -> 0 | F27: =F59+F75+F106-F91-F43 -> -1 | G27: =G59+G75+G106-G91-G43 -> 0 | H27: =H59+H75+H106-H91-H43 -> -0.105 | I27: =I59+I75+I106-I91-I43 -> 0.083 | ... K27: =K59+K75+K106-K91-K43 -> 3.006
A28: July | B28: =B60+B76+B107-B92-B44 -> 0 | C28: =C60+C76+C107-C92-C44 -> 0 | D28: =D60+D76+D107-D92-D44 -> 0 | E28: =E60+E76+E107-E92-E44 -> 0 | F28: =F60+F76+F107-F92-F44 -> -2 | G28: =G60+G76+G107-G92-G44 -> 0 | H28: =H60+H76+H107-H92-H44 -> -0.038 | I28: =I60+I76+I107-I92-I44 -> -0.018 | ... K28: =K60+K76+K107-K92-K44 -> -1.078
A29: August | B29: =B61+B77+B108-B93-B45 -> 0 | C29: =C61+C77+C108-C93-C45 -> 0 | D29: =D61+D77+D108-D93-D45 -> 0 | E29: =E61+E77+E108-E93-E45 -> 0 | F29: =F61+F77+F108-F93-F45 -> 0 | G29: =G61+G77+G108-G93-G45 -> -0.035 | H29: =H61+H77+H108-H93-H45 -> -0.038 | I29: =I61+I77+I108-I93-I45 -> -0.128 | ... K29: =K61+K77+K108-K93-K45 -> 13.281
A30: September | B30: =B62+B78+B109-B94-B46 -> 0 | C30: =C62+C78+C109-C94-C46 -> 0 | D30: =D62+D78+D109-D94-D46 -> 0 | E30: =E62+E78+E109-E94-E46 -> 0 | F30: =F62+F78+F109-F94-F46 -> 0 | G30: =G62+G78+G109-G94-G46 -> -0.253 | H30: =H62+H78+H109-H94-H46 -> -0.092 | I30: =I62+I78+I109-I94-I46 -> -0.087 | ... K30: =K62+K78+K109-K94-K46 -> 11.667
A31: October | B31: =B63+B79+B110-B95-B47 -> 0 | C31: =C63+C79+C110-C95-C47 -> 0 | D31: =D63+D79+D110-D95-D47 -> 0 | E31: =E63+E79+E110-E95-E47 -> 0 | F31: =F63+F79+F110-F95-F47 -> 0 | G31: =G63+G79+G110-G95-G47 -> -0.013 | H31: =H63+H79+H110-H95-H47 -> -0.098 | I31: =I63+I79+I110-I95-I47 -> 0 | ... K31: =K63+K79+K110-K95-K47 -> 11.667
A32: November | B32: =B64+B80+B111-B96-B48 -> 0 | C32: =C64+C80+C111-C96-C48 -> 0 | D32: =D64+D80+D111-D96-D48 -> 0 | E32: =E64+E80+E111-E96-E48 -> 0 | F32: =F64+F80+F111-F96-F48 -> 0 | G32: =G64+G80+G111-G96-G48 -> -0.019 | H32: =H64+H80+H111-H96-H48 -> -0.135 | I32: =I64+I80+I111-I96-I48 -> -0.353 | ... K32: =K64+K80+K111-K96-K48 -> -0.526
A33: December | B33: =B65+B81+B112-B97-B49 -> 0 | C33: =C65+C81+C112-C97-C49 -> 0 | D33: =D65+D81+D112-D97-D49 -> 0 | E33: =E65+E81+E112-E97-E49 -> 0 | F33: =F65+F81+F112-F97-F49 -> -0.337 | G33: =G65+G81+G112-G97-G49 -> -0.036 | H33: =H65+H81+H112-H97-H49 -> -2.575 | I33: =I65+I81+I112-I97-I49 -> -0.155 | ... K33: =K65+K81+K112-K97-K49 -> -1.691
A34: Total | B34: =SUM(B22:B33) -> -282 | C34: =SUM(C22:C33) -> 0 | D34: =SUM(D22:D33) -> 0 | E34: =SUM(E22:E33) -> 0 | F34: =SUM(F22:F33) -> -3.337 | G34: =SUM(G22:G33) -> -3.6 | H34: =SUM(H22:H33) -> -3.322 | I34: =SUM(I22:I33) -> 0.824 | ... U34: =SUM(U22:U33) -> 0
A36: SAF IMPORTS (Eurostat)
A37: thousand tonnes | B37: =B21 -> 2015 | C37: =C21 -> 2016 | D37: =D21 -> 2017 | E37: =E21 -> 2018 | F37: =F21 -> 2019 | G37: =G21 -> 2020 | H37: =H21 -> 2021 | I37: =I21 -> 2022 | ... U37: =U21 -> 2034
A38: January | B38: =monthly_data!$E40 -> 0 | C38: =monthly_data!$E40 -> 0 | D38: =monthly_data!$E40 -> 0 | E38: =monthly_data!$E40 -> 0 | F38: =monthly_data!$E52 -> 0 | G38: =monthly_data!$E64 -> 0 | H38: =monthly_data!$E76 -> 0 | I38: =monthly_data!$E88 -> 0 | J38: =monthly_data!$E100 -> 0.009 | K38: =monthly_data!$E112 -> 1.69
A39: February | B39: =monthly_data!$E41 -> 0 | C39: =monthly_data!$E41 -> 0 | D39: =monthly_data!$E41 -> 0 | E39: =monthly_data!$E41 -> 0 | F39: =monthly_data!$E53 -> 0 | G39: =monthly_data!$E65 -> 0 | H39: =monthly_data!$E77 -> 0.02 | I39: =monthly_data!$E89 -> 0.02 | J39: =monthly_data!$E101 -> 0.028 | K39: =monthly_data!$E113 -> 1.723
A40: March | B40: =monthly_data!$E42 -> 0 | C40: =monthly_data!$E42 -> 0 | D40: =monthly_data!$E42 -> 0 | E40: =monthly_data!$E42 -> 0 | F40: =monthly_data!$E54 -> 0 | G40: =monthly_data!$E66 -> 0 | H40: =monthly_data!$E78 -> 0 | I40: =monthly_data!$E90 -> 0.01 | J40: =monthly_data!$E102 -> 0.019 | K40: =monthly_data!$E114 -> 5.094
A41: April | B41: =monthly_data!$E43 -> 0 | C41: =monthly_data!$E43 -> 0 | D41: =monthly_data!$E43 -> 0 | E41: =monthly_data!$E43 -> 0 | F41: =monthly_data!$E55 -> 0 | G41: =monthly_data!$E67 -> 2.638 | H41: =monthly_data!$E79 -> 0.019 | I41: =monthly_data!$E91 -> 0.009 | J41: =monthly_data!$E103 -> 0 | K41: =monthly_data!$E115 -> 4.93
A42: May | B42: =monthly_data!$E44 -> 0 | C42: =monthly_data!$E44 -> 0 | D42: =monthly_data!$E44 -> 0 | E42: =monthly_data!$E44 -> 0 | F42: =monthly_data!$E56 -> 4 | G42: =monthly_data!$E68 -> 2.638 | H42: =monthly_data!$E80 -> 0.018 | I42: =monthly_data!$E92 -> 0.028 | J42: =monthly_data!$E104 -> 0 | K42: =monthly_data!$E116 -> 10.751
A43: June | B43: =monthly_data!$E45 -> 0 | C43: =monthly_data!$E45 -> 0 | D43: =monthly_data!$E45 -> 0 | E43: =monthly_data!$E45 -> 0 | F43: =monthly_data!$E57 -> 0 | G43: =monthly_data!$E69 -> 0 | H43: =monthly_data!$E81 -> 0.02 | I43: =monthly_data!$E93 -> 0.019 | J43: =monthly_data!$E105 -> 0.625 | K43: =monthly_data!$E117 -> 4.93
A44: July | B44: =monthly_data!$E46 -> 0 | C44: =monthly_data!$E46 -> 0 | D44: =monthly_data!$E46 -> 0 | E44: =monthly_data!$E46 -> 0 | F44: =monthly_data!$E58 -> 0 | G44: =monthly_data!$E70 -> 0 | H44: =monthly_data!$E82 -> 0.02 | I44: =monthly_data!$E94 -> 0.01 | J44: =monthly_data!$E106 -> 5.108 | K44: =monthly_data!$E118 -> 5.095
A45: August | B45: =monthly_data!$E47 -> 0 | C45: =monthly_data!$E47 -> 0 | D45: =monthly_data!$E47 -> 0 | E45: =monthly_data!$E47 -> 0 | F45: =monthly_data!$E59 -> 0 | G45: =monthly_data!$E71 -> 0.042 | H45: =monthly_data!$E83 -> 0.018 | I45: =monthly_data!$E95 -> 0.01 | J45: =monthly_data!$E107 -> 1.695 | K45: =monthly_data!$E119 -> 11.23
A46: September | B46: =monthly_data!$E48 -> 0 | C46: =monthly_data!$E48 -> 0 | D46: =monthly_data!$E48 -> 0 | E46: =monthly_data!$E48 -> 0 | F46: =monthly_data!$E60 -> 0 | G46: =monthly_data!$E72 -> 0.021 | H46: =monthly_data!$E84 -> 0 | I46: =monthly_data!$E96 -> 0 | J46: =monthly_data!$E108 -> 1.64 | K46: =monthly_data!$E120 -> 10.18
A47: October | B47: =monthly_data!$E49 -> 0 | C47: =monthly_data!$E49 -> 0 | D47: =monthly_data!$E49 -> 0 | E47: =monthly_data!$E49 -> 0 | F47: =monthly_data!$E61 -> 0 | G47: =monthly_data!$E73 -> 4.053 | H47: =monthly_data!$E85 -> 0.02 | I47: =monthly_data!$E97 -> 0 | J47: =monthly_data!$E109 -> 1.695 | K47: =monthly_data!$E121 -> 10.18
A48: November | B48: =monthly_data!$E50 -> 0 | C48: =monthly_data!$E50 -> 0 | D48: =monthly_data!$E50 -> 0 | E48: =monthly_data!$E50 -> 0 | F48: =monthly_data!$E62 -> 0 | G48: =monthly_data!$E74 -> 0 | H48: =monthly_data!$E86 -> 0.021 | I48: =monthly_data!$E98 -> 0.009 | J48: =monthly_data!$E110 -> 1.64 | K48: =monthly_data!$E122 -> 12.028
A49: December | B49: =monthly_data!$E51 -> 0 | C49: =monthly_data!$E51 -> 0 | D49: =monthly_data!$E51 -> 0 | E49: =monthly_data!$E51 -> 0 | F49: =monthly_data!$E63 -> 0 | G49: =monthly_data!$E75 -> 0.017 | H49: =monthly_data!$E87 -> 0 | I49: =monthly_data!$E99 -> 0.009 | J49: =monthly_data!$E111 -> 1.694 | K49: =monthly_data!$E123 -> 5.094
A50: Total | B50: =SUM(B38:B49) -> 0 | C50: =SUM(C38:C49) -> 0 | D50: =SUM(D38:D49) -> 0 | E50: =SUM(E38:E49) -> 0 | F50: =SUM(F38:F49) -> 4 | G50: =SUM(G38:G49) -> 9.409 | H50: =SUM(H38:H49) -> 0.156 | I50: =SUM(I38:I49) -> 0.124 | ... U50: =SUM(U38:U49) -> 0
A52: SAF EXPORTS (Eurostat)
A53: thousand tonnes | B53: =B4 -> 2015 | C53: =C4 -> 2016 | D53: =D4 -> 2017 | E53: =E4 -> 2018 | F53: =F4 -> 2019 | G53: =G4 -> 2020 | H53: =H4 -> 2021 | I53: =I4 -> 2022 | ... U53: =U4 -> 2034
A54: January | B54: =monthly_data!$H40 -> 0 | C54: =monthly_data!$H40 -> 0 | D54: =monthly_data!$H40 -> 0 | E54: =monthly_data!$H40 -> 0 | F54: =monthly_data!$H52 -> 0 | G54: =monthly_data!$H64 -> 0 | H54: =monthly_data!$H76 -> 0 | I54: =monthly_data!$H88 -> 0 | J54: =monthly_data!$H100 -> 0 | K54: =monthly_data!$H112 -> 0
A55: February | B55: =monthly_data!$H41 -> 0 | C55: =monthly_data!$H41 -> 0 | D55: =monthly_data!$H41 -> 0 | E55: =monthly_data!$H41 -> 0 | F55: =monthly_data!$H53 -> 0 | G55: =monthly_data!$H65 -> 0 | H55: =monthly_data!$H77 -> 0 | I55: =monthly_data!$H89 -> 0 | J55: =monthly_data!$H101 -> 0 | K55: =monthly_data!$H113 -> 0
A56: March | B56: =monthly_data!$H42 -> 0 | C56: =monthly_data!$H42 -> 0 | D56: =monthly_data!$H42 -> 0 | E56: =monthly_data!$H42 -> 0 | F56: =monthly_data!$H54 -> 0 | G56: =monthly_data!$H66 -> 0 | H56: =monthly_data!$H78 -> 0 | I56: =monthly_data!$H90 -> 0 | J56: =monthly_data!$H102 -> 0 | K56: =monthly_data!$H114 -> 0
A57: April | B57: =monthly_data!$H43 -> 0 | C57: =monthly_data!$H43 -> 0 | D57: =monthly_data!$H43 -> 0 | E57: =monthly_data!$H43 -> 0 | F57: =monthly_data!$H55 -> 0 | G57: =monthly_data!$H67 -> 0 | H57: =monthly_data!$H79 -> 0 | I57: =monthly_data!$H91 -> 0 | J57: =monthly_data!$H103 -> 0 | K57: =monthly_data!$H115 -> 0.214
A58: May | B58: =monthly_data!$H44 -> 0 | C58: =monthly_data!$H44 -> 0 | D58: =monthly_data!$H44 -> 0 | E58: =monthly_data!$H44 -> 0 | F58: =monthly_data!$H56 -> 0 | G58: =monthly_data!$H68 -> 0 | H58: =monthly_data!$H80 -> 0 | I58: =monthly_data!$H92 -> 0 | J58: =monthly_data!$H104 -> 0 | K58: =monthly_data!$H116 -> 0.162
A59: June | B59: =monthly_data!$H45 -> 0 | C59: =monthly_data!$H45 -> 0 | D59: =monthly_data!$H45 -> 0 | E59: =monthly_data!$H45 -> 0 | F59: =monthly_data!$H57 -> 0 | G59: =monthly_data!$H69 -> 0 | H59: =monthly_data!$H81 -> 0 | I59: =monthly_data!$H93 -> 0 | J59: =monthly_data!$H105 -> 0 | K59: =monthly_data!$H117 -> 0.148
A60: July | B60: =monthly_data!$H46 -> 0 | C60: =monthly_data!$H46 -> 0 | D60: =monthly_data!$H46 -> 0 | E60: =monthly_data!$H46 -> 0 | F60: =monthly_data!$H58 -> 0 | G60: =monthly_data!$H70 -> 0 | H60: =monthly_data!$H82 -> 0 | I60: =monthly_data!$H94 -> 0 | J60: =monthly_data!$H106 -> 0 | K60: =monthly_data!$H118 -> 0.071
A61: August | B61: =monthly_data!$H47 -> 0 | C61: =monthly_data!$H47 -> 0 | D61: =monthly_data!$H47 -> 0 | E61: =monthly_data!$H47 -> 0 | F61: =monthly_data!$H59 -> 0 | G61: =monthly_data!$H71 -> 0 | H61: =monthly_data!$H83 -> 0 | I61: =monthly_data!$H95 -> 0 | J61: =monthly_data!$H107 -> 0 | K61: =monthly_data!$H119 -> 0.359
A62: September | B62: =monthly_data!$H48 -> 0 | C62: =monthly_data!$H48 -> 0 | D62: =monthly_data!$H48 -> 0 | E62: =monthly_data!$H48 -> 0 | F62: =monthly_data!$H60 -> 0 | G62: =monthly_data!$H72 -> 0 | H62: =monthly_data!$H84 -> 0 | I62: =monthly_data!$H96 -> 0 | J62: =monthly_data!$H108 -> 0 | K62: =monthly_data!$H120 -> 0.314
A63: October | B63: =monthly_data!$H49 -> 0 | C63: =monthly_data!$H49 -> 0 | D63: =monthly_data!$H49 -> 0 | E63: =monthly_data!$H49 -> 0 | F63: =monthly_data!$H61 -> 0 | G63: =monthly_data!$H73 -> 0 | H63: =monthly_data!$H85 -> 0 | I63: =monthly_data!$H97 -> 0 | J63: =monthly_data!$H109 -> 0 | K63: =monthly_data!$H121 -> 0.314
A64: November | B64: =monthly_data!$H50 -> 0 | C64: =monthly_data!$H50 -> 0 | D64: =monthly_data!$H50 -> 0 | E64: =monthly_data!$H50 -> 0 | F64: =monthly_data!$H62 -> 0 | G64: =monthly_data!$H74 -> 0 | H64: =monthly_data!$H86 -> 0 | I64: =monthly_data!$H98 -> 0 | J64: =monthly_data!$H110 -> 0 | K64: =monthly_data!$H122 -> 0.156
A65: December | B65: =monthly_data!$H51 -> 0 | C65: =monthly_data!$H51 -> 0 | D65: =monthly_data!$H51 -> 0 | E65: =monthly_data!$H51 -> 0 | F65: =monthly_data!$H63 -> 0 | G65: =monthly_data!$H75 -> 0 | H65: =monthly_data!$H87 -> 0 | I65: =monthly_data!$H99 -> 0 | J65: =monthly_data!$H111 -> 0 | K65: =monthly_data!$H123 -> 0
A66: Total | B66: =SUM(B54:B65) -> 0 | C66: =SUM(C54:C65) -> 0 | D66: =SUM(D54:D65) -> 0 | E66: =SUM(E54:E65) -> 0 | F66: =SUM(F54:F65) -> 0 | G66: =SUM(G54:G65) -> 0 | H66: =SUM(H54:H65) -> 0 | I66: =SUM(I54:I65) -> 0 | ... U66: =SUM(U54:U65) -> 0
A68: SAF CONSUMPTION
A69: thousand tonnes | B69: =B53 -> 2015 | C69: =C53 -> 2016 | D69: =D53 -> 2017 | E69: =E53 -> 2018 | F69: =F53 -> 2019 | G69: =G53 -> 2020 | H69: =H53 -> 2021 | I69: =I53 -> 2022 | ... U69: =U53 -> 2034
A70: January | B70: =monthly_data!$Q$40 -> 0 | C70: =monthly_data!$Q$40 -> 0 | D70: =monthly_data!$Q$40 -> 0 | E70: =monthly_data!$Q$40 -> 0 | F70: =monthly_data!$Q$52 -> 0 | G70: =monthly_data!$Q$64 -> 0 | H70: =monthly_data!$Q$76 -> 0 | I70: =monthly_data!$Q$88 -> 0 | J70: =monthly_data!$Q$100 -> 0.027 | K70: =monthly_data!$Q$112 -> 1.69
A71: February | B71: =monthly_data!$Q41 -> 0 | C71: =monthly_data!$Q41 -> 0 | D71: =monthly_data!$Q41 -> 0 | E71: =monthly_data!$Q41 -> 0 | F71: =monthly_data!$Q53 -> 0 | G71: =monthly_data!$Q65 -> 0 | H71: =monthly_data!$Q77 -> 0.019 | I71: =monthly_data!$Q89 -> 0.019 | J71: =monthly_data!$Q101 -> 0 | K71: =monthly_data!$Q113 -> 1.585
A72: March | B72: =monthly_data!$Q42 -> 0 | C72: =monthly_data!$Q42 -> 0 | D72: =monthly_data!$Q42 -> 0 | E72: =monthly_data!$Q42 -> 0 | F72: =monthly_data!$Q54 -> 0 | G72: =monthly_data!$Q66 -> 0 | H72: =monthly_data!$Q78 -> 0 | I72: =monthly_data!$Q90 -> 0 | J72: =monthly_data!$Q102 -> 0 | K72: =monthly_data!$Q114 -> 5.102
A73: April | B73: =monthly_data!$Q43 -> 0 | C73: =monthly_data!$Q43 -> 0 | D73: =monthly_data!$Q43 -> 0 | E73: =monthly_data!$Q43 -> 0 | F73: =monthly_data!$Q55 -> 0 | G73: =monthly_data!$Q67 -> 0 | H73: =monthly_data!$Q79 -> 0.018 | I73: =monthly_data!$Q91 -> 0 | J73: =monthly_data!$Q103 -> 0.001 | K73: =monthly_data!$Q115 -> 4.941
A74: May | B74: =monthly_data!$Q44 -> 0 | C74: =monthly_data!$Q44 -> 0 | D74: =monthly_data!$Q44 -> 0 | E74: =monthly_data!$Q44 -> 0 | F74: =monthly_data!$Q56 -> 0 | G74: =monthly_data!$Q68 -> 0 | H74: =monthly_data!$Q80 -> 0.017 | I74: =monthly_data!$Q92 -> 0 | J74: =monthly_data!$Q104 -> 0 | K74: =monthly_data!$Q116 -> 6.095
A75: June | B75: =monthly_data!$Q45 -> 0 | C75: =monthly_data!$Q45 -> 0 | D75: =monthly_data!$Q45 -> 0 | E75: =monthly_data!$Q45 -> 0 | F75: =monthly_data!$Q57 -> 0 | G75: =monthly_data!$Q69 -> 0 | H75: =monthly_data!$Q81 -> 0.019 | I75: =monthly_data!$Q93 -> 0.102 | J75: =monthly_data!$Q105 -> 0.641 | K75: =monthly_data!$Q117 -> 7.93
A76: July | B76: =monthly_data!$Q46 -> 0 | C76: =monthly_data!$Q46 -> 0 | D76: =monthly_data!$Q46 -> 0 | E76: =monthly_data!$Q46 -> 0 | F76: =monthly_data!$Q58 -> 0 | G76: =monthly_data!$Q70 -> 0 | H76: =monthly_data!$Q82 -> 0.019 | I76: =monthly_data!$Q94 -> 0.074 | J76: =monthly_data!$Q106 -> 5.124 | K76: =monthly_data!$Q118 -> 9.094
A77: August | B77: =monthly_data!$Q47 -> 0 | C77: =monthly_data!$Q47 -> 0 | D77: =monthly_data!$Q47 -> 0 | E77: =monthly_data!$Q47 -> 0 | F77: =monthly_data!$Q59 -> 0 | G77: =monthly_data!$Q71 -> 0.04 | H77: =monthly_data!$Q83 -> 0.017 | I77: =monthly_data!$Q95 -> 0 | J77: =monthly_data!$Q107 -> 1.695 | K77: =monthly_data!$Q119 -> 12.098
A78: September | B78: =monthly_data!$Q48 -> 0 | C78: =monthly_data!$Q48 -> 0 | D78: =monthly_data!$Q48 -> 0 | E78: =monthly_data!$Q48 -> 0 | F78: =monthly_data!$Q60 -> 0 | G78: =monthly_data!$Q72 -> 0.02 | H78: =monthly_data!$Q84 -> 0 | I78: =monthly_data!$Q96 -> 0 | J78: =monthly_data!$Q108 -> 1.645 | K78: =monthly_data!$Q120 -> 7.93
A79: October | B79: =monthly_data!$Q49 -> 0 | C79: =monthly_data!$Q49 -> 0 | D79: =monthly_data!$Q49 -> 0 | E79: =monthly_data!$Q49 -> 0 | F79: =monthly_data!$Q61 -> 0 | G79: =monthly_data!$Q73 -> 0.019 | H79: =monthly_data!$Q85 -> 0.019 | I79: =monthly_data!$Q97 -> 0 | J79: =monthly_data!$Q109 -> 11.697 | K79: =monthly_data!$Q121 -> 7.93
A80: November | B80: =monthly_data!$Q50 -> 0 | C80: =monthly_data!$Q50 -> 0 | D80: =monthly_data!$Q50 -> 0 | E80: =monthly_data!$Q50 -> 0 | F80: =monthly_data!$Q62 -> 0 | G80: =monthly_data!$Q74 -> 0 | H80: =monthly_data!$Q86 -> 0.02 | I80: =monthly_data!$Q98 -> 0.001 | J80: =monthly_data!$Q110 -> 6.653 | K80: =monthly_data!$Q122 -> 8.93
A81: December | B81: =monthly_data!$Q51 -> 0 | C81: =monthly_data!$Q51 -> 0 | D81: =monthly_data!$Q51 -> 0 | E81: =monthly_data!$Q51 -> 0 | F81: =monthly_data!$Q63 -> 0 | G81: =monthly_data!$Q75 -> 0.016 | H81: =monthly_data!$Q87 -> 0 | I81: =monthly_data!$Q99 -> 0 | J81: =monthly_data!$Q111 -> 26.695 | K81: =monthly_data!$Q123 -> 12.104
A82: Total | B82: =SUM(B70:B81) -> 0 | C82: =SUM(C70:C81) -> 0 | D82: =SUM(D70:D81) -> 0 | E82: =SUM(E70:E81) -> 0 | F82: =SUM(F70:F81) -> 0 | G82: =SUM(G70:G81) -> 0.095 | H82: =SUM(H70:H81) -> 0.148 | I82: =SUM(I70:I81) -> 0.196 | ... K82: =SUM(K70:K81) -> 85.429
A84: SAF OPENING STOCKS
A85: thousand tonnes | B85: =B69 -> 2015 | C85: =C69 -> 2016 | D85: =D69 -> 2017 | E85: =E69 -> 2018 | F85: =F69 -> 2019 | G85: =G69 -> 2020 | H85: =H69 -> 2021 | I85: =I69 -> 2022 | ... U85: =U69 -> 2034
A86: January | B86: =monthly_data!$T4 -> 0 | C86: =monthly_data!$T16 -> 0 | D86: =monthly_data!$T28 -> 0 | E86: =monthly_data!$T$40 -> 0 | F86: =monthly_data!$T$52 -> 0 | G86: =monthly_data!$T$64 -> 0.663 | H86: =monthly_data!$T$76 -> 6.356 | I86: =monthly_data!$T$88 -> 3.042 | J86: =monthly_data!$T$100 -> 4.63 | K86: =monthly_data!$T$112 -> 6.09
A87: February | B87: =monthly_data!$T5 -> 0 | C87: =monthly_data!$T17 -> 0 | D87: =monthly_data!$T29 -> 0 | E87: =monthly_data!$T41 -> 0 | F87: =monthly_data!$T53 -> 0 | G87: =monthly_data!$T65 -> 0.157 | H87: =monthly_data!$T77 -> 6.391 | I87: =monthly_data!$T89 -> 3.042 | J87: =monthly_data!$T101 -> 4.499 | K87: =monthly_data!$T113 -> 5.878
A88: March | B88: =monthly_data!$T6 -> 0 | C88: =monthly_data!$T18 -> 0 | D88: =monthly_data!$T30 -> 0 | E88: =monthly_data!$T42 -> 0 | F88: =monthly_data!$T54 -> 0 | G88: =monthly_data!$T66 -> 0.111 | H88: =monthly_data!$T78 -> 6.371 | I88: =monthly_data!$T90 -> 2.938 | J88: =monthly_data!$T102 -> 4.381 | K88: =monthly_data!$T114 -> 3.958
A89: April | B89: =monthly_data!$T7 -> 0 | C89: =monthly_data!$T19 -> 0 | D89: =monthly_data!$T31 -> 0 | E89: =monthly_data!$T43 -> 0 | F89: =monthly_data!$T55 -> 0 | G89: =monthly_data!$T67 -> 0.098 | H89: =monthly_data!$T79 -> 6.344 | I89: =monthly_data!$T91 -> 2.939 | J89: =monthly_data!$T103 -> 4.208 | K89: =monthly_data!$T115 -> 2.626
A90: May | B90: =monthly_data!$T8 -> 0 | C90: =monthly_data!$T20 -> 0 | D90: =monthly_data!$T32 -> 0 | E90: =monthly_data!$T44 -> 0 | F90: =monthly_data!$T56 -> 0 | G90: =monthly_data!$T68 -> 2.71 | H90: =monthly_data!$T80 -> 6.212 | I90: =monthly_data!$T92 -> 4.928 | J90: =monthly_data!$T104 -> 3.945 | K90: =monthly_data!$T116 -> 6.114
A91: June | B91: =monthly_data!$T9 -> 0 | C91: =monthly_data!$T21 -> 0 | D91: =monthly_data!$T33 -> 0 | E91: =monthly_data!$T45 -> 0 | F91: =monthly_data!$T57 -> 4 | G91: =monthly_data!$T69 -> 2.695 | H91: =monthly_data!$T81 -> 6.118 | I91: 0 | J91: =monthly_data!$T105 -> 3.774 | K91: =monthly_data!$T117 -> 9.446
A92: July | B92: =monthly_data!$T10 -> 0 | C92: =monthly_data!$T22 -> 0 | D92: =monthly_data!$T34 -> 0 | E92: =monthly_data!$T46 -> 0 | F92: =monthly_data!$T58 -> 3 | G92: =monthly_data!$T70 -> 0 | H92: =monthly_data!$T82 -> 6.014 | I92: =monthly_data!$T94 -> 5.441 | J92: =monthly_data!$T106 -> 3.568 | K92: =monthly_data!$T118 -> 9.304
A93: August | B93: =monthly_data!$T11 -> 0 | C93: =monthly_data!$T23 -> 0 | D93: =monthly_data!$T35 -> 0 | E93: =monthly_data!$T47 -> 0 | F93: =monthly_data!$T59 -> 1 | G93: =monthly_data!$T71 -> 2.674 | H93: =monthly_data!$T83 -> 5.977 | I93: =monthly_data!$T95 -> 5.359 | J93: =monthly_data!$T107 -> 3.253 | K93: =monthly_data!$T119 -> 4.156
A94: September | B94: =monthly_data!$T12 -> 0 | C94: =monthly_data!$T24 -> 0 | D94: =monthly_data!$T36 -> 0 | E94: =monthly_data!$T48 -> 0 | F94: =monthly_data!$T60 -> 1 | G94: =monthly_data!$T72 -> 2.641 | H94: =monthly_data!$T84 -> 5.94 | I94: =monthly_data!$T96 -> 5.241 | J94: =monthly_data!$T108 -> 3.012 | K94: =monthly_data!$T120 -> 16.21
A95: October | B95: =monthly_data!$T13 -> 0 | C95: =monthly_data!$T25 -> 0 | D95: =monthly_data!$T37 -> 0 | E95: =monthly_data!$T49 -> 0 | F95: =monthly_data!$T61 -> 1 | G95: =monthly_data!$T73 -> 2.389 | H95: =monthly_data!$T85 -> 5.848 | I95: =monthly_data!$T97 -> 0 | J95: =monthly_data!$T109 -> 2.799 | K95: =monthly_data!$T121 -> 16.21
A96: November | B96: =monthly_data!$T14 -> 0 | C96: =monthly_data!$T26 -> 0 | D96: =monthly_data!$T38 -> 0 | E96: =monthly_data!$T50 -> 0 | F96: =monthly_data!$T62 -> 1 | G96: =monthly_data!$T74 -> 6.41 | H96: =monthly_data!$T86 -> 5.751 | I96: =monthly_data!$T98 -> 5.121 | J96: =monthly_data!$T110 -> 2.647 | K96: =monthly_data!$T122 -> 9.777
A97: December | B97: =monthly_data!$T15 -> 0 | C97: =monthly_data!$T27 -> 0 | D97: =monthly_data!$T39 -> 0 | E97: =monthly_data!$T51 -> 0 | F97: =monthly_data!$T63 -> 1 | G97: =monthly_data!$T75 -> 6.391 | H97: =monthly_data!$T87 -> 5.617 | I97: =monthly_data!$T99 -> 4.776 | J97: =monthly_data!$T111 -> 2.444 | K97: =monthly_data!$T123 -> 12.193
A99: SAF CLOSING STOCKS
A100: thousand tonnes | B100: =B85 -> 2015 | C100: =C85 -> 2016 | D100: =D85 -> 2017 | E100: =E85 -> 2018 | F100: =F85 -> 2019 | G100: =G85 -> 2020 | H100: =H85 -> 2021 | I100: =I85 -> 2022 | ... U100: =U85 -> 2034
A101: January | B101: =monthly_data!$W4 -> 0 | C101: =monthly_data!$W16 -> 0 | D101: =monthly_data!$W28 -> 0 | E101: =monthly_data!$W40 -> 0 | F101: =monthly_data!$W52 -> 0 | G101: =monthly_data!$W64 -> 0.157 | H101: =monthly_data!$W76 -> 6.391 | I101: =monthly_data!$W88 -> 3.042 | J101: =monthly_data!$W100 -> 4.499 | K101: =monthly_data!$W112 -> 5.878
A102: February | B102: =monthly_data!$W5 -> -73 | C102: =monthly_data!$W17 -> 0 | D102: =monthly_data!$W29 -> 0 | E102: =monthly_data!$W41 -> 0 | F102: =monthly_data!$W53 -> 0 | G102: =monthly_data!$W65 -> 0.111 | H102: =monthly_data!$W77 -> 6.371 | I102: =monthly_data!$W89 -> 2.938 | J102: =monthly_data!$W101 -> 4.381 | K102: =monthly_data!$W113 -> 3.958
A103: March | B103: =monthly_data!$W6 -> -73 | C103: =monthly_data!$W18 -> 0 | D103: =monthly_data!$W30 -> 0 | E103: =monthly_data!$W42 -> 0 | F103: =monthly_data!$W54 -> 0 | G103: =monthly_data!$W66 -> 0.098 | H103: =monthly_data!$W78 -> 6.344 | I103: =monthly_data!$W90 -> 2.939 | J103: =monthly_data!$W102 -> 4.208 | K103: =monthly_data!$W114 -> 2.626
A104: April | B104: =monthly_data!$W7 -> -68 | C104: =monthly_data!$W19 -> 0 | D104: =monthly_data!$W31 -> 0 | E104: =monthly_data!$W43 -> 0 | F104: =monthly_data!$W55 -> 0 | G104: =monthly_data!$W67 -> 2.71 | H104: =monthly_data!$W79 -> 6.212 | I104: =monthly_data!$W91 -> 4.928 | J104: =monthly_data!$W103 -> 3.945 | K104: =monthly_data!$W115 -> 6.114
A105: May | B105: =monthly_data!$W8 -> -68 | C105: =monthly_data!$W20 -> 0 | D105: =monthly_data!$W32 -> 0 | E105: =monthly_data!$W44 -> 0 | F105: =monthly_data!$W56 -> 4 | G105: =monthly_data!$W68 -> 2.695 | H105: =monthly_data!$W80 -> 6.118 | I105: =monthly_data!$W92 -> 4.572 | J105: =monthly_data!$W104 -> 3.774 | K105: =monthly_data!$W116 -> 9.446
A106: June | B106: =monthly_data!$W9 -> 0 | C106: =monthly_data!$W21 -> 0 | D106: =monthly_data!$W33 -> 0 | E106: =monthly_data!$W45 -> 0 | F106: =monthly_data!$W57 -> 3 | G106: =monthly_data!$W69 -> 2.695 | H106: =monthly_data!$W81 -> 6.014 | I106: 0 | J106: =monthly_data!$W105 -> 3.568 | K106: =monthly_data!$W117 -> 9.304
A107: July | B107: =monthly_data!$W10 -> 0 | C107: =monthly_data!$W22 -> 0 | D107: =monthly_data!$W34 -> 0 | E107: =monthly_data!$W46 -> 0 | F107: =monthly_data!$W58 -> 1 | G107: =monthly_data!$W70 -> 0 | H107: =monthly_data!$W82 -> 5.977 | I107: =monthly_data!$W94 -> 5.359 | J107: =monthly_data!$W106 -> 3.253 | K107: =monthly_data!$W118 -> 4.156
A108: August | B108: =monthly_data!$W11 -> 0 | C108: =monthly_data!$W23 -> 0 | D108: =monthly_data!$W35 -> 0 | E108: =monthly_data!$W47 -> 0 | F108: =monthly_data!$W59 -> 1 | G108: =monthly_data!$W71 -> 2.641 | H108: =monthly_data!$W83 -> 5.94 | I108: =monthly_data!$W95 -> 5.241 | J108: =monthly_data!$W107 -> 3.012 | K108: =monthly_data!$W119 -> 16.21
A109: September | B109: =monthly_data!$W12 -> 0 | C109: =monthly_data!$W24 -> 0 | D109: =monthly_data!$W36 -> 0 | E109: =monthly_data!$W48 -> 0 | F109: =monthly_data!$W60 -> 1 | G109: =monthly_data!$W72 -> 2.389 | H109: =monthly_data!$W84 -> 5.848 | I109: =monthly_data!$W96 -> 5.154 | J109: =monthly_data!$W108 -> 2.799 | K109: =monthly_data!$W120 -> 29.813
...

Sheet Jet Fuel
A3: EUROPEAN UNION (EU) JET FUEL SUPPLY AND DEMAND
A4: thousand tonnes | B4: 2015 | C4: 2016 | D4: 2017 | E4: 2018 | F4: 2019 | G4: 2020 | H4: 2021 | I4: 2022 | J4: 2023 | K4: 2024 | L4: 2025 | M4: 2026 | N4: 2027 | O4: 2028 | P4: 2029 | Q4: 2030 | R4: 2031 | S4: 2032 | T4: 2033 | U4: 2034 | V4: 2035
A5: Beginning Stocks | E5: =E85 -> 6806 | F5: =F85 -> 6712.623 | G5: =G85 -> 7169.37 | H5: =H85 -> 8477.106 | I5: =I85 -> 6678.757 | J5: =J85 -> 6852.654 | K5: =J12 -> 7201.654 | L5: =K12 -> 7179.9138 | M5: =L12 -> 7260.2328 | N5: =M12 -> 7275.0393 | O5: =N12 -> 7074.7082 | P5: =O12 -> 7140.7003 | Q5: =P12 -> 7188.7081 | R5: =Q12 -> 7186.5504 | ... V5: =U12 -> 7173.0261
A6: Production | E6: =E33 -> 29148 | F6: =F33 -> 29020.286 | G6: =G33 -> 12800.774 | H6: =H33 -> 12400.323 | I6: =I33 -> 21246.867 | J6: =J33 -> 25672.778 | K6: =AVERAGE(E6:J6)+6000 -> 27714.838 | L6: =AVERAGE(F6:K6) -> 21475.978 | M6: =AVERAGE(G6:L6) -> 20218.593 | N6: =AVERAGE(H6:M6) -> 21454.896 | O6: =AVERAGE(I6:N6) -> 22963.992 | P6: =AVERAGE(J6:O6) -> 23250.179 | Q6: =AVERAGE(K6:P6) -> 22846.413 | R6: =AVERAGE(L6:Q6) -> 22035.008 | S6: =AVERAGE(M6:R6) -> 22128.18 | ... V6: =AVERAGE(P6:U6) -> 22552.988
A7: Imports | E7: =E49 -> 27003 | F7: =F49 -> 28017.615 | G7: =G49 -> 17667.35 | H7: =H49 -> 18837.24 | I7: =I49 -> 24793.736 | J7: =J49 -> 25195.221 | K7: =AVERAGE(E7:J7)+3000 -> 26585.694 | L7: =AVERAGE(F7:K7) -> 23516.143 | M7: =AVERAGE(G7:L7) -> 22765.897 | N7: =AVERAGE(H7:M7) -> 23615.655 | O7: =AVERAGE(I7:N7) -> 24412.058 | P7: =AVERAGE(J7:O7) -> 24348.445 | Q7: =AVERAGE(K7:P7) -> 24207.315 | R7: =AVERAGE(L7:Q7) -> 23810.919 | S7: =AVERAGE(M7:R7) -> 23860.048 | ... V7: =AVERAGE(P7:U7) -> 24063.777
A8: Total Supply | E8: =SUM(E5:E7) -> 62957 | F8: =SUM(F5:F7) -> 63750.524 | G8: =SUM(G5:G7) -> 37637.494 | H8: =SUM(H5:H7) -> 39714.669 | I8: =SUM(I5:I7) -> 52719.36 | J8: =SUM(J5:J7) -> 57720.653 | K8: =SUM(K5:K7) -> 61502.186 | L8: =AVERAGE(F8:K8) -> 52174.148 | M8: =SUM(M5:M7) -> 50244.723 | N8: =SUM(N5:N7) -> 52345.59 | O8: =SUM(O5:O7) -> 54450.757 | P8: =SUM(P5:P7) -> 54739.324 | Q8: =SUM(Q5:Q7) -> 54242.436 | R8: =SUM(R5:R7) -> 53032.477 | S8: =SUM(S5:S7) -> 53175.885 | T8: =SUM(T5:T7) -> 53664.412 | ... V8: =SUM(V5:V7) -> 53789.791
A9: Domestic Use | E9: =E81 -> 39042 | F9: =F81 -> 39474.637 | G9: =G81 -> 17296.623 | H9: =H81 -> 21050.951 | I9: =I81 -> 31601.689 | J9: =J81 -> 35208.882 | K9: =J9*(1+K17) -> 36951.896 | L9: =K9*(1+L17) -> 37997.704 | M9: =L9*(1+M17) -> 39043.513 | N9: =M9*(1+N17) -> 39740.718 | O9: =N9*(1+O17) -> 40786.527 | P9: =O9*(1+P17) -> 41483.732 | Q9: =P9*(1+Q17) -> 42180.938 | R9: =AVERAGE(L9:Q9) -> 40205.522 | S9: =AVERAGE(M9:R9) -> 40573.492 | T9: =AVERAGE(N9:S9) -> 40828.488 | U9: =AVERAGE(O9:T9) -> 41009.783 | V9: =AVERAGE(P9:U9) -> 41046.992
A10: Exports | E10: =E65 -> 17226 | F10: =F65 -> 15865.156 | G10: =G65 -> 11728.411 | H10: =H65 -> 12062.459 | I10: =I65 -> 14265.019 | J10: =J65 -> 15277.076 | K10: =AVERAGE(E10:J10)+3000 -> 17404.02 | L10: =AVERAGE(F10:K10) -> 14433.69 | M10: =AVERAGE(G10:L10) -> 14195.113 | N10: =AVERAGE(H10:M10) -> 14606.229 | O10: =AVERAGE(I10:N10) -> 15030.191 | P10: =AVERAGE(J10:O10) -> 15157.72 | Q10: =AVERAGE(K10:P10) -> 15137.827 | R10: =AVERAGE(L10:Q10) -> 14760.128 | S10: =AVERAGE(M10:R10) -> 14814.535 | ... V10: =AVERAGE(P10:U10) -> 14959.613
A11: Total Demand | E11: =E10+E9 -> 56268 | F11: =F10+F9 -> 55339.793 | G11: =G10+G9 -> 29025.034 | H11: =H10+H9 -> 33113.41 | I11: =I10+I9 -> 45866.708 | J11: =J10+J9 -> 50485.958 | K11: =K10+K9 -> 54355.916 | L11: =L10+L9 -> 52431.395 | ... V11: =V10+V9 -> 56006.605
A12: Ending Stocks | E12: =E111 -> 6698 | F12: =F111 -> 7171.394 | G12: =G111 -> 8477.026 | H12: =H111 -> 6678.755 | I12: =I111 -> 6852.654 | J12: =J111 -> 7201.654 | K12: =AVERAGE(E12:J12) -> 7179.9138 | L12: =AVERAGE(F12:K12) -> 7260.2328 | M12: =AVERAGE(G12:L12) -> 7275.0393 | N12: =AVERAGE(H12:M12) -> 7074.7082 | O12: =AVERAGE(I12:N12) -> 7140.7003 | P12: =AVERAGE(J12:O12) -> 7188.7081 | Q12: =AVERAGE(K12:P12) -> 7186.5504 | R12: =AVERAGE(L12:Q12) -> 7187.6565 | ... V12: =AVERAGE(P12:U12) -> 7178.4137
A14: % Change | H14: =(H9-G9)/G9 -> 0.21705555 | I14: =(I9-H9)/H9 -> 0.50120006 | J14: =(J9-I9)/I9 -> 0.11414558 | K14: =(K9-J9)/J9 -> 0.04950495 | L14: =(L9-K9)/K9 -> 0.028301887 | M14: =(M9-L9)/L9 -> 0.027522936 | N14: =(N9-M9)/M9 -> 0.017857143 | O14: =(O9-N9)/N9 -> 0.026315789 | ... Q14: =(Q9-P9)/P9 -> 0.016806723
A16: MM Flights Basecase (https://www.eurocontrol.int/our-data) | G16: 5 | H16: 6.2 | I16: 9.2 | J16: 10.1 | K16: 10.6 | L16: 10.9 | M16: 11.2 | N16: 11.4 | O16: 11.7 | P16: 11.9 | Q16: 12.1
A17: % growth | H17: =(H16-G16)/G16 -> 0.24 | I17: =(I16-H16)/H16 -> 0.48387097 | J17: =(J16-I16)/I16 -> 0.097826087 | K17: =(K16-J16)/J16 -> 0.04950495 | L17: =(L16-K16)/K16 -> 0.028301887 | M17: =(M16-L16)/L16 -> 0.027522936 | N17: =(N16-M16)/M16 -> 0.017857143 | O17: =(O16-N16)/N16 -> 0.026315789 | ... Q17: =(Q16-P16)/P16 -> 0.016806723
A19: JET FUEL PRODUCTION
A20: thousand tonnes | E20: =E4 -> 2018 | F20: =F4 -> 2019 | G20: =G4 -> 2020 | H20: =H4 -> 2021 | I20: =I4 -> 2022 | J20: =J4 -> 2023 | K20: =K4 -> 2024 | L20: =L4 -> 2025 | ... T20: =T4 -> 2033
A21: January | E21: =E53+E69+E100-E85-E37 -> 1894 | F21: =F53+F69+F100-F85-F37 -> 2269.701 | G21: =G53+G69+G100-G85-G37 -> 2628.631 | H21: =H53+H69+H100-H85-H37 -> 1044.848 | I21: =I53+I69+I100-I85-I37 -> 1554.789 | J21: =J53+J69+J100-J85-J37 -> 2006.705 | K21: =K53+K69+K100-K85-K37 -> 2086.908 | L21: =L$33*(SUM(G21:K21)/SUM(G$33:K$33)) -> 2005.2621 | M21: =M$33*(SUM(H21:L21)/SUM(H$33:L$33)) -> 1620.776 | N21: =N$33*(SUM(I21:M21)/SUM(I$33:M$33)) -> 1710.5112 | O21: =O$33*(SUM(J21:N21)/SUM(J$33:N$33)) -> 1858.2426 | P21: =P$33*(SUM(K21:O21)/SUM(K$33:O$33)) -> 1895.8483 | Q21: =Q$33*(SUM(L21:P21)/SUM(L$33:P$33)) -> 1899.0637 | R21: =R$33*(SUM(M21:Q21)/SUM(M$33:Q$33)) -> 1787.817 | S21: =S$33*(SUM(N21:R21)/SUM(N$33:R$33)) -> 1799.2428 | T21: =T$33*(SUM(O21:S21)/SUM(O$33:S$33)) -> 1831.8588
A22: February | E22: =E54+E70+E101-E86-E38 -> 2200 | F22: =F54+F70+F101-F86-F38 -> 2092.839 | G22: =G54+G70+G101-G86-G38 -> 2318.872 | H22: =H54+H70+H101-H86-H38 -> 791.173 | I22: =I54+I70+I101-I86-I38 -> 1372.326 | J22: =J54+J70+J101-J86-J38 -> 1610.687 | K22: =K54+K70+K101-K86-K38 -> 2180.551 | L22: =L$33*(SUM(G22:K22)/SUM(G$33:K$33)) -> 1779.7647 | M22: =M$33*(SUM(H22:L22)/SUM(H$33:L$33)) -> 1441.1539 | N22: =N$33*(SUM(I22:M22)/SUM(I$33:M$33)) -> 1546.3738 | O22: =O$33*(SUM(J22:N22)/SUM(J$33:N$33)) -> 1686.4848 | P22: =P$33*(SUM(K22:O22)/SUM(K$33:O$33)) -> 1763.6184 | Q22: =Q$33*(SUM(L22:P22)/SUM(L$33:P$33)) -> 1716.6402 | R22: =R$33*(SUM(M22:Q22)/SUM(M$33:Q$33)) -> 1622.621 | S22: =S$33*(SUM(N22:R22)/SUM(N$33:R$33)) -> 1638.862 | T22: =T$33*(SUM(O22:S22)/SUM(O$33:S$33)) -> 1670.8834
A23: March | E23: =E55+E71+E102-E87-E39 -> 2320 | F23: =F55+F71+F102-F87-F39 -> 2441.226 | G23: =G55+G71+G102-G87-G39 -> 1590.689 | H23: =H55+H71+H102-H87-H39 -> 675.249 | I23: =I55+I71+I102-I87-I39 -> 1197.119 | J23: =J55+J71+J102-J87-J39 -> 1873.696 | K23: =K55+K71+K102-K87-K39 -> 1980.113 | L23: =L$33*(SUM(G23:K23)/SUM(G$33:K$33)) -> 1573.9564 | M23: =M$33*(SUM(H23:L23)/SUM(H$33:L$33)) -> 1360.219 | N23: =N$33*(SUM(I23:M23)/SUM(I$33:M$33)) -> 1472.7152 | O23: =O$33*(SUM(J23:N23)/SUM(J$33:N$33)) -> 1627.7963 | P23: =P$33*(SUM(K23:O23)/SUM(K$33:O$33)) -> 1637.0757 | Q23: =Q$33*(SUM(L23:P23)/SUM(L$33:P$33)) -> 1602.6557 | R23: =R$33*(SUM(M23:Q23)/SUM(M$33:Q$33)) -> 1532.3173 | S23: =S$33*(SUM(N23:R23)/SUM(N$33:R$33)) -> 1547.7981 | T23: =T$33*(SUM(O23:S23)/SUM(O$33:S$33)) -> 1575.6084
A24: April | E24: =E56+E72+E103-E88-E40 -> 1971 | F24: =F56+F72+F103-F88-F40 -> 2329.89 | G24: =G56+G72+G103-G88-G40 -> 894.884 | H24: =H56+H72+H103-H88-H40 -> 656.088 | I24: =I56+I72+I103-I88-I40 -> 1347.321 | J24: =J56+J72+J103-J88-J40 -> 1916.497 | K24: =K56+K72+K103-K88-K40 -> 2183.064 | L24: =L$33*(SUM(G24:K24)/SUM(G$33:K$33)) -> 1505.3326 | M24: =M$33*(SUM(H24:L24)/SUM(H$33:L$33)) -> 1417.6395 | N24: =N$33*(SUM(I24:M24)/SUM(I$33:M$33)) -> 1543.6759 | O24: =O$33*(SUM(J24:N24)/SUM(J$33:N$33)) -> 1687.9979 | P24: =P$33*(SUM(K24:O24)/SUM(K$33:O$33)) -> 1703.0321 | Q24: =Q$33*(SUM(L24:P24)/SUM(L$33:P$33)) -> 1641.494 | R24: =R$33*(SUM(M24:Q24)/SUM(M$33:Q$33)) -> 1590.6967 | S24: =S$33*(SUM(N24:R24)/SUM(N$33:R$33)) -> 1605.6666 | T24: =T$33*(SUM(O24:S24)/SUM(O$33:S$33)) -> 1631.3647
A25: May | E25: =E57+E73+E104-E89-E41 -> 2624 | F25: =F57+F73+F104-F89-F41 -> 2316.87 | G25: =G57+G73+G104-G89-G41 -> 510.464 | H25: =H57+H73+H104-H89-H41 -> 614.306 | I25: =I57+I73+I104-I89-I41 -> 2133.568 | J25: =J57+J73+J104-J89-J41 -> 2199.219 | K25: =K57+K73+K104-K89-K41 -> 2175.362 | L25: =L$33*(SUM(G25:K25)/SUM(G$33:K$33)) -> 1641.9437 | M25: =M$33*(SUM(H25:L25)/SUM(H$33:L$33)) -> 1633.0525 | N25: =N$33*(SUM(I25:M25)/SUM(I$33:M$33)) -> 1804.3331 | O25: =O$33*(SUM(J25:N25)/SUM(J$33:N$33)) -> 1862.9222 | P25: =P$33*(SUM(K25:O25)/SUM(K$33:O$33)) -> 1862.3326 | Q25: =Q$33*(SUM(L25:P25)/SUM(L$33:P$33)) -> 1839.3057 | R25: =R$33*(SUM(M25:Q25)/SUM(M$33:Q$33)) -> 1791.3001 | S25: =S$33*(SUM(N25:R25)/SUM(N$33:R$33)) -> 1800.9555 | T25: =T$33*(SUM(O25:S25)/SUM(O$33:S$33)) -> 1815.3252
A26: June | E26: =E58+E74+E105-E90-E42 -> 2583 | F26: =F58+F74+F105-F90-F42 -> 2349.47 | G26: =G58+G74+G105-G90-G42 -> 635.129 | H26: =H58+H74+H105-H90-H42 -> 987.644 | I26: =I58+I74+I105-I90-I42 -> 2182.357 | J26: =J58+J74+J105-J90-J42 -> 2299.129 | K26: =K58+K74+K105-K90-K42 -> 2740.007 | L26: =L$33*(SUM(G26:K26)/SUM(G$33:K$33)) -> 1902.5207 | M26: =M$33*(SUM(H26:L26)/SUM(H$33:L$33)) -> 1884.0846 | N26: =N$33*(SUM(I26:M26)/SUM(I$33:M$33)) -> 2030.2547 | O26: =O$33*(SUM(J26:N26)/SUM(J$33:N$33)) -> 2139.2075 | P26: =P$33*(SUM(K26:O26)/SUM(K$33:O$33)) -> 2184.7436 | Q26: =Q$33*(SUM(L26:P26)/SUM(L$33:P$33)) -> 2118.4478 | R26: =R$33*(SUM(M26:Q26)/SUM(M$33:Q$33)) -> 2060.8906 | S26: =S$33*(SUM(N26:R26)/SUM(N$33:R$33)) -> 2070.9654 | T26: =T$33*(SUM(O26:S26)/SUM(O$33:S$33)) -> 2096.3303
A27: July | E27: =E59+E75+E106-E91-E43 -> 2807 | F27: =F59+F75+F106-F91-F43 -> 2994.772 | G27: =G59+G75+G106-G91-G43 -> 765.507 | H27: =H59+H75+H106-H91-H43 -> 1080.409 | I27: =I59+I75+I106-I91-I43 -> 2429.083 | J27: =J59+J75+J106-J91-J43 -> 2213.474 | K27: =K59+K75+K106-K91-K43 -> 2887.568 | L27: =L$33*(SUM(G27:K27)/SUM(G$33:K$33)) -> 2016.9127 | M27: =M$33*(SUM(H27:L27)/SUM(H$33:L$33)) -> 1980.1905 | N27: =N$33*(SUM(I27:M27)/SUM(I$33:M$33)) -> 2125.9993 | O27: =O$33*(SUM(J27:N27)/SUM(J$33:N$33)) -> 2211.7523 | P27: =P$33*(SUM(K27:O27)/SUM(K$33:O$33)) -> 2292.2537 | Q27: =Q$33*(SUM(L27:P27)/SUM(L$33:P$33)) -> 2220.0368 | R27: =R$33*(SUM(M27:Q27)/SUM(M$33:Q$33)) -> 2155.1114 | S27: =S$33*(SUM(N27:R27)/SUM(N$33:R$33)) -> 2163.6869 | T27: =T$33*(SUM(O27:S27)/SUM(O$33:S$33)) -> 2189.2269
A28: August | E28: =E60+E76+E107-E92-E44 -> 2898 | F28: =F60+F76+F107-F92-F44 -> 2915.541 | G28: =G60+G76+G107-G92-G44 -> 1003.24 | H28: =H60+H76+H107-H92-H44 -> 1325.991 | I28: =I60+I76+I107-I92-I44 -> 2463.005 | J28: =J60+J76+J107-J92-J44 -> 2646.349 | K28: =K$33*(SUM(F28:J28)/SUM(F$33:J$33)) -> 2837.2554 | L28: =L$33*(SUM(G28:K28)/SUM(G$33:K$33)) -> 2210.4716 | M28: =M$33*(SUM(H28:L28)/SUM(H$33:L$33)) -> 2139.6174 | N28: =N$33*(SUM(I28:M28)/SUM(I$33:M$33)) -> 2267.9148 | O28: =O$33*(SUM(J28:N28)/SUM(J$33:N$33)) -> 2384.6592 | P28: =P$33*(SUM(K28:O28)/SUM(K$33:O$33)) -> 2418.3813 | Q28: =Q$33*(SUM(L28:P28)/SUM(L$33:P$33)) -> 2385.8926 | R28: =R$33*(SUM(M28:Q28)/SUM(M$33:Q$33)) -> 2307.5843 | ... T28: =T$33*(SUM(O28:S28)/SUM(O$33:S$33)) -> 2341.2126
A29: September | E29: =E61+E77+E108-E93-E45 -> 2528 | F29: =F61+F77+F108-F93-F45 -> 2692.358 | G29: =G61+G77+G108-G93-G45 -> 765.679 | H29: =H61+H77+H108-H93-H45 -> 1241.228 | I29: =I61+I77+I108-I93-I45 -> 1881.258 | J29: =J61+J77+J108-J93-J45 -> 2084.158 | K29: =K$33*(SUM(F29:J29)/SUM(F$33:J$33)) -> 2374.3108 | L29: =L$33*(SUM(G29:K29)/SUM(G$33:K$33)) -> 1795.4733 | M29: =M$33*(SUM(H29:L29)/SUM(H$33:L$33)) -> 1747.0907 | N29: =N$33*(SUM(I29:M29)/SUM(I$33:M$33)) -> 1822.6188 | O29: =O$33*(SUM(J29:N29)/SUM(J$33:N$33)) -> 1935.7808 | P29: =P$33*(SUM(K29:O29)/SUM(K$33:O$33)) -> 1976.2385 | Q29: =Q$33*(SUM(L29:P29)/SUM(L$33:P$33)) -> 1938.0371 | R29: =R$33*(SUM(M29:Q29)/SUM(M$33:Q$33)) -> 1874.4422 | ... T29: =T$33*(SUM(O29:S29)/SUM(O$33:S$33)) -> 1903.4883
A30: October | E30: =E62+E78+E109-E94-E46 -> 2646 | F30: =F62+F78+F109-F94-F46 -> 2463.707 | G30: =G62+G78+G109-G94-G46 -> 516.635 | H30: =H62+H78+H109-H94-H46 -> 1225.197 | I30: =I62+I78+I109-I94-I46 -> 1541.779 | J30: =J62+J78+J109-J94-J46 -> 2457.58 | K30: =K$33*(SUM(F30:J30)/SUM(F$33:J$33)) -> 2248.3202 | L30: =L$33*(SUM(G30:K30)/SUM(G$33:K$33)) -> 1718.6515 | M30: =M$33*(SUM(H30:L30)/SUM(H$33:L$33)) -> 1712.6386 | N30: =N$33*(SUM(I30:M30)/SUM(I$33:M$33)) -> 1785.1197 | O30: =O$33*(SUM(J30:N30)/SUM(J$33:N$33)) -> 1955.2218 | P30: =P$33*(SUM(K30:O30)/SUM(K$33:O$33)) -> 1924.0872 | Q30: =Q$33*(SUM(L30:P30)/SUM(L$33:P$33)) -> 1900.1246 | R30: =R$33*(SUM(M30:Q30)/SUM(M$33:Q$33)) -> 1846.0714 | ... T30: =T$33*(SUM(O30:S30)/SUM(O$33:S$33)) -> 1878.5428
A31: November | E31: =E63+E79+E110-E95-E47 -> 2184 | F31: =F63+F79+F110-F95-F47 -> 2034.55 | G31: =G63+G79+G110-G95-G47 -> 776.54 | H31: =H63+H79+H110-H95-H47 -> 1446.744 | I31: =I63+I79+I110-I95-I47 -> 1586.537 | J31: =J63+J79+J110-J95-J47 -> 2137.645 | K31: =K$33*(SUM(F31:J31)/SUM(F$33:J$33)) -> 2187.2457 | L31: =L$33*(SUM(G31:K31)/SUM(G$33:K$33)) -> 1749.886 | M31: =M$33*(SUM(H31:L31)/SUM(H$33:L$33)) -> 1697.0858 | N31: =N$33*(SUM(I31:M31)/SUM(I$33:M$33)) -> 1725.9961 | O31: =O$33*(SUM(J31:N31)/SUM(J$33:N$33)) -> 1871.5823 | P31: =P$33*(SUM(K31:O31)/SUM(K$33:O$33)) -> 1885.6551 | Q31: =Q$33*(SUM(L31:P31)/SUM(L$33:P$33)) -> 1865.5484 | R31: =R$33*(SUM(M31:Q31)/SUM(M$33:Q$33)) -> 1800.0401 | ... T31: =T$33*(SUM(O31:S31)/SUM(O$33:S$33)) -> 1828.1577
A32: December | E32: =E64+E80+E111-E96-E48 -> 2493 | F32: =F64+F80+F111-F96-F48 -> 2119.362 | G32: =G64+G80+G111-G96-G48 -> 394.504 | H32: =H64+H80+H111-H96-H48 -> 1311.446 | I32: =I64+I80+I111-I96-I48 -> 1557.725 | J32: =J64+J80+J111-J96-J48 -> 2227.639 | K32: =K$33*(SUM(F32:J32)/SUM(F$33:J$33)) -> 2085.4905 | L32: =L$33*(SUM(G32:K32)/SUM(G$33:K$33)) -> 1629.8727 | M32: =M$33*(SUM(H32:L32)/SUM(H$33:L$33)) -> 1641.9542 | N32: =N$33*(SUM(I32:M32)/SUM(I$33:M$33)) -> 1686.2106 | O32: =O$33*(SUM(J32:N32)/SUM(J$33:N$33)) -> 1826.9121 | P32: =P$33*(SUM(K32:O32)/SUM(K$33:O$33)) -> 1811.8458 | Q32: =Q$33*(SUM(L32:P32)/SUM(L$33:P$33)) -> 1795.898 | R32: =R$33*(SUM(M32:Q32)/SUM(M$33:Q$33)) -> 1743.7165 | ... T32: =T$33*(SUM(O32:S32)/SUM(O$33:S$33)) -> 1768.6164
A33: Total | E33: =SUM(E21:E32) -> 29148 | F33: =SUM(F21:F32) -> 29020.286 | G33: =SUM(G21:G32) -> 12800.774 | H33: =SUM(H21:H32) -> 12400.323 | I33: =SUM(I21:I32) -> 21246.867 | J33: =SUM(J21:J32) -> 25672.778 | K33: =K6 -> 27714.838 | L33: =L6 -> 21475.978 | M33: =M6 -> 20218.593 | N33: =N6 -> 21454.896 | O33: =O6 -> 22963.992 | P33: =P6 -> 23250.179 | Q33: =Q6 -> 22846.413 | R33: =R6 -> 22035.008 | ... T33: =T6 -> 22446.445
A35: JET FUEL IMPORTS (Eurostat)
A36: thousand tonnes | E36: =E20 -> 2018 | F36: =F20 -> 2019 | G36: =G20 -> 2020 | H36: =H20 -> 2021 | I36: =I20 -> 2022 | J36: =J20 -> 2023 | K36: =K20 -> 2024 | L36: =L20 -> 2025 | ... T36: =T20 -> 2033
A37: January | E37: =monthly_data!$C$40 -> 2044 | F37: =monthly_data!$C$52 -> 2008.381 | G37: =monthly_data!$C$64 -> 2190.814 | H37: =monthly_data!$C$76 -> 1260.601 | I37: =monthly_data!$C$88 -> 1455.563 | J37: =monthly_data!$C$100 -> 1439.88 | K37: =monthly_data!$C$112 -> 1934.004 | L37: =L$49*(SUM(G37:K37)/SUM(G$49:K$49)) -> 1722.1015 | M37: =M$49*(SUM(H37:L37)/SUM(H$49:L$49)) -> 1495.4472 | N37: =N$49*(SUM(I37:M37)/SUM(I$49:M$49)) -> 1546.8028 | O37: =O$49*(SUM(J37:N37)/SUM(J$49:N$49)) -> 1632.7527 | P37: =P$49*(SUM(K37:O37)/SUM(K$49:O$49)) -> 1677.8922 | Q37: =Q$49*(SUM(L37:P37)/SUM(L$49:P$49)) -> 1647.3702 | R37: =R$49*(SUM(M37:Q37)/SUM(M$49:Q$49)) -> 1596.1011 | S37: =S$49*(SUM(N37:R37)/SUM(N$49:R$49)) -> 1605.4595 | T37: =T$49*(SUM(O37:S37)/SUM(O$49:S$49)) -> 1626.1424
A38: February | E38: =monthly_data!$C41 -> 1446 | F38: =monthly_data!$C53 -> 1846.31 | G38: =monthly_data!$C65 -> 1575.416 | H38: =monthly_data!$C77 -> 1130.382 | I38: =monthly_data!$C89 -> 1179.248 | J38: =monthly_data!$C101 -> 1887.631 | K38: =monthly_data!$C113 -> 1626.386 | L38: =L$49*(SUM(G38:K38)/SUM(G$49:K$49)) -> 1538.7212 | M38: =M$49*(SUM(H38:L38)/SUM(H$49:L$49)) -> 1409.3474 | N38: =N$49*(SUM(I38:M38)/SUM(I$49:M$49)) -> 1468.826 | O38: =O$49*(SUM(J38:N38)/SUM(J$49:N$49)) -> 1591.1578 | P38: =P$49*(SUM(K38:O38)/SUM(K$49:O$49)) -> 1537.5823 | Q38: =Q$49*(SUM(L38:P38)/SUM(L$49:P$49)) -> 1539.3758 | R38: =R$49*(SUM(M38:Q38)/SUM(M$49:Q$49)) -> 1505.5302 | S38: =S$49*(SUM(N38:R38)/SUM(N$49:R$49)) -> 1514.6034 | T38: =T$49*(SUM(O38:S38)/SUM(O$49:S$49)) -> 1532.2106
A39: March | E39: =monthly_data!$C42 -> 1807 | F39: =monthly_data!$C54 -> 2167.535 | G39: =monthly_data!$C66 -> 1841.419 | H39: =monthly_data!$C78 -> 1108.34 | I39: =monthly_data!$C90 -> 1801.061 | J39: =monthly_data!$C102 -> 1610.284 | K39: =monthly_data!$C114 -> 2230.91 | L39: =L$49*(SUM(G39:K39)/SUM(G$49:K$49)) -> 1786.8092 | M39: =M$49*(SUM(H39:L39)/SUM(H$49:L$49)) -> 1634.2797 | N39: =N$49*(SUM(I39:M39)/SUM(I$49:M$49)) -> 1742.1664 | O39: =O$49*(SUM(J39:N39)/SUM(J$49:N$49)) -> 1806.5388 | P39: =P$49*(SUM(K39:O39)/SUM(K$49:O$49)) -> 1853.0295 | Q39: =Q$49*(SUM(L39:P39)/SUM(L$49:P$49)) -> 1799.9336 | R39: =R$49*(SUM(M39:Q39)/SUM(M$49:Q$49)) -> 1762.8249 | S39: =S$49*(SUM(N39:R39)/SUM(N$49:R$49)) -> 1776.6047 | T39: =T$49*(SUM(O39:S39)/SUM(O$49:S$49)) -> 1793.4197
A40: April | E40: =monthly_data!$C43 -> 2178 | F40: =monthly_data!$C55 -> 2551.962 | G40: =monthly_data!$C67 -> 1166.739 | H40: =monthly_data!$C79 -> 1177.385 | I40: =monthly_data!$C91 -> 1848.263 | J40: =monthly_data!$C103 -> 2059.68 | K40: =monthly_data!$C115 -> 2623.302 | L40: =L$49*(SUM(G40:K40)/SUM(G$49:K$49)) -> 1845.7362 | M40: =M$49*(SUM(H40:L40)/SUM(H$49:L$49)) -> 1828.9525 | N40: =N$49*(SUM(I40:M40)/SUM(I$49:M$49)) -> 1961.7964 | O40: =O$49*(SUM(J40:N40)/SUM(J$49:N$49)) -> 2070.3674 | P40: =P$49*(SUM(K40:O40)/SUM(K$49:O$49)) -> 2080.5018 | Q40: =Q$49*(SUM(L40:P40)/SUM(L$49:P$49)) -> 1996.7063 | R40: =R$49*(SUM(M40:Q40)/SUM(M$49:Q$49)) -> 1982.7556 | S40: =S$49*(SUM(N40:R40)/SUM(N$49:R$49)) -> 2000.0819 | T40: =T$49*(SUM(O40:S40)/SUM(O$49:S$49)) -> 2018.9154
A41: May | E41: =monthly_data!$C44 -> 2499 | F41: =monthly_data!$C56 -> 2431.944 | G41: =monthly_data!$C68 -> 1649.378 | H41: =monthly_data!$C80 -> 1550.68 | I41: =monthly_data!$C92 -> 1931.461 | J41: =monthly_data!$C104 -> 2474.343 | K41: =monthly_data!$C116 -> 2600.932 | L41: =L$49*(SUM(G41:K41)/SUM(G$49:K$49)) -> 2122.6215 | M41: =M$49*(SUM(H41:L41)/SUM(H$49:L$49)) -> 2044.435 | N41: =N$49*(SUM(I41:M41)/SUM(I$49:M$49)) -> 2147.8393 | O41: =O$49*(SUM(J41:N41)/SUM(J$49:N$49)) -> 2285.1798 | P41: =P$49*(SUM(K41:O41)/SUM(K$49:O$49)) -> 2255.8924 | Q41: =Q$49*(SUM(L41:P41)/SUM(L$49:P$49)) -> 2214.7129 | R41: =R$49*(SUM(M41:Q41)/SUM(M$49:Q$49)) -> 2184.2038 | S41: =S$49*(SUM(N41:R41)/SUM(N$49:R$49)) -> 2197.4123 | T41: =T$49*(SUM(O41:S41)/SUM(O$49:S$49)) -> 2219.6007
A42: June | E42: =monthly_data!$C45 -> 2426 | F42: =monthly_data!$C57 -> 2581.056 | G42: =monthly_data!$C69 -> 1292.354 | H42: =monthly_data!$C81 -> 1246.252 | I42: =monthly_data!$C93 -> 2112.382 | J42: =monthly_data!$C105 -> 1919.335 | K42: =monthly_data!$C117 -> 2282.416 | L42: =L$49*(SUM(G42:K42)/SUM(G$49:K$49)) -> 1841.03 | M42: =M$49*(SUM(H42:L42)/SUM(H$49:L$49)) -> 1799.6736 | N42: =N$49*(SUM(I42:M42)/SUM(I$49:M$49)) -> 1913.5302 | O42: =O$49*(SUM(J42:N42)/SUM(J$49:N$49)) -> 1957.3174 | P42: =P$49*(SUM(K42:O42)/SUM(K$49:O$49)) -> 1972.5132 | Q42: =Q$49*(SUM(L42:P42)/SUM(L$49:P$49)) -> 1934.8325 | R42: =R$49*(SUM(M42:Q42)/SUM(M$49:Q$49)) -> 1910.8422 | S42: =S$49*(SUM(N42:R42)/SUM(N$49:R$49)) -> 1920.1962 | T42: =T$49*(SUM(O42:S42)/SUM(O$49:S$49)) -> 1932.2808
A43: July | E43: =monthly_data!$C46 -> 2692 | F43: =monthly_data!$C58 -> 2515.799 | G43: =monthly_data!$C70 -> 1133.427 | H43: =monthly_data!$C82 -> 1727.606 | I43: =monthly_data!$C94 -> 2126.367 | J43: =monthly_data!$C106 -> 2728.301 | K43: =monthly_data!$C118 -> 2240.897 | L43: =L$49*(SUM(G43:K43)/SUM(G$49:K$49)) -> 2070.5903 | M43: =M$49*(SUM(H43:L43)/SUM(H$49:L$49)) -> 2085.3473 | N43: =N$49*(SUM(I43:M43)/SUM(I$49:M$49)) -> 2162.7768 | O43: =O$49*(SUM(J43:N43)/SUM(J$49:N$49)) -> 2264.664 | P43: =P$49*(SUM(K43:O43)/SUM(K$49:O$49)) -> 2180.0182 | Q43: =Q$49*(SUM(L43:P43)/SUM(L$49:P$49)) -> 2195.8275 | R43: =R$49*(SUM(M43:Q43)/SUM(M$49:Q$49)) -> 2172.3481 | S43: =S$49*(SUM(N43:R43)/SUM(N$49:R$49)) -> 2175.1775 | T43: =T$49*(SUM(O43:S43)/SUM(O$49:S$49)) -> 2189.8332
A44: August | E44: =monthly_data!$C47 -> 2670 | F44: =monthly_data!$C59 -> 2518.544 | G44: =monthly_data!$C71 -> 1423.448 | H44: =monthly_data!$C83 -> 2095.602 | I44: =monthly_data!$C95 -> 2461.238 | J44: =monthly_data!$C107 -> 2303.681 | K44: =K$49*(SUM(F44:J44)/SUM(F$49:J$49))-500 -> 2007.9852 | L44: =L$49*(SUM(G44:K44)/SUM(G$49:K$49)) -> 2140.3315 | M44: =M$49*(SUM(H44:L44)/SUM(H$49:L$49)) -> 2107.3759 | N44: =N$49*(SUM(I44:M44)/SUM(I$49:M$49)) -> 2118.3947 | O44: =O$49*(SUM(J44:N44)/SUM(J$49:N$49)) -> 2142.2524 | P44: =P$49*(SUM(K44:O44)/SUM(K$49:O$49)) -> 2117.9997 | Q44: =Q$49*(SUM(L44:P44)/SUM(L$49:P$49)) -> 2167.8697 | R44: =R$49*(SUM(M44:Q44)/SUM(M$49:Q$49)) -> 2125.5157 | S44: =S$49*(SUM(N44:R44)/SUM(N$49:R$49)) -> 2115.0088 | T44: =T$49*(SUM(O44:S44)/SUM(O$49:S$49)) -> 2126.1813
A45: September | E45: =monthly_data!$C48 -> 2590 | F45: =monthly_data!$C60 -> 2528.931 | G45: =monthly_data!$C72 -> 1455.141 | H45: =monthly_data!$C84 -> 1712.91 | I45: =monthly_data!$C96 -> 2611.827 | J45: =monthly_data!$C108 -> 2319.145 | K45: =K$49*(SUM(F45:J45)/SUM(F$49:J$49))-400 -> 2067.4584 | L45: =L$49*(SUM(G45:K45)/SUM(G$49:K$49)) -> 2114.238 | M45: =M$49*(SUM(H45:L45)/SUM(H$49:L$49)) -> 2072.2953 | N45: =N$49*(SUM(I45:M45)/SUM(I$49:M$49)) -> 2149.9867 | O45: =O$49*(SUM(J45:N45)/SUM(J$49:N$49)) -> 2151.3519 | P45: =P$49*(SUM(K45:O45)/SUM(K$49:O$49)) -> 2125.8524 | Q45: =Q$49*(SUM(L45:P45)/SUM(L$49:P$49)) -> 2165.293 | R45: =R$49*(SUM(M45:Q45)/SUM(M$49:Q$49)) -> 2127.6878 | S45: =S$49*(SUM(N45:R45)/SUM(N$49:R$49)) -> 2124.5492 | T45: =T$49*(SUM(O45:S45)/SUM(O$49:S$49)) -> 2131.3805
A46: October | E46: =monthly_data!$C49 -> 2349 | F46: =monthly_data!$C61 -> 2349.945 | G46: =monthly_data!$C73 -> 1704.915 | H46: =monthly_data!$C85 -> 1849.374 | I46: =monthly_data!$C97 -> 2802.417 | J46: =monthly_data!$C109 -> 2300.665 | K46: =K$49*(SUM(F46:J46)/SUM(F$49:J$49))-300 -> 2255.5337 | L46: =L$49*(SUM(G46:K46)/SUM(G$49:K$49)) -> 2269.4654 | M46: =M$49*(SUM(H46:L46)/SUM(H$49:L$49)) -> 2197.0813 | N46: =N$49*(SUM(I46:M46)/SUM(I$49:M$49)) -> 2273.0464 | O46: =O$49*(SUM(J46:N46)/SUM(J$49:N$49)) -> 2266.2448 | P46: =P$49*(SUM(K46:O46)/SUM(K$49:O$49)) -> 2268.0497 | Q46: =Q$49*(SUM(L46:P46)/SUM(L$49:P$49)) -> 2299.9722 | R46: =R$49*(SUM(M46:Q46)/SUM(M$49:Q$49)) -> 2255.2948 | S46: =S$49*(SUM(N46:R46)/SUM(N$49:R$49)) -> 2251.8688 | T46: =T$49*(SUM(O46:S46)/SUM(O$49:S$49)) -> 2260.2622
A47: November | E47: =monthly_data!$C50 -> 2513 | F47: =monthly_data!$C62 -> 2282.25 | G47: =monthly_data!$C74 -> 1132.463 | H47: =monthly_data!$C86 -> 1970.872 | I47: =monthly_data!$C98 -> 2285.772 | J47: =monthly_data!$C110 -> 2044.221 | K47: =K$49*(SUM(F47:J47)/SUM(F$49:J$49)) -> 2255.635 | L47: =L$49*(SUM(G47:K47)/SUM(G$49:K$49)) -> 2014.9325 | M47: =M$49*(SUM(H47:L47)/SUM(H$49:L$49)) -> 2023.6452 | N47: =N$49*(SUM(I47:M47)/SUM(I$49:M$49)) -> 2042.1971 | O47: =O$49*(SUM(J47:N47)/SUM(J$49:N$49)) -> 2082.6385 | P47: =P$49*(SUM(K47:O47)/SUM(K$49:O$49)) -> 2098.4051 | Q47: =Q$49*(SUM(L47:P47)/SUM(L$49:P$49)) -> 2093.5011 | R47: =R$49*(SUM(M47:Q47)/SUM(M$49:Q$49)) -> 2062.9695 | ... T47: =T$49*(SUM(O47:S47)/SUM(O$49:S$49)) -> 2071.564
A48: December | E48: =monthly_data!$C51 -> 1789 | F48: =monthly_data!$C63 -> 2234.958 | G48: =monthly_data!$C75 -> 1101.836 | H48: =monthly_data!$C87 -> 2007.236 | I48: =monthly_data!$C99 -> 2178.137 | J48: =monthly_data!$C111 -> 2108.055 | K48: =K49-SUM(K37:K47) -> 2460.2344 | L48: =L49-SUM(L37:L47) -> 2049.5655 | M48: =M49-SUM(M37:M47) -> 2068.0168 | N48: =N49-SUM(N37:N47) -> 2088.2923 | O48: =O49-SUM(O37:O47) -> 2161.592 | P48: =P49-SUM(P37:P47) -> 2180.7081 | Q48: =Q49-SUM(Q37:Q47) -> 2151.9204 | R48: =R49-SUM(R37:R47) -> 2124.8449 | ... T48: =T49-SUM(T37:T47) -> 2140.6158
A49: Total | E49: =SUM(E37:E48) -> 27003 | F49: =SUM(F37:F48) -> 28017.615 | G49: =SUM(G37:G48) -> 17667.35 | H49: =SUM(H37:H48) -> 18837.24 | I49: =SUM(I37:I48) -> 24793.736 | J49: =SUM(J37:J48) -> 25195.221 | K49: =K7 -> 26585.694 | L49: =L7 -> 23516.143 | M49: =M7 -> 22765.897 | N49: =N7 -> 23615.655 | O49: =O7 -> 24412.058 | P49: =P7 -> 24348.445 | Q49: =Q7 -> 24207.315 | R49: =R7 -> 23810.919 | ... T49: =T7 -> 24042.407
A51: JET FUEL EXPORTS (Eurostat)
A52: thousand tonnes | E52: =E4 -> 2018 | F52: =F4 -> 2019 | G52: =G4 -> 2020 | H52: =H4 -> 2021 | I52: =I4 -> 2022 | J52: =J4 -> 2023 | K52: =K4 -> 2024 | L52: =L4 -> 2025 | ... T52: =T4 -> 2033
A53: January | E53: =monthly_data!$F40 -> 1262 | F53: =monthly_data!$F52 -> 1372.785 | G53: =monthly_data!$F64 -> 1346.955 | H53: =monthly_data!$F76 -> 817.246 | I53: =monthly_data!$F88 -> 972.102 | J53: =monthly_data!$F100 -> 1174.884 | K53: =monthly_data!$F112 -> 1395.597 | L53: =L$65*(SUM(G53:K53)/SUM(G$65:K$65)) -> 1164.4538 | M53: =M$65*(SUM(H53:L53)/SUM(H$65:L$65)) -> 1067.7478 | N53: =N$65*(SUM(I53:M53)/SUM(I$65:M$65)) -> 1116.0823 | O53: =O$65*(SUM(J53:N53)/SUM(J$65:N$65)) -> 1171.8217 | P53: =P$65*(SUM(K53:O53)/SUM(K$65:O$65)) -> 1185.0067 | Q53: =Q$65*(SUM(L53:P53)/SUM(L$65:P$65)) -> 1176.24 | R53: =R$65*(SUM(M53:Q53)/SUM(M$65:Q$65)) -> 1138.3446 | S53: =S$65*(SUM(N53:R53)/SUM(N$65:R$65)) -> 1147.8999 | T53: =T$65*(SUM(O53:S53)/SUM(O$65:S$65)) -> 1159.0216
A54: February | E54: =monthly_data!$F41 -> 1399 | F54: =monthly_data!$F53 -> 1444.43 | G54: =monthly_data!$F65 -> 1473.173 | H54: =monthly_data!$F77 -> 851.104 | I54: =monthly_data!$F89 -> 726.122 | J54: =monthly_data!$F101 -> 985.977 | K54: =monthly_data!$F113 -> 1346.008 | L54: =L$65*(SUM(G54:K54)/SUM(G$65:K$65)) -> 1098.2609 | M54: =M$65*(SUM(H54:L54)/SUM(H$65:L$65)) -> 967.85723 | N54: =N$65*(SUM(I54:M54)/SUM(I$65:M$65)) -> 990.34984 | O54: =O$65*(SUM(J54:N54)/SUM(J$65:N$65)) -> 1066.8284 | P54: =P$65*(SUM(K54:O54)/SUM(K$65:O$65)) -> 1095.5863 | Q54: =Q$65*(SUM(L54:P54)/SUM(L$65:P$65)) -> 1075.9926 | R54: =R$65*(SUM(M54:Q54)/SUM(M$65:Q$65)) -> 1034.7459 | S54: =S$65*(SUM(N54:R54)/SUM(N$65:R$65)) -> 1043.9705 | T54: =T$65*(SUM(O54:S54)/SUM(O$65:S$65)) -> 1059.0015
A55: March | E55: =monthly_data!$F42 -> 1209 | F55: =monthly_data!$F54 -> 1366.395 | G55: =monthly_data!$F66 -> 1220.112 | H55: =monthly_data!$F78 -> 859.327 | I55: =monthly_data!$F90 -> 1077.592 | J55: =monthly_data!$F102 -> 1179.065 | K55: =monthly_data!$F114 -> 1490.382 | L55: =L$65*(SUM(G55:K55)/SUM(G$65:K$65)) -> 1188.8771 | M55: =M$65*(SUM(H55:L55)/SUM(H$65:L$65)) -> 1120.1197 | N55: =N$65*(SUM(I55:M55)/SUM(I$65:M$65)) -> 1170.4392 | O55: =O$65*(SUM(J55:N55)/SUM(J$65:N$65)) -> 1217.3815 | P55: =P$65*(SUM(K55:O55)/SUM(K$65:O$65)) -> 1239.3917 | Q55: =Q$65*(SUM(L55:P55)/SUM(L$65:P$65)) -> 1223.886 | R55: =R$65*(SUM(M55:Q55)/SUM(M$65:Q$65)) -> 1188.9844 | S55: =S$65*(SUM(N55:R55)/SUM(N$65:R$65)) -> 1197.9985 | T55: =T$65*(SUM(O55:S55)/SUM(O$65:S$65)) -> 1208.4808
A56: April | E56: =monthly_data!$F43 -> 1376 | F56: =monthly_data!$F55 -> 1409.142 | G56: =monthly_data!$F67 -> 921.119 | H56: =monthly_data!$F79 -> 696.854 | I56: =monthly_data!$F91 -> 964.261 | J56: =monthly_data!$F103 -> 1192.165 | K56: =monthly_data!$F115 -> 1474.572 | L56: =L$65*(SUM(G56:K56)/SUM(G$65:K$65)) -> 1071.0383 | M56: =M$65*(SUM(H56:L56)/SUM(H$65:L$65)) -> 1043.5116 | N56: =N$65*(SUM(I56:M56)/SUM(I$65:M$65)) -> 1110.4318 | O56: =O$65*(SUM(J56:N56)/SUM(J$65:N$65)) -> 1166.467 | P56: =P$65*(SUM(K56:O56)/SUM(K$65:O$65)) -> 1175.0547 | Q56: =Q$65*(SUM(L56:P56)/SUM(L$65:P$65)) -> 1147.6626 | R56: =R$65*(SUM(M56:Q56)/SUM(M$65:Q$65)) -> 1123.6553 | S56: =S$65*(SUM(N56:R56)/SUM(N$65:R$65)) -> 1135.1617 | T56: =T$65*(SUM(O56:S56)/SUM(O$65:S$65)) -> 1144.8186
A57: May | E57: =monthly_data!$F44 -> 1594 | F57: =monthly_data!$F56 -> 1385.475 | G57: =monthly_data!$F68 -> 666.812 | H57: =monthly_data!$F80 -> 751.864 | I57: =monthly_data!$F92 -> 1231.503 | J57: =monthly_data!$F104 -> 1253.637 | K57: =monthly_data!$F116 -> 1562.731 | L57: =L$65*(SUM(G57:K57)/SUM(G$65:K$65)) -> 1115.4341 | M57: =M$65*(SUM(H57:L57)/SUM(H$65:L$65)) -> 1143.2993 | N57: =N$65*(SUM(I57:M57)/SUM(I$65:M$65)) -> 1218.8662 | O57: =O$65*(SUM(J57:N57)/SUM(J$65:N$65)) -> 1246.1059 | P57: =P$65*(SUM(K57:O57)/SUM(K$65:O$65)) -> 1259.2705 | Q57: =Q$65*(SUM(L57:P57)/SUM(L$65:P$65)) -> 1233.528 | R57: =R$65*(SUM(M57:Q57)/SUM(M$65:Q$65)) -> 1214.8404 | S57: =S$65*(SUM(N57:R57)/SUM(N$65:R$65)) -> 1224.2843 | T57: =T$65*(SUM(O57:S57)/SUM(O$65:S$65)) -> 1230.4664
A58: June | E58: =monthly_data!$F45 -> 1279 | F58: =monthly_data!$F57 -> 1453.223 | G58: =monthly_data!$F69 -> 867.659 | H58: =monthly_data!$F81 -> 879.309 | I58: =monthly_data!$F93 -> 1490.284 | J58: =monthly_data!$F105 -> 1269.407 | K58: =monthly_data!$F117 -> 1395.955 | L58: =L$65*(SUM(G58:K58)/SUM(G$65:K$65)) -> 1204.4124 | M58: =M$65*(SUM(H58:L58)/SUM(H$65:L$65)) -> 1205.9612 | N58: =N$65*(SUM(I58:M58)/SUM(I$65:M$65)) -> 1269.0029 | O58: =O$65*(SUM(J58:N58)/SUM(J$65:N$65)) -> 1256.1577 | P58: =P$65*(SUM(K58:O58)/SUM(K$65:O$65)) -> 1268.2952 | Q58: =Q$65*(SUM(L58:P58)/SUM(L$65:P$65)) -> 1279.062 | R58: =R$65*(SUM(M58:Q58)/SUM(M$65:Q$65)) -> 1250.166 | S58: =S$65*(SUM(N58:R58)/SUM(N$65:R$65)) -> 1254.05 | T58: =T$65*(SUM(O58:S58)/SUM(O$65:S$65)) -> 1256.2989
A59: July | E59: =monthly_data!$F46 -> 1497 | F59: =monthly_data!$F58 -> 1488.387 | G59: =monthly_data!$F70 -> 807.57 | H59: =monthly_data!$F82 -> 1034.972 | I59: =monthly_data!$F94 -> 1198.667 | J59: =monthly_data!$F106 -> 1283.928 | K59: =monthly_data!$F118 -> 1592.627 | L59: =L$65*(SUM(G59:K59)/SUM(G$65:K$65)) -> 1207.5037 | M59: =M$65*(SUM(H59:L59)/SUM(H$65:L$65)) -> 1221.1011 | N59: =N$65*(SUM(I59:M59)/SUM(I$65:M$65)) -> 1256.983 | O59: =O$65*(SUM(J59:N59)/SUM(J$65:N$65)) -> 1299.2004 | P59: =P$65*(SUM(K59:O59)/SUM(K$65:O$65)) -> 1317.558 | Q59: =Q$65*(SUM(L59:P59)/SUM(L$65:P$65)) -> 1299.3735 | R59: =R$65*(SUM(M59:Q59)/SUM(M$65:Q$65)) -> 1273.2115 | S59: =S$65*(SUM(N59:R59)/SUM(N$65:R$65)) -> 1278.5734 | T59: =T$65*(SUM(O59:S59)/SUM(O$65:S$65)) -> 1288.2028
A60: August | E60: =monthly_data!$F47 -> 1612 | F60: =monthly_data!$F59 -> 1361.706 | G60: =monthly_data!$F71 -> 924.189 | H60: =monthly_data!$F83 -> 1325.804 | I60: =monthly_data!$F95 -> 1334.629 | J60: =monthly_data!$F107 -> 1344.953 | K60: =K$65*(SUM(F60:J60)/SUM(F$65:J$65)) -> 1582.3202 | L60: =L$65*(SUM(G60:K60)/SUM(G$65:K$65)) -> 1328.7346 | M60: =M$65*(SUM(H60:L60)/SUM(H$65:L$65)) -> 1336.8277 | N60: =N$65*(SUM(I60:M60)/SUM(I$65:M$65)) -> 1338.8587 | O60: =O$65*(SUM(J60:N60)/SUM(J$65:N$65)) -> 1372.3657 | P60: =P$65*(SUM(K60:O60)/SUM(K$65:O$65)) -> 1394.0167 | Q60: =Q$65*(SUM(L60:P60)/SUM(L$65:P$65)) -> 1395.9567 | R60: =R$65*(SUM(M60:Q60)/SUM(M$65:Q$65)) -> 1361.5825 | ... T60: =T$65*(SUM(O60:S60)/SUM(O$65:S$65)) -> 1371.2914
A61: September | E61: =monthly_data!$F48 -> 1565 | F61: =monthly_data!$F60 -> 1524.872 | G61: =monthly_data!$F72 -> 813.276 | H61: =monthly_data!$F84 -> 1160.915 | I61: =monthly_data!$F96 -> 1417.569 | J61: =monthly_data!$F108 -> 1179.506 | K61: =K$65*(SUM(F61:J61)/SUM(F$65:J$65)) -> 1533.2397 | L61: =L$65*(SUM(G61:K61)/SUM(G$65:K$65)) -> 1245.6079 | M61: =M$65*(SUM(H61:L61)/SUM(H$65:L$65)) -> 1263.457 | N61: =N$65*(SUM(I61:M61)/SUM(I$65:M$65)) -> 1283.181 | O61: =O$65*(SUM(J61:N61)/SUM(J$65:N$65)) -> 1287.8853 | P61: =P$65*(SUM(K61:O61)/SUM(K$65:O$65)) -> 1324.7605 | Q61: =Q$65*(SUM(L61:P61)/SUM(L$65:P$65)) -> 1320.5156 | R61: =R$65*(SUM(M61:Q61)/SUM(M$65:Q$65)) -> 1290.2528 | ... T61: =T$65*(SUM(O61:S61)/SUM(O$65:S$65)) -> 1297.3695
A62: October | E62: =monthly_data!$F49 -> 1560 | F62: =monthly_data!$F61 -> 1629.998 | G62: =monthly_data!$F73 -> 785.757 | H62: =monthly_data!$F85 -> 1171.366 | I62: =monthly_data!$F97 -> 1654.412 | J62: =monthly_data!$F109 -> 1557.331 | K62: =K$65*(SUM(F62:J62)/SUM(F$65:J$65)) -> 1709.9824 | L62: =L$65*(SUM(G62:K62)/SUM(G$65:K$65)) -> 1403.6104 | M62: =M$65*(SUM(H62:L62)/SUM(H$65:L$65)) -> 1448.9821 | N62: =N$65*(SUM(I62:M62)/SUM(I$65:M$65)) -> 1502.5285 | O62: =O$65*(SUM(J62:N62)/SUM(J$65:N$65)) -> 1509.1213 | P62: =P$65*(SUM(K62:O62)/SUM(K$65:O$65)) -> 1517.2343 | Q62: =Q$65*(SUM(L62:P62)/SUM(L$65:P$65)) -> 1521.8611 | R62: =R$65*(SUM(M62:Q62)/SUM(M$65:Q$65)) -> 1493.3401 | ... T62: =T$65*(SUM(O62:S62)/SUM(O$65:S$65)) -> 1501.3016
A63: November | E63: =monthly_data!$F50 -> 1438 | F63: =monthly_data!$F62 -> 1251.471 | G63: =monthly_data!$F74 -> 955.18 | H63: =monthly_data!$F86 -> 1081.201 | I63: =monthly_data!$F98 -> 1032.049 | J63: =monthly_data!$F110 -> 1483.984 | K63: =K$65*(SUM(F63:J63)/SUM(F$65:J$65)) -> 1459.7352 | L63: =L$65*(SUM(G63:K63)/SUM(G$65:K$65)) -> 1226.7628 | M63: =M$65*(SUM(H63:L63)/SUM(H$65:L$65)) -> 1214.5361 | N63: =N$65*(SUM(I63:M63)/SUM(I$65:M$65)) -> 1240.2151 | O63: =O$65*(SUM(J63:N63)/SUM(J$65:N$65)) -> 1311.6912 | P63: =P$65*(SUM(K63:O63)/SUM(K$65:O$65)) -> 1292.6238 | Q63: =Q$65*(SUM(L63:P63)/SUM(L$65:P$65)) -> 1295.9681 | R63: =R$65*(SUM(M63:Q63)/SUM(M$65:Q$65)) -> 1265.4097 | ... T63: =T$65*(SUM(O63:S63)/SUM(O$65:S$65)) -> 1281.8957
A64: December | E64: =monthly_data!$F51 -> 1435 | F64: =monthly_data!$F63 -> 1550.057 | G64: =monthly_data!$F75 -> 946.609 | H64: =monthly_data!$F87 -> 1432.497 | I64: =monthly_data!$F99 -> 1165.829 | J64: =monthly_data!$F111 -> 1372.239 | K64: =K65-SUM(K53:K63) -> 860.87074 | L64: =L65-SUM(L53:L63) -> 1178.9944 | M64: =M65-SUM(M53:M63) -> 1161.7116 | N64: =N65-SUM(N53:N63) -> 1109.2909 | O64: =O65-SUM(O53:O63) -> 1125.1651 | P64: =P65-SUM(P53:P63) -> 1088.9214 | Q64: =Q65-SUM(Q53:Q63) -> 1167.781 | R64: =R65-SUM(R53:R63) -> 1125.5952 | ... T64: =T65-SUM(T53:T63) -> 1119.6231
A65: Total | E65: =SUM(E53:E64) -> 17226 | F65: =SUM(F54:F64) -> 15865.156 | G65: =SUM(G53:G64) -> 11728.411 | H65: =SUM(H53:H64) -> 12062.459 | I65: =SUM(I53:I64) -> 14265.019 | J65: =SUM(J53:J64) -> 15277.076 | K65: =K10 -> 17404.02 | L65: =L10 -> 14433.69 | M65: =M10 -> 14195.113 | N65: =N10 -> 14606.229 | O65: =O10 -> 15030.191 | P65: =P10 -> 15157.72 | Q65: =Q10 -> 15137.827 | R65: =R10 -> 14760.128 | ... T65: =T10 -> 14917.772
A67: JET FUEL USE
A68: thousand tonnes | E68: =E4 -> 2018 | F68: =F4 -> 2019 | G68: =G4 -> 2020 | H68: =H4 -> 2021 | I68: =I4 -> 2022 | J68: =J4 -> 2023 | K68: =K4 -> 2024 | L68: =L4 -> 2025 | ... T68: =T4 -> 2033
A69: January | E69: =monthly_data!$O40 -> 2591 | F69: =monthly_data!$O52 -> 2843.158 | G69: =monthly_data!$O64 -> 2781.993 | H69: =monthly_data!$O76 -> 1091.2 | I69: =monthly_data!$O88 -> 1912.77 | J69: =monthly_data!$O100 -> 2333.906 | K69: =monthly_data!$O112 -> 2573.434 | L69: =L$81*(SUM(G69:K69)/SUM(G$81:K$81)) -> 2859.1996 | M69: =M$81*(SUM(H69:L69)/SUM(H$81:L$81)) -> 2582.8612 | N69: =N$81*(SUM(I69:M69)/SUM(I$81:M$81)) -> 2695.2298 | O69: =O$81*(SUM(J69:N69)/SUM(J$81:N$81)) -> 2815.9073 | P69: =P$81*(SUM(K69:O69)/SUM(K$81:O$81)) -> 2884.7118 | Q69: =Q$81*(SUM(L69:P69)/SUM(L$81:P$81)) -> 2932.3766 | R69: =R$81*(SUM(M69:Q69)/SUM(M$81:Q$81)) -> 2751.9931 | S69: =S$81*(SUM(N69:R69)/SUM(N$81:R$81)) -> 2794.9648 | T69: =T$81*(SUM(O69:S69)/SUM(O$81:S$81)) -> 2820.9593
A70: February | E70: =monthly_data!$O41 -> 2491 | F70: =monthly_data!$O53 -> 2661.788 | G70: =monthly_data!$O65 -> 2719.638 | H70: =monthly_data!$O77 -> 1013.003 | I70: =monthly_data!$O89 -> 1861.574 | J70: =monthly_data!$O101 -> 2189.284 | K70: =monthly_data!$O113 -> 2419.874 | L70: =L$81*(SUM(G70:K70)/SUM(G$81:K$81)) -> 2728.201 | M70: =M$81*(SUM(H70:L70)/SUM(H$81:L$81)) -> 2448.9104 | N70: =N$81*(SUM(I70:M70)/SUM(I$81:M$81)) -> 2560.2004 | O70: =O$81*(SUM(J70:N70)/SUM(J$81:N$81)) -> 2665.1973 | P70: =P$81*(SUM(K70:O70)/SUM(K$81:O$81)) -> 2734.5226 | Q70: =Q$81*(SUM(L70:P70)/SUM(L$81:P$81)) -> 2783.8543 | R70: =R$81*(SUM(M70:Q70)/SUM(M$81:Q$81)) -> 2609.8737 | S70: =S$81*(SUM(N70:R70)/SUM(N$81:R$81)) -> 2650.7384 | T70: =T$81*(SUM(O70:S70)/SUM(O$81:S$81)) -> 2674.5858
A71: March | E71: =monthly_data!$O42 -> 2895 | F71: =monthly_data!$O54 -> 2988.27 | G71: =monthly_data!$O66 -> 1879.57 | H71: =monthly_data!$O78 -> 1140.485 | I71: =monthly_data!$O90 -> 2153.926 | J71: =monthly_data!$O102 -> 2529.777 | K71: =monthly_data!$O114 -> 2756.623 | L71: =L$81*(SUM(G71:K71)/SUM(G$81:K$81)) -> 2796.9203 | M71: =M$81*(SUM(H71:L71)/SUM(H$81:L$81)) -> 2728.4782 | N71: =N$81*(SUM(I71:M71)/SUM(I$81:M$81)) -> 2849.8712 | O71: =O$81*(SUM(J71:N71)/SUM(J$81:N$81)) -> 2949.1058 | P71: =P$81*(SUM(K71:O71)/SUM(K$81:O$81)) -> 3002.937 | Q71: =Q$81*(SUM(L71:P71)/SUM(L$81:P$81)) -> 3036.0855 | R71: =R$81*(SUM(M71:Q71)/SUM(M$81:Q$81)) -> 2881.6474 | S71: =S$81*(SUM(N71:R71)/SUM(N$81:R$81)) -> 2921.8931 | T71: =T$81*(SUM(O71:S71)/SUM(O$81:S$81)) -> 2942.6539
A72: April | E72: =monthly_data!$O43 -> 3079 | F72: =monthly_data!$O55 -> 3289.492 | G72: =monthly_data!$O67 -> 620.772 | H72: =monthly_data!$O79 -> 1149.199 | I72: =monthly_data!$O91 -> 2502.875 | J72: =monthly_data!$O103 -> 2714.125 | K72: =monthly_data!$O115 -> 3051.733 | L72: =L$81*(SUM(G72:K72)/SUM(G$81:K$81)) -> 2684.1714 | M72: =M$81*(SUM(H72:L72)/SUM(H$81:L$81)) -> 2902.1889 | N72: =N$81*(SUM(I72:M72)/SUM(I$81:M$81)) -> 3045.3548 | O72: =O$81*(SUM(J72:N72)/SUM(J$81:N$81)) -> 3107.9632 | P72: =P$81*(SUM(K72:O72)/SUM(K$81:O$81)) -> 3154.4407 | Q72: =Q$81*(SUM(L72:P72)/SUM(L$81:P$81)) -> 3156.1968 | R72: =R$81*(SUM(M72:Q72)/SUM(M$81:Q$81)) -> 3039.8433 | S72: =S$81*(SUM(N72:R72)/SUM(N$81:R$81)) -> 3077.5496 | T72: =T$81*(SUM(O72:S72)/SUM(O$81:S$81)) -> 3090.7298
A73: May | E73: =monthly_data!$O44 -> 3466 | F73: =monthly_data!$O56 -> 3442.348 | G73: =monthly_data!$O68 -> 738.419 | H73: =monthly_data!$O80 -> 1360.569 | I73: =monthly_data!$O92 -> 2729.14 | J73: =monthly_data!$O104 -> 2985.748 | K73: =monthly_data!$O116 -> 3331.418 | L73: =L$81*(SUM(G73:K73)/SUM(G$81:K$81)) -> 2980.0539 | M73: =M$81*(SUM(H73:L73)/SUM(H$81:L$81)) -> 3210.3011 | N73: =N$81*(SUM(I73:M73)/SUM(I$81:M$81)) -> 3349.0239 | O73: =O$81*(SUM(J73:N73)/SUM(J$81:N$81)) -> 3422.9073 | P73: =P$81*(SUM(K73:O73)/SUM(K$81:O$81)) -> 3474.8222 | Q73: =Q$81*(SUM(L73:P73)/SUM(L$81:P$81)) -> 3483.1701 | R73: =R$81*(SUM(M73:Q73)/SUM(M$81:Q$81)) -> 3351.2394 | S73: =S$81*(SUM(N73:R73)/SUM(N$81:R$81)) -> 3390.661 | T73: =T$81*(SUM(O73:S73)/SUM(O$81:S$81)) -> 3406.409
A74: June | E74: =monthly_data!$O45 -> 3670 | F74: =monthly_data!$O57 -> 3665.962 | G74: =monthly_data!$O69 -> 736.062 | H74: =monthly_data!$O81 -> 1621.79 | I74: =monthly_data!$O93 -> 2891.652 | J74: =monthly_data!$O105 -> 3174.051 | K74: =monthly_data!$O117 -> 3528.687 | L74: =L$81*(SUM(G74:K74)/SUM(G$81:K$81)) -> 3195.8175 | M74: =M$81*(SUM(H74:L74)/SUM(H$81:L$81)) -> 3456.1214 | N74: =N$81*(SUM(I74:M74)/SUM(I$81:M$81)) -> 3570.9493 | O74: =O$81*(SUM(J74:N74)/SUM(J$81:N$81)) -> 3653.6868 | P74: =P$81*(SUM(K74:O74)/SUM(K$81:O$81)) -> 3711.8749 | Q74: =Q$81*(SUM(L74:P74)/SUM(L$81:P$81)) -> 3727.1496 | R74: =R$81*(SUM(M74:Q74)/SUM(M$81:Q$81)) -> 3584.5881 | S74: =S$81*(SUM(N74:R74)/SUM(N$81:R$81)) -> 3622.331 | T74: =T$81*(SUM(O74:S74)/SUM(O$81:S$81)) -> 3640.5276
A75: July | E75: =monthly_data!$O46 -> 3946 | F75: =monthly_data!$O58 -> 3814.718 | G75: =monthly_data!$O70 -> 1311.496 | H75: =monthly_data!$O82 -> 2213.869 | I75: =monthly_data!$O94 -> 3289.38 | J75: =monthly_data!$O106 -> 3615.926 | K75: =monthly_data!$O118 -> 3793.121 | L75: =L$81*(SUM(G75:K75)/SUM(G$81:K$81)) -> 3803.1897 | M75: =M$81*(SUM(H75:L75)/SUM(H$81:L$81)) -> 4008.5178 | N75: =N$81*(SUM(I75:M75)/SUM(I$81:M$81)) -> 4068.5346 | O75: =O$81*(SUM(J75:N75)/SUM(J$81:N$81)) -> 4163.924 | P75: =P$81*(SUM(K75:O75)/SUM(K$81:O$81)) -> 4230.5325 | Q75: =Q$81*(SUM(L75:P75)/SUM(L$81:P$81)) -> 4296.3897 | R75: =R$81*(SUM(M75:Q75)/SUM(M$81:Q$81)) -> 4108.4579 | S75: =S$81*(SUM(N75:R75)/SUM(N$81:R$81)) -> 4142.3273 | T75: =T$81*(SUM(O75:S75)/SUM(O$81:S$81)) -> 4166.1272
A76: August | E76: =monthly_data!$O47 -> 3877 | F76: =monthly_data!$O59 -> 3832.959 | G76: =monthly_data!$O71 -> 1611.205 | H76: =monthly_data!$O83 -> 2464.584 | I76: =monthly_data!$O95 -> 3421.278 | J76: =monthly_data!$O107 -> 3521.126 | K76: =K$81*(SUM(F76:J76)/SUM(F$81:J$81)) -> 3794.2866 | L76: =L$81*(SUM(G76:K76)/SUM(G$81:K$81)) -> 3960.5943 | M76: =M$81*(SUM(H76:L76)/SUM(H$81:L$81)) -> 4115.5643 | N76: =N$81*(SUM(I76:M76)/SUM(I$81:M$81)) -> 4135.0714 | O76: =O$81*(SUM(J76:N76)/SUM(J$81:N$81)) -> 4215.1609 | P76: =P$81*(SUM(K76:O76)/SUM(K$81:O$81)) -> 4312.295 | Q76: =Q$81*(SUM(L76:P76)/SUM(L$81:P$81)) -> 4394.7128 | R76: =R$81*(SUM(M76:Q76)/SUM(M$81:Q$81)) -> 4188.5594 | ... T76: =T$81*(SUM(O76:S76)/SUM(O$81:S$81)) -> 4243.0075
A77: September | E77: =monthly_data!$O48 -> 3722 | F77: =monthly_data!$O60 -> 3642.175 | G77: =monthly_data!$O72 -> 1421.794 | H77: =monthly_data!$O84 -> 2432.576 | I77: =monthly_data!$O96 -> 3006.514 | J77: =monthly_data!$O108 -> 3390.676 | K77: =K$81*(SUM(F77:J77)/SUM(F$81:J$81)) -> 3549.6783 | L77: =L$81*(SUM(G77:K77)/SUM(G$81:K$81)) -> 3690.2063 | M77: =M$81*(SUM(H77:L77)/SUM(H$81:L$81)) -> 3853.641 | N77: =N$81*(SUM(I77:M77)/SUM(I$81:M$81)) -> 3844.4659 | O77: =O$81*(SUM(J77:N77)/SUM(J$81:N$81)) -> 3956.5574 | P77: =P$81*(SUM(K77:O77)/SUM(K$81:O$81)) -> 4029.4827 | Q77: =Q$81*(SUM(L77:P77)/SUM(L$81:P$81)) -> 4105.5985 | R77: =R$81*(SUM(M77:Q77)/SUM(M$81:Q$81)) -> 3914.9525 | ... T77: =T$81*(SUM(O77:S77)/SUM(O$81:S$81)) -> 3968.272
A78: October | E78: =monthly_data!$O49 -> 3496 | F78: =monthly_data!$O61 -> 3493.084 | G78: =monthly_data!$O73 -> 1309.545 | H78: =monthly_data!$O85 -> 2343.662 | I78: =monthly_data!$O97 -> 2890.165 | J78: =monthly_data!$O109 -> 3294.614 | K78: =K$81*(SUM(F78:J78)/SUM(F$81:J$81)) -> 3405.9243 | L78: =L$81*(SUM(G78:K78)/SUM(G$81:K$81)) -> 3541.1867 | M78: =M$81*(SUM(H78:L78)/SUM(H$81:L$81)) -> 3711.171 | N78: =N$81*(SUM(I78:M78)/SUM(I$81:M$81)) -> 3702.1112 | O78: =O$81*(SUM(J78:N78)/SUM(J$81:N$81)) -> 3811.1362 | P78: =P$81*(SUM(K78:O78)/SUM(K$81:O$81)) -> 3875.2903 | Q78: =Q$81*(SUM(L78:P78)/SUM(L$81:P$81)) -> 3950.1722 | R78: =R$81*(SUM(M78:Q78)/SUM(M$81:Q$81)) -> 3768.5871 | ... T78: =T$81*(SUM(O78:S78)/SUM(O$81:S$81)) -> 3819.2573
A79: November | E79: =monthly_data!$O50 -> 2917 | F79: =monthly_data!$O62 -> 2878.528 | G79: =monthly_data!$O74 -> 1190.426 | H79: =monthly_data!$O86 -> 2099.807 | I79: =monthly_data!$O98 -> 2356.389 | J79: =monthly_data!$O110 -> 2704.088 | K79: =K$81*(SUM(F79:J79)/SUM(F$81:J$81)) -> 2868.9321 | L79: =L$81*(SUM(G79:K79)/SUM(G$81:K$81)) -> 2999.9333 | M79: =M$81*(SUM(H79:L79)/SUM(H$81:L$81)) -> 3124.5025 | N79: =N$81*(SUM(I79:M79)/SUM(I$81:M$81)) -> 3089.0404 | O79: =O$81*(SUM(J79:N79)/SUM(J$81:N$81)) -> 3191.919 | P79: =P$81*(SUM(K79:O79)/SUM(K$81:O$81)) -> 3257.4282 | Q79: =Q$81*(SUM(L79:P79)/SUM(L$81:P$81)) -> 3319.0922 | R79: =R$81*(SUM(M79:Q79)/SUM(M$81:Q$81)) -> 3161.6729 | ... T79: =T$81*(SUM(O79:S79)/SUM(O$81:S$81)) -> 3204.9149
A80: December | E80: =monthly_data!$O51 -> 2892 | F80: =monthly_data!$O63 -> 2922.155 | G80: =monthly_data!$O75 -> 975.703 | H80: =monthly_data!$O87 -> 2120.207 | I80: =monthly_data!$O99 -> 2586.026 | J80: =monthly_data!$O111 -> 2755.561 | K80: =K81-SUM(K69:K79) -> 1878.1846 | L80: =L81-SUM(L69:L79) -> 2758.2303 | M80: =M81-SUM(M69:M79) -> 2901.2549 | N80: =N81-SUM(N69:N79) -> 2830.8655 | O80: =O81-SUM(O69:O79) -> 2833.0614 | P80: =P81-SUM(P69:P79) -> 2815.3943 | Q80: =Q81-SUM(Q69:Q79) -> 2996.1394 | R80: =R81-SUM(R69:R79) -> 2844.1072 | ... T80: =T81-SUM(T69:T79) -> 2851.044
A81: Total | E81: =SUM(E69:E80) -> 39042 | F81: =SUM(F69:F80) -> 39474.637 | G81: =SUM(G69:G80) -> 17296.623 | H81: =SUM(H69:H80) -> 21050.951 | I81: =SUM(I69:I80) -> 31601.689 | J81: =SUM(J69:J80) -> 35208.882 | K81: =K9 -> 36951.896 | L81: =L9 -> 37997.704 | M81: =M9 -> 39043.513 | N81: =N9 -> 39740.718 | O81: =O9 -> 40786.527 | P81: =P9 -> 41483.732 | Q81: =Q9 -> 42180.938 | R81: =R9 -> 40205.522 | ... T81: =T9 -> 40828.488
A83: JET FUEL OPENING STOCK
A84: thousand tonnes | E84: =E4 -> 2018 | F84: =F4 -> 2019 | G84: =G4 -> 2020 | H84: =H4 -> 2021 | I84: =I4 -> 2022 | J84: =J4 -> 2023 | K84: =K4 -> 2024 | L84: =L4 -> 2025 | ... T84: =T4 -> 2033
A85: January | E85: =monthly_data!$R40 -> 6806 | F85: =monthly_data!$R52 -> 6712.623 | G85: =monthly_data!$R64 -> 7169.37 | H85: =monthly_data!$R76 -> 8477.106 | I85: =monthly_data!$R88 -> 6678.757 | J85: =monthly_data!$R100 -> 6852.654 | K85: =monthly_data!$R112 -> 7188.365 | L85: =AVERAGE(G85:K85) -> 7273.2504 | M85: =AVERAGE(H85:L85) -> 7294.0265 | N85: =AVERAGE(I85:M85) -> 7057.4106 | O85: =AVERAGE(J85:N85) -> 7133.1413 | P85: =AVERAGE(K85:O85) -> 7189.2387 | Q85: =AVERAGE(L85:P85) -> 7189.4135 | R85: =AVERAGE(M85:Q85) -> 7172.6461 | S85: =AVERAGE(N85:R85) -> 7148.37 | T85: =AVERAGE(O85:S85) -> 7166.5619
A86: February | E86: =monthly_data!$R41 -> 6891 | F86: =monthly_data!$R53 -> 6774.762 | G86: =monthly_data!$R65 -> 7859.867 | H86: =monthly_data!$R77 -> 8874.109 | I86: =monthly_data!$R89 -> 6804.237 | J86: =monthly_data!$R101 -> 6758.449 | K86: =monthly_data!$R113 -> 7240.246 | L86: =AVERAGE(G86:K86) -> 7507.3816 | M86: =AVERAGE(H86:L86) -> 7436.8845 | N86: =AVERAGE(I86:M86) -> 7149.4396 | O86: =AVERAGE(J86:N86) -> 7218.4801 | P86: =AVERAGE(K86:O86) -> 7310.4864 | Q86: =AVERAGE(L86:P86) -> 7324.5345 | R86: =AVERAGE(M86:Q86) -> 7287.965 | S86: =AVERAGE(N86:R86) -> 7258.1811 | T86: =AVERAGE(O86:S86) -> 7279.9294
A87: March | E87: =monthly_data!$R42 -> 6657 | F87: =monthly_data!$R54 -> 6607.693 | G87: =monthly_data!$R66 -> 7561.13 | H87: =monthly_data!$R78 -> 8931.557 | I87: =monthly_data!$R90 -> 6768.115 | J87: =monthly_data!$R102 -> 7081.506 | K87: =monthly_data!$R114 -> 7281.301 | L87: =AVERAGE(G87:K87) -> 7524.7218 | M87: =AVERAGE(H87:L87) -> 7517.4402 | N87: =AVERAGE(I87:M87) -> 7234.6168 | O87: =AVERAGE(J87:N87) -> 7327.9172 | P87: =AVERAGE(K87:O87) -> 7377.1994 | Q87: =AVERAGE(L87:P87) -> 7396.3791 | R87: =AVERAGE(M87:Q87) -> 7370.7105 | S87: =AVERAGE(N87:R87) -> 7341.3646 | T87: =AVERAGE(O87:S87) -> 7362.7141
A88: April | E88: =monthly_data!$R43 -> 6680 | F88: =monthly_data!$R55 -> 6886.789 | G88: =monthly_data!$R67 -> 7893.556 | H88: =monthly_data!$R79 -> 8715.334 | I88: =monthly_data!$R91 -> 6534.777 | J88: =monthly_data!$R103 -> 6856.644 | K88: =monthly_data!$R115 -> 7245.319 | L88: =AVERAGE(G88:K88) -> 7449.126 | M88: =AVERAGE(H88:L88) -> 7360.24 | N88: =AVERAGE(I88:M88) -> 7089.2212 | O88: =AVERAGE(J88:N88) -> 7200.11 | P88: =AVERAGE(K88:O88) -> 7268.8032 | Q88: =AVERAGE(L88:P88) -> 7273.5001 | R88: =AVERAGE(M88:Q88) -> 7238.3749 | S88: =AVERAGE(N88:R88) -> 7214.0019 | T88: =AVERAGE(O88:S88) -> 7238.958
A89: May | E89: =monthly_data!$R44 -> 6374 | F89: =monthly_data!$R56 -> 7070.007 | G89: =monthly_data!$R68 -> 8413.288 | H89: =monthly_data!$R80 -> 8702.754 | I89: =monthly_data!$R92 -> 6263.225 | J89: =monthly_data!$R104 -> 6926.531 | K89: =monthly_data!$R116 -> 7525.38 | L89: =AVERAGE(G89:K89) -> 7566.2356 | M89: =AVERAGE(H89:L89) -> 7396.8251 | N89: =AVERAGE(I89:M89) -> 7135.6393 | O89: =AVERAGE(J89:N89) -> 7310.1222 | P89: =AVERAGE(K89:O89) -> 7386.8405 | Q89: =AVERAGE(L89:P89) -> 7359.1325 | R89: =AVERAGE(M89:Q89) -> 7317.7119 | S89: =AVERAGE(N89:R89) -> 7301.8893 | T89: =AVERAGE(O89:S89) -> 7335.1393
A90: June | E90: =monthly_data!$R45 -> 6437 | F90: =monthly_data!$R57 -> 6990.998 | G90: =monthly_data!$R69 -> 9167.899 | H90: =monthly_data!$R81 -> 8754.854 | I90: =monthly_data!$R93 -> 6367.611 | J90: =monthly_data!$R105 -> 7360.708 | K90: =monthly_data!$R117 -> 7407.525 | L90: =AVERAGE(G90:K90) -> 7811.7194 | M90: =AVERAGE(H90:L90) -> 7540.4835 | N90: =AVERAGE(I90:M90) -> 7297.6094 | O90: =AVERAGE(J90:N90) -> 7483.6091 | P90: =AVERAGE(K90:O90) -> 7508.1893 | Q90: =AVERAGE(L90:P90) -> 7528.3221 | R90: =AVERAGE(M90:Q90) -> 7471.6427 | S90: =AVERAGE(N90:R90) -> 7457.8745 | T90: =AVERAGE(O90:S90) -> 7489.9275
A91: July | E91: =monthly_data!$R46 -> 6497 | F91: =monthly_data!$R58 -> 6802.339 | G91: =monthly_data!$R70 -> 9491.661 | H91: =monthly_data!$R82 -> 8487.306 | I91: =monthly_data!$R94 -> 6280.414 | J91: =monthly_data!$R106 -> 7135.714 | K91: =monthly_data!$R118 -> 7505.306 | L91: =AVERAGE(G91:K91) -> 7780.0802 | M91: =AVERAGE(H91:L91) -> 7437.764 | N91: =AVERAGE(I91:M91) -> 7227.8556 | O91: =AVERAGE(J91:N91) -> 7417.344 | P91: =AVERAGE(K91:O91) -> 7473.67 | Q91: =AVERAGE(L91:P91) -> 7467.3428 | R91: =AVERAGE(M91:Q91) -> 7404.7953 | S91: =AVERAGE(N91:R91) -> 7398.2015 | T91: =AVERAGE(O91:S91) -> 7432.2707
A92: August | E92: =monthly_data!$R47 -> 6553 | F92: =monthly_data!$R59 -> 7009.805 | G92: =monthly_data!$R71 -> 9271.529 | H92: =monthly_data!$R83 -> 8046.48 | I92: =monthly_data!$R95 -> 6347.817 | J92: =monthly_data!$R107 -> 7177.635 | K92: =AVERAGE(F92:J92) -> 7570.6532 | L92: =AVERAGE(G92:K92) -> 7682.8228 | M92: =AVERAGE(H92:L92) -> 7365.0816 | N92: =AVERAGE(I92:M92) -> 7228.8019 | O92: =AVERAGE(J92:N92) -> 7404.9989 | P92: =AVERAGE(K92:O92) -> 7450.4717 | Q92: =AVERAGE(L92:P92) -> 7426.4354 | R92: =AVERAGE(M92:Q92) -> 7375.1579 | ... T92: =AVERAGE(O92:S92) -> 7406.8474
A93: September | E93: =monthly_data!$R48 -> 6632 | F93: =monthly_data!$R60 -> 7249.225 | G93: =monthly_data!$R72 -> 9027.603 | H93: =monthly_data!$R84 -> 7677.685 | I93: =monthly_data!$R96 -> 6516.153 | J93: =monthly_data!$R108 -> 7260.545 | K93: =AVERAGE(F93:J93) -> 7546.2422 | L93: =AVERAGE(G93:K93) -> 7605.6456 | M93: =AVERAGE(H93:L93) -> 7321.2542 | N93: =AVERAGE(I93:M93) -> 7249.968 | O93: =AVERAGE(J93:N93) -> 7396.731 | P93: =AVERAGE(K93:O93) -> 7423.9682 | Q93: =AVERAGE(L93:P93) -> 7399.5134 | R93: =AVERAGE(M93:Q93) -> 7358.287 | ... T93: =AVERAGE(O93:S93) -> 7388.8386
A94: October | E94: =monthly_data!$R49 -> 6463 | F94: =monthly_data!$R61 -> 7303.572 | G94: =monthly_data!$R73 -> 9013.353 | H94: =monthly_data!$R85 -> 7116.626 | I94: =monthly_data!$R97 -> 6585.157 | J94: =monthly_data!$R109 -> 7093.666 | K94: =AVERAGE(F94:J94) -> 7422.4748 | L94: =AVERAGE(G94:K94) -> 7446.2554 | M94: =AVERAGE(H94:L94) -> 7132.8358 | N94: =AVERAGE(I94:M94) -> 7136.0778 | O94: =AVERAGE(J94:N94) -> 7246.262 | P94: =AVERAGE(K94:O94) -> 7276.7811 | Q94: =AVERAGE(L94:P94) -> 7247.6424 | R94: =AVERAGE(M94:Q94) -> 7207.9198 | ... T94: =AVERAGE(O94:S94) -> 7240.3084
A95: November | E95: =monthly_data!$R50 -> 6402 | F95: =monthly_data!$R62 -> 7079.142 | G95: =monthly_data!$R74 -> 9139.601 | H95: =monthly_data!$R86 -> 6676.169 | I95: =monthly_data!$R98 -> 6384.776 | J95: =monthly_data!$R110 -> 6999.966 | K95: =AVERAGE(F95:J95) -> 7255.9308 | L95: =AVERAGE(G95:K95) -> 7291.2886 | M95: =AVERAGE(H95:L95) -> 6921.6261 | N95: =AVERAGE(I95:M95) -> 6970.7175 | O95: =AVERAGE(J95:N95) -> 7087.9058 | P95: =AVERAGE(K95:O95) -> 7105.4937 | Q95: =AVERAGE(L95:P95) -> 7075.4063 | R95: =AVERAGE(M95:Q95) -> 7032.2299 | ... T95: =AVERAGE(O95:S95) -> 7071.0773
A96: December | E96: =monthly_data!$R51 -> 6743 | F96: =monthly_data!$R63 -> 7289.286 | G96: =monthly_data!$R75 -> 8902.998 | H96: =monthly_data!$R87 -> 6912.777 | I96: =monthly_data!$R99 -> 6868.647 | J96: =monthly_data!$R111 -> 6993.76 | K96: =AVERAGE(F96:J96) -> 7393.4936 | L96: =AVERAGE(G96:K96) -> 7414.3351 | M96: =AVERAGE(H96:L96) -> 7116.6025 | N96: =AVERAGE(I96:M96) -> 7157.3677 | O96: =AVERAGE(J96:N96) -> 7215.1118 | P96: =AVERAGE(K96:O96) -> 7259.3821 | Q96: =AVERAGE(L96:P96) -> 7232.5598 | R96: =AVERAGE(M96:Q96) -> 7196.2048 | ... T96: =AVERAGE(O96:S96) -> 7223.0768
A98: JET FUEL CLOSING STOCK
A99: thousand tonnes | E99: =E19 -> 0 | F99: =F19 -> 0 | G99: =G19 -> 0 | H99: =H19 -> 0 | I99: =I19 -> 0 | J99: =J19 -> 0 | K99: =K19 -> 0 | L99: =L19 -> 0 | ... T99: =T19 -> 0
A100: January | E100: =monthly_data!$U40 -> 6891 | F100: =monthly_data!$U52 -> 6774.762 | G100: =monthly_data!$U64 -> 7859.867 | H100: =monthly_data!$U76 -> 8874.109 | I100: =monthly_data!$U88 -> 6804.237 | J100: =monthly_data!$U100 -> 6790.449 | K100: =monthly_data!$U112 -> 7240.246 | L100: =AVERAGE(G100:K100) -> 7513.7816 | M100: =AVERAGE(H100:L100) -> 7444.5645 | N100: =AVERAGE(I100:M100) -> 7158.6556 | O100: =AVERAGE(J100:N100) -> 7229.5393 | P100: =AVERAGE(K100:O100) -> 7317.3574 | Q100: =AVERAGE(L100:P100) -> 7332.7797 | R100: =AVERAGE(M100:Q100) -> 7296.5793 | S100: =AVERAGE(N100:R100) -> 7266.9823 | T100: =AVERAGE(O100:S100) -> 7288.6476
A101: February | E101: =monthly_data!$U41 -> 6647 | F101: =monthly_data!$U53 -> 6607.693 | G101: =monthly_data!$U65 -> 7561.344 | H101: =monthly_data!$U77 -> 8931.557 | I101: =monthly_data!$U89 -> 6768.115 | J101: =monthly_data!$U101 -> 7081.506 | K101: =monthly_data!$U113 -> 7281.301 | L101: =AVERAGE(G101:K101) -> 7524.7646 | M101: =AVERAGE(H101:L101) -> 7517.4487 | N101: =AVERAGE(I101:M101) -> 7234.6271 | O101: =AVERAGE(J101:N101) -> 7327.9295 | P101: =AVERAGE(K101:O101) -> 7377.2142 | Q101: =AVERAGE(L101:P101) -> 7396.3968 | R101: =AVERAGE(M101:Q101) -> 7370.7232 | S101: =AVERAGE(N101:R101) -> 7341.3782 | T101: =AVERAGE(O101:S101) -> 7362.7284
A102: March | E102: =monthly_data!$U42 -> 6680 | F102: =monthly_data!$U54 -> 6861.789 | G102: =monthly_data!$U66 -> 7893.556 | H102: =monthly_data!$U78 -> 8715.334 | I102: =monthly_data!$U90 -> 6534.777 | J102: =monthly_data!$U102 -> 6856.644 | K102: =monthly_data!$U114 -> 7245.319 | L102: =AVERAGE(G102:K102) -> 7449.126 | M102: =AVERAGE(H102:L102) -> 7360.24 | N102: =AVERAGE(I102:M102) -> 7089.2212 | O102: =AVERAGE(J102:N102) -> 7200.11 | P102: =AVERAGE(K102:O102) -> 7268.8032 | Q102: =AVERAGE(L102:P102) -> 7273.5001 | R102: =AVERAGE(M102:Q102) -> 7238.3749 | S102: =AVERAGE(N102:R102) -> 7214.0019 | T102: =AVERAGE(O102:S102) -> 7238.958
A103: April | E103: =monthly_data!$U43 -> 6374 | F103: =monthly_data!$U55 -> 7070.007 | G103: =monthly_data!$U67 -> 8413.288 | H103: =monthly_data!$U79 -> 8702.754 | I103: =monthly_data!$U91 -> 6263.225 | J103: =monthly_data!$U103 -> 6926.531 | K103: =monthly_data!$U115 -> 7525.38 | L103: =AVERAGE(G103:K103) -> 7566.2356 | M103: =AVERAGE(H103:L103) -> 7396.8251 | N103: =AVERAGE(I103:M103) -> 7135.6393 | O103: =AVERAGE(J103:N103) -> 7310.1222 | P103: =AVERAGE(K103:O103) -> 7386.8405 | Q103: =AVERAGE(L103:P103) -> 7359.1325 | R103: =AVERAGE(M103:Q103) -> 7317.7119 | S103: =AVERAGE(N103:R103) -> 7301.8893 | T103: =AVERAGE(O103:S103) -> 7335.1393
A104: May | E104: =monthly_data!$U44 -> 6437 | F104: =monthly_data!$U56 -> 6990.998 | G104: =monthly_data!$U68 -> 9167.899 | H104: =monthly_data!$U80 -> 8755.307 | I104: =monthly_data!$U92 -> 6367.611 | J104: =monthly_data!$U104 -> 7360.708 | K104: =monthly_data!$U116 -> 7407.525 | L104: =AVERAGE(G104:K104) -> 7811.81 | M104: =AVERAGE(H104:L104) -> 7540.5922 | N104: =AVERAGE(I104:M104) -> 7297.6492 | O104: =AVERAGE(J104:N104) -> 7483.6569 | P104: =AVERAGE(K104:O104) -> 7508.2467 | Q104: =AVERAGE(L104:P104) -> 7528.391 | R104: =AVERAGE(M104:Q104) -> 7471.7072 | S104: =AVERAGE(N104:R104) -> 7457.9302 | T104: =AVERAGE(O104:S104) -> 7489.9864
A105: June | E105: =monthly_data!$U45 -> 6497 | F105: =monthly_data!$U57 -> 6802.339 | G105: =monthly_data!$U69 -> 9491.661 | H105: =monthly_data!$U81 -> 8487.651 | I105: =monthly_data!$U93 -> 6280.414 | J105: =monthly_data!$U105 -> 7135.714 | K105: =monthly_data!$U117 -> 7505.306 | L105: =AVERAGE(G105:K105) -> 7780.1492 | M105: =AVERAGE(H105:L105) -> 7437.8468 | N105: =AVERAGE(I105:M105) -> 7227.886 | O105: =AVERAGE(J105:N105) -> 7417.3804 | P105: =AVERAGE(K105:O105) -> 7473.7137 | Q105: =AVERAGE(L105:P105) -> 7467.3952 | R105: =AVERAGE(M105:Q105) -> 7404.8444 | S105: =AVERAGE(N105:R105) -> 7398.244 | T105: =AVERAGE(O105:S105) -> 7432.3155
A106: July | E106: =monthly_data!$U46 -> 6553 | F106: =monthly_data!$U58 -> 7009.805 | G106: =monthly_data!$U70 -> 9271.529 | H106: =monthly_data!$U82 -> 8046.48 | I106: =monthly_data!$U94 -> 6347.817 | J106: =monthly_data!$U106 -> 7177.635 | K106: =monthly_data!$U118 -> 7248.023 | L106: =AVERAGE(G106:K106) -> 7618.2968 | M106: =AVERAGE(H106:L106) -> 7287.6504 | N106: =AVERAGE(I106:M106) -> 7135.8844 | O106: =AVERAGE(J106:N106) -> 7293.4979 | P106: =AVERAGE(K106:O106) -> 7316.6705 | Q106: =AVERAGE(L106:P106) -> 7330.4 | R106: =AVERAGE(M106:Q106) -> 7272.8206 | S106: =AVERAGE(N106:R106) -> 7269.8547 | T106: =AVERAGE(O106:S106) -> 7296.6488
A107: August | E107: =monthly_data!$U47 -> 6632 | F107: =monthly_data!$U59 -> 7249.225 | G107: =monthly_data!$U71 -> 9162.823 | H107: =monthly_data!$U83 -> 7677.685 | I107: =monthly_data!$U95 -> 6516.153 | J107: =monthly_data!$U107 -> 7261.586 | K107: =AVERAGE(F107:J107) -> 7573.4944 | L107: =AVERAGE(G107:K107) -> 7638.3483 | M107: =AVERAGE(H107:L107) -> 7333.4533 | N107: =AVERAGE(I107:M107) -> 7264.607 | O107: =AVERAGE(J107:N107) -> 7414.2978 | P107: =AVERAGE(K107:O107) -> 7444.8402 | Q107: =AVERAGE(L107:P107) -> 7419.1093 | R107: =AVERAGE(M107:Q107) -> 7375.2615 | ... T107: =AVERAGE(O107:S107) -> 7407.4264
A108: September | E108: =monthly_data!$U48 -> 6463 | F108: =monthly_data!$U60 -> 7303.467 | G108: =monthly_data!$U72 -> 9013.353 | H108: =monthly_data!$U84 -> 7038.332 | I108: =monthly_data!$U96 -> 6585.155 | J108: =monthly_data!$U108 -> 7093.666 | K108: =AVERAGE(F108:J108) -> 7406.7946 | L108: =AVERAGE(G108:K108) -> 7427.4601 | M108: =AVERAGE(H108:L108) -> 7110.2815 | N108: =AVERAGE(I108:M108) -> 7124.6715 | O108: =AVERAGE(J108:N108) -> 7232.5747 | P108: =AVERAGE(K108:O108) -> 7260.3565 | Q108: =AVERAGE(L108:P108) -> 7231.0689 | R108: =AVERAGE(M108:Q108) -> 7191.7906 | ... T108: =AVERAGE(O108:S108) -> 7224.7766
A109: October | E109: =monthly_data!$U49 -> 6402 | F109: =monthly_data!$U61 -> 6994.142 | G109: =monthly_data!$U73 -> 9139.601 | H109: =monthly_data!$U85 -> 6676.169 | I109: =monthly_data!$U97 -> 6384.776 | J109: =monthly_data!$U109 -> 6999.966 | K109: =AVERAGE(F109:J109) -> 7238.9308 | L109: =AVERAGE(G109:K109) -> 7287.8886 | M109: =AVERAGE(H109:L109) -> 6917.5461 | N109: =AVERAGE(I109:M109) -> 6965.8215 | O109: =AVERAGE(J109:N109) -> 7082.0306 | P109: =AVERAGE(K109:O109) -> 7098.4435 | Q109: =AVERAGE(L109:P109) -> 7070.346 | R109: =AVERAGE(M109:Q109) -> 7026.8375 | ... T109: =AVERAGE(O109:S109) -> 7065.2707
A110: November | E110: =monthly_data!$U50 -> 6744 | F110: =monthly_data!$U62 -> 7265.943 | G110: =monthly_data!$U74 -> 8902.998 | H110: =monthly_data!$U86 -> 6912.777 | I110: =monthly_data!$U98 -> 6868.647 | J110: =monthly_data!$U110 -> 6993.76 | K110: =AVERAGE(F110:J110) -> 7388.825 | L110: =AVERAGE(G110:K110) -> 7413.4014 | M110: =AVERAGE(H110:L110) -> 7115.4821 | N110: =AVERAGE(I110:M110) -> 7156.0231 | O110: =AVERAGE(J110:N110) -> 7213.4983 | P110: =AVERAGE(K110:O110) -> 7257.446 | Q110: =AVERAGE(L110:P110) -> 7231.1702 | R110: =AVERAGE(M110:Q110) -> 7194.7239 | ... T110: =AVERAGE(O110:S110) -> 7221.4821
...

Sheet Diesel
A1: EUROPEAN UNION (EU) DISTILATE FUEL OIL SUPPLY AND DEMAND
A2: thousand tonnes | B2: 2015 | C2: 2016 | D2: 2017 | E2: 2018 | F2: 2019 | G2: 2020 | H2: 2021 | I2: 2022 | J2: 2023 | K2: 2024 | L2: 2025 | M2: 2026 | N2: 2027 | O2: 2028 | P2: 2029 | Q2: 2030 | R2: 2031 | S2: 2032 | T2: 2033 | U2: 2034
A3: Beginning Stocks
A4: Production
A5: Imports
A6: Total Supply
A7: Reported Domestic Consumption
A8: Diesel Adjustment
A9: Domestic Consumption
A10: Exports
A11: Total Demand
A12: Final Stocks (December 31)
A13: Stocks Change
A14: Stocks/Use
A18: DISTILATE FUEL OIL PRODUCTION
A19: thousand tonnes | B19: =B2 -> 2015 | C19: =C2 -> 2016 | D19: =D2 -> 2017 | E19: =E2 -> 2018 | F19: =F2 -> 2019 | G19: =G2 -> 2020 | H19: =H2 -> 2021 | I19: =I2 -> 2022 | ... U19: =U2 -> 2034
A20: January
A21: February
A22: March
A23: April
A24: May
A25: June
A26: July
A27: August
A28: September
A29: October
A30: November
A31: December
... A34: DISTILATE FUEL OIL IMPORTS
A35: thousand tonnes | B35: =B2 -> 2015 | C35: =C2 -> 2016 | D35: =D2 -> 2017 | E35: =E2 -> 2018 | F35: =F2 -> 2019 | G35: =G2 -> 2020 | H35: =H2 -> 2021 | I35: =I2 -> 2022 | ... U35: =U2 -> 2034
A36: January
A37: February
A38: March
A39: April
A40: May
A41: June
A42: July
A43: August
A44: September
A45: October
A46: November
A47: December
... A50: DISTILATE FUEL OIL EXPORTS
A51: thousand tonnes | B51: =B35 -> 2015 | C51: =C35 -> 2016 | D51: =D35 -> 2017 | E51: =E35 -> 2018 | F51: =F35 -> 2019 | G51: =G35 -> 2020 | H51: =H35 -> 2021 | I51: =I35 -> 2022 | ... U51: =U35 -> 2034
A52: January
A53: February
A54: March
A55: April
A56: May
A57: June
A58: July
A59: August
A60: September
A61: October
A62: November
A63: December
... A66: DISTILATE FUEL OIL CONSUMPTION
A67: thousand tonnes | B67: =B$2 -> 2015 | C67: =C$2 -> 2016 | D67: =D$2 -> 2017 | E67: =E$2 -> 2018 | F67: =F$2 -> 2019 | G67: =G$2 -> 2020 | H67: =H$2 -> 2021 | I67: =I$2 -> 2022 | ... U67: =U$2 -> 2034
A68: January
A69: February
A70: March
A71: April
A72: May
A73: June
A74: July
A75: August
A76: September
A77: October
A78: November
A79: December
... A82: DISTILATE FUEL OIL ADJUSTMENT
A83: thousand tonnes | B83: =B2 -> 2015 | C83: =C2 -> 2016 | D83: =D2 -> 2017 | E83: =E2 -> 2018 | F83: =F2 -> 2019 | G83: =G2 -> 2020 | H83: =H2 -> 2021 | I83: =I2 -> 2022 | ... U83: =U2 -> 2034
A84: January
A85: February
A86: March
A87: April
A88: May
A89: June
A90: July
A91: August
A92: September
A93: October
A94: November
A95: December
... A98: DISTILATE FUEL OIL CALCULATED DOMESTIC CONSUMPTION
A99: thousand tonnes | B99: =B2 -> 2015 | C99: =C2 -> 2016 | D99: =D2 -> 2017 | E99: =E2 -> 2018 | F99: =F2 -> 2019 | G99: =G2 -> 2020 | H99: =H2 -> 2021 | I99: =I2 -> 2022 | ... U99: =U2 -> 2034
A100: January
A101: February
A102: March
A103: April
A104: May
A105: June
A106: July
A107: August
A108: September
A109: October
A110: November
A111: December
... A114: DISTILATE FUEL OIL STOCKS
A115: thousand tonnes | B115: =B2 -> 2015 | C115: =C2 -> 2016 | D115: =D2 -> 2017 | E115: =E2 -> 2018 | F115: =F2 -> 2019 | G115: =G2 -> 2020 | H115: =H2 -> 2021 | I115: =I2 -> 2022 | ... U115: =U2 -> 2034
...
