Workbook

Sheet Fuels

Sheet Feedstocks
A1: NORTH AMERICAN BIOMASS-BASED DIESEL FEEDSTOCK BALANCE SHEETS
A2: NORTH AMERICAN BIOMASS-BASED DIESEL FEEDSTOCK (million pounds)
A3: NORTH AMERICAN BIOMASS-BASED DIESEL FEEDSTOCK (Million Pounds)
B4: 95/96 | C4: 96/97 | D4: 97/98 | E4: 98/99 | F4: 99/00 | G4: 00/01 | H4: 01/02 | I4: 02/03 | J4: 03/04 | K4: 04/05 | L4: 05/06 | M4: 06/07 | N4: 07/08 | O4: 08/09 | P4: 09/10 | Q4: 10/11 | R4: 11/12 | S4: 12/13 | T4: 13/14 | U4: 14/15 | V4: 15/16 | W4: 16/17 | X4: 17/18 | Y4: 18/19 | Z4: 19/20 | AA4: 20/21 | AB4: 21/22 | AC4: 22/23 | AD4: 23/24 | AE4: 24/25 | AF4: 25/26 | AG4: 26/27 | AH4: 27/28 | AI4: 28/29 | AJ4: 29/30 | AK4: 30/31 | AL4: 31/32 | AM4: 32/33 | AN4: 33/34 | AO4: 34/35 | AP4: 35/36 | AQ4: 35/37 | AR4: 35/38 | AS4: 35/39 | AT4: 35/40 | AU4: 35/41
A5: Beginning Stocks (October 1) | B5: =B20+B37+B54 -> #REF! | C5: =C20+C37+C54 -> #REF! | D5: =D20+D37+D54 -> #REF! | E5: =E20+E37+E54 -> #REF! | F5: =F20+F37+F54 -> #REF! | G5: =G20+G37+G54 -> #REF! | H5: =H20+H37+H54 -> #REF! | I5: =I20+I37+I54 -> #REF! | ... AU5: =AU20+AU37+AU54 -> 16163.067
A6: Production | B6: =B21+B38+B55 -> #REF! | C6: =C21+C38+C55 -> #REF! | D6: =D21+D38+D55 -> #REF! | E6: =E21+E38+E55 -> #REF! | F6: =F21+F38+F55 -> #REF! | G6: =G21+G38+G55 -> #REF! | H6: =H21+H38+H55 -> #REF! | I6: =I21+I38+I55 -> #REF! | ... AU6: =AU21+AU38+AU55 -> 105982.82
A7: Imports | B7: ='Inedible Tallow Trade'!C32 -> 0.31722567 | C7: ='Inedible Tallow Trade'!D32 -> 1.7634078 | D7: ='Inedible Tallow Trade'!E32 -> 1.0322193 | E7: ='Inedible Tallow Trade'!F32 -> 0.056313179 | F7: ='Inedible Tallow Trade'!G32 -> 14.723257 | G7: ='Inedible Tallow Trade'!H32 -> 0.035273952 | H7: ='Inedible Tallow Trade'!I32 -> 0.063934038 | I7: ='Inedible Tallow Trade'!J32 -> 0.050706306 | ... AU7: ='Inedible Tallow Trade'!AV32 -> 0
A8: Total Supply | B8: =B23+B40+B57 -> #REF! | C8: =C23+C40+C57 -> #REF! | D8: =D23+D40+D57 -> #REF! | E8: =E23+E40+E57 -> #REF! | F8: =F23+F40+F57 -> #REF! | G8: =G23+G40+G57 -> #REF! | H8: =H23+H40+H57 -> #REF! | I8: =I23+I40+I57 -> #REF! | ... AB8: =AB23+AB40+AB57 -> 73815.646 | AC8: =SUM(AC5:AC7) -> 73048.068 | AD8: =SUM(AD5:AD7) -> 76189.932 | AE8: =SUM(AE5:AE7) -> 80031.371 | AF8: =SUM(AF5:AF7) -> 81587.883 | AG8: =SUM(AG5:AG7) -> 85635.74 | AH8: =SUM(AH5:AH7) -> 92246.557 | AI8: =SUM(AI5:AI7) -> 94486.123 | AJ8: =SUM(AJ5:AJ7) -> 97456.279 | ... AU8: =SUM(AU5:AU7) -> 122145.88
A9: Domestic Use | B9: =B15-B14 -> #REF! | C9: =C15-C14 -> #REF! | D9: =D15-D14 -> #REF! | E9: =E15-E14 -> #REF! | F9: =F15-F14 -> #REF! | G9: =G15-G14 -> #REF! | H9: =H15-H14 -> #REF! | I9: =I15-I14 -> #REF! | ... AU9: =AU15-AU14 -> 103519.92
A10: Biomass-Based Diesel Feedstock | B10: =B11+B12 -> #REF! | C10: =C11+C12 -> #REF! | D10: =D11+D12 -> #REF! | E10: =E11+E12 -> #REF! | F10: =F11+F12 -> #REF! | G10: =G11+G12 -> #REF! | H10: =H11+H12 -> #REF! | I10: =I11+I12 -> #REF! | ... AU10: =AU11+AU12 -> 94864.261
A11: Biodiesel | B11: =B26+B43+B60 -> #REF! | C11: =C26+C43+C60 -> #REF! | D11: =D26+D43+D60 -> #REF! | E11: =E26+E43+E60 -> #REF! | F11: =F26+F43+F60 -> #REF! | G11: =G26+G43+G60 -> #REF! | H11: =H26+H43+H60 -> #REF! | I11: =I26+I43+I60 -> #REF! | ... AU11: =AU26+AU43+AU60 -> 8076.7587
A12: Renewable Biodiesel | B12: =B27+B44+B61 -> #REF! | C12: =C27+C44+C61 -> #REF! | D12: =D27+D44+D61 -> #REF! | E12: =E27+E44+E61 -> #REF! | F12: =F27+F44+F61 -> #REF! | G12: =G27+G44+G61 -> #REF! | H12: =H27+H44+H61 -> #REF! | I12: =I27+I44+I61 -> #REF! | ... AU12: =AU27+AU44+AU61 -> 86787.503
A13: Non-Biofuel Use | B13: =B9-B10 -> #REF! | C13: =C9-C10 -> #REF! | D13: =D9-D10 -> #REF! | E13: =E9-E10 -> #REF! | F13: =F9-F10 -> #REF! | G13: =G9-G10 -> #REF! | H13: =H9-H10 -> #REF! | I13: =I9-I10 -> #REF! | ... AU13: =AU9-AU10 -> 8655.6558
A14: Exports | B14: ='Inedible Tallow Trade'!C33 -> 4367.5278 | C14: ='Inedible Tallow Trade'!D33 -> 2873.4735 | D14: ='Inedible Tallow Trade'!E33 -> 3925.9756 | E14: ='Inedible Tallow Trade'!F33 -> 3765.6708 | F14: ='Inedible Tallow Trade'!G33 -> 3223.6323 | G14: ='Inedible Tallow Trade'!H33 -> 2619.5358 | H14: ='Inedible Tallow Trade'!I33 -> 2993.3143 | I14: ='Inedible Tallow Trade'!J33 -> 2933.2602 | ... AU14: ='Inedible Tallow Trade'!AV33 -> 0
A15: Total Use | B15: =B8-B16 -> #REF! | C15: =C8-C16 -> #REF! | D15: =D8-D16 -> #REF! | E15: =E8-E16 -> #REF! | F15: =F8-F16 -> #REF! | G15: =G8-G16 -> #REF! | H15: =H8-H16 -> #REF! | I15: =I8-I16 -> #REF! | ... AU15: =AU8-AU16 -> 103519.92
A16: Ending Stocks (September 30) | B16: =B32+B49+B65 -> #REF! | C16: =C32+C49+C65 -> #REF! | D16: =D32+D49+D65 -> #REF! | E16: =E32+E49+E65 -> #REF! | F16: =F32+F49+F65 -> #REF! | G16: =G32+G49+G65 -> #REF! | H16: =H32+H49+H65 -> #REF! | I16: =I32+I49+I65 -> #REF! | ... AU16: =AU32+AU49+AU65 -> 18625.967
A18: US BIOMASS-BASED DIESEL FEEDSTOCK SUPPLY AND DEMAND (Million Pounds)
B19: =B4 -> 95/96 | C19: =C4 -> 96/97 | D19: =D4 -> 97/98 | E19: =E4 -> 98/99 | F19: =F4 -> 99/00 | G19: =G4 -> 00/01 | H19: =H4 -> 01/02 | I19: =I4 -> 02/03 | ... AU19: =AU4 -> 35/41
A20: Beginning Stocks (October 1) | B20: ='Vegetable Oil'!B20+'Fat and Grease'!B20 -> #REF! | C20: ='Vegetable Oil'!C20+'Fat and Grease'!C20 -> #REF! | D20: ='Vegetable Oil'!D20+'Fat and Grease'!D20 -> #REF! | E20: ='Vegetable Oil'!E20+'Fat and Grease'!E20 -> 1855.0347 | F20: ='Vegetable Oil'!F20+'Fat and Grease'!F20 -> #REF! | G20: ='Vegetable Oil'!G20+'Fat and Grease'!G20 -> #REF! | H20: ='Vegetable Oil'!H20+'Fat and Grease'!H20 -> 3181.184 | I20: ='Vegetable Oil'!I20+'Fat and Grease'!I20 -> 2746.795 | ... AU20: ='Vegetable Oil'!AU20+'Fat and Grease'!AU20 -> 13265.102
A21: ='[6]Inedible Tallow Complex'!A4 -> #REF! | B21: ='Vegetable Oil'!B21+'Fat and Grease'!B21 -> 23190.656 | C21: ='Vegetable Oil'!C21+'Fat and Grease'!C21 -> 23419.089 | D21: ='Vegetable Oil'!D21+'Fat and Grease'!D21 -> 26267.602 | E21: ='Vegetable Oil'!E21+'Fat and Grease'!E21 -> 26767.568 | F21: ='Vegetable Oil'!F21+'Fat and Grease'!F21 -> 26033.583 | G21: ='Vegetable Oil'!G21+'Fat and Grease'!G21 -> 26022.351 | H21: ='Vegetable Oil'!H21+'Fat and Grease'!H21 -> 27228.466 | I21: ='Vegetable Oil'!I21+'Fat and Grease'!I21 -> 26766.409 | ... AU21: ='Vegetable Oil'!AU21+'Fat and Grease'!AU21 -> 72843.781
A22: ='[7]Inedible Tallow Complex'!A5 -> Imports | B22: ='Vegetable Oil'!B22+'Fat and Grease'!B22 -> 1246.9476 | C22: ='Vegetable Oil'!C22+'Fat and Grease'!C22 -> 1242.9299 | D22: ='Vegetable Oil'!D22+'Fat and Grease'!D22 -> 1264.1162 | E22: ='Vegetable Oil'!E22+'Fat and Grease'!E22 -> 1264.848 | F22: ='Vegetable Oil'!F22+'Fat and Grease'!F22 -> 1335.8951 | G22: ='Vegetable Oil'!G22+'Fat and Grease'!G22 -> 1361.9594 | H22: ='Vegetable Oil'!H22+'Fat and Grease'!H22 -> 1233.9991 | I22: ='Vegetable Oil'!I22+'Fat and Grease'!I22 -> 1075.1413 | ... AU22: ='Vegetable Oil'!AU22+'Fat and Grease'!AU22 -> 43401.619
A23: ='[7]Inedible Tallow Complex'!A6 -> Total Supply | B23: =SUM(B20:B22) -> #REF! | C23: =SUM(C20:C22) -> #REF! | D23: =SUM(D20:D22) -> #REF! | E23: =SUM(E20:E22) -> 29887.451 | F23: =SUM(F20:F22) -> #REF! | G23: =SUM(G20:G22) -> #REF! | H23: =SUM(H20:H22) -> 31643.649 | I23: =SUM(I20:I22) -> 30588.345 | ... AU23: =SUM(AU20:AU22) -> 129510.5
A24: ='[7]Inedible Tallow Complex'!A7 -> Domestic Use | B24: =B31-B30 -> #REF! | C24: =C31-C30 -> #REF! | D24: =D31-D30 -> #REF! | E24: =E31-E30 -> #REF! | F24: =F31-F30 -> #REF! | G24: =G31-G30 -> #REF! | H24: =H31-H30 -> #REF! | I24: =I31-I30 -> #REF! | ... AU24: =AU31-AU30 -> 113217.33
A25: ='[7]Inedible Tallow Complex'!A8 -> Biomas-Based Diesel | B25: =B26+B27 -> 0 | C25: =C26+C27 -> 0 | D25: =D26+D27 -> 0 | E25: =E26+E27 -> 0.45285099 | F25: =F26+F27 -> 1.8114039 | G25: =G26+G27 -> 9.0570197 | H25: =H26+H27 -> 13.58553 | I25: =I26+I27 -> 16.661775 | ... AU25: =AU26+AU27 -> 86672.792
A26: ='[7]Inedible Tallow Complex'!A9 -> Biodiesel | B26: ='Vegetable Oil'!B26+'Fat and Grease'!B26 -> 0 | C26: ='Vegetable Oil'!C26+'Fat and Grease'!C26 -> 0 | D26: ='Vegetable Oil'!D26+'Fat and Grease'!D26 -> 0 | E26: ='Vegetable Oil'!E26+'Fat and Grease'!E26 -> 0.45285099 | F26: ='Vegetable Oil'!F26+'Fat and Grease'!F26 -> 1.8114039 | G26: ='Vegetable Oil'!G26+'Fat and Grease'!G26 -> 9.0570197 | H26: ='Vegetable Oil'!H26+'Fat and Grease'!H26 -> 13.58553 | I26: ='Vegetable Oil'!I26+'Fat and Grease'!I26 -> 16.661775 | ... AU26: ='Vegetable Oil'!AU26+'Fat and Grease'!AU26 -> 3974.027
A27: ='[7]Inedible Tallow Complex'!A10 -> Renewable Biodiesel/SAF Production | B27: ='Vegetable Oil'!B27+'Fat and Grease'!B27 -> 0 | C27: ='Vegetable Oil'!C27+'Fat and Grease'!C27 -> 0 | D27: ='Vegetable Oil'!D27+'Fat and Grease'!D27 -> 0 | E27: ='Vegetable Oil'!E27+'Fat and Grease'!E27 -> 0 | F27: ='Vegetable Oil'!F27+'Fat and Grease'!F27 -> 0 | G27: ='Vegetable Oil'!G27+'Fat and Grease'!G27 -> 0 | H27: ='Vegetable Oil'!H27+'Fat and Grease'!H27 -> 0 | I27: ='Vegetable Oil'!I27+'Fat and Grease'!I27 -> 0 | ... AU27: ='Vegetable Oil'!AU27+'Fat and Grease'!AU27 -> 82698.765
A28: ='[7]Inedible Tallow Complex'!A11 -> Co-Processing | B28: ='[7]Inedible Tallow Complex'!D11 -> 0 | C28: ='[7]Inedible Tallow Complex'!E11 -> 0 | D28: ='[7]Inedible Tallow Complex'!F11 -> 0 | E28: ='[7]Inedible Tallow Complex'!G11 -> 0 | F28: ='[7]Inedible Tallow Complex'!H11 -> 0 | G28: ='[7]Inedible Tallow Complex'!I11 -> 0 | H28: ='[7]Inedible Tallow Complex'!J11 -> 0 | I28: ='[7]Inedible Tallow Complex'!K11 -> 0 | ... AU28: ='[7]Inedible Tallow Complex'!AW11 -> 210.37512
A29: ='[7]Inedible Tallow Complex'!A12 -> Non-Biodiesel | B29: =B24-B25 -> #REF! | C29: =C24-C25 -> #REF! | D29: =D24-D25 -> #REF! | E29: =E24-E25 -> #REF! | F29: =F24-F25 -> #REF! | G29: =G24-G25 -> #REF! | H29: =H24-H25 -> #REF! | I29: =I24-I25 -> #REF! | ... AU29: =AU24-AU25 -> 26544.539
A30: ='[7]Inedible Tallow Complex'!A13 -> Exports | B30: ='Vegetable Oil'!B30+'Fat and Grease'!B30 -> 17049.378 | C30: ='Vegetable Oil'!C30+'Fat and Grease'!C30 -> 18261.164 | D30: ='Vegetable Oil'!D30+'Fat and Grease'!D30 -> 20947.678 | E30: ='Vegetable Oil'!E30+'Fat and Grease'!E30 -> 20567.575 | F30: ='Vegetable Oil'!F30+'Fat and Grease'!F30 -> 19630.91 | G30: ='Vegetable Oil'!G30+'Fat and Grease'!G30 -> 19521.64 | H30: ='Vegetable Oil'!H30+'Fat and Grease'!H30 -> 21525.289 | I30: ='Vegetable Oil'!I30+'Fat and Grease'!I30 -> 21560.579 | ... AU30: ='Vegetable Oil'!AU30+'Fat and Grease'!AU30 -> 860.16088
A31: ='[7]Inedible Tallow Complex'!A14 -> Total Use | B31: =B23-B32 -> #REF! | C31: =C23-C32 -> #REF! | D31: =D23-D32 -> #REF! | E31: =E23-E32 -> #REF! | F31: =F23-F32 -> #REF! | G31: =G23-G32 -> #REF! | H31: =H23-H32 -> #REF! | I31: =I23-I32 -> #REF! | ... AU31: =AU23-AU32 -> 114077.49
A32: Ending Stocks (September 30) | B32: ='Vegetable Oil'!B32+'Fat and Grease'!B32 -> #REF! | C32: ='Vegetable Oil'!C32+'Fat and Grease'!C32 -> #REF! | D32: ='Vegetable Oil'!D32+'Fat and Grease'!D32 -> #REF! | E32: ='Vegetable Oil'!E32+'Fat and Grease'!E32 -> #REF! | F32: ='Vegetable Oil'!F32+'Fat and Grease'!F32 -> #REF! | G32: ='Vegetable Oil'!G32+'Fat and Grease'!G32 -> #REF! | H32: ='Vegetable Oil'!H32+'Fat and Grease'!H32 -> #REF! | I32: ='Vegetable Oil'!I32+'Fat and Grease'!I32 -> #REF! | ... AU32: ='Vegetable Oil'!AU32+'Fat and Grease'!AU32 -> 15433.009
A33: Median Price (₵/lb) | B33: =MROUND(MEDIAN('[7]Inedible Tallow Complex'!D$213:D$224),1) -> 253 | C33: =MROUND(MEDIAN('[7]Inedible Tallow Complex'!E$213:E$224),1) -> 209 | D33: =MROUND(MEDIAN('[7]Inedible Tallow Complex'!F$213:F$224),1) -> 280 | E33: =MROUND(MEDIAN('[7]Inedible Tallow Complex'!G$213:G$224),1) -> 282 | F33: =MROUND(MEDIAN('[7]Inedible Tallow Complex'!H$213:H$224),1) -> 283 | G33: =MROUND(MEDIAN('[7]Inedible Tallow Complex'!I$213:I$224),1) -> 199 | H33: =MROUND(MEDIAN('[7]Inedible Tallow Complex'!J$213:J$224),1) -> 252 | I33: =MROUND(MEDIAN('[7]Inedible Tallow Complex'!K$213:K$224),1) -> 223 | ... AU33: =MROUND(MEDIAN('[7]Inedible Tallow Complex'!AW$213:AW$224),1) -> 486
A35: CANADA BIOMASS-BASED DIESEL FEEDSTOCK SUPPLY AND DEMAND (Million Pounds)
B36: =B4 -> 95/96 | C36: =C4 -> 96/97 | D36: =D4 -> 97/98 | E36: =E4 -> 98/99 | F36: =F4 -> 99/00 | G36: =G4 -> 00/01 | H36: =H4 -> 01/02 | I36: =I4 -> 02/03 | ... AU36: =AU4 -> 35/41
A37: Beginning Stocks (October 1) | B37: ='Vegetable Oil'!B37+'Fat and Grease'!B37 -> #REF! | C37: ='Vegetable Oil'!C37+'Fat and Grease'!C37 -> #REF! | D37: ='Vegetable Oil'!D37+'Fat and Grease'!D37 -> #REF! | E37: ='Vegetable Oil'!E37+'Fat and Grease'!E37 -> #REF! | F37: ='Vegetable Oil'!F37+'Fat and Grease'!F37 -> #REF! | G37: ='Vegetable Oil'!G37+'Fat and Grease'!G37 -> #REF! | H37: ='Vegetable Oil'!H37+'Fat and Grease'!H37 -> #REF! | I37: ='Vegetable Oil'!I37+'Fat and Grease'!I37 -> #REF! | ... AU37: ='Vegetable Oil'!AU37+'Fat and Grease'!AU37 -> 2371.2233
A38: Production | B38: ='Vegetable Oil'!B38+'Fat and Grease'!B38 -> #REF! | C38: ='Vegetable Oil'!C38+'Fat and Grease'!C38 -> #REF! | D38: ='Vegetable Oil'!D38+'Fat and Grease'!D38 -> #REF! | E38: ='Vegetable Oil'!E38+'Fat and Grease'!E38 -> #REF! | F38: ='Vegetable Oil'!F38+'Fat and Grease'!F38 -> #REF! | G38: ='Vegetable Oil'!G38+'Fat and Grease'!G38 -> #REF! | H38: ='Vegetable Oil'!H38+'Fat and Grease'!H38 -> #REF! | I38: ='Vegetable Oil'!I38+'Fat and Grease'!I38 -> #REF! | ... AU38: ='Vegetable Oil'!AU38+'Fat and Grease'!AU38 -> 22835.294
A39: Imports | B39: ='Vegetable Oil'!B39+'Fat and Grease'!B39 -> #REF! | C39: ='Vegetable Oil'!C39+'Fat and Grease'!C39 -> #REF! | D39: ='Vegetable Oil'!D39+'Fat and Grease'!D39 -> #REF! | E39: ='Vegetable Oil'!E39+'Fat and Grease'!E39 -> #REF! | F39: ='Vegetable Oil'!F39+'Fat and Grease'!F39 -> #REF! | G39: ='Vegetable Oil'!G39+'Fat and Grease'!G39 -> #REF! | H39: ='Vegetable Oil'!H39+'Fat and Grease'!H39 -> #REF! | I39: ='Vegetable Oil'!I39+'Fat and Grease'!I39 -> #REF! | ... AU39: ='Vegetable Oil'!AU39+'Fat and Grease'!AU39 -> 1122.4535
A40: Total Supply | B40: =B39+B38+B37 -> #REF! | C40: =C39+C38+C37 -> #REF! | D40: =D39+D38+D37 -> #REF! | E40: =E39+E38+E37 -> #REF! | F40: =F39+F38+F37 -> #REF! | G40: =G39+G38+G37 -> #REF! | H40: =H39+H38+H37 -> #REF! | I40: =I39+I38+I37 -> #REF! | ... AU40: =AU39+AU38+AU37 -> 26328.971
A41: Domestic Use | B41: =B48-B47 -> #REF! | C41: =C48-C47 -> #REF! | D41: =D48-D47 -> #REF! | E41: =E48-E47 -> #REF! | F41: =F48-F47 -> #REF! | G41: =G48-G47 -> #REF! | H41: =H48-H47 -> #REF! | I41: =I48-I47 -> #REF! | ... AU41: =AU48-AU47 -> 16611.394
A42: Biomass-Based Diesel Feedstock | B42: =B43+B44 -> #REF! | C42: =C43+C44 -> #REF! | D42: =D43+D44 -> #REF! | E42: =E43+E44 -> #REF! | F42: =F43+F44 -> #REF! | G42: =G43+G44 -> #REF! | H42: =H43+H44 -> #REF! | I42: =I43+I44 -> #REF! | ... AU42: =AU43+AU44 -> 8171.2739
A43: Biodiesel | B43: ='Vegetable Oil'!B43+'Fat and Grease'!B43 -> #REF! | C43: ='Vegetable Oil'!C43+'Fat and Grease'!C43 -> #REF! | D43: ='Vegetable Oil'!D43+'Fat and Grease'!D43 -> #REF! | E43: ='Vegetable Oil'!E43+'Fat and Grease'!E43 -> #REF! | F43: ='Vegetable Oil'!F43+'Fat and Grease'!F43 -> #REF! | G43: ='Vegetable Oil'!G43+'Fat and Grease'!G43 -> #REF! | H43: ='Vegetable Oil'!H43+'Fat and Grease'!H43 -> #REF! | I43: ='Vegetable Oil'!I43+'Fat and Grease'!I43 -> #REF! | ... AU43: ='Vegetable Oil'!AU43+'Fat and Grease'!AU43 -> 4082.5363
A44: Renewable Biodiesel | B44: ='Vegetable Oil'!B44+'Fat and Grease'!B44 -> #REF! | C44: ='Vegetable Oil'!C44+'Fat and Grease'!C44 -> #REF! | D44: ='Vegetable Oil'!D44+'Fat and Grease'!D44 -> #REF! | E44: ='Vegetable Oil'!E44+'Fat and Grease'!E44 -> #REF! | F44: ='Vegetable Oil'!F44+'Fat and Grease'!F44 -> #REF! | G44: ='Vegetable Oil'!G44+'Fat and Grease'!G44 -> #REF! | H44: ='Vegetable Oil'!H44+'Fat and Grease'!H44 -> #REF! | I44: ='Vegetable Oil'!I44+'Fat and Grease'!I44 -> #REF! | ... AU44: ='Vegetable Oil'!AU44+'Fat and Grease'!AU44 -> 4088.7375
A45: Co-Processing | B45: ='Vegetable Oil'!B45+'Fat and Grease'!#REF! -> #REF! | C45: ='Vegetable Oil'!C45+'Fat and Grease'!#REF! -> #REF! | D45: ='Vegetable Oil'!D45+'Fat and Grease'!#REF! -> #REF! | E45: ='Vegetable Oil'!E45+'Fat and Grease'!#REF! -> #REF! | F45: ='Vegetable Oil'!F45+'Fat and Grease'!#REF! -> #REF! | G45: ='Vegetable Oil'!G45+'Fat and Grease'!#REF! -> #REF! | H45: ='Vegetable Oil'!H45+'Fat and Grease'!#REF! -> #REF! | I45: ='Vegetable Oil'!I45+'Fat and Grease'!#REF! -> #REF! | ... AU45: ='Vegetable Oil'!AU45+'Fat and Grease'!#REF! -> #REF!
A46: Non-Biodiesel | B46: =B41-B42 -> #REF! | C46: =C41-C42 -> #REF! | D46: =D41-D42 -> #REF! | E46: =E41-E42 -> #REF! | F46: =F41-F42 -> #REF! | G46: =G41-G42 -> #REF! | H46: =H41-H42 -> #REF! | I46: =I41-I42 -> #REF! | ... AU46: =AU41-AU42 -> 8440.1199
A47: Exports | B47: ='Vegetable Oil'!B47+'Fat and Grease'!B46 -> #REF! | C47: ='Vegetable Oil'!C47+'Fat and Grease'!C46 -> #REF! | D47: ='Vegetable Oil'!D47+'Fat and Grease'!D46 -> #REF! | E47: ='Vegetable Oil'!E47+'Fat and Grease'!E46 -> #REF! | F47: ='Vegetable Oil'!F47+'Fat and Grease'!F46 -> #REF! | G47: ='Vegetable Oil'!G47+'Fat and Grease'!G46 -> #REF! | H47: ='Vegetable Oil'!H47+'Fat and Grease'!H46 -> #REF! | I47: ='Vegetable Oil'!I47+'Fat and Grease'!I46 -> #REF! | ... AU47: ='Vegetable Oil'!AU47+'Fat and Grease'!AU46 -> 7051.5159
A48: Total Use | B48: =B40-B49 -> #REF! | C48: =C40-C49 -> #REF! | D48: =D40-D49 -> #REF! | E48: =E40-E49 -> #REF! | F48: =F40-F49 -> #REF! | G48: =G40-G49 -> #REF! | H48: =H40-H49 -> #REF! | I48: =I40-I49 -> #REF! | ... AU48: =AU40-AU49 -> 23662.91
A49: Ending Stocks (September 30) | B49: ='Vegetable Oil'!B49+'Fat and Grease'!B48 -> #REF! | C49: ='Vegetable Oil'!C49+'Fat and Grease'!C48 -> #REF! | D49: ='Vegetable Oil'!D49+'Fat and Grease'!D48 -> #REF! | E49: ='Vegetable Oil'!E49+'Fat and Grease'!E48 -> #REF! | F49: ='Vegetable Oil'!F49+'Fat and Grease'!F48 -> #REF! | G49: ='Vegetable Oil'!G49+'Fat and Grease'!G48 -> #REF! | H49: ='Vegetable Oil'!H49+'Fat and Grease'!H48 -> #REF! | I49: ='Vegetable Oil'!I49+'Fat and Grease'!I48 -> #REF! | ... AU49: ='Vegetable Oil'!AU49+'Fat and Grease'!AU48 -> 2666.061
A52: MEXICO BIOMASS-BASED DIESEL FEEDSTOCK SUPPLY AND DEMAND (Million Pounds)
B53: =B4 -> 95/96 | C53: =C4 -> 96/97 | D53: =D4 -> 97/98 | E53: =E4 -> 98/99 | F53: =F4 -> 99/00 | G53: =G4 -> 00/01 | H53: =H4 -> 01/02 | I53: =I4 -> 02/03 | ... AU53: =AU4 -> 35/41
A54: Beginning Stocks (October 1) | B54: ='Vegetable Oil'!B54+'Fat and Grease'!B53 -> #REF! | C54: ='Vegetable Oil'!C54+'Fat and Grease'!C53 -> #REF! | D54: ='Vegetable Oil'!D54+'Fat and Grease'!D53 -> #REF! | E54: ='Vegetable Oil'!E54+'Fat and Grease'!E53 -> #REF! | F54: ='Vegetable Oil'!F54+'Fat and Grease'!F53 -> #REF! | G54: ='Vegetable Oil'!G54+'Fat and Grease'!G53 -> #REF! | H54: ='Vegetable Oil'!H54+'Fat and Grease'!H53 -> #REF! | I54: ='Vegetable Oil'!I54+'Fat and Grease'!I53 -> #REF! | ... AU54: ='Vegetable Oil'!AU54+'Fat and Grease'!AU53 -> 526.74185
A55: Production | B55: ='Vegetable Oil'!B55+'Fat and Grease'!B54 -> #REF! | C55: ='Vegetable Oil'!C55+'Fat and Grease'!C54 -> #REF! | D55: ='Vegetable Oil'!D55+'Fat and Grease'!D54 -> #REF! | E55: ='Vegetable Oil'!E55+'Fat and Grease'!E54 -> #REF! | F55: ='Vegetable Oil'!F55+'Fat and Grease'!F54 -> #REF! | G55: ='Vegetable Oil'!G55+'Fat and Grease'!G54 -> #REF! | H55: ='Vegetable Oil'!H55+'Fat and Grease'!H54 -> #REF! | I55: ='Vegetable Oil'!I55+'Fat and Grease'!I54 -> #REF! | ... AU55: ='Vegetable Oil'!AU55+'Fat and Grease'!AU54 -> 10303.743
A56: Imports | B56: ='Vegetable Oil'!B56+'Fat and Grease'!B55 -> #REF! | C56: ='Vegetable Oil'!C56+'Fat and Grease'!C55 -> #REF! | D56: ='Vegetable Oil'!D56+'Fat and Grease'!D55 -> #REF! | E56: ='Vegetable Oil'!E56+'Fat and Grease'!E55 -> #REF! | F56: ='Vegetable Oil'!F56+'Fat and Grease'!F55 -> #REF! | G56: ='Vegetable Oil'!G56+'Fat and Grease'!G55 -> #REF! | H56: ='Vegetable Oil'!H56+'Fat and Grease'!H55 -> #REF! | I56: ='Vegetable Oil'!I56+'Fat and Grease'!I55 -> #REF! | ... AU56: ='Vegetable Oil'!AU56+'Fat and Grease'!AU55 -> 2112.5243
A57: Total Supply | B57: =SUM(B54:B56) -> #REF! | C57: =SUM(C54:C56) -> #REF! | D57: =SUM(D54:D56) -> #REF! | E57: =SUM(E54:E56) -> #REF! | F57: =SUM(F54:F56) -> #REF! | G57: =SUM(G54:G56) -> #REF! | H57: =SUM(H54:H56) -> #REF! | I57: =SUM(I54:I56) -> #REF! | ... AU57: =SUM(AU54:AU56) -> 12943.009
A58: Domestic Use | B58: =B64-B63 -> #REF! | C58: =C64-C63 -> #REF! | D58: =D64-D63 -> #REF! | E58: =E64-E63 -> #REF! | F58: =F64-F63 -> #REF! | G58: =G64-G63 -> #REF! | H58: =H64-H63 -> #REF! | I58: =I64-I63 -> #REF! | ... AU58: =AU64-AU63 -> 11572.281
A59: Biomass-Based Diesel Feedstock | B59: =B60+B61 -> #REF! | C59: =C60+C61 -> #REF! | D59: =D60+D61 -> #REF! | E59: =E60+E61 -> #REF! | F59: =F60+F61 -> #REF! | G59: =G60+G61 -> #REF! | H59: =H60+H61 -> #REF! | I59: =I60+I61 -> #REF! | ... AU59: =AU60+AU61 -> 20.195363
A60: Biodiesel | B60: ='Vegetable Oil'!B60+'Fat and Grease'!B59 -> #REF! | C60: ='Vegetable Oil'!C60+'Fat and Grease'!C59 -> #REF! | D60: ='Vegetable Oil'!D60+'Fat and Grease'!D59 -> #REF! | E60: ='Vegetable Oil'!E60+'Fat and Grease'!E59 -> #REF! | F60: ='Vegetable Oil'!F60+'Fat and Grease'!F59 -> #REF! | G60: ='Vegetable Oil'!G60+'Fat and Grease'!G59 -> #REF! | H60: ='Vegetable Oil'!H60+'Fat and Grease'!H59 -> #REF! | I60: ='Vegetable Oil'!I60+'Fat and Grease'!I59 -> #REF! | ... AU60: ='Vegetable Oil'!AU60+'Fat and Grease'!AU59 -> 20.195363
A61: Renewable Biodiesel | B61: ='Vegetable Oil'!B61+'Fat and Grease'!B60 -> #REF! | C61: ='Vegetable Oil'!C61+'Fat and Grease'!C60 -> #REF! | D61: ='Vegetable Oil'!D61+'Fat and Grease'!D60 -> #REF! | E61: ='Vegetable Oil'!E61+'Fat and Grease'!E60 -> #REF! | F61: ='Vegetable Oil'!F61+'Fat and Grease'!F60 -> #REF! | G61: ='Vegetable Oil'!G61+'Fat and Grease'!G60 -> #REF! | H61: ='Vegetable Oil'!H61+'Fat and Grease'!H60 -> #REF! | I61: ='Vegetable Oil'!I61+'Fat and Grease'!I60 -> #REF! | ... AU61: ='Vegetable Oil'!AU61+'Fat and Grease'!AU60 -> 0
A62: Non-Biofuel Use | B62: =B58-B59 -> #REF! | C62: =C58-C59 -> #REF! | D62: =D58-D59 -> #REF! | E62: =E58-E59 -> #REF! | F62: =F58-F59 -> #REF! | G62: =G58-G59 -> #REF! | H62: =H58-H59 -> #REF! | I62: =I58-I59 -> #REF! | ... AU62: =AU58-AU59 -> 11552.086
A63: Exports | B63: ='Vegetable Oil'!B63+'Fat and Grease'!B62 -> #REF! | C63: ='Vegetable Oil'!C63+'Fat and Grease'!C62 -> #REF! | D63: ='Vegetable Oil'!D63+'Fat and Grease'!D62 -> #REF! | E63: ='Vegetable Oil'!E63+'Fat and Grease'!E62 -> #REF! | F63: ='Vegetable Oil'!F63+'Fat and Grease'!F62 -> #REF! | G63: ='Vegetable Oil'!G63+'Fat and Grease'!G62 -> #REF! | H63: ='Vegetable Oil'!H63+'Fat and Grease'!H62 -> #REF! | I63: ='Vegetable Oil'!I63+'Fat and Grease'!I62 -> #REF! | ... AU63: ='Vegetable Oil'!AU63+'Fat and Grease'!AU62 -> 843.83049
A64: Total Use | B64: =B57-B65 -> #REF! | C64: =C57-C65 -> #REF! | D64: =D57-D65 -> #REF! | E64: =E57-E65 -> #REF! | F64: =F57-F65 -> #REF! | G64: =G57-G65 -> #REF! | H64: =H57-H65 -> #REF! | I64: =I57-I65 -> #REF! | ... AU64: =AU57-AU65 -> 12416.112
A65: Ending Stocks (September 30) | B65: ='Vegetable Oil'!B65+'Fat and Grease'!B64 -> #REF! | C65: ='Vegetable Oil'!C65+'Fat and Grease'!C64 -> #REF! | D65: ='Vegetable Oil'!D65+'Fat and Grease'!D64 -> #REF! | E65: ='Vegetable Oil'!E65+'Fat and Grease'!E64 -> #REF! | F65: ='Vegetable Oil'!F65+'Fat and Grease'!F64 -> #REF! | G65: ='Vegetable Oil'!G65+'Fat and Grease'!G64 -> #REF! | H65: ='Vegetable Oil'!H65+'Fat and Grease'!H64 -> #REF! | I65: ='Vegetable Oil'!I65+'Fat and Grease'!I64 -> #REF! | ... AU65: ='Vegetable Oil'!AU65+'Fat and Grease'!AU64 -> 526.8972

Sheet Vegetable Oil
A1: NORTH AMERICAN VEGETABLE OIL BALANCE SHEETS
A2: NORTH AMERICAN VEGETABLE OIL (million pounds)
A3: NORTH AMERICAN VEGETABLE OIL (Million Pounds)
B4: 95/96 | C4: 96/97 | D4: 97/98 | E4: 98/99 | F4: 99/00 | G4: 00/01 | H4: 01/02 | I4: 02/03 | J4: 03/04 | K4: 04/05 | L4: 05/06 | M4: 06/07 | N4: 07/08 | O4: 08/09 | P4: 09/10 | Q4: 10/11 | R4: 11/12 | S4: 12/13 | T4: 13/14 | U4: 14/15 | V4: 15/16 | W4: 16/17 | X4: 17/18 | Y4: 18/19 | Z4: ='Soybean Complex'!Z3 -> 2019 | AA4: ='Soybean Complex'!AA3 -> 2020 | AB4: ='Soybean Complex'!AB3 -> 2021 | AC4: ='Soybean Complex'!AC3 -> 2022 | AD4: ='Soybean Complex'!AD3 -> 2023 | AE4: ='Soybean Complex'!AE3 -> 2024 | AF4: ='Soybean Complex'!AF3 -> 2025 | AG4: ='Soybean Complex'!AG3 -> 2026 | ... BE4: ='Soybean Complex'!BE3 -> 2050
A5: Beginning Stocks (October 1) | B5: =B20+B37+B54 -> #REF! | C5: =C20+C37+C54 -> #REF! | D5: =D20+D37+D54 -> 1687.9365 | E5: =E20+E37+E54 -> 1578.8612 | F5: =F20+F37+F54 -> 1816.0985 | G5: =G20+G37+G54 -> 2468.4111 | H5: =H20+H37+H54 -> 3226.0259 | I5: =I20+I37+I54 -> 2896.1326 | ... BE5: =BE20+BE37+BE54 -> 27571.432
A6: Production | B6: =B21+B38+B55 -> 20346.089 | C6: =C21+C38+C55 -> 20698.212 | D6: =D21+D38+D55 -> 23957.243 | E6: =E21+E38+E55 -> 24004.237 | F6: =F21+F38+F55 -> 24077.051 | G6: =G21+G38+G55 -> 24616.537 | H6: =H21+H38+H55 -> 24570.582 | I6: =I21+I38+I55 -> 24001.297 | ... BE6: =BE21+BE38+BE55 -> 69123.332
A7: Imports | B7: ='Soybean Complex'!B39+'Canola Complex'!B39 -> 1314.3427 | C7: ='Soybean Complex'!C39+'Canola Complex'!C39 -> 1316.7942 | D7: ='Soybean Complex'!D39+'Canola Complex'!D39 -> 1296.7382 | E7: ='Soybean Complex'!E39+'Canola Complex'!E39 -> 1292.3695 | F7: ='Soybean Complex'!F39+'Canola Complex'!F39 -> 1384.1782 | G7: ='Soybean Complex'!G39+'Canola Complex'!G39 -> 1410.3082 | H7: ='Soybean Complex'!H39+'Canola Complex'!H39 -> 1455.8881 | I7: ='Soybean Complex'!I39+'Canola Complex'!I39 -> 1336.0306 | ... Y7: ='Soybean Complex'!Y39+'Canola Complex'!Y39 -> 4747.0592 | Z7: =Z22+Z39+Z56 -> 5138.4518 | AA7: =AA22+AA39+AA56 -> 5186.3009 | AB7: =AB22+AB39+AB56 -> 5411.4764 | AC7: =AC22+AC39+AC56 -> 5961.404 | AD7: =AD22+AD39+AD56 -> 8564.2431 | AE7: =AE22+AE39+AE56 -> 9432.4252 | AF7: =AF22+AF39+AF56 -> 7717.8046 | AG7: =AG22+AG39+AG56 -> 8082.7496 | ... BE7: =BE22+BE39+BE56 -> 16006.025
A8: Total Supply | B8: =SUM(B5:B7) -> #REF! | C8: =SUM(C5:C7) -> #REF! | D8: =SUM(D5:D7) -> 26941.917 | E8: =SUM(E5:E7) -> 26875.468 | F8: =SUM(F5:F7) -> 27277.328 | G8: =SUM(G5:G7) -> 28495.256 | H8: =SUM(H5:H7) -> 29252.496 | I8: =SUM(I5:I7) -> 28233.46 | ... BE8: =SUM(BE5:BE7) -> 112700.79
A9: Domestic Use | B9: =B15-B14 -> #REF! | C9: =C15-C14 -> #REF! | D9: =D15-D14 -> #REF! | E9: =E15-E14 -> #REF! | F9: =F15-F14 -> #REF! | G9: =G15-G14 -> #REF! | H9: =H15-H14 -> #REF! | I9: =I15-I14 -> #REF! | ... BE9: =BE15-BE14 -> 76745.984
A10: Biomass-Based Diesel Feedstock | B10: =B11+B12 -> 0 | C10: =C11+C12 -> 0 | D10: =D11+D12 -> 0 | E10: =E11+E12 -> 0 | F10: =F11+F12 -> 22.04622 | G10: =G11+G12 -> 26.455464 | H10: =H11+H12 -> 26.455464 | I10: =I11+I12 -> 22.04622 | ... Y10: =Y11+Y12 -> 10332.096 | Z10: =SUM(Z11:Z12) -> 11325.956 | AA10: =SUM(AA11:AA12) -> 12683.865 | AB10: =SUM(AB11:AB12) -> 11698.535 | AC10: =SUM(AC11:AC12) -> 12880.237 | AD10: =SUM(AD11:AD12) -> 18132.854 | AE10: =SUM(AE11:AE12) -> 19960.752 | AF10: =SUM(AF11:AF12) -> 18957.71 | AG10: =SUM(AG11:AG12) -> 21192.663 | ... BE10: =SUM(BE11:BE12) -> 39127.026
A11: Biodiesel | B11: =B26+B43+B60 -> 0 | C11: =C26+C43+C60 -> 0 | D11: =D26+D43+D60 -> 0 | E11: =E26+E43+E60 -> 0 | F11: =F26+F43+F60 -> 11.02311 | G11: =G26+G43+G60 -> 13.227732 | H11: =H26+H43+H60 -> 13.227732 | I11: =I26+I43+I60 -> 11.02311 | ... BE11: =BE26+BE43+BE60 -> 3889.6693
A12: Renewable Biodiesel | B12: =B27+B44+B61 -> 0 | C12: =C27+C44+C61 -> 0 | D12: =D27+D44+D61 -> 0 | E12: =E27+E44+E61 -> 0 | F12: =F27+F44+F61 -> 11.02311 | G12: =G27+G44+G61 -> 13.227732 | H12: =H27+H44+H61 -> 13.227732 | I12: =I27+I44+I61 -> 11.02311 | ... BE12: =BE27+BE44+BE61 -> 35237.357
A13: Non-Biofuel Use | B13: =B9-B10 -> #REF! | C13: =C9-C10 -> #REF! | D13: =D9-D10 -> #REF! | E13: =E9-E10 -> #REF! | F13: =F9-F10 -> #REF! | G13: =G9-G10 -> #REF! | H13: =H9-H10 -> #REF! | I13: =I9-I10 -> #REF! | ... BE13: =BE9-BE10 -> 37618.958
A14: Exports | B14: ='Soybean Complex'!B49+'Canola Complex'!B49 -> 17482.869 | C14: ='Soybean Complex'!C49+'Canola Complex'!C49 -> 19548.608 | D14: ='Soybean Complex'!D49+'Canola Complex'!D49 -> 22108.427 | E14: ='Soybean Complex'!E49+'Canola Complex'!E49 -> 21744.57 | F14: ='Soybean Complex'!F49+'Canola Complex'!F49 -> 21484.733 | G14: ='Soybean Complex'!G49+'Canola Complex'!G49 -> 22128.529 | H14: ='Soybean Complex'!H49+'Canola Complex'!H49 -> 22613.912 | I14: ='Soybean Complex'!I49+'Canola Complex'!I49 -> 22065.384 | ... Y14: ='Soybean Complex'!Y49+'Canola Complex'!Y49 -> 39324.611 | Z14: =Z30+Z47+Z63 -> 10263.436 | AA14: =AA30+AA47+AA63 -> 10513.955 | AB14: =AB30+AB47+AB63 -> 7756.1643 | AC14: =AC30+AC47+AC63 -> 8633.7351 | AD14: =AD30+AD47+AD63 -> 8311.9771 | AE14: =AE30+AE47+AE63 -> 9325.5384 | AF14: =AF30+AF47+AF63 -> 8723.2943 | AG14: =AG30+AG47+AG63 -> 3969.6056 | ... BE14: =BE30+BE47+BE63 -> 6950.5462
A15: Total Use | B15: =B8-B16 -> #REF! | C15: =C8-C16 -> #REF! | D15: =D8-D16 -> #REF! | E15: =E8-E16 -> #REF! | F15: =F8-F16 -> #REF! | G15: =G8-G16 -> #REF! | H15: =H8-H16 -> #REF! | I15: =I8-I16 -> #REF! | ... BE15: =BE8-BE16 -> 83696.531
A16: Ending Stocks (September 30) | B16: =B32+B49+B65 -> #REF! | C16: =C32+C49+C65 -> #REF! | D16: =D32+D49+D65 -> #REF! | E16: =E32+E49+E65 -> #REF! | F16: =F32+F49+F65 -> #REF! | G16: =G32+G49+G65 -> #REF! | H16: =H32+H49+H65 -> #REF! | I16: =I32+I49+I65 -> #REF! | ... BE16: =BE32+BE49+BE65 -> 29004.259
A18: US VEGETABLE OIL SUPPLY AND DEMAND (Million Pounds)
B19: =B4 -> 95/96 | C19: =C4 -> 96/97 | D19: =D4 -> 97/98 | E19: =E4 -> 98/99 | F19: =F4 -> 99/00 | G19: =G4 -> 00/01 | H19: =H4 -> 01/02 | I19: =I4 -> 02/03 | ... BE19: =BE4 -> 2050
A20: ='[7]Inedible Tallow Complex'!A3 -> Carryin (October 1) | B20: ='Soybean Complex'!B75+'Canola Complex'!B74 -> #REF! | C20: ='Soybean Complex'!C75+'Canola Complex'!C74 -> #REF! | D20: ='Soybean Complex'!D75+'Canola Complex'!D74 -> 1578.2 | E20: ='Soybean Complex'!E75+'Canola Complex'!E74 -> 1497.7 | F20: ='Soybean Complex'!F75+'Canola Complex'!F74 -> 1705.5 | G20: ='Soybean Complex'!G75+'Canola Complex'!G74 -> 2195.9 | H20: ='Soybean Complex'!H75+'Canola Complex'!H74 -> 2853.784 | I20: ='Soybean Complex'!I75+'Canola Complex'!I74 -> 2401.195 | ... BE20: ='Soybean Complex'!BE75+'Canola Complex'!BE74 -> 26596.212
A21: ='[7]Inedible Tallow Complex'!A4 -> Production | B21: ='Soybean Complex'!B76+'Canola Complex'!B75 -> 15601.658 | C21: ='Soybean Complex'!C76+'Canola Complex'!C75 -> 16113.558 | D21: ='Soybean Complex'!D76+'Canola Complex'!D75 -> 18504.258 | E21: ='Soybean Complex'!E76+'Canola Complex'!E75 -> 18439.658 | F21: ='Soybean Complex'!F76+'Canola Complex'!F75 -> 18186.258 | G21: ='Soybean Complex'!G76+'Canola Complex'!G75 -> 18781.258 | H21: ='Soybean Complex'!H76+'Canola Complex'!H75 -> 19259.858 | I21: ='Soybean Complex'!I76+'Canola Complex'!I75 -> 18791.758 | ... BE21: ='Soybean Complex'!BE76+'Canola Complex'!BE75 -> 42769.176
A22: ='[7]Inedible Tallow Complex'!A5 -> Imports | B22: ='Soybean Complex'!B77+'Canola Complex'!B76 -> 1190.8846 | C22: ='Soybean Complex'!C77+'Canola Complex'!C76 -> 1159.0617 | D22: ='Soybean Complex'!D77+'Canola Complex'!D76 -> 1170.4362 | E22: ='Soybean Complex'!E77+'Canola Complex'!E76 -> 1191.2536 | F22: ='Soybean Complex'!F77+'Canola Complex'!F76 -> 1258.9697 | G22: ='Soybean Complex'!G77+'Canola Complex'!G76 -> 1273.5087 | H22: ='Soybean Complex'!H77+'Canola Complex'!H76 -> 1155.3169 | I22: ='Soybean Complex'!I77+'Canola Complex'!I76 -> 1027.9143 | ... BE22: ='Soybean Complex'!BE77+'Canola Complex'!BE76 -> 12961.016
A23: ='[7]Inedible Tallow Complex'!A6 -> Total Supply | B23: =SUM(B20:B22) -> #REF! | C23: =SUM(C20:C22) -> #REF! | D23: =SUM(D20:D22) -> 21252.894 | E23: =SUM(E20:E22) -> 21128.612 | F23: =SUM(F20:F22) -> 21150.728 | G23: =SUM(G20:G22) -> 22250.667 | H23: =SUM(H20:H22) -> 23268.959 | I23: =SUM(I20:I22) -> 22220.867 | ... BE23: =SUM(BE20:BE22) -> 82326.404
A24: ='[7]Inedible Tallow Complex'!A7 -> Domestic Use | B24: =B31-B30 -> #REF! | C24: =C31-C30 -> #REF! | D24: =D31-D30 -> #REF! | E24: =E31-E30 -> #REF! | F24: =F31-F30 -> #REF! | G24: =G31-G30 -> #REF! | H24: =H31-H30 -> #REF! | I24: =I31-I30 -> #REF! | ... BE24: =BE31-BE30 -> 53623.448
A25: ='[7]Inedible Tallow Complex'!A8 -> Biomas-Based Diesel | B25: =B26+B27 -> 0 | C25: =C26+C27 -> 0 | D25: =D26+D27 -> 0 | E25: =E26+E27 -> 0 | F25: =F26+F27 -> 0 | G25: =G26+G27 -> 0 | H25: =H26+H27 -> 0 | I25: =I26+I27 -> 0 | ... BE25: =BE26+BE27 -> 32685.03
A26: ='[7]Inedible Tallow Complex'!A9 -> Biodiesel | B26: ='Soybean Complex'!B81+'Canola Complex'!B80 -> 0 | C26: ='Soybean Complex'!C81+'Canola Complex'!C80 -> 0 | D26: ='Soybean Complex'!D81+'Canola Complex'!D80 -> 0 | E26: ='Soybean Complex'!E81+'Canola Complex'!E80 -> 0 | F26: ='Soybean Complex'!F81+'Canola Complex'!F80 -> 0 | G26: ='Soybean Complex'!G81+'Canola Complex'!G80 -> 0 | H26: ='Soybean Complex'!H81+'Canola Complex'!H80 -> 0 | I26: ='Soybean Complex'!I81+'Canola Complex'!I80 -> 0 | ... BE26: ='Soybean Complex'!BE81+'Canola Complex'!BE80 -> 1220.6162
A27: ='[7]Inedible Tallow Complex'!A10 -> Renewable Biodiesel/SAF Production | B27: ='Soybean Complex'!B82+'Canola Complex'!B81 -> 0 | C27: ='Soybean Complex'!C82+'Canola Complex'!C81 -> 0 | D27: ='Soybean Complex'!D82+'Canola Complex'!D81 -> 0 | E27: ='Soybean Complex'!E82+'Canola Complex'!E81 -> 0 | F27: ='Soybean Complex'!F82+'Canola Complex'!F81 -> 0 | G27: ='Soybean Complex'!G82+'Canola Complex'!G81 -> 0 | H27: ='Soybean Complex'!H82+'Canola Complex'!H81 -> 0 | I27: ='Soybean Complex'!I82+'Canola Complex'!I81 -> 0 | ... BE27: ='Soybean Complex'!BE82+'Canola Complex'!BE81 -> 31464.414
A28: ='[7]Inedible Tallow Complex'!A11 -> Co-Processing | B28: ='[7]Inedible Tallow Complex'!D11 -> 0 | C28: ='[7]Inedible Tallow Complex'!E11 -> 0 | D28: ='[7]Inedible Tallow Complex'!F11 -> 0 | E28: ='[7]Inedible Tallow Complex'!G11 -> 0 | F28: ='[7]Inedible Tallow Complex'!H11 -> 0 | G28: ='[7]Inedible Tallow Complex'!I11 -> 0 | H28: ='[7]Inedible Tallow Complex'!J11 -> 0 | I28: ='[7]Inedible Tallow Complex'!K11 -> 0 | ... BE28: ='[7]Inedible Tallow Complex'!BG11 -> 558.18792
A29: ='[7]Inedible Tallow Complex'!A12 -> Non-Biodiesel | B29: =B24-B25 -> #REF! | C29: =C24-C25 -> #REF! | D29: =D24-D25 -> #REF! | E29: =E24-E25 -> #REF! | F29: =F24-F25 -> #REF! | G29: =G24-G25 -> #REF! | H29: =H24-H25 -> #REF! | I29: =I24-I25 -> #REF! | ... BE29: =BE24-BE25 -> 20938.418
A30: ='[7]Inedible Tallow Complex'!A13 -> Exports | B30: ='Soybean Complex'!B86+'Canola Complex'!B85 -> 14603.858 | C30: ='Soybean Complex'!C86+'Canola Complex'!C85 -> 16447.485 | D30: ='Soybean Complex'!D86+'Canola Complex'!D85 -> 18487.795 | E30: ='Soybean Complex'!E86+'Canola Complex'!E85 -> 18171.208 | F30: ='Soybean Complex'!F86+'Canola Complex'!F85 -> 17579.774 | G30: ='Soybean Complex'!G86+'Canola Complex'!G85 -> 17866.299 | H30: ='Soybean Complex'!H86+'Canola Complex'!H85 -> 19499.717 | I30: ='Soybean Complex'!I86+'Canola Complex'!I85 -> 19493.184 | ... BE30: ='Soybean Complex'!BE86+'Canola Complex'!BE85 -> 634.30484
A31: ='[7]Inedible Tallow Complex'!A14 -> Total Use | B31: =B23-B32 -> #REF! | C31: =C23-C32 -> #REF! | D31: =D23-D32 -> #REF! | E31: =E23-E32 -> #REF! | F31: =F23-F32 -> #REF! | G31: =G23-G32 -> #REF! | H31: =H23-H32 -> #REF! | I31: =I23-I32 -> #REF! | ... BE31: =BE23-BE32 -> 54257.753
A32: Ending Stocks (September 30) | B32: ='Soybean Complex'!B88+'Canola Complex'!B87 -> #REF! | C32: ='Soybean Complex'!C88+'Canola Complex'!C87 -> #REF! | D32: ='Soybean Complex'!D88+'Canola Complex'!D87 -> #REF! | E32: ='Soybean Complex'!E88+'Canola Complex'!E87 -> #REF! | F32: ='Soybean Complex'!F88+'Canola Complex'!F87 -> #REF! | G32: ='Soybean Complex'!G88+'Canola Complex'!G87 -> #REF! | H32: ='Soybean Complex'!H88+'Canola Complex'!H87 -> #REF! | I32: ='Soybean Complex'!I88+'Canola Complex'!I87 -> #REF! | ... BE32: ='Soybean Complex'!BE88+'Canola Complex'!BE87 -> 28068.651
A33: Median Price (₵/lb) | B33: =MROUND(MEDIAN('[7]Inedible Tallow Complex'!D$213:D$224),1) -> 253 | C33: =MROUND(MEDIAN('[7]Inedible Tallow Complex'!E$213:E$224),1) -> 209 | D33: =MROUND(MEDIAN('[7]Inedible Tallow Complex'!F$213:F$224),1) -> 280 | E33: =MROUND(MEDIAN('[7]Inedible Tallow Complex'!G$213:G$224),1) -> 282 | F33: =MROUND(MEDIAN('[7]Inedible Tallow Complex'!H$213:H$224),1) -> 283 | G33: =MROUND(MEDIAN('[7]Inedible Tallow Complex'!I$213:I$224),1) -> 199 | H33: =MROUND(MEDIAN('[7]Inedible Tallow Complex'!J$213:J$224),1) -> 252 | I33: =MROUND(MEDIAN('[7]Inedible Tallow Complex'!K$213:K$224),1) -> 223 | ... BE33: =MROUND(MEDIAN('[7]Inedible Tallow Complex'!BG$213:BG$224),1) -> 1770
A35: CANADA VEGETABLE OIL SUPPLY AND DEMAND (Million Pounds)
B36: =B4 -> 95/96 | C36: =C4 -> 96/97 | D36: =D4 -> 97/98 | E36: =E4 -> 98/99 | F36: =F4 -> 99/00 | G36: =G4 -> 00/01 | H36: =H4 -> 01/02 | I36: =I4 -> 02/03 | ... BE36: =BE4 -> 2050
A37: Beginning Stocks (October 1) | B37: ='Soybean Complex'!B93+'Canola Complex'!B91 -> 65.460315 | C37: ='Soybean Complex'!C93+'Canola Complex'!C91 -> 88.015294 | D37: ='Soybean Complex'!D93+'Canola Complex'!D91 -> 94.304119 | E37: ='Soybean Complex'!E93+'Canola Complex'!E91 -> 70.13807 | F37: ='Soybean Complex'!F93+'Canola Complex'!F91 -> 97.370805 | G37: ='Soybean Complex'!G93+'Canola Complex'!G91 -> 239.44173 | H37: ='Soybean Complex'!H93+'Canola Complex'!H91 -> 317.1264 | I37: ='Soybean Complex'!I93+'Canola Complex'!I91 -> 243.61073 | ... BE37: ='Soybean Complex'!BE93+'Canola Complex'!BE91 -> 468.15713
A38: Production | B38: ='Soybean Complex'!B94+'Canola Complex'!B92 -> 3325.0561 | C38: ='Soybean Complex'!C94+'Canola Complex'!C92 -> 3070.7509 | D38: ='Soybean Complex'!D94+'Canola Complex'!D92 -> 3602.7478 | E38: ='Soybean Complex'!E94+'Canola Complex'!E92 -> 3414.8903 | F38: ='Soybean Complex'!F94+'Canola Complex'!F92 -> 3492.1394 | G38: ='Soybean Complex'!G94+'Canola Complex'!G92 -> 3335.8213 | H38: ='Soybean Complex'!H94+'Canola Complex'!H92 -> 2798.1455 | I38: ='Soybean Complex'!I94+'Canola Complex'!I92 -> 2840.0284 | ... BE38: ='Soybean Complex'!BE94+'Canola Complex'!BE92 -> 21535.267
A39: Imports | B39: ='Soybean Complex'!B95+'Canola Complex'!B93 -> 161.96256 | C39: ='Soybean Complex'!C95+'Canola Complex'!C93 -> 275.85994 | D39: ='Soybean Complex'!D95+'Canola Complex'!D93 -> 205.16212 | E39: ='Soybean Complex'!E95+'Canola Complex'!E93 -> 54.877451 | F39: ='Soybean Complex'!F95+'Canola Complex'!F93 -> 286.35394 | G39: ='Soybean Complex'!G95+'Canola Complex'!G93 -> 235.23978 | H39: ='Soybean Complex'!H95+'Canola Complex'!H93 -> 255.42216 | I39: ='Soybean Complex'!I95+'Canola Complex'!I93 -> 341.90064 | ... BE39: ='Soybean Complex'!BE95+'Canola Complex'!BE93 -> 673.2274
A40: Total Supply | B40: =B39+B38+B37 -> 3552.479 | C40: =C39+C38+C37 -> 3434.6261 | D40: =D39+D38+D37 -> 3902.214 | E40: =E39+E38+E37 -> 3539.9058 | F40: =F39+F38+F37 -> 3875.8642 | G40: =G39+G38+G37 -> 3810.5028 | H40: =H39+H38+H37 -> 3370.694 | I40: =I39+I38+I37 -> 3425.5398 | ... BE40: =BE39+BE38+BE37 -> 22676.652
A41: Domestic Use | B41: =B48-B47 -> 1968.125 | C41: =C48-C47 -> 1423.7956 | D41: =D48-D47 -> 1563.8153 | E41: =E48-E47 -> 1426.686 | F41: =F48-F47 -> 1529.6901 | G41: =G48-G47 -> 1728.6911 | H41: =H48-H47 -> 1847.5771 | I41: =I48-I47 -> 1807.0595 | ... BE41: =BE48-BE47 -> 15964.935
A42: Biomass-Based Diesel Feedstock | B42: =B43+B44 -> 0 | C42: =C43+C44 -> 0 | D42: =D43+D44 -> 0 | E42: =E43+E44 -> 0 | F42: =F43+F44 -> 0 | G42: =G43+G44 -> 0 | H42: =H43+H44 -> 0 | I42: =I43+I44 -> 0 | ... BE42: =BE43+BE44 -> 6441.996
A43: Biodiesel | B43: ='Soybean Complex'!B99+'Canola Complex'!B97 -> 0 | C43: ='Soybean Complex'!C99+'Canola Complex'!C97 -> 0 | D43: ='Soybean Complex'!D99+'Canola Complex'!D97 -> 0 | E43: ='Soybean Complex'!E99+'Canola Complex'!E97 -> 0 | F43: ='Soybean Complex'!F99+'Canola Complex'!F97 -> 0 | G43: ='Soybean Complex'!G99+'Canola Complex'!G97 -> 0 | H43: ='Soybean Complex'!H99+'Canola Complex'!H97 -> 0 | I43: ='Soybean Complex'!I99+'Canola Complex'!I97 -> 0 | ... BE43: ='Soybean Complex'!BE99+'Canola Complex'!BE97 -> 2669.053
A44: Renewable Biodiesel | B44: ='Soybean Complex'!B100+'Canola Complex'!B98 -> 0 | C44: ='Soybean Complex'!C100+'Canola Complex'!C98 -> 0 | D44: ='Soybean Complex'!D100+'Canola Complex'!D98 -> 0 | E44: ='Soybean Complex'!E100+'Canola Complex'!E98 -> 0 | F44: ='Soybean Complex'!F100+'Canola Complex'!F98 -> 0 | G44: ='Soybean Complex'!G100+'Canola Complex'!G98 -> 0 | H44: ='Soybean Complex'!H100+'Canola Complex'!H98 -> 0 | I44: ='Soybean Complex'!I100+'Canola Complex'!I98 -> 0 | ... BE44: ='Soybean Complex'!BE100+'Canola Complex'!BE98 -> 3772.943
A45: Co-Processing | B45: ='Inedible Tallow'!B45+DCO!B48+UCO!B46+'Choice White Grease'!B46+'Poultry Fat'!B46 -> #REF! | C45: ='Inedible Tallow'!C45+DCO!C48+UCO!C46+'Choice White Grease'!C46+'Poultry Fat'!C46 -> #REF! | D45: ='Inedible Tallow'!D45+DCO!D48+UCO!D46+'Choice White Grease'!D46+'Poultry Fat'!D46 -> #REF! | E45: ='Inedible Tallow'!E45+DCO!E48+UCO!E46+'Choice White Grease'!E46+'Poultry Fat'!E46 -> #REF! | F45: ='Inedible Tallow'!F45+DCO!F48+UCO!F46+'Choice White Grease'!F46+'Poultry Fat'!F46 -> #REF! | G45: ='Inedible Tallow'!G45+DCO!G48+UCO!G46+'Choice White Grease'!G46+'Poultry Fat'!G46 -> #REF! | H45: ='Inedible Tallow'!H45+DCO!H48+UCO!H46+'Choice White Grease'!H46+'Poultry Fat'!H46 -> #REF! | I45: ='Inedible Tallow'!I45+DCO!I48+UCO!I46+'Choice White Grease'!I46+'Poultry Fat'!I46 -> #REF! | ... BE45: ='Inedible Tallow'!BE45+DCO!BE48+UCO!BE46+'Choice White Grease'!BE46+'Poultry Fat'!BE46 -> #REF!
A46: Non-Biodiesel | B46: =B41-B42 -> 1968.125 | C46: =C41-C42 -> 1423.7956 | D46: =D41-D42 -> 1563.8153 | E46: =E41-E42 -> 1426.686 | F46: =F41-F42 -> 1529.6901 | G46: =G41-G42 -> 1728.6911 | H46: =H41-H42 -> 1847.5771 | I46: =I41-I42 -> 1807.0595 | ... BE46: =BE41-BE42 -> 9522.9387
A47: Exports | B47: ='Soybean Complex'!B104+'Canola Complex'!B102 -> 1496.3387 | C47: ='Soybean Complex'!C104+'Canola Complex'!C102 -> 1916.5264 | D47: ='Soybean Complex'!D104+'Canola Complex'!D102 -> 2268.2606 | E47: ='Soybean Complex'!E104+'Canola Complex'!E102 -> 2015.849 | F47: ='Soybean Complex'!F104+'Canola Complex'!F102 -> 2106.7324 | G47: ='Soybean Complex'!G104+'Canola Complex'!G102 -> 1764.6853 | H47: ='Soybean Complex'!H104+'Canola Complex'!H102 -> 1279.5062 | I47: ='Soybean Complex'!I104+'Canola Complex'!I102 -> 1332.148 | ... BE47: ='Soybean Complex'!BE104+'Canola Complex'!BE102 -> 6283.1723
A48: Total Use | B48: =B40-B49 -> 3464.4637 | C48: =C40-C49 -> 3340.322 | D48: =D40-D49 -> 3832.0759 | E48: =E40-E49 -> 3442.535 | F48: =F40-F49 -> 3636.4225 | G48: =G40-G49 -> 3493.3764 | H48: =H40-H49 -> 3127.0833 | I48: =I40-I49 -> 3139.2075 | ... BE48: =BE40-BE49 -> 22248.107
A49: Ending Stocks (September 30) | B49: ='Soybean Complex'!B106+'Canola Complex'!B104 -> 88.015294 | C49: ='Soybean Complex'!C106+'Canola Complex'!C104 -> 94.304119 | D49: ='Soybean Complex'!D106+'Canola Complex'!D104 -> 70.13807 | E49: ='Soybean Complex'!E106+'Canola Complex'!E104 -> 97.370805 | F49: ='Soybean Complex'!F106+'Canola Complex'!F104 -> 239.44173 | G49: ='Soybean Complex'!G106+'Canola Complex'!G104 -> 317.1264 | H49: ='Soybean Complex'!H106+'Canola Complex'!H104 -> 243.61073 | I49: ='Soybean Complex'!I106+'Canola Complex'!I104 -> 286.33235 | ... BE49: ='Soybean Complex'!BE106+'Canola Complex'!BE104 -> 428.5446
A52: MEXICO VEGETABLE OIL SUPPLY AND DEMAND (Million Pounds)
B53: =B4 -> 95/96 | C53: =C4 -> 96/97 | D53: =D4 -> 97/98 | E53: =E4 -> 98/99 | F53: =F4 -> 99/00 | G53: =G4 -> 00/01 | H53: =H4 -> 01/02 | I53: =I4 -> 02/03 | ... BE53: =BE4 -> 2050
A54: Beginning Stocks (October 1) | B54: ='Soybean Complex'!B110+'Canola Complex'!B108 -> 22.04622 | C54: ='Soybean Complex'!C110+'Canola Complex'!C108 -> 26.455464 | D54: ='Soybean Complex'!D110+'Canola Complex'!D108 -> 15.432354 | E54: ='Soybean Complex'!E110+'Canola Complex'!E108 -> 11.02311 | F54: ='Soybean Complex'!F110+'Canola Complex'!F108 -> 13.227732 | G54: ='Soybean Complex'!G110+'Canola Complex'!G108 -> 33.06933 | H54: ='Soybean Complex'!H110+'Canola Complex'!H108 -> 55.11555 | I54: ='Soybean Complex'!I110+'Canola Complex'!I108 -> 251.32691 | ... BE54: ='Soybean Complex'!BE110+'Canola Complex'!BE108 -> 507.06306
A55: Production | B55: ='Soybean Complex'!B111+'Canola Complex'!B109 -> 1419.3746 | C55: ='Soybean Complex'!C111+'Canola Complex'!C109 -> 1513.9032 | D55: ='Soybean Complex'!D111+'Canola Complex'!D109 -> 1850.2369 | E55: ='Soybean Complex'!E111+'Canola Complex'!E109 -> 2149.6886 | F55: ='Soybean Complex'!F111+'Canola Complex'!F109 -> 2398.6539 | G55: ='Soybean Complex'!G111+'Canola Complex'!G109 -> 2499.4572 | H55: ='Soybean Complex'!H111+'Canola Complex'!H109 -> 2512.5782 | I55: ='Soybean Complex'!I111+'Canola Complex'!I109 -> 2369.5101 | ... BE55: ='Soybean Complex'!BE111+'Canola Complex'!BE109 -> 4818.8888
A56: Imports | B56: ='Soybean Complex'!B112+'Canola Complex'!B110 -> 203.1507 | C56: ='Soybean Complex'!C112+'Canola Complex'!C110 -> 368.59946 | D56: ='Soybean Complex'!D112+'Canola Complex'!D110 -> 401.7893 | E56: ='Soybean Complex'!E112+'Canola Complex'!E110 -> 472.2997 | F56: ='Soybean Complex'!F112+'Canola Complex'!F110 -> 379.51334 | G56: ='Soybean Complex'!G112+'Canola Complex'!G110 -> 330.13227 | H56: ='Soybean Complex'!H112+'Canola Complex'!H110 -> 531.60168 | I56: ='Soybean Complex'!I112+'Canola Complex'!I110 -> 574.57495 | ... BE56: ='Soybean Complex'!BE112+'Canola Complex'!BE110 -> 2371.7815
A57: Total Supply | B57: =SUM(B54:B56) -> 1644.5715 | C57: =SUM(C54:C56) -> 1908.9582 | D57: =SUM(D54:D56) -> 2267.4585 | E57: =SUM(E54:E56) -> 2633.0114 | F57: =SUM(F54:F56) -> 2791.3949 | G57: =SUM(G54:G56) -> 2862.6588 | H57: =SUM(H54:H56) -> 3099.2954 | I57: =SUM(I54:I56) -> 3195.412 | ... BE57: =SUM(BE54:BE56) -> 7697.7333
A58: Domestic Use | B58: =B64-B63 -> 1519.0888 | C58: =C64-C63 -> 1887.6836 | D58: =D64-D63 -> 2247.6412 | E58: =E64-E63 -> 2588.5861 | F58: =F64-F63 -> 2729.7515 | G58: =G64-G63 -> 2794.9174 | H58: =H64-H63 -> 2837.4987 | I58: =I64-I63 -> 2875.2965 | ... BE58: =BE64-BE63 -> 7157.6012
A59: Biomass-Based Diesel Feedstock | B59: =B60+B61 -> 0 | C59: =C60+C61 -> 0 | D59: =D60+D61 -> 0 | E59: =E60+E61 -> 0 | F59: =F60+F61 -> 22.04622 | G59: =G60+G61 -> 26.455464 | H59: =H60+H61 -> 26.455464 | I59: =I60+I61 -> 22.04622 | ... BE59: =BE60+BE61 -> 0
A60: Biodiesel | B60: ='Soybean Complex'!B116+'Canola Complex'!B114 -> 0 | C60: ='Soybean Complex'!C116+'Canola Complex'!C114 -> 0 | D60: ='Soybean Complex'!D116+'Canola Complex'!D114 -> 0 | E60: ='Soybean Complex'!E116+'Canola Complex'!E114 -> 0 | F60: ='Soybean Complex'!F116+'Canola Complex'!F114 -> 11.02311 | G60: ='Soybean Complex'!G116+'Canola Complex'!G114 -> 13.227732 | H60: ='Soybean Complex'!H116+'Canola Complex'!H114 -> 13.227732 | I60: ='Soybean Complex'!I116+'Canola Complex'!I114 -> 11.02311 | ... BE60: ='Soybean Complex'!BE116+'Canola Complex'!BE114 -> 0
A61: Renewable Biodiesel | B61: ='Soybean Complex'!B117+'Canola Complex'!B115 -> 0 | C61: ='Soybean Complex'!C117+'Canola Complex'!C115 -> 0 | D61: ='Soybean Complex'!D117+'Canola Complex'!D115 -> 0 | E61: ='Soybean Complex'!E117+'Canola Complex'!E115 -> 0 | F61: ='Soybean Complex'!F117+'Canola Complex'!F115 -> 11.02311 | G61: ='Soybean Complex'!G117+'Canola Complex'!G115 -> 13.227732 | H61: ='Soybean Complex'!H117+'Canola Complex'!H115 -> 13.227732 | I61: ='Soybean Complex'!I117+'Canola Complex'!I115 -> 11.02311 | ... BE61: ='Soybean Complex'!BE117+'Canola Complex'!BE115 -> 0
A62: Non-Biofuel Use | B62: =B58-B59 -> 1519.0888 | C62: =C58-C59 -> 1887.6836 | D62: =D58-D59 -> 2247.6412 | E62: =E58-E59 -> 2588.5861 | F62: =F58-F59 -> 2707.7053 | G62: =G58-G59 -> 2768.4619 | H62: =H58-H59 -> 2811.0433 | I62: =I58-I59 -> 2853.2503 | ... BE62: =BE58-BE59 -> 7157.6012
A63: Exports | B63: ='Soybean Complex'!B121+'Canola Complex'!B119 -> 99.027211 | C63: ='Soybean Complex'!C121+'Canola Complex'!C119 -> 5.8422483 | D63: ='Soybean Complex'!D121+'Canola Complex'!D119 -> 8.7942372 | E63: ='Soybean Complex'!E121+'Canola Complex'!E119 -> 31.197606 | F63: ='Soybean Complex'!F121+'Canola Complex'!F119 -> 28.574106 | G63: ='Soybean Complex'!G121+'Canola Complex'!G119 -> 12.62587 | H63: ='Soybean Complex'!H121+'Canola Complex'!H119 -> 10.46975 | I63: ='Soybean Complex'!I121+'Canola Complex'!I119 -> 22.491554 | ... BE63: ='Soybean Complex'!BE121+'Canola Complex'!BE119 -> 33.069111
A64: Total Use | B64: =B57-B65 -> 1618.116 | C64: =C57-C65 -> 1893.5258 | D64: =D57-D65 -> 2256.4354 | E64: =E57-E65 -> 2619.7837 | F64: =F57-F65 -> 2758.3256 | G64: =G57-G65 -> 2807.5433 | H64: =H57-H65 -> 2847.9685 | I64: =I57-I65 -> 2897.788 | ... BE64: =BE57-BE65 -> 7190.6703
A65: Ending Stocks (September 30) | B65: ='Soybean Complex'!B123+'Canola Complex'!B121 -> 26.455464 | C65: ='Soybean Complex'!C123+'Canola Complex'!C121 -> 15.432354 | D65: ='Soybean Complex'!D123+'Canola Complex'!D121 -> 11.02311 | E65: ='Soybean Complex'!E123+'Canola Complex'!E121 -> 13.227732 | F65: ='Soybean Complex'!F123+'Canola Complex'!F121 -> 33.06933 | G65: ='Soybean Complex'!G123+'Canola Complex'!G121 -> 55.11555 | H65: ='Soybean Complex'!H123+'Canola Complex'!H121 -> 251.32691 | I65: ='Soybean Complex'!I123+'Canola Complex'!I121 -> 297.62397 | ... BE65: ='Soybean Complex'!BE123+'Canola Complex'!BE121 -> 507.06306

Sheet Fat and Grease
A1: NORTH AMERICAN FAT AND GREASE BALANCE SHEETS
A2: NORTH AMERICAN FAT AND GREASE (million pounds)
A3: NORTH AMERICAN FAT AND GREASE (Million Pounds)
B4: ='Soybean Complex'!B57 -> #REF! | C4: ='Soybean Complex'!C57 -> #REF! | D4: ='Soybean Complex'!D57 -> 97/98 | E4: ='Soybean Complex'!E57 -> 98/99 | F4: ='Soybean Complex'!F57 -> 99/00 | G4: ='Soybean Complex'!G57 -> 00/01 | H4: ='Soybean Complex'!H57 -> 01/02 | I4: ='Soybean Complex'!I57 -> 02/03 | ... BE4: ='Soybean Complex'!BE57 -> 2050
A5: Beginning Stocks (October 1) | B5: =B20+B37+B53 -> #REF! | C5: =C20+C37+C53 -> #REF! | D5: =D20+D37+D53 -> #REF! | E5: =E20+E37+E53 -> #REF! | F5: =F20+F37+F53 -> #REF! | G5: =G20+G37+G53 -> #REF! | H5: =H20+H37+H53 -> #REF! | I5: =I20+I37+I53 -> #REF! | ... BE5: =BE20+BE37+BE53 -> 4121.8014
A6: Production | B6: =B21+B38+B54 -> #REF! | C6: =C21+C38+C54 -> #REF! | D6: =D21+D38+D54 -> #REF! | E6: =E21+E38+E54 -> #REF! | F6: =F21+F38+F54 -> #REF! | G6: =G21+G38+G54 -> #REF! | H6: =H21+H38+H54 -> #REF! | I6: =I21+I38+I54 -> #REF! | ... BE6: =BE21+BE38+BE54 -> 64603.059
A7: Imports | B7: ='Inedible Tallow'!B7+DCO!B7+UCO!B7+'Choice White Grease'!B7+'Poultry Fat'!B7 -> 19511.061 | C7: ='Inedible Tallow'!C7+DCO!C7+UCO!C7+'Choice White Grease'!C7+'Poultry Fat'!C7 -> 8917.2091 | D7: ='Inedible Tallow'!D7+DCO!D7+UCO!D7+'Choice White Grease'!D7+'Poultry Fat'!D7 -> 16512.454 | E7: ='Inedible Tallow'!E7+DCO!E7+UCO!E7+'Choice White Grease'!E7+'Poultry Fat'!E7 -> 7739.0439 | F7: ='Inedible Tallow'!F7+DCO!F7+UCO!F7+'Choice White Grease'!F7+'Poultry Fat'!F7 -> 3392.3334 | G7: ='Inedible Tallow'!G7+DCO!G7+UCO!G7+'Choice White Grease'!G7+'Poultry Fat'!G7 -> 9383.2875 | H7: ='Inedible Tallow'!H7+DCO!H7+UCO!H7+'Choice White Grease'!H7+'Poultry Fat'!H7 -> 10038.9 | I7: ='Inedible Tallow'!I7+DCO!I7+UCO!I7+'Choice White Grease'!I7+'Poultry Fat'!I7 -> 4543.819 | ... Y7: ='Inedible Tallow'!Y7+DCO!Y7+UCO!Y7+'Choice White Grease'!Y7+'Poultry Fat'!Y7 -> 75646.147 | Z7: =Z22+Z39+Z55 -> 1472.5739 | AA7: =AA22+AA39+AA55 -> 1575.2144 | AB7: =AB22+AB39+AB55 -> 1957.3121 | AC7: =AC22+AC39+AC55 -> 2655.3153 | AD7: =AD22+AD39+AD55 -> 5401.9379 | AE7: =AE22+AE39+AE55 -> 8403.0383 | AF7: =AF22+AF39+AF55 -> 9859.5826 | AG7: =AG22+AG39+AG55 -> 12041.876 | ... BE7: =BE22+BE39+BE55 -> 33769.471
A8: Total Supply | B8: =B23+B40+B56 -> #REF! | C8: =C23+C40+C56 -> #REF! | D8: =D23+D40+D56 -> #REF! | E8: =E23+E40+E56 -> #REF! | F8: =F23+F40+F56 -> #REF! | G8: =G23+G40+G56 -> #REF! | H8: =H23+H40+H56 -> #REF! | I8: =I23+I40+I56 -> #REF! | ... Y8: =Y23+Y40+Y56 -> #REF! | Z8: =SUM(Z5:Z7) -> 25247.558 | AA8: =SUM(AA5:AA7) -> 24316.975 | AB8: =SUM(AB5:AB7) -> 26128.833 | AC8: =SUM(AC5:AC7) -> 28414.461 | AD8: =SUM(AD5:AD7) -> 32703.642 | AE8: =SUM(AE5:AE7) -> 36537.781 | AF8: =SUM(AF5:AF7) -> 38147.583 | AG8: =SUM(AG5:AG7) -> 40738.498 | ... BE8: =SUM(BE5:BE7) -> 102494.33
A9: Domestic Use | B9: =B15-B14 -> #REF! | C9: =C15-C14 -> #REF! | D9: =D15-D14 -> #REF! | E9: =E15-E14 -> #REF! | F9: =F15-F14 -> #REF! | G9: =G15-G14 -> #REF! | H9: =H15-H14 -> #REF! | I9: =I15-I14 -> #REF! | ... BE9: =BE15-BE14 -> 96247.985
A10: Biomass-Based Diesel Feedstock | B10: =B11+B12 -> #REF! | C10: =C11+C12 -> #REF! | D10: =D11+D12 -> #REF! | E10: =E11+E12 -> #REF! | F10: =F11+F12 -> #REF! | G10: =G11+G12 -> #REF! | H10: =H11+H12 -> #REF! | I10: =I11+I12 -> #REF! | ... Y10: =Y11+Y12 -> #REF! | Z10: =SUM(Z11:Z12) -> 7372.0176 | AA10: =SUM(AA11:AA12) -> 7076.1725 | AB10: =SUM(AB11:AB12) -> 8585.3781 | AC10: =SUM(AC11:AC12) -> 15640.488 | AD10: =SUM(AD11:AD12) -> 20529.624 | AE10: =SUM(AE11:AE12) -> 24850.179 | AF10: =SUM(AF11:AF12) -> 23020.042 | AG10: =SUM(AG11:AG12) -> 24784.969 | ... BE10: =SUM(BE11:BE12) -> 81883.655
A11: Biodiesel | B11: =B26+B43+B59 -> #REF! | C11: =C26+C43+C59 -> #REF! | D11: =D26+D43+D59 -> #REF! | E11: =E26+E43+E59 -> #REF! | F11: =F26+F43+F59 -> #REF! | G11: =G26+G43+G59 -> #REF! | H11: =H26+H43+H59 -> #REF! | I11: =I26+I43+I59 -> #REF! | ... BE11: =BE26+BE43+BE59 -> 3284.9765
A12: Renewable Biodiesel | B12: =B27+B44+B60 -> #REF! | C12: =C27+C44+C60 -> #REF! | D12: =D27+D44+D60 -> #REF! | E12: =E27+E44+E60 -> #REF! | F12: =F27+F44+F60 -> #REF! | G12: =G27+G44+G60 -> #REF! | H12: =H27+H44+H60 -> #REF! | I12: =I27+I44+I60 -> #REF! | ... BE12: =BE27+BE44+BE60 -> 78598.678
A13: Non-Biofuel Use | B13: =B9-B10 -> #REF! | C13: =C9-C10 -> #REF! | D13: =D9-D10 -> #REF! | E13: =E9-E10 -> #REF! | F13: =F9-F10 -> #REF! | G13: =G9-G10 -> #REF! | H13: =H9-H10 -> #REF! | I13: =I9-I10 -> #REF! | ... BE13: =BE9-BE10 -> 14364.33
A14: Exports | B14: ='Inedible Tallow'!B14+DCO!B16+UCO!B14+'Choice White Grease'!B14+'Poultry Fat'!B14 -> 5780.8717 | C14: ='Inedible Tallow Trade'!D33 -> 2873.4735 | D14: ='Inedible Tallow Trade'!E33 -> 3925.9756 | E14: ='Inedible Tallow Trade'!F33 -> 3765.6708 | F14: ='Inedible Tallow Trade'!G33 -> 3223.6323 | G14: ='Inedible Tallow Trade'!H33 -> 2619.5358 | H14: ='Inedible Tallow Trade'!I33 -> 2993.3143 | I14: ='Inedible Tallow Trade'!J33 -> 2933.2602 | J14: ='Inedible Tallow Trade'!K33 -> 2494.2503 | ... Y14: ='Inedible Tallow Trade'!Z33 -> 1254.2652 | Z14: =Z30+Z46+Z62 -> 2303.3455 | AA14: =AA30+AA46+AA62 -> 2670.3478 | AB14: =AB30+AB46+AB62 -> 2092.2383 | AC14: =AC30+AC46+AC62 -> 3276.5321 | AD14: =AD30+AD46+AD62 -> 2270.6369 | AE14: =AE30+AE46+AE62 -> 2083.1343 | AF14: =AF30+AF46+AF62 -> 1929.2291 | AG14: =AG30+AG46+AG62 -> 2163.8485 | ... BE14: =BE30+BE46+BE62 -> 2242.5317
A15: Total Use | B15: =B8-B16 -> #REF! | C15: =C8-C16 -> #REF! | D15: =D8-D16 -> #REF! | E15: =E8-E16 -> #REF! | F15: =F8-F16 -> #REF! | G15: =G8-G16 -> #REF! | H15: =H8-H16 -> #REF! | I15: =I8-I16 -> #REF! | ... BE15: =BE8-BE16 -> 98490.517
A16: Ending Stocks (September 30) | B16: =B32+B48+B64 -> #REF! | C16: =C32+C48+C64 -> #REF! | D16: =D32+D48+D64 -> #REF! | E16: =E32+E48+E64 -> #REF! | F16: =F32+F48+F64 -> #REF! | G16: =G32+G48+G64 -> #REF! | H16: =H32+H48+H64 -> #REF! | I16: =I32+I48+I64 -> #REF! | ... BE16: =BE32+BE48+BE64 -> 4003.8143
A18: US FAT AND GREASE SUPPLY AND DEMAND (Million Pounds)
B19: =B4 -> #REF! | C19: =C4 -> #REF! | D19: =D4 -> 97/98 | E19: =E4 -> 98/99 | F19: =F4 -> 99/00 | G19: =G4 -> 00/01 | H19: =H4 -> 01/02 | I19: =I4 -> 02/03 | ... BE19: =BE4 -> 2050
A20: ='[7]Inedible Tallow Complex'!A3 -> Carryin (October 1) | B20: ='Inedible Tallow'!B20+DCO!B22+UCO!B22+'Choice White Grease'!B22+'Poultry Fat'!B22 -> #REF! | C20: ='Inedible Tallow'!C20+DCO!C22+UCO!C22+'Choice White Grease'!C22+'Poultry Fat'!C22 -> #REF! | D20: ='Inedible Tallow'!D20+DCO!D22+UCO!D22+'Choice White Grease'!D22+'Poultry Fat'!D22 -> #REF! | E20: ='Inedible Tallow'!E20+DCO!E22+UCO!E22+'Choice White Grease'!E22+'Poultry Fat'!E22 -> 357.33465 | F20: ='Inedible Tallow'!F20+DCO!F22+UCO!F22+'Choice White Grease'!F22+'Poultry Fat'!F22 -> #REF! | G20: ='Inedible Tallow'!G20+DCO!G22+UCO!G22+'Choice White Grease'!G22+'Poultry Fat'!G22 -> #REF! | H20: ='Inedible Tallow'!H20+DCO!H22+UCO!H22+'Choice White Grease'!H22+'Poultry Fat'!H22 -> 327.4 | I20: ='Inedible Tallow'!I20+DCO!I22+UCO!I22+'Choice White Grease'!I22+'Poultry Fat'!I22 -> 345.6 | ... BE20: ='Inedible Tallow'!BE20+DCO!BE22+UCO!BE22+'Choice White Grease'!BE22+'Poultry Fat'!BE22 -> 1362.7014
A21: ='[7]Inedible Tallow Complex'!A4 -> Production | B21: ='Inedible Tallow'!B21+DCO!B23+UCO!B23+'Choice White Grease'!B23+'Poultry Fat'!B23 -> 7588.9985 | C21: ='Inedible Tallow'!C21+DCO!C23+UCO!C23+'Choice White Grease'!C23+'Poultry Fat'!C23 -> 7305.5309 | D21: ='Inedible Tallow'!D21+DCO!D23+UCO!D23+'Choice White Grease'!D23+'Poultry Fat'!D23 -> 7763.3442 | E21: ='Inedible Tallow'!E21+DCO!E23+UCO!E23+'Choice White Grease'!E23+'Poultry Fat'!E23 -> 8327.9103 | F21: ='Inedible Tallow'!F21+DCO!F23+UCO!F23+'Choice White Grease'!F23+'Poultry Fat'!F23 -> 7847.3247 | G21: ='Inedible Tallow'!G21+DCO!G23+UCO!G23+'Choice White Grease'!G23+'Poultry Fat'!G23 -> 7241.0926 | H21: ='Inedible Tallow'!H21+DCO!H23+UCO!H23+'Choice White Grease'!H23+'Poultry Fat'!H23 -> 7968.6081 | I21: ='Inedible Tallow'!I21+DCO!I23+UCO!I23+'Choice White Grease'!I23+'Poultry Fat'!I23 -> 7974.6507 | ... BE21: ='Inedible Tallow'!BE21+DCO!BE23+UCO!BE23+'Choice White Grease'!BE23+'Poultry Fat'!BE23 -> 51845.647
A22: ='[7]Inedible Tallow Complex'!A5 -> Imports | B22: ='Inedible Tallow'!B22+DCO!B24+UCO!B24+'Choice White Grease'!B24+'Poultry Fat'!B24 -> 56.063031 | C22: ='Inedible Tallow'!C22+DCO!C24+UCO!C24+'Choice White Grease'!C24+'Poultry Fat'!C24 -> 83.868213 | D22: ='Inedible Tallow'!D22+DCO!D24+UCO!D24+'Choice White Grease'!D24+'Poultry Fat'!D24 -> 93.679976 | E22: ='Inedible Tallow'!E22+DCO!E24+UCO!E24+'Choice White Grease'!E24+'Poultry Fat'!E24 -> 73.594387 | F22: ='Inedible Tallow'!F22+DCO!F24+UCO!F24+'Choice White Grease'!F24+'Poultry Fat'!F24 -> 76.925455 | G22: ='Inedible Tallow'!G22+DCO!G24+UCO!G24+'Choice White Grease'!G24+'Poultry Fat'!G24 -> 88.450645 | H22: ='Inedible Tallow'!H22+DCO!H24+UCO!H24+'Choice White Grease'!H24+'Poultry Fat'!H24 -> 78.6822 | I22: ='Inedible Tallow'!I22+DCO!I24+UCO!I24+'Choice White Grease'!I24+'Poultry Fat'!I24 -> 47.227022 | ... BE22: ='Inedible Tallow'!BE22+DCO!BE24+UCO!BE24+'Choice White Grease'!BE24+'Poultry Fat'!BE24 -> 32830.395
A23: ='[7]Inedible Tallow Complex'!A6 -> Total Supply | B23: =SUM(B20:B22) -> #REF! | C23: =SUM(C20:C22) -> #REF! | D23: =SUM(D20:D22) -> #REF! | E23: =SUM(E20:E22) -> 8758.8394 | F23: =SUM(F20:F22) -> #REF! | G23: =SUM(G20:G22) -> #REF! | H23: =SUM(H20:H22) -> 8374.6903 | I23: =SUM(I20:I22) -> 8367.4777 | ... BE23: =SUM(BE20:BE22) -> 86038.743
A24: ='[7]Inedible Tallow Complex'!A7 -> Domestic Use | B24: =B31-B30 -> #REF! | C24: =C31-C30 -> #REF! | D24: =D31-D30 -> #REF! | E24: =E31-E30 -> 5964.5724 | F24: =F31-F30 -> #REF! | G24: =G31-G30 -> #REF! | H24: =H31-H30 -> 6003.5183 | I24: =I31-I30 -> 6022.9614 | ... BE24: =BE31-BE30 -> 84369.688
A25: ='[7]Inedible Tallow Complex'!A8 -> Biomas-Based Diesel | B25: =B26+B27 -> 0 | C25: =C26+C27 -> 0 | D25: =D26+D27 -> 0 | E25: =E26+E27 -> 0.45285099 | F25: =F26+F27 -> 1.8114039 | G25: =G26+G27 -> 9.0570197 | H25: =H26+H27 -> 13.58553 | I25: =I26+I27 -> 16.661775 | ... BE25: =BE26+BE27 -> 80117.074
A26: ='[7]Inedible Tallow Complex'!A9 -> Biodiesel | B26: ='Inedible Tallow'!B26+DCO!B28+UCO!B28+'Choice White Grease'!B28+'Poultry Fat'!B28 -> 0 | C26: ='Inedible Tallow'!C26+DCO!C28+UCO!C28+'Choice White Grease'!C28+'Poultry Fat'!C28 -> 0 | D26: ='Inedible Tallow'!D26+DCO!D28+UCO!D28+'Choice White Grease'!D28+'Poultry Fat'!D28 -> 0 | E26: ='Inedible Tallow'!E26+DCO!E28+UCO!E28+'Choice White Grease'!E28+'Poultry Fat'!E28 -> 0.45285099 | F26: ='Inedible Tallow'!F26+DCO!F28+UCO!F28+'Choice White Grease'!F28+'Poultry Fat'!F28 -> 1.8114039 | G26: ='Inedible Tallow'!G26+DCO!G28+UCO!G28+'Choice White Grease'!G28+'Poultry Fat'!G28 -> 9.0570197 | H26: ='Inedible Tallow'!H26+DCO!H28+UCO!H28+'Choice White Grease'!H28+'Poultry Fat'!H28 -> 13.58553 | I26: ='Inedible Tallow'!I26+DCO!I28+UCO!I28+'Choice White Grease'!I28+'Poultry Fat'!I28 -> 16.661775 | ... BE26: ='Inedible Tallow'!BE26+DCO!BE28+UCO!BE28+'Choice White Grease'!BE28+'Poultry Fat'!BE28 -> 1830.6697
A27: ='[7]Inedible Tallow Complex'!A10 -> Renewable Biodiesel/SAF Production | B27: ='Inedible Tallow'!B27+DCO!B29+UCO!B29+'Choice White Grease'!B29+'Poultry Fat'!B29 -> 0 | C27: ='Inedible Tallow'!C27+DCO!C29+UCO!C29+'Choice White Grease'!C29+'Poultry Fat'!C29 -> 0 | D27: ='Inedible Tallow'!D27+DCO!D29+UCO!D29+'Choice White Grease'!D29+'Poultry Fat'!D29 -> 0 | E27: ='Inedible Tallow'!E27+DCO!E29+UCO!E29+'Choice White Grease'!E29+'Poultry Fat'!E29 -> 0 | F27: ='Inedible Tallow'!F27+DCO!F29+UCO!F29+'Choice White Grease'!F29+'Poultry Fat'!F29 -> 0 | G27: ='Inedible Tallow'!G27+DCO!G29+UCO!G29+'Choice White Grease'!G29+'Poultry Fat'!G29 -> 0 | H27: ='Inedible Tallow'!H27+DCO!H29+UCO!H29+'Choice White Grease'!H29+'Poultry Fat'!H29 -> 0 | I27: ='Inedible Tallow'!I27+DCO!I29+UCO!I29+'Choice White Grease'!I29+'Poultry Fat'!I29 -> 0 | ... BE27: ='Inedible Tallow'!BE27+DCO!BE29+UCO!BE29+'Choice White Grease'!BE29+'Poultry Fat'!BE29 -> 78286.404
A28: ='[7]Inedible Tallow Complex'!A11 -> Co-Processing | B28: ='[7]Inedible Tallow Complex'!D11 -> 0 | C28: ='[7]Inedible Tallow Complex'!E11 -> 0 | D28: ='[7]Inedible Tallow Complex'!F11 -> 0 | E28: ='[7]Inedible Tallow Complex'!G11 -> 0 | F28: ='[7]Inedible Tallow Complex'!H11 -> 0 | G28: ='[7]Inedible Tallow Complex'!I11 -> 0 | H28: ='[7]Inedible Tallow Complex'!J11 -> 0 | I28: ='[7]Inedible Tallow Complex'!K11 -> 0 | ... BE28: ='[7]Inedible Tallow Complex'!BG11 -> 558.18792
A29: ='[7]Inedible Tallow Complex'!A12 -> Non-Biodiesel | B29: =B24-B25 -> #REF! | C29: =C24-C25 -> #REF! | D29: =D24-D25 -> #REF! | E29: =E24-E25 -> 5964.1196 | F29: =F24-F25 -> #REF! | G29: =G24-G25 -> #REF! | H29: =H24-H25 -> 5989.9328 | I29: =I24-I25 -> 6006.2996 | ... BE29: =BE24-BE25 -> 4252.6145
A30: ='[7]Inedible Tallow Complex'!A13 -> Exports | B30: ='Inedible Tallow'!B30+DCO!B33+UCO!B31+'Choice White Grease'!B31+'Poultry Fat'!B31 -> 2445.5199 | C30: ='Inedible Tallow'!C30+DCO!C33+UCO!C31+'Choice White Grease'!C31+'Poultry Fat'!C31 -> 1813.6792 | D30: ='Inedible Tallow'!D30+DCO!D33+UCO!D31+'Choice White Grease'!D31+'Poultry Fat'!D31 -> 2459.8831 | E30: ='Inedible Tallow'!E30+DCO!E33+UCO!E31+'Choice White Grease'!E31+'Poultry Fat'!E31 -> 2396.3669 | F30: ='Inedible Tallow'!F30+DCO!F33+UCO!F31+'Choice White Grease'!F31+'Poultry Fat'!F31 -> 2051.1356 | G30: ='Inedible Tallow'!G30+DCO!G33+UCO!G31+'Choice White Grease'!G31+'Poultry Fat'!G31 -> 1655.3414 | H30: ='Inedible Tallow'!H30+DCO!H33+UCO!H31+'Choice White Grease'!H31+'Poultry Fat'!H31 -> 2025.572 | I30: ='Inedible Tallow'!I30+DCO!I33+UCO!I31+'Choice White Grease'!I31+'Poultry Fat'!I31 -> 2067.3957 | ... BE30: ='Inedible Tallow'!BE30+DCO!BE33+UCO!BE31+'Choice White Grease'!BE31+'Poultry Fat'!BE31 -> 241.26842
A31: ='[7]Inedible Tallow Complex'!A14 -> Total Use | B31: =B23-B32 -> #REF! | C31: =C23-C32 -> #REF! | D31: =D23-D32 -> #REF! | E31: =E23-E32 -> 8360.9394 | F31: =F23-F32 -> #REF! | G31: =G23-G32 -> #REF! | H31: =H23-H32 -> 8029.0903 | I31: =I23-I32 -> 8090.3571 | ... BE31: =BE23-BE32 -> 84610.957
A32: Ending Stocks (September 30) | B32: ='Inedible Tallow'!B32+DCO!B35+UCO!B33+'Choice White Grease'!B33+'Poultry Fat'!B33 -> 273.4 | C32: ='Inedible Tallow'!C32+DCO!C35+UCO!C33+'Choice White Grease'!C33+'Poultry Fat'!C33 -> 373.3 | D32: ='Inedible Tallow'!D32+DCO!D35+UCO!D33+'Choice White Grease'!D33+'Poultry Fat'!D33 -> 463.1 | E32: ='Inedible Tallow'!E32+DCO!E35+UCO!E33+'Choice White Grease'!E33+'Poultry Fat'!E33 -> 397.9 | F32: ='Inedible Tallow'!F32+DCO!F35+UCO!F33+'Choice White Grease'!F33+'Poultry Fat'!F33 -> 445 | G32: ='Inedible Tallow'!G32+DCO!G35+UCO!G33+'Choice White Grease'!G33+'Poultry Fat'!G33 -> 327.4 | H32: ='Inedible Tallow'!H32+DCO!H35+UCO!H33+'Choice White Grease'!H33+'Poultry Fat'!H33 -> 345.6 | I32: ='Inedible Tallow'!I32+DCO!I35+UCO!I33+'Choice White Grease'!I33+'Poultry Fat'!I33 -> 277.12063 | ... BE32: ='Inedible Tallow'!BE32+DCO!BE35+UCO!BE33+'Choice White Grease'!BE33+'Poultry Fat'!BE33 -> 1427.7858
A33: Median Price (₵/lb) | B33: =MROUND(MEDIAN('[7]Inedible Tallow Complex'!D$213:D$224),1) -> 253 | C33: =MROUND(MEDIAN('[7]Inedible Tallow Complex'!E$213:E$224),1) -> 209 | D33: =MROUND(MEDIAN('[7]Inedible Tallow Complex'!F$213:F$224),1) -> 280 | E33: =MROUND(MEDIAN('[7]Inedible Tallow Complex'!G$213:G$224),1) -> 282 | F33: =MROUND(MEDIAN('[7]Inedible Tallow Complex'!H$213:H$224),1) -> 283 | G33: =MROUND(MEDIAN('[7]Inedible Tallow Complex'!I$213:I$224),1) -> 199 | H33: =MROUND(MEDIAN('[7]Inedible Tallow Complex'!J$213:J$224),1) -> 252 | I33: =MROUND(MEDIAN('[7]Inedible Tallow Complex'!K$213:K$224),1) -> 223 | ... BE33: =MROUND(MEDIAN('[7]Inedible Tallow Complex'!BG$213:BG$224),1) -> 1770
A35: CANADA FAT AND GREASE SUPPLY AND DEMAND (Million Pounds)
B36: =B4 -> #REF! | C36: =C4 -> #REF! | D36: =D4 -> 97/98 | E36: =E4 -> 98/99 | F36: =F4 -> 99/00 | G36: =G4 -> 00/01 | H36: =H4 -> 01/02 | I36: =I4 -> 02/03 | ... BE36: =BE4 -> 2050
A37: Beginning Stocks (October 1) | B37: ='Inedible Tallow'!B37+DCO!B40+UCO!B38+'Choice White Grease'!B38+'Poultry Fat'!B38 -> #REF! | C37: ='Inedible Tallow'!C37+DCO!C40+UCO!C38+'Choice White Grease'!C38+'Poultry Fat'!C38 -> #REF! | D37: ='Inedible Tallow'!D37+DCO!D40+UCO!D38+'Choice White Grease'!D38+'Poultry Fat'!D38 -> #REF! | E37: ='Inedible Tallow'!E37+DCO!E40+UCO!E38+'Choice White Grease'!E38+'Poultry Fat'!E38 -> #REF! | F37: ='Inedible Tallow'!F37+DCO!F40+UCO!F38+'Choice White Grease'!F38+'Poultry Fat'!F38 -> #REF! | G37: ='Inedible Tallow'!G37+DCO!G40+UCO!G38+'Choice White Grease'!G38+'Poultry Fat'!G38 -> #REF! | H37: ='Inedible Tallow'!H37+DCO!H40+UCO!H38+'Choice White Grease'!H38+'Poultry Fat'!H38 -> #REF! | I37: ='Inedible Tallow'!I37+DCO!I40+UCO!I38+'Choice White Grease'!I38+'Poultry Fat'!I38 -> #REF! | ... BE37: ='Inedible Tallow'!BE37+DCO!BE40+UCO!BE38+'Choice White Grease'!BE38+'Poultry Fat'!BE38 -> 2715.6825
A38: Production | B38: ='Inedible Tallow'!B38+DCO!B41+UCO!B39+'Choice White Grease'!B39+'Poultry Fat'!B39 -> #REF! | C38: ='Inedible Tallow'!C38+DCO!C41+UCO!C39+'Choice White Grease'!C39+'Poultry Fat'!C39 -> #REF! | D38: ='Inedible Tallow'!D38+DCO!D41+UCO!D39+'Choice White Grease'!D39+'Poultry Fat'!D39 -> #REF! | E38: ='Inedible Tallow'!E38+DCO!E41+UCO!E39+'Choice White Grease'!E39+'Poultry Fat'!E39 -> #REF! | F38: ='Inedible Tallow'!F38+DCO!F41+UCO!F39+'Choice White Grease'!F39+'Poultry Fat'!F39 -> #REF! | G38: ='Inedible Tallow'!G38+DCO!G41+UCO!G39+'Choice White Grease'!G39+'Poultry Fat'!G39 -> #REF! | H38: ='Inedible Tallow'!H38+DCO!H41+UCO!H39+'Choice White Grease'!H39+'Poultry Fat'!H39 -> #REF! | I38: ='Inedible Tallow'!I38+DCO!I41+UCO!I39+'Choice White Grease'!I39+'Poultry Fat'!I39 -> #REF! | ... BE38: ='Inedible Tallow'!BE38+DCO!BE41+UCO!BE39+'Choice White Grease'!BE39+'Poultry Fat'!BE39 -> 5304.6606
A39: Imports | B39: ='Inedible Tallow'!B39+DCO!B42+UCO!B40+'Choice White Grease'!B40+'Poultry Fat'!B40 -> #REF! | C39: ='Inedible Tallow'!C39+DCO!C42+UCO!C40+'Choice White Grease'!C40+'Poultry Fat'!C40 -> #REF! | D39: ='Inedible Tallow'!D39+DCO!D42+UCO!D40+'Choice White Grease'!D40+'Poultry Fat'!D40 -> #REF! | E39: ='Inedible Tallow'!E39+DCO!E42+UCO!E40+'Choice White Grease'!E40+'Poultry Fat'!E40 -> #REF! | F39: ='Inedible Tallow'!F39+DCO!F42+UCO!F40+'Choice White Grease'!F40+'Poultry Fat'!F40 -> #REF! | G39: ='Inedible Tallow'!G39+DCO!G42+UCO!G40+'Choice White Grease'!G40+'Poultry Fat'!G40 -> #REF! | H39: ='Inedible Tallow'!H39+DCO!H42+UCO!H40+'Choice White Grease'!H40+'Poultry Fat'!H40 -> #REF! | I39: ='Inedible Tallow'!I39+DCO!I42+UCO!I40+'Choice White Grease'!I40+'Poultry Fat'!I40 -> #REF! | ... BE39: ='Inedible Tallow'!BE39+DCO!BE42+UCO!BE40+'Choice White Grease'!BE40+'Poultry Fat'!BE40 -> 574.8179
A40: Total Supply | B40: =B39+B38+B37 -> #REF! | C40: =C39+C38+C37 -> #REF! | D40: =D39+D38+D37 -> #REF! | E40: =E39+E38+E37 -> #REF! | F40: =F39+F38+F37 -> #REF! | G40: =G39+G38+G37 -> #REF! | H40: =H39+H38+H37 -> #REF! | I40: =I39+I38+I37 -> #REF! | ... BE40: =BE39+BE38+BE37 -> 8595.161
A41: Domestic Use | B41: =B47-B46 -> #REF! | C41: =C47-C46 -> #REF! | D41: =D47-D46 -> #REF! | E41: =E47-E46 -> #REF! | F41: =F47-F46 -> #REF! | G41: =G47-G46 -> #REF! | H41: =H47-H46 -> #REF! | I41: =I47-I46 -> #REF! | ... BE41: =BE47-BE46 -> 5269.0659
A42: Biomass-Based Diesel Feedstock | B42: =B43+B44+#REF! -> #REF! | C42: =C43+C44+#REF! -> #REF! | D42: =D43+D44+#REF! -> #REF! | E42: =E43+E44+#REF! -> #REF! | F42: =F43+F44+#REF! -> #REF! | G42: =G43+G44+#REF! -> #REF! | H42: =H43+H44+#REF! -> #REF! | I42: =I43+I44+#REF! -> #REF! | ... Y42: =Y43+Y44+#REF! -> #REF! | Z42: =Z43+Z44 -> 2.204622 | AA42: =AA43+AA44 -> 283.87374 | AB42: =AB43+AB44 -> 178.02543 | AC42: =AC43+AC44 -> 93.947762 | AD42: =AD43+AD44 -> 324.59444 | AE42: =AE43+AE44 -> 724.21441 | AF42: =AF43+AF44 -> 735.89154 | AG42: =AG43+AG44 -> 460.92505 | ... BE42: =BE43+BE44 -> 1735.8997
A43: Biodiesel | B43: ='Inedible Tallow'!B43+DCO!B46+UCO!B44+'Choice White Grease'!B44+'Poultry Fat'!B44 -> #REF! | C43: ='Inedible Tallow'!C43+DCO!C46+UCO!C44+'Choice White Grease'!C44+'Poultry Fat'!C44 -> #REF! | D43: ='Inedible Tallow'!D43+DCO!D46+UCO!D44+'Choice White Grease'!D44+'Poultry Fat'!D44 -> #REF! | E43: ='Inedible Tallow'!E43+DCO!E46+UCO!E44+'Choice White Grease'!E44+'Poultry Fat'!E44 -> #REF! | F43: ='Inedible Tallow'!F43+DCO!F46+UCO!F44+'Choice White Grease'!F44+'Poultry Fat'!F44 -> #REF! | G43: ='Inedible Tallow'!G43+DCO!G46+UCO!G44+'Choice White Grease'!G44+'Poultry Fat'!G44 -> #REF! | H43: ='Inedible Tallow'!H43+DCO!H46+UCO!H44+'Choice White Grease'!H44+'Poultry Fat'!H44 -> #REF! | I43: ='Inedible Tallow'!I43+DCO!I46+UCO!I44+'Choice White Grease'!I44+'Poultry Fat'!I44 -> #REF! | ... BE43: ='Inedible Tallow'!BE43+DCO!BE46+UCO!BE44+'Choice White Grease'!BE44+'Poultry Fat'!BE44 -> 1423.6253
A44: Renewable Biodiesel | B44: ='Inedible Tallow'!B44+DCO!B47+UCO!B45+'Choice White Grease'!B45+'Poultry Fat'!B45 -> #REF! | C44: ='Inedible Tallow'!C44+DCO!C47+UCO!C45+'Choice White Grease'!C45+'Poultry Fat'!C45 -> #REF! | D44: ='Inedible Tallow'!D44+DCO!D47+UCO!D45+'Choice White Grease'!D45+'Poultry Fat'!D45 -> #REF! | E44: ='Inedible Tallow'!E44+DCO!E47+UCO!E45+'Choice White Grease'!E45+'Poultry Fat'!E45 -> #REF! | F44: ='Inedible Tallow'!F44+DCO!F47+UCO!F45+'Choice White Grease'!F45+'Poultry Fat'!F45 -> #REF! | G44: ='Inedible Tallow'!G44+DCO!G47+UCO!G45+'Choice White Grease'!G45+'Poultry Fat'!G45 -> #REF! | H44: ='Inedible Tallow'!H44+DCO!H47+UCO!H45+'Choice White Grease'!H45+'Poultry Fat'!H45 -> #REF! | I44: ='Inedible Tallow'!I44+DCO!I47+UCO!I45+'Choice White Grease'!I45+'Poultry Fat'!I45 -> #REF! | ... BE44: ='Inedible Tallow'!BE44+DCO!BE47+UCO!BE45+'Choice White Grease'!BE45+'Poultry Fat'!BE45 -> 312.27435
A45: Non-Biodiesel | B45: =B41-B42 -> #REF! | C45: =C41-C42 -> #REF! | D45: =D41-D42 -> #REF! | E45: =E41-E42 -> #REF! | F45: =F41-F42 -> #REF! | G45: =G41-G42 -> #REF! | H45: =H41-H42 -> #REF! | I45: =I41-I42 -> #REF! | ... BE45: =BE41-BE42 -> 3533.1662
A46: Exports | B46: ='Inedible Tallow'!B47+DCO!B51+UCO!B47+'Choice White Grease'!B47+'Poultry Fat'!B47 -> #REF! | C46: ='Inedible Tallow'!C47+DCO!C51+UCO!C47+'Choice White Grease'!C47+'Poultry Fat'!C47 -> #REF! | D46: ='Inedible Tallow'!D47+DCO!D51+UCO!D47+'Choice White Grease'!D47+'Poultry Fat'!D47 -> #REF! | E46: ='Inedible Tallow'!E47+DCO!E51+UCO!E47+'Choice White Grease'!E47+'Poultry Fat'!E47 -> #REF! | F46: ='Inedible Tallow'!F47+DCO!F51+UCO!F47+'Choice White Grease'!F47+'Poultry Fat'!F47 -> #REF! | G46: ='Inedible Tallow'!G47+DCO!G51+UCO!G47+'Choice White Grease'!G47+'Poultry Fat'!G47 -> #REF! | H46: ='Inedible Tallow'!H47+DCO!H51+UCO!H47+'Choice White Grease'!H47+'Poultry Fat'!H47 -> #REF! | I46: ='Inedible Tallow'!I47+DCO!I51+UCO!I47+'Choice White Grease'!I47+'Poultry Fat'!I47 -> #REF! | ... BE46: ='Inedible Tallow'!BE47+DCO!BE51+UCO!BE47+'Choice White Grease'!BE47+'Poultry Fat'!BE47 -> 793.66392
A47: Total Use | B47: =B40-B48 -> #REF! | C47: =C40-C48 -> #REF! | D47: =D40-D48 -> #REF! | E47: =E40-E48 -> #REF! | F47: =F40-F48 -> #REF! | G47: =G40-G48 -> #REF! | H47: =H40-H48 -> #REF! | I47: =I40-I48 -> #REF! | ... BE47: =BE40-BE48 -> 6062.7298
A48: Ending Stocks (September 30) | B48: ='Inedible Tallow'!B49+DCO!B53+UCO!B49+'Choice White Grease'!B49+'Poultry Fat'!B49 -> #REF! | C48: ='Inedible Tallow'!C49+DCO!C53+UCO!C49+'Choice White Grease'!C49+'Poultry Fat'!C49 -> #REF! | D48: ='Inedible Tallow'!D49+DCO!D53+UCO!D49+'Choice White Grease'!D49+'Poultry Fat'!D49 -> #REF! | E48: ='Inedible Tallow'!E49+DCO!E53+UCO!E49+'Choice White Grease'!E49+'Poultry Fat'!E49 -> #REF! | F48: ='Inedible Tallow'!F49+DCO!F53+UCO!F49+'Choice White Grease'!F49+'Poultry Fat'!F49 -> #REF! | G48: ='Inedible Tallow'!G49+DCO!G53+UCO!G49+'Choice White Grease'!G49+'Poultry Fat'!G49 -> #REF! | H48: ='Inedible Tallow'!H49+DCO!H53+UCO!H49+'Choice White Grease'!H49+'Poultry Fat'!H49 -> #REF! | I48: ='Inedible Tallow'!I49+DCO!I53+UCO!I49+'Choice White Grease'!I49+'Poultry Fat'!I49 -> #REF! | ... BE48: ='Inedible Tallow'!BE49+DCO!BE53+UCO!BE49+'Choice White Grease'!BE49+'Poultry Fat'!BE49 -> 2532.4312
A51: MEXICO FAT AND GREASE SUPPLY AND DEMAND (Million Pounds)
B52: =B4 -> #REF! | C52: =C4 -> #REF! | D52: =D4 -> 97/98 | E52: =E4 -> 98/99 | F52: =F4 -> 99/00 | G52: =G4 -> 00/01 | H52: =H4 -> 01/02 | I52: =I4 -> 02/03 | ... BE52: =BE4 -> 2050
A53: Beginning Stocks (October 1) | B53: ='Inedible Tallow'!B53+UCO!B53+'Choice White Grease'!B53+'Poultry Fat'!B53 -> #REF! | C53: ='Inedible Tallow'!C53+UCO!C53+'Choice White Grease'!C53+'Poultry Fat'!C53 -> #REF! | D53: ='Inedible Tallow'!D53+UCO!D53+'Choice White Grease'!D53+'Poultry Fat'!D53 -> #REF! | E53: ='Inedible Tallow'!E53+UCO!E53+'Choice White Grease'!E53+'Poultry Fat'!E53 -> #REF! | F53: ='Inedible Tallow'!F53+UCO!F53+'Choice White Grease'!F53+'Poultry Fat'!F53 -> #REF! | G53: ='Inedible Tallow'!G53+UCO!G53+'Choice White Grease'!G53+'Poultry Fat'!G53 -> #REF! | H53: ='Inedible Tallow'!H53+UCO!H53+'Choice White Grease'!H53+'Poultry Fat'!H53 -> #REF! | I53: ='Inedible Tallow'!I53+UCO!I53+'Choice White Grease'!I53+'Poultry Fat'!I53 -> #REF! | ... BE53: ='Inedible Tallow'!BE53+UCO!BE53+'Choice White Grease'!BE53+'Poultry Fat'!BE53 -> 43.417411
A54: Production | B54: ='Inedible Tallow'!B54+UCO!B54+'Choice White Grease'!B54+'Poultry Fat'!B54 -> #REF! | C54: ='Inedible Tallow'!C54+UCO!C54+'Choice White Grease'!C54+'Poultry Fat'!C54 -> #REF! | D54: ='Inedible Tallow'!D54+UCO!D54+'Choice White Grease'!D54+'Poultry Fat'!D54 -> #REF! | E54: ='Inedible Tallow'!E54+UCO!E54+'Choice White Grease'!E54+'Poultry Fat'!E54 -> #REF! | F54: ='Inedible Tallow'!F54+UCO!F54+'Choice White Grease'!F54+'Poultry Fat'!F54 -> #REF! | G54: ='Inedible Tallow'!G54+UCO!G54+'Choice White Grease'!G54+'Poultry Fat'!G54 -> #REF! | H54: ='Inedible Tallow'!H54+UCO!H54+'Choice White Grease'!H54+'Poultry Fat'!H54 -> #REF! | I54: ='Inedible Tallow'!I54+UCO!I54+'Choice White Grease'!I54+'Poultry Fat'!I54 -> #REF! | ... BE54: ='Inedible Tallow'!BE54+UCO!BE54+'Choice White Grease'!BE54+'Poultry Fat'!BE54 -> 7452.7516
A55: Imports | B55: ='Inedible Tallow'!B55+UCO!B55+'Choice White Grease'!B55+'Poultry Fat'!B55 -> #REF! | C55: ='Inedible Tallow'!C55+UCO!C55+'Choice White Grease'!C55+'Poultry Fat'!C55 -> #REF! | D55: ='Inedible Tallow'!D55+UCO!D55+'Choice White Grease'!D55+'Poultry Fat'!D55 -> #REF! | E55: ='Inedible Tallow'!E55+UCO!E55+'Choice White Grease'!E55+'Poultry Fat'!E55 -> #REF! | F55: ='Inedible Tallow'!F55+UCO!F55+'Choice White Grease'!F55+'Poultry Fat'!F55 -> #REF! | G55: ='Inedible Tallow'!G55+UCO!G55+'Choice White Grease'!G55+'Poultry Fat'!G55 -> #REF! | H55: ='Inedible Tallow'!H55+UCO!H55+'Choice White Grease'!H55+'Poultry Fat'!H55 -> #REF! | I55: ='Inedible Tallow'!I55+UCO!I55+'Choice White Grease'!I55+'Poultry Fat'!I55 -> #REF! | ... BE55: ='Inedible Tallow'!BE55+UCO!BE55+'Choice White Grease'!BE55+'Poultry Fat'!BE55 -> 364.25867
A56: Total Supply | B56: =SUM(B53:B55) -> #REF! | C56: =SUM(C53:C55) -> #REF! | D56: =SUM(D53:D55) -> #REF! | E56: =SUM(E53:E55) -> #REF! | F56: =SUM(F53:F55) -> #REF! | G56: =SUM(G53:G55) -> #REF! | H56: =SUM(H53:H55) -> #REF! | I56: =SUM(I53:I55) -> #REF! | ... BE56: =SUM(BE53:BE55) -> 7860.4277
A57: Domestic Use | B57: =B63-B62 -> #REF! | C57: =C63-C62 -> #REF! | D57: =D63-D62 -> #REF! | E57: =E63-E62 -> #REF! | F57: =F63-F62 -> #REF! | G57: =G63-G62 -> #REF! | H57: =H63-H62 -> #REF! | I57: =I63-I62 -> #REF! | ... BE57: =BE63-BE62 -> 6609.2311
A58: Biomass-Based Diesel Feedstock | B58: =B59+B60 -> #REF! | C58: =C59+C60 -> #REF! | D58: =D59+D60 -> #REF! | E58: =E59+E60 -> #REF! | F58: =F59+F60 -> #REF! | G58: =G59+G60 -> #REF! | H58: =H59+H60 -> #REF! | I58: =I59+I60 -> #REF! | ... BE58: =BE59+BE60 -> 30.68141
A59: Biodiesel | B59: ='Inedible Tallow'!B59+UCO!B59+'Choice White Grease'!B59+'Poultry Fat'!B59 -> #REF! | C59: ='Inedible Tallow'!C59+UCO!C59+'Choice White Grease'!C59+'Poultry Fat'!C59 -> #REF! | D59: ='Inedible Tallow'!D59+UCO!D59+'Choice White Grease'!D59+'Poultry Fat'!D59 -> #REF! | E59: ='Inedible Tallow'!E59+UCO!E59+'Choice White Grease'!E59+'Poultry Fat'!E59 -> #REF! | F59: ='Inedible Tallow'!F59+UCO!F59+'Choice White Grease'!F59+'Poultry Fat'!F59 -> #REF! | G59: ='Inedible Tallow'!G59+UCO!G59+'Choice White Grease'!G59+'Poultry Fat'!G59 -> #REF! | H59: ='Inedible Tallow'!H59+UCO!H59+'Choice White Grease'!H59+'Poultry Fat'!H59 -> #REF! | I59: ='Inedible Tallow'!I59+UCO!I59+'Choice White Grease'!I59+'Poultry Fat'!I59 -> #REF! | ... BE59: ='Inedible Tallow'!BE59+UCO!BE59+'Choice White Grease'!BE59+'Poultry Fat'!BE59 -> 30.68141
A60: Renewable Biodiesel | B60: ='Inedible Tallow'!B60+UCO!B60+'Choice White Grease'!B60+'Poultry Fat'!B60 -> #REF! | C60: ='Inedible Tallow'!C60+UCO!C60+'Choice White Grease'!C60+'Poultry Fat'!C60 -> #REF! | D60: ='Inedible Tallow'!D60+UCO!D60+'Choice White Grease'!D60+'Poultry Fat'!D60 -> #REF! | E60: ='Inedible Tallow'!E60+UCO!E60+'Choice White Grease'!E60+'Poultry Fat'!E60 -> #REF! | F60: ='Inedible Tallow'!F60+UCO!F60+'Choice White Grease'!F60+'Poultry Fat'!F60 -> #REF! | G60: ='Inedible Tallow'!G60+UCO!G60+'Choice White Grease'!G60+'Poultry Fat'!G60 -> #REF! | H60: ='Inedible Tallow'!H60+UCO!H60+'Choice White Grease'!H60+'Poultry Fat'!H60 -> #REF! | I60: ='Inedible Tallow'!I60+UCO!I60+'Choice White Grease'!I60+'Poultry Fat'!I60 -> #REF! | ... BE60: ='Inedible Tallow'!BE60+UCO!BE60+'Choice White Grease'!BE60+'Poultry Fat'!BE60 -> 0
A61: Non-Biofuel Use | B61: =B57-B58 -> #REF! | C61: =C57-C58 -> #REF! | D61: =D57-D58 -> #REF! | E61: =E57-E58 -> #REF! | F61: =F57-F58 -> #REF! | G61: =G57-G58 -> #REF! | H61: =H57-H58 -> #REF! | I61: =I57-I58 -> #REF! | ... BE61: =BE57-BE58 -> 6578.5497
A62: Exports | B62: ='Inedible Tallow'!B62+DCO!B51+UCO!B62+'Choice White Grease'!B62+'Poultry Fat'!B62 -> #REF! | C62: ='Inedible Tallow'!C62+DCO!C51+UCO!C62+'Choice White Grease'!C62+'Poultry Fat'!C62 -> #REF! | D62: ='Inedible Tallow'!D62+DCO!D51+UCO!D62+'Choice White Grease'!D62+'Poultry Fat'!D62 -> #REF! | E62: ='Inedible Tallow'!E62+DCO!E51+UCO!E62+'Choice White Grease'!E62+'Poultry Fat'!E62 -> #REF! | F62: ='Inedible Tallow'!F62+DCO!F51+UCO!F62+'Choice White Grease'!F62+'Poultry Fat'!F62 -> #REF! | G62: ='Inedible Tallow'!G62+DCO!G51+UCO!G62+'Choice White Grease'!G62+'Poultry Fat'!G62 -> #REF! | H62: ='Inedible Tallow'!H62+DCO!H51+UCO!H62+'Choice White Grease'!H62+'Poultry Fat'!H62 -> #REF! | I62: ='Inedible Tallow'!I62+DCO!I51+UCO!I62+'Choice White Grease'!I62+'Poultry Fat'!I62 -> #REF! | ... BE62: ='Inedible Tallow'!BE62+DCO!BE51+UCO!BE62+'Choice White Grease'!BE62+'Poultry Fat'!BE62 -> 1207.5993
A63: Total Use | B63: =B56-B64 -> #REF! | C63: =C56-C64 -> #REF! | D63: =D56-D64 -> #REF! | E63: =E56-E64 -> #REF! | F63: =F56-F64 -> #REF! | G63: =G56-G64 -> #REF! | H63: =H56-H64 -> #REF! | I63: =I56-I64 -> #REF! | ... BE63: =BE56-BE64 -> 7816.8304
A64: Ending Stocks (September 30) | B64: ='Inedible Tallow'!B64+UCO!B64+'Choice White Grease'!B64+'Poultry Fat'!B64 -> #REF! | C64: ='Inedible Tallow'!C64+UCO!C64+'Choice White Grease'!C64+'Poultry Fat'!C64 -> #REF! | D64: ='Inedible Tallow'!D64+UCO!D64+'Choice White Grease'!D64+'Poultry Fat'!D64 -> #REF! | E64: ='Inedible Tallow'!E64+UCO!E64+'Choice White Grease'!E64+'Poultry Fat'!E64 -> #REF! | F64: ='Inedible Tallow'!F64+UCO!F64+'Choice White Grease'!F64+'Poultry Fat'!F64 -> #REF! | G64: ='Inedible Tallow'!G64+UCO!G64+'Choice White Grease'!G64+'Poultry Fat'!G64 -> #REF! | H64: ='Inedible Tallow'!H64+UCO!H64+'Choice White Grease'!H64+'Poultry Fat'!H64 -> #REF! | I64: ='Inedible Tallow'!I64+UCO!I64+'Choice White Grease'!I64+'Poultry Fat'!I64 -> #REF! | ... BE64: ='Inedible Tallow'!BE64+UCO!BE64+'Choice White Grease'!BE64+'Poultry Fat'!BE64 -> 43.597236

Sheet Soybean Complex
A1: NORTH AMERICAN SOYBEAN COMPLEX BALANCE SHEETS
A2: NORTH AMERICAN SOYBEAN (million acres/million bushels)
B3: ='[6]Soy Complex'!AK$3 -> #REF! | C3: ='[7]Soy Complex'!AL$3 -> #REF! | D3: ='[8]Soy Complex'!AM$3 -> 97/98 | E3: ='[8]Soy Complex'!AN$3 -> 98/99 | F3: ='[8]Soy Complex'!AO$3 -> 99/00 | G3: ='[8]Soy Complex'!AP$3 -> 00/01 | H3: ='[8]Soy Complex'!AQ$3 -> 01/02 | I3: ='[8]Soy Complex'!AR$3 -> 02/03 | J3: ='[8]Soy Complex'!AS$3 -> 03/04 | K3: ='[8]Soy Complex'!AT$3 -> 04/05 | ... X3: ='[8]Soy Complex'!BG$3 -> 17/18 | Y3: 2018 | Z3: 2019 | AA3: 2020 | AB3: 2021 | AC3: 2022 | AD3: 2023 | AE3: 2024 | AF3: 2025 | AG3: 2026 | AH3: 2027 | AI3: 2028 | AJ3: 2029 | AK3: 2030 | AL3: 2031 | AM3: 2032 | AN3: 2033 | AO3: 2034 | AP3: 2035 | AQ3: 2036 | AR3: 2037 | AS3: 2038 | AT3: 2039 | AU3: 2040 | AV3: 2041 | AW3: 2042 | AX3: 2043 | AY3: 2044 | AZ3: 2045 | BA3: 2046 | BB3: 2047 | BC3: 2048 | BD3: 2049 | BE3: 2050
A4: Planted Area | B4: =((('[13]Canada Soy Complex'!AG4*2.47105)+('[13]Mexico Soy Complex'!D4*2.47105))/1000)+('[8]Soy Complex'!AK4) -> 62.495 | C4: =((('[13]Canada Soy Complex'!AH4*2.47105)+('[13]Mexico Soy Complex'!E4*2.47105))/1000)+('[8]Soy Complex'!AL4) -> 64.195 | D4: =((('[13]Canada Soy Complex'!AI4*2.47105)+('[13]Mexico Soy Complex'!F4*2.47105))/1000)+('[8]Soy Complex'!AM4) -> 70.005 | E4: =((('[13]Canada Soy Complex'!AJ4*2.47105)+('[13]Mexico Soy Complex'!G4*2.47105))/1000)+('[8]Soy Complex'!AN4) -> 72.025 | F4: =((('[1]Canada Soy Complex'!AK4*2.47105)+('[1]Mexico Soy Complex'!H4*2.47105))/1000)+('[8]Soy Complex'!AO4) -> 76.396263 | G4: =((('[1]Canada Soy Complex'!AL4*2.47105)+('[1]Mexico Soy Complex'!I4*2.47105))/1000)+('[8]Soy Complex'!AP4) -> 77.09214 | H4: =((('[1]Canada Soy Complex'!AM4*2.47105)+('[1]Mexico Soy Complex'!J4*2.47105))/1000)+('[8]Soy Complex'!AQ4) -> 76.870993 | I4: =((('[1]Canada Soy Complex'!AN4*2.47105)+('[1]Mexico Soy Complex'!K4*2.47105))/1000)+('[8]Soy Complex'!AR4) -> 76.632475 | J4: =((('[1]Canada Soy Complex'!AO4*2.47105)+('[1]Mexico Soy Complex'!L4*2.47105))/1000)+('[8]Soy Complex'!AS4) -> 76.19085 | K4: =((('[1]Canada Soy Complex'!AP4*2.47105)+('[1]Mexico Soy Complex'!M4*2.47105))/1000)+('[8]Soy Complex'!AT4) -> 78.477199 | L4: =((('[1]Canada Soy Complex'!AQ4*2.47105)+('[1]Mexico Soy Complex'!N4*2.47105))/1000)+('[8]Soy Complex'!AU4) -> 75.176164 | M4: =((('[1]Canada Soy Complex'!AR4*2.47105)+('[1]Mexico Soy Complex'!O4*2.47105))/1000)+('[8]Soy Complex'!AV4) -> 78.656527 | ... AU4: =((('[1]Canada Soy Complex'!BZ4*2.47105)+('[1]Mexico Soy Complex'!AW4*2.47105))/1000)+('[8]Soy Complex'!CD4) -> 98.042492 | AV4: =((('[1]Canada Soy Complex'!CK4*2.47105)+('[1]Mexico Soy Complex'!AX4*2.47105))/1000)+('[8]Soy Complex'!CE4) -> 98.116624 | AW4: =((('[1]Canada Soy Complex'!CL4*2.47105)+('[1]Mexico Soy Complex'!BI4*2.47105))/1000)+('[8]Soy Complex'!CF4) -> 91 | AX4: =((('[1]Canada Soy Complex'!CM4*2.47105)+('[1]Mexico Soy Complex'!BJ4*2.47105))/1000)+('[8]Soy Complex'!CG4) -> #VALUE! | AY4: =((('[1]Canada Soy Complex'!CN4*2.47105)+('[1]Mexico Soy Complex'!BK4*2.47105))/1000)+('[8]Soy Complex'!CH4) -> #VALUE! | AZ4: =((('[1]Canada Soy Complex'!CO4*2.47105)+('[1]Mexico Soy Complex'!BL4*2.47105))/1000)+('[8]Soy Complex'!CI4) -> 91 | BA4: =((('[1]Canada Soy Complex'!CP4*2.47105)+('[1]Mexico Soy Complex'!BM4*2.47105))/1000)+('[8]Soy Complex'!CJ4) -> 91 | BB4: =((('[1]Canada Soy Complex'!CQ4*2.47105)+('[1]Mexico Soy Complex'!BN4*2.47105))/1000)+('[8]Soy Complex'!CK4) -> 91 | BC4: =((('[1]Canada Soy Complex'!CR4*2.47105)+('[1]Mexico Soy Complex'!BO4*2.47105))/1000)+('[8]Soy Complex'!CL4) -> 91 | BD4: =((('[1]Canada Soy Complex'!CS4*2.47105)+('[1]Mexico Soy Complex'!BP4*2.47105))/1000)+('[8]Soy Complex'!CM4) -> 91 | BE4: =((('[1]Canada Soy Complex'!CT4*2.47105)+('[1]Mexico Soy Complex'!BQ4*2.47105))/1000)+('[8]Soy Complex'!CN4) -> 91
A5: Harvested Area | B5: =((('[1]Canada Soy Complex'!AG5*2.47105)+('[1]Mexico Soy Complex'!D5*2.47105))/1000)+('[8]Soy Complex'!AK5) -> 63.909042 | C5: =((('[1]Canada Soy Complex'!AH5*2.47105)+('[1]Mexico Soy Complex'!E5*2.47105))/1000)+('[8]Soy Complex'!AL5) -> 65.608034 | D5: =((('[1]Canada Soy Complex'!AI5*2.47105)+('[1]Mexico Soy Complex'!F5*2.47105))/1000)+('[8]Soy Complex'!AM5) -> 72.044619 | E5: =((('[1]Canada Soy Complex'!AJ5*2.47105)+('[1]Mexico Soy Complex'!G5*2.47105))/1000)+('[8]Soy Complex'!AN5) -> 73.085271 | F5: =((('[1]Canada Soy Complex'!AK5*2.47105)+('[1]Mexico Soy Complex'!H5*2.47105))/1000)+('[8]Soy Complex'!AO5) -> 75.122147 | G5: =((('[1]Canada Soy Complex'!AL5*2.47105)+('[1]Mexico Soy Complex'!I5*2.47105))/1000)+('[8]Soy Complex'!AP5) -> 75.202016 | H5: =((('[1]Canada Soy Complex'!AM5*2.47105)+('[1]Mexico Soy Complex'!J5*2.47105))/1000)+('[8]Soy Complex'!AQ5) -> 75.727503 | I5: =((('[1]Canada Soy Complex'!AN5*2.47105)+('[1]Mexico Soy Complex'!K5*2.47105))/1000)+('[8]Soy Complex'!AR5) -> 75.16524 | ... AU5: =((('[1]Canada Soy Complex'!BZ5*2.47105)+('[1]Mexico Soy Complex'!AW5*2.47105))/1000)+('[8]Soy Complex'!CD5) -> 96.92378 | AV5: =((('[1]Canada Soy Complex'!CK5*2.47105)+('[1]Mexico Soy Complex'!AX5*2.47105))/1000)+('[8]Soy Complex'!CE5) -> 96.996333 | AW5: =((('[1]Canada Soy Complex'!CL5*2.47105)+('[1]Mexico Soy Complex'!BI5*2.47105))/1000)+('[8]Soy Complex'!CF5) -> 89.944746 | AX5: =((('[1]Canada Soy Complex'!CM5*2.47105)+('[1]Mexico Soy Complex'!BJ5*2.47105))/1000)+('[8]Soy Complex'!CG5) -> 89.947126 | AY5: =((('[1]Canada Soy Complex'!CN5*2.47105)+('[1]Mexico Soy Complex'!BK5*2.47105))/1000)+('[8]Soy Complex'!CH5) -> #VALUE! | AZ5: =((('[1]Canada Soy Complex'!CO5*2.47105)+('[1]Mexico Soy Complex'!BL5*2.47105))/1000)+('[8]Soy Complex'!CI5) -> 89.9 | BA5: =((('[1]Canada Soy Complex'!CP5*2.47105)+('[1]Mexico Soy Complex'!BM5*2.47105))/1000)+('[8]Soy Complex'!CJ5) -> 89.9 | BB5: =((('[1]Canada Soy Complex'!CQ5*2.47105)+('[1]Mexico Soy Complex'!BN5*2.47105))/1000)+('[8]Soy Complex'!CK5) -> 89.9 | BC5: =((('[1]Canada Soy Complex'!CR5*2.47105)+('[1]Mexico Soy Complex'!BO5*2.47105))/1000)+('[8]Soy Complex'!CL5) -> 89.9 | BD5: =((('[1]Canada Soy Complex'!CS5*2.47105)+('[1]Mexico Soy Complex'!BP5*2.47105))/1000)+('[8]Soy Complex'!CM5) -> 89.9 | BE5: =((('[1]Canada Soy Complex'!CT5*2.47105)+('[1]Mexico Soy Complex'!BQ5*2.47105))/1000)+('[8]Soy Complex'!CN5) -> 89.9
A6: Harvested/Planted Area | B6: =B5/B4 -> 1.0226265 | C6: =C5/C4 -> 1.0220116 | D6: =D5/D4 -> 1.0291353 | E6: =E5/E4 -> 1.0147209 | F6: =F5/F4 -> 0.98332228 | G6: =G5/G4 -> 0.97548228 | H6: =H5/H4 -> 0.98512455 | I6: =I5/I4 -> 0.98085361 | ... BE6: =BE5/BE4 -> 0.98791209
A7: Yield | B7: =B9/B5 -> 35.451227 | C7: =C9/C5 -> 37.52941 | D7: =D9/D5 -> 38.813277 | E7: =E9/E5 -> 38.952051 | F7: =F9/F5 -> 36.746261 | G7: =G9/G5 -> 38.043033 | H7: =H9/H5 -> 38.997594 | I7: =I9/I5 -> 37.853128 | ... BE7: =BE9/BE5 -> 70.70223
A8: Beginning Stocks (September 1) | B8: =('[1]Mexico Soy Complex'!D8*36.7437/1000)+('[1]Canada Soy Complex'!AG7*36.7437/1000)+'[8]Soy Complex'!AK8 -> 344.84503 | C8: =('[1]Mexico Soy Complex'!E8*36.7437/1000)+('[1]Canada Soy Complex'!AH7*36.7437/1000)+'[8]Soy Complex'!AL8 -> 194.29739 | D8: =('[1]Mexico Soy Complex'!F8*36.7437/1000)+('[1]Canada Soy Complex'!AI7*36.7437/1000)+'[8]Soy Complex'!AM8 -> 141.82729 | E8: =('[1]Mexico Soy Complex'!G8*36.7437/1000)+('[1]Canada Soy Complex'!AJ7*36.7437/1000)+'[8]Soy Complex'!AN8 -> 213.02673 | F8: =('[1]Mexico Soy Complex'!H8*36.7437/1000)+('[1]Canada Soy Complex'!AK7*36.7437/1000)+'[8]Soy Complex'!AO8 -> 360.90137 | G8: =('[1]Mexico Soy Complex'!I8*36.7437/1000)+('[1]Canada Soy Complex'!AL7*36.7437/1000)+'[8]Soy Complex'!AP8 -> 306.10877 | H8: =('[1]Mexico Soy Complex'!J8*36.7437/1000)+('[1]Canada Soy Complex'!AM7*36.7437/1000)+'[8]Soy Complex'!AQ8 -> 269.82996 | I8: =('[1]Mexico Soy Complex'!K8*36.7437/1000)+('[1]Canada Soy Complex'!AN7*36.7437/1000)+'[8]Soy Complex'!AR8 -> 226.43285 | ... AU8: =('[1]Mexico Soy Complex'!AW8*36.7437/1000)+('[1]Canada Soy Complex'!BZ7*36.7437/1000)+'[8]Soy Complex'!CD8 -> 8387.7948 | AV8: =('[1]Mexico Soy Complex'!AX8*36.7437/1000)+('[1]Canada Soy Complex'!CK7*36.7437/1000)+'[8]Soy Complex'!CE8 -> 9727.2935 | AW8: =('[1]Mexico Soy Complex'!BI8*36.7437/1000)+('[1]Canada Soy Complex'!CL7*36.7437/1000)+'[8]Soy Complex'!CF8 -> 11189.167 | AX8: =('[1]Mexico Soy Complex'!BJ8*36.7437/1000)+('[1]Canada Soy Complex'!CM7*36.7437/1000)+'[8]Soy Complex'!CG8 -> 12721.595 | AY8: =('[1]Mexico Soy Complex'!BK8*36.7437/1000)+('[1]Canada Soy Complex'!CN7*36.7437/1000)+'[8]Soy Complex'!CH8 -> 14317.877 | AZ8: =('[1]Mexico Soy Complex'!BL8*36.7437/1000)+('[1]Canada Soy Complex'!CO7*36.7437/1000)+'[8]Soy Complex'!CI8 -> 15946.986 | BA8: =('[1]Mexico Soy Complex'!BM8*36.7437/1000)+('[1]Canada Soy Complex'!CP7*36.7437/1000)+'[8]Soy Complex'!CJ8 -> 17556.143 | BB8: =('[1]Mexico Soy Complex'!BN8*36.7437/1000)+('[1]Canada Soy Complex'!CQ7*36.7437/1000)+'[8]Soy Complex'!CK8 -> 19102.126 | BC8: =('[1]Mexico Soy Complex'!BO8*36.7437/1000)+('[1]Canada Soy Complex'!CR7*36.7437/1000)+'[8]Soy Complex'!CL8 -> 20609.641 | BD8: =('[1]Mexico Soy Complex'!BP8*36.7437/1000)+('[1]Canada Soy Complex'!CS7*36.7437/1000)+'[8]Soy Complex'!CM8 -> 22177.675 | BE8: =('[1]Mexico Soy Complex'!BQ8*36.7437/1000)+('[1]Canada Soy Complex'!CT7*36.7437/1000)+'[8]Soy Complex'!CN8 -> 23806.229
A9: Production | B9: =('[1]Mexico Soy Complex'!D9*36.7437/1000)+('[1]Canada Soy Complex'!AG8*36.7437/1000)+'[8]Soy Complex'!AK9 -> 2265.654 | C9: =('[1]Mexico Soy Complex'!E9*36.7437/1000)+('[1]Canada Soy Complex'!AH8*36.7437/1000)+'[8]Soy Complex'!AL9 -> 2462.2308 | D9: =('[1]Mexico Soy Complex'!F9*36.7437/1000)+('[1]Canada Soy Complex'!AI8*36.7437/1000)+'[8]Soy Complex'!AM9 -> 2796.2878 | E9: =('[1]Mexico Soy Complex'!G9*36.7437/1000)+('[1]Canada Soy Complex'!AJ8*36.7437/1000)+'[8]Soy Complex'!AN9 -> 2846.8212 | F9: =('[1]Mexico Soy Complex'!H9*36.7437/1000)+('[1]Canada Soy Complex'!AK8*36.7437/1000)+'[8]Soy Complex'!AO9 -> 2760.458 | G9: =('[1]Mexico Soy Complex'!I9*36.7437/1000)+('[1]Canada Soy Complex'!AL8*36.7437/1000)+'[8]Soy Complex'!AP9 -> 2860.9128 | H9: =('[1]Mexico Soy Complex'!J9*36.7437/1000)+('[1]Canada Soy Complex'!AM8*36.7437/1000)+'[8]Soy Complex'!AQ9 -> 2953.1904 | I9: =('[1]Mexico Soy Complex'!K9*36.7437/1000)+('[1]Canada Soy Complex'!AN8*36.7437/1000)+'[8]Soy Complex'!AR9 -> 2845.2394 | ... AU9: =('[1]Mexico Soy Complex'!AW9*36.7437/1000)+('[1]Canada Soy Complex'!BZ8*36.7437/1000)+'[8]Soy Complex'!CD9 -> 6099.5594 | AV9: =('[1]Mexico Soy Complex'!AX9*36.7437/1000)+('[1]Canada Soy Complex'!CK8*36.7437/1000)+'[8]Soy Complex'!CE9 -> 5831.6709 | AW9: =('[1]Mexico Soy Complex'!BI9*36.7437/1000)+('[1]Canada Soy Complex'!CL8*36.7437/1000)+'[8]Soy Complex'!CF9 -> 5874.8987 | AX9: =('[1]Mexico Soy Complex'!BJ9*36.7437/1000)+('[1]Canada Soy Complex'!CM8*36.7437/1000)+'[8]Soy Complex'!CG9 -> 5935.6052 | AY9: =('[1]Mexico Soy Complex'!BK9*36.7437/1000)+('[1]Canada Soy Complex'!CN8*36.7437/1000)+'[8]Soy Complex'!CH9 -> #VALUE! | AZ9: =('[1]Mexico Soy Complex'!BL9*36.7437/1000)+('[1]Canada Soy Complex'!CO8*36.7437/1000)+'[8]Soy Complex'!CI9 -> 6053.5339 | BA9: =('[1]Mexico Soy Complex'!BM9*36.7437/1000)+('[1]Canada Soy Complex'!CP8*36.7437/1000)+'[8]Soy Complex'!CJ9 -> 6114.0533 | BB9: =('[1]Mexico Soy Complex'!BN9*36.7437/1000)+('[1]Canada Soy Complex'!CQ8*36.7437/1000)+'[8]Soy Complex'!CK9 -> 6174.5726 | BC9: =('[1]Mexico Soy Complex'!BO9*36.7437/1000)+('[1]Canada Soy Complex'!CR8*36.7437/1000)+'[8]Soy Complex'!CL9 -> 6235.0919 | BD9: =('[1]Mexico Soy Complex'!BP9*36.7437/1000)+('[1]Canada Soy Complex'!CS8*36.7437/1000)+'[8]Soy Complex'!CM9 -> 6295.6112 | BE9: =('[1]Mexico Soy Complex'!BQ9*36.7437/1000)+('[1]Canada Soy Complex'!CT8*36.7437/1000)+'[8]Soy Complex'!CN9 -> 6356.1305
A10: Imports | B10: ='Soybean Trade'!C32 -> 0.069606202 | C10: ='Soybean Trade'!D32 -> 10.994076 | D10: ='Soybean Trade'!E32 -> 10.3665 | E10: ='Soybean Trade'!F32 -> 1.1464621 | F10: ='Soybean Trade'!G32 -> 5.8804058 | G10: ='Soybean Trade'!H32 -> 7.9795108 | H10: ='Soybean Trade'!I32 -> 3.181953 | I10: ='Soybean Trade'!J32 -> 3.3954963 | ... BE10: ='Soybean Trade'!BF32 -> 0
A11: Total Supply | B11: =SUM(B8:B10) -> 2610.5686 | C11: =SUM(C8:C10) -> 2667.5223 | D11: =SUM(D8:D10) -> 2948.4816 | E11: =SUM(E8:E10) -> 3060.9944 | F11: =SUM(F8:F10) -> 3127.2398 | G11: =SUM(G8:G10) -> 3175.0011 | H11: =SUM(H8:H10) -> 3226.2023 | I11: =SUM(I8:I10) -> 3075.0678 | ... BE11: =SUM(BE8:BE10) -> 30162.359
A12: Crush | B12: =('[1]Mexico Soy Complex'!D$12*36.7437/1000)+('[1]Canada Soy Complex'!AG$11*36.7437/1000)+'[8]Soy Complex'!AK$12 -> 1522.0264 | C12: =('[1]Mexico Soy Complex'!E$12*36.7437/1000)+('[1]Canada Soy Complex'!AH$11*36.7437/1000)+'[8]Soy Complex'!AL$12 -> 1588.141 | D12: =('[1]Mexico Soy Complex'!F$12*36.7437/1000)+('[1]Canada Soy Complex'!AI$11*36.7437/1000)+'[8]Soy Complex'!AM$12 -> 1786.3276 | E12: =('[1]Mexico Soy Complex'!G$12*36.7437/1000)+('[1]Canada Soy Complex'!AJ$11*36.7437/1000)+'[8]Soy Complex'!AN$12 -> 1792.8875 | F12: =('[1]Mexico Soy Complex'!H$12*36.7437/1000)+('[1]Canada Soy Complex'!AK$11*36.7437/1000)+'[8]Soy Complex'!AO$12 -> 1790.8086 | G12: =('[1]Mexico Soy Complex'!I$12*36.7437/1000)+('[1]Canada Soy Complex'!AL$11*36.7437/1000)+'[8]Soy Complex'!AP$12 -> 1863.8029 | H12: =('[1]Mexico Soy Complex'!J$12*36.7437/1000)+('[1]Canada Soy Complex'!AM$11*36.7437/1000)+'[8]Soy Complex'!AQ$12 -> 1928.3185 | I12: =('[1]Mexico Soy Complex'!K$12*36.7437/1000)+('[1]Canada Soy Complex'!AN$11*36.7437/1000)+'[8]Soy Complex'!AR$12 -> 1838.8344 | ... AU12: =('[1]Mexico Soy Complex'!AW$12*36.7437/1000)+('[1]Canada Soy Complex'!BZ$11*36.7437/1000)+'[8]Soy Complex'!CD$12 -> 3493.0024 | AV12: =('[1]Mexico Soy Complex'!AX$12*36.7437/1000)+('[1]Canada Soy Complex'!CK$11*36.7437/1000)+'[8]Soy Complex'!CE$12 -> 3354.4869 | AW12: =('[1]Mexico Soy Complex'!BI$12*36.7437/1000)+('[1]Canada Soy Complex'!CL$11*36.7437/1000)+'[8]Soy Complex'!CF$12 -> #VALUE! | AX12: =('[1]Mexico Soy Complex'!BJ$12*36.7437/1000)+('[1]Canada Soy Complex'!CM$11*36.7437/1000)+'[8]Soy Complex'!CG$12 -> #VALUE! | AY12: =('[1]Mexico Soy Complex'!BK$12*36.7437/1000)+('[1]Canada Soy Complex'!CN$11*36.7437/1000)+'[8]Soy Complex'!CH$12 -> 3100 | AZ12: =('[1]Mexico Soy Complex'!BL$12*36.7437/1000)+('[1]Canada Soy Complex'!CO$11*36.7437/1000)+'[8]Soy Complex'!CI$12 -> 3200 | BA12: =('[1]Mexico Soy Complex'!BM$12*36.7437/1000)+('[1]Canada Soy Complex'!CP$11*36.7437/1000)+'[8]Soy Complex'!CJ$12 -> 3300 | BB12: =('[1]Mexico Soy Complex'!BN$12*36.7437/1000)+('[1]Canada Soy Complex'!CQ$11*36.7437/1000)+'[8]Soy Complex'!CK$12 -> 3400 | BC12: =('[1]Mexico Soy Complex'!BO$12*36.7437/1000)+('[1]Canada Soy Complex'!CR$11*36.7437/1000)+'[8]Soy Complex'!CL$12 -> 3400 | BD12: =('[1]Mexico Soy Complex'!BP$12*36.7437/1000)+('[1]Canada Soy Complex'!CS$11*36.7437/1000)+'[8]Soy Complex'!CM$12 -> 3400 | BE12: =('[1]Mexico Soy Complex'!BQ$12*36.7437/1000)+('[1]Canada Soy Complex'!CT$11*36.7437/1000)+'[8]Soy Complex'!CN$12 -> 3400
A13: Exports | B13: ='Soybean Trade'!C33 -> 864.15368 | C13: ='Soybean Trade'!D33 -> 893.40798 | D13: ='Soybean Trade'!E33 -> 892.8137 | E13: ='Soybean Trade'!F33 -> 825.27381 | F13: ='Soybean Trade'!G33 -> 992.61535 | G13: ='Soybean Trade'!H33 -> 1007.3439 | H13: ='Soybean Trade'!I33 -> 1050.3308 | I13: ='Soybean Trade'!J33 -> 1042.2476 | ... BE13: ='Soybean Trade'!BF33 -> 0
A14: Seed | B14: =('[1]Mexico Soy Complex'!D13*36.7437/1000)+('[1]Canada Soy Complex'!AG13*36.7437/1000)+'[8]Soy Complex'!AK14 -> 76.159611 | C14: =('[1]Mexico Soy Complex'!E$13*36.7437/1000)+('[1]Canada Soy Complex'!AH$13*36.7437/1000)+'[8]Soy Complex'!AL$14 -> 84.629012 | D14: =('[1]Mexico Soy Complex'!F$13*36.7437/1000)+('[1]Canada Soy Complex'!AI$13*36.7437/1000)+'[8]Soy Complex'!AM$14 -> 88.540239 | E14: =('[1]Mexico Soy Complex'!G$13*36.7437/1000)+('[1]Canada Soy Complex'!AJ$13*36.7437/1000)+'[8]Soy Complex'!AN$14 -> 89.524035 | F14: =('[1]Mexico Soy Complex'!H$13*36.7437/1000)+('[1]Canada Soy Complex'!AK$13*36.7437/1000)+'[8]Soy Complex'!AO$14 -> 90.705512 | G14: =('[1]Mexico Soy Complex'!I$13*36.7437/1000)+('[1]Canada Soy Complex'!AL$13*36.7437/1000)+'[8]Soy Complex'!AP$14 -> 93.123415 | H14: =('[1]Mexico Soy Complex'!J$13*36.7437/1000)+('[1]Canada Soy Complex'!AM$13*36.7437/1000)+'[8]Soy Complex'!AQ$14 -> 91.924962 | I14: =('[1]Mexico Soy Complex'!K$13*36.7437/1000)+('[1]Canada Soy Complex'!AN$13*36.7437/1000)+'[8]Soy Complex'!AR$14 -> 91.039088 | J14: =('[1]Mexico Soy Complex'!L$13*36.7437/1000)+('[1]Canada Soy Complex'!AO$13*36.7437/1000)+'[8]Soy Complex'!AS$14 -> 93.788659 | ... AU14: =('[1]Mexico Soy Complex'!AW$13*36.7437/1000)+('[1]Canada Soy Complex'!BZ$13*36.7437/1000)+'[8]Soy Complex'!CD$14 -> 82.429797 | AV14: =('[1]Mexico Soy Complex'!AX$13*36.7437/1000)+('[1]Canada Soy Complex'!CK$13*36.7437/1000)+'[8]Soy Complex'!CE$14 -> 75.782862 | AW14: =('[1]Mexico Soy Complex'!BI$13*36.7437/1000)+('[1]Canada Soy Complex'!CL$13*36.7437/1000)+'[8]Soy Complex'!CF$14 -> 75.47054 | AX14: =('[1]Mexico Soy Complex'!BJ$13*36.7437/1000)+('[1]Canada Soy Complex'!CM$13*36.7437/1000)+'[8]Soy Complex'!CG$14 -> 71.323352 | AY14: =('[1]Mexico Soy Complex'!BK$13*36.7437/1000)+('[1]Canada Soy Complex'!CN$13*36.7437/1000)+'[8]Soy Complex'!CH$14 -> 99.010411 | AZ14: =('[1]Mexico Soy Complex'!BL$13*36.7437/1000)+('[1]Canada Soy Complex'!CO$13*36.7437/1000)+'[8]Soy Complex'!CI$14 -> 76.376442 | BA14: =('[1]Mexico Soy Complex'!BM$13*36.7437/1000)+('[1]Canada Soy Complex'!CP$13*36.7437/1000)+'[8]Soy Complex'!CJ$14 -> 100.06985 | BB14: =('[1]Mexico Soy Complex'!BN$13*36.7437/1000)+('[1]Canada Soy Complex'!CQ$13*36.7437/1000)+'[8]Soy Complex'!CK$14 -> 99.057676 | BC14: =('[1]Mexico Soy Complex'!BO$13*36.7437/1000)+('[1]Canada Soy Complex'!CR$13*36.7437/1000)+'[8]Soy Complex'!CL$14 -> 99.057676 | BD14: =('[1]Mexico Soy Complex'!BP$13*36.7437/1000)+('[1]Canada Soy Complex'!CS$13*36.7437/1000)+'[8]Soy Complex'!CM$14 -> 99.057676 | BE14: =('[1]Mexico Soy Complex'!BQ$13*36.7437/1000)+('[1]Canada Soy Complex'!CT$13*36.7437/1000)+'[8]Soy Complex'!CN$14 -> 99.057676
A15: Residual | B15: =B16-B12-B13-B14 -> -46.068449 | C15: =C16-C12-C13-C14 -> -40.483026 | D15: =D16-D12-D13-D14 -> -32.226733 | E15: =E16-E12-E13-E14 -> -7.5923362 | F15: =F16-F12-F13-F14 -> -52.998405 | G15: =G16-G12-G13-G14 -> -59.099124 | H15: =H16-H12-H13-H14 -> -70.804867 | I15: =I16-I12-I13-I14 -> -90.37369 | ... BE15: =BE16-BE12-BE13-BE14 -> 1168
A16: Total Use | B16: =B11-B17 -> 2416.2712 | C16: =C11-C17 -> 2525.695 | D16: =D11-D17 -> 2735.4548 | E16: =E11-E17 -> 2700.093 | F16: =F11-F17 -> 2821.131 | G16: =G11-G17 -> 2905.1711 | H16: =H11-H17 -> 2999.7694 | I16: =I11-I17 -> 2881.7474 | ... BE16: =BE11-BE17 -> 4667.0577
A17: Ending Stocks (August 31) | B17: =('[1]Mexico Soy Complex'!D$17*36.7437/1000)+('[1]Canada Soy Complex'!AG$16*36.7437/1000)+'[8]Soy Complex'!AK$17 -> 194.29739 | C17: =('[1]Mexico Soy Complex'!E$17*36.7437/1000)+('[1]Canada Soy Complex'!AH$16*36.7437/1000)+'[8]Soy Complex'!AL$17 -> 141.82729 | D17: =('[1]Mexico Soy Complex'!F$17*36.7437/1000)+('[1]Canada Soy Complex'!AI$16*36.7437/1000)+'[8]Soy Complex'!AM$17 -> 213.02673 | E17: =('[1]Mexico Soy Complex'!G$17*36.7437/1000)+('[1]Canada Soy Complex'!AJ$16*36.7437/1000)+'[8]Soy Complex'!AN$17 -> 360.90137 | F17: =('[1]Mexico Soy Complex'!H$17*36.7437/1000)+('[1]Canada Soy Complex'!AK$16*36.7437/1000)+'[8]Soy Complex'!AO$17 -> 306.10877 | G17: =('[1]Mexico Soy Complex'!I$17*36.7437/1000)+('[1]Canada Soy Complex'!AL$16*36.7437/1000)+'[8]Soy Complex'!AP$17 -> 269.82996 | H17: =('[1]Mexico Soy Complex'!J$17*36.7437/1000)+('[1]Canada Soy Complex'!AM$16*36.7437/1000)+'[8]Soy Complex'!AQ$17 -> 226.43285 | I17: =('[1]Mexico Soy Complex'!K$17*36.7437/1000)+('[1]Canada Soy Complex'!AN$16*36.7437/1000)+'[8]Soy Complex'!AR$17 -> 193.32043 | ... AU17: =('[1]Mexico Soy Complex'!AW$17*36.7437/1000)+('[1]Canada Soy Complex'!BZ$16*36.7437/1000)+'[8]Soy Complex'!CD$17 -> 9751.1769 | AV17: =('[1]Mexico Soy Complex'!AX$17*36.7437/1000)+('[1]Canada Soy Complex'!CK$16*36.7437/1000)+'[8]Soy Complex'!CE$17 -> 11200.227 | AW17: =('[1]Mexico Soy Complex'!BI$17*36.7437/1000)+('[1]Canada Soy Complex'!CL$16*36.7437/1000)+'[8]Soy Complex'!CF$17 -> 12721.595 | AX17: =('[1]Mexico Soy Complex'!BJ$17*36.7437/1000)+('[1]Canada Soy Complex'!CM$16*36.7437/1000)+'[8]Soy Complex'!CG$17 -> #VALUE! | AY17: =('[1]Mexico Soy Complex'!BK$17*36.7437/1000)+('[1]Canada Soy Complex'!CN$16*36.7437/1000)+'[8]Soy Complex'!CH$17 -> #VALUE! | AZ17: =('[1]Mexico Soy Complex'!BL$17*36.7437/1000)+('[1]Canada Soy Complex'!CO$16*36.7437/1000)+'[8]Soy Complex'!CI$17 -> 17556.143 | BA17: =('[1]Mexico Soy Complex'!BM$17*36.7437/1000)+('[1]Canada Soy Complex'!CP$16*36.7437/1000)+'[8]Soy Complex'!CJ$17 -> 19102.126 | BB17: =('[1]Mexico Soy Complex'!BN$17*36.7437/1000)+('[1]Canada Soy Complex'!CQ$16*36.7437/1000)+'[8]Soy Complex'!CK$17 -> 20609.641 | BC17: =('[1]Mexico Soy Complex'!BO$17*36.7437/1000)+('[1]Canada Soy Complex'!CR$16*36.7437/1000)+'[8]Soy Complex'!CL$17 -> 22177.675 | BD17: =('[1]Mexico Soy Complex'!BP$17*36.7437/1000)+('[1]Canada Soy Complex'!CS$16*36.7437/1000)+'[8]Soy Complex'!CM$17 -> 23806.229 | BE17: =('[1]Mexico Soy Complex'!BQ$17*36.7437/1000)+('[1]Canada Soy Complex'!CT$16*36.7437/1000)+'[8]Soy Complex'!CN$17 -> 25495.302
A18: Stocks/Use | B18: =B17/B16 -> 0.080412079 | C18: =C17/C16 -> 0.056153766 | D18: =D17/D16 -> 0.077876165 | E18: =E17/E16 -> 0.13366257 | F18: =F17/F16 -> 0.10850569 | G18: =G17/G16 -> 0.092879198 | H18: =H17/H16 -> 0.075483418 | I18: =I17/I16 -> 0.067084447 | ... BE18: =BE17/BE16 -> 5.4628212
A19: Futures Price ($/Bu.) | B19: ='[8]Soy Complex'!AK$19 -> #REF! | C19: ='[8]Soy Complex'!AL$19 -> #REF! | D19: ='[8]Soy Complex'!AM$19 -> #REF! | E19: ='[8]Soy Complex'!AN$19 -> #REF! | F19: ='[8]Soy Complex'!AO$19 -> #REF! | G19: ='[8]Soy Complex'!AP$19 -> #DIV/0! | H19: ='[8]Soy Complex'!AQ$19 -> #DIV/0! | I19: ='[8]Soy Complex'!AR$19 -> #DIV/0! | ... BE19: ='[8]Soy Complex'!CN$19 -> 0
A20: Central Illinois ($/Bu) | B20: ='[8]Soy Complex'!AK$20 -> #REF! | C20: ='[8]Soy Complex'!AL$20 -> #REF! | D20: ='[8]Soy Complex'!AM$20 -> #REF! | E20: ='[8]Soy Complex'!AN$20 -> #REF! | F20: ='[8]Soy Complex'!AO$20 -> #REF! | G20: ='[8]Soy Complex'!AP$20 -> #REF! | H20: ='[8]Soy Complex'!AQ$20 -> #REF! | I20: ='[8]Soy Complex'!AR$20 -> #REF! | ... BE20: ='[8]Soy Complex'!CN$20 -> 0
A22: NORTH AMERICAN SOYBEAN MEAL (000 Tons) | B22: =B3 -> #REF! | C22: =C3 -> #REF! | D22: =D3 -> 97/98 | E22: =E3 -> 98/99 | F22: =F3 -> 99/00 | G22: =G3 -> 00/01 | H22: =H3 -> 01/02 | I22: =I3 -> 02/03 | ... BE22: =BE3 -> 2050
B23: =B3 -> #REF! | C23: =C3 -> #REF! | D23: =D3 -> 97/98 | E23: =E3 -> 98/99 | F23: =F3 -> 99/00 | G23: =G3 -> 00/01 | H23: =H3 -> 01/02 | I23: =I3 -> 02/03 | ... AA23: =AA3 -> 2020
A24: Crush (October - September)
A25: Beginning Stocks (October 1) | B25: =(('[1]Canada Soy Complex'!AG$179+'[1]Mexico Soy Complex'!D$22)*1.102311)+('[8]Soy Complex'!AK$24) -> 394.2582 | C25: =(('[1]Canada Soy Complex'!AH$179+'[1]Mexico Soy Complex'!E$22)*1.102311)+('[8]Soy Complex'!AL$24) -> 377.74665 | D25: =(('[1]Canada Soy Complex'!AI$179+'[1]Mexico Soy Complex'!F$22)*1.102311)+('[8]Soy Complex'!AM$24) -> 380.3582 | E25: =(('[1]Canada Soy Complex'!AJ$179+'[1]Mexico Soy Complex'!G$22)*1.102311)+('[8]Soy Complex'!AN$24) -> 390.33609 | F25: =(('[1]Canada Soy Complex'!AK$179+'[1]Mexico Soy Complex'!H$22)*1.102311)+('[8]Soy Complex'!AO$24) -> 518.06031 | G25: =(('[1]Canada Soy Complex'!AL$179+'[1]Mexico Soy Complex'!I$22)*1.102311)+('[8]Soy Complex'!AP$24) -> 485.15327 | H25: =(('[1]Canada Soy Complex'!AM$179+'[1]Mexico Soy Complex'!J$22)*1.102311)+('[8]Soy Complex'!AQ$24) -> 566.92664 | I25: =(('[1]Canada Soy Complex'!AN$179+'[1]Mexico Soy Complex'!K$22)*1.102311)+('[8]Soy Complex'!AR$24) -> 407.55127 | ... AU25: =(('[1]Canada Soy Complex'!BZ$179+'[1]Mexico Soy Complex'!AW$22)*1.102311)+('[8]Soy Complex'!CD$24) -> -71094.727 | AV25: =(('[1]Canada Soy Complex'!CK$179+'[1]Mexico Soy Complex'!AX$22)*1.102311)+('[8]Soy Complex'!CE$24) -> -75555.799 | AW25: =(('[1]Canada Soy Complex'!CL$179+'[1]Mexico Soy Complex'!BI$22)*1.102311)+('[8]Soy Complex'!CF$24) -> -80540.27 | AX25: =(('[1]Canada Soy Complex'!CM$179+'[1]Mexico Soy Complex'!BJ$22)*1.102311)+('[8]Soy Complex'!CG$24) -> -85260.395 | AY25: =(('[1]Canada Soy Complex'!CN$179+'[1]Mexico Soy Complex'!BK$22)*1.102311)+('[8]Soy Complex'!CH$24) -> -89980.995 | AZ25: =(('[1]Canada Soy Complex'!CO$179+'[1]Mexico Soy Complex'!BL$22)*1.102311)+('[8]Soy Complex'!CI$24) -> -94601.07 | BA25: =(('[1]Canada Soy Complex'!CP$179+'[1]Mexico Soy Complex'!BM$22)*1.102311)+('[8]Soy Complex'!CJ$24) -> -98161.795 | BB25: =(('[1]Canada Soy Complex'!CQ$179+'[1]Mexico Soy Complex'!BN$22)*1.102311)+('[8]Soy Complex'!CK$24) -> -100761.82 | BC25: =(('[1]Canada Soy Complex'!CR$179+'[1]Mexico Soy Complex'!BO$22)*1.102311)+('[8]Soy Complex'!CL$24) -> -102300.05 | BD25: =(('[1]Canada Soy Complex'!CS$179+'[1]Mexico Soy Complex'!BP$22)*1.102311)+('[8]Soy Complex'!CM$24) -> -103639.25 | BE25: =(('[1]Canada Soy Complex'!CT$179+'[1]Mexico Soy Complex'!BQ$22)*1.102311)+('[8]Soy Complex'!CN$24) -> -104878.1
A26: Production | B26: =(((SUM('[1]Canada Soy Complex'!AG$100:AG$110,'[1]Canada Soy Complex'!AH$99)+'[1]Mexico Soy Complex'!D$23))*1.102311)+'[8]Soy Complex'!AK$25 -> 36098.051 | C26: =(((SUM('[1]Canada Soy Complex'!AH$100:AH$110,'[1]Canada Soy Complex'!AI$99)+'[1]Mexico Soy Complex'!E$23))*1.102311)+'[8]Soy Complex'!AL$25 -> 37866.471 | D26: =(((SUM('[1]Canada Soy Complex'!AI$100:AI$110,'[1]Canada Soy Complex'!AJ$99)+'[1]Mexico Soy Complex'!F$23))*1.102311)+'[8]Soy Complex'!AM$25 -> 42668.094 | E26: =(((SUM('[1]Canada Soy Complex'!AJ$100:AJ$110,'[1]Canada Soy Complex'!AK$99)+'[1]Mexico Soy Complex'!G$23))*1.102311)+'[8]Soy Complex'!AN$25 -> 42633.025 | F26: =(((SUM('[1]Canada Soy Complex'!AK$100:AK$110,'[1]Canada Soy Complex'!AL$99)+'[1]Mexico Soy Complex'!H$23))*1.102311)+'[8]Soy Complex'!AO$25 -> 42638.818 | G26: =(((SUM('[1]Canada Soy Complex'!AL$100:AL$110,'[1]Canada Soy Complex'!AM$99)+'[1]Mexico Soy Complex'!I$23))*1.102311)+'[8]Soy Complex'!AP$25 -> 44676.086 | H26: =(((SUM('[1]Canada Soy Complex'!AM$100:AM$110,'[1]Canada Soy Complex'!AN$99)+'[1]Mexico Soy Complex'!J$23))*1.102311)+'[8]Soy Complex'!AQ$25 -> 45658.014 | I26: =(((SUM('[1]Canada Soy Complex'!AN$100:AN$110,'[1]Canada Soy Complex'!AO$99)+'[1]Mexico Soy Complex'!K$23))*1.102311)+'[8]Soy Complex'!AR$25 -> 43459.088 | ... AT26: =(((SUM('[1]Canada Soy Complex'!BY$100:BY$110,'[1]Canada Soy Complex'!BZ$99)+'[1]Mexico Soy Complex'!AV$23))*1.102311)+'[8]Soy Complex'!CC$25 -> 82406.454 | AU26: =(((SUM('[1]Canada Soy Complex'!BZ$100:BZ$110,'[1]Canada Soy Complex'!CK$99)+'[1]Mexico Soy Complex'!AW$23))*1.102311)+'[8]Soy Complex'!CD$25 -> 82276.746 | AV26: =(((SUM('[1]Canada Soy Complex'!CK$100:CK$110,'[1]Canada Soy Complex'!CL$99)+'[1]Mexico Soy Complex'!AX$23))*1.102311)+'[8]Soy Complex'!CE$25 -> 79194.058 | AW26: =(((SUM('[1]Canada Soy Complex'!CL$100:CL$110,'[1]Canada Soy Complex'!CM$99)+'[1]Mexico Soy Complex'!BI$23))*1.102311)+'[8]Soy Complex'!CF$25 -> 73179.875 | AX26: =(((SUM('[1]Canada Soy Complex'!CM$100:CM$110,'[1]Canada Soy Complex'!CN$99)+'[1]Mexico Soy Complex'!BJ$23))*1.102311)+'[8]Soy Complex'!CG$25 -> 73179.4 | AY26: =(((SUM('[1]Canada Soy Complex'!CN$100:CN$110,'[1]Canada Soy Complex'!CO$99)+'[1]Mexico Soy Complex'!BK$23))*1.102311)+'[8]Soy Complex'!CH$25 -> 73179.925 | AZ26: =(((SUM('[1]Canada Soy Complex'!CO$100:CO$110,'[1]Canada Soy Complex'!CP$99)+'[1]Mexico Soy Complex'!BL$23))*1.102311)+'[8]Soy Complex'!CI$25 -> 75539.275 | BA26: =(((SUM('[1]Canada Soy Complex'!CP$100:CP$110,'[1]Canada Soy Complex'!CQ$99)+'[1]Mexico Soy Complex'!BM$23))*1.102311)+'[8]Soy Complex'!CJ$25 -> 77899.975 | BB26: =(((SUM('[1]Canada Soy Complex'!CQ$100:CQ$110,'[1]Canada Soy Complex'!CR$99)+'[1]Mexico Soy Complex'!BN$23))*1.102311)+'[8]Soy Complex'!CK$25 -> 80261.775 | BC26: =(((SUM('[1]Canada Soy Complex'!CR$100:CR$110,'[1]Canada Soy Complex'!CS$99)+'[1]Mexico Soy Complex'!BO$23))*1.102311)+'[8]Soy Complex'!CL$25 -> 80260.8 | BD26: =(((SUM('[1]Canada Soy Complex'!CS$100:CS$110,'[1]Canada Soy Complex'!CT$99)+'[1]Mexico Soy Complex'!BP$23))*1.102311)+'[8]Soy Complex'!CM$25 -> 80261.15 | BE26: =(((SUM('[1]Canada Soy Complex'!CT$100:CT$110,'[1]Canada Soy Complex'!CU$99)+'[1]Mexico Soy Complex'!BQ$23))*1.102311)+'[8]Soy Complex'!CN$25 -> 80260.8
A27: Imports | B27: ='Soy Meal Trade'!C32 -> 53.3668 | C27: ='Soy Meal Trade'!D32 -> 54.539489 | D27: ='Soy Meal Trade'!E32 -> 46.480228 | E27: ='Soy Meal Trade'!F32 -> 76.342836 | F27: ='Soy Meal Trade'!G32 -> 16.266369 | G27: ='Soy Meal Trade'!H32 -> 10.871839 | H27: ='Soy Meal Trade'!I32 -> 89.064228 | I27: ='Soy Meal Trade'!J32 -> 91.96353 | ... BE27: ='Soy Meal Trade'!BF32 -> 0
A28: Total Supply | B28: =SUM(B25:B27) -> 36545.676 | C28: =SUM(C25:C27) -> 38298.757 | D28: =SUM(D25:D27) -> 43094.933 | E28: =SUM(E25:E27) -> 43099.704 | F28: =SUM(F25:F27) -> 43173.145 | G28: =SUM(G25:G27) -> 45172.111 | H28: =SUM(H25:H27) -> 46314.005 | I28: =SUM(I25:I27) -> 43958.603 | ... BE28: =SUM(BE25:BE27) -> -24617.295
A29: Domestic Usage | B29: =B31-B30 -> 30506.865 | C29: =C31-C30 -> 32650.378 | D29: =D31-D30 -> 36595.095 | E29: =E31-E30 -> 33968.18 | F29: =F31-F30 -> 36112.099 | G29: =G31-G30 -> 38235.12 | H29: =H31-H30 -> 39449.811 | I29: =I31-I30 -> 37337.99 | ... BE29: =BE31-BE30 -> 81400
A30: Exports | B30: ='Soy Meal Trade'!C33 -> 5661.064 | C30: ='Soy Meal Trade'!D33 -> 5268.0204 | D30: ='Soy Meal Trade'!E33 -> 6109.5021 | E30: ='Soy Meal Trade'!F33 -> 8613.4634 | F30: ='Soy Meal Trade'!G33 -> 6575.8932 | G30: ='Soy Meal Trade'!H33 -> 6370.0645 | H30: ='Soy Meal Trade'!I33 -> 6456.6426 | I30: ='Soy Meal Trade'!J33 -> 6224.3343 | ... BE30: ='Soy Meal Trade'!BF33 -> 0
A31: Total Use | B31: =B28-B32 -> 36167.929 | C31: =C28-C32 -> 37918.399 | D31: =D28-D32 -> 42704.597 | E31: =E28-E32 -> 42581.644 | F31: =F28-F32 -> 42687.992 | G31: =G28-G32 -> 44605.184 | H31: =H28-H32 -> 45906.454 | I31: =I28-I32 -> 43562.325 | ... BE31: =BE28-BE32 -> 81400
A32: Ending Stocks (September 30) | B32: =(('[1]Canada Soy Complex'!AH$179+'[1]Mexico Soy Complex'!D$29)*1.102311)+'[8]Soy Complex'!AK$31 -> 377.74665 | C32: =(('[1]Canada Soy Complex'!AI$179+'[1]Mexico Soy Complex'!E$29)*1.102311)+'[8]Soy Complex'!AL$31 -> 380.3582 | D32: =(('[1]Canada Soy Complex'!AJ$179+'[1]Mexico Soy Complex'!F$29)*1.102311)+'[8]Soy Complex'!AM$31 -> 390.33609 | E32: =(('[1]Canada Soy Complex'!AK$179+'[1]Mexico Soy Complex'!G$29)*1.102311)+'[8]Soy Complex'!AN$31 -> 518.06031 | F32: =(('[1]Canada Soy Complex'!AL$179+'[1]Mexico Soy Complex'!H$29)*1.102311)+'[8]Soy Complex'!AO$31 -> 485.15327 | G32: =(('[1]Canada Soy Complex'!AM$179+'[1]Mexico Soy Complex'!I$29)*1.102311)+'[8]Soy Complex'!AP$31 -> 566.92664 | H32: =(('[1]Canada Soy Complex'!AN$179+'[1]Mexico Soy Complex'!J$29)*1.102311)+'[8]Soy Complex'!AQ$31 -> 407.55127 | I32: =(('[1]Canada Soy Complex'!AO$179+'[1]Mexico Soy Complex'!K$29)*1.102311)+'[8]Soy Complex'!AR$31 -> 396.2779 | ... AT32: =(('[1]Canada Soy Complex'!BZ$179+'[1]Mexico Soy Complex'!AV$29)*1.102311)+'[8]Soy Complex'!CC$31 -> -71094.727 | AU32: =(('[1]Canada Soy Complex'!CK$179+'[1]Mexico Soy Complex'!AW$29)*1.102311)+'[8]Soy Complex'!CD$31 -> -75555.799 | AV32: =(('[1]Canada Soy Complex'!CL$179+'[1]Mexico Soy Complex'!AX$29)*1.102311)+'[8]Soy Complex'!CE$31 -> -80373.821 | AW32: =(('[1]Canada Soy Complex'!CM$179+'[1]Mexico Soy Complex'!BI$29)*1.102311)+'[8]Soy Complex'!CF$31 -> -85260.395 | AX32: =(('[1]Canada Soy Complex'!CN$179+'[1]Mexico Soy Complex'!BJ$29)*1.102311)+'[8]Soy Complex'!CG$31 -> -89980.995 | AY32: =(('[1]Canada Soy Complex'!CO$179+'[1]Mexico Soy Complex'!BK$29)*1.102311)+'[8]Soy Complex'!CH$31 -> -94601.07 | AZ32: =(('[1]Canada Soy Complex'!CP$179+'[1]Mexico Soy Complex'!BL$29)*1.102311)+'[8]Soy Complex'!CI$31 -> -98161.795 | BA32: =(('[1]Canada Soy Complex'!CQ$179+'[1]Mexico Soy Complex'!BM$29)*1.102311)+'[8]Soy Complex'!CJ$31 -> -100761.82 | BB32: =(('[1]Canada Soy Complex'!CR$179+'[1]Mexico Soy Complex'!BN$29)*1.102311)+'[8]Soy Complex'!CK$31 -> -102300.05 | BC32: =(('[1]Canada Soy Complex'!CS$179+'[1]Mexico Soy Complex'!BO$29)*1.102311)+'[8]Soy Complex'!CL$31 -> -103639.25 | BD32: =(('[1]Canada Soy Complex'!CT$179+'[1]Mexico Soy Complex'!BP$29)*1.102311)+'[8]Soy Complex'!CM$31 -> -104878.1 | BE32: =(('[1]Canada Soy Complex'!CU$179+'[1]Mexico Soy Complex'!BQ$29)*1.102311)+'[8]Soy Complex'!CN$31 -> -106017.3
A33: Decatur Illinois (48%, $/Ton) | B33: ='[8]Soy Complex'!AK$32 -> #REF! | C33: ='[8]Soy Complex'!AL$32 -> #REF! | D33: ='[8]Soy Complex'!AM$32 -> #REF! | E33: ='[8]Soy Complex'!AN$32 -> #REF! | F33: ='[8]Soy Complex'!AO$32 -> #REF! | G33: ='[8]Soy Complex'!AP$32 -> #REF! | H33: ='[8]Soy Complex'!AQ$32 -> #REF! | I33: ='[8]Soy Complex'!AR$32 -> #REF! | ... BE33: ='[8]Soy Complex'!CN$32 -> #REF!
A35: NORTH AMERICAN SOYBEAN OIL (million pounds) | B35: =B3 -> #REF! | C35: =C3 -> #REF! | D35: =D3 -> 97/98 | E35: =E3 -> 98/99 | F35: =F3 -> 99/00 | G35: =G3 -> 00/01 | H35: =H3 -> 01/02 | I35: =I3 -> 02/03 | ... BE35: =BE3 -> 2050
B36: =B3 -> #REF! | C36: =C3 -> #REF! | D36: =D3 -> 97/98 | E36: =E3 -> 98/99 | F36: =F3 -> 99/00 | G36: =G3 -> 00/01 | H36: =H3 -> 01/02 | I36: =I3 -> 02/03 | ... BE36: =BE3 -> 2050
A37: Beginning Stocks (October 1) | B37: =B75+B93+B110 -> 1180.7924 | C37: =C75+C93+C110 -> 2052.8786 | D37: =D75+D93+D110 -> 1557.7623 | E37: =E75+E93+E110 -> 1416.7554 | F37: =F75+F93+F110 -> 1546.3229 | G37: =G75+G93+G110 -> 2044.0226 | H37: =H75+H93+H110 -> 2837.5479 | I37: =I75+I93+I110 -> 2630.8708 | ... BE37: =BE75+BE93+BE110 -> 24787.689
A38: Production | B38: =B76+B94+B111 -> 16818.713 | C38: =C76+C94+C111 -> 17329.296 | D38: =D76+D94+D111 -> 20074.431 | E38: =E76+E94+E111 -> 20203.305 | F38: =F76+F94+F111 -> 20047.688 | G38: =G76+G94+G111 -> 20806.061 | H38: =H76+H94+H111 -> 21349.539 | I38: =I76+I94+I111 -> 20848.2 | ... BE38: =BE76+BE94+BE111 -> 44357.545
A39: Imports | B39: ='Soy Oil Trade'!C32 -> 18.054311 | C39: ='Soy Oil Trade'!D32 -> 14.111565 | D39: ='Soy Oil Trade'!E32 -> 0.92748448 | E39: ='Soy Oil Trade'!F32 -> 0.16336249 | F39: ='Soy Oil Trade'!G32 -> 0.10890833 | G39: ='Soy Oil Trade'!H32 -> 0.21318695 | H39: ='Soy Oil Trade'!I32 -> 0.16931497 | I39: ='Soy Oil Trade'!J32 -> 0.71363614 | ... BE39: ='Soy Oil Trade'!BF32 -> 2654.1197
A40: Total Supply | B40: =SUM(B37:B39) -> 18017.56 | C40: =SUM(C37:C39) -> 19396.286 | D40: =SUM(D37:D39) -> 21633.121 | E40: =SUM(E37:E39) -> 21620.224 | F40: =SUM(F37:F39) -> 21594.12 | G40: =SUM(G37:G39) -> 22850.297 | H40: =SUM(H37:H39) -> 24187.256 | I40: =SUM(I37:I39) -> 23479.784 | ... BE40: =SUM(BE37:BE39) -> 71799.354
A41: Domestic Use | B41: =B50-B49 -> #REF! | C41: =C50-C49 -> #REF! | D41: =D50-D49 -> #REF! | E41: =E50-E49 -> #REF! | F41: =F50-F49 -> #REF! | G41: =G50-G49 -> #REF! | H41: =H50-H49 -> #REF! | I41: =I50-I49 -> #REF! | ... BE41: =BE50-BE49 -> 6211.1962
A42: Biomass-Based Diesel Feedstock | B42: =B43+B44 -> 0 | C42: =C43+C44 -> 0 | D42: =D43+D44 -> 0 | E42: =E43+E44 -> 0 | F42: =F43+F44 -> 22.04622 | G42: =G43+G44 -> 26.455464 | H42: =H43+H44 -> 26.455464 | I42: =I43+I44 -> 22.04622 | ... BE42: =BE43+BE44 -> 23376.048
A43: Biodiesel | B43: =B81+B99+B116 -> 0 | C43: =C81+C99+C116 -> 0 | D43: =D81+D99+D116 -> 0 | E43: =E81+E99+E116 -> 0 | F43: =F81+F99+F116 -> 11.02311 | G43: =G81+G99+G116 -> 13.227732 | H43: =H81+H99+H116 -> 13.227732 | I43: =I81+I99+I116 -> 11.02311 | ... BE43: =BE81+BE99+BE116 -> 507.11066
A44: Renewable Diesel | B44: =B82+B100+B117 -> 0 | C44: =C82+C100+C117 -> 0 | D44: =D82+D100+D117 -> 0 | E44: =E82+E100+E117 -> 0 | F44: =F82+F100+F117 -> 11.02311 | G44: =G82+G100+G117 -> 13.227732 | H44: =H82+H100+H117 -> 13.227732 | I44: =I82+I100+I117 -> 11.02311 | ... BE44: =BE82+BE100+BE117 -> 22868.938
A45: Non-Biofuel Use | B45: =B41-B42 -> #REF! | C45: =C41-C42 -> #REF! | D45: =D41-D42 -> #REF! | E45: =E41-E42 -> #REF! | F45: =F41-F42 -> #REF! | G45: =G41-G42 -> #REF! | H45: =H41-H42 -> #REF! | I45: =I41-I42 -> #REF! | ... BE45: =BE41-BE42 -> -17164.852
A46: Food Use | B46: =(('[1]Mexico Soy Complex'!D$39+SUM('[1]Canada Soy Complex'!AG$387:AG$397,'[1]Canada Soy Complex'!AH$386))*2204.622/1000)+'[8]Soy Complex'!AK$843 -> 1465.9527 | C46: =(('[1]Mexico Soy Complex'!E$39+SUM('[1]Canada Soy Complex'!AH$387:AH$397,'[1]Canada Soy Complex'!AI$386))*2204.622/1000)+'[8]Soy Complex'!AL$843 -> 1813.8225 | D46: =(('[1]Mexico Soy Complex'!F$39+SUM('[1]Canada Soy Complex'!AI$387:AI$397,'[1]Canada Soy Complex'!AJ$386))*2204.622/1000)+'[8]Soy Complex'!AM$843 -> 2052.7297 | E46: =(('[1]Mexico Soy Complex'!G$39+SUM('[1]Canada Soy Complex'!AJ$387:AJ$397,'[1]Canada Soy Complex'!AK$386))*2204.622/1000)+'[8]Soy Complex'!AN$843 -> 2250.6457 | F46: =(('[1]Mexico Soy Complex'!H$39+SUM('[1]Canada Soy Complex'!AK$387:AK$397,'[1]Canada Soy Complex'!AL$386))*2204.622/1000)+'[8]Soy Complex'!AO$843 -> 2369.823 | G46: =(('[1]Mexico Soy Complex'!I$39+SUM('[1]Canada Soy Complex'!AL$387:AL$397,'[1]Canada Soy Complex'!AM$386))*2204.622/1000)+'[8]Soy Complex'!AP$843 -> 2497.0235 | H46: =(('[1]Mexico Soy Complex'!J$39+SUM('[1]Canada Soy Complex'!AM$387:AM$397,'[1]Canada Soy Complex'!AN$386))*2204.622/1000)+'[8]Soy Complex'!AQ$843 -> 2706.9191 | I46: =(('[1]Mexico Soy Complex'!K$39+SUM('[1]Canada Soy Complex'!AN$387:AN$397,'[1]Canada Soy Complex'!AO$386))*2204.622/1000)+'[8]Soy Complex'!AR$843 -> 2903.6651 | ... AT46: =(('[1]Mexico Soy Complex'!AV$39+SUM('[1]Canada Soy Complex'!BY$387:BY$397,'[1]Canada Soy Complex'!BZ$386))*2204.622/1000)+'[8]Soy Complex'!CC$843 -> 4739.8162 | AU46: =(('[1]Mexico Soy Complex'!AW$39+SUM('[1]Canada Soy Complex'!BZ$387:BZ$397,'[1]Canada Soy Complex'!CK$386))*2204.622/1000)+'[8]Soy Complex'!CD$843 -> 4762.7934 | AV46: =(('[1]Mexico Soy Complex'!AX$39+SUM('[1]Canada Soy Complex'!CK$387:CK$397,'[1]Canada Soy Complex'!CL$386))*2204.622/1000)+'[8]Soy Complex'!CE$843 -> 4254.9205 | AW46: =(('[1]Mexico Soy Complex'!BI$39+SUM('[1]Canada Soy Complex'!CL$387:CL$397,'[1]Canada Soy Complex'!CM$386))*2204.622/1000)+'[8]Soy Complex'!CF$843 -> 0 | AX46: =(('[1]Mexico Soy Complex'!BJ$39+SUM('[1]Canada Soy Complex'!CM$387:CM$397,'[1]Canada Soy Complex'!CN$386))*2204.622/1000)+'[8]Soy Complex'!CG$843 -> #VALUE! | AY46: =(('[1]Mexico Soy Complex'!BK$39+SUM('[1]Canada Soy Complex'!CN$387:CN$397,'[1]Canada Soy Complex'!CO$386))*2204.622/1000)+'[8]Soy Complex'!CH$843 -> 0 | AZ46: =(('[1]Mexico Soy Complex'!BL$39+SUM('[1]Canada Soy Complex'!CO$387:CO$397,'[1]Canada Soy Complex'!CP$386))*2204.622/1000)+'[8]Soy Complex'!CI$843 -> 0 | BA46: =(('[1]Mexico Soy Complex'!BM$39+SUM('[1]Canada Soy Complex'!CP$387:CP$397,'[1]Canada Soy Complex'!CQ$386))*2204.622/1000)+'[8]Soy Complex'!CJ$843 -> 0 | BB46: =(('[1]Mexico Soy Complex'!BN$39+SUM('[1]Canada Soy Complex'!CQ$387:CQ$397,'[1]Canada Soy Complex'!CR$386))*2204.622/1000)+'[8]Soy Complex'!CK$843 -> 0 | BC46: =(('[1]Mexico Soy Complex'!BO$39+SUM('[1]Canada Soy Complex'!CR$387:CR$397,'[1]Canada Soy Complex'!CS$386))*2204.622/1000)+'[8]Soy Complex'!CL$843 -> 0 | BD46: =(('[1]Mexico Soy Complex'!BP$39+SUM('[1]Canada Soy Complex'!CS$387:CS$397,'[1]Canada Soy Complex'!CT$386))*2204.622/1000)+'[8]Soy Complex'!CM$843 -> 0 | BE46: =(('[1]Mexico Soy Complex'!BQ$39+SUM('[1]Canada Soy Complex'!CT$387:CT$397,'[1]Canada Soy Complex'!CU$386))*2204.622/1000)+'[8]Soy Complex'!CN$843 -> 0
A47: Feed Use | B47: =(('[1]Mexico Soy Complex'!D$40+SUM('[1]Canada Soy Complex'!AG$403:AG$413,'[1]Canada Soy Complex'!AH$402))*2204.622/1000)+'[8]Soy Complex'!AK$862 -> 161.22173 | C47: =(('[1]Mexico Soy Complex'!E$40+SUM('[1]Canada Soy Complex'!AH$403:AH$413,'[1]Canada Soy Complex'!AI$402))*2204.622/1000)+'[8]Soy Complex'!AL$862 -> 74.359773 | D47: =(('[1]Mexico Soy Complex'!F$40+SUM('[1]Canada Soy Complex'!AI$403:AI$413,'[1]Canada Soy Complex'!AJ$402))*2204.622/1000)+'[8]Soy Complex'!AM$862 -> 83.266414 | E47: =(('[1]Mexico Soy Complex'!G$40+SUM('[1]Canada Soy Complex'!AJ$403:AJ$413,'[1]Canada Soy Complex'!AK$402))*2204.622/1000)+'[8]Soy Complex'!AN$862 -> 22.345677 | F47: =(('[1]Mexico Soy Complex'!H$40+SUM('[1]Canada Soy Complex'!AK$403:AK$413,'[1]Canada Soy Complex'!AL$402))*2204.622/1000)+'[8]Soy Complex'!AO$862 -> 19.728386 | G47: =(('[1]Mexico Soy Complex'!I$40+SUM('[1]Canada Soy Complex'!AL$403:AL$413,'[1]Canada Soy Complex'!AM$402))*2204.622/1000)+'[8]Soy Complex'!AP$862 -> 76.890556 | H47: =(('[1]Mexico Soy Complex'!J$40+SUM('[1]Canada Soy Complex'!AM$403:AM$413,'[1]Canada Soy Complex'!AN$402))*2204.622/1000)+'[8]Soy Complex'!AQ$862 -> 50.19291 | I47: =(('[1]Mexico Soy Complex'!K$40+SUM('[1]Canada Soy Complex'!AN$403:AN$413,'[1]Canada Soy Complex'!AO$402))*2204.622/1000)+'[8]Soy Complex'!AR$862 -> 2.2137435 | ... AT47: =(('[1]Mexico Soy Complex'!AV$40+SUM('[1]Canada Soy Complex'!BY$403:BY$413,'[1]Canada Soy Complex'!BZ$402))*2204.622/1000)+'[8]Soy Complex'!CC$862 -> 271.5578 | AU47: =(('[1]Mexico Soy Complex'!AW$40+SUM('[1]Canada Soy Complex'!BZ$403:BZ$413,'[1]Canada Soy Complex'!CK$402))*2204.622/1000)+'[8]Soy Complex'!CD$862 -> 252.97706 | AV47: =(('[1]Mexico Soy Complex'!AX$40+SUM('[1]Canada Soy Complex'!CK$403:CK$413,'[1]Canada Soy Complex'!CL$402))*2204.622/1000)+'[8]Soy Complex'!CE$862 -> 0.32125797 | AW47: =(('[1]Mexico Soy Complex'!BI$40+SUM('[1]Canada Soy Complex'!CL$403:CL$413,'[1]Canada Soy Complex'!CM$402))*2204.622/1000)+'[8]Soy Complex'!CF$862 -> 0 | AX47: =(('[1]Mexico Soy Complex'!BJ$40+SUM('[1]Canada Soy Complex'!CM$403:CM$413,'[1]Canada Soy Complex'!CN$402))*2204.622/1000)+'[8]Soy Complex'!CG$862 -> 0 | AY47: =(('[1]Mexico Soy Complex'!BK$40+SUM('[1]Canada Soy Complex'!CN$403:CN$413,'[1]Canada Soy Complex'!CO$402))*2204.622/1000)+'[8]Soy Complex'!CH$862 -> 0 | AZ47: =(('[1]Mexico Soy Complex'!BL$40+SUM('[1]Canada Soy Complex'!CO$403:CO$413,'[1]Canada Soy Complex'!CP$402))*2204.622/1000)+'[8]Soy Complex'!CI$862 -> 0 | BA47: =(('[1]Mexico Soy Complex'!BM$40+SUM('[1]Canada Soy Complex'!CP$403:CP$413,'[1]Canada Soy Complex'!CQ$402))*2204.622/1000)+'[8]Soy Complex'!CJ$862 -> 0 | BB47: =(('[1]Mexico Soy Complex'!BN$40+SUM('[1]Canada Soy Complex'!CQ$403:CQ$413,'[1]Canada Soy Complex'!CR$402))*2204.622/1000)+'[8]Soy Complex'!CK$862 -> 0 | BC47: =(('[1]Mexico Soy Complex'!BO$40+SUM('[1]Canada Soy Complex'!CR$403:CR$413,'[1]Canada Soy Complex'!CS$402))*2204.622/1000)+'[8]Soy Complex'!CL$862 -> 0 | BD47: =(('[1]Mexico Soy Complex'!BP$40+SUM('[1]Canada Soy Complex'!CS$403:CS$413,'[1]Canada Soy Complex'!CT$402))*2204.622/1000)+'[8]Soy Complex'!CM$862 -> 0 | BE47: =(('[1]Mexico Soy Complex'!BQ$40+SUM('[1]Canada Soy Complex'!CT$403:CT$413,'[1]Canada Soy Complex'!CU$402))*2204.622/1000)+'[8]Soy Complex'!CN$862 -> 0
A48: Residual Use | B48: =B45-B46-B47 -> #REF! | C48: =C45-C46-C47 -> #REF! | D48: =D45-D46-D47 -> #REF! | E48: =E45-E46-E47 -> #REF! | F48: =F45-F46-F47 -> #REF! | G48: =G45-G46-G47 -> #REF! | H48: =H45-H46-H47 -> #REF! | I48: =I45-I46-I47 -> #REF! | ... BE48: =BE45-BE46-BE47 -> -17164.852
A49: Exports | B49: ='Soy Oil Trade'!C33 -> 14303.343 | C49: ='Soy Oil Trade'!D33 -> 16005.993 | D49: ='Soy Oil Trade'!E33 -> 18074.989 | E49: ='Soy Oil Trade'!F33 -> 17803.239 | F49: ='Soy Oil Trade'!G33 -> 17150.579 | G49: ='Soy Oil Trade'!H33 -> 17449.653 | H49: ='Soy Oil Trade'!I33 -> 18814.248 | I49: ='Soy Oil Trade'!J33 -> 18657.706 | ... BE49: ='Soy Oil Trade'!BF33 -> 39431.15
A50: Total Use | B50: =B40-B51 -> #REF! | C50: =C40-C51 -> #REF! | D50: =D40-D51 -> #REF! | E50: =E40-E51 -> #REF! | F50: =F40-F51 -> #REF! | G50: =G40-G51 -> #REF! | H50: =H40-H51 -> #REF! | I50: =I40-I51 -> #REF! | ... BE50: =BE40-BE51 -> 45642.346
A51: Ending Stocks (September 30) | B51: =B88+B106+B123 -> #REF! | C51: =C88+C106+C123 -> #REF! | D51: =D88+D106+D123 -> #REF! | E51: =E88+E106+E123 -> #REF! | F51: =F88+F106+F123 -> #REF! | G51: =G88+G106+G123 -> #REF! | H51: =H88+H106+H123 -> #REF! | I51: =I88+I106+I123 -> #REF! | ... BE51: =BE88+BE106+BE123 -> 26157.008
A52: Decatur Illinois (crude, ₵/lb)
A53: Bold numbers are Jacobsen Estimates and Forecasts - | B53: =B103+B120 -> 161.22173 | C53: =C103+C120 -> 74.359773 | D53: =D103+D120 -> 83.266414 | E53: =E103+E120 -> 22.345677 | F53: =F103+F120 -> 19.728386 | G53: =G103+G120 -> 76.890556 | H53: =H103+H120 -> 50.19291 | I53: =I103+I120 -> 2.2137435 | ... T53: =T103+T120 -> 4.392456
A54: Residual use is the difference in the intraregional trade balance (intraregional imports - intraregional exports)
A56: NORTH AMERICAN SOYBEAN OIL SUPPLY AND DEMAND NON-TRADE ADJUSTED (million pounds)
B57: =B3 -> #REF! | C57: =C3 -> #REF! | D57: =D3 -> 97/98 | E57: =E3 -> 98/99 | F57: =F3 -> 99/00 | G57: =G3 -> 00/01 | H57: =H3 -> 01/02 | I57: =I3 -> 02/03 | ... BE57: =BE3 -> 2050
A58: Beginning Stocks (October 1) | B58: =B75+B93+B110 -> 1180.7924 | C58: =C75+C93+C110 -> 2052.8786 | D58: =D75+D93+D110 -> 1557.7623 | E58: =E75+E93+E110 -> 1416.7554 | F58: =F75+F93+F110 -> 1546.3229 | G58: =G75+G93+G110 -> 2044.0226 | H58: =H75+H93+H110 -> 2837.5479 | I58: =I75+I93+I110 -> 2630.8708 | ... BE58: =BE75+BE93+BE110 -> 24787.689
A59: Production | B59: =B76+B94+B111 -> 16818.713 | C59: =C76+C94+C111 -> 17329.296 | D59: =D76+D94+D111 -> 20074.431 | E59: =E76+E94+E111 -> 20203.305 | F59: =F76+F94+F111 -> 20047.688 | G59: =G76+G94+G111 -> 20806.061 | H59: =H76+H94+H111 -> 21349.539 | I59: =I76+I94+I111 -> 20848.2 | ... BE59: =BE76+BE94+BE111 -> 44357.545
A60: Imports | B60: =B77+B95+B112 -> 330.66993 | C60: =C77+C95+C112 -> 429.79459 | D60: =D77+D95+D112 -> 340.34271 | E60: =E77+E95+E112 -> 338.37883 | F60: =F77+F95+F112 -> 393.16942 | G60: =G77+G95+G112 -> 377.07943 | H60: =H77+H95+H112 -> 621.28739 | I60: =I77+I95+I112 -> 719.4731 | ... BE60: =BE77+BE95+BE112 -> 3015.1169
A61: Total Supply | B61: =SUM(B58:B60) -> 18330.176 | C61: =SUM(C58:C60) -> 19811.969 | D61: =SUM(D58:D60) -> 21972.537 | E61: =SUM(E58:E60) -> 21958.44 | F61: =SUM(F58:F60) -> 21987.18 | G61: =SUM(G58:G60) -> 23227.163 | H61: =SUM(H58:H60) -> 24808.374 | I61: =SUM(I58:I60) -> 24198.544 | ... BE61: =SUM(BE58:BE60) -> 72160.351
A62: Domestic Use | B62: =B70-B69 -> #REF! | C62: =C70-C69 -> #REF! | D62: =D70-D69 -> #REF! | E62: =E70-E69 -> #REF! | F62: =F70-F69 -> #REF! | G62: =G70-G69 -> #REF! | H62: =H70-H69 -> #REF! | I62: =I70-I69 -> #REF! | ... BE62: =BE70-BE69 -> 45260.836
A63: Biomass-Based Diesel Feedstock | B63: =B64+B65 -> 0 | C63: =C64+C65 -> 0 | D63: =D64+D65 -> 0 | E63: =E64+E65 -> 0 | F63: =F64+F65 -> 22.04622 | G63: =G64+G65 -> 26.455464 | H63: =H64+H65 -> 26.455464 | I63: =I64+I65 -> 22.04622 | ... X63: =X64+X65 -> 19.935023 | Y63: =SUM(Y64:Y65) -> 8681.4525 | Z63: =SUM(Z64:Z65) -> 9417.0973 | AA63: =SUM(AA64:AA65) -> 10760.857 | AB63: =SUM(AB64:AB65) -> 9197.5595 | AC63: =SUM(AC64:AC65) -> 10540.047 | AD63: =SUM(AD64:AD65) -> 13041.365 | AE63: =SUM(AE64:AE65) -> 13280.928 | AF63: =SUM(AF64:AF65) -> 12194.743 | ... BE63: =SUM(BE64:BE65) -> 23376.048
A64: Biodiesel | B64: =B81+B99+B116 -> 0 | C64: =C81+C99+C116 -> 0 | D64: =D81+D99+D116 -> 0 | E64: =E81+E99+E116 -> 0 | F64: =F81+F99+F116 -> 11.02311 | G64: =G81+G99+G116 -> 13.227732 | H64: =H81+H99+H116 -> 13.227732 | I64: =I81+I99+I116 -> 11.02311 | ... BE64: =BE81+BE99+BE116 -> 507.11066
A65: Renewable Diesel/SAF | B65: =B82+B100+B117 -> 0 | C65: =C82+C100+C117 -> 0 | D65: =D82+D100+D117 -> 0 | E65: =E82+E100+E117 -> 0 | F65: =F82+F100+F117 -> 11.02311 | G65: =G82+G100+G117 -> 13.227732 | H65: =H82+H100+H117 -> 13.227732 | I65: =I82+I100+I117 -> 11.02311 | ... BE65: =BE82+BE100+BE117 -> 22868.938
A66: Non-Biofuel Use | B66: =B62-B63 -> #REF! | C66: =C62-C63 -> #REF! | D66: =D62-D63 -> #REF! | E66: =E62-E63 -> #REF! | F66: =F62-F63 -> #REF! | G66: =G62-G63 -> #REF! | H66: =H62-H63 -> #REF! | I66: =I62-I63 -> #REF! | ... BE66: =BE62-BE63 -> 21884.787
A67: Food Use | B67: =B84+B102+B119 -> 1465.9527 | C67: =C84+C102+C119 -> 1813.8225 | D67: =D84+D102+D119 -> 2052.7297 | E67: =E84+E102+E119 -> 2250.6457 | F67: =F84+F102+F119 -> 2369.823 | G67: =G84+G102+G119 -> 2497.0235 | H67: =H84+H102+H119 -> 2706.9191 | I67: =I84+I102+I119 -> 2903.6651 | ... BE67: =BE84+BE102+BE119 -> 5642.3122
A68: Feed Use | B68: =B85+B103+B120 -> 161.22173 | C68: =C85+C103+C120 -> 74.359773 | D68: =D85+D103+D120 -> 83.266414 | E68: =E85+E103+E120 -> 22.345677 | F68: =F85+F103+F120 -> 19.728386 | G68: =G85+G103+G120 -> 76.890556 | H68: =H85+H103+H120 -> 50.19291 | I68: =I85+I103+I120 -> 2.2137435 | ... BE68: =BE85+BE103+BE120 -> 294.88803
A69: Exports | B69: =B86+B104+B121 -> 14651.073 | C69: =C86+C104+C121 -> 16366.975 | D69: =D86+D104+D121 -> 18420.735 | E69: =E86+E104+E121 -> 18140.075 | F69: =F86+F104+F121 -> 17543.533 | G69: =G86+G104+G121 -> 17803.423 | H69: =H86+H104+H121 -> 19408.113 | I69: =I86+I104+I121 -> 19413.778 | ... BE69: =BE86+BE104+BE121 -> 742.50777
A70: Total Use | B70: =B61-B71 -> #REF! | C70: =C61-C71 -> #REF! | D70: =D61-D71 -> #REF! | E70: =E61-E71 -> #REF! | F70: =F61-F71 -> #REF! | G70: =G61-G71 -> #REF! | H70: =H61-H71 -> #REF! | I70: =I61-I71 -> #REF! | ... BE70: =BE61-BE71 -> 46003.343
A71: Ending Stocks (September 30) | B71: =B88+B106+B123 -> #REF! | C71: =C88+C106+C123 -> #REF! | D71: =D88+D106+D123 -> #REF! | E71: =E88+E106+E123 -> #REF! | F71: =F88+F106+F123 -> #REF! | G71: =G88+G106+G123 -> #REF! | H71: =H88+H106+H123 -> #REF! | I71: =I88+I106+I123 -> #REF! | ... BE71: =BE88+BE106+BE123 -> 26157.008
A73: US SOYBEAN OIL SUPPLY AND DEMAND (million pounds)
B74: =B57 -> #REF! | C74: =C57 -> #REF! | D74: =D57 -> 97/98 | E74: =E57 -> 98/99 | F74: =F57 -> 99/00 | G74: =G57 -> 00/01 | H74: =H57 -> 01/02 | I74: =I57 -> 02/03 | ... BE74: =BE57 -> 2050
A75: Beginning Stocks (October 1) | B75: ='[8]Soy Complex'!AK34 -> 1136.7 | C75: ='[8]Soy Complex'!AL34 -> 2015.4 | D75: ='[8]Soy Complex'!AM34 -> 1520.1 | E75: ='[8]Soy Complex'!AN34 -> 1382.4 | F75: ='[8]Soy Complex'!AO34 -> 1519.5 | G75: ='[8]Soy Complex'!AP34 -> 1993.5 | H75: ='[8]Soy Complex'!AQ34 -> 2767 | I75: ='[8]Soy Complex'!AR34 -> 2358.6 | ... X75: ='[8]Soy Complex'!BG34 -> 1710.954 | Y75: ='[8]Soy Complex'!BG$485 -> 1950.674 | Z75: ='[8]Soy Complex'!BH$485 -> 1945.848 | AA75: ='[8]Soy Complex'!BI$485 -> 2134.064 | AB75: ='[8]Soy Complex'!BJ$485 -> 2110.786 | AC75: ='[8]Soy Complex'!BK$485 -> 2465.891 | AD75: ='[8]Soy Complex'!BL$485 -> 2306.147 | AE75: ='[8]Soy Complex'!BM$485 -> 1823.834 | AF75: ='[8]Soy Complex'!BN$485 -> 1687.196 | ... BE75: ='[8]Soy Complex'!CM$485 -> 24398.39
A76: Production | B76: ='[8]Soy Complex'!AK$35 -> 15240.1 | C76: ='[8]Soy Complex'!AL$35 -> 15752 | D76: ='[8]Soy Complex'!AM$35 -> 18142.7 | E76: ='[8]Soy Complex'!AN$35 -> 18078.1 | F76: ='[8]Soy Complex'!AO$35 -> 17824.7 | G76: ='[8]Soy Complex'!AP$35 -> 18419.7 | H76: ='[8]Soy Complex'!AQ$35 -> 18898.3 | I76: ='[8]Soy Complex'!AR$35 -> 18430.2 | ... X76: ='[8]Soy Complex'!BG$35 -> 23772.428 | Y76: =SUM('[8]Soy Complex'!BG$278:BG$286,'[8]Soy Complex'!BH$275:BH$277) -> 24093.765 | Z76: =SUM('[8]Soy Complex'!BH$278:BH$286,'[8]Soy Complex'!BI$275:BI$277) -> 24127.266 | AA76: =SUM('[8]Soy Complex'!BI$278:BI$286,'[8]Soy Complex'!BJ$275:BJ$277) -> 25373.321 | AB76: =SUM('[8]Soy Complex'!BJ$278:BJ$286,'[8]Soy Complex'!BK$275:BK$277) -> 25207.051 | AC76: =SUM('[8]Soy Complex'!BK$278:BK$286,'[8]Soy Complex'!BL$275:BL$277) -> 25967.512 | AD76: =SUM('[8]Soy Complex'!BL$278:BL$286,'[8]Soy Complex'!BM$275:BM$277) -> 26570.463 | AE76: =SUM('[8]Soy Complex'!BM$278:BM$286,'[8]Soy Complex'!BN$275:BN$277) -> 27619.145 | AF76: =SUM('[8]Soy Complex'!BN$278:BN$286,'[8]Soy Complex'!BO$275:BO$277) -> 28536.731 | ... BE76: =SUM('[8]Soy Complex'!CM$278:CM$286,'[8]Soy Complex'!CN$275:CN$277) -> 40204.6
A77: Imports | B77: ='[8]Soy Complex'!AK$36 -> 95.399285 | C77: ='[8]Soy Complex'!AL$36 -> 53.126099 | D77: ='[8]Soy Complex'!AM$36 -> 60.335874 | E77: ='[8]Soy Complex'!AN$36 -> 83.149744 | F77: ='[8]Soy Complex'!AO$36 -> 82.015686 | G77: ='[8]Soy Complex'!AP$36 -> 73.040009 | H77: ='[8]Soy Complex'!AQ$36 -> 45.958212 | I77: ='[8]Soy Complex'!AR$36 -> 46.025012 | ... X77: ='[8]Soy Complex'!BG$36 -> 335.8487 | Y77: =SUM('[8]Soy Complex'!BG$326:BG$334,'[8]Soy Complex'!BH$323:BH$325) -> 364.17756 | Z77: =SUM('[8]Soy Complex'!BH$326:BH$334,'[8]Soy Complex'!BI$323:BI$325) -> 374.04684 | AA77: =SUM('[8]Soy Complex'!BI$326:BI$334,'[8]Soy Complex'!BJ$323:BJ$325) -> 296.9714 | AB77: =SUM('[8]Soy Complex'!BJ$326:BJ$334,'[8]Soy Complex'!BK$323:BK$325) -> 336.50997 | AC77: =SUM('[8]Soy Complex'!BK$326:BK$334,'[8]Soy Complex'!BL$323:BL$325) -> 280.29983 | AD77: =SUM('[8]Soy Complex'!BL$326:BL$334,'[8]Soy Complex'!BM$323:BM$325) -> 427.92176 | AE77: =SUM('[8]Soy Complex'!BM$326:BM$334,'[8]Soy Complex'!BN$323:BN$325) -> 614.32608 | AF77: =SUM('[8]Soy Complex'!BN$326:BN$334,'[8]Soy Complex'!BO$323:BO$325) -> 362.91987 | ... BE77: =SUM('[8]Soy Complex'!CM$326:CM$334,'[8]Soy Complex'!CN$323:CN$325) -> 500.05
A78: Total Supply | B78: =SUM(B75:B77) -> 16472.199 | C78: =SUM(C75:C77) -> 17820.526 | D78: =SUM(D75:D77) -> 19723.136 | E78: =SUM(E75:E77) -> 19543.65 | F78: =SUM(F75:F77) -> 19426.216 | G78: =SUM(G75:G77) -> 20486.24 | H78: =SUM(H75:H77) -> 21711.258 | I78: =SUM(I75:I77) -> 20834.825 | ... BE78: =SUM(BE75:BE77) -> 65103.04
A79: Domestic Use | B79: =B87-B86 -> #REF! | C79: =C87-C86 -> #REF! | D79: =D87-D86 -> #REF! | E79: =E87-E86 -> #REF! | F79: =F87-F86 -> #REF! | G79: =G87-G86 -> #REF! | H79: =H87-H86 -> #REF! | I79: =I87-I86 -> #REF! | ... BE79: =BE87-BE86 -> 38818.613
A80: Biomass-Based Diesel Feedstock | B80: ='[8]Soy Complex'!AK$39 -> 0 | C80: ='[8]Soy Complex'!AL$39 -> 0 | D80: ='[8]Soy Complex'!AM$39 -> 0 | E80: ='[8]Soy Complex'!AN$39 -> 3.1550265 | F80: ='[8]Soy Complex'!AO$39 -> 12.620106 | G80: ='[8]Soy Complex'!AP$39 -> 63.10053 | H80: ='[8]Soy Complex'!AQ$39 -> 94.650795 | I80: ='[8]Soy Complex'!AR$39 -> 117.14961 | ... X80: ='[8]Soy Complex'!BG$39 -> 8006.7102 | Y80: =Y81+Y82 -> 8670.4294 | Z80: =Z81+Z82 -> 9403.8696 | AA80: =AA81+AA82 -> 10746.72 | AB80: =AB81+AB82 -> 9183.0669 | AC80: =AC81+AC82 -> 10525.383 | AD80: =AD81+AD82 -> 13020.737 | AE80: =AE81+AE82 -> 13235.547 | AF80: =AF81+AF82 -> 12156.166 | ... BE80: =BE81+BE82 -> 22905.963
A81: Biodiesel | B81: ='[8]Soy Complex'!AK$416 -> 0 | C81: ='[8]Soy Complex'!AL$416 -> 0 | D81: ='[8]Soy Complex'!AM$416 -> 0 | E81: ='[8]Soy Complex'!AN$416 -> 0 | F81: ='[8]Soy Complex'!AO$416 -> 0 | G81: ='[8]Soy Complex'!AP$416 -> 0 | H81: ='[8]Soy Complex'!AQ$416 -> 0 | I81: ='[8]Soy Complex'!AR$416 -> 0 | ... X81: ='[8]Soy Complex'!BG$416 -> 0 | Y81: =SUM('[8]Soy Complex'!BG$406:BG$414,'[8]Soy Complex'!BH$403:BH$405) -> 7541.9 | Z81: =SUM('[8]Soy Complex'!BH$406:BH$414,'[8]Soy Complex'!BI$403:BI$405) -> 7317.97 | AA81: =SUM('[8]Soy Complex'!BI$406:BI$414,'[8]Soy Complex'!BJ$403:BJ$405) -> 8382.72 | AB81: =SUM('[8]Soy Complex'!BJ$406:BJ$414,'[8]Soy Complex'!BK$403:BK$405) -> 6400.5502 | AC81: =SUM('[8]Soy Complex'!BK$406:BK$414,'[8]Soy Complex'!BL$403:BL$405) -> 7100.496 | AD81: =SUM('[8]Soy Complex'!BL$406:BL$414,'[8]Soy Complex'!BM$403:BM$405) -> 7332.186 | AE81: =SUM('[8]Soy Complex'!BM$406:BM$414,'[8]Soy Complex'!BN$403:BN$405) -> 6629.6391 | AF81: =SUM('[8]Soy Complex'!BN$406:BN$414,'[8]Soy Complex'!BO$403:BO$405) -> 6741.6267 | ... BE81: =SUM('[8]Soy Complex'!CM$406:CM$414,'[8]Soy Complex'!CN$403:CN$405) -> 454.88404
A82: Renewable Diesel/SAF | B82: =SUM('[8]Soy Complex'!AK$432,'[8]Soy Complex'!AK$448,'[8]Soy Complex'!AK$464) -> 0 | C82: =SUM('[8]Soy Complex'!AL$432,'[8]Soy Complex'!AL$448,'[8]Soy Complex'!AL$464) -> 0 | D82: =SUM('[8]Soy Complex'!AM$432,'[8]Soy Complex'!AM$448,'[8]Soy Complex'!AM$464) -> 0 | E82: =SUM('[8]Soy Complex'!AN$432,'[8]Soy Complex'!AN$448,'[8]Soy Complex'!AN$464) -> 0 | F82: =SUM('[8]Soy Complex'!AO$432,'[8]Soy Complex'!AO$448,'[8]Soy Complex'!AO$464) -> 0 | G82: =SUM('[8]Soy Complex'!AP$432,'[8]Soy Complex'!AP$448,'[8]Soy Complex'!AP$464) -> 0 | H82: =SUM('[8]Soy Complex'!AQ$432,'[8]Soy Complex'!AQ$448,'[8]Soy Complex'!AQ$464) -> 0 | I82: =SUM('[8]Soy Complex'!AR$432,'[8]Soy Complex'!AR$448,'[8]Soy Complex'!AR$464) -> 0 | ... X82: =SUM('[8]Soy Complex'!BG$432,'[8]Soy Complex'!BG$448,'[8]Soy Complex'!BG$464) -> 0 | Y82: =SUM('[8]Soy Complex'!BG$422:BG$430,'[8]Soy Complex'!BH$419:BH$421,'[8]Soy Complex'!BG$438:BG$446,'[8]Soy Complex'!BH$435:BH$437,'[8]Soy Complex'!BG$454:BG$462,'[8]Soy Complex'!BH$451:BH$453) -> 1128.5294 | Z82: =SUM('[8]Soy Complex'!BH$422:BH$430,'[8]Soy Complex'!BI$419:BI$421,'[8]Soy Complex'!BH$438:BH$446,'[8]Soy Complex'!BI$435:BI$437,'[8]Soy Complex'!BH$454:BH$462,'[8]Soy Complex'!BI$451:BI$453) -> 2085.8996 | AA82: =SUM('[8]Soy Complex'!BI$422:BI$430,'[8]Soy Complex'!BJ$419:BJ$421,'[8]Soy Complex'!BI$438:BI$446,'[8]Soy Complex'!BJ$435:BJ$437,'[8]Soy Complex'!BI$454:BI$462,'[8]Soy Complex'!BJ$451:BJ$453) -> 2363.9998 | AB82: =SUM('[8]Soy Complex'!BJ$422:BJ$430,'[8]Soy Complex'!BK$419:BK$421,'[8]Soy Complex'!BJ$438:BJ$446,'[8]Soy Complex'!BK$435:BK$437,'[8]Soy Complex'!BJ$454:BJ$462,'[8]Soy Complex'!BK$451:BK$453) -> 2782.5167 | AC82: =SUM('[8]Soy Complex'!BK$422:BK$430,'[8]Soy Complex'!BL$419:BL$421,'[8]Soy Complex'!BK$438:BK$446,'[8]Soy Complex'!BL$435:BL$437,'[8]Soy Complex'!BK$454:BK$462,'[8]Soy Complex'!BL$451:BL$453) -> 3424.887 | AD82: =SUM('[8]Soy Complex'!BL$422:BL$430,'[8]Soy Complex'!BM$419:BM$421,'[8]Soy Complex'!BL$438:BL$446,'[8]Soy Complex'!BM$435:BM$437,'[8]Soy Complex'!BL$454:BL$462,'[8]Soy Complex'!BM$451:BM$453) -> 5688.5512 | AE82: =SUM('[8]Soy Complex'!BM$422:BM$430,'[8]Soy Complex'!BN$419:BN$421,'[8]Soy Complex'!BM$438:BM$446,'[8]Soy Complex'!BN$435:BN$437,'[8]Soy Complex'!BM$454:BM$462,'[8]Soy Complex'!BN$451:BN$453) -> 6605.9083 | AF82: =SUM('[8]Soy Complex'!BN$422:BN$430,'[8]Soy Complex'!BO$419:BO$421,'[8]Soy Complex'!BN$438:BN$446,'[8]Soy Complex'!BO$435:BO$437,'[8]Soy Complex'!BN$454:BN$462,'[8]Soy Complex'!BO$451:BO$453) -> 5414.5388 | ... BE82: =SUM('[8]Soy Complex'!CM$422:CM$430,'[8]Soy Complex'!CN$419:CN$421,'[8]Soy Complex'!CM$438:CM$446,'[8]Soy Complex'!CN$435:CN$437,'[8]Soy Complex'!CM$454:CM$462,'[8]Soy Complex'!CN$451:CN$453) -> 22451.079
A83: Non-Biofuel Use | B83: =B79-B80 -> #REF! | C83: =C79-C80 -> #REF! | D83: =D79-D80 -> #REF! | E83: =E79-E80 -> #REF! | F83: =F79-F80 -> #REF! | G83: =G79-G80 -> #REF! | H83: =H79-H80 -> #REF! | I83: =I79-I80 -> #REF! | ... BE83: =BE79-BE80 -> 15912.65
A84: Food Use | B84: ='[8]Soy Complex'!AK$843 -> 0.95 | C84: ='[8]Soy Complex'!AL$843 -> 0.95 | D84: ='[8]Soy Complex'!AM$843 -> 0.95 | E84: ='[8]Soy Complex'!AN$843 -> 0.95 | F84: ='[8]Soy Complex'!AO$843 -> 0.95 | G84: ='[8]Soy Complex'!AP$843 -> 0.95 | H84: ='[8]Soy Complex'!AQ$843 -> 0.95 | I84: ='[8]Soy Complex'!AR$843 -> 0.95 | ... BE84: ='[8]Soy Complex'!CN$843 -> 0
A85: Feed Use | B85: ='[8]Soy Complex'!AK$862 -> 0 | C85: ='[8]Soy Complex'!AL$862 -> 0 | D85: ='[8]Soy Complex'!AM$862 -> 0 | E85: ='[8]Soy Complex'!AN$862 -> 0 | F85: ='[8]Soy Complex'!AO$862 -> 0 | G85: ='[8]Soy Complex'!AP$862 -> 0 | H85: ='[8]Soy Complex'!AQ$862 -> 0 | I85: ='[8]Soy Complex'!AR$862 -> 0 | ... BE85: ='[8]Soy Complex'!CN$862 -> 0
A86: Exports | B86: ='[8]Soy Complex'!AK$44 -> 14456.799 | C86: ='[8]Soy Complex'!AL$44 -> 16300.426 | D86: ='[8]Soy Complex'!AM$44 -> 18340.736 | E86: ='[8]Soy Complex'!AN$44 -> 18024.15 | F86: ='[8]Soy Complex'!AO$44 -> 17432.716 | G86: ='[8]Soy Complex'!AP$44 -> 17719.24 | H86: ='[8]Soy Complex'!AQ$44 -> 19352.658 | I86: ='[8]Soy Complex'!AR$44 -> 19346.125 | ... X86: ='[8]Soy Complex'!BG$44 -> 23823.797 | Y86: =SUM('[8]Soy Complex'!BG$342:BG$350,'[8]Soy Complex'!BH$339:BH$341) -> 2436.9941 | Z86: =SUM('[8]Soy Complex'!BH$342:BH$350,'[8]Soy Complex'!BI$339:BI$341) -> 2109.0599 | AA86: =SUM('[8]Soy Complex'!BI$342:BI$350,'[8]Soy Complex'!BJ$339:BJ$341) -> 2727.6007 | AB86: =SUM('[8]Soy Complex'!BJ$342:BJ$350,'[8]Soy Complex'!BK$339:BK$341) -> 1578.874 | AC86: =SUM('[8]Soy Complex'!BK$342:BK$350,'[8]Soy Complex'!BL$339:BL$341) -> 1396.434 | AD86: =SUM('[8]Soy Complex'!BL$342:BL$350,'[8]Soy Complex'!BM$339:BM$341) -> 330.58263 | AE86: =SUM('[8]Soy Complex'!BM$342:BM$350,'[8]Soy Complex'!BN$339:BN$341) -> 1010.9363 | AF86: =SUM('[8]Soy Complex'!BN$342:BN$350,'[8]Soy Complex'!BO$339:BO$341) -> 2193.1533 | ... BE86: =SUM('[8]Soy Complex'!CM$342:CM$350,'[8]Soy Complex'!CN$339:CN$341) -> 500
A87: Total Use | B87: =B78-B88 -> #REF! | C87: =C78-C88 -> #REF! | D87: =D78-D88 -> #REF! | E87: =E78-E88 -> #REF! | F87: =F78-F88 -> #REF! | G87: =G78-G88 -> #REF! | H87: =H78-H88 -> #REF! | I87: =I78-I88 -> #REF! | ... BE87: =BE78-BE88 -> 39318.613
A88: Ending Stocks (September 30) | B88: ='[8]Soy Complex'!AK$46 -> #REF! | C88: ='[8]Soy Complex'!AL$46 -> #REF! | D88: ='[8]Soy Complex'!AM$46 -> #REF! | E88: ='[8]Soy Complex'!AN$46 -> #REF! | F88: ='[8]Soy Complex'!AO$46 -> #REF! | G88: ='[8]Soy Complex'!AP$46 -> #REF! | H88: ='[8]Soy Complex'!AQ$46 -> #REF! | I88: ='[8]Soy Complex'!AR$46 -> #REF! | ... X88: ='[8]Soy Complex'!BG$46 -> 30.492409 | Y88: ='[8]Soy Complex'!BH$485 -> 1945.848 | Z88: ='[8]Soy Complex'!BI$485 -> 2134.064 | AA88: ='[8]Soy Complex'!BJ$485 -> 2110.786 | AB88: ='[8]Soy Complex'!BK$485 -> 2465.891 | AC88: ='[8]Soy Complex'!BL$485 -> 2306.147 | AD88: ='[8]Soy Complex'!BM$485 -> 1823.834 | AE88: ='[8]Soy Complex'!BN$485 -> 1687.196 | AF88: ='[8]Soy Complex'!BO$485 -> 2384.5355 | ... BE88: ='[8]Soy Complex'!CN$485 -> 25784.427
A89: Median Price (Crude, Central Illinois, ₵/lb) | B89: =MEDIAN('[8]Soy Complex'!AK$514:AK$525) -> #REF! | C89: =MEDIAN('[8]Soy Complex'!AL$514:AL$525) -> #REF! | D89: =MEDIAN('[8]Soy Complex'!AM$514:AM$525) -> #REF! | E89: =MEDIAN('[8]Soy Complex'!AN$514:AN$525) -> #REF! | F89: =MEDIAN('[8]Soy Complex'!AO$514:AO$525) -> #REF! | G89: =MEDIAN('[8]Soy Complex'!AP$514:AP$525) -> #REF! | H89: =MEDIAN('[8]Soy Complex'!AQ$514:AQ$525) -> #REF! | I89: =MEDIAN('[8]Soy Complex'!AR$514:AR$525) -> #REF! | ... Y89: =MEDIAN('[8]Soy Complex'!BH$514:BH$525) -> 28.256841 | Z89: =MEDIAN('[8]Soy Complex'!BI$513:BI$524) -> 29.466065 | AA89: =MEDIAN('[8]Soy Complex'!BJ$513:BJ$524) -> 55.301751 | AB89: =MEDIAN('[8]Soy Complex'!BK$513:BK$524) -> 67.821454 | AC89: =MEDIAN('[8]Soy Complex'!BL$513:BL$524) -> 67.538087 | AD89: =MEDIAN('[8]Soy Complex'!BM$513:BM$524) -> 46.168023 | AE89: =MROUND(MEDIAN('[8]Soy Complex'!BN$513:BN$524),0.1) -> 45 | AF89: =MROUND(MEDIAN('[8]Soy Complex'!BO$513:BO$524),0.1) -> 93 | AG89: =MROUND(MEDIAN('[8]Soy Complex'!BP$513:BP$524),0.1) -> 125 | AH89: =MROUND(MEDIAN('[8]Soy Complex'!BQ$513:BQ$524),0.1) -> 131.1 | AI89: =MROUND(MEDIAN('[8]Soy Complex'!BR$513:BR$524),0.1) -> 154.9 | AJ89: =MROUND(MEDIAN('[8]Soy Complex'!BS$513:BS$524),0.1) -> 187.7 | AK89: =MROUND(MEDIAN('[8]Soy Complex'!BT$513:BT$524),0.1) -> 207.2 | AL89: =MROUND(MEDIAN('[8]Soy Complex'!BU$513:BU$524),0.1) -> 221.8 | ... BE89: =MROUND(MEDIAN('[8]Soy Complex'!CN$513:CN$524),0.1) -> 595
A91: CANADA SOYBEAN OIL SUPPLY AND DEMAND (million pounds)
B92: =B3 -> #REF! | C92: =C3 -> #REF! | D92: =D3 -> 97/98 | E92: =E3 -> 98/99 | F92: =F3 -> 99/00 | G92: =G3 -> 00/01 | H92: =H3 -> 01/02 | I92: =I3 -> 02/03 | ... BE92: =BE3 -> 2050
A93: Beginning Stocks (October 1) | B93: ='[1]Canada Soy Complex'!AG$418*2204.622/1000 -> 22.04622 | C93: ='[1]Canada Soy Complex'!AH$418*2204.622/1000 -> 22.04622 | D93: ='[1]Canada Soy Complex'!AI$418*2204.622/1000 -> 22.229938 | E93: ='[1]Canada Soy Complex'!AJ$418*2204.622/1000 -> 23.332249 | F93: ='[1]Canada Soy Complex'!AK$418*2204.622/1000 -> 13.595169 | G93: ='[1]Canada Soy Complex'!AL$418*2204.622/1000 -> 17.453257 | H93: ='[1]Canada Soy Complex'!AM$418*2204.622/1000 -> 15.432354 | I93: ='[1]Canada Soy Complex'!AN$418*2204.622/1000 -> 20.943909 | ... X93: ='[1]Canada Soy Complex'!BC$418*2204.622/1000 -> 15.432354 | Y93: ='[1]Canada Soy Complex'!BC$421*2204.622/1000 -> 15.432354 | Z93: ='[1]Canada Soy Complex'!BD$421*2204.622/1000 -> 33.804204 | AA93: ='[1]Canada Soy Complex'!BE$421*2204.622/1000 -> 54.380676 | AB93: ='[1]Canada Soy Complex'!BF$421*2204.622/1000 -> 25.72059 | AC93: ='[1]Canada Soy Complex'!BG$421*2204.622/1000 -> 42.622692 | AD93: ='[1]Canada Soy Complex'!BH$421*2204.622/1000 -> 55.850424 | AE93: ='[1]Canada Soy Complex'!BI$421*2204.622/1000 -> 40.41807 | AF93: ='[1]Canada Soy Complex'!BJ$421*2204.622/1000 -> 35.273952 | ... BE93: ='[1]Canada Soy Complex'!CI$421*2204.622/1000 -> 58.606201
A94: Production | B94: =SUM('[1]Canada Soy Complex'!AG$211:AG$221,'[1]Canada Soy Complex'!AH$210)*2204.622/1000 -> 666.30185 | C94: =SUM('[1]Canada Soy Complex'!AH$211:AH$221,'[1]Canada Soy Complex'!AI$210)*2204.622/1000 -> 570.45599 | D94: =SUM('[1]Canada Soy Complex'!AI$211:AI$221,'[1]Canada Soy Complex'!AJ$210)*2204.622/1000 -> 584.14845 | E94: =SUM('[1]Canada Soy Complex'!AJ$211:AJ$221,'[1]Canada Soy Complex'!AK$210)*2204.622/1000 -> 645.72193 | F94: =SUM('[1]Canada Soy Complex'!AK$211:AK$221,'[1]Canada Soy Complex'!AL$210)*2204.622/1000 -> 688.5459 | G94: =SUM('[1]Canada Soy Complex'!AL$211:AL$221,'[1]Canada Soy Complex'!AM$210)*2204.622/1000 -> 638.68011 | H94: =SUM('[1]Canada Soy Complex'!AM$211:AM$221,'[1]Canada Soy Complex'!AN$210)*2204.622/1000 -> 666.18562 | I94: =SUM('[1]Canada Soy Complex'!AN$211:AN$221,'[1]Canada Soy Complex'!AO$210)*2204.622/1000 -> 714.28561 | ... X94: =SUM('[1]Canada Soy Complex'!BC$211:BC$221,'[1]Canada Soy Complex'!BD$210)*2204.622/1000 -> 795.98759 | Y94: =SUM('[1]Canada Soy Complex'!BC$214:BC$221,'[1]Canada Soy Complex'!BD$210:BD$213)*2204.622/1000 -> 841.34108 | Z94: =SUM('[1]Canada Soy Complex'!BD$214:BD$221,'[1]Canada Soy Complex'!BE$210:BE$213)*2204.622/1000 -> 794.23271 | AA94: =SUM('[1]Canada Soy Complex'!BE$214:BE$221,'[1]Canada Soy Complex'!BF$210:BF$213)*2204.622/1000 -> 702.80704 | AB94: =SUM('[1]Canada Soy Complex'!BF$214:BF$221,'[1]Canada Soy Complex'!BG$210:BG$213)*2204.622/1000 -> 679.36529 | AC94: =SUM('[1]Canada Soy Complex'!BG$214:BG$221,'[1]Canada Soy Complex'!BH$210:BH$213)*2204.622/1000 -> 769.88928 | AD94: =SUM('[1]Canada Soy Complex'!BH$214:BH$221,'[1]Canada Soy Complex'!BI$210:BI$213)*2204.622/1000 -> 727.20779 | AE94: =SUM('[1]Canada Soy Complex'!BI$214:BI$221,'[1]Canada Soy Complex'!BJ$210:BJ$213)*2204.622/1000 -> 819.02162 | AF94: =SUM('[1]Canada Soy Complex'!BJ$214:BJ$221,'[1]Canada Soy Complex'!BK$210:BK$213)*2204.622/1000 -> 801.76084 | ... BE94: =SUM('[1]Canada Soy Complex'!CI$214:CI$221,'[1]Canada Soy Complex'!CJ$210:CJ$213)*2204.622/1000 -> 1100.0144
A95: Imports | B95: =SUM('[1]Canada Soy Complex'!AG$259:AG$269,'[1]Canada Soy Complex'!AH$258)*2204.622/1000 -> 100.56383 | C95: =SUM('[1]Canada Soy Complex'!AH$259:AH$269,'[1]Canada Soy Complex'!AI$258)*2204.622/1000 -> 135.04633 | D95: =SUM('[1]Canada Soy Complex'!AI$259:AI$269,'[1]Canada Soy Complex'!AJ$258)*2204.622/1000 -> 59.577705 | E95: =SUM('[1]Canada Soy Complex'!AJ$259:AJ$269,'[1]Canada Soy Complex'!AK$258)*2204.622/1000 -> 25.6618 | F95: =SUM('[1]Canada Soy Complex'!AK$259:AK$269,'[1]Canada Soy Complex'!AL$258)*2204.622/1000 -> 50.230108 | G95: =SUM('[1]Canada Soy Complex'!AL$259:AL$269,'[1]Canada Soy Complex'!AM$258)*2204.622/1000 -> 121.35562 | H95: =SUM('[1]Canada Soy Complex'!AM$259:AM$269,'[1]Canada Soy Complex'!AN$258)*2204.622/1000 -> 193.50849 | I95: =SUM('[1]Canada Soy Complex'!AN$259:AN$269,'[1]Canada Soy Complex'!AO$258)*2204.622/1000 -> 276.02088 | ... X95: =SUM('[1]Canada Soy Complex'!BC$259:BC$269,'[1]Canada Soy Complex'!BD$258)*2204.622/1000 -> 47.769533 | Y95: =SUM('[1]Canada Soy Complex'!BC$262:BC$269,'[1]Canada Soy Complex'!BD$258:BD$261)*2204.622/1000 -> 50.210253 | Z95: =SUM('[1]Canada Soy Complex'!BD$262:BD$269,'[1]Canada Soy Complex'!BE$258:BE$261)*2204.622/1000 -> 48.193202 | AA95: =SUM('[1]Canada Soy Complex'!BE$262:BE$269,'[1]Canada Soy Complex'!BF$258:BF$261)*2204.622/1000 -> 100.79395 | AB95: =SUM('[1]Canada Soy Complex'!BF$262:BF$269,'[1]Canada Soy Complex'!BG$258:BG$261)*2204.622/1000 -> 79.2646 | AC95: =SUM('[1]Canada Soy Complex'!BG$262:BG$269,'[1]Canada Soy Complex'!BH$258:BH$261)*2204.622/1000 -> 241.21872 | AD95: =SUM('[1]Canada Soy Complex'!BH$262:BH$269,'[1]Canada Soy Complex'!BI$258:BI$261)*2204.622/1000 -> 448.54848 | AE95: =SUM('[1]Canada Soy Complex'!BI$262:BI$269,'[1]Canada Soy Complex'!BJ$258:BJ$261)*2204.622/1000 -> 393.06325 | AF95: =SUM('[1]Canada Soy Complex'!BJ$262:BJ$269,'[1]Canada Soy Complex'!BK$258:BK$261)*2204.622/1000 -> 386.74727 | ... BE95: =SUM('[1]Canada Soy Complex'!CI$262:CI$269,'[1]Canada Soy Complex'!CJ$258:CJ$261)*2204.622/1000 -> 606.25603
A96: Total Supply | B96: =SUM(B93:B95) -> 788.9119 | C96: =SUM(C93:C95) -> 727.54854 | D96: =SUM(D93:D95) -> 665.95609 | E96: =SUM(E93:E95) -> 694.71598 | F96: =SUM(F93:F95) -> 752.37118 | G96: =SUM(G93:G95) -> 777.48899 | H96: =SUM(H93:H95) -> 875.12647 | I96: =SUM(I93:I95) -> 1011.2504 | ... BE96: =SUM(BE93:BE95) -> 1764.8766
A97: Domestic Use | B97: =B105-B104 -> 671.57531 | C97: =C105-C104 -> 644.58347 | D97: =D105-D104 -> 569.24741 | E97: =E105-E104 -> 595.59691 | F97: =F105-F104 -> 650.76309 | G97: =G105-G104 -> 689.05499 | H97: =H105-H104 -> 808.41902 | I97: =I105-I104 -> 883.44038 | ... BE97: =BE105-BE104 -> 1502.527
A98: Biomass-Based Diesel Feedstock | B98: =B99+B100 -> 0 | C98: =C99+C100 -> 0 | D98: =D99+D100 -> 0 | E98: =E99+E100 -> 0 | F98: =F99+F100 -> 0 | G98: =G99+G100 -> 0 | H98: =H99+H100 -> 0 | I98: =I99+I100 -> 0 | ... BE98: =BE99+BE100 -> 470.08554
A99: Biodiesel | B99: =SUM('[1]Canada Soy Complex'!AG$323:AG$333,'[1]Canada Soy Complex'!AH$322)*2204.622/1000 -> 0 | C99: =SUM('[1]Canada Soy Complex'!AH$323:AH$333,'[1]Canada Soy Complex'!AI$322)*2204.622/1000 -> 0 | D99: =SUM('[1]Canada Soy Complex'!AI$323:AI$333,'[1]Canada Soy Complex'!AJ$322)*2204.622/1000 -> 0 | E99: =SUM('[1]Canada Soy Complex'!AJ$323:AJ$333,'[1]Canada Soy Complex'!AK$322)*2204.622/1000 -> 0 | F99: =SUM('[1]Canada Soy Complex'!AK$323:AK$333,'[1]Canada Soy Complex'!AL$322)*2204.622/1000 -> 0 | G99: =SUM('[1]Canada Soy Complex'!AL$323:AL$333,'[1]Canada Soy Complex'!AM$322)*2204.622/1000 -> 0 | H99: =SUM('[1]Canada Soy Complex'!AM$323:AM$333,'[1]Canada Soy Complex'!AN$322)*2204.622/1000 -> 0 | I99: =SUM('[1]Canada Soy Complex'!AN$323:AN$333,'[1]Canada Soy Complex'!AO$322)*2204.622/1000 -> 0 | ... X99: =SUM('[1]Canada Soy Complex'!BC$323:BC$333,'[1]Canada Soy Complex'!BD$322)*2204.622/1000 -> 19.935023 | Y99: =SUM('[1]Canada Soy Complex'!BC$326:BC$333,'[1]Canada Soy Complex'!BD$322:BD$325)*2204.622/1000 -> 11.02311 | Z99: =SUM('[1]Canada Soy Complex'!BD$326:BD$333,'[1]Canada Soy Complex'!BE$322:BE$325)*2204.622/1000 -> 13.227732 | AA99: =SUM('[1]Canada Soy Complex'!BE$326:BE$333,'[1]Canada Soy Complex'!BF$322:BF$325)*2204.622/1000 -> 14.137471 | AB99: =SUM('[1]Canada Soy Complex'!BF$326:BF$333,'[1]Canada Soy Complex'!BG$322:BG$325)*2204.622/1000 -> 14.492641 | AC99: =SUM('[1]Canada Soy Complex'!BG$326:BG$333,'[1]Canada Soy Complex'!BH$322:BH$325)*2204.622/1000 -> 14.663648 | AD99: =SUM('[1]Canada Soy Complex'!BH$326:BH$333,'[1]Canada Soy Complex'!BI$322:BI$325)*2204.622/1000 -> 20.627656 | AE99: =SUM('[1]Canada Soy Complex'!BI$326:BI$333,'[1]Canada Soy Complex'!BJ$322:BJ$325)*2204.622/1000 -> 45.380937 | AF99: =SUM('[1]Canada Soy Complex'!BJ$326:BJ$333,'[1]Canada Soy Complex'!BK$322:BK$325)*2204.622/1000 -> 38.577779 | ... BE99: =SUM('[1]Canada Soy Complex'!CI$326:CI$333,'[1]Canada Soy Complex'!CJ$322:CJ$325)*2204.622/1000 -> 52.22662
A100: Renewable Diesel/SAF | B100: =SUM('[1]Canada Soy Complex'!AG$339:AG$349,'[1]Canada Soy Complex'!AH$338)*2204.622/1000 -> 0 | C100: =SUM('[1]Canada Soy Complex'!AH$339:AH$349,'[1]Canada Soy Complex'!AI$338)*2204.622/1000 -> 0 | D100: =SUM('[1]Canada Soy Complex'!AI$339:AI$349,'[1]Canada Soy Complex'!AJ$338)*2204.622/1000 -> 0 | E100: =SUM('[1]Canada Soy Complex'!AJ$339:AJ$349,'[1]Canada Soy Complex'!AK$338)*2204.622/1000 -> 0 | F100: =SUM('[1]Canada Soy Complex'!AK$339:AK$349,'[1]Canada Soy Complex'!AL$338)*2204.622/1000 -> 0 | G100: =SUM('[1]Canada Soy Complex'!AL$339:AL$349,'[1]Canada Soy Complex'!AM$338)*2204.622/1000 -> 0 | H100: =SUM('[1]Canada Soy Complex'!AM$339:AM$349,'[1]Canada Soy Complex'!AN$338)*2204.622/1000 -> 0 | I100: =SUM('[1]Canada Soy Complex'!AN$339:AN$349,'[1]Canada Soy Complex'!AO$338)*2204.622/1000 -> 0 | ... X100: =SUM('[1]Canada Soy Complex'!BC$339:BC$349,'[1]Canada Soy Complex'!BD$338)*2204.622/1000 -> 0 | Y100: =SUM('[1]Canada Soy Complex'!BC$342:BC$349,'[1]Canada Soy Complex'!BD$338:BD$341,'[1]Canada Soy Complex'!BC$358:BC$365,'[1]Canada Soy Complex'!BD$354:BD$357)*2204.622/1000 -> 0 | Z100: =SUM('[1]Canada Soy Complex'!BD$342:BD$349,'[1]Canada Soy Complex'!BE$338:BE$341,'[1]Canada Soy Complex'!BD$358:BD$365,'[1]Canada Soy Complex'!BE$354:BE$357)*2204.622/1000 -> 0 | AA100: =SUM('[1]Canada Soy Complex'!BE$342:BE$349,'[1]Canada Soy Complex'!BF$338:BF$341,'[1]Canada Soy Complex'!BE$358:BE$365,'[1]Canada Soy Complex'!BF$354:BF$357)*2204.622/1000 -> 0 | AB100: =SUM('[1]Canada Soy Complex'!BF$342:BF$349,'[1]Canada Soy Complex'!BG$338:BG$341,'[1]Canada Soy Complex'!BF$358:BF$365,'[1]Canada Soy Complex'!BG$354:BG$357)*2204.622/1000 -> 0 | AC100: =SUM('[1]Canada Soy Complex'!BG$342:BG$349,'[1]Canada Soy Complex'!BH$338:BH$341,'[1]Canada Soy Complex'!BG$358:BG$365,'[1]Canada Soy Complex'!BH$354:BH$357)*2204.622/1000 -> 0 | AD100: =SUM('[1]Canada Soy Complex'!BH$342:BH$349,'[1]Canada Soy Complex'!BI$338:BI$341,'[1]Canada Soy Complex'!BH$358:BH$365,'[1]Canada Soy Complex'!BI$354:BI$357)*2204.622/1000 -> 0 | AE100: =SUM('[1]Canada Soy Complex'!BI$342:BI$349,'[1]Canada Soy Complex'!BJ$338:BJ$341,'[1]Canada Soy Complex'!BI$358:BI$365,'[1]Canada Soy Complex'!BJ$354:BJ$357)*2204.622/1000 -> 0 | AF100: =SUM('[1]Canada Soy Complex'!BJ$342:BJ$349,'[1]Canada Soy Complex'!BK$338:BK$341,'[1]Canada Soy Complex'!BJ$358:BJ$365,'[1]Canada Soy Complex'!BK$354:BK$357)*2204.622/1000 -> 0 | ... BE100: =SUM('[1]Canada Soy Complex'!CI$342:CI$349,'[1]Canada Soy Complex'!CJ$338:CJ$341,'[1]Canada Soy Complex'!CI$358:CI$365,'[1]Canada Soy Complex'!CJ$354:CJ$357)*2204.622/1000 -> 417.85892
A101: Non-Biofuel Use | B101: =B97-B98 -> 671.57531 | C101: =C97-C98 -> 644.58347 | D101: =D97-D98 -> 569.24741 | E101: =E97-E98 -> 595.59691 | F101: =F97-F98 -> 650.76309 | G101: =G97-G98 -> 689.05499 | H101: =H97-H98 -> 808.41902 | I101: =I97-I98 -> 883.44038 | ... BE101: =BE97-BE98 -> 1032.4415
A102: Food Use | B102: =SUM('[1]Canada Soy Complex'!AG$387:AG$397,'[1]Canada Soy Complex'!AH$386)*2204.622/1000 -> 510.35358 | C102: =SUM('[1]Canada Soy Complex'!AH$387:AH$397,'[1]Canada Soy Complex'!AI$386)*2204.622/1000 -> 644.4228 | D102: =SUM('[1]Canada Soy Complex'!AI$387:AI$397,'[1]Canada Soy Complex'!AJ$386)*2204.622/1000 -> 565.86451 | E102: =SUM('[1]Canada Soy Complex'!AJ$387:AJ$397,'[1]Canada Soy Complex'!AK$386)*2204.622/1000 -> 573.25123 | F102: =SUM('[1]Canada Soy Complex'!AK$387:AK$397,'[1]Canada Soy Complex'!AL$386)*2204.622/1000 -> 644.85856 | G102: =SUM('[1]Canada Soy Complex'!AL$387:AL$397,'[1]Canada Soy Complex'!AM$386)*2204.622/1000 -> 612.16443 | H102: =SUM('[1]Canada Soy Complex'!AM$387:AM$397,'[1]Canada Soy Complex'!AN$386)*2204.622/1000 -> 776.92485 | I102: =SUM('[1]Canada Soy Complex'!AN$387:AN$397,'[1]Canada Soy Complex'!AO$386)*2204.622/1000 -> 881.22663 | ... BE102: =SUM('[1]Canada Soy Complex'!CJ$387:CJ$397,'[1]Canada Soy Complex'!CK$386)*2204.622/1000 -> 637.82021
A103: Feed Use | B103: =SUM('[1]Canada Soy Complex'!AG$403:AG$413,'[1]Canada Soy Complex'!AH$402)*2204.622/1000 -> 161.22173 | C103: =SUM('[1]Canada Soy Complex'!AH$403:AH$413,'[1]Canada Soy Complex'!AI$402)*2204.622/1000 -> 0.16066954 | D103: =SUM('[1]Canada Soy Complex'!AI$403:AI$413,'[1]Canada Soy Complex'!AJ$402)*2204.622/1000 -> 3.3829028 | E103: =SUM('[1]Canada Soy Complex'!AJ$403:AJ$413,'[1]Canada Soy Complex'!AK$402)*2204.622/1000 -> 22.345677 | F103: =SUM('[1]Canada Soy Complex'!AK$403:AK$413,'[1]Canada Soy Complex'!AL$402)*2204.622/1000 -> 5.904533 | G103: =SUM('[1]Canada Soy Complex'!AL$403:AL$413,'[1]Canada Soy Complex'!AM$402)*2204.622/1000 -> 76.890556 | H103: =SUM('[1]Canada Soy Complex'!AM$403:AM$413,'[1]Canada Soy Complex'!AN$402)*2204.622/1000 -> 31.494167 | I103: =SUM('[1]Canada Soy Complex'!AN$403:AN$413,'[1]Canada Soy Complex'!AO$402)*2204.622/1000 -> 2.2137435 | ... BE103: =SUM('[1]Canada Soy Complex'!CJ$403:CJ$413,'[1]Canada Soy Complex'!CK$402)*2204.622/1000 -> 294.88803
A104: Exports | B104: =SUM('[1]Canada Soy Complex'!AG$275:AG$285,'[1]Canada Soy Complex'!AH$274)*2204.622/1000 -> 95.290377 | C104: =SUM('[1]Canada Soy Complex'!AH$275:AH$285,'[1]Canada Soy Complex'!AI$274)*2204.622/1000 -> 60.735131 | D104: =SUM('[1]Canada Soy Complex'!AI$275:AI$285,'[1]Canada Soy Complex'!AJ$274)*2204.622/1000 -> 73.376434 | E104: =SUM('[1]Canada Soy Complex'!AJ$275:AJ$285,'[1]Canada Soy Complex'!AK$274)*2204.622/1000 -> 85.523901 | F104: =SUM('[1]Canada Soy Complex'!AK$275:AK$285,'[1]Canada Soy Complex'!AL$274)*2204.622/1000 -> 84.154831 | G104: =SUM('[1]Canada Soy Complex'!AL$275:AL$285,'[1]Canada Soy Complex'!AM$274)*2204.622/1000 -> 73.001648 | H104: =SUM('[1]Canada Soy Complex'!AM$275:AM$285,'[1]Canada Soy Complex'!AN$274)*2204.622/1000 -> 45.763543 | I104: =SUM('[1]Canada Soy Complex'!AN$275:AN$285,'[1]Canada Soy Complex'!AO$274)*2204.622/1000 -> 45.320414 | ... X104: =SUM('[1]Canada Soy Complex'!BC$275:BC$285,'[1]Canada Soy Complex'!BD$274)*2204.622/1000 -> 347.40996 | Y104: =SUM('[1]Canada Soy Complex'!BC$278:BC$285,'[1]Canada Soy Complex'!BD$274:BD$277)*2204.622/1000 -> 374.57265 | Z104: =SUM('[1]Canada Soy Complex'!BD$278:BD$285,'[1]Canada Soy Complex'!BE$274:BE$277)*2204.622/1000 -> 366.3935 | AA104: =SUM('[1]Canada Soy Complex'!BE$278:BE$285,'[1]Canada Soy Complex'!BF$274:BF$277)*2204.622/1000 -> 279.52025 | AB104: =SUM('[1]Canada Soy Complex'!BF$278:BF$285,'[1]Canada Soy Complex'!BG$274:BG$277)*2204.622/1000 -> 333.95774 | AC104: =SUM('[1]Canada Soy Complex'!BG$278:BG$285,'[1]Canada Soy Complex'!BH$274:BH$277)*2204.622/1000 -> 280.49185 | AD104: =SUM('[1]Canada Soy Complex'!BH$278:BH$285,'[1]Canada Soy Complex'!BI$274:BI$277)*2204.622/1000 -> 310.08487 | AE104: =SUM('[1]Canada Soy Complex'!BI$278:BI$285,'[1]Canada Soy Complex'!BJ$274:BJ$277)*2204.622/1000 -> 311.27477 | AF104: =SUM('[1]Canada Soy Complex'!BJ$278:BJ$285,'[1]Canada Soy Complex'!BK$274:BK$277)*2204.622/1000 -> 309.71476 | ... BE104: =SUM('[1]Canada Soy Complex'!CI$278:CI$285,'[1]Canada Soy Complex'!CJ$274:CJ$277)*2204.622/1000 -> 220.46177
A105: Total Use | B105: =B96-B106 -> 766.86568 | C105: =C96-C106 -> 705.3186 | D105: =D96-D106 -> 642.62384 | E105: =E96-E106 -> 681.12081 | F105: =F96-F106 -> 734.91792 | G105: =G96-G106 -> 762.05663 | H105: =H96-H106 -> 854.18256 | I105: =I96-I106 -> 928.76079 | ... BE105: =BE96-BE106 -> 1722.9888
...

Sheet Canola Complex
A1: NORTH AMERICAN CANOLA COMPLEX BALANCE SHEETS
A2: NORTH AMERICAN CANOLA SUPPLY AND DEMAND (million acres/million bushels)
B3: ='Soybean Complex'!B3 -> #REF! | C3: ='Soybean Complex'!C3 -> #REF! | D3: ='Soybean Complex'!D3 -> 97/98 | E3: ='Soybean Complex'!E3 -> 98/99 | F3: ='Soybean Complex'!F3 -> 99/00 | G3: ='Soybean Complex'!G3 -> 00/01 | H3: ='Soybean Complex'!H3 -> 01/02 | I3: ='Soybean Complex'!I3 -> 02/03 | ... BE3: ='Soybean Complex'!BE3 -> 2050
A4: Planted Area
A5: Harvested Area
A6: Harvested/Planted Area | AS6: Last Checked
A7: Yield | AS7: 45230
A8: Beginning Stocks (September 1)
A9: Production
A10: Imports
A11: Total Supply
A12: 7
A13: Exports
A14: Seed
A15: Residual
A16: Total Use
A17: Ending Stocks (August 31)
A18: Stocks/Use
A19: Futures Price ($/Bu.)
A20: Central Illinois ($/Bu)
A22: NORTH AMERICAN CANOLA MEAL SUPPLY AND DEMAND (000 Tons)
A24: Crush (October - September)
A25: Beginning Stocks (October 1)
A26: Production
... A33: Decatur Illinois (48%, $/Ton)
A35: NORTH AMERICAN CANOLA OIL (Million Pounds) | B35: =B3 -> #REF! | C35: =C3 -> #REF! | D35: =D3 -> 97/98 | E35: =E3 -> 98/99 | F35: =F3 -> 99/00 | G35: =G3 -> 00/01 | H35: =H3 -> 01/02 | I35: =I3 -> 02/03 | ... BE35: =BE3 -> 2050
B36: =B3 -> #REF! | C36: =C3 -> #REF! | D36: =D3 -> 97/98 | E36: =E3 -> 98/99 | F36: =F3 -> 99/00 | G36: =G3 -> 00/01 | H36: =H3 -> 01/02 | I36: =I3 -> 02/03 | ... BE36: =BE3 -> 2050
A37: Beginning Stocks (October 1) | B37: =B74+B91+B108 -> #REF! | C37: =C74+C91+C108 -> #REF! | D37: =D74+D91+D108 -> 130.17418 | E37: =E74+E91+E108 -> 162.10582 | F37: =F74+F91+F108 -> 269.77564 | G37: =G74+G91+G108 -> 424.38848 | H37: =H74+H91+H108 -> 388.47804 | I37: =I74+I91+I108 -> 265.26182 | ... BE37: =BE74+BE91+BE108 -> 2783.743
A38: Production | B38: =B75+B92+B109 -> 3527.3754 | C38: =C75+C92+C109 -> 3368.9159 | D38: =D75+D92+D109 -> 3882.8111 | E38: =E75+E92+E109 -> 3800.9315 | F38: =F75+F92+F109 -> 4029.3634 | G38: =G75+G92+G109 -> 3810.4753 | H38: =H75+H92+H109 -> 3221.0431 | I38: =I75+I92+I109 -> 3153.0967 | ... BE38: =BE75+BE92+BE109 -> 24765.787
A39: Imports | B39: ='Canola Oil Trade'!C32 -> 1296.2884 | C39: ='Canola Oil Trade'!D32 -> 1302.6827 | D39: ='Canola Oil Trade'!E32 -> 1295.8107 | E39: ='Canola Oil Trade'!F32 -> 1292.2061 | F39: ='Canola Oil Trade'!G32 -> 1384.0693 | G39: ='Canola Oil Trade'!H32 -> 1410.095 | H39: ='Canola Oil Trade'!I32 -> 1455.7188 | I39: ='Canola Oil Trade'!J32 -> 1335.317 | ... BE39: ='Canola Oil Trade'!BF32 -> 0
A40: Total Supply | B40: =SUM(B37:B39) -> #REF! | C40: =SUM(C37:C39) -> #REF! | D40: =SUM(D37:D39) -> 5308.796 | E40: =SUM(E37:E39) -> 5255.2434 | F40: =SUM(F37:F39) -> 5683.2083 | G40: =SUM(G37:G39) -> 5644.9588 | H40: =SUM(H37:H39) -> 5065.24 | I40: =SUM(I37:I39) -> 4753.6755 | ... BE40: =SUM(BE37:BE39) -> 27549.53
A41: Domestic Use | B41: =B50-B49 -> #REF! | C41: =C50-C49 -> #REF! | D41: =D50-D49 -> 1160.3516 | E41: =E50-E49 -> 1161.9366 | F41: =F50-F49 -> 1058.8658 | G41: =G50-G49 -> 596.18808 | H41: =H50-H49 -> 974.7086 | I41: =I50-I49 -> 1073.9548 | ... BE41: =BE50-BE49 -> 24702.279
A42: Biomass-Based Diesel Feedstock | B42: =B43+B44 -> 0 | C42: =C43+C44 -> 0 | D42: =D43+D44 -> 0 | E42: =E43+E44 -> 0 | F42: =F43+F44 -> 0 | G42: =G43+G44 -> 0 | H42: =H43+H44 -> 0 | I42: =I43+I44 -> 0 | ... BE42: =BE43+BE44 -> 15750.978
A43: Biodiesel | B43: =B80+B97+B114 -> 0 | C43: =C80+C97+C114 -> 0 | D43: =D80+D97+D114 -> 0 | E43: =E80+E97+E114 -> 0 | F43: =F80+F97+F114 -> 0 | G43: =G80+G97+G114 -> 0 | H43: =H80+H97+H114 -> 0 | I43: =I80+I97+I114 -> 0 | ... BE43: =BE80+BE97+BE114 -> 3382.5586
A44: Renewable Diesel | B44: =B81+B98+B115 -> 0 | C44: =C81+C98+C115 -> 0 | D44: =D81+D98+D115 -> 0 | E44: =E81+E98+E115 -> 0 | F44: =F81+F98+F115 -> 0 | G44: =G81+G98+G115 -> 0 | H44: =H81+H98+H115 -> 0 | I44: =I81+I98+I115 -> 0 | ... BE44: =BE81+BE98+BE115 -> 12368.419
A45: Non-Biofuel Use | B45: =B41-B42 -> #REF! | C45: =C41-C42 -> #REF! | D45: =D41-D42 -> 1160.3516 | E45: =E41-E42 -> 1161.9366 | F45: =F41-F42 -> 1058.8658 | G45: =G41-G42 -> 596.18808 | H45: =H41-H42 -> 974.7086 | I45: =I41-I42 -> 1073.9548 | ... BE45: =BE41-BE42 -> 8951.3012
A46: Food Use | B46: =B83+B100+B117 -> 1867.7438 | C46: =C83+C100+C117 -> 2340.0639 | D46: =D83+D100+D117 -> 2369.99 | E46: =E83+E100+E117 -> 2278.6498 | F46: =F83+F100+F117 -> 2463.4323 | G46: =G83+G100+G117 -> 2192.1828 | H46: =H83+H100+H117 -> 2254.9679 | I46: =I83+I100+I117 -> 2174.9728 | ... BE46: =BE83+BE100+BE117 -> 4597.8344
A47: Feed Use | B47: =B84+B101+B118 -> #REF! | C47: =C84+C101+C118 -> #REF! | D47: =D84+D101+D118 -> 865.30048 | E47: =E84+E101+E118 -> 730.88612 | F47: =F84+F101+F118 -> 996.5417 | G47: =G84+G101+G118 -> 1278.0266 | H47: =H84+H101+H118 -> 955.18462 | I47: =I84+I101+I118 -> 836.42902 | ... BE47: =BE84+BE101+BE118 -> 10787.841
A48: Residual Use | B48: =B41-B42-B45 -> #REF! | C48: =C41-C42-C45 -> #REF! | D48: =D41-D42-D45 -> 0 | E48: =E41-E42-E45 -> 0 | F48: =F41-F42-F45 -> 0 | G48: =G41-G42-G45 -> 0 | H48: =H41-H42-H45 -> 0 | I48: =I41-I42-I45 -> 0 | ... BE48: =BE41-BE42-BE45 -> 0
A49: Exports | B49: ='Canola Oil Trade'!C33 -> 3179.5254 | C49: ='Canola Oil Trade'!D33 -> 3542.6145 | D49: ='Canola Oil Trade'!E33 -> 4033.4386 | E49: ='Canola Oil Trade'!F33 -> 3941.3312 | F49: ='Canola Oil Trade'!G33 -> 4334.1541 | G49: ='Canola Oil Trade'!H33 -> 4678.8766 | H49: ='Canola Oil Trade'!I33 -> 3799.6645 | I49: ='Canola Oil Trade'!J33 -> 3407.6779 | ... BE49: ='Canola Oil Trade'!BF33 -> 0
A50: Total Use | B50: =B40-B51 -> #REF! | C50: =C40-C51 -> #REF! | D50: =D40-D51 -> 5193.7902 | E50: =E40-E51 -> 5103.2678 | F50: =F40-F51 -> 5393.0199 | G50: =G40-G51 -> 5275.0647 | H50: =H40-H51 -> 4774.3731 | I50: =I40-I51 -> 4481.6328 | ... BE50: =BE40-BE51 -> 24702.279
A51: Ending Stocks (September 30) | B51: =B87+B104+B121 -> 145.19218 | C51: =C87+C104+C121 -> 140.27418 | D51: =D87+D104+D121 -> 115.00582 | E51: =E87+E104+E121 -> 151.97564 | F51: =F87+F104+F121 -> 290.18848 | G51: =G87+G104+G121 -> 369.89404 | H51: =H87+H104+H121 -> 290.86682 | I51: =I87+I104+I121 -> 272.04274 | ... BE51: =BE87+BE104+BE121 -> 2847.2507
A52: Bold numbers are Jacobsen Estimates and Forecasts -
A53: Residual use is the difference in the intraregional trade balance (intraregional imports - intraregional exports)
A55: NORTH AMERICAN CANOLA OIL SUPPLY AND DEMAND NON-TRADE ADJUSTED (Million Pounds)
B56: 95/96 | C56: 96/97 | D56: 97/98 | E56: 98/99 | F56: 99/00 | G56: 00/01 | H56: 01/02 | I56: 02/03 | J56: 03/04 | K56: 04/05 | L56: 05/06 | M56: 06/07 | N56: 07/08 | O56: 08/09 | P56: 09/10 | Q56: 10/11 | R56: 11/12 | S56: 12/13 | T56: 13/14 | U56: 14/15 | V56: 15/16 | W56: 16/17 | X56: 17/18 | Y56: 2018 | Z56: 2019 | AA56: 2020 | AB56: 2021 | AC56: 2022 | AD56: 2023 | AE56: 2024 | AF56: 2025 | AG56: 2026 | AH56: 2027 | AI56: 2028 | AJ56: 2029 | AK56: 2030 | AL56: 2031 | AM56: 2032 | AN56: 2033 | AO56: 2034 | AP56: 2035 | AQ56: 2036 | AR56: 2037 | AS56: 2038 | AT56: 2039 | AU56: 2040 | AV56: 2041 | AW56: 2042 | AX56: 2043 | AY56: 2044 | AZ56: 2045 | BA56: 2046 | BB56: 2047 | BC56: 2048 | BD56: 2049 | BE56: 2050
A57: Beginning Stocks (October 1) | B57: =B74+B91+B108 -> #REF! | C57: =C74+C91+C108 -> #REF! | D57: =D74+D91+D108 -> 130.17418 | E57: =E74+E91+E108 -> 162.10582 | F57: =F74+F91+F108 -> 269.77564 | G57: =G74+G91+G108 -> 424.38848 | H57: =H74+H91+H108 -> 388.47804 | I57: =I74+I91+I108 -> 265.26182 | ... BE57: =BE74+BE91+BE108 -> 2783.743
A58: Production | B58: =B75+B92+B109 -> 3527.3754 | C58: =C75+C92+C109 -> 3368.9159 | D58: =D75+D92+D109 -> 3882.8111 | E58: =E75+E92+E109 -> 3800.9315 | F58: =F75+F92+F109 -> 4029.3634 | G58: =G75+G92+G109 -> 3810.4753 | H58: =H75+H92+H109 -> 3221.0431 | I58: =I75+I92+I109 -> 3153.0967 | ... BE58: =BE75+BE92+BE109 -> 24765.787
A59: Imports | B59: =B76+B93+B110 -> 1225.3279 | C59: =C76+C93+C110 -> 1373.7265 | D59: =D76+D93+D110 -> 1437.045 | E59: =E76+E93+E110 -> 1380.0519 | F59: =F76+F93+F110 -> 1531.6675 | G59: =G76+G93+G110 -> 1461.8013 | H59: =H76+H93+H110 -> 1321.0534 | I59: =I76+I93+I110 -> 1224.9168 | ... BE59: =BE76+BE93+BE110 -> 12990.908
A60: Total Supply | B60: =SUM(B57:B59) -> #REF! | C60: =SUM(C57:C59) -> #REF! | D60: =SUM(D57:D59) -> 5450.0303 | E60: =SUM(E57:E59) -> 5343.0892 | F60: =SUM(F57:F59) -> 5830.8065 | G60: =SUM(G57:G59) -> 5696.6651 | H60: =SUM(H57:H59) -> 4930.5746 | I60: =SUM(I57:I59) -> 4643.2753 | ... BE60: =SUM(BE57:BE59) -> 40540.438
A61: Domestic Use | B61: =B69-B68 -> #REF! | C61: =C69-C68 -> #REF! | D61: =D69-D68 -> 2990.9101 | E61: =E69-E68 -> 3112.9339 | F61: =F69-F68 -> 3369.0705 | G61: =G69-G68 -> 3486.5848 | H61: =H69-H68 -> 3258.1282 | I61: =I69-I68 -> 2937.1876 | ... BE61: =BE69-BE68 -> 31485.149
A62: Biomass-Based Diesel Feedstock | B62: =B63+B64 -> 0 | C62: =C63+C64 -> 0 | D62: =D63+D64 -> 0 | E62: =E63+E64 -> 0 | F62: =F63+F64 -> 0 | G62: =G63+G64 -> 0 | H62: =H63+H64 -> 0 | I62: =I63+I64 -> 0 | ... Y62: =Y63+Y64 -> 1650.6436 | Z62: =SUM(Z63:Z64) -> 1908.8587 | AA62: =SUM(AA63:AA64) -> 1923.0082 | AB62: =SUM(AB63:AB64) -> 2500.9755 | AC62: =SUM(AC63:AC64) -> 2340.1908 | AD62: =SUM(AD63:AD64) -> 5091.4889 | AE62: =SUM(AE63:AE64) -> 6679.8233 | AF62: =SUM(AF63:AF64) -> 6762.967 | AG62: =SUM(AG63:AG64) -> 8824.4033 | ... BE62: =SUM(BE63:BE64) -> 15750.978
A63: Biodiesel | B63: =B80+B97+B114 -> 0 | C63: =C80+C97+C114 -> 0 | D63: =D80+D97+D114 -> 0 | E63: =E80+E97+E114 -> 0 | F63: =F80+F97+F114 -> 0 | G63: =G80+G97+G114 -> 0 | H63: =H80+H97+H114 -> 0 | I63: =I80+I97+I114 -> 0 | ... BE63: =BE80+BE97+BE114 -> 3382.5586
A64: Renewable Diesel/SAF | B64: =B81+B98+B115 -> 0 | C64: =C81+C98+C115 -> 0 | D64: =D81+D98+D115 -> 0 | E64: =E81+E98+E115 -> 0 | F64: =F81+F98+F115 -> 0 | G64: =G81+G98+G115 -> 0 | H64: =H81+H98+H115 -> 0 | I64: =I81+I98+I115 -> 0 | ... BE64: =BE81+BE98+BE115 -> 12368.419
A65: Non-Biofuel Use | B65: =B61-B62 -> #REF! | C65: =C61-C62 -> #REF! | D65: =D61-D62 -> 2990.9101 | E65: =E61-E62 -> 3112.9339 | F65: =F61-F62 -> 3369.0705 | G65: =G61-G62 -> 3486.5848 | H65: =H61-H62 -> 3258.1282 | I65: =I61-I62 -> 2937.1876 | ... BE65: =BE61-BE62 -> 15734.171
A66: Food Use | B66: =B83+B100+B117 -> 1867.7438 | C66: =C83+C100+C117 -> 2340.0639 | D66: =D83+D100+D117 -> 2369.99 | E66: =E83+E100+E117 -> 2278.6498 | F66: =F83+F100+F117 -> 2463.4323 | G66: =G83+G100+G117 -> 2192.1828 | H66: =H83+H100+H117 -> 2254.9679 | I66: =I83+I100+I117 -> 2174.9728 | ... BE66: =BE83+BE100+BE117 -> 4597.8344
A67: Feed Use | B67: =B65-B66 -> #REF! | C67: =C65-C66 -> #REF! | D67: =D65-D66 -> 620.92005 | E67: =E65-E66 -> 834.28414 | F67: =F65-F66 -> 905.63816 | G67: =G65-G66 -> 1294.402 | H67: =H65-H66 -> 1003.1602 | I67: =I65-I66 -> 762.21476 | ... BE67: =BE65-BE66 -> 11136.336
A68: Exports | B68: =B85+B102+B119 -> 1548.151 | C68: =C85+C102+C119 -> 2002.8786 | D68: =D85+D102+D119 -> 2344.1144 | E68: =E85+E102+E119 -> 2078.1797 | F68: =F85+F102+F119 -> 2171.5476 | G68: =G85+G102+G119 -> 1840.1863 | H68: =H85+H102+H119 -> 1381.5796 | I68: =I85+I102+I119 -> 1434.0449 | ... BE68: =BE85+BE102+BE119 -> 6208.0385
A69: Total Use | B69: =B60-B70 -> #REF! | C69: =C60-C70 -> #REF! | D69: =D60-D70 -> 5335.0245 | E69: =E60-E70 -> 5191.1136 | F69: =F60-F70 -> 5540.6181 | G69: =G60-G70 -> 5326.7711 | H69: =H60-H70 -> 4639.7077 | I69: =I60-I70 -> 4371.2325 | ... BE69: =BE60-BE70 -> 37693.187
A70: Ending Stocks (September 30) | B70: =B87+B104+B121 -> 145.19218 | C70: =C87+C104+C121 -> 140.27418 | D70: =D87+D104+D121 -> 115.00582 | E70: =E87+E104+E121 -> 151.97564 | F70: =F87+F104+F121 -> 290.18848 | G70: =G87+G104+G121 -> 369.89404 | H70: =H87+H104+H121 -> 290.86682 | I70: =I87+I104+I121 -> 272.04274 | ... BE70: =BE87+BE104+BE121 -> 2847.2507
A72: US CANOLA OIL SUPPLY AND DEMAND (Million Pounds)
B73: =B3 -> #REF! | C73: =C3 -> #REF! | D73: =D3 -> 97/98 | E73: =E3 -> 98/99 | F73: =F3 -> 99/00 | G73: =G3 -> 00/01 | H73: =H3 -> 01/02 | I73: =I3 -> 02/03 | ... X73: =X3 -> 17/18 | Y73: =Y56 -> 2018 | Z73: =Z56 -> 2019 | AA73: =AA56 -> 2020 | AB73: =AB56 -> 2021 | AC73: =AC56 -> 2022 | AD73: =AD56 -> 2023 | AE73: =AE56 -> 2024 | AF73: =AF56 -> 2025 | ... BE73: =BE56 -> 2050
A74: Beginning Stocks (October 1) | B74: ='[6]Canola Complex'!AK$33 -> #REF! | C74: ='[7]Canola Complex'!AL$33 -> #REF! | D74: ='[8]Canola Complex'!AM$33 -> 58.1 | E74: ='[8]Canola Complex'!AN$33 -> 115.3 | F74: ='[8]Canola Complex'!AO$33 -> 186 | G74: ='[8]Canola Complex'!AP$33 -> 202.4 | H74: ='[8]Canola Complex'!AQ$33 -> 86.784 | I74: ='[8]Canola Complex'!AR$33 -> 42.595 | J74: ='[8]Canola Complex'!AS$33 -> 61 | K74: ='[8]Canola Complex'!AT$33 -> 61.8 | ... Y74: ='[8]Canola Complex'!BH$33 -> 194.568 | Z74: ='[8]Canola Complex'!BH$420 -> 208.531 | AA74: ='[8]Canola Complex'!BI$420 -> 130.749 | AB74: ='[8]Canola Complex'!BJ$420 -> 164.607 | AC74: ='[8]Canola Complex'!BK$420 -> 139.171 | AD74: ='[8]Canola Complex'!BL$420 -> 190.643 | AE74: ='[8]Canola Complex'!BM$420 -> 189.724 | AF74: ='[8]Canola Complex'!BN$420 -> 126.239 | AG74: ='[8]Canola Complex'!BO$420 -> 314.18641 | ... BE74: ='[8]Canola Complex'!CM$420 -> 2197.8223
A75: Production | B75: ='[8]Canola Complex'!$AK$34 -> 361.55801 | C75: ='[8]Canola Complex'!$AK$34 -> 361.55801 | D75: ='[8]Canola Complex'!$AK$34 -> 361.55801 | E75: ='[8]Canola Complex'!$AK$34 -> 361.55801 | F75: ='[8]Canola Complex'!$AK$34 -> 361.55801 | G75: ='[8]Canola Complex'!$AK$34 -> 361.55801 | H75: ='[8]Canola Complex'!$AK$34 -> 361.55801 | I75: ='[8]Canola Complex'!$AK$34 -> 361.55801 | ... Y75: ='[8]Canola Complex'!$AK$34 -> 361.55801 | Z75: =SUM('[8]Canola Complex'!BH$213:BH$221,'[8]Canola Complex'!BI$210:BI$212) -> 1547.748 | AA75: =SUM('[8]Canola Complex'!BI$213:BI$221,'[8]Canola Complex'!BJ$210:BJ$212) -> 1909.588 | AB75: =SUM('[8]Canola Complex'!BJ$213:BJ$221,'[8]Canola Complex'!BK$210:BK$212) -> 1680.976 | AC75: =SUM('[8]Canola Complex'!BK$213:BK$221,'[8]Canola Complex'!BL$210:BL$212) -> 1514.975 | AD75: =SUM('[8]Canola Complex'!BL$213:BL$221,'[8]Canola Complex'!BM$210:BM$212) -> 1819.314 | AE75: =SUM('[8]Canola Complex'!BM$213:BM$221,'[8]Canola Complex'!BN$210:BN$212) -> 1932.886 | AF75: =SUM('[8]Canola Complex'!BN$213:BN$221,'[8]Canola Complex'!BO$210:BO$212) -> 1863.6942 | AG75: =SUM('[8]Canola Complex'!BO$213:BO$221,'[8]Canola Complex'!BP$210:BP$212) -> 2022.7334 | ... BE75: =SUM('[8]Canola Complex'!CM$213:CM$221,'[8]Canola Complex'!CN$210:CN$212) -> 2564.5763
A76: Imports | B76: ='[8]Canola Complex'!AK$35 -> 1095.4853 | C76: ='[8]Canola Complex'!AL$35 -> 1105.9356 | D76: ='[8]Canola Complex'!AM$35 -> 1110.1004 | E76: ='[8]Canola Complex'!AN$35 -> 1108.1039 | F76: ='[8]Canola Complex'!AO$35 -> 1176.954 | G76: ='[8]Canola Complex'!AP$35 -> 1200.4687 | H76: ='[8]Canola Complex'!AQ$35 -> 1109.3587 | I76: ='[8]Canola Complex'!AR$35 -> 981.88926 | ... Y76: ='[8]Canola Complex'!BH$35 -> 3898.1774 | Z76: =SUM('[8]Canola Complex'!BH$277:BH$285,'[8]Canola Complex'!BI$274:BI$276) -> 4032.7162 | AA76: =SUM('[8]Canola Complex'!BI$277:BI$285,'[8]Canola Complex'!BJ$274:BJ$276) -> 3895.6429 | AB76: =SUM('[8]Canola Complex'!BJ$277:BJ$285,'[8]Canola Complex'!BK$274:BK$276) -> 4338.6703 | AC76: =SUM('[8]Canola Complex'!BK$277:BK$285,'[8]Canola Complex'!BL$274:BL$276) -> 4713.5107 | AD76: =SUM('[8]Canola Complex'!BL$277:BL$285,'[8]Canola Complex'!BM$274:BM$276) -> 6623.1018 | AE76: =SUM('[8]Canola Complex'!BM$277:BM$285,'[8]Canola Complex'!BN$274:BN$276) -> 7589.7007 | AF76: =SUM('[8]Canola Complex'!BN$277:BN$285,'[8]Canola Complex'!BO$274:BO$276) -> 6082.9391 | AG76: =SUM('[8]Canola Complex'!BO$277:BO$285,'[8]Canola Complex'!BP$274:BP$276) -> 6143.2595 | ... BE76: =SUM('[8]Canola Complex'!CM$277:CM$285,'[8]Canola Complex'!CN$274:CN$276) -> 12460.966
A77: Total Supply | B77: =SUM(B74:B76) -> #REF! | C77: =SUM(C74:C76) -> #REF! | D77: =SUM(D74:D76) -> 1529.7584 | E77: =SUM(E74:E76) -> 1584.9619 | F77: =SUM(F74:F76) -> 1724.512 | G77: =SUM(G74:G76) -> 1764.4267 | H77: =SUM(H74:H76) -> 1557.7007 | I77: =SUM(I74:I76) -> 1386.0423 | ... BE77: =SUM(BE74:BE76) -> 17223.365
A78: Domestic Use | B78: =B86-B85 -> #REF! | C78: =C86-C85 -> #REF! | D78: =D86-D85 -> 1314.4997 | E78: =E86-E85 -> 1369.7032 | F78: =F86-F85 -> 1509.2533 | G78: =G86-G85 -> 1549.1681 | H78: =H86-H85 -> 1342.4421 | I78: =I86-I85 -> 1170.7836 | ... BE78: =BE86-BE85 -> 14804.836
A79: Biomass-Based Diesel Feedstock | B79: =B80+B81 -> 0 | C79: =C80+C81 -> 0 | D79: =D80+D81 -> 0 | E79: =E80+E81 -> 0 | F79: =F80+F81 -> 0 | G79: =G80+G81 -> 0 | H79: =H80+H81 -> 0 | I79: =I80+I81 -> 0 | ... BE79: =BE80+BE81 -> 9779.0675
A80: Biodiesel | B80: ='[8]Canola Complex'!AK$39 -> 0 | C80: ='[8]Canola Complex'!AL$39 -> 0 | D80: ='[8]Canola Complex'!AM$39 -> 0 | E80: ='[8]Canola Complex'!AN$39 -> 0 | F80: ='[8]Canola Complex'!AO$39 -> 0 | G80: ='[8]Canola Complex'!AP$39 -> 0 | H80: ='[8]Canola Complex'!AQ$39 -> 0 | I80: ='[8]Canola Complex'!AR$39 -> 0 | ... Y80: ='[8]Canola Complex'!BH$39 -> 1177.4771 | Z80: =SUM('[8]Canola Complex'!BH$341:BH$349,'[8]Canola Complex'!BI$338:BI$340) -> 1230.2569 | AA80: =SUM('[8]Canola Complex'!BI$341:BI$349,'[8]Canola Complex'!BJ$338:BJ$340) -> 1217.4562 | AB80: =SUM('[8]Canola Complex'!BJ$341:BJ$349,'[8]Canola Complex'!BK$338:BK$340) -> 1844.048 | AC80: =SUM('[8]Canola Complex'!BK$341:BK$349,'[8]Canola Complex'!BL$338:BL$340) -> 1338.3621 | AD80: =SUM('[8]Canola Complex'!BL$341:BL$349,'[8]Canola Complex'!BM$338:BM$340) -> 1827.8696 | AE80: =SUM('[8]Canola Complex'!BM$341:BM$349,'[8]Canola Complex'!BN$338:BN$340) -> 1746.5289 | AF80: =SUM('[8]Canola Complex'!BN$341:BN$349,'[8]Canola Complex'!BO$338:BO$340) -> 1566.1575 | AG80: =SUM('[8]Canola Complex'!BO$341:BO$349,'[8]Canola Complex'!BP$338:BP$340) -> 1911.3493 | ... BE80: =SUM('[8]Canola Complex'!CM$341:CM$349,'[8]Canola Complex'!CN$338:CN$340) -> 765.7322
A81: Renewable Diesel/SAF | B81: ='[8]Canola Complex'!AK$40 -> 0 | C81: ='[8]Canola Complex'!AL$40 -> 0 | D81: ='[8]Canola Complex'!AM$40 -> 0 | E81: ='[8]Canola Complex'!AN$40 -> 0 | F81: ='[8]Canola Complex'!AO$40 -> 0 | G81: ='[8]Canola Complex'!AP$40 -> 0 | H81: ='[8]Canola Complex'!AQ$40 -> 0 | I81: ='[8]Canola Complex'!AR$40 -> 0 | ... Y81: ='[8]Canola Complex'!BH$40 -> 0 | Z81: =SUM('[8]Canola Complex'!BH$357:BH$365,'[8]Canola Complex'!BI$354:BI$356,'[8]Canola Complex'!BH$373:BH$381,'[8]Canola Complex'!BI$370:BI$372,'[8]Canola Complex'!BH$389:BH$397,'[8]Canola Complex'!BI$386:BI$388) -> 0 | AA81: =SUM('[8]Canola Complex'!BI$357:BI$365,'[8]Canola Complex'!BJ$354:BJ$356,'[8]Canola Complex'!BI$373:BI$381,'[8]Canola Complex'!BJ$370:BJ$372,'[8]Canola Complex'!BI$389:BI$397,'[8]Canola Complex'!BJ$386:BJ$388) -> 0 | AB81: =SUM('[8]Canola Complex'!BJ$357:BJ$365,'[8]Canola Complex'!BK$354:BK$356,'[8]Canola Complex'!BJ$373:BJ$381,'[8]Canola Complex'!BK$370:BK$372,'[8]Canola Complex'!BJ$389:BJ$397,'[8]Canola Complex'!BK$386:BK$388) -> 0 | AC81: =SUM('[8]Canola Complex'!BK$357:BK$365,'[8]Canola Complex'!BL$354:BL$356,'[8]Canola Complex'!BK$373:BK$381,'[8]Canola Complex'!BL$370:BL$372,'[8]Canola Complex'!BK$389:BK$397,'[8]Canola Complex'!BL$386:BL$388) -> 51.599195 | AD81: =SUM('[8]Canola Complex'!BL$357:BL$365,'[8]Canola Complex'!BM$354:BM$356,'[8]Canola Complex'!BL$373:BL$381,'[8]Canola Complex'!BM$370:BM$372,'[8]Canola Complex'!BL$389:BL$397,'[8]Canola Complex'!BM$386:BM$388) -> 1554.3993 | AE81: =SUM('[8]Canola Complex'!BM$357:BM$365,'[8]Canola Complex'!BN$354:BN$356,'[8]Canola Complex'!BM$373:BM$381,'[8]Canola Complex'!BN$370:BN$372,'[8]Canola Complex'!BM$389:BM$397,'[8]Canola Complex'!BN$386:BN$388) -> 3058.6018 | AF81: =SUM('[8]Canola Complex'!BN$357:BN$365,'[8]Canola Complex'!BO$354:BO$356,'[8]Canola Complex'!BN$373:BN$381,'[8]Canola Complex'!BO$370:BO$372,'[8]Canola Complex'!BN$389:BN$397,'[8]Canola Complex'!BO$386:BO$388) -> 1732.1009 | AG81: =SUM('[8]Canola Complex'!BO$357:BO$365,'[8]Canola Complex'!BP$354:BP$356,'[8]Canola Complex'!BO$373:BO$381,'[8]Canola Complex'!BP$370:BP$372,'[8]Canola Complex'!BO$389:BO$397,'[8]Canola Complex'!BP$386:BP$388) -> 1789.7228 | ... BE81: =SUM('[8]Canola Complex'!CM$357:CM$365,'[8]Canola Complex'!CN$354:CN$356,'[8]Canola Complex'!CM$373:CM$381,'[8]Canola Complex'!CN$370:CN$372,'[8]Canola Complex'!CM$389:CM$397,'[8]Canola Complex'!CN$386:CN$388) -> 9013.3353
A82: Non-Biofuel Use | B82: =B78-B79 -> #REF! | C82: =C78-C79 -> #REF! | D82: =D78-D79 -> 1314.4997 | E82: =E78-E79 -> 1369.7032 | F82: =F78-F79 -> 1509.2533 | G82: =G78-G79 -> 1549.1681 | H82: =H78-H79 -> 1342.4421 | I82: =I78-I79 -> 1170.7836 | ... BE82: =BE78-BE79 -> 5025.7681
A83: Food Use | B83: ='[8]Canola Complex'!AK$42 -> 147.05865 | C83: ='[8]Canola Complex'!AL$42 -> 295.0256 | D83: ='[8]Canola Complex'!AM$42 -> 348.93655 | E83: ='[8]Canola Complex'!AN$42 -> 271.67755 | F83: ='[8]Canola Complex'!AO$42 -> 284.31356 | G83: ='[8]Canola Complex'!AP$42 -> 187.07717 | H83: ='[8]Canola Complex'!AQ$42 -> 254.73944 | I83: ='[8]Canola Complex'!AR$42 -> 160.51191 | ... BE83: ='[8]Canola Complex'!CN$42 -> 135
A84: Feed Use | B84: =B82-B83 -> #REF! | C84: =C82-C83 -> #REF! | D84: =D82-D83 -> 965.56318 | E84: =E82-E83 -> 1098.0257 | F84: =F82-F83 -> 1224.9398 | G84: =G82-G83 -> 1362.0909 | H84: =H82-H83 -> 1087.7027 | I84: =I82-I83 -> 1010.2717 | ... BE84: =BE82-BE83 -> 4890.7681
A85: Exports | B85: ='[8]Canola Complex'!$AK$42 -> 147.05865 | C85: ='[8]Canola Complex'!$AK$42 -> 147.05865 | D85: ='[8]Canola Complex'!$AK$42 -> 147.05865 | E85: ='[8]Canola Complex'!$AK$42 -> 147.05865 | F85: ='[8]Canola Complex'!$AK$42 -> 147.05865 | G85: ='[8]Canola Complex'!$AK$42 -> 147.05865 | H85: ='[8]Canola Complex'!$AK$42 -> 147.05865 | I85: ='[8]Canola Complex'!$AK$42 -> 147.05865 | ... X85: ='[8]Canola Complex'!$AK$42 -> 147.05865 | Y85: =SUM('[8]Canola Complex'!BH$293:BH$301,'[8]Canola Complex'!BI$290:BI$292) -> 222.87388 | Z85: =SUM('[8]Canola Complex'!BH$293:BH$301,'[8]Canola Complex'!BI$290:BI$292) -> 222.87388 | AA85: =SUM('[8]Canola Complex'!BI$293:BI$301,'[8]Canola Complex'!BJ$290:BJ$292) -> 122.62768 | AB85: =SUM('[8]Canola Complex'!BJ$293:BJ$301,'[8]Canola Complex'!BK$290:BK$292) -> 147.08876 | AC85: =SUM('[8]Canola Complex'!BK$293:BK$301,'[8]Canola Complex'!BL$290:BL$292) -> 126.67319 | AD85: =SUM('[8]Canola Complex'!BL$293:BL$301,'[8]Canola Complex'!BM$290:BM$292) -> 89.127225 | AE85: =SUM('[8]Canola Complex'!BM$293:BM$301,'[8]Canola Complex'!BN$290:BN$292) -> 76.509918 | AF85: =SUM('[8]Canola Complex'!BN$293:BN$301,'[8]Canola Complex'!BO$290:BO$292) -> 138.73807 | AG85: =SUM('[8]Canola Complex'!BO$293:BO$301,'[8]Canola Complex'!BP$290:BP$292) -> 119.72696 | ... BE85: =SUM('[8]Canola Complex'!CM$293:CM$301,'[8]Canola Complex'!CN$290:CN$292) -> 134.30484
A86: Total Use | B86: =B77-B87 -> #REF! | C86: =C77-C87 -> #REF! | D86: =D77-D87 -> 1461.5584 | E86: =E77-E87 -> 1516.7619 | F86: =F77-F87 -> 1656.312 | G86: =G77-G87 -> 1696.2267 | H86: =H77-H87 -> 1489.5007 | I86: =I77-I87 -> 1317.8423 | ... BE86: =BE77-BE87 -> 14939.14
A87: Ending Stocks (September 30) | B87: ='[8]Canola Complex'!$AK$44 -> 68.2 | C87: ='[8]Canola Complex'!$AK$44 -> 68.2 | D87: ='[8]Canola Complex'!$AK$44 -> 68.2 | E87: ='[8]Canola Complex'!$AK$44 -> 68.2 | F87: ='[8]Canola Complex'!$AK$44 -> 68.2 | G87: ='[8]Canola Complex'!$AK$44 -> 68.2 | H87: ='[8]Canola Complex'!$AK$44 -> 68.2 | I87: ='[8]Canola Complex'!$AK$44 -> 68.2 | ... X87: ='[8]Canola Complex'!$AK$44 -> 68.2 | Y87: ='[8]Canola Complex'!AK$44 -> 68.2 | Z87: ='[8]Canola Complex'!BI$420 -> 130.749 | AA87: ='[8]Canola Complex'!BJ$420 -> 164.607 | AB87: ='[8]Canola Complex'!BK$420 -> 139.171 | AC87: ='[8]Canola Complex'!BL$420 -> 190.643 | AD87: ='[8]Canola Complex'!BM$420 -> 189.724 | AE87: ='[8]Canola Complex'!BN$420 -> 126.239 | AF87: ='[8]Canola Complex'!BO$420 -> 314.18641 | AG87: ='[8]Canola Complex'!BP$420 -> 364.43563 | ... BE87: ='[8]Canola Complex'!CN$420 -> 2284.2241
A89: CANADA CANOLA OIL SUPPLY AND DEMAND (Million Pounds)
B90: =B3 -> #REF! | C90: =C3 -> #REF! | D90: =D3 -> 97/98 | E90: =E3 -> 98/99 | F90: =F3 -> 99/00 | G90: =G3 -> 00/01 | H90: =H3 -> 01/02 | I90: =I3 -> 02/03 | ... X90: =X3 -> 17/18 | Y90: =Y56 -> 2018 | Z90: =Z56 -> 2019 | AA90: =AA56 -> 2020 | AB90: =AB56 -> 2021 | AC90: =AC56 -> 2022 | AD90: =AD56 -> 2023 | AE90: =AE56 -> 2024 | AF90: =AF56 -> 2025 | ... BE90: =BE56 -> 2050
A91: Beginning Stocks (October 1) | B91: ='[11]Canada Rapeseed'!D$418*2204.622/1000 -> 43.414095 | C91: ='[11]Canada Rapeseed'!E$418*2204.622/1000 -> 65.969074 | D91: ='[11]Canada Rapeseed'!F$418*2204.622/1000 -> 72.074181 | E91: ='[11]Canada Rapeseed'!G$418*2204.622/1000 -> 46.805821 | F91: ='[11]Canada Rapeseed'!H$418*2204.622/1000 -> 83.775636 | G91: ='[11]Canada Rapeseed'!I$418*2204.622/1000 -> 221.98848 | H91: ='[11]Canada Rapeseed'!J$418*2204.622/1000 -> 301.69404 | I91: ='[11]Canada Rapeseed'!K$418*2204.622/1000 -> 222.66682 | ... BE91: ='[11]Canada Rapeseed'!BG$418*2204.622/1000 -> 409.55093
A92: Production | B92: =SUM('[11]Canada Rapeseed'!D$211:D$220,'[11]Canada Rapeseed'!E$209:E$210)*2204.622/1000 -> 2658.7543 | C92: =SUM('[11]Canada Rapeseed'!E$211:E$220,'[11]Canada Rapeseed'!F$209:F$210)*2204.622/1000 -> 2500.2949 | D92: =SUM('[11]Canada Rapeseed'!F$211:F$220,'[11]Canada Rapeseed'!G$209:G$210)*2204.622/1000 -> 3018.5993 | E92: =SUM('[11]Canada Rapeseed'!G$211:G$220,'[11]Canada Rapeseed'!H$209:H$210)*2204.622/1000 -> 2769.1684 | F92: =SUM('[11]Canada Rapeseed'!H$211:H$220,'[11]Canada Rapeseed'!I$209:I$210)*2204.622/1000 -> 2803.5935 | G92: =SUM('[11]Canada Rapeseed'!I$211:I$220,'[11]Canada Rapeseed'!J$209:J$210)*2204.622/1000 -> 2697.1412 | H92: =SUM('[11]Canada Rapeseed'!J$211:J$220,'[11]Canada Rapeseed'!K$209:K$210)*2204.622/1000 -> 2131.9599 | I92: =SUM('[11]Canada Rapeseed'!K$211:K$220,'[11]Canada Rapeseed'!L$209:L$210)*2204.622/1000 -> 2125.7428 | ... BE92: =SUM('[11]Canada Rapeseed'!BG$211:BG$220,'[11]Canada Rapeseed'!BH$209:BH$210)*2204.622/1000 -> 20435.253
A93: Imports | B93: =SUM('[11]Canada Rapeseed'!D$259:D$268,'[11]Canada Rapeseed'!E$257:E$258)*2204.622/1000 -> 61.398723 | C93: =SUM('[11]Canada Rapeseed'!E$259:E$268,'[11]Canada Rapeseed'!F$257:F$258)*2204.622/1000 -> 140.81362 | D93: =SUM('[11]Canada Rapeseed'!F$259:F$268,'[11]Canada Rapeseed'!G$257:G$258)*2204.622/1000 -> 145.58442 | E93: =SUM('[11]Canada Rapeseed'!G$259:G$268,'[11]Canada Rapeseed'!H$257:H$258)*2204.622/1000 -> 29.215651 | F93: =SUM('[11]Canada Rapeseed'!H$259:H$268,'[11]Canada Rapeseed'!I$257:I$258)*2204.622/1000 -> 236.12383 | G93: =SUM('[11]Canada Rapeseed'!I$259:I$268,'[11]Canada Rapeseed'!J$257:J$258)*2204.622/1000 -> 113.88416 | H93: =SUM('[11]Canada Rapeseed'!J$259:J$268,'[11]Canada Rapeseed'!K$257:K$258)*2204.622/1000 -> 61.913669 | I93: =SUM('[11]Canada Rapeseed'!K$259:K$268,'[11]Canada Rapeseed'!L$257:L$258)*2204.622/1000 -> 65.879765 | ... BE93: =SUM('[11]Canada Rapeseed'!BG$259:BG$268,'[11]Canada Rapeseed'!BH$257:BH$258)*2204.622/1000 -> 66.971375
A94: Total Supply | B94: =SUM(B91:B93) -> 2763.5671 | C94: =SUM(C91:C93) -> 2707.0776 | D94: =SUM(D91:D93) -> 3236.2579 | E94: =SUM(E91:E93) -> 2845.1898 | F94: =SUM(F91:F93) -> 3123.493 | G94: =SUM(G91:G93) -> 3033.0138 | H94: =SUM(H91:H93) -> 2495.5676 | I94: =SUM(I91:I93) -> 2414.2894 | ... BE94: =SUM(BE91:BE93) -> 20911.775
A95: Domestic Use | B95: =B103-B102 -> 1296.5497 | C95: =C103-C102 -> 779.21211 | D95: =D103-D102 -> 994.5679 | E95: =E103-E102 -> 831.08907 | F95: =F103-F102 -> 878.927 | G95: =G103-G102 -> 1039.6361 | H95: =H103-H102 -> 1039.158 | I95: =I103-I102 -> 923.61913 | ... BE95: =BE103-BE102 -> 14462.408
A96: Biomass-Based Diesel Feedstock | B96: =B97+B98 -> 0 | C96: =C97+C98 -> 0 | D96: =D97+D98 -> 0 | E96: =E97+E98 -> 0 | F96: =F97+F98 -> 0 | G96: =G97+G98 -> 0 | H96: =H97+H98 -> 0 | I96: =I97+I98 -> 0 | ... BE96: =BE97+BE98 -> 5971.9105
A97: Biodiesel | B97: =SUM('[11]Canada Rapeseed'!D$323:D$332,'[11]Canada Rapeseed'!E$321:E$322)*2204.622/1000 -> 0 | C97: =SUM('[11]Canada Rapeseed'!E$323:E$332,'[11]Canada Rapeseed'!F$321:F$322)*2204.622/1000 -> 0 | D97: =SUM('[11]Canada Rapeseed'!F$323:F$332,'[11]Canada Rapeseed'!G$321:G$322)*2204.622/1000 -> 0 | E97: =SUM('[11]Canada Rapeseed'!G$323:G$332,'[11]Canada Rapeseed'!H$321:H$322)*2204.622/1000 -> 0 | F97: =SUM('[11]Canada Rapeseed'!H$323:H$332,'[11]Canada Rapeseed'!I$321:I$322)*2204.622/1000 -> 0 | G97: =SUM('[11]Canada Rapeseed'!I$323:I$332,'[11]Canada Rapeseed'!J$321:J$322)*2204.622/1000 -> 0 | H97: =SUM('[11]Canada Rapeseed'!J$323:J$332,'[11]Canada Rapeseed'!K$321:K$322)*2204.622/1000 -> 0 | I97: =SUM('[11]Canada Rapeseed'!K$323:K$332,'[11]Canada Rapeseed'!L$321:L$322)*2204.622/1000 -> 0 | ... BE97: =SUM('[11]Canada Rapeseed'!BG$323:BG$332,'[11]Canada Rapeseed'!BH$321:BH$322)*2204.622/1000 -> 2616.8264
A98: Renewable Diesel/SAF | B98: =SUM('[11]Canada Rapeseed'!D$339:D$348,'[11]Canada Rapeseed'!E$337:E$338)*2204.622/1000 -> 0 | C98: =SUM('[11]Canada Rapeseed'!E$339:E$348,'[11]Canada Rapeseed'!F$337:F$338)*2204.622/1000 -> 0 | D98: =SUM('[11]Canada Rapeseed'!F$339:F$348,'[11]Canada Rapeseed'!G$337:G$338)*2204.622/1000 -> 0 | E98: =SUM('[11]Canada Rapeseed'!G$339:G$348,'[11]Canada Rapeseed'!H$337:H$338)*2204.622/1000 -> 0 | F98: =SUM('[11]Canada Rapeseed'!H$339:H$348,'[11]Canada Rapeseed'!I$337:I$338)*2204.622/1000 -> 0 | G98: =SUM('[11]Canada Rapeseed'!I$339:I$348,'[11]Canada Rapeseed'!J$337:J$338)*2204.622/1000 -> 0 | H98: =SUM('[11]Canada Rapeseed'!J$339:J$348,'[11]Canada Rapeseed'!K$337:K$338)*2204.622/1000 -> 0 | I98: =SUM('[11]Canada Rapeseed'!K$339:K$348,'[11]Canada Rapeseed'!L$337:L$338)*2204.622/1000 -> 0 | ... BE98: =SUM('[11]Canada Rapeseed'!BG$339:BG$348,'[11]Canada Rapeseed'!BH$337:BH$338)*2204.622/1000 -> 3355.0841
A99: Non-Biofuel Use | B99: =SUM('[11]Canada Rapeseed'!D$371:D$380,'[11]Canada Rapeseed'!E$369:E$370)*2204.622/1000 -> 1296.5497 | C99: =SUM('[11]Canada Rapeseed'!E$371:E$380,'[11]Canada Rapeseed'!F$369:F$370)*2204.622/1000 -> 779.21211 | D99: =SUM('[11]Canada Rapeseed'!F$371:F$380,'[11]Canada Rapeseed'!G$369:G$370)*2204.622/1000 -> 994.5679 | E99: =SUM('[11]Canada Rapeseed'!G$371:G$380,'[11]Canada Rapeseed'!H$369:H$370)*2204.622/1000 -> 831.08907 | F99: =SUM('[11]Canada Rapeseed'!H$371:H$380,'[11]Canada Rapeseed'!I$369:I$370)*2204.622/1000 -> 878.927 | G99: =SUM('[11]Canada Rapeseed'!I$371:I$380,'[11]Canada Rapeseed'!J$369:J$370)*2204.622/1000 -> 1039.6361 | H99: =SUM('[11]Canada Rapeseed'!J$371:J$380,'[11]Canada Rapeseed'!K$369:K$370)*2204.622/1000 -> 1039.158 | I99: =SUM('[11]Canada Rapeseed'!K$371:K$380,'[11]Canada Rapeseed'!L$369:L$370)*2204.622/1000 -> 923.61913 | ... BE99: =SUM('[11]Canada Rapeseed'!BG$371:BG$380,'[11]Canada Rapeseed'!BH$369:BH$370)*2204.622/1000 -> 8168.0016
A100: Food Use | B100: =SUM('[11]Canada Rapeseed'!C$387:C$396,'[11]Canada Rapeseed'!D$385:D$386)*2204.622/1000 -> 1156.2454 | C100: =SUM('[11]Canada Rapeseed'!D$387:D$396,'[11]Canada Rapeseed'!E$385:E$386)*2204.622/1000 -> 1400.0035 | D100: =SUM('[11]Canada Rapeseed'!E$387:E$396,'[11]Canada Rapeseed'!F$385:F$386)*2204.622/1000 -> 1339.211 | E100: =SUM('[11]Canada Rapeseed'!F$387:F$396,'[11]Canada Rapeseed'!G$385:G$386)*2204.622/1000 -> 1094.8306 | F100: =SUM('[11]Canada Rapeseed'!G$387:G$396,'[11]Canada Rapeseed'!H$385:H$386)*2204.622/1000 -> 1198.2286 | G100: =SUM('[11]Canada Rapeseed'!H$387:H$396,'[11]Canada Rapeseed'!I$385:I$386)*2204.622/1000 -> 1107.3251 | H100: =SUM('[11]Canada Rapeseed'!I$387:I$396,'[11]Canada Rapeseed'!J$385:J$386)*2204.622/1000 -> 1123.7005 | I100: =SUM('[11]Canada Rapeseed'!J$387:J$396,'[11]Canada Rapeseed'!K$385:K$386)*2204.622/1000 -> 1171.6761 | ... BE100: =SUM('[11]Canada Rapeseed'!BF$387:BF$396,'[11]Canada Rapeseed'!BG$385:BG$386)*2204.622/1000 -> 2244.9289
A101: Feed Use | B101: =SUM('[11]Canada Rapeseed'!D$403:D$412,'[11]Canada Rapeseed'!E$401:E$402)*2204.622/1000 -> -103.45373 | C101: =SUM('[11]Canada Rapeseed'!E$403:E$412,'[11]Canada Rapeseed'!F$401:F$402)*2204.622/1000 -> -559.99892 | D101: =SUM('[11]Canada Rapeseed'!F$403:F$412,'[11]Canada Rapeseed'!G$401:G$402)*2204.622/1000 -> -100.2627 | E101: =SUM('[11]Canada Rapeseed'!G$403:G$412,'[11]Canada Rapeseed'!H$401:H$402)*2204.622/1000 -> -367.13955 | F101: =SUM('[11]Canada Rapeseed'!H$403:H$412,'[11]Canada Rapeseed'!I$401:I$402)*2204.622/1000 -> -228.39809 | G101: =SUM('[11]Canada Rapeseed'!I$403:I$412,'[11]Canada Rapeseed'!J$401:J$402)*2204.622/1000 -> -84.064343 | H101: =SUM('[11]Canada Rapeseed'!J$403:J$412,'[11]Canada Rapeseed'!K$401:K$402)*2204.622/1000 -> -132.51803 | I101: =SUM('[11]Canada Rapeseed'!K$403:K$412,'[11]Canada Rapeseed'!L$401:L$402)*2204.622/1000 -> -173.84268 | ... BE101: =SUM('[11]Canada Rapeseed'!BG$403:BG$412,'[11]Canada Rapeseed'!BH$401:BH$402)*2204.622/1000 -> 5897.0725
A102: Exports | B102: =SUM('[11]Canada Rapeseed'!D$275:D$284,'[11]Canada Rapeseed'!E$273:E$274)*2204.622/1000 -> 1401.0483 | C102: =SUM('[11]Canada Rapeseed'!E$275:E$284,'[11]Canada Rapeseed'!F$273:F$274)*2204.622/1000 -> 1855.7913 | D102: =SUM('[11]Canada Rapeseed'!F$275:F$284,'[11]Canada Rapeseed'!G$273:G$274)*2204.622/1000 -> 2194.8842 | E102: =SUM('[11]Canada Rapeseed'!G$275:G$284,'[11]Canada Rapeseed'!H$273:H$274)*2204.622/1000 -> 1930.3251 | F102: =SUM('[11]Canada Rapeseed'!H$275:H$284,'[11]Canada Rapeseed'!I$273:I$274)*2204.622/1000 -> 2022.5775 | G102: =SUM('[11]Canada Rapeseed'!I$275:I$284,'[11]Canada Rapeseed'!J$273:J$274)*2204.622/1000 -> 1691.6836 | H102: =SUM('[11]Canada Rapeseed'!J$275:J$284,'[11]Canada Rapeseed'!K$273:K$274)*2204.622/1000 -> 1233.7427 | I102: =SUM('[11]Canada Rapeseed'!K$275:K$284,'[11]Canada Rapeseed'!L$273:L$274)*2204.622/1000 -> 1286.8275 | ... BE102: =SUM('[11]Canada Rapeseed'!BG$275:BG$284,'[11]Canada Rapeseed'!BH$273:BH$274)*2204.622/1000 -> 6062.7105
A103: Total Use | B103: =B94-B104 -> 2697.598 | C103: =C94-C104 -> 2635.0034 | D103: =D94-D104 -> 3189.4521 | E103: =E94-E104 -> 2761.4142 | F103: =F94-F104 -> 2901.5045 | G103: =G94-G104 -> 2731.3198 | H103: =H94-H104 -> 2272.9008 | I103: =I94-I104 -> 2210.4467 | ... BE103: =BE94-BE104 -> 20525.118
A104: Ending Stocks (September 30) | B104: ='[11]Canada Rapeseed'!E$418*2204.622/1000 -> 65.969074 | C104: ='[11]Canada Rapeseed'!F$418*2204.622/1000 -> 72.074181 | D104: ='[11]Canada Rapeseed'!G$418*2204.622/1000 -> 46.805821 | E104: ='[11]Canada Rapeseed'!H$418*2204.622/1000 -> 83.775636 | F104: ='[11]Canada Rapeseed'!I$418*2204.622/1000 -> 221.98848 | G104: ='[11]Canada Rapeseed'!J$418*2204.622/1000 -> 301.69404 | H104: ='[11]Canada Rapeseed'!K$418*2204.622/1000 -> 222.66682 | I104: ='[11]Canada Rapeseed'!L$418*2204.622/1000 -> 203.84274 | ... BE104: ='[11]Canada Rapeseed'!BH$418*2204.622/1000 -> 386.65678
A106: MEXICO CANOLA OIL SUPPLY AND DEMAND (Million Pounds)
B107: =B3 -> #REF! | C107: =C3 -> #REF! | D107: =D3 -> 97/98 | E107: =E3 -> 98/99 | F107: =F3 -> 99/00 | G107: =G3 -> 00/01 | H107: =H3 -> 01/02 | I107: =I3 -> 02/03 | ... X107: =X3 -> 17/18 | Y107: =Y56 -> 2018 | Z107: =Z56 -> 2019 | AA107: =AA56 -> 2020 | AB107: =AB56 -> 2021 | AC107: =AC56 -> 2022 | AD107: =AD56 -> 2023 | AE107: =AE56 -> 2024 | AF107: =AF56 -> 2025 | ... BE107: =BE56 -> 2050
A108: Beginning Stocks (October 1) | B108: ='[11]Mexico Rapeseed'!D$32*2204.622/1000 -> 0 | C108: ='[11]Mexico Rapeseed'!E$32*2204.622/1000 -> 11.02311 | D108: ='[11]Mexico Rapeseed'!F$32*2204.622/1000 -> 0 | E108: ='[11]Mexico Rapeseed'!G$32*2204.622/1000 -> 0 | F108: ='[11]Mexico Rapeseed'!H$32*2204.622/1000 -> 0 | G108: ='[11]Mexico Rapeseed'!I$32*2204.622/1000 -> 0 | H108: ='[11]Mexico Rapeseed'!J$32*2204.622/1000 -> 0 | I108: ='[11]Mexico Rapeseed'!K$32*2204.622/1000 -> 0 | ... BE108: ='[11]Mexico Rapeseed'!BG$32*2204.622/1000 -> 176.36976
A109: Production | B109: ='[11]Mexico Rapeseed'!D$33*2204.622/1000 -> 507.06306 | C109: ='[11]Mexico Rapeseed'!E$33*2204.622/1000 -> 507.06306 | D109: ='[11]Mexico Rapeseed'!F$33*2204.622/1000 -> 502.65382 | E109: ='[11]Mexico Rapeseed'!G$33*2204.622/1000 -> 670.20509 | F109: ='[11]Mexico Rapeseed'!H$33*2204.622/1000 -> 864.21182 | G109: ='[11]Mexico Rapeseed'!I$33*2204.622/1000 -> 751.7761 | H109: ='[11]Mexico Rapeseed'!J$33*2204.622/1000 -> 727.52526 | I109: ='[11]Mexico Rapeseed'!K$33*2204.622/1000 -> 665.79584 | ... BE109: ='[11]Mexico Rapeseed'!BG$33*2204.622/1000 -> 1765.958
A110: Imports | B110: ='[11]Mexico Rapeseed'!D$34*2204.622/1000 -> 68.443888 | C110: ='[11]Mexico Rapeseed'!E$34*2204.622/1000 -> 126.9773 | D110: ='[11]Mexico Rapeseed'!F$34*2204.622/1000 -> 181.36017 | E110: ='[11]Mexico Rapeseed'!G$34*2204.622/1000 -> 242.73241 | F110: ='[11]Mexico Rapeseed'!H$34*2204.622/1000 -> 118.58971 | G110: ='[11]Mexico Rapeseed'!I$34*2204.622/1000 -> 147.44847 | H110: ='[11]Mexico Rapeseed'!J$34*2204.622/1000 -> 149.78099 | I110: ='[11]Mexico Rapeseed'!K$34*2204.622/1000 -> 177.14774 | ... BE110: ='[11]Mexico Rapeseed'!BG$34*2204.622/1000 -> 462.97062
A111: Total Supply | B111: =SUM(B108:B110) -> 575.50695 | C111: =SUM(C108:C110) -> 645.06347 | D111: =SUM(D108:D110) -> 684.01399 | E111: =SUM(E108:E110) -> 912.9375 | F111: =SUM(F108:F110) -> 982.80153 | G111: =SUM(G108:G110) -> 899.22458 | H111: =SUM(H108:H110) -> 877.30625 | I111: =SUM(I108:I110) -> 842.94359 | ... BE111: =SUM(BE108:BE110) -> 2405.2984
A112: Domestic Use | B112: =B120-B119 -> 564.43975 | C112: =C120-C119 -> 645.03481 | D112: =D120-D119 -> 681.84244 | E112: =E120-E119 -> 912.14163 | F112: =F120-F119 -> 980.89012 | G112: =G120-G119 -> 897.78055 | H112: =H120-H119 -> 876.52802 | I112: =I120-I119 -> 842.78485 | ... BE112: =BE120-BE119 -> 2217.9055
A113: Biomass-Based Diesel Feedstock | B113: =B114+B115 -> 0 | C113: =C114+C115 -> 0 | D113: =D114+D115 -> 0 | E113: =E114+E115 -> 0 | F113: =F114+F115 -> 0 | G113: =G114+G115 -> 0 | H113: =H114+H115 -> 0 | I113: =I114+I115 -> 0 | ... BE113: =BE114+BE115 -> 0
...

Sheet Inedible Tallow
A1: NORTH AMERICAN INEDIBLE TALLOW BALANCE SHEETS
A2: NORTH AMERICAN INEDIBLE TALLOW (million pounds)
A3: NORTH AMERICAN INEDIBLE TALLOW (Million Pounds)
B4: ='Soybean Complex'!B57 -> #REF! | C4: ='Soybean Complex'!C57 -> #REF! | D4: ='Soybean Complex'!D57 -> 97/98 | E4: ='Soybean Complex'!E57 -> 98/99 | F4: ='Soybean Complex'!F57 -> 99/00 | G4: ='Soybean Complex'!G57 -> 00/01 | H4: ='Soybean Complex'!H57 -> 01/02 | I4: ='Soybean Complex'!I57 -> 02/03 | ... BE4: ='Soybean Complex'!BE57 -> 2050
A5: Beginning Stocks (October 1) | B5: =B20+B37+B53 -> #REF! | C5: =C20+C37+C53 -> #REF! | D5: =D20+D37+D53 -> #REF! | E5: =E20+E37+E53 -> #REF! | F5: =F20+F37+F53 -> #REF! | G5: =G20+G37+G53 -> #REF! | H5: =H20+H37+H53 -> #REF! | I5: =I20+I37+I53 -> #REF! | ... BE5: =BE20+BE37+BE53 -> 1128.7151
A6: Production | B6: =B21+B38+B54 -> #REF! | C6: =C21+C38+C54 -> #REF! | D6: =D21+D38+D54 -> #REF! | E6: =E21+E38+E54 -> #REF! | F6: =F21+F38+F54 -> #REF! | G6: =G21+G38+G54 -> #REF! | H6: =H21+H38+H54 -> #REF! | I6: =I21+I38+I54 -> #REF! | ... BE6: =BE21+BE38+BE54 -> 5391.3839
A7: Imports | B7: ='Inedible Tallow Trade'!C32 -> 0.31722567 | C7: ='Inedible Tallow Trade'!D32 -> 1.7634078 | D7: ='Inedible Tallow Trade'!E32 -> 1.0322193 | E7: ='Inedible Tallow Trade'!F32 -> 0.056313179 | F7: ='Inedible Tallow Trade'!G32 -> 14.723257 | G7: ='Inedible Tallow Trade'!H32 -> 0.035273952 | H7: ='Inedible Tallow Trade'!I32 -> 0.063934038 | I7: ='Inedible Tallow Trade'!J32 -> 0.050706306 | ... X7: ='Inedible Tallow Trade'!Y32 -> 26.917566 | Y7: =Y22+Y39+Y55 -> 936.20817 | Z7: =Z22+Z39+Z55 -> 1034.6666 | AA7: =AA22+AA39+AA55 -> 1128.2043 | AB7: =AB22+AB39+AB55 -> 1303.4874 | AC7: =AC22+AC39+AC55 -> 1539.6701 | AD7: =AD22+AD39+AD55 -> 1974.1014 | AE7: =AE22+AE39+AE55 -> 2575.2531 | AF7: =AF22+AF39+AF55 -> 3710.4245 | ... BE7: =BE22+BE39+BE55 -> 12844.318
A8: Total Supply | B8: =SUM(B5:B7) -> #REF! | C8: =SUM(C5:C7) -> #REF! | D8: =SUM(D5:D7) -> #REF! | E8: =SUM(E5:E7) -> #REF! | F8: =SUM(F5:F7) -> #REF! | G8: =SUM(G5:G7) -> #REF! | H8: =SUM(H5:H7) -> #REF! | I8: =SUM(I5:I7) -> #REF! | ... BE8: =SUM(BE5:BE7) -> 19364.417
A9: Domestic Use | B9: =B15-B14 -> #REF! | C9: =C15-C14 -> #REF! | D9: =D15-D14 -> #REF! | E9: =E15-E14 -> #REF! | F9: =F15-F14 -> #REF! | G9: =G15-G14 -> #REF! | H9: =H15-H14 -> #REF! | I9: =I15-I14 -> #REF! | ... BE9: =BE15-BE14 -> 18036.854
A10: Biomass-Based Diesel Feedstock | B10: =B11+B12 -> #REF! | C10: =C11+C12 -> #REF! | D10: =D11+D12 -> #REF! | E10: =E11+E12 -> #REF! | F10: =F11+F12 -> #REF! | G10: =G11+G12 -> #REF! | H10: =H11+H12 -> #REF! | I10: =I11+I12 -> #REF! | ... X10: =X11+X12 -> #REF! | Y10: =SUM(Y11:Y12) -> 1282.3507 | Z10: =SUM(Z11:Z12) -> 1432.4498 | AA10: =SUM(AA11:AA12) -> 1867.5357 | AB10: =SUM(AB11:AB12) -> 1725.4218 | AC10: =SUM(AC11:AC12) -> 2036.5995 | AD10: =SUM(AD11:AD12) -> 4427.1264 | AE10: =SUM(AE11:AE12) -> 7701.7329 | AF10: =SUM(AF11:AF12) -> 5793.8878 | ... BE10: =SUM(BE11:BE12) -> 15892.938
A11: Biodiesel | B11: =B26+B43+B59 -> #REF! | C11: =C26+C43+C59 -> #REF! | D11: =D26+D43+D59 -> #REF! | E11: =E26+E43+E59 -> #REF! | F11: =F26+F43+F59 -> #REF! | G11: =G26+G43+G59 -> #REF! | H11: =H26+H43+H59 -> #REF! | I11: =I26+I43+I59 -> #REF! | ... BE11: =BE26+BE43+BE59 -> 1046.3269
