Workbook

Sheet Sheet1
A1: Week-Start | B1: Yellow Grease - Illinois | C1: Used Cooking Oil - Illinois | D1: Poultry Fat - Mid South | E1: Choice White Grease - Chicago | F1: Bleachable Fancy Tallow - Packer Chicago | G1: Distillers' Corn Oil - Illinois/Wisconsin | H1: Soybean Oil Central Il | I1: Palm Oil | J1: D4 RINs | K1: LCFS Credits | L1: Biodiesel incl credit values | M1: Renewable Diesel not incl credit prices | P1: RBD Basis | Q1: 20
A2: 43800 | B2: =#REF! -> #REF! | C2: =#REF! -> #REF! | D2: =#REF! -> #REF! | E2: =#REF! -> #REF! | F2: =#REF! -> #REF! | G2: =#REF! -> #REF! | H2: =[1]Prices!$L$602+6 -> 38.27 | I2: 2873.05 | J2: 50.631 | K2: ='[2]LCFS Credit Price Forecast'!$B$79 -> 206.4643 | L2: 3.44 | M2: 1.9915
A3: 43807 | B3: =#REF! -> #REF! | C3: =#REF! -> #REF! | D3: =#REF! -> #REF! | E3: =#REF! -> #REF! | F3: =#REF! -> #REF! | G3: =#REF! -> #REF! | H3: =[1]Prices!$L$602+6 -> 38.27 | I3: 2873.05 | J3: 50.631 | K3: ='[2]LCFS Credit Price Forecast'!$B$79 -> 206.4643 | L3: 3.44 | M3: 1.9915
A4: 43814 | B4: =#REF! -> #REF! | C4: =#REF! -> #REF! | D4: =#REF! -> #REF! | E4: =#REF! -> #REF! | F4: =#REF! -> #REF! | G4: =#REF! -> #REF! | H4: =[1]Prices!$L$602+6 -> 38.27 | I4: 2873.05 | J4: 50.631 | K4: ='[2]LCFS Credit Price Forecast'!$B$79 -> 206.4643 | L4: 3.44 | M4: 1.9915
A5: 43821 | B5: =#REF! -> #REF! | C5: =#REF! -> #REF! | D5: =#REF! -> #REF! | E5: =#REF! -> #REF! | F5: =#REF! -> #REF! | G5: =#REF! -> #REF! | H5: =[1]Prices!$L$602+6 -> 38.27 | I5: 2873.05 | J5: 50.631 | K5: ='[2]LCFS Credit Price Forecast'!$B$79 -> 206.4643 | L5: 3.44 | M5: 1.9915
A6: 43828 | B6: =#REF! -> #REF! | C6: =#REF! -> #REF! | D6: =#REF! -> #REF! | E6: =#REF! -> #REF! | F6: =#REF! -> #REF! | G6: =#REF! -> #REF! | H6: =[1]Prices!$L$602+6 -> 38.27 | I6: 2873.05 | J6: 50.631 | K6: ='[2]LCFS Credit Price Forecast'!$B$79 -> 206.4643 | L6: 3.44 | M6: 1.9915
A7: 43835 | B7: =#REF! -> #REF! | C7: =#REF! -> #REF! | D7: =#REF! -> #REF! | E7: =#REF! -> #REF! | F7: =#REF! -> #REF! | G7: =#REF! -> #REF! | H7: =[1]Prices!$L$603+6 -> 39.04 | I7: 2929.4762 | J7: ='[3]RINs and HOBO Forecast'!$C$38 -> 40.3523 | K7: ='[2]LCFS Credit Price Forecast'!$B$80 -> 209.133 | L7: 3.435 | M7: 1.8632
A8: 43842 | B8: =#REF! -> #REF! | C8: =#REF! -> #REF! | D8: =#REF! -> #REF! | E8: =#REF! -> #REF! | F8: =#REF! -> #REF! | G8: =#REF! -> #REF! | H8: =[1]Prices!$L$603+6 -> 39.04 | I8: 2929.4762 | J8: ='[3]RINs and HOBO Forecast'!$C$38 -> 40.3523 | K8: ='[2]LCFS Credit Price Forecast'!$B$80 -> 209.133 | L8: 3.435 | M8: 1.8632
A9: 43849 | B9: =#REF! -> #REF! | C9: =#REF! -> #REF! | D9: =#REF! -> #REF! | E9: =#REF! -> #REF! | F9: =#REF! -> #REF! | G9: =#REF! -> #REF! | H9: =[1]Prices!$L$603+6 -> 39.04 | I9: 2929.4762 | J9: ='[3]RINs and HOBO Forecast'!$C$38 -> 40.3523 | K9: ='[2]LCFS Credit Price Forecast'!$B$80 -> 209.133 | L9: 3.435 | M9: 1.8632
A10: 43856 | B10: =#REF! -> #REF! | C10: =#REF! -> #REF! | D10: =#REF! -> #REF! | E10: =#REF! -> #REF! | F10: =#REF! -> #REF! | G10: =#REF! -> #REF! | H10: =[1]Prices!$L$603+6 -> 39.04 | I10: 2929.4762 | J10: ='[3]RINs and HOBO Forecast'!$C$38 -> 40.3523 | K10: ='[2]LCFS Credit Price Forecast'!$B$80 -> 209.133 | L10: 3.435 | M10: 1.8632
A11: 43863 | B11: =#REF! -> #REF! | C11: =#REF! -> #REF! | D11: =#REF! -> #REF! | E11: =#REF! -> #REF! | F11: =#REF! -> #REF! | G11: =#REF! -> #REF! | H11: =[1]Prices!$L$604+6 -> 36.26 | I11: 2622.4 | J11: ='[3]RINs and HOBO Forecast'!$C$39 -> 48.5395 | K11: ='[2]LCFS Credit Price Forecast'!$B$81 -> 210.3684 | L11: 3.3097 | M11: 1.6326
A12: 43870 | B12: =#REF! -> #REF! | C12: =#REF! -> #REF! | D12: =#REF! -> #REF! | E12: =#REF! -> #REF! | F12: =#REF! -> #REF! | G12: =#REF! -> #REF! | H12: =[1]Prices!$L$604+6 -> 36.26 | I12: 2622.4 | J12: ='[3]RINs and HOBO Forecast'!$C$39 -> 48.5395 | K12: ='[2]LCFS Credit Price Forecast'!$B$81 -> 210.3684 | L12: 3.3097 | M12: 1.6326
A13: 43877 | B13: =#REF! -> #REF! | C13: =#REF! -> #REF! | D13: =#REF! -> #REF! | E13: =#REF! -> #REF! | F13: =#REF! -> #REF! | G13: =#REF! -> #REF! | H13: =[1]Prices!$L$604+6 -> 36.26 | I13: 2622.4 | J13: ='[3]RINs and HOBO Forecast'!$C$39 -> 48.5395 | K13: ='[2]LCFS Credit Price Forecast'!$B$81 -> 210.3684 | L13: 3.3097 | M13: 1.6326
A14: 43884 | B14: =#REF! -> #REF! | C14: =#REF! -> #REF! | D14: =#REF! -> #REF! | E14: =#REF! -> #REF! | F14: =#REF! -> #REF! | G14: =#REF! -> #REF! | H14: =[1]Prices!$L$604+6 -> 36.26 | I14: 2622.4 | J14: ='[3]RINs and HOBO Forecast'!$C$39 -> 48.5395 | K14: ='[2]LCFS Credit Price Forecast'!$B$81 -> 210.3684 | L14: 3.3097 | M14: 1.6326
A15: 43891 | B15: =#REF! -> #REF! | C15: =#REF! -> #REF! | D15: =#REF! -> #REF! | E15: =#REF! -> #REF! | F15: =#REF! -> #REF! | G15: =#REF! -> #REF! | H15: =[1]Prices!$L$605+6 -> 33.04 | I15: 2345.7273 | J15: ='[3]RINs and HOBO Forecast'!$C$40 -> 48.5682 | K15: ='[2]LCFS Credit Price Forecast'!$B$82 -> 199.5 | L15: 3.343182 | M15: 1.1818
A16: 43898 | B16: =#REF! -> #REF! | C16: =#REF! -> #REF! | D16: =#REF! -> #REF! | E16: =#REF! -> #REF! | F16: =#REF! -> #REF! | G16: =#REF! -> #REF! | H16: =[1]Prices!$L$605+6 -> 33.04 | I16: 2345.7273 | J16: ='[3]RINs and HOBO Forecast'!$C$40 -> 48.5682 | K16: ='[2]LCFS Credit Price Forecast'!$B$82 -> 199.5 | L16: 3.343182 | M16: 1.1818
A17: 43905 | B17: =#REF! -> #REF! | C17: =#REF! -> #REF! | D17: =#REF! -> #REF! | E17: =#REF! -> #REF! | F17: =#REF! -> #REF! | G17: =#REF! -> #REF! | H17: =[1]Prices!$L$605+6 -> 33.04 | I17: 2345.7273 | J17: ='[3]RINs and HOBO Forecast'!$C$40 -> 48.5682 | K17: ='[2]LCFS Credit Price Forecast'!$B$82 -> 199.5 | L17: 3.343182 | M17: 1.1818
A18: 43912 | B18: =#REF! -> #REF! | C18: =#REF! -> #REF! | D18: =#REF! -> #REF! | E18: =#REF! -> #REF! | F18: =#REF! -> #REF! | G18: =#REF! -> #REF! | H18: =[1]Prices!$L$605+6 -> 33.04 | I18: 2345.7273 | J18: ='[3]RINs and HOBO Forecast'!$C$40 -> 48.5682 | K18: ='[2]LCFS Credit Price Forecast'!$B$82 -> 199.5 | L18: 3.343182 | M18: 1.1818
A19: 43919 | B19: =#REF! -> #REF! | C19: =#REF! -> #REF! | D19: =#REF! -> #REF! | E19: =#REF! -> #REF! | F19: =#REF! -> #REF! | G19: =#REF! -> #REF! | H19: =[1]Prices!$L$605+6 -> 33.04 | I19: 2345.7273 | J19: ='[3]RINs and HOBO Forecast'!$C$40 -> 48.5682 | K19: ='[2]LCFS Credit Price Forecast'!$B$82 -> 199.5 | L19: 3.343182 | M19: 1.1818
A20: 43926 | B20: =#REF! -> #REF! | C20: =#REF! -> #REF! | D20: =#REF! -> #REF! | E20: =#REF! -> #REF! | F20: =#REF! -> #REF! | G20: =#REF! -> #REF! | H20: =[1]Prices!$L$606+6 -> 31.69 | I20: 2244.0455 | J20: ='[3]RINs and HOBO Forecast'!$C$41 -> 52.1071 | K20: ='[2]LCFS Credit Price Forecast'!$B$83 -> 193.2143 | L20: =[4]Forecasts!$B$5 -> 3.395 | M20: =[4]Forecasts!$C$5 -> 0.8769
A21: 43933 | B21: =#REF! -> #REF! | C21: =#REF! -> #REF! | D21: =#REF! -> #REF! | E21: =#REF! -> #REF! | F21: =#REF! -> #REF! | G21: =#REF! -> #REF! | H21: =[1]Prices!$L$606+6 -> 31.69 | I21: 2244.0455 | J21: ='[3]RINs and HOBO Forecast'!$C$41 -> 52.1071 | K21: ='[2]LCFS Credit Price Forecast'!$B$83 -> 193.2143 | L21: =[4]Forecasts!$B$5 -> 3.395 | M21: =[4]Forecasts!$C$5 -> 0.8769
A22: 43940 | B22: =#REF! -> #REF! | C22: =#REF! -> #REF! | D22: =#REF! -> #REF! | E22: =#REF! -> #REF! | F22: =#REF! -> #REF! | G22: =#REF! -> #REF! | H22: =[1]Prices!$L$606+6 -> 31.69 | I22: 2244.0455 | J22: ='[3]RINs and HOBO Forecast'!$C$41 -> 52.1071 | K22: ='[2]LCFS Credit Price Forecast'!$B$83 -> 193.2143 | L22: =[4]Forecasts!$B$5 -> 3.395 | M22: =[4]Forecasts!$C$5 -> 0.8769
A23: 43947 | B23: =#REF! -> #REF! | C23: =#REF! -> #REF! | D23: =#REF! -> #REF! | E23: =#REF! -> #REF! | F23: =#REF! -> #REF! | G23: =#REF! -> #REF! | H23: =[1]Prices!$L$606+6 -> 31.69 | I23: 2244.0455 | J23: ='[3]RINs and HOBO Forecast'!$C$41 -> 52.1071 | K23: ='[2]LCFS Credit Price Forecast'!$B$83 -> 193.2143 | L23: =[4]Forecasts!$B$5 -> 3.395 | M23: =[4]Forecasts!$C$5 -> 0.8769
A24: 43954 | B24: =#REF! -> #REF! | C24: =#REF! -> #REF! | D24: =#REF! -> #REF! | E24: =#REF! -> #REF! | F24: =#REF! -> #REF! | G24: =#REF! -> #REF! | H24: =[1]Prices!$L$607+6 -> 31.27 | I24: 2120.5625 | J24: ='[3]RINs and HOBO Forecast'!$C$42 -> 53.625 | K24: ='[2]LCFS Credit Price Forecast'!$B$84 -> 201.95 | L24: =[4]Forecasts!$B$6 -> 3.39 | M24: =[4]Forecasts!$C$6 -> 0.9202
A25: 43961 | B25: =#REF! -> #REF! | C25: =#REF! -> #REF! | D25: =#REF! -> #REF! | E25: =#REF! -> #REF! | F25: =#REF! -> #REF! | G25: =#REF! -> #REF! | H25: =[1]Prices!$L$607+6 -> 31.27 | I25: 2120.5625 | J25: ='[3]RINs and HOBO Forecast'!$C$42 -> 53.625 | K25: ='[2]LCFS Credit Price Forecast'!$B$84 -> 201.95 | L25: =[4]Forecasts!$B$6 -> 3.39 | M25: =[4]Forecasts!$C$6 -> 0.9202
A26: 43968 | B26: =#REF! -> #REF! | C26: =#REF! -> #REF! | D26: =#REF! -> #REF! | E26: =#REF! -> #REF! | F26: =#REF! -> #REF! | G26: =#REF! -> #REF! | H26: =[1]Prices!$L$607+6 -> 31.27 | I26: 2120.5625 | J26: ='[3]RINs and HOBO Forecast'!$C$42 -> 53.625 | K26: ='[2]LCFS Credit Price Forecast'!$B$84 -> 201.95 | L26: =[4]Forecasts!$B$6 -> 3.39 | M26: =[4]Forecasts!$C$6 -> 0.9202
A27: 43975 | B27: =#REF! -> #REF! | C27: =#REF! -> #REF! | D27: =#REF! -> #REF! | E27: =#REF! -> #REF! | F27: =#REF! -> #REF! | G27: =#REF! -> #REF! | H27: =[1]Prices!$L$607+6 -> 31.27 | I27: 2120.5625 | J27: ='[3]RINs and HOBO Forecast'!$C$42 -> 53.625 | K27: ='[2]LCFS Credit Price Forecast'!$B$84 -> 201.95 | L27: =[4]Forecasts!$B$6 -> 3.39 | M27: =[4]Forecasts!$C$6 -> 0.9202
A28: 43982 | B28: =#REF! -> #REF! | C28: =#REF! -> #REF! | D28: =#REF! -> #REF! | E28: =#REF! -> #REF! | F28: =#REF! -> #REF! | G28: =#REF! -> #REF! | H28: =[1]Prices!$L$607+6 -> 31.27 | I28: 2120.5625 | J28: ='[3]RINs and HOBO Forecast'!$C$42 -> 53.625 | K28: ='[2]LCFS Credit Price Forecast'!$B$84 -> 201.95 | L28: =[4]Forecasts!$B$6 -> 3.39 | M28: =[4]Forecasts!$C$6 -> 0.9202
A29: 43989 | B29: =#REF! -> #REF! | C29: =#REF! -> #REF! | D29: =#REF! -> #REF! | E29: =#REF! -> #REF! | F29: =#REF! -> #REF! | G29: =#REF! -> #REF! | H29: =[1]Prices!$L$608+6 -> 32.61 | I29: ='[5]Malaysia Palm Complex'!$BI$190 -> 2037.7368 | J29: ='[3]RINs and HOBO Forecast'!$C$43 -> 56.51 | K29: ='[2]LCFS Credit Price Forecast'!$B$85 -> 208.7955 | L29: =[4]Forecasts!$B$7 -> 3.505 | M29: =[4]Forecasts!$C$7 -> 1.154
A30: 43996 | B30: =#REF! -> #REF! | C30: =#REF! -> #REF! | D30: =#REF! -> #REF! | E30: =#REF! -> #REF! | F30: =#REF! -> #REF! | G30: =#REF! -> #REF! | H30: =[1]Prices!$L$608+6 -> 32.61 | I30: ='[5]Malaysia Palm Complex'!$BI$190 -> 2037.7368 | J30: ='[3]RINs and HOBO Forecast'!$C$43 -> 56.51 | K30: ='[2]LCFS Credit Price Forecast'!$B$85 -> 208.7955 | L30: =[4]Forecasts!$B$7 -> 3.505 | M30: =[4]Forecasts!$C$7 -> 1.154
A31: 44003 | B31: =#REF! -> #REF! | C31: =#REF! -> #REF! | D31: =#REF! -> #REF! | E31: =#REF! -> #REF! | F31: =#REF! -> #REF! | G31: =#REF! -> #REF! | H31: =[1]Prices!$L$608+6 -> 32.61 | I31: ='[5]Malaysia Palm Complex'!$BI$190 -> 2037.7368 | J31: ='[3]RINs and HOBO Forecast'!$C$43 -> 56.51 | K31: ='[2]LCFS Credit Price Forecast'!$B$85 -> 208.7955 | L31: =[4]Forecasts!$B$7 -> 3.505 | M31: =[4]Forecasts!$C$7 -> 1.154
A32: 44010 | B32: =#REF! -> #REF! | C32: =#REF! -> #REF! | D32: =#REF! -> #REF! | E32: =#REF! -> #REF! | F32: =#REF! -> #REF! | G32: =#REF! -> #REF! | H32: =[1]Prices!$L$608+6 -> 32.61 | I32: ='[5]Malaysia Palm Complex'!$BI$190 -> 2037.7368 | J32: ='[3]RINs and HOBO Forecast'!$C$43 -> 56.51 | K32: ='[2]LCFS Credit Price Forecast'!$B$85 -> 208.7955 | L32: =[4]Forecasts!$B$7 -> 3.505 | M32: =[4]Forecasts!$C$7 -> 1.154
A33: 44017 | B33: =#REF! -> #REF! | C33: =#REF! -> #REF! | D33: =#REF! -> #REF! | E33: =#REF! -> #REF! | F33: =#REF! -> #REF! | G33: =#REF! -> #REF! | H33: =[1]Prices!$L$609+6 -> 34.71 | I33: ='[5]Malaysia Palm Complex'!$BI$191 -> 2005.7778 | J33: ='[3]RINs and HOBO Forecast'!$C$44 -> 59.8409 | K33: ='[2]LCFS Credit Price Forecast'!$B$86 -> 197.6591 | L33: =[4]Forecasts!$B$8 -> 3.5668 | M33: =[4]Forecasts!$C$8 -> 1.2476
A34: 44024 | B34: =#REF! -> #REF! | C34: =#REF! -> #REF! | D34: =#REF! -> #REF! | E34: =#REF! -> #REF! | F34: =#REF! -> #REF! | G34: =#REF! -> #REF! | H34: =[1]Prices!$L$609+6 -> 34.71 | I34: ='[5]Malaysia Palm Complex'!$BI$191 -> 2005.7778 | J34: ='[3]RINs and HOBO Forecast'!$C$44 -> 59.8409 | K34: ='[2]LCFS Credit Price Forecast'!$B$86 -> 197.6591 | L34: =[4]Forecasts!$B$8 -> 3.5668 | M34: =[4]Forecasts!$C$8 -> 1.2476
A35: 44031 | B35: =#REF! -> #REF! | C35: =#REF! -> #REF! | D35: =#REF! -> #REF! | E35: =#REF! -> #REF! | F35: =#REF! -> #REF! | G35: =#REF! -> #REF! | H35: =[1]Prices!$L$609+6 -> 34.71 | I35: ='[5]Malaysia Palm Complex'!$BI$191 -> 2005.7778 | J35: ='[3]RINs and HOBO Forecast'!$C$44 -> 59.8409 | K35: ='[2]LCFS Credit Price Forecast'!$B$86 -> 197.6591 | L35: =[4]Forecasts!$B$8 -> 3.5668 | M35: =[4]Forecasts!$C$8 -> 1.2476
A36: 44038 | B36: =#REF! -> #REF! | C36: =#REF! -> #REF! | D36: =#REF! -> #REF! | E36: =#REF! -> #REF! | F36: =#REF! -> #REF! | G36: =#REF! -> #REF! | H36: =[1]Prices!$L$609+6 -> 34.71 | I36: ='[5]Malaysia Palm Complex'!$BI$191 -> 2005.7778 | J36: ='[3]RINs and HOBO Forecast'!$C$44 -> 59.8409 | K36: ='[2]LCFS Credit Price Forecast'!$B$86 -> 197.6591 | L36: =[4]Forecasts!$B$8 -> 3.5668 | M36: =[4]Forecasts!$C$8 -> 1.2476
A37: 44045 | B37: =#REF! -> #REF! | C37: =#REF! -> #REF! | D37: =#REF! -> #REF! | E37: =#REF! -> #REF! | F37: =#REF! -> #REF! | G37: =#REF! -> #REF! | H37: =[1]Prices!$L$610+6 -> 38.13 | I37: ='[5]Malaysia Palm Complex'!$BI$192 -> 1985.7619 | J37: ='[3]RINs and HOBO Forecast'!$C$45 -> 64.9643 | K37: ='[2]LCFS Credit Price Forecast'!$B$87 -> 192.4286 | L37: =[4]Forecasts!$B$9 -> 3.625238 | M37: =[4]Forecasts!$C$9 -> 1.2482
A38: 44052 | B38: =#REF! -> #REF! | C38: =#REF! -> #REF! | D38: =#REF! -> #REF! | E38: =#REF! -> #REF! | F38: =#REF! -> #REF! | G38: =#REF! -> #REF! | H38: =[1]Prices!$L$610+6 -> 38.13 | I38: ='[5]Malaysia Palm Complex'!$BI$192 -> 1985.7619 | J38: ='[3]RINs and HOBO Forecast'!$C$45 -> 64.9643 | K38: ='[2]LCFS Credit Price Forecast'!$B$87 -> 192.4286 | L38: =[4]Forecasts!$B$9 -> 3.625238 | M38: =[4]Forecasts!$C$9 -> 1.2482
A39: 44059 | B39: =#REF! -> #REF! | C39: =#REF! -> #REF! | D39: =#REF! -> #REF! | E39: =#REF! -> #REF! | F39: =#REF! -> #REF! | G39: =#REF! -> #REF! | H39: =[1]Prices!$L$610+6 -> 38.13 | I39: ='[5]Malaysia Palm Complex'!$BI$192 -> 1985.7619 | J39: ='[3]RINs and HOBO Forecast'!$C$45 -> 64.9643 | K39: ='[2]LCFS Credit Price Forecast'!$B$87 -> 192.4286 | L39: =[4]Forecasts!$B$9 -> 3.625238 | M39: =[4]Forecasts!$C$9 -> 1.2482
A40: 44066 | B40: =#REF! -> #REF! | C40: =#REF! -> #REF! | D40: =#REF! -> #REF! | E40: =#REF! -> #REF! | F40: =#REF! -> #REF! | G40: =#REF! -> #REF! | H40: =[1]Prices!$L$610+6 -> 38.13 | I40: ='[5]Malaysia Palm Complex'!$BI$192 -> 1985.7619 | J40: ='[3]RINs and HOBO Forecast'!$C$45 -> 64.9643 | K40: ='[2]LCFS Credit Price Forecast'!$B$87 -> 192.4286 | L40: =[4]Forecasts!$B$9 -> 3.625238 | M40: =[4]Forecasts!$C$9 -> 1.2482
A41: 44073 | B41: =#REF! -> #REF! | C41: =#REF! -> #REF! | D41: =#REF! -> #REF! | E41: =#REF! -> #REF! | F41: =#REF! -> #REF! | G41: =#REF! -> #REF! | H41: =[1]Prices!$L$610+6 -> 38.13 | I41: ='[5]Malaysia Palm Complex'!$BI$192 -> 1985.7619 | J41: ='[3]RINs and HOBO Forecast'!$C$45 -> 64.9643 | K41: ='[2]LCFS Credit Price Forecast'!$B$87 -> 192.4286 | L41: =[4]Forecasts!$B$9 -> 3.625238 | M41: =[4]Forecasts!$C$9 -> 1.2482
A42: 44080 | B42: =#REF! -> #REF! | C42: =#REF! -> #REF! | D42: =#REF! -> #REF! | E42: =#REF! -> #REF! | F42: =#REF! -> #REF! | G42: =#REF! -> #REF! | H42: =[1]Prices!$L$611+6 -> 40.2 | I42: ='[5]Malaysia Palm Complex'!$BI$194 -> 2195 | J42: ='[3]RINs and HOBO Forecast'!$C$46 -> 76.381 | K42: ='[2]LCFS Credit Price Forecast'!$B$88 -> 197.2619 | L42: =[4]Forecasts!$B$10 -> 3.891429 | M42: =[4]Forecasts!$C$10 -> 1.1354
A43: 44087 | B43: =#REF! -> #REF! | C43: =#REF! -> #REF! | D43: =#REF! -> #REF! | E43: =#REF! -> #REF! | F43: =#REF! -> #REF! | G43: =#REF! -> #REF! | H43: =[1]Prices!$L$611+6 -> 40.2 | I43: ='[5]Malaysia Palm Complex'!$BI$194 -> 2195 | J43: ='[3]RINs and HOBO Forecast'!$C$46 -> 76.381 | K43: ='[2]LCFS Credit Price Forecast'!$B$88 -> 197.2619 | L43: =[4]Forecasts!$B$10 -> 3.891429 | M43: =[4]Forecasts!$C$10 -> 1.1354
A44: 44094 | B44: =#REF! -> #REF! | C44: =#REF! -> #REF! | D44: =#REF! -> #REF! | E44: =#REF! -> #REF! | F44: =#REF! -> #REF! | G44: =#REF! -> #REF! | H44: =[1]Prices!$L$611+6 -> 40.2 | I44: ='[5]Malaysia Palm Complex'!$BI$194 -> 2195 | J44: ='[3]RINs and HOBO Forecast'!$C$46 -> 76.381 | K44: ='[2]LCFS Credit Price Forecast'!$B$88 -> 197.2619 | L44: =[4]Forecasts!$B$10 -> 3.891429 | M44: =[4]Forecasts!$C$10 -> 1.1354
A45: 44101 | B45: =#REF! -> #REF! | C45: =#REF! -> #REF! | D45: =#REF! -> #REF! | E45: =#REF! -> #REF! | F45: =#REF! -> #REF! | G45: =#REF! -> #REF! | H45: =[1]Prices!$L$611+6 -> 40.2 | I45: ='[5]Malaysia Palm Complex'!$BI$194 -> 2195 | J45: ='[3]RINs and HOBO Forecast'!$C$46 -> 76.381 | K45: ='[2]LCFS Credit Price Forecast'!$B$88 -> 197.2619 | L45: =[4]Forecasts!$B$10 -> 3.891429 | M45: =[4]Forecasts!$C$10 -> 1.1354
A46: 44108 | B46: =#REF! -> #REF! | C46: =#REF! -> #REF! | D46: =#REF! -> #REF! | E46: =#REF! -> #REF! | F46: =#REF! -> #REF! | G46: =#REF! -> #REF! | H46: =[1]Prices!$L$612+6 -> 39.91 | I46: ='[5]Malaysia Palm Complex'!$BJ$183 -> 2260.8636 | J46: ='[3]RINs and HOBO Forecast'!$C$47 -> 79.6932 | K46: ='[2]LCFS Credit Price Forecast'!$B$89 -> 195.7727 | L46: =[4]Forecasts!$B$11 -> 3.948864 | M46: =[4]Forecasts!$C$11 -> 1.1605
A47: 44115 | B47: =#REF! -> #REF! | C47: =#REF! -> #REF! | D47: =#REF! -> #REF! | E47: =#REF! -> #REF! | F47: =#REF! -> #REF! | G47: =#REF! -> #REF! | H47: =[1]Prices!$L$612+6 -> 39.91 | I47: ='[5]Malaysia Palm Complex'!$BJ$183 -> 2260.8636 | J47: ='[3]RINs and HOBO Forecast'!$C$47 -> 79.6932 | K47: ='[2]LCFS Credit Price Forecast'!$B$89 -> 195.7727 | L47: =[4]Forecasts!$B$11 -> 3.948864 | M47: =[4]Forecasts!$C$11 -> 1.1605
A48: 44122 | B48: =#REF! -> #REF! | C48: =#REF! -> #REF! | D48: =#REF! -> #REF! | E48: =#REF! -> #REF! | F48: =#REF! -> #REF! | G48: =#REF! -> #REF! | H48: =[1]Prices!$L$612+6 -> 39.91 | I48: ='[5]Malaysia Palm Complex'!$BJ$183 -> 2260.8636 | J48: ='[3]RINs and HOBO Forecast'!$C$47 -> 79.6932 | K48: ='[2]LCFS Credit Price Forecast'!$B$89 -> 195.7727 | L48: =[4]Forecasts!$B$11 -> 3.948864 | M48: =[4]Forecasts!$C$11 -> 1.1605
A49: 44129 | B49: =#REF! -> #REF! | C49: =#REF! -> #REF! | D49: =#REF! -> #REF! | E49: =#REF! -> #REF! | F49: =#REF! -> #REF! | G49: =#REF! -> #REF! | H49: =[1]Prices!$L$612+6 -> 39.91 | I49: ='[5]Malaysia Palm Complex'!$BJ$183 -> 2260.8636 | J49: ='[3]RINs and HOBO Forecast'!$C$47 -> 79.6932 | K49: ='[2]LCFS Credit Price Forecast'!$B$89 -> 195.7727 | L49: =[4]Forecasts!$B$11 -> 3.948864 | M49: =[4]Forecasts!$C$11 -> 1.1605
A50: 44136 | B50: =#REF! -> #REF! | C50: =#REF! -> #REF! | D50: =#REF! -> #REF! | E50: =#REF! -> #REF! | F50: =#REF! -> #REF! | G50: =#REF! -> #REF! | H50: =[1]Prices!$L$613+6 -> 43.79 | I50: ='[5]Malaysia Palm Complex'!$BJ$183 -> 2260.8636 | J50: ='[3]RINs and HOBO Forecast'!$C$47 -> 79.6932 | K50: ='[2]LCFS Credit Price Forecast'!$B$90 -> 198.7237 | L50: =[4]Forecasts!$B$12 -> 4.078947 | M50: =[4]Forecasts!$C$12 -> 1.251
A51: 44143 | B51: =#REF! -> #REF! | C51: =#REF! -> #REF! | D51: =#REF! -> #REF! | E51: =#REF! -> #REF! | F51: =#REF! -> #REF! | G51: =#REF! -> #REF! | H51: =[1]Prices!$L$613+6 -> 43.79 | I51: ='[5]Malaysia Palm Complex'!$BJ$183 -> 2260.8636 | J51: ='[3]RINs and HOBO Forecast'!$C$49 -> 97.1818 | K51: ='[2]LCFS Credit Price Forecast'!$B$90 -> 198.7237 | L51: =[4]Forecasts!$B$12 -> 4.078947 | M51: =[4]Forecasts!$C$12 -> 1.251
A52: 44150 | B52: =#REF! -> #REF! | C52: =#REF! -> #REF! | D52: =#REF! -> #REF! | E52: =#REF! -> #REF! | F52: =#REF! -> #REF! | G52: =#REF! -> #REF! | H52: =[1]Prices!$L$613+6 -> 43.79 | I52: ='[5]Malaysia Palm Complex'!$BJ$183 -> 2260.8636 | J52: ='[3]RINs and HOBO Forecast'!$C$49 -> 97.1818 | K52: ='[2]LCFS Credit Price Forecast'!$B$90 -> 198.7237 | L52: =[4]Forecasts!$B$12 -> 4.078947 | M52: =[4]Forecasts!$C$12 -> 1.251
A53: 44157 | B53: =#REF! -> #REF! | C53: =#REF! -> #REF! | D53: =#REF! -> #REF! | E53: =#REF! -> #REF! | F53: =#REF! -> #REF! | G53: =#REF! -> #REF! | H53: =[1]Prices!$L$613+6 -> 43.79 | I53: ='[5]Malaysia Palm Complex'!$BJ$183 -> 2260.8636 | J53: ='[3]RINs and HOBO Forecast'!$C$49 -> 97.1818 | K53: ='[2]LCFS Credit Price Forecast'!$B$90 -> 198.7237 | L53: =[4]Forecasts!$B$12 -> 4.078947 | M53: =[4]Forecasts!$C$12 -> 1.251
A54: 44164 | B54: =#REF! -> #REF! | C54: =#REF! -> #REF! | D54: =#REF! -> #REF! | E54: =#REF! -> #REF! | F54: =#REF! -> #REF! | G54: =#REF! -> #REF! | H54: =[1]Prices!$L$613+6 -> 43.79 | I54: ='[5]Malaysia Palm Complex'!$BJ$183 -> 2260.8636 | J54: ='[3]RINs and HOBO Forecast'!$C$49 -> 97.1818 | K54: ='[2]LCFS Credit Price Forecast'!$B$90 -> 198.7237 | L54: =[4]Forecasts!$B$12 -> 4.078947 | M54: =[4]Forecasts!$C$12 -> 1.251
A55: 44171 | B55: =#REF! -> #REF! | C55: =#REF! -> #REF! | D55: =#REF! -> #REF! | E55: =#REF! -> #REF! | F55: =#REF! -> #REF! | G55: =#REF! -> #REF! | H55: =[1]Prices!$L$614+6 -> 46.85 | I55: ='[5]Malaysia Palm Complex'!$BJ$184 -> 2615.8 | J55: ='[3]RINs and HOBO Forecast'!$C$49 -> 97.1818 | K55: ='[2]LCFS Credit Price Forecast'!$B$91 -> 198.9773 | L55: =[4]Forecasts!$B$13 -> 438.9773 | M55: =[4]Forecasts!$C$13 -> 1.4568
A56: 44178 | B56: =#REF! -> #REF! | C56: =#REF! -> #REF! | D56: =#REF! -> #REF! | E56: =#REF! -> #REF! | F56: =#REF! -> #REF! | G56: =#REF! -> #REF! | H56: =[1]Prices!$L$614+6 -> 46.85 | I56: ='[5]Malaysia Palm Complex'!$BJ$184 -> 2615.8 | J56: ='[3]RINs and HOBO Forecast'!$C$49 -> 97.1818 | K56: ='[2]LCFS Credit Price Forecast'!$B$91 -> 198.9773 | L56: =[4]Forecasts!$B$13 -> 438.9773 | M56: =[4]Forecasts!$C$13 -> 1.4568
A57: 44185 | B57: =#REF! -> #REF! | C57: =#REF! -> #REF! | D57: =#REF! -> #REF! | E57: =#REF! -> #REF! | F57: =#REF! -> #REF! | G57: =#REF! -> #REF! | H57: =[1]Prices!$L$614+6 -> 46.85 | I57: ='[5]Malaysia Palm Complex'!$BJ$184 -> 2615.8 | J57: ='[3]RINs and HOBO Forecast'!$C$49 -> 97.1818 | K57: ='[2]LCFS Credit Price Forecast'!$B$91 -> 198.9773 | L57: =[4]Forecasts!$B$13 -> 438.9773 | M57: =[4]Forecasts!$C$13 -> 1.4568
A58: 44192 | B58: =#REF! -> #REF! | C58: =#REF! -> #REF! | D58: =#REF! -> #REF! | E58: =#REF! -> #REF! | F58: =#REF! -> #REF! | G58: =#REF! -> #REF! | H58: =[1]Prices!$L$614+6 -> 46.85 | I58: ='[5]Malaysia Palm Complex'!$BJ$184 -> 2615.8 | J58: ='[3]RINs and HOBO Forecast'!$C$49 -> 97.1818 | K58: ='[2]LCFS Credit Price Forecast'!$B$91 -> 198.9773 | L58: =[4]Forecasts!$B$13 -> 438.9773 | M58: =[4]Forecasts!$C$13 -> 1.4568
A59: 44199 | B59: =#REF! -> #REF! | C59: =#REF! -> #REF! | D59: =#REF! -> #REF! | E59: =#REF! -> #REF! | F59: =#REF! -> #REF! | G59: =#REF! -> #REF! | H59: =[1]Prices!$L$615+6 -> 50.31 | I59: ='[5]Malaysia Palm Complex'!$BJ$185 -> 2896.5238 | J59: ='[3]RINs and HOBO Forecast'!$C$50 -> 102.6184 | K59: ='[2]LCFS Credit Price Forecast'!$B$92 -> 199.8355 | L59: =[4]Forecasts!$B$14 -> 463.4737 | M59: =[4]Forecasts!$C$14 -> 1.5875
A60: 44206 | B60: =#REF! -> #REF! | C60: =#REF! -> #REF! | D60: =#REF! -> #REF! | E60: =#REF! -> #REF! | F60: =#REF! -> #REF! | G60: =#REF! -> #REF! | H60: =[1]Prices!$L$615+6 -> 50.31 | I60: ='[5]Malaysia Palm Complex'!$BJ$185 -> 2896.5238 | J60: ='[3]RINs and HOBO Forecast'!$C$50 -> 102.6184 | K60: ='[2]LCFS Credit Price Forecast'!$B$92 -> 199.8355 | L60: =[4]Forecasts!$B$14 -> 463.4737 | M60: =[4]Forecasts!$C$14 -> 1.5875
A61: 44213 | B61: =#REF! -> #REF! | C61: =#REF! -> #REF! | D61: =#REF! -> #REF! | E61: =#REF! -> #REF! | F61: =#REF! -> #REF! | G61: =#REF! -> #REF! | H61: =[1]Prices!$L$615+6 -> 50.31 | I61: ='[5]Malaysia Palm Complex'!$BJ$185 -> 2896.5238 | J61: ='[3]RINs and HOBO Forecast'!$C$50 -> 102.6184 | K61: ='[2]LCFS Credit Price Forecast'!$B$92 -> 199.8355 | L61: =[4]Forecasts!$B$14 -> 463.4737 | M61: =[4]Forecasts!$C$14 -> 1.5875
A62: 44220 | B62: =#REF! -> #REF! | C62: =#REF! -> #REF! | D62: =#REF! -> #REF! | E62: =#REF! -> #REF! | F62: =#REF! -> #REF! | G62: =#REF! -> #REF! | H62: =[1]Prices!$L$615+6 -> 50.31 | I62: ='[5]Malaysia Palm Complex'!$BJ$185 -> 2896.5238 | J62: ='[3]RINs and HOBO Forecast'!$C$50 -> 102.6184 | K62: ='[2]LCFS Credit Price Forecast'!$B$92 -> 199.8355 | L62: =[4]Forecasts!$B$14 -> 463.4737 | M62: =[4]Forecasts!$C$14 -> 1.5875
A63: 44227 | B63: =#REF! -> #REF! | C63: =#REF! -> #REF! | D63: =#REF! -> #REF! | E63: =#REF! -> #REF! | F63: =#REF! -> #REF! | G63: =#REF! -> #REF! | H63: =[1]Prices!$L$615+6 -> 50.31 | I63: ='[5]Malaysia Palm Complex'!$BJ$185 -> 2896.5238 | J63: ='[3]RINs and HOBO Forecast'!$C$50 -> 102.6184 | K63: ='[2]LCFS Credit Price Forecast'!$B$92 -> 199.8355 | L63: =[4]Forecasts!$B$14 -> 463.4737 | M63: =[4]Forecasts!$C$14 -> 1.5875
A64: 44234 | B64: =#REF! -> #REF! | C64: =#REF! -> #REF! | D64: =#REF! -> #REF! | E64: =#REF! -> #REF! | F64: =#REF! -> #REF! | G64: =#REF! -> #REF! | H64: =[1]Prices!$L$616+6 -> 54.37 | I64: ='[5]Malaysia Palm Complex'!$BJ$186 -> 2930.1 | J64: ='[3]RINs and HOBO Forecast'!$C$51 -> 109.8947 | K64: ='[2]LCFS Credit Price Forecast'!$B$93 -> 192.9605 | L64: =[4]Forecasts!$B$15 -> 497.5789 | M64: =[4]Forecasts!$C$15 -> 1.7951
A65: 44241 | B65: =#REF! -> #REF! | C65: =#REF! -> #REF! | D65: =#REF! -> #REF! | E65: =#REF! -> #REF! | F65: =#REF! -> #REF! | G65: =#REF! -> #REF! | H65: =[1]Prices!$L$616+6 -> 54.37 | I65: ='[5]Malaysia Palm Complex'!$BJ$186 -> 2930.1 | J65: ='[3]RINs and HOBO Forecast'!$C$51 -> 109.8947 | K65: ='[2]LCFS Credit Price Forecast'!$B$93 -> 192.9605 | L65: =[4]Forecasts!$B$15 -> 497.5789 | M65: =[4]Forecasts!$C$15 -> 1.7951
A66: 44248 | B66: =#REF! -> #REF! | C66: =#REF! -> #REF! | D66: =#REF! -> #REF! | E66: =#REF! -> #REF! | F66: =#REF! -> #REF! | G66: =#REF! -> #REF! | H66: =[1]Prices!$L$616+6 -> 54.37 | I66: ='[5]Malaysia Palm Complex'!$BJ$186 -> 2930.1 | J66: ='[3]RINs and HOBO Forecast'!$C$51 -> 109.8947 | K66: ='[2]LCFS Credit Price Forecast'!$B$93 -> 192.9605 | L66: =[4]Forecasts!$B$15 -> 497.5789 | M66: =[4]Forecasts!$C$15 -> 1.7951
A67: 44255 | B67: =#REF! -> #REF! | C67: =#REF! -> #REF! | D67: =#REF! -> #REF! | E67: =#REF! -> #REF! | F67: =#REF! -> #REF! | G67: =#REF! -> #REF! | H67: =[1]Prices!$L$616+6 -> 54.37 | I67: ='[5]Malaysia Palm Complex'!$BJ$186 -> 2930.1 | J67: ='[3]RINs and HOBO Forecast'!$C$51 -> 109.8947 | K67: ='[2]LCFS Credit Price Forecast'!$B$93 -> 192.9605 | L67: =[4]Forecasts!$B$15 -> 497.5789 | M67: =[4]Forecasts!$C$15 -> 1.7951
A68: 44262 | B68: =#REF! -> #REF! | C68: =#REF! -> #REF! | D68: =#REF! -> #REF! | E68: =#REF! -> #REF! | F68: =#REF! -> #REF! | G68: =#REF! -> #REF! | H68: =[1]Prices!$L$617+6 -> 62 | I68: ='[5]Malaysia Palm Complex'!$BJ$187 -> 2620.8421 | J68: ='[3]RINs and HOBO Forecast'!$C$52 -> 138.4022 | K68: ='[2]LCFS Credit Price Forecast'!$B$94 -> 192.9946 | L68: =[4]Forecasts!B$16 -> 541.5217 | M68: =[4]Forecasts!C$16 -> 1.8699
A69: 44269 | B69: =#REF! -> #REF! | C69: =#REF! -> #REF! | D69: =#REF! -> #REF! | E69: =#REF! -> #REF! | F69: =#REF! -> #REF! | G69: =#REF! -> #REF! | H69: =[1]Prices!$L$617+6 -> 62 | I69: ='[5]Malaysia Palm Complex'!$BJ$187 -> 2620.8421 | J69: ='[3]RINs and HOBO Forecast'!$C$52 -> 138.4022 | K69: ='[2]LCFS Credit Price Forecast'!$B$94 -> 192.9946 | L69: =[4]Forecasts!B$16 -> 541.5217 | M69: =[4]Forecasts!C$16 -> 1.8699
A70: 44276 | B70: =#REF! -> #REF! | C70: =#REF! -> #REF! | D70: =#REF! -> #REF! | E70: =#REF! -> #REF! | F70: =#REF! -> #REF! | G70: =#REF! -> #REF! | H70: =[1]Prices!$L$617+6 -> 62 | I70: ='[5]Malaysia Palm Complex'!$BJ$187 -> 2620.8421 | J70: ='[3]RINs and HOBO Forecast'!$C$52 -> 138.4022 | K70: ='[2]LCFS Credit Price Forecast'!$B$94 -> 192.9946 | L70: =[4]Forecasts!B$16 -> 541.5217 | M70: =[4]Forecasts!C$16 -> 1.8699
A71: 44283 | B71: =#REF! -> #REF! | C71: =#REF! -> #REF! | D71: =#REF! -> #REF! | E71: =#REF! -> #REF! | F71: =#REF! -> #REF! | G71: =#REF! -> #REF! | H71: =[1]Prices!$L$617+6 -> 62 | I71: ='[5]Malaysia Palm Complex'!$BJ$187 -> 2620.8421 | J71: ='[3]RINs and HOBO Forecast'!$C$52 -> 138.4022 | K71: ='[2]LCFS Credit Price Forecast'!$B$94 -> 192.9946 | L71: =[4]Forecasts!B$16 -> 541.5217 | M71: =[4]Forecasts!C$16 -> 1.8699
A72: 44290 | B72: =#REF! -> #REF! | C72: =#REF! -> #REF! | D72: =#REF! -> #REF! | E72: =#REF! -> #REF! | F72: =#REF! -> #REF! | G72: =#REF! -> #REF! | H72: =[1]Prices!$L$618 -> 62.88 | I72: ='[5]Malaysia Palm Complex'!$BJ$188 -> 2343.5455 | J72: ='[3]RINs and HOBO Forecast'!$C$53 -> 145.8214 | K72: 185.75 | L72: =[4]Forecasts!B$17 -> 574.2857 | M72: =[4]Forecasts!C$17 -> 1.8717
A73: 44297 | B73: =#REF! -> #REF! | C73: =#REF! -> #REF! | D73: =#REF! -> #REF! | E73: =#REF! -> #REF! | F73: =#REF! -> #REF! | G73: =#REF! -> #REF! | H73: =[1]Prices!$L$618 -> 62.88 | I73: ='[5]Malaysia Palm Complex'!$BJ$188 -> 2343.5455 | J73: ='[3]RINs and HOBO Forecast'!$C$53 -> 145.8214 | K73: 178.45 | L73: =[4]Forecasts!B$17 -> 574.2857 | M73: =[4]Forecasts!C$17 -> 1.8717
A74: 44304 | B74: =#REF! -> #REF! | C74: =#REF! -> #REF! | D74: =#REF! -> #REF! | E74: =#REF! -> #REF! | F74: =#REF! -> #REF! | G74: =#REF! -> #REF! | H74: =[1]Prices!$L$618 -> 62.88 | I74: ='[5]Malaysia Palm Complex'!$BJ$188 -> 2343.5455 | J74: ='[3]RINs and HOBO Forecast'!$C$53 -> 145.8214 | K74: 180.55 | L74: =[4]Forecasts!B$17 -> 574.2857 | M74: =[4]Forecasts!C$17 -> 1.8717
A75: 44311 | B75: =#REF! -> #REF! | C75: =#REF! -> #REF! | D75: =#REF! -> #REF! | E75: =#REF! -> #REF! | F75: =#REF! -> #REF! | G75: =#REF! -> #REF! | H75: =[1]Prices!$L$618 -> 62.88 | I75: ='[5]Malaysia Palm Complex'!$BJ$188 -> 2343.5455 | J75: ='[3]RINs and HOBO Forecast'!$C$53 -> 145.8214 | K75: 175.6 | L75: =[4]Forecasts!B$17 -> 574.2857 | M75: =[4]Forecasts!C$17 -> 1.8717
A76: 44318 | B76: =#REF! -> #REF! | C76: =#REF! -> #REF! | D76: =#REF! -> #REF! | E76: =#REF! -> #REF! | F76: =#REF! -> #REF! | G76: =#REF! -> #REF! | H76: =[1]Prices!$L$619+14 -> 88.75 | I76: ='[5]Malaysia Palm Complex'!$BJ$189 -> 2192 | J76: ='[3]RINs and HOBO Forecast'!$B$54 -> 179.9875 | K76: 175.55 | L76: =[4]Forecasts!B$18 -> 606 | M76: =[4]Forecasts!C$18 -> 2.0309
A77: 44325 | B77: =#REF! -> #REF! | C77: =#REF! -> #REF! | D77: =#REF! -> #REF! | E77: =#REF! -> #REF! | F77: =#REF! -> #REF! | G77: =#REF! -> #REF! | H77: =[1]Prices!$L$619+14 -> 88.75 | I77: ='[5]Malaysia Palm Complex'!$BJ$189 -> 2192 | J77: ='[3]RINs and HOBO Forecast'!$B$54 -> 179.9875 | K77: 184.05 | L77: =[4]Forecasts!$B$18 -> 606 | M77: =[4]Forecasts!$C$18 -> 2.0309
A78: 44332 | B78: =#REF! -> #REF! | C78: =#REF! -> #REF! | D78: =#REF! -> #REF! | E78: =#REF! -> #REF! | F78: =#REF! -> #REF! | G78: =#REF! -> #REF! | H78: =[1]Prices!$L$619+14 -> 88.75 | I78: ='[5]Malaysia Palm Complex'!$BJ$189 -> 2192 | J78: ='[3]RINs and HOBO Forecast'!$B$54 -> 179.9875 | K78: 189 | L78: =[4]Forecasts!$B$18 -> 606 | M78: =[4]Forecasts!$C$18 -> 2.0309
A79: 44339 | B79: =#REF! -> #REF! | C79: =#REF! -> #REF! | D79: =#REF! -> #REF! | E79: =#REF! -> #REF! | F79: =#REF! -> #REF! | G79: =#REF! -> #REF! | H79: =[1]Prices!$L$619+14 -> 88.75 | I79: ='[5]Malaysia Palm Complex'!$BJ$189 -> 2192 | J79: ='[3]RINs and HOBO Forecast'!$B$54 -> 179.9875 | K79: ='[2]LCFS Credit Price Forecast'!$B$96 -> 187.7875 | L79: =[4]Forecasts!$B$18 -> 606 | M79: =[4]Forecasts!$C$18 -> 2.0309
A80: 44346 | B80: =#REF! -> #REF! | C80: =#REF! -> #REF! | D80: =#REF! -> #REF! | E80: =#REF! -> #REF! | F80: =#REF! -> #REF! | G80: =#REF! -> #REF! | H80: =[1]Prices!$L$619+14 -> 88.75 | I80: ='[5]Malaysia Palm Complex'!$BJ$189 -> 2192 | J80: ='[3]RINs and HOBO Forecast'!$B$54 -> 179.9875 | K80: ='[2]LCFS Credit Price Forecast'!$B$96 -> 187.7875 | L80: =[4]Forecasts!$B$18 -> 606 | M80: =[4]Forecasts!$C$18 -> 2.0309
A81: 44353 | B81: =#REF! -> #REF! | C81: =#REF! -> #REF! | D81: =#REF! -> #REF! | E81: =#REF! -> #REF! | F81: =#REF! -> #REF! | G81: =#REF! -> #REF! | H81: =[1]Prices!$L$620+14 -> 88.75 | I81: ='[5]Malaysia Palm Complex'!$BJ$190 -> 2111.6875 | J81: ='[3]RINs and HOBO Forecast'!$C$56 -> 165.6071 | K81: ='[2]LCFS Credit Price Forecast'!$B$97 -> 189.0114 | L81: =[4]Forecasts!$B$19 -> 642.2727 | M81: =[4]Forecasts!$C$19 -> 2.1304
A82: 44360 | B82: =#REF! -> #REF! | C82: =#REF! -> #REF! | D82: =#REF! -> #REF! | E82: =#REF! -> #REF! | F82: =#REF! -> #REF! | G82: =#REF! -> #REF! | H82: =[1]Prices!$L$620+14 -> 88.75 | I82: ='[5]Malaysia Palm Complex'!$BJ$190 -> 2111.6875 | J82: ='[3]RINs and HOBO Forecast'!$C$56 -> 165.6071 | K82: ='[2]LCFS Credit Price Forecast'!$B$97 -> 189.0114 | L82: =[4]Forecasts!$B$19 -> 642.2727 | M82: =[4]Forecasts!$C$19 -> 2.1304
A83: 44367 | B83: =#REF! -> #REF! | C83: =#REF! -> #REF! | D83: =#REF! -> #REF! | E83: =#REF! -> #REF! | F83: =#REF! -> #REF! | G83: =#REF! -> #REF! | H83: =[1]Prices!$L$620+14 -> 88.75 | I83: ='[5]Malaysia Palm Complex'!$BJ$190 -> 2111.6875 | J83: ='[3]RINs and HOBO Forecast'!$C$56 -> 165.6071 | K83: ='[2]LCFS Credit Price Forecast'!$B$97 -> 189.0114 | L83: =[4]Forecasts!$B$19 -> 642.2727 | M83: =[4]Forecasts!$C$19 -> 2.1304
A84: 44374 | B84: =#REF! -> #REF! | C84: =#REF! -> #REF! | D84: =#REF! -> #REF! | E84: =#REF! -> #REF! | F84: =#REF! -> #REF! | G84: =#REF! -> #REF! | H84: =[1]Prices!$L$620+14 -> 88.75 | I84: ='[5]Malaysia Palm Complex'!$BJ$190 -> 2111.6875 | J84: ='[3]RINs and HOBO Forecast'!$C$56 -> 165.6071 | K84: ='[2]LCFS Credit Price Forecast'!$B$97 -> 189.0114 | L84: =[4]Forecasts!$B$19 -> 642.2727 | M84: =[4]Forecasts!$C$19 -> 2.1304
A85: 44381 | B85: =#REF! -> #REF! | C85: =#REF! -> #REF! | D85: =#REF! -> #REF! | E85: =#REF! -> #REF! | F85: =#REF! -> #REF! | G85: =#REF! -> #REF! | H85: =[1]Prices!$L$621+14 -> 86.93 | I85: ='[5]Malaysia Palm Complex'!$BJ$191 -> 2371.7619 | J85: ='[3]RINs and HOBO Forecast'!$C$58 -> 143.6667 | K85: ='[2]LCFS Credit Price Forecast'!$B$98 -> 179.2619 | L85: =[4]Forecasts!$B$20 -> 636.1905 | M85: =[4]Forecasts!$C$20 -> 2.114
A86: 44388 | B86: =#REF! -> #REF! | C86: =#REF! -> #REF! | D86: =#REF! -> #REF! | E86: =#REF! -> #REF! | F86: =#REF! -> #REF! | G86: =#REF! -> #REF! | H86: =[1]Prices!$L$621+14 -> 86.93 | I86: ='[5]Malaysia Palm Complex'!$BJ$191 -> 2371.7619 | J86: ='[3]RINs and HOBO Forecast'!$C$58 -> 143.6667 | K86: ='[2]LCFS Credit Price Forecast'!$B$98 -> 179.2619 | L86: =[4]Forecasts!$B$20 -> 636.1905 | M86: =[4]Forecasts!$C$20 -> 2.114
A87: 44395 | B87: =#REF! -> #REF! | C87: =#REF! -> #REF! | D87: =#REF! -> #REF! | E87: =#REF! -> #REF! | F87: =#REF! -> #REF! | G87: =#REF! -> #REF! | H87: =[1]Prices!$L$621+14 -> 86.93 | I87: ='[5]Malaysia Palm Complex'!$BJ$191 -> 2371.7619 | J87: ='[3]RINs and HOBO Forecast'!$C$58 -> 143.6667 | K87: ='[2]LCFS Credit Price Forecast'!$B$98 -> 179.2619 | L87: =[4]Forecasts!$B$20 -> 636.1905 | M87: =[4]Forecasts!$C$20 -> 2.114
A88: 44402 | B88: =#REF! -> #REF! | C88: =#REF! -> #REF! | D88: =#REF! -> #REF! | E88: =#REF! -> #REF! | F88: =#REF! -> #REF! | G88: =#REF! -> #REF! | H88: =[1]Prices!$L$621+14 -> 86.93 | I88: ='[5]Malaysia Palm Complex'!$BJ$191 -> 2371.7619 | J88: ='[3]RINs and HOBO Forecast'!$C$58 -> 143.6667 | K88: ='[2]LCFS Credit Price Forecast'!$B$98 -> 179.2619 | L88: =[4]Forecasts!$B$20 -> 636.1905 | M88: =[4]Forecasts!$C$20 -> 2.114
A89: 44409 | B89: =#REF! -> #REF! | C89: =#REF! -> #REF! | D89: =#REF! -> #REF! | E89: =#REF! -> #REF! | F89: =#REF! -> #REF! | G89: =#REF! -> #REF! | H89: =[1]Prices!$L$622+14 -> 84.01 | I89: ='[5]Malaysia Palm Complex'!$BJ$192 -> 2539.8571 | J89: ='[3]RINs and HOBO Forecast'!$C$58 -> 143.6667 | K89: ='[2]LCFS Credit Price Forecast'!$B$99 -> 180.5114 | L89: =[4]Forecasts!$B$21 -> 635 | M89: =[4]Forecasts!$C$21 -> 2.0815
A90: 44416 | B90: =#REF! -> #REF! | C90: =#REF! -> #REF! | D90: =#REF! -> #REF! | E90: =#REF! -> #REF! | F90: =#REF! -> #REF! | G90: =#REF! -> #REF! | H90: =[1]Prices!$L$622+14 -> 84.01 | I90: ='[5]Malaysia Palm Complex'!$BJ$192 -> 2539.8571 | J90: ='[3]RINs and HOBO Forecast'!$C$58 -> 143.6667 | K90: ='[2]LCFS Credit Price Forecast'!$B$99 -> 180.5114 | L90: =[4]Forecasts!$B$21 -> 635 | M90: =[4]Forecasts!$C$21 -> 2.0815
A91: 44423 | B91: =#REF! -> #REF! | C91: =#REF! -> #REF! | D91: =#REF! -> #REF! | E91: =#REF! -> #REF! | F91: =#REF! -> #REF! | G91: =#REF! -> #REF! | H91: =[1]Prices!$L$622+14 -> 84.01 | I91: ='[5]Malaysia Palm Complex'!$BJ$192 -> 2539.8571 | J91: ='[3]RINs and HOBO Forecast'!$C$58 -> 143.6667 | K91: ='[2]LCFS Credit Price Forecast'!$B$99 -> 180.5114 | L91: =[4]Forecasts!$B$21 -> 635 | M91: =[4]Forecasts!$C$21 -> 2.0815
A92: 44430 | B92: =#REF! -> #REF! | C92: =#REF! -> #REF! | D92: =#REF! -> #REF! | E92: =#REF! -> #REF! | F92: =#REF! -> #REF! | G92: =#REF! -> #REF! | H92: =[1]Prices!$L$622+14 -> 84.01 | I92: ='[5]Malaysia Palm Complex'!$BJ$192 -> 2539.8571 | J92: ='[3]RINs and HOBO Forecast'!$C$58 -> 143.6667 | K92: ='[2]LCFS Credit Price Forecast'!$B$99 -> 180.5114 | L92: =[4]Forecasts!$B$21 -> 635 | M92: =[4]Forecasts!$C$21 -> 2.0815
A93: 44437 | B93: =#REF! -> #REF! | C93: =#REF! -> #REF! | D93: =#REF! -> #REF! | E93: =#REF! -> #REF! | F93: =#REF! -> #REF! | G93: =#REF! -> #REF! | H93: =[1]Prices!$L$622+14 -> 84.01 | I93: ='[5]Malaysia Palm Complex'!$BJ$192 -> 2539.8571 | J93: ='[3]RINs and HOBO Forecast'!$C$58 -> 143.6667 | K93: ='[2]LCFS Credit Price Forecast'!$B$99 -> 180.5114 | L93: =[4]Forecasts!$B$21 -> 635 | M93: =[4]Forecasts!$C$21 -> 2.0815
A94: 44444 | B94: =#REF! -> #REF! | C94: =#REF! -> #REF! | D94: =#REF! -> #REF! | E94: =#REF! -> #REF! | F94: =#REF! -> #REF! | G94: =#REF! -> #REF! | H94: =[1]Prices!$L$623+14 -> 79.93 | I94: ='[5]Malaysia Palm Complex'!$BJ$193 -> 2701.7368 | J94: ='[3]RINs and HOBO Forecast'!$C$60 -> 142.95 | K94: ='[2]LCFS Credit Price Forecast'!$B$100 -> 166.9167 | L94: =[4]Forecasts!$B$22 -> 599.0476 | M94: =[4]Forecasts!$C$22 -> 2.2091
A95: 44451 | B95: =#REF! -> #REF! | C95: =#REF! -> #REF! | D95: =#REF! -> #REF! | E95: =#REF! -> #REF! | F95: =#REF! -> #REF! | G95: =#REF! -> #REF! | H95: =[1]Prices!$L$623+14 -> 79.93 | I95: ='[5]Malaysia Palm Complex'!$BJ$193 -> 2701.7368 | J95: ='[3]RINs and HOBO Forecast'!$C$60 -> 142.95 | K95: ='[2]LCFS Credit Price Forecast'!$B$100 -> 166.9167 | L95: =[4]Forecasts!$B$22 -> 599.0476 | M95: =[4]Forecasts!$C$22 -> 2.2091
A96: 44458 | B96: =#REF! -> #REF! | C96: =#REF! -> #REF! | D96: =#REF! -> #REF! | E96: =#REF! -> #REF! | F96: =#REF! -> #REF! | G96: =#REF! -> #REF! | H96: =[1]Prices!$L$623+14 -> 79.93 | I96: ='[5]Malaysia Palm Complex'!$BJ$193 -> 2701.7368 | J96: ='[3]RINs and HOBO Forecast'!$C$60 -> 142.95 | K96: ='[2]LCFS Credit Price Forecast'!$B$100 -> 166.9167 | L96: =[4]Forecasts!$B$22 -> 599.0476 | M96: =[4]Forecasts!$C$22 -> 2.2091
A97: 44465 | B97: =#REF! -> #REF! | C97: =#REF! -> #REF! | D97: =#REF! -> #REF! | E97: =#REF! -> #REF! | F97: =#REF! -> #REF! | G97: =#REF! -> #REF! | H97: =[1]Prices!$L$623+14 -> 79.93 | I97: ='[5]Malaysia Palm Complex'!$BJ$193 -> 2701.7368 | J97: ='[3]RINs and HOBO Forecast'!$C$60 -> 142.95 | K97: ='[2]LCFS Credit Price Forecast'!$B$100 -> 166.9167 | L97: =[4]Forecasts!$B$22 -> 599.0476 | M97: =[4]Forecasts!$C$22 -> 2.2091
A98: 44472 | B98: =#REF! -> #REF! | C98: =#REF! -> #REF! | D98: =#REF! -> #REF! | E98: =#REF! -> #REF! | F98: =#REF! -> #REF! | G98: =#REF! -> #REF! | H98: =[1]Prices!$L$624+14 -> 84.42 | I98: ='[5]Malaysia Palm Complex'!$BK$182 -> 21/22 | J98: ='[3]RINs and HOBO Forecast'!$C$60 -> 142.95 | K98: ='[2]LCFS Credit Price Forecast'!$B$101 -> 167.6786 | L98: =[4]Forecasts!$B$23 -> 608.8095 | M98: =[4]Forecasts!$C$23 -> 2.5256
A99: 44479 | B99: =#REF! -> #REF! | C99: =#REF! -> #REF! | D99: =#REF! -> #REF! | E99: =#REF! -> #REF! | F99: =#REF! -> #REF! | G99: =#REF! -> #REF! | H99: =[1]Prices!$L$624+14 -> 84.42 | I99: ='[5]Malaysia Palm Complex'!$BK$182 -> 21/22 | J99: ='[3]RINs and HOBO Forecast'!$C$60 -> 142.95 | K99: ='[2]LCFS Credit Price Forecast'!$B$101 -> 167.6786 | L99: =[4]Forecasts!$B$23 -> 608.8095 | M99: =[4]Forecasts!$C$23 -> 2.5256
A100: 44486 | B100: =#REF! -> #REF! | C100: =#REF! -> #REF! | D100: =#REF! -> #REF! | E100: =#REF! -> #REF! | F100: =#REF! -> #REF! | G100: =#REF! -> #REF! | H100: =[1]Prices!$L$624+14 -> 84.42 | I100: ='[5]Malaysia Palm Complex'!$BK$182 -> 21/22 | J100: ='[3]RINs and HOBO Forecast'!$C$60 -> 142.95 | K100: ='[2]LCFS Credit Price Forecast'!$B$101 -> 167.6786 | L100: =[4]Forecasts!$B$23 -> 608.8095 | M100: =[4]Forecasts!$C$23 -> 2.5256
...
