Workbook

Sheet Dashboard

Sheet Biodiesel 
A1: Name | B1: State | C1: City | D1: Capacity (MMgy)
A2: RBF Port Neches LLC | B2: TX | C2: Port Neches | D2: 144 | E2: =MEDIAN(D2:D60) -> 36
A3: REG Grays Harbor LLC | B3: WA | C3: Hoquiam | D3: 107
A4: Louis Dreyfus Agricultural Industries LLC | B4: IN | C4: Claypool | D4: 99
A5: Cargill - Wichita | B5: KS | C5: Wichita | D5: 90
A6: Archer Daniels Midland Co. - Velva | B6: ND | C6: Velva | D6: 85
A7: REG Seneca LLC | B7: IL | C7: Seneca | D7: 76
A8: Ag Processing Inc. - Sergeant Bluff | B8: IA | C8: Sergeant Bluff | D8: 76
A9: Ag Processing Inc. - Algona | B9: IA | C9: Algona | D9: 76
A10: World Energy - Natchez | B10: MS | C10: Natchez | D10: 72
A11: Incobrasa Industries Ltd. | B11: IL | C11: Gilman | D11: 62
A12: FutureFuel Chemical Company | B12: AR | C12: Batesville | D12: 60
A13: Cargill - Iowa Falls | B13: IA | C13: Iowa Falls | D13: 56
A14: Cargill - Kansas City | B14: MO | C14: Kansas City | D14: 56
... A60: Southeast Biodiesel | B60: SC | C60: Charleston | D60: 5

Sheet Removed Projects
B1: Feedstock Mix | C1: Start Date | D1: Name Plate Capacity | E1: Pre-Treatment | F1: Pre-Treatment Tech | H1: SAF | I1: Probability
A2: SG Preston - OH | C2: 2023 | D2: 240 | E2: #N/A | I2: 0.01
A3: St. Joseph Renewable Fuels - Newton, IL | C3: ? | D3: 90

Sheet Canada Renewable Diesel
C1: PRODUCTION CAPACITY (million gallons/year) | AJ1: EMTS DATA (million gallons/month)
B2: Forge/Shell Ventures Sombra Ontario Canada | C2: Cielo - Aldersyde, AB | D2: Cielo - Edmonton, AB | E2: Cielo - Dunmore, Edmonton | F2: Cielo - Grande Prairie, AB | G2: Cielo - Halifax, NS | H2: Cielo - Kamloops, BC | I2: Cielo - Lethbridge, AB | J2: Cielo - Medicine Hat, AB | K2: Cielo - Toronto, ON | L2: Cielo - Winnipeg, MB | M2: Parkland - Burnaby, BC | N2: Come-by-Chance - Come-by-Chance, NL | O2: Tidewater | P2: Imperial | AH2: Total | AJ2: EV 1.5 | AK2: EV 1.6 | AL2: EV 1.7 | AM2: Total | AN2: Capacity Utilization
A3: Feedstock Mix | C3: Waste Products - Wood | D3: Waste Products - Wood | E3: Waste Products - Wood | F3: Waste Products - Wood | G3: Waste Products - Wood | H3: Waste Products - Wood | I3: Waste Products - Wood | J3: Waste Products - Wood | K3: Waste Products - Wood | L3: Waste Products - Wood | N3: SBO
A4: Start Date | B4: 44927 | C4: 44373 | N4: mid-22 - mid-25(?)
A5: Name Plate Capacity | B5: 7.5 | C5: 1.6 | D5: 1.6 | E5: 1.6 | F5: 1.6 | G5: 1.6 | H5: 1.6 | I5: 1.6 | J5: 1.6 | K5: 1.6 | L5: 1.6 | N5: 200 - 525
A6: Probability
A7: 40544
A8: 40575
A9: 40603
A10: 40634
A11: 40664
A12: 40695
A13: 40725
A14: 40756
A15: 40787
A16: 40817
A17: 40848
A18: 40878
... A120: 43983
A121: 44013 | C121: 0.26667
A122: 44044 | C122: 0.26667
A123: 44075 | C123: 0.26667
A124: 44105 | C124: 0.26667
A125: 44136 | C125: 0.26667
A126: 44166 | C126: 0.26667
A127: 44197 | C127: 1.6
A128: 44228 | C128: 1.6
A129: 44256 | C129: 1.6
A130: 44287 | C130: 1.6
A131: 44317 | C131: 1.6
A132: 44348 | C132: 1.6
... A150: 44896 | C150: 1.6
A151: 44927 | B151: 7.5 | C151: 1.6
A152: 44958 | B152: 7.5 | C152: 1.6
A153: 44986 | B153: 7.5 | C153: 1.6
A154: 45017 | B154: 7.5 | C154: 1.6
A155: 45047 | B155: 7.5 | C155: 1.6
A156: 45078 | B156: 7.5 | C156: 1.6
A157: 45108 | B157: 7.5 | C157: 1.6
A158: 45139 | B158: 7.5 | C158: 1.6
A159: 45170 | B159: 7.5 | C159: 1.6
A160: 45200 | B160: 7.5 | C160: 1.6
A161: 45231 | B161: 7.5 | C161: 1.6
A162: 45261 | B162: 7.5 | C162: 1.6
... A378: 51836 | B378: 7.5 | C378: 1.6

Sheet Renewable Diesel
B1: PRODUCTION CAPACITY (million gallons/year) | AY1: EMTS DATA (million gallons/month)
B2: Diamond Green Diesel - Norco, LA | C2: Diamond Green Stage 2 - Port Arthur, TX | D2: East Kansas Agri-Energy LLC | E2: Seaboard - Houghton KS | F2: REG Geismar - Geismar, LA | G2: BP/Neste - Next Renewables - Port Westward, OR | H2: World Energy - Paramount - Long Beach, CA | I2: World Energy Paramount- Houston, TX | J2: Holly Frontier - Sinclair, WY | K2: Holly Frontier - Artesia, NM | L2: Holly Frontier - Cheyenne, WY | M2: Marathon - Martinez - Pacheco, CA | N2: Marathon - Dickinson, ND | O2: P66 - Rodeo CA | P2: P66 - Ryze - Las Vegas NV | Q2: Global Clean Energy Holdings - Bakersfield, CA | R2: CVR Energy - Wynnewood OK | S2: CVR Energy - Coffeyville KS | T2: Chevron - Readifuels - IA | U2: Fulcrum Bioenergy - Sierra - Reno NV (CLOSED 6/2024) | V2: Center Point/Fulcrum Bioenergy - Gary IN (https://indianapublicradio.org/news/2024/06/waste-to-jet-fuel-company-likely-wont-place-plant-in-gary-after-years-of-plans/) | W2: Shell - Jaxon Energy - Jackson, MS | X2: Red Rock Biofuels - Lakeview OR | Y2: Suncor - Matsui - Lanza Jet - Soperton GA | Z2: Gron - Baton Rouge | AA2: PBF (ENI Sustained Mobility) - Chalmette LA | AB2: Heartwell Renewables (Cargill - Loves) - Hastings NE | AC2: Strategic Biofuels - Port of Colombia LA | AD2: Vertex - Mobile AL | AE2: SAFuels X - Trenton ND | AF2: Calumet Montana Refining - Great Falls | AG2: Emerald One - Port Arthur TX | AH2: Northwest Advanced Biofuels - Grays Harbor WA | AI2: New Rise Renewables - Reno NV | AJ2: LanzaJet Marquis - Hennepin, IL | AK2: Velocys (Bayou Fuels) - Natchez, MS | AL2: Aemetis Carbon Zero - Riverbank, CA | AM2: Gevo - Lake Preston, ND | AN2: UrbanX - Bakersfield, CA | AO2: Indaba Renewable Fuels - Imperial CA | AP2: Indaba Renewable Fuels - Imperial CA | AQ2: Slate / Starwood - Douglas, WY | AR2: HOBO Renewables #1 | AS2: Edgewood | AT2: Valley Green Fuels - Kern County, CA | AU2: Texmark Chemicals | AW2: Total | AX2: EIA Reported Capacity | AY2: D4 Domestic RD | BB2: D4 - Domestic Renewable Jet Fuel | BG2: Capacity Utilization | BI2: Pre-Treatment Capacity | BK2: Total Feedstock Use | BL2: Implied Monthly RD Yield | BM2: Implied Monthly RD Yield ex. SAF | BQ2: Biodiesel | BU2: Total Feedstock Use | BV2: Implied Monthly BD Yield | BX2: RD Percent | BY2: BD Percent | CB2: SAF | CF2: Total Feedstock Use | CG2: Implied Monthly SAF Yield | CH2: Biodiesel Annual Capacity (mmgal/yr) | CN2: Pre-Aug Revisions
A3: Feedstock Mix | B3: 23% YG - 10%CWG - 33% DCO, 33% - UCO | C3: 23% YG - 10%CWG - 33% DCO, 33% - UCO | D3: 100% DCO | E3: 66% Tallow - 33% CWG | F3: 60% Tallow - 40% DCO | G3: 25% Canola - 25% SBO - 50% Tallow | H3: 100% Tech Tallow | J3: 100% SBO | K3: 75% SBO - 25% Low CI Mix | L3: 75% SBO - 25% Low CI Mix | M3: 100% SBO | N3: 70% SBO - 30% DCO | O3: 90% SBO - 10% UCO | P3: 100% SBO | Q3: 60% SBO - 20% UCO - 20% Tallow (Ultimately Camelina) | R3: 100% SBO | S3: 75% SBO - 25% DCO | T3: DCO | U3: Municipal Solid Waste | V3: Municipal Solid Waste | W3: 50% SBO - 20% UCO - 20% Tallow - 10% DCO | X3: Woody Biomass | Y3: DCO | Z3: SBO - Canola Oil - DCO - UCO | AA3: SBO | AB3: Tallow 70% - SBO 30% | AC3: Woody Biomass | AD3: SBO | AE3: Canola - SBO | AF3: SBO - DCO - UCO - Tallow - Canola | AG3: UCO - Tallow - SBO | AH3: Woody Biomass | AI3: SBO | AJ3: Waste-based ethanol | AK3: Woody Biomass | AL3: Woody Biomass | AM3: Waste-based ethanol | AN3: UCO | AO3: UCO - Tallow - ? | AP3: UCO - Tallow - ? | AQ3: Canola | AS3: ? On capacity | AT3: UCO, Tallow, CWG - Camelina Oil | AU3: Neste RD from Koole Facility | BB3: =BB160/BB161 -> 0.62435365
A4: Start Date | B4: Expansion 2022 | C4: Q4 2022 | D4: 2020 | E4: 2022 | F4: 2024 | G4: =2024+1 -> 2025 | H4: 2025 | I4: 2025 | J4: 2016 | K4: 2022 | L4: 2022 | M4: 2023 - 2024 | N4: 2020 | O4: 2024 - 2026 | P4: 2023 | Q4: 2023 | R4: 44652 | S4: 2023 | T4: 2024 | U4: 44896 | V4: 2025 | W4: 2018 | X4: Bankrupt and acquired by Next Renewable Fuels in April 2023 | Y4: Q1 - 2022 | Z4: 2024 | AA4: 45039 | AB4: 45474 | AC4: Q1 - 2025 | AD4: Q1 2023 | AE4: 2023/2024 | AF4: 2022 | AG4: 2023 | AH4: 2024? | AI4: 45474 | AJ4: 46082 | AK4: ? / 2027 | AL4: 2024/2025 | AM4: 2024 | AN4: ? / 2027 | AO4: 45809 | AP4: ? / 2027 | AQ4: ? / 2027 | AR4: Q2 2025 | AS4: Q1 2026 | AT4: 45809 | AU4: 12/22?
A5: Name Plate Capacity | B5: 290/690/982 | C5: 470 | D5: 3 | E5: 85 | F5: 90 + 250 Expansion - 100 | G5: 500 + 250 Expansion | H5: 42 - 75 + 175 Expansion - 3490 mil gal up 700% | I5: 250 | J5: 100 + 53.3 Expansion - 117 | K5: 75 1 Q 2022/125 | L5: 125 | M5: 260/730 | N5: 184 | O5: 120/800 | P5: 100 | Q5: 140 | R5: 92 | S5: 150 | T5: 36 | U5: 11 | V5: 33 | W5: 20 | X5: 16.1 | Y5: 10 | Z5: 920 | AA5: 306 | AB5: 80 | AC5: 32 | AD5: 150 + 50 Expansion | AE5: 55/110 | AF5: 90/185 - 135 | AG5: 120 | AH5: 60 | AI5: 47 | AJ5: 120 | AK5: 35 | AL5: 45 to 90 | AM5: 46 | AN5: 75 | AO5: 95 | AP5: 95 | AQ5: 100 | AR5: 120 | AS5: 120 | AT5: 220 | AU5: 350
A6: =MEDIAN(B6:BA6) -> 113.5 | B6: 982 | C6: 470 | D6: 3 | E6: 85 | F6: 340 | G6: 750 | I6: 250 | J6: 117 | K6: 75 | L6: 125 | M6: 730 | N6: 184 | O6: 800 | P6: 100 | Q6: 140 | R6: 82 | S6: 150 | T6: 36 | U6: 11 | V6: 33 | W6: 20 | X6: 16.1 | Y6: 10 | Z6: 920 | AA6: 306 | AB6: 80 | AC6: 32 | AD6: 200 | AE6: 110 | AF6: 135 | AG6: 120 | AH6: 60 | AJ6: 120 | AK6: 35 | AL6: 90 | AN6: 75 | AO6: 95 | AP6: 95 | AQ6: 100 | AR6: 120 | AS6: 120 | AU6: 350
A7: Pre-Treatment | B7: Yes | C7: Yes | E7: Yes | F7: Yes | G7: Yes | H7: Yes | I7: Yes | J7: Yes | K7: Yes | L7: Yes | M7: Yes | N7: Yes | O7: Yes | P7: Yes | Q7: Yes | R7: Yes | S7: Yes | T7: No | U7: #N/A | V7: #N/A | W7: No | X7: #N/A | Y7: #N/A | Z7: Yes | AA7: Yes | AB7: Yes | AC7: #N/A | AD7: Yes | AE7: Yes | AF7: Yes | AG7: No | AH7: #N/A | AI7: Yes | AJ7: #N/A | AK7: #N/A | AL7: Yes | AM7: #N/A | AN7: No | AO7: Yes | AP7: Yes
A8: Pre-Treatment Tech | B8: Ecofining | C8: Ecofining | E8: RD Ready | I8: Ecofining | K8: Alfa Laval | M8: Cincinnati, OH old-BD plant | N8: Beatrice, NE old-BD plant | S8: Ecofining | Z8: Alfa Laval | AA8: Ecofining | AL8: =1320*42*365 -> 20235600
A9: Pre-Treatment Start Date | M9: 2022 | N9: 2020 | Q9: ? | S9: ? | U9: =11/0.175 -> 62.857143 | V9: =33/0.7 -> 47.142857 | Z9: ? | AE9: ? | AF9: ? | AJ9: ? | BB9: RD - Texmark
A10: Pre-Treatment Capacity | M10: =2000*42*350/1000000 -> 29.4 | N10: =3000*42*350/1000000 -> 44.1 | U10: 175,000 tons of MSW | V10: 700,000 tons of MSW | X10: Converting to a RNG facility | AI10: 5-million gallons of tankage, 16-car heated rail spur | BB10: Pathway Approved Sep-19
A11: SAF | H11: Yes - Only | I11: Yes - Only | O11: Yes | R11: Yes | S11: Yes - 25 Mmgy | T11: Yes | V11: Only | X11: No | Y11: Yes | Z11: Yes - Alfa Laval | AE11: Yes | AF11: Yes | AI11: Yes | AJ11: Yes | AK11: Yes | AL11: Yes | AM11: Yes | AO11: Yes | AP11: Yes | AQ11: Yes | AR11: Yes | AS11: ? | AT11: Yes | AU11: Yes | BB11: No Feedstock
A12: Probability | B12: 1 | C12: 1 | D12: 1 | E12: 1 | F12: 1 | G12: 0.05 | H12: 0.7 | I12: 0.5 | J12: 1 | K12: 1 | L12: 1 | M12: 1 | N12: 1 | O12: 100% - 80% | P12: 0.5 | Q12: 0.15 | R12: 1 | S12: 0.4 | T12: 1 | U12: 1 | V12: 0 | W12: 1 | X12: 0 | Y12: 0.35 | Z12: 0.25 | AA12: 1 | AB12: 0.75 | AC12: 0.05 | AD12: 0.9 | AE12: 0.01 | AF12: 1 | AG12: 0.15 | AH12: 0.05 | AI12: 1 | AJ12: 0.75 | AK12: 0.4 | AL12: 0.5 | AM12: 0.01 | AN12: 0.01 | AO12: 0.2 | AP12: 0.1 | AQ12: 0.05 | AR12: 1 | AS12: 1 | AT12: 0.25 | AU12: 1 | AY12: EV 1.5 | AZ12: EV 1.7 | BA12: Total | BB12: EV 1.6 | BC12: EV 1.6 | BD12: EV App Required | BE12: Total | BF12: All RD Production | BQ12: D4 | BR12: D6 | BS12: Total | CB12: D4 | CC12: D6 | CD12: Total
A13: 40544 | AY13: ='[1]D4 Gallon Forecast'!$C149/1000000 -> 0 | AZ13: ='[1]D4 Gallon Forecast'!$C181/1000000 -> 1.937082 | BA13: =SUM(AY13:AZ13)+BB13 -> 2.152722 | BB13: ='[1]D4 Gallon Forecast'!$C165/1000000 -> 0.21564 | BC13: ='[1]D4 Gallon Forecast'!$C341 -> 0 | BD13: ='[1]D4 Gallon Forecast'!$C357/1000000 -> 0 | BE13: =BD13+BC13+BB13 -> 0.21564 | BF13: =BA13 -> 2.152722 | BQ13: ='[1]Monthly D4 Gallon Data'!$B14/1000000 -> 32.877627 | BR13: ='[1]Monthly D6 Gallon Data'!$B16/1000000 -> 0.125801 | BS13: =SUM(BQ13:BR13) -> 33.003428 | BU13: ='[2]US EIA'!$P150 -> 269 | BV13: =BU13/BS13 -> 8.1506685 | BX13: =BF13/(BF13+BS13) -> 0.061233156 | BY13: =BS13/(BS13+BF13) -> 0.93876684 | CB13: ='[1]Monthly D4 Gallon Data'!$AG14/1000000 -> 0 | CC13: ='[1]Monthly D6 Gallon Data'!$O16/1000000 -> 0 | CD13: =SUM(CB13:CC13) -> 0 | CF13: ='RD Feedstock Breakdown'!GQ4 -> 0 | CG13: =CF13/CB13 -> #DIV/0! | CH13: ='[2]US EIA'!$R150+AW13 -> 2114.4475
A14: 40575 | AY14: ='[1]D4 Gallon Forecast'!$C150/1000000 -> 0 | AZ14: ='[1]D4 Gallon Forecast'!$C182/1000000 -> 0 | BA14: =SUM(AY14:AZ14)+BB14 -> 0.236655 | BB14: ='[1]D4 Gallon Forecast'!$C166/1000000 -> 0.236655 | BC14: ='[1]D4 Gallon Forecast'!$C342 -> 0 | BD14: ='[1]D4 Gallon Forecast'!$C358/1000000 -> 0 | BE14: =BD14+BC14 -> 0 | BF14: =BA14 -> 0.236655 | BQ14: ='[1]Monthly D4 Gallon Data'!$B15/1000000 -> 41.535834 | BR14: ='[1]Monthly D6 Gallon Data'!$B17/1000000 -> 0.22627 | BS14: =SUM(BQ14:BR14) -> 41.762104 | BU14: ='[2]US EIA'!$P151 -> 298 | BV14: =BU14/BS14 -> 7.1356558 | BX14: =BF14/(BF14+BS14) -> 0.0056348094 | BY14: =BS14/(BS14+BF14) -> 0.99436519 | CB14: ='[1]Monthly D4 Gallon Data'!$AG15/1000000 -> 0 | CC14: ='[1]Monthly D6 Gallon Data'!$O17/1000000 -> 0 | CD14: =SUM(CB14:CC14) -> 0 | CF14: ='RD Feedstock Breakdown'!GQ5 -> 0 | CG14: =CF14/CB14 -> #DIV/0! | CH14: ='[2]US EIA'!$R151+AW14 -> 2103.5975
A15: 40603 | AY15: ='[1]D4 Gallon Forecast'!$C151/1000000 -> 0 | AZ15: ='[1]D4 Gallon Forecast'!$C183/1000000 -> 1.631344 | BA15: =SUM(AY15:AZ15)+BB15 -> 2.386369 | BB15: ='[1]D4 Gallon Forecast'!$C167/1000000 -> 0.755025 | BC15: ='[1]D4 Gallon Forecast'!$C343 -> 0 | BD15: ='[1]D4 Gallon Forecast'!$C359/1000000 -> 0 | BE15: =BD15+BC15 -> 0 | BF15: =BA15 -> 2.386369 | BQ15: ='[1]Monthly D4 Gallon Data'!$B16/1000000 -> 63.342553 | BR15: ='[1]Monthly D6 Gallon Data'!$B18/1000000 -> 0.178482 | BS15: =SUM(BQ15:BR15) -> 63.521035 | BU15: ='[2]US EIA'!$P152 -> 440 | BV15: =BU15/BS15 -> 6.9268393 | BX15: =BF15/(BF15+BS15) -> 0.036207905 | BY15: =BS15/(BS15+BF15) -> 0.9637921 | CB15: ='[1]Monthly D4 Gallon Data'!$AG16/1000000 -> 0 | CC15: ='[1]Monthly D6 Gallon Data'!$O18/1000000 -> 0 | CD15: =SUM(CB15:CC15) -> 0 | CF15: ='RD Feedstock Breakdown'!GQ6 -> 0 | CG15: =CF15/CB15 -> #DIV/0! | CH15: ='[2]US EIA'!$R152+AW15 -> 2081.4975
A16: 40634 | AY16: ='[1]D4 Gallon Forecast'!$C152/1000000 -> 0 | AZ16: ='[1]D4 Gallon Forecast'!$C184/1000000 -> 1.295875 | BA16: =SUM(AY16:AZ16)+BB16 -> 1.687259 | BB16: ='[1]D4 Gallon Forecast'!$C168/1000000 -> 0.391384 | BC16: ='[1]D4 Gallon Forecast'!$C344 -> 0 | BD16: ='[1]D4 Gallon Forecast'!$C360/1000000 -> 0 | BE16: =BD16+BC16 -> 0 | BF16: =BA16 -> 1.687259 | BQ16: ='[1]Monthly D4 Gallon Data'!$B17/1000000 -> 70.300597 | BR16: ='[1]Monthly D6 Gallon Data'!$B19/1000000 -> 0 | BS16: =SUM(BQ16:BR16) -> 70.300597 | BU16: ='[2]US EIA'!$P153 -> 532 | BV16: =BU16/BS16 -> 7.5675033 | BX16: =BF16/(BF16+BS16) -> 0.023438106 | BY16: =BS16/(BS16+BF16) -> 0.97656189 | CB16: ='[1]Monthly D4 Gallon Data'!$AG17/1000000 -> 0 | CC16: ='[1]Monthly D6 Gallon Data'!$O19/1000000 -> 0 | CD16: =SUM(CB16:CC16) -> 0 | CF16: ='RD Feedstock Breakdown'!GQ7 -> 0 | CG16: =CF16/CB16 -> #DIV/0! | CH16: ='[2]US EIA'!$R153+AW16 -> 2101.3975
A17: 40664 | AY17: ='[1]D4 Gallon Forecast'!$C153/1000000 -> 0 | AZ17: ='[1]D4 Gallon Forecast'!$C185/1000000 -> 2.322891 | BA17: =SUM(AY17:AZ17)+BB17 -> 3.145024 | BB17: ='[1]D4 Gallon Forecast'!$C169/1000000 -> 0.822133 | BC17: ='[1]D4 Gallon Forecast'!$C345 -> 0 | BD17: ='[1]D4 Gallon Forecast'!$C361/1000000 -> 0 | BE17: =BD17+BC17 -> 0 | BF17: =BA17 -> 3.145024 | BQ17: ='[1]Monthly D4 Gallon Data'!$B18/1000000 -> 77.560283 | BR17: ='[1]Monthly D6 Gallon Data'!$B20/1000000 -> 0.317472 | BS17: =SUM(BQ17:BR17) -> 77.877755 | BU17: ='[2]US EIA'!$P154 -> 573 | BV17: =BU17/BS17 -> 7.3576851 | BX17: =BF17/(BF17+BS17) -> 0.038816541 | BY17: =BS17/(BS17+BF17) -> 0.96118346 | CB17: ='[1]Monthly D4 Gallon Data'!$AG18/1000000 -> 0 | CC17: ='[1]Monthly D6 Gallon Data'!$O20/1000000 -> 0 | CD17: =SUM(CB17:CC17) -> 0 | CF17: ='RD Feedstock Breakdown'!GQ8 -> 0 | CG17: =CF17/CB17 -> #DIV/0! | CH17: ='[2]US EIA'!$R154+AW17 -> 2064.3975
A18: 40695 | AY18: ='[1]D4 Gallon Forecast'!$C154/1000000 -> 0 | AZ18: ='[1]D4 Gallon Forecast'!$C186/1000000 -> 2.203702 | BA18: =SUM(AY18:AZ18)+BB18 -> 3.7434 | BB18: ='[1]D4 Gallon Forecast'!$C170/1000000 -> 1.539698 | BC18: ='[1]D4 Gallon Forecast'!$C346 -> 0 | BD18: ='[1]D4 Gallon Forecast'!$C362/1000000 -> 0 | BE18: =BD18+BC18 -> 0 | BF18: =BA18 -> 3.7434 | BQ18: ='[1]Monthly D4 Gallon Data'!$B19/1000000 -> 77.783252 | BR18: ='[1]Monthly D6 Gallon Data'!$B21/1000000 -> 0.422024 | BS18: =SUM(BQ18:BR18) -> 78.205276 | BU18: ='[2]US EIA'!$P155 -> 623 | BV18: =BU18/BS18 -> 7.9662145 | BX18: =BF18/(BF18+BS18) -> 0.045679811 | BY18: =BS18/(BS18+BF18) -> 0.95432019 | CB18: ='[1]Monthly D4 Gallon Data'!$AG19/1000000 -> 0 | CC18: ='[1]Monthly D6 Gallon Data'!$O21/1000000 -> 0 | CD18: =SUM(CB18:CC18) -> 0 | CF18: ='RD Feedstock Breakdown'!GQ9 -> 0 | CG18: =CF18/CB18 -> #DIV/0! | CH18: ='[2]US EIA'!$R155+AW18 -> 2068.9975
A19: 40725 | AY19: ='[1]D4 Gallon Forecast'!$C155/1000000 -> 0.028604 | AZ19: ='[1]D4 Gallon Forecast'!$C187/1000000 -> 4.16902 | BA19: =SUM(AY19:AZ19)+BB19 -> 5.655935 | BB19: ='[1]D4 Gallon Forecast'!$C171/1000000 -> 1.458311 | BC19: ='[1]D4 Gallon Forecast'!$C347 -> 0 | BD19: ='[1]D4 Gallon Forecast'!$C363/1000000 -> 0 | BE19: =BD19+BC19 -> 0 | BF19: =BA19 -> 5.655935 | BQ19: ='[1]Monthly D4 Gallon Data'!$B20/1000000 -> 86.877103 | BR19: ='[1]Monthly D6 Gallon Data'!$B22/1000000 -> 0.157468 | BS19: =SUM(BQ19:BR19) -> 87.034571 | BU19: ='[2]US EIA'!$P156 -> 691 | BV19: =BU19/BS19 -> 7.9393739 | BX19: =BF19/(BF19+BS19) -> 0.061019572 | BY19: =BS19/(BS19+BF19) -> 0.93898043 | CB19: ='[1]Monthly D4 Gallon Data'!$AG20/1000000 -> 0 | CC19: ='[1]Monthly D6 Gallon Data'!$O22/1000000 -> 0 | CD19: =SUM(CB19:CC19) -> 0 | CF19: ='RD Feedstock Breakdown'!GQ10 -> 0 | CG19: =CF19/CB19 -> #DIV/0! | CH19: ='[2]US EIA'!$R156+AW19 -> 1958.4975
A20: 40756 | AY20: ='[1]D4 Gallon Forecast'!$C156/1000000 -> 0.065973 | AZ20: ='[1]D4 Gallon Forecast'!$C188/1000000 -> 5.456641 | BA20: =SUM(AY20:AZ20)+BB20 -> 7.299417 | BB20: ='[1]D4 Gallon Forecast'!$C172/1000000 -> 1.776803 | BC20: ='[1]D4 Gallon Forecast'!$C348 -> 0 | BD20: ='[1]D4 Gallon Forecast'!$C364/1000000 -> 0 | BE20: =BD20+BC20 -> 0 | BF20: =BA20 -> 7.299417 | BQ20: ='[1]Monthly D4 Gallon Data'!$B21/1000000 -> 100.74705 | BR20: ='[1]Monthly D6 Gallon Data'!$B23/1000000 -> 0.206406 | BS20: =SUM(BQ20:BR20) -> 100.95345 | BU20: ='[2]US EIA'!$P157 -> 725 | BV20: =BU20/BS20 -> 7.1815276 | BX20: =BF20/(BF20+BS20) -> 0.067429317 | BY20: =BS20/(BS20+BF20) -> 0.93257068 | CB20: ='[1]Monthly D4 Gallon Data'!$AG21/1000000 -> 0 | CC20: ='[1]Monthly D6 Gallon Data'!$O23/1000000 -> 0 | CD20: =SUM(CB20:CC20) -> 0 | CF20: ='RD Feedstock Breakdown'!GQ11 -> 0 | CG20: =CF20/CB20 -> #DIV/0! | CH20: ='[2]US EIA'!$R157+AW20 -> 2007.6575
A21: 40787 | B21: =40*$B$12 -> 40 | AW21: =SUM(B21:AS21) -> 40 | AX21: =AW21 -> 40 | AY21: ='[1]D4 Gallon Forecast'!$C157/1000000 -> 0.0156 | AZ21: ='[1]D4 Gallon Forecast'!$C189/1000000 -> 2.055944 | BA21: =SUM(AY21:AZ21)+BB21 -> 4.009508 | BB21: ='[1]D4 Gallon Forecast'!$C173/1000000 -> 1.937964 | BC21: ='[1]D4 Gallon Forecast'!$C349 -> 0 | BD21: ='[1]D4 Gallon Forecast'!$C365/1000000 -> 0 | BE21: =BD21+BC21 -> 0 | BF21: =BA21+BE21 -> 4.009508 | BG21: =(BF21/(A21-A20)*365)/AX21 -> 1.1802181 | BK21: ='RD Feedstock Breakdown'!ES12 -> 34.759647 | BL21: =BK21/BF21 -> 8.6693047 | BM21: =BK21/BA21 -> 8.6693047 | BQ21: ='[1]Monthly D4 Gallon Data'!$B22/1000000 -> 114.08213 | BR21: ='[1]Monthly D6 Gallon Data'!$B24/1000000 -> 0.145377 | BS21: =SUM(BQ21:BR21) -> 114.22751 | BU21: ='[2]US EIA'!$P158 -> 725 | BV21: =BU21/BS21 -> 6.3469826 | BX21: =BF21/(BF21+BS21) -> 0.033910768 | BY21: =BS21/(BS21+BF21) -> 0.96608923 | CB21: ='[1]Monthly D4 Gallon Data'!$AG22/1000000 -> 0 | CC21: ='[1]Monthly D6 Gallon Data'!$O24/1000000 -> 0 | CD21: =SUM(CB21:CC21) -> 0 | CF21: ='RD Feedstock Breakdown'!GQ12 -> 0 | CG21: =CF21/CB21 -> #DIV/0! | CH21: ='[2]US EIA'!$R158+AW21 -> 2127.0947
A22: 40817 | B22: =40*$B$12 -> 40 | AW22: =SUM(B22:AS22) -> 40 | AX22: =AW22 -> 40 | AY22: ='[1]D4 Gallon Forecast'!$C158/1000000 -> 0.03 | AZ22: ='[1]D4 Gallon Forecast'!$C190/1000000 -> 3.327224 | BA22: =SUM(AY22:AZ22)+BB22 -> 5.768104 | BB22: ='[1]D4 Gallon Forecast'!$C174/1000000 -> 2.41088 | BC22: ='[1]D4 Gallon Forecast'!$C350 -> 0 | BD22: ='[1]D4 Gallon Forecast'!$C366/1000000 -> 0 | BE22: =BD22+BC22 -> 0 | BF22: =BA22+BE22 -> 5.768104 | BG22: =(BF22/(A22-A21)*365)/AX22 -> 1.754465 | BI22: =SUMIF($B$7:$AN$7,"Yes",B22:AN22)*0.25 -> 10 | BJ22: =AX22-BI22 -> 30 | BK22: ='RD Feedstock Breakdown'!ES13 -> 50.005451 | BL22: =BK22/BF22 -> 8.6693047 | BM22: =BK22/BA22 -> 8.6693047 | BQ22: ='[1]Monthly D4 Gallon Data'!$B23/1000000 -> 111.79084 | BR22: ='[1]Monthly D6 Gallon Data'!$B25/1000000 -> 1.886711 | BS22: =SUM(BQ22:BR22) -> 113.67755 | BU22: ='[2]US EIA'!$P159 -> 795 | BV22: =BU22/BS22 -> 6.9934653 | BX22: =BF22/(BF22+BS22) -> 0.048290614 | BY22: =BS22/(BS22+BF22) -> 0.95170939 | CB22: ='[1]Monthly D4 Gallon Data'!$AG23/1000000 -> 0 | CC22: ='[1]Monthly D6 Gallon Data'!$O25/1000000 -> 0 | CD22: =SUM(CB22:CC22) -> 0 | CF22: ='RD Feedstock Breakdown'!GQ13 -> 0 | CG22: =CF22/CB22 -> #DIV/0! | CH22: ='[2]US EIA'!$R159+AW22 -> 2158.9382
A23: 40848 | B23: =120*$B$12 -> 120 | AW23: =SUM(B23:AS23) -> 120 | AX23: =AW23 -> 120 | AY23: ='[1]D4 Gallon Forecast'!$C159/1000000 -> 0 | AZ23: ='[1]D4 Gallon Forecast'!$C191/1000000 -> 1.513543 | BA23: =SUM(AY23:AZ23)+BB23 -> 3.700399 | BB23: ='[1]D4 Gallon Forecast'!$C175/1000000 -> 2.186856 | BC23: ='[1]D4 Gallon Forecast'!$C351 -> 0 | BD23: ='[1]D4 Gallon Forecast'!$C367/1000000 -> 0 | BE23: =BD23+BC23 -> 0 | BF23: =BA23+BE23 -> 3.700399 | BG23: =(BF23/(A23-A22)*365)/AX23 -> 0.36307678 | BI23: =SUMIF($B$7:$AN$7,"Yes",B23:AN23)*0.25 -> 30 | BJ23: =AX23-BI23 -> 90 | BK23: ='RD Feedstock Breakdown'!ES14 -> 32.079887 | BL23: =BK23/BF23 -> 8.6693047 | BM23: =BK23/BA23 -> 8.6693047 | BQ23: ='[1]Monthly D4 Gallon Data'!$B24/1000000 -> 105.27714 | BR23: ='[1]Monthly D6 Gallon Data'!$B26/1000000 -> 0.506372 | BS23: =SUM(BQ23:BR23) -> 105.78351 | BU23: ='[2]US EIA'!$P160 -> 795 | BV23: =BU23/BS23 -> 7.515349 | BX23: =BF23/(BF23+BS23) -> 0.033798565 | BY23: =BS23/(BS23+BF23) -> 0.96620144 | CB23: ='[1]Monthly D4 Gallon Data'!$AG24/1000000 -> 0 | CC23: ='[1]Monthly D6 Gallon Data'!$O26/1000000 -> 0 | CD23: =SUM(CB23:CC23) -> 0 | CF23: ='RD Feedstock Breakdown'!GQ14 -> 0 | CG23: =CF23/CB23 -> #DIV/0! | CH23: ='[2]US EIA'!$R160+AW23 -> 2217.7632
A24: 40878 | B24: =120*$B$12 -> 120 | AW24: =SUM(B24:AS24) -> 120 | AX24: =AW24 -> 120 | AY24: ='[1]D4 Gallon Forecast'!$C160/1000000 -> 0 | AZ24: ='[1]D4 Gallon Forecast'!$C192/1000000 -> 4.376143 | BA24: =SUM(AY24:AZ24)+BB24 -> 5.536882 | BB24: ='[1]D4 Gallon Forecast'!$C176/1000000 -> 1.160739 | BC24: ='[1]D4 Gallon Forecast'!$C352 -> 0 | BD24: ='[1]D4 Gallon Forecast'!$C368/1000000 -> 0 | BE24: =BD24+BC24 -> 0 | BF24: =BA24+BE24 -> 5.536882 | BG24: =(BF24/(A24-A23)*365)/AX24 -> 0.56137831 | BI24: =SUMIF($B$7:$AN$7,"Yes",B24:AN24)*0.25 -> 30 | BJ24: =AX24-BI24 -> 90 | BK24: ='RD Feedstock Breakdown'!ES15 -> 48.000917 | BL24: =BK24/BF24 -> 8.6693047 | BM24: =BK24/BA24 -> 8.6693047 | BQ24: ='[1]Monthly D4 Gallon Data'!$B25/1000000 -> 150.74355 | BR24: ='[1]Monthly D6 Gallon Data'!$B27/1000000 -> 0 | BS24: =SUM(BQ24:BR24) -> 150.74355 | BU24: ='[2]US EIA'!$P161 -> 821 | BV24: =BU24/BS24 -> 5.446336 | BX24: =BF24/(BF24+BS24) -> 0.035429146 | BY24: =BS24/(BS24+BF24) -> 0.96457085 | CB24: ='[1]Monthly D4 Gallon Data'!$AG25/1000000 -> 0 | CC24: ='[1]Monthly D6 Gallon Data'!$O27/1000000 -> 0 | CD24: =SUM(CB24:CC24) -> 0 | CF24: ='RD Feedstock Breakdown'!GQ15 -> 0 | CG24: =CF24/CB24 -> #DIV/0! | CH24: ='[2]US EIA'!$R161+AW24 -> 2209.9382
A25: 40909 | B25: =160*$B$12 -> 160 | AW25: =SUM(B25:AS25) -> 160 | AX25: =AW25 -> 160 | AY25: ='[1]D4 Gallon Forecast'!$D149/1000000 -> 0 | AZ25: ='[1]D4 Gallon Forecast'!$D181/1000000 -> 3.685968 | BA25: =SUM(AY25:AZ25)+BB25 -> 3.704631 | BB25: ='[1]D4 Gallon Forecast'!$D165/1000000 -> 0.018663 | BC25: ='[1]D4 Gallon Forecast'!$D341 -> 0 | BD25: ='[1]D4 Gallon Forecast'!$D357/1000000 -> 0 | BE25: =BD25+BC25 -> 0 | BF25: =BA25+BE25 -> 3.704631 | BG25: =(BF25/(A25-A24)*365)/AX25 -> 0.27261902 | BI25: =SUMIF($B$7:$AN$7,"Yes",B25:AN25)*0.25 -> 40 | BJ25: =AX25-BI25 -> 120 | BK25: ='RD Feedstock Breakdown'!ES16 -> 32.116575 | BL25: =BK25/BF25 -> 8.6693047 | BM25: =BK25/BA25 -> 8.6693047 | BQ25: ='[1]Monthly D4 Gallon Data'!$B26/1000000 -> 60.11773 | BR25: ='[1]Monthly D6 Gallon Data'!$B28/1000000 -> 0 | BS25: =SUM(BQ25:BR25) -> 60.11773 | BU25: ='[2]US EIA'!$P162 -> 562 | BV25: =BU25/BS25 -> 9.3483237 | BX25: =BF25/(BF25+BS25) -> 0.058045972 | BY25: =BS25/(BS25+BF25) -> 0.94195403 | CB25: ='[1]Monthly D4 Gallon Data'!$AG26/1000000 -> 0 | CC25: ='[1]Monthly D6 Gallon Data'!$O28/1000000 -> 0 | CD25: =SUM(CB25:CC25) -> 0 | CF25: ='RD Feedstock Breakdown'!GQ16 -> 0 | CG25: =CF25/CB25 -> #DIV/0! | CH25: ='[2]US EIA'!$R162+AW25 -> 2408
A26: 40940 | B26: =160*$B$12 -> 160 | AW26: =SUM(B26:AS26) -> 160 | AX26: =AW26 -> 160 | AY26: ='[1]D4 Gallon Forecast'!$D150/1000000 -> 0.0095 | AZ26: ='[1]D4 Gallon Forecast'!$D182/1000000 -> 1.447398 | BA26: =SUM(AY26:AZ26)+BB26 -> 1.466603 | BB26: ='[1]D4 Gallon Forecast'!$D166/1000000 -> 0.009705 | BC26: ='[1]D4 Gallon Forecast'!$D342 -> 0 | BD26: ='[1]D4 Gallon Forecast'!$D358/1000000 -> 0 | BE26: =BD26+BC26 -> 0 | BF26: =BA26+BE26 -> 1.466603 | BG26: =(BF26/(A26-A25)*365)/AX26 -> 0.10792542 | BI26: =SUMIF($B$7:$AN$7,"Yes",B26:AN26)*0.25 -> 40 | BJ26: =AX26-BI26 -> 120 | BK26: ='RD Feedstock Breakdown'!ES17 -> 12.714428 | BL26: =BK26/BF26 -> 8.6693047 | BM26: =BK26/BA26 -> 8.6693047 | BQ26: ='[1]Monthly D4 Gallon Data'!$B27/1000000 -> 72.510777 | BR26: ='[1]Monthly D6 Gallon Data'!$B29/1000000 -> 0.417419 | BS26: =SUM(BQ26:BR26) -> 72.928196 | BU26: ='[2]US EIA'!$P163 -> 586 | BV26: =BU26/BS26 -> 8.0353009 | BX26: =BF26/(BF26+BS26) -> 0.019713784 | BY26: =BS26/(BS26+BF26) -> 0.98028622 | CB26: ='[1]Monthly D4 Gallon Data'!$AG27/1000000 -> 0 | CC26: ='[1]Monthly D6 Gallon Data'!$O29/1000000 -> 0 | CD26: =SUM(CB26:CC26) -> 0 | CF26: ='RD Feedstock Breakdown'!GQ17 -> 0 | CG26: =CF26/CB26 -> #DIV/0! | CH26: ='[2]US EIA'!$R163+AW26 -> 2408
A27: 40969 | B27: =160*$B$12 -> 160 | AW27: =SUM(B27:AS27) -> 160 | AX27: =AW27 -> 160 | AY27: ='[1]D4 Gallon Forecast'!$D151/1000000 -> 0.058 | AZ27: ='[1]D4 Gallon Forecast'!$D183/1000000 -> 3.639708 | BA27: =SUM(AY27:AZ27)+BB27 -> 4.704556 | BB27: ='[1]D4 Gallon Forecast'!$D167/1000000 -> 1.006848 | BC27: ='[1]D4 Gallon Forecast'!$D343 -> 0 | BD27: ='[1]D4 Gallon Forecast'!$D359/1000000 -> 0 | BE27: =BD27+BC27 -> 0 | BF27: =BA27+BE27 -> 4.704556 | BG27: =(BF27/(A27-A26)*365)/AX27 -> 0.37007822 | BI27: =SUMIF($B$7:$AN$7,"Yes",B27:AN27)*0.25 -> 40 | BJ27: =AX27-BI27 -> 120 | BK27: ='RD Feedstock Breakdown'!ES18 -> 40.78523 | BL27: =BK27/BF27 -> 8.6693047 | BM27: =BK27/BA27 -> 8.6693047 | BQ27: ='[1]Monthly D4 Gallon Data'!$B28/1000000 -> 95.151425 | BR27: ='[1]Monthly D6 Gallon Data'!$B30/1000000 -> 0 | BS27: =SUM(BQ27:BR27) -> 95.151425 | BU27: ='[2]US EIA'!$P164 -> 713 | BV27: =BU27/BS27 -> 7.4933192 | BX27: =BF27/(BF27+BS27) -> 0.047113412 | BY27: =BS27/(BS27+BF27) -> 0.95288659 | CB27: ='[1]Monthly D4 Gallon Data'!$AG28/1000000 -> 0 | CC27: ='[1]Monthly D6 Gallon Data'!$O30/1000000 -> 0 | CD27: =SUM(CB27:CC27) -> 0 | CF27: ='RD Feedstock Breakdown'!GQ18 -> 0 | CG27: =CF27/CB27 -> #DIV/0! | CH27: ='[2]US EIA'!$R164+AW27 -> 2393
A28: 41000 | B28: =160*$B$12 -> 160 | AW28: =SUM(B28:AS28) -> 160 | AX28: =AW28 -> 160 | AY28: ='[1]D4 Gallon Forecast'!$D152/1000000 -> 0.133864 | AZ28: ='[1]D4 Gallon Forecast'!$D184/1000000 -> 1.185054 | BA28: =SUM(AY28:AZ28)+BB28 -> 3.182046 | BB28: ='[1]D4 Gallon Forecast'!$D168/1000000 -> 1.863128 | BC28: ='[1]D4 Gallon Forecast'!$D344 -> 0 | BD28: ='[1]D4 Gallon Forecast'!$D360/1000000 -> 0 | BE28: =BD28+BC28 -> 0 | BF28: =BA28+BE28 -> 3.182046 | BG28: =(BF28/(A28-A27)*365)/AX28 -> 0.23416266 | BI28: =SUMIF($B$7:$AN$7,"Yes",B28:AN28)*0.25 -> 40 | BJ28: =AX28-BI28 -> 120 | BK28: ='RD Feedstock Breakdown'!ES19 -> 27.586126 | BL28: =BK28/BF28 -> 8.6693047 | BM28: =BK28/BA28 -> 8.6693047 | BQ28: ='[1]Monthly D4 Gallon Data'!$B29/1000000 -> 92.581599 | BR28: ='[1]Monthly D6 Gallon Data'!$B31/1000000 -> 0 | BS28: =SUM(BQ28:BR28) -> 92.581599 | BU28: ='[2]US EIA'!$P165 -> 711 | BV28: =BU28/BS28 -> 7.6797118 | BX28: =BF28/(BF28+BS28) -> 0.033228121 | BY28: =BS28/(BS28+BF28) -> 0.96677188 | CB28: ='[1]Monthly D4 Gallon Data'!$AG29/1000000 -> 0 | CC28: ='[1]Monthly D6 Gallon Data'!$O31/1000000 -> 0 | CD28: =SUM(CB28:CC28) -> 0 | CF28: ='RD Feedstock Breakdown'!GQ19 -> 0 | CG28: =CF28/CB28 -> #DIV/0! | CH28: ='[2]US EIA'!$R165+AW28 -> 2363
A29: 41030 | B29: =160*$B$12 -> 160 | AW29: =SUM(B29:AS29) -> 160 | AX29: =AW29 -> 160 | AY29: ='[1]D4 Gallon Forecast'!$D153/1000000 -> 0.138592 | AZ29: ='[1]D4 Gallon Forecast'!$D185/1000000 -> 0.765981 | BA29: =SUM(AY29:AZ29)+BB29 -> 3.357746 | BB29: ='[1]D4 Gallon Forecast'!$D169/1000000 -> 2.453173 | BC29: ='[1]D4 Gallon Forecast'!$D345 -> 0 | BD29: ='[1]D4 Gallon Forecast'!$D361/1000000 -> 0 | BE29: =BD29+BC29 -> 0 | BF29: =BA29+BE29 -> 3.357746 | BG29: =(BF29/(A29-A28)*365)/AX29 -> 0.2553286 | BI29: =SUMIF($B$7:$AN$7,"Yes",B29:AN29)*0.25 -> 40 | BJ29: =AX29-BI29 -> 120 | BK29: ='RD Feedstock Breakdown'!ES20 -> 29.109323 | BL29: =BK29/BF29 -> 8.6693047 | BM29: =BK29/BA29 -> 8.6693047 | BQ29: ='[1]Monthly D4 Gallon Data'!$B30/1000000 -> 107.55476 | BR29: ='[1]Monthly D6 Gallon Data'!$B32/1000000 -> 0 | BS29: =SUM(BQ29:BR29) -> 107.55476 | BU29: ='[2]US EIA'!$P166 -> 767 | BV29: =BU29/BS29 -> 7.1312512 | BX29: =BF29/(BF29+BS29) -> 0.030273827 | BY29: =BS29/(BS29+BF29) -> 0.96972617 | CB29: ='[1]Monthly D4 Gallon Data'!$AG30/1000000 -> 0 | CC29: ='[1]Monthly D6 Gallon Data'!$O32/1000000 -> 0 | CD29: =SUM(CB29:CC29) -> 0 | CF29: ='RD Feedstock Breakdown'!GQ20 -> 0 | CG29: =CF29/CB29 -> #DIV/0! | CH29: ='[2]US EIA'!$R166+AW29 -> 2359
A30: 41061 | B30: =160*$B$12 -> 160 | AW30: =SUM(B30:AS30) -> 160 | AX30: =AW30 -> 160 | AY30: ='[1]D4 Gallon Forecast'!$D154/1000000 -> 0 | AZ30: ='[1]D4 Gallon Forecast'!$D186/1000000 -> 2.175694 | BA30: =SUM(AY30:AZ30)+BB30 -> 3.082194 | BB30: ='[1]D4 Gallon Forecast'!$D170/1000000 -> 0.9065 | BC30: ='[1]D4 Gallon Forecast'!$D346 -> 0 | BD30: ='[1]D4 Gallon Forecast'!$D362/1000000 -> 0 | BE30: =BD30+BC30 -> 0 | BF30: =BA30+BE30 -> 3.082194 | BG30: =(BF30/(A30-A29)*365)/AX30 -> 0.22681468 | BI30: =SUMIF($B$7:$AN$7,"Yes",B30:AN30)*0.25 -> 40 | BJ30: =AX30-BI30 -> 120 | BK30: ='RD Feedstock Breakdown'!ES21 -> 26.720479 | BL30: =BK30/BF30 -> 8.6693047 | BM30: =BK30/BA30 -> 8.6693047 | BQ30: ='[1]Monthly D4 Gallon Data'!$B31/1000000 -> 106.61364 | BR30: ='[1]Monthly D6 Gallon Data'!$B33/1000000 -> 0 | BS30: =SUM(BQ30:BR30) -> 106.61364 | BU30: ='[2]US EIA'!$P167 -> 703 | BV30: =BU30/BS30 -> 6.5939027 | BX30: =BF30/(BF30+BS30) -> 0.028097638 | BY30: =BS30/(BS30+BF30) -> 0.97190236 | CB30: ='[1]Monthly D4 Gallon Data'!$AG31/1000000 -> 0 | CC30: ='[1]Monthly D6 Gallon Data'!$O33/1000000 -> 0 | CD30: =SUM(CB30:CC30) -> 0 | CF30: ='RD Feedstock Breakdown'!GQ21 -> 0 | CG30: =CF30/CB30 -> #DIV/0! | CH30: ='[2]US EIA'!$R167+AW30 -> 2343
A31: 41091 | B31: =160*$B$12 -> 160 | AW31: =SUM(B31:AS31) -> 160 | AX31: =AW31 -> 160 | AY31: ='[1]D4 Gallon Forecast'!$D155/1000000 -> 0.227664 | AZ31: ='[1]D4 Gallon Forecast'!$D187/1000000 -> 4.738922 | BA31: =SUM(AY31:AZ31)+BB31 -> 5.724257 | BB31: ='[1]D4 Gallon Forecast'!$D171/1000000 -> 0.757671 | BC31: ='[1]D4 Gallon Forecast'!$D347 -> 0 | BD31: ='[1]D4 Gallon Forecast'!$D363/1000000 -> 0 | BE31: =BD31+BC31 -> 0 | BF31: =BA31+BE31 -> 5.724257 | BG31: =(BF31/(A31-A30)*365)/AX31 -> 0.43528204 | BI31: =SUMIF($B$7:$AN$7,"Yes",B31:AN31)*0.25 -> 40 | BJ31: =AX31-BI31 -> 120 | BK31: ='RD Feedstock Breakdown'!ES22 -> 49.625328 | BL31: =BK31/BF31 -> 8.6693047 | BM31: =BK31/BA31 -> 8.6693047 | BQ31: ='[1]Monthly D4 Gallon Data'!$B32/1000000 -> 97.342403 | BR31: ='[1]Monthly D6 Gallon Data'!$B34/1000000 -> 0 | BS31: =SUM(BQ31:BR31) -> 97.342403 | BU31: ='[2]US EIA'!$P168 -> 642 | BV31: =BU31/BS31 -> 6.5952759 | BX31: =BF31/(BF31+BS31) -> 0.055539366 | BY31: =BS31/(BS31+BF31) -> 0.94446063 | CB31: ='[1]Monthly D4 Gallon Data'!$AG32/1000000 -> 0 | CC31: ='[1]Monthly D6 Gallon Data'!$O34/1000000 -> 0 | CD31: =SUM(CB31:CC31) -> 0 | CF31: ='RD Feedstock Breakdown'!GQ22 -> 0 | CG31: =CF31/CB31 -> #DIV/0! | CH31: ='[2]US EIA'!$R168+AW31 -> 2340
A32: 41122 | B32: =160*$B$12 -> 160 | AW32: =SUM(B32:AS32) -> 160 | AX32: =AW32 -> 160 | AY32: ='[1]D4 Gallon Forecast'!$D156/1000000 -> 0.04587 | AZ32: ='[1]D4 Gallon Forecast'!$D188/1000000 -> 3.843433 | BA32: =SUM(AY32:AZ32)+BB32 -> 4.247553 | BB32: ='[1]D4 Gallon Forecast'!$D172/1000000 -> 0.35825 | BC32: ='[1]D4 Gallon Forecast'!$D348 -> 0 | BD32: ='[1]D4 Gallon Forecast'!$D364/1000000 -> 0 | BE32: =BD32+BC32 -> 0 | BF32: =BA32+BE32 -> 4.247553 | BG32: =(BF32/(A32-A31)*365)/AX32 -> 0.31257194 | BI32: =SUMIF($B$7:$AN$7,"Yes",B32:AN32)*0.25 -> 40 | BJ32: =AX32-BI32 -> 120 | BK32: ='RD Feedstock Breakdown'!ES23 -> 36.823331 | BL32: =BK32/BF32 -> 8.6693047 | BM32: =BK32/BA32 -> 8.6693047 | BQ32: ='[1]Monthly D4 Gallon Data'!$B33/1000000 -> 96.25435 | BR32: ='[1]Monthly D6 Gallon Data'!$B35/1000000 -> 0.099089 | BS32: =SUM(BQ32:BR32) -> 96.353439 | BU32: ='[2]US EIA'!$P169 -> 693 | BV32: =BU32/BS32 -> 7.1922705 | BX32: =BF32/(BF32+BS32) -> 0.04222178 | BY32: =BS32/(BS32+BF32) -> 0.95777822 | CB32: ='[1]Monthly D4 Gallon Data'!$AG33/1000000 -> 0 | CC32: ='[1]Monthly D6 Gallon Data'!$O35/1000000 -> 0 | CD32: =SUM(CB32:CC32) -> 0 | CF32: ='RD Feedstock Breakdown'!GQ23 -> 0 | CG32: =CF32/CB32 -> #DIV/0! | CH32: ='[2]US EIA'!$R169+AW32 -> 2340
A33: 41153 | B33: =160*$B$12 -> 160 | AW33: =SUM(B33:AS33) -> 160 | AX33: =AW33 -> 160 | AY33: ='[1]D4 Gallon Forecast'!$D157/1000000 -> 0.142502 | AZ33: ='[1]D4 Gallon Forecast'!$D189/1000000 -> 2.250327 | BA33: =SUM(AY33:AZ33)+BB33 -> 2.698792 | BB33: ='[1]D4 Gallon Forecast'!$D173/1000000 -> 0.305963 | BC33: ='[1]D4 Gallon Forecast'!$D349 -> 0 | BD33: ='[1]D4 Gallon Forecast'!$D365/1000000 -> 0 | BE33: =BD33+BC33 -> 0 | BF33: =BA33+BE33 -> 2.698792 | BG33: =(BF33/(A33-A32)*365)/AX33 -> 0.19860062 | BI33: =SUMIF($B$7:$AN$7,"Yes",B33:AN33)*0.25 -> 40 | BJ33: =AX33-BI33 -> 120 | BK33: ='RD Feedstock Breakdown'!ES24 -> 23.39665 | BL33: =BK33/BF33 -> 8.6693047 | BM33: =BK33/BA33 -> 8.6693047 | BQ33: ='[1]Monthly D4 Gallon Data'!$B34/1000000 -> 81.339106 | BR33: ='[1]Monthly D6 Gallon Data'!$B36/1000000 -> 0 | BS33: =SUM(BQ33:BR33) -> 81.339106 | BU33: ='[2]US EIA'!$P170 -> 618 | BV33: =BU33/BS33 -> 7.5978214 | BX33: =BF33/(BF33+BS33) -> 0.032113987 | BY33: =BS33/(BS33+BF33) -> 0.96788601 | CB33: ='[1]Monthly D4 Gallon Data'!$AG34/1000000 -> 0 | CC33: ='[1]Monthly D6 Gallon Data'!$O36/1000000 -> 0 | CD33: =SUM(CB33:CC33) -> 0 | CF33: ='RD Feedstock Breakdown'!GQ24 -> 0 | CG33: =CF33/CB33 -> #DIV/0! | CH33: ='[2]US EIA'!$R170+AW33 -> 2370
A34: 41183 | B34: =160*$B$12 -> 160 | AW34: =SUM(B34:AS34) -> 160 | AX34: =AW34 -> 160 | AY34: ='[1]D4 Gallon Forecast'!$D158/1000000 -> 0.20329 | AZ34: ='[1]D4 Gallon Forecast'!$D190/1000000 -> 1.960831 | BA34: =SUM(AY34:AZ34)+BB34 -> 2.734414 | BB34: ='[1]D4 Gallon Forecast'!$D174/1000000 -> 0.570293 | BC34: ='[1]D4 Gallon Forecast'!$D350 -> 0 | BD34: ='[1]D4 Gallon Forecast'!$D366/1000000 -> 0 | BE34: =BD34+BC34 -> 0 | BF34: =BA34+BE34 -> 2.734414 | BG34: =(BF34/(A34-A33)*365)/AX34 -> 0.2079294 | BI34: =SUMIF($B$7:$AN$7,"Yes",B34:AN34)*0.25 -> 40 | BJ34: =AX34-BI34 -> 120 | BK34: ='RD Feedstock Breakdown'!ES25 -> 23.705468 | BL34: =BK34/BF34 -> 8.6693047 | BM34: =BK34/BA34 -> 8.6693047 | BQ34: ='[1]Monthly D4 Gallon Data'!$B35/1000000 -> 80.600435 | BR34: ='[1]Monthly D6 Gallon Data'!$B37/1000000 -> 0.11181 | BS34: =SUM(BQ34:BR34) -> 80.712245 | BU34: ='[2]US EIA'!$P171 -> 574 | BV34: =BU34/BS34 -> 7.1116842 | BX34: =BF34/(BF34+BS34) -> 0.032768406 | BY34: =BS34/(BS34+BF34) -> 0.96723159 | CB34: ='[1]Monthly D4 Gallon Data'!$AG35/1000000 -> 0 | CC34: ='[1]Monthly D6 Gallon Data'!$O37/1000000 -> 0 | CD34: =SUM(CB34:CC34) -> 0 | CF34: ='RD Feedstock Breakdown'!GQ25 -> 0 | CG34: =CF34/CB34 -> #DIV/0! | CH34: ='[2]US EIA'!$R171+AW34 -> 2370
A35: 41214 | B35: =160*$B$12 -> 160 | AW35: =SUM(B35:AS35) -> 160 | AX35: =AW35 -> 160 | AY35: ='[1]D4 Gallon Forecast'!$D159/1000000 -> 0 | AZ35: ='[1]D4 Gallon Forecast'!$D191/1000000 -> 3.106752 | BA35: =SUM(AY35:AZ35)+BB35 -> 3.675591 | BB35: ='[1]D4 Gallon Forecast'!$D175/1000000 -> 0.568839 | BC35: ='[1]D4 Gallon Forecast'!$D351 -> 0 | BD35: ='[1]D4 Gallon Forecast'!$D367/1000000 -> 0 | BE35: =BD35+BC35 -> 0 | BF35: =BA35+BE35 -> 3.675591 | BG35: =(BF35/(A35-A34)*365)/AX35 -> 0.270482 | BI35: =SUMIF($B$7:$AN$7,"Yes",B35:AN35)*0.25 -> 40 | BJ35: =AX35-BI35 -> 120 | BK35: ='RD Feedstock Breakdown'!ES26 -> 31.864818 | BL35: =BK35/BF35 -> 8.6693047 | BM35: =BK35/BA35 -> 8.6693047 | BQ35: ='[1]Monthly D4 Gallon Data'!$B36/1000000 -> 67.979938 | BR35: ='[1]Monthly D6 Gallon Data'!$B38/1000000 -> 0.045342 | BS35: =SUM(BQ35:BR35) -> 68.02528 | BU35: ='[2]US EIA'!$P172 -> 436 | BV35: =BU35/BS35 -> 6.4093819 | BX35: =BF35/(BF35+BS35) -> 0.05126285 | BY35: =BS35/(BS35+BF35) -> 0.94873715 | CB35: ='[1]Monthly D4 Gallon Data'!$AG36/1000000 -> 0 | CC35: ='[1]Monthly D6 Gallon Data'!$O38/1000000 -> 0 | CD35: =SUM(CB35:CC35) -> 0 | CF35: ='RD Feedstock Breakdown'!GQ26 -> 0 | CG35: =CF35/CB35 -> #DIV/0! | CH35: ='[2]US EIA'!$R172+AW35 -> 2332
A36: 41244 | B36: =160*$B$12 -> 160 | AW36: =SUM(B36:AS36) -> 160 | AX36: =AW36 -> 160 | AY36: ='[1]D4 Gallon Forecast'!$D160/1000000 -> 0 | AZ36: ='[1]D4 Gallon Forecast'!$D192/1000000 -> 1.064197 | BA36: =SUM(AY36:AZ36)+BB36 -> 1.617101 | BB36: ='[1]D4 Gallon Forecast'!$D176/1000000 -> 0.552904 | BC36: ='[1]D4 Gallon Forecast'!$D352 -> 0 | BD36: ='[1]D4 Gallon Forecast'!$D368/1000000 -> 0 | BE36: =BD36+BC36 -> 0 | BF36: =BA36+BE36 -> 1.617101 | BG36: =(BF36/(A36-A35)*365)/AX36 -> 0.12296706 | BI36: =SUMIF($B$7:$AN$7,"Yes",B36:AN36)*0.25 -> 40 | BJ36: =AX36-BI36 -> 120 | BK36: ='RD Feedstock Breakdown'!ES27 -> 14.019141 | BL36: =BK36/BF36 -> 8.6693047 | BM36: =BK36/BA36 -> 8.6693047 | BQ36: ='[1]Monthly D4 Gallon Data'!$B37/1000000 -> 58.155836 | BR36: ='[1]Monthly D6 Gallon Data'!$B39/1000000 -> 0.072018 | BS36: =SUM(BQ36:BR36) -> 58.227854 | BU36: ='[2]US EIA'!$P173 -> 454 | BV36: =BU36/BS36 -> 7.7969557 | BX36: =BF36/(BF36+BS36) -> 0.027021509 | BY36: =BS36/(BS36+BF36) -> 0.97297849 | CB36: ='[1]Monthly D4 Gallon Data'!$AG37/1000000 -> 0 | CC36: ='[1]Monthly D6 Gallon Data'!$O39/1000000 -> 0 | CD36: =SUM(CB36:CC36) -> 0 | CF36: ='RD Feedstock Breakdown'!GQ27 -> 0 | CG36: =CF36/CB36 -> #DIV/0! | CH36: ='[2]US EIA'!$R173+AW36 -> 2264
A37: 41275 | B37: =160*$B$12 -> 160 | AW37: =SUM(B37:AS37) -> 160 | AX37: =AW37 -> 160 | AY37: ='[1]D4 Gallon Forecast'!$E149/1000000 -> 0 | AZ37: ='[1]D4 Gallon Forecast'!$E181/1000000 -> 0.261671 | BA37: =SUM(AY37:AZ37)+BB37 -> 0.874975 | BB37: ='[1]D4 Gallon Forecast'!$E165/1000000 -> 0.613304 | BC37: ='[1]D4 Gallon Forecast'!$E341 -> 0 | BD37: ='[1]D4 Gallon Forecast'!$E357/1000000 -> 0 | BE37: =BD37+BC37 -> 0 | BF37: =BA37+BE37 -> 0.874975 | BG37: =(BF37/(A37-A36)*365)/AX37 -> 0.064388281 | BI37: =SUMIF($B$7:$AN$7,"Yes",B37:AN37)*0.25 -> 40 | BJ37: =AX37-BI37 -> 120 | BK37: ='RD Feedstock Breakdown'!ES28 -> 7.5854249 | BL37: =BK37/BF37 -> 8.6693047 | BM37: =BK37/BA37 -> 8.6693047 | BQ37: ='[1]Monthly D4 Gallon Data'!$B38/1000000 -> 71.15781 | BR37: ='[1]Monthly D6 Gallon Data'!$B40/1000000 -> 0.006128 | BS37: =SUM(BQ37:BR37) -> 71.163938 | BU37: ='[2]US EIA'!$P174 -> 525 | BV37: =BU37/BS37 -> 7.377332 | BX37: =BF37/(BF37+BS37) -> 0.012145866 | BY37: =BS37/(BS37+BF37) -> 0.98785413 | CB37: ='[1]Monthly D4 Gallon Data'!$AG38/1000000 -> 0 | CC37: ='[1]Monthly D6 Gallon Data'!$O40/1000000 -> 0 | CD37: =SUM(CB37:CC37) -> 0 | CF37: ='RD Feedstock Breakdown'!GQ28 -> 0 | CG37: =CF37/CB37 -> #DIV/0! | CH37: ='[2]US EIA'!$R174+AW37 -> 2272
A38: 41306 | B38: =160*$B$12 -> 160 | AW38: =SUM(B38:AS38) -> 160 | AX38: =AW38 -> 160 | AY38: ='[1]D4 Gallon Forecast'!$E150/1000000 -> 0.070905 | AZ38: ='[1]D4 Gallon Forecast'!$E182/1000000 -> 0.210451 | BA38: =SUM(AY38:AZ38)+BB38 -> 0.70957 | BB38: ='[1]D4 Gallon Forecast'!$E166/1000000 -> 0.428214 | BC38: ='[1]D4 Gallon Forecast'!$E342 -> 0 | BD38: ='[1]D4 Gallon Forecast'!$E358/1000000 -> 0 | BE38: =BD38+BC38 -> 0 | BF38: =BA38+BE38 -> 0.70957 | BG38: =(BF38/(A38-A37)*365)/AX38 -> 0.052216341 | BI38: =SUMIF($B$7:$AN$7,"Yes",B38:AN38)*0.25 -> 40 | BJ38: =AX38-BI38 -> 120 | BK38: ='RD Feedstock Breakdown'!ES29 -> 6.1514786 | BL38: =BK38/BF38 -> 8.6693047 | BM38: =BK38/BA38 -> 8.6693047 | BQ38: ='[1]Monthly D4 Gallon Data'!$B39/1000000 -> 74.511501 | BR38: ='[1]Monthly D6 Gallon Data'!$B41/1000000 -> 0.006161 | BS38: =SUM(BQ38:BR38) -> 74.517662 | BU38: ='[2]US EIA'!$P175 -> 542 | BV38: =BU38/BS38 -> 7.2734434 | BX38: =BF38/(BF38+BS38) -> 0.0094323556 | BY38: =BS38/(BS38+BF38) -> 0.99056764 | CB38: ='[1]Monthly D4 Gallon Data'!$AG39/1000000 -> 0 | CC38: ='[1]Monthly D6 Gallon Data'!$O41/1000000 -> 0 | CD38: =SUM(CB38:CC38) -> 0 | CF38: ='RD Feedstock Breakdown'!GQ29 -> 0 | CG38: =CF38/CB38 -> #DIV/0! | CH38: ='[2]US EIA'!$R175+AW38 -> 2281
A39: 41334 | B39: =160*$B$12 -> 160 | AW39: =SUM(B39:AS39) -> 160 | AX39: =AW39 -> 160 | AY39: ='[1]D4 Gallon Forecast'!$E151/1000000 -> 0.068357 | AZ39: ='[1]D4 Gallon Forecast'!$E183/1000000 -> 0.519014 | BA39: =SUM(AY39:AZ39)+BB39 -> 1.180027 | BB39: ='[1]D4 Gallon Forecast'!$E167/1000000 -> 0.592656 | BC39: ='[1]D4 Gallon Forecast'!$E343 -> 0 | BD39: ='[1]D4 Gallon Forecast'!$E359/1000000 -> 0 | BE39: =BD39+BC39 -> 0 | BF39: =BA39+BE39 -> 1.180027 | BG39: =(BF39/(A39-A38)*365)/AX39 -> 0.096140593 | BI39: =SUMIF($B$7:$AN$7,"Yes",B39:AN39)*0.25 -> 40 | BJ39: =AX39-BI39 -> 120 | BK39: ='RD Feedstock Breakdown'!ES30 -> 10.230014 | BL39: =BK39/BF39 -> 8.6693047 | BM39: =BK39/BA39 -> 8.6693047 | BQ39: ='[1]Monthly D4 Gallon Data'!$B40/1000000 -> 101.03032 | BR39: ='[1]Monthly D6 Gallon Data'!$B42/1000000 -> 0 | BS39: =SUM(BQ39:BR39) -> 101.03032 | BU39: ='[2]US EIA'!$P176 -> 770 | BV39: =BU39/BS39 -> 7.6214743 | BX39: =BF39/(BF39+BS39) -> 0.011545083 | BY39: =BS39/(BS39+BF39) -> 0.98845492 | CB39: ='[1]Monthly D4 Gallon Data'!$AG40/1000000 -> 0 | CC39: ='[1]Monthly D6 Gallon Data'!$O42/1000000 -> 0 | CD39: =SUM(CB39:CC39) -> 0 | CF39: ='RD Feedstock Breakdown'!GQ30 -> 0 | CG39: =CF39/CB39 -> #DIV/0! | CH39: ='[2]US EIA'!$R176+AW39 -> 2300
A40: 41365 | B40: =160*$B$12 -> 160 | AW40: =SUM(B40:AS40) -> 160 | AX40: =AW40 -> 160 | AY40: ='[1]D4 Gallon Forecast'!$E152/1000000 -> 0 | AZ40: ='[1]D4 Gallon Forecast'!$E184/1000000 -> 0.337601 | BA40: =SUM(AY40:AZ40)+BB40 -> 1.023827 | BB40: ='[1]D4 Gallon Forecast'!$E168/1000000 -> 0.686226 | BC40: ='[1]D4 Gallon Forecast'!$E344 -> 0 | BD40: ='[1]D4 Gallon Forecast'!$E360/1000000 -> 0 | BE40: =BD40+BC40 -> 0 | BF40: =BA40+BE40 -> 1.023827 | BG40: =(BF40/(A40-A39)*365)/AX40 -> 0.075342108 | BI40: =SUMIF($B$7:$AN$7,"Yes",B40:AN40)*0.25 -> 40 | BJ40: =AX40-BI40 -> 120 | BK40: ='RD Feedstock Breakdown'!ES31 -> 8.8758682 | BL40: =BK40/BF40 -> 8.6693047 | BM40: =BK40/BA40 -> 8.6693047 | BQ40: ='[1]Monthly D4 Gallon Data'!$B41/1000000 -> 110.95454 | BR40: ='[1]Monthly D6 Gallon Data'!$B43/1000000 -> 0.089168 | BS40: =SUM(BQ40:BR40) -> 111.04371 | BU40: ='[2]US EIA'!$P177 -> 814 | BV40: =BU40/BS40 -> 7.3304469 | BX40: =BF40/(BF40+BS40) -> 0.0091358037 | BY40: =BS40/(BS40+BF40) -> 0.9908642 | CB40: ='[1]Monthly D4 Gallon Data'!$AG41/1000000 -> 0 | CC40: ='[1]Monthly D6 Gallon Data'!$O43/1000000 -> 0 | CD40: =SUM(CB40:CC40) -> 0 | CF40: ='RD Feedstock Breakdown'!GQ31 -> 0 | CG40: =CF40/CB40 -> #DIV/0! | CH40: ='[2]US EIA'!$R177+AW40 -> 2301
A41: 41395 | B41: =160*$B$12 -> 160 | AW41: =SUM(B41:AS41) -> 160 | AX41: =AW41 -> 160 | AY41: ='[1]D4 Gallon Forecast'!$E153/1000000 -> 0 | AZ41: ='[1]D4 Gallon Forecast'!$E185/1000000 -> 0.261377 | BA41: =SUM(AY41:AZ41)+BB41 -> 0.966739 | BB41: ='[1]D4 Gallon Forecast'!$E169/1000000 -> 0.705362 | BC41: ='[1]D4 Gallon Forecast'!$E345 -> 0 | BD41: ='[1]D4 Gallon Forecast'!$E361/1000000 -> 0 | BE41: =BD41+BC41 -> 0 | BF41: =BA41+BE41 -> 0.966739 | BG41: =(BF41/(A41-A40)*365)/AX41 -> 0.073512445 | BI41: =SUMIF($B$7:$AN$7,"Yes",B41:AN41)*0.25 -> 40 | BJ41: =AX41-BI41 -> 120 | BK41: ='RD Feedstock Breakdown'!ES32 -> 8.380955 | BL41: =BK41/BF41 -> 8.6693047 | BM41: =BK41/BA41 -> 8.6693047 | BQ41: ='[1]Monthly D4 Gallon Data'!$B42/1000000 -> 118.93069 | BR41: ='[1]Monthly D6 Gallon Data'!$B44/1000000 -> 0.051184 | BS41: =SUM(BQ41:BR41) -> 118.98188 | BU41: ='[2]US EIA'!$P178 -> 813 | BV41: =BU41/BS41 -> 6.8329733 | BX41: =BF41/(BF41+BS41) -> 0.0080596094 | BY41: =BS41/(BS41+BF41) -> 0.99194039 | CB41: ='[1]Monthly D4 Gallon Data'!$AG42/1000000 -> 0 | CC41: ='[1]Monthly D6 Gallon Data'!$O44/1000000 -> 0 | CD41: =SUM(CB41:CC41) -> 0 | CF41: ='RD Feedstock Breakdown'!GQ32 -> 0 | CG41: =CF41/CB41 -> #DIV/0! | CH41: ='[2]US EIA'!$R178+AW41 -> 2313
A42: 41426 | B42: =160*$B$12 -> 160 | AW42: =SUM(B42:AS42) -> 160 | AX42: =AW42 -> 160 | AY42: ='[1]D4 Gallon Forecast'!$E154/1000000 -> 0.046481 | AZ42: ='[1]D4 Gallon Forecast'!$E186/1000000 -> 0.459266 | BA42: =SUM(AY42:AZ42)+BB42 -> 1.599659 | BB42: ='[1]D4 Gallon Forecast'!$E170/1000000 -> 1.093912 | BC42: ='[1]D4 Gallon Forecast'!$E346 -> 0 | BD42: ='[1]D4 Gallon Forecast'!$E362/1000000 -> 0 | BE42: =BD42+BC42 -> 0 | BF42: =BA42+BE42 -> 1.599659 | BG42: =(BF42/(A42-A41)*365)/AX42 -> 0.11771684 | BI42: =SUMIF($B$7:$AN$7,"Yes",B42:AN42)*0.25 -> 40 | BJ42: =AX42-BI42 -> 120 | BK42: ='RD Feedstock Breakdown'!ES33 -> 13.867931 | BL42: =BK42/BF42 -> 8.6693047 | BM42: =BK42/BA42 -> 8.6693047 | BQ42: ='[1]Monthly D4 Gallon Data'!$B43/1000000 -> 117.47259 | BR42: ='[1]Monthly D6 Gallon Data'!$B45/1000000 -> 0.067324 | BS42: =SUM(BQ42:BR42) -> 117.53991 | BU42: ='[2]US EIA'!$P179 -> 886 | BV42: =BU42/BS42 -> 7.5378652 | BX42: =BF42/(BF42+BS42) -> 0.013426765 | BY42: =BS42/(BS42+BF42) -> 0.98657323 | CB42: ='[1]Monthly D4 Gallon Data'!$AG43/1000000 -> 0 | CC42: ='[1]Monthly D6 Gallon Data'!$O45/1000000 -> 0 | CD42: =SUM(CB42:CC42) -> 0 | CF42: ='RD Feedstock Breakdown'!GQ33 -> 0 | CG42: =CF42/CB42 -> #DIV/0! | CH42: ='[2]US EIA'!$R179+AW42 -> 2322
A43: 41456 | B43: =160*$B$12 -> 160 | AW43: =SUM(B43:AS43) -> 160 | AX43: =AW43 -> 160 | AY43: ='[1]D4 Gallon Forecast'!$E155/1000000 -> 0.058759 | AZ43: ='[1]D4 Gallon Forecast'!$E187/1000000 -> 0.32361 | BA43: =SUM(AY43:AZ43)+BB43 -> 11.354803 | BB43: ='[1]D4 Gallon Forecast'!$E171/1000000 -> 10.972434 | BC43: ='[1]D4 Gallon Forecast'!$E347 -> 0 | BD43: ='[1]D4 Gallon Forecast'!$E363/1000000 -> 0 | BE43: =BD43+BC43 -> 0 | BF43: =BA43+BE43 -> 11.354803 | BG43: =(BF43/(A43-A42)*365)/AX43 -> 0.86343814 | BI43: =SUMIF($B$7:$AN$7,"Yes",B43:AN43)*0.25 -> 40 | BJ43: =AX43-BI43 -> 120 | BK43: ='RD Feedstock Breakdown'!ES34 -> 98.438247 | BL43: =BK43/BF43 -> 8.6693047 | BM43: =BK43/BA43 -> 8.6693047 | BQ43: ='[1]Monthly D4 Gallon Data'!$B44/1000000 -> 128.27878 | BR43: ='[1]Monthly D6 Gallon Data'!$B46/1000000 -> 0.212273 | BS43: =SUM(BQ43:BR43) -> 128.49105 | BU43: ='[2]US EIA'!$P180 -> 984 | BV43: =BU43/BS43 -> 7.6581208 | BX43: =BF43/(BF43+BS43) -> 0.081195134 | BY43: =BS43/(BS43+BF43) -> 0.91880487 | CB43: ='[1]Monthly D4 Gallon Data'!$AG44/1000000 -> 0 | CC43: ='[1]Monthly D6 Gallon Data'!$O46/1000000 -> 0 | CD43: =SUM(CB43:CC43) -> 0 | CF43: ='RD Feedstock Breakdown'!GQ34 -> 0 | CG43: =CF43/CB43 -> #DIV/0! | CH43: ='[2]US EIA'!$R180+AW43 -> 2316
A44: 41487 | B44: =160*$B$12 -> 160 | AW44: =SUM(B44:AS44) -> 160 | AX44: =AW44 -> 160 | AY44: ='[1]D4 Gallon Forecast'!$E156/1000000 -> 0 | AZ44: ='[1]D4 Gallon Forecast'!$E188/1000000 -> 1.660247 | BA44: =SUM(AY44:AZ44)+BB44 -> 8.889819 | BB44: ='[1]D4 Gallon Forecast'!$E172/1000000 -> 7.229572 | BC44: ='[1]D4 Gallon Forecast'!$E348 -> 0 | BD44: ='[1]D4 Gallon Forecast'!$E364/1000000 -> 0 | BE44: =BD44+BC44 -> 0 | BF44: =BA44+BE44 -> 8.889819 | BG44: =(BF44/(A44-A43)*365)/AX44 -> 0.65419031 | BI44: =SUMIF($B$7:$AN$7,"Yes",B44:AN44)*0.25 -> 40 | BJ44: =AX44-BI44 -> 120 | BK44: ='RD Feedstock Breakdown'!ES35 -> 77.06855 | BL44: =BK44/BF44 -> 8.6693047 | BM44: =BK44/BA44 -> 8.6693047 | BQ44: ='[1]Monthly D4 Gallon Data'!$B45/1000000 -> 129.88715 | BR44: ='[1]Monthly D6 Gallon Data'!$B47/1000000 -> 0 | BS44: =SUM(BQ44:BR44) -> 129.88715 | BU44: ='[2]US EIA'!$P181 -> 991 | BV44: =BU44/BS44 -> 7.6297004 | BX44: =BF44/(BF44+BS44) -> 0.064058319 | BY44: =BS44/(BS44+BF44) -> 0.93594168 | CB44: ='[1]Monthly D4 Gallon Data'!$AG45/1000000 -> 0 | CC44: ='[1]Monthly D6 Gallon Data'!$O47/1000000 -> 0 | CD44: =SUM(CB44:CC44) -> 0 | CF44: ='RD Feedstock Breakdown'!GQ35 -> 0 | CG44: =CF44/CB44 -> #DIV/0! | CH44: ='[2]US EIA'!$R181+AW44 -> 2313
A45: 41518 | B45: =160*$B$12 -> 160 | AW45: =SUM(B45:AS45) -> 160 | AX45: =AW45 -> 160 | AY45: ='[1]D4 Gallon Forecast'!$E157/1000000 -> 0 | AZ45: ='[1]D4 Gallon Forecast'!$E189/1000000 -> 7.796489 | BA45: =SUM(AY45:AZ45)+BB45 -> 9.767985 | BB45: ='[1]D4 Gallon Forecast'!$E173/1000000 -> 1.971496 | BC45: ='[1]D4 Gallon Forecast'!$E349 -> 0 | BD45: ='[1]D4 Gallon Forecast'!$E365/1000000 -> 0 | BE45: =BD45+BC45 -> 0 | BF45: =BA45+BE45 -> 9.767985 | BG45: =(BF45/(A45-A44)*365)/AX45 -> 0.71881341 | BI45: =SUMIF($B$7:$AN$7,"Yes",B45:AN45)*0.25 -> 40 | BJ45: =AX45-BI45 -> 120 | BK45: ='RD Feedstock Breakdown'!ES36 -> 84.681638 | BL45: =BK45/BF45 -> 8.6693047 | BM45: =BK45/BA45 -> 8.6693047 | BQ45: ='[1]Monthly D4 Gallon Data'!$B46/1000000 -> 127.58002 | BR45: ='[1]Monthly D6 Gallon Data'!$B48/1000000 -> 0.068564 | BS45: =SUM(BQ45:BR45) -> 127.64858 | BU45: ='[2]US EIA'!$P182 -> 972.10748 | BV45: =BU45/BS45 -> 7.6154977 | BX45: =BF45/(BF45+BS45) -> 0.071083023 | BY45: =BS45/(BS45+BF45) -> 0.92891698 | CB45: ='[1]Monthly D4 Gallon Data'!$AG46/1000000 -> 0 | CC45: ='[1]Monthly D6 Gallon Data'!$O48/1000000 -> 0 | CD45: =SUM(CB45:CC45) -> 0 | CF45: ='RD Feedstock Breakdown'!GQ36 -> 0 | CG45: =CF45/CB45 -> #DIV/0! | CH45: ='[2]US EIA'!$R182+AW45 -> 2313
A46: 41548 | B46: =160*$B$12 -> 160 | AW46: =SUM(B46:AS46) -> 160 | AX46: =AW46 -> 160 | AY46: ='[1]D4 Gallon Forecast'!$E158/1000000 -> 0 | AZ46: ='[1]D4 Gallon Forecast'!$E190/1000000 -> 9.036993 | BA46: =SUM(AY46:AZ46)+BB46 -> 11.053064 | BB46: ='[1]D4 Gallon Forecast'!$E174/1000000 -> 2.016071 | BC46: ='[1]D4 Gallon Forecast'!$E350 -> 0 | BD46: ='[1]D4 Gallon Forecast'!$E366/1000000 -> 0 | BE46: =BD46+BC46 -> 0 | BF46: =BA46+BE46 -> 11.053064 | BG46: =(BF46/(A46-A45)*365)/AX46 -> 0.84049341 | BI46: =SUMIF($B$7:$AN$7,"Yes",B46:AN46)*0.25 -> 40 | BJ46: =AX46-BI46 -> 120 | BK46: ='RD Feedstock Breakdown'!ES37 -> 95.82238 | BL46: =BK46/BF46 -> 8.6693047 | BM46: =BK46/BA46 -> 8.6693047 | BQ46: ='[1]Monthly D4 Gallon Data'!$B47/1000000 -> 130.08802 | BR46: ='[1]Monthly D6 Gallon Data'!$B49/1000000 -> 1.353829 | BS46: =SUM(BQ46:BR46) -> 131.44185 | BU46: ='[2]US EIA'!$P183 -> 1046 | BV46: =BU46/BS46 -> 7.9578918 | BX46: =BF46/(BF46+BS46) -> 0.077568131 | BY46: =BS46/(BS46+BF46) -> 0.92243187 | CB46: ='[1]Monthly D4 Gallon Data'!$AG47/1000000 -> 0 | CC46: ='[1]Monthly D6 Gallon Data'!$O49/1000000 -> 0 | CD46: =SUM(CB46:CC46) -> 0 | CF46: ='RD Feedstock Breakdown'!GQ37 -> 0 | CG46: =CF46/CB46 -> #DIV/0! | CH46: ='[2]US EIA'!$R183+AW46 -> 2297
A47: 41579 | B47: =160*$B$12 -> 160 | AW47: =SUM(B47:AS47) -> 160 | AX47: =AW47 -> 160 | AY47: ='[1]D4 Gallon Forecast'!$E159/1000000 -> 0 | AZ47: ='[1]D4 Gallon Forecast'!$E191/1000000 -> 10.007036 | BA47: =SUM(AY47:AZ47)+BB47 -> 11.258442 | BB47: ='[1]D4 Gallon Forecast'!$E175/1000000 -> 1.251406 | BC47: ='[1]D4 Gallon Forecast'!$E351 -> 0 | BD47: ='[1]D4 Gallon Forecast'!$E367/1000000 -> 0 | BE47: =BD47+BC47 -> 0 | BF47: =BA47+BE47 -> 11.258442 | BG47: =(BF47/(A47-A46)*365)/AX47 -> 0.82849422 | BI47: =SUMIF($B$7:$AN$7,"Yes",B47:AN47)*0.25 -> 40 | BJ47: =AX47-BI47 -> 120 | BK47: ='RD Feedstock Breakdown'!ES38 -> 97.602864 | BL47: =BK47/BF47 -> 8.6693047 | BM47: =BK47/BA47 -> 8.6693047 | BQ47: ='[1]Monthly D4 Gallon Data'!$B48/1000000 -> 110.33179 | BR47: ='[1]Monthly D6 Gallon Data'!$B50/1000000 -> 1.569005 | BS47: =SUM(BQ47:BR47) -> 111.90079 | BU47: ='[2]US EIA'!$P184 -> 988 | BV47: =BU47/BS47 -> 8.8292493 | BX47: =BF47/(BF47+BS47) -> 0.091413705 | BY47: =BS47/(BS47+BF47) -> 0.90858629 | CB47: ='[1]Monthly D4 Gallon Data'!$AG48/1000000 -> 0 | CC47: ='[1]Monthly D6 Gallon Data'!$O50/1000000 -> 0 | CD47: =SUM(CB47:CC47) -> 0 | CF47: ='RD Feedstock Breakdown'!GQ38 -> 0 | CG47: =CF47/CB47 -> #DIV/0! | CH47: ='[2]US EIA'!$R184+AW47 -> 2296
A48: 41609 | B48: =160*$B$12 -> 160 | AW48: =SUM(B48:AS48) -> 160 | AX48: =AW48 -> 160 | AY48: ='[1]D4 Gallon Forecast'!$E160/1000000 -> 0.258432 | AZ48: ='[1]D4 Gallon Forecast'!$E192/1000000 -> 11.718468 | BA48: =SUM(AY48:AZ48)+BB48 -> 13.328506 | BB48: ='[1]D4 Gallon Forecast'!$E176/1000000 -> 1.351606 | BC48: ='[1]D4 Gallon Forecast'!$E352 -> 0 | BD48: ='[1]D4 Gallon Forecast'!$E368/1000000 -> 0 | BE48: =BD48+BC48 -> 0 | BF48: =BA48+BE48 -> 13.328506 | BG48: =(BF48/(A48-A47)*365)/AX48 -> 1.0135218 | BI48: =SUMIF($B$7:$AN$7,"Yes",B48:AN48)*0.25 -> 40 | BJ48: =AX48-BI48 -> 120 | BK48: ='RD Feedstock Breakdown'!ES39 -> 115.54888 | BL48: =BK48/BF48 -> 8.6693047 | BM48: =BK48/BA48 -> 8.6693047 | BQ48: ='[1]Monthly D4 Gallon Data'!$B49/1000000 -> 158.36316 | BR48: ='[1]Monthly D6 Gallon Data'!$B51/1000000 -> 2.583684 | BS48: =SUM(BQ48:BR48) -> 160.94684 | BU48: ='[2]US EIA'!$P185 -> 1022.3464 | BV48: =BU48/BS48 -> 6.352075 | BX48: =BF48/(BF48+BS48) -> 0.076479582 | BY48: =BS48/(BS48+BF48) -> 0.92352042 | CB48: ='[1]Monthly D4 Gallon Data'!$AG49/1000000 -> 0 | CC48: ='[1]Monthly D6 Gallon Data'!$O51/1000000 -> 0 | CD48: =SUM(CB48:CC48) -> 0 | CF48: ='RD Feedstock Breakdown'!GQ39 -> 0 | CG48: =CF48/CB48 -> #DIV/0! | CH48: ='[2]US EIA'!$R185+AW48 -> 2276
A49: 41640 | B49: =160*$B$12 -> 160 | AW49: =SUM(B49:AS49) -> 160 | AX49: =AW49 -> 160 | AY49: ='[1]D4 Gallon Forecast'!$F149/1000000 -> 0 | AZ49: ='[1]D4 Gallon Forecast'!$F181/1000000 -> 9.463611 | BA49: =SUM(AY49:AZ49)+BB49 -> 10.094471 | BB49: ='[1]D4 Gallon Forecast'!$F165/1000000 -> 0.63086 | BC49: ='[1]D4 Gallon Forecast'!$F341 -> 0 | BD49: ='[1]D4 Gallon Forecast'!$F357/1000000 -> 0 | BE49: =BD49+BC49 -> 0 | BF49: =BA49+BE49 -> 10.094471 | BG49: =(BF49/(A49-A48)*365)/AX49 -> 0.7428391 | BI49: =SUMIF($B$7:$AN$7,"Yes",B49:AN49)*0.25 -> 40 | BJ49: =AX49-BI49 -> 120 | BK49: ='RD Feedstock Breakdown'!ES40 -> 87.512045 | BL49: =BK49/BF49 -> 8.6693047 | BM49: =BK49/BA49 -> 8.6693047 | BQ49: ='[1]Monthly D4 Gallon Data'!$B50/1000000 -> 56.695627 | BR49: ='[1]Monthly D6 Gallon Data'!$B52/1000000 -> 0 | BS49: =SUM(BQ49:BR49) -> 56.695627 | BU49: ='[2]US EIA'!$P186 -> 495 | BV49: =BU49/BS49 -> 8.7308321 | BX49: =BF49/(BF49+BS49) -> 0.15113724 | BY49: =BS49/(BS49+BF49) -> 0.84886276 | CB49: ='[1]Monthly D4 Gallon Data'!$AG50/1000000 -> 0 | CC49: ='[1]Monthly D6 Gallon Data'!$O52/1000000 -> 0 | CD49: =SUM(CB49:CC49) -> 0 | CF49: ='RD Feedstock Breakdown'!GQ40 -> 0 | CG49: =CF49/CB49 -> #DIV/0! | CH49: ='[2]US EIA'!$R186+AW49 -> 2119
A50: 41671 | B50: =160*$B$12 -> 160 | AW50: =SUM(B50:AS50) -> 160 | AX50: =AW50 -> 160 | AY50: ='[1]D4 Gallon Forecast'!$F150/1000000 -> 0 | AZ50: ='[1]D4 Gallon Forecast'!$F182/1000000 -> 10.879008 | BA50: =SUM(AY50:AZ50)+BB50 -> 11.769916 | BB50: ='[1]D4 Gallon Forecast'!$F166/1000000 -> 0.890908 | BC50: ='[1]D4 Gallon Forecast'!$F342 -> 0 | BD50: ='[1]D4 Gallon Forecast'!$F358/1000000 -> 0 | BE50: =BD50+BC50 -> 0 | BF50: =BA50+BE50 -> 11.769916 | BG50: =(BF50/(A50-A49)*365)/AX50 -> 0.86613293 | BI50: =SUMIF($B$7:$AN$7,"Yes",B50:AN50)*0.25 -> 40 | BJ50: =AX50-BI50 -> 120 | BK50: ='RD Feedstock Breakdown'!ES41 -> 102.03699 | BL50: =BK50/BF50 -> 8.6693047 | BM50: =BK50/BA50 -> 8.6693047 | BQ50: ='[1]Monthly D4 Gallon Data'!$B51/1000000 -> 69.859288 | BR50: ='[1]Monthly D6 Gallon Data'!$B53/1000000 -> 0 | BS50: =SUM(BQ50:BR50) -> 69.859288 | BU50: ='[2]US EIA'!$P187 -> 545 | BV50: =BU50/BS50 -> 7.8013964 | BX50: =BF50/(BF50+BS50) -> 0.14418756 | BY50: =BS50/(BS50+BF50) -> 0.85581244 | CB50: ='[1]Monthly D4 Gallon Data'!$AG51/1000000 -> 0 | CC50: ='[1]Monthly D6 Gallon Data'!$O53/1000000 -> 0 | CD50: =SUM(CB50:CC50) -> 0 | CF50: ='RD Feedstock Breakdown'!GQ41 -> 0 | CG50: =CF50/CB50 -> #DIV/0! | CH50: ='[2]US EIA'!$R187+AW50 -> 2262
A51: 41699 | B51: =160*$B$12 -> 160 | AW51: =SUM(B51:AS51) -> 160 | AX51: =AW51 -> 160 | AY51: ='[1]D4 Gallon Forecast'!$F151/1000000 -> 0 | AZ51: ='[1]D4 Gallon Forecast'!$F183/1000000 -> 13.061163 | BA51: =SUM(AY51:AZ51)+BB51 -> 14.21481 | BB51: ='[1]D4 Gallon Forecast'!$F167/1000000 -> 1.153647 | BC51: ='[1]D4 Gallon Forecast'!$F343 -> 0 | BD51: ='[1]D4 Gallon Forecast'!$F359/1000000 -> 0 | BE51: =BD51+BC51 -> 0 | BF51: =BA51+BE51 -> 14.21481 | BG51: =(BF51/(A51-A50)*365)/AX51 -> 1.1581263 | BI51: =SUMIF($B$7:$AN$7,"Yes",B51:AN51)*0.25 -> 40 | BJ51: =AX51-BI51 -> 120 | BK51: ='RD Feedstock Breakdown'!ES42 -> 123.23252 | BL51: =BK51/BF51 -> 8.6693047 | BM51: =BK51/BA51 -> 8.6693047 | BQ51: ='[1]Monthly D4 Gallon Data'!$B52/1000000 -> 90.81126 | BR51: ='[1]Monthly D6 Gallon Data'!$B54/1000000 -> 0 | BS51: =SUM(BQ51:BR51) -> 90.81126 | BU51: ='[2]US EIA'!$P188 -> 715 | BV51: =BU51/BS51 -> 7.873473 | BX51: =BF51/(BF51+BS51) -> 0.13534554 | BY51: =BS51/(BS51+BF51) -> 0.86465446 | CB51: ='[1]Monthly D4 Gallon Data'!$AG52/1000000 -> 0 | CC51: ='[1]Monthly D6 Gallon Data'!$O54/1000000 -> 0 | CD51: =SUM(CB51:CC51) -> 0 | CF51: ='RD Feedstock Breakdown'!GQ42 -> 0 | CG51: =CF51/CB51 -> #DIV/0! | CH51: ='[2]US EIA'!$R188+AW51 -> 2233
A52: 41730 | B52: =160*$B$12 -> 160 | AW52: =SUM(B52:AS52) -> 160 | AX52: =AW52 -> 160 | AY52: ='[1]D4 Gallon Forecast'!$F152/1000000 -> 0 | AZ52: ='[1]D4 Gallon Forecast'!$F184/1000000 -> 11.812263 | BA52: =SUM(AY52:AZ52)+BB52 -> 12.757417 | BB52: ='[1]D4 Gallon Forecast'!$F168/1000000 -> 0.945154 | BC52: ='[1]D4 Gallon Forecast'!$F344 -> 0 | BD52: ='[1]D4 Gallon Forecast'!$F360/1000000 -> 0 | BE52: =BD52+BC52 -> 0 | BF52: =BA52+BE52 -> 12.757417 | BG52: =(BF52/(A52-A51)*365)/AX52 -> 0.93880186 | BI52: =SUMIF($B$7:$AN$7,"Yes",B52:AN52)*0.25 -> 40 | BJ52: =AX52-BI52 -> 120 | BK52: ='RD Feedstock Breakdown'!ES43 -> 110.59794 | BL52: =BK52/BF52 -> 8.6693047 | BM52: =BK52/BA52 -> 8.6693047 | BQ52: ='[1]Monthly D4 Gallon Data'!$B53/1000000 -> 103.35047 | BR52: ='[1]Monthly D6 Gallon Data'!$B55/1000000 -> 0.0393 | BS52: =SUM(BQ52:BR52) -> 103.38977 | BU52: ='[2]US EIA'!$P189 -> 699 | BV52: =BU52/BS52 -> 6.7608234 | BX52: =BF52/(BF52+BS52) -> 0.10983836 | BY52: =BS52/(BS52+BF52) -> 0.89016164 | CB52: ='[1]Monthly D4 Gallon Data'!$AG53/1000000 -> 0 | CC52: ='[1]Monthly D6 Gallon Data'!$O55/1000000 -> 0 | CD52: =SUM(CB52:CC52) -> 0 | CF52: ='RD Feedstock Breakdown'!GQ43 -> 0 | CG52: =CF52/CB52 -> #DIV/0! | CH52: ='[2]US EIA'!$R189+AW52 -> 2239
A53: 41760 | B53: =160*$B$12 -> 160 | AW53: =SUM(B53:AS53) -> 160 | AX53: =AW53 -> 160 | AY53: ='[1]D4 Gallon Forecast'!$F153/1000000 -> 0.061012 | AZ53: ='[1]D4 Gallon Forecast'!$F185/1000000 -> 14.57809 | BA53: =SUM(AY53:AZ53)+BB53 -> 15.457184 | BB53: ='[1]D4 Gallon Forecast'!$F169/1000000 -> 0.818082 | BC53: ='[1]D4 Gallon Forecast'!$F345 -> 0 | BD53: ='[1]D4 Gallon Forecast'!$F361/1000000 -> 0 | BE53: =BD53+BC53 -> 0 | BF53: =BA53+BE53 -> 15.457184 | BG53: =(BF53/(A53-A52)*365)/AX53 -> 1.17539 | BI53: =SUMIF($B$7:$AN$7,"Yes",B53:AN53)*0.25 -> 40 | BJ53: =AX53-BI53 -> 120 | BK53: ='RD Feedstock Breakdown'!ES44 -> 134.00304 | BL53: =BK53/BF53 -> 8.6693047 | BM53: =BK53/BA53 -> 8.6693047 | BQ53: ='[1]Monthly D4 Gallon Data'!$B54/1000000 -> 109.85562 | BR53: ='[1]Monthly D6 Gallon Data'!$B56/1000000 -> 0.519127 | BS53: =SUM(BQ53:BR53) -> 110.37475 | BU53: ='[2]US EIA'!$P190 -> 790.84 | BV53: =BU53/BS53 -> 7.1650445 | BX53: =BF53/(BF53+BS53) -> 0.12283991 | BY53: =BS53/(BS53+BF53) -> 0.87716009 | CB53: ='[1]Monthly D4 Gallon Data'!$AG54/1000000 -> 0 | CC53: ='[1]Monthly D6 Gallon Data'!$O56/1000000 -> 0 | CD53: =SUM(CB53:CC53) -> 0 | CF53: ='RD Feedstock Breakdown'!GQ44 -> 0 | CG53: =CF53/CB53 -> #DIV/0! | CH53: ='[2]US EIA'!$R190+AW53 -> 2280
A54: 41791 | B54: =160*$B$12 -> 160 | AW54: =SUM(B54:AS54) -> 160 | AX54: =AW54 -> 160 | AY54: ='[1]D4 Gallon Forecast'!$F154/1000000 -> 0.028389 | AZ54: ='[1]D4 Gallon Forecast'!$F186/1000000 -> 14.129892 | BA54: =SUM(AY54:AZ54)+BB54 -> 14.88802 | BB54: ='[1]D4 Gallon Forecast'!$F170/1000000 -> 0.729739 | BC54: ='[1]D4 Gallon Forecast'!$F346 -> 0 | BD54: ='[1]D4 Gallon Forecast'!$F362/1000000 -> 0 | BE54: =BD54+BC54 -> 0 | BF54: =BA54+BE54 -> 14.88802 | BG54: =(BF54/(A54-A53)*365)/AX54 -> 1.0955902 | BI54: =SUMIF($B$7:$AN$7,"Yes",B54:AN54)*0.25 -> 40 | BJ54: =AX54-BI54 -> 120 | BK54: ='RD Feedstock Breakdown'!ES45 -> 129.06878 | BL54: =BK54/BF54 -> 8.6693047 | BM54: =BK54/BA54 -> 8.6693047 | BQ54: ='[1]Monthly D4 Gallon Data'!$B55/1000000 -> 113.25034 | BR54: ='[1]Monthly D6 Gallon Data'!$B57/1000000 -> 0.423385 | BS54: =SUM(BQ54:BR54) -> 113.67372 | BU54: ='[2]US EIA'!$P191 -> 829.87 | BV54: =BU54/BS54 -> 7.3004559 | BX54: =BF54/(BF54+BS54) -> 0.11580443 | BY54: =BS54/(BS54+BF54) -> 0.88419557 | CB54: ='[1]Monthly D4 Gallon Data'!$AG55/1000000 -> 0 | CC54: ='[1]Monthly D6 Gallon Data'!$O57/1000000 -> 0 | CD54: =SUM(CB54:CC54) -> 0 | CF54: ='RD Feedstock Breakdown'!GQ45 -> 0 | CG54: =CF54/CB54 -> #DIV/0! | CH54: ='[2]US EIA'!$R191+AW54 -> 2162
A55: 41821 | B55: =160*$B$12 -> 160 | AW55: =SUM(B55:AS55) -> 160 | AX55: =AW55 -> 160 | AY55: ='[1]D4 Gallon Forecast'!$F155/1000000 -> 0.008646 | AZ55: ='[1]D4 Gallon Forecast'!$F187/1000000 -> 12.259921 | BA55: =SUM(AY55:AZ55)+BB55 -> 12.613289 | BB55: ='[1]D4 Gallon Forecast'!$F171/1000000 -> 0.344722 | BC55: ='[1]D4 Gallon Forecast'!$F347 -> 0 | BD55: ='[1]D4 Gallon Forecast'!$F363/1000000 -> 0 | BE55: =BD55+BC55 -> 0 | BF55: =BA55+BE55 -> 12.613289 | BG55: =(BF55/(A55-A54)*365)/AX55 -> 0.95913552 | BI55: =SUMIF($B$7:$AN$7,"Yes",B55:AN55)*0.25 -> 40 | BJ55: =AX55-BI55 -> 120 | BK55: ='RD Feedstock Breakdown'!ES46 -> 109.34845 | BL55: =BK55/BF55 -> 8.6693047 | BM55: =BK55/BA55 -> 8.6693047 | BQ55: ='[1]Monthly D4 Gallon Data'!$B56/1000000 -> 128.01792 | BR55: ='[1]Monthly D6 Gallon Data'!$B58/1000000 -> 0.226113 | BS55: =SUM(BQ55:BR55) -> 128.24403 | BU55: ='[2]US EIA'!$P192 -> 912.37 | BV55: =BU55/BS55 -> 7.114327 | BX55: =BF55/(BF55+BS55) -> 0.089546562 | BY55: =BS55/(BS55+BF55) -> 0.91045344 | CB55: ='[1]Monthly D4 Gallon Data'!$AG56/1000000 -> 0 | CC55: ='[1]Monthly D6 Gallon Data'!$O58/1000000 -> 0 | CD55: =SUM(CB55:CC55) -> 0 | CF55: ='RD Feedstock Breakdown'!GQ46 -> 0 | CG55: =CF55/CB55 -> #DIV/0! | CH55: ='[2]US EIA'!$R192+AW55 -> 2266
A56: 41852 | B56: =160*$B$12 -> 160 | AW56: =SUM(B56:AS56) -> 160 | AX56: =AW56 -> 160 | AY56: ='[1]D4 Gallon Forecast'!$F156/1000000 -> 0 | AZ56: ='[1]D4 Gallon Forecast'!$F188/1000000 -> 1.080266 | BA56: =SUM(AY56:AZ56)+BB56 -> 1.554513 | BB56: ='[1]D4 Gallon Forecast'!$F172/1000000 -> 0.474247 | BC56: ='[1]D4 Gallon Forecast'!$F348 -> 0 | BD56: ='[1]D4 Gallon Forecast'!$F364/1000000 -> 0 | BE56: =BD56+BC56 -> 0 | BF56: =BA56+BE56 -> 1.554513 | BG56: =(BF56/(A56-A55)*365)/AX56 -> 0.11439461 | BI56: =SUMIF($B$7:$AN$7,"Yes",B56:AN56)*0.25 -> 40 | BJ56: =AX56-BI56 -> 120 | BK56: ='RD Feedstock Breakdown'!ES47 -> 13.476547 | BL56: =BK56/BF56 -> 8.6693047 | BM56: =BK56/BA56 -> 8.6693047 | BQ56: ='[1]Monthly D4 Gallon Data'!$B57/1000000 -> 127.37737 | BR56: ='[1]Monthly D6 Gallon Data'!$B59/1000000 -> 0.073435 | BS56: =SUM(BQ56:BR56) -> 127.4508 | BU56: ='[2]US EIA'!$P193 -> 935.46 | BV56: =BU56/BS56 -> 7.3397734 | BX56: =BF56/(BF56+BS56) -> 0.012049992 | BY56: =BS56/(BS56+BF56) -> 0.98795001 | CB56: ='[1]Monthly D4 Gallon Data'!$AG57/1000000 -> 0 | CC56: ='[1]Monthly D6 Gallon Data'!$O59/1000000 -> 0 | CD56: =SUM(CB56:CC56) -> 0 | CF56: ='RD Feedstock Breakdown'!GQ47 -> 0 | CG56: =CF56/CB56 -> #DIV/0! | CH56: ='[2]US EIA'!$R193+AW56 -> 2278
A57: 41883 | B57: =160*$B$12 -> 160 | AW57: =SUM(B57:AS57) -> 160 | AX57: =AW57 -> 160 | AY57: ='[1]D4 Gallon Forecast'!$F157/1000000 -> 0.017718 | AZ57: ='[1]D4 Gallon Forecast'!$F189/1000000 -> 4.936875 | BA57: =SUM(AY57:AZ57)+BB57 -> 5.32342 | BB57: ='[1]D4 Gallon Forecast'!$F173/1000000 -> 0.368827 | BC57: ='[1]D4 Gallon Forecast'!$F349 -> 0 | BD57: ='[1]D4 Gallon Forecast'!$F365/1000000 -> 0 | BE57: =BD57+BC57 -> 0 | BF57: =BA57+BE57 -> 5.32342 | BG57: =(BF57/(A57-A56)*365)/AX57 -> 0.39174361 | BI57: =SUMIF($B$7:$AN$7,"Yes",B57:AN57)*0.25 -> 40 | BJ57: =AX57-BI57 -> 120 | BK57: ='RD Feedstock Breakdown'!ES48 -> 46.15035 | BL57: =BK57/BF57 -> 8.6693047 | BM57: =BK57/BA57 -> 8.6693047 | BQ57: ='[1]Monthly D4 Gallon Data'!$B58/1000000 -> 124.53519 | BR57: ='[1]Monthly D6 Gallon Data'!$B60/1000000 -> 0 | BS57: =SUM(BQ57:BR57) -> 124.53519 | BU57: ='[2]US EIA'!$P194 -> 858.52 | BV57: =BU57/BS57 -> 6.8937944 | BX57: =BF57/(BF57+BS57) -> 0.04099397 | BY57: =BS57/(BS57+BF57) -> 0.95900603 | CB57: ='[1]Monthly D4 Gallon Data'!$AG58/1000000 -> 0 | CC57: ='[1]Monthly D6 Gallon Data'!$O60/1000000 -> 0 | CD57: =SUM(CB57:CC57) -> 0 | CF57: ='RD Feedstock Breakdown'!GQ48 -> 0 | CG57: =CF57/CB57 -> #DIV/0! | CH57: ='[2]US EIA'!$R194+AW57 -> 2291
A58: 41913 | B58: =160*$B$12 -> 160 | AW58: =SUM(B58:AS58) -> 160 | AX58: =AW58 -> 160 | AY58: ='[1]D4 Gallon Forecast'!$F158/1000000 -> 0.033044 | AZ58: ='[1]D4 Gallon Forecast'!$F190/1000000 -> 13.434456 | BA58: =SUM(AY58:AZ58)+BB58 -> 13.879279 | BB58: ='[1]D4 Gallon Forecast'!$F174/1000000 -> 0.411779 | BC58: ='[1]D4 Gallon Forecast'!$F350 -> 0 | BD58: ='[1]D4 Gallon Forecast'!$F366/1000000 -> 0 | BE58: =BD58+BC58 -> 0 | BF58: =BA58+BE58 -> 13.879279 | BG58: =(BF58/(A58-A57)*365)/AX58 -> 1.0554035 | BI58: =SUMIF($B$7:$AN$7,"Yes",B58:AN58)*0.25 -> 40 | BJ58: =AX58-BI58 -> 120 | BK58: ='RD Feedstock Breakdown'!ES49 -> 120.3237 | BL58: =BK58/BF58 -> 8.6693047 | BM58: =BK58/BA58 -> 8.6693047 | BQ58: ='[1]Monthly D4 Gallon Data'!$B59/1000000 -> 121.32975 | BR58: ='[1]Monthly D6 Gallon Data'!$B61/1000000 -> 0.008378 | BS58: =SUM(BQ58:BR58) -> 121.33813 | BU58: ='[2]US EIA'!$P195 -> 882.4 | BV58: =BU58/BS58 -> 7.27224 | BX58: =BF58/(BF58+BS58) -> 0.10264417 | BY58: =BS58/(BS58+BF58) -> 0.89735583 | CB58: ='[1]Monthly D4 Gallon Data'!$AG59/1000000 -> 0 | CC58: ='[1]Monthly D6 Gallon Data'!$O61/1000000 -> 0 | CD58: =SUM(CB58:CC58) -> 0 | CF58: ='RD Feedstock Breakdown'!GQ49 -> 0 | CG58: =CF58/CB58 -> #DIV/0! | CH58: ='[2]US EIA'!$R195+AW58 -> 2306
A59: 41944 | B59: =160*$B$12 -> 160 | F59: 25 | AW59: =SUM(B59:AS59) -> 185 | AX59: =AW59 -> 185 | AY59: ='[1]D4 Gallon Forecast'!$F159/1000000 -> 0.02505 | AZ59: ='[1]D4 Gallon Forecast'!$F191/1000000 -> 15.552834 | BA59: =SUM(AY59:AZ59)+BB59 -> 15.943396 | BB59: ='[1]D4 Gallon Forecast'!$F175/1000000 -> 0.365512 | BC59: ='[1]D4 Gallon Forecast'!$F351 -> 0 | BD59: ='[1]D4 Gallon Forecast'!$F367/1000000 -> 0 | BE59: =BD59+BC59 -> 0 | BF59: =BA59+BE59 -> 15.943396 | BG59: =(BF59/(A59-A58)*365)/AX59 -> 1.0147061 | BI59: =SUMIF($B$7:$AN$7,"Yes",B59:AN59)*0.25 -> 46.25 | BJ59: =AX59-BI59 -> 138.75 | BK59: ='RD Feedstock Breakdown'!ES50 -> 139.68825 | BL59: =BK59/BF59 -> 8.7615115 | BM59: =BK59/BA59 -> 8.7615115 | BQ59: ='[1]Monthly D4 Gallon Data'!$B60/1000000 -> 97.332075 | BR59: ='[1]Monthly D6 Gallon Data'!$B62/1000000 -> 0.01178 | BS59: =SUM(BQ59:BR59) -> 97.343855 | BU59: ='[2]US EIA'!$P196 -> 806.95 | BV59: =BU59/BS59 -> 8.2896861 | BX59: =BF59/(BF59+BS59) -> 0.14073425 | BY59: =BS59/(BS59+BF59) -> 0.85926575 | CB59: ='[1]Monthly D4 Gallon Data'!$AG60/1000000 -> 0 | CC59: ='[1]Monthly D6 Gallon Data'!$O62/1000000 -> 0 | CD59: =SUM(CB59:CC59) -> 0 | CF59: ='RD Feedstock Breakdown'!GQ50 -> 0 | CG59: =CF59/CB59 -> #DIV/0! | CH59: ='[2]US EIA'!$R196+AW59 -> 2316
A60: 41974 | B60: =160*$B$12 -> 160 | F60: 50 | AW60: =SUM(B60:AS60) -> 210 | AX60: =AW60 -> 210 | AY60: ='[1]D4 Gallon Forecast'!$F160/1000000 -> 0.031434 | AZ60: ='[1]D4 Gallon Forecast'!$F192/1000000 -> 21.686185 | BA60: =SUM(AY60:AZ60)+BB60 -> 22.040473 | BB60: ='[1]D4 Gallon Forecast'!$F176/1000000 -> 0.322854 | BC60: ='[1]D4 Gallon Forecast'!$F352 -> 0 | BD60: ='[1]D4 Gallon Forecast'!$F368/1000000 -> 0 | BE60: =BD60+BC60 -> 0 | BF60: =BA60+BE60 -> 22.040473 | BG60: =(BF60/(A60-A59)*365)/AX60 -> 1.276948 | BI60: =SUMIF($B$7:$AN$7,"Yes",B60:AN60)*0.25 -> 52.5 | BJ60: =AX60-BI60 -> 157.5 | BK60: ='RD Feedstock Breakdown'!ES51 -> 194.62796 | BL60: =BK60/BF60 -> 8.8304801 | BM60: =BK60/BA60 -> 8.8304801 | BQ60: ='[1]Monthly D4 Gallon Data'!$B61/1000000 -> 163.49478 | BR60: ='[1]Monthly D6 Gallon Data'!$B63/1000000 -> 0.001909 | BS60: =SUM(BQ60:BR60) -> 163.49669 | BU60: ='[2]US EIA'!$P197 -> 905.8 | BV60: =BU60/BS60 -> 5.5401735 | BX60: =BF60/(BF60+BS60) -> 0.11879277 | BY60: =BS60/(BS60+BF60) -> 0.88120723 | CB60: ='[1]Monthly D4 Gallon Data'!$AG61/1000000 -> 0 | CC60: ='[1]Monthly D6 Gallon Data'!$O63/1000000 -> 0 | CD60: =SUM(CB60:CC60) -> 0 | CF60: ='RD Feedstock Breakdown'!GQ51 -> 0 | CG60: =CF60/CB60 -> #DIV/0! | CH60: ='[2]US EIA'!$R197+AW60 -> 2355
A61: 42005 | B61: =160*$B$12 -> 160 | F61: 95 | AW61: =SUM(B61:AS61) -> 255 | AX61: =AW61 -> 255 | AY61: ='[1]D4 Gallon Forecast'!$G149/1000000 -> 0 | AZ61: ='[1]D4 Gallon Forecast'!$G181/1000000 -> 17.024881 | BA61: =SUM(AY61:AZ61)+BB61 -> 17.338629 | BB61: ='[1]D4 Gallon Forecast'!$G165/1000000 -> 0.313748 | BC61: ='[1]D4 Gallon Forecast'!$G341 -> 0 | BD61: ='[1]D4 Gallon Forecast'!$G357/1000000 -> 0 | BE61: =BD61+BC61 -> 0 | BF61: =BA61+BE61 -> 17.338629 | BG61: =(BF61/(A61-A60)*365)/AX61 -> 0.80058186 | BI61: =SUMIF($B$7:$AN$7,"Yes",B61:AN61)*0.25 -> 63.75 | BJ61: =AX61-BI61 -> 191.25 | BK61: ='RD Feedstock Breakdown'!ES52 -> 154.64185 | BL61: =BK61/BF61 -> 8.9189204 | BM61: =BK61/BA61 -> 8.9189204 | BQ61: ='[1]Monthly D4 Gallon Data'!$B62/1000000 -> 55.879853 | BR61: ='[1]Monthly D6 Gallon Data'!$B64/1000000 -> 0 | BS61: =SUM(BQ61:BR61) -> 55.879853 | BU61: ='[2]US EIA'!$P198 -> 545 | BV61: =BU61/BS61 -> 9.7530679 | BX61: =BF61/(BF61+BS61) -> 0.23680673 | BY61: =BS61/(BS61+BF61) -> 0.76319327 | CB61: ='[1]Monthly D4 Gallon Data'!$AG62/1000000 -> 0 | CC61: ='[1]Monthly D6 Gallon Data'!$O64/1000000 -> 0 | CD61: =SUM(CB61:CC61) -> 0 | CF61: ='RD Feedstock Breakdown'!GQ52 -> 0 | CG61: =CF61/CB61 -> #DIV/0! | CH61: ='[2]US EIA'!$R198+AW61 -> 2361
A62: 42036 | B62: =160*$B$12 -> 160 | F62: 95 | AW62: =SUM(B62:AS62) -> 255 | AX62: =AW62 -> 255 | AY62: ='[1]D4 Gallon Forecast'!$G150/1000000 -> 0 | AZ62: ='[1]D4 Gallon Forecast'!$G182/1000000 -> 12.732771 | BA62: =SUM(AY62:AZ62)+BB62 -> 13.090383 | BB62: ='[1]D4 Gallon Forecast'!$G166/1000000 -> 0.357612 | BC62: ='[1]D4 Gallon Forecast'!$G342 -> 0 | BD62: ='[1]D4 Gallon Forecast'!$G358/1000000 -> 0 | BE62: =BD62+BC62 -> 0 | BF62: =BA62+BE62 -> 13.090383 | BG62: =(BF62/(A62-A61)*365)/AX62 -> 0.60442629 | BI62: =SUMIF($B$7:$AN$7,"Yes",B62:AN62)*0.25 -> 63.75 | BJ62: =AX62-BI62 -> 191.25 | BK62: ='RD Feedstock Breakdown'!ES53 -> 116.75208 | BL62: =BK62/BF62 -> 8.9189204 | BM62: =BK62/BA62 -> 8.9189204 | BQ62: ='[1]Monthly D4 Gallon Data'!$B63/1000000 -> 62.835451 | BR62: ='[1]Monthly D6 Gallon Data'!$B65/1000000 -> 0.011859 | BS62: =SUM(BQ62:BR62) -> 62.84731 | BU62: ='[2]US EIA'!$P199 -> 541 | BV62: =BU62/BS62 -> 8.6081648 | BX62: =BF62/(BF62+BS62) -> 0.17238321 | BY62: =BS62/(BS62+BF62) -> 0.82761679 | CB62: ='[1]Monthly D4 Gallon Data'!$AG63/1000000 -> 0 | CC62: ='[1]Monthly D6 Gallon Data'!$O65/1000000 -> 0 | CD62: =SUM(CB62:CC62) -> 0 | CF62: ='RD Feedstock Breakdown'!GQ53 -> 0 | CG62: =CF62/CB62 -> #DIV/0! | CH62: ='[2]US EIA'!$R199+AW62 -> 2410
A63: 42064 | B63: =160*$B$12 -> 160 | F63: 95 | AW63: =SUM(B63:AS63) -> 255 | AX63: =AW63 -> 255 | AY63: ='[1]D4 Gallon Forecast'!$G151/1000000 -> 0 | AZ63: ='[1]D4 Gallon Forecast'!$G183/1000000 -> 14.824699 | BA63: =SUM(AY63:AZ63)+BB63 -> 15.408481 | BB63: ='[1]D4 Gallon Forecast'!$G167/1000000 -> 0.583782 | BC63: ='[1]D4 Gallon Forecast'!$G343 -> 0 | BD63: ='[1]D4 Gallon Forecast'!$G359/1000000 -> 0 | BE63: =BD63+BC63 -> 0 | BF63: =BA63+BE63 -> 15.408481 | BG63: =(BF63/(A63-A62)*365)/AX63 -> 0.78768845 | BI63: =SUMIF($B$7:$AN$7,"Yes",B63:AN63)*0.25 -> 63.75 | BJ63: =AX63-BI63 -> 191.25 | BK63: ='RD Feedstock Breakdown'!ES54 -> 137.42701 | BL63: =BK63/BF63 -> 8.9189204 | BM63: =BK63/BA63 -> 8.9189204 | BQ63: ='[1]Monthly D4 Gallon Data'!$B64/1000000 -> 92.371029 | BR63: ='[1]Monthly D6 Gallon Data'!$B66/1000000 -> 0 | BS63: =SUM(BQ63:BR63) -> 92.371029 | BU63: ='[2]US EIA'!$P200 -> 735.6 | BV63: =BU63/BS63 -> 7.9635358 | BX63: =BF63/(BF63+BS63) -> 0.14296299 | BY63: =BS63/(BS63+BF63) -> 0.85703701 | CB63: ='[1]Monthly D4 Gallon Data'!$AG64/1000000 -> 0 | CC63: ='[1]Monthly D6 Gallon Data'!$O66/1000000 -> 0 | CD63: =SUM(CB63:CC63) -> 0 | CF63: ='RD Feedstock Breakdown'!GQ54 -> 0 | CG63: =CF63/CB63 -> #DIV/0! | CH63: ='[2]US EIA'!$R200+AW63 -> 2415
A64: 42095 | B64: =160*$B$12 -> 160 | F64: 95 | AW64: =SUM(B64:AS64) -> 255 | AX64: =AW64 -> 255 | AY64: ='[1]D4 Gallon Forecast'!$G152/1000000 -> 0 | AZ64: ='[1]D4 Gallon Forecast'!$G184/1000000 -> 14.552778 | BA64: =SUM(AY64:AZ64)+BB64 -> 15.174584 | BB64: ='[1]D4 Gallon Forecast'!$G168/1000000 -> 0.621806 | BC64: ='[1]D4 Gallon Forecast'!$G344 -> 0 | BD64: ='[1]D4 Gallon Forecast'!$G360/1000000 -> 0 | BE64: =BD64+BC64 -> 0 | BF64: =BA64+BE64 -> 15.174584 | BG64: =(BF64/(A64-A63)*365)/AX64 -> 0.70066074 | BI64: =SUMIF($B$7:$AN$7,"Yes",B64:AN64)*0.25 -> 63.75 | BJ64: =AX64-BI64 -> 191.25 | BK64: ='RD Feedstock Breakdown'!ES55 -> 135.34091 | BL64: =BK64/BF64 -> 8.9189204 | BM64: =BK64/BA64 -> 8.9189204 | BQ64: ='[1]Monthly D4 Gallon Data'!$B65/1000000 -> 106.49271 | BR64: ='[1]Monthly D6 Gallon Data'!$B67/1000000 -> 0.011381 | BS64: =SUM(BQ64:BR64) -> 106.50409 | BU64: ='[2]US EIA'!$P201 -> 803.39 | BV64: =BU64/BS64 -> 7.5432783 | BX64: =BF64/(BF64+BS64) -> 0.1247103 | BY64: =BS64/(BS64+BF64) -> 0.8752897 | CB64: ='[1]Monthly D4 Gallon Data'!$AG65/1000000 -> 0 | CC64: ='[1]Monthly D6 Gallon Data'!$O67/1000000 -> 0 | CD64: =SUM(CB64:CC64) -> 0 | CF64: ='RD Feedstock Breakdown'!GQ55 -> 0 | CG64: =CF64/CB64 -> #DIV/0! | CH64: ='[2]US EIA'!$R201+AW64 -> 2464
A65: 42125 | B65: =160*$B$12 -> 160 | F65: 95 | AW65: =SUM(B65:AS65) -> 255 | AX65: =AW65 -> 255 | AY65: ='[1]D4 Gallon Forecast'!$G153/1000000 -> 0 | AZ65: ='[1]D4 Gallon Forecast'!$G185/1000000 -> 14.822472 | BA65: =SUM(AY65:AZ65)+BB65 -> 15.400093 | BB65: ='[1]D4 Gallon Forecast'!$G169/1000000 -> 0.577621 | BC65: ='[1]D4 Gallon Forecast'!$G345 -> 0 | BD65: ='[1]D4 Gallon Forecast'!$G361/1000000 -> 0 | BE65: =BD65+BC65 -> 0 | BF65: =BA65+BE65 -> 15.400093 | BG65: =(BF65/(A65-A64)*365)/AX65 -> 0.73477568 | BI65: =SUMIF($B$7:$AN$7,"Yes",B65:AN65)*0.25 -> 63.75 | BJ65: =AX65-BI65 -> 191.25 | BK65: ='RD Feedstock Breakdown'!ES56 -> 137.3522 | BL65: =BK65/BF65 -> 8.9189204 | BM65: =BK65/BA65 -> 8.9189204 | BQ65: ='[1]Monthly D4 Gallon Data'!$B66/1000000 -> 121.53033 | BR65: ='[1]Monthly D6 Gallon Data'!$B68/1000000 -> 0 | BS65: =SUM(BQ65:BR65) -> 121.53033 | BU65: ='[2]US EIA'!$P202 -> 864 | BV65: =BU65/BS65 -> 7.1093366 | BX65: =BF65/(BF65+BS65) -> 0.11246656 | BY65: =BS65/(BS65+BF65) -> 0.88753344 | CB65: ='[1]Monthly D4 Gallon Data'!$AG66/1000000 -> 0 | CC65: ='[1]Monthly D6 Gallon Data'!$O68/1000000 -> 0 | CD65: =SUM(CB65:CC65) -> 0 | CF65: ='RD Feedstock Breakdown'!GQ56 -> 0 | CG65: =CF65/CB65 -> #DIV/0! | CH65: ='[2]US EIA'!$R202+AW65 -> 2423
A66: 42156 | B66: =160*$B$12 -> 160 | F66: 95 | AW66: =SUM(B66:AS66) -> 255 | AX66: =AW66 -> 255 | AY66: ='[1]D4 Gallon Forecast'!$G154/1000000 -> 0 | AZ66: ='[1]D4 Gallon Forecast'!$G186/1000000 -> 13.375766 | BA66: =SUM(AY66:AZ66)+BB66 -> 13.875936 | BB66: ='[1]D4 Gallon Forecast'!$G170/1000000 -> 0.50017 | BC66: ='[1]D4 Gallon Forecast'!$G346 -> 0 | BD66: ='[1]D4 Gallon Forecast'!$G362/1000000 -> 0 | BE66: =BD66+BC66 -> 0 | BF66: =BA66+BE66 -> 13.875936 | BG66: =(BF66/(A66-A65)*365)/AX66 -> 0.64069787 | BI66: =SUMIF($B$7:$AN$7,"Yes",B66:AN66)*0.25 -> 63.75 | BJ66: =AX66-BI66 -> 191.25 | BK66: ='RD Feedstock Breakdown'!ES57 -> 123.75837 | BL66: =BK66/BF66 -> 8.9189204 | BM66: =BK66/BA66 -> 8.9189204 | BQ66: ='[1]Monthly D4 Gallon Data'!$B67/1000000 -> 130.91955 | BR66: ='[1]Monthly D6 Gallon Data'!$B69/1000000 -> 0 | BS66: =SUM(BQ66:BR66) -> 130.91955 | BU66: ='[2]US EIA'!$P203 -> 910.6 | BV66: =BU66/BS66 -> 6.9554165 | BX66: =BF66/(BF66+BS66) -> 0.095831274 | BY66: =BS66/(BS66+BF66) -> 0.90416873 | CB66: ='[1]Monthly D4 Gallon Data'!$AG67/1000000 -> 0 | CC66: ='[1]Monthly D6 Gallon Data'!$O69/1000000 -> 0 | CD66: =SUM(CB66:CC66) -> 0 | CF66: ='RD Feedstock Breakdown'!GQ57 -> 0 | CG66: =CF66/CB66 -> #DIV/0! | CH66: ='[2]US EIA'!$R203+AW66 -> 2406
A67: 42186 | B67: =160*$B$12 -> 160 | F67: 95 | AW67: =SUM(B67:AS67) -> 255 | AX67: =AW67 -> 255 | AY67: ='[1]D4 Gallon Forecast'!$G155/1000000 -> 0 | AZ67: ='[1]D4 Gallon Forecast'!$G187/1000000 -> 14.570194 | BA67: =SUM(AY67:AZ67)+BB67 -> 15.045067 | BB67: ='[1]D4 Gallon Forecast'!$G171/1000000 -> 0.474873 | BC67: ='[1]D4 Gallon Forecast'!$G347 -> 0 | BD67: ='[1]D4 Gallon Forecast'!$G363/1000000 -> 0 | BE67: =BD67+BC67 -> 0 | BF67: =BA67+BE67 -> 15.045067 | BG67: =(BF67/(A67-A66)*365)/AX67 -> 0.71783653 | BI67: =SUMIF($B$7:$AN$7,"Yes",B67:AN67)*0.25 -> 63.75 | BJ67: =AX67-BI67 -> 191.25 | BK67: ='RD Feedstock Breakdown'!ES58 -> 134.18575 | BL67: =BK67/BF67 -> 8.9189204 | BM67: =BK67/BA67 -> 8.9189204 | BQ67: ='[1]Monthly D4 Gallon Data'!$B68/1000000 -> 129.17304 | BR67: ='[1]Monthly D6 Gallon Data'!$B70/1000000 -> 0 | BS67: =SUM(BQ67:BR67) -> 129.17304 | BU67: ='[2]US EIA'!$P204 -> 893.4 | BV67: =BU67/BS67 -> 6.916304 | BX67: =BF67/(BF67+BS67) -> 0.10432162 | BY67: =BS67/(BS67+BF67) -> 0.89567838 | CB67: ='[1]Monthly D4 Gallon Data'!$AG68/1000000 -> 0 | CC67: ='[1]Monthly D6 Gallon Data'!$O70/1000000 -> 0 | CD67: =SUM(CB67:CC67) -> 0 | CF67: ='RD Feedstock Breakdown'!GQ58 -> 0 | CG67: =CF67/CB67 -> #DIV/0! | CH67: ='[2]US EIA'!$R204+AW67 -> 2386
A68: 42217 | B68: =160*$B$12 -> 160 | F68: 95 | AW68: =SUM(B68:AS68) -> 255 | AX68: =AW68 -> 255 | AY68: ='[1]D4 Gallon Forecast'!$G156/1000000 -> 0 | AZ68: ='[1]D4 Gallon Forecast'!$G188/1000000 -> 14.322147 | BA68: =SUM(AY68:AZ68)+BB68 -> 14.655372 | BB68: ='[1]D4 Gallon Forecast'!$G172/1000000 -> 0.333225 | BC68: ='[1]D4 Gallon Forecast'!$G348 -> 0 | BD68: ='[1]D4 Gallon Forecast'!$G364/1000000 -> 0 | BE68: =BD68+BC68 -> 0 | BF68: =BA68+BE68 -> 14.655372 | BG68: =(BF68/(A68-A67)*365)/AX68 -> 0.67668701 | BI68: =SUMIF($B$7:$AN$7,"Yes",B68:AN68)*0.25 -> 63.75 | BJ68: =AX68-BI68 -> 191.25 | BK68: ='RD Feedstock Breakdown'!ES59 -> 130.7101 | BL68: =BK68/BF68 -> 8.9189204 | BM68: =BK68/BA68 -> 8.9189204 | BQ68: ='[1]Monthly D4 Gallon Data'!$B69/1000000 -> 125.60089 | BR68: ='[1]Monthly D6 Gallon Data'!$B71/1000000 -> 0.009774 | BS68: =SUM(BQ68:BR68) -> 125.61067 | BU68: ='[2]US EIA'!$P205 -> 908.83 | BV68: =BU68/BS68 -> 7.2352932 | BX68: =BF68/(BF68+BS68) -> 0.10448268 | BY68: =BS68/(BS68+BF68) -> 0.89551732 | CB68: ='[1]Monthly D4 Gallon Data'!$AG69/1000000 -> 0 | CC68: ='[1]Monthly D6 Gallon Data'!$O71/1000000 -> 0 | CD68: =SUM(CB68:CC68) -> 0 | CF68: ='RD Feedstock Breakdown'!GQ59 -> 0 | CG68: =CF68/CB68 -> #DIV/0! | CH68: ='[2]US EIA'!$R205+AW68 -> 2389
A69: 42248 | B69: =160*$B$12 -> 160 | F69: 95 | AW69: =SUM(B69:AS69) -> 255 | AX69: =AW69 -> 255 | AY69: ='[1]D4 Gallon Forecast'!$G157/1000000 -> 0 | AZ69: ='[1]D4 Gallon Forecast'!$G189/1000000 -> 13.139388 | BA69: =SUM(AY69:AZ69)+BB69 -> 13.475904 | BB69: ='[1]D4 Gallon Forecast'!$G173/1000000 -> 0.336516 | BC69: ='[1]D4 Gallon Forecast'!$G349 -> 0 | BD69: ='[1]D4 Gallon Forecast'!$G365/1000000 -> 0 | BE69: =BD69+BC69 -> 0 | BF69: =BA69+BE69 -> 13.475904 | BG69: =(BF69/(A69-A68)*365)/AX69 -> 0.62222707 | BI69: =SUMIF($B$7:$AN$7,"Yes",B69:AN69)*0.25 -> 63.75 | BJ69: =AX69-BI69 -> 191.25 | BK69: ='RD Feedstock Breakdown'!ES60 -> 120.19051 | BL69: =BK69/BF69 -> 8.9189204 | BM69: =BK69/BA69 -> 8.9189204 | BQ69: ='[1]Monthly D4 Gallon Data'!$B70/1000000 -> 117.82916 | BR69: ='[1]Monthly D6 Gallon Data'!$B72/1000000 -> 0 | BS69: =SUM(BQ69:BR69) -> 117.82916 | BU69: ='[2]US EIA'!$P206 -> 793 | BV69: =BU69/BS69 -> 6.7300829 | BX69: =BF69/(BF69+BS69) -> 0.1026305 | BY69: =BS69/(BS69+BF69) -> 0.8973695 | CB69: ='[1]Monthly D4 Gallon Data'!$AG70/1000000 -> 0 | CC69: ='[1]Monthly D6 Gallon Data'!$O72/1000000 -> 0 | CD69: =SUM(CB69:CC69) -> 0 | CF69: ='RD Feedstock Breakdown'!GQ60 -> 0 | CG69: =CF69/CB69 -> #DIV/0! | CH69: ='[2]US EIA'!$R206+AW69 -> 2409
A70: 42278 | B70: =160*$B$12 -> 160 | F70: 95 | AW70: =SUM(B70:AS70) -> 255 | AX70: =AW70 -> 255 | AY70: ='[1]D4 Gallon Forecast'!$G158/1000000 -> 0 | AZ70: ='[1]D4 Gallon Forecast'!$G190/1000000 -> 12.990321 | BA70: =SUM(AY70:AZ70)+BB70 -> 13.037453 | BB70: ='[1]D4 Gallon Forecast'!$G174/1000000 -> 0.047132 | BC70: ='[1]D4 Gallon Forecast'!$G350 -> 0 | BD70: ='[1]D4 Gallon Forecast'!$G366/1000000 -> 0 | BE70: =BD70+BC70 -> 0 | BF70: =BA70+BE70 -> 13.037453 | BG70: =(BF70/(A70-A69)*365)/AX70 -> 0.62204841 | BI70: =SUMIF($B$7:$AN$7,"Yes",B70:AN70)*0.25 -> 63.75 | BJ70: =AX70-BI70 -> 191.25 | BK70: ='RD Feedstock Breakdown'!ES61 -> 116.28 | BL70: =BK70/BF70 -> 8.9189204 | BM70: =BK70/BA70 -> 8.9189204 | BQ70: ='[1]Monthly D4 Gallon Data'!$B71/1000000 -> 105.0195 | BR70: ='[1]Monthly D6 Gallon Data'!$B73/1000000 -> 0.011416 | BS70: =SUM(BQ70:BR70) -> 105.03092 | BU70: ='[2]US EIA'!$P207 -> 809 | BV70: =BU70/BS70 -> 7.702494 | BX70: =BF70/(BF70+BS70) -> 0.11042291 | BY70: =BS70/(BS70+BF70) -> 0.88957709 | CB70: ='[1]Monthly D4 Gallon Data'!$AG71/1000000 -> 0 | CC70: ='[1]Monthly D6 Gallon Data'!$O73/1000000 -> 0 | CD70: =SUM(CB70:CC70) -> 0 | CF70: ='RD Feedstock Breakdown'!GQ61 -> 0 | CG70: =CF70/CB70 -> #DIV/0! | CH70: ='[2]US EIA'!$R207+AW70 -> 2421
A71: 42309 | B71: =160*$B$12 -> 160 | F71: 95 | AW71: =SUM(B71:AS71) -> 255 | AX71: =AW71 -> 255 | AY71: ='[1]D4 Gallon Forecast'!$G159/1000000 -> 0 | AZ71: ='[1]D4 Gallon Forecast'!$G191/1000000 -> 12.263324 | BA71: =SUM(AY71:AZ71)+BB71 -> 12.344252 | BB71: ='[1]D4 Gallon Forecast'!$G175/1000000 -> 0.080928 | BC71: ='[1]D4 Gallon Forecast'!$G351 -> 0 | BD71: ='[1]D4 Gallon Forecast'!$G367/1000000 -> 0 | BE71: =BD71+BC71 -> 0 | BF71: =BA71+BE71 -> 12.344252 | BG71: =(BF71/(A71-A70)*365)/AX71 -> 0.56997495 | BI71: =SUMIF($B$7:$AN$7,"Yes",B71:AN71)*0.25 -> 63.75 | BJ71: =AX71-BI71 -> 191.25 | BK71: ='RD Feedstock Breakdown'!ES62 -> 110.0974 | BL71: =BK71/BF71 -> 8.9189204 | BM71: =BK71/BA71 -> 8.9189204 | BQ71: ='[1]Monthly D4 Gallon Data'!$B72/1000000 -> 96.476718 | BR71: ='[1]Monthly D6 Gallon Data'!$B74/1000000 -> 0 | BS71: =SUM(BQ71:BR71) -> 96.476718 | BU71: ='[2]US EIA'!$P208 -> 803 | BV71: =BU71/BS71 -> 8.3232516 | BX71: =BF71/(BF71+BS71) -> 0.11343633 | BY71: =BS71/(BS71+BF71) -> 0.88656367 | CB71: ='[1]Monthly D4 Gallon Data'!$AG72/1000000 -> 0 | CC71: ='[1]Monthly D6 Gallon Data'!$O74/1000000 -> 0 | CD71: =SUM(CB71:CC71) -> 0 | CF71: ='RD Feedstock Breakdown'!GQ62 -> 0 | CG71: =CF71/CB71 -> #DIV/0! | CH71: ='[2]US EIA'!$R208+AW71 -> 2377
A72: 42339 | B72: =160*$B$12 -> 160 | F72: 95 | AW72: =SUM(B72:AS72) -> 255 | AX72: =AW72 -> 255 | AY72: ='[1]D4 Gallon Forecast'!$G160/1000000 -> 0 | AZ72: ='[1]D4 Gallon Forecast'!$G192/1000000 -> 12.950507 | BA72: =SUM(AY72:AZ72)+BB72 -> 13.021687 | BB72: ='[1]D4 Gallon Forecast'!$G176/1000000 -> 0.07118 | BC72: ='[1]D4 Gallon Forecast'!$G352 -> 0 | BD72: ='[1]D4 Gallon Forecast'!$G368/1000000 -> 0 | BE72: =BD72+BC72 -> 0 | BF72: =BA72+BE72 -> 13.021687 | BG72: =(BF72/(A72-A71)*365)/AX72 -> 0.62129618 | BI72: =SUMIF($B$7:$AN$7,"Yes",B72:AN72)*0.25 -> 63.75 | BJ72: =AX72-BI72 -> 191.25 | BK72: ='RD Feedstock Breakdown'!ES63 -> 116.13939 | BL72: =BK72/BF72 -> 8.9189204 | BM72: =BK72/BA72 -> 8.9189204 | BQ72: ='[1]Monthly D4 Gallon Data'!$B73/1000000 -> 110.10007 | BR72: ='[1]Monthly D6 Gallon Data'!$B75/1000000 -> 0 | BS72: =SUM(BQ72:BR72) -> 110.10007 | BU72: ='[2]US EIA'!$P209 -> 818 | BV72: =BU72/BS72 -> 7.429605 | BX72: =BF72/(BF72+BS72) -> 0.10576268 | BY72: =BS72/(BS72+BF72) -> 0.89423732 | CB72: ='[1]Monthly D4 Gallon Data'!$AG73/1000000 -> 0 | CC72: ='[1]Monthly D6 Gallon Data'!$O75/1000000 -> 0 | CD72: =SUM(CB72:CC72) -> 0 | CF72: ='RD Feedstock Breakdown'!GQ63 -> 0 | CG72: =CF72/CB72 -> #DIV/0! | CH72: ='[2]US EIA'!$R209+AW72 -> 2284
A73: 42370 | B73: =160*$B$12 -> 160 | D73: =1*$D$12 -> 1 | F73: 95 | H73: 10 | AW73: =SUM(B73:AS73) -> 266 | AX73: =AW73 -> 266 | AY73: ='[1]D4 Gallon Forecast'!$H149/1000000 -> 0 | AZ73: ='[1]D4 Gallon Forecast'!$H181/1000000 -> 11.522833 | BA73: =SUM(AY73:AZ73)+BB73 -> 11.522833 | BB73: ='[1]D4 Gallon Forecast'!$H165/1000000 -> 0 | BC73: ='[1]D4 Gallon Forecast'!$H341 -> 0 | BD73: ='[1]D4 Gallon Forecast'!$H357/1000000 -> 0 | BE73: =BD73+BC73 -> 0 | BF73: =BA73+BE73 -> 11.522833 | BG73: =(BF73/(A73-A72)*365)/AX73 -> 0.51004536 | BI73: =SUMIF($B$7:$AN$7,"Yes",B73:AN73)*0.25 -> 66.25 | BJ73: =AX73-BI73 -> 199.75 | BK73: ='RD Feedstock Breakdown'!ES64 -> 102.99422 | BL73: =BK73/BF73 -> 8.9382721 | BM73: =BK73/BA73 -> 8.9382721 | BQ73: ='[1]Monthly D4 Gallon Data'!$B74/1000000 -> 85.560071 | BR73: ='[1]Monthly D6 Gallon Data'!$B76/1000000 -> 0.01164 | BS73: =SUM(BQ73:BR73) -> 85.571711 | BU73: ='[2]US EIA'!$P210 -> 752.23 | BV73: =BU73/BS73 -> 8.7906388 | BX73: =BF73/(BF73+BS73) -> 0.11867642 | BY73: =BS73/(BS73+BF73) -> 0.88132358 | CB73: ='[1]Monthly D4 Gallon Data'!$AG74/1000000 -> 0 | CC73: ='[1]Monthly D6 Gallon Data'!$O76/1000000 -> 0 | CD73: =SUM(CB73:CC73) -> 0 | CF73: ='RD Feedstock Breakdown'!GQ64 -> 0 | CG73: =CF73/CB73 -> #DIV/0! | CH73: ='[2]US EIA'!$R210+AW73 -> 2536
A74: 42401 | B74: =160*$B$12 -> 160 | D74: =2*$D$12 -> 2 | F74: 95 | H74: 20 | AW74: =SUM(B74:AS74) -> 277 | AX74: =AW74 -> 277 | AY74: ='[1]D4 Gallon Forecast'!$H150/1000000 -> 0 | AZ74: ='[1]D4 Gallon Forecast'!$H182/1000000 -> 7.052579 | BA74: =SUM(AY74:AZ74)+BB74 -> 7.052579 | BB74: ='[1]D4 Gallon Forecast'!$H166/1000000 -> 0 | BC74: ='[1]D4 Gallon Forecast'!$H342 -> 0 | BD74: ='[1]D4 Gallon Forecast'!$H358/1000000 -> 0 | BE74: =BD74+BC74 -> 0 | BF74: =BA74+BE74 -> 7.052579 | BG74: =(BF74/(A74-A73)*365)/AX74 -> 0.29977773 | BI74: =SUMIF($B$7:$AN$7,"Yes",B74:AN74)*0.25 -> 68.75 | BJ74: =AX74-BI74 -> 208.25 | BK74: ='RD Feedstock Breakdown'!ES65 -> 63.162975 | BL74: =BK74/BF74 -> 8.9560109 | BM74: =BK74/BA74 -> 8.9560109 | BQ74: ='[1]Monthly D4 Gallon Data'!$B75/1000000 -> 100.39961 | BR74: ='[1]Monthly D6 Gallon Data'!$B77/1000000 -> 0.002305 | BS74: =SUM(BQ74:BR74) -> 100.40192 | BU74: ='[2]US EIA'!$P211 -> 797.44 | BV74: =BU74/BS74 -> 7.9424778 | BX74: =BF74/(BF74+BS74) -> 0.065633167 | BY74: =BS74/(BS74+BF74) -> 0.93436683 | CB74: ='[1]Monthly D4 Gallon Data'!$AG75/1000000 -> 0 | CC74: ='[1]Monthly D6 Gallon Data'!$O77/1000000 -> 0 | CD74: =SUM(CB74:CC74) -> 0 | CF74: ='RD Feedstock Breakdown'!GQ65 -> 0 | CG74: =CF74/CB74 -> #DIV/0! | CH74: ='[2]US EIA'!$R211+AW74 -> 2547
A75: 42430 | B75: =160*$B$12 -> 160 | D75: =3*$D$12 -> 3 | F75: 95 | H75: 50 | AW75: =SUM(B75:AS75) -> 308 | AX75: =AW75 -> 308 | AY75: ='[1]D4 Gallon Forecast'!$H151/1000000 -> 0 | AZ75: ='[1]D4 Gallon Forecast'!$H183/1000000 -> 17.471358 | BA75: =SUM(AY75:AZ75)+BB75 -> 17.471358 | BB75: ='[1]D4 Gallon Forecast'!$H167/1000000 -> 0 | BC75: ='[1]D4 Gallon Forecast'!$H343 -> 0 | BD75: ='[1]D4 Gallon Forecast'!$H359/1000000 -> 0 | BE75: =BD75+BC75 -> 0 | BF75: =BA75+BE75 -> 17.471358 | BG75: =(BF75/(A75-A74)*365)/AX75 -> 0.71395496 | BI75: =SUMIF($B$7:$AN$7,"Yes",B75:AN75)*0.25 -> 76.25 | BJ75: =AX75-BI75 -> 231.75 | BK75: ='RD Feedstock Breakdown'!ES66 -> 157.24255 | BL75: =BK75/BF75 -> 9.0000187 | BM75: =BK75/BA75 -> 9.0000187 | BQ75: ='[1]Monthly D4 Gallon Data'!$B76/1000000 -> 126.57515 | BR75: ='[1]Monthly D6 Gallon Data'!$B78/1000000 -> 0.181227 | BS75: =SUM(BQ75:BR75) -> 126.75638 | BU75: ='[2]US EIA'!$P212 -> 839.56 | BV75: =BU75/BS75 -> 6.6234142 | BX75: =BF75/(BF75+BS75) -> 0.1211373 | BY75: =BS75/(BS75+BF75) -> 0.8788627 | CB75: ='[1]Monthly D4 Gallon Data'!$AG76/1000000 -> 0 | CC75: ='[1]Monthly D6 Gallon Data'!$O78/1000000 -> 0 | CD75: =SUM(CB75:CC75) -> 0 | CF75: ='RD Feedstock Breakdown'!GQ66 -> 0 | CG75: =CF75/CB75 -> #DIV/0! | CH75: ='[2]US EIA'!$R212+AW75 -> 2607
A76: 42461 | B76: =160*$B$12 -> 160 | D76: =3*$D$12 -> 3 | F76: 95 | H76: 50 | J76: 25 | AW76: =SUM(B76:AS76) -> 333 | AX76: =AW76 -> 333 | AY76: ='[1]D4 Gallon Forecast'!$H152/1000000 -> 0 | AZ76: ='[1]D4 Gallon Forecast'!$H184/1000000 -> 20.862107 | BA76: =SUM(AY76:AZ76)+BB76 -> 20.862107 | BB76: ='[1]D4 Gallon Forecast'!$H168/1000000 -> 0 | BC76: ='[1]D4 Gallon Forecast'!$H344 -> 0 | BD76: ='[1]D4 Gallon Forecast'!$H360/1000000 -> 0 | BE76: =BD76+BC76 -> 0 | BF76: =BA76+BE76 -> 20.862107 | BG76: =(BF76/(A76-A75)*365)/AX76 -> 0.7376411 | BI76: =SUMIF($B$7:$AN$7,"Yes",B76:AN76)*0.25 -> 82.5 | BJ76: =AX76-BI76 -> 250.5 | BK76: ='RD Feedstock Breakdown'!ES67 -> 185.77011 | BL76: =BK76/BF76 -> 8.9046666 | BM76: =BK76/BA76 -> 8.9046666 | BQ76: ='[1]Monthly D4 Gallon Data'!$B77/1000000 -> 126.25782 | BR76: ='[1]Monthly D6 Gallon Data'!$B79/1000000 -> 0.00897 | BS76: =SUM(BQ76:BR76) -> 126.26679 | BU76: ='[2]US EIA'!$P213 -> 847.64 | BV76: =BU76/BS76 -> 6.7130875 | BX76: =BF76/(BF76+BS76) -> 0.14179476 | BY76: =BS76/(BS76+BF76) -> 0.85820524 | CB76: ='[1]Monthly D4 Gallon Data'!$AG77/1000000 -> 0 | CC76: ='[1]Monthly D6 Gallon Data'!$O79/1000000 -> 0 | CD76: =SUM(CB76:CC76) -> 0 | CF76: ='RD Feedstock Breakdown'!GQ67 -> 0 | CG76: =CF76/CB76 -> #DIV/0! | CH76: ='[2]US EIA'!$R213+AW76 -> 2623
A77: 42491 | B77: =160*$B$12 -> 160 | D77: =3*$D$12 -> 3 | F77: 95 | H77: 50 | J77: 50 | AW77: =SUM(B77:AS77) -> 358 | AX77: =AW77 -> 358 | AY77: ='[1]D4 Gallon Forecast'!$H153/1000000 -> 0 | AZ77: ='[1]D4 Gallon Forecast'!$H185/1000000 -> 21.624392 | BA77: =SUM(AY77:AZ77)+BB77 -> 21.624392 | BB77: ='[1]D4 Gallon Forecast'!$H169/1000000 -> 0 | BC77: ='[1]D4 Gallon Forecast'!$H345 -> 0 | BD77: ='[1]D4 Gallon Forecast'!$H361/1000000 -> 0 | BE77: =BD77+BC77 -> 0 | BF77: =BA77+BE77 -> 21.624392 | BG77: =(BF77/(A77-A76)*365)/AX77 -> 0.73490718 | BI77: =SUMIF($B$7:$AN$7,"Yes",B77:AN77)*0.25 -> 88.75 | BJ77: =AX77-BI77 -> 269.25 | BK77: ='RD Feedstock Breakdown'!ES68 -> 190.74254 | BL77: =BK77/BF77 -> 8.8207124 | BM77: =BK77/BA77 -> 8.8207124 | BQ77: ='[1]Monthly D4 Gallon Data'!$B78/1000000 -> 135.261 | BR77: ='[1]Monthly D6 Gallon Data'!$B80/1000000 -> 0.02535 | BS77: =SUM(BQ77:BR77) -> 135.28635 | BU77: ='[2]US EIA'!$P214 -> 986.35 | BV77: =BU77/BS77 -> 7.2908314 | BX77: =BF77/(BF77+BS77) -> 0.13781333 | BY77: =BS77/(BS77+BF77) -> 0.86218667 | CB77: ='[1]Monthly D4 Gallon Data'!$AG78/1000000 -> 0 | CC77: ='[1]Monthly D6 Gallon Data'!$O80/1000000 -> 0 | CD77: =SUM(CB77:CC77) -> 0 | CF77: ='RD Feedstock Breakdown'!GQ68 -> 0 | CG77: =CF77/CB77 -> #DIV/0! | CH77: ='[2]US EIA'!$R214+AW77 -> 2633
A78: 42522 | B78: =160*$B$12 -> 160 | D78: =3*$D$12 -> 3 | F78: 95 | H78: 50 | J78: 100 | AW78: =SUM(B78:AS78) -> 408 | AX78: =AW78 -> 408 | AY78: ='[1]D4 Gallon Forecast'!$H154/1000000 -> 0 | AZ78: ='[1]D4 Gallon Forecast'!$H186/1000000 -> 22.043211 | BA78: =SUM(AY78:AZ78)+BB78 -> 22.043211 | BB78: ='[1]D4 Gallon Forecast'!$H170/1000000 -> 0 | BC78: ='[1]D4 Gallon Forecast'!$H346 -> 0 | BD78: ='[1]D4 Gallon Forecast'!$H362/1000000 -> 0 | BE78: =BD78+BC78 -> 0 | BF78: =BA78+BE78 -> 22.043211 | BG78: =(BF78/(A78-A77)*365)/AX78 -> 0.63612998 | BI78: =SUMIF($B$7:$AN$7,"Yes",B78:AN78)*0.25 -> 101.25 | BJ78: =AX78-BI78 -> 306.75 | BK78: ='RD Feedstock Breakdown'!ES69 -> 191.32837 | BL78: =BK78/BF78 -> 8.6796962 | BM78: =BK78/BA78 -> 8.6796962 | BQ78: ='[1]Monthly D4 Gallon Data'!$B79/1000000 -> 142.56145 | BR78: ='[1]Monthly D6 Gallon Data'!$B81/1000000 -> 0.032484 | BS78: =SUM(BQ78:BR78) -> 142.59394 | BU78: ='[2]US EIA'!$P215 -> 982.96 | BV78: =BU78/BS78 -> 6.8934208 | BX78: =BF78/(BF78+BS78) -> 0.13388966 | BY78: =BS78/(BS78+BF78) -> 0.86611034 | CB78: ='[1]Monthly D4 Gallon Data'!$AG79/1000000 -> 0 | CC78: ='[1]Monthly D6 Gallon Data'!$O81/1000000 -> 0 | CD78: =SUM(CB78:CC78) -> 0 | CF78: ='RD Feedstock Breakdown'!GQ69 -> 0 | CG78: =CF78/CB78 -> #DIV/0! | CH78: ='[2]US EIA'!$R215+AW78 -> 2683
A79: 42552 | B79: =160*$B$12 -> 160 | D79: =3*$D$12 -> 3 | F79: 95 | H79: 50 | J79: 100 | AW79: =SUM(B79:AS79) -> 408 | AX79: =AW79 -> 408 | AY79: ='[1]D4 Gallon Forecast'!$H155/1000000 -> 0 | AZ79: ='[1]D4 Gallon Forecast'!$H187/1000000 -> 19.094815 | BA79: =SUM(AY79:AZ79)+BB79 -> 19.094815 | BB79: ='[1]D4 Gallon Forecast'!$H171/1000000 -> 0 | BC79: ='[1]D4 Gallon Forecast'!$H347 -> 0 | BD79: ='[1]D4 Gallon Forecast'!$H363/1000000 -> 0 | BE79: =BD79+BC79 -> 0 | BF79: =BA79+BE79 -> 19.094815 | BG79: =(BF79/(A79-A78)*365)/AX79 -> 0.56941238 | BI79: =SUMIF($B$7:$AN$7,"Yes",B79:AN79)*0.25 -> 101.25 | BJ79: =AX79-BI79 -> 306.75 | BK79: ='RD Feedstock Breakdown'!ES70 -> 165.73719 | BL79: =BK79/BF79 -> 8.6796962 | BM79: =BK79/BA79 -> 8.6796962 | BQ79: ='[1]Monthly D4 Gallon Data'!$B80/1000000 -> 137.96328 | BR79: ='[1]Monthly D6 Gallon Data'!$B82/1000000 -> 0 | BS79: =SUM(BQ79:BR79) -> 137.96328 | BU79: ='[2]US EIA'!$P216 -> 1021.36 | BV79: =BU79/BS79 -> 7.4031294 | BX79: =BF79/(BF79+BS79) -> 0.12157804 | BY79: =BS79/(BS79+BF79) -> 0.87842196 | CB79: ='[1]Monthly D4 Gallon Data'!$AG80/1000000 -> 0 | CC79: ='[1]Monthly D6 Gallon Data'!$O82/1000000 -> 0 | CD79: =SUM(CB79:CC79) -> 0 | CF79: ='RD Feedstock Breakdown'!GQ70 -> 0 | CG79: =CF79/CB79 -> #DIV/0! | CH79: ='[2]US EIA'!$R216+AW79 -> 2683
A80: 42583 | B80: =160*$B$12 -> 160 | D80: =3*$D$12 -> 3 | F80: 95 | H80: 50 | J80: 100 | AW80: =SUM(B80:AS80) -> 408 | AX80: =AW80 -> 408 | AY80: ='[1]D4 Gallon Forecast'!$H156/1000000 -> 0 | AZ80: ='[1]D4 Gallon Forecast'!$H188/1000000 -> 24.325149 | BA80: =SUM(AY80:AZ80)+BB80 -> 24.325149 | BB80: ='[1]D4 Gallon Forecast'!$H172/1000000 -> 0 | BC80: ='[1]D4 Gallon Forecast'!$H348 -> 0 | BD80: ='[1]D4 Gallon Forecast'!$H364/1000000 -> 0 | BE80: =BD80+BC80 -> 0 | BF80: =BA80+BE80 -> 24.325149 | BG80: =(BF80/(A80-A79)*365)/AX80 -> 0.70198287 | BI80: =SUMIF($B$7:$AN$7,"Yes",B80:AN80)*0.25 -> 101.25 | BJ80: =AX80-BI80 -> 306.75 | BK80: ='RD Feedstock Breakdown'!ES71 -> 211.1349 | BL80: =BK80/BF80 -> 8.6796962 | BM80: =BK80/BA80 -> 8.6796962 | BQ80: ='[1]Monthly D4 Gallon Data'!$B81/1000000 -> 161.63298 | BR80: ='[1]Monthly D6 Gallon Data'!$B83/1000000 -> 0.013418 | BS80: =SUM(BQ80:BR80) -> 161.6464 | BU80: ='[2]US EIA'!$P217 -> 1045.07 | BV80: =BU80/BS80 -> 6.465161 | BX80: =BF80/(BF80+BS80) -> 0.13080038 | BY80: =BS80/(BS80+BF80) -> 0.86919962 | CB80: ='[1]Monthly D4 Gallon Data'!$AG81/1000000 -> 0 | CC80: ='[1]Monthly D6 Gallon Data'!$O83/1000000 -> 0 | CD80: =SUM(CB80:CC80) -> 0 | CF80: ='RD Feedstock Breakdown'!GQ71 -> 0 | CG80: =CF80/CB80 -> #DIV/0! | CH80: ='[2]US EIA'!$R217+AW80 -> 2683
A81: 42614 | B81: =160*$B$12 -> 160 | D81: =3*$D$12 -> 3 | F81: 95 | H81: 50 | J81: 100 | AW81: =SUM(B81:AS81) -> 408 | AX81: =AW81 -> 408 | AY81: ='[1]D4 Gallon Forecast'!$H157/1000000 -> 0 | AZ81: ='[1]D4 Gallon Forecast'!$H189/1000000 -> 18.860534 | BA81: =SUM(AY81:AZ81)+BB81 -> 18.860534 | BB81: ='[1]D4 Gallon Forecast'!$H173/1000000 -> 0 | BC81: ='[1]D4 Gallon Forecast'!$H349/1000000 -> 0.23079 | BD81: ='[1]D4 Gallon Forecast'!$H365/1000000 -> 0 | BE81: =BD81+BC81 -> 0.23079 | BF81: =BA81+BE81 -> 19.091324 | BG81: =(BF81/(A81-A80)*365)/AX81 -> 0.55094349 | BI81: =SUMIF($B$7:$AN$7,"Yes",B81:AN81)*0.25 -> 101.25 | BJ81: =AX81-BI81 -> 306.75 | BK81: ='RD Feedstock Breakdown'!ES72 -> 165.70689 | BL81: =BK81/BF81 -> 8.6796962 | BM81: =BK81/BA81 -> 8.7859067 | BQ81: ='[1]Monthly D4 Gallon Data'!$B82/1000000 -> 146.6101 | BR81: ='[1]Monthly D6 Gallon Data'!$B84/1000000 -> 0.053953 | BS81: =SUM(BQ81:BR81) -> 146.66406 | BU81: ='[2]US EIA'!$P218 -> 1012.11 | BV81: =BU81/BS81 -> 6.9008729 | BX81: =BF81/(BF81+BS81) -> 0.1151777 | BY81: =BS81/(BS81+BF81) -> 0.8848223 | CB81: ='[1]Monthly D4 Gallon Data'!$AG82/1000000 -> 0.23079 | CC81: ='[1]Monthly D6 Gallon Data'!$O84/1000000 -> 0 | CD81: =SUM(CB81:CC81) -> 0.23079 | CF81: ='RD Feedstock Breakdown'!GQ72 -> 0.94038426 | CG81: =CF81/CB81 -> 4.0746318 | CH81: ='[2]US EIA'!$R218+AW81 -> 2687
A82: 42644 | B82: =160*$B$12 -> 160 | D82: =3*$D$12 -> 3 | F82: 95 | H82: 50 | J82: 100 | AW82: =SUM(B82:AS82) -> 408 | AX82: =AW82 -> 408 | AY82: ='[1]D4 Gallon Forecast'!$H158/1000000 -> 0 | AZ82: ='[1]D4 Gallon Forecast'!$H190/1000000 -> 20.108545 | BA82: =SUM(AY82:AZ82)+BB82 -> 20.108545 | BB82: ='[1]D4 Gallon Forecast'!$H174/1000000 -> 0 | BC82: ='[1]D4 Gallon Forecast'!$H350/1000000 -> 0.181093 | BD82: ='[1]D4 Gallon Forecast'!$H366/1000000 -> 0 | BE82: =BD82+BC82 -> 0.181093 | BF82: =BA82+BE82 -> 20.289638 | BG82: =(BF82/(A82-A81)*365)/AX82 -> 0.60504231 | BI82: =SUMIF($B$7:$AN$7,"Yes",B82:AN82)*0.25 -> 101.25 | BJ82: =AX82-BI82 -> 306.75 | BK82: ='RD Feedstock Breakdown'!ES73 -> 176.10789 | BL82: =BK82/BF82 -> 8.6796962 | BM82: =BK82/BA82 -> 8.7578636 | BQ82: ='[1]Monthly D4 Gallon Data'!$B83/1000000 -> 143.06439 | BR82: ='[1]Monthly D6 Gallon Data'!$B85/1000000 -> 0.020981 | BS82: =SUM(BQ82:BR82) -> 143.08537 | BU82: ='[2]US EIA'!$P219 -> 1018.89 | BV82: =BU82/BS82 -> 7.1208539 | BX82: =BF82/(BF82+BS82) -> 0.12419059 | BY82: =BS82/(BS82+BF82) -> 0.87580941 | CB82: ='[1]Monthly D4 Gallon Data'!$AG83/1000000 -> 0.181093 | CC82: ='[1]Monthly D6 Gallon Data'!$O85/1000000 -> 0 | CD82: =SUM(CB82:CC82) -> 0.181093 | CF82: ='RD Feedstock Breakdown'!GQ73 -> 0.73788729 | CG82: =CF82/CB82 -> 4.0746318 | CH82: ='[2]US EIA'!$R219+AW82 -> 2720
A83: 42675 | B83: =160*$B$12 -> 160 | D83: =3*$D$12 -> 3 | F83: 95 | H83: 50 | J83: 100 | AW83: =SUM(B83:AS83) -> 408 | AX83: =AW83 -> 408 | AY83: ='[1]D4 Gallon Forecast'!$H159/1000000 -> 0 | AZ83: ='[1]D4 Gallon Forecast'!$H191/1000000 -> 26.977711 | BA83: =SUM(AY83:AZ83)+BB83 -> 26.977711 | BB83: ='[1]D4 Gallon Forecast'!$H175/1000000 -> 0 | BC83: ='[1]D4 Gallon Forecast'!$H351/1000000 -> 0.192991 | BD83: ='[1]D4 Gallon Forecast'!$H367/1000000 -> 0 | BE83: =BD83+BC83 -> 0.192991 | BF83: =BA83+BE83 -> 27.170702 | BG83: =(BF83/(A83-A82)*365)/AX83 -> 0.78410075 | BI83: =SUMIF($B$7:$AN$7,"Yes",B83:AN83)*0.25 -> 101.25 | BJ83: =AX83-BI83 -> 306.75 | BK83: ='RD Feedstock Breakdown'!ES74 -> 235.83344 | BL83: =BK83/BF83 -> 8.6796962 | BM83: =BK83/BA83 -> 8.7417883 | BQ83: ='[1]Monthly D4 Gallon Data'!$B84/1000000 -> 139.70352 | BR83: ='[1]Monthly D6 Gallon Data'!$B86/1000000 -> 0.00417 | BS83: =SUM(BQ83:BR83) -> 139.70769 | BU83: ='[2]US EIA'!$P220 -> 1059.49 | BV83: =BU83/BS83 -> 7.5836199 | BX83: =BF83/(BF83+BS83) -> 0.16281738 | BY83: =BS83/(BS83+BF83) -> 0.83718262 | CB83: ='[1]Monthly D4 Gallon Data'!$AG84/1000000 -> 0.192991 | CC83: ='[1]Monthly D6 Gallon Data'!$O86/1000000 -> 0 | CD83: =SUM(CB83:CC83) -> 0.192991 | CF83: ='RD Feedstock Breakdown'!GQ74 -> 0.78636726 | CG83: =CF83/CB83 -> 4.0746318 | CH83: ='[2]US EIA'!$R220+AW83 -> 2720
A84: 42705 | B84: =160*$B$12 -> 160 | D84: =3*$D$12 -> 3 | F84: 95 | H84: 50 | J84: 100 | AW84: =SUM(B84:AS84) -> 408 | AX84: =AW84 -> 408 | AY84: ='[1]D4 Gallon Forecast'!$H160/1000000 -> 0 | AZ84: ='[1]D4 Gallon Forecast'!$H192/1000000 -> 26.878185 | BA84: =SUM(AY84:AZ84)+BB84 -> 26.878185 | BB84: ='[1]D4 Gallon Forecast'!$H176/1000000 -> 0 | BC84: ='[1]D4 Gallon Forecast'!$H352/1000000 -> 0.178772 | BD84: ='[1]D4 Gallon Forecast'!$H368/1000000 -> 0 | BE84: =BD84+BC84 -> 0.178772 | BF84: =BA84+BE84 -> 27.056957 | BG84: =(BF84/(A84-A83)*365)/AX84 -> 0.80684553 | BH84: =AVERAGE(BG73:BG84) -> 0.6375653 | BI84: =SUMIF($B$7:$AN$7,"Yes",B84:AN84)*0.25 -> 101.25 | BJ84: =AX84-BI84 -> 306.75 | BK84: ='RD Feedstock Breakdown'!ES75 -> 234.84617 | BL84: =BK84/BF84 -> 8.6796962 | BM84: =BK84/BA84 -> 8.7374265 | BQ84: ='[1]Monthly D4 Gallon Data'!$B85/1000000 -> 187.16325 | BR84: ='[1]Monthly D6 Gallon Data'!$B87/1000000 -> 0 | BS84: =SUM(BQ84:BR84) -> 187.16325 | BU84: ='[2]US EIA'!$P221 -> 1054.58 | BV84: =BU84/BS84 -> 5.6345463 | BX84: =BF84/(BF84+BS84) -> 0.12630441 | BY84: =BS84/(BS84+BF84) -> 0.87369559 | CB84: ='[1]Monthly D4 Gallon Data'!$AG85/1000000 -> 0.178772 | CC84: ='[1]Monthly D6 Gallon Data'!$O87/1000000 -> 0 | CD84: =SUM(CB84:CC84) -> 0.178772 | CF84: ='RD Feedstock Breakdown'!GQ75 -> 0.72843007 | CG84: =CF84/CB84 -> 4.0746318 | CH84: ='[2]US EIA'!$R221+AW84 -> 2724
A85: 42736 | B85: =160*$B$12 -> 160 | D85: =3*$D$12 -> 3 | F85: 95 | H85: 50 | J85: 100 | AW85: =SUM(B85:AS85) -> 408 | AX85: =AW85 -> 408 | AY85: ='[1]D4 Gallon Forecast'!$I149/1000000 -> 0 | AZ85: ='[1]D4 Gallon Forecast'!$I181/1000000 -> 18.110934 | BA85: =SUM(AY85:AZ85)+BB85 -> 18.110934 | BB85: ='[1]D4 Gallon Forecast'!$I165/1000000 -> 0 | BC85: ='[1]D4 Gallon Forecast'!$I341/1000000 -> 0.210331 | BD85: ='[1]D4 Gallon Forecast'!$I357/1000000 -> 0 | BE85: =BD85+BC85 -> 0.210331 | BF85: =BA85+BE85 -> 18.321265 | BG85: =(BF85/(A85-A84)*365)/AX85 -> 0.52872088 | BI85: =SUMIF($B$7:$AN$7,"Yes",B85:AN85)*0.25 -> 101.25 | BJ85: =AX85-BI85 -> 306.75 | BK85: ='RD Feedstock Breakdown'!ES76 -> 159.02301 | BL85: =BK85/BF85 -> 8.6796962 | BM85: =BK85/BA85 -> 8.7804977 | BQ85: ='[1]Monthly D4 Gallon Data'!$B86/1000000 -> 65.936175 | BR85: ='[1]Monthly D6 Gallon Data'!$B88/1000000 -> 0 | BS85: =SUM(BQ85:BR85) -> 65.936175 | BU85: ='[2]US EIA'!$P222 -> 712 | BV85: =BU85/BS85 -> 10.798321 | BX85: =BF85/(BF85+BS85) -> 0.21744388 | BY85: =BS85/(BS85+BF85) -> 0.78255612 | CB85: ='[1]Monthly D4 Gallon Data'!$AG86/1000000 -> 0.210331 | CC85: ='[1]Monthly D6 Gallon Data'!$O88/1000000 -> 0 | CD85: =SUM(CB85:CC85) -> 0.210331 | CF85: ='RD Feedstock Breakdown'!GQ76 -> 0.85702137 | CG85: =CF85/CB85 -> 4.0746318 | CH85: ='[2]US EIA'!$R222+AW85 -> 2724
A86: 42767 | B86: =160*$B$12 -> 160 | D86: =3*$D$12 -> 3 | F86: 95 | H86: 50 | J86: 100 | AW86: =SUM(B86:AS86) -> 408 | AX86: =AW86 -> 408 | AY86: ='[1]D4 Gallon Forecast'!$I150/1000000 -> 0 | AZ86: ='[1]D4 Gallon Forecast'!$I182/1000000 -> 20.685125 | BA86: =SUM(AY86:AZ86)+BB86 -> 20.685125 | BB86: ='[1]D4 Gallon Forecast'!$I166/1000000 -> 0 | BC86: ='[1]D4 Gallon Forecast'!$I342/1000000 -> 0.190622 | BD86: ='[1]D4 Gallon Forecast'!$I358/1000000 -> 0 | BE86: =BD86+BC86 -> 0.190622 | BF86: =BA86+BE86 -> 20.875747 | BG86: =(BF86/(A86-A85)*365)/AX86 -> 0.60243894 | BI86: =SUMIF($B$7:$AN$7,"Yes",B86:AN86)*0.25 -> 101.25 | BJ86: =AX86-BI86 -> 306.75 | BK86: ='RD Feedstock Breakdown'!ES77 -> 181.19514 | BL86: =BK86/BF86 -> 8.6796962 | BM86: =BK86/BA86 -> 8.7596832 | BQ86: ='[1]Monthly D4 Gallon Data'!$B87/1000000 -> 78.476257 | BR86: ='[1]Monthly D6 Gallon Data'!$B89/1000000 -> 0 | BS86: =SUM(BQ86:BR86) -> 78.476257 | BU86: ='[2]US EIA'!$P223 -> 736 | BV86: =BU86/BS86 -> 9.3786328 | BX86: =BF86/(BF86+BS86) -> 0.21011903 | BY86: =BS86/(BS86+BF86) -> 0.78988097 | CB86: ='[1]Monthly D4 Gallon Data'!$AG87/1000000 -> 0.190622 | CC86: ='[1]Monthly D6 Gallon Data'!$O89/1000000 -> 0 | CD86: =SUM(CB86:CC86) -> 0.190622 | CF86: ='RD Feedstock Breakdown'!GQ77 -> 0.77671446 | CG86: =CF86/CB86 -> 4.0746318 | CH86: ='[2]US EIA'!$R223+AW86 -> 2724
A87: 42795 | B87: =160*$B$12 -> 160 | D87: =3*$D$12 -> 3 | F87: 95 | H87: 50 | J87: 100 | AW87: =SUM(B87:AS87) -> 408 | AX87: =AW87 -> 408 | AY87: ='[1]D4 Gallon Forecast'!$I151/1000000 -> 0 | AZ87: ='[1]D4 Gallon Forecast'!$I183/1000000 -> 15.398643 | BA87: =SUM(AY87:AZ87)+BB87 -> 15.398643 | BB87: ='[1]D4 Gallon Forecast'!$I167/1000000 -> 0 | BC87: ='[1]D4 Gallon Forecast'!$I343/1000000 -> 0.184825 | BD87: ='[1]D4 Gallon Forecast'!$I359/1000000 -> 0 | BE87: =BD87+BC87 -> 0.184825 | BF87: =BA87+BE87 -> 15.583468 | BG87: =(BF87/(A87-A86)*365)/AX87 -> 0.49789617 | BI87: =SUMIF($B$7:$AN$7,"Yes",B87:AN87)*0.25 -> 101.25 | BJ87: =AX87-BI87 -> 306.75 | BK87: ='RD Feedstock Breakdown'!ES78 -> 135.25977 | BL87: =BK87/BF87 -> 8.6796962 | BM87: =BK87/BA87 -> 8.7838758 | BQ87: ='[1]Monthly D4 Gallon Data'!$B88/1000000 -> 111.49471 | BR87: ='[1]Monthly D6 Gallon Data'!$B90/1000000 -> 0 | BS87: =SUM(BQ87:BR87) -> 111.49471 | BU87: ='[2]US EIA'!$P224 -> 857 | BV87: =BU87/BS87 -> 7.6864634 | BX87: =BF87/(BF87+BS87) -> 0.12262899 | BY87: =BS87/(BS87+BF87) -> 0.87737101 | CB87: ='[1]Monthly D4 Gallon Data'!$AG88/1000000 -> 0.184825 | CC87: ='[1]Monthly D6 Gallon Data'!$O90/1000000 -> 0 | CD87: =SUM(CB87:CC87) -> 0.184825 | CF87: ='RD Feedstock Breakdown'!GQ78 -> 0.75309382 | CG87: =CF87/CB87 -> 4.0746318 | CH87: ='[2]US EIA'!$R224+AW87 -> 2770
A88: 42826 | B88: =160*$B$12 -> 160 | D88: =3*$D$12 -> 3 | F88: 95 | H88: 50 | J88: 100 | AW88: =SUM(B88:AS88) -> 408 | AX88: =AW88 -> 408 | AY88: ='[1]D4 Gallon Forecast'!$I152/1000000 -> 0 | AZ88: ='[1]D4 Gallon Forecast'!$I184/1000000 -> 20.068138 | BA88: =SUM(AY88:AZ88)+BB88 -> 20.068138 | BB88: ='[1]D4 Gallon Forecast'!$I168/1000000 -> 0 | BC88: ='[1]D4 Gallon Forecast'!$I344/1000000 -> 0 | BD88: ='[1]D4 Gallon Forecast'!$I360/1000000 -> 0 | BE88: =BD88+BC88 -> 0 | BF88: =BA88+BE88 -> 20.068138 | BG88: =(BF88/(A88-A87)*365)/AX88 -> 0.5791327 | BI88: =SUMIF($B$7:$AN$7,"Yes",B88:AN88)*0.25 -> 101.25 | BJ88: =AX88-BI88 -> 306.75 | BK88: ='RD Feedstock Breakdown'!ES79 -> 174.18534 | BL88: =BK88/BF88 -> 8.6796962 | BM88: =BK88/BA88 -> 8.6796962 | BQ88: ='[1]Monthly D4 Gallon Data'!$B89/1000000 -> 124.32416 | BR88: ='[1]Monthly D6 Gallon Data'!$B91/1000000 -> 0 | BS88: =SUM(BQ88:BR88) -> 124.32416 | BU88: ='[2]US EIA'!$P225 -> 950 | BV88: =BU88/BS88 -> 7.6413142 | BX88: =BF88/(BF88+BS88) -> 0.13898343 | BY88: =BS88/(BS88+BF88) -> 0.86101657 | CB88: ='[1]Monthly D4 Gallon Data'!$AG89/1000000 -> 0 | CC88: ='[1]Monthly D6 Gallon Data'!$O91/1000000 -> 0 | CD88: =SUM(CB88:CC88) -> 0 | CF88: ='RD Feedstock Breakdown'!GQ79 -> 0 | CG88: =CF88/CB88 -> #DIV/0! | CH88: ='[2]US EIA'!$R225+AW88 -> 2736
A89: 42856 | B89: =160*$B$12 -> 160 | D89: =3*$D$12 -> 3 | F89: 95 | H89: 50 | J89: 100 | AW89: =SUM(B89:AS89) -> 408 | AX89: =AW89 -> 408 | AY89: ='[1]D4 Gallon Forecast'!$I153/1000000 -> 0 | AZ89: ='[1]D4 Gallon Forecast'!$I185/1000000 -> 24.025408 | BA89: =SUM(AY89:AZ89)+BB89 -> 24.025408 | BB89: ='[1]D4 Gallon Forecast'!$I169/1000000 -> 0 | BC89: ='[1]D4 Gallon Forecast'!$I345/1000000 -> 0.134485 | BD89: ='[1]D4 Gallon Forecast'!$I361/1000000 -> 0 | BE89: =BD89+BC89 -> 0.134485 | BF89: =BA89+BE89 -> 24.159893 | BG89: =(BF89/(A89-A88)*365)/AX89 -> 0.72045433 | BI89: =SUMIF($B$7:$AN$7,"Yes",B89:AN89)*0.25 -> 101.25 | BJ89: =AX89-BI89 -> 306.75 | BK89: ='RD Feedstock Breakdown'!ES80 -> 209.70053 | BL89: =BK89/BF89 -> 8.6796962 | BM89: =BK89/BA89 -> 8.7282818 | BQ89: ='[1]Monthly D4 Gallon Data'!$B90/1000000 -> 147.07406 | BR89: ='[1]Monthly D6 Gallon Data'!$B92/1000000 -> 0 | BS89: =SUM(BQ89:BR89) -> 147.07406 | BU89: ='[2]US EIA'!$P226 -> 1054 | BV89: =BU89/BS89 -> 7.1664576 | BX89: =BF89/(BF89+BS89) -> 0.14109289 | BY89: =BS89/(BS89+BF89) -> 0.85890711 | CB89: ='[1]Monthly D4 Gallon Data'!$AG90/1000000 -> 0.134485 | CC89: ='[1]Monthly D6 Gallon Data'!$O92/1000000 -> 0 | CD89: =SUM(CB89:CC89) -> 0.134485 | CF89: ='RD Feedstock Breakdown'!GQ80 -> 0.54797685 | CG89: =CF89/CB89 -> 4.0746318 | CH89: ='[2]US EIA'!$R226+AW89 -> 2737
A90: 42887 | B90: =160*$B$12 -> 160 | D90: =3*$D$12 -> 3 | F90: 95 | H90: 50 | J90: 100 | AW90: =SUM(B90:AS90) -> 408 | AX90: =AW90 -> 408 | AY90: ='[1]D4 Gallon Forecast'!$I154/1000000 -> 0 | AZ90: ='[1]D4 Gallon Forecast'!$I186/1000000 -> 17.375071 | BA90: =SUM(AY90:AZ90)+BB90 -> 17.375071 | BB90: ='[1]D4 Gallon Forecast'!$I170/1000000 -> 0 | BC90: ='[1]D4 Gallon Forecast'!$I346/1000000 -> 0.127471 | BD90: ='[1]D4 Gallon Forecast'!$I362/1000000 -> 0 | BE90: =BD90+BC90 -> 0.127471 | BF90: =BA90+BE90 -> 17.502542 | BG90: =(BF90/(A90-A89)*365)/AX90 -> 0.50509391 | BI90: =SUMIF($B$7:$AN$7,"Yes",B90:AN90)*0.25 -> 101.25 | BJ90: =AX90-BI90 -> 306.75 | BK90: ='RD Feedstock Breakdown'!ES81 -> 151.91675 | BL90: =BK90/BF90 -> 8.6796962 | BM90: =BK90/BA90 -> 8.7433742 | BQ90: ='[1]Monthly D4 Gallon Data'!$B91/1000000 -> 145.01108 | BR90: ='[1]Monthly D6 Gallon Data'!$B93/1000000 -> 0 | BS90: =SUM(BQ90:BR90) -> 145.01108 | BU90: ='[2]US EIA'!$P227 -> 1069 | BV90: =BU90/BS90 -> 7.3718507 | BX90: =BF90/(BF90+BS90) -> 0.10769893 | BY90: =BS90/(BS90+BF90) -> 0.89230107 | CB90: ='[1]Monthly D4 Gallon Data'!$AG91/1000000 -> 0.127471 | CC90: ='[1]Monthly D6 Gallon Data'!$O93/1000000 -> 0 | CD90: =SUM(CB90:CC90) -> 0.127471 | CF90: ='RD Feedstock Breakdown'!GQ81 -> 0.51939739 | CG90: =CF90/CB90 -> 4.0746318 | CH90: ='[2]US EIA'!$R227+AW90 -> 2737
A91: 42917 | B91: =160*$B$12 -> 160 | D91: =3*$D$12 -> 3 | F91: 95 | H91: 50 | J91: 100 | AW91: =SUM(B91:AS91) -> 408 | AX91: =AW91 -> 408 | AY91: ='[1]D4 Gallon Forecast'!$I155/1000000 -> 0 | AZ91: ='[1]D4 Gallon Forecast'!$I187/1000000 -> 19.135415 | BA91: =SUM(AY91:AZ91)+BB91 -> 19.135415 | BB91: ='[1]D4 Gallon Forecast'!$I171/1000000 -> 0 | BC91: ='[1]D4 Gallon Forecast'!$I347/1000000 -> 0.120661 | BD91: ='[1]D4 Gallon Forecast'!$I363/1000000 -> 0 | BE91: =BD91+BC91 -> 0.120661 | BF91: =BA91+BE91 -> 19.256076 | BG91: =(BF91/(A91-A90)*365)/AX91 -> 0.57422122 | BI91: =SUMIF($B$7:$AN$7,"Yes",B91:AN91)*0.25 -> 101.25 | BJ91: =AX91-BI91 -> 306.75 | BK91: ='RD Feedstock Breakdown'!ES82 -> 167.13689 | BL91: =BK91/BF91 -> 8.6796962 | BM91: =BK91/BA91 -> 8.7344272 | BQ91: ='[1]Monthly D4 Gallon Data'!$B92/1000000 -> 150.29036 | BR91: ='[1]Monthly D6 Gallon Data'!$B94/1000000 -> 0 | BS91: =SUM(BQ91:BR91) -> 150.29036 | BU91: ='[2]US EIA'!$P228 -> 1136 | BV91: =BU91/BS91 -> 7.5587015 | BX91: =BF91/(BF91+BS91) -> 0.11357405 | BY91: =BS91/(BS91+BF91) -> 0.88642595 | CB91: ='[1]Monthly D4 Gallon Data'!$AG92/1000000 -> 0.120661 | CC91: ='[1]Monthly D6 Gallon Data'!$O94/1000000 -> 0 | CD91: =SUM(CB91:CC91) -> 0.120661 | CF91: ='RD Feedstock Breakdown'!GQ82 -> 0.49164914 | CG91: =CF91/CB91 -> 4.0746318 | CH91: ='[2]US EIA'!$R228+AW91 -> 2738
A92: 42948 | B92: =160*$B$12 -> 160 | D92: =3*$D$12 -> 3 | F92: 95 | H92: 50 | J92: 100 | AW92: =SUM(B92:AS92) -> 408 | AX92: =AW92 -> 408 | AY92: ='[1]D4 Gallon Forecast'!$I156/1000000 -> 0 | AZ92: ='[1]D4 Gallon Forecast'!$I188/1000000 -> 24.232162 | BA92: =SUM(AY92:AZ92)+BB92 -> 24.232162 | BB92: ='[1]D4 Gallon Forecast'!$I172/1000000 -> 0 | BC92: ='[1]D4 Gallon Forecast'!$I348/1000000 -> 0.174175 | BD92: ='[1]D4 Gallon Forecast'!$I364/1000000 -> 0 | BE92: =BD92+BC92 -> 0.174175 | BF92: =BA92+BE92 -> 24.406337 | BG92: =(BF92/(A92-A91)*365)/AX92 -> 0.70432582 | BI92: =SUMIF($B$7:$AN$7,"Yes",B92:AN92)*0.25 -> 101.25 | BJ92: =AX92-BI92 -> 306.75 | BK92: ='RD Feedstock Breakdown'!ES83 -> 211.83959 | BL92: =BK92/BF92 -> 8.6796962 | BM92: =BK92/BA92 -> 8.7420838 | BQ92: ='[1]Monthly D4 Gallon Data'!$B93/1000000 -> 157.5367 | BR92: ='[1]Monthly D6 Gallon Data'!$B95/1000000 -> 0 | BS92: =SUM(BQ92:BR92) -> 157.5367 | BU92: ='[2]US EIA'!$P229 -> 1140 | BV92: =BU92/BS92 -> 7.2364092 | BX92: =BF92/(BF92+BS92) -> 0.13414274 | BY92: =BS92/(BS92+BF92) -> 0.86585726 | CB92: ='[1]Monthly D4 Gallon Data'!$AG93/1000000 -> 0.174175 | CC92: ='[1]Monthly D6 Gallon Data'!$O95/1000000 -> 0 | CD92: =SUM(CB92:CC92) -> 0.174175 | CF92: ='RD Feedstock Breakdown'!GQ83 -> 0.70969899 | CG92: =CF92/CB92 -> 4.0746318 | CH92: ='[2]US EIA'!$R229+AW92 -> 2729
A93: 42979 | B93: =160*$B$12 -> 160 | D93: =3*$D$12 -> 3 | F93: 95 | H93: 50 | J93: 100 | AW93: =SUM(B93:AS93) -> 408 | AX93: =AW93 -> 408 | AY93: ='[1]D4 Gallon Forecast'!$I157/1000000 -> 0 | AZ93: ='[1]D4 Gallon Forecast'!$I189/1000000 -> 21.583936 | BA93: =SUM(AY93:AZ93)+BB93 -> 21.583936 | BB93: ='[1]D4 Gallon Forecast'!$I173/1000000 -> 0 | BC93: ='[1]D4 Gallon Forecast'!$I349/1000000 -> 0.137952 | BD93: ='[1]D4 Gallon Forecast'!$I365/1000000 -> 0 | BE93: =BD93+BC93 -> 0.137952 | BF93: =BA93+BE93 -> 21.721888 | BG93: =(BF93/(A93-A92)*365)/AX93 -> 0.62685714 | BI93: =SUMIF($B$7:$AN$7,"Yes",B93:AN93)*0.25 -> 101.25 | BJ93: =AX93-BI93 -> 306.75 | BK93: ='RD Feedstock Breakdown'!ES84 -> 188.53939 | BL93: =BK93/BF93 -> 8.6796962 | BM93: =BK93/BA93 -> 8.7351718 | BQ93: ='[1]Monthly D4 Gallon Data'!$B94/1000000 -> 148.33321 | BR93: ='[1]Monthly D6 Gallon Data'!$B96/1000000 -> 0 | BS93: =SUM(BQ93:BR93) -> 148.33321 | BU93: ='[2]US EIA'!$P230 -> 1068 | BV93: =BU93/BS93 -> 7.2000057 | BX93: =BF93/(BF93+BS93) -> 0.12773441 | BY93: =BS93/(BS93+BF93) -> 0.87226559 | CB93: ='[1]Monthly D4 Gallon Data'!$AG94/1000000 -> 0.137952 | CC93: ='[1]Monthly D6 Gallon Data'!$O96/1000000 -> 0 | CD93: =SUM(CB93:CC93) -> 0.137952 | CF93: ='RD Feedstock Breakdown'!GQ84 -> 0.5621036 | CG93: =CF93/CB93 -> 4.0746318 | CH93: ='[2]US EIA'!$R230+AW93 -> 2758
A94: 43009 | B94: =160*$B$12 -> 160 | D94: =3*$D$12 -> 3 | F94: 95 | H94: 50 | J94: 100 | AW94: =SUM(B94:AS94) -> 408 | AX94: =AW94 -> 408 | AY94: ='[1]D4 Gallon Forecast'!$I158/1000000 -> 0 | AZ94: ='[1]D4 Gallon Forecast'!$I190/1000000 -> 25.02168 | BA94: =SUM(AY94:AZ94)+BB94 -> 25.02168 | BB94: ='[1]D4 Gallon Forecast'!$I174/1000000 -> 0 | BC94: ='[1]D4 Gallon Forecast'!$I350/1000000 -> 0.160272 | BD94: ='[1]D4 Gallon Forecast'!$I366/1000000 -> 0 | BE94: =BD94+BC94 -> 0.160272 | BF94: =BA94+BE94 -> 25.181952 | BG94: =(BF94/(A94-A93)*365)/AX94 -> 0.75093239 | BI94: =SUMIF($B$7:$AN$7,"Yes",B94:AN94)*0.25 -> 101.25 | BJ94: =AX94-BI94 -> 306.75 | BK94: ='RD Feedstock Breakdown'!ES85 -> 218.57169 | BL94: =BK94/BF94 -> 8.6796962 | BM94: =BK94/BA94 -> 8.7352925 | BQ94: ='[1]Monthly D4 Gallon Data'!$B95/1000000 -> 149.34792 | BR94: ='[1]Monthly D6 Gallon Data'!$B97/1000000 -> 0 | BS94: =SUM(BQ94:BR94) -> 149.34792 | BU94: ='[2]US EIA'!$P231 -> 1126 | BV94: =BU94/BS94 -> 7.5394422 | BX94: =BF94/(BF94+BS94) -> 0.14428448 | BY94: =BS94/(BS94+BF94) -> 0.85571552 | CB94: ='[1]Monthly D4 Gallon Data'!$AG95/1000000 -> 0.160272 | CC94: ='[1]Monthly D6 Gallon Data'!$O97/1000000 -> 0 | CD94: =SUM(CB94:CC94) -> 0.160272 | CF94: ='RD Feedstock Breakdown'!GQ85 -> 1.3060988 | CG94: =CF94/CB94 -> 8.1492635 | CH94: ='[2]US EIA'!$R231+AW94 -> 2765
A95: 43040 | B95: =160*$B$12 -> 160 | D95: =3*$D$12 -> 3 | F95: 95 | H95: 50 | J95: 100 | AW95: =SUM(B95:AS95) -> 408 | AX95: =AW95 -> 408 | AY95: ='[1]D4 Gallon Forecast'!$I159/1000000 -> 0 | AZ95: ='[1]D4 Gallon Forecast'!$I191/1000000 -> 22.579304 | BA95: =SUM(AY95:AZ95)+BB95 -> 22.579304 | BB95: ='[1]D4 Gallon Forecast'!$I175/1000000 -> 0 | BC95: ='[1]D4 Gallon Forecast'!$I351/1000000 -> 0.068957 | BD95: ='[1]D4 Gallon Forecast'!$I367/1000000 -> 0 | BE95: =BD95+BC95 -> 0.068957 | BF95: =BA95+BE95 -> 22.648261 | BG95: =(BF95/(A95-A94)*365)/AX95 -> 0.65359071 | BI95: =SUMIF($B$7:$AN$7,"Yes",B95:AN95)*0.25 -> 101.25 | BJ95: =AX95-BI95 -> 306.75 | BK95: ='RD Feedstock Breakdown'!ES86 -> 196.58002 | BL95: =BK95/BF95 -> 8.6796962 | BM95: =BK95/BA95 -> 8.7062039 | BQ95: ='[1]Monthly D4 Gallon Data'!$B96/1000000 -> 147.82995 | BR95: ='[1]Monthly D6 Gallon Data'!$B98/1000000 -> 0 | BS95: =SUM(BQ95:BR95) -> 147.82995 | BU95: ='[2]US EIA'!$P232 -> 1141 | BV95: =BU95/BS95 -> 7.718328 | BX95: =BF95/(BF95+BS95) -> 0.13285136 | BY95: =BS95/(BS95+BF95) -> 0.86714864 | CB95: ='[1]Monthly D4 Gallon Data'!$AG96/1000000 -> 0.068957 | CC95: ='[1]Monthly D6 Gallon Data'!$O98/1000000 -> 0 | CD95: =SUM(CB95:CC95) -> 0.068957 | CF95: ='RD Feedstock Breakdown'!GQ86 -> 0.59852581 | CG95: =CF95/CB95 -> 8.6796962 | CH95: ='[2]US EIA'!$R232+AW95 -> 2825
A96: 43070 | B96: =160*$B$12 -> 160 | D96: =3*$D$12 -> 3 | F96: 95 | H96: 50 | J96: 100 | AW96: =SUM(B96:AS96) -> 408 | AX96: =AW96 -> 408 | AY96: ='[1]D4 Gallon Forecast'!$I160/1000000 -> 0 | AZ96: ='[1]D4 Gallon Forecast'!$I192/1000000 -> 24.979072 | BA96: =SUM(AY96:AZ96)+BB96 -> 24.979072 | BB96: ='[1]D4 Gallon Forecast'!$I176/1000000 -> 0 | BC96: ='[1]D4 Gallon Forecast'!$I352/1000000 -> 0.201266 | BD96: ='[1]D4 Gallon Forecast'!$I368/1000000 -> 0 | BE96: =BD96+BC96 -> 0.201266 | BF96: =BA96+BE96 -> 25.180338 | BG96: =(BF96/(A96-A95)*365)/AX96 -> 0.75088426 | BH96: =AVERAGE(BG85:BG96) -> 0.62454571 | BI96: =SUMIF($B$7:$AN$7,"Yes",B96:AN96)*0.25 -> 101.25 | BJ96: =AX96-BI96 -> 306.75 | BK96: ='RD Feedstock Breakdown'!ES87 -> 218.55768 | BL96: =BK96/BF96 -> 8.6796962 | BM96: =BK96/BA96 -> 8.7496318 | BQ96: ='[1]Monthly D4 Gallon Data'!$B97/1000000 -> 162.59516 | BR96: ='[1]Monthly D6 Gallon Data'!$B99/1000000 -> 0 | BS96: =SUM(BQ96:BR96) -> 162.59516 | BU96: ='[2]US EIA'!$P233 -> 1132 | BV96: =BU96/BS96 -> 6.9620767 | BX96: =BF96/(BF96+BS96) -> 0.1340981 | BY96: =BS96/(BS96+BF96) -> 0.8659019 | CB96: ='[1]Monthly D4 Gallon Data'!$AG97/1000000 -> 0.201266 | CC96: ='[1]Monthly D6 Gallon Data'!$O99/1000000 -> 0 | CD96: =SUM(CB96:CC96) -> 0.201266 | CF96: ='RD Feedstock Breakdown'!GQ87 -> 1.7469277 | CG96: =CF96/CB96 -> 8.6796962 | CH96: ='[2]US EIA'!$R233+AW96 -> 2809
A97: 43101 | B97: =160*$B$12 -> 160 | D97: =3*$D$12 -> 3 | F97: 95 | H97: 50 | J97: 100 | AW97: =SUM(B97:AS97) -> 408 | AX97: =AW97 -> 408 | AY97: ='[1]D4 Gallon Forecast'!$J149/1000000 -> 0 | AZ97: ='[1]D4 Gallon Forecast'!$J181/1000000 -> 13.358879 | BA97: =SUM(AY97:AZ97)+BB97 -> 13.358879 | BB97: ='[1]D4 Gallon Forecast'!$J165/1000000 -> 0 | BC97: ='[1]D4 Gallon Forecast'!$J341/1000000 -> 0.139714 | BD97: ='[1]D4 Gallon Forecast'!$J357/1000000 -> 0 | BE97: =BD97+BC97 -> 0.139714 | BF97: =BA97+BE97 -> 13.498593 | BG97: =(BF97/(A97-A96)*365)/AX97 -> 0.38954668 | BI97: =SUMIF($B$7:$AN$7,"Yes",B97:AN97)*0.25 -> 101.25 | BJ97: =AX97-BI97 -> 306.75 | BK97: ='RD Feedstock Breakdown'!ES88 -> 116.69325 | BL97: =BK97/BF97 -> 8.6448455 | BM97: =BK97/BA97 -> 8.7352577 | BQ97: ='[1]Monthly D4 Gallon Data'!$B98/1000000 -> 110.49606 | BR97: ='[1]Monthly D6 Gallon Data'!$B100/1000000 -> 0 | BS97: =SUM(BQ97:BR97) -> 110.49606 | BU97: ='[2]US EIA'!$P234 -> 942 | BV97: =BU97/BS97 -> 8.5251912 | BX97: =BF97/(BF97+BS97) -> 0.10886432 | BY97: =BS97/(BS97+BF97) -> 0.89113568 | CB97: ='[1]Monthly D4 Gallon Data'!$AG98/1000000 -> 0.139714 | CC97: ='[1]Monthly D6 Gallon Data'!$O100/1000000 -> 0 | CD97: =SUM(CB97:CC97) -> 0.139714 | CF97: ='RD Feedstock Breakdown'!GQ88 -> 1.2078059 | CG97: =CF97/CB97 -> 8.6448455 | CH97: ='[2]US EIA'!$R234+AW97 -> 2957
A98: 43132 | B98: =160*$B$12 -> 160 | D98: =3*$D$12 -> 3 | F98: 95 | H98: 50 | J98: 100 | AW98: =SUM(B98:AS98) -> 408 | AX98: =AW98 -> 408 | AY98: ='[1]D4 Gallon Forecast'!$J150/1000000 -> 0 | AZ98: ='[1]D4 Gallon Forecast'!$J182/1000000 -> 20.164577 | BA98: =SUM(AY98:AZ98)+BB98 -> 20.164577 | BB98: ='[1]D4 Gallon Forecast'!$J166/1000000 -> 0 | BC98: ='[1]D4 Gallon Forecast'!$J342/1000000 -> 0.237996 | BD98: ='[1]D4 Gallon Forecast'!$J358/1000000 -> 0 | BE98: =BD98+BC98 -> 0.237996 | BF98: =BA98+BE98 -> 20.402573 | BG98: =(BF98/(A98-A97)*365)/AX98 -> 0.58878393 | BI98: =SUMIF($B$7:$AN$7,"Yes",B98:AN98)*0.25 -> 101.25 | BJ98: =AX98-BI98 -> 306.75 | BK98: ='RD Feedstock Breakdown'!ES89 -> 176.37709 | BL98: =BK98/BF98 -> 8.6448455 | BM98: =BK98/BA98 -> 8.7468778 | BQ98: ='[1]Monthly D4 Gallon Data'!$B99/1000000 -> 115.53627 | BR98: ='[1]Monthly D6 Gallon Data'!$B101/1000000 -> 0 | BS98: =SUM(BQ98:BR98) -> 115.53627 | BU98: ='[2]US EIA'!$P235 -> 953 | BV98: =BU98/BS98 -> 8.2484919 | BX98: =BF98/(BF98+BS98) -> 0.15008641 | BY98: =BS98/(BS98+BF98) -> 0.84991359 | CB98: ='[1]Monthly D4 Gallon Data'!$AG99/1000000 -> 0.237996 | CC98: ='[1]Monthly D6 Gallon Data'!$O101/1000000 -> 0 | CD98: =SUM(CB98:CC98) -> 0.237996 | CF98: ='RD Feedstock Breakdown'!GQ89 -> 2.0574387 | CG98: =CF98/CB98 -> 8.6448455 | CH98: ='[2]US EIA'!$R235+AW98 -> 2958
A99: 43160 | B99: =160*$B$12 -> 160 | D99: =3*$D$12 -> 3 | F99: 95 | H99: 50 | J99: 100 | AW99: =SUM(B99:AS99) -> 408 | AX99: =AW99 -> 408 | AY99: ='[1]D4 Gallon Forecast'!$J151/1000000 -> 0 | AZ99: ='[1]D4 Gallon Forecast'!$J183/1000000 -> 22.796002 | BA99: =SUM(AY99:AZ99)+BB99 -> 22.796002 | BB99: ='[1]D4 Gallon Forecast'!$J167/1000000 -> 0 | BC99: ='[1]D4 Gallon Forecast'!$J343/1000000 -> 0.10379 | BD99: ='[1]D4 Gallon Forecast'!$J359/1000000 -> 0 | BE99: =BD99+BC99 -> 0.10379 | BF99: =BA99+BE99 -> 22.899792 | BG99: =(BF99/(A99-A98)*365)/AX99 -> 0.73165477 | BI99: =SUMIF($B$7:$AN$7,"Yes",B99:AN99)*0.25 -> 101.25 | BJ99: =AX99-BI99 -> 306.75 | BK99: ='RD Feedstock Breakdown'!ES90 -> 197.96516 | BL99: =BK99/BF99 -> 8.6448455 | BM99: =BK99/BA99 -> 8.6842054 | BQ99: ='[1]Monthly D4 Gallon Data'!$B100/1000000 -> 145.19473 | BR99: ='[1]Monthly D6 Gallon Data'!$B102/1000000 -> 0 | BS99: =SUM(BQ99:BR99) -> 145.19473 | BU99: ='[2]US EIA'!$P236 -> 1116 | BV99: =BU99/BS99 -> 7.6862292 | BX99: =BF99/(BF99+BS99) -> 0.13623163 | BY99: =BS99/(BS99+BF99) -> 0.86376837 | CB99: ='[1]Monthly D4 Gallon Data'!$AG100/1000000 -> 0.10379 | CC99: ='[1]Monthly D6 Gallon Data'!$O102/1000000 -> 0 | CD99: =SUM(CB99:CC99) -> 0.10379 | CF99: ='RD Feedstock Breakdown'!GQ90 -> 0.89724852 | CG99: =CF99/CB99 -> 8.6448455 | CH99: ='[2]US EIA'!$R236+AW99 -> 2956
A100: 43191 | B100: =160*$B$12 -> 160 | D100: =3*$D$12 -> 3 | F100: 95 | H100: 50 | J100: 100 | AW100: =SUM(B100:AS100) -> 408 | AX100: =AW100 -> 408 | AY100: ='[1]D4 Gallon Forecast'!$J152/1000000 -> 0 | AZ100: ='[1]D4 Gallon Forecast'!$J184/1000000 -> 24.720243 | BA100: =SUM(AY100:AZ100)+BB100 -> 24.720243 | BB100: ='[1]D4 Gallon Forecast'!$J168/1000000 -> 0 | BC100: ='[1]D4 Gallon Forecast'!$J344/1000000 -> 0.184634 | BD100: ='[1]D4 Gallon Forecast'!$J360/1000000 -> 0 | BE100: =BD100+BC100 -> 0.184634 | BF100: =BA100+BE100 -> 24.904877 | BG100: =(BF100/(A100-A99)*365)/AX100 -> 0.71871285 | BI100: =SUMIF($B$7:$AN$7,"Yes",B100:AN100)*0.25 -> 101.25 | BJ100: =AX100-BI100 -> 306.75 | BK100: ='RD Feedstock Breakdown'!ES91 -> 215.29881 | BL100: =BK100/BF100 -> 8.6448455 | BM100: =BK100/BA100 -> 8.7094134 | BQ100: ='[1]Monthly D4 Gallon Data'!$B101/1000000 -> 144.63767 | BR100: ='[1]Monthly D6 Gallon Data'!$B103/1000000 -> 0 | BS100: =SUM(BQ100:BR100) -> 144.63767 | BU100: ='[2]US EIA'!$P237 -> 1078 | BV100: =BU100/BS100 -> 7.4531066 | BX100: =BF100/(BF100+BS100) -> 0.14689455 | BY100: =BS100/(BS100+BF100) -> 0.85310545 | CB100: ='[1]Monthly D4 Gallon Data'!$AG101/1000000 -> 0.184634 | CC100: ='[1]Monthly D6 Gallon Data'!$O103/1000000 -> 0 | CD100: =SUM(CB100:CC100) -> 0.184634 | CF100: ='RD Feedstock Breakdown'!GQ91 -> 1.5961324 | CG100: =CF100/CB100 -> 8.6448455 | CH100: ='[2]US EIA'!$R237+AW100 -> 2975
...

Sheet RD Feedstock Breakdown
A1: (million pounds) | B1: Diamond Green Diesel - Norco, LA | J1: Diamond Green Stage 2 - Port Arthur, TX | R1: East Kansas Agri-Energy LLC | T1: Seaboard - Houghton KS | Y1: REG Geismar - Geismar, LA | AC1: BP/Neste - Next Renewables - Port Westward, OR | AG1: World Energy - Paramount - Long Beach, CA | AK1: Sinclair - Sinclair, WY | AM1: Holly Frontier - Artesia, NM | AP1: Holly Frontier - Cheyenne, WY | AS1: Marathon - Martinez - Pacheco, CA | AV1: Marathon - Dickinson, ND | AY1: P66 - Rodeo CA | BB1: Global Clean Energy Holdings - Bakersfield, CA | BF1: CVR Energy - Wynnewood OK | BH1: Chevron - Readifuels - IA | BJ1: Shell - Jaxon Energy - Jackson, MS | BO1: P66 - Ryze - Las Vegas NV | BQ1: CVR Energy - Coffeyville KS | BT1: Suncor - Matsui - Lanza Jet - Soperton GA | BW1: Gron - Baton Rouge LA | CB1: PBF - Chalmette LA | CD1: Cargill - Loves - Hastings NE | CG1: Vertex - Mobile AL | CI1: SAFuels X - Trenton ND | CL1: ='Renewable Diesel'!AF2 -> Calumet Montana Refining - Great Falls | CP1: ='Renewable Diesel'!AG2 -> Emerald One - Port Arthur TX | CT1: New Rise Renewables - Reno NV | CV1: UrbanX - Bakersfield, CA | CX1: Indaba Renewable Fuels - Imperial CA | DA1: Indaba Renewable Fuels - Imperial CA | DD1: Slate / Starwood - Douglas, WY | DF1: HOBO Renewables #1 | DH1: HOBO Renewables #2 | DJ1: Valley Green Fuels - Kern County, CA | DP1: Total Monthly Potential Demand | EA1: Percent of Total | EK1: RD Feedstock Usage (million pounds) | FB1: Feedstock Use for Plants Not Yet Announced | GI1: SAF Feedstock Usage | GT1: SAF Feedstock Mix
A2: Feedstock Mix | B2: Soybean Oil | C2: Canola Oil | D2: Poultry Fat | E2: Yellow Grease | F2: Choice White Grease | G2: Distillers' Corn Oil | H2: Used Cooking Oil | I2: Total | J2: SBO | K2: Canola Oil | L2: Poultry Fat | M2: Yellow Grease | N2: Choice White Grease | O2: Distillers' Corn Oil | P2: Used Cooking Oil | Q2: Total | R2: Distillers' Corn Oil | S2: Total | T2: Canola Oil | U2: SBO | V2: Tallow | W2: Choice White Grease | X2: Total | Y2: Soybean Oil | Z2: Tallow | AA2: Distillers' Corn Oil | AB2: Total | AC2: Canola Oil | AD2: Soybean Oil | AE2: Tallow | AF2: Total | AG2: Canola Oil | AH2: SBO | AI2: Tech Tallow | AJ2: Total | AK2: Soybean Oil | AL2: Total | AM2: Soybean Oil | AN2: Low CI Mix (Tallow) | AO2: Total | AP2: Soybean Oil | AQ2: Low CI Mix (Tallow) | AR2: Total | AS2: Soybean Oil | AT2: Canola Oil | AU2: Total | AV2: Soybean Oil | AW2: Distillers' Corn Oil | AX2: Total | AY2: Soybean Oil | AZ2: Used Cooking Oil | BA2: Total | BB2: Soybean Oil | BC2: Used Cooking Oil | BD2: Tallow | BE2: Total | BF2: Soybean Oil | BG2: Total | BH2: Distillers' Corn Oil | BI2: Total | BJ2: Soybean Oil | BK2: Used Cooking Oil | BL2: Tallow | BM2: Distillers' Corn Oil | BN2: Total | BO2: Soybean Oil | BP2: Total | BQ2: Soybean Oil | BR2: Distillers' Corn Oil | BS2: Total | BT2: Soybean Oil | BU2: Distillers' Corn Oil | BV2: Total | BW2: Soybean Oil | BX2: Canola Oil | BY2: Distillers' Corn Oil | BZ2: Used Cooking Oil | CA2: Total | CB2: Soybean Oil | CC2: Total | CD2: Tallow | CE2: Soybean Oil | CF2: Total | CG2: Soybean Oil | CH2: Total | CI2: Canola Oil | CJ2: Soybean Oil | CK2: Total | CL2: Used Cooking Oil | CM2: Tallow | CN2: Soybean Oil | CO2: Total | CP2: Used Cooking Oil | CQ2: Tallow | CR2: Soybean Oil | CS2: Total | CT2: Soybean Oil | CU2: Total | CV2: UCO | CW2: Total | CX2: UCO | CY2: Tallow | CZ2: Total | DA2: UCO | DB2: Tallow | DC2: Total | DD2: Canola Oil | DE2: Total | DF2: SBO | DG2: Total | DH2: SBO | DI2: Total | DJ2: Canola Oil | DK2: UCO | DL2: Tallow | DM2: CWG | DN2: Total | DP2: Yellow Grease | DQ2: Used Cooking Oil | DR2: Soybean Oil | DS2: Canola Oil | DT2: Tallow | DU2: Distillers' Corn Oil | DV2: Choice White Grease | DW2: Poultry Fat | DX2: Total | EA2: Yellow Grease | EB2: Used Cooking Oil | EC2: Soybean Oil | ED2: Canola Oil | EE2: Tallow | EF2: Distillers' Corn Oil | EG2: Choice White Grease | EH2: Poultry Fat | EI2: Total | EK2: Yellow Grease | EL2: Used Cooking Oil | EM2: Soybean Oil | EN2: Canola Oil | EO2: Tallow | EP2: Distillers' Corn Oil | EQ2: Choice White Grease | ER2: Poultry Fat | ES2: Total | EW2: Veg Oil Demand | EX2: Fats and Grease Demand | EY2: Veg Oil Percent | EZ2: Fat and Grease Percent | FB2: Yellow Grease | FC2: Used Cooking Oil | FD2: Soybean Oil | FE2: Canola Oil | FF2: Tallow | FG2: Distillers' Corn Oil | FH2: Choice White Grease | FI2: Poultry Fat | FJ2: Total | GD2: SAF Production | GI2: Yellow Grease | GJ2: Used Cooking Oil | GK2: Soybean Oil | GL2: Canola Oil | GM2: Tallow | GN2: Distillers' Corn Oil | GO2: Choice White Grease | GP2: Poultry Fat | GQ2: Total | GT2: Yellow Grease | GU2: Used Cooking Oil | GV2: Soybean Oil | GW2: Canola Oil | GX2: Tallow | GY2: Distillers' Corn Oil | GZ2: Choice White Grease | HA2: Poultry Fat | HB2: Total
A3: Composition | B3: As needed | C3: As needed | D3: Minimal | E3: 0.184 | F3: 0.1 | G3: 0.333 | H3: 0.383 | I3: =SUM(E3:H3) -> 1 | J3: As needed | K3: As needed | L3: Minimal | M3: 0.234 | N3: 0.1 | O3: 0.333 | P3: 0.333 | Q3: =SUM(M3:P3) -> 1 | R3: 1 | S3: =R3 -> 1 | T3: As needed | U3: As needed | V3: 0.666 | W3: 0.334 | X3: =SUM(V3:W3) -> 1 | Y3: As needed | Z3: 0.6 | AA3: 0.4 | AB3: =SUM(Z3:AA3) -> 1 | AC3: 0.5 | AD3: 0.25 | AE3: 0.25 | AF3: =SUM(AC3:AE3) -> 1 | AG3: As needed | AH3: As needed | AI3: 1 | AJ3: =AI3 -> 1 | AK3: 1 | AL3: =AK3 -> 1 | AM3: 0.75 | AN3: 0.25 | AO3: =SUM(AM3:AN3) -> 1 | AP3: 0.75 | AQ3: 0.25 | AR3: =SUM(AP3:AQ3) -> 1 | AS3: 1 | AT3: =1-AS3 -> 0 | AU3: =SUM(AS3:AT3) -> 1 | AV3: 0.7 | AW3: 0.3 | AX3: =SUM(AV3:AW3) -> 1 | AY3: 0.9 | AZ3: 0.1 | BA3: =SUM(AY3:AZ3) -> 1 | BB3: 0.85 | BC3: 0.1 | BD3: 0.05 | BE3: =SUM(BB3:BD3) -> 1 | BF3: 1 | BG3: =BF3 -> 1 | BH3: 1 | BI3: =BH3 -> 1 | BJ3: 0.6 | BK3: 0.1 | BL3: 0.2 | BM3: 0.1 | BN3: =SUM(BJ3:BM3) -> 1 | BO3: 1 | BP3: =BO3 -> 1 | BQ3: 0.75 | BR3: 0.25 | BS3: =SUM(BQ3:BR3) -> 1 | BT3: As Needed | BU3: 1 | BV3: =BU3 -> 1 | BW3: 0.5 | BX3: 0.05 | BY3: 0.35 | BZ3: 0.1 | CA3: =SUM(BW3:BZ3) -> 1 | CB3: 1 | CC3: =CB3 -> 1 | CD3: 0.7 | CE3: 0.3 | CF3: =SUM(CD3:CE3) -> 1 | CG3: 1 | CH3: =CG3 -> 1 | CI3: 0.5 | CJ3: 0.5 | CK3: =SUM(CI3:CJ3) -> 1 | CL3: 0.5 | CM3: 0.25 | CN3: 0.25 | CO3: =SUM(CL3:CN3) -> 1 | CP3: 0.5 | CQ3: 0.25 | CR3: 0.25 | CS3: =SUM(CP3:CR3) -> 1 | CT3: 1 | CU3: =CT3 -> 1 | CV3: 1 | CW3: =CV3 -> 1 | CX3: 0.5 | CY3: 0.5 | CZ3: =SUM(CX3:CY3) -> 1 | DA3: 0.5 | DB3: 0.5 | DC3: =SUM(DA3:DB3) -> 1 | DD3: 1 | DE3: 1 | DF3: 1 | DG3: 1 | DH3: 1 | DI3: 1 | DJ3: As needed | DK3: 0.5 | DL3: 0.25 | DM3: 0.25 | DN3: =SUM(DK3:DM3) -> 1 | DY3: Check | GD3: =_xlfn.CONCAT("RD"," ",'Renewable Diesel'!BB12) -> RD EV 1.6 | GE3: ='Renewable Diesel'!BC12 -> EV 1.6 | GF3: ='Renewable Diesel'!BD12 -> EV App Required | GG3: Total | GH3: RD and Ethanol Split
A4: 40544 | GD4: ='Renewable Diesel'!BB13*0 -> 0 | GE4: ='Renewable Diesel'!BC13 -> 0 | GF4: ='Renewable Diesel'!BD13 -> 0 | GG4: =SUM(GD4:GF4)*GH4 -> 0 | GH4: 0.5
A5: 40575 | GD5: ='Renewable Diesel'!BB14*0 -> 0 | GE5: ='Renewable Diesel'!BC14 -> 0 | GF5: ='Renewable Diesel'!BD14 -> 0 | GG5: =SUM(GD5:GF5)*GH5 -> 0 | GH5: 0.5
A6: 40603 | GD6: ='Renewable Diesel'!BB15*0 -> 0 | GE6: ='Renewable Diesel'!BC15 -> 0 | GF6: ='Renewable Diesel'!BD15 -> 0 | GG6: =SUM(GD6:GF6)*GH6 -> 0 | GH6: 0.5
A7: 40634 | GD7: ='Renewable Diesel'!BB16*0 -> 0 | GE7: ='Renewable Diesel'!BC16 -> 0 | GF7: ='Renewable Diesel'!BD16 -> 0 | GG7: =SUM(GD7:GF7)*GH7 -> 0 | GH7: 0.5
A8: 40664 | GD8: ='Renewable Diesel'!BB17*0 -> 0 | GE8: ='Renewable Diesel'!BC17 -> 0 | GF8: ='Renewable Diesel'!BD17 -> 0 | GG8: =SUM(GD8:GF8)*GH8 -> 0 | GH8: 0.5
A9: 40695 | GD9: ='Renewable Diesel'!BB18*0 -> 0 | GE9: ='Renewable Diesel'!BC18 -> 0 | GF9: ='Renewable Diesel'!BD18 -> 0 | GG9: =SUM(GD9:GF9)*GH9 -> 0 | GH9: 0.5
A10: 40725 | GD10: ='Renewable Diesel'!BB19*0 -> 0 | GE10: ='Renewable Diesel'!BC19 -> 0 | GF10: ='Renewable Diesel'!BD19 -> 0 | GG10: =SUM(GD10:GF10)*GH10 -> 0 | GH10: 0.5
A11: 40756 | GD11: ='Renewable Diesel'!BB20*0 -> 0 | GE11: ='Renewable Diesel'!BC20 -> 0 | GF11: ='Renewable Diesel'!BD20 -> 0 | GG11: =SUM(GD11:GF11)*GH11 -> 0 | GH11: 0.5
A12: 40787 | D12: 0 | E12: =('Renewable Diesel'!B21*E$3*'Feedstock Conversion Rates'!$B$2)/12 -> 5.2133333 | F12: =('Renewable Diesel'!B21*'RD Feedstock Breakdown'!F$3*'Feedstock Conversion Rates'!B$8)/12 -> 3.125 | G12: =('Renewable Diesel'!B21*'RD Feedstock Breakdown'!G$3*'Feedstock Conversion Rates'!B$7)/12 -> 10.212 | H12: =('Renewable Diesel'!B21*'RD Feedstock Breakdown'!H$3*'Feedstock Conversion Rates'!B$3)/12 -> 10.2261 | I12: =SUM(B12:H12) -> 28.776433 | DP12: =E12+M12 -> 5.2133333 | DQ12: =H12+P12+AZ12+BC12+BK12+BZ12+CL12+CP12+CV12+CX12+DA12+DK12 -> 10.2261 | DR12: =AD12+AK12+AM12+AP12+AV12+AY12+BB12+BF12+BJ12+Y12+B12+BO12+BQ12+BW12+CB12+CE12+CG12+CJ12+BT12+CN12+CR12+CT12+DF12+DH12+AS12+J12+U12+AH12 -> 0 | DT12: =V12+Z12+AE12+AI12+BD12+BL12+AN12+AQ12+CD12+CM12+CQ12+CY12+DB12+DL12 -> 0 | DU12: =G12+O12+R12+AA12+AW12+BH12+BM12+BR12+BU12+BY12 -> 10.212 | DV12: =F12+N12+W12+DM12 -> 3.125 | DW12: =D12+L12 -> 0 | DX12: =SUM(DP12:DW12) -> 28.776433 | DY12: =I12+Q12+S12+X12+AB12+AF12+AJ12+AL12+AO12+AR12+AU12+AX12+BA12+BE12+BG12+BI12+BN12-DX12+BP12+BS12+BV12+CA12+CC12+CF12+CH12+CK12+CO12+CS12+CU12+CW12+CZ12+DN12+DG12+DI12 -> 3.5527137e-15 | EA12: =DP12/$DX12 -> 0.18116676 | EB12: =DQ12/$DX12 -> 0.35536371 | EC12: =DR12/$DX12 -> 0 | EE12: =DT12/$DX12 -> 0 | EF12: =DU12/$DX12 -> 0.35487372 | EG12: =DV12/$DX12 -> 0.10859581 | EH12: =DW12/DX12 -> 0 | EI12: =SUM(EA12:EH12) -> 1 | EK12: =EA12*'Renewable Diesel'!BF21*'Feedstock Conversion Rates'!B$2 -> 6.1743115 | EL12: =EB12*'Renewable Diesel'!BF21*'Feedstock Conversion Rates'!B$3 -> 11.412917 | EM12: =EC12*'Renewable Diesel'!BF21*'Feedstock Conversion Rates'!B$4 -> 0 | EO12: =EE12*'Renewable Diesel'!BF21*'Feedstock Conversion Rates'!B$6 -> 0 | EP12: =EF12*'Renewable Diesel'!BF21*'Feedstock Conversion Rates'!B$7 -> 13.090395 | EQ12: =EG12*'Renewable Diesel'!BF21*'Feedstock Conversion Rates'!B$8 -> 4.0820227 | ER12: =EH12*'Renewable Diesel'!BF21*'Feedstock Conversion Rates'!B$9 -> 0 | ES12: =SUM(EK12:ER12) -> 34.759647 | EW12: =EN12+EM12 -> 0 | EX12: =EQ12+EO12+EL12+EK12+ER12+EP12 -> 34.759647 | EY12: =EW12/$ES12 -> 0 | EZ12: =EX12/$ES12 -> 1 | GD12: ='Renewable Diesel'!BB21*0 -> 0 | GE12: ='Renewable Diesel'!BC21 -> 0 | GF12: ='Renewable Diesel'!BD21 -> 0 | GG12: =SUM(GD12:GF12)*GH12 -> 0 | GH12: 0.5 | GI12: =$GG12*EA12*'Feedstock Conversion Rates'!$B$2 -> 0 | GJ12: =$GG12*EB12*'Feedstock Conversion Rates'!$B$3 -> 0 | GK12: =$GG12*EC12*'Feedstock Conversion Rates'!$B$4 -> 0 | GL12: =$GG12*ED12*'Feedstock Conversion Rates'!$B$5 -> 0 | GM12: =$GG12*EE12*'Feedstock Conversion Rates'!$B$5 -> 0 | GN12: =$GG12*EF12*'Feedstock Conversion Rates'!$B$7 -> 0 | GO12: =$GG12*EG12*'Feedstock Conversion Rates'!$B$7 -> 0 | GP12: =$GG12*EH12*'Feedstock Conversion Rates'!B9 -> 0 | GQ12: =SUM(GI12:GP12) -> 0 | GT12: =(GI12+FB12+EK12)/SUM($ES12,$FJ12,$GQ12) -> 0.17762872 | GU12: =(GJ12+FC12+EL12)/SUM($ES12,$FJ12,$GQ12) -> 0.32833813 | GV12: =(GK12+FD12+EM12)/SUM($ES12,$FJ12,$GQ12) -> 0 | GW12: =(GL12+FE12+EN12)/SUM($ES12,$FJ12,$GQ12) -> 0 | GX12: =(GM12+FF12+EO12)/SUM($ES12,$FJ12,$GQ12) -> 0 | GY12: =(GN12+FG12+EP12)/SUM($ES12,$FJ12,$GQ12) -> 0.37659747 | GZ12: =(GO12+FH12+EQ12)/SUM($ES12,$FJ12,$GQ12) -> 0.11743568 | HA12: =(GP12+FI12+ER12)/SUM($ES12,$FJ12,$GQ12) -> 0
A13: 40817 | D13: 0 | E13: =('Renewable Diesel'!B22*E$3*'Feedstock Conversion Rates'!$B$2)/12 -> 5.2133333 | F13: =('Renewable Diesel'!B22*'RD Feedstock Breakdown'!F$3*'Feedstock Conversion Rates'!B$8)/12 -> 3.125 | G13: =('Renewable Diesel'!B22*'RD Feedstock Breakdown'!G$3*'Feedstock Conversion Rates'!B$7)/12 -> 10.212 | H13: =('Renewable Diesel'!B22*'RD Feedstock Breakdown'!H$3*'Feedstock Conversion Rates'!B$3)/12 -> 10.2261 | I13: =SUM(B13:H13) -> 28.776433 | DP13: =E13+M13 -> 5.2133333 | DQ13: =H13+P13+AZ13+BC13+BK13+BZ13+CL13+CP13+CV13+CX13+DA13+DK13 -> 10.2261 | DR13: =AD13+AK13+AM13+AP13+AV13+AY13+BB13+BF13+BJ13+Y13+B13+BO13+BQ13+BW13+CB13+CE13+CG13+CJ13+BT13+CN13+CR13+CT13+DF13+DH13+AS13+J13+U13+AH13 -> 0 | DT13: =V13+Z13+AE13+AI13+BD13+BL13+AN13+AQ13+CD13+CM13+CQ13+CY13+DB13+DL13 -> 0 | DU13: =G13+O13+R13+AA13+AW13+BH13+BM13+BR13+BU13+BY13 -> 10.212 | DV13: =F13+N13+W13+DM13 -> 3.125 | DW13: =D13+L13 -> 0 | DX13: =SUM(DP13:DW13) -> 28.776433 | DY13: =I13+Q13+S13+X13+AB13+AF13+AJ13+AL13+AO13+AR13+AU13+AX13+BA13+BE13+BG13+BI13+BN13-DX13+BP13+BS13+BV13+CA13+CC13+CF13+CH13+CK13+CO13+CS13+CU13+CW13+CZ13+DN13+DG13+DI13 -> 3.5527137e-15 | EA13: =DP13/$DX13 -> 0.18116676 | EB13: =DQ13/$DX13 -> 0.35536371 | EC13: =DR13/$DX13 -> 0 | EE13: =DT13/$DX13 -> 0 | EF13: =DU13/$DX13 -> 0.35487372 | EG13: =DV13/$DX13 -> 0.10859581 | EH13: =DW13/DX13 -> 0 | EI13: =SUM(EA13:EG13) -> 1 | EK13: =EA13*'Renewable Diesel'!BF22*'Feedstock Conversion Rates'!B$2 -> 8.8824043 | EL13: =EB13*'Renewable Diesel'!BF22*'Feedstock Conversion Rates'!B$3 -> 16.418696 | EM13: =EC13*'Renewable Diesel'!BF22*'Feedstock Conversion Rates'!B$4 -> 0 | EO13: =EE13*'Renewable Diesel'!BF22*'Feedstock Conversion Rates'!B$6 -> 0 | EP13: =EF13*'Renewable Diesel'!BF22*'Feedstock Conversion Rates'!B$7 -> 18.831927 | EQ13: =EG13*'Renewable Diesel'!BF22*'Feedstock Conversion Rates'!B$8 -> 5.8724241 | ER13: =EH13*'Renewable Diesel'!BF22*'Feedstock Conversion Rates'!B$9 -> 0 | ES13: =SUM(EK13:ER13) -> 50.005451 | EW13: =EN13+EM13 -> 0 | EX13: =EQ13+EO13+EL13+EK13+ER13+EP13 -> 50.005451 | EY13: =EW13/$ES13 -> 0 | EZ13: =EX13/$ES13 -> 1 | GD13: ='Renewable Diesel'!BB22*0 -> 0 | GE13: ='Renewable Diesel'!BC22 -> 0 | GF13: ='Renewable Diesel'!BD22 -> 0 | GG13: =SUM(GD13:GF13)*GH13 -> 0 | GH13: 0.5 | GI13: =$GG13*EA13*'Feedstock Conversion Rates'!$B$2 -> 0 | GJ13: =$GG13*EB13*'Feedstock Conversion Rates'!$B$3 -> 0 | GK13: =$GG13*EC13*'Feedstock Conversion Rates'!$B$4 -> 0 | GL13: =$GG13*ED13*'Feedstock Conversion Rates'!$B$5 -> 0 | GM13: =$GG13*EE13*'Feedstock Conversion Rates'!$B$5 -> 0 | GN13: =$GG13*EF13*'Feedstock Conversion Rates'!$B$7 -> 0 | GO13: =$GG13*EG13*'Feedstock Conversion Rates'!$B$7 -> 0 | GP13: =$GG13*EH13*'Feedstock Conversion Rates'!B10 -> 0 | GQ13: =SUM(GI13:GP13) -> 0 | GT13: =(GI13+FB13+EK13)/SUM($ES13,$FJ13,$GQ13) -> 0.17762872 | GU13: =(GJ13+FC13+EL13)/SUM($ES13,$FJ13,$GQ13) -> 0.32833813 | GV13: =(GK13+FD13+EM13)/SUM($ES13,$FJ13,$GQ13) -> 0 | GW13: =(GL13+FE13+EN13)/SUM($ES13,$FJ13,$GQ13) -> 0 | GX13: =(GM13+FF13+EO13)/SUM($ES13,$FJ13,$GQ13) -> 0 | GY13: =(GN13+FG13+EP13)/SUM($ES13,$FJ13,$GQ13) -> 0.37659747 | GZ13: =(GO13+FH13+EQ13)/SUM($ES13,$FJ13,$GQ13) -> 0.11743568 | HA13: =(GP13+FI13+ER13)/SUM($ES13,$FJ13,$GQ13) -> 0
A14: 40848 | D14: 0 | E14: =('Renewable Diesel'!B23*E$3*'Feedstock Conversion Rates'!$B$2)/12 -> 15.64 | F14: =('Renewable Diesel'!B23*'RD Feedstock Breakdown'!F$3*'Feedstock Conversion Rates'!B$8)/12 -> 9.375 | G14: =('Renewable Diesel'!B23*'RD Feedstock Breakdown'!G$3*'Feedstock Conversion Rates'!B$7)/12 -> 30.636 | H14: =('Renewable Diesel'!B23*'RD Feedstock Breakdown'!H$3*'Feedstock Conversion Rates'!B$3)/12 -> 30.6783 | I14: =SUM(B14:H14) -> 86.3293 | DP14: =E14+M14 -> 15.64 | DQ14: =H14+P14+AZ14+BC14+BK14+BZ14+CL14+CP14+CV14+CX14+DA14+DK14 -> 30.6783 | DR14: =AD14+AK14+AM14+AP14+AV14+AY14+BB14+BF14+BJ14+Y14+B14+BO14+BQ14+BW14+CB14+CE14+CG14+CJ14+BT14+CN14+CR14+CT14+DF14+DH14+AS14+J14+U14+AH14 -> 0 | DT14: =V14+Z14+AE14+AI14+BD14+BL14+AN14+AQ14+CD14+CM14+CQ14+CY14+DB14+DL14 -> 0 | DU14: =G14+O14+R14+AA14+AW14+BH14+BM14+BR14+BU14+BY14 -> 30.636 | DV14: =F14+N14+W14+DM14 -> 9.375 | DW14: =D14+L14 -> 0 | DX14: =SUM(DP14:DW14) -> 86.3293 | DY14: =I14+Q14+S14+X14+AB14+AF14+AJ14+AL14+AO14+AR14+AU14+AX14+BA14+BE14+BG14+BI14+BN14-DX14+BP14+BS14+BV14+CA14+CC14+CF14+CH14+CK14+CO14+CS14+CU14+CW14+CZ14+DN14+DG14+DI14 -> 0 | EA14: =DP14/$DX14 -> 0.18116676 | EB14: =DQ14/$DX14 -> 0.35536371 | EC14: =DR14/$DX14 -> 0 | EE14: =DT14/$DX14 -> 0 | EF14: =DU14/$DX14 -> 0.35487372 | EG14: =DV14/$DX14 -> 0.10859581 | EH14: =DW14/DX14 -> 0 | EI14: =SUM(EA14:EG14) -> 1 | EK14: =EA14*'Renewable Diesel'!BF23*'Feedstock Conversion Rates'!B$2 -> 5.6983092 | EL14: =EB14*'Renewable Diesel'!BF23*'Feedstock Conversion Rates'!B$3 -> 10.53305 | EM14: =EC14*'Renewable Diesel'!BF23*'Feedstock Conversion Rates'!B$4 -> 0 | EO14: =EE14*'Renewable Diesel'!BF23*'Feedstock Conversion Rates'!B$6 -> 0 | EP14: =EF14*'Renewable Diesel'!BF23*'Feedstock Conversion Rates'!B$7 -> 12.081204 | EQ14: =EG14*'Renewable Diesel'!BF23*'Feedstock Conversion Rates'!B$8 -> 3.7673233 | ER14: =EH14*'Renewable Diesel'!BF23*'Feedstock Conversion Rates'!B$9 -> 0 | ES14: =SUM(EK14:ER14) -> 32.079887 | EW14: =EN14+EM14 -> 0 | EX14: =EQ14+EO14+EL14+EK14+ER14+EP14 -> 32.079887 | EY14: =EW14/$ES14 -> 0 | EZ14: =EX14/$ES14 -> 1 | GD14: ='Renewable Diesel'!BB23*0 -> 0 | GE14: ='Renewable Diesel'!BC23 -> 0 | GF14: ='Renewable Diesel'!BD23 -> 0 | GG14: =SUM(GD14:GF14)*GH14 -> 0 | GH14: 0.5 | GI14: =$GG14*EA14*'Feedstock Conversion Rates'!$B$2 -> 0 | GJ14: =$GG14*EB14*'Feedstock Conversion Rates'!$B$3 -> 0 | GK14: =$GG14*EC14*'Feedstock Conversion Rates'!$B$4 -> 0 | GL14: =$GG14*ED14*'Feedstock Conversion Rates'!$B$5 -> 0 | GM14: =$GG14*EE14*'Feedstock Conversion Rates'!$B$5 -> 0 | GN14: =$GG14*EF14*'Feedstock Conversion Rates'!$B$7 -> 0 | GO14: =$GG14*EG14*'Feedstock Conversion Rates'!$B$7 -> 0 | GP14: =$GG14*EH14*'Feedstock Conversion Rates'!B11 -> 0 | GQ14: =SUM(GI14:GP14) -> 0 | GT14: =(GI14+FB14+EK14)/SUM($ES14,$FJ14,$GQ14) -> 0.17762872 | GU14: =(GJ14+FC14+EL14)/SUM($ES14,$FJ14,$GQ14) -> 0.32833813 | GV14: =(GK14+FD14+EM14)/SUM($ES14,$FJ14,$GQ14) -> 0 | GW14: =(GL14+FE14+EN14)/SUM($ES14,$FJ14,$GQ14) -> 0 | GX14: =(GM14+FF14+EO14)/SUM($ES14,$FJ14,$GQ14) -> 0 | GY14: =(GN14+FG14+EP14)/SUM($ES14,$FJ14,$GQ14) -> 0.37659747 | GZ14: =(GO14+FH14+EQ14)/SUM($ES14,$FJ14,$GQ14) -> 0.11743568 | HA14: =(GP14+FI14+ER14)/SUM($ES14,$FJ14,$GQ14) -> 0
A15: 40878 | D15: 0 | E15: =('Renewable Diesel'!B24*E$3*'Feedstock Conversion Rates'!$B$2)/12 -> 15.64 | F15: =('Renewable Diesel'!B24*'RD Feedstock Breakdown'!F$3*'Feedstock Conversion Rates'!B$8)/12 -> 9.375 | G15: =('Renewable Diesel'!B24*'RD Feedstock Breakdown'!G$3*'Feedstock Conversion Rates'!B$7)/12 -> 30.636 | H15: =('Renewable Diesel'!B24*'RD Feedstock Breakdown'!H$3*'Feedstock Conversion Rates'!B$3)/12 -> 30.6783 | I15: =SUM(B15:H15) -> 86.3293 | DP15: =E15+M15 -> 15.64 | DQ15: =H15+P15+AZ15+BC15+BK15+BZ15+CL15+CP15+CV15+CX15+DA15+DK15 -> 30.6783 | DR15: =AD15+AK15+AM15+AP15+AV15+AY15+BB15+BF15+BJ15+Y15+B15+BO15+BQ15+BW15+CB15+CE15+CG15+CJ15+BT15+CN15+CR15+CT15+DF15+DH15+AS15+J15+U15+AH15 -> 0 | DT15: =V15+Z15+AE15+AI15+BD15+BL15+AN15+AQ15+CD15+CM15+CQ15+CY15+DB15+DL15 -> 0 | DU15: =G15+O15+R15+AA15+AW15+BH15+BM15+BR15+BU15+BY15 -> 30.636 | DV15: =F15+N15+W15+DM15 -> 9.375 | DW15: =D15+L15 -> 0 | DX15: =SUM(DP15:DW15) -> 86.3293 | DY15: =I15+Q15+S15+X15+AB15+AF15+AJ15+AL15+AO15+AR15+AU15+AX15+BA15+BE15+BG15+BI15+BN15-DX15+BP15+BS15+BV15+CA15+CC15+CF15+CH15+CK15+CO15+CS15+CU15+CW15+CZ15+DN15+DG15+DI15 -> 0 | EA15: =DP15/$DX15 -> 0.18116676 | EB15: =DQ15/$DX15 -> 0.35536371 | EC15: =DR15/$DX15 -> 0 | EE15: =DT15/$DX15 -> 0 | EF15: =DU15/$DX15 -> 0.35487372 | EG15: =DV15/$DX15 -> 0.10859581 | EH15: =DW15/DX15 -> 0 | EI15: =SUM(EA15:EG15) -> 1 | EK15: =EA15*'Renewable Diesel'!BF24*'Feedstock Conversion Rates'!B$2 -> 8.5263415 | EL15: =EB15*'Renewable Diesel'!BF24*'Feedstock Conversion Rates'!B$3 -> 15.760531 | EM15: =EC15*'Renewable Diesel'!BF24*'Feedstock Conversion Rates'!B$4 -> 0 | EO15: =EE15*'Renewable Diesel'!BF24*'Feedstock Conversion Rates'!B$6 -> 0 | EP15: =EF15*'Renewable Diesel'!BF24*'Feedstock Conversion Rates'!B$7 -> 18.077024 | EQ15: =EG15*'Renewable Diesel'!BF24*'Feedstock Conversion Rates'!B$8 -> 5.6370203 | ER15: =EH15*'Renewable Diesel'!BF24*'Feedstock Conversion Rates'!B$9 -> 0 | ES15: =SUM(EK15:ER15) -> 48.000917 | EW15: =EN15+EM15 -> 0 | EX15: =EQ15+EO15+EL15+EK15+ER15+EP15 -> 48.000917 | EY15: =EW15/$ES15 -> 0 | EZ15: =EX15/$ES15 -> 1 | GD15: ='Renewable Diesel'!BB24*0 -> 0 | GE15: ='Renewable Diesel'!BC24 -> 0 | GF15: ='Renewable Diesel'!BD24 -> 0 | GG15: =SUM(GD15:GF15)*GH15 -> 0 | GH15: 0.5 | GI15: =$GG15*EA15*'Feedstock Conversion Rates'!$B$2 -> 0 | GJ15: =$GG15*EB15*'Feedstock Conversion Rates'!$B$3 -> 0 | GK15: =$GG15*EC15*'Feedstock Conversion Rates'!$B$4 -> 0 | GL15: =$GG15*ED15*'Feedstock Conversion Rates'!$B$5 -> 0 | GM15: =$GG15*EE15*'Feedstock Conversion Rates'!$B$5 -> 0 | GN15: =$GG15*EF15*'Feedstock Conversion Rates'!$B$7 -> 0 | GO15: =$GG15*EG15*'Feedstock Conversion Rates'!$B$7 -> 0 | GP15: =$GG15*EH15*'Feedstock Conversion Rates'!B12 -> 0 | GQ15: =SUM(GI15:GP15) -> 0 | GT15: =(GI15+FB15+EK15)/SUM($ES15,$FJ15,$GQ15) -> 0.17762872 | GU15: =(GJ15+FC15+EL15)/SUM($ES15,$FJ15,$GQ15) -> 0.32833813 | GV15: =(GK15+FD15+EM15)/SUM($ES15,$FJ15,$GQ15) -> 0 | GW15: =(GL15+FE15+EN15)/SUM($ES15,$FJ15,$GQ15) -> 0 | GX15: =(GM15+FF15+EO15)/SUM($ES15,$FJ15,$GQ15) -> 0 | GY15: =(GN15+FG15+EP15)/SUM($ES15,$FJ15,$GQ15) -> 0.37659747 | GZ15: =(GO15+FH15+EQ15)/SUM($ES15,$FJ15,$GQ15) -> 0.11743568 | HA15: =(GP15+FI15+ER15)/SUM($ES15,$FJ15,$GQ15) -> 0
A16: 40909 | D16: 0 | E16: =('Renewable Diesel'!B25*E$3*'Feedstock Conversion Rates'!$B$2)/12 -> 20.853333 | F16: =('Renewable Diesel'!B25*'RD Feedstock Breakdown'!F$3*'Feedstock Conversion Rates'!B$8)/12 -> 12.5 | G16: =('Renewable Diesel'!B25*'RD Feedstock Breakdown'!G$3*'Feedstock Conversion Rates'!B$7)/12 -> 40.848 | H16: =('Renewable Diesel'!B25*'RD Feedstock Breakdown'!H$3*'Feedstock Conversion Rates'!B$3)/12 -> 40.9044 | I16: =SUM(B16:H16) -> 115.10573 | DP16: =E16+M16 -> 20.853333 | DQ16: =H16+P16+AZ16+BC16+BK16+BZ16+CL16+CP16+CV16+CX16+DA16+DK16 -> 40.9044 | DR16: =AD16+AK16+AM16+AP16+AV16+AY16+BB16+BF16+BJ16+Y16+B16+BO16+BQ16+BW16+CB16+CE16+CG16+CJ16+BT16+CN16+CR16+CT16+DF16+DH16+AS16+J16+U16+AH16 -> 0 | DT16: =V16+Z16+AE16+AI16+BD16+BL16+AN16+AQ16+CD16+CM16+CQ16+CY16+DB16+DL16 -> 0 | DU16: =G16+O16+R16+AA16+AW16+BH16+BM16+BR16+BU16+BY16 -> 40.848 | DV16: =F16+N16+W16+DM16 -> 12.5 | DW16: =D16+L16 -> 0 | DX16: =SUM(DP16:DW16) -> 115.10573 | DY16: =I16+Q16+S16+X16+AB16+AF16+AJ16+AL16+AO16+AR16+AU16+AX16+BA16+BE16+BG16+BI16+BN16-DX16+BP16+BS16+BV16+CA16+CC16+CF16+CH16+CK16+CO16+CS16+CU16+CW16+CZ16+DN16+DG16+DI16 -> 1.4210855e-14 | EA16: =DP16/$DX16 -> 0.18116676 | EB16: =DQ16/$DX16 -> 0.35536371 | EC16: =DR16/$DX16 -> 0 | EE16: =DT16/$DX16 -> 0 | EF16: =DU16/$DX16 -> 0.35487372 | EG16: =DV16/$DX16 -> 0.10859581 | EH16: =DW16/DX16 -> 0 | EI16: =SUM(EA16:EG16) -> 1 | EK16: =EA16*'Renewable Diesel'!BF25*'Feedstock Conversion Rates'!B$2 -> 5.7048261 | EL16: =EB16*'Renewable Diesel'!BF25*'Feedstock Conversion Rates'!B$3 -> 10.545096 | EM16: =EC16*'Renewable Diesel'!BF25*'Feedstock Conversion Rates'!B$4 -> 0 | EO16: =EE16*'Renewable Diesel'!BF25*'Feedstock Conversion Rates'!B$6 -> 0 | EP16: =EF16*'Renewable Diesel'!BF25*'Feedstock Conversion Rates'!B$7 -> 12.095021 | EQ16: =EG16*'Renewable Diesel'!BF25*'Feedstock Conversion Rates'!B$8 -> 3.7716318 | ER16: =EH16*'Renewable Diesel'!BF25*'Feedstock Conversion Rates'!B$9 -> 0 | ES16: =SUM(EK16:ER16) -> 32.116575 | EW16: =EN16+EM16 -> 0 | EX16: =EQ16+EO16+EL16+EK16+ER16+EP16 -> 32.116575 | EY16: =EW16/$ES16 -> 0 | EZ16: =EX16/$ES16 -> 1 | GD16: ='Renewable Diesel'!BB25*0 -> 0 | GE16: ='Renewable Diesel'!BC25 -> 0 | GF16: ='Renewable Diesel'!BD25 -> 0 | GG16: =SUM(GD16:GF16)*GH16 -> 0 | GH16: 0.5 | GI16: =$GG16*EA16*'Feedstock Conversion Rates'!$B$2 -> 0 | GJ16: =$GG16*EB16*'Feedstock Conversion Rates'!$B$3 -> 0 | GK16: =$GG16*EC16*'Feedstock Conversion Rates'!$B$4 -> 0 | GL16: =$GG16*ED16*'Feedstock Conversion Rates'!$B$5 -> 0 | GM16: =$GG16*EE16*'Feedstock Conversion Rates'!$B$5 -> 0 | GN16: =$GG16*EF16*'Feedstock Conversion Rates'!$B$7 -> 0 | GO16: =$GG16*EG16*'Feedstock Conversion Rates'!$B$7 -> 0 | GP16: =$GG16*EH16*'Feedstock Conversion Rates'!B13 -> 0 | GQ16: =SUM(GI16:GP16) -> 0 | GT16: =(GI16+FB16+EK16)/SUM($ES16,$FJ16,$GQ16) -> 0.17762872 | GU16: =(GJ16+FC16+EL16)/SUM($ES16,$FJ16,$GQ16) -> 0.32833813 | GV16: =(GK16+FD16+EM16)/SUM($ES16,$FJ16,$GQ16) -> 0 | GW16: =(GL16+FE16+EN16)/SUM($ES16,$FJ16,$GQ16) -> 0 | GX16: =(GM16+FF16+EO16)/SUM($ES16,$FJ16,$GQ16) -> 0 | GY16: =(GN16+FG16+EP16)/SUM($ES16,$FJ16,$GQ16) -> 0.37659747 | GZ16: =(GO16+FH16+EQ16)/SUM($ES16,$FJ16,$GQ16) -> 0.11743568 | HA16: =(GP16+FI16+ER16)/SUM($ES16,$FJ16,$GQ16) -> 0
A17: 40940 | D17: 0 | E17: =('Renewable Diesel'!B26*E$3*'Feedstock Conversion Rates'!$B$2)/12 -> 20.853333 | F17: =('Renewable Diesel'!B26*'RD Feedstock Breakdown'!F$3*'Feedstock Conversion Rates'!B$8)/12 -> 12.5 | G17: =('Renewable Diesel'!B26*'RD Feedstock Breakdown'!G$3*'Feedstock Conversion Rates'!B$7)/12 -> 40.848 | H17: =('Renewable Diesel'!B26*'RD Feedstock Breakdown'!H$3*'Feedstock Conversion Rates'!B$3)/12 -> 40.9044 | I17: =SUM(B17:H17) -> 115.10573 | DP17: =E17+M17 -> 20.853333 | DQ17: =H17+P17+AZ17+BC17+BK17+BZ17+CL17+CP17+CV17+CX17+DA17+DK17 -> 40.9044 | DR17: =AD17+AK17+AM17+AP17+AV17+AY17+BB17+BF17+BJ17+Y17+B17+BO17+BQ17+BW17+CB17+CE17+CG17+CJ17+BT17+CN17+CR17+CT17+DF17+DH17+AS17+J17+U17+AH17 -> 0 | DT17: =V17+Z17+AE17+AI17+BD17+BL17+AN17+AQ17+CD17+CM17+CQ17+CY17+DB17+DL17 -> 0 | DU17: =G17+O17+R17+AA17+AW17+BH17+BM17+BR17+BU17+BY17 -> 40.848 | DV17: =F17+N17+W17+DM17 -> 12.5 | DW17: =D17+L17 -> 0 | DX17: =SUM(DP17:DW17) -> 115.10573 | DY17: =I17+Q17+S17+X17+AB17+AF17+AJ17+AL17+AO17+AR17+AU17+AX17+BA17+BE17+BG17+BI17+BN17-DX17+BP17+BS17+BV17+CA17+CC17+CF17+CH17+CK17+CO17+CS17+CU17+CW17+CZ17+DN17+DG17+DI17 -> 1.4210855e-14 | EA17: =DP17/$DX17 -> 0.18116676 | EB17: =DQ17/$DX17 -> 0.35536371 | EC17: =DR17/$DX17 -> 0 | EE17: =DT17/$DX17 -> 0 | EF17: =DU17/$DX17 -> 0.35487372 | EG17: =DV17/$DX17 -> 0.10859581 | EH17: =DW17/DX17 -> 0 | EI17: =SUM(EA17:EG17) -> 1 | EK17: =EA17*'Renewable Diesel'!BF26*'Feedstock Conversion Rates'!B$2 -> 2.2584476 | EL17: =EB17*'Renewable Diesel'!BF26*'Feedstock Conversion Rates'!B$3 -> 4.1746316 | EM17: =EC17*'Renewable Diesel'!BF26*'Feedstock Conversion Rates'!B$4 -> 0 | EO17: =EE17*'Renewable Diesel'!BF26*'Feedstock Conversion Rates'!B$6 -> 0 | EP17: =EF17*'Renewable Diesel'!BF26*'Feedstock Conversion Rates'!B$7 -> 4.7882216 | EQ17: =EG17*'Renewable Diesel'!BF26*'Feedstock Conversion Rates'!B$8 -> 1.4931275 | ER17: =EH17*'Renewable Diesel'!BF26*'Feedstock Conversion Rates'!B$9 -> 0 | ES17: =SUM(EK17:ER17) -> 12.714428 | EW17: =EN17+EM17 -> 0 | EX17: =EQ17+EO17+EL17+EK17+ER17+EP17 -> 12.714428 | EY17: =EW17/$ES17 -> 0 | EZ17: =EX17/$ES17 -> 1 | GD17: ='Renewable Diesel'!BB26*0 -> 0 | GE17: ='Renewable Diesel'!BC26 -> 0 | GF17: ='Renewable Diesel'!BD26 -> 0 | GG17: =SUM(GD17:GF17)*GH17 -> 0 | GH17: 0.5 | GI17: =$GG17*EA17*'Feedstock Conversion Rates'!$B$2 -> 0 | GJ17: =$GG17*EB17*'Feedstock Conversion Rates'!$B$3 -> 0 | GK17: =$GG17*EC17*'Feedstock Conversion Rates'!$B$4 -> 0 | GL17: =$GG17*ED17*'Feedstock Conversion Rates'!$B$5 -> 0 | GM17: =$GG17*EE17*'Feedstock Conversion Rates'!$B$5 -> 0 | GN17: =$GG17*EF17*'Feedstock Conversion Rates'!$B$7 -> 0 | GO17: =$GG17*EG17*'Feedstock Conversion Rates'!$B$7 -> 0 | GP17: =$GG17*EH17*'Feedstock Conversion Rates'!B14 -> 0 | GQ17: =SUM(GI17:GP17) -> 0 | GT17: =(GI17+FB17+EK17)/SUM($ES17,$FJ17,$GQ17) -> 0.17762872 | GU17: =(GJ17+FC17+EL17)/SUM($ES17,$FJ17,$GQ17) -> 0.32833813 | GV17: =(GK17+FD17+EM17)/SUM($ES17,$FJ17,$GQ17) -> 0 | GW17: =(GL17+FE17+EN17)/SUM($ES17,$FJ17,$GQ17) -> 0 | GX17: =(GM17+FF17+EO17)/SUM($ES17,$FJ17,$GQ17) -> 0 | GY17: =(GN17+FG17+EP17)/SUM($ES17,$FJ17,$GQ17) -> 0.37659747 | GZ17: =(GO17+FH17+EQ17)/SUM($ES17,$FJ17,$GQ17) -> 0.11743568 | HA17: =(GP17+FI17+ER17)/SUM($ES17,$FJ17,$GQ17) -> 0
A18: 40969 | D18: 0 | E18: =('Renewable Diesel'!B27*E$3*'Feedstock Conversion Rates'!$B$2)/12 -> 20.853333 | F18: =('Renewable Diesel'!B27*'RD Feedstock Breakdown'!F$3*'Feedstock Conversion Rates'!B$8)/12 -> 12.5 | G18: =('Renewable Diesel'!B27*'RD Feedstock Breakdown'!G$3*'Feedstock Conversion Rates'!B$7)/12 -> 40.848 | H18: =('Renewable Diesel'!B27*'RD Feedstock Breakdown'!H$3*'Feedstock Conversion Rates'!B$3)/12 -> 40.9044 | I18: =SUM(B18:H18) -> 115.10573 | DP18: =E18+M18 -> 20.853333 | DQ18: =H18+P18+AZ18+BC18+BK18+BZ18+CL18+CP18+CV18+CX18+DA18+DK18 -> 40.9044 | DR18: =AD18+AK18+AM18+AP18+AV18+AY18+BB18+BF18+BJ18+Y18+B18+BO18+BQ18+BW18+CB18+CE18+CG18+CJ18+BT18+CN18+CR18+CT18+DF18+DH18+AS18+J18+U18+AH18 -> 0 | DT18: =V18+Z18+AE18+AI18+BD18+BL18+AN18+AQ18+CD18+CM18+CQ18+CY18+DB18+DL18 -> 0 | DU18: =G18+O18+R18+AA18+AW18+BH18+BM18+BR18+BU18+BY18 -> 40.848 | DV18: =F18+N18+W18+DM18 -> 12.5 | DW18: =D18+L18 -> 0 | DX18: =SUM(DP18:DW18) -> 115.10573 | DY18: =I18+Q18+S18+X18+AB18+AF18+AJ18+AL18+AO18+AR18+AU18+AX18+BA18+BE18+BG18+BI18+BN18-DX18+BP18+BS18+BV18+CA18+CC18+CF18+CH18+CK18+CO18+CS18+CU18+CW18+CZ18+DN18+DG18+DI18 -> 1.4210855e-14 | EA18: =DP18/$DX18 -> 0.18116676 | EB18: =DQ18/$DX18 -> 0.35536371 | EC18: =DR18/$DX18 -> 0 | EE18: =DT18/$DX18 -> 0 | EF18: =DU18/$DX18 -> 0.35487372 | EG18: =DV18/$DX18 -> 0.10859581 | EH18: =DW18/DX18 -> 0 | EI18: =SUM(EA18:EG18) -> 1 | EK18: =EA18*'Renewable Diesel'!BF27*'Feedstock Conversion Rates'!B$2 -> 7.2446281 | EL18: =EB18*'Renewable Diesel'!BF27*'Feedstock Conversion Rates'!B$3 -> 13.391346 | EM18: =EC18*'Renewable Diesel'!BF27*'Feedstock Conversion Rates'!B$4 -> 0 | EO18: =EE18*'Renewable Diesel'!BF27*'Feedstock Conversion Rates'!B$6 -> 0 | EP18: =EF18*'Renewable Diesel'!BF27*'Feedstock Conversion Rates'!B$7 -> 15.359614 | EQ18: =EG18*'Renewable Diesel'!BF27*'Feedstock Conversion Rates'!B$8 -> 4.7896411 | ER18: =EH18*'Renewable Diesel'!BF27*'Feedstock Conversion Rates'!B$9 -> 0 | ES18: =SUM(EK18:ER18) -> 40.78523 | EW18: =EN18+EM18 -> 0 | EX18: =EQ18+EO18+EL18+EK18+ER18+EP18 -> 40.78523 | EY18: =EW18/$ES18 -> 0 | EZ18: =EX18/$ES18 -> 1 | GD18: ='Renewable Diesel'!BB27*0 -> 0 | GE18: ='Renewable Diesel'!BC27 -> 0 | GF18: ='Renewable Diesel'!BD27 -> 0 | GG18: =SUM(GD18:GF18)*GH18 -> 0 | GH18: 0.5 | GI18: =$GG18*EA18*'Feedstock Conversion Rates'!$B$2 -> 0 | GJ18: =$GG18*EB18*'Feedstock Conversion Rates'!$B$3 -> 0 | GK18: =$GG18*EC18*'Feedstock Conversion Rates'!$B$4 -> 0 | GL18: =$GG18*ED18*'Feedstock Conversion Rates'!$B$5 -> 0 | GM18: =$GG18*EE18*'Feedstock Conversion Rates'!$B$5 -> 0 | GN18: =$GG18*EF18*'Feedstock Conversion Rates'!$B$7 -> 0 | GO18: =$GG18*EG18*'Feedstock Conversion Rates'!$B$7 -> 0 | GP18: =$GG18*EH18*'Feedstock Conversion Rates'!B15 -> 0 | GQ18: =SUM(GI18:GP18) -> 0 | GT18: =(GI18+FB18+EK18)/SUM($ES18,$FJ18,$GQ18) -> 0.17762872 | GU18: =(GJ18+FC18+EL18)/SUM($ES18,$FJ18,$GQ18) -> 0.32833813 | GV18: =(GK18+FD18+EM18)/SUM($ES18,$FJ18,$GQ18) -> 0 | GW18: =(GL18+FE18+EN18)/SUM($ES18,$FJ18,$GQ18) -> 0 | GX18: =(GM18+FF18+EO18)/SUM($ES18,$FJ18,$GQ18) -> 0 | GY18: =(GN18+FG18+EP18)/SUM($ES18,$FJ18,$GQ18) -> 0.37659747 | GZ18: =(GO18+FH18+EQ18)/SUM($ES18,$FJ18,$GQ18) -> 0.11743568 | HA18: =(GP18+FI18+ER18)/SUM($ES18,$FJ18,$GQ18) -> 0
A19: 41000 | D19: 0 | E19: =('Renewable Diesel'!B28*E$3*'Feedstock Conversion Rates'!$B$2)/12 -> 20.853333 | F19: =('Renewable Diesel'!B28*'RD Feedstock Breakdown'!F$3*'Feedstock Conversion Rates'!B$8)/12 -> 12.5 | G19: =('Renewable Diesel'!B28*'RD Feedstock Breakdown'!G$3*'Feedstock Conversion Rates'!B$7)/12 -> 40.848 | H19: =('Renewable Diesel'!B28*'RD Feedstock Breakdown'!H$3*'Feedstock Conversion Rates'!B$3)/12 -> 40.9044 | I19: =SUM(B19:H19) -> 115.10573 | DP19: =E19+M19 -> 20.853333 | DQ19: =H19+P19+AZ19+BC19+BK19+BZ19+CL19+CP19+CV19+CX19+DA19+DK19 -> 40.9044 | DR19: =AD19+AK19+AM19+AP19+AV19+AY19+BB19+BF19+BJ19+Y19+B19+BO19+BQ19+BW19+CB19+CE19+CG19+CJ19+BT19+CN19+CR19+CT19+DF19+DH19+AS19+J19+U19+AH19 -> 0 | DT19: =V19+Z19+AE19+AI19+BD19+BL19+AN19+AQ19+CD19+CM19+CQ19+CY19+DB19+DL19 -> 0 | DU19: =G19+O19+R19+AA19+AW19+BH19+BM19+BR19+BU19+BY19 -> 40.848 | DV19: =F19+N19+W19+DM19 -> 12.5 | DW19: =D19+L19 -> 0 | DX19: =SUM(DP19:DW19) -> 115.10573 | DY19: =I19+Q19+S19+X19+AB19+AF19+AJ19+AL19+AO19+AR19+AU19+AX19+BA19+BE19+BG19+BI19+BN19-DX19+BP19+BS19+BV19+CA19+CC19+CF19+CH19+CK19+CO19+CS19+CU19+CW19+CZ19+DN19+DG19+DI19 -> 1.4210855e-14 | EA19: =DP19/$DX19 -> 0.18116676 | EB19: =DQ19/$DX19 -> 0.35536371 | EC19: =DR19/$DX19 -> 0 | EE19: =DT19/$DX19 -> 0 | EF19: =DU19/$DX19 -> 0.35487372 | EG19: =DV19/$DX19 -> 0.10859581 | EH19: =DW19/DX19 -> 0 | EI19: =SUM(EA19:EG19) -> 1 | EK19: =EA19*'Renewable Diesel'!BF28*'Feedstock Conversion Rates'!B$2 -> 4.9000883 | EL19: =EB19*'Renewable Diesel'!BF28*'Feedstock Conversion Rates'!B$3 -> 9.0575771 | EM19: =EC19*'Renewable Diesel'!BF28*'Feedstock Conversion Rates'!B$4 -> 0 | EO19: =EE19*'Renewable Diesel'!BF28*'Feedstock Conversion Rates'!B$6 -> 0 | EP19: =EF19*'Renewable Diesel'!BF28*'Feedstock Conversion Rates'!B$7 -> 10.388865 | EQ19: =EG19*'Renewable Diesel'!BF28*'Feedstock Conversion Rates'!B$8 -> 3.2395955 | ER19: =EH19*'Renewable Diesel'!BF28*'Feedstock Conversion Rates'!B$9 -> 0 | ES19: =SUM(EK19:ER19) -> 27.586126 | EW19: =EN19+EM19 -> 0 | EX19: =EQ19+EO19+EL19+EK19+ER19+EP19 -> 27.586126 | EY19: =EW19/$ES19 -> 0 | EZ19: =EX19/$ES19 -> 1 | GD19: ='Renewable Diesel'!BB28*0 -> 0 | GE19: ='Renewable Diesel'!BC28 -> 0 | GF19: ='Renewable Diesel'!BD28 -> 0 | GG19: =SUM(GD19:GF19)*GH19 -> 0 | GH19: 0.5 | GI19: =$GG19*EA19*'Feedstock Conversion Rates'!$B$2 -> 0 | GJ19: =$GG19*EB19*'Feedstock Conversion Rates'!$B$3 -> 0 | GK19: =$GG19*EC19*'Feedstock Conversion Rates'!$B$4 -> 0 | GL19: =$GG19*ED19*'Feedstock Conversion Rates'!$B$5 -> 0 | GM19: =$GG19*EE19*'Feedstock Conversion Rates'!$B$5 -> 0 | GN19: =$GG19*EF19*'Feedstock Conversion Rates'!$B$7 -> 0 | GO19: =$GG19*EG19*'Feedstock Conversion Rates'!$B$7 -> 0 | GP19: =$GG19*EH19*'Feedstock Conversion Rates'!B16 -> 0 | GQ19: =SUM(GI19:GP19) -> 0 | GT19: =(GI19+FB19+EK19)/SUM($ES19,$FJ19,$GQ19) -> 0.17762872 | GU19: =(GJ19+FC19+EL19)/SUM($ES19,$FJ19,$GQ19) -> 0.32833813 | GV19: =(GK19+FD19+EM19)/SUM($ES19,$FJ19,$GQ19) -> 0 | GW19: =(GL19+FE19+EN19)/SUM($ES19,$FJ19,$GQ19) -> 0 | GX19: =(GM19+FF19+EO19)/SUM($ES19,$FJ19,$GQ19) -> 0 | GY19: =(GN19+FG19+EP19)/SUM($ES19,$FJ19,$GQ19) -> 0.37659747 | GZ19: =(GO19+FH19+EQ19)/SUM($ES19,$FJ19,$GQ19) -> 0.11743568 | HA19: =(GP19+FI19+ER19)/SUM($ES19,$FJ19,$GQ19) -> 0
A20: 41030 | D20: 0 | E20: =('Renewable Diesel'!B29*E$3*'Feedstock Conversion Rates'!$B$2)/12 -> 20.853333 | F20: =('Renewable Diesel'!B29*'RD Feedstock Breakdown'!F$3*'Feedstock Conversion Rates'!B$8)/12 -> 12.5 | G20: =('Renewable Diesel'!B29*'RD Feedstock Breakdown'!G$3*'Feedstock Conversion Rates'!B$7)/12 -> 40.848 | H20: =('Renewable Diesel'!B29*'RD Feedstock Breakdown'!H$3*'Feedstock Conversion Rates'!B$3)/12 -> 40.9044 | I20: =SUM(B20:H20) -> 115.10573 | DP20: =E20+M20 -> 20.853333 | DQ20: =H20+P20+AZ20+BC20+BK20+BZ20+CL20+CP20+CV20+CX20+DA20+DK20 -> 40.9044 | DR20: =AD20+AK20+AM20+AP20+AV20+AY20+BB20+BF20+BJ20+Y20+B20+BO20+BQ20+BW20+CB20+CE20+CG20+CJ20+BT20+CN20+CR20+CT20+DF20+DH20+AS20+J20+U20+AH20 -> 0 | DT20: =V20+Z20+AE20+AI20+BD20+BL20+AN20+AQ20+CD20+CM20+CQ20+CY20+DB20+DL20 -> 0 | DU20: =G20+O20+R20+AA20+AW20+BH20+BM20+BR20+BU20+BY20 -> 40.848 | DV20: =F20+N20+W20+DM20 -> 12.5 | DW20: =D20+L20 -> 0 | DX20: =SUM(DP20:DW20) -> 115.10573 | DY20: =I20+Q20+S20+X20+AB20+AF20+AJ20+AL20+AO20+AR20+AU20+AX20+BA20+BE20+BG20+BI20+BN20-DX20+BP20+BS20+BV20+CA20+CC20+CF20+CH20+CK20+CO20+CS20+CU20+CW20+CZ20+DN20+DG20+DI20 -> 1.4210855e-14 | EA20: =DP20/$DX20 -> 0.18116676 | EB20: =DQ20/$DX20 -> 0.35536371 | EC20: =DR20/$DX20 -> 0 | EE20: =DT20/$DX20 -> 0 | EF20: =DU20/$DX20 -> 0.35487372 | EG20: =DV20/$DX20 -> 0.10859581 | EH20: =DW20/DX20 -> 0 | EI20: =SUM(EA20:EG20) -> 1 | EK20: =EA20*'Renewable Diesel'!BF29*'Feedstock Conversion Rates'!B$2 -> 5.1706518 | EL20: =EB20*'Renewable Diesel'!BF29*'Feedstock Conversion Rates'!B$3 -> 9.5577007 | EM20: =EC20*'Renewable Diesel'!BF29*'Feedstock Conversion Rates'!B$4 -> 0 | EO20: =EE20*'Renewable Diesel'!BF29*'Feedstock Conversion Rates'!B$6 -> 0 | EP20: =EF20*'Renewable Diesel'!BF29*'Feedstock Conversion Rates'!B$7 -> 10.962498 | EQ20: =EG20*'Renewable Diesel'!BF29*'Feedstock Conversion Rates'!B$8 -> 3.4184732 | ER20: =EH20*'Renewable Diesel'!BF29*'Feedstock Conversion Rates'!B$9 -> 0 | ES20: =SUM(EK20:ER20) -> 29.109323 | EW20: =EN20+EM20 -> 0 | EX20: =EQ20+EO20+EL20+EK20+ER20+EP20 -> 29.109323 | EY20: =EW20/$ES20 -> 0 | EZ20: =EX20/$ES20 -> 1 | GD20: ='Renewable Diesel'!BB29*0 -> 0 | GE20: ='Renewable Diesel'!BC29 -> 0 | GF20: ='Renewable Diesel'!BD29 -> 0 | GG20: =SUM(GD20:GF20)*GH20 -> 0 | GH20: 0.5 | GI20: =$GG20*EA20*'Feedstock Conversion Rates'!$B$2 -> 0 | GJ20: =$GG20*EB20*'Feedstock Conversion Rates'!$B$3 -> 0 | GK20: =$GG20*EC20*'Feedstock Conversion Rates'!$B$4 -> 0 | GL20: =$GG20*ED20*'Feedstock Conversion Rates'!$B$5 -> 0 | GM20: =$GG20*EE20*'Feedstock Conversion Rates'!$B$5 -> 0 | GN20: =$GG20*EF20*'Feedstock Conversion Rates'!$B$7 -> 0 | GO20: =$GG20*EG20*'Feedstock Conversion Rates'!$B$7 -> 0 | GP20: =$GG20*EH20*'Feedstock Conversion Rates'!B17 -> 0 | GQ20: =SUM(GI20:GP20) -> 0 | GT20: =(GI20+FB20+EK20)/SUM($ES20,$FJ20,$GQ20) -> 0.17762872 | GU20: =(GJ20+FC20+EL20)/SUM($ES20,$FJ20,$GQ20) -> 0.32833813 | GV20: =(GK20+FD20+EM20)/SUM($ES20,$FJ20,$GQ20) -> 0 | GW20: =(GL20+FE20+EN20)/SUM($ES20,$FJ20,$GQ20) -> 0 | GX20: =(GM20+FF20+EO20)/SUM($ES20,$FJ20,$GQ20) -> 0 | GY20: =(GN20+FG20+EP20)/SUM($ES20,$FJ20,$GQ20) -> 0.37659747 | GZ20: =(GO20+FH20+EQ20)/SUM($ES20,$FJ20,$GQ20) -> 0.11743568 | HA20: =(GP20+FI20+ER20)/SUM($ES20,$FJ20,$GQ20) -> 0
A21: 41061 | D21: 0 | E21: =('Renewable Diesel'!B30*E$3*'Feedstock Conversion Rates'!$B$2)/12 -> 20.853333 | F21: =('Renewable Diesel'!B30*'RD Feedstock Breakdown'!F$3*'Feedstock Conversion Rates'!B$8)/12 -> 12.5 | G21: =('Renewable Diesel'!B30*'RD Feedstock Breakdown'!G$3*'Feedstock Conversion Rates'!B$7)/12 -> 40.848 | H21: =('Renewable Diesel'!B30*'RD Feedstock Breakdown'!H$3*'Feedstock Conversion Rates'!B$3)/12 -> 40.9044 | I21: =SUM(B21:H21) -> 115.10573 | DP21: =E21+M21 -> 20.853333 | DQ21: =H21+P21+AZ21+BC21+BK21+BZ21+CL21+CP21+CV21+CX21+DA21+DK21 -> 40.9044 | DR21: =AD21+AK21+AM21+AP21+AV21+AY21+BB21+BF21+BJ21+Y21+B21+BO21+BQ21+BW21+CB21+CE21+CG21+CJ21+BT21+CN21+CR21+CT21+DF21+DH21+AS21+J21+U21+AH21 -> 0 | DT21: =V21+Z21+AE21+AI21+BD21+BL21+AN21+AQ21+CD21+CM21+CQ21+CY21+DB21+DL21 -> 0 | DU21: =G21+O21+R21+AA21+AW21+BH21+BM21+BR21+BU21+BY21 -> 40.848 | DV21: =F21+N21+W21+DM21 -> 12.5 | DW21: =D21+L21 -> 0 | DX21: =SUM(DP21:DW21) -> 115.10573 | DY21: =I21+Q21+S21+X21+AB21+AF21+AJ21+AL21+AO21+AR21+AU21+AX21+BA21+BE21+BG21+BI21+BN21-DX21+BP21+BS21+BV21+CA21+CC21+CF21+CH21+CK21+CO21+CS21+CU21+CW21+CZ21+DN21+DG21+DI21 -> 1.4210855e-14 | EA21: =DP21/$DX21 -> 0.18116676 | EB21: =DQ21/$DX21 -> 0.35536371 | EC21: =DR21/$DX21 -> 0 | EE21: =DT21/$DX21 -> 0 | EF21: =DU21/$DX21 -> 0.35487372 | EG21: =DV21/$DX21 -> 0.10859581 | EH21: =DW21/DX21 -> 0 | EI21: =SUM(EA21:EG21) -> 1 | EK21: =EA21*'Renewable Diesel'!BF30*'Feedstock Conversion Rates'!B$2 -> 4.7463245 | EL21: =EB21*'Renewable Diesel'!BF30*'Feedstock Conversion Rates'!B$3 -> 8.7733521 | EM21: =EC21*'Renewable Diesel'!BF30*'Feedstock Conversion Rates'!B$4 -> 0 | EO21: =EE21*'Renewable Diesel'!BF30*'Feedstock Conversion Rates'!B$6 -> 0 | EP21: =EF21*'Renewable Diesel'!BF30*'Feedstock Conversion Rates'!B$7 -> 10.062865 | EQ21: =EG21*'Renewable Diesel'!BF30*'Feedstock Conversion Rates'!B$8 -> 3.1379376 | ER21: =EH21*'Renewable Diesel'!BF30*'Feedstock Conversion Rates'!B$9 -> 0 | ES21: =SUM(EK21:ER21) -> 26.720479 | EW21: =EN21+EM21 -> 0 | EX21: =EQ21+EO21+EL21+EK21+ER21+EP21 -> 26.720479 | EY21: =EW21/$ES21 -> 0 | EZ21: =EX21/$ES21 -> 1 | GD21: ='Renewable Diesel'!BB30*0 -> 0 | GE21: ='Renewable Diesel'!BC30 -> 0 | GF21: ='Renewable Diesel'!BD30 -> 0 | GG21: =SUM(GD21:GF21)*GH21 -> 0 | GH21: 0.5 | GI21: =$GG21*EA21*'Feedstock Conversion Rates'!$B$2 -> 0 | GJ21: =$GG21*EB21*'Feedstock Conversion Rates'!$B$3 -> 0 | GK21: =$GG21*EC21*'Feedstock Conversion Rates'!$B$4 -> 0 | GL21: =$GG21*ED21*'Feedstock Conversion Rates'!$B$5 -> 0 | GM21: =$GG21*EE21*'Feedstock Conversion Rates'!$B$5 -> 0 | GN21: =$GG21*EF21*'Feedstock Conversion Rates'!$B$7 -> 0 | GO21: =$GG21*EG21*'Feedstock Conversion Rates'!$B$7 -> 0 | GP21: =$GG21*EH21*'Feedstock Conversion Rates'!B18 -> 0 | GQ21: =SUM(GI21:GP21) -> 0 | GT21: =(GI21+FB21+EK21)/SUM($ES21,$FJ21,$GQ21) -> 0.17762872 | GU21: =(GJ21+FC21+EL21)/SUM($ES21,$FJ21,$GQ21) -> 0.32833813 | GV21: =(GK21+FD21+EM21)/SUM($ES21,$FJ21,$GQ21) -> 0 | GW21: =(GL21+FE21+EN21)/SUM($ES21,$FJ21,$GQ21) -> 0 | GX21: =(GM21+FF21+EO21)/SUM($ES21,$FJ21,$GQ21) -> 0 | GY21: =(GN21+FG21+EP21)/SUM($ES21,$FJ21,$GQ21) -> 0.37659747 | GZ21: =(GO21+FH21+EQ21)/SUM($ES21,$FJ21,$GQ21) -> 0.11743568 | HA21: =(GP21+FI21+ER21)/SUM($ES21,$FJ21,$GQ21) -> 0
A22: 41091 | D22: 0 | E22: =('Renewable Diesel'!B31*E$3*'Feedstock Conversion Rates'!$B$2)/12 -> 20.853333 | F22: =('Renewable Diesel'!B31*'RD Feedstock Breakdown'!F$3*'Feedstock Conversion Rates'!B$8)/12 -> 12.5 | G22: =('Renewable Diesel'!B31*'RD Feedstock Breakdown'!G$3*'Feedstock Conversion Rates'!B$7)/12 -> 40.848 | H22: =('Renewable Diesel'!B31*'RD Feedstock Breakdown'!H$3*'Feedstock Conversion Rates'!B$3)/12 -> 40.9044 | I22: =SUM(B22:H22) -> 115.10573 | DP22: =E22+M22 -> 20.853333 | DQ22: =H22+P22+AZ22+BC22+BK22+BZ22+CL22+CP22+CV22+CX22+DA22+DK22 -> 40.9044 | DR22: =AD22+AK22+AM22+AP22+AV22+AY22+BB22+BF22+BJ22+Y22+B22+BO22+BQ22+BW22+CB22+CE22+CG22+CJ22+BT22+CN22+CR22+CT22+DF22+DH22+AS22+J22+U22+AH22 -> 0 | DT22: =V22+Z22+AE22+AI22+BD22+BL22+AN22+AQ22+CD22+CM22+CQ22+CY22+DB22+DL22 -> 0 | DU22: =G22+O22+R22+AA22+AW22+BH22+BM22+BR22+BU22+BY22 -> 40.848 | DV22: =F22+N22+W22+DM22 -> 12.5 | DW22: =D22+L22 -> 0 | DX22: =SUM(DP22:DW22) -> 115.10573 | DY22: =I22+Q22+S22+X22+AB22+AF22+AJ22+AL22+AO22+AR22+AU22+AX22+BA22+BE22+BG22+BI22+BN22-DX22+BP22+BS22+BV22+CA22+CC22+CF22+CH22+CK22+CO22+CS22+CU22+CW22+CZ22+DN22+DG22+DI22 -> 1.4210855e-14 | EA22: =DP22/$DX22 -> 0.18116676 | EB22: =DQ22/$DX22 -> 0.35536371 | EC22: =DR22/$DX22 -> 0 | EE22: =DT22/$DX22 -> 0 | EF22: =DU22/$DX22 -> 0.35487372 | EG22: =DV22/$DX22 -> 0.10859581 | EH22: =DW22/DX22 -> 0 | EI22: =SUM(EA22:EG22) -> 1 | EK22: =EA22*'Renewable Diesel'!BF31*'Feedstock Conversion Rates'!B$2 -> 8.8148835 | EL22: =EB22*'Renewable Diesel'!BF31*'Feedstock Conversion Rates'!B$3 -> 16.293887 | EM22: =EC22*'Renewable Diesel'!BF31*'Feedstock Conversion Rates'!B$4 -> 0 | EO22: =EE22*'Renewable Diesel'!BF31*'Feedstock Conversion Rates'!B$6 -> 0 | EP22: =EF22*'Renewable Diesel'!BF31*'Feedstock Conversion Rates'!B$7 -> 18.688773 | EQ22: =EG22*'Renewable Diesel'!BF31*'Feedstock Conversion Rates'!B$8 -> 5.8277841 | ER22: =EH22*'Renewable Diesel'!BF31*'Feedstock Conversion Rates'!B$9 -> 0 | ES22: =SUM(EK22:ER22) -> 49.625328 | EW22: =EN22+EM22 -> 0 | EX22: =EQ22+EO22+EL22+EK22+ER22+EP22 -> 49.625328 | EY22: =EW22/$ES22 -> 0 | EZ22: =EX22/$ES22 -> 1 | GD22: ='Renewable Diesel'!BB31*0 -> 0 | GE22: ='Renewable Diesel'!BC31 -> 0 | GF22: ='Renewable Diesel'!BD31 -> 0 | GG22: =SUM(GD22:GF22)*GH22 -> 0 | GH22: 0.5 | GI22: =$GG22*EA22*'Feedstock Conversion Rates'!$B$2 -> 0 | GJ22: =$GG22*EB22*'Feedstock Conversion Rates'!$B$3 -> 0 | GK22: =$GG22*EC22*'Feedstock Conversion Rates'!$B$4 -> 0 | GL22: =$GG22*ED22*'Feedstock Conversion Rates'!$B$5 -> 0 | GM22: =$GG22*EE22*'Feedstock Conversion Rates'!$B$5 -> 0 | GN22: =$GG22*EF22*'Feedstock Conversion Rates'!$B$7 -> 0 | GO22: =$GG22*EG22*'Feedstock Conversion Rates'!$B$7 -> 0 | GP22: =$GG22*EH22*'Feedstock Conversion Rates'!B19 -> 0 | GQ22: =SUM(GI22:GP22) -> 0 | GT22: =(GI22+FB22+EK22)/SUM($ES22,$FJ22,$GQ22) -> 0.17762872 | GU22: =(GJ22+FC22+EL22)/SUM($ES22,$FJ22,$GQ22) -> 0.32833813 | GV22: =(GK22+FD22+EM22)/SUM($ES22,$FJ22,$GQ22) -> 0 | GW22: =(GL22+FE22+EN22)/SUM($ES22,$FJ22,$GQ22) -> 0 | GX22: =(GM22+FF22+EO22)/SUM($ES22,$FJ22,$GQ22) -> 0 | GY22: =(GN22+FG22+EP22)/SUM($ES22,$FJ22,$GQ22) -> 0.37659747 | GZ22: =(GO22+FH22+EQ22)/SUM($ES22,$FJ22,$GQ22) -> 0.11743568 | HA22: =(GP22+FI22+ER22)/SUM($ES22,$FJ22,$GQ22) -> 0
A23: 41122 | D23: 0 | E23: =('Renewable Diesel'!B32*E$3*'Feedstock Conversion Rates'!$B$2)/12 -> 20.853333 | F23: =('Renewable Diesel'!B32*'RD Feedstock Breakdown'!F$3*'Feedstock Conversion Rates'!B$8)/12 -> 12.5 | G23: =('Renewable Diesel'!B32*'RD Feedstock Breakdown'!G$3*'Feedstock Conversion Rates'!B$7)/12 -> 40.848 | H23: =('Renewable Diesel'!B32*'RD Feedstock Breakdown'!H$3*'Feedstock Conversion Rates'!B$3)/12 -> 40.9044 | I23: =SUM(B23:H23) -> 115.10573 | DP23: =E23+M23 -> 20.853333 | DQ23: =H23+P23+AZ23+BC23+BK23+BZ23+CL23+CP23+CV23+CX23+DA23+DK23 -> 40.9044 | DR23: =AD23+AK23+AM23+AP23+AV23+AY23+BB23+BF23+BJ23+Y23+B23+BO23+BQ23+BW23+CB23+CE23+CG23+CJ23+BT23+CN23+CR23+CT23+DF23+DH23+AS23+J23+U23+AH23 -> 0 | DT23: =V23+Z23+AE23+AI23+BD23+BL23+AN23+AQ23+CD23+CM23+CQ23+CY23+DB23+DL23 -> 0 | DU23: =G23+O23+R23+AA23+AW23+BH23+BM23+BR23+BU23+BY23 -> 40.848 | DV23: =F23+N23+W23+DM23 -> 12.5 | DW23: =D23+L23 -> 0 | DX23: =SUM(DP23:DW23) -> 115.10573 | DY23: =I23+Q23+S23+X23+AB23+AF23+AJ23+AL23+AO23+AR23+AU23+AX23+BA23+BE23+BG23+BI23+BN23-DX23+BP23+BS23+BV23+CA23+CC23+CF23+CH23+CK23+CO23+CS23+CU23+CW23+CZ23+DN23+DG23+DI23 -> 1.4210855e-14 | EA23: =DP23/$DX23 -> 0.18116676 | EB23: =DQ23/$DX23 -> 0.35536371 | EC23: =DR23/$DX23 -> 0 | EE23: =DT23/$DX23 -> 0 | EF23: =DU23/$DX23 -> 0.35487372 | EG23: =DV23/$DX23 -> 0.10859581 | EH23: =DW23/DX23 -> 0 | EI23: =SUM(EA23:EG23) -> 1 | EK23: =EA23*'Renewable Diesel'!BF32*'Feedstock Conversion Rates'!B$2 -> 6.5408812 | EL23: =EB23*'Renewable Diesel'!BF32*'Feedstock Conversion Rates'!B$3 -> 12.090504 | EM23: =EC23*'Renewable Diesel'!BF32*'Feedstock Conversion Rates'!B$4 -> 0 | EO23: =EE23*'Renewable Diesel'!BF32*'Feedstock Conversion Rates'!B$6 -> 0 | EP23: =EF23*'Renewable Diesel'!BF32*'Feedstock Conversion Rates'!B$7 -> 13.867573 | EQ23: =EG23*'Renewable Diesel'!BF32*'Feedstock Conversion Rates'!B$8 -> 4.3243729 | ER23: =EH23*'Renewable Diesel'!BF32*'Feedstock Conversion Rates'!B$9 -> 0 | ES23: =SUM(EK23:ER23) -> 36.823331 | EW23: =EN23+EM23 -> 0 | EX23: =EQ23+EO23+EL23+EK23+ER23+EP23 -> 36.823331 | EY23: =EW23/$ES23 -> 0 | EZ23: =EX23/$ES23 -> 1 | GD23: ='Renewable Diesel'!BB32*0 -> 0 | GE23: ='Renewable Diesel'!BC32 -> 0 | GF23: ='Renewable Diesel'!BD32 -> 0 | GG23: =SUM(GD23:GF23)*GH23 -> 0 | GH23: 0.5 | GI23: =$GG23*EA23*'Feedstock Conversion Rates'!$B$2 -> 0 | GJ23: =$GG23*EB23*'Feedstock Conversion Rates'!$B$3 -> 0 | GK23: =$GG23*EC23*'Feedstock Conversion Rates'!$B$4 -> 0 | GL23: =$GG23*ED23*'Feedstock Conversion Rates'!$B$5 -> 0 | GM23: =$GG23*EE23*'Feedstock Conversion Rates'!$B$5 -> 0 | GN23: =$GG23*EF23*'Feedstock Conversion Rates'!$B$7 -> 0 | GO23: =$GG23*EG23*'Feedstock Conversion Rates'!$B$7 -> 0 | GP23: =$GG23*EH23*'Feedstock Conversion Rates'!B20 -> 0 | GQ23: =SUM(GI23:GP23) -> 0 | GT23: =(GI23+FB23+EK23)/SUM($ES23,$FJ23,$GQ23) -> 0.17762872 | GU23: =(GJ23+FC23+EL23)/SUM($ES23,$FJ23,$GQ23) -> 0.32833813 | GV23: =(GK23+FD23+EM23)/SUM($ES23,$FJ23,$GQ23) -> 0 | GW23: =(GL23+FE23+EN23)/SUM($ES23,$FJ23,$GQ23) -> 0 | GX23: =(GM23+FF23+EO23)/SUM($ES23,$FJ23,$GQ23) -> 0 | GY23: =(GN23+FG23+EP23)/SUM($ES23,$FJ23,$GQ23) -> 0.37659747 | GZ23: =(GO23+FH23+EQ23)/SUM($ES23,$FJ23,$GQ23) -> 0.11743568 | HA23: =(GP23+FI23+ER23)/SUM($ES23,$FJ23,$GQ23) -> 0
A24: 41153 | D24: 0 | E24: =('Renewable Diesel'!B33*E$3*'Feedstock Conversion Rates'!$B$2)/12 -> 20.853333 | F24: =('Renewable Diesel'!B33*'RD Feedstock Breakdown'!F$3*'Feedstock Conversion Rates'!B$8)/12 -> 12.5 | G24: =('Renewable Diesel'!B33*'RD Feedstock Breakdown'!G$3*'Feedstock Conversion Rates'!B$7)/12 -> 40.848 | H24: =('Renewable Diesel'!B33*'RD Feedstock Breakdown'!H$3*'Feedstock Conversion Rates'!B$3)/12 -> 40.9044 | I24: =SUM(B24:H24) -> 115.10573 | DP24: =E24+M24 -> 20.853333 | DQ24: =H24+P24+AZ24+BC24+BK24+BZ24+CL24+CP24+CV24+CX24+DA24+DK24 -> 40.9044 | DR24: =AD24+AK24+AM24+AP24+AV24+AY24+BB24+BF24+BJ24+Y24+B24+BO24+BQ24+BW24+CB24+CE24+CG24+CJ24+BT24+CN24+CR24+CT24+DF24+DH24+AS24+J24+U24+AH24 -> 0 | DT24: =V24+Z24+AE24+AI24+BD24+BL24+AN24+AQ24+CD24+CM24+CQ24+CY24+DB24+DL24 -> 0 | DU24: =G24+O24+R24+AA24+AW24+BH24+BM24+BR24+BU24+BY24 -> 40.848 | DV24: =F24+N24+W24+DM24 -> 12.5 | DW24: =D24+L24 -> 0 | DX24: =SUM(DP24:DW24) -> 115.10573 | DY24: =I24+Q24+S24+X24+AB24+AF24+AJ24+AL24+AO24+AR24+AU24+AX24+BA24+BE24+BG24+BI24+BN24-DX24+BP24+BS24+BV24+CA24+CC24+CF24+CH24+CK24+CO24+CS24+CU24+CW24+CZ24+DN24+DG24+DI24 -> 1.4210855e-14 | EA24: =DP24/$DX24 -> 0.18116676 | EB24: =DQ24/$DX24 -> 0.35536371 | EC24: =DR24/$DX24 -> 0 | EE24: =DT24/$DX24 -> 0 | EF24: =DU24/$DX24 -> 0.35487372 | EG24: =DV24/$DX24 -> 0.10859581 | EH24: =DW24/DX24 -> 0 | EI24: =SUM(EA24:EG24) -> 1 | EK24: =EA24*'Renewable Diesel'!BF33*'Feedstock Conversion Rates'!B$2 -> 4.155917 | EL24: =EB24*'Renewable Diesel'!BF33*'Feedstock Conversion Rates'!B$3 -> 7.6820123 | EM24: =EC24*'Renewable Diesel'!BF33*'Feedstock Conversion Rates'!B$4 -> 0 | EO24: =EE24*'Renewable Diesel'!BF33*'Feedstock Conversion Rates'!B$6 -> 0 | EP24: =EF24*'Renewable Diesel'!BF33*'Feedstock Conversion Rates'!B$7 -> 8.8111193 | EQ24: =EG24*'Renewable Diesel'!BF33*'Feedstock Conversion Rates'!B$8 -> 2.7476015 | ER24: =EH24*'Renewable Diesel'!BF33*'Feedstock Conversion Rates'!B$9 -> 0 | ES24: =SUM(EK24:ER24) -> 23.39665 | EW24: =EN24+EM24 -> 0 | EX24: =EQ24+EO24+EL24+EK24+ER24+EP24 -> 23.39665 | EY24: =EW24/$ES24 -> 0 | EZ24: =EX24/$ES24 -> 1 | GD24: ='Renewable Diesel'!BB33*0 -> 0 | GE24: ='Renewable Diesel'!BC33 -> 0 | GF24: ='Renewable Diesel'!BD33 -> 0 | GG24: =SUM(GD24:GF24)*GH24 -> 0 | GH24: 0.5 | GI24: =$GG24*EA24*'Feedstock Conversion Rates'!$B$2 -> 0 | GJ24: =$GG24*EB24*'Feedstock Conversion Rates'!$B$3 -> 0 | GK24: =$GG24*EC24*'Feedstock Conversion Rates'!$B$4 -> 0 | GL24: =$GG24*ED24*'Feedstock Conversion Rates'!$B$5 -> 0 | GM24: =$GG24*EE24*'Feedstock Conversion Rates'!$B$5 -> 0 | GN24: =$GG24*EF24*'Feedstock Conversion Rates'!$B$7 -> 0 | GO24: =$GG24*EG24*'Feedstock Conversion Rates'!$B$7 -> 0 | GP24: =$GG24*EH24*'Feedstock Conversion Rates'!B21 -> 0 | GQ24: =SUM(GI24:GP24) -> 0 | GT24: =(GI24+FB24+EK24)/SUM($ES24,$FJ24,$GQ24) -> 0.17762872 | GU24: =(GJ24+FC24+EL24)/SUM($ES24,$FJ24,$GQ24) -> 0.32833813 | GV24: =(GK24+FD24+EM24)/SUM($ES24,$FJ24,$GQ24) -> 0 | GW24: =(GL24+FE24+EN24)/SUM($ES24,$FJ24,$GQ24) -> 0 | GX24: =(GM24+FF24+EO24)/SUM($ES24,$FJ24,$GQ24) -> 0 | GY24: =(GN24+FG24+EP24)/SUM($ES24,$FJ24,$GQ24) -> 0.37659747 | GZ24: =(GO24+FH24+EQ24)/SUM($ES24,$FJ24,$GQ24) -> 0.11743568 | HA24: =(GP24+FI24+ER24)/SUM($ES24,$FJ24,$GQ24) -> 0
... A49: 41913 | D49: 0 | E49: =('Renewable Diesel'!B58*E$3*'Feedstock Conversion Rates'!$B$2)/12 -> 20.853333 | F49: =('Renewable Diesel'!B58*'RD Feedstock Breakdown'!F$3*'Feedstock Conversion Rates'!B$8)/12 -> 12.5 | G49: =('Renewable Diesel'!B58*'RD Feedstock Breakdown'!G$3*'Feedstock Conversion Rates'!B$7)/12 -> 40.848 | H49: =('Renewable Diesel'!B58*'RD Feedstock Breakdown'!H$3*'Feedstock Conversion Rates'!B$3)/12 -> 40.9044 | I49: =SUM(B49:H49) -> 115.10573 | DP49: =E49+M49 -> 20.853333 | DQ49: =H49+P49+AZ49+BC49+BK49+BZ49+CL49+CP49+CV49+CX49+DA49+DK49 -> 40.9044 | DR49: =AD49+AK49+AM49+AP49+AV49+AY49+BB49+BF49+BJ49+Y49+B49+BO49+BQ49+BW49+CB49+CE49+CG49+CJ49+BT49+CN49+CR49+CT49+DF49+DH49+AS49+J49+U49+AH49 -> 0 | DT49: =V49+Z49+AE49+AI49+BD49+BL49+AN49+AQ49+CD49+CM49+CQ49+CY49+DB49+DL49 -> 0 | DU49: =G49+O49+R49+AA49+AW49+BH49+BM49+BR49+BU49+BY49 -> 40.848 | DV49: =F49+N49+W49+DM49 -> 12.5 | DW49: =D49+L49 -> 0 | DX49: =SUM(DP49:DW49) -> 115.10573 | DY49: =I49+Q49+S49+X49+AB49+AF49+AJ49+AL49+AO49+AR49+AU49+AX49+BA49+BE49+BG49+BI49+BN49-DX49+BP49+BS49+BV49+CA49+CC49+CF49+CH49+CK49+CO49+CS49+CU49+CW49+CZ49+DN49+DG49+DI49 -> 1.4210855e-14 | EA49: =DP49/$DX49 -> 0.18116676 | EB49: =DQ49/$DX49 -> 0.35536371 | EC49: =DR49/$DX49 -> 0 | EE49: =DT49/$DX49 -> 0 | EF49: =DU49/$DX49 -> 0.35487372 | EG49: =DV49/$DX49 -> 0.10859581 | EH49: =DW49/DX49 -> 0 | EI49: =SUM(EA49:EG49) -> 1 | EK49: =EA49*'Renewable Diesel'!BF58*'Feedstock Conversion Rates'!B$2 -> 21.372945 | EL49: =EB49*'Renewable Diesel'!BF58*'Feedstock Conversion Rates'!B$3 -> 39.506858 | EM49: =EC49*'Renewable Diesel'!BF58*'Feedstock Conversion Rates'!B$4 -> 0 | EO49: =EE49*'Renewable Diesel'!BF58*'Feedstock Conversion Rates'!B$6 -> 0 | EP49: =EF49*'Renewable Diesel'!BF58*'Feedstock Conversion Rates'!B$7 -> 45.313601 | EQ49: =EG49*'Renewable Diesel'!BF58*'Feedstock Conversion Rates'!B$8 -> 14.130295 | ER49: =EH49*'Renewable Diesel'!BF58*'Feedstock Conversion Rates'!B$9 -> 0 | ES49: =SUM(EK49:ER49) -> 120.3237 | EW49: =EN49+EM49 -> 0 | EX49: =EQ49+EO49+EL49+EK49+ER49+EP49 -> 120.3237 | EY49: =EW49/$ES49 -> 0 | EZ49: =EX49/$ES49 -> 1 | GD49: ='Renewable Diesel'!BB58*0 -> 0 | GE49: ='Renewable Diesel'!BC58 -> 0 | GF49: ='Renewable Diesel'!BD58 -> 0 | GG49: =SUM(GD49:GF49)*GH49 -> 0 | GH49: 0.5 | GI49: =$GG49*EA49*'Feedstock Conversion Rates'!$B$2 -> 0 | GJ49: =$GG49*EB49*'Feedstock Conversion Rates'!$B$3 -> 0 | GK49: =$GG49*EC49*'Feedstock Conversion Rates'!$B$4 -> 0 | GL49: =$GG49*ED49*'Feedstock Conversion Rates'!$B$5 -> 0 | GM49: =$GG49*EE49*'Feedstock Conversion Rates'!$B$5 -> 0 | GN49: =$GG49*EF49*'Feedstock Conversion Rates'!$B$7 -> 0 | GO49: =$GG49*EG49*'Feedstock Conversion Rates'!$B$7 -> 0 | GP49: =$GG49*EH49*'Feedstock Conversion Rates'!B46 -> 0 | GQ49: =SUM(GI49:GP49) -> 0 | GT49: =(GI49+FB49+EK49)/SUM($ES49,$FJ49,$GQ49) -> 0.17762872 | GU49: =(GJ49+FC49+EL49)/SUM($ES49,$FJ49,$GQ49) -> 0.32833813 | GV49: =(GK49+FD49+EM49)/SUM($ES49,$FJ49,$GQ49) -> 0 | GW49: =(GL49+FE49+EN49)/SUM($ES49,$FJ49,$GQ49) -> 0 | GX49: =(GM49+FF49+EO49)/SUM($ES49,$FJ49,$GQ49) -> 0 | GY49: =(GN49+FG49+EP49)/SUM($ES49,$FJ49,$GQ49) -> 0.37659747 | GZ49: =(GO49+FH49+EQ49)/SUM($ES49,$FJ49,$GQ49) -> 0.11743568 | HA49: =(GP49+FI49+ER49)/SUM($ES49,$FJ49,$GQ49) -> 0
A50: 41944 | D50: 0 | E50: =('Renewable Diesel'!B59*E$3*'Feedstock Conversion Rates'!$B$2)/12 -> 20.853333 | F50: =('Renewable Diesel'!B59*'RD Feedstock Breakdown'!F$3*'Feedstock Conversion Rates'!B$8)/12 -> 12.5 | G50: =('Renewable Diesel'!B59*'RD Feedstock Breakdown'!G$3*'Feedstock Conversion Rates'!B$7)/12 -> 40.848 | H50: =('Renewable Diesel'!B59*'RD Feedstock Breakdown'!H$3*'Feedstock Conversion Rates'!B$3)/12 -> 40.9044 | I50: =SUM(B50:H50) -> 115.10573 | Z50: =('Renewable Diesel'!F59*'RD Feedstock Breakdown'!Z$3*'Feedstock Conversion Rates'!B$6)/12 -> 11.725 | AA50: =('Renewable Diesel'!F59*'RD Feedstock Breakdown'!AA$3*'Feedstock Conversion Rates'!B$7)/12 -> 7.6666667 | AB50: =SUM(Y50:AA50) -> 19.391667 | DP50: =E50+M50 -> 20.853333 | DQ50: =H50+P50+AZ50+BC50+BK50+BZ50+CL50+CP50+CV50+CX50+DA50+DK50 -> 40.9044 | DR50: =AD50+AK50+AM50+AP50+AV50+AY50+BB50+BF50+BJ50+Y50+B50+BO50+BQ50+BW50+CB50+CE50+CG50+CJ50+BT50+CN50+CR50+CT50+DF50+DH50+AS50+J50+U50+AH50 -> 0 | DT50: =V50+Z50+AE50+AI50+BD50+BL50+AN50+AQ50+CD50+CM50+CQ50+CY50+DB50+DL50 -> 11.725 | DU50: =G50+O50+R50+AA50+AW50+BH50+BM50+BR50+BU50+BY50 -> 48.514667 | DV50: =F50+N50+W50+DM50 -> 12.5 | DW50: =D50+L50 -> 0 | DX50: =SUM(DP50:DW50) -> 134.4974 | DY50: =I50+Q50+S50+X50+AB50+AF50+AJ50+AL50+AO50+AR50+AU50+AX50+BA50+BE50+BG50+BI50+BN50-DX50+BP50+BS50+BV50+CA50+CC50+CF50+CH50+CK50+CO50+CS50+CU50+CW50+CZ50+DN50+DG50+DI50 -> 2.8421709e-14 | EA50: =DP50/$DX50 -> 0.15504637 | EB50: =DQ50/$DX50 -> 0.30412781 | EC50: =DR50/$DX50 -> 0 | EE50: =DT50/$DX50 -> 0.087176406 | EF50: =DU50/$DX50 -> 0.36071081 | EG50: =DV50/$DX50 -> 0.0929386 | EH50: =DW50/DX50 -> 0 | EI50: =SUM(EA50:EG50) -> 1 | EK50: =EA50*'Renewable Diesel'!BF59*'Feedstock Conversion Rates'!B$2 -> 21.011708 | EL50: =EB50*'Renewable Diesel'!BF59*'Feedstock Conversion Rates'!B$3 -> 38.839129 | EM50: =EC50*'Renewable Diesel'!BF59*'Feedstock Conversion Rates'!B$4 -> 0 | EO50: =EE50*'Renewable Diesel'!BF59*'Feedstock Conversion Rates'!B$6 -> 13.037149 | EP50: =EF50*'Renewable Diesel'!BF59*'Feedstock Conversion Rates'!B$7 -> 52.908789 | EQ50: =EG50*'Renewable Diesel'!BF59*'Feedstock Conversion Rates'!B$8 -> 13.891471 | ER50: =EH50*'Renewable Diesel'!BF59*'Feedstock Conversion Rates'!B$9 -> 0 | ES50: =SUM(EK50:ER50) -> 139.68825 | EW50: =EN50+EM50 -> 0 | EX50: =EQ50+EO50+EL50+EK50+ER50+EP50 -> 139.68825 | EY50: =EW50/$ES50 -> 0 | EZ50: =EX50/$ES50 -> 1 | GD50: ='Renewable Diesel'!BB59*0 -> 0 | GE50: ='Renewable Diesel'!BC59 -> 0 | GF50: ='Renewable Diesel'!BD59 -> 0 | GG50: =SUM(GD50:GF50)*GH50 -> 0 | GH50: 0.5 | GI50: =$GG50*EA50*'Feedstock Conversion Rates'!$B$2 -> 0 | GJ50: =$GG50*EB50*'Feedstock Conversion Rates'!$B$3 -> 0 | GK50: =$GG50*EC50*'Feedstock Conversion Rates'!$B$4 -> 0 | GL50: =$GG50*ED50*'Feedstock Conversion Rates'!$B$5 -> 0 | GM50: =$GG50*EE50*'Feedstock Conversion Rates'!$B$5 -> 0 | GN50: =$GG50*EF50*'Feedstock Conversion Rates'!$B$7 -> 0 | GO50: =$GG50*EG50*'Feedstock Conversion Rates'!$B$7 -> 0 | GP50: =$GG50*EH50*'Feedstock Conversion Rates'!B47 -> 0 | GQ50: =SUM(GI50:GP50) -> 0 | GT50: =(GI50+FB50+EK50)/SUM($ES50,$FJ50,$GQ50) -> 0.15041858 | GU50: =(GJ50+FC50+EL50)/SUM($ES50,$FJ50,$GQ50) -> 0.2780415 | GV50: =(GK50+FD50+EM50)/SUM($ES50,$FJ50,$GQ50) -> 0 | GW50: =(GL50+FE50+EN50)/SUM($ES50,$FJ50,$GQ50) -> 0 | GX50: =(GM50+FF50+EO50)/SUM($ES50,$FJ50,$GQ50) -> 0.093330323 | GY50: =(GN50+FG50+EP50)/SUM($ES50,$FJ50,$GQ50) -> 0.37876336 | GZ50: =(GO50+FH50+EQ50)/SUM($ES50,$FJ50,$GQ50) -> 0.09944624 | HA50: =(GP50+FI50+ER50)/SUM($ES50,$FJ50,$GQ50) -> 0
A51: 41974 | D51: 0 | E51: =('Renewable Diesel'!B60*E$3*'Feedstock Conversion Rates'!$B$2)/12 -> 20.853333 | F51: =('Renewable Diesel'!B60*'RD Feedstock Breakdown'!F$3*'Feedstock Conversion Rates'!B$8)/12 -> 12.5 | G51: =('Renewable Diesel'!B60*'RD Feedstock Breakdown'!G$3*'Feedstock Conversion Rates'!B$7)/12 -> 40.848 | H51: =('Renewable Diesel'!B60*'RD Feedstock Breakdown'!H$3*'Feedstock Conversion Rates'!B$3)/12 -> 40.9044 | I51: =SUM(B51:H51) -> 115.10573 | Z51: =('Renewable Diesel'!F60*'RD Feedstock Breakdown'!Z$3*'Feedstock Conversion Rates'!B$6)/12 -> 23.45 | AA51: =('Renewable Diesel'!F60*'RD Feedstock Breakdown'!AA$3*'Feedstock Conversion Rates'!B$7)/12 -> 15.333333 | AB51: =SUM(Y51:AA51) -> 38.783333 | DP51: =E51+M51 -> 20.853333 | DQ51: =H51+P51+AZ51+BC51+BK51+BZ51+CL51+CP51+CV51+CX51+DA51+DK51 -> 40.9044 | DR51: =AD51+AK51+AM51+AP51+AV51+AY51+BB51+BF51+BJ51+Y51+B51+BO51+BQ51+BW51+CB51+CE51+CG51+CJ51+BT51+CN51+CR51+CT51+DF51+DH51+AS51+J51+U51+AH51 -> 0 | DT51: =V51+Z51+AE51+AI51+BD51+BL51+AN51+AQ51+CD51+CM51+CQ51+CY51+DB51+DL51 -> 23.45 | DU51: =G51+O51+R51+AA51+AW51+BH51+BM51+BR51+BU51+BY51 -> 56.181333 | DV51: =F51+N51+W51+DM51 -> 12.5 | DW51: =D51+L51 -> 0 | DX51: =SUM(DP51:DW51) -> 153.88907 | DY51: =I51+Q51+S51+X51+AB51+AF51+AJ51+AL51+AO51+AR51+AU51+AX51+BA51+BE51+BG51+BI51+BN51-DX51+BP51+BS51+BV51+CA51+CC51+CF51+CH51+CK51+CO51+CS51+CU51+CW51+CZ51+DN51+DG51+DI51 -> 0 | EA51: =DP51/$DX51 -> 0.13550887 | EB51: =DQ51/$DX51 -> 0.26580446 | EC51: =DR51/$DX51 -> 0 | EE51: =DT51/$DX51 -> 0.1523825 | EF51: =DU51/$DX51 -> 0.36507683 | EG51: =DV51/$DX51 -> 0.081227343 | EH51: =DW51/DX51 -> 0 | EI51: =SUM(EA51:EG51) -> 1 | EK51: =EA51*'Renewable Diesel'!BF60*'Feedstock Conversion Rates'!B$2 -> 25.386776 | EL51: =EB51*'Renewable Diesel'!BF60*'Feedstock Conversion Rates'!B$3 -> 46.926232 | EM51: =EC51*'Renewable Diesel'!BF60*'Feedstock Conversion Rates'!B$4 -> 0 | EO51: =EE51*'Renewable Diesel'!BF60*'Feedstock Conversion Rates'!B$6 -> 31.503502 | EP51: =EF51*'Renewable Diesel'!BF60*'Feedstock Conversion Rates'!B$7 -> 74.027488 | EQ51: =EG51*'Renewable Diesel'!BF60*'Feedstock Conversion Rates'!B$8 -> 16.78396 | ER51: =EH51*'Renewable Diesel'!BF60*'Feedstock Conversion Rates'!B$9 -> 0 | ES51: =SUM(EK51:ER51) -> 194.62796 | EW51: =EN51+EM51 -> 0 | EX51: =EQ51+EO51+EL51+EK51+ER51+EP51 -> 194.62796 | EY51: =EW51/$ES51 -> 0 | EZ51: =EX51/$ES51 -> 1 | GD51: ='Renewable Diesel'!BB60*0 -> 0 | GE51: ='Renewable Diesel'!BC60 -> 0 | GF51: ='Renewable Diesel'!BD60 -> 0 | GG51: =SUM(GD51:GF51)*GH51 -> 0 | GH51: 0.5 | GI51: =$GG51*EA51*'Feedstock Conversion Rates'!$B$2 -> 0 | GJ51: =$GG51*EB51*'Feedstock Conversion Rates'!$B$3 -> 0 | GK51: =$GG51*EC51*'Feedstock Conversion Rates'!$B$4 -> 0 | GL51: =$GG51*ED51*'Feedstock Conversion Rates'!$B$5 -> 0 | GM51: =$GG51*EE51*'Feedstock Conversion Rates'!$B$5 -> 0 | GN51: =$GG51*EF51*'Feedstock Conversion Rates'!$B$7 -> 0 | GO51: =$GG51*EG51*'Feedstock Conversion Rates'!$B$7 -> 0 | GP51: =$GG51*EH51*'Feedstock Conversion Rates'!B48 -> 0 | GQ51: =SUM(GI51:GP51) -> 0 | GT51: =(GI51+FB51+EK51)/SUM($ES51,$FJ51,$GQ51) -> 0.13043746 | GU51: =(GJ51+FC51+EL51)/SUM($ES51,$FJ51,$GQ51) -> 0.24110736 | GV51: =(GK51+FD51+EM51)/SUM($ES51,$FJ51,$GQ51) -> 0 | GW51: =(GL51+FE51+EN51)/SUM($ES51,$FJ51,$GQ51) -> 0 | GX51: =(GM51+FF51+EO51)/SUM($ES51,$FJ51,$GQ51) -> 0.16186524 | GY51: =(GN51+FG51+EP51)/SUM($ES51,$FJ51,$GQ51) -> 0.38035382 | GZ51: =(GO51+FH51+EQ51)/SUM($ES51,$FJ51,$GQ51) -> 0.08623612 | HA51: =(GP51+FI51+ER51)/SUM($ES51,$FJ51,$GQ51) -> 0
A52: 42005 | D52: 0 | E52: =('Renewable Diesel'!B61*E$3*'Feedstock Conversion Rates'!$B$2)/12 -> 20.853333 | F52: =('Renewable Diesel'!B61*'RD Feedstock Breakdown'!F$3*'Feedstock Conversion Rates'!B$8)/12 -> 12.5 | G52: =('Renewable Diesel'!B61*'RD Feedstock Breakdown'!G$3*'Feedstock Conversion Rates'!B$7)/12 -> 40.848 | H52: =('Renewable Diesel'!B61*'RD Feedstock Breakdown'!H$3*'Feedstock Conversion Rates'!B$3)/12 -> 40.9044 | I52: =SUM(B52:H52) -> 115.10573 | Z52: =('Renewable Diesel'!F61*'RD Feedstock Breakdown'!Z$3*'Feedstock Conversion Rates'!B$6)/12 -> 44.555 | AA52: =('Renewable Diesel'!F61*'RD Feedstock Breakdown'!AA$3*'Feedstock Conversion Rates'!B$7)/12 -> 29.133333 | AB52: =SUM(Y52:AA52) -> 73.688333 | DP52: =E52+M52 -> 20.853333 | DQ52: =H52+P52+AZ52+BC52+BK52+BZ52+CL52+CP52+CV52+CX52+DA52+DK52 -> 40.9044 | DR52: =AD52+AK52+AM52+AP52+AV52+AY52+BB52+BF52+BJ52+Y52+B52+BO52+BQ52+BW52+CB52+CE52+CG52+CJ52+BT52+CN52+CR52+CT52+DF52+DH52+AS52+J52+U52+AH52 -> 0 | DT52: =V52+Z52+AE52+AI52+BD52+BL52+AN52+AQ52+CD52+CM52+CQ52+CY52+DB52+DL52 -> 44.555 | DU52: =G52+O52+R52+AA52+AW52+BH52+BM52+BR52+BU52+BY52 -> 69.981333 | DV52: =F52+N52+W52+DM52 -> 12.5 | DW52: =D52+L52 -> 0 | DX52: =SUM(DP52:DW52) -> 188.79407 | DY52: =I52+Q52+S52+X52+AB52+AF52+AJ52+AL52+AO52+AR52+AU52+AX52+BA52+BE52+BG52+BI52+BN52-DX52+BP52+BS52+BV52+CA52+CC52+CF52+CH52+CK52+CO52+CS52+CU52+CW52+CZ52+DN52+DG52+DI52 -> 2.8421709e-14 | EA52: =DP52/$DX52 -> 0.11045545 | EB52: =DQ52/$DX52 -> 0.21666147 | EC52: =DR52/$DX52 -> 0 | EE52: =DT52/$DX52 -> 0.23599788 | EF52: =DU52/$DX52 -> 0.37067549 | EG52: =DV52/$DX52 -> 0.066209708 | EH52: =DW52/DX52 -> 0 | EI52: =SUM(EA52:EG52) -> 1 | EK52: =EA52*'Renewable Diesel'!BF61*'Feedstock Conversion Rates'!B$2 -> 16.278741 | EL52: =EB52*'Renewable Diesel'!BF61*'Feedstock Conversion Rates'!B$3 -> 30.090469 | EM52: =EC52*'Renewable Diesel'!BF61*'Feedstock Conversion Rates'!B$4 -> 0 | EO52: =EE52*'Renewable Diesel'!BF61*'Feedstock Conversion Rates'!B$6 -> 38.381832 | EP52: =EF52*'Renewable Diesel'!BF61*'Feedstock Conversion Rates'!B$7 -> 59.128444 | EQ52: =EG52*'Renewable Diesel'!BF61*'Feedstock Conversion Rates'!B$8 -> 10.762365 | ER52: =EH52*'Renewable Diesel'!BF61*'Feedstock Conversion Rates'!B$9 -> 0 | ES52: =SUM(EK52:ER52) -> 154.64185 | EW52: =EN52+EM52 -> 0 | EX52: =EQ52+EO52+EL52+EK52+ER52+EP52 -> 154.64185 | EY52: =EW52/$ES52 -> 0 | EZ52: =EX52/$ES52 -> 1 | GD52: ='Renewable Diesel'!BB61*0 -> 0 | GE52: ='Renewable Diesel'!BC61 -> 0 | GF52: ='Renewable Diesel'!BD61 -> 0 | GG52: =SUM(GD52:GF52)*GH52 -> 0 | GH52: 0.5 | GI52: =$GG52*EA52*'Feedstock Conversion Rates'!$B$2 -> 0 | GJ52: =$GG52*EB52*'Feedstock Conversion Rates'!$B$3 -> 0 | GK52: =$GG52*EC52*'Feedstock Conversion Rates'!$B$4 -> 0 | GL52: =$GG52*ED52*'Feedstock Conversion Rates'!$B$5 -> 0 | GM52: =$GG52*EE52*'Feedstock Conversion Rates'!$B$5 -> 0 | GN52: =$GG52*EF52*'Feedstock Conversion Rates'!$B$7 -> 0 | GO52: =$GG52*EG52*'Feedstock Conversion Rates'!$B$7 -> 0 | GP52: =$GG52*EH52*'Feedstock Conversion Rates'!B49 -> 0 | GQ52: =SUM(GI52:GP52) -> 0 | GT52: =(GI52+FB52+EK52)/SUM($ES52,$FJ52,$GQ52) -> 0.10526737 | GU52: =(GJ52+FC52+EL52)/SUM($ES52,$FJ52,$GQ52) -> 0.19458167 | GV52: =(GK52+FD52+EM52)/SUM($ES52,$FJ52,$GQ52) -> 0 | GW52: =(GL52+FE52+EN52)/SUM($ES52,$FJ52,$GQ52) -> 0 | GX52: =(GM52+FF52+EO52)/SUM($ES52,$FJ52,$GQ52) -> 0.24819822 | GY52: =(GN52+FG52+EP52)/SUM($ES52,$FJ52,$GQ52) -> 0.38235732 | GZ52: =(GO52+FH52+EQ52)/SUM($ES52,$FJ52,$GQ52) -> 0.06959542 | HA52: =(GP52+FI52+ER52)/SUM($ES52,$FJ52,$GQ52) -> 0
A53: 42036 | D53: 0 | E53: =('Renewable Diesel'!B62*E$3*'Feedstock Conversion Rates'!$B$2)/12 -> 20.853333 | F53: =('Renewable Diesel'!B62*'RD Feedstock Breakdown'!F$3*'Feedstock Conversion Rates'!B$8)/12 -> 12.5 | G53: =('Renewable Diesel'!B62*'RD Feedstock Breakdown'!G$3*'Feedstock Conversion Rates'!B$7)/12 -> 40.848 | H53: =('Renewable Diesel'!B62*'RD Feedstock Breakdown'!H$3*'Feedstock Conversion Rates'!B$3)/12 -> 40.9044 | I53: =SUM(B53:H53) -> 115.10573 | Z53: =('Renewable Diesel'!F62*'RD Feedstock Breakdown'!Z$3*'Feedstock Conversion Rates'!B$6)/12 -> 44.555 | AA53: =('Renewable Diesel'!F62*'RD Feedstock Breakdown'!AA$3*'Feedstock Conversion Rates'!B$7)/12 -> 29.133333 | AB53: =SUM(Y53:AA53) -> 73.688333 | DP53: =E53+M53 -> 20.853333 | DQ53: =H53+P53+AZ53+BC53+BK53+BZ53+CL53+CP53+CV53+CX53+DA53+DK53 -> 40.9044 | DR53: =AD53+AK53+AM53+AP53+AV53+AY53+BB53+BF53+BJ53+Y53+B53+BO53+BQ53+BW53+CB53+CE53+CG53+CJ53+BT53+CN53+CR53+CT53+DF53+DH53+AS53+J53+U53+AH53 -> 0 | DT53: =V53+Z53+AE53+AI53+BD53+BL53+AN53+AQ53+CD53+CM53+CQ53+CY53+DB53+DL53 -> 44.555 | DU53: =G53+O53+R53+AA53+AW53+BH53+BM53+BR53+BU53+BY53 -> 69.981333 | DV53: =F53+N53+W53+DM53 -> 12.5 | DW53: =D53+L53 -> 0 | DX53: =SUM(DP53:DW53) -> 188.79407 | DY53: =I53+Q53+S53+X53+AB53+AF53+AJ53+AL53+AO53+AR53+AU53+AX53+BA53+BE53+BG53+BI53+BN53-DX53+BP53+BS53+BV53+CA53+CC53+CF53+CH53+CK53+CO53+CS53+CU53+CW53+CZ53+DN53+DG53+DI53 -> 2.8421709e-14 | EA53: =DP53/$DX53 -> 0.11045545 | EB53: =DQ53/$DX53 -> 0.21666147 | EC53: =DR53/$DX53 -> 0 | EE53: =DT53/$DX53 -> 0.23599788 | EF53: =DU53/$DX53 -> 0.37067549 | EG53: =DV53/$DX53 -> 0.066209708 | EH53: =DW53/DX53 -> 0 | EI53: =SUM(EA53:EG53) -> 1 | EK53: =EA53*'Renewable Diesel'!BF62*'Feedstock Conversion Rates'!B$2 -> 12.290185 | EL53: =EB53*'Renewable Diesel'!BF62*'Feedstock Conversion Rates'!B$3 -> 22.717815 | EM53: =EC53*'Renewable Diesel'!BF62*'Feedstock Conversion Rates'!B$4 -> 0 | EO53: =EE53*'Renewable Diesel'!BF62*'Feedstock Conversion Rates'!B$6 -> 28.977659 | EP53: =EF53*'Renewable Diesel'!BF62*'Feedstock Conversion Rates'!B$7 -> 44.641014 | EQ53: =EG53*'Renewable Diesel'!BF62*'Feedstock Conversion Rates'!B$8 -> 8.1254103 | ER53: =EH53*'Renewable Diesel'!BF62*'Feedstock Conversion Rates'!B$9 -> 0 | ES53: =SUM(EK53:ER53) -> 116.75208 | EW53: =EN53+EM53 -> 0 | EX53: =EQ53+EO53+EL53+EK53+ER53+EP53 -> 116.75208 | EY53: =EW53/$ES53 -> 0 | EZ53: =EX53/$ES53 -> 1 | GD53: ='Renewable Diesel'!BB62*0 -> 0 | GE53: ='Renewable Diesel'!BC62 -> 0 | GF53: ='Renewable Diesel'!BD62 -> 0 | GG53: =SUM(GD53:GF53)*GH53 -> 0 | GH53: 0.5 | GI53: =$GG53*EA53*'Feedstock Conversion Rates'!$B$2 -> 0 | GJ53: =$GG53*EB53*'Feedstock Conversion Rates'!$B$3 -> 0 | GK53: =$GG53*EC53*'Feedstock Conversion Rates'!$B$4 -> 0 | GL53: =$GG53*ED53*'Feedstock Conversion Rates'!$B$5 -> 0 | GM53: =$GG53*EE53*'Feedstock Conversion Rates'!$B$5 -> 0 | GN53: =$GG53*EF53*'Feedstock Conversion Rates'!$B$7 -> 0 | GO53: =$GG53*EG53*'Feedstock Conversion Rates'!$B$7 -> 0 | GP53: =$GG53*EH53*'Feedstock Conversion Rates'!B50 -> 0 | GQ53: =SUM(GI53:GP53) -> 0 | GT53: =(GI53+FB53+EK53)/SUM($ES53,$FJ53,$GQ53) -> 0.10526737 | GU53: =(GJ53+FC53+EL53)/SUM($ES53,$FJ53,$GQ53) -> 0.19458167 | GV53: =(GK53+FD53+EM53)/SUM($ES53,$FJ53,$GQ53) -> 0 | GW53: =(GL53+FE53+EN53)/SUM($ES53,$FJ53,$GQ53) -> 0 | GX53: =(GM53+FF53+EO53)/SUM($ES53,$FJ53,$GQ53) -> 0.24819822 | GY53: =(GN53+FG53+EP53)/SUM($ES53,$FJ53,$GQ53) -> 0.38235732 | GZ53: =(GO53+FH53+EQ53)/SUM($ES53,$FJ53,$GQ53) -> 0.06959542 | HA53: =(GP53+FI53+ER53)/SUM($ES53,$FJ53,$GQ53) -> 0
A54: 42064 | D54: 0 | E54: =('Renewable Diesel'!B63*E$3*'Feedstock Conversion Rates'!$B$2)/12 -> 20.853333 | F54: =('Renewable Diesel'!B63*'RD Feedstock Breakdown'!F$3*'Feedstock Conversion Rates'!B$8)/12 -> 12.5 | G54: =('Renewable Diesel'!B63*'RD Feedstock Breakdown'!G$3*'Feedstock Conversion Rates'!B$7)/12 -> 40.848 | H54: =('Renewable Diesel'!B63*'RD Feedstock Breakdown'!H$3*'Feedstock Conversion Rates'!B$3)/12 -> 40.9044 | I54: =SUM(B54:H54) -> 115.10573 | Z54: =('Renewable Diesel'!F63*'RD Feedstock Breakdown'!Z$3*'Feedstock Conversion Rates'!B$6)/12 -> 44.555 | AA54: =('Renewable Diesel'!F63*'RD Feedstock Breakdown'!AA$3*'Feedstock Conversion Rates'!B$7)/12 -> 29.133333 | AB54: =SUM(Y54:AA54) -> 73.688333 | DP54: =E54+M54 -> 20.853333 | DQ54: =H54+P54+AZ54+BC54+BK54+BZ54+CL54+CP54+CV54+CX54+DA54+DK54 -> 40.9044 | DR54: =AD54+AK54+AM54+AP54+AV54+AY54+BB54+BF54+BJ54+Y54+B54+BO54+BQ54+BW54+CB54+CE54+CG54+CJ54+BT54+CN54+CR54+CT54+DF54+DH54+AS54+J54+U54+AH54 -> 0 | DT54: =V54+Z54+AE54+AI54+BD54+BL54+AN54+AQ54+CD54+CM54+CQ54+CY54+DB54+DL54 -> 44.555 | DU54: =G54+O54+R54+AA54+AW54+BH54+BM54+BR54+BU54+BY54 -> 69.981333 | DV54: =F54+N54+W54+DM54 -> 12.5 | DW54: =D54+L54 -> 0 | DX54: =SUM(DP54:DW54) -> 188.79407 | DY54: =I54+Q54+S54+X54+AB54+AF54+AJ54+AL54+AO54+AR54+AU54+AX54+BA54+BE54+BG54+BI54+BN54-DX54+BP54+BS54+BV54+CA54+CC54+CF54+CH54+CK54+CO54+CS54+CU54+CW54+CZ54+DN54+DG54+DI54 -> 2.8421709e-14 | EA54: =DP54/$DX54 -> 0.11045545 | EB54: =DQ54/$DX54 -> 0.21666147 | EC54: =DR54/$DX54 -> 0 | EE54: =DT54/$DX54 -> 0.23599788 | EF54: =DU54/$DX54 -> 0.37067549 | EG54: =DV54/$DX54 -> 0.066209708 | EH54: =DW54/DX54 -> 0 | EI54: =SUM(EA54:EG54) -> 1 | EK54: =EA54*'Renewable Diesel'!BF63*'Feedstock Conversion Rates'!B$2 -> 14.466581 | EL54: =EB54*'Renewable Diesel'!BF63*'Feedstock Conversion Rates'!B$3 -> 26.740777 | EM54: =EC54*'Renewable Diesel'!BF63*'Feedstock Conversion Rates'!B$4 -> 0 | EO54: =EE54*'Renewable Diesel'!BF63*'Feedstock Conversion Rates'!B$6 -> 34.10914 | EP54: =EF54*'Renewable Diesel'!BF63*'Feedstock Conversion Rates'!B$7 -> 52.546226 | EQ54: =EG54*'Renewable Diesel'!BF63*'Feedstock Conversion Rates'!B$8 -> 9.5642909 | ER54: =EH54*'Renewable Diesel'!BF63*'Feedstock Conversion Rates'!B$9 -> 0 | ES54: =SUM(EK54:ER54) -> 137.42701 | EW54: =EN54+EM54 -> 0 | EX54: =EQ54+EO54+EL54+EK54+ER54+EP54 -> 137.42701 | EY54: =EW54/$ES54 -> 0 | EZ54: =EX54/$ES54 -> 1 | GD54: ='Renewable Diesel'!BB63*0 -> 0 | GE54: ='Renewable Diesel'!BC63 -> 0 | GF54: ='Renewable Diesel'!BD63 -> 0 | GG54: =SUM(GD54:GF54)*GH54 -> 0 | GH54: 0.5 | GI54: =$GG54*EA54*'Feedstock Conversion Rates'!$B$2 -> 0 | GJ54: =$GG54*EB54*'Feedstock Conversion Rates'!$B$3 -> 0 | GK54: =$GG54*EC54*'Feedstock Conversion Rates'!$B$4 -> 0 | GL54: =$GG54*ED54*'Feedstock Conversion Rates'!$B$5 -> 0 | GM54: =$GG54*EE54*'Feedstock Conversion Rates'!$B$5 -> 0 | GN54: =$GG54*EF54*'Feedstock Conversion Rates'!$B$7 -> 0 | GO54: =$GG54*EG54*'Feedstock Conversion Rates'!$B$7 -> 0 | GP54: =$GG54*EH54*'Feedstock Conversion Rates'!B51 -> 0 | GQ54: =SUM(GI54:GP54) -> 0 | GT54: =(GI54+FB54+EK54)/SUM($ES54,$FJ54,$GQ54) -> 0.10526737 | GU54: =(GJ54+FC54+EL54)/SUM($ES54,$FJ54,$GQ54) -> 0.19458167 | GV54: =(GK54+FD54+EM54)/SUM($ES54,$FJ54,$GQ54) -> 0 | GW54: =(GL54+FE54+EN54)/SUM($ES54,$FJ54,$GQ54) -> 0 | GX54: =(GM54+FF54+EO54)/SUM($ES54,$FJ54,$GQ54) -> 0.24819822 | GY54: =(GN54+FG54+EP54)/SUM($ES54,$FJ54,$GQ54) -> 0.38235732 | GZ54: =(GO54+FH54+EQ54)/SUM($ES54,$FJ54,$GQ54) -> 0.06959542 | HA54: =(GP54+FI54+ER54)/SUM($ES54,$FJ54,$GQ54) -> 0
A55: 42095 | D55: 0 | E55: =('Renewable Diesel'!B64*E$3*'Feedstock Conversion Rates'!$B$2)/12 -> 20.853333 | F55: =('Renewable Diesel'!B64*'RD Feedstock Breakdown'!F$3*'Feedstock Conversion Rates'!B$8)/12 -> 12.5 | G55: =('Renewable Diesel'!B64*'RD Feedstock Breakdown'!G$3*'Feedstock Conversion Rates'!B$7)/12 -> 40.848 | H55: =('Renewable Diesel'!B64*'RD Feedstock Breakdown'!H$3*'Feedstock Conversion Rates'!B$3)/12 -> 40.9044 | I55: =SUM(B55:H55) -> 115.10573 | Z55: =('Renewable Diesel'!F64*'RD Feedstock Breakdown'!Z$3*'Feedstock Conversion Rates'!B$6)/12 -> 44.555 | AA55: =('Renewable Diesel'!F64*'RD Feedstock Breakdown'!AA$3*'Feedstock Conversion Rates'!B$7)/12 -> 29.133333 | AB55: =SUM(Y55:AA55) -> 73.688333 | DP55: =E55+M55 -> 20.853333 | DQ55: =H55+P55+AZ55+BC55+BK55+BZ55+CL55+CP55+CV55+CX55+DA55+DK55 -> 40.9044 | DR55: =AD55+AK55+AM55+AP55+AV55+AY55+BB55+BF55+BJ55+Y55+B55+BO55+BQ55+BW55+CB55+CE55+CG55+CJ55+BT55+CN55+CR55+CT55+DF55+DH55+AS55+J55+U55+AH55 -> 0 | DT55: =V55+Z55+AE55+AI55+BD55+BL55+AN55+AQ55+CD55+CM55+CQ55+CY55+DB55+DL55 -> 44.555 | DU55: =G55+O55+R55+AA55+AW55+BH55+BM55+BR55+BU55+BY55 -> 69.981333 | DV55: =F55+N55+W55+DM55 -> 12.5 | DW55: =D55+L55 -> 0 | DX55: =SUM(DP55:DW55) -> 188.79407 | DY55: =I55+Q55+S55+X55+AB55+AF55+AJ55+AL55+AO55+AR55+AU55+AX55+BA55+BE55+BG55+BI55+BN55-DX55+BP55+BS55+BV55+CA55+CC55+CF55+CH55+CK55+CO55+CS55+CU55+CW55+CZ55+DN55+DG55+DI55 -> 2.8421709e-14 | EA55: =DP55/$DX55 -> 0.11045545 | EB55: =DQ55/$DX55 -> 0.21666147 | EC55: =DR55/$DX55 -> 0 | EE55: =DT55/$DX55 -> 0.23599788 | EF55: =DU55/$DX55 -> 0.37067549 | EG55: =DV55/$DX55 -> 0.066209708 | EH55: =DW55/DX55 -> 0 | EI55: =SUM(EA55:EG55) -> 1 | EK55: =EA55*'Renewable Diesel'!BF64*'Feedstock Conversion Rates'!B$2 -> 14.246982 | EL55: =EB55*'Renewable Diesel'!BF64*'Feedstock Conversion Rates'!B$3 -> 26.334859 | EM55: =EC55*'Renewable Diesel'!BF64*'Feedstock Conversion Rates'!B$4 -> 0 | EO55: =EE55*'Renewable Diesel'!BF64*'Feedstock Conversion Rates'!B$6 -> 33.591372 | EP55: =EF55*'Renewable Diesel'!BF64*'Feedstock Conversion Rates'!B$7 -> 51.748587 | EQ55: =EG55*'Renewable Diesel'!BF64*'Feedstock Conversion Rates'!B$8 -> 9.4191073 | ER55: =EH55*'Renewable Diesel'!BF64*'Feedstock Conversion Rates'!B$9 -> 0 | ES55: =SUM(EK55:ER55) -> 135.34091 | EW55: =EN55+EM55 -> 0 | EX55: =EQ55+EO55+EL55+EK55+ER55+EP55 -> 135.34091 | EY55: =EW55/$ES55 -> 0 | EZ55: =EX55/$ES55 -> 1 | GD55: ='Renewable Diesel'!BB64*0 -> 0 | GE55: ='Renewable Diesel'!BC64 -> 0 | GF55: ='Renewable Diesel'!BD64 -> 0 | GG55: =SUM(GD55:GF55)*GH55 -> 0 | GH55: 0.5 | GI55: =$GG55*EA55*'Feedstock Conversion Rates'!$B$2 -> 0 | GJ55: =$GG55*EB55*'Feedstock Conversion Rates'!$B$3 -> 0 | GK55: =$GG55*EC55*'Feedstock Conversion Rates'!$B$4 -> 0 | GL55: =$GG55*ED55*'Feedstock Conversion Rates'!$B$5 -> 0 | GM55: =$GG55*EE55*'Feedstock Conversion Rates'!$B$5 -> 0 | GN55: =$GG55*EF55*'Feedstock Conversion Rates'!$B$7 -> 0 | GO55: =$GG55*EG55*'Feedstock Conversion Rates'!$B$7 -> 0 | GP55: =$GG55*EH55*'Feedstock Conversion Rates'!B52 -> 0 | GQ55: =SUM(GI55:GP55) -> 0 | GT55: =(GI55+FB55+EK55)/SUM($ES55,$FJ55,$GQ55) -> 0.10526737 | GU55: =(GJ55+FC55+EL55)/SUM($ES55,$FJ55,$GQ55) -> 0.19458167 | GV55: =(GK55+FD55+EM55)/SUM($ES55,$FJ55,$GQ55) -> 0 | GW55: =(GL55+FE55+EN55)/SUM($ES55,$FJ55,$GQ55) -> 0 | GX55: =(GM55+FF55+EO55)/SUM($ES55,$FJ55,$GQ55) -> 0.24819822 | GY55: =(GN55+FG55+EP55)/SUM($ES55,$FJ55,$GQ55) -> 0.38235732 | GZ55: =(GO55+FH55+EQ55)/SUM($ES55,$FJ55,$GQ55) -> 0.06959542 | HA55: =(GP55+FI55+ER55)/SUM($ES55,$FJ55,$GQ55) -> 0
