Workbook
Name maincontent: 'Data Sources'!#REF!

Sheet Data Sources
I1: Joint Organisations Data Initiative - Secondary (15 months)
A2: Data Series and Source | B2: Link | C2: Web Page
A3: Department for Transportation - Government of UK | B3: Renewable fuel statistics - GOV.UK (www.gov.uk) | I3: Other: | J3: Unit - Thousand Metric Tons (kmt) | N3: Product - of which: kerosene type jet fuel | S3: Country - United Kingdom
A4: Biodiesel Information United Nations Statistics Division | B4: UNdata | record view | Biodiesel | I4: Time | J4: 45047 | K4: 45078 | L4: 45108 | M4: 45139 | N4: 45170 | O4: 45200 | P4: 45231 | Q4: 45261 | R4: 45292 | S4: 45323 | T4: 45352 | U4: 45383 | V4: 45413 | W4: 45444 | X4: 45474
A5: Energy use: fossil fuels by fuel type (annual) | B5: Energy use: fossil fuels by fuel type - Office for National Statistics (ons.gov.uk) | I5: BALANCE
A6: Energy use: renewable and waste sources (annual) | B6: Energy use: renewable and waste sources - Office for National Statistics (ons.gov.uk) | I6: Refinery output | J6: 326 | K6: 312 | L6: 391 | M6: 338 | N6: 280 | O6: 173 | P6: 164 | Q6: 215 | R6: 249 | S6: 225 | T6: 213 | U6: 227 | V6: 305 | W6: 325 | X6: 323
A7: JODI (Joint Organizations Data Initiative) / International Energy Forum (IEF) | B7: http://www.jodidb.org/ReportFolders/reportFolders.aspx | I7: Receipts | J7: 0 | K7: 0 | L7: 0 | M7: 0 | N7: 0 | O7: 0 | P7: 0 | Q7: 0 | R7: 0 | S7: 0 | T7: 0 | U7: 0 | V7: 0 | W7: 0 | X7: 0
A8: Energy data for the UK | B8: https://www.gov.uk/government/statistics/oil-and-oil-products-section-3-energy-trends | I8: Imports | J8: 633 | K8: 657 | L8: 893 | M8: 1034 | N8: 978 | O8: 802 | P8: 913 | Q8: 938 | R8: 763 | S8: 852 | T8: 807 | U8: 885 | V8: 863 | W8: 918 | X8: 936
I9: Exports | J9: 126 | K9: 107 | L9: 103 | M9: 114 | N9: 149 | O9: 122 | P9: 130 | Q9: 122 | R9: 113 | S9: 98 | T9: 123 | U9: 98 | V9: 122 | W9: 104 | X9: 127
I10: Products transferred | J10: 2 | K10: 0 | L10: 1 | M10: 1 | N10: 1 | O10: 5 | P10: 1 | Q10: 1 | R10: 13 | S10: 1 | T10: 1 | U10: 8 | V10: 1 | W10: 1 | X10: 1
A11: Last update: 1/17/2025 | I11: Interproduct transfers | J11: -12 | K11: -25 | L11: -10 | M11: -23 | N11: -47 | O11: 7 | P11: -52 | Q11: -79 | R11: -66 | S11: -68 | T11: -24 | U11: -26 | V11: -24 | W11: -11 | X11: -13
I12: Stock change | J12: -167 | K12: -172 | L12: 98 | M12: 155 | N12: 41 | O12: -168 | P12: 6 | Q12: 104 | R12: -15 | S12: 99 | T12: 12 | U12: 5 | V12: -17 | W12: 68 | X12: -119
I13: Statistical difference | J13: 1 | K13: 2 | L13: 0 | M13: 5 | N13: -6 | O13: 4 | P13: 0 | Q13: -1 | R13: 2 | S13: 1 | T13: 1 | U13: 2 | V13: 0 | W13: 5 | X13: 0
I14: Demand | J14: 985 | K14: 1007 | L14: 1072 | M14: 1074 | N14: 1026 | O14: 1019 | P14: 888 | Q14: 848 | R14: 833 | S14: 810 | T14: 859 | U14: 973 | V14: 1038 | W14: 1054 | X14: 1237
I15: Closing stocks | J15: 834 | K15: 662 | L15: 760 | M15: 915 | N15: 956 | O15: 788 | P15: 794 | Q15: 898 | R15: 883 | S15: 982 | T15: 994 | U15: 999 | V15: 982 | W15: 1050 | X15: 931

Sheet Capacity

Sheet annual_data
A1: Annual Total | B1: UN Data (tons) | I1: UN Data (tons) | O1: UN Data (tons) | U1: https://www.ons.gov.uk/economy/environmentalaccounts/datasets/ukenvironmentalaccountsfuelusebytype | V1: Fuel use by type (excluding fuels from renewable and waste sources) | W1: Gross calorific values, Million tonnes of oil equivalent (Mtoe) | X1: million tonnes
B2: Biodiesel - Production | C2: Biodiesel - Imports | D2: Biodiesel - Exports | E2: Biodiesel - Stock changes | F2: Biodiesel - Final energy consumption | G2: Biodiesel - Consumption in transport | H2: Biodiesel - Total energy supply | I2: Gas Oil/ Diesel Oil - Production | J2: Gas Oil/ Diesel Oil - Imports | K2: Gas Oil/ Diesel Oil - Exports | L2: Gas Oil/ Diesel Oil - Consumption by transport | M2: Gas Oil/ Diesel Oil - Final energy consumption | N2: Gas Oil/ Diesel Oil - Stock changes | O2: Kerosene-type Jet Fuel - Consumption by domestic aviation | P2: Kerosene-type Jet Fuel - International aviation bunkers | Q2: Kerosene-type Jet Fuel - Production | R2: Kerosene-type Jet Fuel - production from refineries | S2: Kerosene-type Jet Fuel - Stock changes | T2: Kerosene-type Jet Fuel - Total energy supply | U2: Kerosene-type Jet Fuel - Transfers and recycled products | V2: Diesel oil for road vehicles (DERV) | W2: Aviation fuel | X2: Kerosene-type Jet Fuel - Consumption by domestic aviation
A3: 2014 | B3: 143 | C3: 751 | D3: 5 | E3: 39 | F3: 849 | G3: 849 | H3: 850 | I3: 21775 | J3: 12894 | K3: 5403 | L3: 24719 | M3: 27509 | N3: 155 | O3: 785 | P3: 10434 | Q3: 4635 | R3: 4635 | S3: -198 | T3: 1481 | U3: 605 | V3: 25 | W3: 14.54 | X3: =(O3+P3)/1000 -> 11.219
A4: 2015 | B4: 149 | C4: 452 | D4: 5 | E4: 0 | F4: 596 | G4: 596 | H4: 596 | I4: 20687 | J4: 14867 | K4: 4599 | L4: 25706 | M4: 28776 | N4: 203 | O4: 793 | P4: 10539 | Q4: 4973 | R4: 4973 | S4: 201 | T4: 1267 | U4: 638 | V4: 26.06 | W4: 14.6 | X4: =(O4+P4)/1000 -> 11.332
A5: 2016 | B5: 342 | C5: 373 | D5: 86 | E5: 0 | F5: 630 | G5: 630 | H5: 629 | I5: 20506 | J5: 16685 | K5: 4884 | L5: 26764 | M5: 29851 | N5: 175 | O5: 794 | P5: 10546 | Q5: 4392 | R5: 4392 | S5: -45 | T5: 1432 | U5: 776 | V5: 27.12 | W5: 14.45 | X5: =(O5+P5)/1000 -> 11.34
A6: 2017 | B6: 467 | C6: 201 | D6: 48 | E6: 0 | F6: 620 | G6: 620 | H6: 620 | I6: 20303 | J6: 15618.999 | K6: 3875 | L6: 26996.985 | M6: 30175.063 | N6: 12 | O6: 852.801 | P6: 11330.071 | Q6: 5031.1 | R6: 5031.1 | S6: 14 | T6: 1517.108 | U6: 670 | V6: 27.41 | W6: 15.37 | X6: =(O6+P6)/1000 -> 12.182872
A7: 2018 | B7: 476 | C7: 637 | D7: 88 | E7: 10 | F7: 1014 | G7: 1014 | H7: 1015 | I7: 20043 | J7: 16239 | K7: 4299 | L7: 27106.976 | M7: 30388.783 | N7: -28 | O7: 859.05 | P7: 11413.094 | Q7: 5128.946 | R7: 5128.946 | S7: -201 | T7: 1739.716 | U7: 839.97 | V7: 27.1 | W7: 16.14 | X7: =(O7+P7)/1000 -> 12.272144
A8: 2019 | B8: 510 | C8: 1190 | D8: 279 | E8: -1 | F8: 1422 | G8: 1422 | H8: 1422 | I8: 20528.032 | J8: 14998.24 | K8: 4242.21 | L8: 26727.61 | M8: 29711.98 | N8: 192 | O8: 862.303 | P8: 11456.317 | Q8: 5185.338 | R8: 5185.338 | S8: 220 | T8: 1550.311 | U8: 723.713 | V8: 26.11 | W8: 15.08 | X8: =(O8+P8)/1000 -> 12.31862
A9: 2020 | B9: 496 | C9: 1321 | D9: 394 | E9: 13 | F9: 1410 | G9: 1410 | H9: 1410 | I9: 18323.388 | J9: 11563.23 | K9: 4144.83 | L9: 22064.73 | M9: 24735.93 | N9: 141.744 | O9: 348.879 | P9: 4635.111 | Q9: 1942.778 | R9: 1942.778 | S9: 195.863 | T9: 1330.244 | U9: 980.405 | V9: 21.47 | W9: 6.23 | X9: =(O9+P9)/1000 -> 4.98399
A10: 2021 | B10: 484 | C10: 979 | D10: 366 | E10: -5 | F10: 1101 | G10: 1101 | H10: 1102 | I10: 17868.329 | J10: 13645.32 | K10: 3621.59 | L10: 23878.165 | M10: 27225.792 | N10: -763.495 | O10: 343.206 | P10: 4559.736 | Q10: 1833.758 | R10: 1833.758 | S10: -609.705 | T10: 1083.417 | U10: 740.625 | V10: 23.76 | W10: 6.48 | X10: =(O10+P10)/1000 -> 4.902942
A11: 2022 | B11: 479 | C11: 1152 | D11: 353 | E11: -2 | H11: 1280 | I11: 19627.521 | J11: 14883.006 | K11: 4910.515 | M11: 2029.259 | N11: 20 | O11: 670.95 | P11: 8914.05 | Q11: 3490 | R11: 3490 | S11: 2 | T11: 1217.18 | U11: 556 | V11: 23.42 | W11: 11.47 | X11: =(O11+P11)/1000 -> 9.585
A12: 2023
A13: 2024

Sheet monthly_data
C1: Renewable fuel statistics - GOV.UK (www.gov.uk) | T1: Energy Trends: UK oil and oil products - GOV.UK | Y1: Components for total diesel prodution | AB1: Components for total diesel sales | AH1: GTT Data Biodiesel 3826 | AJ1: GTT Data 2710.19.21 | AL1: GTT Data 2710.19.11
C2: Diesel (mn l) | D2: Biodiesel FAME (mn l) | E2: HVO (renewable portion) (mn l) | F2: Avtur (renewable) (mn l) | G2: Days in category | O2: Diesel (mn l) | P2: Biodiesel FAME (mn l) | Q2: HVO (renewable portion) (mn l) | R2: Avtur (renewable) (mn l) | T2: Jet Production (th tons) ET3.12 | U2: Jet Sales (th tons) ET3.13 | V2: Jet Inventory (th tons) ET3.11 | W2: Jet Imports ET3.14 | X2: Jet Exports ET3.15 | Y2: Gas oil ET3.12 | Z2: White diesel ET3.12 | AA2: Diesel Production (th tons) | AB2: White diesel ET3.13 | AC2: Red diesel (Gas oil) ET3.13 | AD2: Diesel Sales (th tons) | AE2: Total Diesel Inventory (th tons) ET3.11 | AF2: Diesel Imports ET3.14 | AG2: Diesel Exports ET3.15 | AH2: UK Biodiesel Imports (th tons) | AI2: UK Biodiesel Exports (th tons) | AJ2: UK Jet Fuel Imports (th tons) | AK2: UK Jet Fuel Exports (th tons) | AL2: UK Diesel Fuel Imports (th tons) | AM2: UK Diesel Fuel Exports (th tons)
A3: Apr - May | B3: 2014 | C3: 2164.0341 | D3: 81.495859 | E3: 0 | G3: 30 | M3: May | N3: 2014 | O3: =(C3*15/30)+(C4*16/31) -> 2256.5217 | P3: =(D3*15/30)+(D4*16/31) -> 86.566088 | Q3: =(E3*15/30)+(E4*16/31) -> 0 | T3: 402.59 | U3: 843.17 | V3: 931.4 | Y3: 687.29 | Z3: 1139.75 | AA3: =Z3+Y3 -> 1827.04 | AB3: 1828.86 | AC3: 457.22 | AD3: =AC3+AB3 -> 2286.08 | AE3: 1771.83
A4: May - Jun | B4: 2014 | C4: 2275.6027 | D4: 88.772682 | E4: 0 | G4: 31 | M4: Jun | N4: 2014 | O4: =(C4*15/31)+(C5*15/30) -> 2215.807 | P4: =(D4*15/31)+(D5*15/30) -> 86.660504 | Q4: =(E4*15/31)+(E5*15/30) -> 0 | T4: 414.19 | U4: 1045.3 | V4: 922.22 | Y4: 695.49 | Z4: 999.36 | AA4: =Z4+Y4 -> 1694.85 | AB4: 1910.34 | AC4: 493.03 | AD4: =AC4+AB4 -> 2403.37 | AE4: 1715.25
A5: Jun - Jul | B5: 2014 | C5: 2229.4178 | D5: 87.41196 | E5: 0 | G5: 30 | M5: Jul | N5: 2014 | O5: =(C5*15/30)+(C6*16/31) -> 2310.5027 | P5: =(D5*15/30)+(D6*16/31) -> 90.026437 | Q5: =(E5*15/30)+(E6*16/31) -> 0 | T5: 500.88 | U5: 1009.02 | V5: 964.56 | Y5: 726.24 | Z5: 1169.09 | AA5: =Z5+Y5 -> 1895.33 | AB5: 1880.03 | AC5: 434.4 | AD5: =AC5+AB5 -> 2314.43 | AE5: 1625.07
A6: Jul - Aug | B6: 2014 | C6: 2316.8505 | D6: 89.745886 | E6: 0 | G6: 31 | M6: Aug | N6: 2014 | O6: =(C6*15/31)+(C7*16/31) -> 2253.0006 | P6: =(D6*15/31)+(D7*16/31) -> 90.208604 | Q6: =(E6*15/31)+(E7*16/31) -> 0 | T6: 421.42 | U6: 1151.87 | V6: 890.24 | Y6: 742.21 | Z6: 1226.63 | AA6: =Z6+Y6 -> 1968.84 | AB6: 1963.09 | AC6: 536.95 | AD6: =AC6+AB6 -> 2500.04 | AE6: 1800.44
A7: Aug - Sep | B7: 2014 | C7: 2193.1414 | D7: 90.642402 | E7: 0 | G7: 31 | M7: Sep | N7: 2014 | O7: =(C7*15/31)+(C8*15/30) -> 2186.6285 | P7: =(D7*15/31)+(D8*15/30) -> 85.023224 | Q7: =(E7*15/31)+(E8*15/30) -> 0 | T7: 414.01 | U7: 1119.41 | V7: 1062.11 | Y7: 690.59 | Z7: 1199.48 | AA7: =Z7+Y7 -> 1890.07 | AB7: 1858.22 | AC7: 486.51 | AD7: =AC7+AB7 -> 2344.73 | AE7: 1681.38
A8: Sep - Oct | B8: 2014 | C8: 2250.8622 | D8: 82.327995 | E8: 0 | G8: 30 | M8: Oct | N8: 2014 | O8: =(C8*15/30)+(C9*16/31) -> 2367.6319 | P8: =(D8*15/30)+(D9*16/31) -> 82.822352 | Q8: =(E8*15/30)+(E9*16/31) -> 0 | T8: 420.29 | U8: 976.49 | V8: 1008.34 | Y8: 636.22 | Z8: 1104.03 | AA8: =Z8+Y8 -> 1740.25 | AB8: 1911.07 | AC8: 430.34 | AD8: =AC8+AB8 -> 2341.41 | AE8: 1654.08
A9: Oct -Nov | B9: 2014 | C9: 2406.7641 | D9: 80.713062 | E9: 0 | G9: 31 | M9: Nov | N9: 2014 | O9: =(C9*15/31)+(C10*15/30) -> 2348.2046 | P9: =(D9*15/31)+(D10*15/30) -> 71.462435 | Q9: =(E9*15/31)+(E10*15/30) -> 0 | T9: 371.47 | U9: 747.24 | V9: 938.04 | Y9: 615.27 | Z9: 1136.19 | AA9: =Z9+Y9 -> 1751.46 | AB9: 2029.36 | AC9: 393.13 | AD9: =AC9+AB9 -> 2422.49 | AE9: 1677.22
A10: Nov - Dec | B10: 2014 | C10: 2367.2827 | D10: 64.815456 | E10: 0 | G10: 30 | M10: Dec | N10: 2014 | O10: =(C10*15/30)+(C11*16/31) -> 2238.0853 | P10: =(D10*15/30)+(D11*16/31) -> 63.279557 | Q10: =(E10*15/30)+(E11*16/31) -> 0 | T10: 392.33 | U10: 928.56 | V10: 942.9 | Y10: 677.62 | Z10: 1272.48 | AA10: =Z10+Y10 -> 1950.1 | AB10: 2049.3 | AC10: 348.31 | AD10: =AC10+AB10 -> 2397.61 | AE10: 1656.16
A11: Dec - Jan | B11: 2015 | C11: 2042.9851 | D11: 59.814169 | E11: 0 | G11: 31 | M11: Jan | N11: 2015 | O11: =(C11*15/31)+(C12*16/31) -> 2202.6262 | P11: =(D11*15/31)+(D12*16/31) -> 49.69205 | Q11: =(E11*15/31)+(E12*16/31) -> 0 | T11: 413.08 | U11: 937.03 | V11: 821.66 | Y11: 591.76 | Z11: 1166.59 | AA11: =Z11+Y11 -> 1758.35 | AB11: 1711.2 | AC11: 455.6 | AD11: =AC11+AB11 -> 2166.8 | AE11: 1683.96
A12: Jan -Feb | B12: 2015 | C12: 2352.2896 | D12: 40.202564 | E12: 0 | G12: 31 | M12: Feb | N12: 2015 | O12: =(C12*15/31)+(C13*13/28) -> 2163.1225 | P12: =(D12*15/31)+(D13*13/28) -> 32.633007 | Q12: =(E12*15/31)+(E13*13/28) -> 0.0044172143 | T12: 342.08 | U12: 748.12 | V12: 994.45 | Y12: 548.15 | Z12: 972.32 | AA12: =Z12+Y12 -> 1520.47 | AB12: 1972.07 | AC12: 234.42 | AD12: =AC12+AB12 -> 2206.49 | AE12: 1572.78
A13: Feb - Mar | B13: 2015 | C13: 2207.5154 | D13: 28.388022 | E13: 0.009514 | G13: 28 | M13: Mar | N13: 2015 | O13: =(C13*15/28)+(C14*16/31) -> 2401.3568 | P13: =(D13*15/28)+(D14*16/31) -> 37.437274 | Q13: =(E13*15/28)+(E14*16/31) -> 0.0050967857 | T13: 380.77 | U13: 892.77 | V13: 913.51 | Y13: 639.44 | Z13: 892.89 | AA13: =Z13+Y13 -> 1532.33 | AB13: 1982.18 | AC13: 333.59 | AD13: =AC13+AB13 -> 2315.77 | AE13: 1553.43
A14: Mar - Apr | B14: 2015 | C14: 2361.3461 | D14: 43.069473 | E14: 0 | G14: 31 | M14: Apr | N14: 2015 | O14: =(C14+15/31)+(C15*15/30) -> 3525.8882 | P14: =(D14+15/31)+(D15*15/30) -> 69.583455 | Q14: =(E14+15/31)+(E15*15/30) -> 0.48387097 | T14: 375.3 | U14: 933.77 | V14: 972.6 | Y14: 696.04 | Z14: 867.33 | AA14: =Z14+Y14 -> 1563.37 | AB14: 1994.58 | AC14: 657.23 | AD14: =AC14+AB14 -> 2651.81 | AE14: 1675.27
A15: Apr - May | B15: 2015 | C15: 2328.1166 | D15: 52.060223 | E15: 0 | G15: 30 | M15: May | N15: 2015 | O15: =(C15*15/30)+(C16*16/31) -> 2408.18 | P15: =(D15*15/30)+(D16*16/31) -> 58.022548 | Q15: =(E15*15/30)+(E16*16/31) -> 0.011982968 | T15: 441.62 | U15: 978.71 | V15: 899.69 | Y15: 584.56 | Z15: 993.34 | AA15: =Z15+Y15 -> 1577.9 | AB15: 1963.56 | AC15: 504.88 | AD15: =AC15+AB15 -> 2468.44 | AE15: 1842.32
A16: May - Jun | B16: 2015 | C16: 2410.4859 | D16: 61.985346 | E16: 0.023217 | G16: 31 | M16: Jun | N16: 2015 | O16: =(C16*15/31)+(C17*15/30) -> 2349.3743 | P16: =(D16*15/31)+(D17*15/30) -> 53.526314 | Q16: =(E16*15/31)+(E17*15/30) -> 0.011234032 | T16: 434.14 | U16: 845.97 | V16: 1030.86 | Y16: 515.27 | Z16: 985.36 | AA16: =Z16+Y16 -> 1500.63 | AB16: 2039.86 | AC16: 439.09 | AD16: =AC16+AB16 -> 2478.95 | AE16: 1705.8
A17: Jun - Jul | B17: 2015 | C17: 2366.0204 | D17: 47.066809 | E17: 0 | G17: 30 | M17: Jul | N17: 2015 | O17: =(C17*15/30)+(C18*16/31) -> 2425.6344 | P17: =(D17*15/30)+(D18*16/31) -> 59.07393 | Q17: =(E17*15/30)+(E18*16/31) -> 0.010431484 | T17: 517.51 | U17: 1012.94 | V17: 1264.49 | Y17: 621.27 | Z17: 1261.37 | AA17: =Z17+Y17 -> 1882.64 | AB17: 1928.78 | AC17: 551.56 | AD17: =AC17+AB17 -> 2480.34 | AE17: 1706.03
A18: Jul - Aug | B18: 2015 | C18: 2407.5844 | D18: 68.859768 | E18: 0.020211 | G18: 31 | M18: Aug | N18: 2015 | O18: =(C18*15/31)+(C19*16/31) -> 2351.0841 | P18: =(D18*15/31)+(D19*16/31) -> 64.710705 | Q18: =(E18*15/31)+(E19*16/31) -> 0.0097795161 | T18: 480.37 | U18: 1058.36 | V18: 1228.07 | Y18: 643.53 | Z18: 1202.2 | AA18: =Z18+Y18 -> 1845.73 | AB18: 1902.34 | AC18: 532.64 | AD18: =AC18+AB18 -> 2434.98 | AE18: 1782.34
A19: Aug - Sep | B19: 2015 | C19: 2298.115 | D19: 60.820959 | E19: 0 | G19: 31 | M19: Sep | N19: 2015 | O19: =(C19*15/31)+(C20*15/30) -> 2286.9429 | P19: =(D19*15/31)+(D20*15/30) -> 65.713048 | Q19: =(E19*15/31)+(E20*15/30) -> 0 | T19: 458.45 | U19: 1069.59 | V19: 1219.46 | Y19: 659.98 | Z19: 1198.12 | AA19: =Z19+Y19 -> 1858.1 | AB19: 1805.09 | AC19: 652.38 | AD19: =AC19+AB19 -> 2457.47 | AE19: 1824.99
A20: Sep - Oct | B20: 2015 | C20: 2349.9036 | D20: 72.567104 | E20: 0 | G20: 30 | M20: Oct | N20: 2015 | O20: =(C20*15/30)+(C21*16/31) -> 2451.1068 | P20: =(D20*15/30)+(D21*16/31) -> 72.847935 | Q20: =(E20*15/30)+(E21*16/31) -> 0 | T20: 437.15 | U20: 907.89 | V20: 1288.48 | Y20: 614.9 | Z20: 1347.57 | AA20: =Z20+Y20 -> 1962.47 | AB20: 1988.71 | AC20: 571.85 | AD20: =AC20+AB20 -> 2560.56 | AE20: 1735.73
A21: Oct -Nov | B21: 2015 | C21: 2472.5504 | D21: 70.843492 | E21: 0 | G21: 31 | M21: Nov | N21: 2015 | O21: =(C21*15/31)+(C22*15/30) -> 2389.2624 | P21: =(D21*15/31)+(D22*15/30) -> 68.256255 | Q21: =(E21*15/31)+(E22*15/30) -> 1.775074 | T21: 360.13 | U21: 791.94 | V21: 1332.03 | Y21: 539.93 | Z21: 1299.71 | AA21: =Z21+Y21 -> 1839.64 | AB21: 2098.55 | AC21: 368.18 | AD21: =AC21+AB21 -> 2466.73 | AE21: 1851.3
A22: Nov - Dec | B22: 2015 | C22: 2385.7342 | D22: 67.954292 | E22: 3.550148 | G22: 30 | M22: Dec | N22: 2015 | O22: =(C22*15/30)+(C23*16/31) -> 2317.8687 | P22: =(D22*15/30)+(D23*16/31) -> 62.365158 | Q22: =(E22*15/30)+(E23*16/31) -> 1.9716557 | T22: 332.35 | U22: 1149.56 | V22: 1143.72 | Y22: 548.9 | Z22: 1337.54 | AA22: =Z22+Y22 -> 1886.44 | AB22: 2018.9 | AC22: 346.16 | AD22: =AC22+AB22 -> 2365.06 | AE22: 1858.3
A23: Dec - Jan | B23: 2016 | C23: 2179.6906 | D23: 55.001774 | E23: 0.380877 | G23: 31 | M23: Jan | N23: =N22+1 -> 2016 | O23: =(C23*15/31)+(C24*16/31) -> 2286.7815 | P23: =(D23*15/31)+(D24*16/31) -> 56.028698 | Q23: =(E23*15/31)+(E24*16/31) -> 1.8584316 | T23: 368.36 | U23: 892.6 | V23: 998.81 | Y23: 600.25 | Z23: 1154.83 | AA23: =Z23+Y23 -> 1755.08 | AB23: 1840.32 | AC23: 476.77 | AD23: =AC23+AB23 -> 2317.09 | AE23: 1694.43 | AH23: 16.361716 | AI23: 3.656909 | AJ23: 521.18168 | AK23: 23.189
A24: Jan - Feb | B24: 2016 | C24: 2387.1792 | D24: 56.99144 | E24: 3.243639 | G24: 31 | M24: Feb | N24: =N23 -> 2016 | O24: =(C24*15/31)+(C25*13/28) -> 2261.967 | P24: =(D24*15/31)+(D25*13/28) -> 42.926959 | Q24: =(E24*15/31)+(E25*13/28) -> 1.8747864 | T24: 266.63 | U24: 713.38 | V24: 1102.25 | Y24: 590.24 | Z24: 825.52 | AA24: =Z24+Y24 -> 1415.76 | AB24: 2033.99 | AC24: 188.78 | AD24: =AC24+AB24 -> 2222.77 | AE24: 1672.83 | AH24: 4.64255 | AI24: 0.290383 | AJ24: 701.90805 | AK24: 3.113
A25: Feb - Mar | B25: 2016 | C25: 2384.0498 | D25: 33.06252 | E25: 0.657534 | G25: 28 | M25: Mar | N25: =N24 -> 2016 | O25: =(C25*15/28)+(C26*16/31) -> 2537.9688 | P25: =(D25*15/28)+(D26*16/31) -> 62.129515 | Q25: =(E25*15/28)+(E26*16/31) -> 0.35225036 | T25: 280.32 | U25: 930.24 | V25: 1129.95 | Y25: 529.08 | Z25: 952.03 | AA25: =Z25+Y25 -> 1481.11 | AB25: 2014.71 | AC25: 280.97 | AD25: =AC25+AB25 -> 2295.68 | AE25: 1575.74 | AH25: 27.687327 | AI25: 15.498864 | AJ25: 859.35707 | AK25: 23.872
A26: Mar - Apr | B26: 2016 | C26: 2442.7985 | D26: 86.05881 | E26: 0 | G26: 31 | M26: Apr | N26: =N25 -> 2016 | O26: =(C26+15/31)+(C27*15/30) -> 3608.673 | P26: =(D26+15/31)+(D27*15/30) -> 124.81763 | Q26: =(E26+15/31)+(E27*15/30) -> 0.48387097 | T26: 359.55 | U26: 915.78 | V26: 1000.78 | Y26: 607.8 | Z26: 949.97 | AA26: =Z26+Y26 -> 1557.77 | AB26: 2056.84 | AC26: 406.95 | AD26: =AC26+AB26 -> 2463.79 | AE26: 1651.98 | AH26: 24.647013 | AI26: 5.141295 | AJ26: 606.10103 | AK26: 16.27
A27: Apr - May | B27: 2016 | C27: 2330.7813 | D27: 76.549904 | E27: 0 | G27: 30 | M27: May | N27: =N26 -> 2016 | O27: =(C27*15/30)+(C28*16/31) -> 2450.9165 | P27: =(D27*15/30)+(D28*16/31) -> 80.969041 | Q27: =(E27*15/30)+(E28*16/31) -> 0 | T27: 377.39 | U27: 1014.11 | V27: 920.25 | Y27: 589.8 | Z27: 1155.74 | AA27: =Z27+Y27 -> 1745.54 | AB27: 1977.82 | AC27: 714.21 | AD27: =AC27+AB27 -> 2692.03 | AE27: 1682.08 | AH27: 40.476148 | AI27: 3.465111 | AJ27: 581.77515 | AK27: 14.097
A28: May - Jun | B28: 2016 | C28: 2490.7064 | D28: 82.719797 | E28: 0 | G28: 31 | M28: Jun | N28: =N27 -> 2016 | O28: =(C28*15/31)+(C29*15/30) -> 2420.0767 | P28: =(D28*15/31)+(D29*15/30) -> 74.15955 | Q28: =(E28*15/31)+(E29*15/30) -> 0.00051 | T28: 448.25 | U28: 958.11 | V28: 1100.27 | Y28: 583.97 | Z28: 1141.02 | AA28: =Z28+Y28 -> 1724.99 | AB28: 2103.58 | AC28: 520.07 | AD28: =AC28+AB28 -> 2623.65 | AE28: 1748.68 | AH28: 27.685534 | AI28: 0.608005 | AJ28: 1017.162 | AK28: 38.865
A29: Jun - Jul | B29: 2016 | C29: 2429.7924 | D29: 68.267684 | E29: 0.00102 | G29: 30 | M29: Jul | N29: =N28 -> 2016 | O29: =(C29*15/30)+(C30*16/31) -> 2476.4441 | P29: =(D29*15/30)+(D30*16/31) -> 71.874369 | Q29: =(E29*15/30)+(E30*16/31) -> 0.61787052 | T29: 476.77 | U29: 1115.43 | V29: 936.75 | Y29: 617.57 | Z29: 1133.83 | AA29: =Z29+Y29 -> 1751.4 | AB29: 2059.14 | AC29: 581.64 | AD29: =AC29+AB29 -> 2640.78 | AE29: 1753.27 | AH29: 35.673569 | AI29: 4.657737 | AJ29: 662.04964 | AK29: 83.706
A30: Jul - Aug | B30: 2016 | C30: 2444.2491 | D30: 73.122272 | E30: 1.196136 | G30: 31 | M30: Aug | N30: =N29 -> 2016 | O30: =(C30*15/31)+(C31*16/31) -> 2421.3864 | P30: =(D30*15/31)+(D31*16/31) -> 64.082098 | Q30: =(E30*15/31)+(E31*16/31) -> 0.58902787 | T30: 433.18 | U30: 1152.41 | V30: 1027.05 | Y30: 612.73 | Z30: 1247 | AA30: =Z30+Y30 -> 1859.73 | AB30: 2064.17 | AC30: 414.23 | AD30: =AC30+AB30 -> 2478.4 | AE30: 1699.68 | AH30: 23.22011 | AI30: 0.56713 | AJ30: 774.36329 | AK30: 35.074
A31: Aug - Sep | B31: 2016 | C31: 2399.9526 | D31: 55.606934 | E31: 0.019864 | G31: 31 | M31: Sep | N31: =N30 -> 2016 | O31: =(C31*15/31)+(C32*15/30) -> 2411.375 | P31: =(D31*15/31)+(D32*15/30) -> 48.387139 | Q31: =(E31*15/31)+(E32*15/30) -> 0.0096116129 | T31: 370.05 | U31: 1049.87 | V31: 919.7 | Y31: 574.59 | Z31: 1216.87 | AA31: =Z31+Y31 -> 1791.46 | AB31: 1984.05 | AC31: 721.27 | AD31: =AC31+AB31 -> 2705.32 | AE31: 1567.64 | AH31: 20.131739 | AI31: 0.575355 | AJ31: 912.89016 | AK31: 53.83
A32: Sep - Oct | B32: 2016 | C32: 2500.2153 | D32: 42.961116 | E32: 0 | G32: 30 | M32: Oct | N32: =N31 -> 2016 | O32: =(C32*15/30)+(C33*16/31) -> 2563.6087 | P32: =(D32*15/30)+(D33*16/31) -> 50.728154 | Q32: =(E32*15/30)+(E33*16/31) -> 0 | T32: 346.8 | U32: 1014.73 | V32: 965.85 | Y32: 566.92 | Z32: 1274.63 | AA32: =Z32+Y32 -> 1841.55 | AB32: 2111.96 | AC32: 467.63 | AD32: =AC32+AB32 -> 2579.59 | AE32: 1724.51 | AH32: 14.305777 | AI32: 5.945688 | AJ32: 861.29491 | AK32: 17.124
A33: Oct -Nov | B33: 2016 | C33: 2544.9082 | D33: 56.667218 | E33: 0 | G33: 31 | M33: Nov | N33: =N32 -> 2016 | O33: =(C33*15/31)+(C34*15/30) -> 2496.9861 | P33: =(D33*15/31)+(D34*15/30) -> 49.76382 | Q33: =(E33*15/31)+(E34*15/30) -> 0 | T33: 321.7 | U33: 796.2 | V33: 1018.77 | Y33: 542.47 | Z33: 1209.8 | AA33: =Z33+Y33 -> 1752.27 | AB33: 2153.88 | AC33: 435.52 | AD33: =AC33+AB33 -> 2589.4 | AE33: 1698.74 | AH33: 12.145759 | AI33: 0.979867 | AJ33: 650.18901 | AK33: 41.372
A34: Nov - Dec | B34: 2016 | C34: 2531.1579 | D34: 44.688396 | E34: 0 | G34: 30 | M34: Dec | N34: =N33 -> 2016 | O34: =(C34*15/30)+(C35*16/31) -> 2404.183 | P34: =(D34*15/30)+(D35*16/31) -> 45.462982 | Q34: =(E34*15/30)+(E35*16/31) -> 0 | T34: 343.47 | U34: 946.56 | V34: 1023.23 | Y34: 566.1 | Z34: 1262.67 | AA34: =Z34+Y34 -> 1828.77 | AB34: 2138.04 | AC34: 429.39 | AD34: =AC34+AB34 -> 2567.43 | AE34: 1791.17 | AH34: 10.950946 | AI34: 0.61104 | AJ34: 738.16586 | AK34: 5.19
A35: Dec - Jan | B35: 2017 | C35: 2206.0453 | D35: 44.792644 | E35: 0 | G35: 31 | M35: Jan | N35: =N34+1 -> 2017 | O35: =(C35*15/31)+(C36*16/31) -> 2338.2469 | P35: =(D35*15/31)+(D36*16/31) -> 47.905571 | Q35: =(E35*15/31)+(E36*16/31) -> 0 | T35: 375.1 | U35: 955.94 | V35: 1182.7 | Y35: 553.69 | Z35: 1167.77 | AA35: =Z35+Y35 -> 1721.46 | AB35: 1801.47 | AC35: 465.48 | AD35: =AC35+AB35 -> 2266.95 | AE35: 2029.93 | AH35: 23.650502 | AI35: 5.413519 | AJ35: 803.98403 | AK35: 9.93
A36: Jan - Feb | B36: 2017 | C36: 2462.1859 | D36: 50.823941 | E36: 0 | G36: 31 | M36: Feb | N36: =N35 -> 2017 | O36: =(C36*15/31)+(C37*13/28) -> 2247.453 | P36: =(D36*15/31)+(D37*13/28) -> 51.062957 | Q36: =(E36*15/31)+(E37*13/28) -> 0 | T36: 280.67 | U36: 852.44 | V36: 1114.94 | Y36: 560.86 | Z36: 850.03 | AA36: =Z36+Y36 -> 1410.89 | AB36: 2212.57 | AC36: 246.75 | AD36: =AC36+AB36 -> 2459.32 | AE36: 1784.12 | AH36: 7.686365 | AI36: 0.343464 | AJ36: 751.21809 | AK36: 19.96
A37: Feb - Mar | B37: 2017 | C37: 2274.6182 | D37: 57.013875 | E37: 0 | G37: 28 | M37: Mar | N37: =N36 -> 2017 | O37: =(C37*15/28)+(C38*16/31) -> 2576.9324 | P37: =(D37*15/28)+(D38*16/31) -> 65.569191 | Q37: =(E37*15/28)+(E38*16/31) -> 0.0081842581 | T37: 400.16 | U37: 990.54 | V37: 1243.21 | Y37: 553.9 | Z37: 1142.39 | AA37: =Z37+Y37 -> 1696.29 | AB37: 1934.22 | AC37: 408.91 | AD37: =AC37+AB37 -> 2343.13 | AE37: 1752.76 | AH37: 14.756073 | AI37: 0.295694 | AJ37: 802.10277 | AK37: 24.14
A38: Mar - Apr | B38: 2017 | C38: 2631.8747 | D38: 67.86296 | E38: 0.015857 | G38: 31 | M38: Apr | N38: =N37 -> 2017 | O38: =(C38+15/31)+(C39*15/30) -> 3782.4187 | P38: =(D38+15/31)+(D39*15/30) -> 104.72372 | Q38: =(E38+15/31)+(E39*15/30) -> 0.49972797 | T38: 457.1 | U38: 976.19 | V38: 1086.96 | Y38: 586.14 | Z38: 1139.25 | AA38: =Z38+Y38 -> 1725.39 | AB38: 2195.8 | AC38: 280.94 | AD38: =AC38+AB38 -> 2476.74 | AE38: 1968.46 | AH38: 32.654227 | AI38: 4.856722 | AJ38: 759.93405 | AK38: 13.754
A39: Apr - May | B39: 2017 | C39: 2300.1202 | D39: 72.75378 | E39: 0 | G39: 30 | M39: May | N39: =N38 -> 2017 | O39: =(C39*15/30)+(C40*16/31) -> 2438.9231 | P39: =(D39*15/30)+(D40*16/31) -> 78.424101 | Q39: =(E39*15/30)+(E40*16/31) -> 0 | T39: 486.36 | U39: 1091.04 | V39: 1207.26 | Y39: 572.55 | Z39: 1123.8 | AA39: =Z39+Y39 -> 1696.35 | AB39: 1970.27 | AC39: 553.05 | AD39: =AC39+AB39 -> 2523.32 | AE39: 1925.85 | AH39: 40.350787 | AI39: 0.30755 | AJ39: 775.6768 | AK39: 35.331
A40: May - Jun | B40: 2017 | C40: 2497.1722 | D40: 81.466471 | E40: 0 | G40: 31 | M40: Jun | N40: =N39 -> 2017 | O40: =(C40*15/31)+(C41*15/30) -> 2450.9879 | P40: =(D40*15/31)+(D41*15/30) -> 71.621539 | Q40: =(E40*15/31)+(E41*15/30) -> 0 | T40: 515.9 | U40: 1213.69 | V40: 1122.32 | Y40: 574.41 | Z40: 1161.04 | AA40: =Z40+Y40 -> 1735.45 | AB40: 2113.64 | AC40: 692.51 | AD40: =AC40+AB40 -> 2806.15 | AE40: 1848.76 | AH40: 22.855553 | AI40: 5.806442 | AJ40: 620.47716 | AK40: 49.316
A41: Jun - Jul | B41: 2017 | C41: 2485.3576 | D41: 64.404557 | E41: 0 | G41: 30 | M41: Jul | N41: =N40 -> 2017 | O41: =(C41*15/30)+(C42*16/31) -> 2506.2901 | P41: =(D41*15/30)+(D42*16/31) -> 64.940693 | Q41: =(E41*15/30)+(E42*16/31) -> 0 | T41: 503.52 | U41: 1181.41 | V41: 1070.28 | Y41: 584.38 | Z41: 1109.03 | AA41: =Z41+Y41 -> 1693.41 | AB41: 2103.58 | AC41: 580.41 | AD41: =AC41+AB41 -> 2683.99 | AE41: 1824.4 | AH41: 31.031741 | AI41: 5.252503 | AJ41: 616.75452 | AK41: 15.665
A42: Jul - Aug | B42: 2017 | C42: 2448.2469 | D42: 63.430678 | E42: 0 | G42: 31 | M42: Aug | N42: =N41 -> 2017 | O42: =(C42*15/31)+(C43*16/31) -> 2469.3309 | P42: =(D42*15/31)+(D43*16/31) -> 55.737852 | Q42: =(E42*15/31)+(E43*16/31) -> 0 | T42: 542.19 | U42: 1164.09 | V42: 992.34 | Y42: 581.69 | Z42: 1253.2 | AA42: =Z42+Y42 -> 1834.89 | AB42: 2065.01 | AC42: 537.11 | AD42: =AC42+AB42 -> 2602.12 | AE42: 1847.11 | AH42: 16.639635 | AI42: 3.897506 | AJ42: 716.9359 | AK42: 60.138
A43: Aug - Sep | B43: 2017 | C43: 2489.0971 | D43: 48.525827 | E43: 0 | G43: 31 | M43: Sep | N43: =N42 -> 2017 | O43: =(C43*15/31)+(C44*15/30) -> 2439.0961 | P43: =(D43*15/31)+(D44*15/30) -> 46.232018 | Q43: =(E43*15/31)+(E44*15/30) -> 0 | T43: 436.31 | U43: 1121.24 | V43: 1040.4 | Y43: 655.1 | Z43: 1078.46 | AA43: =Z43+Y43 -> 1733.56 | AB43: 2096.87 | AC43: 574.5 | AD43: =AC43+AB43 -> 2671.37 | AE43: 1726.07 | AH43: 19.337366 | AI43: 1.130131 | AJ43: 853.39642 | AK43: 81.259
A44: Sep - Oct | B44: 2017 | C44: 2469.3886 | D44: 45.503558 | E44: 0 | G44: 30 | M44: Oct | N44: =N43 -> 2017 | O44: =(C44*15/30)+(C45*16/31) -> 2568.0995 | P44: =(D44*15/30)+(D45*16/31) -> 57.412365 | Q44: =(E44*15/30)+(E45*16/31) -> 0.66720826 | T44: 439.21 | U44: 1076.4 | V44: 990.17 | Y44: 524.12 | Z44: 1211.91 | AA44: =Z44+Y44 -> 1736.03 | AB44: 2081.78 | AC44: 525.98 | AD44: =AC44+AB44 -> 2607.76 | AE44: 1740.41 | AH44: 14.591011 | AI44: 6.457679 | AJ44: 773.71629 | AK44: 33.332
A45: Oct -Nov | B45: 2017 | C45: 2583.4725 | D45: 67.154886 | E45: 1.292716 | G45: 31 | M45: Nov | N45: =N44 -> 2017 | O45: =(C45*15/31)+(C46*15/30) -> 2542.5126 | P45: =(D45*15/31)+(D46*15/30) -> 67.776559 | Q45: =(E45*15/31)+(E46*15/30) -> 0.62550774 | T45: 313.8 | U45: 914.07 | V45: 1079.45 | Y45: 564.08 | Z45: 1009.17 | AA45: =Z45+Y45 -> 1573.25 | AB45: 2203.23 | AC45: 396.22 | AD45: =AC45+AB45 -> 2599.45 | AE45: 1674.47 | AH45: 22.607449 | AI45: 0.116718 | AJ45: 931.95847 | AK45: 7.346
A46: Nov - Dec | B46: 2017 | C46: 2584.8905 | D46: 70.564518 | E46: 0 | G46: 30 | M46: Dec | N46: =N45 -> 2017 | O46: =(C46*15/30)+(C47*16/31) -> 2413.1497 | P46: =(D46*15/30)+(D47*16/31) -> 71.096124 | Q46: =(E46*15/30)+(E47*16/31) -> 0 | T46: 280.78 | U46: 910.31 | V46: 1014.78 | Y46: 566.78 | Z46: 1178.53 | AA46: =Z46+Y46 -> 1745.31 | AB46: 2197.48 | AC46: 456.64 | AD46: =AC46+AB46 -> 2654.12 | AE46: 1803.46 | AH46: 25.0517 | AI46: 6.286176 | AJ46: 720.95069 | AK46: 10.849
A47: Dec - Jan | B47: 2018 | C47: 2171.3649 | D47: 69.389364 | E47: 0 | G47: 31 | M47: Jan | N47: =N46+1 -> 2018 | O47: =(C47*15/31)+(C48*16/31) -> 2357.8544 | P47: =(D47*15/31)+(D48*16/31) -> 76.836714 | Q47: =(E47*15/31)+(E48*16/31) -> 0 | T47: 333.05 | U47: 978.81 | V47: 1139.83 | W47: 885.64 | X47: 126.63 | Y47: 633.19 | Z47: 1066.06 | AA47: =Z47+Y47 -> 1699.25 | AB47: 1844.2 | AC47: 299.39 | AD47: =AC47+AB47 -> 2143.59 | AE47: 1987.63 | AF47: 1074.28 | AG47: 354.95 | AH47: 33.321883 | AI47: 0.251803 | AJ47: 1121.9012 | AK47: 29.821
A48: Jan - Feb | B48: 2018 | C48: 2532.6883 | D48: 83.818604 | E48: 0 | G48: 31 | M48: Feb | N48: =N47 -> 2018 | O48: =(C48*15/31)+(C49*13/28) -> 2248.3265 | P48: =(D48*15/31)+(D49*13/28) -> 68.988454 | Q48: =(E48*15/31)+(E49*13/28) -> 0 | T48: 265.73 | U48: 830.82 | V48: 1082.29 | W48: 794.13 | X48: 103.41 | Y48: 499.54 | Z48: 784.68 | AA48: =Z48+Y48 -> 1284.22 | AB48: 2147.62 | AC48: 250.81 | AD48: =AC48+AB48 -> 2398.43 | AE48: 2015.2 | AF48: 1484.41 | AG48: 131.54 | AH48: 19.889545 | AI48: 0.127627 | AJ48: 559.51258 | AK48: 13.23
A49: Feb - Mar | B49: 2018 | C49: 2203.0232 | D49: 61.236141 | E49: 0 | G49: 28 | M49: Mar | N49: =N48 -> 2018 | O49: =(C49*15/28)+(C50*16/31) -> 2512.6218 | P49: =(D49*15/28)+(D50*16/31) -> 70.925597 | Q49: =(E49*15/28)+(E50*16/31) -> 0 | T49: 314.46 | U49: 946.34 | V49: 953.95 | W49: 695.83 | X49: 117.11 | Y49: 701.9 | Z49: 877.86 | AA49: =Z49+Y49 -> 1579.76 | AB49: 1839.38 | AC49: 349.37 | AD49: =AC49+AB49 -> 2188.75 | AE49: 1980.5 | AF49: 1003.58 | AG49: 84.33 | AH49: 26.185473 | AI49: 10.200194 | AJ49: 784.38784 | AK49: 43.771
A50: Mar - Apr | B50: 2018 | C50: 2581.5846 | D50: 73.858511 | E50: 0 | G50: 31 | M50: Apr | N50: =N49 -> 2018 | O50: =(C50+15/31)+(C51*15/30) -> 3778.8642 | P50: =(D50+15/31)+(D51*15/30) -> 115.84204 | Q50: =(E50+15/31)+(E51*15/30) -> 0.50660197 | T50: 413.21 | U50: 1047.37 | V50: 1032.69 | W50: 872.27 | X50: 120.8 | Y50: 714.77 | Z50: 982.45 | AA50: =Z50+Y50 -> 1697.22 | AB50: 2181.62 | AC50: 453.85 | AD50: =AC50+AB50 -> 2635.47 | AE50: 1882.56 | AF50: 1267.8 | AG50: 62.96 | AH50: 39.524341 | AI50: 25.061386 | AJ50: 891.59497 | AK50: 44.049
A51: Apr - May | B51: 2018 | C51: 2393.5914 | D51: 82.99931 | E51: 0.045462 | G51: 30 | M51: May | N51: =N50 -> 2018 | O51: =(C51*15/30)+(C52*16/31) -> 2496.4636 | P51: =(D51*15/30)+(D52*16/31) -> 103.1928 | Q51: =(E51*15/30)+(E52*16/31) -> 0.060848677 | T51: 440.27 | U51: 1039.58 | V51: 1025.12 | W51: 755.84 | X51: 113.13 | Y51: 619.14 | Z51: 859.86 | AA51: =Z51+Y51 -> 1479 | AB51: 2028.13 | AC51: 570.58 | AD51: =AC51+AB51 -> 2598.71 | AE51: 1848.95 | AF51: 1393.16 | AG51: 79.25 | AH51: 73.468618 | AI51: 7.918003 | AJ51: 843.44431 | AK51: 65.252
A52: May - Jun | B52: 2018 | C52: 2518.1065 | D52: 119.53047 | E52: 0.073853 | G52: 31 | M52: Jun | N52: =N51 -> 2018 | O52: =(C52*15/31)+(C53*15/30) -> 2432.9569 | P52: =(D52*15/31)+(D53*15/30) -> 115.8573 | Q52: =(E52*15/31)+(E53*15/30) -> 0.086128823 | T52: 504.01 | U52: 1064.09 | V52: 940.43 | W52: 636.58 | X52: 133.62 | Y52: 628.06 | Z52: 952.46 | AA52: =Z52+Y52 -> 1580.52 | AB52: 2201.1 | AC52: 381.79 | AD52: =AC52+AB52 -> 2582.89 | AE52: 1866.57 | AF52: 1294.52 | AG52: 68.3 | AH52: 61.066413 | AI52: 6.147628 | AJ52: 660.57937 | AK52: 118.462
A53: Jun - Jul | B53: 2018 | C53: 2429.0366 | D53: 116.03996 | E53: 0.100787 | G53: 30 | M53: Jul | N53: =N52 -> 2018 | O53: =(C53*15/30)+(C54*16/31) -> 2466.3897 | P53: =(D53*15/30)+(D54*16/31) -> 127.8141 | Q53: =(E53*15/30)+(E54*16/31) -> 0.18164666 | T53: 541.43 | U53: 1179.66 | V53: 1045.95 | W53: 888.67 | X53: 118.35 | Y53: 743.5 | Z53: 929.03 | AA53: =Z53+Y53 -> 1672.53 | AB53: 2050.64 | AC53: 551.49 | AD53: =AC53+AB53 -> 2602.13 | AE53: 1985.93 | AF53: 1525.76 | AG53: 108.13 | AH53: 119.16849 | AI53: 9.986149 | AJ53: 725.37233 | AK53: 133.484
A54: Jul - Aug | B54: 2018 | C54: 2425.5008 | D54: 135.22612 | E54: 0.254303 | G54: 31 | M54: Aug | N54: =N53 -> 2018 | O54: =(C54*15/31)+(C55*16/31) -> 2443.5702 | P54: =(D54*15/31)+(D55*16/31) -> 138.50024 | Q54: =(E54*15/31)+(E55*16/31) -> 0.17249706 | T54: 584.78 | U54: 1164.44 | V54: 1129.38 | W54: 856.96 | X54: 177.54 | Y54: 643.72 | Z54: 1203.4 | AA54: =Z54+Y54 -> 1847.12 | AB54: 2042.88 | AC54: 518.44 | AD54: =AC54+AB54 -> 2561.32 | AE54: 1985.9 | AF54: 1062.33 | AG54: 153.39 | AH54: 47.983347 | AI54: 12.209146 | AJ54: 724.68761 | AK54: 178.564
A55: Aug - Sep | B55: 2018 | C55: 2460.5103 | D55: 141.56974 | E55: 0.095804 | G55: 31 | M55: Sep | N55: =N54 -> 2018 | O55: =(C55*15/31)+(C56*15/30) -> 2341.3842 | P55: =(D55*15/31)+(D56*15/30) -> 129.70188 | Q55: =(E55*15/31)+(E56*15/30) -> 0.10145127 | T55: 463.99 | U55: 1072.61 | V55: 1053.04 | W55: 753.79 | X55: 120.65 | Y55: 620.85 | Z55: 1202.01 | AA55: =Z55+Y55 -> 1822.86 | AB55: 2078.16 | AC55: 554.54 | AD55: =AC55+AB55 -> 2632.7 | AE55: 2036.19 | AF55: 935.32 | AG55: 108.36 | AH55: 60.716582 | AI55: 5.108096 | AJ55: 898.50374 | AK55: 104.912
A56: Sep - Oct | B56: 2018 | C56: 2301.6293 | D56: 122.40078 | E56: 0.110189 | G56: 30 | M56: Oct | N56: =N55 -> 2018 | O56: =(C56*15/30)+(C57*16/31) -> 2517.7974 | P56: =(D56*15/30)+(D57*16/31) -> 108.21724 | Q56: =(E56*15/30)+(E57*16/31) -> 0.30373708 | T56: 465.75 | U56: 1027.36 | V56: 986.83 | W56: 755.96 | X56: 135.52 | Y56: 529.61 | Z56: 1260.54 | AA56: =Z56+Y56 -> 1790.15 | AB56: 2009.53 | AC56: 590.48 | AD56: =AC56+AB56 -> 2600.01 | AE56: 1903.58 | AF56: 979.64 | AG56: 128.06 | AH56: 50.58131 | AI56: 2.399795 | AJ56: 564.4296 | AK56: 135.03
A57: Oct -Nov | B57: 2018 | C57: 2648.529 | D57: 91.095148 | E57: 0.481745 | G57: 31 | M57: Nov | N57: =N56 -> 2018 | O57: =(C57*15/31)+(C58*15/30) -> 2562.9133 | P57: =(D57*15/31)+(D58*15/30) -> 70.144623 | Q57: =(E57*15/31)+(E58*15/30) -> 0.66704892 | T57: 405.07 | U57: 832.99 | V57: 1181.23 | W57: 918.3 | X57: 150.15 | Y57: 555.37 | Z57: 1173.49 | AA57: =Z57+Y57 -> 1728.86 | AB57: 2239.96 | AC57: 262.48 | AD57: =AC57+AB57 -> 2502.44 | AE57: 1608.9 | AF57: 887.69 | AG57: 184.54 | AH57: 23.741592 | AI57: 16.261442 | AJ57: 761.30755 | AK57: 128.499
A58: Nov - Dec | B58: 2018 | C58: 2562.7339 | D58: 52.132651 | E58: 0.867893 | G58: 30 | M58: Dec | N58: =N57 -> 2018 | O58: =(C58*15/30)+C59 -> 2605.7229 | P58: =(D58*15/30)+D59 -> 51.894475 | Q58: =(E58*15/30)+E59 -> 0.8645435 | T58: 397.2 | U58: 1093.09 | V58: 911.73 | W58: 581.17 | X58: 155.36 | Y58: 553.97 | Z58: 1307.49 | AA58: =Z58+Y58 -> 1861.46 | AB58: 2139.9 | AC58: 287.13 | AD58: =AC58+AB58 -> 2427.03 | AE58: 2016.46 | AF58: 1200.91 | AG58: 123.75 | AH58: 44.55974 | AI58: 5.110993 | AJ58: 679.17589 | AK58: 85.356
A59: Dec | B59: 2018 | C59: 1324.3559 | D59: 25.82815 | E59: 0.430597 | G59: 16 | M59: Jan | N59: =N58+1 -> 2019 | O59: =C60+(C61*16/31) -> 2189.6574 | P59: =D60+(D61*16/31) -> 89.497019 | Q59: =E60+(E61*16/31) -> 0.78078745 | T59: 429.35 | U59: 963.12 | V59: 856.76 | W59: 715.39 | X59: 130.15 | Y59: 641.12 | Z59: 1100.65 | AA59: =Z59+Y59 -> 1741.77 | AB59: 1921.36 | AC59: 386.78 | AD59: =AC59+AB59 -> 2308.14 | AE59: 1884.01 | AF59: 918.53 | AG59: 103.19 | AH59: 65.072788 | AI59: 10.186685 | AJ59: 924.90657 | AK59: 128.505
A60: Jan | B60: 2019 | C60: 968.64671 | D60: 36.806577 | E60: 0.288677 | G60: 15 | M60: Feb | N60: =N59 -> 2019 | O60: =(C61*15/31)+(C62*13/28) -> 2188.5099 | P60: =(D61*15/31)+(D62*13/28) -> 89.450603 | Q60: =(E61*15/31)+(E62*13/28) -> 0.53159208 | T60: 385.72 | U60: 851.85 | V60: 929.28 | W60: 684.74 | X60: 103.85 | Y60: 604.97 | Z60: 914.7 | AA60: =Z60+Y60 -> 1519.67 | AB60: 1959.03 | AC60: 334.34 | AD60: =AC60+AB60 -> 2293.37 | AE60: 1778.6 | AF60: 1036.46 | AG60: 126.16 | AH60: 42.90569 | AI60: 5.22712 | AJ60: 722.70945 | AK60: 107.56
A61: Jan-Feb | B61: 2019 | C61: 2365.7082 | D61: 102.08773 | E61: 0.953464 | G61: 31 | M61: Mar | N61: =N60 -> 2019 | O61: =(C62*15/28)+(C63*16/31) -> 2507.908 | P61: =(D62*15/28)+(D63*16/31) -> 106.50847 | Q61: =(E62*15/28)+(E63*16/31) -> 0.30500885 | T61: 406.98 | U61: 1103.31 | V61: 981.68 | W61: 796.57 | X61: 78.47 | Y61: 574.04 | Z61: 1073.52 | AA61: =Z61+Y61 -> 1647.56 | AB61: 1852.17 | AC61: 331 | AD61: =AC61+AB61 -> 2183.17 | AE61: 1663.93 | AF61: 659.71 | AG61: 71.51 | AH61: 46.42913 | AI61: 10.148197 | AJ61: 700.77078 | AK61: 118.312
A62: Feb - Mar | B62: 2019 | C62: 2248.2113 | D62: 86.268675 | E62: 0.151283 | G62: 28 | M62: Apr | N62: =N61 -> 2019 | O62: =(C63+15/31)+(C64*15/30) -> 3684.0424 | P62: =(D63+15/31)+(D64*15/30) -> 183.32225 | Q62: =(E63+15/31)+(E64*15/30) -> 0.91780197 | T62: 377.27 | U62: 1029.88 | V62: 895.45 | W62: 687.65 | X62: 93 | Y62: 617.21 | Z62: 1106.21 | AA62: =Z62+Y62 -> 1723.42 | AB62: 2107.39 | AC62: 559.82 | AD62: =AC62+AB62 -> 2667.21 | AE62: 1967.89 | AF62: 1221.69 | AG62: 69.63 | AH62: 52.411034 | AI62: 0.243862 | AJ62: 762.75178 | AK62: 138.383
A63: Mar - Apr | B63: 2019 | C63: 2525.5488 | D63: 116.8179 | E63: 0.433931 | G63: 31 | M63: May | N63: =N62 -> 2019 | O63: =(C64*15/30)+(C65*16/31) -> 2399.2998 | P63: =(D64*15/30)+(D65*16/31) -> 151.66609 | Q63: =(E64*15/30)+(E65*16/31) -> 0.10745548 | T63: 365.1 | U63: 1089.73 | V63: 904.11 | W63: 855.4 | X63: 64.47 | Y63: 597.62 | Z63: 1081.6 | AA63: =Z63+Y63 -> 1679.22 | AB63: 1912.94 | AC63: 550.62 | AD63: =AC63+AB63 -> 2463.56 | AE63: 1813.41 | AF63: 1038.52 | AG63: 111.55 | AH63: 124.43603 | AI63: 11.019417 | AJ63: 762.70751 | AK63: 168.664
A64: Apr - May | B64: 2019 | C64: 2316.0194 | D64: 132.04094 | E64: 0 | G64: 30 | M64: Jun | N64: =N63 -> 2019 | O64: =(C65*15/31)+(C66*15/30) -> 2321.6029 | P64: =(D65*15/31)+(D66*15/30) -> 158.60839 | Q64: =(E65*15/31)+(E66*15/30) -> 0.16856452 | T64: 388.63 | U64: 1114.21 | V64: 760.04 | W64: 696.36 | X64: 73.88 | Y64: 508.13 | Z64: 1044.87 | AA64: =Z64+Y64 -> 1553 | AB64: 2016.81 | AC64: 363.38 | AD64: =AC64+AB64 -> 2380.19 | AE64: 1924.34 | AF64: 1074.73 | AG64: 69.87 | AH64: 60.955382 | AI64: 0.376441 | AJ64: 892.35737 | AK64: 105.936
A65: May - Jun | B65: 2019 | C65: 2404.9995 | D65: 165.9384 | E65: 0.208195 | G65: 31 | M65: Jul | N65: =N64 -> 2019 | O65: =(C66*15/30)+(C67*16/31) -> 2409.3834 | P65: =(D66*15/30)+(D67*16/31) -> 166.38956 | Q65: =(E66*15/30)+(E67*16/31) -> 0.088019581 | T65: 519.13 | U65: 1055.49 | V65: 949.41 | W65: 857.21 | X65: 107.6 | Y65: 610.36 | Z65: 1109.47 | AA65: =Z65+Y65 -> 1719.83 | AB65: 1928.87 | AC65: 461.33 | AD65: =AC65+AB65 -> 2390.2 | AE65: 1955.24 | AF65: 1148.09 | AG65: 97.62 | AH65: 89.604078 | AI65: 14.20851 | AJ65: 618.6397 | AK65: 137.959
A66: Jun - Jul | B66: 2019 | C66: 2315.7869 | D66: 156.63123 | E66: 0.13565 | G66: 30 | M66: Aug | N66: =N65 -> 2019 | O66: =(C67*15/31)+(C68*16/31) -> 2410.9669 | P66: =(D67*15/31)+(D68*16/31) -> 163.01757 | Q66: =(E67*15/31)+(E68*16/31) -> 0.34987023 | T66: 567.88 | U66: 888.29 | V66: 958.89 | W66: 615.55 | X66: 149.61 | Y66: 614.09 | Z66: 1108.34 | AA66: =Z66+Y66 -> 1722.43 | AB66: 2031.01 | AC66: 414.27 | AD66: =AC66+AB66 -> 2445.28 | AE66: 2031.87 | AF66: 1118.2 | AG66: 136.97 | AH66: 96.50969 | AI66: 4.575113 | AJ66: 829.0199 | AK66: 148.707
A67: Jul - Aug | B67: 2019 | C67: 2424.7617 | D67: 170.64327 | E67: 0.039127 | G67: 31 | M67: Sep | N67: =N66 -> 2019 | O67: =(C68*15/31)+(C69*15/30) -> 2331.6072 | P67: =(D68*15/31)+(D69*15/30) -> 157.22073 | Q67: =(E68*15/31)+(E69*15/30) -> 0.39737669 | T67: 455.42 | U67: 1158.32 | V67: 922.79 | W67: 842.66 | X67: 138.29 | Y67: 680.23 | Z67: 1120.24 | AA67: =Z67+Y67 -> 1800.47 | AB67: 1988.14 | AC67: 513.99 | AD67: =AC67+AB67 -> 2502.13 | AE67: 1864.24 | AF67: 897.87 | AG67: 179.51 | AH67: 115.38801 | AI67: 5.159357 | AJ67: 803.714 | AK67: 138.739
A68: Aug - Sep | B68: 2019 | C68: 2398.0343 | D68: 155.86848 | E68: 0.641192 | G68: 31 | M68: Oct | N68: =N67 -> 2019 | O68: =(C69*15/30)+(C70*16/31) -> 2455.1949 | P68: =(D69*15/30)+(D70*16/31) -> 159.65738 | Q68: =(E69*15/30)+(E70*16/31) -> 1.4092448 | T68: 485.57 | U68: 1019.23 | V68: 937.8 | W68: 798.9 | X68: 172.36 | Y68: 648.35 | Z68: 1233.39 | AA68: =Z68+Y68 -> 1881.74 | AB68: 2116.58 | AC68: 419.88 | AD68: =AC68+AB68 -> 2536.46 | AE68: 1906.33 | AF68: 1269.21 | AG68: 230.66 | AH68: 107.67467 | AI68: 2.833138 | AJ68: 807.48924 | AK68: 171.865
A69: Sep - Oct | B69: 2019 | C69: 2342.5361 | D69: 163.60098 | E69: 0.174245 | G69: 30 | M69: Nov | N69: =N68 -> 2019 | O69: =(C70*15/31)+(C71*15/30) -> 2411.3501 | P69: =(D70*15/31)+(D71*15/30) -> 148.32202 | Q69: =(E70*15/31)+(E71*15/30) -> 1.9839987 | T69: 381.87 | U69: 765.51 | V69: 1362.36 | W69: 1021.11 | X69: 154.8 | Y69: 581.17 | Z69: 1133.83 | AA69: =Z69+Y69 -> 1715 | AB69: 1641.19 | AC69: 413.38 | AD69: =AC69+AB69 -> 2054.57 | AE69: 2108.95 | AF69: 997.07 | AG69: 185.33 | AH69: 79.706241 | AI69: 3.072612 | AJ69: 827.57633 | AK69: 142.746
A70: Oct - Nov | B70: 2019 | C70: 2487.6082 | D70: 150.84771 | E70: 2.561612 | G70: 31 | M70: Dec | N70: =N69 -> 2019 | O70: =(C71*15/30)+C72 -> 2429.138 | P70: =(D71*15/30)+D72 -> 155.66459 | Q70: =(E71*15/30)+E72 -> 1.329322 | T70: 422.41 | U70: 1032.69 | V70: 1033.58 | W70: 506.91 | X70: 147.69 | Y70: 558.59 | Z70: 1265.34 | AA70: =Z70+Y70 -> 1823.93 | AB70: 2014.7 | AC70: 422.28 | AD70: =AC70+AB70 -> 2436.98 | AE70: 1992.2 | AF70: 935 | AG70: 183.58 | AH70: 134.45292 | AI70: 0.025497 | AJ70: 588.08195 | AK70: 147.309
A71: Nov - Dec | B71: 2019 | C71: 2415.3373 | D71: 150.66238 | E71: 1.489018 | G71: 30 | M71: Jan | N71: =N70+1 -> 2020 | O71: =C73+(C74*16/31) -> 2181.4382 | P71: =D73+(D74*16/31) -> 147.8603 | Q71: =E73+(E74*16/31) -> 1.6195153 | T71: 450.54 | U71: 920.91 | V71: 1214.13 | W71: 899.33 | X71: 142.69 | Y71: 490.97 | Z71: 1122.48 | AA71: =Z71+Y71 -> 1613.45 | AB71: 1943.73 | AC71: 248.6 | AD71: =AC71+AB71 -> 2192.33 | AE71: 1934.96 | AF71: 968.03 | AG71: 159.28 | AH71: 111.8078 | AI71: 0.055606 | AJ71: 1047.3478 | AK71: 185.497
A72: Dec | B72: 2019 | C72: 1221.4693 | D72: 80.333403 | E72: 0.584813 | G72: 16 | M72: Feb | N72: =N71 -> 2020 | O72: =(C74*15/31)+(C75*13/28) -> 2216.2049 | P72: =(D74*15/31)+(D75*13/28) -> 137.49829 | Q72: =(E74*15/31)+(E75*13/28) -> 1.9828192 | T72: 346.79 | U72: 947.43 | V72: 1075.8 | W72: 630.41 | X72: 138.75 | Y72: 458.15 | Z72: 1007.96 | AA72: =Z72+Y72 -> 1466.11 | AB72: 1991.23 | AC72: 200.54 | AD72: =AC72+AB72 -> 2191.77 | AE72: 1945.2 | AF72: 1063.05 | AG72: 127.55 | AH72: 71.120824 | AI72: 0.078497 | AJ72: 515.7597 | AK72: 124.453
A73: Jan | B73: 2020 | C73: 940.29934 | D73: 66.791979 | E73: 0.685282 | G73: 15 | M73: Mar | N73: =N72 -> 2020 | O73: =(C75*15/28)+(C76*16/31) -> 1982.405 | P73: =(D75*15/28)+(D76*16/31) -> 131.27087 | Q73: =(E75*15/28)+(E76*16/31) -> 3.3195344 | T73: 250.19 | U73: 640.52 | V73: 1014.59 | W73: 652.42 | X73: 211.18 | Y73: 729.47 | Z73: 946.34 | AA73: =Z73+Y73 -> 1675.81 | AB73: 2052.32 | AC73: 331.16 | AD73: =AC73+AB73 -> 2383.48 | AE73: 1976.24 | AF73: 1370.17 | AG73: 113.42 | AH73: 109.9089 | AI73: 0.656458 | AJ73: 635.40595 | AK73: 169.491
A74: Jan-Feb | B74: 2020 | C74: 2404.7066 | D74: 157.06987 | E74: 1.810077 | G74: 31 | M74: Apr | N74: =N73 -> 2020 | O74: =(C76+15/31)+(C77*15/30) -> 2065.2653 | P74: =(D76+15/31)+(D77*15/30) -> 161.66656 | Q74: =(E76+15/31)+(E77*15/30) -> 6.8846535 | T74: 148.38 | U74: 227.53 | V74: 1160.97 | W74: 345.84 | X74: 99.12 | Y74: 561.88 | Z74: 776.84 | AA74: =Z74+Y74 -> 1338.72 | AB74: 1198.77 | AC74: 276.75 | AD74: =AC74+AB74 -> 1475.52 | AE74: 2320.08 | AF74: 985.35 | AG74: 290.53 | AH74: 93.67104 | AI74: 0.694628 | AJ74: 296.77753 | AK74: 99.593
A75: Feb - Mar | B75: 2020 | C75: 2267.2186 | D75: 132.45452 | E75: 2.384255 | G75: 28 | M75: May | N75: =N74 -> 2020 | O75: =(C77*15/30)+(C78*16/31) -> 1382.1065 | P75: =(D77*15/30)+(D78*16/31) -> 104.19861 | Q75: =(E77*15/30)+(E78*16/31) -> 4.4407243 | T75: 83.4 | U75: 170.35 | V75: 1278.56 | W75: 440.97 | X75: 102.28 | Y75: 389.12 | Z75: 997.52 | AA75: =Z75+Y75 -> 1386.64 | AB75: 993.3 | AC75: 307.06 | AD75: =AC75+AB75 -> 1300.36 | AE75: 2187.58 | AF75: 254.39 | AG75: 307.68 | AH75: 111.71018 | AI75: 5.276409 | AJ75: 398.40612 | AK75: 108.956
A76: Mar - Apr | B76: 2020 | C76: 1487.6583 | D76: 116.85662 | E76: 3.956869 | G76: 31 | M76: Jun | N76: =N75 -> 2020 | O76: =(C78*15/31)+(C79*15/30) -> 1677.5752 | P76: =(D78*15/31)+(D79*15/30) -> 125.91202 | Q76: =(E78*15/31)+(E79*15/30) -> 3.4486967 | T76: 81.68 | U76: 188.35 | V76: 1402.33 | W76: 416.49 | X76: 137.7 | Y76: 385.12 | Z76: 894.23 | AA76: =Z76+Y76 -> 1279.35 | AB76: 1320.18 | AC76: 418.71 | AD76: =AC76+AB76 -> 1738.89 | AE76: 2091.99 | AF76: 774.61 | AG76: 193.39 | AH76: 63.793044 | AI76: 5.241007 | AJ76: 635.7151 | AK76: 137.468
A77: Apr - May | B77: 2020 | C77: 1154.2463 | D77: 88.652156 | E77: 4.887827 | G77: 30 | M77: Jul | N77: =N76 -> 2020 | O77: =(C79*15/30)+(C80*16/31) -> 2025.0963 | P77: =(D79*15/30)+(D80*16/31) -> 148.91654 | Q77: =(E79*15/30)+(E80*16/31) -> 3.0310297 | T77: 109.82 | U77: 294.9 | V77: 1353.36 | W77: 209.23 | X77: 36.64 | Y77: 433.36 | Z77: 1161.39 | AA77: =Z77+Y77 -> 1594.75 | AB77: 1861.52 | AC77: 441.02 | AD77: =AC77+AB77 -> 2302.54 | AE77: 2183.9 | AF77: 1146.33 | AG77: 259.38 | AH77: 63.365614 | AI77: 6.223267 | AJ77: 201.39851 | AK77: 37.406
A78: May - Jun | B78: 2020 | C78: 1559.6553 | D78: 116.00303 | E78: 3.868821 | G78: 31 | M78: Aug | N78: =N77 -> 2020 | O78: =(C80*15/31)+(C81*16/31) -> 2129.0243 | P78: =(D80*15/31)+(D81*16/31) -> 148.16144 | Q78: =(E80*15/31)+(E81*16/31) -> 2.3398906 | T78: 74.74 | U78: 407.21 | V78: 1287.05 | W78: 284.56 | X78: 25.22 | Y78: 431.81 | Z78: 1142.2 | AA78: =Z78+Y78 -> 1574.01 | AB78: 1795.69 | AC78: 488.97 | AD78: =AC78+AB78 -> 2284.66 | AE78: 2272.05 | AF78: 997.45 | AG78: 179.79 | AH78: 65.025996 | AI78: 6.629619 | AJ78: 184.26753 | AK78: 38.45
A79: Jun - Jul | B79: 2020 | C79: 1845.8065 | D79: 139.56304 | E79: 3.153373 | G79: 30 | M79: Sep | N79: =N78 -> 2020 | O79: =(C81*15/31)+(C82*15/30) -> 2101.338 | P79: =(D81*15/31)+(D82*15/30) -> 147.38519 | Q79: =(E81*15/31)+(E82*15/30) -> 4.1974196 | T79: 108.05 | U79: 395.09 | V79: 1269.88 | W79: 353.75 | X79: 51.48 | Y79: 452.55 | Z79: 1191.32 | AA79: =Z79+Y79 -> 1643.87 | AB79: 1770.19 | AC79: 657.08 | AD79: =AC79+AB79 -> 2427.27 | AE79: 2116.38 | AF79: 890.75 | AG79: 115.57 | AH79: 101.97248 | AI79: 4.748729 | AJ79: 486.10953 | AK79: 67.761
A80: Jul - Aug | B80: 2020 | C80: 2135.4991 | D80: 153.3241 | E80: 2.81779 | G80: 31 | M80: Oct | N80: =N79 -> 2020 | O80: =(C82*15/30)+(C83*16/31) -> 2191.5843 | P80: =(D82*15/30)+(D83*16/31) -> 138.11055 | Q80: =(E82*15/30)+(E83*16/31) -> 5.2015447 | T80: 114.52 | U80: 373.27 | V80: 1466.16 | W80: 654.57 | X80: 91.06 | Y80: 535.99 | Z80: 1097.06 | AA80: =Z80+Y80 -> 1633.05 | AB80: 1807.76 | AC80: 486.6 | AD80: =AC80+AB80 -> 2294.36 | AE80: 2179.91 | AF80: 989.39 | AG80: 133.1 | AH80: 83.049475 | AI80: 1.167316 | AJ80: 450.55882 | AK80: 97.133
A81: Aug - Sep | B81: 2020 | C81: 2122.9542 | D81: 143.32145 | E81: 1.89186 | G81: 31 | M81: Nov | N81: =N80 -> 2020 | O81: =(C83*15/31)+(C84*15/30) -> 2085.2318 | P81: =(D83*15/31)+(D84*15/30) -> 118.15655 | Q81: =(E83*15/31)+(E84*15/30) -> 2.4951873 | T81: 74.58 | U81: 344.28 | V81: 1345.63 | W81: 287.61 | X81: 72.8 | Y81: 439.24 | Z81: 1036.59 | AA81: =Z81+Y81 -> 1475.83 | AB81: 1816.9 | AC81: 390.51 | AD81: =AC81+AB81 -> 2207.41 | AE81: 2033.62 | AF81: 943.16 | AG81: 200.96 | AH81: 97.829188 | AI81: 10.908312 | AJ81: 615.58143 | AK81: 86.387
A82: Sep - Oct | B82: 2020 | C82: 2148.2042 | D82: 156.0722 | E82: 6.564007 | G82: 30 | M82: Dec | N82: =N81 -> 2020 | O82: =(C84*15/30)+C85 -> 2063.8872 | P82: =(D84*15/30)+D85 -> 127.7093 | Q82: =(E84*15/30)+E85 -> 1.3848575 | T82: 100.09 | U82: 304.74 | V82: 1267.27 | W82: 385.64 | X82: 84.45 | Y82: 508.3 | Z82: 1116.52 | AA82: =Z82+Y82 -> 1624.82 | AB82: 1731.7 | AC82: 284.4 | AD82: =AC82+AB82 -> 2016.1 | AE82: 2125.36 | AF82: 957.45 | AG82: 168.41 | AH82: 99.879107 | AI82: 9.073664 | AJ82: 412.45793 | AK82: 161.348
A83: Oct - Nov | B83: 2020 | C83: 2165.1218 | D83: 116.39425 | E83: 3.719111 | G83: 31 | M83: Jan | N83: =N82+1 -> 2021 | O83: =C86+(C87*16/31) -> 1635.2434 | P83: =D86+(D87*16/31) -> 99.064472 | Q83: =E86+(E87*16/31) -> 2.7686268 | T83: 78.16 | U83: 254.14 | V83: 1351.67 | W83: 523.4 | X83: 109.94 | Y83: 498.64 | Z83: 923.09 | AA83: =Z83+Y83 -> 1421.73 | AB83: 1449.29 | AC83: 309.99 | AD83: =AC83+AB83 -> 1759.28 | AE83: 2167.75 | AF83: 741.59 | AG83: 95.74 | AH83: 51.577052 | AI83: 20.252323 | AJ83: 334.97325 | AK83: 101.865
A84: Nov - Dec | B84: 2020 | C84: 2075.1845 | D84: 123.6735 | E84: 1.391235 | G84: 30 | M84: Feb | N84: =N83 -> 2021 | O84: =(C87*15/31)+(C88*13/28) -> 1759.5936 | P84: =(D87*15/31)+(D88*13/28) -> 103.09796 | Q84: =(E87*15/31)+(E88*13/28) -> 3.1173812 | T84: 72.57 | U84: 215.03 | V84: 1262.62 | W84: 314.94 | X84: 90.12 | Y84: 417.23 | Z84: 626.32 | AA84: =Z84+Y84 -> 1043.55 | AB84: 1531.81 | AC84: 308.95 | AD84: =AC84+AB84 -> 1840.76 | AE84: 1997.04 | AF84: 992.7 | AG84: 105.27 | AH84: 40.322676 | AI84: 14.333964 | AJ84: 284.48691 | AK84: 98.212
A85: Dec | B85: 2020 | C85: 1026.2949 | D85: 65.872547 | E85: 0.68924 | G85: 16 | M85: Mar | N85: =N84 -> 2021 | O85: =(C88*15/28)+(C89*16/31) -> 2094.8407 | P85: =(D88*15/28)+(D89*16/31) -> 126.2317 | Q85: =(E88*15/28)+(E89*16/31) -> 3.4140642 | T85: 96.7 | U85: 259.24 | V85: 1164.75 | W85: 376.17 | X85: 153.22 | Y85: 405.79 | Z85: 789.34 | AA85: =Z85+Y85 -> 1195.13 | AB85: 1584.55 | AC85: 362.81 | AD85: =AC85+AB85 -> 1947.36 | AE85: 1673.49 | AF85: 794.22 | AG85: 99.26 | AH85: 74.070249 | AI85: 30.888782 | AJ85: 386.59492 | AK85: 70.198
A86: Jan | B86: 2021 | C86: 694.09405 | D86: 44.142581 | E86: 1.073322 | F86: 0 | G86: 15 | M86: Apr | N86: =N85 -> 2021 | O86: =(C89+15/31)+(C90*15/30) -> 3213.5011 | P86: =(D89+15/31)+(D90*15/30) -> 184.35254 | Q86: =(E89+15/31)+(E90*15/30) -> 5.0333065 | R86: =(F89+15/31)+(F90*15/30) -> 0.48387097 | T86: 89.18 | U86: 261.74 | V86: 1230.11 | W86: 401.51 | X86: 46.58 | Y86: 451.69 | Z86: 1026.2 | AA86: =Z86+Y86 -> 1477.89 | AB86: 1749.74 | AC86: 452.11 | AD86: =AC86+AB86 -> 2201.85 | AE86: 1582.89 | AF86: 976.55 | AG86: 112.27 | AH86: 69.198136 | AI86: 31.778126 | AJ86: 360.53565 | AK86: 44.102
A87: Jan-Feb | B87: 2021 | C87: 1823.4769 | D87: 106.41116 | E87: 3.284653 | F87: 0 | G87: 31 | M87: May | N87: =N86 -> 2021 | O87: =(C90*15/30)+(C91*16/31) -> 2306.0645 | P87: =(D90*15/30)+(D91*16/31) -> 102.21314 | Q87: =(E90*15/30)+(E91*16/31) -> 3.3459618 | R87: =(F90*15/30)+(F91*16/31) -> 0 | T87: 105.42 | U87: 273.15 | V87: 1176.7 | W87: 340.94 | X87: 122.05 | Y87: 487.68 | Z87: 1126.91 | AA87: =Z87+Y87 -> 1614.59 | AB87: 1878.1 | AC87: 404.66 | AD87: =AC87+AB87 -> 2282.76 | AE87: 1580.74 | AF87: 1124.86 | AG87: 164.58 | AH87: 66.678251 | AI87: 25.378583 | AJ87: 495.34614 | AK87: 117.213
A88: Feb - Mar | B88: 2021 | C88: 1889.4962 | D88: 111.15717 | E88: 3.291148 | F88: 0 | G88: 28 | M88: Jun | N88: =N87 -> 2021 | O88: =(C91*15/31)+(C92*15/30) -> 2238.6901 | P88: =(D91*15/31)+(D92*15/30) -> 102.58086 | Q88: =(E91*15/31)+(E92*15/30) -> 4.1164327 | R88: =(F91*15/31)+(F92*15/30) -> 1.198403 | T88: 108.14 | U88: 315.66 | V88: 1071.46 | W88: 147.21 | X88: 24.46 | Y88: 583.23 | Z88: 1164.25 | AA88: =Z88+Y88 -> 1747.48 | AB88: 1928.43 | AC88: 416.42 | AD88: =AC88+AB88 -> 2344.85 | AE88: 1519.8 | AF88: 1051.74 | AG88: 152.14 | AH88: 57.279007 | AI88: 20.521955 | AJ88: 76.91817 | AK88: 21.057
A89: Mar - Apr | B89: 2021 | C89: 2097.5579 | D89: 129.19874 | E89: 3.198714 | F89: 0 | G89: 31 | M89: Jul | N89: =N88 -> 2021 | O89: =(C92*15/30)+(C93*16/31) -> 2324.6743 | P89: =(D92*15/30)+(D93*16/31) -> 109.9665 | Q89: =(E92*15/30)+(E93*16/31) -> 4.8793365 | R89: =(F92*15/30)+(F93*16/31) -> 1.198403 | T89: 170.81 | U89: 392.3 | V89: 1146.36 | W89: 426.19 | X89: 150.14 | Y89: 552.46 | Z89: 1205.64 | AA89: =Z89+Y89 -> 1758.1 | AB89: 1866.99 | AC89: 488.36 | AD89: =AC89+AB89 -> 2355.35 | AE89: 1497.06 | AF89: 1002.55 | AG89: 170.89 | AH89: 83.188307 | AI89: 47.962784 | AJ89: 437.31547 | AK89: 166.13
A90: Apr - May | B90: 2021 | C90: 2230.9186 | D90: 109.33986 | E90: 2.701443 | F90: 0 | G90: 30 | M90: Aug | N90: =N89 -> 2021 | O90: =(C93*15/31)+(C94*16/31) -> 2287.2223 | P90: =(D93*15/31)+(D94*16/31) -> 109.78953 | Q90: =(E93*15/31)+(E94*16/31) -> 5.0669397 | R90: =(F93*15/31)+(F94*16/31) -> 0.44074994 | T90: 212.85 | U90: 545.56 | V90: 964.34 | W90: 131.15 | X90: 59.71 | Y90: 527.54 | Z90: 1103.22 | AA90: =Z90+Y90 -> 1630.76 | AB90: 1975.9 | AC90: 291.19 | AD90: =AC90+AB90 -> 2267.09 | AE90: 1615.21 | AF90: 1193.62 | AG90: 147.24 | AH90: 54.952723 | AI90: 46.835374 | AJ90: 259.3941 | AK90: 52.45
A91: May - Jun | B91: 2021 | C91: 2306.7976 | D91: 92.114971 | E91: 3.865778 | F91: 0 | G91: 31 | M91: Sep | N91: =N90 -> 2021 | O91: =(C94*15/31)+(C95*15/30) -> 2266.2511 | P91: =(D94*15/31)+(D95*15/30) -> 101.53029 | Q91: =(E94*15/31)+(E95*15/30) -> 5.6518657 | R91: =(F94*15/31)+(F95*15/30) -> 0.86570306 | T91: 185.88 | U91: 487.64 | V91: 826.97 | W91: 336.65 | X91: 113.29 | Y91: 525.44 | Z91: 923.36 | AA91: =Z91+Y91 -> 1448.8 | AB91: 1872.11 | AC91: 643.24 | AD91: =AC91+AB91 -> 2515.35 | AE91: 1559.2 | AF91: 1271.75 | AG91: 97.84 | AH91: 57.932366 | AI91: 30.907627 | AJ91: 234.40383 | AK91: 113.678
A92: Jun - Jul | B92: 2021 | C92: 2244.9954 | D92: 116.01819 | E92: 4.49179 | F92: 2.396806 | G92: 30 | M92: Oct | N92: =N91 -> 2021 | O92: =(C95*15/30)+(C96*16/31) -> 2367.581 | P92: =(D95*15/30)+(D96*16/31) -> 85.894489 | Q92: =(E95*15/30)+(E96*16/31) -> 8.1996238 | R92: =(F95*15/30)+(F96*16/31) -> 0.48525355 | T92: 216.69 | U92: 572.23 | V92: 881.03 | W92: 583.41 | X92: 109.96 | Y92: 542.22 | Z92: 914 | AA92: =Z92+Y92 -> 1456.22 | AB92: 1956.57 | AC92: 417.78 | AD92: =AC92+AB92 -> 2374.35 | AE92: 1477.12 | AF92: 1199.5 | AG92: 100.53 | AH92: 77.437788 | AI92: 21.181485 | AJ92: 332.77809 | AK92: 105.445
A93: Jul - Aug | B93: 2021 | C93: 2329.2172 | D93: 100.66746 | E93: 5.102293 | F93: 0 | G93: 31 | M93: Nov | N93: =N92 -> 2021 | O93: =(C96*15/31)+(C97*15/30) -> 2280.8722 | P93: =(D96*15/31)+(D97*15/30) -> 86.959848 | Q93: =(E96*15/31)+(E97*15/30) -> 9.7654047 | R93: =(F96*15/31)+(F97*15/30) -> 7.193215 | T93: 263.18 | U93: 530.52 | V93: 826.52 | W93: 372.08 | X93: 81.25 | Y93: 479.73 | Z93: 1042.78 | AA93: =Z93+Y93 -> 1522.51 | AB93: 1946.17 | AC93: 402.26 | AD93: =AC93+AB93 -> 2348.43 | AE93: 1634.91 | AF93: 1171.05 | AG93: 162.24 | AH93: 55.121615 | AI93: 41.990773 | AJ93: 470.21902 | AK93: 68.497
A94: Aug - Sep | B94: 2021 | C94: 2247.8521 | D94: 118.34147 | E94: 5.033796 | F94: 0.853953 | G94: 31 | M94: Dec | N94: =N93 -> 2021 | O94: =(C97*15/30)+C98 -> 2206.1275 | P94: =(D97*15/30)+D98 -> 95.073072 | Q94: =(E97*15/30)+E98 -> 9.9924405 | R94: =(F97*15/30)+F98 -> 7.1625085 | T94: 234.17 | U94: 715.73 | V94: 718.16 | W94: 491.45 | X94: 111.69 | Y94: 461.8 | Z94: 1089.78 | AA94: =Z94+Y94 -> 1551.58 | AB94: 1987.96 | AC94: 342.94 | AD94: =AC94+AB94 -> 2330.9 | AE94: 1610.23 | AF94: 1214.04 | AG94: 167.3 | AH94: 68.55824 | AI94: 35.899557 | AJ94: 624.33153 | AK94: 126.466
A95: Sep - Oct | B95: 2021 | C95: 2357.1614 | D95: 88.536571 | E95: 6.432316 | F95: 0.905 | G95: 30 | M95: Jan | N95: =N94+1 -> 2022 | O95: =C99+(C100*16/31) -> 2033.3163 | P95: =D99+(D100*16/31) -> 89.36402 | Q95: =E99+(E100*16/31) -> 8.6678985 | R95: =F99+(F100*16/31) -> 0.900784 | T95: 265.6 | U95: 493.11 | V95: 846.8 | W95: 461.06 | X95: 59.14 | Y95: 552.82 | Z95: 1031.1 | AA95: =Z95+Y95 -> 1583.92 | AB95: 1591.75 | AC95: 323.19 | AD95: =AC95+AB95 -> 1914.94 | AE95: 1401.14 | AF95: 649.94 | AG95: 158.88 | AH95: 112.07104 | AI95: 39.528432 | AJ95: 740.38529 | AK95: 81.097
A96: Oct - Nov | B96: 2021 | C96: 2303.688 | D96: 80.650769 | E96: 9.655465 | F96: 0.06346 | G96: 31 | M96: Feb | N96: =N95 -> 2022 | O96: =(C100*15/31)+(C101*13/28) -> 2073.7732 | P96: =(D100*15/31)+(D101*13/28) -> 101.50626 | Q96: =(E100*15/31)+(E101*13/28) -> 10.506945 | R96: =(F100*15/31)+(F101*13/28) -> 0.844485 | T96: 206.26 | U96: 492.51 | V96: 782.9 | W96: 425.35 | X96: 96.95 | Y96: 475.27 | Z96: 959.04 | AA96: =Z96+Y96 -> 1434.31 | AB96: 1862.54 | AC96: 309.12 | AD96: =AC96+AB96 -> 2171.66 | AE96: 1442.21 | AF96: 1140.61 | AG96: 109.58 | AH96: 79.0258 | AI96: 24.021697 | AJ96: 491.11888 | AK96: 95.543
A97: Nov - Dec | B97: 2021 | C97: 2332.3689 | D97: 95.870564 | E97: 10.186811 | F97: 14.325017 | G97: 30 | M97: Mar | N97: =N96 -> 2022 | O97: =(C101*15/28)+(C102*16/31) -> 2386.0345 | P97: =(D101*15/28)+(D102*16/31) -> 126.18882 | Q97: =(E101*15/28)+(E102*16/31) -> 15.088164 | R97: =(F101*15/28)+(F102*16/31) -> 2.5798545 | T97: 230.05 | U97: 635.87 | V97: 584.87 | W97: 356.95 | X97: 70.81 | Y97: 527.31 | Z97: 1100.32 | AA97: =Z97+Y97 -> 1627.63 | AB97: 1939.11 | AC97: 300 | AD97: =AC97+AB97 -> 2239.11 | AE97: 1400.75 | AF97: 996.45 | AG97: 158.63 | AH97: 134.79355 | AI97: 51.726092 | AJ97: 377.06217 | AK97: 84.805
A98: Dec | B98: 2021 | C98: 1039.9431 | D98: 47.13779 | E98: 4.899035 | F98: 0 | G98: 16 | M98: Apr | N98: =N97 -> 2022 | O98: =(C102+15/31)+(C103*15/30) -> 3602.7488 | P98: =(D102+15/31)+(D103*15/30) -> 196.36308 | Q98: =(E102+15/31)+(E103*15/30) -> 25.418174 | R98: =(F102+15/31)+(F103*15/30) -> 7.1361865 | T98: 303.91 | U98: 834.27 | V98: 723.36 | W98: 780.07 | X98: 71.59 | Y98: 468.13 | Z98: 1284.53 | AA98: =Z98+Y98 -> 1752.66 | AB98: 1967.01 | AC98: 252.85 | AD98: =AC98+AB98 -> 2219.86 | AE98: 1472.29 | AF98: 1036.38 | AG98: 179 | AH98: 108.33078 | AI98: 27.68244 | AJ98: 660.29059 | AK98: 113.046
A99: Jan | B99: 2022 | C99: 881.45254 | D99: 35.488583 | E99: 3.641163 | F99: 0 | G99: 15 | M99: May | N99: =N98 -> 2022 | O99: =(C103*15/30)+(C104*16/31) -> 2410.3168 | P99: =(D103*15/30)+(D104*16/31) -> 130.22236 | Q99: =(E103*15/30)+(E104*16/31) -> 17.992317 | R99: =(F103*15/30)+(F104*16/31) -> 1.6538475 | T99: 387.35 | U99: 907.73 | V99: 723.47 | W99: 617.21 | X99: 49.74 | Y99: 488.2 | Z99: 1232.3 | AA99: =Z99+Y99 -> 1720.5 | AB99: 2039.03 | AC99: 134.63 | AD99: =AC99+AB99 -> 2173.66 | AE99: 1437.4 | AF99: 1034.62 | AG99: 237.34 | AH99: 108.39638 | AI99: 38.386036 | AJ99: 636.04639 | AK99: 58.516
A100: Jan-Feb | B100: 2022 | C100: 2231.7361 | D100: 104.38366 | E100: 9.7393 | F100: 1.745269 | G100: 31 | M100: Jun | N100: =N99 -> 2022 | O100: =(C104*15/31)+(C105*15/30) -> 2304.6437 | P100: =(D104*15/31)+(D105*15/30) -> 123.03825 | Q100: =(E104*15/31)+(E105*15/30) -> 17.986059 | R100: =(F104*15/31)+(F105*15/30) -> 6.424772 | T100: 321.33 | U100: 872.53 | V100: 682.51 | W100: 624.1 | X100: 70.1 | Y100: 485.6 | Z100: 1012.19 | AA100: =Z100+Y100 -> 1497.79 | AB100: 1859.77 | AC100: 246.27 | AD100: =AC100+AB100 -> 2106.04 | AE100: 1465.85 | AF100: 1141.47 | AG100: 169.33 | AH100: 93.727885 | AI100: 32.113114 | AJ100: 448.80883 | AK100: 102.423
...

Sheet BD
A1: UK BIODIESEL SUPPLY AND DEMAND
A2: thousand tonnes | B2: 2015 | C2: 2016 | D2: 2017 | E2: 2018 | F2: 2019 | G2: 2020 | H2: 2021 | I2: 2022 | J2: 2023 | K2: 2024 | L2: 2025 | M2: 2026 | N2: 2027 | O2: 2028 | P2: 2029 | Q2: 2030 | R2: 2031 | S2: 2032 | T2: 2033 | U2: 2034
A3: BD SUPPLY AND DEMAND
A4: Beginning Stocks | B4: 0 | C4: 0 | D4: 0 | E4: 0 | F4: 0 | G4: 0 | H4: 0 | I4: 0 | J4: 0 | K4: =J11 -> 0 | L4: =K11 -> -413.88837 | M4: =L11 -> -1621.1723 | N4: =M11 -> -2141.0919 | O4: =N11 -> -2774.8202 | P4: =O11 -> -3351.275 | Q4: =P11 -> -3954.5849 | R4: =Q11 -> -4552.9718 | ... U4: =T11 -> -6331.2374
A5: Production | B5: =annual_data!$B$4 -> 149 | C5: =annual_data!$B$5 -> 342 | D5: =annual_data!$B$6 -> 467 | E5: =annual_data!$B$7 -> 476 | F5: =annual_data!$B$8 -> 510 | G5: =annual_data!$B$9 -> 496 | H5: =annual_data!$B$10 -> 484 | I5: =annual_data!$B$11 -> 479 | J5: =J36 -> 1361.4175 | K5: =K36 -> 784.51663 | L5: =L36 -> 1742.7161 | M5: =M36 -> 1495.0804 | N5: =N36 -> 1271.2717 | O5: =O36 -> 1263.5452 | P5: =P36 -> 1421.6901 | Q5: =Q36 -> 1271.6131 | ... U5: =U36 -> 529.28807
A6: Imports | B6: =annual_data!$C$4 -> 452 | C6: =annual_data!$C$5 -> 373 | D6: =annual_data!$C$6 -> 201 | E6: =annual_data!$C$7 -> 637 | F6: =annual_data!$C$8 -> 1190 | G6: =annual_data!$C$9 -> 1321 | H6: =annual_data!$C$10 -> 979 | I6: =annual_data!$C$11 -> 1152 | J6: =J52 -> 1278.951 | K6: =K52 -> 709.284 | L6: 320 | M6: 300 | N6: 280 | O6: 260 | P6: 250 | Q6: 230 | R6: 210 | S6: 190 | T6: 180 | U6: 180
A7: Total Supply | B7: =B4+B5+B6 -> 601 | C7: =C4+C5+C6 -> 715 | D7: =D4+D5+D6 -> 668 | E7: =E4+E5+E6 -> 1113 | F7: =F4+F5+F6 -> 1700 | G7: =G4+G5+G6 -> 1817 | H7: =H4+H5+H6 -> 1463 | I7: =I4+I5+I6 -> 1631 | ... U7: =U4+U5+U6 -> -5621.9493
A8: Consumption | B8: =annual_data!$H$4 -> 596 | C8: =annual_data!$H$5 -> 629 | D8: =annual_data!$H$6 -> 620 | E8: =annual_data!$H$7 -> 1015 | F8: =annual_data!$H$8 -> 1422 | G8: =annual_data!$H$9 -> 1410 | H8: =annual_data!$H$10 -> 1102 | I8: =annual_data!$H$11 -> 1280 | J8: =J10-J9 -> 2224.7276 | K8: =MROUND(FORECAST(K5,B8:J8,B5:J5),25)+100 -> 1600 | L8: =MROUND(FORECAST(L5,B8:K8,B5:K5),25)-50 -> 2825 | M8: =MROUND(FORECAST(M5,C8:L8,C5:L5),25)-400 -> 2100 | N8: =MROUND(FORECAST(N5,D8:M8,D5:M5),25) -> 2100 | O8: =MROUND(FORECAST(O5,E8:N8,E5:N5),25) -> 2100 | P8: =MROUND(FORECAST(P5,F8:O8,F5:O5),25) -> 2275 | Q8: =MROUND(FORECAST(Q5,G8:P8,G5:P5),25) -> 2100 | R8: =MROUND(FORECAST(R5,H8:Q8,H5:Q5),25) -> 2200 | S8: =MROUND(FORECAST(S5,I8:R8,I5:R5),25) -> 1575 | T8: =MROUND(FORECAST(T5,J8:S8,J5:S5),25)-25 -> 1250 | U8: =MROUND(FORECAST(U5,K8:T8,K5:T5),25)-25 -> 1225
A9: Exports | B9: =annual_data!$D$4 -> 5 | C9: =annual_data!$D$5 -> 86 | D9: =annual_data!$D$6 -> 48 | E9: =annual_data!$D$7 -> 88 | F9: =annual_data!$D$8 -> 279 | G9: =annual_data!$D$9 -> 394 | H9: =annual_data!$D$10 -> 366 | I9: =annual_data!$D$11 -> 353 | J9: =J68 -> 415.64097 | K9: =K68 -> 307.689 | L9: =MROUND(FORECAST(L5,B9:K9,B5:K5)*0.75,5) -> 445 | M9: =MROUND(FORECAST(M5,C9:L9,C5:L5)*0.5,5) -> 215 | N9: =MROUND(FORECAST(N5,D9:M9,D5:M5)*0.25,5) -> 85 | O9: =MROUND(FORECAST(O5,E9:N9,E5:N5)*0,5) -> 0 | P9: =MROUND(FORECAST(P5,F9:O9,F5:O5)*0,5) -> 0 | Q9: =MROUND(FORECAST(Q5,G9:P9,G5:P5)*0,5) -> 0 | R9: =MROUND(FORECAST(R5,H9:Q9,H5:Q5)*0,5) -> 0 | S9: =MROUND(FORECAST(S5,I9:R9,I5:R5)*0,5) -> 0 | T9: =MROUND(FORECAST(T5,J9:S9,J5:S5)*0,5) -> 0 | U9: =MROUND(FORECAST(U5,K9:T9,K5:T5)*0,5) -> 0
A10: Total Use | B10: =B8+B9 -> 601 | C10: =C8+C9 -> 715 | D10: =D8+D9 -> 668 | E10: =E8+E9 -> 1103 | F10: =F8+F9 -> 1701 | G10: =G8+G9 -> 1804 | H10: =H8+H9 -> 1468 | I10: =I8+I9 -> 1633 | J10: =J7-J11 -> 2640.3686 | K10: =SUM(K8:K9) -> 1907.689 | L10: =SUM(L8:L9) -> 3270 | M10: =SUM(M8:M9) -> 2315 | N10: =SUM(N8:N9) -> 2185 | O10: =SUM(O8:O9) -> 2100 | P10: =SUM(P8:P9) -> 2275 | Q10: =SUM(Q8:Q9) -> 2100 | R10: =SUM(R8:R9) -> 2200 | ... U10: =SUM(U8:U9) -> 1225
A11: Final Stocks | B11: 0 | C11: 0 | D11: 0 | E11: 0 | F11: 0 | G11: 0 | H11: 0 | I11: 0 | J11: =J99 -> 0 | K11: =K7-K10 -> -413.88837 | L11: =L7-L10 -> -1621.1723 | M11: =M7-M10 -> -2141.0919 | N11: =N7-N10 -> -2774.8202 | O11: =O7-O10 -> -3351.275 | P11: =P7-P10 -> -3954.5849 | Q11: =Q7-Q10 -> -4552.9718 | R11: =R7-R10 -> -5193.6545 | ... U11: =U7-U10 -> -6846.9493
A12: Yield
A13: Stocks/Use | B13: =B11/B8 -> 0 | C13: =C11/C8 -> 0 | D13: =D11/D8 -> 0 | E13: =E11/E8 -> 0 | F13: =F11/F8 -> 0 | G13: =G11/G8 -> 0 | H13: =H11/H8 -> 0 | I13: =I11/I8 -> 0 | ... U13: =U11/U8 -> -5.5893464
A22: BIODIESEL PRODUCTION (thousand tonnes)
B23: =B2 -> 2015 | C23: =C2 -> 2016 | D23: =D2 -> 2017 | E23: =E2 -> 2018 | F23: =F2 -> 2019 | G23: =G2 -> 2020 | H23: =H2 -> 2021 | I23: =I2 -> 2022 | ... U23: =U2 -> 2034
A24: January | B24: =monthly_data!$P11/1104*1000 -> 45.010915 | C24: =monthly_data!$P23/1104*1000 -> 50.750633 | D24: =monthly_data!$P35/1104*1000 -> 43.392728 | E24: =monthly_data!$P47/1104*1000 -> 69.598473 | F24: =monthly_data!$P59/1104*1000 -> 81.066141 | G24: =monthly_data!$P71/1104*1000 -> 133.93143 | H24: =monthly_data!$P83/1104*1000 -> 89.732312 | I24: =monthly_data!$P95/1104*1000 -> 80.945671 | J24: =monthly_data!$P107/1104*1000 -> 111.45578 | K24: =monthly_data!$P119/1104*1000 -> 51.573472 | L24: 113.83709 | M24: 97.735371 | N24: 84.132137 | O24: 87.677063 | P24: 97.193534 | Q24: 84.889893 | R24: 90.792492 | S24: 52.978303 | T24: 35.248943 | U24: 35.248943
A25: February | B25: =monthly_data!$P12/1104*1000 -> 29.558883 | C25: =monthly_data!$P24/1104*1000 -> 38.883115 | D25: =monthly_data!$P36/1104*1000 -> 46.252679 | E25: =monthly_data!$P48/1104*1000 -> 62.489542 | F25: =monthly_data!$P60/1104*1000 -> 81.024097 | G25: =monthly_data!$P72/1104*1000 -> 124.54555 | H25: =monthly_data!$P84/1104*1000 -> 93.385832 | I25: =monthly_data!$P96/1104*1000 -> 91.944072 | J25: =monthly_data!$P108/1104*1000 -> 97.267768 | K25: =monthly_data!$P120/1104*1000 -> 63.882264 | L25: 120.42438 | M25: 102.89923 | N25: 89.056561 | O25: 90.450409 | P25: 101.92357 | Q25: 89.160918 | R25: 95.187631 | S25: 55.491368 | T25: 36.841428 | U25: 36.841428
A26: March | B26: =monthly_data!$P13/1104*1000 -> 33.910575 | C26: =monthly_data!$P25/1104*1000 -> 56.276734 | D26: =monthly_data!$P37/1104*1000 -> 59.392383 | E26: =monthly_data!$P49/1104*1000 -> 64.2442 | F26: =monthly_data!$P61/1104*1000 -> 96.475066 | G26: =monthly_data!$P73/1104*1000 -> 118.90477 | H26: =monthly_data!$P85/1104*1000 -> 114.34031 | I26: =monthly_data!$P97/1104*1000 -> 114.30147 | J26: =monthly_data!$P109/1104*1000 -> 130.61546 | K26: =monthly_data!$P121/1104*1000 -> 75.115005 | L26: 143.28211 | M26: 122.8277 | N26: 103.33061 | O26: 103.68406 | P26: 116.95908 | Q26: 104.23394 | R26: 110.77673 | S26: 64.213632 | T26: 42.609309 | U26: 42.609309
A27: April | B27: =monthly_data!$P14/1104*1000 -> 63.028492 | C27: =monthly_data!$P26/1104*1000 -> 113.05945 | D27: =monthly_data!$P38/1104*1000 -> 94.858443 | E27: =monthly_data!$P50/1104*1000 -> 104.92938 | F27: =monthly_data!$P62/1104*1000 -> 166.05276 | G27: =monthly_data!$P74/1104*1000 -> 146.43711 | H27: =monthly_data!$P86/1104*1000 -> 166.986 | I27: =monthly_data!$P98/1104*1000 -> 177.86511 | J27: =monthly_data!$P110/1104*1000 -> 214.8402 | K27: =monthly_data!$P122/1104*1000 -> 118.98583 | L27: 146.57286 | M27: 126.47696 | N27: 107.50969 | O27: 105.6524 | P27: 120.00062 | Q27: 107.15055 | R27: 113.75008 | S27: 66.394334 | T27: 44.560446 | U27: 44.560446
A28: May | B28: =monthly_data!$P15/1104*1000 -> 52.556656 | C28: =monthly_data!$P27/1104*1000 -> 73.341522 | D28: =monthly_data!$P39/1104*1000 -> 71.036323 | E28: =monthly_data!$P51/1104*1000 -> 93.47174 | F28: =monthly_data!$P63/1104*1000 -> 137.37871 | G28: =monthly_data!$P75/1104*1000 -> 94.382799 | H28: =monthly_data!$P87/1104*1000 -> 92.584369 | I28: =monthly_data!$P99/1104*1000 -> 117.95503 | J28: =monthly_data!$P111/1104*1000 -> 119.2134 | K28: =monthly_data!$P123/1104*1000 -> 72.616084 | L28: 153.31858 | M28: 134.61081 | N28: 114.91529 | O28: 115.27964 | P28: 127.52775 | Q28: 114.12183 | R28: 121.71099 | S28: 71.125358 | T28: 47.755402 | U28: 47.755402
A29: June | B29: =monthly_data!$P16/1104*1000 -> 48.48398 | C29: =monthly_data!$P28/1104*1000 -> 67.173506 | D29: =monthly_data!$P40/1104*1000 -> 64.874582 | E29: =monthly_data!$P52/1104*1000 -> 104.94321 | F29: =monthly_data!$P64/1104*1000 -> 143.66702 | G29: =monthly_data!$P76/1104*1000 -> 114.05074 | H29: =monthly_data!$P88/1104*1000 -> 92.917443 | I29: =monthly_data!$P100/1104*1000 -> 111.44769 | J29: =monthly_data!$P112/1104*1000 -> 119.05659 | K29: =monthly_data!$P124/1104*1000 -> 65.12693 | L29: 155.76821 | M29: 133.23122 | N29: 112.75473 | O29: 111.72749 | P29: 124.92244 | Q29: 112.85829 | R29: 119.45948 | S29: 69.810813 | T29: 47.025904 | U29: 47.025904
A30: July | B30: =monthly_data!$P17/1104*1000 -> 53.508994 | C30: =monthly_data!$P29/1104*1000 -> 65.103596 | D30: =monthly_data!$P41/1104*1000 -> 58.823091 | E30: =monthly_data!$P53/1104*1000 -> 115.77364 | F30: =monthly_data!$P65/1104*1000 -> 150.71518 | G30: =monthly_data!$P77/1104*1000 -> 134.88817 | H30: =monthly_data!$P89/1104*1000 -> 99.607334 | I30: =monthly_data!$P101/1104*1000 -> 122.18048 | J30: =monthly_data!$P113/1104*1000 -> 114.38048 | K30: =monthly_data!$P125/1104*1000 -> 62.107784 | L30: 152.96209 | M30: 130.80055 | N30: 111.40528 | O30: 110.89409 | P30: 125.8172 | Q30: 111.70796 | R30: 118.47424 | S30: 69.415622 | T30: 46.843018 | U30: 46.843018
A31: August | B31: =monthly_data!$P18/1104*1000 -> 58.614769 | C31: =monthly_data!$P30/1104*1000 -> 58.045378 | D31: =monthly_data!$P42/1104*1000 -> 50.487184 | E31: =monthly_data!$P54/1104*1000 -> 125.45312 | F31: =monthly_data!$P66/1104*1000 -> 147.66085 | G31: =monthly_data!$P78/1104*1000 -> 134.20421 | H31: =monthly_data!$P90/1104*1000 -> 99.44704 | I31: =monthly_data!$P102/1104*1000 -> 119.11817 | J31: =monthly_data!$P114/1104*1000 -> 107.67421 | K31: =monthly_data!$P126/1104*1000 -> 58.03019 | L31: 159.99073 | M31: 136.58389 | N31: 116.14911 | O31: 114.246 | P31: 128.58138 | Q31: 115.89296 | R31: 122.65129 | S31: 71.725798 | T31: 48.317816 | U31: 48.317816
A32: September | B32: =monthly_data!$P19/1104*1000 -> 59.522689 | C32: =monthly_data!$P31/1104*1000 -> 43.82893 | D32: =monthly_data!$P43/1104*1000 -> 41.876828 | E32: =monthly_data!$P55/1104*1000 -> 117.48358 | F32: =monthly_data!$P67/1104*1000 -> 142.41008 | G32: =monthly_data!$P79/1104*1000 -> 133.50108 | H32: =monthly_data!$P91/1104*1000 -> 91.965841 | I32: =monthly_data!$P103/1104*1000 -> 106.92521 | J32: =monthly_data!$P115/1104*1000 -> 106.25119 | K32: =monthly_data!$P127/1104*1000 -> 64.567491 | L32: 151.228 | M32: 128.08929 | N32: 109.66314 | O32: 107.97803 | P32: 121.61715 | Q32: 109.36137 | R32: 115.66694 | S32: 67.765516 | T32: 45.698345 | U32: 45.698345
A33: October | B33: =monthly_data!$P20/1104*1000 -> 65.985448 | C33: =monthly_data!$P32/1104*1000 -> 45.949415 | D33: =monthly_data!$P44/1104*1000 -> 52.003954 | E33: =monthly_data!$P56/1104*1000 -> 98.022862 | F33: =monthly_data!$P68/1104*1000 -> 144.61719 | G33: =monthly_data!$P80/1104*1000 -> 125.10014 | H33: =monthly_data!$P92/1104*1000 -> 77.802979 | I33: =monthly_data!$P104/1104*1000 -> 104.13033 | J33: =monthly_data!$P116/1104*1000 -> 94.835008 | K33: =monthly_data!$P128/1104*1000 -> 66.025598 | L33: 149.82277 | M33: 129.87678 | N33: 111.531 | O33: 110.88139 | P33: 125.55597 | Q33: 110.96736 | R33: 118.10041 | S33: 69.283938 | T33: 46.754203 | U33: 46.754203
A34: November | B34: =monthly_data!$P21/1104*1000 -> 61.826318 | C34: =monthly_data!$P33/1104*1000 -> 45.075924 | D34: =monthly_data!$P45/1104*1000 -> 61.39181 | E34: =monthly_data!$P57/1104*1000 -> 63.536796 | F34: =monthly_data!$P69/1104*1000 -> 134.34966 | G34: =monthly_data!$P81/1104*1000 -> 107.02586 | H34: =monthly_data!$P93/1104*1000 -> 78.767978 | I34: =monthly_data!$P105/1104*1000 -> 109.0801 | J34: =monthly_data!$P117/1104*1000 -> 80.477561 | K34: =monthly_data!$P129/1104*1000 -> 58.141974 | L34: 144.63492 | M34: 125.65068 | N34: 106.98361 | O34: 104.72861 | P34: 118.90692 | Q34: 106.24293 | R34: 112.80449 | S34: 66.040665 | T34: 44.570352 | U34: 44.570352
A35: December | B35: =monthly_data!$P22/1104*1000 -> 56.49018 | C35: =monthly_data!$P34/1104*1000 -> 41.180237 | D35: =monthly_data!$P46/1104*1000 -> 64.398663 | E35: =monthly_data!$P58/1104*1000 -> 47.005865 | F35: =monthly_data!$P70/1104*1000 -> 141.00054 | G35: =monthly_data!$P82/1104*1000 -> 115.67871 | H35: =monthly_data!$P94/1104*1000 -> 86.116913 | I35: =monthly_data!$P106/1104*1000 -> 114.22955 | J35: =monthly_data!$P118/1104*1000 -> 65.349895 | K35: =monthly_data!$P130/1104*1000 -> 28.343997 | L35: 150.87435 | M35: 126.29788 | N35: 103.84058 | O35: 100.34598 | P35: 112.68449 | Q35: 105.02508 | R35: 109.94258 | S35: 63.883664 | T35: 43.062905 | U35: 43.062905
A36: Total | B36: =SUM(B24:B35) -> 628.4979 | C36: =SUM(C24:C35) -> 698.66844 | D36: =SUM(D24:D35) -> 708.78867 | E36: =SUM(E24:E35) -> 1066.9524 | F36: =SUM(F24:F35) -> 1566.4173 | G36: =SUM(G24:G35) -> 1482.6506 | H36: =SUM(H24:H35) -> 1183.6544 | I36: =SUM(I24:I35) -> 1370.1229 | ... U36: =SUM(U24:U35) -> 529.28807
A38: BIODIESEL IMPORTS (thousand tonnes)
B39: =B2 -> 2015 | C39: =C2 -> 2016 | D39: =D2 -> 2017 | E39: =E2 -> 2018 | F39: =F2 -> 2019 | G39: =G2 -> 2020 | H39: =H2 -> 2021 | I39: =I2 -> 2022 | ... U39: =U2 -> 2034
A40: January | C40: =monthly_data!$AH23 -> 16.361716 | D40: =monthly_data!$AH35 -> 23.650502 | E40: =monthly_data!$AH47 -> 33.321883 | F40: =monthly_data!$AH59 -> 65.072788 | G40: =monthly_data!$AH71 -> 111.8078 | H40: =monthly_data!$AH83 -> 51.577052 | I40: =monthly_data!$AH95 -> 112.07104 | J40: =monthly_data!$AH107 -> 135.64897 | K40: =monthly_data!$AH119 -> 76.447 | L40: =L$52*(SUM(G40:K40)/SUM(G$52:K$52)) -> 30.510608 | M40: =M$52*(SUM(H40:L40)/SUM(H$52:L$52)) -> 27.950828 | N40: =N$52*(SUM(I40:M40)/SUM(I$52:M$52)) -> 27.442124 | O40: =O$52*(SUM(J40:N40)/SUM(J$52:N$52)) -> 26.82603 | P40: =P$52*(SUM(K40:O40)/SUM(K$52:O$52)) -> 25.300675 | Q40: =Q$52*(SUM(L40:P40)/SUM(L$52:P$52)) -> 22.515575 | R40: =R$52*(SUM(M40:Q40)/SUM(M$52:Q$52)) -> 20.687423 | S40: =S$52*(SUM(N40:R40)/SUM(N$52:R$52)) -> 18.964754 | ... U40: =U$52*(SUM(P40:T40)/SUM(P$52:T$52)) -> 17.917628
A41: February | C41: =monthly_data!$AH24 -> 4.64255 | D41: =monthly_data!$AH36 -> 7.686365 | E41: =monthly_data!$AH48 -> 19.889545 | F41: =monthly_data!$AH60 -> 42.90569 | G41: =monthly_data!$AH72 -> 71.120824 | H41: =monthly_data!$AH84 -> 40.322676 | I41: =monthly_data!$AH96 -> 79.0258 | J41: =monthly_data!$AH108 -> 111.49933 | K41: =monthly_data!$AH120 -> 45.278 | L41: =L$52*(SUM(G41:K41)/SUM(G$52:K$52)) -> 21.730417 | M41: =M$52*(SUM(H41:L41)/SUM(H$52:L$52)) -> 20.492879 | N41: =N$52*(SUM(I41:M41)/SUM(I$52:M$52)) -> 19.940063 | O41: =O$52*(SUM(J41:N41)/SUM(J$52:N$52)) -> 19.709123 | P41: =P$52*(SUM(K41:O41)/SUM(K$52:O$52)) -> 17.005239 | Q41: =Q$52*(SUM(L41:P41)/SUM(L$52:P$52)) -> 16.12899 | R41: =R$52*(SUM(M41:Q41)/SUM(M$52:Q$52)) -> 14.83941 | S41: =S$52*(SUM(N41:R41)/SUM(N$52:R$52)) -> 13.535233 | ... U41: =U$52*(SUM(P41:T41)/SUM(P$52:T$52)) -> 12.622545
A42: March | C42: =monthly_data!$AH25 -> 27.687327 | D42: =monthly_data!$AH37 -> 14.756073 | E42: =monthly_data!$AH49 -> 26.185473 | F42: =monthly_data!$AH61 -> 46.42913 | G42: =monthly_data!$AH73 -> 109.9089 | H42: =monthly_data!$AH85 -> 74.070249 | I42: =monthly_data!$AH97 -> 134.79355 | J42: =monthly_data!$AH109 -> 144.7288 | K42: =monthly_data!$AH121 -> 98.912 | L42: =L$52*(SUM(G42:K42)/SUM(G$52:K$52)) -> 35.195389 | M42: =M$52*(SUM(H42:L42)/SUM(H$52:L$52)) -> 33.554367 | N42: =N$52*(SUM(I42:M42)/SUM(I$52:M$52)) -> 32.072058 | O42: =O$52*(SUM(J42:N42)/SUM(J$52:N$52)) -> 31.008654 | P42: =P$52*(SUM(K42:O42)/SUM(K$52:O$52)) -> 30.859739 | Q42: =Q$52*(SUM(L42:P42)/SUM(L$52:P$52)) -> 26.538119 | R42: =R$52*(SUM(M42:Q42)/SUM(M$52:Q$52)) -> 24.50524 | S42: =S$52*(SUM(N42:R42)/SUM(N$52:R$52)) -> 22.395873 | ... U42: =U$52*(SUM(P42:T42)/SUM(P$52:T$52)) -> 21.339057
A43: April | C43: =monthly_data!$AH26 -> 24.647013 | D43: =monthly_data!$AH38 -> 32.654227 | E43: =monthly_data!$AH50 -> 39.524341 | F43: =monthly_data!$AH62 -> 52.411034 | G43: =monthly_data!$AH74 -> 93.67104 | H43: =monthly_data!$AH86 -> 69.198136 | I43: =monthly_data!$AH98 -> 108.33078 | J43: =monthly_data!$AH110 -> 105.48893 | K43: =monthly_data!$AH122 -> 80.646 | L43: =L$52*(SUM(G43:K43)/SUM(G$52:K$52)) -> 28.619653 | M43: =M$52*(SUM(H43:L43)/SUM(H$52:L$52)) -> 26.989593 | N43: =N$52*(SUM(I43:M43)/SUM(I$52:M$52)) -> 25.107386 | O43: =O$52*(SUM(J43:N43)/SUM(J$52:N$52)) -> 24.022077 | P43: =P$52*(SUM(K43:O43)/SUM(K$52:O$52)) -> 24.793545 | Q43: =Q$52*(SUM(L43:P43)/SUM(L$52:P$52)) -> 21.129375 | R43: =R$52*(SUM(M43:Q43)/SUM(M$52:Q$52)) -> 19.415769 | S43: =S$52*(SUM(N43:R43)/SUM(N$52:R$52)) -> 17.682072 | ... U43: =U$52*(SUM(P43:T43)/SUM(P$52:T$52)) -> 16.967931
A44: May | C44: =monthly_data!$AH27 -> 40.476148 | D44: =monthly_data!$AH39 -> 40.350787 | E44: =monthly_data!$AH51 -> 73.468618 | F44: =monthly_data!$AH63 -> 124.43603 | G44: =monthly_data!$AH75 -> 111.71018 | H44: =monthly_data!$AH87 -> 66.678251 | I44: =monthly_data!$AH99 -> 108.39638 | J44: =monthly_data!$AH111 -> 122.59805 | K44: =monthly_data!$AH123 -> 50.583 | L44: =L$52*(SUM(G44:K44)/SUM(G$52:K$52)) -> 28.784298 | M44: =M$52*(SUM(H44:L44)/SUM(H$52:L$52)) -> 25.94082 | N44: =N$52*(SUM(I44:M44)/SUM(I$52:M$52)) -> 24.119629 | O44: =O$52*(SUM(J44:N44)/SUM(J$52:N$52)) -> 22.687456 | P44: =P$52*(SUM(K44:O44)/SUM(K$52:O$52)) -> 20.344046 | Q44: =Q$52*(SUM(L44:P44)/SUM(L$52:P$52)) -> 19.880523 | R44: =R$52*(SUM(M44:Q44)/SUM(M$52:Q$52)) -> 17.972894 | S44: =S$52*(SUM(N44:R44)/SUM(N$52:R$52)) -> 16.220215 | ... U44: =U$52*(SUM(P44:T44)/SUM(P$52:T$52)) -> 15.240577
A45: June | C45: =monthly_data!$AH28 -> 27.685534 | D45: =monthly_data!$AH40 -> 22.855553 | E45: =monthly_data!$AH52 -> 61.066413 | F45: =monthly_data!$AH64 -> 60.955382 | G45: =monthly_data!$AH76 -> 63.793044 | H45: =monthly_data!$AH88 -> 57.279007 | I45: =monthly_data!$AH100 -> 93.727885 | J45: =monthly_data!$AH112 -> 120.06509 | K45: =monthly_data!$AH124 -> 42.145 | L45: =L$52*(SUM(G45:K45)/SUM(G$52:K$52)) -> 23.592987 | M45: =M$52*(SUM(H45:L45)/SUM(H$52:L$52)) -> 23.172945 | N45: =N$52*(SUM(I45:M45)/SUM(I$52:M$52)) -> 21.709933 | O45: =O$52*(SUM(J45:N45)/SUM(J$52:N$52)) -> 20.766436 | P45: =P$52*(SUM(K45:O45)/SUM(K$52:O$52)) -> 17.571875 | Q45: =Q$52*(SUM(L45:P45)/SUM(L$52:P$52)) -> 17.423589 | R45: =R$52*(SUM(M45:Q45)/SUM(M$52:Q$52)) -> 16.011669 | S45: =S$52*(SUM(N45:R45)/SUM(N$52:R$52)) -> 14.440541 | ... U45: =U$52*(SUM(P45:T45)/SUM(P$52:T$52)) -> 13.425356
A46: July | C46: =monthly_data!$AH29 -> 35.673569 | D46: =monthly_data!$AH41 -> 31.031741 | E46: =monthly_data!$AH53 -> 119.16849 | F46: =monthly_data!$AH65 -> 89.604078 | G46: =monthly_data!$AH77 -> 63.365614 | H46: =monthly_data!$AH89 -> 83.188307 | I46: =monthly_data!$AH101 -> 126.46025 | J46: =monthly_data!$AH113 -> 111.9285 | K46: =monthly_data!$AH125 -> 59.544 | L46: =L$52*(SUM(G46:K46)/SUM(G$52:K$52)) -> 27.815622 | M46: =M$52*(SUM(H46:L46)/SUM(H$52:L$52)) -> 28.135353 | N46: =N$52*(SUM(I46:M46)/SUM(I$52:M$52)) -> 25.380552 | O46: =O$52*(SUM(J46:N46)/SUM(J$52:N$52)) -> 22.757513 | P46: =P$52*(SUM(K46:O46)/SUM(K$52:O$52)) -> 21.884454 | Q46: =Q$52*(SUM(L46:P46)/SUM(L$52:P$52)) -> 20.548868 | R46: =R$52*(SUM(M46:Q46)/SUM(M$52:Q$52)) -> 18.885163 | S46: =S$52*(SUM(N46:R46)/SUM(N$52:R$52)) -> 16.907922 | ... U46: =U$52*(SUM(P46:T46)/SUM(P$52:T$52)) -> 15.991342
A47: August | C47: =monthly_data!$AH30 -> 23.22011 | D47: =monthly_data!$AH42 -> 16.639635 | E47: =monthly_data!$AH54 -> 47.983347 | F47: =monthly_data!$AH66 -> 96.50969 | G47: =monthly_data!$AH78 -> 65.025996 | H47: =monthly_data!$AH90 -> 54.952723 | I47: =monthly_data!$AH102 -> 110.5968 | J47: =monthly_data!$AH114 -> 112.15094 | K47: =monthly_data!$AH126 -> 50.076 | L47: =L$52*(SUM(G47:K47)/SUM(G$52:K$52)) -> 24.581265 | M47: =M$52*(SUM(H47:L47)/SUM(H$52:L$52)) -> 24.242651 | N47: =N$52*(SUM(I47:M47)/SUM(I$52:M$52)) -> 23.068579 | O47: =O$52*(SUM(J47:N47)/SUM(J$52:N$52)) -> 21.075519 | P47: =P$52*(SUM(K47:O47)/SUM(K$52:O$52)) -> 19.130856 | Q47: =Q$52*(SUM(L47:P47)/SUM(L$52:P$52)) -> 18.285631 | R47: =R$52*(SUM(M47:Q47)/SUM(M$52:Q$52)) -> 16.832333 | S47: =S$52*(SUM(N47:R47)/SUM(N$52:R$52)) -> 15.198906 | ... U47: =U$52*(SUM(P47:T47)/SUM(P$52:T$52)) -> 14.220148
A48: September | C48: =monthly_data!$AH31 -> 20.131739 | D48: =monthly_data!$AH43 -> 19.337366 | E48: =monthly_data!$AH55 -> 60.716582 | F48: =monthly_data!$AH67 -> 115.38801 | G48: =monthly_data!$AH79 -> 101.97248 | H48: =monthly_data!$AH91 -> 57.932366 | I48: =monthly_data!$AH103 -> 119.11886 | J48: =monthly_data!$AH115 -> 79.823134 | K48: =monthly_data!$AH127 -> 43.968 | L48: =L$52*(SUM(G48:K48)/SUM(G$52:K$52)) -> 25.207832 | M48: =M$52*(SUM(H48:L48)/SUM(H$52:L$52)) -> 22.432659 | N48: =N$52*(SUM(I48:M48)/SUM(I$52:M$52)) -> 20.838289 | O48: =O$52*(SUM(J48:N48)/SUM(J$52:N$52)) -> 17.30821 | P48: =P$52*(SUM(K48:O48)/SUM(K$52:O$52)) -> 17.353568 | Q48: =Q$52*(SUM(L48:P48)/SUM(L$52:P$52)) -> 16.824346 | R48: =R$52*(SUM(M48:Q48)/SUM(M$52:Q$52)) -> 15.074989 | S48: =S$52*(SUM(N48:R48)/SUM(N$52:R$52)) -> 13.500721 | ... U48: =U$52*(SUM(P48:T48)/SUM(P$52:T$52)) -> 12.802919
A49: October | C49: =monthly_data!$AH32 -> 14.305777 | D49: =monthly_data!$AH44 -> 14.591011 | E49: =monthly_data!$AH56 -> 50.58131 | F49: =monthly_data!$AH68 -> 107.67467 | G49: =monthly_data!$AH80 -> 83.049475 | H49: =monthly_data!$AH92 -> 77.437788 | I49: =monthly_data!$AH104 -> 110.29626 | J49: =monthly_data!$AH116 -> 130.4031 | K49: =monthly_data!$AH128 -> 61.053 | L49: =L$52*(SUM(G49:K49)/SUM(G$52:K$52)) -> 28.926588 | M49: =M$52*(SUM(H49:L49)/SUM(H$52:L$52)) -> 28.07894 | N49: =N$52*(SUM(I49:M49)/SUM(I$52:M$52)) -> 25.730126 | O49: =O$52*(SUM(J49:N49)/SUM(J$52:N$52)) -> 24.682844 | P49: =P$52*(SUM(K49:O49)/SUM(K$52:O$52)) -> 22.531555 | Q49: =Q$52*(SUM(L49:P49)/SUM(L$52:P$52)) -> 21.197526 | R49: =R$52*(SUM(M49:Q49)/SUM(M$52:Q$52)) -> 19.444249 | S49: =S$52*(SUM(N49:R49)/SUM(N$52:R$52)) -> 17.545851 | ... U49: =U$52*(SUM(P49:T49)/SUM(P$52:T$52)) -> 16.533103
A50: November | C50: =monthly_data!$AH33 -> 12.145759 | D50: =monthly_data!$AH45 -> 22.607449 | E50: =monthly_data!$AH57 -> 23.741592 | F50: =monthly_data!$AH69 -> 79.706241 | G50: =monthly_data!$AH81 -> 97.829188 | H50: =monthly_data!$AH93 -> 55.121615 | I50: =monthly_data!$AH105 -> 79.828007 | J50: =monthly_data!$AH117 -> 67.077694 | K50: =monthly_data!$AH129 -> 51.237 | L50: =L$52*(SUM(G50:K50)/SUM(G$52:K$52)) -> 21.971152 | M50: =M$52*(SUM(H50:L50)/SUM(H$52:L$52)) -> 18.936543 | N50: =N$52*(SUM(I50:M50)/SUM(I$52:M$52)) -> 17.144701 | O50: =O$52*(SUM(J50:N50)/SUM(J$52:N$52)) -> 15.876632 | P50: =P$52*(SUM(K50:O50)/SUM(K$52:O$52)) -> 16.739836 | Q50: =Q$52*(SUM(L50:P50)/SUM(L$52:P$52)) -> 14.789956 | R50: =R$52*(SUM(M50:Q50)/SUM(M$52:Q$52)) -> 13.282129 | S50: =S$52*(SUM(N50:R50)/SUM(N$52:R$52)) -> 12.023023 | ... U50: =U$52*(SUM(P50:T50)/SUM(P$52:T$52)) -> 11.600783
A51: December | C51: =monthly_data!$AH34 -> 10.950946 | D51: =monthly_data!$AH46 -> 25.0517 | E51: =monthly_data!$AH58 -> 44.55974 | F51: =monthly_data!$AH70 -> 134.45292 | G51: =monthly_data!$AH82 -> 99.879107 | H51: =monthly_data!$AH94 -> 68.55824 | I51: =monthly_data!$AH106 -> 113.18913 | J51: =monthly_data!$AH118 -> 37.538495 | K51: =monthly_data!$AH130 -> 49.395 | L51: =L52-SUM(L40:L50) -> 23.064189 | M51: =M52-SUM(M40:M50) -> 20.072423 | N51: =N52-SUM(N40:N50) -> 17.446559 | O51: =O52-SUM(O40:O50) -> 13.279506 | P51: =P52-SUM(P40:P50) -> 16.484611 | Q51: =Q52-SUM(Q40:Q50) -> 14.737501 | R51: =R52-SUM(R40:R50) -> 13.048732 | S51: =S52-SUM(S40:S50) -> 11.584888 | ... U51: =U52-SUM(U40:U50) -> 11.338611
A52: Total | C52: =SUM(C40:C51) -> 257.92819 | D52: =SUM(D40:D51) -> 271.21241 | E52: =SUM(E40:E51) -> 600.20733 | F52: =SUM(F40:F51) -> 1015.5457 | G52: =SUM(G40:G51) -> 1073.1337 | H52: =SUM(H40:H51) -> 756.31641 | I52: =SUM(I40:I51) -> 1295.8348 | J52: =SUM(J40:J51) -> 1278.951 | K52: =SUM(K40:K51) -> 709.284 | L52: =L6 -> 320 | M52: =M6 -> 300 | N52: =N6 -> 280 | O52: =O6 -> 260 | P52: =P6 -> 250 | Q52: =Q6 -> 230 | R52: =R6 -> 210 | S52: =S6 -> 190 | ... U52: =U6 -> 180
A54: BIODIESEL EXPORTS (thousand tonnes)
B55: =B2 -> 2015 | C55: =C2 -> 2016 | D55: =D2 -> 2017 | E55: =E2 -> 2018 | F55: =F2 -> 2019 | G55: =G2 -> 2020 | H55: =H2 -> 2021 | I55: =I2 -> 2022 | ... U55: =U2 -> 2034
A56: January | C56: =monthly_data!$AI23 -> 3.656909 | D56: =monthly_data!$AI35 -> 5.413519 | E56: =monthly_data!$AI47 -> 0.251803 | F56: =monthly_data!$AI59 -> 10.186685 | G56: =monthly_data!$AI71 -> 0.055606 | H56: =monthly_data!$AI83 -> 20.252323 | I56: =monthly_data!$AI95 -> 39.528432 | J56: =monthly_data!$AI107 -> 31.379046 | K56: =monthly_data!$AI119 -> 33.042 | L56: =L$68*(SUM(F56:K56)/SUM(F$68:K$68)) -> 37.266601 | M56: =M$68*(SUM(G56:L56)/SUM(G$68:L$68)) -> 17.50987 | N56: =N$68*(SUM(H56:M56)/SUM(H$68:M$68)) -> 7.0839058 | O56: =O$68*(SUM(I56:N56)/SUM(I$68:N$68)) -> 0 | P56: =P$68*(SUM(J56:O56)/SUM(J$68:O$68)) -> 0 | Q56: =Q$68*(SUM(K56:P56)/SUM(K$68:P$68)) -> 0 | R56: =R$68*(SUM(L56:Q56)/SUM(L$68:Q$68)) -> 0 | S56: =S$68*(SUM(M56:R56)/SUM(M$68:R$68)) -> 0 | ... U56: =U$68*(SUM(O56:T56)/SUM(O$68:T$68)) -> #DIV/0!
A57: February | C57: =monthly_data!$AI24 -> 0.290383 | D57: =monthly_data!$AI36 -> 0.343464 | E57: =monthly_data!$AI48 -> 0.127627 | F57: =monthly_data!$AI60 -> 5.22712 | G57: =monthly_data!$AI72 -> 0.078497 | H57: =monthly_data!$AI84 -> 14.333964 | I57: =monthly_data!$AI96 -> 24.021697 | J57: =monthly_data!$AI108 -> 35.323757 | K57: =monthly_data!$AI120 -> 44.355 | L57: =L$68*(SUM(F57:K57)/SUM(F$68:K$68)) -> 34.188664 | M57: =M$68*(SUM(G57:L57)/SUM(G$68:L$68)) -> 16.510121 | N57: =N$68*(SUM(H57:M57)/SUM(H$68:M$68)) -> 6.678409 | O57: =O$68*(SUM(I57:N57)/SUM(I$68:N$68)) -> 0 | P57: =P$68*(SUM(J57:O57)/SUM(J$68:O$68)) -> 0 | Q57: =Q$68*(SUM(K57:P57)/SUM(K$68:P$68)) -> 0 | R57: =R$68*(SUM(L57:Q57)/SUM(L$68:Q$68)) -> 0 | S57: =S$68*(SUM(M57:R57)/SUM(M$68:R$68)) -> 0 | ... U57: =U$68*(SUM(O57:T57)/SUM(O$68:T$68)) -> #DIV/0!
A58: March | C58: =monthly_data!$AI25 -> 15.498864 | D58: =monthly_data!$AI37 -> 0.295694 | E58: =monthly_data!$AI49 -> 10.200194 | F58: =monthly_data!$AI61 -> 10.148197 | G58: =monthly_data!$AI73 -> 0.656458 | H58: =monthly_data!$AI85 -> 30.888782 | I58: =monthly_data!$AI97 -> 51.726092 | J58: =monthly_data!$AI109 -> 52.269049 | K58: =monthly_data!$AI121 -> 24.956 | L58: =L$68*(SUM(F58:K58)/SUM(F$68:K$68)) -> 47.301025 | M58: =M$68*(SUM(G58:L58)/SUM(G$68:L$68)) -> 22.526098 | N58: =N$68*(SUM(H58:M58)/SUM(H$68:M$68)) -> 9.0901521 | O58: =O$68*(SUM(I58:N58)/SUM(I$68:N$68)) -> 0 | P58: =P$68*(SUM(J58:O58)/SUM(J$68:O$68)) -> 0 | Q58: =Q$68*(SUM(K58:P58)/SUM(K$68:P$68)) -> 0 | R58: =R$68*(SUM(L58:Q58)/SUM(L$68:Q$68)) -> 0 | S58: =S$68*(SUM(M58:R58)/SUM(M$68:R$68)) -> 0 | ... U58: =U$68*(SUM(O58:T58)/SUM(O$68:T$68)) -> #DIV/0!
A59: April | C59: =monthly_data!$AI26 -> 5.141295 | D59: =monthly_data!$AI38 -> 4.856722 | E59: =monthly_data!$AI50 -> 25.061386 | F59: =monthly_data!$AI62 -> 0.243862 | G59: =monthly_data!$AI74 -> 0.694628 | H59: =monthly_data!$AI86 -> 31.778126 | I59: =monthly_data!$AI98 -> 27.68244 | J59: =monthly_data!$AI110 -> 33.741243 | K59: =monthly_data!$AI122 -> 27.013 | L59: =L$68*(SUM(F59:K59)/SUM(F$68:K$68)) -> 33.582522 | M59: =M$68*(SUM(G59:L59)/SUM(G$68:L$68)) -> 16.747567 | N59: =N$68*(SUM(H59:M59)/SUM(H$68:M$68)) -> 6.7501154 | O59: =O$68*(SUM(I59:N59)/SUM(I$68:N$68)) -> 0 | P59: =P$68*(SUM(J59:O59)/SUM(J$68:O$68)) -> 0 | Q59: =Q$68*(SUM(K59:P59)/SUM(K$68:P$68)) -> 0 | R59: =R$68*(SUM(L59:Q59)/SUM(L$68:Q$68)) -> 0 | S59: =S$68*(SUM(M59:R59)/SUM(M$68:R$68)) -> 0 | ... U59: =U$68*(SUM(O59:T59)/SUM(O$68:T$68)) -> #DIV/0!
A60: May | C60: =monthly_data!$AI27 -> 3.465111 | D60: =monthly_data!$AI39 -> 0.30755 | E60: =monthly_data!$AI51 -> 7.918003 | F60: =monthly_data!$AI63 -> 11.019417 | G60: =monthly_data!$AI75 -> 5.276409 | H60: =monthly_data!$AI87 -> 25.378583 | I60: =monthly_data!$AI99 -> 38.386036 | J60: =monthly_data!$AI111 -> 37.375318 | K60: =monthly_data!$AI123 -> 20.098 | L60: =L$68*(SUM(F60:K60)/SUM(F$68:K$68)) -> 38.123028 | M60: =M$68*(SUM(G60:L60)/SUM(G$68:L$68)) -> 17.847372 | N60: =N$68*(SUM(H60:M60)/SUM(H$68:M$68)) -> 7.0138523 | O60: =O$68*(SUM(I60:N60)/SUM(I$68:N$68)) -> 0 | P60: =P$68*(SUM(J60:O60)/SUM(J$68:O$68)) -> 0 | Q60: =Q$68*(SUM(K60:P60)/SUM(K$68:P$68)) -> 0 | R60: =R$68*(SUM(L60:Q60)/SUM(L$68:Q$68)) -> 0 | S60: =S$68*(SUM(M60:R60)/SUM(M$68:R$68)) -> 0 | ... U60: =U$68*(SUM(O60:T60)/SUM(O$68:T$68)) -> #DIV/0!
A61: June | C61: =monthly_data!$AI28 -> 0.608005 | D61: =monthly_data!$AI40 -> 5.806442 | E61: =monthly_data!$AI52 -> 6.147628 | F61: =monthly_data!$AI64 -> 0.376441 | G61: =monthly_data!$AI76 -> 5.241007 | H61: =monthly_data!$AI88 -> 20.521955 | I61: =monthly_data!$AI100 -> 32.113114 | J61: =monthly_data!$AI112 -> 23.034032 | K61: =monthly_data!$AI124 -> 14.534 | L61: =L$68*(SUM(F61:K61)/SUM(F$68:K$68)) -> 26.560529 | M61: =M$68*(SUM(G61:L61)/SUM(G$68:L$68)) -> 13.225807 | N61: =N$68*(SUM(H61:M61)/SUM(H$68:M$68)) -> 5.1449425 | O61: =O$68*(SUM(I61:N61)/SUM(I$68:N$68)) -> 0 | P61: =P$68*(SUM(J61:O61)/SUM(J$68:O$68)) -> 0 | Q61: =Q$68*(SUM(K61:P61)/SUM(K$68:P$68)) -> 0 | R61: =R$68*(SUM(L61:Q61)/SUM(L$68:Q$68)) -> 0 | S61: =S$68*(SUM(M61:R61)/SUM(M$68:R$68)) -> 0 | ... U61: =U$68*(SUM(O61:T61)/SUM(O$68:T$68)) -> #DIV/0!
A62: July | C62: =monthly_data!$AI29 -> 4.657737 | D62: =monthly_data!$AI41 -> 5.252503 | E62: =monthly_data!$AI53 -> 9.986149 | F62: =monthly_data!$AI65 -> 14.20851 | G62: =monthly_data!$AI77 -> 6.223267 | H62: =monthly_data!$AI89 -> 47.962784 | I62: =monthly_data!$AI101 -> 29.929716 | J62: =monthly_data!$AI113 -> 48.167571 | K62: =monthly_data!$AI125 -> 36.627 | L62: =L$68*(SUM(F62:K62)/SUM(F$68:K$68)) -> 50.758772 | M62: =M$68*(SUM(G62:L62)/SUM(G$68:L$68)) -> 23.813039 | N62: =N$68*(SUM(H62:M62)/SUM(H$68:M$68)) -> 9.3906347 | O62: =O$68*(SUM(I62:N62)/SUM(I$68:N$68)) -> 0 | P62: =P$68*(SUM(J62:O62)/SUM(J$68:O$68)) -> 0 | Q62: =Q$68*(SUM(K62:P62)/SUM(K$68:P$68)) -> 0 | R62: =R$68*(SUM(L62:Q62)/SUM(L$68:Q$68)) -> 0 | S62: =S$68*(SUM(M62:R62)/SUM(M$68:R$68)) -> 0 | ... U62: =U$68*(SUM(O62:T62)/SUM(O$68:T$68)) -> #DIV/0!
A63: August | C63: =monthly_data!$AI30 -> 0.56713 | D63: =monthly_data!$AI42 -> 3.897506 | E63: =monthly_data!$AI54 -> 12.209146 | F63: =monthly_data!$AI66 -> 4.575113 | G63: =monthly_data!$AI78 -> 6.629619 | H63: =monthly_data!$AI90 -> 46.835374 | I63: =monthly_data!$AI102 -> 34.871868 | J63: =monthly_data!$AI114 -> 22.303252 | K63: =monthly_data!$AI126 -> 13.393 | L63: =L$68*(SUM(F63:K63)/SUM(F$68:K$68)) -> 35.648955 | M63: =M$68*(SUM(G63:L63)/SUM(G$68:L$68)) -> 17.310196 | N63: =N$68*(SUM(H63:M63)/SUM(H$68:M$68)) -> 6.7429019 | O63: =O$68*(SUM(I63:N63)/SUM(I$68:N$68)) -> 0 | P63: =P$68*(SUM(J63:O63)/SUM(J$68:O$68)) -> 0 | Q63: =Q$68*(SUM(K63:P63)/SUM(K$68:P$68)) -> 0 | R63: =R$68*(SUM(L63:Q63)/SUM(L$68:Q$68)) -> 0 | S63: =S$68*(SUM(M63:R63)/SUM(M$68:R$68)) -> 0 | ... U63: =U$68*(SUM(O63:T63)/SUM(O$68:T$68)) -> #DIV/0!
A64: September | C64: =monthly_data!$AI31 -> 0.575355 | D64: =monthly_data!$AI43 -> 1.130131 | E64: =monthly_data!$AI55 -> 5.108096 | F64: =monthly_data!$AI67 -> 5.159357 | G64: =monthly_data!$AI79 -> 4.748729 | H64: =monthly_data!$AI91 -> 30.907627 | I64: =monthly_data!$AI103 -> 27.075561 | J64: =monthly_data!$AI115 -> 29.372569 | K64: =monthly_data!$AI127 -> 26.824 | L64: =L$68*(SUM(F64:K64)/SUM(F$68:K$68)) -> 34.395949 | M64: =M$68*(SUM(G64:L64)/SUM(G$68:L$68)) -> 16.621002 | N64: =N$68*(SUM(H64:M64)/SUM(H$68:M$68)) -> 6.5384356 | O64: =O$68*(SUM(I64:N64)/SUM(I$68:N$68)) -> 0 | P64: =P$68*(SUM(J64:O64)/SUM(J$68:O$68)) -> 0 | Q64: =Q$68*(SUM(K64:P64)/SUM(K$68:P$68)) -> 0 | R64: =R$68*(SUM(L64:Q64)/SUM(L$68:Q$68)) -> 0 | S64: =S$68*(SUM(M64:R64)/SUM(M$68:R$68)) -> 0 | ... U64: =U$68*(SUM(O64:T64)/SUM(O$68:T$68)) -> #DIV/0!
A65: October | C65: =monthly_data!$AI32 -> 5.945688 | D65: =monthly_data!$AI44 -> 6.457679 | E65: =monthly_data!$AI56 -> 2.399795 | F65: =monthly_data!$AI68 -> 2.833138 | G65: =monthly_data!$AI80 -> 1.167316 | H65: =monthly_data!$AI92 -> 21.181485 | I65: =monthly_data!$AI104 -> 23.184144 | J65: =monthly_data!$AI116 -> 33.527119 | K65: =monthly_data!$AI128 -> 25.655 | L65: =L$68*(SUM(F65:K65)/SUM(F$68:K$68)) -> 29.81132 | M65: =M$68*(SUM(G65:L65)/SUM(G$68:L$68)) -> 14.583216 | N65: =N$68*(SUM(H65:M65)/SUM(H$68:M$68)) -> 5.8555108 | O65: =O$68*(SUM(I65:N65)/SUM(I$68:N$68)) -> 0 | P65: =P$68*(SUM(J65:O65)/SUM(J$68:O$68)) -> 0 | Q65: =Q$68*(SUM(K65:P65)/SUM(K$68:P$68)) -> 0 | R65: =R$68*(SUM(L65:Q65)/SUM(L$68:Q$68)) -> 0 | S65: =S$68*(SUM(M65:R65)/SUM(M$68:R$68)) -> 0 | ... U65: =U$68*(SUM(O65:T65)/SUM(O$68:T$68)) -> #DIV/0!
A66: November | C66: =monthly_data!$AI33 -> 0.979867 | D66: =monthly_data!$AI45 -> 0.116718 | E66: =monthly_data!$AI57 -> 16.261442 | F66: =monthly_data!$AI69 -> 3.072612 | G66: =monthly_data!$AI81 -> 10.908312 | H66: =monthly_data!$AI93 -> 41.990773 | I66: =monthly_data!$AI105 -> 37.042357 | J66: =monthly_data!$AI117 -> 40.367807 | K66: =monthly_data!$AI129 -> 19.995 | L66: =L$68*(SUM(F66:K66)/SUM(F$68:K$68)) -> 42.514581 | M66: =M$68*(SUM(G66:L66)/SUM(G$68:L$68)) -> 20.902358 | N66: =N$68*(SUM(H66:M66)/SUM(H$68:M$68)) -> 8.0272722 | O66: =O$68*(SUM(I66:N66)/SUM(I$68:N$68)) -> 0 | P66: =P$68*(SUM(J66:O66)/SUM(J$68:O$68)) -> 0 | Q66: =Q$68*(SUM(K66:P66)/SUM(K$68:P$68)) -> 0 | R66: =R$68*(SUM(L66:Q66)/SUM(L$68:Q$68)) -> 0 | S66: =S$68*(SUM(M66:R66)/SUM(M$68:R$68)) -> 0 | ... U66: =U$68*(SUM(O66:T66)/SUM(O$68:T$68)) -> #DIV/0!
A67: December | C67: =monthly_data!$AI34 -> 0.61104 | D67: =monthly_data!$AI46 -> 6.286176 | E67: =monthly_data!$AI58 -> 5.110993 | F67: =monthly_data!$AI70 -> 0.025497 | G67: =monthly_data!$AI82 -> 9.073664 | H67: =monthly_data!$AI94 -> 35.899557 | I67: =monthly_data!$AI106 -> 30.74295 | J67: =monthly_data!$AI118 -> 28.780207 | K67: =monthly_data!$AI130 -> 21.197 | L67: =L68-SUM(L56:L66) -> 34.848055 | M67: =M68-SUM(M56:M66) -> 17.403355 | N67: =N68-SUM(N56:N66) -> 6.6838679 | O67: =O68-SUM(O56:O66) -> 0 | P67: =P68-SUM(P56:P66) -> 0 | Q67: =Q68-SUM(Q56:Q66) -> 0 | R67: =R68-SUM(R56:R66) -> 0 | S67: =S68-SUM(S56:S66) -> 0 | ... U67: =U68-SUM(U56:U66) -> #DIV/0!
A68: Total | B68: =SUM(B56:B67) -> 0 | C68: =SUM(C56:C67) -> 41.997384 | D68: =SUM(D56:D67) -> 40.164104 | E68: =SUM(E56:E67) -> 100.78226 | F68: =SUM(F56:F67) -> 67.075949 | G68: =SUM(G56:G67) -> 50.753512 | H68: =SUM(H56:H67) -> 367.93133 | I68: =SUM(I56:I67) -> 396.30441 | ... K68: =SUM(K56:K67) -> 307.689 | L68: =L9 -> 445 | M68: =M9 -> 215 | N68: =N9 -> 85 | O68: =O9 -> 0 | P68: =P9 -> 0 | Q68: =Q9 -> 0 | R68: =R9 -> 0 | S68: =S9 -> 0 | ... U68: =U9 -> 0
A70: BIODIESEL CONSUMPTION (thousand tonnes)
B71: =B2 -> 2015 | C71: =C2 -> 2016 | D71: =D2 -> 2017 | E71: =E2 -> 2018 | F71: =F2 -> 2019 | G71: =G2 -> 2020 | H71: =H2 -> 2021 | I71: =I2 -> 2022 | ... U71: =U2 -> 2034
A72: January | L72: =L$84*(SUM(G72:K72)/SUM(G$84:K$84)) -> 0 | M72: =M$84*(SUM(H72:L72)/SUM(H$84:L$84)) -> 0 | N72: =N$84*(SUM(I72:M72)/SUM(I$84:M$84)) -> 0 | O72: =O$84*(SUM(J72:N72)/SUM(J$84:N$84)) -> 0 | P72: =P$84*(SUM(K72:O72)/SUM(K$84:O$84)) -> 0 | Q72: =Q$84*(SUM(L72:P72)/SUM(L$84:P$84)) -> 0 | R72: =R$84*(SUM(M72:Q72)/SUM(M$84:Q$84)) -> 0 | S72: =S$84*(SUM(N72:R72)/SUM(N$84:R$84)) -> 0 | ... U72: =U$84*(SUM(P72:T72)/SUM(P$84:T$84)) -> 0
A73: February | L73: =L$84*(SUM(G73:K73)/SUM(G$84:K$84)) -> 0 | M73: =M$84*(SUM(H73:L73)/SUM(H$84:L$84)) -> 0 | N73: =N$84*(SUM(I73:M73)/SUM(I$84:M$84)) -> 0 | O73: =O$84*(SUM(J73:N73)/SUM(J$84:N$84)) -> 0 | P73: =P$84*(SUM(K73:O73)/SUM(K$84:O$84)) -> 0 | Q73: =Q$84*(SUM(L73:P73)/SUM(L$84:P$84)) -> 0 | R73: =R$84*(SUM(M73:Q73)/SUM(M$84:Q$84)) -> 0 | S73: =S$84*(SUM(N73:R73)/SUM(N$84:R$84)) -> 0 | ... U73: =U$84*(SUM(P73:T73)/SUM(P$84:T$84)) -> 0
A74: March | L74: =L$84*(SUM(G74:K74)/SUM(G$84:K$84)) -> 0 | M74: =M$84*(SUM(H74:L74)/SUM(H$84:L$84)) -> 0 | N74: =N$84*(SUM(I74:M74)/SUM(I$84:M$84)) -> 0 | O74: =O$84*(SUM(J74:N74)/SUM(J$84:N$84)) -> 0 | P74: =P$84*(SUM(K74:O74)/SUM(K$84:O$84)) -> 0 | Q74: =Q$84*(SUM(L74:P74)/SUM(L$84:P$84)) -> 0 | R74: =R$84*(SUM(M74:Q74)/SUM(M$84:Q$84)) -> 0 | S74: =S$84*(SUM(N74:R74)/SUM(N$84:R$84)) -> 0 | ... U74: =U$84*(SUM(P74:T74)/SUM(P$84:T$84)) -> 0
A75: April | L75: =L$84*(SUM(G75:K75)/SUM(G$84:K$84)) -> 0 | M75: =M$84*(SUM(H75:L75)/SUM(H$84:L$84)) -> 0 | N75: =N$84*(SUM(I75:M75)/SUM(I$84:M$84)) -> 0 | O75: =O$84*(SUM(J75:N75)/SUM(J$84:N$84)) -> 0 | P75: =P$84*(SUM(K75:O75)/SUM(K$84:O$84)) -> 0 | Q75: =Q$84*(SUM(L75:P75)/SUM(L$84:P$84)) -> 0 | R75: =R$84*(SUM(M75:Q75)/SUM(M$84:Q$84)) -> 0 | S75: =S$84*(SUM(N75:R75)/SUM(N$84:R$84)) -> 0 | ... U75: =U$84*(SUM(P75:T75)/SUM(P$84:T$84)) -> 0
A76: May | L76: =L$84*(SUM(G76:K76)/SUM(G$84:K$84)) -> 0 | M76: =M$84*(SUM(H76:L76)/SUM(H$84:L$84)) -> 0 | N76: =N$84*(SUM(I76:M76)/SUM(I$84:M$84)) -> 0 | O76: =O$84*(SUM(J76:N76)/SUM(J$84:N$84)) -> 0 | P76: =P$84*(SUM(K76:O76)/SUM(K$84:O$84)) -> 0 | Q76: =Q$84*(SUM(L76:P76)/SUM(L$84:P$84)) -> 0 | R76: =R$84*(SUM(M76:Q76)/SUM(M$84:Q$84)) -> 0 | S76: =S$84*(SUM(N76:R76)/SUM(N$84:R$84)) -> 0 | ... U76: =U$84*(SUM(P76:T76)/SUM(P$84:T$84)) -> 0
A77: June | L77: =L$84*(SUM(G77:K77)/SUM(G$84:K$84)) -> 0 | M77: =M$84*(SUM(H77:L77)/SUM(H$84:L$84)) -> 0 | N77: =N$84*(SUM(I77:M77)/SUM(I$84:M$84)) -> 0 | O77: =O$84*(SUM(J77:N77)/SUM(J$84:N$84)) -> 0 | P77: =P$84*(SUM(K77:O77)/SUM(K$84:O$84)) -> 0 | Q77: =Q$84*(SUM(L77:P77)/SUM(L$84:P$84)) -> 0 | R77: =R$84*(SUM(M77:Q77)/SUM(M$84:Q$84)) -> 0 | S77: =S$84*(SUM(N77:R77)/SUM(N$84:R$84)) -> 0 | ... U77: =U$84*(SUM(P77:T77)/SUM(P$84:T$84)) -> 0
A78: July | L78: =L$84*(SUM(G78:K78)/SUM(G$84:K$84)) -> 0 | M78: =M$84*(SUM(H78:L78)/SUM(H$84:L$84)) -> 0 | N78: =N$84*(SUM(I78:M78)/SUM(I$84:M$84)) -> 0 | O78: =O$84*(SUM(J78:N78)/SUM(J$84:N$84)) -> 0 | P78: =P$84*(SUM(K78:O78)/SUM(K$84:O$84)) -> 0 | Q78: =Q$84*(SUM(L78:P78)/SUM(L$84:P$84)) -> 0 | R78: =R$84*(SUM(M78:Q78)/SUM(M$84:Q$84)) -> 0 | S78: =S$84*(SUM(N78:R78)/SUM(N$84:R$84)) -> 0 | ... U78: =U$84*(SUM(P78:T78)/SUM(P$84:T$84)) -> 0
A79: August | L79: =L$84*(SUM(G79:K79)/SUM(G$84:K$84)) -> 0 | M79: =M$84*(SUM(H79:L79)/SUM(H$84:L$84)) -> 0 | N79: =N$84*(SUM(I79:M79)/SUM(I$84:M$84)) -> 0 | O79: =O$84*(SUM(J79:N79)/SUM(J$84:N$84)) -> 0 | P79: =P$84*(SUM(K79:O79)/SUM(K$84:O$84)) -> 0 | Q79: =Q$84*(SUM(L79:P79)/SUM(L$84:P$84)) -> 0 | R79: =R$84*(SUM(M79:Q79)/SUM(M$84:Q$84)) -> 0 | S79: =S$84*(SUM(N79:R79)/SUM(N$84:R$84)) -> 0 | ... U79: =U$84*(SUM(P79:T79)/SUM(P$84:T$84)) -> 0
A80: September | L80: =L$84*(SUM(G80:K80)/SUM(G$84:K$84)) -> 0 | M80: =M$84*(SUM(H80:L80)/SUM(H$84:L$84)) -> 0 | N80: =N$84*(SUM(I80:M80)/SUM(I$84:M$84)) -> 0 | O80: =O$84*(SUM(J80:N80)/SUM(J$84:N$84)) -> 0 | P80: =P$84*(SUM(K80:O80)/SUM(K$84:O$84)) -> 0 | Q80: =Q$84*(SUM(L80:P80)/SUM(L$84:P$84)) -> 0 | R80: =R$84*(SUM(M80:Q80)/SUM(M$84:Q$84)) -> 0 | S80: =S$84*(SUM(N80:R80)/SUM(N$84:R$84)) -> 0 | ... U80: =U$84*(SUM(P80:T80)/SUM(P$84:T$84)) -> 0
A81: October | L81: =L$84*(SUM(G81:K81)/SUM(G$84:K$84)) -> 0 | M81: =M$84*(SUM(H81:L81)/SUM(H$84:L$84)) -> 0 | N81: =N$84*(SUM(I81:M81)/SUM(I$84:M$84)) -> 0 | O81: =O$84*(SUM(J81:N81)/SUM(J$84:N$84)) -> 0 | P81: =P$84*(SUM(K81:O81)/SUM(K$84:O$84)) -> 0 | Q81: =Q$84*(SUM(L81:P81)/SUM(L$84:P$84)) -> 0 | R81: =R$84*(SUM(M81:Q81)/SUM(M$84:Q$84)) -> 0 | S81: =S$84*(SUM(N81:R81)/SUM(N$84:R$84)) -> 0 | ... U81: =U$84*(SUM(P81:T81)/SUM(P$84:T$84)) -> 0
A82: November | K82: =K$84*(SUM(F82:J82)/SUM(F$84:J$84)) -> #DIV/0! | L82: =L$84*(SUM(G82:K82)/SUM(G$84:K$84)) -> #DIV/0! | M82: =M$84*(SUM(H82:L82)/SUM(H$84:L$84)) -> #DIV/0! | N82: =N$84*(SUM(I82:M82)/SUM(I$84:M$84)) -> #DIV/0! | O82: =O$84*(SUM(J82:N82)/SUM(J$84:N$84)) -> #DIV/0! | P82: =P$84*(SUM(K82:O82)/SUM(K$84:O$84)) -> #DIV/0! | Q82: =Q$84*(SUM(L82:P82)/SUM(L$84:P$84)) -> #DIV/0! | R82: =R$84*(SUM(M82:Q82)/SUM(M$84:Q$84)) -> #DIV/0! | ... U82: =U$84*(SUM(P82:T82)/SUM(P$84:T$84)) -> #DIV/0!
A83: December | K83: =K84-SUM(K72:K82) -> #DIV/0! | L83: =L84-SUM(L72:L82) -> #DIV/0! | M83: =M84-SUM(M72:M82) -> #DIV/0! | N83: =N84-SUM(N72:N82) -> #DIV/0! | O83: =O84-SUM(O72:O82) -> #DIV/0! | P83: =P84-SUM(P72:P82) -> #DIV/0! | Q83: =Q84-SUM(Q72:Q82) -> #DIV/0! | R83: =R84-SUM(R72:R82) -> #DIV/0! | ... U83: =U84-SUM(U72:U82) -> #DIV/0!
A84: Total | K84: =K8 -> 1600 | L84: =L8 -> 2825 | M84: =M8 -> 2100 | N84: =N8 -> 2100 | O84: =O8 -> 2100 | P84: =P8 -> 2275 | Q84: =Q8 -> 2100 | R84: =R8 -> 2200 | ... U84: =U8 -> 1225
J85: =J8 -> 2224.7276
A86: BIODIESEL STOCKS (metric tons)
B87: =B2 -> 2015 | C87: =C2 -> 2016 | D87: =D2 -> 2017 | E87: =E2 -> 2018 | F87: =F2 -> 2019 | G87: =G2 -> 2020 | H87: =H2 -> 2021 | I87: =I2 -> 2022 | ... U87: =U2 -> 2034
A88: January | L88: =K99+L40+L24-L72-L56 -> #DIV/0! | M88: =L99+M40+M24-M72-M56 -> #DIV/0! | N88: =M99+N40+N24-N72-N56 -> #DIV/0! | O88: =N99+O40+O24-O72-O56 -> #DIV/0! | P88: =O99+P40+P24-P72-P56 -> #DIV/0! | Q88: =P99+Q40+Q24-Q72-Q56 -> #DIV/0! | R88: =Q99+R40+R24-R72-R56 -> #DIV/0! | S88: =R99+S40+S24-S72-S56 -> #DIV/0! | ... U88: =T99+U40+U24-U72-U56 -> #DIV/0!
A89: February | L89: =L88+L41+L25-L73-L57 -> #DIV/0! | M89: =M88+M41+M25-M73-M57 -> #DIV/0! | N89: =N88+N41+N25-N73-N57 -> #DIV/0! | O89: =O88+O41+O25-O73-O57 -> #DIV/0! | P89: =P88+P41+P25-P73-P57 -> #DIV/0! | Q89: =Q88+Q41+Q25-Q73-Q57 -> #DIV/0! | R89: =R88+R41+R25-R73-R57 -> #DIV/0! | S89: =S88+S41+S25-S73-S57 -> #DIV/0! | ... U89: =U88+U41+U25-U73-U57 -> #DIV/0!
A90: March | L90: =L89+L42+L26-L74-L58 -> #DIV/0! | M90: =M89+M42+M26-M74-M58 -> #DIV/0! | N90: =N89+N42+N26-N74-N58 -> #DIV/0! | O90: =O89+O42+O26-O74-O58 -> #DIV/0! | P90: =P89+P42+P26-P74-P58 -> #DIV/0! | Q90: =Q89+Q42+Q26-Q74-Q58 -> #DIV/0! | R90: =R89+R42+R26-R74-R58 -> #DIV/0! | S90: =S89+S42+S26-S74-S58 -> #DIV/0! | ... U90: =U89+U42+U26-U74-U58 -> #DIV/0!
A91: April | L91: =L90+L43+L27-L75-L59 -> #DIV/0! | M91: =M90+M43+M27-M75-M59 -> #DIV/0! | N91: =N90+N43+N27-N75-N59 -> #DIV/0! | O91: =O90+O43+O27-O75-O59 -> #DIV/0! | P91: =P90+P43+P27-P75-P59 -> #DIV/0! | Q91: =Q90+Q43+Q27-Q75-Q59 -> #DIV/0! | R91: =R90+R43+R27-R75-R59 -> #DIV/0! | S91: =S90+S43+S27-S75-S59 -> #DIV/0! | ... U91: =U90+U43+U27-U75-U59 -> #DIV/0!
A92: May | L92: =L91+L44+L28-L76-L60 -> #DIV/0! | M92: =M91+M44+M28-M76-M60 -> #DIV/0! | N92: =N91+N44+N28-N76-N60 -> #DIV/0! | O92: =O91+O44+O28-O76-O60 -> #DIV/0! | P92: =P91+P44+P28-P76-P60 -> #DIV/0! | Q92: =Q91+Q44+Q28-Q76-Q60 -> #DIV/0! | R92: =R91+R44+R28-R76-R60 -> #DIV/0! | S92: =S91+S44+S28-S76-S60 -> #DIV/0! | ... U92: =U91+U44+U28-U76-U60 -> #DIV/0!
A93: June | L93: =L92+L45+L29-L77-L61 -> #DIV/0! | M93: =M92+M45+M29-M77-M61 -> #DIV/0! | N93: =N92+N45+N29-N77-N61 -> #DIV/0! | O93: =O92+O45+O29-O77-O61 -> #DIV/0! | P93: =P92+P45+P29-P77-P61 -> #DIV/0! | Q93: =Q92+Q45+Q29-Q77-Q61 -> #DIV/0! | R93: =R92+R45+R29-R77-R61 -> #DIV/0! | S93: =S92+S45+S29-S77-S61 -> #DIV/0! | ... U93: =U92+U45+U29-U77-U61 -> #DIV/0!
A94: July | L94: =L93+L46+L30-L78-L62 -> #DIV/0! | M94: =M93+M46+M30-M78-M62 -> #DIV/0! | N94: =N93+N46+N30-N78-N62 -> #DIV/0! | O94: =O93+O46+O30-O78-O62 -> #DIV/0! | P94: =P93+P46+P30-P78-P62 -> #DIV/0! | Q94: =Q93+Q46+Q30-Q78-Q62 -> #DIV/0! | R94: =R93+R46+R30-R78-R62 -> #DIV/0! | S94: =S93+S46+S30-S78-S62 -> #DIV/0! | ... U94: =U93+U46+U30-U78-U62 -> #DIV/0!
A95: August | L95: =L94+L47+L31-L79-L63 -> #DIV/0! | M95: =M94+M47+M31-M79-M63 -> #DIV/0! | N95: =N94+N47+N31-N79-N63 -> #DIV/0! | O95: =O94+O47+O31-O79-O63 -> #DIV/0! | P95: =P94+P47+P31-P79-P63 -> #DIV/0! | Q95: =Q94+Q47+Q31-Q79-Q63 -> #DIV/0! | R95: =R94+R47+R31-R79-R63 -> #DIV/0! | S95: =S94+S47+S31-S79-S63 -> #DIV/0! | ... U95: =U94+U47+U31-U79-U63 -> #DIV/0!
A96: September | L96: =L95+L48+L32-L80-L64 -> #DIV/0! | M96: =M95+M48+M32-M80-M64 -> #DIV/0! | N96: =N95+N48+N32-N80-N64 -> #DIV/0! | O96: =O95+O48+O32-O80-O64 -> #DIV/0! | P96: =P95+P48+P32-P80-P64 -> #DIV/0! | Q96: =Q95+Q48+Q32-Q80-Q64 -> #DIV/0! | R96: =R95+R48+R32-R80-R64 -> #DIV/0! | S96: =S95+S48+S32-S80-S64 -> #DIV/0! | ... U96: =U95+U48+U32-U80-U64 -> #DIV/0!
A97: October | L97: =L96+L49+L33-L81-L65 -> #DIV/0! | M97: =M96+M49+M33-M81-M65 -> #DIV/0! | N97: =N96+N49+N33-N81-N65 -> #DIV/0! | O97: =O96+O49+O33-O81-O65 -> #DIV/0! | P97: =P96+P49+P33-P81-P65 -> #DIV/0! | Q97: =Q96+Q49+Q33-Q81-Q65 -> #DIV/0! | R97: =R96+R49+R33-R81-R65 -> #DIV/0! | S97: =S96+S49+S33-S81-S65 -> #DIV/0! | ... U97: =U96+U49+U33-U81-U65 -> #DIV/0!
A98: November | K98: =K97+K50+K34-K82-K66 -> #DIV/0! | L98: =L97+L50+L34-L82-L66 -> #DIV/0! | M98: =M97+M50+M34-M82-M66 -> #DIV/0! | N98: =N97+N50+N34-N82-N66 -> #DIV/0! | O98: =O97+O50+O34-O82-O66 -> #DIV/0! | P98: =P97+P50+P34-P82-P66 -> #DIV/0! | Q98: =Q97+Q50+Q34-Q82-Q66 -> #DIV/0! | R98: =R97+R50+R34-R82-R66 -> #DIV/0! | ... U98: =U97+U50+U34-U82-U66 -> #DIV/0!
A99: December | K99: =K98+K51+K35-K83-K67 -> #DIV/0! | L99: =L98+L51+L35-L83-L67 -> #DIV/0! | M99: =M98+M51+M35-M83-M67 -> #DIV/0! | N99: =N98+N51+N35-N83-N67 -> #DIV/0! | O99: =O98+O51+O35-O83-O67 -> #DIV/0! | P99: =P98+P51+P35-P83-P67 -> #DIV/0! | Q99: =Q98+Q51+Q35-Q83-Q67 -> #DIV/0! | R99: =R98+R51+R35-R83-R67 -> #DIV/0! | ... U99: =U98+U51+U35-U83-U67 -> #DIV/0!
D100: =D11 -> 0 | E100: =E11 -> 0 | F100: =F11 -> 0 | G100: =G11 -> 0 | H100: =H11 -> 0 | I100: =I11 -> 0 | J100: =J11 -> 0 | K100: =K11 -> -413.88837 | ... U100: =U11 -> -6846.9493
A101: BIODIESEL PERCENT OF BIOMASS-BASED DIESEL PRODUCTION
B102: =B2 -> 2015 | C102: =C2 -> 2016 | D102: =D2 -> 2017 | E102: =E2 -> 2018 | F102: =F2 -> 2019 | G102: =G2 -> 2020 | H102: =H2 -> 2021 | I102: =I2 -> 2022 | ... U102: =U2 -> 2034
A103: January | B103: =B24/(B24+RD!B24) -> 1 | C103: =C24/(C24+RD!C24) -> 1 | D103: =D24/(D24+RD!D24) -> 1 | E103: =E24/(E24+RD!E24) -> 1 | F103: =F24/(F24+RD!F24) -> 1 | G103: =G24/(G24+RD!G24) -> 1 | H103: =H24/(H24+RD!H24) -> 1 | I103: =I24/(I24+RD!I24) -> 1 | ... U103: =U24/(U24+RD!U24) -> 1
A104: February | B104: =B25/(B25+RD!B25) -> 1 | C104: =C25/(C25+RD!C25) -> 1 | D104: =D25/(D25+RD!D25) -> 1 | E104: =E25/(E25+RD!E25) -> 1 | F104: =F25/(F25+RD!F25) -> 1 | G104: =G25/(G25+RD!G25) -> 1 | H104: =H25/(H25+RD!H25) -> 1 | I104: =I25/(I25+RD!I25) -> 1 | ... U104: =U25/(U25+RD!U25) -> 1
A105: March | B105: =B26/(B26+RD!B26) -> 1 | C105: =C26/(C26+RD!C26) -> 1 | D105: =D26/(D26+RD!D26) -> 1 | E105: =E26/(E26+RD!E26) -> 1 | F105: =F26/(F26+RD!F26) -> 1 | G105: =G26/(G26+RD!G26) -> 1 | H105: =H26/(H26+RD!H26) -> 1 | I105: =I26/(I26+RD!I26) -> 1 | ... U105: =U26/(U26+RD!U26) -> 1
A106: April | B106: =B27/(B27+RD!B27) -> 1 | C106: =C27/(C27+RD!C27) -> 1 | D106: =D27/(D27+RD!D27) -> 1 | E106: =E27/(E27+RD!E27) -> 1 | F106: =F27/(F27+RD!F27) -> 1 | G106: =G27/(G27+RD!G27) -> 1 | H106: =H27/(H27+RD!H27) -> 1 | I106: =I27/(I27+RD!I27) -> 1 | ... U106: =U27/(U27+RD!U27) -> 1
A107: May | B107: =B28/(B28+RD!B28) -> 1 | C107: =C28/(C28+RD!C28) -> 1 | D107: =D28/(D28+RD!D28) -> 1 | E107: =E28/(E28+RD!E28) -> 1 | F107: =F28/(F28+RD!F28) -> 1 | G107: =G28/(G28+RD!G28) -> 1 | H107: =H28/(H28+RD!H28) -> 1 | I107: =I28/(I28+RD!I28) -> 1 | ... U107: =U28/(U28+RD!U28) -> 1
A108: June | B108: =B29/(B29+RD!B29) -> 1 | C108: =C29/(C29+RD!C29) -> 1 | D108: =D29/(D29+RD!D29) -> 1 | E108: =E29/(E29+RD!E29) -> 1 | F108: =F29/(F29+RD!F29) -> 1 | G108: =G29/(G29+RD!G29) -> 1 | H108: =H29/(H29+RD!H29) -> 1 | I108: =I29/(I29+RD!I29) -> 1 | ... U108: =U29/(U29+RD!U29) -> 1
A109: July | B109: =B30/(B30+RD!B30) -> 1 | C109: =C30/(C30+RD!C30) -> 1 | D109: =D30/(D30+RD!D30) -> 1 | E109: =E30/(E30+RD!E30) -> 1 | F109: =F30/(F30+RD!F30) -> 1 | G109: =G30/(G30+RD!G30) -> 1 | H109: =H30/(H30+RD!H30) -> 1 | I109: =I30/(I30+RD!I30) -> 1 | ... U109: =U30/(U30+RD!U30) -> 1
A110: August | B110: =B31/(B31+RD!B31) -> 1 | C110: =C31/(C31+RD!C31) -> 1 | D110: =D31/(D31+RD!D31) -> 1 | E110: =E31/(E31+RD!E31) -> 1 | F110: =F31/(F31+RD!F31) -> 1 | G110: =G31/(G31+RD!G31) -> 1 | H110: =H31/(H31+RD!H31) -> 1 | I110: =I31/(I31+RD!I31) -> 1 | ... U110: =U31/(U31+RD!U31) -> 1
A111: September | B111: =B32/(B32+RD!B32) -> 1 | C111: =C32/(C32+RD!C32) -> 1 | D111: =D32/(D32+RD!D32) -> 1 | E111: =E32/(E32+RD!E32) -> 1 | F111: =F32/(F32+RD!F32) -> 1 | G111: =G32/(G32+RD!G32) -> 1 | H111: =H32/(H32+RD!H32) -> 1 | I111: =I32/(I32+RD!I32) -> 1 | ... U111: =U32/(U32+RD!U32) -> 1
...

Sheet RD
A1: UK RENEWABLE DIESEL SUPPLY AND DEMAND
A2: thousand tonnes | B2: 2015 | C2: 2016 | D2: 2017 | E2: 2018 | F2: 2019 | G2: 2020 | H2: 2021 | I2: 2022 | J2: 2023 | K2: 2024 | L2: 2025 | M2: 2026 | N2: 2027 | O2: 2028 | P2: 2029 | Q2: 2030 | R2: 2031 | S2: 2032 | T2: 2033 | U2: 2034
A3: RENEWABLE DIESEL SUPPLY AND DEMAND (th tonnes)
A4: Beginning Stocks | B4: =#REF! -> #REF! | C4: =B11 -> 0 | D4: =C11 -> 0 | E4: =D11 -> 0 | F4: =E11 -> 0 | G4: =F11 -> 0 | H4: =G11 -> 0 | I4: =H11 -> 0 | J4: =I11 -> 0 | ... U4: =T11 -> #DIV/0!
A5: Production | B5: =B36 -> 0 | C5: =C36 -> 0 | D5: =D36 -> 0 | E5: =E36 -> 0 | F5: =F36 -> 0 | G5: =G36 -> 0 | H5: =H36 -> 0 | I5: =I36 -> 0 | ... U5: =U36 -> 0
A6: Imports | B6: =B52 -> 0 | C6: =C52 -> 0 | D6: =D52 -> 0 | E6: =E52 -> 0 | F6: =F52 -> 0 | G6: =G52 -> 0 | H6: =H52 -> 0 | I6: =I52 -> 0 | J6: =J52 -> 0 | K6: 324.29323 | L6: 336.92796 | M6: 379.0437 | N6: 379.0437 | O6: 357.98583 | P6: 336.92796 | Q6: 315.87009 | R6: 294.81222 | S6: 273.75435 | T6: 252.69648 | U6: 252.69648
A7: Total Supply | B7: =B4+B5+B6 -> #REF! | C7: =C4+C5+C6 -> 0 | D7: =D4+D5+D6 -> 0 | E7: =E4+E5+E6 -> 0 | F7: =F4+F5+F6 -> 0 | G7: =G4+G5+G6 -> 0 | H7: =H4+H5+H6 -> 0 | I7: =I4+I5+I6 -> 0 | ... T7: =T4+T5+T6 -> #DIV/0!
A8: Consumption | B8: =B68 -> 0 | C8: =C68 -> 0 | D8: =D68 -> 0 | E8: =E68 -> 0 | F8: =F68 -> 0 | G8: =G68 -> 0 | H8: =H68 -> 0 | I8: =I68 -> 0 | J8: =J68 -> 0 | K8: =MROUND(FORECAST(K5,C8:J8,C5:J5),25) -> #DIV/0! | L8: =MROUND(FORECAST(L5,D8:K8,D5:K5),25) -> #DIV/0! | M8: =MROUND(FORECAST(M5,E8:L8,E5:L5),25) -> #DIV/0! | N8: =MROUND(FORECAST(N5,F8:M8,F5:M5),25) -> #DIV/0! | O8: =MROUND(FORECAST(O5,G8:N8,G5:N5),25) -> #DIV/0! | P8: =MROUND(FORECAST(P5,H8:O8,H5:O5),25) -> #DIV/0! | Q8: =MROUND(FORECAST(Q5,I8:P8,I5:P5),25) -> #DIV/0! | R8: =MROUND(FORECAST(R5,J8:Q8,J5:Q5),25) -> #DIV/0! | ... T8: =MROUND(FORECAST(T5,L8:S8,L5:S5),25) -> #DIV/0!
A9: Exports | B9: 0 | C9: 0 | D9: 0 | E9: 0 | F9: 0 | G9: 0 | H9: 0 | I9: 0 | J9: 1 | K9: 0 | L9: 0 | M9: 0 | N9: 0 | O9: 0 | P9: 0 | Q9: 0 | R9: 0 | S9: 0 | T9: 0
A10: Total Use | B10: =B8+B9 -> 0 | C10: =C8+C9 -> 0 | D10: =D8+D9 -> 0 | E10: =E8+E9 -> 0 | F10: =F8+F9 -> 0 | G10: =G8+G9 -> 0 | H10: =H8+H9 -> 0 | I10: =I8+I9 -> 0 | J10: =J8+J9 -> 1 | K10: =SUM(K8:K9) -> #DIV/0! | L10: =SUM(L8:L9) -> #DIV/0! | M10: =SUM(M8:M9) -> #DIV/0! | N10: =SUM(N8:N9) -> #DIV/0! | O10: =SUM(O8:O9) -> #DIV/0! | P10: =SUM(P8:P9) -> #DIV/0! | Q10: =SUM(Q8:Q9) -> #DIV/0! | R10: =SUM(R8:R9) -> #DIV/0! | ... T10: =SUM(T8:T9) -> #DIV/0!
A11: Final Stocks (December 31) | B11: =B83 -> 0 | C11: =C83 -> 0 | D11: =D83 -> 0 | E11: =E83 -> 0 | F11: =F83 -> 0 | G11: =G83 -> 0 | H11: =H83 -> 0 | I11: =I83 -> 0 | J11: =J83 -> 0 | K11: =K7-K10 -> #DIV/0! | L11: =L7-L10 -> #DIV/0! | M11: =M7-M10 -> #DIV/0! | N11: =N7-N10 -> #DIV/0! | O11: =O7-O10 -> #DIV/0! | P11: =P7-P10 -> #DIV/0! | Q11: =Q7-Q10 -> #DIV/0! | R11: =R7-R10 -> #DIV/0! | ... T11: =T7-T10 -> #DIV/0!
A12: Yield | B12: #REF! | C12: #REF! | D12: #REF! | E12: #REF! | F12: #REF! | G12: #REF! | H12: #REF! | I12: #REF! | J12: #REF! | K12: #REF! | L12: 8.5040019 | M12: 9.0043985 | N12: 9.1030515 | O12: 8.6907845 | P12: 8.5854574 | Q12: 8.6979972 | R12: 8.4138383 | S12: 8.3129596 | T12: 7.754598
A13: Stocks/Use | B13: =B11/B8 -> #DIV/0! | C13: =C11/C8 -> #DIV/0! | D13: =D11/D8 -> #DIV/0! | E13: =E11/E8 -> #DIV/0! | F13: =F11/F8 -> #DIV/0! | G13: =G11/G8 -> #DIV/0! | H13: =H11/H8 -> #DIV/0! | I13: =I11/I8 -> #DIV/0! | ... U13: =U11/U8 -> #DIV/0!
A22: RENEWABLE DIESEL PRODUCTION (th tonnes)
B23: =B2 -> 2015 | C23: =C2 -> 2016 | D23: =D2 -> 2017 | E23: =E2 -> 2018 | F23: =F2 -> 2019 | G23: =G2 -> 2020 | H23: =H2 -> 2021 | I23: =I2 -> 2022 | ... U23: =U2 -> 2034
A24: January
A25: February
A26: March
A27: April
A28: May
A29: June
A30: July
A31: August
A32: September
A33: October
A34: November
A35: December
A36: Total | B36: =SUM(B24:B35) -> 0 | C36: =SUM(C24:C35) -> 0 | D36: =SUM(D24:D35) -> 0 | E36: =SUM(E24:E35) -> 0 | F36: =SUM(F24:F35) -> 0 | G36: =SUM(G24:G35) -> 0 | H36: =SUM(H24:H35) -> 0 | I36: =SUM(I24:I35) -> 0 | ... U36: =SUM(U24:U35) -> 0
A38: RENEWABLE DIESEL IMPORTS (th tonnes)
B39: =B2 -> 2015 | C39: =C2 -> 2016 | D39: =D2 -> 2017 | E39: =E2 -> 2018 | F39: =F2 -> 2019 | G39: =G2 -> 2020 | H39: =H2 -> 2021 | I39: =I2 -> 2022 | ... U39: =U2 -> 2034
A40: January
A41: February
A42: March
A43: April
A44: May
A45: June
A46: July
A47: August
A48: September
A49: October
A50: November
A51: December
A52: Total | B52: =SUM(B40:B51) -> 0 | C52: =SUM(C40:C51) -> 0 | D52: =SUM(D40:D51) -> 0 | E52: =SUM(E40:E51) -> 0 | F52: =SUM(F40:F51) -> 0 | G52: =SUM(G40:G51) -> 0 | H52: =SUM(H40:H51) -> 0 | I52: =SUM(I40:I51) -> 0 | J52: =SUM(J40:J51) -> 0 | K52: =K6 -> 324.29323 | L52: =L6 -> 336.92796 | M52: =M6 -> 379.0437 | N52: =N6 -> 379.0437 | O52: =O6 -> 357.98583 | P52: =P6 -> 336.92796 | Q52: =Q6 -> 315.87009 | R52: =R6 -> 294.81222 | ... U52: =U6 -> 252.69648
A54: RENEWABLE DIESEL CONSUMPTION (th tonnes)
B55: =B2 -> 2015 | C55: =C2 -> 2016 | D55: =D2 -> 2017 | E55: =E2 -> 2018 | F55: =F2 -> 2019 | G55: =G2 -> 2020 | H55: =H2 -> 2021 | I55: =I2 -> 2022 | ... U55: =U2 -> 2034
A56: January
A57: February
A58: March
A59: April
A60: May
A61: June
A62: July
A63: August
A64: September
A65: October
A66: November
A67: December
A68: Total | B68: =SUM(B56:B67) -> 0 | C68: =SUM(C56:C67) -> 0 | D68: =SUM(D56:D67) -> 0 | E68: =SUM(E56:E67) -> 0 | F68: =SUM(F56:F67) -> 0 | G68: =SUM(G56:G67) -> 0 | H68: =SUM(H56:H67) -> 0 | I68: =SUM(I56:I67) -> 0 | J68: =SUM(J56:J67) -> 0 | K68: =K8 -> #DIV/0! | L68: =L8 -> #DIV/0! | M68: =M8 -> #DIV/0! | N68: =N8 -> #DIV/0! | O68: =O8 -> #DIV/0! | P68: =P8 -> #DIV/0! | Q68: =Q8 -> #DIV/0! | R68: =R8 -> #DIV/0! | ... U68: =U8 -> 0
A70: RENEWABLE DIESEL STOCKS (th tonnes)
B71: =B2 -> 2015 | C71: =C2 -> 2016 | D71: =D2 -> 2017 | E71: =E2 -> 2018 | F71: =F2 -> 2019 | G71: =G2 -> 2020 | H71: =H2 -> 2021 | I71: =I2 -> 2022 | ... U71: =U2 -> 2034
A72: January
A73: February
A74: March
A75: April
A76: May
A77: June
A78: July
A79: August
A80: September
A81: October
A82: November
A83: December
A85: RENEWABLE DIESEL CONSUMPTION (th tonnes)
B86: =B2 -> 2015 | C86: =C2 -> 2016 | D86: =D2 -> 2017 | E86: =E2 -> 2018 | F86: =F2 -> 2019 | G86: =G2 -> 2020 | H86: =H2 -> 2021 | I86: =I2 -> 2022 | ... U86: =U2 -> 2034
A87: January
A88: February
A89: March
A90: April
A91: May
A92: June
A93: July
A94: August
A95: September
A96: October
A97: November
A98: December
A99: Total | B99: =SUM(B87:B98) -> 0 | C99: =SUM(C87:C98) -> 0 | D99: =SUM(D87:D98) -> 0 | E99: =SUM(E87:E98) -> 0 | F99: =SUM(F87:F98) -> 0 | G99: =SUM(G87:G98) -> 0 | H99: =SUM(H87:H98) -> 0 | I99: =SUM(I87:I98) -> 0 | J99: =J8 -> 0 | K99: =K8 -> #DIV/0! | L99: =L8 -> #DIV/0! | M99: =M8 -> #DIV/0! | N99: =N8 -> #DIV/0! | O99: =O8 -> #DIV/0! | P99: =P8 -> #DIV/0! | Q99: =Q8 -> #DIV/0! | ... U99: =U8 -> 0
A101: RENEWABLE DIESEL CAPACITY (million gallons per year)
B102: =B2 -> 2015 | C102: =C2 -> 2016 | D102: =D2 -> 2017 | E102: =E2 -> 2018 | F102: =F2 -> 2019 | G102: =G2 -> 2020 | H102: =H2 -> 2021 | I102: =I2 -> 2022 | ... U102: =U2 -> 2034
A103: January | B103: 255 | C103: 266 | D103: 408 | E103: 408 | F103: 558 | G103: 558 | H103: 791 | I103: 1750 | J103: 2999 | K103: 3857 | L103: 4793.5 | M103: 5129.6 | N103: 5374.1 | O103: 5535.85 | P103: 5593.35 | Q103: 5593.35 | R103: 5593.35 | S103: 5650.85 | T103: 5650.85 | U103: 5650.85
A104: February | B104: 255 | C104: 277 | D104: 408 | E104: 408 | F104: 558 | G104: 558 | H104: 791 | I104: 1750 | J104: 3278 | K104: 3857 | L104: 4824.75 | M104: 5178.35 | N104: 5377.1 | O104: 5554.6 | P104: 5593.35 | Q104: 5593.35 | R104: 5612.1 | S104: 5650.85 | T104: 5650.85 | U104: 5650.85
A105: March | B105: 255 | C105: 308 | D105: 408 | E105: 408 | F105: 558 | G105: 558 | H105: 791 | I105: 1750 | J105: 3278 | K105: 3857 | L105: 4856 | M105: 5269.6 | N105: 5386.85 | O105: 5593.35 | P105: 5593.35 | Q105: 5593.35 | R105: 5650.85 | S105: 5650.85 | T105: 5650.85 | U105: 5650.85
A106: April | B106: 255 | C106: 333 | D106: 408 | E106: 408 | F106: 558 | G106: 558 | H106: 971 | I106: 1922 | J106: 3278 | K106: 4129 | L106: 4856.8 | M106: 5292.1 | N106: 5386.85 | O106: 5593.35 | P106: 5593.35 | Q106: 5593.35 | R106: 5650.85 | S106: 5650.85 | T106: 5650.85 | U106: 5650.85
A107: May | B107: 255 | C107: 358 | D107: 408 | E107: 418 | F107: 558 | G107: 558 | H107: 971 | I107: 1947 | J107: 3278 | K107: 4575 | L107: 4885.1 | M107: 5337.1 | N107: 5386.85 | O107: 5593.35 | P107: 5593.35 | Q107: 5593.35 | R107: 5650.85 | S107: 5650.85 | T107: 5650.85 | U107: 5650.85
A108: June | B108: 255 | C108: 408 | D108: 408 | E108: 428 | F108: 558 | G108: 558 | H108: 911 | I108: 1947 | J108: 3700 | K108: 4897 | L108: 4986.6 | M108: 5342.1 | N108: 5394.35 | O108: 5593.35 | P108: 5593.35 | Q108: 5593.35 | R108: 5650.85 | S108: 5650.85 | T108: 5650.85 | U108: 5650.85
A109: July | B109: 255 | C109: 408 | D109: 408 | E109: 268 | F109: 558 | G109: 618 | H109: 911 | I109: 2174 | J109: 3704 | K109: 4598 | L109: 5030.6 | M109: 5352.1 | N109: 5399.35 | O109: 5593.35 | P109: 5593.35 | Q109: 5593.35 | R109: 5650.85 | S109: 5650.85 | T109: 5650.85 | U109: 5650.85
A110: August | B110: 255 | C110: 408 | D110: 408 | E110: 456.75 | F110: 558 | G110: 678 | H110: 911 | I110: 2219 | J110: 3704 | K110: 4598 | L110: 5069.6 | M110: 5359.6 | N110: 5401.35 | O110: 5593.35 | P110: 5593.35 | Q110: 5593.35 | R110: 5650.85 | S110: 5650.85 | T110: 5650.85 | U110: 5650.85
A111: September | B111: 255 | C111: 408 | D111: 408 | E111: 485.5 | F111: 558 | G111: 738 | H111: 911 | I111: 2219 | J111: 3704 | K111: 4580 | L111: 5069.6 | M111: 5372.1 | N111: 5410.85 | O111: 5593.35 | P111: 5593.35 | Q111: 5593.35 | R111: 5650.85 | S111: 5650.85 | T111: 5650.85 | U111: 5650.85
A112: October | B112: 255 | C112: 408 | D112: 408 | E112: 514.3 | F112: 558 | G112: 738 | H112: 1014 | I112: 2219 | J112: 3857 | K112: 4685 | L112: 5069.6 | M112: 5372.1 | N112: 5410.85 | O112: 5593.35 | P112: 5593.35 | Q112: 5593.35 | R112: 5650.85 | S112: 5650.85 | T112: 5650.85 | U112: 5650.85
A113: November | B113: 255 | C113: 408 | D113: 408 | E113: 558 | F113: 558 | G113: 738 | H113: 1017 | I113: 2755 | J113: 3897 | K113: 4705 | L113: 5069.6 | M113: 5372.1 | N113: 5410.85 | O113: 5593.35 | P113: 5593.35 | Q113: 5593.35 | R113: 5650.85 | S113: 5650.85 | T113: 5650.85 | U113: 5650.85
...

Sheet SAF
A3: UK Sustainable Aviation Fuel Supply and Demand
A4: thousand tonnes | B4: 2018 | C4: 2019 | D4: 2020 | E4: 2021 | F4: 2022 | G4: 2023 | H4: 2024 | I4: 2025 | J4: 2026 | K4: 2027 | L4: 2028 | M4: 2029 | N4: 2030 | O4: 2031 | P4: 2032 | Q4: 2033 | R4: 2034 | S4: 2035 | T4: 2036 | U4: 2037 | V4: 2038 | W4: 2039 | X4: 2040
A5: Beginning Stocks | B5: 0 | C5: =B12 -> 0 | D5: =C12 -> 0 | E5: =D12 -> 0 | F5: =E12 -> 0 | G5: =F12 -> 0 | H5: =G12 -> 0 | I5: =H12 -> 0 | J5: =I12 -> 0 | ... R5: =Q12 -> 0
A6: Production | B6: 0 | C6: 0 | D6: 0 | E6: =E18*0.5 -> 5 | F6: =F18*0.5 -> 10 | G6: =G18*0.5 -> 10 | H6: =H18*0.5 -> 16.909 | I6: =I18*0.75 -> 33.6135 | J6: =J18*0.75 -> 115.1385 | K6: =K18*0.75 -> 124.1385 | L6: =L18*0.8 -> 490.2544 | M6: =M18*0.8 -> 530.2544 | N6: =N18*0.8 -> 610.2544 | O6: =O18*0.8 -> 610.2544 | P6: =P18*0.8 -> 610.2544 | Q6: =Q18*0.8 -> 610.2544 | R6: =R18*0.8 -> 610.2544
A7: Imports | B7: =B8-B6 -> 0 | C7: =C8-C6 -> 0 | D7: =D8-D6 -> 0 | E7: =E8-E6 -> 9.8353888 | F7: =F8-F6 -> 24.246922 | G7: =G8-G6 -> 67.175251 | H7: =H8-H6 -> 121.75085 | I7: =I9-I6 -> 201.02878 | J7: =J9-J6 -> 318.62123 | K7: =K9-K6 -> 519.31996 | L7: =L9-L6 -> 373.91031 | M7: =M9-M6 -> 566.06562 | N7: =N9-N6 -> 730.12733 | O7: =O9-O6 -> 931.50629 | P7: =P9-P6 -> 1142.7826 | ... R7: =R9-R6 -> 1596.5914
A8: Total Supply | B8: =B34 -> 0 | C8: =C34 -> 0 | D8: =D34 -> 0 | E8: =E34 -> 14.835389 | F8: =F34 -> 34.246922 | G8: =G34 -> 77.175251 | H8: =H34 -> 138.65985 | I8: =I7+I6+I5 -> 234.64228 | J8: =J7+J6+J5 -> 433.75973 | K8: =K7+K6+K5 -> 643.45846 | L8: =L7+L6+L5 -> 864.16471 | M8: =M7+M6+M5 -> 1096.32 | N8: =N7+N6+N5 -> 1340.3817 | O8: =O7+O6+O5 -> 1541.7607 | P8: =P7+P6+P5 -> 1753.037 | ... R8: =R7+R6+R5 -> 2206.8458
A9: Domestic Use | B9: =B11-B10 -> 0 | C9: =C11-C10 -> 0 | D9: =D11-D10 -> 0 | E9: =E11-E10 -> 14.835389 | F9: =F11-F10 -> 34.246922 | G9: =G11-G10 -> 77.175251 | H9: =H11-H10 -> 138.65985 | I9: ='Jet Fuel'!I9*SAF!I16*1000 -> 234.64228 | J9: ='Jet Fuel'!J9*SAF!J16*1000 -> 433.75973 | K9: ='Jet Fuel'!K9*SAF!K16*1000 -> 643.45846 | L9: ='Jet Fuel'!L9*SAF!L16*1000 -> 864.16471 | M9: ='Jet Fuel'!M9*SAF!M16*1000 -> 1096.32 | N9: ='Jet Fuel'!N9*SAF!N16*1000 -> 1340.3817 | O9: ='Jet Fuel'!O9*SAF!O16*1000 -> 1541.7607 | P9: ='Jet Fuel'!P9*SAF!P16*1000 -> 1753.037 | ... R9: ='Jet Fuel'!R9*SAF!R16*1000 -> 2206.8458 | S9: NOTE: WAY short on capacity and production
A10: Exports | B10: =B66/1000 -> 0 | C10: =C66/1000 -> 0 | D10: =D66/1000 -> 0 | E10: =E66/1000 -> 0 | F10: =F66/1000 -> 0 | G10: =G66/1000 -> 0 | H10: 0 | I10: 0 | J10: 0 | K10: 0 | L10: 0 | M10: 0 | N10: 0 | O10: 0 | P10: 0 | Q10: 0 | R10: 0
A11: Total Demand | B11: =B8-B12 -> 0 | C11: =C8-C12 -> 0 | D11: =D8-D12 -> 0 | E11: =E8-E12 -> 14.835389 | F11: =F8-F12 -> 34.246922 | G11: =G8-G12 -> 77.175251 | H11: =H8-H12 -> 138.65985 | I11: =I8-I12 -> 234.64228 | ... R11: =R8-R12 -> 2206.8458
A12: Ending Stocks | B12: 0 | C12: 0 | D12: 0 | E12: 0 | F12: 0 | G12: 0 | H12: 0 | I12: 0 | J12: 0 | K12: 0 | L12: 0 | M12: 0 | N12: 0 | O12: 0 | P12: 0 | Q12: 0 | R12: 0
A14: Days of Coverage | B14: =B12/(C11/365) -> #DIV/0! | C14: =C12/(D11/365) -> #DIV/0! | D14: =D12/(E11/365) -> 0 | E14: =E12/(F11/365) -> 0 | F14: =F12/(G11/365) -> 0 | G14: =G12/(H11/365) -> 0 | H14: =H12/(I11/365) -> 0 | I14: =I12/(J11/365) -> 0 | ... R14: =R12/(S11/365) -> #DIV/0!
A16: Mandate | H16: 0 | I16: 0.02 | J16: =I16+0.016 -> 0.036 | K16: =J16+0.016 -> 0.052 | L16: =K16+0.016 -> 0.068 | M16: =L16+0.016 -> 0.084 | N16: =M16+0.016 -> 0.1 | O16: =N16+0.012 -> 0.112 | P16: =O16+0.012 -> 0.124 | Q16: =P16+0.012 -> 0.136 | R16: =Q16+0.012 -> 0.148 | S16: =R16+0.012 -> 0.16 | T16: =S16+0.012 -> 0.172 | U16: =T16+0.012 -> 0.184 | V16: =U16+0.012 -> 0.196 | ... X16: =W16+0.012 -> 0.22
A17: Blending Rate | B17: =B9/'Jet Fuel'!B9 -> 0 | C17: =C9/'Jet Fuel'!C9 -> 0 | D17: =D9/'Jet Fuel'!D9 -> 0 | H17: =H9/('Jet Fuel'!H9*1000) -> 0.012137937 | I17: =I9/('Jet Fuel'!I9*1000) -> 0.02 | J17: =J9/('Jet Fuel'!J9*1000) -> 0.036 | K17: =K9/('Jet Fuel'!K9*1000) -> 0.052 | L17: =L9/('Jet Fuel'!L9*1000) -> 0.068 | M17: =M9/('Jet Fuel'!M9*1000) -> 0.084 | N17: =N9/('Jet Fuel'!N9*1000) -> 0.1 | O17: =O9/('Jet Fuel'!O9*1000) -> 0.112 | ... R17: =R9/('Jet Fuel'!R9*1000) -> 0.148
A18: Capacity | B18: 0 | C18: 0 | D18: 0 | E18: 10 | F18: 20 | G18: 20 | H18: =G18+1.4+12.418 -> 33.818 | I18: =H18+11 -> 44.818 | J18: =I18+86+2.6+14+6.1 -> 153.518 | K18: =+J18+12 -> 165.518 | L18: =K18+37.4+124.2+77+76+67.7+65 -> 612.818 | M18: =L18+50 -> 662.818 | N18: =M18+100 -> 762.818 | O18: =N18 -> 762.818 | P18: =O18 -> 762.818 | Q18: =P18 -> 762.818 | R18: =Q18 -> 762.818
A19: SAF Domestic Supply
A20: thousand tonnes | B20: =B4 -> 2018 | C20: =C4 -> 2019 | D20: =D4 -> 2020 | E20: =E4 -> 2021 | F20: =F4 -> 2022 | G20: =G4 -> 2023 | H20: =H4 -> 2024 | I20: =I4 -> 2025 | ... R20: =R4 -> 2034
A21: Jan | B21: =monthly_data!F47/1250*1000 -> 0 | C21: =monthly_data!F60/1250*1000 -> 0 | D21: =monthly_data!F73/1250*1000 -> 0 | E21: =monthly_data!F86/1250*1000 -> 0 | F21: =monthly_data!F99/1250*1000 -> 0 | G21: =monthly_data!F112/1250*1000 -> 0 | H21: =monthly_data!F125/1250*1000 -> 0
A22: Jan-Feb | B22: =monthly_data!F48/1250*1000 -> 0 | C22: =monthly_data!F61/1250*1000 -> 0 | D22: =monthly_data!F74/1250*1000 -> 0 | E22: =monthly_data!F87/1250*1000 -> 0 | F22: =monthly_data!F100/1250*1000 -> 1.3962152 | G22: =monthly_data!F113/1250*1000 -> 8.2512224 | H22: =monthly_data!F126/1250*1000 -> 7.6185008
A23: Feb - Mar | B23: =monthly_data!F49/1250*1000 -> 0 | C23: =monthly_data!F62/1250*1000 -> 0 | D23: =monthly_data!F75/1250*1000 -> 0 | E23: =monthly_data!F88/1250*1000 -> 0 | F23: =monthly_data!F101/1250*1000 -> 0 | G23: =monthly_data!F114/1250*1000 -> 1.4904 | H23: =monthly_data!F127/1250*1000 -> 6.2499152
A24: Mar - Apr | B24: =monthly_data!F50/1250*1000 -> 0 | C24: =monthly_data!F63/1250*1000 -> 0 | D24: =monthly_data!F76/1250*1000 -> 0 | E24: =monthly_data!F89/1250*1000 -> 0 | F24: =monthly_data!F102/1250*1000 -> 3.9987744 | G24: =monthly_data!F115/1250*1000 -> 5.5996432 | H24: =monthly_data!F128/1250*1000 -> 29.177982
A25: Apr - May | B25: =monthly_data!F51/1250*1000 -> 0 | C25: =monthly_data!F64/1250*1000 -> 0 | D25: =monthly_data!F77/1250*1000 -> 0 | E25: =monthly_data!F90/1250*1000 -> 0 | F25: =monthly_data!F103/1250*1000 -> 2.646156 | G25: =monthly_data!F116/1250*1000 -> 1.0217056 | H25: =monthly_data!F129/1250*1000 -> 13.662709
A26: May - Jun | B26: =monthly_data!F52/1250*1000 -> 0 | C26: =monthly_data!F65/1250*1000 -> 0 | D26: =monthly_data!F78/1250*1000 -> 0 | E26: =monthly_data!F91/1250*1000 -> 0 | F26: =monthly_data!F104/1250*1000 -> 0 | G26: =monthly_data!F117/1250*1000 -> 0.3025552 | H26: =monthly_data!F130/1250*1000 -> 11.764584
A27: Jun - Jul | B27: =monthly_data!F53/1250*1000 -> 0 | C27: =monthly_data!F66/1250*1000 -> 0 | D27: =monthly_data!F79/1250*1000 -> 0 | E27: =monthly_data!F92/1250*1000 -> 1.9174448 | F27: =monthly_data!F105/1250*1000 -> 10.279635 | G27: =monthly_data!F118/1250*1000 -> 15.644658 | H27: =monthly_data!F131/1250*1000 -> 5.284324
A28: Jul - Aug | B28: =monthly_data!F54/1250*1000 -> 0 | C28: =monthly_data!F67/1250*1000 -> 0 | D28: =monthly_data!F80/1250*1000 -> 0 | E28: =monthly_data!F93/1250*1000 -> 0 | F28: =monthly_data!F106/1250*1000 -> 5.0839232 | G28: =monthly_data!F119/1250*1000 -> 11.438098 | H28: =monthly_data!F132/1250*1000 -> 40.153878
A29: Aug - Sep | B29: =monthly_data!F55/1250*1000 -> 0 | C29: =monthly_data!F68/1250*1000 -> 0 | D29: =monthly_data!F81/1250*1000 -> 0 | E29: =monthly_data!F94/1250*1000 -> 0.6831624 | F29: =monthly_data!F107/1250*1000 -> 1.3548016 | G29: =monthly_data!F120/1250*1000 -> 5.8059432 | H29: =monthly_data!F133/1250*1000 -> 17.738497
A30: Sep - Oct | B30: =monthly_data!F56/1250*1000 -> 0 | C30: =monthly_data!F69/1250*1000 -> 0 | D30: =monthly_data!F82/1250*1000 -> 0 | E30: =monthly_data!F95/1250*1000 -> 0.724 | F30: =monthly_data!F108/1250*1000 -> 2.1173744 | G30: =monthly_data!F121/1250*1000 -> 11.010062 | H30: =monthly_data!F134/1250*1000 -> 7.0094576
A31: Oct - Nov | B31: =monthly_data!F57/1250*1000 -> 0 | C31: =monthly_data!F70/1250*1000 -> 0 | D31: =monthly_data!F83/1250*1000 -> 0 | E31: =monthly_data!F96/1250*1000 -> 0.050768 | F31: =monthly_data!F109/1250*1000 -> 3.3552 | G31: =monthly_data!F122/1250*1000 -> 0.2254024 | H31: =monthly_data!F135/1250*1000 -> 0
A32: Nov - Dec | B32: =monthly_data!F58/1250*1000 -> 0 | C32: =monthly_data!F71/1250*1000 -> 0 | D32: =monthly_data!F84/1250*1000 -> 0 | E32: =monthly_data!F97/1250*1000 -> 11.460014 | F32: =monthly_data!F110/1250*1000 -> 4.0148416 | G32: =monthly_data!F123/1250*1000 -> 16.385562 | H32: =monthly_data!F136/1250*1000 -> 0
A33: Dec | B33: =monthly_data!F59/1250*1000 -> 0 | C33: =monthly_data!F72/1250*1000 -> 0 | D33: =monthly_data!F85/1250*1000 -> 0 | E33: =monthly_data!F98/1250*1000 -> 0 | F33: =monthly_data!F111/1250*1000 -> 3.872 | G33: =monthly_data!F124/1250*1000 -> 0.175964 | H33: =monthly_data!F137/1250*1000 -> 17.12248
A34: Total | B34: =SUM(B21:B32) -> 0 | C34: =SUM(C21:C32) -> 0 | D34: =SUM(D21:D32) -> 0 | E34: =SUM(E21:E32) -> 14.835389 | F34: =SUM(F21:F32) -> 34.246922 | G34: =SUM(G21:G32) -> 77.175251 | H34: =SUM(H21:H32) -> 138.65985 | I34: =SUM(I21:I32) -> 0 | ... R34: =SUM(R21:R32) -> 0
A36: SAF Imports - Census Bureau
A37: tonnes | B37: =B20 -> 2018 | C37: =C20 -> 2019 | D37: =D20 -> 2020 | E37: =E20 -> 2021 | F37: =F20 -> 2022 | G37: =G20 -> 2023 | H37: =H20 -> 2024 | I37: =I20 -> 2025 | ... R37: =R20 -> 2034
A38: January
A39: February
A40: March
A41: April
A42: May
A43: June
A44: July
A45: August
A46: September
A47: October
A48: November
A49: December
... A52: SAF Exports - Census Bureau
A53: tonnes | B53: =B4 -> 2018 | C53: =C4 -> 2019 | D53: =D4 -> 2020 | E53: =E4 -> 2021 | F53: =F4 -> 2022 | G53: =G4 -> 2023 | H53: =H4 -> 2024 | I53: =I4 -> 2025 | ... R53: =R4 -> 2034
A54: January
A55: February
A56: March
A57: April
A58: May
A59: June
A60: July
A61: August
A62: September
A63: October
A64: November
A65: December
A66: Total

Sheet Jet Fuel
A3: UK Aviation Fuel Supply and Demand
A4: million tonnes | B4: 2018 | C4: 2019 | D4: 2020 | E4: 2021 | F4: 2022 | G4: 2023 | H4: 2024 | I4: 2025 | J4: 2026 | K4: 2027 | L4: 2028 | M4: 2029 | N4: 2030 | O4: 2031 | P4: 2032 | Q4: 2033 | R4: 2034 | S4: 2035
A5: Beginning Stocks | B5: 1.735 | C5: =B12 -> 0.00091173 | D5: =C12 -> 0.00103358 | E5: =D12 -> 1.26727 | F5: =E12 -> 0.71816 | G5: =F12 -> 0.7196 | H5: =G12 -> 0.89757 | I5: =H12 -> 1.162 | J5: =I12 -> 2.5121918 | ... S5: =R12 -> 16.428281
A6: Production | B6: =B33 -> 5.12895 | C6: =C33 -> 5.18533 | D6: =D33 -> 1.94278 | E6: =E33 -> 1.83375 | F6: =F33 -> 3.48981 | G6: =G33 -> 3.31464 | H6: =H33 -> 3.44104 | I6: =H6*(1+I18) -> 3.5339481 | J6: =I6*(1+J18) -> 3.6293647 | K6: =J6*(1+K18) -> 3.7273575 | L6: =K6*(1+L18) -> 3.8279962 | M6: =L6*(1+M18) -> 3.9313521 | N6: =M6*(1+N18) -> 4.0374986 | O6: =N6*(1+O18) -> 4.146511 | P6: =O6*(1+P18) -> 4.2584668 | ... S6: =R6*(1+S18) -> 4.6127997
A7: Imports | B7: =B49 -> 9.39514 | C7: =C49 -> 9.07845 | D7: =D49 -> 5.56082 | E7: =E49 -> 4.4451 | F7: =F49 -> 7.74811 | G7: =G49 -> 9.85528 | H7: =H49 -> 10.75331 | I7: =H7*(1+I18) -> 11.043649 | J7: =I7*(1+J18) -> 11.341828 | K7: =J7*(1+K18) -> 11.648057 | L7: =K7*(1+L18) -> 11.962555 | M7: =L7*(1+M18) -> 12.285544 | N7: =M7*(1+N18) -> 12.617253 | O7: =N7*(1+O18) -> 12.957919 | P7: =O7*(1+P18) -> 13.307783 | ... S7: =R7*(1+S18) -> 14.41508
A8: Total Supply | B8: =SUM(B5:B7) -> 16.25909 | C8: =SUM(C5:C7) -> 14.264692 | D8: =SUM(D5:D7) -> 7.5046336 | E8: =SUM(E5:E7) -> 7.54612 | F8: =SUM(F5:F7) -> 11.95608 | G8: =SUM(G5:G7) -> 13.88952 | H8: =SUM(H5:H7) -> 15.09192 | I8: =SUM(I5:I7) -> 15.739597 | ... S8: =SUM(S5:S7) -> 35.456161
A9: Domestic Use | B9: =annual_data!$X7 -> 12.272144 | C9: =annual_data!$X8 -> 12.31862 | D9: =annual_data!$X9 -> 4.98399 | E9: =annual_data!$X10 -> 4.902942 | F9: =annual_data!$X11 -> 9.585 | G9: =F9*(1+G18) -> 10.456373 | H9: =G9*(1+H18)+0.8 -> 11.423675 | I9: =H9*(1+I18) -> 11.732114 | J9: =I9*(1+J18) -> 12.048881 | K9: =J9*(1+K18) -> 12.374201 | L9: =K9*(1+L18) -> 12.708305 | M9: =L9*(1+M18) -> 13.051429 | N9: =M9*(1+N18) -> 13.403817 | O9: =N9*(1+O18) -> 13.76572 | P9: =O9*(1+P18) -> 14.137395 | ... S9: =R9*(1+S18) -> 15.313721
A10: Exports | B10: =B65 -> 1.57227 | C10: =C65 -> 1.28402 | D10: =D65 -> 1.19337 | E10: =E65 -> 1.17241 | F10: =F65 -> 1.12488 | G10: =G65 -> 1.44774 | H10: =H65 -> 1.45598 | I10: =H10*(1+I18) -> 1.4952915 | J10: =I10*(1+J18) -> 1.5356643 | K10: =J10*(1+K18) -> 1.5771273 | L10: =K10*(1+L18) -> 1.6197097 | M10: =L10*(1+M18) -> 1.6634419 | N10: =M10*(1+N18) -> 1.7083548 | O10: =N10*(1+O18) -> 1.7544804 | P10: =O10*(1+P18) -> 1.8018513 | ... S10: =R10*(1+S18) -> 1.9517774
A11: Total Demand | B11: =B10+B9 -> 13.844414 | C11: =C10+C9 -> 13.60264 | D11: =D10+D9 -> 6.17736 | E11: =E10+E9 -> 6.075352 | F11: =F10+F9 -> 10.70988 | G11: =G10+G9 -> 11.904113 | H11: =H10+H9 -> 12.879655 | I11: =I10+I9 -> 13.227406 | ... S11: =S10+S9 -> 17.265498
A12: Ending Stocks | B12: =B96/1000 -> 0.00091173 | C12: =C96/1000 -> 0.00103358 | D12: =D96 -> 1.26727 | E12: =E96 -> 0.71816 | F12: =F96 -> 0.7196 | G12: =G96 -> 0.89757 | H12: =H96 -> 1.162 | I12: =I96 -> 2.5121918 | J12: =J96 -> 3.8988387 | K12: =K96 -> 5.3229251 | ... S12: =S96 -> 18.190662
A14: Days of Coverage | B14: =B12/(C11/365) -> 0.024464475 | C14: =C12/(D11/365) -> 0.061070862 | D14: =D12/(E11/365) -> 76.136091 | E14: =E12/(F11/365) -> 24.475382 | F14: =F12/(G11/365) -> 22.064139 | G14: =G12/(H11/365) -> 25.436477 | H14: =H12/(I11/365) -> 32.064489 | I14: =I12/(J11/365) -> 67.499496 | ... S14: =S12/(T11/365) -> #DIV/0!
A17: Passenger Miles | B17: =[1]Assumptions!BC$20 -> 722415.33 | C17: =[1]Assumptions!BD$20 -> 754450.06 | D17: =[1]Assumptions!BE$20 -> 306058.03 | E17: =[1]Assumptions!BF$20 -> 573403.84 | F17: =[1]Assumptions!BG$20 -> 708959.96 | G17: =[1]Assumptions!BH$20 -> 773411.56 | H17: =[1]Assumptions!BI$20 -> 785786.14 | I17: =[1]Assumptions!BJ$20 -> 807002.37 | ... S17: =[1]Assumptions!BT$20 -> 1053365.9
A18: Passenger miles growth | C18: =(C17-B17)/B17 -> 0.044343912 | D18: =(D17-C17)/C17 -> -0.59432963 | E18: =(E17-D17)/D17 -> 0.87351347 | F18: =(F17-E17)/E17 -> 0.23640602 | G18: =(G17-F17)/F17 -> 0.090910072 | H18: =(H17-G17)/G17 -> 0.016 | I18: =(I17-H17)/H17 -> 0.027 | J18: =(J17-I17)/I17 -> 0.027 | ... S18: =(S17-R17)/R17 -> 0.027
A19: Jet Fuel Domestic Production
A20: million tonnes | B20: =B4 -> 2018 | C20: =C4 -> 2019 | D20: =D4 -> 2020 | E20: =E4 -> 2021 | F20: =F4 -> 2022 | G20: =G4 -> 2023 | H20: =H4 -> 2024 | I20: =I4 -> 2025 | ... S20: =S4 -> 2035
A21: January | B21: =monthly_data!T47/1000 -> 0.33305 | C21: =monthly_data!T59/1000 -> 0.42935 | D21: =monthly_data!T71/1000 -> 0.45054 | E21: =monthly_data!T83/1000 -> 0.07816 | F21: =monthly_data!T95/1000 -> 0.2656 | G21: =monthly_data!T107/1000 -> 0.29115 | H21: =monthly_data!T119/1000 -> 0.24936 | I21: =I$33*(SUM(D21:H21)/SUM(D$33:H$33)) -> 0.33641011 | J21: =J$33*(SUM(E21:I21)/SUM(E$33:I$33)) -> 0.28375328 | K21: =K$33*(SUM(F21:J21)/SUM(F$33:J$33)) -> 0.30537602 | L21: =L$33*(SUM(G21:K21)/SUM(G$33:K$33)) -> 0.31802789 | M21: =M$33*(SUM(H21:L21)/SUM(H$33:L$33)) -> 0.32320031 | N21: =N$33*(SUM(I21:M21)/SUM(I$33:M$33)) -> 0.33918583 | O21: =O$33*(SUM(J21:N21)/SUM(J$33:N$33)) -> 0.33978673 | P21: =P$33*(SUM(K21:O21)/SUM(K$33:O$33)) -> 0.35191729 | ... S21: =S$33*(SUM(N21:R21)/SUM(N$33:R$33)) -> 0.3819694
A22: February | B22: =monthly_data!T48/1000 -> 0.26573 | C22: =monthly_data!T60/1000 -> 0.38572 | D22: =monthly_data!T72/1000 -> 0.34679 | E22: =monthly_data!T84/1000 -> 0.07257 | F22: =monthly_data!T96/1000 -> 0.20626 | G22: =monthly_data!T108/1000 -> 0.2553 | H22: =monthly_data!T120/1000 -> 0.22461 | I22: =I$33*(SUM(D22:H22)/SUM(D$33:H$33)) -> 0.27862502 | J22: =J$33*(SUM(E22:I22)/SUM(E$33:I$33)) -> 0.24114076 | K22: =K$33*(SUM(F22:J22)/SUM(F$33:J$33)) -> 0.25820005 | L22: =L$33*(SUM(G22:K22)/SUM(G$33:K$33)) -> 0.27286911 | M22: =M$33*(SUM(H22:L22)/SUM(H$33:L$33)) -> 0.27611807 | N22: =N$33*(SUM(I22:M22)/SUM(I$33:M$33)) -> 0.28726893 | O22: =O$33*(SUM(J22:N22)/SUM(J$33:N$33)) -> 0.28914023 | P22: =P$33*(SUM(K22:O22)/SUM(K$33:O$33)) -> 0.29953152 | ... S22: =S$33*(SUM(N22:R22)/SUM(N$33:R$33)) -> 0.32486318
A23: March | B23: =monthly_data!T49/1000 -> 0.31446 | C23: =monthly_data!T61/1000 -> 0.40698 | D23: =monthly_data!T73/1000 -> 0.25019 | E23: =monthly_data!T85/1000 -> 0.0967 | F23: =monthly_data!T97/1000 -> 0.23005 | G23: =monthly_data!T109/1000 -> 0.28953 | H23: =monthly_data!T121/1000 -> 0.21255 | I23: =I$33*(SUM(D23:H23)/SUM(D$33:H$33)) -> 0.27194375 | J23: =J$33*(SUM(E23:I23)/SUM(E$33:I$33)) -> 0.25588043 | K23: =K$33*(SUM(F23:J23)/SUM(F$33:J$33)) -> 0.26976581 | L23: =L$33*(SUM(G23:K23)/SUM(G$33:K$33)) -> 0.28193545 | M23: =M$33*(SUM(H23:L23)/SUM(H$33:L$33)) -> 0.27971837 | N23: =N$33*(SUM(I23:M23)/SUM(I$33:M$33)) -> 0.29425949 | O23: =O$33*(SUM(J23:N23)/SUM(J$33:N$33)) -> 0.29909057 | P23: =P$33*(SUM(K23:O23)/SUM(K$33:O$33)) -> 0.30844503 | ... S23: =S$33*(SUM(N23:R23)/SUM(N$33:R$33)) -> 0.33403699
A24: April | B24: =monthly_data!T50/1000 -> 0.41321 | C24: =monthly_data!T62/1000 -> 0.37727 | D24: =monthly_data!T74/1000 -> 0.14838 | E24: =monthly_data!T86/1000 -> 0.08918 | F24: =monthly_data!T98/1000 -> 0.30391 | G24: =monthly_data!T110/1000 -> 0.28091 | H24: =monthly_data!T122/1000 -> 0.22723 | I24: =I$33*(SUM(D24:H24)/SUM(D$33:H$33)) -> 0.26453159 | J24: =J$33*(SUM(E24:I24)/SUM(E$33:I$33)) -> 0.27098719 | K24: =K$33*(SUM(F24:J24)/SUM(F$33:J$33)) -> 0.28852476 | L24: =L$33*(SUM(G24:K24)/SUM(G$33:K$33)) -> 0.28898857 | M24: =M$33*(SUM(H24:L24)/SUM(H$33:L$33)) -> 0.29015019 | N24: =N$33*(SUM(I24:M24)/SUM(I$33:M$33)) -> 0.30377163 | O24: =O$33*(SUM(J24:N24)/SUM(J$33:N$33)) -> 0.31226661 | P24: =P$33*(SUM(K24:O24)/SUM(K$33:O$33)) -> 0.3212031 | ... S24: =S$33*(SUM(N24:R24)/SUM(N$33:R$33)) -> 0.34687859
A25: May | B25: =monthly_data!T51/1000 -> 0.44027 | C25: =monthly_data!T63/1000 -> 0.3651 | D25: =monthly_data!T75/1000 -> 0.0834 | E25: =monthly_data!T87/1000 -> 0.10542 | F25: =monthly_data!T99/1000 -> 0.38735 | G25: =monthly_data!T111/1000 -> 0.32567 | H25: =monthly_data!T123/1000 -> 0.30544 | I25: =I$33*(SUM(D25:H25)/SUM(D$33:H$33)) -> 0.30426892 | J25: =J$33*(SUM(E25:I25)/SUM(E$33:I$33)) -> 0.33198045 | K25: =K$33*(SUM(F25:J25)/SUM(F$33:J$33)) -> 0.3542859 | L25: =L$33*(SUM(G25:K25)/SUM(G$33:K$33)) -> 0.35178107 | M25: =M$33*(SUM(H25:L25)/SUM(H$33:L$33)) -> 0.35671889 | N25: =N$33*(SUM(I25:M25)/SUM(I$33:M$33)) -> 0.36782013 | O25: =O$33*(SUM(J25:N25)/SUM(J$33:N$33)) -> 0.38157819 | P25: =P$33*(SUM(K25:O25)/SUM(K$33:O$33)) -> 0.39231548 | ... S25: =S$33*(SUM(N25:R25)/SUM(N$33:R$33)) -> 0.42288007
A26: June | B26: =monthly_data!T52/1000 -> 0.50401 | C26: =monthly_data!T64/1000 -> 0.38863 | D26: =monthly_data!T76/1000 -> 0.08168 | E26: =monthly_data!T88/1000 -> 0.10814 | F26: =monthly_data!T100/1000 -> 0.32133 | G26: =monthly_data!T112/1000 -> 0.31196 | H26: =monthly_data!T124/1000 -> 0.32474 | I26: =I$33*(SUM(D26:H26)/SUM(D$33:H$33)) -> 0.28929087 | J26: =J$33*(SUM(E26:I26)/SUM(E$33:I$33)) -> 0.31508375 | K26: =K$33*(SUM(F26:J26)/SUM(F$33:J$33)) -> 0.33452275 | L26: =L$33*(SUM(G26:K26)/SUM(G$33:K$33)) -> 0.34179196 | M26: =M$33*(SUM(H26:L26)/SUM(H$33:L$33)) -> 0.34755561 | N26: =N$33*(SUM(I26:M26)/SUM(I$33:M$33)) -> 0.35249491 | O26: =O$33*(SUM(J26:N26)/SUM(J$33:N$33)) -> 0.36617781 | P26: =P$33*(SUM(K26:O26)/SUM(K$33:O$33)) -> 0.37723904 | ... S26: =S$33*(SUM(N26:R26)/SUM(N$33:R$33)) -> 0.40668519
A27: July | B27: =monthly_data!T53/1000 -> 0.54143 | C27: =monthly_data!T65/1000 -> 0.51913 | D27: =monthly_data!T77/1000 -> 0.10982 | E27: =monthly_data!T89/1000 -> 0.17081 | F27: =monthly_data!T101/1000 -> 0.35557 | G27: =monthly_data!T113/1000 -> 0.39052 | H27: =monthly_data!T125/1000 -> 0.32348 | I27: =I$33*(SUM(D27:H27)/SUM(D$33:H$33)) -> 0.34028882 | J27: =J$33*(SUM(E27:I27)/SUM(E$33:I$33)) -> 0.36743448 | K27: =K$33*(SUM(F27:J27)/SUM(F$33:J$33)) -> 0.38053206 | L27: =L$33*(SUM(G27:K27)/SUM(G$33:K$33)) -> 0.39096054 | M27: =M$33*(SUM(H27:L27)/SUM(H$33:L$33)) -> 0.39026139 | N27: =N$33*(SUM(I27:M27)/SUM(I$33:M$33)) -> 0.40471873 | O27: =O$33*(SUM(J27:N27)/SUM(J$33:N$33)) -> 0.41866701 | P27: =P$33*(SUM(K27:O27)/SUM(K$33:O$33)) -> 0.42975823 | ... S27: =S$33*(SUM(N27:R27)/SUM(N$33:R$33)) -> 0.46429682
A28: August | B28: =monthly_data!T54/1000 -> 0.58478 | C28: =monthly_data!T66/1000 -> 0.56788 | D28: =monthly_data!T78/1000 -> 0.07474 | E28: =monthly_data!T90/1000 -> 0.21285 | F28: =monthly_data!T102/1000 -> 0.36761 | G28: =monthly_data!T114/1000 -> 0.33813 | H28: =monthly_data!T126/1000 -> 0.3553 | I28: =I$33*(SUM(D28:H28)/SUM(D$33:H$33)) -> 0.33989314 | J28: =J$33*(SUM(E28:I28)/SUM(E$33:I$33)) -> 0.37513207 | K28: =K$33*(SUM(F28:J28)/SUM(F$33:J$33)) -> 0.38026911 | L28: =L$33*(SUM(G28:K28)/SUM(G$33:K$33)) -> 0.38802527 | M28: =M$33*(SUM(H28:L28)/SUM(H$33:L$33)) -> 0.39803842 | N28: =N$33*(SUM(I28:M28)/SUM(I$33:M$33)) -> 0.40729077 | O28: =O$33*(SUM(J28:N28)/SUM(J$33:N$33)) -> 0.42188152 | P28: =P$33*(SUM(K28:O28)/SUM(K$33:O$33)) -> 0.4320022 | ... S28: =S$33*(SUM(N28:R28)/SUM(N$33:R$33)) -> 0.46751006
A29: September | B29: =monthly_data!T55/1000 -> 0.46399 | C29: =monthly_data!T67/1000 -> 0.45542 | D29: =monthly_data!T79/1000 -> 0.10805 | E29: =monthly_data!T91/1000 -> 0.18588 | F29: =monthly_data!T103/1000 -> 0.32881 | G29: =monthly_data!T115/1000 -> 0.28015 | H29: =monthly_data!T127/1000 -> 0.30933 | I29: =I$33*(SUM(D29:H29)/SUM(D$33:H$33)) -> 0.30551394 | J29: =J$33*(SUM(E29:I29)/SUM(E$33:I$33)) -> 0.32768817 | K29: =K$33*(SUM(F29:J29)/SUM(F$33:J$33)) -> 0.3321863 | L29: =L$33*(SUM(G29:K29)/SUM(G$33:K$33)) -> 0.33729526 | M29: =M$33*(SUM(H29:L29)/SUM(H$33:L$33)) -> 0.34898104 | N29: =N$33*(SUM(I29:M29)/SUM(I$33:M$33)) -> 0.357565 | O29: =O$33*(SUM(J29:N29)/SUM(J$33:N$33)) -> 0.36883342 | P29: =P$33*(SUM(K29:O29)/SUM(K$33:O$33)) -> 0.37774085 | ... S29: =S$33*(SUM(N29:R29)/SUM(N$33:R$33)) -> 0.40921273
A30: October | B30: =monthly_data!T56/1000 -> 0.46575 | C30: =monthly_data!T68/1000 -> 0.48557 | D30: =monthly_data!T80/1000 -> 0.11452 | E30: =monthly_data!T92/1000 -> 0.21669 | F30: =monthly_data!T104/1000 -> 0.26571 | G30: =monthly_data!T116/1000 -> 0.17253 | H30: =monthly_data!T128/1000 -> 0.296 | I30: =I$33*(SUM(D30:H30)/SUM(D$33:H$33)) -> 0.26852372 | J30: =J$33*(SUM(E30:I30)/SUM(E$33:I$33)) -> 0.2834682 | K30: =K$33*(SUM(F30:J30)/SUM(F$33:J$33)) -> 0.27539207 | L30: =L$33*(SUM(G30:K30)/SUM(G$33:K$33)) -> 0.28112067 | M30: =M$33*(SUM(H30:L30)/SUM(H$33:L$33)) -> 0.3040579 | N30: =N$33*(SUM(I30:M30)/SUM(I$33:M$33)) -> 0.30580234 | O30: =O$33*(SUM(J30:N30)/SUM(J$33:N$33)) -> 0.3138727 | P30: =P$33*(SUM(K30:O30)/SUM(K$33:O$33)) -> 0.3204549 | ... S30: =S$33*(SUM(N30:R30)/SUM(N$33:R$33)) -> 0.34880017
A31: November | B31: =monthly_data!T57/1000 -> 0.40507 | C31: =monthly_data!T69/1000 -> 0.38187 | D31: =monthly_data!T81/1000 -> 0.07458 | E31: =monthly_data!T93/1000 -> 0.26318 | F31: =monthly_data!T105/1000 -> 0.23049 | G31: =monthly_data!T117/1000 -> 0.16357 | H31: =monthly_data!T129/1000 -> 0.301 | I31: =I$33*(SUM(D31:H31)/SUM(D$33:H$33)) -> 0.26030003 | J31: =J$33*(SUM(E31:I31)/SUM(E$33:I$33)) -> 0.2832558 | K31: =K$33*(SUM(F31:J31)/SUM(F$33:J$33)) -> 0.2651971 | L31: =L$33*(SUM(G31:K31)/SUM(G$33:K$33)) -> 0.27622003 | M31: =M$33*(SUM(H31:L31)/SUM(H$33:L$33)) -> 0.30004602 | N31: =N$33*(SUM(I31:M31)/SUM(I$33:M$33)) -> 0.2998395 | O31: =O$33*(SUM(J31:N31)/SUM(J$33:N$33)) -> 0.3083993 | P31: =P$33*(SUM(K31:O31)/SUM(K$33:O$33)) -> 0.31384256 | ... S31: =S$33*(SUM(N31:R31)/SUM(N$33:R$33)) -> 0.34232183
A32: December | B32: =monthly_data!T58/1000 -> 0.3972 | C32: =monthly_data!T70/1000 -> 0.42241 | D32: =monthly_data!T82/1000 -> 0.10009 | E32: =monthly_data!T94/1000 -> 0.23417 | F32: =monthly_data!T106/1000 -> 0.22712 | G32: =monthly_data!T118/1000 -> 0.21522 | H32: =monthly_data!T130/1000 -> 0.312 | I32: =I33-SUM(I21:I31) -> 0.27435818 | J32: =J33-SUM(J21:J31) -> 0.29356011 | K32: =K33-SUM(K21:K31) -> 0.28310559 | L32: =L33-SUM(L21:L31) -> 0.29898037 | M32: =M33-SUM(M21:M31) -> 0.31650585 | N32: =N33-SUM(N21:N31) -> 0.31748132 | O32: =O33-SUM(O21:O31) -> 0.32681694 | P32: =P33-SUM(P21:P31) -> 0.33401664 | ... S32: =S33-SUM(S21:S31) -> 0.36334471
A33: Total | B33: =SUM(B21:B32) -> 5.12895 | C33: =SUM(C21:C32) -> 5.18533 | D33: =SUM(D21:D32) -> 1.94278 | E33: =SUM(E21:E32) -> 1.83375 | F33: =SUM(F21:F32) -> 3.48981 | G33: =SUM(G21:G32) -> 3.31464 | H33: =SUM(H21:H32) -> 3.44104 | I33: =I6 -> 3.5339481 | J33: =J6 -> 3.6293647 | K33: =K6 -> 3.7273575 | L33: =L6 -> 3.8279962 | M33: =M6 -> 3.9313521 | N33: =N6 -> 4.0374986 | O33: =O6 -> 4.146511 | P33: =P6 -> 4.2584668 | ... S33: =S6 -> 4.6127997
A35: Jet Fuel Imports
A36: million tonnes | B36: =B20 -> 2018 | C36: =C20 -> 2019 | D36: =D20 -> 2020 | E36: =E20 -> 2021 | F36: =F20 -> 2022 | G36: =G20 -> 2023 | H36: =H20 -> 2024 | I36: =I20 -> 2025 | ... S36: =S20 -> 2035
A37: January | B37: =monthly_data!W47/1000 -> 0.88564 | C37: =monthly_data!W59/1000 -> 0.71539 | D37: =monthly_data!W71/1000 -> 0.89933 | E37: =monthly_data!W83/1000 -> 0.5234 | F37: =monthly_data!W95/1000 -> 0.46106 | G37: =monthly_data!W107/1000 -> 0.78457 | H37: =monthly_data!W119/1000 -> 0.76188 | I37: =I$49*(SUM(D37:H37)/SUM(D$49:H$49)) -> 0.98748125 | J37: =J$49*(SUM(E37:I37)/SUM(E$49:I$49)) -> 0.91012838 | K37: =K$49*(SUM(F37:J37)/SUM(F$49:J$49)) -> 0.89643487 | L37: =L$49*(SUM(G37:K37)/SUM(G$49:K$49)) -> 0.95024496 | M37: =M$49*(SUM(H37:L37)/SUM(H$49:L$49)) -> 0.97553001 | N37: =N$49*(SUM(I37:M37)/SUM(I$49:M$49)) -> 1.0217826 | O37: =O$49*(SUM(J37:N37)/SUM(J$49:N$49)) -> 1.0292084 | P37: =P$49*(SUM(K37:O37)/SUM(K$49:O$49)) -> 1.0549878 | ... S37: =S$49*(SUM(N37:R37)/SUM(N$49:R$49)) -> 1.1505691
A38: February | B38: =monthly_data!W48/1000 -> 0.79413 | C38: =monthly_data!W60/1000 -> 0.68474 | D38: =monthly_data!W72/1000 -> 0.63041 | E38: =monthly_data!W84/1000 -> 0.31494 | F38: =monthly_data!W96/1000 -> 0.42535 | G38: =monthly_data!W108/1000 -> 0.64885 | H38: =monthly_data!W120/1000 -> 0.85162 | I38: =I$49*(SUM(D38:H38)/SUM(D$49:H$49)) -> 0.82653882 | J38: =J$49*(SUM(E38:I38)/SUM(E$49:I$49)) -> 0.79344096 | K38: =K$49*(SUM(F38:J38)/SUM(F$49:J$49)) -> 0.81395165 | L38: =L$49*(SUM(G38:K38)/SUM(G$49:K$49)) -> 0.86134083 | M38: =M$49*(SUM(H38:L38)/SUM(H$49:L$49)) -> 0.89775094 | N38: =N$49*(SUM(I38:M38)/SUM(I$49:M$49)) -> 0.90773771 | O38: =O$49*(SUM(J38:N38)/SUM(J$49:N$49)) -> 0.92531627 | P38: =P$49*(SUM(K38:O38)/SUM(K$49:O$49)) -> 0.95386565 | ... S38: =S$49*(SUM(N38:R38)/SUM(N$49:R$49)) -> 1.0352045
A39: March | B39: =monthly_data!W49/1000 -> 0.69583 | C39: =monthly_data!W61/1000 -> 0.79657 | D39: =monthly_data!W73/1000 -> 0.65242 | E39: =monthly_data!W85/1000 -> 0.37617 | F39: =monthly_data!W97/1000 -> 0.35695 | G39: =monthly_data!W109/1000 -> 0.70161 | H39: =monthly_data!W121/1000 -> 0.86614 | I39: =I$49*(SUM(D39:H39)/SUM(D$49:H$49)) -> 0.85017914 | J39: =J$49*(SUM(E39:I39)/SUM(E$49:I$49)) -> 0.81510527 | K39: =K$49*(SUM(F39:J39)/SUM(F$49:J$49)) -> 0.8240944 | L39: =L$49*(SUM(G39:K39)/SUM(G$49:K$49)) -> 0.88820898 | M39: =M$49*(SUM(H39:L39)/SUM(H$49:L$49)) -> 0.91871463 | N39: =N$49*(SUM(I39:M39)/SUM(I$49:M$49)) -> 0.93009639 | O39: =O$49*(SUM(J39:N39)/SUM(J$49:N$49)) -> 0.94739749 | P39: =P$49*(SUM(K39:O39)/SUM(K$49:O$49)) -> 0.97603712 | ... S39: =S$49*(SUM(N39:R39)/SUM(N$49:R$49)) -> 1.0602542
A40: April | B40: =monthly_data!W50/1000 -> 0.87227 | C40: =monthly_data!W62/1000 -> 0.68765 | D40: =monthly_data!W74/1000 -> 0.34584 | E40: =monthly_data!W86/1000 -> 0.40151 | F40: =monthly_data!W98/1000 -> 0.78007 | G40: =monthly_data!W110/1000 -> 0.87153 | H40: =monthly_data!W122/1000 -> 0.88516 | I40: =I$49*(SUM(D40:H40)/SUM(D$49:H$49)) -> 0.94541403 | J40: =J$49*(SUM(E40:I40)/SUM(E$49:I$49)) -> 1.0046214 | K40: =K$49*(SUM(F40:J40)/SUM(F$49:J$49)) -> 1.0299607 | L40: =L$49*(SUM(G40:K40)/SUM(G$49:K$49)) -> 1.0369814 | M40: =M$49*(SUM(H40:L40)/SUM(H$49:L$49)) -> 1.0612522 | N40: =N$49*(SUM(I40:M40)/SUM(I$49:M$49)) -> 1.099374 | O40: =O$49*(SUM(J40:N40)/SUM(J$49:N$49)) -> 1.1327044 | P40: =P$49*(SUM(K40:O40)/SUM(K$49:O$49)) -> 1.1604328 | ... S40: =S$49*(SUM(N40:R40)/SUM(N$49:R$49)) -> 1.2562147
A41: May | B41: =monthly_data!W51/1000 -> 0.75584 | C41: =monthly_data!W63/1000 -> 0.8554 | D41: =monthly_data!W75/1000 -> 0.44097 | E41: =monthly_data!W87/1000 -> 0.34094 | F41: =monthly_data!W99/1000 -> 0.61721 | G41: =monthly_data!W111/1000 -> 0.63111 | H41: =monthly_data!W123/1000 -> 0.86482 | I41: =I$49*(SUM(D41:H41)/SUM(D$49:H$49)) -> 0.83341328 | J41: =J$49*(SUM(E41:I41)/SUM(E$49:I$49)) -> 0.85040029 | K41: =K$49*(SUM(F41:J41)/SUM(F$49:J$49)) -> 0.87160495 | L41: =L$49*(SUM(G41:K41)/SUM(G$49:K$49)) -> 0.88694353 | M41: =M$49*(SUM(H41:L41)/SUM(H$49:L$49)) -> 0.9324517 | N41: =N$49*(SUM(I41:M41)/SUM(I$49:M$49)) -> 0.94709312 | O41: =O$49*(SUM(J41:N41)/SUM(J$49:N$49)) -> 0.9717034 | P41: =P$49*(SUM(K41:O41)/SUM(K$49:O$49)) -> 0.99796403 | ... S41: =S$49*(SUM(N41:R41)/SUM(N$49:R$49)) -> 1.0818657
A42: June | B42: =monthly_data!W52/1000 -> 0.63658 | C42: =monthly_data!W64/1000 -> 0.69636 | D42: =monthly_data!W76/1000 -> 0.41649 | E42: =monthly_data!W88/1000 -> 0.14721 | F42: =monthly_data!W100/1000 -> 0.6241 | G42: =monthly_data!W112/1000 -> 0.65707 | H42: =monthly_data!W124/1000 -> 0.89952 | I42: =I$49*(SUM(D42:H42)/SUM(D$49:H$49)) -> 0.790042 | J42: =J$49*(SUM(E42:I42)/SUM(E$49:I$49)) -> 0.8065412 | K42: =K$49*(SUM(F42:J42)/SUM(F$49:J$49)) -> 0.86708724 | L42: =L$49*(SUM(G42:K42)/SUM(G$49:K$49)) -> 0.88013755 | M42: =M$49*(SUM(H42:L42)/SUM(H$49:L$49)) -> 0.91862808 | N42: =N$49*(SUM(I42:M42)/SUM(I$49:M$49)) -> 0.92276475 | O42: =O$49*(SUM(J42:N42)/SUM(J$49:N$49)) -> 0.95149758 | P42: =P$49*(SUM(K42:O42)/SUM(K$49:O$49)) -> 0.98287885 | ... S42: =S$49*(SUM(N42:R42)/SUM(N$49:R$49)) -> 1.0609416
A43: July | B43: =monthly_data!W53/1000 -> 0.88867 | C43: =monthly_data!W65/1000 -> 0.85721 | D43: =monthly_data!W77/1000 -> 0.20923 | E43: =monthly_data!W89/1000 -> 0.42619 | F43: =monthly_data!W101/1000 -> 0.83031 | G43: =monthly_data!W113/1000 -> 0.8925 | H43: =monthly_data!W125/1000 -> 0.89113 | I43: =I$49*(SUM(D43:H43)/SUM(D$49:H$49)) -> 0.93541037 | J43: =J$49*(SUM(E43:I43)/SUM(E$49:I$49)) -> 1.0283825 | K43: =K$49*(SUM(F43:J43)/SUM(F$49:J$49)) -> 1.0508358 | L43: =L$49*(SUM(G43:K43)/SUM(G$49:K$49)) -> 1.0504612 | M43: =M$49*(SUM(H43:L43)/SUM(H$49:L$49)) -> 1.0729604 | N43: =N$49*(SUM(I43:M43)/SUM(I$49:M$49)) -> 1.1123244 | O43: =O$49*(SUM(J43:N43)/SUM(J$49:N$49)) -> 1.1506241 | P43: =P$49*(SUM(K43:O43)/SUM(K$49:O$49)) -> 1.1770879 | ... S43: =S$49*(SUM(N43:R43)/SUM(N$49:R$49)) -> 1.273425
A44: August | B44: =monthly_data!W54/1000 -> 0.85696 | C44: =monthly_data!W66/1000 -> 0.61555 | D44: =monthly_data!W78/1000 -> 0.28456 | E44: =monthly_data!W90/1000 -> 0.13115 | F44: =monthly_data!W102/1000 -> 0.71529 | G44: =monthly_data!W114/1000 -> 1.03405 | H44: =monthly_data!W126/1000 -> 0.96089 | I44: =I$49*(SUM(D44:H44)/SUM(D$49:H$49)) -> 0.8998808 | J44: =J$49*(SUM(E44:I44)/SUM(E$49:I$49)) -> 0.96777971 | K44: =K$49*(SUM(F44:J44)/SUM(F$49:J$49)) -> 1.050872 | L44: =L$49*(SUM(G44:K44)/SUM(G$49:K$49)) -> 1.0756844 | M44: =M$49*(SUM(H44:L44)/SUM(H$49:L$49)) -> 1.0727194 | N44: =N$49*(SUM(I44:M44)/SUM(I$49:M$49)) -> 1.0969291 | O44: =O$49*(SUM(J44:N44)/SUM(J$49:N$49)) -> 1.1395876 | P44: =P$49*(SUM(K44:O44)/SUM(K$49:O$49)) -> 1.1767819 | ... S44: =S$49*(SUM(N44:R44)/SUM(N$49:R$49)) -> 1.2662721
A45: September | B45: =monthly_data!W55/1000 -> 0.75379 | C45: =monthly_data!W67/1000 -> 0.84266 | D45: =monthly_data!W79/1000 -> 0.35375 | E45: =monthly_data!W91/1000 -> 0.33665 | F45: =monthly_data!W103/1000 -> 0.75919 | G45: =monthly_data!W115/1000 -> 0.98048 | H45: =monthly_data!W127/1000 -> 1.11173 | I45: =I$49*(SUM(D45:H45)/SUM(D$49:H$49)) -> 1.0195966 | J45: =J$49*(SUM(E45:I45)/SUM(E$49:I$49)) -> 1.0884232 | K45: =K$49*(SUM(F45:J45)/SUM(F$49:J$49)) -> 1.1384534 | L45: =L$49*(SUM(G45:K45)/SUM(G$49:K$49)) -> 1.1687739 | M45: =M$49*(SUM(H45:L45)/SUM(H$49:L$49)) -> 1.1965223 | N45: =N$49*(SUM(I45:M45)/SUM(I$49:M$49)) -> 1.2148787 | O45: =O$49*(SUM(J45:N45)/SUM(J$49:N$49)) -> 1.2571549 | P45: =P$49*(SUM(K45:O45)/SUM(K$49:O$49)) -> 1.2936832 | ... S45: =S$49*(SUM(N45:R45)/SUM(N$49:R$49)) -> 1.3973434
A46: October | B46: =monthly_data!W56/1000 -> 0.75596 | C46: =monthly_data!W68/1000 -> 0.7989 | D46: =monthly_data!W80/1000 -> 0.65457 | E46: =monthly_data!W92/1000 -> 0.58341 | F46: =monthly_data!W104/1000 -> 0.76875 | G46: =monthly_data!W116/1000 -> 0.80189 | H46: =monthly_data!W128/1000 -> 1.14742 | I46: =I$49*(SUM(D46:H46)/SUM(D$49:H$49)) -> 1.1388461 | J46: =J$49*(SUM(E46:I46)/SUM(E$49:I$49)) -> 1.1486095 | K46: =K$49*(SUM(F46:J46)/SUM(F$49:J$49)) -> 1.1490349 | L46: =L$49*(SUM(G46:K46)/SUM(G$49:K$49)) -> 1.1790891 | M46: =M$49*(SUM(H46:L46)/SUM(H$49:L$49)) -> 1.2476182 | N46: =N$49*(SUM(I46:M46)/SUM(I$49:M$49)) -> 1.2693099 | O46: =O$49*(SUM(J46:N46)/SUM(J$49:N$49)) -> 1.2975537 | P46: =P$49*(SUM(K46:O46)/SUM(K$49:O$49)) -> 1.3297982 | ... S46: =S$49*(SUM(N46:R46)/SUM(N$49:R$49)) -> 1.4451899
A47: November | B47: =monthly_data!W57/1000 -> 0.9183 | C47: =monthly_data!W69/1000 -> 1.02111 | D47: =monthly_data!W81/1000 -> 0.28761 | E47: =monthly_data!W93/1000 -> 0.37208 | F47: =monthly_data!W105/1000 -> 0.80325 | G47: =monthly_data!W117/1000 -> 0.91288 | H47: =monthly_data!W129/1000 -> 0.795 | I47: =I$49*(SUM(D47:H47)/SUM(D$49:H$49)) -> 0.91280065 | J47: =J$49*(SUM(E47:I47)/SUM(E$49:I$49)) -> 0.98194226 | K47: =K$49*(SUM(F47:J47)/SUM(F$49:J$49)) -> 1.0113847 | L47: =L$49*(SUM(G47:K47)/SUM(G$49:K$49)) -> 1.0101239 | M47: =M$49*(SUM(H47:L47)/SUM(H$49:L$49)) -> 1.0199277 | N47: =N$49*(SUM(I47:M47)/SUM(I$49:M$49)) -> 1.0686218 | O47: =O$49*(SUM(J47:N47)/SUM(J$49:N$49)) -> 1.1023552 | P47: =P$49*(SUM(K47:O47)/SUM(K$49:O$49)) -> 1.1284231 | ... S47: =S$49*(SUM(N47:R47)/SUM(N$49:R$49)) -> 1.2205609
A48: December | B48: =monthly_data!W58/1000 -> 0.58117 | C48: =monthly_data!W70/1000 -> 0.50691 | D48: =monthly_data!W82/1000 -> 0.38564 | E48: =monthly_data!W94/1000 -> 0.49145 | F48: =monthly_data!W106/1000 -> 0.60658 | G48: =monthly_data!W118/1000 -> 0.93874 | H48: =monthly_data!W130/1000 -> 0.718 | I48: =I49-SUM(I37:I47) -> 0.90404636 | J48: =J49-SUM(J37:J47) -> 0.94645319 | K48: =K49-SUM(K37:K47) -> 0.94434272 | L48: =L49-SUM(L37:L47) -> 0.9745649 | M48: =M49-SUM(M37:M47) -> 0.97146821 | N48: =N49-SUM(N37:N47) -> 1.0263409 | O48: =O49-SUM(O37:O47) -> 1.0528162 | P48: =P49-SUM(P37:P47) -> 1.0758425 | ... S48: =S49-SUM(S37:S47) -> 1.1672384
A49: Total | B49: =SUM(B37:B48) -> 9.39514 | C49: =SUM(C37:C48) -> 9.07845 | D49: =SUM(D37:D48) -> 5.56082 | E49: =SUM(E37:E48) -> 4.4451 | F49: =SUM(F37:F48) -> 7.74811 | G49: =SUM(G37:G48) -> 9.85528 | H49: =SUM(H37:H48) -> 10.75331 | I49: =I7 -> 11.043649 | J49: =J7 -> 11.341828 | K49: =K7 -> 11.648057 | L49: =L7 -> 11.962555 | M49: =M7 -> 12.285544 | N49: =N7 -> 12.617253 | O49: =O7 -> 12.957919 | P49: =P7 -> 13.307783 | ... S49: =S7 -> 14.41508
A51: Jet Fuel Exports
A52: million tonnes | B52: =B4 -> 2018 | C52: =C4 -> 2019 | D52: =D4 -> 2020 | E52: =E4 -> 2021 | F52: =F4 -> 2022 | G52: =G4 -> 2023 | H52: =H4 -> 2024 | I52: =I4 -> 2025 | ... S52: =S4 -> 2035
A53: January | B53: =monthly_data!X47/1000 -> 0.12663 | C53: =monthly_data!X59/1000 -> 0.13015 | D53: =monthly_data!X71/1000 -> 0.14269 | E53: =monthly_data!X83/1000 -> 0.10994 | F53: =monthly_data!X95/1000 -> 0.05914 | G53: =monthly_data!X107/1000 -> 0.13859 | H53: =monthly_data!X119/1000 -> 0.11315 | I53: =I$65*(SUM(D53:H53)/SUM(D$65:H$65)) -> 0.13177379 | J53: =J$65*(SUM(E53:I53)/SUM(E$65:I$65)) -> 0.12672646 | K53: =K$65*(SUM(F53:J53)/SUM(F$65:J$65)) -> 0.12720136 | L53: =L$65*(SUM(G53:K53)/SUM(G$65:K$65)) -> 0.13744641 | M53: =M$65*(SUM(H53:L53)/SUM(H$65:L$65)) -> 0.13775066 | N53: =N$65*(SUM(I53:M53)/SUM(I$65:M$65)) -> 0.1430764 | O53: =O$65*(SUM(J53:N53)/SUM(J$65:N$65)) -> 0.14552327 | P53: =P$65*(SUM(K53:O53)/SUM(K$65:O$65)) -> 0.14959255 | ... S53: =S$65*(SUM(N53:R53)/SUM(N$65:R$65)) -> 0.16252833
A54: February | B54: =monthly_data!X48/1000 -> 0.10341 | C54: =monthly_data!X60/1000 -> 0.10385 | D54: =monthly_data!X72/1000 -> 0.13875 | E54: =monthly_data!X84/1000 -> 0.09012 | F54: =monthly_data!X96/1000 -> 0.09695 | G54: =monthly_data!X108/1000 -> 0.10934 | H54: =monthly_data!X120/1000 -> 0.09788 | I54: =I$65*(SUM(D54:H54)/SUM(D$65:H$65)) -> 0.12464854 | J54: =J$65*(SUM(E54:I54)/SUM(E$65:I$65)) -> 0.11900829 | K54: =K$65*(SUM(F54:J54)/SUM(F$65:J$65)) -> 0.12238626 | L54: =L$65*(SUM(G54:K54)/SUM(G$65:K$65)) -> 0.12360811 | M54: =M$65*(SUM(H54:L54)/SUM(H$65:L$65)) -> 0.12719325 | N54: =N$65*(SUM(I54:M54)/SUM(I$65:M$65)) -> 0.1335392 | O54: =O$65*(SUM(J54:N54)/SUM(J$65:N$65)) -> 0.13546392 | P54: =P$65*(SUM(K54:O54)/SUM(K$65:O$65)) -> 0.13902636 | ... S54: =S$65*(SUM(N54:R54)/SUM(N$65:R$65)) -> 0.1509795
A55: March | B55: =monthly_data!X49/1000 -> 0.11711 | C55: =monthly_data!X61/1000 -> 0.07847 | D55: =monthly_data!X73/1000 -> 0.21118 | E55: =monthly_data!X85/1000 -> 0.15322 | F55: =monthly_data!X97/1000 -> 0.07081 | G55: =monthly_data!X109/1000 -> 0.12263 | H55: =monthly_data!X121/1000 -> 0.12308 | I55: =I$65*(SUM(D55:H55)/SUM(D$65:H$65)) -> 0.15922949 | J55: =J$65*(SUM(E55:I55)/SUM(E$65:I$65)) -> 0.14424172 | K55: =K$65*(SUM(F55:J55)/SUM(F$65:J$65)) -> 0.13850801 | L55: =L$65*(SUM(G55:K55)/SUM(G$65:K$65)) -> 0.1482809 | M55: =M$65*(SUM(H55:L55)/SUM(H$65:L$65)) -> 0.15442932 | N55: =N$65*(SUM(I55:M55)/SUM(I$65:M$65)) -> 0.16121606 | O55: =O$65*(SUM(J55:N55)/SUM(J$65:N$65)) -> 0.16164613 | P55: =P$65*(SUM(K55:O55)/SUM(K$65:O$65)) -> 0.16541397 | ... S55: =S$65*(SUM(N55:R55)/SUM(N$65:R$65)) -> 0.18092388
A56: April | B56: =monthly_data!X50/1000 -> 0.1208 | C56: =monthly_data!X62/1000 -> 0.093 | D56: =monthly_data!X74/1000 -> 0.09912 | E56: =monthly_data!X86/1000 -> 0.04658 | F56: =monthly_data!X98/1000 -> 0.07159 | G56: =monthly_data!X110/1000 -> 0.10404 | H56: =monthly_data!X122/1000 -> 0.09843 | I56: =I$65*(SUM(D56:H56)/SUM(D$65:H$65)) -> 0.098158624 | J56: =J$65*(SUM(E56:I56)/SUM(E$65:I$65)) -> 0.096043183 | K56: =K$65*(SUM(F56:J56)/SUM(F$65:J$65)) -> 0.10461118 | L56: =L$65*(SUM(G56:K56)/SUM(G$65:K$65)) -> 0.10808762 | M56: =M$65*(SUM(H56:L56)/SUM(H$65:L$65)) -> 0.10939783 | N56: =N$65*(SUM(I56:M56)/SUM(I$65:M$65)) -> 0.11177223 | O56: =O$65*(SUM(J56:N56)/SUM(J$65:N$65)) -> 0.11471941 | P56: =P$65*(SUM(K56:O56)/SUM(K$65:O$65)) -> 0.11876258 | ... S56: =S$65*(SUM(N56:R56)/SUM(N$65:R$65)) -> 0.12813489
A57: May | B57: =monthly_data!X51/1000 -> 0.11313 | C57: =monthly_data!X63/1000 -> 0.06447 | D57: =monthly_data!X75/1000 -> 0.10228 | E57: =monthly_data!X87/1000 -> 0.12205 | F57: =monthly_data!X99/1000 -> 0.04974 | G57: =monthly_data!X111/1000 -> 0.12568 | H57: =monthly_data!X123/1000 -> 0.12221 | I57: =I$65*(SUM(D57:H57)/SUM(D$65:H$65)) -> 0.12205755 | J57: =J$65*(SUM(E57:I57)/SUM(E$65:I$65)) -> 0.12423679 | K57: =K$65*(SUM(F57:J57)/SUM(F$65:J$65)) -> 0.12151443 | L57: =L$65*(SUM(G57:K57)/SUM(G$65:K$65)) -> 0.13275818 | M57: =M$65*(SUM(H57:L57)/SUM(H$65:L$65)) -> 0.13482351 | N57: =N$65*(SUM(I57:M57)/SUM(I$65:M$65)) -> 0.13755418 | O57: =O$65*(SUM(J57:N57)/SUM(J$65:N$65)) -> 0.14090902 | P57: =P$65*(SUM(K57:O57)/SUM(K$65:O$65)) -> 0.14451834 | ... S57: =S$65*(SUM(N57:R57)/SUM(N$65:R$65)) -> 0.15708396
A58: June | B58: =monthly_data!X52/1000 -> 0.13362 | C58: =monthly_data!X64/1000 -> 0.07388 | D58: =monthly_data!X76/1000 -> 0.1377 | E58: =monthly_data!X88/1000 -> 0.02446 | F58: =monthly_data!X100/1000 -> 0.0701 | G58: =monthly_data!X112/1000 -> 0.1074 | H58: =monthly_data!X124/1000 -> 0.10445 | I58: =I$65*(SUM(D58:H58)/SUM(D$65:H$65)) -> 0.10385274 | J58: =J$65*(SUM(E58:I58)/SUM(E$65:I$65)) -> 0.094085647 | K58: =K$65*(SUM(F58:J58)/SUM(F$65:J$65)) -> 0.1072086 | L58: =L$65*(SUM(G58:K58)/SUM(G$65:K$65)) -> 0.1114759 | M58: =M$65*(SUM(H58:L58)/SUM(H$65:L$65)) -> 0.11280584 | N58: =N$65*(SUM(I58:M58)/SUM(I$65:M$65)) -> 0.11461478 | O58: =O$65*(SUM(J58:N58)/SUM(J$65:N$65)) -> 0.11694463 | P58: =P$65*(SUM(K58:O58)/SUM(K$65:O$65)) -> 0.12189331 | ... S58: =S$65*(SUM(N58:R58)/SUM(N$65:R$65)) -> 0.13130862
A59: July | B59: =monthly_data!X53/1000 -> 0.11835 | C59: =monthly_data!X65/1000 -> 0.1076 | D59: =monthly_data!X77/1000 -> 0.03664 | E59: =monthly_data!X89/1000 -> 0.15014 | F59: =monthly_data!X101/1000 -> 0.07713 | G59: =monthly_data!X113/1000 -> 0.10337 | H59: =monthly_data!X125/1000 -> 0.12677 | I59: =I$65*(SUM(D59:H59)/SUM(D$65:H$65)) -> 0.11553094 | J59: =J$65*(SUM(E59:I59)/SUM(E$65:I$65)) -> 0.13139268 | K59: =K$65*(SUM(F59:J59)/SUM(F$65:J$65)) -> 0.12380862 | L59: =L$65*(SUM(G59:K59)/SUM(G$65:K$65)) -> 0.12956125 | M59: =M$65*(SUM(H59:L59)/SUM(H$65:L$65)) -> 0.1357515 | N59: =N$65*(SUM(I59:M59)/SUM(I$65:M$65)) -> 0.13769588 | O59: =O$65*(SUM(J59:N59)/SUM(J$65:N$65)) -> 0.14249432 | P59: =P$65*(SUM(K59:O59)/SUM(K$65:O$65)) -> 0.14489768 | ... S59: =S$65*(SUM(N59:R59)/SUM(N$65:R$65)) -> 0.15767289
A60: August | B60: =monthly_data!X54/1000 -> 0.17754 | C60: =monthly_data!X66/1000 -> 0.14961 | D60: =monthly_data!X78/1000 -> 0.02522 | E60: =monthly_data!X90/1000 -> 0.05971 | F60: =monthly_data!X102/1000 -> 0.13802 | G60: =monthly_data!X114/1000 -> 0.11395 | H60: =monthly_data!X126/1000 -> 0.15202 | I60: =I$65*(SUM(D60:H60)/SUM(D$65:H$65)) -> 0.11433132 | J60: =J$65*(SUM(E60:I60)/SUM(E$65:I$65)) -> 0.13256005 | K60: =K$65*(SUM(F60:J60)/SUM(F$65:J$65)) -> 0.14540897 | L60: =L$65*(SUM(G60:K60)/SUM(G$65:K$65)) -> 0.14193754 | M60: =M$65*(SUM(H60:L60)/SUM(H$65:L$65)) -> 0.14856635 | N60: =N$65*(SUM(I60:M60)/SUM(I$65:M$65)) -> 0.14781868 | O60: =O$65*(SUM(J60:N60)/SUM(J$65:N$65)) -> 0.15506828 | P60: =P$65*(SUM(K60:O60)/SUM(K$65:O$65)) -> 0.15994104 | ... S60: =S$65*(SUM(N60:R60)/SUM(N$65:R$65)) -> 0.17180042
A61: September | B61: =monthly_data!X55/1000 -> 0.12065 | C61: =monthly_data!X67/1000 -> 0.13829 | D61: =monthly_data!X79/1000 -> 0.05148 | E61: =monthly_data!X91/1000 -> 0.11329 | F61: =monthly_data!X103/1000 -> 0.09653 | G61: =monthly_data!X115/1000 -> 0.14869 | H61: =monthly_data!X127/1000 -> 0.13391 | I61: =I$65*(SUM(D61:H61)/SUM(D$65:H$65)) -> 0.1271881 | J61: =J$65*(SUM(E61:I61)/SUM(E$65:I$65)) -> 0.14209487 | K61: =K$65*(SUM(F61:J61)/SUM(F$65:J$65)) -> 0.14485752 | L61: =L$65*(SUM(G61:K61)/SUM(G$65:K$65)) -> 0.15023255 | M61: =M$65*(SUM(H61:L61)/SUM(H$65:L$65)) -> 0.15116965 | N61: =N$65*(SUM(I61:M61)/SUM(I$65:M$65)) -> 0.15490615 | O61: =O$65*(SUM(J61:N61)/SUM(J$65:N$65)) -> 0.16090677 | P61: =P$65*(SUM(K61:O61)/SUM(K$65:O$65)) -> 0.16497931 | ... S61: =S$65*(SUM(N61:R61)/SUM(N$65:R$65)) -> 0.17829893
A62: October | B62: =monthly_data!X56/1000 -> 0.13552 | C62: =monthly_data!X68/1000 -> 0.17236 | D62: =monthly_data!X80/1000 -> 0.09106 | E62: =monthly_data!X92/1000 -> 0.10996 | F62: =monthly_data!X104/1000 -> 0.14745 | G62: =monthly_data!X116/1000 -> 0.12158 | H62: =monthly_data!X128/1000 -> 0.13701 | I62: =I$65*(SUM(D62:H62)/SUM(D$65:H$65)) -> 0.14195772 | J62: =J$65*(SUM(E62:I62)/SUM(E$65:I$65)) -> 0.15088959 | K62: =K$65*(SUM(F62:J62)/SUM(F$65:J$65)) -> 0.15613365 | L62: =L$65*(SUM(G62:K62)/SUM(G$65:K$65)) -> 0.15256784 | M62: =M$65*(SUM(H62:L62)/SUM(H$65:L$65)) -> 0.15988886 | N62: =N$65*(SUM(I62:M62)/SUM(I$65:M$65)) -> 0.16484185 | O62: =O$65*(SUM(J62:N62)/SUM(J$65:N$65)) -> 0.16979598 | P62: =P$65*(SUM(K62:O62)/SUM(K$65:O$65)) -> 0.17388898 | ... S62: =S$65*(SUM(N62:R62)/SUM(N$65:R$65)) -> 0.18822308
A63: November | B63: =monthly_data!X57/1000 -> 0.15015 | C63: =monthly_data!X69/1000 -> 0.1548 | D63: =monthly_data!X81/1000 -> 0.0728 | E63: =monthly_data!X93/1000 -> 0.08125 | F63: =monthly_data!X105/1000 -> 0.08161 | G63: =monthly_data!X117/1000 -> 0.13014 | H63: =monthly_data!X129/1000 -> 0.12149 | I63: =I$65*(SUM(D63:H63)/SUM(D$65:H$65)) -> 0.11395015 | J63: =J$65*(SUM(E63:I63)/SUM(E$65:I$65)) -> 0.1211873 | K63: =K$65*(SUM(F63:J63)/SUM(F$65:J$65)) -> 0.12697733 | L63: =L$65*(SUM(G63:K63)/SUM(G$65:K$65)) -> 0.13233685 | M63: =M$65*(SUM(H63:L63)/SUM(H$65:L$65)) -> 0.13334375 | N63: =N$65*(SUM(I63:M63)/SUM(I$65:M$65)) -> 0.13590995 | O63: =O$65*(SUM(J63:N63)/SUM(J$65:N$65)) -> 0.14066397 | P63: =P$65*(SUM(K63:O63)/SUM(K$65:O$65)) -> 0.14488043 | ... S63: =S$65*(SUM(N63:R63)/SUM(N$65:R$65)) -> 0.15641695
A64: December | B64: =monthly_data!X58/1000 -> 0.15536 | C64: =monthly_data!X70/1000 -> 0.14769 | D64: =monthly_data!X82/1000 -> 0.08445 | E64: =monthly_data!X94/1000 -> 0.11169 | F64: =monthly_data!X106/1000 -> 0.16581 | G64: =monthly_data!X118/1000 -> 0.12233 | H64: =monthly_data!X130/1000 -> 0.12558 | I64: =I65-SUM(I53:I63) -> 0.14261249 | J64: =J65-SUM(J53:J63) -> 0.15319775 | K64: =K65-SUM(K53:K63) -> 0.15851132 | L64: =L65-SUM(L53:L63) -> 0.15141654 | M64: =M65-SUM(M53:M63) -> 0.15832133 | N64: =N65-SUM(N53:N63) -> 0.16540943 | O64: =O65-SUM(O53:O63) -> 0.17034468 | P64: =P65-SUM(P53:P63) -> 0.17405678 | ... S64: =S65-SUM(S53:S63) -> 0.18840598
A65: Total | B65: =SUM(B53:B64) -> 1.57227 | C65: =SUM(C54:C64) -> 1.28402 | D65: =SUM(D53:D64) -> 1.19337 | E65: =SUM(E53:E64) -> 1.17241 | F65: =SUM(F53:F64) -> 1.12488 | G65: =SUM(G53:G64) -> 1.44774 | H65: =SUM(H53:H64) -> 1.45598 | I65: =I10 -> 1.4952915 | J65: =J10 -> 1.5356643 | K65: =K10 -> 1.5771273 | L65: =L10 -> 1.6197097 | M65: =M10 -> 1.6634419 | N65: =N10 -> 1.7083548 | O65: =O10 -> 1.7544804 | P65: =P10 -> 1.8018513 | ... S65: =S10 -> 1.9517774
A67: Jet Fuel Domestic Use
A68: million tonnes | B68: =B4 -> 2018 | C68: =C4 -> 2019 | D68: =D4 -> 2020 | E68: =E4 -> 2021 | F68: =F4 -> 2022 | G68: =G4 -> 2023 | H68: =H4 -> 2024 | I68: =I4 -> 2025 | ... S68: =S4 -> 2035
A69: January | B69: =monthly_data!U47/1000 -> 0.97881 | C69: =monthly_data!U59/1000 -> 0.96312 | D69: =monthly_data!U71/1000 -> 0.92091 | E69: =monthly_data!U83/1000 -> 0.25414 | F69: =monthly_data!U95/1000 -> 0.49311 | G69: =monthly_data!U107/1000 -> 0.77177 | H69: =monthly_data!U119/1000 -> 0.85765 | I69: =I$81*(SUM(D69:H69)/SUM(D$81:H$81)) -> 0.91356108 | J69: =J$81*(SUM(E69:I69)/SUM(E$81:I$81)) -> 0.81127763 | K69: =K$81*(SUM(F69:J69)/SUM(F$81:J$81)) -> 0.84875679 | L69: =L$81*(SUM(G69:K69)/SUM(G$81:K$81)) -> 0.9022996 | M69: =M$81*(SUM(H69:L69)/SUM(H$81:L$81)) -> 0.92982264 | N69: =N$81*(SUM(I69:M69)/SUM(I$81:M$81)) -> 0.95378346 | O69: =O$81*(SUM(J69:N69)/SUM(J$81:N$81)) -> 0.9624911 | P69: =P$81*(SUM(K69:O69)/SUM(K$81:O$81)) -> 0.99522695 | ... S69: =S$81*(SUM(N69:R69)/SUM(N$81:R$81)) -> 1.0807833
A70: February | B70: =monthly_data!U48/1000 -> 0.83082 | C70: =monthly_data!U60/1000 -> 0.85185 | D70: =monthly_data!U72/1000 -> 0.94743 | E70: =monthly_data!U84/1000 -> 0.21503 | F70: =monthly_data!U95/1000 -> 0.49311 | G70: =monthly_data!U108/1000 -> 0.74483 | H70: =monthly_data!U120/1000 -> 0.8197 | I70: =I$81*(SUM(D70:H70)/SUM(D$81:H$81)) -> 0.89209604 | J70: =J$81*(SUM(E70:I70)/SUM(E$81:I$81)) -> 0.78034151 | K70: =K$81*(SUM(F70:J70)/SUM(F$81:J$81)) -> 0.82288153 | L70: =L$81*(SUM(G70:K70)/SUM(G$81:K$81)) -> 0.87156476 | M70: =M$81*(SUM(H70:L70)/SUM(H$81:L$81)) -> 0.89829005 | N70: =N$81*(SUM(I70:M70)/SUM(I$81:M$81)) -> 0.92335745 | O70: =O$81*(SUM(J70:N70)/SUM(J$81:N$81)) -> 0.93012516 | P70: =P$81*(SUM(K70:O70)/SUM(K$81:O$81)) -> 0.96255146 | ... S70: =S$81*(SUM(N70:R70)/SUM(N$81:R$81)) -> 1.0451707
A71: March | B71: =monthly_data!U49/1000 -> 0.94634 | C71: =monthly_data!U61/1000 -> 1.10331 | D71: =monthly_data!U73/1000 -> 0.64052 | E71: =monthly_data!U85/1000 -> 0.25924 | F71: =monthly_data!U96/1000 -> 0.49251 | G71: =monthly_data!U109/1000 -> 0.75985 | H71: =monthly_data!U121/1000 -> 0.90923 | I71: =I$81*(SUM(D71:H71)/SUM(D$81:H$81)) -> 0.84811596 | J71: =J$81*(SUM(E71:I71)/SUM(E$81:I$81)) -> 0.80602932 | K71: =K$81*(SUM(F71:J71)/SUM(F$81:J$81)) -> 0.84177823 | L71: =L$81*(SUM(G71:K71)/SUM(G$81:K$81)) -> 0.89413922 | M71: =M$81*(SUM(H71:L71)/SUM(H$81:L$81)) -> 0.92247332 | N71: =N$81*(SUM(I71:M71)/SUM(I$81:M$81)) -> 0.93361077 | O71: =O$81*(SUM(J71:N71)/SUM(J$81:N$81)) -> 0.95211934 | P71: =P$81*(SUM(K71:O71)/SUM(K$81:O$81)) -> 0.98374603 | ... S71: =S$81*(SUM(N71:R71)/SUM(N$81:R$81)) -> 1.066091
A72: April | B72: =monthly_data!U50/1000 -> 1.04737 | C72: =monthly_data!U62/1000 -> 1.02988 | D72: =monthly_data!U74/1000 -> 0.22753 | E72: =monthly_data!U86/1000 -> 0.26174 | F72: =monthly_data!U97/1000 -> 0.63587 | G72: =monthly_data!U110/1000 -> 0.87824 | H72: =monthly_data!U122/1000 -> 0.97305 | I72: =I$81*(SUM(D72:H72)/SUM(D$81:H$81)) -> 0.82458973 | J72: =J$81*(SUM(E72:I72)/SUM(E$81:I$81)) -> 0.88112117 | K72: =K$81*(SUM(F72:J72)/SUM(F$81:J$81)) -> 0.92497702 | L72: =L$81*(SUM(G72:K72)/SUM(G$81:K$81)) -> 0.96218701 | M72: =M$81*(SUM(H72:L72)/SUM(H$81:L$81)) -> 0.97968298 | N72: =N$81*(SUM(I72:M72)/SUM(I$81:M$81)) -> 0.98990229 | O72: =O$81*(SUM(J72:N72)/SUM(J$81:N$81)) -> 1.0256904 | P72: =P$81*(SUM(K72:O72)/SUM(K$81:O$81)) -> 1.0569879 | ... S72: =S$81*(SUM(N72:R72)/SUM(N$81:R$81)) -> 1.1409817
A73: May | B73: =monthly_data!U51/1000 -> 1.03958 | C73: =monthly_data!U63/1000 -> 1.08973 | D73: =monthly_data!U75/1000 -> 0.17035 | E73: =monthly_data!U87/1000 -> 0.27315 | F73: =monthly_data!U98/1000 -> 0.83427 | G73: =monthly_data!U111/1000 -> 0.98491 | H73: =monthly_data!U123/1000 -> 1.04279 | I73: =I$81*(SUM(D73:H73)/SUM(D$81:H$81)) -> 0.91574693 | J73: =J$81*(SUM(E73:I73)/SUM(E$81:I$81)) -> 0.99882884 | K73: =K$81*(SUM(F73:J73)/SUM(F$81:J$81)) -> 1.0537398 | L73: =L$81*(SUM(G73:K73)/SUM(G$81:K$81)) -> 1.0725402 | M73: =M$81*(SUM(H73:L73)/SUM(H$81:L$81)) -> 1.0907672 | N73: =N$81*(SUM(I73:M73)/SUM(I$81:M$81)) -> 1.110933 | O73: =O$81*(SUM(J73:N73)/SUM(J$81:N$81)) -> 1.1531883 | P73: =P$81*(SUM(K73:O73)/SUM(K$81:O$81)) -> 1.1866053 | ... S73: =S$81*(SUM(N73:R73)/SUM(N$81:R$81)) -> 1.2799583
A74: June | B74: =monthly_data!U52/1000 -> 1.06409 | C74: =monthly_data!U64/1000 -> 1.11421 | D74: =monthly_data!U76/1000 -> 0.18835 | E74: =monthly_data!U88/1000 -> 0.31566 | F74: =monthly_data!U99/1000 -> 0.90773 | G74: =monthly_data!U112/1000 -> 1.00713 | H74: =monthly_data!U124/1000 -> 1.05076 | I74: =I$81*(SUM(D74:H74)/SUM(D$81:H$81)) -> 0.96122579 | J74: =J$81*(SUM(E74:I74)/SUM(E$81:I$81)) -> 1.0460815 | K74: =K$81*(SUM(F74:J74)/SUM(F$81:J$81)) -> 1.097063 | L74: =L$81*(SUM(G74:K74)/SUM(G$81:K$81)) -> 1.1082294 | M74: =M$81*(SUM(H74:L74)/SUM(H$81:L$81)) -> 1.1293274 | N74: =N$81*(SUM(I74:M74)/SUM(I$81:M$81)) -> 1.1564612 | O74: =O$81*(SUM(J74:N74)/SUM(J$81:N$81)) -> 1.1987273 | P74: =P$81*(SUM(K74:O74)/SUM(K$81:O$81)) -> 1.2317732 | ... S74: =S$81*(SUM(N74:R74)/SUM(N$81:R$81)) -> 1.329644
A75: July | B75: =monthly_data!U53/1000 -> 1.17966 | C75: =monthly_data!U65/1000 -> 1.05549 | D75: =monthly_data!U77/1000 -> 0.2949 | E75: =monthly_data!U89/1000 -> 0.3923 | F75: =monthly_data!U100/1000 -> 0.87253 | G75: =monthly_data!U113/1000 -> 1.0722 | H75: =monthly_data!U125/1000 -> 1.198 | I75: =I$81*(SUM(D75:H75)/SUM(D$81:H$81)) -> 1.0610433 | J75: =J$81*(SUM(E75:I75)/SUM(E$81:I$81)) -> 1.1332613 | K75: =K$81*(SUM(F75:J75)/SUM(F$81:J$81)) -> 1.1773876 | L75: =L$81*(SUM(G75:K75)/SUM(G$81:K$81)) -> 1.2111963 | M75: =M$81*(SUM(H75:L75)/SUM(H$81:L$81)) -> 1.2403704 | N75: =N$81*(SUM(I75:M75)/SUM(I$81:M$81)) -> 1.2606636 | O75: =O$81*(SUM(J75:N75)/SUM(J$81:N$81)) -> 1.3038789 | P75: =P$81*(SUM(K75:O75)/SUM(K$81:O$81)) -> 1.3408155 | ... S75: =S$81*(SUM(N75:R75)/SUM(N$81:R$81)) -> 1.4490535
A76: August | B76: =monthly_data!U54/1000 -> 1.16444 | C76: =monthly_data!U66/1000 -> 0.88829 | D76: =monthly_data!U78/1000 -> 0.40721 | E76: =monthly_data!U90/1000 -> 0.54556 | F76: =monthly_data!U101/1000 -> 0.97914 | G76: =monthly_data!U114/1000 -> 1.07815 | H76: =monthly_data!U126/1000 -> 1.163 | I76: =I$81*(SUM(D76:H76)/SUM(D$81:H$81)) -> 1.1561039 | J76: =J$81*(SUM(E76:I76)/SUM(E$81:I$81)) -> 1.2136142 | K76: =K$81*(SUM(F76:J76)/SUM(F$81:J$81)) -> 1.2331954 | L76: =L$81*(SUM(G76:K76)/SUM(G$81:K$81)) -> 1.2545983 | M76: =M$81*(SUM(H76:L76)/SUM(H$81:L$81)) -> 1.2917849 | N76: =N$81*(SUM(I76:M76)/SUM(I$81:M$81)) -> 1.3312468 | O76: =O$81*(SUM(J76:N76)/SUM(J$81:N$81)) -> 1.369163 | P76: =P$81*(SUM(K76:O76)/SUM(K$81:O$81)) -> 1.4028374 | ... S76: =S$81*(SUM(N76:R76)/SUM(N$81:R$81)) -> 1.5202662
A77: September | B77: =monthly_data!U55/1000 -> 1.07261 | C77: =monthly_data!U67/1000 -> 1.15832 | D77: =monthly_data!U79/1000 -> 0.39509 | E77: =monthly_data!U91/1000 -> 0.48764 | F77: =monthly_data!U102/1000 -> 1.0073 | G77: =monthly_data!U115/1000 -> 1.02557 | H77: =monthly_data!U127/1000 -> 1.024 | I77: =I$81*(SUM(D77:H77)/SUM(D$81:H$81)) -> 1.0914262 | J77: =J$81*(SUM(E77:I77)/SUM(E$81:I$81)) -> 1.1430903 | K77: =K$81*(SUM(F77:J77)/SUM(F$81:J$81)) -> 1.1673174 | L77: =L$81*(SUM(G77:K77)/SUM(G$81:K$81)) -> 1.1703025 | M77: =M$81*(SUM(H77:L77)/SUM(H$81:L$81)) -> 1.2007292 | N77: =N$81*(SUM(I77:M77)/SUM(I$81:M$81)) -> 1.2497541 | O77: =O$81*(SUM(J77:N77)/SUM(J$81:N$81)) -> 1.2840301 | P77: =P$81*(SUM(K77:O77)/SUM(K$81:O$81)) -> 1.3145418 | ... S77: =S$81*(SUM(N77:R77)/SUM(N$81:R$81)) -> 1.4243329
A78: October | B78: =monthly_data!U56/1000 -> 1.02736 | C78: =monthly_data!U68/1000 -> 1.01923 | D78: =monthly_data!U80/1000 -> 0.37327 | E78: =monthly_data!U92/1000 -> 0.57223 | F78: =monthly_data!U103/1000 -> 0.91436 | G78: =monthly_data!U116/1000 -> 1.02889 | H78: =monthly_data!U128/1000 -> 1.119 | I78: =I$81*(SUM(D78:H78)/SUM(D$81:H$81)) -> 1.1103065 | J78: =J$81*(SUM(E78:I78)/SUM(E$81:I$81)) -> 1.1699297 | K78: =K$81*(SUM(F78:J78)/SUM(F$81:J$81)) -> 1.1785903 | L78: =L$81*(SUM(G78:K78)/SUM(G$81:K$81)) -> 1.2036449 | M78: =M$81*(SUM(H78:L78)/SUM(H$81:L$81)) -> 1.2404954 | N78: =N$81*(SUM(I78:M78)/SUM(I$81:M$81)) -> 1.2779194 | O78: =O$81*(SUM(J78:N78)/SUM(J$81:N$81)) -> 1.3142055 | P78: =P$81*(SUM(K78:O78)/SUM(K$81:O$81)) -> 1.3454394 | ... S78: =S$81*(SUM(N78:R78)/SUM(N$81:R$81)) -> 1.4589538
A79: November | B79: =monthly_data!U57/1000 -> 0.83299 | C79: =monthly_data!U69/1000 -> 0.76551 | D79: =monthly_data!U81/1000 -> 0.34428 | E79: =monthly_data!U93/1000 -> 0.53052 | F79: =monthly_data!U104/1000 -> 0.89614 | G79: =monthly_data!U117/1000 -> 0.87811 | H79: =monthly_data!U129/1000 -> 0.879 | I79: =I$81*(SUM(D79:H79)/SUM(D$81:H$81)) -> 0.97741046 | J79: =J$81*(SUM(E79:I79)/SUM(E$81:I$81)) -> 1.026029 | K79: =K$81*(SUM(F79:J79)/SUM(F$81:J$81)) -> 1.0272987 | L79: =L$81*(SUM(G79:K79)/SUM(G$81:K$81)) -> 1.027851 | M79: =M$81*(SUM(H79:L79)/SUM(H$81:L$81)) -> 1.0594287 | N79: =N$81*(SUM(I79:M79)/SUM(I$81:M$81)) -> 1.1079876 | O79: =O$81*(SUM(J79:N79)/SUM(J$81:N$81)) -> 1.136256 | P79: =P$81*(SUM(K79:O79)/SUM(K$81:O$81)) -> 1.1601187 | ... S79: =S$81*(SUM(N79:R79)/SUM(N$81:R$81)) -> 1.2593015
A80: December | B80: =monthly_data!U58/1000 -> 1.09309 | C80: =monthly_data!U70/1000 -> 1.03269 | D80: =monthly_data!U82/1000 -> 0.30474 | E80: =monthly_data!U94/1000 -> 0.71573 | F80: =monthly_data!U105/1000 -> 0.74297 | G80: =monthly_data!U118/1000 -> 0.84772 | H80: =monthly_data!U130/1000 -> 0.928 | I80: =I81-SUM(I69:I79) -> 0.98048837 | J80: =J81-SUM(J69:J79) -> 1.0392768 | K80: =K81-SUM(K69:K79) -> 1.0012154 | L80: =L81-SUM(L69:L79) -> 1.0297514 | M80: =M81-SUM(M69:M79) -> 1.0682565 | N80: =N81-SUM(N69:N79) -> 1.1081977 | O80: =O81-SUM(O69:O79) -> 1.1358452 | P80: =P81-SUM(P69:P79) -> 1.1567511 | ... S80: =S81-SUM(S69:S79) -> 1.2591837
A81: Total | B81: =SUM(B69:B80) -> 12.27716 | C81: =SUM(C69:C80) -> 12.07163 | D81: =SUM(D69:D80) -> 5.21458 | E81: =SUM(E69:E80) -> 4.82294 | F81: =SUM(F69:F80) -> 9.26904 | G81: =SUM(G69:G80) -> 11.07737 | H81: =SUM(H69:H80) -> 11.96418 | I81: =I9 -> 11.732114 | J81: =J9 -> 12.048881 | K81: =K9 -> 12.374201 | L81: =L9 -> 12.708305 | M81: =M9 -> 13.051429 | N81: =N9 -> 13.403817 | O81: =O9 -> 13.76572 | P81: =P9 -> 14.137395 | ... S81: =S9 -> 15.313721
A83: Jet Fuel End-of-Month Inventory
A84: million tonnes | B84: =B4 -> 2018 | C84: =C4 -> 2019 | D84: =D4 -> 2020 | E84: =E4 -> 2021 | F84: =F4 -> 2022 | G84: =G4 -> 2023 | H84: =H4 -> 2024 | I84: =I4 -> 2025 | ... S84: =S4 -> 2035
A85: January | B85: =monthly_data!V47/1000 -> 1.13983 | C85: =monthly_data!V59/1000 -> 0.85676 | D85: =monthly_data!$V71/1000 -> 1.21413 | E85: =monthly_data!$V83/1000 -> 1.35167 | F85: =monthly_data!$V95/1000 -> 0.8468 | G85: =monthly_data!$V107/1000 -> 0.84123 | H85: =monthly_data!$V119/1000 -> 0.87609 | I85: =H96+I21+I37-I53-I69 -> 1.4405565 | J85: =I96+J21+J37-J53-J69 -> 2.7680693 | K85: =J96+K21+K37-K53-K69 -> 4.1246914 | L85: =K96+L21+L37-L53-L69 -> 5.5514519 | M85: =L96+M21+M37-M53-M69 -> 7.0166188 | N85: =M96+N21+N37-N53-N69 -> 8.5515956 | O85: =N96+O21+O37-O53-O69 -> 10.091048 | P85: =O96+P21+P37-P53-P69 -> 11.676382 | ... S85: =R96+S21+S37-S53-S69 -> 16.717508
A86: February | B86: =monthly_data!V48/1000 -> 1.08229 | C86: =monthly_data!V60/1000 -> 0.92928 | D86: =monthly_data!$V72/1000 -> 1.0758 | E86: =monthly_data!$V84/1000 -> 1.26262 | F86: =monthly_data!$V96/1000 -> 0.7829 | G86: =monthly_data!$V108/1000 -> 0.83999 | H86: =monthly_data!$V120/1000 -> 0.97505 | I86: =I85+I22+I38-I54-I70 -> 1.5289757 | J86: =J85+J22+J38-J54-J70 -> 2.9033012 | K86: =K85+K22+K38-K54-K70 -> 4.2515753 | L86: =L85+L22+L38-L54-L70 -> 5.690489 | M86: =M85+M22+M38-M54-M70 -> 7.1650045 | N86: =N85+N22+N38-N54-N70 -> 8.6897056 | O86: =O85+O22+O38-O54-O70 -> 10.239915 | P86: =P85+P22+P38-P54-P70 -> 11.828201 | ... S86: =S85+S22+S38-S54-S70 -> 16.881425
A87: March | B87: =monthly_data!V49/1000 -> 0.95395 | C87: =monthly_data!V61/1000 -> 0.98168 | D87: =monthly_data!$V73/1000 -> 1.01459 | E87: =monthly_data!$V85/1000 -> 1.16475 | F87: =monthly_data!$V97/1000 -> 0.58487 | G87: =monthly_data!$V109/1000 -> 0.88634 | H87: =monthly_data!$V121/1000 -> 0.98716 | I87: =I86+I23+I39-I55-I71 -> 1.6437532 | J87: =J86+J23+J39-J55-J71 -> 3.0240159 | K87: =K86+K23+K39-K55-K71 -> 4.3651493 | L87: =L86+L23+L39-L55-L71 -> 5.8182133 | M87: =M86+M23+M39-M55-M71 -> 7.2865349 | N87: =N86+N23+N39-N55-N71 -> 8.8192346 | O87: =O86+O23+O39-O55-O71 -> 10.372638 | P87: =P86+P23+P39-P55-P71 -> 11.963524 | ... S87: =S86+S23+S39-S55-S71 -> 17.028702
A88: April | B88: =monthly_data!V50/1000 -> 1.03269 | C88: =monthly_data!V62/1000 -> 0.89545 | D88: =monthly_data!$V74/1000 -> 1.16097 | E88: =monthly_data!$V86/1000 -> 1.23011 | F88: =monthly_data!$V98/1000 -> 0.72336 | G88: =monthly_data!$V110/1000 -> 1.00099 | H88: =monthly_data!$V122/1000 -> 0.98737 | I88: =I87+I24+I40-I56-I72 -> 1.9309504 | J88: =J87+J24+J40-J56-J72 -> 3.3224601 | K88: =K87+K24+K40-K56-K72 -> 4.6540466 | L88: =L87+L24+L40-L56-L72 -> 6.0739086 | M88: =M87+M24+M40-M56-M72 -> 7.5488565 | N88: =N87+N24+N40-N56-N72 -> 9.1207057 | O88: =O87+O24+O40-O56-O72 -> 10.677199 | P88: =P87+P24+P40-P56-P72 -> 12.269409 | ... S88: =S87+S24+S40-S56-S72 -> 17.362678
A89: May | B89: =monthly_data!V51/1000 -> 1.02512 | C89: =monthly_data!V63/1000 -> 0.90411 | D89: =monthly_data!$V75/1000 -> 1.27856 | E89: =monthly_data!$V87/1000 -> 1.1767 | F89: =monthly_data!$V99/1000 -> 0.72347 | G89: =monthly_data!$V111/1000 -> 0.83428 | H89: =monthly_data!$V123/1000 -> 0.96519 | I89: =I88+I25+I41-I57-I73 -> 2.0308282 | J89: =J88+J25+J41-J57-J73 -> 3.3817752 | K89: =K88+K25+K41-K57-K73 -> 4.7046832 | L89: =L88+L25+L41-L57-L73 -> 6.1073349 | M89: =M88+M25+M41-M57-M73 -> 7.6124363 | N89: =N88+N25+N41-N57-N73 -> 9.1871318 | O89: =O88+O25+O41-O57-O73 -> 10.736383 | P89: =P88+P25+P41-P57-P73 -> 12.328565 | ... S89: =S88+S25+S41-S57-S73 -> 17.430382
A90: June | B90: =monthly_data!V52/1000 -> 0.94043 | C90: =monthly_data!V64/1000 -> 0.76004 | D90: =monthly_data!$V76/1000 -> 1.40233 | E90: =monthly_data!$V88/1000 -> 1.07146 | F90: =monthly_data!$V100/1000 -> 0.68251 | G90: =monthly_data!$V112/1000 -> 0.66205 | H90: =monthly_data!$V124/1000 -> 1.043 | I90: =I89+I26+I42-I58-I74 -> 2.0450825 | J90: =J89+J26+J42-J58-J74 -> 3.363233 | K90: =K89+K26+K42-K58-K74 -> 4.7020215 | L90: =L89+L26+L42-L58-L74 -> 6.1095591 | M90: =M89+M26+M42-M58-M74 -> 7.6364868 | N90: =N89+N26+N42-N58-N74 -> 9.1913155 | O90: =O89+O26+O42-O58-O74 -> 10.738387 | P90: =P89+P26+P42-P58-P74 -> 12.335016 | ... S90: =S89+S26+S42-S58-S74 -> 17.437056
A91: July | B91: =monthly_data!V53/1000 -> 1.04595 | C91: =monthly_data!V65/1000 -> 0.94941 | D91: =monthly_data!$V77/1000 -> 1.35336 | E91: =monthly_data!$V89/1000 -> 1.14636 | F91: =monthly_data!$V101/1000 -> 0.80622 | G91: =monthly_data!$V113/1000 -> 0.76015 | H91: =monthly_data!$V125/1000 -> 0.937 | I91: =I90+I27+I43-I59-I75 -> 2.1442075 | J91: =J90+J27+J43-J59-J75 -> 3.4943961 | K91: =K90+K27+K43-K59-K75 -> 4.8321931 | L91: =L90+L27+L43-L59-L75 -> 6.2102232 | M91: =M90+M27+M43-M59-M75 -> 7.7235867 | N91: =N90+N27+N43-N59-N75 -> 9.3099992 | O91: =O90+O27+O43-O59-O75 -> 10.861305 | P91: =P90+P27+P43-P59-P75 -> 12.456149 | ... S91: =S90+S27+S43-S59-S75 -> 17.568052
A92: August | B92: =monthly_data!V54/1000 -> 1.12938 | C92: =monthly_data!V66/1000 -> 0.95889 | D92: =monthly_data!$V78/1000 -> 1.28705 | E92: =monthly_data!$V90/1000 -> 0.96434 | F92: =monthly_data!$V102/1000 -> 0.74019 | G92: =monthly_data!$V114/1000 -> 0.91519 | H92: =monthly_data!$V126/1000 -> 0.907 | I92: =I91+I28+I44-I60-I76 -> 2.1135462 | J92: =J91+J28+J44-J60-J76 -> 3.4911336 | K92: =K91+K28+K44-K60-K76 -> 4.8847298 | L92: =L91+L28+L44-L60-L76 -> 6.2773971 | M92: =M91+M28+M44-M60-M76 -> 7.7539933 | N92: =N91+N28+N44-N60-N76 -> 9.3351536 | O92: =O91+O28+O44-O60-O76 -> 10.898542 | P92: =P91+P28+P44-P60-P76 -> 12.502155 | ... S92: =S91+S28+S44-S60-S76 -> 17.609767
A93: September | B93: =monthly_data!V55/1000 -> 1.05304 | C93: =monthly_data!V67/1000 -> 0.92279 | D93: =monthly_data!$V79/1000 -> 1.26988 | E93: =monthly_data!$V91/1000 -> 0.82697 | F93: =monthly_data!$V103/1000 -> 0.80385 | G93: =monthly_data!$V115/1000 -> 0.95638 | H93: =monthly_data!$V127/1000 -> 1.062 | I93: =I92+I29+I45-I61-I77 -> 2.2200424 | J93: =J92+J29+J45-J61-J77 -> 3.6220598 | K93: =K92+K29+K45-K61-K77 -> 5.0431947 | L93: =L92+L29+L45-L61-L77 -> 6.4629312 | M93: =M92+M29+M45-M61-M77 -> 7.9475977 | N93: =N92+N29+N45-N61-N77 -> 9.5029371 | O93: =O92+O29+O45-O61-O77 -> 11.079594 | P93: =P92+P29+P45-P61-P77 -> 12.694058 | ... S93: =S92+S29+S45-S61-S77 -> 17.813692
A94: October | B94: =monthly_data!V56/1000 -> 0.98683 | C94: =monthly_data!V68/1000 -> 0.9378 | D94: =monthly_data!$V80/1000 -> 1.46616 | E94: =monthly_data!$V92/1000 -> 0.88103 | F94: =monthly_data!$V104/1000 -> 0.72731 | G94: =monthly_data!$V116/1000 -> 0.78048 | H94: =monthly_data!$V128/1000 -> 1.111 | I94: =I93+I30+I46-I62-I78 -> 2.375148 | J94: =J93+J30+J46-J62-J78 -> 3.7333182 | K94: =K93+K30+K46-K62-K78 -> 5.1328977 | L94: =L93+L30+L46-L62-L78 -> 6.5669283 | M94: =M93+M30+M46-M62-M78 -> 8.0988895 | N94: =N93+N30+N46-N62-N78 -> 9.6352881 | O94: =O93+O30+O46-O62-O78 -> 11.207019 | P94: =P93+P30+P46-P62-P78 -> 12.824983 | ... S94: =S93+S30+S46-S62-S78 -> 17.960505
A95: November | B95: =monthly_data!V57/1000 -> 1.18123 | C95: =monthly_data!V69/1000 -> 1.36236 | D95: =monthly_data!$V81/1000 -> 1.34563 | E95: =monthly_data!$V93/1000 -> 0.82652 | F95: =monthly_data!$V105/1000 -> 0.87761 | G95: =monthly_data!$V117/1000 -> 0.79403 | H95: =monthly_data!$V129/1000 -> 1.194 | I95: =I94+I31+I47-I63-I79 -> 2.4568881 | J95: =J94+J31+J47-J63-J79 -> 3.8512999 | K95: =K94+K31+K47-K63-K79 -> 5.2552034 | L95: =L94+L31+L47-L63-L79 -> 6.6930845 | M95: =M94+M31+M47-M63-M79 -> 8.2260908 | N95: =N94+N31+N47-N63-N79 -> 9.7598518 | O95: =O94+O31+O47-O63-O79 -> 11.340853 | P95: =P94+P31+P47-P63-P79 -> 12.962249 | ... S95: =S94+S31+S47-S63-S79 -> 18.107669
A96: December | B96: =monthly_data!V58/1000 -> 0.91173 | C96: =monthly_data!V70/1000 -> 1.03358 | D96: =monthly_data!$V82/1000 -> 1.26727 | E96: =monthly_data!$V94/1000 -> 0.71816 | F96: =monthly_data!$V106/1000 -> 0.7196 | G96: =monthly_data!$V118/1000 -> 0.89757 | H96: =monthly_data!$V130/1000 -> 1.162 | I96: =I95+I32+I48-I64-I80 -> 2.5121918 | J96: =J95+J32+J48-J64-J80 -> 3.8988387 | K96: =K95+K32+K48-K64-K80 -> 5.3229251 | L96: =L95+L32+L48-L64-L80 -> 6.7854618 | M96: =M95+M32+M48-M64-M80 -> 8.287487 | N96: =N95+N32+N48-N64-N80 -> 9.8300669 | O96: =O95+O32+O48-O64-O80 -> 11.414296 | P96: =P95+P32+P48-P64-P80 -> 13.0413 | ... S96: =S95+S32+S48-S64-S80 -> 18.190662

Sheet Diesel
A1: UK DISTILATE FUEL OIL SUPPLY AND DEMAND
A2: million tonnes | B2: 2018 | C2: 2019 | D2: 2020 | E2: 2021 | F2: 2022 | G2: 2023 | H2: 2024 | I2: 2025 | J2: 2026 | K2: 2027 | L2: 2028 | M2: 2029 | N2: 2030 | O2: 2031 | P2: 2032 | Q2: 2033 | R2: 2034 | S2: 2035
A3: RENEWABLE DISTILATE FUEL OIL SUPPLY AND DEMAND (Million Gallons)
A4: Beginning Stocks | B4: =B83 -> 1.98763 | C4: =B11 -> 2.01646 | D4: =C11 -> 1.9922 | E4: =D11 -> 2.12536 | F4: =E11 -> 1.61023 | G4: =F11 -> 1.57851 | H4: =G11 -> 1.4523 | I4: =H11 -> 1.622 | J4: =I11 -> 0 | ... S4: =R11 -> 0
A5: Production | B5: =B31 -> 20.04295 | C5: =C31 -> 20.52804 | D5: =D31 -> 18.30641 | E5: =E31 -> 17.86834 | F5: =F31 -> 19.628 | G5: =G31 -> 17.12148 | H5: =H31 -> 17.45898 | I5: =MROUND(H5*1.025,1) -> 18 | J5: =MROUND(I5*1.025,1) -> 18 | K5: =MROUND(J5*1.025,1) -> 18 | L5: =MROUND(K5*1.025,1) -> 18 | M5: =MROUND(L5*1.025,1) -> 18 | N5: =MROUND(M5*1.025,1) -> 18 | O5: =MROUND(N5*1.025,1) -> 18 | P5: =MROUND(O5*1.025,1) -> 18 | ... S5: =MROUND(R5*1.025,1) -> 18
A6: Imports | B6: =B47 -> 14.1094 | C6: =C47 -> 12.31508 | D6: =D47 -> 11.34013 | E6: =E47 -> 12.73417 | F6: =F47 -> 12.94626 | G6: =G47 -> 12.61864 | H6: =H47 -> 11.85631 | I6: =MROUND(H6*1.025,1) -> 12 | J6: =MROUND(I6*1.025,1) -> 12 | K6: =MROUND(J6*1.025,1) -> 12 | L6: =MROUND(K6*1.025,1) -> 12 | M6: =MROUND(L6*1.025,1) -> 12 | N6: =MROUND(M6*1.025,1) -> 12 | O6: =MROUND(N6*1.025,1) -> 12 | P6: =MROUND(O6*1.025,1) -> 12 | ... S6: =MROUND(R6*1.025,1) -> 12
A7: Total Supply | B7: =B4+B5+B6 -> 36.13998 | C7: =C4+C5+C6 -> 34.85958 | D7: =D4+D5+D6 -> 31.63874 | E7: =E4+E5+E6 -> 32.72787 | F7: =F4+F5+F6 -> 34.18449 | G7: =G4+G5+G6 -> 31.31863 | H7: =H4+H5+H6 -> 30.76759 | I7: =I4+I5+I6 -> 31.622 | ... S7: =S4+S5+S6 -> 30
A8: Domestic Consumption | B8: =B79 -> 29.87347 | C8: =C79 -> 28.66126 | D8: =D79 -> 24.81469 | E8: =E79 -> 26.56833 | F8: =F79 -> 25.92342 | G8: =G79 -> 25.12282 | H8: =H79 -> 24.03421 | I8: =MROUND(H8*1.025,1) -> 25 | J8: =MROUND(I8*1.025,1) -> 26 | K8: =MROUND(J8*1.025,1) -> 27 | L8: =MROUND(K8*1.025,1) -> 28 | M8: =MROUND(L8*1.025,1) -> 29 | N8: =MROUND(M8*1.025,1) -> 30 | O8: =MROUND(N8*1.025,1) -> 31 | P8: =MROUND(O8*1.025,1) -> 32 | ... S8: =MROUND(R8*1.025,1) -> 35
A9: Exports | B9: =B63 -> 1.58756 | C9: =C63 -> 1.56558 | D9: =D63 -> 2.24906 | E9: =E63 -> 1.5753 | F9: =F63 -> 2.48246 | G9: =G63 -> 1.16999 | H9: =H63 -> 1.09432 | I9: =MROUND(H9*1.025,1) -> 1 | J9: =MROUND(I9*1.025,1) -> 1 | K9: =MROUND(J9*1.025,1) -> 1 | L9: =MROUND(K9*1.025,1) -> 1 | M9: =MROUND(L9*1.025,1) -> 1 | N9: =MROUND(M9*1.025,1) -> 1 | O9: =MROUND(N9*1.025,1) -> 1 | P9: =MROUND(O9*1.025,1) -> 1 | ... S9: =MROUND(R9*1.025,1) -> 1
A10: Total Demand | B10: =B9+B8 -> 31.46103 | C10: =C9+C8 -> 30.22684 | D10: =D9+D8 -> 27.06375 | E10: =E9+E8 -> 28.14363 | F10: =F9+F8 -> 28.40588 | G10: =G9+G8 -> 26.29281 | H10: =H9+H8 -> 25.12853 | I10: =SUM(I8:I9) -> 26 | J10: =SUM(J8:J9) -> 27 | K10: =SUM(K8:K9) -> 28 | L10: =SUM(L8:L9) -> 29 | M10: =SUM(M8:M9) -> 30 | N10: =SUM(N8:N9) -> 31 | O10: =SUM(O8:O9) -> 32 | P10: =SUM(P8:P9) -> 33 | ... S10: =SUM(S8:S9) -> 36
A11: Final Stocks (December 31) | B11: =B94 -> 2.01646 | C11: =C94 -> 1.9922 | D11: =D94 -> 2.12536 | E11: =E94 -> 1.61023 | F11: =F94 -> 1.57851 | G11: =G94 -> 1.4523 | H11: =H94 -> 1.622 | I11: =MROUND(FORECAST(I7,B11:H11,B7:H7),50) -> 0 | J11: =MROUND(FORECAST(J7,B11:I11,B7:I7),50) -> 0 | K11: =MROUND(FORECAST(K7,B11:J11,B7:J7),50) -> 0 | L11: =MROUND(FORECAST(L7,B11:K11,B7:K7),50) -> 0 | M11: =MROUND(FORECAST(M7,B11:L11,B7:L7),50) -> 0 | N11: =MROUND(FORECAST(N7,B11:M11,B7:M7),50) -> 0 | O11: =MROUND(FORECAST(O7,B11:N11,B7:N7),50) -> 0 | P11: =MROUND(FORECAST(P7,B11:O11,B7:O7),50) -> 0 | Q11: =MROUND(FORECAST(Q7,B11:P11,B7:P7),50) -> 0 | R11: =MROUND(FORECAST(R7,C11:Q11,C7:Q7),50) -> 0 | S11: =MROUND(FORECAST(S7,D11:R11,D7:R7),50) -> 0
A12: Stocks Change | B12: 0 | C12: =C11-B11 -> -0.02426 | D12: =D11-C11 -> 0.13316 | E12: =E11-D11 -> -0.51513 | F12: =F11-E11 -> -0.03172 | G12: =G11-F11 -> -0.12621 | H12: =H11-G11 -> 0.1697 | I12: =I11-H11 -> -1.622 | J12: =J11-I11 -> 0 | ... S12: =S11-R11 -> 0
A13: Stocks/Use
A15: Production Growth | E15: =E5/D5-1 -> -0.023929869 | F15: =F5/E5-1 -> 0.09847921 | G15: =G5/F5-1 -> -0.12770124 | H15: =H5/G5-1 -> 0.019712081 | I15: =I5/H5-1 -> 0.030988065 | J15: =J5/I5-1 -> 0 | K15: =K5/J5-1 -> 0 | L15: =L5/K5-1 -> 0 | ... S15: =S5/R5-1 -> 0
A16: Domestic Consumption Growth | E16: =E8/D8-1 -> 0.07066943 | F16: =F8/E8-1 -> -0.024273637 | G16: =G8/F8-1 -> -0.030883271 | H16: =H8/G8-1 -> -0.043331521 | I16: =I8/H8-1 -> 0.040183971 | J16: =J8/I8-1 -> 0.04 | K16: =K8/J8-1 -> 0.038461538 | L16: =L8/K8-1 -> 0.037037037 | ... S16: =S8/R8-1 -> 0.029411765
A17: DISTILATE FUEL OIL PRODUCTION
A18: million tonnes | B18: =B2 -> 2018 | C18: =C2 -> 2019 | D18: =D2 -> 2020 | E18: =E2 -> 2021 | F18: =F2 -> 2022 | G18: =G2 -> 2023 | H18: =H2 -> 2024 | I18: =I2 -> 2025 | ... S18: =S2 -> 2035
A19: January | B19: =monthly_data!$AA47/1000 -> 1.69925 | C19: =monthly_data!$AA59/1000 -> 1.74177 | D19: =monthly_data!$AA71/1000 -> 1.61345 | E19: =monthly_data!$AA83/1000 -> 1.42173 | F19: =monthly_data!$AA95/1000 -> 1.58392 | G19: =monthly_data!$AA107/1000 -> 1.56699 | H19: =monthly_data!$AA119/1000 -> 1.39634 | I19: =I$31*(SUM(D19:H19)/SUM(D$31:H$31)) -> 1.5100563 | J19: =J$31*(SUM(E19:I19)/SUM(E$31:I$31)) -> 1.4945319 | K19: =K$31*(SUM(F19:J19)/SUM(F$31:J$31)) -> 1.5068774 | L19: =L$31*(SUM(G19:K19)/SUM(G$31:K$31)) -> 1.5189165 | M19: =M$31*(SUM(H19:L19)/SUM(H$31:L$31)) -> 1.4943273 | N19: =N$31*(SUM(I19:M19)/SUM(I$31:M$31)) -> 1.5049419 | O19: =O$31*(SUM(J19:N19)/SUM(J$31:N$31)) -> 1.503919 | P19: =P$31*(SUM(K19:O19)/SUM(K$31:O$31)) -> 1.5057964 | ... S19: =S$31*(SUM(N19:R19)/SUM(N$31:R$31)) -> 1.5046301
A20: February | B20: =monthly_data!$AA48/1000 -> 1.28422 | C20: =monthly_data!$AA60/1000 -> 1.51967 | D20: =monthly_data!$AA72/1000 -> 1.46611 | E20: =monthly_data!$AA84/1000 -> 1.04355 | F20: =monthly_data!$AA96/1000 -> 1.43431 | G20: =monthly_data!$AA108/1000 -> 1.38357 | H20: =monthly_data!$AA120/1000 -> 1.40234 | I20: =I$31*(SUM(D20:H20)/SUM(D$31:H$31)) -> 1.3402693 | J20: =J$31*(SUM(E20:I20)/SUM(E$31:I$31)) -> 1.3196817 | K20: =K$31*(SUM(F20:J20)/SUM(F$31:J$31)) -> 1.3728544 | L20: =L$31*(SUM(G20:K20)/SUM(G$31:K$31)) -> 1.3855976 | M20: =M$31*(SUM(H20:L20)/SUM(H$31:L$31)) -> 1.3723985 | N20: =N$31*(SUM(I20:M20)/SUM(I$31:M$31)) -> 1.3581603 | O20: =O$31*(SUM(J20:N20)/SUM(J$31:N$31)) -> 1.3617385 | P20: =P$31*(SUM(K20:O20)/SUM(K$31:O$31)) -> 1.3701499 | ... S20: =S$31*(SUM(N20:R20)/SUM(N$31:R$31)) -> 1.3652138
A21: March | B21: =monthly_data!$AA49/1000 -> 1.57976 | C21: =monthly_data!$AA61/1000 -> 1.64756 | D21: =monthly_data!$AA73/1000 -> 1.67581 | E21: =monthly_data!$AA85/1000 -> 1.19513 | F21: =monthly_data!$AA97/1000 -> 1.62763 | G21: =monthly_data!$AA109/1000 -> 1.65129 | H21: =monthly_data!$AA121/1000 -> 1.4991 | I21: =I$31*(SUM(D21:H21)/SUM(D$31:H$31)) -> 1.5233059 | J21: =J$31*(SUM(E21:I21)/SUM(E$31:I$31)) -> 1.4980129 | K21: =K$31*(SUM(F21:J21)/SUM(F$31:J$31)) -> 1.5562631 | L21: =L$31*(SUM(G21:K21)/SUM(G$31:K$31)) -> 1.5703632 | M21: =M$31*(SUM(H21:L21)/SUM(H$31:L$31)) -> 1.5386584 | N21: =N$31*(SUM(I21:M21)/SUM(I$31:M$31)) -> 1.5373207 | O21: =O$31*(SUM(J21:N21)/SUM(J$31:N$31)) -> 1.5401237 | P21: =P$31*(SUM(K21:O21)/SUM(K$31:O$31)) -> 1.5485458 | ... S21: =S$31*(SUM(N21:R21)/SUM(N$31:R$31)) -> 1.5430645
A22: April | B22: =monthly_data!$AA50/1000 -> 1.69722 | C22: =monthly_data!$AA62/1000 -> 1.72342 | D22: =monthly_data!$AA74/1000 -> 1.33872 | E22: =monthly_data!$AA86/1000 -> 1.47789 | F22: =monthly_data!$AA98/1000 -> 1.75266 | G22: =monthly_data!$AA110/1000 -> 1.44586 | H22: =monthly_data!$AA122/1000 -> 1.46133 | I22: =I$31*(SUM(D22:H22)/SUM(D$31:H$31)) -> 1.4889522 | J22: =J$31*(SUM(E22:I22)/SUM(E$31:I$31)) -> 1.5240379 | K22: =K$31*(SUM(F22:J22)/SUM(F$31:J$31)) -> 1.5310218 | L22: =L$31*(SUM(G22:K22)/SUM(G$31:K$31)) -> 1.5141221 | M22: =M$31*(SUM(H22:L22)/SUM(H$31:L$31)) -> 1.5129879 | N22: =N$31*(SUM(I22:M22)/SUM(I$31:M$31)) -> 1.5142244 | O22: =O$31*(SUM(J22:N22)/SUM(J$31:N$31)) -> 1.5192788 | P22: =P$31*(SUM(K22:O22)/SUM(K$31:O$31)) -> 1.518327 | ... S22: =S$31*(SUM(N22:R22)/SUM(N$31:R$31)) -> 1.5167479
A23: May | B23: =monthly_data!$AA51/1000 -> 1.479 | C23: =monthly_data!$AA63/1000 -> 1.67922 | D23: =monthly_data!$AA75/1000 -> 1.38664 | E23: =monthly_data!$AA87/1000 -> 1.61459 | F23: =monthly_data!$AA99/1000 -> 1.7205 | G23: =monthly_data!$AA111/1000 -> 1.53952 | H23: =monthly_data!$AA123/1000 -> 1.47805 | I23: =I$31*(SUM(D23:H23)/SUM(D$31:H$31)) -> 1.5412973 | J23: =J$31*(SUM(E23:I23)/SUM(E$31:I$31)) -> 1.5774454 | K23: =K$31*(SUM(F23:J23)/SUM(F$31:J$31)) -> 1.5677313 | L23: =L$31*(SUM(G23:K23)/SUM(G$31:K$31)) -> 1.5655009 | M23: =M$31*(SUM(H23:L23)/SUM(H$31:L$31)) -> 1.5553547 | N23: =N$31*(SUM(I23:M23)/SUM(I$31:M$31)) -> 1.5614659 | O23: =O$31*(SUM(J23:N23)/SUM(J$31:N$31)) -> 1.5654997 | P23: =P$31*(SUM(K23:O23)/SUM(K$31:O$31)) -> 1.5631105 | ... S23: =S$31*(SUM(N23:R23)/SUM(N$31:R$31)) -> 1.5627572
A24: June | B24: =monthly_data!$AA52/1000 -> 1.58052 | C24: =monthly_data!$AA64/1000 -> 1.553 | D24: =monthly_data!$AA76/1000 -> 1.27935 | E24: =monthly_data!$AA88/1000 -> 1.74748 | F24: =monthly_data!$AA100/1000 -> 1.49779 | G24: =monthly_data!$AA112/1000 -> 1.29727 | H24: =monthly_data!$AA124/1000 -> 1.45757 | I24: =I$31*(SUM(D24:H24)/SUM(D$31:H$31)) -> 1.4497193 | J24: =J$31*(SUM(E24:I24)/SUM(E$31:I$31)) -> 1.4886955 | K24: =K$31*(SUM(F24:J24)/SUM(F$31:J$31)) -> 1.4348854 | L24: =L$31*(SUM(G24:K24)/SUM(G$31:K$31)) -> 1.4484743 | M24: =M$31*(SUM(H24:L24)/SUM(H$31:L$31)) -> 1.4646735 | N24: =N$31*(SUM(I24:M24)/SUM(I$31:M$31)) -> 1.4572896 | O24: =O$31*(SUM(J24:N24)/SUM(J$31:N$31)) -> 1.4588037 | P24: =P$31*(SUM(K24:O24)/SUM(K$31:O$31)) -> 1.4528253 | ... S24: =S$31*(SUM(N24:R24)/SUM(N$31:R$31)) -> 1.4566666
A25: July | B25: =monthly_data!$AA53/1000 -> 1.67253 | C25: =monthly_data!$AA65/1000 -> 1.71983 | D25: =monthly_data!$AA77/1000 -> 1.59475 | E25: =monthly_data!$AA89/1000 -> 1.7581 | F25: =monthly_data!$AA101/1000 -> 1.57939 | G25: =monthly_data!$AA113/1000 -> 1.42104 | H25: =monthly_data!$AA125/1000 -> 1.44182 | I25: =I$31*(SUM(D25:H25)/SUM(D$31:H$31)) -> 1.55241 | J25: =J$31*(SUM(E25:I25)/SUM(E$31:I$31)) -> 1.54923 | K25: =K$31*(SUM(F25:J25)/SUM(F$31:J$31)) -> 1.5052914 | L25: =L$31*(SUM(G25:K25)/SUM(G$31:K$31)) -> 1.5178996 | M25: =M$31*(SUM(H25:L25)/SUM(H$31:L$31)) -> 1.5224824 | N25: =N$31*(SUM(I25:M25)/SUM(I$31:M$31)) -> 1.5294627 | O25: =O$31*(SUM(J25:N25)/SUM(J$31:N$31)) -> 1.5248732 | P25: =P$31*(SUM(K25:O25)/SUM(K$31:O$31)) -> 1.5200019 | ... S25: =S$31*(SUM(N25:R25)/SUM(N$31:R$31)) -> 1.5242469
A26: August | B26: =monthly_data!$AA54/1000 -> 1.84712 | C26: =monthly_data!$AA66/1000 -> 1.72243 | D26: =monthly_data!$AA78/1000 -> 1.57401 | E26: =monthly_data!$AA90/1000 -> 1.63076 | F26: =monthly_data!$AA102/1000 -> 1.65994 | G26: =monthly_data!$AA114/1000 -> 1.46375 | H26: =monthly_data!$AA126/1000 -> 1.54036 | I26: =I$31*(SUM(D26:H26)/SUM(D$31:H$31)) -> 1.5670915 | J26: =J$31*(SUM(E26:I26)/SUM(E$31:I$31)) -> 1.5710397 | K26: =K$31*(SUM(F26:J26)/SUM(F$31:J$31)) -> 1.5568303 | L26: =L$31*(SUM(G26:K26)/SUM(G$31:K$31)) -> 1.5644905 | M26: =M$31*(SUM(H26:L26)/SUM(H$31:L$31)) -> 1.5693966 | N26: =N$31*(SUM(I26:M26)/SUM(I$31:M$31)) -> 1.5657697 | O26: =O$31*(SUM(J26:N26)/SUM(J$31:N$31)) -> 1.5655053 | P26: =P$31*(SUM(K26:O26)/SUM(K$31:O$31)) -> 1.5643985 | ... S26: =S$31*(SUM(N26:R26)/SUM(N$31:R$31)) -> 1.5655564
A27: September | B27: =monthly_data!$AA55/1000 -> 1.82286 | C27: =monthly_data!$AA67/1000 -> 1.80047 | D27: =monthly_data!$AA79/1000 -> 1.64387 | E27: =monthly_data!$AA91/1000 -> 1.4488 | F27: =monthly_data!$AA103/1000 -> 1.52277 | G27: =monthly_data!$AA115/1000 -> 1.37083 | H27: =monthly_data!$AA127/1000 -> 1.30207 | I27: =I$31*(SUM(D27:H27)/SUM(D$31:H$31)) -> 1.4514877 | J27: =J$31*(SUM(E27:I27)/SUM(E$31:I$31)) -> 1.4179815 | K27: =K$31*(SUM(F27:J27)/SUM(F$31:J$31)) -> 1.4097625 | L27: =L$31*(SUM(G27:K27)/SUM(G$31:K$31)) -> 1.4127085 | M27: =M$31*(SUM(H27:L27)/SUM(H$31:L$31)) -> 1.4072616 | N27: =N$31*(SUM(I27:M27)/SUM(I$31:M$31)) -> 1.4198404 | O27: =O$31*(SUM(J27:N27)/SUM(J$31:N$31)) -> 1.4135109 | P27: =P$31*(SUM(K27:O27)/SUM(K$31:O$31)) -> 1.4126168 | ... S27: =S$31*(SUM(N27:R27)/SUM(N$31:R$31)) -> 1.4144878
A28: October | B28: =monthly_data!$AA56/1000 -> 1.79015 | C28: =monthly_data!$AA68/1000 -> 1.88174 | D28: =monthly_data!$AA80/1000 -> 1.63305 | E28: =monthly_data!$AA92/1000 -> 1.45622 | F28: =monthly_data!$AA104/1000 -> 1.81173 | G28: =monthly_data!$AA116/1000 -> 1.20887 | H28: =monthly_data!$AA128/1000 -> 1.323 | I28: =I$31*(SUM(D28:H28)/SUM(D$31:H$31)) -> 1.4802712 | J28: =J$31*(SUM(E28:I28)/SUM(E$31:I$31)) -> 1.4547768 | K28: =K$31*(SUM(F28:J28)/SUM(F$31:J$31)) -> 1.4523656 | L28: =L$31*(SUM(G28:K28)/SUM(G$31:K$31)) -> 1.4060336 | M28: =M$31*(SUM(H28:L28)/SUM(H$31:L$31)) -> 1.4318971 | N28: =N$31*(SUM(I28:M28)/SUM(I$31:M$31)) -> 1.4450689 | O28: =O$31*(SUM(J28:N28)/SUM(J$31:N$31)) -> 1.4380284 | P28: =P$31*(SUM(K28:O28)/SUM(K$31:O$31)) -> 1.4346787 | ... S28: =S$31*(SUM(N28:R28)/SUM(N$31:R$31)) -> 1.437016
A29: November | B29: =monthly_data!$AA57/1000 -> 1.72886 | C29: =monthly_data!$AA69/1000 -> 1.715 | D29: =monthly_data!$AA81/1000 -> 1.47583 | E29: =monthly_data!$AA93/1000 -> 1.52251 | F29: =monthly_data!$AA105/1000 -> 1.68252 | G29: =monthly_data!$AA117/1000 -> 1.25767 | H29: =monthly_data!$AA129/1000 -> 1.552 | I29: =I$31*(SUM(D29:H29)/SUM(D$31:H$31)) -> 1.4917543 | J29: =J$31*(SUM(E29:I29)/SUM(E$31:I$31)) -> 1.5000108 | K29: =K$31*(SUM(F29:J29)/SUM(F$31:J$31)) -> 1.4933321 | L29: =L$31*(SUM(G29:K29)/SUM(G$31:K$31)) -> 1.4823338 | M29: =M$31*(SUM(H29:L29)/SUM(H$31:L$31)) -> 1.5129812 | N29: =N$31*(SUM(I29:M29)/SUM(I$31:M$31)) -> 1.4960825 | O29: =O$31*(SUM(J29:N29)/SUM(J$31:N$31)) -> 1.4969481 | P29: =P$31*(SUM(K29:O29)/SUM(K$31:O$31)) -> 1.4963356 | ... S29: =S$31*(SUM(N29:R29)/SUM(N$31:R$31)) -> 1.4972318
A30: December | B30: =monthly_data!$AA58/1000 -> 1.86146 | C30: =monthly_data!$AA70/1000 -> 1.82393 | D30: =monthly_data!$AA82/1000 -> 1.62482 | E30: =monthly_data!$AA94/1000 -> 1.55158 | F30: =monthly_data!$AA106/1000 -> 1.75484 | G30: =monthly_data!$AA118/1000 -> 1.51482 | H30: =monthly_data!$AA130/1000 -> 1.605 | I30: =I31-SUM(I19:I29) -> 1.603385 | J30: =J31-SUM(J19:J29) -> 1.6045558 | K30: =K31-SUM(K19:K29) -> 1.6127846 | L30: =L31-SUM(L19:L29) -> 1.6135592 | M30: =M31-SUM(M19:M29) -> 1.6175807 | N30: =N31-SUM(N19:N29) -> 1.610373 | O30: =O31-SUM(O19:O29) -> 1.6117707 | P30: =P31-SUM(P19:P29) -> 1.6132136 | ... S30: =S31-SUM(S19:S29) -> 1.6123809
A31: Total | B31: =SUM(B19:B30) -> 20.04295 | C31: =SUM(C19:C30) -> 20.52804 | D31: =SUM(D19:D30) -> 18.30641 | E31: =SUM(E19:E30) -> 17.86834 | F31: =SUM(F19:F30) -> 19.628 | G31: =SUM(G19:G30) -> 17.12148 | H31: =SUM(H19:H30) -> 17.45898 | I31: =I5 -> 18 | J31: =J5 -> 18 | K31: =K5 -> 18 | L31: =L5 -> 18 | M31: =M5 -> 18 | N31: =N5 -> 18 | O31: =O5 -> 18 | P31: =P5 -> 18 | ... S31: =S5 -> 18
A33: IMPORTS
A34: million tonnes | B34: =B2 -> 2018 | C34: =C2 -> 2019 | D34: =D2 -> 2020 | E34: =E2 -> 2021 | F34: =F2 -> 2022 | G34: =G2 -> 2023 | H34: =H2 -> 2024 | I34: =I2 -> 2025 | ... S34: =S2 -> 2035
A35: January | B35: =monthly_data!$AF47/1000 -> 1.07428 | C35: =monthly_data!$AF59/1000 -> 0.91853 | D35: =monthly_data!$AF71/1000 -> 0.96803 | E35: =monthly_data!$AF83/1000 -> 0.74159 | F35: =monthly_data!$AF95/1000 -> 0.64994 | G35: =monthly_data!$AF107/1000 -> 0.92738 | H35: =monthly_data!$AF119/1000 -> 1.17432 | I35: =I$47*(SUM(D35:H35)/SUM(D$47:H$47)) -> 0.87055331 | J35: =J$47*(SUM(E35:I35)/SUM(E$47:I$47)) -> 0.84249183 | K35: =K$47*(SUM(F35:J35)/SUM(F$47:J$47)) -> 0.87227558 | L35: =L$47*(SUM(G35:K35)/SUM(G$47:K$47)) -> 0.93004209 | M35: =M$47*(SUM(H35:L35)/SUM(H$47:L$47)) -> 0.94018816 | N35: =N$47*(SUM(I35:M35)/SUM(I$47:M$47)) -> 0.89111019 | O35: =O$47*(SUM(J35:N35)/SUM(J$47:N$47)) -> 0.89522157 | P35: =P$47*(SUM(K35:O35)/SUM(K$47:O$47)) -> 0.90576752 | ... S35: =S$47*(SUM(N35:R35)/SUM(N$47:R$47)) -> 0.90270317
A36: February | B36: =monthly_data!$AF48/1000 -> 1.48441 | C36: =monthly_data!$AF60/1000 -> 1.03646 | D36: =monthly_data!$AF72/1000 -> 1.06305 | E36: =monthly_data!$AF84/1000 -> 0.9927 | F36: =monthly_data!$AF96/1000 -> 1.14061 | G36: =monthly_data!$AF108/1000 -> 0.96668 | H36: =monthly_data!$AF120/1000 -> 0.96627 | I36: =I$47*(SUM(D36:H36)/SUM(D$47:H$47)) -> 1.0009141 | J36: =J$47*(SUM(E36:I36)/SUM(E$47:I$47)) -> 0.97829164 | K36: =K$47*(SUM(F36:J36)/SUM(F$47:J$47)) -> 0.9871702 | L36: =L$47*(SUM(G36:K36)/SUM(G$47:K$47)) -> 0.97216965 | M36: =M$47*(SUM(H36:L36)/SUM(H$47:L$47)) -> 0.98331799 | N36: =N$47*(SUM(I36:M36)/SUM(I$47:M$47)) -> 0.98437271 | O36: =O$47*(SUM(J36:N36)/SUM(J$47:N$47)) -> 0.98106444 | P36: =P$47*(SUM(K36:O36)/SUM(K$47:O$47)) -> 0.981619 | ... S36: =S$47*(SUM(N36:R36)/SUM(N$47:R$47)) -> 0.98194829
A37: March | B37: =monthly_data!$AF49/1000 -> 1.00358 | C37: =monthly_data!$AF61/1000 -> 0.65971 | D37: =monthly_data!$AF73/1000 -> 1.37017 | E37: =monthly_data!$AF85/1000 -> 0.79422 | F37: =monthly_data!$AF97/1000 -> 0.99645 | G37: =monthly_data!$AF109/1000 -> 0.96356 | H37: =monthly_data!$AF121/1000 -> 0.86687 | I37: =I$47*(SUM(D37:H37)/SUM(D$47:H$47)) -> 0.97397745 | J37: =J$47*(SUM(E37:I37)/SUM(E$47:I$47)) -> 0.88714653 | K37: =K$47*(SUM(F37:J37)/SUM(F$47:J$47)) -> 0.91590588 | L37: =L$47*(SUM(G37:K37)/SUM(G$47:K$47)) -> 0.91425488 | M37: =M$47*(SUM(H37:L37)/SUM(H$47:L$47)) -> 0.91381939 | N37: =N$47*(SUM(I37:M37)/SUM(I$47:M$47)) -> 0.92102083 | O37: =O$47*(SUM(J37:N37)/SUM(J$47:N$47)) -> 0.9104295 | P37: =P$47*(SUM(K37:O37)/SUM(K$47:O$47)) -> 0.9150861 | ... S37: =S$47*(SUM(N37:R37)/SUM(N$47:R$47)) -> 0.91530283
A38: April | B38: =monthly_data!$AF50/1000 -> 1.2678 | C38: =monthly_data!$AF62/1000 -> 1.22169 | D38: =monthly_data!$AF74/1000 -> 0.98535 | E38: =monthly_data!$AF86/1000 -> 0.97655 | F38: =monthly_data!$AF98/1000 -> 1.03638 | G38: =monthly_data!$AF110/1000 -> 1.13337 | H38: =monthly_data!$AF122/1000 -> 1.20096 | I38: =I$47*(SUM(D38:H38)/SUM(D$47:H$47)) -> 1.0405852 | J38: =J$47*(SUM(E38:I38)/SUM(E$47:I$47)) -> 1.0402019 | K38: =K$47*(SUM(F38:J38)/SUM(F$47:J$47)) -> 1.0650713 | L38: =L$47*(SUM(G38:K38)/SUM(G$47:K$47)) -> 1.0874298 | M38: =M$47*(SUM(H38:L38)/SUM(H$47:L$47)) -> 1.0894587 | N38: =N$47*(SUM(I38:M38)/SUM(I$47:M$47)) -> 1.0645494 | O38: =O$47*(SUM(J38:N38)/SUM(J$47:N$47)) -> 1.0693422 | P38: =P$47*(SUM(K38:O38)/SUM(K$47:O$47)) -> 1.0751703 | ... S38: =S$47*(SUM(N38:R38)/SUM(N$47:R$47)) -> 1.0722788
