Workbook

Sheet SBO
A2: US SOYBEAN OIL SUPPLY AND DEMAND (million pounds)
B3: 2023 | C3: 2024 | D3: 2025 | E3: 2026 | F3: 2027 | G3: 2028 | H3: 2029 | I3: 2030 | J3: 2031 | K3: 2032 | L3: 2033 | M3: 2034 | N3: 2035
A4: Beginning Stocks (January 1) | B4: 2240.6134 | C4: 2104.4268 | D4: 2445.2681 | E4: 2040.8706 | F4: 2018.8092 | G4: 1988.0496 | H4: 2189.023 | I4: 2247.4956 | J4: 2446.4702 | K4: 2638.34 | L4: 2432.1379 | M4: 2485.8313 | N4: 2607.5331 | O4: 2607.5331
A5: Production | B5: 27571.207 | C5: 29144.35 | D5: 31619.9 | E5: 32564.15 | F5: 33448.35 | G5: 33446.6 | H5: 34687.9 | I5: 36877.2 | J5: 38912.2 | K5: 40544.1 | L5: 42580 | M5: 45051.6 | N5: 47986.25 | O5: 49356
A6: Imports | B6: 500 | C6: 500 | D6: 500 | E6: 500 | F6: 500 | G6: 500 | H6: 500 | I6: 500 | J6: 500 | K6: 500 | L6: 500 | M6: 500 | N6: 500 | O6: 500
A7: Total Supply | B7: 30311.82 | C7: 31748.777 | D7: 34565.168 | E7: 35105.021 | F7: 35967.159 | G7: 35934.65 | H7: 37376.923 | I7: 39624.696 | J7: 41858.67 | K7: 43682.44 | L7: 45512.138 | M7: 48037.431 | N7: 51093.783
A8: Domestic Usage | B8: 26962.394 | C8: 28038.509 | D8: 31279.297 | E8: 31821.211 | F8: 32754.11 | G8: 32550.627 | H8: 34134.427 | I8: 36173.225 | J8: 38225.33 | K8: 40245.302 | L8: 42031.307 | M8: 44494.898 | N8: 47791.77
A9: Biomass-Based Diesel Production | B9: 12437.744 | C9: 13304.409 | D9: 17375.097 | E9: 17218.011 | F9: 18403.76 | G9: 18799.677 | H9: 20740.477 | I9: 23148.425 | J9: 25104.93 | K9: 27262.352 | L9: 29061.657 | M9: 31838.348 | N9: 35462.87
A10: Biodiesel Production | B10: 5293.9628 | C10: 1817.1353 | D10: 2211.2917 | E10: 1864.825 | F10: 1748.4307 | G10: 1601.7344 | H10: 1471.6861 | I10: 1468.4241 | J10: 1424.878 | K10: 1416.0548 | L10: 843.27777 | M10: 1047.5384 | N10: 1648.8508
A11: Renewable Diesel Production | B11: 6874.6325 | C11: 11201.811 | D11: 14842.854 | E11: 15041.985 | F11: 16338.496 | G11: 16874.755 | H11: 18930.263 | I11: 21328.309 | J11: 23322.624 | K11: 25479.883 | L11: 27842.272 | M11: 30404.308 | N11: 33418.158
A12: Co-Processing Use | B12: 269.14832 | C12: 285.46236 | D12: 320.95172 | E12: 311.20157 | F12: 316.83242 | G12: 323.18714 | H12: 338.52827 | I12: 351.69277 | J12: 357.42797 | K12: 366.41457 | L12: 376.1072 | M12: 386.502 | N12: 395.86085
A13: Non-Biodiesel Use | B13: 14524.65 | C13: 14734.1 | D13: 13904.2 | E13: 14603.2 | F13: 14350.35 | G13: 13750.95 | H13: 13393.95 | I13: 13024.8 | J13: 13120.4 | K13: 12982.95 | L13: 12969.65 | M13: 12656.55 | N13: 12328.9
A14: Exports | B14: 1245 | C14: 1265 | D14: 1245 | E14: 1265 | F14: 1225 | G14: 1195 | H14: 995 | I14: 1005 | J14: 995 | K14: 1005 | L14: 995 | M14: 935 | N14: 750
A15: Total Use | B15: 28207.394 | C15: 29303.509 | D15: 32524.297 | E15: 33086.211 | F15: 33979.11 | G15: 33745.627 | H15: 35129.427 | I15: 37178.225 | J15: 39220.33 | K15: 41250.302 | L15: 43026.307 | M15: 45429.898 | N15: 48541.77
A16: Ending Stocks (December 31) | B16: 2104.4268 | C16: 2445.2681 | D16: 2040.8706 | E16: 2018.8092 | F16: 1988.0496 | G16: 2189.023 | H16: 2247.4956 | I16: 2446.4702 | J16: 2638.34 | K16: 2432.1379 | L16: 2485.8313 | M16: 2607.5331 | N16: 2552.0133
A17: Median Price - California - Crude - ₵/lb. | B17: 82.9 | C17: 73.8 | D17: 69.4 | E17: 112.8 | F17: 113.1 | G17: 79.4 | H17: 79.5 | I17: 91.7 | J17: 98.2 | K17: 99.2 | L17: 92.7 | M17: 92 | N17: 114.4
A18: Median Price - Saskatchewan - Crude - ₵/lb. | B18: 86.47 | C18: 77.32 | D18: 73.01 | E18: 116.5 | F18: 116.83 | G18: 83.21 | H18: 83.38 | I18: 95.63 | J18: 102.22 | K18: 103.26 | L18: 96.83 | M18: 96.18 | N18: 118.62
A21: NORTH AMERICAN SOYBEAN OIL SUPPLY AND DEMAND (Million Pounds)
B22: 22/23 | C22: 23/24 | D22: 24/25 | E22: 25/26 | F22: 26/27 | G22: 27/28 | H22: 28/29 | I22: 29/30 | J22: 30/31 | K22: 31/32 | L22: 32/33 | M22: 33/34 | N22: 34/35 | O22: 35/36
A23: Beginning Stocks (October 1) | B23: 2368.3447 | C23: 2414.2441 | D23: 2383.1082 | E23: 2114.5434 | F23: 2135.523 | G23: 2485.1921 | H23: 2551.053 | I23: 2541.8705 | J23: 2684.5705 | K23: 2931.3634 | L23: 2714.3748 | M23: 2954.4814 | N23: 3005.2532 | O23: 2671.4297
A24: Production | B24: 30481.101 | C24: 31760.481 | D24: 34936.662 | E24: 35784.965 | F24: 36967.478 | G24: 37028.187 | H24: 37574.645 | I24: 40149.529 | J24: 42028.121 | K24: 43764.086 | L24: 45914.131 | M24: 47851.372 | N24: 51266.414 | O24: 53452.955
A25: Imports | B25: 55.046551 | C25: 86.126301 | D25: 120.59863 | E25: 154.98379 | F25: 159.36913 | G25: 160.04284 | H25: 178.68095 | I25: 188.24669 | J25: 202.77181 | K25: 213.51546 | L25: 220.09537 | M25: 235.0525 | N25: 251.71246 | O25: 259.48349
A26: Total Supply | B26: 32904.492 | C26: 34260.851 | D26: 37440.369 | E26: 38054.493 | F26: 39262.37 | G26: 39673.422 | H26: 40304.379 | I26: 42879.646 | J26: 44915.463 | K26: 46908.965 | L26: 48848.601 | M26: 51040.906 | N26: 54523.38 | O26: 56383.868
A27: Domestic Use | B27: 29407.56 | C27: 30791.768 | D27: 34235.157 | E27: 34846.02 | F27: 35708.304 | G27: 36041.195 | H27: 36893.091 | I27: 39326.048 | J27: 41116.924 | K27: 43327.152 | L27: 45023.404 | M27: 47166.192 | N27: 51191.672 | O27: 52951.517
A28: Biomass-Based Diesel Feedstock | B28: 11800.516 | C28: 12910.021 | D28: 16323.486 | E28: 17120.61 | F28: 18453.349 | G28: 18796.112 | H28: 20152.074 | I28: 22774.12 | J28: 24786.821 | K28: 26967.316 | L28: 28857.79 | M28: 30970.137 | N28: 35251.76 | O28: 36946.178
A29: Non-Biofuel Use | B29: 17607.044 | C29: 17881.747 | D29: 17911.671 | E29: 17725.41 | F29: 17254.955 | G29: 17245.083 | H29: 16741.017 | I29: 16551.928 | J29: 16330.103 | K29: 16359.835 | L29: 16165.614 | M29: 16196.055 | N29: 15939.912 | O29: 16005.339
A30: Food Use | B30: 17150.235 | C30: 17503.522 | D30: 17602.626 | E30: 17458.449 | F30: 17058.578 | G30: 17131.869 | H30: 16721.299 | I30: 16554.228 | J30: 16384.008 | K30: 16454.006 | L30: 16284.939 | M30: 16354.252 | N30: 16185.358 | O30: 16210.865
A31: Feed Use | B31: 764.36933 | C31: 762.17197 | D31: 758.20677 | E31: 746.03892 | F31: 728.93642 | G31: 717.4735 | H31: 694.13294 | I31: 685.55345 | J31: 670.54387 | K31: 655.17142 | L31: 659.58373 | M31: 658.21403 | N31: 640.33003 | O31: 701.78335
A32: Residual Use | B32: -307.56043 | C32: -383.94698 | D32: -449.16219 | E32: -479.07736 | F32: -532.55968 | G32: -604.25986 | H32: -674.41556 | I32: -687.85298 | J32: -724.44954 | K32: -749.3419 | L32: -778.90881 | M32: -816.41086 | N32: -885.77543 | O32: -907.30893
A33: Exports | B33: 1082.6881 | C33: 1085.9751 | D33: 1090.6687 | E33: 1072.9494 | F33: 1068.8739 | G33: 1081.1745 | H33: 869.41804 | I33: 869.02722 | J33: 867.17577 | K33: 867.43819 | L33: 870.71555 | M33: 869.46085 | N33: 660.27806 | O33: 659.78569
A34: Total Use | B34: 30490.248 | C34: 31877.743 | D34: 35325.825 | E34: 35918.97 | F34: 36777.178 | G34: 37122.369 | H34: 37762.509 | I34: 40195.075 | J34: 41984.1 | K34: 44194.59 | L34: 45894.12 | M34: 48035.653 | N34: 51851.95 | O34: 53611.303
A35: Ending Stocks (September 30) | B35: 2414.2441 | C35: 2383.1082 | D35: 2114.5434 | E35: 2135.523 | F35: 2485.1921 | G35: 2551.053 | H35: 2541.8705 | I35: 2684.5705 | J35: 2931.3634 | K35: 2714.3748 | L35: 2954.4814 | M35: 3005.2532 | N35: 2671.4297 | O35: 2772.5647
A36: Residual use is the difference in the intraregional trade balance (intraregional imports - intraregional exports)

Sheet CO
A2: US CANOLA OIL SUPPLY AND DEMAND (million pounds)
B3: 2023 | C3: 2024 | D3: 2025 | E3: 2026 | F3: 2027 | G3: 2028 | H3: 2029 | I3: 2030 | J3: 2031 | K3: 2032 | L3: 2033 | M3: 2034 | N3: 2035
A4: Beginning Stocks (January 1) | B4: 158.21929 | C4: 145.13983 | D4: 134.11853 | E4: 163.81919 | F4: 165.02618 | G4: 172.40237 | H4: 177.69181 | I4: 156.93608 | J4: 159.48565 | K4: 189.43839 | L4: 188.74219 | M4: 199.15984 | N4: 203.19074
A5: Production | B5: 1907.7243 | C5: 1960.2571 | D5: 2076.08 | E5: 2123.1145 | F5: 2121.132 | G5: 2180.4341 | H5: 2251.1241 | I5: 2330.0058 | J5: 2359.1182 | K5: 2359.6748 | L5: 2359.4196 | M5: 2350.2896 | N5: 2346.6663 | O5: 2350
A6: Imports | B6: 4373.1409 | C6: 4117.8943 | D6: 3970.3621 | E6: 4012.9422 | F6: 4251.3287 | G6: 4416.6708 | H6: 4550.8112 | I6: 4653.1853 | J6: 4789.4061 | K6: 4935.6768 | L6: 5100.9264 | M6: 5271.5282 | N6: 5411.6428 | O6: 5637
A7: Total Supply | B7: 6439.0845 | C7: 6223.2912 | D7: 6180.5607 | E7: 6299.8759 | F7: 6537.487 | G7: 6769.5073 | H7: 6979.6271 | I7: 7140.1271 | J7: 7308.01 | K7: 7484.79 | L7: 7649.0883 | M7: 7820.9777 | N7: 7961.4998
A8: Domestic Usage | B8: 6013.8578 | C8: 5826.9534 | D8: 5866.1568 | E8: 5997.6679 | F8: 6263.956 | G8: 6493.8403 | H8: 6722.4335 | I8: 6880.3057 | J8: 7018.4757 | K8: 7195.9826 | L8: 7349.9698 | M8: 7518.041 | N8: 7691.491
A9: Biomass-Based Diesel Production | B9: 1487.6258 | C9: 821.00655 | D9: 901.5224 | E9: 859.28938 | F9: 971.19663 | G9: 1009.6829 | H9: 1079.7873 | I9: 1079.1953 | J9: 1094.3877 | K9: 1103.6193 | L9: 1115.9587 | M9: 1129.0682 | N9: 1140.9206
A10: Biodiesel Production | B10: 1333.587 | C10: 595.0285 | D10: 485.62908 | E10: 414.7865 | F10: 338.11895 | G10: 307.55473 | H10: 270.0619 | I10: 232.44339 | J10: 215.0351 | K10: 197.42702 | L10: 183.08571 | M10: 167.6345 | N10: 155.00473
A11: Renewable Diesel Production | B11: 154.03885 | C11: 225.97805 | D11: 415.89332 | E11: 444.50288 | F11: 633.07768 | G11: 702.12822 | H11: 809.72537 | I11: 846.75192 | J11: 879.3526 | K11: 906.19223 | L11: 932.87303 | M11: 961.43369 | N11: 985.9159
A12: Co-Processing Use | B12: 0 | C12: 0 | D12: 0 | E12: 0 | F12: 0 | G12: 0 | H12: 0 | I12: 0 | J12: 0 | K12: 0 | L12: 0 | M12: 0 | N12: 0
A13: Non-Biodiesel Use | B13: 4526.232 | C13: 5005.9469 | D13: 4964.6344 | E13: 5138.3785 | F13: 5292.7594 | G13: 5484.1573 | H13: 5642.6463 | I13: 5801.1104 | J13: 5924.088 | K13: 6092.3634 | L13: 6234.0111 | M13: 6388.9728 | N13: 6550.5704
A14: Exports | B14: 280.08686 | C14: 262.21923 | D14: 150.58469 | E14: 137.18181 | F14: 101.12857 | G14: 97.975275 | H14: 100.25751 | I14: 100.33579 | J14: 100.09583 | K14: 100.06521 | L14: 99.958594 | M14: 99.745923 | N14: 100.14259
A15: Total Use | B15: 6293.9446 | C15: 6089.1727 | D15: 6016.7415 | E15: 6134.8497 | F15: 6365.0846 | G15: 6591.8155 | H15: 6822.691 | I15: 6980.6415 | J15: 7118.5716 | K15: 7296.0478 | L15: 7449.9284 | M15: 7617.7869 | N15: 7791.6336
A16: Ending Stocks (December 31) | B16: 145.13983 | C16: 134.11853 | D16: 163.81919 | E16: 165.02618 | F16: 172.40237 | G16: 177.69181 | H16: 156.93608 | I16: 159.48565 | J16: 189.43839 | K16: 188.74219 | L16: 199.15984 | M16: 203.19074 | N16: 169.86621
A17: Median Price -Los Angeles - RBD - ₵/lb. | B17: 92.9 | C17: 84.9 | D17: 78.5 | E17: 121.4 | F17: 121 | G17: 85 | H17: 85.7 | I17: 97.3 | J17: 104.9 | K17: 106 | L17: 96.1 | M17: 97.9 | N17: 122.8
A18: Median Price - Saskatchewan - RBD - ₵/lb. | B18: 83.119793 | C18: 77.80882 | D18: 75.620626 | E18: 104.75629 | F18: 101.55795 | G18: 79.116547 | H18: 81.626668 | I18: 89.944745 | J18: 95.27954 | K18: 100.497 | L18: 94.945818 | M18: 96.724199 | N18: 121.32514
A21: NORTH AMERICAN CANOLA OIL SUPPLY AND DEMAND NON-TRADE ADJUSTED (Million Pounds)
B22: 22/23 | C22: 23/24 | D22: 24/25 | E22: 25/26 | F22: 26/27 | G22: 27/28 | H22: 28/29 | I22: 29/30 | J22: 30/31 | K22: 31/32 | L22: 32/33 | M22: 33/34 | N22: 34/35 | O22: 35/36
A23: Beginning Stocks (October 1) | B23: 471.13397 | C23: 443.68255 | D23: 410.23048 | E23: 421.55693 | F23: 412.8933 | G23: 422.37327 | H23: 425.23166 | I23: 408.79115 | J23: 411.33369 | K23: 433.25869 | L23: 442.85921 | M23: 444.60813 | N23: 472.25051 | O23: 435.56642
A24: Production | B24: 13807.197 | C24: 14904.604 | D24: 18198.615 | E24: 18567.454 | F24: 19415.15 | G24: 19504.339 | H24: 19941.051 | I24: 20277.501 | J24: 20618.811 | K24: 20915.381 | L24: 21170.462 | M24: 21203.249 | N24: 21276.695 | O24: 21287.908
A25: Imports | B25: 4776.3132 | C25: 4586.2244 | D25: 4382.6226 | E25: 4420.9216 | F25: 4633.9821 | G25: 4861.1552 | H25: 4987.573 | I25: 5090.6635 | J25: 5217.7298 | K25: 5369.9536 | L25: 5533.067 | M25: 5735.2107 | N25: 5848.3404 | O25: 6111.6555
A26: Total Supply | B26: 19054.644 | C26: 19934.51 | D26: 22991.468 | E26: 23409.933 | F26: 24462.025 | G26: 24787.868 | H26: 25353.856 | I26: 25776.955 | J26: 26247.875 | K26: 26718.594 | L26: 27146.388 | M26: 27383.068 | N26: 27597.286 | O26: 27835.13
A27: Domestic Use | B27: 10846.434 | C27: 10891.439 | D27: 11651.99 | E27: 12276.206 | F27: 12890.259 | G27: 13583.348 | H27: 14106.779 | I27: 14399.081 | J27: 14763.268 | K27: 15042.524 | L27: 15307.217 | M27: 15619.849 | N27: 15940.282 | O27: 16679.9
A28: Biomass-Based Diesel Feedstock | B28: 2221.4709 | C28: 2442.7074 | D28: 2776.244 | E28: 3123.3025 | F28: 3516.0676 | G28: 4031.3833 | H28: 4246.4339 | I28: 4332.1034 | J28: 4486.2692 | K28: 4537.8886 | L28: 4598.1602 | M28: 4699.0845 | N28: 4761.2409 | O28: 4186.6759
A29: Non-Biofuel Use | B29: 8624.9632 | C29: 8448.7313 | D29: 8875.7463 | E29: 9152.9033 | F29: 9374.191 | G29: 9551.9646 | H29: 9860.3449 | I29: 10066.977 | J29: 10276.999 | K29: 10504.635 | L29: 10709.056 | M29: 10920.764 | N29: 11179.041 | O29: 12493.224
A30: Food Use | B30: 7688.7362 | C30: 7995.2983 | D30: 8105.0093 | E30: 8316.1274 | F30: 8575.6873 | G30: 8806.2225 | H30: 9016.7247 | I30: 9169.7498 | J30: 9406.8736 | K30: 9610.6577 | L30: 9817.4353 | M30: 10016.745 | N30: 10243.05 | O30: 10503.128
A31: Feed Use | B31: 936.22706 | C31: 453.433 | D31: 770.73706 | E31: 836.77589 | F31: 798.50371 | G31: 745.74208 | H31: 843.62017 | I31: 897.22731 | J31: 870.12519 | K31: 893.97739 | L31: 891.62114 | M31: 904.01885 | N31: 935.9915 | O31: 1990.0954
A32: Exports | B32: 7764.5277 | C32: 8632.8412 | D32: 10917.921 | E32: 10720.834 | F32: 11149.393 | G32: 10779.288 | H32: 10838.286 | I32: 10966.541 | J32: 11051.348 | K32: 11233.211 | L32: 11394.563 | M32: 11290.969 | N32: 11221.438 | O32: 10729.759
A33: Total Use | B33: 18610.962 | C33: 19524.28 | D33: 22569.911 | E33: 22997.039 | F33: 24039.652 | G33: 24362.636 | H33: 24945.065 | I33: 25365.622 | J33: 25814.616 | K33: 26275.735 | L33: 26701.78 | M33: 26910.818 | N33: 27161.72 | O33: 27409.658
A34: Ending Stocks (September 30) | B34: 443.68255 | C34: 410.23048 | D34: 421.55693 | E34: 412.8933 | F34: 422.37327 | G34: 425.23166 | H34: 408.79115 | I34: 411.33369 | J34: 433.25869 | K34: 442.85921 | L34: 444.60813 | M34: 472.25051 | N34: 435.56642 | O34: 425.47116

Sheet UCO
A2: US USED COOKING OIL SUPPLY AND DEMAND (million pounds)
B3: 2023 | C3: 2024 | D3: 2025 | E3: 2026 | F3: 2027 | G3: 2028 | H3: 2029 | I3: 2030 | J3: 2031 | K3: 2032 | L3: 2033 | M3: 2034 | N3: 2035
A4: Beginning Stocks (January 1) | B4: 73.348122 | C4: 77.155834 | D4: 91.217599 | E4: 97.832215 | F4: 82.006896 | G4: 70.610572 | H4: 70.929202 | I4: 80.516143 | J4: 105.93045 | K4: 96.972637 | L4: 93.752799 | M4: 96.911335 | N4: 110.46478
A5: Production | B5: 2367.6786 | C5: 2535.2103 | D5: 2732.1892 | E5: 2936.8014 | F5: 3156.9886 | G5: 3381.9083 | H5: 3654.6016 | I5: 3918.233 | J5: 4215.4758 | K5: 4526.8971 | L5: 4870.6083 | M5: 5234.7854 | N5: 5627.4049 | O5: 6173
A6: Imports | B6: 677.44155 | C6: 717.18421 | D6: 1165.9063 | E6: 1391.6828 | F6: 1385.5689 | G6: 1499.7863 | H6: 1499.5722 | I6: 1499.6632 | J6: 1500.5632 | K6: 1499.9654 | L6: 1499.9101 | M6: 1499.9348 | N6: 1500.0073 | O6: 2000
A7: Total Supply | B7: 3118.4683 | C7: 3329.5504 | D7: 3989.3131 | E7: 4426.3164 | F7: 4624.5644 | G7: 4952.3052 | H7: 5225.103 | I7: 5498.4123 | J7: 5821.9695 | K7: 6123.8351 | L7: 6464.2712 | M7: 6831.6316 | N7: 7237.877
A8: Domestic Usage | B8: 2480.2484 | C8: 2685.6787 | D8: 3338.0496 | E8: 3768.2244 | F8: 4017.6555 | G8: 4343.8756 | H8: 4588.6803 | I8: 4841.2881 | J8: 5173.1525 | K8: 5478.6854 | L8: 5820.8112 | M8: 6171.5984 | N8: 6583.0051
A9: Biomass-Based Diesel Production | B9: 2289.4142 | C9: 2382.6847 | D9: 3329.1346 | E9: 3457.375 | F9: 3827.5334 | G9: 4117.4536 | H9: 4361.7871 | I9: 4713.3693 | J9: 4846.0944 | K9: 5280.0721 | L9: 5624.3976 | M9: 5952.8105 | N9: 6340.258
A10: Biodiesel Production | B10: 711.50736 | C10: 198.89012 | D10: 225.89235 | E10: 221.73989 | F10: 201.91158 | G10: 184.46838 | H10: 162.8295 | I10: 149.73883 | J10: 131.7384 | K10: 111.29705 | L10: 96.984893 | M10: 79.092655 | N10: 41.409554
A11: Renewable Diesel Production | B11: 1577.9068 | C11: 2183.7946 | D11: 3103.2422 | E11: 3235.6351 | F11: 3625.6219 | G11: 3932.9852 | H11: 4198.9576 | I11: 4563.6305 | J11: 4714.356 | K11: 5168.775 | L11: 5527.4127 | M11: 5873.7178 | N11: 6298.8485
A12: Co-Processing Use | B12: 0 | C12: 0 | D12: 0 | E12: 0 | F12: 0 | G12: 0 | H12: 0 | I12: 0 | J12: 0 | K12: 0 | L12: 0 | M12: 0 | N12: 0
A13: Non-Biodiesel Use | B13: 190.83418 | C13: 302.99404 | D13: 8.9150316 | E13: 310.84942 | F13: 190.12207 | G13: 226.42204 | H13: 226.89325 | I13: 127.91878 | J13: 327.05814 | K13: 198.61336 | L13: 196.4136 | M13: 218.7879 | N13: 242.74707
A14: Exports | B14: 561.06403 | C14: 552.65403 | D14: 553.43127 | E14: 576.08512 | F14: 536.29834 | G14: 537.50038 | H14: 555.90656 | I14: 551.19383 | J14: 551.84433 | K14: 551.39685 | L14: 546.54869 | M14: 549.56839 | N14: 551.37805
A15: Total Use | B15: 3041.3124 | C15: 3238.3328 | D15: 3891.4809 | E15: 4344.3095 | F15: 4553.9539 | G15: 4881.376 | H15: 5144.5869 | I15: 5392.4819 | J15: 5724.9968 | K15: 6030.0823 | L15: 6367.3599 | M15: 6721.1668 | N15: 7134.3831
A16: Ending Stocks (December 31) | B16: 77.155834 | C16: 91.217599 | D16: 97.832215 | E16: 82.006896 | F16: 70.610572 | G16: 70.929202 | H16: 80.516143 | I16: 105.93045 | J16: 96.972637 | K16: 93.752799 | L16: 96.911335 | M16: 110.46478 | N16: 103.49386
A17: Median Price - California - ₵/lb. | B17: 75.25 | C17: 69.55 | D17: 65.35 | E17: 101.35 | F17: 102.75 | G17: 69.75 | H17: 70.45 | I17: 81.35 | J17: 87.25 | K17: 92.55 | L17: 88.85 | M17: 82.35 | N17: 102.85

Sheet DCO
A2: US DISTILLERS' CORN OIL SUPPLY AND DEMAND (million pounds)
B3: 2023 | C3: 2024 | D3: 2025 | E3: 2026 | F3: 2027 | G3: 2028 | H3: 2029 | I3: 2030 | J3: 2031 | K3: 2032 | L3: 2033 | M3: 2034 | N3: 2035
A4: Beginning Stocks (January 1) | B4: 105.49721 | C4: 101.44768 | D4: 95.692022 | E4: 96.305847 | F4: 114.2881 | G4: 84.304184 | H4: 97.457454 | I4: 101.16153 | J4: 108.48054 | K4: 96.019161 | L4: 98.647693 | M4: 90.344334 | N4: 108.06753
A5: Production | B5: 3865.5401 | C5: 3932.8992 | D5: 3924.6061 | E5: 4108.8563 | F5: 4241.9125 | G5: 4384.0355 | H5: 4467.8162 | I5: 4682.4335 | J5: 5031.5546 | K5: 5084.149 | L5: 5136.9008 | M5: 5256.3372 | N5: 5564.507
A6: Imports | B6: 0 | C6: 0 | D6: 0 | E6: 0 | F6: 0 | G6: 0 | H6: 0 | I6: 0 | J6: 0 | K6: 0 | L6: 0 | M6: 0 | N6: 0
A7: Total Supply | B7: 3971.0373 | C7: 4034.3469 | D7: 4020.2981 | E7: 4205.1621 | F7: 4356.2006 | G7: 4468.3397 | H7: 4565.2737 | I7: 4783.595 | J7: 5140.0351 | K7: 5180.1681 | L7: 5235.5485 | M7: 5346.6815 | N7: 5672.5745
A8: Domestic Usage | B8: 3770.142 | C8: 3845.043 | D8: 3851.4827 | E8: 4040.434 | F8: 4222.9475 | G8: 4321.367 | H8: 4414.0128 | I8: 4624.9668 | J8: 4993.6198 | K8: 5031.6902 | L8: 5095.3827 | M8: 5188.6162 | N8: 5522.1199
A9: Biomass-Based Diesel Production | B9: 2987.6052 | C9: 3263.3734 | D9: 3704.9678 | E9: 3759.0125 | F9: 3800.7716 | G9: 4058.7034 | H9: 4126.3498 | I9: 4300.9222 | J9: 4705.8532 | K9: 4734.1298 | L9: 4810.5069 | M9: 4924.9687 | N9: 5230.5409
A10: Biodiesel Production | B10: 616.88219 | C10: 269.10622 | D10: 329.70429 | E10: 262.56756 | F10: 227.43474 | G10: 217.38876 | H10: 206.42691 | I10: 200.0115 | J10: 193.47459 | K10: 190.64068 | L10: 164.32764 | M10: 113.98554 | N10: 163.25076
A11: Renewable Diesel Production | B11: 2370.723 | C11: 2994.2671 | D11: 3375.2636 | E11: 3496.445 | F11: 3573.3368 | G11: 3841.3146 | H11: 3919.9229 | I11: 4100.9107 | J11: 4512.3786 | K11: 4543.4891 | L11: 4646.1792 | M11: 4810.9832 | N11: 5067.2901
A12: Co-Processing Use | B12: 0 | C12: 0 | D12: 0 | E12: 0 | F12: 0 | G12: 0 | H12: 0 | I12: 0 | J12: 0 | K12: 0 | L12: 0 | M12: 0 | N12: 0
A13: Non-Biodiesel Use | B13: 782.53677 | C13: 581.66966 | D13: 146.51487 | E13: 281.42149 | F13: 422.17591 | G13: 262.66358 | H13: 287.66297 | I13: 324.0446 | J13: 287.76667 | K13: 297.56036 | L13: 284.87586 | M13: 263.64751 | N13: 291.579
A14: Exports | B14: 99.447604 | C14: 93.611859 | D14: 72.50956 | E14: 50.439997 | F14: 48.948916 | G14: 49.515225 | H14: 50.099332 | I14: 50.147748 | J14: 50.396086 | K14: 49.830243 | L14: 49.821461 | M14: 49.997727 | N14: 50.058974
A15: Total Use | B15: 3869.5896 | C15: 3938.6549 | D15: 3923.9923 | E15: 4090.874 | F15: 4271.8964 | G15: 4370.8822 | H15: 4464.1121 | I15: 4675.1145 | J15: 5044.0159 | K15: 5081.5204 | L15: 5145.2042 | M15: 5238.614 | N15: 5572.1788
... A17: Median Price - California - ₵/lb. | B17: 81.4 | C17: 72.3 | D17: 66 | E17: 110.8 | F17: 110.7 | G17: 77 | H17: 76.7 | I17: 89.1 | J17: 93.3 | K17: 95.2 | L17: 88.6 | M17: 89 | N17: 110.6

Sheet Tallow
A2: US INEDIBLE TALLOW SUPPLY AND DEMAND (million pounds)
B3: 2023 | C3: 2024 | D3: 2025 | E3: 2026 | F3: 2027 | G3: 2028 | H3: 2029 | I3: 2030 | J3: 2031 | K3: 2032 | L3: 2033 | M3: 2034 | N3: 2035
A4: Beginning Stocks (January 1) | B4: 99.238551 | C4: 94.611061 | D4: 129.13027 | E4: 94.183479 | F4: 98.390085 | G4: 96.56412 | H4: 86.015517 | I4: 87.852419 | J4: 96.734289 | K4: 97.501732 | L4: 88.314193 | M4: 106.41955 | N4: 100.56274
A5: Production | B5: 3731.5965 | C5: 3764.8684 | D5: 3698.1579 | E5: 3671.8538 | F5: 3686.7805 | G5: 3697.8392 | H5: 3671.2845 | I5: 3656.8306 | J5: 3656.3928 | K5: 3720.9662 | L5: 3699.9334 | M5: 3675.983 | N5: 3653.2394
A6: Imports | B6: 927.83977 | C6: 915.7878 | D6: 949.82274 | E6: 1027.4509 | F6: 1023.0496 | G6: 1050.5291 | H6: 1052.7213 | I6: 1078.9271 | J6: 1091.5458 | K6: 1114.0608 | L6: 1137.7298 | M6: 1149.807 | N6: 1157.1742
A7: Total Supply | B7: 4758.6748 | C7: 4775.2672 | D7: 4777.1109 | E7: 4793.4882 | F7: 4808.2202 | G7: 4844.9324 | H7: 4810.0214 | I7: 4823.6101 | J7: 4844.6729 | K7: 4932.5288 | L7: 4925.9773 | M7: 4932.2095 | N7: 4910.9763
A8: Domestic Usage | B8: 4321.7429 | C8: 4327.891 | D8: 4390.5231 | E8: 4427.7458 | F8: 4471.5214 | G8: 4538.0984 | H8: 4529.8343 | I8: 4559.0728 | J8: 4604.4667 | K8: 4726.4465 | L8: 4719.6198 | M8: 4731.3783 | N8: 4709.5336
A9: Biomass-Based Diesel Production | B9: 1687.8347 | C9: 1868.2909 | D9: 2634.2891 | E9: 2888.6303 | F9: 3130.632 | G9: 3136.9562 | H9: 3318.7231 | I9: 3529.4854 | J9: 3540.4713 | K9: 3668.6697 | L9: 3672.8804 | M9: 3694.5989 | N9: 3802.4802
A10: Biodiesel Production | B10: 571.91096 | C10: 192.9913 | D10: 261.50434 | E10: 243.26542 | F10: 238.04291 | G10: 226.25639 | H10: 208.52342 | I10: 196.2911 | J10: 181.30323 | K10: 172.00394 | L10: 159.04501 | M10: 135.98156 | N10: 139.77373
A11: Renewable Diesel Production | B11: 857.26611 | C11: 1400.9637 | D11: 2064.3429 | E11: 2346.293 | F11: 2588.106 | G11: 2600.1096 | H11: 2784.8663 | I11: 2995.2096 | J11: 3015.6716 | K11: 3144.533 | L11: 3152.3878 | M11: 3187.1801 | N11: 3282.2751
A12: Co-Processing Use | B12: 258.65767 | C12: 274.33584 | D12: 308.44193 | E12: 299.07181 | F12: 304.48318 | G12: 310.59021 | H12: 325.33339 | I12: 337.98478 | J12: 343.49644 | K12: 352.13276 | L12: 361.4476 | M12: 371.43724 | N12: 380.43131
A13: Non-Biodiesel Use | B13: 2633.9082 | C13: 2459.6001 | D13: 1756.234 | E13: 1539.1156 | F13: 1340.8893 | G13: 1401.1422 | H13: 1211.1111 | I13: 1029.5874 | J13: 1063.9955 | K13: 1057.7768 | L13: 1046.7394 | M13: 1036.7794 | N13: 907.05341
A14: Exports | B14: 342.32084 | C14: 318.24597 | D14: 292.40427 | E14: 267.35226 | F14: 240.13477 | G14: 220.81845 | H14: 192.33468 | I14: 167.803 | J14: 142.70439 | K14: 117.76814 | L14: 99.938023 | M14: 100.26848 | N14: 99.889949
A15: Total Use | B15: 4664.0638 | C15: 4646.137 | D15: 4682.9274 | E15: 4695.0981 | F15: 4711.6561 | G15: 4758.9169 | H15: 4722.1689 | I15: 4726.8758 | J15: 4747.1711 | K15: 4844.2146 | L15: 4819.5578 | M15: 4831.6468 | N15: 4809.4235
... A17: Median Price - California - ₵/lb. | B17: 80.2 | C17: 74.8 | D17: 70.3 | E17: 112 | F17: 111.4 | G17: 79.1 | H17: 79.7 | I17: 92.4 | J17: 96.5 | K17: 100.7 | L17: 93.3 | M17: 89.7 | N17: 119.1

Sheet Credit Values
A2: U.S. BIOMASS-BASED DIESEL CREDIT VALUES
B3: 2023 | C3: 2024 | D3: 2025 | E3: 2026 | F3: 2027 | G3: 2028 | H3: 2029 | I3: 2030 | J3: 2031 | K3: 2032 | L3: 2033 | M3: 2034 | N3: 2035
A4: D4 RIN | B4: 167.5 | C4: 141.25 | D4: 130 | E4: 151.25 | F4: 140 | G4: 128.75 | H4: 131.25 | I4: 150 | J4: 156.25 | K4: 165 | L4: 153.75 | M4: 153.75 | N4: 168.75
A5: LCFS | B5: 55 | C5: 75 | D5: 100 | E5: 100 | F5: 125 | G5: 147.5 | H5: 117.5 | I5: 125 | J5: 127.5 | K5: 110 | L5: 120 | M5: 140 | N5: 170
A6: BTC/IRA | B6: 100 | C6: 44.034448 | D6: 43.984006 | E6: 45.404081 | F6: 45.682116 | G6: 47.920032 | H6: 47.82277 | I6: 47.451221 | J6: 48.556263 | K6: 49.31569 | L6: 49.591478 | M6: 49.652415 | N6: 48.671546
A7: Median prices - RIN and BTC in cents per gallon, LCFS in dollar per tonne

Sheet HRD
A2: U.S. RENEWABLE DIESEL SUPPLY AND DEMAND (million gallons)
B3: 2023 | C3: 2024 | D3: 2025 | E3: 2026 | F3: 2027 | G3: 2028 | H3: 2029 | I3: 2030 | J3: 2031 | K3: 2032 | L3: 2033 | M3: 2034 | N3: 2035
A4: Beginning Stocks | B4: 100 | C4: 100 | D4: 100 | E4: 100 | F4: 100 | G4: 100 | H4: 100 | I4: 100 | J4: 100 | K4: 100 | L4: 100 | M4: 100 | N4: 100
A5: Production | B5: 1649.1044 | C5: 2520.2625 | D5: 3349.9105 | E5: 3378.6186 | F5: 3559.8313 | G5: 3644.6144 | H5: 3869.3167 | I5: 4046.2294 | J5: 4125.295 | K5: 4241.6685 | L5: 4366.273 | M5: 4499.6617 | N5: 4621.4402
A6: Imports | B6: 865 | C6: 885 | D6: 1225 | E6: 1500 | F6: 1500 | G6: 1500 | H6: 1500 | I6: 1500 | J6: 1500 | K6: 1500 | L6: 1500 | M6: 1500 | N6: 1500
A7: Total Supply | B7: 2614.1044 | C7: 3505.2625 | D7: 4674.9105 | E7: 4978.6186 | F7: 5159.8313 | G7: 5244.6144 | H7: 5469.3167 | I7: 5646.2294 | J7: 5725.295 | K7: 5841.6685 | L7: 5966.273 | M7: 6099.6617 | N7: 6221.4402
A8: Domestic Consumption | B8: 2264.1044 | C8: 3155.2625 | D8: 4324.9105 | E8: 4628.6186 | F8: 4809.8313 | G8: 4894.6144 | H8: 5119.3167 | I8: 5296.2294 | J8: 5375.295 | K8: 5491.6685 | L8: 5616.273 | M8: 5749.6617 | N8: 5871.4402
A9: Exports | B9: 250 | C9: 250 | D9: 250 | E9: 250 | F9: 250 | G9: 250 | H9: 250 | I9: 250 | J9: 250 | K9: 250 | L9: 250 | M9: 250 | N9: 250
A10: Total Demand | B10: 2514.1044 | C10: 3405.2625 | D10: 4574.9105 | E10: 4878.6186 | F10: 5059.8313 | G10: 5144.6144 | H10: 5369.3167 | I10: 5546.2294 | J10: 5625.295 | K10: 5741.6685 | L10: 5866.273 | M10: 5999.6617 | N10: 6121.4402
A11: Ending Stocks | B11: 100 | C11: 100 | D11: 100 | E11: 100 | F11: 100 | G11: 100 | H11: 100 | I11: 100 | J11: 100 | K11: 100 | L11: 100 | M11: 100 | N11: 100
A12: Median Price - California - $/gal. | B12: 3.97225 | C12: 3.8113 | D12: 3.64645 | E12: 3.6601523 | F12: 3.7572844 | G12: 3.8636736 | H12: 3.973578 | I12: 4.0861396 | J12: 4.1966466 | K12: 4.2954155 | L12: 4.376198 | M12: 4.4481602 | N12: 4.5215775

Sheet Jet Fuel
A3: U.S. Aviation Fuel Supply and Demand
A4: million gallons | B4: 2018 | C4: 2019 | D4: 2020 | E4: 2021 | F4: 2022 | G4: 2023 | H4: 2024 | I4: 2025 | J4: 2026 | K4: 2027 | L4: 2028 | M4: 2029 | N4: 2030 | O4: 2031 | P4: 2032 | Q4: 2033 | R4: 2034 | S4: 2035 | T4: 2036 | U4: 2037 | V4: 2038 | W4: 2039 | X4: 2040 | Y4: 2041 | Z4: 2042 | AA4: 2043 | AB4: 2044 | AC4: 2045 | AD4: 2046 | AE4: 2047 | AF4: 2048 | AG4: 2049 | AH4: 2050
A5: Beginning Stocks | B5: 1734.768 | C5: =B12 -> 1746.57 | D5: =C12 -> 1699.614 | E5: =D12 -> 1622.334 | F5: =E12 -> 1503.516 | G5: =F12 -> 1471.638 | H5: =G12 -> 1670.004 | I5: =H12 -> 1655 | J5: =I12 -> 1630 | ... AH5: =AG12 -> 2190
A6: Production | B6: =B33/1000 -> 313927.74 | C6: =C33/1000 -> 320504.31 | D6: =D33/1000 -> 198186.24 | E6: =E33/1000 -> 251687.94 | F6: =F33/1000 -> 286762.98 | G6: =G33/1000 -> 303963.24 | H6: =MROUND(FORECAST(H17,B6:G6,B17:G17),100) -> 316300 | I6: =MROUND(FORECAST(I17,C6:H6,C17:H17),100) -> 318500 | J6: =MROUND(FORECAST(J17,D6:I6,D17:I17),100) -> 320100 | K6: =MROUND(FORECAST(K17,E6:J6,E17:J17),100) -> 329000 | L6: =MROUND(FORECAST(L17,F6:K6,F17:K17),100) -> 336300 | M6: =MROUND(FORECAST(M17,G6:L6,G17:L17),100) -> 342000 | N6: =MROUND(FORECAST(N17,H6:M6,H17:M17),100) -> 346900 | O6: =MROUND(FORECAST(O17,I6:N6,I17:N17),100) -> 354400 | ... AH6: =MROUND(FORECAST(AH17,AB6:AG6,AB17:AG17),100) -> 520600
A7: Imports | B7: =B49/1000 -> 2198.9639 | C7: =C49/1000 -> 2916.9993 | D7: =D49/1000 -> 2528.5456 | E7: =E49/1000 -> 2340.1209 | F7: =F49/1000 -> 1522.7357 | G7: =G49/1000 -> 1574.4799 | H7: 1550 | I7: 1550 | J7: 1550 | K7: 1550 | L7: 1550 | M7: 1550 | N7: 1550 | O7: 1550 | P7: 1550 | Q7: 1550 | R7: 1550 | S7: 1551 | T7: 1552 | U7: 1553 | V7: 1554 | W7: 1555 | X7: 1556 | Y7: 1557 | Z7: 1558 | AA7: 1559 | AB7: 1560 | AC7: 1561 | AD7: 1562 | AE7: 1563 | AF7: 1564 | AG7: 1565 | AH7: 1566
A8: Total Supply | B8: =SUM(B5:B7) -> 317861.47 | C8: =SUM(C5:C7) -> 325167.88 | D8: =SUM(D5:D7) -> 202414.4 | E8: =SUM(E5:E7) -> 255650.39 | F8: =SUM(F5:F7) -> 289789.23 | G8: =SUM(G5:G7) -> 307009.36 | H8: =SUM(H5:H7) -> 319520 | I8: =SUM(I5:I7) -> 321705 | ... AH8: =SUM(AH5:AH7) -> 524356
A9: Domestic Use | B9: =B11-B10 -> 312796.28 | C9: =C11-C10 -> 320379.54 | D9: =D11-D10 -> 199306.9 | E9: =E11-E10 -> 252509.23 | F9: =F11-F10 -> 285624.94 | G9: =G11-G10 -> 302634.95 | H9: =H11-H10 -> 315115 | I9: =I11-I10 -> 317225 | ... AH9: =AH11-AH10 -> 518365
A10: Exports | B10: =B65/1000 -> 3318.6223 | C10: =C65/1000 -> 3088.7302 | D10: =D65/1000 -> 1485.1655 | E10: =E65/1000 -> 1637.6529 | F10: =F65/1000 -> 2692.6487 | G10: =G65/1000 -> 2704.4025 | H10: 2750 | I10: 2850 | J10: 2950 | K10: 2100 | L10: 2300 | M10: 2500 | N10: 2750 | O10: 3000 | P10: 3250 | Q10: 3500 | R10: 3750 | S10: 3751 | T10: 3752 | U10: 3753 | V10: 3754 | W10: 3755 | X10: 3756 | Y10: 3757 | Z10: 3758 | AA10: 3759 | AB10: 3760 | AC10: 3761 | AD10: 3762 | AE10: 3763 | AF10: 3764 | AG10: 3765 | AH10: 3766
A11: Total Demand | B11: =B8-B12 -> 316114.9 | C11: =C8-C12 -> 323468.27 | D11: =D8-D12 -> 200792.07 | E11: =E8-E12 -> 254146.88 | F11: =F8-F12 -> 288317.59 | G11: =G8-G12 -> 305339.35 | H11: =H8-H12 -> 317865 | I11: =I8-I12 -> 320075 | ... AH11: =AH8-AH12 -> 522131
A12: Ending Stocks | B12: =B96/1000 -> 1746.57 | C12: =C96/1000 -> 1699.614 | D12: =D96/1000 -> 1622.334 | E12: =E96/1000 -> 1503.516 | F12: =F96/1000 -> 1471.638 | G12: =G96/1000 -> 1670.004 | H12: =MROUND(FORECAST(H6,B12:G12,B6:G6),5) -> 1655 | I12: =MROUND(FORECAST(I6,C12:H12,C6:H6),5) -> 1630 | J12: =MROUND(FORECAST(J6,D12:I12,D6:I6),5) -> 1610 | K12: =MROUND(FORECAST(K6,E12:J12,E6:J6),5) -> 1660 | L12: =MROUND(FORECAST(L6,F12:K12,F6:K6),5) -> 1705 | M12: =MROUND(FORECAST(M6,G12:L12,G6:L6),5) -> 1680 | N12: =MROUND(FORECAST(N6,H12:M12,H6:M6),5) -> 1705 | O12: =MROUND(FORECAST(O6,I12:N12,I6:N6),5) -> 1735 | ... AH12: =MROUND(FORECAST(AH6,AB12:AG12,AB6:AG6),5) -> 2225
A14: Days of Coverage | B14: =B12/(C11/365) -> 1.970821 | C14: =C12/(D11/365) -> 3.0895599 | D14: =D12/(E11/365) -> 2.3299594 | E14: =E12/(F11/365) -> 1.9033987 | F14: =F12/(G11/365) -> 1.7591832 | G14: =G12/(H11/365) -> 1.9176426 | H14: =H12/(I11/365) -> 1.887292 | I14: =I12/(J11/365) -> 1.8495663 | ... Q14: =Q12/(R11/365) -> 1.7148886
A15: Average Price ($/gal)
A17: Passenger Miles | B17: =[4]Assumptions!BC$20 -> 722415.33 | C17: =[4]Assumptions!BD$20 -> 754450.06 | D17: =[4]Assumptions!BE$20 -> 306058.03 | E17: =[4]Assumptions!BF$20 -> 573403.84 | F17: =[4]Assumptions!BG$20 -> 708959.96 | G17: =[4]Assumptions!BH$20 -> 773411.56 | H17: =[4]Assumptions!BI$20 -> 785786.14 | I17: =[4]Assumptions!BJ$20 -> 807002.37 | ... AH17: =[4]Assumptions!CI$20 -> 1570854.3
A19: Jet Fuel Domestic Production
A20: thousand gallons | B20: =B4 -> 2018 | C20: =C4 -> 2019 | D20: =D4 -> 2020 | E20: =E4 -> 2021 | F20: =F4 -> 2022 | G20: =G4 -> 2023 | H20: =H4 -> 2024 | I20: =I4 -> 2025 | ... AH20: =AH4 -> 2050
A21: January | B21: ='[4]US Jet Fuel'!$B639 -> 24037440 | C21: ='[4]US Jet Fuel'!$B651 -> 24849930 | D21: ='[4]US Jet Fuel'!$B663 -> 25647090 | E21: ='[4]US Jet Fuel'!$B675 -> 17338230 | F21: ='[4]US Jet Fuel'!$B687 -> 21737940 | G21: ='[4]US Jet Fuel'!$B699 -> 23424240 | H21: ='[4]US Jet Fuel'!$B711 -> 23546880 | I21: =I$33*(SUM(D21:H21)/SUM(D$33:H$33)) -> 26217591 | J21: =J$33*(SUM(E21:I21)/SUM(E$33:I$33)) -> 24326864 | K21: =K$33*(SUM(F21:J21)/SUM(F$33:J$33)) -> 25384149 | L21: =L$33*(SUM(G21:K21)/SUM(G$33:K$33)) -> 26029432 | M21: =M$33*(SUM(H21:L21)/SUM(H$33:L$33)) -> 26492212 | N21: =N$33*(SUM(I21:M21)/SUM(I$33:M$33)) -> 27072964 | O21: =O$33*(SUM(J21:N21)/SUM(J$33:N$33)) -> 27370192 | P21: =P$33*(SUM(K21:O21)/SUM(K$33:O$33)) -> 28040688 | ... AH21: =AH$33*(SUM(AC21:AG21)/SUM(AC$33:AG$33)) -> 40351830
A22: February | B22: ='[4]US Jet Fuel'!$B640 -> 24374700 | C22: ='[4]US Jet Fuel'!$B652 -> 24635310 | D22: ='[4]US Jet Fuel'!$B664 -> 24819270 | E22: ='[4]US Jet Fuel'!$B676 -> 16663710 | F22: ='[4]US Jet Fuel'!$B688 -> 21737940 | G22: ='[4]US Jet Fuel'!$B700 -> 23240280 | H22: =H$33*(SUM(C22:G22)/SUM(C$33:G$33)) -> 25817137 | I22: =I$33*(SUM(D22:H22)/SUM(D$33:H$33)) -> 26354661 | J22: =J$33*(SUM(E22:I22)/SUM(E$33:I$33)) -> 24662486 | K22: =K$33*(SUM(F22:J22)/SUM(F$33:J$33)) -> 25928852 | L22: =L$33*(SUM(G22:K22)/SUM(G$33:K$33)) -> 26686775 | M22: =M$33*(SUM(H22:L22)/SUM(H$33:L$33)) -> 27324941 | N22: =N$33*(SUM(I22:M22)/SUM(I$33:M$33)) -> 27601453 | O22: =O$33*(SUM(J22:N22)/SUM(J$33:N$33)) -> 27983801 | ... AH22: =AH$33*(SUM(AC22:AG22)/SUM(AC$33:AG$33)) -> 41309920
A23: March | B23: ='[4]US Jet Fuel'!$B641 -> 26152980 | C23: ='[4]US Jet Fuel'!$B653 -> 26229630 | D23: ='[4]US Jet Fuel'!$B665 -> 21278040 | E23: ='[4]US Jet Fuel'!$B677 -> 17629500 | F23: ='[4]US Jet Fuel'!$B689 -> 23301600 | G23: ='[4]US Jet Fuel'!$B701 -> 24727290 | H23: =H$33*(SUM(C23:G23)/SUM(C$33:G$33)) -> 26298068 | I23: =I$33*(SUM(D23:H23)/SUM(D$33:H$33)) -> 26579097 | J23: =J$33*(SUM(E23:I23)/SUM(E$33:I$33)) -> 25685667 | K23: =K$33*(SUM(F23:J23)/SUM(F$33:J$33)) -> 26946151 | L23: =L$33*(SUM(G23:K23)/SUM(G$33:K$33)) -> 27583269 | M23: =M$33*(SUM(H23:L23)/SUM(H$33:L$33)) -> 28093785 | N23: =N$33*(SUM(I23:M23)/SUM(I$33:M$33)) -> 28429817 | O23: =O$33*(SUM(J23:N23)/SUM(J$33:N$33)) -> 28943553 | ... AH23: =AH$33*(SUM(AC23:AG23)/SUM(AC$33:AG$33)) -> 42637811
A24: April | B24: ='[4]US Jet Fuel'!$B642 -> 24987900 | C24: ='[4]US Jet Fuel'!$B654 -> 26919480 | D24: ='[4]US Jet Fuel'!$B666 -> 10393740 | E24: ='[4]US Jet Fuel'!$B678 -> 19806360 | F24: ='[4]US Jet Fuel'!$B690 -> 23715510 | G24: ='[4]US Jet Fuel'!$B702 -> 24619980 | H24: =H$33*(SUM(C24:G24)/SUM(C$33:G$33)) -> 24506152 | I24: =I$33*(SUM(D24:H24)/SUM(D$33:H$33)) -> 24186591 | J24: =J$33*(SUM(E24:I24)/SUM(E$33:I$33)) -> 25317083 | K24: =K$33*(SUM(F24:J24)/SUM(F$33:J$33)) -> 26042266 | L24: =L$33*(SUM(G24:K24)/SUM(G$33:K$33)) -> 26404804 | M24: =M$33*(SUM(H24:L24)/SUM(H$33:L$33)) -> 26693160 | N24: =N$33*(SUM(I24:M24)/SUM(I$33:M$33)) -> 27113780 | O24: =O$33*(SUM(J24:N24)/SUM(J$33:N$33)) -> 27849725 | ... AH24: =AH$33*(SUM(AC24:AG24)/SUM(AC$33:AG$33)) -> 40811231
A25: May | B25: ='[4]US Jet Fuel'!$B643 -> 25831050 | C25: ='[4]US Jet Fuel'!$B655 -> 27180090 | D25: ='[4]US Jet Fuel'!$B667 -> 9152010 | E25: ='[4]US Jet Fuel'!$B679 -> 19806360 | F25: ='[4]US Jet Fuel'!$B691 -> 24390030 | G25: ='[4]US Jet Fuel'!$B703 -> 25601100 | H25: =H$33*(SUM(C25:G25)/SUM(C$33:G$33)) -> 24662900 | I25: =I$33*(SUM(D25:H25)/SUM(D$33:H$33)) -> 24320539 | J25: =J$33*(SUM(E25:I25)/SUM(E$33:I$33)) -> 25738838 | K25: =K$33*(SUM(F25:J25)/SUM(F$33:J$33)) -> 26546335 | L25: =L$33*(SUM(G25:K25)/SUM(G$33:K$33)) -> 26870251 | M25: =M$33*(SUM(H25:L25)/SUM(H$33:L$33)) -> 27048198 | N25: =N$33*(SUM(I25:M25)/SUM(I$33:M$33)) -> 27510074 | O25: =O$33*(SUM(J25:N25)/SUM(J$33:N$33)) -> 28303251 | ... AH25: =AH$33*(SUM(AC25:AG25)/SUM(AC$33:AG$33)) -> 41449094
A26: June | B26: ='[4]US Jet Fuel'!$B644 -> 28467810 | C26: ='[4]US Jet Fuel'!$B656 -> 27624660 | D26: ='[4]US Jet Fuel'!$B668 -> 12018720 | E26: ='[4]US Jet Fuel'!$B680 -> 21860580 | F26: ='[4]US Jet Fuel'!$B692 -> 25846380 | G26: ='[4]US Jet Fuel'!$B704 -> 26904150 | H26: =H$33*(SUM(C26:G26)/SUM(C$33:G$33)) -> 26551003 | I26: =I$33*(SUM(D26:H26)/SUM(D$33:H$33)) -> 26566501 | J26: =J$33*(SUM(E26:I26)/SUM(E$33:I$33)) -> 27677726 | K26: =K$33*(SUM(F26:J26)/SUM(F$33:J$33)) -> 28426378 | L26: =L$33*(SUM(G26:K26)/SUM(G$33:K$33)) -> 28830627 | M26: =M$33*(SUM(H26:L26)/SUM(H$33:L$33)) -> 29140763 | N26: =N$33*(SUM(I26:M26)/SUM(I$33:M$33)) -> 29642571 | O26: =O$33*(SUM(J26:N26)/SUM(J$33:N$33)) -> 30420882 | ... AH26: =AH$33*(SUM(AC26:AG26)/SUM(AC$33:AG$33)) -> 44579666
A27: July | B27: ='[4]US Jet Fuel'!$B645 -> 27180090 | C27: ='[4]US Jet Fuel'!$B657 -> 28314510 | D27: ='[4]US Jet Fuel'!$B669 -> 14839440 | E27: ='[4]US Jet Fuel'!$B681 -> 23010330 | F27: ='[4]US Jet Fuel'!$B693 -> 24573990 | G27: ='[4]US Jet Fuel'!$B705 -> 26873490 | H27: =H$33*(SUM(C27:G27)/SUM(C$33:G$33)) -> 27331181 | I27: =I$33*(SUM(D27:H27)/SUM(D$33:H$33)) -> 27375742 | J27: =J$33*(SUM(E27:I27)/SUM(E$33:I$33)) -> 27988922 | K27: =K$33*(SUM(F27:J27)/SUM(F$33:J$33)) -> 28553575 | L27: =L$33*(SUM(G27:K27)/SUM(G$33:K$33)) -> 29253612 | M27: =M$33*(SUM(H27:L27)/SUM(H$33:L$33)) -> 29658090 | N27: =N$33*(SUM(I27:M27)/SUM(I$33:M$33)) -> 30103716 | O27: =O$33*(SUM(J27:N27)/SUM(J$33:N$33)) -> 30810323 | ... AH27: =AH$33*(SUM(AC27:AG27)/SUM(AC$33:AG$33)) -> 45213305
A28: August | B28: ='[4]US Jet Fuel'!$B646 -> 28483140 | C28: ='[4]US Jet Fuel'!$B658 -> 28222530 | D28: ='[4]US Jet Fuel'!$B670 -> 15575280 | E28: ='[4]US Jet Fuel'!$B682 -> 23960790 | F28: ='[4]US Jet Fuel'!$B694 -> 25355820 | G28: ='[4]US Jet Fuel'!$B706 -> 26183640 | H28: =H$33*(SUM(C28:G28)/SUM(C$33:G$33)) -> 27723052 | I28: =I$33*(SUM(D28:H28)/SUM(D$33:H$33)) -> 27885133 | J28: =J$33*(SUM(E28:I28)/SUM(E$33:I$33)) -> 28410105 | K28: =K$33*(SUM(F28:J28)/SUM(F$33:J$33)) -> 28854648 | L28: =L$33*(SUM(G28:K28)/SUM(G$33:K$33)) -> 29451357 | M28: =M$33*(SUM(H28:L28)/SUM(H$33:L$33)) -> 30042531 | N28: =N$33*(SUM(I28:M28)/SUM(I$33:M$33)) -> 30486011 | O28: =O$33*(SUM(J28:N28)/SUM(J$33:N$33)) -> 31167356 | ... AH28: =AH$33*(SUM(AC28:AG28)/SUM(AC$33:AG$33)) -> 45731074
A29: September | B29: ='[4]US Jet Fuel'!$B647 -> 26122320 | C29: ='[4]US Jet Fuel'!$B659 -> 26091660 | D29: ='[4]US Jet Fuel'!$B671 -> 14118930 | E29: ='[4]US Jet Fuel'!$B683 -> 22765050 | F29: ='[4]US Jet Fuel'!$B695 -> 23516220 | G29: ='[4]US Jet Fuel'!$B707 -> 25923030 | H29: =H$33*(SUM(C29:G29)/SUM(C$33:G$33)) -> 26123508 | I29: =I$33*(SUM(D29:H29)/SUM(D$33:H$33)) -> 26394189 | J29: =J$33*(SUM(E29:I29)/SUM(E$33:I$33)) -> 27026218 | K29: =K$33*(SUM(F29:J29)/SUM(F$33:J$33)) -> 27455190 | L29: =L$33*(SUM(G29:K29)/SUM(G$33:K$33)) -> 28152118 | M29: =M$33*(SUM(H29:L29)/SUM(H$33:L$33)) -> 28528403 | N29: =N$33*(SUM(I29:M29)/SUM(I$33:M$33)) -> 28992173 | O29: =O$33*(SUM(J29:N29)/SUM(J$33:N$33)) -> 29666496 | ... AH29: =AH$33*(SUM(AC29:AG29)/SUM(AC$33:AG$33)) -> 43521414
A30: October | B30: ='[4]US Jet Fuel'!$B648 -> 25677750 | C30: ='[4]US Jet Fuel'!$B660 -> 26474910 | D30: ='[4]US Jet Fuel'!$B672 -> 15421980 | E30: ='[4]US Jet Fuel'!$B684 -> 22489110 | F30: ='[4]US Jet Fuel'!$B696 -> 23884140 | G30: ='[4]US Jet Fuel'!$B708 -> 26015010 | H30: =H$33*(SUM(C30:G30)/SUM(C$33:G$33)) -> 26558128 | I30: =I$33*(SUM(D30:H30)/SUM(D$33:H$33)) -> 26845246 | J30: =J$33*(SUM(E30:I30)/SUM(E$33:I$33)) -> 27257999 | K30: =K$33*(SUM(F30:J30)/SUM(F$33:J$33)) -> 27790944 | L30: =L$33*(SUM(G30:K30)/SUM(G$33:K$33)) -> 28479381 | M30: =M$33*(SUM(H30:L30)/SUM(H$33:L$33)) -> 28904235 | N30: =N$33*(SUM(I30:M30)/SUM(I$33:M$33)) -> 29355046 | O30: =O$33*(SUM(J30:N30)/SUM(J$33:N$33)) -> 30012260 | ... AH30: =AH$33*(SUM(AC30:AG30)/SUM(AC$33:AG$33)) -> 44053218
A31: November | B31: ='[4]US Jet Fuel'!$B649 -> 26919480 | C31: ='[4]US Jet Fuel'!$B661 -> 26229630 | D31: ='[4]US Jet Fuel'!$B673 -> 17322900 | E31: ='[4]US Jet Fuel'!$B685 -> 23102310 | F31: ='[4]US Jet Fuel'!$B697 -> 24282720 | G31: ='[4]US Jet Fuel'!$B709 -> 24880590 | H31: =H$33*(SUM(C31:G31)/SUM(C$33:G$33)) -> 26914374 | I31: =I$33*(SUM(D31:H31)/SUM(D$33:H$33)) -> 27346275 | J31: =J$33*(SUM(E31:I31)/SUM(E$33:I$33)) -> 27417188 | K31: =K$33*(SUM(F31:J31)/SUM(F$33:J$33)) -> 27850677 | L31: =L$33*(SUM(G31:K31)/SUM(G$33:K$33)) -> 28467050 | M31: =M$33*(SUM(H31:L31)/SUM(H$33:L$33)) -> 29128801 | N31: =N$33*(SUM(I31:M31)/SUM(I$33:M$33)) -> 29551520 | O31: =O$33*(SUM(J31:N31)/SUM(J$33:N$33)) -> 30145111 | ... AH31: =AH$33*(SUM(AC31:AG31)/SUM(AC$33:AG$33)) -> 44269331
A32: December | B32: ='[4]US Jet Fuel'!$B650 -> 25693080 | C32: ='[4]US Jet Fuel'!$B662 -> 27731970 | D32: ='[4]US Jet Fuel'!$B674 -> 17598840 | E32: ='[4]US Jet Fuel'!$B686 -> 23255610 | F32: ='[4]US Jet Fuel'!$B698 -> 24420690 | G32: ='[4]US Jet Fuel'!$B710 -> 25570440 | H32: =H33-SUM(H21:H31) -> 30267618 | I32: =I33-SUM(I21:I31) -> 28428434 | J32: =J33-SUM(J21:J31) -> 28590904 | K32: =K33-SUM(K21:K31) -> 29220836 | L32: =L33-SUM(L21:L31) -> 30091325 | M32: =M33-SUM(M21:M31) -> 30944882 | N32: =N33-SUM(N21:N31) -> 31040875 | O32: =O33-SUM(O21:O31) -> 31727049 | ... AH32: =AH33-SUM(AH21:AH31) -> 46672105
A33: Total | B33: =SUM(B21:B32) -> 313927740 | C33: =SUM(C21:C32) -> 320504310 | D33: =SUM(D21:D32) -> 198186240 | E33: =SUM(E21:E32) -> 251687940 | F33: =SUM(F21:F32) -> 286762980 | G33: =SUM(G21:G32) -> 303963240 | H33: =H6*1000 -> 316300000 | I33: =I6*1000 -> 318500000 | J33: =J6*1000 -> 320100000 | K33: =K6*1000 -> 329000000 | L33: =L6*1000 -> 336300000 | M33: =M6*1000 -> 342000000 | N33: =N6*1000 -> 346900000 | O33: =O6*1000 -> 354400000 | ... AH33: =AH6*1000 -> 520600000
A35: Jet Fuel Imports
A36: thousand gallons | B36: =B20 -> 2018 | C36: =C20 -> 2019 | D36: =D20 -> 2020 | E36: =E20 -> 2021 | F36: =F20 -> 2022 | G36: =G20 -> 2023 | H36: =H20 -> 2024 | I36: =I20 -> 2025 | ... AH36: =AH20 -> 2050
A37: January | B37: ='[3]US Jet Fuel Imports'!LX$290 -> 154517.96 | C37: ='[3]US Jet Fuel Imports'!MJ$290 -> 230120.73 | D37: ='[3]US Jet Fuel Imports'!MV$290 -> 180702.48 | E37: ='[3]US Jet Fuel Imports'!NH$290 -> 178320.62 | F37: ='[3]US Jet Fuel Imports'!NT$290 -> 182539.9 | G37: ='[3]US Jet Fuel Imports'!OF$290 -> 112710.74 | H37: ='[3]US Jet Fuel Imports'!OR$290 -> 92163.96 | I37: =I$49*(SUM(D37:H37)/SUM(D$49:H$49)) -> 121583.94 | J37: =J$49*(SUM(E37:I37)/SUM(E$49:I$49)) -> 124786.54 | K37: =K$49*(SUM(F37:J37)/SUM(F$49:J$49)) -> 126802.57 | L37: =L$49*(SUM(G37:K37)/SUM(G$49:K$49)) -> 115245.53 | M37: =M$49*(SUM(H37:L37)/SUM(H$49:L$49)) -> 116116.51 | N37: =N$49*(SUM(I37:M37)/SUM(I$49:M$49)) -> 120907.02 | O37: =O$49*(SUM(J37:N37)/SUM(J$49:N$49)) -> 120771.63 | P37: =P$49*(SUM(K37:O37)/SUM(K$49:O$49)) -> 119968.65 | ... AH37: =AH$49*(SUM(AC37:AG37)/SUM(AC$49:AG$49)) -> 120776.85
A38: February | B38: ='[3]US Jet Fuel Imports'!LY$290 -> 149843.9 | C38: ='[3]US Jet Fuel Imports'!MK$290 -> 245219.81 | D38: ='[3]US Jet Fuel Imports'!MW$290 -> 192061.09 | E38: ='[3]US Jet Fuel Imports'!NI$290 -> 100219.98 | F38: ='[3]US Jet Fuel Imports'!NU$290 -> 91587.384 | G38: ='[3]US Jet Fuel Imports'!OG$290 -> 195534.53 | H38: =H$49*(SUM(C38:G38)/SUM(C$49:G$49)) -> 117447.33 | I38: =I$49*(SUM(D38:H38)/SUM(D$49:H$49)) -> 113506.87 | J38: =J$49*(SUM(E38:I38)/SUM(E$49:I$49)) -> 112255.03 | K38: =K$49*(SUM(F38:J38)/SUM(F$49:J$49)) -> 126111.54 | L38: =L$49*(SUM(G38:K38)/SUM(G$49:K$49)) -> 132552.37 | M38: =M$49*(SUM(H38:L38)/SUM(H$49:L$49)) -> 120374.63 | N38: =N$49*(SUM(I38:M38)/SUM(I$49:M$49)) -> 120960.09 | O38: =O$49*(SUM(J38:N38)/SUM(J$49:N$49)) -> 122450.73 | ... AH38: =AH$49*(SUM(AC38:AG38)/SUM(AC$49:AG$49)) -> 124502.53
A39: March | B39: ='[3]US Jet Fuel Imports'!LZ$290 -> 79076.802 | C39: ='[3]US Jet Fuel Imports'!ML$290 -> 267120.8 | D39: ='[3]US Jet Fuel Imports'!MX$290 -> 209128.37 | E39: ='[3]US Jet Fuel Imports'!NJ$290 -> 140321.45 | F39: ='[3]US Jet Fuel Imports'!NV$290 -> 127923.94 | G39: ='[3]US Jet Fuel Imports'!OH$290 -> 151597.19 | H39: =H$49*(SUM(C39:G39)/SUM(C$49:G$49)) -> 127626.33 | I39: =I$49*(SUM(D39:H39)/SUM(D$49:H$49)) -> 123238.79 | J39: =J$49*(SUM(E39:I39)/SUM(E$49:I$49)) -> 121770.64 | K39: =K$49*(SUM(F39:J39)/SUM(F$49:J$49)) -> 130478.26 | L39: =L$49*(SUM(G39:K39)/SUM(G$49:K$49)) -> 130529.94 | M39: =M$49*(SUM(H39:L39)/SUM(H$49:L$49)) -> 126728.79 | N39: =N$49*(SUM(I39:M39)/SUM(I$49:M$49)) -> 126549.29 | O39: =O$49*(SUM(J39:N39)/SUM(J$49:N$49)) -> 127211.38 | ... AH39: =AH$49*(SUM(AC39:AG39)/SUM(AC$49:AG$49)) -> 128916.36
A40: April | B40: ='[3]US Jet Fuel Imports'!MA$290 -> 138008.68 | C40: ='[3]US Jet Fuel Imports'!MM$290 -> 290244.44 | D40: ='[3]US Jet Fuel Imports'!MY$290 -> 219768.7 | E40: ='[3]US Jet Fuel Imports'!NK$290 -> 147267.46 | F40: ='[3]US Jet Fuel Imports'!NW$290 -> 134336.37 | G40: ='[3]US Jet Fuel Imports'!OI$290 -> 154759.58 | H40: =H$49*(SUM(C40:G40)/SUM(C$49:G$49)) -> 134788.17 | I40: =I$49*(SUM(D40:H40)/SUM(D$49:H$49)) -> 128829.51 | J40: =J$49*(SUM(E40:I40)/SUM(E$49:I$49)) -> 127085.39 | K40: =K$49*(SUM(F40:J40)/SUM(F$49:J$49)) -> 136008.67 | L40: =L$49*(SUM(G40:K40)/SUM(G$49:K$49)) -> 135865.11 | M40: =M$49*(SUM(H40:L40)/SUM(H$49:L$49)) -> 132515.37 | N40: =N$49*(SUM(I40:M40)/SUM(I$49:M$49)) -> 132060.81 | O40: =O$49*(SUM(J40:N40)/SUM(J$49:N$49)) -> 132707.07 | ... AH40: =AH$49*(SUM(AC40:AG40)/SUM(AC$49:AG$49)) -> 134512.47
A41: May | B41: ='[3]US Jet Fuel Imports'!MB$290 -> 211833.38 | C41: ='[3]US Jet Fuel Imports'!MN$290 -> 251117.03 | D41: ='[3]US Jet Fuel Imports'!MZ$290 -> 188809.24 | E41: ='[3]US Jet Fuel Imports'!NL$290 -> 269837.23 | F41: ='[3]US Jet Fuel Imports'!NX$290 -> 157410.29 | G41: ='[3]US Jet Fuel Imports'!OJ$290 -> 164564.36 | H41: =H$49*(SUM(C41:G41)/SUM(C$49:G$49)) -> 146945.84 | I41: =I$49*(SUM(D41:H41)/SUM(D$49:H$49)) -> 151087.29 | J41: =J$49*(SUM(E41:I41)/SUM(E$49:I$49)) -> 161556.21 | K41: =K$49*(SUM(F41:J41)/SUM(F$49:J$49)) -> 156368.98 | L41: =L$49*(SUM(G41:K41)/SUM(G$49:K$49)) -> 155613 | M41: =M$49*(SUM(H41:L41)/SUM(H$49:L$49)) -> 154314.26 | N41: =N$49*(SUM(I41:M41)/SUM(I$49:M$49)) -> 155787.95 | O41: =O$49*(SUM(J41:N41)/SUM(J$49:N$49)) -> 156728.08 | ... AH41: =AH$49*(SUM(AC41:AG41)/SUM(AC$49:AG$49)) -> 157430.97
A42: June | B42: ='[3]US Jet Fuel Imports'!MC$290 -> 213121.73 | C42: ='[3]US Jet Fuel Imports'!MO$290 -> 249527.17 | D42: ='[3]US Jet Fuel Imports'!NA$290 -> 230542.66 | E42: ='[3]US Jet Fuel Imports'!NM$290 -> 204490.27 | F42: ='[3]US Jet Fuel Imports'!NY$290 -> 134932.35 | G42: ='[3]US Jet Fuel Imports'!OK$290 -> 143126.42 | H42: =H$49*(SUM(C42:G42)/SUM(C$49:G$49)) -> 137101.49 | I42: =I$49*(SUM(D42:H42)/SUM(D$49:H$49)) -> 138484.22 | J42: =J$49*(SUM(E42:I42)/SUM(E$49:I$49)) -> 137643.5 | K42: =K$49*(SUM(F42:J42)/SUM(F$49:J$49)) -> 138307.29 | L42: =L$49*(SUM(G42:K42)/SUM(G$49:K$49)) -> 138495.12 | M42: =M$49*(SUM(H42:L42)/SUM(H$49:L$49)) -> 138006.32 | N42: =N$49*(SUM(I42:M42)/SUM(I$49:M$49)) -> 138187.29 | O42: =O$49*(SUM(J42:N42)/SUM(J$49:N$49)) -> 138127.9 | ... AH42: =AH$49*(SUM(AC42:AG42)/SUM(AC$49:AG$49)) -> 139606.78
A43: July | B43: ='[3]US Jet Fuel Imports'!MD$290 -> 210491.32 | C43: ='[3]US Jet Fuel Imports'!MP$290 -> 287361.02 | D43: ='[3]US Jet Fuel Imports'!NB$290 -> 234577.52 | E43: ='[3]US Jet Fuel Imports'!NN$290 -> 215764.96 | F43: ='[3]US Jet Fuel Imports'!NZ$290 -> 131608.3 | G43: ='[3]US Jet Fuel Imports'!OL$290 -> 108863.87 | H43: =H$49*(SUM(C43:G43)/SUM(C$49:G$49)) -> 139317.18 | I43: =I$49*(SUM(D43:H43)/SUM(D$49:H$49)) -> 135216.51 | J43: =J$49*(SUM(E43:I43)/SUM(E$49:I$49)) -> 132675.43 | K43: =K$49*(SUM(F43:J43)/SUM(F$49:J$49)) -> 129582.82 | L43: =L$49*(SUM(G43:K43)/SUM(G$49:K$49)) -> 128724.56 | M43: =M$49*(SUM(H43:L43)/SUM(H$49:L$49)) -> 133103.3 | N43: =N$49*(SUM(I43:M43)/SUM(I$49:M$49)) -> 131860.52 | O43: =O$49*(SUM(J43:N43)/SUM(J$49:N$49)) -> 131189.32 | ... AH43: =AH$49*(SUM(AC43:AG43)/SUM(AC$49:AG$49)) -> 132670.14
A44: August | B44: ='[3]US Jet Fuel Imports'!ME$290 -> 265239.16 | C44: ='[3]US Jet Fuel Imports'!MQ$290 -> 234922.8 | D44: ='[3]US Jet Fuel Imports'!NC$290 -> 259910.15 | E44: ='[3]US Jet Fuel Imports'!NO$290 -> 232722.71 | F44: ='[3]US Jet Fuel Imports'!OA$290 -> 80648.358 | G44: ='[3]US Jet Fuel Imports'!OM$290 -> 78787.506 | H44: =H$49*(SUM(C44:G44)/SUM(C$49:G$49)) -> 126330.23 | I44: =I$49*(SUM(D44:H44)/SUM(D$49:H$49)) -> 126789.97 | J44: =J$49*(SUM(E44:I44)/SUM(E$49:I$49)) -> 117153.88 | K44: =K$49*(SUM(F44:J44)/SUM(F$49:J$49)) -> 105980.07 | L44: =L$49*(SUM(G44:K44)/SUM(G$49:K$49)) -> 110658.79 | M44: =M$49*(SUM(H44:L44)/SUM(H$49:L$49)) -> 117382.59 | N44: =N$49*(SUM(I44:M44)/SUM(I$49:M$49)) -> 115593.06 | O44: =O$49*(SUM(J44:N44)/SUM(J$49:N$49)) -> 113353.68 | ... AH44: =AH$49*(SUM(AC44:AG44)/SUM(AC$49:AG$49)) -> 115079.76
A45: September | B45: ='[3]US Jet Fuel Imports'!MF$290 -> 286745.09 | C45: ='[3]US Jet Fuel Imports'!MR$290 -> 211672.52 | D45: ='[3]US Jet Fuel Imports'!ND$290 -> 276535.06 | E45: ='[3]US Jet Fuel Imports'!NP$290 -> 264203.81 | F45: ='[3]US Jet Fuel Imports'!OB$290 -> 77822.346 | G45: ='[3]US Jet Fuel Imports'!ON$290 -> 125478.82 | H45: =H$49*(SUM(C45:G45)/SUM(C$49:G$49)) -> 136117.86 | I45: =I$49*(SUM(D45:H45)/SUM(D$49:H$49)) -> 143365.03 | J45: =J$49*(SUM(E45:I45)/SUM(E$49:I$49)) -> 135619.72 | K45: =K$49*(SUM(F45:J45)/SUM(F$49:J$49)) -> 123725.21 | L45: =L$49*(SUM(G45:K45)/SUM(G$49:K$49)) -> 132442.98 | M45: =M$49*(SUM(H45:L45)/SUM(H$49:L$49)) -> 134254.16 | N45: =N$49*(SUM(I45:M45)/SUM(I$49:M$49)) -> 133881.42 | O45: =O$49*(SUM(J45:N45)/SUM(J$49:N$49)) -> 131984.7 | ... AH45: =AH$49*(SUM(AC45:AG45)/SUM(AC$49:AG$49)) -> 133820.89
A46: October | B46: ='[3]US Jet Fuel Imports'!MG$290 -> 200529.67 | C46: ='[3]US Jet Fuel Imports'!MS$290 -> 239374.17 | D46: ='[3]US Jet Fuel Imports'!NE$290 -> 207273.19 | E46: ='[3]US Jet Fuel Imports'!NQ$290 -> 244590.32 | F46: ='[3]US Jet Fuel Imports'!OC$290 -> 139892.68 | G46: ='[3]US Jet Fuel Imports'!OO$290 -> 143330.25 | H46: =H$49*(SUM(C46:G46)/SUM(C$49:G$49)) -> 138788.06 | I46: =I$49*(SUM(D46:H46)/SUM(D$49:H$49)) -> 142341.56 | J46: =J$49*(SUM(E46:I46)/SUM(E$49:I$49)) -> 146867.99 | K46: =K$49*(SUM(F46:J46)/SUM(F$49:J$49)) -> 142295.23 | L46: =L$49*(SUM(G46:K46)/SUM(G$49:K$49)) -> 142275.21 | M46: =M$49*(SUM(H46:L46)/SUM(H$49:L$49)) -> 142513.61 | N46: =N$49*(SUM(I46:M46)/SUM(I$49:M$49)) -> 143258.72 | O46: =O$49*(SUM(J46:N46)/SUM(J$49:N$49)) -> 143442.15 | ... AH46: =AH$49*(SUM(AC46:AG46)/SUM(AC$49:AG$49)) -> 144451.39
A47: November | B47: ='[3]US Jet Fuel Imports'!MH$290 -> 141044.53 | C47: ='[3]US Jet Fuel Imports'!MT$290 -> 201038.92 | D47: ='[3]US Jet Fuel Imports'!NF$290 -> 160316.56 | E47: ='[3]US Jet Fuel Imports'!NR$290 -> 161113.55 | F47: ='[3]US Jet Fuel Imports'!OD$290 -> 153298.36 | G47: ='[3]US Jet Fuel Imports'!OP$290 -> 76997.886 | H47: =H$49*(SUM(C47:G47)/SUM(C$49:G$49)) -> 107212.99 | I47: =I$49*(SUM(D47:H47)/SUM(D$49:H$49)) -> 107331.72 | J47: =J$49*(SUM(E47:I47)/SUM(E$49:I$49)) -> 110014.35 | K47: =K$49*(SUM(F47:J47)/SUM(F$49:J$49)) -> 111010.94 | L47: =L$49*(SUM(G47:K47)/SUM(G$49:K$49)) -> 102190.79 | M47: =M$49*(SUM(H47:L47)/SUM(H$49:L$49)) -> 107552.16 | N47: =N$49*(SUM(I47:M47)/SUM(I$49:M$49)) -> 107619.99 | O47: =O$49*(SUM(J47:N47)/SUM(J$49:N$49)) -> 107677.65 | ... AH47: =AH$49*(SUM(AC47:AG47)/SUM(AC$49:AG$49)) -> 108233.54
A48: December | B48: ='[3]US Jet Fuel Imports'!MI$290 -> 148511.66 | C48: ='[3]US Jet Fuel Imports'!MU$290 -> 209279.91 | D48: ='[3]US Jet Fuel Imports'!NG$290 -> 168920.56 | E48: ='[3]US Jet Fuel Imports'!NS$290 -> 181268.51 | F48: ='[3]US Jet Fuel Imports'!OE$290 -> 110735.39 | G48: ='[3]US Jet Fuel Imports'!OQ$290 -> 118728.71 | H48: =H49-SUM(H37:H47) -> 146160.58 | I48: =I49-SUM(I37:I47) -> 118224.6 | J48: =J49-SUM(J37:J47) -> 122571.32 | K48: =K49-SUM(K37:K47) -> 123328.43 | L48: =L49-SUM(L37:L47) -> 125406.61 | M48: =M49-SUM(M37:M47) -> 127138.31 | N48: =N49-SUM(N37:N47) -> 123333.85 | O48: =O49-SUM(O37:O47) -> 124355.7 | ... AH48: =AH49-SUM(AH37:AH47) -> 125998.32
A49: Total | B49: =SUM(B37:B48) -> 2198963.9 | C49: =SUM(C37:C48) -> 2916999.3 | D49: =SUM(D37:D48) -> 2528545.6 | E49: =SUM(E37:E48) -> 2340120.9 | F49: =SUM(F37:F48) -> 1522735.7 | G49: =SUM(G37:G48) -> 1574479.9 | H49: =H7*1000 -> 1550000 | I49: =I7*1000 -> 1550000 | J49: =J7*1000 -> 1550000 | K49: =K7*1000 -> 1550000 | L49: =L7*1000 -> 1550000 | M49: =M7*1000 -> 1550000 | N49: =N7*1000 -> 1550000 | O49: =O7*1000 -> 1550000 | ... AH49: =AH7*1000 -> 1566000
A51: Jet Fuel Exports
A52: thousand gallons | B52: =B4 -> 2018 | C52: =C4 -> 2019 | D52: =D4 -> 2020 | E52: =E4 -> 2021 | F52: =F4 -> 2022 | G52: =G4 -> 2023 | H52: =H4 -> 2024 | I52: =I4 -> 2025 | ... AH52: =AH4 -> 2050
A53: January | B53: ='[3]US Jet Fuel Exports'!LX$290 -> 264080.33 | C53: ='[3]US Jet Fuel Exports'!MJ$290 -> 332906.7 | D53: ='[3]US Jet Fuel Exports'!MV$290 -> 296538.77 | E53: ='[3]US Jet Fuel Exports'!NH$290 -> 130913.33 | F53: ='[3]US Jet Fuel Exports'!NT$290 -> 185240.62 | G53: ='[3]US Jet Fuel Exports'!OF$290 -> 264859.39 | H53: ='[3]US Jet Fuel Exports'!OR$290 -> 288153.89 | I53: =I$65*(SUM(D53:H53)/SUM(D$65:H$65)) -> 294791.53 | J53: =J$65*(SUM(E53:I53)/SUM(E$65:I$65)) -> 271765.63 | K53: =K$65*(SUM(F53:J53)/SUM(F$65:J$65)) -> 196464.7 | L53: =L$65*(SUM(G53:K53)/SUM(G$65:K$65)) -> 226657.9 | M53: =M$65*(SUM(H53:L53)/SUM(H$65:L$65)) -> 246686.04 | N53: =N$65*(SUM(I53:M53)/SUM(I$65:M$65)) -> 267717.01 | O53: =O$65*(SUM(J53:N53)/SUM(J$65:N$65)) -> 287926.5 | P53: =P$65*(SUM(K53:O53)/SUM(K$65:O$65)) -> 314839.48 | ... AH53: =AH$65*(SUM(AC53:AG53)/SUM(AC$65:AG$65)) -> 365468.21 | AI53: =SUM(B53:G53)/SUM($B$65:$G$65) -> 0.098781886
A54: February | B54: ='[3]US Jet Fuel Exports'!LY$290 -> 197163.88 | C54: ='[3]US Jet Fuel Exports'!MK$290 -> 239637.8 | D54: ='[3]US Jet Fuel Exports'!MW$290 -> 300905.35 | E54: ='[3]US Jet Fuel Exports'!NI$290 -> 96140.352 | F54: ='[3]US Jet Fuel Exports'!NU$290 -> 181746.73 | G54: ='[3]US Jet Fuel Exports'!OG$290 -> 211133.08 | H54: =H$65*(SUM(C54:G54)/SUM(C$65:G$65)) -> 243896.69 | I54: =I$65*(SUM(D54:H54)/SUM(D$65:H$65)) -> 261439.87 | J54: =J$65*(SUM(E54:I54)/SUM(E$65:I$65)) -> 232166.29 | K54: =K$65*(SUM(F54:J54)/SUM(F$65:J$65)) -> 170201.11 | L54: =L$65*(SUM(G54:K54)/SUM(G$65:K$65)) -> 192694.89 | M54: =M$65*(SUM(H54:L54)/SUM(H$65:L$65)) -> 212432.21 | N54: =N$65*(SUM(I54:M54)/SUM(I$65:M$65)) -> 231462.17 | O54: =O$65*(SUM(J54:N54)/SUM(J$65:N$65)) -> 247370.63 | ... AH54: =AH$65*(SUM(AC54:AG54)/SUM(AC$65:AG$65)) -> 314410.18 | AI54: =SUM(B54:G54)/SUM($B$65:$G$65) -> 0.08218054
A55: March | B55: ='[3]US Jet Fuel Exports'!LZ$290 -> 312952.84 | C55: ='[3]US Jet Fuel Exports'!ML$290 -> 228186.04 | D55: ='[3]US Jet Fuel Exports'!MX$290 -> 285273.49 | E55: ='[3]US Jet Fuel Exports'!NJ$290 -> 89578.65 | F55: ='[3]US Jet Fuel Exports'!NV$290 -> 235036.2 | G55: ='[3]US Jet Fuel Exports'!OH$290 -> 266650.86 | H55: =H$65*(SUM(C55:G55)/SUM(C$65:G$65)) -> 261702.06 | I55: =I$65*(SUM(D55:H55)/SUM(D$65:H$65)) -> 287846.06 | J55: =J$65*(SUM(E55:I55)/SUM(E$65:I$65)) -> 266361.66 | K55: =K$65*(SUM(F55:J55)/SUM(F$65:J$65)) -> 198389.85 | L55: =L$65*(SUM(G55:K55)/SUM(G$65:K$65)) -> 220615.35 | M55: =M$65*(SUM(H55:L55)/SUM(H$65:L$65)) -> 238400.57 | N55: =N$65*(SUM(I55:M55)/SUM(I$65:M$65)) -> 262357.25 | O55: =O$65*(SUM(J55:N55)/SUM(J$65:N$65)) -> 282410.64 | ... AH55: =AH$65*(SUM(AC55:AG55)/SUM(AC$65:AG$65)) -> 357601.05 | AI55: =SUM(B55:G55)/SUM($B$65:$G$65) -> 0.094972666
A56: April | B56: ='[3]US Jet Fuel Exports'!MA$290 -> 266827.6 | C56: ='[3]US Jet Fuel Exports'!MM$290 -> 254988.47 | D56: ='[3]US Jet Fuel Exports'!MY$290 -> 97750.044 | E56: ='[3]US Jet Fuel Exports'!NK$290 -> 86455.278 | F56: ='[3]US Jet Fuel Exports'!NW$290 -> 257486.63 | G56: ='[3]US Jet Fuel Exports'!OI$290 -> 156670.5 | H56: =H$65*(SUM(C56:G56)/SUM(C$65:G$65)) -> 202153.15 | I56: =I$65*(SUM(D56:H56)/SUM(D$65:H$65)) -> 202439.74 | J56: =J$65*(SUM(E56:I56)/SUM(E$65:I$65)) -> 211350.86 | K56: =K$65*(SUM(F56:J56)/SUM(F$65:J$65)) -> 155101.74 | L56: =L$65*(SUM(G56:K56)/SUM(G$65:K$65)) -> 159778.53 | M56: =M$65*(SUM(H56:L56)/SUM(H$65:L$65)) -> 179695.76 | N56: =N$65*(SUM(I56:M56)/SUM(I$65:M$65)) -> 196693.56 | O56: =O$65*(SUM(J56:N56)/SUM(J$65:N$65)) -> 214909.63 | ... AH56: =AH$65*(SUM(AC56:AG56)/SUM(AC$65:AG$65)) -> 269330.33 | AI56: =SUM(B56:G56)/SUM($B$65:$G$65) -> 0.075042664
A57: May | B57: ='[3]US Jet Fuel Exports'!MB$290 -> 324783.86 | C57: ='[3]US Jet Fuel Exports'!MN$290 -> 264075 | D57: ='[3]US Jet Fuel Exports'!MZ$290 -> 27769.728 | E57: ='[3]US Jet Fuel Exports'!NL$290 -> 129298.51 | F57: ='[3]US Jet Fuel Exports'!NX$290 -> 212915.98 | G57: ='[3]US Jet Fuel Exports'!OJ$290 -> 179268.31 | H57: =H$65*(SUM(C57:G57)/SUM(C$65:G$65)) -> 192671.87 | I57: =I$65*(SUM(D57:H57)/SUM(D$65:H$65)) -> 187622.8 | J57: =J$65*(SUM(E57:I57)/SUM(E$65:I$65)) -> 210550.52 | K57: =K$65*(SUM(F57:J57)/SUM(F$65:J$65)) -> 148014.22 | L57: =L$65*(SUM(G57:K57)/SUM(G$65:K$65)) -> 158127.16 | M57: =M$65*(SUM(H57:L57)/SUM(H$65:L$65)) -> 173163.43 | N57: =N$65*(SUM(I57:M57)/SUM(I$65:M$65)) -> 190005.11 | O57: =O$65*(SUM(J57:N57)/SUM(J$65:N$65)) -> 209490.58 | ... AH57: =AH$65*(SUM(AC57:AG57)/SUM(AC$65:AG$65)) -> 261461.28 | AI57: =SUM(B57:G57)/SUM($B$65:$G$65) -> 0.076244017
A58: June | B58: ='[3]US Jet Fuel Exports'!MC$290 -> 261756.31 | C58: ='[3]US Jet Fuel Exports'!MO$290 -> 266457.2 | D58: ='[3]US Jet Fuel Exports'!NA$290 -> 42306.054 | E58: ='[3]US Jet Fuel Exports'!NM$290 -> 110643.46 | F58: ='[3]US Jet Fuel Exports'!NY$290 -> 237432.47 | G58: ='[3]US Jet Fuel Exports'!OK$290 -> 201379.5 | H58: =H$65*(SUM(C58:G58)/SUM(C$65:G$65)) -> 203306.29 | I58: =I$65*(SUM(D58:H58)/SUM(D$65:H$65)) -> 201062.06 | J58: =J$65*(SUM(E58:I58)/SUM(E$65:I$65)) -> 222702.5 | K58: =K$65*(SUM(F58:J58)/SUM(F$65:J$65)) -> 160489.4 | L58: =L$65*(SUM(G58:K58)/SUM(G$65:K$65)) -> 170322.96 | M58: =M$65*(SUM(H58:L58)/SUM(H$65:L$65)) -> 184919.54 | N58: =N$65*(SUM(I58:M58)/SUM(I$65:M$65)) -> 203434.27 | O58: =O$65*(SUM(J58:N58)/SUM(J$65:N$65)) -> 224254.45 | ... AH58: =AH$65*(SUM(AC58:AG58)/SUM(AC$65:AG$65)) -> 280199.13 | AI58: =SUM(B58:G58)/SUM($B$65:$G$65) -> 0.075029029
A59: July | B59: ='[3]US Jet Fuel Exports'!MD$290 -> 320839.09 | C59: ='[3]US Jet Fuel Exports'!MP$290 -> 283542.34 | D59: ='[3]US Jet Fuel Exports'!NB$290 -> 45815.826 | E59: ='[3]US Jet Fuel Exports'!NN$290 -> 112384.94 | F59: ='[3]US Jet Fuel Exports'!NZ$290 -> 249143.58 | G59: ='[3]US Jet Fuel Exports'!OL$290 -> 192869.46 | H59: =H$65*(SUM(C59:G59)/SUM(C$65:G$65)) -> 209355.95 | I59: =I$65*(SUM(D59:H59)/SUM(D$65:H$65)) -> 204729.42 | J59: =J$65*(SUM(E59:I59)/SUM(E$65:I$65)) -> 226125.27 | K59: =K$65*(SUM(F59:J59)/SUM(F$65:J$65)) -> 162949.84 | L59: =L$65*(SUM(G59:K59)/SUM(G$65:K$65)) -> 171544.09 | M59: =M$65*(SUM(H59:L59)/SUM(H$65:L$65)) -> 188166.9 | N59: =N$65*(SUM(I59:M59)/SUM(I$65:M$65)) -> 206469.9 | O59: =O$65*(SUM(J59:N59)/SUM(J$65:N$65)) -> 227441.9 | ... AH59: =AH$65*(SUM(AC59:AG59)/SUM(AC$65:AG$65)) -> 284192.09 | AI59: =SUM(B59:G59)/SUM($B$65:$G$65) -> 0.080697884
A60: August | B60: ='[3]US Jet Fuel Exports'!ME$290 -> 274531.66 | C60: ='[3]US Jet Fuel Exports'!MQ$290 -> 325478.54 | D60: ='[3]US Jet Fuel Exports'!NC$290 -> 52820.376 | E60: ='[3]US Jet Fuel Exports'!NO$290 -> 176061.61 | F60: ='[3]US Jet Fuel Exports'!OA$290 -> 266622.97 | G60: ='[3]US Jet Fuel Exports'!OM$290 -> 269516.65 | H60: =H$65*(SUM(C60:G60)/SUM(C$65:G$65)) -> 258332.22 | I60: =I$65*(SUM(D60:H60)/SUM(D$65:H$65)) -> 258792.56 | J60: =J$65*(SUM(E60:I60)/SUM(E$65:I$65)) -> 287027.83 | K60: =K$65*(SUM(F60:J60)/SUM(F$65:J$65)) -> 201807.08 | L60: =L$65*(SUM(G60:K60)/SUM(G$65:K$65)) -> 219672.54 | M60: =M$65*(SUM(H60:L60)/SUM(H$65:L$65)) -> 236608.54 | N60: =N$65*(SUM(I60:M60)/SUM(I$65:M$65)) -> 260688.86 | O60: =O$65*(SUM(J60:N60)/SUM(J$65:N$65)) -> 287096.4 | ... AH60: =AH$65*(SUM(AC60:AG60)/SUM(AC$65:AG$65)) -> 358714.18 | AI60: =SUM(B60:G60)/SUM($B$65:$G$65) -> 0.091445802
A61: September | B61: ='[3]US Jet Fuel Exports'!MF$290 -> 208718.16 | C61: ='[3]US Jet Fuel Exports'!MR$290 -> 308587.23 | D61: ='[3]US Jet Fuel Exports'!ND$290 -> 58307.298 | E61: ='[3]US Jet Fuel Exports'!NP$290 -> 139446.85 | F61: ='[3]US Jet Fuel Exports'!OB$290 -> 263066.08 | G61: ='[3]US Jet Fuel Exports'!ON$290 -> 180472.49 | H61: =H$65*(SUM(C61:G61)/SUM(C$65:G$65)) -> 225020.23 | I61: =I$65*(SUM(D61:H61)/SUM(D$65:H$65)) -> 219079.01 | J61: =J$65*(SUM(E61:I61)/SUM(E$65:I$65)) -> 239807.73 | K61: =K$65*(SUM(F61:J61)/SUM(F$65:J$65)) -> 169758.87 | L61: =L$65*(SUM(G61:K61)/SUM(G$65:K$65)) -> 178107.42 | M61: =M$65*(SUM(H61:L61)/SUM(H$65:L$65)) -> 199184.03 | N61: =N$65*(SUM(I61:M61)/SUM(I$65:M$65)) -> 217821.02 | O61: =O$65*(SUM(J61:N61)/SUM(J$65:N$65)) -> 239209.3 | ... AH61: =AH$65*(SUM(AC61:AG61)/SUM(AC$65:AG$65)) -> 298879.37 | AI61: =SUM(B61:G61)/SUM($B$65:$G$65) -> 0.077616457
A62: October | B62: ='[3]US Jet Fuel Exports'!MG$290 -> 352617.89 | C62: ='[3]US Jet Fuel Exports'!MS$290 -> 277209.66 | D62: ='[3]US Jet Fuel Exports'!NE$290 -> 57833.286 | E62: ='[3]US Jet Fuel Exports'!NQ$290 -> 157602.98 | F62: ='[3]US Jet Fuel Exports'!OC$290 -> 178104.11 | G62: ='[3]US Jet Fuel Exports'!OO$290 -> 192544.17 | H62: =H$65*(SUM(C62:G62)/SUM(C$65:G$65)) -> 204508.65 | I62: =I$65*(SUM(D62:H62)/SUM(D$65:H$65)) -> 199930.5 | J62: =J$65*(SUM(E62:I62)/SUM(E$65:I$65)) -> 217768.2 | K62: =K$65*(SUM(F62:J62)/SUM(F$65:J$65)) -> 149493.74 | L62: =L$65*(SUM(G62:K62)/SUM(G$65:K$65)) -> 166069.88 | M62: =M$65*(SUM(H62:L62)/SUM(H$65:L$65)) -> 181036.87 | N62: =N$65*(SUM(I62:M62)/SUM(I$65:M$65)) -> 197978.17 | O62: =O$65*(SUM(J62:N62)/SUM(J$65:N$65)) -> 217225.44 | ... AH62: =AH$65*(SUM(AC62:AG62)/SUM(AC$65:AG$65)) -> 271905.78 | AI62: =SUM(B62:G62)/SUM($B$65:$G$65) -> 0.08145602
A63: November | B63: ='[3]US Jet Fuel Exports'!MH$290 -> 280713.68 | C63: ='[3]US Jet Fuel Exports'!MT$290 -> 296708.54 | D63: ='[3]US Jet Fuel Exports'!NF$290 -> 104319.56 | E63: ='[3]US Jet Fuel Exports'!NR$290 -> 177886.51 | F63: ='[3]US Jet Fuel Exports'!OD$290 -> 201116.16 | G63: ='[3]US Jet Fuel Exports'!OP$290 -> 255798.56 | H63: =H$65*(SUM(C63:G63)/SUM(C$65:G$65)) -> 245381.07 | I63: =I$65*(SUM(D63:H63)/SUM(D$65:H$65)) -> 248967.42 | J63: =J$65*(SUM(E63:I63)/SUM(E$65:I$65)) -> 263638.28 | K63: =K$65*(SUM(F63:J63)/SUM(F$65:J$65)) -> 182927.06 | L63: =L$65*(SUM(G63:K63)/SUM(G$65:K$65)) -> 206107.2 | M63: =M$65*(SUM(H63:L63)/SUM(H$65:L$65)) -> 221432.63 | N63: =N$65*(SUM(I63:M63)/SUM(I$65:M$65)) -> 243185.01 | O63: =O$65*(SUM(J63:N63)/SUM(J$65:N$65)) -> 266021.47 | ... AH63: =AH$65*(SUM(AC63:AG63)/SUM(AC$65:AG$65)) -> 333713.94 | AI63: =SUM(B63:G63)/SUM($B$65:$G$65) -> 0.088197455
A64: December | B64: ='[3]US Jet Fuel Exports'!MI$290 -> 253637.03 | C64: ='[3]US Jet Fuel Exports'!MU$290 -> 343859.42 | D64: ='[3]US Jet Fuel Exports'!NG$290 -> 115525.7 | E64: ='[3]US Jet Fuel Exports'!NS$290 -> 231240.41 | F64: ='[3]US Jet Fuel Exports'!OE$290 -> 224737.17 | G64: ='[3]US Jet Fuel Exports'!OQ$290 -> 333239.55 | H64: =H65-SUM(H53:H63) -> 215517.92 | I64: =I65-SUM(I53:I63) -> 283299.03 | J64: =J65-SUM(J53:J63) -> 300735.22 | K64: =K65-SUM(K53:K63) -> 204402.4 | L64: =L65-SUM(L53:L63) -> 230302.07 | M64: =M65-SUM(M53:M63) -> 238273.48 | N64: =N65-SUM(N53:N63) -> 272187.68 | O64: =O65-SUM(O53:O63) -> 296643.06 | ... AH64: =AH65-SUM(AH53:AH63) -> 370124.44 | AI64: =SUM(B64:G64)/SUM($B$65:$G$65) -> 0.10063756
A65: Total | B65: =SUM(B53:B64) -> 3318622.3 | C65: =SUM(C54:C64) -> 3088730.2 | D65: =SUM(D53:D64) -> 1485165.5 | E65: =SUM(E53:E64) -> 1637652.9 | F65: =SUM(F53:F64) -> 2692648.7 | G65: =SUM(G53:G64) -> 2704402.5 | H65: =H10*1000 -> 2750000 | I65: =I10*1000 -> 2850000 | J65: =J10*1000 -> 2950000 | K65: =K10*1000 -> 2100000 | L65: =L10*1000 -> 2300000 | M65: =M10*1000 -> 2500000 | N65: =N10*1000 -> 2750000 | O65: =O10*1000 -> 3000000 | ... AH65: =AH10*1000 -> 3766000
A67: Jet Fuel Domestic Use
A68: thousand gallons | B68: =B4 -> 2018 | C68: =C4 -> 2019 | D68: =D4 -> 2020 | E68: =E4 -> 2021 | F68: =F4 -> 2022 | G68: =G4 -> 2023 | H68: =H4 -> 2024 | I68: =I4 -> 2025 | ... AH68: =AH4 -> 2050
A69: January | B69: =B5+B21+B37-B53-B85 -> 22138690 | C69: =B96+C21+C37-C53-C85 -> 24765078 | D69: =C96+D21+D37-D53-D85 -> 25398240 | E69: =D96+E21+E37-E53-E85 -> 17219149 | F69: =E96+F21+F37-F53-F85 -> 21618269 | G69: =F96+G21+G37-G53-G85 -> 23237441 | H69: =G96+H21+H37-H53-H85 -> 23275038 | I69: =I$81*(SUM(D69:H69)/SUM(D$81:H$81)) -> 25924078 | J69: =J$81*(SUM(E69:I69)/SUM(E$81:I$81)) -> 24075095 | K69: =K$81*(SUM(F69:J69)/SUM(F$81:J$81)) -> 25201952 | L69: =L$81*(SUM(G69:K69)/SUM(G$81:K$81)) -> 25811044 | M69: =M$81*(SUM(H69:L69)/SUM(H$81:L$81)) -> 26249026 | N69: =N$81*(SUM(I69:M69)/SUM(I$81:M$81)) -> 26808668 | O69: =O$81*(SUM(J69:N69)/SUM(J$81:N$81)) -> 27091103 | P69: =P$81*(SUM(K69:O69)/SUM(K$81:O$81)) -> 27738324 | ... AH69: =AH$81*(SUM(AC69:AG69)/SUM(AC$81:AG$81)) -> 39931683
A70: February | B70: =B85+B22+B38-B54-B86 -> 24310076 | C70: =C85+C22+C38-C54-C86 -> 24604730 | D70: =D85+D22+D38-D54-D86 -> 24752552 | E70: =E85+E22+E38-E54-E86 -> 16776738 | F70: =F85+F22+F38-F54-F86 -> 21594231 | G70: =G85+G22+G38-G54-G86 -> 23154961 | H70: =H$81*(SUM(C70:G70)/SUM(C$81:G$81)) -> 25689568 | I70: =I$81*(SUM(D70:H70)/SUM(D$81:H$81)) -> 26209637 | J70: =J$81*(SUM(E70:I70)/SUM(E$81:I$81)) -> 24540517 | K70: =K$81*(SUM(F70:J70)/SUM(F$81:J$81)) -> 25854560 | L70: =L$81*(SUM(G70:K70)/SUM(G$81:K$81)) -> 26603238 | M70: =M$81*(SUM(H70:L70)/SUM(H$81:L$81)) -> 27222709 | N70: =N$81*(SUM(I70:M70)/SUM(I$81:M$81)) -> 27476343 | O70: =O$81*(SUM(J70:N70)/SUM(J$81:N$81)) -> 27841938 | ... AH70: =AH$81*(SUM(AC70:AG70)/SUM(AC$81:AG$81)) -> 41093653
A71: March | B71: =B86+B23+B39-B55-B87 -> 26032798 | C71: =C86+C23+C39-C55-C87 -> 26284231 | D71: =D86+D23+D39-D55-D87 -> 21317731 | E71: =E86+E23+E39-E55-E87 -> 17717119 | F71: =F86+F23+F39-F55-F87 -> 23373030 | G71: =G86+G23+G39-G55-G87 -> 24602786 | H71: =H$81*(SUM(C71:G71)/SUM(C$81:G$81)) -> 26248311 | I71: =I$81*(SUM(D71:H71)/SUM(D$81:H$81)) -> 26511819 | J71: =J$81*(SUM(E71:I71)/SUM(E$81:I$81)) -> 25628353 | K71: =K$81*(SUM(F71:J71)/SUM(F$81:J$81)) -> 26958682 | L71: =L$81*(SUM(G71:K71)/SUM(G$81:K$81)) -> 27557675 | M71: =M$81*(SUM(H71:L71)/SUM(H$81:L$81)) -> 28069040 | N71: =N$81*(SUM(I71:M71)/SUM(I$81:M$81)) -> 28381103 | O71: =O$81*(SUM(J71:N71)/SUM(J$81:N$81)) -> 28877308 | ... AH71: =AH$81*(SUM(AC71:AG71)/SUM(AC$81:AG$81)) -> 42532432
A72: April | B72: =B87+B24+B40-B56-B88 -> 24823633 | C72: =C87+C24+C40-C56-C88 -> 26987286 | D72: =D87+D24+D40-D56-D88 -> 10510719 | E72: =E87+E24+E40-E56-E88 -> 19807826 | F72: =F87+F24+F40-F56-F88 -> 23504076 | G72: =G87+G24+G40-G56-G88 -> 24474387 | H72: =H$81*(SUM(C72:G72)/SUM(C$81:G$81)) -> 24392404 | I72: =I$81*(SUM(D72:H72)/SUM(D$81:H$81)) -> 24037680 | J72: =J$81*(SUM(E72:I72)/SUM(E$81:I$81)) -> 25144425 | K72: =K$81*(SUM(F72:J72)/SUM(F$81:J$81)) -> 25932229 | L72: =L$81*(SUM(G72:K72)/SUM(G$81:K$81)) -> 26291903 | M72: =M$81*(SUM(H72:L72)/SUM(H$81:L$81)) -> 26568236 | N72: =N$81*(SUM(I72:M72)/SUM(I$81:M$81)) -> 26958926 | O72: =O$81*(SUM(J72:N72)/SUM(J$81:N$81)) -> 27672463 | ... AH72: =AH$81*(SUM(AC72:AG72)/SUM(AC$81:AG$81)) -> 40549519
A73: May | B73: =B88+B25+B41-B57-B89 -> 25699536 | C73: =C88+C25+C41-C57-C89 -> 27233408 | D73: =D88+D25+D41-D57-D89 -> 9297845.5 | E73: =E88+E25+E41-E57-E89 -> 19824637 | F73: =F88+F25+F41-F57-F89 -> 24181938 | G73: =G88+G25+G41-G57-G89 -> 25530788 | H73: =H$81*(SUM(C73:G73)/SUM(C$81:G$81)) -> 24574117 | I73: =I$81*(SUM(D73:H73)/SUM(D$81:H$81)) -> 24206199 | J73: =J$81*(SUM(E73:I73)/SUM(E$81:I$81)) -> 25599061 | K73: =K$81*(SUM(F73:J73)/SUM(F$81:J$81)) -> 26473929 | L73: =L$81*(SUM(G73:K73)/SUM(G$81:K$81)) -> 26801486 | M73: =M$81*(SUM(H73:L73)/SUM(H$81:L$81)) -> 26960249 | N73: =N$81*(SUM(I73:M73)/SUM(I$81:M$81)) -> 27394242 | O73: =O$81*(SUM(J73:N73)/SUM(J$81:N$81)) -> 28165731 | ... AH73: =AH$81*(SUM(AC73:AG73)/SUM(AC$81:AG$81)) -> 41246093
A74: June | B74: =B89+B26+B42-B58-B90 -> 28450171 | C74: =C89+C26+C42-C58-C90 -> 27555062 | D74: =D89+D26+D42-D58-D90 -> 12154205 | E74: =E89+E26+E42-E58-E90 -> 21900373 | F74: =F89+F26+F42-F58-F90 -> 25826452 | G74: =G89+G26+G42-G58-G90 -> 26835355 | H74: =H$81*(SUM(C74:G74)/SUM(C$81:G$81)) -> 26474559 | I74: =I$81*(SUM(D74:H74)/SUM(D$81:H$81)) -> 26495893 | J74: =J$81*(SUM(E74:I74)/SUM(E$81:I$81)) -> 27592797 | K74: =K$81*(SUM(F74:J74)/SUM(F$81:J$81)) -> 28422363 | L74: =L$81*(SUM(G74:K74)/SUM(G$81:K$81)) -> 28802704 | M74: =M$81*(SUM(H74:L74)/SUM(H$81:L$81)) -> 29100414 | N74: =N$81*(SUM(I74:M74)/SUM(I$81:M$81)) -> 29579456 | O74: =O$81*(SUM(J74:N74)/SUM(J$81:N$81)) -> 30336635 | ... AH74: =AH$81*(SUM(AC74:AG74)/SUM(AC$81:AG$81)) -> 44450845
A75: July | B75: =B90+B27+B43-B59-B91 -> 27065878 | C75: =C90+C27+C43-C59-C91 -> 28214085 | D75: =D90+D27+D43-D59-D91 -> 15054158 | E75: =E90+E27+E43-E59-E91 -> 23151972 | F75: =F90+F27+F43-F59-F91 -> 24378587 | G75: =G90+G27+G43-G59-G91 -> 26791962 | H75: =H$81*(SUM(C75:G75)/SUM(C$81:G$81)) -> 27243583 | I75: =I$81*(SUM(D75:H75)/SUM(D$81:H$81)) -> 27298633 | J75: =J$81*(SUM(E75:I75)/SUM(E$81:I$81)) -> 27881009 | K75: =K$81*(SUM(F75:J75)/SUM(F$81:J$81)) -> 28501025 | L75: =L$81*(SUM(G75:K75)/SUM(G$81:K$81)) -> 29204617 | M75: =M$81*(SUM(H75:L75)/SUM(H$81:L$81)) -> 29594730 | N75: =N$81*(SUM(I75:M75)/SUM(I$81:M$81)) -> 30014644 | O75: =O$81*(SUM(J75:N75)/SUM(J$81:N$81)) -> 30695668 | ... AH75: =AH$81*(SUM(AC75:AG75)/SUM(AC$81:AG$81)) -> 45042178
A76: August | B76: =B91+B28+B44-B60-B92 -> 28440584 | C76: =C91+C28+C44-C60-C92 -> 28126892 | D76: =D91+D28+D44-D60-D92 -> 15820296 | E76: =E91+E28+E44-E60-E92 -> 24073815 | F76: =F91+F28+F44-F60-F92 -> 25288327 | G76: =G91+G28+G44-G60-G92 -> 25995389 | H76: =H$81*(SUM(C76:G76)/SUM(C$81:G$81)) -> 27640674 | I76: =I$81*(SUM(D76:H76)/SUM(D$81:H$81)) -> 27813200 | J76: =J$81*(SUM(E76:I76)/SUM(E$81:I$81)) -> 28302188 | K76: =K$81*(SUM(F76:J76)/SUM(F$81:J$81)) -> 28809517 | L76: =L$81*(SUM(G76:K76)/SUM(G$81:K$81)) -> 29383759 | M76: =M$81*(SUM(H76:L76)/SUM(H$81:L$81)) -> 29979207 | N76: =N$81*(SUM(I76:M76)/SUM(I$81:M$81)) -> 30395484 | O76: =O$81*(SUM(J76:N76)/SUM(J$81:N$81)) -> 31049594 | ... AH76: =AH$81*(SUM(AC76:AG76)/SUM(AC$81:AG$81)) -> 45554320
A77: September | B77: =B92+B29+B45-B61-B93 -> 25989969 | C77: =C92+C29+C45-C61-C93 -> 25945143 | D77: =D92+D29+D45-D61-D93 -> 14335268 | E77: =E92+E29+E45-E61-E93 -> 22910345 | F77: =F92+F29+F45-F61-F93 -> 23410314 | G77: =G92+G29+G45-G61-G93 -> 25832294 | H77: =H$81*(SUM(C77:G77)/SUM(C$81:G$81)) -> 26048710 | I77: =I$81*(SUM(D77:H77)/SUM(D$81:H$81)) -> 26342801 | J77: =J$81*(SUM(E77:I77)/SUM(E$81:I$81)) -> 26946281 | K77: =K$81*(SUM(F77:J77)/SUM(F$81:J$81)) -> 27431467 | L77: =L$81*(SUM(G77:K77)/SUM(G$81:K$81)) -> 28119984 | M77: =M$81*(SUM(H77:L77)/SUM(H$81:L$81)) -> 28488140 | N77: =N$81*(SUM(I77:M77)/SUM(I$81:M$81)) -> 28929469 | O77: =O$81*(SUM(J77:N77)/SUM(J$81:N$81)) -> 29579287 | ... AH77: =AH$81*(SUM(AC77:AG77)/SUM(AC$81:AG$81)) -> 43389475
A78: October | B78: =B93+B30+B46-B62-B94 -> 25714536 | C78: =C93+C30+C46-C62-C94 -> 26628133 | D78: =D93+D30+D46-D62-D94 -> 15676378 | E78: =E93+E30+E46-E62-E94 -> 22644725 | F78: =F93+F30+F46-F62-F94 -> 23848449 | G78: =G93+G30+G46-G62-G94 -> 26131402 | H78: =H$81*(SUM(C78:G78)/SUM(C$81:G$81)) -> 26626922 | I78: =I$81*(SUM(D78:H78)/SUM(D$81:H$81)) -> 26902477 | J78: =J$81*(SUM(E78:I78)/SUM(E$81:I$81)) -> 27294512 | K78: =K$81*(SUM(F78:J78)/SUM(F$81:J$81)) -> 27905801 | L78: =L$81*(SUM(G78:K78)/SUM(G$81:K$81)) -> 28599155 | M78: =M$81*(SUM(H78:L78)/SUM(H$81:L$81)) -> 29003380 | N78: =N$81*(SUM(I78:M78)/SUM(I$81:M$81)) -> 29430131 | O78: =O$81*(SUM(J78:N78)/SUM(J$81:N$81)) -> 30069255 | ... AH78: =AH$81*(SUM(AC78:AG78)/SUM(AC$81:AG$81)) -> 44134664
A79: November | B79: =B94+B31+B47-B63-B95 -> 26904761 | C79: =C94+C31+C47-C63-C95 -> 26098680 | D79: =D94+D31+D47-D63-D95 -> 17377763 | E79: =E94+E31+E47-E63-E95 -> 23235813 | F79: =F94+F31+F47-F63-F95 -> 24178118 | G79: =G94+G31+G47-G63-G95 -> 24728123 | H79: =H$81*(SUM(C79:G79)/SUM(C$81:G$81)) -> 26786646 | I79: =I$81*(SUM(D79:H79)/SUM(D$81:H$81)) -> 27225179 | J79: =J$81*(SUM(E79:I79)/SUM(E$81:I$81)) -> 27294491 | K79: =K$81*(SUM(F79:J79)/SUM(F$81:J$81)) -> 27779673 | L79: =L$81*(SUM(G79:K79)/SUM(G$81:K$81)) -> 28377123 | M79: =M$81*(SUM(H79:L79)/SUM(H$81:L$81)) -> 29031732 | N79: =N$81*(SUM(I79:M79)/SUM(I$81:M$81)) -> 29430737 | O79: =O$81*(SUM(J79:N79)/SUM(J$81:N$81)) -> 30001769 | ... AH79: =AH$81*(SUM(AC79:AG79)/SUM(AC$81:AG$81)) -> 44051820
A80: December | B80: =B95+B32+B48-B64-B96 -> 25492615 | C80: =C95+C32+C48-C64-C96 -> 27603900 | D80: =D95+D32+D48-D64-D96 -> 17611747 | E80: =E95+E32+E48-E64-E96 -> 23246714 | F80: =F95+F32+F48-F64-F96 -> 24423154 | G80: =G95+G32+G48-G64-G96 -> 25320061 | H80: =H81-SUM(H69:H79) -> 30114474 | I80: =I81-SUM(I69:I79) -> 28257404 | J80: =J81-SUM(J69:J79) -> 28421272 | K80: =K81-SUM(K69:K79) -> 29128801 | L80: =L81-SUM(L69:L79) -> 29952312 | M80: =M81-SUM(M69:M79) -> 30808138 | N80: =N81-SUM(N69:N79) -> 30875798 | O80: =O81-SUM(O69:O79) -> 31539250 | ... AH80: =AH81-SUM(AH69:AH79) -> 46388317
A81: Total | B81: =SUM(B69:B80) -> 3.1106325e+08 | C81: =SUM(C69:C80) -> 3.2004663e+08 | D81: =SUM(D69:D80) -> 1.993069e+08 | E81: =SUM(E69:E80) -> 2.5250923e+08 | F81: =SUM(F69:F80) -> 2.8562494e+08 | G81: =SUM(G69:G80) -> 3.0263495e+08 | H81: =H9*1000 -> 315115004 | I81: =I9*1000 -> 317225000 | J81: =J9*1000 -> 318720000 | K81: =K9*1000 -> 328400000 | L81: =L9*1000 -> 335505000 | M81: =M9*1000 -> 341075000 | N81: =N9*1000 -> 345675000 | O81: =O9*1000 -> 352920000 | ... AH81: =AH9*1000 -> 518365000
A83: Jet Fuel End-of-Month Inventory
A84: thousand gallons | B84: =B4 -> 2018 | C84: =C4 -> 2019 | D84: =D4 -> 2020 | E84: =E4 -> 2021 | F84: =F4 -> 2022 | G84: =G4 -> 2023 | H84: =H4 -> 2024 | I84: =I4 -> 2025 | ... Q84: =Q4 -> 2033
A85: January | B85: ='[4]US Jet Fuel'!$C639 -> 1790922 | C85: ='[4]US Jet Fuel'!$C651 -> 1728636 | D85: ='[4]US Jet Fuel'!$C663 -> 1832628 | E85: ='[4]US Jet Fuel'!$C675 -> 1788822 | F85: ='[4]US Jet Fuel'!$C687 -> 1620486 | G85: ='[4]US Jet Fuel'!$C699 -> 1506288 | H85: ='[4]US Jet Fuel'!$C711 -> 1745856 | I85: =H96+I21+I37-I53-I69 -> 1775305.6 | J85: =I96+J21+J37-J53-J69 -> 1734790.6 | K85: =J96+K21+K37-K53-K69 -> 1722535.1 | L85: =K96+L21+L37-L53-L69 -> 1766975 | M85: =L96+M21+M37-M53-M69 -> 1817615.7 | N85: =M96+N21+N37-N53-N69 -> 1797485.7 | O85: =N96+O21+O37-O53-O69 -> 1816933.5 | P85: =O96+P21+P37-P53-P69 -> 1842492.9 | ... AH85: =AG96+AH21+AH37-AH53-AH69 -> 2365455.6
A86: February | B86: ='[4]US Jet Fuel'!$C640 -> 1808226 | C86: ='[4]US Jet Fuel'!$C652 -> 1764798 | D86: ='[4]US Jet Fuel'!$C664 -> 1790502 | E86: ='[4]US Jet Fuel'!$C676 -> 1679874 | F86: ='[4]US Jet Fuel'!$C688 -> 1674036 | G86: ='[4]US Jet Fuel'!$C700 -> 1576008 | H86: =H85+H22+H38-H54-H70 -> 1746974.9 | I86: =I85+I22+I38-I54-I70 -> 1772396.9 | J86: =J85+J22+J38-J54-J70 -> 1736849.2 | K86: =K85+K22+K38-K54-K70 -> 1752737.4 | L86: =L85+L22+L38-L54-L70 -> 1790369.5 | M86: =M85+M22+M38-M54-M70 -> 1827790.8 | N86: =N85+N22+N38-N54-N70 -> 1812093.5 | O86: =O85+O22+O38-O54-O70 -> 1833876.8 | ... AH86: =AH85+AH22+AH38-AH54-AH70 -> 2391815.1
A87: March | B87: ='[4]US Jet Fuel'!$C641 -> 1694532 | C87: ='[4]US Jet Fuel'!$C653 -> 1749132 | D87: ='[4]US Jet Fuel'!$C665 -> 1674666 | E87: ='[4]US Jet Fuel'!$C677 -> 1642998 | F87: ='[4]US Jet Fuel'!$C689 -> 1495494 | G87: ='[4]US Jet Fuel'!$C701 -> 1585458 | H87: =H86+H23+H39-H55-H71 -> 1662657 | I87: =I86+I23+I39-I55-I71 -> 1675068.2 | J87: =J86+J23+J39-J55-J71 -> 1649572.5 | K87: =K86+K23+K39-K55-K71 -> 1672294.5 | L87: =L86+L23+L39-L55-L71 -> 1725878.4 | M87: =M86+M23+M39-M55-M71 -> 1740863.5 | N87: =N86+N23+N39-N55-N71 -> 1725000.2 | O87: =O86+O23+O39-O55-O71 -> 1744923.3 | ... AH87: =AH86+AH23+AH39-AH55-AH71 -> 2268510.2
A88: April | B88: ='[4]US Jet Fuel'!$C642 -> 1729980 | C88: ='[4]US Jet Fuel'!$C654 -> 1716582 | D88: ='[4]US Jet Fuel'!$C666 -> 1679706 | E88: ='[4]US Jet Fuel'!$C678 -> 1702344 | F88: ='[4]US Jet Fuel'!$C690 -> 1583778 | G88: ='[4]US Jet Fuel'!$C702 -> 1729140 | H88: =H87+H24+H40-H56-H72 -> 1709040.3 | I88: =I87+I24+I40-I56-I72 -> 1750368.6 | J88: =J87+J24+J40-J56-J72 -> 1737964.5 | K88: =K87+K24+K40-K56-K72 -> 1763238.3 | L88: =L87+L24+L40-L56-L72 -> 1814865.7 | M88: =M87+M24+M40-M56-M72 -> 1818607.2 | N88: =N87+N24+N40-N56-N72 -> 1815220.9 | O88: =O87+O24+O40-O56-O72 -> 1839983.4 | ... AH88: =AH87+AH24+AH40-AH56-AH72 -> 2395403.9
A89: May | B89: ='[4]US Jet Fuel'!$C643 -> 1748544 | C89: ='[4]US Jet Fuel'!$C655 -> 1650306 | D89: ='[4]US Jet Fuel'!$C667 -> 1694910 | E89: ='[4]US Jet Fuel'!$C679 -> 1824606 | F89: ='[4]US Jet Fuel'!$C691 -> 1736364 | G89: ='[4]US Jet Fuel'!$C703 -> 1784748 | H89: =H88+H25+H41-H57-H73 -> 1752097.7 | I89: =I88+I25+I41-I57-I73 -> 1828173.7 | J89: =J88+J25+J41-J57-J73 -> 1828746.8 | K89: =K88+K25+K41-K57-K73 -> 1843998.2 | L89: =L88+L25+L41-L57-L73 -> 1881116.9 | M89: =M88+M25+M41-M57-M73 -> 1887707.8 | N89: =N88+N25+N41-N57-N73 -> 1896836.4 | O89: =O88+O25+O41-O57-O73 -> 1924741.5 | ... AH89: =AH88+AH25+AH41-AH57-AH73 -> 2494375.2
A90: June | B90: ='[4]US Jet Fuel'!$C644 -> 1717548 | C90: ='[4]US Jet Fuel'!$C656 -> 1702974 | D90: ='[4]US Jet Fuel'!$C668 -> 1747662 | E90: ='[4]US Jet Fuel'!$C680 -> 1878660 | F90: ='[4]US Jet Fuel'!$C692 -> 1653792 | G90: ='[4]US Jet Fuel'!$C704 -> 1795290 | H90: =H89+H26+H42-H58-H74 -> 1762336.9 | I90: =I89+I26+I42-I58-I74 -> 1836203.1 | J90: =J89+J26+J42-J58-J74 -> 1828617.6 | K90: =K89+K26+K42-K58-K74 -> 1825831.5 | L90: =L89+L26+L42-L58-L74 -> 1877211.4 | M90: =M89+M26+M42-M58-M74 -> 1881143.9 | N90: =N89+N26+N42-N58-N74 -> 1894704.8 | O90: =O89+O26+O42-O58-O74 -> 1922861.7 | ... AH90: =AH89+AH26+AH42-AH58-AH74 -> 2482603.5
A91: July | B91: ='[4]US Jet Fuel'!$C645 -> 1721412 | C91: ='[4]US Jet Fuel'!$C657 -> 1807218 | D91: ='[4]US Jet Fuel'!$C669 -> 1721706 | E91: ='[4]US Jet Fuel'!$C681 -> 1840398 | F91: ='[4]US Jet Fuel'!$C693 -> 1731660 | G91: ='[4]US Jet Fuel'!$C705 -> 1792812 | H91: =H90+H27+H43-H59-H75 -> 1779896.8 | I91: =I90+I27+I43-I59-I75 -> 1843799.3 | J91: =J90+J27+J43-J59-J75 -> 1843080.2 | K91: =K90+K27+K43-K59-K75 -> 1845014 | L91: =L90+L27+L43-L59-L75 -> 1883386.1 | M91: =M90+M27+M43-M59-M75 -> 1889439.7 | N91: =N90+N27+N43-N59-N75 -> 1909167.7 | O91: =O90+O27+O43-O59-O75 -> 1941264.3 | ... AH91: =AH90+AH27+AH43-AH59-AH75 -> 2502208.3
A92: August | B92: ='[4]US Jet Fuel'!$C646 -> 1754676 | C92: ='[4]US Jet Fuel'!$C658 -> 1812300 | D92: ='[4]US Jet Fuel'!$C670 -> 1683780 | E92: ='[4]US Jet Fuel'!$C682 -> 1784034 | F92: ='[4]US Jet Fuel'!$C694 -> 1613178 | G92: ='[4]US Jet Fuel'!$C706 -> 1790334 | H92: =H91+H28+H44-H60-H76 -> 1730272.4 | I92: =I91+I28+I44-I60-I76 -> 1783729.8 | J92: =J91+J28+J44-J60-J76 -> 1781123.8 | K92: =K91+K28+K44-K60-K76 -> 1794317.3 | L92: =L91+L28+L44-L60-L76 -> 1841969.9 | M92: =M91+M28+M44-M60-M76 -> 1833537.5 | N92: =N91+N28+N44-N60-N76 -> 1854598.4 | O92: =O91+O28+O44-O60-O76 -> 1885284.1 | ... AH92: =AH91+AH28+AH44-AH60-AH76 -> 2435327.8
A93: September | B93: ='[4]US Jet Fuel'!$C647 -> 1965054 | C93: ='[4]US Jet Fuel'!$C659 -> 1861902 | D93: ='[4]US Jet Fuel'!$C671 -> 1685670 | E93: ='[4]US Jet Fuel'!$C683 -> 1763496 | F93: ='[4]US Jet Fuel'!$C695 -> 1533840 | G93: ='[4]US Jet Fuel'!$C707 -> 1826076 | H93: =H92+H29+H45-H61-H77 -> 1716168.2 | I93: =I92+I29+I45-I61-I77 -> 1759403.8 | J93: =J92+J29+J45-J61-J77 -> 1756872.8 | K93: =K92+K29+K45-K61-K77 -> 1772006.2 | L93: =L92+L29+L45-L61-L77 -> 1828440.3 | M93: =M92+M29+M45-M61-M77 -> 1808870.9 | N93: =N92+N29+N45-N61-N77 -> 1833362.8 | O93: =O92+O29+O45-O61-O77 -> 1865268.4 | ... AH93: =AH92+AH29+AH45-AH61-AH77 -> 2402208.8
A94: October | B94: ='[4]US Jet Fuel'!$C648 -> 1776180 | C94: ='[4]US Jet Fuel'!$C660 -> 1670844 | D94: ='[4]US Jet Fuel'!$C672 -> 1580712 | E94: ='[4]US Jet Fuel'!$C684 -> 1694868 | F94: ='[4]US Jet Fuel'!$C696 -> 1531320 | G94: ='[4]US Jet Fuel'!$C708 -> 1660470 | H94: =H93+H30+H46-H62-H78 -> 1581653.7 | I94: =I93+I30+I46-I62-I78 -> 1644584 | J94: =J93+J30+J46-J62-J78 -> 1649459.5 | K94: =K93+K30+K46-K62-K78 -> 1649950.6 | L94: =L93+L30+L46-L62-L78 -> 1684872 | M94: =M93+M30+M46-M62-M78 -> 1671202.5 | N94: =N93+N30+N46-N62-N78 -> 1703558.3 | O94: =O93+O30+O46-O62-O78 -> 1734490.1 | ... AH94: =AH93+AH30+AH46-AH62-AH78 -> 2193307.8
A95: November | B95: ='[4]US Jet Fuel'!$C649 -> 1651230 | C95: ='[4]US Jet Fuel'!$C661 -> 1706124 | D95: ='[4]US Jet Fuel'!$C673 -> 1581846 | E95: ='[4]US Jet Fuel'!$C685 -> 1544592 | F95: ='[4]US Jet Fuel'!$C697 -> 1588104 | G95: ='[4]US Jet Fuel'!$C709 -> 1634136 | H95: =H94+H31+H47-H63-H79 -> 1571213.7 | I95: =I94+I31+I47-I63-I79 -> 1624044.8 | J95: =J94+J31+J47-J63-J79 -> 1618532.5 | K95: =K94+K31+K47-K63-K79 -> 1649038.8 | L95: =L94+L31+L47-L63-L79 -> 1670882 | M95: =M94+M31+M47-M63-M79 -> 1654390.9 | N95: =N94+N31+N47-N63-N79 -> 1688776.2 | O95: =O94+O31+O47-O63-O79 -> 1719488.5 | ... AH95: =AH94+AH31+AH47-AH63-AH79 -> 2185338.4
A96: December | B96: ='[4]US Jet Fuel'!$C650 -> 1746570 | C96: ='[4]US Jet Fuel'!$C662 -> 1699614 | D96: ='[4]US Jet Fuel'!$C674 -> 1622334 | E96: ='[4]US Jet Fuel'!$C686 -> 1503516 | F96: ='[4]US Jet Fuel'!$C698 -> 1471638 | G96: ='[4]US Jet Fuel'!$C710 -> 1670004 | H96: =H95+H32+H48-H64-H80 -> 1655000 | I96: =I95+I32+I48-I64-I80 -> 1630000 | J96: =J95+J32+J48-J64-J80 -> 1610000 | K96: =K95+K32+K48-K64-K80 -> 1660000 | L96: =L95+L32+L48-L64-L80 -> 1705000 | M96: =M95+M32+M48-M64-M80 -> 1680000 | N96: =N95+N32+N48-N64-N80 -> 1705000 | O96: =O95+O32+O48-O64-O80 -> 1735000 | ... AH96: =AH95+AH32+AH48-AH64-AH80 -> 2225000

Sheet Biomass-Based Diesel-SAF
A3: U.S. Sustainable Aviation Fuel Supply and Demand
A4: million gallons | B4: 2018 | C4: 2019 | D4: 2020 | E4: 2021 | F4: 2022 | G4: 2023 | H4: 2024 | I4: 2025 | J4: 2026 | K4: 2027 | L4: 2028 | M4: 2029 | N4: 2030 | O4: 2031 | P4: 2032 | Q4: 2033
A5: Beginning Stocks | B5: 0 | C5: =B12 -> 0 | D5: =C12 -> 0 | E5: =D12 -> 0 | F5: =E12 -> 0 | G5: =F12 -> 0 | H5: =G12 -> 0 | I5: =H12 -> #REF! | J5: =I12 -> #REF! | ... R5: =Q12 -> #REF!
A6: Production | B6: =B33/1000 -> #REF! | C6: =C33/1000 -> #REF! | D6: =D33/1000 -> #REF! | E6: =E33/1000 -> #REF! | F6: =F33/1000 -> #REF! | G6: =G33/1000 -> #REF! | H6: =H33/1000 -> #REF! | I6: =I33/1000 -> #REF! | ... R6: =R33/1000 -> #REF!
A7: Imports | B7: =B65/1000 -> #REF! | C7: =C65/1000 -> #REF! | D7: =D65/1000 -> #REF! | E7: =E65/1000 -> #REF! | F7: =F65/1000 -> #REF! | G7: =G65/1000 -> #REF! | H7: =H65/1000 -> #REF! | I7: =I65/1000 -> #REF! | ... R7: =R65/1000 -> #REF!
A8: Total Supply | B8: =SUM(B5:B7) -> #REF! | C8: =SUM(C5:C7) -> #REF! | D8: =SUM(D5:D7) -> #REF! | E8: =SUM(E5:E7) -> #REF! | F8: =SUM(F5:F7) -> #REF! | G8: =SUM(G5:G7) -> #REF! | H8: =SUM(H5:H7) -> #REF! | I8: =SUM(I5:I7) -> #REF! | ... R8: =SUM(R5:R7) -> #REF!
A9: Domestic Use | B9: =B11-B10 -> #REF! | C9: =C11-C10 -> #REF! | D9: =D11-D10 -> #REF! | E9: =E11-E10 -> #REF! | F9: =F11-F10 -> #REF! | G9: =G11-G10 -> #REF! | H9: =H11-H10 -> #REF! | I9: =I11-I10 -> #REF! | ... R9: =R11-R10 -> #REF!
A10: Exports | B10: =B81/1000 -> 0 | C10: =C81/1000 -> 0 | D10: =D81/1000 -> 0 | E10: =E81/1000 -> 0 | F10: =F81/1000 -> 0 | G10: =G81/1000 -> 0 | H10: 0 | I10: 0 | J10: 0 | K10: 0 | L10: 0 | M10: 0 | N10: 0 | O10: 0 | P10: 0 | Q10: 0 | R10: 0
A11: Total Demand | B11: =B8-B12 -> #REF! | C11: =C8-C12 -> #REF! | D11: =D8-D12 -> #REF! | E11: =E8-E12 -> #REF! | F11: =F8-F12 -> #REF! | G11: =G8-G12 -> #REF! | H11: =H8-H12 -> #REF! | I11: =I8-I12 -> #REF! | ... R11: =R8-R12 -> #REF!
A12: Ending Stocks | B12: 0 | C12: 0 | D12: 0 | E12: 0 | F12: 0 | G12: 0 | H12: =H6*('Jet Fuel'!F12/'Jet Fuel'!F6) -> #REF! | I12: =I6*('Jet Fuel'!G12/'Jet Fuel'!G6) -> #REF! | J12: =J6*('Jet Fuel'!H12/'Jet Fuel'!H6) -> #REF! | K12: =K6*('Jet Fuel'!I12/'Jet Fuel'!I6) -> #REF! | L12: =L6*('Jet Fuel'!J12/'Jet Fuel'!J6) -> #REF! | M12: =M6*('Jet Fuel'!K12/'Jet Fuel'!K6) -> #REF! | N12: =N6*('Jet Fuel'!L12/'Jet Fuel'!L6) -> #REF! | O12: =O6*('Jet Fuel'!M12/'Jet Fuel'!M6) -> #REF! | ... R12: =R6*('Jet Fuel'!P12/'Jet Fuel'!P6) -> #REF!
A14: Days of Coverage | B14: =B12/(C11/365) -> #REF! | C14: =C12/(D11/365) -> #REF! | D14: =D12/(E11/365) -> #REF! | E14: =E12/(F11/365) -> #REF! | F14: =F12/(G11/365) -> #REF! | G14: =G12/(H11/365) -> #REF! | H14: =H12/(I11/365) -> #REF! | I14: =I12/(J11/365) -> #REF! | ... Q14: =Q12/(R11/365) -> #REF!
A15: Average Price ($/gal)
A17: Blending Rate | B17: =B9/'Jet Fuel'!B9 -> #REF! | C17: =C9/'Jet Fuel'!C9 -> #REF! | D17: =D9/'Jet Fuel'!D9 -> #REF! | E17: =E9/'Jet Fuel'!E9 -> #REF! | F17: =F9/'Jet Fuel'!F9 -> #REF! | G17: =G9/'Jet Fuel'!G9 -> #REF! | H17: =H9/'Jet Fuel'!H9 -> #REF! | I17: =I9/'Jet Fuel'!I9 -> #REF! | ... Q17: =Q9/'Jet Fuel'!Q9 -> #REF!
A19: SAF Domestic Production
A20: thousand gallons | B20: =B4 -> 2018 | C20: =C4 -> 2019 | D20: =D4 -> 2020 | E20: =E4 -> 2021 | F20: =F4 -> 2022 | G20: =G4 -> 2023 | H20: =H4 -> 2024 | I20: =I4 -> 2025 | ... Q20: =Q4 -> 2033
A21: January | B21: =#REF!/1000 -> #REF! | C21: =#REF!/1000 -> #REF! | D21: =#REF!/1000 -> #REF! | E21: =#REF!/1000 -> #REF! | F21: =#REF!/1000 -> #REF! | G21: =#REF!/1000 -> #REF! | H21: =#REF!/1000 -> #REF! | I21: =#REF!/1000 -> #REF! | ... R21: =#REF!/1000 -> #REF!
A22: February | B22: =#REF!/1000 -> #REF! | C22: =#REF!/1000 -> #REF! | D22: =#REF!/1000 -> #REF! | E22: =#REF!/1000 -> #REF! | F22: =#REF!/1000 -> #REF! | G22: =#REF!/1000 -> #REF! | H22: =#REF!/1000 -> #REF! | I22: =#REF!/1000 -> #REF! | ... R22: =#REF!/1000 -> #REF!
A23: March | B23: =#REF!/1000 -> #REF! | C23: =#REF!/1000 -> #REF! | D23: =#REF!/1000 -> #REF! | E23: =#REF!/1000 -> #REF! | F23: =#REF!/1000 -> #REF! | G23: =#REF!/1000 -> #REF! | H23: =#REF!/1000 -> #REF! | I23: =#REF!/1000 -> #REF! | ... R23: =#REF!/1000 -> #REF!
A24: April | B24: =#REF!/1000 -> #REF! | C24: =#REF!/1000 -> #REF! | D24: =#REF!/1000 -> #REF! | E24: =#REF!/1000 -> #REF! | F24: =#REF!/1000 -> #REF! | G24: =#REF!/1000 -> #REF! | H24: =#REF!/1000 -> #REF! | I24: =#REF!/1000 -> #REF! | ... R24: =#REF!/1000 -> #REF!
A25: May | B25: =#REF!/1000 -> #REF! | C25: =#REF!/1000 -> #REF! | D25: =#REF!/1000 -> #REF! | E25: =#REF!/1000 -> #REF! | F25: =#REF!/1000 -> #REF! | G25: =#REF!/1000 -> #REF! | H25: =#REF!/1000 -> #REF! | I25: =#REF!/1000 -> #REF! | ... R25: =#REF!/1000 -> #REF!
A26: June | B26: =#REF!/1000 -> #REF! | C26: =#REF!/1000 -> #REF! | D26: =#REF!/1000 -> #REF! | E26: =#REF!/1000 -> #REF! | F26: =#REF!/1000 -> #REF! | G26: =#REF!/1000 -> #REF! | H26: =#REF!/1000 -> #REF! | I26: =#REF!/1000 -> #REF! | ... R26: =#REF!/1000 -> #REF!
A27: July | B27: =#REF!/1000 -> #REF! | C27: =#REF!/1000 -> #REF! | D27: =#REF!/1000 -> #REF! | E27: =#REF!/1000 -> #REF! | F27: =#REF!/1000 -> #REF! | G27: =#REF!/1000 -> #REF! | H27: =#REF!/1000 -> #REF! | I27: =#REF!/1000 -> #REF! | ... R27: =#REF!/1000 -> #REF!
A28: August | B28: =#REF!/1000 -> #REF! | C28: =#REF!/1000 -> #REF! | D28: =#REF!/1000 -> #REF! | E28: =#REF!/1000 -> #REF! | F28: =#REF!/1000 -> #REF! | G28: =#REF!/1000 -> #REF! | H28: =#REF!/1000 -> #REF! | I28: =#REF!/1000 -> #REF! | ... R28: =#REF!/1000 -> #REF!
A29: September | B29: =#REF!/1000 -> #REF! | C29: =#REF!/1000 -> #REF! | D29: =#REF!/1000 -> #REF! | E29: =#REF!/1000 -> #REF! | F29: =#REF!/1000 -> #REF! | G29: =#REF!/1000 -> #REF! | H29: =#REF!/1000 -> #REF! | I29: =#REF!/1000 -> #REF! | ... R29: =#REF!/1000 -> #REF!
A30: October | B30: =#REF!/1000 -> #REF! | C30: =#REF!/1000 -> #REF! | D30: =#REF!/1000 -> #REF! | E30: =#REF!/1000 -> #REF! | F30: =#REF!/1000 -> #REF! | G30: =#REF!/1000 -> #REF! | H30: =#REF!/1000 -> #REF! | I30: =#REF!/1000 -> #REF! | ... R30: =#REF!/1000 -> #REF!
A31: November | B31: =#REF!/1000 -> #REF! | C31: =#REF!/1000 -> #REF! | D31: =#REF!/1000 -> #REF! | E31: =#REF!/1000 -> #REF! | F31: =#REF!/1000 -> #REF! | G31: =#REF!/1000 -> #REF! | H31: =#REF!/1000 -> #REF! | I31: =#REF!/1000 -> #REF! | ... R31: =#REF!/1000 -> #REF!
A32: December | B32: =#REF!/1000 -> #REF! | C32: =#REF!/1000 -> #REF! | D32: =#REF!/1000 -> #REF! | E32: =#REF!/1000 -> #REF! | F32: =#REF!/1000 -> #REF! | G32: =#REF!/1000 -> #REF! | H32: =#REF!/1000 -> #REF! | I32: =#REF!/1000 -> #REF! | ... R32: =#REF!/1000 -> #REF!
A33: Total | B33: =SUM(B21:B32) -> #REF! | C33: =SUM(C21:C32) -> #REF! | D33: =SUM(D21:D32) -> #REF! | E33: =SUM(E21:E32) -> #REF! | F33: =SUM(F21:F32) -> #REF! | G33: =SUM(G21:G32) -> #REF! | H33: =SUM(H21:H32) -> #REF! | I33: =SUM(I21:I32) -> #REF! | ... R33: =SUM(R21:R32) -> #REF!
A35: SAF Imports - Census Bureau
A36: thousand gallons | B36: =B20 -> 2018 | C36: =C20 -> 2019 | D36: =D20 -> 2020 | E36: =E20 -> 2021 | F36: =F20 -> 2022 | G36: =G20 -> 2023 | H36: =H20 -> 2024 | I36: =I20 -> 2025 | ... Q36: =Q20 -> 2033
A37: January | B37: ='[3]US SAF Imports'!LX$290 -> 0 | C37: ='[3]US SAF Imports'!MJ$290 -> 0 | D37: ='[3]US SAF Imports'!MV$290 -> 0 | E37: ='[3]US SAF Imports'!NH$290 -> 0 | F37: ='[3]US SAF Imports'!NT$290 -> 0 | G37: ='[3]US SAF Imports'!OF$290 -> 0 | H37: ='[3]US SAF Imports'!OR$290 -> 0 | I37: =I$49*(SUM(D53:H53)/SUM(D$65:H$65)) -> #REF! | J37: =J$49*(SUM(E53:I53)/SUM(E$65:I$65)) -> #REF! | K37: =K$49*(SUM(F53:J53)/SUM(F$65:J$65)) -> #REF! | L37: =L$49*(SUM(G53:K53)/SUM(G$65:K$65)) -> #REF! | M37: =M$49*(SUM(H53:L53)/SUM(H$65:L$65)) -> #REF! | N37: =N$49*(SUM(I53:M53)/SUM(I$65:M$65)) -> #REF! | O37: =O$49*(SUM(J53:N53)/SUM(J$65:N$65)) -> #REF! | P37: =P$49*(SUM(K53:O53)/SUM(K$65:O$65)) -> #REF! | Q37: =Q$49*(SUM(L53:P53)/SUM(L$65:P$65)) -> #REF!
A38: February | B38: ='[3]US SAF Imports'!LY$290 -> 0 | C38: ='[3]US SAF Imports'!MK$290 -> 0 | D38: ='[3]US SAF Imports'!MW$290 -> 0 | E38: ='[3]US SAF Imports'!NI$290 -> 0 | F38: ='[3]US SAF Imports'!NU$290 -> 0 | G38: ='[3]US SAF Imports'!OG$290 -> 0 | H38: =H$49*(SUM(C54:G54)/SUM(C$65:G$65)) -> #REF! | I38: =I$49*(SUM(D54:H54)/SUM(D$65:H$65)) -> #REF! | J38: =J$49*(SUM(E54:I54)/SUM(E$65:I$65)) -> #REF! | K38: =K$49*(SUM(F54:J54)/SUM(F$65:J$65)) -> #REF! | L38: =L$49*(SUM(G54:K54)/SUM(G$65:K$65)) -> #REF! | M38: =M$49*(SUM(H54:L54)/SUM(H$65:L$65)) -> #REF! | N38: =N$49*(SUM(I54:M54)/SUM(I$65:M$65)) -> #REF! | O38: =O$49*(SUM(J54:N54)/SUM(J$65:N$65)) -> #REF! | ... Q38: =Q$49*(SUM(L54:P54)/SUM(L$65:P$65)) -> #REF!
A39: March | B39: ='[3]US SAF Imports'!LZ$290 -> 0 | C39: ='[3]US SAF Imports'!ML$290 -> 0 | D39: ='[3]US SAF Imports'!MX$290 -> 0 | E39: ='[3]US SAF Imports'!NJ$290 -> 0 | F39: ='[3]US SAF Imports'!NV$290 -> 0 | G39: ='[3]US SAF Imports'!OH$290 -> 0 | H39: =H$49*(SUM(C55:G55)/SUM(C$65:G$65)) -> #REF! | I39: =I$49*(SUM(D55:H55)/SUM(D$65:H$65)) -> #REF! | J39: =J$49*(SUM(E55:I55)/SUM(E$65:I$65)) -> #REF! | K39: =K$49*(SUM(F55:J55)/SUM(F$65:J$65)) -> #REF! | L39: =L$49*(SUM(G55:K55)/SUM(G$65:K$65)) -> #REF! | M39: =M$49*(SUM(H55:L55)/SUM(H$65:L$65)) -> #REF! | N39: =N$49*(SUM(I55:M55)/SUM(I$65:M$65)) -> #REF! | O39: =O$49*(SUM(J55:N55)/SUM(J$65:N$65)) -> #REF! | ... Q39: =Q$49*(SUM(L55:P55)/SUM(L$65:P$65)) -> #REF!
A40: April | B40: ='[3]US SAF Imports'!MA$290 -> 0 | C40: ='[3]US SAF Imports'!MM$290 -> 0 | D40: ='[3]US SAF Imports'!MY$290 -> 0 | E40: ='[3]US SAF Imports'!NK$290 -> 0 | F40: ='[3]US SAF Imports'!NW$290 -> 0 | G40: ='[3]US SAF Imports'!OI$290 -> 0 | H40: =H$49*(SUM(C56:G56)/SUM(C$65:G$65)) -> #REF! | I40: =I$49*(SUM(D56:H56)/SUM(D$65:H$65)) -> #REF! | J40: =J$49*(SUM(E56:I56)/SUM(E$65:I$65)) -> #REF! | K40: =K$49*(SUM(F56:J56)/SUM(F$65:J$65)) -> #REF! | L40: =L$49*(SUM(G56:K56)/SUM(G$65:K$65)) -> #REF! | M40: =M$49*(SUM(H56:L56)/SUM(H$65:L$65)) -> #REF! | N40: =N$49*(SUM(I56:M56)/SUM(I$65:M$65)) -> #REF! | O40: =O$49*(SUM(J56:N56)/SUM(J$65:N$65)) -> #REF! | ... Q40: =Q$49*(SUM(L56:P56)/SUM(L$65:P$65)) -> #REF!
A41: May | B41: ='[3]US SAF Imports'!MB$290 -> 0 | C41: ='[3]US SAF Imports'!MN$290 -> 0 | D41: ='[3]US SAF Imports'!MZ$290 -> 0 | E41: ='[3]US SAF Imports'!NL$290 -> 6536.838 | F41: ='[3]US SAF Imports'!NX$290 -> 146.832 | G41: ='[3]US SAF Imports'!OJ$290 -> 210 | H41: =H$49*(SUM(C57:G57)/SUM(C$65:G$65)) -> #REF! | I41: =I$49*(SUM(D57:H57)/SUM(D$65:H$65)) -> #REF! | J41: =J$49*(SUM(E57:I57)/SUM(E$65:I$65)) -> #REF! | K41: =K$49*(SUM(F57:J57)/SUM(F$65:J$65)) -> #REF! | L41: =L$49*(SUM(G57:K57)/SUM(G$65:K$65)) -> #REF! | M41: =M$49*(SUM(H57:L57)/SUM(H$65:L$65)) -> #REF! | N41: =N$49*(SUM(I57:M57)/SUM(I$65:M$65)) -> #REF! | O41: =O$49*(SUM(J57:N57)/SUM(J$65:N$65)) -> #REF! | ... Q41: =Q$49*(SUM(L57:P57)/SUM(L$65:P$65)) -> #REF!
A42: June | B42: ='[3]US SAF Imports'!MC$290 -> 0 | C42: ='[3]US SAF Imports'!MO$290 -> 0 | D42: ='[3]US SAF Imports'!NA$290 -> 0 | E42: ='[3]US SAF Imports'!NM$290 -> 0 | F42: ='[3]US SAF Imports'!NY$290 -> 0 | G42: ='[3]US SAF Imports'!OK$290 -> 0 | H42: =H$49*(SUM(C58:G58)/SUM(C$65:G$65)) -> #REF! | I42: =I$49*(SUM(D58:H58)/SUM(D$65:H$65)) -> #REF! | J42: =J$49*(SUM(E58:I58)/SUM(E$65:I$65)) -> #REF! | K42: =K$49*(SUM(F58:J58)/SUM(F$65:J$65)) -> #REF! | L42: =L$49*(SUM(G58:K58)/SUM(G$65:K$65)) -> #REF! | M42: =M$49*(SUM(H58:L58)/SUM(H$65:L$65)) -> #REF! | N42: =N$49*(SUM(I58:M58)/SUM(I$65:M$65)) -> #REF! | O42: =O$49*(SUM(J58:N58)/SUM(J$65:N$65)) -> #REF! | ... Q42: =Q$49*(SUM(L58:P58)/SUM(L$65:P$65)) -> #REF!
A43: July | B43: ='[3]US SAF Imports'!MD$290 -> 0 | C43: ='[3]US SAF Imports'!MP$290 -> 0 | D43: ='[3]US SAF Imports'!NB$290 -> 0 | E43: ='[3]US SAF Imports'!NN$290 -> 0 | F43: ='[3]US SAF Imports'!NZ$290 -> 0 | G43: ='[3]US SAF Imports'!OL$290 -> 0 | H43: =H$49*(SUM(C59:G59)/SUM(C$65:G$65)) -> #REF! | I43: =I$49*(SUM(D59:H59)/SUM(D$65:H$65)) -> #REF! | J43: =J$49*(SUM(E59:I59)/SUM(E$65:I$65)) -> #REF! | K43: =K$49*(SUM(F59:J59)/SUM(F$65:J$65)) -> #REF! | L43: =L$49*(SUM(G59:K59)/SUM(G$65:K$65)) -> #REF! | M43: =M$49*(SUM(H59:L59)/SUM(H$65:L$65)) -> #REF! | N43: =N$49*(SUM(I59:M59)/SUM(I$65:M$65)) -> #REF! | O43: =O$49*(SUM(J59:N59)/SUM(J$65:N$65)) -> #REF! | ... Q43: =Q$49*(SUM(L59:P59)/SUM(L$65:P$65)) -> #REF!
A44: August | B44: ='[3]US SAF Imports'!ME$290 -> 0 | C44: ='[3]US SAF Imports'!MQ$290 -> 0 | D44: ='[3]US SAF Imports'!NC$290 -> 0 | E44: ='[3]US SAF Imports'!NO$290 -> 0 | F44: ='[3]US SAF Imports'!OA$290 -> 0 | G44: ='[3]US SAF Imports'!OM$290 -> 0 | H44: =H$49*(SUM(C60:G60)/SUM(C$65:G$65)) -> #REF! | I44: =I$49*(SUM(D60:H60)/SUM(D$65:H$65)) -> #REF! | J44: =J$49*(SUM(E60:I60)/SUM(E$65:I$65)) -> #REF! | K44: =K$49*(SUM(F60:J60)/SUM(F$65:J$65)) -> #REF! | L44: =L$49*(SUM(G60:K60)/SUM(G$65:K$65)) -> #REF! | M44: =M$49*(SUM(H60:L60)/SUM(H$65:L$65)) -> #REF! | N44: =N$49*(SUM(I60:M60)/SUM(I$65:M$65)) -> #REF! | O44: =O$49*(SUM(J60:N60)/SUM(J$65:N$65)) -> #REF! | ... Q44: =Q$49*(SUM(L60:P60)/SUM(L$65:P$65)) -> #REF!
A45: September | B45: ='[3]US SAF Imports'!MF$290 -> 0 | C45: ='[3]US SAF Imports'!MR$290 -> 0 | D45: ='[3]US SAF Imports'!ND$290 -> 0 | E45: ='[3]US SAF Imports'!NP$290 -> 0 | F45: ='[3]US SAF Imports'!OB$290 -> 0 | G45: ='[3]US SAF Imports'!ON$290 -> 0 | H45: =H$49*(SUM(C61:G61)/SUM(C$65:G$65)) -> #REF! | I45: =I$49*(SUM(D61:H61)/SUM(D$65:H$65)) -> #REF! | J45: =J$49*(SUM(E61:I61)/SUM(E$65:I$65)) -> #REF! | K45: =K$49*(SUM(F61:J61)/SUM(F$65:J$65)) -> #REF! | L45: =L$49*(SUM(G61:K61)/SUM(G$65:K$65)) -> #REF! | M45: =M$49*(SUM(H61:L61)/SUM(H$65:L$65)) -> #REF! | N45: =N$49*(SUM(I61:M61)/SUM(I$65:M$65)) -> #REF! | O45: =O$49*(SUM(J61:N61)/SUM(J$65:N$65)) -> #REF! | ... Q45: =Q$49*(SUM(L61:P61)/SUM(L$65:P$65)) -> #REF!
A46: October | B46: ='[3]US SAF Imports'!MG$290 -> 0 | C46: ='[3]US SAF Imports'!MS$290 -> 0 | D46: ='[3]US SAF Imports'!NE$290 -> 0 | E46: ='[3]US SAF Imports'!NQ$290 -> 0 | F46: ='[3]US SAF Imports'!OC$290 -> 0 | G46: ='[3]US SAF Imports'!OO$290 -> 1.512 | H46: =H$49*(SUM(C62:G62)/SUM(C$65:G$65)) -> #REF! | I46: =I$49*(SUM(D62:H62)/SUM(D$65:H$65)) -> #REF! | J46: =J$49*(SUM(E62:I62)/SUM(E$65:I$65)) -> #REF! | K46: =K$49*(SUM(F62:J62)/SUM(F$65:J$65)) -> #REF! | L46: =L$49*(SUM(G62:K62)/SUM(G$65:K$65)) -> #REF! | M46: =M$49*(SUM(H62:L62)/SUM(H$65:L$65)) -> #REF! | N46: =N$49*(SUM(I62:M62)/SUM(I$65:M$65)) -> #REF! | O46: =O$49*(SUM(J62:N62)/SUM(J$65:N$65)) -> #REF! | ... Q46: =Q$49*(SUM(L62:P62)/SUM(L$65:P$65)) -> #REF!
A47: November | B47: ='[3]US SAF Imports'!MH$290 -> 0 | C47: ='[3]US SAF Imports'!MT$290 -> 0 | D47: ='[3]US SAF Imports'!NF$290 -> 0 | E47: ='[3]US SAF Imports'!NR$290 -> 0 | F47: ='[3]US SAF Imports'!OD$290 -> 0 | G47: ='[3]US SAF Imports'!OP$290 -> 0 | H47: =H$49*(SUM(C63:G63)/SUM(C$65:G$65)) -> #REF! | I47: =I$49*(SUM(D63:H63)/SUM(D$65:H$65)) -> #REF! | J47: =J$49*(SUM(E63:I63)/SUM(E$65:I$65)) -> #REF! | K47: =K$49*(SUM(F63:J63)/SUM(F$65:J$65)) -> #REF! | L47: =L$49*(SUM(G63:K63)/SUM(G$65:K$65)) -> #REF! | M47: =M$49*(SUM(H63:L63)/SUM(H$65:L$65)) -> #REF! | N47: =N$49*(SUM(I63:M63)/SUM(I$65:M$65)) -> #REF! | O47: =O$49*(SUM(J63:N63)/SUM(J$65:N$65)) -> #REF! | ... Q47: =Q$49*(SUM(L63:P63)/SUM(L$65:P$65)) -> #REF!
A48: December | B48: ='[3]US SAF Imports'!MI$290 -> 0 | C48: ='[3]US SAF Imports'!MU$290 -> 0 | D48: ='[3]US SAF Imports'!NG$290 -> 0 | E48: ='[3]US SAF Imports'!NS$290 -> 0 | F48: ='[3]US SAF Imports'!OE$290 -> 0 | G48: ='[3]US SAF Imports'!OQ$290 -> 0 | H48: =H49-SUM(H37:H47) -> #REF! | I48: =I49-SUM(I37:I47) -> #REF! | J48: =J49-SUM(J37:J47) -> #REF! | K48: =K49-SUM(K37:K47) -> #REF! | L48: =L49-SUM(L37:L47) -> #REF! | M48: =M49-SUM(M37:M47) -> #REF! | N48: =N49-SUM(N37:N47) -> #REF! | O48: =O49-SUM(O37:O47) -> #REF! | ... Q48: =Q49-SUM(Q37:Q47) -> #REF!
A49: Total | B49: =SUM(B37:B48) -> 0 | C49: =SUM(C37:C48) -> 0 | D49: =SUM(D37:D48) -> 0 | E49: =SUM(E37:E48) -> 6536.838 | F49: =SUM(F37:F48) -> 146.832 | G49: =SUM(G37:G48) -> 211.512 | H49: =H7 -> #REF! | I49: =I7 -> #REF! | J49: =J7 -> #REF! | K49: =K7 -> #REF! | L49: =L7 -> #REF! | M49: =M7 -> #REF! | N49: =N7 -> #REF! | O49: =O7 -> #REF! | ... Q49: =Q7 -> #REF!
A51: SAF Imports - Environmental Protection Agency
A52: thousand gallons | B52: =B4 -> 2018 | C52: =C4 -> 2019 | D52: =D4 -> 2020 | E52: =E4 -> 2021 | F52: =F4 -> 2022 | G52: =G4 -> 2023 | H52: =H4 -> 2024 | I52: =I4 -> 2025 | ... Q52: =Q4 -> 2033
A53: January | B53: =#REF!/1000 -> #REF! | C53: =#REF!/1000 -> #REF! | D53: =#REF!/1000 -> #REF! | E53: =#REF!/1000 -> #REF! | F53: =#REF!/1000 -> #REF! | G53: =#REF!/1000 -> #REF! | H53: =#REF!/1000 -> #REF! | I53: =#REF!/1000 -> #REF! | ... R53: =#REF!/1000 -> #REF!
A54: February | B54: =#REF!/1000 -> #REF! | C54: =#REF!/1000 -> #REF! | D54: =#REF!/1000 -> #REF! | E54: =#REF!/1000 -> #REF! | F54: =#REF!/1000 -> #REF! | G54: =#REF!/1000 -> #REF! | H54: =#REF!/1000 -> #REF! | I54: =#REF!/1000 -> #REF! | ... R54: =#REF!/1000 -> #REF!
A55: March | B55: =#REF!/1000 -> #REF! | C55: =#REF!/1000 -> #REF! | D55: =#REF!/1000 -> #REF! | E55: =#REF!/1000 -> #REF! | F55: =#REF!/1000 -> #REF! | G55: =#REF!/1000 -> #REF! | H55: =#REF!/1000 -> #REF! | I55: =#REF!/1000 -> #REF! | ... R55: =#REF!/1000 -> #REF!
A56: April | B56: =#REF!/1000 -> #REF! | C56: =#REF!/1000 -> #REF! | D56: =#REF!/1000 -> #REF! | E56: =#REF!/1000 -> #REF! | F56: =#REF!/1000 -> #REF! | G56: =#REF!/1000 -> #REF! | H56: =#REF!/1000 -> #REF! | I56: =#REF!/1000 -> #REF! | ... R56: =#REF!/1000 -> #REF!
A57: May | B57: =#REF!/1000 -> #REF! | C57: =#REF!/1000 -> #REF! | D57: =#REF!/1000 -> #REF! | E57: =#REF!/1000 -> #REF! | F57: =#REF!/1000 -> #REF! | G57: =#REF!/1000 -> #REF! | H57: =#REF!/1000 -> #REF! | I57: =#REF!/1000 -> #REF! | ... R57: =#REF!/1000 -> #REF!
A58: June | B58: =#REF!/1000 -> #REF! | C58: =#REF!/1000 -> #REF! | D58: =#REF!/1000 -> #REF! | E58: =#REF!/1000 -> #REF! | F58: =#REF!/1000 -> #REF! | G58: =#REF!/1000 -> #REF! | H58: =#REF!/1000 -> #REF! | I58: =#REF!/1000 -> #REF! | ... R58: =#REF!/1000 -> #REF!
A59: July | B59: =#REF!/1000 -> #REF! | C59: =#REF!/1000 -> #REF! | D59: =#REF!/1000 -> #REF! | E59: =#REF!/1000 -> #REF! | F59: =#REF!/1000 -> #REF! | G59: =#REF!/1000 -> #REF! | H59: =#REF!/1000 -> #REF! | I59: =#REF!/1000 -> #REF! | ... R59: =#REF!/1000 -> #REF!
A60: August | B60: =#REF!/1000 -> #REF! | C60: =#REF!/1000 -> #REF! | D60: =#REF!/1000 -> #REF! | E60: =#REF!/1000 -> #REF! | F60: =#REF!/1000 -> #REF! | G60: =#REF!/1000 -> #REF! | H60: =#REF!/1000 -> #REF! | I60: =#REF!/1000 -> #REF! | ... R60: =#REF!/1000 -> #REF!
A61: September | B61: =#REF!/1000 -> #REF! | C61: =#REF!/1000 -> #REF! | D61: =#REF!/1000 -> #REF! | E61: =#REF!/1000 -> #REF! | F61: =#REF!/1000 -> #REF! | G61: =#REF!/1000 -> #REF! | H61: =#REF!/1000 -> #REF! | I61: =#REF!/1000 -> #REF! | ... R61: =#REF!/1000 -> #REF!
A62: October | B62: =#REF!/1000 -> #REF! | C62: =#REF!/1000 -> #REF! | D62: =#REF!/1000 -> #REF! | E62: =#REF!/1000 -> #REF! | F62: =#REF!/1000 -> #REF! | G62: =#REF!/1000 -> #REF! | H62: =#REF!/1000 -> #REF! | I62: =#REF!/1000 -> #REF! | ... R62: =#REF!/1000 -> #REF!
A63: November | B63: =#REF!/1000 -> #REF! | C63: =#REF!/1000 -> #REF! | D63: =#REF!/1000 -> #REF! | E63: =#REF!/1000 -> #REF! | F63: =#REF!/1000 -> #REF! | G63: =#REF!/1000 -> #REF! | H63: =#REF!/1000 -> #REF! | I63: =#REF!/1000 -> #REF! | ... R63: =#REF!/1000 -> #REF!
A64: December | B64: =#REF!/1000 -> #REF! | C64: =#REF!/1000 -> #REF! | D64: =#REF!/1000 -> #REF! | E64: =#REF!/1000 -> #REF! | F64: =#REF!/1000 -> #REF! | G64: =#REF!/1000 -> #REF! | H64: =#REF!/1000 -> #REF! | I64: =#REF!/1000 -> #REF! | ... R64: =#REF!/1000 -> #REF!
A65: Total | B65: =SUM(B53:B64) -> #REF! | C65: =SUM(C53:C64) -> #REF! | D65: =SUM(D53:D64) -> #REF! | E65: =SUM(E53:E64) -> #REF! | F65: =SUM(F53:F64) -> #REF! | G65: =SUM(G53:G64) -> #REF! | H65: =SUM(H53:H64) -> #REF! | I65: =SUM(I53:I64) -> #REF! | ... R65: =SUM(R53:R64) -> #REF!
A67: SAF Exports - Census Bureau
A68: thousand gallons | B68: =B4 -> 2018 | C68: =C4 -> 2019 | D68: =D4 -> 2020 | E68: =E4 -> 2021 | F68: =F4 -> 2022 | G68: =G4 -> 2023 | H68: =H4 -> 2024 | I68: =I4 -> 2025 | ... Q68: =Q4 -> 2033
A69: January | B69: ='[3]US SAF Exports'!LX$290 -> 0 | C69: ='[3]US SAF Exports'!MJ$290 -> 0 | D69: ='[3]US SAF Exports'!MV$290 -> 0 | E69: ='[3]US SAF Exports'!NH$290 -> 0 | F69: ='[3]US SAF Exports'!NT$290 -> 0 | G69: ='[3]US SAF Exports'!OF$290 -> 0 | H69: ='[3]US SAF Exports'!OR$290 -> 0 | I69: =I$81*(SUM(D53:H53)/SUM(D$65:H$65)) -> #REF! | J69: =J$81*(SUM(E53:I53)/SUM(E$65:I$65)) -> #REF! | K69: =K$81*(SUM(F53:J53)/SUM(F$65:J$65)) -> #REF! | L69: =L$81*(SUM(G53:K53)/SUM(G$65:K$65)) -> #REF! | M69: =M$81*(SUM(H53:L53)/SUM(H$65:L$65)) -> #REF! | N69: =N$81*(SUM(I53:M53)/SUM(I$65:M$65)) -> #REF! | O69: =O$81*(SUM(J53:N53)/SUM(J$65:N$65)) -> #REF! | P69: =P$81*(SUM(K53:O53)/SUM(K$65:O$65)) -> #REF! | Q69: =Q$81*(SUM(L53:P53)/SUM(L$65:P$65)) -> #REF!
A70: February | B70: ='[3]US SAF Exports'!LY$290 -> 0 | C70: ='[3]US SAF Exports'!MK$290 -> 0 | D70: ='[3]US SAF Exports'!MW$290 -> 0 | E70: ='[3]US SAF Exports'!NI$290 -> 0 | F70: ='[3]US SAF Exports'!NU$290 -> 0 | G70: ='[3]US SAF Exports'!OG$290 -> 0 | H70: =H$81*(SUM(C54:G54)/SUM(C$65:G$65)) -> #REF! | I70: =I$81*(SUM(D54:H54)/SUM(D$65:H$65)) -> #REF! | J70: =J$81*(SUM(E54:I54)/SUM(E$65:I$65)) -> #REF! | K70: =K$81*(SUM(F54:J54)/SUM(F$65:J$65)) -> #REF! | L70: =L$81*(SUM(G54:K54)/SUM(G$65:K$65)) -> #REF! | M70: =M$81*(SUM(H54:L54)/SUM(H$65:L$65)) -> #REF! | N70: =N$81*(SUM(I54:M54)/SUM(I$65:M$65)) -> #REF! | O70: =O$81*(SUM(J54:N54)/SUM(J$65:N$65)) -> #REF! | ... Q70: =Q$81*(SUM(L54:P54)/SUM(L$65:P$65)) -> #REF!
A71: March | B71: ='[3]US SAF Exports'!LZ$290 -> 0 | C71: ='[3]US SAF Exports'!ML$290 -> 0 | D71: ='[3]US SAF Exports'!MX$290 -> 0 | E71: ='[3]US SAF Exports'!NJ$290 -> 0 | F71: ='[3]US SAF Exports'!NV$290 -> 0 | G71: ='[3]US SAF Exports'!OH$290 -> 0 | H71: =H$81*(SUM(C55:G55)/SUM(C$65:G$65)) -> #REF! | I71: =I$81*(SUM(D55:H55)/SUM(D$65:H$65)) -> #REF! | J71: =J$81*(SUM(E55:I55)/SUM(E$65:I$65)) -> #REF! | K71: =K$81*(SUM(F55:J55)/SUM(F$65:J$65)) -> #REF! | L71: =L$81*(SUM(G55:K55)/SUM(G$65:K$65)) -> #REF! | M71: =M$81*(SUM(H55:L55)/SUM(H$65:L$65)) -> #REF! | N71: =N$81*(SUM(I55:M55)/SUM(I$65:M$65)) -> #REF! | O71: =O$81*(SUM(J55:N55)/SUM(J$65:N$65)) -> #REF! | ... Q71: =Q$81*(SUM(L55:P55)/SUM(L$65:P$65)) -> #REF!
A72: April | B72: ='[3]US SAF Exports'!MA$290 -> 0 | C72: ='[3]US SAF Exports'!MM$290 -> 0 | D72: ='[3]US SAF Exports'!MY$290 -> 0 | E72: ='[3]US SAF Exports'!NK$290 -> 0 | F72: ='[3]US SAF Exports'!NW$290 -> 0 | G72: ='[3]US SAF Exports'!OI$290 -> 0 | H72: =H$81*(SUM(C56:G56)/SUM(C$65:G$65)) -> #REF! | I72: =I$81*(SUM(D56:H56)/SUM(D$65:H$65)) -> #REF! | J72: =J$81*(SUM(E56:I56)/SUM(E$65:I$65)) -> #REF! | K72: =K$81*(SUM(F56:J56)/SUM(F$65:J$65)) -> #REF! | L72: =L$81*(SUM(G56:K56)/SUM(G$65:K$65)) -> #REF! | M72: =M$81*(SUM(H56:L56)/SUM(H$65:L$65)) -> #REF! | N72: =N$81*(SUM(I56:M56)/SUM(I$65:M$65)) -> #REF! | O72: =O$81*(SUM(J56:N56)/SUM(J$65:N$65)) -> #REF! | ... Q72: =Q$81*(SUM(L56:P56)/SUM(L$65:P$65)) -> #REF!
A73: May | B73: ='[3]US SAF Exports'!MB$290 -> 0 | C73: ='[3]US SAF Exports'!MN$290 -> 0 | D73: ='[3]US SAF Exports'!MZ$290 -> 0 | E73: ='[3]US SAF Exports'!NL$290 -> 0 | F73: ='[3]US SAF Exports'!NX$290 -> 0 | G73: ='[3]US SAF Exports'!OJ$290 -> 0 | H73: =H$81*(SUM(C57:G57)/SUM(C$65:G$65)) -> #REF! | I73: =I$81*(SUM(D57:H57)/SUM(D$65:H$65)) -> #REF! | J73: =J$81*(SUM(E57:I57)/SUM(E$65:I$65)) -> #REF! | K73: =K$81*(SUM(F57:J57)/SUM(F$65:J$65)) -> #REF! | L73: =L$81*(SUM(G57:K57)/SUM(G$65:K$65)) -> #REF! | M73: =M$81*(SUM(H57:L57)/SUM(H$65:L$65)) -> #REF! | N73: =N$81*(SUM(I57:M57)/SUM(I$65:M$65)) -> #REF! | O73: =O$81*(SUM(J57:N57)/SUM(J$65:N$65)) -> #REF! | ... Q73: =Q$81*(SUM(L57:P57)/SUM(L$65:P$65)) -> #REF!
A74: June | B74: ='[3]US SAF Exports'!MC$290 -> 0 | C74: ='[3]US SAF Exports'!MO$290 -> 0 | D74: ='[3]US SAF Exports'!NA$290 -> 0 | E74: ='[3]US SAF Exports'!NM$290 -> 0 | F74: ='[3]US SAF Exports'!NY$290 -> 0 | G74: ='[3]US SAF Exports'!OK$290 -> 0 | H74: =H$81*(SUM(C58:G58)/SUM(C$65:G$65)) -> #REF! | I74: =I$81*(SUM(D58:H58)/SUM(D$65:H$65)) -> #REF! | J74: =J$81*(SUM(E58:I58)/SUM(E$65:I$65)) -> #REF! | K74: =K$81*(SUM(F58:J58)/SUM(F$65:J$65)) -> #REF! | L74: =L$81*(SUM(G58:K58)/SUM(G$65:K$65)) -> #REF! | M74: =M$81*(SUM(H58:L58)/SUM(H$65:L$65)) -> #REF! | N74: =N$81*(SUM(I58:M58)/SUM(I$65:M$65)) -> #REF! | O74: =O$81*(SUM(J58:N58)/SUM(J$65:N$65)) -> #REF! | ... Q74: =Q$81*(SUM(L58:P58)/SUM(L$65:P$65)) -> #REF!
A75: July | B75: ='[3]US SAF Exports'!MD$290 -> 0 | C75: ='[3]US SAF Exports'!MP$290 -> 0 | D75: ='[3]US SAF Exports'!NB$290 -> 0 | E75: ='[3]US SAF Exports'!NN$290 -> 0 | F75: ='[3]US SAF Exports'!NZ$290 -> 0 | G75: ='[3]US SAF Exports'!OL$290 -> 0 | H75: =H$81*(SUM(C59:G59)/SUM(C$65:G$65)) -> #REF! | I75: =I$81*(SUM(D59:H59)/SUM(D$65:H$65)) -> #REF! | J75: =J$81*(SUM(E59:I59)/SUM(E$65:I$65)) -> #REF! | K75: =K$81*(SUM(F59:J59)/SUM(F$65:J$65)) -> #REF! | L75: =L$81*(SUM(G59:K59)/SUM(G$65:K$65)) -> #REF! | M75: =M$81*(SUM(H59:L59)/SUM(H$65:L$65)) -> #REF! | N75: =N$81*(SUM(I59:M59)/SUM(I$65:M$65)) -> #REF! | O75: =O$81*(SUM(J59:N59)/SUM(J$65:N$65)) -> #REF! | ... Q75: =Q$81*(SUM(L59:P59)/SUM(L$65:P$65)) -> #REF!
A76: August | B76: ='[3]US SAF Exports'!ME$290 -> 0 | C76: ='[3]US SAF Exports'!MQ$290 -> 0 | D76: ='[3]US SAF Exports'!NC$290 -> 0 | E76: ='[3]US SAF Exports'!NO$290 -> 0 | F76: ='[3]US SAF Exports'!OA$290 -> 0 | G76: ='[3]US SAF Exports'!OM$290 -> 0 | H76: =H$81*(SUM(C60:G60)/SUM(C$65:G$65)) -> #REF! | I76: =I$81*(SUM(D60:H60)/SUM(D$65:H$65)) -> #REF! | J76: =J$81*(SUM(E60:I60)/SUM(E$65:I$65)) -> #REF! | K76: =K$81*(SUM(F60:J60)/SUM(F$65:J$65)) -> #REF! | L76: =L$81*(SUM(G60:K60)/SUM(G$65:K$65)) -> #REF! | M76: =M$81*(SUM(H60:L60)/SUM(H$65:L$65)) -> #REF! | N76: =N$81*(SUM(I60:M60)/SUM(I$65:M$65)) -> #REF! | O76: =O$81*(SUM(J60:N60)/SUM(J$65:N$65)) -> #REF! | ... Q76: =Q$81*(SUM(L60:P60)/SUM(L$65:P$65)) -> #REF!
A77: September | B77: ='[3]US SAF Exports'!MF$290 -> 0 | C77: ='[3]US SAF Exports'!MR$290 -> 0 | D77: ='[3]US SAF Exports'!ND$290 -> 0 | E77: ='[3]US SAF Exports'!NP$290 -> 0 | F77: ='[3]US SAF Exports'!OB$290 -> 0 | G77: ='[3]US SAF Exports'!ON$290 -> 0 | H77: =H$81*(SUM(C61:G61)/SUM(C$65:G$65)) -> #REF! | I77: =I$81*(SUM(D61:H61)/SUM(D$65:H$65)) -> #REF! | J77: =J$81*(SUM(E61:I61)/SUM(E$65:I$65)) -> #REF! | K77: =K$81*(SUM(F61:J61)/SUM(F$65:J$65)) -> #REF! | L77: =L$81*(SUM(G61:K61)/SUM(G$65:K$65)) -> #REF! | M77: =M$81*(SUM(H61:L61)/SUM(H$65:L$65)) -> #REF! | N77: =N$81*(SUM(I61:M61)/SUM(I$65:M$65)) -> #REF! | O77: =O$81*(SUM(J61:N61)/SUM(J$65:N$65)) -> #REF! | ... Q77: =Q$81*(SUM(L61:P61)/SUM(L$65:P$65)) -> #REF!
A78: October | B78: ='[3]US SAF Exports'!MG$290 -> 0 | C78: ='[3]US SAF Exports'!MS$290 -> 0 | D78: ='[3]US SAF Exports'!NE$290 -> 0 | E78: ='[3]US SAF Exports'!NQ$290 -> 0 | F78: ='[3]US SAF Exports'!OC$290 -> 0 | G78: ='[3]US SAF Exports'!OO$290 -> 0 | H78: =H$81*(SUM(C62:G62)/SUM(C$65:G$65)) -> #REF! | I78: =I$81*(SUM(D62:H62)/SUM(D$65:H$65)) -> #REF! | J78: =J$81*(SUM(E62:I62)/SUM(E$65:I$65)) -> #REF! | K78: =K$81*(SUM(F62:J62)/SUM(F$65:J$65)) -> #REF! | L78: =L$81*(SUM(G62:K62)/SUM(G$65:K$65)) -> #REF! | M78: =M$81*(SUM(H62:L62)/SUM(H$65:L$65)) -> #REF! | N78: =N$81*(SUM(I62:M62)/SUM(I$65:M$65)) -> #REF! | O78: =O$81*(SUM(J62:N62)/SUM(J$65:N$65)) -> #REF! | ... Q78: =Q$81*(SUM(L62:P62)/SUM(L$65:P$65)) -> #REF!
A79: November | B79: ='[3]US SAF Exports'!MH$290 -> 0 | C79: ='[3]US SAF Exports'!MT$290 -> 0 | D79: ='[3]US SAF Exports'!NF$290 -> 0 | E79: ='[3]US SAF Exports'!NR$290 -> 0 | F79: ='[3]US SAF Exports'!OD$290 -> 0 | G79: ='[3]US SAF Exports'!OP$290 -> 0 | H79: =H$81*(SUM(C63:G63)/SUM(C$65:G$65)) -> #REF! | I79: =I$81*(SUM(D63:H63)/SUM(D$65:H$65)) -> #REF! | J79: =J$81*(SUM(E63:I63)/SUM(E$65:I$65)) -> #REF! | K79: =K$81*(SUM(F63:J63)/SUM(F$65:J$65)) -> #REF! | L79: =L$81*(SUM(G63:K63)/SUM(G$65:K$65)) -> #REF! | M79: =M$81*(SUM(H63:L63)/SUM(H$65:L$65)) -> #REF! | N79: =N$81*(SUM(I63:M63)/SUM(I$65:M$65)) -> #REF! | O79: =O$81*(SUM(J63:N63)/SUM(J$65:N$65)) -> #REF! | ... Q79: =Q$81*(SUM(L63:P63)/SUM(L$65:P$65)) -> #REF!
A80: December | B80: ='[3]US SAF Exports'!MI$290 -> 0 | C80: ='[3]US SAF Exports'!MU$290 -> 0 | D80: ='[3]US SAF Exports'!NG$290 -> 0 | E80: ='[3]US SAF Exports'!NS$290 -> 0 | F80: ='[3]US SAF Exports'!OE$290 -> 0 | G80: ='[3]US SAF Exports'!OQ$290 -> 0 | H80: =H81-SUM(H69:H79) -> #REF! | I80: =I81-SUM(I69:I79) -> #REF! | J80: =J81-SUM(J69:J79) -> #REF! | K80: =K81-SUM(K69:K79) -> #REF! | L80: =L81-SUM(L69:L79) -> #REF! | M80: =M81-SUM(M69:M79) -> #REF! | N80: =N81-SUM(N69:N79) -> #REF! | O80: =O81-SUM(O69:O79) -> #REF! | ... Q80: =Q81-SUM(Q69:Q79) -> #REF!
A81: Total | B81: =SUM(B69:B80) -> 0 | C81: =SUM(C70:C80) -> 0 | D81: =SUM(D69:D80) -> 0 | E81: =SUM(E69:E69) -> 0 | F81: =SUM(F69:F69) -> 0 | G81: =SUM(G69:G80) -> 0 | H81: =H10 -> 0 | I81: =I10 -> 0 | J81: =J10 -> 0 | K81: =K10 -> 0 | L81: =L10 -> 0 | M81: =M10 -> 0 | N81: =N10 -> 0 | O81: =O10 -> 0 | ... Q81: =Q10 -> 0

Sheet SAF
A1: U.S. JET FUEL SUPPLY AND DEMAND (million gallons)
B3: 2023 | C3: 2024 | D3: 2025 | E3: 2026 | F3: 2027 | G3: 2028 | H3: 2029 | I3: 2030 | J3: 2031 | K3: 2032 | L3: 2033 | M3: 2034 | N3: 2035
A4: BEGINNING STOCKS | B4: 1399.8 | C4: 1650 | D4: 1700 | E4: 1700 | F4: 1750 | G4: 1750 | H4: 1800 | I4: 1800 | J4: 1800 | K4: 1800 | L4: 1800 | M4: 1850 | N4: 1900
A5: JET FUEL SUPPLIED | B5: 24500 | C5: 25750 | D5: 27000 | E5: 28250 | F5: 29500 | G5: 30750 | H5: 31750 | I5: 32500 | J5: 33250 | K5: 33750 | L5: 34500 | M5: 35000 | N5: 35500
A6: NET TRADE FLOWS | B6: 900 | C6: 950 | D6: 700 | E6: 500 | F6: 250 | G6: 50 | H6: -200 | I6: -200 | J6: -450 | K6: -450 | L6: -650 | M6: -600 | N6: -600
A7: TOTAL SUPPLY | B7: 25400 | C7: 26700 | D7: 27700 | E7: 28750 | F7: 29750 | G7: 30800 | H7: 31550 | I7: 32300 | J7: 32800 | K7: 33300 | L7: 33850 | M7: 34400 | N7: 34900
A8: IMPLIED DOMESTIC CONSUMPTION | B8: 23750 | C8: 25000 | D8: 26000 | E8: 27000 | F8: 28000 | G8: 29000 | H8: 29750 | I8: 30500 | J8: 31000 | K8: 31500 | L8: 32000 | M8: 32500 | N8: 33000
A9: ENDING STOCKS | B9: 1650 | C9: 1700 | D9: 1700 | E9: 1750 | F9: 1750 | G9: 1800 | H9: 1800 | I9: 1800 | J9: 1800 | K9: 1800 | L9: 1850 | M9: 1900 | N9: 1900
A11: SUSTAINABLE AVAITION FUEL PRODUCTION | B11: =SUM(#REF!)/1000000 -> #REF! | C11: =SUM(#REF!)/1000000 -> #REF! | D11: =SUM(#REF!)/1000000 -> #REF! | E11: =SUM(#REF!)/1000000 -> #REF! | F11: =SUM(#REF!)/1000000 -> #REF! | G11: =SUM(#REF!)/1000000 -> #REF! | H11: =SUM(#REF!)/1000000 -> #REF! | I11: =SUM(#REF!)/1000000 -> #REF! | ... N11: =SUM(#REF!)/1000000 -> #REF!
A12: SUSTAINABLE AVAITION FUEL IMPORTS | B12: =SUM(#REF!)/1000000 -> #REF! | C12: =SUM(#REF!)/1000000 -> #REF! | D12: =SUM(#REF!)/1000000 -> #REF! | E12: =SUM(#REF!)/1000000 -> #REF! | F12: =SUM(#REF!)/1000000 -> #REF! | G12: =SUM(#REF!)/1000000 -> #REF! | H12: =SUM(#REF!)/1000000 -> #REF! | I12: =SUM(#REF!)/1000000 -> #REF! | ... N12: =SUM(#REF!)/1000000 -> #REF!
A13: TOTAL SUSTAINABLE AVAITION FUEL SUPPLY | B13: =SUM(B11:B12) -> #REF! | C13: =SUM(C11:C12) -> #REF! | D13: =SUM(D11:D12) -> #REF! | E13: =SUM(E11:E12) -> #REF! | F13: =SUM(F11:F12) -> #REF! | G13: =SUM(G11:G12) -> #REF! | H13: =SUM(H11:H12) -> #REF! | I13: =SUM(I11:I12) -> #REF! | ... N13: =SUM(N11:N12) -> #REF!
A14: IMPLIED BLEND RATE | B14: 0.001476378 | C14: 0.0042134831 | D14: 0.005234657 | E14: 0.010869565 | F14: 0.019327731 | G14: 0.027394481 | H14: 0.034865293 | I14: 0.049922601 | J14: 0.064634146 | K14: 0.078828829 | L14: 0.092614476 | M14: 0.10581395 | N14: 0.11862464
A15: Median Price - California - $/gal. | B15: 6.9931309 | C15: 6.5082209 | D15: 6.3545821 | E15: 6.8096004 | F15: 7.3828597 | G15: 7.801955 | H15: 8.0256308 | I15: 8.2283054 | J15: 8.3541666 | K15: 8.3408488 | L15: 8.1955942 | M15: 8.0145677 | N15: 7.7849541
A17: Domestic Feedstock Requirements (based on 93% rate of conversion relative to biomass-based diesel)
A18: Minimal Improvement in Technology - 8 lbs./gal assumption | B18: =B11*8/0.93 -> #REF! | C18: =C11*8/0.93 -> #REF! | D18: =D11*8/0.93 -> #REF! | E18: =E11*8/0.93 -> #REF! | F18: =F11*8/0.93 -> #REF! | G18: =G11*8/0.93 -> #REF! | H18: =H11*8/0.93 -> #REF! | I18: =I11*8/0.93 -> #REF! | ... N18: =N11*8/0.93 -> #REF!
A19: Modest Improvement in Technology - 7.5 lbs./gal assumption post 2028 | B19: =B11*8/0.93 -> #REF! | C19: =C11*8/0.93 -> #REF! | D19: =D11*8/0.93 -> #REF! | E19: =E11*8/0.93 -> #REF! | F19: =F11*8/0.93 -> #REF! | G19: =G11*8/0.93 -> #REF! | H19: =H11*7.5/0.93 -> #REF! | I19: =I11*7.5/0.93 -> #REF! | J19: =J11*7.5/0.93 -> #REF! | K19: =K11*7.5/0.93 -> #REF! | L19: =L11*7.5/0.93 -> #REF! | M19: =M11*7.5/0.93 -> #REF! | N19: =N11*7.5/0.93 -> #REF!
A20: Aggressive Improvement in Technology - 6.75 lbs./gal assumption post 2028 | B20: =B11*8/0.93 -> #REF! | C20: =C11*8/0.93 -> #REF! | D20: =D11*8/0.93 -> #REF! | E20: =E11*8/0.93 -> #REF! | F20: =F11*7.5/0.93 -> #REF! | G20: =G11*7.5/0.93 -> #REF! | H20: =H11*6.75/0.93 -> #REF! | I20: =I11*6.75/0.93 -> #REF! | J20: =J11*6.75/0.93 -> #REF! | K20: =K11*6.75/0.93 -> #REF! | L20: =L11*6.75/0.93 -> #REF! | M20: =M11*6.75/0.93 -> #REF! | N20: =N11*6.75/0.93 -> #REF!
A22: Imported Feedstock Requirements (based on 93% rate of conversion relative to biomass-based diesel)
A23: Minimal Improvement in Technology - 8 lbs./gal assumption | B23: =B12*8/0.93 -> #REF! | C23: =C12*8/0.93 -> #REF! | D23: =D12*8/0.93 -> #REF! | E23: =E12*8/0.93 -> #REF! | F23: =F12*8/0.93 -> #REF! | G23: =G12*8/0.93 -> #REF! | H23: =H12*8/0.93 -> #REF! | I23: =I12*8/0.93 -> #REF! | ... N23: =N12*8/0.93 -> #REF!
A24: Modest Improvement in Technology - 7.5 lbs./gal assumption post 2028 | B24: =B12*8/0.93 -> #REF! | C24: =C12*8/0.93 -> #REF! | D24: =D12*8/0.93 -> #REF! | E24: =E12*8/0.93 -> #REF! | F24: =F12*8/0.93 -> #REF! | G24: =G12*8/0.93 -> #REF! | H24: =H12*7.5/0.93 -> #REF! | I24: =I12*7.5/0.93 -> #REF! | J24: =J12*7.5/0.93 -> #REF! | K24: =K12*7.5/0.93 -> #REF! | L24: =L12*7.5/0.93 -> #REF! | M24: =M12*7.5/0.93 -> #REF! | N24: =N12*7.5/0.93 -> #REF!
A25: Aggressive Improvement in Technology - 6.75 lbs./gal assumption post 2028 | B25: =B12*8/0.93 -> #REF! | C25: =C12*8/0.93 -> #REF! | D25: =D12*8/0.93 -> #REF! | E25: =E12*8/0.93 -> #REF! | F25: =F12*7.5/0.93 -> #REF! | G25: =G12*7.5/0.93 -> #REF! | H25: =H12*6.75/0.93 -> #REF! | I25: =I12*6.75/0.93 -> #REF! | J25: =J12*6.75/0.93 -> #REF! | K25: =K12*6.75/0.93 -> #REF! | L25: =L12*6.75/0.93 -> #REF! | M25: =M12*6.75/0.93 -> #REF! | N25: =N12*6.75/0.93 -> #REF!
A27: Combined Feedstock Demand for U.S. Sustainable Jet Fuel Demand
A28: High Case | B28: =B23+B18 -> #REF! | C28: =C23+C18 -> #REF! | D28: =D23+D18 -> #REF! | E28: =E23+E18 -> #REF! | F28: =F23+F18 -> #REF! | G28: =G23+G18 -> #REF! | H28: =H23+H18 -> #REF! | I28: =I23+I18 -> #REF! | ... N28: =N23+N18 -> #REF!
A29: Base Case | B29: =B24+B19 -> #REF! | C29: =C24+C19 -> #REF! | D29: =D24+D19 -> #REF! | E29: =E24+E19 -> #REF! | F29: =F24+F19 -> #REF! | G29: =G24+G19 -> #REF! | H29: =H24+H19 -> #REF! | I29: =I24+I19 -> #REF! | ... N29: =N24+N19 -> #REF!
A30: Low Case | B30: =B25+B20 -> #REF! | C30: =C25+C20 -> #REF! | D30: =D25+D20 -> #REF! | E30: =E25+E20 -> #REF! | F30: =F25+F20 -> #REF! | G30: =G25+G20 -> #REF! | H30: =H25+H20 -> #REF! | I30: =I25+I20 -> #REF! | ... N30: =N25+N20 -> #REF!
A33: SAF Expansion Required to be 3 billion gallons by 2030
A34: Needed Production based on Announced Capacity Pattern | B34: =B11 -> #REF! | C34: =C11 -> #REF! | D34: =D11*2 -> #REF! | E34: =E11*2 -> #REF! | F34: =F11*2 -> #REF! | G34: =G11*2 -> #REF! | H34: =H11*2 -> #REF! | I34: =I11*1.75 -> #REF! | J34: =J11*1.75 -> #REF! | K34: =K11*1.75 -> #REF! | L34: =L11*1.75 -> #REF! | M34: =M11*1.75 -> #REF! | N34: =N11*1.75 -> #REF! | U34: 800
A35: Cap Utilization Rate | C35: =C34/C44 -> #REF! | D35: =D34/D44 -> #REF! | E35: =E34/E44 -> #REF! | F35: =F34/F44 -> #REF! | G35: =G34/G44 -> #REF! | H35: =H34/H44 -> #REF! | I35: =I34/I44 -> #REF! | U35: =U34/3.78541 -> 211.33774
U36: =U35/8.02 -> 26.351339
A37: BBD Capacity, not including unannounced projects | C37: =SUM(C45:C60) -> 973.05008 | D37: =SUM(D45:D60) -> 1196.002 | E37: =SUM(E45:E60) -> 1442.3294 | F37: =SUM(F45:F60) -> 1493.2431 | G37: =SUM(G45:G60) -> 1683.0794 | H37: =SUM(H45:H60) -> 1731.1002 | I37: =SUM(I45:I60) -> 1931.1002 | J37: =SUM(J45:J60) -> 2730.5794 | ... N37: =SUM(N45:N60) -> 5238.6002
A44: Total | B44: =SUM(B45:B64) -> 442.76389 | C44: =SUM(C45:C64) -> 991.53223 | D44: =SUM(D45:D64) -> 1218.502 | E44: =SUM(E45:E64) -> 1475.871 | F44: =SUM(F45:F64) -> 1550.4931 | G44: =SUM(G45:G64) -> 1742.0794 | H44: =SUM(H45:H64) -> 1790.1002 | I44: =SUM(I45:I64) -> 1990.1002 | ... N44: =SUM(N45:N64) -> 5297.6002
A45: World Energy - Houston | D45: =AVERAGE('[1]Renewable Diesel'!$I$181:$I$192) -> 117.1875 | E45: =AVERAGE('[1]Renewable Diesel'!$I$193:$I$204) -> 125 | F45: =AVERAGE('[1]Renewable Diesel'!$I$205:$I$216) -> 125 | G45: =AVERAGE('[1]Renewable Diesel'!$I$217:$I$228) -> 250 | H45: =AVERAGE('[1]Renewable Diesel'!$I$229:$I$240) -> 250 | I45: =AVERAGE('[1]Renewable Diesel'!$I$241:$I$252) -> 250 | J45: =AVERAGE('[1]Renewable Diesel'!$I$253:$I$264) -> 250 | K45: =AVERAGE('[1]Renewable Diesel'!$I$265:$I$276) -> 250 | L45: =AVERAGE('[1]Renewable Diesel'!$I$277:$I$288) -> 250 | M45: =AVERAGE('[1]Renewable Diesel'!$I$289:$I$300) -> 250 | N45: =AVERAGE('[1]Renewable Diesel'!$I$301:$I$312) -> 250
A46: World Energy - Long Beach | B46: =AVERAGE('[1]Renewable Diesel'!$H$158:$H$169) -> 95 | C46: =AVERAGE('[1]Renewable Diesel'!$H$170:$H$180) -> 190 | D46: =AVERAGE('[1]Renewable Diesel'!$H$181:$H$192) -> 190 | E46: =AVERAGE('[1]Renewable Diesel'!$H$193:$H$204) -> 190 | F46: =AVERAGE('[1]Renewable Diesel'!$H$205:$H$216) -> 190 | G46: =AVERAGE('[1]Renewable Diesel'!$H$217:$H$228) -> 190 | H46: =AVERAGE('[1]Renewable Diesel'!$H$229:$H$240) -> 190 | I46: =AVERAGE('[1]Renewable Diesel'!$H$241:$H$252) -> 190 | J46: =AVERAGE('[1]Renewable Diesel'!$H$253:$H$264) -> 190 | K46: =AVERAGE('[1]Renewable Diesel'!$H$265:$H$276) -> 190 | L46: =AVERAGE('[1]Renewable Diesel'!$H$277:$H$288) -> 190 | M46: =AVERAGE('[1]Renewable Diesel'!$H$289:$H$300) -> 190 | N46: =AVERAGE('[1]Renewable Diesel'!$H$301:$H$312) -> 190
A47: P-66 - Rodeo | B47: =AVERAGE('[1]Renewable Diesel'!$O$158:$O$169) -> 120 | C47: =AVERAGE('[1]Renewable Diesel'!$O$170:$O$180) -> 419 | D47: =AVERAGE('[1]Renewable Diesel'!$O$181:$O$192) -> 375 | E47: =AVERAGE('[1]Renewable Diesel'!$O$193:$O$204) -> 375 | F47: =AVERAGE('[1]Renewable Diesel'!$O$205:$O$216) -> 375 | G47: =AVERAGE('[1]Renewable Diesel'!$O$217:$O$228) -> 375 | H47: =AVERAGE('[1]Renewable Diesel'!$O$229:$O$240) -> 375 | I47: =AVERAGE('[1]Renewable Diesel'!$O$241:$O$252) -> 375 | J47: =AVERAGE('[1]Renewable Diesel'!$O$253:$O$264) -> 375 | K47: =AVERAGE('[1]Renewable Diesel'!$O$265:$O$276) -> 375 | L47: =AVERAGE('[1]Renewable Diesel'!$O$277:$O$288) -> 375 | M47: =AVERAGE('[1]Renewable Diesel'!$O$289:$O$300) -> 375 | N47: =AVERAGE('[1]Renewable Diesel'!$O$301:$O$312) -> 375
A48: CVR - Wynnewood | B48: =AVERAGE('[1]Renewable Diesel'!$R$158:$R$169) -> 100 | C48: =AVERAGE('[1]Renewable Diesel'!$R$170:$R$180) -> 100 | D48: =AVERAGE('[1]Renewable Diesel'!$R$181:$R$192) -> 100 | E48: =AVERAGE('[1]Renewable Diesel'!$R$193:$R$204) -> 100 | F48: =AVERAGE('[1]Renewable Diesel'!$R$205:$R$216) -> 100 | G48: =AVERAGE('[1]Renewable Diesel'!$R$217:$R$228) -> 100 | H48: =AVERAGE('[1]Renewable Diesel'!$R$229:$R$240) -> 100 | I48: =AVERAGE('[1]Renewable Diesel'!$R$241:$R$252) -> 100 | J48: =AVERAGE('[1]Renewable Diesel'!$R$253:$R$264) -> 100 | K48: =AVERAGE('[1]Renewable Diesel'!$R$265:$R$276) -> 100 | L48: =AVERAGE('[1]Renewable Diesel'!$R$277:$R$288) -> 100 | M48: =AVERAGE('[1]Renewable Diesel'!$R$289:$R$300) -> 100 | N48: =AVERAGE('[1]Renewable Diesel'!$R$301:$R$312) -> 100
A49: CVR - Coffeeville | C49: =AVERAGE('[1]Renewable Diesel'!$S$170:$S$180)*0.41667 -> 23.958525 | D49: =AVERAGE('[1]Renewable Diesel'!$S$181:$S$192)*0.41667 -> 25.0002 | E49: =AVERAGE('[1]Renewable Diesel'!$S$193:$S$204)*0.41667 -> 25.0002 | F49: =AVERAGE('[1]Renewable Diesel'!$S$205:$S$216)*0.41667 -> 25.0002 | G49: =AVERAGE('[1]Renewable Diesel'!$S$217:$S$228)*0.41667 -> 25.0002 | H49: =AVERAGE('[1]Renewable Diesel'!$S$229:$S$240)*0.41667 -> 25.0002 | I49: =AVERAGE('[1]Renewable Diesel'!$S$241:$S$252)*0.41667 -> 25.0002 | J49: =AVERAGE('[1]Renewable Diesel'!$S$253:$S$264)*0.41667 -> 25.0002 | K49: =AVERAGE('[1]Renewable Diesel'!$S$265:$S$276)*0.41667 -> 25.0002 | L49: =AVERAGE('[1]Renewable Diesel'!$S$277:$S$288)*0.41667 -> 25.0002 | M49: =AVERAGE('[1]Renewable Diesel'!$S$289:$S$300)*0.41667 -> 25.0002 | N49: =AVERAGE('[1]Renewable Diesel'!$S$301:$S$312)*0.41667 -> 25.0002
A50: CVR-Redifuels - Iowa | B50: =AVERAGE('[1]Renewable Diesel'!$T$158:$T$169) -> 34.2 | C50: =AVERAGE('[1]Renewable Diesel'!$T$170:$T$180) -> 36 | D50: =AVERAGE('[1]Renewable Diesel'!$T$181:$T$192) -> 36 | E50: =AVERAGE('[1]Renewable Diesel'!$T$193:$T$204) -> 36 | F50: =AVERAGE('[1]Renewable Diesel'!$T$205:$T$216) -> 36 | G50: =AVERAGE('[1]Renewable Diesel'!$T$217:$T$228) -> 36 | H50: =AVERAGE('[1]Renewable Diesel'!$T$229:$T$240) -> 36 | I50: =AVERAGE('[1]Renewable Diesel'!$T$241:$T$252) -> 36 | J50: =AVERAGE('[1]Renewable Diesel'!$T$253:$T$264) -> 36 | K50: =AVERAGE('[1]Renewable Diesel'!$T$265:$T$276) -> 36 | L50: =AVERAGE('[1]Renewable Diesel'!$T$277:$T$288) -> 36 | M50: =AVERAGE('[1]Renewable Diesel'!$T$289:$T$300) -> 36 | N50: =AVERAGE('[1]Renewable Diesel'!$T$301:$T$312) -> 36
A51: Suncor-Lanza Jet - Soperton GA | B51: =AVERAGE('[1]Renewable Diesel'!$Y$158:$Y$169) -> 3.0138889 | C51: =AVERAGE('[1]Renewable Diesel'!$Y$170:$Y$180) -> 3.5 | D51: =AVERAGE('[1]Renewable Diesel'!$Y$181:$Y$192) -> 3.5 | E51: =AVERAGE('[1]Renewable Diesel'!$Y$193:$Y$204) -> 3.5 | F51: =AVERAGE('[1]Renewable Diesel'!$Y$205:$Y$216) -> 3.5 | G51: =AVERAGE('[1]Renewable Diesel'!$Y$217:$Y$228) -> 3.5 | H51: =AVERAGE('[1]Renewable Diesel'!$Y$229:$Y$240) -> 3.5 | I51: =AVERAGE('[1]Renewable Diesel'!$Y$241:$Y$252) -> 3.5 | J51: =AVERAGE('[1]Renewable Diesel'!$Y$253:$Y$264) -> 3.5 | K51: =AVERAGE('[1]Renewable Diesel'!$Y$265:$Y$276) -> 3.5 | L51: =AVERAGE('[1]Renewable Diesel'!$Y$277:$Y$288) -> 3.5 | M51: =AVERAGE('[1]Renewable Diesel'!$Y$289:$Y$300) -> 3.5 | N51: =AVERAGE('[1]Renewable Diesel'!$Y$301:$Y$312) -> 3.5
A52: Gron | C52: =AVERAGE('[1]Renewable Diesel'!$Z$170:$Z$180) -> 51.964286 | D52: =AVERAGE('[1]Renewable Diesel'!$Z$181:$Z$192) -> 57.5 | E52: =AVERAGE('[1]Renewable Diesel'!$Z$193:$Z$204) -> 106.97917 | F52: =AVERAGE('[1]Renewable Diesel'!$Z$205:$Z$216) -> 115 | G52: =AVERAGE('[1]Renewable Diesel'!$Z$217:$Z$228) -> 164.47917 | H52: =AVERAGE('[1]Renewable Diesel'!$Z$229:$Z$240) -> 172.5 | I52: =AVERAGE('[1]Renewable Diesel'!$Z$241:$Z$252) -> 172.5 | J52: =AVERAGE('[1]Renewable Diesel'!$Z$253:$Z$264) -> 221.97917 | K52: =AVERAGE('[1]Renewable Diesel'!$Z$265:$Z$276) -> 230 | L52: =AVERAGE('[1]Renewable Diesel'!$Z$277:$Z$288) -> 230 | M52: =AVERAGE('[1]Renewable Diesel'!$Z$289:$Z$300) -> 230 | N52: =AVERAGE('[1]Renewable Diesel'!$Z$301:$Z$312) -> 230
A53: SAFuels X - Trenton ND | B53: =AVERAGE('[1]Renewable Diesel'!$AE$158:$AE$169) -> 0.55 | C53: =AVERAGE('[1]Renewable Diesel'!$AE$170:$AE$180) -> 0.9 | D53: =AVERAGE('[1]Renewable Diesel'!$AE$181:$AE$192) -> 1.1 | E53: =AVERAGE('[1]Renewable Diesel'!$AE$193:$AE$204) -> 1.1 | F53: =AVERAGE('[1]Renewable Diesel'!$AE$205:$AE$216) -> 1.1 | G53: =AVERAGE('[1]Renewable Diesel'!$AE$217:$AE$228) -> 1.1 | H53: =AVERAGE('[1]Renewable Diesel'!$AE$229:$AE$240) -> 1.1 | I53: =AVERAGE('[1]Renewable Diesel'!$AE$241:$AE$252) -> 1.1 | J53: =AVERAGE('[1]Renewable Diesel'!$AE$253:$AE$264) -> 1.1 | K53: =AVERAGE('[1]Renewable Diesel'!$AE$265:$AE$276) -> 1.1 | L53: =AVERAGE('[1]Renewable Diesel'!$AE$277:$AE$288) -> 1.1 | M53: =AVERAGE('[1]Renewable Diesel'!$AE$289:$AE$300) -> 1.1 | N53: =AVERAGE('[1]Renewable Diesel'!$AE$301:$AE$312) -> 1.1
A54: Calument Montana Refining - Great Falls MT | B54: =AVERAGE('[1]Renewable Diesel'!$AF$158:$AF$169) -> 90 | C54: =AVERAGE('[1]Renewable Diesel'!$AF$170:$AF$180) -> 147.72727 | D54: =AVERAGE('[1]Renewable Diesel'!$AF$181:$AF$192) -> 275 | E54: =AVERAGE('[1]Renewable Diesel'!$AF$193:$AF$204) -> 275 | F54: =AVERAGE('[1]Renewable Diesel'!$AF$205:$AF$216) -> 275 | G54: =AVERAGE('[1]Renewable Diesel'!$AF$217:$AF$228) -> 275 | H54: =AVERAGE('[1]Renewable Diesel'!$AF$229:$AF$240) -> 275 | I54: =AVERAGE('[1]Renewable Diesel'!$AF$241:$AF$252) -> 275 | J54: =AVERAGE('[1]Renewable Diesel'!$AF$253:$AF$264) -> 275 | K54: =AVERAGE('[1]Renewable Diesel'!$AF$265:$AF$276) -> 275 | L54: =AVERAGE('[1]Renewable Diesel'!$AF$277:$AF$288) -> 275 | M54: =AVERAGE('[1]Renewable Diesel'!$AF$289:$AF$300) -> 275 | N54: =AVERAGE('[1]Renewable Diesel'!$AF$301:$AF$312) -> 275
A55: Lanza Jet Mmarquis - Hennepin IL | E55: =AVERAGE('[1]Renewable Diesel'!$AJ$193:$AJ$204) -> 78.75 | F55: =AVERAGE('[1]Renewable Diesel'!$AJ$205:$AJ$216) -> 90 | G55: =AVERAGE('[1]Renewable Diesel'!$AJ$217:$AJ$228) -> 90 | H55: =AVERAGE('[1]Renewable Diesel'!$AJ$229:$AJ$240) -> 90 | I55: =AVERAGE('[1]Renewable Diesel'!$AJ$241:$AJ$252) -> 90 | J55: =AVERAGE('[1]Renewable Diesel'!$AJ$253:$AJ$264) -> 90 | K55: =AVERAGE('[1]Renewable Diesel'!$AJ$265:$AJ$276) -> 90 | L55: =AVERAGE('[1]Renewable Diesel'!$AJ$277:$AJ$288) -> 90 | M55: =AVERAGE('[1]Renewable Diesel'!$AJ$289:$AJ$300) -> 90 | N55: =AVERAGE('[1]Renewable Diesel'!$AJ$301:$AJ$312) -> 90
A56: Indaba Renewable Fuels - Imperial CA | D56: =AVERAGE('[1]Renewable Diesel'!$AO$181:$AO$192) -> 15.714286 | E56: =AVERAGE('[1]Renewable Diesel'!$AO$193:$AO$204) -> 19 | F56: =AVERAGE('[1]Renewable Diesel'!$AO$205:$AO$216) -> 19 | G56: =AVERAGE('[1]Renewable Diesel'!$AO$217:$AO$228) -> 19 | H56: =AVERAGE('[1]Renewable Diesel'!$AO$229:$AO$240) -> 19 | I56: =AVERAGE('[1]Renewable Diesel'!$AO$241:$AO$252) -> 19 | J56: =AVERAGE('[1]Renewable Diesel'!$AO$253:$AO$264) -> 19 | K56: =AVERAGE('[1]Renewable Diesel'!$AO$265:$AO$276) -> 19 | L56: =AVERAGE('[1]Renewable Diesel'!$AO$277:$AO$288) -> 19 | M56: =AVERAGE('[1]Renewable Diesel'!$AO$289:$AO$300) -> 19 | N56: =AVERAGE('[1]Renewable Diesel'!$AO$301:$AO$312) -> 19
A57: Indaba Renewable Fuels - Imperial CA | F57: =AVERAGE('[1]Renewable Diesel'!$AP$205:$AP$216) -> 14 | G57: =AVERAGE('[1]Renewable Diesel'!$AP$217:$AP$228) -> 19 | H57: =AVERAGE('[1]Renewable Diesel'!$AP$229:$AP$240) -> 19 | I57: =AVERAGE('[1]Renewable Diesel'!$AP$241:$AP$252) -> 19 | J57: =AVERAGE('[1]Renewable Diesel'!$AP$253:$AP$264) -> 19 | K57: =AVERAGE('[1]Renewable Diesel'!$AP$265:$AP$276) -> 19 | L57: =AVERAGE('[1]Renewable Diesel'!$AP$277:$AP$288) -> 19 | M57: =AVERAGE('[1]Renewable Diesel'!$AP$289:$AP$300) -> 19 | N57: =AVERAGE('[1]Renewable Diesel'!$AP$301:$AP$312) -> 19
A58: Slate-Starwood - Douglas WY | F58: =AVERAGE('[1]Renewable Diesel'!$AQ$205:$AQ$216) -> 4.6428571 | G58: =AVERAGE('[1]Renewable Diesel'!$AQ$217:$AQ$228) -> 5 | H58: =AVERAGE('[1]Renewable Diesel'!$AQ$229:$AQ$240) -> 5 | I58: =AVERAGE('[1]Renewable Diesel'!$AQ$241:$AQ$252) -> 5 | J58: =AVERAGE('[1]Renewable Diesel'!$AQ$253:$AQ$264) -> 5 | K58: =AVERAGE('[1]Renewable Diesel'!$AQ$265:$AQ$276) -> 5 | L58: =AVERAGE('[1]Renewable Diesel'!$AQ$277:$AQ$288) -> 5 | M58: =AVERAGE('[1]Renewable Diesel'!$AQ$289:$AQ$300) -> 5 | N58: =AVERAGE('[1]Renewable Diesel'!$AQ$301:$AQ$312) -> 5
A59: HOBO #1 | E59: 107 | F59: =AVERAGE('[1]Renewable Diesel'!$AR$205:$AR$216) -> 120 | G59: =AVERAGE('[1]Renewable Diesel'!$AR$217:$AR$228) -> 120 | H59: =AVERAGE('[1]Renewable Diesel'!$AR$229:$AR$240) -> 120 | I59: =AVERAGE('[1]Renewable Diesel'!$AR$241:$AR$252) -> 120 | J59: =AVERAGE('[1]Renewable Diesel'!$AR$253:$AR$264) -> 120 | K59: =AVERAGE('[1]Renewable Diesel'!$AR$265:$AR$276) -> 120 | L59: =AVERAGE('[1]Renewable Diesel'!$AR$277:$AR$288) -> 120 | M59: =AVERAGE('[1]Renewable Diesel'!$AR$289:$AR$300) -> 120 | N59: =AVERAGE('[1]Renewable Diesel'!$AR$301:$AR$312) -> 120
A60: Unannounced | G60: 10 | H60: 50 | I60: 250 | J60: 1000 | K60: 1250 | L60: 1500 | M60: 2350 | N60: 3500
A62: Velocys - Natchez, MS | F62: =AVERAGE('[1]Renewable Diesel'!$AK$205:$AK$216) -> 12.25 | G62: =AVERAGE('[1]Renewable Diesel'!$AK$217:$AK$228) -> 14 | H62: =AVERAGE('[1]Renewable Diesel'!$AK$229:$AK$240) -> 14 | I62: =AVERAGE('[1]Renewable Diesel'!$AK$241:$AK$252) -> 14 | J62: =AVERAGE('[1]Renewable Diesel'!$AK$253:$AK$264) -> 14 | K62: =AVERAGE('[1]Renewable Diesel'!$AK$265:$AK$276) -> 14 | L62: =AVERAGE('[1]Renewable Diesel'!$AK$277:$AK$288) -> 14 | M62: =AVERAGE('[1]Renewable Diesel'!$AK$289:$AK$300) -> 14 | N62: =AVERAGE('[1]Renewable Diesel'!$AK$301:$AK$312) -> 14
A63: Fulcrum Energy - Gary IN - MSW Plant | D63: =AVERAGE('[1]Renewable Diesel'!$V$181:$V$192) -> 0 | E63: =AVERAGE('[1]Renewable Diesel'!$V$193:$V$204) -> 0 | F63: =AVERAGE('[1]Renewable Diesel'!$V$205:$V$216) -> 0 | G63: =AVERAGE('[1]Renewable Diesel'!$V$217:$V$228) -> 0 | H63: =AVERAGE('[1]Renewable Diesel'!$V$229:$V$240) -> 0 | I63: =AVERAGE('[1]Renewable Diesel'!$V$241:$V$252) -> 0 | J63: =AVERAGE('[1]Renewable Diesel'!$V$253:$V$264) -> 0 | K63: =AVERAGE('[1]Renewable Diesel'!$V$265:$V$276) -> 0 | L63: =AVERAGE('[1]Renewable Diesel'!$V$277:$V$288) -> 0 | M63: =AVERAGE('[1]Renewable Diesel'!$V$289:$V$300) -> 0 | N63: =AVERAGE('[1]Renewable Diesel'!$V$301:$V$312) -> 0
A64: Aemetis - Riverbank, CA | C64: =AVERAGE('[1]Renewable Diesel'!$AL$170:$AL$180) -> 18.482143 | D64: =AVERAGE('[1]Renewable Diesel'!$AL$181:$AL$192) -> 22.5 | E64: =AVERAGE('[1]Renewable Diesel'!$AL$193:$AL$204) -> 33.541667 | F64: =AVERAGE('[1]Renewable Diesel'!$AL$205:$AL$216) -> 45 | G64: =AVERAGE('[1]Renewable Diesel'!$AL$217:$AL$228) -> 45 | H64: =AVERAGE('[1]Renewable Diesel'!$AL$229:$AL$240) -> 45 | I64: =AVERAGE('[1]Renewable Diesel'!$AL$241:$AL$252) -> 45 | J64: =AVERAGE('[1]Renewable Diesel'!$AL$253:$AL$264) -> 45 | K64: =AVERAGE('[1]Renewable Diesel'!$AL$265:$AL$276) -> 45 | L64: =AVERAGE('[1]Renewable Diesel'!$AL$277:$AL$288) -> 45 | M64: =AVERAGE('[1]Renewable Diesel'!$AL$289:$AL$300) -> 45 | N64: =AVERAGE('[1]Renewable Diesel'!$AL$301:$AL$312) -> 45
A67: North American - Feedstock Availability (Production + Imports, million pounds)
B68: =[2]Feedstocks!AC$6+[2]Feedstocks!AC$7 -> 69256.09 | C68: =[2]Feedstocks!AD$6+[2]Feedstocks!AD$7 -> 72488.377 | D68: =[2]Feedstocks!AE$6+[2]Feedstocks!AE$7 -> 76790.172 | E68: =[2]Feedstocks!AF$6+[2]Feedstocks!AF$7 -> 76955.726 | F68: =[2]Feedstocks!AG$6+[2]Feedstocks!AG$7 -> 82386.501 | G68: =[2]Feedstocks!AH$6+[2]Feedstocks!AH$7 -> 86126.583 | H68: =[2]Feedstocks!AI$6+[2]Feedstocks!AI$7 -> 87861.393 | I68: =[2]Feedstocks!AJ$6+[2]Feedstocks!AJ$7 -> 90316.525 | ... N68: =[2]Feedstocks!AO$6+[2]Feedstocks!AO$7 -> 101706.14
A69: SBO | B69: ='[2]Soybean Complex'!AC$38+'[2]Soybean Complex'!AC$39 -> 29820.069 | C69: ='[2]Soybean Complex'!AD$38+'[2]Soybean Complex'!AD$39 -> 30764.315 | D69: ='[2]Soybean Complex'!AE$38+'[2]Soybean Complex'!AE$39 -> 31618.507 | E69: ='[2]Soybean Complex'!AF$38+'[2]Soybean Complex'!AF$39 -> 30357.352 | F69: ='[2]Soybean Complex'!AG$38+'[2]Soybean Complex'!AG$39 -> 32933.303 | G69: ='[2]Soybean Complex'!AH$38+'[2]Soybean Complex'!AH$39 -> 33348.396 | H69: ='[2]Soybean Complex'!AI$38+'[2]Soybean Complex'!AI$39 -> 34119.038 | I69: ='[2]Soybean Complex'!AJ$38+'[2]Soybean Complex'!AJ$39 -> 35185.089 | ... N69: ='[2]Soybean Complex'!AO$38+'[2]Soybean Complex'!AO$39 -> 41129.007
A70: CO | B70: ='[2]Canola Complex'!AC$75+'[2]Canola Complex'!AC$76 -> 6156.3194 | C70: ='[2]Canola Complex'!AD$75+'[2]Canola Complex'!AD$76 -> 8209.3434 | D70: ='[2]Canola Complex'!AE$75+'[2]Canola Complex'!AE$76 -> 9400.8644 | E70: ='[2]Canola Complex'!AF$75+'[2]Canola Complex'!AF$76 -> 8029.1669 | F70: ='[2]Canola Complex'!AG$75+'[2]Canola Complex'!AG$76 -> 8155.3786 | G70: ='[2]Canola Complex'!AH$75+'[2]Canola Complex'!AH$76 -> 8744.1786 | H70: ='[2]Canola Complex'!AI$75+'[2]Canola Complex'!AI$76 -> 9160.3814 | I70: ='[2]Canola Complex'!AJ$75+'[2]Canola Complex'!AJ$76 -> 9628.2798 | ... N70: ='[2]Canola Complex'!AO$75+'[2]Canola Complex'!AO$76 -> 11868.49
A71: UCO | B71: =[2]UCO!AC$23+[2]UCO!AC$24 -> 6138.8906 | C71: =[2]UCO!AD$23+[2]UCO!AD$24 -> 9593.1675 | D71: =[2]UCO!AE$23+[2]UCO!AE$24 -> 12459.484 | E71: =[2]UCO!AF$23+[2]UCO!AF$24 -> 12949.859 | F71: =[2]UCO!AG$23+[2]UCO!AG$24 -> 14709.635 | G71: =[2]UCO!AH$23+[2]UCO!AH$24 -> 17332.165 | H71: =[2]UCO!AI$23+[2]UCO!AI$24 -> 18890.333 | I71: =[2]UCO!AJ$23+[2]UCO!AJ$24 -> 22002.387 | ... N71: =[2]UCO!AO$23+[2]UCO!AO$24 -> 36360.598
A72: DCO | B72: =[2]DCO!AC$6 -> 4370.4075 | C72: =[2]DCO!AD$6 -> 4520.0423 | D72: =[2]DCO!AE$6 -> 4732.3509 | E72: =[2]DCO!AF$6 -> 4770.5563 | F72: =[2]DCO!AG$6 -> 4777.7264 | G72: =[2]DCO!AH$6 -> 4839.4539 | H72: =[2]DCO!AI$6 -> 4958.4723 | I72: =[2]DCO!AJ$6 -> 5049.4344 | ... N72: =[2]DCO!AO$6 -> 5735.7153
A73: Tallow | B73: ='[2]Inedible Tallow'!AC$6+'[2]Inedible Tallow'!AC$7 -> 7030.4871 | C73: ='[2]Inedible Tallow'!AD$6+'[2]Inedible Tallow'!AD$7 -> 7363.5453 | D73: ='[2]Inedible Tallow'!AE$6+'[2]Inedible Tallow'!AE$7 -> 8004.5251 | E73: ='[2]Inedible Tallow'!AF$6+'[2]Inedible Tallow'!AF$7 -> 9249.8728 | F73: ='[2]Inedible Tallow'!AG$6+'[2]Inedible Tallow'!AG$7 -> 9666.3548 | G73: ='[2]Inedible Tallow'!AH$6+'[2]Inedible Tallow'!AH$7 -> 11356.263 | H73: ='[2]Inedible Tallow'!AI$6+'[2]Inedible Tallow'!AI$7 -> 11527.153 | I73: ='[2]Inedible Tallow'!AJ$6+'[2]Inedible Tallow'!AJ$7 -> 11425.299 | ... N73: ='[2]Inedible Tallow'!AO$6+'[2]Inedible Tallow'!AO$7 -> 15367.637
A74: CWG | B74: ='[2]Choice White Grease'!AC$6+'[2]Choice White Grease'!AC$7 -> 2138.5886 | C74: ='[2]Choice White Grease'!AD$6+'[2]Choice White Grease'!AD$7 -> 2151.3227 | D74: ='[2]Choice White Grease'!AE$6+'[2]Choice White Grease'!AE$7 -> 2200.8143 | E74: ='[2]Choice White Grease'!AF$6+'[2]Choice White Grease'!AF$7 -> 2251.514 | F74: ='[2]Choice White Grease'!AG$6+'[2]Choice White Grease'!AG$7 -> 2413.7918 | G74: ='[2]Choice White Grease'!AH$6+'[2]Choice White Grease'!AH$7 -> 2476.8961 | H74: ='[2]Choice White Grease'!AI$6+'[2]Choice White Grease'!AI$7 -> 2465.3646 | I74: ='[2]Choice White Grease'!AJ$6+'[2]Choice White Grease'!AJ$7 -> 2673.9399 | ... N74: ='[2]Choice White Grease'!AO$6+'[2]Choice White Grease'!AO$7 -> 2943.6312
A75: Poultry Fat | B75: ='[2]Poultry Fat'!AC$6+'[2]Poultry Fat'!AC$7 -> 3315.8844 | C75: ='[2]Poultry Fat'!AD$6+'[2]Poultry Fat'!AD$7 -> 3632.4023 | D75: ='[2]Poultry Fat'!AE$6+'[2]Poultry Fat'!AE$7 -> 3561.3531 | E75: ='[2]Poultry Fat'!AF$6+'[2]Poultry Fat'!AF$7 -> 3666.668 | F75: ='[2]Poultry Fat'!AG$6+'[2]Poultry Fat'!AG$7 -> 3753.9762 | G75: ='[2]Poultry Fat'!AH$6+'[2]Poultry Fat'!AH$7 -> 3842.7965 | H75: ='[2]Poultry Fat'!AI$6+'[2]Poultry Fat'!AI$7 -> 3952.7929 | I75: ='[2]Poultry Fat'!AJ$6+'[2]Poultry Fat'!AJ$7 -> 4012.8467 | ... N75: ='[2]Poultry Fat'!AO$6+'[2]Poultry Fat'!AO$7 -> 4521.3987
A76: Total Supply | B76: =SUM(B69:B75) -> 58970.646 | C76: =SUM(C69:C75) -> 66234.138 | D76: =SUM(D69:D75) -> 71977.899 | E76: =SUM(E69:E75) -> 71274.989 | F76: =SUM(F69:F75) -> 76410.165 | G76: =SUM(G69:G75) -> 81940.15 | H76: =SUM(H69:H75) -> 85073.536 | I76: =SUM(I69:I75) -> 89977.275 | ... N76: =SUM(N69:N75) -> 117926.48
A77: Domestic Non-Biofuel Demand | B77: =[2]Feedstocks!AC$13 -> 40464.507 | C77: =[2]Feedstocks!AD$13 -> 33778.597 | D77: =[2]Feedstocks!AE$13 -> 31717.256 | E77: =[2]Feedstocks!AF$13 -> 35296.618 | F77: =[2]Feedstocks!AG$13 -> 35401.881 | G77: =[2]Feedstocks!AH$13 -> 29694.167 | H77: =[2]Feedstocks!AI$13 -> 30906.887 | I77: =[2]Feedstocks!AJ$13 -> 27693.236 | ... N77: =[2]Feedstocks!AO$13 -> 9989.7962
A78: Available Supply for Biomass-Based Diesel-SAF Production | B78: =B68-B77 -> 28791.583 | C78: =C68-C77 -> 38709.78 | D78: =D68-D77 -> 45072.916 | E78: =E68-E77 -> 41659.108 | F78: =F68-F77 -> 46984.62 | G78: =G68-G77 -> 56432.416 | H78: =H68-H77 -> 56954.507 | I78: =I68-I77 -> 62623.288 | ... N78: =N68-N77 -> 91716.339
A79: Biomass-Based Diesel Demand | B79: =[2]Feedstocks!AC$10 -> 28520.725 | C79: =[2]Feedstocks!AD$10 -> 38622.427 | D79: =[2]Feedstocks!AE$10 -> 44682.917 | E79: =[2]Feedstocks!AF$10 -> 41482.957 | F79: =[2]Feedstocks!AG$10 -> 45805.038 | G79: =[2]Feedstocks!AH$10 -> 55958.129 | H79: =[2]Feedstocks!AI$10 -> 56754.721 | I79: =[2]Feedstocks!AJ$10 -> 62099.411 | ... N79: =[2]Feedstocks!AO$10 -> 91385.209
A80: Excess/Deficit | C80: =C78-C79 -> 87.352509 | D80: =D78-D79 -> 389.99888 | E80: =E78-E79 -> 176.15107 | F80: =F78-F79 -> 1179.5817 | G80: =G78-G79 -> 474.28662 | H80: =H78-H79 -> 199.78559 | I80: =I78-I79 -> 523.87738 | J80: =J78-J79 -> 398.66232 | ... N80: =N78-N79 -> 331.13046
