Workbook

Sheet Dashboard

Sheet Forecasts
B1: Biodiesel West Coast | C1: Renewable Diesel California LA | D1: SBO | E1: Energy Value | F1: Difference | G1: Biod - w/o credits | H1: RD - BioD | J1: Basis Assumptions | K1: Year | L1: Monthly BD movement | M1: Monthly RD movement | P1: Macro-Energy Inflation
A2: 43831 | B2: 3.435 | C2: 1.8632 | D2: 33.150952 | E2: 45.197368 | F2: 12.046416 | G2: 0.58384203 | H2: 1.279358 | I2: -0.635 | J2: Renewable Diesel | K2: 2020
A3: 43862 | B3: 3.3097 | C3: 1.6326 | D3: 30.366842 | E3: 43.548684 | F3: 13.181842 | G3: 0.37382053 | H3: 1.2587795 | I3: 2.765 | J3: Biodiesel | K3: 2020
A4: 43891 | B4: 3.3432 | C4: 1.1818 | D4: 27.017727 | E4: 43.989474 | F4: 16.971746 | G4: 0.45743632 | H4: 0.72436368 | I4: 0.15 | J4: West Coast Adjustment | K4: 2020 | Q4: 45413 | R4: #VALUE! | S4: #VALUE! | T4: -0.0036457318
A5: 43922 | B5: 3.395 | C5: 0.8769 | D5: 26.439048 | E5: 44.671053 | F5: 18.232005 | G5: 0.47833293 | H5: 0.39856707 | K5: 2020 | Q5: 45444 | R5: #VALUE! | S5: #VALUE! | T5: 0.079712379
A6: 43952 | B6: 3.39 | C6: 0.9202 | D6: 26.709 | E6: 44.605263 | F6: 17.896263 | G6: 0.37915358 | H6: 0.54104642 | K6: 2020 | Q6: 45474 | R6: #VALUE! | S6: #VALUE! | T6: -0.19436758
A7: 43983 | B7: 3.505 | C7: 1.154 | D7: 27.929091 | E7: 46.118421 | F7: 18.18933 | G7: 0.43185318 | H7: 0.72214682 | K7: 2020 | Q7: 45505 | R7: #VALUE! | S7: #VALUE! | T7: -0.19971066
A8: 44013 | B8: 3.5668 | C8: 1.2476 | D8: 29.708696 | E8: 46.931579 | F8: 17.222883 | G8: 0.51716393 | H8: 0.73043607 | K8: 2020 | Q8: 45536 | R8: #VALUE! | S8: #VALUE! | T8: -0.11147033
A9: 44044 | B9: 3.625238 | C9: 1.2482 | D9: 31.69381 | E9: 47.7005 | F9: 16.00669 | G9: 0.51147596 | H9: 0.73672404 | K9: 2020 | Q9: 45566 | R9: #VALUE! | S9: #VALUE! | T9: -0.062532376
A10: 44075 | B10: 3.891429 | C10: 1.1354 | D10: 33.534286 | E10: 51.203013 | F10: 17.668727 | G10: 0.5498208 | H10: 0.5855792 | K10: 2020 | Q10: 45597 | R10: #VALUE! | S10: #VALUE! | T10: -0.1490338
A11: 44105 | B11: 3.948864 | C11: 1.1605 | D11: 33.276818 | E11: 51.958737 | F11: 18.681919 | G11: 0.61278014 | H11: 0.54771986 | K11: 2020 | Q11: 45627 | R11: #VALUE! | S11: #VALUE! | T11: -0.0048179093
A12: 44136 | B12: 4.078947 | C12: 1.251 | D12: 36.786 | E12: 53.670355 | F12: 16.884355 | G12: 0.59844353 | H12: 0.65255647 | K12: 2020 | Q12: 45658 | R12: #VALUE! | S12: #VALUE! | T12: 0.7527324
A13: 44166 | B13: 438.9773 | C13: 1.4568 | D13: 38.773333 | E13: 57.760171 | F13: 18.986838 | G13: 0.74391555 | H13: 0.71288445 | K13: 2020 | Q13: 45689 | R13: #VALUE! | S13: #VALUE! | T13: 0.94389448
A14: 44197 | B14: 463.4737 | C14: 1.5875 | D14: 42.912609 | E14: 60.983382 | F14: 18.070773 | G14: 0.93268183 | H14: 0.65481817 | K14: 2021 | Q14: 45717 | R14: 416.57 | S14: 2.1857 | T14: 0.93705896
A15: 44228 | B15: 497.5789 | C15: 1.7951 | D15: 46.628947 | E15: 65.470908 | F15: 18.841961 | G15: 1.2268009 | H15: 0.56829906 | K15: 2021 | Q15: 45748 | R15: 427.32 | S15: 2.2132 | T15: 1.0553786
A16: 44256 | B16: 541.5217 | C16: 1.8699 | D16: 53.37 | E16: 71.252855 | F16: 17.882855 | G16: 1.2103608 | H16: 0.65953924 | K16: 2021 | Q16: 45778 | R16: 429.62 | S16: 2.2562 | T16: 0.91441717
A17: 44287 | B17: 574.2857 | C17: 1.8717 | D17: 55.308571 | E17: 75.563908 | F17: 20.255336 | G17: 1.5065667 | H17: 0.36513329 | K17: 2021 | Q17: 45809 | R17: 424.09 | S17: 2.2109 | T17: 0.96346669
A18: 44317 | B18: 606 | C18: 2.0309 | D18: 65.6395 | E18: 79.736842 | F18: 14.097342 | G18: 1.2096897 | H18: 0.82121026 | K18: 2021 | Q18: 45839 | R18: 414.13 | S18: 2.1713 | T18: 0.93041957
A19: 44348 | B19: 642.2727 | C19: 2.1304 | D19: 64.228182 | E19: 84.509566 | F19: 20.281384 | G19: 1.6552804 | H19: 0.47511963 | K19: 2021 | Q19: 45870 | R19: 409.98 | S19: 2.1398 | T19: 0.88481541
A20: 44378 | B20: 636.1905 | C20: 2.114 | D20: 62.608095 | E20: 83.709276 | F20: 21.101181 | G20: 1.8380848 | H20: 0.2759152 | K20: 2021 | Q20: 45901 | R20: 410.75 | S20: 2.1575 | T20: 0.94354776
A21: 44409 | B21: 635 | C21: 2.0815 | D21: 60.785 | E21: 83.552632 | F21: 22.767632 | G21: 1.7168598 | H21: 0.36464018 | K21: 2021 | Q21: 45931 | R21: 406.05 | S21: 2.1205 | T21: 1.0165478
A22: 44440 | B22: 599.0476 | C22: 2.2091 | D22: 57.189524 | E22: 78.822053 | F22: 21.632529 | G22: 1.8660541 | H22: 0.3430459 | K22: 2021 | Q22: 45962 | R22: 400.95 | S22: 2.0395 | T22: 1.0655478
A23: 44470 | B23: 608.8095 | C23: 2.5256 | D23: 61.24619 | E23: 80.106513 | F23: 18.860323 | G23: 1.8703442 | H23: 0.65525584 | K23: 2021 | Q23: 45992 | R23: 396.11 | S23: 1.9411 | T23: 1.0171478
A24: 44501 | B24: 637 | C24: 2.3986 | D24: 59.211905 | E24: 83.815789 | F24: 24.603885 | G24: 2.5087853 | H24: -0.1101853 | K24: 2021
A25: 44531 | B25: 610.9524 | C25: 2.2559 | D25: 55.205238 | E25: 80.388474 | F25: 25.183236 | G25: 2.3890111 | H25: -0.13311106 | K25: 2021
A26: 44562 | B26: 614.5 | C26: 2.6183 | D26: 60.68 | E26: 80.855263 | F26: 20.175263 | G26: 2.2699875 | H26: 0.34831247 | K26: 2022
A27: 44593 | B27: 660.7895 | C27: 2.8554 | D27: 67.012632 | E27: 86.945987 | F27: 19.933355 | G27: 2.6164662 | H27: 0.23893384 | K27: 2022
A28: 44621 | B28: 724.7826 | C28: 3.6623 | D28: 74.006522 | E28: 95.366132 | F28: 21.35961 | G28: 3.254856 | H28: 0.40744399 | K28: 2022
A29: 44652 | B29: 787.75 | C29: 3.8795 | D29: 79.202 | E29: 103.65132 | F29: 24.449316 | G29: 3.7298203 | H29: 0.14967969 | K29: 2022
A30: 44682 | B30: 798.0952 | C30: 3.9176 | D30: 81.004762 | E30: 105.01253 | F30: 24.007764 | G30: 3.7191982 | H30: 0.19840182 | K30: 2022
A31: 44713 | B31: 791.9048 | C31: 4.3011 | D31: 76.33 | E31: 104.198 | F31: 27.868 | G31: 3.9572046 | H31: 0.34389539 | J31: 2.0452 | K31: 2022
A32: 44743 | B32: 757.55 | C32: 3.6502 | D32: 61.398 | E32: 99.677632 | F32: 38.279632 | G32: 3.7202026 | H32: -0.07000263 | K32: 2022
A33: 44774 | B33: 749.9565 | C33: 3.606 | D33: 67.517826 | E33: 98.678487 | F33: 31.160661 | G33: 3.3245348 | H33: 0.28146521 | K33: 2022
A34: 44805 | B34: 770 | C34: 3.4216 | D34: 66.873333 | E34: 101.31579 | F34: 34.442456 | G34: 3.3245348 | H34: 0.097065212 | K34: 2022 | N34: Fastmarkets Energy Inflation Economic forecast
A35: 44835 | B35: 796.54762 | C35: 3.9615786 | D35: 68.494286 | E35: 104.8089 | F35: 36.314612 | G35: 3.8472365 | H35: 0.11434203 | K35: 2022 | P35: Q2 2023 Forecast | Q35: Q4 2022 Forecast
A36: 44866 | B36: 804.6 | C36: 3.5769 | D36: 75.129524 | E36: 105.86842 | F36: 30.738897 | G36: 3.8472365 | H36: -0.27033654 | K36: 2022 | L36: Realized RD | M36: Realized BD
A37: 44896 | B37: 770 | C37: 2.9495 | D37: 64.20381 | E37: 101.31579 | F37: 37.11198 | G37: 3.7106195 | H37: -0.76111949 | K37: 2022 | R37: Southeast Biodiesel
A38: 44927 | B38: 745.25 | C38: 2.9518 | D38: 62.384 | E38: 98.059211 | F38: 35.675211 | G38: 3.5535684 | H38: -0.60176843 | K38: 2023 | L38: 0.00077979319 | M38: -0.032142857
A39: 44958 | B39: 707.6316 | C39: 2.8294 | D39: 60.783158 | E39: 93.109421 | F39: 32.326263 | G39: 3.3325366 | H39: -0.50313663 | I39: -1.062959 | J39: -0.41 | K39: 2023 | L39: -0.041466224 | M39: -0.050477558 | N39: Q1-23 | P39: -0.067583111 | Q39: -0.071820584
A40: 44986 | B40: 636.5217 | C40: 2.6103 | D40: 56.891304 | E40: 83.752855 | F40: 26.861551 | G40: 2.7414457 | H40: -0.13114573 | K40: 2023 | L40: -0.077436912 | M40: -0.10049 | N40: Q2-23 | P40: 0.001394052 | Q40: 0.057558946 | R40: 709.81605
A41: 45017 | B41: 605 | C41: 2.3999 | D41: 53.917895 | E41: 79.605263 | F41: 25.687368 | G41: 2.2833528 | H41: 0.11654724 | I41: -0.77851742 | J41: -0.037473819 | K41: 2023 | L41: -0.080603762 | M41: -0.049521799 | N41: Q3-23 | P41: -0.0040603248 | Q41: 0.00027610009 | R41: 679.53
A42: 45047 | B42: 594.5 | C42: 2.1654 | D42: 49.765455 | E42: 78.223684 | F42: 28.45823 | G42: 2.1804005 | H42: -0.015000474 | I42: 0.077310924 | J42: 0.48471477 | K42: 2023 | L42: -0.097712405 | M42: -0.017355372 | N42: Q4-23 | P42: -0.0022131625 | Q42: -0.012214057 | R42: 669.4416
A43: 45078 | B43: 580.2381 | C43: 2.2236 | D43: 55.860952 | E43: 76.347118 | F43: 20.486166 | G43: 2.1977868 | H43: 0.025813183 | J43: 0.02 | K43: 2023 | L43: 0.026877251 | M43: -0.023989739 | N43: Q1-24 | P43: -0.0078216204 | Q43: 0.06105697 | R43: 655.73877
A44: 45108 | B44: 595 | C44: 2.5155 | D44: 66.39 | E44: 78.289474 | F44: 11.899474 | G44: 2.1653838 | H44: 0.35011618 | K44: 2023 | L44: 0.13127361 | M44: 0.025441108 | N44: Q2-24 | P44: -0.0068243323 | Q44: 0.081706554 | R44: 669.922
A45: 45139 | B45: 658.0435 | C45: 3.1316 | D45: 65.607391 | E45: 86.584671 | F45: 20.97728 | G45: 2.9811099 | H45: 0.15049006 | K45: 2023 | L45: 0.24492149 | M45: 0.10595546 | N45: Q3-24 | P45: -0.0080559175 | Q45: -0.032411212 | R45: 730.49419
A46: 45170 | B46: 641 | C46: 3.7348 | D46: 61.3165 | E46: 84.342105 | F46: 23.025605 | G46: 3.2324032 | H46: 0.50239683 | K46: 2023 | L46: 0.19261719 | M46: -0.025900263 | N46: Q4-24 | P46: -0.010987699 | Q46: -0.03227024 | R46: 714.1188
A47: 45200 | B47: 592.2727 | C47: 3.2168 | D47: 53.868182 | E47: 77.930618 | F47: 24.062437 | G47: 3.2225846 | H47: -0.0057846169 | K47: 2023 | L47: -0.13869551 | M47: -0.076017629 | N47: Q1-25 | P47: -0.01400797 | Q47: -0.082878315 | R47: 667.30161
A48: 45231 | B48: 560.75 | C48: 2.944 | D48: 51.671429 | E48: 73.782895 | F48: 22.111466 | G48: 2.998484 | H48: -0.054484022 | K48: 2023 | L48: -0.084804775 | M48: -0.053223287 | N48: Q2-25 | P48: -0.013962033 | Q48: -0.00081508257 | R48: 637.0146
A49: 45261 | B49: 546.125 | C49: 2.5879 | D49: 49.773 | E49: 71.858553 | F49: 22.085553 | G49: 2.8554678 | H49: -0.26756782 | K49: 2023 | L49: -0.12095788 | M49: -0.026081141 | N49: Q3-25 | P49: -0.013041858 | Q49: -0.0041496719 | R49: 622.9629
A50: 45292 | B50: 521.4286 | C50: 2.5011 | D50: 47.540476 | E50: 68.609026 | F50: 21.06855 | G50: 2.7617394 | H50: -0.26063939 | I50: 245.25466 | K50: 2024 | L50: -0.033540709 | M50: -0.045221149 | N50: Q4-25 | P50: -0.0030203876 | Q50: -0.0031697414 | R50: 599.2346
A51: 45323 | B51: 493.875 | C51: 2.5948 | D51: 45.64 | E51: 64.983553 | F51: 19.343553 | G51: 2.9281327 | H51: -0.33333273 | I51: 201.06173 | K51: 2024 | L51: 0.037463516 | M51: -0.052842518 | N51: Q1-26 | P51: 0.003029538 | Q51: 0.066240309 | R51: 572.7611
A52: 45352 | B52: 466.5 | C52: 2.6656 | D52: 47.469 | E52: 61.381579 | F52: 13.912579 | G52: 2.556753 | H52: 0.10884695 | I52: 210.8247 | K52: 2024 | L52: 0.02728534 | M52: -0.055429005 | N52: Q2-26 | P52: 0.0030203876 | Q52: -0.0063666521 | R52: 546.4592
A53: 45383 | B53: 466.7045 | C53: 2.6368 | D53: 46.19 | E53: 61.408487 | F53: 15.218487 | G53: 2.6215421 | H53: 0.015257944 | I53: 204.55029 | K53: 2024 | L53: -0.010804322 | M53: 0.00043837085 | N53: Q3-26 | P53: 0.0030112923 | Q53: -0.0028327657 | R53: 546.65568
A54: 45413 | B54: 440.34 | C54: 2.4277 | D54: 44.6123 | E54: 57.939474 | F54: 13.327174 | G54: 2.4313457 | H54: -0.0036457318 | I54: 197.20543 | K54: 2024 | L54: -0.079300667 | M54: -0.056490777 | N54: Q4-26 | P54: 0.0030022517 | Q54: -0.0022658866 | R54: 521.32467
A55: 45444 | B55: 441.58 | C55: 2.4277 | D55: 43.6917 | E55: 58.102632 | F55: 14.410932 | G55: 2.3479876 | H55: 0.079712379 | I55: 206.78124 | K55: 2024 | L55: 0 | M55: 0.0028160058 | N55: Q1-27 | P55: 0.0029932652 | Q55: 0.005016609 | R55: 522.51606
A56: 45474 | B56: 471.82 | C56: 2.32 | D56: 44.6917 | E56: 62.909333 | F56: 18.217633 | G56: 2.5143676 | H56: -0.19436758 | I56: 220.38324 | K56: 2024 | L56: -0.044362977 | M56: 0.068481362 | N56: Q2-27 | P56: 0.0029843323 | Q56: -0.007386172 | R56: 551.57066
A57: 45505 | B57: 445.43 | C57: 2.11 | D57: 45.6917 | E57: 59.390667 | F57: 13.698967 | G57: 2.3097107 | H57: -0.19971066 | I57: 214.45893 | K57: 2024 | L57: -0.090517241 | M57: -0.055932347 | N57: Q3-27 | P57: 0.0029754525 | Q57: 0.0074411335 | R57: 526.21514
A58: 45536 | B58: 434.63 | C58: 2.02 | D58: 41.493 | E58: 57.950667 | F58: 16.457667 | G58: 2.1314703 | H58: -0.11147033 | I58: 221.48297 | K58: 2024 | L58: -0.042654028 | M58: -0.024246234 | N58: Q4-27 | P58: 0.0029666255 | Q58: -0.010623946 | R58: 515.8385
A59: 45566 | B59: 470.17 | C59: 2.17 | D59: 43.2909 | E59: 62.689333 | F59: 19.398433 | G59: 2.2325324 | H59: -0.062532376 | I59: 246.91676 | K59: 2024 | L59: 0.074257426 | M59: 0.081770702 | N59: Q1-28 | P59: 0.0012324378 | Q59: -0.0022157832 | R59: 549.98534
A60: 45597 | B60: 483.9 | C60: 2.29 | D60: 44.6685 | E60: 64.52 | F60: 19.8515 | G60: 2.4390338 | H60: -0.1490338 | I60: 239.99662 | K60: 2024 | L60: 0.055299539 | M60: 0.029202203 | N60: Q2-28 | P60: 0.0029542097 | Q60: -0.0032114793 | R60: 563.17712
A61: 45627 | B61: 483.64 | C61: 2.51 | D61: 41.42 | E61: 64.485333 | F61: 23.065333 | G61: 2.5148179 | H61: -0.0048179093 | I61: 232.15821 | K61: 2024 | L61: 0.096069869 | M61: -0.0005373011 | N61: Q3-28 | P61: 0.0030682376 | Q61: -0.0029133534 | R61: 562.92731
A62: 45658 | B62: 433.45 | C62: 2.76 | D62: 46.11 | E62: 57.793333 | F62: 11.683333 | G62: 2.0072676 | H62: 0.7527324 | I62: 232.72324 | K62: 2025 | L62: 0.099601594 | M62: -0.10377554 | N62: Q4-28 | P62: 0.0029364982 | Q62: -0.00068749785
A63: 45689 | B63: 429.14 | C63: 2.7 | D63: 45.82 | E63: 57.218667 | F63: 11.398667 | G63: 1.7561055 | H63: 0.94389448 | I63: 253.52945 | K63: 2025 | L63: -0.02173913 | M63: -0.0099434768 | N63: Q1-29 | P63: 0.004147859 | Q63: 0
A64: 45717 | B64: 402.5 | C64: 2.45 | D64: 42.1 | E64: 53.666667 | F64: 11.566667 | G64: 1.512941 | H64: 0.93705896 | I64: 251.2059 | K64: 2025 | L64: -0.092592593 | M64: -0.062077644 | N64: Q2-29 | P64: 0.0041307253 | Q64: -0.0022703037
A65: 45748 | B65: 410.32 | C65: 2.5732 | D65: 42.65 | E65: 54.709333 | F65: 12.059333 | G65: 1.5178214 | H65: 1.0553786 | I65: 258.53786 | K65: 2025 | L65: 0.050285714 | M65: 0.019428571 | N65: Q3-29 | P65: 0.0041137326 | Q65: -0.002413377
A66: 45778 | B66: 424.62 | C66: 2.5462 | D66: 44.25 | E66: 56.616 | F66: 12.366 | G66: 1.6317828 | H66: 0.91441717 | I66: 261.44172 | K66: 2025 | L66: -0.010492772 | M66: 0.034850848 | N66: Q4-29 | P66: 0.0040968791 | Q66: -0.003594263
A67: 45809 | B67: 434.09 | C67: 2.6409 | D67: 44.75 | E67: 57.878667 | F67: 13.128667 | G67: 1.6774333 | H67: 0.96346669 | I67: 266.34667 | K67: 2025 | L67: 0.037192679 | M67: 0.022302294 | N67: Q1-30 | P67: 0.0040801632 | Q67: 0.00079775242
A68: 45839 | B68: 439.13 | C68: 2.6913 | D68: 44.85 | E68: 58.550667 | F68: 13.700667 | G68: 1.7608804 | H68: 0.93041957 | I68: 263.04196 | K68: 2025 | L68: 0.019084403 | M68: 0.011610496 | N68: Q2-30 | P68: 0.0040635831 | Q68: -0.0014209468
A69: 45870 | B69: 444.98 | C69: 2.7498 | D69: 43.65 | E69: 59.330667 | F69: 15.680667 | G69: 1.8649846 | H69: 0.88481541 | I69: 258.48154 | K69: 2025 | L69: 0.021736707 | M69: 0.013321795 | N69: Q3-30 | P69: 0.0040471372 | Q69: -0.0015965016
A70: 45901 | B70: 435.75 | C70: 2.6375 | D70: 41.05 | E70: 58.1 | F70: 17.05 | G70: 1.6939522 | H70: 0.94354776 | I70: 266.35478 | K70: 2025 | L70: -0.040839334 | M70: -0.020742505 | N70: Q4-30 | P70: 0.0041493776 | Q70: -0.00052143081
A71: 45931 | B71: 431.05 | C71: 2.7105 | D71: 41.1 | E71: 57.473333 | F71: 16.373333 | G71: 1.6939522 | H71: 1.0165478 | I71: 261.65478 | K71: 2025 | L71: 0.027677725 | M71: -0.010786001 | N71: Q1-31 | P71: 0.0041322314 | Q71: -0.0024346132
A72: 45962 | B72: 435.95 | C72: 2.7595 | D72: 42.45 | E72: 58.126667 | F72: 15.676667 | G72: 1.6939522 | H72: 1.0655478 | I72: 266.55478 | K72: 2025 | L72: 0.018077845 | M72: 0.011367591 | N72: Q2-31 | P72: 0.0041152263 | Q72: -0.0094135695
A73: 45992 | B73: 431.11 | C73: 2.7111 | D73: 42.95 | E73: 57.481333 | F73: 14.531333 | G73: 1.6939522 | H73: 1.0171478 | I73: 261.71478 | K73: 2025 | L73: -0.017539409 | M73: -0.011102191 | N73: Q3-31 | P73: 0.0039812646 | Q73: 0.0024285513
A74: 46023 | B74: 440.72 | C74: 2.6727888 | D74: 42.45 | E74: 58.762667 | F74: 16.312667 | G74: 2.2933193 | H74: 0.37946953 | I74: 211.38807 | K74: 2026 | L74: 0.0059498513 | M74: 0.022291295 | N74: Q4-31 | P74: 0.008
A75: 46054 | B75: 449.66 | C75: 2.6968439 | D75: 40.75 | E75: 59.954667 | F75: 19.204667 | G75: 2.4051634 | H75: 0.29168048 | I75: 209.14366 | K75: 2026 | L75: 0.0059498513 | M75: 0.020284988 | N75: Q1-32 | P75: 0.009
A76: 46082 | B76: 455 | C76: 2.7238123 | D76: 41.8 | E76: 60.666667 | F76: 18.866667 | G76: 2.4697905 | H76: 0.25402183 | I76: 208.02095 | K76: 2026 | L76: 0.0059498513 | M76: 0.011875639 | N76: Q2-32 | P76: 0.01
A77: 46113 | B77: 460 | C77: 2.7483266 | D77: 42.5 | E77: 61.333333 | F77: 18.833333 | G77: 2.4578188 | H77: 0.2905079 | I77: 214.21812 | K77: 2026 | L77: 0.0059146599 | M77: 0.010989011 | N77: Q3-32 | P77: 0.009
A78: 46143 | B78: 462.5 | C78: 2.7703133 | D78: 43.5 | E78: 61.666667 | F78: 18.166667 | G78: 2.4630968 | H78: 0.30721649 | I78: 216.19032 | K78: 2026 | L78: 0.0059146599 | M78: 0.0054347826 | N78: Q4-32 | P78: 0.008
A79: 46174 | B79: 465 | C79: 2.7897055 | D79: 44.5 | E79: 62 | F79: 17.5 | G79: 2.4494185 | H79: 0.34028698 | I79: 220.05815 | K79: 2026 | L79: 0.0059146599 | M79: 0.0054054054 | N79: Q1-33 | P79: 0.007
A80: 46204 | B80: 467.5 | C80: 2.8064437 | D80: 44.5 | E80: 62.333333 | F80: 17.833333 | G80: 2.4698325 | H80: 0.33661115 | I80: 220.51675 | K80: 2026 | L80: 0.0060198796 | M80: 0.0053763441 | N80: Q2-33 | P80: 0.006
A81: 46235 | B81: 470 | C81: 2.8204759 | D81: 43.5 | E81: 62.666667 | F81: 19.166667 | G81: 2.4955982 | H81: 0.3248777 | I81: 220.44018 | K81: 2026 | L81: 0.0060198796 | M81: 0.0053475936 | N81: Q3-33 | P81: 0.005
A82: 46266 | B82: 472.5 | C82: 2.8317578 | D82: 45.75 | E82: 63 | F82: 17.25 | G82: 2.48841 | H82: 0.34334786 | I82: 223.659 | K82: 2026 | L82: 0.0060198796 | M82: 0.0053191489 | N82: Q4-33 | P82: 0.004
A83: 46296 | B83: 475 | C83: 2.8459166 | D83: 45 | E83: 63.333333 | F83: 18.333333 | G83: 2.52049 | H83: 0.32542658 | I83: 222.951 | K83: 2026 | L83: 0.0059838575 | M83: 0.0052910053 | N83: Q1-34 | P83: 0.005
A84: 46327 | B84: 477.5 | C84: 2.8629921 | D84: 47 | E84: 63.666667 | F84: 16.666667 | G84: 2.5277104 | H84: 0.33528169 | I84: 224.72896 | K84: 2026 | L84: 0.0059838575 | M84: 0.0052631579 | N84: Q2-34 | P84: 0.006
A85: 46357 | B85: 480 | C85: 2.883033 | D85: 47.5 | E85: 64 | F85: 16.5 | G85: 2.5076448 | H85: 0.37538821 | I85: 229.23552 | K85: 2026 | L85: 0.0059838575 | M85: 0.0052356021 | N85: Q3-34 | P85: 0.007
... A193: 49644 | B193: 390 | C193: 3.553623 | D193: 61.25 | E193: 52 | F193: -9.25 | G193: 3.4164461 | H193: 0.13717685 | I193: 48.355387 | K193: 2035 | L193: 0.0040632054 | M193: -0.054545455 | N193: Q3-61 | P193: -0.016
A194: 49675 | B194: 382.5 | C194: 3.6175882 | E194: 51 | F194: 51 | G194: 3.4164461 | H194: 0.20114206 | I194: 40.855387 | K194: 2036 | L194: 0.0040467626 | M194: -0.019230769 | N194: Q4-61 | P194: 0.018
A195: 49706 | B195: 372.5 | C195: 3.671852 | E195: 49.666667 | F195: 49.666667 | G195: 3.4164461 | H195: 0.25540588 | I195: 30.855387 | K195: 2036 | L195: 0.0040467626 | M195: -0.026143791 | N195: Q1-62 | P195: 0.015
A196: 49735 | B196: 362.5 | C196: 3.7159142 | E196: 48.333333 | F196: 48.333333 | G196: 3.4164461 | H196: 0.29946811 | I196: 20.855387 | K196: 2036 | L196: 0.0040467626 | M196: -0.026845638 | N196: Q2-62 | P196: 0.012
A197: 49766 | B197: 350 | C197: 3.7493575 | E197: 46.666667 | F197: 46.666667 | G197: 3.4164461 | H197: 0.33291133 | I197: 8.3553875 | K197: 2036 | L197: 0.0041424093 | M197: -0.034482759 | N197: Q3-62 | P197: 0.009
A198: 49796 | B198: 337.5 | C198: 3.7718536 | E198: 45 | F198: 45 | G198: 3.4164461 | H198: 0.35540748 | I198: -4.1446125 | K198: 2036 | L198: 0.0041424093 | M198: -0.035714286 | N198: Q4-62 | P198: 0.006
A199: 49827 | B199: 325 | C199: 3.8058003 | E199: 43.333333 | F199: 43.333333 | G199: 3.4164461 | H199: 0.38935416 | I199: -16.644613 | K199: 2036 | L199: 0.0041424093 | M199: -0.037037037 | N199: Q1-63 | P199: 0.009
A200: 49857 | B200: 312.5 | C200: 3.8286351 | E200: 41.666667 | F200: 41.666667 | G200: 3.4164461 | H200: 0.41218896 | I200: -29.144613 | K200: 2036 | L200: 0.0041253205 | M200: -0.038461538 | N200: Q2-63 | P200: 0.006
A201: 49888 | B201: 297.5 | C201: 3.8171492 | E201: 39.666667 | F201: 39.666667 | G201: 3.4164461 | H201: 0.40070306 | I201: -44.144613 | K201: 2036 | L201: 0.0041253205 | M201: -0.048 | N201: Q3-63 | P201: -0.003
A202: 49919 | B202: 280 | C202: 3.7942463 | E202: 37.333333 | F202: 37.333333 | G202: 3.4164461 | H202: 0.37780016 | I202: -61.644613 | K202: 2036 | L202: 0.0041253205 | M202: -0.058823529 | N202: Q4-63 | P202: -0.006
A203: 49949 | B203: 262.5 | C203: 3.7600981 | E203: 35 | F203: 35 | G203: 3.4164461 | H203: 0.34365195 | I203: -79.144613 | K203: 2036 | L203: 0.0041083722 | M203: -0.0625 | N203: Q1-64 | P203: -0.009
A204: 49980 | B204: 245 | C204: 3.7149769 | E204: 32.666667 | F204: 32.666667 | G204: 3.4164461 | H204: 0.29853077 | I204: -96.644613 | K204: 2036 | L204: 0.0041083722 | M204: -0.066666667 | N204: Q2-64 | P204: -0.012
A205: 50010 | B205: 227.5 | C205: 3.6592522 | E205: 30.333333 | F205: 30.333333 | G205: 3.4164461 | H205: 0.24280612 | I205: -114.14461 | K205: 2036 | L205: 0.0041083722 | M205: -0.071428571 | N205: Q3-64 | P205: -0.015
... A222: 50526 | B222: -12.5 | C222: 4.2845282 | E222: -1.6666667 | F222: -1.6666667 | G222: 3.4164461 | H222: 0.86808204 | I222: -354.14461 | K222: 2038 | L222: 0.0040963077 | M222: -6 | N222: Q4-68 | P222: 0.005
A223: 50557 | B223: #NUM! | C223: 4.258821 | E223: #NUM! | F223: #NUM! | G223: 3.4164461 | H223: 0.84237488 | I223: #NUM! | K223: 2038 | L223: 0.0040980925 | M223: #NUM! | N223: Q1-69 | P223: -0.006
...

Sheet AnnualForecast
C1: Biodiesel West Coast | D1: Max | E1: Min | F1: Range | G1: Renewable Diesel California LA | H1: Max | I1: Min | J1: Range
A2: 2021 | B2: 2021 | C2: 587.67773 | D2: 642.2727 | E2: 463.4737 | F2: 178.799 | G2: 2.0725167 | H2: 2.5256 | I2: 1.5875 | J2: 0.9381
A3: 2022 | B3: 2022 | C3: 752.20635 | D3: 804.6 | E3: 614.5 | F3: 190.1 | G3: 3.5333315 | H3: 4.3011 | I3: 2.6183 | J3: 1.6828
A4: 2023 | B4: 2023 | C4: 621.86105 | D4: 745.25 | E4: 546.125 | F4: 199.125 | G4: 2.7759167 | H4: 3.7348 | I4: 2.1654 | J4: 1.5694
A5: 2024 | B5: 2024 | C5: 468.33484 | D5: 521.4286 | E5: 434.63 | F5: 86.7986 | G5: 2.389475 | H5: 2.6656 | I5: 2.02 | J5: 0.6456
A6: 2025e | B6: 2025 | C6: 429.34083 | D6: 444.98 | E6: 402.5 | F6: 42.48 | G6: 2.6608333 | H6: 2.76 | I6: 2.45 | J6: 0.31
A7: 2026f | B7: 2026 | C7: 464.615 | D7: 480 | E7: 440.72 | F7: 39.28 | G7: 2.7877008 | H7: 2.883033 | I7: 2.6727888 | J7: 0.21024424
A8: 2027f | B8: 2027 | C8: 496.29167 | D8: 505 | E8: 485 | F8: 20 | G8: 2.9872686 | H8: 3.0638675 | I8: 2.9060973 | J8: 0.15777022
A9: 2028 | B9: 2028 | C9: 516.45833 | D9: 582.5 | E9: 467.5 | F9: 115 | G9: 3.0955278 | H9: 3.7498195 | I9: 2.9193456 | J9: 0.83047387
A10: 2029 | B10: 2029 | C10: 606.04167 | D10: 635 | E10: 570 | F10: 65 | G10: 3.7137484 | H10: 3.9242636 | I10: 3.5391688 | J10: 0.38509481
A11: 2030 | B11: 2030 | C11: 621.25 | D11: 637.5 | E11: 587.5 | F11: 50 | G11: 4.0075168 | H11: 4.1652556 | I11: 3.8596664 | J11: 0.30558914
A12: 2031 | B12: 2031 | C12: 610.41667 | D12: 637.5 | E12: 592.5 | F12: 45 | G12: 4.2158114 | H12: 4.535441 | I12: 4.0297838 | J12: 0.50565712
A13: 2032 | B13: 2032 | C13: 586.875 | D13: 622.5 | E13: 552.5 | F13: 70 | G13: 4.1215088 | H13: 4.7663959 | I13: 3.6343954 | J13: 1.1320006
A14: 2033 | B14: 2033 | C14: 557.54167 | D14: 575 | E14: 510 | F14: 65 | G14: 3.4909731 | H14: 4.1496174 | I14: 3.2140512 | J14: 0.93556627
A15: 2034 | B15: 2034 | C15: 492.08333 | D15: 545 | E15: 467.5 | F15: 77.5 | G15: 3.3119856 | H15: 3.5630899 | I15: 3.1658404 | J15: 0.39724953
A16: 2035 | B16: 2035 | C16: 487.08333 | D16: 552.5 | E16: 390 | F16: 162.5 | G16: 3.6866813 | H16: 3.7632532 | I16: 3.553623 | J16: 0.20963026
A17: 2036 | B17: 2036 | C17: 312.91667 | D17: 382.5 | E17: 227.5 | F17: 155 | G17: 3.742227 | H17: 3.8286351 | I17: 3.6175882 | J17: 0.2110469
A18: 2037 | B18: 2037 | C18: 134.16667 | D18: 210 | E18: 62.5 | F18: 147.5 | G18: 3.7707523 | H18: 4.0566388 | I18: 3.6043635 | J18: 0.45227539
B19: 2038 | C19: #NUM! | D19: #NUM! | E19: #NUM! | F19: #NUM! | G19: 4.1973498 | H19: 4.2845282 | I19: 4.0458605 | J19: 0.23866764
B20: 2039 | C20: #NUM! | D20: #NUM! | E20: #NUM! | F20: #NUM! | G20: 4.2605894 | H20: 4.3589665 | I20: 4.118686 | J20: 0.24028051
B21: 2040 | C21: #NUM! | D21: #NUM! | E21: #NUM! | F21: #NUM! | G21: 4.2930659 | H21: 4.6185527 | I21: 4.1036294 | J21: 0.51492327
B22: 2041 | C22: #NUM! | D22: #NUM! | E22: #NUM! | F22: #NUM! | G22: 4.7787545 | H22: 4.8780086 | I22: 4.6062814 | J22: 0.27172719
B23: 2042 | C23: #NUM! | D23: #NUM! | E23: #NUM! | F23: #NUM! | G23: 4.8507539 | H23: 4.9627579 | I23: 4.6891945 | J23: 0.27356347
B24: 2043 | C24: #NUM! | D24: #NUM! | E24: #NUM! | F24: #NUM! | G24: 4.887729 | H24: 5.2583013 | I24: 4.6720523 | J24: 0.58624894

Sheet Sheet2
A2: 45292 | B2: =AVERAGE(Forecasts!B14,Forecasts!B26,Forecasts!B38) -> 607.74123
A3: 45323 | B3: =AVERAGE(Forecasts!B15,Forecasts!B27,Forecasts!B39) -> 622
A4: 45352 | B4: =AVERAGE(Forecasts!B16,Forecasts!B28,Forecasts!B40) -> 634.27533
A5: 45383 | B5: =AVERAGE(Forecasts!B17,Forecasts!B29,Forecasts!B41) -> 655.67857
A6: 45413 | B6: =AVERAGE(Forecasts!B18,Forecasts!B30,Forecasts!B42) -> 666.1984
A7: 45444 | B7: =AVERAGE(Forecasts!B19,Forecasts!B31,Forecasts!B43) -> 671.47187
A8: 45474 | B8: =AVERAGE(Forecasts!B20,Forecasts!B32,Forecasts!B44) -> 662.9135
A9: 45505 | B9: =AVERAGE(Forecasts!B21,Forecasts!B33,Forecasts!B45) -> 681
A10: 45536 | B10: =AVERAGE(Forecasts!B22,Forecasts!B34,Forecasts!B46) -> 670.01587
A11: 45566 | B11: =AVERAGE(Forecasts!B23,Forecasts!B35,Forecasts!B47) -> 665.87661
A12: 45597 | B12: =AVERAGE(Forecasts!B24,Forecasts!B36,Forecasts!B48) -> 667.45
A13: 45627 | B13: =AVERAGE(Forecasts!B25,Forecasts!B37,Forecasts!B49) -> 642.35913
... A37: 46357 | B37: =AVERAGE(Forecasts!B49,Forecasts!B61,Forecasts!B73) -> 486.95833

Sheet Historical Comp
B1: B100 West Coast | C1: HO Futures Monthly Close | D1: B100 Basis | E1: RD Californai Delivered | F1: RD Basis
A2: 38384 | B2: 246.875 | C2: 1.4914 | D2: =B2/100-C2 -> 0.97735
A3: 38412 | B3: 246.5 | C3: 1.6576 | D3: =B3/100-C3 -> 0.8074
A4: 38443 | B4: 266.25 | C4: 1.4358 | D4: =B4/100-C4 -> 1.2267
A5: 38473 | B5: 276.25 | C5: 1.4519 | D5: =B5/100-C5 -> 1.3106
A6: 38504 | B6: 286.5 | C6: 1.6191 | D6: =B6/100-C6 -> 1.2459
A7: 38534 | B7: 292.5 | C7: 1.6362 | D7: =B7/100-C7 -> 1.2888
A8: 38565 | B8: 299 | C8: 2.053 | D8: =B8/100-C8 -> 0.937
A9: 38596 | B9: 310 | C9: 2.0673 | D9: =B9/100-C9 -> 1.0327
A10: 38626 | B10: 311.25 | C10: 1.7698 | D10: =B10/100-C10 -> 1.3427
A11: 38657 | B11: 301.5 | C11: 1.6164 | D11: =B11/100-C11 -> 1.3986
A12: 38687 | B12: 289.375 | C12: 1.728 | D12: =B12/100-C12 -> 1.16575
A13: 38718 | B13: 287.5 | C13: 1.8019 | D13: =B13/100-C13 -> 1.0731
... A173: 43586 | B173: 327.5 | C173: 1.8418 | D173: =B173/100-C173 -> 1.4332
A174: 43617 | B174: 327.2 | C174: 1.9446 | D174: =B174/100-C174 -> 1.3274 | E174: 1.9387 | F174: =C174-E174 -> 0.0059
A175: 43647 | B175: 332.8636 | C175: 1.955 | D175: =B175/100-C175 -> 1.373636 | E175: 1.9293 | F175: =C175-E175 -> 0.0257
A176: 43678 | B176: 338.5 | C176: 1.8282 | D176: =B176/100-C176 -> 1.5568 | E176: 1.8425 | F176: =C176-E176 -> -0.0143
A177: 43709 | B177: 343.975 | C177: 1.9056 | D177: =B177/100-C177 -> 1.53415 | E177: 1.9445 | F177: =C177-E177 -> -0.0389
A178: 43739 | B178: 338.3261 | C178: 1.878 | D178: =B178/100-C178 -> 1.505261 | E178: 1.9381 | F178: =C178-E178 -> -0.0601
A179: 43770
A180: 43800
A181: 43831
A182: 43862
A183: 43891
A184: 43922
A185: 43952
A186: 43983
A187: 44013
A188: 44044
A189: 44075
A190: 44105
A191: 44136
