Workbook

Sheet Graph Dashboard

Sheet Dom Production
B1: Biodiesel | C1: Renewable Diesel | D1: Total Domestic | E1: Biodiesel | F1: Renewable Diesel | K1: Biodiesel | L1: Renewable Diesel
A2: 43831 | B2: =Biodiesel!L3 -> 118403817 | C2: ='Renewable Diesel'!L49 -> 41857492 | K2: =Biodiesel!L119 -> 13737888 | L2: ='Renewable Diesel'!L83 -> 22255917
A3: 43862 | B3: =Biodiesel!L4 -> 128033003 | C3: ='Renewable Diesel'!L50 -> 37300666 | K3: =Biodiesel!L120 -> 11466902 | L3: ='Renewable Diesel'!L84 -> 28371747
A4: 43891 | B4: =Biodiesel!L5 -> 150092678 | C4: ='Renewable Diesel'!L51 -> 45226785 | D4: =SUM(B2:C4) -> 520914441 | E4: =SUM(B2:B4) -> 396529498 | F4: =SUM(C2:C4) -> 124384943 | G4: =E4/D4 -> 0.76121809 | H4: =F4/D4 -> 0.23878191 | K4: =Biodiesel!L121 -> 18577254 | L4: ='Renewable Diesel'!L85 -> 28003510
A5: 43922 | B5: =Biodiesel!L6 -> 149356126 | C5: ='Renewable Diesel'!L52 -> 38638856 | K5: =Biodiesel!L122 -> 18683140 | L5: ='Renewable Diesel'!L86 -> 34291717
A6: 43952 | B6: =Biodiesel!L7 -> 143174223 | C6: ='Renewable Diesel'!L53 -> 46421171 | K6: =Biodiesel!L123 -> 18646666 | L6: ='Renewable Diesel'!L87 -> 44731838
A7: 43983 | B7: =Biodiesel!L8 -> 165519330 | C7: ='Renewable Diesel'!L54 -> 53207936 | D7: =SUM(B5:C7) -> 596317642 | E7: =SUM(B5:B7) -> 458049679 | F7: =SUM(C5:C7) -> 138267963 | G7: =E7/D7 -> 0.76813035 | H7: =F7/D7 -> 0.23186965 | K7: =Biodiesel!L124 -> 16749201 | L7: ='Renewable Diesel'!L88 -> 32703253
A8: 44013 | B8: =Biodiesel!L9 -> 162738265 | C8: ='Renewable Diesel'!L55 -> 46684399 | D8: =D7/D4-1 -> 0.1447516 | E8: =E7/E4-1 -> 0.15514654 | F8: =F7/F4-1 -> 0.11161335 | G8: QTR/QTR Change | K8: =Biodiesel!L125 -> 19995093 | L8: ='Renewable Diesel'!L89 -> 31005857
A9: 44044 | B9: =Biodiesel!L10 -> 171493499 | C9: ='Renewable Diesel'!L56 -> 43952654 | K9: =Biodiesel!L126 -> 16351622 | L9: ='Renewable Diesel'!L90 -> 26890583
A10: 44075 | B10: =Biodiesel!L11 -> 167865219 | C10: ='Renewable Diesel'!L57 -> 48112771 | D10: =SUM(B8:C10) -> 640846807 | E10: =SUM(B8:B10) -> 502096983 | F10: =SUM(C8:C10) -> 138749824 | G10: =E10/D10 -> 0.78348987 | H10: =F10/D10 -> 0.21651013 | K10: =Biodiesel!L127 -> 14054214 | L10: ='Renewable Diesel'!L91 -> 57289669
A11: 44105 | B11: =Biodiesel!L12 -> 149489760 | C11: ='Renewable Diesel'!L58 -> 25237496 | D11: =D10/D7-1 -> 0.074673566 | E11: =E10/E7-1 -> 0.096162722 | F11: =F10/F7-1 -> 0.0034849794 | G11: QTR/QTR Change | K11: =Biodiesel!L128 -> 15282502 | L11: ='Renewable Diesel'!L92 -> 29749291
A12: 44136 | B12: =Biodiesel!L13 -> 142828517 | C12: ='Renewable Diesel'!L59 -> 49060129 | K12: =Biodiesel!L129 -> 21944490 | L12: ='Renewable Diesel'!L93 -> 41385175
A13: 44166 | B13: =Biodiesel!L14 -> 175881221 | C13: ='Renewable Diesel'!L60 -> 57807992 | D13: =SUM(B11:C13) -> 600305115 | E13: =SUM(B11:B13) -> 468199498 | F13: =SUM(C11:C13) -> 132105617 | G13: =E13/D13 -> 0.77993588 | H13: =F13/D13 -> 0.22006412 | K13: =Biodiesel!L130 -> 24004702 | L13: ='Renewable Diesel'!L94 -> 39599341
A14: 44197 | B14: =Biodiesel!M3 -> 107302585 | C14: ='Renewable Diesel'!M49 -> 50374630 | D14: =D13/D10-1 -> -0.063262689 | E14: =E13/E10-1 -> -0.067511828 | F14: =F13/F10-1 -> -0.047886237 | G14: QTR/QTR Change | K14: =Biodiesel!M119 -> 8536219 | L14: ='Renewable Diesel'!M83 -> 29766577
A15: 44228 | B15: =Biodiesel!M4 -> 109881050 | C15: ='Renewable Diesel'!M50 -> 51175710 | D15: =D13/D1-1 -> #VALUE! | E15: =E13/E1-1 -> #VALUE! | F15: =F13/F1-1 -> #VALUE! | G15: YR/YR Change | K15: =Biodiesel!M120 -> 7661613 | L15: ='Renewable Diesel'!M84 -> 29679663
A16: 44256 | B16: =Biodiesel!M5 -> 150338931 | C16: ='Renewable Diesel'!M51 -> 59222033 | D16: =SUM(B14:C16) -> 528294939 | E16: =SUM(B14:B16) -> 367522566 | F16: =SUM(C14:C16) -> 160772373 | G16: =E16/D16 -> 0.69567686 | H16: =F16/D16 -> 0.30432314 | K16: =Biodiesel!M121 -> 15146974 | L16: ='Renewable Diesel'!M85 -> 38324986
A17: 44287 | B17: =Biodiesel!M6 -> 144396494 | C17: ='Renewable Diesel'!M52 -> 50634433 | D17: =D16/D13-1 -> -0.11995596 | E17: =E16/E13-1 -> -0.21502999 | F17: =F16/F13-1 -> 0.21699877 | G17: QTR/QTR Change | K17: =Biodiesel!M122 -> 17336621 | L17: ='Renewable Diesel'!M86 -> 40230238
A18: 44317 | B18: =Biodiesel!M7 -> 150501950 | C18: ='Renewable Diesel'!M53 -> 60051437 | D18: =D16/D4-1 -> 0.01416835 | E18: =E16/E4-1 -> -0.073152016 | F18: =F16/F4-1 -> 0.29253886 | G18: YR/YR Change | K18: =Biodiesel!M123 -> 13326443 | L18: ='Renewable Diesel'!M87 -> 38319787
A19: 44348 | B19: =Biodiesel!M8 -> 154457118 | C19: ='Renewable Diesel'!M54 -> 68859545 | D19: =SUM(B17:C19) -> 628900977 | E19: =SUM(B17:B19) -> 449355562 | F19: =SUM(C17:C19) -> 179545415 | G19: =E19/D19 -> 0.71450924 | H19: =F19/D19 -> 0.28549076 | K19: =Biodiesel!M124 -> 17588416 | L19: ='Renewable Diesel'!M88 -> 43794216
A20: 44378 | B20: =Biodiesel!M9 -> 146890338 | C20: ='Renewable Diesel'!M55 -> 69500573 | D20: =D19/D16-1 -> 0.19043536 | E20: =E19/E16-1 -> 0.22266115 | F20: =F19/F16-1 -> 0.11676784 | G20: QTR/QTR Change | K20: =Biodiesel!M125 -> 15382342 | L20: ='Renewable Diesel'!M89 -> 10928155
A21: 44409 | B21: =Biodiesel!M10 -> 154582245 | C21: ='Renewable Diesel'!M56 -> 82392520 | D21: =D19/D7-1 -> 0.054640904 | E21: =E19/E7-1 -> -0.018980729 | F21: =F19/F7-1 -> 0.29853229 | G21: YR/YR Change | K21: =Biodiesel!M126 -> 11048139 | L21: ='Renewable Diesel'!M90 -> 34357948
A22: 44440 | B22: =Biodiesel!M11 -> 139934774 | C22: ='Renewable Diesel'!M57 -> 55747506 | D22: =SUM(B20:C22) -> 649047956 | E22: =SUM(B20:B22) -> 441407357 | F22: =SUM(C20:C22) -> 207640599 | G22: =E22/D22 -> 0.68008435 | H22: =F22/D22 -> 0.31991565 | K22: =Biodiesel!M127 -> 11792295 | L22: ='Renewable Diesel'!M91 -> 51888046
A23: 44470 | B23: =Biodiesel!M12 -> 139778878 | C23: ='Renewable Diesel'!M58 -> 77344974 | D23: =D22/D19-1 -> 0.032035217 | E23: =E22/E19-1 -> -0.017688008 | F23: =F22/F19-1 -> 0.15647954 | G23: QTR/QTR Change | K23: =Biodiesel!M128 -> 17888148 | L23: ='Renewable Diesel'!M92 -> 42634631
A24: 44501 | B24: =Biodiesel!M13 -> 140856752 | C24: ='Renewable Diesel'!M59 -> 101861084 | D24: =D22/D10-1 -> 0.012797363 | E24: =E22/E10-1 -> -0.12087232 | F24: =F22/F10-1 -> 0.49651072 | G24: YR/YR Change | K24: =Biodiesel!M129 -> 21482583 | L24: ='Renewable Diesel'!M93 -> 31295689
A25: 44531 | B25: =Biodiesel!M14 -> 165708240 | C25: ='Renewable Diesel'!M60 -> 118270462 | D25: =SUM(B23:C25) -> 743820390 | E25: =SUM(B23:B25) -> 446343870 | F25: =SUM(C23:C25) -> 297476520 | G25: =E25/D25 -> 0.60006942 | H25: =F25/D25 -> 0.39993058 | K25: =Biodiesel!M130 -> 51260934 | L25: ='Renewable Diesel'!M94 -> 52164246
A26: 44562 | B26: =Biodiesel!N3 -> 90715015 | C26: ='Renewable Diesel'!N49 -> 87010244 | D26: =D25/D22-1 -> 0.14601761 | E26: =E25/E22-1 -> 0.011183577 | F26: =F25/F22-1 -> 0.43265104 | G26: QTR/QTR Change | I26: =SUM(B26:C26) -> 177725259 | K26: =Biodiesel!N119 -> 12701046 | L26: ='Renewable Diesel'!N83 -> 34682153
A27: 44593 | B27: =Biodiesel!N4 -> 110442650 | C27: ='Renewable Diesel'!N50 -> 101396491 | D27: =D25/D13-1 -> 0.23907055 | E27: =E25/E13-1 -> -0.046680161 | F27: =F25/F13-1 -> 1.2518083 | G27: YR/YR Change | K27: =Biodiesel!N120 -> 6743825 | L27: ='Renewable Diesel'!N84 -> 30274954
A28: 44621 | B28: =Biodiesel!N5 -> 135869438 | C28: ='Renewable Diesel'!N51 -> 110055959 | D28: =SUM(B26:C28) -> 635489797 | E28: =SUM(B26:B28) -> 337027103 | F28: =SUM(C26:C28) -> 298462694 | G28: =E28/D28 -> 0.53034227 | H28: =F28/D28 -> 0.46965773 | K28: =Biodiesel!N121 -> 22680677 | L28: ='Renewable Diesel'!N85 -> 40481924
A29: 44652 | B29: =Biodiesel!N6 -> 144286382 | C29: ='Renewable Diesel'!N52 -> 106480662 | D29: =D28/D25-1 -> -0.1456408 | E29: =E28/E25-1 -> -0.24491603 | F29: =F28/F25-1 -> 0.0033151322 | G29: QTR/QTR Change | K29: =Biodiesel!N122 -> 29873220 | L29: ='Renewable Diesel'!N86 -> 41439888
A30: 44682 | B30: =Biodiesel!N7 -> 139875243 | C30: ='Renewable Diesel'!N53 -> 136075722 | D30: =D28/D16-1 -> 0.20290722 | E30: =E28/E16-1 -> -0.082975757 | F30: =F28/F16-1 -> 0.85643023 | G30: YR/YR Change | K30: =Biodiesel!N123 -> 11776660 | L30: ='Renewable Diesel'!N87 -> 44793746
A31: 44713 | B31: =Biodiesel!N8 -> 142855221 | C31: ='Renewable Diesel'!N54 -> 116253275 | D31: =SUM(B29:C31) -> 785826505 | E31: =SUM(B29:B31) -> 427016846 | F31: =SUM(C29:C31) -> 358809659 | G31: =E31/D31 -> 0.54339838 | H31: =F31/D31 -> 0.45660162 | K31: =Biodiesel!N124 -> 19314836 | L31: ='Renewable Diesel'!N88 -> 37873247
A32: 44743 | B32: =Biodiesel!N9 -> 137545866 | C32: ='Renewable Diesel'!N55 -> 108975538 | D32: =D31/D28-1 -> 0.23656825 | E32: =E31/E28-1 -> 0.2670104 | F32: =F31/F28-1 -> 0.20219266 | G32: QTR/QTR Change | K32: =Biodiesel!N125 -> 8715707 | L32: ='Renewable Diesel'!N89 -> 19083361
A33: 44774 | B33: =Biodiesel!N10 -> 151833118 | C33: ='Renewable Diesel'!N56 -> 122248954 | D33: =D31/D19-1 -> 0.24952343 | E33: =E31/E19-1 -> -0.049712784 | F33: =F31/F19-1 -> 0.99843398 | G33: YR/YR Change | K33: =Biodiesel!N126 -> 15269993 | L33: ='Renewable Diesel'!N90 -> 21091330
A34: 44805 | B34: =Biodiesel!N11 -> 141860945 | C34: ='Renewable Diesel'!N57 -> 127613378 | D34: =SUM(B32:C34) -> 790077799 | E34: =SUM(B32:B34) -> 431239929 | F34: =SUM(C32:C34) -> 358837870 | G34: =E34/D34 -> 0.54581958 | H34: =F34/D34 -> 0.45418042 | K34: =Biodiesel!N127 -> 19091391 | L34: ='Renewable Diesel'!N91 -> 37588428
A35: 44835 | B35: =Biodiesel!N12 -> 138040230 | C35: ='Renewable Diesel'!N58 -> 113679693 | D35: =D34/D31-1 -> 0.0054099651 | E35: =E34/E31-1 -> 0.009889734 | F35: =F34/F31-1 -> 7.8623859e-05 | G35: QTR/QTR Change | K35: =Biodiesel!N128 -> 17330959 | L35: ='Renewable Diesel'!N92 -> 37818997
A36: 44866 | B36: =Biodiesel!N13 -> 141295576 | C36: ='Renewable Diesel'!N59 -> 171787630 | D36: =D34/D22-1 -> 0.21728725 | E36: =E34/E22-1 -> -0.023034115 | F36: =F34/F22-1 -> 0.72816815 | G36: YR/YR Change | K36: =Biodiesel!N129 -> 33817396 | L36: ='Renewable Diesel'!N93 -> 27012384
A37: 44896 | B37: =Biodiesel!N14 -> 145591401 | C37: ='Renewable Diesel'!N60 -> 153759160 | D37: =SUM(B35:C37) -> 864153690 | E37: =SUM(B35:B37) -> 424927207 | F37: =SUM(C35:C37) -> 439226483 | G37: =E37/D37 -> 0.49172643 | H37: =F37/D37 -> 0.50827357 | K37: =Biodiesel!N130 -> 43008881 | L37: ='Renewable Diesel'!N94 -> 40398460
A38: 44927 | B38: =Biodiesel!O3 -> 119548309 | C38: ='Renewable Diesel'!O49 -> 148278375 | D38: =D37/D34-1 -> 0.093757717 | E38: =E37/E34-1 -> -0.014638538 | F38: =F37/F34-1 -> 0.22402489 | G38: QTR/QTR Change | I38: =SUM(B38:C38) -> 267826684 | J38: =SUM(B38:C38)/SUM(B26:C26)-1 -> 0.50697028 | K38: =Biodiesel!O119 -> 24582474 | L38: ='Renewable Diesel'!O83 -> 37899137
A39: 44958 | B39: =Biodiesel!O4 -> 114742607 | C39: ='Renewable Diesel'!O50 -> 141070359 | D39: =D37/D25-1 -> 0.16177736 | E39: =E37/E25-1 -> -0.047982429 | F39: =F37/F25-1 -> 0.47650807 | G39: YR/YR Change | I39: =SUM(B39:C39) -> 255812966 | J39: =SUM(B39:C39)/SUM(B27:C27)-1 -> 0.20758121 | K39: =Biodiesel!O120 -> 40796313 | L39: ='Renewable Diesel'!O84 -> 27487584
A40: 44986 | B40: =Biodiesel!O5 -> 130889308 | C40: ='Renewable Diesel'!O51 -> 184175802 | D40: =SUM(B38:C40) -> 838704760 | E40: =SUM(B38:B40) -> 365180224 | F40: =SUM(C38:C40) -> 473524536 | G40: =E40/D40 -> 0.43540974 | H40: =F40/D40 -> 0.56459026 | I40: =SUM(B40:C40) -> 315065110 | J40: =SUM(B40:C40)/SUM(B28:C28)-1 -> 0.281141 | K40: =Biodiesel!O121 -> 44788401 | L40: ='Renewable Diesel'!O85 -> 35665832
A41: 45017 | B41: =Biodiesel!O6 -> 133835520 | C41: ='Renewable Diesel'!O52 -> 174407540 | D41: =D40/D37-1 -> -0.029449542 | E41: =E40/E37-1 -> -0.14060522 | F41: =F40/F37-1 -> 0.078087398 | G41: QTR/QTR Change | I41: =SUM(B41:C41) -> 308243060 | J41: =SUM(B41:C41)/SUM(B29:C29)-1 -> 0.22920084 | K41: =Biodiesel!O122 -> 34964458 | L41: ='Renewable Diesel'!O86 -> 45063278
A42: 45047 | B42: =Biodiesel!O7 -> 163593533 | C42: ='Renewable Diesel'!O53 -> 229265334 | D42: =D40/D28-1 -> 0.31977691 | E42: =E40/E28-1 -> 0.0835337 | F42: =F40/F28-1 -> 0.58654514 | G42: YR/YR Change | K42: =Biodiesel!O123 -> 39419838 | L42: ='Renewable Diesel'!O87 -> 48678398
A43: 45078 | B43: =Biodiesel!O8 -> 153006295 | C43: ='Renewable Diesel'!O54 -> 202490999 | D43: =SUM(B41:C43) -> 1056599221 | E43: =SUM(B41:B43) -> 450435348 | F43: =SUM(C41:C43) -> 606163873 | G43: =E43/D43 -> 0.42630672 | H43: =F43/D43 -> 0.57369328 | K43: =Biodiesel!O124 -> 41179873 | L43: ='Renewable Diesel'!O88 -> 44223259
A44: 45108 | B44: =Biodiesel!O9 -> 142593233 | C44: ='Renewable Diesel'!O55 -> 182796774 | D44: =D43/D40-1 -> 0.25979877 | E44: =E43/E40-1 -> 0.23346041 | F44: =F43/F40-1 -> 0.2801108 | G44: QTR/QTR Change | K44: =Biodiesel!O125 -> 30319251 | L44: ='Renewable Diesel'!O89 -> 53757888
A45: 45139 | B45: =Biodiesel!O10 -> 152345476 | C45: ='Renewable Diesel'!O56 -> 236476280 | D45: =D43/D31-1 -> 0.34457061 | E45: =E43/E31-1 -> 0.054842103 | F45: =F43/F31-1 -> 0.68937446 | G45: YR/YR Change | K45: =Biodiesel!O126 -> 44239929 | L45: ='Renewable Diesel'!O90 -> 25472526
A46: 45170 | B46: =Biodiesel!O11 -> 143870897 | C46: ='Renewable Diesel'!O57 -> 234008508 | D46: =SUM(B44:C46) -> 1092091168 | E46: =SUM(B44:B46) -> 438809606 | F46: =SUM(C44:C46) -> 653281562 | G46: =E46/D46 -> 0.40180675 | H46: =F46/D46 -> 0.59819325 | K46: =Biodiesel!O127 -> 40464493 | L46: ='Renewable Diesel'!O91 -> 14917676
A47: 45200 | B47: =Biodiesel!O12 -> 144087366 | C47: ='Renewable Diesel'!O58 -> 214031283 | D47: =D46/D43-1 -> 0.033590737 | E47: =E46/E43-1 -> -0.025810013 | F47: =F46/F43-1 -> 0.077730942 | G47: QTR/QTR Change | K47: =Biodiesel!O128 -> 57044013 | L47: ='Renewable Diesel'!O92 -> 53574873
A48: 45231 | B48: =Biodiesel!O13 -> 135076229 | C48: ='Renewable Diesel'!O59 -> 205619514 | D48: =D46/D34-1 -> 0.38225776 | E48: =E46/E34-1 -> 0.017553284 | F48: =F46/F34-1 -> 0.82054799 | G48: YR/YR Change | K48: =Biodiesel!O129 -> 42541477 | L48: ='Renewable Diesel'!O93 -> 45390288
A49: 45261 | B49: =Biodiesel!O14 -> 136732063 | C49: ='Renewable Diesel'!O60 -> 274816428 | D49: =SUM(B47:C49) -> 1110362883 | E49: =SUM(B47:B49) -> 415895658 | F49: =SUM(C47:C49) -> 694467225 | G49: =E49/D49 -> 0.37455832 | H49: =F49/D49 -> 0.62544168 | K49: =Biodiesel!O130 -> 64593783 | L49: ='Renewable Diesel'!O94 -> 48623210
A50: 45292 | B50: =Biodiesel!P3 -> 120715672 | C50: ='Renewable Diesel'!P49 -> 230210264 | D50: =D49/D46-1 -> 0.016730943 | E50: =E49/E46-1 -> -0.052218428 | F50: =F49/F46-1 -> 0.063044276 | G50: QTR/QTR Change | I50: =C50+B50 -> 350925936 | K50: =Biodiesel!P119 -> 40314733 | L50: ='Renewable Diesel'!P83 -> 24232960
A51: 45323 | B51: =Biodiesel!P4 -> 125799224 | C51: ='Renewable Diesel'!P50 -> 230073636 | D51: =D49/D37-1 -> 0.28491366 | E51: =E49/E37-1 -> -0.021254344 | F51: =F49/F37-1 -> 0.58111419 | G51: YR/YR Change | I51: =C51+B51 -> 355872860 | K51: =Biodiesel!P120 -> 51955632 | L51: ='Renewable Diesel'!P84 -> 56213823
A52: 45352 | B52: =Biodiesel!P5 -> 133487105 | C52: ='Renewable Diesel'!P51 -> 215239327 | D52: =SUM(B50:C52) -> 1055525228 | E52: =SUM(B50:B52) -> 380002001 | F52: =SUM(C50:C52) -> 675523227 | G52: =E52/D52 -> 0.36001224 | H52: =F52/D52 -> 0.63998776 | I52: =C52+B52 -> 348726432 | K52: =Biodiesel!P121 -> 29890832 | L52: ='Renewable Diesel'!P85 -> 26635538
A53: 45383 | B53: =Biodiesel!P6 -> 136121554 | C53: ='Renewable Diesel'!P52 -> 283042186 | D53: =D52/D49-1 -> -0.049387147 | E53: =E52/E49-1 -> -0.086304476 | F53: =F52/F49-1 -> -0.027278462 | G53: QTR/QTR Change | I53: =C53+B53 -> 419163740 | K53: =Biodiesel!P122 -> 48290339 | L53: ='Renewable Diesel'!P86 -> 27627664
A54: 45413 | B54: =Biodiesel!P7 -> 142728755 | C54: ='Renewable Diesel'!P53 -> 220402735 | D54: =D52/D40-1 -> 0.25851823 | E54: =E52/E40-1 -> 0.040587568 | F54: =F52/F40-1 -> 0.42658548 | G54: YR/YR Change | I54: =C54+B54 -> 363131490 | K54: =Biodiesel!P123 -> 35451412 | L54: ='Renewable Diesel'!P87 -> 29680714
A55: 45444 | B55: =Biodiesel!P8 -> 133806992 | C55: ='Renewable Diesel'!P54 -> 282589564 | D55: =SUM(B53:C55) -> 1198691786 | E55: =SUM(B53:B55) -> 412657301 | F55: =SUM(C53:C55) -> 786034485 | G55: =E55/D55 -> 0.34425639 | H55: =F55/D55 -> 0.65574361 | I55: =C55+B55 -> 416396556 | K55: =Biodiesel!P124 -> 37513575 | L55: ='Renewable Diesel'!P88 -> 56471169
A56: 45474 | B56: =Biodiesel!P9 -> 145953904 | C56: ='Renewable Diesel'!P55 -> 292633360 | D56: =D55/D52-1 -> 0.13563537 | E56: =E55/E52-1 -> 0.085934547 | F56: =F55/F52-1 -> 0.16359357 | G56: QTR/QTR Change | K56: =Biodiesel!P125 -> 22459889 | L56: ='Renewable Diesel'!P89 -> 22045675
A57: 45505 | B57: =Biodiesel!P10 -> 139724190 | C57: ='Renewable Diesel'!P56 -> 260490373 | D57: =D55/D43-1 -> 0.13448104 | E57: =E55/E43-1 -> -0.083870076 | F57: =F55/F43-1 -> 0.29673595 | G57: YR/YR Change | I57: =20000000/AVERAGE(I50:I55) -> 0.053233561 | K57: =Biodiesel!P126 -> 24497122 | L57: ='Renewable Diesel'!P90 -> 22976837
A58: 45536 | B58: =Biodiesel!P11 -> 134537885 | C58: ='Renewable Diesel'!P57 -> 257927937 | D58: =SUM(B56:C58) -> 1231267649 | E58: =SUM(B56:B58) -> 420215979 | F58: =SUM(C56:C58) -> 811051670 | G58: =E58/D58 -> 0.34128727 | H58: =F58/D58 -> 0.65871273 | K58: =Biodiesel!P127 -> 26648068 | L58: ='Renewable Diesel'!P91 -> 18250310
A59: 45566 | B59: =Biodiesel!P12 -> 148097836 | C59: ='Renewable Diesel'!P58 -> 289557293 | D59: =D58/D55-1 -> 0.027176179 | E59: =E58/E55-1 -> 0.018317083 | F59: =F58/F55-1 -> 0.031827083 | G59: QTR/QTR Change | K59: =Biodiesel!P128 -> 26663796 | L59: ='Renewable Diesel'!P92 -> 17529275
A60: 45597 | B60: =Biodiesel!P13 -> 133353588 | C60: ='Renewable Diesel'!P59 -> 261189424 | D60: =D58/D46-1 -> 0.12744035 | E60: =E58/E46-1 -> -0.042372881 | F60: =F58/F46-1 -> 0.241504 | G60: YR/YR Change | K60: =Biodiesel!P129 -> 22975700 | L60: ='Renewable Diesel'!P93 -> 8083529
A61: 45627 | B61: =Biodiesel!P14 -> 174921835 | C61: ='Renewable Diesel'!P60 -> 314111589 | D61: =SUM(B59:C61) -> 1321231565 | E61: =SUM(B59:B61) -> 456373259 | F61: =SUM(C59:C61) -> 864858306 | G61: =E61/D61 -> 0.34541504 | H61: =F61/D61 -> 0.65458496 | K61: =Biodiesel!P130 -> 31390220 | L61: ='Renewable Diesel'!P94 -> 4236635
A62: 45658 | B62: =Biodiesel!Q3 -> 65635810 | C62: ='Renewable Diesel'!Q49 -> 217367275 | D62: =D61/D58-1 -> 0.073066093 | E62: =E61/E58-1 -> 0.086044515 | F62: =F61/F58-1 -> 0.06634181 | G62: QTR/QTR Change | K62: =Biodiesel!Q119 -> 3135355 | L62: ='Renewable Diesel'!Q83 -> 0
A63: 45689 | B63: =Biodiesel!Q4 -> 73721896 | C63: ='Renewable Diesel'!Q50 -> 186102792 | D63: =D61/D49-1 -> 0.1899097 | E63: =E61/E49-1 -> 0.097326337 | F63: =F61/F49-1 -> 0.24535511 | G63: YR/YR Change | K63: =Biodiesel!Q120 -> 6409113 | L63: ='Renewable Diesel'!Q84 -> 0
A64: 45717 | B64: =Biodiesel!Q5 -> 95835418 | C64: ='Renewable Diesel'!Q51 -> 229400517 | D64: =SUM(B62:C64) -> 868063708 | E64: =SUM(B62:B64) -> 235193124 | F64: =SUM(C62:C64) -> 632870584 | G64: =E64/D64 -> 0.27093993 | H64: =F64/D64 -> 0.72906007 | K64: =Biodiesel!Q121 -> 3901575 | L64: ='Renewable Diesel'!Q85 -> 7436643
A65: 45748 | B65: =Biodiesel!Q6 -> 1.3179199e+08 | C65: ='Renewable Diesel'!Q52 -> 2.0133136e+08 | D65: =D64/D61-1 -> -0.34298897 | E65: =E64/E61-1 -> -0.48464745 | F65: =F64/F61-1 -> -0.26823784 | G65: QTR/QTR Change | K65: =Biodiesel!Q122 -> 32480445 | L65: ='Renewable Diesel'!Q86 -> 18783897
A66: 45778 | B66: =Biodiesel!Q7 -> 1.3792024e+08 | C66: ='Renewable Diesel'!Q53 -> 1.9833699e+08 | D66: =D64/D52-1 -> -0.17760023 | E66: =E64/E52-1 -> -0.38107399 | F66: =F64/F52-1 -> -0.063140158 | G66: YR/YR Change | K66: =Biodiesel!Q123 -> 25832523 | L66: ='Renewable Diesel'!Q87 -> 20510382
A67: 45809 | B67: =Biodiesel!Q8 -> 1.3959632e+08 | C67: ='Renewable Diesel'!Q54 -> 1.9559531e+08 | D67: =SUM(B65:C67) -> 1.0045722e+09 | E67: =SUM(B65:B67) -> 4.0930854e+08 | F67: =SUM(C65:C67) -> 5.9526366e+08 | G67: =E67/D67 -> 0.40744562 | H67: =F67/D67 -> 0.59255438 | K67: =Biodiesel!Q124 -> 28821440 | L67: ='Renewable Diesel'!Q88 -> 20293641
A68: 45839 | B68: =Biodiesel!Q9 -> 1.3741004e+08 | C68: ='Renewable Diesel'!Q55 -> 1.920752e+08 | D68: =D67/D64-1 -> 0.15725631 | E68: =E67/E64-1 -> 0.74030829 | F68: =F67/F64-1 -> -0.059422779 | G68: QTR/QTR Change | K68: =Biodiesel!Q125 -> 23596223 | L68: ='Renewable Diesel'!Q89 -> 14613411
A69: 45870 | B69: =Biodiesel!Q10 -> 1.437387e+08 | C69: ='Renewable Diesel'!Q56 -> 1.967588e+08 | D69: =D67/D55-1 -> -0.16194287 | E69: =E67/E55-1 -> -0.0081151034 | F69: =F67/F55-1 -> -0.24270033 | G69: YR/YR Change | K69: =Biodiesel!Q126 -> 25261458 | L69: ='Renewable Diesel'!Q90 -> 13889073
A70: 45901 | B70: =Biodiesel!Q11 -> 1.3575318e+08 | C70: ='Renewable Diesel'!Q57 -> 1.995675e+08 | D70: =SUM(B68:C70) -> 1.0053034e+09 | E70: =SUM(B68:B70) -> 4.1690192e+08 | F70: =SUM(C68:C70) -> 5.884015e+08 | G70: =E70/D70 -> 0.41470258 | H70: =F70/D70 -> 0.58529742 | K70: =Biodiesel!Q127 -> 26401630 | L70: ='Renewable Diesel'!Q91 -> 18042275
A71: 45931 | B71: =Biodiesel!Q12 -> 1.3447404e+08 | C71: ='Renewable Diesel'!Q58 -> 2.1664754e+08 | D71: =D70/D67-1 -> 0.00072788698 | E71: =E70/E67-1 -> 0.018551707 | F71: =F70/F67-1 -> -0.011527929 | G71: QTR/QTR Change | K71: =Biodiesel!Q128 -> 28227265 | L71: ='Renewable Diesel'!Q92 -> 18677867
A72: 45962 | B72: =Biodiesel!Q13 -> 1.2967651e+08 | C72: ='Renewable Diesel'!Q59 -> 2.3398093e+08 | D72: =D70/D58-1 -> -0.18352162 | E72: =E70/E58-1 -> -0.0078865698 | F72: =F70/F58-1 -> -0.27452033 | G72: YR/YR Change | K72: =Biodiesel!Q129 -> 29089714 | L72: ='Renewable Diesel'!Q93 -> 16859024
A73: 45992 | B73: =Biodiesel!Q14 -> 2.5814386e+08 | C73: ='Renewable Diesel'!Q60 -> 2.839766e+08 | D73: =SUM(B71:C73) -> 1.2568995e+09 | E73: =SUM(B71:B73) -> 5.2229441e+08 | F73: =SUM(C71:C73) -> 7.3460508e+08 | G73: =E73/D73 -> 0.41554191 | H73: =F73/D73 -> 0.58445809 | K73: =Biodiesel!Q130 -> 1.0684326e+08 | L73: ='Renewable Diesel'!Q94 -> 61474519
A74: 46023 | B74: =Biodiesel!R3 -> 98015663 | C74: ='Renewable Diesel'!R49 -> 1.7330104e+08 | D74: =D73/D70-1 -> 0.2502688 | E74: =E73/E70-1 -> 0.25279926 | F74: =F73/F70-1 -> 0.24847588 | G74: QTR/QTR Change | K74: =Biodiesel!R119 -> 10025806 | L74: ='Renewable Diesel'!R83 -> 19880459
A75: 46054 | B75: =Biodiesel!R4 -> 1.0398121e+08 | C75: ='Renewable Diesel'!R50 -> 1.8892088e+08 | D75: =D73/D61-1 -> -0.04869099 | E75: =E73/E61-1 -> 0.1444457 | F75: =F73/F61-1 -> -0.15060644 | G75: YR/YR Change | K75: =Biodiesel!R120 -> 12754541 | L75: ='Renewable Diesel'!R84 -> 23468739
A76: 46082 | B76: =Biodiesel!R5 -> 1.1430343e+08 | C76: ='Renewable Diesel'!R51 -> 2.0108755e+08 | D76: =SUM(B74:C76) -> 8.7960978e+08 | E76: =SUM(B74:B76) -> 3.1630031e+08 | F76: =SUM(C74:C76) -> 5.6330947e+08 | G76: =E76/D76 -> 0.35959162 | H76: =F76/D76 -> 0.64040838 | K76: =Biodiesel!R121 -> 13073719 | L76: ='Renewable Diesel'!R85 -> 23868379
A77: 46113 | B77: =Biodiesel!R6 -> 1.2228117e+08 | C77: ='Renewable Diesel'!R52 -> 1.933442e+08 | D77: =D76/D73-1 -> -0.30017493 | E77: =E76/E73-1 -> -0.39440227 | F77: =F76/F73-1 -> -0.23318054 | G77: QTR/QTR Change | K77: =Biodiesel!R122 -> 18300201 | L77: ='Renewable Diesel'!R86 -> 25636031
A78: 46143 | B78: =Biodiesel!R7 -> 1.301811e+08 | C78: ='Renewable Diesel'!R53 -> 2.1609968e+08 | D78: =D76/D64-1 -> 0.013300947 | E78: =E76/E64-1 -> 0.34485355 | F78: =F76/F64-1 -> -0.10991365 | G78: YR/YR Change | K78: =Biodiesel!R123 -> 14129246 | L78: ='Renewable Diesel'!R87 -> 27054449
A79: 46174 | B79: =Biodiesel!R8 -> 1.2832744e+08 | C79: ='Renewable Diesel'!R54 -> 2.1572293e+08 | D79: =SUM(B77:C79) -> 1.0059565e+09 | E79: =SUM(B77:B79) -> 3.8078971e+08 | F79: =SUM(C77:C79) -> 6.2516681e+08 | G79: =E79/D79 -> 0.37853496 | H79: =F79/D79 -> 0.62146504 | K79: =Biodiesel!R124 -> 16219459 | L79: ='Renewable Diesel'!R88 -> 29292946
A80: 46204 | B80: =Biodiesel!R9 -> 1.2588494e+08 | C80: ='Renewable Diesel'!R55 -> 2.1051934e+08 | D80: =D79/D76-1 -> 0.14363954 | E80: =E79/E76-1 -> 0.20388663 | F80: =F79/F76-1 -> 0.10981059 | G80: QTR/QTR Change | K80: =Biodiesel!R125 -> 11284070 | L80: ='Renewable Diesel'!R89 -> 15307116
A81: 46235 | B81: =Biodiesel!R10 -> 1.3145972e+08 | C81: ='Renewable Diesel'!R56 -> 2.1624145e+08 | D81: =D79/D67-1 -> 0.0013780239 | E81: =E79/E67-1 -> -0.069675636 | F81: =F79/F67-1 -> 0.050235147 | G81: YR/YR Change | K81: =Biodiesel!R126 -> 13512643 | L81: ='Renewable Diesel'!R90 -> 13809419
A82: 46266 | B82: =Biodiesel!R11 -> 1.2311529e+08 | C82: ='Renewable Diesel'!R57 -> 2.192287e+08 | D82: =SUM(B80:C82) -> 1.0264494e+09 | E82: =SUM(B80:B82) -> 3.8045995e+08 | F82: =SUM(C80:C82) -> 6.459895e+08 | G82: =E82/D82 -> 0.37065629 | H82: =F82/D82 -> 0.62934371 | K82: =Biodiesel!R127 -> 13971003 | L82: ='Renewable Diesel'!R91 -> 19793063
A83: 46296 | B83: =Biodiesel!R12 -> 1.2492511e+08 | C83: ='Renewable Diesel'!R58 -> 2.385833e+08 | D83: =D82/D79-1 -> 0.020371577 | E83: =E82/E79-1 -> -0.00086600039 | F83: =F82/F79-1 -> 0.033307406 | G83: QTR/QTR Change | K83: =Biodiesel!R128 -> 16526741 | L83: ='Renewable Diesel'!R92 -> 24683902
A84: 46327 | B84: =Biodiesel!R13 -> 1.2070564e+08 | C84: ='Renewable Diesel'!R59 -> 2.880059e+08 | D84: =D82/D70-1 -> 0.021034476 | E84: =E82/E70-1 -> -0.087411373 | F84: =F82/F70-1 -> 0.097871946 | G84: YR/YR Change | K84: =Biodiesel!R129 -> 16835893 | L84: ='Renewable Diesel'!R93 -> 19886349
A85: 46357 | B85: =Biodiesel!R14 -> 1.3766187e+08 | C85: ='Renewable Diesel'!R60 -> 3.2798826e+08 | D85: =SUM(B83:C85) -> 1.2378701e+09 | E85: =SUM(B83:B85) -> 3.8329262e+08 | F85: =SUM(C83:C85) -> 8.5457746e+08 | G85: =E85/D85 -> 0.30963881 | H85: =F85/D85 -> 0.69036119 | K85: =Biodiesel!R130 -> 33366679 | L85: ='Renewable Diesel'!R94 -> 31073493
A86: 46388 | B86: =Biodiesel!S3 -> 90708469 | C86: ='Renewable Diesel'!S49 -> 1.9032773e+08 | D86: =D85/D82-1 -> 0.20597277 | E86: =E85/E82-1 -> 0.0074453858 | F86: =F85/F82-1 -> 0.32289684 | G86: QTR/QTR Change
A87: 46419 | B87: =Biodiesel!S4 -> 96954079 | C87: ='Renewable Diesel'!S50 -> 2.0808746e+08 | D87: =D85/D73-1 -> -0.015139962 | E87: =E85/E73-1 -> -0.26613686 | F87: =F85/F73-1 -> 0.16331548 | G87: YR/YR Change
A88: 46447 | B88: =Biodiesel!S5 -> 1.1193638e+08 | C88: ='Renewable Diesel'!S51 -> 2.2233147e+08 | D88: =SUM(B86:C88) -> 9.2034559e+08 | E88: =SUM(B86:B88) -> 2.9959893e+08 | F88: =SUM(C86:C88) -> 6.2074666e+08 | G88: =E88/D88 -> 0.32552873 | H88: =F88/D88 -> 0.67447127
A89: 46478 | B89: =Biodiesel!S6 -> 1.2275817e+08 | C89: ='Renewable Diesel'!S52 -> 2.1339686e+08 | D89: =D88/D85-1 -> -0.25650874 | E89: =E88/E85-1 -> -0.21835455 | F89: =F88/F85-1 -> -0.27362154 | G89: QTR/QTR Change
A90: 46508 | B90: =Biodiesel!S7 -> 1.3127999e+08 | C90: ='Renewable Diesel'!S53 -> 2.3885319e+08 | D90: =D88/D76-1 -> 0.046311235 | E90: =E88/E76-1 -> -0.052802276 | F90: =F88/F76-1 -> 0.10196383 | G90: YR/YR Change
A91: 46539 | B91: =Biodiesel!S8 -> 1.282911e+08 | C91: ='Renewable Diesel'!S54 -> 2.3836601e+08 | D91: =SUM(B89:C91) -> 1.0729453e+09 | E91: =SUM(B89:B91) -> 3.8232926e+08 | F91: =SUM(C89:C91) -> 6.9061606e+08 | G91: =E91/D91 -> 0.3563362 | H91: =F91/D91 -> 0.6436638
A92: 46569 | B92: =Biodiesel!S9 -> 1.2669752e+08 | C92: ='Renewable Diesel'!S55 -> 2.3208209e+08 | D92: =D91/D88-1 -> 0.16580698 | E92: =E91/E88-1 -> 0.27613692 | F92: =F91/F88-1 -> 0.11255702 | G92: QTR/QTR Change
A93: 46600 | B93: =Biodiesel!S10 -> 1.3209067e+08 | C93: ='Renewable Diesel'!S56 -> 2.386369e+08 | D93: =D91/D79-1 -> 0.066592132 | E93: =E91/E79-1 -> 0.0040430364 | F93: =F91/F79-1 -> 0.10469085 | G93: YR/YR Change
A94: 46631 | B94: =Biodiesel!S11 -> 1.245925e+08 | C94: ='Renewable Diesel'!S57 -> 2.4215676e+08 | D94: =SUM(B92:C94) -> 1.0962564e+09 | E94: =SUM(B92:B94) -> 3.8338069e+08 | F94: =SUM(C92:C94) -> 7.1287575e+08 | G94: =E94/D94 -> 0.34971807 | H94: =F94/D94 -> 0.65028193
A95: 46661 | B95: =Biodiesel!S12 -> 1.2682997e+08 | C95: ='Renewable Diesel'!S58 -> 2.6313373e+08 | D95: =D94/D91-1 -> 0.021726291 | E95: =E94/E91-1 -> 0.0027500674 | F95: =F94/F91-1 -> 0.032231644 | G95: QTR/QTR Change
A96: 46692 | B96: =Biodiesel!S13 -> 1.2148225e+08 | C96: ='Renewable Diesel'!S59 -> 3.1843777e+08 | D96: =D94/D82-1 -> 0.068008211 | E96: =E94/E82-1 -> 0.007676871 | F96: =F94/F82-1 -> 0.10354077 | G96: YR/YR Change
A97: 46722 | B97: =Biodiesel!S14 -> 1.5666497e+08 | C97: ='Renewable Diesel'!S60 -> 3.604088e+08 | D97: =SUM(B95:C97) -> 1.3469575e+09 | E97: =SUM(B95:B97) -> 4.0497718e+08 | F97: =SUM(C95:C97) -> 9.419803e+08 | G97: =E97/D97 -> 0.3006607 | H97: =F97/D97 -> 0.6993393
A98: 46753 | B98: =Biodiesel!T3 -> 73650931 | C98: ='Renewable Diesel'!T49 -> 1.9431279e+08 | D98: =D97/D94-1 -> 0.22868833 | E98: =E97/E94-1 -> 0.056331715 | F98: =F97/F94-1 -> 0.32138077 | G98: QTR/QTR Change
A99: 46784 | B99: =Biodiesel!T4 -> 76714622 | C99: ='Renewable Diesel'!T50 -> 2.1194026e+08 | D99: =D97/D85-1 -> 0.088125082 | E99: =E97/E85-1 -> 0.056574433 | F99: =F97/F85-1 -> 0.10227609 | G99: YR/YR Change
A100: 46813 | B100: =Biodiesel!T5 -> 87324865 | C100: ='Renewable Diesel'!T51 -> 2.2726691e+08 | D100: =SUM(B98:C100) -> 8.7121037e+08 | E100: =SUM(B98:B100) -> 2.3769042e+08 | F100: =SUM(C98:C100) -> 6.3351996e+08 | G100: =E100/D100 -> 0.27282781 | H100: =F100/D100 -> 0.72717219
...

Sheet Feedstock Yields
A1: EPA Domestic Production
B2: 2011 | C2: 2012 | D2: 2013 | E2: 2014 | F2: 2015 | G2: 2016 | H2: 2017 | I2: 2018 | J2: 2019 | K2: 2020 | L2: 2021 | M2: 2022 | N2: 2023 | O2: 2024 | P2: 2025 | Q2: 2026 | R2: 2027 | S2: 2028 | T2: 2029 | U2: 2030 | V2: 2031 | W2: 2032 | X2: 2033 | Y2: 2034 | Z2: 2035 | AA2: 2036 | AB2: 2037 | AC2: 2038 | AD2: 2039 | AE2: 2040 | AF2: 2041
A3: Jan | B3: =Biodiesel!C3+'Renewable Diesel'!C49 -> 37305482 | C3: =Biodiesel!D3+'Renewable Diesel'!D49 -> 64335094 | D3: =Biodiesel!E3+'Renewable Diesel'!E49 -> 72436563 | E3: =Biodiesel!F3+'Renewable Diesel'!F49 -> 67024356 | F3: =Biodiesel!G3+'Renewable Diesel'!G49 -> 73384532 | G3: =Biodiesel!H3+'Renewable Diesel'!H49 -> 97318215 | H3: =Biodiesel!I3+'Renewable Diesel'!I49 -> 84496710 | I3: =Biodiesel!J3+'Renewable Diesel'!J49 -> 124176708 | ... Q3: =Biodiesel!R3+'Renewable Diesel'!R49 -> 2.713167e+08
A4: Feb | B4: =Biodiesel!C4+'Renewable Diesel'!C50 -> 42498040 | C4: =Biodiesel!D4+'Renewable Diesel'!D50 -> 75700261 | D4: =Biodiesel!E4+'Renewable Diesel'!E50 -> 75804191 | E4: =Biodiesel!F4+'Renewable Diesel'!F50 -> 82152505 | F4: =Biodiesel!G4+'Renewable Diesel'!G50 -> 76316532 | G4: =Biodiesel!H4+'Renewable Diesel'!H50 -> 107754563 | H4: =Biodiesel!I4+'Renewable Diesel'!I50 -> 99518882 | I4: =Biodiesel!J4+'Renewable Diesel'!J50 -> 137141084 | ... Q4: =Biodiesel!R4+'Renewable Diesel'!R50 -> 2.9290209e+08
A5: Mar | B5: =Biodiesel!C5+'Renewable Diesel'!C51 -> 66495947 | C5: =Biodiesel!D5+'Renewable Diesel'!D51 -> 100507707 | D5: =Biodiesel!E5+'Renewable Diesel'!E51 -> 102906828 | E5: =Biodiesel!F5+'Renewable Diesel'!F51 -> 105766600 | F5: =Biodiesel!G5+'Renewable Diesel'!G51 -> 108482968 | G5: =Biodiesel!H5+'Renewable Diesel'!H51 -> 144502248 | H5: =Biodiesel!I5+'Renewable Diesel'!I51 -> 127353306 | I5: =Biodiesel!J5+'Renewable Diesel'!J51 -> 170264731 | ... Q5: =Biodiesel!R5+'Renewable Diesel'!R51 -> 3.1539098e+08
A6: Apr | B6: =Biodiesel!C6+'Renewable Diesel'!C52 -> 72393305 | C6: =Biodiesel!D6+'Renewable Diesel'!D52 -> 96133947 | D6: =Biodiesel!E6+'Renewable Diesel'!E52 -> 112634491 | E6: =Biodiesel!F6+'Renewable Diesel'!F52 -> 117026801 | F6: =Biodiesel!G6+'Renewable Diesel'!G52 -> 122225366 | G6: =Biodiesel!H6+'Renewable Diesel'!H52 -> 147522539 | H6: =Biodiesel!I6+'Renewable Diesel'!I52 -> 144727366 | I6: =Biodiesel!J6+'Renewable Diesel'!J52 -> 170388657 | ... Q6: =Biodiesel!R6+'Renewable Diesel'!R52 -> 3.1562537e+08
A7: May | B7: =Biodiesel!C7+'Renewable Diesel'!C53 -> 85312196 | C7: =Biodiesel!D7+'Renewable Diesel'!D53 -> 111738425 | D7: =Biodiesel!E7+'Renewable Diesel'!E53 -> 121729322 | E7: =Biodiesel!F7+'Renewable Diesel'!F53 -> 126074468 | F7: =Biodiesel!G7+'Renewable Diesel'!G53 -> 137283347 | G7: =Biodiesel!H7+'Renewable Diesel'!H53 -> 157196806 | H7: =Biodiesel!I7+'Renewable Diesel'!I53 -> 171466810 | I7: =Biodiesel!J7+'Renewable Diesel'!J53 -> 187743693 | ... Q7: =Biodiesel!R7+'Renewable Diesel'!R53 -> 3.4628078e+08
A8: Jun | B8: =Biodiesel!C8+'Renewable Diesel'!C54 -> 82525461 | C8: =Biodiesel!D8+'Renewable Diesel'!D54 -> 110206272 | D8: =Biodiesel!E8+'Renewable Diesel'!E54 -> 124728561 | E8: =Biodiesel!F8+'Renewable Diesel'!F54 -> 128915261 | F8: =Biodiesel!G8+'Renewable Diesel'!G54 -> 145339534 | G8: =Biodiesel!H8+'Renewable Diesel'!H54 -> 165312000 | H8: =Biodiesel!I8+'Renewable Diesel'!I54 -> 162758314 | I8: =Biodiesel!J8+'Renewable Diesel'!J54 -> 172932248 | ... Q8: =Biodiesel!R8+'Renewable Diesel'!R54 -> 3.4405037e+08
A9: Jul | B9: =Biodiesel!C9+'Renewable Diesel'!C55 -> 93343469 | C9: =Biodiesel!D9+'Renewable Diesel'!D55 -> 103621114 | D9: =Biodiesel!E9+'Renewable Diesel'!E55 -> 144080292 | E9: =Biodiesel!F9+'Renewable Diesel'!F55 -> 142054784 | F9: =Biodiesel!G9+'Renewable Diesel'!G55 -> 144705669 | G9: =Biodiesel!H9+'Renewable Diesel'!H55 -> 157492256 | H9: =Biodiesel!I9+'Renewable Diesel'!I55 -> 169942173 | I9: =Biodiesel!J9+'Renewable Diesel'!J55 -> 180333384 | ... Q9: =Biodiesel!R9+'Renewable Diesel'!R55 -> 3.3640428e+08
A10: Aug | B10: =Biodiesel!C10+'Renewable Diesel'!C56 -> 109509873 | C10: =Biodiesel!D10+'Renewable Diesel'!D56 -> 101735451 | D10: =Biodiesel!E10+'Renewable Diesel'!E56 -> 145194580 | E10: =Biodiesel!F10+'Renewable Diesel'!F56 -> 129939608 | F10: =Biodiesel!G10+'Renewable Diesel'!G56 -> 140701301 | G10: =Biodiesel!H10+'Renewable Diesel'!H56 -> 186458295 | H10: =Biodiesel!I10+'Renewable Diesel'!I56 -> 182209088 | I10: =Biodiesel!J10+'Renewable Diesel'!J56 -> 196655898 | ... Q10: =Biodiesel!R10+'Renewable Diesel'!R56 -> 3.4770117e+08
A11: Sep | B11: =Biodiesel!C11+'Renewable Diesel'!C57 -> 120403224 | C11: =Biodiesel!D11+'Renewable Diesel'!D57 -> 85078023 | D11: =Biodiesel!E11+'Renewable Diesel'!E57 -> 145288433 | E11: =Biodiesel!F11+'Renewable Diesel'!F57 -> 130908001 | F11: =Biodiesel!G11+'Renewable Diesel'!G57 -> 131675413 | G11: =Biodiesel!H11+'Renewable Diesel'!H57 -> 165857997 | H11: =Biodiesel!I11+'Renewable Diesel'!I57 -> 170300253 | I11: =Biodiesel!J11+'Renewable Diesel'!J57 -> 189254812 | ... Q11: =Biodiesel!R11+'Renewable Diesel'!R57 -> 3.42344e+08
A12: Oct | B12: =Biodiesel!C12+'Renewable Diesel'!C58 -> 118866333 | C12: =Biodiesel!D12+'Renewable Diesel'!D58 -> 84454289 | D12: =Biodiesel!E12+'Renewable Diesel'!E58 -> 149232054 | E12: =Biodiesel!F12+'Renewable Diesel'!F58 -> 136277687 | F12: =Biodiesel!G12+'Renewable Diesel'!G58 -> 118433621 | G12: =Biodiesel!H12+'Renewable Diesel'!H58 -> 163704152 | H12: =Biodiesel!I12+'Renewable Diesel'!I58 -> 174694745 | I12: =Biodiesel!J12+'Renewable Diesel'!J58 -> 209950325 | ... Q12: =Biodiesel!R12+'Renewable Diesel'!R58 -> 3.635084e+08
A13: Nov | B13: =Biodiesel!C13+'Renewable Diesel'!C59 -> 110717464 | C13: =Biodiesel!D13+'Renewable Diesel'!D59 -> 73659736 | D13: =Biodiesel!E13+'Renewable Diesel'!E59 -> 126010686 | E13: =Biodiesel!F13+'Renewable Diesel'!F59 -> 113868312 | F13: =Biodiesel!G13+'Renewable Diesel'!G59 -> 109142058 | G13: =Biodiesel!H13+'Renewable Diesel'!H59 -> 167078170 | H13: =Biodiesel!I13+'Renewable Diesel'!I59 -> 171006724 | I13: =Biodiesel!J13+'Renewable Diesel'!J59 -> 191105939 | ... Q13: =Biodiesel!R13+'Renewable Diesel'!R59 -> 4.0871154e+08
A14: Dec | B14: =Biodiesel!C14+'Renewable Diesel'!C60 -> 157369754 | C14: =Biodiesel!D14+'Renewable Diesel'!D60 -> 61951304 | D14: =Biodiesel!E14+'Renewable Diesel'!E60 -> 172329034 | E14: =Biodiesel!F14+'Renewable Diesel'!F60 -> 186325887 | F14: =Biodiesel!G14+'Renewable Diesel'!G60 -> 123420598 | G14: =Biodiesel!H14+'Renewable Diesel'!H60 -> 214374179 | H14: =Biodiesel!I14+'Renewable Diesel'!I60 -> 188119511 | I14: =Biodiesel!J14+'Renewable Diesel'!J60 -> 230659809 | ... Q14: =Biodiesel!R14+'Renewable Diesel'!R60 -> 4.6565014e+08
A15: Total | B15: =SUM(B3:B14) -> 1096740548 | C15: =SUM(C3:C14) -> 1069121623 | D15: =SUM(D3:D14) -> 1492375035 | E15: =SUM(E3:E14) -> 1466334270 | F15: =SUM(F3:F14) -> 1431110939 | G15: =SUM(G3:G14) -> 1874571420 | H15: =SUM(H3:H14) -> 1846593882 | I15: =SUM(I3:I14) -> 2160607288 | ... Q15: =SUM(Q3:Q14) -> 4.1498858e+09
A18: Feedstock Use
B19: =B2 -> 2011 | C19: =C2 -> 2012 | D19: =D2 -> 2013 | E19: =E2 -> 2014 | F19: =F2 -> 2015 | G19: =G2 -> 2016 | H19: =H2 -> 2017 | I19: =I2 -> 2018 | ... AF19: =AF2 -> 2041 | AL19: =C19 -> 2012 | AM19: =D19 -> 2013 | AN19: =E19 -> 2014 | AO19: =F19 -> 2015 | AP19: =G19 -> 2016 | AQ19: =H19 -> 2017 | AR19: =I19 -> 2018 | AS19: =J19 -> 2019 | ... AW19: =N19 -> 2023
A20: Jan | B20: ='[1]Soy Complex'!AZ406+'[1]Sun Complex'!AZ321+'[1]Canola Complex'!AZ341+'[1]Cottonseed Complex'!AZ312+'[7]Distillers'' Corn Oil Complex'!S106+'[7]Inedible Tallow Complex'!S105+'[7]Yellow Grease Complex'!S106+'[7]Used Cooking Oil Complex'!S106+'[7]CWG Complex'!S108+'[7]Poultry Byproduct Complex'!S245 -> 249 | C20: ='[1]Soy Complex'!BA406+'[1]Sun Complex'!BA321+'[1]Canola Complex'!BA341+'[1]Cottonseed Complex'!BA312+'[7]Distillers'' Corn Oil Complex'!T106+'[7]Inedible Tallow Complex'!T105+'[7]Yellow Grease Complex'!T106+'[7]Used Cooking Oil Complex'!T106+'[7]CWG Complex'!T108+'[7]Poultry Byproduct Complex'!T245 -> 541 | D20: ='[1]Soy Complex'!BB406+'[1]Sun Complex'!BB321+'[1]Canola Complex'!BB341+'[1]Cottonseed Complex'!BB312+'[7]Distillers'' Corn Oil Complex'!U106+'[7]Inedible Tallow Complex'!U105+'[7]Yellow Grease Complex'!U106+'[7]Used Cooking Oil Complex'!U106+'[7]CWG Complex'!U108+'[7]Poultry Byproduct Complex'!U245 -> 496 | E20: ='[1]Soy Complex'!BC406+'[1]Sun Complex'!BC321+'[1]Canola Complex'!BC341+'[1]Cottonseed Complex'!BC312+'[7]Distillers'' Corn Oil Complex'!V106+'[7]Inedible Tallow Complex'!V105+'[7]Yellow Grease Complex'!V106+'[7]Used Cooking Oil Complex'!V106+'[7]CWG Complex'!V108+'[7]Poultry Byproduct Complex'!V245 -> 442 | F20: ='[1]Soy Complex'!BD406+'[1]Sun Complex'!BD321+'[1]Canola Complex'!BD341+'[1]Cottonseed Complex'!BD312+'[7]Distillers'' Corn Oil Complex'!W106+'[7]Inedible Tallow Complex'!W105+'[7]Yellow Grease Complex'!W106+'[7]Used Cooking Oil Complex'!W106+'[7]CWG Complex'!W108+'[7]Poultry Byproduct Complex'!W245 -> 535 | G20: ='[1]Soy Complex'!BE406+'[1]Sun Complex'!BE321+'[1]Canola Complex'!BE341+'[1]Cottonseed Complex'!BE312+'[7]Distillers'' Corn Oil Complex'!X106+'[7]Inedible Tallow Complex'!X105+'[7]Yellow Grease Complex'!X106+'[7]Used Cooking Oil Complex'!X106+'[7]CWG Complex'!X108+'[7]Poultry Byproduct Complex'!X245 -> 696.066 | H20: ='[1]Soy Complex'!BF406+'[1]Sun Complex'!BF321+'[1]Canola Complex'!BF341+'[1]Cottonseed Complex'!BF312+'[7]Distillers'' Corn Oil Complex'!Y106+'[7]Inedible Tallow Complex'!Y105+'[7]Yellow Grease Complex'!Y106+'[7]Used Cooking Oil Complex'!Y106+'[7]CWG Complex'!Y108+'[7]Poultry Byproduct Complex'!Y245 -> 705.54 | I20: ='[1]Soy Complex'!BG406+'[1]Sun Complex'!BG321+'[1]Canola Complex'!BG341+'[1]Cottonseed Complex'!BG312+'[7]Distillers'' Corn Oil Complex'!Z106+'[7]Inedible Tallow Complex'!Z105+'[7]Yellow Grease Complex'!Z106+'[7]Used Cooking Oil Complex'!Z106+'[7]CWG Complex'!Z108+'[7]Poultry Byproduct Complex'!Z245 -> 919.8894 | ... AF20: ='[1]Soy Complex'!CD406+'[1]Sun Complex'!CD321+'[1]Canola Complex'!CD341+'[1]Cottonseed Complex'!CD312+'[7]Distillers'' Corn Oil Complex'!AW106+'[7]Inedible Tallow Complex'!AW105+'[7]Yellow Grease Complex'!AW106+'[7]Used Cooking Oil Complex'!AW106+'[7]CWG Complex'!AW108+'[7]Poultry Byproduct Complex'!AW245 -> 324.2726 | AL20: =C20/B20-1 -> 1.1726908 | AM20: =D20/C20-1 -> -0.083179298 | AN20: =E20/D20-1 -> -0.10887097 | AO20: =F20/E20-1 -> 0.21040724 | AP20: =G20/F20-1 -> 0.30105794 | AQ20: =H20/G20-1 -> 0.013610778 | AR20: =I20/H20-1 -> 0.30380899 | AS20: =J20/I20-1 -> 0.17989185 | ... AW20: =N20/M20-1 -> 0.04900832
A21: Feb | B21: ='[1]Soy Complex'!AZ407+'[1]Sun Complex'!AZ322+'[1]Canola Complex'!AZ342+'[1]Cottonseed Complex'!AZ313+'[7]Distillers'' Corn Oil Complex'!S107+'[7]Inedible Tallow Complex'!S106+'[7]Yellow Grease Complex'!S107+'[7]Used Cooking Oil Complex'!S107+'[7]CWG Complex'!S109+'[7]Poultry Byproduct Complex'!S246 -> 281 | C21: ='[1]Soy Complex'!BA407+'[1]Sun Complex'!BA322+'[1]Canola Complex'!BA342+'[1]Cottonseed Complex'!BA313+'[7]Distillers'' Corn Oil Complex'!T107+'[7]Inedible Tallow Complex'!T106+'[7]Yellow Grease Complex'!T107+'[7]Used Cooking Oil Complex'!T107+'[7]CWG Complex'!T109+'[7]Poultry Byproduct Complex'!T246 -> 560 | D21: ='[1]Soy Complex'!BB407+'[1]Sun Complex'!BB322+'[1]Canola Complex'!BB342+'[1]Cottonseed Complex'!BB313+'[7]Distillers'' Corn Oil Complex'!U107+'[7]Inedible Tallow Complex'!U106+'[7]Yellow Grease Complex'!U107+'[7]Used Cooking Oil Complex'!U107+'[7]CWG Complex'!U109+'[7]Poultry Byproduct Complex'!U246 -> 513 | E21: ='[1]Soy Complex'!BC407+'[1]Sun Complex'!BC322+'[1]Canola Complex'!BC342+'[1]Cottonseed Complex'!BC313+'[7]Distillers'' Corn Oil Complex'!V107+'[7]Inedible Tallow Complex'!V106+'[7]Yellow Grease Complex'!V107+'[7]Used Cooking Oil Complex'!V107+'[7]CWG Complex'!V109+'[7]Poultry Byproduct Complex'!V246 -> 502 | F21: ='[1]Soy Complex'!BD407+'[1]Sun Complex'!BD322+'[1]Canola Complex'!BD342+'[1]Cottonseed Complex'!BD313+'[7]Distillers'' Corn Oil Complex'!W107+'[7]Inedible Tallow Complex'!W106+'[7]Yellow Grease Complex'!W107+'[7]Used Cooking Oil Complex'!W107+'[7]CWG Complex'!W109+'[7]Poultry Byproduct Complex'!W246 -> 531 | G21: ='[1]Soy Complex'!BE407+'[1]Sun Complex'!BE322+'[1]Canola Complex'!BE342+'[1]Cottonseed Complex'!BE313+'[7]Distillers'' Corn Oil Complex'!X107+'[7]Inedible Tallow Complex'!X106+'[7]Yellow Grease Complex'!X107+'[7]Used Cooking Oil Complex'!X107+'[7]CWG Complex'!X109+'[7]Poultry Byproduct Complex'!X246 -> 712.826 | H21: ='[1]Soy Complex'!BF407+'[1]Sun Complex'!BF322+'[1]Canola Complex'!BF342+'[1]Cottonseed Complex'!BF313+'[7]Distillers'' Corn Oil Complex'!Y107+'[7]Inedible Tallow Complex'!Y106+'[7]Yellow Grease Complex'!Y107+'[7]Used Cooking Oil Complex'!Y107+'[7]CWG Complex'!Y109+'[7]Poultry Byproduct Complex'!Y246 -> 713.45 | I21: ='[1]Soy Complex'!BG407+'[1]Sun Complex'!BG322+'[1]Canola Complex'!BG342+'[1]Cottonseed Complex'!BG313+'[7]Distillers'' Corn Oil Complex'!Z107+'[7]Inedible Tallow Complex'!Z106+'[7]Yellow Grease Complex'!Z107+'[7]Used Cooking Oil Complex'!Z107+'[7]CWG Complex'!Z109+'[7]Poultry Byproduct Complex'!Z246 -> 927.6594 | ... AF21: ='[1]Soy Complex'!CD407+'[1]Sun Complex'!CD322+'[1]Canola Complex'!CD342+'[1]Cottonseed Complex'!CD313+'[7]Distillers'' Corn Oil Complex'!AW107+'[7]Inedible Tallow Complex'!AW106+'[7]Yellow Grease Complex'!AW107+'[7]Used Cooking Oil Complex'!AW107+'[7]CWG Complex'!AW109+'[7]Poultry Byproduct Complex'!AW246 -> 259.35993 | AL21: =C21/B21-1 -> 0.99288256 | AM21: =D21/C21-1 -> -0.083928571 | AN21: =E21/D21-1 -> -0.021442495 | AO21: =F21/E21-1 -> 0.057768924 | AP21: =G21/F21-1 -> 0.34242185 | AQ21: =H21/G21-1 -> 0.00087538894 | AR21: =I21/H21-1 -> 0.30024444 | AS21: =J21/I21-1 -> 0.034690106 | ... AW21: =N21/M21-1 -> -0.016993283
A22: Mar | B22: ='[1]Soy Complex'!AZ408+'[1]Sun Complex'!AZ323+'[1]Canola Complex'!AZ343+'[1]Cottonseed Complex'!AZ314+'[7]Distillers'' Corn Oil Complex'!S108+'[7]Inedible Tallow Complex'!S107+'[7]Yellow Grease Complex'!S108+'[7]Used Cooking Oil Complex'!S108+'[7]CWG Complex'!S110+'[7]Poultry Byproduct Complex'!S247 -> 411 | C22: ='[1]Soy Complex'!BA408+'[1]Sun Complex'!BA323+'[1]Canola Complex'!BA343+'[1]Cottonseed Complex'!BA314+'[7]Distillers'' Corn Oil Complex'!T108+'[7]Inedible Tallow Complex'!T107+'[7]Yellow Grease Complex'!T108+'[7]Used Cooking Oil Complex'!T108+'[7]CWG Complex'!T110+'[7]Poultry Byproduct Complex'!T247 -> 686 | D22: ='[1]Soy Complex'!BB408+'[1]Sun Complex'!BB323+'[1]Canola Complex'!BB343+'[1]Cottonseed Complex'!BB314+'[7]Distillers'' Corn Oil Complex'!U108+'[7]Inedible Tallow Complex'!U107+'[7]Yellow Grease Complex'!U108+'[7]Used Cooking Oil Complex'!U108+'[7]CWG Complex'!U110+'[7]Poultry Byproduct Complex'!U247 -> 728 | E22: ='[1]Soy Complex'!BC408+'[1]Sun Complex'!BC323+'[1]Canola Complex'!BC343+'[1]Cottonseed Complex'!BC314+'[7]Distillers'' Corn Oil Complex'!V108+'[7]Inedible Tallow Complex'!V107+'[7]Yellow Grease Complex'!V108+'[7]Used Cooking Oil Complex'!V108+'[7]CWG Complex'!V110+'[7]Poultry Byproduct Complex'!V247 -> 678 | F22: ='[1]Soy Complex'!BD408+'[1]Sun Complex'!BD323+'[1]Canola Complex'!BD343+'[1]Cottonseed Complex'!BD314+'[7]Distillers'' Corn Oil Complex'!W108+'[7]Inedible Tallow Complex'!W107+'[7]Yellow Grease Complex'!W108+'[7]Used Cooking Oil Complex'!W108+'[7]CWG Complex'!W110+'[7]Poultry Byproduct Complex'!W247 -> 710 | G22: ='[1]Soy Complex'!BE408+'[1]Sun Complex'!BE323+'[1]Canola Complex'!BE343+'[1]Cottonseed Complex'!BE314+'[7]Distillers'' Corn Oil Complex'!X108+'[7]Inedible Tallow Complex'!X107+'[7]Yellow Grease Complex'!X108+'[7]Used Cooking Oil Complex'!X108+'[7]CWG Complex'!X110+'[7]Poultry Byproduct Complex'!X247 -> 766.052 | H22: ='[1]Soy Complex'!BF408+'[1]Sun Complex'!BF323+'[1]Canola Complex'!BF343+'[1]Cottonseed Complex'!BF314+'[7]Distillers'' Corn Oil Complex'!Y108+'[7]Inedible Tallow Complex'!Y107+'[7]Yellow Grease Complex'!Y108+'[7]Used Cooking Oil Complex'!Y108+'[7]CWG Complex'!Y110+'[7]Poultry Byproduct Complex'!Y247 -> 837.27 | I22: ='[1]Soy Complex'!BG408+'[1]Sun Complex'!BG323+'[1]Canola Complex'!BG343+'[1]Cottonseed Complex'!BG314+'[7]Distillers'' Corn Oil Complex'!Z108+'[7]Inedible Tallow Complex'!Z107+'[7]Yellow Grease Complex'!Z108+'[7]Used Cooking Oil Complex'!Z108+'[7]CWG Complex'!Z110+'[7]Poultry Byproduct Complex'!Z247 -> 1096.8101 | ... AF22: ='[1]Soy Complex'!CD408+'[1]Sun Complex'!CD323+'[1]Canola Complex'!CD343+'[1]Cottonseed Complex'!CD314+'[7]Distillers'' Corn Oil Complex'!AW108+'[7]Inedible Tallow Complex'!AW107+'[7]Yellow Grease Complex'!AW108+'[7]Used Cooking Oil Complex'!AW108+'[7]CWG Complex'!AW110+'[7]Poultry Byproduct Complex'!AW247 -> 304.83406 | AL22: =C22/B22-1 -> 0.66909976 | AM22: =D22/C22-1 -> 0.06122449 | AN22: =E22/D22-1 -> -0.068681319 | AO22: =F22/E22-1 -> 0.04719764 | AP22: =G22/F22-1 -> 0.078946479 | AQ22: =H22/G22-1 -> 0.092967579 | AR22: =I22/H22-1 -> 0.30998371 | AS22: =J22/I22-1 -> -0.038520853 | ... AW22: =N22/M22-1 -> 0.048773458
A23: Apr | B23: ='[1]Soy Complex'!AZ409+'[1]Sun Complex'!AZ324+'[1]Canola Complex'!AZ344+'[1]Cottonseed Complex'!AZ315+'[7]Distillers'' Corn Oil Complex'!S109+'[7]Inedible Tallow Complex'!S108+'[7]Yellow Grease Complex'!S109+'[7]Used Cooking Oil Complex'!S109+'[7]CWG Complex'!S111+'[7]Poultry Byproduct Complex'!S248 -> 513 | C23: ='[1]Soy Complex'!BA409+'[1]Sun Complex'!BA324+'[1]Canola Complex'!BA344+'[1]Cottonseed Complex'!BA315+'[7]Distillers'' Corn Oil Complex'!T109+'[7]Inedible Tallow Complex'!T108+'[7]Yellow Grease Complex'!T109+'[7]Used Cooking Oil Complex'!T109+'[7]CWG Complex'!T111+'[7]Poultry Byproduct Complex'!T248 -> 682 | D23: ='[1]Soy Complex'!BB409+'[1]Sun Complex'!BB324+'[1]Canola Complex'!BB344+'[1]Cottonseed Complex'!BB315+'[7]Distillers'' Corn Oil Complex'!U109+'[7]Inedible Tallow Complex'!U108+'[7]Yellow Grease Complex'!U109+'[7]Used Cooking Oil Complex'!U109+'[7]CWG Complex'!U111+'[7]Poultry Byproduct Complex'!U248 -> 744 | E23: ='[1]Soy Complex'!BC409+'[1]Sun Complex'!BC324+'[1]Canola Complex'!BC344+'[1]Cottonseed Complex'!BC315+'[7]Distillers'' Corn Oil Complex'!V109+'[7]Inedible Tallow Complex'!V108+'[7]Yellow Grease Complex'!V109+'[7]Used Cooking Oil Complex'!V109+'[7]CWG Complex'!V111+'[7]Poultry Byproduct Complex'!V248 -> 659 | F23: ='[1]Soy Complex'!BD409+'[1]Sun Complex'!BD324+'[1]Canola Complex'!BD344+'[1]Cottonseed Complex'!BD315+'[7]Distillers'' Corn Oil Complex'!W109+'[7]Inedible Tallow Complex'!W108+'[7]Yellow Grease Complex'!W109+'[7]Used Cooking Oil Complex'!W109+'[7]CWG Complex'!W111+'[7]Poultry Byproduct Complex'!W248 -> 780.6 | G23: ='[1]Soy Complex'!BE409+'[1]Sun Complex'!BE324+'[1]Canola Complex'!BE344+'[1]Cottonseed Complex'!BE315+'[7]Distillers'' Corn Oil Complex'!X109+'[7]Inedible Tallow Complex'!X108+'[7]Yellow Grease Complex'!X109+'[7]Used Cooking Oil Complex'!X109+'[7]CWG Complex'!X111+'[7]Poultry Byproduct Complex'!X248 -> 775.27 | H23: ='[1]Soy Complex'!BF409+'[1]Sun Complex'!BF324+'[1]Canola Complex'!BF344+'[1]Cottonseed Complex'!BF315+'[7]Distillers'' Corn Oil Complex'!Y109+'[7]Inedible Tallow Complex'!Y108+'[7]Yellow Grease Complex'!Y109+'[7]Used Cooking Oil Complex'!Y109+'[7]CWG Complex'!Y111+'[7]Poultry Byproduct Complex'!Y248 -> 927.11 | I23: ='[1]Soy Complex'!BG409+'[1]Sun Complex'!BG324+'[1]Canola Complex'!BG344+'[1]Cottonseed Complex'!BG315+'[7]Distillers'' Corn Oil Complex'!Z109+'[7]Inedible Tallow Complex'!Z108+'[7]Yellow Grease Complex'!Z109+'[7]Used Cooking Oil Complex'!Z109+'[7]CWG Complex'!Z111+'[7]Poultry Byproduct Complex'!Z248 -> 1060.943 | ... AF23: ='[1]Soy Complex'!CD409+'[1]Sun Complex'!CD324+'[1]Canola Complex'!CD344+'[1]Cottonseed Complex'!CD315+'[7]Distillers'' Corn Oil Complex'!AW109+'[7]Inedible Tallow Complex'!AW108+'[7]Yellow Grease Complex'!AW109+'[7]Used Cooking Oil Complex'!AW109+'[7]CWG Complex'!AW111+'[7]Poultry Byproduct Complex'!AW248 -> 329.1818 | AL23: =C23/B23-1 -> 0.3294347 | AM23: =D23/C23-1 -> 0.090909091 | AN23: =E23/D23-1 -> -0.11424731 | AO23: =F23/E23-1 -> 0.184522 | AP23: =G23/F23-1 -> -0.006828081 | AQ23: =H23/G23-1 -> 0.19585435 | AR23: =I23/H23-1 -> 0.14435507 | AS23: =J23/I23-1 -> 0.068964087 | ... AW23: =N23/M23-1 -> 0.046222786
A24: May | B24: ='[1]Soy Complex'!AZ410+'[1]Sun Complex'!AZ325+'[1]Canola Complex'!AZ345+'[1]Cottonseed Complex'!AZ316+'[7]Distillers'' Corn Oil Complex'!S110+'[7]Inedible Tallow Complex'!S109+'[7]Yellow Grease Complex'!S110+'[7]Used Cooking Oil Complex'!S110+'[7]CWG Complex'!S112+'[7]Poultry Byproduct Complex'!S249 -> 548 | C24: ='[1]Soy Complex'!BA410+'[1]Sun Complex'!BA325+'[1]Canola Complex'!BA345+'[1]Cottonseed Complex'!BA316+'[7]Distillers'' Corn Oil Complex'!T110+'[7]Inedible Tallow Complex'!T109+'[7]Yellow Grease Complex'!T110+'[7]Used Cooking Oil Complex'!T110+'[7]CWG Complex'!T112+'[7]Poultry Byproduct Complex'!T249 -> 735 | D24: ='[1]Soy Complex'!BB410+'[1]Sun Complex'!BB325+'[1]Canola Complex'!BB345+'[1]Cottonseed Complex'!BB316+'[7]Distillers'' Corn Oil Complex'!U110+'[7]Inedible Tallow Complex'!U109+'[7]Yellow Grease Complex'!U110+'[7]Used Cooking Oil Complex'!U110+'[7]CWG Complex'!U112+'[7]Poultry Byproduct Complex'!U249 -> 754 | E24: ='[1]Soy Complex'!BC410+'[1]Sun Complex'!BC325+'[1]Canola Complex'!BC345+'[1]Cottonseed Complex'!BC316+'[7]Distillers'' Corn Oil Complex'!V110+'[7]Inedible Tallow Complex'!V109+'[7]Yellow Grease Complex'!V110+'[7]Used Cooking Oil Complex'!V110+'[7]CWG Complex'!V112+'[7]Poultry Byproduct Complex'!V249 -> 741 | F24: ='[1]Soy Complex'!BD410+'[1]Sun Complex'!BD325+'[1]Canola Complex'!BD345+'[1]Cottonseed Complex'!BD316+'[7]Distillers'' Corn Oil Complex'!W110+'[7]Inedible Tallow Complex'!W109+'[7]Yellow Grease Complex'!W110+'[7]Used Cooking Oil Complex'!W110+'[7]CWG Complex'!W112+'[7]Poultry Byproduct Complex'!W249 -> 818 | G24: ='[1]Soy Complex'!BE410+'[1]Sun Complex'!BE325+'[1]Canola Complex'!BE345+'[1]Cottonseed Complex'!BE316+'[7]Distillers'' Corn Oil Complex'!X110+'[7]Inedible Tallow Complex'!X109+'[7]Yellow Grease Complex'!X110+'[7]Used Cooking Oil Complex'!X110+'[7]CWG Complex'!X112+'[7]Poultry Byproduct Complex'!X249 -> 918.946 | H24: ='[1]Soy Complex'!BF410+'[1]Sun Complex'!BF325+'[1]Canola Complex'!BF345+'[1]Cottonseed Complex'!BF316+'[7]Distillers'' Corn Oil Complex'!Y110+'[7]Inedible Tallow Complex'!Y109+'[7]Yellow Grease Complex'!Y110+'[7]Used Cooking Oil Complex'!Y110+'[7]CWG Complex'!Y112+'[7]Poultry Byproduct Complex'!Y249 -> 1036 | I24: ='[1]Soy Complex'!BG410+'[1]Sun Complex'!BG325+'[1]Canola Complex'!BG345+'[1]Cottonseed Complex'!BG316+'[7]Distillers'' Corn Oil Complex'!Z110+'[7]Inedible Tallow Complex'!Z109+'[7]Yellow Grease Complex'!Z110+'[7]Used Cooking Oil Complex'!Z110+'[7]CWG Complex'!Z112+'[7]Poultry Byproduct Complex'!Z249 -> 1128.2101 | ... AF24: ='[1]Soy Complex'!CD410+'[1]Sun Complex'!CD325+'[1]Canola Complex'!CD345+'[1]Cottonseed Complex'!CD316+'[7]Distillers'' Corn Oil Complex'!AW110+'[7]Inedible Tallow Complex'!AW109+'[7]Yellow Grease Complex'!AW110+'[7]Used Cooking Oil Complex'!AW110+'[7]CWG Complex'!AW112+'[7]Poultry Byproduct Complex'!AW249 -> 349.311 | AL24: =C24/B24-1 -> 0.34124088 | AM24: =D24/C24-1 -> 0.02585034 | AN24: =E24/D24-1 -> -0.017241379 | AO24: =F24/E24-1 -> 0.10391363 | AP24: =G24/F24-1 -> 0.12340587 | AQ24: =H24/G24-1 -> 0.12737854 | AR24: =I24/H24-1 -> 0.089005848 | AS24: =J24/I24-1 -> 0.011345353 | ... AW24: =N24/M24-1 -> 0.17397523
A25: Jun | B25: ='[1]Soy Complex'!AZ411+'[1]Sun Complex'!AZ326+'[1]Canola Complex'!AZ346+'[1]Cottonseed Complex'!AZ317+'[7]Distillers'' Corn Oil Complex'!S111+'[7]Inedible Tallow Complex'!S110+'[7]Yellow Grease Complex'!S111+'[7]Used Cooking Oil Complex'!S111+'[7]CWG Complex'!S113+'[7]Poultry Byproduct Complex'!S250 -> 597 | C25: ='[1]Soy Complex'!BA411+'[1]Sun Complex'!BA326+'[1]Canola Complex'!BA346+'[1]Cottonseed Complex'!BA317+'[7]Distillers'' Corn Oil Complex'!T111+'[7]Inedible Tallow Complex'!T110+'[7]Yellow Grease Complex'!T111+'[7]Used Cooking Oil Complex'!T111+'[7]CWG Complex'!T113+'[7]Poultry Byproduct Complex'!T250 -> 672 | D25: ='[1]Soy Complex'!BB411+'[1]Sun Complex'!BB326+'[1]Canola Complex'!BB346+'[1]Cottonseed Complex'!BB317+'[7]Distillers'' Corn Oil Complex'!U111+'[7]Inedible Tallow Complex'!U110+'[7]Yellow Grease Complex'!U111+'[7]Used Cooking Oil Complex'!U111+'[7]CWG Complex'!U113+'[7]Poultry Byproduct Complex'!U250 -> 824 | E25: ='[1]Soy Complex'!BC411+'[1]Sun Complex'!BC326+'[1]Canola Complex'!BC346+'[1]Cottonseed Complex'!BC317+'[7]Distillers'' Corn Oil Complex'!V111+'[7]Inedible Tallow Complex'!V110+'[7]Yellow Grease Complex'!V111+'[7]Used Cooking Oil Complex'!V111+'[7]CWG Complex'!V113+'[7]Poultry Byproduct Complex'!V250 -> 786.24 | F25: ='[1]Soy Complex'!BD411+'[1]Sun Complex'!BD326+'[1]Canola Complex'!BD346+'[1]Cottonseed Complex'!BD317+'[7]Distillers'' Corn Oil Complex'!W111+'[7]Inedible Tallow Complex'!W110+'[7]Yellow Grease Complex'!W111+'[7]Used Cooking Oil Complex'!W111+'[7]CWG Complex'!W113+'[7]Poultry Byproduct Complex'!W250 -> 871 | G25: ='[1]Soy Complex'!BE411+'[1]Sun Complex'!BE326+'[1]Canola Complex'!BE346+'[1]Cottonseed Complex'!BE317+'[7]Distillers'' Corn Oil Complex'!X111+'[7]Inedible Tallow Complex'!X110+'[7]Yellow Grease Complex'!X111+'[7]Used Cooking Oil Complex'!X111+'[7]CWG Complex'!X113+'[7]Poultry Byproduct Complex'!X250 -> 920.132 | H25: ='[1]Soy Complex'!BF411+'[1]Sun Complex'!BF326+'[1]Canola Complex'!BF346+'[1]Cottonseed Complex'!BF317+'[7]Distillers'' Corn Oil Complex'!Y111+'[7]Inedible Tallow Complex'!Y110+'[7]Yellow Grease Complex'!Y111+'[7]Used Cooking Oil Complex'!Y111+'[7]CWG Complex'!Y113+'[7]Poultry Byproduct Complex'!Y250 -> 1052.79 | I25: ='[1]Soy Complex'!BG411+'[1]Sun Complex'!BG326+'[1]Canola Complex'!BG346+'[1]Cottonseed Complex'!BG317+'[7]Distillers'' Corn Oil Complex'!Z111+'[7]Inedible Tallow Complex'!Z110+'[7]Yellow Grease Complex'!Z111+'[7]Used Cooking Oil Complex'!Z111+'[7]CWG Complex'!Z113+'[7]Poultry Byproduct Complex'!Z250 -> 1172.383 | ... AF25: ='[1]Soy Complex'!CD411+'[1]Sun Complex'!CD326+'[1]Canola Complex'!CD346+'[1]Cottonseed Complex'!CD317+'[7]Distillers'' Corn Oil Complex'!AW111+'[7]Inedible Tallow Complex'!AW110+'[7]Yellow Grease Complex'!AW111+'[7]Used Cooking Oil Complex'!AW111+'[7]CWG Complex'!AW113+'[7]Poultry Byproduct Complex'!AW250 -> 352.3489 | AL25: =C25/B25-1 -> 0.12562814 | AM25: =D25/C25-1 -> 0.22619048 | AN25: =E25/D25-1 -> -0.045825243 | AO25: =F25/E25-1 -> 0.10780423 | AP25: =G25/F25-1 -> 0.056408726 | AQ25: =H25/G25-1 -> 0.14417279 | AR25: =I25/H25-1 -> 0.11359621 | AS25: =J25/I25-1 -> -0.091858175 | ... AW25: =N25/M25-1 -> 0.12509928
A26: Jul | B26: ='[1]Soy Complex'!AZ412+'[1]Sun Complex'!AZ327+'[1]Canola Complex'!AZ347+'[1]Cottonseed Complex'!AZ318+'[7]Distillers'' Corn Oil Complex'!S112+'[7]Inedible Tallow Complex'!S111+'[7]Yellow Grease Complex'!S112+'[7]Used Cooking Oil Complex'!S112+'[7]CWG Complex'!S114+'[7]Poultry Byproduct Complex'!S251 -> 663 | C26: ='[1]Soy Complex'!BA412+'[1]Sun Complex'!BA327+'[1]Canola Complex'!BA347+'[1]Cottonseed Complex'!BA318+'[7]Distillers'' Corn Oil Complex'!T112+'[7]Inedible Tallow Complex'!T111+'[7]Yellow Grease Complex'!T112+'[7]Used Cooking Oil Complex'!T112+'[7]CWG Complex'!T114+'[7]Poultry Byproduct Complex'!T251 -> 613 | D26: ='[1]Soy Complex'!BB412+'[1]Sun Complex'!BB327+'[1]Canola Complex'!BB347+'[1]Cottonseed Complex'!BB318+'[7]Distillers'' Corn Oil Complex'!U112+'[7]Inedible Tallow Complex'!U111+'[7]Yellow Grease Complex'!U112+'[7]Used Cooking Oil Complex'!U112+'[7]CWG Complex'!U114+'[7]Poultry Byproduct Complex'!U251 -> 854 | E26: ='[1]Soy Complex'!BC412+'[1]Sun Complex'!BC327+'[1]Canola Complex'!BC347+'[1]Cottonseed Complex'!BC318+'[7]Distillers'' Corn Oil Complex'!V112+'[7]Inedible Tallow Complex'!V111+'[7]Yellow Grease Complex'!V112+'[7]Used Cooking Oil Complex'!V112+'[7]CWG Complex'!V114+'[7]Poultry Byproduct Complex'!V251 -> 858.45 | F26: ='[1]Soy Complex'!BD412+'[1]Sun Complex'!BD327+'[1]Canola Complex'!BD347+'[1]Cottonseed Complex'!BD318+'[7]Distillers'' Corn Oil Complex'!W112+'[7]Inedible Tallow Complex'!W111+'[7]Yellow Grease Complex'!W112+'[7]Used Cooking Oil Complex'!W112+'[7]CWG Complex'!W114+'[7]Poultry Byproduct Complex'!W251 -> 869.4 | G26: ='[1]Soy Complex'!BE412+'[1]Sun Complex'!BE327+'[1]Canola Complex'!BE347+'[1]Cottonseed Complex'!BE318+'[7]Distillers'' Corn Oil Complex'!X112+'[7]Inedible Tallow Complex'!X111+'[7]Yellow Grease Complex'!X112+'[7]Used Cooking Oil Complex'!X112+'[7]CWG Complex'!X114+'[7]Poultry Byproduct Complex'!X251 -> 953.498 | H26: ='[1]Soy Complex'!BF412+'[1]Sun Complex'!BF327+'[1]Canola Complex'!BF347+'[1]Cottonseed Complex'!BF318+'[7]Distillers'' Corn Oil Complex'!Y112+'[7]Inedible Tallow Complex'!Y111+'[7]Yellow Grease Complex'!Y112+'[7]Used Cooking Oil Complex'!Y112+'[7]CWG Complex'!Y114+'[7]Poultry Byproduct Complex'!Y251 -> 1116.98 | I26: ='[1]Soy Complex'!BG412+'[1]Sun Complex'!BG327+'[1]Canola Complex'!BG347+'[1]Cottonseed Complex'!BG318+'[7]Distillers'' Corn Oil Complex'!Z112+'[7]Inedible Tallow Complex'!Z111+'[7]Yellow Grease Complex'!Z112+'[7]Used Cooking Oil Complex'!Z112+'[7]CWG Complex'!Z114+'[7]Poultry Byproduct Complex'!Z251 -> 1240.19 | ... AF26: ='[1]Soy Complex'!CD412+'[1]Sun Complex'!CD327+'[1]Canola Complex'!CD347+'[1]Cottonseed Complex'!CD318+'[7]Distillers'' Corn Oil Complex'!AW112+'[7]Inedible Tallow Complex'!AW111+'[7]Yellow Grease Complex'!AW112+'[7]Used Cooking Oil Complex'!AW112+'[7]CWG Complex'!AW114+'[7]Poultry Byproduct Complex'!AW251 -> 340.96542 | AL26: =C26/B26-1 -> -0.075414781 | AM26: =D26/C26-1 -> 0.39314845 | AN26: =E26/D26-1 -> 0.0052107728 | AO26: =F26/E26-1 -> 0.012755548 | AP26: =G26/F26-1 -> 0.096731079 | AQ26: =H26/G26-1 -> 0.171455 | AR26: =I26/H26-1 -> 0.11030639 | AS26: =J26/I26-1 -> -0.046732573 | ... AW26: =N26/M26-1 -> 0.026176283
A27: Aug | B27: ='[1]Soy Complex'!AZ413+'[1]Sun Complex'!AZ328+'[1]Canola Complex'!AZ348+'[1]Cottonseed Complex'!AZ319+'[7]Distillers'' Corn Oil Complex'!S113+'[7]Inedible Tallow Complex'!S112+'[7]Yellow Grease Complex'!S113+'[7]Used Cooking Oil Complex'!S113+'[7]CWG Complex'!S115+'[7]Poultry Byproduct Complex'!S252 -> 686 | C27: ='[1]Soy Complex'!BA413+'[1]Sun Complex'!BA328+'[1]Canola Complex'!BA348+'[1]Cottonseed Complex'!BA319+'[7]Distillers'' Corn Oil Complex'!T113+'[7]Inedible Tallow Complex'!T112+'[7]Yellow Grease Complex'!T113+'[7]Used Cooking Oil Complex'!T113+'[7]CWG Complex'!T115+'[7]Poultry Byproduct Complex'!T252 -> 661 | D27: ='[1]Soy Complex'!BB413+'[1]Sun Complex'!BB328+'[1]Canola Complex'!BB348+'[1]Cottonseed Complex'!BB319+'[7]Distillers'' Corn Oil Complex'!U113+'[7]Inedible Tallow Complex'!U112+'[7]Yellow Grease Complex'!U113+'[7]Used Cooking Oil Complex'!U113+'[7]CWG Complex'!U115+'[7]Poultry Byproduct Complex'!U252 -> 904 | E27: ='[1]Soy Complex'!BC413+'[1]Sun Complex'!BC328+'[1]Canola Complex'!BC348+'[1]Cottonseed Complex'!BC319+'[7]Distillers'' Corn Oil Complex'!V113+'[7]Inedible Tallow Complex'!V112+'[7]Yellow Grease Complex'!V113+'[7]Used Cooking Oil Complex'!V113+'[7]CWG Complex'!V115+'[7]Poultry Byproduct Complex'!V252 -> 866.03 | F27: ='[1]Soy Complex'!BD413+'[1]Sun Complex'!BD328+'[1]Canola Complex'!BD348+'[1]Cottonseed Complex'!BD319+'[7]Distillers'' Corn Oil Complex'!W113+'[7]Inedible Tallow Complex'!W112+'[7]Yellow Grease Complex'!W113+'[7]Used Cooking Oil Complex'!W113+'[7]CWG Complex'!W115+'[7]Poultry Byproduct Complex'!W252 -> 879.2 | G27: ='[1]Soy Complex'!BE413+'[1]Sun Complex'!BE328+'[1]Canola Complex'!BE348+'[1]Cottonseed Complex'!BE319+'[7]Distillers'' Corn Oil Complex'!X113+'[7]Inedible Tallow Complex'!X112+'[7]Yellow Grease Complex'!X113+'[7]Used Cooking Oil Complex'!X113+'[7]CWG Complex'!X115+'[7]Poultry Byproduct Complex'!X252 -> 974.488 | H27: ='[1]Soy Complex'!BF413+'[1]Sun Complex'!BF328+'[1]Canola Complex'!BF348+'[1]Cottonseed Complex'!BF319+'[7]Distillers'' Corn Oil Complex'!Y113+'[7]Inedible Tallow Complex'!Y112+'[7]Yellow Grease Complex'!Y113+'[7]Used Cooking Oil Complex'!Y113+'[7]CWG Complex'!Y115+'[7]Poultry Byproduct Complex'!Y252 -> 1123.02 | I27: ='[1]Soy Complex'!BG413+'[1]Sun Complex'!BG328+'[1]Canola Complex'!BG348+'[1]Cottonseed Complex'!BG319+'[7]Distillers'' Corn Oil Complex'!Z113+'[7]Inedible Tallow Complex'!Z112+'[7]Yellow Grease Complex'!Z113+'[7]Used Cooking Oil Complex'!Z113+'[7]CWG Complex'!Z115+'[7]Poultry Byproduct Complex'!Z252 -> 1292.94 | ... AF27: ='[1]Soy Complex'!CD413+'[1]Sun Complex'!CD328+'[1]Canola Complex'!CD348+'[1]Cottonseed Complex'!CD319+'[7]Distillers'' Corn Oil Complex'!AW113+'[7]Inedible Tallow Complex'!AW112+'[7]Yellow Grease Complex'!AW113+'[7]Used Cooking Oil Complex'!AW113+'[7]CWG Complex'!AW115+'[7]Poultry Byproduct Complex'!AW252 -> 348.63374 | AL27: =C27/B27-1 -> -0.036443149 | AM27: =D27/C27-1 -> 0.36762481 | AN27: =E27/D27-1 -> -0.042002212 | AO27: =F27/E27-1 -> 0.015207325 | AP27: =G27/F27-1 -> 0.10838035 | AQ27: =H27/G27-1 -> 0.15242055 | AR27: =I27/H27-1 -> 0.1513063 | AS27: =J27/I27-1 -> -0.10348615 | ... AW27: =N27/M27-1 -> -0.0062200315
A28: Sep | B28: ='[1]Soy Complex'!AZ414+'[1]Sun Complex'!AZ329+'[1]Canola Complex'!AZ349+'[1]Cottonseed Complex'!AZ320+'[7]Distillers'' Corn Oil Complex'!S114+'[7]Inedible Tallow Complex'!S113+'[7]Yellow Grease Complex'!S114+'[7]Used Cooking Oil Complex'!S114+'[7]CWG Complex'!S116+'[7]Poultry Byproduct Complex'!S253 -> 700 | C28: ='[1]Soy Complex'!BA414+'[1]Sun Complex'!BA329+'[1]Canola Complex'!BA349+'[1]Cottonseed Complex'!BA320+'[7]Distillers'' Corn Oil Complex'!T114+'[7]Inedible Tallow Complex'!T113+'[7]Yellow Grease Complex'!T114+'[7]Used Cooking Oil Complex'!T114+'[7]CWG Complex'!T116+'[7]Poultry Byproduct Complex'!T253 -> 589 | D28: ='[1]Soy Complex'!BB414+'[1]Sun Complex'!BB329+'[1]Canola Complex'!BB349+'[1]Cottonseed Complex'!BB320+'[7]Distillers'' Corn Oil Complex'!U114+'[7]Inedible Tallow Complex'!U113+'[7]Yellow Grease Complex'!U114+'[7]Used Cooking Oil Complex'!U114+'[7]CWG Complex'!U116+'[7]Poultry Byproduct Complex'!U253 -> 851 | E28: ='[1]Soy Complex'!BC414+'[1]Sun Complex'!BC329+'[1]Canola Complex'!BC349+'[1]Cottonseed Complex'!BC320+'[7]Distillers'' Corn Oil Complex'!V114+'[7]Inedible Tallow Complex'!V113+'[7]Yellow Grease Complex'!V114+'[7]Used Cooking Oil Complex'!V114+'[7]CWG Complex'!V116+'[7]Poultry Byproduct Complex'!V253 -> 822.17 | F28: ='[1]Soy Complex'!BD414+'[1]Sun Complex'!BD329+'[1]Canola Complex'!BD349+'[1]Cottonseed Complex'!BD320+'[7]Distillers'' Corn Oil Complex'!W114+'[7]Inedible Tallow Complex'!W113+'[7]Yellow Grease Complex'!W114+'[7]Used Cooking Oil Complex'!W114+'[7]CWG Complex'!W116+'[7]Poultry Byproduct Complex'!W253 -> 775 | G28: ='[1]Soy Complex'!BE414+'[1]Sun Complex'!BE329+'[1]Canola Complex'!BE349+'[1]Cottonseed Complex'!BE320+'[7]Distillers'' Corn Oil Complex'!X114+'[7]Inedible Tallow Complex'!X113+'[7]Yellow Grease Complex'!X114+'[7]Used Cooking Oil Complex'!X114+'[7]CWG Complex'!X116+'[7]Poultry Byproduct Complex'!X253 -> 926.262 | H28: ='[1]Soy Complex'!BF414+'[1]Sun Complex'!BF329+'[1]Canola Complex'!BF349+'[1]Cottonseed Complex'!BF320+'[7]Distillers'' Corn Oil Complex'!Y114+'[7]Inedible Tallow Complex'!Y113+'[7]Yellow Grease Complex'!Y114+'[7]Used Cooking Oil Complex'!Y114+'[7]CWG Complex'!Y116+'[7]Poultry Byproduct Complex'!Y253 -> 1053.87 | I28: ='[1]Soy Complex'!BG414+'[1]Sun Complex'!BG329+'[1]Canola Complex'!BG349+'[1]Cottonseed Complex'!BG320+'[7]Distillers'' Corn Oil Complex'!Z114+'[7]Inedible Tallow Complex'!Z113+'[7]Yellow Grease Complex'!Z114+'[7]Used Cooking Oil Complex'!Z114+'[7]CWG Complex'!Z116+'[7]Poultry Byproduct Complex'!Z253 -> 1216.75 | ... AF28: ='[1]Soy Complex'!CD414+'[1]Sun Complex'!CD329+'[1]Canola Complex'!CD349+'[1]Cottonseed Complex'!CD320+'[7]Distillers'' Corn Oil Complex'!AW114+'[7]Inedible Tallow Complex'!AW113+'[7]Yellow Grease Complex'!AW114+'[7]Used Cooking Oil Complex'!AW114+'[7]CWG Complex'!AW116+'[7]Poultry Byproduct Complex'!AW253 -> 327.89057 | AL28: =C28/B28-1 -> -0.15857143 | AM28: =D28/C28-1 -> 0.44482173 | AN28: =E28/D28-1 -> -0.033877791 | AO28: =F28/E28-1 -> -0.057372563 | AP28: =G28/F28-1 -> 0.19517677 | AQ28: =H28/G28-1 -> 0.13776664 | AR28: =I28/H28-1 -> 0.15455417 | AS28: =J28/I28-1 -> -0.14638249 | ... AW28: =N28/M28-1 -> 0.053084238
A29: Oct | B29: ='[1]Soy Complex'!BA403+'[1]Sun Complex'!BA318+'[1]Canola Complex'!BA338+'[1]Cottonseed Complex'!BA309+'[7]Distillers'' Corn Oil Complex'!T103+'[7]Inedible Tallow Complex'!T102+'[7]Yellow Grease Complex'!T103+'[7]Used Cooking Oil Complex'!T103+'[7]CWG Complex'!T105+'[7]Poultry Byproduct Complex'!T242 -> 767 | C29: ='[1]Soy Complex'!BB403+'[1]Sun Complex'!BB318+'[1]Canola Complex'!BB338+'[1]Cottonseed Complex'!BB309+'[7]Distillers'' Corn Oil Complex'!U103+'[7]Inedible Tallow Complex'!U102+'[7]Yellow Grease Complex'!U103+'[7]Used Cooking Oil Complex'!U103+'[7]CWG Complex'!U105+'[7]Poultry Byproduct Complex'!U242 -> 541 | D29: ='[1]Soy Complex'!BC403+'[1]Sun Complex'!BC318+'[1]Canola Complex'!BC338+'[1]Cottonseed Complex'!BC309+'[7]Distillers'' Corn Oil Complex'!V103+'[7]Inedible Tallow Complex'!V102+'[7]Yellow Grease Complex'!V103+'[7]Used Cooking Oil Complex'!V103+'[7]CWG Complex'!V105+'[7]Poultry Byproduct Complex'!V242 -> 915 | E29: ='[1]Soy Complex'!BD403+'[1]Sun Complex'!BD318+'[1]Canola Complex'!BD338+'[1]Cottonseed Complex'!BD309+'[7]Distillers'' Corn Oil Complex'!W103+'[7]Inedible Tallow Complex'!W102+'[7]Yellow Grease Complex'!W103+'[7]Used Cooking Oil Complex'!W103+'[7]CWG Complex'!W105+'[7]Poultry Byproduct Complex'!W242 -> 848.64 | F29: ='[1]Soy Complex'!BE403+'[1]Sun Complex'!BE318+'[1]Canola Complex'!BE338+'[1]Cottonseed Complex'!BE309+'[7]Distillers'' Corn Oil Complex'!X103+'[7]Inedible Tallow Complex'!X102+'[7]Yellow Grease Complex'!X103+'[7]Used Cooking Oil Complex'!X103+'[7]CWG Complex'!X105+'[7]Poultry Byproduct Complex'!X242 -> 791 | G29: ='[1]Soy Complex'!BF403+'[1]Sun Complex'!BF318+'[1]Canola Complex'!BF338+'[1]Cottonseed Complex'!BF309+'[7]Distillers'' Corn Oil Complex'!Y103+'[7]Inedible Tallow Complex'!Y102+'[7]Yellow Grease Complex'!Y103+'[7]Used Cooking Oil Complex'!Y103+'[7]CWG Complex'!Y105+'[7]Poultry Byproduct Complex'!Y242 -> 1003.86 | H29: ='[1]Soy Complex'!BG403+'[1]Sun Complex'!BG318+'[1]Canola Complex'!BG338+'[1]Cottonseed Complex'!BG309+'[7]Distillers'' Corn Oil Complex'!Z103+'[7]Inedible Tallow Complex'!Z102+'[7]Yellow Grease Complex'!Z103+'[7]Used Cooking Oil Complex'!Z103+'[7]CWG Complex'!Z105+'[7]Poultry Byproduct Complex'!Z242 -> 1108.04 | I29: ='[1]Soy Complex'!BH403+'[1]Sun Complex'!BH318+'[1]Canola Complex'!BH338+'[1]Cottonseed Complex'!BH309+'[7]Distillers'' Corn Oil Complex'!AA103+'[7]Inedible Tallow Complex'!AA102+'[7]Yellow Grease Complex'!AA103+'[7]Used Cooking Oil Complex'!AA103+'[7]CWG Complex'!AA105+'[7]Poultry Byproduct Complex'!AA242 -> 1263.3 | ... AF29: ='[1]Soy Complex'!CE403+'[1]Sun Complex'!CE318+'[1]Canola Complex'!CE338+'[1]Cottonseed Complex'!CE309+'[7]Distillers'' Corn Oil Complex'!AX103+'[7]Inedible Tallow Complex'!AX102+'[7]Yellow Grease Complex'!AX103+'[7]Used Cooking Oil Complex'!AX103+'[7]CWG Complex'!AX105+'[7]Poultry Byproduct Complex'!AX242 -> 427.0502 | AL29: =C29/B29-1 -> -0.2946545 | AM29: =D29/C29-1 -> 0.69131238 | AN29: =E29/D29-1 -> -0.07252459 | AO29: =F29/E29-1 -> -0.067920437 | AP29: =G29/F29-1 -> 0.2691024 | AQ29: =H29/G29-1 -> 0.10377941 | AR29: =I29/H29-1 -> 0.1401213 | AS29: =J29/I29-1 -> -0.19795982 | ... AW29: =N29/M29-1 -> -0.014685368
A30: Nov | B30: ='[1]Soy Complex'!BA404+'[1]Sun Complex'!BA319+'[1]Canola Complex'!BA339+'[1]Cottonseed Complex'!BA310+'[7]Distillers'' Corn Oil Complex'!T104+'[7]Inedible Tallow Complex'!T103+'[7]Yellow Grease Complex'!T104+'[7]Used Cooking Oil Complex'!T104+'[7]CWG Complex'!T106+'[7]Poultry Byproduct Complex'!T243 -> 767 | C30: ='[1]Soy Complex'!BB404+'[1]Sun Complex'!BB319+'[1]Canola Complex'!BB339+'[1]Cottonseed Complex'!BB310+'[7]Distillers'' Corn Oil Complex'!U104+'[7]Inedible Tallow Complex'!U103+'[7]Yellow Grease Complex'!U104+'[7]Used Cooking Oil Complex'!U104+'[7]CWG Complex'!U106+'[7]Poultry Byproduct Complex'!U243 -> 409 | D30: ='[1]Soy Complex'!BC404+'[1]Sun Complex'!BC319+'[1]Canola Complex'!BC339+'[1]Cottonseed Complex'!BC310+'[7]Distillers'' Corn Oil Complex'!V104+'[7]Inedible Tallow Complex'!V103+'[7]Yellow Grease Complex'!V104+'[7]Used Cooking Oil Complex'!V104+'[7]CWG Complex'!V106+'[7]Poultry Byproduct Complex'!V243 -> 861 | E30: ='[1]Soy Complex'!BD404+'[1]Sun Complex'!BD319+'[1]Canola Complex'!BD339+'[1]Cottonseed Complex'!BD310+'[7]Distillers'' Corn Oil Complex'!W104+'[7]Inedible Tallow Complex'!W103+'[7]Yellow Grease Complex'!W104+'[7]Used Cooking Oil Complex'!W104+'[7]CWG Complex'!W106+'[7]Poultry Byproduct Complex'!W243 -> 776.6 | F30: ='[1]Soy Complex'!BE404+'[1]Sun Complex'!BE319+'[1]Canola Complex'!BE339+'[1]Cottonseed Complex'!BE310+'[7]Distillers'' Corn Oil Complex'!X104+'[7]Inedible Tallow Complex'!X103+'[7]Yellow Grease Complex'!X104+'[7]Used Cooking Oil Complex'!X104+'[7]CWG Complex'!X106+'[7]Poultry Byproduct Complex'!X243 -> 742.8 | G30: ='[1]Soy Complex'!BF404+'[1]Sun Complex'!BF319+'[1]Canola Complex'!BF339+'[1]Cottonseed Complex'!BF310+'[7]Distillers'' Corn Oil Complex'!Y104+'[7]Inedible Tallow Complex'!Y103+'[7]Yellow Grease Complex'!Y104+'[7]Used Cooking Oil Complex'!Y104+'[7]CWG Complex'!Y106+'[7]Poultry Byproduct Complex'!Y243 -> 1045.67 | H30: ='[1]Soy Complex'!BG404+'[1]Sun Complex'!BG319+'[1]Canola Complex'!BG339+'[1]Cottonseed Complex'!BG310+'[7]Distillers'' Corn Oil Complex'!Z104+'[7]Inedible Tallow Complex'!Z103+'[7]Yellow Grease Complex'!Z104+'[7]Used Cooking Oil Complex'!Z104+'[7]CWG Complex'!Z106+'[7]Poultry Byproduct Complex'!Z243 -> 1125.48 | I30: ='[1]Soy Complex'!BH404+'[1]Sun Complex'!BH319+'[1]Canola Complex'!BH339+'[1]Cottonseed Complex'!BH310+'[7]Distillers'' Corn Oil Complex'!AA104+'[7]Inedible Tallow Complex'!AA103+'[7]Yellow Grease Complex'!AA104+'[7]Used Cooking Oil Complex'!AA104+'[7]CWG Complex'!AA106+'[7]Poultry Byproduct Complex'!AA243 -> 1195.9201 | ... AF30: ='[1]Soy Complex'!CE404+'[1]Sun Complex'!CE319+'[1]Canola Complex'!CE339+'[1]Cottonseed Complex'!CE310+'[7]Distillers'' Corn Oil Complex'!AX104+'[7]Inedible Tallow Complex'!AX103+'[7]Yellow Grease Complex'!AX104+'[7]Used Cooking Oil Complex'!AX104+'[7]CWG Complex'!AX106+'[7]Poultry Byproduct Complex'!AX243 -> 357.17561 | AL30: =C30/B30-1 -> -0.46675359 | AM30: =D30/C30-1 -> 1.1051345 | AN30: =E30/D30-1 -> -0.098025552 | AO30: =F30/E30-1 -> -0.043523049 | AP30: =G30/F30-1 -> 0.40774098 | AQ30: =H30/G30-1 -> 0.076324271 | AR30: =I30/H30-1 -> 0.062586716 | AS30: =J30/I30-1 -> -0.19977749 | ... AW30: =N30/M30-1 -> 0.0024106145
A31: Dec | B31: ='[1]Soy Complex'!BA405+'[1]Sun Complex'!BA320+'[1]Canola Complex'!BA340+'[1]Cottonseed Complex'!BA311+'[7]Distillers'' Corn Oil Complex'!T105+'[7]Inedible Tallow Complex'!T104+'[7]Yellow Grease Complex'!T105+'[7]Used Cooking Oil Complex'!T105+'[7]CWG Complex'!T107+'[7]Poultry Byproduct Complex'!T244 -> 796 | C31: ='[1]Soy Complex'!BB405+'[1]Sun Complex'!BB320+'[1]Canola Complex'!BB340+'[1]Cottonseed Complex'!BB311+'[7]Distillers'' Corn Oil Complex'!U105+'[7]Inedible Tallow Complex'!U104+'[7]Yellow Grease Complex'!U105+'[7]Used Cooking Oil Complex'!U105+'[7]CWG Complex'!U107+'[7]Poultry Byproduct Complex'!U244 -> 431 | D31: ='[1]Soy Complex'!BC405+'[1]Sun Complex'!BC320+'[1]Canola Complex'!BC340+'[1]Cottonseed Complex'!BC311+'[7]Distillers'' Corn Oil Complex'!V105+'[7]Inedible Tallow Complex'!V104+'[7]Yellow Grease Complex'!V105+'[7]Used Cooking Oil Complex'!V105+'[7]CWG Complex'!V107+'[7]Poultry Byproduct Complex'!V244 -> 916 | E31: ='[1]Soy Complex'!BD405+'[1]Sun Complex'!BD320+'[1]Canola Complex'!BD340+'[1]Cottonseed Complex'!BD311+'[7]Distillers'' Corn Oil Complex'!W105+'[7]Inedible Tallow Complex'!W104+'[7]Yellow Grease Complex'!W105+'[7]Used Cooking Oil Complex'!W105+'[7]CWG Complex'!W107+'[7]Poultry Byproduct Complex'!W244 -> 869.8 | F31: ='[1]Soy Complex'!BE405+'[1]Sun Complex'!BE320+'[1]Canola Complex'!BE340+'[1]Cottonseed Complex'!BE311+'[7]Distillers'' Corn Oil Complex'!X105+'[7]Inedible Tallow Complex'!X104+'[7]Yellow Grease Complex'!X105+'[7]Used Cooking Oil Complex'!X105+'[7]CWG Complex'!X107+'[7]Poultry Byproduct Complex'!X244 -> 754.6 | G31: ='[1]Soy Complex'!BF405+'[1]Sun Complex'!BF320+'[1]Canola Complex'!BF340+'[1]Cottonseed Complex'!BF311+'[7]Distillers'' Corn Oil Complex'!Y105+'[7]Inedible Tallow Complex'!Y104+'[7]Yellow Grease Complex'!Y105+'[7]Used Cooking Oil Complex'!Y105+'[7]CWG Complex'!Y107+'[7]Poultry Byproduct Complex'!Y244 -> 1029.58 | H31: ='[1]Soy Complex'!BG405+'[1]Sun Complex'!BG320+'[1]Canola Complex'!BG340+'[1]Cottonseed Complex'!BG311+'[7]Distillers'' Corn Oil Complex'!Z105+'[7]Inedible Tallow Complex'!Z104+'[7]Yellow Grease Complex'!Z105+'[7]Used Cooking Oil Complex'!Z105+'[7]CWG Complex'!Z107+'[7]Poultry Byproduct Complex'!Z244 -> 1113.18 | I31: ='[1]Soy Complex'!BH405+'[1]Sun Complex'!BH320+'[1]Canola Complex'!BH340+'[1]Cottonseed Complex'!BH311+'[7]Distillers'' Corn Oil Complex'!AA105+'[7]Inedible Tallow Complex'!AA104+'[7]Yellow Grease Complex'!AA105+'[7]Used Cooking Oil Complex'!AA105+'[7]CWG Complex'!AA107+'[7]Poultry Byproduct Complex'!AA244 -> 1254.0901 | ... AF31: ='[1]Soy Complex'!CE405+'[1]Sun Complex'!CE320+'[1]Canola Complex'!CE340+'[1]Cottonseed Complex'!CE311+'[7]Distillers'' Corn Oil Complex'!AX105+'[7]Inedible Tallow Complex'!AX104+'[7]Yellow Grease Complex'!AX105+'[7]Used Cooking Oil Complex'!AX105+'[7]CWG Complex'!AX107+'[7]Poultry Byproduct Complex'!AX244 -> 427.67654 | AL31: =C31/B31-1 -> -0.45854271 | AM31: =D31/C31-1 -> 1.12529 | AN31: =E31/D31-1 -> -0.050436681 | AO31: =F31/E31-1 -> -0.13244424 | AP31: =G31/F31-1 -> 0.36440498 | AQ31: =H31/G31-1 -> 0.081198158 | AR31: =I31/H31-1 -> 0.12658343 | AS31: =J31/I31-1 -> -0.21034548 | ... AW31: =N31/M31-1 -> -0.016312495
A32: Total | B32: =SUM(B20:B31) -> 6978 | C32: =SUM(C20:C31) -> 7120 | D32: =SUM(D20:D31) -> 9360 | E32: =SUM(E20:E31) -> 8849.93 | F32: =SUM(F20:F31) -> 9057.6 | G32: =SUM(G20:G31) -> 10722.65 | H32: =SUM(H20:H31) -> 11912.73 | I32: =SUM(I20:I31) -> 13769.085 | ... AF32: =SUM(AF20:AF31) -> 4148.7004 | AL32: =AVERAGE(AL20:AL31) -> 0.17838305 | AM32: =AVERAGE(AM20:AM31) -> 0.36369987 | AN32: =AVERAGE(AN20:AN31) -> -0.055663731 | AO32: =AVERAGE(AO20:AO31) -> 0.036526354 | AP32: =AVERAGE(AP20:AP31) -> 0.19474578 | AQ32: =AVERAGE(AQ20:AQ31) -> 0.10815029 | AR32: =AVERAGE(AR20:AR31) -> 0.16720438 | AS32: =AVERAGE(AS20:AS31) -> -0.061680969 | ... AW32: =AVERAGE(AW20:AW31) -> 0.039211586
A35: Average Feedstock Use per EPA Gallon
B36: =B2 -> 2011 | C36: =C2 -> 2012 | D36: =D2 -> 2013 | E36: =E2 -> 2014 | F36: =F2 -> 2015 | G36: =G2 -> 2016 | H36: =H2 -> 2017 | I36: =I2 -> 2018 | ... AF36: =AF2 -> 2041 | AJ36: 5-Year Average | AK36: 5-Year Max | AL36: 5-Year Min
A37: Jan | B37: =(B20*1000000)/B3 -> 6.6746222 | C37: =(C20*1000000)/C3 -> 8.4090963 | D37: =(D20*1000000)/D3 -> 6.8473707 | E37: =(E20*1000000)/E3 -> 6.5946176 | F37: =(F20*1000000)/F3 -> 7.2903647 | G37: =(G20*1000000)/G3 -> 7.152474 | H37: =(H20*1000000)/H3 -> 8.3499109 | I37: =(I20*1000000)/I3 -> 7.4079061 | ... AF37: =(AF20*1000000)/AF3 -> #DIV/0! | AJ37: =AVERAGE(I37:M37) -> 6.6228963 | AK37: =MAX(I37:M37) -> 7.5291352 | AL37: =MIN(I37:M37) -> 5.3055846
A38: Feb | B38: =(B21*1000000)/B4 -> 6.6120696 | C38: =(C21*1000000)/C4 -> 7.3975967 | D38: =(D21*1000000)/D4 -> 6.7674359 | E38: =(E21*1000000)/E4 -> 6.1105866 | F38: =(F21*1000000)/F4 -> 6.9578633 | G38: =(G21*1000000)/G4 -> 6.6152744 | H38: =(H21*1000000)/H4 -> 7.1689913 | I38: =(I21*1000000)/I4 -> 6.7642706 | ... AF38: =(AF21*1000000)/AF4 -> #DIV/0! | AJ38: =AVERAGE(I38:M38) -> 5.4351723 | AK38: =MAX(I38:M38) -> 6.7642706 | AL38: =MIN(I38:M38) -> 4.08892
A39: Mar | B39: =(B22*1000000)/B5 -> 6.1808278 | C39: =(C22*1000000)/C5 -> 6.8253472 | D39: =(D22*1000000)/D5 -> 7.0743605 | E39: =(E22*1000000)/E5 -> 6.4103413 | F39: =(F22*1000000)/F5 -> 6.5448062 | G39: =(G22*1000000)/G5 -> 5.3013155 | H39: =(H22*1000000)/H5 -> 6.5743876 | I39: =(I22*1000000)/I5 -> 6.4417924 | ... AF39: =(AF22*1000000)/AF5 -> #DIV/0! | AJ39: =AVERAGE(I39:M39) -> 5.3587001 | AK39: =MAX(I39:M39) -> 6.4417924 | AL39: =MIN(I39:M39) -> 4.3668301
A40: Apr | B40: =(B23*1000000)/B6 -> 7.0862906 | C40: =(C23*1000000)/C6 -> 7.0942682 | D40: =(D23*1000000)/D6 -> 6.6054367 | E40: =(E23*1000000)/E6 -> 5.6311887 | F40: =(F23*1000000)/F6 -> 6.386563 | G40: =(G23*1000000)/G6 -> 5.2552648 | H40: =(H23*1000000)/H6 -> 6.4059067 | I40: =(I23*1000000)/I6 -> 6.226606 | ... AF40: =(AF23*1000000)/AF6 -> #DIV/0! | AJ40: =AVERAGE(I40:M40) -> 5.3866061 | AK40: =MAX(I40:M40) -> 6.226606 | AL40: =MIN(I40:M40) -> 4.0227757
A41: May | B41: =(B24*1000000)/B7 -> 6.4234661 | C41: =(C24*1000000)/C7 -> 6.5778625 | D41: =(D24*1000000)/D7 -> 6.1940705 | E41: =(E24*1000000)/E7 -> 5.8774787 | F41: =(F24*1000000)/F7 -> 5.9584794 | G41: =(G24*1000000)/G7 -> 5.8458312 | H41: =(H24*1000000)/H7 -> 6.0419856 | I41: =(I24*1000000)/I7 -> 6.00931 | ... AF41: =(AF24*1000000)/AF7 -> #DIV/0! | AJ41: =AVERAGE(I41:M41) -> 5.3587728 | AK41: =MAX(I41:M41) -> 6.00931 | AL41: =MIN(I41:M41) -> 3.7887629
A42: Jun | B42: =(B25*1000000)/B8 -> 7.2341311 | C42: =(C25*1000000)/C8 -> 6.0976566 | D42: =(D25*1000000)/D8 -> 6.6063458 | E42: =(E25*1000000)/E8 -> 6.09889 | F42: =(F25*1000000)/F8 -> 5.9928636 | G42: =(G25*1000000)/G8 -> 5.5660327 | H42: =(H25*1000000)/H8 -> 6.4684253 | I42: =(I25*1000000)/I8 -> 6.7794351 | ... AF42: =(AF25*1000000)/AF8 -> #DIV/0! | AJ42: =AVERAGE(I42:M42) -> 5.2889215 | AK42: =MAX(I42:M42) -> 6.7794351 | AL42: =MIN(I42:M42) -> 3.9918112
A43: Jul | B43: =(B26*1000000)/B9 -> 7.1028001 | C43: =(C26*1000000)/C9 -> 5.9157828 | D43: =(D26*1000000)/D9 -> 5.9272506 | E43: =(E26*1000000)/E9 -> 6.0430911 | F43: =(F26*1000000)/F9 -> 6.0080576 | G43: =(G26*1000000)/G9 -> 6.0542532 | H43: =(H26*1000000)/H9 -> 6.5727064 | I43: =(I26*1000000)/I9 -> 6.8772071 | ... AF43: =(AF26*1000000)/AF9 -> #DIV/0! | AJ43: =AVERAGE(I43:M43) -> 5.5221878 | AK43: =MAX(I43:M43) -> 6.8772071 | AL43: =MIN(I43:M43) -> 4.5901119
A44: Aug | B44: =(B27*1000000)/B10 -> 6.2642754 | C44: =(C27*1000000)/C10 -> 6.4972435 | D44: =(D27*1000000)/D10 -> 6.2261277 | E44: =(E27*1000000)/E10 -> 6.6648654 | F44: =(F27*1000000)/F10 -> 6.2486984 | G44: =(G27*1000000)/G10 -> 5.2263054 | H44: =(H27*1000000)/H10 -> 6.1633589 | I44: =(I27*1000000)/I10 -> 6.5746312 | ... AF44: =(AF27*1000000)/AF10 -> #DIV/0! | AJ44: =AVERAGE(I44:M44) -> 5.2707533 | AK44: =MAX(I44:M44) -> 6.5746312 | AL44: =MIN(I44:M44) -> 3.7642782
A45: Sep | B45: =(B28*1000000)/B11 -> 5.8137978 | C45: =(C28*1000000)/C11 -> 6.923057 | D45: =(D28*1000000)/D11 -> 5.8573142 | E45: =(E28*1000000)/E11 -> 6.2805176 | F45: =(F28*1000000)/F11 -> 5.885685 | G45: =(G28*1000000)/G11 -> 5.5846689 | H45: =(H28*1000000)/H11 -> 6.1883055 | I45: =(I28*1000000)/I11 -> 6.4291628 | ... AF45: =(AF28*1000000)/AF11 -> #DIV/0! | AJ45: =AVERAGE(I45:M45) -> 5.2146723 | AK45: =MAX(I45:M45) -> 6.4291628 | AL45: =MIN(I45:M45) -> 3.9521885
A46: Oct | B46: =(B29*1000000)/B12 -> 6.4526261 | C46: =(C29*1000000)/C12 -> 6.4058322 | D46: =(D29*1000000)/D12 -> 6.1313905 | E46: =(E29*1000000)/E12 -> 6.227285 | F46: =(F29*1000000)/F12 -> 6.6788467 | G46: =(G29*1000000)/G12 -> 6.1321597 | H46: =(H29*1000000)/H12 -> 6.3427208 | I46: =(I29*1000000)/I12 -> 6.0171376 | ... AF46: =(AF29*1000000)/AF12 -> #DIV/0! | AJ46: =AVERAGE(I46:M46) -> 5.4462162 | AK46: =MAX(I46:M46) -> 6.5548386 | AL46: =MIN(I46:M46) -> 4.467012
A47: Nov | B47: =(B30*1000000)/B13 -> 6.9275431 | C47: =(C30*1000000)/C13 -> 5.5525586 | D47: =(D30*1000000)/D13 -> 6.8327539 | E47: =(E30*1000000)/E13 -> 6.8201591 | F47: =(F30*1000000)/F13 -> 6.805809 | G47: =(G30*1000000)/G13 -> 6.2585675 | H47: =(H30*1000000)/H13 -> 6.5814956 | I47: =(I30*1000000)/I13 -> 6.2578908 | ... AF47: =(AF30*1000000)/AF13 -> #DIV/0! | AJ47: =AVERAGE(I47:M47) -> 5.0670217 | AK47: =MAX(I47:M47) -> 6.2578908 | AL47: =MIN(I47:M47) -> 3.3536508
A48: Dec | B48: =(B31*1000000)/B14 -> 5.0581511 | C48: =(C31*1000000)/C14 -> 6.9570771 | D48: =(D31*1000000)/D14 -> 5.3154131 | E48: =(E31*1000000)/E14 -> 4.6681651 | F48: =(F31*1000000)/F14 -> 6.1140524 | G48: =(G31*1000000)/G14 -> 4.8027239 | H48: =(H31*1000000)/H14 -> 5.9174085 | I48: =(I31*1000000)/I14 -> 5.4369686 | ... AF48: =(AF31*1000000)/AF14 -> #DIV/0! | AJ48: =AVERAGE(I48:M48) -> 4.5876906 | AK48: =MAX(I48:M48) -> 5.4369686 | AL48: =MIN(I48:M48) -> 3.4435364
A49: Average | B49: =AVERAGE(B37:B48) -> 6.4858834 | C49: =AVERAGE(C37:C48) -> 6.7211149 | D49: =AVERAGE(D37:D48) -> 6.3654392 | E49: =AVERAGE(E37:E48) -> 6.1189322 | F49: =AVERAGE(F37:F48) -> 6.4060074 | G49: =AVERAGE(G37:G48) -> 5.8162393 | H49: =AVERAGE(H37:H48) -> 6.5646336 | I49: =AVERAGE(I37:I48) -> 6.4351932 | ... AF49: =AVERAGE(AF37:AF48) -> #DIV/0! | AJ49: =AVERAGE(AJ37:AJ48) -> 5.3799676 | AK49: =AVERAGE(AK37:AK48) -> 6.490104 | AL49: =AVERAGE(AL37:AL48) -> 4.0946219
A50: Maximum | B50: =MAX(B37:B48) -> 7.2341311 | C50: =MAX(C37:C48) -> 8.4090963 | D50: =MAX(D37:D48) -> 7.0743605 | E50: =MAX(E37:E48) -> 6.8201591 | F50: =MAX(F37:F48) -> 7.2903647 | G50: =MAX(G37:G48) -> 7.152474 | H50: =MAX(H37:H48) -> 8.3499109 | I50: =MAX(I37:I48) -> 7.4079061 | ... AF50: =MAX(AF37:AF48) -> #DIV/0!
A51: Minimum | B51: =MIN(B37:B48) -> 5.0581511 | C51: =MIN(C37:C48) -> 5.5525586 | D51: =MIN(D37:D48) -> 5.3154131 | E51: =MIN(E37:E48) -> 4.6681651 | F51: =MIN(F37:F48) -> 5.885685 | G51: =MIN(G37:G48) -> 4.8027239 | H51: =MIN(H37:H48) -> 5.9174085 | I51: =MIN(I37:I48) -> 5.4369686 | ... AF51: =MIN(AF37:AF48) -> #DIV/0!
A54: Soybean Oil Feedstock Use
B55: =B2 -> 2011 | C55: =C2 -> 2012 | D55: =D2 -> 2013 | E55: =E2 -> 2014 | F55: =F2 -> 2015 | G55: =G2 -> 2016 | H55: =H2 -> 2017 | I55: =I2 -> 2018 | ... AF55: =AF2 -> 2041
A56: Jan | B56: ='[1]Soy Complex'!AZ406 -> 150 | C56: ='[1]Soy Complex'!BA406 -> 306 | D56: ='[1]Soy Complex'!BB406 -> 313 | E56: ='[1]Soy Complex'!BC406 -> 241 | F56: ='[1]Soy Complex'!BD406 -> 306 | G56: ='[1]Soy Complex'!BE406 -> 392.27 | H56: ='[1]Soy Complex'!BF406 -> 390.11 | I56: ='[1]Soy Complex'!BG406 -> 462.12 | ... AF56: ='[1]Soy Complex'!CD406 -> 145.40565
A57: Feb | B57: ='[1]Soy Complex'!AZ407 -> 150 | C57: ='[1]Soy Complex'!BA407 -> 321 | D57: ='[1]Soy Complex'!BB407 -> 287 | E57: ='[1]Soy Complex'!BC407 -> 277 | F57: ='[1]Soy Complex'!BD407 -> 311 | G57: ='[1]Soy Complex'!BE407 -> 416 | H57: ='[1]Soy Complex'!BF407 -> 369.18 | I57: ='[1]Soy Complex'!BG407 -> 495.59 | ... AF57: ='[1]Soy Complex'!CD407 -> 107.10645
A58: Mar | B58: ='[1]Soy Complex'!AZ408 -> 190 | C58: ='[1]Soy Complex'!BA408 -> 388 | D58: ='[1]Soy Complex'!BB408 -> 443 | E58: ='[1]Soy Complex'!BC408 -> 379 | F58: ='[1]Soy Complex'!BD408 -> 381 | G58: ='[1]Soy Complex'!BE408 -> 464.48 | H58: ='[1]Soy Complex'!BF408 -> 369.46 | I58: ='[1]Soy Complex'!BG408 -> 624.15 | ... AF58: ='[1]Soy Complex'!CD408 -> 117.67137
A59: Apr | B59: ='[1]Soy Complex'!AZ409 -> 236 | C59: ='[1]Soy Complex'!BA409 -> 350 | D59: ='[1]Soy Complex'!BB409 -> 423 | E59: ='[1]Soy Complex'!BC409 -> 360 | F59: ='[1]Soy Complex'!BD409 -> 384.6 | G59: ='[1]Soy Complex'!BE409 -> 414.75 | H59: ='[1]Soy Complex'!BF409 -> 426.71 | I59: ='[1]Soy Complex'!BG409 -> 519.56 | ... AF59: ='[1]Soy Complex'!CD409 -> 142.8516
A60: May | B60: ='[1]Soy Complex'!AZ410 -> 264 | C60: ='[1]Soy Complex'!BA410 -> 429 | D60: ='[1]Soy Complex'!BB410 -> 416 | E60: ='[1]Soy Complex'!BC410 -> 364 | F60: ='[1]Soy Complex'!BD410 -> 443 | G60: ='[1]Soy Complex'!BE410 -> 543.78 | H60: ='[1]Soy Complex'!BF410 -> 545.51 | I60: ='[1]Soy Complex'!BG410 -> 581.33 | ... AF60: ='[1]Soy Complex'!CD410 -> 160.24822
A61: Jun | B61: ='[1]Soy Complex'!AZ411 -> 311 | C61: ='[1]Soy Complex'!BA411 -> 369 | D61: ='[1]Soy Complex'!BB411 -> 486 | E61: ='[1]Soy Complex'!BC411 -> 466.61 | F61: ='[1]Soy Complex'!BD411 -> 474 | G61: ='[1]Soy Complex'!BE411 -> 519.69 | H61: ='[1]Soy Complex'!BF411 -> 548.84 | I61: ='[1]Soy Complex'!BG411 -> 623.61 | ... AF61: ='[1]Soy Complex'!CD411 -> 144.46659
A62: Jul | B62: ='[1]Soy Complex'!AZ412 -> 367 | C62: ='[1]Soy Complex'!BA412 -> 347 | D62: ='[1]Soy Complex'!BB412 -> 480 | E62: ='[1]Soy Complex'!BC412 -> 434.63 | F62: ='[1]Soy Complex'!BD412 -> 446 | G62: ='[1]Soy Complex'!BE412 -> 535.6 | H62: ='[1]Soy Complex'!BF412 -> 606.15 | I62: ='[1]Soy Complex'!BG412 -> 671.27 | ... AF62: ='[1]Soy Complex'!CD412 -> 150.19075
A63: Aug | B63: ='[1]Soy Complex'!AZ413 -> 398 | C63: ='[1]Soy Complex'!BA413 -> 385 | D63: ='[1]Soy Complex'!BB413 -> 513 | E63: ='[1]Soy Complex'!BC413 -> 447.81 | F63: ='[1]Soy Complex'!BD413 -> 463.6 | G63: ='[1]Soy Complex'!BE413 -> 561.04 | H63: ='[1]Soy Complex'!BF413 -> 608.17 | I63: ='[1]Soy Complex'!BG413 -> 705.13 | ... AF63: ='[1]Soy Complex'!CD413 -> 144.13675
A64: Sep | B64: ='[1]Soy Complex'!AZ414 -> 430 | C64: ='[1]Soy Complex'!BA414 -> 322 | D64: ='[1]Soy Complex'!BB414 -> 502 | E64: ='[1]Soy Complex'!BC414 -> 395.21 | F64: ='[1]Soy Complex'!BD414 -> 390 | G64: ='[1]Soy Complex'!BE414 -> 536.84 | H64: ='[1]Soy Complex'!BF414 -> 603.91 | I64: ='[1]Soy Complex'!BG414 -> 688.71 | ... AF64: ='[1]Soy Complex'!CD414 -> 145.45982
A65: Oct | B65: ='[1]Soy Complex'!BA403 -> 527 | C65: ='[1]Soy Complex'!BB403 -> 307 | D65: ='[1]Soy Complex'!BC403 -> 551 | E65: ='[1]Soy Complex'!BD403 -> 458.81 | F65: ='[1]Soy Complex'!BE403 -> 408 | G65: ='[1]Soy Complex'!BF403 -> 525.96 | H65: ='[1]Soy Complex'!BG403 -> 577.43 | I65: ='[1]Soy Complex'!BH403 -> 698.88 | ... AF65: ='[1]Soy Complex'!CE403 -> 146.61823
A66: Nov | B66: ='[1]Soy Complex'!BA404 -> 538 | C66: ='[1]Soy Complex'!BB404 -> 246 | D66: ='[1]Soy Complex'!BC404 -> 535 | E66: ='[1]Soy Complex'!BD404 -> 447.12 | F66: ='[1]Soy Complex'!BE404 -> 464 | G66: ='[1]Soy Complex'!BF404 -> 595.83 | H66: ='[1]Soy Complex'!BG404 -> 590.8 | I66: ='[1]Soy Complex'!BH404 -> 703.79 | ... AF66: ='[1]Soy Complex'!CE404 -> 135.07584
A67: Dec | B67: ='[1]Soy Complex'!BA405 -> 592 | C67: ='[1]Soy Complex'!BB405 -> 273 | D67: ='[1]Soy Complex'!BC405 -> 559 | E67: ='[1]Soy Complex'!BD405 -> 531.31 | F67: ='[1]Soy Complex'!BE405 -> 436 | G67: ='[1]Soy Complex'!BF405 -> 610.47 | H67: ='[1]Soy Complex'!BG405 -> 593.99 | I67: ='[1]Soy Complex'!BH405 -> 767.76 | ... AF67: ='[1]Soy Complex'!CE405 -> 160.06501
A68: Total | B68: =SUM(B56:B67) -> 4153 | C68: =SUM(C56:C67) -> 4043 | D68: =SUM(D56:D67) -> 5508 | E68: =SUM(E56:E67) -> 4802.5 | F68: =SUM(F56:F67) -> 4907.2 | G68: =SUM(G56:G67) -> 6116.71 | H68: =SUM(H56:H67) -> 6230.26 | I68: =SUM(I56:I67) -> 7541.9 | ... AF68: =SUM(AF56:AF67) -> 1699.2963
A70: Soybean Oil Feedstock Use as Percent of Total
B71: =B2 -> 2011 | C71: =C2 -> 2012 | D71: =D2 -> 2013 | E71: =E2 -> 2014 | F71: =F2 -> 2015 | G71: =G2 -> 2016 | H71: =H2 -> 2017 | I71: =I2 -> 2018 | ... AF71: =AF2 -> 2041
A72: Jan | B72: =B56/B20 -> 0.60240964 | C72: =C56/C20 -> 0.56561922 | D72: =D56/D20 -> 0.63104839 | E72: =E56/E20 -> 0.54524887 | F72: =F56/F20 -> 0.57196262 | G72: =G56/G20 -> 0.56355288 | H72: =H56/H20 -> 0.552924 | I72: =I56/I20 -> 0.50236474 | ... AF72: =AF56/AF20 -> 0.4484056
A73: Feb | B73: =B57/B21 -> 0.53380783 | C73: =C57/C21 -> 0.57321429 | D73: =D57/D21 -> 0.55945419 | E73: =E57/E21 -> 0.55179283 | F73: =F57/F21 -> 0.58568738 | G73: =G57/G21 -> 0.58359263 | H73: =H57/H21 -> 0.51745743 | I73: =I57/I21 -> 0.53423703 | ... AF73: =AF57/AF21 -> 0.41296453
A74: Mar | B74: =B58/B22 -> 0.4622871 | C74: =C58/C22 -> 0.56559767 | D74: =D58/D22 -> 0.60851648 | E74: =E58/E22 -> 0.55899705 | F74: =F58/F22 -> 0.53661972 | G74: =G58/G22 -> 0.6063296 | H74: =H58/H22 -> 0.44126745 | I74: =I58/I22 -> 0.56905933 | ... AF74: =AF58/AF22 -> 0.38601778
A75: Apr | B75: =B59/B23 -> 0.46003899 | C75: =C59/C23 -> 0.51319648 | D75: =D59/D23 -> 0.56854839 | E75: =E59/E23 -> 0.54628225 | F75: =F59/F23 -> 0.49269792 | G75: =G59/G23 -> 0.53497491 | H75: =H59/H23 -> 0.46025822 | I75: =I59/I23 -> 0.48971527 | ... AF75: =AF59/AF23 -> 0.43395959
A76: May | B76: =B60/B24 -> 0.48175182 | C76: =C60/C24 -> 0.58367347 | D76: =D60/D24 -> 0.55172414 | E76: =E60/E24 -> 0.49122807 | F76: =F60/F24 -> 0.54156479 | G76: =G60/G24 -> 0.59174315 | H76: =H60/H24 -> 0.52655405 | I76: =I60/I24 -> 0.51526752 | ... AF76: =AF60/AF24 -> 0.45875515
A77: Jun | B77: =B61/B25 -> 0.52093802 | C77: =C61/C25 -> 0.54910714 | D77: =D61/D25 -> 0.58980583 | E77: =E61/E25 -> 0.59347019 | F77: =F61/F25 -> 0.54420207 | G77: =G61/G25 -> 0.5647994 | H77: =H61/H25 -> 0.52131954 | I77: =I61/I25 -> 0.53191664 | ... AF77: =AF61/AF25 -> 0.41001005
A78: Jul | B78: =B62/B26 -> 0.55354449 | C78: =C62/C26 -> 0.56606852 | D78: =D62/D26 -> 0.56206089 | E78: =E62/E26 -> 0.50629623 | F78: =F62/F26 -> 0.51299747 | G78: =G62/G26 -> 0.56172116 | H78: =H62/H26 -> 0.54266862 | I78: =I62/I26 -> 0.54126383 | ... AF78: =AF62/AF26 -> 0.44048674
A79: Aug | B79: =B63/B27 -> 0.58017493 | C79: =C63/C27 -> 0.58245083 | D79: =D63/D27 -> 0.56747788 | E79: =E63/E27 -> 0.5170837 | F79: =F63/F27 -> 0.52729754 | G79: =G63/G27 -> 0.57572797 | H79: =H63/H27 -> 0.54154868 | I79: =I63/I27 -> 0.54536947 | ... AF79: =AF63/AF27 -> 0.41343314
A80: Sep | B80: =B64/B28 -> 0.61428571 | C80: =C64/C28 -> 0.5466893 | D80: =D64/D28 -> 0.58989424 | E80: =E64/E28 -> 0.48069134 | F80: =F64/F28 -> 0.50322581 | G80: =G64/G28 -> 0.57957684 | H80: =H64/H28 -> 0.57304032 | I80: =I64/I28 -> 0.56602424 | ... AF80: =AF64/AF28 -> 0.44362306
A81: Oct | B81: =B65/B29 -> 0.68709257 | C81: =C65/C29 -> 0.56746765 | D81: =D65/D29 -> 0.60218579 | E81: =E65/E29 -> 0.5406415 | F81: =F65/F29 -> 0.51580278 | G81: =G65/G29 -> 0.5239376 | H81: =H65/H29 -> 0.5211274 | I81: =I65/I29 -> 0.55321776 | ... AF81: =AF65/AF29 -> 0.34332786
A82: Nov | B82: =B66/B30 -> 0.70143416 | C82: =C66/C30 -> 0.60146699 | D82: =D66/D30 -> 0.6213705 | E82: =E66/E30 -> 0.57574041 | F82: =F66/F30 -> 0.62466344 | G82: =G66/G30 -> 0.56980692 | H82: =H66/H30 -> 0.52493158 | I82: =I66/I30 -> 0.58849249 | ... AF82: =AF66/AF30 -> 0.37817766
A83: Dec | B83: =B67/B31 -> 0.74371859 | C83: =C67/C31 -> 0.63341067 | D83: =D67/D31 -> 0.61026201 | E83: =E67/E31 -> 0.61084157 | F83: =F67/F31 -> 0.57778956 | G83: =G67/G31 -> 0.5929311 | H83: =H67/H31 -> 0.53359744 | I83: =I67/I31 -> 0.61220479 | ... AF83: =AF67/AF31 -> 0.3742665
A84: Average | B84: =AVERAGE(B72:B83) -> 0.57845699 | C84: =AVERAGE(C72:C83) -> 0.57066352 | D84: =AVERAGE(D72:D83) -> 0.58852906 | E84: =AVERAGE(E72:E83) -> 0.54319283 | F84: =AVERAGE(F72:F83) -> 0.54454259 | G84: =AVERAGE(G72:G83) -> 0.57072451 | H84: =AVERAGE(H72:H83) -> 0.52139123 | I84: =AVERAGE(I72:I83) -> 0.54576109 | ... AF84: =AVERAGE(AF72:AF83) -> 0.4119523
K86: 20% of Total Feedstocks | L86: =L32*0.2 -> 2396.9288 | M86: =M32*0.2 -> 2511.9077 | N86: =N32*0.2 -> 2609.7446 | O86: =O32*0.2 -> 2500.8087 | P86: =P32*0.2 -> 2412.4432 | Q86: =Q32*0.2 -> 2239.3516 | R86: =R32*0.2 -> 2271.0908 | S86: =S32*0.2 -> 1786.2946 | ... AF86: =AF32*0.2 -> 829.74008
K87: Feedstocks needed to replace SBO | L87: =L68-L86 -> 4003.6214 | M87: =M68-M86 -> 4588.5883 | N87: =N68-N86 -> 4722.4414 | O87: =O68-O86 -> 4128.8304 | P87: =P68-P86 -> 4310.0175 | Q87: =Q68-Q86 -> 3639.3323 | R87: =R68-R86 -> 3803.286 | S87: =S68-S86 -> 3022.0857 | ... AF87: =AF68-AF86 -> 869.55618
K88: Gallons of production lost | L88: =L87/7.5 -> 533.81618 | M88: =M87/7.5 -> 611.81177 | N88: =N87/7.5 -> 629.65885 | O88: =O87/7.5 -> 550.51072 | P88: =P87/7.5 -> 574.669 | Q88: =Q87/7.5 -> 485.2443 | R88: =R87/7.5 -> 507.1048 | S88: =S87/7.5 -> 402.94477 | ... AF88: =AF87/7.5 -> 115.94082
A90: EIA Production
B91: =B2 -> 2011 | C91: =C2 -> 2012 | D91: =D2 -> 2013 | E91: =E2 -> 2014 | F91: =F2 -> 2015 | G91: =G2 -> 2016 | H91: =H2 -> 2017 | I91: =I2 -> 2018 | ... AF91: =AF2 -> 2041
A92: Jan | B92: ='Renewable Fuel - EIA'!C3 -> 35364000 | C92: ='Renewable Fuel - EIA'!D3 -> 73542000 | D92: ='Renewable Fuel - EIA'!E3 -> 68880000 | E92: ='Renewable Fuel - EIA'!F3 -> 72534000 | F92: ='Renewable Fuel - EIA'!G3 -> 72534000 | G92: ='Renewable Fuel - EIA'!H3 -> 104580000 | H92: ='Renewable Fuel - EIA'!I3 -> 92736000 | I92: ='Renewable Fuel - EIA'!J3 -> 125538000 | ... AF92: ='Renewable Fuel - EIA'!AG3 -> 0
A93: Feb | B93: ='Renewable Fuel - EIA'!C4 -> 40362000 | C93: ='Renewable Fuel - EIA'!D4 -> 79254000 | D93: ='Renewable Fuel - EIA'!E4 -> 70224000 | E93: ='Renewable Fuel - EIA'!F4 -> 75642000 | F93: ='Renewable Fuel - EIA'!G4 -> 77742000 | G93: ='Renewable Fuel - EIA'!H4 -> 105168000 | H93: ='Renewable Fuel - EIA'!I4 -> 93996000 | I93: ='Renewable Fuel - EIA'!J4 -> 127932000 | ... AF93: ='Renewable Fuel - EIA'!AG4 -> 0
A94: Mar | B94: ='Renewable Fuel - EIA'!C5 -> 59598000 | C94: ='Renewable Fuel - EIA'!D5 -> 94542000 | D94: ='Renewable Fuel - EIA'!E5 -> 101304000 | E94: ='Renewable Fuel - EIA'!F5 -> 99162000 | F94: ='Renewable Fuel - EIA'!G5 -> 97692000 | G94: ='Renewable Fuel - EIA'!H5 -> 120162000 | H94: ='Renewable Fuel - EIA'!I5 -> 115962000 | I94: ='Renewable Fuel - EIA'!J5 -> 149142000 | ... AF94: ='Renewable Fuel - EIA'!AG5 -> 0
A95: Apr | B95: ='Renewable Fuel - EIA'!C6 -> 71064000 | C95: ='Renewable Fuel - EIA'!D6 -> 93954000 | D95: ='Renewable Fuel - EIA'!E6 -> 107016000 | E95: ='Renewable Fuel - EIA'!F6 -> 93366000 | F95: ='Renewable Fuel - EIA'!G6 -> 107856000 | G95: ='Renewable Fuel - EIA'!H6 -> 119952000 | H95: ='Renewable Fuel - EIA'!I6 -> 126840000 | I95: ='Renewable Fuel - EIA'!J6 -> 142506000 | ... AF95: ='Renewable Fuel - EIA'!AG6 -> 0
A96: May | B96: ='Renewable Fuel - EIA'!C7 -> 77196000 | C96: ='Renewable Fuel - EIA'!D7 -> 101976000 | D96: ='Renewable Fuel - EIA'!E7 -> 111090000 | E96: ='Renewable Fuel - EIA'!F7 -> 106302000 | F96: ='Renewable Fuel - EIA'!G7 -> 116928000 | G96: ='Renewable Fuel - EIA'!H7 -> 135324000 | H96: ='Renewable Fuel - EIA'!I7 -> 136164000 | I96: ='Renewable Fuel - EIA'!J7 -> 151326000 | ... AF96: ='Renewable Fuel - EIA'!AG7 -> 0
A97: Jun | B97: ='Renewable Fuel - EIA'!C8 -> 81396000 | C97: ='Renewable Fuel - EIA'!D8 -> 93366000 | D97: ='Renewable Fuel - EIA'!E8 -> 113358000 | E97: ='Renewable Fuel - EIA'!F8 -> 111090000 | F97: ='Renewable Fuel - EIA'!G8 -> 121842000 | G97: ='Renewable Fuel - EIA'!H8 -> 134610000 | H97: ='Renewable Fuel - EIA'!I8 -> 140448000 | I97: ='Renewable Fuel - EIA'!J8 -> 158886000 | ... AF97: ='Renewable Fuel - EIA'!AG8 -> 0
A98: Jul | B98: ='Renewable Fuel - EIA'!C9 -> 91686000 | C98: ='Renewable Fuel - EIA'!D9 -> 89334000 | D98: ='Renewable Fuel - EIA'!E9 -> 129024000 | E98: ='Renewable Fuel - EIA'!F9 -> 122892000 | F98: ='Renewable Fuel - EIA'!G9 -> 121086000 | G98: ='Renewable Fuel - EIA'!H9 -> 139902000 | H98: ='Renewable Fuel - EIA'!I9 -> 149520000 | I98: ='Renewable Fuel - EIA'!J9 -> 166320000 | ... AF98: ='Renewable Fuel - EIA'!AG9 -> 0
A99: Aug | B99: ='Renewable Fuel - EIA'!C10 -> 95466000 | C99: ='Renewable Fuel - EIA'!D10 -> 91392000 | D99: ='Renewable Fuel - EIA'!E10 -> 129612000 | E99: ='Renewable Fuel - EIA'!F10 -> 125454000 | F99: ='Renewable Fuel - EIA'!G10 -> 123186000 | G99: ='Renewable Fuel - EIA'!H10 -> 142170000 | H99: ='Renewable Fuel - EIA'!I10 -> 149478000 | I99: ='Renewable Fuel - EIA'!J10 -> 172284000 | ... AF99: ='Renewable Fuel - EIA'!AG10 -> 0
A100: Sep | B100: ='Renewable Fuel - EIA'!C11 -> 95928000 | C100: ='Renewable Fuel - EIA'!D11 -> 81858000 | D100: ='Renewable Fuel - EIA'!E11 -> 127050000 | E100: ='Renewable Fuel - EIA'!F11 -> 115668000 | F100: ='Renewable Fuel - EIA'!G11 -> 104118000 | G100: ='Renewable Fuel - EIA'!H11 -> 134652000 | H100: ='Renewable Fuel - EIA'!I11 -> 147294000 | I100: ='Renewable Fuel - EIA'!J11 -> 164388000 | ... AF100: ='Renewable Fuel - EIA'!AG11 -> 0
A101: Oct | B101: ='Renewable Fuel - EIA'!C12 -> 105336000 | C101: ='Renewable Fuel - EIA'!D12 -> 75264000 | D101: ='Renewable Fuel - EIA'!E12 -> 137424000 | E101: ='Renewable Fuel - EIA'!F12 -> 122976000 | F101: ='Renewable Fuel - EIA'!G12 -> 106470000 | G101: ='Renewable Fuel - EIA'!H12 -> 144186000 | H101: ='Renewable Fuel - EIA'!I12 -> 147630000 | I101: ='Renewable Fuel - EIA'!J12 -> 170940000 | ... AF101: ='Renewable Fuel - EIA'!AG12 -> 0
A102: Nov | B102: ='Renewable Fuel - EIA'!C13 -> 104748000 | C102: ='Renewable Fuel - EIA'!D13 -> 57246000 | D102: ='Renewable Fuel - EIA'!E13 -> 129360000 | E102: ='Renewable Fuel - EIA'!F13 -> 109620000 | F102: ='Renewable Fuel - EIA'!G13 -> 105882000 | G102: ='Renewable Fuel - EIA'!H13 -> 143136000 | H102: ='Renewable Fuel - EIA'!I13 -> 147966000 | I102: ='Renewable Fuel - EIA'!J13 -> 160272000 | ... AF102: ='Renewable Fuel - EIA'!AG13 -> 0
A103: Dec | B103: ='Renewable Fuel - EIA'!C14 -> 109368000 | C103: ='Renewable Fuel - EIA'!D14 -> 59052000 | D103: ='Renewable Fuel - EIA'!E14 -> 135114000 | E103: ='Renewable Fuel - EIA'!F14 -> 124236000 | F103: ='Renewable Fuel - EIA'!G14 -> 108066000 | G103: ='Renewable Fuel - EIA'!H14 -> 143850000 | H103: ='Renewable Fuel - EIA'!I14 -> 147630000 | I103: ='Renewable Fuel - EIA'!J14 -> 167790000 | ... AF103: ='Renewable Fuel - EIA'!AG14 -> 0
A104: Total | B104: =SUM(B92:B103) -> 967512000 | C104: =SUM(C92:C103) -> 990780000 | D104: =SUM(D92:D103) -> 1359456000 | E104: =SUM(E92:E103) -> 1278942000 | F104: =SUM(F92:F103) -> 1263402000 | G104: =SUM(G92:G103) -> 1567692000 | H104: =SUM(H92:H103) -> 1595664000 | I104: =SUM(I92:I103) -> 1857324000 | ... AF104: =SUM(AF92:AF103) -> 0
A106: EIA Implied Yields
B107: =B2 -> 2011 | C107: =C2 -> 2012 | D107: =D2 -> 2013 | E107: =E2 -> 2014 | F107: =F2 -> 2015 | G107: =G2 -> 2016 | H107: =H2 -> 2017 | I107: =I2 -> 2018 | ... O107: =O2 -> 2024 | AG107: 5-Year Average | AH107: 5-Year Max | AI107: 5-Year Min
A108: Jan | B108: =B20/(B92/1000000) -> 7.0410587 | C108: =C20/(C92/1000000) -> 7.3563406 | D108: =D20/(D92/1000000) -> 7.2009292 | E108: =E20/(E92/1000000) -> 6.093694 | F108: =F20/(F92/1000000) -> 7.3758513 | G108: =G20/(G92/1000000) -> 6.6558233 | H108: =H20/(H92/1000000) -> 7.6080487 | I108: =I20/(I92/1000000) -> 7.3275773 | ... O108: =O20/(O92/1000000) -> 2.5806154 | AG108: =AVERAGE(I108:M108) -> 6.3150636 | AH108: =MAX(I108:M108) -> 7.5407478 | AI108: =MIN(I108:M108) -> 3.8715066 | AJ108: =MAX(K108:O108) -> 7.4787211 | AK108: =MAX(L108:AG108) -> 6.3150636 | AL108: =MAX(M108:AH108) -> 7.5407478 | AM108: =MAX(N108:AI108) -> 7.5407478 | AN108: =MAX(O108:AJ108) -> 7.5407478 | AO108: =MAX(AG108:AK108) -> 7.5407478 | AP108: =MAX(AH108:AL108) -> 7.5407478 | AQ108: =MAX(AI108:AM108) -> 7.5407478 | AR108: =MAX(AJ108:AN108) -> 7.5407478 | AS108: =MAX(AK108:AO108) -> 7.5407478 | AT108: =MAX(AL108:AP108) -> 7.5407478 | AU108: =MAX(AM108:AQ108) -> 7.5407478 | AV108: =MAX(AN108:AR108) -> 7.5407478 | ... AX108: =MAX(AP108:AT108) -> 7.5407478
A109: Feb | B109: =B21/(B93/1000000) -> 6.961994 | C109: =C21/(C93/1000000) -> 7.0658894 | D109: =D21/(D93/1000000) -> 7.3051948 | E109: =E21/(E93/1000000) -> 6.6365247 | F109: =F21/(F93/1000000) -> 6.8302848 | G109: =G21/(G93/1000000) -> 6.7779743 | H109: =H21/(H93/1000000) -> 7.5902166 | I109: =I21/(I93/1000000) -> 7.2511912 | ... O109: =O21/(O93/1000000) -> 2.4379897 | AG109: =AVERAGE(I109:M109) -> 6.0609712 | AH109: =MAX(I109:M109) -> 7.3803813 | AI109: =MIN(I109:M109) -> 4.121041 | AJ109: =MAX(K109:O109) -> 7.3803813 | AK109: =MAX(L109:AG109) -> 6.0609712 | AL109: =MAX(M109:AH109) -> 7.3803813 | AM109: =MAX(N109:AI109) -> 7.3803813 | AN109: =MAX(O109:AJ109) -> 7.3803813 | AO109: =MAX(AG109:AK109) -> 7.3803813 | AP109: =MAX(AH109:AL109) -> 7.3803813 | AQ109: =MAX(AI109:AM109) -> 7.3803813 | AR109: =MAX(AJ109:AN109) -> 7.3803813 | AS109: =MAX(AK109:AO109) -> 7.3803813 | AT109: =MAX(AL109:AP109) -> 7.3803813 | AU109: =MAX(AM109:AQ109) -> 7.3803813 | AV109: =MAX(AN109:AR109) -> 7.3803813 | ... AX109: =MAX(AP109:AT109) -> 7.3803813
A110: Mar | B110: =B22/(B94/1000000) -> 6.8962046 | C110: =C22/(C94/1000000) -> 7.2560344 | D110: =D22/(D94/1000000) -> 7.1862908 | E110: =E22/(E94/1000000) -> 6.8372965 | F110: =F22/(F94/1000000) -> 7.2677394 | G110: =G22/(G94/1000000) -> 6.3751602 | H110: =H22/(H94/1000000) -> 7.2202101 | I110: =I22/(I94/1000000) -> 7.3541327 | ... O110: =O22/(O94/1000000) -> 2.6984179 | AG110: =AVERAGE(I110:M110) -> 6.2370159 | AH110: =MAX(I110:M110) -> 7.4883899 | AI110: =MIN(I110:M110) -> 4.2347452 | AJ110: =MAX(K110:O110) -> 7.3990064 | AK110: =MAX(L110:AG110) -> 6.2370159 | AL110: =MAX(M110:AH110) -> 7.4883899 | AM110: =MAX(N110:AI110) -> 7.4883899 | AN110: =MAX(O110:AJ110) -> 7.4883899 | AO110: =MAX(AG110:AK110) -> 7.4883899 | AP110: =MAX(AH110:AL110) -> 7.4883899 | AQ110: =MAX(AI110:AM110) -> 7.4883899 | AR110: =MAX(AJ110:AN110) -> 7.4883899 | AS110: =MAX(AK110:AO110) -> 7.4883899 | AT110: =MAX(AL110:AP110) -> 7.4883899 | AU110: =MAX(AM110:AQ110) -> 7.4883899 | AV110: =MAX(AN110:AR110) -> 7.4883899 | ... AX110: =MAX(AP110:AT110) -> 7.4883899
...

Sheet Feedstock Use
A1: U.S. DOMESTIC BIOMASS-BASED DIESEL FEEDSTOCK USE (million pounds)
A2: Soybean Oil Feedstock Use
B3: 2011 | C3: 2012 | D3: 2013 | E3: 2014 | F3: 2015 | G3: 2016 | H3: 2017 | I3: 2018 | J3: 2019 | K3: 2020 | L3: 2021 | M3: 2022 | N3: 2023 | O3: 2024 | P3: 2025 | Q3: 2026 | R3: 2027 | S3: 2028 | T3: 2029 | U3: 2030 | V3: 2031 | W3: 2032 | X3: 2033 | Y3: 2034 | Z3: 2035 | AA3: 2036 | AB3: Mo/Mo | AC3: Yr/Yr
A4: Jan | B4: ='Feedstock Yields'!B56 -> 150 | C4: ='Feedstock Yields'!C56 -> 306 | D4: ='Feedstock Yields'!D56 -> 313 | E4: ='Feedstock Yields'!E56 -> 241 | F4: ='Feedstock Yields'!F56 -> 306 | G4: ='Feedstock Yields'!G56 -> 392.27 | H4: ='Feedstock Yields'!H56 -> 390.11 | I4: ='Feedstock Yields'!I56 -> 462.12 | ... AA4: ='Feedstock Yields'!AA56 -> 359.3264 | AB4: =(O4/N15)-1 -> -0.097001658 | AC4: =O4/N4-1 -> -0.02212708
A5: Feb | B5: ='Feedstock Yields'!B57 -> 150 | C5: ='Feedstock Yields'!C57 -> 321 | D5: ='Feedstock Yields'!D57 -> 287 | E5: ='Feedstock Yields'!E57 -> 277 | F5: ='Feedstock Yields'!F57 -> 311 | G5: ='Feedstock Yields'!G57 -> 416 | H5: ='Feedstock Yields'!H57 -> 369.18 | I5: ='Feedstock Yields'!I57 -> 495.59 | ... AA5: ='Feedstock Yields'!AA57 -> 289.34715 | AB5: =O5/O4-1 -> -0.042144468 | AC5: =O5/N5-1 -> -0.027441094
A6: Mar | B6: ='Feedstock Yields'!B58 -> 190 | C6: ='Feedstock Yields'!C58 -> 388 | D6: ='Feedstock Yields'!D58 -> 443 | E6: ='Feedstock Yields'!E58 -> 379 | F6: ='Feedstock Yields'!F58 -> 381 | G6: ='Feedstock Yields'!G58 -> 464.48 | H6: ='Feedstock Yields'!H58 -> 369.46 | I6: ='Feedstock Yields'!I58 -> 624.15 | ... AA6: ='Feedstock Yields'!AA58 -> 305.62774 | AB6: =O6/O5-1 -> 0.050102694 | AC6: =O6/N6-1 -> -0.075691578
A7: Apr | B7: ='Feedstock Yields'!B59 -> 236 | C7: ='Feedstock Yields'!C59 -> 350 | D7: ='Feedstock Yields'!D59 -> 423 | E7: ='Feedstock Yields'!E59 -> 360 | F7: ='Feedstock Yields'!F59 -> 384.6 | G7: ='Feedstock Yields'!G59 -> 414.75 | H7: ='Feedstock Yields'!H59 -> 426.71 | I7: ='Feedstock Yields'!I59 -> 519.56 | ... AA7: ='Feedstock Yields'!AA59 -> 359.76244 | AB7: =O7/O6-1 -> -0.078059558 | AC7: =O7/N7-1 -> -0.12752616
A8: May | B8: ='Feedstock Yields'!B60 -> 264 | C8: ='Feedstock Yields'!C60 -> 429 | D8: ='Feedstock Yields'!D60 -> 416 | E8: ='Feedstock Yields'!E60 -> 364 | F8: ='Feedstock Yields'!F60 -> 443 | G8: ='Feedstock Yields'!G60 -> 543.78 | H8: ='Feedstock Yields'!H60 -> 545.51 | I8: ='Feedstock Yields'!I60 -> 581.33 | ... AA8: ='Feedstock Yields'!AA60 -> 399.25428 | AB8: =O8/O7-1 -> 0.18203585 | AC8: =O8/N8-1 -> -0.099434634
A9: Jun | B9: ='Feedstock Yields'!B61 -> 311 | C9: ='Feedstock Yields'!C61 -> 369 | D9: ='Feedstock Yields'!D61 -> 486 | E9: ='Feedstock Yields'!E61 -> 466.61 | F9: ='Feedstock Yields'!F61 -> 474 | G9: ='Feedstock Yields'!G61 -> 519.69 | H9: ='Feedstock Yields'!H61 -> 548.84 | I9: ='Feedstock Yields'!I61 -> 623.61 | ... AA9: ='Feedstock Yields'!AA61 -> 359.56779 | AB9: =O9/O8-1 -> -0.031775532 | AC9: =O9/N9-1 -> -0.078887086
A10: Jul | B10: ='Feedstock Yields'!B62 -> 367 | C10: ='Feedstock Yields'!C62 -> 347 | D10: ='Feedstock Yields'!D62 -> 480 | E10: ='Feedstock Yields'!E62 -> 434.63 | F10: ='Feedstock Yields'!F62 -> 446 | G10: ='Feedstock Yields'!G62 -> 535.6 | H10: ='Feedstock Yields'!H62 -> 606.15 | I10: ='Feedstock Yields'!I62 -> 671.27 | ... AA10: ='Feedstock Yields'!AA62 -> 380.3322 | AB10: =O10/O9-1 -> 0.11073968 | AC10: =O10/N10-1 -> -0.054243327
A11: Aug | B11: ='Feedstock Yields'!B63 -> 398 | C11: ='Feedstock Yields'!C63 -> 385 | D11: ='Feedstock Yields'!D63 -> 513 | E11: ='Feedstock Yields'!E63 -> 447.81 | F11: ='Feedstock Yields'!F63 -> 463.6 | G11: ='Feedstock Yields'!G63 -> 561.04 | H11: ='Feedstock Yields'!H63 -> 608.17 | I11: ='Feedstock Yields'!I63 -> 705.13 | ... AA11: ='Feedstock Yields'!AA63 -> 365.15397 | AB11: =O11/O10-1 -> -0.0091386944 | AC11: =O11/N11-1 -> 0.02993019
A12: Sep | B12: ='Feedstock Yields'!B64 -> 430 | C12: ='Feedstock Yields'!C64 -> 322 | D12: ='Feedstock Yields'!D64 -> 502 | E12: ='Feedstock Yields'!E64 -> 395.21 | F12: ='Feedstock Yields'!F64 -> 390 | G12: ='Feedstock Yields'!G64 -> 536.84 | H12: ='Feedstock Yields'!H64 -> 603.91 | I12: ='Feedstock Yields'!I64 -> 688.71 | ... AA12: ='Feedstock Yields'!AA64 -> 375.77889 | AB12: =O12/O11-1 -> 0.058156976 | AC12: =O12/N12-1 -> 0.085508892
A13: Oct | B13: ='Feedstock Yields'!B65 -> 527 | C13: ='Feedstock Yields'!C65 -> 307 | D13: ='Feedstock Yields'!D65 -> 551 | E13: ='Feedstock Yields'!E65 -> 458.81 | F13: ='Feedstock Yields'!F65 -> 408 | G13: ='Feedstock Yields'!G65 -> 525.96 | H13: ='Feedstock Yields'!H65 -> 577.43 | I13: ='Feedstock Yields'!I65 -> 698.88 | ... AA13: ='Feedstock Yields'!AA65 -> 377.04512 | AB13: =O13/O12-1 -> -0.23024209 | AC13: =O13/N13-1 -> -0.19740034
A14: Nov | B14: ='Feedstock Yields'!B66 -> 538 | C14: ='Feedstock Yields'!C66 -> 246 | D14: ='Feedstock Yields'!D66 -> 535 | E14: ='Feedstock Yields'!E66 -> 447.12 | F14: ='Feedstock Yields'!F66 -> 464 | G14: ='Feedstock Yields'!G66 -> 595.83 | H14: ='Feedstock Yields'!H66 -> 590.8 | I14: ='Feedstock Yields'!I66 -> 703.79 | ... AA14: ='Feedstock Yields'!AA66 -> 359.56325 | AB14: =O14/O13-1 -> -0.097628819 | AC14: =O14/N14-1 -> -0.2373363
A15: Dec | B15: ='Feedstock Yields'!B67 -> 592 | C15: ='Feedstock Yields'!C67 -> 273 | D15: ='Feedstock Yields'!D67 -> 559 | E15: ='Feedstock Yields'!E67 -> 531.31 | F15: ='Feedstock Yields'!F67 -> 436 | G15: ='Feedstock Yields'!G67 -> 610.47 | H15: ='Feedstock Yields'!H67 -> 593.99 | I15: ='Feedstock Yields'!I67 -> 767.76 | ... AA15: ='Feedstock Yields'!AA67 -> 418.41727 | AB15: =O15/O14-1 -> -0.14488199 | AC15: =O15/N15-1 -> -0.33706799
A16: Total | B16: =SUM(B4:B15) -> 4153 | C16: =SUM(C4:C15) -> 4043 | D16: =SUM(D4:D15) -> 5508 | E16: =SUM(E4:E15) -> 4802.5 | F16: =SUM(F4:F15) -> 4907.2 | G16: =SUM(G4:G15) -> 6116.71 | H16: =SUM(H4:H15) -> 6230.26 | I16: =SUM(I4:I15) -> 7541.9 | ... AA16: =SUM(AA4:AA15) -> 4349.1765 | AC16: =O16/N16-1 -> -0.095816835
A18: Canola Oil Feedstock Use
B19: =B3 -> 2011 | C19: =C3 -> 2012 | D19: =D3 -> 2013 | E19: =E3 -> 2014 | F19: =F3 -> 2015 | G19: =G3 -> 2016 | H19: =H3 -> 2017 | I19: =I3 -> 2018 | ... AA19: =AA3 -> 2036
A20: Jan | B20: ='[1]Canola Complex'!AZ341 -> 8 | C20: ='[1]Canola Complex'!BA341 -> 73 | D20: ='[1]Canola Complex'!BB341 -> 16 | E20: ='[1]Canola Complex'!BC341 -> 36 | F20: ='[1]Canola Complex'!BD341 -> 65 | G20: ='[1]Canola Complex'!BE341 -> 60.83 | H20: ='[1]Canola Complex'!BF341 -> 37.91 | I20: ='[1]Canola Complex'!BG341 -> 128.03 | ... AA20: ='[1]Canola Complex'!BY341 -> 80.288114 | AD20: 2.9
A21: Feb | B21: ='[1]Canola Complex'!AZ342 -> 26 | C21: ='[1]Canola Complex'!BA342 -> 90 | D21: ='[1]Canola Complex'!BB342 -> 38 | E21: ='[1]Canola Complex'!BC342 -> 27 | F21: ='[1]Canola Complex'!BD342 -> 30 | G21: ='[1]Canola Complex'!BE342 -> 47.28 | H21: ='[1]Canola Complex'!BF342 -> 69 | I21: ='[1]Canola Complex'!BG342 -> 102.36 | ... AA21: ='[1]Canola Complex'!BY342 -> 55.873587 | AD21: 0.439
A22: Mar | B22: ='[1]Canola Complex'!AZ343 -> 68 | C22: ='[1]Canola Complex'!BA343 -> 117 | D22: ='[1]Canola Complex'!BB343 -> 39 | E22: ='[1]Canola Complex'!BC343 -> 32 | F22: ='[1]Canola Complex'!BD343 -> 80 | G22: ='[1]Canola Complex'!BE343 -> 68.19 | H22: ='[1]Canola Complex'!BF343 -> 129.93 | I22: ='[1]Canola Complex'!BG343 -> 100.98 | ... AA22: ='[1]Canola Complex'!BY343 -> 92.778104 | AD22: =(AD21/AD20) -> 0.15137931
A23: Apr | B23: ='[1]Canola Complex'!AZ344 -> 88 | C23: ='[1]Canola Complex'!BA344 -> 112 | D23: ='[1]Canola Complex'!BB344 -> 47 | E23: ='[1]Canola Complex'!BC344 -> 58 | F23: ='[1]Canola Complex'!BD344 -> 94 | G23: ='[1]Canola Complex'!BE344 -> 91.57 | H23: ='[1]Canola Complex'!BF344 -> 119.74 | I23: ='[1]Canola Complex'!BG344 -> 116.42 | ... AA23: ='[1]Canola Complex'!BY344 -> 77.896728
A24: May | B24: ='[1]Canola Complex'!AZ345 -> 113 | C24: ='[1]Canola Complex'!BA345 -> 85 | D24: ='[1]Canola Complex'!BB345 -> 33 | E24: ='[1]Canola Complex'!BC345 -> 68 | F24: ='[1]Canola Complex'!BD345 -> 55 | G24: ='[1]Canola Complex'!BE345 -> 122.35 | H24: ='[1]Canola Complex'!BF345 -> 130.58 | I24: ='[1]Canola Complex'!BG345 -> 101.31006 | ... AA24: ='[1]Canola Complex'!BY345 -> 74.174827
A25: Jun | B25: ='[1]Canola Complex'!AZ346 -> 75 | C25: ='[1]Canola Complex'!BA346 -> 103 | D25: ='[1]Canola Complex'!BB346 -> 28 | E25: ='[1]Canola Complex'!BC346 -> 90.85 | F25: ='[1]Canola Complex'!BD346 -> 56 | G25: ='[1]Canola Complex'!BE346 -> 129.16 | H25: ='[1]Canola Complex'!BF346 -> 152.97 | I25: ='[1]Canola Complex'!BG346 -> 108.28296 | ... AA25: ='[1]Canola Complex'!BY346 -> 101.85587
A26: Jul | B26: ='[1]Canola Complex'!AZ347 -> 77 | C26: ='[1]Canola Complex'!BA347 -> 66 | D26: ='[1]Canola Complex'!BB347 -> 55 | E26: ='[1]Canola Complex'!BC347 -> 134.62 | F26: ='[1]Canola Complex'!BD347 -> 76 | G26: ='[1]Canola Complex'!BE347 -> 114.53 | H26: ='[1]Canola Complex'!BF347 -> 157.13 | I26: ='[1]Canola Complex'!BG347 -> 101.53003 | ... AA26: ='[1]Canola Complex'!BY347 -> 82.733903
A27: Aug | B27: ='[1]Canola Complex'!AZ348 -> 84 | C27: ='[1]Canola Complex'!BA348 -> 48 | D27: ='[1]Canola Complex'!BB348 -> 79 | E27: ='[1]Canola Complex'!BC348 -> 136.2 | F27: ='[1]Canola Complex'!BD348 -> 73 | G27: ='[1]Canola Complex'!BE348 -> 109.06 | H27: ='[1]Canola Complex'!BF348 -> 142.85 | I27: ='[1]Canola Complex'!BG348 -> 107.96 | ... AA27: ='[1]Canola Complex'!BY348 -> 94.551617
A28: Sep | B28: ='[1]Canola Complex'!AZ349 -> 84 | C28: ='[1]Canola Complex'!BA349 -> 46 | D28: ='[1]Canola Complex'!BB349 -> 44 | E28: ='[1]Canola Complex'!BC349 -> 126.05 | F28: ='[1]Canola Complex'!BD349 -> 68 | G28: ='[1]Canola Complex'!BE349 -> 116.88 | H28: ='[1]Canola Complex'!BF349 -> 83.64 | I28: ='[1]Canola Complex'!BG349 -> 96.17 | ... AA28: ='[1]Canola Complex'!BY349 -> 79.538703
A29: Oct | B29: ='[1]Canola Complex'!BA338 -> 69 | C29: ='[1]Canola Complex'!BB338 -> 16 | D29: ='[1]Canola Complex'!BC338 -> 82 | E29: ='[1]Canola Complex'!BD338 -> 132.9 | F29: ='[1]Canola Complex'!BE338 -> 60 | G29: ='[1]Canola Complex'!BF338 -> 116.95 | H29: ='[1]Canola Complex'!BG338 -> 159.29 | I29: ='[1]Canola Complex'!BH338 -> 100.71 | ... AA29: ='[1]Canola Complex'!BZ338 -> 76.239501
A30: Nov | B30: ='[1]Canola Complex'!BA339 -> 84 | C30: ='[1]Canola Complex'!BB339 -> 18 | D30: ='[1]Canola Complex'!BC339 -> 80 | E30: ='[1]Canola Complex'!BD339 -> 121.03 | F30: ='[1]Canola Complex'!BE339 -> 40 | G30: ='[1]Canola Complex'!BF339 -> 98.44 | H30: ='[1]Canola Complex'!BG339 -> 140.78 | I30: ='[1]Canola Complex'!BH339 -> 75.100098 | ... AA30: ='[1]Canola Complex'!BZ339 -> 66.371198
A31: Dec | B31: ='[1]Canola Complex'!BA340 -> 71 | C31: ='[1]Canola Complex'!BB340 -> 16 | D31: ='[1]Canola Complex'!BC340 -> 105 | E31: ='[1]Canola Complex'!BD340 -> 84.59 | F31: ='[1]Canola Complex'!BE340 -> 48 | G31: ='[1]Canola Complex'!BF340 -> 55.23 | H31: ='[1]Canola Complex'!BG340 -> 127.85 | I31: ='[1]Canola Complex'!BH340 -> 85.650146 | ... AA31: ='[1]Canola Complex'!BZ340 -> 81.999629
A32: Total | B32: =SUM(B20:B31) -> 847 | C32: =SUM(C20:C31) -> 790 | D32: =SUM(D20:D31) -> 646 | E32: =SUM(E20:E31) -> 1047.24 | F32: =SUM(F20:F31) -> 745 | G32: =SUM(G20:G31) -> 1130.47 | H32: =SUM(H20:H31) -> 1451.67 | I32: =SUM(I20:I31) -> 1224.5033 | ... AA32: =SUM(AA20:AA31) -> 964.30179
A34: Distillers' Corn Oil Feedstock Use
B35: =B3 -> 2011 | C35: =C3 -> 2012 | D35: =D3 -> 2013 | E35: =E3 -> 2014 | F35: =F3 -> 2015 | G35: =G3 -> 2016 | H35: =H3 -> 2017 | I35: =I3 -> 2018 | ... AA35: =AA3 -> 2036
A36: Jan | B36: ='[7]Distillers'' Corn Oil Complex'!S106 -> 17 | C36: ='[7]Distillers'' Corn Oil Complex'!T106 -> 50 | D36: ='[7]Distillers'' Corn Oil Complex'!U106 -> 60 | E36: ='[7]Distillers'' Corn Oil Complex'!V106 -> 73 | F36: ='[7]Distillers'' Corn Oil Complex'!W106 -> 54 | G36: ='[7]Distillers'' Corn Oil Complex'!X106 -> 93.66 | H36: ='[7]Distillers'' Corn Oil Complex'!Y106 -> 111.88 | I36: ='[7]Distillers'' Corn Oil Complex'!Z106 -> 152.89 | ... AA36: ='[7]Distillers'' Corn Oil Complex'!AR106 -> 37.008998
A37: Feb | B37: ='[7]Distillers'' Corn Oil Complex'!S107 -> 13 | C37: ='[7]Distillers'' Corn Oil Complex'!T107 -> 51 | D37: ='[7]Distillers'' Corn Oil Complex'!U107 -> 61 | E37: ='[7]Distillers'' Corn Oil Complex'!V107 -> 54 | F37: ='[7]Distillers'' Corn Oil Complex'!W107 -> 63 | G37: ='[7]Distillers'' Corn Oil Complex'!X107 -> 88.13 | H37: ='[7]Distillers'' Corn Oil Complex'!Y107 -> 111.55 | I37: ='[7]Distillers'' Corn Oil Complex'!Z107 -> 143.28 | ... AA37: ='[7]Distillers'' Corn Oil Complex'!AR107 -> 32.585517
A38: Mar | B38: ='[7]Distillers'' Corn Oil Complex'!S108 -> 14 | C38: ='[7]Distillers'' Corn Oil Complex'!T108 -> 54 | D38: ='[7]Distillers'' Corn Oil Complex'!U108 -> 71 | E38: ='[7]Distillers'' Corn Oil Complex'!V108 -> 77 | F38: ='[7]Distillers'' Corn Oil Complex'!W108 -> 72 | G38: ='[7]Distillers'' Corn Oil Complex'!X108 -> 93.09 | H38: ='[7]Distillers'' Corn Oil Complex'!Y108 -> 121.53 | I38: ='[7]Distillers'' Corn Oil Complex'!Z108 -> 154.71 | ... AA38: ='[7]Distillers'' Corn Oil Complex'!AR108 -> 34.42363
A39: Apr | B39: ='[7]Distillers'' Corn Oil Complex'!S109 -> 20 | C39: ='[7]Distillers'' Corn Oil Complex'!T109 -> 54 | D39: ='[7]Distillers'' Corn Oil Complex'!U109 -> 71 | E39: ='[7]Distillers'' Corn Oil Complex'!V109 -> 66 | F39: ='[7]Distillers'' Corn Oil Complex'!W109 -> 94 | G39: ='[7]Distillers'' Corn Oil Complex'!X109 -> 87.28 | H39: ='[7]Distillers'' Corn Oil Complex'!Y109 -> 128.58 | I39: ='[7]Distillers'' Corn Oil Complex'!Z109 -> 177.52 | ... AA39: ='[7]Distillers'' Corn Oil Complex'!AR109 -> 39.473799
A40: May | B40: ='[7]Distillers'' Corn Oil Complex'!S110 -> 21 | C40: ='[7]Distillers'' Corn Oil Complex'!T110 -> 56 | D40: ='[7]Distillers'' Corn Oil Complex'!U110 -> 91 | E40: ='[7]Distillers'' Corn Oil Complex'!V110 -> 87 | F40: ='[7]Distillers'' Corn Oil Complex'!W110 -> 87 | G40: ='[7]Distillers'' Corn Oil Complex'!X110 -> 94.22 | H40: ='[7]Distillers'' Corn Oil Complex'!Y110 -> 124.39 | I40: ='[7]Distillers'' Corn Oil Complex'!Z110 -> 178.48 | ... AA40: ='[7]Distillers'' Corn Oil Complex'!AR110 -> 39.653829
A41: Jun | B41: ='[7]Distillers'' Corn Oil Complex'!S111 -> 34 | C41: ='[7]Distillers'' Corn Oil Complex'!T111 -> 55 | D41: ='[7]Distillers'' Corn Oil Complex'!U111 -> 98 | E41: ='[7]Distillers'' Corn Oil Complex'!V111 -> 75.36 | F41: ='[7]Distillers'' Corn Oil Complex'!W111 -> 78 | G41: ='[7]Distillers'' Corn Oil Complex'!X111 -> 103.12 | H41: ='[7]Distillers'' Corn Oil Complex'!Y111 -> 113.42 | I41: ='[7]Distillers'' Corn Oil Complex'!Z111 -> 170.09 | ... AA41: ='[7]Distillers'' Corn Oil Complex'!AR111 -> 41.212052
A42: Jul | B42: ='[7]Distillers'' Corn Oil Complex'!S112 -> 35 | C42: ='[7]Distillers'' Corn Oil Complex'!T112 -> 54 | D42: ='[7]Distillers'' Corn Oil Complex'!U112 -> 108 | E42: ='[7]Distillers'' Corn Oil Complex'!V112 -> 90.71 | F42: ='[7]Distillers'' Corn Oil Complex'!W112 -> 105.4 | G42: ='[7]Distillers'' Corn Oil Complex'!X112 -> 126.6 | H42: ='[7]Distillers'' Corn Oil Complex'!Y112 -> 130.3 | I42: ='[7]Distillers'' Corn Oil Complex'!Z112 -> 192.9 | ... AA42: ='[7]Distillers'' Corn Oil Complex'!AR112 -> 38.729431
A43: Aug | B43: ='[7]Distillers'' Corn Oil Complex'!S113 -> 37 | C43: ='[7]Distillers'' Corn Oil Complex'!T113 -> 59 | D43: ='[7]Distillers'' Corn Oil Complex'!U113 -> 106 | E43: ='[7]Distillers'' Corn Oil Complex'!V113 -> 90.76 | F43: ='[7]Distillers'' Corn Oil Complex'!W113 -> 107.6 | G43: ='[7]Distillers'' Corn Oil Complex'!X113 -> 123.25 | H43: ='[7]Distillers'' Corn Oil Complex'!Y113 -> 143 | I43: ='[7]Distillers'' Corn Oil Complex'!Z113 -> 202.34 | ... AA43: ='[7]Distillers'' Corn Oil Complex'!AR113 -> 38.262175
A44: Sep | B44: ='[7]Distillers'' Corn Oil Complex'!S114 -> 27 | C44: ='[7]Distillers'' Corn Oil Complex'!T114 -> 55 | D44: ='[7]Distillers'' Corn Oil Complex'!U114 -> 95 | E44: ='[7]Distillers'' Corn Oil Complex'!V114 -> 91.86 | F44: ='[7]Distillers'' Corn Oil Complex'!W114 -> 92 | G44: ='[7]Distillers'' Corn Oil Complex'!X114 -> 106.17 | H44: ='[7]Distillers'' Corn Oil Complex'!Y114 -> 144.2 | I44: ='[7]Distillers'' Corn Oil Complex'!Z114 -> 168.79 | ... AA44: ='[7]Distillers'' Corn Oil Complex'!AR114 -> 31.584961
A45: Oct | B45: ='[7]Distillers'' Corn Oil Complex'!T103 -> 30 | C45: ='[7]Distillers'' Corn Oil Complex'!U103 -> 59 | D45: ='[7]Distillers'' Corn Oil Complex'!V103 -> 103 | E45: ='[7]Distillers'' Corn Oil Complex'!W103 -> 86.27 | F45: ='[7]Distillers'' Corn Oil Complex'!X103 -> 102 | G45: ='[7]Distillers'' Corn Oil Complex'!Y103 -> 119.72 | H45: ='[7]Distillers'' Corn Oil Complex'!Z103 -> 131.61 | I45: ='[7]Distillers'' Corn Oil Complex'!AA103 -> 177.77 | ... AA45: ='[7]Distillers'' Corn Oil Complex'!AS103 -> 30.226917
A46: Nov | B46: ='[7]Distillers'' Corn Oil Complex'!T104 -> 27 | C46: ='[7]Distillers'' Corn Oil Complex'!U104 -> 48 | D46: ='[7]Distillers'' Corn Oil Complex'!V104 -> 98 | E46: ='[7]Distillers'' Corn Oil Complex'!W104 -> 84.13 | F46: ='[7]Distillers'' Corn Oil Complex'!X104 -> 89 | G46: ='[7]Distillers'' Corn Oil Complex'!Y104 -> 136.1 | H46: ='[7]Distillers'' Corn Oil Complex'!Z104 -> 153.29 | I46: ='[7]Distillers'' Corn Oil Complex'!AA104 -> 185.38 | ... AA46: ='[7]Distillers'' Corn Oil Complex'!AS104 -> 32.911562
A47: Dec | B47: ='[7]Distillers'' Corn Oil Complex'!T105 -> 30 | C47: ='[7]Distillers'' Corn Oil Complex'!U105 -> 50 | D47: ='[7]Distillers'' Corn Oil Complex'!V105 -> 104 | E47: ='[7]Distillers'' Corn Oil Complex'!W105 -> 94.22 | F47: ='[7]Distillers'' Corn Oil Complex'!X105 -> 100 | G47: ='[7]Distillers'' Corn Oil Complex'!Y105 -> 135.04 | H47: ='[7]Distillers'' Corn Oil Complex'!Z105 -> 165.18 | I47: ='[7]Distillers'' Corn Oil Complex'!AA105 -> 180.82 | ... AA47: ='[7]Distillers'' Corn Oil Complex'!AS105 -> 37.617179
A48: Total | B48: =SUM(B36:B47) -> 305 | C48: =SUM(C36:C47) -> 645 | D48: =SUM(D36:D47) -> 1066 | E48: =SUM(E36:E47) -> 970.31 | F48: =SUM(F36:F47) -> 1044 | G48: =SUM(G36:G47) -> 1306.38 | H48: =SUM(H36:H47) -> 1578.93 | I48: =SUM(I36:I47) -> 2084.97 | ... AA48: =SUM(AA36:AA47) -> 433.69005
A50: Inedible Tallow Feedstock Use
B51: =B3 -> 2011 | C51: =C3 -> 2012 | D51: =D3 -> 2013 | E51: =E3 -> 2014 | F51: =F3 -> 2015 | G51: =G3 -> 2016 | H51: =H3 -> 2017 | I51: =I3 -> 2018 | ... AA51: =AA3 -> 2036
A52: Jan | B52: ='[7]Inedible Tallow Complex'!S105 -> 11 | C52: ='[7]Inedible Tallow Complex'!T105 -> 26 | D52: ='[7]Inedible Tallow Complex'!U105 -> 15 | E52: ='[7]Inedible Tallow Complex'!V105 -> 5 | F52: ='[7]Inedible Tallow Complex'!W105 -> 19 | G52: ='[7]Inedible Tallow Complex'!X105 -> 22.98 | H52: ='[7]Inedible Tallow Complex'!Y105 -> 27 | I52: ='[7]Inedible Tallow Complex'!Z105 -> 21.069397 | ... AA52: ='[7]Inedible Tallow Complex'!AR105 -> 36.706635
A53: Feb | B53: ='[7]Inedible Tallow Complex'!S106 -> 11 | C53: ='[7]Inedible Tallow Complex'!T106 -> 20 | D53: ='[7]Inedible Tallow Complex'!U106 -> 28 | E53: ='[7]Inedible Tallow Complex'!V106 -> 21 | F53: ='[7]Inedible Tallow Complex'!W106 -> 9 | G53: ='[7]Inedible Tallow Complex'!X106 -> 19.1 | H53: ='[7]Inedible Tallow Complex'!Y106 -> 15.13 | I53: ='[7]Inedible Tallow Complex'!Z106 -> 11.069397 | ... AA53: ='[7]Inedible Tallow Complex'!AR106 -> 26.589414
A54: Mar | B54: ='[7]Inedible Tallow Complex'!S107 -> 27 | C54: ='[7]Inedible Tallow Complex'!T107 -> 24 | D54: ='[7]Inedible Tallow Complex'!U107 -> 53 | E54: ='[7]Inedible Tallow Complex'!V107 -> 43 | F54: ='[7]Inedible Tallow Complex'!W107 -> 34 | G54: ='[7]Inedible Tallow Complex'!X107 -> 15.14 | H54: ='[7]Inedible Tallow Complex'!Y107 -> 20 | I54: ='[7]Inedible Tallow Complex'!Z107 -> 22.92 | ... AA54: ='[7]Inedible Tallow Complex'!AR107 -> 31.228995
A55: Apr | B55: ='[7]Inedible Tallow Complex'!S108 -> 47 | C55: ='[7]Inedible Tallow Complex'!T108 -> 45 | D55: ='[7]Inedible Tallow Complex'!U108 -> 56 | E55: ='[7]Inedible Tallow Complex'!V108 -> 33 | F55: ='[7]Inedible Tallow Complex'!W108 -> 31 | G55: ='[7]Inedible Tallow Complex'!X108 -> 38.04 | H55: ='[7]Inedible Tallow Complex'!Y108 -> 44.6 | I55: ='[7]Inedible Tallow Complex'!Z108 -> 42.93 | ... AA55: ='[7]Inedible Tallow Complex'!AR108 -> 29.18592
A56: May | B56: ='[7]Inedible Tallow Complex'!S109 -> 36 | C56: ='[7]Inedible Tallow Complex'!T109 -> 50 | D56: ='[7]Inedible Tallow Complex'!U109 -> 61 | E56: ='[7]Inedible Tallow Complex'!V109 -> 48 | F56: ='[7]Inedible Tallow Complex'!W109 -> 49 | G56: ='[7]Inedible Tallow Complex'!X109 -> 24 | H56: ='[7]Inedible Tallow Complex'!Y109 -> 40.86 | I56: ='[7]Inedible Tallow Complex'!Z109 -> 49.05 | ... AA56: ='[7]Inedible Tallow Complex'!AR109 -> 29.420982
A57: Jun | B57: ='[7]Inedible Tallow Complex'!S110 -> 49 | C57: ='[7]Inedible Tallow Complex'!T110 -> 28 | D57: ='[7]Inedible Tallow Complex'!U110 -> 58 | E57: ='[7]Inedible Tallow Complex'!V110 -> 20.81 | F57: ='[7]Inedible Tallow Complex'!W110 -> 57 | G57: ='[7]Inedible Tallow Complex'!X110 -> 35.75 | H57: ='[7]Inedible Tallow Complex'!Y110 -> 34.43 | I57: ='[7]Inedible Tallow Complex'!Z110 -> 51.06 | ... AA57: ='[7]Inedible Tallow Complex'!AR110 -> 31.997676
A58: Jul | B58: ='[7]Inedible Tallow Complex'!S111 -> 64 | C58: ='[7]Inedible Tallow Complex'!T111 -> 30 | D58: ='[7]Inedible Tallow Complex'!U111 -> 50 | E58: ='[7]Inedible Tallow Complex'!V111 -> 41.78 | F58: ='[7]Inedible Tallow Complex'!W111 -> 47 | G58: ='[7]Inedible Tallow Complex'!X111 -> 36.44 | H58: ='[7]Inedible Tallow Complex'!Y111 -> 36.09 | I58: ='[7]Inedible Tallow Complex'!Z111 -> 56.37 | ... AA58: ='[7]Inedible Tallow Complex'!AR111 -> 32.665191
A59: Aug | B59: ='[7]Inedible Tallow Complex'!S112 -> 38 | C59: ='[7]Inedible Tallow Complex'!T112 -> 44 | D59: ='[7]Inedible Tallow Complex'!U112 -> 51 | E59: ='[7]Inedible Tallow Complex'!V112 -> 35.36 | F59: ='[7]Inedible Tallow Complex'!W112 -> 44 | G59: ='[7]Inedible Tallow Complex'!X112 -> 31.66 | H59: ='[7]Inedible Tallow Complex'!Y112 -> 38.59 | I59: ='[7]Inedible Tallow Complex'!Z112 -> 54.14 | ... AA59: ='[7]Inedible Tallow Complex'!AR112 -> 34.346226
A60: Sep | B60: ='[7]Inedible Tallow Complex'!S113 -> 49 | C60: ='[7]Inedible Tallow Complex'!T113 -> 49 | D60: ='[7]Inedible Tallow Complex'!U113 -> 50 | E60: ='[7]Inedible Tallow Complex'!V113 -> 45.95 | F60: ='[7]Inedible Tallow Complex'!W113 -> 40 | G60: ='[7]Inedible Tallow Complex'!X113 -> 29.07 | H60: ='[7]Inedible Tallow Complex'!Y113 -> 32.88 | I60: ='[7]Inedible Tallow Complex'!Z113 -> 49.28 | ... AA60: ='[7]Inedible Tallow Complex'!AR113 -> 33.045618
A61: Oct | B61: ='[7]Inedible Tallow Complex'!T102 -> 39 | C61: ='[7]Inedible Tallow Complex'!U102 -> 44 | D61: ='[7]Inedible Tallow Complex'!V102 -> 23 | E61: ='[7]Inedible Tallow Complex'!W102 -> 28.74 | F61: ='[7]Inedible Tallow Complex'!X102 -> 42 | G61: ='[7]Inedible Tallow Complex'!Y102 -> 31.44 | H61: ='[7]Inedible Tallow Complex'!Z102 -> 37.6 | I61: ='[7]Inedible Tallow Complex'!AA102 -> 59.32 | ... AA61: ='[7]Inedible Tallow Complex'!AS102 -> 28.246347
A62: Nov | B62: ='[7]Inedible Tallow Complex'!T103 -> 31 | C62: ='[7]Inedible Tallow Complex'!U103 -> 22 | D62: ='[7]Inedible Tallow Complex'!V103 -> 12 | E62: ='[7]Inedible Tallow Complex'!W103 -> 12.3 | F62: ='[7]Inedible Tallow Complex'!X103 -> 24 | G62: ='[7]Inedible Tallow Complex'!Y103 -> 24.93 | H62: ='[7]Inedible Tallow Complex'!Z103 -> 33.51 | I62: ='[7]Inedible Tallow Complex'!AA103 -> 30.37 | ... AA62: ='[7]Inedible Tallow Complex'!AS103 -> 30.053635
A63: Dec | B63: ='[7]Inedible Tallow Complex'!T104 -> 27 | C63: ='[7]Inedible Tallow Complex'!U104 -> 3 | D63: ='[7]Inedible Tallow Complex'!V104 -> 8 | E63: ='[7]Inedible Tallow Complex'!W104 -> 21 | F63: ='[7]Inedible Tallow Complex'!X104 -> 33 | G63: ='[7]Inedible Tallow Complex'!Y104 -> 23.31 | H63: ='[7]Inedible Tallow Complex'!Z104 -> 30.27 | I63: ='[7]Inedible Tallow Complex'!AA104 -> 21.36 | ... AA63: ='[7]Inedible Tallow Complex'!AS104 -> 40.655284
A64: Total | B64: =SUM(B52:B63) -> 429 | C64: =SUM(C52:C63) -> 385 | D64: =SUM(D52:D63) -> 465 | E64: =SUM(E52:E63) -> 355.94 | F64: =SUM(F52:F63) -> 429 | G64: =SUM(G52:G63) -> 331.86 | H64: =SUM(H52:H63) -> 390.96 | I64: =SUM(I52:I63) -> 468.93879 | ... AA64: =SUM(AA52:AA63) -> 384.14192
A66: Yellow Grease/Used Cooking Oil Feedstock Use
B67: =B3 -> 2011 | C67: =C3 -> 2012 | D67: =D3 -> 2013 | E67: =E3 -> 2014 | F67: =F3 -> 2015 | G67: =G3 -> 2016 | H67: =H3 -> 2017 | I67: =I3 -> 2018 | ... AA67: =AA3 -> 2036
A68: Jan | B68: ='[7]Grease Complex'!S105+'[7]Used Cooking Oil Complex'!S106 -> 27 | C68: ='[7]Grease Complex'!T105+'[7]Used Cooking Oil Complex'!T106 -> 71.749922 | D68: ='[7]Grease Complex'!U105+'[7]Used Cooking Oil Complex'!U106 -> 84.837974 | E68: ='[7]Grease Complex'!V105+'[7]Used Cooking Oil Complex'!V106 -> 134.27819 | F68: ='[7]Grease Complex'!W105+'[7]Used Cooking Oil Complex'!W106 -> 124.36921 | G68: ='[7]Grease Complex'!X105+'[7]Used Cooking Oil Complex'!X106 -> 131.40177 | H68: ='[7]Grease Complex'!Y105+'[7]Used Cooking Oil Complex'!Y106 -> 170.7175 | I68: ='[7]Grease Complex'!Z105+'[7]Used Cooking Oil Complex'!Z106 -> 185.54228 | ... AA68: ='[7]Grease Complex'!AR105+'[7]Used Cooking Oil Complex'!AR106 -> 1487.7141
A69: Feb | B69: ='[7]Grease Complex'!S106+'[7]Used Cooking Oil Complex'!S107 -> 28.5 | C69: ='[7]Grease Complex'!T106+'[7]Used Cooking Oil Complex'!T107 -> 67.933079 | D69: ='[7]Grease Complex'!U106+'[7]Used Cooking Oil Complex'!U107 -> 91.612444 | E69: ='[7]Grease Complex'!V106+'[7]Used Cooking Oil Complex'!V107 -> 165.62733 | F69: ='[7]Grease Complex'!W106+'[7]Used Cooking Oil Complex'!W107 -> 149.008 | G69: ='[7]Grease Complex'!X106+'[7]Used Cooking Oil Complex'!X107 -> 137.30988 | H69: ='[7]Grease Complex'!Y106+'[7]Used Cooking Oil Complex'!Y107 -> 171.27974 | I69: ='[7]Grease Complex'!Z106+'[7]Used Cooking Oil Complex'!Z107 -> 227.49672 | ... AA69: ='[7]Grease Complex'!AR106+'[7]Used Cooking Oil Complex'!AR107 -> 2863.6037
A70: Mar | B70: ='[7]Grease Complex'!S107+'[7]Used Cooking Oil Complex'!S108 -> 49.5 | C70: ='[7]Grease Complex'!T107+'[7]Used Cooking Oil Complex'!T108 -> 112.13597 | D70: ='[7]Grease Complex'!U107+'[7]Used Cooking Oil Complex'!U108 -> 120.67605 | E70: ='[7]Grease Complex'!V107+'[7]Used Cooking Oil Complex'!V108 -> 201.85157 | F70: ='[7]Grease Complex'!W107+'[7]Used Cooking Oil Complex'!W108 -> 179.20736 | G70: ='[7]Grease Complex'!X107+'[7]Used Cooking Oil Complex'!X108 -> 159.07069 | H70: ='[7]Grease Complex'!Y107+'[7]Used Cooking Oil Complex'!Y108 -> 217.72203 | I70: ='[7]Grease Complex'!Z107+'[7]Used Cooking Oil Complex'!Z108 -> 254.67117 | ... AA70: ='[7]Grease Complex'!AR107+'[7]Used Cooking Oil Complex'!AR108 -> 2024.8817
A71: Apr | B71: ='[7]Grease Complex'!S108+'[7]Used Cooking Oil Complex'!S109 -> 78 | C71: ='[7]Grease Complex'!T108+'[7]Used Cooking Oil Complex'!T109 -> 114.45767 | D71: ='[7]Grease Complex'!U108+'[7]Used Cooking Oil Complex'!U109 -> 130.4909 | E71: ='[7]Grease Complex'!V108+'[7]Used Cooking Oil Complex'!V109 -> 184.95889 | F71: ='[7]Grease Complex'!W108+'[7]Used Cooking Oil Complex'!W109 -> 196.58184 | G71: ='[7]Grease Complex'!X108+'[7]Used Cooking Oil Complex'!X109 -> 172.43242 | H71: ='[7]Grease Complex'!Y108+'[7]Used Cooking Oil Complex'!Y109 -> 253.64053 | I71: ='[7]Grease Complex'!Z108+'[7]Used Cooking Oil Complex'!Z109 -> 259.77114 | ... AA71: ='[7]Grease Complex'!AR108+'[7]Used Cooking Oil Complex'!AR109 -> 2873.1808
A72: May | B72: ='[7]Grease Complex'!S109+'[7]Used Cooking Oil Complex'!S110 -> 61.5 | C72: ='[7]Grease Complex'!T109+'[7]Used Cooking Oil Complex'!T110 -> 106.22835 | D72: ='[7]Grease Complex'!U109+'[7]Used Cooking Oil Complex'!U110 -> 142.24049 | E72: ='[7]Grease Complex'!V109+'[7]Used Cooking Oil Complex'!V110 -> 225.30109 | F72: ='[7]Grease Complex'!W109+'[7]Used Cooking Oil Complex'!W110 -> 206.18493 | G72: ='[7]Grease Complex'!X109+'[7]Used Cooking Oil Complex'!X110 -> 158.20942 | H72: ='[7]Grease Complex'!Y109+'[7]Used Cooking Oil Complex'!Y110 -> 258.45521 | I72: ='[7]Grease Complex'!Z109+'[7]Used Cooking Oil Complex'!Z110 -> 278.92567 | ... AA72: ='[7]Grease Complex'!AR109+'[7]Used Cooking Oil Complex'!AR110 -> 3440.7438
A73: Jun | B73: ='[7]Grease Complex'!S110+'[7]Used Cooking Oil Complex'!S111 -> 75 | C73: ='[7]Grease Complex'!T110+'[7]Used Cooking Oil Complex'!T111 -> 109.51968 | D73: ='[7]Grease Complex'!U110+'[7]Used Cooking Oil Complex'!U111 -> 148.01671 | E73: ='[7]Grease Complex'!V110+'[7]Used Cooking Oil Complex'!V111 -> 194.61952 | F73: ='[7]Grease Complex'!W110+'[7]Used Cooking Oil Complex'!W111 -> 232.10883 | G73: ='[7]Grease Complex'!X110+'[7]Used Cooking Oil Complex'!X111 -> 162.23873 | H73: ='[7]Grease Complex'!Y110+'[7]Used Cooking Oil Complex'!Y111 -> 264.85662 | I73: ='[7]Grease Complex'!Z110+'[7]Used Cooking Oil Complex'!Z111 -> 261.07252 | ... AA73: ='[7]Grease Complex'!AR110+'[7]Used Cooking Oil Complex'!AR111 -> 3287.2697
A74: Jul | B74: ='[7]Grease Complex'!S111+'[7]Used Cooking Oil Complex'!S112 -> 67.5 | C74: ='[7]Grease Complex'!T111+'[7]Used Cooking Oil Complex'!T112 -> 122.60877 | D74: ='[7]Grease Complex'!U111+'[7]Used Cooking Oil Complex'!U112 -> 201.30649 | E74: ='[7]Grease Complex'!V111+'[7]Used Cooking Oil Complex'!V112 -> 202.88169 | F74: ='[7]Grease Complex'!W111+'[7]Used Cooking Oil Complex'!W112 -> 232.23547 | G74: ='[7]Grease Complex'!X111+'[7]Used Cooking Oil Complex'!X112 -> 175.58845 | H74: ='[7]Grease Complex'!Y111+'[7]Used Cooking Oil Complex'!Y112 -> 256.00164 | I74: ='[7]Grease Complex'!Z111+'[7]Used Cooking Oil Complex'!Z112 -> 252.06781 | ... AA74: ='[7]Grease Complex'!AR111+'[7]Used Cooking Oil Complex'!AR112 -> 3178.7521
A75: Aug | B75: ='[7]Grease Complex'!S112+'[7]Used Cooking Oil Complex'!S113 -> 70.5 | C75: ='[7]Grease Complex'!T112+'[7]Used Cooking Oil Complex'!T113 -> 123.63138 | D75: ='[7]Grease Complex'!U112+'[7]Used Cooking Oil Complex'!U113 -> 184.49413 | E75: ='[7]Grease Complex'!V112+'[7]Used Cooking Oil Complex'!V113 -> 162.95369 | F75: ='[7]Grease Complex'!W112+'[7]Used Cooking Oil Complex'!W113 -> 213.1933 | G75: ='[7]Grease Complex'!X112+'[7]Used Cooking Oil Complex'!X113 -> 181.9713 | H75: ='[7]Grease Complex'!Y112+'[7]Used Cooking Oil Complex'!Y113 -> 265.10085 | I75: ='[7]Grease Complex'!Z112+'[7]Used Cooking Oil Complex'!Z113 -> 258.82969 | ... AA75: ='[7]Grease Complex'!AR112+'[7]Used Cooking Oil Complex'!AR113 -> 3459.8758
A76: Sep | B76: ='[7]Grease Complex'!S113+'[7]Used Cooking Oil Complex'!S114 -> 75 | C76: ='[7]Grease Complex'!T113+'[7]Used Cooking Oil Complex'!T114 -> 109.33793 | D76: ='[7]Grease Complex'!U113+'[7]Used Cooking Oil Complex'!U114 -> 204.8461 | E76: ='[7]Grease Complex'!V113+'[7]Used Cooking Oil Complex'!V114 -> 180.55055 | F76: ='[7]Grease Complex'!W113+'[7]Used Cooking Oil Complex'!W114 -> 198.03901 | G76: ='[7]Grease Complex'!X113+'[7]Used Cooking Oil Complex'!X114 -> 161.76643 | H76: ='[7]Grease Complex'!Y113+'[7]Used Cooking Oil Complex'!Y114 -> 247.48441 | I76: ='[7]Grease Complex'!Z113+'[7]Used Cooking Oil Complex'!Z114 -> 262.23313 | ... AA76: ='[7]Grease Complex'!AR113+'[7]Used Cooking Oil Complex'!AR114 -> 4043.7108
A77: Oct | B77: ='[7]Grease Complex'!T102+'[7]Used Cooking Oil Complex'!T103 -> 88.301101 | C77: ='[7]Grease Complex'!U102+'[7]Used Cooking Oil Complex'!U103 -> 101.99418 | D77: ='[7]Grease Complex'!V102+'[7]Used Cooking Oil Complex'!V103 -> 208.98295 | E77: ='[7]Grease Complex'!W102+'[7]Used Cooking Oil Complex'!W103 -> 204.8948 | F77: ='[7]Grease Complex'!X102+'[7]Used Cooking Oil Complex'!X103 -> 240.06645 | G77: ='[7]Grease Complex'!Y102+'[7]Used Cooking Oil Complex'!Y103 -> 261.61264 | H77: ='[7]Grease Complex'!Z102+'[7]Used Cooking Oil Complex'!Z103 -> 258.41795 | I77: ='[7]Grease Complex'!AA102+'[7]Used Cooking Oil Complex'!AA103 -> 293.97247 | ... AA77: ='[7]Grease Complex'!AS102+'[7]Used Cooking Oil Complex'!AS103 -> 3627.4586
A78: Nov | B78: ='[7]Grease Complex'!T103+'[7]Used Cooking Oil Complex'!T104 -> 74.731359 | C78: ='[7]Grease Complex'!U103+'[7]Used Cooking Oil Complex'!U104 -> 70.122542 | D78: ='[7]Grease Complex'!V103+'[7]Used Cooking Oil Complex'!V104 -> 185.88381 | E78: ='[7]Grease Complex'!W103+'[7]Used Cooking Oil Complex'!W104 -> 169.65084 | F78: ='[7]Grease Complex'!X103+'[7]Used Cooking Oil Complex'!X104 -> 146.3126 | G78: ='[7]Grease Complex'!Y103+'[7]Used Cooking Oil Complex'!Y104 -> 240.74716 | H78: ='[7]Grease Complex'!Z103+'[7]Used Cooking Oil Complex'!Z104 -> 255.93042 | I78: ='[7]Grease Complex'!AA103+'[7]Used Cooking Oil Complex'!AA104 -> 286.74863 | ... AA78: ='[7]Grease Complex'!AS103+'[7]Used Cooking Oil Complex'!AS104 -> 2970.2677
A79: Dec | B79: ='[7]Grease Complex'!T104+'[7]Used Cooking Oil Complex'!T105 -> 76.786873 | C79: ='[7]Grease Complex'!U104+'[7]Used Cooking Oil Complex'!U105 -> 74.593221 | D79: ='[7]Grease Complex'!V104+'[7]Used Cooking Oil Complex'!V105 -> 184.4639 | E79: ='[7]Grease Complex'!W104+'[7]Used Cooking Oil Complex'!W105 -> 209.18801 | F79: ='[7]Grease Complex'!X104+'[7]Used Cooking Oil Complex'!X105 -> 151.42428 | G79: ='[7]Grease Complex'!Y104+'[7]Used Cooking Oil Complex'!Y105 -> 232.18544 | H79: ='[7]Grease Complex'!Z104+'[7]Used Cooking Oil Complex'!Z105 -> 248.62508 | I79: ='[7]Grease Complex'!AA104+'[7]Used Cooking Oil Complex'!AA105 -> 304.62926 | ... AA79: ='[7]Grease Complex'!AS104+'[7]Used Cooking Oil Complex'!AS105 -> 2700.6896
A80: Total | B80: =SUM(B68:B79) -> 772.31933 | C80: =SUM(C68:C79) -> 1184.3127 | D80: =SUM(D68:D79) -> 1887.8519 | E80: =SUM(E68:E79) -> 2236.7562 | F80: =SUM(F68:F79) -> 2268.7313 | G80: =SUM(G68:G79) -> 2174.5343 | H80: =SUM(H68:H79) -> 2868.232 | I80: =SUM(I68:I79) -> 3125.9605 | ... AA80: =SUM(AA68:AA79) -> 35958.148
A82: Choice White Grease Feedstock Use
B83: =B3 -> 2011 | C83: =C3 -> 2012 | D83: =D3 -> 2013 | E83: =E3 -> 2014 | F83: =F3 -> 2015 | G83: =G3 -> 2016 | H83: =H3 -> 2017 | I83: =I3 -> 2018 | ... AA83: =AA3 -> 2036
A84: Jan | B84: ='[7]CWG Complex'!S108 -> 31 | C84: ='[7]CWG Complex'!T108 -> 29 | D84: ='[7]CWG Complex'!U108 -> 31 | E84: ='[7]CWG Complex'!V108 -> 25 | F84: ='[7]CWG Complex'!W108 -> 28 | G84: ='[7]CWG Complex'!X108 -> 57.13 | H84: ='[7]CWG Complex'!Y108 -> 47.41 | I84: ='[7]CWG Complex'!Z108 -> 44.21 | ... AA84: ='[7]CWG Complex'!AR108 -> 7.9098238
A85: Feb | B85: ='[7]CWG Complex'!S109 -> 48 | C85: ='[7]CWG Complex'!T109 -> 29 | D85: ='[7]CWG Complex'!U109 -> 32 | E85: ='[7]CWG Complex'!V109 -> 41 | F85: ='[7]CWG Complex'!W109 -> 33 | G85: ='[7]CWG Complex'!X109 -> 53.46 | H85: ='[7]CWG Complex'!Y109 -> 54.87 | I85: ='[7]CWG Complex'!Z109 -> 43.86 | ... AA85: ='[7]CWG Complex'!AR109 -> 12.890216
A86: Mar | B86: ='[7]CWG Complex'!S110 -> 60 | C86: ='[7]CWG Complex'!T110 -> 31 | D86: ='[7]CWG Complex'!U110 -> 36 | E86: ='[7]CWG Complex'!V110 -> 41 | F86: ='[7]CWG Complex'!W110 -> 43 | G86: ='[7]CWG Complex'!X110 -> 43.63 | H86: ='[7]CWG Complex'!Y110 -> 67.47 | I86: ='[7]CWG Complex'!Z110 -> 49.31 | ... AA86: ='[7]CWG Complex'!AR110 -> 13.783017
A87: Apr | B87: ='[7]CWG Complex'!S111 -> 55 | C87: ='[7]CWG Complex'!T111 -> 41 | D87: ='[7]CWG Complex'!U111 -> 48 | E87: ='[7]CWG Complex'!V111 -> 39 | F87: ='[7]CWG Complex'!W111 -> 57 | G87: ='[7]CWG Complex'!X111 -> 52.8 | H87: ='[7]CWG Complex'!Y111 -> 59.35 | I87: ='[7]CWG Complex'!Z111 -> 54 | ... AA87: ='[7]CWG Complex'!AR111 -> 16.227147
A88: May | B88: ='[7]CWG Complex'!S112 -> 57 | C88: ='[7]CWG Complex'!T112 -> 38 | D88: ='[7]CWG Complex'!U112 -> 41 | E88: ='[7]CWG Complex'!V112 -> 46 | F88: ='[7]CWG Complex'!W112 -> 60 | G88: ='[7]CWG Complex'!X112 -> 46.67 | H88: ='[7]CWG Complex'!Y112 -> 48.64 | I88: ='[7]CWG Complex'!Z112 -> 52.71 | ... AA88: ='[7]CWG Complex'!AR112 -> 21.681643
A89: Jun | B89: ='[7]CWG Complex'!S113 -> 55 | C89: ='[7]CWG Complex'!T113 -> 39 | D89: ='[7]CWG Complex'!U113 -> 41 | E89: ='[7]CWG Complex'!V113 -> 28.62 | F89: ='[7]CWG Complex'!W113 -> 56 | G89: ='[7]CWG Complex'!X113 -> 42.2 | H89: ='[7]CWG Complex'!Y113 -> 43.7 | I89: ='[7]CWG Complex'!Z113 -> 56.86 | ... AA89: ='[7]CWG Complex'!AR113 -> 14.537543
A90: Jul | B90: ='[7]CWG Complex'!S114 -> 49 | C90: ='[7]CWG Complex'!T114 -> 31 | D90: ='[7]CWG Complex'!U114 -> 43 | E90: ='[7]CWG Complex'!V114 -> 36.67 | F90: ='[7]CWG Complex'!W114 -> 49 | G90: ='[7]CWG Complex'!X114 -> 37.93 | H90: ='[7]CWG Complex'!Y114 -> 33.29 | I90: ='[7]CWG Complex'!Z114 -> 50.96 | ... AA90: ='[7]CWG Complex'!AR114 -> 15.742867
A91: Aug | B91: ='[7]CWG Complex'!S115 -> 48 | C91: ='[7]CWG Complex'!T115 -> 34 | D91: ='[7]CWG Complex'!U115 -> 41 | E91: ='[7]CWG Complex'!V115 -> 36.38 | F91: ='[7]CWG Complex'!W115 -> 54 | G91: ='[7]CWG Complex'!X115 -> 38.28 | H91: ='[7]CWG Complex'!Y115 -> 35.13 | I91: ='[7]CWG Complex'!Z115 -> 54.77 | ... AA91: ='[7]CWG Complex'!AR115 -> 17.445701
A92: Sep | B92: ='[7]CWG Complex'!S116 -> 40 | C92: ='[7]CWG Complex'!T116 -> 33 | D92: ='[7]CWG Complex'!U116 -> 38 | E92: ='[7]CWG Complex'!V116 -> 40.76 | F92: ='[7]CWG Complex'!W116 -> 54 | G92: ='[7]CWG Complex'!X116 -> 36 | H92: ='[7]CWG Complex'!Y116 -> 45.87 | I92: ='[7]CWG Complex'!Z116 -> 58.35 | ... AA92: ='[7]CWG Complex'!AR116 -> 13.198311
A93: Oct | B93: ='[7]CWG Complex'!T105 -> 29 | C93: ='[7]CWG Complex'!U105 -> 41 | D93: ='[7]CWG Complex'!V105 -> 36 | E93: ='[7]CWG Complex'!W105 -> 33.45 | F93: ='[7]CWG Complex'!X105 -> 52 | G93: ='[7]CWG Complex'!Y105 -> 47.25 | H93: ='[7]CWG Complex'!Z105 -> 49.41 | I93: ='[7]CWG Complex'!AA105 -> 59.01 | ... AA93: ='[7]CWG Complex'!AS105 -> 12.972539
A94: Nov | B94: ='[7]CWG Complex'!T106 -> 35 | C94: ='[7]CWG Complex'!U106 -> 28 | D94: ='[7]CWG Complex'!V106 -> 34 | E94: ='[7]CWG Complex'!W106 -> 23.92 | F94: ='[7]CWG Complex'!X106 -> 45 | G94: ='[7]CWG Complex'!Y106 -> 48.66 | H94: ='[7]CWG Complex'!Z106 -> 49.23 | I94: ='[7]CWG Complex'!AA106 -> 48.18 | ... AA94: ='[7]CWG Complex'!AS106 -> 23.309205
A95: Dec | B95: ='[7]CWG Complex'!T107 -> 26 | C95: ='[7]CWG Complex'!U107 -> 35 | D95: ='[7]CWG Complex'!V107 -> 45 | E95: ='[7]CWG Complex'!W107 -> 35.6 | F95: ='[7]CWG Complex'!X107 -> 58 | G95: ='[7]CWG Complex'!Y107 -> 74.02 | H95: ='[7]CWG Complex'!Z107 -> 56.22 | I95: ='[7]CWG Complex'!AA107 -> 45.48 | ... AA95: ='[7]CWG Complex'!AS107 -> 24.561198
A96: Total | B96: =SUM(B84:B95) -> 533 | C96: =SUM(C84:C95) -> 409 | D96: =SUM(D84:D95) -> 466 | E96: =SUM(E84:E95) -> 427.4 | F96: =SUM(F84:F95) -> 589 | G96: =SUM(G84:G95) -> 578.03 | H96: =SUM(H84:H95) -> 590.59 | I96: =SUM(I84:I95) -> 617.7 | ... AA96: =SUM(AA84:AA95) -> 194.25921
A98: Poultry Fat Feedstock Use
B99: =B3 -> 2011 | C99: =C3 -> 2012 | D99: =D3 -> 2013 | E99: =E3 -> 2014 | F99: =F3 -> 2015 | G99: =G3 -> 2016 | H99: =H3 -> 2017 | I99: =I3 -> 2018 | ... AA99: =AA3 -> 2036
A100: Jan | B100: ='[7]Poultry Byproduct Complex'!S245 -> 14 | C100: ='[7]Poultry Byproduct Complex'!T245 -> 20 | D100: ='[7]Poultry Byproduct Complex'!U245 -> 7 | E100: ='[7]Poultry Byproduct Complex'!V245 -> 2 | F100: ='[7]Poultry Byproduct Complex'!W245 -> 11 | G100: ='[7]Poultry Byproduct Complex'!X245 -> 10.55 | H100: ='[7]Poultry Byproduct Complex'!Y245 -> 6.92 | I100: ='[7]Poultry Byproduct Complex'!Z245 -> 5.85 | ... AA100: ='[7]Poultry Byproduct Complex'!AR245 -> 11.03639
A101: Feb | B101: ='[7]Poultry Byproduct Complex'!S246 -> 14 | C101: ='[7]Poultry Byproduct Complex'!T246 -> 8 | D101: ='[7]Poultry Byproduct Complex'!U246 -> 8 | E101: ='[7]Poultry Byproduct Complex'!V246 -> 6 | F101: ='[7]Poultry Byproduct Complex'!W246 -> 9 | G101: ='[7]Poultry Byproduct Complex'!X246 -> 11.39 | H101: ='[7]Poultry Byproduct Complex'!Y246 -> 9.74 | I101: ='[7]Poultry Byproduct Complex'!Z246 -> 6.35 | ... AA101: ='[7]Poultry Byproduct Complex'!AR246 -> 8.0711835
A102: Mar | B102: ='[7]Poultry Byproduct Complex'!S247 -> 19 | C102: ='[7]Poultry Byproduct Complex'!T247 -> 11 | D102: ='[7]Poultry Byproduct Complex'!U247 -> 9 | E102: ='[7]Poultry Byproduct Complex'!V247 -> 13 | F102: ='[7]Poultry Byproduct Complex'!W247 -> 8 | G102: ='[7]Poultry Byproduct Complex'!X247 -> 14.77 | H102: ='[7]Poultry Byproduct Complex'!Y247 -> 13.22 | I102: ='[7]Poultry Byproduct Complex'!Z247 -> 4.8100586 | ... AA102: ='[7]Poultry Byproduct Complex'!AR247 -> 9.9016111
A103: Apr | B103: ='[7]Poultry Byproduct Complex'!S248 -> 15 | C103: ='[7]Poultry Byproduct Complex'!T248 -> 13 | D103: ='[7]Poultry Byproduct Complex'!U248 -> 15 | E103: ='[7]Poultry Byproduct Complex'!V248 -> 17 | F103: ='[7]Poultry Byproduct Complex'!W248 -> 16 | G103: ='[7]Poultry Byproduct Complex'!X248 -> 19.15 | H103: ='[7]Poultry Byproduct Complex'!Y248 -> 13.39 | I103: ='[7]Poultry Byproduct Complex'!Z248 -> 7.9830322 | ... AA103: ='[7]Poultry Byproduct Complex'!AR248 -> 9.9088783
A104: May | B104: ='[7]Poultry Byproduct Complex'!S249 -> 16 | C104: ='[7]Poultry Byproduct Complex'!T249 -> 16 | D104: ='[7]Poultry Byproduct Complex'!U249 -> 20 | E104: ='[7]Poultry Byproduct Complex'!V249 -> 23 | F104: ='[7]Poultry Byproduct Complex'!W249 -> 14 | G104: ='[7]Poultry Byproduct Complex'!X249 -> 20.41 | H104: ='[7]Poultry Byproduct Complex'!Y249 -> 12.64 | I104: ='[7]Poultry Byproduct Complex'!Z249 -> 8.31 | ... AA104: ='[7]Poultry Byproduct Complex'!AR249 -> 8.0276618
A105: Jun | B105: ='[7]Poultry Byproduct Complex'!S250 -> 23 | C105: ='[7]Poultry Byproduct Complex'!T250 -> 14 | D105: ='[7]Poultry Byproduct Complex'!U250 -> 19 | E105: ='[7]Poultry Byproduct Complex'!V250 -> 17.78 | F105: ='[7]Poultry Byproduct Complex'!W250 -> 20 | G105: ='[7]Poultry Byproduct Complex'!X250 -> 17.46 | H105: ='[7]Poultry Byproduct Complex'!Y250 -> 15.21 | I105: ='[7]Poultry Byproduct Complex'!Z250 -> 9.51 | ... AA105: ='[7]Poultry Byproduct Complex'!AR250 -> 8.2750187
A106: Jul | B106: ='[7]Poultry Byproduct Complex'!S251 -> 26 | C106: ='[7]Poultry Byproduct Complex'!T251 -> 20 | D106: ='[7]Poultry Byproduct Complex'!U251 -> 17 | E106: ='[7]Poultry Byproduct Complex'!V251 -> 21.67 | F106: ='[7]Poultry Byproduct Complex'!W251 -> 18 | G106: ='[7]Poultry Byproduct Complex'!X251 -> 20.59 | H106: ='[7]Poultry Byproduct Complex'!Y251 -> 17 | I106: ='[7]Poultry Byproduct Complex'!Z251 -> 11.67 | ... AA106: ='[7]Poultry Byproduct Complex'!AR251 -> 8.4529222
...

Sheet Feedstock Use - chart data
B1: Soybean Oil | C1: Canola Oil | D1: Distillers' Corn Oil | E1: Inedible Tallow | F1: Yellow Grease/Used Cooking Oil | G1: Choice White Grease | H1: Poultry Fat | I1: Total | J1: =(34.4/31.77)-1 -> 0.082782499 | K1: Soybean Oil | L1: Canola Oil | M1: Distillers' Corn Oil | N1: Inedible Tallow | O1: Yellow Grease/Used Cooking Oil | P1: Choice White Grease | Q1: Poultry Fat | S1: Veg Oils | T1: Fats and Greases
A2: 40544 | B2: ='Feedstock Use'!B4 -> 150 | C2: ='Feedstock Use'!B20 -> 8 | D2: ='Feedstock Use'!B36 -> 17 | E2: ='Feedstock Use'!B52 -> 11 | F2: ='Feedstock Use'!B68 -> 27 | G2: ='Feedstock Use'!B84 -> 31 | H2: ='Feedstock Use'!B100 -> 14 | I2: =SUM(B2:H2) -> 258 | K2: =B2/$I2 -> 0.58139535 | L2: =C2/$I2 -> 0.031007752 | M2: =D2/$I2 -> 0.065891473 | N2: =E2/$I2 -> 0.042635659 | O2: =F2/$I2 -> 0.10465116 | P2: =G2/$I2 -> 0.12015504 | Q2: =H2/$I2 -> 0.054263566 | S2: =SUM(B2:C2)/$I2 -> 0.6124031 | T2: =1-S2 -> 0.3875969
A3: 40575 | B3: ='Feedstock Use'!B5 -> 150 | C3: ='Feedstock Use'!B21 -> 26 | D3: ='Feedstock Use'!B37 -> 13 | E3: ='Feedstock Use'!B53 -> 11 | F3: ='Feedstock Use'!B69 -> 28.5 | G3: ='Feedstock Use'!B85 -> 48 | H3: ='Feedstock Use'!B101 -> 14 | I3: =SUM(B3:H3) -> 290.5 | K3: =B3/$I3 -> 0.51635112 | L3: =C3/$I3 -> 0.089500861 | M3: =D3/$I3 -> 0.04475043 | N3: =E3/$I3 -> 0.037865749 | O3: =F3/$I3 -> 0.098106713 | P3: =G3/$I3 -> 0.16523236 | Q3: =H3/$I3 -> 0.048192771 | S3: =SUM(B3:C3)/$I3 -> 0.60585198 | T3: =1-S3 -> 0.39414802
A4: 40603 | B4: ='Feedstock Use'!B6 -> 190 | C4: ='Feedstock Use'!B22 -> 68 | D4: ='Feedstock Use'!B38 -> 14 | E4: ='Feedstock Use'!B54 -> 27 | F4: ='Feedstock Use'!B70 -> 49.5 | G4: ='Feedstock Use'!B86 -> 60 | H4: ='Feedstock Use'!B102 -> 19 | I4: =SUM(B4:H4) -> 427.5 | K4: =B4/$I4 -> 0.44444444 | L4: =C4/$I4 -> 0.15906433 | M4: =D4/$I4 -> 0.032748538 | N4: =E4/$I4 -> 0.063157895 | O4: =F4/$I4 -> 0.11578947 | P4: =G4/$I4 -> 0.14035088 | Q4: =H4/$I4 -> 0.044444444 | S4: =SUM(B4:C4)/$I4 -> 0.60350877 | T4: =1-S4 -> 0.39649123
A5: 40634 | B5: ='Feedstock Use'!B7 -> 236 | C5: ='Feedstock Use'!B23 -> 88 | D5: ='Feedstock Use'!B39 -> 20 | E5: ='Feedstock Use'!B55 -> 47 | F5: ='Feedstock Use'!B71 -> 78 | G5: ='Feedstock Use'!B87 -> 55 | H5: ='Feedstock Use'!B103 -> 15 | I5: =SUM(B5:H5) -> 539 | K5: =B5/$I5 -> 0.43784787 | L5: =C5/$I5 -> 0.16326531 | M5: =D5/$I5 -> 0.037105751 | N5: =E5/$I5 -> 0.087198516 | O5: =F5/$I5 -> 0.14471243 | P5: =G5/$I5 -> 0.10204082 | Q5: =H5/$I5 -> 0.027829314 | S5: =SUM(B5:C5)/$I5 -> 0.60111317 | T5: =1-S5 -> 0.39888683
A6: 40664 | B6: ='Feedstock Use'!B8 -> 264 | C6: ='Feedstock Use'!B24 -> 113 | D6: ='Feedstock Use'!B40 -> 21 | E6: ='Feedstock Use'!B56 -> 36 | F6: ='Feedstock Use'!B72 -> 61.5 | G6: ='Feedstock Use'!B88 -> 57 | H6: ='Feedstock Use'!B104 -> 16 | I6: =SUM(B6:H6) -> 568.5 | K6: =B6/$I6 -> 0.46437995 | L6: =C6/$I6 -> 0.19876869 | M6: =D6/$I6 -> 0.036939314 | N6: =E6/$I6 -> 0.063324538 | O6: =F6/$I6 -> 0.10817942 | P6: =G6/$I6 -> 0.10026385 | Q6: =H6/$I6 -> 0.028144239 | S6: =SUM(B6:C6)/$I6 -> 0.66314864 | T6: =1-S6 -> 0.33685136
A7: 40695 | B7: ='Feedstock Use'!B9 -> 311 | C7: ='Feedstock Use'!B25 -> 75 | D7: ='Feedstock Use'!B41 -> 34 | E7: ='Feedstock Use'!B57 -> 49 | F7: ='Feedstock Use'!B73 -> 75 | G7: ='Feedstock Use'!B89 -> 55 | H7: ='Feedstock Use'!B105 -> 23 | I7: =SUM(B7:H7) -> 622 | K7: =B7/$I7 -> 0.5 | L7: =C7/$I7 -> 0.12057878 | M7: =D7/$I7 -> 0.054662379 | N7: =E7/$I7 -> 0.078778135 | O7: =F7/$I7 -> 0.12057878 | P7: =G7/$I7 -> 0.088424437 | Q7: =H7/$I7 -> 0.036977492 | S7: =SUM(B7:C7)/$I7 -> 0.62057878 | T7: =1-S7 -> 0.37942122
A8: 40725 | B8: ='Feedstock Use'!B10 -> 367 | C8: ='Feedstock Use'!B26 -> 77 | D8: ='Feedstock Use'!B42 -> 35 | E8: ='Feedstock Use'!B58 -> 64 | F8: ='Feedstock Use'!B74 -> 67.5 | G8: ='Feedstock Use'!B90 -> 49 | H8: ='Feedstock Use'!B106 -> 26 | I8: =SUM(B8:H8) -> 685.5 | K8: =B8/$I8 -> 0.53537564 | L8: =C8/$I8 -> 0.11232677 | M8: =D8/$I8 -> 0.051057622 | N8: =E8/$I8 -> 0.093362509 | O8: =F8/$I8 -> 0.098468271 | P8: =G8/$I8 -> 0.071480671 | Q8: =H8/$I8 -> 0.037928519 | S8: =SUM(B8:C8)/$I8 -> 0.64770241 | T8: =1-S8 -> 0.35229759
A9: 40756 | B9: ='Feedstock Use'!B11 -> 398 | C9: ='Feedstock Use'!B27 -> 84 | D9: ='Feedstock Use'!B43 -> 37 | E9: ='Feedstock Use'!B59 -> 38 | F9: ='Feedstock Use'!B75 -> 70.5 | G9: ='Feedstock Use'!B91 -> 48 | H9: ='Feedstock Use'!B107 -> 34 | I9: =SUM(B9:H9) -> 709.5 | K9: =B9/$I9 -> 0.56095842 | L9: =C9/$I9 -> 0.11839323 | M9: =D9/$I9 -> 0.052149401 | N9: =E9/$I9 -> 0.053558844 | O9: =F9/$I9 -> 0.099365751 | P9: =G9/$I9 -> 0.067653277 | Q9: =H9/$I9 -> 0.047921071 | S9: =SUM(B9:C9)/$I9 -> 0.67935166 | T9: =1-S9 -> 0.32064834
A10: 40787 | B10: ='Feedstock Use'!B12 -> 430 | C10: ='Feedstock Use'!B28 -> 84 | D10: ='Feedstock Use'!B44 -> 27 | E10: ='Feedstock Use'!B60 -> 49 | F10: ='Feedstock Use'!B76 -> 75 | G10: ='Feedstock Use'!B92 -> 40 | H10: ='Feedstock Use'!B108 -> 20 | I10: =SUM(B10:H10) -> 725 | K10: =B10/$I10 -> 0.59310345 | L10: =C10/$I10 -> 0.11586207 | M10: =D10/$I10 -> 0.037241379 | N10: =E10/$I10 -> 0.067586207 | O10: =F10/$I10 -> 0.10344828 | P10: =G10/$I10 -> 0.055172414 | Q10: =H10/$I10 -> 0.027586207 | S10: =SUM(B10:C10)/$I10 -> 0.70896552 | T10: =1-S10 -> 0.29103448
A11: 40817 | B11: ='Feedstock Use'!B13 -> 527 | C11: ='Feedstock Use'!B29 -> 69 | D11: ='Feedstock Use'!B45 -> 30 | E11: ='Feedstock Use'!B61 -> 39 | F11: ='Feedstock Use'!B77 -> 88.301101 | G11: ='Feedstock Use'!B93 -> 29 | H11: ='Feedstock Use'!B109 -> 31 | I11: =SUM(B11:H11) -> 813.3011 | K11: =B11/$I11 -> 0.6479765 | L11: =C11/$I11 -> 0.084839428 | M11: =D11/$I11 -> 0.036886708 | N11: =E11/$I11 -> 0.04795272 | O11: =F11/$I11 -> 0.10857123 | P11: =G11/$I11 -> 0.035657151 | Q11: =H11/$I11 -> 0.038116265 | S11: =SUM(B11:C11)/$I11 -> 0.73281593 | T11: =1-S11 -> 0.26718407
A12: 40848 | B12: ='Feedstock Use'!B14 -> 538 | C12: ='Feedstock Use'!B30 -> 84 | D12: ='Feedstock Use'!B46 -> 27 | E12: ='Feedstock Use'!B62 -> 31 | F12: ='Feedstock Use'!B78 -> 74.731359 | G12: ='Feedstock Use'!B94 -> 35 | H12: ='Feedstock Use'!B110 -> 13 | I12: =SUM(B12:H12) -> 802.73136 | K12: =B12/$I12 -> 0.67021176 | L12: =C12/$I12 -> 0.10464273 | M12: =D12/$I12 -> 0.033635163 | N12: =E12/$I12 -> 0.03861815 | O12: =F12/$I12 -> 0.093096349 | P12: =G12/$I12 -> 0.043601137 | Q12: =H12/$I12 -> 0.016194708 | S12: =SUM(B12:C12)/$I12 -> 0.77485449 | T12: =1-S12 -> 0.22514551
A13: 40878 | B13: ='Feedstock Use'!B15 -> 592 | C13: ='Feedstock Use'!B31 -> 71 | D13: ='Feedstock Use'!B47 -> 30 | E13: ='Feedstock Use'!B63 -> 27 | F13: ='Feedstock Use'!B79 -> 76.786873 | G13: ='Feedstock Use'!B95 -> 26 | H13: ='Feedstock Use'!B111 -> 15 | I13: =SUM(B13:H13) -> 837.78687 | K13: =B13/$I13 -> 0.70662363 | L13: =C13/$I13 -> 0.084747091 | M13: =D13/$I13 -> 0.03580863 | N13: =E13/$I13 -> 0.032227767 | O13: =F13/$I13 -> 0.091654423 | P13: =G13/$I13 -> 0.031034146 | Q13: =H13/$I13 -> 0.017904315 | S13: =SUM(B13:C13)/$I13 -> 0.79137072 | T13: =1-S13 -> 0.20862928
A14: 40909 | B14: ='Feedstock Use'!C4 -> 306 | C14: ='Feedstock Use'!C20 -> 73 | D14: ='Feedstock Use'!C36 -> 50 | E14: ='Feedstock Use'!C52 -> 26 | F14: ='Feedstock Use'!C68 -> 71.749922 | G14: ='Feedstock Use'!C84 -> 29 | H14: ='Feedstock Use'!C100 -> 20 | I14: =SUM(B14:H14) -> 575.74992 | K14: =B14/$I14 -> 0.53148075 | L14: =C14/$I14 -> 0.12679116 | M14: =D14/$I14 -> 0.08684326 | N14: =E14/$I14 -> 0.045158495 | O14: =F14/$I14 -> 0.12461994 | P14: =G14/$I14 -> 0.050369091 | Q14: =H14/$I14 -> 0.034737304 | S14: =SUM(B14:C14)/$I14 -> 0.65827191 | T14: =1-S14 -> 0.34172809
A15: 40940 | B15: ='Feedstock Use'!C5 -> 321 | C15: ='Feedstock Use'!C21 -> 90 | D15: ='Feedstock Use'!C37 -> 51 | E15: ='Feedstock Use'!C53 -> 20 | F15: ='Feedstock Use'!C69 -> 67.933079 | G15: ='Feedstock Use'!C85 -> 29 | H15: ='Feedstock Use'!C101 -> 8 | I15: =SUM(B15:H15) -> 586.93308 | K15: =B15/$I15 -> 0.54691073 | L15: =C15/$I15 -> 0.15333946 | M15: =D15/$I15 -> 0.086892359 | N15: =E15/$I15 -> 0.034075435 | O15: =F15/$I15 -> 0.11574246 | P15: =G15/$I15 -> 0.049409381 | Q15: =H15/$I15 -> 0.013630174 | S15: =SUM(B15:C15)/$I15 -> 0.70025019 | T15: =1-S15 -> 0.29974981
A16: 40969 | B16: ='Feedstock Use'!C6 -> 388 | C16: ='Feedstock Use'!C22 -> 117 | D16: ='Feedstock Use'!C38 -> 54 | E16: ='Feedstock Use'!C54 -> 24 | F16: ='Feedstock Use'!C70 -> 112.13597 | G16: ='Feedstock Use'!C86 -> 31 | H16: ='Feedstock Use'!C102 -> 11 | I16: =SUM(B16:H16) -> 737.13597 | K16: =B16/$I16 -> 0.5263615 | L16: =C16/$I16 -> 0.15872241 | M16: =D16/$I16 -> 0.073256498 | N16: =E16/$I16 -> 0.032558444 | O16: =F16/$I16 -> 0.15212387 | P16: =G16/$I16 -> 0.042054656 | Q16: =H16/$I16 -> 0.01492262 | S16: =SUM(B16:C16)/$I16 -> 0.68508392 | T16: =1-S16 -> 0.31491608
A17: 41000 | B17: ='Feedstock Use'!C7 -> 350 | C17: ='Feedstock Use'!C23 -> 112 | D17: ='Feedstock Use'!C39 -> 54 | E17: ='Feedstock Use'!C55 -> 45 | F17: ='Feedstock Use'!C71 -> 114.45767 | G17: ='Feedstock Use'!C87 -> 41 | H17: ='Feedstock Use'!C103 -> 13 | I17: =SUM(B17:H17) -> 729.45767 | K17: =B17/$I17 -> 0.47980852 | L17: =C17/$I17 -> 0.15353873 | M17: =D17/$I17 -> 0.0740276 | N17: =E17/$I17 -> 0.061689666 | O17: =F17/$I17 -> 0.15690789 | P17: =G17/$I17 -> 0.05620614 | Q17: =H17/$I17 -> 0.017821459 | S17: =SUM(B17:C17)/$I17 -> 0.63334724 | T17: =1-S17 -> 0.36665276
A18: 41030 | B18: ='Feedstock Use'!C8 -> 429 | C18: ='Feedstock Use'!C24 -> 85 | D18: ='Feedstock Use'!C40 -> 56 | E18: ='Feedstock Use'!C56 -> 50 | F18: ='Feedstock Use'!C72 -> 106.22835 | G18: ='Feedstock Use'!C88 -> 38 | H18: ='Feedstock Use'!C104 -> 16 | I18: =SUM(B18:H18) -> 780.22835 | K18: =B18/$I18 -> 0.54983903 | L18: =C18/$I18 -> 0.10894247 | M18: =D18/$I18 -> 0.071773859 | N18: =E18/$I18 -> 0.064083803 | O18: =F18/$I18 -> 0.13615034 | P18: =G18/$I18 -> 0.04870369 | Q18: =H18/$I18 -> 0.020506817 | S18: =SUM(B18:C18)/$I18 -> 0.65878149 | T18: =1-S18 -> 0.34121851
A19: 41061 | B19: ='Feedstock Use'!C9 -> 369 | C19: ='Feedstock Use'!C25 -> 103 | D19: ='Feedstock Use'!C41 -> 55 | E19: ='Feedstock Use'!C57 -> 28 | F19: ='Feedstock Use'!C73 -> 109.51968 | G19: ='Feedstock Use'!C89 -> 39 | H19: ='Feedstock Use'!C105 -> 14 | I19: =SUM(B19:H19) -> 717.51968 | K19: =B19/$I19 -> 0.51427161 | L19: =C19/$I19 -> 0.14355007 | M19: =D19/$I19 -> 0.07665295 | N19: =E19/$I19 -> 0.03902332 | O19: =F19/$I19 -> 0.15263648 | P19: =G19/$I19 -> 0.05435391 | Q19: =H19/$I19 -> 0.01951166 | S19: =SUM(B19:C19)/$I19 -> 0.65782168 | T19: =1-S19 -> 0.34217832
A20: 41091 | B20: ='Feedstock Use'!C10 -> 347 | C20: ='Feedstock Use'!C26 -> 66 | D20: ='Feedstock Use'!C42 -> 54 | E20: ='Feedstock Use'!C58 -> 30 | F20: ='Feedstock Use'!C74 -> 122.60877 | G20: ='Feedstock Use'!C90 -> 31 | H20: ='Feedstock Use'!C106 -> 20 | I20: =SUM(B20:H20) -> 670.60877 | K20: =B20/$I20 -> 0.51744029 | L20: =C20/$I20 -> 0.098418039 | M20: =D20/$I20 -> 0.08052385 | N20: =E20/$I20 -> 0.044735472 | O20: =F20/$I20 -> 0.18283204 | P20: =G20/$I20 -> 0.046226655 | Q20: =H20/$I20 -> 0.029823648 | S20: =SUM(B20:C20)/$I20 -> 0.61585833 | T20: =1-S20 -> 0.38414167
A21: 41122 | B21: ='Feedstock Use'!C11 -> 385 | C21: ='Feedstock Use'!C27 -> 48 | D21: ='Feedstock Use'!C43 -> 59 | E21: ='Feedstock Use'!C59 -> 44 | F21: ='Feedstock Use'!C75 -> 123.63138 | G21: ='Feedstock Use'!C91 -> 34 | H21: ='Feedstock Use'!C107 -> 21 | I21: =SUM(B21:H21) -> 714.63138 | K21: =B21/$I21 -> 0.53873928 | L21: =C21/$I21 -> 0.067167495 | M21: =D21/$I21 -> 0.082560046 | N21: =E21/$I21 -> 0.061570204 | O21: =F21/$I21 -> 0.17300022 | P21: =G21/$I21 -> 0.047576976 | Q21: =H21/$I21 -> 0.029385779 | S21: =SUM(B21:C21)/$I21 -> 0.60590678 | T21: =1-S21 -> 0.39409322
A22: 41153 | B22: ='Feedstock Use'!C12 -> 322 | C22: ='Feedstock Use'!C28 -> 46 | D22: ='Feedstock Use'!C44 -> 55 | E22: ='Feedstock Use'!C60 -> 49 | F22: ='Feedstock Use'!C76 -> 109.33793 | G22: ='Feedstock Use'!C92 -> 33 | H22: ='Feedstock Use'!C108 -> 19 | I22: =SUM(B22:H22) -> 633.33793 | K22: =B22/$I22 -> 0.50841736 | L22: =C22/$I22 -> 0.072631052 | M22: =D22/$I22 -> 0.086841475 | N22: =E22/$I22 -> 0.07736786 | O22: =F22/$I22 -> 0.17263758 | P22: =G22/$I22 -> 0.052104885 | Q22: =H22/$I22 -> 0.029999782 | S22: =SUM(B22:C22)/$I22 -> 0.58104841 | T22: =1-S22 -> 0.41895159
A23: 41183 | B23: ='Feedstock Use'!C13 -> 307 | C23: ='Feedstock Use'!C29 -> 16 | D23: ='Feedstock Use'!C45 -> 59 | E23: ='Feedstock Use'!C61 -> 44 | F23: ='Feedstock Use'!C77 -> 101.99418 | G23: ='Feedstock Use'!C93 -> 41 | H23: ='Feedstock Use'!C109 -> 14 | I23: =SUM(B23:H23) -> 582.99418 | K23: =B23/$I23 -> 0.52659188 | L23: =C23/$I23 -> 0.027444528 | M23: =D23/$I23 -> 0.1012017 | N23: =E23/$I23 -> 0.075472451 | O23: =F23/$I23 -> 0.17494888 | P23: =G23/$I23 -> 0.070326602 | Q23: =H23/$I23 -> 0.024013962 | S23: =SUM(B23:C23)/$I23 -> 0.5540364 | T23: =1-S23 -> 0.4459636
A24: 41214 | B24: ='Feedstock Use'!C14 -> 246 | C24: ='Feedstock Use'!C30 -> 18 | D24: ='Feedstock Use'!C46 -> 48 | E24: ='Feedstock Use'!C62 -> 22 | F24: ='Feedstock Use'!C78 -> 70.122542 | G24: ='Feedstock Use'!C94 -> 28 | H24: ='Feedstock Use'!C110 -> 11 | I24: =SUM(B24:H24) -> 443.12254 | K24: =B24/$I24 -> 0.55515118 | L24: =C24/$I24 -> 0.040620818 | M24: =D24/$I24 -> 0.10832218 | N24: =E24/$I24 -> 0.049647666 | O24: =F24/$I24 -> 0.15824639 | P24: =G24/$I24 -> 0.063187939 | Q24: =H24/$I24 -> 0.024823833 | S24: =SUM(B24:C24)/$I24 -> 0.59577199 | T24: =1-S24 -> 0.40422801
A25: 41244 | B25: ='Feedstock Use'!C15 -> 273 | C25: ='Feedstock Use'!C31 -> 16 | D25: ='Feedstock Use'!C47 -> 50 | E25: ='Feedstock Use'!C63 -> 3 | F25: ='Feedstock Use'!C79 -> 74.593221 | G25: ='Feedstock Use'!C95 -> 35 | H25: ='Feedstock Use'!C111 -> 9 | I25: =SUM(B25:H25) -> 460.59322 | K25: =B25/$I25 -> 0.59271389 | L25: =C25/$I25 -> 0.03473781 | M25: =D25/$I25 -> 0.10855566 | N25: =E25/$I25 -> 0.0065133395 | O25: =F25/$I25 -> 0.16195032 | P25: =G25/$I25 -> 0.07598896 | Q25: =H25/$I25 -> 0.019540018 | S25: =SUM(B25:C25)/$I25 -> 0.6274517 | T25: =1-S25 -> 0.3725483
A26: 41275 | B26: ='Feedstock Use'!D4 -> 313 | C26: ='Feedstock Use'!D20 -> 16 | D26: ='Feedstock Use'!D36 -> 60 | E26: ='Feedstock Use'!D52 -> 15 | F26: ='Feedstock Use'!D68 -> 84.837974 | G26: ='Feedstock Use'!D84 -> 31 | H26: ='Feedstock Use'!D100 -> 7 | I26: =SUM(B26:H26) -> 526.83797 | K26: =B26/$I26 -> 0.59411055 | L26: =C26/$I26 -> 0.030369869 | M26: =D26/$I26 -> 0.11388701 | N26: =E26/$I26 -> 0.028471752 | O26: =F26/$I26 -> 0.16103238 | P26: =G26/$I26 -> 0.05884162 | Q26: =H26/$I26 -> 0.013286817 | S26: =SUM(B26:C26)/$I26 -> 0.62448042 | T26: =1-S26 -> 0.37551958
A27: 41306 | B27: ='Feedstock Use'!D5 -> 287 | C27: ='Feedstock Use'!D21 -> 38 | D27: ='Feedstock Use'!D37 -> 61 | E27: ='Feedstock Use'!D53 -> 28 | F27: ='Feedstock Use'!D69 -> 91.612444 | G27: ='Feedstock Use'!D85 -> 32 | H27: ='Feedstock Use'!D101 -> 8 | I27: =SUM(B27:H27) -> 545.61244 | K27: =B27/$I27 -> 0.5260144 | L27: =C27/$I27 -> 0.069646505 | M27: =D27/$I27 -> 0.11180097 | N27: =E27/$I27 -> 0.051318478 | O27: =F27/$I27 -> 0.16790754 | P27: =G27/$I27 -> 0.058649689 | Q27: =H27/$I27 -> 0.014662422 | S27: =SUM(B27:C27)/$I27 -> 0.5956609 | T27: =1-S27 -> 0.4043391
A28: 41334 | B28: ='Feedstock Use'!D6 -> 443 | C28: ='Feedstock Use'!D22 -> 39 | D28: ='Feedstock Use'!D38 -> 71 | E28: ='Feedstock Use'!D54 -> 53 | F28: ='Feedstock Use'!D70 -> 120.67605 | G28: ='Feedstock Use'!D86 -> 36 | H28: ='Feedstock Use'!D102 -> 9 | I28: =SUM(B28:H28) -> 771.67605 | K28: =B28/$I28 -> 0.57407509 | L28: =C28/$I28 -> 0.050539342 | M28: =D28/$I28 -> 0.092007521 | N28: =E28/$I28 -> 0.06868167 | O28: =F28/$I28 -> 0.15638175 | P28: =G28/$I28 -> 0.046651701 | Q28: =H28/$I28 -> 0.011662925 | S28: =SUM(B28:C28)/$I28 -> 0.62461444 | T28: =1-S28 -> 0.37538556
A29: 41365 | B29: ='Feedstock Use'!D7 -> 423 | C29: ='Feedstock Use'!D23 -> 47 | D29: ='Feedstock Use'!D39 -> 71 | E29: ='Feedstock Use'!D55 -> 56 | F29: ='Feedstock Use'!D71 -> 130.4909 | G29: ='Feedstock Use'!D87 -> 48 | H29: ='Feedstock Use'!D103 -> 15 | I29: =SUM(B29:H29) -> 790.4909 | K29: =B29/$I29 -> 0.53511053 | L29: =C29/$I29 -> 0.059456725 | M29: =D29/$I29 -> 0.089817606 | N29: =E29/$I29 -> 0.070842056 | O29: =F29/$I29 -> 0.16507577 | P29: =G29/$I29 -> 0.060721762 | Q29: =H29/$I29 -> 0.018975551 | S29: =SUM(B29:C29)/$I29 -> 0.59456725 | T29: =1-S29 -> 0.40543275
A30: 41395 | B30: ='Feedstock Use'!D8 -> 416 | C30: ='Feedstock Use'!D24 -> 33 | D30: ='Feedstock Use'!D40 -> 91 | E30: ='Feedstock Use'!D56 -> 61 | F30: ='Feedstock Use'!D72 -> 142.24049 | G30: ='Feedstock Use'!D88 -> 41 | H30: ='Feedstock Use'!D104 -> 20 | I30: =SUM(B30:H30) -> 804.24049 | K30: =B30/$I30 -> 0.51725822 | L30: =C30/$I30 -> 0.041032503 | M30: =D30/$I30 -> 0.11315024 | N30: =E30/$I30 -> 0.07584796 | O30: =F30/$I30 -> 0.17686312 | P30: =G30/$I30 -> 0.050979776 | Q30: =H30/$I30 -> 0.024868184 | S30: =SUM(B30:C30)/$I30 -> 0.55829072 | T30: =1-S30 -> 0.44170928
A31: 41426 | B31: ='Feedstock Use'!D9 -> 486 | C31: ='Feedstock Use'!D25 -> 28 | D31: ='Feedstock Use'!D41 -> 98 | E31: ='Feedstock Use'!D57 -> 58 | F31: ='Feedstock Use'!D73 -> 148.01671 | G31: ='Feedstock Use'!D89 -> 41 | H31: ='Feedstock Use'!D105 -> 19 | I31: =SUM(B31:H31) -> 878.01671 | K31: =B31/$I31 -> 0.55352021 | L31: =C31/$I31 -> 0.031890054 | M31: =D31/$I31 -> 0.11161519 | N31: =E31/$I31 -> 0.066057968 | O31: =F31/$I31 -> 0.16858075 | P31: =G31/$I31 -> 0.04669615 | Q31: =H31/$I31 -> 0.021639679 | S31: =SUM(B31:C31)/$I31 -> 0.58541027 | T31: =1-S31 -> 0.41458973
A32: 41456 | B32: ='Feedstock Use'!D10 -> 480 | C32: ='Feedstock Use'!D26 -> 55 | D32: ='Feedstock Use'!D42 -> 108 | E32: ='Feedstock Use'!D58 -> 50 | F32: ='Feedstock Use'!D74 -> 201.30649 | G32: ='Feedstock Use'!D90 -> 43 | H32: ='Feedstock Use'!D106 -> 17 | I32: =SUM(B32:H32) -> 954.30649 | K32: =B32/$I32 -> 0.50298306 | L32: =C32/$I32 -> 0.057633476 | M32: =D32/$I32 -> 0.11317119 | N32: =E32/$I32 -> 0.052394069 | O32: =F32/$I32 -> 0.21094532 | P32: =G32/$I32 -> 0.045058899 | Q32: =H32/$I32 -> 0.017813983 | S32: =SUM(B32:C32)/$I32 -> 0.56061654 | T32: =1-S32 -> 0.43938346
A33: 41487 | B33: ='Feedstock Use'!D11 -> 513 | C33: ='Feedstock Use'!D27 -> 79 | D33: ='Feedstock Use'!D43 -> 106 | E33: ='Feedstock Use'!D59 -> 51 | F33: ='Feedstock Use'!D75 -> 184.49413 | G33: ='Feedstock Use'!D91 -> 41 | H33: ='Feedstock Use'!D107 -> 17 | I33: =SUM(B33:H33) -> 991.49413 | K33: =B33/$I33 -> 0.51740094 | L33: =C33/$I33 -> 0.079677728 | M33: =D33/$I33 -> 0.10690936 | N33: =E33/$I33 -> 0.051437521 | O33: =F33/$I33 -> 0.18607688 | P33: =G33/$I33 -> 0.041351732 | Q33: =H33/$I33 -> 0.01714584 | S33: =SUM(B33:C33)/$I33 -> 0.59707867 | T33: =1-S33 -> 0.40292133
A34: 41518 | B34: ='Feedstock Use'!D12 -> 502 | C34: ='Feedstock Use'!D28 -> 44 | D34: ='Feedstock Use'!D44 -> 95 | E34: ='Feedstock Use'!D60 -> 50 | F34: ='Feedstock Use'!D76 -> 204.8461 | G34: ='Feedstock Use'!D92 -> 38 | H34: ='Feedstock Use'!D108 -> 14 | I34: =SUM(B34:H34) -> 947.8461 | K34: =B34/$I34 -> 0.52962184 | L34: =C34/$I34 -> 0.046421038 | M34: =D34/$I34 -> 0.10022724 | N34: =E34/$I34 -> 0.05275118 | O34: =F34/$I34 -> 0.21611747 | P34: =G34/$I34 -> 0.040090897 | Q34: =H34/$I34 -> 0.01477033 | S34: =SUM(B34:C34)/$I34 -> 0.57604288 | T34: =1-S34 -> 0.42395712
A35: 41548 | B35: ='Feedstock Use'!D13 -> 551 | C35: ='Feedstock Use'!D29 -> 82 | D35: ='Feedstock Use'!D45 -> 103 | E35: ='Feedstock Use'!D61 -> 23 | F35: ='Feedstock Use'!D77 -> 208.98295 | G35: ='Feedstock Use'!D93 -> 36 | H35: ='Feedstock Use'!D109 -> 13 | I35: =SUM(B35:H35) -> 1016.9829 | K35: =B35/$I35 -> 0.54179866 | L35: =C35/$I35 -> 0.080630654 | M35: =D35/$I35 -> 0.10127997 | N35: =E35/$I35 -> 0.022615915 | O35: =F35/$I35 -> 0.20549307 | P35: =G35/$I35 -> 0.035398824 | Q35: =H35/$I35 -> 0.012782909 | S35: =SUM(B35:C35)/$I35 -> 0.62242932 | T35: =1-S35 -> 0.37757068
A36: 41579 | B36: ='Feedstock Use'!D14 -> 535 | C36: ='Feedstock Use'!D30 -> 80 | D36: ='Feedstock Use'!D46 -> 98 | E36: ='Feedstock Use'!D62 -> 12 | F36: ='Feedstock Use'!D78 -> 185.88381 | G36: ='Feedstock Use'!D94 -> 34 | H36: ='Feedstock Use'!D110 -> 11 | I36: =SUM(B36:H36) -> 955.88381 | K36: =B36/$I36 -> 0.55969145 | L36: =C36/$I36 -> 0.08369218 | M36: =D36/$I36 -> 0.10252292 | N36: =E36/$I36 -> 0.012553827 | O36: =F36/$I36 -> 0.19446277 | P36: =G36/$I36 -> 0.035569176 | Q36: =H36/$I36 -> 0.011507675 | S36: =SUM(B36:C36)/$I36 -> 0.64338363 | T36: =1-S36 -> 0.35661637
A37: 41609 | B37: ='Feedstock Use'!D15 -> 559 | C37: ='Feedstock Use'!D31 -> 105 | D37: ='Feedstock Use'!D47 -> 104 | E37: ='Feedstock Use'!D63 -> 8 | F37: ='Feedstock Use'!D79 -> 184.4639 | G37: ='Feedstock Use'!D95 -> 45 | H37: ='Feedstock Use'!D111 -> 11 | I37: =SUM(B37:H37) -> 1016.4639 | K37: =B37/$I37 -> 0.54994575 | L37: =C37/$I37 -> 0.10329929 | M37: =D37/$I37 -> 0.10231549 | N37: =E37/$I37 -> 0.0078704221 | O37: =F37/$I37 -> 0.1814761 | P37: =G37/$I37 -> 0.044271125 | Q37: =H37/$I37 -> 0.01082183 | S37: =SUM(B37:C37)/$I37 -> 0.65324504 | T37: =1-S37 -> 0.34675496
A38: 41640 | B38: ='Feedstock Use'!E4 -> 241 | C38: ='Feedstock Use'!E20 -> 36 | D38: ='Feedstock Use'!E36 -> 73 | E38: ='Feedstock Use'!E52 -> 5 | F38: ='Feedstock Use'!E68 -> 134.27819 | G38: ='Feedstock Use'!E84 -> 25 | H38: ='Feedstock Use'!E100 -> 2 | I38: =SUM(B38:H38) -> 516.27819 | K38: =B38/$I38 -> 0.46680259 | L38: =C38/$I38 -> 0.069729848 | M38: =D38/$I38 -> 0.14139664 | N38: =E38/$I38 -> 0.0096847011 | O38: =F38/$I38 -> 0.26008883 | P38: =G38/$I38 -> 0.048423506 | Q38: =H38/$I38 -> 0.0038738804 | S38: =SUM(B38:C38)/$I38 -> 0.53653244 | T38: =1-S38 -> 0.46346756
A39: 41671 | B39: ='Feedstock Use'!E5 -> 277 | C39: ='Feedstock Use'!E21 -> 27 | D39: ='Feedstock Use'!E37 -> 54 | E39: ='Feedstock Use'!E53 -> 21 | F39: ='Feedstock Use'!E69 -> 165.62733 | G39: ='Feedstock Use'!E85 -> 41 | H39: ='Feedstock Use'!E101 -> 6 | I39: =SUM(B39:H39) -> 591.62733 | K39: =B39/$I39 -> 0.46820014 | L39: =C39/$I39 -> 0.045636837 | M39: =D39/$I39 -> 0.091273673 | N39: =E39/$I39 -> 0.035495317 | O39: =F39/$I39 -> 0.27995213 | P39: =G39/$I39 -> 0.069300382 | Q39: =H39/$I39 -> 0.010141519 | S39: =SUM(B39:C39)/$I39 -> 0.51383698 | T39: =1-S39 -> 0.48616302
A40: 41699 | B40: ='Feedstock Use'!E6 -> 379 | C40: ='Feedstock Use'!E22 -> 32 | D40: ='Feedstock Use'!E38 -> 77 | E40: ='Feedstock Use'!E54 -> 43 | F40: ='Feedstock Use'!E70 -> 201.85157 | G40: ='Feedstock Use'!E86 -> 41 | H40: ='Feedstock Use'!E102 -> 13 | I40: =SUM(B40:H40) -> 786.85157 | K40: =B40/$I40 -> 0.48166645 | L40: =C40/$I40 -> 0.040668407 | M40: =D40/$I40 -> 0.097858355 | N40: =E40/$I40 -> 0.054648172 | O40: =F40/$I40 -> 0.25653068 | P40: =G40/$I40 -> 0.052106397 | Q40: =H40/$I40 -> 0.01652154 | S40: =SUM(B40:C40)/$I40 -> 0.52233485 | T40: =1-S40 -> 0.47766515
A41: 41730 | B41: ='Feedstock Use'!E7 -> 360 | C41: ='Feedstock Use'!E23 -> 58 | D41: ='Feedstock Use'!E39 -> 66 | E41: ='Feedstock Use'!E55 -> 33 | F41: ='Feedstock Use'!E71 -> 184.95889 | G41: ='Feedstock Use'!E87 -> 39 | H41: ='Feedstock Use'!E103 -> 17 | I41: =SUM(B41:H41) -> 757.95889 | K41: =B41/$I41 -> 0.4749598 | L41: =C41/$I41 -> 0.076521301 | M41: =D41/$I41 -> 0.087075963 | N41: =E41/$I41 -> 0.043537981 | O41: =F41/$I41 -> 0.24402232 | P41: =G41/$I41 -> 0.051453978 | Q41: =H41/$I41 -> 0.022428657 | S41: =SUM(B41:C41)/$I41 -> 0.5514811 | T41: =1-S41 -> 0.4485189
A42: 41760 | B42: ='Feedstock Use'!E8 -> 364 | C42: ='Feedstock Use'!E24 -> 68 | D42: ='Feedstock Use'!E40 -> 87 | E42: ='Feedstock Use'!E56 -> 48 | F42: ='Feedstock Use'!E72 -> 225.30109 | G42: ='Feedstock Use'!E88 -> 46 | H42: ='Feedstock Use'!E104 -> 23 | I42: =SUM(B42:H42) -> 861.30109 | K42: =B42/$I42 -> 0.42261644 | L42: =C42/$I42 -> 0.078950323 | M42: =D42/$I42 -> 0.10100997 | N42: =E42/$I42 -> 0.05572964 | O42: =F42/$I42 -> 0.26158227 | P42: =G42/$I42 -> 0.053407572 | Q42: =H42/$I42 -> 0.026703786 | S42: =SUM(B42:C42)/$I42 -> 0.50156676 | T42: =1-S42 -> 0.49843324
A43: 41791 | B43: ='Feedstock Use'!E9 -> 466.61 | C43: ='Feedstock Use'!E25 -> 90.85 | D43: ='Feedstock Use'!E41 -> 75.36 | E43: ='Feedstock Use'!E57 -> 20.81 | F43: ='Feedstock Use'!E73 -> 194.61952 | G43: ='Feedstock Use'!E89 -> 28.62 | H43: ='Feedstock Use'!E105 -> 17.78 | I43: =SUM(B43:H43) -> 894.64952 | K43: =B43/$I43 -> 0.52155619 | L43: =C43/$I43 -> 0.10154815 | M43: =D43/$I43 -> 0.084234103 | N43: =E43/$I43 -> 0.023260505 | O43: =F43/$I43 -> 0.21753717 | P43: =G43/$I43 -> 0.031990181 | Q43: =H43/$I43 -> 0.019873704 | S43: =SUM(B43:C43)/$I43 -> 0.62310434 | T43: =1-S43 -> 0.37689566
A44: 41821 | B44: ='Feedstock Use'!E10 -> 434.63 | C44: ='Feedstock Use'!E26 -> 134.62 | D44: ='Feedstock Use'!E42 -> 90.71 | E44: ='Feedstock Use'!E58 -> 41.78 | F44: ='Feedstock Use'!E74 -> 202.88169 | G44: ='Feedstock Use'!E90 -> 36.67 | H44: ='Feedstock Use'!E106 -> 21.67 | I44: =SUM(B44:H44) -> 962.96169 | K44: =B44/$I44 -> 0.45134714 | L44: =C44/$I44 -> 0.13979788 | M44: =D44/$I44 -> 0.094198971 | N44: =E44/$I44 -> 0.04338698 | O44: =F44/$I44 -> 0.21068511 | P44: =G44/$I44 -> 0.038080435 | Q44: =H44/$I44 -> 0.022503491 | S44: =SUM(B44:C44)/$I44 -> 0.59114501 | T44: =1-S44 -> 0.40885499
A45: 41852 | B45: ='Feedstock Use'!E11 -> 447.81 | C45: ='Feedstock Use'!E27 -> 136.2 | D45: ='Feedstock Use'!E43 -> 90.76 | E45: ='Feedstock Use'!E59 -> 35.36 | F45: ='Feedstock Use'!E75 -> 162.95369 | G45: ='Feedstock Use'!E91 -> 36.38 | H45: ='Feedstock Use'!E107 -> 15.43 | I45: =SUM(B45:H45) -> 924.89369 | K45: =B45/$I45 -> 0.48417457 | L45: =C45/$I45 -> 0.14726017 | M45: =D45/$I45 -> 0.098130197 | N45: =E45/$I45 -> 0.038231421 | O45: =F45/$I45 -> 0.1761864 | P45: =G45/$I45 -> 0.039334251 | Q45: =H45/$I45 -> 0.016682999 | S45: =SUM(B45:C45)/$I45 -> 0.63143474 | T45: =1-S45 -> 0.36856526
A46: 41883 | B46: ='Feedstock Use'!E12 -> 395.21 | C46: ='Feedstock Use'!E28 -> 126.05 | D46: ='Feedstock Use'!E44 -> 91.86 | E46: ='Feedstock Use'!E60 -> 45.95 | F46: ='Feedstock Use'!E76 -> 180.55055 | G46: ='Feedstock Use'!E92 -> 40.76 | H46: ='Feedstock Use'!E108 -> 17.54 | I46: =SUM(B46:H46) -> 897.92055 | K46: =B46/$I46 -> 0.44013917 | L46: =C46/$I46 -> 0.1403799 | M46: =D46/$I46 -> 0.10230304 | N46: =E46/$I46 -> 0.051173793 | O46: =F46/$I46 -> 0.20107631 | P46: =G46/$I46 -> 0.045393771 | Q46: =H46/$I46 -> 0.019534022 | S46: =SUM(B46:C46)/$I46 -> 0.58051907 | T46: =1-S46 -> 0.41948093
A47: 41913 | B47: ='Feedstock Use'!E13 -> 458.81 | C47: ='Feedstock Use'!E29 -> 132.9 | D47: ='Feedstock Use'!E45 -> 86.27 | E47: ='Feedstock Use'!E61 -> 28.74 | F47: ='Feedstock Use'!E77 -> 204.8948 | G47: ='Feedstock Use'!E93 -> 33.45 | H47: ='Feedstock Use'!E109 -> 12.46 | I47: =SUM(B47:H47) -> 957.5248 | K47: =B47/$I47 -> 0.47916252 | L47: =C47/$I47 -> 0.13879536 | M47: =D47/$I47 -> 0.090096883 | N47: =E47/$I47 -> 0.030014888 | O47: =F47/$I47 -> 0.21398381 | P47: =G47/$I47 -> 0.034933821 | Q47: =H47/$I47 -> 0.013012718 | S47: =SUM(B47:C47)/$I47 -> 0.61795788 | T47: =1-S47 -> 0.38204212
A48: 41944 | B48: ='Feedstock Use'!E14 -> 447.12 | C48: ='Feedstock Use'!E30 -> 121.03 | D48: ='Feedstock Use'!E46 -> 84.13 | E48: ='Feedstock Use'!E62 -> 12.3 | F48: ='Feedstock Use'!E78 -> 169.65084 | G48: ='Feedstock Use'!E94 -> 23.92 | H48: ='Feedstock Use'!E110 -> 14.9 | I48: =SUM(B48:H48) -> 873.05084 | K48: =B48/$I48 -> 0.51213513 | L48: =C48/$I48 -> 0.13862881 | M48: =D48/$I48 -> 0.096363232 | N48: =E48/$I48 -> 0.014088527 | O48: =F48/$I48 -> 0.19431954 | P48: =G48/$I48 -> 0.027398175 | Q48: =H48/$I48 -> 0.017066589 | S48: =SUM(B48:C48)/$I48 -> 0.65076394 | T48: =1-S48 -> 0.34923606
A49: 41974 | B49: ='Feedstock Use'!E15 -> 531.31 | C49: ='Feedstock Use'!E31 -> 84.59 | D49: ='Feedstock Use'!E47 -> 94.22 | E49: ='Feedstock Use'!E63 -> 21 | F49: ='Feedstock Use'!E79 -> 209.18801 | G49: ='Feedstock Use'!E95 -> 35.6 | H49: ='Feedstock Use'!E111 -> 11.83 | I49: =SUM(B49:H49) -> 987.73801 | K49: =B49/$I49 -> 0.5379058 | L49: =C49/$I49 -> 0.085640118 | M49: =D49/$I49 -> 0.095389667 | N49: =E49/$I49 -> 0.021260698 | O49: =F49/$I49 -> 0.21178491 | P49: =G49/$I49 -> 0.036041946 | Q49: =H49/$I49 -> 0.01197686 | S49: =SUM(B49:C49)/$I49 -> 0.62354591 | T49: =1-S49 -> 0.37645409
A50: 42005 | B50: ='Feedstock Use'!F4 -> 306 | C50: ='Feedstock Use'!F20 -> 65 | D50: ='Feedstock Use'!F36 -> 54 | E50: ='Feedstock Use'!F52 -> 19 | F50: ='Feedstock Use'!F68 -> 124.36921 | G50: ='Feedstock Use'!F84 -> 28 | H50: ='Feedstock Use'!F100 -> 11 | I50: =SUM(B50:H50) -> 607.36921 | K50: =B50/$I50 -> 0.50381217 | L50: =C50/$I50 -> 0.10701893 | M50: =D50/$I50 -> 0.08890803 | N50: =E50/$I50 -> 0.031282455 | O50: =F50/$I50 -> 0.20476706 | P50: =G50/$I50 -> 0.04610046 | Q50: =H50/$I50 -> 0.018110895 | S50: =SUM(B50:C50)/$I50 -> 0.6108311 | T50: =1-S50 -> 0.3891689
A51: 42036 | B51: ='Feedstock Use'!F5 -> 311 | C51: ='Feedstock Use'!F21 -> 30 | D51: ='Feedstock Use'!F37 -> 63 | E51: ='Feedstock Use'!F53 -> 9 | F51: ='Feedstock Use'!F69 -> 149.008 | G51: ='Feedstock Use'!F85 -> 33 | H51: ='Feedstock Use'!F101 -> 9 | I51: =SUM(B51:H51) -> 604.008 | K51: =B51/$I51 -> 0.51489384 | L51: =C51/$I51 -> 0.049668216 | M51: =D51/$I51 -> 0.10430325 | N51: =E51/$I51 -> 0.014900465 | O51: =F51/$I51 -> 0.24669872 | P51: =G51/$I51 -> 0.054635038 | Q51: =H51/$I51 -> 0.014900465 | S51: =SUM(B51:C51)/$I51 -> 0.56456206 | T51: =1-S51 -> 0.43543794
A52: 42064 | B52: ='Feedstock Use'!F6 -> 381 | C52: ='Feedstock Use'!F22 -> 80 | D52: ='Feedstock Use'!F38 -> 72 | E52: ='Feedstock Use'!F54 -> 34 | F52: ='Feedstock Use'!F70 -> 179.20736 | G52: ='Feedstock Use'!F86 -> 43 | H52: ='Feedstock Use'!F102 -> 8 | I52: =SUM(B52:H52) -> 797.20736 | K52: =B52/$I52 -> 0.47791832 | L52: =C52/$I52 -> 0.1003503 | M52: =D52/$I52 -> 0.090315273 | N52: =E52/$I52 -> 0.042648879 | O52: =F52/$I52 -> 0.22479391 | P52: =G52/$I52 -> 0.053938288 | Q52: =H52/$I52 -> 0.01003503 | S52: =SUM(B52:C52)/$I52 -> 0.57826862 | T52: =1-S52 -> 0.42173138
A53: 42095 | B53: ='Feedstock Use'!F7 -> 384.6 | C53: ='Feedstock Use'!F23 -> 94 | D53: ='Feedstock Use'!F39 -> 94 | E53: ='Feedstock Use'!F55 -> 31 | F53: ='Feedstock Use'!F71 -> 196.58184 | G53: ='Feedstock Use'!F87 -> 57 | H53: ='Feedstock Use'!F103 -> 16 | I53: =SUM(B53:H53) -> 873.18184 | K53: =B53/$I53 -> 0.44045808 | L53: =C53/$I53 -> 0.10765226 | M53: =D53/$I53 -> 0.10765226 | N53: =E53/$I53 -> 0.035502342 | O53: =F53/$I53 -> 0.22513276 | P53: =G53/$I53 -> 0.065278499 | Q53: =H53/$I53 -> 0.018323789 | S53: =SUM(B53:C53)/$I53 -> 0.54811035 | T53: =1-S53 -> 0.45188965
A54: 42125 | B54: ='Feedstock Use'!F8 -> 443 | C54: ='Feedstock Use'!F24 -> 55 | D54: ='Feedstock Use'!F40 -> 87 | E54: ='Feedstock Use'!F56 -> 49 | F54: ='Feedstock Use'!F72 -> 206.18493 | G54: ='Feedstock Use'!F88 -> 60 | H54: ='Feedstock Use'!F104 -> 14 | I54: =SUM(B54:H54) -> 914.18493 | K54: =B54/$I54 -> 0.48458467 | L54: =C54/$I54 -> 0.060162882 | M54: =D54/$I54 -> 0.095166741 | N54: =E54/$I54 -> 0.053599659 | O54: =F54/$I54 -> 0.22553963 | P54: =G54/$I54 -> 0.065632235 | Q54: =H54/$I54 -> 0.015314188 | S54: =SUM(B54:C54)/$I54 -> 0.54474755 | T54: =1-S54 -> 0.45525245
A55: 42156 | B55: ='Feedstock Use'!F9 -> 474 | C55: ='Feedstock Use'!F25 -> 56 | D55: ='Feedstock Use'!F41 -> 78 | E55: ='Feedstock Use'!F57 -> 57 | F55: ='Feedstock Use'!F73 -> 232.10883 | G55: ='Feedstock Use'!F89 -> 56 | H55: ='Feedstock Use'!F105 -> 20 | I55: =SUM(B55:H55) -> 973.10883 | K55: =B55/$I55 -> 0.48709865 | L55: =C55/$I55 -> 0.05754752 | M55: =D55/$I55 -> 0.080155475 | N55: =E55/$I55 -> 0.058575155 | O55: =F55/$I55 -> 0.23852299 | P55: =G55/$I55 -> 0.05754752 | Q55: =H55/$I55 -> 0.020552686 | S55: =SUM(B55:C55)/$I55 -> 0.54464617 | T55: =1-S55 -> 0.45535383
A56: 42186 | B56: ='Feedstock Use'!F10 -> 446 | C56: ='Feedstock Use'!F26 -> 76 | D56: ='Feedstock Use'!F42 -> 105.4 | E56: ='Feedstock Use'!F58 -> 47 | F56: ='Feedstock Use'!F74 -> 232.23547 | G56: ='Feedstock Use'!F90 -> 49 | H56: ='Feedstock Use'!F106 -> 18 | I56: =SUM(B56:H56) -> 973.63547 | K56: =B56/$I56 -> 0.45807698 | L56: =C56/$I56 -> 0.078057962 | M56: =D56/$I56 -> 0.10825407 | N56: =E56/$I56 -> 0.048272687 | O56: =F56/$I56 -> 0.23852404 | P56: =G56/$I56 -> 0.050326844 | Q56: =H56/$I56 -> 0.018487412 | S56: =SUM(B56:C56)/$I56 -> 0.53613495 | T56: =1-S56 -> 0.46386505
A57: 42217 | B57: ='Feedstock Use'!F11 -> 463.6 | C57: ='Feedstock Use'!F27 -> 73 | D57: ='Feedstock Use'!F43 -> 107.6 | E57: ='Feedstock Use'!F59 -> 44 | F57: ='Feedstock Use'!F75 -> 213.1933 | G57: ='Feedstock Use'!F91 -> 54 | H57: ='Feedstock Use'!F107 -> 21 | I57: =SUM(B57:H57) -> 976.3933 | K57: =B57/$I57 -> 0.47480867 | L57: =C57/$I57 -> 0.074764954 | M57: =D57/$I57 -> 0.11020149 | N57: =E57/$I57 -> 0.045063808 | O57: =F57/$I57 -> 0.21834777 | P57: =G57/$I57 -> 0.055305582 | Q57: =H57/$I57 -> 0.021507727 | S57: =SUM(B57:C57)/$I57 -> 0.54957362 | T57: =1-S57 -> 0.45042638
A58: 42248 | B58: ='Feedstock Use'!F12 -> 390 | C58: ='Feedstock Use'!F28 -> 68 | D58: ='Feedstock Use'!F44 -> 92 | E58: ='Feedstock Use'!F60 -> 40 | F58: ='Feedstock Use'!F76 -> 198.03901 | G58: ='Feedstock Use'!F92 -> 54 | H58: ='Feedstock Use'!F108 -> 23 | I58: =SUM(B58:H58) -> 865.03901 | K58: =B58/$I58 -> 0.45084672 | L58: =C58/$I58 -> 0.078609172 | M58: =D58/$I58 -> 0.10635359 | N58: =E58/$I58 -> 0.046240689 | O58: =F58/$I58 -> 0.22893651 | P58: =G58/$I58 -> 0.06242493 | Q58: =H58/$I58 -> 0.026588396 | S58: =SUM(B58:C58)/$I58 -> 0.52945589 | T58: =1-S58 -> 0.47054411
A59: 42278 | B59: ='Feedstock Use'!F13 -> 408 | C59: ='Feedstock Use'!F29 -> 60 | D59: ='Feedstock Use'!F45 -> 102 | E59: ='Feedstock Use'!F61 -> 42 | F59: ='Feedstock Use'!F77 -> 240.06645 | G59: ='Feedstock Use'!F93 -> 52 | H59: ='Feedstock Use'!F109 -> 18 | I59: =SUM(B59:H59) -> 922.06645 | K59: =B59/$I59 -> 0.44248438 | L59: =C59/$I59 -> 0.065071232 | M59: =D59/$I59 -> 0.11062109 | N59: =E59/$I59 -> 0.045549863 | O59: =F59/$I59 -> 0.26035699 | P59: =G59/$I59 -> 0.056395068 | Q59: =H59/$I59 -> 0.01952137 | S59: =SUM(B59:C59)/$I59 -> 0.50755561 | T59: =1-S59 -> 0.49244439
A60: 42309 | B60: ='Feedstock Use'!F14 -> 464 | C60: ='Feedstock Use'!F30 -> 40 | D60: ='Feedstock Use'!F46 -> 89 | E60: ='Feedstock Use'!F62 -> 24 | F60: ='Feedstock Use'!F78 -> 146.3126 | G60: ='Feedstock Use'!F94 -> 45 | H60: ='Feedstock Use'!F110 -> 17 | I60: =SUM(B60:H60) -> 825.3126 | K60: =B60/$I60 -> 0.56221122 | L60: =C60/$I60 -> 0.048466484 | M60: =D60/$I60 -> 0.10783793 | N60: =E60/$I60 -> 0.02907989 | O60: =F60/$I60 -> 0.17728143 | P60: =G60/$I60 -> 0.054524795 | Q60: =H60/$I60 -> 0.020598256 | S60: =SUM(B60:C60)/$I60 -> 0.6106777 | T60: =1-S60 -> 0.3893223
A61: 42339 | B61: ='Feedstock Use'!F15 -> 436 | C61: ='Feedstock Use'!F31 -> 48 | D61: ='Feedstock Use'!F47 -> 100 | E61: ='Feedstock Use'!F63 -> 33 | F61: ='Feedstock Use'!F79 -> 151.42428 | G61: ='Feedstock Use'!F95 -> 58 | H61: ='Feedstock Use'!F111 -> 15 | I61: =SUM(B61:H61) -> 841.42428 | K61: =B61/$I61 -> 0.51816902 | L61: =C61/$I61 -> 0.057046131 | M61: =D61/$I61 -> 0.11884611 | N61: =E61/$I61 -> 0.039219215 | O61: =F61/$I61 -> 0.17996187 | P61: =G61/$I61 -> 0.068930742 | Q61: =H61/$I61 -> 0.017826916 | S61: =SUM(B61:C61)/$I61 -> 0.57521515 | T61: =1-S61 -> 0.42478485
A62: 42370 | B62: ='Feedstock Use'!G4 -> 392.27 | C62: ='Feedstock Use'!G20 -> 60.83 | D62: ='Feedstock Use'!G36 -> 93.66 | E62: ='Feedstock Use'!G52 -> 22.98 | F62: ='Feedstock Use'!G68 -> 131.40177 | G62: ='Feedstock Use'!G84 -> 57.13 | H62: ='Feedstock Use'!G100 -> 10.55 | I62: =SUM(B62:H62) -> 768.82177 | K62: =B62/$I62 -> 0.51022229 | L62: =C62/$I62 -> 0.079121069 | M62: =D62/$I62 -> 0.12182277 | N62: =E62/$I62 -> 0.029889893 | O62: =F62/$I62 -> 0.17091317 | P62: =G62/$I62 -> 0.07430851 | Q62: =H62/$I62 -> 0.013722296 | S62: =SUM(B62:C62)/$I62 -> 0.58934335 | T62: =1-S62 -> 0.41065665
A63: 42401 | B63: ='Feedstock Use'!G5 -> 416 | C63: ='Feedstock Use'!G21 -> 47.28 | D63: ='Feedstock Use'!G37 -> 88.13 | E63: ='Feedstock Use'!G53 -> 19.1 | F63: ='Feedstock Use'!G69 -> 137.30988 | G63: ='Feedstock Use'!G85 -> 53.46 | H63: ='Feedstock Use'!G101 -> 11.39 | I63: =SUM(B63:H63) -> 772.66988 | K63: =B63/$I63 -> 0.53839293 | L63: =C63/$I63 -> 0.061190427 | M63: =D63/$I63 -> 0.11405906 | N63: =E63/$I63 -> 0.024719483 | O63: =F63/$I63 -> 0.17770834 | P63: =G63/$I63 -> 0.069188668 | Q63: =H63/$I63 -> 0.014741095 | S63: =SUM(B63:C63)/$I63 -> 0.59958336 | T63: =1-S63 -> 0.40041664
A64: 42430 | B64: ='Feedstock Use'!G6 -> 464.48 | C64: ='Feedstock Use'!G22 -> 68.19 | D64: ='Feedstock Use'!G38 -> 93.09 | E64: ='Feedstock Use'!G54 -> 15.14 | F64: ='Feedstock Use'!G70 -> 159.07069 | G64: ='Feedstock Use'!G86 -> 43.63 | H64: ='Feedstock Use'!G102 -> 14.77 | I64: =SUM(B64:H64) -> 858.37069 | K64: =B64/$I64 -> 0.5411182 | L64: =C64/$I64 -> 0.079441203 | M64: =D64/$I64 -> 0.10844965 | N64: =E64/$I64 -> 0.017638067 | O64: =F64/$I64 -> 0.18531701 | P64: =G64/$I64 -> 0.050828856 | Q64: =H64/$I64 -> 0.017207018 | S64: =SUM(B64:C64)/$I64 -> 0.6205594 | T64: =1-S64 -> 0.3794406
A65: 42461 | B65: ='Feedstock Use'!G7 -> 414.75 | C65: ='Feedstock Use'!G23 -> 91.57 | D65: ='Feedstock Use'!G39 -> 87.28 | E65: ='Feedstock Use'!G55 -> 38.04 | F65: ='Feedstock Use'!G71 -> 172.43242 | G65: ='Feedstock Use'!G87 -> 52.8 | H65: ='Feedstock Use'!G103 -> 19.15 | I65: =SUM(B65:H65) -> 876.02242 | K65: =B65/$I65 -> 0.47344679 | L65: =C65/$I65 -> 0.10452929 | M65: =D65/$I65 -> 0.099632153 | N65: =E65/$I65 -> 0.043423546 | O65: =F65/$I65 -> 0.19683562 | P65: =G65/$I65 -> 0.06027243 | Q65: =H65/$I65 -> 0.021860171 | S65: =SUM(B65:C65)/$I65 -> 0.57797608 | T65: =1-S65 -> 0.42202392
A66: 42491 | B66: ='Feedstock Use'!G8 -> 543.78 | C66: ='Feedstock Use'!G24 -> 122.35 | D66: ='Feedstock Use'!G40 -> 94.22 | E66: ='Feedstock Use'!G56 -> 24 | F66: ='Feedstock Use'!G72 -> 158.20942 | G66: ='Feedstock Use'!G88 -> 46.67 | H66: ='Feedstock Use'!G104 -> 20.41 | I66: =SUM(B66:H66) -> 1009.6394 | K66: =B66/$I66 -> 0.53858832 | L66: =C66/$I66 -> 0.12118188 | M66: =D66/$I66 -> 0.093320445 | N66: =E66/$I66 -> 0.023770863 | O66: =F66/$I66 -> 0.15669894 | P66: =G66/$I66 -> 0.046224423 | Q66: =H66/$I66 -> 0.020215138 | S66: =SUM(B66:C66)/$I66 -> 0.6597702 | T66: =1-S66 -> 0.3402298
A67: 42522 | B67: ='Feedstock Use'!G9 -> 519.69 | C67: ='Feedstock Use'!G25 -> 129.16 | D67: ='Feedstock Use'!G41 -> 103.12 | E67: ='Feedstock Use'!G57 -> 35.75 | F67: ='Feedstock Use'!G73 -> 162.23873 | G67: ='Feedstock Use'!G89 -> 42.2 | H67: ='Feedstock Use'!G105 -> 17.46 | I67: =SUM(B67:H67) -> 1009.6187 | K67: =B67/$I67 -> 0.51473887 | L67: =C67/$I67 -> 0.12792948 | M67: =D67/$I67 -> 0.10213757 | N67: =E67/$I67 -> 0.035409407 | O67: =F67/$I67 -> 0.16069306 | P67: =G67/$I67 -> 0.041797957 | Q67: =H67/$I67 -> 0.017293657 | S67: =SUM(B67:C67)/$I67 -> 0.64266835 | T67: =1-S67 -> 0.35733165
A68: 42552 | B68: ='Feedstock Use'!G10 -> 535.6 | C68: ='Feedstock Use'!G26 -> 114.53 | D68: ='Feedstock Use'!G42 -> 126.6 | E68: ='Feedstock Use'!G58 -> 36.44 | F68: ='Feedstock Use'!G74 -> 175.58845 | G68: ='Feedstock Use'!G90 -> 37.93 | H68: ='Feedstock Use'!G106 -> 20.59 | I68: =SUM(B68:H68) -> 1047.2785 | K68: =B68/$I68 -> 0.51142082 | L68: =C68/$I68 -> 0.10935965 | M68: =D68/$I68 -> 0.12088476 | N68: =E68/$I68 -> 0.034794949 | O68: =F68/$I68 -> 0.16766167 | P68: =G68/$I68 -> 0.036217684 | Q68: =H68/$I68 -> 0.019660483 | S68: =SUM(B68:C68)/$I68 -> 0.62078046 | T68: =1-S68 -> 0.37921954
A69: 42583 | B69: ='Feedstock Use'!G11 -> 561.04 | C69: ='Feedstock Use'!G27 -> 109.06 | D69: ='Feedstock Use'!G43 -> 123.25 | E69: ='Feedstock Use'!G59 -> 31.66 | F69: ='Feedstock Use'!G75 -> 181.9713 | G69: ='Feedstock Use'!G91 -> 38.28 | H69: ='Feedstock Use'!G107 -> 26.83 | I69: =SUM(B69:H69) -> 1072.0913 | K69: =B69/$I69 -> 0.52331364 | L69: =C69/$I69 -> 0.10172641 | M69: =D69/$I69 -> 0.11496222 | N69: =E69/$I69 -> 0.029531067 | O69: =F69/$I69 -> 0.16973489 | P69: =G69/$I69 -> 0.035705914 | Q69: =H69/$I69 -> 0.025025854 | S69: =SUM(B69:C69)/$I69 -> 0.62504005 | T69: =1-S69 -> 0.37495995
A70: 42614 | B70: ='Feedstock Use'!G12 -> 536.84 | C70: ='Feedstock Use'!G28 -> 116.88 | D70: ='Feedstock Use'!G44 -> 106.17 | E70: ='Feedstock Use'!G60 -> 29.07 | F70: ='Feedstock Use'!G76 -> 161.76643 | G70: ='Feedstock Use'!G92 -> 36 | H70: ='Feedstock Use'!G108 -> 21.03 | I70: =SUM(B70:H70) -> 1007.7564 | K70: =B70/$I70 -> 0.53270809 | L70: =C70/$I70 -> 0.11598041 | M70: =D70/$I70 -> 0.10535284 | N70: =E70/$I70 -> 0.028846256 | O70: =F70/$I70 -> 0.16052136 | P70: =G70/$I70 -> 0.035722918 | Q70: =H70/$I70 -> 0.020868138 | S70: =SUM(B70:C70)/$I70 -> 0.64868849 | T70: =1-S70 -> 0.35131151
A71: 42644 | B71: ='Feedstock Use'!G13 -> 525.96 | C71: ='Feedstock Use'!G29 -> 116.95 | D71: ='Feedstock Use'!G45 -> 119.72 | E71: ='Feedstock Use'!G61 -> 31.44 | F71: ='Feedstock Use'!G77 -> 261.61264 | G71: ='Feedstock Use'!G93 -> 47.25 | H71: ='Feedstock Use'!G109 -> 20.2 | I71: =SUM(B71:H71) -> 1123.1326 | K71: =B71/$I71 -> 0.46829732 | L71: =C71/$I71 -> 0.1041284 | M71: =D71/$I71 -> 0.10659471 | N71: =E71/$I71 -> 0.027993132 | O71: =F71/$I71 -> 0.23293121 | P71: =G71/$I71 -> 0.042069831 | Q71: =H71/$I71 -> 0.017985409 | S71: =SUM(B71:C71)/$I71 -> 0.57242571 | T71: =1-S71 -> 0.42757429
A72: 42675 | B72: ='Feedstock Use'!G14 -> 595.83 | C72: ='Feedstock Use'!G30 -> 98.44 | D72: ='Feedstock Use'!G46 -> 136.1 | E72: ='Feedstock Use'!G62 -> 24.93 | F72: ='Feedstock Use'!G78 -> 240.74716 | G72: ='Feedstock Use'!G94 -> 48.66 | H72: ='Feedstock Use'!G110 -> 20.21 | I72: =SUM(B72:H72) -> 1164.9172 | J72: =I72/I61-1 -> 0.38445869 | K72: =B72/$I72 -> 0.51147843 | L72: =C72/$I72 -> 0.084503863 | M72: =D72/$I72 -> 0.11683234 | N72: =E72/$I72 -> 0.021400663 | O72: =F72/$I72 -> 0.20666462 | P72: =G72/$I72 -> 0.041771211 | Q72: =H72/$I72 -> 0.017348873 | S72: =SUM(B72:C72)/$I72 -> 0.59598229 | T72: =1-S72 -> 0.40401771
A73: 42705 | B73: ='Feedstock Use'!G15 -> 610.47 | C73: ='Feedstock Use'!G31 -> 55.23 | D73: ='Feedstock Use'!G47 -> 135.04 | E73: ='Feedstock Use'!G63 -> 23.31 | F73: ='Feedstock Use'!G79 -> 232.18544 | G73: ='Feedstock Use'!G95 -> 74.02 | H73: ='Feedstock Use'!G111 -> 17.08 | I73: =SUM(B73:H73) -> 1147.3354 | J73: =I73/I62-1 -> 0.49232954 | K73: =B73/$I73 -> 0.5320763 | L73: =C73/$I73 -> 0.048137622 | M73: =D73/$I73 -> 0.1176988 | N73: =E73/$I73 -> 0.020316639 | O73: =F73/$I73 -> 0.20236927 | P73: =G73/$I73 -> 0.064514699 | Q73: =H73/$I73 -> 0.014886666 | S73: =SUM(B73:C73)/$I73 -> 0.58021393 | T73: =1-S73 -> 0.41978607
A74: 42736 | B74: ='Feedstock Use'!H4 -> 390.11 | C74: ='Feedstock Use'!H20 -> 37.91 | D74: ='Feedstock Use'!H36 -> 111.88 | E74: ='Feedstock Use'!H52 -> 27 | F74: ='Feedstock Use'!H68 -> 170.7175 | G74: ='Feedstock Use'!H84 -> 47.41 | H74: ='Feedstock Use'!H100 -> 6.92 | I74: =SUM(B74:H74) -> 791.9475 | J74: =I74/I63-1 -> 0.024949365 | K74: =B74/$I74 -> 0.49259578 | L74: =C74/$I74 -> 0.047869335 | M74: =D74/$I74 -> 0.14127199 | N74: =E74/$I74 -> 0.034093169 | O74: =F74/$I74 -> 0.21556669 | P74: =G74/$I74 -> 0.059865079 | Q74: =H74/$I74 -> 0.0087379529 | S74: =SUM(B74:C74)/$I74 -> 0.54046512 | T74: =1-S74 -> 0.45953488
A75: 42767 | B75: ='Feedstock Use'!H5 -> 369.18 | C75: ='Feedstock Use'!H21 -> 69 | D75: ='Feedstock Use'!H37 -> 111.55 | E75: ='Feedstock Use'!H53 -> 15.13 | F75: ='Feedstock Use'!H69 -> 171.27974 | G75: ='Feedstock Use'!H85 -> 54.87 | H75: ='Feedstock Use'!H101 -> 9.74 | I75: =SUM(B75:H75) -> 800.74974 | J75: =I75/I64-1 -> -0.067128282 | K75: =B75/$I75 -> 0.46104292 | L75: =C75/$I75 -> 0.086169245 | M75: =D75/$I75 -> 0.13930695 | N75: =E75/$I75 -> 0.018894792 | O75: =F75/$I75 -> 0.21389921 | P75: =G75/$I75 -> 0.068523282 | Q75: =H75/$I75 -> 0.012163601 | S75: =SUM(B75:C75)/$I75 -> 0.54721217 | T75: =1-S75 -> 0.45278783
A76: 42795 | B76: ='Feedstock Use'!H6 -> 369.46 | C76: ='Feedstock Use'!H22 -> 129.93 | D76: ='Feedstock Use'!H38 -> 121.53 | E76: ='Feedstock Use'!H54 -> 20 | F76: ='Feedstock Use'!H70 -> 217.72203 | G76: ='Feedstock Use'!H86 -> 67.47 | H76: ='Feedstock Use'!H102 -> 13.22 | I76: =SUM(B76:H76) -> 939.33203 | J76: =I76/I65-1 -> 0.072269396 | K76: =B76/$I76 -> 0.39332205 | L76: =C76/$I76 -> 0.1383217 | M76: =D76/$I76 -> 0.12937917 | N76: =E76/$I76 -> 0.021291726 | O76: =F76/$I76 -> 0.23178389 | P76: =G76/$I76 -> 0.071827637 | Q76: =H76/$I76 -> 0.014073831 | S76: =SUM(B76:C76)/$I76 -> 0.53164375 | T76: =1-S76 -> 0.46835625
A77: 42826 | B77: ='Feedstock Use'!H7 -> 426.71 | C77: ='Feedstock Use'!H23 -> 119.74 | D77: ='Feedstock Use'!H39 -> 128.58 | E77: ='Feedstock Use'!H55 -> 44.6 | F77: ='Feedstock Use'!H71 -> 253.64053 | G77: ='Feedstock Use'!H87 -> 59.35 | H77: ='Feedstock Use'!H103 -> 13.39 | I77: =SUM(B77:H77) -> 1046.0105 | J77: =I77/I66-1 -> 0.036023858 | K77: =B77/$I77 -> 0.40794044 | L77: =C77/$I77 -> 0.11447303 | M77: =D77/$I77 -> 0.12292419 | N77: =E77/$I77 -> 0.042638194 | O77: =F77/$I77 -> 0.24248373 | P77: =G77/$I77 -> 0.056739391 | Q77: =H77/$I77 -> 0.012801018 | S77: =SUM(B77:C77)/$I77 -> 0.52241348 | T77: =1-S77 -> 0.47758652
A78: 42856 | B78: ='Feedstock Use'!H8 -> 545.51 | C78: ='Feedstock Use'!H24 -> 130.58 | D78: ='Feedstock Use'!H40 -> 124.39 | E78: ='Feedstock Use'!H56 -> 40.86 | F78: ='Feedstock Use'!H72 -> 258.45521 | G78: ='Feedstock Use'!H88 -> 48.64 | H78: ='Feedstock Use'!H104 -> 12.64 | I78: =SUM(B78:H78) -> 1161.0752 | J78: =I78/I67-1 -> 0.15001355 | K78: =B78/$I78 -> 0.46983175 | L78: =C78/$I78 -> 0.11246472 | M78: =D78/$I78 -> 0.10713346 | N78: =E78/$I78 -> 0.035191519 | O78: =F78/$I78 -> 0.22259989 | P78: =G78/$I78 -> 0.041892204 | Q78: =H78/$I78 -> 0.010886461 | S78: =SUM(B78:C78)/$I78 -> 0.58229647 | T78: =1-S78 -> 0.41770353
A79: 42887 | B79: ='Feedstock Use'!H9 -> 548.84 | C79: ='Feedstock Use'!H25 -> 152.97 | D79: ='Feedstock Use'!H41 -> 113.42 | E79: ='Feedstock Use'!H57 -> 34.43 | F79: ='Feedstock Use'!H73 -> 264.85662 | G79: ='Feedstock Use'!H89 -> 43.7 | H79: ='Feedstock Use'!H105 -> 15.21 | I79: =SUM(B79:H79) -> 1173.4266 | J79: =I79/I68-1 -> 0.12045332 | K79: =B79/$I79 -> 0.46772418 | L79: =C79/$I79 -> 0.13036179 | M79: =D79/$I79 -> 0.096657088 | N79: =E79/$I79 -> 0.029341417 | O79: =F79/$I79 -> 0.22571213 | P79: =G79/$I79 -> 0.037241357 | Q79: =H79/$I79 -> 0.012962038 | S79: =SUM(B79:C79)/$I79 -> 0.59808597 | T79: =1-S79 -> 0.40191403
A80: 42917 | B80: ='Feedstock Use'!H10 -> 606.15 | C80: ='Feedstock Use'!H26 -> 157.13 | D80: ='Feedstock Use'!H42 -> 130.3 | E80: ='Feedstock Use'!H58 -> 36.09 | F80: ='Feedstock Use'!H74 -> 256.00164 | G80: ='Feedstock Use'!H90 -> 33.29 | H80: ='Feedstock Use'!H106 -> 17 | I80: =SUM(B80:H80) -> 1235.9616 | J80: =I80/I69-1 -> 0.15285111 | K80: =B80/$I80 -> 0.49042784 | L80: =C80/$I80 -> 0.12713178 | M80: =D80/$I80 -> 0.10542398 | N80: =E80/$I80 -> 0.029199935 | O80: =F80/$I80 -> 0.2071275 | P80: =G80/$I80 -> 0.026934493 | Q80: =H80/$I80 -> 0.013754472 | S80: =SUM(B80:C80)/$I80 -> 0.61755962 | T80: =1-S80 -> 0.38244038
A81: 42948 | B81: ='Feedstock Use'!H11 -> 608.17 | C81: ='Feedstock Use'!H27 -> 142.85 | D81: ='Feedstock Use'!H43 -> 143 | E81: ='Feedstock Use'!H59 -> 38.59 | F81: ='Feedstock Use'!H75 -> 265.10085 | G81: ='Feedstock Use'!H91 -> 35.13 | H81: ='Feedstock Use'!H107 -> 18.13 | I81: =SUM(B81:H81) -> 1250.9709 | J81: =I81/I70-1 -> 0.24134247 | K81: =B81/$I81 -> 0.48615841 | L81: =C81/$I81 -> 0.11419131 | M81: =D81/$I81 -> 0.11431122 | N81: =E81/$I81 -> 0.030848041 | O81: =F81/$I81 -> 0.21191609 | P81: =G81/$I81 -> 0.028082189 | Q81: =H81/$I81 -> 0.014492744 | S81: =SUM(B81:C81)/$I81 -> 0.60034972 | T81: =1-S81 -> 0.39965028
A82: 42979 | B82: ='Feedstock Use'!H12 -> 603.91 | C82: ='Feedstock Use'!H28 -> 83.64 | D82: ='Feedstock Use'!H44 -> 144.2 | E82: ='Feedstock Use'!H60 -> 32.88 | F82: ='Feedstock Use'!H76 -> 247.48441 | G82: ='Feedstock Use'!H92 -> 45.87 | H82: ='Feedstock Use'!H108 -> 13.09 | I82: =SUM(B82:H82) -> 1171.0744 | J82: =I82/I71-1 -> 0.042685763 | K82: =B82/$I82 -> 0.51568883 | L82: =C82/$I82 -> 0.071421593 | M82: =D82/$I82 -> 0.12313479 | N82: =E82/$I82 -> 0.028076781 | O82: =F82/$I82 -> 0.21133107 | P82: =G82/$I82 -> 0.039169159 | Q82: =H82/$I82 -> 0.01117777 | S82: =SUM(B82:C82)/$I82 -> 0.58711043 | T82: =1-S82 -> 0.41288957
A83: 43009 | B83: ='Feedstock Use'!H13 -> 577.43 | C83: ='Feedstock Use'!H29 -> 159.29 | D83: ='Feedstock Use'!H45 -> 131.61 | E83: ='Feedstock Use'!H61 -> 37.6 | F83: ='Feedstock Use'!H77 -> 258.41795 | G83: ='Feedstock Use'!H93 -> 49.41 | H83: ='Feedstock Use'!H109 -> 19.58 | I83: =SUM(B83:H83) -> 1233.338 | J83: =I83/I72-1 -> 0.058734469 | K83: =B83/$I83 -> 0.46818473 | L83: =C83/$I83 -> 0.12915357 | M83: =D83/$I83 -> 0.10671041 | N83: =E83/$I83 -> 0.030486372 | O83: =F83/$I83 -> 0.20952728 | P83: =G83/$I83 -> 0.040062012 | Q83: =H83/$I83 -> 0.015875616 | S83: =SUM(B83:C83)/$I83 -> 0.5973383 | T83: =1-S83 -> 0.4026617
A84: 43040 | B84: ='Feedstock Use'!H14 -> 590.8 | C84: ='Feedstock Use'!H30 -> 140.78 | D84: ='Feedstock Use'!H46 -> 153.29 | E84: ='Feedstock Use'!H62 -> 33.51 | F84: ='Feedstock Use'!H78 -> 255.93042 | G84: ='Feedstock Use'!H94 -> 49.23 | H84: ='Feedstock Use'!H110 -> 23.51 | I84: =SUM(B84:H84) -> 1247.0504 | J84: =I84/I73-1 -> 0.086910049 | K84: =B84/$I84 -> 0.47375791 | L84: =C84/$I84 -> 0.11289038 | M84: =D84/$I84 -> 0.12292206 | N84: =E84/$I84 -> 0.026871408 | O84: =F84/$I84 -> 0.2052286 | P84: =G84/$I84 -> 0.039477153 | Q84: =H84/$I84 -> 0.018852486 | S84: =SUM(B84:C84)/$I84 -> 0.58664829 | T84: =1-S84 -> 0.41335171
A85: 43070 | B85: ='Feedstock Use'!H15 -> 593.99 | C85: ='Feedstock Use'!H31 -> 127.85 | D85: ='Feedstock Use'!H47 -> 165.18 | E85: ='Feedstock Use'!H63 -> 30.27 | F85: ='Feedstock Use'!H79 -> 248.62508 | G85: ='Feedstock Use'!H95 -> 56.22 | H85: ='Feedstock Use'!H111 -> 12.53 | I85: =SUM(B85:H85) -> 1234.6651 | J85: =I85/I74-1 -> 0.5590239 | K85: =B85/$I85 -> 0.48109403 | L85: =C85/$I85 -> 0.10355035 | M85: =D85/$I85 -> 0.13378527 | N85: =E85/$I85 -> 0.02451677 | O85: =F85/$I85 -> 0.20137047 | P85: =G85/$I85 -> 0.045534616 | Q85: =H85/$I85 -> 0.010148501 | S85: =SUM(B85:C85)/$I85 -> 0.58464438 | T85: =1-S85 -> 0.41535562
A86: 43101 | B86: ='Feedstock Use'!I4 -> 462.12 | C86: ='Feedstock Use'!I20 -> 128.03 | D86: ='Feedstock Use'!I36 -> 152.89 | E86: ='Feedstock Use'!I52 -> 21.069397 | F86: ='Feedstock Use'!I68 -> 185.54228 | G86: ='Feedstock Use'!I84 -> 44.21 | H86: ='Feedstock Use'!I100 -> 5.85 | I86: =SUM(B86:H86) -> 999.71168 | J86: =I86/I75-1 -> 0.24846957 | K86: =B86/$I86 -> 0.46225328 | L86: =C86/$I86 -> 0.12806692 | M86: =D86/$I86 -> 0.15293409 | N86: =E86/$I86 -> 0.021075473 | O86: =F86/$I86 -> 0.18559579 | P86: =G86/$I86 -> 0.04422275 | Q86: =H86/$I86 -> 0.0058516872 | S86: =SUM(B86:C86)/$I86 -> 0.5903202 | T86: =1-S86 -> 0.4096798
A87: 43132 | B87: ='Feedstock Use'!I5 -> 495.59 | C87: ='Feedstock Use'!I21 -> 102.36 | D87: ='Feedstock Use'!I37 -> 143.28 | E87: ='Feedstock Use'!I53 -> 11.069397 | F87: ='Feedstock Use'!I69 -> 227.49672 | G87: ='Feedstock Use'!I85 -> 43.86 | H87: ='Feedstock Use'!I101 -> 6.35 | I87: =SUM(B87:H87) -> 1030.0061 | J87: =I87/I76-1 -> 0.096530392 | K87: =B87/$I87 -> 0.48115248 | L87: =C87/$I87 -> 0.09937805 | M87: =D87/$I87 -> 0.13910597 | N87: =E87/$I87 -> 0.010746924 | O87: =F87/$I87 -> 0.22086929 | P87: =G87/$I87 -> 0.042582271 | Q87: =H87/$I87 -> 0.0061650119 | S87: =SUM(B87:C87)/$I87 -> 0.58053053 | T87: =1-S87 -> 0.41946947
A88: 43160 | B88: ='Feedstock Use'!I6 -> 624.15 | C88: ='Feedstock Use'!I22 -> 100.98 | D88: ='Feedstock Use'!I38 -> 154.71 | E88: ='Feedstock Use'!I54 -> 22.92 | F88: ='Feedstock Use'!I70 -> 254.67117 | G88: ='Feedstock Use'!I86 -> 49.31 | H88: ='Feedstock Use'!I102 -> 4.8100586 | I88: =SUM(B88:H88) -> 1211.5512 | J88: =I88/I77-1 -> 0.15825911 | K88: =B88/$I88 -> 0.515166 | L88: =C88/$I88 -> 0.083347693 | M88: =D88/$I88 -> 0.1276958 | N88: =E88/$I88 -> 0.018917896 | O88: =F88/$I88 -> 0.21020256 | P88: =G88/$I88 -> 0.040699889 | Q88: =H88/$I88 -> 0.0039701653 | S88: =SUM(B88:C88)/$I88 -> 0.59851369 | T88: =1-S88 -> 0.40148631
A89: 43191 | B89: ='Feedstock Use'!I7 -> 519.56 | C89: ='Feedstock Use'!I23 -> 116.42 | D89: ='Feedstock Use'!I39 -> 177.52 | E89: ='Feedstock Use'!I55 -> 42.93 | F89: ='Feedstock Use'!I71 -> 259.77114 | G89: ='Feedstock Use'!I87 -> 54 | H89: ='Feedstock Use'!I103 -> 7.9830322 | I89: =SUM(B89:H89) -> 1178.1842 | J89: =I89/I78-1 -> 0.014735447 | K89: =B89/$I89 -> 0.44098368 | L89: =C89/$I89 -> 0.098813074 | M89: =D89/$I89 -> 0.15067254 | N89: =E89/$I89 -> 0.036437427 | O89: =F89/$I89 -> 0.22048433 | P89: =G89/$I89 -> 0.045833242 | Q89: =H89/$I89 -> 0.0067757082 | S89: =SUM(B89:C89)/$I89 -> 0.53979676 | T89: =1-S89 -> 0.46020324
A90: 43221 | B90: ='Feedstock Use'!I8 -> 581.33 | C90: ='Feedstock Use'!I24 -> 101.31006 | D90: ='Feedstock Use'!I40 -> 178.48 | E90: ='Feedstock Use'!I56 -> 49.05 | F90: ='Feedstock Use'!I72 -> 278.92567 | G90: ='Feedstock Use'!I88 -> 52.71 | H90: ='Feedstock Use'!I104 -> 8.31 | I90: =SUM(B90:H90) -> 1250.1157 | J90: =I90/I79-1 -> 0.06535484 | K90: =B90/$I90 -> 0.46502095 | L90: =C90/$I90 -> 0.081040544 | M90: =D90/$I90 -> 0.14277078 | N90: =E90/$I90 -> 0.039236367 | O90: =F90/$I90 -> 0.22311988 | P90: =G90/$I90 -> 0.042164096 | Q90: =H90/$I90 -> 0.0066473845 | S90: =SUM(B90:C90)/$I90 -> 0.54606149 | T90: =1-S90 -> 0.45393851
A91: 43252 | B91: ='Feedstock Use'!I9 -> 623.61 | C91: ='Feedstock Use'!I25 -> 108.28296 | D91: ='Feedstock Use'!I41 -> 170.09 | E91: ='Feedstock Use'!I57 -> 51.06 | F91: ='Feedstock Use'!I73 -> 261.07252 | G91: ='Feedstock Use'!I89 -> 56.86 | H91: ='Feedstock Use'!I105 -> 9.51 | I91: =SUM(B91:H91) -> 1280.4855 | J91: =I91/I80-1 -> 0.036023641 | K91: =B91/$I91 -> 0.4870106 | L91: =C91/$I91 -> 0.084563988 | M91: =D91/$I91 -> 0.13283243 | N91: =E91/$I91 -> 0.039875501 | O91: =F91/$I91 -> 0.20388558 | P91: =G91/$I91 -> 0.044405033 | Q91: =H91/$I91 -> 0.0074268706 | S91: =SUM(B91:C91)/$I91 -> 0.57157459 | T91: =1-S91 -> 0.42842541
A92: 43282 | B92: ='Feedstock Use'!I10 -> 671.27 | C92: ='Feedstock Use'!I26 -> 101.53003 | D92: ='Feedstock Use'!I42 -> 192.9 | E92: ='Feedstock Use'!I58 -> 56.37 | F92: ='Feedstock Use'!I74 -> 252.06781 | G92: ='Feedstock Use'!I90 -> 50.96 | H92: ='Feedstock Use'!I106 -> 11.67 | I92: =SUM(B92:H92) -> 1336.7678 | J92: =I92/I81-1 -> 0.068584321 | K92: =B92/$I92 -> 0.502159 | L92: =C92/$I92 -> 0.075951879 | M92: =D92/$I92 -> 0.14430329 | N92: =E92/$I92 -> 0.042168878 | O92: =F92/$I92 -> 0.18856514 | P92: =G92/$I92 -> 0.038121803 | Q92: =H92/$I92 -> 0.0087300125 | S92: =SUM(B92:C92)/$I92 -> 0.57811088 | T92: =1-S92 -> 0.42188912
A93: 43313 | B93: ='Feedstock Use'!I11 -> 705.13 | C93: ='Feedstock Use'!I27 -> 107.96 | D93: ='Feedstock Use'!I43 -> 202.34 | E93: ='Feedstock Use'!I59 -> 54.14 | F93: ='Feedstock Use'!I75 -> 258.82969 | G93: ='Feedstock Use'!I91 -> 54.77 | H93: ='Feedstock Use'!I107 -> 19.25 | I93: =SUM(B93:H93) -> 1402.4197 | J93: =I93/I82-1 -> 0.19754959 | K93: =B93/$I93 -> 0.50279528 | L93: =C93/$I93 -> 0.076981235 | M93: =D93/$I93 -> 0.14427921 | N93: =E93/$I93 -> 0.038604706 | O93: =F93/$I93 -> 0.18455937 | P93: =G93/$I93 -> 0.03905393 | Q93: =H93/$I93 -> 0.013726276 | S93: =SUM(B93:C93)/$I93 -> 0.57977652 | T93: =1-S93 -> 0.42022348
A94: 43344 | B94: ='Feedstock Use'!I12 -> 688.71 | C94: ='Feedstock Use'!I28 -> 96.17 | D94: ='Feedstock Use'!I44 -> 168.79 | E94: ='Feedstock Use'!I60 -> 49.28 | F94: ='Feedstock Use'!I76 -> 262.23313 | G94: ='Feedstock Use'!I92 -> 58.35 | H94: ='Feedstock Use'!I108 -> 16.55 | I94: =SUM(B94:H94) -> 1340.0831 | J94: =I94/I83-1 -> 0.086549825 | K94: =B94/$I94 -> 0.5139308 | L94: =C94/$I94 -> 0.071764204 | M94: =D94/$I94 -> 0.12595487 | N94: =E94/$I94 -> 0.036773838 | O94: =F94/$I94 -> 0.19568423 | P94: =G94/$I94 -> 0.043542075 | Q94: =H94/$I94 -> 0.01234998 | S94: =SUM(B94:C94)/$I94 -> 0.58569501 | T94: =1-S94 -> 0.41430499
A95: 43374 | B95: ='Feedstock Use'!I13 -> 698.88 | C95: ='Feedstock Use'!I29 -> 100.71 | D95: ='Feedstock Use'!I45 -> 177.77 | E95: ='Feedstock Use'!I61 -> 59.32 | F95: ='Feedstock Use'!I77 -> 293.97247 | G95: ='Feedstock Use'!I93 -> 59.01 | H95: ='Feedstock Use'!I109 -> 16.82 | I95: =SUM(B95:H95) -> 1406.4825 | J95: =I95/I84-1 -> 0.12784732 | K95: =B95/$I95 -> 0.49689919 | L95: =C95/$I95 -> 0.071604163 | M95: =D95/$I95 -> 0.12639333 | N95: =E95/$I95 -> 0.042176139 | O95: =F95/$I95 -> 0.20901254 | P95: =G95/$I95 -> 0.041955731 | Q95: =H95/$I95 -> 0.011958912 | S95: =SUM(B95:C95)/$I95 -> 0.56850335 | T95: =1-S95 -> 0.43149665
