Workbook

Sheet Data Links
B1: Series | C1: Source | D1: Release Date | E1: Last Update
B2: US Jet Fuel Production | C2: Energy Information Administration | D2: Last Business Day of the Month | E2: 45389
B3: US Gross Domestic Product | C3: Bureau of Economic Analysis | D3: Last Thursday of the Month | E3: 45389
B4: US Gross Domestic Product Forecast | C4: Fastmarkets - Lasse | D4: Per Lasse's schedule | E4: 45389

Sheet Assumptions
A2: U.S. Annual Gross Domestic Product - Unadjusted for Inflation
A3: (sa, billion dollars) | B3: 1965 | C3: 1966 | D3: 1967 | E3: 1968 | F3: 1969 | G3: 1970 | H3: 1971 | I3: 1972 | J3: 1973 | K3: 1974 | L3: 1975 | M3: 1976 | N3: 1977 | O3: 1978 | P3: 1979 | Q3: 1980 | R3: 1981 | S3: 1982 | T3: 1983 | U3: 1984 | V3: 1985 | W3: 1986 | X3: 1987 | Y3: 1988 | Z3: 1989 | AA3: 1990 | AB3: 1991 | AC3: 1992 | AD3: 1993 | AE3: 1994 | AF3: 1995 | AG3: 1996 | AH3: 1997 | AI3: 1998 | AJ3: 1999 | AK3: 2000 | AL3: 2001 | AM3: 2002 | AN3: 2003 | AO3: 2004 | AP3: 2005 | AQ3: 2006 | AR3: 2007 | AS3: 2008 | AT3: 2009 | AU3: 2010 | AV3: 2011 | AW3: 2012 | AX3: 2013 | AY3: 2014 | AZ3: 2015 | BA3: 2016 | BB3: 2017 | BC3: 2018 | BD3: 2019 | BE3: 2020 | BF3: 2021 | BG3: 2022 | BH3: 2023 | BI3: 2024 | BJ3: 2025 | BK3: 2026 | BL3: 2027 | BM3: 2028 | BN3: 2029 | BO3: 2030 | BP3: 2031 | BQ3: 2032 | BR3: 2033 | BS3: 2034 | BT3: 2035 | BU3: 2036 | BV3: 2037 | BW3: 2038 | BX3: 2039 | BY3: 2040 | BZ3: 2041 | CA3: 2042 | CB3: 2043 | CC3: 2044 | CD3: 2045 | CE3: 2046 | CF3: 2047 | CG3: 2048 | CH3: 2049 | CI3: 2050
A4: Q1 | B4: 717.8 | C4: 795.7 | D4: 844.2 | E4: 909.4 | F4: 993.3 | G4: 1051.2 | H4: 1135.2 | I4: 1230.6 | J4: 1377.5 | K4: 1491.2 | L4: 1616.1 | M4: 1820.5 | N4: 1988.6 | O4: 2202.8 | P4: 2526.6 | Q4: 2789.8 | R4: 3124.2 | S4: 3274.3 | T4: 3473.4 | U4: 3908.1 | V4: 4230.2 | W4: 4507.9 | X4: 4722.2 | Y4: 5073.4 | Z4: 5511.3 | AA4: 5872.7 | AB4: 6035.2 | AC4: 6363.1 | AD4: 6729.5 | AE4: 7115.7 | AF4: 7522.3 | AG4: 7868.5 | AH4: 8362.7 | AI4: 8866.5 | AJ4: 9411.7 | AK4: 10002.2 | AL4: 10470.2 | AM4: 10783.5 | AN4: 11174.1 | AO4: 11923.4 | AP4: 12767.3 | AQ4: 13599.2 | AR4: 14215.7 | AS4: 14706.5 | AT4: 14430.9 | AU4: 14764.6 | AV4: 15351.4 | AW4: 16068.8 | AX4: 16648.2 | AY4: 17197.7 | AZ4: 18063.5 | BA4: 18525.9 | BB4: 19280.1 | BC4: 20328.6 | BD4: 21111.6 | BE4: 21727.7 | BF4: 22656.8 | BG4: 25215.5 | BH4: 27164.4 | BI4: ='[1]quarterly series'!$AK82 -> 28164.538 | BJ4: ='[1]quarterly series'!$AK86 -> 29107.859 | BK4: ='[1]quarterly series'!$AK90 -> 30358.276 | BL4: ='[1]quarterly series'!$AK94 -> 31518.94 | BM4: ='[1]quarterly series'!$AK98 -> 32922.929 | BN4: ='[1]quarterly series'!$AK102 -> 34309.437 | BO4: ='[1]quarterly series'!$AK106 -> 34940.363 | BP4: ='[1]quarterly series'!$AK110 -> 36080.831 | BQ4: ='[1]quarterly series'!$AK114 -> 37409.655 | BR4: ='[1]quarterly series'!$AK118 -> 39036.496 | BS4: ='[1]quarterly series'!$AK122 -> 40822.706 | BT4: ='[1]quarterly series'!$AK126 -> 42632.433 | BU4: ='[1]quarterly series'!$AK126 -> 42632.433 | BV4: ='[1]quarterly series'!$AK126 -> 42632.433 | BW4: ='[1]quarterly series'!$AK126 -> 42632.433 | BX4: ='[1]quarterly series'!$AK126 -> 42632.433 | BY4: ='[1]quarterly series'!$AK126 -> 42632.433 | BZ4: ='[1]quarterly series'!$AK126 -> 42632.433 | CA4: ='[1]quarterly series'!$AK126 -> 42632.433 | ... CI4: ='[1]quarterly series'!$AK126 -> 42632.433
A5: Q2 | B5: 730.2 | C5: 805 | D5: 849 | E5: 934.3 | F5: 1009 | G5: 1067.4 | H5: 1156.3 | I5: 1266.4 | J5: 1413.9 | K5: 1530.1 | L5: 1651.9 | M5: 1852.3 | N5: 2055.9 | O5: 2331.6 | P5: 2591.2 | Q5: 2797.4 | R5: 3162.5 | S5: 3332 | T5: 3578.8 | U5: 4009.6 | V5: 4294.9 | W5: 4545.3 | X5: 4806.2 | Y5: 5190 | Z5: 5612.5 | AA5: 5960 | AB5: 6126.9 | AC5: 6470.8 | AD5: 6808.9 | AE5: 7246.9 | AF5: 7581 | AG5: 8032.8 | AH5: 8518.8 | AI5: 8969.7 | AJ5: 9526.2 | AK5: 10247.7 | AL5: 10599 | AM5: 10887.5 | AN5: 11312.8 | AO5: 12112.8 | AP5: 12922.7 | AQ5: 13753.4 | AR5: 14402.1 | AS5: 14865.7 | AT5: 14381.2 | AU5: 14980.2 | AV5: 15557.5 | AW5: 16207.1 | AX5: 16728.7 | AY5: 17518.5 | AZ5: 18279.8 | BA5: 18711.7 | BB5: 19438.6 | BC5: 20580.9 | BD5: 21397.9 | BE5: 19935.4 | BF5: 23368.9 | BG5: 25805.8 | BH5: 27453.8 | BI5: 28358.353 | BJ5: ='[1]quarterly series'!$AK87 -> 29412.021 | BK5: ='[1]quarterly series'!$AK91 -> 30648.576 | BL5: ='[1]quarterly series'!$AK95 -> 31827.308 | BM5: ='[1]quarterly series'!$AK99 -> 33259.627 | BN5: ='[1]quarterly series'!$AK103 -> 34577.294 | BO5: ='[1]quarterly series'!$AK107 -> 35150.884 | BP5: ='[1]quarterly series'!$AK111 -> 36461.759 | BQ5: ='[1]quarterly series'!$AK115 -> 37778.909 | BR5: ='[1]quarterly series'!$AK119 -> 39410.523 | BS5: ='[1]quarterly series'!$AK123 -> 41264.202 | BT5: ='[1]quarterly series'!$AK127 -> 43182.486 | BU5: ='[1]quarterly series'!$AK127 -> 43182.486 | BV5: ='[1]quarterly series'!$AK127 -> 43182.486 | BW5: ='[1]quarterly series'!$AK127 -> 43182.486 | BX5: ='[1]quarterly series'!$AK127 -> 43182.486 | BY5: ='[1]quarterly series'!$AK127 -> 43182.486 | BZ5: ='[1]quarterly series'!$AK127 -> 43182.486 | CA5: ='[1]quarterly series'!$AK127 -> 43182.486 | ... CI5: ='[1]quarterly series'!$AK127 -> 43182.486
A6: Q3 | B6: 749.3 | C6: 819.6 | D6: 865.2 | E6: 950.8 | F6: 1030 | G6: 1086.1 | H6: 1177.7 | I6: 1290.6 | J6: 1433.8 | K6: 1560 | L6: 1709.8 | M6: 1886.6 | N6: 2118.5 | O6: 2395.1 | P6: 2667.6 | Q6: 2856.5 | R6: 3260.6 | S6: 3366.3 | T6: 3689.2 | U6: 4084.3 | V6: 4386.8 | W6: 4607.7 | X6: 4884.6 | Y6: 5282.8 | Z6: 5695.4 | AA6: 6015.1 | AB6: 6205.9 | AC6: 6566.6 | AD6: 6882.1 | AE6: 7331.1 | AF6: 7683.1 | AG6: 8131.4 | AH6: 8662.8 | AI6: 9121.1 | AJ6: 9686.6 | AK6: 10318.2 | AL6: 10598 | AM6: 10984 | AN6: 11566.7 | AO6: 12305.3 | AP6: 13142.6 | AQ6: 13870.2 | AR6: 14564.1 | AS6: 14899 | AT6: 14448.9 | AU6: 15141.6 | AV6: 15647.7 | AW6: 16319.5 | AX6: 16953.8 | AY6: 17804.2 | AZ6: 18401.6 | BA6: 18892.6 | BB6: 19692.6 | BC6: 20798.7 | BD6: 21717.2 | BE6: 21684.6 | BF6: 23922 | BG6: 26272 | BH6: 27967.7 | BI6: 28550.488 | BJ6: ='[1]quarterly series'!$AK88 -> 29710.803 | BK6: ='[1]quarterly series'!$AK92 -> 30935.386 | BL6: ='[1]quarterly series'!$AK96 -> 32154.937 | BM6: ='[1]quarterly series'!$AK100 -> 33570.004 | BN6: ='[1]quarterly series'!$AK104 -> 34629.957 | BO6: ='[1]quarterly series'!$AK108 -> 35407.455 | BP6: ='[1]quarterly series'!$AK112 -> 36709.082 | BQ6: ='[1]quarterly series'!$AK116 -> 38176.633 | BR6: ='[1]quarterly series'!$AK120 -> 39862.559 | BS6: ='[1]quarterly series'!$AK124 -> 41762.796 | BT6: ='[1]quarterly series'!$AK128 -> 43249.339 | BU6: ='[1]quarterly series'!$AK128 -> 43249.339 | BV6: ='[1]quarterly series'!$AK128 -> 43249.339 | BW6: ='[1]quarterly series'!$AK128 -> 43249.339 | BX6: ='[1]quarterly series'!$AK128 -> 43249.339 | BY6: ='[1]quarterly series'!$AK128 -> 43249.339 | BZ6: ='[1]quarterly series'!$AK128 -> 43249.339 | CA6: ='[1]quarterly series'!$AK128 -> 43249.339 | ... CI6: ='[1]quarterly series'!$AK128 -> 43249.339
A7: Q4 | B7: 771.9 | C7: 833.3 | D7: 881.4 | E7: 968 | F7: 1038.1 | G7: 1088.6 | H7: 1190.3 | I7: 1328.9 | J7: 1476.3 | K7: 1599.7 | L7: 1761.8 | M7: 1934.3 | N7: 2164.3 | O7: 2476.9 | P7: 2723.9 | Q7: 2985.6 | R7: 3280.8 | S7: 3402.6 | T7: 3794.7 | U7: 4148.6 | V7: 4444.1 | W7: 4657.6 | X7: 5008 | Y7: 5399.5 | Z7: 5747.2 | AA7: 6004.7 | AB7: 6264.5 | AC7: 6680.8 | AD7: 7013.7 | AE7: 7455.3 | AF7: 7772.6 | AG7: 8259.8 | AH7: 8765.9 | AI7: 9294 | AJ7: 9900.2 | AK7: 10435.7 | AL7: 10660.5 | AM7: 11061.4 | AN7: 11772.2 | AO7: 12527.2 | AP7: 13324.2 | AQ7: 14039.6 | AR7: 14715.1 | AS7: 14608.2 | AT7: 14651.2 | AU7: 15309.5 | AV7: 15842.3 | AW7: 16420.4 | AX7: 17192 | AY7: 17912.1 | AZ7: 18435.1 | BA7: 19089.4 | BB7: 20037.1 | BC7: 20917.9 | BD7: 21933.2 | BE7: 22068.8 | BF7: 24777 | BG7: 26734.3 | BH7: 28297 | BI7: 28803.638 | BJ7: ='[1]quarterly series'!$AK89 -> 30031.502 | BK7: ='[1]quarterly series'!$AK93 -> 31178.304 | BL7: ='[1]quarterly series'!$AK97 -> 32542.488 | BM7: ='[1]quarterly series'!$AK101 -> 33986.322 | BN7: ='[1]quarterly series'!$AK105 -> 34784.752 | BO7: ='[1]quarterly series'!$AK109 -> 35705.959 | BP7: ='[1]quarterly series'!$AK113 -> 37001.103 | BQ7: ='[1]quarterly series'!$AK117 -> 38644.778 | BR7: ='[1]quarterly series'!$AK121 -> 40335.259 | BS7: ='[1]quarterly series'!$AK125 -> 42236.669 | BT7: ='[1]quarterly series'!$AK129 -> 43443.492 | BU7: ='[1]quarterly series'!$AK129 -> 43443.492 | BV7: ='[1]quarterly series'!$AK129 -> 43443.492 | BW7: ='[1]quarterly series'!$AK129 -> 43443.492 | BX7: ='[1]quarterly series'!$AK129 -> 43443.492 | BY7: ='[1]quarterly series'!$AK129 -> 43443.492 | BZ7: ='[1]quarterly series'!$AK129 -> 43443.492 | CA7: ='[1]quarterly series'!$AK129 -> 43443.492 | ... CI7: ='[1]quarterly series'!$AK129 -> 43443.492
A8: Average | B8: =AVERAGE(B4:B7) -> 742.3 | C8: =AVERAGE(C4:C7) -> 813.4 | D8: =AVERAGE(D4:D7) -> 859.95 | E8: =AVERAGE(E4:E7) -> 940.625 | F8: =AVERAGE(F4:F7) -> 1017.6 | G8: =AVERAGE(G4:G7) -> 1073.325 | H8: =AVERAGE(H4:H7) -> 1164.875 | I8: =AVERAGE(I4:I7) -> 1279.125 | ... CI8: =AVERAGE(CI4:CI7) -> 43126.937
C9: =C8/B8-1 -> 0.095783376 | D9: =D8/C8-1 -> 0.057228916 | E9: =E8/D8-1 -> 0.093813594 | F9: =F8/E8-1 -> 0.081833887 | G9: =G8/F8-1 -> 0.054761203 | H9: =H8/G8-1 -> 0.085295693 | I9: =I8/H8-1 -> 0.098079193 | J9: =J8/I8-1 -> 0.11433597 | ... CI9: =CI8/CH8-1 -> 0
A10: U.S. Annual Gross Domestic Product - Quarter-over-Quarter (yoy) Change
A11: (q/q ∆) | B11: =B3 -> 1965 | C11: =C3 -> 1966 | D11: =D3 -> 1967 | E11: =E3 -> 1968 | F11: =F3 -> 1969 | G11: =G3 -> 1970 | H11: =H3 -> 1971 | I11: =I3 -> 1972 | ... CI11: =CI3 -> 2050
A12: Q1 | C12: =C4/B7-1 -> 0.030833009 | D12: =D4/C7-1 -> 0.013080523 | E12: =E4/D7-1 -> 0.031767642 | F12: =F4/E7-1 -> 0.026136364 | G12: =G4/F7-1 -> 0.012619208 | H12: =H4/G7-1 -> 0.042807275 | I12: =I4/H7-1 -> 0.033857011 | J12: =J4/I7-1 -> 0.036571601 | ... CI12: =CI4/CH7-1 -> -0.018669277
A13: Q2 | B13: =B5/B4-1 -> 0.017275007 | C13: =C5/C4-1 -> 0.011687822 | D13: =D5/D4-1 -> 0.0056858564 | E13: =E5/E4-1 -> 0.027380691 | F13: =F5/F4-1 -> 0.0158059 | G13: =G5/G4-1 -> 0.015410959 | H13: =H5/H4-1 -> 0.018587033 | I13: =I5/I4-1 -> 0.0290915 | ... CI13: =CI5/CI4-1 -> 0.012902218
A14: Q3 | B14: =B6/B5-1 -> 0.026157217 | C14: =C6/C5-1 -> 0.018136646 | D14: =D6/D5-1 -> 0.019081272 | E14: =E6/E5-1 -> 0.01766028 | F14: =F6/F5-1 -> 0.020812686 | G14: =G6/G5-1 -> 0.017519206 | H14: =H6/H5-1 -> 0.018507308 | I14: =I6/I5-1 -> 0.019109286 | ... CI14: =CI6/CI5-1 -> 0.0015481363
A15: Q4 | B15: =B7/B6-1 -> 0.030161484 | C15: =C7/C6-1 -> 0.016715471 | D15: =D7/D6-1 -> 0.018723994 | E15: =E7/E6-1 -> 0.018090029 | F15: =F7/F6-1 -> 0.0078640777 | G15: =G7/G6-1 -> 0.0023018138 | H15: =H7/H6-1 -> 0.01069882 | I15: =I7/I6-1 -> 0.02967612 | ... CI15: =CI7/CI6-1 -> 0.0044891621
A16: Average | B16: =AVERAGE(B12:B15) -> 0.024531236 | C16: =AVERAGE(C12:C15) -> 0.019343237 | D16: =AVERAGE(D12:D15) -> 0.014142912 | E16: =AVERAGE(E12:E15) -> 0.023724661 | F16: =AVERAGE(F12:F15) -> 0.017654757 | G16: =AVERAGE(G12:G15) -> 0.011962797 | H16: =AVERAGE(H12:H15) -> 0.022650109 | I16: =AVERAGE(I12:I15) -> 0.027933479 | ... CI16: =AVERAGE(CI12:CI15) -> 6.7559673e-05
A18: U.S. Passenger Miles
B19: =B3 -> 1965 | C19: =C3 -> 1966 | D19: =D3 -> 1967 | E19: =E3 -> 1968 | F19: =F3 -> 1969 | G19: =G3 -> 1970 | H19: =H3 -> 1971 | I19: =I3 -> 1972 | ... CI19: =CI3 -> 2050
A20: Airline Total | B20: 53226 | G20: 108442 | L20: 119591.47 | Q20: 190765.93 | V20: 275863.55 | AA20: 337215.23 | AB20: 329787.97 | AC20: 345019.61 | AD20: 351096.46 | AE20: 376873.4 | AF20: 391593.83 | AG20: 419281.55 | AH20: 439262.67 | AI20: 449103.8 | AJ20: 473081.98 | AK20: 500431.78 | AL20: 473591.65 | AM20: 472190.77 | AN20: 497648.14 | AO20: 547931.15 | AP20: 572868.82 | AQ20: 576823.05 | AR20: 594614.09 | AS20: 570089.95 | AT20: 540693.68 | AU20: 554710.52 | AV20: 565613.65 | AW20: 570438.23 | AX20: 579461.45 | AY20: 597005 | AZ20: 632154.82 | BA20: 661477.93 | BB20: 685472.46 | BC20: 722415.33 | BD20: 754450.06 | BE20: 306058.03 | BF20: 573403.84 | BG20: 708959.96 | BH20: 773411.56 | BI20: =BH20*1.016 -> 785786.14 | BJ20: =BI20*1.027 -> 807002.37 | BK20: =BJ20*1.027 -> 828791.43 | BL20: =BK20*1.027 -> 851168.8 | BM20: =BL20*1.027 -> 874150.36 | BN20: =BM20*1.027 -> 897752.42 | BO20: =BN20*1.027 -> 921991.74 | BP20: =BO20*1.027 -> 946885.51 | BQ20: =BP20*1.027 -> 972451.42 | ... CI20: =CH20*1.027 -> 1570854.3 | CM20: Note: changed to 2.7% per year growth from FAA 2023 forecast for domestic growth
A22: Bus | AA22: 99792 | AB22: 100166 | AC22: 101465 | AD22: 108854 | AE22: 116275 | AF22: 116492 | AG22: 121758.73 | AH22: 126830.53 | AI22: 129989.38 | AJ22: 143037.46 | AK22: 141331.77 | AL22: 129646.69 | AM22: 124606.13 | AN22: 123757.41 | AO22: 124390.52 | AP22: 127655.59 | AQ22: 122508.47 | AR22: 286431.7 | AS22: 292075.29 | AT22: 282865.29 | AU22: 270344.26 | AV22: 271150.55 | AW22: 291201.84 | AX22: 299273.24 | AY22: 316726.32 | AZ22: 322962.56 | BA22: 325179.65 | BB22: 344992.91 | BC22: 368430.1 | BD22: 361844.29 | BE22: 305419.5 | BF22: 345697.34 | BG22: 380414.45
A23: Light-Duty - swb | AA23: 2281390.9 | AB23: 2200259.7 | AC23: 2208226.1 | AD23: 2213281.5 | AE23: 2756223 | AF23: 2286887 | AG23: 2337068 | AH23: 2389065 | AI23: 2463828.4 | AJ23: 2495140.3 | AK23: 2544457.4 | AL23: 2556481.2 | AM23: 2620388.9 | AN23: 2641885.1 | AO23: 2685826.7 | AP23: 2699304.6 | AQ23: 2671044.2 | AR23: 3324977 | AS23: 3199116 | AT23: 3413874.7 | AU23: 3429995.6 | AV23: 3464405.2 | AW23: 3490438.3 | AX23: 3507723.1 | AY23: 3502000.7 | AZ23: 3628378.9 | BA23: 3699794.4 | BB23: 3709919.2 | BC23: 3729610.2 | BD23: 3765896 | BE23: 3225113.8 | BF23: 3471196.1 | BG23: 3284668.7
A24: Light-Duty - lwb | AA24: 999753.54 | AB24: 1116957.7 | AC24: 1201667.1 | AD24: 1252860 | AE24: 885897 | AF24: 1256146 | AG24: 1298299 | AH24: 1352675 | AI24: 1380557.2 | AJ24: 1432782.4 | AK24: 1467663.8 | AL24: 1678852.6 | AM24: 1674791.9 | AN24: 1706102.9 | AO24: 1780771.1 | AP24: 1804848 | AQ24: 1876689.8 | AR24: 1017007 | AS24: 1049667 | AT24: 991383.34 | AU24: 1001455.7 | AV24: 972382.45 | AW24: 970669.42 | AX24: 977476.62 | AY24: 1037129.1 | AZ24: 1028773.7 | BA24: 1075233.5 | BB24: 1106303.4 | BC24: 1119644.1 | BD24: 1128488.9 | BE24: 1085129.2 | BF24: 1168120.2 | BG24: 1007240.1
A25: Motorcycle | AA25: 12424.1 | AB25: 11656.06 | AC25: 11946.25 | AD25: 12184.38 | AE25: 11264 | AF25: 10777 | AG25: 10912 | AH25: 11089 | AI25: 11311.198 | AJ25: 11642.295 | AK25: 11515.796 | AL25: 11759.58 | AM25: 12131.04 | AN25: 12163 | AO25: 12855.362 | AP25: 13276.957 | AQ25: 15302.838 | AR25: 27173 | AS25: 26430 | AT25: 24162.285 | AU25: 21482.716 | AV25: 21516.752 | AW25: 24815.916 | AX25: 23633.294 | AY25: 23173.173 | AZ25: 22751.532 | BA25: 23725.112 | BB25: 23381.622 | BC25: 23296.769 | BD25: 22846.373 | BE25: 21617.632 | BF25: 23658.622 | BG25: 24369.327
A26: Truck - single | AA26: 51901 | AB26: 52898 | AC26: 53874 | AD26: 56772 | AE26: 61284 | AF26: 62705 | AG26: 64072 | AH26: 66893 | AI26: 68021 | AJ26: 70311 | AK26: 70500 | AL26: 85488.64 | AM26: 75866 | AN26: 77756.625 | AO26: 78441.001 | AP26: 78495.66 | AQ26: 80344.221 | AR26: 119979 | AS26: 126855 | AT26: 120206.76 | AU26: 110738.25 | AV26: 103803.03 | AW26: 105605.22 | AX26: 106581.58 | AY26: 109301.41 | AZ26: 109597.32 | BA26: 113337.94 | BB26: 116102.4 | BC26: 120698.99 | BD26: 124745.71 | BE26: 117832.17 | BF26: 131637.17 | BG26: 136223.79
A27: Truck - combo | AA27: 94341 | AB27: 96645 | AC27: 99510 | AD27: 103116 | AE27: 108932 | AF27: 115451 | AG27: 118899 | AH27: 124584 | AI27: 128359 | AJ27: 132386 | AK27: 135020 | AL27: 161169.12 | AM27: 138737 | AN27: 140159.96 | AO27: 142369.77 | AP27: 144027.64 | AQ27: 142169.23 | AR27: 184199 | AS27: 183826 | AT27: 168099.53 | AU27: 175788.97 | AV27: 163791.29 | AW27: 163601.73 | AX27: 168435.63 | AY27: 169830.18 | AZ27: 170246.28 | BA27: 174556.98 | BB27: 181490.18 | BC27: 184165.12 | BD27: 175304.7 | BE27: 179816.8 | BF27: 195389.16 | BG27: 195048.64
A28: Highway Total | AA28: =SUM(AA22:AA27) -> 3539602.6 | AB28: =SUM(AB22:AB27) -> 3578582.4 | AC28: =SUM(AC22:AC27) -> 3676688.4 | AD28: =SUM(AD22:AD27) -> 3747067.9 | AE28: =SUM(AE22:AE27) -> 3939875 | AF28: =SUM(AF22:AF27) -> 3848458 | AG28: =SUM(AG22:AG27) -> 3951008.7 | AH28: =SUM(AH22:AH27) -> 4071136.5 | ... BG28: =SUM(BG22:BG27) -> 5027965
A30: Motor Bus | AA30: 20981 | AB30: 21090 | AC30: 20336 | AD30: 20247 | AE30: 18832 | AF30: 18818 | AG30: 16802.168 | AH30: 17509.219 | AI30: 17873.722 | AJ30: 18683.798 | AK30: 18807.335 | AL30: 19582.868 | AM30: 19678.689 | AN30: 19178.851 | AO30: 18920.854 | AP30: 19424.923 | AQ30: 20390.186 | AR30: 20388.053 | AS30: 21198.099 | AT30: 21099.989 | AU30: 20569.727 | AV30: 19905.426 | AW30: 20129.731 | AX30: 18926.876 | AY30: 18964.661 | AZ30: 18506.425 | BA30: 18149.824 | BB30: 17075.697 | BC30: 16584.114 | BD30: 16387.318 | BE30: 11736.487 | BF30: 8243.0162 | BG30: 10111.54
A31: Commuter Bus | AV31: 653.1493 | AW31: 1012.4618 | AX31: 2330.5266 | AY31: 2464.2874 | AZ31: 1586.7355 | BA31: 2261.1835 | BB31: 2147.8257 | BC31: 2040.4713 | BD31: 1979.816 | BE31: 879.57698 | BF31: 505.66694 | BG31: 750.25526
A32: Trolley Bus | AA32: 193 | AB32: 195 | AC32: 199 | AD32: 188 | AE32: 187 | AF32: 187 | AG32: 184.1637 | AH32: 189.17034 | AI32: 181.7167 | AJ32: 186.10567 | AK32: 191.89107 | AL32: 186.99797 | AM32: 187.79355 | AN32: 176.14466 | AO32: 173.21471 | AP32: 172.98175 | AQ32: 163.88913 | AR32: 155.5165 | AS32: 160.68531 | AT32: 168.06694 | AU32: 158.87201 | AV32: 160.30669 | AW32: 161.88905 | AX32: 156.31329 | AY32: 157.7316 | AZ32: 146.21782 | BA32: 153.97867 | BB32: 140.21642 | BC32: 126.28229 | BD32: 125.80522 | BE32: 89.173112 | BF32: 56.164338 | BG32: 77.939828
A33: Bus Total | AA33: =SUM(AA30:AA32) -> 21174 | AB33: =SUM(AB30:AB32) -> 21285 | AC33: =SUM(AC30:AC32) -> 20535 | AD33: =SUM(AD30:AD32) -> 20435 | AE33: =SUM(AE30:AE32) -> 19019 | AF33: =SUM(AF30:AF32) -> 19005 | AG33: =SUM(AG30:AG32) -> 16986.332 | AH33: =SUM(AH30:AH32) -> 17698.39 | ... BG33: =SUM(BG30:BG32) -> 10939.735
A35: Commuter Rail | AA35: 7082 | AB35: 7344 | AC35: 7320 | AD35: 6940 | AE35: 7996 | AF35: 8244 | AG35: 8350.4013 | AH35: 8037.4859 | AI35: 8702.2589 | AJ35: 8764.017 | AK35: 9399.873 | AL35: 9543.5643 | AM35: 9499.8287 | AN35: 9555.3831 | AO35: 9715.2789 | AP35: 9470.1332 | AQ35: 10358.926 | AR35: 11136.822 | AS35: 11032 | AT35: 11129.419 | AU35: 10773.735 | AV35: 11314.229 | AW35: 11120.632 | AX35: 11735.559 | AY35: 11599.847 | AZ35: 11687.418 | BA35: 11767.703 | BB35: 12250.67 | BC35: 12609.891 | BD35: 12707.307 | BE35: 6020.8764 | BF35: 3706.5764 | BG35: 5924.2964
A36: Light Rail | AA36: 571 | AB36: 662 | AC36: 701 | AD36: 705 | AE36: 833 | AF36: 860 | AG36: 955.2451 | AH36: 1023.7081 | AI36: 1115.3519 | AJ36: 1190.1686 | AK36: 1339.4318 | AL36: 1427.3053 | AM36: 1431.6725 | AN36: 1476.0326 | AO36: 1576.1977 | AP36: 1699.5838 | AQ36: 1865.7202 | AR36: 1930.2944 | AS36: 2081.0626 | AT36: 2196.1175 | AU36: 2172.7472 | AV36: 2363.4307 | AW36: 2488.8479 | AX36: 2564.6257 | AY36: 2674.5207 | AZ36: 2678.1121 | BA36: 2755.9249 | BB36: 2776.046 | BC36: 2728.4781 | BD36: 2692.6561 | BE36: 1834.1856 | BF36: 1040.6862 | BG36: 1473.5167
A37: Heavy Rail | AA37: 11475 | AB37: 10528 | AC37: 10737 | AD37: 10231 | AE37: 10668 | AF37: 10559 | AG37: 11530.22 | AH37: 12056.068 | AI37: 12284.382 | AJ37: 12902.057 | AK37: 13843.512 | AL37: 14178.092 | AM37: 13663.224 | AN37: 13606.196 | AO37: 14354.281 | AP37: 14417.699 | AQ37: 14721.466 | AR37: 16137.952 | AS37: 16849.92 | AT37: 16805.11 | AU37: 16406.939 | AV37: 17316.613 | AW37: 17516.433 | AX37: 18004.627 | AY37: 18339.049 | AZ37: 18283.014 | BA37: 18356.561 | BB37: 17591.05 | BC37: 16914.1 | BD37: 17365.829 | BE37: 8947.3055 | BF37: 7405.0893 | BG37: 9801.9197
A38: Rail Total | AA38: =SUM(AA35:AA37) -> 19128 | AB38: =SUM(AB35:AB37) -> 18534 | AC38: =SUM(AC35:AC37) -> 18758 | AD38: =SUM(AD35:AD37) -> 17876 | AE38: =SUM(AE35:AE37) -> 19497 | AF38: =SUM(AF35:AF37) -> 19663 | AG38: =SUM(AG35:AG37) -> 20835.867 | AH38: =SUM(AH35:AH37) -> 21117.262 | ... BG38: =SUM(BG35:BG37) -> 17199.733
A40: Ferry Boat | AA40: 286 | AB40: 282 | AC40: 271 | AD40: 260 | AE40: 260 | AF40: 260 | AG40: 255.3884 | AH40: 254.21924 | AI40: 280.12588 | AJ40: 294.71405 | AK40: 298.13286 | AL40: 295.33118 | AM40: 301.36356 | AN40: 366.84363 | AO40: 356.98431 | AP40: 359.19848 | AQ40: 359.85687 | AR40: 380.7819 | AS40: 390.45812 | AT40: 364.67173 | AU40: 389.20501 | AV40: 389.38419 | AW40: 402.1157 | AX40: 402.30593 | AY40: 414.20946 | AZ40: 450.5265 | BA40: 489.35633 | BB40: 486.0375 | BC40: 519.78386 | BD40: 546.5696 | BE40: 411.19196 | BF40: 268.01795 | BG40: 377.48324
A41: Other | AA41: 124 | AB41: 148 | AC41: 182 | AD41: 251 | AE41: 232 | AF41: 273 | AG41: 515.5964 | AH41: 579.27095 | AI41: 654.07031 | AJ41: 699.0164 | AK41: 632.4098 | AL41: 667.59749 | AM41: 682.52739 | AN41: 628.79708 | AO41: 745.1288 | AP41: 841.65539 | AQ41: 890.82436 | AR41: 966.1105 | AS41: 1155.9272 | AT41: 1253.9603 | AU41: 1314.7709 | AV41: 1379.3117 | AW41: 1485.8099 | AX41: 1494.6165 | AY41: 1534.018 | AZ41: 1487.9779 | BA41: 1522.0324 | BB41: 1494.7848 | BC41: 1456.0749 | BD41: 1453.2183 | BE41: 974.63186 | BF41: 665.32886 | BG41: 792.89804
A42: Transit Total | AA42: =SUM(AA40:AA41,AA38,AA33) -> 40712 | AB42: =SUM(AB40:AB41,AB38,AB33) -> 40249 | AC42: =SUM(AC40:AC41,AC38,AC33) -> 39746 | AD42: =SUM(AD40:AD41,AD38,AD33) -> 38822 | AE42: =SUM(AE40:AE41,AE38,AE33) -> 39008 | AF42: =SUM(AF40:AF41,AF38,AF33) -> 39201 | AG42: =SUM(AG40:AG41,AG38,AG33) -> 38593.183 | AH42: =SUM(AH40:AH41,AH38,AH33) -> 39649.141 | ... BG42: =SUM(BG40:BG41,BG38,BG33) -> 29309.849
A44: Intercity/Amtrack | B44: 13260 | G44: 6179 | L44: 3931 | Q44: 4503 | V44: 4825 | AA44: 6057 | AB44: 6273 | AC44: 6091 | AD44: 6199 | AE44: 5921 | AF44: 5545 | AG44: 5050 | AH44: 5166 | AI44: 5304 | AJ44: 5330 | AK44: 5573.9917 | AL44: 5571 | AM44: 5313.8277 | AN44: 5679.9338 | AO44: 5510.88 | AP44: 5381.372 | AQ44: 5409.804 | AR44: 5782.818 | AS44: 6178.506 | AT44: 5914.033 | AU44: 6419.7687 | AV44: 6567.8391 | AW44: 6803.869 | AX44: 6809.5783 | AY44: 6674.6713 | AZ44: 6535.9128 | BA44: 6519.6 | BB44: 6563 | BC44: 6361 | BD44: 6487.2487 | BE44: 3450.2114 | BF44: 2860.29 | BG44: 4887.7799 | BH44: 5826
BC46: =(BC20/(('US Fuel Production'!B16*1000)+'[2]Jet Fuel'!B$33))*1000000 -> 2.2989164 | BD46: =(BD20/(('US Fuel Production'!C16*1000)+'[2]Jet Fuel'!C$33))*1000000 -> 2.3515951 | BE46: =(BE20/(('US Fuel Production'!D16*1000)+'[2]Jet Fuel'!D$33))*1000000 -> 1.5427523 | BF46: =(BF20/(('US Fuel Production'!E16*1000)+'[2]Jet Fuel'!E$33))*1000000 -> 2.2759573 | BG46: =(BG20/(('US Fuel Production'!F16*1000)+'[2]Jet Fuel'!F$33))*1000000 -> 2.4698157 | BH46: =(BH20/(('US Fuel Production'!G16*1000)+'[2]Jet Fuel'!G$33))*1000000 -> 2.5418828 | BI46: 2.35 | BJ46: 2.35 | BK46: 2.35 | BL46: 2.35 | BM46: 2.35 | BN46: 2.35 | BO46: 2.35 | BP46: 2.35 | BQ46: 2.35 | BR46: 2.35 | BS46: 2.35

Sheet US Fuel Production
A2: Jet Fuel Domestic Production
A3: thousand gallons | B3: 2018 | C3: 2019 | D3: 2020 | E3: 2021 | F3: 2022 | G3: 2023 | H3: 2024 | I3: 2025 | J3: 2026 | K3: 2027 | L3: 2028 | M3: 2029 | N3: 2030 | O3: 2031 | P3: 2032 | Q3: 2033
A4: January | B4: ='US Jet Fuel'!$B639 -> 24037440 | C4: ='US Jet Fuel'!$B651 -> 24849930 | D4: ='US Jet Fuel'!$B663 -> 25647090 | E4: ='US Jet Fuel'!$B675 -> 17338230 | F4: ='US Jet Fuel'!$B687 -> 21737940 | G4: ='US Jet Fuel'!$B699 -> 23424240 | H4: ='US Jet Fuel'!$B711 -> 23546880 | I4: =I$16*(SUM(D4:H4)/SUM(D$16:H$16)) -> 26217591 | J4: =J$16*(SUM(E4:I4)/SUM(E$16:I$16)) -> 24326864 | K4: =K$16*(SUM(F4:J4)/SUM(F$16:J$16)) -> 25384149 | L4: =L$16*(SUM(G4:K4)/SUM(G$16:K$16)) -> 26029432 | M4: =M$16*(SUM(H4:L4)/SUM(H$16:L$16)) -> 26492212 | N4: =N$16*(SUM(I4:M4)/SUM(I$16:M$16)) -> 27072964 | O4: =O$16*(SUM(J4:N4)/SUM(J$16:N$16)) -> 27370192 | P4: =P$16*(SUM(K4:O4)/SUM(K$16:O$16)) -> 28040688 | Q4: =Q$16*(SUM(L4:P4)/SUM(L$16:P$16)) -> 28549908
A5: February | B5: ='US Jet Fuel'!$B640 -> 24374700 | C5: ='US Jet Fuel'!$B652 -> 24635310 | D5: ='US Jet Fuel'!$B664 -> 24819270 | E5: ='US Jet Fuel'!$B676 -> 16663710 | F5: ='US Jet Fuel'!$B688 -> 21737940 | G5: ='US Jet Fuel'!$B700 -> 23240280 | H5: ='US Jet Fuel'!$B712 -> 23976120 | I5: =I$16*(SUM(D5:H5)/SUM(D$16:H$16)) -> 25922526 | J5: =J$16*(SUM(E5:I5)/SUM(E$16:I$16)) -> 24169914 | K5: =K$16*(SUM(F5:J5)/SUM(F$16:J$16)) -> 25340144 | L5: =L$16*(SUM(G5:K5)/SUM(G$16:K$16)) -> 25976326 | M5: =M$16*(SUM(H5:L5)/SUM(H$16:L$16)) -> 26466905 | N5: =N$16*(SUM(I5:M5)/SUM(I$16:M$16)) -> 26951893 | O5: =O$16*(SUM(J5:N5)/SUM(J$16:N$16)) -> 27285431 | P5: =P$16*(SUM(K5:O5)/SUM(K$16:O$16)) -> 27971142 | Q5: =Q$16*(SUM(L5:P5)/SUM(L$16:P$16)) -> 28475092
A6: March | B6: ='US Jet Fuel'!$B641 -> 26152980 | C6: ='US Jet Fuel'!$B653 -> 26229630 | D6: ='US Jet Fuel'!$B665 -> 21278040 | E6: ='US Jet Fuel'!$B677 -> 17629500 | F6: ='US Jet Fuel'!$B689 -> 23301600 | G6: ='US Jet Fuel'!$B701 -> 24727290 | H6: ='US Jet Fuel'!$B713 -> 25309830 | I6: =I$16*(SUM(D6:H6)/SUM(D$16:H$16)) -> 26347132 | J6: =J$16*(SUM(E6:I6)/SUM(E$16:I$16)) -> 25421259 | K6: =K$16*(SUM(F6:J6)/SUM(F$16:J$16)) -> 26630138 | L6: =L$16*(SUM(G6:K6)/SUM(G$16:K$16)) -> 27201907 | M6: =M$16*(SUM(H6:L6)/SUM(H$16:L$16)) -> 27633200 | N6: =N$16*(SUM(I6:M6)/SUM(I$16:M$16)) -> 28081140 | O6: =O$16*(SUM(J6:N6)/SUM(J$16:N$16)) -> 28568676 | P6: =P$16*(SUM(K6:O6)/SUM(K$16:O$16)) -> 29262351 | Q6: =Q$16*(SUM(L6:P6)/SUM(L$16:P$16)) -> 29764137
A7: April | B7: ='US Jet Fuel'!$B642 -> 24987900 | C7: ='US Jet Fuel'!$B654 -> 26919480 | D7: ='US Jet Fuel'!$B666 -> 10393740 | E7: ='US Jet Fuel'!$B678 -> 19806360 | F7: ='US Jet Fuel'!$B690 -> 23715510 | G7: ='US Jet Fuel'!$B702 -> 24619980 | H7: ='US Jet Fuel'!$B714 -> 26183640 | I7: =I$16*(SUM(D7:H7)/SUM(D$16:H$16)) -> 24580341 | J7: =J$16*(SUM(E7:I7)/SUM(E$16:I$16)) -> 25765903 | K7: =K$16*(SUM(F7:J7)/SUM(F$16:J$16)) -> 26578682 | L7: =L$16*(SUM(G7:K7)/SUM(G$16:K$16)) -> 27052147 | M7: =M$16*(SUM(H7:L7)/SUM(H$16:L$16)) -> 27474981 | N7: =N$16*(SUM(I7:M7)/SUM(I$16:M$16)) -> 27705643 | O7: =O$16*(SUM(J7:N7)/SUM(J$16:N$16)) -> 28486063 | P7: =P$16*(SUM(K7:O7)/SUM(K$16:O$16)) -> 29089138 | Q7: =Q$16*(SUM(L7:P7)/SUM(L$16:P$16)) -> 29565501
A8: May | B8: ='US Jet Fuel'!$B643 -> 25831050 | C8: ='US Jet Fuel'!$B655 -> 27180090 | D8: ='US Jet Fuel'!$B667 -> 9152010 | E8: ='US Jet Fuel'!$B679 -> 19806360 | F8: ='US Jet Fuel'!$B691 -> 24390030 | G8: ='US Jet Fuel'!$B703 -> 25601100 | H8: ='US Jet Fuel'!$B715 -> 27103440 | I8: =I$16*(SUM(D8:H8)/SUM(D$16:H$16)) -> 24893398 | J8: =J$16*(SUM(E8:I8)/SUM(E$16:I$16)) -> 26391816 | K8: =K$16*(SUM(F8:J8)/SUM(F$16:J$16)) -> 27326755 | L8: =L$16*(SUM(G8:K8)/SUM(G$16:K$16)) -> 27812056 | M8: =M$16*(SUM(H8:L8)/SUM(H$16:L$16)) -> 28185652 | N8: =N$16*(SUM(I8:M8)/SUM(I$16:M$16)) -> 28371163 | O8: =O$16*(SUM(J8:N8)/SUM(J$16:N$16)) -> 29229045 | P8: =P$16*(SUM(K8:O8)/SUM(K$16:O$16)) -> 29857621 | Q8: =Q$16*(SUM(L8:P8)/SUM(L$16:P$16)) -> 30336859
A9: June | B9: ='US Jet Fuel'!$B644 -> 28467810 | C9: ='US Jet Fuel'!$B656 -> 27624660 | D9: ='US Jet Fuel'!$B668 -> 12018720 | E9: ='US Jet Fuel'!$B680 -> 21860580 | F9: ='US Jet Fuel'!$B692 -> 25846380 | G9: ='US Jet Fuel'!$B704 -> 26904150 | H9: ='US Jet Fuel'!$B716 -> 26214300 | I9: =I$16*(SUM(D9:H9)/SUM(D$16:H$16)) -> 26487468 | J9: =J$16*(SUM(E9:I9)/SUM(E$16:I$16)) -> 27587640 | K9: =K$16*(SUM(F9:J9)/SUM(F$16:J$16)) -> 28318709 | L9: =L$16*(SUM(G9:K9)/SUM(G$16:K$16)) -> 28700693 | M9: =M$16*(SUM(H9:L9)/SUM(H$16:L$16)) -> 28983837 | N9: =N$16*(SUM(I9:M9)/SUM(I$16:M$16)) -> 29523773 | O9: =O$16*(SUM(J9:N9)/SUM(J$16:N$16)) -> 30293157 | P9: =P$16*(SUM(K9:O9)/SUM(K$16:O$16)) -> 30894827 | Q9: =Q$16*(SUM(L9:P9)/SUM(L$16:P$16)) -> 31381691
A10: July | B10: ='US Jet Fuel'!$B645 -> 27180090 | C10: ='US Jet Fuel'!$B657 -> 28314510 | D10: ='US Jet Fuel'!$B669 -> 14839440 | E10: ='US Jet Fuel'!$B681 -> 23010330 | F10: ='US Jet Fuel'!$B693 -> 24573990 | G10: ='US Jet Fuel'!$B705 -> 26873490 | H10: ='US Jet Fuel'!$B717 -> 28084560 | I10: =I$16*(SUM(D10:H10)/SUM(D$16:H$16)) -> 27552580 | J10: =J$16*(SUM(E10:I10)/SUM(E$16:I$16)) -> 28190492 | K10: =K$16*(SUM(F10:J10)/SUM(F$16:J$16)) -> 28794485 | L10: =L$16*(SUM(G10:K10)/SUM(G$16:K$16)) -> 29544341 | M10: =M$16*(SUM(H10:L10)/SUM(H$16:L$16)) -> 30009214 | N10: =N$16*(SUM(I10:M10)/SUM(I$16:M$16)) -> 30369528 | O10: =O$16*(SUM(J10:N10)/SUM(J$16:N$16)) -> 31096110 | P10: =P$16*(SUM(K10:O10)/SUM(K$16:O$16)) -> 31740929 | Q10: =Q$16*(SUM(L10:P10)/SUM(L$16:P$16)) -> 32304520
A11: August | B11: ='US Jet Fuel'!$B646 -> 28483140 | C11: ='US Jet Fuel'!$B658 -> 28222530 | D11: ='US Jet Fuel'!$B670 -> 15575280 | E11: ='US Jet Fuel'!$B682 -> 23960790 | F11: ='US Jet Fuel'!$B694 -> 25355820 | G11: ='US Jet Fuel'!$B706 -> 26183640 | H11: =H$16*(SUM(C11:G11)/SUM(C$16:G$16)) -> 27723052 | I11: =I$16*(SUM(D11:H11)/SUM(D$16:H$16)) -> 27885133 | J11: =J$16*(SUM(E11:I11)/SUM(E$16:I$16)) -> 28410105 | K11: =K$16*(SUM(F11:J11)/SUM(F$16:J$16)) -> 28854648 | L11: =L$16*(SUM(G11:K11)/SUM(G$16:K$16)) -> 29451357 | M11: =M$16*(SUM(H11:L11)/SUM(H$16:L$16)) -> 30042531 | N11: =N$16*(SUM(I11:M11)/SUM(I$16:M$16)) -> 30486011 | O11: =O$16*(SUM(J11:N11)/SUM(J$16:N$16)) -> 31167356 | ... Q11: =Q$16*(SUM(L11:P11)/SUM(L$16:P$16)) -> 32340035
A12: September | B12: ='US Jet Fuel'!$B647 -> 26122320 | C12: ='US Jet Fuel'!$B659 -> 26091660 | D12: ='US Jet Fuel'!$B671 -> 14118930 | E12: ='US Jet Fuel'!$B683 -> 22765050 | F12: ='US Jet Fuel'!$B695 -> 23516220 | G12: ='US Jet Fuel'!$B707 -> 25923030 | H12: =H$16*(SUM(C12:G12)/SUM(C$16:G$16)) -> 26123508 | I12: =I$16*(SUM(D12:H12)/SUM(D$16:H$16)) -> 26394189 | J12: =J$16*(SUM(E12:I12)/SUM(E$16:I$16)) -> 27026218 | K12: =K$16*(SUM(F12:J12)/SUM(F$16:J$16)) -> 27455190 | L12: =L$16*(SUM(G12:K12)/SUM(G$16:K$16)) -> 28152118 | M12: =M$16*(SUM(H12:L12)/SUM(H$16:L$16)) -> 28528403 | N12: =N$16*(SUM(I12:M12)/SUM(I$16:M$16)) -> 28992173 | O12: =O$16*(SUM(J12:N12)/SUM(J$16:N$16)) -> 29666496 | ... Q12: =Q$16*(SUM(L12:P12)/SUM(L$16:P$16)) -> 30788862
A13: October | B13: ='US Jet Fuel'!$B648 -> 25677750 | C13: ='US Jet Fuel'!$B660 -> 26474910 | D13: ='US Jet Fuel'!$B672 -> 15421980 | E13: ='US Jet Fuel'!$B684 -> 22489110 | F13: ='US Jet Fuel'!$B696 -> 23884140 | G13: ='US Jet Fuel'!$B708 -> 26015010 | H13: =H$16*(SUM(C13:G13)/SUM(C$16:G$16)) -> 26558128 | I13: =I$16*(SUM(D13:H13)/SUM(D$16:H$16)) -> 26845246 | J13: =J$16*(SUM(E13:I13)/SUM(E$16:I$16)) -> 27257999 | K13: =K$16*(SUM(F13:J13)/SUM(F$16:J$16)) -> 27790944 | L13: =L$16*(SUM(G13:K13)/SUM(G$16:K$16)) -> 28479381 | M13: =M$16*(SUM(H13:L13)/SUM(H$16:L$16)) -> 28904235 | N13: =N$16*(SUM(I13:M13)/SUM(I$16:M$16)) -> 29355046 | O13: =O$16*(SUM(J13:N13)/SUM(J$16:N$16)) -> 30012260 | ... Q13: =Q$16*(SUM(L13:P13)/SUM(L$16:P$16)) -> 31165699
A14: November | B14: ='US Jet Fuel'!$B649 -> 26919480 | C14: ='US Jet Fuel'!$B661 -> 26229630 | D14: ='US Jet Fuel'!$B673 -> 17322900 | E14: ='US Jet Fuel'!$B685 -> 23102310 | F14: ='US Jet Fuel'!$B697 -> 24282720 | G14: ='US Jet Fuel'!$B709 -> 24880590 | H14: =H$16*(SUM(C14:G14)/SUM(C$16:G$16)) -> 26914374 | I14: =I$16*(SUM(D14:H14)/SUM(D$16:H$16)) -> 27346275 | J14: =J$16*(SUM(E14:I14)/SUM(E$16:I$16)) -> 27417188 | K14: =K$16*(SUM(F14:J14)/SUM(F$16:J$16)) -> 27850677 | L14: =L$16*(SUM(G14:K14)/SUM(G$16:K$16)) -> 28467050 | M14: =M$16*(SUM(H14:L14)/SUM(H$16:L$16)) -> 29128801 | N14: =N$16*(SUM(I14:M14)/SUM(I$16:M$16)) -> 29551520 | O14: =O$16*(SUM(J14:N14)/SUM(J$16:N$16)) -> 30145111 | ... Q14: =Q$16*(SUM(L14:P14)/SUM(L$16:P$16)) -> 31307164
A15: December | B15: ='US Jet Fuel'!$B650 -> 25693080 | C15: ='US Jet Fuel'!$B662 -> 27731970 | D15: ='US Jet Fuel'!$B674 -> 17598840 | E15: ='US Jet Fuel'!$B686 -> 23255610 | F15: ='US Jet Fuel'!$B698 -> 24420690 | G15: ='US Jet Fuel'!$B710 -> 25570440 | H15: =H16-SUM(H4:H14) -> 28562169 | I15: =I16-SUM(I4:I14) -> 28028121 | J15: =J16-SUM(J4:J14) -> 28134602 | K15: =K16-SUM(K4:K14) -> 28675478 | L15: =L16-SUM(L4:L14) -> 29433192 | M15: =M16-SUM(M4:M14) -> 30150030 | N15: =N16-SUM(N4:N14) -> 30439147 | O15: =O16-SUM(O4:O14) -> 31080105 | ... Q15: =Q16-SUM(Q4:Q14) -> 32320531
A16: Total | B16: =SUM(B4:B15) -> 313927740 | C16: =SUM(C4:C15) -> 320504310 | D16: =SUM(D4:D15) -> 198186240 | E16: =SUM(E4:E15) -> 251687940 | F16: =SUM(F4:F15) -> 286762980 | G16: =SUM(G4:G15) -> 303963240 | H16: ='[2]Jet Fuel'!H$6*1000 -> 316300000 | I16: ='[2]Jet Fuel'!I$6*1000 -> 318500000 | J16: ='[2]Jet Fuel'!J$6*1000 -> 320100000 | K16: ='[2]Jet Fuel'!K$6*1000 -> 329000000 | L16: ='[2]Jet Fuel'!L$6*1000 -> 336300000 | M16: ='[2]Jet Fuel'!M$6*1000 -> 342000000 | N16: ='[2]Jet Fuel'!N$6*1000 -> 346900000 | O16: ='[2]Jet Fuel'!O$6*1000 -> 354400000 | ... Q16: ='[2]Jet Fuel'!Q$6*1000 -> 368300000

Sheet US Jet Fuel
B1: US Domestic Jet Fuel Production | C1: US Jet Fuel Inventories
A2: (thousand gallons)
A3: 23743 | B3: 4844280 | C3: 427224
A4: 23774 | B4: 4369050 | C4: 448518
A5: 23802 | B5: 4844280 | C5: 451794
A6: 23833 | B6: 4782960 | C6: 476742
A7: 23863 | B7: 5135550 | C7: 486276
A8: 23894 | B8: 5058900 | C8: 502236
A9: 23924 | B9: 5350170 | C9: 517734
A10: 23955 | B10: 5288850 | C10: 491778
A11: 23986 | B11: 5687430 | C11: 452130
A12: 24016 | B12: 5120220 | C12: 449022
A13: 24047 | B13: 5120220 | C13: 465444
A14: 24077 | B14: 5702760 | C14: 435162
... A711: 45292 | B711: 23546880 | C711: 1745856
A712: 45323 | B712: 23976120
A713: 45352 | B713: 25309830
A714: 45383 | B714: 26183640
A715: 45413 | B715: 27103440
A716: 45444 | B716: 26214300
A717: 45474 | B717: 28084560
A718: 45505
A719: 45536
A720: 45566
A721: 45597
A722: 45627
A723: 45658
A724: 45689
A725: 45717
A726: 45748
A727: 45778
A728: 45809
A729: 45839
... A842: 49279
