Workbook

Sheet BD
A1: NORTH AMERICA BIODIESEL BALANCES
A2: million gallons | B2: 2015 | C2: 2016 | D2: 2017 | E2: 2018 | F2: 2019 | G2: 2020 | H2: 2021 | I2: 2022 | J2: 2023 | K2: 2024 | L2: 2025 | M2: 2026 | N2: 2027 | O2: 2028 | P2: 2029 | Q2: 2030 | R2: 2031 | S2: 2032 | T2: 2033 | U2: 2034 | V2: 2035
A3: Beginning Stocks | B3: =[1]BD!$P$4+[2]BD!$B$3 -> 131.486 | C3: =B10 -> 165.61856 | D3: 0 | E3: 0 | F3: 0 | G3: 0 | H3: 0 | I3: 0 | J3: 0 | K3: =J10 -> 163.69652 | L3: =K10 -> 173.56649 | M3: =L10 -> 157.15093 | N3: =M10 -> 119.82225 | O3: =N10 -> 143.02198 | P3: =O10 -> 191.66485 | Q3: =P10 -> 160.92272 | R3: =Q10 -> 173.2664 | ... V3: =U10 -> 65.354763
A4: Production | B4: =[1]BD!P5+[2]BD!B4 -> 1359.1482 | C4: =[1]BD!Q5+[2]BD!C4 -> 1755.682 | D4: =[1]BD!R5+[2]BD!D4 -> 1693.1252 | E4: =[1]BD!S5+[2]BD!E4 -> 1936.8171 | F4: =[1]BD!T5+[2]BD!F4 -> 1808.6106 | G4: =[1]BD!U5+[2]BD!G4 -> 1945.8635 | H4: =[1]BD!V5+[2]BD!H4 -> 1818.4846 | I4: =[1]BD!W5+[2]BD!I4 -> 1717.7393 | ... V4: =[1]BD!AJ5+[2]BD!V4 -> 1329.6393
A5: Imports | B5: =[1]BD!P6+[2]BD!B5 -> 437.97309 | C5: =[1]BD!Q6+[2]BD!C5 -> 777.14073 | D5: =[1]BD!R6+[2]BD!D5 -> 588.41724 | E5: =[1]BD!S6+[2]BD!E5 -> 330.47188 | F5: =[1]BD!T6+[2]BD!F5 -> 336.60487 | G5: =[1]BD!U6+[2]BD!G5 -> 365.50664 | H5: =[1]BD!V6+[2]BD!H5 -> 361.00822 | I5: =[1]BD!W6+[2]BD!I5 -> 444.58153 | ... V5: =[1]BD!AJ6+[2]BD!V5 -> 355.1326
A6: Total Supply | B6: =B3+B4+B5 -> 1928.6073 | C6: =C3+C4+C5 -> 2698.4413 | D6: =D3+D4+D5 -> 2281.5425 | E6: =E3+E4+E5 -> 2267.289 | F6: =F3+F4+F5 -> 2145.2155 | G6: =G3+G4+G5 -> 2311.3701 | H6: =H3+H4+H5 -> 2179.4928 | I6: =I3+I4+I5 -> 2162.3208 | ... V6: =V3+V4+V5 -> 1750.1267
A7: Consumption | B7: =[1]BD!P8+[2]BD!B7 -> 1610.9354 | C7: =[1]BD!Q8+[2]BD!C7 -> 2226.5614 | D7: =[1]BD!R8+[2]BD!D7 -> 2189.6734 | E7: =[1]BD!S8+[2]BD!E7 -> 2066.7831 | F7: =[1]BD!T8+[2]BD!F7 -> 1971.92 | G7: =[1]BD!U8+[2]BD!G7 -> 2058.6185 | H7: =[1]BD!V8+[2]BD!H7 -> 1857.2546 | I7: =[1]BD!W8+[2]BD!I7 -> 1847.9118 | ... V7: =[1]BD!AJ8+[2]BD!V7 -> 1652
A8: Exports | B8: =[1]BD!P10+[2]BD!B8 -> 152.05337 | C8: =[1]BD!Q10+[2]BD!C8 -> 203.17477 | D8: =[1]BD!R10+[2]BD!D8 -> 181.32028 | E8: =[1]BD!S10+[2]BD!E8 -> 183.94666 | F8: =[1]BD!T10+[2]BD!F8 -> 205.03045 | G8: =[1]BD!U10+[2]BD!G8 -> 262.88357 | H8: =[1]BD!V10+[2]BD!H8 -> 302.65104 | I8: =[1]BD!W10+[2]BD!I8 -> 340.58382 | ... V8: =[1]BD!AJ10+[2]BD!V8 -> 55
A9: Total Use | B9: =SUM(B7:B8) -> 1762.9887 | C9: =SUM(C7:C8) -> 2429.7362 | D9: =SUM(D7:D8) -> 2370.9937 | E9: =SUM(E7:E8) -> 2250.7297 | F9: =SUM(F7:F8) -> 2176.9505 | G9: =SUM(G7:G8) -> 2321.5021 | H9: =SUM(H7:H8) -> 2159.9057 | I9: =SUM(I7:I8) -> 2188.4957 | ... V9: =SUM(V7:V8) -> 1707
A10: Ending Stocks | B10: =[2]BD!B$10+[1]BD!P$12 -> 165.61856 | C10: =[2]BD!C$10+[1]BD!Q$12 -> 268.70508 | D10: =[2]BD!D$10+[1]BD!R$12 -> 179.25386 | E10: =[2]BD!E$10+[1]BD!S$12 -> 195.81311 | F10: =[2]BD!F$10+[1]BD!T$12 -> 164.07808 | G10: =[2]BD!G$10+[1]BD!U$12 -> 156.28779 | H10: =[2]BD!H$10+[1]BD!V$12 -> 177.70461 | I10: =[2]BD!I$10+[1]BD!W$12 -> 152.86619 | ... V10: =[2]BD!V$10+[1]BD!AJ$12 -> 43.1267
A11: Net Exports | B11: =B8-B5 -> -285.91972 | C11: =C8-C5 -> -573.96596 | D11: =D8-D5 -> -407.09696 | E11: =E8-E5 -> -146.52522 | F11: =F8-F5 -> -131.57441 | G11: =G8-G5 -> -102.62307 | H11: =H8-H5 -> -58.357182 | I11: =I8-I5 -> -103.99771 | ... V11: =V8-V5 -> -300.1326
A13: Blending Rate | B13: =B7/Diesel!B7 -> 0.02335067 | C13: =C7/Diesel!C7 -> 0.033116663 | D13: =D7/Diesel!D7 -> 0.031955481 | E13: =E7/Diesel!E7 -> 0.028962943 | F13: =F7/Diesel!F7 -> 0.027996201 | G13: =G7/Diesel!G7 -> 0.031551673 | H13: =H7/Diesel!H7 -> 0.027209778 | I13: =I7/Diesel!I7 -> 0.026610447 | ... V13: =V7/Diesel!V7 -> 0.022885149
A14: Capacity Total | B14: =[1]BD!P$20+[2]BD!B$12 -> 105.668 | C14: =[1]BD!Q$20+[2]BD!C$12 -> 145.2935 | D14: =[1]BD!R$20+[2]BD!D$12 -> 156.12447 | E14: =[1]BD!S$20+[2]BD!E$12 -> 2704.0239 | F14: =[1]BD!T$20+[2]BD!F$12 -> 2729.059 | G14: =[1]BD!U$20+[2]BD!G$12 -> 2672.4706 | H14: =[1]BD!V$20+[2]BD!H$12 -> 2587.8873 | I14: =[1]BD!W$20+[2]BD!I$12 -> 2352.7206 | ... V14: =[1]BD!AJ$20+[2]BD!V$12 -> 1927.0358
A15: Operating Rate | B15: =B4/B14 -> 12.862439 | C15: =C4/C14 -> 12.083693 | D15: =D4/D14 -> 10.844714 | E15: =E4/E14 -> 0.71627218 | F15: =F4/F14 -> 0.66272316 | G15: =G4/G14 -> 0.72811408 | H15: =H4/H14 -> 0.70269081 | I15: =I4/I14 -> 0.73010762 | ... V15: =V4/V14 -> 0.68999201
A16: Production Growth | E16: =E4/D4-1 -> 0.14393022 | F16: =F4/E4-1 -> -0.066194429 | G16: =G4/F4-1 -> 0.07588858 | H16: =H4/G4-1 -> -0.065461372 | I16: =I4/H4-1 -> -0.055400718 | J16: =J4/I4-1 -> 0.049446072 | K16: =K4/J4-1 -> 0.013885822 | L16: =L4/K4-1 -> -0.064938121 | ... V16: =V4/U4-1 -> -0.030402093
A17: Consumption Growth | E17: =E7/D7-1 -> -0.056122676 | F17: =F7/E7-1 -> -0.04589888 | G17: =G7/F7-1 -> 0.043966504 | H17: =H7/G7-1 -> -0.097815046 | I17: =I7/H7-1 -> -0.0050304302 | J17: =J7/I7-1 -> 0.16634223 | K17: =K7/J7-1 -> -0.034794334 | L17: =L7/K7-1 -> -0.13661718 | ... V17: =V7/U7-1 -> -0.032220269
A20: BBD Production | B20: =B4+RD!B4 -> 1535.9958 | C20: =C4+RD!C4 -> 1997.1694 | D20: =D4+RD!D4 -> 1951.4674 | E20: =E4+RD!E4 -> 2242.3016 | F20: =F4+RD!F4 -> 2300.7478 | G20: =G4+RD!G4 -> 2479.3718 | H20: =H4+RD!H4 -> 2663.9195 | I20: =I4+RD!I4 -> 3173.076 | ... V20: =V4+RD!V4 -> 6161.5294
A21: BBD Consumption | B21: =B7+RD!B7 -> 2171.326 | C21: =C7+RD!C7 -> 2858.0813 | D21: =D7+RD!D7 -> 2924.5751 | E21: =E7+RD!E7 -> 2735.779 | F21: =F7+RD!F7 -> 2992.3513 | G21: =G7+RD!G7 -> 3166.064 | H21: =H7+RD!H7 -> 3237.9718 | I21: =I7+RD!I7 -> 3785.2003 | ... V21: =V7+RD!V7 -> 6866.5273
A22: Production Growth | E22: =E20/D20-1 -> 0.1490336 | F22: =F20/E20-1 -> 0.026065289 | G22: =G20/F20-1 -> 0.077637388 | H22: =H20/G20-1 -> 0.074433235 | I22: =I20/H20-1 -> 0.19113057 | J22: =J20/I20-1 -> 0.33440585 | K22: =K20/J20-1 -> 0.20530811 | L22: =L20/K20-1 -> -0.058699841 | ... V22: =V20/U20-1 -> 0.076819204
A23: Consumption Growth | E23: =E21/D21-1 -> -0.064555045 | F23: =F21/E21-1 -> 0.093784003 | G23: =G21/F21-1 -> 0.058052224 | H23: =H21/G21-1 -> 0.022712067 | I23: =I21/H21-1 -> 0.16900346 | J23: =J21/I21-1 -> 0.36765696 | K23: =K21/J21-1 -> 0.16307974 | L23: =L21/K21-1 -> -0.11756348 | ... V23: =V21/U21-1 -> 0.051079884
A24: BBD Capacity | B24: =B14+RD!B14 -> 360.668 | C24: =C14+RD!C14 -> 511.7935 | D24: =D14+RD!D14 -> 564.12447 | E24: =E14+RD!E14 -> 3147.2364 | F24: =F14+RD!F14 -> 3287.059 | G24: =G14+RD!G14 -> 3305.4706 | H24: =H14+RD!H14 -> 3512.554 | I24: =I14+RD!I14 -> 4485.304 | ... V24: =V14+RD!V14 -> 8006.1358
A25: BBD Operating Rate | B25: =B20/B24 -> 4.2587527 | C25: =C20/C24 -> 3.9022954 | D25: =D20/D24 -> 3.4592851 | E25: =E20/E24 -> 0.71246683 | F25: =F20/F24 -> 0.69994113 | G25: =G20/G24 -> 0.75008134 | H25: =H20/H24 -> 0.7583996 | I25: =I20/I24 -> 0.70743833 | ... V25: =V20/V24 -> 0.7696009
A26: BBD Blending Rate | G26: =(G7+RD!G7)/Diesel!G7 -> 0.048525074 | H26: =(H7+RD!H7)/Diesel!H7 -> 0.047438027 | I26: =(I7+RD!I7)/Diesel!I7 -> 0.054507943 | J26: =(J7+RD!J7)/Diesel!J7 -> 0.076549236 | K26: =(K7+RD!K7)/Diesel!K7 -> 0.091402164 | L26: =(L7+RD!L7)/Diesel!L7 -> 0.076528795 | M26: =(M7+RD!M7)/Diesel!M7 -> 0.081069521 | N26: =(N7+RD!N7)/Diesel!N7 -> 0.081274078 | ... V26: =(V7+RD!V7)/Diesel!V7 -> 0.095121973

Sheet RD
A1: NORTH AMERICA RENEWABLE DIESEL SUPPLY AND DEMAND
A2: million gallons | B2: 2015 | C2: 2016 | D2: 2017 | E2: 2018 | F2: 2019 | G2: 2020 | H2: 2021 | I2: 2022 | J2: 2023 | K2: 2024 | L2: 2025 | M2: 2026 | N2: 2027 | O2: 2028 | P2: 2029 | Q2: 2030 | R2: 2031 | S2: 2032 | T2: 2033 | U2: 2034 | V2: 2035
A3: Beginning Stocks | B3: =[1]RD!$P$4+[2]RD!$B$3 -> 14.7 | C3: =B10 -> 26.628 | D3: =C10 -> 55.23 | E3: =D10 -> 31.626 | F3: =E10 -> 72.534 | G3: =F10 -> 62.622 | H3: =G10 -> 54.054 | I3: =H10 -> 98.815584 | J3: =I10 -> 143.02928 | ... V3: =U10 -> 65.033807
A4: Production | B4: =[1]RD!P5+[2]RD!B4 -> 176.84762 | C4: =[1]RD!Q5+[2]RD!C4 -> 241.48744 | D4: =[1]RD!R5+[2]RD!D4 -> 258.34213 | E4: =[1]RD!S5+[2]RD!E4 -> 305.48445 | F4: =[1]RD!T5+[2]RD!F4 -> 492.13719 | G4: =[1]RD!U5+[2]RD!G4 -> 533.50835 | H4: =[1]RD!V5+[2]RD!H4 -> 845.43491 | I4: =[1]RD!W5+[2]RD!I4 -> 1455.3367 | ... V4: =[1]RD!AJ5+[2]RD!V4 -> 4831.89
A5: Imports | B5: =[1]RD!P6+[2]RD!B5 -> 336.29696 | C5: =[1]RD!Q6+[2]RD!C5 -> 349.68604 | D5: =[1]RD!R6+[2]RD!D5 -> 344.38169 | E5: =[1]RD!S6+[2]RD!E5 -> 309.84664 | F5: =[1]RD!T6+[2]RD!F5 -> 417.99749 | G5: =[1]RD!U6+[2]RD!G5 -> 433.28415 | H5: =[1]RD!V6+[2]RD!H5 -> 452.71396 | I5: =[1]RD!W6+[2]RD!I5 -> 463.31413 | ... V5: =[1]RD!AJ6+[2]RD!V5 -> 352.13149
A6: Total Supply | B6: =B3+B4+B5 -> 527.84457 | C6: =C3+C4+C5 -> 617.80147 | D6: =D3+D4+D5 -> 657.95382 | E6: =E3+E4+E5 -> 646.95708 | F6: =F3+F4+F5 -> 982.66868 | G6: =G3+G4+G5 -> 1029.4145 | H6: =H3+H4+H5 -> 1352.2029 | I6: =I3+I4+I5 -> 2017.4664 | ... V6: =V3+V4+V5 -> 5249.0553
A7: Consumption | B7: =[1]RD!P8+[2]RD!B7 -> 560.39065 | C7: =[1]RD!Q8+[2]RD!C7 -> 631.51984 | D7: =[1]RD!R8+[2]RD!D7 -> 734.90169 | E7: =[1]RD!S8+[2]RD!E7 -> 668.99594 | F7: =[1]RD!T8+[2]RD!F7 -> 1020.4313 | G7: =[1]RD!U8+[2]RD!G7 -> 1107.4455 | H7: =[1]RD!V8+[2]RD!H7 -> 1380.7172 | I7: =[1]RD!W8+[2]RD!I7 -> 1937.2885 | ... V7: =[1]RD!AJ8+[2]RD!V7 -> 5214.5273
A8: Exports | B8: =[1]RD!P9+[2]RD!B8 -> 0 | C8: =[1]RD!Q9+[2]RD!C8 -> 0 | D8: =[1]RD!R9+[2]RD!D8 -> 0 | E8: =[1]RD!S9+[2]RD!E8 -> 0 | F8: =[1]RD!T9+[2]RD!F8 -> 0 | G8: =[1]RD!U9+[2]RD!G8 -> 0 | H8: =[1]RD!V9+[2]RD!H8 -> 0 | I8: =[1]RD!W9+[2]RD!I8 -> 37.533274 | ... V8: =[1]RD!AJ9+[2]RD!V8 -> 200.51483
A9: Total Use | B9: =B7+B8 -> 560.39065 | C9: =C7+C8 -> 631.51984 | D9: =D7+D8 -> 734.90169 | E9: =E7+E8 -> 668.99594 | F9: =F7+F8 -> 1020.4313 | G9: =G7+G8 -> 1107.4455 | H9: =H7+H8 -> 1380.7172 | I9: =I7+I8 -> 1974.8217 | ... V9: =V7+V8 -> 5415.0422
A10: Ending Stocks | B10: =[1]RD!P$11+[2]RD!B$10 -> 26.628 | C10: =[1]RD!Q$11+[2]RD!C$10 -> 55.23 | D10: =[1]RD!R$11+[2]RD!D$10 -> 31.626 | E10: =[1]RD!S$11+[2]RD!E$10 -> 72.534 | F10: =[1]RD!T$11+[2]RD!F$10 -> 62.622 | G10: =[1]RD!U$11+[2]RD!G$10 -> 54.054 | H10: =[1]RD!V$11+[2]RD!H$10 -> 98.815584 | I10: =[1]RD!W$11+[2]RD!I$10 -> 143.02928 | ... V10: =[1]RD!AJ$11+[2]RD!V$10 -> 13.984555
A11: Net Exports | B11: =B8-B5 -> -336.29696 | C11: =C8-C5 -> -349.68604 | D11: =D8-D5 -> -344.38169 | E11: =E8-E5 -> -309.84664 | F11: =F8-F5 -> -417.99749 | G11: =G8-G5 -> -433.28415 | H11: =H8-H5 -> -452.71396 | I11: =I8-I5 -> -425.78085 | ... V11: =V8-V5 -> -151.61667
A13: Blending Rate | B13: =B7/Diesel!B7 -> 0.0081229188 | C13: =C7/Diesel!C7 -> 0.0093928823 | D13: =D7/Diesel!D7 -> 0.01072495 | E13: =E7/Diesel!E7 -> 0.0093749999 | F13: =F7/Diesel!F7 -> 0.014487504 | G13: =G7/Diesel!G7 -> 0.016973401 | H13: =H7/Diesel!H7 -> 0.020228249 | I13: =I7/Diesel!I7 -> 0.027897496 | ... V13: =V7/Diesel!V7 -> 0.072236824
A14: Capacity Total | B14: =[1]RD!P$13+[2]RD!B$19 -> 255 | C14: =[1]RD!Q$13+[2]RD!C$19 -> 366.5 | D14: =[1]RD!R$13+[2]RD!D$19 -> 408 | E14: =[1]RD!S$13+[2]RD!E$19 -> 443.2125 | F14: =[1]RD!T$13+[2]RD!F$19 -> 558 | G14: =[1]RD!U$13+[2]RD!G$19 -> 633 | H14: =[1]RD!V$13+[2]RD!H$19 -> 924.66667 | I14: =[1]RD!W$13+[2]RD!I$19 -> 2132.5833 | ... V14: =[1]RD!AJ$13+[2]RD!V$19 -> 6079.1
A15: Operating Rate | B15: =B4/B14 -> 0.69352006 | C15: =C4/C14 -> 0.6589016 | D15: =D4/D14 -> 0.63319148 | E15: =E4/E14 -> 0.68925052 | F15: =F4/F14 -> 0.88196629 | G15: =G4/G14 -> 0.84282519 | H15: =H4/H14 -> 0.91431317 | I15: =I4/I14 -> 0.682429 | ... V15: =V4/V14 -> 0.79483641
A16: Production Growth | E16: =E4/D4-1 -> 0.1824802 | F16: =F4/E4-1 -> 0.61100571 | G16: =G4/F4-1 -> 0.084064279 | H16: =H4/G4-1 -> 0.58467044 | I16: =I4/H4-1 -> 0.72140598 | J16: =J4/I4-1 -> 0.67074492 | K16: =K4/J4-1 -> 0.3472257 | L16: =L4/K4-1 -> -0.055219215 | ... V16: =V4/U4-1 -> 0.11061557
A17: Consumption Growth | E17: =E7/D7-1 -> -0.089679677 | F17: =F7/E7-1 -> 0.52531759 | G17: =G7/F7-1 -> 0.085272004 | H17: =H7/G7-1 -> 0.24675862 | I17: =I7/H7-1 -> 0.40310299 | J17: =J7/I7-1 -> 0.55968405 | K17: =K7/J7-1 -> 0.30422465 | L17: =L7/K7-1 -> -0.10750522 | ... V17: =V7/U7-1 -> 0.080544936

Sheet SAF
A3: NORTH AMERICA SUSTAINABLE AVIATION FUEL BALANCES
A4: million gallons | B4: 2018 | C4: 2019 | D4: 2020 | E4: 2021 | F4: 2022 | G4: 2023 | H4: 2024 | I4: 2025 | J4: 2026 | K4: 2027 | L4: 2028 | M4: 2029 | N4: 2030 | O4: 2031 | P4: 2032 | Q4: 2033 | R4: 2034 | S4: 2035
A5: Beginning Stocks | B5: =[1]SAF!$B$5 -> 0 | C5: =B12 -> 0 | D5: =C12 -> 0 | E5: =D12 -> 0 | F5: =E12 -> 0 | G5: =F12 -> 0 | H5: =G12 -> 0 | I5: =H12 -> 0.01539569 | J5: =I12 -> 0.39420157 | ... S5: =R12 -> 1.6117061
A6: Production | B6: =[1]SAF!B6 -> 1.828178 | C6: =[1]SAF!C6 -> 2.428702 | D6: =[1]SAF!D6+[2]SAF!D6 -> 4.608399 | E6: =[1]SAF!E6+[2]SAF!E6 -> 5.076623 | F6: =[1]SAF!F6+[2]SAF!F6 -> 7.893137 | G6: =[1]SAF!G6+[2]SAF!G6 -> 14.016105 | H6: =[1]SAF!H6+[2]SAF!H6 -> 41.708893 | I6: =[1]SAF!I6+[2]SAF!I6 -> 242.72983 | J6: =[1]SAF!J6+[2]SAF!J6 -> 572.02421 | K6: =[1]SAF!K6+[2]SAF!K6 -> 1488.2515 | ... S6: =[1]SAF!S6+[2]SAF!S6 -> 5008.4329
A7: Imports | B7: =[1]SAF!B7 -> 0 | C7: =[1]SAF!C7 -> 0 | D7: =[1]SAF!D7+[2]SAF!D7 -> 0 | E7: =[1]SAF!E7+[2]SAF!E7 -> 0 | F7: =[1]SAF!F7+[2]SAF!F7 -> 7.92674 | G7: =[1]SAF!G7+[2]SAF!G7 -> 12.283992 | H7: =[1]SAF!H7+[2]SAF!H7 -> 73.150417 | I7: =[1]SAF!I7+[2]SAF!I7 -> 65 | J7: =[1]SAF!J7+[2]SAF!J7 -> 46.277421 | K7: =[1]SAF!K7+[2]SAF!K7 -> 66.450076 | ... S7: =[1]SAF!S7+[2]SAF!S7 -> 115.07895
A8: Total Supply | B8: =SUM(B5:B7) -> 1.828178 | C8: =SUM(C5:C7) -> 2.428702 | D8: =SUM(D5:D7) -> 4.608399 | E8: =SUM(E5:E7) -> 5.076623 | F8: =SUM(F5:F7) -> 15.819877 | G8: =SUM(G5:G7) -> 26.300097 | H8: =SUM(H5:H7) -> 114.85931 | I8: =SUM(I5:I7) -> 307.74522 | ... S8: =SUM(S5:S7) -> 5125.1236
A9: Domestic Use | B9: =[1]SAF!B9 -> 1.828178 | C9: =[1]SAF!C9 -> 2.428702 | D9: =[1]SAF!D9+[2]SAF!D$9 -> 4.608399 | E9: =[1]SAF!E9+[2]SAF!E$9 -> 5.076623 | F9: =[1]SAF!F9+[2]SAF!F$9 -> 15.819877 | G9: =[1]SAF!G9+[2]SAF!G$9 -> 26.300097 | H9: =[1]SAF!H9+[2]SAF!H$9 -> 114.84391 | I9: =[1]SAF!I9+[2]SAF!I$9 -> 207.35102 | J9: =[1]SAF!J9+[2]SAF!J$9 -> 318.11807 | K9: =[1]SAF!K9+[2]SAF!K$9 -> 1174.4505 | ... S9: =[1]SAF!S9+[2]SAF!S$9 -> 4423.5119
A10: Exports | B10: =[1]SAF!B10 -> 0 | C10: =[1]SAF!C10 -> 0 | D10: =[1]SAF!D10+[2]SAF!D$10 -> 0 | E10: =[1]SAF!E10+[2]SAF!E$10 -> 0 | F10: =[1]SAF!F10+[2]SAF!F$10 -> 0 | G10: =[1]SAF!G10+[2]SAF!G$10 -> 0 | H10: =[1]SAF!H10+[2]SAF!H$10 -> 0 | I10: =[1]SAF!I10+[2]SAF!I$10 -> 100 | J10: =[1]SAF!J10+[2]SAF!J$10 -> 300 | K10: =[1]SAF!K10+[2]SAF!K$10 -> 380 | ... S10: =[1]SAF!S10+[2]SAF!S$10 -> 700
A11: Total Demand | B11: =SUM(B9:B10) -> 1.828178 | C11: =SUM(C9:C10) -> 2.428702 | D11: =SUM(D9:D10) -> 4.608399 | E11: =SUM(E9:E10) -> 5.076623 | F11: =SUM(F9:F10) -> 15.819877 | G11: =SUM(G9:G10) -> 26.300097 | H11: =SUM(H9:H10) -> 114.84391 | I11: =SUM(I9:I10) -> 307.35102 | ... S11: =SUM(S9:S10) -> 5123.5119
A12: Ending Stocks | B12: =B8-B11 -> 0 | C12: =C8-C11 -> 0 | D12: =D8-D11 -> 0 | E12: =E8-E11 -> 0 | F12: =F8-F11 -> 0 | G12: =G8-G11 -> 0 | H12: =H8-H11 -> 0.01539569 | I12: =I8-I11 -> 0.39420157 | ... S12: =S8-S11 -> 1.6117061
A13: Net Exports | B13: =B10-B7 -> 0 | C13: =C10-C7 -> 0 | D13: =D10-D7 -> 0 | E13: =E10-E7 -> 0 | F13: =F10-F7 -> -7.92674 | G13: =G10-G7 -> -12.283992 | H13: =H10-H7 -> -73.150417 | I13: =I10-I7 -> 35 | ... S13: =S10-S7 -> 584.92105
A15: Blending Rate | D15: =D9/'Jet Fuel'!D9 -> 0.00026172166 | E15: =E9/'Jet Fuel'!E9 -> 0.00022914443 | F15: =F9/'Jet Fuel'!F9 -> 0.00061178917 | G15: =G9/'Jet Fuel'!G9 -> 0.00095435252 | H15: =H9/'Jet Fuel'!H9 -> 0.0040463442 | I15: =I9/'Jet Fuel'!I9 -> 0.0071558659 | J15: =J9/'Jet Fuel'!J9 -> 0.010817404 | K15: =K9/'Jet Fuel'!K9 -> 0.038971638 | ... S15: =S9/'Jet Fuel'!S9 -> 0.12010185
A16: Capacity | B16: =[1]SAF!B$18 -> 0 | C16: =[1]SAF!C$18 -> 0 | D16: =[1]SAF!D$18+[2]SAF!D$16 -> 142.1 | E16: =[1]SAF!E$18+[2]SAF!E$16 -> 565.6 | F16: =[1]SAF!F$18+[2]SAF!F$16 -> 965.601 | G16: =[1]SAF!G$18+[2]SAF!G$16 -> 965.601 | H16: =[1]SAF!H$18+[2]SAF!H$16 -> 936.15863 | I16: =[1]SAF!I$18+[2]SAF!I$16 -> 2036.1263 | J16: =[1]SAF!J$18+[2]SAF!J$16 -> 2098.7493 | K16: =[1]SAF!K$18+[2]SAF!K$16 -> 4117.5128 | ... S16: =[1]SAF!S$18+[2]SAF!S$16 -> 7394.6751
A17: Operating Rate | D17: =D6/D16 -> 0.032430676 | E17: =E6/E16 -> 0.0089756418 | F17: =F6/F16 -> 0.0081743256 | G17: =G6/G16 -> 0.014515421 | H17: =H6/H16 -> 0.044553232 | I17: =I6/I16 -> 0.11921158 | J17: =J6/J16 -> 0.27255481 | K17: =K6/K16 -> 0.3614443 | ... S17: =S6/S16 -> 0.67730264
A18: Production Growth | E18: =E6/D6-1 -> 0.10160231 | F18: =F6/E6-1 -> 0.5548007 | G18: =G6/F6-1 -> 0.77573315 | H18: =H6/G6-1 -> 1.9757834 | I18: =I6/H6-1 -> 4.8196181 | J18: =J6/I6-1 -> 1.3566292 | K18: =K6/J6-1 -> 1.6017282 | L18: =L6/K6-1 -> 0.33331699 | ... S18: =S6/R6-1 -> 0.059380822
A19: Consumption Growth | E19: =E9/D9-1 -> 0.10160231 | F19: =F9/E9-1 -> 2.1162206 | G19: =G9/F9-1 -> 0.66247165 | H19: =H9/G9-1 -> 3.3666727 | I19: =I9/H9-1 -> 0.80550292 | J19: =J9/I9-1 -> 0.53420062 | K19: =K9/J9-1 -> 2.6918697 | L19: =L9/K9-1 -> 0.40070596 | ... S19: =S9/R9-1 -> 0.069578041

Sheet Jet Fuel
A3: NORTH AMERICA JET FUEL BALANCES
A4: million gallons | B4: 2018 | C4: 2019 | D4: 2020 | E4: 2021 | F4: 2022 | G4: 2023 | H4: 2024 | I4: 2025 | J4: 2026 | K4: 2027 | L4: 2028 | M4: 2029 | N4: 2030 | O4: 2031 | P4: 2032 | Q4: 2033 | R4: 2034 | S4: 2035
A5: Beginning Stocks | B5: ='[1]Jet Fuel'!B5+'[2]Jet Fuel'!B5 -> 1734.768 | C5: ='[1]Jet Fuel'!C5+'[2]Jet Fuel'!C5 -> 1896.6197 | D5: ='[1]Jet Fuel'!D5+'[2]Jet Fuel'!D5 -> 1815.721 | E5: ='[1]Jet Fuel'!E5+'[2]Jet Fuel'!E5 -> 1724.665 | F5: ='[1]Jet Fuel'!F5+'[2]Jet Fuel'!F5 -> 1606.2168 | G5: ='[1]Jet Fuel'!G5+'[2]Jet Fuel'!G5 -> 1564.761 | H5: ='[1]Jet Fuel'!H5+'[2]Jet Fuel'!H5 -> 1775.6591 | I5: ='[1]Jet Fuel'!I5+'[2]Jet Fuel'!I5 -> 1944.7589 | ... S5: ='[1]Jet Fuel'!S5+'[2]Jet Fuel'!S5 -> 12632.283
A6: Production | B6: ='[1]Jet Fuel'!B6+'[2]Jet Fuel'!B6 -> 29518.471 | C6: ='[1]Jet Fuel'!C6+'[2]Jet Fuel'!C6 -> 29327.532 | D6: ='[1]Jet Fuel'!D6+'[2]Jet Fuel'!D6 -> 16476.639 | E6: ='[1]Jet Fuel'!E6+'[2]Jet Fuel'!E6 -> 21084.064 | F6: ='[1]Jet Fuel'!F6+'[2]Jet Fuel'!F6 -> 26197.415 | G6: ='[1]Jet Fuel'!G6+'[2]Jet Fuel'!G6 -> 27876.253 | H6: ='[1]Jet Fuel'!H6+'[2]Jet Fuel'!H6 -> 29458.451 | I6: ='[1]Jet Fuel'!I6+'[2]Jet Fuel'!I6 -> 29430 | ... S6: ='[1]Jet Fuel'!S6+'[2]Jet Fuel'!S6 -> 38370
A7: Imports | B7: ='[1]Jet Fuel'!B7+'[2]Jet Fuel'!B7 -> 2858.9204 | C7: ='[1]Jet Fuel'!C7+'[2]Jet Fuel'!C7 -> 3552.1193 | D7: ='[1]Jet Fuel'!D7+'[2]Jet Fuel'!D7 -> 2661.7148 | E7: ='[1]Jet Fuel'!E7+'[2]Jet Fuel'!E7 -> 2726.188 | F7: ='[1]Jet Fuel'!F7+'[2]Jet Fuel'!F7 -> 2451.6374 | G7: ='[1]Jet Fuel'!G7+'[2]Jet Fuel'!G7 -> 2656.9759 | H7: ='[1]Jet Fuel'!H7+'[2]Jet Fuel'!H7 -> 2391.8543 | I7: ='[1]Jet Fuel'!I7+'[2]Jet Fuel'!I7 -> 2490.0816 | ... S7: ='[1]Jet Fuel'!S7+'[2]Jet Fuel'!S7 -> 2320.4103
A8: Total Supply | B8: =SUM(B5:B7) -> 34112.16 | C8: =SUM(C5:C7) -> 34776.271 | D8: =SUM(D5:D7) -> 20954.075 | E8: =SUM(E5:E7) -> 25534.917 | F8: =SUM(F5:F7) -> 30255.27 | G8: =SUM(G5:G7) -> 32097.99 | H8: =SUM(H5:H7) -> 33625.964 | I8: =SUM(I5:I7) -> 33864.841 | ... S8: =SUM(S5:S7) -> 53322.694
A9: Domestic Use | B9: ='[1]Jet Fuel'!B9+'[2]Jet Fuel'!B9 -> 28570.456 | C9: ='[1]Jet Fuel'!C9+'[2]Jet Fuel'!C9 -> 29206.335 | D9: ='[1]Jet Fuel'!D9+'[2]Jet Fuel'!D9 -> 17608.015 | E9: ='[1]Jet Fuel'!E9+'[2]Jet Fuel'!E9 -> 22154.686 | F9: ='[1]Jet Fuel'!F9+'[2]Jet Fuel'!F9 -> 25858.38 | G9: ='[1]Jet Fuel'!G9+'[2]Jet Fuel'!G9 -> 27558.053 | H9: ='[1]Jet Fuel'!H9+'[2]Jet Fuel'!H9 -> 28382.142 | I9: ='[1]Jet Fuel'!I9+'[2]Jet Fuel'!I9 -> 28976.371 | ... S9: ='[1]Jet Fuel'!S9+'[2]Jet Fuel'!S9 -> 36831.339
A10: Exports | B10: ='[1]Jet Fuel'!B10+'[2]Jet Fuel'!B10 -> 3788.8729 | C10: ='[1]Jet Fuel'!C10+'[2]Jet Fuel'!C10 -> 3363.4957 | D10: ='[1]Jet Fuel'!D10+'[2]Jet Fuel'!D10 -> 1621.3947 | E10: ='[1]Jet Fuel'!E10+'[2]Jet Fuel'!E10 -> 1777.8589 | F10: ='[1]Jet Fuel'!F10+'[2]Jet Fuel'!F10 -> 2835.7116 | G10: ='[1]Jet Fuel'!G10+'[2]Jet Fuel'!G10 -> 2789.328 | H10: ='[1]Jet Fuel'!H10+'[2]Jet Fuel'!H10 -> 3327.5669 | I10: ='[1]Jet Fuel'!I10+'[2]Jet Fuel'!I10 -> 2584.5084 | ... S10: ='[1]Jet Fuel'!S10+'[2]Jet Fuel'!S10 -> 2720.0557
A11: Total Demand | B11: =SUM(B9:B10) -> 32359.329 | C11: =SUM(C9:C10) -> 32569.83 | D11: =SUM(D9:D10) -> 19229.41 | E11: =SUM(E9:E10) -> 23932.545 | F11: =SUM(F9:F10) -> 28694.092 | G11: =SUM(G9:G10) -> 30347.381 | H11: =SUM(H9:H10) -> 31709.709 | I11: =SUM(I9:I10) -> 31560.879 | ... S11: =SUM(S9:S10) -> 39551.395
A12: Ending Stocks | B12: =B8-B11 -> 1752.8309 | C12: =C8-C11 -> 2206.4405 | D12: =D8-D11 -> 1724.665 | E12: =E8-E11 -> 1602.3719 | F12: =F8-F11 -> 1561.1778 | G12: =G8-G11 -> 1750.609 | H12: =H8-H11 -> 1916.2555 | I12: =I8-I11 -> 2303.9615 | ... S12: =S8-S11 -> 13771.299
A13: Net Exports | B13: =B10-B7 -> 929.95251 | C13: =C10-C7 -> -188.62359 | D13: =D10-D7 -> -1040.3202 | E13: =E10-E7 -> -948.32916 | F13: =F10-F7 -> 384.07418 | G13: =G10-G7 -> 132.35211 | H13: =H10-H7 -> 935.71265 | I13: =I10-I7 -> 94.426793 | ... S13: =S10-S7 -> 399.64536
A15: Production Growth | E15: =E6/D6-1 -> 0.27963378 | F15: =F6/E6-1 -> 0.2425221 | G15: =G6/F6-1 -> 0.06408408 | H15: =H6/G6-1 -> 0.056757923 | I15: =I6/H6-1 -> -0.00096579923 | J15: =J6/I6-1 -> 0.027862725 | K15: =K6/J6-1 -> 0.027933884 | L15: =L6/K6-1 -> 0.040360187 | ... S15: =S6/R6-1 -> 0.027034261
A16: Consumption Growth | E16: =E9/D9-1 -> 0.25821598 | F16: =F9/E9-1 -> 0.1671743 | G16: =G9/F9-1 -> 0.065730038 | H16: =H9/G9-1 -> 0.029903755 | I16: =I9/H9-1 -> 0.020936713 | J16: =J9/I9-1 -> 0.014895445 | K16: =K9/J9-1 -> 0.024756657 | L16: =L9/K9-1 -> 0.024627496 | ... S16: =S9/R9-1 -> 0.025613398
A18: EUROPE JET FUEL BALANCES
A19: thousand tonnes | B19: 2018 | C19: 2019 | D19: 2020 | E19: 2021 | F19: 2022 | G19: 2023 | H19: 2024 | I19: 2025 | J19: 2026 | K19: 2027 | L19: 2028 | M19: 2029 | N19: 2030 | O19: 2031 | P19: 2032 | Q19: 2033 | R19: 2034 | S19: 2035
A20: Beginning Stocks | B20: ='[3]Jet Fuel'!B5*1000+'[4]Jet Fuel'!E5 -> 8541 | C20: ='[3]Jet Fuel'!C5*1000+'[4]Jet Fuel'!F5 -> 6713.5347 | D20: ='[3]Jet Fuel'!D5*1000+'[4]Jet Fuel'!G5 -> 7170.4036 | E20: ='[3]Jet Fuel'!E5*1000+'[4]Jet Fuel'!H5 -> 9744.376 | F20: ='[3]Jet Fuel'!F5*1000+'[4]Jet Fuel'!I5 -> 7396.917 | G20: ='[3]Jet Fuel'!G5*1000+'[4]Jet Fuel'!J5 -> 7572.254 | H20: ='[3]Jet Fuel'!H5*1000+'[4]Jet Fuel'!K5 -> 8099.224 | I20: ='[3]Jet Fuel'!I5*1000+'[4]Jet Fuel'!L5 -> 8341.9138 | ... S20: ='[3]Jet Fuel'!S5*1000+'[4]Jet Fuel'!V5 -> 23601.307
A21: Production | B21: ='[3]Jet Fuel'!B6*1000+'[4]Jet Fuel'!E6 -> 34276.95 | C21: ='[3]Jet Fuel'!C6*1000+'[4]Jet Fuel'!F6 -> 34205.616 | D21: ='[3]Jet Fuel'!D6*1000+'[4]Jet Fuel'!G6 -> 14743.554 | E21: ='[3]Jet Fuel'!E6*1000+'[4]Jet Fuel'!H6 -> 14234.073 | F21: ='[3]Jet Fuel'!F6*1000+'[4]Jet Fuel'!I6 -> 24736.677 | G21: ='[3]Jet Fuel'!G6*1000+'[4]Jet Fuel'!J6 -> 28987.418 | H21: ='[3]Jet Fuel'!H6*1000+'[4]Jet Fuel'!K6 -> 31155.878 | I21: ='[3]Jet Fuel'!I6*1000+'[4]Jet Fuel'!L6 -> 25009.926 | ... S21: ='[3]Jet Fuel'!S6*1000+'[4]Jet Fuel'!V6 -> 27165.788
A22: Imports | B22: ='[3]Jet Fuel'!B7*1000+'[4]Jet Fuel'!E7 -> 36398.14 | C22: ='[3]Jet Fuel'!C7*1000+'[4]Jet Fuel'!F7 -> 37096.065 | D22: ='[3]Jet Fuel'!D7*1000+'[4]Jet Fuel'!G7 -> 23228.17 | E22: ='[3]Jet Fuel'!E7*1000+'[4]Jet Fuel'!H7 -> 23282.34 | F22: ='[3]Jet Fuel'!F7*1000+'[4]Jet Fuel'!I7 -> 32541.846 | G22: ='[3]Jet Fuel'!G7*1000+'[4]Jet Fuel'!J7 -> 35050.501 | H22: ='[3]Jet Fuel'!H7*1000+'[4]Jet Fuel'!K7 -> 37339.004 | I22: ='[3]Jet Fuel'!I7*1000+'[4]Jet Fuel'!L7 -> 34559.792 | ... S22: ='[3]Jet Fuel'!S7*1000+'[4]Jet Fuel'!V7 -> 38478.857
A23: Total Supply | B23: =SUM(B20:B22) -> 79216.09 | C23: =SUM(C20:C22) -> 78015.216 | D23: =SUM(D20:D22) -> 45142.128 | E23: =SUM(E20:E22) -> 47260.789 | F23: =SUM(F20:F22) -> 64675.44 | G23: =SUM(G20:G22) -> 71610.173 | H23: =SUM(H20:H22) -> 76594.106 | I23: =SUM(I20:I22) -> 67911.632 | ... S23: =SUM(S20:S22) -> 89245.952
A24: Domestic Use | B24: ='[3]Jet Fuel'!B9*1000+'[4]Jet Fuel'!E9 -> 51314.144 | C24: ='[3]Jet Fuel'!C9*1000+'[4]Jet Fuel'!F9 -> 51793.257 | D24: ='[3]Jet Fuel'!D9*1000+'[4]Jet Fuel'!G9 -> 22280.613 | E24: ='[3]Jet Fuel'!E9*1000+'[4]Jet Fuel'!H9 -> 25953.893 | F24: ='[3]Jet Fuel'!F9*1000+'[4]Jet Fuel'!I9 -> 41186.689 | G24: ='[3]Jet Fuel'!G9*1000+'[4]Jet Fuel'!J9 -> 45665.255 | H24: ='[3]Jet Fuel'!H9*1000+'[4]Jet Fuel'!K9 -> 48375.571 | I24: ='[3]Jet Fuel'!I9*1000+'[4]Jet Fuel'!L9 -> 49729.819 | ... S24: ='[3]Jet Fuel'!S9*1000+'[4]Jet Fuel'!V9 -> 56360.713
A25: Exports | B25: ='[3]Jet Fuel'!B10*1000+'[4]Jet Fuel'!E10 -> 18798.27 | C25: ='[3]Jet Fuel'!C10*1000+'[4]Jet Fuel'!F10 -> 17149.176 | D25: ='[3]Jet Fuel'!D10*1000+'[4]Jet Fuel'!G10 -> 12921.781 | E25: ='[3]Jet Fuel'!E10*1000+'[4]Jet Fuel'!H10 -> 13234.869 | F25: ='[3]Jet Fuel'!F10*1000+'[4]Jet Fuel'!I10 -> 15389.899 | G25: ='[3]Jet Fuel'!G10*1000+'[4]Jet Fuel'!J10 -> 16724.816 | H25: ='[3]Jet Fuel'!H10*1000+'[4]Jet Fuel'!K10 -> 18860 | I25: ='[3]Jet Fuel'!I10*1000+'[4]Jet Fuel'!L10 -> 15928.982 | ... S25: ='[3]Jet Fuel'!S10*1000+'[4]Jet Fuel'!V10 -> 16911.39
A26: Total Demand | B26: =SUM(B24:B25) -> 70112.414 | C26: =SUM(C24:C25) -> 68942.433 | D26: =SUM(D24:D25) -> 35202.394 | E26: =SUM(E24:E25) -> 39188.762 | F26: =SUM(F24:F25) -> 56576.588 | G26: =SUM(G24:G25) -> 62390.071 | H26: =SUM(H24:H25) -> 67235.571 | I26: =SUM(I24:I25) -> 65658.8 | ... S26: =SUM(S24:S25) -> 73272.104
A27: Ending Stocks | B27: ='[3]Jet Fuel'!B12*1000+'[4]Jet Fuel'!E12 -> 6698.9117 | C27: ='[3]Jet Fuel'!C12*1000+'[4]Jet Fuel'!F12 -> 7172.4276 | D27: ='[3]Jet Fuel'!D12*1000+'[4]Jet Fuel'!G12 -> 9744.296 | E27: ='[3]Jet Fuel'!E12*1000+'[4]Jet Fuel'!H12 -> 7396.915 | F27: ='[3]Jet Fuel'!F12*1000+'[4]Jet Fuel'!I12 -> 7572.254 | G27: ='[3]Jet Fuel'!G12*1000+'[4]Jet Fuel'!J12 -> 8099.224 | H27: ='[3]Jet Fuel'!H12*1000+'[4]Jet Fuel'!K12 -> 8341.9138 | I27: ='[3]Jet Fuel'!I12*1000+'[4]Jet Fuel'!L12 -> 9772.4246 | ... S27: ='[3]Jet Fuel'!S12*1000+'[4]Jet Fuel'!V12 -> 25369.076
A28: Net Exports/ Net Imports | B28: =B25-B22 -> -17599.87 | C28: =C25-C22 -> -19946.889 | D28: =D25-D22 -> -10306.389 | E28: =E25-E22 -> -10047.471 | F28: =F25-F22 -> -17151.947 | G28: =G25-G22 -> -18325.685 | H28: =H25-H22 -> -18479.004 | I28: =I25-I22 -> -18630.81 | ... S28: =S25-S22 -> -21567.467
A30: Production Growth | E30: =E21/D21-1 -> -0.034556186 | F30: =F21/E21-1 -> 0.73784952 | G30: =G21/F21-1 -> 0.17183961 | H30: =H21/G21-1 -> 0.074806939 | I30: =I21/H21-1 -> -0.19726461 | J30: =J21/I21-1 -> -0.046460279 | K30: =K21/J21-1 -> 0.055950116 | L30: =L21/K21-1 -> 0.063923356 | ... S30: =S21/R21-1 -> 0.0023080809
A31: Consumption Growth | E31: =E24/D24-1 -> 0.1648644 | F31: =F24/E24-1 -> 0.58691758 | G31: =G24/F24-1 -> 0.10873819 | H31: =H24/G24-1 -> 0.059351818 | I31: =I24/H24-1 -> 0.027994452 | J31: =J24/I24-1 -> 0.027399566 | K31: =K24/J24-1 -> 0.02001326 | L31: =L24/K24-1 -> 0.026478249 | ... S31: =S24/R24-1 -> 0.0078648524

Sheet Diesel
A1: NORTH AMERICA DISTILATE FUEL OIL SUPPLY AND DEMAND
A2: million gallons | B2: 2015 | C2: 2016 | D2: 2017 | E2: 2018 | F2: 2019 | G2: 2020 | H2: 2021 | I2: 2022 | J2: 2023 | K2: 2024 | L2: 2025 | M2: 2026 | N2: 2027 | O2: 2028 | P2: 2029 | Q2: 2030 | R2: 2031 | S2: 2032 | T2: 2033 | U2: 2034 | V2: 2035
A3: Beginning Stocks | B3: =[1]Diesel!P$4+[2]Diesel!B$3 -> 6324.012 | C3: =[1]Diesel!Q$4+[2]Diesel!C$3 -> 7321.4714 | D3: =[1]Diesel!R$4+[2]Diesel!D$3 -> 7458.3681 | E3: =[1]Diesel!S$4+[2]Diesel!E$3 -> 6619.2511 | F3: =[1]Diesel!T$4+[2]Diesel!F$3 -> 6410.6571 | G3: =[1]Diesel!U$4+[2]Diesel!G$3 -> 6514.6439 | H3: =[1]Diesel!V$4+[2]Diesel!H$3 -> 7423.6813 | I3: =[1]Diesel!W$4+[2]Diesel!I$3 -> 6083.8629 | ... V3: =[1]Diesel!AJ$4+[2]Diesel!V$3 -> 6583.643
A4: Production | B4: =[1]Diesel!P$5+[2]Diesel!B$4 -> 83806.71 | C4: =[1]Diesel!Q$5+[2]Diesel!C$4 -> 81675.6 | D4: =[1]Diesel!R$5+[2]Diesel!D$4 -> 85140.924 | E4: =[1]Diesel!S$5+[2]Diesel!E$4 -> 87106.837 | F4: =[1]Diesel!T$5+[2]Diesel!F$4 -> 89319.05 | G4: =[1]Diesel!U$5+[2]Diesel!G$4 -> 83145.781 | H4: =[1]Diesel!V$5+[2]Diesel!H$4 -> 81788.597 | I4: =[1]Diesel!W$5+[2]Diesel!I$4 -> 87563.24 | ... V4: =[1]Diesel!AJ$5+[2]Diesel!V$4 -> 91948.647
A5: Imports | B5: =[1]Diesel!P$6+[2]Diesel!B$5 -> 3073.476 | C5: =[1]Diesel!Q$6+[2]Diesel!C$5 -> 2252.964 | D5: =[1]Diesel!R$6+[2]Diesel!D$5 -> 2660.2724 | E5: =[1]Diesel!S$6+[2]Diesel!E$5 -> 3234.5915 | F5: =[1]Diesel!T$6+[2]Diesel!F$5 -> 3472.5791 | G5: =[1]Diesel!U$6+[2]Diesel!G$5 -> 3601.7429 | H5: =[1]Diesel!V$6+[2]Diesel!H$5 -> 4741.1826 | I5: =[1]Diesel!W$6+[2]Diesel!I$5 -> 3168.7889 | ... V5: =[1]Diesel!AJ$6+[2]Diesel!V$5 -> 3173.28
A6: Total Supply | B6: =SUM(B3:B5) -> 93204.198 | C6: =SUM(C3:C5) -> 91250.036 | D6: =SUM(D3:D5) -> 95259.564 | E6: =SUM(E3:E5) -> 96960.68 | F6: =SUM(F3:F5) -> 99202.286 | G6: =SUM(G3:G5) -> 93262.168 | H6: =SUM(H3:H5) -> 93953.461 | I6: =SUM(I3:I5) -> 96815.891 | ... V6: =SUM(V3:V5) -> 101705.57
A7: Reported Domestic Consumption | B7: =[1]Diesel!P$8+[2]Diesel!B$7 -> 68988.829 | C7: =[1]Diesel!Q$8+[2]Diesel!C$7 -> 67233.872 | D7: =[1]Diesel!R$8+[2]Diesel!D$7 -> 68522.624 | E7: =[1]Diesel!S$8+[2]Diesel!E$7 -> 71359.568 | F7: =[1]Diesel!T$8+[2]Diesel!F$7 -> 70435.273 | G7: =[1]Diesel!U$8+[2]Diesel!G$7 -> 65245.938 | H7: =[1]Diesel!V$8+[2]Diesel!H$7 -> 68256.882 | I7: =[1]Diesel!W$8+[2]Diesel!I$7 -> 69443.095 | ... V7: =[1]Diesel!AJ$8+[2]Diesel!V$7 -> 72186.553
A8: Exports | B8: =[1]Diesel!P$11+[2]Diesel!B$9 -> 0 | C8: =[1]Diesel!Q$11+[2]Diesel!C$9 -> 0 | D8: =[1]Diesel!R$11+[2]Diesel!D$9 -> 1266.705 | E8: =[1]Diesel!S$11+[2]Diesel!E$9 -> 20860.576 | F8: =[1]Diesel!T$11+[2]Diesel!F$9 -> 22385.933 | G8: =[1]Diesel!U$11+[2]Diesel!G$9 -> 20545.365 | H8: =[1]Diesel!V$11+[2]Diesel!H$9 -> 18677.398 | I8: =[1]Diesel!W$11+[2]Diesel!I$9 -> 20829.795 | ... V8: =[1]Diesel!AJ$11+[2]Diesel!V$9 -> 21354.598
A9: Total Demand | B9: =SUM(B7:B8) -> 68988.829 | C9: =SUM(C7:C8) -> 67233.872 | D9: =SUM(D7:D8) -> 69789.329 | E9: =SUM(E7:E8) -> 92220.144 | F9: =SUM(F7:F8) -> 92821.206 | G9: =SUM(G7:G8) -> 85791.304 | H9: =SUM(H7:H8) -> 86934.28 | I9: =SUM(I7:I8) -> 90272.89 | ... V9: =SUM(V7:V8) -> 93541.15
A10: Ending Stocks | B10: =B6-B9 -> 24215.369 | C10: =C6-C9 -> 24016.164 | D10: =D6-D9 -> 25470.235 | E10: =E6-E9 -> 4740.5352 | F10: =F6-F9 -> 6381.0804 | G10: =G6-G9 -> 7470.864 | H10: =H6-H9 -> 7019.1812 | I10: =I6-I9 -> 6543.0013 | ... V10: =V6-V9 -> 8164.4191
A11: Net Exports | B11: =B8-B5 -> -3073.476 | C11: =C8-C5 -> -2252.964 | D11: =D8-D5 -> -1393.5674 | E11: =E8-E5 -> 17625.985 | F11: =F8-F5 -> 18913.354 | G11: =G8-G5 -> 16943.622 | H11: =H8-H5 -> 13936.215 | I11: =I8-I5 -> 17661.006 | ... V11: =V8-V5 -> 18181.318
A13: Production Growth | H13: =H4/G4-1 -> -0.016322939 | I13: =I4/H4-1 -> 0.070604491 | J13: =J4/I4-1 -> -0.018032592 | K13: =K4/J4-1 -> 0.0095583417 | L13: =L4/K4-1 -> 0.017693052 | M13: =M4/L4-1 -> 0.015051114 | N13: =N4/M4-1 -> 0.010393241 | O13: =O4/N4-1 -> 0.005897717 | ... V13: =V4/U4-1 -> -0.0026874673
A14: Consumption Growth | H14: =H7/G7-1 -> 0.046147604 | I14: =I7/H7-1 -> 0.017378659 | J14: =J7/I7-1 -> -0.026140928 | K14: =K7/J7-1 -> -0.025921681 | L14: =L7/K7-1 -> 0.05393803 | M14: =M7/L7-1 -> 0.0173369 | N14: =N7/M7-1 -> 0.0084327061 | O14: =O7/N7-1 -> 0.0062290628 | ... V14: =V7/U7-1 -> -0.0027153466
