Workbook

Sheet USDA Comp
A1: U.S. CORN SUPPLY AND DEMAND (Million Bushels/Million Acres) | G1: pull from crop production report for production and harvested area.
B2: =Corn!AS2 -> 18/19 | C2: =Corn!AT2 -> 19/20 | D2: =Corn!AU2 -> 20/21 | E2: 21/22 | F2: 22/23 | G2: 23/24 | J2: 24/25
C3: USDA | D3: USDA | E3: Fastmarkets | F3: USDA | G3: USDA | H3: Change from July | I3: Fastmarkets | J3: USDA | K3: =H3 -> Change from July | L3: =I3 -> Fastmarkets
O4: 18/19 | P4: 19/20 | Q4: 20/21 | R4: =E2 -> 21/22 | S4: 22/23 | T4: =G2 -> 23/24 | U4: 24/25
A5: Planted Acres | B5: =Corn!AS4 -> 88.821 | C5: =Corn!AT4 -> 89.37 | D5: =Corn!AU4 -> 90.432 | E5: =Corn!AV4 -> 92.901 | F5: =Corn!AW4 -> 88.162 | G5: 94.641 | H5: =G5-T5 -> 0 | I5: =Corn!AX4 -> 94.641 | J5: 90.748 | K5: =J5-U5 -> -0.727 | L5: =Corn!AY4 -> 90.594 | O5: 88.871 | P5: 89.745 | Q5: 90.652 | R5: 93.252 | S5: 88.162 | T5: 94.641 | U5: 91.475
A6: Harvest Acres | B6: =Corn!AS5 -> 81.169 | C6: =Corn!AT5 -> 80.991 | D6: =Corn!AU5 -> 82.168 | E6: =Corn!AV5 -> 84.988 | F6: =Corn!AW5 -> 78.705 | G6: 86.513 | H6: =G6-T6 -> 0 | I6: =Corn!AX5 -> 86.506 | J6: 82.71 | K6: =J6-U6 -> -0.728 | L6: =Corn!AY5 -> 82.896 | O6: 81.276 | P6: 81.337 | Q6: 82.313 | R6: 85.318 | S6: 78.705 | T6: 86.513 | U6: 83.438
A7: Yield | B7: =B9/B6 -> 176.44266 | C7: =C9/C6 -> 167.52856 | D7: =Corn!AU6 -> 171.43777 | E7: =Corn!AV6 -> 176.70481 | F7: =Corn!AW6 -> 173.43918 | G7: 177.3 | H7: =G7-T7 -> 0 | I7: =Corn!AX6 -> 177.33475 | J7: =J9/J6 -> 183.12888 | K7: =J7-U7 -> 2.1561858 | L7: =Corn!AY6 -> 179.34212 | O7: 176.44039 | P7: 167.45058 | Q7: 171.43646 | R7: 176.67807 | S7: 173.43918 | T7: 177.3 | U7: 180.9727
A8: Beginning Stocks (September 1) | B8: =Corn!AS8 -> 2140.335 | C8: =B18 -> 2220.749 | D8: =Corn!AU8 -> 1919.462 | E8: =D18 -> 1234.512 | F8: =E18 -> 1376.89 | G8: =F18 -> 1360.201 | H8: =G8-T8 -> 0 | I8: =F18 -> 1360.201 | J8: =G18 -> 1866.796 | K8: =J8-U8 -> -10 | L8: =I18 -> 1763.4 | O8: 2140.335 | P8: 2220.749 | Q8: 1919.462 | R8: 1234.512 | S8: 1376.89 | T8: 1360.201 | U8: 1876.796 | W8: =J6*U7 -> 14968.252
A9: Production | B9: =Corn!AS9 -> 14321.674 | C9: =Corn!AT9 -> 13568.306 | D9: =Corn!AU9 -> 14086.699 | E9: =Corn!AV9 -> 15017.788 | F9: =Corn!AW9 -> 13650.531 | G9: 15341.595 | H9: =G9-T9 -> 0 | I9: =Corn!AX9 -> 15340.52 | J9: 15146.59 | K9: =J9-U9 -> 46.59 | L9: =Corn!AY9 -> 14866.744 | O9: 14340.369 | P9: 13619.928 | Q9: 14111.449 | R9: 15073.82 | S9: 13650.531 | T9: 15341.595 | U9: 15100 | W9: =W8-J9 -> -178.33812
A10: Imports | B10: =Corn!AS10 -> 28.001474 | C10: =45-3.1 -> 41.9 | D10: =Corn!AU10 -> 24.233 | E10: =Corn!AV10 -> 24.227 | F10: =Corn!AW10 -> 38.716 | G10: 30 | H10: =G10-T10 -> 0 | I10: =Corn!AX10 -> 0 | J10: 25 | K10: =J10-U10 -> 0 | L10: =Corn!AY10 -> 30 | O10: 27.959307 | P10: 41.9 | Q10: 24.233 | R10: 24.4 | S10: 38.6 | T10: 30 | U10: 25
A11: Total Supply | B11: =SUM(B8:B10) -> 16490.01 | C11: =SUM(C8:C10) -> 15830.955 | D11: =Corn!AU11 -> 16030.394 | E11: =SUM(E8:E10) -> 16276.527 | F11: =SUM(F8:F10) -> 15066.137 | G11: =G10+G9+G8 -> 16731.796 | H11: =G11-T11 -> 0 | I11: =SUM(I8:I10) -> 16700.721 | J11: =J10+J9+J8 -> 17038.386 | K11: =J11-U11 -> 36.59 | L11: =SUM(L8:L10) -> 16660.144 | O11: 16508.663 | P11: 15882.577 | Q11: 16055.144 | R11: 16332.732 | S11: 15066.021 | T11: 16731.796 | U11: 17001.796
A12: Domestic Use | B12: =B13+B14 -> 12200.92 | C12: =C17-C16 -> 12134.493 | D12: =Corn!AU12 -> 12048.941 | E12: =E17-E16-1 -> 12419.863 | F12: =F13+F14 -> 12043.099 | G12: =G13+G14 -> 12615 | H12: =G12-T12 -> -15 | I12: =I13+I14 -> 12639.075 | J12: =J13+J14 -> 12665 | K12: =J12-U12 -> -15 | L12: =L13+L14 -> 12575 | O12: 12221.777 | P12: 12186.115 | Q12: 12073.691 | R12: 12484.411 | S12: 12044.72 | T12: 12630 | U12: 12680
A13: Feed & Residual | B13: =Corn!AS13-2 -> 5404.4492 | C13: =5700-100+261-34+76-4-2+1+2 -> 5900 | D13: =Corn!AU13+121 -> 5707.786 | E13: =Corn!AV13+2 -> 5665.4209 | F13: =Corn!AW13+6.4 -> 5491.7204 | G13: 5775 | H13: =G13-T13 -> 0 | I13: =Corn!AX13 -> 5795.2018 | J13: 5825 | K13: =J13-U13 -> 0 | L13: =Corn!AY13 -> 5850 | O13: 5429.052 | P13: 5900 | Q13: 5732.536 | R13: 5718.411 | S13: 5486.42 | T13: 5775 | U13: 5825
A14: Food/Seed/Industrial | B14: =Corn!AS14+2 -> 6796.4704 | C14: =6305-45+5+17.4+4+1+1-2 -> 6286.4 | D14: =Corn!AU14-121 -> 6341.155 | E14: =Corn!AV14-2 -> 6755.442 | F14: =Corn!AW14+0.7 -> 6551.379 | G14: =6855-15 -> 6840 | H14: =G14-T14 -> -15 | I14: =Corn!AX14 -> 6843.8736 | J14: =6855-15 -> 6840 | K14: =J14-U14 -> -15 | L14: =Corn!AY14 -> 6725 | O14: 6792.7254 | P14: 6286.4 | Q14: 6341.155 | R14: 6766 | S14: 6558.3 | T14: 6855 | U14: 6855
A15: Ethanol for Fuel | B15: =Corn!AS15+2 -> 5381.87 | C15: =4900-50+5-3+4.5 -> 4856.5 | D15: =Corn!AU15-120 -> 5023.306 | E15: =Corn!AV15-1 -> 5317.825 | F15: =Corn!AW15-7 -> 5170.141 | G15: 5450 | H15: =G15-T15 -> 0 | I15: =Corn!AX15 -> 5471.77 | J15: 5450 | K15: =J15-U15 -> 0 | L15: =Corn!AY15 -> 5325 | O15: 5378.12 | P15: 4856.5 | Q15: 5023.306 | R15: 5326 | S15: 5176 | T15: 5450 | U15: 5450
A16: Exports | B16: =Corn!AS16 -> 2068.3418 | C16: =1775+20-30+13-1 -> 1777 | D16: =Corn!AU16-1 -> 2745.941 | E16: =Corn!AV16 -> 2478.7741 | F16: =Corn!AW16-8 -> 1661.9366 | G16: =2225+25 -> 2250 | H16: =G16-T16 -> 25 | I16: =Corn!AX16 -> 2298.2456 | J16: =2225+75 -> 2300 | K16: =J16-U16 -> 75 | L16: =Corn!AY16 -> 2600 | O16: 2066.1369 | P16: 1777 | Q16: 2745.941 | R16: 2471.4 | S16: 1661.1 | T16: 2225 | U16: 2225
A17: Total Use | B17: =B16+B12 -> 14269.261 | C17: =C11-C18 -> 13911.493 | D17: =Corn!AU17 -> 14795.882 | E17: =E11-E18 -> 14899.637 | F17: =F16+F12 -> 13705.036 | G17: =G16+G12 -> 14865 | H17: =G17-T17 -> 10 | I17: =I16+I12 -> 14937.321 | J17: =J16+J12 -> 14965 | K17: =J17-U17 -> 60 | L17: =L16+L12 -> 15175 | O17: 14287.914 | P17: 13963.115 | Q17: 14820.632 | R17: 14955.811 | S17: 13705.82 | T17: 14855 | U17: 14905
A18: Ending Stocks (August 31) | B18: =B11-B17 -> 2220.749 | C18: =Corn!AT18 -> 1919.462 | D18: =Corn!AU18 -> 1234.512 | E18: =Corn!AV18 -> 1376.89 | F18: =Corn!AW18 -> 1360.201 | G18: =G11-G17 -> 1866.796 | H18: =G18-T18 -> -10 | I18: =I11-I17 -> 1763.4 | J18: =J11-J17 -> 2073.386 | K18: =J18-U18 -> -23.41 | L18: =L11-L17 -> 1485.144 | O18: 2220.749 | P18: 1919.462 | Q18: 1234.512 | R18: 1376.921 | S18: 1360.201 | T18: 1876.796 | U18: 2096.796
A19: Stocks/Use | B19: =B18/B17 -> 0.15563167 | C19: =C18/C17 -> 0.13797671 | D19: =D18/D17 -> 0.083436189 | E19: =E18/E17 -> 0.092410976 | F19: =F18/F17 -> 0.099248262 | G19: =G18/G17 -> 0.12558332 | H19: =G19-T19 -> -0.00075771344 | I19: =I18/I17 -> 0.1180533 | J19: =J18/J17 -> 0.13854901 | K19: =J19-U19 -> -0.0021283422 | L19: =L18/L17 -> 0.097867809 | O19: 0.15542849 | P19: 0.1374666 | Q19: 0.083296853 | R19: 0.092065953 | S19: 0.099242585 | T19: 0.12634103 | U19: 0.14067736
A20: Farm Price ($/bu.) | B20: =Corn!AS21-0.04 -> 3.57054 | C20: =3.6-0.04 -> 3.56 | D20: =Corn!AU21 -> 4.52677 | E20: =Corn!AV21 -> 5.99996 | F20: =Corn!AW21-0.01 -> 6.53601 | G20: 4.65 | H20: =G20-T20 -> 0 | I20: =Corn!AX21 -> 4.6083291 | J20: =4.3-0.1 -> 4.2 | K20: =J20-U20 -> -0.1 | L20: =Corn!AY21 -> 4.45 | O20: 3.6575 | P20: 3.56 | Q20: 4.52677 | R20: 6 | S20: 6.54 | T20: 4.65 | U20: 4.3
S23: Planted Acres
S24: Harvest Acres
S25: Yield
S26: Beginning Stocks (September 1)
S27: Production
S28: Imports
S29: Total Supply
S30: Domestic Use
S31: Feed & Residual
S32: Food/Seed/Industrial
S33: Ethanol for Fuel
S34: Exports
... S37: Stocks/Use

Sheet Yield Scenarios
A1: ='USDA Comp'!E2 -> 21/22 | B1: USDA | C1: The Jacobsen | D1: Previous Record Yield/USDA Imports/Demand | E1: Previous Record Yield/The Jacobsen Imports/Demand | F1: Previous Record Yield/Modified Demand | G1: USDA Yield +1 Percent | H1: USDA Yield +2 Percent | I1: USDA Yield +2.5 Percent | J1: USDA Yield -1 Percent | K1: USDA Yield -2 Percent | L1: USDA Yield -2.5 Percent | M1: USDA Yield vs. Max 5-Year Demand | N1: USDA Yield vs. Min 5-Year Demand
A2: Yield | B2: ='USDA Comp'!#REF! -> #REF! | C2: ='USDA Comp'!E7 -> 176.70481 | D2: =MAX(Corn!P6:AU6) -> 176.585 | E2: =D2 -> 176.585 | F2: =E2 -> 176.585 | G2: =B2*1.01 -> #REF! | H2: =B2*1.02 -> #REF! | I2: =B2*1.025 -> #REF! | J2: =B2*0.99 -> #REF! | K2: =B2*0.98 -> #REF! | L2: =B2*0.975 -> #REF! | M2: =B2 -> #REF! | N2: =M2 -> #REF!
A3: Harvested Acreage | B3: ='USDA Comp'!#REF! -> #REF! | C3: ='USDA Comp'!E6 -> 84.988 | D3: =C3 -> 84.988 | E3: =D3 -> 84.988 | F3: =E3 -> 84.988 | G3: =F3 -> 84.988 | H3: =G3 -> 84.988 | I3: =H3 -> 84.988 | J3: =I3 -> 84.988 | K3: =J3 -> 84.988 | L3: =K3 -> 84.988 | M3: =B3 -> #REF! | N3: =M3 -> #REF!
A4: Production | B4: =B3*B2 -> #REF! | C4: =C3*C2 -> 15017.788 | D4: =D3*D2 -> 15007.606 | E4: =E3*E2 -> 15007.606 | F4: =F3*F2 -> 15007.606 | G4: =G3*G2 -> #REF! | H4: =H3*H2 -> #REF! | I4: =I3*I2 -> #REF! | ... M4: =M3*M2 -> #REF! | N4: =M4 -> #REF!
A5: Imports | B5: ='USDA Comp'!#REF! -> #REF! | C5: ='USDA Comp'!E10 -> 24.227 | D5: =B5 -> #REF! | E5: =C5 -> 24.227 | F5: =E5 -> 24.227 | G5: 25 | H5: 25 | I5: 25 | J5: 30 | K5: 35 | L5: 40 | M5: =B5 -> #REF! | N5: =M5 -> #REF!
A6: Total Supply | B6: =B5+B4+'USDA Comp'!D18 -> #REF! | C6: =C5+C4+'USDA Comp'!#REF! -> #REF! | D6: =D5+D4+'USDA Comp'!#REF! -> #REF! | E6: =E5+E4+'USDA Comp'!#REF! -> #REF! | F6: =F5+F4+'USDA Comp'!#REF! -> #REF! | G6: =G5+G4+'USDA Comp'!#REF! -> #REF! | H6: =H5+H4+'USDA Comp'!#REF! -> #REF! | I6: =I5+I4+'USDA Comp'!#REF! -> #REF! | J6: =J5+J4+'USDA Comp'!#REF! -> #REF! | ... L6: =L5+L4+'USDA Comp'!#REF! -> #REF! | M6: =M5+M4+'USDA Comp'!$D$18 -> #REF! | N6: =N5+N4+'USDA Comp'!$D$18 -> #REF!
A7: Domestic Use | B7: =B8+B9 -> #REF! | C7: =C8+C9 -> 12420.863 | D7: =D8+D9 -> #REF! | E7: =E8+E9 -> 12420.863 | F7: =F8+F9 -> 12425 | G7: =G8+G9 -> 12500 | H7: =H8+H9 -> 12500 | I7: =I8+I9 -> 12525 | ... N7: =N8+N9 -> 11599.792
A8: Feed and Residual | B8: ='USDA Comp'!#REF! -> #REF! | C8: ='USDA Comp'!E13 -> 5665.4209 | D8: 5700 | E8: =C8 -> 5665.4209 | F8: 5700 | G8: 5775 | H8: 5775 | I8: 5800 | J8: 5700 | K8: 5700 | L8: 5700 | M8: =MAX(Corn!AQ13:AU13) -> 5847.1635 | N8: =MIN(Corn!AQ13:AU13) -> 5313.954
A9: FSI | B9: ='USDA Comp'!#REF! -> #REF! | C9: ='USDA Comp'!E14 -> 6755.442 | D9: =B9 -> #REF! | E9: =C9 -> 6755.442 | F9: =F10+1400 -> 6725 | G9: =G10+1400 -> 6725 | H9: =H10+1400 -> 6725 | I9: =I10+1400 -> 6725 | J9: =J10+1400 -> 6725 | K9: =K10+1400 -> 6725 | L9: =L10+1400 -> 6725 | M9: =MAX(Corn!AQ14:AU14) -> 7047.3946 | N9: =MIN(Corn!AQ14:AU14) -> 6285.838
A10: Ethanol Production | B10: ='USDA Comp'!#REF! -> #REF! | C10: ='USDA Comp'!E15 -> 5317.825 | D10: 5200 | E10: =C10 -> 5317.825 | F10: 5325 | G10: 5325 | H10: 5325 | I10: 5325 | J10: 5325 | K10: 5325 | L10: 5325 | M10: =MAX(Corn!AQ15:AU15) -> 5595.422 | N10: =MIN(Corn!AQ15:AU15) -> 4856.453
A11: Exports | B11: ='USDA Comp'!#REF! -> #REF! | C11: ='USDA Comp'!E16 -> 2478.7741 | D11: 2450 | E11: =C11 -> 2478.7741 | F11: 2450 | G11: 2600 | H11: 2700 | I11: 2800 | J11: 2500 | K11: 2400 | L11: 2300 | M11: =MAX(Corn!AQ16:AU16) -> 2746.941 | N11: =MIN(Corn!AQ16:AU16) -> 1778.4765
A12: Total Demand | B12: =B11+B7 -> #REF! | C12: =C11+C7 -> 14899.637 | D12: =D11+D7 -> #REF! | E12: =E11+E7 -> 14899.637 | F12: =F11+F7 -> 14875 | G12: =G11+G7 -> 15100 | H12: =H11+H7 -> 15200 | I12: =I11+I7 -> 15325 | ... N12: =N11+N7 -> 13378.268
A13: Ending Stocks | B13: =B6-B12 -> #REF! | C13: =C6-C12 -> #REF! | D13: =D6-D12 -> #REF! | E13: =E6-E12 -> #REF! | F13: =F6-F12 -> #REF! | G13: =G6-G12 -> #REF! | H13: =H6-H12 -> #REF! | I13: =I6-I12 -> #REF! | ... N13: =N6-N12 -> #REF!
A14: Stocks-to-Use | B14: =B13/B12 -> #REF! | C14: =C13/C12 -> #REF! | D14: =D13/D12 -> #REF! | E14: =E13/E12 -> #REF! | F14: =F13/F12 -> #REF! | G14: =G13/G12 -> #REF! | H14: =H13/H12 -> #REF! | I14: =I13/I12 -> #REF! | ... N14: =N13/N12 -> #REF!
A15: Implied Price | B15: =-3.962*LN(B14)-3.9799 -> #REF! | C15: =-3.962*LN(C14)-3.9799 -> #REF! | D15: =-3.962*LN(D14)-3.9799 -> #REF! | E15: =-3.962*LN(E14)-3.9799 -> #REF! | F15: =-3.962*LN(F14)-3.9799 -> #REF! | G15: =-3.962*LN(G14)-3.9799 -> #REF! | H15: =-3.962*LN(H14)-3.9799 -> #REF! | I15: =-3.962*LN(I14)-3.9799 -> #REF! | ... N15: =-3.962*LN(N14)-3.9799 -> #REF!
A16: Implied Ethanol Use | B16: =B10*2.8 -> #REF! | C16: =C10*2.8 -> 14889.91 | D16: =D10*2.8 -> 14560 | E16: =E10*2.8 -> 14889.91 | F16: =F10*2.8 -> 14910 | G16: =G10*2.8 -> 14910 | H16: =H10*2.8 -> 14910 | I16: =I10*2.8 -> 14910 | ... N16: =N10*2.8 -> 13598.068
B20: Ethanol Consumption
A21: Gasoline Consumption mmbbl/day | B21: 9.1 | C21: 9.5 | E21: 2021/22 | G21: EMTS Ethanol Production | J21: Delta to Gasoline Consumption Driven Production Predictions
B22: 2021 | C22: 2022 | D22: Corn Consumption | E22: =SUM(B31:B34,C23:C30)/2.8 -> 5128.05 | F22: 2019 | G22: 2020 | H22: 2021 | I22: 2022 | J22: 2021
A23: Jan | B23: =B$21*42*0.1*31 -> 1184.82 | C23: =C$21*42*0.1*31 -> 1236.9 | D23: Ethanol Consumption | E23: =SUM(B30:B34,C23:C29) -> 14306.46 | F23: ='[2]D6 Gallon Forecast'!K109/1000000 -> 14730.394 | G23: ='[2]D6 Gallon Forecast'!L109/1000000 -> 12857.193 | H23: ='[2]D6 Gallon Forecast'!M109/1000000 -> 14123.604 | I23: ='[2]D6 Gallon Forecast'!N109/1000000 -> 14423.504 | J23: =H23-B23 -> 12938.784 | K23: =I23-C23 -> 13186.604
A24: Feb | B24: =B$21*42*0.1*28 -> 1070.16 | C24: =C$21*42*0.1*28 -> 1117.2 | F24: ='[2]D6 Gallon Forecast'!K110/1000000 -> 5.5829172e-08 | G24: ='[2]D6 Gallon Forecast'!L110/1000000 -> 7.1235265e-08 | H24: ='[2]D6 Gallon Forecast'!M110/1000000 -> 1.0766851e-07 | I24: ='[2]D6 Gallon Forecast'!N110/1000000 -> -6.9915037e-09 | J24: =H24-B24 -> -1070.16 | K24: =I24-C24 -> -1117.2
A25: Mar | B25: =B$21*42*0.1*31 -> 1184.82 | C25: =C$21*42*0.1*31 -> 1236.9 | D25: Jacobsen Ethanol | E25: =SUM(H31:H34,I23:I30) -> 24068.76 | F25: ='[2]D6 Gallon Forecast'!K111/1000000 -> 0 | G25: ='[2]D6 Gallon Forecast'!L111/1000000 -> 0 | H25: ='[2]D6 Gallon Forecast'!M111/1000000 -> 0 | I25: ='[2]D6 Gallon Forecast'!N111/1000000 -> 0 | J25: =H25-B25 -> -1184.82 | K25: =I25-C25 -> -1236.9
A26: Apr | B26: =B$21*42*0.1*30 -> 1146.6 | C26: =C$21*42*0.1*30 -> 1197 | D26: Jacobsen Corn | E26: =E25/2.8 -> 8595.9857 | F26: ='[2]D6 Gallon Forecast'!K112/1000000 -> 0.002019 | G26: ='[2]D6 Gallon Forecast'!L112/1000000 -> 0.00202 | H26: ='[2]D6 Gallon Forecast'!M112/1000000 -> 0.002021 | I26: ='[2]D6 Gallon Forecast'!N112/1000000 -> 0.002022 | J26: =H26-B26 -> -1146.598 | K26: =I26-C26 -> -1196.998
A27: May | B27: =B$21*42*0.1*31 -> 1184.82 | C27: =C$21*42*0.1*31 -> 1236.9 | F27: ='[2]D6 Gallon Forecast'!K113/1000000 -> 1189.7795 | G27: ='[2]D6 Gallon Forecast'!L113/1000000 -> 1238.3038 | H27: ='[2]D6 Gallon Forecast'!M113/1000000 -> 1072.5819 | I27: ='[2]D6 Gallon Forecast'!N113/1000000 -> 1206.1533 | J27: =H27-B27 -> -112.23811 | K27: =I27-C27 -> -30.746678
A28: Jun | B28: =B$21*42*0.1*30 -> 1146.6 | C28: =C$21*42*0.1*30 -> 1197 | E28: 2020/21 | F28: ='[2]D6 Gallon Forecast'!K114/1000000 -> 1132.554 | G28: ='[2]D6 Gallon Forecast'!L114/1000000 -> 1141.7269 | H28: ='[2]D6 Gallon Forecast'!M114/1000000 -> 889.09639 | I28: ='[2]D6 Gallon Forecast'!N114/1000000 -> 1065.4484 | J28: =H28-B28 -> -257.50361 | K28: =I28-C28 -> -131.55162
A29: Jul | B29: =B$21*42*0.1*31 -> 1184.82 | C29: =C$21*42*0.1*31 -> 1236.9 | D29: EMTS/Jake Ethanol | E29: =SUM(G31:G34,H23:H30) -> 22576.982 | F29: ='[2]D6 Gallon Forecast'!K115/1000000 -> 1184.0627 | G29: ='[2]D6 Gallon Forecast'!L115/1000000 -> 1112.1642 | H29: ='[2]D6 Gallon Forecast'!M115/1000000 -> 1175.8628 | I29: ='[2]D6 Gallon Forecast'!N115/1000000 -> 1259.9852 | J29: =H29-B29 -> -8.957201 | K29: =I29-C29 -> 23.085238
A30: Aug | B30: =B$21*42*0.1*31 -> 1184.82 | C30: =C$21*42*0.1*31 -> 1236.9 | D30: Jake Corn | E30: =E29/2.8 -> 8063.2077 | F30: ='[2]D6 Gallon Forecast'!K116/1000000 -> 1237.2467 | G30: ='[2]D6 Gallon Forecast'!L116/1000000 -> 628.05049 | H30: ='[2]D6 Gallon Forecast'!M116/1000000 -> 1121.3414 | I30: ='[2]D6 Gallon Forecast'!N116/1000000 -> 1126.6547 | J30: =H30-B30 -> -63.478649 | K30: =I30-C30 -> -110.24527
A31: Sep | B31: =B$21*42*0.1*30 -> 1146.6 | C31: =C$21*42*0.1*30 -> 1197 | F31: ='[2]D6 Gallon Forecast'!K117/1000000 -> 1276.709 | G31: ='[2]D6 Gallon Forecast'!L117/1000000 -> 835.52163 | H31: ='[2]D6 Gallon Forecast'!M117/1000000 -> 1249.146 | I31: ='[2]D6 Gallon Forecast'!N117/1000000 -> 1221.6675 | J31: =H31-B31 -> 102.54605 | K31: =I31-C31 -> 24.667543
A32: Oct | B32: =B$21*42*0.1*31 -> 1184.82 | C32: =C$21*42*0.1*31 -> 1236.9 | F32: ='[2]D6 Gallon Forecast'!K118/1000000 -> 1233.405 | G32: ='[2]D6 Gallon Forecast'!L118/1000000 -> 1065.2603 | H32: ='[2]D6 Gallon Forecast'!M118/1000000 -> 1253.6387 | I32: ='[2]D6 Gallon Forecast'!N118/1000000 -> 1285.219 | J32: =H32-B32 -> 68.818702 | K32: =I32-C32 -> 48.318955
A33: Nov | B33: =B$21*42*0.1*30 -> 1146.6 | C33: =C$21*42*0.1*30 -> 1197 | F33: ='[2]D6 Gallon Forecast'!K119/1000000 -> 1312.3517 | G33: ='[2]D6 Gallon Forecast'!L119/1000000 -> 1169.0021 | H33: ='[2]D6 Gallon Forecast'!M119/1000000 -> 1272.9125 | I33: ='[2]D6 Gallon Forecast'!N119/1000000 -> 1204.3691 | J33: =H33-B33 -> 126.31246 | K33: =I33-C33 -> 7.369135
A34: Dec | B34: =B$21*42*0.1*31 -> 1184.82 | C34: =C$21*42*0.1*31 -> 1236.9 | F34: ='[2]D6 Gallon Forecast'!K120/1000000 -> 1243.6711 | G34: ='[2]D6 Gallon Forecast'!L120/1000000 -> 1124.7092 | H34: ='[2]D6 Gallon Forecast'!M120/1000000 -> 1211.3153 | I34: ='[2]D6 Gallon Forecast'!N120/1000000 -> 1265.6346 | J34: =H34-B34 -> 26.495327 | K34: =I34-C34 -> 28.73458
A37: Marketing-Year Chart Data | B37: Ethanol Production | E37: Corn Grind
B38: 2019/20 | C38: 2020/21 | D38: 2021/22 | E38: =B38 -> 2019/20 | F38: =C38 -> 2020/21 | G38: =D38 -> 2021/22 | H38: 2022/23
A39: =A31 -> Sep | B39: =F31 -> 1276.709 | C39: =G31 -> 835.52163 | D39: =H31 -> 1249.146 | E39: ='[3]Ethanol Balance Sheet'!AB113 -> 407.963 | F39: ='[3]Ethanol Balance Sheet'!AC113 -> 406.306 | G39: ='[3]Ethanol Balance Sheet'!AD113 -> 412.158 | H39: ='[3]Ethanol Balance Sheet'!AE113 -> 383.273
A40: =A32 -> Oct | B40: =F32 -> 1233.405 | C40: =G32 -> 1065.2603 | D40: =H32 -> 1253.6387 | E40: ='[3]Ethanol Balance Sheet'!AB114 -> 433.83 | F40: ='[3]Ethanol Balance Sheet'!AC114 -> 431.991 | G40: ='[3]Ethanol Balance Sheet'!AD114 -> 464.661 | H40: ='[3]Ethanol Balance Sheet'!AE114 -> 448.616
A41: =A33 -> Nov | B41: =F33 -> 1312.3517 | C41: =G33 -> 1169.0021 | D41: =H33 -> 1272.9125 | E41: ='[3]Ethanol Balance Sheet'!AB115 -> 461.177 | F41: ='[3]Ethanol Balance Sheet'!AC115 -> 432.519 | G41: ='[3]Ethanol Balance Sheet'!AD115 -> 467.913 | H41: ='[3]Ethanol Balance Sheet'!AE115 -> 450.535
A42: =A34 -> Dec | B42: =F34 -> 1243.6711 | C42: =G34 -> 1124.7092 | D42: =H34 -> 1211.3153 | E42: ='[3]Ethanol Balance Sheet'!AB116 -> 478.413 | F42: ='[3]Ethanol Balance Sheet'!AC116 -> 429.498 | G42: ='[3]Ethanol Balance Sheet'!AD116 -> 474.88 | H42: ='[3]Ethanol Balance Sheet'!AE116 -> 425.788
A43: =A23 -> Jan | B43: =G23 -> 12857.193 | C43: =H23 -> 14123.604 | D43: =I23 -> 14423.504 | E43: ='[3]Ethanol Balance Sheet'!AB117 -> 465.968 | F43: ='[3]Ethanol Balance Sheet'!AC117 -> 403.826 | G43: ='[3]Ethanol Balance Sheet'!AD117 -> 455.425 | H43: ='[3]Ethanol Balance Sheet'!AE117 -> 440.961
A44: =A24 -> Feb | B44: =G24 -> 7.1235265e-08 | C44: =H24 -> 1.0766851e-07 | D44: =I24 -> -6.9915037e-09 | E44: ='[3]Ethanol Balance Sheet'!AB118 -> 429.579 | F44: ='[3]Ethanol Balance Sheet'!AC118 -> 336.022 | G44: ='[3]Ethanol Balance Sheet'!AD118 -> 412.061 | H44: ='[3]Ethanol Balance Sheet'!AE118 -> 398.753
A45: =A25 -> Mar | B45: =G25 -> 0 | C45: =H25 -> 0 | D45: =I25 -> 0 | E45: ='[3]Ethanol Balance Sheet'!AB119 -> 401.158 | F45: ='[3]Ethanol Balance Sheet'!AC119 -> 420.849 | G45: ='[3]Ethanol Balance Sheet'!AD119 -> 448.663 | H45: ='[3]Ethanol Balance Sheet'!AE119 -> 436.136
A46: =A26 -> Apr | B46: =G26 -> 0.00202 | C46: =H26 -> 0.002021 | D46: =I26 -> 0.002022 | E46: ='[3]Ethanol Balance Sheet'!AB120 -> 258.222 | F46: ='[3]Ethanol Balance Sheet'!AC120 -> 448.222 | G46: ='[3]Ethanol Balance Sheet'!AD120 -> 420.839 | H46: ='[3]Ethanol Balance Sheet'!AE120 -> 414.059
A47: =A27 -> May | B47: =G27 -> 1238.3038 | C47: =H27 -> 1072.5819 | D47: =I27 -> 1206.1533 | E47: ='[3]Ethanol Balance Sheet'!AB121 -> 297.168 | F47: ='[3]Ethanol Balance Sheet'!AC121 -> 442.038 | G47: ='[3]Ethanol Balance Sheet'!AD121 -> 449.072 | H47: ='[3]Ethanol Balance Sheet'!AE121 -> 439.011
A48: =A28 -> Jun | B48: =G28 -> 1141.7269 | C48: =H28 -> 889.09639 | D48: =I28 -> 1065.4484 | E48: ='[3]Ethanol Balance Sheet'!AB122 -> 382.656 | F48: ='[3]Ethanol Balance Sheet'!AC122 -> 448.702 | G48: ='[3]Ethanol Balance Sheet'!AD122 -> 439.943 | H48: ='[3]Ethanol Balance Sheet'!AE122 -> 442.072
A49: =A29 -> Jul | B49: =G29 -> 1112.1642 | C49: =H29 -> 1175.8628 | D49: =I29 -> 1259.9852 | E49: ='[3]Ethanol Balance Sheet'!AB123 -> 418.872 | F49: ='[3]Ethanol Balance Sheet'!AC123 -> 468.097 | G49: ='[3]Ethanol Balance Sheet'!AD123 -> 441.909 | H49: ='[3]Ethanol Balance Sheet'!AE123 -> 455.241
A50: =A30 -> Aug | B50: =G30 -> 628.05049 | C50: =H30 -> 1121.3414 | D50: =I30 -> 1126.6547 | E50: ='[3]Ethanol Balance Sheet'!AB124 -> 411.347 | F50: ='[3]Ethanol Balance Sheet'!AC124 -> 475.236 | G50: ='[3]Ethanol Balance Sheet'!AD124 -> 430.301 | H50: ='[3]Ethanol Balance Sheet'!AE124 -> 441.696

Sheet Corn
A1: U.S. CORN SUPPLY AND DEMAND (Million Bushels/Million Acres) | AU1: =AU4/AT4-1 -> 0.011883182 | AV1: =AV4/AU4-1 -> 0.027302282 | AW1: =AW4/AV4-1 -> -0.051011292 | AX1: =AX4/AW4-1 -> 0.073489712 | AY1: =AY4/AX4-1 -> -0.042761594
B2: 75/76 | C2: 76/77 | D2: 77/78 | E2: 78/79 | F2: 79/80 | G2: 80/81 | H2: 81/82 | I2: 82/83 | J2: 83/84 | K2: 84/85 | L2: 85/86 | M2: 86/87 | N2: 87/88 | O2: 88/89 | P2: 89/90 | Q2: 90/91 | R2: 91/92 | S2: 92/93 | T2: 93/94 | U2: 94/95 | V2: 95/96 | W2: 96/97 | X2: 97/98 | Y2: 98/99 | Z2: 99/00 | AA2: 00/01 | AB2: 01/02 | AC2: 02/03 | AD2: 03/04 | AE2: 04/05 | AF2: 05/06 | AG2: 06/07 | AH2: 07/08 | AI2: 08/09 | AJ2: 09/10 | AK2: 10/11 | AL2: 11/12 | AM2: 12/13 | AN2: 13/14 | AO2: 14/15 | AP2: 15/16 | AQ2: 16/17 | AR2: 17/18 | AS2: 18/19 | AT2: 19/20 | AU2: 20/21 | AV2: 21/22 | AW2: 22/23 | AX2: 23/24 | AY2: 24/25 | AZ2: 25/26 | BA2: 26/27 | BB2: 27/28 | BC2: 28/29 | BD2: 29/30 | BE2: 30/31 | BF2: 31/32 | BG2: 32/33 | BH2: 33/34 | BI2: 34/35 | BJ2: 35/36 | BK2: 36/37 | BL2: 37/38 | BM2: 38/39 | BN2: 39/40 | BO2: 40/41 | BP2: 41/42 | BQ2: 42/43 | BR2: 43/44
B3: 1975 | C3: 1976 | D3: 1977 | E3: 1978 | F3: 1979 | G3: 1980 | H3: 1981 | I3: 1982 | J3: 1983 | K3: 1984 | L3: 1985 | M3: 1986 | N3: 1987 | O3: 1988 | P3: 1989 | Q3: 1990 | R3: 1991 | S3: 1992 | T3: 1993 | U3: 1994 | V3: 1995 | W3: 1996 | X3: 1997 | Y3: 1998 | Z3: 1999 | AA3: 2000 | AB3: 2001 | AC3: 2002 | AD3: 2003 | AE3: 2004 | AF3: 2005 | AG3: 2006 | AH3: 2007 | AI3: 2008 | AJ3: 2009 | AK3: 2010 | AL3: 2011 | AM3: 2012 | AN3: 2013 | AO3: 2014 | AP3: 2015 | AQ3: 2016 | AR3: 2017 | AS3: 2018 | AT3: 2019 | AU3: 2020 | AV3: 2021 | AW3: 2022 | AX3: 2023 | AY3: 2024 | AZ3: 2025 | BA3: 2026 | BB3: 2027 | BC3: 2028 | BD3: 2029 | BE3: 2030 | BF3: 2031 | BG3: 2032 | BH3: 2033 | BI3: 2034 | BJ3: 2035 | BK3: 2036 | BL3: 2037 | BM3: 2038 | BN3: 2039 | BO3: 2040 | BP3: 2041 | BQ3: 2042 | BR3: 2043
A4: Planted Acres | B4: 78.719 | C4: 84.588 | D4: 84.328 | E4: 81.675 | F4: 81.394 | G4: 84.043 | H4: 84.097 | I4: 81.857 | J4: 60.207 | K4: 80.517 | L4: 83.398 | M4: 76.58 | N4: 66.2 | O4: 67.717 | P4: 72.322 | Q4: 74.166 | R4: 75.957 | S4: 79.311 | T4: 73.239 | U4: 78.921 | V4: 71.479 | W4: 79.229 | X4: 79.537 | Y4: 80.165 | Z4: 77.386 | AA4: 79.551 | AB4: 75.702 | AC4: 78.894 | AD4: 78.603 | AE4: 80.929 | AF4: 81.779 | AG4: 78.327 | AH4: 93.527 | AI4: 85.982 | AJ4: 86.382 | AK4: 88.192 | AL4: 91.936 | AM4: 97.291 | AN4: 95.365 | AO4: 90.597 | AP4: 88.019 | AQ4: 94.004 | AR4: 90.167 | AS4: 88.821 | AT4: 89.37 | AU4: 90.432 | AV4: 92.901 | AW4: 88.162 | AX4: 94.641 | AY4: 90.594 | AZ4: 89 | BA4: 87.5 | BB4: 86 | BC4: 85 | BD4: 84.5 | BE4: 84.5 | BF4: 85.5 | BG4: 86.5 | BH4: 87.5 | BI4: 88.5 | BJ4: 89.5 | BK4: 90.5 | BL4: 91.5 | BM4: 92.5 | BN4: 93.5 | BO4: 94.5 | BP4: 95.5 | BQ4: 96.5 | BR4: 97.5
A5: Harvested Area | B5: 67.625 | C5: 71.506 | D5: 71.614 | E5: 71.93 | F5: 72.4 | G5: 72.961 | H5: 74.524 | I5: 72.719 | J5: 51.479 | K5: 71.897 | L5: 75.209 | M5: 68.907 | N5: 59.505 | O5: 58.25 | P5: 64.783 | Q5: 66.952 | R5: 68.822 | S5: 72.077 | T5: 62.933 | U5: 72.514 | V5: 65.21 | W5: 72.644 | X5: 72.671 | Y5: 72.589 | Z5: 70.487 | AA5: 72.44 | AB5: 68.768 | AC5: 69.33 | AD5: 70.944 | AE5: 73.631 | AF5: 75.117 | AG5: 70.638 | AH5: 86.52 | AI5: 78.57 | AJ5: 79.49 | AK5: 81.446 | AL5: 83.879 | AM5: 87.365 | AN5: 87.461 | AO5: 83.146 | AP5: 80.753 | AQ5: 86.748 | AR5: 82.733 | AS5: 81.169 | AT5: 80.991 | AU5: 82.168 | AV5: 84.988 | AW5: 78.705 | AX5: 86.506 | AY5: 82.896 | AZ5: =AVERAGE(AJ7:AX7)*AZ4 -> 81.269217 | BA5: =AVERAGE(AK7:AY7)*BA4 -> 79.869252 | BB5: =AVERAGE(AL7:AZ7)*BB4 -> 78.440607 | BC5: =AVERAGE(AM7:BA7)*BC4 -> 77.530935 | BD5: =AVERAGE(AN7:BB7)*BD4 -> 77.154435 | BE5: =AVERAGE(AO7:BC7)*BE4 -> 77.126326 | BF5: =AVERAGE(AP7:BD7)*BF4 -> 78.012351 | BG5: =AVERAGE(AQ7:BE7)*BG4 -> 78.897603 | ... BR5: =AVERAGE(BB7:BP7)*BR4 -> 88.908206
A6: Yield | B6: =B9/B5 -> 86.369789 | C6: =C9/C5 -> 87.953025 | D6: =D9/D5 -> 90.834767 | E6: =E9/E5 -> 101.04167 | F6: =F9/F5 -> 109.50468 | G6: =G9/G5 -> 90.999246 | H6: =H9/H5 -> 108.94007 | I6: =I9/I5 -> 113.24552 | ... AY6: =AY9/AY5 -> 179.34212 | AZ6: =FORECAST(AZ175,AF6:AY6,AF175:AY175) -> 182.33828 | BA6: =FORECAST(BA175,AG6:AZ6,AG175:AZ175) -> 184.47934 | BB6: =FORECAST(BB175,AH6:BA6,AH175:BA175) -> 186.63898 | BC6: =FORECAST(BC175,AI6:BB6,AI175:BB175) -> 188.85768 | BD6: =FORECAST(BD175,AJ6:BC6,AJ175:BC175) -> 191.2522 | BE6: =FORECAST(BE175,AK6:BD6,AK175:BD175) -> 194.84999 | BF6: =FORECAST(BF175,AL6:BE6,AL175:BE175) -> 197.37358 | BG6: =FORECAST(BG175,AM6:BF6,AM175:BF175) -> 199.06799 | ... BR6: =FORECAST(BR175,AX6:BQ6,AX175:BQ175) -> 217.71145
A7: Harvested Percent | B7: =B5/B4 -> 0.85906833 | C7: =C5/C4 -> 0.84534449 | D7: =D5/D4 -> 0.84923157 | E7: =E5/E4 -> 0.88068564 | F7: =F5/F4 -> 0.88950045 | G7: =G5/G4 -> 0.86813893 | H7: =H5/H4 -> 0.88616716 | I7: =I5/I4 -> 0.8883663 | ... BR7: =BR5/BR4 -> 0.91187903
A8: Beginning Stocks (September 1) | B8: 558 | C8: =B18 -> 633.2 | D8: =C18 -> 1135.6 | E8: =D18 -> 1435.9 | F8: =E18 -> 1709.5 | G8: =F18 -> 2034.3 | H8: =G18 -> 1392.1 | I8: =H18 -> 2536.6 | J8: =I18 -> 3523.1 | ... BR8: =BQ18 -> 11246.279 | CA8: =AW5-0.7 -> 78.005
A9: Production | B9: 5840.757 | C9: 6289.169 | D9: 6505.041 | E9: 7267.927 | F9: 7928.139 | G9: 6639.396 | H9: 8118.65 | I9: 8235.101 | J9: 4174.251 | K9: 7672.13 | L9: 8875.453 | M9: 8225.764 | N9: 7131.3 | O9: 4928.681 | P9: 7531.953 | Q9: 7934.028 | R9: 7474.765 | S9: 9476.698 | T9: 6337.73 | U9: 10050.52 | V9: 7400.051 | W9: 9232.557 | X9: 9206.832 | Y9: 9758.685 | Z9: 9430.612 | AA9: 9915.051 | AB9: 9502.58 | AC9: 8966.787 | AD9: 10087.292 | AE9: 11805.581 | AF9: 11112.187 | AG9: 10531.123 | AH9: 13037.875 | AI9: 12043.203 | AJ9: 13067.156 | AK9: 12425.33 | AL9: 12313.956 | AM9: 10755.111 | AN9: 13830.704 | AO9: 14217.292 | AP9: 13601.964 | AQ9: 15148.038 | AR9: 14609.407 | AS9: 14321.674 | AT9: 13568.306 | AU9: 14086.699 | AV9: 15017.788 | AW9: 13650.531 | AX9: 15340.52 | AY9: 14866.744 | AZ9: 15500 | BA9: =BA6*BA5 -> 14734.227 | BB9: =BB6*BB5 -> 14640.075 | BC9: =BC6*BC5 -> 14642.313 | BD9: =BD6*BD5 -> 14755.955 | BE9: =BE6*BE5 -> 15028.064 | BF9: =BF6*BF5 -> 15397.577 | BG9: =BG6*BG5 -> 15705.988 | BH9: =BH6*BH5 -> 15755.123 | ... BR9: =BR6*BR5 -> 19356.334
A10: Imports | B10: =B89 -> 1.496 | C10: =C89 -> 2.429 | D10: =D89 -> 2.4 | E10: =E89 -> 1.152 | F10: =F89 -> 0.719 | G10: =G89 -> 0.849 | H10: =H89 -> 0.555 | I10: =I89 -> 0.488 | ... AS10: =AS89 -> 28.001474 | AT10: =CB81 -> 41.885 | AU10: =CC81 -> 24.233 | AV10: =CD81 -> 24.227 | AW10: =CE81 -> 38.716 | AX10: =CF81 -> 0 | AY10: 30 | AZ10: 30 | BA10: 30 | BB10: 30 | BC10: 30 | BD10: 30 | BE10: 30 | BF10: 30 | BG10: 30 | BH10: 30 | BI10: 30 | BJ10: 30 | BK10: 30 | BL10: 30 | BM10: 30 | BN10: 30 | BO10: 30 | BP10: 30 | BQ10: 30 | BR10: 30 | BX10: =AX9-AQ9 -> 192.482
A11: Total Supply | B11: =SUM(B8:B10) -> 6400.253 | C11: =SUM(C8:C10) -> 6924.798 | D11: =SUM(D8:D10) -> 7643.041 | E11: =SUM(E8:E10) -> 8704.979 | F11: =SUM(F8:F10) -> 9638.358 | G11: =SUM(G8:G10) -> 8674.545 | H11: =SUM(H8:H10) -> 9511.305 | I11: =SUM(I8:I10) -> 10772.189 | ... BR11: =SUM(BR8:BR10) -> 30632.614
A12: Domestic Use | B12: =B17-B16 -> 4102.562 | C12: =C13+C14 -> 4144.078 | D12: =D13+D14 -> 4310.744 | E12: =E13+E14 -> 4882.358 | F12: =F13+F14 -> 5202.543 | G12: =G13+G14 -> 4891.339 | H12: =H13+H14 -> 4977.943 | I12: =I13+I14 -> 5426.743 | J12: =J13+J14 -> 4806.36 | ... AR12: =AR13+AR14 -> 12361.349 | AS12: =AS17-AS16 -> 12200.92 | AT12: =AT17-AT16 -> 12133.002 | AU12: =AU17-AU16 -> 12048.941 | AV12: =AV17-AV16 -> 12420.863 | AW12: =AW17-AW16 -> 12035.999 | AX12: =AX17-AX16 -> 12639.075 | AY12: =AY13+AY14 -> 12575 | AZ12: =AZ13+AZ14 -> 12550 | BA12: =BA13+BA14 -> 12500 | BB12: =BB13+BB14 -> 12575 | BC12: =BC13+BC14 -> 12675 | BD12: =BD13+BD14 -> 12750 | BE12: =BE13+BE14 -> 12850 | BF12: =BF13+BF14 -> 12950 | ... BR12: =BR13+BR14 -> 11900
A13: Feed & Residual | B13: =B12-B14-B15 -> 3576.762 | C13: =C113 -> 3601.878 | D13: =D113 -> 3729.744 | E13: =E113 -> 4274.358 | F13: =F113 -> 4563.043 | G13: =G113 -> 4232.139 | H13: =H113 -> 4244.543 | I13: =I113 -> 4573.243 | J13: =J113 -> 3876.26 | ... AR13: =AR113 -> 5313.954 | AS13: =AS12-AS14 -> 5406.4492 | AT13: =AT12-AT14 -> 5847.1635 | AU13: =AU12-AU14 -> 5586.786 | AV13: =AV12-AV14 -> 5663.4209 | AW13: =AW12-AW14 -> 5485.3204 | AX13: =AX12-AX14 -> 5795.2018 | AY13: =6000-150 -> 5850 | AZ13: 5800 | BA13: 5850 | BB13: 5900 | BC13: 5950 | BD13: 6000 | BE13: 6050 | BF13: 6100 | BG13: 6250 | BH13: 6300 | BI13: 6300 | BJ13: 6400 | BK13: 6600 | BL13: 6800 | BM13: 7000 | BN13: 7000 | BO13: 7250 | BP13: 7500 | BQ13: 7750 | BR13: 7750
A14: Food/Seed/Industrial | B14: =B174 -> 520.8 | C14: =C174 -> 542.2 | D14: =D174 -> 581 | E14: =E174 -> 608 | F14: =F174 -> 639.5 | G14: =G174 -> 659.2 | H14: =H174 -> 733.4 | I14: =I174 -> 853.5 | ... AX14: =AX174 -> 6843.8736 | AY14: =AY15+1400 -> 6725 | AZ14: 6750 | BA14: =BA15+1400 -> 6650 | BB14: =BB15+1400 -> 6675 | BC14: =BC15+1400 -> 6725 | BD14: =BD15+1400 -> 6750 | BE14: =BE15+1400 -> 6800 | BF14: =BF15+1400 -> 6850 | BG14: =BG15+1400 -> 6900 | BH14: =BH15+1400 -> 6950 | ... BR14: =BR15+1400 -> 4150
A15: Ethanol for Fuel | B15: =B170 -> 5 | C15: =C170 -> 10 | D15: =D170 -> 10 | E15: =E170 -> 15 | F15: =F170 -> 25 | G15: =G170 -> 35 | H15: =H170 -> 86 | I15: =I170 -> 140 | ... AT15: =AT170 -> 4856.453 | AU15: ='[3]Ethanol Balance Sheet'!AC$125 -> 5143.306 | AV15: ='[3]Ethanol Balance Sheet'!AD$125+1 -> 5318.825 | AW15: ='[3]Ethanol Balance Sheet'!AE$125+1 -> 5177.141 | AX15: ='[3]Ethanol Balance Sheet'!AF$125+1 -> 5471.77 | AY15: =MROUND(SUM('[2]D6 Gallon Forecast'!P$121:P$124,'[2]D6 Gallon Forecast'!Q$113:Q$120)/1000000/2.75,25) -> 5325 | AZ15: =MROUND(SUM('[2]D6 Gallon Forecast'!Q$121:Q$124,'[2]D6 Gallon Forecast'!R$113:R$120)/1000000/2.8,25) -> 5225 | BA15: =MROUND(SUM('[2]D6 Gallon Forecast'!R$121:R$124,'[2]D6 Gallon Forecast'!S$113:S$120)/1000000/2.8,25) -> 5250 | BB15: =MROUND(SUM('[2]D6 Gallon Forecast'!S$121:S$124,'[2]D6 Gallon Forecast'!T$113:T$120)/1000000/2.8,25) -> 5275 | BC15: =MROUND(SUM('[2]D6 Gallon Forecast'!T$121:T$124,'[2]D6 Gallon Forecast'!U$113:U$120)/1000000/2.8,25) -> 5325 | BD15: =MROUND(SUM('[2]D6 Gallon Forecast'!U$121:U$124,'[2]D6 Gallon Forecast'!V$113:V$120)/1000000/2.8,25) -> 5350 | BE15: =MROUND(SUM('[2]D6 Gallon Forecast'!V$121:V$124,'[2]D6 Gallon Forecast'!W$113:W$120)/1000000/2.8,25) -> 5400 | BF15: =MROUND(SUM('[2]D6 Gallon Forecast'!W$121:W$124,'[2]D6 Gallon Forecast'!X$113:X$120)/1000000/2.8,25) -> 5450 | BG15: =MROUND(SUM('[2]D6 Gallon Forecast'!X$121:X$124,'[2]D6 Gallon Forecast'!Y$113:Y$120)/1000000/2.8,25) -> 5500 | ... BR15: =MROUND(SUM('[2]D6 Gallon Forecast'!AI$121:AI$124,'[2]D6 Gallon Forecast'!AJ$113:AJ$120)/1000000/2.8,25) -> 2750 | BZ15: =AO14-AO15 -> 1395.266 | CA15: =AP14-AP15 -> 1423.533 | CB15: =AQ14-AQ15 -> 1453.277 | CC15: =AR14-AR15 -> 1451.9726 | CD15: =AS14-AS15 -> 1414.6004 | CE15: =AT14-AT15 -> 1429.385 | CF15: =AU14-AU15 -> 1318.849
A16: Exports | B16: =B105 -> 1664.491 | C16: =C105 -> 1645.12 | D16: =D105 -> 1896.397 | E16: =E105 -> 2113.121 | F16: =F105 -> 2401.515 | G16: =G105 -> 2391.106 | H16: =H105 -> 1996.762 | I16: =I105 -> 1821.346 | ... AX16: =AX105 -> 2298.2456 | AY16: 2600 | AZ16: 2650 | BA16: 2350 | BB16: =2600-500 -> 2100 | BC16: =2600-500 -> 2100 | BD16: =2600-500 -> 2100 | BE16: =2600-500 -> 2100 | BF16: 2400 | BG16: 2600 | BH16: 2700 | BI16: 2800 | BJ16: 2900 | BK16: 3100 | BL16: 3250 | BM16: 3500 | BN16: 3750 | BO16: 3750 | BP16: 3750 | BQ16: 4000 | BR16: 4250
A17: Total Use | B17: =B11-B18 -> 5767.053 | C17: =C12+C16 -> 5789.198 | D17: =D12+D16 -> 6207.141 | E17: =E12+E16 -> 6995.479 | F17: =F12+F16 -> 7604.058 | G17: =G12+G16 -> 7282.445 | H17: =H12+H16 -> 6974.705 | I17: =I12+I16 -> 7248.089 | J17: =J12+J16 -> 6692.757 | ... AR17: =AR12+AR16 -> 14798.462 | AS17: =AS11-AS18 -> 14269.261 | AT17: =AT11-AT18 -> 13911.478 | AU17: =AU11-AU18 -> 14795.882 | AV17: =AV11-AV18 -> 14899.637 | AW17: =AW11-AW18 -> 13705.936 | AX17: =AX11-AX18 -> 14937.321 | AY17: =AY12+AY16 -> 15175 | AZ17: =AZ12+AZ16 -> 15200 | BA17: =BA12+BA16 -> 14850 | BB17: =BB12+BB16 -> 14675 | BC17: =BC12+BC16 -> 14775 | BD17: =BD12+BD16 -> 14850 | BE17: =BE12+BE16 -> 14950 | BF17: =BF12+BF16 -> 15350 | ... BR17: =BR12+BR16 -> 16150 | BZ17: =AL2 -> 11/12 | CA17: =AM2 -> 12/13 | CB17: =AN2 -> 13/14 | CC17: =AO2 -> 14/15 | CD17: =AP2 -> 15/16 | CE17: =AQ2 -> 16/17 | CF17: =AR2 -> 17/18 | CG17: =AS2 -> 18/19 | ... CK17: =AW2 -> 22/23
A18: Ending Stocks (August 31) | B18: =B71 -> 633.2 | C18: =C71 -> 1135.6 | D18: =D71 -> 1435.9 | E18: =E71 -> 1709.5 | F18: =F71 -> 2034.3 | G18: =G71 -> 1392.1 | H18: =H71 -> 2536.6 | I18: =I71 -> 3523.1 | ... AX18: =AX71 -> 1763.4 | AY18: =AY11-AY17 -> 1485.144 | AZ18: =AZ11-AZ17 -> 1815.144 | BA18: =BA11-BA17 -> 1729.3705 | BB18: =BB11-BB17 -> 1724.4451 | BC18: =BC11-BC17 -> 1621.7579 | BD18: =BD11-BD17 -> 1557.7132 | BE18: =BE11-BE17 -> 1665.7774 | BF18: =BF11-BF17 -> 1743.3541 | ... BR18: =BR11-BR17 -> 14482.614 | BY18: Ethanol Production (bil gal) | BZ18: =SUM('[2]D6 Gallon Forecast'!C$117:C$120,'[2]D6 Gallon Forecast'!D$109:D$116)/1000000000 -> 22.074004 | CA18: =SUM('[2]D6 Gallon Forecast'!D$117:D$120,'[2]D6 Gallon Forecast'!E$109:E$116)/1000000000 -> 21.557205 | CB18: =SUM('[2]D6 Gallon Forecast'!E$117:E$120,'[2]D6 Gallon Forecast'!F$109:F$116)/1000000000 -> 22.98207 | CC18: =SUM('[2]D6 Gallon Forecast'!F$117:F$120,'[2]D6 Gallon Forecast'!G$109:G$116)/1000000000 -> 23.829607 | CD18: =SUM('[2]D6 Gallon Forecast'!G$117:G$120,'[2]D6 Gallon Forecast'!H$109:H$116)/1000000000 -> 24.352324 | CE18: =SUM('[2]D6 Gallon Forecast'!H$117:H$120,'[2]D6 Gallon Forecast'!I$109:I$116)/1000000000 -> 24.692683 | CF18: =SUM('[2]D6 Gallon Forecast'!I$117:I$120,'[2]D6 Gallon Forecast'!J$109:J$116)/1000000000 -> 24.807239 | CG18: =SUM('[2]D6 Gallon Forecast'!J$117:J$120,'[2]D6 Gallon Forecast'!K$109:K$116)/1000000000 -> 24.693305 | ... CK18: =SUM('[2]D6 Gallon Forecast'!N$117:N$120,'[2]D6 Gallon Forecast'!O$109:O$116)/1000000000 -> 24.320229
A19: Stocks/Use | B19: =B18/B17 -> 0.10979611 | C19: =C18/C17 -> 0.19615843 | D19: =D18/D17 -> 0.23133033 | E19: =E18/E17 -> 0.24437212 | F19: =F18/F17 -> 0.26752821 | G19: =G18/G17 -> 0.19115833 | H19: =H18/H17 -> 0.36368563 | I19: =I18/I17 -> 0.48607295 | ... BR19: =BR18/BR17 -> 0.89675625 | BY19: Corn Grind | BZ19: =AL15/1000 -> 5.000032 | CA19: =AM15/1000 -> 4.641127 | CB19: =AN15/1000 -> 5.12369 | CC19: =AO15/1000 -> 5.20009 | CD19: =AP15/1000 -> 5.223614 | CE19: =AQ15/1000 -> 5.438507 | CF19: =AR15/1000 -> 5.595422 | CG19: =AS15/1000 -> 5.37987 | ... CK19: =AW15/1000 -> 5.177141
A20: Futures Price ($/bu.) | B20: =B192 -> 2.7959114 | C20: =C192 -> 2.459741 | D20: =D192 -> 2.3133003 | E20: =E192 -> 2.5220899 | F20: =F192 -> 2.8444248 | G20: =G192 -> 3.5727504 | H20: =H192 -> 2.7236123 | I20: =I192 -> 2.7843486 | ... BR20: =BR192 -> #NUM! | BY20: Yield | BZ20: =BZ18/BZ19 -> 4.4147725 | CA20: =CA18/CA19 -> 4.6448213 | CB20: =CB18/CB19 -> 4.4854529 | CC20: =CC18/CC19 -> 4.5825375 | CD20: =CD18/CD19 -> 4.6619686 | CE20: =CE18/CE19 -> 4.5403423 | CF20: =CF18/CF19 -> 4.4334884 | CG20: =CG18/CG19 -> 4.5899445 | ... CK20: =CK18/CK19 -> 4.6976176
A21: Farm Price ($/bu.) | B21: =SUMPRODUCT(B202:B213,B218:B229) -> 2.5441916 | C21: =SUMPRODUCT(C202:C213,C218:C229) -> 2.2003147 | D21: =SUMPRODUCT(D202:D213,D218:D229) -> 1.9925542 | E21: =SUMPRODUCT(E202:E213,E218:E229) -> 2.222664 | F21: =SUMPRODUCT(F202:F213,F218:F229) -> 2.4763299 | G21: =SUMPRODUCT(G202:G213,G218:G229) -> 3.1184691 | H21: =SUMPRODUCT(H202:H213,H218:H229) -> 2.4677789 | I21: =SUMPRODUCT(I202:I213,I218:I229) -> 2.5566567 | ... AX21: =SUMPRODUCT(AX202:AX213,AX218:AX229) -> 4.6083291 | AY21: =MROUND(SUMPRODUCT(AY202:AY213,AY218:AY229),0.05) -> 4.45 | AZ21: =MROUND(SUMPRODUCT(AZ202:AZ213,AZ218:AZ229),0.05) -> 4.8 | BA21: =MROUND(SUMPRODUCT(BA202:BA213,BA218:BA229),0.05) -> 4.75 | BB21: =MROUND(SUMPRODUCT(BB202:BB213,BB218:BB229),0.05) -> 4.8 | BC21: =MROUND(SUMPRODUCT(BC202:BC213,BC218:BC229),0.05) -> 4.6 | BD21: =MROUND(SUMPRODUCT(BD202:BD213,BD218:BD229),0.05) -> 4.55 | BE21: =MROUND(SUMPRODUCT(BE202:BE213,BE218:BE229),0.05) -> 4.65 | BF21: =MROUND(SUMPRODUCT(BF202:BF213,BF218:BF229),0.05) -> 4.65 | ... BR21: =MROUND(SUMPRODUCT(BR202:BR213,BR218:BR229),0.05) -> 17.9
A22: Bold numbers are Jacobsen Projections | AN22: =AN20-AN21 -> -0.054568061 | AO22: =AO20-AO21 -> 0.052068 | AP22: =AP20-AP21 -> 0.0780865 | AQ22: =AQ20-AQ21 -> 0.24010975 | AR22: =AR20-AR21 -> 0.2695851 | AS22: =AS20-AS21 -> 0.20223299 | AT22: =AT20-AT21 -> 0.00098710299 | AU22: =AU20-AU21 -> 0.730695 | ... BR22: =BR20-BR21 -> #NUM!
Y23: =Y4-X4 -> 0.628 | Z23: =Z4-Y4 -> -2.779 | AA23: =AA4-Z4 -> 2.165 | AB23: =AB4-AA4 -> -3.849 | AC23: =AC4-AB4 -> 3.192 | AD23: =AD4-AC4 -> -0.291 | AE23: =AE4-AD4 -> 2.326 | AF23: =AF4-AE4 -> 0.85 | ... AY23: =AY4-AX4 -> -4.047
A24: U.S. CORN QUARTERLY SUPPLY AND DEMAND | B24: =B4-'[4]Soy Complex'!Q$4 -> 24.129 | C24: =C4-'[4]Soy Complex'!R$4 -> 34.319 | D24: =D4-'[4]Soy Complex'!S$4 -> 25.35 | E24: =E4-'[4]Soy Complex'!T$4 -> 16.967 | F24: =F4-'[4]Soy Complex'!U$4 -> 9.983 | G24: =G4-'[4]Soy Complex'!V$4 -> 14.113 | H24: =H4-'[4]Soy Complex'!W$4 -> 16.554 | I24: =I4-'[4]Soy Complex'!X$4 -> 10.973 | ... BR24: =BR4-'[4]Soy Complex'!CG$4 -> -9.5
A25: September - November Supply
A26: Beginning Stocks (September 1) | B26: 361.387 | C26: =B71 -> 633.2 | D26: =C71 -> 1135.6 | E26: =D71 -> 1435.9 | F26: =E71 -> 1709.5 | G26: =F71 -> 2034.3 | H26: =G71 -> 1392.1 | I26: =H71 -> 2536.6 | J26: =I71 -> 3523.1 | ... BR26: =BQ71 -> 11716.479
A27: Production | B27: =B9 -> 5840.757 | C27: =C9 -> 6289.169 | D27: =D9 -> 6505.041 | E27: =E9 -> 7267.927 | F27: =F9 -> 7928.139 | G27: =G9 -> 6639.396 | H27: =H9 -> 8118.65 | I27: =I9 -> 8235.101 | ... BR27: =BR9 -> 19356.334
A28: Imports | B28: =SUM(B77:B79) -> 0.24 | C28: =SUM(C77:C79) -> 0.486 | D28: =SUM(D77:D79) -> 0.641 | E28: =SUM(E77:E79) -> 0.135 | F28: =SUM(F77:F79) -> 0.215 | G28: =SUM(G77:G79) -> 0.293 | H28: =SUM(H77:H79) -> 0.11 | I28: =SUM(I77:I79) -> 0.249 | ... AS28: =SUM(AS77:AS79) -> 6.1758944 | AT28: =CB77 -> 17.949 | AU28: =CC77 -> 5.75 | AV28: =CD77 -> 6.681 | AW28: =CE77 -> 5.877 | AX28: =SUM(AX77:AX79) -> 9.1840193 | AY28: =SUM(AY77:AY79) -> 8.8080384 | AZ28: =SUM(AZ77:AZ79) -> 9.2048542 | BA28: =SUM(BA77:BA79) -> 8.1104343 | BB28: =SUM(BB77:BB79) -> 10.559133 | BC28: =SUM(BC77:BC79) -> 9.2968865 | BD28: =SUM(BD77:BD79) -> 9.701376 | BE28: =SUM(BE77:BE79) -> 9.5979755 | ... BR28: =SUM(BR77:BR79) -> 9.9167938
A29: Q1 Total Supply | B29: =SUM(B26:B28) -> 6202.384 | C29: =SUM(C26:C28) -> 6922.855 | D29: =SUM(D26:D28) -> 7641.282 | E29: =SUM(E26:E28) -> 8703.962 | F29: =SUM(F26:F28) -> 9637.854 | G29: =SUM(G26:G28) -> 8673.989 | H29: =SUM(H26:H28) -> 9510.86 | I29: =SUM(I26:I28) -> 10771.95 | ... BR29: =SUM(BR26:BR28) -> 31082.73
A30: September - November Use | BZ30: 2017 | CA30: 2018 | CB30: 2019 | CC30: 2020 | CD30: 2021 | CE30: 2017 | CF30: 2018 | CG30: 2019 | CH30: 2020 | CI30: 2021
A31: Feed & Residual | B31: =B34-B33-B32 -> 1232.118 | C31: =C34-C33-C32 -> 1421.754 | D31: =D34-D33-D32 -> 1550.975 | E31: =E34-E33-E32 -> 1769.725 | F31: =F34-F33-F32 -> 1984.909 | G31: =G34-G33-G32 -> 1974.877 | H31: =H34-H33-H32 -> 1897.779 | I31: =I34-I33-I32 -> 1916.621 | ... AY31: =AY34-AY33-AY32 -> 2316.6301 | AZ31: =AZ109 -> 2561.3956 | BA31: =BA109 -> 2530.319 | BB31: =BB109 -> 2513.9322 | BC31: =BC109 -> 2525.5437 | BD31: =BD109 -> 2549.5921 | BE31: =BE109 -> 2565.9051 | BF31: =BF109 -> 2622.1279 | BG31: =BG109 -> 2664.9773 | ... BR31: =BR109 -> 3304.7256 | BY31: Feed & Residual | BZ31: 2255.702 | CA31: 2207.654 | CB31: 2632.398 | CC31: 2681.646 | CD31: 2584.299 | CE31: =BZ31-AR31 -> 0.040631453 | CF31: =CA31-AS31 -> 23.974912 | CG31: =CB31-AT31 -> 59.131 | CH31: =CC31-AU31 -> 28.243 | CI31: =CD31-AV31 -> 86.594
A32: Food/Seed/Industrial | B32: =B138 -> 123.8 | C32: =C138 -> 130.3 | D32: =D138 -> 138.9 | E32: =E138 -> 146.7 | F32: =F138 -> 151.5 | G32: =G138 -> 154.5 | H32: =H138 -> 173.3 | I32: =I138 -> 207.5 | ... AU32: =AU138 -> 1615.908 | AV32: =AV138+(BU134-AV134) -> 1689.357 | AW32: =AW138 -> 1612.968 | AX32: =AX138 -> 1678.1506 | AY32: =AY138 -> 1714.1996 | AZ32: =AZ138 -> 1673.5426 | BA32: =BA138 -> 1661.906 | BB32: =BB138 -> 1656.8191 | BC32: =BC138 -> 1662.7801 | BD32: =BD138 -> 1659.6124 | ... BR32: =BR138 -> 1820.246 | BY32: Food/Seed/Industrial | BZ32: 1742.746 | CA32: 1710.327 | CB32: 1628.004 | CC32: 1614.419 | CE32: =BZ32-AR32 -> -0.057 | CF32: =CA32-AS32 -> -5.293 | CG32: =CB32-AT32 -> -7.509 | CH32: =CC32-AU32 -> -1.489 | CI32: =CD32-AV32 -> -1689.357
A33: Exports | B33: =SUM(B93:B95) -> 372.924 | C33: =SUM(C93:C95) -> 468.783 | D33: =SUM(D93:D95) -> 399.106 | E33: =SUM(E93:E95) -> 468.839 | F33: =SUM(F93:F95) -> 621.273 | G33: =SUM(G93:G95) -> 687.866 | H33: =SUM(H93:H95) -> 519.079 | I33: =SUM(I93:I95) -> 443.137 | ... AS33: =SUM(AS93:AS95) -> 632.08781 | AT33: =CB93 -> 270.886 | AU33: =CC93 -> 448.85 | AV33: =CD93 -> 430.738 | AW33: =CE93 -> 282.954 | AX33: =SUM(AX93:AX95) -> 376.89219 | AY33: =SUM(AY93:AY95) -> 532.7153 | AZ33: =SUM(AZ93:AZ95) -> 437.80449 | BA33: =SUM(BA93:BA95) -> 413.36905 | BB33: =SUM(BB93:BB95) -> 370.47204 | BC33: =SUM(BC93:BC95) -> 371.28496 | BD33: =SUM(BD93:BD95) -> 373.02382 | BE33: =SUM(BE93:BE95) -> 378.2929 | ... BR33: =SUM(BR93:BR95) -> 751.84196
A34: Q1 Total Use | B34: =B29-B35 -> 1728.842 | C34: =C29-C35 -> 2020.837 | D34: =D29-D35 -> 2088.981 | E34: =E29-E35 -> 2385.264 | F34: =F29-F35 -> 2757.682 | G34: =G29-G35 -> 2817.243 | H34: =H29-H35 -> 2590.158 | I34: =I29-I35 -> 2567.258 | ... AY34: =AY29-AY35 -> 4563.545 | AZ34: =SUM(AZ31:AZ33) -> 4672.7427 | BA34: =SUM(BA31:BA33) -> 4605.594 | BB34: =SUM(BB31:BB33) -> 4541.2233 | BC34: =SUM(BC31:BC33) -> 4559.6088 | BD34: =SUM(BD31:BD33) -> 4582.2284 | BE34: =SUM(BE31:BE33) -> 4618.8087 | BF34: =SUM(BF31:BF33) -> 4714.0229 | BG34: =SUM(BG31:BG33) -> 4807.8314 | ... BR34: =SUM(BR31:BR33) -> 5876.8136 | BW34: Revision | BX34: Yr-Yr
A35: Stocks (November 30) | B35: 4473.542 | C35: 4902.018 | D35: 5552.301 | E35: 6318.698 | F35: 6880.172 | G35: 5856.746 | H35: 6920.702 | I35: 8204.692 | J35: 4912.867 | K35: 5864.225 | L35: 7894.721 | M35: 10305.499 | N35: 9771.005 | O35: 7071.567 | P35: 7082.075 | Q35: 6940.289 | R35: 6547.316 | S35: 7906.363 | T35: 5936.548 | U35: 8080.48 | V35: 6105.774 | W35: 6902.974 | X35: 7246.756 | Y35: 8051.846 | Z35: 8039.443 | AA35: 8529.634 | AB35: 8264.715 | AC35: 7637.971 | AD35: 7953.775 | AE35: 9452.488 | AF35: 9814.957 | AG35: 8932.707 | AH35: 10278.085 | AI35: 10072.106 | AJ35: 10902.46 | AK35: 10056.769 | AL35: 9646.823 | AM35: 8032.732 | AN35: 10452.53 | AO35: 11211.38 | AP35: 11235.18 | AQ35: 12383.471 | AR35: 12566.501 | AS35: 11936.798 | AT35: 11327.338 | AU35: 11293.75 | AV35: 11641.181 | AW35: 10813.207 | AX35: 12171.163 | AY35: 12075.407 | AZ35: =AZ29-AZ34 -> 12306.806 | BA35: =BA29-BA34 -> 12057.087 | BB35: =BB29-BB34 -> 11938.981 | BC35: =BC29-BC34 -> 11906.646 | BD35: =BD29-BD34 -> 11895.086 | BE35: =BE29-BE34 -> 12076.067 | BF35: =BF29-BF34 -> 12464.898 | BG35: =BG29-BG34 -> 12774.506 | ... BR35: =BR29-BR34 -> 25205.917 | BV35: 11788.193 | BW35: =AY35-BV35 -> 287.21443 | BX35: =AY35-AX35 -> -95.756
A36: On-Farm Stocks | B36: 3203.242 | C36: 3357.995 | D36: 3873.623 | E36: 4637.662 | F36: 5035.688 | G36: 4138.902 | H36: 4986.266 | I36: 5935.986 | J36: 3079.963 | K36: 4304.054 | L36: 5528.559 | M36: 6795.5 | N36: 6100 | O36: 4280.2 | P36: 4698.8 | Q36: 4874 | R36: 4294.5 | S36: 5736.9 | T36: 3803 | U36: 5417.5 | V36: 3960 | W36: 4800 | X36: 4822 | Y36: 5320 | Z36: 5195 | AA36: 5550 | AB36: 5275 | AC36: 4800 | AD36: 5286 | AE36: 6144 | AF36: 6325 | AG36: 5627 | AH36: 6530 | AI36: 6482 | AJ36: 7405 | AK36: 6302 | AL36: 6175 | AM36: 4586 | AN36: 6380 | AO36: 7087 | AP36: 6829 | AQ36: 7611 | AR36: 7739 | AS36: 7451 | AT36: 7103 | AU36: 7046 | AV36: 7234 | AW36: 6740 | AX36: 7830 | AY36: 7663 | AZ36: =MROUND(FORECAST(AZ35,AP36:AY36,AP35:AY35),10) -> 7690 | BA36: =MROUND(FORECAST(BA35,AQ36:AZ36,AQ35:AZ35),10) -> 7540 | BB36: =MROUND(FORECAST(BB35,AR36:BA36,AR35:BA35),10) -> 7480 | BC36: =MROUND(FORECAST(BC35,AS36:BB36,AS35:BB35),10) -> 7480 | BD36: =MROUND(FORECAST(BD35,AT36:BC36,AT35:BC35),10) -> 7480 | BE36: =MROUND(FORECAST(BE35,AU36:BD36,AU35:BD35),10) -> 7610 | BF36: =MROUND(FORECAST(BF35,AV36:BE36,AV35:BE35),10) -> 7880 | BG36: =MROUND(FORECAST(BG35,AW36:BF36,AW35:BF35),10) -> 8100 | ... BR36: =MROUND(FORECAST(BR35,BH36:BQ36,BH35:BQ35),10) -> 16870 | BV36: 7350 | BW36: =AY36-BV36 -> 313 | BX36: =AY36-AX36 -> -167
A37: Commercial Stocks | B37: =B35-B36 -> 1270.3 | C37: =C35-C36 -> 1544.023 | D37: =D35-D36 -> 1678.678 | E37: =E35-E36 -> 1681.036 | F37: =F35-F36 -> 1844.484 | G37: =G35-G36 -> 1717.844 | H37: =H35-H36 -> 1934.436 | I37: =I35-I36 -> 2268.706 | ... BR37: =BR35-BR36 -> 8335.9167 | BV37: 4438.1926 | BW37: =AY37-BV37 -> -25.785568 | BX37: =AY37-AX37 -> 71.244
A38: December - February Supply
A39: Beginning Stocks (December 1) | B39: =B35 -> 4473.542 | C39: =C35 -> 4902.018 | D39: =D35 -> 5552.301 | E39: =E35 -> 6318.698 | F39: =F35 -> 6880.172 | G39: =G35 -> 5856.746 | H39: =H35 -> 6920.702 | I39: =I35 -> 8204.692 | ... BR39: =BR35 -> 25205.917
A40: Imports | B40: =SUM(B80:B82) -> 0.597 | C40: =SUM(C80:C82) -> 0.393 | D40: =SUM(D80:D82) -> 0.656 | E40: =SUM(E80:E82) -> 0.304 | F40: =SUM(F80:F82) -> 0.166 | G40: =SUM(G80:G82) -> 0.003 | H40: =SUM(H80:H82) -> 0.159 | I40: =SUM(I80:I82) -> 0.058 | ... AS40: =SUM(AS80:AS82) -> 8.7061938 | AT40: =CB78 -> 8.92 | AU40: =CC78 -> 5.438 | AV40: =CD78 -> 7.095 | AW40: =SUM(AW80:AW82) -> 6.2402452 | AX40: =SUM(AX80:AX82) -> 5.9320733 | AY40: =SUM(AY80:AY82) -> 6.9287156 | AZ40: =SUM(AZ80:AZ82) -> 7.4890863 | BA40: =SUM(BA80:BA82) -> 6.9555833 | BB40: =SUM(BB80:BB82) -> 7.8162639 | BC40: =SUM(BC80:BC82) -> 8.0926334 | BD40: =SUM(BD80:BD82) -> 8.2189179 | ... BR40: =SUM(BR80:BR82) -> 8.0205086
A41: Q2 Total Supply | B41: =SUM(B39:B40) -> 4474.139 | C41: =SUM(C39:C40) -> 4902.411 | D41: =SUM(D39:D40) -> 5552.957 | E41: =SUM(E39:E40) -> 6319.002 | F41: =SUM(F39:F40) -> 6880.338 | G41: =SUM(G39:G40) -> 5856.749 | H41: =SUM(H39:H40) -> 6920.861 | I41: =SUM(I39:I40) -> 8204.75 | ... BR41: =SUM(BR39:BR40) -> 25213.937
A42: December - February Use
A43: Feed & Residual | B43: =B46-B45-B44 -> 1096.149 | C43: =C46-C45-C44 -> 1100.956 | D43: =D46-D45-D44 -> 1107.079 | E43: =E46-E45-E44 -> 1270.216 | F43: =F46-F45-F44 -> 1288.678 | G43: =G46-G45-G44 -> 1080.003 | H43: =H46-H45-H44 -> 1187.031 | I43: =I46-I45-I44 -> 1304.794 | ... AY43: =AY46-AY45-AY44 -> 1606.7035 | AZ43: =AZ110 -> 1489.7085 | BA43: =BA110 -> 1560.4011 | BB43: =BB110 -> 1574.7769 | BC43: =BC110 -> 1581.9514 | BD43: =BD110 -> 1602.4067 | BE43: =BE110 -> 1610.6278 | BF43: =BF110 -> 1614.793 | BG43: =BG110 -> 1666.0008 | ... BR43: =BR110 -> 2061.9424 | BY43: Feed & Residual | BZ43: 1497.274 | CA43: 1190.99 | CB43: 1317.831 | CC43: 1429.827 | CE43: =BZ43-AR43 -> -3.9175274 | CF43: =CA43-AS43 -> -4.5089016 | CG43: =CB43-AT43 -> -7.489 | CH43: =CC43-AU43 -> 2.026
A44: Food/Seed/Industrial | B44: =B147 -> 114.4 | C44: =C147 -> 117.9 | D44: =D147 -> 128.6 | E44: =E147 -> 135.1 | F44: =F147 -> 140.3 | G44: =G147 -> 144.7 | H44: =H147 -> 165.4 | I44: =I147 -> 192.4 | ... AU44: =AU147 -> 1500.755 | AV44: =AV147+(BU143-AV143) -> 1687.366 | AW44: =AW147 -> 1591.592 | AX44: =AX147 -> 1688.623 | AY44: =AY147 -> 1696.4685 | AZ44: =AZ147 -> 1636.1972 | BA44: =BA147 -> 1645.2899 | BB44: =BB147 -> 1645.3711 | BC44: =BC147 -> 1647.9039 | BD44: =BD147 -> 1640.3575 | ... BR44: =BR147 -> 1863.3869 | BY44: Food/Seed/Industrial | BZ44: 1738.776 | CA44: 1641.5964 | CB44: 1713.354 | CC44: 1520.033 | CE44: =BZ44-AR44 -> 3.788 | CF44: =CA44-AS44 -> 4.498 | CG44: =CB44-AT44 -> 7.479 | CH44: =CC44-AU44 -> 19.278
A45: Exports | B45: =SUM(B96:B98) -> 426.835 | C45: =SUM(C96:C98) -> 382.603 | D45: =SUM(D96:D98) -> 407.863 | E45: =SUM(E96:E98) -> 413.309 | F45: =SUM(F96:F98) -> 597.736 | G45: =SUM(G96:G98) -> 645.974 | H45: =SUM(H96:H98) -> 470.223 | I45: =SUM(I96:I98) -> 509.57 | ... AS45: =SUM(AS96:AS98) -> 499.70089 | AT45: =CB94 -> 353.496 | AU45: =CC94 -> 674.484 | AV45: =CD94 -> 662.423 | AW45: =SUM(AW96:AW98) -> 401.77534 | AX45: =SUM(AX96:AX98) -> 570.58621 | AY45: =SUM(AY96:AY98) -> 628.49472 | AZ45: =SUM(AZ96:AZ98) -> 644.22798 | BA45: =SUM(BA96:BA98) -> 586.29688 | BB45: =SUM(BB96:BB98) -> 522.83509 | BC45: =SUM(BC96:BC98) -> 513.98745 | BD45: =SUM(BD96:BD98) -> 516.75271 | ... BR45: =SUM(BR96:BR98) -> 1046.7956
A46: Q2 Total Use | B46: =B41-B47 -> 1637.384 | C46: =C41-C47 -> 1601.459 | D46: =D41-D47 -> 1643.542 | E46: =E41-E47 -> 1818.625 | F46: =F41-F47 -> 2026.714 | G46: =G41-G47 -> 1870.677 | H46: =H41-H47 -> 1822.654 | I46: =I41-I47 -> 2006.764 | ... AY46: =AY41-AY47 -> 3931.6667 | AZ46: =SUM(AZ43:AZ45) -> 3770.1337 | BA46: =SUM(BA43:BA45) -> 3791.9879 | BB46: =SUM(BB43:BB45) -> 3742.9831 | BC46: =SUM(BC43:BC45) -> 3743.8428 | BD46: =SUM(BD43:BD45) -> 3759.5169 | BE46: =SUM(BE43:BE45) -> 3784.3435 | BF46: =SUM(BF43:BF45) -> 3866.069 | BG46: =SUM(BG43:BG45) -> 3974.1397 | ... BR46: =SUM(BR43:BR45) -> 4972.1248 | BW46: Revision | BX46: Yr-Yr
A47: Stocks (February 28) | B47: 2836.755 | C47: 3300.952 | D47: 3909.415 | E47: 4500.377 | F47: 4853.624 | G47: 3986.072 | H47: 5098.207 | I47: 6197.986 | J47: 3251.21 | K47: 3965.542 | L47: 5947.079 | M47: 8248.193 | N47: 7635.59 | O47: 5203.926 | P47: 4812.421 | Q47: 4788.974 | R47: 4560.985 | S47: 5678.215 | T47: 3995.714 | U47: 5591.693 | V47: 3799.541 | W47: 4494.128 | X47: 4939.898 | Y47: 5698.428 | Z47: 5601.895 | AA47: 6042.999 | AB47: 5795.263 | AC47: 5131.873 | AD47: 5271.459 | AE47: 6756.334 | AF47: 6987.328 | AG47: 6068.25 | AH47: 6858.722 | AI47: 6954.145 | AJ47: 7693.787 | AK47: 6523.228 | AL47: 6023.356 | AM47: 5399.926 | AN47: 7009.008 | AO47: 7749.806 | AP47: 7822.233 | AQ47: 8621.992 | AR47: 8892.126 | AS47: 8613.206 | AT47: 7951.567 | AU47: 7696.148 | AV47: 7758.036 | AW47: 7396.403 | AX47: 8352.378 | AY47: 8150.669 | AZ47: =AZ41-AZ46 -> 8544.1615 | BA47: =BA41-BA46 -> 8272.0547 | BB47: =BB41-BB46 -> 8203.8141 | BC47: =BC41-BC46 -> 8170.8959 | BD47: =BD41-BD46 -> 8143.7882 | BE47: =BE41-BE46 -> 8299.5423 | BF47: =BF41-BF46 -> 8607.6093 | BG47: =BG41-BG46 -> 8807.8229 | ... BR47: =BR41-BR46 -> 20241.812 | BV47: 8352.378 | BW47: =AY47-BV47 -> -201.709 | BX47: =AY47-AX47 -> -201.709
A48: On-Farm Stocks | B48: 1923.759 | C48: 2141.623 | D48: 2549.17 | E48: 3177.893 | F48: 3437.303 | G48: 2639.578 | H48: 3591.813 | I48: 4241.717 | J48: 1933.652 | K48: 2833.806 | L48: 3981.992 | M48: 5024 | N48: 4421 | O48: 3021 | P48: 2910.5 | Q48: 3064.5 | R48: 2610.2 | S48: 3630 | T48: 2210.2 | U48: 3502 | V48: 2000.2 | W48: 2870 | X48: 2975 | Y48: 3570 | Z48: 3300 | AA48: 3600 | AB48: 3355 | AC48: 2940 | AD48: 3030 | AE48: 4137 | AF48: 4055 | AG48: 3330 | AH48: 3780 | AI48: 4085 | AJ48: 4548 | AK48: 3384 | AL48: 3192 | AM48: 2669.2 | AN48: 3860.5 | AO48: 4380 | AP48: 4335 | AQ48: 4908 | AR48: 5002 | AS48: 5131 | AT48: 4454 | AU48: 4036.5 | AV48: 4080 | AW48: 4105 | AX48: 5079 | AY48: 4500 | AZ48: =MROUND(FORECAST(AZ47,AP48:AY48,AP47:AY47),10) -> 4910 | BA48: =MROUND(FORECAST(BA47,AQ48:AZ48,AQ47:AZ47),10) -> 4680 | BB48: =MROUND(FORECAST(BB47,AR48:BA48,AR47:BA47),10) -> 4630 | BC48: =MROUND(FORECAST(BC47,AS48:BB48,AS47:BB47),10) -> 4630 | BD48: =MROUND(FORECAST(BD47,AT48:BC48,AT47:BC47),10) -> 4600 | BE48: =MROUND(FORECAST(BE47,AU48:BD48,AU47:BD47),10) -> 4740 | BF48: =MROUND(FORECAST(BF47,AV48:BE48,AV47:BE47),10) -> 5010 | BG48: =MROUND(FORECAST(BG47,AW48:BF48,AW47:BF47),10) -> 5150 | ... BR48: =MROUND(FORECAST(BR47,BH48:BQ48,BH47:BQ47),10) -> 14920 | BV48: 5079 | BW48: =AY48-BV48 -> -579 | BX48: =AY48-AX48 -> -579
A49: Commercial Stocks | B49: =B47-B48 -> 912.996 | C49: =C47-C48 -> 1159.329 | D49: =D47-D48 -> 1360.245 | E49: =E47-E48 -> 1322.484 | F49: =F47-F48 -> 1416.321 | G49: =G47-G48 -> 1346.494 | H49: =H47-H48 -> 1506.394 | I49: =I47-I48 -> 1956.269 | ... BR49: =BR47-BR48 -> 5321.8124 | BV49: 3273.378 | BW49: =AY49-BV49 -> 377.291 | BX49: =AY49-AX49 -> 377.291
A50: March - May Supply | AT50: =AT56/AT9 -> 0.10038114 | AU50: =AU56/AU9 -> 0.1188556 | AV50: =AV56/AV9 -> 0.11413225 | AW50: =AW56/AW9 -> 0.12214997 | AX50: =AX56/AX9 -> 0.11176388 | AY50: =AY56/AY9 -> 0.11658529
A51: Beginning Stocks (March 1) | B51: =B47 -> 2836.755 | C51: =C47 -> 3300.952 | D51: =D47 -> 3909.415 | E51: =E47 -> 4500.377 | F51: =F47 -> 4853.624 | G51: =G47 -> 3986.072 | H51: =H47 -> 5098.207 | I51: =I47 -> 6197.986 | ... BR51: =BR47 -> 20241.812
A52: Imports | B52: =SUM(B83:B85) -> 0.204 | C52: =SUM(C83:C85) -> 0.532 | D52: =SUM(D83:D85) -> 0.528 | E52: =SUM(E83:E85) -> 0.296 | F52: =SUM(F83:F85) -> 0.199 | G52: =SUM(G83:G85) -> 0.046 | H52: =SUM(H83:H85) -> 0.04 | I52: =SUM(I83:I85) -> 0.086 | ... AS52: =SUM(AS83:AS85) -> 6.3711596 | AT52: =CB79 -> 9.465 | AU52: =CC79 -> 7.06 | AV52: =CD79 -> 4.653 | AW52: =SUM(AW83:AW85) -> 9.7103287 | AX52: =SUM(AX83:AX85) -> 3.8838402 | AY52: =SUM(AY83:AY85) -> 7.6555881 | AZ52: =SUM(AZ83:AZ85) -> 6.8225033 | BA52: =SUM(BA83:BA85) -> 7.1112237 | BB52: =SUM(BB83:BB85) -> 8.0719224 | BC52: =SUM(BC83:BC85) -> 8.4341782 | BD52: =SUM(BD83:BD85) -> 7.9856535 | ... BR52: =SUM(BR83:BR85) -> 8.0520399
A53: Q3 Total Supply | B53: =B52+B51 -> 2836.959 | C53: =C52+C51 -> 3301.484 | D53: =D52+D51 -> 3909.943 | E53: =E52+E51 -> 4500.673 | F53: =F52+F51 -> 4853.823 | G53: =G52+G51 -> 3986.118 | H53: =H52+H51 -> 5098.247 | I53: =I52+I51 -> 6198.072 | ... BR53: =BR52+BR51 -> 20249.864
A54: March - May Use | P54: =P60/P9 -> 0.21554834 | Q54: =Q60/Q9 -> 0.22119912 | R54: =R60/R9 -> 0.20301642 | S54: =S60/S9 -> 0.23388948 | T54: =T60/T9 -> 0.1898156 | U54: =U60/U9 -> 0.20615849 | V54: =V60/V9 -> 0.10541819 | W54: =W60/W9 -> 0.16257685 | ... AY54: =AY60/AY9 -> 0.16412471 | BT54: % of production owned by farmers
A55: Feed & Residual | B55: =B58-B57-B56 -> 375.645 | C55: =C58-C57-C56 -> 352.556 | D55: =D58-D57-D56 -> 367.21 | E55: =E58-E57-E56 -> 485.712 | F55: =F58-F57-F56 -> 446.178 | G55: =G58-G57-G56 -> 416.109 | H55: =H58-H57-H56 -> 420.991 | I55: =I58-I57-I56 -> 571.075 | ... AX55: =AX58-AX57-AX56 -> 922.17348 | AY55: =AY111 -> 1012.9631 | AZ55: =AZ111 -> 950.74114 | BA55: =BA111 -> 963.09416 | BB55: =BB111 -> 976.83338 | BC55: =BC111 -> 1002.4544 | BD55: =BD111 -> 991.7668 | BE55: =BE111 -> 1011.3057 | BF55: =BF111 -> 1010.0959 | ... BR55: =BR111 -> 1288.7749 | BY55: Feed & Residual | BZ55: 951.065 | CA55: 1118.461 | CB55: 995.314 | CC55: 874.857 | CD55: 848.771 | CE55: =BZ55-AR55 -> -2.971153 | CF55: =CA55-AS55 -> 1.5267256 | CG55: =CB55-AT55 -> 2.983 | CH55: =CC55-AU55 -> -14.09 | CI55: =CD55-AV55 -> 0.456
A56: Food/Seed/Industrial | B56: =B156 -> 146.1 | C56: =C156 -> 148 | D56: =D156 -> 157.3 | E56: =E156 -> 173.1 | F56: =F156 -> 175.6 | G56: =G156 -> 182.6 | H56: =H156 -> 201.3 | I56: =I156 -> 227.8 | ... AT56: =AT156 -> 1362.002 | AU56: =AU156+(BT151-AU152) -> 1674.283 | AV56: =AV156 -> 1714.014 | AW56: =AW156 -> 1667.412 | AX56: =AX156 -> 1714.516 | AY56: =AY156 -> 1733.2437 | AZ56: =AZ156 -> 1700.8543 | BA56: =BA156 -> 1687.1981 | BB56: =BB156 -> 1692.6334 | BC56: =BC156 -> 1692.763 | ... BR56: =BR156 -> 1849.4792 | BY56: Food/Seed/Industrial | BZ56: 1781.5126 | CA56: 1712.61 | CB56: 1362.267 | CC56: 1661.198 | CE56: =BZ56-AR56 -> 2.719 | CF56: =CA56-AS56 -> -1.545 | CG56: =CB56-AT56 -> 0.265 | CH56: =CC56-AU56 -> -13.085
A57: Exports | B57: =SUM(B99:B101) -> 446.389 | C57: =SUM(C99:C101) -> 430.897 | D57: =SUM(D99:D101) -> 524.295 | E57: =SUM(E99:E101) -> 554.647 | F57: =SUM(F99:F101) -> 587.772 | G57: =SUM(G99:G101) -> 613.954 | H57: =SUM(H99:H101) -> 595.84 | I57: =SUM(I99:I101) -> 475.313 | ... AS57: =SUM(AS99:AS101) -> 586.25189 | AT57: =CB95 -> 603.712 | AU57: =CC95 -> 1028.797 | AV57: =CD95 -> 851.392 | AW57: =SUM(AW99:AW101) -> 635.42948 | AX57: =SUM(AX99:AX101) -> 722.52436 | AY57: =SUM(AY99:AY101) -> 772.76894 | AZ57: =SUM(AZ99:AZ101) -> 928.773 | BA57: =SUM(BA99:BA101) -> 799.94314 | BB57: =SUM(BB99:BB101) -> 702.80955 | BC57: =SUM(BC99:BC101) -> 700.61325 | BD57: =SUM(BD99:BD101) -> 687.29381 | ... BR57: =SUM(BR99:BR101) -> 1416.9693 | BW57: Delta to Forecast
A58: Q3 Total Use | B58: =B53-B59 -> 968.134 | C58: =C53-C59 -> 931.453 | D58: =D53-D59 -> 1048.805 | E58: =E53-E59 -> 1213.459 | F58: =F53-F59 -> 1209.55 | G58: =G53-G59 -> 1212.663 | H58: =H53-H59 -> 1218.131 | I58: =I53-I59 -> 1274.188 | ... AX58: =AX53-AX59 -> 3359.2138 | AY58: =SUM(AY55:AY57) -> 3518.9757 | AZ58: =SUM(AZ55:AZ57) -> 3580.3684 | BA58: =SUM(BA55:BA57) -> 3450.2354 | BB58: =SUM(BB55:BB57) -> 3372.2764 | BC58: =SUM(BC55:BC57) -> 3395.8307 | BD58: =SUM(BD55:BD57) -> 3371.2142 | BE58: =SUM(BE55:BE57) -> 3413.2001 | BF58: =SUM(BF55:BF57) -> 3527.9063 | ... BR58: =SUM(BR55:BR57) -> 4555.2234 | BX58: Yr-Yr
A59: Stocks (May 31) | B59: 1868.825 | C59: 2370.031 | D59: 2861.138 | E59: 3287.214 | F59: 3644.273 | G59: 2773.455 | H59: 3880.116 | I59: 4923.884 | J59: 2145.075 | K59: 2835.524 | L59: 4990.037 | M59: 6332.241 | N59: 5839.217 | O59: 3419.302 | P59: 2843.208 | Q59: 2991.957 | R59: 2738.551 | S59: 3709.443 | T59: 2359.881 | U59: 3414.896 | V59: 1717.894 | W59: 2496.55 | X59: 3039.757 | Y59: 3616.225 | Z59: 3585.938 | AA59: 3923.958 | AB59: 3596.89 | AC59: 2984.918 | AD59: 2970.14 | AE59: 4320.813 | AF59: 4361.699 | AG59: 3533.443 | AH59: 4028.017 | AI59: 4261.427 | AJ59: 4310.071 | AK59: 3670.332 | AL59: 3148.204 | AM59: 2766.244 | AN59: 3851.716 | AO59: 4452.988 | AP59: 4711.079 | AQ59: 5229.082 | AR59: 5304.804 | AS59: 5202.236 | AT59: 5002.987 | AU59: 4111.181 | AV59: 4348.968 | AW59: 4103.309 | AX59: 4997.048 | AY59: =AY53-AY58 -> 4639.3489 | AZ59: =AZ53-AZ58 -> 4970.6155 | BA59: =BA53-BA58 -> 4828.9306 | BB59: =BB53-BB58 -> 4839.6096 | BC59: =BC53-BC58 -> 4783.4994 | BD59: =BD53-BD58 -> 4780.5596 | BE59: =BE53-BE58 -> 4894.543 | BF59: =BF53-BF58 -> 5088.0893 | ... BR59: =BR53-BR58 -> 15694.641 | BV59: 4993.173 | BW59: =AX59-BV59 -> 3.875 | BX59: =AX59-AW59 -> 893.739
A60: On-Farm Stocks | B60: 1292.185 | C60: 1582.768 | D60: 1872.359 | E60: 2318.006 | F60: 2551.625 | G60: 1817.256 | H60: 2734.195 | I60: 3093.509 | J60: 1213.068 | K60: 2007.823 | L60: 3143.067 | M60: 3491.8 | N60: 3241 | O60: 2022 | P60: 1623.5 | Q60: 1755 | R60: 1517.5 | S60: 2216.5 | T60: 1203 | U60: 2072 | V60: 780.1 | W60: 1501 | X60: 1830 | Y60: 2257 | Z60: 2029.8 | AA60: 2230.8 | AB60: 2020.6 | AC60: 1620.2 | AD60: 1540 | AE60: 2462.3 | AF60: 2350.5 | AG60: 1826.6 | AH60: 1970.9 | AI60: 2205.4 | AJ60: 2131.4 | AK60: 1681.5 | AL60: 1482 | AM60: 1260.1 | AN60: 1863.2 | AO60: 2275 | AP60: 2471.4 | AQ60: 2841.4 | AR60: 2750.1 | AS60: 2949.6 | AT60: 2867 | AU60: 1743.6 | AV60: 2120.7 | AW60: 2216.8 | AX60: 3026 | AY60: =MROUND(FORECAST(AY59,AO60:AX60,AO59:AX59),10) -> 2440 | AZ60: =MROUND(FORECAST(AZ59,AP60:AY60,AP59:AY59),10) -> 2710 | BA60: =MROUND(FORECAST(BA59,AQ60:AZ60,AQ59:AZ59),10) -> 2600 | BB60: =MROUND(FORECAST(BB59,AR60:BA60,AR59:BA59),10) -> 2620 | BC60: =MROUND(FORECAST(BC59,AS60:BB60,AS59:BB59),10) -> 2610 | BD60: =MROUND(FORECAST(BD59,AT60:BC60,AT59:BC59),10) -> 2610 | BE60: =MROUND(FORECAST(BE59,AU60:BD60,AU59:BD59),10) -> 2720 | BF60: =MROUND(FORECAST(BF59,AV60:BE60,AV59:BE59),10) -> 2870 | ... BR60: =MROUND(FORECAST(BR59,BH60:BQ60,BH59:BQ59),10) -> 11500 | BV60: 3026 | BW60: =AX60-BV60 -> 0 | BX60: =AX60-AW60 -> 809.2
A61: Commercial Stocks | B61: =B59-B60 -> 576.64 | C61: =C59-C60 -> 787.263 | D61: =D59-D60 -> 988.779 | E61: =E59-E60 -> 969.208 | F61: =F59-F60 -> 1092.648 | G61: =G59-G60 -> 956.199 | H61: =H59-H60 -> 1145.921 | I61: =I59-I60 -> 1830.375 | ... BR61: =BR59-BR60 -> 4194.641 | BV61: 1967.173 | BW61: =AX61-BV61 -> 3.875 | BX61: =AX61-AW61 -> 84.539
A62: June - August Supply | AD62: =AD60/AD59 -> 0.51849408 | AE62: =AE60/AE59 -> 0.56986961 | AF62: =AF60/AF59 -> 0.53889551 | AG62: =AG60/AG59 -> 0.51694622 | AH62: =AH60/AH59 -> 0.48929784 | AI62: =AI60/AI59 -> 0.51752617 | AJ62: =AJ60/AJ59 -> 0.49451622 | AK62: =AK60/AK59 -> 0.45813294 | ... AY62: =AY60/AY59 -> 0.52593588 | BT62: % of total stocks owned by farmers
A63: Beginning Stocks (June 1) | B63: =B59 -> 1868.825 | C63: =C59 -> 2370.031 | D63: =D59 -> 2861.138 | E63: =E59 -> 3287.214 | F63: =F59 -> 3644.273 | G63: =G59 -> 2773.455 | H63: =H59 -> 3880.116 | I63: =I59 -> 4923.884 | ... BR63: =BR59 -> 15694.641
A64: Imports | B64: =SUM(B86:B88) -> 0.455 | C64: =SUM(C86:C88) -> 1.018 | D64: =SUM(D86:D88) -> 0.575 | E64: =SUM(E86:E88) -> 0.417 | F64: =SUM(F86:F88) -> 0.139 | G64: =SUM(G86:G88) -> 0.507 | H64: =SUM(H86:H88) -> 0.246 | I64: =SUM(I86:I88) -> 0.095 | ... AS64: =SUM(AS86:AS88) -> 6.7482264 | AT64: =CB80 -> 5.551 | AU64: =CC80 -> 5.985 | AV64: =CD80 -> 5.798 | AW64: =SUM(AW86:AW88) -> 16.885837 | AX64: =SUM(AX86:AX88) -> -18.999933 | AY64: =SUM(AY86:AY88) -> 6.6076579 | AZ64: =SUM(AZ86:AZ88) -> 6.4835562 | BA64: =SUM(BA86:BA88) -> 7.8227587 | BB64: =SUM(BB86:BB88) -> 3.5526804 | BC64: =SUM(BC86:BC88) -> 4.1763018 | BD64: =SUM(BD86:BD88) -> 4.0940525 | ... BR64: =SUM(BR86:BR88) -> 4.0106578
A65: Q4 Total Supply | B65: =SUM(B63:B64) -> 1869.28 | C65: =SUM(C63:C64) -> 2371.049 | D65: =SUM(D63:D64) -> 2861.713 | E65: =SUM(E63:E64) -> 3287.631 | F65: =SUM(F63:F64) -> 3644.412 | G65: =SUM(G63:G64) -> 2773.962 | H65: =SUM(H63:H64) -> 3880.362 | I65: =SUM(I63:I64) -> 4923.979 | ... BR65: =SUM(BR63:BR64) -> 15698.652
A66: June - August Use
A67: Feed & Residual | B67: =B70-B69-B68 -> 681.237 | C67: =C70-C69-C68 -> 726.612 | D67: =D70-D69-D68 -> 704.48 | E67: =E70-E69-E68 -> 748.705 | F67: =F70-F69-F68 -> 843.278 | G67: =G70-G69-G68 -> 761.15 | H67: =H70-H69-H68 -> 738.742 | I67: =I70-I69-I68 -> 780.753 | ... AX67: =AX70-AX69-AX68 -> 823.82126 | AY67: =AY112 -> 913.70325 | AZ67: =AZ112 -> 798.15467 | BA67: =BA112 -> 796.1858 | BB67: =BB112 -> 834.45751 | BC67: =BC112 -> 840.05046 | BD67: =BD112 -> 856.23436 | BE67: =BE112 -> 862.16142 | BF67: =BF112 -> 852.98322 | ... BR67: =BR112 -> 1094.557 | BT67: =5385.5*AX54-224.06 -> 838.25881 | BU67: Equation derived Q4 Feed and Residual Forecast | BY67: Feed & Residual | BZ67: 600.031 | CA67: 909.834 | CB67: 954.74 | CC67: 615.737 | CE67: =BZ67-AR67 -> -3.0339682 | CF67: =CA67-AS67 -> -0.50297159 | CG67: =CB67-AT67 -> -1.506 | CH67: =CC67-AU67 -> -0.898
A68: Food/Seed/Industrial | B68: =B165 -> 136.5 | C68: =C165 -> 146 | D68: =D165 -> 156.2 | E68: =E165 -> 153.1 | F68: =F165 -> 172.1 | G68: =G165 -> 177.4 | H68: =H165 -> 193.4 | I68: =I165 -> 226.8 | ... AT68: =AT165 -> 1582.448 | AU68: =AU165+(BT161-AU161) -> 1671.209 | AV68: =AV165 -> 1669.346 | AW68: =AW165 -> 1678.707 | AX68: =AX165 -> 1762.584 | AY68: =AY165 -> 1595.8882 | AZ68: =AZ165 -> 1619.4059 | BA68: =BA165 -> 1660.606 | BB68: =BB165 -> 1690.1764 | BC68: =BC165 -> 1721.853 | ... BR68: =BR165 -> -1428.6121 | BY68: Food/Seed/Industrial | BZ68: 1793.765 | CA68: 1728.096 | CB68: 1584.368 | CE68: =BZ68-AR68 -> 2.955 | CF68: =CA68-AS68 -> 0.499 | CG68: =CB68-AT68 -> 1.92 | CH68: =CC68-AU68 -> -1671.209
A69: Exports | B69: =SUM(B102:B104) -> 418.343 | C69: =SUM(C102:C104) -> 362.837 | D69: =SUM(D102:D104) -> 565.133 | E69: =SUM(E102:E104) -> 676.326 | F69: =SUM(F102:F104) -> 594.734 | G69: =SUM(G102:G104) -> 443.312 | H69: =SUM(H102:H104) -> 411.62 | I69: =SUM(I102:I104) -> 393.326 | ... AS69: =SUM(AS102:AS104) -> 350.30125 | AT69: =CB96 -> 550.382 | AU69: =CC96 -> 594.81 | AV69: =CD96 -> 526.836 | AW69: =SUM(AW102:AW104) -> 348.23087 | AX69: =SUM(AX102:AX104) -> 628.24281 | AY69: =SUM(AY102:AY104) -> 666.02105 | AZ69: =SUM(AZ102:AZ104) -> 639.19453 | BA69: =SUM(BA102:BA104) -> 550.39092 | BB69: =SUM(BB102:BB104) -> 503.88332 | BC69: =SUM(BC102:BC104) -> 514.11435 | BD69: =SUM(BD102:BD104) -> 522.92966 | ... BR69: =SUM(BR102:BR104) -> 1034.3932
A70: Q4 Total Use | B70: =B65-B71 -> 1236.08 | C70: =C65-C71 -> 1235.449 | D70: =D65-D71 -> 1425.813 | E70: =E65-E71 -> 1578.131 | F70: =F65-F71 -> 1610.112 | G70: =G65-G71 -> 1381.862 | H70: =H65-H71 -> 1343.762 | I70: =I65-I71 -> 1400.879 | ... AX70: =AX65-AX71 -> 3214.6481 | AY70: =SUM(AY67:AY69) -> 3175.6125 | AZ70: =SUM(AZ67:AZ69) -> 3056.7551 | BA70: =SUM(BA67:BA69) -> 3007.1828 | BB70: =SUM(BB67:BB69) -> 3028.5172 | BC70: =SUM(BC67:BC69) -> 3076.0178 | BD70: =SUM(BD67:BD69) -> 3127.4404 | BE70: =SUM(BE67:BE69) -> 3129.0476 | BF70: =SUM(BF67:BF69) -> 3222.3019 | ... BR70: =SUM(BR67:BR69) -> 700.33821 | BW70: Revision | BX70: Yr-Yr
A71: Stocks (August 31) | B71: 633.2 | C71: 1135.6 | D71: 1435.9 | E71: 1709.5 | F71: 2034.3 | G71: 1392.1 | H71: 2536.6 | I71: 3523.1 | J71: 1006.3 | K71: 1648.2 | L71: 4039.522 | M71: 4881.693 | N71: 4259.086 | O71: 1930.428 | P71: 1344.457 | Q71: 1521.245 | R71: 1100.311 | S71: 2112.981 | T71: 850.143 | U71: 1557.84 | V71: 425.942 | W71: 883.161 | X71: 1307.803 | Y71: 1786.977 | Z71: 1717.549 | AA71: 1899.108 | AB71: 1596.426 | AC71: 1086.673 | AD71: 958.091 | AE71: 2113.972 | AF71: 1967.161 | AG71: 1303.647 | AH71: 1624.15 | AI71: 1673.311 | AJ71: 1707.787 | AK71: 1127.645 | AL71: 989.027 | AM71: 821.185 | AN71: 1231.904 | AO71: 1731.164 | AP71: 1737.058 | AQ71: 2293.303 | AR71: 2140.335 | AS71: 2220.749 | AT71: 1919.462 | AU71: 1234.512 | AV71: 1376.89 | AW71: 1360.201 | AX71: 1763.4 | AY71: =AY65-AY70 -> 1470.344 | AZ71: =AZ65-AZ70 -> 1920.344 | BA71: =BA65-BA70 -> 1829.5705 | BB71: =BB65-BB70 -> 1814.6451 | BC71: =BC65-BC70 -> 1711.6579 | BD71: =BD65-BD70 -> 1657.2132 | BE71: =BE65-BE70 -> 1769.8774 | BF71: =BF65-BF70 -> 1867.1541 | ... BR71: =BR65-BR70 -> 14998.314 | BV71: 1744.9804 | BW71: =AX71-BV71 -> 18.419576 | BX71: =AX71-AW71 -> 403.199
A72: On-Farm Stocks | B72: 233.193 | C72: 447.846 | D72: 666.727 | E72: 794.465 | F72: 920.453 | G72: 489.881 | H72: 1243.331 | I72: 1510.394 | J72: 347.853 | K72: 678.947 | L72: 2049.41 | M72: 2284.5 | N72: 2002.8 | O72: 967.5 | P72: 754.8 | Q72: 691.2 | R72: 605.5 | S72: 1070.7 | T72: 395.4 | U72: 740.9 | V72: 196.6 | W72: 475 | X72: 640 | Y72: 797 | Z72: 793 | AA72: 753.15 | AB72: 586.8 | AC72: 484.9 | AD72: 438 | AE72: 820.5 | AF72: 749.5 | AG72: 460.1 | AH72: 499.95 | AI72: 607.5 | AJ72: 485.1 | AK72: 314.95 | AL72: 313.7 | AM72: 275 | AN72: 462 | AO72: 593 | AP72: 627.4 | AQ72: 787 | AR72: 620 | AS72: 814.1 | AT72: 750.8 | AU72: 394.9 | AV72: 509.5 | AW72: 604.4 | AX72: 983 | AY72: =MROUND(FORECAST(AY71,AO72:AX72,AO71:AX71),10) -> 580 | AZ72: =MROUND(FORECAST(AZ71,AP72:AY72,AP71:AY71),10) -> 720 | BA72: =MROUND(FORECAST(BA71,AQ72:AZ72,AQ71:AZ71),10) -> 690 | BB72: =MROUND(FORECAST(BB71,AR72:BA72,AR71:BA71),10) -> 690 | BC72: =MROUND(FORECAST(BC71,AS72:BB72,AS71:BB71),10) -> 680 | BD72: =MROUND(FORECAST(BD71,AT72:BC72,AT71:BC71),10) -> 670 | BE72: =MROUND(FORECAST(BE71,AU72:BD72,AU71:BD71),10) -> 730 | BF72: =MROUND(FORECAST(BF71,AV72:BE72,AV71:BE71),10) -> 770 | ... BR72: =MROUND(FORECAST(BR71,BH72:BQ72,BH71:BQ71),10) -> 7170 | BV72: 620 | BW72: =AX72-BV72 -> 363 | BX72: =AX72-AW72 -> 378.6
A73: Commercial Stocks | B73: =B71-B72 -> 400.007 | C73: =C71-C72 -> 687.754 | D73: =D71-D72 -> 769.173 | E73: =E71-E72 -> 915.035 | F73: =F71-F72 -> 1113.847 | G73: =G71-G72 -> 902.219 | H73: =H71-H72 -> 1293.269 | I73: =I71-I72 -> 2012.706 | ... BR73: =BR71-BR72 -> 7828.3135 | BV73: 1124.9804 | BW73: =AX73-BV73 -> -344.58042 | BX73: =AX73-AW73 -> 24.599
A75: CORN IMPORTS | CA75: USDA Imports
B76: 75/76 | C76: 76/77 | D76: 77/78 | E76: 78/79 | F76: 79/80 | G76: 80/81 | H76: 81/82 | I76: 82/83 | J76: 83/84 | K76: 84/85 | L76: 85/86 | M76: 86/87 | N76: 87/88 | O76: 88/89 | P76: 89/90 | Q76: 90/91 | R76: 91/92 | S76: 92/93 | T76: 93/94 | U76: 94/95 | V76: 95/96 | W76: 96/97 | X76: 97/98 | Y76: 98/99 | Z76: 99/00 | AA76: 00/01 | AB76: 01/02 | AC76: 02/03 | AD76: 03/04 | AE76: 04/05 | AF76: 05/06 | AG76: 06/07 | AH76: 07/08 | AI76: 08/09 | AJ76: 09/10 | AK76: 10/11 | AL76: 11/12 | AM76: 12/13 | AN76: 13/14 | AO76: 14/15 | AP76: 15/16 | AQ76: 16/17 | AR76: 17/18 | AS76: 18/19 | AT76: 19/20 | AU76: 20/21 | AV76: =AV2 -> 21/22 | AW76: =AW2 -> 22/23 | AX76: =AX2 -> 23/24 | AY76: =AY2 -> 24/25 | AZ76: =AZ2 -> 25/26 | BA76: =BA2 -> 26/27 | BB76: =BB2 -> 27/28 | BC76: =BC2 -> 28/29 | ... BR76: =BR2 -> 43/44 | CB76: =AT76 -> 19/20 | CC76: =AU76 -> 20/21 | CD76: =AV76 -> 21/22 | CE76: =AW76 -> 22/23 | CF76: =AX76 -> 23/24
A77: September | B77: 0.048 | C77: 0.136 | D77: 0.098 | E77: 0.081 | F77: 0.067 | G77: 0.175 | H77: 0.047 | I77: 0.058 | J77: 0.187 | K77: 0.116 | L77: 0.008 | M77: 0.311 | N77: 0.13 | O77: 0.148 | P77: 0.038 | Q77: 0.029 | R77: 1.1 | S77: 0.221 | T77: {=INDEX('[5]Corn Imports'!$AD$290:$LD$290,1,ROW(A1))/1000} -> 0.62677797 | U77: {=INDEX('[5]Corn Imports'!$AP$290:$LD$290,1,ROW(A1))/1000} -> 0.23230811 | V77: {=INDEX('[5]Corn Imports'!$BB$290:$LD$290,1,ROW(A1))/1000} -> 0.31810333 | W77: {=INDEX('[5]Corn Imports'!$BN$290:$LD$290,1,ROW(A1))/1000} -> 1.4044938 | X77: {=INDEX('[5]Corn Imports'!$BZ$290:$LD$290,1,ROW(A1))/1000} -> 1.3722866 | Y77: {=INDEX('[5]Corn Imports'!$CL$290:$LD$290,1,ROW(A1))/1000} -> 0.50284672 | Z77: {=INDEX('[5]Corn Imports'!$CX$290:$LD$290,1,ROW(A1))/1000} -> 0.56840273 | AA77: {=INDEX('[5]Corn Imports'!$DJ$290:$LD$290,1,ROW(A1))/1000} -> 0.27081419 | AB77: {=INDEX('[5]Corn Imports'!$DV$290:$LD$290,1,ROW(A1))/1000} -> 0.48315866 | AC77: {=INDEX('[5]Corn Imports'!$EH$290:$LD$290,1,ROW(A1))/1000} -> 0.33293335 | AD77: {=INDEX('[5]Corn Imports'!$ET$290:$LD$290,1,ROW(A1))/1000} -> 0.61171568 | AE77: {=INDEX('[5]Corn Imports'!$FF$290:$LD$290,1,ROW(A1))/1000} -> 0.5318808 | AF77: {=INDEX('[5]Corn Imports'!$FR$290:$LD$290,1,ROW(A1))/1000} -> 0.7629685 | AG77: {=INDEX('[5]Corn Imports'!$GD$290:$LD$290,1,ROW(A1))/1000} -> 0.24213836 | AH77: {=INDEX('[5]Corn Imports'!$GP$290:$LD$290,1,ROW(A1))/1000} -> 0.85425559 | AI77: {=INDEX('[5]Corn Imports'!$HB$290:$LD$290,1,ROW(A1))/1000} -> 0.57478039 | AJ77: {=INDEX('[5]Corn Imports'!$HN$290:$LD$290,1,ROW(A1))/1000} -> 0.29737989 | AK77: {=INDEX('[5]Corn Imports'!$HZ$290:$LD$290,1,ROW(A1))/1000} -> 1.270193 | AL77: {=INDEX('[5]Corn Imports'!$IL$290:$LD$290,1,ROW(A1))/1000} -> 0.54616754 | AM77: {=INDEX('[5]Corn Imports'!$IX$290:$LD$290,1,ROW(A1))/1000} -> 1.2901409 | AN77: {=INDEX('[5]Corn Imports'!$JJ$290:$LD$290,1,ROW(A1))/1000} -> 9.2688883 | AO77: {=INDEX('[5]Corn Imports'!$JV$290:$LD$290,1,ROW(A1))/1000} -> 2.1099847 | AP77: {=INDEX('[5]Corn Imports'!$KH$290:$LD$290,1,ROW(A1))/1000} -> 2.2976137 | AQ77: 4.8998988 | AR77: 4.9792253 | AS77: 1.9402912 | AT77: 5.4987648 | AU77: 1.3711481 | AV77: 1.8953724 | AW77: 1.5431823 | AX77: 3.0656571 | AY77: =(SUM(AQ77:AU77)/SUM(AQ$89:AU$89))*AY$89 -> 2.9860514 | AZ77: =(SUM(AR77:AV77)/SUM(AR$89:AV$89))*AZ$89 -> 3.0361391 | BA77: =(SUM(AS77:AW77)/SUM(AS$89:AW$89))*BA$89 -> 2.331616 | BB77: =(SUM(AT77:AX77)/SUM(AT$89:AX$89))*BB$89 -> 3.0958966 | BC77: =(SUM(AU77:AY77)/SUM(AU$89:AY$89))*BC$89 -> 2.7755126 | BD77: =(SUM(AV77:AZ77)/SUM(AV$89:AZ$89))*BD$89 -> 3.0543317 | BE77: =(SUM(AW77:BA77)/SUM(AW$89:BA$89))*BE$89 -> 3.0214446 | BF77: =(SUM(AX77:BB77)/SUM(AX$89:BB$89))*BF$89 -> 3.6288401 | ... BR77: =(SUM(BJ77:BN77)/SUM(BJ$89:BN$89))*BR$89 -> 3.0729157 | CA77: Q1 | CB77: 17.949 | CC77: 5.75 | CD77: 6.681 | CE77: 5.877
A78: October | B78: 0.172 | C78: 0.083 | D78: 0.482 | E78: 0.011 | F78: 0.06 | G78: 0.063 | H78: 0.055 | I78: 0.037 | J78: 0.074 | K78: 0.26 | L78: 0.315 | M78: 0.067 | N78: 0.354 | O78: 0.297 | P78: 0.307 | Q78: 0.172 | R78: 2.252 | S78: 0.297 | T78: {=INDEX('[5]Corn Imports'!$AD$290:$LD$290,1,ROW(A2))/1000} -> 1.0224564 | U78: {=INDEX('[5]Corn Imports'!$AP$290:$LD$290,1,ROW(A2))/1000} -> 0.6282346 | V78: {=INDEX('[5]Corn Imports'!$BB$290:$LD$290,1,ROW(A2))/1000} -> 1.3234267 | W78: {=INDEX('[5]Corn Imports'!$BN$290:$LD$290,1,ROW(A2))/1000} -> 0.64471021 | X78: {=INDEX('[5]Corn Imports'!$BZ$290:$LD$290,1,ROW(A2))/1000} -> 0.24705152 | Y78: {=INDEX('[5]Corn Imports'!$CL$290:$LD$290,1,ROW(A2))/1000} -> 1.1755556 | Z78: {=INDEX('[5]Corn Imports'!$CX$290:$LD$290,1,ROW(A2))/1000} -> 1.4889663 | AA78: {=INDEX('[5]Corn Imports'!$DJ$290:$LD$290,1,ROW(A2))/1000} -> 0.40880384 | AB78: {=INDEX('[5]Corn Imports'!$DV$290:$LD$290,1,ROW(A2))/1000} -> 1.1954248 | AC78: {=INDEX('[5]Corn Imports'!$EH$290:$LD$290,1,ROW(A2))/1000} -> 1.1664537 | AD78: {=INDEX('[5]Corn Imports'!$ET$290:$LD$290,1,ROW(A2))/1000} -> 0.82003671 | AE78: {=INDEX('[5]Corn Imports'!$FF$290:$LD$290,1,ROW(A2))/1000} -> 0.39881612 | AF78: {=INDEX('[5]Corn Imports'!$FR$290:$LD$290,1,ROW(A2))/1000} -> 0.73206836 | AG78: {=INDEX('[5]Corn Imports'!$GD$290:$LD$290,1,ROW(A2))/1000} -> 0.47957221 | AH78: {=INDEX('[5]Corn Imports'!$GP$290:$LD$290,1,ROW(A2))/1000} -> 0.59556289 | AI78: {=INDEX('[5]Corn Imports'!$HB$290:$LD$290,1,ROW(A2))/1000} -> 0.7967189 | AJ78: {=INDEX('[5]Corn Imports'!$HN$290:$LD$290,1,ROW(A2))/1000} -> 0.27227082 | AK78: {=INDEX('[5]Corn Imports'!$HZ$290:$LD$290,1,ROW(A2))/1000} -> 1.2779879 | AL78: {=INDEX('[5]Corn Imports'!$IL$290:$LD$290,1,ROW(A2))/1000} -> 1.2103139 | AM78: {=INDEX('[5]Corn Imports'!$IX$290:$LD$290,1,ROW(A2))/1000} -> 13.061539 | AN78: {=INDEX('[5]Corn Imports'!$JJ$290:$LD$290,1,ROW(A2))/1000} -> 2.1753635 | AO78: {=INDEX('[5]Corn Imports'!$JV$290:$LD$290,1,ROW(A2))/1000} -> 1.4077338 | AP78: {=INDEX('[5]Corn Imports'!$KH$290:$LD$290,1,ROW(A2))/1000} -> 2.2844805 | AQ78: 2.7080066 | AR78: 3.6441777 | AS78: 3.169872 | AT78: 6.1313692 | AU78: 3.1903827 | AV78: 2.4155811 | AW78: 1.460431 | AX78: 3.6447589 | AY78: =(SUM(AQ78:AU78)/SUM(AQ$89:AU$89))*AY$89 -> 3.0107332 | AZ78: =(SUM(AR78:AV78)/SUM(AR$89:AV$89))*AZ$89 -> 3.5910291 | BA78: =(SUM(AS78:AW78)/SUM(AS$89:AW$89))*BA$89 -> 3.1156661 | BB78: =(SUM(AT78:AX78)/SUM(AT$89:AX$89))*BB$89 -> 3.8987755 | BC78: =(SUM(AU78:AY78)/SUM(AU$89:AY$89))*BC$89 -> 3.5064753 | BD78: =(SUM(AV78:AZ78)/SUM(AV$89:AZ$89))*BD$89 -> 3.4435188 | BE78: =(SUM(AW78:BA78)/SUM(AW$89:BA$89))*BE$89 -> 3.4549829 | BF78: =(SUM(AX78:BB78)/SUM(AX$89:BB$89))*BF$89 -> 4.3152407 | ... BR78: =(SUM(BJ78:BN78)/SUM(BJ$89:BN$89))*BR$89 -> 3.6624562 | CA78: Q2 | CB78: 8.92 | CC78: 5.438 | CD78: 7.095 | CE78: 6.233
A79: November | B79: 0.02 | C79: 0.267 | D79: 0.061 | E79: 0.043 | F79: 0.088 | G79: 0.055 | H79: 0.008 | I79: 0.154 | J79: 0.136 | K79: 0.346 | L79: 0.54 | M79: 0.333 | N79: 0.077 | O79: 0.181 | P79: 0.297 | Q79: 0.684 | R79: 3.129 | S79: 0.74 | T79: {=INDEX('[5]Corn Imports'!$AD$290:$LD$290,1,ROW(A3))/1000} -> 3.5597795 | U79: {=INDEX('[5]Corn Imports'!$AP$290:$LD$290,1,ROW(A3))/1000} -> 1.1994797 | V79: {=INDEX('[5]Corn Imports'!$BB$290:$LD$290,1,ROW(A3))/1000} -> 2.0063438 | W79: {=INDEX('[5]Corn Imports'!$BN$290:$LD$290,1,ROW(A3))/1000} -> 1.3886205 | X79: {=INDEX('[5]Corn Imports'!$BZ$290:$LD$290,1,ROW(A3))/1000} -> 0.58554367 | Y79: {=INDEX('[5]Corn Imports'!$CL$290:$LD$290,1,ROW(A3))/1000} -> 2.346202 | Z79: {=INDEX('[5]Corn Imports'!$CX$290:$LD$290,1,ROW(A3))/1000} -> 1.4897615 | AA79: {=INDEX('[5]Corn Imports'!$DJ$290:$LD$290,1,ROW(A3))/1000} -> 0.61202275 | AB79: {=INDEX('[5]Corn Imports'!$DV$290:$LD$290,1,ROW(A3))/1000} -> 0.76993668 | AC79: {=INDEX('[5]Corn Imports'!$EH$290:$LD$290,1,ROW(A3))/1000} -> 1.9294261 | AD79: {=INDEX('[5]Corn Imports'!$ET$290:$LD$290,1,ROW(A3))/1000} -> 1.0296884 | AE79: {=INDEX('[5]Corn Imports'!$FF$290:$LD$290,1,ROW(A3))/1000} -> 0.70403423 | AF79: {=INDEX('[5]Corn Imports'!$FR$290:$LD$290,1,ROW(A3))/1000} -> 0.61849883 | AG79: {=INDEX('[5]Corn Imports'!$GD$290:$LD$290,1,ROW(A3))/1000} -> 0.4311532 | AH79: {=INDEX('[5]Corn Imports'!$GP$290:$LD$290,1,ROW(A3))/1000} -> 0.73465485 | AI79: {=INDEX('[5]Corn Imports'!$HB$290:$LD$290,1,ROW(A3))/1000} -> 1.4433503 | AJ79: {=INDEX('[5]Corn Imports'!$HN$290:$LD$290,1,ROW(A3))/1000} -> 0.40988647 | AK79: {=INDEX('[5]Corn Imports'!$HZ$290:$LD$290,1,ROW(A3))/1000} -> 2.7732255 | AL79: {=INDEX('[5]Corn Imports'!$IL$290:$LD$290,1,ROW(A3))/1000} -> 2.2982515 | AM79: {=INDEX('[5]Corn Imports'!$IX$290:$LD$290,1,ROW(A3))/1000} -> 20.433649 | AN79: {=INDEX('[5]Corn Imports'!$JJ$290:$LD$290,1,ROW(A3))/1000} -> 3.080601 | AO79: {=INDEX('[5]Corn Imports'!$JV$290:$LD$290,1,ROW(A3))/1000} -> 1.4860136 | AP79: {=INDEX('[5]Corn Imports'!$KH$290:$LD$290,1,ROW(A3))/1000} -> 8.300827 | AQ79: 6.6881902 | AR79: 2.1924039 | AS79: 1.0657311 | AT79: 6.4113544 | AU79: 1.2376118 | AV79: 2.4093155 | AW79: 2.8664162 | AX79: 2.4736033 | AY79: =(SUM(AQ79:AU79)/SUM(AQ$89:AU$89))*AY$89 -> 2.8112538 | AZ79: =(SUM(AR79:AV79)/SUM(AR$89:AV$89))*AZ$89 -> 2.577686 | BA79: =(SUM(AS79:AW79)/SUM(AS$89:AW$89))*BA$89 -> 2.6631522 | BB79: =(SUM(AT79:AX79)/SUM(AT$89:AX$89))*BB$89 -> 3.5644612 | BC79: =(SUM(AU79:AY79)/SUM(AU$89:AY$89))*BC$89 -> 3.0148987 | BD79: =(SUM(AV79:AZ79)/SUM(AV$89:AZ$89))*BD$89 -> 3.2035255 | BE79: =(SUM(AW79:BA79)/SUM(AW$89:BA$89))*BE$89 -> 3.1215481 | BF79: =(SUM(AX79:BB79)/SUM(AX$89:BB$89))*BF$89 -> 3.5225391 | ... BR79: =(SUM(BJ79:BN79)/SUM(BJ$89:BN$89))*BR$89 -> 3.1814219 | BT79: HS Codes | CA79: Q3 | CB79: 9.465 | CC79: 7.06 | CD79: 4.653 | CE79: 9.695
A80: December | B80: 0.268 | C80: 0.177 | D80: 0.075 | E80: 0.059 | F80: 0.044 | G80: 0.001 | H80: 0.159 | I80: 0.053 | J80: 0.01 | K80: 0.041 | L80: 0.122 | M80: 0.066 | N80: 0.246 | O80: 0.106 | P80: 0.098 | Q80: 0.09 | R80: 1.421 | S80: 0.542 | T80: {=INDEX('[5]Corn Imports'!$AD$290:$LD$290,1,ROW(A4))/1000} -> 3.3583676 | U80: {=INDEX('[5]Corn Imports'!$AP$290:$LD$290,1,ROW(A4))/1000} -> 1.3460241 | V80: {=INDEX('[5]Corn Imports'!$BB$290:$LD$290,1,ROW(A4))/1000} -> 1.8013966 | W80: {=INDEX('[5]Corn Imports'!$BN$290:$LD$290,1,ROW(A4))/1000} -> 0.776086 | X80: {=INDEX('[5]Corn Imports'!$BZ$290:$LD$290,1,ROW(A4))/1000} -> 0.31500899 | Y80: {=INDEX('[5]Corn Imports'!$CL$290:$LD$290,1,ROW(A4))/1000} -> 1.5276534 | Z80: {=INDEX('[5]Corn Imports'!$CX$290:$LD$290,1,ROW(A4))/1000} -> 1.2705552 | AA80: {=INDEX('[5]Corn Imports'!$DJ$290:$LD$290,1,ROW(A4))/1000} -> 0.31567825 | AB80: {=INDEX('[5]Corn Imports'!$DV$290:$LD$290,1,ROW(A4))/1000} -> 0.56255655 | AC80: {=INDEX('[5]Corn Imports'!$EH$290:$LD$290,1,ROW(A4))/1000} -> 1.21105 | AD80: {=INDEX('[5]Corn Imports'!$ET$290:$LD$290,1,ROW(A4))/1000} -> 0.9829819 | AE80: {=INDEX('[5]Corn Imports'!$FF$290:$LD$290,1,ROW(A4))/1000} -> 0.52341663 | AF80: {=INDEX('[5]Corn Imports'!$FR$290:$LD$290,1,ROW(A4))/1000} -> 0.46853335 | AG80: {=INDEX('[5]Corn Imports'!$GD$290:$LD$290,1,ROW(A4))/1000} -> 0.52361347 | AH80: {=INDEX('[5]Corn Imports'!$GP$290:$LD$290,1,ROW(A4))/1000} -> 0.65901269 | AI80: {=INDEX('[5]Corn Imports'!$HB$290:$LD$290,1,ROW(A4))/1000} -> 1.2409935 | AJ80: {=INDEX('[5]Corn Imports'!$HN$290:$LD$290,1,ROW(A4))/1000} -> 0.39905627 | AK80: {=INDEX('[5]Corn Imports'!$HZ$290:$LD$290,1,ROW(A4))/1000} -> 2.6928749 | AL80: {=INDEX('[5]Corn Imports'!$IL$290:$LD$290,1,ROW(A4))/1000} -> 1.4805139 | AM80: {=INDEX('[5]Corn Imports'!$IX$290:$LD$290,1,ROW(A4))/1000} -> 14.540935 | AN80: {=INDEX('[5]Corn Imports'!$JJ$290:$LD$290,1,ROW(A4))/1000} -> 1.669635 | AO80: {=INDEX('[5]Corn Imports'!$JV$290:$LD$290,1,ROW(A4))/1000} -> 1.9063799 | AP80: {=INDEX('[5]Corn Imports'!$KH$290:$LD$290,1,ROW(A4))/1000} -> 7.4119982 | AQ80: 2.6105314 | AR80: 1.8762001 | AS80: 3.1366454 | AT80: 4.6214883 | AU80: 2.0945351 | AV80: 2.4586435 | AW80: 2.7998057 | AX80: 1.5917229 | AY80: =(SUM(AQ80:AU80)/SUM(AQ$89:AU$89))*AY$89 -> 2.2910501 | AZ80: =(SUM(AR80:AV80)/SUM(AR$89:AV$89))*AZ$89 -> 2.7463058 | BA80: =(SUM(AS80:AW80)/SUM(AS$89:AW$89))*BA$89 -> 2.8764812 | BB80: =(SUM(AT80:AX80)/SUM(AT$89:AX$89))*BB$89 -> 3.1403579 | BC80: =(SUM(AU80:AY80)/SUM(AU$89:AY$89))*BC$89 -> 2.8711725 | BD80: =(SUM(AV80:AZ80)/SUM(AV$89:AZ$89))*BD$89 -> 2.898554 | BE80: =(SUM(AW80:BA80)/SUM(AW$89:BA$89))*BE$89 -> 2.8682401 | BF80: =(SUM(AX80:BB80)/SUM(AX$89:BB$89))*BF$89 -> 3.1614795 | ... BR80: =(SUM(BJ80:BN80)/SUM(BJ$89:BN$89))*BR$89 -> 2.9427449 | BT80: 10051 | CA80: Q4 | CB80: 5.551 | CC80: 5.985 | CD80: 5.798 | CE80: 16.911
A81: January | B81: 0.184 | C81: 0.07 | D81: 0.159 | E81: 0.244 | F81: 0.049 | G81: 0.001 | H81: 0 | I81: 0.005 | J81: 0.301 | K81: 0.042 | L81: 0.374 | M81: 0.086 | N81: 0.126 | O81: 0.307 | P81: 0.248 | Q81: 0.1 | R81: 1.404 | S81: 0.241 | T81: {=INDEX('[5]Corn Imports'!$AD$290:$LD$290,1,ROW(A5))/1000} -> 1.9425161 | U81: {=INDEX('[5]Corn Imports'!$AP$290:$LD$290,1,ROW(A5))/1000} -> 1.2169789 | V81: {=INDEX('[5]Corn Imports'!$BB$290:$LD$290,1,ROW(A5))/1000} -> 1.4923283 | W81: {=INDEX('[5]Corn Imports'!$BN$290:$LD$290,1,ROW(A5))/1000} -> 0.60748359 | X81: {=INDEX('[5]Corn Imports'!$BZ$290:$LD$290,1,ROW(A5))/1000} -> 0.36138479 | Y81: {=INDEX('[5]Corn Imports'!$CL$290:$LD$290,1,ROW(A5))/1000} -> 2.0218785 | Z81: {=INDEX('[5]Corn Imports'!$CX$290:$LD$290,1,ROW(A5))/1000} -> 0.70585304 | AA81: {=INDEX('[5]Corn Imports'!$DJ$290:$LD$290,1,ROW(A5))/1000} -> 0.36690815 | AB81: {=INDEX('[5]Corn Imports'!$DV$290:$LD$290,1,ROW(A5))/1000} -> 0.62852986 | AC81: {=INDEX('[5]Corn Imports'!$EH$290:$LD$290,1,ROW(A5))/1000} -> 1.3022899 | AD81: {=INDEX('[5]Corn Imports'!$ET$290:$LD$290,1,ROW(A5))/1000} -> 1.496462 | AE81: {=INDEX('[5]Corn Imports'!$FF$290:$LD$290,1,ROW(A5))/1000} -> 0.61273925 | AF81: {=INDEX('[5]Corn Imports'!$FR$290:$LD$290,1,ROW(A5))/1000} -> 0.35974313 | AG81: {=INDEX('[5]Corn Imports'!$GD$290:$LD$290,1,ROW(A5))/1000} -> 0.55221451 | AH81: {=INDEX('[5]Corn Imports'!$GP$290:$LD$290,1,ROW(A5))/1000} -> 0.92366576 | AI81: {=INDEX('[5]Corn Imports'!$HB$290:$LD$290,1,ROW(A5))/1000} -> 1.6325147 | AJ81: {=INDEX('[5]Corn Imports'!$HN$290:$LD$290,1,ROW(A5))/1000} -> 0.46998998 | AK81: {=INDEX('[5]Corn Imports'!$HZ$290:$LD$290,1,ROW(A5))/1000} -> 2.7255899 | AL81: {=INDEX('[5]Corn Imports'!$IL$290:$LD$290,1,ROW(A5))/1000} -> 1.0832961 | AM81: {=INDEX('[5]Corn Imports'!$IX$290:$LD$290,1,ROW(A5))/1000} -> 15.565379 | AN81: {=INDEX('[5]Corn Imports'!$JJ$290:$LD$290,1,ROW(A5))/1000} -> 2.6946701 | AO81: {=INDEX('[5]Corn Imports'!$JV$290:$LD$290,1,ROW(A5))/1000} -> 1.7552374 | AP81: {=INDEX('[5]Corn Imports'!$KH$290:$LD$290,1,ROW(A5))/1000} -> 6.0603445 | AQ81: 6.2054991 | AR81: 3.9814039 | AS81: 4.2217456 | AT81: 1.9715101 | AU81: 2.4454614 | AV81: 0.98974837 | AW81: 2.125158 | AX81: 2.6245792 | AY81: =(SUM(AQ81:AU81)/SUM(AQ$89:AU$89))*AY$89 -> 3.0078272 | AZ81: =(SUM(AR81:AV81)/SUM(AR$89:AV$89))*AZ$89 -> 2.6344902 | BA81: =(SUM(AS81:AW81)/SUM(AS$89:AW$89))*BA$89 -> 2.2373644 | BB81: =(SUM(AT81:AX81)/SUM(AT$89:AX$89))*BB$89 -> 2.3510579 | BC81: =(SUM(AU81:AY81)/SUM(AU$89:AY$89))*BC$89 -> 2.8601887 | BD81: =(SUM(AV81:AZ81)/SUM(AV$89:AZ$89))*BD$89 -> 2.7752423 | BE81: =(SUM(AW81:BA81)/SUM(AW$89:BA$89))*BE$89 -> 2.9437732 | BF81: =(SUM(AX81:BB81)/SUM(AX$89:BB$89))*BF$89 -> 3.2138297 | ... BR81: =(SUM(BJ81:BN81)/SUM(BJ$89:BN$89))*BR$89 -> 2.8210009 | BT81: 10059 | CA81: Total | CB81: 41.885 | CC81: 24.233 | CD81: 24.227 | CE81: 38.716
A82: February | B82: 0.145 | C82: 0.146 | D82: 0.422 | E82: 0.001 | F82: 0.073 | G82: 0.001 | H82: 0 | I82: 0 | J82: 0 | K82: 0 | L82: 0.457 | M82: 0.014 | N82: 0.333 | O82: 0.178 | P82: 0.093 | Q82: 0.084 | R82: 1.58 | S82: 0.256 | T82: {=INDEX('[5]Corn Imports'!$AD$290:$LD$290,1,ROW(A6))/1000} -> 2.6528453 | U82: {=INDEX('[5]Corn Imports'!$AP$290:$LD$290,1,ROW(A6))/1000} -> 1.1764768 | V82: {=INDEX('[5]Corn Imports'!$BB$290:$LD$290,1,ROW(A6))/1000} -> 1.6683949 | W82: {=INDEX('[5]Corn Imports'!$BN$290:$LD$290,1,ROW(A6))/1000} -> 0.96625433 | X82: {=INDEX('[5]Corn Imports'!$BZ$290:$LD$290,1,ROW(A6))/1000} -> 0.30937146 | Y82: {=INDEX('[5]Corn Imports'!$CL$290:$LD$290,1,ROW(A6))/1000} -> 2.1666828 | Z82: {=INDEX('[5]Corn Imports'!$CX$290:$LD$290,1,ROW(A6))/1000} -> 1.42617 | AA82: {=INDEX('[5]Corn Imports'!$DJ$290:$LD$290,1,ROW(A6))/1000} -> 0.22835947 | AB82: {=INDEX('[5]Corn Imports'!$DV$290:$LD$290,1,ROW(A6))/1000} -> 0.49295742 | AC82: {=INDEX('[5]Corn Imports'!$EH$290:$LD$290,1,ROW(A6))/1000} -> 1.5467549 | AD82: {=INDEX('[5]Corn Imports'!$ET$290:$LD$290,1,ROW(A6))/1000} -> 1.0435224 | AE82: {=INDEX('[5]Corn Imports'!$FF$290:$LD$290,1,ROW(A6))/1000} -> 0.56798936 | AF82: {=INDEX('[5]Corn Imports'!$FR$290:$LD$290,1,ROW(A6))/1000} -> 0.40688661 | AG82: {=INDEX('[5]Corn Imports'!$GD$290:$LD$290,1,ROW(A6))/1000} -> 0.60852685 | AH82: {=INDEX('[5]Corn Imports'!$GP$290:$LD$290,1,ROW(A6))/1000} -> 1.2357969 | AI82: {=INDEX('[5]Corn Imports'!$HB$290:$LD$290,1,ROW(A6))/1000} -> 1.2341986 | AJ82: {=INDEX('[5]Corn Imports'!$HN$290:$LD$290,1,ROW(A6))/1000} -> 0.4496799 | AK82: {=INDEX('[5]Corn Imports'!$HZ$290:$LD$290,1,ROW(A6))/1000} -> 3.045327 | AL82: {=INDEX('[5]Corn Imports'!$IL$290:$LD$290,1,ROW(A6))/1000} -> 1.3704718 | AM82: {=INDEX('[5]Corn Imports'!$IX$290:$LD$290,1,ROW(A6))/1000} -> 15.32082 | AN82: {=INDEX('[5]Corn Imports'!$JJ$290:$LD$290,1,ROW(A6))/1000} -> 2.2027048 | AO82: {=INDEX('[5]Corn Imports'!$JV$290:$LD$290,1,ROW(A6))/1000} -> 2.2671506 | AP82: {=INDEX('[5]Corn Imports'!$KH$290:$LD$290,1,ROW(A6))/1000} -> 4.2241699 | AQ82: 2.9783073 | AR82: 2.5315199 | AS82: 1.3478028 | AT82: 2.4327062 | AU82: 0.91062121 | AV82: 3.6688521 | AW82: 1.3152815 | AX82: 1.7157712 | AY82: =(SUM(AQ82:AU82)/SUM(AQ$89:AU$89))*AY$89 -> 1.6298383 | AZ82: =(SUM(AR82:AV82)/SUM(AR$89:AV$89))*AZ$89 -> 2.1082903 | BA82: =(SUM(AS82:AW82)/SUM(AS$89:AW$89))*BA$89 -> 1.8417377 | BB82: =(SUM(AT82:AX82)/SUM(AT$89:AX$89))*BB$89 -> 2.3248481 | BC82: =(SUM(AU82:AY82)/SUM(AU$89:AY$89))*BC$89 -> 2.3612721 | BD82: =(SUM(AV82:AZ82)/SUM(AV$89:AZ$89))*BD$89 -> 2.5451216 | BE82: =(SUM(AW82:BA82)/SUM(AW$89:BA$89))*BE$89 -> 2.0071068 | BF82: =(SUM(AX82:BB82)/SUM(AX$89:BB$89))*BF$89 -> 2.4051214 | ... BR82: =(SUM(BJ82:BN82)/SUM(BJ$89:BN$89))*BR$89 -> 2.2567628
A83: March | B83: 0.134 | C83: 0.007 | D83: 0.237 | E83: 0.104 | F83: 0.121 | G83: 0.043 | H83: 0.001 | I83: 0.053 | J83: 0.056 | K83: 0.016 | L83: 0.37 | M83: 0.03 | N83: 0.594 | O83: 0.42 | P83: 0.182 | Q83: 0.081 | R83: 1.963 | S83: 0.629 | T83: {=INDEX('[5]Corn Imports'!$AD$290:$LD$290,1,ROW(A7))/1000} -> 3.1272327 | U83: {=INDEX('[5]Corn Imports'!$AP$290:$LD$290,1,ROW(A7))/1000} -> 1.3422487 | V83: {=INDEX('[5]Corn Imports'!$BB$290:$LD$290,1,ROW(A7))/1000} -> 2.270363 | W83: {=INDEX('[5]Corn Imports'!$BN$290:$LD$290,1,ROW(A7))/1000} -> 1.2883535 | X83: {=INDEX('[5]Corn Imports'!$BZ$290:$LD$290,1,ROW(A7))/1000} -> 0.9152252 | Y83: {=INDEX('[5]Corn Imports'!$CL$290:$LD$290,1,ROW(A7))/1000} -> 3.939876 | Z83: {=INDEX('[5]Corn Imports'!$CX$290:$LD$290,1,ROW(A7))/1000} -> 2.1420186 | AA83: {=INDEX('[5]Corn Imports'!$DJ$290:$LD$290,1,ROW(A7))/1000} -> 1.2653231 | AB83: {=INDEX('[5]Corn Imports'!$DV$290:$LD$290,1,ROW(A7))/1000} -> 1.2036488 | AC83: {=INDEX('[5]Corn Imports'!$EH$290:$LD$290,1,ROW(A7))/1000} -> 1.9372328 | AD83: {=INDEX('[5]Corn Imports'!$ET$290:$LD$290,1,ROW(A7))/1000} -> 1.8573192 | AE83: {=INDEX('[5]Corn Imports'!$FF$290:$LD$290,1,ROW(A7))/1000} -> 1.3859199 | AF83: {=INDEX('[5]Corn Imports'!$FR$290:$LD$290,1,ROW(A7))/1000} -> 2.1375897 | AG83: {=INDEX('[5]Corn Imports'!$GD$290:$LD$290,1,ROW(A7))/1000} -> 2.2469507 | AH83: {=INDEX('[5]Corn Imports'!$GP$290:$LD$290,1,ROW(A7))/1000} -> 3.8733043 | AI83: {=INDEX('[5]Corn Imports'!$HB$290:$LD$290,1,ROW(A7))/1000} -> 2.6141148 | AJ83: {=INDEX('[5]Corn Imports'!$HN$290:$LD$290,1,ROW(A7))/1000} -> 0.9830252 | AK83: {=INDEX('[5]Corn Imports'!$HZ$290:$LD$290,1,ROW(A7))/1000} -> 3.9691424 | AL83: {=INDEX('[5]Corn Imports'!$IL$290:$LD$290,1,ROW(A7))/1000} -> 3.7715217 | AM83: {=INDEX('[5]Corn Imports'!$IX$290:$LD$290,1,ROW(A7))/1000} -> 10.118168 | AN83: {=INDEX('[5]Corn Imports'!$JJ$290:$LD$290,1,ROW(A7))/1000} -> 3.2538843 | AO83: {=INDEX('[5]Corn Imports'!$JV$290:$LD$290,1,ROW(A7))/1000} -> 3.3194797 | AP83: {=INDEX('[5]Corn Imports'!$KH$290:$LD$290,1,ROW(A7))/1000} -> 8.1202173 | AQ83: 5.35704 | AR83: 2.3897557 | AS83: 2.6789924 | AT83: 3.0860969 | AU83: 2.3765281 | AV83: 0.95959256 | AW83: 2.657412 | AX83: 1.5703855 | AY83: =(SUM(AQ83:AU83)/SUM(AQ$89:AU$89))*AY$89 -> 2.5385406 | AZ83: =(SUM(AR83:AV83)/SUM(AR$89:AV$89))*AZ$89 -> 2.2243297 | BA83: =(SUM(AS83:AW83)/SUM(AS$89:AW$89))*BA$89 -> 2.2383159 | BB83: =(SUM(AT83:AX83)/SUM(AT$89:AX$89))*BB$89 -> 2.4653087 | BC83: =(SUM(AU83:AY83)/SUM(AU$89:AY$89))*BC$89 -> 2.5815707 | BD83: =(SUM(AV83:AZ83)/SUM(AV$89:AZ$89))*BD$89 -> 2.4261871 | BE83: =(SUM(AW83:BA83)/SUM(AW$89:BA$89))*BE$89 -> 2.6173477 | BF83: =(SUM(AX83:BB83)/SUM(AX$89:BB$89))*BF$89 -> 2.7592201 | ... BR83: =(SUM(BJ83:BN83)/SUM(BJ$89:BN$89))*BR$89 -> 2.5389521
A84: April | B84: 0.048 | C84: 0.087 | D84: 0.157 | E84: 0.069 | F84: 0.004 | G84: 0.002 | H84: 0.005 | I84: 0.004 | J84: 0.421 | K84: 0.009 | L84: 0.623 | M84: 0.4 | N84: 0.663 | O84: 0.633 | P84: 0.162 | Q84: 0.215 | R84: 2.194 | S84: 0.555 | T84: {=INDEX('[5]Corn Imports'!$AD$290:$LD$290,1,ROW(A8))/1000} -> 1.7457417 | U84: {=INDEX('[5]Corn Imports'!$AP$290:$LD$290,1,ROW(A8))/1000} -> 1.1352465 | V84: {=INDEX('[5]Corn Imports'!$BB$290:$LD$290,1,ROW(A8))/1000} -> 1.5482194 | W84: {=INDEX('[5]Corn Imports'!$BN$290:$LD$290,1,ROW(A8))/1000} -> 1.5324288 | X84: {=INDEX('[5]Corn Imports'!$BZ$290:$LD$290,1,ROW(A8))/1000} -> 2.0747186 | Y84: {=INDEX('[5]Corn Imports'!$CL$290:$LD$290,1,ROW(A8))/1000} -> 2.5550191 | Z84: {=INDEX('[5]Corn Imports'!$CX$290:$LD$290,1,ROW(A8))/1000} -> 2.2970153 | AA84: {=INDEX('[5]Corn Imports'!$DJ$290:$LD$290,1,ROW(A8))/1000} -> 1.4029821 | AB84: {=INDEX('[5]Corn Imports'!$DV$290:$LD$290,1,ROW(A8))/1000} -> 2.0952019 | AC84: {=INDEX('[5]Corn Imports'!$EH$290:$LD$290,1,ROW(A8))/1000} -> 2.5661446 | AD84: {=INDEX('[5]Corn Imports'!$ET$290:$LD$290,1,ROW(A8))/1000} -> 2.1440539 | AE84: {=INDEX('[5]Corn Imports'!$FF$290:$LD$290,1,ROW(A8))/1000} -> 1.7133929 | AF84: {=INDEX('[5]Corn Imports'!$FR$290:$LD$290,1,ROW(A8))/1000} -> 1.5811667 | AG84: {=INDEX('[5]Corn Imports'!$GD$290:$LD$290,1,ROW(A8))/1000} -> 2.6074379 | AH84: {=INDEX('[5]Corn Imports'!$GP$290:$LD$290,1,ROW(A8))/1000} -> 3.4452888 | AI84: {=INDEX('[5]Corn Imports'!$HB$290:$LD$290,1,ROW(A8))/1000} -> 1.8323952 | AJ84: {=INDEX('[5]Corn Imports'!$HN$290:$LD$290,1,ROW(A8))/1000} -> 1.550928 | AK84: {=INDEX('[5]Corn Imports'!$HZ$290:$LD$290,1,ROW(A8))/1000} -> 4.6402215 | AL84: {=INDEX('[5]Corn Imports'!$IL$290:$LD$290,1,ROW(A8))/1000} -> 3.8279442 | AM84: {=INDEX('[5]Corn Imports'!$IX$290:$LD$290,1,ROW(A8))/1000} -> 16.221983 | AN84: {=INDEX('[5]Corn Imports'!$JJ$290:$LD$290,1,ROW(A8))/1000} -> 3.2263226 | AO84: {=INDEX('[5]Corn Imports'!$JV$290:$LD$290,1,ROW(A8))/1000} -> 3.1063596 | AP84: {=INDEX('[5]Corn Imports'!$KH$290:$LD$290,1,ROW(A8))/1000} -> 6.923017 | AQ84: 5.8442583 | AR84: 3.4433615 | AS84: 1.7428214 | AT84: 4.0010486 | AU84: 2.7808768 | AV84: 1.4371646 | AW84: 1.8451735 | AX84: 2.3134546 | AY84: =(SUM(AQ84:AU84)/SUM(AQ$89:AU$89))*AY$89 -> 2.8459366 | AZ84: =(SUM(AR84:AV84)/SUM(AR$89:AV$89))*AZ$89 -> 2.594886 | BA84: =(SUM(AS84:AW84)/SUM(AS$89:AW$89))*BA$89 -> 2.247541 | BB84: =(SUM(AT84:AX84)/SUM(AT$89:AX$89))*BB$89 -> 2.8652444 | BC84: =(SUM(AU84:AY84)/SUM(AU$89:AY$89))*BC$89 -> 2.8678119 | BD84: =(SUM(AV84:AZ84)/SUM(AV$89:AZ$89))*BD$89 -> 2.6910747 | BE84: =(SUM(AW84:BA84)/SUM(AW$89:BA$89))*BE$89 -> 2.7613984 | BF84: =(SUM(AX84:BB84)/SUM(AX$89:BB$89))*BF$89 -> 3.2167657 | ... BR84: =(SUM(BJ84:BN84)/SUM(BJ$89:BN$89))*BR$89 -> 2.8301709
A85: May | B85: 0.022 | C85: 0.438 | D85: 0.134 | E85: 0.123 | F85: 0.074 | G85: 0.001 | H85: 0.034 | I85: 0.029 | J85: 0.01 | K85: 0.824 | L85: 1.212 | M85: 0.019 | N85: 0.114 | O85: 0.162 | P85: 0.275 | Q85: 0.488 | R85: 1.247 | S85: 0.815 | T85: {=INDEX('[5]Corn Imports'!$AD$290:$LD$290,1,ROW(A9))/1000} -> 1.401305 | U85: {=INDEX('[5]Corn Imports'!$AP$290:$LD$290,1,ROW(A9))/1000} -> 0.52564487 | V85: {=INDEX('[5]Corn Imports'!$BB$290:$LD$290,1,ROW(A9))/1000} -> 1.2029362 | W85: {=INDEX('[5]Corn Imports'!$BN$290:$LD$290,1,ROW(A9))/1000} -> 0.89788349 | X85: {=INDEX('[5]Corn Imports'!$BZ$290:$LD$290,1,ROW(A9))/1000} -> 0.61656585 | Y85: {=INDEX('[5]Corn Imports'!$CL$290:$LD$290,1,ROW(A9))/1000} -> 0.74006798 | Z85: {=INDEX('[5]Corn Imports'!$CX$290:$LD$290,1,ROW(A9))/1000} -> 1.0769342 | AA85: {=INDEX('[5]Corn Imports'!$DJ$290:$LD$290,1,ROW(A9))/1000} -> 0.45443165 | AB85: {=INDEX('[5]Corn Imports'!$DV$290:$LD$290,1,ROW(A9))/1000} -> 0.85366113 | AC85: {=INDEX('[5]Corn Imports'!$EH$290:$LD$290,1,ROW(A9))/1000} -> 0.64843051 | AD85: {=INDEX('[5]Corn Imports'!$ET$290:$LD$290,1,ROW(A9))/1000} -> 1.1212511 | AE85: {=INDEX('[5]Corn Imports'!$FF$290:$LD$290,1,ROW(A9))/1000} -> 0.90698936 | AF85: {=INDEX('[5]Corn Imports'!$FR$290:$LD$290,1,ROW(A9))/1000} -> 0.41824435 | AG85: {=INDEX('[5]Corn Imports'!$GD$290:$LD$290,1,ROW(A9))/1000} -> 0.62134515 | AH85: {=INDEX('[5]Corn Imports'!$GP$290:$LD$290,1,ROW(A9))/1000} -> 2.3929282 | AI85: {=INDEX('[5]Corn Imports'!$HB$290:$LD$290,1,ROW(A9))/1000} -> 0.6742797 | AJ85: {=INDEX('[5]Corn Imports'!$HN$290:$LD$290,1,ROW(A9))/1000} -> 0.597799 | AK85: {=INDEX('[5]Corn Imports'!$HZ$290:$LD$290,1,ROW(A9))/1000} -> 1.7747483 | AL85: {=INDEX('[5]Corn Imports'!$IL$290:$LD$290,1,ROW(A9))/1000} -> 3.0743769 | AM85: {=INDEX('[5]Corn Imports'!$IX$290:$LD$290,1,ROW(A9))/1000} -> 13.839341 | AN85: {=INDEX('[5]Corn Imports'!$JJ$290:$LD$290,1,ROW(A9))/1000} -> 2.1032527 | AO85: {=INDEX('[5]Corn Imports'!$JV$290:$LD$290,1,ROW(A9))/1000} -> 3.5366034 | AP85: {=INDEX('[5]Corn Imports'!$KH$290:$LD$290,1,ROW(A9))/1000} -> 5.5840674 | AQ85: 6.1472345 | AR85: 1.7648674 | AS85: 1.9493459 | AT85: 2.4332967 | AU85: 1.9198593 | AV85: 2.2816847 | AW85: 5.2077433 | AX85: =(SUM(AQ85:AU85)/SUM(AQ$89:AU$89))*AX$89 -> 0 | AY85: =(SUM(AQ85:AU85)/SUM(AQ$89:AU$89))*AY$89 -> 2.2711109 | AZ85: =(SUM(AR85:AV85)/SUM(AR$89:AV$89))*AZ$89 -> 2.0032875 | BA85: =(SUM(AS85:AW85)/SUM(AS$89:AW$89))*BA$89 -> 2.6253668 | BB85: =(SUM(AT85:AX85)/SUM(AT$89:AX$89))*BB$89 -> 2.7413694 | BC85: =(SUM(AU85:AY85)/SUM(AU$89:AY$89))*BC$89 -> 2.9847956 | BD85: =(SUM(AV85:AZ85)/SUM(AV$89:AZ$89))*BD$89 -> 2.8683917 | BE85: =(SUM(AW85:BA85)/SUM(AW$89:BA$89))*BE$89 -> 2.8221218 | BF85: =(SUM(AX85:BB85)/SUM(AX$89:BB$89))*BF$89 -> 2.4102837 | ... BR85: =(SUM(BJ85:BN85)/SUM(BJ$89:BN$89))*BR$89 -> 2.6829169
A86: June | B86: 0.305 | C86: 0.312 | D86: 0.083 | E86: 0.048 | F86: 0.011 | G86: 0.408 | H86: 0.217 | I86: 0.073 | J86: 0.134 | K86: 0.061 | L86: 1.765 | M86: 0.326 | N86: 0.347 | O86: 0.033 | P86: 0.033 | Q86: 0.155 | R86: 1.381 | S86: 0.692 | T86: {=INDEX('[5]Corn Imports'!$AD$290:$LD$290,1,ROW(A10))/1000} -> 0.63921046 | U86: {=INDEX('[5]Corn Imports'!$AP$290:$LD$290,1,ROW(A10))/1000} -> 0.33658673 | V86: {=INDEX('[5]Corn Imports'!$BB$290:$LD$290,1,ROW(A10))/1000} -> 0.96292771 | W86: {=INDEX('[5]Corn Imports'!$BN$290:$LD$290,1,ROW(A10))/1000} -> 1.4346696 | X86: {=INDEX('[5]Corn Imports'!$BZ$290:$LD$290,1,ROW(A10))/1000} -> 0.66944134 | Y86: {=INDEX('[5]Corn Imports'!$CL$290:$LD$290,1,ROW(A10))/1000} -> 0.54214804 | Z86: {=INDEX('[5]Corn Imports'!$CX$290:$LD$290,1,ROW(A10))/1000} -> 1.0643128 | AA86: {=INDEX('[5]Corn Imports'!$DJ$290:$LD$290,1,ROW(A10))/1000} -> 0.47941474 | AB86: {=INDEX('[5]Corn Imports'!$DV$290:$LD$290,1,ROW(A10))/1000} -> 0.80978522 | AC86: {=INDEX('[5]Corn Imports'!$EH$290:$LD$290,1,ROW(A10))/1000} -> 0.51536189 | AD86: {=INDEX('[5]Corn Imports'!$ET$290:$LD$290,1,ROW(A10))/1000} -> 1.2175419 | AE86: {=INDEX('[5]Corn Imports'!$FF$290:$LD$290,1,ROW(A10))/1000} -> 0.82628839 | AF86: {=INDEX('[5]Corn Imports'!$FR$290:$LD$290,1,ROW(A10))/1000} -> 0.69438507 | AG86: {=INDEX('[5]Corn Imports'!$GD$290:$LD$290,1,ROW(A10))/1000} -> 1.1378842 | AH86: {=INDEX('[5]Corn Imports'!$GP$290:$LD$290,1,ROW(A10))/1000} -> 2.4478115 | AI86: {=INDEX('[5]Corn Imports'!$HB$290:$LD$290,1,ROW(A10))/1000} -> 0.67287819 | AJ86: {=INDEX('[5]Corn Imports'!$HN$290:$LD$290,1,ROW(A10))/1000} -> 0.85172422 | AK86: {=INDEX('[5]Corn Imports'!$HZ$290:$LD$290,1,ROW(A10))/1000} -> 1.8318637 | AL86: {=INDEX('[5]Corn Imports'!$IL$290:$LD$290,1,ROW(A10))/1000} -> 3.4491154 | AM86: {=INDEX('[5]Corn Imports'!$IX$290:$LD$290,1,ROW(A10))/1000} -> 17.99553 | AN86: {=INDEX('[5]Corn Imports'!$JJ$290:$LD$290,1,ROW(A10))/1000} -> 2.0055092 | AO86: {=INDEX('[5]Corn Imports'!$JV$290:$LD$290,1,ROW(A10))/1000} -> 3.5386112 | AP86: {=INDEX('[5]Corn Imports'!$KH$290:$LD$290,1,ROW(A10))/1000} -> 7.3607014 | AQ86: 5.2331095 | AR86: 2.2895641 | AS86: 0.88810271 | AT86: 1.0962413 | AU86: 1.5646024 | AV86: 1.4990115 | AW86: 8.1996249 | AX86: =(SUM(AQ86:AU86)/SUM(AQ$89:AU$89))*AX$89 -> 0 | AY86: =(SUM(AQ86:AU86)/SUM(AQ$89:AU$89))*AY$89 -> 1.7689468 | AZ86: =(SUM(AR86:AV86)/SUM(AR$89:AV$89))*AZ$89 -> 1.4203392 | BA86: =(SUM(AS86:AW86)/SUM(AS$89:AW$89))*BA$89 -> 2.5217475 | BB86: =(SUM(AT86:AX86)/SUM(AT$89:AX$89))*BB$89 -> 2.8610226 | BC86: =(SUM(AU86:AY86)/SUM(AU$89:AY$89))*BC$89 -> 3.3302298 | BD86: =(SUM(AV86:AZ86)/SUM(AV$89:AZ$89))*BD$89 -> 3.1424817 | BE86: =(SUM(AW86:BA86)/SUM(AW$89:BA$89))*BE$89 -> 3.2424155 | BF86: =(SUM(AX86:BB86)/SUM(AX$89:BB$89))*BF$89 -> 2.143014 | ... BR86: =(SUM(BJ86:BN86)/SUM(BJ$89:BN$89))*BR$89 -> 2.7641589
A87: July | B87: 0.078 | C87: 0.186 | D87: 0.189 | E87: 0.278 | F87: 0.02 | G87: 0.048 | H87: 0.029 | I87: 0.001 | J87: 0.369 | K87: 0.001 | L87: 2.995 | M87: 0.032 | N87: 0.257 | O87: 0.223 | P87: 0.136 | Q87: 0.423 | R87: 1.39 | S87: 0.979 | T87: {=INDEX('[5]Corn Imports'!$AD$290:$LD$290,1,ROW(A11))/1000} -> 0.36358941 | U87: {=INDEX('[5]Corn Imports'!$AP$290:$LD$290,1,ROW(A11))/1000} -> 0.18305449 | V87: {=INDEX('[5]Corn Imports'!$BB$290:$LD$290,1,ROW(A11))/1000} -> 0.85500753 | W87: {=INDEX('[5]Corn Imports'!$BN$290:$LD$290,1,ROW(A11))/1000} -> 1.1350969 | X87: {=INDEX('[5]Corn Imports'!$BZ$290:$LD$290,1,ROW(A11))/1000} -> 0.80550589 | Y87: {=INDEX('[5]Corn Imports'!$CL$290:$LD$290,1,ROW(A11))/1000} -> 0.58870494 | Z87: {=INDEX('[5]Corn Imports'!$CX$290:$LD$290,1,ROW(A11))/1000} -> 0.89897793 | AA87: {=INDEX('[5]Corn Imports'!$DJ$290:$LD$290,1,ROW(A11))/1000} -> 0.40152466 | AB87: {=INDEX('[5]Corn Imports'!$DV$290:$LD$290,1,ROW(A11))/1000} -> 0.76703524 | AC87: {=INDEX('[5]Corn Imports'!$EH$290:$LD$290,1,ROW(A11))/1000} -> 0.58756326 | AD87: {=INDEX('[5]Corn Imports'!$ET$290:$LD$290,1,ROW(A11))/1000} -> 0.90962704 | AE87: {=INDEX('[5]Corn Imports'!$FF$290:$LD$290,1,ROW(A11))/1000} -> 0.82928431 | AF87: {=INDEX('[5]Corn Imports'!$FR$290:$LD$290,1,ROW(A11))/1000} -> 0.32859104 | AG87: {=INDEX('[5]Corn Imports'!$GD$290:$LD$290,1,ROW(A11))/1000} -> 1.7859525 | AH87: {=INDEX('[5]Corn Imports'!$GP$290:$LD$290,1,ROW(A11))/1000} -> 1.9378588 | AI87: {=INDEX('[5]Corn Imports'!$HB$290:$LD$290,1,ROW(A11))/1000} -> 0.48648528 | AJ87: {=INDEX('[5]Corn Imports'!$HN$290:$LD$290,1,ROW(A11))/1000} -> 0.85438551 | AK87: {=INDEX('[5]Corn Imports'!$HZ$290:$LD$290,1,ROW(A11))/1000} -> 0.48535541 | AL87: {=INDEX('[5]Corn Imports'!$IL$290:$LD$290,1,ROW(A11))/1000} -> 2.8500212 | AM87: {=INDEX('[5]Corn Imports'!$IX$290:$LD$290,1,ROW(A11))/1000} -> 10.641364 | AN87: {=INDEX('[5]Corn Imports'!$JJ$290:$LD$290,1,ROW(A11))/1000} -> 2.3093297 | AO87: {=INDEX('[5]Corn Imports'!$JV$290:$LD$290,1,ROW(A11))/1000} -> 2.8197981 | AP87: {=INDEX('[5]Corn Imports'!$KH$290:$LD$290,1,ROW(A11))/1000} -> 3.4508751 | AQ87: 4.6432981 | AR87: 2.970355 | AS87: 1.0394333 | AT87: 1.7771896 | AU87: 2.2734233 | AV87: 1.7870271 | AW87: 5.3335631 | AX87: =(SUM(AQ87:AU87)/SUM(AQ$89:AU$89))*AX$89 -> 0 | AY87: =(SUM(AQ87:AU87)/SUM(AQ$89:AU$89))*AY$89 -> 2.0297091 | AZ87: =(SUM(AR87:AV87)/SUM(AR$89:AV$89))*AZ$89 -> 1.9061868 | BA87: =(SUM(AS87:AW87)/SUM(AS$89:AW$89))*BA$89 -> 2.3243592 | BB87: =(SUM(AT87:AX87)/SUM(AT$89:AX$89))*BB$89 -> 2.5859554 | BC87: =(SUM(AU87:AY87)/SUM(AU$89:AY$89))*BC$89 -> 2.919205 | BD87: =(SUM(AV87:AZ87)/SUM(AV$89:AZ$89))*BD$89 -> 2.6959198 | BE87: =(SUM(AW87:BA87)/SUM(AW$89:BA$89))*BE$89 -> 2.7023865 | BF87: =(SUM(AX87:BB87)/SUM(AX$89:BB$89))*BF$89 -> 2.2115526 | ... BR87: =(SUM(BJ87:BN87)/SUM(BJ$89:BN$89))*BR$89 -> 2.5265951
A88: August | B88: 0.072 | C88: 0.52 | D88: 0.303 | E88: 0.091 | F88: 0.108 | G88: 0.051 | H88: 0 | I88: 0.021 | J88: 0.008 | K88: 0.016 | L88: 1.117 | M88: 0.071 | N88: 0.17 | O88: 0.093 | P88: 0.033 | Q88: 0.894 | R88: 0.576 | S88: 1.124 | T88: {=INDEX('[5]Corn Imports'!$AD$290:$LD$290,1,ROW(A12))/1000} -> 0.3752306 | U88: {=INDEX('[5]Corn Imports'!$AP$290:$LD$290,1,ROW(A12))/1000} -> 0.23451273 | V88: {=INDEX('[5]Corn Imports'!$BB$290:$LD$290,1,ROW(A12))/1000} -> 1.0368534 | W88: {=INDEX('[5]Corn Imports'!$BN$290:$LD$290,1,ROW(A12))/1000} -> 1.1853898 | X88: {=INDEX('[5]Corn Imports'!$BZ$290:$LD$290,1,ROW(A12))/1000} -> 0.53760889 | Y88: {=INDEX('[5]Corn Imports'!$CL$290:$LD$290,1,ROW(A12))/1000} -> 0.69915256 | Z88: {=INDEX('[5]Corn Imports'!$CX$290:$LD$290,1,ROW(A12))/1000} -> 0.31538692 | AA88: {=INDEX('[5]Corn Imports'!$DJ$290:$LD$290,1,ROW(A12))/1000} -> 0.61725085 | AB88: {=INDEX('[5]Corn Imports'!$DV$290:$LD$290,1,ROW(A12))/1000} -> 0.27784142 | AC88: {=INDEX('[5]Corn Imports'!$EH$290:$LD$290,1,ROW(A12))/1000} -> 0.70291223 | AD88: {=INDEX('[5]Corn Imports'!$ET$290:$LD$290,1,ROW(A12))/1000} -> 0.84216954 | AE88: {=INDEX('[5]Corn Imports'!$FF$290:$LD$290,1,ROW(A12))/1000} -> 1.8290095 | AF88: {=INDEX('[5]Corn Imports'!$FR$290:$LD$290,1,ROW(A12))/1000} -> 0.29723816 | AG88: {=INDEX('[5]Corn Imports'!$GD$290:$LD$290,1,ROW(A12))/1000} -> 0.7459063 | AH88: {=INDEX('[5]Corn Imports'!$GP$290:$LD$290,1,ROW(A12))/1000} -> 0.92036276 | AI88: {=INDEX('[5]Corn Imports'!$HB$290:$LD$290,1,ROW(A12))/1000} -> 0.32705961 | AJ88: {=INDEX('[5]Corn Imports'!$HN$290:$LD$290,1,ROW(A12))/1000} -> 1.2070896 | AK88: {=INDEX('[5]Corn Imports'!$HZ$290:$LD$290,1,ROW(A12))/1000} -> 1.1827955 | AL88: {=INDEX('[5]Corn Imports'!$IL$290:$LD$290,1,ROW(A12))/1000} -> 4.4111612 | AM88: {=INDEX('[5]Corn Imports'!$IX$290:$LD$290,1,ROW(A12))/1000} -> 10.916808 | AN88: {=INDEX('[5]Corn Imports'!$JJ$290:$LD$290,1,ROW(A12))/1000} -> 1.8036052 | AO88: {=INDEX('[5]Corn Imports'!$JV$290:$LD$290,1,ROW(A12))/1000} -> 4.388993 | AP88: {=INDEX('[5]Corn Imports'!$KH$290:$LD$290,1,ROW(A12))/1000} -> 6.2862001 | AQ88: 3.7992088 | AR88: 4.02463 | AS88: 4.8206903 | AT88: 2.7385168 | AU88: 2.1981516 | AV88: 2.5273404 | AW88: 3.3526491 | AX88: =AX89-SUM(AX77:AX87) -> -18.999933 | AY88: =AY89-SUM(AY77:AY87) -> 2.809002 | AZ88: =AZ89-SUM(AZ77:AZ87) -> 3.1570302 | BA88: =BA89-SUM(BA77:BA87) -> 2.976652 | BB88: =BB89-SUM(BB77:BB87) -> -1.8942976 | BC88: =BC89-SUM(BC77:BC87) -> -2.073133 | BD88: =BD89-SUM(BD77:BD87) -> -1.744349 | BE88: =BE89-SUM(BE77:BE87) -> -1.5627655 | ... BR88: =BR89-SUM(BR77:BR87) -> -1.2800962
A89: Total | B89: =SUM(B77:B88) -> 1.496 | C89: =SUM(C77:C88) -> 2.429 | D89: =SUM(D77:D88) -> 2.4 | E89: =SUM(E77:E88) -> 1.152 | F89: =SUM(F77:F88) -> 0.719 | G89: =SUM(G77:G88) -> 0.849 | H89: =SUM(H77:H88) -> 0.555 | I89: =SUM(I77:I88) -> 0.488 | ... AW89: =SUM(AW77:AW88) -> 38.706441 | AX89: =AX10 -> 0 | AY89: =AY10 -> 30 | AZ89: =AZ10 -> 30 | BA89: =BA10 -> 30 | BB89: =BB10 -> 30 | BC89: =BC10 -> 30 | BD89: =BD10 -> 30 | BE89: =BE10 -> 30 | ... BR89: =BR10 -> 30
A91: CORN EXPORTS | CA91: USDA Exports | CI91: Inspections
B92: 75/76 | C92: 76/77 | D92: 77/78 | E92: 78/79 | F92: 79/80 | G92: 80/81 | H92: 81/82 | I92: 82/83 | J92: 83/84 | K92: 84/85 | L92: 85/86 | M92: 86/87 | N92: 87/88 | O92: 88/89 | P92: 89/90 | Q92: 90/91 | R92: 91/92 | S92: 92/93 | T92: 93/94 | U92: 94/95 | V92: 95/96 | W92: 96/97 | X92: 97/98 | Y92: 98/99 | Z92: 99/00 | AA92: 00/01 | AB92: 01/02 | AC92: 02/03 | AD92: 03/04 | AE92: 04/05 | AF92: 05/06 | AG92: 06/07 | AH92: 07/08 | AI92: 08/09 | AJ92: 09/10 | AK92: 10/11 | AL92: 11/12 | AM92: 12/13 | AN92: 13/14 | AO92: 14/15 | AP92: 15/16 | AQ92: 16/17 | AR92: 17/18 | AS92: 18/19 | AT92: 19/20 | AU92: 20/21 | AV92: =AV2 -> 21/22 | AW92: =AW2 -> 22/23 | AX92: =AX2 -> 23/24 | AY92: =AY2 -> 24/25 | AZ92: =AZ2 -> 25/26 | BA92: =BA2 -> 26/27 | BB92: =BB2 -> 27/28 | BC92: =BC2 -> 28/29 | ... BR92: =BR2 -> 43/44 | BW92: Forecast | CB92: =AT92 -> 19/20 | CC92: =AU92 -> 20/21 | CD92: =AV92 -> 21/22 | CE92: =AW92 -> 22/23 | CF92: =AX92 -> 23/24 | CI92: =AW92 -> 22/23
A93: September | B93: 75.054 | C93: 109.748 | D93: 137.147 | E93: 176.034 | F93: 185.07 | G93: 202.462 | H93: 149.655 | I93: 107.215 | J93: 142.605 | K93: 107.065 | L93: 79.897 | M93: 80.083 | N93: 135.401 | O93: 150.844 | P93: 113.777 | Q93: 106.371 | R93: 134.79739 | S93: 153.33801 | T93: {=INDEX('[5]Corn Exports'!$AD$290:$LD$290,1,ROW(A1))/1000} -> 133.78075 | U93: {=INDEX('[5]Corn Exports'!$AP$290:$LD$290,1,ROW(A1))/1000} -> 118.23711 | V93: {=INDEX('[5]Corn Exports'!$BB$290:$LD$290,1,ROW(A1))/1000} -> 241.59947 | W93: {=INDEX('[5]Corn Exports'!$BN$290:$LD$290,1,ROW(A1))/1000} -> 99.967963 | X93: {=INDEX('[5]Corn Exports'!$BZ$290:$LD$290,1,ROW(A1))/1000} -> 141.98636 | Y93: {=INDEX('[5]Corn Exports'!$CL$290:$LD$290,1,ROW(A1))/1000} -> 124.97929 | Z93: {=INDEX('[5]Corn Exports'!$CX$290:$LD$290,1,ROW(A1))/1000} -> 190.71511 | AA93: {=INDEX('[5]Corn Exports'!$DJ$290:$LD$290,1,ROW(A1))/1000} -> 202.61438 | AB93: {=INDEX('[5]Corn Exports'!$DV$290:$LD$290,1,ROW(A1))/1000} -> 163.90021 | AC93: {=INDEX('[5]Corn Exports'!$EH$290:$LD$290,1,ROW(A1))/1000} -> 120.11695 | AD93: {=INDEX('[5]Corn Exports'!$ET$290:$LD$290,1,ROW(A1))/1000} -> 143.32693 | AE93: {=INDEX('[5]Corn Exports'!$FF$290:$LD$290,1,ROW(A1))/1000} -> 165.00152 | AF93: {=INDEX('[5]Corn Exports'!$FR$290:$LD$290,1,ROW(A1))/1000} -> 132.19651 | AG93: {=INDEX('[5]Corn Exports'!$GD$290:$LD$290,1,ROW(A1))/1000} -> 206.32712 | AH93: {=INDEX('[5]Corn Exports'!$GP$290:$LD$290,1,ROW(A1))/1000} -> 215.27289 | AI93: {=INDEX('[5]Corn Exports'!$HB$290:$LD$290,1,ROW(A1))/1000} -> 166.10967 | AJ93: {=INDEX('[5]Corn Exports'!$HN$290:$LD$290,1,ROW(A1))/1000} -> 197.29946 | AK93: {=INDEX('[5]Corn Exports'!$HZ$290:$LD$290,1,ROW(A1))/1000} -> 174.70375 | AL93: {=INDEX('[5]Corn Exports'!$IL$290:$LD$290,1,ROW(A1))/1000} -> 121.73501 | AM93: {=INDEX('[5]Corn Exports'!$IX$290:$LD$290,1,ROW(A1))/1000} -> 92.054232 | AN93: {=INDEX('[5]Corn Exports'!$JJ$290:$LD$290,1,ROW(A1))/1000} -> 80.918906 | AO93: {=INDEX('[5]Corn Exports'!$JV$290:$LD$290,1,ROW(A1))/1000} -> 155.7557 | AP93: {=INDEX('[5]Corn Exports'!$KH$290:$LD$290,1,ROW(A1))/1000} -> 132.5411 | AQ93: {=INDEX('[5]Corn Exports'!$KT$290:$OO$290,1,ROW(A1))/1000} -> 243.90558 | AR93: {=INDEX('[5]Corn Exports'!$LF$290:$OO$290,1,ROW(A1))/1000} -> 139.50967 | AS93: {=INDEX('[5]Corn Exports'!$LR$290:$OO$290,1,ROW(A1))/1000} -> 208.46817 | AT93: {=INDEX('[5]Corn Exports'!$MD$290:$OO$290,1,ROW(A1))/1000} -> 80.869244 | AU93: {=INDEX('[5]Corn Exports'!$MP$290:$OO$290,1,ROW(A1))/1000} -> 154.07856 | AV93: {=INDEX('[5]Corn Exports'!$NB$290:$OO$290,1,ROW(A1))/1000} -> 95.723794 | AW93: {=INDEX('[5]Corn Exports'!$NN$290:$OO$290,1,ROW(A1))/1000} -> 100.18803 | AX93: {=INDEX('[5]Corn Exports'!$NZ$290:$OK$290,1,ROW(A1))/1000} -> 124.77163 | AY93: {=INDEX('[5]Corn Exports'!$OK$290:$ZZ$290,1,ROW(A1))/1000} -> 203.60437 | AZ93: =(SUM(AT93:AX93)/SUM(AT$105:AX$105))*AZ$105 -> 134.19364 | BA93: =(SUM(AU93:AY93)/SUM(AU$105:AY$105))*BA$105 -> 135.1683 | BB93: =(SUM(AV93:AZ93)/SUM(AV$105:AZ$105))*BB$105 -> 118.21973 | BC93: =(SUM(AW93:BA93)/SUM(AW$105:BA$105))*BC$105 -> 126.69618 | BD93: =(SUM(AX93:BB93)/SUM(AX$105:BB$105))*BD$105 -> 125.31091 | BE93: =(SUM(AY93:BC93)/SUM(AY$105:BC$105))*BE$105 -> 127.7587 | BF93: =(SUM(AZ93:BD93)/SUM(AZ$105:BD$105))*BF$105 -> 135.84186 | BG93: =(SUM(BA93:BE93)/SUM(BA$105:BE$105))*BG$105 -> 153.13488 | ... BR93: =(SUM(BL93:BP93)/SUM(BL$105:BP$105))*BR$105 -> 249.74242 | BV93: Sep | CA93: Q1 | CB93: 270.886 | CC93: 448.85 | CD93: 430.738 | CE93: 282.954 | CH93: Sep
A94: October | B94: 132.617 | C94: 178.936 | D94: 118.933 | E94: 139.263 | F94: 214.346 | G94: 240.698 | H94: 194.694 | I94: 166.335 | J94: 154.746 | K94: 154.056 | L94: 124.9 | M94: 124.025 | N94: 137.692 | O94: 170.296 | P94: 174.745 | Q94: 108.167 | R94: 154.95791 | S94: 139.38486 | T94: {=INDEX('[5]Corn Exports'!$AD$290:$LD$290,1,ROW(A2))/1000} -> 143.71467 | U94: {=INDEX('[5]Corn Exports'!$AP$290:$LD$290,1,ROW(A2))/1000} -> 137.4874 | V94: {=INDEX('[5]Corn Exports'!$BB$290:$LD$290,1,ROW(A2))/1000} -> 209.92095 | W94: {=INDEX('[5]Corn Exports'!$BN$290:$LD$290,1,ROW(A2))/1000} -> 145.15585 | X94: {=INDEX('[5]Corn Exports'!$BZ$290:$LD$290,1,ROW(A2))/1000} -> 119.77479 | Y94: {=INDEX('[5]Corn Exports'!$CL$290:$LD$290,1,ROW(A2))/1000} -> 157.25966 | Z94: {=INDEX('[5]Corn Exports'!$CX$290:$LD$290,1,ROW(A2))/1000} -> 181.2356 | AA94: {=INDEX('[5]Corn Exports'!$DJ$290:$LD$290,1,ROW(A2))/1000} -> 157.35178 | AB94: {=INDEX('[5]Corn Exports'!$DV$290:$LD$290,1,ROW(A2))/1000} -> 144.33885 | AC94: {=INDEX('[5]Corn Exports'!$EH$290:$LD$290,1,ROW(A2))/1000} -> 127.81133 | AD94: {=INDEX('[5]Corn Exports'!$ET$290:$LD$290,1,ROW(A2))/1000} -> 158.27238 | AE94: {=INDEX('[5]Corn Exports'!$FF$290:$LD$290,1,ROW(A2))/1000} -> 155.87809 | AF94: {=INDEX('[5]Corn Exports'!$FR$290:$LD$290,1,ROW(A2))/1000} -> 187.72828 | AG94: {=INDEX('[5]Corn Exports'!$GD$290:$LD$290,1,ROW(A2))/1000} -> 190.8961 | AH94: {=INDEX('[5]Corn Exports'!$GP$290:$LD$290,1,ROW(A2))/1000} -> 222.0977 | AI94: {=INDEX('[5]Corn Exports'!$HB$290:$LD$290,1,ROW(A2))/1000} -> 138.98483 | AJ94: {=INDEX('[5]Corn Exports'!$HN$290:$LD$290,1,ROW(A2))/1000} -> 138.30521 | AK94: {=INDEX('[5]Corn Exports'!$HZ$290:$LD$290,1,ROW(A2))/1000} -> 135.77027 | AL94: {=INDEX('[5]Corn Exports'!$IL$290:$LD$290,1,ROW(A2))/1000} -> 125.45494 | AM94: {=INDEX('[5]Corn Exports'!$IX$290:$LD$290,1,ROW(A2))/1000} -> 68.618309 | AN94: {=INDEX('[5]Corn Exports'!$JJ$290:$LD$290,1,ROW(A2))/1000} -> 130.4562 | AO94: {=INDEX('[5]Corn Exports'!$JV$290:$LD$290,1,ROW(A2))/1000} -> 150.0856 | AP94: {=INDEX('[5]Corn Exports'!$KH$290:$LD$290,1,ROW(A2))/1000} -> 93.252253 | AQ94: {=INDEX('[5]Corn Exports'!$KT$290:$OO$290,1,ROW(A2))/1000} -> 144.32049 | AR94: {=INDEX('[5]Corn Exports'!$LF$290:$OO$290,1,ROW(A2))/1000} -> 104.9568 | AS94: {=INDEX('[5]Corn Exports'!$LR$290:$OO$290,1,ROW(A2))/1000} -> 223.10608 | AT94: {=INDEX('[5]Corn Exports'!$MD$290:$OO$290,1,ROW(A2))/1000} -> 90.93573 | AU94: {=INDEX('[5]Corn Exports'!$MP$290:$OO$290,1,ROW(A2))/1000} -> 145.0589 | AV94: {=INDEX('[5]Corn Exports'!$NB$290:$OO$290,1,ROW(A2))/1000} -> 158.88699 | AW94: {=INDEX('[5]Corn Exports'!$NN$290:$OO$290,1,ROW(A2))/1000} -> 86.821494 | AX94: {=INDEX('[5]Corn Exports'!$NZ$290:$OK$290,1,ROW(A2))/1000} -> 110.10432 | AY94: {=INDEX('[5]Corn Exports'!$OK$290:$ZZ$290,1,ROW(A2))/1000} -> 169.06643 | AZ94: =(SUM(AT94:AX94)/SUM(AT$105:AX$105))*AZ$105 -> 142.93076 | BA94: =(SUM(AU94:AY94)/SUM(AU$105:AY$105))*BA$105 -> 133.48892 | BB94: =(SUM(AV94:AZ94)/SUM(AV$105:AZ$105))*BB$105 -> 119.89452 | BC94: =(SUM(AW94:BA94)/SUM(AW$105:BA$105))*BC$105 -> 116.61858 | BD94: =(SUM(AX94:BB94)/SUM(AX$105:BB$105))*BD$105 -> 118.22715 | BE94: =(SUM(AY94:BC94)/SUM(AY$105:BC$105))*BE$105 -> 121.37274 | BF94: =(SUM(AZ94:BD94)/SUM(AZ$105:BD$105))*BF$105 -> 134.05167 | BG94: =(SUM(BA94:BE94)/SUM(BA$105:BE$105))*BG$105 -> 147.4386 | ... BR94: =(SUM(BL94:BP94)/SUM(BL$105:BP$105))*BR$105 -> 240.22495 | BV94: Oct | CA94: Q2 | CB94: 353.496 | CC94: 674.484 | CD94: 662.423 | CE94: 399.017 | CH94: Oct
A95: November | B95: 165.253 | C95: 180.099 | D95: 143.026 | E95: 153.542 | F95: 221.857 | G95: 244.706 | H95: 174.73 | I95: 169.587 | J95: 196.023 | K95: 242.124 | L95: 210.005 | M95: 114.104 | N95: 122.467 | O95: 149.633 | P95: 293.765 | Q95: 168.267 | R95: 132.2291 | S95: 197.11785 | T95: {=INDEX('[5]Corn Exports'!$AD$290:$LD$290,1,ROW(A3))/1000} -> 152.73839 | U95: {=INDEX('[5]Corn Exports'!$AP$290:$LD$290,1,ROW(A3))/1000} -> 204.07658 | V95: {=INDEX('[5]Corn Exports'!$BB$290:$LD$290,1,ROW(A3))/1000} -> 202.26136 | W95: {=INDEX('[5]Corn Exports'!$BN$290:$LD$290,1,ROW(A3))/1000} -> 241.87206 | X95: {=INDEX('[5]Corn Exports'!$BZ$290:$LD$290,1,ROW(A3))/1000} -> 118.33494 | Y95: {=INDEX('[5]Corn Exports'!$CL$290:$LD$290,1,ROW(A3))/1000} -> 169.22138 | Z95: {=INDEX('[5]Corn Exports'!$CX$290:$LD$290,1,ROW(A3))/1000} -> 163.06634 | AA95: {=INDEX('[5]Corn Exports'!$DJ$290:$LD$290,1,ROW(A3))/1000} -> 146.70902 | AB95: {=INDEX('[5]Corn Exports'!$DV$290:$LD$290,1,ROW(A3))/1000} -> 139.64205 | AC95: {=INDEX('[5]Corn Exports'!$EH$290:$LD$290,1,ROW(A3))/1000} -> 145.49746 | AD95: {=INDEX('[5]Corn Exports'!$ET$290:$LD$290,1,ROW(A3))/1000} -> 167.95033 | AE95: {=INDEX('[5]Corn Exports'!$FF$290:$LD$290,1,ROW(A3))/1000} -> 178.01054 | AF95: {=INDEX('[5]Corn Exports'!$FR$290:$LD$290,1,ROW(A3))/1000} -> 157.40427 | AG95: {=INDEX('[5]Corn Exports'!$GD$290:$LD$290,1,ROW(A3))/1000} -> 198.71578 | AH95: {=INDEX('[5]Corn Exports'!$GP$290:$LD$290,1,ROW(A3))/1000} -> 255.78857 | AI95: {=INDEX('[5]Corn Exports'!$HB$290:$LD$290,1,ROW(A3))/1000} -> 143.69358 | AJ95: {=INDEX('[5]Corn Exports'!$HN$290:$LD$290,1,ROW(A3))/1000} -> 131.27652 | AK95: {=INDEX('[5]Corn Exports'!$HZ$290:$LD$290,1,ROW(A3))/1000} -> 141.42958 | AL95: {=INDEX('[5]Corn Exports'!$IL$290:$LD$290,1,ROW(A3))/1000} -> 159.01185 | AM95: {=INDEX('[5]Corn Exports'!$IX$290:$LD$290,1,ROW(A3))/1000} -> 60.199944 | AN95: {=INDEX('[5]Corn Exports'!$JJ$290:$LD$290,1,ROW(A3))/1000} -> 138.88248 | AO95: {=INDEX('[5]Corn Exports'!$JV$290:$LD$290,1,ROW(A3))/1000} -> 95.380922 | AP95: {=INDEX('[5]Corn Exports'!$KH$290:$LD$290,1,ROW(A3))/1000} -> 75.396792 | AQ95: {=INDEX('[5]Corn Exports'!$KT$290:$OO$290,1,ROW(A3))/1000} -> 159.90269 | AR95: {=INDEX('[5]Corn Exports'!$LF$290:$OO$290,1,ROW(A3))/1000} -> 104.09397 | AS95: {=INDEX('[5]Corn Exports'!$LR$290:$OO$290,1,ROW(A3))/1000} -> 200.51355 | AT95: {=INDEX('[5]Corn Exports'!$MD$290:$OO$290,1,ROW(A3))/1000} -> 99.080978 | AU95: {=INDEX('[5]Corn Exports'!$MP$290:$OO$290,1,ROW(A3))/1000} -> 149.71235 | AV95: {=INDEX('[5]Corn Exports'!$NB$290:$OO$290,1,ROW(A3))/1000} -> 176.99792 | AW95: {=INDEX('[5]Corn Exports'!$NN$290:$OO$290,1,ROW(A3))/1000} -> 97.491358 | AX95: {=INDEX('[5]Corn Exports'!$NZ$290:$OK$290,1,ROW(A3))/1000} -> 142.01624 | AY95: {=INDEX('[5]Corn Exports'!$OK$290:$ZZ$290,1,ROW(A3))/1000} -> 160.0445 | AZ95: =(SUM(AT95:AX95)/SUM(AT$105:AX$105))*AZ$105 -> 160.68008 | BA95: =(SUM(AU95:AY95)/SUM(AU$105:AY$105))*BA$105 -> 144.71184 | BB95: =(SUM(AV95:AZ95)/SUM(AV$105:AZ$105))*BB$105 -> 132.35778 | BC95: =(SUM(AW95:BA95)/SUM(AW$105:BA$105))*BC$105 -> 127.97019 | BD95: =(SUM(AX95:BB95)/SUM(AX$105:BB$105))*BD$105 -> 129.48576 | BE95: =(SUM(AY95:BC95)/SUM(AY$105:BC$105))*BE$105 -> 129.16146 | BF95: =(SUM(AZ95:BD95)/SUM(AZ$105:BD$105))*BF$105 -> 147.6543 | BG95: =(SUM(BA95:BE95)/SUM(BA$105:BE$105))*BG$105 -> 160.51965 | ... BR95: =(SUM(BL95:BP95)/SUM(BL$105:BP$105))*BR$105 -> 261.87459 | BV95: Nov | CA95: Q3 | CB95: 603.712 | CC95: 1028.797 | CD95: 851.392 | CE95: 633.727 | CH95: Nov
A96: December | B96: 152.82 | C96: 136.223 | D96: 153.111 | E96: 158.884 | F96: 223.411 | G96: 238.328 | H96: 172.338 | I96: 173.558 | J96: 175.217 | K96: 206.687 | L96: 175.972 | M96: 109.759 | N96: 148.173 | O96: 172.492 | P96: 258.807 | Q96: 142.015 | R96: 124.66072 | S96: 178.27127 | T96: {=INDEX('[5]Corn Exports'!$AD$290:$LD$290,1,ROW(A4))/1000} -> 138.0722 | U96: {=INDEX('[5]Corn Exports'!$AP$290:$LD$290,1,ROW(A4))/1000} -> 201.41023 | V96: {=INDEX('[5]Corn Exports'!$BB$290:$LD$290,1,ROW(A4))/1000} -> 181.65124 | W96: {=INDEX('[5]Corn Exports'!$BN$290:$LD$290,1,ROW(A4))/1000} -> 187.60475 | X96: {=INDEX('[5]Corn Exports'!$BZ$290:$LD$290,1,ROW(A4))/1000} -> 141.52811 | Y96: {=INDEX('[5]Corn Exports'!$CL$290:$LD$290,1,ROW(A4))/1000} -> 185.88296 | Z96: {=INDEX('[5]Corn Exports'!$CX$290:$LD$290,1,ROW(A4))/1000} -> 164.3709 | AA96: {=INDEX('[5]Corn Exports'!$DJ$290:$LD$290,1,ROW(A4))/1000} -> 140.37839 | AB96: {=INDEX('[5]Corn Exports'!$DV$290:$LD$290,1,ROW(A4))/1000} -> 142.52031 | AC96: {=INDEX('[5]Corn Exports'!$EH$290:$LD$290,1,ROW(A4))/1000} -> 161.09347 | AD96: {=INDEX('[5]Corn Exports'!$ET$290:$LD$290,1,ROW(A4))/1000} -> 192.59629 | AE96: {=INDEX('[5]Corn Exports'!$FF$290:$LD$290,1,ROW(A4))/1000} -> 181.4724 | AF96: {=INDEX('[5]Corn Exports'!$FR$290:$LD$290,1,ROW(A4))/1000} -> 177.6205 | AG96: {=INDEX('[5]Corn Exports'!$GD$290:$LD$290,1,ROW(A4))/1000} -> 184.71561 | AH96: {=INDEX('[5]Corn Exports'!$GP$290:$LD$290,1,ROW(A4))/1000} -> 202.18999 | AI96: {=INDEX('[5]Corn Exports'!$HB$290:$LD$290,1,ROW(A4))/1000} -> 128.48405 | AJ96: {=INDEX('[5]Corn Exports'!$HN$290:$LD$290,1,ROW(A4))/1000} -> 134.03632 | AK96: {=INDEX('[5]Corn Exports'!$HZ$290:$LD$290,1,ROW(A4))/1000} -> 159.73406 | AL96: {=INDEX('[5]Corn Exports'!$IL$290:$LD$290,1,ROW(A4))/1000} -> 172.87082 | AM96: {=INDEX('[5]Corn Exports'!$IX$290:$LD$290,1,ROW(A4))/1000} -> 54.285911 | AN96: {=INDEX('[5]Corn Exports'!$JJ$290:$LD$290,1,ROW(A4))/1000} -> 138.19266 | AO96: {=INDEX('[5]Corn Exports'!$JV$290:$LD$290,1,ROW(A4))/1000} -> 118.17534 | AP96: {=INDEX('[5]Corn Exports'!$KH$290:$LD$290,1,ROW(A4))/1000} -> 105.24754 | AQ96: {=INDEX('[5]Corn Exports'!$KT$290:$OO$290,1,ROW(A4))/1000} -> 154.27241 | AR96: {=INDEX('[5]Corn Exports'!$LF$290:$OO$290,1,ROW(A4))/1000} -> 140.58026 | AS96: {=INDEX('[5]Corn Exports'!$LR$290:$OO$290,1,ROW(A4))/1000} -> 169.72424 | AT96: {=INDEX('[5]Corn Exports'!$MD$290:$OO$290,1,ROW(A4))/1000} -> 101.51492 | AU96: {=INDEX('[5]Corn Exports'!$MP$290:$OO$290,1,ROW(A4))/1000} -> 187.59986 | AV96: {=INDEX('[5]Corn Exports'!$NB$290:$OO$290,1,ROW(A4))/1000} -> 186.23292 | AW96: {=INDEX('[5]Corn Exports'!$NN$290:$OO$290,1,ROW(A4))/1000} -> 144.45903 | AX96: {=INDEX('[5]Corn Exports'!$NZ$290:$OK$290,1,ROW(A4))/1000} -> 187.80454 | AY96: {=INDEX('[5]Corn Exports'!$OK$290:$ZZ$290,1,ROW(A4))/1000} -> 186.0175 | AZ96: =(SUM(AT96:AX96)/SUM(AT$105:AX$105))*AZ$105 -> 195.05076 | BA96: =(SUM(AU96:AY96)/SUM(AU$105:AY$105))*BA$105 -> 177.75868 | BB96: =(SUM(AV96:AZ96)/SUM(AV$105:AZ$105))*BB$105 -> 161.50236 | BC96: =(SUM(AW96:BA96)/SUM(AW$105:BA$105))*BC$105 -> 161.76181 | BD96: =(SUM(AX96:BB96)/SUM(AX$105:BB$105))*BD$105 -> 158.94666 | BE96: =(SUM(AY96:BC96)/SUM(AY$105:BC$105))*BE$105 -> 156.98232 | BF96: =(SUM(AZ96:BD96)/SUM(AZ$105:BD$105))*BF$105 -> 181.59722 | BG96: =(SUM(BA96:BE96)/SUM(BA$105:BE$105))*BG$105 -> 197.58835 | ... BR96: =(SUM(BL96:BP96)/SUM(BL$105:BP$105))*BR$105 -> 322.13243 | BV96: Dec | CA96: Q4 | CB96: 550.382 | CC96: 594.81 | CD96: 526.836 | CE96: 345.462 | CH96: Dec
A97: January | B97: 137.508 | C97: 126.957 | D97: 126.915 | E97: 129.907 | F97: 189.912 | G97: 207.963 | H97: 150.896 | I97: 174.707 | J97: 172.473 | K97: 208.081 | L97: 164.71 | M97: 104.283 | N97: 133.337 | O97: 175.222 | P97: 239.115 | Q97: 145.446 | R97: 100.56925 | S97: 145.36213 | T97: {=INDEX('[5]Corn Exports'!$AD$290:$LD$290,1,ROW(A5))/1000} -> 101.91413 | U97: {=INDEX('[5]Corn Exports'!$AP$290:$LD$290,1,ROW(A5))/1000} -> 194.09242 | V97: {=INDEX('[5]Corn Exports'!$BB$290:$LD$290,1,ROW(A5))/1000} -> 214.09584 | W97: {=INDEX('[5]Corn Exports'!$BN$290:$LD$290,1,ROW(A5))/1000} -> 182.96247 | X97: {=INDEX('[5]Corn Exports'!$BZ$290:$LD$290,1,ROW(A5))/1000} -> 118.21136 | Y97: {=INDEX('[5]Corn Exports'!$CL$290:$LD$290,1,ROW(A5))/1000} -> 129.78868 | Z97: {=INDEX('[5]Corn Exports'!$CX$290:$LD$290,1,ROW(A5))/1000} -> 156.64846 | AA97: {=INDEX('[5]Corn Exports'!$DJ$290:$LD$290,1,ROW(A5))/1000} -> 130.46727 | AB97: {=INDEX('[5]Corn Exports'!$DV$290:$LD$290,1,ROW(A5))/1000} -> 146.42579 | AC97: {=INDEX('[5]Corn Exports'!$EH$290:$LD$290,1,ROW(A5))/1000} -> 123.33425 | AD97: {=INDEX('[5]Corn Exports'!$ET$290:$LD$290,1,ROW(A5))/1000} -> 162.87455 | AE97: {=INDEX('[5]Corn Exports'!$FF$290:$LD$290,1,ROW(A5))/1000} -> 145.58954 | AF97: {=INDEX('[5]Corn Exports'!$FR$290:$LD$290,1,ROW(A5))/1000} -> 160.72388 | AG97: {=INDEX('[5]Corn Exports'!$GD$290:$LD$290,1,ROW(A5))/1000} -> 158.87574 | AH97: {=INDEX('[5]Corn Exports'!$GP$290:$LD$290,1,ROW(A5))/1000} -> 226.5696 | AI97: {=INDEX('[5]Corn Exports'!$HB$290:$LD$290,1,ROW(A5))/1000} -> 123.28398 | AJ97: {=INDEX('[5]Corn Exports'!$HN$290:$LD$290,1,ROW(A5))/1000} -> 144.77323 | AK97: {=INDEX('[5]Corn Exports'!$HZ$290:$LD$290,1,ROW(A5))/1000} -> 112.0304 | AL97: {=INDEX('[5]Corn Exports'!$IL$290:$LD$290,1,ROW(A5))/1000} -> 139.47376 | AM97: {=INDEX('[5]Corn Exports'!$IX$290:$LD$290,1,ROW(A5))/1000} -> 53.633827 | AN97: {=INDEX('[5]Corn Exports'!$JJ$290:$LD$290,1,ROW(A5))/1000} -> 116.71651 | AO97: {=INDEX('[5]Corn Exports'!$JV$290:$LD$290,1,ROW(A5))/1000} -> 127.40746 | AP97: {=INDEX('[5]Corn Exports'!$KH$290:$LD$290,1,ROW(A5))/1000} -> 104.99507 | AQ97: {=INDEX('[5]Corn Exports'!$KT$290:$OO$290,1,ROW(A5))/1000} -> 182.80227 | AR97: {=INDEX('[5]Corn Exports'!$LF$290:$OO$290,1,ROW(A5))/1000} -> 152.01264 | AS97: {=INDEX('[5]Corn Exports'!$LR$290:$OO$290,1,ROW(A5))/1000} -> 188.5552 | AT97: {=INDEX('[5]Corn Exports'!$MD$290:$OO$290,1,ROW(A5))/1000} -> 97.813695 | AU97: {=INDEX('[5]Corn Exports'!$MP$290:$OO$290,1,ROW(A5))/1000} -> 231.67196 | AV97: {=INDEX('[5]Corn Exports'!$NB$290:$OO$290,1,ROW(A5))/1000} -> 227.31453 | AW97: {=INDEX('[5]Corn Exports'!$NN$290:$OO$290,1,ROW(A5))/1000} -> 123.32078 | AX97: {=INDEX('[5]Corn Exports'!$NZ$290:$OK$290,1,ROW(A5))/1000} -> 170.27664 | AY97: {=INDEX('[5]Corn Exports'!$OK$290:$ZZ$290,1,ROW(A5))/1000} -> 215.36949 | AZ97: =(SUM(AT97:AX97)/SUM(AT$105:AX$105))*AZ$105 -> 205.38434 | BA97: =(SUM(AU97:AY97)/SUM(AU$105:AY$105))*BA$105 -> 192.87013 | BB97: =(SUM(AV97:AZ97)/SUM(AV$105:AZ$105))*BB$105 -> 169.06092 | BC97: =(SUM(AW97:BA97)/SUM(AW$105:BA$105))*BC$105 -> 164.69009 | BD97: =(SUM(AX97:BB97)/SUM(AX$105:BB$105))*BD$105 -> 166.79265 | BE97: =(SUM(AY97:BC97)/SUM(AY$105:BC$105))*BE$105 -> 168.60063 | BF97: =(SUM(AZ97:BD97)/SUM(AZ$105:BD$105))*BF$105 -> 190.89518 | BG97: =(SUM(BA97:BE97)/SUM(BA$105:BE$105))*BG$105 -> 208.48721 | ... BR97: =(SUM(BL97:BP97)/SUM(BL$105:BP$105))*BR$105 -> 339.01923 | BV97: Jan | CA97: Total | CB97: 1778.476 | CC97: 2746.941 | CD97: 2471.389 | CE97: 1661.16 | CH97: Jan | CI97: 105.58994
A98: February | B98: 136.507 | C98: 119.423 | D98: 127.837 | E98: 124.518 | F98: 184.413 | G98: 199.683 | H98: 146.989 | I98: 161.305 | J98: 158.202 | K98: 165.648 | L98: 119.525 | M98: 98.788 | N98: 123.238 | O98: 154.91 | P98: 183.702 | Q98: 183.209 | R98: 133.72329 | S98: 135.97258 | T98: {=INDEX('[5]Corn Exports'!$AD$290:$LD$290,1,ROW(A6))/1000} -> 86.08343 | U98: {=INDEX('[5]Corn Exports'!$AP$290:$LD$290,1,ROW(A6))/1000} -> 184.54031 | V98: {=INDEX('[5]Corn Exports'!$BB$290:$LD$290,1,ROW(A6))/1000} -> 164.27303 | W98: {=INDEX('[5]Corn Exports'!$BN$290:$LD$290,1,ROW(A6))/1000} -> 153.6183 | X98: {=INDEX('[5]Corn Exports'!$BZ$290:$LD$290,1,ROW(A6))/1000} -> 123.26473 | Y98: {=INDEX('[5]Corn Exports'!$CL$290:$LD$290,1,ROW(A6))/1000} -> 146.6063 | Z98: {=INDEX('[5]Corn Exports'!$CX$290:$LD$290,1,ROW(A6))/1000} -> 144.08044 | AA98: {=INDEX('[5]Corn Exports'!$DJ$290:$LD$290,1,ROW(A6))/1000} -> 144.44127 | AB98: {=INDEX('[5]Corn Exports'!$DV$290:$LD$290,1,ROW(A6))/1000} -> 159.43182 | AC98: {=INDEX('[5]Corn Exports'!$EH$290:$LD$290,1,ROW(A6))/1000} -> 105.76148 | AD98: {=INDEX('[5]Corn Exports'!$ET$290:$LD$290,1,ROW(A6))/1000} -> 150.43966 | AE98: {=INDEX('[5]Corn Exports'!$FF$290:$LD$290,1,ROW(A6))/1000} -> 112.14564 | AF98: {=INDEX('[5]Corn Exports'!$FR$290:$LD$290,1,ROW(A6))/1000} -> 135.89851 | AG98: {=INDEX('[5]Corn Exports'!$GD$290:$LD$290,1,ROW(A6))/1000} -> 169.40225 | AH98: {=INDEX('[5]Corn Exports'!$GP$290:$LD$290,1,ROW(A6))/1000} -> 213.34618 | AI98: {=INDEX('[5]Corn Exports'!$HB$290:$LD$290,1,ROW(A6))/1000} -> 119.16704 | AJ98: {=INDEX('[5]Corn Exports'!$HN$290:$LD$290,1,ROW(A6))/1000} -> 142.70153 | AK98: {=INDEX('[5]Corn Exports'!$HZ$290:$LD$290,1,ROW(A6))/1000} -> 131.1169 | AL98: {=INDEX('[5]Corn Exports'!$IL$290:$LD$290,1,ROW(A6))/1000} -> 131.7902 | AM98: {=INDEX('[5]Corn Exports'!$IX$290:$LD$290,1,ROW(A6))/1000} -> 53.138752 | AN98: {=INDEX('[5]Corn Exports'!$JJ$290:$LD$290,1,ROW(A6))/1000} -> 134.89715 | AO98: {=INDEX('[5]Corn Exports'!$JV$290:$LD$290,1,ROW(A6))/1000} -> 154.49476 | AP98: {=INDEX('[5]Corn Exports'!$KH$290:$LD$290,1,ROW(A6))/1000} -> 130.98357 | AQ98: {=INDEX('[5]Corn Exports'!$KT$290:$OO$290,1,ROW(A6))/1000} -> 201.55155 | AR98: {=INDEX('[5]Corn Exports'!$LF$290:$OO$290,1,ROW(A6))/1000} -> 153.99169 | AS98: {=INDEX('[5]Corn Exports'!$LR$290:$OO$290,1,ROW(A6))/1000} -> 141.42145 | AT98: {=INDEX('[5]Corn Exports'!$MD$290:$OO$290,1,ROW(A6))/1000} -> 154.16765 | AU98: {=INDEX('[5]Corn Exports'!$MP$290:$OO$290,1,ROW(A6))/1000} -> 255.21186 | AV98: {=INDEX('[5]Corn Exports'!$NB$290:$OO$290,1,ROW(A6))/1000} -> 253.54885 | AW98: {=INDEX('[5]Corn Exports'!$NN$290:$OO$290,1,ROW(A6))/1000} -> 133.99553 | AX98: {=INDEX('[5]Corn Exports'!$NZ$290:$OK$290,1,ROW(A6))/1000} -> 212.50503 | AY98: =(SUM(AS98:AW98)/SUM(AS$105:AW$105))*AY$105 -> 227.10772 | AZ98: =(SUM(AT98:AX98)/SUM(AT$105:AX$105))*AZ$105 -> 243.79288 | BA98: =(SUM(AU98:AY98)/SUM(AU$105:AY$105))*BA$105 -> 215.66808 | BB98: =(SUM(AV98:AZ98)/SUM(AV$105:AZ$105))*BB$105 -> 192.27182 | BC98: =(SUM(AW98:BA98)/SUM(AW$105:BA$105))*BC$105 -> 187.53555 | BD98: =(SUM(AX98:BB98)/SUM(AX$105:BB$105))*BD$105 -> 191.01339 | BE98: =(SUM(AY98:BC98)/SUM(AY$105:BC$105))*BE$105 -> 189.77879 | BF98: =(SUM(AZ98:BD98)/SUM(AZ$105:BD$105))*BF$105 -> 218.8209 | ... BR98: =(SUM(BL98:BP98)/SUM(BL$105:BP$105))*BR$105 -> 385.64389 | BV98: Feb | BW98: 150.18351 | BX98: =BW98-AW98 -> 16.187981 | CH98: Feb | CI98: 103.60146
A99: March | B99: 128.992 | C99: 150.675 | D99: 156.644 | E99: 169.263 | F99: 204.334 | G99: 221.867 | H99: 189.002 | I99: 169.41 | J99: 176.209 | K99: 170.693 | L99: 97.479 | M99: 143.717 | N99: 164.083 | O99: 202.84 | P99: 192.736 | Q99: 188.981 | R99: 124.29516 | S99: 135.95381 | T99: {=INDEX('[5]Corn Exports'!$AD$290:$LD$290,1,ROW(A7))/1000} -> 114.1374 | U99: {=INDEX('[5]Corn Exports'!$AP$290:$LD$290,1,ROW(A7))/1000} -> 197.71612 | V99: {=INDEX('[5]Corn Exports'!$BB$290:$LD$290,1,ROW(A7))/1000} -> 214.13793 | W99: {=INDEX('[5]Corn Exports'!$BN$290:$LD$290,1,ROW(A7))/1000} -> 168.59474 | X99: {=INDEX('[5]Corn Exports'!$BZ$290:$LD$290,1,ROW(A7))/1000} -> 128.49739 | Y99: {=INDEX('[5]Corn Exports'!$CL$290:$LD$290,1,ROW(A7))/1000} -> 173.26322 | Z99: {=INDEX('[5]Corn Exports'!$CX$290:$LD$290,1,ROW(A7))/1000} -> 154.04671 | AA99: {=INDEX('[5]Corn Exports'!$DJ$290:$LD$290,1,ROW(A7))/1000} -> 175.63227 | AB99: {=INDEX('[5]Corn Exports'!$DV$290:$LD$290,1,ROW(A7))/1000} -> 176.78943 | AC99: {=INDEX('[5]Corn Exports'!$EH$290:$LD$290,1,ROW(A7))/1000} -> 134.54855 | AD99: {=INDEX('[5]Corn Exports'!$ET$290:$LD$290,1,ROW(A7))/1000} -> 170.80741 | AE99: {=INDEX('[5]Corn Exports'!$FF$290:$LD$290,1,ROW(A7))/1000} -> 142.027 | AF99: {=INDEX('[5]Corn Exports'!$FR$290:$LD$290,1,ROW(A7))/1000} -> 181.61297 | AG99: {=INDEX('[5]Corn Exports'!$GD$290:$LD$290,1,ROW(A7))/1000} -> 169.77135 | AH99: {=INDEX('[5]Corn Exports'!$GP$290:$LD$290,1,ROW(A7))/1000} -> 215.57738 | AI99: {=INDEX('[5]Corn Exports'!$HB$290:$LD$290,1,ROW(A7))/1000} -> 168.59099 | AJ99: {=INDEX('[5]Corn Exports'!$HN$290:$LD$290,1,ROW(A7))/1000} -> 190.21491 | AK99: {=INDEX('[5]Corn Exports'!$HZ$290:$LD$290,1,ROW(A7))/1000} -> 171.9351 | AL99: {=INDEX('[5]Corn Exports'!$IL$290:$LD$290,1,ROW(A7))/1000} -> 133.23428 | AM99: {=INDEX('[5]Corn Exports'!$IX$290:$LD$290,1,ROW(A7))/1000} -> 74.115486 | AN99: {=INDEX('[5]Corn Exports'!$JJ$290:$LD$290,1,ROW(A7))/1000} -> 202.02325 | AO99: {=INDEX('[5]Corn Exports'!$JV$290:$LD$290,1,ROW(A7))/1000} -> 157.07165 | AP99: {=INDEX('[5]Corn Exports'!$KH$290:$LD$290,1,ROW(A7))/1000} -> 175.82064 | AQ99: {=INDEX('[5]Corn Exports'!$KT$290:$OO$290,1,ROW(A7))/1000} -> 262.69982 | AR99: {=INDEX('[5]Corn Exports'!$LF$290:$OO$290,1,ROW(A7))/1000} -> 255.03035 | AS99: {=INDEX('[5]Corn Exports'!$LR$290:$OO$290,1,ROW(A7))/1000} -> 183.52866 | AT99: {=INDEX('[5]Corn Exports'!$MD$290:$OO$290,1,ROW(A7))/1000} -> 182.03445 | AU99: {=INDEX('[5]Corn Exports'!$MP$290:$OO$290,1,ROW(A7))/1000} -> 366.82381 | AV99: {=INDEX('[5]Corn Exports'!$NB$290:$OO$290,1,ROW(A7))/1000} -> 294.59377 | AW99: {=INDEX('[5]Corn Exports'!$NN$290:$OO$290,1,ROW(A7))/1000} -> 193.94924 | AX99: {=INDEX('[5]Corn Exports'!$NZ$290:$OK$290,1,ROW(A7))/1000} -> 232.92096 | AY99: =(SUM(AS99:AW99)/SUM(AS$105:AW$105))*AY$105-50 -> 245.50167 | AZ99: =(SUM(AT99:AX99)/SUM(AT$105:AX$105))*AZ$105 -> 306.8027 | BA99: =(SUM(AU99:AY99)/SUM(AU$105:AY$105))*BA$105 -> 265.76501 | BB99: =(SUM(AV99:AZ99)/SUM(AV$105:AZ$105))*BB$105 -> 228.68458 | BC99: =(SUM(AW99:BA99)/SUM(AW$105:BA$105))*BC$105 -> 225.99689 | BD99: =(SUM(AX99:BB99)/SUM(AX$105:BB$105))*BD$105 -> 223.97586 | BE99: =(SUM(AY99:BC99)/SUM(AY$105:BC$105))*BE$105 -> 226.50651 | BF99: =(SUM(AZ99:BD99)/SUM(AZ$105:BD$105))*BF$105 -> 265.74691 | BG99: =(SUM(BA99:BE99)/SUM(BA$105:BE$105))*BG$105 -> 283.2014 | ... BR99: =(SUM(BL99:BP99)/SUM(BL$105:BP$105))*BR$105 -> 462.1759 | BV99: Mar | BW99: 232.03185 | BX99: =BW99-AW99 -> 38.08261 | CH99: Mar
A100: April | B100: 164.22 | C100: 141.387 | D100: 160.805 | E100: 187.095 | F100: 213.5 | G100: 184.885 | H100: 194.887 | I100: 157.315 | J100: 174.345 | K100: 167.741 | L100: 57.426 | M100: 183.288 | N100: 166.223 | O100: 177.476 | P100: 193.839 | Q100: 144.273 | R100: 142.50134 | S100: 156.57256 | T100: {=INDEX('[5]Corn Exports'!$AD$290:$LD$290,1,ROW(A8))/1000} -> 84.621049 | U100: {=INDEX('[5]Corn Exports'!$AP$290:$LD$290,1,ROW(A8))/1000} -> 166.71842 | V100: {=INDEX('[5]Corn Exports'!$BB$290:$LD$290,1,ROW(A8))/1000} -> 197.60518 | W100: {=INDEX('[5]Corn Exports'!$BN$290:$LD$290,1,ROW(A8))/1000} -> 141.96224 | X100: {=INDEX('[5]Corn Exports'!$BZ$290:$LD$290,1,ROW(A8))/1000} -> 105.87377 | Y100: {=INDEX('[5]Corn Exports'!$CL$290:$LD$290,1,ROW(A8))/1000} -> 173.61117 | Z100: {=INDEX('[5]Corn Exports'!$CX$290:$LD$290,1,ROW(A8))/1000} -> 153.09264 | AA100: {=INDEX('[5]Corn Exports'!$DJ$290:$LD$290,1,ROW(A8))/1000} -> 164.88176 | AB100: {=INDEX('[5]Corn Exports'!$DV$290:$LD$290,1,ROW(A8))/1000} -> 157.3155 | AC100: {=INDEX('[5]Corn Exports'!$EH$290:$LD$290,1,ROW(A8))/1000} -> 129.02148 | AD100: {=INDEX('[5]Corn Exports'!$ET$290:$LD$290,1,ROW(A8))/1000} -> 136.03587 | AE100: {=INDEX('[5]Corn Exports'!$FF$290:$LD$290,1,ROW(A8))/1000} -> 141.78033 | AF100: {=INDEX('[5]Corn Exports'!$FR$290:$LD$290,1,ROW(A8))/1000} -> 170.10141 | AG100: {=INDEX('[5]Corn Exports'!$GD$290:$LD$290,1,ROW(A8))/1000} -> 160.12242 | AH100: {=INDEX('[5]Corn Exports'!$GP$290:$LD$290,1,ROW(A8))/1000} -> 195.24082 | AI100: {=INDEX('[5]Corn Exports'!$HB$290:$LD$290,1,ROW(A8))/1000} -> 162.51922 | AJ100: {=INDEX('[5]Corn Exports'!$HN$290:$LD$290,1,ROW(A8))/1000} -> 163.27407 | AK100: {=INDEX('[5]Corn Exports'!$HZ$290:$LD$290,1,ROW(A8))/1000} -> 172.30213 | AL100: {=INDEX('[5]Corn Exports'!$IL$290:$LD$290,1,ROW(A8))/1000} -> 135.78834 | AM100: {=INDEX('[5]Corn Exports'!$IX$290:$LD$290,1,ROW(A8))/1000} -> 56.076903 | AN100: {=INDEX('[5]Corn Exports'!$JJ$290:$LD$290,1,ROW(A8))/1000} -> 229.90212 | AO100: {=INDEX('[5]Corn Exports'!$JV$290:$LD$290,1,ROW(A8))/1000} -> 191.94424 | AP100: {=INDEX('[5]Corn Exports'!$KH$290:$LD$290,1,ROW(A8))/1000} -> 197.51479 | AQ100: {=INDEX('[5]Corn Exports'!$KT$290:$OO$290,1,ROW(A8))/1000} -> 217.17425 | AR100: {=INDEX('[5]Corn Exports'!$LF$290:$OO$290,1,ROW(A8))/1000} -> 301.37282 | AS100: {=INDEX('[5]Corn Exports'!$LR$290:$OO$290,1,ROW(A8))/1000} -> 215.73983 | AT100: {=INDEX('[5]Corn Exports'!$MD$290:$OO$290,1,ROW(A8))/1000} -> 199.07374 | AU100: {=INDEX('[5]Corn Exports'!$MP$290:$OO$290,1,ROW(A8))/1000} -> 328.09505 | AV100: {=INDEX('[5]Corn Exports'!$NB$290:$OO$290,1,ROW(A8))/1000} -> 275.96721 | AW100: {=INDEX('[5]Corn Exports'!$NN$290:$OO$290,1,ROW(A8))/1000} -> 199.2616 | AX100: {=INDEX('[5]Corn Exports'!$NZ$290:$OK$290,1,ROW(A8))/1000} -> 254.06056 | AY100: =(SUM(AS100:AW100)/SUM(AS$105:AW$105))*AY$105-25 -> 269.8258 | AZ100: =(SUM(AT100:AX100)/SUM(AT$105:AX$105))*AZ$105 -> 303.45431 | BA100: =(SUM(AU100:AY100)/SUM(AU$105:AY$105))*BA$105 -> 264.45406 | BB100: =(SUM(AV100:AZ100)/SUM(AV$105:AZ$105))*BB$105 -> 233.85536 | BC100: =(SUM(AW100:BA100)/SUM(AW$105:BA$105))*BC$105 -> 234.36857 | BD100: =(SUM(AX100:BB100)/SUM(AX$105:BB$105))*BD$105 -> 232.02269 | BE100: =(SUM(AY100:BC100)/SUM(AY$105:BC$105))*BE$105 -> 232.41627 | BF100: =(SUM(AZ100:BD100)/SUM(AZ$105:BD$105))*BF$105 -> 269.34265 | BG100: =(SUM(BA100:BE100)/SUM(BA$105:BE$105))*BG$105 -> 289.53526 | ... BR100: =(SUM(BL100:BP100)/SUM(BL$105:BP$105))*BR$105 -> 473.2892 | BV100: Apr | BW100: 233.87797 | BX100: =BW100-AW100 -> 34.616367 | CH100: Apr
A101: May | B101: 153.177 | C101: 138.835 | D101: 206.846 | E101: 198.289 | F101: 169.938 | G101: 207.202 | H101: 211.951 | I101: 148.588 | J101: 162.846 | K101: 136.292 | L101: 46.52 | M101: 169.091 | N101: 179.365 | O101: 211.303 | P101: 214.185 | Q101: 120.483 | R101: 106.18373 | S101: 133.32997 | T101: {=INDEX('[5]Corn Exports'!$AD$290:$LD$290,1,ROW(A9))/1000} -> 71.339796 | U101: {=INDEX('[5]Corn Exports'!$AP$290:$LD$290,1,ROW(A9))/1000} -> 212.77961 | V101: {=INDEX('[5]Corn Exports'!$BB$290:$LD$290,1,ROW(A9))/1000} -> 197.12548 | W101: {=INDEX('[5]Corn Exports'!$BN$290:$LD$290,1,ROW(A9))/1000} -> 122.60904 | X101: {=INDEX('[5]Corn Exports'!$BZ$290:$LD$290,1,ROW(A9))/1000} -> 113.11402 | Y101: {=INDEX('[5]Corn Exports'!$CL$290:$LD$290,1,ROW(A9))/1000} -> 150.47831 | Z101: {=INDEX('[5]Corn Exports'!$CX$290:$LD$290,1,ROW(A9))/1000} -> 144.00871 | AA101: {=INDEX('[5]Corn Exports'!$DJ$290:$LD$290,1,ROW(A9))/1000} -> 114.6749 | AB101: {=INDEX('[5]Corn Exports'!$DV$290:$LD$290,1,ROW(A9))/1000} -> 162.78064 | AC101: {=INDEX('[5]Corn Exports'!$EH$290:$LD$290,1,ROW(A9))/1000} -> 129.84412 | AD101: {=INDEX('[5]Corn Exports'!$ET$290:$LD$290,1,ROW(A9))/1000} -> 158.05055 | AE101: {=INDEX('[5]Corn Exports'!$FF$290:$LD$290,1,ROW(A9))/1000} -> 144.60571 | AF101: {=INDEX('[5]Corn Exports'!$FR$290:$LD$290,1,ROW(A9))/1000} -> 210.66127 | AG101: {=INDEX('[5]Corn Exports'!$GD$290:$LD$290,1,ROW(A9))/1000} -> 165.37573 | AH101: {=INDEX('[5]Corn Exports'!$GP$290:$LD$290,1,ROW(A9))/1000} -> 172.60885 | AI101: {=INDEX('[5]Corn Exports'!$HB$290:$LD$290,1,ROW(A9))/1000} -> 161.884 | AJ101: {=INDEX('[5]Corn Exports'!$HN$290:$LD$290,1,ROW(A9))/1000} -> 195.16428 | AK101: {=INDEX('[5]Corn Exports'!$HZ$290:$LD$290,1,ROW(A9))/1000} -> 165.93898 | AL101: {=INDEX('[5]Corn Exports'!$IL$290:$LD$290,1,ROW(A9))/1000} -> 128.90193 | AM101: {=INDEX('[5]Corn Exports'!$IX$290:$LD$290,1,ROW(A9))/1000} -> 55.65671 | AN101: {=INDEX('[5]Corn Exports'!$JJ$290:$LD$290,1,ROW(A9))/1000} -> 204.31838 | AO101: {=INDEX('[5]Corn Exports'!$JV$290:$LD$290,1,ROW(A9))/1000} -> 190.77212 | AP101: {=INDEX('[5]Corn Exports'!$KH$290:$LD$290,1,ROW(A9))/1000} -> 189.31719 | AQ101: {=INDEX('[5]Corn Exports'!$KT$290:$OO$290,1,ROW(A9))/1000} -> 207.49355 | AR101: {=INDEX('[5]Corn Exports'!$LF$290:$OO$290,1,ROW(A9))/1000} -> 305.68706 | AS101: {=INDEX('[5]Corn Exports'!$LR$290:$OO$290,1,ROW(A9))/1000} -> 186.98339 | AT101: {=INDEX('[5]Corn Exports'!$MD$290:$OO$290,1,ROW(A9))/1000} -> 222.60405 | AU101: {=INDEX('[5]Corn Exports'!$MP$290:$OO$290,1,ROW(A9))/1000} -> 333.87798 | AV101: {=INDEX('[5]Corn Exports'!$NB$290:$OO$290,1,ROW(A9))/1000} -> 284.57776 | AW101: {=INDEX('[5]Corn Exports'!$NN$290:$OO$290,1,ROW(A9))/1000} -> 242.21864 | AX101: {=INDEX('[5]Corn Exports'!$NZ$290:$OK$290,1,ROW(A9))/1000} -> 235.54284 | AY101: =(SUM(AS101:AW101)/SUM(AS$105:AW$105))*AY$105-50 -> 257.44147 | AZ101: =(SUM(AT101:AX101)/SUM(AT$105:AX$105))*AZ$105 -> 318.51598 | BA101: =(SUM(AU101:AY101)/SUM(AU$105:AY$105))*BA$105 -> 269.72406 | BB101: =(SUM(AV101:AZ101)/SUM(AV$105:AZ$105))*BB$105 -> 240.2696 | BC101: =(SUM(AW101:BA101)/SUM(AW$105:BA$105))*BC$105 -> 240.2478 | BD101: =(SUM(AX101:BB101)/SUM(AX$105:BB$105))*BD$105 -> 231.29526 | BE101: =(SUM(AY101:BC101)/SUM(AY$105:BC$105))*BE$105 -> 236.01845 | BF101: =(SUM(AZ101:BD101)/SUM(AZ$105:BD$105))*BF$105 -> 276.11739 | BG101: =(SUM(BA101:BE101)/SUM(BA$105:BE$105))*BG$105 -> 294.47846 | ... BR101: =(SUM(BL101:BP101)/SUM(BL$105:BP$105))*BR$105 -> 481.50415 | BV101: May | BW101: 233.03931 | BX101: =BW101-AW101 -> -9.1793231 | CH101: May
A102: June | B102: 159.436 | C102: 125.506 | D102: 214.018 | E102: 229.478 | F102: 191.854 | G102: 157.487 | H102: 179.668 | I102: 150.589 | J102: 110.199 | K102: 105.495 | L102: 55.803 | M102: 120.026 | N102: 132.935 | O102: 223.488 | P102: 201.189 | Q102: 105.294 | R102: 149.54048 | S102: 113.95496 | T102: {=INDEX('[5]Corn Exports'!$AD$290:$LD$290,1,ROW(A10))/1000} -> 86.296802 | U102: {=INDEX('[5]Corn Exports'!$AP$290:$LD$290,1,ROW(A10))/1000} -> 158.51497 | V102: {=INDEX('[5]Corn Exports'!$BB$290:$LD$290,1,ROW(A10))/1000} -> 137.33494 | W102: {=INDEX('[5]Corn Exports'!$BN$290:$LD$290,1,ROW(A10))/1000} -> 113.32974 | X102: {=INDEX('[5]Corn Exports'!$BZ$290:$LD$290,1,ROW(A10))/1000} -> 131.13729 | Y102: {=INDEX('[5]Corn Exports'!$CL$290:$LD$290,1,ROW(A10))/1000} -> 199.20279 | Z102: {=INDEX('[5]Corn Exports'!$CX$290:$LD$290,1,ROW(A10))/1000} -> 143.63256 | AA102: {=INDEX('[5]Corn Exports'!$DJ$290:$LD$290,1,ROW(A10))/1000} -> 154.60018 | AB102: {=INDEX('[5]Corn Exports'!$DV$290:$LD$290,1,ROW(A10))/1000} -> 169.91792 | AC102: {=INDEX('[5]Corn Exports'!$EH$290:$LD$290,1,ROW(A10))/1000} -> 144.67135 | AD102: {=INDEX('[5]Corn Exports'!$ET$290:$LD$290,1,ROW(A10))/1000} -> 139.24652 | AE102: {=INDEX('[5]Corn Exports'!$FF$290:$LD$290,1,ROW(A10))/1000} -> 158.34506 | AF102: {=INDEX('[5]Corn Exports'!$FR$290:$LD$290,1,ROW(A10))/1000} -> 197.47755 | AG102: {=INDEX('[5]Corn Exports'!$GD$290:$LD$290,1,ROW(A10))/1000} -> 170.29404 | AH102: {=INDEX('[5]Corn Exports'!$GP$290:$LD$290,1,ROW(A10))/1000} -> 178.68262 | AI102: {=INDEX('[5]Corn Exports'!$HB$290:$LD$290,1,ROW(A10))/1000} -> 146.79474 | AJ102: {=INDEX('[5]Corn Exports'!$HN$290:$LD$290,1,ROW(A10))/1000} -> 171.70403 | AK102: {=INDEX('[5]Corn Exports'!$HZ$290:$LD$290,1,ROW(A10))/1000} -> 149.87983 | AL102: {=INDEX('[5]Corn Exports'!$IL$290:$LD$290,1,ROW(A10))/1000} -> 115.42409 | AM102: {=INDEX('[5]Corn Exports'!$IX$290:$LD$290,1,ROW(A10))/1000} -> 45.865724 | AN102: {=INDEX('[5]Corn Exports'!$JJ$290:$LD$290,1,ROW(A10))/1000} -> 188.81741 | AO102: {=INDEX('[5]Corn Exports'!$JV$290:$LD$290,1,ROW(A10))/1000} -> 167.20904 | AP102: {=INDEX('[5]Corn Exports'!$KH$290:$LD$290,1,ROW(A10))/1000} -> 239.26868 | AQ102: {=INDEX('[5]Corn Exports'!$KT$290:$OO$290,1,ROW(A10))/1000} -> 194.07621 | AR102: {=INDEX('[5]Corn Exports'!$LF$290:$OO$290,1,ROW(A10))/1000} -> 283.01043 | AS102: {=INDEX('[5]Corn Exports'!$LR$290:$OO$290,1,ROW(A10))/1000} -> 117.07152 | AT102: {=INDEX('[5]Corn Exports'!$MD$290:$OO$290,1,ROW(A10))/1000} -> 199.36961 | AU102: {=INDEX('[5]Corn Exports'!$MP$290:$OO$290,1,ROW(A10))/1000} -> 249.48623 | AV102: {=INDEX('[5]Corn Exports'!$NB$290:$OO$290,1,ROW(A10))/1000} -> 216.58408 | AW102: {=INDEX('[5]Corn Exports'!$NN$290:$OO$290,1,ROW(A10))/1000} -> 150.11935 | AX102: {=INDEX('[5]Corn Exports'!$NZ$290:$OK$290,1,ROW(A10))/1000} -> 217.04728 | AY102: =(SUM(AS102:AW102)/SUM(AS$105:AW$105))*AY$105 -> 225.72463 | AZ102: =(SUM(AT102:AX102)/SUM(AT$105:AX$105))*AZ$105 -> 249.39065 | BA102: =(SUM(AU102:AY102)/SUM(AU$105:AY$105))*BA$105 -> 211.00402 | BB102: =(SUM(AV102:AZ102)/SUM(AV$105:AZ$105))*BB$105 -> 190.10233 | BC102: =(SUM(AW102:BA102)/SUM(AW$105:BA$105))*BC$105 -> 191.20553 | BD102: =(SUM(AX102:BB102)/SUM(AX$105:BB$105))*BD$105 -> 191.35003 | BE102: =(SUM(AY102:BC102)/SUM(AY$105:BC$105))*BE$105 -> 189.96585 | BF102: =(SUM(AZ102:BD102)/SUM(AZ$105:BD$105))*BF$105 -> 219.40939 | ... BR102: =(SUM(BL102:BP102)/SUM(BL$105:BP$105))*BR$105 -> 386.30503 | BV102: Jun | BW102: 172.77194 | BX102: =BW102-AW102 -> 22.652589 | CH102: Jun
...

Sheet Sorghum
A1: U.S. SORGHUM SUPPLY AND DEMAND (million bushels/million acres)
B2: =Corn!B2 -> 75/76 | C2: =Corn!C2 -> 76/77 | D2: =Corn!D2 -> 77/78 | E2: =Corn!E2 -> 78/79 | F2: =Corn!F2 -> 79/80 | G2: =Corn!G2 -> 80/81 | H2: =Corn!H2 -> 81/82 | I2: =Corn!I2 -> 82/83 | ... BR2: =Corn!BR2 -> 43/44
A3: Planted Acres | B3: 18.08 | C3: 18.143 | D3: 16.636 | E3: 16.197 | F3: 15.277 | G3: 15.639 | H3: 15.93 | I3: 16.028 | J3: 11.88 | K3: 17.254 | L3: 18.285 | M3: 15.339 | N3: 11.756 | O3: 10.343 | P3: 12.642 | Q3: 10.535 | R3: 11.064 | S3: 13.177 | T3: 9.882 | U3: 9.787 | V3: 9.429 | W3: 13.097 | X3: 10.052 | Y3: 9.626 | Z3: 9.288 | AA3: 9.195 | AB3: 10.248 | AC3: 9.589 | AD3: 9.42 | AE3: 7.486 | AF3: 6.454 | AG3: 6.522 | AH3: 7.712 | AI3: 8.404 | AJ3: 6.599 | AK3: 5.369 | AL3: 5.451 | AM3: 6.259 | AN3: 8.076 | AO3: 7.138 | AP3: 8.459 | AQ3: 6.69 | AR3: 5.629 | AS3: 5.69 | AT3: 5.265 | AU3: 5.88 | AV3: 7.305 | AW3: 6.325 | AX3: 7.195 | AY3: =FORECAST(AY170,AJ3:AX3,AJ170:AX170) -> 6.5887524 | AZ3: =FORECAST(AZ170,AK3:AY3,AK170:AY170) -> 6.6333054 | BA3: =FORECAST(BA170,AL3:AZ3,AL170:AZ170) -> 6.4908891 | BB3: =FORECAST(BB170,AM3:BA3,AM170:BA170) -> 6.2876484 | BC3: =FORECAST(BC170,AN3:BB3,AN170:BB170) -> 6.1313181 | BD3: =FORECAST(BD170,AO3:BC3,AO170:BC170) -> 6.2266621 | BE3: =FORECAST(BE170,AP3:BD3,AP170:BD170) -> 6.2511268 | BF3: =FORECAST(BF170,AQ3:BE3,AQ170:BE170) -> 6.5220299 | ... BR3: =FORECAST(BR170,BC3:BQ3,BC170:BQ170) -> 6.4906669
A4: Harvest Acres | B4: 15.403 | C4: 14.466 | D4: 13.797 | E4: 13.41 | F4: 12.901 | G4: 12.513 | H4: 13.677 | I4: 14.137 | J4: 10.001 | K4: 15.355 | L4: 16.782 | M4: 13.862 | N4: 10.531 | O4: 9.042 | P4: 11.103 | Q4: 9.089 | R4: 9.87 | S4: 12.05 | T4: 8.916 | U4: 8.882 | V4: 8.253 | W4: 11.811 | X4: 9.158 | Y4: 7.723 | Z4: 8.544 | AA4: 7.726 | AB4: 8.579 | AC4: 7.125 | AD4: 7.798 | AE4: 6.517 | AF4: 5.736 | AG4: 4.937 | AH4: 6.792 | AI4: 7.312 | AJ4: 5.502 | AK4: 4.806 | AL4: 3.945 | AM4: 4.995 | AN4: 6.585 | AO4: 6.401 | AP4: 7.851 | AQ4: 6.163 | AR4: 5.044 | AS4: 5.061 | AT4: 4.675 | AU4: 5.095 | AV4: 6.49 | AW4: 4.57 | AX4: 6.115 | AY4: =AY3*AVERAGE(AO6:AX6) -> 5.7631305 | AZ4: =AZ3*AVERAGE(AP6:AY6) -> 5.7874692 | BA4: =BA3*AVERAGE(AQ6:AZ6) -> 5.6270993 | BB4: =BB3*AVERAGE(AR6:BA6) -> 5.4167615 | BC4: =BC3*AVERAGE(AS6:BB6) -> 5.2608811 | BD4: =BD3*AVERAGE(AT6:BC6) -> 5.3231248 | BE4: =BE3*AVERAGE(AU6:BD6) -> 5.3233814 | BF4: =BF3*AVERAGE(AV6:BE6) -> 5.5443553 | ... BR4: =BR3*AVERAGE(BH6:BQ6) -> 5.5575991
A5: Yield | B5: =B8/B4 -> 48.974485 | C5: =C8/C4 -> 49.135697 | D5: =D8/D4 -> 56.60245 | E5: =E8/E4 -> 54.531693 | F5: =F8/F4 -> 62.586001 | G5: =G8/G4 -> 46.299289 | H5: =H8/H4 -> 64.03707 | I5: =I8/I4 -> 59.070736 | ... AX5: =AX8/AX4 -> 51.96157 | AY5: =FORECAST(AY170,AJ5:AX5,AJ170:AX170)+7.5 -> 70.080268 | AZ5: =FORECAST(AZ170,AK5:AY5,AK170:AY170)+7.5 -> 72.052617 | BA5: =FORECAST(BA170,AL5:AZ5,AL170:AZ170)+7.5 -> 74.938974 | BB5: =FORECAST(BB170,AM5:BA5,AM170:BA170)+7.5 -> 75.693476 | BC5: =FORECAST(BC170,AN5:BB5,AN170:BB170)+7.5 -> 75.339468 | BD5: =FORECAST(BD170,AO5:BC5,AO170:BC170)+7.5 -> 75.761525 | BE5: =FORECAST(BE170,AP5:BD5,AP170:BD170)+7.5 -> 77.141049 | BF5: =FORECAST(BF170,AQ5:BE5,AQ170:BE170)+7.5 -> 80.019569 | ... BR5: =FORECAST(BR170,BC5:BQ5,BC170:BQ170)+7.5 -> 146.26034
A6: Harvested Percent | B6: =B4/B3 -> 0.85193584 | C6: =C4/C3 -> 0.7973323 | D6: =D4/D3 -> 0.829346 | E6: =E4/E3 -> 0.8279311 | F6: =F4/F3 -> 0.84447208 | G6: =G4/G3 -> 0.8001151 | H6: =H4/H3 -> 0.85856874 | I6: =I4/I3 -> 0.88201897 | ... BR6: =BR4/BR3 -> 0.85624469
A7: Beginning Stocks (September 1) | B7: 65.3 | C7: =B17 -> 82.3 | D7: =C17 -> 117.3 | E7: =D17 -> 216.4 | F7: =E17 -> 207.9 | G7: =F17 -> 177.9 | H7: =G17 -> 130.3 | I7: =H17 -> 318.6 | J7: =I17 -> 439.1 | ... BR7: =BQ17 -> 68.079627
A8: Production | B8: 754.354 | C8: 710.797 | D8: 780.944 | E8: 731.27 | F8: 807.422 | G8: 579.343 | H8: 875.835 | I8: 835.083 | J8: 487.521 | K8: 866.241 | L8: 1120.271 | M8: 938.869 | N8: 730.809 | O8: 576.686 | P8: 615.42 | Q8: 573.303 | R8: 584.86 | S8: 875.022 | T8: 534.172 | U8: 645.741 | V8: 458.648 | W8: 795.274 | X8: 633.545 | Y8: 519.933 | Z8: 595.166 | AA8: 470.526 | AB8: 514.04 | AC8: 360.713 | AD8: 411.219 | AE8: 453.606 | AF8: 392.739 | AG8: 276.824 | AH8: 497.445 | AI8: 475.855 | AJ8: 381.605 | AK8: 345.464 | AL8: 212.993 | AM8: 247.742 | AN8: 392.331 | AO8: 432.575 | AP8: 596.751 | AQ8: 480.261 | AR8: 361.871 | AS8: 364.986 | AT8: 341.46 | AU8: 372.96 | AV8: 447.81 | AW8: 187.785 | AX8: 317.745 | AY8: =AY5*AY4 -> 403.88173 | AZ8: =AZ5*AZ4 -> 417.00231 | BA8: =BA5*BA4 -> 421.68905 | BB8: =BB5*BB4 -> 410.01351 | BC8: =BC5*BC4 -> 396.35199 | BD8: =BD5*BD4 -> 403.28805 | BE8: =BE5*BE4 -> 410.65123 | BF8: =BF5*BF4 -> 443.65693 | ... BR8: =BR5*BR4 -> 812.85634
A9: Imports | B9: =B99 -> 0.001 | C9: =C99 -> 0 | D9: =D99 -> 0.021 | E9: =E99 -> 0.002 | F9: =F99 -> 0.002 | G9: =G99 -> 0.009 | H9: =H99 -> 0.016 | I9: =I99 -> 0.051 | ... AV9: =AV99 -> 0.012715864 | AW9: 0.01 | AX9: 0.01 | AY9: 0.01 | AZ9: 1.01 | BA9: 2.01 | BB9: 3.01 | BC9: 4.01 | BD9: 5.01 | BE9: 6.01 | BF9: 7.01 | BG9: 8.01 | BH9: 9.01 | BI9: 10.01 | BJ9: 11.01 | BK9: 12.01 | BL9: 13.01 | BM9: 14.01 | BN9: 15.01 | BO9: 16.01 | BP9: 17.01 | BQ9: 18.01 | BR9: 19.01
A10: Total Supply | B10: =B9+B8+B7 -> 819.655 | C10: =C9+C8+C7 -> 793.097 | D10: =D9+D8+D7 -> 898.265 | E10: =E9+E8+E7 -> 947.672 | F10: =F9+F8+F7 -> 1015.324 | G10: =G9+G8+G7 -> 757.252 | H10: =H9+H8+H7 -> 1006.151 | I10: =I9+I8+I7 -> 1153.734 | ... BR10: =BR9+BR8+BR7 -> 899.94597
A11: Domestic Use | B11: =B16-B15 -> 505.194 | C11: =C16-C15 -> 421.882 | D11: =D16-D15 -> 459.024 | E11: =E16-E15 -> 549.681 | F11: =F16-F15 -> 507.751 | G11: =G16-G15 -> 333.795 | H11: =H16-H15 -> 427.942 | I11: =I16-I15 -> 504.58 | ... BR11: =BR16-BR15 -> 287.98271
A12: Feed & Residual | B12: =B11-B13 -> 494.094 | C12: =C11-C13 -> 411.082 | D12: =D11-D13 -> 447.624 | E12: =E11-E13 -> 537.981 | F12: =F11-F13 -> 495.351 | G12: =G11-G13 -> 322.695 | H12: =H11-H13 -> 417.142 | I12: =I11-I13 -> 494.88 | ... BR12: =BR11-BR13 -> 125.84659
A13: Food/Seed/Industrial | B13: =B30+B45+B60+B75 -> 11.1 | C13: =C30+C45+C60+C75 -> 10.8 | D13: =D30+D45+D60+D75 -> 11.4 | E13: =E30+E45+E60+E75 -> 11.7 | F13: =F30+F45+F60+F75 -> 12.4 | G13: =G30+G45+G60+G75 -> 11.1 | H13: =H30+H45+H60+H75 -> 10.8 | I13: =I30+I45+I60+I75 -> 9.7 | ... BR13: =BR30+BR45+BR60+BR75 -> 162.13612
A14: Ethanol for Fuel | AP14: =AP257 -> 131.88571 | AQ14: =AQ257 -> 113.88929 | AR14: =AR257 -> 61.320251 | AS14: =AS257 -> 104.29643 | AT14: =AT257 -> 74.741071 | AU14: =AU257 -> 10.873411 | AV14: =AV257 -> 43.558268 | AW14: =AW257 -> 57.786661 | ... AY14: =AY257 -> 63.32623
A15: Exports | B15: =B115 -> 232.161 | C15: =C115 -> 253.915 | D15: =D115 -> 222.841 | E15: =E115 -> 190.091 | F15: =F115 -> 329.673 | G15: =G115 -> 293.157 | H15: =H115 -> 259.609 | I15: =I115 -> 210.054 | ... AV15: =AV115 -> 294.3084 | AW15: 76 | AX15: =AX10*0.6 -> 201.93646 | AY15: =AY10*0.6 -> 258.48995 | AZ15: =AZ10*0.6 -> 271.48658 | BA15: =BA10*0.6 -> 275.93836 | BB15: =BB10*0.6 -> 269.88917 | BC15: =BC10*0.6 -> 261.80833 | BD15: =BD10*0.6 -> 265.9235 | BE15: =BE10*0.6 -> 271.27062 | ... BR15: =BR10*0.6 -> 539.96758
A16: Total Use | B16: =B10-B17 -> 737.355 | C16: =C10-C17 -> 675.797 | D16: =D10-D17 -> 681.865 | E16: =E10-E17 -> 739.772 | F16: =F10-F17 -> 837.424 | G16: =G10-G17 -> 626.952 | H16: =H10-H17 -> 687.551 | I16: =I10-I17 -> 714.634 | ... BR16: =BR10-BR17 -> 827.95029
A17: Ending Stocks (August 31) | B17: =B78 -> 82.3 | C17: =C78 -> 117.3 | D17: =D78 -> 216.4 | E17: =E78 -> 207.9 | F17: =F78 -> 177.9 | G17: =G78 -> 130.3 | H17: =H78 -> 318.6 | I17: =I78 -> 439.1 | ... AV17: =AV78 -> 47.277 | AW17: =AW10*0.08 -> 18.80576 | AX17: =AX10*0.08 -> 26.924861 | AY17: =AY10*0.08 -> 34.465327 | AZ17: =AZ10*0.08 -> 36.198211 | BA17: =BA10*0.08 -> 36.791781 | BB17: =BB10*0.08 -> 35.985223 | BC17: =BC10*0.08 -> 34.907777 | BD17: =BD10*0.08 -> 35.456467 | ... BR17: =BR10*0.08 -> 71.995678
A18: Stocks/Use | B18: =B17/B16 -> 0.11161517 | C18: =C17/C16 -> 0.17357283 | D18: =D17/D16 -> 0.31736487 | E18: =E17/E16 -> 0.28103253 | F18: =F17/F16 -> 0.21243719 | G18: =G17/G16 -> 0.2078309 | H18: =H17/H16 -> 0.46338381 | I18: =I17/I16 -> 0.6144404 | ... BR18: =BR17/BR16 -> 0.086956522
A19: Farm Price ($/bu.) | B19: =B168 -> 2.36 | C19: =C168 -> 1.95 | D19: =D168 -> 1.76 | E19: =E168 -> 2.08 | F19: =F168 -> 2.37 | G19: =G168 -> 2.91 | H19: =H168 -> 2.24 | I19: =I168 -> 2.47 | ... BR19: =BR168 -> 19.64
A20: Bold numbers are Fastmarkets Projections
A21: U.S. SORGHUM QUARTERLY SUPPLY AND DEMAND
B22: =B2 -> 75/76 | C22: =C2 -> 76/77 | D22: =D2 -> 77/78 | E22: =E2 -> 78/79 | F22: =F2 -> 79/80 | G22: =G2 -> 80/81 | H22: =H2 -> 81/82 | I22: =I2 -> 82/83 | ... BR22: =BR2 -> 43/44
A23: September - November Supply
A24: Beginning Stocks (September 1) | B24: =B7 -> 65.3 | C24: =B78 -> 82.3 | D24: =C78 -> 117.3 | E24: =D78 -> 216.4 | F24: =E78 -> 207.9 | G24: =F78 -> 177.9 | H24: =G78 -> 130.3 | I24: =H78 -> 318.6 | J24: =I78 -> 439.1 | ... BR24: =BQ78 -> 68.079627
A25: Production | B25: =B8 -> 754.354 | C25: =C8 -> 710.797 | D25: =D8 -> 780.944 | E25: =E8 -> 731.27 | F25: =F8 -> 807.422 | G25: =G8 -> 579.343 | H25: =H8 -> 875.835 | I25: =I8 -> 835.083 | ... BR25: =BR8 -> 812.85634
A26: Imports | B26: =SUM(B87:B89) -> 0.001 | C26: =SUM(C87:C89) -> 0 | D26: =SUM(D87:D89) -> 0 | E26: =SUM(E87:E89) -> 0 | F26: =SUM(F87:F89) -> 0 | G26: =SUM(G87:G89) -> 0.007 | H26: =SUM(H87:H89) -> 0 | I26: =SUM(I87:I89) -> 0.048 | ... BR26: =SUM(BR87:BR89) -> 3.2949945
A27: Q1 Total Supply | B27: =SUM(B24:B26) -> 819.655 | C27: =SUM(C24:C26) -> 793.097 | D27: =SUM(D24:D26) -> 898.244 | E27: =SUM(E24:E26) -> 947.67 | F27: =SUM(F24:F26) -> 1015.322 | G27: =SUM(G24:G26) -> 757.25 | H27: =SUM(H24:H26) -> 1006.135 | I27: =SUM(I24:I26) -> 1153.731 | ... BR27: =SUM(BR24:BR26) -> 884.23096
A28: September - November Use
A29: Feed & Residual | B29: =B32-B31-B30 -> 167.271 | C29: =C32-C31-C30 -> 143.24 | D29: =D32-D31-D30 -> 139.311 | E29: =E32-E31-E30 -> 173.863 | F29: =F32-F31-F30 -> 184.585 | G29: =G32-G31-G30 -> 138.807 | H29: =H32-H31-H30 -> 133.527 | I29: =I32-I31-I30 -> 168.085 | ... BR29: =BR32-BR31-BR30 -> 256.53007
A30: Food/Seed/Industrial | B30: 2.1 | C30: 2.1 | D30: 2.1 | E30: 2.3 | F30: 2.6 | G30: 2.4 | H30: 2.2 | I30: 2.1 | J30: 2.1 | K30: 4.1 | L30: 7.6 | M30: 1.22 | N30: 1.918 | O30: 7.367 | P30: 5.033 | Q30: 5.044 | R30: 5.085 | S30: 6.138 | T30: 6.272 | U30: 7.164 | V30: 5.3 | W30: 14.548 | X30: 18.442 | Y30: 15 | Z30: 18 | AA30: 16.9 | AB30: 5.8 | AC30: 5 | AD30: 9 | AE30: 13.575 | AF30: 12.28 | AG30: 13.223 | AH30: 8.5 | AI30: 27.319 | AJ30: 25 | AK30: 23.598 | AL30: 24.5 | AM30: 24.917 | AN30: 45 | AO30: 10.603 | AP30: 22.143 | AQ30: 21.645 | AR30: 13.915 | AS30: 25.563 | AT30: 23.836 | AU30: 2.28 | AV30: 4.686 | AW30: 18.664 | AX30: 9 | AY30: =FORECAST(AY27,AO30:AX30,AO27:AX27) -> 15.293703 | AZ30: =FORECAST(AZ27,AP30:AY30,AP27:AY27) -> 16.103387 | BA30: =FORECAST(BA27,AQ30:AZ30,AQ27:AZ27) -> 14.983134 | BB30: =FORECAST(BB27,AR30:BA30,AR27:BA27) -> 13.41546 | BC30: =FORECAST(BC27,AS30:BB30,AS27:BB27) -> 13.770181 | BD30: =FORECAST(BD27,AT30:BC30,AT27:BC27) -> 12.592607 | BE30: =FORECAST(BE27,AU30:BD30,AU27:BD27) -> 11.42553 | BF30: =FORECAST(BF27,AV30:BE30,AV27:BE27) -> 11.640063 | ... BR30: =FORECAST(BR27,BH30:BQ30,BH27:BQ27) -> 16.923574
A31: Exports | B31: =SUM(B103:B105) -> 66.184 | C31: =SUM(C103:C105) -> 62.057 | D31: =SUM(D103:D105) -> 42.933 | E31: =SUM(E103:E105) -> 35.307 | F31: =SUM(F103:F105) -> 72.037 | G31: =SUM(G103:G105) -> 67.443 | H31: =SUM(H103:H105) -> 78.008 | I31: =SUM(I103:I105) -> 58.046 | ... BR31: =SUM(BR103:BR105) -> 95.57239
A32: Q1 Total Use | B32: =B27-B33 -> 235.555 | C32: =C27-C33 -> 207.397 | D32: =D27-D33 -> 184.344 | E32: =E27-E33 -> 211.47 | F32: =F27-F33 -> 259.222 | G32: =G27-G33 -> 208.65 | H32: =H27-H33 -> 213.735 | I32: =I27-I33 -> 228.231 | ... BR32: =BR27-BR33 -> 369.02604
A33: Total Stocks | B33: 584.1 | C33: 585.7 | D33: 713.9 | E33: 736.2 | F33: 756.1 | G33: 548.6 | H33: 792.4 | I33: 925.5 | J33: 731.9 | K33: 853.8 | L33: 1112.2 | M33: 1259.2 | N33: 1252.4 | O33: 997.6 | P33: 775.6 | Q33: 512.34 | R33: 450.462 | S33: 604.317 | T33: 446.148 | U33: 422.459 | V33: 301.239 | W33: 467.408 | X33: 373.869 | Y33: 335.316 | Z33: 349.436 | AA33: 261.981 | AB33: 313.877 | AC33: 231.852 | AD33: 235.936 | AE33: 282.205 | AF33: 290.376 | AG33: 212.194 | AH33: 291.25 | AI33: 297.69 | AJ33: 250.759 | AK33: 237.668 | AL33: 150.951 | AM33: 139.847 | AN33: 231.391 | AO33: 222.594 | AP33: 322.535 | AQ33: 309.079 | AR33: 227.492 | AS33: 258.78 | AT33: 250.361 | AU33: 219.686 | AV33: 289.676 | AW33: 160.071 | AX33: 188.345 | AY33: =FORECAST(AY27,AO33:AX33,AO27:AX27) -> 247.38136 | AZ33: =FORECAST(AZ27,AP33:AY33,AP27:AY27) -> 261.62214 | BA33: =FORECAST(BA27,AQ33:AZ33,AQ27:AZ27) -> 270.7295 | BB33: =FORECAST(BB27,AR33:BA33,AR27:BA27) -> 263.31332 | BC33: =FORECAST(BC27,AS33:BB33,AS27:BB27) -> 256.48593 | BD33: =FORECAST(BD27,AT33:BC33,AT27:BC27) -> 257.81738 | BE33: =FORECAST(BE27,AU33:BD33,AU27:BD27) -> 261.1414 | BF33: =FORECAST(BF27,AV33:BE33,AV27:BE27) -> 280.92226 | ... BR33: =FORECAST(BR27,BH33:BQ33,BH27:BQ27) -> 515.20493
A34: Governmental Stocks | B34: =B33-B35 -> 109.991 | C34: =C33-C35 -> 95.37 | D34: =D33-D35 -> 97.363 | E34: =E33-E35 -> 99.201 | F34: =F33-F35 -> 109.102 | G34: =G33-G35 -> 83.973 | H34: =H33-H35 -> 104.385 | I34: =I33-I35 -> 115.05 | ... L34: =L33-L35 -> 117.933 | M34: 664.8 | N34: 849.8 | O34: 538.6 | P34: =P33-P35 -> 328.2 | Q34: =Q33-Q35 -> 0 | R34: =R33-R35 -> 0 | S34: =S33-S35 -> 0 | T34: =T33-T35 -> 0 | U34: =U33-U35 -> 0 | V34: =V33-V35 -> 0 | W34: =W33-W35 -> 0 | ... BR34: =BR33-BR35 -> 0
A35: Non-Governmental Stocks (November 30) | B35: 474.109 | C35: 490.33 | D35: 616.537 | E35: 636.999 | F35: 646.998 | G35: 464.627 | H35: 688.015 | I35: 810.45 | J35: 654.828 | K35: 725.063 | L35: 994.267 | M35: =M33-M34 -> 594.4 | N35: =N33-N34 -> 402.6 | O35: =O33-O34 -> 459 | P35: 447.4 | Q35: 512.34 | R35: 450.462 | S35: 604.317 | T35: 446.148 | U35: 422.459 | V35: 301.239 | W35: 467.408 | X35: 373.869 | Y35: 335.316 | Z35: 349.436 | AA35: 261.981 | AB35: 313.877 | AC35: 231.852 | AD35: 235.936 | AE35: 282.205 | AF35: 290.376 | AG35: 212.194 | AH35: 291.25 | AI35: 297.69 | AJ35: 250.759 | AK35: 237.668 | AL35: 150.951 | AM35: 139.847 | AN35: 231.416 | AO35: 222.594 | AP35: 322.535 | AQ35: 309.079 | AR35: 227.492 | AS35: 258.78 | AT35: 250.361 | AU35: 219.686 | AV35: 289.676 | AW35: 160.071 | AX35: 188.345 | AY35: =AY33 -> 247.38136 | AZ35: =AZ33 -> 261.62214 | BA35: =BA33 -> 270.7295 | BB35: =BB33 -> 263.31332 | BC35: =BC33 -> 256.48593 | BD35: =BD33 -> 257.81738 | BE35: =BE33 -> 261.1414 | BF35: =BF33 -> 280.92226 | ... BR35: =BR33 -> 515.20493
A36: On-Farm Stocks | B36: 164.509 | C36: 158.669 | D36: 218.292 | E36: 235.515 | F36: 234.708 | G36: 138.845 | H36: 255.113 | I36: 267.744 | J36: 149.33 | K36: 228.78 | L36: 330.087 | M36: 390 | N36: 385 | O36: 300 | P36: 220 | Q36: 140 | R36: 110.2 | S36: 209.65 | T36: 105.95 | U36: 126.65 | V36: 79.09 | W36: 144.59 | X36: 99.625 | Y36: 95.9 | Z36: 90.3 | AA36: 74.3 | AB36: 72.4 | AC36: 53.6 | AD36: 45.2 | AE36: 78.7 | AF36: 55 | AG36: 38.1 | AH36: 51.4 | AI36: 54.4 | AJ36: 48 | AK36: 30.5 | AL36: 27.85 | AM36: 17.6 | AN36: 32.95 | AO36: 30.5 | AP36: 51.5 | AQ36: 43 | AR36: 33.8 | AS36: 44.2 | AT36: 30.2 | AU36: 21.3 | AV36: 29.45 | AW36: 17.8 | AX36: =FORECAST(AX35,AN36:AW36,AN35:AW35) -> 22.854295 | AY36: =FORECAST(AY35,AO36:AX36,AO35:AX35) -> 32.903763 | AZ36: =FORECAST(AZ35,AP36:AY36,AP35:AY35) -> 35.24309 | BA36: =FORECAST(BA35,AQ36:AZ36,AQ35:AZ35) -> 35.595442 | BB36: =FORECAST(BB35,AR36:BA36,AR35:BA35) -> 34.103105 | BC36: =FORECAST(BC35,AS36:BB36,AS35:BB35) -> 32.690093 | BD36: =FORECAST(BD35,AT36:BC36,AT35:BC35) -> 31.53394 | BE36: =FORECAST(BE35,AU36:BD36,AU35:BD35) -> 32.021987 | ... BR36: =FORECAST(BR35,BH36:BQ36,BH35:BQ35) -> 70.752047
A37: Commercial Stocks | B37: =B33-B36 -> 419.591 | C37: =C33-C36 -> 427.031 | D37: =D33-D36 -> 495.608 | E37: =E33-E36 -> 500.685 | F37: =F33-F36 -> 521.392 | G37: =G33-G36 -> 409.755 | H37: =H33-H36 -> 537.287 | I37: =I33-I36 -> 657.756 | ... AW37: =AW33-AW36 -> 142.271 | AX37: =AX35-AX36 -> 165.49071 | AY37: =AY35-AY36 -> 214.4776 | AZ37: =AZ35-AZ36 -> 226.37905 | BA37: =BA35-BA36 -> 235.13405 | BB37: =BB35-BB36 -> 229.21021 | BC37: =BC35-BC36 -> 223.79583 | BD37: =BD35-BD36 -> 226.28344 | BE37: =BE35-BE36 -> 229.11942 | ... BR37: =BR35-BR36 -> 444.45288
A38: Farm Price ($/bu.) | B38: =MROUND(SUMPRODUCT(B156:B158,B216:B218),0.01) -> 2.42 | C38: =MROUND(SUMPRODUCT(C156:C158,C216:C218),0.01) -> 2.07 | D38: =MROUND(SUMPRODUCT(D156:D158,D216:D218),0.01) -> 1.58 | E38: =MROUND(SUMPRODUCT(E156:E158,E216:E218),0.01) -> 1.89 | F38: =MROUND(SUMPRODUCT(F156:F158,F216:F218),0.01) -> 2.24 | G38: =MROUND(SUMPRODUCT(G156:G158,G216:G218),0.01) -> 3.01 | H38: =MROUND(SUMPRODUCT(H156:H158,H216:H218),0.01) -> 2.2 | I38: =MROUND(SUMPRODUCT(I156:I158,I216:I218),0.01) -> 2.11 | ... BR38: =MROUND(SUMPRODUCT(BR156:BR158,BR216:BR218),0.01) -> 18.57
A39: December - February Supply
A40: Beginning Stocks (December 1) | B40: =B33 -> 584.1 | C40: =C33 -> 585.7 | D40: =D33 -> 713.9 | E40: =E33 -> 736.2 | F40: =F33 -> 756.1 | G40: =G33 -> 548.6 | H40: =H33 -> 792.4 | I40: =I33 -> 925.5 | ... BR40: =BR33 -> 515.20493
A41: Imports | B41: =SUM(B90:B92) -> 0 | C41: =SUM(C90:C92) -> 0 | D41: =SUM(D90:D92) -> 0 | E41: =SUM(E90:E92) -> 0 | F41: =SUM(F90:F92) -> 0 | G41: =SUM(G90:G92) -> 0.001 | H41: =SUM(H90:H92) -> 0 | I41: =SUM(I90:I92) -> 0.003 | ... BR41: =SUM(BR90:BR92) -> 6.4167713
A42: Q2 Total Supply | B42: =B40+B41 -> 584.1 | C42: =C40+C41 -> 585.7 | D42: =D40+D41 -> 713.9 | E42: =E40+E41 -> 736.2 | F42: =F40+F41 -> 756.1 | G42: =G40+G41 -> 548.601 | H42: =H40+H41 -> 792.4 | I42: =I40+I41 -> 925.503 | ... BR42: =BR40+BR41 -> 521.6217
A43: December - February Use
A44: Feed & Residual | B44: =B47-B46-B45 -> 186.605 | C44: =C47-C46-C45 -> 141.576 | D44: =D47-D46-D45 -> 153.745 | E44: =E47-E46-E45 -> 176.937 | F44: =F47-F46-F45 -> 174.091 | G44: =G47-G46-G45 -> 106.75 | H44: =H47-H46-H45 -> 170.823 | I44: =I47-I46-I45 -> 166.322 | ... BR44: =BR47-BR46-BR45 -> -21.963341
A45: Food/Seed/Industrial | B45: 2.2 | C45: 2.2 | D45: 2.2 | E45: 2.5 | F45: 2.7 | G45: 2.5 | H45: 2.5 | I45: 2.2 | J45: 2.1 | K45: 4.5 | L45: 7.9 | M45: 1.238 | N45: 4.306 | O45: 5.377 | P45: 4.366 | Q45: 5.311 | R45: 5.095 | S45: 5.9 | T45: 6.268 | U45: 7.599 | V45: 5.588 | W45: 15.027 | X45: 18.457 | Y45: 15 | Z45: 18 | AA45: 10.9 | AB45: 5.6 | AC45: 5.3 | AD45: 10 | AE45: 13.442 | AF45: 15.51 | AG45: 13.225 | AH45: 8.5 | AI45: 27.318 | AJ45: 25 | AK45: 24.852 | AL45: 25.512 | AM45: 24.916 | AN45: 10 | AO45: 1.797 | AP45: 41.769 | AQ45: 33.055 | AR45: 10.238 | AS45: 23.357 | AT45: 28.981 | AU45: 1.255 | AV45: 7.766 | AW45: =FORECAST(AW42,AM45:AV45,AM42:AV42) -> 8.5831391 | AX45: =FORECAST(AX42,AN45:AW45,AN42:AW42) -> 4.0210676 | AY45: =FORECAST(AY42,AO45:AX45,AO42:AX42) -> 16.577539 | AZ45: =FORECAST(AZ42,AP45:AY45,AP42:AY42) -> 20.405979 | BA45: =FORECAST(BA42,AQ45:AZ45,AQ42:AZ42) -> 20.036213 | BB45: =FORECAST(BB42,AR45:BA45,AR42:BA42) -> 17.235021 | BC45: =FORECAST(BC42,AS45:BB45,AS42:BB42) -> 16.7112 | BD45: =FORECAST(BD42,AT45:BC45,AT42:BC42) -> 16.099976 | ... BR45: =FORECAST(BR42,BH45:BQ45,BH42:BQ42) -> 53.396983
A46: Exports | B46: =SUM(B106:B108) -> 72.195 | C46: =SUM(C106:C108) -> 80.724 | D46: =SUM(D106:D108) -> 74.255 | E46: =SUM(E106:E108) -> 65.263 | F46: =SUM(F106:F108) -> 102.909 | G46: =SUM(G106:G108) -> 76.051 | H46: =SUM(H106:H108) -> 79.777 | I46: =SUM(I106:I108) -> 72.381 | ... BR46: =SUM(BR106:BR108) -> 144.45373
A47: Q2 Total Use | B47: =B42-B48 -> 261 | C47: =C42-C48 -> 224.5 | D47: =D42-D48 -> 230.2 | E47: =E42-E48 -> 244.7 | F47: =F42-F48 -> 279.7 | G47: =G42-G48 -> 185.301 | H47: =H42-H48 -> 253.1 | I47: =I42-I48 -> 240.903 | ... BR47: =BR42-BR48 -> 175.88737
A48: Total Stocks | B48: 323.1 | C48: 361.2 | D48: 483.7 | E48: 491.5 | F48: 476.4 | G48: 363.3 | H48: 539.3 | I48: 684.6 | J48: 532.1 | K48: 560.7 | L48: 828.4 | M48: 1017.7 | N48: 1011.1 | O48: 725.1 | P48: 513.599 | Q48: 332.879 | R48: 251.246 | S48: 434.408 | T48: 276.232 | U48: 280.932 | V48: 162.641 | W48: 274.354 | X48: 234.676 | Y48: 222.436 | Z48: 225.632 | AA48: 167.127 | AB48: 194.107 | AC48: 162.923 | AD48: 158.652 | AE48: 203.522 | AF48: 193.136 | AG48: 142.222 | AH48: 185.908 | AI48: 205.85 | AJ48: 175.553 | AK48: 171.047 | AL48: 108.066 | AM48: 91.535 | AN48: 175.734 | AO48: 119.856 | AP48: 201.584 | AQ48: 180.745 | AR48: 140.256 | AS48: 192.726 | AT48: 164.945 | AU48: 136.887 | AV48: 207.082 | AW48: 108.769 | AX48: =FORECAST(AX42,AN48:AW48,AN42:AW42) -> 125.34623 | AY48: =FORECAST(AY42,AO48:AX48,AO42:AX42) -> 159.33118 | AZ48: =FORECAST(AZ42,AP48:AY48,AP42:AY42) -> 170.5363 | BA48: =FORECAST(BA42,AQ48:AZ48,AQ42:AZ42) -> 177.70145 | BB48: =FORECAST(BB42,AR48:BA48,AR42:BA42) -> 178.14584 | BC48: =FORECAST(BC42,AS48:BB48,AS42:BB42) -> 174.26054 | BD48: =FORECAST(BD42,AT48:BC48,AT42:BC42) -> 173.29883 | BE48: =FORECAST(BE42,AU48:BD48,AU42:BD42) -> 176.09822 | ... BR48: =FORECAST(BR42,BH48:BQ48,BH42:BQ42) -> 345.73432
A49: CCC Stocks | B49: =B48-B50 -> 74.772 | C49: =C48-C50 -> 65.617 | D49: =D48-D50 -> 70.725 | E49: =E48-E50 -> 74.21 | F49: =F48-F50 -> 80.746 | G49: =G48-G50 -> 49.383 | H49: =H48-H50 -> 77.85 | I49: =I48-I50 -> 63.395 | ... K49: =K48-K50 -> 79.404 | L49: 608 | M49: 836.1 | N49: 836.6 | O49: 504.6 | P49: =P48-P50 -> 0 | Q49: =Q48-Q50 -> 0 | R49: =R48-R50 -> 0 | S49: =S48-S50 -> 0 | T49: =T48-T50 -> 0 | U49: =U48-U50 -> 0 | V49: =V48-V50 -> 0 | W49: =W48-W50 -> 0 | ... BR49: =BR48-BR50 -> 0
A50: Non-Governmental Stocks (February 28) | B50: 248.328 | C50: 295.583 | D50: 412.975 | E50: 417.29 | F50: 395.654 | G50: 313.917 | H50: 461.45 | I50: 621.205 | J50: 469.61 | K50: 481.296 | L50: =L48-L49 -> 220.4 | M50: =M48-M49 -> 181.6 | N50: =N48-N49 -> 174.5 | O50: =O48-O49 -> 220.5 | P50: 513.599 | Q50: 332.879 | R50: 251.246 | S50: 434.408 | T50: 276.232 | U50: 280.932 | V50: 162.641 | W50: 274.354 | X50: 234.676 | Y50: 222.436 | Z50: 225.632 | AA50: 167.127 | AB50: 194.107 | AC50: 162.923 | AD50: 158.652 | AE50: 203.522 | AF50: 193.136 | AG50: 142.222 | AH50: 185.908 | AI50: 205.85 | AJ50: 175.553 | AK50: 171.047 | AL50: 108.066 | AM50: 91.535 | AN50: 175.734 | AO50: 119.856 | AP50: 201.584 | AQ50: 180.745 | AR50: 140.256 | AS50: 192.726 | AT50: 164.945 | AU50: 136.887 | AV50: 207.082 | AW50: 108.769 | AX50: =AX48 -> 125.34623 | AY50: =AY48 -> 159.33118 | AZ50: =AZ48 -> 170.5363 | BA50: =BA48 -> 177.70145 | BB50: =BB48 -> 178.14584 | BC50: =BC48 -> 174.26054 | BD50: =BD48 -> 173.29883 | BE50: =BE48 -> 176.09822 | ... BR50: =BR48 -> 345.73432
A51: On-Farm Stocks | B51: 164.221 | C51: 208.25 | D51: 273.525 | E51: 276.684 | F51: 253.165 | G51: 232.726 | H51: 336.665 | I51: 471.104 | J51: 380.979 | K51: 346.392 | L51: 175 | M51: 175 | N51: 220 | O51: 165 | P51: 425.549 | Q51: 259.099 | R51: 196.286 | S51: 323.088 | T51: 216.462 | U51: 206.312 | V51: 129.641 | W51: 197.374 | X51: 177.916 | Y51: 161.536 | Z51: 173.932 | AA51: 127.027 | AB51: 156.007 | AC51: 135.423 | AD51: 137.652 | AE51: 170.122 | AF51: 166.936 | AG51: 125.122 | AH51: 159.808 | AI51: 173.65 | AJ51: 151.873 | AK51: 158.027 | AL51: 95.266 | AM51: 80.685 | AN51: 159.784 | AO51: 110.856 | AP51: 176.584 | AQ51: 159.495 | AR51: 127.006 | AS51: 167.736 | AT51: 147.725 | AU51: 131.477 | AV51: 195.232 | AW51: 9.34 | AX51: =FORECAST(AX50,AN51:AW51,AN50:AW50) -> 89.390269 | AY51: =FORECAST(AY50,AO51:AX51,AO50:AX50) -> 133.45385 | AZ51: =FORECAST(AZ50,AP51:AY51,AP50:AY50) -> 146.21133 | BA51: =FORECAST(BA50,AQ51:AZ51,AQ50:AZ50) -> 159.08572 | BB51: =FORECAST(BB50,AR51:BA51,AR50:BA50) -> 160.37698 | BC51: =FORECAST(BC50,AS51:BB51,AS50:BB50) -> 152.9355 | BD51: =FORECAST(BD50,AT51:BC51,AT50:BC50) -> 153.62251 | BE51: =FORECAST(BE50,AU51:BD51,AU50:BD50) -> 157.34362 | ... BR51: =FORECAST(BR50,BH51:BQ51,BH50:BQ50) -> 422.12004
A52: Off-Farm Stocks | B52: =B48-B51 -> 158.879 | C52: =C48-C51 -> 152.95 | D52: =D48-D51 -> 210.175 | E52: =E48-E51 -> 214.816 | F52: =F48-F51 -> 223.235 | G52: =G48-G51 -> 130.574 | H52: =H48-H51 -> 202.635 | I52: =I48-I51 -> 213.496 | ... AV52: =AV48-AV51 -> 11.85 | AW52: =AW50-AW51 -> 99.429 | AX52: =AX50-AX51 -> 35.955962 | AY52: =AY50-AY51 -> 25.877325 | AZ52: =AZ50-AZ51 -> 24.324964 | BA52: =BA50-BA51 -> 18.615727 | BB52: =BB50-BB51 -> 17.768857 | BC52: =BC50-BC51 -> 21.325043 | BD52: =BD50-BD51 -> 19.67632 | ... BR52: =BR50-BR51 -> -76.385717
A53: Farm Price ($/bu.) | B53: =ROUND(SUMPRODUCT(B159:B161,B220:B222),2) -> 2.26 | C53: =ROUND(SUMPRODUCT(C159:C161,C220:C222),2) -> 1.99 | D53: =ROUND(SUMPRODUCT(D159:D161,D220:D222),2) -> 1.75 | E53: =ROUND(SUMPRODUCT(E159:E161,E220:E222),2) -> 1.99 | F53: =ROUND(SUMPRODUCT(F159:F161,F220:F222),2) -> 2.22 | G53: =ROUND(SUMPRODUCT(G159:G161,G220:G222),2) -> 3.06 | H53: =ROUND(SUMPRODUCT(H159:H161,H220:H222),2) -> 2.26 | I53: =ROUND(SUMPRODUCT(I159:I161,I220:I222),2) -> 2.3 | ... BR53: =ROUND(SUMPRODUCT(BR159:BR161,BR220:BR222),2) -> 19.33
A54: March - May Supply
A55: Beginning Stocks (March 1) | B55: =B48 -> 323.1 | C55: =C48 -> 361.2 | D55: =D48 -> 483.7 | E55: =E48 -> 491.5 | F55: =F48 -> 476.4 | G55: =G48 -> 363.3 | H55: =H48 -> 539.3 | I55: =I48 -> 684.6 | ... BR55: =BR48 -> 345.73432
A56: Imports | B56: =SUM(B93:B95) -> 0 | C56: =SUM(C93:C95) -> 0 | D56: =SUM(D93:D95) -> 0 | E56: =SUM(E93:E95) -> 0.002 | F56: =SUM(F93:F95) -> 0.002 | G56: =SUM(G93:G95) -> 0.001 | H56: =SUM(H93:H95) -> 0 | I56: =SUM(I93:I95) -> 0 | ... BR56: =SUM(BR93:BR95) -> 3.68835
A57: Q3 Total Supply | B57: =SUM(B55:B56) -> 323.1 | C57: =SUM(C55:C56) -> 361.2 | D57: =SUM(D55:D56) -> 483.7 | E57: =SUM(E55:E56) -> 491.502 | F57: =SUM(F55:F56) -> 476.402 | G57: =SUM(G55:G56) -> 363.301 | H57: =SUM(H55:H56) -> 539.3 | I57: =SUM(I55:I56) -> 684.6 | ... BR57: =SUM(BR55:BR56) -> 349.42267
A58: March - May Use
A59: Feed & Residual | B59: =B62-B61-B60 -> 123.439 | C59: =C62-C61-C60 -> 99.995 | D59: =D62-D61-D60 -> 100.766 | E59: =E62-E61-E60 -> 115.169 | F59: =F62-F61-F60 -> 102.033 | G59: =G62-G61-G60 -> 107.047 | H59: =H62-H61-H60 -> 109.26 | I59: =I62-I61-I60 -> 119.158 | ... BR59: =BR62-BR61-BR60 -> -91.689373
A60: Food/Seed/Industrial | B60: 4.2 | C60: 4 | D60: 4.2 | E60: 4.1 | F60: 4.4 | G60: 3.7 | H60: 3.5 | I60: 2.6 | J60: 2.6 | K60: 5.3 | L60: 7.8 | M60: 2.635 | N60: 5.073 | O60: 2.367 | P60: 5.744 | Q60: 3.957 | R60: 4.436 | S60: 4.108 | T60: 4.716 | U60: 4.547 | V60: 5.472 | W60: 9.604 | X60: 12.063 | Y60: 9.6 | Z60: 12.857 | AA60: 3.895 | AB60: 6.408 | AC60: 7.97 | AD60: 10.541 | AE60: 14.222 | AF60: 11.817 | AG60: 13.836 | AH60: 9.298 | AI60: 28.297 | AJ60: 25.6 | AK60: 26.791 | AL60: 26.514 | AM60: 25.901 | AN60: 12.01 | AO60: 1.43 | AP60: 43.306 | AQ60: 34.616 | AR60: 15.807 | AS60: 26.744 | AT60: 17.266 | AU60: 0.943 | AV60: 9.407 | AW60: =FORECAST(AW57,AM60:AV60,AM57:AV57) -> 11.042211 | AX60: =FORECAST(AX57,AN60:AW60,AN57:AW57) -> 8.0114392 | AY60: =FORECAST(AY57,AO60:AX60,AO57:AX57) -> 17.248256 | AZ60: =FORECAST(AZ57,AP60:AY60,AP57:AY57) -> 20.554905 | BA60: =FORECAST(BA57,AQ60:AZ60,AQ57:AZ57) -> 19.250588 | BB60: =FORECAST(BB57,AR60:BA60,AR57:BA57) -> 17.058781 | BC60: =FORECAST(BC57,AS60:BB60,AS57:BB57) -> 16.393567 | BD60: =FORECAST(BD57,AT60:BC60,AT57:BC57) -> 15.016588 | ... BR60: =FORECAST(BR57,BH60:BQ60,BH57:BQ57) -> 36.099656
A61: Exports | B61: =SUM(B109:B111) -> 41.42 | C61: =SUM(C109:C111) -> 61.46 | D61: =SUM(D109:D111) -> 59.669 | E61: =SUM(E109:E111) -> 50.029 | F61: =SUM(F109:F111) -> 92.334 | G61: =SUM(G109:G111) -> 68.023 | H61: =SUM(H109:H111) -> 47.054 | I61: =SUM(I109:I111) -> 33.769 | ... BR61: =SUM(BR109:BR111) -> 201.24681
A62: Q3 Total Use | B62: =B57-B63 -> 169.059 | C62: =C57-C63 -> 165.455 | D62: =D57-D63 -> 164.635 | E62: =E57-E63 -> 169.298 | F62: =F57-F63 -> 198.767 | G62: =G57-G63 -> 178.77 | H62: =H57-H63 -> 159.814 | I62: =I57-I63 -> 155.527 | ... BR62: =BR57-BR63 -> 145.65709
A63: Total Stocks | B63: 154.041 | C63: 195.745 | D63: 319.065 | E63: 322.204 | F63: 277.635 | G63: 184.531 | H63: 379.486 | I63: 529.073 | J63: 368.897 | K63: 360.776 | L63: 630.028 | M63: 834.971 | N63: 807.845 | O63: 558.968 | P63: 334.984 | Q63: 222 | R63: 110.387 | S63: 264.813 | T63: 128.11 | U63: 158.782 | V63: 70.388 | W63: 119.144 | X63: 96.144 | Y63: 116.08 | Z63: 126.906 | AA63: 76.411 | AB63: 105.478 | AC63: 81.894 | AD63: 80.594 | AE63: 113.17 | AF63: 114.863 | AG63: 74.87 | AH63: 101.019 | AI63: 102.215 | AJ63: 87.862 | AK63: 80.034 | AL63: 58.525 | AM63: 41.108 | AN63: 92.424 | AO63: 34.289 | AP63: 90.354 | AQ63: 84.708 | AR63: 65.333 | AS63: 117.432 | AT63: 72.587 | AU63: 40.979 | AV63: 107.8 | AW63: 52.951 | AX63: =FORECAST(AX57,AN63:AW63,AN57:AW57) -> 48.95716 | AY63: =FORECAST(AY57,AO63:AX63,AO57:AX57) -> 72.604857 | AZ63: =FORECAST(AZ57,AP63:AY63,AP57:AY57) -> 81.315271 | BA63: =FORECAST(BA57,AQ63:AZ63,AQ57:AZ57) -> 88.456935 | BB63: =FORECAST(BB57,AR63:BA63,AR57:BA57) -> 89.785615 | BC63: =FORECAST(BC57,AS63:BB63,AS57:BB57) -> 86.813207 | BD63: =FORECAST(BD57,AT63:BC63,AT57:BC57) -> 83.483253 | BE63: =FORECAST(BE57,AU63:BD63,AU57:BD57) -> 85.993687 | ... BR63: =FORECAST(BR57,BH63:BQ63,BH57:BQ57) -> 203.76559
A64: CCC Stocks | B64: =B63-B65 -> 0 | C64: =C63-C65 -> 0 | D64: =D63-D65 -> 2.285 | E64: =E63-E65 -> 0 | F64: =F63-F65 -> 0 | G64: =G63-G65 -> 0 | H64: =H63-H65 -> 0 | I64: =I63-I65 -> 0 | ... N64: =N63-N65 -> 0 | O64: 448.9 | P64: =P63-P65 -> 0 | Q64: =Q63-Q65 -> 0 | R64: =R63-R65 -> 0 | S64: =S63-S65 -> 0 | T64: =T63-T65 -> 0 | U64: =U63-U65 -> 0 | V64: =V63-V65 -> 0 | W64: =W63-W65 -> 0 | ... BR64: =BR63-BR65 -> 0
A65: Non-Governmental Stocks (May 31) | B65: 154.041 | C65: 195.745 | D65: 316.78 | E65: 322.204 | F65: 277.635 | G65: 184.531 | H65: 379.486 | I65: 529.073 | J65: 368.897 | K65: 360.776 | L65: 630.028 | M65: 834.971 | N65: 807.845 | O65: 110.068 | P65: 334.984 | Q65: 222 | R65: 110.387 | S65: 264.813 | T65: 128.11 | U65: 158.782 | V65: 70.388 | W65: 119.144 | X65: 96.144 | Y65: 116.08 | Z65: 126.906 | AA65: 76.411 | AB65: 105.478 | AC65: 81.894 | AD65: 80.594 | AE65: 113.17 | AF65: 114.863 | AG65: 74.87 | AH65: 101.019 | AI65: 102.215 | AJ65: 87.862 | AK65: 80.034 | AL65: 58.525 | AM65: 41.108 | AN65: 92.424 | AO65: 34.289 | AP65: 90.354 | AQ65: 84.708 | AR65: 65.333 | AS65: 117.432 | AT65: 72.587 | AU65: 40.979 | AV65: 107.8 | AW65: 52.951 | AX65: =AX63 -> 48.95716 | AY65: =AY63 -> 72.604857 | AZ65: =AZ63 -> 81.315271 | BA65: =BA63 -> 88.456935 | BB65: =BB63 -> 89.785615 | BC65: =BC63 -> 86.813207 | BD65: =BD63 -> 83.483253 | BE65: =BE63 -> 85.993687 | ... BR65: =BR63 -> 203.76559
A66: On-Farm Stocks | B66: 104.09 | C66: 135.182 | D66: 209.68 | E66: 222.988 | F66: 186.288 | G66: 133.547 | H66: 286.813 | I66: 433.061 | J66: 307.444 | K66: 271.7 | L66: 491.984 | M66: 685.871 | N66: 701.945 | O66: 85.2 | P66: 290.484 | Q66: 178.25 | R66: 76.247 | S66: 206.348 | T66: 96.035 | U66: 114.212 | V66: 56.433 | W66: 80.329 | X66: 68.944 | Y66: 88.68 | Z66: 99.606 | AA66: 57.411 | AB66: 88.178 | AC66: 70.744 | AD66: 72.944 | AE66: 97.17 | AF66: 102.213 | AG66: 69.49 | AH66: 94.019 | AI66: 90.215 | AJ66: 77.162 | AK66: 76.894 | AL66: 54.405 | AM66: 38.398 | AN66: 87.924 | AO66: 31.329 | AP66: 80.654 | AQ66: 76.088 | AR66: 60.113 | AS66: 107.962 | AT66: 64.227 | AU66: 38.929 | AV66: 104.27 | AW66: =FORECAST(AW65,AM66:AV66,AM65:AV65) -> 48.655079 | AX66: =FORECAST(AX65,AN66:AW66,AN65:AW65) -> 44.729212 | AY66: =FORECAST(AY65,AO66:AX66,AO65:AX65) -> 66.689061 | AZ66: =FORECAST(AZ65,AP66:AY66,AP65:AY65) -> 74.787747 | BA66: =FORECAST(BA65,AQ66:AZ66,AQ65:AZ65) -> 81.826372 | BB66: =FORECAST(BB65,AR66:BA66,AR65:BA65) -> 83.357739 | BC66: =FORECAST(BC65,AS66:BB66,AS65:BB65) -> 80.554191 | BD66: =FORECAST(BD65,AT66:BC66,AT65:BC65) -> 77.715963 | ... BR66: =FORECAST(BR65,BH66:BQ66,BH65:BQ65) -> 193.15125
A67: Off-Farm Stocks | B67: =B65-B66 -> 49.951 | C67: =C65-C66 -> 60.563 | D67: =D65-D66 -> 107.1 | E67: =E65-E66 -> 99.216 | F67: =F65-F66 -> 91.347 | G67: =G65-G66 -> 50.984 | H67: =H65-H66 -> 92.673 | I67: =I65-I66 -> 96.012 | ... BR67: =BR65-BR66 -> 10.614338
A68: Farm Price ($/bu.) | B68: =ROUND(SUMPRODUCT(B162:B164,B224:B226),2) -> 2.32 | C68: =ROUND(SUMPRODUCT(C162:C164,C224:C226),2) -> 1.91 | D68: =ROUND(SUMPRODUCT(D162:D164,D224:D226),2) -> 1.99 | E68: =ROUND(SUMPRODUCT(E162:E164,E224:E226),2) -> 2.01 | F68: =ROUND(SUMPRODUCT(F162:F164,F224:F226),2) -> 2.25 | G68: =ROUND(SUMPRODUCT(G162:G164,G224:G226),2) -> 2.91 | H68: =ROUND(SUMPRODUCT(H162:H164,H224:H226),2) -> 2.33 | I68: =ROUND(SUMPRODUCT(I162:I164,I224:I226),2) -> 2.74 | ... BR68: =ROUND(SUMPRODUCT(BR162:BR164,BR224:BR226),2) -> 22.48
A69: June - August Supply
A70: Beginning Stocks (June 1) | B70: =B63 -> 154.041 | C70: =C63 -> 195.745 | D70: =D63 -> 319.065 | E70: =E63 -> 322.204 | F70: =F63 -> 277.635 | G70: =G63 -> 184.531 | H70: =H63 -> 379.486 | I70: =I63 -> 529.073 | ... BR70: =BR63 -> 203.76559
A71: Imports | B71: =SUM(B96:B98) -> 0 | C71: =SUM(C96:C98) -> 0 | D71: =SUM(D96:D98) -> 0.021 | E71: =SUM(E96:E98) -> 0 | F71: =SUM(F96:F98) -> 0 | G71: =SUM(G96:G98) -> 0 | H71: =SUM(H96:H98) -> 0.016 | I71: =SUM(I96:I98) -> 0 | ... BR71: =SUM(BR96:BR98) -> 5.6098843
A72: Q4 Total Supply | B72: =SUM(B70:B71) -> 154.041 | C72: =SUM(C70:C71) -> 195.745 | D72: =SUM(D70:D71) -> 319.086 | E72: =SUM(E70:E71) -> 322.204 | F72: =SUM(F70:F71) -> 277.635 | G72: =SUM(G70:G71) -> 184.531 | H72: =SUM(H70:H71) -> 379.502 | I72: =SUM(I70:I71) -> 529.073 | ... BR72: =SUM(BR70:BR71) -> 209.37547
A73: June - August Use
A74: Feed & Residual | B74: =B77-B76-B75 -> 16.779 | C74: =C77-C76-C75 -> 26.271 | D74: =D77-D76-D75 -> 53.802 | E74: =E77-E76-E75 -> 72.012 | F74: =F77-F76-F75 -> 34.642 | G74: =G77-G76-G75 -> -29.909 | H74: =H77-H76-H75 -> 3.532 | I74: =I77-I76-I75 -> 41.315 | ... BR74: =BR77-BR76-BR75 -> -17.030769
A75: Food/Seed/Industrial | B75: 2.6 | C75: 2.5 | D75: 2.9 | E75: 2.8 | F75: 2.7 | G75: 2.5 | H75: 2.6 | I75: 2.8 | J75: 3.2 | K75: 3.4 | L75: 4.4 | M75: 1.843 | N75: 7.545 | O75: 2.627 | P75: 4.857 | Q75: 2.687 | R75: 2.374 | S75: 2.754 | T75: 2.744 | U75: 2.69 | V75: 2.64 | W75: 5.721 | X75: 6.138 | Y75: 5.5 | Z75: 6.192 | AA75: 3.378 | AB75: 5.184 | AC75: 5.706 | AD75: 10.374 | AE75: 13.662 | AF75: 10.417 | AG75: 4.716 | AH75: 8.857 | AI75: 12.023 | AJ75: 14.4 | AK75: 9.759 | AL75: 8.474 | AM75: 19.602 | AN75: 2.877 | AO75: 1.18 | AP75: 29.73 | AQ75: 25.298 | AR75: 20.443 | AS75: 29.951 | AT75: 5.079 | AU75: 2.305 | AV75: 23.38 | AW75: =FORECAST(AW72,AM75:AV75,AM72:AV72) -> 10.405199 | AX75: =FORECAST(AX72,AN75:AW75,AN72:AW72) -> 6.8231714 | AY75: =FORECAST(AY72,AO75:AX75,AO72:AX72) -> 15.770729 | AZ75: =FORECAST(AZ72,AP75:AY75,AP72:AY72) -> 19.012426 | BA75: =FORECAST(BA72,AQ75:AZ75,AQ72:AZ72) -> 20.49683 | BB75: =FORECAST(BB72,AR75:BA75,AR72:BA72) -> 20.274185 | BC75: =FORECAST(BC72,AS75:BB75,AS72:BB72) -> 18.814746 | BD75: =FORECAST(BD72,AT75:BC75,AT72:BC72) -> 17.513138 | ... BR75: =FORECAST(BR72,BH75:BQ75,BH72:BQ72) -> 55.715909
A76: Exports | B76: =SUM(B112:B114) -> 52.362 | C76: =SUM(C112:C114) -> 49.674 | D76: =SUM(D112:D114) -> 45.984 | E76: =SUM(E112:E114) -> 39.492 | F76: =SUM(F112:F114) -> 62.393 | G76: =SUM(G112:G114) -> 81.64 | H76: =SUM(H112:H114) -> 54.77 | I76: =SUM(I112:I114) -> 45.858 | ... BR76: =SUM(BR112:BR114) -> 98.694653
A77: Q4 Total Use | B77: =B72-B78 -> 71.741 | C77: =C72-C78 -> 78.445 | D77: =D72-D78 -> 102.686 | E77: =E72-E78 -> 114.304 | F77: =F72-F78 -> 99.735 | G77: =G72-G78 -> 54.231 | H77: =H72-H78 -> 60.902 | I77: =I72-I78 -> 89.973 | ... BR77: =BR72-BR78 -> 137.37979
A78: Total Stocks | B78: 82.3 | C78: 117.3 | D78: 216.4 | E78: 207.9 | F78: 177.9 | G78: 130.3 | H78: 318.6 | I78: 439.1 | J78: 287.4 | K78: 300.2 | L78: 551.006 | M78: 743.333 | N78: 662.651 | O78: 439.512 | P78: 219.759 | Q78: 142.585 | R78: 53.192 | S78: 175.014 | T78: 47.571 | U78: 71.614 | V78: 18.371 | W78: 47.461 | X78: 48.903 | Y78: 65.163 | Z78: 65.375 | AA78: 41.751 | AB78: 60.973 | AC78: 43.03 | AD78: 33.549 | AE78: 56.941 | AF78: 65.663 | AG78: 32.053 | AH78: 52.75 | AI78: 54.712 | AJ78: 41.24 | AK78: 27.45 | AL78: 22.952 | AM78: 15.153 | AN78: 34.032 | AO78: 18.409 | AP78: 36.632 | AQ78: 33.459 | AR78: 34.854 | AS78: 63.661 | AT78: 30.095 | AU78: 20.318 | AV78: 47.277 | AW78: 24.24 | AX78: =AX17 -> 26.924861 | AY78: =AY17 -> 34.465327 | AZ78: =AZ17 -> 36.198211 | BA78: =BA17 -> 36.791781 | BB78: =BB17 -> 35.985223 | BC78: =BC17 -> 34.907777 | BD78: =BD17 -> 35.456467 | BE78: =BE17 -> 36.169416 | ... BR78: =BR17 -> 71.995678
A79: CCC Stocks | B79: =B78-B80 -> 30.806 | C79: =C78-C80 -> 26.258 | D79: =D78-D80 -> 25.867 | E79: =E78-E80 -> 48.37 | F79: =F78-F80 -> 31.48 | G79: =G78-G80 -> 21.776 | H79: =H78-H80 -> 22.185 | I79: =I78-I80 -> 38.867 | ... N79: =N78-N80 -> 0 | O79: 386.6 | P79: =P78-P80 -> 0 | Q79: =Q78-Q80 -> 0 | R79: =R78-R80 -> 0 | S79: =S78-S80 -> 2.2737368e-13 | T79: =T78-T80 -> 0 | U79: =U78-U80 -> 0 | V79: =V78-V80 -> 0 | W79: =W78-W80 -> 0 | ... BR79: =BR78-BR80 -> 0
A80: Non-Governmental Stocks (August 31) | B80: 51.494 | C80: 91.042 | D80: 190.533 | E80: 159.53 | F80: 146.42 | G80: 108.524 | H80: 296.415 | I80: 400.233 | J80: 250.768 | K80: 271.017 | L80: 551.006 | M80: 743.333 | N80: 662.651 | O80: =O78-O79 -> 52.912 | P80: 219.759 | Q80: 142.585 | R80: 53.192 | S80: 175.014 | T80: 47.571 | U80: 71.614 | V80: 18.371 | W80: 47.461 | X80: 48.903 | Y80: 65.163 | Z80: 65.375 | AA80: 41.751 | AB80: 60.973 | AC80: 43.03 | AD80: 33.549 | AE80: 56.941 | AF80: 65.663 | AG80: 32.053 | AH80: 52.75 | AI80: 54.712 | AJ80: 41.24 | AK80: 27.45 | AL80: 22.952 | AM80: 15.153 | AN80: 34.032 | AO80: 18.409 | AP80: 36.632 | AQ80: 33.459 | AR80: 34.854 | AS80: 63.661 | AT80: 30.095 | AU80: 20.318 | AV80: 47.277 | AW80: 24.24 | AX80: =AX78 -> 26.924861 | AY80: =AY78 -> 34.465327 | AZ80: =AZ78 -> 36.198211 | BA80: =BA78 -> 36.791781 | BB80: =BB78 -> 35.985223 | BC80: =BC78 -> 34.907777 | BD80: =BD78 -> 35.456467 | BE80: =BE78 -> 36.169416 | ... BR80: =BR78 -> 71.995678
A81: On-Farm Stocks | B81: 14.008 | C81: 21.396 | D81: 56.056 | E81: 40.847 | F81: 40.356 | G81: 29.434 | H81: 61.383 | I81: 59.937 | J81: 37.932 | K81: 45.87 | L81: 91.5 | M81: 103.2 | N81: 69.42 | O81: 47.8 | P81: 30.3 | Q81: 22.15 | R81: 18.84 | S81: 35.42 | T81: 16.155 | U81: 17.842 | V81: 5.5 | W81: 15.487 | X81: 13.7 | Y81: 13.8 | Z81: 12.2 | AA81: 8.9 | AB81: 7.4 | AC81: 4.5 | AD81: 3.7 | AE81: 5.9 | AF81: 5.25 | AG81: 2.15 | AH81: 3.55 | AI81: 4.4 | AJ81: 4.5 | AK81: 2.03 | AL81: 1.16 | AM81: 0.602 | AN81: 1.945 | AO81: 1.895 | AP81: 3.755 | AQ81: 4.28 | AR81: 3.355 | AS81: 3.21 | AT81: 2.955 | AU81: 0.588 | AV81: 2.46 | AW81: =FORECAST(AW80,AM81:AV81,AM80:AV80) -> 2.0463352 | AX81: =FORECAST(AX80,AN81:AW81,AN80:AW80) -> 2.3667764 | AY81: =FORECAST(AY80,AO81:AX81,AO80:AX80) -> 2.7248891 | AZ81: =FORECAST(AZ80,AP81:AY81,AP80:AY80) -> 2.8102068 | BA81: =FORECAST(BA80,AQ81:AZ81,AQ80:AZ80) -> 2.7369774 | BB81: =FORECAST(BB80,AR81:BA81,AR80:BA80) -> 2.5440824 | BC81: =FORECAST(BC80,AS81:BB81,AS80:BB80) -> 2.4182397 | BD81: =FORECAST(BD80,AT81:BC81,AT80:BC80) -> 2.515888 | ... BR81: =FORECAST(BR80,BH81:BQ81,BH80:BQ80) -> 3.9034725
A82: Off-Farm Stocks | B82: =B80-B81 -> 37.486 | C82: =C80-C81 -> 69.646 | D82: =D80-D81 -> 134.477 | E82: =E80-E81 -> 118.683 | F82: =F80-F81 -> 106.064 | G82: =G80-G81 -> 79.09 | H82: =H80-H81 -> 235.032 | I82: =I80-I81 -> 340.296 | ... BR82: =BR80-BR81 -> 68.092205
A83: Farm Price ($/bu.) | B83: =ROUND(SUMPRODUCT(B165:B167,B228:B230),2) -> 2.4 | C83: =ROUND(SUMPRODUCT(C165:C167,C228:C230),2) -> 1.58 | D83: =ROUND(SUMPRODUCT(D165:D167,D228:D230),2) -> 1.96 | E83: =ROUND(SUMPRODUCT(E165:E167,E228:E230),2) -> 2.43 | F83: =ROUND(SUMPRODUCT(F165:F167,F228:F230),2) -> 2.71 | G83: =ROUND(SUMPRODUCT(G165:G167,G228:G230),2) -> 2.67 | H83: =ROUND(SUMPRODUCT(H165:H167,H228:H230),2) -> 2.24 | I83: =ROUND(SUMPRODUCT(I165:I167,I228:I230),2) -> 2.9 | ... BR83: =ROUND(SUMPRODUCT(BR165:BR167,BR228:BR230),2) -> 21.26
A85: SORGHUM IMPORTS
B86: =B2 -> 75/76 | C86: =C2 -> 76/77 | D86: =D2 -> 77/78 | E86: =E2 -> 78/79 | F86: =F2 -> 79/80 | G86: =G2 -> 80/81 | H86: =H2 -> 81/82 | I86: =I2 -> 82/83 | ... BR86: =BR2 -> 43/44
A87: September | B87: 0.001 | C87: 0 | D87: 0 | E87: 0 | F87: 0 | G87: 0 | H87: 0 | I87: 0.005 | J87: 0 | K87: 0 | L87: 0 | M87: 0.006 | N87: 0 | O87: 0 | P87: 0 | Q87: 0.006 | R87: 0 | S87: 0 | T87: 0 | U87: 0 | V87: 0.00059052375 | W87: 0 | X87: 0 | Y87: 0 | Z87: 0 | AA87: 0 | AB87: 0 | AC87: 0 | AD87: 0.000787365 | AE87: 0 | AF87: 0 | AG87: 0.00016928347 | AH87: 0.010967994 | AI87: 0.012589966 | AJ87: 0 | AK87: 0.00017715712 | AL87: 7.086285e-05 | AM87: 0.002086504 | AN87: 0.00157472 | AO87: 0.044800784 | AP87: 0.72319016 | AQ87: 0.000118104 | AR87: 0.008582224 | AS87: 0 | AT87: 0 | AU87: 0.0009842 | AV87: 0.000118104 | AW87: 0.000314944 | AX87: =AX$99*SUM(AS87:AW87)/SUM(AS$99:AW$99) -> 0.00010050214 | AY87: =AY$99*SUM(AT87:AX87)/SUM(AT$99:AX$99) -> 0.0001355574 | AZ87: =AZ$99*SUM(AU87:AY87)/SUM(AU$99:AY$99) -> 0.023165079 | BA87: =BA$99*SUM(AV87:AZ87)/SUM(AV$99:AZ$99) -> 0.045507735 | BB87: =BB$99*SUM(AW87:BA87)/SUM(AW$99:BA$99) -> 0.068315964 | BC87: =BC$99*SUM(AX87:BB87)/SUM(AX$99:BB$99) -> 0.090953983 | BD87: =BD$99*SUM(AY87:BC87)/SUM(AY$99:BC$99) -> 0.11369874 | BE87: =BE$99*SUM(AZ87:BD87)/SUM(AZ$99:BD$99) -> 0.1364296 | ... BR87: =BR$99*SUM(BM87:BQ87)/SUM(BM$99:BQ$99) -> 0.43138607
A88: October | B88: 0 | C88: 0 | D88: 0 | E88: 0 | F88: 0 | G88: 0 | H88: 0 | I88: 0.039 | J88: 0 | K88: 0 | L88: 0 | M88: 0 | N88: 0 | O88: 0.004 | P88: 0 | Q88: 0 | R88: 0 | S88: 0 | T88: 0 | U88: 0 | V88: 0 | W88: 0 | X88: 0.0003936825 | Y88: 0.0068500755 | Z88: 0.001125932 | AA88: 0 | AB88: 0 | AC88: 2.7557775e-05 | AD88: 0 | AE88: 0.00049603995 | AF88: 0 | AG88: 0 | AH88: 0.00787365 | AI88: 0.0157473 | AJ88: 0 | AK88: 0.007582325 | AL88: 0.00066926025 | AM88: 1.0826987 | AN88: 0.004645424 | AO88: 0.076216448 | AP88: 1.0515586 | AQ88: 0.000669256 | AR88: 1.9008051 | AS88: 0 | AT88: 0.000157472 | AU88: 0.004606056 | AV88: 0.00157472 | AW88: 0.001220408 | AX88: =AX$99*SUM(AS88:AW88)/SUM(AS$99:AW$99) -> 0.00053601139 | AY88: =AY$99*SUM(AT88:AX88)/SUM(AT$99:AX$99) -> 0.00072297282 | AZ88: =AZ$99*SUM(AU88:AY88)/SUM(AU$99:AY$99) -> 0.12134069 | BA88: =BA$99*SUM(AV88:AZ88)/SUM(AV$99:AZ$99) -> 0.2394222 | BB88: =BB$99*SUM(AW88:BA88)/SUM(AW$99:BA$99) -> 0.35847845 | BC88: =BC$99*SUM(AX88:BB88)/SUM(AX$99:BB$99) -> 0.47755477 | BD88: =BD$99*SUM(AY88:BC88)/SUM(AY$99:BC$99) -> 0.5969722 | BE88: =BE$99*SUM(AZ88:BD88)/SUM(AZ$99:BD$99) -> 0.71631545 | ... BR88: =BR$99*SUM(BM88:BQ88)/SUM(BM$99:BQ$99) -> 2.2650169
A89: November | B89: 0 | C89: 0 | D89: 0 | E89: 0 | F89: 0 | G89: 0.007 | H89: 0 | I89: 0.004 | J89: 0 | K89: 0 | L89: 0.001 | M89: 0 | N89: 0 | O89: 0 | P89: 0 | Q89: 0 | R89: 0 | S89: 0 | T89: 0 | U89: 0 | V89: 0 | W89: 0.00018109395 | X89: 0 | Y89: 0.0027557775 | Z89: 0.0016888979 | AA89: 0 | AB89: 0 | AC89: 0 | AD89: 1.1810475e-05 | AE89: 0 | AF89: 0 | AG89: 0 | AH89: 0.0046257694 | AI89: 0.083787446 | AJ89: 0 | AK89: 0 | AL89: 0.0001417257 | AM89: 0.002795128 | AN89: 0 | AO89: 0.092790376 | AP89: 1.825691 | AQ89: 0.00177156 | AR89: 0.000118104 | AS89: 0.002795128 | AT89: 0.00157472 | AU89: 0.000157472 | AV89: 0.000236208 | AW89: 0.001102304 | AX89: =AX$99*SUM(AS89:AW89)/SUM(AS$99:AW$99) -> 0.00041596718 | AY89: =AY$99*SUM(AT89:AX89)/SUM(AT$99:AX$99) -> 0.000311411 | AZ89: =AZ$99*SUM(AU89:AY89)/SUM(AU$99:AY$99) -> 0.031152317 | BA89: =BA$99*SUM(AV89:AZ89)/SUM(AV$99:AZ$99) -> 0.063425087 | BB89: =BB$99*SUM(AW89:BA89)/SUM(AW$99:BA$99) -> 0.095142731 | BC89: =BC$99*SUM(AX89:BB89)/SUM(AX$99:BB$99) -> 0.1262305 | BD89: =BD$99*SUM(AY89:BC89)/SUM(AY$99:BC$99) -> 0.15765899 | BE89: =BE$99*SUM(AZ89:BD89)/SUM(AZ$99:BD$99) -> 0.18912916 | ... BR89: =BR$99*SUM(BM89:BQ89)/SUM(BM$99:BQ$99) -> 0.59859155
A90: December | B90: 0 | C90: 0 | D90: 0 | E90: 0 | F90: 0 | G90: 0 | H90: 0 | I90: 0.003 | J90: 0 | K90: 0.121 | L90: 0 | M90: 0 | N90: 0 | O90: 0 | P90: 0 | Q90: 0 | R90: 0.00011810475 | S90: 0 | T90: 0.0028581349 | U90: 0 | V90: 0 | W90: 0.0034762165 | X90: 0.0007086285 | Y90: 0.0012952154 | Z90: 0 | AA90: 0 | AB90: 0 | AC90: 1.9684125e-05 | AD90: 0 | AE90: 0 | AF90: 0 | AG90: 6.6926025e-05 | AH90: 0 | AI90: 0.0157473 | AJ90: 0.0008661015 | AK90: 0 | AL90: 0.011960074 | AM90: 0.00078736 | AN90: 0 | AO90: 0.11015166 | AP90: 0.97034246 | AQ90: 0.000669256 | AR90: 0.004448584 | AS90: 0.001299144 | AT90: 0 | AU90: 0.00019684 | AV90: 0.003228176 | AW90: 0.00039368 | AX90: =AX$99*SUM(AS90:AW90)/SUM(AS$99:AW$99) -> 0.00036292438 | AY90: =AY$99*SUM(AT90:AX90)/SUM(AT$99:AX$99) -> 0.00037348018 | AZ90: =AZ$99*SUM(AU90:AY90)/SUM(AU$99:AY$99) -> 0.063823131 | BA90: =BA$99*SUM(AV90:AZ90)/SUM(AV$99:AZ$99) -> 0.13018194 | BB90: =BB$99*SUM(AW90:BA90)/SUM(AW$99:BA$99) -> 0.19257601 | BC90: =BC$99*SUM(AX90:BB90)/SUM(AX$99:BB$99) -> 0.25671787 | BD90: =BD$99*SUM(AY90:BC90)/SUM(AY$99:BC$99) -> 0.32087551 | BE90: =BE$99*SUM(AZ90:BD90)/SUM(AZ$99:BD$99) -> 0.38502914 | ... BR90: =BR$99*SUM(BM90:BQ90)/SUM(BM$99:BQ$99) -> 1.217959
A91: January | B91: 0 | C91: 0 | D91: 0 | E91: 0 | F91: 0 | G91: 0 | H91: 0 | I91: 0 | J91: 0 | K91: 0 | L91: 0 | M91: 0 | N91: 0 | O91: 0 | P91: 0 | Q91: 0 | R91: 0 | S91: 0 | T91: 1.57473e-05 | U91: 0 | V91: 0 | W91: 0 | X91: 0.00068500755 | Y91: 0 | Z91: 0 | AA91: 0 | AB91: 0 | AC91: 0 | AD91: 0 | AE91: 0.00083067008 | AF91: 0.00010629428 | AG91: 0.00035431425 | AH91: 0.0008975961 | AI91: 0.003936825 | AJ91: 0 | AK91: 0.01866055 | AL91: 0.009763264 | AM91: 0.007716128 | AN91: 0.005432784 | AO91: 0.005157208 | AP91: 0.001692824 | AQ91: 0.002047136 | AR91: 0.008542856 | AS91: 0.00236208 | AT91: 0.002598288 | AU91: 0.01003884 | AV91: 0.00216524 | AW91: 0.000236208 | AX91: =AX$99*SUM(AS91:AW91)/SUM(AS$99:AW$99) -> 0.0012339429 | AY91: =AY$99*SUM(AT91:AX91)/SUM(AT$99:AX$99) -> 0.0014533752 | AZ91: =AZ$99*SUM(AU91:AY91)/SUM(AU$99:AY$99) -> 0.21195826 | BA91: =BA$99*SUM(AV91:AZ91)/SUM(AV$99:AZ$99) -> 0.41441811 | BB91: =BB$99*SUM(AW91:BA91)/SUM(AW$99:BA$99) -> 0.62104678 | BC91: =BC$99*SUM(AX91:BB91)/SUM(AX$99:BB$99) -> 0.82858561 | BD91: =BD$99*SUM(AY91:BC91)/SUM(AY$99:BC$99) -> 1.0356304 | BE91: =BE$99*SUM(AZ91:BD91)/SUM(AZ$99:BD$99) -> 1.2425881 | ... BR91: =BR$99*SUM(BM91:BQ91)/SUM(BM$99:BQ$99) -> 3.9284948
A92: February | B92: 0 | C92: 0 | D92: 0 | E92: 0 | F92: 0 | G92: 0.001 | H92: 0 | I92: 0 | J92: 0 | K92: 0 | L92: 0 | M92: 0 | N92: 0 | O92: 0.015 | P92: 0 | Q92: 0 | R92: 0 | S92: 0.0046493903 | T92: 0.0038187203 | U92: 0 | V92: 0.00028738822 | W92: 0.0008661015 | X92: 0.00022833585 | Y92: 0 | Z92: 0 | AA92: 0 | AB92: 0 | AC92: 0 | AD92: 0 | AE92: 0 | AF92: 0.000787365 | AG92: 0.03538812 | AH92: 0 | AI92: 0.00016928347 | AJ92: 0.0038187203 | AK92: 0.0010314481 | AL92: 0.025746672 | AM92: 0.049367472 | AN92: 0.003818696 | AO92: 0.003188808 | AP92: 0.005393416 | AQ92: 0 | AR92: 0.040903352 | AS92: 0.000157472 | AT92: 0.00472416 | AU92: 0.003188808 | AV92: 7.8736e-05 | AW92: =AW$99*SUM(AR92:AV92)/SUM(AR$99:AV$99) -> 0.0002283013 | AX92: =AX$99*SUM(AS92:AW92)/SUM(AS$99:AW$99) -> 0.00059407695 | AY92: =AY$99*SUM(AT92:AX92)/SUM(AT$99:AX$99) -> 0.00078722714 | AZ92: =AZ$99*SUM(AU92:AY92)/SUM(AU$99:AY$99) -> 0.068335471 | BA92: =BA$99*SUM(AV92:AZ92)/SUM(AV$99:AZ$99) -> 0.13369976 | BB92: =BB$99*SUM(AW92:BA92)/SUM(AW$99:BA$99) -> 0.20097409 | BC92: =BC$99*SUM(AX92:BB92)/SUM(AX$99:BB$99) -> 0.26803412 | BD92: =BD$99*SUM(AY92:BC92)/SUM(AY$99:BC$99) -> 0.3349126 | ... BR92: =BR$99*SUM(BM92:BQ92)/SUM(BM$99:BQ$99) -> 1.2703174
A93: March | B93: 0 | C93: 0 | D93: 0 | E93: 0 | F93: 0 | G93: 0.001 | H93: 0 | I93: 0 | J93: 0 | K93: 0 | L93: 0 | M93: 0 | N93: 0 | O93: 0 | P93: 0.075 | Q93: 0.06 | R93: 0.0003936825 | S93: 0 | T93: 0 | U93: 0.00018503078 | V93: 0.00038580885 | W93: 0.00077555452 | X93: 2.7557775e-05 | Y93: 0 | Z93: 0 | AA93: 0 | AB93: 0 | AC93: 0.021845442 | AD93: 0 | AE93: 0.014735536 | AF93: 0.001417257 | AG93: 0 | AH93: 0.0033659854 | AI93: 0 | AJ93: 7.87365e-05 | AK93: 0.0013857624 | AL93: 0.0167314 | AM93: 1.0843916 | AN93: 0.000157472 | AO93: 0.001299144 | AP93: 0.000354312 | AQ93: 0 | AR93: 0.004409216 | AS93: 0.000157472 | AT93: 0.006810664 | AU93: 3.9368e-05 | AV93: 0.002637656 | AW93: =AW$99*SUM(AR93:AV93)/SUM(AR$99:AV$99) -> 6.541217e-05 | AX93: =AX$99*SUM(AS93:AW93)/SUM(AS$99:AW$99) -> 0.00068861148 | AY93: =AY$99*SUM(AT93:AX93)/SUM(AT$99:AX$99) -> 0.00091473544 | AZ93: =AZ$99*SUM(AU93:AY93)/SUM(AU$99:AY$99) -> 0.060890309 | BA93: =BA$99*SUM(AV93:AZ93)/SUM(AV$99:AZ$99) -> 0.12448318 | BB93: =BB$99*SUM(AW93:BA93)/SUM(AW$99:BA$99) -> 0.18458923 | BC93: =BC$99*SUM(AX93:BB93)/SUM(AX$99:BB$99) -> 0.24627767 | BD93: =BD$99*SUM(AY93:BC93)/SUM(AY$99:BC$99) -> 0.30765644 | ... BR93: =BR$99*SUM(BM93:BQ93)/SUM(BM$99:BQ$99) -> 1.1674703
A94: April | B94: 0 | C94: 0 | D94: 0 | E94: 0 | F94: 0.002 | G94: 0 | H94: 0 | I94: 0 | J94: 0 | K94: 0 | L94: 0.001 | M94: 0 | N94: 0 | O94: 0 | P94: 0.001 | Q94: 0 | R94: 0.00013778888 | S94: 0.00014959935 | T94: 0 | U94: 0.0032124492 | V94: 0.010330229 | W94: 0.014475706 | X94: 0.00083854373 | Y94: 0.00093696435 | Z94: 0 | AA94: 0.0019093601 | AB94: 0 | AC94: 0 | AD94: 5.1178725e-05 | AE94: 0.0069563698 | AF94: 0 | AG94: 1.57473e-05 | AH94: 0.0020747068 | AI94: 0.00043698758 | AJ94: 5.511555e-05 | AK94: 5.9052375e-05 | AL94: 0.007716128 | AM94: 1.6258984 | AN94: 0.004291112 | AO94: 0.00039368 | AP94: 0.000472416 | AQ94: 0.001495984 | AR94: 3.9368e-05 | AS94: 0.005629624 | AT94: 0.01535352 | AU94: 0.001535352 | AV94: 7.8736e-05 | AW94: =AW$99*SUM(AR94:AV94)/SUM(AR$99:AV$99) -> 0.00010535574 | AX94: =AX$99*SUM(AS94:AW94)/SUM(AS$99:AW$99) -> 0.0016099219 | AY94: =AY$99*SUM(AT94:AX94)/SUM(AT$99:AX$99) -> 0.0016686564 | AZ94: =AZ$99*SUM(AU94:AY94)/SUM(AU$99:AY$99) -> 0.07002906 | BA94: =BA$99*SUM(AV94:AZ94)/SUM(AV$99:AZ$99) -> 0.14032122 | BB94: =BB$99*SUM(AW94:BA94)/SUM(AW$99:BA$99) -> 0.21093115 | BC94: =BC$99*SUM(AX94:BB94)/SUM(AX$99:BB$99) -> 0.28140258 | BD94: =BD$99*SUM(AY94:BC94)/SUM(AY$99:BC$99) -> 0.35112506 | ... BR94: =BR$99*SUM(BM94:BQ94)/SUM(BM$99:BQ$99) -> 1.3319358
A95: May | B95: 0 | C95: 0 | D95: 0 | E95: 0.002 | F95: 0 | G95: 0 | H95: 0 | I95: 0 | J95: 0 | K95: 0 | L95: 0 | M95: 0 | N95: 0 | O95: 0 | P95: 0.042 | Q95: 0 | R95: 0.0047517478 | S95: 0.00087791198 | T95: 9.44838e-05 | U95: 0.00096452213 | V95: 5.1178725e-05 | W95: 0.010157009 | X95: 0.00472419 | Y95: 0 | Z95: 0.00035037743 | AA95: 0 | AB95: 0 | AC95: 7.4799675e-05 | AD95: 0 | AE95: 5.1178725e-05 | AF95: 0 | AG95: 0 | AH95: 0.00018109395 | AI95: 1.57473e-05 | AJ95: 0.00043305075 | AK95: 0.0002519568 | AL95: 0.026809608 | AM95: 2.8108358 | AN95: 0.001495984 | AO95: 0.002047136 | AP95: 0.003818696 | AQ95: 0.002519552 | AR95: 0.005039104 | AS95: 0.001102304 | AT95: 0.01141672 | AU95: 0.000551152 | AV95: 0.001456616 | AW95: =AW$99*SUM(AR95:AV95)/SUM(AR$99:AV$99) -> 9.1064001e-05 | AX95: =AX$99*SUM(AS95:AW95)/SUM(AS$99:AW$99) -> 0.0010366046 | AY95: =AY$99*SUM(AT95:AX95)/SUM(AT$99:AX$99) -> 0.0012997215 | AZ95: =AZ$99*SUM(AU95:AY95)/SUM(AU$99:AY$99) -> 0.062142575 | BA95: =BA$99*SUM(AV95:AZ95)/SUM(AV$99:AZ$99) -> 0.12606766 | BB95: =BB$99*SUM(AW95:BA95)/SUM(AW$99:BA$99) -> 0.18813746 | BC95: =BC$99*SUM(AX95:BB95)/SUM(AX$99:BB$99) -> 0.25099553 | BD95: =BD$99*SUM(AY95:BC95)/SUM(AY$99:BC$99) -> 0.3133832 | ... BR95: =BR$99*SUM(BM95:BQ95)/SUM(BM$99:BQ$99) -> 1.1889439
A96: June | B96: 0 | C96: 0 | D96: 0 | E96: 0 | F96: 0 | G96: 0 | H96: 0.006 | I96: 0 | J96: 0 | K96: 0 | L96: 0 | M96: 0 | N96: 0 | O96: 0 | P96: 0.024 | Q96: 0 | R96: 3.936825e-05 | S96: 0.0067359076 | T96: 0.0008661015 | U96: 0 | V96: 5.511555e-05 | W96: 0.0017479503 | X96: 0.003058913 | Y96: 0.00077949135 | Z96: 0 | AA96: 0 | AB96: 9.44838e-05 | AC96: 0.00021258855 | AD96: 0 | AE96: 0.0011889212 | AF96: 0 | AG96: 0 | AH96: 0.00068500755 | AI96: 0 | AJ96: 1.1810475e-05 | AK96: 0 | AL96: 0.004802896 | AM96: 1.6158989 | AN96: 0.020825672 | AO96: 0.038501904 | AP96: 0.002991968 | AQ96: 0.001889664 | AR96: 0.043147328 | AS96: 0.022006712 | AT96: 0.00610204 | AU96: 0.0009842 | AV96: 3.9368e-05 | AW96: =AW$99*SUM(AR96:AV96)/SUM(AR$99:AV$99) -> 0.00033640545 | AX96: =AX$99*SUM(AS96:AW96)/SUM(AS$99:AW$99) -> 0.002089733 | AY96: =AY$99*SUM(AT96:AX96)/SUM(AT$99:AX$99) -> 0.0008531114 | AZ96: =AZ$99*SUM(AU96:AY96)/SUM(AU$99:AY$99) -> 0.060288307 | BA96: =BA$99*SUM(AV96:AZ96)/SUM(AV$99:AZ$99) -> 0.1214477 | BB96: =BB$99*SUM(AW96:BA96)/SUM(AW$99:BA$99) -> 0.18258883 | BC96: =BC$99*SUM(AX96:BB96)/SUM(AX$99:BB$99) -> 0.24342866 | BD96: =BD$99*SUM(AY96:BC96)/SUM(AY$99:BC$99) -> 0.30339493 | ... BR96: =BR$99*SUM(BM96:BQ96)/SUM(BM$99:BQ$99) -> 1.1516989
A97: July | B97: 0 | C97: 0 | D97: 0.01 | E97: 0 | F97: 0 | G97: 0 | H97: 0 | I97: 0 | J97: 0.142 | K97: 0 | L97: 0.001 | M97: 0 | N97: 0 | O97: 0 | P97: 0.075 | Q97: 0.001 | R97: 0.0014330043 | S97: 0 | T97: 0.00011810475 | U97: 0.0025668099 | V97: 0 | W97: 0.00182275 | X97: 0 | Y97: 0.0007086285 | Z97: 0 | AA97: 0 | AB97: 8.661015e-05 | AC97: 0 | AD97: 0 | AE97: 0 | AF97: 0 | AG97: 0.00057083962 | AH97: 0.00011810475 | AI97: 0 | AJ97: 0 | AK97: 0 | AL97: 0.000236208 | AM97: 1.2894201 | AN97: 0.025471096 | AO97: 0.001456616 | AP97: 0.001535352 | AQ97: 1.728767 | AR97: 0.001456616 | AS97: 0.002834496 | AT97: 0.001023568 | AU97: 0 | AV97: 0.00039368 | AW97: =AW$99*SUM(AR97:AV97)/SUM(AR$99:AV$99) -> 2.6567968e-05 | AX97: =AX$99*SUM(AS97:AW97)/SUM(AS$99:AW$99) -> 0.00030339044 | AY97: =AY$99*SUM(AT97:AX97)/SUM(AT$99:AX$99) -> 0.00015605122 | AZ97: =AZ$99*SUM(AU97:AY97)/SUM(AU$99:AY$99) -> 0.012325644 | BA97: =BA$99*SUM(AV97:AZ97)/SUM(AV$99:AZ$99) -> 0.025213565 | BB97: =BB$99*SUM(AW97:BA97)/SUM(AW$99:BA$99) -> 0.037526527 | BC97: =BC$99*SUM(AX97:BB97)/SUM(AX$99:BB$99) -> 0.050058836 | BD97: =BD$99*SUM(AY97:BC97)/SUM(AY$99:BC$99) -> 0.062453325 | ... BR97: =BR$99*SUM(BM97:BQ97)/SUM(BM$99:BQ$99) -> 0.23707994
A98: August | B98: 0 | C98: 0 | D98: 0.011 | E98: 0 | F98: 0 | G98: 0 | H98: 0.01 | I98: 0 | J98: 0 | K98: 0 | L98: 0 | M98: 0 | N98: 0.007 | O98: 0 | P98: 0.008 | Q98: 0.001 | R98: 0.0003936825 | S98: 0 | T98: 0 | U98: 0.00043305075 | V98: 0.0026061782 | W98: 0.0007086285 | X98: 0 | Y98: 0 | Z98: 0 | AA98: 0 | AB98: 0 | AC98: 0.00024801997 | AD98: 0 | AE98: 0.000787365 | AF98: 0 | AG98: 0.039163535 | AH98: 0.00787365 | AI98: 0 | AJ98: 0.00012991523 | AK98: 0.0005669028 | AL98: 0.00078736 | AM98: 0.00059052 | AN98: 0.022006712 | AO98: 0 | AP98: 0.000354312 | AQ98: 0.00059052 | AR98: 7.8736e-05 | AS98: 0.000708624 | AT98: 0.000118104 | AU98: 0.00708624 | AV98: 0.000708624 | AW98: =AW99-SUM(AW87:AW97) -> 0.0058793494 | AX98: =AX99-SUM(AX87:AX97) -> 0.0010283137 | AY98: =AY99-SUM(AY87:AY97) -> 0.0013237003 | AZ98: =AZ99-SUM(AZ87:AZ97) -> 0.22454916 | BA98: =BA99-SUM(BA87:BA97) -> 0.44581183 | BB98: =BB99-SUM(BB87:BB97) -> 0.66969278 | BC98: =BC99-SUM(BC87:BC97) -> 0.88975987 | BD98: =BD99-SUM(BD87:BD97) -> 1.1122386 | ... BR98: =BR99-SUM(BR87:BR97) -> 4.2211054
A99: Total | B99: =SUM(B87:B98) -> 0.001 | C99: =SUM(C87:C98) -> 0 | D99: =SUM(D87:D98) -> 0.021 | E99: =SUM(E87:E98) -> 0.002 | F99: =SUM(F87:F98) -> 0.002 | G99: =SUM(G87:G98) -> 0.009 | H99: =SUM(H87:H98) -> 0.016 | I99: =SUM(I87:I98) -> 0.051 | ... AV99: =SUM(AV87:AV98) -> 0.012715864 | AW99: =AW9 -> 0.01 | AX99: =AX9 -> 0.01 | AY99: =AY9 -> 0.01 | AZ99: =AZ9 -> 1.01 | BA99: =BA9 -> 2.01 | BB99: =BB9 -> 3.01 | BC99: =BC9 -> 4.01 | BD99: =BD9 -> 5.01 | ... BR99: =BR9 -> 19.01
A101: SORGHUM EXPORTS
B102: =B2 -> 75/76 | C102: =C2 -> 76/77 | D102: =D2 -> 77/78 | E102: =E2 -> 78/79 | F102: =F2 -> 79/80 | G102: =G2 -> 80/81 | H102: =H2 -> 81/82 | I102: =I2 -> 82/83 | ... BR102: =BR2 -> 43/44
...

Sheet Barley
A1: U.S. BARLEY SUPPLY AND DEMAND (million bushels/million acres) MY Jun to May
B2: =Corn!B2 -> 75/76 | C2: =Corn!C2 -> 76/77 | D2: =Corn!D2 -> 77/78 | E2: =Corn!E2 -> 78/79 | F2: =Corn!F2 -> 79/80 | G2: =Corn!G2 -> 80/81 | H2: =Corn!H2 -> 81/82 | I2: =Corn!I2 -> 82/83 | ... BR2: =Corn!BR2 -> 43/44
B3: 1975 | C3: 1976 | D3: 1977 | E3: 1978 | F3: 1979 | G3: 1980 | H3: 1981 | I3: 1982 | J3: 1983 | K3: 1984 | L3: 1985 | M3: 1986 | N3: 1987 | O3: 1988 | P3: 1989 | Q3: 1990 | R3: 1991 | S3: 1992 | T3: 1993 | U3: 1994 | V3: 1995 | W3: 1996 | X3: 1997 | Y3: 1998 | Z3: 1999 | AA3: 2000 | AB3: 2001 | AC3: 2002 | AD3: 2003 | AE3: 2004 | AF3: 2005 | AG3: 2006 | AH3: 2007 | AI3: 2008 | AJ3: 2009 | AK3: 2010 | AL3: 2011 | AM3: 2012 | AN3: 2013 | AO3: 2014 | AP3: 2015 | AQ3: 2016 | AR3: 2017 | AS3: 2018 | AT3: 2019 | AU3: 2020 | AV3: 2021 | AW3: 2022 | AX3: 2023 | AY3: 2024
A4: [1] Planted Acres | B4: 9.373 | C4: 9.301 | D4: 10.778 | E4: 9.989 | F4: 8.116 | G4: 8.32 | H4: 9.618 | I4: 9.549 | J4: 10.411 | K4: 11.934 | L4: 13.139 | M4: 13.024 | N4: 10.929 | O4: 9.831 | P4: 9.125 | Q4: 8.221 | R4: 8.941 | S4: 7.762 | T4: 7.786 | U4: 7.159 | V4: 6.689 | W4: 7.094 | X4: 6.706 | Y4: 6.325 | Z4: 4.983 | AA4: 5.801 | AB4: 4.951 | AC4: 5.008 | AD4: 5.348 | AE4: 4.527 | AF4: 3.875 | AG4: 3.452 | AH4: 4.018 | AI4: 4.239 | AJ4: 3.568 | AK4: 2.872 | AL4: 2.564 | AM4: 3.66 | AN4: 3.528 | AO4: 3.031 | AP4: 3.583 | AQ4: 3.059 | AR4: 2.486 | AS4: 2.494 | AT4: 2.767 | AU4: 2.727 | AV4: 2.707 | AW4: 2.927 | AX4: 3.101 | AY4: 2.566 | AZ4: =FORECAST(AZ176,AK4:AY4,AK176:AY176) -> 2.681619 | BA4: =FORECAST(BA176,AL4:AZ4,AL176:AZ176) -> 2.6025079 | BB4: =FORECAST(BB176,AM4:BA4,AM176:BA176) -> 2.4578733 | BC4: =FORECAST(BC176,AN4:BB4,AN176:BB176) -> 2.4510169 | BD4: =FORECAST(BD176,AO4:BC4,AO176:BC176) -> 2.4553071 | BE4: =FORECAST(BE176,AP4:BD4,AP176:BD176) -> 2.4110456 | BF4: =FORECAST(BF176,AQ4:BE4,AQ176:BE176) -> 2.4608009 | BG4: =FORECAST(BG176,AR4:BF4,AR176:BF176) -> 2.4724705 | ... BR4: =FORECAST(BR176,BC4:BQ4,BC176:BQ176) -> 2.0166648
A5: [2] Harvest Acres | B5: 8.617 | C5: 8.439 | D5: 9.728 | E5: 9.248 | F5: 7.527 | G5: 7.26 | H5: 9.038 | I5: 9.013 | J5: 9.721 | K5: 11.218 | L5: 11.591 | M5: 11.974 | N5: 9.957 | O5: 7.636 | P5: 8.313 | Q5: 7.529 | R5: 8.413 | S5: 7.285 | T5: 6.753 | U5: 6.667 | V5: 6.279 | W5: 6.707 | X5: 6.198 | Y5: 5.854 | Z5: 4.573 | AA5: 5.2 | AB5: 4.273 | AC5: 4.123 | AD5: 4.727 | AE5: 4.021 | AF5: 3.269 | AG5: 2.951 | AH5: 3.502 | AI5: 3.775 | AJ5: 3.114 | AK5: 2.465 | AL5: 2.241 | AM5: 3.274 | AN5: 3.04 | AO5: 2.497 | AP5: 3.158 | AQ5: 2.565 | AR5: 1.962 | AS5: 1.951 | AT5: 2.22 | AU5: 2.213 | AV5: 1.994 | AW5: 2.425 | AX5: 2.555 | AY5: =AY4*AVERAGE(AO7:AX7) -> 2.0830964 | AZ5: =AZ4*AVERAGE(AP7:AY7) -> 2.1737351 | BA5: =BA4*AVERAGE(AQ7:AZ7) -> 2.091187 | BB5: =BB4*AVERAGE(AR7:BA7) -> 1.966371 | BC5: =BC4*AVERAGE(AS7:BB7) -> 1.9635352 | BD5: =BD4*AVERAGE(AT7:BC7) -> 1.9715961 | BE5: =BE4*AVERAGE(AU7:BD7) -> 1.9362186 | BF5: =BF4*AVERAGE(AV7:BE7) -> 1.9740951 | ... BR5: =BR4*AVERAGE(BH7:BQ7) -> 1.6228703
A6: [3] Yield [6]/[2] | B6: =B9/B5 -> 44.001625 | C6: =C9/C5 -> 45.385354 | D6: =D9/D5 -> 43.974507 | E6: =E9/E5 -> 49.173767 | F6: =F9/F5 -> 50.91019 | G6: =G9/G5 -> 49.743113 | H6: =H9/H5 -> 52.391237 | I6: =I9/I5 -> 57.243426 | ... AX6: =AX9/AX5 -> 72.421135 | AY6: =FORECAST(AY176,AJ6:AX6,AJ176:AX176)+7.5 -> 80.258024 | AZ6: =FORECAST(AZ176,AK6:AY6,AK176:AY176)+7.5 -> 82.503277 | BA6: =FORECAST(BA176,AL6:AZ6,AL176:AZ176)+7.5 -> 85.190119 | BB6: =FORECAST(BB176,AM6:BA6,AM176:BA176)+7.5 -> 87.669789 | BC6: =FORECAST(BC176,AN6:BB6,AN176:BB176)+7.5 -> 89.99666 | BD6: =FORECAST(BD176,AO6:BC6,AO176:BC176)+7.5 -> 93.06427 | BE6: =FORECAST(BE176,AP6:BD6,AP176:BD176)+7.5 -> 96.643347 | BF6: =FORECAST(BF176,AQ6:BE6,AQ176:BE176)+7.5 -> 100.01003 | ... BR6: =FORECAST(BR176,BC6:BQ6,BC176:BQ176)+7.5 -> 178.2952
A7: [4] Harvested Percent [2]/[1] | B7: =B5/B4 -> 0.91934279 | C7: =C5/C4 -> 0.90732179 | D7: =D5/D4 -> 0.90257933 | E7: =E5/E4 -> 0.9258184 | F7: =F5/F4 -> 0.9274273 | G7: =G5/G4 -> 0.87259615 | H7: =H5/H4 -> 0.9396964 | I7: =I5/I4 -> 0.94386847 | ... BR7: =BR5/BR4 -> 0.80472981
