Workbook

Sheet Corn 1
A1: BRAZILIAN CORN PRODUCTION BY STATE | BC1: CONAB Implied Yr0over0Yr Change | BD1: FM Implied Yr0over0Yr Change | BE1: FM 0 CONAB Percent Difference
A2: (000 ha, kg/ha, 000 mt) | AY2: 2025/26
A3: NORTH | B3: 1976/77 | C3: 1977/78 | D3: 1978/79 | E3: 1979/80 | F3: 1980/81 | G3: 1981/82 | H3: 1982/83 | I3: 1983/84 | J3: 1984/85 | K3: 1985/86 | L3: 1986/87 | M3: 1987/88 | N3: 1988/89 | O3: 1989/90 | P3: 1990/91 | Q3: 1991/92 | R3: 1992/93 | S3: 1993/94 | T3: 1994/95 | U3: 1995/96 | V3: 1996/97 | W3: 1997/98 | X3: 1998/99 | Y3: 1999/00 | Z3: 2000/01 | AA3: 2001/02 | AB3: 2002/03 | AC3: 2003/04 | AD3: 2004/05 | AE3: 2005/06 | AF3: 2006/07 | AG3: 2007/08 | AH3: 2008/09 | AI3: 2009/10 | AJ3: 2010/11 | AK3: 2011/12 | AL3: 2012/13 | AM3: 2013/14 | AN3: 2014/15 | AO3: 2015/16 | AP3: 2016/17 | AQ3: 2017/18 | AR3: 2018/19 | AS3: 2019/20 | AT3: 2020/21 | AU3: 2021/22 | AV3: 2022/23 | AW3: 2023/24 | AX3: 2024/25 | AY3: CONAB | AZ3: RLC | BA3: RLC - CONAB
A4: area | B4: =B8+B12+B16+B20+B24+B28+B32 -> 117.1 | C4: =C8+C12+C16+C20+C24+C28+C32 -> 128.2 | D4: =D8+D12+D16+D20+D24+D28+D32 -> 108.8 | E4: =E8+E12+E16+E20+E24+E28+E32 -> 178.7 | F4: =F8+F12+F16+F20+F24+F28+F32 -> 192.3 | G4: =G8+G12+G16+G20+G24+G28+G32 -> 235.7 | H4: =H8+H12+H16+H20+H24+H28+H32 -> 175.7 | I4: =I8+I12+I16+I20+I24+I28+I32 -> 254.9 | ... AW4: =AW8+AW12+AW16+AW20+AW24+AW28+AW32 -> 290 | AX4: 335.7 | AY4: =AY8+AY12+AY16+AY20+AY24+AY28+AY32 -> 357.6 | BC4: =AY4-AV4 -> 77.4 | BD4: =AZ4-AV4 -> -280.2 | BE4: =BA4/AY4 -> 0 | BV4: PROD= 1000 TON
A5: yield | B5: =B9+B13+B17+B21+B25+B29+B33 -> 6300 | C5: =C9+C13+C17+C21+C25+C29+C33 -> 6276 | D5: =D9+D13+D17+D21+D25+D29+D33 -> 6310 | E5: =E9+E13+E17+E21+E25+E29+E33 -> 6823 | F5: =F9+F13+F17+F21+F25+F29+F33 -> 6572 | G5: =G9+G13+G17+G21+G25+G29+G33 -> 7094 | H5: =H9+H13+H17+H21+H25+H29+H33 -> 7043 | I5: =I9+I13+I17+I21+I25+I29+I33 -> 7289 | ... AY5: =AY9+AY13+AY17+AY21+AY25+AY29+AY33 -> 19397 | BC5: =AY5-AV5 -> 823 | BD5: =AZ5-AV5 -> -18574 | BE5: 0 | BT5: =AZ5/1000 -> 0 | BV5: YIELD=KG/HA
A6: production | B6: =B10+B14+B18+B22+B26+B30+B34 -> 118.3 | C6: =C10+C14+C18+C22+C26+C30+C34 -> 138.2 | D6: =D10+D14+D18+D22+D26+D30+D34 -> 125.8 | E6: =E10+E14+E18+E22+E26+E30+E34 -> 224.1 | F6: =F10+F14+F18+F22+F26+F30+F34 -> 214.1 | G6: =G10+G14+G18+G22+G26+G30+G34 -> 316.6 | H6: =H10+H14+H18+H22+H26+H30+H34 -> 205.4 | I6: =I10+I14+I18+I22+I26+I30+I34 -> 327.8 | ... AV6: =AV10+AV14+AV18+AV22+AV26+AV30+AV34 -> 1064.8 | AW6: 1126.6 | AX6: 1381.6 | AY6: =AY10+AY14+AY18+AY22+AY26+AY30+AY34 -> 1411.9 | BC6: =AY6-AV6 -> 347.1 | BD6: =AZ6-AV6 -> -1064.8 | BE6: =BA6/AY6 -> 0 | BT6: =AZ6*1000 -> 0 | BV6: AREA= 1000 HECTARES
A7: Roraima | B7: =B11+B15+B19+B23+B27+B31+B35 -> 0
A8: area | B8: 4.8 | C8: 3.2 | D8: 3.2 | E8: 6 | F8: 16 | G8: 4.6 | H8: 7 | I8: 5 | J8: 6.7 | K8: 6.7 | L8: 9.4 | M8: 3.3 | N8: 5.1 | O8: 3.2 | P8: 3.2 | Q8: 5 | R8: 5 | S8: 5 | T8: 12.8 | U8: 12.8 | V8: 12.8 | W8: 13.5 | X8: 15 | Y8: 15 | Z8: 11 | AA8: 9.5 | AB8: 8.9 | AC8: 17.3 | AD8: 13 | AE8: 12.2 | AF8: 12.2 | AG8: 6.4 | AH8: 6.5 | AI8: 6.5 | AJ8: 6.5 | AK8: 6.5 | AL8: 6.5 | AM8: 6.2 | AN8: 6.2 | AO8: 0 | AP8: 0 | AQ8: 0 | AR8: 0 | AS8: 0 | AT8: 0 | AU8: 0 | AV8: 0 | BC8: =AY8-AV8 -> 0 | BD8: =AZ8-AV8 -> 0 | BE8: =BA8/AY8 -> #DIV/0!
A9: yield | B9: 1021 | C9: 938 | D9: 938 | E9: 950 | F9: 938 | G9: 913 | H9: 443 | I9: 820 | J9: 836 | K9: 836 | L9: 628 | M9: 606 | N9: 1039 | O9: 969 | P9: 975 | Q9: 1000 | R9: 1000 | S9: 1000 | T9: 1200 | U9: 1200 | V9: 1200 | W9: 1200 | X9: 1300 | Y9: 1300 | Z9: 1500 | AA9: 3600 | AB9: 4800 | AC9: 2500 | AD9: 2000 | AE9: 2000 | AF9: 2000 | AG9: 2000 | AH9: 1969 | AI9: 1969 | AJ9: 2000 | AK9: 2000 | AL9: 2000 | AM9: 923 | AN9: 2483 | AO9: 0 | AP9: 0 | AQ9: 0 | AR9: 0 | AS9: 0 | AT9: 0 | AU9: 0 | AV9: 0 | BC9: =AY9-AV9 -> 0 | BD9: =AZ9-AV9 -> 0 | BE9: 0 | BT9: =AZ9/1000 -> 0
A10: production | B10: 4.9 | C10: 3 | D10: 3 | E10: 5.7 | F10: 15 | G10: 4.2 | H10: 3.1 | I10: 4.1 | J10: 5.6 | K10: 5.6 | L10: 5.9 | M10: 2 | N10: 5.3 | O10: 3.1 | P10: 3.1 | Q10: 5 | R10: 5 | S10: 5 | T10: 15.4 | U10: 15.4 | V10: 15.4 | W10: 16.2 | X10: 19.5 | Y10: 19.5 | Z10: 16.5 | AA10: 34.2 | AB10: 42.7 | AC10: 43.3 | AD10: 26 | AE10: 24.4 | AF10: 24.4 | AG10: 12.8 | AH10: 12.8 | AI10: 12.8 | AJ10: 13 | AK10: 13 | AL10: 13 | AM10: 5.7 | AN10: 15.4 | AO10: 0 | AP10: 0 | AQ10: 0 | AR10: 0 | AS10: 0 | AT10: 0 | AU10: 0 | AV10: 0 | BC10: =AY10-AV10 -> 0 | BD10: =AZ10-AV10 -> 0 | BE10: =BA10/AY10 -> #DIV/0! | BT10: =AZ10*1000 -> 0
A11: Rondônia
A12: area | B12: 22.7 | C12: 35.3 | D12: 35.8 | E12: 63 | F12: 70 | G12: 81 | H12: 66.7 | I12: 113 | J12: 91 | K12: 105.6 | L12: 107.3 | M12: 122.2 | N12: 130 | O12: 117 | P12: 117 | Q12: 146.7 | R12: 154 | S12: 196 | T12: 201.9 | U12: 208 | V12: 203.4 | W12: 144.4 | X12: 140.1 | Y12: 128.2 | Z12: 125 | AA12: 98 | AB12: 100 | AC12: 116 | AD12: 124.1 | AE12: 125 | AF12: 118.1 | AG12: 135.6 | AH12: 115.3 | AI12: 104.8 | AJ12: 93.7 | AK12: 93.9 | AL12: 76.6 | AM12: 60.9 | AN12: 46 | AO12: 38.6 | AP12: 40.2 | AQ12: 29.1 | AR12: 11.3 | AS12: 11.9 | AT12: 12.6 | AU12: 14.7 | AV12: 14.7 | AW12: 16 | AX12: 16.1 | AY12: 16.1 | BC12: =AY12-AV12 -> 1.4 | BD12: =AZ12-AV12 -> -14.7 | BE12: =BA12/AY12 -> 0
A13: yield | B13: 1502 | C13: 1527 | D13: 1486 | E13: 1711 | F13: 1600 | G13: 1684 | H13: 1460 | I13: 1450 | J13: 1600 | K13: 1800 | L13: 1670 | M13: 1670 | N13: 1670 | O13: 1750 | P13: 1750 | Q13: 1800 | R13: 1940 | S13: 1980 | T13: 1890 | U13: 1859 | V13: 1900 | W13: 1830 | X13: 1550 | Y13: 1750 | Z13: 1650 | AA13: 1820 | AB13: 1840 | AC13: 2000 | AD13: 1860 | AE13: 1950 | AF13: 2032 | AG13: 2250 | AH13: 2064 | AI13: 2049 | AJ13: 2173 | AK13: 2201 | AL13: 2187 | AM13: 2035 | AN13: 2174 | AO13: 2657 | AP13: 2661 | AQ13: 2471 | AR13: 2492 | AS13: 2958 | AT13: 3264 | AU13: 3253 | AV13: 3253 | AW13: 3197 | AX13: 3538 | AY13: 3263 | BC13: =AY13-AV13 -> 10 | BD13: =AZ13-AV13 -> -3253 | BE13: 0 | BT13: =AZ13/1000 -> 0
A14: production | B14: 34.1 | C14: 53.9 | D14: 53.2 | E14: 107.8 | F14: 112 | G14: 136.4 | H14: 97.4 | I14: 163.8 | J14: 145.6 | K14: 190.1 | L14: 179.2 | M14: 204.1 | N14: 217.1 | O14: 204.8 | P14: 204.8 | Q14: 264.1 | R14: 298.8 | S14: 388.1 | T14: 381.6 | U14: 386.7 | V14: 386.5 | W14: 264.3 | X14: 217.2 | Y14: 224.4 | Z14: 206.3 | AA14: 178.4 | AB14: 184 | AC14: 232 | AD14: 230.8 | AE14: 243.8 | AF14: 240 | AG14: 305.1 | AH14: 238 | AI14: 214.7 | AJ14: 203.6 | AK14: 206.7 | AL14: 167.5 | AM14: 123.9 | AN14: 100 | AO14: 102.6 | AP14: 107 | AQ14: 71.9 | AR14: 28.2 | AS14: 35.2 | AT14: 41.1 | AU14: 47.8 | AV14: 47.8 | AW14: 51.2 | AX14: 57 | AY14: 52.5 | BC14: =AY14-AV14 -> 4.7 | BD14: =AZ14-AV14 -> -47.8 | BE14: =BA14/AY14 -> 0 | BT14: =AZ14*1000 -> 0
A15: Acre
A16: area | B16: 17 | C16: 17.5 | D16: 13 | E16: 17 | F16: 18 | G16: 20 | H16: 25 | I16: 21.4 | J16: 23 | K16: 23.9 | L16: 27 | M16: 27.6 | N16: 31.2 | O16: 30.5 | P16: 30.5 | Q16: 35 | R16: 35 | S16: 36.3 | T16: 37.6 | U16: 37.9 | V16: 21 | W16: 24.7 | X16: 28.6 | Y16: 34.9 | Z16: 30 | AA16: 33 | AB16: 34 | AC16: 38 | AD16: 42.5 | AE16: 36.6 | AF16: 37 | AG16: 24.3 | AH16: 24.5 | AI16: 29 | AJ16: 37.7 | AK16: 43.8 | AL16: 46.1 | AM16: 46.5 | AN16: 41.3 | AO16: 39.6 | AP16: 34.9 | AQ16: 31 | AR16: 32.9 | AS16: 30.4 | AT16: 28.1 | AU16: 39.3 | AV16: 31.4 | AW16: 29.8 | AX16: 29.7 | AY16: 31.1 | BC16: =AY16-AV15 -> 31.1 | BD16: =AZ16-AV15 -> 0 | BE16: =BA16/AY16 -> 0
A17: yield | B17: 1176 | C17: 1200 | D17: 1154 | E17: 1335 | F17: 1389 | G17: 1320 | H17: 840 | I17: 1248 | J17: 1122 | K17: 1201 | L17: 1281 | M17: 1478 | N17: 1580 | O17: 1590 | P17: 1590 | Q17: 1752 | R17: 1750 | S17: 1698 | T17: 1540 | U17: 1540 | V17: 1370 | W17: 1356 | X17: 1471 | Y17: 1500 | Z17: 1520 | AA17: 1550 | AB17: 1455 | AC17: 1368 | AD17: 1490 | AE17: 1460 | AF17: 1520 | AG17: 1729 | AH17: 1803 | AI17: 1992 | AJ17: 2220 | AK17: 2290 | AL17: 2421 | AM17: 2340 | AN17: 2332 | AO17: 2442 | AP17: 2350 | AQ17: 2616 | AR17: 2383 | AS17: 2504 | AT17: 2799 | AU17: 3170 | AV17: 2860 | AW17: 2935 | AX17: 2972 | AY17: 3144 | BC17: =AY17-AV17 -> 284 | BD17: =AZ17-AV17 -> -2860 | BE17: 0 | BT17: =AZ17/1000 -> 0
A18: production | B18: 20 | C18: 21 | D18: 15 | E18: 22.7 | F18: 25 | G18: 26.4 | H18: 21 | I18: 26.7 | J18: 25.8 | K18: 28.7 | L18: 34.6 | M18: 40.8 | N18: 49.3 | O18: 48.5 | P18: 48.5 | Q18: 61.3 | R18: 61.3 | S18: 61.6 | T18: 57.9 | U18: 58.4 | V18: 28.8 | W18: 33.5 | X18: 42.1 | Y18: 52.4 | Z18: 45.6 | AA18: 51.2 | AB18: 49.5 | AC18: 52 | AD18: 63.3 | AE18: 53.4 | AF18: 56.2 | AG18: 42 | AH18: 44.2 | AI18: 57.8 | AJ18: 83.7 | AK18: 100.3 | AL18: 111.6 | AM18: 108.8 | AN18: 96.3 | AO18: 96.7 | AP18: 82 | AQ18: 81.1 | AR18: 78.4 | AS18: 76.1 | AT18: 78.7 | AU18: 124.6 | AV18: 89.8 | AW18: 87.5 | AX18: 88.3 | AY18: 97.8 | BC18: =AY18-AV18 -> 8 | BD18: =AZ18-AV18 -> -89.8 | BE18: =BA18/AY18 -> 0 | BT18: =AZ18*1000 -> 0
A19: Amazonas
A20: area | B20: 5.5 | C20: 5.5 | D20: 6 | E20: 9 | F20: 4 | G20: 4.8 | H20: 1.6 | I20: 1.1 | J20: 1.6 | K20: 1.9 | L20: 2.7 | M20: 2.5 | N20: 3 | O20: 3.1 | P20: 4.5 | Q20: 4.5 | R20: 4.5 | S20: 3.8 | T20: 6 | U20: 4.2 | V20: 6.1 | W20: 10.3 | X20: 11.8 | Y20: 11.8 | Z20: 10.5 | AA20: 10.5 | AB20: 10.9 | AC20: 10.9 | AD20: 12.9 | AE20: 12.9 | AF20: 19.7 | AG20: 13.8 | AH20: 12.2 | AI20: 12.8 | AJ20: 14 | AK20: 14.4 | AL20: 12.9 | AM20: 11 | AN20: 15.5 | AO20: 5.4 | AP20: 12.2 | AQ20: 8.1 | AR20: 11 | AS20: 11.2 | AT20: 8.9 | AU20: 9.5 | AV20: 5.6 | AW20: 8.5 | AX20: 8.3 | AY20: 8.3 | BC20: =AY20-AV20 -> 2.7 | BD20: =AZ20-AV20 -> -5.6 | BE20: =BA20/AY20 -> 0
A21: yield | B21: 1000 | C21: 1000 | D21: 1000 | E21: 1133 | F21: 1500 | G21: 1313 | H21: 2563 | I21: 2000 | J21: 1625 | K21: 1842 | L21: 1185 | M21: 1680 | N21: 1533 | O21: 1323 | P21: 1500 | Q21: 1500 | R21: 1500 | S21: 1823 | T21: 1630 | U21: 1530 | V21: 1630 | W21: 1310 | X21: 1466 | Y21: 1466 | Z21: 1500 | AA21: 1400 | AB21: 1440 | AC21: 1440 | AD21: 1940 | AE21: 1800 | AF21: 2250 | AG21: 2554 | AH21: 2460 | AI21: 2490 | AJ21: 2500 | AK21: 2500 | AL21: 2390 | AM21: 2627 | AN21: 2540 | AO21: 2515 | AP21: 2526 | AQ21: 2560 | AR21: 2500 | AS21: 2535 | AT21: 2600 | AU21: 2500 | AV21: 2953 | AW21: 3262 | AX21: 3005 | AY21: 3041 | BC21: =AY21-AV21 -> 88 | BD21: =AZ21-AV21 -> -2953 | BE21: 0 | BT21: =AZ21/1000 -> 0
A22: production | B22: 5.5 | C22: 5.5 | D22: 6 | E22: 10.2 | F22: 6 | G22: 6.3 | H22: 4.1 | I22: 2.2 | J22: 2.6 | K22: 3.5 | L22: 3.2 | M22: 4.2 | N22: 4.6 | O22: 4.1 | P22: 6.8 | Q22: 6.8 | R22: 6.8 | S22: 6.9 | T22: 9.8 | U22: 6.4 | V22: 9.9 | W22: 13.5 | X22: 17.3 | Y22: 17.3 | Z22: 15.8 | AA22: 14.7 | AB22: 15.7 | AC22: 15.7 | AD22: 25 | AE22: 23.2 | AF22: 44.3 | AG22: 35.2 | AH22: 30 | AI22: 31.9 | AJ22: 35 | AK22: 36 | AL22: 30.8 | AM22: 28.9 | AN22: 39.4 | AO22: 13.6 | AP22: 30.8 | AQ22: 20.7 | AR22: 27.5 | AS22: 28.4 | AT22: 23.1 | AU22: 23.8 | AV22: 16.5 | AW22: 27.7 | AX22: 24.9 | AY22: 25.2 | BC22: =AY22-AV22 -> 8.7 | BD22: =AZ22-AV22 -> -16.5 | BE22: =BA22/AY22 -> 0 | BT22: =AZ22*1000 -> 0
A23: Amapá
A24: area | B24: 0.5 | C24: 0.5 | D24: 0.8 | E24: 0.7 | F24: 2.3 | G24: 1.6 | H24: 1.3 | I24: 1.1 | J24: 1.2 | K24: 0.9 | L24: 0.5 | M24: 0.7 | N24: 0.8 | O24: 0.4 | P24: 0 | Q24: 0 | R24: 0 | S24: 0 | T24: 0 | U24: 0 | V24: 0 | W24: 0 | X24: 1.2 | Y24: 1.2 | Z24: 1.8 | AA24: 2 | AB24: 1.5 | AC24: 1.5 | AD24: 1.5 | AE24: 1.5 | AF24: 2.1 | AG24: 3.2 | AH24: 3.5 | AI24: 3.6 | AJ24: 3.6 | AK24: 2.6 | AL24: 2.3 | AM24: 2.2 | AN24: 1.8 | AO24: 1.8 | AP24: 1.7 | AQ24: 1.6 | AR24: 0 | AS24: 0 | AT24: 0 | AU24: 0 | AV24: 0 | BC24: =AY28-AV24 -> 233.8 | BD24: =AZ24-AV24 -> 0 | BE24: =BA24/AY28 -> 0
A25: yield | B25: 799 | C25: 789 | D25: 772 | E25: 764 | F25: 474 | G25: 714 | H25: 672 | I25: 621 | J25: 687 | K25: 675 | L25: 1018 | M25: 823 | N25: 647 | O25: 835 | P25: 0 | Q25: 0 | R25: 0 | S25: 0 | T25: 0 | U25: 0 | V25: 0 | W25: 0 | X25: 708 | Y25: 800 | Z25: 800 | AA25: 770 | AB25: 776 | AC25: 776 | AD25: 850 | AE25: 780 | AF25: 880 | AG25: 745 | AH25: 860 | AI25: 903 | AJ25: 803 | AK25: 825 | AL25: 826 | AM25: 921 | AN25: 907 | AO25: 902 | AP25: 962 | AQ25: 988 | AR25: 0 | AS25: 0 | BC25: =AY29-AV25 -> 3365 | BD25: =AZ25-AV25 -> 0 | BE25: 0 | BT25: =AZ25/1000 -> 0
A26: production | B26: 0.4 | C26: 0.4 | D26: 0.6 | E26: 0.5 | F26: 1.1 | G26: 1.1 | H26: 0.9 | I26: 0.7 | J26: 0.8 | K26: 0.6 | L26: 0.5 | M26: 0.6 | N26: 0.5 | O26: 0.3 | P26: 0 | Q26: 0 | R26: 0 | S26: 0 | T26: 0 | U26: 0 | V26: 0 | W26: 0 | X26: 0.8 | Y26: 1 | Z26: 1.4 | AA26: 1.5 | AB26: 1.2 | AC26: 1.2 | AD26: 1.3 | AE26: 1.2 | AF26: 1.8 | AG26: 2.4 | AH26: 3 | AI26: 3.3 | AJ26: 2.9 | AK26: 2.1 | AL26: 1.9 | AM26: 2 | AN26: 1.6 | AO26: 1.6 | AP26: 1.6 | AQ26: 1.6 | AR26: 0 | AS26: 0 | AT26: 0 | AU26: 0 | AV26: 0 | BC26: =AY30-AV26 -> 786.7 | BD26: =AZ26-AV26 -> 0 | BE26: =BA26/AY30 -> 0 | BT26: =AZ26*1000 -> 0
A27: Pará
A28: area | B28: 66.6 | C28: 66.2 | D28: 50 | E28: 83 | F28: 82 | G28: 123.7 | H28: 74.1 | I28: 113.3 | J28: 113 | K28: 144.3 | L28: 172 | M28: 247.2 | N28: 246.2 | O28: 163.6 | P28: 202.2 | Q28: 177 | R28: 196 | S28: 207.1 | T28: 287 | U28: 260.7 | V28: 260.7 | W28: 358.9 | X28: 416.3 | Y28: 418.9 | Z28: 318.8 | AA28: 275 | AB28: 293.4 | AC28: 286.5 | AD28: 281.6 | AE28: 275.7 | AF28: 270.2 | AG28: 268 | AH28: 245.2 | AI28: 217.8 | AJ28: 213.1 | AK28: 236.3 | AL28: 199.1 | AM28: 184.1 | AN28: 218.7 | AO28: 169.6 | AP28: 176.9 | AQ28: 167.9 | AR28: 152.1 | AS28: 163.5 | AT28: 169.5 | AU28: 169.7 | AV28: 171.1 | AW28: 175.4 | AX28: 222.9 | AY28: 233.8 | BC28: =#REF!-AV28 -> #REF! | BD28: =AZ28-AV28 -> -171.1 | BE28: =BA28/#REF! -> #REF!
A29: yield | B29: 802 | C29: 822 | D29: 960 | E29: 930 | F29: 671 | G29: 1150 | H29: 1065 | I29: 1150 | J29: 1150 | K29: 1060 | L29: 1130 | M29: 1260 | N29: 1320 | O29: 1240 | P29: 1370 | Q29: 1200 | R29: 1240 | S29: 1269 | T29: 1380 | U29: 1380 | V29: 1380 | W29: 1470 | X29: 1568 | Y29: 1483 | Z29: 1600 | AA29: 1640 | AB29: 1800 | AC29: 1825 | AD29: 2010 | AE29: 2078 | AF29: 1970 | AG29: 2324 | AH29: 2305 | AI29: 2482 | AJ29: 2556 | AK29: 2538 | AL29: 2841 | AM29: 2916 | AN29: 3232 | AO29: 3334 | AP29: 3142 | AQ29: 3286 | AR29: 2925 | AS29: 3030 | AT29: 3019 | AU29: 3109 | AV29: 3210 | AW29: 3245 | AX29: 3610 | AY29: 3365 | BC29: =#REF!-AV29 -> #REF! | BD29: =AZ29-AV29 -> -3210 | BE29: 0 | BT29: =AZ29/1000 -> 0
A30: production | B30: 53.4 | C30: 54.4 | D30: 48 | E30: 77.2 | F30: 55 | G30: 142.2 | H30: 78.9 | I30: 130.3 | J30: 129.9 | K30: 153 | L30: 194.4 | M30: 311.5 | N30: 325 | O30: 202.9 | P30: 277 | Q30: 212.4 | R30: 243 | S30: 262.8 | T30: 396.1 | U30: 359.8 | V30: 359.8 | W30: 527.6 | X30: 652.8 | Y30: 621.2 | Z30: 510.1 | AA30: 451 | AB30: 528.1 | AC30: 522.9 | AD30: 566 | AE30: 572.9 | AF30: 532.3 | AG30: 622.8 | AH30: 565.2 | AI30: 540.6 | AJ30: 544.7 | AK30: 599.7 | AL30: 565.6 | AM30: 536.8 | AN30: 706.8 | AO30: 565.4 | AP30: 555.8 | AQ30: 551.7 | AR30: 444.9 | AS30: 495.4 | AT30: 511.7 | AU30: 527.6 | AV30: 549.2 | AW30: 569.2 | AX30: 804.7 | AY30: 786.7 | BC30: =#REF!-AV30 -> #REF! | BD30: =AZ30-AV30 -> -549.2 | BE30: =BA30/#REF! -> #REF! | BT30: =AZ30*1000 -> 0
A31: Tocantins
A32: area | B32: 0 | C32: 0 | D32: 0 | E32: 0 | F32: 0 | G32: 0 | H32: 0 | I32: 0 | J32: 0 | K32: 0 | L32: 0 | M32: 97.4 | N32: 104.4 | O32: 77 | P32: 68 | Q32: 71 | R32: 65 | S32: 65.3 | T32: 74 | U32: 72 | V32: 60 | W32: 55.2 | X32: 53 | Y32: 57.5 | Z32: 61.5 | AA32: 63.3 | AB32: 69 | AC32: 75.9 | AD32: 77.6 | AE32: 74.5 | AF32: 76 | AG32: 85.7 | AH32: 74.2 | AI32: 66.9 | AJ32: 68.4 | AK32: 59.2 | AL32: 54.3 | AM32: 51 | AN32: 64.3 | AO32: 72 | AP32: 45.9 | AQ32: 53.2 | AR32: 37.5 | AS32: 41.6 | AT32: 40.9 | AU32: 45.4 | AV32: 57.4 | AW32: 60.3 | AX32: 58.7 | AY32: 68.3 | BC32: =AY32-AV32 -> 10.9 | BD32: =AZ32-AV32 -> -57.4 | BE32: =BA32/AY32 -> 0
A33: yield | B33: 0 | C33: 0 | D33: 0 | E33: 0 | F33: 0 | G33: 0 | H33: 0 | I33: 0 | J33: 0 | K33: 0 | L33: 0 | M33: 1325 | N33: 1430 | O33: 751 | P33: 1230 | Q33: 1300 | R33: 1230 | S33: 1300 | T33: 1500 | U33: 1900 | V33: 2000 | W33: 1764 | X33: 2120 | Y33: 2000 | Z33: 1960 | AA33: 1960 | AB33: 2290 | AC33: 2290 | AD33: 2000 | AE33: 2215 | AF33: 3290 | AG33: 2692 | AH33: 2858 | AI33: 3476 | AJ33: 3665 | AK33: 4400 | AL33: 4700 | AM33: 4378 | AN33: 4914 | AO33: 3436 | AP33: 4766 | AQ33: 4417 | AR33: 5360 | AS33: 6155 | AT33: 4664 | AU33: 5886 | AV33: 6298 | AW33: 6485 | AX33: 6928 | AY33: 6584 | BC33: =AY33-AV33 -> 286 | BD33: =AZ33-AV33 -> -6298 | BE33: 0 | BF33: =(AZ33/AV33)-1 -> -1 | BT33: =AZ33/1000 -> 0
A34: production | B34: 0 | C34: 0 | D34: 0 | E34: 0 | F34: 0 | G34: 0 | H34: 0 | I34: 0 | J34: 0 | K34: 0 | L34: 0 | M34: 129.1 | N34: 149.3 | O34: 57.8 | P34: 83.6 | Q34: 92.3 | R34: 80 | S34: 84.9 | T34: 111 | U34: 136.8 | V34: 120 | W34: 97.4 | X34: 112.4 | Y34: 115 | Z34: 120.5 | AA34: 124.1 | AB34: 158 | AC34: 173.8 | AD34: 155.2 | AE34: 165 | AF34: 250 | AG34: 230.7 | AH34: 212.1 | AI34: 232.5 | AJ34: 250.7 | AK34: 260.5 | AL34: 255.2 | AM34: 223.3 | AN34: 316 | AO34: 247.4 | AP34: 218.8 | AQ34: 235 | AR34: 201 | AS34: 256 | AT34: 190.8 | AU34: 267.2 | AV34: 361.5 | AW34: 391 | AX34: 406.7 | AY34: 449.7 | BC34: =AY34-AV34 -> 88.2 | BD34: =AZ34-AV34 -> -361.5 | BE34: =BA34/AY34 -> 0 | BT34: =AZ34*1000 -> 0
A35: NORTHEAST
A36: area | B36: =B40+B44+B48+B52+B56+B60+B64+B68+B72 -> 2486.1 | C36: =C40+C44+C48+C52+C56+C60+C64+C68+C72 -> 2324.9 | D36: =D40+D44+D48+D52+D56+D60+D64+D68+D72 -> 2076 | E36: =E40+E44+E48+E52+E56+E60+E64+E68+E72 -> 2632 | F36: =F40+F44+F48+F52+F56+F60+F64+F68+F72 -> 2752 | G36: =G40+G44+G48+G52+G56+G60+G64+G68+G72 -> 2795.2 | H36: =H40+H44+H48+H52+H56+H60+H64+H68+H72 -> 2444.2 | I36: =I40+I44+I48+I52+I56+I60+I64+I68+I72 -> 2336.4 | ... AU36: =AU40+AU44+AU48+AU52+AU56+AU60+AU64+AU68+AU72 -> 1193.9 | AV36: 1277.4 | AW36: 1034.4 | AX36: 1015.3 | AY36: =AY40+AY44+AY72 -> 1021 | BC36: =AY36-AV36 -> -256.4 | BD36: =AZ36-AV36 -> -1277.4 | BE36: =BA36/AY36 -> 0
A37: yield | B37: 661839.83 | C37: 642995.4 | D37: 628612.72 | E37: 330623.1 | F37: 198219.48 | G37: 370492.27 | H37: 117707.23 | I37: 598185.24 | J37: 508411.66 | K37: 579852.24 | L37: 190628.74 | M37: 572171.05 | N37: 573290.02 | O37: 384321.22 | P37: 701015.7 | Q37: 403614.03 | R37: 280334.93 | S37: 819671.07 | T37: 832158.3 | U37: 869092.31 | V37: 838497.13 | W37: 630359.27 | X37: 910495.96 | Y37: 1181738.6 | Z37: 812149.41 | AA37: 759117.9 | AB37: 1173140.4 | AC37: 1075336.1 | AD37: 1079944.1 | AE37: 1122158.7 | AF37: 1019378.6 | AG37: 1482344 | AH37: 1534635.3 | AI37: 1576535.7 | AJ37: 1906117.7 | AK37: 1712981.8 | AL37: 1639323 | AM37: 2247669.5 | AN37: 2165280.8 | AO37: 1587486.1 | AP37: 2469168.6 | AQ37: 2888705.3 | AR37: 4015207.1 | AS37: 4736176.2 | AT37: 4453517.1 | AU37: 4801407.2 | AV37: 5118208.9 | AW37: 5118.2339 | AX37: 4147.3669 | AY37: 4567.2158 | BC37: =AY37-AV37 -> -5113641.6 | BD37: =AZ37-AV37 -> -5118208.9 | BE37: 0 | BT37: =AZ37/1000 -> 0
A38: production | B38: =B42+B46+B50+B54+B58+B62+B66+B70+B74 -> 1645.4 | C38: =C42+C46+C50+C54+C58+C62+C66+C70+C74 -> 1494.9 | D38: =D42+D46+D50+D54+D58+D62+D66+D70+D74 -> 1305 | E38: =E42+E46+E50+E54+E58+E62+E66+E70+E74 -> 870.2 | F38: =F42+F46+F50+F54+F58+F62+F66+F70+F74 -> 545.5 | G38: =G42+G46+G50+G54+G58+G62+G66+G70+G74 -> 1035.6 | H38: =H42+H46+H50+H54+H58+H62+H66+H70+H74 -> 287.7 | I38: =I42+I46+I50+I54+I58+I62+I66+I70+I74 -> 1397.6 | ... AY38: =AY42+AY46+AY50+AY54+AY58+AY62+AY66+AY70+AY74 -> 4663.1 | BC38: =AY38-AV38 -> -1874.9 | BD38: =AZ38-AV38 -> -6538 | BE38: =BA38/AY38 -> 0 | BT38: =AZ38*1000 -> 0
A39: Maranhão
A40: area | B40: 396.8 | C40: 421.8 | D40: 380 | E40: 503 | F40: 507 | G40: 556 | H40: 473 | I40: 468 | J40: 421 | K40: 530 | L40: 551.8 | M40: 551.8 | N40: 570 | O40: 524 | P40: 563 | Q40: 580 | R40: 533.6 | S40: 590.2 | T40: 650 | U40: 650 | V40: 585 | W40: 304.2 | X40: 317.9 | Y40: 320 | Z40: 322.9 | AA40: 324.5 | AB40: 360.2 | AC40: 371 | AD40: 385.8 | AE40: 362.7 | AF40: 367.1 | AG40: 353.3 | AH40: 373.4 | AI40: 382.4 | AJ40: 477.6 | AK40: 384 | AL40: 373 | AM40: 379 | AN40: 380.1 | AO40: 268.4 | AP40: 292.8 | AQ40: 311 | AR40: 218.6 | AS40: 270 | AT40: 271.1 | AU40: 302.5 | AV40: 304.9 | AW40: 290.3 | AX40: 298.1 | AY40: 308.5 | BC40: =AY40-AV40 -> 3.6 | BD40: =AZ40-AV40 -> -304.9 | BE40: =BA40/AY40 -> 0 | BJ40: TO | BK40: 0.11
A41: yield | B41: 596 | C41: 605 | D41: 589 | E41: 529 | F41: 349 | G41: 545 | H41: 200 | I41: 700 | J41: 300 | K41: 547 | L41: 210 | M41: 625 | N41: 600 | O41: 330 | P41: 630 | Q41: 409 | R41: 370 | S41: 700 | T41: 650 | U41: 700 | V41: 620 | W41: 690 | X41: 925 | Y41: 980 | Z41: 960 | AA41: 1000 | AB41: 1150 | AC41: 1160 | AD41: 1050 | AE41: 1170 | AF41: 1218 | AG41: 1388 | AH41: 1350 | AI41: 1470 | AJ41: 1842 | AK41: 1376 | AL41: 2000 | AM41: 2266 | AN41: 2500 | AO41: 2687 | AP41: 4240 | AQ41: 4854 | AR41: 4521 | AS41: 4515 | AT41: 4900 | AU41: 5090 | AV41: 5125 | AW41: 5004 | AX41: 5128 | AY41: 5084 | BC41: =AY41-AV41 -> -41 | BD41: =AZ41-AV41 -> -5125 | BE41: 0 | BF41: =(AZ41/AV41)-1 -> -1 | BJ41: MA | BK41: 0.06 | BT41: =AZ41/1000 -> 0
A42: production | B42: 236.6 | C42: 255.3 | D42: 224 | E42: 266.1 | F42: 177 | G42: 303 | H42: 94.6 | I42: 327.6 | J42: 126.3 | K42: 289.9 | L42: 115.9 | M42: 344.9 | N42: 342 | O42: 172.9 | P42: 354.7 | Q42: 237.2 | R42: 197.4 | S42: 413.1 | T42: 422.5 | U42: 455 | V42: 362.7 | W42: 209.9 | X42: 294.1 | Y42: 313.6 | Z42: 310 | AA42: 324.5 | AB42: 414.2 | AC42: 430.4 | AD42: 405.1 | AE42: 424.4 | AF42: 447.1 | AG42: 490.4 | AH42: 504.1 | AI42: 562.1 | AJ42: 879.7 | AK42: 528.4 | AL42: 746 | AM42: 858.8 | AN42: 950.3 | AO42: 721.2 | AP42: 1241.5 | AQ42: 1509.6 | AR42: 988.3 | AS42: 1219.1 | AT42: 1328.4 | AU42: 1539.7 | AV42: 1562.6 | AW42: 1452.7 | AX42: 1528.7 | AY42: 1568.4 | BC42: =AY42-AV42 -> 5.8 | BD42: =AZ42-AV42 -> -1562.6 | BE42: =BA42/AY42 -> 0 | BJ42: PI | BK42: 0.05 | BT42: =AZ42*1000 -> 0
A43: Piauí | BJ43: BA | BK43: 0.09
A44: area | B44: 198.2 | C44: 208.1 | D44: 170 | E44: 308 | F44: 283 | G44: 389.5 | H44: 266.5 | I44: 262 | J44: 340 | K44: 475.6 | L44: 443.5 | M44: 456 | N44: 428 | O44: 320 | P44: 325 | Q44: 386.3 | R44: 397.9 | S44: 463.7 | T44: 460 | U44: 440 | V44: 436 | W44: 257.2 | X44: 277.7 | Y44: 283 | Z44: 278 | AA44: 280 | AB44: 282.8 | AC44: 297.8 | AD44: 294.8 | AE44: 290.1 | AF44: 295.3 | AG44: 290.9 | AH44: 329.6 | AI44: 309.9 | AJ44: 349.6 | AK44: 330.7 | AL44: 366.1 | AM44: 371.6 | AN44: 380.5 | AO44: 471 | AP44: 418.2 | AQ44: 425.3 | AR44: 373.8 | AS44: 435.5 | AT44: 428.5 | AU44: 451.6 | AV44: 473.3 | AW44: 342.2 | AX44: 365.1 | AY44: 359.3 | BC44: =AY44-AV44 -> -114 | BD44: =AZ44-AV44 -> -473.3 | BE44: =BA44/AY44 -> 0 | BJ44: MT | BK44: 0.15
A45: yield | B45: 660 | C45: 833 | D45: 676 | E45: 249 | F45: 208 | G45: 290 | H45: 96 | I45: 630 | J45: 520 | K45: 736 | L45: 280 | M45: 830 | N45: 850 | O45: 400 | P45: 790 | Q45: 200 | R45: 150 | S45: 950 | T45: 880 | U45: 993 | V45: 406 | W45: 237 | X45: 850 | Y45: 817 | Z45: 520 | AA45: 299 | AB45: 1016 | AC45: 450 | AD45: 663 | AE45: 804 | AF45: 606 | AG45: 1110 | AH45: 1503 | AI45: 1141 | AJ45: 2017 | AK45: 2108 | AL45: 1337 | AM45: 2321 | AN45: 2495 | AO45: 1490 | AP45: 3037 | AQ45: 3309 | AR45: 3964 | AS45: 4704 | AT45: 4225 | AU45: 4658 | AV45: 4495 | AW45: 3609 | AX45: 3649 | AY45: 4049 | BC45: =AY45-AV45 -> -446 | BD45: =AZ45-AV45 -> -4495 | BE45: 0 | BF45: =(AZ45/AV45)-1 -> -1 | BJ45: MS | BK45: 0.05 | BT45: =AZ45/1000 -> 0
A46: production | B46: 130.8 | C46: 173.4 | D46: 115 | E46: 76.6 | F46: 59 | G46: 112.9 | H46: 25.6 | I46: 165.1 | J46: 176.8 | K46: 350 | L46: 124.2 | M46: 378.5 | N46: 363.8 | O46: 128 | P46: 256.8 | Q46: 77.3 | R46: 59.7 | S46: 440.5 | T46: 404.8 | U46: 436.9 | V46: 177 | W46: 61 | X46: 236 | Y46: 231.2 | Z46: 144.6 | AA46: 83.7 | AB46: 287.3 | AC46: 134 | AD46: 195.5 | AE46: 233.2 | AF46: 179 | AG46: 322.9 | AH46: 495.4 | AI46: 353.6 | AJ46: 705.1 | AK46: 697.1 | AL46: 489.5 | AM46: 862.5 | AN46: 949.3 | AO46: 701.8 | AP46: 1270.1 | AQ46: 1407.3 | AR46: 1481.7 | AS46: 2048.6 | AT46: 1810.4 | AU46: 2103.6 | AV46: 2127.5 | AW46: 1235 | AX46: 1332.2 | AY46: 1454.8 | BC46: =AY46-AV46 -> -672.7 | BD46: =AZ46-AV46 -> -2127.5 | BE46: =BA46/AY46 -> 0 | BJ46: GO | BK46: 0.07 | BT46: =AZ46*1000 -> 0
A47: Ceará | BJ47: PR | BK47: 0.03
A48: area | B48: 530 | C48: 496 | D48: 426 | E48: 520 | F48: 520 | G48: 505.8 | H48: 480 | I48: 400 | J48: 460 | K48: 512 | L48: 638 | M48: 641 | N48: 540 | O48: 630 | P48: 586 | Q48: 610.7 | R48: 486.8 | S48: 704.3 | T48: 651.2 | U48: 688.3 | V48: 522.6 | W48: 480.8 | X48: 581.8 | Y48: 619 | Z48: 612.8 | AA48: 695.6 | AB48: 713.7 | AC48: 681.6 | AD48: 558.9 | AE48: 638.8 | AF48: 673.9 | AG48: 694.2 | AH48: 689.3 | AI48: 535.6 | AJ48: 723 | AK48: 520.6 | AL48: 408.7 | AM48: 480.6 | AN48: 480.6 | AO48: 460.2 | AP48: 514 | AQ48: 535.1 | AR48: 0 | AS48: 0 | AT48: 0 | AU48: 0 | AV48: 0 | BC48: =AY48-AV48 -> 0 | BD48: =AZ48-AV48 -> 0 | BE48: =BA48/AY48 -> #DIV/0! | BJ48: SC | BK48: 0.03
A49: yield | B49: 660 | C49: 549 | D49: 394 | E49: 212 | F49: 85 | G49: 307 | H49: 36 | I49: 660 | J49: 380 | K49: 430 | L49: 120 | M49: 710 | N49: 480 | O49: 360 | P49: 660 | Q49: 300 | R49: 68 | S49: 680 | T49: 720 | U49: 855 | V49: 525 | W49: 190 | X49: 760 | Y49: 1028 | Z49: 400 | AA49: 895 | AB49: 1050 | AC49: 547 | AD49: 460 | AE49: 1159 | AF49: 498 | AG49: 1084 | AH49: 805 | AI49: 327 | AJ49: 1313 | AK49: 142 | AL49: 240 | AM49: 835 | AN49: 315 | AO49: 356 | AP49: 815 | AQ49: 778 | AR49: 0 | AS49: 0 | BC49: =AY49-AV49 -> 0 | BD49: =AZ49-AV49 -> 0 | BE49: 0 | BJ49: RS | BK49: 0.68 | BT49: =AZ49/1000 -> 0
A50: production | B50: 350 | C50: 272.2 | D50: 168 | E50: 110 | F50: 44 | G50: 155.3 | H50: 17.3 | I50: 264 | J50: 174.8 | K50: 220.2 | L50: 76.6 | M50: 455.1 | N50: 259.2 | O50: 226.8 | P50: 386.8 | Q50: 183.2 | R50: 33.1 | S50: 478.9 | T50: 468.9 | U50: 588.5 | V50: 274.4 | W50: 91.4 | X50: 442.2 | Y50: 636.3 | Z50: 245.1 | AA50: 622.6 | AB50: 749.4 | AC50: 372.8 | AD50: 257.1 | AE50: 740.4 | AF50: 335.6 | AG50: 752.5 | AH50: 554.9 | AI50: 175.1 | AJ50: 949.3 | AK50: 73.9 | AL50: 98.1 | AM50: 401.3 | AN50: 151.4 | AO50: 163.8 | AP50: 418.9 | AQ50: 416.3 | AR50: 0 | AS50: 0 | AT50: 0 | AU50: 0 | AV50: 0 | BC50: =AY50-AV50 -> 0 | BD50: =AZ50-AV50 -> 0 | BE50: =BA50/AY50 -> #DIV/0! | BJ50: SC | BK50: 0.09 | BT50: =AZ50*1000 -> 0
A51: Rio Grande do Norte | BJ51: MG | BK51: 0.1
A52: area | B52: 170.7 | C52: 155 | D52: 118 | E52: 159 | F52: 190 | G52: 148 | H52: 358.6 | I52: 150 | J52: 165 | K52: 180 | L52: 171.6 | M52: 151 | N52: 153 | O52: 52.6 | P52: 142 | Q52: 143.1 | R52: 32.6 | S52: 134 | T52: 136.4 | U52: 141.6 | V52: 126.2 | W52: 67.5 | X52: 79.1 | Y52: 97.2 | Z52: 83 | AA52: 103.8 | AB52: 109.3 | AC52: 124.1 | AD52: 65.2 | AE52: 84 | AF52: 82.6 | AG52: 79.5 | AH52: 71.2 | AI52: 37 | AJ52: 73.5 | AK52: 7.6 | AL52: 13.3 | AM52: 32.4 | AN52: 25.9 | AO52: 25 | AP52: 29.2 | AQ52: 40.9 | AR52: 0 | AS52: 0 | AT52: 0 | AU52: 0 | AV52: 0 | BC52: =AY52-AV52 -> 0 | BD52: =AZ52-AV52 -> 0 | BE52: 0 | BJ52: SP | BK52: 0.04
A53: yield | B53: 507 | C53: 400 | D53: 347 | E53: 17 | F53: 50 | G53: 154 | H53: 6 | I53: 520 | J53: 340 | K53: 400 | L53: 60 | M53: 480 | N53: 330 | O53: 300 | P53: 500 | Q53: 245 | R53: 34 | S53: 660 | T53: 610 | U53: 593 | V53: 370 | W53: 102 | X53: 249 | Y53: 606 | Z53: 96 | AA53: 671 | AB53: 650 | AC53: 470 | AD53: 451 | AE53: 625 | AF53: 459 | AG53: 677 | AH53: 604 | AI53: 248 | AJ53: 672 | AK53: 337 | AL53: 355 | AM53: 633 | AN53: 288 | AO53: 309 | AP53: 348 | AQ53: 473 | AR53: 0 | AS53: 0 | BC53: =AY53-AV53 -> 0 | BD53: =AZ53-AV53 -> 0 | BE53: 0
A54: production | B54: 86.5 | C54: 62 | D54: 41 | E54: 2.7 | F54: 9.5 | G54: 22.8 | H54: 2.2 | I54: 78 | J54: 56.1 | K54: 72 | L54: 10.3 | M54: 72.5 | N54: 50.5 | O54: 15.8 | P54: 71 | Q54: 35.1 | R54: 1.1 | S54: 88.4 | T54: 83.2 | U54: 84 | V54: 46.7 | W54: 6.9 | X54: 19.7 | Y54: 58.9 | Z54: 8 | AA54: 69.6 | AB54: 71 | AC54: 58.3 | AD54: 29.4 | AE54: 52.5 | AF54: 37.9 | AG54: 53.8 | AH54: 43 | AI54: 9.2 | AJ54: 49.4 | AK54: 2.6 | AL54: 4.7 | AM54: 20.5 | AN54: 7.5 | AO54: 7.7 | AP54: 10.2 | AQ54: 19.3 | AR54: 0 | AS54: 0 | AT54: 0 | AU54: 0 | AV54: 0 | BC54: =AY54-AV54 -> 0 | BD54: =AZ54-AV54 -> 0 | BE54: 0
A55: Paraiba
A56: area | B56: 297.4 | C56: 252 | D56: 216 | E56: 290 | F56: 303 | G56: 230 | H56: 255 | I56: 300 | J56: 330 | K56: 353 | L56: 304 | M56: 316 | N56: 315 | O56: 230 | P56: 256 | Q56: 270 | R56: 89 | S56: 231.7 | T56: 261 | U56: 266 | V56: 255.8 | W56: 108.9 | X56: 120 | Y56: 161 | Z56: 140.1 | AA56: 165.3 | AB56: 178.5 | AC56: 192.8 | AD56: 189.5 | AE56: 187.6 | AF56: 195.1 | AG56: 193 | AH56: 194 | AI56: 69.6 | AJ56: 157.2 | AK56: 39.8 | AL56: 53.1 | AM56: 76.6 | AN56: 62.9 | AO56: 84.6 | AP56: 86.5 | AQ56: 108.6 | AR56: 0 | AS56: 0 | AT56: 0 | AU56: 0 | AV56: 0 | BC56: =AY56-AV56 -> 0 | BD56: =AZ56-AV56 -> 0 | BE56: 0
A57: yield | B57: 658 | C57: 496 | D57: 593 | E57: 138 | F57: 69 | G57: 175 | H57: 100 | I57: 630 | J57: 505 | K57: 538 | L57: 220 | M57: 550 | N57: 550 | O57: 300 | P57: 540 | Q57: 200 | R57: 102 | S57: 740 | T57: 600 | U57: 900 | V57: 783 | W57: 33 | X57: 341 | Y57: 930 | Z57: 60 | AA57: 450 | AB57: 690 | AC57: 702 | AD57: 476 | AE57: 900 | AF57: 363 | AG57: 666 | AH57: 857 | AI57: 91 | AJ57: 617 | AK57: 106 | AL57: 496 | AM57: 462 | AN57: 322 | AO57: 237 | AP57: 446 | AQ57: 780 | AR57: 0 | AS57: 0 | BC57: =AY57-AV57 -> 0 | BD57: =AZ57-AV57 -> 0 | BE57: 0
A58: production | B58: 195.6 | C58: 125 | D58: 128 | E58: 40.1 | F58: 21 | G58: 40.3 | H58: 25.5 | I58: 189 | J58: 166.6 | K58: 189.9 | L58: 66.9 | M58: 173.8 | N58: 173.3 | O58: 69 | P58: 138.2 | Q58: 54 | R58: 9.1 | S58: 171.5 | T58: 156.6 | U58: 239.4 | V58: 200.3 | W58: 3.6 | X58: 40.9 | Y58: 149.7 | Z58: 8.4 | AA58: 74.4 | AB58: 123.2 | AC58: 135.3 | AD58: 90.2 | AE58: 168.8 | AF58: 70.8 | AG58: 128.5 | AH58: 166.3 | AI58: 6.3 | AJ58: 97 | AK58: 4.2 | AL58: 26.3 | AM58: 35.4 | AN58: 20.3 | AO58: 20.1 | AP58: 38.6 | AQ58: 84.7 | AR58: 0 | AS58: 0 | AT58: 0 | AU58: 0 | AV58: 0 | BC58: =AY58-AV58 -> 0 | BD58: =AZ58-AV58 -> 0 | BE58: 0
A59: Pernambuco
A60: area | B60: 407.2 | C60: 330 | D60: 295 | E60: 370 | F60: 370 | G60: 300 | H60: 180 | I60: 340 | J60: 365 | K60: 375 | L60: 400 | M60: 350 | N60: 350 | O60: 240 | P60: 387 | Q60: 315 | R60: 82.6 | S60: 363.2 | T60: 362.1 | U60: 355.9 | V60: 335.3 | W60: 106 | X60: 245.9 | Y60: 300 | Z60: 270 | AA60: 281 | AB60: 285.2 | AC60: 273.8 | AD60: 246.4 | AE60: 283.4 | AF60: 286.2 | AG60: 304.2 | AH60: 309.7 | AI60: 272.5 | AJ60: 298.3 | AK60: 205.8 | AL60: 94.5 | AM60: 228.6 | AN60: 214.7 | AO60: 117.4 | AP60: 84.1 | AQ60: 136 | AR60: 0 | AS60: 0 | AT60: 0 | AU60: 0 | AV60: 0 | BC60: =AY60-AV60 -> 0 | BD60: =AZ60-AV60 -> 0 | BE60: 0
A61: yield | B61: 797 | C61: 818 | D61: 827 | E61: 204 | F61: 173 | G61: 400 | H61: 120 | I61: 780 | J61: 580 | K61: 565 | L61: 215 | M61: 510 | N61: 550 | O61: 400 | P61: 600 | Q61: 107 | R61: 60 | S61: 704 | T61: 700 | U61: 819 | V61: 620 | W61: 66 | X61: 143 | Y61: 466 | Z61: 160 | AA61: 280 | AB61: 288 | AC61: 245 | AD61: 575 | AE61: 780 | AF61: 334 | AG61: 610 | AH61: 685 | AI61: 461 | AJ61: 640 | AK61: 117 | AL61: 167 | AM61: 411 | AN61: 271 | AO61: 122 | AP61: 74 | AQ61: 485 | AR61: 0 | AS61: 0 | AT61: 0 | AU61: 0 | BC61: =AY61-AV61 -> 0 | BD61: =AZ61-AV61 -> 0 | BE61: 0
A62: production | B62: 324.5 | C62: 270 | D62: 244 | E62: 75.6 | F62: 64 | G62: 120 | H62: 21.6 | I62: 265.2 | J62: 211.7 | K62: 211.9 | L62: 86 | M62: 178.5 | N62: 192.5 | O62: 96 | P62: 232.2 | Q62: 33.7 | R62: 5 | S62: 255.7 | T62: 253.5 | U62: 291.5 | V62: 207.9 | W62: 7 | X62: 35.2 | Y62: 139.8 | Z62: 43.2 | AA62: 78.7 | AB62: 82.1 | AC62: 67.1 | AD62: 141.7 | AE62: 221.1 | AF62: 95.6 | AG62: 185.6 | AH62: 212.1 | AI62: 125.6 | AJ62: 190.9 | AK62: 24.1 | AL62: 15.8 | AM62: 94 | AN62: 58.2 | AO62: 9.6 | AP62: 6.2 | AQ62: 66 | AR62: 0 | AS62: 0 | AT62: 0 | AU62: 0 | AV62: 0 | BC62: =AY62-AV62 -> 0 | BD62: =AZ62-AV62 -> 0 | BE62: 0
A63: Alagoas
A64: area | B64: 122.1 | C64: 132 | D64: 96 | E64: 137 | F64: 137 | G64: 110 | H64: 93.5 | I64: 90 | J64: 109.2 | K64: 120.1 | L64: 138.4 | M64: 128.2 | N64: 128.2 | O64: 105 | P64: 106.5 | Q64: 88 | R64: 26.4 | S64: 131 | T64: 112.3 | U64: 121.1 | V64: 118 | W64: 118 | X64: 118 | Y64: 66 | Z64: 77.9 | AA64: 57 | AB64: 57 | AC64: 79 | AD64: 79 | AE64: 83.7 | AF64: 83.7 | AG64: 72.6 | AH64: 71.3 | AI64: 58 | AJ64: 0 | AK64: 0 | AL64: 0 | AM64: 0 | AN64: 0 | AO64: 0 | AP64: 0 | AQ64: 0 | AR64: 0 | AS64: 0 | AT64: 0 | AU64: 0 | AV64: 0 | BC64: =AY64-AV64 -> 0 | BD64: =AZ64-AV64 -> 0 | BE64: 0
A65: yield | B65: 604 | C65: 598 | D65: 563 | E65: 195 | F65: 350 | G65: 600 | H65: 95 | I65: 570 | J65: 570 | K65: 580 | L65: 260 | M65: 430 | N65: 470 | O65: 470 | P65: 550 | Q65: 500 | R65: 60 | S65: 545 | T65: 416 | U65: 438 | V65: 540 | W65: 540 | X65: 279 | Y65: 340 | Z65: 1500 | AA65: 663 | AB65: 315 | AC65: 275 | AD65: 615 | AE65: 630 | AF65: 550 | AG65: 611 | AH65: 654 | AI65: 720 | AJ65: 0 | AK65: 0 | AL65: 0 | AM65: 0 | AN65: 0 | AO65: 0 | AP65: 0 | AQ65: 0 | AR65: 0 | AS65: 0 | BC65: =AY65-AV65 -> 0 | BD65: =AZ65-AV65 -> 0 | BE65: 0 | BT65: =AZ65/1000 -> 0
A66: production | B66: 73.8 | C66: 79 | D66: 54 | E66: 26.7 | F66: 48 | G66: 66 | H66: 8.9 | I66: 51.3 | J66: 62.2 | K66: 69.7 | L66: 36 | M66: 55.1 | N66: 60.3 | O66: 49.4 | P66: 58.6 | Q66: 44 | R66: 1.6 | S66: 71.4 | T66: 46.7 | U66: 53 | V66: 63.7 | W66: 63.7 | X66: 32.9 | Y66: 22.4 | Z66: 116.9 | AA66: 37.8 | AB66: 18 | AC66: 21.7 | AD66: 48.6 | AE66: 52.7 | AF66: 46 | AG66: 44.4 | AH66: 46.6 | AI66: 41.8 | AJ66: 0 | AK66: 0 | AL66: 0 | AM66: 0 | AN66: 0 | AO66: 0 | AP66: 0 | AQ66: 0 | AR66: 0 | AS66: 0 | AT66: 0 | AU66: 0 | AV66: 0 | BC66: =AY66-AV66 -> 0 | BD66: =AZ66-AV66 -> 0 | BE66: 0 | BT66: =AZ66*1000 -> 0
A67: Sergipe
A68: area | B68: 50.7 | C68: 52 | D68: 48 | E68: 54 | F68: 65 | G68: 105.9 | H68: 17.3 | I68: 71 | J68: 97 | K68: 103 | L68: 105 | M68: 76 | N68: 84 | O68: 84.9 | P68: 80 | Q68: 60 | R68: 18 | S68: 77.5 | T68: 92 | U68: 100.2 | V68: 103 | W68: 103 | X68: 87 | Y68: 87 | Z68: 90 | AA68: 100.8 | AB68: 110.9 | AC68: 132 | AD68: 127.4 | AE68: 142.7 | AF68: 144.6 | AG68: 162.7 | AH68: 172.7 | AI68: 176.8 | AJ68: 0 | AK68: 0 | AL68: 0 | AM68: 0 | AN68: 0 | AO68: 0 | AP68: 0 | AQ68: 0 | AR68: 0 | AS68: 0 | AT68: 0 | AU68: 0 | AV68: 0 | BC68: =AY68-AV68 -> 0 | BD68: =AZ68-AV68 -> 0 | BE68: 0
A69: yield | B69: 720 | C69: 673 | D69: 625 | E69: 519 | F69: 692 | G69: 834 | H69: 98 | I69: 700 | J69: 700 | K69: 875 | L69: 291 | M69: 889 | N69: 930 | O69: 960 | P69: 870 | Q69: 530 | R69: 150 | S69: 889 | T69: 926 | U69: 1111 | V69: 916 | W69: 916 | X69: 1350 | Y69: 1100 | Z69: 1100 | AA69: 478 | AB69: 1200 | AC69: 956 | AD69: 1300 | AE69: 1330 | AF69: 1366 | AG69: 2774 | AH69: 3560 | AI69: 4088 | AJ69: 0 | AK69: 0 | AL69: 0 | AM69: 0 | AN69: 0 | AO69: 0 | AP69: 0 | AQ69: 0 | AR69: 0 | AS69: 0 | AT69: 0 | AU69: 0 | BC69: =AY69-AV69 -> 0 | BD69: =AZ69-AV69 -> 0 | BE69: 0
A70: production | B70: 36.5 | C70: 35 | D70: 30 | E70: 28 | F70: 45 | G70: 88.3 | H70: 1.7 | I70: 49.7 | J70: 67.9 | K70: 90.1 | L70: 30.6 | M70: 67.6 | N70: 78.1 | O70: 81.5 | P70: 69.6 | Q70: 31.8 | R70: 2.7 | S70: 68.9 | T70: 85.2 | U70: 111.3 | V70: 94.3 | W70: 94.3 | X70: 117.5 | Y70: 95.7 | Z70: 99 | AA70: 48.2 | AB70: 133.1 | AC70: 126.2 | AD70: 165.6 | AE70: 189.8 | AF70: 197.5 | AG70: 451.3 | AH70: 614.8 | AI70: 722.8 | AJ70: 0 | AK70: 0 | AL70: 0 | AM70: 0 | AN70: 0 | AO70: 0 | AP70: 0 | AQ70: 0 | AR70: 0 | AS70: 0 | AT70: 0 | AU70: 0 | AV70: 0 | BC70: =AY70-AV70 -> 0 | BD70: =AZ70-AV70 -> 0 | BE70: 0
A71: Bahia
A72: area | B72: 313 | C72: 278 | D72: 327 | E72: 291 | F72: 377 | G72: 450 | H72: 320.3 | I72: 255.4 | J72: 245 | K72: 247.9 | L72: 338 | M72: 370 | N72: 233 | O72: 167 | P72: 262 | Q72: 347.1 | R72: 399.2 | S72: 381 | T72: 282 | U72: 353.6 | V72: 371.3 | W72: 297 | X72: 340.1 | Y72: 350.3 | Z72: 425 | AA72: 350 | AB72: 479.5 | AC72: 436.3 | AD72: 415.9 | AE72: 395.1 | AF72: 446.5 | AG72: 477.6 | AH72: 512.9 | AI72: 451.9 | AJ72: 425 | AK72: 428.8 | AL72: 387 | AM72: 544.5 | AN72: 511.8 | AO72: 371.4 | AP72: 381.8 | AQ72: 380.3 | AR72: 361.1 | AS72: 361.5 | AT72: 432 | AU72: 439.8 | AV72: 499.2 | AW72: 401.9 | AX72: 352.1 | AY72: 353.2 | BC72: =AY72-AV72 -> -146 | BD72: =AZ72-AV72 -> -499.2 | BE72: 0
A73: yield | B73: 674 | C73: 802 | D73: 920 | E73: 840 | F73: 207 | G73: 282 | H73: 282 | I73: 30 | J73: 1000 | K73: 750 | L73: 126 | M73: 36 | N73: 370 | O73: 390 | P73: 1260 | Q73: 1250 | R73: 675 | S73: 1400 | T73: 2060 | U73: 1270 | V73: 2600 | W73: 2100 | X73: 2220 | Y73: 3000 | Z73: 2100 | AA73: 1287 | AB73: 2388 | AC73: 3295 | AD73: 2930 | AE73: 1738 | AF73: 2722 | AG73: 3070 | AH73: 3009 | AI73: 3584 | AJ73: 4475 | AK73: 4557 | AL73: 3616 | AM73: 4550 | AN73: 4525 | AO73: 3312 | AP73: 3864 | AQ73: 5503 | AR73: 3762 | AS73: 4940 | AT73: 4400 | AU73: 4750 | AV73: 5705 | AW73: 3987 | AX73: 3639 | AY73: 4643 | BC73: =AY73-AV73 -> -1062 | BD73: =AZ73-AV73 -> -5705 | BE73: 0 | BF73: =(AZ73/AV73)-1 -> -1 | BT73: =AZ73/1000 -> 0
A74: production | B74: 211.1 | C74: 223 | D74: 301 | E74: 244.4 | F74: 78 | G74: 127 | H74: 90.3 | I74: 7.7 | J74: 245 | K74: 185.9 | L74: 42.6 | M74: 13.4 | N74: 86.2 | O74: 65.1 | P74: 330.1 | Q74: 433.9 | R74: 269.5 | S74: 533.4 | T74: 580.9 | U74: 449.1 | V74: 965.4 | W74: 623.7 | X74: 755 | Y74: 1050.9 | Z74: 892.5 | AA74: 450.5 | AB74: 1145 | AC74: 1437.6 | AD74: 1218.6 | AE74: 686.7 | AF74: 1215.4 | AG74: 1466.2 | AH74: 1543.3 | AI74: 1619.6 | AJ74: 1901.9 | AK74: 1954 | AL74: 1399.4 | AM74: 2477.5 | AN74: 2315.9 | AO74: 1230.1 | AP74: 1475.3 | AQ74: 2092.8 | AR74: 1358.5 | AS74: 1785.8 | AT74: 1900.8 | AU74: 2089.1 | AV74: 2847.9 | AW74: 1602.4 | AX74: 1281.3 | AY74: 1639.9 | BC74: =AY74-AV74 -> -1208 | BD74: =AZ74-AV74 -> -2847.9 | BE74: 0 | BT74: =AZ74*1000 -> 0
A75: Center West | BF75: =4020/60 -> 67
A76: area | B76: =B80+B84+B88+B92 -> 1112.6 | C76: =C80+C84+C88+C92 -> 1064 | D76: =D80+D84+D88+D92 -> 1029 | E76: =E80+E84+E88+E92 -> 1004.7 | F76: =F80+F84+F88+F92 -> 1097 | G76: =G80+G84+G88+G92 -> 1194.2 | H76: =H80+H84+H88+H92 -> 1140.5 | I76: =I80+I84+I88+I92 -> 1192.8 | ... AU76: =AU80+AU84+AU88+AU92 -> 276.6 | AV76: 260.9 | AW76: 249.1 | AX76: 247.4 | AY76: =AY80+AY84+AY88+AY92 -> 252.8 | BC76: =AY76-AV76 -> -8.1 | BD76: =AZ76-AV76 -> -260.9 | BE76: 0
A77: yield | B77: =B78/B76 -> 1.7450117 | C77: =C78/C76 -> 1.268797 | D77: =D78/D76 -> 1.8017493 | E77: =E78/E76 -> 2.0703693 | F77: =F78/F76 -> 1.9024613 | G77: =G78/G76 -> 2.0575281 | H77: =H78/H76 -> 2.1000438 | I77: =I78/I76 -> 1.8127934 | ... AU77: =AU78/AU76 -> 9.7975416 | AV77: 9.2077294 | AW77: 9.1332172 | AX77: 9.7905049 | AY77: 9422.5803 | BC77: =AY77-AV77 -> 9413.3726 | BD77: =AZ77-AV77 -> -9.2077294 | BE77: 0 | BT77: =AZ77/1000 -> 0
A78: production | B78: =B82+B86+B90+B94 -> 1941.5 | C78: =C82+C86+C90+C94 -> 1350 | D78: =D82+D86+D90+D94 -> 1854 | E78: =E82+E86+E90+E94 -> 2080.1 | F78: =F82+F86+F90+F94 -> 2087 | G78: =G82+G86+G90+G94 -> 2457.1 | H78: =H82+H86+H90+H94 -> 2395.1 | I78: =I82+I86+I90+I94 -> 2162.3 | ... AY78: =AY82+AY86+AY90+AY94 -> 2382.1 | BC78: =AY78-AV78 -> -20.2 | BD78: =AZ78-AV78 -> -2402.3 | BE78: 0 | BT78: =AZ78*1000 -> 0
A79: MatoGrosso
A80: area | B80: 247.3 | C80: 179 | D80: 76 | E80: 86 | F80: 110 | G80: 158 | H80: 197.5 | I80: 217.3 | J80: 236 | K80: 275 | L80: 310 | M80: 353.4 | N80: 352 | O80: 320 | P80: 290 | Q80: 270 | R80: 270 | S80: 279.7 | T80: 270 | U80: 310.5 | V80: 279.5 | W80: 162.1 | X80: 191.3 | Y80: 191.3 | Z80: 220 | AA80: 180 | AB80: 175.5 | AC80: 161.5 | AD80: 133.7 | AE80: 135.7 | AF80: 171 | AG80: 178.6 | AH80: 131.3 | AI80: 85.2 | AJ80: 62.1 | AK80: 94.5 | AL80: 75.6 | AM80: 68 | AN80: 63.6 | AO80: 31.1 | AP80: 33.4 | AQ80: 27.2 | AR80: 37.3 | AS80: 41.2 | AT80: 52.2 | AU80: 62.1 | AV80: 60.8 | AW80: 70.8 | AX80: 72.7 | AY80: 77.1 | BC80: =AY80-AV80 -> 16.3 | BD80: =AZ80-AV80 -> -60.8 | BE80: 0
A81: yield | B81: 1558 | C81: 1397 | D81: 1553 | E81: 1658 | F81: 1682 | G81: 1759 | H81: 1760 | I81: 1650 | J81: 1700 | K81: 1900 | L81: 2250 | M81: 2140 | N81: 2350 | O81: 2330 | P81: 2410 | Q81: 2790 | R81: 3000 | S81: 3100 | T81: 3300 | U81: 3350 | V81: 3700 | W81: 3460 | X81: 3700 | Y81: 3650 | Z81: 4050 | AA81: 3780 | AB81: 4400 | AC81: 4200 | AD81: 3520 | AE81: 3500 | AF81: 4625 | AG81: 4425 | AH81: 4042 | AI81: 4800 | AJ81: 5899 | AK81: 6185 | AL81: 7079 | AM81: 6209 | AN81: 7205 | AO81: 6412 | AP81: 7676 | AQ81: 7331 | AR81: 7019 | AS81: 8389 | AT81: 8398 | AU81: 8314 | AV81: 8378 | AW81: 8338 | AX81: 8400 | AY81: 8342 | BC81: =AY81-AV81 -> -36 | BD81: =AZ81-AV81 -> -8378 | BE81: 0 | BF81: =(AZ81/AV81)-1 -> -1 | BH81: =AV81/60 -> 139.63333 | BI81: =AY81/60 -> 139.03333 | BT81: =AZ81/1000 -> 0
A82: production | B82: 385.3 | C82: 250 | D82: 118 | E82: 142.6 | F82: 185 | G82: 278 | H82: 347.6 | I82: 358.5 | J82: 401.2 | K82: 522.5 | L82: 697.5 | M82: 756.3 | N82: 827.2 | O82: 745.6 | P82: 698.9 | Q82: 753.3 | R82: 810 | S82: 867.1 | T82: 891 | U82: 1040.2 | V82: 1034.2 | W82: 560.9 | X82: 707.8 | Y82: 698.2 | Z82: 891 | AA82: 680.4 | AB82: 772.2 | AC82: 678.3 | AD82: 470.6 | AE82: 475 | AF82: 790.9 | AG82: 790.4 | AH82: 530.7 | AI82: 409 | AJ82: 366.3 | AK82: 584.5 | AL82: 535.2 | AM82: 422.2 | AN82: 458.2 | AO82: 199.4 | AP82: 256.4 | AQ82: 199.4 | AR82: 261.8 | AS82: 345.6 | AT82: 438.4 | AU82: 516.3 | AV82: 509.4 | AW82: 590.3 | AX82: 610.7 | AY82: 643.2 | BC82: =AY82-AV82 -> 133.8 | BD82: =AZ82-AV82 -> -509.4 | BE82: 0 | BT82: =AZ82*1000 -> 0 | BV82: 3150
A83: MatoGrosso do Sul
A84: area | B84: 0 | C84: 0 | D84: 101 | E84: 108.6 | F84: 132 | G84: 145 | H84: 127.6 | I84: 159.5 | J84: 159.5 | K84: 215.3 | L84: 258 | M84: 250 | N84: 265 | O84: 276.5 | P84: 315 | Q84: 308.7 | R84: 230 | S84: 239.2 | T84: 287 | U84: 269.8 | V84: 294.1 | W84: 144.1 | X84: 221.7 | Y84: 140 | Z84: 217 | AA84: 119.4 | AB84: 119.4 | AC84: 97.9 | AD84: 81.7 | AE84: 102.1 | AF84: 98 | AG84: 98 | AH84: 84.7 | AI84: 57.5 | AJ84: 46 | AK84: 68.2 | AL84: 48 | AM84: 27 | AN84: 20.5 | AO84: 16 | AP84: 28 | AQ84: 15.5 | AR84: 16 | AS84: 15 | AT84: 11.7 | AU84: 18.8 | AV84: 16.8 | AW84: 13.8 | AX84: 10.2 | AY84: 11.2 | BC84: =AY84-AV84 -> -5.6 | BD84: =AZ84-AV84 -> -16.8 | BE84: 0
A85: yield (kg/ha) | B85: 0 | C85: 0 | D85: 1743 | E85: 1726 | F85: 1780 | G85: 1766 | H85: 2000 | I85: 1800 | J85: 2000 | K85: 1550 | L85: 2440 | M85: 2630 | N85: 2900 | O85: 2280 | P85: 2800 | Q85: 2500 | R85: 3100 | S85: 3800 | T85: 3900 | U85: 4350 | V85: 4400 | W85: 4100 | X85: 4500 | Y85: 4000 | Z85: 5550 | AA85: 5340 | AB85: 5700 | AC85: 5500 | AD85: 5400 | AE85: 5100 | AF85: 5720 | AG85: 6392 | AH85: 5925 | AI85: 6535 | AJ85: 6700 | AK85: 6729 | AL85: 7700 | AM85: 8350 | AN85: 8500 | AO85: 9000 | AP85: 9340 | AQ85: 9212 | AR85: 8200 | AS85: 9000 | AT85: 11000 | AU85: 11000 | AV85: 10766 | AW85: 9450 | AX85: 11312 | AY85: 10028 | BC85: =AY85-AV85 -> -738 | BD85: =AZ85-AV85 -> -10766 | BE85: 0 | BF85: =(AZ85/AV85)-1 -> -1 | BT85: =AZ85/1000 -> 0
A86: production (MMT) | B86: 0 | C86: 0 | D86: 176 | E86: 187.4 | F86: 235 | G86: 256 | H86: 255.2 | I86: 287.1 | J86: 319 | K86: 333.7 | L86: 629.5 | M86: 657.5 | N86: 768.5 | O86: 630.4 | P86: 882 | Q86: 771.8 | R86: 713 | S86: 909 | T86: 1119.3 | U86: 1173.6 | V86: 1294 | W86: 590.8 | X86: 997.7 | Y86: 560 | Z86: 1204.4 | AA86: 637.6 | AB86: 680.6 | AC86: 538.5 | AD86: 441.2 | AE86: 520.7 | AF86: 560.6 | AG86: 626.4 | AH86: 501.8 | AI86: 375.8 | AJ86: 308.2 | AK86: 458.9 | AL86: 369.6 | AM86: 225.5 | AN86: 174.3 | AO86: 144 | AP86: 261.5 | AQ86: 142.8 | AR86: 131.2 | AS86: 135 | AT86: 128.7 | AU86: 206.8 | AV86: 180.9 | AW86: 130.4 | AX86: 115.4 | AY86: 112.3 | BC86: =AY86-AV86 -> -68.6 | BD86: =AZ86-AV86 -> -180.9 | BE86: 0 | BT86: =AZ86*1000 -> 0
A87: Goiás
A88: area | B88: 863 | C88: 885 | D88: 852 | E88: 810.1 | F88: 855 | G88: 888.7 | H88: 813 | I88: 813 | J88: 737 | K88: 943.4 | L88: 1183 | M88: 1019.3 | N88: 1045.8 | O88: 930 | P88: 890 | Q88: 810 | R88: 648 | S88: 771.1 | T88: 788.8 | U88: 796.7 | V88: 756.9 | W88: 454.1 | X88: 604 | Y88: 607 | Z88: 740.5 | AA88: 481.3 | AB88: 476.5 | AC88: 471.7 | AD88: 424.5 | AE88: 460.6 | AF88: 540.3 | AG88: 632.2 | AH88: 538.6 | AI88: 377.6 | AJ88: 394.6 | AK88: 547.3 | AL88: 377.2 | AM88: 288.2 | AN88: 250.7 | AO88: 246.4 | AP88: 260 | AQ88: 214.2 | AR88: 265 | AS88: 278 | AT88: 182.1 | AU88: 179.6 | AV88: 167.2 | AW88: 149 | AX88: 149 | AY88: 149 | BC88: =AY88-AV88 -> -18.2 | BD88: =AZ88-AV88 -> -167.2 | BE88: 0
A89: yield (kg/ha) | B89: 1800 | C89: 1243 | D89: 1831 | E89: 2160 | F89: 1950 | G89: 2160 | H89: 2200 | I89: 1860 | J89: 2250 | K89: 2400 | L89: 2600 | M89: 2941 | N89: 3300 | O89: 2050 | P89: 3100 | Q89: 3450 | R89: 3520 | S89: 3850 | T89: 4200 | U89: 4180 | V89: 4300 | W89: 4200 | X89: 4710 | Y89: 4750 | Z89: 4750 | AA89: 5060 | AB89: 5210 | AC89: 5250 | AD89: 5132 | AE89: 4950 | AF89: 5490 | AG89: 5954 | AH89: 5945 | AI89: 7000 | AJ89: 7850 | AK89: 8000 | AL89: 7633 | AM89: 7500 | AN89: 6690 | AO89: 7800 | AP89: 8000 | AQ89: 8000 | AR89: 7560 | AS89: 7980 | AT89: 9000 | AU89: 10205 | AV89: 9323 | AW89: 9506 | AX89: 10397 | AY89: 9942 | BC89: =AY89-AV89 -> 619 | BD89: =AZ89-AV89 -> -9323 | BE89: 0 | BF89: =(AZ89/AV89)-1 -> -1 | BT89: =AZ89/1000 -> 0
A90: production (MMT) | B90: 1553.4 | C90: 1100 | D90: 1560 | E90: 1750.1 | F90: 1667 | G90: 1919.5 | H90: 1788.6 | I90: 1512.2 | J90: 1658.3 | K90: 2264.2 | L90: 3075.8 | M90: 2997.8 | N90: 3451.1 | O90: 1906.5 | P90: 2759 | Q90: 2794.5 | R90: 2281 | S90: 2968.7 | T90: 3313 | U90: 3330.2 | V90: 3254.7 | W90: 1907.2 | X90: 2844.8 | Y90: 2883.3 | Z90: 3517.4 | AA90: 2435.4 | AB90: 2482.6 | AC90: 2476.4 | AD90: 2178.5 | AE90: 2280 | AF90: 2966.2 | AG90: 3764.1 | AH90: 3202 | AI90: 2643.2 | AJ90: 3097.6 | AK90: 4378.4 | AL90: 2879.2 | AM90: 2161.5 | AN90: 1677.2 | AO90: 1921.9 | AP90: 2080 | AQ90: 1713.6 | AR90: 2003.4 | AS90: 2218.4 | AT90: 1638.9 | AU90: 1832.8 | AV90: 1558.8 | AW90: 1416.4 | AX90: 1549.2 | AY90: 1481.4 | BC90: =AY90-AV90 -> -77.4 | BD90: =AZ90-AV90 -> -1558.8 | BE90: 0 | BT90: =AZ90*1000 -> 0 | BU90: =59*60 -> 3540
A91: Distrito Federal
A92: area | B92: 2.3 | C92: 0 | D92: 0 | E92: 0 | F92: 0 | G92: 2.5 | H92: 2.4 | I92: 3 | J92: 4 | K92: 6.1 | L92: 13.6 | M92: 18.5 | N92: 15.5 | O92: 16.8 | P92: 24 | Q92: 24.6 | R92: 17.3 | S92: 20.9 | T92: 21.8 | U92: 25.3 | V92: 27.4 | W92: 21.1 | X92: 28.4 | Y92: 27.3 | Z92: 28.5 | AA92: 22.5 | AB92: 25.2 | AC92: 26.5 | AD92: 30 | AE92: 33.3 | AF92: 36.5 | AG92: 40 | AH92: 34.2 | AI92: 25.7 | AJ92: 27.5 | AK92: 33.6 | AL92: 35 | AM92: 39 | AN92: 26.8 | AO92: 26.8 | AP92: 28.6 | AQ92: 27.8 | AR92: 26.7 | AS92: 23.1 | AT92: 21.8 | AU92: 16.1 | AV92: 16.1 | AW92: 15.5 | AX92: 15.5 | AY92: 15.5 | BC92: =AY92-AV92 -> -0.6 | BD92: =AZ92-AV92 -> -16.1 | BE92: 0
A93: yield | B93: 1217 | C93: 0 | D93: 0 | E93: 0 | F93: 0 | G93: 1440 | H93: 1542 | I93: 1500 | J93: 1800 | K93: 3148 | L93: 3691 | M93: 3330 | N93: 3439 | O93: 2702 | P93: 3730 | Q93: 3450 | R93: 3690 | S93: 4210 | T93: 3805 | U93: 4120 | V93: 4606 | W93: 4866 | X93: 4648 | Y93: 5087 | Z93: 4210 | AA93: 5820 | AB93: 6070 | AC93: 6000 | AD93: 6530 | AE93: 6121 | AF93: 7280 | AG93: 6930 | AH93: 7192 | AI93: 7805 | AJ93: 8332 | AK93: 8969 | AL93: 9441 | AM93: 9634 | AN93: 7326 | AO93: 6740 | AP93: 7800 | AQ93: 8100 | AR93: 9100 | AS93: 9500 | AT93: 9336 | AU93: 9570 | AV93: 9518 | AW93: 8900 | AX93: 9481 | AY93: 9367 | BC93: =AY93-AV93 -> -151 | BD93: =AZ93-AV93 -> -9518 | BE93: 0 | BT93: =AZ93/1000 -> 0
A94: production | B94: 2.8 | C94: 0 | D94: 0 | E94: 0 | F94: 0 | G94: 3.6 | H94: 3.7 | I94: 4.5 | J94: 7.2 | K94: 19.2 | L94: 50.2 | M94: 61.6 | N94: 53.3 | O94: 45.4 | P94: 89.5 | Q94: 84.9 | R94: 63.8 | S94: 88 | T94: 82.9 | U94: 104.2 | V94: 126.2 | W94: 102.7 | X94: 132 | Y94: 138.9 | Z94: 120 | AA94: 131 | AB94: 153 | AC94: 159 | AD94: 195.9 | AE94: 203.8 | AF94: 265.7 | AG94: 277.2 | AH94: 246 | AI94: 200.6 | AJ94: 229.1 | AK94: 301.4 | AL94: 330.4 | AM94: 375.7 | AN94: 196.3 | AO94: 180.6 | AP94: 223.1 | AQ94: 225.2 | AR94: 243 | AS94: 219.5 | AT94: 203.5 | AU94: 154.1 | AV94: 153.2 | AW94: 138 | AX94: 147 | AY94: 145.2 | BC94: =AY94-AV94 -> -8 | BD94: =AZ94-AV94 -> -153.2 | BE94: 0
A95: Southeast
A96: area | B96: 3191 | C96: 2969 | D96: 3059 | E96: 2731 | F96: 2940.8 | G96: 3154 | H96: 2787.9 | I96: 2945.5 | J96: 2834 | K96: 3007.8 | L96: 3221.7 | M96: 2903.3 | N96: 2883.2 | O96: 2749.7 | P96: 2943.5 | Q96: 3014.1 | R96: 2726.7 | S96: 2577.3 | T96: 2524.2 | U96: 2278.7 | V96: 2296.7 | W96: 2110 | X96: 2148.7 | Y96: 2025.2 | Z96: 2073.5 | AA96: 1977.4 | AB96: 2061 | AC96: 2110.5 | AD96: 2142.3 | AE96: 2178.9 | AF96: 2127.8 | AG96: 2040.2 | AH96: 1951.7 | AI96: 1804.3 | AJ96: 1750.9 | AK96: 1813 | AL96: 1753.4 | AM96: 1552 | AN96: 1435.4 | AO96: 1237 | AP96: 1301.2 | AQ96: 1191.9 | AR96: 1113 | AS96: 1072.9 | AT96: 1168.1 | AU96: 1188.4 | AV96: 1096.7 | AW96: 985.3 | AX96: 899.8 | AY96: =AY100+AY104+AY108+AY112 -> 944.9 | BC96: =AY96-AV96 -> -151.8 | BD96: =AZ96-AV96 -> -1096.7 | BE96: 0
A97: yield | B97: 1744.1241 | C97: 1527.7871 | D97: 1713.305 | E97: 2015.9648 | F97: 2050.5645 | G97: 2138.4908 | H97: 2181.1399 | I97: 1948.4638 | J97: 2189.2378 | K97: 2236.7844 | L97: 2294.8754 | M97: 2513.1747 | N97: 2554.5921 | O97: 2005.4551 | P97: 2622.4902 | Q97: 2561.1294 | R97: 2714.05 | S97: 2734.2568 | T97: 2993.5029 | U97: 3014.5258 | V97: 3348.4129 | W97: 3192.5118 | X97: 3290.3151 | Y97: 3371.272 | Z97: 3707.0171 | AA97: 4129 | AB97: 4301 | AC97: 4508 | AD97: 4419 | AE97: 4128 | AF97: 4517.9293 | AG97: 5019 | AH97: 5048 | AI97: 5255 | AJ97: 5508 | AK97: 5942 | AL97: 6066.7668 | AM97: 5193.8493 | AN97: 5435.5045 | AO97: 6079.1366 | AP97: 6295.3035 | AQ97: 6465.4339 | AR97: 5916.8833 | AS97: 6129.9245 | AT97: 5939.1042 | AU97: 6353.6904 | AV97: 6619.4297 | AW97: 5607.779 | AX97: 6112.0768 | AY97: 6399.1516 | BC97: =AY97-AV97 -> -220.2781 | BD97: =AZ97-AV97 -> -6619.4297 | BE97: 0
A98: production | B98: 5565.5 | C98: 4536 | D98: 5241 | E98: 5505.6 | F98: 6030.3 | G98: 6744.8 | H98: 6080.8 | I98: 5739.2 | J98: 6204.3 | K98: 6727.8 | L98: 7393.4 | M98: 7296.5 | N98: 7365.4 | O98: 5514.4 | P98: 7719.3 | Q98: 7719.5 | R98: 7400.4 | S98: 7047 | T98: 7556.2 | U98: 6869.2 | V98: 7690.3 | W98: 6736.2 | X98: 7069.9 | Y98: 6827.5 | Z98: 7686.5 | AA98: 8165.4 | AB98: 8864.6 | AC98: 9514.9 | AD98: 9466.1 | AE98: 8993.5 | AF98: 9613.2 | AG98: 10239.2 | AH98: 9852.5 | AI98: 9481.9 | AJ98: 9644.3 | AK98: 10772.7 | AL98: 10637.5 | AM98: 8060.9 | AN98: 7802.1 | AO98: 7519.9 | AP98: 8191.5 | AQ98: 7706.1 | AR98: 6585.5 | AS98: 6576.7 | AT98: 6937.5 | AU98: 7550.7 | AV98: 7259.6 | AW98: 5525.4 | AX98: 5499.7 | AY98: 6046.5 | BC98: =AY98-AV98 -> -1213.1 | BD98: =AZ98-AV98 -> -7259.6 | BE98: 0
A99: Minas Gerais
A100: area | B100: 1795.2 | C100: 1735 | D100: 1685 | E100: 1461.4 | F100: 1576.8 | G100: 1635.6 | H100: 1406.6 | I100: 1519.2 | J100: 1496 | K100: 1555.8 | L100: 1677 | M100: 1526 | N100: 1492 | O100: 1432 | P100: 1580 | Q100: 1580 | R100: 1507.3 | S100: 1507.3 | T100: 1510 | U100: 1374.1 | V100: 1401.6 | W100: 1261.4 | X100: 1286.6 | Y100: 1209.4 | Z100: 1221.5 | AA100: 1164.2 | AB100: 1239.9 | AC100: 1320.5 | AD100: 1333.7 | AE100: 1347 | AF100: 1368.6 | AG100: 1299.7 | AH100: 1259.4 | AI100: 1164.9 | AJ100: 1148 | AK100: 1218.5 | AL100: 1149.8 | AM100: 1098 | AN100: 1022.4 | AO100: 837.4 | AP100: 909.4 | AQ100: 825.7 | AR100: 748.9 | AS100: 720.4 | AT100: 819.1 | AU100: 839.6 | AV100: 781.7 | AW100: 684 | AX100: 619 | AY100: 650.6 | BC100: =AY100-AV100 -> -131.1 | BD100: =AZ100-AV100 -> -781.7 | BE100: 0
...

Sheet Corn 2
A1: BRAZILIAN CORN PRODUCTION BY STATE | BC1: CONAB Implied Yr0over0Yr Change | BD1: FM Implied Yr0over0Yr Change | BE1: FM 0 CONAB Percent Difference
A2: (000 ha, kg/ha, 000 mt) | AY2: 2025/26
A3: NORTH | B3: 1976/77 | C3: 1977/78 | D3: 1978/79 | E3: 1979/80 | F3: 1980/81 | G3: 1981/82 | H3: 1982/83 | I3: 1983/84 | J3: 1984/85 | K3: 1985/86 | L3: 1986/87 | M3: 1987/88 | N3: 1988/89 | O3: 1989/90 | P3: 1990/91 | Q3: 1991/92 | R3: 1992/93 | S3: 1993/94 | T3: 1994/95 | U3: 1995/96 | V3: 1996/97 | W3: 1997/98 | X3: 1998/99 | Y3: 1999/00 | Z3: 2000/01 | AA3: 2001/02 | AB3: 2002/03 | AC3: 2003/04 | AD3: 2004/05 | AE3: 2005/06 | AF3: 2006/07 | AG3: 2007/08 | AH3: 2008/09 | AI3: 2009/10 | AJ3: 2010/11 | AK3: 2011/12 | AL3: 2012/13 | AM3: 2013/14 | AN3: 2014/15 | AO3: 2015/16 | AP3: 2016/17 | AQ3: 2017/18 | AR3: 2018/19 | AS3: 2019/20 | AT3: 2020/21 | AU3: 2021/22 | AV3: 2022/23 | AW3: 2023/24 | AX3: 2024/25 | AY3: CONAB | AZ3: RLC | BA3: RLC - CONAB
A4: area | B4: =(B8+B12+B16+B20+B24+B28+B32) -> 0 | C4: =(C8+C12+C16+C20+C24+C28+C32) -> 0 | D4: =(D8+D12+D16+D20+D24+D28+D32) -> 0 | E4: =(E8+E12+E16+E20+E24+E28+E32) -> 0 | F4: =(F8+F12+F16+F20+F24+F28+F32) -> 0 | G4: =(G8+G12+G16+G20+G24+G28+G32) -> 0 | H4: =(H8+H12+H16+H20+H24+H28+H32) -> 0 | I4: =(I8+I12+I16+I20+I24+I28+I32) -> 0 | ... AU4: =(AU8+AU12+AU16+AU20+AU24+AU28+AU32) -> 793.5 | AV4: 937.9 | AW4: 978.2 | AX4: =AX12+AX16+AX28+AX32 -> 1192.1 | AY4: =AY12+AY16+AY28+AY32 -> 1267.1 | BA4: =AY4-AZ4 -> 1267.1 | BC4: =AY4-AV4 -> 329.2 | BD4: =AZ4-AV4 -> -937.9 | BE4: =BA4/AY4 -> 1
A5: yield | B5: - | C5: - | D5: - | E5: - | F5: - | G5: - | H5: - | I5: - | J5: - | K5: - | L5: - | M5: - | N5: - | O5: - | P5: - | Q5: - | R5: - | S5: - | T5: - | U5: - | V5: - | W5: - | X5: - | Y5: - | Z5: - | AA5: - | AB5: - | AC5: 2789 | AD5: 2851 | AE5: 2489 | AF5: 3219 | AG5: 3450 | AH5: 3556 | AI5: 2656 | AJ5: 3329 | AK5: 3849 | AL5: 4036 | AM5: 4183 | AN5: 4700 | AO5: 3816 | AP5: 4253 | AQ5: 3850 | AR5: 4607 | AS5: 4777 | AT5: 4166 | AU5: 4508 | AV5: 4477.4561 | AW5: 4708.9567 | AX5: 5202.5717 | AY5: 4839.8115 | BA5: 0 | BC5: =AY5-AV5 -> 362.35541 | BD5: =AZ5-AV5 -> -4477.4561 | BE5: 0 | BT5: =AZ5/1000 -> 0
A6: production | B6: =B10+B14+B18+B22+B26+B30+B34 -> 0 | C6: =C10+C14+C18+C22+C26+C30+C34 -> 0 | D6: =D10+D14+D18+D22+D26+D30+D34 -> 0 | E6: =E10+E14+E18+E22+E26+E30+E34 -> 0 | F6: =F10+F14+F18+F22+F26+F30+F34 -> 0 | G6: =G10+G14+G18+G22+G26+G30+G34 -> 0 | H6: =H10+H14+H18+H22+H26+H30+H34 -> 0 | I6: =I10+I14+I18+I22+I26+I30+I34 -> 0 | ... AT6: =AT10+AT14+AT18+AT22+AT26+AT30+AT34 -> 2580.2 | AU6: 3577.1 | AV6: 4199.3 | AW6: 4606.4 | AX6: 6202 | AY6: 6132.5 | BA6: =AY6-AZ6 -> 6132.5 | BC6: =AY6-AV6 -> 1933.2 | BD6: =AZ6-AV6 -> -4199.3 | BE6: =BA6/AY6 -> 1 | BT6: =AZ6*1000 -> 0
A7: Roraima | BA7: =AY7-AZ7 -> 0
A8: area | B8: 0 | C8: 0 | D8: 0 | E8: 0 | F8: 0 | G8: 0 | H8: 0 | I8: 0 | J8: 0 | K8: 0 | L8: 0 | M8: 0 | N8: 0 | O8: 0 | P8: 0 | Q8: 0 | R8: 0 | S8: 0 | T8: 0 | U8: 0 | V8: 0 | W8: 0 | X8: 0 | Y8: 0 | Z8: 0 | AA8: 0 | AB8: 0 | AC8: 0 | AD8: 0 | AE8: 0 | AF8: 0 | AG8: 0 | AH8: 0 | AI8: 0 | AJ8: 0 | AK8: 0 | AL8: 0 | AM8: 0 | AN8: 0 | AO8: 4.6 | AP8: 7.6 | AQ8: 9.6 | AR8: 0 | AS8: 0 | AT8: 0 | AU8: 0 | AV8: 0 | BA8: =AY8-AZ8 -> 0 | BC8: =AY8-AV8 -> 0 | BD8: =AZ8-AV8 -> 0 | BE8: =BA8/AY8 -> #DIV/0!
A9: yield | B9: 0 | C9: 0 | D9: 0 | E9: 0 | F9: 0 | G9: 0 | H9: 0 | I9: 0 | J9: 0 | K9: 0 | L9: 0 | M9: 0 | N9: 0 | O9: 0 | P9: 0 | Q9: 0 | R9: 0 | S9: 0 | T9: 0 | U9: 0 | V9: 0 | W9: 0 | X9: 0 | Y9: 0 | Z9: 0 | AA9: 0 | AB9: 0 | AC9: 0 | AD9: 0 | AE9: 0 | AF9: 0 | AG9: 0 | AH9: 0 | AI9: 0 | AJ9: 0 | AK9: 0 | AL9: 0 | AM9: 0 | AN9: 0 | AO9: 3036 | AP9: 6000 | AQ9: 4857 | AR9: 0 | AS9: 0 | AT9: 0 | AU9: 0 | AV9: 0 | BA9: =AY9-AZ9 -> 0 | BC9: =AY9-AV9 -> 0 | BD9: =AZ9-AV9 -> 0 | BE9: 0 | BT9: =AZ9/1000 -> 0
A10: production | B10: 0 | C10: 0 | D10: 0 | E10: 0 | F10: 0 | G10: 0 | H10: 0 | I10: 0 | J10: 0 | K10: 0 | L10: 0 | M10: 0 | N10: 0 | O10: 0 | P10: 0 | Q10: 0 | R10: 0 | S10: 0 | T10: 0 | U10: 0 | V10: 0 | W10: 0 | X10: 0 | Y10: 0 | Z10: 0 | AA10: 0 | AB10: 0 | AC10: 0 | AD10: 0 | AE10: 0 | AF10: 0 | AG10: 0 | AH10: 0 | AI10: 0 | AJ10: 0 | AK10: 0 | AL10: 0 | AM10: 0 | AN10: 0 | AO10: 14 | AP10: 45.6 | AQ10: 46.6 | AR10: 0 | AS10: 0 | AT10: 0 | AU10: 0 | AV10: 0 | BA10: =AY10-AZ10 -> 0 | BC10: =AY10-AV10 -> 0 | BD10: =AZ10-AV10 -> 0 | BE10: =BA10/AY10 -> #DIV/0! | BT10: =AZ10*1000 -> 0
A11: Rondônia | BA11: =AY11-AZ11 -> 0
A12: area | B12: 0 | C12: 0 | D12: 0 | E12: 0 | F12: 0 | G12: 0 | H12: 0 | I12: 0 | J12: 0 | K12: 0 | L12: 0 | M12: 0 | N12: 0 | O12: 0 | P12: 0 | Q12: 0 | R12: 0 | S12: 0 | T12: 0 | U12: 0 | V12: 0 | W12: 0 | X12: 0 | Y12: 0 | Z12: 0 | AA12: 0 | AB12: 0 | AC12: 15.5 | AD12: 13.2 | AE12: 17.3 | AF12: 19.3 | AG12: 24.7 | AH12: 30.3 | AI12: 61.8 | AJ12: 56 | AK12: 68.4 | AL12: 89.6 | AM12: 88.4 | AN12: 119.5 | AO12: 119.5 | AP12: 156.9 | AQ12: 149.1 | AR12: 178.8 | AS12: 186 | AT12: 200 | AU12: 239.8 | AV12: 288.7 | AW12: 317.9 | AX12: 477.2 | AY12: 472.4 | BA12: =AY12-AZ12 -> 472.4 | BC12: =AY12-AV12 -> 183.7 | BD12: =AZ12-AV12 -> -288.7 | BE12: =BA12/AY12 -> 1
A13: yield | B13: 0 | C13: 0 | D13: 0 | E13: 0 | F13: 0 | G13: 0 | H13: 0 | I13: 0 | J13: 0 | K13: 0 | L13: 0 | M13: 0 | N13: 0 | O13: 0 | P13: 0 | Q13: 0 | R13: 0 | S13: 0 | T13: 0 | U13: 0 | V13: 0 | W13: 0 | X13: 0 | Y13: 0 | Z13: 0 | AA13: 0 | AB13: 0 | AC13: 2800 | AD13: 2800 | AE13: 2450 | AF13: 3234 | AG13: 3190 | AH13: 2950 | AI13: 2580 | AJ13: 2631 | AK13: 3612 | AL13: 3728 | AM13: 3751 | AN13: 4613 | AO13: 4613 | AP13: 4385 | AQ13: 4497 | AR13: 5034 | AS13: 5209 | AT13: 5190 | AU13: 5326 | AV13: 5281 | AW13: 5221 | AX13: 5332 | AY13: 5298 | BA13: =AY13-AZ13 -> 5298 | BC13: =AY13-AV13 -> 17 | BD13: =AZ13-AV13 -> -5281 | BE13: 0 | BT13: =AZ13/1000 -> 0
A14: production | B14: 0 | C14: 0 | D14: 0 | E14: 0 | F14: 0 | G14: 0 | H14: 0 | I14: 0 | J14: 0 | K14: 0 | L14: 0 | M14: 0 | N14: 0 | O14: 0 | P14: 0 | Q14: 0 | R14: 0 | S14: 0 | T14: 0 | U14: 0 | V14: 0 | W14: 0 | X14: 0 | Y14: 0 | Z14: 0 | AA14: 0 | AB14: 0 | AC14: 43.4 | AD14: 37 | AE14: 42.4 | AF14: 62.4 | AG14: 78.8 | AH14: 89.4 | AI14: 159.4 | AJ14: 147.3 | AK14: 247.1 | AL14: 334 | AM14: 331.6 | AN14: 551.3 | AO14: 551.3 | AP14: 688 | AQ14: 670.5 | AR14: 900.1 | AS14: 968.9 | AT14: 1038 | AU14: 1277.1 | AV14: 1524.6 | AW14: 1659.8 | AX14: 2544.4 | AY14: 2502.8 | BA14: =AY14-AZ14 -> 2502.8 | BC14: =AY14-AV14 -> 978.2 | BD14: =AZ14-AV14 -> -1524.6 | BE14: =BA14/AY14 -> 1 | BT14: =AZ14*1000 -> 0
A15: Acre | BA15: =AY15-AZ15 -> 0
A16: area | B16: 0 | C16: 0 | D16: 0 | E16: 0 | F16: 0 | G16: 0 | H16: 0 | I16: 0 | J16: 0 | K16: 0 | L16: 0 | M16: 0 | N16: 0 | O16: 0 | P16: 0 | Q16: 0 | R16: 0 | S16: 0 | T16: 0 | U16: 0 | V16: 0 | W16: 0 | X16: 0 | Y16: 0 | Z16: 0 | AA16: 0 | AB16: 0 | AC16: 0 | AD16: 0 | AE16: 0 | AF16: 0 | AG16: 0 | AH16: 0 | AI16: 0 | AJ16: 0 | AK16: 0 | AL16: 0 | AM16: 0 | AN16: 0 | AO16: 0 | AP16: 0 | AQ16: 0 | AR16: 2 | AS16: 2 | AT16: 5.5 | AU16: 8.1 | AV16: 11.6 | AW16: 8.9 | AX16: 11.3 | AY16: 11.3 | BA16: =AY16-AZ16 -> 11.3 | BC16: =AY16-AV15 -> 11.3 | BD16: =AZ16-AV15 -> 0 | BE16: =BA16/AY16 -> 1
A17: yield | B17: 0 | C17: 0 | D17: 0 | E17: 0 | F17: 0 | G17: 0 | H17: 0 | I17: 0 | J17: 0 | K17: 0 | L17: 0 | M17: 0 | N17: 0 | O17: 0 | P17: 0 | Q17: 0 | R17: 0 | S17: 0 | T17: 0 | U17: 0 | V17: 0 | W17: 0 | X17: 0 | Y17: 0 | Z17: 0 | AA17: 0 | AB17: 0 | AC17: 0 | AD17: 0 | AE17: 0 | AF17: 0 | AR17: 2050 | AS17: 2050 | AT17: 2600 | AU17: 4148 | AV17: 4237 | AW17: 4362 | AX17: 4549 | AY17: 4362 | BA17: =AY17-AZ17 -> 4362 | BC17: =AY17-AV17 -> 125 | BD17: =AZ17-AV17 -> -4237 | BE17: 0 | BT17: =AZ17/1000 -> 0
A18: production | B18: 0 | C18: 0 | D18: 0 | E18: 0 | F18: 0 | G18: 0 | H18: 0 | I18: 0 | J18: 0 | K18: 0 | L18: 0 | M18: 0 | N18: 0 | O18: 0 | P18: 0 | Q18: 0 | R18: 0 | S18: 0 | T18: 0 | U18: 0 | V18: 0 | W18: 0 | X18: 0 | Y18: 0 | Z18: 0 | AA18: 0 | AB18: 0 | AC18: 0 | AD18: 0 | AE18: 0 | AF18: 0 | AG18: 0 | AH18: 0 | AI18: 0 | AJ18: 0 | AK18: 0 | AL18: 0 | AM18: 0 | AN18: 0 | AO18: 0 | AP18: 0 | AQ18: 0 | AR18: 4.1 | AS18: 4.1 | AT18: 14.3 | AU18: 33.6 | AV18: 49.1 | AW18: 38.8 | AX18: 51.4 | AY18: 49.3 | BA18: =AY18-AZ18 -> 49.3 | BC18: =AY18-AV18 -> 0.2 | BD18: =AZ18-AV18 -> -49.1 | BE18: =BA18/AY18 -> 1 | BT18: =AZ18*1000 -> 0
A19: Amazonas | BA19: =AY19-AZ19 -> 0
A20: area | B20: 0 | C20: 0 | D20: 0 | E20: 0 | F20: 0 | G20: 0 | H20: 0 | I20: 0 | J20: 0 | K20: 0 | L20: 0 | M20: 0 | N20: 0 | O20: 0 | P20: 0 | Q20: 0 | R20: 0 | S20: 0 | T20: 0 | U20: 0 | V20: 0 | W20: 0 | X20: 0 | Y20: 0 | Z20: 0 | AA20: 0 | AB20: 0 | AC20: 0 | AD20: 0 | AE20: 0 | AF20: 0 | AG20: 0 | AH20: 0 | AI20: 0 | AJ20: 0 | AK20: 0 | AL20: 0 | AM20: 0 | AN20: 0 | AO20: 0 | AP20: 0 | AQ20: 0 | AR20: 0 | AS20: 0 | AT20: 0 | AU20: 0 | AV20: 0 | BA20: =AY20-AZ20 -> 0 | BC20: =AY20-AV20 -> 0 | BD20: =AZ20-AV20 -> 0 | BE20: =BA20/AY20 -> #DIV/0!
A21: yield | B21: 0 | C21: 0 | D21: 0 | E21: 0 | F21: 0 | G21: 0 | H21: 0 | I21: 0 | J21: 0 | K21: 0 | L21: 0 | M21: 0 | N21: 0 | O21: 0 | P21: 0 | Q21: 0 | R21: 0 | S21: 0 | T21: 0 | U21: 0 | V21: 0 | W21: 0 | X21: 0 | Y21: 0 | Z21: 0 | AA21: 0 | AB21: 0 | AC21: 0 | AD21: 0 | AE21: 0 | AF21: 0 | AI21: 0 | AL21: 0 | AM21: 0 | AN21: 0 | AO21: 0 | AP21: 0 | AQ21: 0 | AR21: 0 | AS21: 0 | BA21: =AY21-AZ21 -> 0 | BC21: =AY21-AV21 -> 0 | BD21: =AZ21-AV21 -> 0 | BE21: 0 | BT21: =AZ21/1000 -> 0
A22: production | B22: 0 | C22: 0 | D22: 0 | E22: 0 | F22: 0 | G22: 0 | H22: 0 | I22: 0 | J22: 0 | K22: 0 | L22: 0 | M22: 0 | N22: 0 | O22: 0 | P22: 0 | Q22: 0 | R22: 0 | S22: 0 | T22: 0 | U22: 0 | V22: 0 | W22: 0 | X22: 0 | Y22: 0 | Z22: 0 | AA22: 0 | AB22: 0 | AC22: 0 | AD22: 0 | AE22: 0 | AF22: 0 | AG22: 0 | AH22: 0 | AI22: 0 | AJ22: 0 | AK22: 0 | AL22: 0 | AM22: 0 | AN22: 0 | AO22: 0 | AP22: 0 | AQ22: 0 | AR22: 0 | AS22: 0 | AT22: 0 | AU22: 0 | AV22: 0 | BA22: =AY22-AZ22 -> 0 | BC22: =AY22-AV22 -> 0 | BD22: =AZ22-AV22 -> 0 | BE22: =BA22/AY22 -> #DIV/0! | BT22: =AZ22*1000 -> 0
A23: Amapá | BA23: =AY23-AZ23 -> 0
A24: area | B24: 0 | C24: 0 | D24: 0 | E24: 0 | F24: 0 | G24: 0 | H24: 0 | I24: 0 | J24: 0 | K24: 0 | L24: 0 | M24: 0 | N24: 0 | O24: 0 | P24: 0 | Q24: 0 | R24: 0 | S24: 0 | T24: 0 | U24: 0 | V24: 0 | W24: 0 | X24: 0 | Y24: 0 | Z24: 0 | AA24: 0 | AB24: 0 | AC24: 0 | AD24: 0 | AE24: 0 | AF24: 0 | AG24: 0 | AH24: 0 | AI24: 0 | AJ24: 0 | AK24: 0 | AL24: 0 | AM24: 0 | AN24: 0 | AO24: 0 | AP24: 0 | AQ24: 0 | AR24: 1.4 | AS24: 0 | AT24: 0 | AU24: 0 | AV24: 0 | BA24: =AY24-AZ24 -> 0 | BC24: =AY24-AV24 -> 0 | BD24: =AZ24-AV24 -> 0 | BE24: =BA24/AY24 -> #DIV/0!
A25: yield | B25: 0 | C25: 0 | D25: 0 | E25: 0 | F25: 0 | G25: 0 | H25: 0 | I25: 0 | J25: 0 | K25: 0 | L25: 0 | M25: 0 | N25: 0 | O25: 0 | P25: 0 | Q25: 0 | R25: 0 | S25: 0 | T25: 0 | U25: 0 | V25: 0 | W25: 0 | X25: 0 | Y25: 0 | Z25: 0 | AA25: 0 | AB25: 0 | AC25: 0 | AD25: 0 | AE25: 0 | AF25: 0 | AI25: 0 | AL25: 0 | AM25: 0 | AN25: 0 | AO25: 0 | AP25: 0 | AQ25: 0 | AR25: 933 | AS25: 0 | AT25: 0 | AU25: 0 | AV25: 0 | BA25: =AY25-AZ25 -> 0 | BC25: =AY25-AV25 -> 0 | BD25: =AZ25-AV25 -> 0 | BE25: 0 | BT25: =AZ25/1000 -> 0
A26: production | B26: 0 | C26: 0 | D26: 0 | E26: 0 | F26: 0 | G26: 0 | H26: 0 | I26: 0 | J26: 0 | K26: 0 | L26: 0 | M26: 0 | N26: 0 | O26: 0 | P26: 0 | Q26: 0 | R26: 0 | S26: 0 | T26: 0 | U26: 0 | V26: 0 | W26: 0 | X26: 0 | Y26: 0 | Z26: 0 | AA26: 0 | AB26: 0 | AC26: 0 | AD26: 0 | AE26: 0 | AF26: 0 | AG26: 0 | AH26: 0 | AI26: 0 | AJ26: 0 | AK26: 0 | AL26: 0 | AM26: 0 | AN26: 0 | AO26: 0 | AP26: 0 | AQ26: 0 | AR26: 1.3 | AS26: 0 | AT26: 0 | AU26: 0 | AV26: 0 | BA26: =AY26-AZ26 -> 0 | BC26: =AY26-AV26 -> 0 | BD26: =AZ26-AV26 -> 0 | BE26: =BA26/AY26 -> #DIV/0! | BT26: =AZ26*1000 -> 0
A27: Pará | BA27: =AY27-AZ27 -> 0
A28: area | B28: 0 | C28: 0 | D28: 0 | E28: 0 | F28: 0 | G28: 0 | H28: 0 | I28: 0 | J28: 0 | K28: 0 | L28: 0 | M28: 0 | N28: 0 | O28: 0 | P28: 0 | Q28: 0 | R28: 0 | S28: 0 | T28: 0 | U28: 0 | V28: 0 | W28: 0 | X28: 0 | Y28: 0 | Z28: 0 | AA28: 0 | AB28: 0 | AC28: 0 | AD28: 0 | AE28: 0 | AF28: 0 | AG28: 0 | AH28: 0 | AI28: 0 | AJ28: 0 | AK28: 0 | AL28: 0 | AM28: 0 | AN28: 0 | AO28: 26.5 | AP28: 81.4 | AQ28: 69 | AR28: 97.4 | AS28: 101.1 | AT28: 188.5 | AU28: 220.9 | AV28: 264.2 | AW28: 316.5 | AX28: 289.3 | AY28: 337.6 | BA28: =AY28-AZ28 -> 337.6 | BC28: =AY28-AV28 -> 73.4 | BD28: =AZ28-AV28 -> -264.2 | BE28: =BA28/AY28 -> 1
A29: yield | B29: 0 | C29: 0 | D29: 0 | E29: 0 | F29: 0 | G29: 0 | H29: 0 | I29: 0 | J29: 0 | K29: 0 | L29: 0 | M29: 0 | N29: 0 | O29: 0 | P29: 0 | Q29: 0 | R29: 0 | S29: 0 | T29: 0 | U29: 0 | V29: 0 | W29: 0 | X29: 0 | Y29: 0 | Z29: 0 | AA29: 0 | AB29: 0 | AC29: 0 | AD29: 0 | AE29: 0 | AF29: 0 | AI29: 0 | AL29: 0 | AM29: 0 | AN29: 0 | AO29: 3072 | AP29: 3549 | AQ29: 3403 | AR29: 3288 | AS29: 3357 | AT29: 3199 | AU29: 2960 | AV29: 3547 | AW29: 3761 | AX29: 4666 | AY29: 3743 | BA29: =AY29-AZ29 -> 3743 | BC29: =AY29-AV29 -> 196 | BD29: =AZ29-AV29 -> -3547 | BE29: 0 | BT29: =AZ29/1000 -> 0
A30: production | B30: 0 | C30: 0 | D30: 0 | E30: 0 | F30: 0 | G30: 0 | H30: 0 | I30: 0 | J30: 0 | K30: 0 | L30: 0 | M30: 0 | N30: 0 | O30: 0 | P30: 0 | Q30: 0 | R30: 0 | S30: 0 | T30: 0 | U30: 0 | V30: 0 | W30: 0 | X30: 0 | Y30: 0 | Z30: 0 | AA30: 0 | AB30: 0 | AC30: 0 | AD30: 0 | AE30: 0 | AF30: 0 | AG30: 0 | AH30: 0 | AI30: 0 | AJ30: 0 | AK30: 0 | AL30: 0 | AM30: 0 | AN30: 0 | AO30: 81.4 | AP30: 288.9 | AQ30: 234.8 | AR30: 320.3 | AS30: 339.4 | AT30: 603 | AU30: 653.9 | AV30: 937.1 | AW30: 1190.4 | AX30: 1349.9 | AY30: 1263.6 | BA30: =AY30-AZ30 -> 1263.6 | BC30: =AY30-AV30 -> 326.5 | BD30: =AZ30-AV30 -> -937.1 | BE30: =BA30/AY30 -> 1 | BT30: =AZ30*1000 -> 0
A31: Tocantins | BA31: =AY31-AZ31 -> 0
A32: area | B32: 0 | C32: 0 | D32: 0 | E32: 0 | F32: 0 | G32: 0 | H32: 0 | I32: 0 | J32: 0 | K32: 0 | L32: 0 | M32: 0 | N32: 0 | O32: 0 | P32: 0 | Q32: 0 | R32: 0 | S32: 0 | T32: 0 | U32: 0 | V32: 0 | W32: 0 | X32: 0 | Y32: 0 | Z32: 0 | AA32: 0 | AB32: 0 | AC32: 2 | AD32: 0.9 | AE32: 0.9 | AF32: 9.9 | AG32: 10.6 | AH32: 9.7 | AI32: 10.8 | AJ32: 28.7 | AK32: 44.4 | AL32: 40.9 | AM32: 100.9 | AN32: 154 | AO32: 95.6 | AP32: 155.3 | AQ32: 157.9 | AR32: 201.9 | AS32: 240.7 | AT32: 225.3 | AU32: 324.7 | AV32: 373.4 | AW32: 334.9 | AX32: 414.3 | AY32: 445.8 | BA32: =AY32-AZ32 -> 445.8 | BC32: =AY32-AV32 -> 72.4 | BD32: =AZ32-AV32 -> -373.4 | BE32: =BA32/AY32 -> 1
A33: yield | B33: 0 | C33: 0 | D33: 0 | E33: 0 | F33: 0 | G33: 0 | H33: 0 | I33: 0 | J33: 0 | K33: 0 | L33: 0 | M33: 0 | N33: 0 | O33: 0 | P33: 0 | Q33: 0 | R33: 0 | S33: 0 | T33: 0 | U33: 0 | V33: 0 | W33: 0 | X33: 0 | Y33: 0 | Z33: 0 | AA33: 0 | AB33: 0 | AC33: 2700 | AD33: 3600 | AE33: 3190 | AF33: 3190 | AG33: 4057 | AH33: 5450 | AI33: 3091 | AJ33: 4691 | AK33: 4215 | AL33: 4710 | AM33: 4561 | AN33: 4768 | AO33: 3063 | AP33: 4402 | AQ33: 3374 | AR33: 4917 | AS33: 5084 | AT33: 4105 | AU33: 4966 | AV33: 4522 | AW33: 5128 | AX33: 5446 | AY33: 5197 | BA33: =AY33-AZ33 -> 5197 | BC33: =AY33-AV33 -> 675 | BD33: =AZ33-AV33 -> -4522 | BE33: 0 | BF33: =(AZ33/AV33)-1 -> -1 | BT33: =AZ33/1000 -> 0
A34: production | B34: 0 | C34: 0 | D34: 0 | E34: 0 | F34: 0 | G34: 0 | H34: 0 | I34: 0 | J34: 0 | K34: 0 | L34: 0 | M34: 0 | N34: 0 | O34: 0 | P34: 0 | Q34: 0 | R34: 0 | S34: 0 | T34: 0 | U34: 0 | V34: 0 | W34: 0 | X34: 0 | Y34: 0 | Z34: 0 | AA34: 0 | AB34: 0 | AC34: 5.4 | AD34: 3.2 | AE34: 2.9 | AF34: 31.6 | AG34: 43 | AH34: 52.9 | AI34: 33.4 | AJ34: 134.6 | AK34: 187.1 | AL34: 192.6 | AM34: 460.2 | AN34: 734.3 | AO34: 292.8 | AP34: 683.6 | AQ34: 532.8 | AR34: 992.7 | AS34: 1223.7 | AT34: 924.9 | AU34: 1612.5 | AV34: 1688.5 | AW34: 1717.4 | AX34: 2256.3 | AY34: 2316.8 | BA34: =AY34-AZ34 -> 2316.8 | BC34: =AY34-AV34 -> 628.3 | BD34: =AZ34-AV34 -> -1688.5 | BE34: =BA34/AY34 -> 1 | BT34: =AZ34*1000 -> 0
A35: NORTHEAST
A36: area | B36: =B40+B44+B48+B52+B56+B60+B64+B68+B72 -> 0 | C36: =C40+C44+C48+C52+C56+C60+C64+C68+C72 -> 0 | D36: =D40+D44+D48+D52+D56+D60+D64+D68+D72 -> 0 | E36: =E40+E44+E48+E52+E56+E60+E64+E68+E72 -> 146 | F36: =F40+F44+F48+F52+F56+F60+F64+F68+F72 -> 243 | G36: =G40+G44+G48+G52+G56+G60+G64+G68+G72 -> 228 | H36: =H40+H44+H48+H52+H56+H60+H64+H68+H72 -> 103.9 | I36: =I40+I44+I48+I52+I56+I60+I64+I68+I72 -> 165 | ... AY36: =AY40+AY44+AY48+AY52+AY56+AY60+AY64+AY68+AY72 -> 1381.8 | BC36: =AY36-AV36 -> -20.8 | BD36: =AZ36-AV36 -> -1402.6 | BE36: =BA36/AY36 -> 0
A37: yield | B37: =B41+B45+B49+B53+B57+B61+B65+B69+B73 -> 0 | C37: =C41+C45+C49+C53+C57+C61+C65+C69+C73 -> 0 | E37: 539.72603 | F37: 522.63374 | G37: 500 | H37: 319.53802 | I37: 469.69697 | J37: 600 | K37: 500 | L37: 400 | M37: 660.05587 | N37: 590.08728 | O37: 190.14891 | P37: 450.16949 | Q37: 300 | R37: 150 | S37: 831.65599 | T37: 829.90654 | U37: 1119.1589 | V37: 760 | W37: 613 | X37: 800 | Y37: 840 | Z37: 430 | AA37: 820 | AB37: 800 | AC37: 734 | AD37: 1080 | AE37: 1235 | AF37: 1245 | AG37: 1415 | AH37: 1510 | AI37: 1852 | AJ37: 2105 | AK37: 2141 | AL37: 3302.7102 | AM37: 3591.7706 | AN37: 2892.5726 | AO37: 1015.4645 | AP37: 2788.657 | AQ37: 1188.0113 | AR37: 1618.6833 | AS37: 1920.1008 | AT37: 1860.1812 | AU37: 2171.3721 | AV37: 2183.195 | AW37: 1872.3213 | AX37: 2336.8605 | AY37: 2258.3692 | BC37: =AY37-AV37 -> 75.174234 | BD37: =AZ37-AV37 -> -2183.195 | BE37: 0 | BT37: =AZ37/1000 -> 0
A38: production | B38: =B42+B46+B50+B54+B58+B62+B66+B70+B74 -> 0 | C38: =C42+C46+C50+C54+C58+C62+C66+C70+C74 -> 0 | D38: =D42+D46+D50+D54+D58+D62+D66+D70+D74 -> 0 | E38: =E42+E46+E50+E54+E58+E62+E66+E70+E74 -> 78.8 | F38: =F42+F46+F50+F54+F58+F62+F66+F70+F74 -> 127 | G38: =G42+G46+G50+G54+G58+G62+G66+G70+G74 -> 114 | H38: =H42+H46+H50+H54+H58+H62+H66+H70+H74 -> 33.2 | I38: =I42+I46+I50+I54+I58+I62+I66+I70+I74 -> 77.5 | ... AY38: =AY42+AY46+AY50+AY54+AY58+AY62+AY66+AY70+AY74 -> 3120.6 | BC38: =AY38-AV38 -> 58.4 | BD38: =AZ38-AV38 -> -3062.2 | BE38: =BA38/AY38 -> 0 | BT38: =AZ38*1000 -> 0
A39: Maranhão
A40: area | B40: 0 | C40: 0 | D40: 0 | E40: 0 | F40: 0 | G40: 0 | H40: 0 | I40: 0 | J40: 0 | K40: 0 | L40: 0 | M40: 0 | N40: 0 | O40: 0 | P40: 0 | Q40: 0 | R40: 0 | S40: 0 | T40: 0 | U40: 0 | V40: 0 | W40: 0 | X40: 0 | Y40: 0 | Z40: 0 | AA40: 0 | AB40: 0 | AC40: 0 | AD40: 0 | AE40: 0 | AF40: 0 | AG40: 0 | AH40: 0 | AI40: 0 | AJ40: 0 | AK40: 70.6 | AL40: 133.7 | AM40: 227.4 | AN40: 134.2 | AO40: 85.9 | AP40: 198.9 | AQ40: 172.4 | AR40: 192.2 | AS40: 182.4 | AT40: 200.8 | AU40: 264.3 | AV40: 304.2 | AW40: 260.7 | AX40: 299 | AY40: 305 | BC40: =AY40-AV40 -> 0.8 | BD40: =AZ40-AV40 -> -304.2 | BE40: =BA40/AY40 -> 0 | BJ40: TO | BK40: 0.11
A41: yield | B41: 0 | C41: 0 | D41: 0 | E41: 0 | F41: 0 | G41: 0 | H41: 0 | I41: 0 | J41: 0 | K41: 0 | L41: 0 | M41: 0 | N41: 0 | O41: 0 | P41: 0 | Q41: 0 | R41: 0 | S41: 0 | T41: 0 | U41: 0 | V41: 0 | W41: 0 | X41: 0 | Y41: 0 | Z41: 0 | AA41: 0 | AB41: 0 | AC41: 0 | AD41: 0 | AE41: 0 | AF41: 0 | AG41: 0 | AH41: 0 | AI41: 0 | AJ41: 0 | AK41: 2879 | AL41: 4214 | AM41: 3813 | AN41: 3867 | AO41: 1784 | AP41: 3572 | AQ41: 2172 | AR41: 4184 | AS41: 5358 | AT41: 5358 | AU41: 5171 | AV41: 5198 | AW41: 4981 | AX41: 6300 | AY41: 5094 | BC41: =AY41-AV41 -> -104 | BD41: =AZ41-AV41 -> -5198 | BE41: 0 | BF41: =(AZ41/AV41)-1 -> -1 | BJ41: MA | BK41: 0.06 | BT41: =AZ41/1000 -> 0
A42: production | B42: 0 | C42: 0 | D42: 0 | E42: 0 | F42: 0 | G42: 0 | H42: 0 | I42: 0 | J42: 0 | K42: 0 | L42: 0 | M42: 0 | N42: 0 | O42: 0 | P42: 0 | Q42: 0 | R42: 0 | S42: 0 | T42: 0 | U42: 0 | V42: 0 | W42: 0 | X42: 0 | Y42: 0 | Z42: 0 | AA42: 0 | AB42: 0 | AC42: 0 | AD42: 0 | AE42: 0 | AF42: 0 | AG42: 0 | AH42: 0 | AI42: 0 | AJ42: 0 | AK42: 203.3 | AL42: 563.4 | AM42: 867.1 | AN42: 519 | AO42: 153.2 | AP42: 710.5 | AQ42: 374.5 | AR42: 804.2 | AS42: 977.3 | AT42: 1075.9 | AU42: 1366.7 | AV42: 1581.2 | AW42: 1298.5 | AX42: 1883.7 | AY42: 1553.7 | BC42: =AY42-AV42 -> -27.5 | BD42: =AZ42-AV42 -> -1581.2 | BE42: =BA42/AY42 -> 0 | BJ42: PI | BK42: 0.05 | BT42: =AZ42*1000 -> 0
A43: Piauí | BJ43: BA | BK43: 0.09
A44: area | B44: 0 | C44: 0 | D44: 0 | E44: 0 | F44: 0 | G44: 0 | H44: 0 | I44: 0 | J44: 0 | K44: 0 | L44: 0 | M44: 0 | N44: 0 | O44: 0 | P44: 0 | Q44: 0 | R44: 0 | S44: 0 | T44: 0 | U44: 0 | V44: 0 | W44: 0 | X44: 0 | Y44: 0 | Z44: 0 | AA44: 0 | AB44: 0 | AC44: 0 | AD44: 0 | AE44: 0 | AF44: 0 | AG44: 0 | AH44: 0 | AI44: 0 | AJ44: 0 | AK44: 20.9 | AL44: 13.7 | AM44: 33.4 | AN44: 25.9 | AO44: 21.5 | AP44: 49.2 | AQ44: 63.2 | AR44: 77.8 | AS44: 32.1 | AT44: 94.9 | AU44: 130 | AV44: 166.1 | AW44: 75.9 | AX44: 103.8 | AY44: 127.8 | BC44: =AY44-AV44 -> -38.3 | BD44: =AZ44-AV44 -> -166.1 | BE44: =BA44/AY44 -> 0 | BJ44: MT | BK44: 0.15
A45: yield | B45: 0 | C45: 0 | D45: 0 | E45: 0 | F45: 0 | G45: 0 | H45: 0 | I45: 0 | J45: 0 | K45: 0 | L45: 0 | M45: 0 | N45: 0 | O45: 0 | P45: 0 | Q45: 0 | R45: 0 | S45: 0 | T45: 0 | U45: 0 | V45: 0 | W45: 0 | X45: 0 | Y45: 0 | Z45: 0 | AA45: 0 | AB45: 0 | AC45: 0 | AD45: 0 | AE45: 0 | AF45: 0 | AG45: 0 | AH45: 0 | AI45: 0 | AJ45: 0 | AK45: 4311 | AL45: 3891 | AM45: 4998 | AN45: 4437 | AO45: 1756 | AP45: 2363 | AQ45: 1289 | AR45: 4661 | AS45: 4567 | AT45: 3009 | AU45: 4973 | AV45: 4603 | AW45: 4089 | AX45: 5668 | AY45: 5194 | BC45: =AY45-AV45 -> 591 | BD45: =AZ45-AV45 -> -4603 | BE45: 0 | BF45: =(AZ45/AV45)-1 -> -1 | BJ45: MS | BK45: 0.05 | BT45: =AZ45/1000 -> 0
A46: production | B46: 0 | C46: 0 | D46: 0 | E46: 0 | F46: 0 | G46: 0 | H46: 0 | I46: 0 | J46: 0 | K46: 0 | L46: 0 | M46: 0 | N46: 0 | O46: 0 | P46: 0 | Q46: 0 | R46: 0 | S46: 0 | T46: 0 | U46: 0 | V46: 0 | W46: 0 | X46: 0 | Y46: 0 | Z46: 0 | AA46: 0 | AB46: 0 | AC46: 0 | AD46: 0 | AE46: 0 | AF46: 0 | AG46: 0 | AH46: 0 | AI46: 0 | AJ46: 0 | AK46: 90.1 | AL46: 53.3 | AM46: 166.9 | AN46: 114.9 | AO46: 37.8 | AP46: 116.3 | AQ46: 81.5 | AR46: 362.6 | AS46: 146.6 | AT46: 285.6 | AU46: 646.5 | AV46: 764.6 | AW46: 310.4 | AX46: 588.3 | AY46: 663.8 | BC46: =AY46-AV46 -> -100.8 | BD46: =AZ46-AV46 -> -764.6 | BE46: =BA46/AY46 -> 0 | BJ46: GO | BK46: 0.07 | BT46: =AZ46*1000 -> 0
A47: Ceará | BJ47: PR | BK47: 0.03
A48: area | B48: 0 | C48: 0 | D48: 0 | E48: 0 | F48: 0 | G48: 0 | H48: 0 | I48: 0 | J48: 0 | K48: 0 | L48: 0 | M48: 0 | N48: 0 | O48: 0 | P48: 0 | Q48: 0 | R48: 0 | S48: 0 | T48: 0 | U48: 0 | V48: 0 | W48: 0 | X48: 0 | Y48: 0 | Z48: 0 | AA48: 0 | AB48: 0 | AC48: 0 | AD48: 0 | AE48: 0 | AF48: 0 | AG48: 0 | AH48: 0 | AI48: 0 | AJ48: 0 | AK48: 0 | AL48: 0 | AM48: 0 | AN48: 0 | AO48: 0 | AP48: 0 | AQ48: 0 | AR48: 501.9 | AS48: 519.5 | AT48: 543.9 | AU48: 560.8 | AV48: 584 | AW48: 602.5 | AX48: 588.6 | AY48: 590.4 | BC48: =AY48-AV48 -> 6.4 | BD48: =AZ48-AV48 -> -584 | BE48: =BA48/AY48 -> 0 | BJ48: SC | BK48: 0.03
A49: yield | B49: 0 | C49: 0 | D49: 0 | E49: 0 | F49: 0 | G49: 0 | H49: 0 | I49: 0 | J49: 0 | K49: 0 | L49: 0 | M49: 0 | N49: 0 | O49: 0 | P49: 0 | Q49: 0 | R49: 0 | S49: 0 | T49: 0 | U49: 0 | V49: 0 | W49: 0 | X49: 0 | Y49: 0 | Z49: 0 | AA49: 0 | AB49: 0 | AC49: 0 | AD49: 0 | AE49: 0 | AF49: 0 | AG49: 0 | AH49: 0 | AI49: 0 | AJ49: 0 | AK49: 0 | AL49: 0 | AM49: 0 | AN49: 0 | AO49: 0 | AP49: 0 | AQ49: 0 | AR49: 792 | AS49: 1232 | AT49: 842 | AU49: 929 | AV49: 619 | AW49: 804 | AX49: 541 | AY49: 842 | BC49: =AY49-AV49 -> 223 | BD49: =AZ49-AV49 -> -619 | BE49: 0 | BJ49: RS | BK49: 0.68 | BT49: =AZ49/1000 -> 0
A50: production | B50: 0 | C50: 0 | D50: 0 | E50: 0 | F50: 0 | G50: 0 | H50: 0 | I50: 0 | J50: 0 | K50: 0 | L50: 0 | M50: 0 | N50: 0 | O50: 0 | P50: 0 | Q50: 0 | R50: 0 | S50: 0 | T50: 0 | U50: 0 | V50: 0 | W50: 0 | X50: 0 | Y50: 0 | Z50: 0 | AA50: 0 | AB50: 0 | AC50: 0 | AD50: 0 | AE50: 0 | AF50: 0 | AG50: 0 | AH50: 0 | AI50: 0 | AJ50: 0 | AK50: 0 | AL50: 0 | AM50: 0 | AN50: 0 | AO50: 0 | AP50: 0 | AQ50: 0 | AR50: 397.5 | AS50: 640 | AT50: 458 | AU50: 521 | AV50: 361.5 | AW50: 484.4 | AX50: 318.4 | AY50: 497.1 | BC50: =AY50-AV50 -> 135.6 | BD50: =AZ50-AV50 -> -361.5 | BE50: =BA50/AY50 -> 0 | BJ50: SC | BK50: 0.09 | BT50: =AZ50*1000 -> 0
A51: Rio Grande do Norte | BJ51: MG | BK51: 0.1
A52: area | B52: 0 | C52: 0 | D52: 0 | E52: 0 | F52: 0 | G52: 0 | H52: 0 | I52: 0 | J52: 0 | K52: 0 | L52: 0 | M52: 0 | N52: 0 | O52: 0 | P52: 0 | Q52: 0 | R52: 0 | S52: 0 | T52: 0 | U52: 0 | V52: 0 | W52: 0 | X52: 0 | Y52: 0 | Z52: 0 | AA52: 0 | AB52: 0 | AC52: 0 | AD52: 0 | AE52: 0 | AF52: 0 | AG52: 0 | AH52: 0 | AI52: 0 | AJ52: 0 | AK52: 0 | AL52: 0 | AM52: 0 | AN52: 0 | AO52: 0 | AP52: 0 | AQ52: 0 | AR52: 53.7 | AS52: 59.7 | AT52: 52.9 | AU52: 52.3 | AV52: 50.5 | AW52: 67.4 | AX52: 64.2 | AY52: 61 | BC52: =AY52-AV52 -> 10.5 | BD52: =AZ52-AV52 -> -50.5 | BE52: 0 | BJ52: SP | BK52: 0.04
A53: yield | B53: 0 | C53: 0 | D53: 0 | E53: 0 | F53: 0 | G53: 0 | H53: 0 | I53: 0 | J53: 0 | K53: 0 | L53: 0 | M53: 0 | N53: 0 | O53: 0 | P53: 0 | Q53: 0 | R53: 0 | S53: 0 | T53: 0 | U53: 0 | V53: 0 | W53: 0 | X53: 0 | Y53: 0 | Z53: 0 | AA53: 0 | AB53: 0 | AC53: 0 | AD53: 0 | AE53: 0 | AF53: 0 | AG53: 0 | AH53: 0 | AI53: 0 | AJ53: 0 | AK53: 0 | AL53: 0 | AM53: 0 | AN53: 0 | AO53: 0 | AP53: 0 | AQ53: 0 | AR53: 645 | AS53: 574 | AT53: 523 | AU53: 485 | AV53: 550 | AW53: 342 | AX53: 321 | AY53: 523 | BC53: =AY53-AV53 -> -27 | BD53: =AZ53-AV53 -> -550 | BE53: 0
A54: production | B54: 0 | C54: 0 | D54: 0 | E54: 0 | F54: 0 | G54: 0 | H54: 0 | I54: 0 | J54: 0 | K54: 0 | L54: 0 | M54: 0 | N54: 0 | O54: 0 | P54: 0 | Q54: 0 | R54: 0 | S54: 0 | T54: 0 | U54: 0 | V54: 0 | W54: 0 | X54: 0 | Y54: 0 | Z54: 0 | AA54: 0 | AB54: 0 | AC54: 0 | AD54: 0 | AE54: 0 | AF54: 0 | AG54: 0 | AH54: 0 | AI54: 0 | AJ54: 0 | AK54: 0 | AL54: 0 | AM54: 0 | AN54: 0 | AO54: 0 | AP54: 0 | AQ54: 0 | AR54: 34.6 | AS54: 34.3 | AT54: 27.7 | AU54: 25.4 | AV54: 27.8 | AW54: 23.1 | AX54: 20.6 | AY54: 31.9 | BC54: =AY54-AV54 -> 4.1 | BD54: =AZ54-AV54 -> -27.8 | BE54: 0
A55: Paraiba
A56: area | B56: 0 | C56: 0 | D56: 0 | E56: 0 | F56: 0 | G56: 0 | H56: 0 | I56: 0 | J56: 0 | K56: 0 | L56: 0 | M56: 0 | N56: 0 | O56: 0 | P56: 0 | Q56: 0 | R56: 0 | S56: 0 | T56: 0 | U56: 0 | V56: 0 | W56: 0 | X56: 0 | Y56: 0 | Z56: 0 | AA56: 0 | AB56: 0 | AC56: 0 | AD56: 0 | AE56: 0 | AF56: 0 | AG56: 0 | AH56: 0 | AI56: 0 | AJ56: 0 | AK56: 0 | AL56: 0 | AM56: 0 | AN56: 0 | AO56: 0 | AP56: 0 | AQ56: 0 | AR56: 96.1 | AS56: 107.6 | AT56: 96.3 | AU56: 116.1 | AV56: 120.4 | AW56: 117 | AX56: 117.2 | AY56: 117.2 | BC56: =AY56-AV56 -> -3.2 | BD56: =AZ56-AV56 -> -120.4 | BE56: 0
A57: yield | B57: 0 | C57: 0 | D57: 0 | E57: 0 | F57: 0 | G57: 0 | H57: 0 | I57: 0 | J57: 0 | K57: 0 | L57: 0 | M57: 0 | N57: 0 | O57: 0 | P57: 0 | Q57: 0 | R57: 0 | S57: 0 | T57: 0 | U57: 0 | V57: 0 | W57: 0 | X57: 0 | Y57: 0 | Z57: 0 | AA57: 0 | AB57: 0 | AC57: 0 | AD57: 0 | AE57: 0 | AF57: 0 | AG57: 0 | AH57: 0 | AI57: 0 | AJ57: 0 | AK57: 0 | AL57: 0 | AM57: 0 | AN57: 0 | AO57: 0 | AP57: 0 | AQ57: 0 | AR57: 480 | AS57: 827 | AT57: 515 | AU57: 641 | AV57: 818 | AW57: 565 | AX57: 449 | AY57: 645 | BC57: =AY57-AV57 -> -173 | BD57: =AZ57-AV57 -> -818 | BE57: 0
A58: production | B58: 0 | C58: 0 | D58: 0 | E58: 0 | F58: 0 | G58: 0 | H58: 0 | I58: 0 | J58: 0 | K58: 0 | L58: 0 | M58: 0 | N58: 0 | O58: 0 | P58: 0 | Q58: 0 | R58: 0 | S58: 0 | T58: 0 | U58: 0 | V58: 0 | W58: 0 | X58: 0 | Y58: 0 | Z58: 0 | AA58: 0 | AB58: 0 | AC58: 0 | AD58: 0 | AE58: 0 | AF58: 0 | AG58: 0 | AH58: 0 | AI58: 0 | AJ58: 0 | AK58: 0 | AL58: 0 | AM58: 0 | AN58: 0 | AO58: 0 | AP58: 0 | AQ58: 0 | AR58: 46.1 | AS58: 89 | AT58: 49.6 | AU58: 74.4 | AV58: 98.5 | AW58: 66.1 | AX58: 52.6 | AY58: 75.6 | BC58: =AY58-AV58 -> -22.9 | BD58: =AZ58-AV58 -> -98.5 | BE58: 0
A59: Pernambuco
A60: area | B60: 0 | C60: 0 | D60: 0 | E60: 0 | F60: 0 | G60: 0 | H60: 0 | I60: 0 | J60: 0 | K60: 0 | L60: 0 | M60: 0 | N60: 0 | O60: 0 | P60: 0 | Q60: 0 | R60: 0 | S60: 0 | T60: 0 | U60: 0 | V60: 0 | W60: 0 | X60: 0 | Y60: 0 | Z60: 0 | AA60: 0 | AB60: 0 | AC60: 0 | AD60: 0 | AE60: 0 | AF60: 0 | AG60: 0 | AH60: 0 | AI60: 0 | AJ60: 0 | AK60: 0 | AL60: 0 | AM60: 0 | AN60: 0 | AO60: 0 | AP60: 73.9 | AQ60: 79.7 | AR60: 133.3 | AS60: 139.8 | AT60: 140.2 | AU60: 145.2 | AV60: 137.4 | AW60: 128.3 | AX60: 130.4 | AY60: 130.4 | BC60: =AY60-AV60 -> -7 | BD60: =AZ60-AV60 -> -137.4 | BE60: 0
A61: yield | B61: 0 | C61: 0 | D61: 0 | E61: 0 | F61: 0 | G61: 0 | H61: 0 | I61: 0 | J61: 0 | K61: 0 | L61: 0 | M61: 0 | N61: 0 | O61: 0 | P61: 0 | Q61: 0 | R61: 0 | S61: 0 | T61: 0 | U61: 0 | V61: 0 | W61: 0 | X61: 0 | Y61: 0 | Z61: 0 | AA61: 0 | AB61: 0 | AC61: 0 | AD61: 0 | AE61: 0 | AF61: 0 | AG61: 0 | AH61: 0 | AI61: 0 | AJ61: 0 | AK61: 0 | AL61: 0 | AM61: 0 | AN61: 0 | AO61: 0 | AP61: 654 | AQ61: 600 | AR61: 470 | AS61: 800 | AT61: 450 | AU61: 490 | AV61: 738 | AW61: 886 | AX61: 794 | AY61: 794 | BC61: =AY61-AV61 -> 56 | BD61: =AZ61-AV61 -> -738 | BE61: 0
A62: production | B62: 0 | C62: 0 | D62: 0 | E62: 0 | F62: 0 | G62: 0 | H62: 0 | I62: 0 | J62: 0 | K62: 0 | L62: 0 | M62: 0 | N62: 0 | O62: 0 | P62: 0 | Q62: 0 | R62: 0 | S62: 0 | T62: 0 | U62: 0 | V62: 0 | W62: 0 | X62: 0 | Y62: 0 | Z62: 0 | AA62: 0 | AB62: 0 | AC62: 0 | AD62: 0 | AE62: 0 | AF62: 0 | AG62: 0 | AH62: 0 | AI62: 0 | AJ62: 0 | AK62: 0 | AL62: 0 | AM62: 0 | AN62: 0 | AO62: 0 | AP62: 48.3 | AQ62: 47.8 | AR62: 62.7 | AS62: 111.8 | AT62: 63.1 | AU62: 71.1 | AV62: 101.4 | AW62: 113.7 | AX62: 103.5 | AY62: 103.5 | BC62: =AY62-AV62 -> 2.1 | BD62: =AZ62-AV62 -> -101.4 | BE62: 0
A63: Alagoas
A64: area | B64: 0 | C64: 0 | D64: 0 | E64: 0 | F64: 0 | G64: 0 | H64: 0 | I64: 0 | J64: 0 | K64: 0 | L64: 0 | M64: 0 | N64: 0 | O64: 0 | P64: 0 | Q64: 0 | R64: 0 | S64: 0 | T64: 0 | U64: 0 | V64: 0 | W64: 0 | X64: 0 | Y64: 0 | Z64: 0 | AA64: 0 | AB64: 0 | AC64: 0 | AD64: 0 | AE64: 0 | AF64: 0 | AG64: 0 | AH64: 0 | AI64: 0 | AJ64: 57.2 | AK64: 29.7 | AL64: 34.4 | AM64: 31 | AN64: 30.1 | AO64: 28.3 | AP64: 37.2 | AQ64: 26.2 | AR64: 0 | AS64: 0 | AT64: 0 | AU64: 0 | AV64: 0 | BC64: =AY64-AV64 -> 0 | BD64: =AZ64-AV64 -> 0 | BE64: 0
A65: yield | B65: 0 | C65: 0 | D65: 0 | E65: 0 | F65: 0 | G65: 0 | H65: 0 | I65: 0 | J65: 0 | K65: 0 | L65: 0 | M65: 0 | N65: 0 | O65: 0 | P65: 0 | Q65: 0 | R65: 0 | S65: 0 | T65: 0 | U65: 0 | V65: 0 | W65: 0 | X65: 0 | Y65: 0 | Z65: 0 | AA65: 0 | AB65: 0 | AC65: 0 | AD65: 0 | AE65: 0 | AF65: 0 | AG65: 0 | AH65: 0 | AI65: 0 | AJ65: 893 | AK65: 754 | AL65: 637 | AM65: 887 | AN65: 1007 | AO65: 674 | AP65: 674 | AQ65: 1091 | AR65: 0 | AS65: 0 | AT65: 0 | AU65: 0 | AV65: 0 | BC65: =AY65-AV65 -> 0 | BD65: =AZ65-AV65 -> 0 | BE65: 0 | BT65: =AZ65/1000 -> 0
A66: production | B66: 0 | C66: 0 | D66: 0 | E66: 0 | F66: 0 | G66: 0 | H66: 0 | I66: 0 | J66: 0 | K66: 0 | L66: 0 | M66: 0 | N66: 0 | O66: 0 | P66: 0 | Q66: 0 | R66: 0 | S66: 0 | T66: 0 | U66: 0 | V66: 0 | W66: 0 | X66: 0 | Y66: 0 | Z66: 0 | AA66: 0 | AB66: 0 | AC66: 0 | AD66: 0 | AE66: 0 | AF66: 0 | AG66: 0 | AH66: 0 | AI66: 0 | AJ66: 51.1 | AK66: 22.4 | AL66: 21.9 | AM66: 27.5 | AN66: 30.3 | AO66: 19.1 | AP66: 25.1 | AQ66: 28.6 | AR66: 0 | AS66: 0 | AT66: 0 | AU66: 0 | AV66: 0 | BC66: =AY66-AV66 -> 0 | BD66: =AZ66-AV66 -> 0 | BE66: 0 | BT66: =AZ66*1000 -> 0
A67: Sergipe
A68: area | B68: 0 | C68: 0 | D68: 0 | E68: 0 | F68: 0 | G68: 0 | H68: 0 | I68: 0 | J68: 0 | K68: 0 | L68: 0 | M68: 0 | N68: 0 | O68: 0 | P68: 0 | Q68: 0 | R68: 0 | S68: 0 | T68: 0 | U68: 0 | V68: 0 | W68: 0 | X68: 0 | Y68: 0 | Z68: 0 | AA68: 0 | AB68: 0 | AC68: 0 | AD68: 0 | AE68: 0 | AF68: 0 | AG68: 0 | AH68: 0 | AI68: 0 | AJ68: 221.4 | AK68: 206.8 | AL68: 206.6 | AM68: 226.6 | AN68: 176.2 | AO68: 177 | AP68: 172 | AQ68: 143 | AR68: 0 | AS68: 0 | AT68: 0 | AU68: 0 | AV68: 0 | BC68: =AY68-AV68 -> 0 | BD68: =AZ68-AV68 -> 0 | BE68: 0
A69: yield | B69: 0 | C69: 0 | D69: 0 | E69: 0 | F69: 0 | G69: 0 | H69: 0 | I69: 0 | J69: 0 | K69: 0 | L69: 0 | M69: 0 | N69: 0 | O69: 0 | P69: 0 | Q69: 0 | R69: 0 | S69: 0 | T69: 0 | U69: 0 | V69: 0 | W69: 0 | X69: 0 | Y69: 0 | Z69: 0 | AA69: 0 | AB69: 0 | AC69: 0 | AD69: 0 | AE69: 0 | AF69: 0 | AG69: 0 | AH69: 0 | AI69: 4192 | AJ69: 2629 | AK69: 4557 | AL69: 4670 | AM69: 3794 | AN69: 795 | AO69: 4721 | AP69: 808 | AQ69: 0 | AR69: 0 | AS69: 0 | AT69: 0 | AU69: 0 | BC69: =AY69-AV69 -> 0 | BD69: =AZ69-AV69 -> 0 | BE69: 0
A70: production | B70: 0 | C70: 0 | D70: 0 | E70: 0 | F70: 0 | G70: 0 | H70: 0 | I70: 0 | J70: 0 | K70: 0 | L70: 0 | M70: 0 | N70: 0 | O70: 0 | P70: 0 | Q70: 0 | R70: 0 | S70: 0 | T70: 0 | U70: 0 | V70: 0 | W70: 0 | X70: 0 | Y70: 0 | Z70: 0 | AA70: 0 | AB70: 0 | AC70: 0 | AD70: 0 | AE70: 0 | AF70: 0 | AG70: 0 | AH70: 0 | AI70: 0 | AJ70: 928.1 | AK70: 543.7 | AL70: 941.5 | AM70: 1058.2 | AN70: 668.5 | AO70: 140.7 | AP70: 812 | AQ70: 115.5 | AR70: 0 | AS70: 0 | AT70: 0 | AU70: 0 | AV70: 0 | BC70: =AY70-AV70 -> 0 | BD70: =AZ70-AV70 -> 0 | BE70: 0
A71: Bahia
A72: area | B72: 0 | C72: 0 | D72: 0 | E72: 146 | F72: 243 | G72: 228 | H72: 103.9 | I72: 165 | J72: 173 | K72: 260 | L72: 309 | M72: 358 | N72: 320.8 | O72: 261.9 | P72: 295 | Q72: 295 | R72: 90 | S72: 109.3 | T72: 214 | U72: 214 | V72: 310 | W72: 207.7 | X72: 319.9 | Y72: 303.9 | Z72: 280.5 | AA72: 322.6 | AB72: 317.8 | AC72: 298.6 | AD72: 386.7 | AE72: 382.8 | AF72: 386.6 | AG72: 353.6 | AH72: 305.9 | AI72: 355 | AJ72: 364.9 | AK72: 176.2 | AL72: 241.4 | AM72: 268 | AN72: 252.5 | AO72: 247.3 | AP72: 265.1 | AQ72: 230.9 | AR72: 0 | AS72: 0 | AT72: 60 | AU72: 60 | AV72: 40 | AW72: 30 | AX72: 50 | AY72: 50 | BC72: =AY72-AV72 -> 10 | BD72: =AZ72-AV72 -> -40 | BE72: 0
A73: yield | B73: 0 | C73: 0 | D73: 540 | E73: 523 | F73: 500 | G73: 320 | H73: 470 | I73: 600 | J73: 500 | K73: 400 | L73: 660 | M73: 590 | N73: 190 | O73: 450 | P73: 300 | Q73: 150 | R73: 832 | S73: 830 | T73: 1119 | U73: 760 | V73: 613 | W73: 800 | X73: 840 | Y73: 430 | Z73: 820 | AA73: 800 | AB73: 734 | AC73: 1080 | AD73: 1235 | AE73: 1245 | AF73: 1415 | AG73: 1510 | AH73: 1852 | AI73: 1029 | AJ73: 1250 | AK73: 2071 | AL73: 2630 | AM73: 1812 | AN73: 881 | AO73: 1918 | AP73: 875 | AQ73: 0 | AR73: 0 | AS73: 4200 | AT73: 3000 | AU73: 3000 | AV73: 3180 | AW73: 3460 | AX73: 3900 | AY73: 3900 | BC73: =AY73-AV73 -> 720 | BD73: =AZ73-AV73 -> -3180 | BE73: 0 | BF73: =(AZ73/AV73)-1 -> -1 | BT73: =AZ73/1000 -> 0
A74: production | B74: 0 | C74: 0 | D74: 0 | E74: 78.8 | F74: 127 | G74: 114 | H74: 33.2 | I74: 77.5 | J74: 103.8 | K74: 130 | L74: 123.6 | M74: 236.3 | N74: 189.3 | O74: 49.8 | P74: 132.8 | Q74: 88.5 | R74: 13.5 | S74: 90.9 | T74: 177.6 | U74: 239.5 | V74: 235.6 | W74: 127.3 | X74: 255.9 | Y74: 255.3 | Z74: 120.6 | AA74: 264.5 | AB74: 254.2 | AC74: 219.2 | AD74: 417.6 | AE74: 472.8 | AF74: 481.3 | AG74: 500.3 | AH74: 461.9 | AI74: 657.5 | AJ74: 375.5 | AK74: 220.3 | AL74: 499.9 | AM74: 704.8 | AN74: 457.5 | AO74: 217.9 | AP74: 508.5 | AQ74: 202 | AR74: 0 | AS74: 0 | AT74: 252 | AU74: 180 | AV74: 127.2 | AW74: 103.8 | AX74: 195 | AY74: 195 | BC74: =AY74-AV74 -> 67.8 | BD74: =AZ74-AV74 -> -127.2 | BE74: 0 | BT74: =AZ74*1000 -> 0
A75: Center West | BF75: =4020/60 -> 67
A76: area | B76: =B80+B84+B88+B92 -> 0 | C76: =C80+C84+C88+C92 -> 0 | D76: =D80+D84+D88+D92 -> 0 | E76: =E80+E84+E88+E92 -> 0 | F76: =F80+F84+F88+F92 -> 0 | G76: =G80+G84+G88+G92 -> 0 | H76: =H80+H84+H88+H92 -> 0 | I76: =I80+I84+I88+I92 -> 0 | ... AY76: =AY80+AY84+AY88+AY92 -> 11625.8 | BC76: =AY76-AV76 -> 236.2 | BD76: =AZ76-AV76 -> -11389.6 | BE76: 0
A77: yield | B77: =B81+B85+B89+B93 -> 0 | C77: =C81+C85+C89+C93 -> 0 | D77: =D81+D85+D89+D93 -> 0 | E77: =E81+E85+E89+E93 -> 0 | F77: =F81+F85+F89+F93 -> 0 | G77: =G81+G85+G89+G93 -> 0 | H77: =H81+H85+H89+H93 -> 0 | I77: =I81+I85+I89+I93 -> 0 | ... M77: =M81+M85+M89+M93 -> 0 | O77: 1892.3077 | P77: 1700 | Q77: 1699.0741 | R77: 1358.0247 | S77: 1562.9174 | T77: 2012.8764 | U77: 1983.3451 | V77: 2520.892 | W77: 2503 | X77: 2019 | Y77: 2082 | Z77: 3041 | AA77: 2690 | AB77: 3816 | AC77: 3547 | AD77: 2845 | AE77: 3725 | AF77: 3484.291 | AG77: 3973 | AH77: 4046 | AI77: 4179 | AJ77: 4002 | AK77: 5583 | AL77: 5610.6684 | AM77: 5513.6592 | AN77: 6059.5678 | AO77: 3823.6487 | AP77: 6008.4103 | AQ77: 5252.5293 | AR77: 6135.8753 | AS77: 6040.3613 | AT77: 4777.5776 | AU77: 5892.6256 | AV77: 6582.0825 | AW77: 6175.2153 | AX77: 7275.3593 | AY77: 6798.6399 | BC77: =AY77-AV77 -> 216.55735 | BD77: =AZ77-AV77 -> -6582.0825 | BE77: 0 | BT77: =AZ77/1000 -> 0
A78: production | B78: =B82+B86+B90+B94 -> 0 | C78: =C82+C86+C90+C94 -> 0 | D78: =D82+D86+D90+D94 -> 0 | E78: =E82+E86+E90+E94 -> 0 | F78: =F82+F86+F90+F94 -> 0 | G78: =G82+G86+G90+G94 -> 0 | H78: =H82+H86+H90+H94 -> 0 | I78: =I82+I86+I90+I94 -> 0 | ... AY78: =AY82+AY86+AY90+AY94 -> 79039.7 | BC78: =AY78-AV78 -> 4072.5 | BD78: =AZ78-AV78 -> -74967.2 | BE78: 0 | BT78: =AZ78*1000 -> 0
A79: MatoGrosso
A80: area | B80: 0 | C80: 0 | D80: 0 | E80: 0 | F80: 0 | G80: 0 | H80: 0 | I80: 0 | J80: 0 | K80: 0 | L80: 0 | M80: 0 | N80: 0 | O80: 0 | P80: 0 | Q80: 35 | R80: 93.4 | S80: 170 | T80: 185 | U80: 251.6 | V80: 352.2 | W80: 366.3 | X80: 362.6 | Y80: 366.2 | Z80: 322.9 | AA80: 558.6 | AB80: 703.8 | AC80: 809.4 | AD80: 925 | AE80: 911.1 | AF80: 1421.3 | AG80: 1656 | AH80: 1509.3 | AI80: 1904.9 | AJ80: 1836.3 | AK80: 2645.4 | AL80: 3349.1 | AM80: 3230.2 | AN80: 3352.9 | AO80: 3769 | AP80: 4605.7 | AQ80: 4471.2 | AR80: 4869.1 | AS80: 5414.4 | AT80: 5832.1 | AU80: 6485.3 | AV80: 7367.3 | AW80: 6984.2 | AX80: 7214.7 | AY80: 7488.9 | BC80: =AY80-AV80 -> 121.6 | BD80: =AZ80-AV80 -> -7367.3 | BE80: 0
A81: yield | B81: 0 | C81: 0 | D81: 0 | E81: 0 | F81: 0 | G81: 0 | H81: 0 | I81: 0 | J81: 0 | K81: 0 | L81: 0 | M81: 0 | N81: 0 | O81: 0 | P81: 1500 | Q81: 1340 | R81: 1800 | S81: 2140 | T81: 1850 | U81: 2100 | V81: 2150 | W81: 1500 | X81: 2100 | Y81: 2950 | Z81: 2720 | AA81: 3489 | AB81: 3420 | AC81: 3150 | AD81: 3900 | AE81: 3570 | AF81: 4237 | AG81: 5003 | AH81: 4047 | AI81: 3950 | AJ81: 5680 | AK81: 5780 | AL81: 5457 | AM81: 6056 | AN81: 3999 | AO81: 6212 | AP81: 5860 | AQ81: 6376 | AR81: 6392 | AS81: 5625 | AT81: 6338 | AU81: 6338 | AV81: 6886 | AW81: 6902 | AX81: 7613 | AY81: 7154 | BC81: =AY81-AV81 -> 268 | BD81: =AZ81-AV81 -> -6886 | BE81: 0 | BF81: =(AZ81/AV81)-1 -> -1 | BH81: =AV81/60 -> 114.76667 | BI81: =AY81/60 -> 119.23333 | BT81: =AZ81/1000 -> 0
A82: production | B82: 0 | C82: 0 | D82: 0 | E82: 0 | F82: 0 | G82: 0 | H82: 0 | I82: 0 | J82: 0 | K82: 0 | L82: 0 | M82: 0 | N82: 0 | O82: 0 | P82: 0 | Q82: 52.5 | R82: 125.2 | S82: 306 | T82: 395.9 | U82: 465.5 | V82: 739.6 | W82: 787.5 | X82: 543.9 | Y82: 769 | Z82: 952.6 | AA82: 1519.4 | AB82: 2455.6 | AC82: 2768.1 | AD82: 2913.8 | AE82: 3553.3 | AF82: 5074 | AG82: 7016.5 | AH82: 7551 | AI82: 7709.1 | AJ82: 7253.4 | AK82: 15025.9 | AL82: 19357.8 | AM82: 17627.2 | AN82: 20305.2 | AO82: 15072.2 | AP82: 28610.6 | AQ82: 26201.2 | AR82: 31045.4 | AS82: 34608.8 | AT82: 32805.6 | AU82: 41103.8 | AV82: 50731.2 | AW82: 48204.9 | AX82: 54925.5 | AY82: 53575.6 | BC82: =AY82-AV82 -> 2844.4 | BD82: =AZ82-AV82 -> -50731.2 | BE82: 0 | BT82: =AZ82*1000 -> 0 | BV82: 3150
A83: MatoGrosso do Sul
A84: area | B84: 0 | C84: 0 | D84: 0 | E84: 0 | F84: 0 | G84: 0 | H84: 0 | I84: 0 | J84: 0 | K84: 0 | L84: 0 | M84: 0 | N84: 0 | O84: 6.5 | P84: 45 | Q84: 61 | R84: 137.9 | S84: 264 | T84: 210 | U84: 183 | V84: 256.2 | W84: 307.4 | X84: 292 | Y84: 373.8 | Z84: 328.9 | AA84: 361.8 | AB84: 582.5 | AC84: 530.4 | AD84: 482.7 | AE84: 521.3 | AF84: 740.2 | AG84: 890.3 | AH84: 853.8 | AI84: 830 | AJ84: 946.8 | AK84: 1199.5 | AL84: 1461 | AM84: 1547.5 | AN84: 1615 | AO84: 1665 | AP84: 1759.9 | AQ84: 1720 | AR84: 1860 | AS84: 1840 | AT84: 2114.2 | AU84: 2161.5 | AV84: 2245.8 | AW84: 2122.3 | AX84: 2071.4 | AY84: 2183.3 | BC84: =AY84-AV84 -> -62.5 | BD84: =AZ84-AV84 -> -2245.8 | BE84: 0
A85: yield (kg/ha) | B85: 0 | C85: 0 | D85: 0 | E85: 0 | F85: 0 | G85: 0 | H85: 0 | I85: 0 | J85: 0 | K85: 0 | L85: 0 | M85: 0 | N85: 1892 | O85: 1700 | P85: 1600 | Q85: 1300 | R85: 985 | S85: 1700 | T85: 1800 | U85: 2630 | V85: 2450 | W85: 2345 | X85: 1695 | Y85: 2950 | Z85: 1957 | AA85: 4050 | AB85: 3421 | AC85: 1980 | AD85: 3300 | AE85: 3230 | AF85: 3255 | AG85: 2120 | AH85: 4050 | AI85: 3290 | AJ85: 5100 | AK85: 5100 | AL85: 5140 | AM85: 5640 | AN85: 3679 | AO85: 5460 | AP85: 3685 | AQ85: 5040 | AR85: 4700 | AS85: 2980 | AT85: 5669 | AU85: 5669 | AV85: 5758 | AW85: 3746 | AX85: 6366 | AY85: 5712 | BC85: =AY85-AV85 -> -46 | BD85: =AZ85-AV85 -> -5758 | BE85: 0 | BF85: =(AZ85/AV85)-1 -> -1 | BT85: =AZ85/1000 -> 0
A86: production (MMT) | B86: 0 | C86: 0 | D86: 0 | E86: 0 | F86: 0 | G86: 0 | H86: 0 | I86: 0 | J86: 0 | K86: 0 | L86: 0 | M86: 0 | N86: 0 | O86: 12.3 | P86: 76.5 | Q86: 97.6 | R86: 179.3 | S86: 260 | T86: 357 | U86: 329.4 | V86: 673.8 | W86: 753.1 | X86: 684.7 | Y86: 633.6 | Z86: 970.3 | AA86: 708 | AB86: 2359.1 | AC86: 1814.5 | AD86: 955.7 | AE86: 1720.3 | AF86: 2390.8 | AG86: 2897.9 | AH86: 1810.1 | AI86: 3361.5 | AJ86: 3115 | AK86: 6117.5 | AL86: 7451.1 | AM86: 7954.2 | AN86: 9108.6 | AO86: 6125.5 | AP86: 9609.1 | AQ86: 6338.2 | AR86: 9374.4 | AS86: 8648 | AT86: 6300.3 | AU86: 12253.5 | AV86: 12931.3 | AW86: 7950.1 | AX86: 13186.5 | AY86: 12471 | BC86: =AY86-AV86 -> -460.3 | BD86: =AZ86-AV86 -> -12931.3 | BE86: 0 | BT86: =AZ86*1000 -> 0
A87: Goiás
A88: area | B88: 0 | C88: 0 | D88: 0 | E88: 0 | F88: 0 | G88: 0 | H88: 0 | I88: 0 | J88: 0 | K88: 0 | L88: 0 | M88: 0 | N88: 0 | O88: 0 | P88: 0 | Q88: 12 | R88: 44.1 | S88: 135 | T88: 86.5 | U88: 129.8 | V88: 207.7 | W88: 205.6 | X88: 236.4 | Y88: 264.8 | Z88: 165.6 | AA88: 265 | AB88: 238.5 | AC88: 205.1 | AD88: 180.5 | AE88: 202.2 | AF88: 244.7 | AG88: 271.3 | AH88: 371.4 | AI88: 434.9 | AJ88: 539.3 | AK88: 694.6 | AL88: 838.6 | AM88: 952.3 | AN88: 1112.3 | AO88: 1274.7 | AP88: 1260.7 | AQ88: 1230.4 | AR88: 1412 | AS88: 1633.7 | AT88: 1656.6 | AU88: 1740 | AV88: 1736.5 | AW88: 1592.4 | AX88: 1820.1 | AY88: 1912.9 | BC88: =AY88-AV88 -> 176.4 | BD88: =AZ88-AV88 -> -1736.5 | BE88: 0
A89: yield (kg/ha) | B89: 0 | C89: 0 | D89: 0 | E89: 0 | F89: 0 | G89: 0 | H89: 0 | I89: 0 | J89: 0 | K89: 0 | L89: 0 | M89: 0 | N89: 0 | O89: 0 | P89: 2780 | Q89: 1575 | R89: 2395 | S89: 2500 | T89: 2500 | U89: 3100 | V89: 3200 | W89: 2400 | X89: 2600 | Y89: 3400 | Z89: 3620 | AA89: 4200 | AB89: 4368 | AC89: 3525 | AD89: 4000 | AE89: 3765 | AF89: 4670 | AG89: 4569 | AH89: 4950 | AI89: 5400 | AJ89: 6043 | AK89: 5744 | AL89: 6130 | AM89: 6578 | AN89: 3537 | AO89: 6000 | AP89: 5200 | AQ89: 6720 | AR89: 6365 | AS89: 4100 | AT89: 4547 | AU89: 4547 | AV89: 6382 | AW89: 6229 | AX89: 6987 | AY89: 6656 | BC89: =AY89-AV89 -> 274 | BD89: =AZ89-AV89 -> -6382 | BE89: 0 | BF89: =(AZ89/AV89)-1 -> -1 | BT89: =AZ89/1000 -> 0
A90: production (MMT) | B90: 0 | C90: 0 | D90: 0 | E90: 0 | F90: 0 | G90: 0 | H90: 0 | I90: 0 | J90: 0 | K90: 0 | L90: 0 | M90: 0 | N90: 0 | O90: 0 | P90: 0 | Q90: 33.4 | R90: 69.5 | S90: 323.3 | T90: 216.3 | U90: 324.5 | V90: 643.9 | W90: 657.9 | X90: 567.4 | Y90: 688.5 | Z90: 563 | AA90: 959.3 | AB90: 1001.7 | AC90: 895.9 | AD90: 636.3 | AE90: 808.8 | AF90: 921.3 | AG90: 1267 | AH90: 1696.9 | AI90: 2152.8 | AJ90: 2912.2 | AK90: 4197.5 | AL90: 4816.9 | AM90: 5837.6 | AN90: 7316.7 | AO90: 4508.6 | AP90: 7564.2 | AQ90: 6398.1 | AR90: 9488.6 | AS90: 10398.5 | AT90: 6792.1 | AU90: 7911.8 | AV90: 11082.3 | AW90: 9919.1 | AX90: 12717 | AY90: 12732.3 | BC90: =AY90-AV90 -> 1650 | BD90: =AZ90-AV90 -> -11082.3 | BE90: 0 | BT90: =AZ90*1000 -> 0 | BU90: =59*60 -> 3540
A91: Distrito Federal
A92: area | B92: 0 | C92: 0 | D92: 0 | E92: 0 | F92: 0 | G92: 0 | H92: 0 | I92: 0 | J92: 0 | K92: 0 | L92: 0 | M92: 0 | N92: 0 | O92: 0 | P92: 0 | Q92: 0 | R92: 0 | S92: 0 | T92: 0 | U92: 0 | V92: 0 | W92: 2.7 | X92: 5.6 | Y92: 5.2 | Z92: 5.2 | AA92: 5.7 | AB92: 6.4 | AC92: 6.4 | AD92: 6.7 | AE92: 6.2 | AF92: 7.7 | AG92: 8.3 | AH92: 4.8 | AI92: 7.5 | AJ92: 4.9 | AK92: 8.7 | AL92: 18.4 | AM92: 50 | AN92: 38.4 | AO92: 38.4 | AP92: 38.4 | AQ92: 35.8 | AR92: 38.1 | AS92: 38.1 | AT92: 38.1 | AU92: 50 | AV92: 40 | AW92: 35 | AX92: 40.7 | AY92: 40.7 | BC92: =AY92-AV92 -> 0.7 | BD92: =AZ92-AV92 -> -40 | BE92: 0
A93: yield | B93: 0 | C93: 0 | D93: 0 | E93: 0 | F93: 0 | G93: 0 | H93: 0 | I93: 0 | J93: 0 | K93: 0 | L93: 0 | M93: 0 | N93: 0 | O93: 0 | P93: 0 | Q93: 0 | R93: 0 | S93: 0 | T93: 0 | U93: 0 | W93: 3393 | X93: 2602 | Y93: 2210 | Z93: 3000 | AA93: 3000 | AB93: 4150 | AC93: 3800 | AD93: 4647 | AE93: 4891 | AF93: 3188 | AG93: 5635 | AH93: 5350 | AI93: 7304 | AJ93: 6900 | AK93: 6000 | AL93: 9261 | AM93: 9000 | AN93: 9000 | AO93: 2400 | AP93: 7000 | AQ93: 6500 | AR93: 7300 | AS93: 6880 | AT93: 4270 | AU93: 4620 | AV93: 5560 | AW93: 6000 | AX93: 6600 | AY93: 6407 | BC93: =AY93-AV93 -> 847 | BD93: =AZ93-AV93 -> -5560 | BE93: 0 | BT93: =AZ93/1000 -> 0
A94: production | B94: 0 | C94: 0 | D94: 0 | E94: 0 | F94: 0 | G94: 0 | H94: 0 | I94: 0 | J94: 0 | K94: 0 | L94: 0 | M94: 0 | N94: 0 | O94: 0 | P94: 0 | Q94: 0 | R94: 0 | S94: 0 | T94: 0 | U94: 0 | V94: 0 | W94: 9.2 | X94: 14.6 | Y94: 11.5 | Z94: 15.6 | AA94: 17.1 | AB94: 26.6 | AC94: 24.3 | AD94: 31.1 | AE94: 30.3 | AF94: 24.5 | AG94: 46.8 | AH94: 25.7 | AI94: 54.8 | AJ94: 33.8 | AK94: 52.2 | AL94: 170.4 | AM94: 450 | AN94: 345.6 | AO94: 92.2 | AP94: 268.8 | AQ94: 232.7 | AR94: 278.1 | AS94: 262.1 | AT94: 162.7 | AU94: 231 | AV94: 222.4 | AW94: 210 | AX94: 268.6 | AY94: 260.8 | BC94: =AY94-AV94 -> 38.4 | BD94: =AZ94-AV94 -> -222.4 | BE94: 0
A95: Southeast
A96: area | B96: =B100+B104+B108+B112 -> 0 | C96: =C100+C104+C108+C112 -> 0 | D96: =D100+D104+D108+D112 -> 0 | E96: =E100+E104+E108+E112 -> 0 | F96: =F100+F104+F108+F112 -> 0 | G96: =G100+G104+G108+G112 -> 0 | H96: =H100+H104+H108+H112 -> 0 | I96: =I100+I104+I108+I112 -> 0 | ... AY96: =AY100+AY104+AY108+AY112 -> 987.7 | BC96: =AY96-AV96 -> -4.4 | BD96: =AZ96-AV96 -> -992.1 | BE96: 0
A97: yield | B97: =B101+B105+B109+B113 -> 0 | C97: =C101+C105+C109+C113 -> 0 | D97: =D101+D105+D109+D113 -> 0 | E97: =E101+E105+E109+E113 -> 0 | F97: =F101+F105+F109+F113 -> 0 | G97: =G101+G105+G109+G113 -> 0 | H97: =H101+H105+H109+H113 -> 0 | I97: =I101+I105+I109+I113 -> 0 | ... M97: =M101+M105+M109+M113 -> 0 | N97: 1250 | O97: 2195.3846 | P97: 2109.8853 | Q97: 2110.1695 | R97: 2400 | S97: 1470.051 | T97: 2320.0542 | U97: 2100.0805 | V97: 1943.3868 | W97: 2851 | X97: 2067 | Y97: 775 | Z97: 2393 | AA97: 1972 | AB97: 3273 | AC97: 3195 | AD97: 2448 | AE97: 2246 | AF97: 2673.4538 | AG97: 3793 | AH97: 3584 | AI97: 3993 | AJ97: 3311 | AK97: 4722 | AL97: 4537.8114 | AM97: 4810.4319 | AN97: 5212.0214 | AO97: 2793.0997 | AP97: 5081.0488 | AQ97: 3912.2485 | AR97: 6089.7791 | AS97: 5284.5159 | AT97: 3251.2502 | AU97: 4122.7831 | AV97: 5500 | AW97: 4611.7166 | AX97: 5872.5716 | AY97: 5415.3179 | BC97: =AY97-AV97 -> -84.68209 | BD97: =AZ97-AV97 -> -5500 | BE97: 0
A98: production | B98: =B102+B106+B110+B114 -> 0 | C98: =C102+C106+C110+C114 -> 0 | D98: =D102+D106+D110+D114 -> 0 | E98: =E102+E106+E110+E114 -> 0 | F98: =F102+F106+F110+F114 -> 0 | G98: =G102+G106+G110+G114 -> 0 | H98: =H102+H106+H110+H114 -> 0 | I98: =I102+I106+I110+I114 -> 0 | ... AY98: =AY102+AY106+AY110+AY114 -> 5348.7 | BC98: =AY98-AV98 -> -107.9 | BD98: =AZ98-AV98 -> -5456.6 | BE98: 0
A99: Minas Gerais
A100: area | B100: 0 | C100: 0 | D100: 0 | E100: 0 | F100: 0 | G100: 0 | H100: 0 | I100: 0 | J100: 0 | K100: 0 | L100: 0 | M100: 0 | N100: 0 | O100: 0 | P100: 0 | Q100: 0 | R100: 0 | S100: 0 | T100: 0 | U100: 0 | V100: 7.9 | W100: 33.9 | X100: 42 | Y100: 63 | Z100: 24.9 | AA100: 37.4 | AB100: 29.2 | AC100: 26 | AD100: 26 | AE100: 24.7 | AF100: 29.9 | AG100: 39.7 | AH100: 31 | AI100: 27.4 | AJ100: 57.4 | AK100: 94.3 | AL100: 118.8 | AM100: 228 | AN100: 255.2 | AO100: 371 | AP100: 357.6 | AQ100: 339.4 | AR100: 420.5 | AS100: 450.8 | AT100: 495.5 | AU100: 554.5 | AV100: 507.4 | AW100: 459.2 | AX100: 464.7 | AY100: 490.7 | BC100: =AY100-AV100 -> -16.7 | BD100: =AZ100-AV100 -> -507.4 | BE100: 0
...

Sheet Corn 3
A1: BRAZILIAN CORN PRODUCTION BY STATE | BC1: CONAB Implied Yr0over0Yr Change | BD1: FM Implied Yr0over0Yr Change | BE1: FM 0 CONAB Percent Difference
A2: (000 ha, kg/ha, 000 mt) | AY2: 2025/26
A3: NORTH | B3: 1976/77 | C3: 1977/78 | D3: 1978/79 | E3: 1979/80 | F3: 1980/81 | G3: 1981/82 | H3: 1982/83 | I3: 1983/84 | J3: 1984/85 | K3: 1985/86 | L3: 1986/87 | M3: 1987/88 | N3: 1988/89 | O3: 1989/90 | P3: 1990/91 | Q3: 1991/92 | R3: 1992/93 | S3: 1993/94 | T3: 1994/95 | U3: 1995/96 | V3: 1996/97 | W3: 1997/98 | X3: 1998/99 | Y3: 1999/00 | Z3: 2000/01 | AA3: 2001/02 | AB3: 2002/03 | AC3: 2003/04 | AD3: 2004/05 | AE3: 2005/06 | AF3: 2006/07 | AG3: 2007/08 | AH3: 2008/09 | AI3: 2009/10 | AJ3: 2010/11 | AK3: 2011/12 | AL3: 2012/13 | AM3: 2013/14 | AN3: 2014/15 | AO3: 2015/16 | AP3: 2016/17 | AQ3: 2017/18 | AR3: 2018/19 | AS3: 2019/20 | AT3: 2020/21 | AU3: 2021/22 | AV3: 2022/23 | AW3: 2023/24 | AX3: 2024/25 | AY3: CONAB | AZ3: RLC | BA3: RLC - CONAB
A4: area | B4: =B8+B12+B16+B20+B24+B28+B32 -> 0 | C4: =C8+C12+C16+C20+C24+C28+C32 -> 0 | D4: =D8+D12+D16+D20+D24+D28+D32 -> 0 | E4: =E8+E12+E16+E20+E24+E28+E32 -> 0 | F4: =F8+F12+F16+F20+F24+F28+F32 -> 0 | G4: =G8+G12+G16+G20+G24+G28+G32 -> 0 | H4: =H8+H12+H16+H20+H24+H28+H32 -> 0 | I4: =I8+I12+I16+I20+I24+I28+I32 -> 0 | ... X4: =X8+X12+X16+X20+X24+X28+X32 -> 0 | AN4: =AN8+AN12+AN16+AN20+AN24+AN28+AN32 -> 0 | AO4: =AO8+AO12+AO16+AO20+AO24+AO28+AO32 -> 0 | AP4: =AP8+AP12+AP16+AP20+AP24+AP28+AP32 -> 0 | AQ4: =AQ8+AQ12+AQ16+AQ20+AQ24+AQ28+AQ32 -> 0 | AR4: =AR8+AR12+AR16+AR20+AR24+AR28+AR32 -> 13 | AS4: =AS8+AS12+AS16+AS20+AS24+AS28+AS32 -> 16.4 | AT4: =AT8+AT12+AT16+AT20+AT24+AT28+AT32 -> 16.3 | AU4: =AU8+AU12+AU16+AU20+AU24+AU28+AU32 -> 17.5 | ... AY4: =AY8+AY12+AY16+AY20+AY24+AY28+AY32 -> 22 | BC4: =AY4-AV4 -> 10.2 | BD4: =AZ4-AV4 -> -11.8 | BE4: =BA4/AY4 -> 0
A5: yield | B5: =B9+B13+B17+B21+B25+B29+B33 -> 0 | C5: =C9+C13+C17+C21+C25+C29+C33 -> 0 | D5: =D9+D13+D17+D21+D25+D29+D33 -> 0 | E5: =E9+E13+E17+E21+E25+E29+E33 -> 0 | F5: =F9+F13+F17+F21+F25+F29+F33 -> 0 | G5: =G9+G13+G17+G21+G25+G29+G33 -> 0 | H5: =H9+H13+H17+H21+H25+H29+H33 -> 0 | I5: =I9+I13+I17+I21+I25+I29+I33 -> 0 | ... X5: =X9+X13+X17+X21+X25+X29+X33 -> 0 | AN5: 0 | AO5: 0 | AP5: 0 | AQ5: 0 | AR5: 6000 | AS5: 6000 | AT5: 5593.6503 | AU5: 5277.7143 | AV5: 5348 | AW5: 4978 | AX5: 5542.6364 | AY5: 5543.3636 | BC5: =AY5-AV5 -> 195.36364 | BD5: =AZ5-AV5 -> -5348 | BE5: 0 | BT5: =AZ5/1000 -> 0
A6: production | B6: =B10+B14+B18+B22+B26+B30+B34 -> 0 | C6: =C10+C14+C18+C22+C26+C30+C34 -> 0 | D6: =D10+D14+D18+D22+D26+D30+D34 -> 0 | E6: =E10+E14+E18+E22+E26+E30+E34 -> 0 | F6: =F10+F14+F18+F22+F26+F30+F34 -> 0 | G6: =G10+G14+G18+G22+G26+G30+G34 -> 0 | H6: =H10+H14+H18+H22+H26+H30+H34 -> 0 | I6: =I10+I14+I18+I22+I26+I30+I34 -> 0 | ... X6: =X10+X14+X18+X22+X26+X30+X34 -> 0 | AN6: =AN10+AN14+AN18+AN22+AN26+AN30+AN34 -> 0 | AO6: =AO10+AO14+AO18+AO22+AO26+AO30+AO34 -> 0 | AP6: =AP10+AP14+AP18+AP22+AP26+AP30+AP34 -> 0 | AQ6: =AQ10+AQ14+AQ18+AQ22+AQ26+AQ30+AQ34 -> 0 | AR6: =AR10+AR14+AR18+AR22+AR26+AR30+AR34 -> 78 | AS6: =AS10+AS14+AS18+AS22+AS26+AS30+AS34 -> 91.4 | AT6: =AT10+AT14+AT18+AT22+AT26+AT30+AT34 -> 91.2 | AU6: =AU10+AU14+AU18+AU22+AU26+AU30+AU34 -> 92.4 | ... AY6: =AY10+AY14+AY18+AY22+AY26+AY30+AY34 -> 122 | BC6: =AY6-AV6 -> 58.9 | BD6: =AZ6-AV6 -> -63.1 | BE6: =BA6/AY6 -> 0 | BT6: =AZ6*1000 -> 0
A7: Roraima
A8: area | AR8: 13 | AS8: 15 | AT8: 15 | AU8: 15 | AV8: 9 | AW8: 9 | AX8: 20 | AY8: 20 | BC8: =AY8-AV8 -> 11 | BD8: =AZ8-AV8 -> -9 | BE8: =BA8/AY8 -> 0
A9: yield | AR9: 6000 | AS9: 6000 | AT9: 6000 | AU9: 6000 | AV9: 6720 | AW9: 6000 | AX9: 6000 | AY9: 6000 | BC9: =AY9-AV9 -> -720 | BD9: =AZ9-AV9 -> -6720 | BE9: 0 | BT9: =AZ9/1000 -> 0
A10: production | AR10: 78 | AS10: 90 | AT10: 90 | AU10: 90 | AV10: 60.5 | AW10: 54 | AX10: 120 | AY10: 120 | BC10: =AY10-AV10 -> 59.5 | BD10: =AZ10-AV10 -> -60.5 | BE10: =BA10/AY10 -> 0 | BT10: =AZ10*1000 -> 0
A11: Rondônia
A12: area | AS12: 0 | AT12: 0 | AU12: 0 | AV12: 0 | BC12: =AY12-AV12 -> 0 | BD12: =AZ12-AV12 -> 0 | BE12: =BA12/AY12 -> #DIV/0!
A13: yield | BB13: #NAME? | BC13: =AY13-AV13 -> 0 | BD13: =AZ13-AV13 -> 0 | BE13: 0 | BT13: =AZ13/1000 -> 0
A14: production | BB14: #NAME? | BC14: =AY14-AV14 -> 0 | BD14: =AZ14-AV14 -> 0 | BE14: =BA14/AY14 -> #DIV/0! | BT14: =AZ14*1000 -> 0
A15: Acre
A16: area | AS16: 0 | AT16: 0 | AU16: 0 | AV16: 0 | BC16: =AY16-AV15 -> 0 | BD16: =AZ16-AV15 -> 0 | BE16: =BA16/AY16 -> #DIV/0!
A17: yield | BB17: #NAME? | BC17: =AY17-AV17 -> 0 | BD17: =AZ17-AV17 -> 0 | BE17: 0 | BT17: =AZ17/1000 -> 0
A18: production | BB18: #NAME? | BC18: =AY18-AV18 -> 0 | BD18: =AZ18-AV18 -> 0 | BE18: =BA18/AY18 -> #DIV/0! | BT18: =AZ18*1000 -> 0
A19: Amazonas
A20: area | AS20: 0 | AT20: 0 | AU20: 0 | AV20: 0 | BC20: =AY20-AV20 -> 0 | BD20: =AZ20-AV20 -> 0 | BE20: =BA20/AY20 -> #DIV/0!
A21: yield | BB21: #NAME? | BC21: =AY21-AV21 -> 0 | BD21: =AZ21-AV21 -> 0 | BE21: 0 | BT21: =AZ21/1000 -> 0
A22: production | BB22: #NAME? | BC22: =AY22-AV22 -> 0 | BD22: =AZ22-AV22 -> 0 | BE22: =BA22/AY22 -> #DIV/0! | BT22: =AZ22*1000 -> 0
A23: Amapá
A24: area | AS24: 1.4 | AT24: 1.3 | AU24: 2.5 | AV24: 2.8 | AW24: 2.3 | AX24: 2 | AY24: 2 | BC24: =AY24-AV24 -> -0.8 | BD24: =AZ24-AV24 -> -2.8 | BE24: =BA24/AY24 -> 0
A25: yield | AS25: 972 | AT25: 905 | AU25: 944 | AV25: 940 | AW25: 977 | AX25: 969 | AY25: 977 | BC25: =AY25-AV25 -> 37 | BD25: =AZ25-AV25 -> -940 | BE25: 0 | BT25: =AZ25/1000 -> 0
A26: production | AR26: 0 | AS26: 1.4 | AT26: 1.2 | AU26: 2.4 | AV26: 2.6 | AW26: 2.2 | AX26: 1.9 | AY26: 2 | BC26: =AY26-AV26 -> -0.6 | BD26: =AZ26-AV26 -> -2.6 | BE26: =BA26/AY26 -> 0 | BT26: =AZ26*1000 -> 0
A27: Pará
A28: area | AS28: 0 | AT28: 0 | AU28: 0 | AV28: 0 | BC28: =AY28-AV28 -> 0 | BD28: =AZ28-AV28 -> 0 | BE28: =BA28/AY28 -> #DIV/0!
A29: yield | BB29: #NAME? | BC29: =AY29-AV29 -> 0 | BD29: =AZ29-AV29 -> 0 | BE29: 0 | BT29: =AZ29/1000 -> 0
A30: production | BB30: #NAME? | BC30: =AY30-AV30 -> 0 | BD30: =AZ30-AV30 -> 0 | BE30: =BA30/AY30 -> #DIV/0! | BT30: =AZ30*1000 -> 0
A31: Tocantins
A32: area | AS32: 0 | AT32: 0 | AU32: 0 | AV32: 0 | BC32: =AY32-AV32 -> 0 | BD32: =AZ32-AV32 -> 0 | BE32: =BA32/AY32 -> #DIV/0!
A33: yield | BB33: #NAME? | BC33: =AY33-AV33 -> 0 | BD33: =AZ33-AV33 -> 0 | BE33: 0 | BF33: =(AZ33/AV33)-1 -> #DIV/0! | BT33: =AZ33/1000 -> 0
A34: production | BB34: #NAME? | BC34: =AY34-AV34 -> 0 | BD34: =AZ34-AV34 -> 0 | BE34: =BA34/AY34 -> #DIV/0! | BT34: =AZ34*1000 -> 0
A35: NORTHEAST
A36: area | AR36: =AR40+AR44+AR48+AR52+AR56+AR60+AR64+AR68+AR72 -> 498 | AS36: =AS40+AS44+AS48+AS52+AS56+AS60+AS64+AS68+AS72 -> 519.2 | AT36: =AT40+AT44+AT48+AT52+AT56+AT60+AT64+AT68+AT72 -> 579.3 | AU36: =AU40+AU44+AU48+AU52+AU56+AU60+AU64+AU68+AU72 -> 644.6 | AV36: =AV40+AV44+AV48+AV52+AV56+AV60+AV64+AV68+AV72 -> 620.7 | AW36: =AW40+AW44+AW48+AW52+AW56+AW60+AW64+AW68+AW72 -> 638.8 | AX36: =AX40+AX44+AX48+AX52+AX56+AX60+AX64+AX68+AX72 -> 617.4 | AY36: =AY40+AY44+AY48+AY52+AY56+AY60+AY64+AY68+AY72 -> 570.1 | BC36: =AY36-AV36 -> -50.6 | BD36: =AZ36-AV36 -> -620.7 | BE36: =BA36/AY36 -> 0
A37: yield | AR37: 2290.5001 | AS37: 3237.1217 | AT37: 2653.8408 | AU37: 3288.143 | AV37: 3369 | AW37: 3849 | AX37: 4480.5121 | AY37: 4190.3782 | BC37: =AY37-AV37 -> 821.37818 | BD37: =AZ37-AV37 -> -3369 | BE37: 0 | BT37: =AZ37/1000 -> 0
A38: production | AR38: =AR42+AR46+AR50+AR54+AR58+AR62+AR66+AR70+AR74 -> 1140.7 | AS38: =AS42+AS46+AS50+AS54+AS58+AS62+AS66+AS70+AS74 -> 1752.1 | AT38: =AT42+AT46+AT50+AT54+AT58+AT62+AT66+AT70+AT74 -> 1537.4 | AU38: =AU42+AU46+AU50+AU54+AU58+AU62+AU66+AU70+AU74 -> 2119.6 | AV38: =AV42+AV46+AV50+AV54+AV58+AV62+AV66+AV70+AV74 -> 2091.4 | AW38: =AW42+AW46+AW50+AW54+AW58+AW62+AW66+AW70+AW74 -> 2458.6 | AX38: =AX42+AX46+AX50+AX54+AX58+AX62+AX66+AX70+AX74 -> 2766.2 | AY38: =AY42+AY46+AY50+AY54+AY58+AY62+AY66+AY70+AY74 -> 2388.9 | BC38: =AY38-AV38 -> 297.5 | BD38: =AZ38-AV38 -> -2091.4 | BE38: =BA38/AY38 -> 0 | BT38: =AZ38*1000 -> 0
A39: Maranhão
A40: area | AS40: 0 | AT40: 0 | AU40: 0 | AV40: 0 | BC40: =AY40-AV40 -> 0 | BD40: =AZ40-AV40 -> 0 | BE40: =BA40/AY40 -> #DIV/0! | BJ40: TO | BK40: 0.11
A41: yield | BB41: #NAME? | BC41: =AY41-AV41 -> 0 | BD41: =AZ41-AV41 -> 0 | BE41: 0 | BF41: =(AZ41/AV41)-1 -> #DIV/0! | BJ41: MA | BK41: 0.06 | BT41: =AZ41/1000 -> 0
A42: production | BB42: #NAME? | BC42: =AY42-AV42 -> 0 | BD42: =AZ42-AV42 -> 0 | BE42: =BA42/AY42 -> #DIV/0! | BJ42: PI | BK42: 0.05 | BT42: =AZ42*1000 -> 0
A43: Piauí | BJ43: BA | BK43: 0.09
A44: area | AS44: 0 | AT44: 0 | AU44: 0 | AV44: 0 | BC44: =AY44-AV44 -> 0 | BD44: =AZ44-AV44 -> 0 | BE44: =BA44/AY44 -> #DIV/0! | BJ44: MT | BK44: 0.15
A45: yield | BB45: #NAME? | BC45: =AY45-AV45 -> 0 | BD45: =AZ45-AV45 -> 0 | BE45: 0 | BF45: =(AZ45/AV45)-1 -> #DIV/0! | BJ45: MS | BK45: 0.05 | BT45: =AZ45/1000 -> 0
A46: production | BB46: #NAME? | BC46: =AY46-AV46 -> 0 | BD46: =AZ46-AV46 -> 0 | BE46: =BA46/AY46 -> #DIV/0! | BJ46: GO | BK46: 0.07 | BT46: =AZ46*1000 -> 0
A47: Ceará | BJ47: PR | BK47: 0.03
A48: area | AS48: 0 | AT48: 0 | AU48: 0 | AV48: 0 | BC48: =AY48-AV48 -> 0 | BD48: =AZ48-AV48 -> 0 | BE48: =BA48/AY48 -> #DIV/0! | BJ48: SC | BK48: 0.03
A49: yield | BC49: =AY49-AV49 -> 0 | BD49: =AZ49-AV49 -> 0 | BE49: 0 | BJ49: RS | BK49: 0.68 | BT49: =AZ49/1000 -> 0
A50: production | BC50: =AY50-AV50 -> 0 | BD50: =AZ50-AV50 -> 0 | BE50: =BA50/AY50 -> #DIV/0! | BJ50: SC | BK50: 0.09 | BT50: =AZ50*1000 -> 0
A51: Rio Grande do Norte | BJ51: MG | BK51: 0.1
A52: area | AS52: 0 | AT52: 0 | AU52: 0 | AV52: 0 | BC52: =AY52-AV52 -> 0 | BD52: =AZ52-AV52 -> 0 | BE52: 0 | BJ52: SP | BK52: 0.04
A53: yield | BC53: =AY53-AV53 -> 0 | BD53: =AZ53-AV53 -> 0 | BE53: 0
A54: production | BC54: =AY54-AV54 -> 0 | BD54: =AZ54-AV54 -> 0 | BE54: 0
A55: Paraiba
A56: area | AS56: 0 | AT56: 0 | AU56: 0 | AV56: 0 | BC56: =AY56-AV56 -> 0 | BD56: =AZ56-AV56 -> 0 | BE56: 0
A57: yield | BC57: =AY57-AV57 -> 0 | BD57: =AZ57-AV57 -> 0 | BE57: 0
A58: production | BC58: =AY58-AV58 -> 0 | BD58: =AZ58-AV58 -> 0 | BE58: 0
A59: Pernambuco
A60: area | AR60: 85.1 | AS60: 96 | AT60: 98 | AU60: 108 | AV60: 64.8 | AW60: 65.8 | AX60: 65.8 | AY60: 65.8 | BC60: =AY60-AV60 -> 1 | BD60: =AZ60-AV60 -> -64.8 | BE60: 0
A61: yield | AR61: 620 | AS61: 795 | AT61: 795 | AU61: 574 | AV61: 1492 | AW61: 1800 | AX61: 1857 | AY61: 1857 | BC61: =AY61-AV61 -> 365 | BD61: =AZ61-AV61 -> -1492 | BE61: 0
A62: production | AR62: 52.8 | AS62: 76.3 | AT62: 77.9 | AU62: 62 | AV62: 96.7 | AW62: 118.4 | AX62: 122.2 | AY62: 122.2 | BC62: =AY62-AV62 -> 25.5 | BD62: =AZ62-AV62 -> -96.7 | BE62: 0
A63: Alagoas
A64: area | AR64: 33.9 | AS64: 38.4 | AT64: 44.7 | AU64: 40.2 | AV64: 58.1 | AW64: 48 | AX64: 31.2 | AY64: 32.7 | BC64: =AY64-AV64 -> -25.4 | BD64: =AZ64-AV64 -> -58.1 | BE64: 0
A65: yield | AR65: 48.5 | AS65: 61.4 | AT65: 158.7 | AU65: 53.1 | AV65: 145.3 | AW65: 121.2 | AX65: 177.9 | AY65: 102 | BC65: =AY65-AV65 -> -43.3 | BD65: =AZ65-AV65 -> -145.3 | BE65: 0 | BT65: =AZ65/1000 -> 0
A66: production | AR66: 48.5 | AS66: 61.4 | AT66: 158.7 | AU66: 53.1 | AV66: 145.3 | AW66: 121.2 | AX66: 177.9 | AY66: 102 | BC66: =AY66-AV66 -> -43.3 | BD66: =AZ66-AV66 -> -145.3 | BE66: 0 | BT66: =AZ66*1000 -> 0
A67: Sergipe
A68: area | AR68: 147.9 | AS68: 153.7 | AT68: 174.8 | AU68: 182.2 | AV68: 183.6 | AW68: 190.4 | AX68: 190.4 | AY68: 190.4 | BC68: =AY68-AV68 -> 6.8 | BD68: =AZ68-AV68 -> -183.6 | BE68: 0
A69: yield | AR69: 5191 | AS69: 5969 | AT69: 4172 | AU69: 4940 | AV69: 4879 | AW69: 5078 | AX69: 5985 | AY69: 5958 | BC69: =AY69-AV69 -> 1079 | BD69: =AZ69-AV69 -> -4879 | BE69: 0
A70: production | AR70: 767.7 | AS70: 917.4 | AT70: 729.3 | AU70: 900.1 | AV70: 895.8 | AW70: 966.9 | AX70: 1139.5 | AY70: 1134.4 | BC70: =AY70-AV70 -> 238.6 | BD70: =AZ70-AV70 -> -895.8 | BE70: 0
A71: Bahia
A72: area | AR72: 231.1 | AS72: 231.1 | AT72: 261.8 | AU72: 314.2 | AV72: 314.2 | AW72: 334.6 | AX72: 330 | AY72: 281.2 | BC72: =AY72-AV72 -> -33 | BD72: =AZ72-AV72 -> -314.2 | BE72: 0
A73: yield | AR73: 1175.6 | AS73: 3016 | AT73: 2183 | AU73: 3515 | AV73: 3035 | AW73: 3742 | AX73: 4020 | AY73: 3664 | BC73: =AY73-AV73 -> 629 | BD73: =AZ73-AV73 -> -3035 | BE73: 0 | BF73: =(AZ73/AV73)-1 -> -1 | BT73: =AZ73/1000 -> 0
A74: production | AR74: 271.7 | AS74: 697 | AT74: 571.5 | AU74: 1104.4 | AV74: 953.6 | AW74: 1252.1 | AX74: 1326.6 | AY74: 1030.3 | BC74: =AY74-AV74 -> 76.7 | BD74: =AZ74-AV74 -> -953.6 | BE74: 0 | BT74: =AZ74*1000 -> 0
A75: Center West | BF75: =4020/60 -> 67
A76: area | BB76: #NAME? | BC76: =AY76-AV76 -> 0 | BD76: =AZ76-AV76 -> 0 | BE76: 0
A77: yield | BB77: #NAME? | BC77: =AY77-AV77 -> 0 | BD77: =AZ77-AV77 -> 0 | BE77: 0 | BT77: =AZ77/1000 -> 0
A78: production | BB78: #NAME? | BC78: =AY78-AV78 -> 0 | BD78: =AZ78-AV78 -> 0 | BE78: 0 | BT78: =AZ78*1000 -> 0
A79: MatoGrosso
A80: area | BB80: #NAME? | BC80: =AY80-AV80 -> 0 | BD80: =AZ80-AV80 -> 0 | BE80: 0
A81: yield | BB81: #NAME? | BC81: =AY81-AV81 -> 0 | BD81: =AZ81-AV81 -> 0 | BE81: 0 | BF81: =(AZ81/AV81)-1 -> #DIV/0! | BH81: =AV81/60 -> 0 | BI81: =AY81/60 -> 0 | BT81: =AZ81/1000 -> 0
A82: production | BB82: #NAME? | BC82: =AY82-AV82 -> 0 | BD82: =AZ82-AV82 -> 0 | BE82: 0 | BT82: =AZ82*1000 -> 0 | BV82: 3150
A83: MatoGrosso do Sul
A84: area | BB84: #NAME? | BC84: =AY84-AV84 -> 0 | BD84: =AZ84-AV84 -> 0 | BE84: 0
A85: yield (kg/ha) | BB85: #NAME? | BC85: =AY85-AV85 -> 0 | BD85: =AZ85-AV85 -> 0 | BE85: 0 | BF85: =(AZ85/AV85)-1 -> #DIV/0! | BT85: =AZ85/1000 -> 0
A86: production (MMT) | BB86: #NAME? | BC86: =AY86-AV86 -> 0 | BD86: =AZ86-AV86 -> 0 | BE86: 0 | BT86: =AZ86*1000 -> 0
A87: Goiás
A88: area | BB88: #NAME? | BC88: =AY88-AV88 -> 0 | BD88: =AZ88-AV88 -> 0 | BE88: 0
A89: yield (kg/ha) | BB89: #NAME? | BC89: =AY89-AV89 -> 0 | BD89: =AZ89-AV89 -> 0 | BE89: 0 | BF89: =(AZ89/AV89)-1 -> #DIV/0! | BT89: =AZ89/1000 -> 0
A90: production (MMT) | BB90: #NAME? | BC90: =AY90-AV90 -> 0 | BD90: =AZ90-AV90 -> 0 | BE90: 0 | BT90: =AZ90*1000 -> 0 | BU90: =59*60 -> 3540
A91: Distrito Federal
A92: area | BB92: #NAME? | BC92: =AY92-AV92 -> 0 | BD92: =AZ92-AV92 -> 0 | BE92: 0
A93: yield | BB93: #NAME? | BC93: =AY93-AV93 -> 0 | BD93: =AZ93-AV93 -> 0 | BE93: 0 | BT93: =AZ93/1000 -> 0
A94: production | BB94: #NAME? | BC94: =AY94-AV94 -> 0 | BD94: =AZ94-AV94 -> 0 | BE94: 0
A95: Southeast
A96: area | BB96: #NAME? | BC96: =AY96-AV96 -> 0 | BD96: =AZ96-AV96 -> 0 | BE96: 0
A97: yield | BB97: #NAME? | BC97: =AY97-AV97 -> 0 | BD97: =AZ97-AV97 -> 0 | BE97: 0
A98: production | BB98: #NAME? | BC98: =AY98-AV98 -> 0 | BD98: =AZ98-AV98 -> 0 | BE98: 0
A99: Minas Gerais
A100: area | BB100: #NAME? | BC100: =AY100-AV100 -> 0 | BD100: =AZ100-AV100 -> 0 | BE100: 0
...

Sheet Corn Total
A1: BRAZILIAN CORN PRODUCTION BY STATE | BB1: CONAB Implied Yr/Yr Change | BC1: RLC Implied Yr/Yr Change | BD1: Five-Year CAGR | BE1: 5-Yr Trend | BF1: Checked vs. Nov Crop Prod
A2: (000 ha, kg/ha, 000 mt) | AY2: 2025/26
A3: North | B3: 1976/77 | C3: 1977/78 | D3: 1978/79 | E3: 1979/80 | F3: 1980/81 | G3: 1981/82 | H3: 1982/83 | I3: 1983/84 | J3: 1984/85 | K3: 1985/86 | L3: 1986/87 | M3: 1987/88 | N3: 1988/89 | O3: 1989/90 | P3: 1990/91 | Q3: 1991/92 | R3: 1992/93 | S3: 1993/94 | T3: 1994/95 | U3: 1995/96 | V3: 1996/97 | W3: 1997/98 | X3: 1998/99 | Y3: 1999/00 | Z3: 2000/01 | AA3: 2001/02 | AB3: 2002/03 | AC3: 2003/04 | AD3: 2004/05 | AE3: 2005/06 | AF3: 2006/07 | AG3: 2007/08 | AH3: 2008/09 | AI3: 2009/10 | AJ3: 2010/11 | AK3: 2011/12 | AL3: 2012/13 | AM3: 2013/14 | AN3: 2014/15 | AO3: 2015/16 | AP3: 2016/17 | AQ3: 2017/18 | AR3: 2018/19 | AS3: 2019/20 | AT3: 2020/21 | AU3: 2021/22 | AV3: 2022/23 | AW3: 2023/24 | AX3: 2024/25 | AY3: CONAB | AZ3: RLC | BA3: RLC - CONAB | BG3: Notes
A4: area | B4: 117.1 | C4: 128.2 | D4: 108.8 | E4: 178.7 | F4: 192.3 | G4: 235.7 | H4: 175.7 | I4: 254.9 | J4: 236.5 | K4: 283.3 | L4: 318.9 | M4: 500.9 | N4: 520.7 | O4: 394.8 | P4: 425.4 | Q4: 439.2 | R4: 459.5 | S4: 513.5 | T4: 619.3 | U4: 595.6 | V4: 564 | W4: 607 | X4: 666 | Y4: 667.5 | Z4: 558.6 | AA4: 491.3 | AB4: 517.7 | AC4: 563.6 | AD4: 567.3 | AE4: 556.6 | AF4: 564.5 | AG4: 572.3 | AH4: 521.4 | AI4: 514 | AJ4: 521.7 | AK4: 569.5 | AL4: 528.3 | AM4: 551.2 | AN4: 667.3 | AO4: 573.2 | AP4: 713 | AQ4: 676.5 | AR4: 739.3 | AS4: 804.8 | AT4: 895.6 | AU4: 1089.6 | AV4: 1229.9 | AW4: 1279.5 | AX4: ='Corn 3'!AX4+'Corn 2'!AX4+'Corn 1'!AX4 -> 1549.8 | AY4: 1531 | AZ4: =AZ8+AZ12+AZ16+AZ20+AZ24+AZ28+AZ32 -> 1688.5 | BA4: =AZ4-AY4 -> 157.5 | BB4: =AY4-AX4 -> -18.8 | BC4: =AZ4-AX4 -> 138.7 | BD4: =(AX4/AS4)^(1/5)-1 -> 0.1400333 | BF4: FALSE
A5: yield | B5: 1010 | C5: 1078 | D5: 1156 | E5: 1254 | F5: 1113 | G5: 1344 | H5: 1169 | I5: 1286 | J5: 1312 | K5: 1347 | L5: 1310 | M5: 1382 | N5: 1442 | O5: 1321 | P5: 1466 | Q5: 1462 | R5: 1512 | S5: 1576 | T5: 1569 | U5: 1618 | V5: 1632 | W5: 1569 | X5: 1595 | Y5: 1574 | Z5: 1640 | AA5: 1740 | AB5: 1891 | AC5: 1920 | AD5: 1953 | AE5: 2029 | AF5: 2202 | AG5: 2399 | AH5: 2393 | AI5: 2503 | AJ5: 2713 | AK5: 2902 | AL5: 3166 | AM5: 3304 | AN5: 3838 | AO5: 3431 | AP5: 3790 | AQ5: 3617 | AR5: 4161 | AS5: 4372 | AT5: 3927 | AU5: 4277 | AV5: 4332 | AW5: 4524.5088 | AX5: 4971.8919 | AY5: 4655.6485 | AZ5: =AZ6/AZ4*1000 -> 4583.6615 | BA5: =AZ5-AY5 -> -71.987034 | BB5: =AY5-AX5 -> -316.24335 | BC5: =AZ5-AX5 -> -388.23038 | BD5: =(AX5/AS5)^(1/5)-1 -> 0.026049479
A6: production | B6: 118 | C6: 138 | D6: 126 | E6: 224 | F6: 214 | G6: 317 | H6: 205 | I6: 328 | J6: 310 | K6: 381 | L6: 418 | M6: 692 | N6: 751 | O6: 521.5 | P6: 623.8 | Q6: 641.9 | R6: 694.9 | S6: 809.3 | T6: 971.8 | U6: 963.5 | V6: 920.4 | W6: 952.5 | X6: 1062.1 | Y6: 1050.8 | Z6: 916.2 | AA6: 855.1 | AB6: 979.2 | AC6: 1089.7 | AD6: 1107.8 | AE6: 1129.2 | AF6: 1243 | AG6: 1372.8 | AH6: 1247.5 | AI6: 1286.5 | AJ6: 1415.5 | AK6: 1652.4 | AL6: 1672.3 | AM6: 1821.2 | AN6: 2561 | AO6: 1966.8 | AP6: 2702.1 | AQ6: 2446.6 | AR6: 3076.3 | AS6: 3518.7 | AT6: 3516.7 | AU6: 4660.5 | AV6: 5327.3 | AW6: 5789 | AX6: ='Corn 3'!AX6+'Corn 2'!AX6+'Corn 1'!AX6 -> 7705.5 | AY6: ='Corn 3'!AY6+'Corn 2'!AY6+'Corn 1'!AY6 -> 7666.4 | AZ6: =AZ10+AZ14+AZ18+AZ22+AZ26+AZ30+AZ34 -> 7739.5124 | BA6: =AZ6-AY6 -> 73.1124 | BB6: =AY6-AX6 -> -39.1 | BC6: =AZ6-AX6 -> 34.0124 | BD6: =(AX6/AS6)^(1/5)-1 -> 0.16972485
A7: Roraima
A8: area | B8: 4.8 | C8: 3.2 | D8: 3.2 | E8: 6 | F8: 16 | G8: 4.6 | H8: 7 | I8: 5 | J8: 6.7 | K8: 6.7 | L8: 9.4 | M8: 3.3 | N8: 5.1 | O8: 3.2 | P8: 3.2 | Q8: 5 | R8: 5 | S8: 5 | T8: 12.8 | U8: 12.8 | V8: 12.8 | W8: 13.5 | X8: 15 | Y8: 15 | Z8: 11 | AA8: 9.5 | AB8: 8.9 | AC8: 17.3 | AD8: 13 | AE8: 12.2 | AF8: 12.2 | AG8: 6.4 | AH8: 6.5 | AI8: 6.5 | AJ8: 6.5 | AK8: 6.5 | AL8: 6.5 | AM8: 6.2 | AN8: 6.2 | AO8: 4.6 | AP8: 7.6 | AQ8: 9.6 | AR8: 13 | AS8: 15 | AT8: 15 | AU8: 15 | AV8: 9 | AW8: 9 | AX8: ='Corn 3'!AX8+'Corn 2'!AX8+'Corn 1'!AX8 -> 20 | AY8: ='Corn 3'!AY8+'Corn 2'!AY8+'Corn 1'!AY8 -> 20 | AZ8: 20.4 | BA8: =AZ8-AY8 -> 0.4 | BB8: =AY8-AX8 -> 0 | BC8: =AZ8-AX8 -> 0.4 | BD8: =(AX8/AS8)^(1/5)-1 -> 0.059223841 | BF8: FALSE
A9: yield | B9: 1021 | C9: 938 | D9: 938 | E9: 950 | F9: 938 | G9: 913 | H9: 443 | I9: 820 | J9: 836 | K9: 836 | L9: 628 | M9: 606 | N9: 1039 | O9: 969 | P9: 969 | Q9: 1000 | R9: 1000 | S9: 1000 | T9: 1203 | U9: 1203 | V9: 1203 | W9: 1200 | X9: 1300 | Y9: 1300 | Z9: 1500 | AA9: 3600 | AB9: 4798 | AC9: 2503 | AD9: 2000 | AE9: 2000 | AF9: 2000 | AG9: 2000 | AH9: 1969 | AI9: 1969 | AJ9: 2000 | AK9: 2000 | AL9: 2000 | AM9: 923 | AN9: 2483 | AO9: 3036 | AP9: 6000 | AQ9: 4857 | AR9: 6000 | AS9: 6000 | AT9: 6000 | AU9: 6000 | AV9: 6720 | AW9: 6000 | AX9: 6000 | AY9: 6000 | AZ9: 5880 | BA9: =AZ9-AY9 -> -120 | BB9: =AY9-AX9 -> 0 | BC9: =AZ9-AX9 -> -120 | BD9: =(AX9/AS9)^(1/5)-1 -> 0
A10: production | B10: 5 | C10: 3 | D10: 3 | E10: 6 | F10: 15 | G10: 4 | H10: 3 | I10: 4 | J10: 6 | K10: 6 | L10: 6 | M10: 2 | N10: 5 | O10: 3 | P10: 3.1 | Q10: 5 | R10: 5 | S10: 5 | T10: 15.4 | U10: 15.4 | V10: 15.4 | W10: 16.2 | X10: 19.5 | Y10: 19.5 | Z10: 16.5 | AA10: 34.2 | AB10: 42.7 | AC10: 43.3 | AD10: 26 | AE10: 24.4 | AF10: 24.4 | AG10: 12.8 | AH10: 12.8 | AI10: 12.8 | AJ10: 13 | AK10: 13 | AL10: 13 | AM10: 5.7 | AN10: 15.4 | AO10: 14 | AP10: 45.6 | AQ10: 46.6 | AR10: 78 | AS10: 90 | AT10: 90 | AU10: 90 | AV10: 60.5 | AW10: 54 | AX10: ='Corn 3'!AX10+'Corn 2'!AX10+'Corn 1'!AX10 -> 120 | AY10: ='Corn 3'!AY10+'Corn 2'!AY10+'Corn 1'!AY10 -> 120 | AZ10: =AZ8*AZ9/1000 -> 119.952 | BA10: =AZ10-AY10 -> -0.048 | BB10: =AY10-AX10 -> 0 | BC10: =AZ10-AX10 -> -0.048 | BD10: =(AX10/AS10)^(1/5)-1 -> 0.059223841
A11: Rondônia
A12: area | B12: 22.7 | C12: 35.3 | D12: 35.8 | E12: 63 | F12: 70 | G12: 81 | H12: 66.7 | I12: 113 | J12: 91 | K12: 105.6 | L12: 107.3 | M12: 122.2 | N12: 130 | O12: 117 | P12: 117 | Q12: 146.7 | R12: 154 | S12: 196 | T12: 201.9 | U12: 208 | V12: 203.4 | W12: 144.4 | X12: 140.1 | Y12: 128.2 | Z12: 125 | AA12: 98 | AB12: 100 | AC12: 131.5 | AD12: 137.3 | AE12: 142.3 | AF12: 137.4 | AG12: 160.3 | AH12: 145.6 | AI12: 166.6 | AJ12: 149.7 | AK12: 162.3 | AL12: 166.2 | AM12: 149.3 | AN12: 165.5 | AO12: 158.1 | AP12: 197.1 | AQ12: 178.2 | AR12: 190.1 | AS12: 197.9 | AT12: 212.6 | AU12: 254.5 | AV12: 303.4 | AW12: 333.9 | AX12: ='Corn 3'!AX12+'Corn 2'!AX12+'Corn 1'!AX12 -> 493.3 | AY12: 493.3 | AZ12: 503.2 | BA12: =AZ12-AY12 -> 9.9 | BB12: =AY12-AX12 -> 0 | BC12: =AZ12-AX12 -> 9.9 | BD12: =(AX12/AS12)^(1/5)-1 -> 0.20041956 | BF12: FALSE
A13: yield | B13: 1502 | C13: 1527 | D13: 1486 | E13: 1711 | F13: 1600 | G13: 1684 | H13: 1460 | I13: 1450 | J13: 1600 | K13: 1800 | L13: 1670 | M13: 1670 | N13: 1670 | O13: 1750 | P13: 1750 | Q13: 1800 | R13: 1940 | S13: 1980 | T13: 1890 | U13: 1859 | V13: 1900 | W13: 1830 | X13: 1550 | Y13: 1750 | Z13: 1650 | AA13: 1820 | AB13: 1840 | AC13: 2058 | AD13: 1950 | AE13: 2011 | AF13: 2201 | AG13: 2395 | AH13: 2248 | AI13: 2246 | AJ13: 2344 | AK13: 2796 | AL13: 3018 | AM13: 3051 | AN13: 3935 | AO13: 4135 | AP13: 4033 | AQ13: 4166 | AR13: 4883 | AS13: 5074 | AT13: 5076 | AU13: 5206 | AV13: 5183 | AW13: 5124.0129 | AX13: 5273.4486 | AY13: 5230.9304 | AZ13: 5126.3 | BA13: =AZ13-AY13 -> -104.6304 | BB13: =AY13-AX13 -> -42.518212 | BC13: =AZ13-AX13 -> -147.14861 | BD13: =(AX13/AS13)^(1/5)-1 -> 0.007740821
A14: production | B14: 34 | C14: 54 | D14: 53 | E14: 108 | F14: 112 | G14: 136 | H14: 97 | I14: 164 | J14: 146 | K14: 190 | L14: 179 | M14: 204 | N14: 217 | O14: 205 | P14: 204.8 | Q14: 264.1 | R14: 298.8 | S14: 388.1 | T14: 381.6 | U14: 386.7 | V14: 386.5 | W14: 264.3 | X14: 217.2 | Y14: 224.4 | Z14: 206.3 | AA14: 178.4 | AB14: 184 | AC14: 275.4 | AD14: 267.8 | AE14: 286.2 | AF14: 302.4 | AG14: 383.9 | AH14: 327.4 | AI14: 374.2 | AJ14: 350.9 | AK14: 453.7 | AL14: 501.6 | AM14: 455.5 | AN14: 651.3 | AO14: 653.8 | AP14: 795 | AQ14: 742.4 | AR14: 928.2 | AS14: 1004.1 | AT14: 1079.1 | AU14: 1324.9 | AV14: 1572.4 | AW14: 1710.9 | AX14: ='Corn 3'!AX14+'Corn 2'!AX14+'Corn 1'!AX14 -> 2601.4 | AY14: ='Corn 3'!AY14+'Corn 2'!AY14+'Corn 1'!AY14 -> 2555.3 | AZ14: =AZ12*AZ13/1000 -> 2579.5542 | BA14: =AZ14-AY14 -> 24.25416 | BB14: =AY14-AX14 -> -46.1 | BC14: =AZ14-AX14 -> -21.84584 | BD14: =(AX14/AS14)^(1/5)-1 -> 0.20972327
A15: Acre
A16: area | B16: 17 | C16: 17.5 | D16: 13 | E16: 17 | F16: 18 | G16: 20 | H16: 25 | I16: 21.4 | J16: 23 | K16: 23.9 | L16: 27 | M16: 27.6 | N16: 31.2 | O16: 30.5 | P16: 30.5 | Q16: 35 | R16: 35 | S16: 36.3 | T16: 37.6 | U16: 37.9 | V16: 21 | W16: 24.7 | X16: 28.6 | Y16: 34.9 | Z16: 30 | AA16: 33 | AB16: 34 | AC16: 38 | AD16: 42.5 | AE16: 36.6 | AF16: 37 | AG16: 24.3 | AH16: 24.5 | AI16: 29 | AJ16: 37.7 | AK16: 43.8 | AL16: 46.1 | AM16: 46.5 | AN16: 41.3 | AO16: 39.6 | AP16: 34.9 | AQ16: 31 | AR16: 34.9 | AS16: 32.4 | AT16: 33.6 | AU16: 47.4 | AV16: 43 | AW16: 38.7 | AX16: ='Corn 3'!AX16+'Corn 2'!AX16+'Corn 1'!AX16 -> 41 | AY16: 41 | AZ16: 41.8 | BA16: =AZ16-AY16 -> 0.8 | BB16: =AY16-AX16 -> 0 | BC16: =AZ16-AX16 -> 0.8 | BD16: =(AX16/AS16)^(1/5)-1 -> 0.048208723 | BF16: FALSE
A17: yield | B17: 1176 | C17: 1200 | D17: 1154 | E17: 1335 | F17: 1389 | G17: 1320 | H17: 840 | I17: 1248 | J17: 1122 | K17: 1201 | L17: 1281 | M17: 1478 | N17: 1580 | O17: 1590 | P17: 1590 | Q17: 1751 | R17: 1751 | S17: 1697 | T17: 1540 | U17: 1541 | V17: 1371 | W17: 1356 | X17: 1472 | Y17: 1501 | Z17: 1520 | AA17: 1552 | AB17: 1456 | AC17: 1529 | AD17: 1489 | AE17: 1459 | AF17: 1519 | AG17: 1729 | AH17: 1803 | AI17: 1992 | AJ17: 2220 | AK17: 2290 | AL17: 2421 | AM17: 2340 | AN17: 2332 | AO17: 2442 | AP17: 2350 | AQ17: 2616 | AR17: 2364 | AS17: 2476 | AT17: 2766 | AU17: 3337 | AV17: 3231 | AW17: 3263.1731 | AX17: 3406.6366 | AY17: 3468.6085 | AZ17: 3399.2 | BA17: =AZ17-AY17 -> -69.408491 | BB17: =AY17-AX17 -> 61.971905 | BC17: =AZ17-AX17 -> -7.4365854 | BD17: =(AX17/AS17)^(1/5)-1 -> 0.065896493
A18: production | B18: 20 | C18: 21 | D18: 15 | E18: 23 | F18: 25 | G18: 26 | H18: 21 | I18: 27 | J18: 26 | K18: 29 | L18: 35 | M18: 41 | N18: 49 | O18: 49 | P18: 48.5 | Q18: 61.3 | R18: 61.3 | S18: 61.6 | T18: 57.9 | U18: 58.4 | V18: 28.8 | W18: 33.5 | X18: 42.1 | Y18: 52.4 | Z18: 45.6 | AA18: 51.2 | AB18: 49.5 | AC18: 52 | AD18: 63.3 | AE18: 53.4 | AF18: 56.2 | AG18: 42 | AH18: 44.2 | AI18: 57.8 | AJ18: 83.7 | AK18: 100.3 | AL18: 111.6 | AM18: 108.8 | AN18: 96.3 | AO18: 96.7 | AP18: 82 | AQ18: 81.1 | AR18: 82.5 | AS18: 80.2 | AT18: 93 | AU18: 158.2 | AV18: 139 | AW18: 126.3 | AX18: ='Corn 3'!AX18+'Corn 2'!AX18+'Corn 1'!AX18 -> 139.7 | AY18: ='Corn 3'!AY18+'Corn 2'!AY18+'Corn 1'!AY18 -> 147.1 | AZ18: =AZ16*AZ17/1000 -> 142.08656 | BA18: =AZ18-AY18 -> -5.01344 | BB18: =AY18-AX18 -> 7.4 | BC18: =AZ18-AX18 -> 2.38656 | BD18: =(AX18/AS18)^(1/5)-1 -> 0.11738904
A19: Amazonas
A20: area | B20: 5.5 | C20: 5.5 | D20: 6 | E20: 9 | F20: 4 | G20: 4.8 | H20: 1.6 | I20: 1.1 | J20: 1.6 | K20: 1.9 | L20: 2.7 | M20: 2.5 | N20: 3 | O20: 3.1 | P20: 4.5 | Q20: 4.5 | R20: 4.5 | S20: 3.8 | T20: 6 | U20: 4.2 | V20: 6.1 | W20: 10.3 | X20: 11.8 | Y20: 11.8 | Z20: 10.5 | AA20: 10.5 | AB20: 10.9 | AC20: 10.9 | AD20: 12.9 | AE20: 12.9 | AF20: 19.7 | AG20: 13.8 | AH20: 12.2 | AI20: 12.8 | AJ20: 14 | AK20: 14.4 | AL20: 12.9 | AM20: 11 | AN20: 15.5 | AO20: 5.4 | AP20: 12.2 | AQ20: 8.1 | AR20: 11 | AS20: 11.2 | AT20: 8.9 | AU20: 9.5 | AV20: 5.6 | AW20: 8.5 | AX20: ='Corn 3'!AX20+'Corn 2'!AX20+'Corn 1'!AX20 -> 8.3 | AY20: ='Corn 3'!AY20+'Corn 2'!AY20+'Corn 1'!AY20 -> 8.3 | AZ20: 8.5 | BA20: =AZ20-AY20 -> 0.2 | BB20: =AY20-AX20 -> 0 | BC20: =AZ20-AX20 -> 0.2 | BD20: =(AX20/AS20)^(1/5)-1 -> -0.058171097 | BF20: FALSE
A21: yield | B21: 1000 | C21: 1000 | D21: 1000 | E21: 1133 | F21: 1500 | G21: 1313 | H21: 2563 | I21: 2000 | J21: 1625 | K21: 1842 | L21: 1185 | M21: 1680 | N21: 1533 | O21: 1323 | P21: 1511 | Q21: 1511 | R21: 1511 | S21: 1816 | T21: 1633 | U21: 1524 | V21: 1623 | W21: 1311 | X21: 1466 | Y21: 1466 | Z21: 1505 | AA21: 1400 | AB21: 1440 | AC21: 1440 | AD21: 1938 | AE21: 1798 | AF21: 2249 | AG21: 2554 | AH21: 2460 | AI21: 2490 | AJ21: 2500 | AK21: 2500 | AL21: 2390 | AM21: 2627 | AN21: 2540 | AO21: 2515 | AP21: 2526 | AQ21: 2560 | AR21: 2500 | AS21: 2535 | AT21: 2600 | AU21: 2500 | AV21: 2953 | AW21: 3262 | AX21: 3005 | AY21: 3041 | AZ21: 2980.2 | BA21: =AZ21-AY21 -> -60.8 | BB21: =AY21-AX21 -> 36 | BC21: =AZ21-AX21 -> -24.8 | BD21: =(AX21/AS21)^(1/5)-1 -> 0.034601974
A22: production | B22: 6 | C22: 6 | D22: 6 | E22: 10 | F22: 6 | G22: 6 | H22: 4 | I22: 2 | J22: 3 | K22: 4 | L22: 3 | M22: 4 | N22: 5 | O22: 4 | P22: 6.8 | Q22: 6.8 | R22: 6.8 | S22: 6.9 | T22: 9.8 | U22: 6.4 | V22: 9.9 | W22: 13.5 | X22: 17.3 | Y22: 17.3 | Z22: 15.8 | AA22: 14.7 | AB22: 15.7 | AC22: 15.7 | AD22: 25 | AE22: 23.2 | AF22: 44.3 | AG22: 35.2 | AH22: 30 | AI22: 31.9 | AJ22: 35 | AK22: 36 | AL22: 30.8 | AM22: 28.9 | AN22: 39.4 | AO22: 13.6 | AP22: 30.8 | AQ22: 20.7 | AR22: 27.5 | AS22: 28.4 | AT22: 23.1 | AU22: 23.8 | AV22: 16.5 | AW22: 27.7 | AX22: ='Corn 3'!AX22+'Corn 2'!AX22+'Corn 1'!AX22 -> 24.9 | AY22: ='Corn 3'!AY22+'Corn 2'!AY22+'Corn 1'!AY22 -> 25.2 | AZ22: =AZ20*AZ21/1000 -> 25.3317 | BA22: =AZ22-AY22 -> 0.1317 | BB22: =AY22-AX22 -> 0.3 | BC22: =AZ22-AX22 -> 0.4317 | BD22: =(AX22/AS22)^(1/5)-1 -> -0.025961325
A23: Amapá
A24: area | B24: 0.5 | C24: 0.5 | D24: 0.8 | E24: 0.7 | F24: 2.3 | G24: 1.6 | H24: 1.3 | I24: 1.1 | J24: 1.2 | K24: 0.9 | L24: 0.5 | M24: 0.7 | N24: 0.8 | O24: 0.4 | P24: 0 | Q24: 0 | R24: 0 | S24: 0 | T24: 0 | U24: 0 | V24: 0 | W24: 0 | X24: 1.2 | Y24: 1.2 | Z24: 1.8 | AA24: 2 | AB24: 1.5 | AC24: 1.5 | AD24: 1.5 | AE24: 1.5 | AF24: 2.1 | AG24: 3.2 | AH24: 3.5 | AI24: 3.6 | AJ24: 3.6 | AK24: 2.6 | AL24: 2.3 | AM24: 2.2 | AN24: 1.8 | AO24: 1.8 | AP24: 1.7 | AQ24: 1.6 | AR24: 1.4 | AS24: 1.4 | AT24: 1.3 | AU24: 2.5 | AV24: 2.8 | AW24: 2.3 | AX24: ='Corn 3'!AX24+'Corn 2'!AX24+'Corn 1'!AX24 -> 2 | AY24: 2.3 | AZ24: 2.3 | BA24: =AZ24-AY24 -> 0 | BB24: =AY24-AX24 -> 0.3 | BC24: =AZ24-AX24 -> 0.3 | BD24: =(AX24/AS24)^(1/5)-1 -> 0.073940924 | BF24: FALSE
A25: yield | B25: 799 | C25: 789 | D25: 772 | E25: 764 | F25: 474 | G25: 714 | H25: 672 | I25: 621 | J25: 687 | K25: 675 | L25: 1018 | M25: 823 | N25: 647 | O25: 835 | P25: 0 | Q25: 0 | R25: 0 | S25: 0 | T25: 0 | U25: 0 | V25: 0 | W25: 0 | X25: 667 | Y25: 833 | Z25: 778 | AA25: 750 | AB25: 800 | AC25: 800 | AD25: 867 | AE25: 800 | AF25: 857 | AG25: 745 | AH25: 860 | AI25: 903 | AJ25: 803 | AK25: 825 | AL25: 826 | AM25: 921 | AN25: 907 | AO25: 902 | AP25: 962 | AQ25: 988 | AR25: 933 | AS25: 972 | AT25: 905 | AU25: 944 | AV25: 940 | AW25: 977 | AX25: 969 | AY25: 977 | AZ25: 957.5 | BA25: =AZ25-AY25 -> -19.5 | BB25: =AY25-AX25 -> 8 | BC25: =AZ25-AX25 -> -11.5 | BD25: =(AX25/AS25)^(1/5)-1 -> -0.00061804744
A26: production | B26: 0 | C26: 0 | D26: 1 | E26: 1 | F26: 1 | G26: 1 | H26: 1 | I26: 1 | J26: 1 | K26: 1 | L26: 0 | M26: 1 | N26: 1 | O26: 0 | P26: 0 | Q26: 0 | R26: 0 | S26: 0 | T26: 0 | U26: 0 | V26: 0 | W26: 0 | X26: 0.8 | Y26: 1 | Z26: 1.4 | AA26: 1.5 | AB26: 1.2 | AC26: 1.2 | AD26: 1.3 | AE26: 1.2 | AF26: 1.8 | AG26: 2.4 | AH26: 3 | AI26: 3.3 | AJ26: 2.9 | AK26: 2.1 | AL26: 1.9 | AM26: 2 | AN26: 1.6 | AO26: 1.6 | AP26: 1.6 | AQ26: 1.6 | AR26: 1.3 | AS26: 1.4 | AT26: 1.2 | AU26: 2.4 | AV26: 2.6 | AW26: 2.2 | AX26: ='Corn 3'!AX26+'Corn 2'!AX26+'Corn 1'!AX26 -> 1.9 | AY26: ='Corn 3'!AY26+'Corn 2'!AY26+'Corn 1'!AY26 -> 2 | AZ26: =AZ24*AZ25/1000 -> 2.20225 | BA26: =AZ26-AY26 -> 0.20225 | BB26: =AY26-AX26 -> 0.1 | BC26: =AZ26-AX26 -> 0.30225 | BD26: =(AX26/AS26)^(1/5)-1 -> 0.062980048
A27: Pará
A28: area | B28: 66.6 | C28: 66.2 | D28: 50 | E28: 83 | F28: 82 | G28: 123.7 | H28: 74.1 | I28: 113.3 | J28: 113 | K28: 144.3 | L28: 172 | M28: 247.2 | N28: 246.2 | O28: 163.6 | P28: 202.2 | Q28: 177 | R28: 196 | S28: 207.1 | T28: 287 | U28: 260.7 | V28: 260.7 | W28: 358.9 | X28: 416.3 | Y28: 418.9 | Z28: 318.8 | AA28: 275 | AB28: 293.4 | AC28: 286.5 | AD28: 281.6 | AE28: 275.7 | AF28: 270.2 | AG28: 268 | AH28: 245.2 | AI28: 217.8 | AJ28: 213.1 | AK28: 236.3 | AL28: 199.1 | AM28: 184.1 | AN28: 218.7 | AO28: 196.1 | AP28: 258.3 | AQ28: 236.9 | AR28: 249.5 | AS28: 264.6 | AT28: 358 | AU28: 390.6 | AV28: 435.3 | AW28: 491.9 | AX28: ='Corn 3'!AX28+'Corn 2'!AX28+'Corn 1'!AX28 -> 512.2 | AY28: ='Corn 3'!AY28+'Corn 2'!AY28+'Corn 1'!AY28 -> 571.4 | AZ28: 582.8 | BA28: =AZ28-AY28 -> 11.4 | BB28: =AY28-AX28 -> 59.2 | BC28: =AZ28-AX28 -> 70.6 | BD28: =(AX28/AS28)^(1/5)-1 -> 0.14122151 | BF28: FALSE
A29: yield | B29: 802 | C29: 822 | D29: 960 | E29: 930 | F29: 671 | G29: 1150 | H29: 1065 | I29: 1150 | J29: 1150 | K29: 1060 | L29: 1130 | M29: 1260 | N29: 1320 | O29: 1240 | P29: 1370 | Q29: 1200 | R29: 1240 | S29: 1269 | T29: 1380 | U29: 1380 | V29: 1380 | W29: 1470 | X29: 1568 | Y29: 1483 | Z29: 1600 | AA29: 1640 | AB29: 1800 | AC29: 1800 | AD29: 2010 | AE29: 2078 | AF29: 1970 | AG29: 2324 | AH29: 2305 | AI29: 2482 | AJ29: 2556 | AK29: 2538 | AL29: 2841 | AM29: 2916 | AN29: 3232 | AO29: 3299 | AP29: 3270 | AQ29: 3320 | AR29: 3067 | AS29: 3155 | AT29: 3114 | AU29: 3025 | AV29: 3415 | AW29: 3577.0065 | AX29: 4206.4483 | AY29: 3588.3336 | AZ29: 3516.6 | BA29: =AZ29-AY29 -> -71.733567 | BB29: =AY29-AX29 -> -618.1147 | BC29: =AZ29-AX29 -> -689.84826 | BD29: =(AX29/AS29)^(1/5)-1 -> 0.059212842
A30: production | B30: 53 | C30: 54 | D30: 48 | E30: 77 | F30: 55 | G30: 142 | H30: 79 | I30: 130 | J30: 130 | K30: 153 | L30: 194 | M30: 312 | N30: 325 | O30: 203 | P30: 277 | Q30: 212.4 | R30: 243 | S30: 262.8 | T30: 396.1 | U30: 359.8 | V30: 359.8 | W30: 527.6 | X30: 652.8 | Y30: 621.2 | Z30: 510.1 | AA30: 451 | AB30: 528.1 | AC30: 522.9 | AD30: 566 | AE30: 572.9 | AF30: 532.3 | AG30: 622.8 | AH30: 565.2 | AI30: 540.6 | AJ30: 544.7 | AK30: 599.7 | AL30: 565.6 | AM30: 536.8 | AN30: 706.8 | AO30: 646.9 | AP30: 844.7 | AQ30: 786.5 | AR30: 765.1 | AS30: 834.8 | AT30: 1114.7 | AU30: 1181.5 | AV30: 1486.3 | AW30: 1759.5 | AX30: ='Corn 3'!AX30+'Corn 2'!AX30+'Corn 1'!AX30 -> 2154.6 | AY30: ='Corn 3'!AY30+'Corn 2'!AY30+'Corn 1'!AY30 -> 2050.3 | AZ30: =AZ28*AZ29/1000 -> 2049.4745 | BA30: =AZ30-AY30 -> -0.82552 | BB30: =AY30-AX30 -> -104.3 | BC30: =AZ30-AX30 -> -105.12552 | BD30: =(AX30/AS30)^(1/5)-1 -> 0.20880666
A31: Tocantins
A32: area | B32: 0 | C32: 0 | D32: 0 | E32: 0 | F32: 0 | G32: 0 | H32: 0 | I32: 0 | J32: 0 | K32: 0 | L32: 0 | M32: 97.4 | N32: 104.4 | O32: 77 | P32: 68 | Q32: 71 | R32: 65 | S32: 65.3 | T32: 74 | U32: 72 | V32: 60 | W32: 55.2 | X32: 53 | Y32: 57.5 | Z32: 61.5 | AA32: 63.3 | AB32: 69 | AC32: 77.9 | AD32: 78.5 | AE32: 75.4 | AF32: 85.9 | AG32: 96.3 | AH32: 83.9 | AI32: 77.7 | AJ32: 97.1 | AK32: 103.6 | AL32: 95.2 | AM32: 151.9 | AN32: 218.3 | AO32: 167.6 | AP32: 201.2 | AQ32: 211.1 | AR32: 239.4 | AS32: 282.3 | AT32: 266.2 | AU32: 370.1 | AV32: 430.8 | AW32: 395.2 | AX32: ='Corn 3'!AX32+'Corn 2'!AX32+'Corn 1'!AX32 -> 473 | AY32: ='Corn 3'!AY32+'Corn 2'!AY32+'Corn 1'!AY32 -> 514.1 | AZ32: 529.5 | BA32: =AZ32-AY32 -> 15.4 | BB32: =AY32-AX32 -> 41.1 | BC32: =AZ32-AX32 -> 56.5 | BD32: =(AX32/AS32)^(1/5)-1 -> 0.10874086 | BF32: FALSE
A33: yield | B33: 0 | C33: 0 | D33: 0 | E33: 0 | F33: 0 | G33: 0 | H33: 0 | I33: 0 | J33: 0 | K33: 0 | L33: 0 | M33: 1325 | N33: 1430 | O33: 751 | P33: 1229 | Q33: 1300 | R33: 1231 | S33: 1300 | T33: 1500 | U33: 1900 | V33: 2000 | W33: 1764 | X33: 2121 | Y33: 2000 | Z33: 1959 | AA33: 1961 | AB33: 2290 | AC33: 2290 | AD33: 2018 | AE33: 2227 | AF33: 3278 | AG33: 2842 | AH33: 3158 | AI33: 3422 | AJ33: 3968 | AK33: 4321 | AL33: 4704 | AM33: 4500 | AN33: 4811 | AO33: 3223 | AP33: 4485 | AQ33: 3637 | AR33: 4986 | AS33: 5242 | AT33: 4191 | AU33: 5079 | AV33: 4759 | AW33: 5335.0524 | AX33: 5629.9184 | AY33: 5381.2678 | AZ33: 5327.5 | BA33: =AZ33-AY33 -> -53.767847 | BB33: =AY33-AX33 -> -248.65055 | BC33: =AZ33-AX33 -> -302.41839 | BD33: =(AX33/AS33)^(1/5)-1 -> 0.014380791
A34: production | B34: 0 | C34: 0 | D34: 0 | E34: 0 | F34: 0 | G34: 0 | H34: 0 | I34: 0 | J34: 0 | K34: 0 | L34: 0 | M34: 129 | N34: 149 | O34: 58 | P34: 83.6 | Q34: 92.3 | R34: 80 | S34: 84.9 | T34: 111 | U34: 136.8 | V34: 120 | W34: 97.4 | X34: 112.4 | Y34: 115 | Z34: 120.5 | AA34: 124.1 | AB34: 158 | AC34: 179.2 | AD34: 158.4 | AE34: 167.9 | AF34: 281.6 | AG34: 273.7 | AH34: 264.9 | AI34: 265.9 | AJ34: 385.3 | AK34: 447.6 | AL34: 447.8 | AM34: 683.5 | AN34: 1050.2 | AO34: 540.2 | AP34: 902.4 | AQ34: 767.7 | AR34: 1193.7 | AS34: 1479.8 | AT34: 1115.6 | AU34: 1879.7 | AV34: 2050 | AW34: 2108.4 | AX34: ='Corn 3'!AX34+'Corn 2'!AX34+'Corn 1'!AX34 -> 2663 | AY34: ='Corn 3'!AY34+'Corn 2'!AY34+'Corn 1'!AY34 -> 2766.5 | AZ34: =AZ32*AZ33/1000 -> 2820.9113 | BA34: =AZ34-AY34 -> 54.41125 | BB34: =AY34-AX34 -> 103.5 | BC34: =AZ34-AX34 -> 157.91125 | BD34: =(AX34/AS34)^(1/5)-1 -> 0.12469206
A35: Northeast
A36: area | B36: 2486.1 | C36: 2324.9 | D36: 2076 | E36: 2778 | F36: 2995 | G36: 3023.2 | H36: 2548.1 | I36: 2501.4 | J36: 2705.2 | K36: 3156.6 | L36: 3399.3 | M36: 3398 | N36: 3122 | O36: 2615.4 | P36: 3002.5 | Q36: 3095.2 | R36: 2156.1 | S36: 3185.9 | T36: 3221 | U36: 3330.7 | V36: 3163.2 | W36: 2050.3 | X36: 2487.4 | Y36: 2587.4 | Z36: 2580.2 | AA36: 2680.6 | AB36: 2894.9 | AC36: 2887 | AD36: 2749.6 | AE36: 2850.9 | AF36: 2961.6 | AG36: 2981.6 | AH36: 3030 | AI36: 2648.7 | AJ36: 3147.7 | AK36: 2421.5 | AL36: 2325.5 | AM36: 2899.7 | AN36: 2675.4 | AO36: 2425.2 | AP36: 2602.9 | AQ36: 2652.6 | AR36: 2506.5 | AS36: 2627.3 | AT36: 2899.9 | AU36: 3167.2 | AV36: 3300.7 | AW36: 2948.2 | AX36: ='Corn 3'!AX36+'Corn 2'!AX36+'Corn 1'!AX36 -> 2985.9 | AY36: 2989.6 | AZ36: =AZ40+AZ44+AZ48+AZ52+AZ56+AZ60+AZ64+AZ68+AZ72 -> 3156.2 | BA36: =AZ36-AY36 -> 166.6 | BB36: =AY36-AX36 -> 3.7 | BC36: =AZ36-AX36 -> 170.3 | BD36: =(AX36/AS36)^(1/5)-1 -> 0.025919108 | BF36: FALSE
A37: yield | B37: 662 | C37: 643 | D37: 629 | E37: 342 | F37: 225 | G37: 380 | H37: 126 | I37: 590 | J37: 514 | K37: 573 | L37: 210 | M37: 581 | N37: 575 | O37: 365 | P37: 676 | Q37: 394 | R37: 275 | S37: 820 | T37: 832 | U37: 885 | V37: 831 | W37: 629 | X37: 896 | Y37: 1142 | Z37: 771 | AA37: 766 | AB37: 1132 | AC37: 1075 | AD37: 1080 | AE37: 1137 | AF37: 1049 | AG37: 1474 | AH37: 1532 | AI37: 1613 | AJ37: 1947 | AK37: 1802 | AL37: 2090 | AM37: 2612 | AN37: 2333 | AO37: 1417 | AP37: 2567 | AQ37: 2430 | AR37: 2664 | AS37: 3351 | AT37: 3031 | AU37: 3390 | AV37: 3542 | AW37: 3091.398 | AX37: 3372.7541 | AY37: 3421.8024 | AZ37: =AZ38/AZ36*1000 -> 3309.8048 | BA37: =AZ37-AY37 -> -111.99768 | BB37: =AY37-AX37 -> 49.048371 | BC37: =AZ37-AX37 -> -62.949306 | BD37: =(AX37/AS37)^(1/5)-1 -> 0.0012950049
A38: production | B38: 1645 | C38: 1495 | D38: 1305 | E38: 949 | F38: 673 | G38: 1150 | H38: 321 | I38: 1475 | J38: 1391 | K38: 1810 | L38: 713 | M38: 1976 | N38: 1795 | O38: 954 | P38: 2030.8 | Q38: 1218.7 | R38: 592.7 | S38: 2612.7 | T38: 2679.9 | U38: 2948.2 | V38: 2628 | W38: 1288.8 | X38: 2229.4 | Y38: 2953.8 | Z38: 1988.3 | AA38: 2054.5 | AB38: 3277.5 | AC38: 3002.6 | AD38: 2969.4 | AE38: 3242.4 | AF38: 3106.2 | AG38: 4396 | AH38: 4642.4 | AI38: 4273.6 | AJ38: 6128 | AK38: 4364 | AL38: 4859.8 | AM38: 7574.5 | AN38: 6243.1 | AO38: 3435.4 | AP38: 6681.3 | AQ38: 6445.8 | AR38: 6676.8 | AS38: 8804.6 | AT38: 8788.9 | AU38: 10737 | AV38: 11691.5 | AW38: 9114 | AX38: ='Corn 3'!AX38+'Corn 2'!AX38+'Corn 1'!AX38 -> 10070.5 | AY38: ='Corn 3'!AY38+'Corn 2'!AY38+'Corn 1'!AY38 -> 10172.6 | AZ38: =AZ42+AZ46+AZ50+AZ54+AZ58+AZ62+AZ66+AZ70+AZ74 -> 10446.406 | BA38: =AZ38-AY38 -> 273.80582 | BB38: =AY38-AX38 -> 102.1 | BC38: =AZ38-AX38 -> 375.90582 | BD38: =(AX38/AS38)^(1/5)-1 -> 0.027231387
A39: Maranhão
A40: area | B40: 396.8 | C40: 421.8 | D40: 380 | E40: 503 | F40: 507 | G40: 556 | H40: 473 | I40: 468 | J40: 421 | K40: 530 | L40: 551.8 | M40: 551.8 | N40: 570 | O40: 524 | P40: 563 | Q40: 580 | R40: 533.6 | S40: 590.2 | T40: 650 | U40: 650 | V40: 585 | W40: 304.2 | X40: 317.9 | Y40: 320 | Z40: 322.9 | AA40: 324.5 | AB40: 360.2 | AC40: 371 | AD40: 385.8 | AE40: 362.7 | AF40: 367.1 | AG40: 353.3 | AH40: 373.4 | AI40: 382.4 | AJ40: 477.6 | AK40: 454.6 | AL40: 506.7 | AM40: 606.4 | AN40: 514.3 | AO40: 354.3 | AP40: 491.7 | AQ40: 483.4 | AR40: 410.8 | AS40: 452.4 | AT40: 471.9 | AU40: 566.8 | AV40: 609.1 | AW40: 551 | AX40: ='Corn 3'!AX40+'Corn 2'!AX40+'Corn 1'!AX40 -> 597.1 | AY40: 576.8 | AZ40: 594.1 | BA40: =AZ40-AY40 -> 17.3 | BB40: =AY40-AX40 -> -20.3 | BC40: =AZ40-AX40 -> -3 | BD40: =(AX40/AS40)^(1/5)-1 -> 0.057072793 | BF40: FALSE
A41: yield | B41: 596 | C41: 605 | D41: 589 | E41: 529 | F41: 349 | G41: 545 | H41: 200 | I41: 700 | J41: 300 | K41: 547 | L41: 210 | M41: 625 | N41: 600 | O41: 330 | P41: 630 | Q41: 409 | R41: 370 | S41: 700 | T41: 650 | U41: 700 | V41: 620 | W41: 690 | X41: 925 | Y41: 980 | Z41: 960 | AA41: 1000 | AB41: 1150 | AC41: 1160 | AD41: 1050 | AE41: 1170 | AF41: 1218 | AG41: 1388 | AH41: 1350 | AI41: 1470 | AJ41: 1842 | AK41: 1609 | AL41: 2584 | AM41: 2846 | AN41: 2857 | AO41: 2468 | AP41: 3970 | AQ41: 3897 | AR41: 4363 | AS41: 4855 | AT41: 5095 | AU41: 5128 | AV41: 5161 | AW41: 4993.1178 | AX41: 5714.8833 | AY41: 5088.9715 | AZ41: 5038.1 | BA41: =AZ41-AY41 -> -50.871475 | BB41: =AY41-AX41 -> -625.91179 | BC41: =AZ41-AX41 -> -676.78327 | BD41: =(AX41/AS41)^(1/5)-1 -> 0.033150585
A42: production | B42: 237 | C42: 255 | D42: 224 | E42: 266 | F42: 177 | G42: 303 | H42: 95 | I42: 328 | J42: 126 | K42: 290 | L42: 116 | M42: 345 | N42: 342 | O42: 173 | P42: 354.7 | Q42: 237.2 | R42: 197.4 | S42: 413.1 | T42: 422.5 | U42: 455 | V42: 362.7 | W42: 209.9 | X42: 294.1 | Y42: 313.6 | Z42: 310 | AA42: 324.5 | AB42: 414.2 | AC42: 430.4 | AD42: 405.1 | AE42: 424.4 | AF42: 447.1 | AG42: 490.4 | AH42: 504.1 | AI42: 562.1 | AJ42: 879.7 | AK42: 731.6 | AL42: 1309.4 | AM42: 1725.9 | AN42: 1469.2 | AO42: 874.4 | AP42: 1951.9 | AQ42: 1884 | AR42: 1792.5 | AS42: 2196.3 | AT42: 2404.3 | AU42: 2906.4 | AV42: 3143.8 | AW42: 2751.2 | AX42: ='Corn 3'!AX42+'Corn 2'!AX42+'Corn 1'!AX42 -> 3412.4 | AY42: ='Corn 3'!AY42+'Corn 2'!AY42+'Corn 1'!AY42 -> 3122.1 | AZ42: =AZ40*AZ41/1000 -> 2993.1352 | BA42: =AZ42-AY42 -> -128.96479 | BB42: =AY42-AX42 -> -290.3 | BC42: =AZ42-AX42 -> -419.26479 | BD42: =(AX42/AS42)^(1/5)-1 -> 0.092128283
A43: Piauí
A44: area | B44: 198.2 | C44: 208.1 | D44: 170 | E44: 308 | F44: 283 | G44: 389.5 | H44: 266.5 | I44: 262 | J44: 340 | K44: 475.6 | L44: 443.5 | M44: 456 | N44: 428 | O44: 320 | P44: 325 | Q44: 386.3 | R44: 397.9 | S44: 463.7 | T44: 460 | U44: 440 | V44: 436 | W44: 257.2 | X44: 277.7 | Y44: 283 | Z44: 278 | AA44: 280 | AB44: 282.8 | AC44: 297.8 | AD44: 294.8 | AE44: 290.1 | AF44: 295.3 | AG44: 290.9 | AH44: 329.6 | AI44: 309.9 | AJ44: 349.6 | AK44: 351.6 | AL44: 379.8 | AM44: 405 | AN44: 406.4 | AO44: 492.5 | AP44: 467.4 | AQ44: 488.5 | AR44: 451.6 | AS44: 467.6 | AT44: 523.4 | AU44: 581.6 | AV44: 639.4 | AW44: 418.1 | AX44: ='Corn 3'!AX44+'Corn 2'!AX44+'Corn 1'!AX44 -> 468.9 | AY44: 461.3 | AZ44: 475.1 | BA44: =AZ44-AY44 -> 13.8 | BB44: =AY44-AX44 -> -7.6 | BC44: =AZ44-AX44 -> 6.2 | BD44: =(AX44/AS44)^(1/5)-1 -> 0.00055541348 | BF44: FALSE
A45: yield | B45: 660 | C45: 833 | D45: 676 | E45: 249 | F45: 208 | G45: 290 | H45: 96 | I45: 630 | J45: 520 | K45: 736 | L45: 280 | M45: 830 | N45: 850 | O45: 400 | P45: 790 | Q45: 200 | R45: 150 | S45: 950 | T45: 880 | U45: 993 | V45: 406 | W45: 237 | X45: 850 | Y45: 817 | Z45: 520 | AA45: 299 | AB45: 1016 | AC45: 510 | AD45: 663 | AE45: 804 | AF45: 606 | AG45: 1110 | AH45: 1503 | AI45: 1141 | AJ45: 2017 | AK45: 2239 | AL45: 1429 | AM45: 2542 | AN45: 2619 | AO45: 1502 | AP45: 2966 | AQ45: 3048 | AR45: 4084 | AS45: 4695 | AT45: 4005 | AU45: 4728 | AV45: 4523 | AW45: 3696.137 | AX45: 4095.9443 | AY45: 4349.4126 | AZ45: 4305.9 | BA45: =AZ45-AY45 -> -43.512646 | BB45: =AY45-AX45 -> 253.46831 | BC45: =AZ45-AX45 -> 209.95566 | BD45: =(AX45/AS45)^(1/5)-1 -> -0.026930882
A46: production | B46: 131 | C46: 173 | D46: 115 | E46: 77 | F46: 59 | G46: 113 | H46: 26 | I46: 165 | J46: 177 | K46: 350 | L46: 124 | M46: 379 | N46: 364 | O46: 128 | P46: 256.8 | Q46: 77.3 | R46: 59.7 | S46: 440.5 | T46: 404.8 | U46: 436.9 | V46: 177 | W46: 61 | X46: 236 | Y46: 231.2 | Z46: 144.6 | AA46: 83.7 | AB46: 287.3 | AC46: 134 | AD46: 195.5 | AE46: 233.2 | AF46: 179 | AG46: 322.9 | AH46: 495.4 | AI46: 353.6 | AJ46: 705.1 | AK46: 787.2 | AL46: 542.8 | AM46: 1029.4 | AN46: 1064.3 | AO46: 739.5 | AP46: 1386.3 | AQ46: 1488.8 | AR46: 1844.4 | AS46: 2195.2 | AT46: 2096 | AU46: 2750 | AV46: 2892 | AW46: 1545.4 | AX46: ='Corn 3'!AX46+'Corn 2'!AX46+'Corn 1'!AX46 -> 1920.5 | AY46: ='Corn 3'!AY46+'Corn 2'!AY46+'Corn 1'!AY46 -> 2118.6 | AZ46: =AZ44*AZ45/1000 -> 2045.7331 | BA46: =AZ46-AY46 -> -72.86691 | BB46: =AY46-AX46 -> 198.1 | BC46: =AZ46-AX46 -> 125.23309 | BD46: =(AX46/AS46)^(1/5)-1 -> -0.026383235
A47: Ceará
A48: area | B48: 530 | C48: 496 | D48: 426 | E48: 520 | F48: 520 | G48: 505.8 | H48: 480 | I48: 400 | J48: 460 | K48: 512 | L48: 638 | M48: 641 | N48: 540 | O48: 630 | P48: 586 | Q48: 610.7 | R48: 486.8 | S48: 704.3 | T48: 651.2 | U48: 688.3 | V48: 522.6 | W48: 480.8 | X48: 581.8 | Y48: 619 | Z48: 612.8 | AA48: 695.6 | AB48: 713.7 | AC48: 681.6 | AD48: 558.9 | AE48: 638.8 | AF48: 673.9 | AG48: 694.2 | AH48: 689.3 | AI48: 535.6 | AJ48: 723 | AK48: 520.6 | AL48: 408.7 | AM48: 480.6 | AN48: 480.6 | AO48: 460.2 | AP48: 514 | AQ48: 535.1 | AR48: 501.9 | AS48: 519.5 | AT48: 543.9 | AU48: 560.8 | AV48: 584 | AW48: 602.5 | AX48: ='Corn 3'!AX48+'Corn 2'!AX48+'Corn 1'!AX48 -> 588.6 | AY48: 590.5 | AZ48: 649.6 | BA48: =AZ48-AY48 -> 59.1 | BB48: =AY48-AX48 -> 1.9 | BC48: =AZ48-AX48 -> 61 | BD48: =(AX48/AS48)^(1/5)-1 -> 0.025290518 | BF48: FALSE
A49: yield | B49: 660 | C49: 549 | D49: 394 | E49: 212 | F49: 85 | G49: 307 | H49: 36 | I49: 660 | J49: 380 | K49: 430 | L49: 120 | M49: 710 | N49: 480 | O49: 360 | P49: 660 | Q49: 300 | R49: 68 | S49: 680 | T49: 720 | U49: 855 | V49: 525 | W49: 190 | X49: 760 | Y49: 1028 | Z49: 400 | AA49: 895 | AB49: 1050 | AC49: 520 | AD49: 460 | AE49: 1159 | AF49: 498 | AG49: 1084 | AH49: 805 | AI49: 327 | AJ49: 1313 | AK49: 142 | AL49: 240 | AM49: 835 | AN49: 315 | AO49: 356 | AP49: 815 | AQ49: 778 | AR49: 792 | AS49: 1232 | AT49: 842 | AU49: 929 | AV49: 619 | AW49: 804 | AX49: 541 | AY49: 842 | AZ49: 799.9 | BA49: =AZ49-AY49 -> -42.1 | BB49: =AY49-AX49 -> 301 | BC49: =AZ49-AX49 -> 258.9 | BD49: =(AX49/AS49)^(1/5)-1 -> -0.15176281
A50: production | B50: 350 | C50: 272 | D50: 168 | E50: 110 | F50: 44 | G50: 155 | H50: 17 | I50: 264 | J50: 175 | K50: 220 | L50: 77 | M50: 455 | N50: 259 | O50: 227 | P50: 386.8 | Q50: 183.2 | R50: 33.1 | S50: 478.9 | T50: 468.9 | U50: 588.5 | V50: 274.4 | W50: 91.4 | X50: 442.2 | Y50: 636.3 | Z50: 245.1 | AA50: 622.6 | AB50: 749.4 | AC50: 372.8 | AD50: 257.1 | AE50: 740.4 | AF50: 335.6 | AG50: 752.5 | AH50: 554.9 | AI50: 175.1 | AJ50: 949.3 | AK50: 73.9 | AL50: 98.1 | AM50: 401.3 | AN50: 151.4 | AO50: 163.8 | AP50: 418.9 | AQ50: 416.3 | AR50: 397.5 | AS50: 640 | AT50: 458 | AU50: 521 | AV50: 361.5 | AW50: 484.4 | AX50: ='Corn 3'!AX50+'Corn 2'!AX50+'Corn 1'!AX50 -> 318.4 | AY50: ='Corn 3'!AY50+'Corn 2'!AY50+'Corn 1'!AY50 -> 497.1 | AZ50: =AZ48*AZ49/1000 -> 519.61504 | BA50: =AZ50-AY50 -> 22.51504 | BB50: =AY50-AX50 -> 178.7 | BC50: =AZ50-AX50 -> 201.21504 | BD50: =(AX50/AS50)^(1/5)-1 -> -0.13032173
A51: Rio Grande do Norte
A52: area | B52: 170.7 | C52: 155 | D52: 118 | E52: 159 | F52: 190 | G52: 148 | H52: 358.6 | I52: 150 | J52: 165 | K52: 180 | L52: 171.6 | M52: 151 | N52: 153 | O52: 52.6 | P52: 142 | Q52: 143.1 | R52: 32.6 | S52: 134 | T52: 136.4 | U52: 141.6 | V52: 126.2 | W52: 67.5 | X52: 79.1 | Y52: 97.2 | Z52: 83 | AA52: 103.8 | AB52: 109.3 | AC52: 124.1 | AD52: 65.2 | AE52: 84 | AF52: 82.6 | AG52: 79.5 | AH52: 71.2 | AI52: 37 | AJ52: 73.5 | AK52: 7.6 | AL52: 13.3 | AM52: 32.4 | AN52: 25.9 | AO52: 25 | AP52: 29.2 | AQ52: 40.9 | AR52: 53.7 | AS52: 59.7 | AT52: 52.9 | AU52: 52.3 | AV52: 50.5 | AW52: 67.4 | AX52: ='Corn 3'!AX52+'Corn 2'!AX52+'Corn 1'!AX52 -> 64.2 | AY52: 63.6 | AZ52: 70 | BA52: =AZ52-AY52 -> 6.4 | BB52: =AY52-AX52 -> -0.6 | BC52: =AZ52-AX52 -> 5.8 | BD52: =(AX52/AS52)^(1/5)-1 -> 0.014640374
A53: yield | B53: 507 | C53: 400 | D53: 347 | E53: 17 | F53: 50 | G53: 154 | H53: 6 | I53: 520 | J53: 340 | K53: 400 | L53: 60 | M53: 480 | N53: 330 | O53: 300 | P53: 500 | Q53: 245 | R53: 34 | S53: 660 | T53: 610 | U53: 593 | V53: 370 | W53: 102 | X53: 249 | Y53: 606 | Z53: 96 | AA53: 671 | AB53: 650 | AC53: 470 | AD53: 451 | AE53: 625 | AF53: 459 | AG53: 677 | AH53: 604 | AI53: 248 | AJ53: 672 | AK53: 337 | AL53: 355 | AM53: 633 | AN53: 288 | AO53: 309 | AP53: 348 | AQ53: 473 | AR53: 645 | AS53: 574 | AT53: 523 | AU53: 485 | AV53: 550 | AW53: 342 | AX53: 321 | AY53: 523 | AZ53: 496.9 | BA53: =AZ53-AY53 -> -26.1 | BB53: =AY53-AX53 -> 202 | BC53: =AZ53-AX53 -> 175.9 | BD53: =(AX53/AS53)^(1/5)-1 -> -0.10973638
A54: production | B54: 87 | C54: 62 | D54: 41 | E54: 3 | F54: 10 | G54: 23 | H54: 2 | I54: 78 | J54: 56 | K54: 72 | L54: 10 | M54: 73 | N54: 51 | O54: 16 | P54: 71 | Q54: 35.1 | R54: 1.1 | S54: 88.4 | T54: 83.2 | U54: 84 | V54: 46.7 | W54: 6.9 | X54: 19.7 | Y54: 58.9 | Z54: 8 | AA54: 69.6 | AB54: 71 | AC54: 58.3 | AD54: 29.4 | AE54: 52.5 | AF54: 37.9 | AG54: 53.8 | AH54: 43 | AI54: 9.2 | AJ54: 49.4 | AK54: 2.6 | AL54: 4.7 | AM54: 20.5 | AN54: 7.5 | AO54: 7.7 | AP54: 10.2 | AQ54: 19.3 | AR54: 34.6 | AS54: 34.3 | AT54: 27.7 | AU54: 25.4 | AV54: 27.8 | AW54: 23.1 | AX54: ='Corn 3'!AX54+'Corn 2'!AX54+'Corn 1'!AX54 -> 20.6 | AY54: ='Corn 3'!AY54+'Corn 2'!AY54+'Corn 1'!AY54 -> 31.9 | AZ54: =AZ52*AZ53/1000 -> 34.783 | BA54: =AZ54-AY54 -> 2.883 | BB54: =AY54-AX54 -> 11.3 | BC54: =AZ54-AX54 -> 14.183 | BD54: =(AX54/AS54)^(1/5)-1 -> -0.09694413
A55: Paraiba
A56: area | B56: 297.4 | C56: 252 | D56: 216 | E56: 290 | F56: 303 | G56: 230 | H56: 255 | I56: 300 | J56: 330 | K56: 353 | L56: 304 | M56: 316 | N56: 315 | O56: 230 | P56: 256 | Q56: 270 | R56: 89 | S56: 231.7 | T56: 261 | U56: 266 | V56: 255.8 | W56: 108.9 | X56: 120 | Y56: 161 | Z56: 140.1 | AA56: 165.3 | AB56: 178.5 | AC56: 192.8 | AD56: 189.5 | AE56: 187.6 | AF56: 195.1 | AG56: 193 | AH56: 194 | AI56: 69.6 | AJ56: 157.2 | AK56: 39.8 | AL56: 53.1 | AM56: 76.6 | AN56: 62.9 | AO56: 84.6 | AP56: 86.5 | AQ56: 108.6 | AR56: 96.1 | AS56: 107.6 | AT56: 96.3 | AU56: 116.1 | AV56: 120.4 | AW56: 117 | AX56: ='Corn 3'!AX56+'Corn 2'!AX56+'Corn 1'!AX56 -> 117.2 | AY56: 117.2 | AZ56: 128.9 | BA56: =AZ56-AY56 -> 11.7 | BB56: =AY56-AX56 -> 0 | BC56: =AZ56-AX56 -> 11.7 | BD56: =(AX56/AS56)^(1/5)-1 -> 0.017239154
A57: yield | B57: 658 | C57: 496 | D57: 593 | E57: 138 | F57: 69 | G57: 175 | H57: 100 | I57: 630 | J57: 505 | K57: 538 | L57: 220 | M57: 550 | N57: 550 | O57: 300 | P57: 540 | Q57: 200 | R57: 102 | S57: 740 | T57: 600 | U57: 900 | V57: 783 | W57: 33 | X57: 341 | Y57: 930 | Z57: 60 | AA57: 450 | AB57: 690 | AC57: 702 | AD57: 476 | AE57: 900 | AF57: 363 | AG57: 666 | AH57: 857 | AI57: 91 | AJ57: 617 | AK57: 106 | AL57: 496 | AM57: 462 | AN57: 322 | AO57: 237 | AP57: 446 | AQ57: 780 | AR57: 480 | AS57: 827 | AT57: 515 | AU57: 641 | AV57: 818 | AW57: 565 | AX57: 449 | AY57: 645 | AZ57: 612.8 | BA57: =AZ57-AY57 -> -32.2 | BB57: =AY57-AX57 -> 196 | BC57: =AZ57-AX57 -> 163.8 | BD57: =(AX57/AS57)^(1/5)-1 -> -0.11499002
A58: production | B58: 196 | C58: 125 | D58: 128 | E58: 40 | F58: 21 | G58: 40 | H58: 26 | I58: 189 | J58: 167 | K58: 190 | L58: 67 | M58: 174 | N58: 173 | O58: 69 | P58: 138.2 | Q58: 54 | R58: 9.1 | S58: 171.5 | T58: 156.6 | U58: 239.4 | V58: 200.3 | W58: 3.6 | X58: 40.9 | Y58: 149.7 | Z58: 8.4 | AA58: 74.4 | AB58: 123.2 | AC58: 135.3 | AD58: 90.2 | AE58: 168.8 | AF58: 70.8 | AG58: 128.5 | AH58: 166.3 | AI58: 6.3 | AJ58: 97 | AK58: 4.2 | AL58: 26.3 | AM58: 35.4 | AN58: 20.3 | AO58: 20.1 | AP58: 38.6 | AQ58: 84.7 | AR58: 46.1 | AS58: 89 | AT58: 49.6 | AU58: 74.4 | AV58: 98.5 | AW58: 66.1 | AX58: ='Corn 3'!AX58+'Corn 2'!AX58+'Corn 1'!AX58 -> 52.6 | AY58: ='Corn 3'!AY58+'Corn 2'!AY58+'Corn 1'!AY58 -> 75.6 | AZ58: =AZ56*AZ57/1000 -> 78.98992 | BA58: =AZ58-AY58 -> 3.38992 | BB58: =AY58-AX58 -> 23 | BC58: =AZ58-AX58 -> 26.38992 | BD58: =(AX58/AS58)^(1/5)-1 -> -0.099841167
A59: Pernambuco
A60: area | B60: 407.2 | C60: 330 | D60: 295 | E60: 370 | F60: 370 | G60: 300 | H60: 180 | I60: 340 | J60: 365 | K60: 375 | L60: 400 | M60: 350 | N60: 350 | O60: 240 | P60: 387 | Q60: 315 | R60: 82.6 | S60: 363.2 | T60: 362.1 | U60: 355.9 | V60: 335.3 | W60: 106 | X60: 245.9 | Y60: 300 | Z60: 270 | AA60: 281 | AB60: 285.2 | AC60: 273.8 | AD60: 246.4 | AE60: 283.4 | AF60: 286.2 | AG60: 304.2 | AH60: 309.7 | AI60: 272.5 | AJ60: 298.3 | AK60: 205.8 | AL60: 94.5 | AM60: 228.6 | AN60: 214.7 | AO60: 184.6 | AP60: 158 | AQ60: 215.7 | AR60: 218.4 | AS60: 235.8 | AT60: 238.2 | AU60: 253.2 | AV60: 202.2 | AW60: 194.1 | AX60: ='Corn 3'!AX60+'Corn 2'!AX60+'Corn 1'!AX60 -> 196.2 | AY60: 196.2 | AZ60: 215.8 | BA60: =AZ60-AY60 -> 19.6 | BB60: =AY60-AX60 -> 0 | BC60: =AZ60-AX60 -> 19.6 | BD60: =(AX60/AS60)^(1/5)-1 -> -0.036102086
A61: yield | B61: 797 | C61: 818 | D61: 827 | E61: 204 | F61: 173 | G61: 400 | H61: 120 | I61: 780 | J61: 580 | K61: 565 | L61: 215 | M61: 510 | N61: 550 | O61: 400 | P61: 600 | Q61: 107 | R61: 61 | S61: 704 | T61: 700 | U61: 819 | V61: 620 | W61: 66 | X61: 143 | Y61: 466 | Z61: 160 | AA61: 280 | AB61: 288 | AC61: 410 | AD61: 575 | AE61: 780 | AF61: 334 | AG61: 610 | AH61: 685 | AI61: 461 | AJ61: 640 | AK61: 117 | AL61: 167 | AM61: 411 | AN61: 271 | AO61: 120 | AP61: 345 | AQ61: 527 | AR61: 528 | AS61: 798 | AT61: 592 | AU61: 526 | AV61: 980 | AW61: 1195.8465 | AX61: 1150.5005 | AY61: 1150.5005 | AZ61: 1093 | BA61: =AZ61-AY61 -> -57.50051 | BB61: =AY61-AX61 -> 0 | BC61: =AZ61-AX61 -> -57.50051 | BD61: =(AX61/AS61)^(1/5)-1 -> 0.075912083
A62: production | B62: 325 | C62: 270 | D62: 244 | E62: 76 | F62: 64 | G62: 120 | H62: 22 | I62: 265 | J62: 212 | K62: 212 | L62: 86 | M62: 179 | N62: 193 | O62: 96 | P62: 232.2 | Q62: 33.7 | R62: 5 | S62: 255.7 | T62: 253.5 | U62: 291.5 | V62: 207.9 | W62: 7 | X62: 35.2 | Y62: 139.8 | Z62: 43.2 | AA62: 78.7 | AB62: 82.1 | AC62: 67.1 | AD62: 141.7 | AE62: 221.1 | AF62: 95.6 | AG62: 185.6 | AH62: 212.1 | AI62: 125.6 | AJ62: 190.9 | AK62: 24.1 | AL62: 15.8 | AM62: 94 | AN62: 58.2 | AO62: 22.2 | AP62: 54.6 | AQ62: 113.8 | AR62: 115.4 | AS62: 188.2 | AT62: 141 | AU62: 133.1 | AV62: 198.1 | AW62: 232.1 | AX62: ='Corn 3'!AX62+'Corn 2'!AX62+'Corn 1'!AX62 -> 225.7 | AY62: ='Corn 3'!AY62+'Corn 2'!AY62+'Corn 1'!AY62 -> 225.7 | AZ62: =AZ60*AZ61/1000 -> 235.8694 | BA62: =AZ62-AY62 -> 10.1694 | BB62: =AY62-AX62 -> 0 | BC62: =AZ62-AX62 -> 10.1694 | BD62: =(AX62/AS62)^(1/5)-1 -> 0.037008672
A63: Alagoas
A64: area | B64: 122.1 | C64: 132 | D64: 96 | E64: 137 | F64: 137 | G64: 110 | H64: 93.5 | I64: 90 | J64: 109.2 | K64: 120.1 | L64: 138.4 | M64: 128.2 | N64: 128.2 | O64: 105 | P64: 106.5 | Q64: 88 | R64: 26.4 | S64: 131 | T64: 112.3 | U64: 121.1 | V64: 118 | W64: 118 | X64: 118 | Y64: 66 | Z64: 77.9 | AA64: 57 | AB64: 57 | AC64: 79 | AD64: 79 | AE64: 83.7 | AF64: 83.7 | AG64: 72.6 | AH64: 71.3 | AI64: 58 | AJ64: 57.2 | AK64: 29.7 | AL64: 34.4 | AM64: 31 | AN64: 30.1 | AO64: 28.3 | AP64: 37.2 | AQ64: 26.2 | AR64: 33.9 | AS64: 38.4 | AT64: 44.7 | AU64: 40.2 | AV64: 58.1 | AW64: 48 | AX64: ='Corn 3'!AX64+'Corn 2'!AX64+'Corn 1'!AX64 -> 31.2 | AY64: 54.1 | AZ64: 59.5 | BA64: =AZ64-AY64 -> 5.4 | BB64: =AY64-AX64 -> 22.9 | BC64: =AZ64-AX64 -> 28.3 | BD64: =(AX64/AS64)^(1/5)-1 -> -0.040677404 | BF64: FALSE
A65: yield | B65: 604 | C65: 598 | D65: 563 | E65: 195 | F65: 350 | G65: 600 | H65: 95 | I65: 570 | J65: 570 | K65: 580 | L65: 260 | M65: 430 | N65: 470 | O65: 470 | P65: 550 | Q65: 500 | R65: 61 | S65: 545 | T65: 416 | U65: 438 | V65: 540 | W65: 540 | X65: 279 | Y65: 339 | Z65: 1501 | AA65: 663 | AB65: 316 | AC65: 599 | AD65: 615 | AE65: 630 | AF65: 550 | AG65: 611 | AH65: 654 | AI65: 720 | AJ65: 893 | AK65: 754 | AL65: 637 | AM65: 887 | AN65: 1007 | AO65: 674 | AP65: 674 | AQ65: 1091 | AR65: 1430 | AS65: 1600 | AT65: 3550 | AU65: 1320 | AV65: 2500 | AW65: 2526 | AX65: 5703 | AY65: 3120 | AZ65: 2964 | BA65: =AZ65-AY65 -> -156 | BB65: =AY65-AX65 -> -2583 | BC65: =AZ65-AX65 -> -2739 | BD65: =(AX65/AS65)^(1/5)-1 -> 0.28942676
A66: production | B66: 74 | C66: 79 | D66: 54 | E66: 27 | F66: 48 | G66: 66 | H66: 9 | I66: 51 | J66: 62 | K66: 70 | L66: 36 | M66: 55 | N66: 60 | O66: 49 | P66: 58.6 | Q66: 44 | R66: 1.6 | S66: 71.4 | T66: 46.7 | U66: 53 | V66: 63.7 | W66: 63.7 | X66: 32.9 | Y66: 22.4 | Z66: 116.9 | AA66: 37.8 | AB66: 18 | AC66: 21.7 | AD66: 48.6 | AE66: 52.7 | AF66: 46 | AG66: 44.4 | AH66: 46.6 | AI66: 41.8 | AJ66: 51.1 | AK66: 22.4 | AL66: 21.9 | AM66: 27.5 | AN66: 30.3 | AO66: 19.1 | AP66: 25.1 | AQ66: 28.6 | AR66: 48.5 | AS66: 61.4 | AT66: 158.7 | AU66: 53.1 | AV66: 145.3 | AW66: 121.2 | AX66: ='Corn 3'!AX66+'Corn 2'!AX66+'Corn 1'!AX66 -> 177.9 | AY66: ='Corn 3'!AY66+'Corn 2'!AY66+'Corn 1'!AY66 -> 102 | AZ66: =AZ64*AZ65/1000 -> 176.358 | BA66: =AZ66-AY66 -> 74.358 | BB66: =AY66-AX66 -> -75.9 | BC66: =AZ66-AX66 -> -1.542 | BD66: =(AX66/AS66)^(1/5)-1 -> 0.23709062
A67: Sergipe
A68: area | B68: 50.7 | C68: 52 | D68: 48 | E68: 54 | F68: 65 | G68: 105.9 | H68: 17.3 | I68: 71 | J68: 97 | K68: 103 | L68: 105 | M68: 76 | N68: 84 | O68: 84.9 | P68: 80 | Q68: 60 | R68: 18 | S68: 77.5 | T68: 92 | U68: 100.2 | V68: 103 | W68: 103 | X68: 87 | Y68: 87 | Z68: 90 | AA68: 100.8 | AB68: 110.9 | AC68: 132 | AD68: 127.4 | AE68: 142.7 | AF68: 144.6 | AG68: 162.7 | AH68: 172.7 | AI68: 176.8 | AJ68: 221.4 | AK68: 206.8 | AL68: 206.6 | AM68: 226.6 | AN68: 176.2 | AO68: 177 | AP68: 172 | AQ68: 143 | AR68: 147.9 | AS68: 153.7 | AT68: 174.8 | AU68: 182.2 | AV68: 183.6 | AW68: 183.6 | AX68: ='Corn 3'!AX68+'Corn 2'!AX68+'Corn 1'!AX68 -> 190.4 | AY68: 183.6 | AZ68: 202 | BA68: =AZ68-AY68 -> 18.4 | BB68: =AY68-AX68 -> -6.8 | BC68: =AZ68-AX68 -> 11.6 | BD68: =(AX68/AS68)^(1/5)-1 -> 0.043755111
A69: yield | B69: 720 | C69: 673 | D69: 625 | E69: 519 | F69: 692 | G69: 834 | H69: 98 | I69: 700 | J69: 700 | K69: 875 | L69: 291 | M69: 889 | N69: 930 | O69: 960 | P69: 870 | Q69: 530 | R69: 150 | S69: 889 | T69: 926 | U69: 1111 | V69: 916 | W69: 916 | X69: 1351 | Y69: 1100 | Z69: 1100 | AA69: 478 | AB69: 1200 | AC69: 1200 | AD69: 1300 | AE69: 1330 | AF69: 1366 | AG69: 2774 | AH69: 3560 | AI69: 4088 | AJ69: 4192 | AK69: 2629 | AL69: 4557 | AM69: 4670 | AN69: 3794 | AO69: 795 | AP69: 4721 | AQ69: 808 | AR69: 5191 | AS69: 5969 | AT69: 4172 | AU69: 4940 | AV69: 4879 | AW69: 5078 | AX69: 5985 | AY69: 5958 | AZ69: 5660.1 | BA69: =AZ69-AY69 -> -297.9 | BB69: =AY69-AX69 -> -27 | BC69: =AZ69-AX69 -> -324.9 | BD69: =(AX69/AS69)^(1/5)-1 -> 0.00053552931
A70: production | B70: 37 | C70: 35 | D70: 30 | E70: 28 | F70: 45 | G70: 88 | H70: 2 | I70: 50 | J70: 68 | K70: 90 | L70: 31 | M70: 68 | N70: 78 | O70: 82 | P70: 69.6 | Q70: 31.8 | R70: 2.7 | S70: 68.9 | T70: 85.2 | U70: 111.3 | V70: 94.3 | W70: 94.3 | X70: 117.5 | Y70: 95.7 | Z70: 99 | AA70: 48.2 | AB70: 133.1 | AC70: 126.2 | AD70: 165.6 | AE70: 189.8 | AF70: 197.5 | AG70: 451.3 | AH70: 614.8 | AI70: 722.8 | AJ70: 928.1 | AK70: 543.7 | AL70: 941.5 | AM70: 1058.2 | AN70: 668.5 | AO70: 140.7 | AP70: 812 | AQ70: 115.5 | AR70: 767.7 | AS70: 917.4 | AT70: 729.3 | AU70: 900.1 | AV70: 895.8 | AW70: 932.3 | AX70: ='Corn 3'!AX70+'Corn 2'!AX70+'Corn 1'!AX70 -> 1139.5 | AY70: ='Corn 3'!AY70+'Corn 2'!AY70+'Corn 1'!AY70 -> 1134.4 | AZ70: =AZ68*AZ69/1000 -> 1143.3402 | BA70: =AZ70-AY70 -> 8.9402 | BB70: =AY70-AX70 -> -5.1 | BC70: =AZ70-AX70 -> 3.8402 | BD70: =(AX70/AS70)^(1/5)-1 -> 0.044314045
A71: Bahia
A72: area | B72: 313 | C72: 278 | D72: 327 | E72: 437 | F72: 620 | G72: 678 | H72: 424.2 | I72: 420.4 | J72: 418 | K72: 507.9 | L72: 647 | M72: 728 | N72: 553.8 | O72: 428.9 | P72: 557 | Q72: 642.1 | R72: 489.2 | S72: 490.3 | T72: 496 | U72: 567.6 | V72: 681.3 | W72: 504.7 | X72: 660 | Y72: 654.2 | Z72: 705.5 | AA72: 672.6 | AB72: 797.3 | AC72: 734.9 | AD72: 802.6 | AE72: 777.9 | AF72: 833.1 | AG72: 831.2 | AH72: 818.8 | AI72: 806.9 | AJ72: 789.9 | AK72: 605 | AL72: 628.4 | AM72: 812.5 | AN72: 764.3 | AO72: 618.7 | AP72: 646.9 | AQ72: 611.2 | AR72: 592.2 | AS72: 592.6 | AT72: 753.8 | AU72: 814 | AV72: 853.4 | AW72: 766.5 | AX72: ='Corn 3'!AX72+'Corn 2'!AX72+'Corn 1'!AX72 -> 732.1 | AY72: 746.3 | AZ72: 761.2 | BA72: =AZ72-AY72 -> 14.9 | BB72: =AY72-AX72 -> 14.2 | BC72: =AZ72-AX72 -> 29.1 | BD72: =(AX72/AS72)^(1/5)-1 -> 0.043186005 | BF72: FALSE
A73: yield | B73: 674 | C73: 802 | D73: 920 | E73: 740 | F73: 331 | G73: 355 | H73: 291 | I73: 203 | J73: 834 | K73: 622 | L73: 257 | M73: 343 | N73: 497 | O73: 268 | P73: 831 | Q73: 814 | R73: 578 | S73: 1273 | T73: 1529 | U73: 1213 | V73: 1763 | W73: 1488 | X73: 1532 | Y73: 1997 | Z73: 1436 | AA73: 1063 | AB73: 1755 | AC73: 2167 | AD73: 2039 | AE73: 1491 | AF73: 2037 | AG73: 2366 | AH73: 2449 | AI73: 2822 | AJ73: 2883 | AK73: 3594 | AL73: 3022 | AM73: 3917 | AN73: 3629 | AO73: 2340 | AP73: 3067 | AQ73: 3755 | AR73: 2753 | AS73: 4190 | AT73: 3614 | AU73: 4144 | AV73: 4604 | AW73: 3859.424 | AX73: 3828.5643 | AY73: 4186.4763 | AZ73: 4228.3 | BA73: =AZ73-AY73 -> 41.82367 | BB73: =AY73-AX73 -> 357.91206 | BC73: =AZ73-AX73 -> 399.73573 | BD73: =(AX73/AS73)^(1/5)-1 -> -0.017880388
A74: production | B74: 211 | C74: 223 | D74: 301 | E74: 323 | F74: 205 | G74: 241 | H74: 124 | I74: 85 | J74: 349 | K74: 316 | L74: 166 | M74: 250 | N74: 276 | O74: 115 | P74: 462.9 | Q74: 522.4 | R74: 283 | S74: 624.3 | T74: 758.5 | U74: 688.6 | V74: 1201 | W74: 751 | X74: 1010.9 | Y74: 1306.2 | Z74: 1013.1 | AA74: 715 | AB74: 1399.2 | AC74: 1656.8 | AD74: 1636.2 | AE74: 1159.5 | AF74: 1696.7 | AG74: 1966.6 | AH74: 2005.2 | AI74: 2277.1 | AJ74: 2277.4 | AK74: 2174.3 | AL74: 1899.3 | AM74: 3182.3 | AN74: 2773.4 | AO74: 1447.9 | AP74: 1983.7 | AQ74: 2294.8 | AR74: 1630.1 | AS74: 2482.8 | AT74: 2724.3 | AU74: 3373.5 | AV74: 3928.7 | AW74: 2958.2 | AX74: ='Corn 3'!AX74+'Corn 2'!AX74+'Corn 1'!AX74 -> 2802.9 | AY74: ='Corn 3'!AY74+'Corn 2'!AY74+'Corn 1'!AY74 -> 2865.2 | AZ74: =AZ72*AZ73/1000 -> 3218.582 | BA74: =AZ74-AY74 -> 353.38196 | BB74: =AY74-AX74 -> 62.3 | BC74: =AZ74-AX74 -> 415.68196 | BD74: =(AX74/AS74)^(1/5)-1 -> 0.024550037
A75: Center West
A76: area | B76: 1112.6 | C76: 1064 | D76: 1029 | E76: 1004.7 | F76: 1097 | G76: 1194.2 | H76: 1140.5 | I76: 1192.8 | J76: 1136.5 | K76: 1439.8 | L76: 1764.6 | M76: 1641.2 | N76: 1678.3 | O76: 1549.8 | P76: 1564 | Q76: 1521.3 | R76: 1440.7 | S76: 1879.9 | T76: 1849.1 | U76: 1966.7 | V76: 2174 | W76: 1663.4 | X76: 1942 | Y76: 1975.6 | Z76: 2028.6 | AA76: 1994.3 | AB76: 2327.8 | AC76: 2308.9 | AD76: 2264.8 | AE76: 2372.5 | AF76: 3259.7 | AG76: 3774.7 | AH76: 3528.1 | AI76: 3723.3 | AJ76: 3857.5 | AK76: 5291.8 | AL76: 6202.9 | AM76: 6202.2 | AN76: 6480.2 | AO76: 7067.4 | AP76: 8014.7 | AQ76: 7742.1 | AR76: 8524.2 | AS76: 9283.5 | AT76: 9908.8 | AU76: 10713.4 | AV76: 11650.5 | AW76: 10983 | AX76: ='Corn 3'!AX76+'Corn 2'!AX76+'Corn 1'!AX76 -> 11394.3 | AY76: ='Corn 3'!AY76+'Corn 2'!AY76+'Corn 1'!AY76 -> 11878.6 | AZ76: =AZ80+AZ84+AZ88+AZ92 -> 12116.1 | BA76: =AZ76-AY76 -> 237.5 | BB76: =AY76-AX76 -> 484.3 | BC76: =AZ76-AX76 -> 721.8 | BD76: =(AX76/AS76)^(1/5)-1 -> 0.041825976 | BF76: FALSE
A77: yield | B77: 1745 | C77: 1269 | D77: 1802 | E77: 2070 | F77: 1902 | G77: 2058 | H77: 2100 | I77: 1813 | J77: 2099 | K77: 2181 | L77: 2524 | M77: 2726 | N77: 3039 | O77: 2155 | P77: 2881 | Q77: 3016 | R77: 2944 | S77: 3044 | T77: 3448 | U77: 3441 | V77: 3572 | W77: 3228 | X77: 3343 | Y77: 3231 | Z77: 4059 | AA77: 3554 | AB77: 4266 | AC77: 4031 | AD77: 3454 | AE77: 4043 | AF77: 3986 | AG77: 4421 | AH77: 4411 | AI77: 4541 | AJ77: 4489 | AK77: 5880 | AL77: 5789 | AM77: 5652 | AN77: 6108 | AO77: 3996 | AP77: 6098 | AQ77: 5354 | AR77: 6197 | AS77: 6122 | AT77: 4892 | AU77: 5993 | AV77: 6641 | AW77: 6242.3043 | AX77: 7329.9696 | AY77: 6854.4825 | AZ77: =AZ78/AZ76*1000 -> 6923.0532 | BA77: =AZ77-AY77 -> 68.570714 | BB77: =AY77-AX77 -> -475.48714 | BC77: =AZ77-AX77 -> -406.91643 | BD77: =(AX77/AS77)^(1/5)-1 -> 0.036672958
A78: production | B78: 1942 | C78: 1350 | D78: 1854 | E78: 2080 | F78: 2087 | G78: 2457 | H78: 2395 | I78: 2162 | J78: 2386 | K78: 3140 | L78: 4453 | M78: 4473 | N78: 5100 | O78: 3340 | P78: 4505.9 | Q78: 4588 | R78: 4241.8 | S78: 5722.1 | T78: 6375.4 | U78: 6767.6 | V78: 7766.4 | W78: 5369.3 | X78: 6492.9 | Y78: 6383 | Z78: 8234.3 | AA78: 7088.2 | AB78: 9931.4 | AC78: 9355 | AD78: 7823.1 | AE78: 9592.2 | AF78: 12994 | AG78: 16686.2 | AH78: 15564.1 | AI78: 16906.8 | AJ78: 17315.6 | AK78: 31116.3 | AL78: 35910.6 | AM78: 35053.8 | AN78: 39582.1 | AO78: 28244.4 | AP78: 48873.7 | AQ78: 41451.2 | AR78: 52825.9 | AS78: 56836 | AT78: 48470.1 | AU78: 64210.1 | AV78: 77369.5 | AW78: 68559.3 | AX78: ='Corn 3'!AX78+'Corn 2'!AX78+'Corn 1'!AX78 -> 83519.9 | AY78: ='Corn 3'!AY78+'Corn 2'!AY78+'Corn 1'!AY78 -> 81421.8 | AZ78: =AZ82+AZ86+AZ90+AZ94 -> 83880.405 | BA78: =AZ78-AY78 -> 2458.605 | BB78: =AY78-AX78 -> -2098.1 | BC78: =AZ78-AX78 -> 360.50502 | BD78: =(AX78/AS78)^(1/5)-1 -> 0.080023716
A79: MatoGrosso
A80: area | B80: 247.3 | C80: 179 | D80: 76 | E80: 86 | F80: 110 | G80: 158 | H80: 197.5 | I80: 217.3 | J80: 236 | K80: 275 | L80: 310 | M80: 353.4 | N80: 352 | O80: 320 | P80: 290 | Q80: 305 | R80: 363.4 | S80: 449.7 | T80: 455 | U80: 562.1 | V80: 631.7 | W80: 528.4 | X80: 553.9 | Y80: 557.5 | Z80: 542.9 | AA80: 738.6 | AB80: 879.3 | AC80: 970.9 | AD80: 1058.7 | AE80: 1046.8 | AF80: 1592.3 | AG80: 1834.6 | AH80: 1640.6 | AI80: 1990.1 | AJ80: 1898.4 | AK80: 2739.9 | AL80: 3424.7 | AM80: 3298.2 | AN80: 3416.5 | AO80: 3800.1 | AP80: 4639.1 | AQ80: 4498.4 | AR80: 4906.4 | AS80: 5455.6 | AT80: 5884.3 | AU80: 6547.4 | AV80: 7428.1 | AW80: 7055 | AX80: ='Corn 3'!AX80+'Corn 2'!AX80+'Corn 1'!AX80 -> 7287.4 | AY80: ='Corn 3'!AY80+'Corn 2'!AY80+'Corn 1'!AY80 -> 7566 | AZ80: 7717.3 | BA80: =AZ80-AY80 -> 151.3 | BB80: =AY80-AX80 -> 278.6 | BC80: =AZ80-AX80 -> 429.9 | BD80: =(AX80/AS80)^(1/5)-1 -> 0.059609925 | BF80: FALSE
A81: yield | B81: 1558 | C81: 1397 | D81: 1553 | E81: 1658 | F81: 1682 | G81: 1759 | H81: 1760 | I81: 1650 | J81: 1700 | K81: 1900 | L81: 2250 | M81: 2140 | N81: 2350 | O81: 2330 | P81: 2410 | Q81: 2642 | R81: 2573 | S81: 2609 | T81: 2828 | U81: 2679 | V81: 2808 | W81: 2552 | X81: 2260 | Y81: 2632 | Z81: 3396 | AA81: 2978 | AB81: 3671 | AC81: 3450 | AD81: 3197 | AE81: 3848 | AF81: 3683 | AG81: 4255 | AH81: 4926 | AI81: 4079 | AJ81: 4014 | AK81: 5697 | AL81: 5809 | AM81: 5473 | AN81: 6077 | AO81: 4019 | AP81: 6223 | AQ81: 5869 | AR81: 6381 | AS81: 6407 | AT81: 5650 | AU81: 6357 | AV81: 6898 | AW81: 6916.4109 | AX81: 7620.8512 | AY81: 7166.1061 | AZ81: 7237.8 | BA81: =AZ81-AY81 -> 71.693894 | BB81: =AY81-AX81 -> -454.7451 | BC81: =AZ81-AX81 -> -383.05121 | BD81: =(AX81/AS81)^(1/5)-1 -> 0.035308433
A82: production | B82: 385 | C82: 250 | D82: 118 | E82: 143 | F82: 185 | G82: 278 | H82: 348 | I82: 359 | J82: 401 | K82: 523 | L82: 698 | M82: 756 | N82: 827 | O82: 746 | P82: 698.9 | Q82: 805.8 | R82: 935.2 | S82: 1173.1 | T82: 1286.9 | U82: 1505.7 | V82: 1773.8 | W82: 1348.4 | X82: 1251.7 | Y82: 1467.2 | Z82: 1843.6 | AA82: 2199.8 | AB82: 3227.8 | AC82: 3446.4 | AD82: 3384.4 | AE82: 4028.3 | AF82: 5864.9 | AG82: 7806.8 | AH82: 8081.7 | AI82: 8118.1 | AJ82: 7619.7 | AK82: 15610.4 | AL82: 19893 | AM82: 18049.4 | AN82: 20763.4 | AO82: 15271.6 | AP82: 28867 | AQ82: 26400.6 | AR82: 31307.2 | AS82: 34954.5 | AT82: 33243.9 | AU82: 41620.1 | AV82: 51240.6 | AW82: 48795.3 | AX82: ='Corn 3'!AX82+'Corn 2'!AX82+'Corn 1'!AX82 -> 55536.2 | AY82: ='Corn 3'!AY82+'Corn 2'!AY82+'Corn 1'!AY82 -> 54218.8 | AZ82: =AZ81*AZ80/1000 -> 55856.274 | BA82: =AZ82-AY82 -> 1637.4739 | BB82: =AY82-AX82 -> -1317.4 | BC82: =AZ82-AX82 -> 320.07394 | BD82: =(AX82/AS82)^(1/5)-1 -> 0.097020171
A83: MatoGrosso do Sul
A84: area | B84: 0 | C84: 0 | D84: 101 | E84: 108.6 | F84: 132 | G84: 145 | H84: 127.6 | I84: 159.5 | J84: 159.5 | K84: 215.3 | L84: 258 | M84: 250 | N84: 265 | O84: 283 | P84: 360 | Q84: 369.7 | R84: 367.9 | S84: 503.2 | T84: 497 | U84: 452.8 | V84: 550.3 | W84: 451.5 | X84: 513.7 | Y84: 513.8 | Z84: 545.9 | AA84: 481.2 | AB84: 701.9 | AC84: 628.3 | AD84: 564.4 | AE84: 623.4 | AF84: 838.2 | AG84: 988.3 | AH84: 938.5 | AI84: 887.5 | AJ84: 992.8 | AK84: 1267.7 | AL84: 1509 | AM84: 1574.5 | AN84: 1635.5 | AO84: 1681 | AP84: 1787.9 | AQ84: 1735.5 | AR84: 1876 | AS84: 1855 | AT84: 2125.9 | AU84: 2180.3 | AV84: 2262.6 | AW84: 2136.1 | AX84: ='Corn 3'!AX84+'Corn 2'!AX84+'Corn 1'!AX84 -> 2081.6 | AY84: ='Corn 3'!AY84+'Corn 2'!AY84+'Corn 1'!AY84 -> 2194.5 | AZ84: 2238.4 | BA84: =AZ84-AY84 -> 43.9 | BB84: =AY84-AX84 -> 112.9 | BC84: =AZ84-AX84 -> 156.8 | BD84: =(AX84/AS84)^(1/5)-1 -> 0.023318141 | BF84: FALSE
A85: yield (kg/ha) | B85: 0 | C85: 0 | D85: 1743 | E85: 1726 | F85: 1780 | G85: 1766 | H85: 2000 | I85: 1800 | J85: 2000 | K85: 1550 | L85: 2440 | M85: 2630 | N85: 2900 | O85: 2271 | P85: 2663 | Q85: 2352 | R85: 2425 | S85: 2323 | T85: 2970 | U85: 3319 | V85: 3576 | W85: 2977 | X85: 3275 | Y85: 2323 | Z85: 3984 | AA85: 2796 | AB85: 4331 | AC85: 3818 | AD85: 2475 | AE85: 3595 | AF85: 3521 | AG85: 3566 | AH85: 2463 | AI85: 4211 | AJ85: 3448 | AK85: 5188 | AL85: 5183 | AM85: 5195 | AN85: 5676 | AO85: 3730 | AP85: 5521 | AQ85: 3734 | AR85: 5067 | AS85: 4735 | AT85: 3024 | AU85: 5715 | AV85: 5795 | AW85: 3782.85 | AX85: 6390.2358 | AY85: 5734.0274 | AZ85: 5791.4 | BA85: =AZ85-AY85 -> 57.372568 | BB85: =AY85-AX85 -> -656.20835 | BC85: =AZ85-AX85 -> -598.83578 | BD85: =(AX85/AS85)^(1/5)-1 -> 0.061791831
A86: production (MMT) | B86: 0 | C86: 0 | D86: 176 | E86: 187 | F86: 235 | G86: 256 | H86: 255 | I86: 287 | J86: 319 | K86: 334 | L86: 630 | M86: 658 | N86: 769 | O86: 643 | P86: 958.5 | Q86: 869.4 | R86: 892.3 | S86: 1169 | T86: 1476.3 | U86: 1503 | V86: 1967.8 | W86: 1343.9 | X86: 1682.4 | Y86: 1193.6 | Z86: 2174.7 | AA86: 1345.6 | AB86: 3039.7 | AC86: 2353 | AD86: 1396.9 | AE86: 2241 | AF86: 2951.4 | AG86: 3524.3 | AH86: 2311.9 | AI86: 3737.3 | AJ86: 3423.2 | AK86: 6576.4 | AL86: 7820.7 | AM86: 8179.6 | AN86: 9282.9 | AO86: 6269.5 | AP86: 9870.6 | AQ86: 6481 | AR86: 9505.6 | AS86: 8783 | AT86: 6429 | AU86: 12460.3 | AV86: 13112.2 | AW86: 8080.5 | AX86: ='Corn 3'!AX86+'Corn 2'!AX86+'Corn 1'!AX86 -> 13301.9 | AY86: ='Corn 3'!AY86+'Corn 2'!AY86+'Corn 1'!AY86 -> 12583.3 | AZ86: =AZ85*AZ84/1000 -> 12963.47 | BA86: =AZ86-AY86 -> 380.16976 | BB86: =AY86-AX86 -> -718.6 | BC86: =AZ86-AX86 -> -338.43024 | BD86: =(AX86/AS86)^(1/5)-1 -> 0.086561116
A87: Goiás
A88: area | B88: 863 | C88: 885 | D88: 852 | E88: 810.1 | F88: 855 | G88: 888.7 | H88: 813 | I88: 813 | J88: 737 | K88: 943.4 | L88: 1183 | M88: 1019.3 | N88: 1045.8 | O88: 930 | P88: 890 | Q88: 822 | R88: 692.1 | S88: 906.1 | T88: 875.3 | U88: 926.5 | V88: 964.6 | W88: 659.7 | X88: 840.4 | Y88: 871.8 | Z88: 906.1 | AA88: 746.3 | AB88: 715 | AC88: 676.8 | AD88: 605 | AE88: 662.8 | AF88: 785 | AG88: 903.5 | AH88: 910 | AI88: 812.5 | AJ88: 933.9 | AK88: 1241.9 | AL88: 1215.8 | AM88: 1240.5 | AN88: 1363 | AO88: 1521.1 | AP88: 1520.7 | AQ88: 1444.6 | AR88: 1677 | AS88: 1911.7 | AT88: 1838.7 | AU88: 1919.6 | AV88: 1903.7 | AW88: 1741.4 | AX88: ='Corn 3'!AX88+'Corn 2'!AX88+'Corn 1'!AX88 -> 1969.1 | AY88: ='Corn 3'!AY88+'Corn 2'!AY88+'Corn 1'!AY88 -> 2061.9 | AZ88: 2103.1 | BA88: =AZ88-AY88 -> 41.2 | BB88: =AY88-AX88 -> 92.8 | BC88: =AZ88-AX88 -> 134 | BD88: =(AX88/AS88)^(1/5)-1 -> 0.0059342759 | BF88: FALSE
A89: yield (kg/ha) | B89: 1800 | C89: 1243 | D89: 1831 | E89: 2160 | F89: 1950 | G89: 2160 | H89: 2200 | I89: 1860 | J89: 2250 | K89: 2400 | L89: 2600 | M89: 2941 | N89: 3300 | O89: 2050 | P89: 3100 | Q89: 3440 | R89: 3396 | S89: 3633 | T89: 4032 | U89: 3945 | V89: 4042 | W89: 3888 | X89: 4060 | Y89: 4097 | Z89: 4503 | AA89: 4549 | AB89: 4873 | AC89: 4983 | AD89: 4653 | AE89: 4660 | AF89: 4952 | AG89: 5568 | AH89: 5383 | AI89: 5903 | AJ89: 6435 | AK89: 6905 | AL89: 6330 | AM89: 6448 | AN89: 6599 | AO89: 4228 | AP89: 6342 | AQ89: 5615 | AR89: 6853 | AS89: 6600 | AT89: 4585 | AU89: 5076 | AV89: 6640 | AW89: 6509.3911 | AX89: 7245.0316 | AY89: 6893.4577 | AZ89: 6962.4 | BA89: =AZ89-AY89 -> 68.942315 | BB89: =AY89-AX89 -> -351.5739 | BC89: =AZ89-AX89 -> -282.63159 | BD89: =(AX89/AS89)^(1/5)-1 -> 0.018824241
A90: production (MMT) | B90: 1553 | C90: 1100 | D90: 1560 | E90: 1750 | F90: 1667 | G90: 1920 | H90: 1789 | I90: 1512 | J90: 1658 | K90: 2264 | L90: 3076 | M90: 2998 | N90: 3451 | O90: 1907 | P90: 2759 | Q90: 2827.9 | R90: 2350.5 | S90: 3292 | T90: 3529.3 | U90: 3654.7 | V90: 3898.6 | W90: 2565.1 | X90: 3412.2 | Y90: 3571.8 | Z90: 4080.4 | AA90: 3394.7 | AB90: 3484.3 | AC90: 3372.3 | AD90: 2814.8 | AE90: 3088.8 | AF90: 3887.5 | AG90: 5031.1 | AH90: 4898.9 | AI90: 4796 | AJ90: 6009.8 | AK90: 8575.9 | AL90: 7696.1 | AM90: 7999.1 | AN90: 8993.9 | AO90: 6430.5 | AP90: 9644.2 | AQ90: 8111.7 | AR90: 11492 | AS90: 12616.9 | AT90: 8431 | AU90: 9744.6 | AV90: 12641.1 | AW90: 11335.5 | AX90: ='Corn 3'!AX90+'Corn 2'!AX90+'Corn 1'!AX90 -> 14266.2 | AY90: ='Corn 3'!AY90+'Corn 2'!AY90+'Corn 1'!AY90 -> 14213.7 | AZ90: =AZ89*AZ88/1000 -> 14642.623 | BA90: =AZ90-AY90 -> 428.92344 | BB90: =AY90-AX90 -> -52.5 | BC90: =AZ90-AX90 -> 376.42344 | BD90: =(AX90/AS90)^(1/5)-1 -> 0.024875543
A91: Distrito Federal
A92: area | B92: 2.3 | C92: 0 | D92: 0 | E92: 0 | F92: 0 | G92: 2.5 | H92: 2.4 | I92: 3 | J92: 4 | K92: 6.1 | L92: 13.6 | M92: 18.5 | N92: 15.5 | O92: 16.8 | P92: 24 | Q92: 24.6 | R92: 17.3 | S92: 20.9 | T92: 21.8 | U92: 25.3 | V92: 27.4 | W92: 23.8 | X92: 34 | Y92: 32.5 | Z92: 33.7 | AA92: 28.2 | AB92: 31.6 | AC92: 32.9 | AD92: 36.7 | AE92: 39.5 | AF92: 44.2 | AG92: 48.3 | AH92: 39 | AI92: 33.2 | AJ92: 32.4 | AK92: 42.3 | AL92: 53.4 | AM92: 89 | AN92: 65.2 | AO92: 65.2 | AP92: 67 | AQ92: 63.6 | AR92: 64.8 | AS92: 61.2 | AT92: 59.9 | AU92: 66.1 | AV92: 56.1 | AW92: 50.5 | AX92: ='Corn 3'!AX92+'Corn 2'!AX92+'Corn 1'!AX92 -> 56.2 | AY92: ='Corn 3'!AY92+'Corn 2'!AY92+'Corn 1'!AY92 -> 56.2 | AZ92: 57.3 | BA92: =AZ92-AY92 -> 1.1 | BB92: =AY92-AX92 -> 0 | BC92: =AZ92-AX92 -> 1.1 | BD92: =(AX92/AS92)^(1/5)-1 -> -0.016901624 | BF92: FALSE
A93: yield | B93: 1217 | C93: 0 | D93: 0 | E93: 0 | F93: 0 | G93: 1440 | H93: 1542 | I93: 1500 | J93: 1800 | K93: 3148 | L93: 3691 | M93: 3330 | N93: 3439 | O93: 2702 | P93: 3729 | Q93: 3451 | R93: 3688 | S93: 4211 | T93: 3803 | U93: 4119 | V93: 4606 | W93: 4702 | X93: 4312 | Y93: 4628 | Z93: 4024 | AA93: 5252 | AB93: 5684 | AC93: 5571 | AD93: 6185 | AE93: 5927 | AF93: 6566 | AG93: 6707 | AH93: 6965 | AI93: 7692 | AJ93: 8115 | AK93: 8358 | AL93: 9379 | AM93: 9278 | AN93: 8312 | AO93: 4184 | AP93: 7341 | AQ93: 7199 | AR93: 8042 | AS93: 7869 | AT93: 6114 | AU93: 5826 | AV93: 6696 | AW93: 6890.099 | AX93: 7394.5819 | AY93: 7223.3701 | AZ93: 7295.6 | BA93: =AZ93-AY93 -> 72.229893 | BB93: =AY93-AX93 -> -171.21174 | BC93: =AZ93-AX93 -> -98.981851 | BD93: =(AX93/AS93)^(1/5)-1 -> -0.012359672
A94: production | B94: 3 | C94: 0 | D94: 0 | E94: 0 | F94: 0 | G94: 4 | H94: 4 | I94: 5 | J94: 7 | K94: 19 | L94: 50 | M94: 62 | N94: 53 | O94: 45 | P94: 89.5 | Q94: 84.9 | R94: 63.8 | S94: 88 | T94: 82.9 | U94: 104.2 | V94: 126.2 | W94: 111.9 | X94: 146.6 | Y94: 150.4 | Z94: 135.6 | AA94: 148.1 | AB94: 179.6 | AC94: 183.3 | AD94: 227 | AE94: 234.1 | AF94: 290.2 | AG94: 324 | AH94: 271.6 | AI94: 255.4 | AJ94: 262.9 | AK94: 353.6 | AL94: 500.8 | AM94: 825.7 | AN94: 541.9 | AO94: 272.8 | AP94: 491.9 | AQ94: 457.9 | AR94: 521.1 | AS94: 481.6 | AT94: 366.2 | AU94: 385.1 | AV94: 375.6 | AW94: 348 | AX94: ='Corn 3'!AX94+'Corn 2'!AX94+'Corn 1'!AX94 -> 415.6 | AY94: ='Corn 3'!AY94+'Corn 2'!AY94+'Corn 1'!AY94 -> 406 | AZ94: =AZ93*AZ92/1000 -> 418.03788 | BA94: =AZ94-AY94 -> 12.03788 | BB94: =AY94-AX94 -> -9.6 | BC94: =AZ94-AX94 -> 2.43788 | BD94: =(AX94/AS94)^(1/5)-1 -> -0.029047885
A95: Southeast
A96: area | B96: 3191 | C96: 2969 | D96: 3059 | E96: 2731 | F96: 2940.8 | G96: 3154 | H96: 2787.9 | I96: 2945.5 | J96: 2834 | K96: 3007.8 | L96: 3221.7 | M96: 2903.3 | N96: 2983.2 | O96: 2814.7 | P96: 3170.1 | Q96: 3297.3 | R96: 3091.7 | S96: 2949.6 | T96: 2893.2 | U96: 2651.4 | V96: 2695.9 | W96: 2546.9 | X96: 2613.9 | Y96: 2494.5 | Z96: 2451.9 | AA96: 2347.1 | AB96: 2422.5 | AC96: 2465.5 | AD96: 2484.1 | AE96: 2472 | AF96: 2404.6 | AG96: 2350.9 | AH96: 2253.7 | AI96: 2113.3 | AJ96: 2146 | AK96: 2242.3 | AL96: 2203 | AM96: 2106.5 | AN96: 2060.7 | AO96: 2051.3 | AP96: 2138.9 | AQ96: 2066.9 | AR96: 2027.3 | AS96: 2054.5 | AT96: 2213.5 | AU96: 2280.9 | AV96: 2088.8 | AW96: 1916.7 | AX96: ='Corn 3'!AX96+'Corn 2'!AX96+'Corn 1'!AX96 -> 1846.6 | AY96: ='Corn 3'!AY96+'Corn 2'!AY96+'Corn 1'!AY96 -> 1932.6 | AZ96: =AZ100+AZ104+AZ108+AZ112 -> 1961.6 | BA96: =AZ96-AY96 -> 29 | BB96: =AY96-AX96 -> 86 | BC96: =AZ96-AX96 -> 115 | BD96: =(AX96/AS96)^(1/5)-1 -> -0.021111251 | BF96: FALSE
A97: yield | B97: 1744 | C97: 1528 | D97: 1713 | E97: 2016 | F97: 2051 | G97: 2138 | H97: 2181 | I97: 1948 | J97: 2189 | K97: 2237 | L97: 2295 | M97: 2513 | N97: 2511 | O97: 2010 | P97: 2586 | Q97: 2522 | R97: 2677 | S97: 2575 | T97: 2908 | U97: 2886 | V97: 3140 | W97: 3134 | X97: 3073 | Y97: 2883 | Z97: 3504 | AA97: 3790 | AB97: 4148 | AC97: 4319 | AD97: 4147 | AE97: 3904 | AF97: 4306 | AG97: 4857 | AH97: 4852 | AI97: 5071 | AJ97: 5104 | AK97: 5708 | AL97: 5755 | AM97: 5093 | AN97: 5368 | AO97: 4775 | AP97: 5820 | AQ97: 5385 | AR97: 5995 | AS97: 5726 | AT97: 4670 | AU97: 5285 | AV97: 6088 | AW97: 5123.753 | AX97: 5989.2762 | AY97: 5896.3406 | AZ97: =AZ98/AZ96*1000 -> 5925.7918 | BA97: =AZ97-AY97 -> 29.451184 | BB97: =AY97-AX97 -> -92.93566 | BC97: =AZ97-AX97 -> -63.484476 | BD97: =(AX97/AS97)^(1/5)-1 -> 0.0090312114
A98: production | B98: 5566 | C98: 4536 | D98: 5241 | E98: 5506 | F98: 6030 | G98: 6745 | H98: 6081 | I98: 5739 | J98: 6204 | K98: 6728 | L98: 7393 | M98: 7297 | N98: 7490 | O98: 5657 | P98: 8197.4 | Q98: 8317.1 | R98: 8276.4 | S98: 7594.3 | T98: 8412.3 | U98: 7651.9 | V98: 8466.1 | W98: 7982 | X98: 8031.7 | Y98: 7191.2 | Z98: 8591.9 | AA98: 8894.4 | AB98: 10047.7 | AC98: 10649.1 | AD98: 10302.8 | AE98: 9651.9 | AF98: 10353.2 | AG98: 11417.6 | AH98: 10935 | AI98: 10715.6 | AJ98: 10952.3 | AK98: 12800 | AL98: 12677.7 | AM98: 10728.4 | AN98: 11061.2 | AO98: 9794.3 | AP98: 12447.9 | AQ98: 11129.4 | AR98: 12153.4 | AS98: 11764 | AT98: 10336.4 | AU98: 12054.9 | AV98: 12716.1 | AW98: 9820.7 | AX98: ='Corn 3'!AX98+'Corn 2'!AX98+'Corn 1'!AX98 -> 11059.8 | AY98: ='Corn 3'!AY98+'Corn 2'!AY98+'Corn 1'!AY98 -> 11395.2 | AZ98: =AZ102+AZ106+AZ110+AZ114 -> 11624.033 | BA98: =AZ98-AY98 -> 228.83312 | BB98: =AY98-AX98 -> 335.4 | BC98: =AZ98-AX98 -> 564.23312 | BD98: =(AX98/AS98)^(1/5)-1 -> -0.012269529
A99: Minas Gerais
A100: area | B100: 1795.2 | C100: 1735 | D100: 1685 | E100: 1461.4 | F100: 1576.8 | G100: 1635.6 | H100: 1406.6 | I100: 1519.2 | J100: 1496 | K100: 1555.8 | L100: 1677 | M100: 1526 | N100: 1492 | O100: 1432 | P100: 1580 | Q100: 1580 | R100: 1507.3 | S100: 1507.3 | T100: 1510 | U100: 1374.1 | V100: 1409.5 | W100: 1295.3 | X100: 1328.6 | Y100: 1272.4 | Z100: 1246.4 | AA100: 1201.6 | AB100: 1269.1 | AC100: 1346.5 | AD100: 1359.7 | AE100: 1371.7 | AF100: 1398.5 | AG100: 1339.4 | AH100: 1290.4 | AI100: 1192.3 | AJ100: 1205.4 | AK100: 1312.8 | AL100: 1268.6 | AM100: 1326 | AN100: 1277.6 | AO100: 1208.4 | AP100: 1267 | AQ100: 1165.1 | AR100: 1169.4 | AS100: 1171.2 | AT100: 1314.6 | AU100: 1394.1 | AV100: 1289.1 | AW100: 1143.2 | AX100: ='Corn 3'!AX100+'Corn 2'!AX100+'Corn 1'!AX100 -> 1083.7 | AY100: ='Corn 3'!AY100+'Corn 2'!AY100+'Corn 1'!AY100 -> 1141.3 | AZ100: 1158.4 | BA100: =AZ100-AY100 -> 17.1 | BB100: =AY100-AX100 -> 57.6 | BC100: =AZ100-AX100 -> 74.7 | BD100: =(AX100/AS100)^(1/5)-1 -> -0.015409589 | BF100: FALSE
...

Sheet Brazil_corn_bal
A1: BRAZIL CORN SUPPLY AND DEMAND (Milllion Tonnes/Million Hectares)
A2: BR | B2: 75/76 | C2: 76/77 | D2: 77/78 | E2: 78/79 | F2: 79/80 | G2: 80/81 | H2: 81/82 | I2: 82/83 | J2: 83/84 | K2: 84/85 | L2: 85/86 | M2: 86/87 | N2: 87/88 | O2: 88/89 | P2: 89/90 | Q2: 90/91 | R2: 91/92 | S2: 92/93 | T2: 93/94 | U2: 94/95 | V2: 95/96 | W2: 96/97 | X2: 97/98 | Y2: 98/99 | Z2: 99/00 | AA2: 00/01 | AB2: 01/02 | AC2: 02/03 | AD2: 03/04 | AE2: 04/05 | AF2: 05/06 | AG2: 06/07 | AH2: 07/08 | AI2: 08/09 | AJ2: 09/10 | AK2: 10/11 | AL2: 11/12 | AM2: 12/13 | AN2: 13/14 | AO2: 14/15 | AP2: 15/16 | AQ2: 16/17 | AR2: 17/18 | AS2: 18/19 | AT2: 19/20 | AU2: 20/21 | AV2: 21/22 | AW2: 22/23 | AX2: 23/24 | AY2: 24/25 | AZ2: 25/26
A3: Planted Area
A4: Harvested Area | B4: 10.8 | C4: 11.118 | D4: =SUM(D107:D109)/1000 -> 11.797336 | E4: =SUM(E107:E109)/1000 -> 10.98506 | F4: =SUM(F107:F109)/1000 -> 11.304813 | G4: =SUM(G107:G109)/1000 -> 11.669883 | H4: =SUM(H107:H109)/1000 -> 12.147144 | I4: =SUM(I107:I109)/1000 -> 12.771052 | J4: =SUM(J107:J109)/1000 -> 11.658185 | K4: =SUM(K107:K109)/1000 -> 12.205629 | ... AW4: =SUM(AW107:AW109)/1000 -> 21.591 | AX4: 20.6 | AY4: =SUM(AY107:AY109)/1000 -> 22.881396 | AZ4: =SUM(AZ107:AZ109)/1000 -> 23.2332
A5: Yield | B5: =B7/B4 -> 1.5142593 | C5: =C7/C4 -> 1.5966001 | D5: =D7/D4 -> 1.6322098 | E5: =E7/E4 -> 1.2760115 | F5: =F7/F4 -> 1.4607785 | G5: =G7/G4 -> 1.6654256 | H5: =H7/H4 -> 1.7521658 | I5: =I7/I4 -> 1.6917015 | ... AX5: =AX7/AX4 -> 6.9420009 | AY5: =FORECAST(AY106,AJ5:AX5,AJ106:AX106)-0.15 -> 5.826149 | AZ5: =FORECAST(AZ106,AK5:AY5,AK106:AY106) -> 5.9725477 | BA5: =AW5/AV5-1 -> 0.19959379
A6: Carryin (Mar 1) | B6: 3.335 | C6: =B15 -> 0.3 | D6: =C15 -> 0.5 | E6: =D15 -> 1 | F6: =E15 -> 0.1 | G6: =F15 -> 0.086 | H6: =G15 -> 1.1 | I6: =H15 -> 1.348 | J6: =I15 -> 1.545 | ... AZ6: =AY15 -> 10
A7: Production | B7: 16.354 | C7: 17.751 | D7: 19.255728 | E7: 14.017063 | F7: 16.513828 | G7: 19.435322 | H7: 21.28381 | I7: 21.604808 | J7: 19.014964 | K7: 21.178201 | L7: 21.174699 | M7: 20.264774 | N7: 26.758961 | O7: 25.224273 | P7: 26.26759 | Q7: 22.25783 | R7: 24.0961 | S7: 30.7712 | T7: 29.2077 | U7: 33.1737 | V7: 37.4419 | W7: 32.4047 | X7: 35.7156 | Y7: 30.1878 | Z7: 32.3934 | AA7: 31.6405 | AB7: 42.2897 | AC7: 35.2807 | AD7: 47.4109 | AE7: 42.1285 | AF7: 34.9769 | AG7: 42.5149 | AH7: 51.3697 | AI7: 58.6522 | AJ7: 51.0039 | AK7: 56.018 | AL7: 57.407 | AM7: 72.9798 | AN7: 81.5057 | AO7: 80.052 | AP7: 84.6724 | AQ7: 66.5306 | AR7: 97.8428 | AS7: 80.7095 | AT7: 100.0427 | AU7: 102.5864 | AV7: 87.0968 | AW7: 113.1112 | AX7: ='Corn Total'!AZ134/1000 -> 143.00522 | AY7: =AY4*AY5 -> 133.31042 | AZ7: =AZ4*AZ5 -> 138.7614
A8: Imports | B8: 0 | C8: 0 | D8: 0 | E8: 1.75 | F8: 1.476 | G8: 2 | H8: 0 | I8: 0 | J8: 0.5 | K8: 0.44 | L8: 1.1 | M8: 2 | N8: 0.4 | O8: 0.05 | P8: 0.1 | Q8: 0.9 | R8: 0.7 | S8: 0.497 | T8: 1.22 | U8: 1.304 | V8: 1.407 | W8: 0.28 | X8: =X52/1000 -> 0.59691 | Y8: =Y52/1000 -> 1.812312 | Z8: =Z52/1000 -> 0.905917 | AA8: =AA52/1000 -> 1.714237 | AB8: =AB52/1000 -> 0.426921 | AC8: =AC52/1000 -> 0.374296 | AD8: =AD52/1000 -> 0.78562 | AE8: =AE52/1000 -> 0.313688 | ... AW8: =AW52/1000 -> 2.596319 | AX8: =3-0.5 -> 2.5 | AY8: =3-0.5 -> 2.5 | AZ8: =3-0.5 -> 2.5
A9: Total Supply | B9: =B6+B7+B8 -> 19.689 | C9: =C6+C7+C8 -> 18.051 | D9: =D6+D7+D8 -> 19.755728 | E9: =E6+E7+E8 -> 16.767063 | F9: =F6+F7+F8 -> 18.089828 | G9: =G6+G7+G8 -> 21.521322 | H9: =H6+H7+H8 -> 22.38381 | I9: =I6+I7+I8 -> 22.952808 | ... AZ9: =AZ6+AZ7+AZ8 -> 151.2614
A10: Feed & Residual | B10: =B12-B11 -> 14.475 | C10: =C12-C11 -> 12.674 | D10: =D12-D11 -> 13.499728 | E10: =E12-E11 -> 14.148063 | F10: =F12-F11 -> 15.103828 | G10: =G12-G11 -> 16.821322 | H10: =H12-H11 -> 17.22881 | I10: =I12-I11 -> 17.172808 | ... AZ10: =AZ12-AZ11 -> 74.761395
A11: Food/Seed/Ind | B11: 3.946 | C11: 3.366 | D11: 3.994 | E11: 2.519 | F11: 2.9 | G11: 3.6 | H11: 3.8 | I11: 3.535 | J11: 3.095 | K11: 3.08 | L11: 3.114 | M11: 3.264 | N11: 3.516 | O11: 3.04 | P11: 3.108 | Q11: 3.3 | R11: 3.38 | S11: 3 | T11: 3.7 | U11: 5 | V11: 5.1 | W11: 5.1 | X11: 5 | Y11: 4.9 | Z11: 5 | AA11: 5 | AB11: 5.5 | AC11: 5.8 | AD11: 5.8 | AE11: 6.4 | AF11: 6.5 | AG11: 6.5 | AH11: 6.5 | AI11: 7 | AJ11: 7 | AK11: 7 | AL11: 7.5 | AM11: 8 | AN11: 9 | AO11: 9 | AP11: 8.5 | AQ11: 9.5 | AR11: 9.5 | AS11: 10 | AT11: 10 | AU11: 10 | AV11: 10 | AW11: 10 | AX11: 10.5 | AY11: 10.5 | AZ11: 10.5
A12: Domestic Use | B12: =B14-B13 -> 18.421 | C12: =C14-C13 -> 16.04 | D12: =D14-D13 -> 17.493728 | E12: =E14-E13 -> 16.667063 | F12: =F14-F13 -> 18.003828 | G12: =G14-G13 -> 20.421322 | H12: =H14-H13 -> 21.02881 | I12: =I14-I13 -> 20.707808 | ... AZ12: =AZ14-AZ13 -> 85.261395
A13: Exports | B13: 0.968 | C13: 1.511 | D13: 1.262 | E13: 0 | F13: 0 | G13: 0 | H13: 0.007 | I13: 0.7 | J13: 0.45 | K13: 0.385 | L13: 0.056 | M13: 0 | N13: 0 | O13: 0 | P13: 0 | Q13: 0 | R13: 0 | S13: 0 | T13: 0.009 | U13: 0.004 | V13: 0.056 | W13: 0.267 | X13: =X36/1000 -> 0.092367 | Y13: =Y36/1000 -> 0.006054 | Z13: =Z36/1000 -> 0.008075 | AA13: =AA36/1000 -> 0.43882501 | AB13: =AB36/1000 -> 6.4530827 | AC13: =AC36/1000 -> 1.916458 | AD13: =AD36/1000 -> 5.2400822 | AE13: =AE36/1000 -> 4.0590778 | ... AW13: =AW36/1000 -> 48.138042 | AX13: =50-2.5+2.5+2 -> 52 | AY13: =50-2.5+2.5+2+2-4 -> 50 | AZ13: =50-2.5+2.5+2+2+2 -> 56
A14: Total Use | B14: =B9-B15 -> 19.389 | C14: =C9-C15 -> 17.551 | D14: =D9-D15 -> 18.755728 | E14: =E9-E15 -> 16.667063 | F14: =F9-F15 -> 18.003828 | G14: =G9-G15 -> 20.421322 | H14: =H9-H15 -> 21.03581 | I14: =I9-I15 -> 21.407808 | ... AZ14: =AZ9-AZ15 -> 141.2614
A15: Carryout (Feb 28) | B15: 0.3 | C15: 0.5 | D15: 1 | E15: 0.1 | F15: 0.086 | G15: 1.1 | H15: 1.348 | I15: 1.545 | J15: 0.3 | K15: 0.555 | L15: 1.155 | M15: 1.155 | N15: 1.889 | O15: 2.689 | P15: 3.951 | Q15: 1.351 | R15: 0.751 | S15: 3.378 | T15: 3.589 | U15: 4.823 | V15: 7.614 | W15: 3.507 | X15: 3.335 | Y15: 1.751 | Z15: 2.116 | AA15: 1.667 | AB15: 2.686 | AC15: 1.5 | AD15: 6.258 | AE15: 7.878 | AF15: 4.193 | AG15: 3.017 | AH15: 3.094 | AI15: 10.581 | AJ15: 10.086 | AK15: 6.491 | AL15: 6.278 | AM15: 4.212 | AN15: 9.15 | AO15: 13.972 | AP15: 15.8762 | AQ15: 5.2314 | AR15: 15.876203 | AS15: 14.582126 | AT15: 10.189424 | AU15: 10.673818 | AV15: 7.7817592 | AW15: 7.1898592 | AX15: 10 | AY15: 10 | AZ15: 10
A16: Stocks/Use | B16: =B15/B14 -> 0.015472691 | C16: =C15/C14 -> 0.028488405 | D16: =D15/D14 -> 0.053317045 | E16: =E15/E14 -> 0.0059998573 | F16: =F15/F14 -> 0.0047767619 | G16: =G15/G14 -> 0.053865269 | H16: =H15/H14 -> 0.064081202 | I16: =I15/I14 -> 0.07216993 | ... AZ16: =AZ15/AZ14 -> 0.070790749
A17: Exports (Sep/Aug) | Y17: =SUM(X30:X35,Y24:Y29)/1000 -> 0.006321 | Z17: =SUM(Y30:Y35,Z24:Z29)/1000 -> 0.007928 | AA17: =SUM(Z30:Z35,AA24:AA29)/1000 -> 0.006771 | AB17: =SUM(AA30:AA35,AB24:AB29)/1000 -> 3.7495988 | AC17: =SUM(AB30:AB35,AC24:AC29)/1000 -> 3.9584719 | AD17: =SUM(AC30:AC35,AD24:AD29)/1000 -> 3.028536 | AE17: =SUM(AD30:AD35,AE24:AE29)/1000 -> 5.8239881 | AF17: =SUM(AE30:AE35,AF24:AF29)/1000 -> 1.729742 | ... AV17: =SUM(AU30:AU35,AV24:AV29)/1000 -> 30.943503
A18: Exports (Oct/Sep) | Y18: =SUM(X31:X35,Y24:Y30)/1000 -> 0.006057 | Z18: =SUM(Y31:Y35,Z24:Z30)/1000 -> 0.007984 | AA18: =SUM(Z31:Z35,AA24:AA30)/1000 -> 0.006687 | AB18: =SUM(AA31:AA35,AB24:AB30)/1000 -> 4.0980358 | AC18: =SUM(AB31:AB35,AC24:AC30)/1000 -> 3.8066316 | AD18: =SUM(AC31:AC35,AD24:AD30)/1000 -> 3.3236449 | AE18: =SUM(AD31:AD35,AE24:AE30)/1000 -> 5.6475494 | AF18: =SUM(AE31:AE35,AF24:AF30)/1000 -> 1.4158874 | ... AV18: =SUM(AU31:AU35,AV24:AV30)/1000 -> 27.422412
B19: 1975 | C19: 1976 | D19: 1977 | E19: 1978 | F19: 1979 | G19: 1980 | H19: 1981 | I19: 1982 | J19: 1983 | K19: 1984 | L19: 1985 | M19: 1986 | N19: 1987 | O19: 1988 | P19: 1989 | Q19: 1990 | R19: 1991 | S19: 1992 | T19: 1993 | U19: 1994 | V19: 1995 | W19: 1996 | X19: 1997 | Y19: 1998 | Z19: 1999 | AA19: 2000 | AB19: 2001 | AC19: 2002 | AD19: 2003 | AE19: 2004 | AF19: 2005 | AG19: 2006 | AH19: 2007 | AI19: 2008 | AJ19: 2009 | AK19: 2010 | AL19: 2011 | AM19: 2012 | AN19: 2013 | AO19: 2014 | AP19: 2015 | AQ19: 2016 | AR19: 2017 | AS19: 2018 | AT19: 2019 | AU19: 2020 | AV19: 2021 | AW19: 2022 | AX19: 2023
A20: Bold numbers are Jacobsen projections
A22: CORN EXPORTS (1,000 Tonnes)
B23: =B2 -> 75/76 | C23: =C2 -> 76/77 | D23: =D2 -> 77/78 | E23: =E2 -> 78/79 | F23: =F2 -> 79/80 | G23: =G2 -> 80/81 | H23: =H2 -> 81/82 | I23: =I2 -> 82/83 | ... AZ23: =AZ2 -> 25/26
A24: Mar | X24: 48.453 | Y24: 0.898 | Z24: 0.699 | AA24: 0.658 | AB24: 596.87745 | AC24: 392.02238 | AD24: 170.37447 | AE24: 914.82883 | AF24: 170.52025 | AG24: 141.73797 | AH24: 399.209 | AI24: 704.29 | AJ24: 226.8 | AK24: 297.95 | AL24: 274.196 | AM24: 211.553 | AN24: 1336.857 | AO24: 784.278 | AP24: 286.714 | AQ24: 2027.703 | AR24: 243.407 | AS24: 605.655 | AT24: 827.461 | AU24: 472.67 | AV24: 292.013 | AW24: 14.277 | AX24: 780.053 | AY24: =(SUM(AT24:AX24)/SUM(AT$36:AX$36))*AY$36+500 -> 1109.3575 | AZ24: =(SUM(AU24:AY24)/SUM(AU$36:AY$36))*AZ$36+500 -> 1225.1279
A25: Apr | X25: 30.822 | Y25: 0.023 | Z25: 0.375 | AA25: 0.512 | AB25: 569.35701 | AC25: 142.62659 | AD25: 351.58961 | AE25: 391.51241 | AF25: 1.227504 | AG25: 479.49318 | AH25: 842.327 | AI25: 507.949 | AJ25: 463.401 | AK25: 79.352 | AL25: 58.847 | AM25: 158.617 | AN25: 291.993 | AO25: 299.371 | AP25: 80.201 | AQ25: 370.534 | AR25: 155.352 | AS25: 115.686 | AT25: 349.382 | AU25: 6.696 | AV25: 130.876 | AW25: 690.293 | AX25: 166.52 | AY25: =(SUM(AT25:AX25)/SUM(AT$36:AX$36))*AY$36+300 -> 643.11481 | AZ25: =(SUM(AU25:AY25)/SUM(AU$36:AY$36))*AZ$36+300 -> 744.98947
A26: May | X26: 1.868 | Y26: 0.033 | Z26: 0.726 | AA26: 0.058 | AB26: 409.57146 | AC26: 0.002681 | AD26: 319.54198 | AE26: 56.405512 | AF26: 13.740755 | AG26: 548.12057 | AH26: 674.061 | AI26: 462.048 | AJ26: 269.839 | AK26: 85.296 | AL26: 0.73 | AM26: 146.063 | AN26: 226.876 | AO26: 92.949 | AP26: 38.78 | AQ26: 28.093 | AR26: 310.621 | AS26: 57.371 | AT26: 957.667 | AU26: 24.933 | AV26: 13.92 | AW26: 1088.471 | AX26: 493.526 | AY26: =(SUM(AT26:AX26)/SUM(AT$36:AX$36))*AY$36+500 -> 1158.3934 | AZ26: =(SUM(AU26:AY26)/SUM(AU$36:AY$36))*AZ$36+500 -> 1255.2575
A27: Jun | X27: 0.874 | Y27: 0.363 | Z27: 0.803 | AA27: 0.223 | AB27: 641.01605 | AC27: 10.744012 | AD27: 318.47417 | AE27: 288.57995 | AF27: 0.192087 | AG27: 251.11454 | AH27: 631.02 | AI27: 299.905 | AJ27: 106.384 | AK27: 16.19 | AL27: 11.817 | AM27: 279.167 | AN27: 157.882 | AO27: 87.468 | AP27: 326.008 | AQ27: 20.195 | AR27: 564.947 | AS27: 144.691 | AT27: 1195.02 | AU27: 312.211 | AV27: 92.169 | AW27: 989.302 | AX27: 1230.978 | AY27: =(SUM(AT27:AX27)/SUM(AT$36:AX$36))*AY$36+500 -> 1475.3095 | AZ27: =(SUM(AU27:AY27)/SUM(AU$36:AY$36))*AZ$36+500 -> 1614.164
A28: Jul | X28: 6.462 | Y28: 1.412 | Z28: 1.513 | AA28: 1.085 | AB28: 468.81079 | AC28: 30.43328 | AD28: 251.15417 | AE28: 358.40822 | AF28: 0.473771 | AG28: 493.76691 | AH28: 1189.945 | AI28: 400.053 | AJ28: 83.787 | AK28: 576.949 | AL28: 884.977 | AM28: 2398.005 | AN28: 1600.003 | AO28: 1302.233 | AP28: 2349.34 | AQ28: 1046.251 | AR28: 2323.916 | AS28: 1171.244 | AT28: 5926.453 | AU28: 3979.224 | AV28: 1991.369 | AW28: 4119.093 | AX28: =(SUM(AS28:AW28)/SUM(AS$36:AW$36))*AX$36+500 -> 5821.8554 | AY28: =(SUM(AT28:AX28)/SUM(AT$36:AX$36))*AY$36+300 -> 5876.0703 | AZ28: =(SUM(AU28:AY28)/SUM(AU$36:AY$36))*AZ$36+300 -> 6220.7689 | BB28: =AR23 -> 17/18 | BC28: =AS23 -> 18/19 | BD28: =AT23 -> 19/20 | BE28: =AU23 -> 20/21 | BF28: =AV23 -> 21/22 | BG28: =AW23 -> 22/23
A29: Aug | X29: 1.008 | Y29: 0.712 | Z29: 1.199 | AA29: 1.475 | AB29: 629.15199 | AC29: 244.34494 | AD29: 521.11753 | AE29: 506.42286 | AF29: 0.667666 | AG29: 407.68781 | AH29: 1401.094 | AI29: 334.409 | AJ29: 701.583 | AK29: 1546.755 | AL29: 1513.867 | AM29: 3326.797 | AN29: 3280.508 | AO29: 3114.319 | AP29: 2285.179 | AQ29: 2565.913 | AR29: 5258.093 | AS29: 2826.581 | AT29: 7321.46 | AU29: 6243.787 | AV29: 4335.763 | AW29: 7446.091 | AX29: =(SUM(AS29:AW29)/SUM(AS$36:AW$36))*AX$36+500 -> 9223.6237 | AY29: =(SUM(AT29:AX29)/SUM(AT$36:AX$36))*AY$36+500-200 -> 9127.2204 | AZ29: =(SUM(AU29:AY29)/SUM(AU$36:AY$36))*AZ$36+500-200 -> 10185.285 | BB29: =SUM(AR29:AR33) -> 23727.286 | BC29: =SUM(AS29:AS33) -> 16591.245 | BD29: =SUM(AT29:AT33) -> 28062.465 | BE29: =SUM(AU29:AU33) -> 27208.057 | BF29: =SUM(AV29:AV33) -> 14786.093 | BG29: =SUM(AW29:AW33) -> 32787.374
A30: Sep | X30: 0.708 | Y30: 0.444 | Z30: 0.5 | AA30: 0.416 | AB30: 348.85306 | AC30: 197.01277 | AD30: 492.12166 | AE30: 315.68293 | AF30: 1.828257 | AG30: 381.101 | AH30: 1649.562 | AI30: 416.18 | AJ30: 641.862 | AK30: 1831.665 | AL30: 1607.193 | AM30: 3317.225 | AN30: 3773.813 | AO30: 2565.442 | AP30: 3456.094 | AQ30: 2915.544 | AR30: 5915.927 | AS30: 3361.646 | AT30: 6442.172 | AU30: 6371.263 | AV30: 2850.172 | AW30: 6421.875 | AX30: =(SUM(AS30:AW30)/SUM(AS$36:AW$36))*AX$36 -> 7879.3808 | AY30: =(SUM(AT30:AX30)/SUM(AT$36:AX$36))*AY$36-300 -> 7351.1687 | AZ30: =(SUM(AU30:AY30)/SUM(AU$36:AY$36))*AZ$36-300 -> 8089.9506 | BG30: =BG29/BF29-1 -> 1.2174468
A31: Oct | X31: 0.394 | Y31: 0.77 | Z31: 0.73 | AA31: 0.521 | AB31: 673.332 | AC31: 410.3497 | AD31: 470.18748 | AE31: 116.54224 | AF31: 0.543764 | AG31: 566.505 | AH31: 1802.185 | AI31: 481.575 | AJ31: 989.619 | AK31: 1984.105 | AL31: 1154.307 | AM31: 3852.446 | AN31: 3955.808 | AO31: 3488.149 | AP31: 5549.403 | AQ31: 1103.423 | AR31: 5030.289 | AS31: 3109.789 | AT31: 6023.744 | AU31: 5003.813 | AV31: 1797.038 | AW31: 6785.071 | AX31: =(SUM(AS31:AW31)/SUM(AS$36:AW$36))*AX$36 -> 7034.7914 | AY31: =(SUM(AT31:AX31)/SUM(AT$36:AX$36))*AY$36-500 -> 6303.343 | AZ31: =(SUM(AU31:AY31)/SUM(AU$36:AY$36))*AZ$36-500 -> 6816.5943
A32: Nov | X32: 0.191 | Y32: 0.436 | Z32: 0.192 | AA32: 0.045 | AB32: 650.88984 | AC32: 221.93157 | AD32: 396.53938 | AE32: 188.72722 | AF32: 0.215005 | AG32: 236.532 | AH32: 935.588 | AI32: 1079.637 | AJ32: 1155.473 | AK32: 1672.363 | AL32: 928.107 | AM32: 3427.85 | AN32: 3165.341 | AO32: 3247.03 | AP32: 4759.555 | AQ32: 966.629 | AR32: 3524.015 | AS32: 3649.655 | AT32: 4110.283 | AU32: 4732.624 | AV32: 2392.522 | AW32: 5889.63 | AX32: =(SUM(AS32:AW32)/SUM(AS$36:AW$36))*AX$36 -> 6432.627 | AY32: =(SUM(AT32:AX32)/SUM(AT$36:AX$36))*AY$36-500 -> 5515.1729 | AZ32: =(SUM(AU32:AY32)/SUM(AU$36:AY$36))*AZ$36-500 -> 6283.5633 | BA32: =AZ32-AW32 -> 393.93326
A33: Dec | X33: 0.149 | Y33: 0.637 | Z33: 0.455 | AA33: 56.422781 | AB33: 645.41873 | AC33: 141.25016 | AD33: 511.8156 | AE33: 301.51917 | AF33: 72.015138 | AG33: 393.902 | AH33: 817.965 | AI33: 1351.894 | AJ33: 1097.873 | AK33: 1473.837 | AL33: 811.054 | AM33: 3132.288 | AN33: 3162.392 | AO33: 3248.9 | AP33: 6272.121 | AQ33: 1011.578 | AR33: 3998.962 | AS33: 3643.574 | AT33: 4164.806 | AU33: 4856.57 | AV33: 3410.598 | AW33: 6244.707 | AX33: =(SUM(AS33:AW33)/SUM(AS$36:AW$36))*AX$36 -> 6911.1842 | AY33: =(SUM(AT33:AX33)/SUM(AT$36:AX$36))*AY$36-200 -> 6333.5548 | AZ33: =(SUM(AU33:AY33)/SUM(AU$36:AY$36))*AZ$36-200 -> 7342.8412 | BA33: =AZ33-AW33 -> 1098.1342
A34: Jan | W34: 170.408 | X34: 0.197 | Y34: 0.275 | Z34: 0.405 | AA34: 104.62795 | AB34: 314.27127 | AC34: 15.487013 | AD34: 649.64181 | AE34: 306.23412 | AF34: 43.697921 | AG34: 471.771 | AH34: 435.238 | AI34: 1191.178 | AJ34: 757.933 | AK34: 1443.539 | AL34: 737.41 | AM34: 3167.848 | AN34: 2054.926 | AO34: 2057.205 | AP34: 4442.504 | AQ34: 1452.387 | AR34: 3022.979 | AS34: 3835.144 | AT34: 2087.89 | AU34: 2346.304 | AV34: 2732.471 | AW34: 6172.246 | AX34: =(SUM(AS34:AW34)/SUM(AS$36:AW$36))*AX$36 -> 5317.7286 | AY34: =(SUM(AT34:AX34)/SUM(AT$36:AX$36))*AY$36 -> 4763.7494 | AZ34: =(SUM(AU34:AY34)/SUM(AU$36:AY$36))*AZ$36 -> 5797.0923
A35: Feb | W35: 96.87 | X35: 1.241 | Y35: 0.051 | Z35: 0.478 | AA35: 272.78128 | AB35: 505.53309 | AC35: 110.2529 | AD35: 787.52437 | AE35: 314.21431 | AF35: 166.23705 | AG35: 285.326 | AH35: 315.709 | AI35: 734.054 | AJ35: 546.557 | AK35: 647.667 | AL35: 295.521 | AM35: 1732.732 | AN35: 866.387 | AO35: 854.168 | AP35: 5374.942 | AQ35: 487.997 | AR35: 1255.567 | AS35: 1598.51 | AT35: 340.256 | AU35: 776.819 | AV35: 768.399 | AW35: 2276.986 | AX35: =AX36-SUM(AX24:AX34) -> 707.73179 | AY35: =AY36-SUM(AY24:AY34) -> 343.54513 | AZ35: =AZ36-SUM(AZ24:AZ34) -> 424.36517
A36: Total | X36: =SUM(X24:X35) -> 92.367 | Y36: =SUM(Y24:Y35) -> 6.054 | Z36: =SUM(Z24:Z35) -> 8.075 | AA36: =SUM(AA24:AA35) -> 438.82501 | AB36: =SUM(AB24:AB35) -> 6453.0827 | AC36: =SUM(AC24:AC35) -> 1916.458 | AD36: =SUM(AD24:AD35) -> 5240.0822 | AE36: =SUM(AE24:AE35) -> 4059.0778 | ... AW36: =SUM(AW24:AW35) -> 48138.042 | AX36: =AX13*1000 -> 52000 | AY36: =AY13*1000 -> 50000 | AZ36: =AZ13*1000 -> 56000
A38: CORN IMPORTS (1,000 Tonnes)
B39: =B2 -> 75/76 | C39: =C2 -> 76/77 | D39: =D2 -> 77/78 | E39: =E2 -> 78/79 | F39: =F2 -> 79/80 | G39: =G2 -> 80/81 | H39: =H2 -> 81/82 | I39: =I2 -> 82/83 | ... AZ39: =AZ2 -> 25/26
A40: Mar | X40: 49.205 | Y40: 60.619 | Z40: 43.172 | AA40: 221.696 | AB40: 77.632 | AC40: 33.17 | AD40: 5.927 | AE40: 20.507 | AF40: 50.933 | AG40: 13.821 | AH40: 20.549 | AI40: 27.713 | AJ40: 74.134 | AK40: 15.105 | AL40: 0.794 | AM40: 98.668 | AN40: 46.28 | AO40: 33.989 | AP40: 21.934 | AQ40: 94.374 | AR40: 87.35 | AS40: 10.051 | AT40: 53.673 | AU40: 73.945 | AV40: 113.613 | AW40: 114.515 | AX40: 20.5 | AY40: =(SUM(AT40:AX40)/SUM(AT$52:AX$52))*AY$52 -> 83.54669 | AZ40: =(SUM(AU40:AY40)/SUM(AU$52:AY$52))*AZ$52 -> 83.910122
A41: Apr | X41: 69.38 | Y41: 99.121 | Z41: 24.099 | AA41: 130.087 | AB41: 52.756 | AC41: 9.717 | AD41: 1.171 | AE41: 11.796 | AF41: 12.829 | AG41: 8.043 | AH41: 17.602 | AI41: 11.345 | AJ41: 44.941 | AK41: 6.788 | AL41: 19.93 | AM41: 36.326 | AN41: 47.91 | AO41: 49.693 | AP41: 11.614 | AQ41: 105.943 | AR41: 84.836 | AS41: 31.089 | AT41: 84.978 | AU41: 93.448 | AV41: 77.308 | AW41: 159.586 | AX41: =(SUM(AS41:AW41)/SUM(AS$52:AW$52))*AX$52 -> 115.36753 | AY41: =(SUM(AT41:AX41)/SUM(AT$52:AX$52))*AY$52 -> 117.84095 | AZ41: =(SUM(AU41:AY41)/SUM(AU$52:AY$52))*AZ$52 -> 116.43757
A42: May | X42: 51.035 | Y42: 122.918 | Z42: 51 | AA42: 183.95 | AB42: 22.605 | AC42: 7.449 | AD42: 27.605 | AE42: 14.3 | AF42: 47.667 | AG42: 11.192 | AH42: 8.49 | AI42: 33.03 | AJ42: 79.634 | AK42: 6.722 | AL42: 7.839 | AM42: 32.669 | AN42: 56.575 | AO42: 69.22 | AP42: 22.718 | AQ42: 134.6 | AR42: 107.166 | AS42: 63.984 | AT42: 146.805 | AU42: 8.856 | AV42: 62.268 | AW42: 95.97 | AX42: =(SUM(AS42:AW42)/SUM(AS$52:AW$52))*AX$52 -> 97.658045 | AY42: =(SUM(AT42:AX42)/SUM(AT$52:AX$52))*AY$52 -> 91.387626 | AZ42: =(SUM(AU42:AY42)/SUM(AU$52:AY$52))*AZ$52 -> 73.583537
A43: Jun | X43: 47.375 | Y43: 136.556 | Z43: 51.865 | AA43: 182.4 | AB43: 28.952 | AC43: 3.67 | AD43: 2.19 | AE43: 6.826 | AF43: 76.196 | AG43: 10.655 | AH43: 24.226 | AI43: 20.261 | AJ43: 101.302 | AK43: 5.088 | AL43: 1.748 | AM43: 17.492 | AN43: 27.784 | AO43: 48.944 | AP43: 33.184 | AQ43: 162.484 | AR43: 3.774 | AS43: 41.992 | AT43: 96.93 | AU43: 4.101 | AV43: 116.732 | AW43: 150.607 | AX43: =(SUM(AS43:AW43)/SUM(AS$52:AW$52))*AX$52 -> 106.05174 | AY43: =(SUM(AT43:AX43)/SUM(AT$52:AX$52))*AY$52 -> 105.34694 | AZ43: =(SUM(AU43:AY43)/SUM(AU$52:AY$52))*AZ$52 -> 99.761362
A44: Jul | X44: 29.411 | Y44: 256.162 | Z44: 29.42 | AA44: 96.616 | AB44: 14.075 | AC44: 7.797 | AD44: 20.531 | AE44: 4.241 | AF44: 32.954 | AG44: 55.581 | AH44: 85.081 | AI44: 21.182 | AJ44: 82.325 | AK44: 30.393 | AL44: 5.205 | AM44: 22.394 | AN44: 56.106 | AO44: 35.846 | AP44: 17.278 | AQ44: 250.485 | AR44: 7.104 | AS44: 81.283 | AT44: 98.629 | AU44: 44.392 | AV44: 144.317 | AW44: 290.038 | AX44: =(SUM(AS44:AW44)/SUM(AS$52:AW$52))*AX$52 -> 170.22028 | AY44: =(SUM(AT44:AX44)/SUM(AT$52:AX$52))*AY$52 -> 166.00627 | AZ44: =(SUM(AU44:AY44)/SUM(AU$52:AY$52))*AZ$52 -> 168.38516
A45: Aug | X45: 21.507 | Y45: 116.422 | Z45: 34.169 | AA45: 123.781 | AB45: 16.91 | AC45: 15.437 | AD45: 71.881 | AE45: 22.688 | AF45: 52.693 | AG45: 126.488 | AH45: 157.258 | AI45: 60.122 | AJ45: 124.801 | AK45: 45.554 | AL45: 46.298 | AM45: 49.334 | AN45: 103.805 | AO45: 77.788 | AP45: 15.541 | AQ45: 295.394 | AR45: 11.296 | AS45: 140.469 | AT45: 123.983 | AU45: 69.62 | AV45: 145.716 | AW45: 326.841 | AX45: =(SUM(AS45:AW45)/SUM(AS$52:AW$52))*AX$52 -> 208.46085 | AY45: =(SUM(AT45:AX45)/SUM(AT$52:AX$52))*AY$52 -> 194.2125 | AZ45: =(SUM(AU45:AY45)/SUM(AU$52:AY$52))*AZ$52 -> 195.21956
A46: Sep | X46: 56.375 | Y46: 181.608 | Z46: 64.015 | AA46: 152.146 | AB46: 31.812 | AC46: 32.116 | AD46: 125.763 | AE46: 66.236 | AF46: 101.256 | AG46: 148.306 | AH46: 155.557 | AI46: 89.051 | AJ46: 128.931 | AK46: 51.315 | AL46: 110.986 | AM46: 81.646 | AN46: 98.222 | AO46: 79.839 | AP46: 18.541 | AQ46: 332.061 | AR46: 90.152 | AS46: 111.552 | AT46: 149.492 | AU46: 147.332 | AV46: 407.379 | AW46: 397.635 | AX46: =(SUM(AS46:AW46)/SUM(AS$52:AW$52))*AX$52 -> 313.58197 | AY46: =(SUM(AT46:AX46)/SUM(AT$52:AX$52))*AY$52 -> 314.29876 | AZ46: =(SUM(AU46:AY46)/SUM(AU$52:AY$52))*AZ$52 -> 326.49739
A47: Oct | X47: 17.195 | Y47: 230.948 | Z47: 92.752 | AA47: 118.404 | AB47: 31.956 | AC47: 37.624 | AD47: 191.701 | AE47: 37.838 | AF47: 65.3 | AG47: 184.7 | AH47: 191.53 | AI47: 109.778 | AJ47: 120.534 | AK47: 96.013 | AL47: 157.58 | AM47: 97.881 | AN47: 146.525 | AO47: 121.323 | AP47: 46.447 | AQ47: 495.053 | AR47: 144.925 | AS47: 110.105 | AT47: 217.26 | AU47: 190.81 | AV47: 503 | AW47: 347.902 | AX47: =(SUM(AS47:AW47)/SUM(AS$52:AW$52))*AX$52 -> 353.81688 | AY47: =(SUM(AT47:AX47)/SUM(AT$52:AX$52))*AY$52 -> 358.12519 | AZ47: =(SUM(AU47:AY47)/SUM(AU$52:AY$52))*AZ$52 -> 362.32995
A48: Nov | X48: 36.405 | Y48: 200.295 | Z48: 86.271 | AA48: 168.433 | AB48: 18.229 | AC48: 78.331 | AD48: 143.22 | AE48: 31.81 | AF48: 50.897 | AG48: 152.873 | AH48: 178.24 | AI48: 74.891 | AJ48: 158.425 | AK48: 71.011 | AL48: 143.135 | AM48: 117.413 | AN48: 143.839 | AO48: 88.4 | AP48: 51.88 | AQ48: 547.344 | AR48: 114.772 | AS48: 114.371 | AT48: 215.552 | AU48: 209.348 | AV48: 621.377 | AW48: 303.961 | AX48: =(SUM(AS48:AW48)/SUM(AS$52:AW$52))*AX$52 -> 378.50565 | AY48: =(SUM(AT48:AX48)/SUM(AT$52:AX$52))*AY$52 -> 383.87334 | AZ48: =(SUM(AU48:AY48)/SUM(AU$52:AY$52))*AZ$52 -> 391.9607
A49: Dec | X49: 57.924 | Y49: 163.157 | Z49: 100.88 | AA49: 64.729 | AB49: 57.439 | AC49: 45.392 | AD49: 104.086 | AE49: 22.703 | AF49: 31.557 | AG49: 164.732 | AH49: 141.385 | AI49: 81.662 | AJ49: 135.744 | AK49: 32.702 | AL49: 144.711 | AM49: 123.868 | AN49: 90.767 | AO49: 99.605 | AP49: 46.983 | AQ49: 440.552 | AR49: 108.261 | AS49: 124.9 | AT49: 187.389 | AU49: 246.435 | AV49: 446.319 | AW49: 240.479 | AX49: =(SUM(AS49:AW49)/SUM(AS$52:AW$52))*AX$52 -> 321.88599 | AY49: =(SUM(AT49:AX49)/SUM(AT$52:AX$52))*AY$52 -> 320.31375 | AZ49: =(SUM(AU49:AY49)/SUM(AU$52:AY$52))*AZ$52 -> 325.50688
A50: Jan | W50: 16.217 | X50: 114.427 | Y50: 150.588 | Z50: 125.334 | AA50: 114.039 | AB50: 38.503 | AC50: 55.603 | AD50: 64.562 | AE50: 33.498 | AF50: 33.602 | AG50: 88.533 | AH50: 157.424 | AI50: 39.607 | AJ50: 83.764 | AK50: 13.135 | AL50: 121.205 | AM50: 67.743 | AN50: 53.41 | AO50: 71.03 | AP50: 17.172 | AQ50: 452.722 | AR50: 81.508 | AS50: 59.044 | AT50: 196.352 | AU50: 277.436 | AV50: 162.589 | AW50: 140.493 | AX50: =(SUM(AS50:AW50)/SUM(AS$52:AW$52))*AX$52 -> 216.02911 | AY50: =(SUM(AT50:AX50)/SUM(AT$52:AX$52))*AY$52 -> 220.47659 | AZ50: =(SUM(AU50:AY50)/SUM(AU$52:AY$52))*AZ$52 -> 210.13161
