Workbook

Sheet Corn Grind Forecast for Co-Prod
A1: U.S. CORN PROCESSING
A2: (million bushels) | B2: 2015 | C2: 2016 | D2: 2017 | E2: 2018 | F2: 2019 | G2: 2020 | H2: 2021 | I2: 2022 | J2: 2023 | K2: 2024 | L2: 2025 | M2: 2026
A3: TOTAL CORN GRIND | B3: =B32 -> 5737.007 | C3: =C32 -> 5808.847 | D3: =D32 -> 6024.131 | E3: =E32 -> 6059.101 | F3: =F32 -> 5832.344 | G3: =G32 -> 5235.919 | H3: =H32 -> 5757.408 | I3: =I32 -> 5707.548 | ... M3: =M32 -> 5809.6322
A4: Dry Mill | B4: =B12 -> 4669.671 | C4: =C12 -> 4734.762 | D4: =D12 -> 4939.439 | E4: =E12 -> 5051.182 | F4: =F12 -> 4826.664 | G4: =G12 -> 4267.614 | H4: =H12 -> 4818.231 | I4: =I12 -> 4826.814 | ... M4: =M12 -> 4959.9634
A5: Wet Mill | B5: =B80 -> 1067.336 | C5: =C80 -> 1074.085 | D5: =D80 -> 1084.692 | E5: =E80 -> 1007.919 | F5: =F80 -> 1005.68 | G5: =G80 -> 968.305 | H5: =H80 -> 939.177 | I5: =I80 -> 880.734 | ... M5: =M80 -> 849.66874
A6: For Ethanol | B6: =B96 -> 553.031 | C6: =C96 -> 556.783 | D6: =D96 -> 556.279 | E6: =E96 -> 495.897 | F6: =F96 -> 505.101 | G6: =G96 -> 497.67 | H6: =H96 -> 444.373 | I6: =I96 -> 379.611 | ... M6: =M96 -> 349.66874
A7: For Other Products | B7: =B5-B6 -> 514.305 | C7: =C5-C6 -> 517.302 | D7: =D5-D6 -> 528.413 | E7: =E5-E6 -> 512.022 | F7: =F5-F6 -> 500.579 | G7: =G5-G6 -> 470.635 | H7: =H5-H6 -> 494.804 | I7: =I5-I6 -> 501.123 | ... M7: =M5-M6 -> 500
A8: Bold numbers are The Jacobsen forecasts and estimates
B10: 2015 | C10: 2016 | D10: 2017 | E10: 2018 | F10: 2019 | G10: 2020 | H10: 2021 | I10: 2022 | J10: 2023 | K10: 2024 | L10: 2025 | M10: 2026
A11: TOTAL CORN GRIND FOR ETHANOL | B11: =B48 -> 5222.702 | C11: =C48 -> 5291.545 | D11: =D48 -> 5495.718 | E11: =E48 -> 5547.079 | F11: =F48 -> 5331.765 | G11: =G48 -> 4765.284 | H11: =H48 -> 5262.604 | I11: =I48 -> 5206.425 | ... M11: =M48 -> 5309.6322
A12: Dry Mill | B12: =B64 -> 4669.671 | C12: =C64 -> 4734.762 | D12: =D64 -> 4939.439 | E12: =E64 -> 5051.182 | F12: =F64 -> 4826.664 | G12: =G64 -> 4267.614 | H12: =H64 -> 4818.231 | I12: =I64 -> 4826.814 | ... M12: =M64 -> 4959.9634
A13: Wet Mill | B13: =B96 -> 553.031 | C13: =C96 -> 556.783 | D13: =D96 -> 556.279 | E13: =E96 -> 495.897 | F13: =F96 -> 505.101 | G13: =G96 -> 497.67 | H13: =H96 -> 444.373 | I13: =I96 -> 379.611 | ... M13: =M96 -> 349.66874
A14: Bold numbers are Fastmarkets forecasts and estimates
A16: =_xlfn.CONCAT("Updated:"," ",TEXT(TODAY(),"dd-mmm-yy")) -> Updated: 03-Nov-25
A18: TOTAL CORN GRIND
A19: (million bushels) | B19: 2015 | C19: 2016 | D19: 2017 | E19: 2018 | F19: 2019 | G19: 2020 | H19: 2021 | I19: 2022 | J19: 2023 | K19: 2024 | L19: 2025 | M19: 2026
A20: Jan | B20: =B52+B68 -> 487.279 | C20: =C52+C68 -> 481.766 | D20: =D52+D68 -> 508.819 | E20: =E52+E68 -> 512.687 | F20: =F52+F68 -> 480.023 | G20: =G52+G68 -> 506.43 | H20: =H52+H68 -> 443.108 | I20: =I52+I68 -> 496.261 | ... M20: =M52+M68 -> 476.83465
A21: Feb | B21: =B53+B69 -> 431.667 | C21: =C53+C69 -> 465.551 | D21: =D53+D69 -> 468.171 | E21: =E53+E69 -> 477.28 | F21: =F53+F69 -> 443.675 | G21: =G53+G69 -> 467.776 | H21: =H53+H69 -> 370.044 | I21: =I53+I69 -> 450.525 | ... M21: =M53+M69 -> 448.52253
A22: Mar | B22: =B54+B70 -> 482.176 | C22: =C54+C70 -> 477.394 | D22: =D54+D70 -> 505.438 | E22: =E54+E70 -> 511.903 | F22: =F54+F70 -> 484.29 | G22: =G54+G70 -> 444.166 | H22: =H54+H70 -> 463.008 | I22: =I54+I70 -> 491.631 | ... M22: =M54+M70 -> 488.78514
A23: Apr | B23: =B55+B71 -> 452.627 | C23: =C55+C71 -> 448.188 | D23: =D55+D71 -> 485.375 | E23: =E55+E71 -> 489.696 | F23: =F55+F71 -> 483.664 | G23: =G55+G71 -> 296.31 | H23: =H55+H71 -> 491.739 | I23: =I55+I71 -> 464.973 | ... M23: =M55+M71 -> 470.17089
A24: May | B24: =B56+B72 -> 496.609 | C24: =C56+C72 -> 468.79 | D24: =D56+D72 -> 498.009 | E24: =E56+E72 -> 516.437 | F24: =F56+F72 -> 505.616 | G24: =G56+G72 -> 334.786 | H24: =H56+H72 -> 486.53 | I24: =I56+I72 -> 494.088 | ... M24: =M56+M72 -> 489.4745
A25: Jun | B25: =B57+B73 -> 484.123 | C25: =C57+C73 -> 473.741 | D25: =D57+D73 -> 474.779 | E25: =E57+E73 -> 510.009 | F25: =F57+F73 -> 502.774 | G25: =G57+G73 -> 422.371 | H25: =H57+H73 -> 490.583 | I25: =I57+I73 -> 481.488 | ... M25: =M57+M73 -> 486.35227
A26: Jul | B26: =B58+B74 -> 492.539 | C26: =C58+C74 -> 500.019 | D26: =D58+D74 -> 508.113 | E26: =E58+E74 -> 525.665 | F26: =F58+F74 -> 495.441 | G26: =G58+G74 -> 459.561 | H26: =H58+H74 -> 511.467 | I26: =I58+I74 -> 485.39 | ... M26: =M58+M74 -> 484.23937
A27: Aug | B27: =B59+B75 -> 488.228 | C27: =C59+C75 -> 501.824 | D27: =D59+D75 -> 527.989 | E27: =E59+E75 -> 524.281 | F27: =F59+F75 -> 494.827 | G27: =G59+G75 -> 450.097 | H27: =H59+H75 -> 518.955 | I27: =I59+I75 -> 471.324 | ... M27: =M59+M75 -> 509.37944
A28: Sep | B28: =B60+B76 -> 469.199 | C28: =C60+C76 -> 477.835 | D28: =D60+D76 -> 494.449 | E28: =E60+E76 -> 495.777 | F28: =F60+F76 -> 447.646 | G28: =G60+G76 -> 445.059 | H28: =H60+H76 -> 451.329 | I28: =I60+I76 -> 423.993 | ... M28: =M60+M76 -> 456.07188
A29: Oct | B29: =B61+B77 -> 483.81 | C29: =C61+C77 -> 494.24 | D29: =D61+D77 -> 509.757 | E29: =E61+E77 -> 500.856 | F29: =F61+F77 -> 473.407 | G29: =G61+G77 -> 470.277 | H29: =H61+H77 -> 506.409 | I29: =I61+I77 -> 493.093 | ... M29: =M61+M77 -> 502.62107
A30: Nov | B30: =B62+B78 -> 478.776 | C30: =C62+C78 -> 501.962 | D30: =D62+D78 -> 517.395 | E30: =E62+E78 -> 497.054 | F30: =F62+F78 -> 501.61 | G30: =G62+G78 -> 471.64 | H30: =H62+H78 -> 508.705 | I30: =I62+I78 -> 490.695 | ... M30: =M62+M78 -> 492.19301
A31: Dec | B31: =B63+B79 -> 489.974 | C31: =C63+C79 -> 517.537 | D31: =D63+D79 -> 525.837 | E31: =E63+E79 -> 497.456 | F31: =F63+F79 -> 519.371 | G31: =G63+G79 -> 467.446 | H31: =H63+H79 -> 515.531 | I31: =I63+I79 -> 464.087 | ... M31: =M63+M79 -> 504.98741
A32: Total | B32: =SUM(B20:B31) -> 5737.007 | C32: =SUM(C20:C31) -> 5808.847 | D32: =SUM(D20:D31) -> 6024.131 | E32: =SUM(E20:E31) -> 6059.101 | F32: =SUM(F20:F31) -> 5832.344 | G32: =SUM(G20:G31) -> 5235.919 | H32: =SUM(H20:H31) -> 5757.408 | I32: =SUM(I20:I31) -> 5707.548 | ... M32: =SUM(M20:M31) -> 5809.6322
A34: TOTAL CORN GRIND FOR ETHANOL
A35: (million bushels) | B35: =B19 -> 2015 | C35: =C19 -> 2016 | D35: =D19 -> 2017 | E35: =E19 -> 2018 | F35: =F19 -> 2019 | G35: =G19 -> 2020 | H35: =H19 -> 2021 | I35: =I19 -> 2022 | ... M35: =M19 -> 2026
A36: =A20 -> Jan | B36: =B52+B84 -> 443.89 | C36: =C52+C84 -> 440.435 | D36: =D52+D84 -> 465.383 | E36: =E52+E84 -> 471.778 | F36: =F52+F84 -> 441.075 | G36: =G52+G84 -> 465.968 | H36: =H52+H84 -> 403.826 | I36: =I52+I84 -> 455.425 | ... M36: =M52+M84 -> 436.84466
A37: =A21 -> Feb | B37: =B53+B85 -> 394.083 | C37: =C53+C85 -> 424.993 | D37: =D53+D85 -> 429.033 | E37: =E53+E85 -> 437.314 | F37: =F53+F85 -> 406.39 | G37: =G53+G85 -> 429.579 | H37: =H53+H85 -> 336.022 | I37: =I53+I85 -> 412.061 | ... M37: =M53+M85 -> 411.2991
A38: =A22 -> Mar | B38: =B54+B86 -> 437.828 | C38: =C54+C86 -> 433.258 | D38: =D54+D86 -> 460.877 | E38: =E54+E86 -> 468.507 | F38: =F54+F86 -> 441.685 | G38: =G54+G86 -> 401.158 | H38: =H54+H86 -> 420.849 | I38: =I54+I86 -> 448.663 | ... M38: =M54+M86 -> 445.67751
A39: =A23 -> Apr | B39: =B55+B87 -> 407.719 | C39: =C55+C87 -> 404.601 | D39: =D55+D87 -> 440.595 | E39: =E55+E87 -> 445.812 | F39: =F55+F87 -> 440.934 | G39: =G55+G87 -> 258.222 | H39: =H55+H87 -> 448.222 | I39: =I55+I87 -> 420.839 | ... M39: =M55+M87 -> 426.87003
A40: =A24 -> May | B40: =B56+B88 -> 448.984 | C40: =C56+C88 -> 424.235 | D40: =D56+D88 -> 451.547 | E40: =E56+E88 -> 471.601 | F40: =F56+F88 -> 458.948 | G40: =G56+G88 -> 297.168 | H40: =H56+H88 -> 442.038 | I40: =I56+I88 -> 449.072 | ... M40: =M56+M88 -> 445.11847
A41: =A25 -> Jun | B41: =B57+B89 -> 441.272 | C41: =C57+C89 -> 430.715 | D41: =D57+D89 -> 430.779 | E41: =E57+E89 -> 464.702 | F41: =F57+F89 -> 459.217 | G41: =G57+G89 -> 382.656 | H41: =H57+H89 -> 448.702 | I41: =I57+I89 -> 439.943 | ... M41: =M57+M89 -> 444.11009
A42: =A26 -> Jul | B42: =B58+B90 -> 448.4 | C42: =C58+C90 -> 455.455 | D42: =D58+D90 -> 462.578 | E42: =E58+E90 -> 480.412 | F42: =F58+F90 -> 451.212 | G42: =G58+G90 -> 418.872 | H42: =H58+H90 -> 468.097 | I42: =I58+I90 -> 441.909 | ... M42: =M58+M90 -> 440.59164
A43: =A27 -> Aug | B43: =B59+B91 -> 445.718 | C43: =C59+C91 -> 458.154 | D43: =D59+D91 -> 476.828 | E43: =E59+E91 -> 479.365 | F43: =F59+F91 -> 450.921 | G43: =G59+G91 -> 411.347 | H43: =H59+H91 -> 475.236 | I43: =I59+I91 -> 430.301 | ... M43: =M59+M91 -> 466.80715
A44: =A28 -> Sep | B44: =B60+B92 -> 427.293 | C44: =C60+C92 -> 436.8 | D44: =D60+D92 -> 451.056 | E44: =E60+E92 -> 454.204 | F44: =F60+F92 -> 407.963 | G44: =G60+G92 -> 406.306 | H44: =H60+H92 -> 412.158 | I44: =I60+I92 -> 383.273 | ... M44: =M60+M92 -> 415.83664
A45: =A29 -> Oct | B45: =B61+B93 -> 441.424 | C45: =C61+C93 -> 451.672 | D45: =D61+D93 -> 465.551 | E45: =E61+E93 -> 459.987 | F45: =F61+F93 -> 433.83 | G45: =G61+G93 -> 431.991 | H45: =H61+H93 -> 464.661 | I45: =I61+I93 -> 448.616 | ... M45: =M61+M93 -> 460.30188
A46: =A30 -> Nov | B46: =B62+B94 -> 437.841 | C46: =C62+C94 -> 456.962 | D46: =D62+D94 -> 476.907 | E46: =E62+E94 -> 456.806 | F46: =F62+F94 -> 461.177 | G46: =G62+G94 -> 432.519 | H46: =H62+H94 -> 467.913 | I46: =I62+I94 -> 450.535 | ... M46: =M62+M94 -> 451.53088
A47: =A31 -> Dec | B47: =B63+B95 -> 448.25 | C47: =C63+C95 -> 474.265 | D47: =D63+D95 -> 484.584 | E47: =E63+E95 -> 456.591 | F47: =F63+F95 -> 478.413 | G47: =G63+G95 -> 429.498 | H47: =H63+H95 -> 474.88 | I47: =I63+I95 -> 425.788 | ... M47: =M63+M95 -> 464.64411
A48: Total | B48: =SUM(B36:B47) -> 5222.702 | C48: =SUM(C36:C47) -> 5291.545 | D48: =SUM(D36:D47) -> 5495.718 | E48: =SUM(E36:E47) -> 5547.079 | F48: =SUM(F36:F47) -> 5331.765 | G48: =SUM(G36:G47) -> 4765.284 | H48: =SUM(H36:H47) -> 5262.604 | I48: =SUM(I36:I47) -> 5206.425 | ... M48: =SUM(M36:M47) -> 5309.6322
A50: DRY MILL
A51: (million bushels) | B51: =B19 -> 2015 | C51: =C19 -> 2016 | D51: =D19 -> 2017 | E51: =E19 -> 2018 | F51: =F19 -> 2019 | G51: =G19 -> 2020 | H51: =H19 -> 2021 | I51: =I19 -> 2022 | ... M51: =M19 -> 2026
A52: =A20 -> Jan | B52: ='Ethanol Balance Sheet'!W133 -> 396.007 | C52: ='Ethanol Balance Sheet'!X133 -> 397.028 | D52: ='Ethanol Balance Sheet'!Y133 -> 424.269 | E52: ='Ethanol Balance Sheet'!Z133 -> 431.474 | F52: ='Ethanol Balance Sheet'!AA133 -> 405.454 | G52: ='Ethanol Balance Sheet'!AB133 -> 422.564 | H52: ='Ethanol Balance Sheet'!AC133 -> 373.563 | I52: ='Ethanol Balance Sheet'!AD133 -> 427.804 | ... M52: ='Ethanol Balance Sheet'!AH133 -> 411.2565
A53: =A21 -> Feb | B53: ='Ethanol Balance Sheet'!W134 -> 353.763 | C53: ='Ethanol Balance Sheet'!X134 -> 377.53 | D53: ='Ethanol Balance Sheet'!Y134 -> 382.383 | E53: ='Ethanol Balance Sheet'!Z134 -> 393.318 | F53: ='Ethanol Balance Sheet'!AA134 -> 367.273 | G53: ='Ethanol Balance Sheet'!AB134 -> 389.345 | H53: ='Ethanol Balance Sheet'!AC134 -> 300.49 | I53: ='Ethanol Balance Sheet'!AD134 -> 378.454 | ... M53: ='Ethanol Balance Sheet'!AH134 -> 382.78224
A54: =A22 -> Mar | B54: ='Ethanol Balance Sheet'!W135 -> 391.736 | C54: ='Ethanol Balance Sheet'!X135 -> 390.918 | D54: ='Ethanol Balance Sheet'!Y135 -> 413.733 | E54: ='Ethanol Balance Sheet'!Z135 -> 428.916 | F54: ='Ethanol Balance Sheet'!AA135 -> 400.937 | G54: ='Ethanol Balance Sheet'!AB135 -> 370.08 | H54: ='Ethanol Balance Sheet'!AC135 -> 383.544 | I54: ='Ethanol Balance Sheet'!AD135 -> 419.667 | ... M54: ='Ethanol Balance Sheet'!AH135 -> 419.12414
A55: =A23 -> Apr | B55: ='Ethanol Balance Sheet'!W136 -> 365.028 | C55: ='Ethanol Balance Sheet'!X136 -> 358.391 | D55: ='Ethanol Balance Sheet'!Y136 -> 393.645 | E55: ='Ethanol Balance Sheet'!Z136 -> 405.732 | F55: ='Ethanol Balance Sheet'!AA136 -> 399.729 | G55: ='Ethanol Balance Sheet'!AB136 -> 213.905 | H55: ='Ethanol Balance Sheet'!AC136 -> 411.559 | I55: ='Ethanol Balance Sheet'!AD136 -> 386.966 | ... M55: ='Ethanol Balance Sheet'!AH136 -> 393.00361
A56: =A24 -> May | B56: ='Ethanol Balance Sheet'!W137 -> 401.263 | C56: ='Ethanol Balance Sheet'!X137 -> 379.474 | D56: ='Ethanol Balance Sheet'!Y137 -> 405.503 | E56: ='Ethanol Balance Sheet'!Z137 -> 430.324 | F56: ='Ethanol Balance Sheet'!AA137 -> 418.28 | G56: ='Ethanol Balance Sheet'!AB137 -> 255.617 | H56: ='Ethanol Balance Sheet'!AC137 -> 402.743 | I56: ='Ethanol Balance Sheet'!AD137 -> 412.727 | ... M56: ='Ethanol Balance Sheet'!AH137 -> 412.50754
A57: =A25 -> Jun | B57: ='Ethanol Balance Sheet'!W138 -> 395.704 | C57: ='Ethanol Balance Sheet'!X138 -> 382.797 | D57: ='Ethanol Balance Sheet'!Y138 -> 388.298 | E57: ='Ethanol Balance Sheet'!Z138 -> 421.463 | F57: ='Ethanol Balance Sheet'!AA138 -> 415.763 | G57: ='Ethanol Balance Sheet'!AB138 -> 337.665 | H57: ='Ethanol Balance Sheet'!AC138 -> 411.042 | I57: ='Ethanol Balance Sheet'!AD138 -> 407.831 | ... M57: ='Ethanol Balance Sheet'!AH138 -> 414.15552
A58: =A26 -> Jul | B58: ='Ethanol Balance Sheet'!W139 -> 401.423 | C58: ='Ethanol Balance Sheet'!X139 -> 408.504 | D58: ='Ethanol Balance Sheet'!Y139 -> 412.305 | E58: ='Ethanol Balance Sheet'!Z139 -> 438.081 | F58: ='Ethanol Balance Sheet'!AA139 -> 407.328 | G58: ='Ethanol Balance Sheet'!AB139 -> 379.063 | H58: ='Ethanol Balance Sheet'!AC139 -> 429.391 | I58: ='Ethanol Balance Sheet'!AD139 -> 413.629 | ... M58: ='Ethanol Balance Sheet'!AH139 -> 413.77223
A59: =A27 -> Aug | B59: ='Ethanol Balance Sheet'!W140 -> 398.222 | C59: ='Ethanol Balance Sheet'!X140 -> 411.406 | D59: ='Ethanol Balance Sheet'!Y140 -> 431.268 | E59: ='Ethanol Balance Sheet'!Z140 -> 441.043 | F59: ='Ethanol Balance Sheet'!AA140 -> 410.749 | G59: ='Ethanol Balance Sheet'!AB140 -> 371.3 | H59: ='Ethanol Balance Sheet'!AC140 -> 439.312 | I59: ='Ethanol Balance Sheet'!AD140 -> 402.322 | ... M59: ='Ethanol Balance Sheet'!AH140 -> 438.25757
A60: =A28 -> Sep | B60: ='Ethanol Balance Sheet'!X129 -> 382.208 | C60: ='Ethanol Balance Sheet'!Y129 -> 388.472 | D60: ='Ethanol Balance Sheet'!Z129 -> 399.974 | E60: ='Ethanol Balance Sheet'!AA129 -> 410.966 | F60: ='Ethanol Balance Sheet'!AB129 -> 365.513 | G60: ='Ethanol Balance Sheet'!AC129 -> 361.485 | H60: ='Ethanol Balance Sheet'!AD129 -> 371.207 | I60: ='Ethanol Balance Sheet'!AE129 -> 355.294 | ... M60: ='Ethanol Balance Sheet'!AI129 -> 386.63421
A61: =A29 -> Oct | B61: ='Ethanol Balance Sheet'!X130 -> 395.298 | C61: ='Ethanol Balance Sheet'!Y130 -> 407.491 | D61: ='Ethanol Balance Sheet'!Z130 -> 419.009 | E61: ='Ethanol Balance Sheet'!AA130 -> 418.645 | F61: ='Ethanol Balance Sheet'!AB130 -> 390.647 | G61: ='Ethanol Balance Sheet'!AC130 -> 389.346 | H61: ='Ethanol Balance Sheet'!AD130 -> 427.001 | I61: ='Ethanol Balance Sheet'!AE130 -> 414.444 | ... M61: ='Ethanol Balance Sheet'!AI130 -> 431.15513
A62: =A30 -> Nov | B62: ='Ethanol Balance Sheet'!X131 -> 387.777 | C62: ='Ethanol Balance Sheet'!Y131 -> 407.858 | D62: ='Ethanol Balance Sheet'!Z131 -> 429.123 | E62: ='Ethanol Balance Sheet'!AA131 -> 413.191 | F62: ='Ethanol Balance Sheet'!AB131 -> 413.477 | G62: ='Ethanol Balance Sheet'!AC131 -> 389.016 | H62: ='Ethanol Balance Sheet'!AD131 -> 429.207 | I62: ='Ethanol Balance Sheet'!AE131 -> 415.857 | ... M62: ='Ethanol Balance Sheet'!AI131 -> 422.04956
A63: =A31 -> Dec | B63: ='Ethanol Balance Sheet'!X132 -> 401.242 | C63: ='Ethanol Balance Sheet'!Y132 -> 424.893 | D63: ='Ethanol Balance Sheet'!Z132 -> 439.929 | E63: ='Ethanol Balance Sheet'!AA132 -> 418.029 | F63: ='Ethanol Balance Sheet'!AB132 -> 431.514 | G63: ='Ethanol Balance Sheet'!AC132 -> 388.228 | H63: ='Ethanol Balance Sheet'!AD132 -> 439.172 | I63: ='Ethanol Balance Sheet'!AE132 -> 391.819 | ... M63: ='Ethanol Balance Sheet'!AI132 -> 435.26518
A64: Total | B64: =SUM(B52:B63) -> 4669.671 | C64: =SUM(C52:C63) -> 4734.762 | D64: =SUM(D52:D63) -> 4939.439 | E64: =SUM(E52:E63) -> 5051.182 | F64: =SUM(F52:F63) -> 4826.664 | G64: =SUM(G52:G63) -> 4267.614 | H64: =SUM(H52:H63) -> 4818.231 | I64: =SUM(I52:I63) -> 4826.814 | ... M64: =SUM(M52:M63) -> 4959.9634
A66: TOTAL WET MILL
A67: (million bushels) | B67: =B19 -> 2015 | C67: =C19 -> 2016 | D67: =D19 -> 2017 | E67: =E19 -> 2018 | F67: =F19 -> 2019 | G67: =G19 -> 2020 | H67: =H19 -> 2021 | I67: =I19 -> 2022 | ... M67: =M19 -> 2026
A68: =A20 -> Jan | B68: =B84+B100 -> 91.272 | C68: =C84+C100 -> 84.738 | D68: =D84+D100 -> 84.55 | E68: =E84+E100 -> 81.213 | F68: =F84+F100 -> 74.569 | G68: =G84+G100 -> 83.866 | H68: =H84+H100 -> 69.545 | I68: =I84+I100 -> 68.457 | ... M68: =M84+M100 -> 65.578158
A69: =A21 -> Feb | B69: =B85+B101 -> 77.904 | C69: =C85+C101 -> 88.021 | D69: =D85+D101 -> 85.788 | E69: =E85+E101 -> 83.962 | F69: =F85+F101 -> 76.402 | G69: =G85+G101 -> 78.431 | H69: =H85+H101 -> 69.554 | I69: =I85+I101 -> 72.071 | ... M69: =M85+M101 -> 65.740294
A70: =A22 -> Mar | B70: =B86+B102 -> 90.44 | C70: =C86+C102 -> 86.476 | D70: =D86+D102 -> 91.705 | E70: =E86+E102 -> 82.987 | F70: =F86+F102 -> 83.353 | G70: =G86+G102 -> 74.086 | H70: =H86+H102 -> 79.464 | I70: =I86+I102 -> 71.964 | ... M70: =M86+M102 -> 69.660994
A71: =A23 -> Apr | B71: =B87+B103 -> 87.599 | C71: =C87+C103 -> 89.797 | D71: =D87+D103 -> 91.73 | E71: =E87+E103 -> 83.964 | F71: =F87+F103 -> 83.935 | G71: =G87+G103 -> 82.405 | H71: =H87+H103 -> 80.18 | I71: =I87+I103 -> 78.007 | ... M71: =M87+M103 -> 77.167284
A72: =A24 -> May | B72: =B88+B104 -> 95.346 | C72: =C88+C104 -> 89.316 | D72: =D88+D104 -> 92.506 | E72: =E88+E104 -> 86.113 | F72: =F88+F104 -> 87.336 | G72: =G88+G104 -> 79.169 | H72: =H88+H104 -> 83.787 | I72: =I88+I104 -> 81.361 | ... M72: =M88+M104 -> 76.966965
A73: =A25 -> Jun | B73: =B89+B105 -> 88.419 | C73: =C89+C105 -> 90.944 | D73: =D89+D105 -> 86.481 | E73: =E89+E105 -> 88.546 | F73: =F89+F105 -> 87.011 | G73: =G89+G105 -> 84.706 | H73: =H89+H105 -> 79.541 | I73: =I89+I105 -> 73.657 | ... M73: =M89+M105 -> 72.196741
A74: =A26 -> Jul | B74: =B90+B106 -> 91.116 | C74: =C90+C106 -> 91.515 | D74: =D90+D106 -> 95.808 | E74: =E90+E106 -> 87.584 | F74: =F90+F106 -> 88.113 | G74: =G90+G106 -> 80.498 | H74: =H90+H106 -> 82.076 | I74: =I90+I106 -> 71.761 | ... M74: =M90+M106 -> 70.46714
A75: =A27 -> Aug | B75: =B91+B107 -> 90.006 | C75: =C91+C107 -> 90.418 | D75: =D91+D107 -> 96.721 | E75: =E91+E107 -> 83.238 | F75: =F91+F107 -> 84.078 | G75: =G91+G107 -> 78.797 | H75: =H91+H107 -> 79.643 | I75: =I91+I107 -> 69.002 | ... M75: =M91+M107 -> 71.121871
A76: =A28 -> Sep | B76: =B92+B108 -> 86.991 | C76: =C92+C108 -> 89.363 | D76: =D92+D108 -> 94.475 | E76: =E92+E108 -> 84.811 | F76: =F92+F108 -> 82.133 | G76: =G92+G108 -> 83.574 | H76: =H92+H108 -> 80.122 | I76: =I92+I108 -> 68.699 | ... M76: =M92+M108 -> 69.437669
A77: =A29 -> Oct | B77: =B93+B109 -> 88.512 | C77: =C93+C109 -> 86.749 | D77: =D93+D109 -> 90.748 | E77: =E93+E109 -> 82.211 | F77: =F93+F109 -> 82.76 | G77: =G93+G109 -> 80.931 | H77: =H93+H109 -> 79.408 | I77: =I93+I109 -> 78.649 | ... M77: =M93+M109 -> 71.465937
A78: =A30 -> Nov | B78: =B94+B110 -> 90.999 | C78: =C94+C110 -> 94.104 | D78: =D94+D110 -> 88.272 | E78: =E94+E110 -> 83.863 | F78: =F94+F110 -> 88.133 | G78: =G94+G110 -> 82.624 | H78: =H94+H110 -> 79.498 | I78: =I94+I110 -> 74.838 | ... M78: =M94+M110 -> 70.143452
A79: =A31 -> Dec | B79: =B95+B111 -> 88.732 | C79: =C95+C111 -> 92.644 | D79: =D95+D111 -> 85.908 | E79: =E95+E111 -> 79.427 | F79: =F95+F111 -> 87.857 | G79: =G95+G111 -> 79.218 | H79: =H95+H111 -> 76.359 | I79: =I95+I111 -> 72.268 | ... M79: =M95+M111 -> 69.722234
A80: Total | B80: =SUM(B68:B79) -> 1067.336 | C80: =SUM(C68:C79) -> 1074.085 | D80: =SUM(D68:D79) -> 1084.692 | E80: =SUM(E68:E79) -> 1007.919 | F80: =SUM(F68:F79) -> 1005.68 | G80: =SUM(G68:G79) -> 968.305 | H80: =SUM(H68:H79) -> 939.177 | I80: =SUM(I68:I79) -> 880.734 | ... M80: =SUM(M68:M79) -> 849.66874
A82: WET MILL FOR ETHANOL
A83: (million bushels) | B83: =B19 -> 2015 | C83: =C19 -> 2016 | D83: =D19 -> 2017 | E83: =E19 -> 2018 | F83: =F19 -> 2019 | G83: =G19 -> 2020 | H83: =H19 -> 2021 | I83: =I19 -> 2022 | ... M83: =M19 -> 2026
A84: =A20 -> Jan | B84: ='Ethanol Balance Sheet'!W148 -> 47.883 | C84: ='Ethanol Balance Sheet'!X149 -> 43.407 | D84: ='Ethanol Balance Sheet'!Y149 -> 41.114 | E84: ='Ethanol Balance Sheet'!Z149 -> 40.304 | F84: ='Ethanol Balance Sheet'!AA149 -> 35.621 | G84: ='Ethanol Balance Sheet'!AB149 -> 43.404 | H84: ='Ethanol Balance Sheet'!AC149 -> 30.263 | I84: ='Ethanol Balance Sheet'!AD149 -> 27.621 | J84: ='Ethanol Balance Sheet'!AE149 -> 37.07 | ... M84: ='Ethanol Balance Sheet'!AH149 -> 25.588169
A85: =A21 -> Feb | B85: ='Ethanol Balance Sheet'!W149 -> 40.32 | C85: ='Ethanol Balance Sheet'!X150 -> 47.463 | D85: ='Ethanol Balance Sheet'!Y150 -> 46.65 | E85: ='Ethanol Balance Sheet'!Z150 -> 43.996 | F85: ='Ethanol Balance Sheet'!AA150 -> 39.117 | G85: ='Ethanol Balance Sheet'!AB150 -> 40.234 | H85: ='Ethanol Balance Sheet'!AC150 -> 35.532 | I85: ='Ethanol Balance Sheet'!AD150 -> 33.607 | J85: ='Ethanol Balance Sheet'!AE150 -> 34.001 | ... M85: ='Ethanol Balance Sheet'!AH150 -> 28.51686
A86: =A22 -> Mar | B86: ='Ethanol Balance Sheet'!W150 -> 46.092 | C86: ='Ethanol Balance Sheet'!X151 -> 42.34 | D86: ='Ethanol Balance Sheet'!Y151 -> 47.144 | E86: ='Ethanol Balance Sheet'!Z151 -> 39.591 | F86: ='Ethanol Balance Sheet'!AA151 -> 40.748 | G86: ='Ethanol Balance Sheet'!AB151 -> 31.078 | H86: ='Ethanol Balance Sheet'!AC151 -> 37.305 | I86: ='Ethanol Balance Sheet'!AD151 -> 28.996 | J86: ='Ethanol Balance Sheet'!AE151 -> 37.013 | ... M86: ='Ethanol Balance Sheet'!AH151 -> 26.553369
A87: =A23 -> Apr | B87: ='Ethanol Balance Sheet'!W151 -> 42.691 | C87: ='Ethanol Balance Sheet'!X152 -> 46.21 | D87: ='Ethanol Balance Sheet'!Y152 -> 46.95 | E87: ='Ethanol Balance Sheet'!Z152 -> 40.08 | F87: ='Ethanol Balance Sheet'!AA152 -> 41.205 | G87: ='Ethanol Balance Sheet'!AB152 -> 44.317 | H87: ='Ethanol Balance Sheet'!AC152 -> 36.663 | I87: ='Ethanol Balance Sheet'!AD152 -> 33.873 | J87: ='Ethanol Balance Sheet'!AE152 -> 33.237 | ... M87: ='Ethanol Balance Sheet'!AH152 -> 33.866421
A88: =A24 -> May | B88: ='Ethanol Balance Sheet'!W152 -> 47.721 | C88: ='Ethanol Balance Sheet'!X153 -> 44.761 | D88: ='Ethanol Balance Sheet'!Y153 -> 46.044 | E88: ='Ethanol Balance Sheet'!Z153 -> 41.277 | F88: ='Ethanol Balance Sheet'!AA153 -> 40.668 | G88: ='Ethanol Balance Sheet'!AB153 -> 41.551 | H88: ='Ethanol Balance Sheet'!AC153 -> 39.295 | I88: ='Ethanol Balance Sheet'!AD153 -> 36.345 | J88: ='Ethanol Balance Sheet'!AE153 -> 32.557 | ... M88: ='Ethanol Balance Sheet'!AH153 -> 32.610932
A89: =A25 -> Jun | B89: ='Ethanol Balance Sheet'!W153 -> 45.568 | C89: ='Ethanol Balance Sheet'!X154 -> 47.918 | D89: ='Ethanol Balance Sheet'!Y154 -> 42.481 | E89: ='Ethanol Balance Sheet'!Z154 -> 43.239 | F89: ='Ethanol Balance Sheet'!AA154 -> 43.454 | G89: ='Ethanol Balance Sheet'!AB154 -> 44.991 | H89: ='Ethanol Balance Sheet'!AC154 -> 37.66 | I89: ='Ethanol Balance Sheet'!AD154 -> 32.112 | J89: ='Ethanol Balance Sheet'!AE154 -> 33.789 | ... M89: ='Ethanol Balance Sheet'!AH154 -> 29.95457
A90: =A26 -> Jul | B90: ='Ethanol Balance Sheet'!W154 -> 46.977 | C90: ='Ethanol Balance Sheet'!X155 -> 46.951 | D90: ='Ethanol Balance Sheet'!Y155 -> 50.273 | E90: ='Ethanol Balance Sheet'!Z155 -> 42.331 | F90: ='Ethanol Balance Sheet'!AA155 -> 43.884 | G90: ='Ethanol Balance Sheet'!AB155 -> 39.809 | H90: ='Ethanol Balance Sheet'!AC155 -> 38.706 | I90: ='Ethanol Balance Sheet'!AD155 -> 28.28 | J90: ='Ethanol Balance Sheet'!AE155 -> 36.874 | ... M90: ='Ethanol Balance Sheet'!AH155 -> 26.819412
A91: =A27 -> Aug | B91: ='Ethanol Balance Sheet'!W155 -> 47.496 | C91: ='Ethanol Balance Sheet'!X156 -> 46.748 | D91: ='Ethanol Balance Sheet'!Y156 -> 45.56 | E91: ='Ethanol Balance Sheet'!Z156 -> 38.322 | F91: ='Ethanol Balance Sheet'!AA156 -> 40.172 | G91: ='Ethanol Balance Sheet'!AB156 -> 40.047 | H91: ='Ethanol Balance Sheet'!AC156 -> 35.924 | I91: ='Ethanol Balance Sheet'!AD156 -> 27.979 | J91: ='Ethanol Balance Sheet'!AE156 -> 35.786 | ... M91: ='Ethanol Balance Sheet'!AH156 -> 28.549579
A92: =A28 -> Sep | B92: ='Ethanol Balance Sheet'!X145 -> 45.085 | C92: ='Ethanol Balance Sheet'!Y145 -> 48.328 | D92: ='Ethanol Balance Sheet'!Z145 -> 51.082 | E92: ='Ethanol Balance Sheet'!AA145 -> 43.238 | F92: ='Ethanol Balance Sheet'!AB145 -> 42.45 | G92: ='Ethanol Balance Sheet'!AC145 -> 44.821 | H92: ='Ethanol Balance Sheet'!AD145 -> 40.951 | I92: ='Ethanol Balance Sheet'!AE145 -> 27.979 | ... M92: ='Ethanol Balance Sheet'!AI145 -> 29.202426
A93: =A29 -> Oct | B93: ='Ethanol Balance Sheet'!X146 -> 46.126 | C93: ='Ethanol Balance Sheet'!Y146 -> 44.181 | D93: ='Ethanol Balance Sheet'!Z146 -> 46.542 | E93: ='Ethanol Balance Sheet'!AA146 -> 41.342 | F93: ='Ethanol Balance Sheet'!AB146 -> 43.183 | G93: ='Ethanol Balance Sheet'!AC146 -> 42.645 | H93: ='Ethanol Balance Sheet'!AD146 -> 37.66 | I93: ='Ethanol Balance Sheet'!AE146 -> 34.172 | ... M93: ='Ethanol Balance Sheet'!AI146 -> 29.146745
A94: =A30 -> Nov | B94: ='Ethanol Balance Sheet'!X147 -> 50.064 | C94: ='Ethanol Balance Sheet'!Y147 -> 49.104 | D94: ='Ethanol Balance Sheet'!Z147 -> 47.784 | E94: ='Ethanol Balance Sheet'!AA147 -> 43.615 | F94: ='Ethanol Balance Sheet'!AB147 -> 47.7 | G94: ='Ethanol Balance Sheet'!AC147 -> 43.503 | H94: ='Ethanol Balance Sheet'!AD147 -> 38.706 | I94: ='Ethanol Balance Sheet'!AE147 -> 34.678 | ... M94: ='Ethanol Balance Sheet'!AI147 -> 29.481328
A95: =A31 -> Dec | B95: ='Ethanol Balance Sheet'!X148 -> 47.008 | C95: ='Ethanol Balance Sheet'!Y148 -> 49.372 | D95: ='Ethanol Balance Sheet'!Z148 -> 44.655 | E95: ='Ethanol Balance Sheet'!AA148 -> 38.562 | F95: ='Ethanol Balance Sheet'!AB148 -> 46.899 | G95: ='Ethanol Balance Sheet'!AC148 -> 41.27 | H95: ='Ethanol Balance Sheet'!AD148 -> 35.708 | I95: ='Ethanol Balance Sheet'!AE148 -> 33.969 | ... M95: ='Ethanol Balance Sheet'!AI148 -> 29.378929
A96: Total | B96: =SUM(B84:B95) -> 553.031 | C96: =SUM(C84:C95) -> 556.783 | D96: =SUM(D84:D95) -> 556.279 | E96: =SUM(E84:E95) -> 495.897 | F96: =SUM(F84:F95) -> 505.101 | G96: =SUM(G84:G95) -> 497.67 | H96: =SUM(H84:H95) -> 444.373 | I96: =SUM(I84:I95) -> 379.611 | ... M96: =SUM(M84:M95) -> 349.66874
A98: WET MILL FOR OTHER PRODUCTS
A99: (million bushels) | B99: =B35 -> 2015 | C99: =C35 -> 2016 | D99: =D35 -> 2017 | E99: =E35 -> 2018 | F99: =F35 -> 2019 | G99: =G35 -> 2020 | H99: =H35 -> 2021 | I99: =I35 -> 2022 | ... M99: =M35 -> 2026
A100: =A36 -> Jan | B100: ='NASS Data'!$H5 -> 43.389 | C100: ='NASS Data'!$H17 -> 41.331 | D100: ='NASS Data'!$H29 -> 43.436 | E100: ='NASS Data'!$H41 -> 40.909 | F100: ='NASS Data'!$H53 -> 38.948 | G100: ='NASS Data'!$H65 -> 40.462 | H100: ='NASS Data'!$H77 -> 39.282 | I100: ='NASS Data'!$H89 -> 40.836 | J100: ='NASS Data'!$H101 -> 38.839 | K100: =K$112*(SUM(F100:J100)/SUM(F$112:J$112)) -> 40.201796 | L100: =L$112*(SUM(G100:K100)/SUM(G$112:K$112)) -> 40.465392 | M100: =M$112*(SUM(H100:L100)/SUM(H$112:L$112)) -> 39.989989
A101: =A37 -> Feb | B101: ='NASS Data'!$H6 -> 37.584 | C101: ='NASS Data'!$H18 -> 40.558 | D101: ='NASS Data'!$H30 -> 39.138 | E101: ='NASS Data'!$H42 -> 39.966 | F101: ='NASS Data'!$H54 -> 37.285 | G101: ='NASS Data'!$H66 -> 38.197 | H101: ='NASS Data'!$H78 -> 34.022 | I101: ='NASS Data'!$H90 -> 38.464 | J101: =J$112*(SUM(E101:I101)/SUM(E$112:I$112)) -> 37.902712 | K101: =K$112*(SUM(F101:J101)/SUM(F$112:J$112)) -> 37.669252 | L101: =L$112*(SUM(G101:K101)/SUM(G$112:K$112)) -> 37.755987 | M101: =M$112*(SUM(H101:L101)/SUM(H$112:L$112)) -> 37.223434
A102: =A38 -> Mar | B102: ='NASS Data'!$H7 -> 44.348 | C102: ='NASS Data'!$H19 -> 44.136 | D102: ='NASS Data'!$H31 -> 44.561 | E102: ='NASS Data'!$H43 -> 43.396 | F102: ='NASS Data'!$H55 -> 42.605 | G102: ='NASS Data'!$H67 -> 43.008 | H102: ='NASS Data'!$H79 -> 42.159 | I102: ='NASS Data'!$H91 -> 42.968 | J102: =J$112*(SUM(E102:I102)/SUM(E$112:I$112)) -> 43.187156 | K102: =K$112*(SUM(F102:J102)/SUM(F$112:J$112)) -> 43.355276 | L102: =L$112*(SUM(G102:K102)/SUM(G$112:K$112)) -> 43.517542 | M102: =M$112*(SUM(H102:L102)/SUM(H$112:L$112)) -> 43.107626
A103: =A39 -> Apr | B103: ='NASS Data'!$H8 -> 44.908 | C103: ='NASS Data'!$H20 -> 43.587 | D103: ='NASS Data'!$H32 -> 44.78 | E103: ='NASS Data'!$H44 -> 43.884 | F103: ='NASS Data'!$H56 -> 42.73 | G103: ='NASS Data'!$H68 -> 38.088 | H103: ='NASS Data'!$H80 -> 43.517 | I103: ='NASS Data'!$H92 -> 44.134 | J103: =J$112*(SUM(E103:I103)/SUM(E$112:I$112)) -> 42.827559 | K103: =K$112*(SUM(F103:J103)/SUM(F$112:J$112)) -> 42.822149 | L103: =L$112*(SUM(G103:K103)/SUM(G$112:K$112)) -> 42.850881 | M103: =M$112*(SUM(H103:L103)/SUM(H$112:L$112)) -> 43.300864
A104: =A40 -> May | B104: ='NASS Data'!$H9 -> 47.625 | C104: ='NASS Data'!$H21 -> 44.555 | D104: ='NASS Data'!$H33 -> 46.462 | E104: ='NASS Data'!$H45 -> 44.836 | F104: ='NASS Data'!$H57 -> 46.668 | G104: ='NASS Data'!$H69 -> 37.618 | H104: ='NASS Data'!$H81 -> 44.492 | I104: ='NASS Data'!$H93 -> 45.016 | J104: =J$112*(SUM(E104:I104)/SUM(E$112:I$112)) -> 44.093511 | K104: =K$112*(SUM(F104:J104)/SUM(F$112:J$112)) -> 44.157896 | L104: =L$112*(SUM(G104:K104)/SUM(G$112:K$112)) -> 43.659435 | M104: =M$112*(SUM(H104:L104)/SUM(H$112:L$112)) -> 44.356033
A105: =A41 -> Jun | B105: ='NASS Data'!$H10 -> 42.851 | C105: ='NASS Data'!$H22 -> 43.026 | D105: ='NASS Data'!$H34 -> 44 | E105: ='NASS Data'!$H46 -> 45.307 | F105: ='NASS Data'!$H58 -> 43.557 | G105: ='NASS Data'!$H70 -> 39.715 | H105: ='NASS Data'!$H82 -> 41.881 | I105: ='NASS Data'!$H94 -> 41.545 | J105: =J$112*(SUM(E105:I105)/SUM(E$112:I$112)) -> 42.757374 | K105: =K$112*(SUM(F105:J105)/SUM(F$112:J$112)) -> 42.449008 | L105: =L$112*(SUM(G105:K105)/SUM(G$112:K$112)) -> 42.234369 | M105: =M$112*(SUM(H105:L105)/SUM(H$112:L$112)) -> 42.242171
A106: =A42 -> Jul | B106: ='NASS Data'!$H11 -> 44.139 | C106: ='NASS Data'!$H23 -> 44.564 | D106: ='NASS Data'!$H35 -> 45.535 | E106: ='NASS Data'!$H47 -> 45.253 | F106: ='NASS Data'!$H59 -> 44.229 | G106: ='NASS Data'!$H71 -> 40.689 | H106: ='NASS Data'!$H83 -> 43.37 | I106: ='NASS Data'!$H95 -> 43.481 | J106: =J$112*(SUM(E106:I106)/SUM(E$112:I$112)) -> 43.769208 | K106: =K$112*(SUM(F106:J106)/SUM(F$112:J$112)) -> 43.681777 | L106: =L$112*(SUM(G106:K106)/SUM(G$112:K$112)) -> 43.581103 | M106: =M$112*(SUM(H106:L106)/SUM(H$112:L$112)) -> 43.647728
A107: =A43 -> Aug | B107: ='NASS Data'!$H12 -> 42.51 | C107: ='NASS Data'!$H24 -> 43.67 | D107: ='NASS Data'!$H36 -> 51.161 | E107: ='NASS Data'!$H48 -> 44.916 | F107: ='NASS Data'!$H60 -> 43.906 | G107: ='NASS Data'!$H72 -> 38.75 | H107: ='NASS Data'!$H84 -> 43.719 | I107: ='NASS Data'!$H96 -> 41.023 | J107: =J$112*(SUM(E107:I107)/SUM(E$112:I$112)) -> 42.819694 | K107: =K$112*(SUM(F107:J107)/SUM(F$112:J$112)) -> 42.603502 | L107: =L$112*(SUM(G107:K107)/SUM(G$112:K$112)) -> 42.349472 | M107: =M$112*(SUM(H107:L107)/SUM(H$112:L$112)) -> 42.572292
A108: =A44 -> Sep | B108: ='NASS Data'!$H13 -> 41.906 | C108: ='NASS Data'!$H25 -> 41.035 | D108: ='NASS Data'!$H37 -> 43.393 | E108: ='NASS Data'!$H49 -> 41.573 | F108: ='NASS Data'!$H61 -> 39.683 | G108: ='NASS Data'!$H73 -> 38.753 | H108: ='NASS Data'!$H85 -> 39.171 | I108: ='NASS Data'!$H97 -> 40.72 | J108: =J$112*(SUM(E108:I108)/SUM(E$112:I$112)) -> 40.316026 | K108: =K$112*(SUM(F108:J108)/SUM(F$112:J$112)) -> 40.257737 | L108: =L$112*(SUM(G108:K108)/SUM(G$112:K$112)) -> 40.383693 | M108: =M$112*(SUM(H108:L108)/SUM(H$112:L$112)) -> 40.235242
...

Sheet Co-Products Production
A1: CORN OIL PRODUCTION
A2: (000 tonnes) | B2: ='Corn Grind Forecast for Co-Prod'!B2 -> 2015 | C2: ='Corn Grind Forecast for Co-Prod'!C2 -> 2016 | D2: ='Corn Grind Forecast for Co-Prod'!D2 -> 2017 | E2: ='Corn Grind Forecast for Co-Prod'!E2 -> 2018 | F2: ='Corn Grind Forecast for Co-Prod'!F2 -> 2019 | G2: ='Corn Grind Forecast for Co-Prod'!G2 -> 2020 | H2: ='Corn Grind Forecast for Co-Prod'!H2 -> 2021 | I2: ='Corn Grind Forecast for Co-Prod'!I2 -> 2022 | ... M2: ='Corn Grind Forecast for Co-Prod'!M2 -> 2026 | O2: Corn Oil
A3: Jan | P3: January | Q3: February | R3: March | S3: April | T3: May | U3: June | V3: July | W3: August | X3: September | Y3: October | Z3: November | AA3: December
A4: Feb | O4: 2015 | P4: {=TRANSPOSE('[1]Corn Oil Balance Sheet'!W71:W79)} -> 326.33486 | Q4: 325.58612 | R4: 316.94214 | S4: 301.22999 | T4: 377.73335 | U4: 353.95908 | V4: 425.58881 | W4: 432.35557 | X4: 450.98607 | Y4: {=TRANSPOSE('[1]Corn Oil Balance Sheet'!X68:X70)} -> 0 | Z4: 15/16 | AA4: 431.61689
A5: Mar | O5: 2016 | P5: {=TRANSPOSE('[1]Corn Oil Balance Sheet'!X71:X79)} -> 429.51044 | Q5: 399.00872 | R5: 397.85201 | S5: 440.06451 | T5: 449.17349 | U5: 414.96445 | V5: 454.72705 | W5: 474.67563 | X5: 472.36063 | Y5: {=TRANSPOSE('[1]Corn Oil Balance Sheet'!Y68:Y70)} -> 0 | Z5: 16/17 | AA5: 434.43197
A6: Apr | O6: 2017 | P6: {=TRANSPOSE('[1]Corn Oil Balance Sheet'!Y71:Y79)} -> 416.63087 | Q6: 421.4198 | R6: 481.51527 | S6: 435.67918 | T6: 482.30713 | U6: 446.21996 | V6: 498.51286 | W6: 444.99655 | X6: 488.22964 | Y6: {=TRANSPOSE('[1]Corn Oil Balance Sheet'!Z68:Z70)} -> 0 | Z6: 17/18 | AA6: 478.77938
A7: May | O7: 2018 | P7: {=TRANSPOSE('[1]Corn Oil Balance Sheet'!Z71:Z79)} -> 512.98965 | Q7: 506.66984 | R7: 479.87127 | S7: 466.77133 | T7: 435.32983 | U7: 434.12423 | V7: 454.70848 | W7: 465.56847 | X7: 487.56656 | Y7: {=TRANSPOSE('[1]Corn Oil Balance Sheet'!AA68:AA70)} -> 0 | Z7: 18/19 | AA7: 452.99598
A8: Jun | O8: 2019 | P8: {=TRANSPOSE('[1]Corn Oil Balance Sheet'!AA71:AA79)} -> 453.33848 | Q8: 459.60075 | R8: 429.68132 | S8: 394.90387 | T8: 443.37858 | U8: 436.44775 | V8: 461.07761 | W8: 470.93613 | X8: 481.28785 | Y8: {=TRANSPOSE('[1]Corn Oil Balance Sheet'!AB68:AB70)} -> 0 | Z8: 19/20 | AA8: 396.95476
A9: Jul | O9: 2020 | P9: {=TRANSPOSE('[1]Corn Oil Balance Sheet'!AB71:AB79)} -> 471.40604 | Q9: 489.37907 | R9: 451.58351 | S9: 429.52651 | T9: 447.94753 | U9: 312.82991 | V9: 387.01678 | W9: 402.76219 | X9: 432.87205 | Y9: {=TRANSPOSE('[1]Corn Oil Balance Sheet'!AC68:AC70)} -> 0 | Z9: 20/21 | AA9: 449.99979
A10: Aug | O10: 2021 | P10: {=TRANSPOSE('[1]Corn Oil Balance Sheet'!AC71:AC79)} -> 464.80949 | Q10: 453.70153 | R10: 436.51762 | S10: 348.08275 | T10: 443.05526 | U10: 421.95178 | V10: 460.33644 | W10: 450.57108 | X10: 482.56332 | Y10: {=TRANSPOSE('[1]Corn Oil Balance Sheet'!AD68:AD70)} -> 0 | Z10: 21/22 | AA10: 471.30329
A11: Sep
A12: Oct | O12: Corn Gluten Meal
A13: Nov | P13: January | Q13: February | R13: March | S13: April | T13: May | U13: June | V13: July | W13: August | X13: September | Y13: October | Z13: November | AA13: December
A14: Dec | O14: 2015 | P14: {=TRANSPOSE('Corn Gluten Meal Balance Sheet'!W21:W28)} -> 90.617 | Q14: 80.855 | R14: 93.078 | S14: 89.356 | T14: 97.139 | U14: 92.237 | V14: 97.13 | W14: 96.072 | X14: {=TRANSPOSE('Corn Gluten Meal Balance Sheet'!X17:X20)} -> 86.522 | Y14: 83.213 | Z14: 84.505 | AA14: 88.921
A15: Total | O15: 2016 | P15: {=TRANSPOSE('Corn Gluten Meal Balance Sheet'!X21:X28)} -> 87.266 | Q15: 83.643 | R15: 91.945 | S15: 84.916 | T15: 88.177 | U15: 84.034 | V15: 89.125 | W15: 87.793 | X15: {=TRANSPOSE('Corn Gluten Meal Balance Sheet'!Y17:Y20)} -> 86.725 | Y15: 86.227 | Z15: 84.092 | AA15: 89.092
O16: 2017 | P16: {=TRANSPOSE('Corn Gluten Meal Balance Sheet'!Y21:Y28)} -> 90.593 | Q16: 78.78 | R16: 89.491 | S16: 90.133 | T16: 91.895 | U16: 86.806 | V16: 85.087 | W16: 92.823 | X16: {=TRANSPOSE('Corn Gluten Meal Balance Sheet'!Z17:Z20)} -> 87.322 | Y16: 93.463 | Z16: 90.366 | AA16: 91.092
A17: CORN GLUTEN MEAL PRODUCTION | F17: 2.6 | G17: Wet Mill for Ethanol | I17: 2.6 | J17: Wet Mill for Other | O17: 2018 | P17: {=TRANSPOSE('Corn Gluten Meal Balance Sheet'!Z21:Z28)} -> 91.519 | Q17: 90.924 | R17: 97.157 | S17: 91.427 | T17: 92.487 | U17: 93.357 | V17: 93.113 | W17: 91.947 | X17: {=TRANSPOSE('Corn Gluten Meal Balance Sheet'!AA17:AA20)} -> 83.262 | Y17: 90.899 | Z17: 85.51 | AA17: 88.638
A18: (000 tonnes) | B18: =B2 -> 2015 | C18: =C2 -> 2016 | D18: =D2 -> 2017 | E18: =E2 -> 2018 | F18: =F2 -> 2019 | G18: =G2 -> 2020 | H18: =H2 -> 2021 | I18: =I2 -> 2022 | ... M18: =M2 -> 2026 | O18: 2019 | P18: {=TRANSPOSE('Corn Gluten Meal Balance Sheet'!AA21:AA28)} -> 84.214 | Q18: 77.454 | R18: 88.89 | S18: 91.364 | T18: 93.185 | U18: 92.107 | V18: 93.494 | W18: 90.513 | X18: {=TRANSPOSE('Corn Gluten Meal Balance Sheet'!AB17:AB20)} -> 86.423 | Y18: 87.589 | Z18: 90.102 | AA18: 93.644
A19: Jan | B19: ='NASS Data'!$R5 -> 90.617 | C19: ='NASS Data'!$R17 -> 87.266 | D19: ='NASS Data'!$R29 -> 90.593 | E19: ='NASS Data'!$R41 -> 91.519 | F19: ='NASS Data'!$R53 -> 84.214 | G19: ='NASS Data'!$R65 -> 93.097 | H19: ='NASS Data'!$R77 -> 116.178 | I19: ='NASS Data'!$R89 -> 102.711 | J19: ='NASS Data'!$R101 -> 117.945 | O19: 2020 | P19: {=TRANSPOSE('Corn Gluten Meal Balance Sheet'!AB21:AB28)} -> 93.097 | Q19: 88.021 | R19: 92.269 | S19: 76.897 | T19: 91.013 | U19: 90.257 | V19: 93.578 | W19: 86.406 | X19: {=TRANSPOSE('Corn Gluten Meal Balance Sheet'!AC17:AC20)} -> 85.348 | Y19: 108.844 | Z19: 108.624 | AA19: 113.754
A20: Feb | B20: ='NASS Data'!$R6 -> 80.855 | C20: ='NASS Data'!$R18 -> 83.643 | D20: ='NASS Data'!$R30 -> 78.78 | E20: ='NASS Data'!$R42 -> 90.924 | F20: ='NASS Data'!$R54 -> 77.454 | G20: ='NASS Data'!$R66 -> 88.021 | H20: ='NASS Data'!$R78 -> 97.68 | I20: ='NASS Data'!$R90 -> 78.04 | J20: ='NASS Data'!$R102 -> 108.496 | O20: 2021 | P20: {=TRANSPOSE('Corn Gluten Meal Balance Sheet'!AC21:AC28)} -> 116.178 | Q20: 97.68 | R20: 113.365 | S20: 113.905 | T20: 114.135 | U20: 112.189 | V20: 103.107 | W20: 106.05 | X20: {=TRANSPOSE('Corn Gluten Meal Balance Sheet'!AD17:AD20)} -> 106.657 | Y20: 108.083 | Z20: 110.303 | AA20: 107.003
A21: Mar | B21: ='NASS Data'!$R7 -> 93.078 | C21: ='NASS Data'!$R19 -> 91.945 | D21: ='NASS Data'!$R31 -> 89.491 | E21: ='NASS Data'!$R43 -> 97.157 | F21: ='NASS Data'!$R55 -> 88.89 | G21: ='NASS Data'!$R67 -> 92.269 | H21: ='NASS Data'!$R79 -> 113.365 | I21: ='NASS Data'!$R91 -> 109.13 | J21: ='NASS Data'!$R103 -> 117.55
A22: Apr | B22: ='NASS Data'!$R8 -> 89.356 | C22: ='NASS Data'!$R20 -> 84.916 | D22: ='NASS Data'!$R32 -> 90.133 | E22: ='NASS Data'!$R44 -> 91.427 | F22: ='NASS Data'!$R56 -> 91.364 | G22: ='NASS Data'!$R68 -> 76.897 | H22: ='NASS Data'!$R80 -> 113.905 | I22: ='NASS Data'!$R92 -> 102.677 | J22: ='NASS Data'!$R104 -> 109.135 | O22: DDGs
A23: May | B23: ='NASS Data'!$R9 -> 97.139 | C23: ='NASS Data'!$R21 -> 88.177 | D23: ='NASS Data'!$R33 -> 91.895 | E23: ='NASS Data'!$R45 -> 92.487 | F23: ='NASS Data'!$R57 -> 93.185 | G23: ='NASS Data'!$R69 -> 91.013 | H23: ='NASS Data'!$R81 -> 114.135 | I23: ='NASS Data'!$R93 -> 112.099 | P23: January | Q23: February | R23: March | S23: April | T23: May | U23: June | V23: July | W23: August | X23: September | Y23: October | Z23: November | AA23: December
A24: Jun | B24: ='NASS Data'!$R10 -> 92.237 | C24: ='NASS Data'!$R22 -> 84.034 | D24: ='NASS Data'!$R34 -> 86.806 | E24: ='NASS Data'!$R46 -> 93.357 | F24: ='NASS Data'!$R58 -> 92.107 | G24: ='NASS Data'!$R70 -> 90.257 | H24: ='NASS Data'!$R82 -> 112.189 | I24: ='NASS Data'!$R94 -> 91.72 | O24: 2015 | P24: {=TRANSPOSE('DDG Balance Sheet'!W21:W28)} -> 4227.52 | Q24: 3714.434 | R24: 4114.251 | S24: 3790.007 | T24: 4064.125 | U24: 4002.509 | V24: 4048.223 | W24: 4005.33 | X24: {=TRANSPOSE('DDG Balance Sheet'!X17:X20)} -> 3952.081 | Y24: 4098.617 | Z24: 4000.477 | AA24: 4206.068
A25: Jul | B25: ='NASS Data'!$R11 -> 97.13 | C25: ='NASS Data'!$R23 -> 89.125 | D25: ='NASS Data'!$R35 -> 85.087 | E25: ='NASS Data'!$R47 -> 93.113 | F25: ='NASS Data'!$R59 -> 93.494 | G25: ='NASS Data'!$R71 -> 93.578 | H25: ='NASS Data'!$R83 -> 103.107 | I25: ='NASS Data'!$R95 -> 105.796 | O25: 2016 | P25: {=TRANSPOSE('DDG Balance Sheet'!X21:X28)} -> 4056.176 | Q25: 3813.954 | R25: 4080.824 | S25: 3786.491 | T25: 3916.363 | U25: 3867.797 | V25: 4040.177 | W25: 4085.356 | X25: {=TRANSPOSE('DDG Balance Sheet'!Y17:Y20)} -> 3932.323 | Y25: 4039.921 | Z25: 4089.211 | AA25: 4401.507
A26: Aug | B26: ='NASS Data'!$R12 -> 96.072 | C26: ='NASS Data'!$R24 -> 87.793 | D26: ='NASS Data'!$R36 -> 92.823 | E26: ='NASS Data'!$R48 -> 91.947 | F26: ='NASS Data'!$R60 -> 90.513 | G26: ='NASS Data'!$R72 -> 86.406 | H26: ='NASS Data'!$R84 -> 106.05 | I26: ='NASS Data'!$R96 -> 102.538 | O26: 2017 | P26: {=TRANSPOSE('DDG Balance Sheet'!Y21:Y28)} -> 4342.171 | Q26: 3896.199 | R26: 4271.233 | S26: 3923.583 | T26: 4164.23 | U26: 3972.359 | V26: 4159.53 | W26: 4318.463 | X26: {=TRANSPOSE('DDG Balance Sheet'!Z17:Z20)} -> 4011.437 | Y26: 4189.349 | Z26: 4279.206 | AA26: 4353.258
A27: Sep | B27: ='NASS Data'!$R13 -> 86.522 | C27: ='NASS Data'!$R25 -> 86.725 | D27: ='NASS Data'!$R37 -> 87.322 | E27: ='NASS Data'!$R49 -> 83.262 | F27: ='NASS Data'!$R61 -> 86.423 | G27: ='NASS Data'!$R73 -> 85.348 | H27: ='NASS Data'!$R85 -> 106.657 | I27: ='NASS Data'!$R97 -> 101.787 | O27: 2018 | P27: {=TRANSPOSE('DDG Balance Sheet'!Z21:Z28)} -> 4348.752 | Q27: 3917.447 | R27: 4282.669 | S27: 4084.864 | T27: 4225.635 | U27: 4106.352 | V27: 4250.612 | W27: 4295.942 | X27: {=TRANSPOSE('DDG Balance Sheet'!AA17:AA20)} -> 4032.269 | Y27: 4162.171 | Z27: 4094.03 | AA27: 4150.326
A28: Oct | B28: ='NASS Data'!$R14 -> 83.213 | C28: ='NASS Data'!$R26 -> 86.227 | D28: ='NASS Data'!$R38 -> 93.463 | E28: ='NASS Data'!$R50 -> 90.899 | F28: ='NASS Data'!$R62 -> 87.589 | G28: ='NASS Data'!$R74 -> 108.844 | H28: ='NASS Data'!$R86 -> 108.083 | I28: ='NASS Data'!$R98 -> 116.27 | O28: 2019 | P28: {=TRANSPOSE('DDG Balance Sheet'!AA21:AA28)} -> 4019.561 | Q28: 3669.798 | R28: 3937.679 | S28: 3951.016 | T28: 4144.254 | U28: 4014.826 | V28: 3942.077 | W28: 4042.589 | X28: {=TRANSPOSE('DDG Balance Sheet'!AB17:AB20)} -> 3692.296 | Y28: 3914.831 | Z28: 4003.279 | AA28: 4193.452
A29: Nov | B29: ='NASS Data'!$R15 -> 84.505 | C29: ='NASS Data'!$R27 -> 84.092 | D29: ='NASS Data'!$R39 -> 90.366 | E29: ='NASS Data'!$R51 -> 85.51 | F29: ='NASS Data'!$R63 -> 90.102 | G29: ='NASS Data'!$R75 -> 108.624 | H29: ='NASS Data'!$R87 -> 110.303 | I29: ='NASS Data'!$R99 -> 112.372 | O29: 2020 | P29: {=TRANSPOSE('DDG Balance Sheet'!AB21:AB28)} -> 4172.269 | Q29: 3829.821 | R29: 3657.943 | S29: 2158.139 | T29: 2377.774 | U29: 3066.031 | V29: 3427.503 | W29: 3448.392 | X29: {=TRANSPOSE('DDG Balance Sheet'!AC17:AC20)} -> 3442.772 | Y29: 3619.452 | Z29: 3665.82 | AA29: 3681.903
A30: Dec | B30: ='NASS Data'!$R16 -> 88.921 | C30: ='NASS Data'!$R28 -> 89.092 | D30: ='NASS Data'!$R40 -> 91.092 | E30: ='NASS Data'!$R52 -> 88.638 | F30: ='NASS Data'!$R64 -> 93.644 | G30: ='NASS Data'!$R76 -> 113.754 | H30: ='NASS Data'!$R88 -> 107.003 | I30: ='NASS Data'!$R100 -> 99.585 | O30: 2021 | P30: {=TRANSPOSE('DDG Balance Sheet'!AC21:AC28)} -> 3554.475 | Q30: 2932.308 | R30: 3677.521 | S30: 3562.906 | T30: 3752.399 | U30: 3821.831 | V30: 3833.347 | W30: 3688.475 | X30: {=TRANSPOSE('DDG Balance Sheet'!AD17:AD20)} -> 3665.723 | Y30: 4028.823 | Z30: 4221.268 | AA30: 4425.18
A31: Total | B31: =SUM(B19:B30) -> 1079.645 | C31: =SUM(C19:C30) -> 1043.035 | D31: =SUM(D19:D30) -> 1067.851 | E31: =SUM(E19:E30) -> 1090.24 | F31: =SUM(F19:F30) -> 1068.979 | G31: =SUM(G19:G30) -> 1128.108 | H31: =SUM(H19:H30) -> 1308.655 | I31: =SUM(I19:I30) -> 1234.725
A33: CORN GLUTEN FEED PRODUCTION
A34: (000 tonnes) | B34: =B2 -> 2015 | C34: =C2 -> 2016 | D34: =D2 -> 2017 | E34: =E2 -> 2018 | F34: =F2 -> 2019 | G34: =G2 -> 2020 | H34: =H2 -> 2021 | I34: =I2 -> 2022 | ... M34: =M2 -> 2026 | P34: January | Q34: February | R34: March | S34: April | T34: May | U34: June | V34: July | W34: August | X34: September | Y34: October | Z34: November | AA34: December
A35: Jan | B35: ='NASS Data'!$Q5 -> 321.768 | C35: ='NASS Data'!$Q17 -> 321.956 | D35: ='NASS Data'!$Q29 -> 347.389 | E35: ='NASS Data'!$Q41 -> 303.966 | F35: ='NASS Data'!$Q53 -> 263.218 | G35: ='NASS Data'!$Q65 -> 308.081 | H35: ='NASS Data'!$Q77 -> 282.163 | I35: ='NASS Data'!$Q89 -> 271.89 | J35: ='NASS Data'!$Q101 -> 268.446 | O35: 2015 | P35: 47.661786 | Q35: 40.123671 | R35: 45.878614 | S35: 42.536482 | T35: 47.205888 | U35: 45.171105 | V35: 47.021278 | W35: 47.361013 | X35: 43.527607 | Y35: 44.663334 | Z35: 45.991977 | AA35: 50.064
A36: Feb | B36: ='NASS Data'!$Q6 -> 283.99 | C36: ='NASS Data'!$Q18 -> 312.012 | D36: ='NASS Data'!$Q30 -> 269.325 | E36: ='NASS Data'!$Q42 -> 285.466 | F36: ='NASS Data'!$Q54 -> 250.857 | G36: ='NASS Data'!$Q66 -> 281.16 | H36: ='NASS Data'!$Q78 -> 217.605 | I36: ='NASS Data'!$Q90 -> 237.555 | J36: ='NASS Data'!$Q102 -> 247.817 | O36: 2016 | P36: 47.339112 | Q36: 43.428396 | R36: 48.38675 | S36: 43.098328 | T36: 46.197948 | U36: 44.790369 | V36: 47.970021 | W36: 46.976692 | X36: 46.752814 | Y36: 48.383568 | Z36: 44.222093 | AA36: 49.104
A37: Mar | B37: ='NASS Data'!$Q7 -> 331.547 | C37: ='NASS Data'!$Q19 -> 342.668 | D37: ='NASS Data'!$Q31 -> 355.194 | E37: ='NASS Data'!$Q43 -> 319.757 | F37: ='NASS Data'!$Q55 -> 304.047 | G37: ='NASS Data'!$Q67 -> 291.861 | H37: ='NASS Data'!$Q79 -> 266.308 | I37: ='NASS Data'!$Q91 -> 250.258 | J37: ='NASS Data'!$Q103 -> 292.483 | O37: 2017 | P37: 49.372 | Q37: 41.114 | R37: 46.65 | S37: 47.144 | T37: 46.95 | U37: 46.044 | V37: 42.481 | W37: 50.273 | X37: 45.56 | Y37: 51.082 | Z37: 46.535819 | AA37: 47.707665
A38: Apr | B38: ='NASS Data'!$Q8 -> 313.889 | C38: ='NASS Data'!$Q20 -> 306.464 | D38: ='NASS Data'!$Q32 -> 346.377 | E38: ='NASS Data'!$Q44 -> 304.716 | F38: ='NASS Data'!$Q56 -> 296.681 | G38: ='NASS Data'!$Q68 -> 231.145 | H38: ='NASS Data'!$Q80 -> 291.558 | I38: ='NASS Data'!$Q92 -> 260.71 | J38: ='NASS Data'!$Q104 -> 269.495 | O38: 2018 | P38: 46.790771 | Q38: 42.652981 | R38: 46.513371 | S38: 43.999205 | T38: 46.66606 | U38: 45.705138 | V38: 47.50726 | W38: 47.828471 | X38: 48.127495 | Y38: 48.501486 | Z38: 46.893643 | AA38: 50.226745
A39: May | B39: ='NASS Data'!$Q9 -> 348.355 | C39: ='NASS Data'!$Q21 -> 332.975 | D39: ='NASS Data'!$Q33 -> 341.167 | E39: ='NASS Data'!$Q45 -> 291.542 | F39: ='NASS Data'!$Q57 -> 298.347 | G39: ='NASS Data'!$Q69 -> 291.064 | H39: ='NASS Data'!$Q81 -> 299.123 | I39: ='NASS Data'!$Q93 -> 294.367 | O39: 2019 | P39: 48.107335 | Q39: 41.12783 | R39: 47.256063 | S39: 47.506435 | T39: 49.536203 | U39: 55.429999 | V39: 53.600825 | W39: 49.261745 | X39: 47.447187 | Y39: 47.805405 | Z39: 47.3643 | AA39: 46.776267
A40: Jun | B40: ='NASS Data'!$Q10 -> 321.209 | C40: ='NASS Data'!$Q22 -> 331.812 | D40: ='NASS Data'!$Q34 -> 341.215 | E40: ='NASS Data'!$Q46 -> 301.896 | F40: ='NASS Data'!$Q58 -> 286.101 | G40: ='NASS Data'!$Q70 -> 294.074 | H40: ='NASS Data'!$Q82 -> 287.839 | I40: ='NASS Data'!$Q94 -> 287.211 | O40: 2020 | P40: 46.37639 | Q40: 50.183005 | R40: 47.667199 | S40: 52.869697 | T40: 51.928714 | U40: 53.886397 | V40: 51.840579 | W40: 44.284718 | X40: 47.137301 | Y40: 47.261307 | Z40: 46.475419 | AA40: 46.22102
A41: Jul | B41: ='NASS Data'!$Q11 -> 333.828 | C41: ='NASS Data'!$Q23 -> 339.7 | D41: ='NASS Data'!$Q35 -> 328.031 | E41: ='NASS Data'!$Q47 -> 321.447 | F41: ='NASS Data'!$Q59 -> 300.572 | G41: ='NASS Data'!$Q71 -> 305.196 | H41: ='NASS Data'!$Q83 -> 304.527 | I41: ='NASS Data'!$Q95 -> 271.334 | O41: 2021 | P41: 45.284991 | Q41: 49.372069 | R41: 47.12985 | S41: 51.78371 | T41: 52.235291 | U41: 54.270937 | V41: 52.355493 | W41: 46.841854 | X41: 47.137301 | Y41: 47.261307 | Z41: 46.475419 | AA41: 46.22102
A42: Aug | B42: ='NASS Data'!$Q12 -> 343.476 | C42: ='NASS Data'!$Q24 -> 336.916 | D42: ='NASS Data'!$Q36 -> 367.666 | E42: ='NASS Data'!$Q48 -> 325.547 | F42: ='NASS Data'!$Q60 -> 306.375 | G42: ='NASS Data'!$Q72 -> 260.453 | H42: ='NASS Data'!$Q84 -> 274.358 | I42: ='NASS Data'!$Q96 -> 248.856
A43: Sep | B43: ='NASS Data'!$Q13 -> 312.543 | C43: ='NASS Data'!$Q25 -> 326.211 | D43: ='NASS Data'!$Q37 -> 321.506 | E43: ='NASS Data'!$Q49 -> 293.548 | F43: ='NASS Data'!$Q61 -> 289.797 | G43: ='NASS Data'!$Q73 -> 284.409 | H43: ='NASS Data'!$Q85 -> 280.232 | I43: ='NASS Data'!$Q97 -> 238.468 | P43: WHEAT MIDS PRODUCTION
A44: Oct | B44: ='NASS Data'!$Q14 -> 326.055 | C44: ='NASS Data'!$Q26 -> 342.589 | D44: ='NASS Data'!$Q38 -> 353.394 | E44: ='NASS Data'!$Q50 -> 282.713 | F44: ='NASS Data'!$Q62 -> 293.89 | G44: ='NASS Data'!$Q74 -> 293.793 | H44: ='NASS Data'!$Q86 -> 300.634 | I44: ='NASS Data'!$Q98 -> 268.672 | P44: January | Q44: February | R44: March | S44: April | T44: May | U44: June | V44: July | W44: August | X44: September | Y44: October | Z44: November | AA44: December
A45: Nov | B45: ='NASS Data'!$Q15 -> 322.741 | C45: ='NASS Data'!$Q27 -> 309.305 | D45: ='NASS Data'!$Q39 -> 311.957 | E45: ='NASS Data'!$Q51 -> 285.362 | F45: ='NASS Data'!$Q63 -> 272.089 | G45: ='NASS Data'!$Q75 -> 295.358 | H45: ='NASS Data'!$Q87 -> 278.434 | I45: ='NASS Data'!$Q99 -> 277.379 | O45: 2015 | P45: 47.661786 | Q45: 40.123671 | R45: 45.878614 | S45: 42.536482 | T45: 47.205888 | U45: 45.171105 | V45: 47.021278 | W45: 47.361013 | X45: 43.527607 | Y45: 44.663334 | Z45: 45.991977 | AA45: 50.064
A46: Dec | B46: ='NASS Data'!$Q16 -> 340.46 | C46: ='NASS Data'!$Q28 -> 349.226 | D46: ='NASS Data'!$Q40 -> 318.694 | E46: ='NASS Data'!$Q52 -> 290.178 | F46: ='NASS Data'!$Q64 -> 306.318 | G46: ='NASS Data'!$Q76 -> 309.298 | H46: ='NASS Data'!$Q88 -> 285.387 | I46: ='NASS Data'!$Q100 -> 252.788 | O46: 2016 | P46: 47.339112 | Q46: 43.428396 | R46: 48.38675 | S46: 43.098328 | T46: 46.197948 | U46: 44.790369 | V46: 47.970021 | W46: 46.976692 | X46: 46.752814 | Y46: 48.383568 | Z46: 44.222093 | AA46: 49.104
A47: Total | B47: =SUM(B35:B46) -> 3899.861 | C47: =SUM(C35:C46) -> 3951.834 | D47: =SUM(D35:D46) -> 4001.915 | E47: =SUM(E35:E46) -> 3606.138 | F47: =SUM(F35:F46) -> 3468.292 | G47: =SUM(G35:G46) -> 3445.892 | H47: =SUM(H35:H46) -> 3368.168 | I47: =SUM(I35:I46) -> 3159.488 | O47: 2017 | P47: 49.372 | Q47: 41.114 | R47: 46.65 | S47: 47.144 | T47: 46.95 | U47: 46.044 | V47: 42.481 | W47: 50.273 | X47: 45.56 | Y47: 51.082 | Z47: 46.535819 | AA47: 47.707665
O48: 2018 | P48: 46.790771 | Q48: 42.652981 | R48: 46.513371 | S48: 43.999205 | T48: 46.66606 | U48: 45.705138 | V48: 47.50726 | W48: 47.828471 | X48: 48.127495 | Y48: 48.501486 | Z48: 46.893643 | AA48: 50.226745
A49: WET CORN GLUTEN FEED PRODUCTION | O49: 2019 | P49: 48.107335 | Q49: 41.12783 | R49: 47.256063 | S49: 47.506435 | T49: 49.536203 | U49: 55.429999 | V49: 53.600825 | W49: 49.261745 | X49: 47.447187 | Y49: 47.805405 | Z49: 47.3643 | AA49: 46.776267
A50: (000 tonnes) | B50: =B2 -> 2015 | C50: =C2 -> 2016 | D50: =D2 -> 2017 | E50: =E2 -> 2018 | F50: =F2 -> 2019 | G50: =G2 -> 2020 | H50: =H2 -> 2021 | I50: =I2 -> 2022 | ... M50: =M2 -> 2026 | O50: 2020 | P50: 46.37639 | Q50: 50.183005 | R50: 47.667199 | S50: 52.869697 | T50: 51.928714 | U50: 53.886397 | V50: 51.840579 | W50: 44.284718 | X50: 47.137301 | Y50: 47.261307 | Z50: 46.475419 | AA50: 46.22102
A51: Jan | B51: ='NASS Data'!$T5 -> 313.4 | C51: ='NASS Data'!$T17 -> 291.882 | D51: ='NASS Data'!$T29 -> 315.42 | E51: ='NASS Data'!$T41 -> 275.284 | F51: ='NASS Data'!$T53 -> 253.103 | G51: ='NASS Data'!$T65 -> 258.481 | H51: ='NASS Data'!$T77 -> 214.623 | I51: ='NASS Data'!$T89 -> 197.175 | J51: ='NASS Data'!$T101 -> 208.09 | O51: 2021 | P51: 45.284991 | Q51: 49.372069 | R51: 47.12985 | S51: 51.78371 | T51: 52.235291 | U51: 54.270937 | V51: 52.355493 | W51: 46.841854 | X51: 47.137301 | Y51: 47.261307 | Z51: 46.475419 | AA51: 46.22102
A52: Feb | B52: ='NASS Data'!$T6 -> 274.763 | C52: ='NASS Data'!$T18 -> 277.434 | D52: ='NASS Data'!$T30 -> 292.526 | E52: ='NASS Data'!$T42 -> 254.749 | F52: ='NASS Data'!$T54 -> 224.333 | G52: ='NASS Data'!$T66 -> 235.941 | H52: ='NASS Data'!$T78 -> 169.005 | I52: ='NASS Data'!$T90 -> 190.577 | J52: ='NASS Data'!$T102 -> 185.051
A53: Mar | B53: ='NASS Data'!$T7 -> 308.444 | C53: ='NASS Data'!$T19 -> 290.565 | D53: ='NASS Data'!$T31 -> 307.814 | E53: ='NASS Data'!$T43 -> 276.35 | F53: ='NASS Data'!$T55 -> 224.85 | G53: ='NASS Data'!$T67 -> 245.209 | H53: ='NASS Data'!$T79 -> 206.831 | I53: ='NASS Data'!$T91 -> 226.86 | J53: ='NASS Data'!$T103 -> 187.12
A54: Apr | B54: ='NASS Data'!$T8 -> 314.047 | C54: ='NASS Data'!$T20 -> 301.283 | D54: ='NASS Data'!$T32 -> 283.835 | E54: ='NASS Data'!$T44 -> 254.638 | F54: ='NASS Data'!$T56 -> 253.959 | G54: ='NASS Data'!$T68 -> 188.258 | H54: ='NASS Data'!$T80 -> 202.491 | I54: ='NASS Data'!$T92 -> 221.071 | J54: ='NASS Data'!$T104 -> 194.485
A55: May | B55: ='NASS Data'!$T9 -> 323.436 | C55: ='NASS Data'!$T21 -> 306.424 | D55: ='NASS Data'!$T33 -> 313.876 | E55: ='NASS Data'!$T45 -> 280.979 | F55: ='NASS Data'!$T57 -> 269.967 | G55: ='NASS Data'!$T69 -> 224.695 | H55: ='NASS Data'!$T81 -> 208.575 | I55: ='NASS Data'!$T93 -> 205.508
A56: Jun | B56: ='NASS Data'!$T10 -> 304.024 | C56: ='NASS Data'!$T22 -> 312.497 | D56: ='NASS Data'!$T34 -> 297.78 | E56: ='NASS Data'!$T46 -> 262.168 | F56: ='NASS Data'!$T58 -> 250.826 | G56: ='NASS Data'!$T70 -> 244.097 | H56: ='NASS Data'!$T82 -> 207.751 | I56: ='NASS Data'!$T94 -> 202.951
A57: Jul | B57: ='NASS Data'!$T11 -> 316.79 | C57: ='NASS Data'!$T23 -> 331.949 | D57: ='NASS Data'!$T35 -> 272.165 | E57: ='NASS Data'!$T47 -> 263.139 | F57: ='NASS Data'!$T59 -> 252.084 | G57: ='NASS Data'!$T71 -> 264.778 | H57: ='NASS Data'!$T83 -> 209.836 | I57: ='NASS Data'!$T95 -> 221.764
A58: Aug | B58: ='NASS Data'!$T12 -> 290.652 | C58: ='NASS Data'!$T24 -> 309.077 | D58: ='NASS Data'!$T36 -> 325.58 | E58: ='NASS Data'!$T48 -> 256.268 | F58: ='NASS Data'!$T60 -> 261.243 | G58: ='NASS Data'!$T72 -> 252.006 | H58: ='NASS Data'!$T84 -> 205.634 | I58: ='NASS Data'!$T96 -> 189.203
A59: Sep | B59: ='NASS Data'!$T13 -> 286.615 | C59: ='NASS Data'!$T25 -> 303.504 | D59: ='NASS Data'!$T37 -> 279.654 | E59: ='NASS Data'!$T49 -> 229.183 | F59: ='NASS Data'!$T61 -> 208.645 | G59: ='NASS Data'!$T73 -> 251.199 | H59: ='NASS Data'!$T85 -> 208.335 | I59: ='NASS Data'!$T97 -> 192.999
A60: Oct | B60: ='NASS Data'!$T14 -> 296.954 | C60: ='NASS Data'!$T26 -> 300.808 | D60: ='NASS Data'!$T38 -> 302.618 | E60: ='NASS Data'!$T50 -> 245.681 | F60: ='NASS Data'!$T62 -> 233.348 | G60: ='NASS Data'!$T74 -> 244.618 | H60: ='NASS Data'!$T86 -> 212.455 | I60: ='NASS Data'!$T98 -> 208.273
A61: Nov | B61: ='NASS Data'!$T15 -> 289.171 | C61: ='NASS Data'!$T27 -> 326.55 | D61: ='NASS Data'!$T39 -> 303.209 | E61: ='NASS Data'!$T51 -> 257.003 | F61: ='NASS Data'!$T63 -> 262.089 | G61: ='NASS Data'!$T75 -> 230.611 | H61: ='NASS Data'!$T87 -> 211.26 | I61: ='NASS Data'!$T99 -> 203.891
A62: Dec | B62: ='NASS Data'!$T16 -> 307.874 | C62: ='NASS Data'!$T28 -> 317.759 | D62: ='NASS Data'!$T40 -> 309.765 | E62: ='NASS Data'!$T52 -> 256.146 | F62: ='NASS Data'!$T64 -> 257.381 | G62: ='NASS Data'!$T76 -> 185.187 | H62: ='NASS Data'!$T88 -> 214.346 | I62: ='NASS Data'!$T100 -> 188.584
A63: Total | B63: =SUM(B51:B62) -> 3626.17 | C63: =SUM(C51:C62) -> 3669.732 | D63: =SUM(D51:D62) -> 3604.242 | E63: =SUM(E51:E62) -> 3111.588 | F63: =SUM(F51:F62) -> 2951.828 | G63: =SUM(G51:G62) -> 2825.08 | H63: =SUM(H51:H62) -> 2471.142 | I63: =SUM(I51:I62) -> 2448.856
A65: DISTILLERS' DRIED GRAINS (DDG) PRODUCTION
A66: (000 tonnes) | B66: =B2 -> 2015 | C66: =C2 -> 2016 | D66: =D2 -> 2017 | E66: =E2 -> 2018 | F66: =F2 -> 2019 | G66: =G2 -> 2020 | H66: =H2 -> 2021 | I66: =I2 -> 2022 | ... M66: =M2 -> 2026
A67: Jan | B67: ='NASS Data'!$L5 -> 438.936 | C67: ='NASS Data'!$L17 -> 383.131 | D67: ='NASS Data'!$L29 -> 430.929 | E67: ='NASS Data'!$L41 -> 406.648 | F67: ='NASS Data'!$L53 -> 369.647 | G67: ='NASS Data'!$L65 -> 358.478 | H67: ='NASS Data'!$L77 -> 342.557 | I67: ='NASS Data'!$L89 -> 356.957 | J67: ='NASS Data'!$L101 -> 374.753
A68: Feb | B68: ='NASS Data'!$L6 -> 405.025 | C68: ='NASS Data'!$L18 -> 367.436 | D68: ='NASS Data'!$L30 -> 373.099 | E68: ='NASS Data'!$L42 -> 371.026 | F68: ='NASS Data'!$L54 -> 336.464 | G68: ='NASS Data'!$L66 -> 328.113 | H68: ='NASS Data'!$L78 -> 262.261 | I68: ='NASS Data'!$L90 -> 303.788 | J68: ='NASS Data'!$L102 -> 338.869
A69: Mar | B69: ='NASS Data'!$L7 -> 438.728 | C69: ='NASS Data'!$L19 -> 384.739 | D69: ='NASS Data'!$L31 -> 425.213 | E69: ='NASS Data'!$L43 -> 417.19 | F69: ='NASS Data'!$L55 -> 386.413 | G69: ='NASS Data'!$L67 -> 317.411 | H69: ='NASS Data'!$L79 -> 368.075 | I69: ='NASS Data'!$L91 -> 372.813 | J69: ='NASS Data'!$L103 -> 387.438
A70: Apr | B70: ='NASS Data'!$L8 -> 411.664 | C70: ='NASS Data'!$L20 -> 374.75 | D70: ='NASS Data'!$L32 -> 437.914 | E70: ='NASS Data'!$L44 -> 372.741 | F70: ='NASS Data'!$L56 -> 376.775 | G70: ='NASS Data'!$L68 -> 173.465 | H70: ='NASS Data'!$L80 -> 342.87 | I70: ='NASS Data'!$L92 -> 328.691 | J70: ='NASS Data'!$L104 -> 364.967
A71: May | B71: ='NASS Data'!$L9 -> 418.448 | C71: ='NASS Data'!$L21 -> 411.467 | D71: ='NASS Data'!$L33 -> 435.64 | E71: ='NASS Data'!$L45 -> 392.07 | F71: ='NASS Data'!$L57 -> 401.171 | G71: ='NASS Data'!$L69 -> 205.75 | H71: ='NASS Data'!$L81 -> 380.62 | I71: ='NASS Data'!$L93 -> 322.855
A72: Jun | B72: ='NASS Data'!$L10 -> 407.259 | C72: ='NASS Data'!$L22 -> 392.438 | D72: ='NASS Data'!$L34 -> 471.492 | E72: ='NASS Data'!$L46 -> 374.274 | F72: ='NASS Data'!$L58 -> 369.394 | G72: ='NASS Data'!$L70 -> 268.201 | H72: ='NASS Data'!$L82 -> 370.694 | I72: ='NASS Data'!$L94 -> 346.591
A73: Jul | B73: ='NASS Data'!$L11 -> 450.829 | C73: ='NASS Data'!$L23 -> 404.758 | D73: ='NASS Data'!$L35 -> 471.124 | E73: ='NASS Data'!$L47 -> 390.08 | F73: ='NASS Data'!$L59 -> 379.689 | G73: ='NASS Data'!$L71 -> 335.521 | H73: ='NASS Data'!$L83 -> 341.136 | I73: ='NASS Data'!$L95 -> 334.122
A74: Aug | B74: ='NASS Data'!$L12 -> 452.969 | C74: ='NASS Data'!$L24 -> 428.748 | D74: ='NASS Data'!$L36 -> 472.705 | E74: ='NASS Data'!$L48 -> 394.908 | F74: ='NASS Data'!$L60 -> 336.043 | G74: ='NASS Data'!$L72 -> 342.654 | H74: ='NASS Data'!$L84 -> 295.254 | I74: ='NASS Data'!$L96 -> 335.885
A75: Sep | B75: ='NASS Data'!$L13 -> 420.458 | C75: ='NASS Data'!$L25 -> 398.124 | D75: ='NASS Data'!$L37 -> 454.22 | E75: ='NASS Data'!$L49 -> 376.51 | F75: ='NASS Data'!$L61 -> 286.849 | G75: ='NASS Data'!$L73 -> 341.156 | H75: ='NASS Data'!$L85 -> 293.344 | I75: ='NASS Data'!$L97 -> 281.984
A76: Oct | B76: ='NASS Data'!$L14 -> 438.027 | C76: ='NASS Data'!$L26 -> 448.355 | D76: ='NASS Data'!$L38 -> 449.199 | E76: ='NASS Data'!$L50 -> 378.003 | F76: ='NASS Data'!$L62 -> 348.762 | G76: ='NASS Data'!$L74 -> 377.96 | H76: ='NASS Data'!$L86 -> 383.939 | I76: ='NASS Data'!$L98 -> 388.993
A77: Nov | B77: ='NASS Data'!$L15 -> 413.019 | C77: ='NASS Data'!$L27 -> 423.892 | D77: ='NASS Data'!$L39 -> 430.224 | E77: ='NASS Data'!$L51 -> 376.137 | F77: ='NASS Data'!$L63 -> 316.39 | G77: ='NASS Data'!$L75 -> 372.899 | H77: ='NASS Data'!$L87 -> 379.071 | I77: ='NASS Data'!$L99 -> 381.114
A78: Dec | B78: ='NASS Data'!$L16 -> 423.632 | C78: ='NASS Data'!$L28 -> 442.824 | D78: ='NASS Data'!$L40 -> 442.427 | E78: ='NASS Data'!$L52 -> 357.196 | F78: ='NASS Data'!$L64 -> 388.156 | G78: ='NASS Data'!$L76 -> 364.532 | H78: ='NASS Data'!$L88 -> 383.196 | I78: ='NASS Data'!$L100 -> 317.504
A79: Total | B79: =SUM(B67:B78) -> 5118.994 | C79: =SUM(C67:C78) -> 4860.662 | D79: =SUM(D67:D78) -> 5294.186 | E79: =SUM(E67:E78) -> 4606.783 | F79: =SUM(F67:F78) -> 4295.753 | G79: =SUM(G67:G78) -> 3786.14 | H79: =SUM(H67:H78) -> 4143.017 | I79: =SUM(I67:I78) -> 4071.297
A81: DISTILLERS DRIED GRAINS WITH SOLUBLES (DDGS) PRODUCTION
A82: (000 tonnes) | B82: =B2 -> 2015 | C82: =C2 -> 2016 | D82: =D2 -> 2017 | E82: =E2 -> 2018 | F82: =F2 -> 2019 | G82: =G2 -> 2020 | H82: =H2 -> 2021 | I82: =I2 -> 2022 | ... M82: =M2 -> 2026
A83: Jan | B83: ='NASS Data'!$M5 -> 1831.393 | C83: ='NASS Data'!$M17 -> 1905.165 | D83: ='NASS Data'!$M29 -> 2073.74 | E83: ='NASS Data'!$M41 -> 1986.257 | F83: ='NASS Data'!$M53 -> 1822.623 | G83: ='NASS Data'!$M65 -> 1950.153 | H83: ='NASS Data'!$M77 -> 1753.401 | I83: ='NASS Data'!$M89 -> 1929.115 | J83: ='NASS Data'!$M101 -> 1714.389
A84: Feb | B84: ='NASS Data'!$M6 -> 1622.467 | C84: ='NASS Data'!$M18 -> 1795.472 | D84: ='NASS Data'!$M30 -> 1893.948 | E84: ='NASS Data'!$M42 -> 1829.272 | F84: ='NASS Data'!$M54 -> 1691.758 | G84: ='NASS Data'!$M66 -> 1813.609 | H84: ='NASS Data'!$M78 -> 1406.427 | I84: ='NASS Data'!$M90 -> 1693.253 | J84: ='NASS Data'!$M102 -> 1560.717
A85: Mar | B85: ='NASS Data'!$M7 -> 1781.563 | C85: ='NASS Data'!$M19 -> 1919.507 | D85: ='NASS Data'!$M31 -> 1997.388 | E85: ='NASS Data'!$M43 -> 1942.75 | F85: ='NASS Data'!$M55 -> 1855.975 | G85: ='NASS Data'!$M67 -> 1647.029 | H85: ='NASS Data'!$M79 -> 1803.494 | I85: ='NASS Data'!$M91 -> 1877.338 | J85: ='NASS Data'!$M103 -> 1705.371
A86: Apr | B86: ='NASS Data'!$M8 -> 1663.38 | C86: ='NASS Data'!$M20 -> 1717.024 | D86: ='NASS Data'!$M32 -> 1752.27 | E86: ='NASS Data'!$M44 -> 1831.598 | F86: ='NASS Data'!$M56 -> 1858.305 | G86: ='NASS Data'!$M68 -> 1013.914 | H86: ='NASS Data'!$M80 -> 1768.002 | I86: ='NASS Data'!$M92 -> 1704.698 | J86: ='NASS Data'!$M104 -> 1619.677
A87: May | B87: ='NASS Data'!$M9 -> 1861.795 | C87: ='NASS Data'!$M21 -> 1845.238 | D87: ='NASS Data'!$M33 -> 1906.472 | E87: ='NASS Data'!$M45 -> 1968.728 | F87: ='NASS Data'!$M57 -> 1942.792 | G87: ='NASS Data'!$M69 -> 1233.608 | H87: ='NASS Data'!$M81 -> 1942.762 | I87: ='NASS Data'!$M93 -> 1896.665
A88: Jun | B88: ='NASS Data'!$M10 -> 1950.214 | C88: ='NASS Data'!$M22 -> 1893.816 | D88: ='NASS Data'!$M34 -> 1802.194 | E88: ='NASS Data'!$M46 -> 2020.697 | F88: ='NASS Data'!$M58 -> 1959.56 | G88: ='NASS Data'!$M70 -> 1664.131 | H88: ='NASS Data'!$M82 -> 1925.037 | I88: ='NASS Data'!$M94 -> 1918.611
A89: Jul | B89: ='NASS Data'!$M11 -> 1975.199 | C89: ='NASS Data'!$M23 -> 2047.52 | D89: ='NASS Data'!$M35 -> 1921.744 | E89: ='NASS Data'!$M47 -> 2109.109 | F89: ='NASS Data'!$M59 -> 1985.82 | G89: ='NASS Data'!$M71 -> 1865.131 | H89: ='NASS Data'!$M83 -> 1970.139 | I89: ='NASS Data'!$M95 -> 1934.355
A90: Aug | B90: ='NASS Data'!$M12 -> 1928.716 | C90: ='NASS Data'!$M24 -> 2072.699 | D90: ='NASS Data'!$M36 -> 2060.482 | E90: ='NASS Data'!$M48 -> 2185.674 | F90: ='NASS Data'!$M60 -> 2014.491 | G90: ='NASS Data'!$M72 -> 1805.45 | H90: ='NASS Data'!$M84 -> 1827.378 | I90: ='NASS Data'!$M96 -> 1867.735
A91: Sep | B91: ='NASS Data'!$M13 -> 1875.1 | C91: ='NASS Data'!$M25 -> 1964.214 | D91: ='NASS Data'!$M37 -> 1854.144 | E91: ='NASS Data'!$M49 -> 1951.327 | F91: ='NASS Data'!$M61 -> 1788.73 | G91: ='NASS Data'!$M73 -> 1736.318 | H91: ='NASS Data'!$M85 -> 1761.034 | I91: ='NASS Data'!$M97 -> 1613.088
A92: Oct | B92: ='NASS Data'!$M14 -> 1921.44 | C92: ='NASS Data'!$M26 -> 1927.282 | D92: ='NASS Data'!$M38 -> 1961.763 | E92: ='NASS Data'!$M50 -> 1979.896 | F92: ='NASS Data'!$M62 -> 1832.185 | G92: ='NASS Data'!$M74 -> 1823.621 | H92: ='NASS Data'!$M86 -> 1948.812 | I92: ='NASS Data'!$M98 -> 1745.419
A93: Nov | B93: ='NASS Data'!$M15 -> 1903.313 | C93: ='NASS Data'!$M27 -> 1995.252 | D93: ='NASS Data'!$M39 -> 1996.869 | E93: ='NASS Data'!$M51 -> 1930.259 | F93: ='NASS Data'!$M63 -> 1880.488 | G93: ='NASS Data'!$M75 -> 1794.035 | H93: ='NASS Data'!$M87 -> 1997.444 | I93: ='NASS Data'!$M99 -> 1778.479
A94: Dec | B94: ='NASS Data'!$M16 -> 1941.708 | C94: ='NASS Data'!$M28 -> 2095.55 | D94: ='NASS Data'!$M40 -> 1967.745 | E94: ='NASS Data'!$M52 -> 1924.199 | F94: ='NASS Data'!$M64 -> 1908.251 | G94: ='NASS Data'!$M76 -> 1787.124 | H94: ='NASS Data'!$M88 -> 2073.188 | I94: ='NASS Data'!$M100 -> 1679.6
A95: Total | B95: =SUM(B83:B94) -> 22256.288 | C95: =SUM(C83:C94) -> 23178.739 | D95: =SUM(D83:D94) -> 23188.759 | E95: =SUM(E83:E94) -> 23659.766 | F95: =SUM(F83:F94) -> 22540.978 | G95: =SUM(G83:G94) -> 20134.123 | H95: =SUM(H83:H94) -> 22177.118 | I95: =SUM(I83:I94) -> 21638.356
P96: 2023 | Q96: 2024 | R96: 2025 | S96: 2026
O97: GDP Growth | P97: 0.025 | Q97: 0.025 | R97: 0.025 | S97: 0.025
A98: WHEAT GROUND FOR FLOUR | O98: Population Growth | P98: 0.004 | Q98: 0.004 | R98: 0.004 | S98: 0.004
A99: (000 bushels) | B99: 2014 | C99: =B2 -> 2015 | D99: =C2 -> 2016 | E99: =D2 -> 2017 | F99: =E2 -> 2018 | G99: =F2 -> 2019 | H99: =G2 -> 2020 | I99: =H2 -> 2021 | J99: =I2 -> 2022 | ... N99: =M2 -> 2026
A100: Jan | B100: 73812 | C100: 73996 | D100: 73645 | E100: 73561 | F100: 74607 | G100: 73360 | H100: 76532 | I100: 73745 | J100: 75632 | K100: =K$112*(SUM(F100:J100)/SUM(F$112:J$112)) -> 75736.896 | L100: =L$112*(SUM(G100:K100)/SUM(G$112:K$112)) -> 76079.417 | M100: =M$112*(SUM(H100:L100)/SUM(H$112:L$112)) -> 76587.088 | N100: =N$112*(SUM(I100:M100)/SUM(I$112:M$112)) -> 76581.33
A101: Feb | B101: 73226 | C101: 73409 | D101: 73061 | E101: 72977 | F101: 74014 | G101: 72777 | H101: 75925 | I101: 73159 | J101: 75031 | K101: =K$112*(SUM(F101:J101)/SUM(F$112:J$112)) -> 75135.256 | L101: =L$112*(SUM(G101:K101)/SUM(G$112:K$112)) -> 75475.125 | M101: =M$112*(SUM(H101:L101)/SUM(H$112:L$112)) -> 75978.826 | N101: =N$112*(SUM(I101:M101)/SUM(I$112:M$112)) -> 75972.947
A102: Mar | B102: 77689 | C102: 77884 | D102: 77514 | E102: 77425 | F102: 78526 | G102: 77213 | H102: 80553 | I102: 77619 | J102: 79605 | K102: =K$112*(SUM(F102:J102)/SUM(F$112:J$112)) -> 79715.414 | L102: =L$112*(SUM(G102:K102)/SUM(G$112:K$112)) -> 80075.962 | M102: =M$112*(SUM(H102:L102)/SUM(H$112:L$112)) -> 80610.442 | N102: =N$112*(SUM(I102:M102)/SUM(I$112:M$112)) -> 80604.272
A103: Apr | B103: 75717 | C103: 75805 | D103: 74777 | E103: 74812 | F103: 75525 | G103: 75001 | H103: 73084 | I103: 74412 | J103: 77209 | K103: =K$112*(SUM(F103:J103)/SUM(F$112:J$112)) -> 76011.381 | L103: =L$112*(SUM(G103:K103)/SUM(G$112:K$112)) -> 76223.76 | M103: =M$112*(SUM(H103:L103)/SUM(H$112:L$112)) -> 76427.888 | N103: =N$112*(SUM(I103:M103)/SUM(I$112:M$112)) -> 77088.85
...

Sheet Ethanol Balance Sheet
A1: US ETHANOL SUPPLY AND DEMAND (September - August, Million Gallons)
B2: 93/94 | C2: 94/95 | D2: 95/96 | E2: 96/97 | F2: 97/98 | G2: 98/99 | H2: 99/00 | I2: 00/01 | J2: 01/02 | K2: 02/03 | L2: 03/04 | M2: 04/05 | N2: 05/06 | O2: 06/07 | P2: 07/08 | Q2: 08/09 | R2: 09/10 | S2: 10/11 | T2: 11/12 | U2: 12/13 | V2: 13/14 | W2: 14/15 | X2: 15/16 | Y2: 16/17 | Z2: 17/18 | AA2: 18/19 | AB2: 19/20 | AC2: 20/21 | AD2: 21/22 | AE2: 22/23 | AF2: 23/24 | AG2: 24/25 | AH2: 25/26 | AI2: 26/27 | AJ2: 27/28 | AK2: 28/29 | AL2: 29/30 | AM2: 30/31 | AN2: 31/32 | AO2: 32/33 | AP2: 33/34 | AQ2: 34/35 | AR2: 35/36 | AS2: 36/37 | AT2: 37/38 | AU2: 38/39 | AV2: 39/40 | AW2: 40/41 | AX2: 41/42 | AY2: 42/43 | AZ2: 43/44 | BA2: 44/45 | BB2: 45/46 | BC2: 42/47 | BD2: 42/48 | BE2: 42/49 | BF2: 42/50
A3: Beginning Stocks (September 1) | B3: ='Monthly Ethanol Data'!I157*42/1000 -> 123.522 | C3: =B10 -> 76.398 | D3: =C10 -> 181.608 | E3: =D10 -> 43.68 | F3: =E10 -> 135.114 | G3: =F10 -> 149.772 | H3: =G10 -> 199.08 | I3: =H10 -> 192.444 | J3: =I10 -> 177.492 | ... BF3: =BE10 -> 4519.2894
A4: Production | B4: =B44 -> 1208.046 | C4: =C44 -> 1404.27 | D4: =D44 -> 1035.972 | E4: =E44 -> 1195.362 | F4: =F44 -> 1359.33 | G4: =G44 -> 1444.8 | H4: =H44 -> 1589.868 | I4: =I44 -> 1704.318 | ... BF4: =BF44 -> 20998.507
A5: Imports | B5: =B60 -> 20.286 | C5: =C60 -> 11.97 | D5: =D60 -> 9.198 | E5: =E60 -> 2.646 | F5: =F60 -> 2.94 | G5: =G60 -> 4.116 | H5: =H60 -> 11.214 | I5: =I60 -> 10.752 | ... AF5: =AF60 -> 141.80924 | AG5: =150-25 -> 125 | AH5: 250 | AI5: 250 | AJ5: 250 | AK5: 250 | AL5: 250 | AM5: 250 | AN5: 250 | AO5: 250 | AP5: 250 | AQ5: 250 | AR5: 250 | AS5: 250 | AT5: 250 | AU5: 250 | AV5: 250 | AW5: 250 | AX5: 250 | AY5: 250 | AZ5: 251 | BA5: 252 | BB5: 253 | BC5: 254 | BD5: 255 | BE5: 256 | BF5: 257
A6: Total Supply | B6: =SUM(B3:B5) -> 1351.854 | C6: =SUM(C3:C5) -> 1492.638 | D6: =SUM(D3:D5) -> 1226.778 | E6: =SUM(E3:E5) -> 1241.688 | F6: =SUM(F3:F5) -> 1497.384 | G6: =SUM(G3:G5) -> 1598.688 | H6: =SUM(H3:H5) -> 1800.162 | I6: =SUM(I3:I5) -> 1907.514 | ... BF6: =SUM(BF3:BF5) -> 25774.797
A7: Domestic Usage | B7: =B9-B8 -> 1106.1024 | C7: =C9-C8 -> 1144.0791 | D7: =D9-D8 -> 1075.8131 | E7: =E9-E8 -> 1022.4326 | F7: =F9-F8 -> 1298.6479 | G7: =G9-G8 -> 1369.2829 | H7: =H9-H8 -> 1566.4189 | I7: =I9-I8 -> 1646.7708 | ... AF7: =AF9-AF8 -> 14355.412 | AG7: 14400 | AH7: =MROUND(AG7*1.0075,100) -> 14500 | AI7: =MROUND(AH7*1.0075,100) -> 14600 | AJ7: =MROUND(AI7*1.0075,100) -> 14700 | AK7: =MROUND(AJ7*1.0075,100) -> 14800 | AL7: =MROUND(AK7*1.0075,100) -> 14900 | AM7: =MROUND(AL7*1.0075,100) -> 15000 | AN7: =MROUND(AM7*1.0075,100) -> 15100 | AO7: =MROUND(AN7*1.0075,100) -> 15200 | ... BF7: =MROUND(BE7*1.0075,100) -> 16900
A8: Exports | B8: =B76 -> 169.35359 | C8: =C76 -> 166.95087 | D8: =D76 -> 107.28493 | E8: =E76 -> 84.141424 | F8: =F76 -> 48.964058 | G8: =G76 -> 30.325061 | H8: =H76 -> 41.299067 | I8: =I76 -> 83.251215 | ... AF8: =AF76 -> 1750.0928 | AG8: =1500+600 -> 2100 | AH8: 1600 | AI8: 1400 | AJ8: 1500 | AK8: 1500 | AL8: 1450 | AM8: 1500 | AN8: 1600 | AO8: 1550 | AP8: 1600 | AQ8: 1600 | AR8: 1700 | AS8: 1700 | AT8: 1700 | AU8: 1700 | AV8: 1800 | AW8: 1900 | AX8: 2300 | AY8: 2600 | AZ8: 2800 | BA8: 3100 | BB8: 3300 | BC8: 2604 | BD8: 2605 | BE8: 2606 | BF8: 2607
A9: Total Use | B9: =B6-B10 -> 1275.456 | C9: =C6-C10 -> 1311.03 | D9: =D6-D10 -> 1183.098 | E9: =E6-E10 -> 1106.574 | F9: =F6-F10 -> 1347.612 | G9: =G6-G10 -> 1399.608 | H9: =H6-H10 -> 1607.718 | I9: =I6-I10 -> 1730.022 | ... AF9: =AF6-AF10 -> 16105.505 | AG9: =SUM(AG7:AG8) -> 16500 | AH9: =SUM(AH7:AH8) -> 16100 | AI9: =SUM(AI7:AI8) -> 16000 | AJ9: =SUM(AJ7:AJ8) -> 16200 | AK9: =SUM(AK7:AK8) -> 16300 | AL9: =SUM(AL7:AL8) -> 16350 | AM9: =SUM(AM7:AM8) -> 16500 | AN9: =SUM(AN7:AN8) -> 16700 | ... BF9: =SUM(BF7:BF8) -> 19507
A10: Ending Stocks (August 31) | B10: =B107 -> 76.398 | C10: =C107 -> 181.608 | D10: =D107 -> 43.68 | E10: =E107 -> 135.114 | F10: =F107 -> 149.772 | G10: =G107 -> 199.08 | H10: =H107 -> 192.444 | I10: =I107 -> 177.492 | ... AF10: =AF107 -> 999.474 | AG10: =AG6-AG9 -> 638.65008 | AH10: =AH6-AH9 -> 566.11711 | AI10: =AI6-AI9 -> 644.61835 | AJ10: =AJ6-AJ9 -> 597.06906 | AK10: =AK6-AK9 -> 587.3379 | AL10: =AL6-AL9 -> 622.08545 | AM10: =AM6-AM9 -> 656.94601 | AN10: =AN6-AN9 -> 617.62365 | ... BF10: =BF6-BF9 -> 6267.7966
A11: Corn Used in Ethanol Production | X11: =X141+X157 -> 5226.654 | Y11: =Y141+Y157 -> 5437.319 | Z11: =Z141+Z157 -> 5597.589 | AA11: =AA141+AA157 -> 5377.97 | AB11: =AB141+AB157 -> 4846.353 | AC11: =AC141+AC157 -> 5143.306 | AD11: =AD141+AD157 -> 5317.825 | AE11: =AE141+AE157 -> 5176.141 | ... BF11: =BF141+BF157 -> 6455.9648
A12: Sorghum Used in Ethanol Production | X12: =X173 -> 131.88571 | Y12: =Y173 -> 113.88929 | Z12: =Z173 -> 61.320251 | AA12: =AA173 -> 104.29643 | AB12: =AB173 -> 74.741071 | AC12: =AC173 -> 10.873411 | AD12: =AD173 -> 43.558268 | AE12: =AE173 -> 57.786661 | ... BF12: =BF173 -> 56
A14: ETHANOL PRODUCTION (1,000 Barrels)
B15: 93/94 | C15: 94/95 | D15: 95/96 | E15: 96/97 | F15: 97/98 | G15: 98/99 | H15: 99/00 | I15: 00/01 | J15: 01/02 | K15: 02/03 | L15: 03/04 | M15: 04/05 | N15: 05/06 | O15: 06/07 | P15: 07/08 | Q15: 08/09 | R15: 09/10 | S15: 10/11 | T15: 11/12 | U15: 12/13 | V15: 13/14 | W15: 14/15 | X15: 15/16 | Y15: 16/17 | Z15: 17/18 | AA15: 18/19 | AB15: 19/20 | AC15: 20/21 | AD15: =AD2 -> 21/22 | AE15: =AE2 -> 22/23 | AF15: =AF2 -> 23/24 | AG15: =AG2 -> 24/25 | AH15: =AH2 -> 25/26 | AI15: =AI2 -> 26/27 | AJ15: =AJ2 -> 27/28 | AK15: =AK2 -> 28/29 | ... BF15: =BF2 -> 42/50
A16: September | B16: ='Monthly Ethanol Data'!$B158 -> 2144 | C16: ='Monthly Ethanol Data'!$B170 -> 2894 | D16: ='Monthly Ethanol Data'!$B182 -> 2464 | E16: ='Monthly Ethanol Data'!$B194 -> 1600 | F16: ='Monthly Ethanol Data'!$B206 -> 2535 | G16: ='Monthly Ethanol Data'!$B218 -> 2852 | H16: ='Monthly Ethanol Data'!$B230 -> 2958 | I16: ='Monthly Ethanol Data'!$B242 -> 3103 | J16: ='Monthly Ethanol Data'!$B254 -> 3470 | K16: ='Monthly Ethanol Data'!$B266 -> 4342 | L16: ='Monthly Ethanol Data'!$B278 -> 5685 | M16: ='Monthly Ethanol Data'!$B290 -> 6766 | N16: ='Monthly Ethanol Data'!$B302 -> 7841 | O16: ='Monthly Ethanol Data'!$B314 -> 10088 | P16: ='Monthly Ethanol Data'!$B326 -> 13402 | Q16: ='Monthly Ethanol Data'!$B338 -> 19338 | R16: ='Monthly Ethanol Data'!$B350 -> 22218 | S16: ='Monthly Ethanol Data'!$B362 -> 26221 | T16: ='Monthly Ethanol Data'!$B374 -> 26588 | U16: ='Monthly Ethanol Data'!$B386 -> 24376 | V16: ='Monthly Ethanol Data'!$B398 -> 25564 | W16: ='Monthly Ethanol Data'!$B410 -> 27807 | X16: ='Monthly Ethanol Data'!$B422 -> 28571 | Y16: ='Monthly Ethanol Data'!$B434 -> 30048 | Z16: ='Monthly Ethanol Data'!$B446 -> 30581 | AA16: ='Monthly Ethanol Data'!$B458 -> 30667 | AB16: ='Monthly Ethanol Data'!$B470 -> 29232 | AC16: ='Monthly Ethanol Data'!$B482 -> 27779 | AD16: ='Monthly Ethanol Data'!$B494 -> 28080 | AE16: ='Monthly Ethanol Data'!$B506 -> 27072 | AF16: ='Monthly Ethanol Data'!$B518 -> 30104 | AG16: ='Monthly Ethanol Data'!$B530 -> 31220 | AH16: ='Monthly Ethanol Data'!$B542 -> 33564.643 | AI16: =AI32/42*1000 -> 29424.066 | AJ16: =AJ32/42*1000 -> 29412.254 | AK16: =AK32/42*1000 -> 29880.112 | AL16: =AL32/42*1000 -> 30145.253 | AM16: =AM32/42*1000 -> 30278.969 | AN16: =AN32/42*1000 -> 30539.617 | AO16: =AO32/42*1000 -> 30767.493 | AP16: =AP32/42*1000 -> 31045.201 | ... BF16: =BF32/42*1000 -> 36982.854 | BZ16: Jan
A17: October | B17: ='Monthly Ethanol Data'!$B159 -> 2347 | C17: ='Monthly Ethanol Data'!$B171 -> 2625 | D17: ='Monthly Ethanol Data'!$B183 -> 2600 | E17: ='Monthly Ethanol Data'!$B195 -> 2458 | F17: ='Monthly Ethanol Data'!$B207 -> 2930 | G17: ='Monthly Ethanol Data'!$B219 -> 2917 | H17: ='Monthly Ethanol Data'!$B231 -> 3195 | I17: ='Monthly Ethanol Data'!$B243 -> 3429 | J17: ='Monthly Ethanol Data'!$B255 -> 3743 | K17: ='Monthly Ethanol Data'!$B267 -> 4939 | L17: ='Monthly Ethanol Data'!$B279 -> 5829 | M17: ='Monthly Ethanol Data'!$B291 -> 7007 | N17: ='Monthly Ethanol Data'!$B303 -> 8335 | O17: ='Monthly Ethanol Data'!$B315 -> 10512 | P17: ='Monthly Ethanol Data'!$B327 -> 14221 | Q17: ='Monthly Ethanol Data'!$B339 -> 20048 | R17: ='Monthly Ethanol Data'!$B351 -> 23467 | S17: ='Monthly Ethanol Data'!$B363 -> 27471 | T17: ='Monthly Ethanol Data'!$B375 -> 28013 | U17: ='Monthly Ethanol Data'!$B387 -> 24976 | V17: ='Monthly Ethanol Data'!$B399 -> 27995 | W17: ='Monthly Ethanol Data'!$B411 -> 28644 | X17: ='Monthly Ethanol Data'!$B423 -> 29886 | Y17: ='Monthly Ethanol Data'!$B435 -> 31006 | Z17: ='Monthly Ethanol Data'!$B447 -> 32076 | AA17: ='Monthly Ethanol Data'!$B459 -> 32380 | AB17: ='Monthly Ethanol Data'!$B471 -> 30941 | AC17: ='Monthly Ethanol Data'!$B483 -> 29614 | AD17: ='Monthly Ethanol Data'!$B495 -> 32276 | AE17: ='Monthly Ethanol Data'!$B507 -> 31440 | AF17: ='Monthly Ethanol Data'!$B519 -> 31858 | AG17: ='Monthly Ethanol Data'!$B531 -> 32539 | AH17: ='Monthly Ethanol Data'!$B543 -> 37990.5 | AI17: =AI33/42*1000 -> 32530.095 | AJ17: =AJ33/42*1000 -> 32702.593 | AK17: =AK33/42*1000 -> 33107.818 | AL17: =AL33/42*1000 -> 33203.01 | AM17: =AM33/42*1000 -> 33436.21 | AN17: =AN33/42*1000 -> 33753.616 | AO17: =AO33/42*1000 -> 34003.574 | AP17: =AP33/42*1000 -> 34270.152 | ... BF17: =BF33/42*1000 -> 44416.059 | BZ17: Feb
A18: November | B18: ='Monthly Ethanol Data'!$B160 -> 2428 | C18: ='Monthly Ethanol Data'!$B172 -> 2892 | D18: ='Monthly Ethanol Data'!$B184 -> 2451 | E18: ='Monthly Ethanol Data'!$B196 -> 2324 | F18: ='Monthly Ethanol Data'!$B208 -> 2457 | G18: ='Monthly Ethanol Data'!$B220 -> 2940 | H18: ='Monthly Ethanol Data'!$B232 -> 2995 | I18: ='Monthly Ethanol Data'!$B244 -> 3297 | J18: ='Monthly Ethanol Data'!$B256 -> 3794 | K18: ='Monthly Ethanol Data'!$B268 -> 4965 | L18: ='Monthly Ethanol Data'!$B280 -> 5806 | M18: ='Monthly Ethanol Data'!$B292 -> 6946 | N18: ='Monthly Ethanol Data'!$B304 -> 8259 | O18: ='Monthly Ethanol Data'!$B316 -> 10442 | P18: ='Monthly Ethanol Data'!$B328 -> 14568 | Q18: ='Monthly Ethanol Data'!$B340 -> 20139 | R18: ='Monthly Ethanol Data'!$B352 -> 24122 | S18: ='Monthly Ethanol Data'!$B364 -> 27747 | T18: ='Monthly Ethanol Data'!$B376 -> 28383 | U18: ='Monthly Ethanol Data'!$B388 -> 24744 | V18: ='Monthly Ethanol Data'!$B400 -> 27915 | W18: ='Monthly Ethanol Data'!$B412 -> 28588 | X18: ='Monthly Ethanol Data'!$B424 -> 29675 | Y18: ='Monthly Ethanol Data'!$B436 -> 30706 | Z18: ='Monthly Ethanol Data'!$B448 -> 32469 | AA18: ='Monthly Ethanol Data'!$B460 -> 31514 | AB18: ='Monthly Ethanol Data'!$B472 -> 31358 | AC18: ='Monthly Ethanol Data'!$B484 -> 29915 | AD18: ='Monthly Ethanol Data'!$B496 -> 32383 | AE18: ='Monthly Ethanol Data'!$B508 -> 31580 | AF18: ='Monthly Ethanol Data'!$B520 -> 31603 | AG18: ='Monthly Ethanol Data'!$B532 -> 33383 | AH18: ='Monthly Ethanol Data'!$B544 -> 36085.714 | AI18: =AI34/42*1000 -> 32008.488 | AJ18: =AJ34/42*1000 -> 31859.292 | AK18: =AK34/42*1000 -> 31967.766 | AL18: =AL34/42*1000 -> 32178.78 | AM18: =AM34/42*1000 -> 32621.693 | AN18: =AN34/42*1000 -> 32869.59 | AO18: =AO34/42*1000 -> 33045.27 | AP18: =AP34/42*1000 -> 33288.277 | ... BF18: =BF34/42*1000 -> 42634.316 | BZ18: Mar
A19: December | B19: ='Monthly Ethanol Data'!$B161 -> 2592 | C19: ='Monthly Ethanol Data'!$B173 -> 3026 | D19: ='Monthly Ethanol Data'!$B185 -> 2812 | E19: ='Monthly Ethanol Data'!$B197 -> 2457 | F19: ='Monthly Ethanol Data'!$B209 -> 3130 | G19: ='Monthly Ethanol Data'!$B221 -> 3431 | H19: ='Monthly Ethanol Data'!$B233 -> 3473 | I19: ='Monthly Ethanol Data'!$B245 -> 3565 | J19: ='Monthly Ethanol Data'!$B257 -> 3836 | K19: ='Monthly Ethanol Data'!$B269 -> 5451 | L19: ='Monthly Ethanol Data'!$B281 -> 6423 | M19: ='Monthly Ethanol Data'!$B293 -> 7229 | N19: ='Monthly Ethanol Data'!$B305 -> 8676 | O19: ='Monthly Ethanol Data'!$B317 -> 11215 | P19: ='Monthly Ethanol Data'!$B329 -> 15258 | Q19: ='Monthly Ethanol Data'!$B341 -> 20342 | R19: ='Monthly Ethanol Data'!$B353 -> 25134 | S19: ='Monthly Ethanol Data'!$B365 -> 28457 | T19: ='Monthly Ethanol Data'!$B377 -> 29718 | U19: ='Monthly Ethanol Data'!$B389 -> 25582 | V19: ='Monthly Ethanol Data'!$B401 -> 29405 | W19: ='Monthly Ethanol Data'!$B413 -> 30831 | X19: ='Monthly Ethanol Data'!$B425 -> 31081 | Y19: ='Monthly Ethanol Data'!$B437 -> 32680 | Z19: ='Monthly Ethanol Data'!$B449 -> 32809 | AA19: ='Monthly Ethanol Data'!$B461 -> 31736 | AB19: ='Monthly Ethanol Data'!$B473 -> 33275 | AC19: ='Monthly Ethanol Data'!$B485 -> 30108 | AD19: ='Monthly Ethanol Data'!$B497 -> 33132 | AE19: ='Monthly Ethanol Data'!$B509 -> 30046 | AF19: ='Monthly Ethanol Data'!$B521 -> 33530 | AG19: ='Monthly Ethanol Data'!$B533 -> 34184 | AH19: =AH35/42*1000 -> 32647.767 | AI19: =AI35/42*1000 -> 33102.287 | AJ19: =AJ35/42*1000 -> 32830.337 | AK19: =AK35/42*1000 -> 33317.811 | AL19: =AL35/42*1000 -> 33591.11 | AM19: =AM35/42*1000 -> 33718.156 | AN19: =AN35/42*1000 -> 34071.812 | AO19: =AO35/42*1000 -> 34269.699 | ... BF19: =BF35/42*1000 -> 45424.545 | BZ19: Apr
A20: January | B20: ='Monthly Ethanol Data'!$B162 -> 2704 | C20: ='Monthly Ethanol Data'!$B174 -> 3017 | D20: ='Monthly Ethanol Data'!$B186 -> 2640 | E20: ='Monthly Ethanol Data'!$B198 -> 2396 | F20: ='Monthly Ethanol Data'!$B210 -> 3218 | G20: ='Monthly Ethanol Data'!$B222 -> 3170 | H20: ='Monthly Ethanol Data'!$B234 -> 3204 | I20: ='Monthly Ethanol Data'!$B246 -> 3574 | J20: ='Monthly Ethanol Data'!$B258 -> 4189 | K20: ='Monthly Ethanol Data'!$B270 -> 5497 | L20: ='Monthly Ethanol Data'!$B282 -> 6551 | M20: ='Monthly Ethanol Data'!$B294 -> 7461 | N20: ='Monthly Ethanol Data'!$B306 -> 8935 | O20: ='Monthly Ethanol Data'!$B318 -> 11621 | P20: ='Monthly Ethanol Data'!$B330 -> 16058 | Q20: ='Monthly Ethanol Data'!$B342 -> 19561 | R20: ='Monthly Ethanol Data'!$B354 -> 25625 | S20: ='Monthly Ethanol Data'!$B366 -> 28467 | T20: ='Monthly Ethanol Data'!$B378 -> 29038 | U20: ='Monthly Ethanol Data'!$B390 -> 24778 | V20: ='Monthly Ethanol Data'!$B402 -> 28194 | W20: ='Monthly Ethanol Data'!$B414 -> 29770 | X20: ='Monthly Ethanol Data'!$B426 -> 30452 | Y20: ='Monthly Ethanol Data'!$B438 -> 32577 | Z20: ='Monthly Ethanol Data'!$B450 -> 32428 | AA20: ='Monthly Ethanol Data'!$B462 -> 31601 | AB20: ='Monthly Ethanol Data'!$B474 -> 33346 | AC20: ='Monthly Ethanol Data'!$B486 -> 28809 | AD20: ='Monthly Ethanol Data'!$B498 -> 32191 | AE20: ='Monthly Ethanol Data'!$B510 -> 31064 | AF20: ='Monthly Ethanol Data'!$B522 -> 30843 | AG20: ='Monthly Ethanol Data'!$B534 -> 33596 | AH20: =AH36/42*1000 -> 31405.079 | AI20: =AI36/42*1000 -> 31844.641 | AJ20: =AJ36/42*1000 -> 32063.524 | AK20: =AK36/42*1000 -> 32326.367 | AL20: =AL36/42*1000 -> 32635.176 | AM20: =AM36/42*1000 -> 32783.396 | AN20: =AN36/42*1000 -> 33065.119 | AO20: =AO36/42*1000 -> 33315.2 | ... BF20: =BF36/42*1000 -> 45505.043 | BZ20: May
A21: February | B21: ='Monthly Ethanol Data'!$B163 -> 2162 | C21: ='Monthly Ethanol Data'!$B175 -> 2742 | D21: ='Monthly Ethanol Data'!$B187 -> 2104 | E21: ='Monthly Ethanol Data'!$B199 -> 2283 | F21: ='Monthly Ethanol Data'!$B211 -> 2322 | G21: ='Monthly Ethanol Data'!$B223 -> 2551 | H21: ='Monthly Ethanol Data'!$B235 -> 3025 | I21: ='Monthly Ethanol Data'!$B247 -> 3249 | J21: ='Monthly Ethanol Data'!$B259 -> 3429 | K21: ='Monthly Ethanol Data'!$B271 -> 4734 | L21: ='Monthly Ethanol Data'!$B283 -> 6155 | M21: ='Monthly Ethanol Data'!$B295 -> 6847 | N21: ='Monthly Ethanol Data'!$B307 -> 8463 | O21: ='Monthly Ethanol Data'!$B319 -> 10795 | P21: ='Monthly Ethanol Data'!$B331 -> 15527 | Q21: ='Monthly Ethanol Data'!$B343 -> 18255 | R21: ='Monthly Ethanol Data'!$B355 -> 23802 | S21: ='Monthly Ethanol Data'!$B367 -> 25300 | T21: ='Monthly Ethanol Data'!$B379 -> 26647 | U21: ='Monthly Ethanol Data'!$B391 -> 22494 | V21: ='Monthly Ethanol Data'!$B403 -> 25269 | W21: ='Monthly Ethanol Data'!$B415 -> 26814 | X21: ='Monthly Ethanol Data'!$B427 -> 28810 | Y21: ='Monthly Ethanol Data'!$B439 -> 29052 | Z21: ='Monthly Ethanol Data'!$B451 -> 29519 | AA21: ='Monthly Ethanol Data'!$B463 -> 28576 | AB21: ='Monthly Ethanol Data'!$B475 -> 30511 | AC21: ='Monthly Ethanol Data'!$B487 -> 22895 | AD21: ='Monthly Ethanol Data'!$B499 -> 28304 | AE21: ='Monthly Ethanol Data'!$B511 -> 27980 | AF21: ='Monthly Ethanol Data'!$B523 -> 31149 | AG21: ='Monthly Ethanol Data'!$B535 -> 30354 | AH21: =AH37/42*1000 -> 28996.59 | AI21: =AI37/42*1000 -> 29816.308 | AJ21: =AJ37/42*1000 -> 30261.858 | AK21: =AK37/42*1000 -> 30522.416 | AL21: =AL37/42*1000 -> 30411.571 | AM21: =AM37/42*1000 -> 30675.503 | AN21: =AN37/42*1000 -> 31018.909 | AO21: =AO37/42*1000 -> 31265.333 | ... BF21: =BF37/42*1000 -> 42404.463 | BZ21: Jun
A22: March | B22: ='Monthly Ethanol Data'!$B164 -> 2573 | C22: ='Monthly Ethanol Data'!$B176 -> 2969 | D22: ='Monthly Ethanol Data'!$B188 -> 2318 | E22: ='Monthly Ethanol Data'!$B200 -> 2627 | F22: ='Monthly Ethanol Data'!$B212 -> 2529 | G22: ='Monthly Ethanol Data'!$B224 -> 2928 | H22: ='Monthly Ethanol Data'!$B236 -> 3231 | I22: ='Monthly Ethanol Data'!$B248 -> 3500 | J22: ='Monthly Ethanol Data'!$B260 -> 3968 | K22: ='Monthly Ethanol Data'!$B272 -> 5430 | L22: ='Monthly Ethanol Data'!$B284 -> 6648 | M22: ='Monthly Ethanol Data'!$B296 -> 7530 | N22: ='Monthly Ethanol Data'!$B308 -> 9333 | O22: ='Monthly Ethanol Data'!$B320 -> 11892 | P22: ='Monthly Ethanol Data'!$B332 -> 17527 | Q22: ='Monthly Ethanol Data'!$B344 -> 20121 | R22: ='Monthly Ethanol Data'!$B356 -> 26486 | S22: ='Monthly Ethanol Data'!$B368 -> 28178 | T22: ='Monthly Ethanol Data'!$B380 -> 27548 | U22: ='Monthly Ethanol Data'!$B392 -> 25620 | V22: ='Monthly Ethanol Data'!$B404 -> 28120 | W22: ='Monthly Ethanol Data'!$B416 -> 29485 | X22: ='Monthly Ethanol Data'!$B428 -> 30957 | Y22: ='Monthly Ethanol Data'!$B440 -> 32161 | Z22: ='Monthly Ethanol Data'!$B452 -> 32216 | AA22: ='Monthly Ethanol Data'!$B464 -> 30895 | AB22: ='Monthly Ethanol Data'!$B476 -> 29409 | AC22: ='Monthly Ethanol Data'!$B488 -> 29327 | AD22: ='Monthly Ethanol Data'!$B500 -> 31581 | AE22: ='Monthly Ethanol Data'!$B512 -> 30602 | AF22: ='Monthly Ethanol Data'!$B524 -> 33129 | AG22: ='Monthly Ethanol Data'!$B536 -> 32683 | AH22: =AH38/42*1000 -> 31789.35 | AI22: =AI38/42*1000 -> 31842.679 | AJ22: =AJ38/42*1000 -> 31836.673 | AK22: =AK38/42*1000 -> 32057.797 | AL22: =AL38/42*1000 -> 32432.801 | AM22: =AM38/42*1000 -> 32722.853 | AN22: =AN38/42*1000 -> 32913.388 | AO22: =AO38/42*1000 -> 33132.766 | ... BF22: =BF38/42*1000 -> 43292.045 | BZ22: Jul
A23: April | B23: ='Monthly Ethanol Data'!$B165 -> 2169 | C23: ='Monthly Ethanol Data'!$B177 -> 2877 | D23: ='Monthly Ethanol Data'!$B189 -> 1977 | E23: ='Monthly Ethanol Data'!$B201 -> 2337 | F23: ='Monthly Ethanol Data'!$B213 -> 2886 | G23: ='Monthly Ethanol Data'!$B225 -> 3169 | H23: ='Monthly Ethanol Data'!$B237 -> 3311 | I23: ='Monthly Ethanol Data'!$B249 -> 3226 | J23: ='Monthly Ethanol Data'!$B261 -> 3788 | K23: ='Monthly Ethanol Data'!$B273 -> 5384 | L23: ='Monthly Ethanol Data'!$B285 -> 6525 | M23: ='Monthly Ethanol Data'!$B297 -> 7135 | N23: ='Monthly Ethanol Data'!$B309 -> 8663 | O23: ='Monthly Ethanol Data'!$B321 -> 11716 | P23: ='Monthly Ethanol Data'!$B333 -> 17152 | Q23: ='Monthly Ethanol Data'!$B345 -> 19374 | R23: ='Monthly Ethanol Data'!$B357 -> 25384 | S23: ='Monthly Ethanol Data'!$B369 -> 26538 | T23: ='Monthly Ethanol Data'!$B381 -> 26346 | U23: ='Monthly Ethanol Data'!$B393 -> 25601 | V23: ='Monthly Ethanol Data'!$B405 -> 27733 | W23: ='Monthly Ethanol Data'!$B417 -> 27910 | X23: ='Monthly Ethanol Data'!$B429 -> 28208 | Y23: ='Monthly Ethanol Data'!$B441 -> 29500 | Z23: ='Monthly Ethanol Data'!$B453 -> 30532 | AA23: ='Monthly Ethanol Data'!$B465 -> 30951 | AB23: ='Monthly Ethanol Data'!$B477 -> 17003 | AC23: ='Monthly Ethanol Data'!$B489 -> 28213 | AD23: ='Monthly Ethanol Data'!$B501 -> 28956 | AE23: ='Monthly Ethanol Data'!$B513 -> 29162 | AF23: ='Monthly Ethanol Data'!$B525 -> 29466 | AG23: ='Monthly Ethanol Data'!$B537 -> 30649 | AH23: =AH39/42*1000 -> 29519.415 | AI23: =AI39/42*1000 -> 29457.282 | AJ23: =AJ39/42*1000 -> 29667.933 | AK23: =AK39/42*1000 -> 29839.734 | AL23: =AL39/42*1000 -> 29825.203 | AM23: =AM39/42*1000 -> 30343.289 | AN23: =AN39/42*1000 -> 30511.407 | AO23: =AO39/42*1000 -> 30727.393 | ... BF23: =BF39/42*1000 -> 39353.133 | BV23: Red numbers implied by weekly ethanol data | BZ23: Aug
A24: May | B24: ='Monthly Ethanol Data'!$B166 -> 2463 | C24: ='Monthly Ethanol Data'!$B178 -> 2807 | D24: ='Monthly Ethanol Data'!$B190 -> 1478 | E24: ='Monthly Ethanol Data'!$B202 -> 2965 | F24: ='Monthly Ethanol Data'!$B214 -> 2437 | G24: ='Monthly Ethanol Data'!$B226 -> 2877 | H24: ='Monthly Ethanol Data'!$B238 -> 3309 | I24: ='Monthly Ethanol Data'!$B250 -> 3339 | J24: ='Monthly Ethanol Data'!$B262 -> 4007 | K24: ='Monthly Ethanol Data'!$B274 -> 5426 | L24: ='Monthly Ethanol Data'!$B286 -> 6857 | M24: ='Monthly Ethanol Data'!$B298 -> 7357 | N24: ='Monthly Ethanol Data'!$B310 -> 9086 | O24: ='Monthly Ethanol Data'!$B322 -> 12573 | P24: ='Monthly Ethanol Data'!$B334 -> 18756 | Q24: ='Monthly Ethanol Data'!$B346 -> 21024 | R24: ='Monthly Ethanol Data'!$B358 -> 26244 | S24: ='Monthly Ethanol Data'!$B370 -> 27720 | T24: ='Monthly Ethanol Data'!$B382 -> 27616 | U24: ='Monthly Ethanol Data'!$B394 -> 27197 | V24: ='Monthly Ethanol Data'!$B406 -> 28888 | W24: ='Monthly Ethanol Data'!$B418 -> 29666 | X24: ='Monthly Ethanol Data'!$B430 -> 30346 | Y24: ='Monthly Ethanol Data'!$B442 -> 31700 | Z24: ='Monthly Ethanol Data'!$B454 -> 32215 | AA24: ='Monthly Ethanol Data'!$B466 -> 32443 | AB24: ='Monthly Ethanol Data'!$B478 -> 21157 | AC24: ='Monthly Ethanol Data'!$B490 -> 31224 | AD24: ='Monthly Ethanol Data'!$B502 -> 31256 | AE24: ='Monthly Ethanol Data'!$B514 -> 30820 | AF24: ='Monthly Ethanol Data'!$B526 -> 31783 | AG24: ='Monthly Ethanol Data'!$B538 -> 32098 | AH24: =AH40/42*1000 -> 31727.786 | AI24: =AI40/42*1000 -> 31566.309 | AJ24: =AJ40/42*1000 -> 31844.113 | AK24: =AK40/42*1000 -> 31994.934 | AL24: =AL40/42*1000 -> 32139.125 | AM24: =AM40/42*1000 -> 32600.881 | AN24: =AN40/42*1000 -> 32779.015 | AO24: =AO40/42*1000 -> 33027.5 | ... BF24: =BF40/42*1000 -> 40230.192 | BV24: Link back to EMTS Forecast once month is complete | BZ24: Sep
A25: June | B25: ='Monthly Ethanol Data'!$B167 -> 2323 | C25: ='Monthly Ethanol Data'!$B179 -> 2679 | D25: ='Monthly Ethanol Data'!$B191 -> 1102 | E25: ='Monthly Ethanol Data'!$B203 -> 2205 | F25: ='Monthly Ethanol Data'!$B215 -> 2649 | G25: ='Monthly Ethanol Data'!$B227 -> 2372 | H25: ='Monthly Ethanol Data'!$B239 -> 2928 | I25: ='Monthly Ethanol Data'!$B251 -> 3310 | J25: ='Monthly Ethanol Data'!$B263 -> 3705 | K25: ='Monthly Ethanol Data'!$B275 -> 5440 | L25: ='Monthly Ethanol Data'!$B287 -> 6648 | M25: ='Monthly Ethanol Data'!$B299 -> 7463 | N25: ='Monthly Ethanol Data'!$B311 -> 9531 | O25: ='Monthly Ethanol Data'!$B323 -> 12553 | P25: ='Monthly Ethanol Data'!$B335 -> 17651 | Q25: ='Monthly Ethanol Data'!$B347 -> 21125 | R25: ='Monthly Ethanol Data'!$B359 -> 25632 | S25: ='Monthly Ethanol Data'!$B371 -> 27224 | T25: ='Monthly Ethanol Data'!$B383 -> 26513 | U25: ='Monthly Ethanol Data'!$B395 -> 26722 | V25: ='Monthly Ethanol Data'!$B407 -> 28629 | W25: ='Monthly Ethanol Data'!$B419 -> 29684 | X25: ='Monthly Ethanol Data'!$B431 -> 30443 | Y25: ='Monthly Ethanol Data'!$B443 -> 30667 | Z25: ='Monthly Ethanol Data'!$B455 -> 31924 | AA25: ='Monthly Ethanol Data'!$B467 -> 31895 | AB25: ='Monthly Ethanol Data'!$B479 -> 25959 | AC25: ='Monthly Ethanol Data'!$B491 -> 30641 | AD25: ='Monthly Ethanol Data'!$B503 -> 31288 | AE25: ='Monthly Ethanol Data'!$B515 -> 31089 | AF25: ='Monthly Ethanol Data'!$B527 -> 31304 | AG25: ='Monthly Ethanol Data'!$B539 -> 32317 | AH25: =AH41/42*1000 -> 31657.602 | AI25: =AI41/42*1000 -> 31551.971 | AJ25: =AJ41/42*1000 -> 31618.128 | AK25: =AK41/42*1000 -> 31729.005 | AL25: =AL41/42*1000 -> 32194.722 | AM25: =AM41/42*1000 -> 32505.757 | AN25: =AN41/42*1000 -> 32678.768 | AO25: =AO41/42*1000 -> 32909.64 | ... BF25: =BF41/42*1000 -> 37565.908 | BV25: Black bold numbers from EMTS Forecast | BZ25: Oct
A26: July | B26: ='Monthly Ethanol Data'!$B168 -> 2384 | C26: ='Monthly Ethanol Data'!$B180 -> 2510 | D26: ='Monthly Ethanol Data'!$B192 -> 1235 | E26: ='Monthly Ethanol Data'!$B204 -> 2765 | F26: ='Monthly Ethanol Data'!$B216 -> 2584 | G26: ='Monthly Ethanol Data'!$B228 -> 2362 | H26: ='Monthly Ethanol Data'!$B240 -> 3299 | I26: ='Monthly Ethanol Data'!$B252 -> 3472 | J26: ='Monthly Ethanol Data'!$B264 -> 3970 | K26: ='Monthly Ethanol Data'!$B276 -> 5529 | L26: ='Monthly Ethanol Data'!$B288 -> 6749 | M26: ='Monthly Ethanol Data'!$B300 -> 8007 | N26: ='Monthly Ethanol Data'!$B312 -> 9791 | O26: ='Monthly Ethanol Data'!$B324 -> 13083 | P26: ='Monthly Ethanol Data'!$B336 -> 19040 | Q26: ='Monthly Ethanol Data'!$B348 -> 22887 | R26: ='Monthly Ethanol Data'!$B360 -> 26584 | S26: ='Monthly Ethanol Data'!$B372 -> 27541 | T26: ='Monthly Ethanol Data'!$B384 -> 25236 | U26: ='Monthly Ethanol Data'!$B396 -> 26923 | V26: ='Monthly Ethanol Data'!$B408 -> 29413 | W26: ='Monthly Ethanol Data'!$B420 -> 30249 | X26: ='Monthly Ethanol Data'!$B432 -> 31469 | Y26: ='Monthly Ethanol Data'!$B444 -> 31221 | Z26: ='Monthly Ethanol Data'!$B456 -> 33496 | AA26: ='Monthly Ethanol Data'!$B468 -> 32541 | AB26: ='Monthly Ethanol Data'!$B480 -> 28708 | AC26: ='Monthly Ethanol Data'!$B492 -> 31449 | AD26: ='Monthly Ethanol Data'!$B504 -> 31498 | AE26: ='Monthly Ethanol Data'!$B516 -> 32014 | AF26: ='Monthly Ethanol Data'!$B528 -> 33810 | AG26: ='Monthly Ethanol Data'!$B540 -> 37258.679 | AH26: =AH42/42*1000 -> 31287.169 | AI26: =AI42/42*1000 -> 31170.655 | AJ26: =AJ42/42*1000 -> 31709.86 | AK26: =AK42/42*1000 -> 32018.859 | AL26: =AL42/42*1000 -> 32132.62 | AM26: =AM42/42*1000 -> 32436.799 | AN26: =AN42/42*1000 -> 32671.592 | AO26: =AO42/42*1000 -> 32979.158 | ... BF26: =BF42/42*1000 -> 41308.794 | BV26: Switch to EIA data after monthly report | BZ26: Nov
A27: August | B27: ='Monthly Ethanol Data'!$B169 -> 2474 | C27: ='Monthly Ethanol Data'!$B181 -> 2397 | D27: ='Monthly Ethanol Data'!$B193 -> 1485 | E27: ='Monthly Ethanol Data'!$B205 -> 2044 | F27: ='Monthly Ethanol Data'!$B217 -> 2688 | G27: ='Monthly Ethanol Data'!$B229 -> 2831 | H27: ='Monthly Ethanol Data'!$B241 -> 2926 | I27: ='Monthly Ethanol Data'!$B253 -> 3515 | J27: ='Monthly Ethanol Data'!$B265 -> 4203 | K27: ='Monthly Ethanol Data'!$B277 -> 5589 | L27: ='Monthly Ethanol Data'!$B289 -> 6977 | M27: ='Monthly Ethanol Data'!$B301 -> 8050 | N27: ='Monthly Ethanol Data'!$B313 -> 10235 | O27: ='Monthly Ethanol Data'!$B325 -> 13581 | P27: ='Monthly Ethanol Data'!$B337 -> 20059 | Q27: ='Monthly Ethanol Data'!$B349 -> 23136 | R27: ='Monthly Ethanol Data'!$B361 -> 26964 | S27: ='Monthly Ethanol Data'!$B373 -> 27976 | T27: ='Monthly Ethanol Data'!$B385 -> 26092 | U27: ='Monthly Ethanol Data'!$B397 -> 26279 | V27: ='Monthly Ethanol Data'!$B409 -> 28665 | W27: ='Monthly Ethanol Data'!$B421 -> 29762 | X27: ='Monthly Ethanol Data'!$B433 -> 31856 | Y27: ='Monthly Ethanol Data'!$B445 -> 32447 | Z27: ='Monthly Ethanol Data'!$B457 -> 33773 | AA27: ='Monthly Ethanol Data'!$B469 -> 31921 | AB27: ='Monthly Ethanol Data'!$B481 -> 28420 | AC27: ='Monthly Ethanol Data'!$B493 -> 29087 | AD27: ='Monthly Ethanol Data'!$B505 -> 30520 | AE27: ='Monthly Ethanol Data'!$B517 -> 31132 | AF27: ='Monthly Ethanol Data'!$B529 -> 33506 | AG27: ='Monthly Ethanol Data'!$B541 -> 37046.107 | AH27: =AH43/42*1000 -> 32405.431 | AI27: =AI43/42*1000 -> 32554.298 | AJ27: =AJ43/42*1000 -> 32823.214 | AK27: =AK43/42*1000 -> 33148.545 | AL27: =AL43/42*1000 -> 33271.287 | AM27: =AM43/42*1000 -> 33611.27 | AN27: =AN43/42*1000 -> 33857.588 | AO27: =AO43/42*1000 -> 34124.639 | ... BF27: =BF43/42*1000 -> 40847.105 | BZ27: Dec
A28: Total | B28: =SUM(B16:B27) -> 28763 | C28: =SUM(C16:C27) -> 33435 | D28: =SUM(D16:D27) -> 24666 | E28: =SUM(E16:E27) -> 28461 | F28: =SUM(F16:F27) -> 32365 | G28: =SUM(G16:G27) -> 34400 | H28: =SUM(H16:H27) -> 37854 | I28: =SUM(I16:I27) -> 40579 | ... BF28: =SUM(BF16:BF27) -> 499964.46
A30: ETHANOL PRODUCTION (Million Gallons) | BZ30: PRODUCTION PER DAY
B31: 93/94 | C31: 94/95 | D31: 95/96 | E31: 96/97 | F31: 97/98 | G31: 98/99 | H31: 99/00 | I31: 00/01 | J31: 01/02 | K31: 02/03 | L31: 03/04 | M31: 04/05 | N31: 05/06 | O31: 06/07 | P31: 07/08 | Q31: 08/09 | R31: 09/10 | S31: 10/11 | T31: 11/12 | U31: 12/13 | V31: 13/14 | W31: 14/15 | X31: 15/16 | Y31: 16/17 | Z31: 17/18 | AA31: 18/19 | AB31: 19/20 | AC31: 20/21 | AD31: =AD2 -> 21/22 | AE31: =AE2 -> 22/23 | AF31: =AF2 -> 23/24 | AG31: =AG2 -> 24/25 | AH31: =AH2 -> 25/26 | AI31: =AI2 -> 26/27 | AJ31: =AJ2 -> 27/28 | AK31: =AK2 -> 28/29 | ... BF31: =BF2 -> 42/50 | BV31: =AF31 -> 23/24 | BW31: 5-Yr Avg | BX31: Delta | BZ31: =B31 -> 93/94 | CA31: =C31 -> 94/95 | CB31: =D31 -> 95/96 | CC31: =E31 -> 96/97 | CD31: =F31 -> 97/98 | CE31: =G31 -> 98/99 | CF31: =H31 -> 99/00 | CG31: =I31 -> 00/01 | ... DK31: =AM31 -> 30/31
A32: September | B32: =B16*42/1000 -> 90.048 | C32: =C16*42/1000 -> 121.548 | D32: =D16*42/1000 -> 103.488 | E32: =E16*42/1000 -> 67.2 | F32: =F16*42/1000 -> 106.47 | G32: =G16*42/1000 -> 119.784 | H32: =H16*42/1000 -> 124.236 | I32: =I16*42/1000 -> 130.326 | ... AG32: =AG16*42/1000 -> 1311.24 | AH32: =('[2]D6 Gallon Forecast'!Q121/1000000)+$DA66 -> 1244.1274 | AI32: =('[2]D6 Gallon Forecast'!R121/1000000)+$DA66 -> 1235.8108 | AJ32: =('[2]D6 Gallon Forecast'!S121/1000000)+$DA66 -> 1235.3147 | AK32: =('[2]D6 Gallon Forecast'!T121/1000000)+$DA66 -> 1254.9647 | AL32: =('[2]D6 Gallon Forecast'!U121/1000000)+$DA66 -> 1266.1006 | AM32: =('[2]D6 Gallon Forecast'!V121/1000000)+$DA66 -> 1271.7167 | AN32: =('[2]D6 Gallon Forecast'!W121/1000000)+$DA66 -> 1282.6639 | AO32: =('[2]D6 Gallon Forecast'!X121/1000000)+$DA66 -> 1292.2347 | ... AX32: =('[2]D6 Gallon Forecast'!AG121/1000000)+$DA66 -> 1388.0515 | AY32: =AVERAGE(AT32:AX32)+$DA66 -> 1424.2607 | AZ32: =AVERAGE(AU32:AY32)+$DA66 -> 1440.1227 | BA32: =AVERAGE(AV32:AZ32)+$DA66 -> 1456.9975 | BB32: =AVERAGE(AW32:BA32)+$DA66 -> 1475.1234 | BC32: =AVERAGE(AX32:BB32)+$DA66 -> 1494.7256 | BD32: =AVERAGE(AY32:BC32)+$DA66 -> 1516.0604 | BE32: =AVERAGE(AZ32:BD32)+$DA66 -> 1534.4203 | BF32: =AVERAGE(BA32:BE32)+$DA66 -> 1553.2799 | BV32: =AF32/30 -> 42.1456 | BW32: =AVERAGE(CY32:DC32) -> 39.9924 | BX32: =BV32-BW32 -> 2.1532 | BY32: September | BZ32: =B32/30 -> 3.0016 | CA32: =C32/30 -> 4.0516 | CB32: =D32/30 -> 3.4496 | CC32: =E32/30 -> 2.24 | CD32: =F32/30 -> 3.549 | CE32: =G32/30 -> 3.9928 | CF32: =H32/30 -> 4.1412 | CG32: =I32/30 -> 4.3442 | ... DK32: =AM32/30 -> 42.390556
A33: October | B33: =B17*42/1000 -> 98.574 | C33: =C17*42/1000 -> 110.25 | D33: =D17*42/1000 -> 109.2 | E33: =E17*42/1000 -> 103.236 | F33: =F17*42/1000 -> 123.06 | G33: =G17*42/1000 -> 122.514 | H33: =H17*42/1000 -> 134.19 | I33: =I17*42/1000 -> 144.018 | ... AG33: =AG17*42/1000 -> 1366.638 | AH33: =('[2]D6 Gallon Forecast'!Q122/1000000)+$DA67 -> 1366.743 | AI33: =('[2]D6 Gallon Forecast'!R122/1000000)+$DA67 -> 1366.264 | AJ33: =('[2]D6 Gallon Forecast'!S122/1000000)+$DA67 -> 1373.5089 | AK33: =('[2]D6 Gallon Forecast'!T122/1000000)+$DA67 -> 1390.5283 | AL33: =('[2]D6 Gallon Forecast'!U122/1000000)+$DA67 -> 1394.5264 | AM33: =('[2]D6 Gallon Forecast'!V122/1000000)+$DA67 -> 1404.3208 | AN33: =('[2]D6 Gallon Forecast'!W122/1000000)+$DA67 -> 1417.6519 | AO33: =('[2]D6 Gallon Forecast'!X122/1000000)+$DA67 -> 1428.1501 | ... AX33: =('[2]D6 Gallon Forecast'!AG122/1000000)+$DA67 -> 1529.0381 | AY33: =AVERAGE(AT33:AX33)+$DA67 -> 1619.2979 | AZ33: =AVERAGE(AU33:AY33)+$DA67 -> 1646.5094 | BA33: =AVERAGE(AV33:AZ33)+$DA67 -> 1676.9063 | BB33: =AVERAGE(AW33:BA33)+$DA67 -> 1711.1223 | BC33: =AVERAGE(AX33:BB33)+$DA67 -> 1749.8674 | BD33: =AVERAGE(AY33:BC33)+$DA67 -> 1794.0332 | BE33: =AVERAGE(AZ33:BD33)+$DA67 -> 1828.9803 | BF33: =AVERAGE(BA33:BE33)+$DA67 -> 1865.4745 | BV33: =AF33/31 -> 43.162452 | BW33: =AVERAGE(CY33:DC33) -> 42.447368 | BX33: =BV33-BW33 -> 0.71508387 | BY33: October | BZ33: =B33/31 -> 3.1798065 | CA33: =C33/31 -> 3.5564516 | CB33: =D33/31 -> 3.5225806 | CC33: =E33/31 -> 3.3301935 | CD33: =F33/31 -> 3.9696774 | CE33: =G33/31 -> 3.9520645 | CF33: =H33/31 -> 4.3287097 | CG33: =I33/31 -> 4.6457419 | ... DK33: =AM33/31 -> 45.300672
A34: November | B34: =B18*42/1000 -> 101.976 | C34: =C18*42/1000 -> 121.464 | D34: =D18*42/1000 -> 102.942 | E34: =E18*42/1000 -> 97.608 | F34: =F18*42/1000 -> 103.194 | G34: =G18*42/1000 -> 123.48 | H34: =H18*42/1000 -> 125.79 | I34: =I18*42/1000 -> 138.474 | ... AG34: =AG18*42/1000 -> 1402.086 | AH34: =('[2]D6 Gallon Forecast'!Q123/1000000)+$DA68 -> 1346.2767 | AI34: =('[2]D6 Gallon Forecast'!R123/1000000)+$DA68 -> 1344.3565 | AJ34: =('[2]D6 Gallon Forecast'!S123/1000000)+$DA68 -> 1338.0902 | AK34: =('[2]D6 Gallon Forecast'!T123/1000000)+$DA68 -> 1342.6462 | AL34: =('[2]D6 Gallon Forecast'!U123/1000000)+$DA68 -> 1351.5088 | AM34: =('[2]D6 Gallon Forecast'!V123/1000000)+$DA68 -> 1370.1111 | AN34: =('[2]D6 Gallon Forecast'!W123/1000000)+$DA68 -> 1380.5228 | AO34: =('[2]D6 Gallon Forecast'!X123/1000000)+$DA68 -> 1387.9013 | ... AX34: =('[2]D6 Gallon Forecast'!AG123/1000000)+$DA68 -> 1487.4033 | AY34: =AVERAGE(AT34:AX34)+$DA68 -> 1567.3226 | AZ34: =AVERAGE(AU34:AY34)+$DA68 -> 1592.3198 | BA34: =AVERAGE(AV34:AZ34)+$DA68 -> 1620.0864 | BB34: =AVERAGE(AW34:BA34)+$DA68 -> 1651.1378 | BC34: =AVERAGE(AX34:BB34)+$DA68 -> 1686.1312 | BD34: =AVERAGE(AY34:BC34)+$DA68 -> 1725.8768 | BE34: =AVERAGE(AZ34:BD34)+$DA68 -> 1757.5877 | BF34: =AVERAGE(BA34:BE34)+$DA68 -> 1790.6413 | BV34: =AF34/30 -> 44.2442 | BW34: =AVERAGE(CY34:DC34) -> 43.89 | BX34: =BV34-BW34 -> 0.3542 | BY34: November | BZ34: =B34/30 -> 3.3992 | CA34: =C34/30 -> 4.0488 | CB34: =D34/30 -> 3.4314 | CC34: =E34/30 -> 3.2536 | CD34: =F34/30 -> 3.4398 | CE34: =G34/30 -> 4.116 | CF34: =H34/30 -> 4.193 | CG34: =I34/30 -> 4.6158 | ... DK34: =AM34/30 -> 45.67037
A35: December | B35: =B19*42/1000 -> 108.864 | C35: =C19*42/1000 -> 127.092 | D35: =D19*42/1000 -> 118.104 | E35: =E19*42/1000 -> 103.194 | F35: =F19*42/1000 -> 131.46 | G35: =G19*42/1000 -> 144.102 | H35: =H19*42/1000 -> 145.866 | I35: =I19*42/1000 -> 149.73 | ... AG35: =AG19*42/1000 -> 1435.728 | AH35: =('[2]D6 Gallon Forecast'!Q124/1000000)+$DA69 -> 1371.2062 | AI35: =('[2]D6 Gallon Forecast'!R124/1000000)+$DA69 -> 1390.296 | AJ35: =('[2]D6 Gallon Forecast'!S124/1000000)+$DA69 -> 1378.8742 | AK35: =('[2]D6 Gallon Forecast'!T124/1000000)+$DA69 -> 1399.3481 | AL35: =('[2]D6 Gallon Forecast'!U124/1000000)+$DA69 -> 1410.8266 | AM35: =('[2]D6 Gallon Forecast'!V124/1000000)+$DA69 -> 1416.1625 | AN35: =('[2]D6 Gallon Forecast'!W124/1000000)+$DA69 -> 1431.0161 | AO35: =('[2]D6 Gallon Forecast'!X124/1000000)+$DA69 -> 1439.3273 | ... AX35: =('[2]D6 Gallon Forecast'!AG124/1000000)+$DA69 -> 1541.7002 | AY35: =AVERAGE(AT35:AX35)+$DA69 -> 1641.4806 | AZ35: =AVERAGE(AU35:AY35)+$DA69 -> 1670.6491 | BA35: =AVERAGE(AV35:AZ35)+$DA69 -> 1703.3445 | BB35: =AVERAGE(AW35:BA35)+$DA69 -> 1740.3072 | BC35: =AVERAGE(AX35:BB35)+$DA69 -> 1782.3644 | BD35: =AVERAGE(AY35:BC35)+$DA69 -> 1830.4973 | BE35: =AVERAGE(AZ35:BD35)+$DA69 -> 1868.3006 | BF35: =AVERAGE(BA35:BE35)+$DA69 -> 1907.8309 | BV35: =AF35/31 -> 45.427742 | BW35: =AVERAGE(CY35:DC35) -> 42.893381 | BX35: =BV35-BW35 -> 2.5343613 | BY35: December | BZ35: =B35/31 -> 3.5117419 | CA35: =C35/31 -> 4.0997419 | CB35: =D35/31 -> 3.8098065 | CC35: =E35/31 -> 3.3288387 | CD35: =F35/31 -> 4.2406452 | CE35: =G35/31 -> 4.6484516 | CF35: =H35/31 -> 4.7053548 | CG35: =I35/31 -> 4.83 | ... DK35: =AM35/31 -> 45.682663
A36: January | B36: =B20*42/1000 -> 113.568 | C36: =C20*42/1000 -> 126.714 | D36: =D20*42/1000 -> 110.88 | E36: =E20*42/1000 -> 100.632 | F36: =F20*42/1000 -> 135.156 | G36: =G20*42/1000 -> 133.14 | H36: =H20*42/1000 -> 134.568 | I36: =I20*42/1000 -> 150.108 | ... AG36: =AG20*42/1000 -> 1411.032 | AH36: =('[2]D6 Gallon Forecast'!R113/1000000)+$DA69 -> 1319.0133 | AI36: =('[2]D6 Gallon Forecast'!S113/1000000)+$DA69 -> 1337.4749 | AJ36: =('[2]D6 Gallon Forecast'!T113/1000000)+$DA69 -> 1346.668 | AK36: =('[2]D6 Gallon Forecast'!U113/1000000)+$DA69 -> 1357.7074 | AL36: =('[2]D6 Gallon Forecast'!V113/1000000)+$DA69 -> 1370.6774 | AM36: =('[2]D6 Gallon Forecast'!W113/1000000)+$DA69 -> 1376.9026 | AN36: =('[2]D6 Gallon Forecast'!X113/1000000)+$DA69 -> 1388.735 | AO36: =('[2]D6 Gallon Forecast'!Y113/1000000)+$DA69 -> 1399.2384 | ... AW36: =('[2]D6 Gallon Forecast'!AG113/1000000)+$DA69 -> 1486.1295 | AX36: =AVERAGE(AS36:AW36)+$DA69 -> 1586.8847 | AY36: =AVERAGE(AT36:AX36)+$DA70 -> 1621.4638 | AZ36: =AVERAGE(AU36:AY36)+$DA70 -> 1655.1658 | BA36: =AVERAGE(AV36:AZ36)+$DA70 -> 1693.4078 | BB36: =AVERAGE(AW36:BA36)+$DA70 -> 1737.0879 | BC36: =AVERAGE(AX36:BB36)+$DA70 -> 1787.2795 | BD36: =AVERAGE(AY36:BC36)+$DA70 -> 1827.3585 | BE36: =AVERAGE(AZ36:BD36)+$DA70 -> 1868.5374 | BF36: =AVERAGE(BA36:BE36)+$DA70 -> 1911.2118 | BV36: =AF36/30 -> 43.1802 | BW36: =AVERAGE(CY36:DC36) -> 42.544916 | BX36: =BV36-BW36 -> 0.63528387 | BY36: January | BZ36: =B36/31 -> 3.6634839 | CA36: =C36/31 -> 4.0875484 | CB36: =D36/31 -> 3.5767742 | CC36: =E36/31 -> 3.2461935 | CD36: =F36/31 -> 4.359871 | CE36: =G36/31 -> 4.2948387 | CF36: =H36/31 -> 4.3409032 | CG36: =I36/31 -> 4.8421935 | ... DK36: =AM36/31 -> 44.416214
A37: February | B37: =B21*42/1000 -> 90.804 | C37: =C21*42/1000 -> 115.164 | D37: =D21*42/1000 -> 88.368 | E37: =E21*42/1000 -> 95.886 | F37: =F21*42/1000 -> 97.524 | G37: =G21*42/1000 -> 107.142 | H37: =H21*42/1000 -> 127.05 | I37: =I21*42/1000 -> 136.458 | ... AG37: =AG21*42/1000 -> 1274.868 | AH37: =('[2]D6 Gallon Forecast'!R114/1000000)+$DA70 -> 1217.8568 | AI37: =('[2]D6 Gallon Forecast'!S114/1000000)+$DA70 -> 1252.2849 | AJ37: =('[2]D6 Gallon Forecast'!T114/1000000)+$DA70 -> 1270.998 | AK37: =('[2]D6 Gallon Forecast'!U114/1000000)+$DA70 -> 1281.9415 | AL37: =('[2]D6 Gallon Forecast'!V114/1000000)+$DA70 -> 1277.286 | AM37: =('[2]D6 Gallon Forecast'!W114/1000000)+$DA70 -> 1288.3711 | AN37: =('[2]D6 Gallon Forecast'!X114/1000000)+$DA70 -> 1302.7942 | AO37: =('[2]D6 Gallon Forecast'!Y114/1000000)+$DA70 -> 1313.144 | ... AW37: =('[2]D6 Gallon Forecast'!AG114/1000000)+$DA70 -> 1391.9697 | AX37: =AVERAGE(AS37:AW37)+$DA70 -> 1499.9782 | AY37: =AVERAGE(AT37:AX37)+$DA71 -> 1517.1375 | AZ37: =AVERAGE(AU37:AY37)+$DA71 -> 1548.2855 | BA37: =AVERAGE(AV37:AZ37)+$DA71 -> 1583.6866 | BB37: =AVERAGE(AW37:BA37)+$DA71 -> 1624.1397 | BC37: =AVERAGE(AX37:BB37)+$DA71 -> 1670.5737 | BD37: =AVERAGE(AY37:BC37)+$DA71 -> 1704.6927 | BE37: =AVERAGE(AZ37:BD37)+$DA71 -> 1742.2038 | BF37: =AVERAGE(BA37:BE37)+$DA71 -> 1780.9874 | BV37: =AF37/28 -> 46.7235 | BW37: =AVERAGE(CY37:DC37) -> 41.164169 | BX37: =BV37-BW37 -> 5.559331 | BY37: February | BZ37: =B37/28 -> 3.243 | CA37: =C37/28 -> 4.113 | CB37: =D37/29 -> 3.0471724 | CC37: =E37/28 -> 3.4245 | CD37: =F37/28 -> 3.483 | CE37: =G37/28 -> 3.8265 | CF37: =H37/29 -> 4.3810345 | CG37: =I37/28 -> 4.8735 | CH37: =J37/28 -> 5.1435 | CI37: =K37/28 -> 7.101 | CJ37: =L37/29 -> 8.9141379 | CK37: =M37/28 -> 10.2705 | CL37: =N37/28 -> 12.6945 | CM37: =O37/28 -> 16.1925 | CN37: =P37/29 -> 22.487379 | CO37: =Q37/28 -> 27.3825 | CP37: =R37/28 -> 35.703 | CQ37: =S37/28 -> 37.95 | CR37: =T37/29 -> 38.592207 | CS37: =U37/28 -> 33.741 | CT37: =V37/28 -> 37.9035 | CU37: =W37/28 -> 40.221 | CV37: =X37/29 -> 41.724828 | CW37: =Y37/28 -> 43.578 | CX37: =Z37/28 -> 44.2785 | CY37: =AA37/28 -> 42.864 | CZ37: =AB37/29 -> 44.188345 | DA37: =AC37/28 -> 34.3425 | DB37: =AD37/28 -> 42.456 | DC37: =AE37/28 -> 41.97 | DD37: =AF37/29 -> 45.112345 | DE37: =AG37/28 -> 45.531 | DF37: =AH37/28 -> 43.494886 | DG37: =AI37/28 -> 44.724461 | DH37: =AJ37/29 -> 43.827518 | DI37: =AK37/28 -> 45.783624 | DJ37: =AL37/28 -> 45.617356 | DK37: =AM37/28 -> 46.013255
A38: March | B38: =B22*42/1000 -> 108.066 | C38: =C22*42/1000 -> 124.698 | D38: =D22*42/1000 -> 97.356 | E38: =E22*42/1000 -> 110.334 | F38: =F22*42/1000 -> 106.218 | G38: =G22*42/1000 -> 122.976 | H38: =H22*42/1000 -> 135.702 | I38: =I22*42/1000 -> 147 | ... AG38: =AG22*42/1000 -> 1372.686 | AH38: =('[2]D6 Gallon Forecast'!R115/1000000)+$DA71 -> 1335.1527 | AI38: =('[2]D6 Gallon Forecast'!S115/1000000)+$DA71 -> 1337.3925 | AJ38: =('[2]D6 Gallon Forecast'!T115/1000000)+$DA71 -> 1337.1403 | AK38: =('[2]D6 Gallon Forecast'!U115/1000000)+$DA71 -> 1346.4275 | AL38: =('[2]D6 Gallon Forecast'!V115/1000000)+$DA71 -> 1362.1776 | AM38: =('[2]D6 Gallon Forecast'!W115/1000000)+$DA71 -> 1374.3598 | AN38: =('[2]D6 Gallon Forecast'!X115/1000000)+$DA71 -> 1382.3623 | AO38: =('[2]D6 Gallon Forecast'!Y115/1000000)+$DA71 -> 1391.5762 | ... AW38: =('[2]D6 Gallon Forecast'!AG115/1000000)+$DA71 -> 1479.5685 | AX38: =AVERAGE(AS38:AW38)+$DA71 -> 1573.2706 | AY38: =AVERAGE(AT38:AX38)+$DA72 -> 1586.3459 | AZ38: =AVERAGE(AU38:AY38)+$DA72 -> 1614.3919 | BA38: =AVERAGE(AV38:AZ38)+$DA72 -> 1645.813 | BB38: =AVERAGE(AW38:BA38)+$DA72 -> 1681.2828 | BC38: =AVERAGE(AX38:BB38)+$DA72 -> 1721.6257 | BD38: =AVERAGE(AY38:BC38)+$DA72 -> 1751.2967 | BE38: =AVERAGE(AZ38:BD38)+$DA72 -> 1784.2869 | BF38: =AVERAGE(BA38:BE38)+$DA72 -> 1818.2659 | BV38: =AF38/31 -> 44.884452 | BW38: =AVERAGE(CY38:DC38) -> 41.136697 | BX38: =BV38-BW38 -> 3.7477548 | BY38: March | BZ38: =B38/31 -> 3.486 | CA38: =C38/31 -> 4.0225161 | CB38: =D38/31 -> 3.1405161 | CC38: =E38/31 -> 3.5591613 | CD38: =F38/31 -> 3.4263871 | CE38: =G38/31 -> 3.9669677 | CF38: =H38/31 -> 4.3774839 | CG38: =I38/31 -> 4.7419355 | ... DK38: =AM38/31 -> 44.334188
A39: April | B39: =B23*42/1000 -> 91.098 | C39: =C23*42/1000 -> 120.834 | D39: =D23*42/1000 -> 83.034 | E39: =E23*42/1000 -> 98.154 | F39: =F23*42/1000 -> 121.212 | G39: =G23*42/1000 -> 133.098 | H39: =H23*42/1000 -> 139.062 | I39: =I23*42/1000 -> 135.492 | ... AF39: =AF23*42/1000 -> 1237.572 | AG39: =('[2]D6 Gallon Forecast'!Q116/1000000)+$DA72 -> 1170.9942 | AH39: =('[2]D6 Gallon Forecast'!R116/1000000)+$DA72 -> 1239.8154 | AI39: =('[2]D6 Gallon Forecast'!S116/1000000)+$DA72 -> 1237.2058 | AJ39: =('[2]D6 Gallon Forecast'!T116/1000000)+$DA72 -> 1246.0532 | AK39: =('[2]D6 Gallon Forecast'!U116/1000000)+$DA72 -> 1253.2688 | AL39: =('[2]D6 Gallon Forecast'!V116/1000000)+$DA72 -> 1252.6585 | AM39: =('[2]D6 Gallon Forecast'!W116/1000000)+$DA72 -> 1274.4181 | AN39: =('[2]D6 Gallon Forecast'!X116/1000000)+$DA72 -> 1281.4791 | ... AW39: =('[2]D6 Gallon Forecast'!AG116/1000000)+$DA72 -> 1371.3415 | AX39: =AVERAGE(AS39:AW39)+$DA72 -> 1451.99 | AY39: =AVERAGE(AT39:AX39)+$DA73 -> 1459.172 | AZ39: =AVERAGE(AU39:AY39)+$DA73 -> 1482.9646 | BA39: =AVERAGE(AV39:AZ39)+$DA73 -> 1509.4814 | BB39: =AVERAGE(AW39:BA39)+$DA73 -> 1539.2238 | BC39: =AVERAGE(AX39:BB39)+$DA73 -> 1572.8003 | BD39: =AVERAGE(AY39:BC39)+$DA73 -> 1596.9623 | BE39: =AVERAGE(AZ39:BD39)+$DA73 -> 1624.5204 | BF39: =AVERAGE(BA39:BE39)+$DA73 -> 1652.8316 | BV39: =AF39/30 -> 41.2524 | BW39: =AVERAGE(CY39:DC39) -> 37.5998 | BX39: =BV39-BW39 -> 3.6526 | BY39: April | BZ39: =B39/30 -> 3.0366 | CA39: =C39/30 -> 4.0278 | CB39: =D39/30 -> 2.7678 | CC39: =E39/30 -> 3.2718 | CD39: =F39/30 -> 4.0404 | CE39: =G39/30 -> 4.4366 | CF39: =H39/30 -> 4.6354 | CG39: =I39/30 -> 4.5164 | ... DK39: =AM39/30 -> 42.480604
A40: May | B40: =B24*42/1000 -> 103.446 | C40: =C24*42/1000 -> 117.894 | D40: =D24*42/1000 -> 62.076 | E40: =E24*42/1000 -> 124.53 | F40: =F24*42/1000 -> 102.354 | G40: =G24*42/1000 -> 120.834 | H40: =H24*42/1000 -> 138.978 | I40: =I24*42/1000 -> 140.238 | ... AF40: =AF24*42/1000 -> 1334.886 | AG40: =('[2]D6 Gallon Forecast'!Q117/1000000)+$DA73 -> 1282.1511 | AH40: =('[2]D6 Gallon Forecast'!R117/1000000)+$DA73 -> 1332.567 | AI40: =('[2]D6 Gallon Forecast'!S117/1000000)+$DA73 -> 1325.785 | AJ40: =('[2]D6 Gallon Forecast'!T117/1000000)+$DA73 -> 1337.4527 | AK40: =('[2]D6 Gallon Forecast'!U117/1000000)+$DA73 -> 1343.7872 | AL40: =('[2]D6 Gallon Forecast'!V117/1000000)+$DA73 -> 1349.8433 | AM40: =('[2]D6 Gallon Forecast'!W117/1000000)+$DA73 -> 1369.237 | AN40: =('[2]D6 Gallon Forecast'!X117/1000000)+$DA73 -> 1376.7186 | ... AW40: =('[2]D6 Gallon Forecast'!AG117/1000000)+$DA73 -> 1475.864 | AX40: =AVERAGE(AS40:AW40)+$DA73 -> 1537.3803 | AY40: =AVERAGE(AT40:AX40)+$DA74 -> 1539.1474 | AZ40: =AVERAGE(AU40:AY40)+$DA74 -> 1558.6193 | BA40: =AVERAGE(AV40:AZ40)+$DA74 -> 1579.7476 | BB40: =AVERAGE(AW40:BA40)+$DA74 -> 1602.8219 | BC40: =AVERAGE(AX40:BB40)+$DA74 -> 1628.2134 | BD40: =AVERAGE(AY40:BC40)+$DA74 -> 1646.3801 | BE40: =AVERAGE(AZ40:BD40)+$DA74 -> 1667.8266 | BF40: =AVERAGE(BA40:BE40)+$DA74 -> 1689.6681 | BV40: =AF40/31 -> 43.060839 | BW40: =AVERAGE(CY40:DC40) -> 39.805161 | BX40: =BV40-BW40 -> 3.2556774 | BY40: May | BZ40: =B40/31 -> 3.3369677 | CA40: =C40/31 -> 3.8030323 | CB40: =D40/31 -> 2.0024516 | CC40: =E40/31 -> 4.0170968 | CD40: =F40/31 -> 3.3017419 | CE40: =G40/31 -> 3.897871 | CF40: =H40/31 -> 4.4831613 | CG40: =I40/31 -> 4.5238065 | ... DK40: =AM40/31 -> 44.168936
A41: June | B41: =B25*42/1000 -> 97.566 | C41: =C25*42/1000 -> 112.518 | D41: =D25*42/1000 -> 46.284 | E41: =E25*42/1000 -> 92.61 | F41: =F25*42/1000 -> 111.258 | G41: =G25*42/1000 -> 99.624 | H41: =H25*42/1000 -> 122.976 | I41: =I25*42/1000 -> 139.02 | ... AF41: =AF25*42/1000 -> 1314.768 | AG41: =('[2]D6 Gallon Forecast'!Q118/1000000)+$DA74 -> 1315.831 | AH41: =('[2]D6 Gallon Forecast'!R118/1000000)+$DA74 -> 1329.6193 | AI41: =('[2]D6 Gallon Forecast'!S118/1000000)+$DA74 -> 1325.1828 | AJ41: =('[2]D6 Gallon Forecast'!T118/1000000)+$DA74 -> 1327.9614 | AK41: =('[2]D6 Gallon Forecast'!U118/1000000)+$DA74 -> 1332.6182 | AL41: =('[2]D6 Gallon Forecast'!V118/1000000)+$DA74 -> 1352.1783 | AM41: =('[2]D6 Gallon Forecast'!W118/1000000)+$DA74 -> 1365.2418 | AN41: =('[2]D6 Gallon Forecast'!X118/1000000)+$DA74 -> 1372.5082 | ... AW41: =('[2]D6 Gallon Forecast'!AG118/1000000)+$DA74 -> 1473.0555 | AX41: =AVERAGE(AS41:AW41)+$DA74 -> 1514.7501 | AY41: =AVERAGE(AT41:AX41)+$DA75 -> 1499.2324 | AZ41: =AVERAGE(AU41:AY41)+$DA75 -> 1511.384 | BA41: =AVERAGE(AV41:AZ41)+$DA75 -> 1523.661 | BB41: =AVERAGE(AW41:BA41)+$DA75 -> 1536.071 | BC41: =AVERAGE(AX41:BB41)+$DA75 -> 1548.6741 | BD41: =AVERAGE(AY41:BC41)+$DA75 -> 1555.4588 | BE41: =AVERAGE(AZ41:BD41)+$DA75 -> 1566.7041 | BF41: =AVERAGE(BA41:BE41)+$DA75 -> 1577.7681 | BV41: =AF41/30 -> 43.8256 | BW41: =AVERAGE(CY41:DC41) -> 42.24416 | BX41: =BV41-BW41 -> 1.58144 | BY41: June | BZ41: =B41/30 -> 3.2522 | CA41: =C41/30 -> 3.7506 | CB41: =D41/30 -> 1.5428 | CC41: =E41/30 -> 3.087 | CD41: =F41/30 -> 3.7086 | CE41: =G41/30 -> 3.3208 | CF41: =H41/30 -> 4.0992 | CG41: =I41/30 -> 4.634 | ... DK41: =AM41/30 -> 45.508059
A42: July | B42: =B26*42/1000 -> 100.128 | C42: =C26*42/1000 -> 105.42 | D42: =D26*42/1000 -> 51.87 | E42: =E26*42/1000 -> 116.13 | F42: =F26*42/1000 -> 108.528 | G42: =G26*42/1000 -> 99.204 | H42: =H26*42/1000 -> 138.558 | I42: =I26*42/1000 -> 145.824 | ... AF42: =AF26*42/1000 -> 1420.02 | AG42: =('[2]D6 Gallon Forecast'!Q119/1000000)+$DA75 -> 1315.2738 | AH42: =('[2]D6 Gallon Forecast'!R119/1000000)+$DA75 -> 1314.0611 | AI42: =('[2]D6 Gallon Forecast'!S119/1000000)+$DA75 -> 1309.1675 | AJ42: =('[2]D6 Gallon Forecast'!T119/1000000)+$DA75 -> 1331.8141 | AK42: =('[2]D6 Gallon Forecast'!U119/1000000)+$DA75 -> 1344.7921 | AL42: =('[2]D6 Gallon Forecast'!V119/1000000)+$DA75 -> 1349.57 | AM42: =('[2]D6 Gallon Forecast'!W119/1000000)+$DA75 -> 1362.3456 | AN42: =('[2]D6 Gallon Forecast'!X119/1000000)+$DA75 -> 1372.2069 | ... AW42: =('[2]D6 Gallon Forecast'!AG119/1000000)+$DA75 -> 1476.4896 | AX42: =AVERAGE(AS42:AW42)+$DA75 -> 1484.6712 | AY42: =AVERAGE(AT42:AX42)+$DA76 -> 1548.8795 | AZ42: =AVERAGE(AU42:AY42)+$DA76 -> 1570.3729 | BA42: =AVERAGE(AV42:AZ42)+$DA76 -> 1593.8594 | BB42: =AVERAGE(AW42:BA42)+$DA76 -> 1619.7122 | BC42: =AVERAGE(AX42:BB42)+$DA76 -> 1648.3567 | BD42: =AVERAGE(AY42:BC42)+$DA76 -> 1681.0938 | BE42: =AVERAGE(AZ42:BD42)+$DA76 -> 1707.5366 | BF42: =AVERAGE(BA42:BE42)+$DA76 -> 1734.9694 | BV42: =AF42/31 -> 45.807097 | BW42: =AVERAGE(CY42:DC42) -> 42.327871 | BX42: =BV42-BW42 -> 3.4792258 | BY42: July | BZ42: =B42/31 -> 3.2299355 | CA42: =C42/31 -> 3.4006452 | CB42: =D42/31 -> 1.6732258 | CC42: =E42/31 -> 3.746129 | CD42: =F42/31 -> 3.5009032 | CE42: =G42/31 -> 3.200129 | CF42: =H42/31 -> 4.4696129 | CG42: =I42/31 -> 4.704 | ... DK42: =AM42/31 -> 43.946631
A43: August | B43: =B27*42/1000 -> 103.908 | C43: =C27*42/1000 -> 100.674 | D43: =D27*42/1000 -> 62.37 | E43: =E27*42/1000 -> 85.848 | F43: =F27*42/1000 -> 112.896 | G43: =G27*42/1000 -> 118.902 | H43: =H27*42/1000 -> 122.892 | I43: =I27*42/1000 -> 147.63 | ... AF43: =AF27*42/1000 -> 1407.252 | AG43: =('[2]D6 Gallon Forecast'!Q120/1000000)+$DA76 -> 1355.6479 | AH43: =('[2]D6 Gallon Forecast'!R120/1000000)+$DA76 -> 1361.0281 | AI43: =('[2]D6 Gallon Forecast'!S120/1000000)+$DA76 -> 1367.2805 | AJ43: =('[2]D6 Gallon Forecast'!T120/1000000)+$DA76 -> 1378.575 | AK43: =('[2]D6 Gallon Forecast'!U120/1000000)+$DA76 -> 1392.2389 | AL43: =('[2]D6 Gallon Forecast'!V120/1000000)+$DA76 -> 1397.394 | AM43: =('[2]D6 Gallon Forecast'!W120/1000000)+$DA76 -> 1411.6734 | AN43: =('[2]D6 Gallon Forecast'!X120/1000000)+$DA76 -> 1422.0187 | ... AW43: =('[2]D6 Gallon Forecast'!AG120/1000000)+$DA76 -> 1524.8848 | AX43: =AVERAGE(AS43:AW43)+$DA76 -> 1586.3188 | AY43: =AVERAGE(AT43:AX43)+$DA77 -> 1580.3759 | AZ43: =AVERAGE(AU43:AY43)+$DA77 -> 1598.4953 | BA43: =AVERAGE(AV43:AZ43)+$DA77 -> 1617.9223 | BB43: =AVERAGE(AW43:BA43)+$DA77 -> 1638.9023 | BC43: =AVERAGE(AX43:BB43)+$DA77 -> 1661.7057 | BD43: =AVERAGE(AY43:BC43)+$DA77 -> 1676.7831 | BE43: =AVERAGE(AZ43:BD43)+$DA77 -> 1696.0646 | BF43: =AVERAGE(BA43:BE43)+$DA77 -> 1715.5784 | BV43: =AF43/31 -> 45.395226 | BW43: =AVERAGE(CY43:DC43) -> 40.937806 | BX43: =BV43-BW43 -> 4.4574194 | BY43: August | BZ43: =B43/31 -> 3.351871 | CA43: =C43/31 -> 3.2475484 | CB43: =D43/31 -> 2.0119355 | CC43: =E43/31 -> 2.7692903 | CD43: =F43/31 -> 3.6418065 | CE43: =G43/31 -> 3.8355484 | CF43: =H43/31 -> 3.9642581 | CG43: =I43/31 -> 4.7622581 | ... DK43: =AM43/31 -> 45.53785
A44: Total | B44: =SUM(B32:B43) -> 1208.046 | C44: =SUM(C32:C43) -> 1404.27 | D44: =SUM(D32:D43) -> 1035.972 | E44: =SUM(E32:E43) -> 1195.362 | F44: =SUM(F32:F43) -> 1359.33 | G44: =SUM(G32:G43) -> 1444.8 | H44: =SUM(H32:H43) -> 1589.868 | I44: =SUM(I32:I43) -> 1704.318 | ... BF44: =SUM(BF32:BF43) -> 20998.507 | BV44: =AVERAGE(BV32:BV43) -> 44.092442 | BW44: =AVERAGE(CY44:DC44) -> 41.415311 | BX44: =BV44-BW44 -> 2.6771315 | BY44: Average | BZ44: =AVERAGE(BZ32:BZ43) -> 3.3077005 | CA44: =AVERAGE(CA32:CA43) -> 3.8507737 | CB44: =AVERAGE(CB32:CB43) -> 2.8313386 | CC44: =AVERAGE(CC32:CC43) -> 3.2728169 | CD44: =AVERAGE(CD32:CD43) -> 3.7218194 | CE44: =AVERAGE(CE32:CE43) -> 3.9573809 | CF44: =AVERAGE(CF32:CF43) -> 4.3432765 | CG44: =AVERAGE(CG32:CG43) -> 4.6694863 | ... DK44: =AVERAGE(DK32:DK43) -> 44.620833
A46: ETHANOL IMPORTS (Million Gallons) | BU46: Blue numbers are Census trade data
B47: 93/94 | C47: 94/95 | D47: 95/96 | E47: 96/97 | F47: 97/98 | G47: 98/99 | H47: 99/00 | I47: 00/01 | J47: 01/02 | K47: 02/03 | L47: 03/04 | M47: 04/05 | N47: 05/06 | O47: 06/07 | P47: 07/08 | Q47: 08/09 | R47: 09/10 | S47: 10/11 | T47: 11/12 | U47: 12/13 | V47: 13/14 | W47: 14/15 | X47: 15/16 | Y47: 16/17 | Z47: 17/18 | AA47: 18/19 | AB47: 19/20 | AC47: 20/21 | AD47: =AD2 -> 21/22 | AE47: =AE2 -> 22/23 | AF47: =AF2 -> 23/24 | AG47: =AG2 -> 24/25 | AH47: =AH2 -> 25/26 | AI47: =AI2 -> 26/27 | AJ47: =AJ2 -> 27/28 | AK47: =AK2 -> 28/29 | ... BF47: =BF2 -> 42/50 | BV47: Ethanol Production
A48: September | B48: ='Monthly Ethanol Data'!$C158*42/1000 -> 1.05 | C48: ='Monthly Ethanol Data'!$C170*42/1000 -> 1.134 | D48: ='Monthly Ethanol Data'!$C182*42/1000 -> 2.436 | E48: ='Monthly Ethanol Data'!$C194*42/1000 -> 0 | F48: ='Monthly Ethanol Data'!$C206*42/1000 -> 0.21 | G48: ='Monthly Ethanol Data'!$C218*42/1000 -> 0.294 | H48: ='Monthly Ethanol Data'!$C230*42/1000 -> 0.546 | I48: ='Monthly Ethanol Data'!$C242*42/1000 -> 2.016 | J48: ='Monthly Ethanol Data'!$C254*42/1000 -> 0.504 | K48: ='Monthly Ethanol Data'!$C266*42/1000 -> 0.504 | L48: ='Monthly Ethanol Data'!$C278*42/1000 -> 16.716 | M48: ='Monthly Ethanol Data'!$C290*42/1000 -> 2.562 | N48: ='Monthly Ethanol Data'!$C302*42/1000 -> 95.256 | O48: ='Monthly Ethanol Data'!$C314*42/1000 -> 25.62 | P48: ='Monthly Ethanol Data'!$C326*42/1000 -> 103.572 | Q48: ='Monthly Ethanol Data'!$C338*42/1000 -> 13.02 | R48: ='Monthly Ethanol Data'!$C350*42/1000 -> 0.21 | S48: ='Monthly Ethanol Data'!$C362*42/1000 -> 1.932 | T48: ='Monthly Ethanol Data'!$C374*42/1000 -> 31.542 | U48: ='Monthly Ethanol Data'!$C386*42/1000 -> 2.814 | V48: ='Monthly Ethanol Data'!$C398*42/1000 -> 0.294 | W48: ='Monthly Ethanol Data'!$C410*42/1000 -> 0.126 | X48: ='Monthly Ethanol Data'!$C422*42/1000 -> 1.302 | Y48: ='Monthly Ethanol Data'!$C434*42/1000 -> 1.302 | Z48: ='Monthly Ethanol Data'!$D446*42/1000 -> 30.306615 | AA48: ='Monthly Ethanol Data'!$D458*42/1000 -> 16.326031 | AB48: ='Monthly Ethanol Data'!$D470*42/1000 -> 67.55238 | AC48: ='Monthly Ethanol Data'!$D482*42/1000 -> 24.770116 | AD48: ='Monthly Ethanol Data'!$D494*42/1000 -> 20.238816 | AE48: ='Monthly Ethanol Data'!$D506*42/1000 -> 1.9746989 | AF48: ='Monthly Ethanol Data'!$D518*42/1000 -> 16.930468 | AG48: ='Monthly Ethanol Data'!$D530*42/1000 -> 3.8398555 | AH48: =(SUM(AB48:AF48)/SUM(AB$60:AF$60))*AH$60 -> 35.507347 | AI48: =(SUM(AC48:AG48)/SUM(AC$60:AG$60))*AI$60 -> 24.144806 | AJ48: =(SUM(AD48:AH48)/SUM(AD$60:AH$60))*AJ$60 -> 26.700954 | AK48: =(SUM(AE48:AI48)/SUM(AE$60:AI$60))*AK$60 -> 23.29549 | AL48: =(SUM(AF48:AJ48)/SUM(AF$60:AJ$60))*AL$60 -> 26.338134 | AM48: =(SUM(AG48:AK48)/SUM(AG$60:AK$60))*AM$60 -> 25.219656 | AN48: =(SUM(AH48:AL48)/SUM(AH$60:AL$60))*AN$60 -> 27.197346 | AO48: =(SUM(AI48:AM48)/SUM(AI$60:AM$60))*AO$60 -> 25.139808 | ... BF48: =(SUM(AZ48:BD48)/SUM(AZ$60:BD$60))*BF$60 -> 26.463535 | BW48: 2024 | BX48: 2023 | BY48: 2022 | BZ48: 2021 | CA48: 2020 | CB48: 2019 | CC48: 2018 | CD48: 2017 | CE48: 2016 | CF48: 2015 | CG48: 2014
A49: October | B49: ='Monthly Ethanol Data'!$C159*42/1000 -> 1.008 | C49: ='Monthly Ethanol Data'!$C171*42/1000 -> 0 | D49: ='Monthly Ethanol Data'!$C183*42/1000 -> 1.932 | E49: ='Monthly Ethanol Data'!$C195*42/1000 -> 0 | F49: ='Monthly Ethanol Data'!$C207*42/1000 -> 0.084 | G49: ='Monthly Ethanol Data'!$C219*42/1000 -> 0.336 | H49: ='Monthly Ethanol Data'!$C231*42/1000 -> 0.462 | I49: ='Monthly Ethanol Data'!$C243*42/1000 -> 0.714 | J49: ='Monthly Ethanol Data'!$C255*42/1000 -> 0.546 | K49: ='Monthly Ethanol Data'!$C267*42/1000 -> 0.462 | L49: ='Monthly Ethanol Data'!$C279*42/1000 -> 21.756 | M49: ='Monthly Ethanol Data'!$C291*42/1000 -> 28.98 | N49: ='Monthly Ethanol Data'!$C303*42/1000 -> 85.848 | O49: ='Monthly Ethanol Data'!$C315*42/1000 -> 41.916 | P49: ='Monthly Ethanol Data'!$C327*42/1000 -> 25.452 | Q49: ='Monthly Ethanol Data'!$C339*42/1000 -> 11.298 | R49: ='Monthly Ethanol Data'!$C351*42/1000 -> 0.168 | S49: ='Monthly Ethanol Data'!$C363*42/1000 -> 0.294 | T49: ='Monthly Ethanol Data'!$C375*42/1000 -> 12.18 | U49: ='Monthly Ethanol Data'!$C387*42/1000 -> 1.848 | V49: ='Monthly Ethanol Data'!$C399*42/1000 -> 1.638 | W49: ='Monthly Ethanol Data'!$C411*42/1000 -> 0.126 | X49: ='Monthly Ethanol Data'!$C423*42/1000 -> 10.584 | Y49: ='Monthly Ethanol Data'!$C435*42/1000 -> 0 | Z49: ='Monthly Ethanol Data'!$D447*42/1000 -> 17.207488 | AA49: ='Monthly Ethanol Data'!$D459*42/1000 -> 40.071462 | AB49: ='Monthly Ethanol Data'!$D471*42/1000 -> 32.141665 | AC49: ='Monthly Ethanol Data'!$D483*42/1000 -> 39.077454 | AD49: ='Monthly Ethanol Data'!$D495*42/1000 -> 13.755393 | AE49: ='Monthly Ethanol Data'!$D507*42/1000 -> 14.842326 | AF49: ='Monthly Ethanol Data'!$D519*42/1000 -> 5.4517786 | AG49: ='Monthly Ethanol Data'!$D531*42/1000 -> 3.7674314 | AH49: =(SUM(AB49:AF49)/SUM(AB$60:AF$60))*AH$60 -> 28.431653 | AI49: =(SUM(AC49:AG49)/SUM(AC$60:AG$60))*AI$60 -> 27.40209 | AJ49: =(SUM(AD49:AH49)/SUM(AD$60:AH$60))*AJ$60 -> 22.536293 | AK49: =(SUM(AE49:AI49)/SUM(AE$60:AI$60))*AK$60 -> 22.588149 | AL49: =(SUM(AF49:AJ49)/SUM(AF$60:AJ$60))*AL$60 -> 21.535319 | AM49: =(SUM(AG49:AK49)/SUM(AG$60:AK$60))*AM$60 -> 23.272359 | AN49: =(SUM(AH49:AL49)/SUM(AH$60:AL$60))*AN$60 -> 24.498701 | AO49: =(SUM(AI49:AM49)/SUM(AI$60:AM$60))*AO$60 -> 23.466842 | ... BF49: =(SUM(AZ49:BD49)/SUM(AZ$60:BD$60))*BF$60 -> 23.910089 | BW49: =SUM(AG36:AG43,AH32:AH35) -> 15826.837 | BX49: =SUM(AF36:AF43,AG32:AG35) -> 16225.272 | BY49: =SUM(AE36:AE43,AF32:AF35) -> 15580.236 | BZ49: =SUM(AD36:AD43,AE32:AE35) -> 15360.744 | CA49: =SUM(AC36:AC43,AD32:AD35) -> 15015.672 | CB49: =SUM(AB36:AB43,AC32:AC35) -> 13941.018 | CC49: =SUM(AA36:AA43,AB32:AB35) -> 15776.418 | CD49: =SUM(Z36:Z43,AA32:AA35) -> 16060.8 | CE49: =SUM(Y36:Y43,Z32:Z35) -> 15844.92 | CF49: =SUM(X36:X43,Y32:Y35) -> 15413.202 | CG49: =SUM(W36:W43,X32:X35) -> 14807.226
A50: November | B50: ='Monthly Ethanol Data'!$C160*42/1000 -> 2.814 | C50: ='Monthly Ethanol Data'!$C172*42/1000 -> 0.126 | D50: ='Monthly Ethanol Data'!$C184*42/1000 -> 0 | E50: ='Monthly Ethanol Data'!$C196*42/1000 -> 0.714 | F50: ='Monthly Ethanol Data'!$C208*42/1000 -> 0.084 | G50: ='Monthly Ethanol Data'!$C220*42/1000 -> 0.294 | H50: ='Monthly Ethanol Data'!$C232*42/1000 -> 0.42 | I50: ='Monthly Ethanol Data'!$C244*42/1000 -> 0.378 | J50: ='Monthly Ethanol Data'!$C256*42/1000 -> 0.504 | K50: ='Monthly Ethanol Data'!$C268*42/1000 -> 0.378 | L50: ='Monthly Ethanol Data'!$C280*42/1000 -> 15.96 | M50: ='Monthly Ethanol Data'!$C292*42/1000 -> 29.484 | N50: ='Monthly Ethanol Data'!$C304*42/1000 -> 57.792 | O50: ='Monthly Ethanol Data'!$C316*42/1000 -> 16.506 | P50: ='Monthly Ethanol Data'!$C328*42/1000 -> 11.676 | Q50: ='Monthly Ethanol Data'!$C340*42/1000 -> 11.97 | R50: ='Monthly Ethanol Data'!$C352*42/1000 -> 0.294 | S50: ='Monthly Ethanol Data'!$C364*42/1000 -> 16.842 | T50: ='Monthly Ethanol Data'!$C376*42/1000 -> 48.006 | U50: ='Monthly Ethanol Data'!$C388*42/1000 -> 3.108 | V50: ='Monthly Ethanol Data'!$C400*42/1000 -> 0.294 | W50: ='Monthly Ethanol Data'!$C412*42/1000 -> 0.084 | X50: ='Monthly Ethanol Data'!$C424*42/1000 -> 11.298 | Y50: ='Monthly Ethanol Data'!$C436*42/1000 -> 0 | Z50: ='Monthly Ethanol Data'!$D448*42/1000 -> 42.044646 | AA50: ='Monthly Ethanol Data'!$D460*42/1000 -> 24.680024 | AB50: ='Monthly Ethanol Data'!$D472*42/1000 -> 35.887695 | AC50: ='Monthly Ethanol Data'!$D484*42/1000 -> 36.88508 | AD50: ='Monthly Ethanol Data'!$D496*42/1000 -> 4.813605 | AE50: ='Monthly Ethanol Data'!$D508*42/1000 -> 19.544767 | AF50: ='Monthly Ethanol Data'!$D520*42/1000 -> 6.2216535 | AG50: ='Monthly Ethanol Data'!$D532*42/1000 -> 18.091909 | AH50: =(SUM(AB50:AF50)/SUM(AB$60:AF$60))*AH$60 -> 27.914216 | AI50: =(SUM(AC50:AG50)/SUM(AC$60:AG$60))*AI$60 -> 30.489106 | AJ50: =(SUM(AD50:AH50)/SUM(AD$60:AH$60))*AJ$60 -> 26.052904 | AK50: =(SUM(AE50:AI50)/SUM(AE$60:AI$60))*AK$60 -> 28.911614 | AL50: =(SUM(AF50:AJ50)/SUM(AF$60:AJ$60))*AL$60 -> 26.742919 | AM50: =(SUM(AG50:AK50)/SUM(AG$60:AK$60))*AM$60 -> 29.213278 | AN50: =(SUM(AH50:AL50)/SUM(AH$60:AL$60))*AN$60 -> 28.022152 | AO50: =(SUM(AI50:AM50)/SUM(AI$60:AM$60))*AO$60 -> 28.281964 | ... BF50: =(SUM(AZ50:BD50)/SUM(AZ$60:BD$60))*BF$60 -> 28.908416
A51: December | B51: ='Monthly Ethanol Data'!$C161*42/1000 -> 1.974 | C51: ='Monthly Ethanol Data'!$C173*42/1000 -> 2.1 | D51: ='Monthly Ethanol Data'!$C185*42/1000 -> 0 | E51: ='Monthly Ethanol Data'!$C197*42/1000 -> 0 | F51: ='Monthly Ethanol Data'!$C209*42/1000 -> 0.21 | G51: ='Monthly Ethanol Data'!$C221*42/1000 -> 0.336 | H51: ='Monthly Ethanol Data'!$C233*42/1000 -> 0.462 | I51: ='Monthly Ethanol Data'!$C245*42/1000 -> 0.546 | J51: ='Monthly Ethanol Data'!$C257*42/1000 -> 4.41 | K51: ='Monthly Ethanol Data'!$C269*42/1000 -> 4.242 | L51: ='Monthly Ethanol Data'!$C281*42/1000 -> 0.504 | M51: ='Monthly Ethanol Data'!$C293*42/1000 -> 24.822 | N51: ='Monthly Ethanol Data'!$C305*42/1000 -> 50.736 | O51: ='Monthly Ethanol Data'!$C317*42/1000 -> 8.904 | P51: ='Monthly Ethanol Data'!$C329*42/1000 -> 19.446 | Q51: ='Monthly Ethanol Data'!$C341*42/1000 -> 0.504 | R51: ='Monthly Ethanol Data'!$C353*42/1000 -> 0.252 | S51: ='Monthly Ethanol Data'!$C365*42/1000 -> 9.492 | T51: ='Monthly Ethanol Data'!$C377*42/1000 -> 17.472 | U51: ='Monthly Ethanol Data'!$C389*42/1000 -> 19.194 | V51: ='Monthly Ethanol Data'!$C401*42/1000 -> 10.794 | W51: ='Monthly Ethanol Data'!$C413*42/1000 -> 0.126 | X51: ='Monthly Ethanol Data'!$C425*42/1000 -> 10.752 | Y51: ='Monthly Ethanol Data'!$C437*42/1000 -> 0 | Z51: ='Monthly Ethanol Data'!$D449*42/1000 -> 8.5057331 | AA51: ='Monthly Ethanol Data'!$D461*42/1000 -> 27.560602 | AB51: ='Monthly Ethanol Data'!$D473*42/1000 -> 22.063485 | AC51: ='Monthly Ethanol Data'!$D485*42/1000 -> 30.600646 | AD51: ='Monthly Ethanol Data'!$D497*42/1000 -> 4.5315243 | AE51: ='Monthly Ethanol Data'!$D509*42/1000 -> 3.6668803 | AF51: ='Monthly Ethanol Data'!$D521*42/1000 -> 16.206797 | AG51: ='Monthly Ethanol Data'!$D533*42/1000 -> 4.0152808 | AH51: =(SUM(AB51:AF51)/SUM(AB$60:AF$60))*AH$60 -> 20.815401 | AI51: =(SUM(AC51:AG51)/SUM(AC$60:AG$60))*AI$60 -> 21.032775 | AJ51: =(SUM(AD51:AH51)/SUM(AD$60:AH$60))*AJ$60 -> 16.748952 | AK51: =(SUM(AE51:AI51)/SUM(AE$60:AI$60))*AK$60 -> 18.585331 | AL51: =(SUM(AF51:AJ51)/SUM(AF$60:AJ$60))*AL$60 -> 19.379054 | AM51: =(SUM(AG51:AK51)/SUM(AG$60:AK$60))*AM$60 -> 18.043942 | AN51: =(SUM(AH51:AL51)/SUM(AH$60:AL$60))*AN$60 -> 19.312303 | AO51: =(SUM(AI51:AM51)/SUM(AI$60:AM$60))*AO$60 -> 18.758011 | ... BF51: =(SUM(AZ51:BD51)/SUM(AZ$60:BD$60))*BF$60 -> 19.254002 | BV51: EMTS Production
A52: January | B52: ='Monthly Ethanol Data'!$C162*42/1000 -> 2.352 | C52: ='Monthly Ethanol Data'!$C174*42/1000 -> 1.806 | D52: ='Monthly Ethanol Data'!$C186*42/1000 -> 1.974 | E52: ='Monthly Ethanol Data'!$C198*42/1000 -> 0 | F52: ='Monthly Ethanol Data'!$C210*42/1000 -> 0.252 | G52: ='Monthly Ethanol Data'!$C222*42/1000 -> 0.294 | H52: ='Monthly Ethanol Data'!$C234*42/1000 -> 0.42 | I52: ='Monthly Ethanol Data'!$C246*42/1000 -> 0.672 | J52: ='Monthly Ethanol Data'!$C258*42/1000 -> 0.462 | K52: ='Monthly Ethanol Data'!$C270*42/1000 -> 0.21 | L52: ='Monthly Ethanol Data'!$C282*42/1000 -> 3.402 | M52: ='Monthly Ethanol Data'!$C294*42/1000 -> 5.544 | N52: ='Monthly Ethanol Data'!$C306*42/1000 -> 45.234 | O52: ='Monthly Ethanol Data'!$C318*42/1000 -> 21.42 | P52: ='Monthly Ethanol Data'!$C330*42/1000 -> 16.296 | Q52: ='Monthly Ethanol Data'!$C342*42/1000 -> 3.78 | R52: ='Monthly Ethanol Data'!$C354*42/1000 -> 0.21 | S52: ='Monthly Ethanol Data'!$C366*42/1000 -> 16.128 | T52: ='Monthly Ethanol Data'!$C378*42/1000 -> 23.184 | U52: ='Monthly Ethanol Data'!$C390*42/1000 -> 23.562 | V52: ='Monthly Ethanol Data'!$C402*42/1000 -> 0.336 | W52: ='Monthly Ethanol Data'!$C414*42/1000 -> 0.042 | X52: ='Monthly Ethanol Data'!$C426*42/1000 -> 10.668 | Y52: ='Monthly Ethanol Data'!$C438*42/1000 -> 16.548 | Z52: ='Monthly Ethanol Data'!$D450*42/1000 -> 25.166186 | AA52: ='Monthly Ethanol Data'!$D462*42/1000 -> 16.017925 | AB52: ='Monthly Ethanol Data'!$D474*42/1000 -> 5.7525671 | AC52: ='Monthly Ethanol Data'!$D486*42/1000 -> 12.527521 | AD52: ='Monthly Ethanol Data'!$D498*42/1000 -> 8.2380069 | AE52: ='Monthly Ethanol Data'!$D510*42/1000 -> 2.8384741 | AF52: ='Monthly Ethanol Data'!$D522*42/1000 -> 14.997303 | AG52: ='Monthly Ethanol Data'!$D534*42/1000 -> 14.214093 | AH52: =(SUM(AB52:AF52)/SUM(AB$60:AF$60))*AH$60 -> 11.979391 | AI52: =(SUM(AC52:AG52)/SUM(AC$60:AG$60))*AI$60 -> 18.8213 | AJ52: =(SUM(AD52:AH52)/SUM(AD$60:AH$60))*AJ$60 -> 17.780161 | AK52: =(SUM(AE52:AI52)/SUM(AE$60:AI$60))*AK$60 -> 17.769233 | AL52: =(SUM(AF52:AJ52)/SUM(AF$60:AJ$60))*AL$60 -> 19.126559 | AM52: =(SUM(AG52:AK52)/SUM(AG$60:AK$60))*AM$60 -> 17.903151 | AN52: =(SUM(AH52:AL52)/SUM(AH$60:AL$60))*AN$60 -> 17.095329 | AO52: =(SUM(AI52:AM52)/SUM(AI$60:AM$60))*AO$60 -> 18.280081 | ... BF52: =(SUM(AZ52:BD52)/SUM(AZ$60:BD$60))*BF$60 -> 18.464108 | BW52: =W47 -> 14/15 | BX52: =X47 -> 15/16 | BY52: =Y47 -> 16/17 | BZ52: =Z47 -> 17/18 | CA52: =AA47 -> 18/19 | CB52: =AB47 -> 19/20 | CC52: =AC47 -> 20/21 | CD52: =AD47 -> 21/22 | ... CY52: =AY47 -> 42/43
A53: February | B53: ='Monthly Ethanol Data'!$C163*42/1000 -> 1.68 | C53: ='Monthly Ethanol Data'!$C175*42/1000 -> 1.302 | D53: ='Monthly Ethanol Data'!$C187*42/1000 -> 0 | E53: ='Monthly Ethanol Data'!$C199*42/1000 -> 0 | F53: ='Monthly Ethanol Data'!$C211*42/1000 -> 0.21 | G53: ='Monthly Ethanol Data'!$C223*42/1000 -> 0.294 | H53: ='Monthly Ethanol Data'!$C235*42/1000 -> 0.714 | I53: ='Monthly Ethanol Data'!$C247*42/1000 -> 2.898 | J53: ='Monthly Ethanol Data'!$C259*42/1000 -> 2.268 | K53: ='Monthly Ethanol Data'!$C271*42/1000 -> 4.578 | L53: ='Monthly Ethanol Data'!$C283*42/1000 -> 16.464 | M53: ='Monthly Ethanol Data'!$C295*42/1000 -> 25.62 | N53: ='Monthly Ethanol Data'!$C307*42/1000 -> 42.42 | O53: ='Monthly Ethanol Data'!$C319*42/1000 -> 21.21 | P53: ='Monthly Ethanol Data'!$C331*42/1000 -> 2.352 | Q53: ='Monthly Ethanol Data'!$C343*42/1000 -> 1.554 | R53: ='Monthly Ethanol Data'!$C355*42/1000 -> 2.982 | S53: ='Monthly Ethanol Data'!$C367*42/1000 -> 34.146 | T53: ='Monthly Ethanol Data'!$C379*42/1000 -> 38.892 | U53: ='Monthly Ethanol Data'!$C391*42/1000 -> 4.2 | V53: ='Monthly Ethanol Data'!$C403*42/1000 -> 0.378 | W53: ='Monthly Ethanol Data'!$C415*42/1000 -> 10.5 | X53: ='Monthly Ethanol Data'!$C427*42/1000 -> 2.898 | Y53: ='Monthly Ethanol Data'!$C439*42/1000 -> 15.834 | Z53: ='Monthly Ethanol Data'!$D451*42/1000 -> 14.34765 | AA53: ='Monthly Ethanol Data'!$D463*42/1000 -> 17.630161 | AB53: ='Monthly Ethanol Data'!$D475*42/1000 -> 38.338296 | AC53: ='Monthly Ethanol Data'!$D487*42/1000 -> 2.8578384 | AD53: ='Monthly Ethanol Data'!$D499*42/1000 -> 4.7256088 | AE53: ='Monthly Ethanol Data'!$D511*42/1000 -> 1.9672752 | AF53: ='Monthly Ethanol Data'!$D523*42/1000 -> 9.1650555 | AG53: =(SUM(AB53:AF53)/SUM(AB$60:AF$60))*AG$60 -> 7.7047731 | AH53: =(SUM(AB53:AF53)/SUM(AB$60:AF$60))*AH$60 -> 15.409546 | AI53: =(SUM(AC53:AG53)/SUM(AC$60:AG$60))*AI$60 -> 9.4152301 | AJ53: =(SUM(AD53:AH53)/SUM(AD$60:AH$60))*AJ$60 -> 13.257495 | AK53: =(SUM(AE53:AI53)/SUM(AE$60:AI$60))*AK$60 -> 12.344172 | AL53: =(SUM(AF53:AJ53)/SUM(AF$60:AJ$60))*AL$60 -> 13.510917 | AM53: =(SUM(AG53:AK53)/SUM(AG$60:AK$60))*AM$60 -> 12.918048 | AN53: =(SUM(AH53:AL53)/SUM(AH$60:AL$60))*AN$60 -> 12.787472 | AO53: =(SUM(AI53:AM53)/SUM(AI$60:AM$60))*AO$60 -> 12.289172 | ... BF53: =(SUM(AZ53:BD53)/SUM(AZ$60:BD$60))*BF$60 -> 13.134705 | BV53: Sep | BW53: ='[2]D6 Gallon Forecast'!F121/1000000 -> 1158.2076 | BX53: ='[2]D6 Gallon Forecast'!G121/1000000 -> 1179.6805 | BY53: ='[2]D6 Gallon Forecast'!H121/1000000 -> 1210.4813 | BZ53: ='[2]D6 Gallon Forecast'!I121/1000000 -> 1209.0787 | CA53: ='[2]D6 Gallon Forecast'!J121/1000000 -> 1205.9467 | CB53: ='[2]D6 Gallon Forecast'!K121/1000000 -> 1186.0867 | CC53: ='[2]D6 Gallon Forecast'!L121/1000000 -> 1116.0411 | CD53: ='[2]D6 Gallon Forecast'!M121/1000000 -> 1149.353 | CE53: ='[2]D6 Gallon Forecast'!$N105/1000000 -> 1117.3306 | CF53: ='[2]D6 Gallon Forecast'!$N105/1000000 -> 1117.3306 | CG53: ='[2]D6 Gallon Forecast'!$N105/1000000 -> 1117.3306 | CH53: ='[2]D6 Gallon Forecast'!$N105/1000000 -> 1117.3306 | CI53: ='[2]D6 Gallon Forecast'!$N105/1000000 -> 1117.3306 | CJ53: ='[2]D6 Gallon Forecast'!$N105/1000000 -> 1117.3306 | CK53: ='[2]D6 Gallon Forecast'!$N105/1000000 -> 1117.3306 | CL53: ='[2]D6 Gallon Forecast'!$N105/1000000 -> 1117.3306 | ... CY53: ='[2]D6 Gallon Forecast'!$N105/1000000 -> 1117.3306
A54: March | B54: ='Monthly Ethanol Data'!$C164*42/1000 -> 0 | C54: ='Monthly Ethanol Data'!$C176*42/1000 -> 1.008 | D54: ='Monthly Ethanol Data'!$C188*42/1000 -> 0 | E54: ='Monthly Ethanol Data'!$C200*42/1000 -> 0 | F54: ='Monthly Ethanol Data'!$C212*42/1000 -> 0.252 | G54: ='Monthly Ethanol Data'!$C224*42/1000 -> 0.294 | H54: ='Monthly Ethanol Data'!$C236*42/1000 -> 3.57 | I54: ='Monthly Ethanol Data'!$C248*42/1000 -> 0.714 | J54: ='Monthly Ethanol Data'!$C260*42/1000 -> 0.336 | K54: ='Monthly Ethanol Data'!$C272*42/1000 -> 6.594 | L54: ='Monthly Ethanol Data'!$C284*42/1000 -> 0.546 | M54: ='Monthly Ethanol Data'!$C296*42/1000 -> 37.548 | N54: ='Monthly Ethanol Data'!$C308*42/1000 -> 30.24 | O54: ='Monthly Ethanol Data'!$C320*42/1000 -> 15.456 | P54: ='Monthly Ethanol Data'!$C332*42/1000 -> 3.318 | Q54: ='Monthly Ethanol Data'!$C344*42/1000 -> 2.058 | R54: ='Monthly Ethanol Data'!$C356*42/1000 -> 12.81 | S54: ='Monthly Ethanol Data'!$C368*42/1000 -> 43.26 | T54: ='Monthly Ethanol Data'!$C380*42/1000 -> 61.068 | U54: ='Monthly Ethanol Data'!$C392*42/1000 -> 4.368 | V54: ='Monthly Ethanol Data'!$C404*42/1000 -> 1.722 | W54: ='Monthly Ethanol Data'!$C416*42/1000 -> 13.188 | X54: ='Monthly Ethanol Data'!$C428*42/1000 -> 0.084 | Y54: ='Monthly Ethanol Data'!$C440*42/1000 -> 0 | Z54: ='Monthly Ethanol Data'!$D452*42/1000 -> 19.881053 | AA54: ='Monthly Ethanol Data'!$D464*42/1000 -> 25.8019 | AB54: ='Monthly Ethanol Data'!$D476*42/1000 -> 23.303306 | AC54: ='Monthly Ethanol Data'!$D488*42/1000 -> 8.812214 | AD54: ='Monthly Ethanol Data'!$D500*42/1000 -> 1.8159056 | AE54: ='Monthly Ethanol Data'!$D512*42/1000 -> 2.9084757 | AF54: ='Monthly Ethanol Data'!$D524*42/1000 -> 12.256714 | AG54: =(SUM(AB54:AF54)/SUM(AB$60:AF$60))*AG$60+5 -> 11.630171 | AH54: =(SUM(AB54:AF54)/SUM(AB$60:AF$60))*AH$60 -> 13.260343 | AI54: =(SUM(AC54:AG54)/SUM(AC$60:AG$60))*AI$60 -> 13.336235 | AJ54: =(SUM(AD54:AH54)/SUM(AD$60:AH$60))*AJ$60 -> 14.243789 | AK54: =(SUM(AE54:AI54)/SUM(AE$60:AI$60))*AK$60 -> 15.095073 | AL54: =(SUM(AF54:AJ54)/SUM(AF$60:AJ$60))*AL$60 -> 15.914306 | AM54: =(SUM(AG54:AK54)/SUM(AG$60:AK$60))*AM$60 -> 15.01458 | AN54: =(SUM(AH54:AL54)/SUM(AH$60:AL$60))*AN$60 -> 14.369949 | AO54: =(SUM(AI54:AM54)/SUM(AI$60:AM$60))*AO$60 -> 14.720797 | ... BF54: =(SUM(AZ54:BD54)/SUM(AZ$60:BD$60))*BF$60 -> 15.302203 | BV54: Oct | BW54: ='[2]D6 Gallon Forecast'!F122/1000000 -> 1161.214 | BX54: ='[2]D6 Gallon Forecast'!G122/1000000 -> 1218.6279 | BY54: ='[2]D6 Gallon Forecast'!H122/1000000 -> 1234.4139 | BZ54: ='[2]D6 Gallon Forecast'!I122/1000000 -> 1274.7758 | CA54: ='[2]D6 Gallon Forecast'!J122/1000000 -> 1268.756 | CB54: ='[2]D6 Gallon Forecast'!K122/1000000 -> 1237.883 | CC54: ='[2]D6 Gallon Forecast'!L122/1000000 -> 1138.0327 | CD54: ='[2]D6 Gallon Forecast'!M122/1000000 -> 1183.7846 | CE54: ='[2]D6 Gallon Forecast'!$N106/1000000 -> 1215.6274 | CF54: ='[2]D6 Gallon Forecast'!$N106/1000000 -> 1215.6274 | CG54: ='[2]D6 Gallon Forecast'!$N106/1000000 -> 1215.6274 | CH54: ='[2]D6 Gallon Forecast'!$N106/1000000 -> 1215.6274 | CI54: ='[2]D6 Gallon Forecast'!$N106/1000000 -> 1215.6274 | CJ54: ='[2]D6 Gallon Forecast'!$N106/1000000 -> 1215.6274 | CK54: ='[2]D6 Gallon Forecast'!$N106/1000000 -> 1215.6274 | CL54: ='[2]D6 Gallon Forecast'!$N106/1000000 -> 1215.6274 | ... CY54: ='[2]D6 Gallon Forecast'!$N106/1000000 -> 1215.6274
A55: April | B55: ='Monthly Ethanol Data'!$C165*42/1000 -> 2.1 | C55: ='Monthly Ethanol Data'!$C177*42/1000 -> 1.974 | D55: ='Monthly Ethanol Data'!$C189*42/1000 -> 1.974 | E55: ='Monthly Ethanol Data'!$C201*42/1000 -> 1.638 | F55: ='Monthly Ethanol Data'!$C213*42/1000 -> 0.336 | G55: ='Monthly Ethanol Data'!$C225*42/1000 -> 0.42 | H55: ='Monthly Ethanol Data'!$C237*42/1000 -> 0.84 | I55: ='Monthly Ethanol Data'!$C249*42/1000 -> 0.798 | J55: ='Monthly Ethanol Data'!$C261*42/1000 -> 0.378 | K55: ='Monthly Ethanol Data'!$C273*42/1000 -> 6.006 | L55: ='Monthly Ethanol Data'!$C285*42/1000 -> 8.652 | M55: ='Monthly Ethanol Data'!$C297*42/1000 -> 38.01 | N55: ='Monthly Ethanol Data'!$C309*42/1000 -> 30.786 | O55: ='Monthly Ethanol Data'!$C321*42/1000 -> 62.622 | P55: ='Monthly Ethanol Data'!$C333*42/1000 -> 6.972 | Q55: ='Monthly Ethanol Data'!$C345*42/1000 -> 1.932 | R55: ='Monthly Ethanol Data'!$C357*42/1000 -> 24.402 | S55: ='Monthly Ethanol Data'!$C369*42/1000 -> 78.12 | T55: ='Monthly Ethanol Data'!$C381*42/1000 -> 66.99 | U55: ='Monthly Ethanol Data'!$C393*42/1000 -> 0.378 | V55: ='Monthly Ethanol Data'!$C405*42/1000 -> 15.414 | W55: ='Monthly Ethanol Data'!$C417*42/1000 -> 10.71 | X55: ='Monthly Ethanol Data'!$C429*42/1000 -> 0.126 | Y55: ='Monthly Ethanol Data'!$C441*42/1000 -> 8.274 | Z55: ='Monthly Ethanol Data'!$D453*42/1000 -> 14.295399 | AA55: ='Monthly Ethanol Data'!$D465*42/1000 -> 22.919281 | AB55: ='Monthly Ethanol Data'!$D477*42/1000 -> 10.571497 | AC55: ='Monthly Ethanol Data'!$D489*42/1000 -> 6.3231502 | AD55: ='Monthly Ethanol Data'!$D501*42/1000 -> 2.0101152 | AE55: ='Monthly Ethanol Data'!$D513*42/1000 -> 10.517975 | AF55: ='Monthly Ethanol Data'!$D525*42/1000 -> 10.825289 | AG55: =(SUM(AB55:AF55)/SUM(AB$60:AF$60))*AG$60+5 -> 10.435228 | AH55: =(SUM(AB55:AF55)/SUM(AB$60:AF$60))*AH$60 -> 10.870456 | AI55: =(SUM(AC55:AG55)/SUM(AC$60:AG$60))*AI$60 -> 14.29423 | AJ55: =(SUM(AD55:AH55)/SUM(AD$60:AH$60))*AJ$60 -> 15.192019 | AK55: =(SUM(AE55:AI55)/SUM(AE$60:AI$60))*AK$60 -> 16.099086 | AL55: =(SUM(AF55:AJ55)/SUM(AF$60:AJ$60))*AL$60 -> 15.149651 | AM55: =(SUM(AG55:AK55)/SUM(AG$60:AK$60))*AM$60 -> 14.864671 | AN55: =(SUM(AH55:AL55)/SUM(AH$60:AL$60))*AN$60 -> 14.321088 | AO55: =(SUM(AI55:AM55)/SUM(AI$60:AM$60))*AO$60 -> 15.119931 | ... BF55: =(SUM(AZ55:BD55)/SUM(AZ$60:BD$60))*BF$60 -> 15.395871 | BV55: Nov | BW55: ='[2]D6 Gallon Forecast'!F123/1000000 -> 1126.806 | BX55: ='[2]D6 Gallon Forecast'!G123/1000000 -> 1197.5586 | BY55: ='[2]D6 Gallon Forecast'!H123/1000000 -> 1205.7381 | BZ55: ='[2]D6 Gallon Forecast'!I123/1000000 -> 1272.8924 | CA55: ='[2]D6 Gallon Forecast'!J123/1000000 -> 1231.7293 | CB55: ='[2]D6 Gallon Forecast'!K123/1000000 -> 1194.2302 | CC55: ='[2]D6 Gallon Forecast'!L123/1000000 -> 1136.4296 | CD55: ='[2]D6 Gallon Forecast'!M123/1000000 -> 1240.2932 | CE55: ='[2]D6 Gallon Forecast'!$N107/1000000 -> 1251.9493 | CF55: ='[2]D6 Gallon Forecast'!$N107/1000000 -> 1251.9493 | CG55: ='[2]D6 Gallon Forecast'!$N107/1000000 -> 1251.9493 | CH55: ='[2]D6 Gallon Forecast'!$N107/1000000 -> 1251.9493 | CI55: ='[2]D6 Gallon Forecast'!$N107/1000000 -> 1251.9493 | CJ55: ='[2]D6 Gallon Forecast'!$N107/1000000 -> 1251.9493 | CK55: ='[2]D6 Gallon Forecast'!$N107/1000000 -> 1251.9493 | CL55: ='[2]D6 Gallon Forecast'!$N107/1000000 -> 1251.9493 | ... CY55: ='[2]D6 Gallon Forecast'!$N107/1000000 -> 1251.9493
A56: May | B56: ='Monthly Ethanol Data'!$C166*42/1000 -> 1.134 | C56: ='Monthly Ethanol Data'!$C178*42/1000 -> 1.176 | D56: ='Monthly Ethanol Data'!$C190*42/1000 -> 0 | E56: ='Monthly Ethanol Data'!$C202*42/1000 -> 0 | F56: ='Monthly Ethanol Data'!$C214*42/1000 -> 0.294 | G56: ='Monthly Ethanol Data'!$C226*42/1000 -> 0.378 | H56: ='Monthly Ethanol Data'!$C238*42/1000 -> 0.378 | I56: ='Monthly Ethanol Data'!$C250*42/1000 -> 0.588 | J56: ='Monthly Ethanol Data'!$C262*42/1000 -> 2.268 | K56: ='Monthly Ethanol Data'!$C274*42/1000 -> 7.602 | L56: ='Monthly Ethanol Data'!$C286*42/1000 -> 3.402 | M56: ='Monthly Ethanol Data'!$C298*42/1000 -> 28.644 | N56: ='Monthly Ethanol Data'!$C310*42/1000 -> 27.846 | O56: ='Monthly Ethanol Data'!$C322*42/1000 -> 40.404 | P56: ='Monthly Ethanol Data'!$C334*42/1000 -> 21.294 | Q56: ='Monthly Ethanol Data'!$C346*42/1000 -> 1.932 | R56: ='Monthly Ethanol Data'!$C358*42/1000 -> 32.76 | S56: ='Monthly Ethanol Data'!$C370*42/1000 -> 79.38 | T56: ='Monthly Ethanol Data'!$C382*42/1000 -> 46.704 | U56: ='Monthly Ethanol Data'!$C394*42/1000 -> 0.294 | V56: ='Monthly Ethanol Data'!$C406*42/1000 -> 21.21 | W56: ='Monthly Ethanol Data'!$C418*42/1000 -> 1.302 | X56: ='Monthly Ethanol Data'!$C430*42/1000 -> 0.042 | Y56: ='Monthly Ethanol Data'!$C442*42/1000 -> 1.302 | Z56: ='Monthly Ethanol Data'!$D454*42/1000 -> 19.501836 | AA56: ='Monthly Ethanol Data'!$D466*42/1000 -> 9.9846841 | AB56: ='Monthly Ethanol Data'!$D478*42/1000 -> 11.426696 | AC56: ='Monthly Ethanol Data'!$D490*42/1000 -> 3.7344594 | AD56: ='Monthly Ethanol Data'!$D502*42/1000 -> 12.011605 | AE56: ='Monthly Ethanol Data'!$D514*42/1000 -> 9.3869027 | AF56: ='Monthly Ethanol Data'!$D526*42/1000 -> 11.616588 | AG56: =(SUM(AB56:AF56)/SUM(AB$60:AF$60))*AG$60+5 -> 11.505882 | AH56: =(SUM(AB56:AF56)/SUM(AB$60:AF$60))*AH$60 -> 13.011764 | AI56: =(SUM(AC56:AG56)/SUM(AC$60:AG$60))*AI$60 -> 17.196312 | AJ56: =(SUM(AD56:AH56)/SUM(AD$60:AH$60))*AJ$60 -> 19.571358 | AK56: =(SUM(AE56:AI56)/SUM(AE$60:AI$60))*AK$60 -> 17.731599 | AL56: =(SUM(AF56:AJ56)/SUM(AF$60:AJ$60))*AL$60 -> 17.924184 | AM56: =(SUM(AG56:AK56)/SUM(AG$60:AK$60))*AM$60 -> 17.559315 | AN56: =(SUM(AH56:AL56)/SUM(AH$60:AL$60))*AN$60 -> 17.087044 | AO56: =(SUM(AI56:AM56)/SUM(AI$60:AM$60))*AO$60 -> 17.996554 | ... BF56: =(SUM(AZ56:BD56)/SUM(AZ$60:BD$60))*BF$60 -> 18.221007 | BV56: Dec | BW56: ='[2]D6 Gallon Forecast'!F124/1000000 -> 1272.0055 | BX56: ='[2]D6 Gallon Forecast'!G124/1000000 -> 1291.1104 | BY56: ='[2]D6 Gallon Forecast'!H124/1000000 -> 1271.4552 | BZ56: ='[2]D6 Gallon Forecast'!I124/1000000 -> 1258.4093 | CA56: ='[2]D6 Gallon Forecast'!J124/1000000 -> 1232.304 | CB56: ='[2]D6 Gallon Forecast'!K124/1000000 -> 1288.9308 | CC56: ='[2]D6 Gallon Forecast'!L124/1000000 -> 1139.9526 | CD56: ='[2]D6 Gallon Forecast'!$M$108/1000000 -> 1292.0961 | CE56: ='[2]D6 Gallon Forecast'!$N108/1000000 -> 1194.251 | CF56: ='[2]D6 Gallon Forecast'!$N108/1000000 -> 1194.251 | CG56: ='[2]D6 Gallon Forecast'!$N108/1000000 -> 1194.251 | CH56: ='[2]D6 Gallon Forecast'!$N108/1000000 -> 1194.251 | CI56: ='[2]D6 Gallon Forecast'!$N108/1000000 -> 1194.251 | CJ56: ='[2]D6 Gallon Forecast'!$N108/1000000 -> 1194.251 | CK56: ='[2]D6 Gallon Forecast'!$N108/1000000 -> 1194.251 | CL56: ='[2]D6 Gallon Forecast'!$N108/1000000 -> 1194.251 | ... CY56: ='[2]D6 Gallon Forecast'!$N108/1000000 -> 1194.251
A57: June | B57: ='Monthly Ethanol Data'!$C167*42/1000 -> 1.176 | C57: ='Monthly Ethanol Data'!$C179*42/1000 -> 1.344 | D57: ='Monthly Ethanol Data'!$C191*42/1000 -> 0 | E57: ='Monthly Ethanol Data'!$C203*42/1000 -> 0 | F57: ='Monthly Ethanol Data'!$C215*42/1000 -> 0.294 | G57: ='Monthly Ethanol Data'!$C227*42/1000 -> 0.378 | H57: ='Monthly Ethanol Data'!$C239*42/1000 -> 2.1 | I57: ='Monthly Ethanol Data'!$C251*42/1000 -> 0.42 | J57: ='Monthly Ethanol Data'!$C263*42/1000 -> 0.462 | K57: ='Monthly Ethanol Data'!$C275*42/1000 -> 22.89 | L57: ='Monthly Ethanol Data'!$C287*42/1000 -> 8.862 | M57: ='Monthly Ethanol Data'!$C299*42/1000 -> 65.1 | N57: ='Monthly Ethanol Data'!$C311*42/1000 -> 38.724 | O57: ='Monthly Ethanol Data'!$C323*42/1000 -> 65.982 | P57: ='Monthly Ethanol Data'!$C335*42/1000 -> 29.61 | Q57: ='Monthly Ethanol Data'!$C347*42/1000 -> 1.932 | R57: ='Monthly Ethanol Data'!$C359*42/1000 -> 21.294 | S57: ='Monthly Ethanol Data'!$C371*42/1000 -> 79.716 | T57: ='Monthly Ethanol Data'!$C383*42/1000 -> 18.438 | U57: ='Monthly Ethanol Data'!$C395*42/1000 -> 1.26 | V57: ='Monthly Ethanol Data'!$C407*42/1000 -> 8.946 | W57: ='Monthly Ethanol Data'!$C419*42/1000 -> 0 | X57: ='Monthly Ethanol Data'!$C431*42/1000 -> 10.5 | Y57: ='Monthly Ethanol Data'!$C443*42/1000 -> 10.584 | Z57: ='Monthly Ethanol Data'!$D455*42/1000 -> 14.618424 | AA57: ='Monthly Ethanol Data'!$D467*42/1000 -> 34.027762 | AB57: ='Monthly Ethanol Data'!$D479*42/1000 -> 29.542917 | AC57: ='Monthly Ethanol Data'!$D491*42/1000 -> 20.351918 | AD57: ='Monthly Ethanol Data'!$D503*42/1000 -> 5.0209156 | AE57: ='Monthly Ethanol Data'!$D515*42/1000 -> 11.152177 | AF57: ='Monthly Ethanol Data'!$D527*42/1000 -> 11.033949 | AG57: =(SUM(AB57:AF57)/SUM(AB$60:AF$60))*AG$60 -> 10.412095 | AH57: =(SUM(AB57:AF57)/SUM(AB$60:AF$60))*AH$60 -> 20.824191 | AI57: =(SUM(AC57:AG57)/SUM(AC$60:AG$60))*AI$60 -> 20.658571 | AJ57: =(SUM(AD57:AH57)/SUM(AD$60:AH$60))*AJ$60 -> 19.881119 | AK57: =(SUM(AE57:AI57)/SUM(AE$60:AI$60))*AK$60 -> 20.94432 | AL57: =(SUM(AF57:AJ57)/SUM(AF$60:AJ$60))*AL$60 -> 20.360241 | AM57: =(SUM(AG57:AK57)/SUM(AG$60:AK$60))*AM$60 -> 20.60451 | AN57: =(SUM(AH57:AL57)/SUM(AH$60:AL$60))*AN$60 -> 20.533688 | AO57: =(SUM(AI57:AM57)/SUM(AI$60:AM$60))*AO$60 -> 20.489752 | ... BF57: =(SUM(AZ57:BD57)/SUM(AZ$60:BD$60))*BF$60 -> 21.093501 | BV57: Jan | BW57: ='[2]D6 Gallon Forecast'!G113/1000000 -> 1192.7082 | BX57: ='[2]D6 Gallon Forecast'!H113/1000000 -> 1215.577 | BY57: ='[2]D6 Gallon Forecast'!I113/1000000 -> 1238.3958 | BZ57: ='[2]D6 Gallon Forecast'!J113/1000000 -> 1255.4945 | CA57: ='[2]D6 Gallon Forecast'!K113/1000000 -> 1189.7795 | CB57: ='[2]D6 Gallon Forecast'!L113/1000000 -> 1238.3038 | CC57: ='[2]D6 Gallon Forecast'!M113/1000000 -> 1072.5819 | CD57: ='[2]D6 Gallon Forecast'!$N97/1000000 -> 1207.2265 | CE57: ='[2]D6 Gallon Forecast'!$O97/1000000 -> 1201.063 | CF57: ='[2]D6 Gallon Forecast'!$O97/1000000 -> 1201.063 | CG57: ='[2]D6 Gallon Forecast'!$O97/1000000 -> 1201.063 | CH57: ='[2]D6 Gallon Forecast'!$O97/1000000 -> 1201.063 | CI57: ='[2]D6 Gallon Forecast'!$O97/1000000 -> 1201.063 | CJ57: ='[2]D6 Gallon Forecast'!$O97/1000000 -> 1201.063 | CK57: ='[2]D6 Gallon Forecast'!$O97/1000000 -> 1201.063 | CL57: ='[2]D6 Gallon Forecast'!$O97/1000000 -> 1201.063 | ... CY57: ='[2]D6 Gallon Forecast'!$O97/1000000 -> 1201.063
A58: July | B58: ='Monthly Ethanol Data'!$C168*42/1000 -> 2.688 | C58: ='Monthly Ethanol Data'!$C180*42/1000 -> 0 | D58: ='Monthly Ethanol Data'!$C192*42/1000 -> 0.882 | E58: ='Monthly Ethanol Data'!$C204*42/1000 -> 0.084 | F58: ='Monthly Ethanol Data'!$C216*42/1000 -> 0.378 | G58: ='Monthly Ethanol Data'!$C228*42/1000 -> 0.378 | H58: ='Monthly Ethanol Data'!$C240*42/1000 -> 0.504 | I58: ='Monthly Ethanol Data'!$C252*42/1000 -> 0.462 | J58: ='Monthly Ethanol Data'!$C264*42/1000 -> 0.336 | K58: ='Monthly Ethanol Data'!$C276*42/1000 -> 14.154 | L58: ='Monthly Ethanol Data'!$C288*42/1000 -> 3.612 | M58: ='Monthly Ethanol Data'!$C300*42/1000 -> 110.754 | N58: ='Monthly Ethanol Data'!$C312*42/1000 -> 64.386 | O58: ='Monthly Ethanol Data'!$C324*42/1000 -> 61.278 | P58: ='Monthly Ethanol Data'!$C336*42/1000 -> 40.32 | Q58: ='Monthly Ethanol Data'!$C348*42/1000 -> 1.05 | R58: ='Monthly Ethanol Data'!$C360*42/1000 -> 30.366 | S58: ='Monthly Ethanol Data'!$C372*42/1000 -> 82.992 | T58: ='Monthly Ethanol Data'!$C384*42/1000 -> 9.744 | U58: ='Monthly Ethanol Data'!$C396*42/1000 -> 1.386 | V58: ='Monthly Ethanol Data'!$C408*42/1000 -> 20.916 | W58: ='Monthly Ethanol Data'!$C420*42/1000 -> 0 | X58: ='Monthly Ethanol Data'!$C432*42/1000 -> 13.188 | Y58: ='Monthly Ethanol Data'!$C444*42/1000 -> 11.298 | Z58: ='Monthly Ethanol Data'!$D456*42/1000 -> 14.18052 | AA58: ='Monthly Ethanol Data'!$D468*42/1000 -> 32.53296 | AB58: ='Monthly Ethanol Data'!$D480*42/1000 -> 18.476394 | AC58: ='Monthly Ethanol Data'!$D492*42/1000 -> 17.967227 | AD58: ='Monthly Ethanol Data'!$D504*42/1000 -> 5.3478706 | AE58: ='Monthly Ethanol Data'!$D516*42/1000 -> 12.959013 | AF58: ='Monthly Ethanol Data'!$D528*42/1000 -> 10.887492 | AG58: =(SUM(AB58:AF58)/SUM(AB$60:AF$60))*AG$60 -> 8.8639748 | AH58: =(SUM(AB58:AF58)/SUM(AB$60:AF$60))*AH$60 -> 17.72795 | AI58: =(SUM(AC58:AG58)/SUM(AC$60:AG$60))*AI$60 -> 19.96528 | AJ58: =(SUM(AD58:AH58)/SUM(AD$60:AH$60))*AJ$60 -> 18.977257 | AK58: =(SUM(AE58:AI58)/SUM(AE$60:AI$60))*AK$60 -> 19.904674 | AL58: =(SUM(AF58:AJ58)/SUM(AF$60:AJ$60))*AL$60 -> 18.789649 | AM58: =(SUM(AG58:AK58)/SUM(AG$60:AK$60))*AM$60 -> 18.986475 | AN58: =(SUM(AH58:AL58)/SUM(AH$60:AL$60))*AN$60 -> 19.072962 | AO58: =(SUM(AI58:AM58)/SUM(AI$60:AM$60))*AO$60 -> 19.324667 | ... BF58: =(SUM(AZ58:BD58)/SUM(AZ$60:BD$60))*BF$60 -> 19.691078 | BV58: Feb | BW58: ='[2]D6 Gallon Forecast'!G114/1000000 -> 1077.4971 | BX58: ='[2]D6 Gallon Forecast'!H114/1000000 -> 1162.5169 | BY58: ='[2]D6 Gallon Forecast'!I114/1000000 -> 1130.3435 | BZ58: ='[2]D6 Gallon Forecast'!J114/1000000 -> 1098.7311 | CA58: ='[2]D6 Gallon Forecast'!K114/1000000 -> 1132.554 | CB58: ='[2]D6 Gallon Forecast'!L114/1000000 -> 1141.7269 | CC58: ='[2]D6 Gallon Forecast'!M114/1000000 -> 889.09639 | CD58: ='[2]D6 Gallon Forecast'!$N98/1000000 -> 1066.4373 | CE58: ='[2]D6 Gallon Forecast'!$O98/1000000 -> 1119.1683 | CF58: ='[2]D6 Gallon Forecast'!$O98/1000000 -> 1119.1683 | CG58: ='[2]D6 Gallon Forecast'!$O98/1000000 -> 1119.1683 | CH58: ='[2]D6 Gallon Forecast'!$O98/1000000 -> 1119.1683 | CI58: ='[2]D6 Gallon Forecast'!$O98/1000000 -> 1119.1683 | CJ58: ='[2]D6 Gallon Forecast'!$O98/1000000 -> 1119.1683 | CK58: ='[2]D6 Gallon Forecast'!$O98/1000000 -> 1119.1683 | CL58: ='[2]D6 Gallon Forecast'!$O98/1000000 -> 1119.1683 | ... CY58: ='[2]D6 Gallon Forecast'!$O98/1000000 -> 1119.1683
A59: August | B59: ='Monthly Ethanol Data'!$C169*42/1000 -> 2.31 | C59: ='Monthly Ethanol Data'!$C181*42/1000 -> 0 | D59: ='Monthly Ethanol Data'!$C193*42/1000 -> 0 | E59: ='Monthly Ethanol Data'!$C205*42/1000 -> 0.21 | F59: ='Monthly Ethanol Data'!$C217*42/1000 -> 0.336 | G59: ='Monthly Ethanol Data'!$C229*42/1000 -> 0.42 | H59: ='Monthly Ethanol Data'!$C241*42/1000 -> 0.798 | I59: ='Monthly Ethanol Data'!$C253*42/1000 -> 0.546 | J59: ='Monthly Ethanol Data'!$C265*42/1000 -> 0.42 | K59: ='Monthly Ethanol Data'!$C277*42/1000 -> 28.602 | L59: ='Monthly Ethanol Data'!$C289*42/1000 -> 8.442 | M59: ='Monthly Ethanol Data'!$C301*42/1000 -> 130.284 | N59: ='Monthly Ethanol Data'!$C313*42/1000 -> 66.612 | O59: ='Monthly Ethanol Data'!$C325*42/1000 -> 81.102 | P59: ='Monthly Ethanol Data'!$C337*42/1000 -> 41.286 | Q59: ='Monthly Ethanol Data'!$C349*42/1000 -> 0.504 | R59: ='Monthly Ethanol Data'!$C361*42/1000 -> 47.04 | S59: ='Monthly Ethanol Data'!$C373*42/1000 -> 51.828 | T59: ='Monthly Ethanol Data'!$C385*42/1000 -> 2.772 | U59: ='Monthly Ethanol Data'!$C397*42/1000 -> 12.264 | V59: ='Monthly Ethanol Data'!$C409*42/1000 -> 9.576 | W59: ='Monthly Ethanol Data'!$C421*42/1000 -> 8.274 | X59: ='Monthly Ethanol Data'!$C433*42/1000 -> 10.71 | Y59: ='Monthly Ethanol Data'!$C445*42/1000 -> 10.752 | Z59: ='Monthly Ethanol Data'!$D457*42/1000 -> 41.486528 | AA59: ='Monthly Ethanol Data'!$D469*42/1000 -> 23.17762 | AB59: ='Monthly Ethanol Data'!$D481*42/1000 -> 54.034239 | AC59: ='Monthly Ethanol Data'!$D493*42/1000 -> 12.720025 | AD59: ='Monthly Ethanol Data'!$D505*42/1000 -> 18.139542 | AE59: ='Monthly Ethanol Data'!$D517*42/1000 -> 25.692823 | AF59: ='Monthly Ethanol Data'!$D529*42/1000 -> 16.216149 | AG59: =(SUM(AB59:AF59)/SUM(AB$60:AF$60))*AG$60 -> 17.123872 | AH59: =AH60-SUM(AH48:AH58) -> 34.247743 | AI59: =AI60-SUM(AI48:AI58) -> 33.244065 | AJ59: =AJ60-SUM(AJ48:AJ58) -> 39.057699 | AK59: =AK60-SUM(AK48:AK58) -> 36.73126 | AL59: =AL60-SUM(AL48:AL58) -> 35.229067 | AM59: =AM60-SUM(AM48:AM58) -> 36.400016 | AN59: =AN60-SUM(AN48:AN58) -> 35.701967 | AO59: =AO60-SUM(AO48:AO58) -> 36.132421 | ... BF59: =BF60-SUM(BF48:BF58) -> 37.161485 | BV59: Mar | BW59: ='[2]D6 Gallon Forecast'!G115/1000000 -> 1200.9772 | BX59: ='[2]D6 Gallon Forecast'!H115/1000000 -> 1221.7901 | BY59: ='[2]D6 Gallon Forecast'!I115/1000000 -> 1262.8598 | BZ59: ='[2]D6 Gallon Forecast'!J115/1000000 -> 1221.0284 | CA59: ='[2]D6 Gallon Forecast'!K115/1000000 -> 1184.0627 | CB59: ='[2]D6 Gallon Forecast'!L115/1000000 -> 1112.1642 | CC59: ='[2]D6 Gallon Forecast'!M115/1000000 -> 1175.8628 | CD59: ='[2]D6 Gallon Forecast'!$N99/1000000 -> 1261.0735 | CE59: ='[2]D6 Gallon Forecast'!$O99/1000000 -> 1206.9456 | CF59: ='[2]D6 Gallon Forecast'!$O99/1000000 -> 1206.9456 | CG59: ='[2]D6 Gallon Forecast'!$O99/1000000 -> 1206.9456 | CH59: ='[2]D6 Gallon Forecast'!$O99/1000000 -> 1206.9456 | CI59: ='[2]D6 Gallon Forecast'!$O99/1000000 -> 1206.9456 | CJ59: ='[2]D6 Gallon Forecast'!$O99/1000000 -> 1206.9456 | CK59: ='[2]D6 Gallon Forecast'!$O99/1000000 -> 1206.9456 | CL59: ='[2]D6 Gallon Forecast'!$O99/1000000 -> 1206.9456 | ... CY59: ='[2]D6 Gallon Forecast'!$O99/1000000 -> 1206.9456
A60: Total | B60: =SUM(B48:B59) -> 20.286 | C60: =SUM(C48:C59) -> 11.97 | D60: =SUM(D48:D59) -> 9.198 | E60: =SUM(E48:E59) -> 2.646 | F60: =SUM(F48:F59) -> 2.94 | G60: =SUM(G48:G59) -> 4.116 | H60: =SUM(H48:H59) -> 11.214 | I60: =SUM(I48:I59) -> 10.752 | ... AF60: =SUM(AF48:AF59) -> 141.80924 | AG60: =AG5 -> 125 | AH60: =AH5 -> 250 | AI60: =AI5 -> 250 | AJ60: =AJ5 -> 250 | AK60: =AK5 -> 250 | AL60: =AL5 -> 250 | AM60: =AM5 -> 250 | AN60: =AN5 -> 250 | ... BF60: =BF5 -> 257 | BV60: Apr | BW60: ='[2]D6 Gallon Forecast'!G116/1000000 -> 1155.9917 | BX60: ='[2]D6 Gallon Forecast'!H116/1000000 -> 1155.6655 | BY60: ='[2]D6 Gallon Forecast'!I116/1000000 -> 1161.6259 | BZ60: ='[2]D6 Gallon Forecast'!J116/1000000 -> 1221.2483 | CA60: ='[2]D6 Gallon Forecast'!K116/1000000 -> 1237.2467 | CB60: ='[2]D6 Gallon Forecast'!L116/1000000 -> 628.05049 | CC60: ='[2]D6 Gallon Forecast'!M116/1000000 -> 1121.3414 | CD60: ='[2]D6 Gallon Forecast'!$N100/1000000 -> 1127.689 | CE60: ='[2]D6 Gallon Forecast'!$O100/1000000 -> 1139.6748 | CF60: ='[2]D6 Gallon Forecast'!$O100/1000000 -> 1139.6748 | CG60: ='[2]D6 Gallon Forecast'!$O100/1000000 -> 1139.6748 | CH60: ='[2]D6 Gallon Forecast'!$O100/1000000 -> 1139.6748 | CI60: ='[2]D6 Gallon Forecast'!$O100/1000000 -> 1139.6748 | CJ60: ='[2]D6 Gallon Forecast'!$O100/1000000 -> 1139.6748 | CK60: ='[2]D6 Gallon Forecast'!$O100/1000000 -> 1139.6748 | CL60: ='[2]D6 Gallon Forecast'!$O100/1000000 -> 1139.6748 | ... CY60: ='[2]D6 Gallon Forecast'!$O100/1000000 -> 1139.6748
BV61: May | BW61: ='[2]D6 Gallon Forecast'!G117/1000000 -> 1199.7659 | BX61: ='[2]D6 Gallon Forecast'!H117/1000000 -> 1234.9361 | BY61: ='[2]D6 Gallon Forecast'!I117/1000000 -> 1254.112 | BZ61: ='[2]D6 Gallon Forecast'!J117/1000000 -> 1284.2502 | CA61: ='[2]D6 Gallon Forecast'!K117/1000000 -> 1276.709 | CB61: ='[2]D6 Gallon Forecast'!L117/1000000 -> 835.52163 | CC61: ='[2]D6 Gallon Forecast'!M117/1000000 -> 1249.146 | CD61: ='[2]D6 Gallon Forecast'!$N101/1000000 -> 1222.8807 | CE61: ='[2]D6 Gallon Forecast'!$O101/1000000 -> 1255.5904 | CF61: ='[2]D6 Gallon Forecast'!$O101/1000000 -> 1255.5904 | CG61: ='[2]D6 Gallon Forecast'!$O101/1000000 -> 1255.5904 | CH61: ='[2]D6 Gallon Forecast'!$O101/1000000 -> 1255.5904 | CI61: ='[2]D6 Gallon Forecast'!$O101/1000000 -> 1255.5904 | CJ61: ='[2]D6 Gallon Forecast'!$O101/1000000 -> 1255.5904 | CK61: ='[2]D6 Gallon Forecast'!$O101/1000000 -> 1255.5904 | CL61: ='[2]D6 Gallon Forecast'!$O101/1000000 -> 1255.5904 | ... CY61: ='[2]D6 Gallon Forecast'!$O101/1000000 -> 1255.5904
A62: ETHANOL EXPORTS (Million Gallons) | BV62: Jun | BW62: ='[2]D6 Gallon Forecast'!G118/1000000 -> 1238.3055 | BX62: ='[2]D6 Gallon Forecast'!H118/1000000 -> 1269.1476 | BY62: ='[2]D6 Gallon Forecast'!I118/1000000 -> 1240.9092 | BZ62: ='[2]D6 Gallon Forecast'!J118/1000000 -> 1247.2234 | CA62: ='[2]D6 Gallon Forecast'!K118/1000000 -> 1233.405 | CB62: ='[2]D6 Gallon Forecast'!L118/1000000 -> 1065.2603 | CC62: ='[2]D6 Gallon Forecast'!M118/1000000 -> 1253.6387 | CD62: ='[2]D6 Gallon Forecast'!$N102/1000000 -> 1286.405 | CE62: ='[2]D6 Gallon Forecast'!$O102/1000000 -> 1274.1131 | CF62: ='[2]D6 Gallon Forecast'!$O102/1000000 -> 1274.1131 | CG62: ='[2]D6 Gallon Forecast'!$O102/1000000 -> 1274.1131 | CH62: ='[2]D6 Gallon Forecast'!$O102/1000000 -> 1274.1131 | CI62: ='[2]D6 Gallon Forecast'!$O102/1000000 -> 1274.1131 | CJ62: ='[2]D6 Gallon Forecast'!$O102/1000000 -> 1274.1131 | CK62: ='[2]D6 Gallon Forecast'!$O102/1000000 -> 1274.1131 | CL62: ='[2]D6 Gallon Forecast'!$O102/1000000 -> 1274.1131 | ... CY62: ='[2]D6 Gallon Forecast'!$O102/1000000 -> 1274.1131
B63: 93/94 | C63: 94/95 | D63: 95/96 | E63: 96/97 | F63: 97/98 | G63: 98/99 | H63: 99/00 | I63: 00/01 | J63: 01/02 | K63: 02/03 | L63: 03/04 | M63: 04/05 | N63: 05/06 | O63: 06/07 | P63: 07/08 | Q63: 08/09 | R63: 09/10 | S63: 10/11 | T63: 11/12 | U63: 12/13 | V63: 13/14 | W63: 14/15 | X63: 15/16 | Y63: 16/17 | Z63: 17/18 | AA63: 18/19 | AB63: 19/20 | AC63: 20/21 | AD63: =AD2 -> 21/22 | AE63: =AE2 -> 22/23 | AF63: =AF2 -> 23/24 | AG63: =AG2 -> 24/25 | AH63: =AH2 -> 25/26 | AI63: =AI2 -> 26/27 | AJ63: =AJ2 -> 27/28 | AK63: =AK2 -> 28/29 | ... BF63: =BF2 -> 42/50 | BV63: Jul | BW63: ='[2]D6 Gallon Forecast'!G119/1000000 -> 1226.8891 | BX63: ='[2]D6 Gallon Forecast'!H119/1000000 -> 1228.9422 | BY63: ='[2]D6 Gallon Forecast'!I119/1000000 -> 1251.9715 | BZ63: ='[2]D6 Gallon Forecast'!J119/1000000 -> 1347.9184 | CA63: ='[2]D6 Gallon Forecast'!K119/1000000 -> 1312.3517 | CB63: ='[2]D6 Gallon Forecast'!L119/1000000 -> 1169.0021 | CC63: ='[2]D6 Gallon Forecast'!M119/1000000 -> 1272.9125 | CD63: ='[2]D6 Gallon Forecast'!$N103/1000000 -> 1205.6688 | CE63: ='[2]D6 Gallon Forecast'!$O103/1000000 -> 1271.1233 | CF63: ='[2]D6 Gallon Forecast'!$O103/1000000 -> 1271.1233 | CG63: ='[2]D6 Gallon Forecast'!$O103/1000000 -> 1271.1233 | CH63: ='[2]D6 Gallon Forecast'!$O103/1000000 -> 1271.1233 | CI63: ='[2]D6 Gallon Forecast'!$O103/1000000 -> 1271.1233 | CJ63: ='[2]D6 Gallon Forecast'!$O103/1000000 -> 1271.1233 | CK63: ='[2]D6 Gallon Forecast'!$O103/1000000 -> 1271.1233 | CL63: ='[2]D6 Gallon Forecast'!$O103/1000000 -> 1271.1233 | ... CY63: ='[2]D6 Gallon Forecast'!$O103/1000000 -> 1271.1233
A64: September | B64: ='Monthly Ethanol Data'!$H158*42/1000 -> 1.2033399 | C64: ='Monthly Ethanol Data'!$H170*42/1000 -> 7.2448736 | D64: ='Monthly Ethanol Data'!$H182*42/1000 -> 9.008243 | E64: ='Monthly Ethanol Data'!$H194*42/1000 -> 4.5258076 | F64: ='Monthly Ethanol Data'!$H206*42/1000 -> 3.6724534 | G64: ='Monthly Ethanol Data'!$H218*42/1000 -> 1.2710054 | H64: ='Monthly Ethanol Data'!$H230*42/1000 -> 3.6616786 | I64: ='Monthly Ethanol Data'!$H242*42/1000 -> 6.6911078 | J64: ='Monthly Ethanol Data'!$H254*42/1000 -> 4.3693732 | K64: ='Monthly Ethanol Data'!$H266*42/1000 -> 4.2686355 | L64: ='Monthly Ethanol Data'!$H278*42/1000 -> 8.6829084 | M64: ='Monthly Ethanol Data'!$H290*42/1000 -> 3.5416309 | N64: ='Monthly Ethanol Data'!$H302*42/1000 -> 4.3152137 | O64: ='Monthly Ethanol Data'!$H314*42/1000 -> 2.2213056 | P64: ='Monthly Ethanol Data'!$H326*42/1000 -> 10.203167 | Q64: ='Monthly Ethanol Data'!$H338*42/1000 -> 12.355787 | R64: ='Monthly Ethanol Data'!$H350*42/1000 -> 12.696778 | S64: ='Monthly Ethanol Data'!$H362*42/1000 -> 39.711157 | T64: ='Monthly Ethanol Data'!$H374*42/1000 -> 103.73091 | U64: ='Monthly Ethanol Data'!$H386*42/1000 -> 49.752886 | V64: ='Monthly Ethanol Data'!$H398*42/1000 -> 54.534618 | W64: ='Monthly Ethanol Data'!$H410*42/1000 -> 56.677477 | X64: ='Monthly Ethanol Data'!$H422*42/1000 -> 75.503437 | Y64: ='Monthly Ethanol Data'!$H434*42/1000 -> 95.490585 | Z64: ='Monthly Ethanol Data'!$H446*42/1000 -> 86.655234 | AA64: ='Monthly Ethanol Data'!$H458*42/1000 -> 98.612692 | AB64: ='Monthly Ethanol Data'!$H470*42/1000 -> 95.902927 | AC64: ='Monthly Ethanol Data'!$H482*42/1000 -> 82.117728 | AD64: ='Monthly Ethanol Data'!$H494*42/1000 -> 77.825456 | AE64: ='Monthly Ethanol Data'!$H506*42/1000 -> 89.867322 | AF64: ='Monthly Ethanol Data'!$H518*42/1000 -> 121.56762 | AG64: ='Monthly Ethanol Data'!$H530*42/1000 -> 148.61954 | AH64: =(SUM(AB64:AF64)/SUM(AB$76:AF$76))*AH$76 -> 107.36066 | AI64: =(SUM(AC64:AG64)/SUM(AC$76:AG$76))*AI$76 -> 94.195595 | AJ64: =(SUM(AD64:AH64)/SUM(AD$76:AH$76))*AJ$76 -> 100.98467 | AK64: =(SUM(AE64:AI64)/SUM(AE$76:AI$76))*AK$76 -> 104.31419 | AL64: =(SUM(AF64:AJ64)/SUM(AF$76:AJ$76))*AL$76 -> 99.454669 | AM64: =(SUM(AG64:AK64)/SUM(AG$76:AK$76))*AM$76 -> 102.86568 | AN64: =(SUM(AH64:AL64)/SUM(AH$76:AL$76))*AN$76 -> 108.73767 | AO64: =(SUM(AI64:AM64)/SUM(AI$76:AM$76))*AO$76 -> 105.82489 | ... BF64: =(SUM(AZ64:BD64)/SUM(AZ$76:BD$76))*BF$76 -> 178.25464 | BV64: Aug | BW64: ='[2]D6 Gallon Forecast'!G120/1000000 -> 1207.1988 | BX64: ='[2]D6 Gallon Forecast'!H120/1000000 -> 1302.2103 | BY64: ='[2]D6 Gallon Forecast'!I120/1000000 -> 1296.4985 | BZ64: ='[2]D6 Gallon Forecast'!J120/1000000 -> 1339.8742 | CA64: ='[2]D6 Gallon Forecast'!K120/1000000 -> 1243.6711 | CB64: ='[2]D6 Gallon Forecast'!L120/1000000 -> 1124.7092 | CC64: ='[2]D6 Gallon Forecast'!M120/1000000 -> 1211.3153 | CD64: ='[2]D6 Gallon Forecast'!$N104/1000000 -> 1266.9648 | CE64: ='[2]D6 Gallon Forecast'!$O104/1000000 -> 1261.2132 | CF64: ='[2]D6 Gallon Forecast'!$O104/1000000 -> 1261.2132 | CG64: ='[2]D6 Gallon Forecast'!$O104/1000000 -> 1261.2132 | CH64: ='[2]D6 Gallon Forecast'!$O104/1000000 -> 1261.2132 | CI64: ='[2]D6 Gallon Forecast'!$O104/1000000 -> 1261.2132 | CJ64: ='[2]D6 Gallon Forecast'!$O104/1000000 -> 1261.2132 | CK64: ='[2]D6 Gallon Forecast'!$O104/1000000 -> 1261.2132 | CL64: ='[2]D6 Gallon Forecast'!$O104/1000000 -> 1261.2132 | ... CY64: ='[2]D6 Gallon Forecast'!$O104/1000000 -> 1261.2132
A65: October | B65: ='Monthly Ethanol Data'!$H159*42/1000 -> 9.7619723 | C65: ='Monthly Ethanol Data'!$H171*42/1000 -> 6.0099434 | D65: ='Monthly Ethanol Data'!$H183*42/1000 -> 9.7789527 | E65: ='Monthly Ethanol Data'!$H195*42/1000 -> 3.7065876 | F65: ='Monthly Ethanol Data'!$H207*42/1000 -> 4.4493053 | G65: ='Monthly Ethanol Data'!$H219*42/1000 -> 1.6999006 | H65: ='Monthly Ethanol Data'!$H231*42/1000 -> 3.0294942 | I65: ='Monthly Ethanol Data'!$H243*42/1000 -> 8.3139951 | J65: ='Monthly Ethanol Data'!$H255*42/1000 -> 4.2045015 | K65: ='Monthly Ethanol Data'!$H267*42/1000 -> 4.6656048 | L65: ='Monthly Ethanol Data'!$H279*42/1000 -> 5.7786368 | M65: ='Monthly Ethanol Data'!$H291*42/1000 -> 3.4937787 | N65: ='Monthly Ethanol Data'!$H303*42/1000 -> 6.8538455 | O65: ='Monthly Ethanol Data'!$H315*42/1000 -> 2.4461805 | P65: ='Monthly Ethanol Data'!$H327*42/1000 -> 14.571722 | Q65: ='Monthly Ethanol Data'!$H339*42/1000 -> 11.506629 | R65: ='Monthly Ethanol Data'!$H351*42/1000 -> 5.3111015 | S65: ='Monthly Ethanol Data'!$H363*42/1000 -> 40.404585 | T65: ='Monthly Ethanol Data'!$H375*42/1000 -> 112.58869 | U65: ='Monthly Ethanol Data'!$H387*42/1000 -> 50.648705 | V65: ='Monthly Ethanol Data'!$H399*42/1000 -> 50.544321 | W65: ='Monthly Ethanol Data'!$H411*42/1000 -> 81.826912 | X65: ='Monthly Ethanol Data'!$H423*42/1000 -> 77.809121 | Y65: ='Monthly Ethanol Data'!$H435*42/1000 -> 124.28233 | Z65: ='Monthly Ethanol Data'!$H447*42/1000 -> 104.18894 | AA65: ='Monthly Ethanol Data'!$H459*42/1000 -> 171.25393 | AB65: ='Monthly Ethanol Data'!$H471*42/1000 -> 105.82933 | AC65: ='Monthly Ethanol Data'!$H483*42/1000 -> 126.89528 | AD65: ='Monthly Ethanol Data'!$H495*42/1000 -> 103.41436 | AE65: ='Monthly Ethanol Data'!$H507*42/1000 -> 85.286474 | AF65: ='Monthly Ethanol Data'!$H519*42/1000 -> 116.48341 | AG65: ='Monthly Ethanol Data'!$H531*42/1000 -> 143.51515 | AH65: =(SUM(AB65:AF65)/SUM(AB$76:AF$76))*AH$76 -> 123.58783 | AI65: =(SUM(AC65:AG65)/SUM(AC$76:AG$76))*AI$76 -> 104.26678 | AJ65: =(SUM(AD65:AH65)/SUM(AD$76:AH$76))*AJ$76 -> 105.99401 | AK65: =(SUM(AE65:AI65)/SUM(AE$76:AI$76))*AK$76 -> 106.45558 | AL65: =(SUM(AF65:AJ65)/SUM(AF$76:AJ$76))*AL$76 -> 103.12202 | AM65: =(SUM(AG65:AK65)/SUM(AG$76:AK$76))*AM$76 -> 108.11469 | AN65: =(SUM(AH65:AL65)/SUM(AH$76:AL$76))*AN$76 -> 116.70899 | AO65: =(SUM(AI65:AM65)/SUM(AI$76:AM$76))*AO$76 -> 111.33704 | ... BF65: =(SUM(AZ65:BD65)/SUM(AZ$76:BD$76))*BF$76 -> 187.50001 | BV65: Delta to EPA | BW65: =BW52 -> 14/15 | BX65: =BX52 -> 15/16 | BY65: =BY52 -> 16/17 | BZ65: =BZ52 -> 17/18 | CA65: =CA52 -> 18/19 | CB65: =CB52 -> 19/20 | CC65: =CC52 -> 20/21 | CD65: =CD52 -> 21/22 | ... CY65: =CY52 -> 42/43 | DA65: 5-Yr Avg
A66: November | B66: ='Monthly Ethanol Data'!$H160*42/1000 -> 2.7629669 | C66: ='Monthly Ethanol Data'!$H172*42/1000 -> 6.1822451 | D66: ='Monthly Ethanol Data'!$H184*42/1000 -> 26.130398 | E66: ='Monthly Ethanol Data'!$H196*42/1000 -> 5.6391326 | F66: ='Monthly Ethanol Data'!$H208*42/1000 -> 3.7349365 | G66: ='Monthly Ethanol Data'!$H220*42/1000 -> 1.9928775 | H66: ='Monthly Ethanol Data'!$H232*42/1000 -> 3.1535308 | I66: ='Monthly Ethanol Data'!$H244*42/1000 -> 6.212328 | J66: ='Monthly Ethanol Data'!$H256*42/1000 -> 6.1843627 | K66: ='Monthly Ethanol Data'!$H268*42/1000 -> 3.5341981 | L66: ='Monthly Ethanol Data'!$H280*42/1000 -> 5.3574418 | M66: ='Monthly Ethanol Data'!$H292*42/1000 -> 4.0684583 | N66: ='Monthly Ethanol Data'!$H304*42/1000 -> 4.3926225 | O66: ='Monthly Ethanol Data'!$H316*42/1000 -> 1.2045417 | P66: ='Monthly Ethanol Data'!$H328*42/1000 -> 16.691858 | Q66: ='Monthly Ethanol Data'!$H340*42/1000 -> 12.365575 | R66: ='Monthly Ethanol Data'!$H352*42/1000 -> 14.779117 | S66: ='Monthly Ethanol Data'!$H364*42/1000 -> 33.402694 | T66: ='Monthly Ethanol Data'!$H376*42/1000 -> 155.79225 | U66: ='Monthly Ethanol Data'!$H388*42/1000 -> 40.440899 | V66: ='Monthly Ethanol Data'!$H400*42/1000 -> 89.709519 | W66: ='Monthly Ethanol Data'!$H412*42/1000 -> 88.685579 | X66: ='Monthly Ethanol Data'!$H424*42/1000 -> 66.201669 | Y66: ='Monthly Ethanol Data'!$H436*42/1000 -> 126.45422 | Z66: ='Monthly Ethanol Data'!$H448*42/1000 -> 104.58825 | AA66: ='Monthly Ethanol Data'!$H460*42/1000 -> 133.57118 | AB66: ='Monthly Ethanol Data'!$H472*42/1000 -> 101.89244 | AC66: ='Monthly Ethanol Data'!$H484*42/1000 -> 106.76629 | AD66: ='Monthly Ethanol Data'!$H496*42/1000 -> 134.38694 | AE66: ='Monthly Ethanol Data'!$H508*42/1000 -> 80.136821 | AF66: ='Monthly Ethanol Data'!$H520*42/1000 -> 115.22182 | AG66: ='Monthly Ethanol Data'!$H532*42/1000 -> 187.61457 | AH66: =(SUM(AB66:AF66)/SUM(AB$76:AF$76))*AH$76 -> 123.70166 | AI66: =(SUM(AC66:AG66)/SUM(AC$76:AG$76))*AI$76 -> 113.05813 | AJ66: =(SUM(AD66:AH66)/SUM(AD$76:AH$76))*AJ$76 -> 118.73183 | AK66: =(SUM(AE66:AI66)/SUM(AE$76:AI$76))*AK$76 -> 115.10988 | AL66: =(SUM(AF66:AJ66)/SUM(AF$76:AJ$76))*AL$76 -> 114.31916 | AM66: =(SUM(AG66:AK66)/SUM(AG$76:AK$76))*AM$76 -> 121.89187 | AN66: =(SUM(AH66:AL66)/SUM(AH$76:AL$76))*AN$76 -> 125.62055 | AO66: =(SUM(AI66:AM66)/SUM(AI$76:AM$76))*AO$76 -> 122.96896 | ... BF66: =(SUM(AZ66:BD66)/SUM(AZ$76:BD$76))*BF$76 -> 206.376 | BV66: Sep | BW66: =W32-BW53 -> 9.686424 | BX66: =X32-BX53 -> 20.30151 | BY66: =Y32-BY53 -> 51.534674 | BZ66: =Z32-BZ53 -> 75.323275 | CA66: =AA32-CA53 -> 82.067282 | CB66: =AB32-CB53 -> 41.657309 | CC66: =AC32-CC53 -> 50.676921 | CD66: =AD32-CD53 -> 30.007028 | ... CG66: =AG32-CG53 -> 193.90944 | CH66: =AVERAGE(CB66:CF66) -> 57.814428 | CI66: =AVERAGE(CC66:CG66) -> 88.264854 | CJ66: =AVERAGE(CD66:CH66) -> 89.692355 | CK66: =AVERAGE(CE66:CI66) -> 101.34392 | CL66: =AVERAGE(CF66:CJ66) -> 115.3437 | CM66: =AVERAGE(CG66:CK66) -> 106.205 | CN66: =AVERAGE(CH66:CL66) -> 90.491852 | CO66: =AVERAGE(CI66:CM66) -> 100.16997 | ... CU66: =AVERAGE(CO66:CS66) -> 101.22 | CV66: =AVERAGE(BY66:CC66) -> 60.251892 | CW66: =AVERAGE(BZ66:CD66) -> 55.946363 | CX66: =AVERAGE(CA66:CE66) -> 44.820396 | CY66: =AVERAGE(CB66:CF66) -> 57.814428 | CZ66: Sep | DA66: =AVERAGE(CB66:CF66) -> 57.814428
A67: December | B67: ='Monthly Ethanol Data'!$H161*42/1000 -> 14.987061 | C67: ='Monthly Ethanol Data'!$H173*42/1000 -> 1.0598243 | D67: ='Monthly Ethanol Data'!$H185*42/1000 -> 6.1174778 | E67: ='Monthly Ethanol Data'!$H197*42/1000 -> 3.2195209 | F67: ='Monthly Ethanol Data'!$H209*42/1000 -> 5.5990139 | G67: ='Monthly Ethanol Data'!$H221*42/1000 -> 3.3372933 | H67: ='Monthly Ethanol Data'!$H233*42/1000 -> 4.0218165 | I67: ='Monthly Ethanol Data'!$H245*42/1000 -> 5.9209637 | J67: ='Monthly Ethanol Data'!$H257*42/1000 -> 3.7201968 | K67: ='Monthly Ethanol Data'!$H269*42/1000 -> 4.8437828 | L67: ='Monthly Ethanol Data'!$H281*42/1000 -> 4.6297483 | M67: ='Monthly Ethanol Data'!$H293*42/1000 -> 3.3173808 | N67: ='Monthly Ethanol Data'!$H305*42/1000 -> 4.6250429 | O67: ='Monthly Ethanol Data'!$H317*42/1000 -> 1.6980226 | P67: ='Monthly Ethanol Data'!$H329*42/1000 -> 17.16142 | Q67: ='Monthly Ethanol Data'!$H341*42/1000 -> 4.5486122 | R67: ='Monthly Ethanol Data'!$H353*42/1000 -> 17.712147 | S67: ='Monthly Ethanol Data'!$H365*42/1000 -> 71.831624 | T67: ='Monthly Ethanol Data'!$H377*42/1000 -> 178.06362 | U67: ='Monthly Ethanol Data'!$H389*42/1000 -> 55.025945 | V67: ='Monthly Ethanol Data'!$H401*42/1000 -> 63.173646 | W67: ='Monthly Ethanol Data'!$H413*42/1000 -> 83.425446 | X67: ='Monthly Ethanol Data'!$H425*42/1000 -> 89.502776 | Y67: ='Monthly Ethanol Data'!$H437*42/1000 -> 104.83173 | Z67: ='Monthly Ethanol Data'!$H449*42/1000 -> 180.02572 | AA67: ='Monthly Ethanol Data'!$H461*42/1000 -> 128.30377 | AB67: ='Monthly Ethanol Data'!$H473*42/1000 -> 145.45435 | AC67: ='Monthly Ethanol Data'!$H485*42/1000 -> 114.57422 | AD67: ='Monthly Ethanol Data'!$H497*42/1000 -> 121.28017 | AE67: ='Monthly Ethanol Data'!$H509*42/1000 -> 72.326091 | AF67: ='Monthly Ethanol Data'!$H521*42/1000 -> 155.59 | AG67: ='Monthly Ethanol Data'!$H533*42/1000 -> 194.45246 | AH67: =(SUM(AB67:AF67)/SUM(AB$76:AF$76))*AH$76 -> 139.97311 | AI67: =(SUM(AC67:AG67)/SUM(AC$76:AG$76))*AI$76 -> 119.23458 | AJ67: =(SUM(AD67:AH67)/SUM(AD$76:AH$76))*AJ$76 -> 126.61442 | AK67: =(SUM(AE67:AI67)/SUM(AE$76:AI$76))*AK$76 -> 126.59671 | AL67: =(SUM(AF67:AJ67)/SUM(AF$76:AJ$76))*AL$76 -> 127.78344 | AM67: =(SUM(AG67:AK67)/SUM(AG$76:AK$76))*AM$76 -> 130.90209 | AN67: =(SUM(AH67:AL67)/SUM(AH$76:AL$76))*AN$76 -> 137.4931 | AO67: =(SUM(AI67:AM67)/SUM(AI$76:AM$76))*AO$76 -> 133.0957 | ... BF67: =(SUM(AZ67:BD67)/SUM(AZ$76:BD$76))*BF$76 -> 224.90162 | BV67: Oct | BW67: =W33-BW54 -> 41.833956 | BX67: =X33-BX54 -> 36.584065 | BY67: =Y33-BY54 -> 67.838078 | BZ67: =Z33-BZ54 -> 72.416214 | CA67: =AA33-CA54 -> 91.20397 | CB67: =AB33-CB54 -> 61.639019 | CC67: =AC33-CC54 -> 105.75532 | CD67: =AD33-CD54 -> 171.80737 | ... CF67: =AF33-CF54 -> 122.4086 | CG67: =AVERAGE(CA67:CE67) -> 107.05166 | CH67: =AVERAGE(CB67:CF67) -> 113.29258 | CI67: =AVERAGE(CC67:CG67) -> 122.37511 | CJ67: =AVERAGE(CD67:CH67) -> 123.88256 | CK67: =AVERAGE(CE67:CI67) -> 113.99611 | CL67: =AVERAGE(CF67:CJ67) -> 117.8021 | CM67: =AVERAGE(CG67:CK67) -> 116.1196 | CN67: =AVERAGE(CH67:CL67) -> 118.26969 | ... CU67: =AVERAGE(CO67:CS67) -> 117.86206 | CV67: =AVERAGE(BY67:CC67) -> 79.770521 | CW67: =AVERAGE(BZ67:CD67) -> 100.56438 | CX67: =AVERAGE(CA67:CE67) -> 107.05166 | CY67: =AVERAGE(CB67:CF67) -> 113.29258 | CZ67: Oct | DA67: =AVERAGE(CB67:CF67) -> 113.29258
A68: January | B68: ='Monthly Ethanol Data'!$H162*42/1000 -> 11.75981 | C68: ='Monthly Ethanol Data'!$H174*42/1000 -> 3.6158718 | D68: ='Monthly Ethanol Data'!$H186*42/1000 -> 9.6863303 | E68: ='Monthly Ethanol Data'!$H198*42/1000 -> 4.3456213 | F68: ='Monthly Ethanol Data'!$H210*42/1000 -> 3.1505596 | G68: ='Monthly Ethanol Data'!$H222*42/1000 -> 0.64360045 | H68: ='Monthly Ethanol Data'!$H234*42/1000 -> 2.30354 | I68: ='Monthly Ethanol Data'!$H246*42/1000 -> 16.987169 | J68: ='Monthly Ethanol Data'!$H258*42/1000 -> 4.0810168 | K68: ='Monthly Ethanol Data'!$H270*42/1000 -> 4.3173318 | L68: ='Monthly Ethanol Data'!$H282*42/1000 -> 5.6078371 | M68: ='Monthly Ethanol Data'!$H294*42/1000 -> 3.1254511 | N68: ='Monthly Ethanol Data'!$H306*42/1000 -> 4.0680591 | O68: ='Monthly Ethanol Data'!$H318*42/1000 -> 6.6917007 | P68: ='Monthly Ethanol Data'!$H330*42/1000 -> 18.275641 | Q68: ='Monthly Ethanol Data'!$H342*42/1000 -> 4.3391115 | R68: ='Monthly Ethanol Data'!$H354*42/1000 -> 13.534495 | S68: ='Monthly Ethanol Data'!$H366*42/1000 -> 44.790955 | T68: ='Monthly Ethanol Data'!$H378*42/1000 -> 75.86069 | U68: ='Monthly Ethanol Data'!$H390*42/1000 -> 63.58783 | V68: ='Monthly Ethanol Data'!$H402*42/1000 -> 87.779622 | W68: ='Monthly Ethanol Data'!$H414*42/1000 -> 70.620701 | X68: ='Monthly Ethanol Data'!$H426*42/1000 -> 96.349839 | Y68: ='Monthly Ethanol Data'!$H438*42/1000 -> 117.68518 | Z68: ='Monthly Ethanol Data'!$H450*42/1000 -> 105.88597 | AA68: ='Monthly Ethanol Data'!$H462*42/1000 -> 136.17713 | AB68: ='Monthly Ethanol Data'!$H474*42/1000 -> 145.22186 | AC68: ='Monthly Ethanol Data'!$H486*42/1000 -> 162.42954 | AD68: ='Monthly Ethanol Data'!$H498*42/1000 -> 107.68896 | AE68: ='Monthly Ethanol Data'!$H510*42/1000 -> 117.02228 | AF68: ='Monthly Ethanol Data'!$H522*42/1000 -> 150.10236 | AG68: ='Monthly Ethanol Data'!$H534*42/1000 -> 198.20909 | AH68: =(SUM(AB68:AF68)/SUM(AB$76:AF$76))*AH$76 -> 156.80048 | AI68: =(SUM(AC68:AG68)/SUM(AC$76:AG$76))*AI$76 -> 133.22437 | AJ68: =(SUM(AD68:AH68)/SUM(AD$76:AH$76))*AJ$76 -> 135.17143 | AK68: =(SUM(AE68:AI68)/SUM(AE$76:AI$76))*AK$76 -> 140.30112 | AL68: =(SUM(AF68:AJ68)/SUM(AF$76:AJ$76))*AL$76 -> 134.32021 | AM68: =(SUM(AG68:AK68)/SUM(AG$76:AK$76))*AM$76 -> 141.42713 | AN68: =(SUM(AH68:AL68)/SUM(AH$76:AL$76))*AN$76 -> 150.2964 | AO68: =(SUM(AI68:AM68)/SUM(AI$76:AM$76))*AO$76 -> 144.33859 | ... BF68: =(SUM(AZ68:BD68)/SUM(AZ$76:BD$76))*BF$76 -> 243.4448 | BV68: Nov | BW68: =W34-BW55 -> 73.889997 | BX68: =X34-BX55 -> 48.791354 | BY68: =Y34-BY55 -> 83.913922 | BZ68: =Z34-BZ55 -> 90.805586 | CA68: =AA34-CA55 -> 91.858706 | CB68: =AB34-CB55 -> 122.8058 | CC68: =AC34-CC55 -> 120.0004 | CD68: =AD34-CD55 -> 119.7928 | ... CF68: =AF34-CF55 -> 75.376718 | CG68: =AVERAGE(CA68:CE68) -> 105.77368 | CH68: =AVERAGE(CB68:CF68) -> 102.47729 | CI68: =AVERAGE(CC68:CG68) -> 99.070863 | CJ68: =AVERAGE(CD68:CH68) -> 95.56624 | CK68: =AVERAGE(CE68:CI68) -> 91.421853 | CL68: =AVERAGE(CF68:CJ68) -> 95.652958 | CM68: =AVERAGE(CG68:CK68) -> 98.861985 | CN68: =AVERAGE(CH68:CL68) -> 96.83784 | ... CU68: =AVERAGE(CO68:CS68) -> 96.168024 | CV68: =AVERAGE(BY68:CC68) -> 101.87688 | CW68: =AVERAGE(BZ68:CD68) -> 109.05266 | CX68: =AVERAGE(CA68:CE68) -> 105.77368 | CY68: =AVERAGE(CB68:CF68) -> 102.47729 | CZ68: Nov | DA68: =AVERAGE(CB68:CF68) -> 102.47729
A69: February | B69: ='Monthly Ethanol Data'!$H163*42/1000 -> 8.8853398 | C69: ='Monthly Ethanol Data'!$H175*42/1000 -> 15.67876 | D69: ='Monthly Ethanol Data'!$H187*42/1000 -> 7.6813027 | E69: ='Monthly Ethanol Data'!$H199*42/1000 -> 10.172471 | F69: ='Monthly Ethanol Data'!$H211*42/1000 -> 6.1155053 | G69: ='Monthly Ethanol Data'!$H223*42/1000 -> 2.0026587 | H69: ='Monthly Ethanol Data'!$H235*42/1000 -> 3.402096 | I69: ='Monthly Ethanol Data'!$H247*42/1000 -> 2.7516274 | J69: ='Monthly Ethanol Data'!$H259*42/1000 -> 1.6755239 | K69: ='Monthly Ethanol Data'!$H271*42/1000 -> 4.3320021 | L69: ='Monthly Ethanol Data'!$H283*42/1000 -> 3.6692667 | M69: ='Monthly Ethanol Data'!$H295*42/1000 -> 3.1725001 | N69: ='Monthly Ethanol Data'!$H307*42/1000 -> 4.5622315 | O69: ='Monthly Ethanol Data'!$H319*42/1000 -> 3.8419103 | P69: ='Monthly Ethanol Data'!$H331*42/1000 -> 14.644713 | Q69: ='Monthly Ethanol Data'!$H343*42/1000 -> 4.6297593 | R69: ='Monthly Ethanol Data'!$H355*42/1000 -> 21.70873 | S69: ='Monthly Ethanol Data'!$H367*42/1000 -> 71.550189 | T69: ='Monthly Ethanol Data'!$H379*42/1000 -> 76.294437 | U69: ='Monthly Ethanol Data'!$H391*42/1000 -> 42.50681 | V69: ='Monthly Ethanol Data'!$H403*42/1000 -> 63.58505 | W69: ='Monthly Ethanol Data'!$H415*42/1000 -> 72.519395 | X69: ='Monthly Ethanol Data'!$H427*42/1000 -> 85.059285 | Y69: ='Monthly Ethanol Data'!$H439*42/1000 -> 148.78177 | Z69: ='Monthly Ethanol Data'!$H451*42/1000 -> 199.40034 | AA69: ='Monthly Ethanol Data'!$H463*42/1000 -> 95.757664 | AB69: ='Monthly Ethanol Data'!$H475*42/1000 -> 163.49922 | AC69: ='Monthly Ethanol Data'!$H487*42/1000 -> 93.400043 | AD69: ='Monthly Ethanol Data'!$H499*42/1000 -> 143.52074 | AE69: ='Monthly Ethanol Data'!$H511*42/1000 -> 107.01781 | AF69: ='Monthly Ethanol Data'!$H523*42/1000 -> 139.19934 | AG69: =(SUM(AB69:AF69)/SUM(AB$76:AF$76))*AG$76 -> 194.99657 | AH69: =(SUM(AB69:AF69)/SUM(AB$76:AF$76))*AH$76 -> 148.56882 | AI69: =(SUM(AC69:AG69)/SUM(AC$76:AG$76))*AI$76 -> 122.84148 | AJ69: =(SUM(AD69:AH69)/SUM(AD$76:AH$76))*AJ$76 -> 135.81598 | AK69: =(SUM(AE69:AI69)/SUM(AE$76:AI$76))*AK$76 -> 132.36356 | AL69: =(SUM(AF69:AJ69)/SUM(AF$76:AJ$76))*AL$76 -> 128.74853 | AM69: =(SUM(AG69:AK69)/SUM(AG$76:AK$76))*AM$76 -> 136.03452 | AN69: =(SUM(AH69:AL69)/SUM(AH$76:AL$76))*AN$76 -> 143.53576 | AO69: =(SUM(AI69:AM69)/SUM(AI$76:AM$76))*AO$76 -> 138.29882 | ... BF69: =(SUM(AZ69:BD69)/SUM(AZ$76:BD$76))*BF$76 -> 233.44744 | BV69: Dec | BW69: =W35-BW56 -> 22.896455 | BX69: =X35-BX56 -> 14.291621 | BY69: =Y35-BY56 -> 101.10478 | BZ69: =Z35-BZ56 -> 119.56867 | CA69: =AA35-CA56 -> 100.60798 | CB69: =AB35-CB56 -> 108.61922 | CC69: =AC35-CC56 -> 124.58338 | CD69: =AD35-CD56 -> 99.447893 | ... CF69: =AF35-CF56 -> 214.00905 | CG69: =AVERAGE(CA69:CE69) -> 100.1879 | CH69: =AVERAGE(CB69:CF69) -> 122.86812 | CI69: =AVERAGE(CC69:CG69) -> 121.18185 | CJ69: =AVERAGE(CD69:CH69) -> 120.8388 | CK69: =AVERAGE(CE69:CI69) -> 125.18559 | CL69: =AVERAGE(CF69:CJ69) -> 135.81714 | CM69: =AVERAGE(CG69:CK69) -> 118.05245 | CN69: =AVERAGE(CH69:CL69) -> 125.1783 | ... CU69: =AVERAGE(CO69:CS69) -> 124.84098 | CV69: =AVERAGE(BY69:CC69) -> 110.8968 | CW69: =AVERAGE(BZ69:CD69) -> 110.56543 | CX69: =AVERAGE(CA69:CE69) -> 100.1879 | CY69: =AVERAGE(CB69:CF69) -> 122.86812 | CZ69: Dec | DA69: =AVERAGE(CB69:CF69) -> 122.86812
A70: March | B70: ='Monthly Ethanol Data'!$H164*42/1000 -> 15.039416 | C70: ='Monthly Ethanol Data'!$H176*42/1000 -> 22.1791 | D70: ='Monthly Ethanol Data'!$H188*42/1000 -> 13.465044 | E70: ='Monthly Ethanol Data'!$H200*42/1000 -> 18.102519 | F70: ='Monthly Ethanol Data'!$H212*42/1000 -> 2.8352919 | G70: ='Monthly Ethanol Data'!$H224*42/1000 -> 2.3312691 | H70: ='Monthly Ethanol Data'!$H236*42/1000 -> 2.3743725 | I70: ='Monthly Ethanol Data'!$H248*42/1000 -> 10.956124 | J70: ='Monthly Ethanol Data'!$H260*42/1000 -> 4.7879933 | K70: ='Monthly Ethanol Data'!$H272*42/1000 -> 4.0065967 | L70: ='Monthly Ethanol Data'!$H284*42/1000 -> 4.1630512 | M70: ='Monthly Ethanol Data'!$H296*42/1000 -> 3.4517899 | N70: ='Monthly Ethanol Data'!$H308*42/1000 -> 5.7159453 | O70: ='Monthly Ethanol Data'!$H320*42/1000 -> 7.7338642 | P70: ='Monthly Ethanol Data'!$H332*42/1000 -> 21.557002 | Q70: ='Monthly Ethanol Data'!$H344*42/1000 -> 5.2668909 | R70: ='Monthly Ethanol Data'!$H356*42/1000 -> 43.743714 | S70: ='Monthly Ethanol Data'!$H368*42/1000 -> 84.034613 | T70: ='Monthly Ethanol Data'!$H380*42/1000 -> 77.468567 | U70: ='Monthly Ethanol Data'!$H392*42/1000 -> 54.866731 | V70: ='Monthly Ethanol Data'!$H404*42/1000 -> 80.631789 | W70: ='Monthly Ethanol Data'!$H416*42/1000 -> 91.31368 | X70: ='Monthly Ethanol Data'!$H428*42/1000 -> 110.99869 | Y70: ='Monthly Ethanol Data'!$H440*42/1000 -> 126.86444 | Z70: ='Monthly Ethanol Data'!$H452*42/1000 -> 231.63159 | AA70: ='Monthly Ethanol Data'!$H464*42/1000 -> 160.67641 | AB70: ='Monthly Ethanol Data'!$H476*42/1000 -> 164.21929 | AC70: ='Monthly Ethanol Data'!$H488*42/1000 -> 143.05117 | AD70: ='Monthly Ethanol Data'!$H500*42/1000 -> 112.77296 | AE70: ='Monthly Ethanol Data'!$H512*42/1000 -> 118.09286 | AF70: ='Monthly Ethanol Data'!$H524*42/1000 -> 159.47822 | AG70: =(SUM(AB70:AF70)/SUM(AB$76:AF$76))*AG$76 -> 210.36904 | AH70: =(SUM(AB70:AF70)/SUM(AB$76:AF$76))*AH$76 -> 160.28117 | AI70: =(SUM(AC70:AG70)/SUM(AC$76:AG$76))*AI$76 -> 134.73006 | AJ70: =(SUM(AD70:AH70)/SUM(AD$76:AH$76))*AJ$76 -> 140.94466 | AK70: =(SUM(AE70:AI70)/SUM(AE$76:AI$76))*AK$76 -> 145.42623 | AL70: =(SUM(AF70:AJ70)/SUM(AF$76:AJ$76))*AL$76 -> 139.92833 | AM70: =(SUM(AG70:AK70)/SUM(AG$76:AK$76))*AM$76 -> 146.62059 | AN70: =(SUM(AH70:AL70)/SUM(AH$76:AL$76))*AN$76 -> 154.91231 | AO70: =(SUM(AI70:AM70)/SUM(AI$76:AM$76))*AO$76 -> 149.23229 | ... BF70: =(SUM(AZ70:BD70)/SUM(AZ$76:BD$76))*BF$76 -> 252.07333 | BV70: Jan | BW70: =W36-BW57 -> 57.631797 | BX70: =X36-BX57 -> 63.406975 | BY70: =Y36-BY57 -> 129.83823 | BZ70: =Z36-BZ57 -> 106.48155 | CA70: =AA36-CA57 -> 137.46254 | CB70: =AB36-CB57 -> 162.2282 | CC70: =AC36-CC57 -> 137.39611 | CD70: =AD36-CD57 -> 144.7955 | ... CF70: =AF36-CF57 -> 94.342995 | CG70: =AVERAGE(CA70:CE70) -> 137.10147 | CH70: =AVERAGE(CB70:CF70) -> 128.47756 | CI70: =AVERAGE(CC70:CG70) -> 123.45222 | CJ70: =AVERAGE(CD70:CH70) -> 121.66851 | CK70: =AVERAGE(CE70:CI70) -> 117.39985 | CL70: =AVERAGE(CF70:CJ70) -> 121.00855 | CM70: =AVERAGE(CG70:CK70) -> 125.61992 | CN70: =AVERAGE(CH70:CL70) -> 122.40134 | ... CU70: =AVERAGE(CO70:CS70) -> 122.04434 | CV70: =AVERAGE(BY70:CC70) -> 134.68133 | CW70: =AVERAGE(BZ70:CD70) -> 137.67278 | CX70: =AVERAGE(CA70:CE70) -> 137.10147 | CY70: =AVERAGE(CB70:CF70) -> 128.47756 | CZ70: Jan | DA70: =AVERAGE(CB70:CF70) -> 128.47756
A71: April | B71: ='Monthly Ethanol Data'!$H165*42/1000 -> 26.659547 | C71: ='Monthly Ethanol Data'!$H177*42/1000 -> 43.035144 | D71: ='Monthly Ethanol Data'!$H189*42/1000 -> 7.6878422 | E71: ='Monthly Ethanol Data'!$H201*42/1000 -> 8.1368356 | F71: ='Monthly Ethanol Data'!$H213*42/1000 -> 3.0181267 | G71: ='Monthly Ethanol Data'!$H225*42/1000 -> 1.1067666 | H71: ='Monthly Ethanol Data'!$H237*42/1000 -> 1.7033024 | I71: ='Monthly Ethanol Data'!$H249*42/1000 -> 3.5620894 | J71: ='Monthly Ethanol Data'!$H261*42/1000 -> 5.9972187 | K71: ='Monthly Ethanol Data'!$H273*42/1000 -> 4.7179985 | L71: ='Monthly Ethanol Data'!$H285*42/1000 -> 3.975754 | M71: ='Monthly Ethanol Data'!$H297*42/1000 -> 3.065195 | N71: ='Monthly Ethanol Data'!$H309*42/1000 -> 5.8497843 | O71: ='Monthly Ethanol Data'!$H321*42/1000 -> 11.659337 | P71: ='Monthly Ethanol Data'!$H333*42/1000 -> 11.132945 | Q71: ='Monthly Ethanol Data'!$H345*42/1000 -> 5.5093623 | R71: ='Monthly Ethanol Data'!$H357*42/1000 -> 43.175616 | S71: ='Monthly Ethanol Data'!$H369*42/1000 -> 116.37754 | T71: ='Monthly Ethanol Data'!$H381*42/1000 -> 69.222118 | U71: ='Monthly Ethanol Data'!$H393*42/1000 -> 40.56717 | V71: ='Monthly Ethanol Data'!$H405*42/1000 -> 69.164354 | W71: ='Monthly Ethanol Data'!$H417*42/1000 -> 82.36327 | X71: ='Monthly Ethanol Data'!$H429*42/1000 -> 122.67056 | Y71: ='Monthly Ethanol Data'!$H441*42/1000 -> 87.492529 | Z71: ='Monthly Ethanol Data'!$H453*42/1000 -> 154.3263 | AA71: ='Monthly Ethanol Data'!$H465*42/1000 -> 143.78728 | AB71: ='Monthly Ethanol Data'!$H477*42/1000 -> 91.381176 | AC71: ='Monthly Ethanol Data'!$H489*42/1000 -> 105.2252 | AD71: ='Monthly Ethanol Data'!$H501*42/1000 -> 194.26943 | AE71: ='Monthly Ethanol Data'!$H513*42/1000 -> 119.6395 | AF71: ='Monthly Ethanol Data'!$H525*42/1000 -> 214.36526 | AG71: =(SUM(AB71:AF71)/SUM(AB$76:AF$76))*AG$76 -> 218.59125 | AH71: =(SUM(AB71:AF71)/SUM(AB$76:AF$76))*AH$76 -> 166.54571 | AI71: =(SUM(AC71:AG71)/SUM(AC$76:AG$76))*AI$76 -> 154.35297 | AJ71: =(SUM(AD71:AH71)/SUM(AD$76:AH$76))*AJ$76 -> 169.17398 | AK71: =(SUM(AE71:AI71)/SUM(AE$76:AI$76))*AK$76 -> 162.24385 | AL71: =(SUM(AF71:AJ71)/SUM(AF$76:AJ$76))*AL$76 -> 160.28472 | AM71: =(SUM(AG71:AK71)/SUM(AG$76:AK$76))*AM$76 -> 161.27922 | AN71: =(SUM(AH71:AL71)/SUM(AH$76:AL$76))*AN$76 -> 174.51839 | AO71: =(SUM(AI71:AM71)/SUM(AI$76:AM$76))*AO$76 -> 170.25426 | ... BF71: =(SUM(AZ71:BD71)/SUM(AZ$76:BD$76))*BF$76 -> 284.86128 | BV71: Feb | BW71: =W37-BW58 -> 48.690882 | BX71: =X37-BX58 -> 47.503095 | BY71: =Y37-BY58 -> 89.840544 | BZ71: =Z37-BZ58 -> 141.06695 | CA71: =AA37-CA58 -> 67.638043 | CB71: =AB37-CB58 -> 139.73507 | CC71: =AC37-CC58 -> 72.49361 | CD71: =AD37-CD58 -> 122.33066 | ... CF71: =AF37-CF58 -> 189.0897 | CG71: =AVERAGE(CA71:CE71) -> 91.637817 | CH71: =AVERAGE(CB71:CF71) -> 115.92815 | CI71: =AVERAGE(CC71:CG71) -> 106.3087 | CJ71: =AVERAGE(CD71:CH71) -> 114.99561 | CK71: =AVERAGE(CE71:CI71) -> 111.79121 | CL71: =AVERAGE(CF71:CJ71) -> 123.59199 | CM71: =AVERAGE(CG71:CK71) -> 108.1323 | CN71: =AVERAGE(CH71:CL71) -> 114.52313 | ... CU71: =AVERAGE(CO71:CS71) -> 113.88407 | CV71: =AVERAGE(BY71:CC71) -> 102.15484 | CW71: =AVERAGE(BZ71:CD71) -> 108.65287 | CX71: =AVERAGE(CA71:CE71) -> 91.637817 | CY71: =AVERAGE(CB71:CF71) -> 115.92815 | CZ71: Feb | DA71: =AVERAGE(CB71:CF71) -> 115.92815
A72: May | B72: ='Monthly Ethanol Data'!$H166*42/1000 -> 13.760147 | C72: ='Monthly Ethanol Data'!$H178*42/1000 -> 3.8943682 | D72: ='Monthly Ethanol Data'!$H190*42/1000 -> 11.699891 | E72: ='Monthly Ethanol Data'!$H202*42/1000 -> 2.3205423 | F72: ='Monthly Ethanol Data'!$H214*42/1000 -> 5.3092631 | G72: ='Monthly Ethanol Data'!$H226*42/1000 -> 3.3985024 | H72: ='Monthly Ethanol Data'!$H238*42/1000 -> 2.4688296 | I72: ='Monthly Ethanol Data'!$H250*42/1000 -> 6.742872 | J72: ='Monthly Ethanol Data'!$H262*42/1000 -> 2.2964795 | K72: ='Monthly Ethanol Data'!$H274*42/1000 -> 5.8773467 | L72: ='Monthly Ethanol Data'!$H286*42/1000 -> 4.0329327 | M72: ='Monthly Ethanol Data'!$H298*42/1000 -> 9.2200912 | N72: ='Monthly Ethanol Data'!$H310*42/1000 -> 2.8041747 | O72: ='Monthly Ethanol Data'!$H322*42/1000 -> 16.484283 | P72: ='Monthly Ethanol Data'!$H334*42/1000 -> 14.817923 | Q72: ='Monthly Ethanol Data'!$H346*42/1000 -> 10.570014 | R72: ='Monthly Ethanol Data'!$H358*42/1000 -> 19.794381 | S72: ='Monthly Ethanol Data'!$H370*42/1000 -> 81.710174 | T72: ='Monthly Ethanol Data'!$H382*42/1000 -> 63.686491 | U72: ='Monthly Ethanol Data'!$H394*42/1000 -> 39.781042 | V72: ='Monthly Ethanol Data'!$H406*42/1000 -> 53.016041 | W72: ='Monthly Ethanol Data'!$H418*42/1000 -> 69.631482 | X72: ='Monthly Ethanol Data'!$H430*42/1000 -> 67.586135 | Y72: ='Monthly Ethanol Data'!$H442*42/1000 -> 120.85337 | Z72: ='Monthly Ethanol Data'!$H454*42/1000 -> 91.18928 | AA72: ='Monthly Ethanol Data'!$H466*42/1000 -> 97.697989 | AB72: ='Monthly Ethanol Data'!$H478*42/1000 -> 70.71328 | AC72: ='Monthly Ethanol Data'!$H490*42/1000 -> 79.560816 | AD72: ='Monthly Ethanol Data'!$H502*42/1000 -> 138.98051 | AE72: ='Monthly Ethanol Data'!$H514*42/1000 -> 112.20026 | AF72: ='Monthly Ethanol Data'!$H526*42/1000 -> 154.54063 | AG72: =(SUM(AB72:AF72)/SUM(AB$76:AF$76))*AG$76 -> 167.66314 | AH72: =(SUM(AB72:AF72)/SUM(AB$76:AF$76))*AH$76 -> 127.74334 | AI72: =(SUM(AC72:AG72)/SUM(AC$76:AG$76))*AI$76 -> 118.27856 | AJ72: =(SUM(AD72:AH72)/SUM(AD$76:AH$76))*AJ$76 -> 129.85674 | AK72: =(SUM(AE72:AI72)/SUM(AE$76:AI$76))*AK$76 -> 126.38305 | AL72: =(SUM(AF72:AJ72)/SUM(AF$76:AJ$76))*AL$76 -> 121.22254 | AM72: =(SUM(AG72:AK72)/SUM(AG$76:AK$76))*AM$76 -> 124.06015 | AN72: =(SUM(AH72:AL72)/SUM(AH$76:AL$76))*AN$76 -> 133.90266 | AO72: =(SUM(AI72:AM72)/SUM(AI$76:AM$76))*AO$76 -> 130.70634 | ... BF72: =(SUM(AZ72:BD72)/SUM(AZ$76:BD$76))*BF$76 -> 218.57853 | BV72: Mar | BW72: =W38-BW59 -> 37.392757 | BX72: =X38-BX59 -> 78.403939 | BY72: =Y38-BY59 -> 87.902203 | BZ72: =Z38-BZ59 -> 132.04356 | CA72: =AA38-CA59 -> 113.52728 | CB72: =AB38-CB59 -> 123.01381 | CC72: =AC38-CC59 -> 55.871201 | CD72: =AD38-CD59 -> 65.328473 | ... CF72: =AF38-CF59 -> 184.4724 | CG72: =AVERAGE(CA72:CE72) -> 87.215834 | CH72: =AVERAGE(CB72:CF72) -> 101.40486 | CI72: =AVERAGE(CC72:CG72) -> 94.245262 | CJ72: =AVERAGE(CD72:CH72) -> 103.35199 | CK72: =AVERAGE(CE72:CI72) -> 109.13535 | CL72: =AVERAGE(CF72:CJ72) -> 114.13807 | CM72: =AVERAGE(CG72:CK72) -> 99.07066 | CN72: =AVERAGE(CH72:CL72) -> 104.45511 | ... CU72: =AVERAGE(CO72:CS72) -> 105.13056 | CV72: =AVERAGE(BY72:CC72) -> 102.47161 | CW72: =AVERAGE(BZ72:CD72) -> 97.956866 | CX72: =AVERAGE(CA72:CE72) -> 87.215834 | CY72: =AVERAGE(CB72:CF72) -> 101.40486 | CZ72: Mar | DA72: =AVERAGE(CB72:CF72) -> 101.40486
A73: June | B73: ='Monthly Ethanol Data'!$H167*42/1000 -> 19.537959 | C73: ='Monthly Ethanol Data'!$H179*42/1000 -> 27.706706 | D73: ='Monthly Ethanol Data'!$H191*42/1000 -> 2.8290681 | E73: ='Monthly Ethanol Data'!$H203*42/1000 -> 7.1835029 | F73: ='Monthly Ethanol Data'!$H215*42/1000 -> 4.4127247 | G73: ='Monthly Ethanol Data'!$H227*42/1000 -> 4.3679153 | H73: ='Monthly Ethanol Data'!$H239*42/1000 -> 4.0058205 | I73: ='Monthly Ethanol Data'!$H251*42/1000 -> 4.7276373 | J73: ='Monthly Ethanol Data'!$H263*42/1000 -> 3.4672451 | K73: ='Monthly Ethanol Data'!$H275*42/1000 -> 5.7811282 | L73: ='Monthly Ethanol Data'!$H287*42/1000 -> 4.0267446 | M73: ='Monthly Ethanol Data'!$H299*42/1000 -> 7.6791009 | N73: ='Monthly Ethanol Data'!$H311*42/1000 -> 1.8231808 | O73: ='Monthly Ethanol Data'!$H323*42/1000 -> 15.961427 | P73: ='Monthly Ethanol Data'!$H335*42/1000 -> 14.085498 | Q73: ='Monthly Ethanol Data'!$H347*42/1000 -> 14.748397 | R73: ='Monthly Ethanol Data'!$H359*42/1000 -> 16.059249 | S73: ='Monthly Ethanol Data'!$H371*42/1000 -> 67.108735 | T73: ='Monthly Ethanol Data'!$H383*42/1000 -> 52.722199 | U73: ='Monthly Ethanol Data'!$H395*42/1000 -> 33.219184 | V73: ='Monthly Ethanol Data'!$H407*42/1000 -> 57.773623 | W73: ='Monthly Ethanol Data'!$H419*42/1000 -> 69.741892 | X73: ='Monthly Ethanol Data'!$H431*42/1000 -> 54.248745 | Y73: ='Monthly Ethanol Data'!$H443*42/1000 -> 95.476175 | Z73: ='Monthly Ethanol Data'!$H455*42/1000 -> 145.45674 | AA73: ='Monthly Ethanol Data'!$H467*42/1000 -> 119.61663 | AB73: ='Monthly Ethanol Data'!$H479*42/1000 -> 81.792863 | AC73: ='Monthly Ethanol Data'!$H491*42/1000 -> 82.675002 | AD73: ='Monthly Ethanol Data'!$H503*42/1000 -> 99.031582 | AE73: ='Monthly Ethanol Data'!$H515*42/1000 -> 111.31011 | AF73: ='Monthly Ethanol Data'!$H527*42/1000 -> 146.01948 | AG73: =(SUM(AB73:AF73)/SUM(AB$76:AF$76))*AG$76 -> 157.05852 | AH73: =(SUM(AB73:AF73)/SUM(AB$76:AF$76))*AH$76 -> 119.66364 | AI73: =(SUM(AC73:AG73)/SUM(AC$76:AG$76))*AI$76 -> 107.98028 | AJ73: =(SUM(AD73:AH73)/SUM(AD$76:AH$76))*AJ$76 -> 117.25413 | AK73: =(SUM(AE73:AI73)/SUM(AE$76:AI$76))*AK$76 -> 119.25173 | AL73: =(SUM(AF73:AJ73)/SUM(AF$76:AJ$76))*AL$76 -> 112.52154 | AM73: =(SUM(AG73:AK73)/SUM(AG$76:AK$76))*AM$76 -> 115.03857 | AN73: =(SUM(AH73:AL73)/SUM(AH$76:AL$76))*AN$76 -> 123.84887 | AO73: =(SUM(AI73:AM73)/SUM(AI$76:AM$76))*AO$76 -> 120.6356 | ... BF73: =(SUM(AZ73:BD73)/SUM(AZ$76:BD$76))*BF$76 -> 202.41978 | BV73: Apr | BW73: =W39-BW60 -> 16.228285 | BX73: =X39-BX60 -> 29.070469 | BY73: =Y39-BY60 -> 77.374113 | BZ73: =Z39-BZ60 -> 61.095656 | CA73: =AA39-CA60 -> 62.695265 | CB73: =AB39-CB60 -> 86.075508 | CC73: =AC39-CC60 -> 63.604649 | CD73: =AD39-CD60 -> 88.463016 | ... CF73: =AF39-CF60 -> 97.897223 | CG73: =AVERAGE(CA73:CE73) -> 77.193532 | CH73: =AVERAGE(CB73:CF73) -> 84.233924 | CI73: =AVERAGE(CC73:CG73) -> 82.457529 | CJ73: =AVERAGE(CD73:CH73) -> 86.583384 | CK73: =AVERAGE(CE73:CI73) -> 85.382286 | CL73: =AVERAGE(CF73:CJ73) -> 85.673118 | CM73: =AVERAGE(CG73:CK73) -> 83.170131 | CN73: =AVERAGE(CH73:CL73) -> 84.866048 | ... CU73: =AVERAGE(CO73:CS73) -> 84.750292 | CV73: =AVERAGE(BY73:CC73) -> 70.169038 | CW73: =AVERAGE(BZ73:CD73) -> 72.386819 | CX73: =AVERAGE(CA73:CE73) -> 77.193532 | CY73: =AVERAGE(CB73:CF73) -> 84.233924 | CZ73: Apr | DA73: =AVERAGE(CB73:CF73) -> 84.233924
A74: July | B74: ='Monthly Ethanol Data'!$H168*42/1000 -> 20.931133 | C74: ='Monthly Ethanol Data'!$H180*42/1000 -> 18.036465 | D74: ='Monthly Ethanol Data'!$H192*42/1000 -> 1.2171203 | E74: ='Monthly Ethanol Data'!$H204*42/1000 -> 12.941187 | F74: ='Monthly Ethanol Data'!$H216*42/1000 -> 2.0618218 | G74: ='Monthly Ethanol Data'!$H228*42/1000 -> 3.3975333 | H74: ='Monthly Ethanol Data'!$H240*42/1000 -> 5.9630423 | I74: ='Monthly Ethanol Data'!$H252*42/1000 -> 5.5127042 | J74: ='Monthly Ethanol Data'!$H264*42/1000 -> 4.1782276 | K74: ='Monthly Ethanol Data'!$H276*42/1000 -> 4.5542236 | L74: ='Monthly Ethanol Data'!$H288*42/1000 -> 3.3197779 | M74: ='Monthly Ethanol Data'!$H300*42/1000 -> 7.0689833 | N74: ='Monthly Ethanol Data'!$H312*42/1000 -> 2.4237409 | O74: ='Monthly Ethanol Data'!$H324*42/1000 -> 13.148684 | P74: ='Monthly Ethanol Data'!$H336*42/1000 -> 13.290713 | Q74: ='Monthly Ethanol Data'!$H348*42/1000 -> 5.7475215 | R74: ='Monthly Ethanol Data'!$H360*42/1000 -> 25.164408 | S74: ='Monthly Ethanol Data'!$H372*42/1000 -> 125.31053 | T74: ='Monthly Ethanol Data'!$H384*42/1000 -> 62.044615 | U74: ='Monthly Ethanol Data'!$H396*42/1000 -> 34.713396 | V74: ='Monthly Ethanol Data'!$H408*42/1000 -> 62.760745 | W74: ='Monthly Ethanol Data'!$H420*42/1000 -> 81.878864 | X74: ='Monthly Ethanol Data'!$H432*42/1000 -> 82.148323 | Y74: ='Monthly Ethanol Data'!$H444*42/1000 -> 118.05942 | Z74: ='Monthly Ethanol Data'!$H456*42/1000 -> 102.40184 | AA74: ='Monthly Ethanol Data'!$H468*42/1000 -> 119.92668 | AB74: ='Monthly Ethanol Data'!$H480*42/1000 -> 73.143435 | AC74: ='Monthly Ethanol Data'!$H492*42/1000 -> 51.954797 | AD74: ='Monthly Ethanol Data'!$H504*42/1000 -> 109.7106 | AE74: ='Monthly Ethanol Data'!$H516*42/1000 -> 112.30514 | AF74: ='Monthly Ethanol Data'!$H528*42/1000 -> 136.16471 | AG74: =(SUM(AB74:AF74)/SUM(AB$76:AF$76))*AG$76 -> 145.73503 | AH74: =(SUM(AB74:AF74)/SUM(AB$76:AF$76))*AH$76 -> 111.03622 | AI74: =(SUM(AC74:AG74)/SUM(AC$76:AG$76))*AI$76 -> 100.69378 | AJ74: =(SUM(AD74:AH74)/SUM(AD$76:AH$76))*AJ$76 -> 113.89595 | AK74: =(SUM(AE74:AI74)/SUM(AE$76:AI$76))*AK$76 -> 112.547 | AL74: =(SUM(AF74:AJ74)/SUM(AF$76:AJ$76))*AL$76 -> 105.4973 | AM74: =(SUM(AG74:AK74)/SUM(AG$76:AK$76))*AM$76 -> 108.13111 | AN74: =(SUM(AH74:AL74)/SUM(AH$76:AL$76))*AN$76 -> 116.7614 | AO74: =(SUM(AI74:AM74)/SUM(AI$76:AM$76))*AO$76 -> 114.03891 | ... BF74: =(SUM(AZ74:BD74)/SUM(AZ$76:BD$76))*BF$76 -> 191.01566 | BV74: May | BW74: =W40-BW61 -> 46.206111 | BX74: =X40-BX61 -> 39.59586 | BY74: =Y40-BY61 -> 77.28798 | BZ74: =Z40-BZ61 -> 68.779836 | CA74: =AA40-CA61 -> 85.896953 | CB74: =AB40-CB61 -> 53.07237 | CC74: =AC40-CC61 -> 62.261952 | CD74: =AD40-CD61 -> 89.871301 | ... CF74: =AF40-CF61 -> 79.295584 | CG74: =AVERAGE(CA74:CE74) -> 65.990432 | CH74: =AVERAGE(CB74:CF74) -> 64.670158 | CI74: =AVERAGE(CC74:CG74) -> 67.253771 | CJ74: =AVERAGE(CD74:CH74) -> 67.735412 | CK74: =AVERAGE(CE74:CI74) -> 63.211906 | CL74: =AVERAGE(CF74:CJ74) -> 68.989071 | CM74: =AVERAGE(CG74:CK74) -> 65.772336 | CN74: =AVERAGE(CH74:CL74) -> 66.372064 | ... CU74: =AVERAGE(CO74:CS74) -> 66.458557 | CV74: =AVERAGE(BY74:CC74) -> 69.459818 | CW74: =AVERAGE(BZ74:CD74) -> 71.976482 | CX74: =AVERAGE(CA74:CE74) -> 65.990432 | CY74: =AVERAGE(CB74:CF74) -> 64.670158 | CZ74: May | DA74: =AVERAGE(CB74:CF74) -> 64.670158
A75: August | B75: ='Monthly Ethanol Data'!$H169*42/1000 -> 24.064895 | C75: ='Monthly Ethanol Data'!$H181*42/1000 -> 12.30757 | D75: ='Monthly Ethanol Data'!$H193*42/1000 -> 1.9832641 | E75: ='Monthly Ethanol Data'!$H205*42/1000 -> 3.8476965 | F75: ='Monthly Ethanol Data'!$H217*42/1000 -> 4.6050562 | G75: ='Monthly Ethanol Data'!$H229*42/1000 -> 4.7757389 | H75: ='Monthly Ethanol Data'!$H241*42/1000 -> 5.2115434 | I75: ='Monthly Ethanol Data'!$H253*42/1000 -> 4.8725962 | J75: ='Monthly Ethanol Data'!$H265*42/1000 -> 2.9928568 | K75: ='Monthly Ethanol Data'!$H277*42/1000 -> 5.3577274 | L75: ='Monthly Ethanol Data'!$H289*42/1000 -> 4.0850335 | M75: ='Monthly Ethanol Data'!$H301*42/1000 -> 5.7464113 | N75: ='Monthly Ethanol Data'!$H313*42/1000 -> 2.058434 | O75: ='Monthly Ethanol Data'!$H325*42/1000 -> 16.100097 | P75: ='Monthly Ethanol Data'!$H337*42/1000 -> 9.1945061 | Q75: ='Monthly Ethanol Data'!$H349*42/1000 -> 11.988224 | R75: ='Monthly Ethanol Data'!$H361*42/1000 -> 27.282779 | S75: ='Monthly Ethanol Data'!$H373*42/1000 -> 52.173459 | T75: ='Monthly Ethanol Data'!$H385*42/1000 -> 59.191748 | U75: ='Monthly Ethanol Data'!$H397*42/1000 -> 49.507182 | V75: ='Monthly Ethanol Data'!$H409*42/1000 -> 54.09085 | W75: ='Monthly Ethanol Data'!$H421*42/1000 -> 63.007427 | X75: ='Monthly Ethanol Data'!$H433*42/1000 -> 91.09798 | Y75: ='Monthly Ethanol Data'!$H445*42/1000 -> 97.06609 | Z75: ='Monthly Ethanol Data'!$H457*42/1000 -> 113.47344 | AA75: ='Monthly Ethanol Data'!$H469*42/1000 -> 124.83599 | AB75: ='Monthly Ethanol Data'!$H481*42/1000 -> 96.29254 | AC75: ='Monthly Ethanol Data'!$H493*42/1000 -> 81.052259 | AD75: ='Monthly Ethanol Data'!$H505*42/1000 -> 80.222669 | AE75: ='Monthly Ethanol Data'!$H517*42/1000 -> 100.46029 | AF75: ='Monthly Ethanol Data'!$H529*42/1000 -> 141.35992 | AG75: =(SUM(AB75:AF75)/SUM(AB$76:AF$76))*AG$76 -> 150.59278 | AH75: =AH76-SUM(AH64:AH74) -> 114.73735 | AI75: =AI76-SUM(AI64:AI74) -> 97.143407 | AJ75: =AJ76-SUM(AJ64:AJ74) -> 105.56221 | AK75: =AK76-SUM(AK64:AK74) -> 109.0071 | AL75: =AL76-SUM(AL64:AL74) -> 102.79753 | AM75: =AM76-SUM(AM64:AM74) -> 103.63439 | AN75: =AN76-SUM(AN64:AN74) -> 113.66391 | AO75: =AO76-SUM(AO64:AO74) -> 109.2686 | ... BF75: =BF76-SUM(BF64:BF74) -> 184.12692 | BV75: Jun | BW75: =W41-BW62 -> 8.422491 | BX75: =X41-BX62 -> 9.45841 | BY75: =Y41-BY62 -> 47.104832 | BZ75: =Z41-BZ62 -> 93.584556 | CA75: =AA41-CA62 -> 106.18497 | CB75: =AB41-CB62 -> 25.017688 | CC75: =AC41-CC62 -> 33.283298 | CD75: =AD41-CD62 -> 27.691006 | ... CF75: =AF41-CF62 -> 40.654858 | CG75: =AVERAGE(CA75:CE75) -> 44.760364 | CH75: =AVERAGE(CB75:CF75) -> 31.654342 | CI75: =AVERAGE(CC75:CG75) -> 35.602877 | CJ75: =AVERAGE(CD75:CH75) -> 35.277086 | CK75: =AVERAGE(CE75:CI75) -> 36.85946 | CL75: =AVERAGE(CF75:CJ75) -> 37.589905 | CM75: =AVERAGE(CG75:CK75) -> 36.830826 | CN75: =AVERAGE(CH75:CL75) -> 35.396734 | ... CU75: =AVERAGE(CO75:CS75) -> 36.461424 | CV75: =AVERAGE(BY75:CC75) -> 61.035069 | CW75: =AVERAGE(BZ75:CD75) -> 57.152304 | CX75: =AVERAGE(CA75:CE75) -> 44.760364 | CY75: =AVERAGE(CB75:CF75) -> 31.654342 | CZ75: Jun | DA75: =AVERAGE(CB75:CF75) -> 31.654342
A76: Total | B76: =SUM(B64:B75) -> 169.35359 | C76: =SUM(C64:C75) -> 166.95087 | D76: =SUM(D64:D75) -> 107.28493 | E76: =SUM(E64:E75) -> 84.141424 | F76: =SUM(F64:F75) -> 48.964058 | G76: =SUM(G64:G75) -> 30.325061 | H76: =SUM(H64:H75) -> 41.299067 | I76: =SUM(I64:I75) -> 83.251215 | ... AF76: =SUM(AF64:AF75) -> 1750.0928 | AG76: =AG8 -> 2100 | AH76: =AH8 -> 1600 | AI76: =AI8 -> 1400 | AJ76: =AJ8 -> 1500 | AK76: =AK8 -> 1500 | AL76: =AL8 -> 1450 | AM76: =AM8 -> 1500 | AN76: =AN8 -> 1600 | ... BF76: =BF8 -> 2607 | BV76: Jul | BW76: =W42-BW63 -> 43.568881 | BX76: =X42-BX63 -> 92.755841 | BY76: =Y42-BY63 -> 59.310539 | BZ76: =Z42-BZ63 -> 58.913617 | CA76: =AA42-CA63 -> 54.3703 | CB76: =AB42-CB63 -> 36.733905 | CC76: =AC42-CC63 -> 47.94554 | CD76: =AD42-CD63 -> 117.24724 | ... CF76: =AF42-CF63 -> 148.89674 | CG76: =AVERAGE(CA76:CE76) -> 65.952343 | CH76: =AVERAGE(CB76:CF76) -> 84.857631 | CI76: =AVERAGE(CC76:CG76) -> 90.701318 | CJ76: =AVERAGE(CD76:CH76) -> 98.083736 | CK76: =AVERAGE(CE76:CI76) -> 92.774553 | CL76: =AVERAGE(CF76:CJ76) -> 97.698353 | CM76: =AVERAGE(CG76:CK76) -> 86.473916 | CN76: =AVERAGE(CH76:CL76) -> 92.823118 | ... CU76: =AVERAGE(CO76:CS76) -> 92.752471 | CV76: =AVERAGE(BY76:CC76) -> 51.45478 | CW76: =AVERAGE(BZ76:CD76) -> 63.04212 | CX76: =AVERAGE(CA76:CE76) -> 65.952343 | CY76: =AVERAGE(CB76:CF76) -> 84.857631 | CZ76: Jul | DA76: =AVERAGE(CB76:CF76) -> 84.857631
P77: {=SUM(P72:P75/SUM(P64:P71))} -> 0.41362906 | Q77: {=SUM(Q72:Q75/SUM(Q64:Q71))} -> 0.71138348 | R77: {=SUM(R72:R75/SUM(R64:R71))} -> 0.51140941 | S77: {=SUM(S72:S75/SUM(S64:S71))} -> 0.64987198 | T77: {=SUM(T72:T75/SUM(T64:T71))} -> 0.27990471 | U77: {=SUM(U72:U75/SUM(U64:U71))} -> 0.39562657 | V77: {=SUM(V72:V75/SUM(V64:V71))} -> 0.40713992 | W77: {=SUM(W72:W75/SUM(W64:W71))} -> 0.45305221 | X77: {=SUM(X69:X75/SUM(X64:X68))} -> 1.514208 | Y77: {=SUM(Y69:Y75/SUM(Y64:Y68))} -> 1.3971026 | Z77: {=SUM(Z69:Z75/SUM(Z64:Z68))} -> 1.7853101 | AA77: {=SUM(AA69:AA75/SUM(AA64:AA68))} -> 1.2910233 | AB77: {=SUM(AB69:AB75/SUM(AB64:AB68))} -> 1.2469135 | AC77: {=SUM(AC69:AC75/SUM(AC64:AC68))} -> 1.074456 | AD77: {=SUM(AD69:AD75/SUM(AD64:AD68))} -> 1.6131383 | AE77: {=SUM(AE69:AE75/SUM(AE64:AE68))} -> 1.7565395 | ... AJ77: {=SUM(AJ69:AJ75/SUM(AJ64:AJ68))} -> 1.5532073 | BV77: Aug | BW77: =W43-BW64 -> 42.805151 | BX77: =X43-BX64 -> 35.741652 | BY77: =Y43-BY64 -> 66.275536 | BZ77: =Z43-BZ64 -> 78.591769 | CA77: =AA43-CA64 -> 97.010911 | CB77: =AB43-CB64 -> 68.930753 | CC77: =AC43-CC64 -> 10.338673 | CD77: =AD43-CD64 -> 14.875167 | ... CF77: =AF43-CF64 -> 146.03878 | CG77: =AVERAGE(CA77:CE77) -> 47.497257 | CH77: =AVERAGE(CB77:CF77) -> 57.302831 | CI77: =AVERAGE(CC77:CG77) -> 53.016132 | CJ77: =AVERAGE(CD77:CH77) -> 62.408964 | CK77: =AVERAGE(CE77:CI77) -> 70.037157 | CL77: =AVERAGE(CF77:CJ77) -> 73.252793 | CM77: =AVERAGE(CG77:CK77) -> 58.052468 | CN77: =AVERAGE(CH77:CL77) -> 63.203576 | ... CU77: =AVERAGE(CO77:CS77) -> 64.41823 | CV77: =AVERAGE(BY77:CC77) -> 64.229528 | CW77: =AVERAGE(BZ77:CD77) -> 53.949455 | CX77: =AVERAGE(CA77:CE77) -> 47.497257 | CY77: =AVERAGE(CB77:CF77) -> 57.302831 | CZ77: Aug | DA77: =AVERAGE(CB77:CF77) -> 57.302831
A78: ETHANOL DOMESTIC USAGE (Million Gallons) | BV78: Domestic Ethanol Use
