Workbook

Sheet Export Sales Data
A1: Corn | P1: China | Z1: European Union | AE1: Rest of the World | AK1: Soybean Meal | AT1: Soybean Oil | BB1: Soybean and Soybean Meal Exports | BF1: Export Sales Pace Needed (1,000 Tonnes) | BM1: Export Shipment Pace Needed (1,000 Tonnes)
A2: Date | B2: Outstanding Sales | C2: Cumulative Exports | D2: Commitments | E2: NMY Cumulative Sales | F2: Weekly Shipments | G2: Net Sales | H2: NMY Net Sales | I2: Export Shipments | J2: Weekly Inspections | K2: Difference | L2: Total Sales | M2: Cancellations | N2: Commitments Percent of MY Forecast | P2: Outstanding Sales | Q2: Cumulative Exports | R2: Commitments | S2: Net Sales | T2: Weekly Shipments | U2: Weekly Inspections | V2: Difference | W2: Cancellations | X2: Commitments Percent of MY Forecast | Z2: Outstanding Sales | AA2: Cumulative Exports | AB2: Commitments | AC2: Net Sales | AE2: Outstanding Sales | AF2: Cumulative Exports | AG2: Commitments | AH2: Net Sales | AK2: Outstanding Sales | AL2: Cumulative Exports | AM2: Commitments | AN2: Weekly Shipments | AO2: Net Sales | AP2: Commitments Percent of MY Forecast | AT2: Outstanding Sales | AU2: Cumulative Exports | AV2: Commitments | AW2: Weekly Shipments | AX2: Net Sales | AY2: Commitments Percent of MY Forecast | BF2: Historical Seasonal Pace Soybeans | BG2: Weekly Sales Pace Soybeans | BH2: Historical Seasonal Pace Soybean Meal | BI2: Weekly Sales Pace Soybean Meal | BJ2: Historical Seasonal Pace Soybean Oil | BK2: Weekly Sales Pace Soybean Oil | BM2: Weekly Soybean Pace | BN2: Weekly Soybean Meal Pace | BO2: Weekly Soybean Oil Pace
A3: 32877 | B3: 3109.3 | C3: 6243.9 | D3: =SUM(B3:C3) -> 9353.2 | E3: 6 | Z3: 870.3 | AA3: 3200.4 | AB3: =AA3+Z3 -> 4070.7 | AJ3: 32877 | AK3: 1046 | AL3: 1019.1 | AM3: =AL3+AK3 -> 2065.1 | AP3: =AM3/'[2]Soymeal Export Forecast'!P$15 -> 0.38828617 | AS3: 32877 | AT3: 61.6 | AU3: 203.1 | AV3: =AU3+AT3 -> 264.7
A4: 32884 | B4: 3263.9 | C4: 6412.6 | D4: =SUM(B4:C4) -> 9676.5 | E4: 6 | F4: =C4-C3 -> 168.7 | G4: =D4-D3 -> 323.3 | H4: =E4-E3 -> 0 | I4: =F4 -> 168.7 | L4: =H4+G4 -> 323.3 | Z4: 910.7 | AA4: 3274.3 | AB4: =AA4+Z4 -> 4185 | AC4: =AB4-AB3 -> 114.3 | AJ4: 32884 | AK4: 956.3 | AL4: 1161.3 | AM4: =AL4+AK4 -> 2117.6 | AN4: =AL4-AL3 -> 142.2 | AO4: =AM4-AM3 -> 52.5 | AP4: =AM4/'[2]Soymeal Export Forecast'!P$15 -> 0.39815738 | AS4: 32884 | AT4: 53.4 | AU4: 209.6 | AV4: =AU4+AT4 -> 263 | AW4: =AU4-AU3 -> 6.5 | AX4: =AV4-AV3 -> -1.7 | BB4: =AN4+F4 -> 310.9
A5: 32891 | B5: 3239.5 | C5: 6951.2 | D5: =SUM(B5:C5) -> 10190.7 | E5: 6 | F5: =C5-C4 -> 538.6 | G5: =D5-D4 -> 514.2 | H5: =E5-E4 -> 0 | I5: =F5 -> 538.6 | L5: =H5+G5 -> 514.2 | Z5: 814.6 | AA5: 3575.2 | AB5: =AA5+Z5 -> 4389.8 | AC5: =AB5-AB4 -> 204.8 | AJ5: 32891 | AK5: 1218.3 | AL5: 1269.7 | AM5: =AL5+AK5 -> 2488 | AN5: =AL5-AL4 -> 108.4 | AO5: =AM5-AM4 -> 370.4 | AP5: =AM5/'[2]Soymeal Export Forecast'!P$15 -> 0.46780107 | AS5: 32891 | AT5: 80 | AU5: 209.6 | AV5: =AU5+AT5 -> 289.6 | AW5: =AU5-AU4 -> 0 | AX5: =AV5-AV4 -> 26.6 | BB5: =AN5+F5 -> 647
A6: 32898 | B6: 3294.8 | C6: 7513.9 | D6: =SUM(B6:C6) -> 10808.7 | E6: 6 | F6: =C6-C5 -> 562.7 | G6: =D6-D5 -> 618 | H6: =E6-E5 -> 0 | I6: =F6 -> 562.7 | L6: =H6+G6 -> 618 | Z6: 719.4 | AA6: 3921.5 | AB6: =AA6+Z6 -> 4640.9 | AC6: =AB6-AB5 -> 251.1 | AJ6: 32898 | AK6: 1231.4 | AL6: 1409.7 | AM6: =AL6+AK6 -> 2641.1 | AN6: =AL6-AL5 -> 140 | AO6: =AM6-AM5 -> 153.1 | AP6: =AM6/'[2]Soymeal Export Forecast'!P$15 -> 0.49658738 | AS6: 32898 | AT6: 88.7 | AU6: 237 | AV6: =AU6+AT6 -> 325.7 | AW6: =AU6-AU5 -> 27.4 | AX6: =AV6-AV5 -> 36.1 | BB6: =AN6+F6 -> 702.7
A7: 32905 | B7: 3147.3 | C7: 8067.6 | D7: =SUM(B7:C7) -> 11214.9 | E7: 6 | F7: =C7-C6 -> 553.7 | G7: =D7-D6 -> 406.2 | H7: =E7-E6 -> 0 | I7: =F7 -> 553.7 | L7: =H7+G7 -> 406.2 | Z7: 592.9 | AA7: 4227.2 | AB7: =AA7+Z7 -> 4820.1 | AC7: =AB7-AB6 -> 179.2 | AJ7: 32905 | AK7: 1157.3 | AL7: 1528.1 | AM7: =AL7+AK7 -> 2685.4 | AN7: =AL7-AL6 -> 118.4 | AO7: =AM7-AM6 -> 44.3 | AP7: =AM7/'[2]Soymeal Export Forecast'!P$15 -> 0.5049168 | AS7: 32905 | AT7: 85.4 | AU7: 239 | AV7: =AU7+AT7 -> 324.4 | AW7: =AU7-AU6 -> 2 | AX7: =AV7-AV6 -> -1.3 | BB7: =AN7+F7 -> 672.1
A8: 32912 | B8: 3066.6 | C8: 8561.6 | D8: =SUM(B8:C8) -> 11628.2 | E8: 6 | F8: =C8-C7 -> 494 | G8: =D8-D7 -> 413.3 | H8: =E8-E7 -> 0 | I8: =F8 -> 494 | L8: =H8+G8 -> 413.3 | Z8: 675 | AA8: 4388.9 | AB8: =AA8+Z8 -> 5063.9 | AC8: =AB8-AB7 -> 243.8 | AJ8: 32912 | AK8: 1167.5 | AL8: 1557.3 | AM8: =AL8+AK8 -> 2724.8 | AN8: =AL8-AL7 -> 29.2 | AO8: =AM8-AM7 -> 39.4 | AP8: =AM8/'[2]Soymeal Export Forecast'!P$15 -> 0.5123249 | AS8: 32912 | AT8: 59.1 | AU8: 266.9 | AV8: =AU8+AT8 -> 326 | AW8: =AU8-AU7 -> 27.9 | AX8: =AV8-AV7 -> 1.6 | BB8: =AN8+F8 -> 523.2
A9: 32919 | B9: 2979 | C9: 9106.8 | D9: =SUM(B9:C9) -> 12085.8 | E9: 6 | F9: =C9-C8 -> 545.2 | G9: =D9-D8 -> 457.6 | H9: =E9-E8 -> 0 | I9: =F9 -> 545.2 | L9: =H9+G9 -> 457.6 | Z9: 634.7 | AA9: 4791.3 | AB9: =AA9+Z9 -> 5426 | AC9: =AB9-AB8 -> 362.1 | AJ9: 32919 | AK9: 1010.3 | AL9: 1737.7 | AM9: =AL9+AK9 -> 2748 | AN9: =AL9-AL8 -> 180.4 | AO9: =AM9-AM8 -> 23.2 | AP9: =AM9/'[2]Soymeal Export Forecast'!P$15 -> 0.51668704 | AS9: 32919 | AT9: 93.2 | AU9: 267 | AV9: =AU9+AT9 -> 360.2 | AW9: =AU9-AU8 -> 0.1 | AX9: =AV9-AV8 -> 34.2 | BB9: =AN9+F9 -> 725.6
A10: 32926 | B10: 2917.2 | C10: 9668.5 | D10: =SUM(B10:C10) -> 12585.7 | E10: 6 | F10: =C10-C9 -> 561.7 | G10: =D10-D9 -> 499.9 | H10: =E10-E9 -> 0 | I10: =F10 -> 561.7 | L10: =H10+G10 -> 499.9 | Z10: 802.1 | AA10: 5058.1 | AB10: =AA10+Z10 -> 5860.2 | AC10: =AB10-AB9 -> 434.2 | AJ10: 32926 | AK10: 951.7 | AL10: 1835.4 | AM10: =AL10+AK10 -> 2787.1 | AN10: =AL10-AL9 -> 97.7 | AO10: =AM10-AM9 -> 39.1 | AP10: =AM10/'[2]Soymeal Export Forecast'!P$15 -> 0.52403873 | AS10: 32926 | AT10: 81.9 | AU10: 267 | AV10: =AU10+AT10 -> 348.9 | AW10: =AU10-AU9 -> 0 | AX10: =AV10-AV9 -> -11.3 | BB10: =AN10+F10 -> 659.4
A11: 32933 | B11: 2663.7 | C11: 10315.3 | D11: =SUM(B11:C11) -> 12979 | E11: 6 | F11: =C11-C10 -> 646.8 | G11: =D11-D10 -> 393.3 | H11: =E11-E10 -> 0 | I11: =F11 -> 646.8 | L11: =H11+G11 -> 393.3 | Z11: 794.1 | AA11: 5252.1 | AB11: =AA11+Z11 -> 6046.2 | AC11: =AB11-AB10 -> 186 | AJ11: 32933 | AK11: 853.2 | AL11: 2001.5 | AM11: =AL11+AK11 -> 2854.7 | AN11: =AL11-AL10 -> 166.1 | AO11: =AM11-AM10 -> 67.6 | AP11: =AM11/'[2]Soymeal Export Forecast'!P$15 -> 0.53674908 | AS11: 32933 | AT11: 84.7 | AU11: 237.8 | AV11: =AU11+AT11 -> 322.5 | AW11: =AU11-AU10 -> -29.2 | AX11: =AV11-AV10 -> -26.4 | BB11: =AN11+F11 -> 812.9
A12: 32940 | B12: 2494.8 | C12: 10878.5 | D12: =SUM(B12:C12) -> 13373.3 | E12: 6 | F12: =C12-C11 -> 563.2 | G12: =D12-D11 -> 394.3 | H12: =E12-E11 -> 0 | I12: =F12 -> 563.2 | L12: =H12+G12 -> 394.3 | Z12: 777.8 | AA12: 5594.7 | AB12: =AA12+Z12 -> 6372.5 | AC12: =AB12-AB11 -> 326.3 | AJ12: 32940 | AK12: 762 | AL12: 2118 | AM12: =AL12+AK12 -> 2880 | AN12: =AL12-AL11 -> 116.5 | AO12: =AM12-AM11 -> 25.3 | AP12: =AM12/'[2]Soymeal Export Forecast'!P$15 -> 0.54150606 | AS12: 32940 | AT12: 84.5 | AU12: 246.1 | AV12: =AU12+AT12 -> 330.6 | AW12: =AU12-AU11 -> 8.3 | AX12: =AV12-AV11 -> 8.1 | BB12: =AN12+F12 -> 679.7
A13: 32947 | B13: 2180.3 | C13: 11566.5 | D13: =SUM(B13:C13) -> 13746.8 | E13: 54 | F13: =C13-C12 -> 688 | G13: =D13-D12 -> 373.5 | H13: =E13-E12 -> 48 | I13: =F13 -> 688 | L13: =H13+G13 -> 421.5 | Z13: 741.7 | AA13: 5999.9 | AB13: =AA13+Z13 -> 6741.6 | AC13: =AB13-AB12 -> 369.1 | AJ13: 32947 | AK13: 697.9 | AL13: 2226.2 | AM13: =AL13+AK13 -> 2924.1 | AN13: =AL13-AL12 -> 108.2 | AO13: =AM13-AM12 -> 44.1 | AP13: =AM13/'[2]Soymeal Export Forecast'!P$15 -> 0.54979788 | AS13: 32947 | AT13: 74 | AU13: 254.3 | AV13: =AU13+AT13 -> 328.3 | AW13: =AU13-AU12 -> 8.2 | AX13: =AV13-AV12 -> -2.3 | BB13: =AN13+F13 -> 796.2
A14: 32954 | B14: 1845.4 | C14: 12022.8 | D14: =SUM(B14:C14) -> 13868.2 | E14: 58 | F14: =C14-C13 -> 456.3 | G14: =D14-D13 -> 121.4 | H14: =E14-E13 -> 4 | I14: =F14 -> 456.3 | L14: =H14+G14 -> 125.4 | Z14: 549.6 | AA14: 6343.4 | AB14: =AA14+Z14 -> 6893 | AC14: =AB14-AB13 -> 151.4 | AJ14: 32954 | AK14: 737.6 | AL14: 2273.1 | AM14: =AL14+AK14 -> 3010.7 | AN14: =AL14-AL13 -> 46.9 | AO14: =AM14-AM13 -> 86.6 | AP14: =AM14/'[2]Soymeal Export Forecast'!P$15 -> 0.56608066 | AS14: 32954 | AT14: 52.6 | AU14: 273.5 | AV14: =AU14+AT14 -> 326.1 | AW14: =AU14-AU13 -> 19.2 | AX14: =AV14-AV13 -> -2.2 | BB14: =AN14+F14 -> 503.2
A15: 32961 | B15: 1494.4 | C15: 12493 | D15: =SUM(B15:C15) -> 13987.4 | E15: 58 | F15: =C15-C14 -> 470.2 | G15: =D15-D14 -> 119.2 | H15: =E15-E14 -> 0 | I15: =F15 -> 470.2 | L15: =H15+G15 -> 119.2 | Z15: 465.3 | AA15: 6526.3 | AB15: =AA15+Z15 -> 6991.6 | AC15: =AB15-AB14 -> 98.6 | AJ15: 32961 | AK15: 608.3 | AL15: 2449.9 | AM15: =AL15+AK15 -> 3058.2 | AN15: =AL15-AL14 -> 176.8 | AO15: =AM15-AM14 -> 47.5 | AP15: =AM15/'[2]Soymeal Export Forecast'!P$15 -> 0.57501175 | AS15: 32961 | AT15: 28.3 | AU15: 272.8 | AV15: =AU15+AT15 -> 301.1 | AW15: =AU15-AU14 -> -0.7 | AX15: =AV15-AV14 -> -25 | BB15: =AN15+F15 -> 647
... A37: 33115 | B37: 308.2 | C37: 16771.6 | D37: =SUM(B37:C37) -> 17079.8 | E37: 1874.861 | F37: =C37-C36 -> 263.8 | G37: =D37-D36 -> 89.1 | H37: =E37-E36 -> 171.881 | I37: =F37 -> 263.8 | L37: =H37+G37 -> 260.981 | Z37: 0 | AA37: 7309.8 | AB37: =AA37+Z37 -> 7309.8 | AC37: =AB37-AB36 -> 14.2 | AJ37: 33115 | AK37: 236.5 | AL37: 4119.4 | AM37: =AL37+AK37 -> 4355.9 | AN37: =AL37-AL36 -> 58.7 | AO37: =AM37-AM36 -> 31 | AP37: =AM37/'[2]Soymeal Export Forecast'!P$15 -> 0.81900912 | AS37: 33115 | AT37: 19.3 | AU37: 483.1 | AV37: =AU37+AT37 -> 502.4 | AW37: =AU37-AU36 -> 0 | AX37: =AV37-AV36 -> 0 | BB37: =AN37+F37 -> 322.5
A38: 33122 | B38: 2236.8 | C38: 107.5 | D38: =SUM(B38:C38) -> 2344.3 | E38: 0 | F38: =C38 -> 107.5 | I38: =F38 -> 107.5 | Z38: 340.9 | AA38: 0 | AB38: =AA38+Z38 -> 340.9 | AJ38: 33122 | AK38: 263.4 | AL38: 4172.3 | AM38: =AL38+AK38 -> 4435.7 | AN38: =AL38-AL37 -> 52.9 | AO38: =AM38-AM37 -> 79.8 | AP38: =AM38/'[2]Soymeal Export Forecast'!P$15 -> 0.83401335 | AS38: 33122 | AT38: 38.2 | AU38: 483.6 | AV38: =AU38+AT38 -> 521.8 | AW38: =AU38-AU37 -> 0.5 | AX38: =AV38-AV37 -> 19.4 | BB38: =AN38+F38 -> 160.4
A39: 33129 | B39: 2142.5 | C39: 257.6 | D39: =SUM(B39:C39) -> 2400.1 | E39: 0 | F39: =C39-C38 -> 150.1 | G39: =D39-D38 -> 55.8 | H39: =E39-E38 -> 0 | I39: =F39 -> 150.1 | L39: =H39+G39 -> 55.8 | Z39: 340.9 | AA39: 0 | AB39: =AA39+Z39 -> 340.9 | AC39: =AB39-AB38 -> 0 | AJ39: 33129 | AK39: 225.7 | AL39: 4241.7 | AM39: =AL39+AK39 -> 4467.4 | AN39: =AL39-AL38 -> 69.4 | AO39: =AM39-AM38 -> 31.7 | AP39: =AM39/'[2]Soymeal Export Forecast'!P$15 -> 0.83997368 | AS39: 33129 | AT39: 23.3 | AU39: 497.2 | AV39: =AU39+AT39 -> 520.5 | AW39: =AU39-AU38 -> 13.6 | AX39: =AV39-AV38 -> -1.3 | BB39: =AN39+F39 -> 219.5
A40: 33136 | B40: 2045.5 | C40: 494.3 | D40: =SUM(B40:C40) -> 2539.8 | E40: 0 | F40: =C40-C39 -> 236.7 | G40: =D40-D39 -> 139.7 | H40: =E40-E39 -> 0 | I40: =F40 -> 236.7 | L40: =H40+G40 -> 139.7 | Z40: 343.9 | AA40: 17.8 | AB40: =AA40+Z40 -> 361.7 | AC40: =AB40-AB39 -> 20.8 | AJ40: 33136 | AK40: 197.7 | AL40: 4288.2 | AM40: =AL40+AK40 -> 4485.9 | AN40: =AL40-AL39 -> 46.5 | AO40: =AM40-AM39 -> 18.5 | AP40: =AM40/'[2]Soymeal Export Forecast'!P$15 -> 0.8434521 | AS40: 33136 | AT40: 33 | AU40: 500.5 | AV40: =AU40+AT40 -> 533.5 | AW40: =AU40-AU39 -> 3.3 | AX40: =AV40-AV39 -> 13 | BB40: =AN40+F40 -> 283.2
A41: 33143 | B41: 1954.7 | C41: 709.4 | D41: =SUM(B41:C41) -> 2664.1 | E41: 0 | F41: =C41-C40 -> 215.1 | G41: =D41-D40 -> 124.3 | H41: =E41-E40 -> 0 | I41: =F41 -> 215.1 | L41: =H41+G41 -> 124.3 | Z41: 343.9 | AA41: 17.8 | AB41: =AA41+Z41 -> 361.7 | AC41: =AB41-AB40 -> 0 | AJ41: 33143 | AK41: 138.1 | AL41: 4353.3 | AM41: =AL41+AK41 -> 4491.4 | AN41: =AL41-AL40 -> 65.1 | AO41: =AM41-AM40 -> 5.5 | AP41: =AM41/'[2]Soymeal Export Forecast'!P$15 -> 0.84448623 | AS41: 33143 | AT41: 4.7 | AU41: 529.2 | AV41: =AU41+AT41 -> 533.9 | AW41: =AU41-AU40 -> 28.7 | AX41: =AV41-AV40 -> 0.4 | BB41: =AN41+F41 -> 280.2
A42: 33150 | B42: 2164.9 | C42: 743.2 | D42: =SUM(B42:C42) -> 2908.1 | E42: 0 | F42: =C42-C41 -> 33.8 | G42: =D42-D41 -> 244 | H42: =E42-E41 -> 0 | I42: =F42 -> 33.8 | L42: =H42+G42 -> 244 | Z42: 362.5 | AA42: 37.1 | AB42: =AA42+Z42 -> 399.6 | AC42: =AB42-AB41 -> 37.9 | AJ42: 33150 | AK42: 577.9 | AL42: 10.3 | AM42: =AL42+AK42 -> 588.2 | AN42: =AL42 -> 10.3 | AP42: =AM42/'[2]Soymeal Export Forecast'!Q$15 -> 0.1075471 | AS42: 33150 | AT42: 47.1 | AU42: 0 | AV42: =AU42+AT42 -> 47.1 | AW42: =AU42 -> 0 | BB42: =AN42+F42 -> 44.1
A43: 33157 | B43: 2648.3 | C43: 970.6 | D43: =SUM(B43:C43) -> 3618.9 | E43: 0 | F43: =C43-C42 -> 227.4 | G43: =D43-D42 -> 710.8 | H43: =E43-E42 -> 0 | I43: =F43 -> 227.4 | L43: =H43+G43 -> 710.8 | Z43: 511.9 | AA43: 126.1 | AB43: =AA43+Z43 -> 638 | AC43: =AB43-AB42 -> 238.4 | AJ43: 33157 | AK43: 720.4 | AL43: 112.5 | AM43: =AL43+AK43 -> 832.9 | AN43: =AL43-AL42 -> 102.2 | AO43: =AM43-AM42 -> 244.7 | AP43: =AM43/'[2]Soymeal Export Forecast'!Q$15 -> 0.1522883 | AS43: 33157 | AT43: 44.6 | AU43: 0 | AV43: =AU43+AT43 -> 44.6 | AW43: =AU43-AU42 -> 0 | AX43: =AV43-AV42 -> -2.5 | BB43: =AN43+F43 -> 329.6
A44: 33164 | B44: 2722.7 | C44: 1098.6 | D44: =SUM(B44:C44) -> 3821.3 | E44: 0 | F44: =C44-C43 -> 128 | G44: =D44-D43 -> 202.4 | H44: =E44-E43 -> 0 | I44: =F44 -> 128 | L44: =H44+G44 -> 202.4 | Z44: 522.5 | AA44: 231 | AB44: =AA44+Z44 -> 753.5 | AC44: =AB44-AB43 -> 115.5 | AJ44: 33164 | AK44: 767.1 | AL44: 142.1 | AM44: =AL44+AK44 -> 909.2 | AN44: =AL44-AL43 -> 29.6 | AO44: =AM44-AM43 -> 76.3 | AP44: =AM44/'[2]Soymeal Export Forecast'!Q$15 -> 0.16623907 | AS44: 33164 | AT44: 45.8 | AU44: 0.1 | AV44: =AU44+AT44 -> 45.9 | AW44: =AU44-AU43 -> 0.1 | AX44: =AV44-AV43 -> 1.3 | BB44: =AN44+F44 -> 157.6
A45: 33171 | B45: 2980.2 | C45: 1278.2 | D45: =SUM(B45:C45) -> 4258.4 | E45: 15.24 | F45: =C45-C44 -> 179.6 | G45: =D45-D44 -> 437.1 | H45: =E45-E44 -> 15.24 | I45: =F45 -> 179.6 | L45: =H45+G45 -> 452.34 | Z45: 596.4 | AA45: 334.3 | AB45: =AA45+Z45 -> 930.7 | AC45: =AB45-AB44 -> 177.2 | AJ45: 33171 | AK45: 757.3 | AL45: 220.2 | AM45: =AL45+AK45 -> 977.5 | AN45: =AL45-AL44 -> 78.1 | AO45: =AM45-AM44 -> 68.3 | AP45: =AM45/'[2]Soymeal Export Forecast'!Q$15 -> 0.17872711 | AS45: 33171 | AT45: 45.8 | AU45: 0.1 | AV45: =AU45+AT45 -> 45.9 | AW45: =AU45-AU44 -> 0 | AX45: =AV45-AV44 -> 0 | BB45: =AN45+F45 -> 257.7
A46: 33178 | B46: 3139.3 | C46: 1497.6 | D46: =SUM(B46:C46) -> 4636.9 | E46: 15.24 | F46: =C46-C45 -> 219.4 | G46: =D46-D45 -> 378.5 | H46: =E46-E45 -> 0 | I46: =F46 -> 219.4 | L46: =H46+G46 -> 378.5 | Z46: 603.5 | AA46: 414.1 | AB46: =AA46+Z46 -> 1017.6 | AC46: =AB46-AB45 -> 86.9 | AJ46: 33178 | AK46: 797.7 | AL46: 266 | AM46: =AL46+AK46 -> 1063.7 | AN46: =AL46-AL45 -> 45.8 | AO46: =AM46-AM45 -> 86.2 | AP46: =AM46/'[2]Soymeal Export Forecast'!Q$15 -> 0.19448801 | AS46: 33178 | AT46: 20.7 | AU46: 26.3 | AV46: =AU46+AT46 -> 47 | AW46: =AU46-AU45 -> 26.2 | AX46: =AV46-AV45 -> 1.1 | BB46: =AN46+F46 -> 265.2
A47: 33185 | B47: 3220.6 | C47: 1899.8 | D47: =SUM(B47:C47) -> 5120.4 | E47: 15.24 | F47: =C47-C46 -> 402.2 | G47: =D47-D46 -> 483.5 | H47: =E47-E46 -> 0 | I47: =F47 -> 402.2 | L47: =H47+G47 -> 483.5 | Z47: 645.9 | AA47: 570.3 | AB47: =AA47+Z47 -> 1216.2 | AC47: =AB47-AB46 -> 198.6 | AJ47: 33185 | AK47: 763.9 | AL47: 372.4 | AM47: =AL47+AK47 -> 1136.3 | AN47: =AL47-AL46 -> 106.4 | AO47: =AM47-AM46 -> 72.6 | AP47: =AM47/'[2]Soymeal Export Forecast'!Q$15 -> 0.20776227 | AS47: 33185 | AT47: 10.1 | AU47: 38.3 | AV47: =AU47+AT47 -> 48.4 | AW47: =AU47-AU46 -> 12 | AX47: =AV47-AV46 -> 1.4 | BB47: =AN47+F47 -> 508.6
A48: 33192 | B48: 3552.4 | C48: 2230 | D48: =SUM(B48:C48) -> 5782.4 | E48: 15.24 | F48: =C48-C47 -> 330.2 | G48: =D48-D47 -> 662 | H48: =E48-E47 -> 0 | I48: =F48 -> 330.2 | L48: =H48+G48 -> 662 | Z48: 793.4 | AA48: 694.3 | AB48: =AA48+Z48 -> 1487.7 | AC48: =AB48-AB47 -> 271.5 | AJ48: 33192 | AK48: 724.4 | AL48: 497.5 | AM48: =AL48+AK48 -> 1221.9 | AN48: =AL48-AL47 -> 125.1 | AO48: =AM48-AM47 -> 85.6 | AP48: =AM48/'[2]Soymeal Export Forecast'!Q$15 -> 0.22341346 | AS48: 33192 | AT48: 10.3 | AU48: 40.6 | AV48: =AU48+AT48 -> 50.9 | AW48: =AU48-AU47 -> 2.3 | AX48: =AV48-AV47 -> 2.5 | BB48: =AN48+F48 -> 455.3
A49: 33199 | B49: 3265.6 | C49: 2756.1 | D49: =SUM(B49:C49) -> 6021.7 | E49: 15.24 | F49: =C49-C48 -> 526.1 | G49: =D49-D48 -> 239.3 | H49: =E49-E48 -> 0 | I49: =F49 -> 526.1 | L49: =H49+G49 -> 239.3 | Z49: 662 | AA49: 1089.1 | AB49: =AA49+Z49 -> 1751.1 | AC49: =AB49-AB48 -> 263.4 | AJ49: 33199 | AK49: 678.9 | AL49: 582.1 | AM49: =AL49+AK49 -> 1261 | AN49: =AL49-AL48 -> 84.6 | AO49: =AM49-AM48 -> 39.1 | AP49: =AM49/'[2]Soymeal Export Forecast'!Q$15 -> 0.23056255 | AS49: 33199 | AT49: 7.3 | AU49: 43.6 | AV49: =AU49+AT49 -> 50.9 | AW49: =AU49-AU48 -> 3 | AX49: =AV49-AV48 -> 0 | BB49: =AN49+F49 -> 610.7
A50: 33206 | B50: 3354.5 | C50: 3047.9 | D50: =SUM(B50:C50) -> 6402.4 | E50: 15.24 | F50: =C50-C49 -> 291.8 | G50: =D50-D49 -> 380.7 | H50: =E50-E49 -> 0 | I50: =F50 -> 291.8 | L50: =H50+G50 -> 380.7 | Z50: 645.5 | AA50: 1250.2 | AB50: =AA50+Z50 -> 1895.7 | AC50: =AB50-AB49 -> 144.6 | AJ50: 33206 | AK50: 618.9 | AL50: 697.5 | AM50: =AL50+AK50 -> 1316.4 | AN50: =AL50-AL49 -> 115.4 | AO50: =AM50-AM49 -> 55.4 | AP50: =AM50/'[2]Soymeal Export Forecast'!Q$15 -> 0.24069194 | AS50: 33206 | AT50: 7.5 | AU50: 46 | AV50: =AU50+AT50 -> 53.5 | AW50: =AU50-AU49 -> 2.4 | AX50: =AV50-AV49 -> 2.6 | BB50: =AN50+F50 -> 407.2
A51: 33213 | B51: 3256.9 | C51: 3456.9 | D51: =SUM(B51:C51) -> 6713.8 | E51: 15.24 | F51: =C51-C50 -> 409 | G51: =D51-D50 -> 311.4 | H51: =E51-E50 -> 0 | I51: =F51 -> 409 | L51: =H51+G51 -> 311.4 | Z51: 619.7 | AA51: 1505.8 | AB51: =AA51+Z51 -> 2125.5 | AC51: =AB51-AB50 -> 229.8 | AJ51: 33213 | AK51: 511.9 | AL51: 840.4 | AM51: =AL51+AK51 -> 1352.3 | AN51: =AL51-AL50 -> 142.9 | AO51: =AM51-AM50 -> 35.9 | AP51: =AM51/'[2]Soymeal Export Forecast'!Q$15 -> 0.24725593 | AS51: 33213 | AT51: 8 | AU51: 46 | AV51: =AU51+AT51 -> 54 | AW51: =AU51-AU50 -> 0 | AX51: =AV51-AV50 -> 0.5 | BB51: =AN51+F51 -> 551.9
A52: 33220 | B52: 3222.1 | C52: 3827.7 | D52: =SUM(B52:C52) -> 7049.8 | E52: 15.24 | F52: =C52-C51 -> 370.8 | G52: =D52-D51 -> 336 | H52: =E52-E51 -> 0 | I52: =F52 -> 370.8 | L52: =H52+G52 -> 336 | Z52: 662.1 | AA52: 1735 | AB52: =AA52+Z52 -> 2397.1 | AC52: =AB52-AB51 -> 271.6 | AJ52: 33220 | AK52: 439.6 | AL52: 947.4 | AM52: =AL52+AK52 -> 1387 | AN52: =AL52-AL51 -> 107 | AO52: =AM52-AM51 -> 34.7 | AP52: =AM52/'[2]Soymeal Export Forecast'!Q$15 -> 0.25360052 | AS52: 33220 | AT52: 9 | AU52: 46.1 | AV52: =AU52+AT52 -> 55.1 | AW52: =AU52-AU51 -> 0.1 | AX52: =AV52-AV51 -> 1.1 | BB52: =AN52+F52 -> 477.8
A53: 33227 | B53: 3195.4 | C53: 4253.4 | D53: =SUM(B53:C53) -> 7448.8 | E53: 15.24 | F53: =C53-C52 -> 425.7 | G53: =D53-D52 -> 399 | H53: =E53-E52 -> 0 | I53: =F53 -> 425.7 | L53: =H53+G53 -> 399 | Z53: 682.2 | AA53: 1998.5 | AB53: =AA53+Z53 -> 2680.7 | AC53: =AB53-AB52 -> 283.6 | AJ53: 33227 | AK53: 487.9 | AL53: 1060.1 | AM53: =AL53+AK53 -> 1548 | AN53: =AL53-AL52 -> 112.7 | AO53: =AM53-AM52 -> 161 | AP53: =AM53/'[2]Soymeal Export Forecast'!Q$15 -> 0.28303792 | AS53: 33227 | AT53: 9 | AU53: 46.1 | AV53: =AU53+AT53 -> 55.1 | AW53: =AU53-AU52 -> 0 | AX53: =AV53-AV52 -> 0 | BB53: =AN53+F53 -> 538.4
A54: 33234 | B54: 3064.8 | C54: 4533.7 | D54: =SUM(B54:C54) -> 7598.5 | E54: 15.24 | F54: =C54-C53 -> 280.3 | G54: =D54-D53 -> 149.7 | H54: =E54-E53 -> 0 | I54: =F54 -> 280.3 | L54: =H54+G54 -> 149.7 | Z54: 595.5 | AA54: 2148.5 | AB54: =AA54+Z54 -> 2744 | AC54: =AB54-AB53 -> 63.3 | AJ54: 33234 | AK54: 538.5 | AL54: 1101.1 | AM54: =AL54+AK54 -> 1639.6 | AN54: =AL54-AL53 -> 41 | AO54: =AM54-AM53 -> 91.6 | AP54: =AM54/'[2]Soymeal Export Forecast'!Q$15 -> 0.29978616 | AS54: 33234 | AT54: 6.9 | AU54: 48.1 | AV54: =AU54+AT54 -> 55 | AW54: =AU54-AU53 -> 2 | AX54: =AV54-AV53 -> -0.1 | BB54: =AN54+F54 -> 321.3
... A89: 33479 | B89: 307.3 | C89: 15161.1 | D89: =SUM(B89:C89) -> 15468.4 | E89: 2210.39 | F89: =C89-C88 -> 367.7 | G89: =D89-D88 -> 39.3 | H89: =E89-E88 -> 125.49 | I89: =F89 -> 367.7 | L89: =H89+G89 -> 164.79 | Z89: 0 | AA89: 5417.8 | AB89: =AA89+Z89 -> 5417.8 | AC89: =AB89-AB88 -> -1 | AJ89: 33479 | AK89: 623.2 | AL89: 4162.5 | AM89: =AL89+AK89 -> 4785.7 | AN89: =AL89-AL88 -> 153.5 | AO89: =AM89-AM88 -> 10.6 | AP89: =AM89/'[2]Soymeal Export Forecast'!Q$15 -> 0.87502235 | AS89: 33479 | AT89: 51.4 | AU89: 194 | AV89: =AU89+AT89 -> 245.4 | AW89: =AU89-AU88 -> 2.4 | AX89: =AV89-AV88 -> -0.6 | BB89: =AN89+F89 -> 521.2
A90: 33486 | B90: 2660.7 | C90: 67 | D90: =SUM(B90:C90) -> 2727.7 | E90: 0 | F90: =C90 -> 67 | I90: =F90 -> 67 | Z90: 822.2 | AA90: 16.3 | AB90: =AA90+Z90 -> 838.5 | AJ90: 33486 | AK90: 513.7 | AL90: 4282.4 | AM90: =AL90+AK90 -> 4796.1 | AN90: =AL90-AL89 -> 119.9 | AO90: =AM90-AM89 -> 10.4 | AP90: =AM90/'[2]Soymeal Export Forecast'!Q$15 -> 0.87692389 | AS90: 33486 | AT90: 48.4 | AU90: 210.9 | AV90: =AU90+AT90 -> 259.3 | AW90: =AU90-AU89 -> 16.9 | AX90: =AV90-AV89 -> 13.9 | BB90: =AN90+F90 -> 186.9
A91: 33493 | B91: 2874.8 | C91: 126.4 | D91: =SUM(B91:C91) -> 3001.2 | E91: 0 | F91: =C91-C90 -> 59.4 | G91: =D91-D90 -> 273.5 | H91: =E91-E90 -> 0 | I91: =F91 -> 59.4 | L91: =H91+G91 -> 273.5 | Z91: 939.9 | AA91: 24.4 | AB91: =AA91+Z91 -> 964.3 | AC91: =AB91-AB90 -> 125.8 | AJ91: 33493 | AK91: 438.1 | AL91: 4397.5 | AM91: =AL91+AK91 -> 4835.6 | AN91: =AL91-AL90 -> 115.1 | AO91: =AM91-AM90 -> 39.5 | AP91: =AM91/'[2]Soymeal Export Forecast'!Q$15 -> 0.88414611 | AS91: 33493 | AT91: 41.1 | AU91: 217.9 | AV91: =AU91+AT91 -> 259 | AW91: =AU91-AU90 -> 7 | AX91: =AV91-AV90 -> -0.3 | BB91: =AN91+F91 -> 174.5
A92: 33500 | B92: 3200.9 | C92: 292.1 | D92: =SUM(B92:C92) -> 3493 | E92: 0 | F92: =C92-C91 -> 165.7 | G92: =D92-D91 -> 491.8 | H92: =E92-E91 -> 0 | I92: =F92 -> 165.7 | L92: =H92+G92 -> 491.8 | Z92: 995.3 | AA92: 77.5 | AB92: =AA92+Z92 -> 1072.8 | AC92: =AB92-AB91 -> 108.5 | AJ92: 33500 | AK92: 291 | AL92: 4580.3 | AM92: =AL92+AK92 -> 4871.3 | AN92: =AL92-AL91 -> 182.8 | AO92: =AM92-AM91 -> 35.7 | AP92: =AM92/'[2]Soymeal Export Forecast'!Q$15 -> 0.89067354 | AS92: 33500 | AT92: 41.2 | AU92: 219 | AV92: =AU92+AT92 -> 260.2 | AW92: =AU92-AU91 -> 1.1 | AX92: =AV92-AV91 -> 1.2 | BB92: =AN92+F92 -> 348.5
A93: 33507 | B93: 3408.5 | C93: 566.9 | D93: =SUM(B93:C93) -> 3975.4 | E93: 0 | F93: =C93-C92 -> 274.8 | G93: =D93-D92 -> 482.4 | H93: =E93-E92 -> 0 | I93: =F93 -> 274.8 | L93: =H93+G93 -> 482.4 | Z93: 1075.6 | AA93: 182.8 | AB93: =AA93+Z93 -> 1258.4 | AC93: =AB93-AB92 -> 185.6 | AJ93: 33507 | AK93: 200.4 | AL93: 4705.3 | AM93: =AL93+AK93 -> 4905.7 | AN93: =AL93-AL92 -> 125 | AO93: =AM93-AM92 -> 34.4 | AP93: =AM93/'[2]Soymeal Export Forecast'!Q$15 -> 0.89696327 | AS93: 33507 | AT93: 28 | AU93: 226.7 | AV93: =AU93+AT93 -> 254.7 | AW93: =AU93-AU92 -> 7.7 | AX93: =AV93-AV92 -> -5.5 | BB93: =AN93+F93 -> 399.8
A94: 33514 | B94: 3642.8 | C94: 806.1 | D94: =SUM(B94:C94) -> 4448.9 | E94: 0 | F94: =C94-C93 -> 239.2 | G94: =D94-D93 -> 473.5 | H94: =E94-E93 -> 0 | I94: =F94 -> 239.2 | L94: =H94+G94 -> 473.5 | Z94: 1249.9 | AA94: 218.9 | AB94: =AA94+Z94 -> 1468.8 | AC94: =AB94-AB93 -> 210.4 | AJ94: 33514 | AK94: 800.4 | AL94: 42.5 | AM94: =AL94+AK94 -> 842.9 | AN94: =AL94 -> 42.5 | AP94: =AM94/'[2]Soymeal Export Forecast'!R$15 -> 0.11869948 | AS94: 33514 | AT94: 53.2 | AU94: 7 | AV94: =AU94+AT94 -> 60.2 | AW94: =AU94 -> 7 | BB94: =AN94+F94 -> 281.7
A95: 33521 | B95: 4014.3 | C95: 1225.9 | D95: =SUM(B95:C95) -> 5240.2 | E95: 0 | F95: =C95-C94 -> 419.8 | G95: =D95-D94 -> 791.3 | H95: =E95-E94 -> 0 | I95: =F95 -> 419.8 | L95: =H95+G95 -> 791.3 | Z95: 1343.6 | AA95: 441.7 | AB95: =AA95+Z95 -> 1785.3 | AC95: =AB95-AB94 -> 316.5 | AJ95: 33521 | AK95: 1180.4 | AL95: 162 | AM95: =AL95+AK95 -> 1342.4 | AN95: =AL95-AL94 -> 119.5 | AO95: =AM95-AM94 -> 499.5 | AP95: =AM95/'[2]Soymeal Export Forecast'!R$15 -> 0.18904043 | AS95: 33521 | AT95: 43.5 | AU95: 19.6 | AV95: =AU95+AT95 -> 63.1 | AW95: =AU95-AU94 -> 12.6 | AX95: =AV95-AV94 -> 2.9 | BB95: =AN95+F95 -> 539.3
A96: 33528 | B96: 4240.5 | C96: 1488.2 | D96: =SUM(B96:C96) -> 5728.7 | E96: 25.4 | F96: =C96-C95 -> 262.3 | G96: =D96-D95 -> 488.5 | H96: =E96-E95 -> 25.4 | I96: =F96 -> 262.3 | L96: =H96+G96 -> 513.9 | Z96: 1296.4 | AA96: 607.3 | AB96: =AA96+Z96 -> 1903.7 | AC96: =AB96-AB95 -> 118.4 | AJ96: 33528 | AK96: 1198.6 | AL96: 212.6 | AM96: =AL96+AK96 -> 1411.2 | AN96: =AL96-AL95 -> 50.6 | AO96: =AM96-AM95 -> 68.8 | AP96: =AM96/'[2]Soymeal Export Forecast'!R$15 -> 0.19872904 | AS96: 33528 | AT96: 54.4 | AU96: 20.9 | AV96: =AU96+AT96 -> 75.3 | AW96: =AU96-AU95 -> 1.3 | AX96: =AV96-AV95 -> 12.2 | BB96: =AN96+F96 -> 312.9
A97: 33535 | B97: 4030 | C97: 2136.3 | D97: =SUM(B97:C97) -> 6166.3 | E97: 25.4 | F97: =C97-C96 -> 648.1 | G97: =D97-D96 -> 437.6 | H97: =E97-E96 -> 0 | I97: =F97 -> 648.1 | L97: =H97+G97 -> 437.6 | Z97: 1268.9 | AA97: 878.4 | AB97: =AA97+Z97 -> 2147.3 | AC97: =AB97-AB96 -> 243.6 | AJ97: 33535 | AK97: 1078.9 | AL97: 367.6 | AM97: =AL97+AK97 -> 1446.5 | AN97: =AL97-AL96 -> 155 | AO97: =AM97-AM96 -> 35.3 | AP97: =AM97/'[2]Soymeal Export Forecast'!R$15 -> 0.20370008 | AS97: 33535 | AT97: 66.7 | AU97: 21.5 | AV97: =AU97+AT97 -> 88.2 | AW97: =AU97-AU96 -> 0.6 | AX97: =AV97-AV96 -> 12.9 | BB97: =AN97+F97 -> 803.1
A98: 33542 | B98: 4249.5 | C98: 2372.4 | D98: =SUM(B98:C98) -> 6621.9 | E98: 25.4 | F98: =C98-C97 -> 236.1 | G98: =D98-D97 -> 455.6 | H98: =E98-E97 -> 0 | I98: =F98 -> 236.1 | L98: =H98+G98 -> 455.6 | Z98: 1318.3 | AA98: 964.9 | AB98: =AA98+Z98 -> 2283.2 | AC98: =AB98-AB97 -> 135.9 | AJ98: 33542 | AK98: 989.7 | AL98: 498.1 | AM98: =AL98+AK98 -> 1487.8 | AN98: =AL98-AL97 -> 130.5 | AO98: =AM98-AM97 -> 41.3 | AP98: =AM98/'[2]Soymeal Export Forecast'!R$15 -> 0.20951606 | AS98: 33542 | AT98: 56.4 | AU98: 40.7 | AV98: =AU98+AT98 -> 97.1 | AW98: =AU98-AU97 -> 19.2 | AX98: =AV98-AV97 -> 8.9 | BB98: =AN98+F98 -> 366.6
A99: 33549 | B99: 4194.3 | C99: 2849.4 | D99: =SUM(B99:C99) -> 7043.7 | E99: 25.4 | F99: =C99-C98 -> 477 | G99: =D99-D98 -> 421.8 | H99: =E99-E98 -> 0 | I99: =F99 -> 477 | L99: =H99+G99 -> 421.8 | Z99: 1317.6 | AA99: 1222.9 | AB99: =AA99+Z99 -> 2540.5 | AC99: =AB99-AB98 -> 257.3 | AJ99: 33549 | AK99: 848.3 | AL99: 678.2 | AM99: =AL99+AK99 -> 1526.5 | AN99: =AL99-AL98 -> 180.1 | AO99: =AM99-AM98 -> 38.7 | AP99: =AM99/'[2]Soymeal Export Forecast'!R$15 -> 0.2149659 | AS99: 33549 | AT99: 48.7 | AU99: 53.4 | AV99: =AU99+AT99 -> 102.1 | AW99: =AU99-AU98 -> 12.7 | AX99: =AV99-AV98 -> 5 | BB99: =AN99+F99 -> 657.1
A100: 33556 | B100: 4208.9 | C100: 3408.4 | D100: =SUM(B100:C100) -> 7617.3 | E100: 25.4 | F100: =C100-C99 -> 559 | G100: =D100-D99 -> 573.6 | H100: =E100-E99 -> 0 | I100: =F100 -> 559 | L100: =H100+G100 -> 573.6 | Z100: 1209.9 | AA100: 1653.1 | AB100: =AA100+Z100 -> 2863 | AC100: =AB100-AB99 -> 322.5 | AJ100: 33556 | AK100: 784.6 | AL100: 814.3 | AM100: =AL100+AK100 -> 1598.9 | AN100: =AL100-AL99 -> 136.1 | AO100: =AM100-AM99 -> 72.4 | AP100: =AM100/'[2]Soymeal Export Forecast'!R$15 -> 0.22516146 | AS100: 33556 | AT100: 63.9 | AU100: 53.9 | AV100: =AU100+AT100 -> 117.8 | AW100: =AU100-AU99 -> 0.5 | AX100: =AV100-AV99 -> 15.7 | BB100: =AN100+F100 -> 695.1
A101: 33563 | B101: 4377.8 | C101: 3778.5 | D101: =SUM(B101:C101) -> 8156.3 | E101: 25.4 | F101: =C101-C100 -> 370.1 | G101: =D101-D100 -> 539 | H101: =E101-E100 -> 0 | I101: =F101 -> 370.1 | L101: =H101+G101 -> 539 | Z101: 1204.5 | AA101: 1848.7 | AB101: =AA101+Z101 -> 3053.2 | AC101: =AB101-AB100 -> 190.2 | AJ101: 33563 | AK101: 719.9 | AL101: 938.4 | AM101: =AL101+AK101 -> 1658.3 | AN101: =AL101-AL100 -> 124.1 | AO101: =AM101-AM100 -> 59.4 | AP101: =AM101/'[2]Soymeal Export Forecast'!R$15 -> 0.23352633 | AS101: 33563 | AT101: 68.4 | AU101: 59.5 | AV101: =AU101+AT101 -> 127.9 | AW101: =AU101-AU100 -> 5.6 | AX101: =AV101-AV100 -> 10.1 | BB101: =AN101+F101 -> 494.2
A102: 33570 | B102: 4394.8 | C102: 4069.6 | D102: =SUM(B102:C102) -> 8464.4 | E102: 25.4 | F102: =C102-C101 -> 291.1 | G102: =D102-D101 -> 308.1 | H102: =E102-E101 -> 0 | I102: =F102 -> 291.1 | L102: =H102+G102 -> 308.1 | Z102: 1225.5 | AA102: 1964.2 | AB102: =AA102+Z102 -> 3189.7 | AC102: =AB102-AB101 -> 136.5 | AJ102: 33570 | AK102: 659.2 | AL102: 997.1 | AM102: =AL102+AK102 -> 1656.3 | AN102: =AL102-AL101 -> 58.7 | AO102: =AM102-AM101 -> -2 | AP102: =AM102/'[2]Soymeal Export Forecast'!R$15 -> 0.23324469 | AS102: 33570 | AT102: 61.7 | AU102: 66.2 | AV102: =AU102+AT102 -> 127.9 | AW102: =AU102-AU101 -> 6.7 | AX102: =AV102-AV101 -> 0 | BB102: =AN102+F102 -> 349.8
A103: 33577 | B103: 4156.8 | C103: 4929.8 | D103: =SUM(B103:C103) -> 9086.6 | E103: 25.4 | F103: =C103-C102 -> 860.2 | G103: =D103-D102 -> 622.2 | H103: =E103-E102 -> 0 | I103: =F103 -> 860.2 | L103: =H103+G103 -> 622.2 | Z103: 1227.4 | AA103: 2404.3 | AB103: =AA103+Z103 -> 3631.7 | AC103: =AB103-AB102 -> 442 | AJ103: 33577 | AK103: 948.2 | AL103: 1124.8 | AM103: =AL103+AK103 -> 2073 | AN103: =AL103-AL102 -> 127.7 | AO103: =AM103-AM102 -> 416.7 | AP103: =AM103/'[2]Soymeal Export Forecast'!R$15 -> 0.29192552 | AS103: 33577 | AT103: 109.8 | AU103: 71.7 | AV103: =AU103+AT103 -> 181.5 | AW103: =AU103-AU102 -> 5.5 | AX103: =AV103-AV102 -> 53.6 | BB103: =AN103+F103 -> 987.9
A104: 33584 | B104: 4143.3 | C104: 5569.8 | D104: =SUM(B104:C104) -> 9713.1 | E104: 25.4 | F104: =C104-C103 -> 640 | G104: =D104-D103 -> 626.5 | H104: =E104-E103 -> 0 | I104: =F104 -> 640 | L104: =H104+G104 -> 626.5 | Z104: 1055.2 | AA104: 2725.1 | AB104: =AA104+Z104 -> 3780.3 | AC104: =AB104-AB103 -> 148.6 | AJ104: 33584 | AK104: 869.1 | AL104: 1290.5 | AM104: =AL104+AK104 -> 2159.6 | AN104: =AL104-AL103 -> 165.7 | AO104: =AM104-AM103 -> 86.6 | AP104: =AM104/'[2]Soymeal Export Forecast'!R$15 -> 0.30412077 | AS104: 33584 | AT104: 141.9 | AU104: 71.8 | AV104: =AU104+AT104 -> 213.7 | AW104: =AU104-AU103 -> 0.1 | AX104: =AV104-AV103 -> 32.2 | BB104: =AN104+F104 -> 805.7
A105: 33591 | B105: 3948.3 | C105: 6212.7 | D105: =SUM(B105:C105) -> 10161 | E105: 25.4 | F105: =C105-C104 -> 642.9 | G105: =D105-D104 -> 447.9 | H105: =E105-E104 -> 0 | I105: =F105 -> 642.9 | L105: =H105+G105 -> 447.9 | Z105: 1067.5 | AA105: 2991.3 | AB105: =AA105+Z105 -> 4058.8 | AC105: =AB105-AB104 -> 278.5 | AJ105: 33591 | AK105: 818.7 | AL105: 1437.9 | AM105: =AL105+AK105 -> 2256.6 | AN105: =AL105-AL104 -> 147.4 | AO105: =AM105-AM104 -> 97 | AP105: =AM105/'[2]Soymeal Export Forecast'!R$15 -> 0.31778057 | AS105: 33591 | AT105: 137.9 | AU105: 89.2 | AV105: =AU105+AT105 -> 227.1 | AW105: =AU105-AU104 -> 17.4 | AX105: =AV105-AV104 -> 13.4 | BB105: =AN105+F105 -> 790.3
A106: 33598 | B106: 3914.4 | C106: 6528.7 | D106: =SUM(B106:C106) -> 10443.1 | E106: 25.4 | F106: =C106-C105 -> 316 | G106: =D106-D105 -> 282.1 | H106: =E106-E105 -> 0 | I106: =F106 -> 316 | L106: =H106+G106 -> 282.1 | Z106: 1070.9 | AA106: 3087.8 | AB106: =AA106+Z106 -> 4158.7 | AC106: =AB106-AB105 -> 99.9 | AJ106: 33598 | AK106: 721.7 | AL106: 1551.5 | AM106: =AL106+AK106 -> 2273.2 | AN106: =AL106-AL105 -> 113.6 | AO106: =AM106-AM105 -> 16.6 | AP106: =AM106/'[2]Soymeal Export Forecast'!R$15 -> 0.32011823 | AS106: 33598 | AT106: 170.8 | AU106: 101.8 | AV106: =AU106+AT106 -> 272.6 | AW106: =AU106-AU105 -> 12.6 | AX106: =AV106-AV105 -> 45.5 | BB106: =AN106+F106 -> 429.6
... A141: 33843 | B141: 1089.9 | C141: 18712.6 | D141: =SUM(B141:C141) -> 19802.5 | E141: 4083.704 | F141: =C141-C140 -> 153.6 | G141: =D141-D140 -> 43.5 | H141: =E141-E140 -> 529.393 | I141: =F141 -> 153.6 | L141: =H141+G141 -> 572.893 | Z141: 36.2 | AA141: 7320 | AB141: =AA141+Z141 -> 7356.2 | AC141: =AB141-AB140 -> 2.1 | AJ141: 33843 | AK141: 467.7 | AL141: 5226.8 | AM141: =AL141+AK141 -> 5694.5 | AN141: =AL141-AL140 -> 70.9 | AO141: =AM141-AM140 -> 31.5 | AP141: =AM141/'[2]Soymeal Export Forecast'!R$15 -> 0.80191503 | AS141: 33843 | AT141: 25.7 | AU141: 484.8 | AV141: =AU141+AT141 -> 510.5 | AW141: =AU141-AU140 -> 31.4 | AX141: =AV141-AV140 -> 1.1 | BB141: =AN141+F141 -> 224.5
A142: 33850 | B142: 5222.4 | C142: 187.1 | D142: =SUM(B142:C142) -> 5409.5 | E142: 0 | F142: =C142 -> 187.1 | I142: =F142 -> 187.1 | Z142: 1683.6 | AA142: 0 | AB142: =AA142+Z142 -> 1683.6 | AJ142: 33850 | AK142: 422.4 | AL142: 5291.8 | AM142: =AL142+AK142 -> 5714.2 | AN142: =AL142-AL141 -> 65 | AO142: =AM142-AM141 -> 19.7 | AP142: =AM142/'[2]Soymeal Export Forecast'!R$15 -> 0.80468924 | AS142: 33850 | AT142: 42 | AU142: 484.8 | AV142: =AU142+AT142 -> 526.8 | AW142: =AU142-AU141 -> 0 | AX142: =AV142-AV141 -> 16.3 | BB142: =AN142+F142 -> 252.1
A143: 33857 | B143: 5108 | C143: 606.4 | D143: =SUM(B143:C143) -> 5714.4 | E143: 0 | F143: =C143-C142 -> 419.3 | G143: =D143-D142 -> 304.9 | H143: =E143-E142 -> 0 | I143: =F143 -> 419.3 | L143: =H143+G143 -> 304.9 | P143: 100 | Q143: 33.8 | R143: =Q143+P143 -> 133.8 | Z143: 1691.4 | AA143: 165.2 | AB143: =AA143+Z143 -> 1856.6 | AC143: =AB143-AB142 -> 173 | AE143: =B143-P143-Z143 -> 3316.6 | AF143: =C143-Q143-AA143 -> 407.4 | AG143: =D143-R143-AB143 -> 3724 | AJ143: 33857 | AK143: 346.5 | AL143: 5398.1 | AM143: =AL143+AK143 -> 5744.6 | AN143: =AL143-AL142 -> 106.3 | AO143: =AM143-AM142 -> 30.4 | AP143: =AM143/'[2]Soymeal Export Forecast'!R$15 -> 0.80897025 | AS143: 33857 | AT143: 37.3 | AU143: 495 | AV143: =AU143+AT143 -> 532.3 | AW143: =AU143-AU142 -> 10.2 | AX143: =AV143-AV142 -> 5.5 | BB143: =AN143+F143 -> 525.6
A144: 33864 | B144: 5225.6 | C144: 920.1 | D144: =SUM(B144:C144) -> 6145.7 | E144: 0 | F144: =C144-C143 -> 313.7 | G144: =D144-D143 -> 431.3 | H144: =E144-E143 -> 0 | I144: =F144 -> 313.7 | L144: =H144+G144 -> 431.3 | P144: 65 | Q144: 70.5 | R144: =Q144+P144 -> 135.5 | S144: =R144-R143 -> 1.7 | T144: =Q144-Q143 -> 36.7 | Z144: 1612.6 | AA144: 339.6 | AB144: =AA144+Z144 -> 1952.2 | AC144: =AB144-AB143 -> 95.6 | AE144: =B144-P144-Z144 -> 3548 | AF144: =C144-Q144-AA144 -> 510 | AG144: =D144-R144-AB144 -> 4058 | AH144: =AG144-AG143 -> 334 | AJ144: 33864 | AK144: 437.8 | AL144: 5440.6 | AM144: =AL144+AK144 -> 5878.4 | AN144: =AL144-AL143 -> 42.5 | AO144: =AM144-AM143 -> 133.8 | AP144: =AM144/'[2]Soymeal Export Forecast'!R$15 -> 0.82781233 | AS144: 33864 | AT144: 37.6 | AU144: 495 | AV144: =AU144+AT144 -> 532.6 | AW144: =AU144-AU143 -> 0 | AX144: =AV144-AV143 -> 0.3 | BB144: =AN144+F144 -> 356.2
A145: 33871 | B145: 5180.9 | C145: 1224.4 | D145: =SUM(B145:C145) -> 6405.3 | E145: 0 | F145: =C145-C144 -> 304.3 | G145: =D145-D144 -> 259.6 | H145: =E145-E144 -> 0 | I145: =F145 -> 304.3 | L145: =H145+G145 -> 259.6 | P145: 65 | Q145: 70.5 | R145: =Q145+P145 -> 135.5 | S145: =R145-R144 -> 0 | T145: =Q145-Q144 -> 0 | Z145: 1622.4 | AA145: 598.1 | AB145: =AA145+Z145 -> 2220.5 | AC145: =AB145-AB144 -> 268.3 | AE145: =B145-P145-Z145 -> 3493.5 | AF145: =C145-Q145-AA145 -> 555.8 | AG145: =D145-R145-AB145 -> 4049.3 | AH145: =AG145-AG144 -> -8.7 | AJ145: 33871 | AK145: 433.4 | AL145: 5485.8 | AM145: =AL145+AK145 -> 5919.2 | AN145: =AL145-AL144 -> 45.2 | AO145: =AM145-AM144 -> 40.8 | AP145: =AM145/'[2]Soymeal Export Forecast'!R$15 -> 0.8335579 | AS145: 33871 | AT145: 35.7 | AU145: 500.3 | AV145: =AU145+AT145 -> 536 | AW145: =AU145-AU144 -> 5.3 | AX145: =AV145-AV144 -> 3.4 | BB145: =AN145+F145 -> 349.5
A146: 33878 | B146: 5699.3 | C146: 1464 | D146: =SUM(B146:C146) -> 7163.3 | E146: 0 | F146: =C146-C145 -> 239.6 | G146: =D146-D145 -> 758 | H146: =E146-E145 -> 0 | I146: =F146 -> 239.6 | L146: =H146+G146 -> 758 | P146: 65 | Q146: 70.5 | R146: =Q146+P146 -> 135.5 | S146: =R146-R145 -> 0 | T146: =Q146-Q145 -> 0 | Z146: 1803.6 | AA146: 817.3 | AB146: =AA146+Z146 -> 2620.9 | AC146: =AB146-AB145 -> 400.4 | AE146: =B146-P146-Z146 -> 3830.7 | AF146: =C146-Q146-AA146 -> 576.2 | AG146: =D146-R146-AB146 -> 4406.9 | AH146: =AG146-AG145 -> 357.6 | AJ146: 33878 | AK146: 819.2 | AL146: 27.1 | AM146: =AL146+AK146 -> 846.3 | AN146: =AL146 -> 27.1 | AP146: =AM146/'[2]Soymeal Export Forecast'!S$15 -> 0.13227169 | AS146: 33878 | AT146: 109.1 | AU146: 0 | AV146: =AU146+AT146 -> 109.1 | AW146: =AU146 -> 0 | BB146: =AN146+F146 -> 266.7
A147: 33885 | B147: 6408 | C147: 1927 | D147: =SUM(B147:C147) -> 8335 | E147: 0 | F147: =C147-C146 -> 463 | G147: =D147-D146 -> 1171.7 | H147: =E147-E146 -> 0 | I147: =F147 -> 463 | L147: =H147+G147 -> 1171.7 | P147: 0 | Q147: 70.5 | R147: =Q147+P147 -> 70.5 | S147: =R147-R146 -> -65 | T147: =Q147-Q146 -> 0 | Z147: 1979.7 | AA147: 1181 | AB147: =AA147+Z147 -> 3160.7 | AC147: =AB147-AB146 -> 539.8 | AE147: =B147-P147-Z147 -> 4428.3 | AF147: =C147-Q147-AA147 -> 675.5 | AG147: =D147-R147-AB147 -> 5103.8 | AH147: =AG147-AG146 -> 696.9 | AJ147: 33885 | AK147: 943.6 | AL147: 144.7 | AM147: =AL147+AK147 -> 1088.3 | AN147: =AL147-AL146 -> 117.6 | AO147: =AM147-AM146 -> 242 | AP147: =AM147/'[2]Soymeal Export Forecast'!S$15 -> 0.17009486 | AS147: 33885 | AT147: 91.1 | AU147: 18.5 | AV147: =AU147+AT147 -> 109.6 | AW147: =AU147-AU146 -> 18.5 | AX147: =AV147-AV146 -> 0.5 | BB147: =AN147+F147 -> 580.6
A148: 33892 | B148: 6153.1 | C148: 2529 | D148: =SUM(B148:C148) -> 8682.1 | E148: 0 | F148: =C148-C147 -> 602 | G148: =D148-D147 -> 347.1 | H148: =E148-E147 -> 0 | I148: =F148 -> 602 | L148: =H148+G148 -> 347.1 | P148: 0 | Q148: 70.5 | R148: =Q148+P148 -> 70.5 | S148: =R148-R147 -> 0 | T148: =Q148-Q147 -> 0 | Z148: 1884.9 | AA148: 1492.2 | AB148: =AA148+Z148 -> 3377.1 | AC148: =AB148-AB147 -> 216.4 | AE148: =B148-P148-Z148 -> 4268.2 | AF148: =C148-Q148-AA148 -> 966.3 | AG148: =D148-R148-AB148 -> 5234.5 | AH148: =AG148-AG147 -> 130.7 | AJ148: 33892 | AK148: 1071.7 | AL148: 273 | AM148: =AL148+AK148 -> 1344.7 | AN148: =AL148-AL147 -> 128.3 | AO148: =AM148-AM147 -> 256.4 | AP148: =AM148/'[2]Soymeal Export Forecast'!S$15 -> 0.21016867 | AS148: 33892 | AT148: 92.7 | AU148: 24.7 | AV148: =AU148+AT148 -> 117.4 | AW148: =AU148-AU147 -> 6.2 | AX148: =AV148-AV147 -> 7.8 | BB148: =AN148+F148 -> 730.3
A149: 33899 | B149: 6288.4 | C149: 2941.8 | D149: =SUM(B149:C149) -> 9230.2 | E149: 0 | F149: =C149-C148 -> 412.8 | G149: =D149-D148 -> 548.1 | H149: =E149-E148 -> 0 | I149: =F149 -> 412.8 | L149: =H149+G149 -> 548.1 | P149: 0 | Q149: 70.5 | R149: =Q149+P149 -> 70.5 | S149: =R149-R148 -> 0 | T149: =Q149-Q148 -> 0 | Z149: 1864.7 | AA149: 1733.4 | AB149: =AA149+Z149 -> 3598.1 | AC149: =AB149-AB148 -> 221 | AE149: =B149-P149-Z149 -> 4423.7 | AF149: =C149-Q149-AA149 -> 1137.9 | AG149: =D149-R149-AB149 -> 5561.6 | AH149: =AG149-AG148 -> 327.1 | AJ149: 33899 | AK149: 1138.1 | AL149: 426.4 | AM149: =AL149+AK149 -> 1564.5 | AN149: =AL149-AL148 -> 153.4 | AO149: =AM149-AM148 -> 219.8 | AP149: =AM149/'[2]Soymeal Export Forecast'!S$15 -> 0.24452211 | AS149: 33899 | AT149: 79.7 | AU149: 39.8 | AV149: =AU149+AT149 -> 119.5 | AW149: =AU149-AU148 -> 15.1 | AX149: =AV149-AV148 -> 2.1 | BB149: =AN149+F149 -> 566.2
A150: 33906 | B150: 6189.7 | C150: 3661.6 | D150: =SUM(B150:C150) -> 9851.3 | E150: 0 | F150: =C150-C149 -> 719.8 | G150: =D150-D149 -> 621.1 | H150: =E150-E149 -> 0 | I150: =F150 -> 719.8 | L150: =H150+G150 -> 621.1 | P150: 0 | Q150: 70.5 | R150: =Q150+P150 -> 70.5 | S150: =R150-R149 -> 0 | T150: =Q150-Q149 -> 0 | Z150: 1670.9 | AA150: 2049.8 | AB150: =AA150+Z150 -> 3720.7 | AC150: =AB150-AB149 -> 122.6 | AE150: =B150-P150-Z150 -> 4518.8 | AF150: =C150-Q150-AA150 -> 1541.3 | AG150: =D150-R150-AB150 -> 6060.1 | AH150: =AG150-AG149 -> 498.5 | AJ150: 33906 | AK150: 1242.8 | AL150: 537.5 | AM150: =AL150+AK150 -> 1780.3 | AN150: =AL150-AL149 -> 111.1 | AO150: =AM150-AM149 -> 215.8 | AP150: =AM150/'[2]Soymeal Export Forecast'!S$15 -> 0.27825037 | AS150: 33906 | AT150: 77.5 | AU150: 57 | AV150: =AU150+AT150 -> 134.5 | AW150: =AU150-AU149 -> 17.2 | AX150: =AV150-AV149 -> 15 | BB150: =AN150+F150 -> 830.9
A151: 33913 | B151: 6167.7 | C151: 4079.3 | D151: =SUM(B151:C151) -> 10247 | E151: 0 | F151: =C151-C150 -> 417.7 | G151: =D151-D150 -> 395.7 | H151: =E151-E150 -> 0 | I151: =F151 -> 417.7 | L151: =H151+G151 -> 395.7 | P151: 0 | Q151: 70.5 | R151: =Q151+P151 -> 70.5 | S151: =R151-R150 -> 0 | T151: =Q151-Q150 -> 0 | Z151: 1778.7 | AA151: 2154.7 | AB151: =AA151+Z151 -> 3933.4 | AC151: =AB151-AB150 -> 212.7 | AE151: =B151-P151-Z151 -> 4389 | AF151: =C151-Q151-AA151 -> 1854.1 | AG151: =D151-R151-AB151 -> 6243.1 | AH151: =AG151-AG150 -> 183 | AJ151: 33913 | AK151: 1240.2 | AL151: 633.5 | AM151: =AL151+AK151 -> 1873.7 | AN151: =AL151-AL150 -> 96 | AO151: =AM151-AM150 -> 93.4 | AP151: =AM151/'[2]Soymeal Export Forecast'!S$15 -> 0.29284824 | AS151: 33913 | AT151: 74.6 | AU151: 72.8 | AV151: =AU151+AT151 -> 147.4 | AW151: =AU151-AU150 -> 15.8 | AX151: =AV151-AV150 -> 12.9 | BB151: =AN151+F151 -> 513.7
A152: 33920 | B152: 6047.4 | C152: 4706.9 | D152: =SUM(B152:C152) -> 10754.3 | E152: 10 | F152: =C152-C151 -> 627.6 | G152: =D152-D151 -> 507.3 | H152: =E152-E151 -> 10 | I152: =F152 -> 627.6 | L152: =H152+G152 -> 517.3 | P152: 0 | Q152: 70.5 | R152: =Q152+P152 -> 70.5 | S152: =R152-R151 -> 0 | T152: =Q152-Q151 -> 0 | Z152: 1794.4 | AA152: 2538.7 | AB152: =AA152+Z152 -> 4333.1 | AC152: =AB152-AB151 -> 399.7 | AE152: =B152-P152-Z152 -> 4253 | AF152: =C152-Q152-AA152 -> 2097.7 | AG152: =D152-R152-AB152 -> 6350.7 | AH152: =AG152-AG151 -> 107.6 | AJ152: 33920 | AK152: 1187.4 | AL152: 770.6 | AM152: =AL152+AK152 -> 1958 | AN152: =AL152-AL151 -> 137.1 | AO152: =AM152-AM151 -> 84.3 | AP152: =AM152/'[2]Soymeal Export Forecast'!S$15 -> 0.30602383 | AS152: 33920 | AT152: 75.7 | AU152: 74 | AV152: =AU152+AT152 -> 149.7 | AW152: =AU152-AU151 -> 1.2 | AX152: =AV152-AV151 -> 2.3 | BB152: =AN152+F152 -> 764.7
A153: 33927 | B153: 5882.1 | C153: 5292.3 | D153: =SUM(B153:C153) -> 11174.4 | E153: 10 | F153: =C153-C152 -> 585.4 | G153: =D153-D152 -> 420.1 | H153: =E153-E152 -> 0 | I153: =F153 -> 585.4 | L153: =H153+G153 -> 420.1 | P153: 0 | Q153: 70.5 | R153: =Q153+P153 -> 70.5 | S153: =R153-R152 -> 0 | T153: =Q153-Q152 -> 0 | Z153: 1652.3 | AA153: 2778.1 | AB153: =AA153+Z153 -> 4430.4 | AC153: =AB153-AB152 -> 97.3 | AE153: =B153-P153-Z153 -> 4229.8 | AF153: =C153-Q153-AA153 -> 2443.7 | AG153: =D153-R153-AB153 -> 6673.5 | AH153: =AG153-AG152 -> 322.8 | AJ153: 33927 | AK153: 1098.3 | AL153: 906 | AM153: =AL153+AK153 -> 2004.3 | AN153: =AL153-AL152 -> 135.4 | AO153: =AM153-AM152 -> 46.3 | AP153: =AM153/'[2]Soymeal Export Forecast'!S$15 -> 0.31326025 | AS153: 33927 | AT153: 68 | AU153: 81.3 | AV153: =AU153+AT153 -> 149.3 | AW153: =AU153-AU152 -> 7.3 | AX153: =AV153-AV152 -> -0.4 | BB153: =AN153+F153 -> 720.8
A154: 33934 | B154: 5559.1 | C154: 5917.6 | D154: =SUM(B154:C154) -> 11476.7 | E154: 10 | F154: =C154-C153 -> 625.3 | G154: =D154-D153 -> 302.3 | H154: =E154-E153 -> 0 | I154: =F154 -> 625.3 | L154: =H154+G154 -> 302.3 | P154: 0 | Q154: 70.5 | R154: =Q154+P154 -> 70.5 | S154: =R154-R153 -> 0 | T154: =Q154-Q153 -> 0 | Z154: 1567.7 | AA154: 3007.2 | AB154: =AA154+Z154 -> 4574.9 | AC154: =AB154-AB153 -> 144.5 | AE154: =B154-P154-Z154 -> 3991.4 | AF154: =C154-Q154-AA154 -> 2839.9 | AG154: =D154-R154-AB154 -> 6831.3 | AH154: =AG154-AG153 -> 157.8 | AJ154: 33934 | AK154: 1087.5 | AL154: 958.3 | AM154: =AL154+AK154 -> 2045.8 | AN154: =AL154-AL153 -> 52.3 | AO154: =AM154-AM153 -> 41.5 | AP154: =AM154/'[2]Soymeal Export Forecast'!S$15 -> 0.31974646 | AS154: 33934 | AT154: 41.1 | AU154: 111 | AV154: =AU154+AT154 -> 152.1 | AW154: =AU154-AU153 -> 29.7 | AX154: =AV154-AV153 -> 2.8 | BB154: =AN154+F154 -> 677.6
A155: 33941 | B155: 5197.8 | C155: 6626.9 | D155: =SUM(B155:C155) -> 11824.7 | E155: 36.416 | F155: =C155-C154 -> 709.3 | G155: =D155-D154 -> 348 | H155: =E155-E154 -> 26.416 | I155: =F155 -> 709.3 | L155: =H155+G155 -> 374.416 | P155: 0 | Q155: 70.5 | R155: =Q155+P155 -> 70.5 | S155: =R155-R154 -> 0 | T155: =Q155-Q154 -> 0 | Z155: 1512.2 | AA155: 3473.9 | AB155: =AA155+Z155 -> 4986.1 | AC155: =AB155-AB154 -> 411.2 | AE155: =B155-P155-Z155 -> 3685.6 | AF155: =C155-Q155-AA155 -> 3082.5 | AG155: =D155-R155-AB155 -> 6768.1 | AH155: =AG155-AG154 -> -63.2 | AJ155: 33941 | AK155: 1105.2 | AL155: 1068.3 | AM155: =AL155+AK155 -> 2173.5 | AN155: =AL155-AL154 -> 110 | AO155: =AM155-AM154 -> 127.7 | AP155: =AM155/'[2]Soymeal Export Forecast'!S$15 -> 0.33970521 | AS155: 33941 | AT155: 65.2 | AU155: 124 | AV155: =AU155+AT155 -> 189.2 | AW155: =AU155-AU154 -> 13 | AX155: =AV155-AV154 -> 37.1 | BB155: =AN155+F155 -> 819.3
A156: 33948 | B156: 5136.4 | C156: 7049.8 | D156: =SUM(B156:C156) -> 12186.2 | E156: 36.416 | F156: =C156-C155 -> 422.9 | G156: =D156-D155 -> 361.5 | H156: =E156-E155 -> 0 | I156: =F156 -> 422.9 | L156: =H156+G156 -> 361.5 | P156: 0 | Q156: 70.5 | R156: =Q156+P156 -> 70.5 | S156: =R156-R155 -> 0 | T156: =Q156-Q155 -> 0 | Z156: 1541.7 | AA156: 3729.4 | AB156: =AA156+Z156 -> 5271.1 | AC156: =AB156-AB155 -> 285 | AE156: =B156-P156-Z156 -> 3594.7 | AF156: =C156-Q156-AA156 -> 3249.9 | AG156: =D156-R156-AB156 -> 6844.6 | AH156: =AG156-AG155 -> 76.5 | AJ156: 33948 | AK156: 1099.6 | AL156: 1149 | AM156: =AL156+AK156 -> 2248.6 | AN156: =AL156-AL155 -> 80.7 | AO156: =AM156-AM155 -> 75.1 | AP156: =AM156/'[2]Soymeal Export Forecast'!S$15 -> 0.3514429 | AS156: 33948 | AT156: 78.6 | AU156: 131.2 | AV156: =AU156+AT156 -> 209.8 | AW156: =AU156-AU155 -> 7.2 | AX156: =AV156-AV155 -> 20.6 | BB156: =AN156+F156 -> 503.6
A157: 33955 | B157: 5286.3 | C157: 7666.5 | D157: =SUM(B157:C157) -> 12952.8 | E157: 36.416 | F157: =C157-C156 -> 616.7 | G157: =D157-D156 -> 766.6 | H157: =E157-E156 -> 0 | I157: =F157 -> 616.7 | L157: =H157+G157 -> 766.6 | P157: 0 | Q157: 70.5 | R157: =Q157+P157 -> 70.5 | S157: =R157-R156 -> 0 | T157: =Q157-Q156 -> 0 | Z157: 1726.3 | AA157: 4029.2 | AB157: =AA157+Z157 -> 5755.5 | AC157: =AB157-AB156 -> 484.4 | AE157: =B157-P157-Z157 -> 3560 | AF157: =C157-Q157-AA157 -> 3566.8 | AG157: =D157-R157-AB157 -> 7126.8 | AH157: =AG157-AG156 -> 282.2 | AJ157: 33955 | AK157: 1044.7 | AL157: 1306 | AM157: =AL157+AK157 -> 2350.7 | AN157: =AL157-AL156 -> 157 | AO157: =AM157-AM156 -> 102.1 | AP157: =AM157/'[2]Soymeal Export Forecast'!S$15 -> 0.36740053 | AS157: 33955 | AT157: 66.8 | AU157: 146.3 | AV157: =AU157+AT157 -> 213.1 | AW157: =AU157-AU156 -> 15.1 | AX157: =AV157-AV156 -> 3.3 | BB157: =AN157+F157 -> 773.7
A158: 33962 | B158: 5347.8 | C158: 8132.4 | D158: =SUM(B158:C158) -> 13480.2 | E158: 36.416 | F158: =C158-C157 -> 465.9 | G158: =D158-D157 -> 527.4 | H158: =E158-E157 -> 0 | I158: =F158 -> 465.9 | L158: =H158+G158 -> 527.4 | P158: 30 | Q158: 70.5 | R158: =Q158+P158 -> 100.5 | S158: =R158-R157 -> 30 | T158: =Q158-Q157 -> 0 | Z158: 1648.7 | AA158: 4300.1 | AB158: =AA158+Z158 -> 5948.8 | AC158: =AB158-AB157 -> 193.3 | AE158: =B158-P158-Z158 -> 3669.1 | AF158: =C158-Q158-AA158 -> 3761.8 | AG158: =D158-R158-AB158 -> 7430.9 | AH158: =AG158-AG157 -> 304.1 | AJ158: 33962 | AK158: 1032.4 | AL158: 1390.9 | AM158: =AL158+AK158 -> 2423.3 | AN158: =AL158-AL157 -> 84.9 | AO158: =AM158-AM157 -> 72.6 | AP158: =AM158/'[2]Soymeal Export Forecast'!S$15 -> 0.37874748 | AS158: 33962 | AT158: 86.1 | AU158: 146.6 | AV158: =AU158+AT158 -> 232.7 | AW158: =AU158-AU157 -> 0.3 | AX158: =AV158-AV157 -> 19.6 | BB158: =AN158+F158 -> 550.8
... A193: 34207 | B193: 563.8 | C193: 21322.7 | D193: =SUM(B193:C193) -> 21886.5 | E193: 1388.861 | F193: =C193-C192 -> 115.1 | G193: =D193-D192 -> 23.9 | H193: =E193-E192 -> 38.874 | I193: =F193 -> 115.1 | L193: =H193+G193 -> 62.774 | P193: 0 | Q193: 131.9 | R193: =Q193+P193 -> 131.9 | S193: =R193-R192 -> 0 | T193: =Q193-Q192 -> 0 | Z193: 52.5 | AA193: 9131.9 | AB193: =AA193+Z193 -> 9184.4 | AC193: =AB193-AB192 -> 25 | AE193: =B193-P193-Z193 -> 511.3 | AF193: =C193-Q193-AA193 -> 12058.9 | AG193: =D193-R193-AB193 -> 12570.2 | AH193: =AG193-AG192 -> -1.1 | AJ193: 34207 | AK193: 284 | AL193: 4512.7 | AM193: =AL193+AK193 -> 4796.7 | AN193: =AL193-AL192 -> 41 | AO193: =AM193-AM192 -> 48.6 | AP193: =AM193/'[2]Soymeal Export Forecast'!S$15 -> 0.74969588 | AS193: 34207 | AT193: 30.6 | AU193: 484.7 | AV193: =AU193+AT193 -> 515.3 | AW193: =AU193-AU192 -> 0.1 | AX193: =AV193-AV192 -> 6.1 | BB193: =AN193+F193 -> 156.1
A194: 34214 | B194: 1883.6 | C194: 18 | D194: =SUM(B194:C194) -> 1901.6 | E194: 0 | F194: =C194 -> 18 | I194: =F194 -> 18 | P194: 0 | Q194: 0 | R194: =Q194+P194 -> 0 | T194: =Q194 -> 0 | Z194: 153.4 | AA194: 17.6 | AB194: =AA194+Z194 -> 171 | AE194: =B194-P194-Z194 -> 1730.2 | AF194: =C194-Q194-AA194 -> 0.4 | AG194: =D194-R194-AB194 -> 1730.6 | AJ194: 34214 | AK194: 290.3 | AL194: 4719 | AM194: =AL194+AK194 -> 5009.3 | AN194: =AL194-AL193 -> 206.3 | AO194: =AM194-AM193 -> 212.6 | AP194: =AM194/'[2]Soymeal Export Forecast'!S$15 -> 0.782924 | AS194: 34214 | AT194: 32.4 | AU194: 491.1 | AV194: =AU194+AT194 -> 523.5 | AW194: =AU194-AU193 -> 6.4 | AX194: =AV194-AV193 -> 8.2 | BB194: =AN194+F194 -> 224.3
A195: 34221 | B195: 2128 | C195: 154.1 | D195: =SUM(B195:C195) -> 2282.1 | E195: 0 | F195: =C195-C194 -> 136.1 | G195: =D195-D194 -> 380.5 | H195: =E195-E194 -> 0 | I195: =F195 -> 136.1 | L195: =H195+G195 -> 380.5 | P195: 0 | Q195: 0 | R195: =Q195+P195 -> 0 | S195: =R195-R194 -> 0 | T195: =Q195-Q194 -> 0 | Z195: 174.3 | AA195: 17.6 | AB195: =AA195+Z195 -> 191.9 | AC195: =AB195-AB194 -> 20.9 | AE195: =B195-P195-Z195 -> 1953.7 | AF195: =C195-Q195-AA195 -> 136.5 | AG195: =D195-R195-AB195 -> 2090.2 | AH195: =AG195-AG194 -> 359.6 | AJ195: 34221 | AK195: 238 | AL195: 4803.5 | AM195: =AL195+AK195 -> 5041.5 | AN195: =AL195-AL194 -> 84.5 | AO195: =AM195-AM194 -> 32.2 | AP195: =AM195/'[2]Soymeal Export Forecast'!S$15 -> 0.78795667 | AS195: 34221 | AT195: 41.3 | AU195: 491.1 | AV195: =AU195+AT195 -> 532.4 | AW195: =AU195-AU194 -> 0 | AX195: =AV195-AV194 -> 8.9 | BB195: =AN195+F195 -> 220.6
A196: 34228 | B196: 2301.6 | C196: 272.8 | D196: =SUM(B196:C196) -> 2574.4 | E196: 0 | F196: =C196-C195 -> 118.7 | G196: =D196-D195 -> 292.3 | H196: =E196-E195 -> 0 | I196: =F196 -> 118.7 | L196: =H196+G196 -> 292.3 | P196: 0 | Q196: 0 | R196: =Q196+P196 -> 0 | S196: =R196-R195 -> 0 | T196: =Q196-Q195 -> 0 | Z196: 299.8 | AA196: 17.6 | AB196: =AA196+Z196 -> 317.4 | AC196: =AB196-AB195 -> 125.5 | AE196: =B196-P196-Z196 -> 2001.8 | AF196: =C196-Q196-AA196 -> 255.2 | AG196: =D196-R196-AB196 -> 2257 | AH196: =AG196-AG195 -> 166.8 | AJ196: 34228 | AK196: 363.1 | AL196: 4839.7 | AM196: =AL196+AK196 -> 5202.8 | AN196: =AL196-AL195 -> 36.2 | AO196: =AM196-AM195 -> 161.3 | AP196: =AM196/'[2]Soymeal Export Forecast'!S$15 -> 0.81316691 | AS196: 34228 | AT196: 39.5 | AU196: 497 | AV196: =AU196+AT196 -> 536.5 | AW196: =AU196-AU195 -> 5.9 | AX196: =AV196-AV195 -> 4.1 | BB196: =AN196+F196 -> 154.9
A197: 34235 | B197: 2439.1 | C197: 502.4 | D197: =SUM(B197:C197) -> 2941.5 | E197: 0 | F197: =C197-C196 -> 229.6 | G197: =D197-D196 -> 367.1 | H197: =E197-E196 -> 0 | I197: =F197 -> 229.6 | L197: =H197+G197 -> 367.1 | P197: 0 | Q197: 0 | R197: =Q197+P197 -> 0 | S197: =R197-R196 -> 0 | T197: =Q197-Q196 -> 0 | Z197: 455.9 | AA197: 42.7 | AB197: =AA197+Z197 -> 498.6 | AC197: =AB197-AB196 -> 181.2 | AE197: =B197-P197-Z197 -> 1983.2 | AF197: =C197-Q197-AA197 -> 459.7 | AG197: =D197-R197-AB197 -> 2442.9 | AH197: =AG197-AG196 -> 185.9 | AJ197: 34235 | AK197: 320.9 | AL197: 4920.3 | AM197: =AL197+AK197 -> 5241.2 | AN197: =AL197-AL196 -> 80.6 | AO197: =AM197-AM196 -> 38.4 | AP197: =AM197/'[2]Soymeal Export Forecast'!S$15 -> 0.8191686 | AS197: 34235 | AT197: 32.5 | AU197: 509.7 | AV197: =AU197+AT197 -> 542.2 | AW197: =AU197-AU196 -> 12.7 | AX197: =AV197-AV196 -> 5.7 | BB197: =AN197+F197 -> 310.2
A198: 34242 | B198: 2442.6 | C198: 842.5 | D198: =SUM(B198:C198) -> 3285.1 | E198: 0 | F198: =C198-C197 -> 340.1 | G198: =D198-D197 -> 343.6 | H198: =E198-E197 -> 0 | I198: =F198 -> 340.1 | L198: =H198+G198 -> 343.6 | P198: 0 | Q198: 0 | R198: =Q198+P198 -> 0 | S198: =R198-R197 -> 0 | T198: =Q198-Q197 -> 0 | Z198: 444.2 | AA198: 120.5 | AB198: =AA198+Z198 -> 564.7 | AC198: =AB198-AB197 -> 66.1 | AE198: =B198-P198-Z198 -> 1998.4 | AF198: =C198-Q198-AA198 -> 722 | AG198: =D198-R198-AB198 -> 2720.4 | AH198: =AG198-AG197 -> 277.5 | AJ198: 34242 | AK198: 259.6 | AL198: 5007.6 | AM198: =AL198+AK198 -> 5267.2 | AN198: =AL198-AL197 -> 87.3 | AO198: =AM198-AM197 -> 26 | AP198: =AM198/'[2]Soymeal Export Forecast'!S$15 -> 0.82323225 | AS198: 34242 | AT198: 27.1 | AU198: 514.8 | AV198: =AU198+AT198 -> 541.9 | AW198: =AU198-AU197 -> 5.1 | AX198: =AV198-AV197 -> -0.3 | BB198: =AN198+F198 -> 427.4
A199: 34249 | B199: 2786.9 | C199: 1025.6 | D199: =SUM(B199:C199) -> 3812.5 | E199: 0 | F199: =C199-C198 -> 183.1 | G199: =D199-D198 -> 527.4 | H199: =E199-E198 -> 0 | I199: =F199 -> 183.1 | L199: =H199+G199 -> 527.4 | P199: 0 | Q199: 0 | R199: =Q199+P199 -> 0 | S199: =R199-R198 -> 0 | T199: =Q199-Q198 -> 0 | Z199: 583.7 | AA199: 226.8 | AB199: =AA199+Z199 -> 810.5 | AC199: =AB199-AB198 -> 245.8 | AE199: =B199-P199-Z199 -> 2203.2 | AF199: =C199-Q199-AA199 -> 798.8 | AG199: =D199-R199-AB199 -> 3002 | AH199: =AG199-AG198 -> 281.6 | AJ199: 34249 | AK199: 807.5 | AL199: 76.4 | AM199: =AL199+AK199 -> 883.9 | AN199: =AL199 -> 76.4 | AP199: =AM199/'[2]Soymeal Export Forecast'!T$15 -> 0.1612671 | AS199: 34249 | AT199: 76.3 | AU199: 42.2 | AV199: =AU199+AT199 -> 118.5 | AW199: =AU199 -> 42.2 | BB199: =AN199+F199 -> 259.5
A200: 34256 | B200: 2929.6 | C200: 1360.3 | D200: =SUM(B200:C200) -> 4289.9 | E200: 0 | F200: =C200-C199 -> 334.7 | G200: =D200-D199 -> 477.4 | H200: =E200-E199 -> 0 | I200: =F200 -> 334.7 | L200: =H200+G200 -> 477.4 | P200: 0 | Q200: 0 | R200: =Q200+P200 -> 0 | S200: =R200-R199 -> 0 | T200: =Q200-Q199 -> 0 | Z200: 602.9 | AA200: 429.5 | AB200: =AA200+Z200 -> 1032.4 | AC200: =AB200-AB199 -> 221.9 | AE200: =B200-P200-Z200 -> 2326.7 | AF200: =C200-Q200-AA200 -> 930.8 | AG200: =D200-R200-AB200 -> 3257.5 | AH200: =AG200-AG199 -> 255.5 | AJ200: 34256 | AK200: 798.8 | AL200: 158.1 | AM200: =AL200+AK200 -> 956.9 | AN200: =AL200-AL199 -> 81.7 | AO200: =AM200-AM199 -> 73 | AP200: =AM200/'[2]Soymeal Export Forecast'!T$15 -> 0.17458592 | AS200: 34256 | AT200: 64.3 | AU200: 55.6 | AV200: =AU200+AT200 -> 119.9 | AW200: =AU200-AU199 -> 13.4 | AX200: =AV200-AV199 -> 1.4 | BB200: =AN200+F200 -> 416.4
A201: 34263 | B201: 3102.5 | C201: 1732.6 | D201: =SUM(B201:C201) -> 4835.1 | E201: 0 | F201: =C201-C200 -> 372.3 | G201: =D201-D200 -> 545.2 | H201: =E201-E200 -> 0 | I201: =F201 -> 372.3 | L201: =H201+G201 -> 545.2 | P201: 0 | Q201: 0 | R201: =Q201+P201 -> 0 | S201: =R201-R200 -> 0 | T201: =Q201-Q200 -> 0 | Z201: 718.5 | AA201: 576.2 | AB201: =AA201+Z201 -> 1294.7 | AC201: =AB201-AB200 -> 262.3 | AE201: =B201-P201-Z201 -> 2384 | AF201: =C201-Q201-AA201 -> 1156.4 | AG201: =D201-R201-AB201 -> 3540.4 | AH201: =AG201-AG200 -> 282.9 | AJ201: 34263 | AK201: 885.3 | AL201: 240.5 | AM201: =AL201+AK201 -> 1125.8 | AN201: =AL201-AL200 -> 82.4 | AO201: =AM201-AM200 -> 168.9 | AP201: =AM201/'[2]Soymeal Export Forecast'!T$15 -> 0.20540164 | AS201: 34263 | AT201: 56.6 | AU201: 63.3 | AV201: =AU201+AT201 -> 119.9 | AW201: =AU201-AU200 -> 7.7 | AX201: =AV201-AV200 -> 0 | BB201: =AN201+F201 -> 454.7
A202: 34270 | B202: 2821.3 | C202: 2500.8 | D202: =SUM(B202:C202) -> 5322.1 | E202: 0 | F202: =C202-C201 -> 768.2 | G202: =D202-D201 -> 487 | H202: =E202-E201 -> 0 | I202: =F202 -> 768.2 | L202: =H202+G202 -> 487 | P202: 0 | Q202: 0 | R202: =Q202+P202 -> 0 | S202: =R202-R201 -> 0 | T202: =Q202-Q201 -> 0 | Z202: 706.2 | AA202: 972.7 | AB202: =AA202+Z202 -> 1678.9 | AC202: =AB202-AB201 -> 384.2 | AE202: =B202-P202-Z202 -> 2115.1 | AF202: =C202-Q202-AA202 -> 1528.1 | AG202: =D202-R202-AB202 -> 3643.2 | AH202: =AG202-AG201 -> 102.8 | AJ202: 34270 | AK202: 809.8 | AL202: 348.4 | AM202: =AL202+AK202 -> 1158.2 | AN202: =AL202-AL201 -> 107.9 | AO202: =AM202-AM201 -> 32.4 | AP202: =AM202/'[2]Soymeal Export Forecast'!T$15 -> 0.211313 | AS202: 34270 | AT202: 56.5 | AU202: 63.5 | AV202: =AU202+AT202 -> 120 | AW202: =AU202-AU201 -> 0.2 | AX202: =AV202-AV201 -> 0.1 | BB202: =AN202+F202 -> 876.1
A203: 34277 | B203: 3069 | C203: 2979.4 | D203: =SUM(B203:C203) -> 6048.4 | E203: 0 | F203: =C203-C202 -> 478.6 | G203: =D203-D202 -> 726.3 | H203: =E203-E202 -> 0 | I203: =F203 -> 478.6 | L203: =H203+G203 -> 726.3 | P203: 0 | Q203: 0 | R203: =Q203+P203 -> 0 | S203: =R203-R202 -> 0 | T203: =Q203-Q202 -> 0 | Z203: 769.7 | AA203: 1226.6 | AB203: =AA203+Z203 -> 1996.3 | AC203: =AB203-AB202 -> 317.4 | AE203: =B203-P203-Z203 -> 2299.3 | AF203: =C203-Q203-AA203 -> 1752.8 | AG203: =D203-R203-AB203 -> 4052.1 | AH203: =AG203-AG202 -> 408.9 | AJ203: 34277 | AK203: 818.6 | AL203: 399.2 | AM203: =AL203+AK203 -> 1217.8 | AN203: =AL203-AL202 -> 50.8 | AO203: =AM203-AM202 -> 59.6 | AP203: =AM203/'[2]Soymeal Export Forecast'!T$15 -> 0.22218699 | AS203: 34277 | AT203: 56.4 | AU203: 63.7 | AV203: =AU203+AT203 -> 120.1 | AW203: =AU203-AU202 -> 0.2 | AX203: =AV203-AV202 -> 0.1 | BB203: =AN203+F203 -> 529.4
A204: 34284 | B204: 3100.4 | C204: 3350.4 | D204: =SUM(B204:C204) -> 6450.8 | E204: 0 | F204: =C204-C203 -> 371 | G204: =D204-D203 -> 402.4 | H204: =E204-E203 -> 0 | I204: =F204 -> 371 | L204: =H204+G204 -> 402.4 | P204: 0 | Q204: 0 | R204: =Q204+P204 -> 0 | S204: =R204-R203 -> 0 | T204: =Q204-Q203 -> 0 | Z204: 642.2 | AA204: 1489.1 | AB204: =AA204+Z204 -> 2131.3 | AC204: =AB204-AB203 -> 135 | AE204: =B204-P204-Z204 -> 2458.2 | AF204: =C204-Q204-AA204 -> 1861.3 | AG204: =D204-R204-AB204 -> 4319.5 | AH204: =AG204-AG203 -> 267.4 | AJ204: 34284 | AK204: 707.2 | AL204: 568.8 | AM204: =AL204+AK204 -> 1276 | AN204: =AL204-AL203 -> 169.6 | AO204: =AM204-AM203 -> 58.2 | AP204: =AM204/'[2]Soymeal Export Forecast'!T$15 -> 0.23280555 | AS204: 34284 | AT204: 55.3 | AU204: 80.4 | AV204: =AU204+AT204 -> 135.7 | AW204: =AU204-AU203 -> 16.7 | AX204: =AV204-AV203 -> 15.6 | BB204: =AN204+F204 -> 540.6
A205: 34291 | B205: 2632.8 | C205: 4003.1 | D205: =SUM(B205:C205) -> 6635.9 | E205: 0 | F205: =C205-C204 -> 652.7 | G205: =D205-D204 -> 185.1 | H205: =E205-E204 -> 0 | I205: =F205 -> 652.7 | L205: =H205+G205 -> 185.1 | P205: 0 | Q205: 0 | R205: =Q205+P205 -> 0 | S205: =R205-R204 -> 0 | T205: =Q205-Q204 -> 0 | Z205: 390 | AA205: 1828.2 | AB205: =AA205+Z205 -> 2218.2 | AC205: =AB205-AB204 -> 86.9 | AE205: =B205-P205-Z205 -> 2242.8 | AF205: =C205-Q205-AA205 -> 2174.9 | AG205: =D205-R205-AB205 -> 4417.7 | AH205: =AG205-AG204 -> 98.2 | AJ205: 34291 | AK205: 637.8 | AL205: 642.8 | AM205: =AL205+AK205 -> 1280.6 | AN205: =AL205-AL204 -> 74 | AO205: =AM205-AM204 -> 4.6 | AP205: =AM205/'[2]Soymeal Export Forecast'!T$15 -> 0.23364482 | AS205: 34291 | AT205: 61.4 | AU205: 80.4 | AV205: =AU205+AT205 -> 141.8 | AW205: =AU205-AU204 -> 0 | AX205: =AV205-AV204 -> 6.1 | BB205: =AN205+F205 -> 726.7
A206: 34298 | B206: 2338.6 | C206: 4496.6 | D206: =SUM(B206:C206) -> 6835.2 | E206: 0 | F206: =C206-C205 -> 493.5 | G206: =D206-D205 -> 199.3 | H206: =E206-E205 -> 0 | I206: =F206 -> 493.5 | L206: =H206+G206 -> 199.3 | P206: 0 | Q206: 0 | R206: =Q206+P206 -> 0 | S206: =R206-R205 -> 0 | T206: =Q206-Q205 -> 0 | Z206: 260.8 | AA206: 2177 | AB206: =AA206+Z206 -> 2437.8 | AC206: =AB206-AB205 -> 219.6 | AE206: =B206-P206-Z206 -> 2077.8 | AF206: =C206-Q206-AA206 -> 2319.6 | AG206: =D206-R206-AB206 -> 4397.4 | AH206: =AG206-AG205 -> -20.3 | AJ206: 34298 | AK206: 521.8 | AL206: 782.1 | AM206: =AL206+AK206 -> 1303.9 | AN206: =AL206-AL205 -> 139.3 | AO206: =AM206-AM205 -> 23.3 | AP206: =AM206/'[2]Soymeal Export Forecast'!T$15 -> 0.23789589 | AS206: 34298 | AT206: 61.3 | AU206: 80.5 | AV206: =AU206+AT206 -> 141.8 | AW206: =AU206-AU205 -> 0.1 | AX206: =AV206-AV205 -> 0 | BB206: =AN206+F206 -> 632.8
A207: 34305 | B207: 2468 | C207: 4997.1 | D207: =SUM(B207:C207) -> 7465.1 | E207: 0 | F207: =C207-C206 -> 500.5 | G207: =D207-D206 -> 629.9 | H207: =E207-E206 -> 0 | I207: =F207 -> 500.5 | L207: =H207+G207 -> 629.9 | P207: 0 | Q207: 0 | R207: =Q207+P207 -> 0 | S207: =R207-R206 -> 0 | T207: =Q207-Q206 -> 0 | Z207: 319.3 | AA207: 2424.9 | AB207: =AA207+Z207 -> 2744.2 | AC207: =AB207-AB206 -> 306.4 | AE207: =B207-P207-Z207 -> 2148.7 | AF207: =C207-Q207-AA207 -> 2572.2 | AG207: =D207-R207-AB207 -> 4720.9 | AH207: =AG207-AG206 -> 323.5 | AJ207: 34305 | AK207: 443.1 | AL207: 938.4 | AM207: =AL207+AK207 -> 1381.5 | AN207: =AL207-AL206 -> 156.3 | AO207: =AM207-AM206 -> 77.6 | AP207: =AM207/'[2]Soymeal Export Forecast'!T$15 -> 0.25205397 | AS207: 34305 | AT207: 84.3 | AU207: 86.5 | AV207: =AU207+AT207 -> 170.8 | AW207: =AU207-AU206 -> 6 | AX207: =AV207-AV206 -> 29 | BB207: =AN207+F207 -> 656.8
A208: 34312 | B208: 3048.4 | C208: 5298.5 | D208: =SUM(B208:C208) -> 8346.9 | E208: 0 | F208: =C208-C207 -> 301.4 | G208: =D208-D207 -> 881.8 | H208: =E208-E207 -> 0 | I208: =F208 -> 301.4 | L208: =H208+G208 -> 881.8 | P208: 0 | Q208: 0 | R208: =Q208+P208 -> 0 | S208: =R208-R207 -> 0 | T208: =Q208-Q207 -> 0 | Z208: 608.7 | AA208: 2576 | AB208: =AA208+Z208 -> 3184.7 | AC208: =AB208-AB207 -> 440.5 | AE208: =B208-P208-Z208 -> 2439.7 | AF208: =C208-Q208-AA208 -> 2722.5 | AG208: =D208-R208-AB208 -> 5162.2 | AH208: =AG208-AG207 -> 441.3 | AJ208: 34312 | AK208: 513.5 | AL208: 1045.1 | AM208: =AL208+AK208 -> 1558.6 | AN208: =AL208-AL207 -> 106.7 | AO208: =AM208-AM207 -> 177.1 | AP208: =AM208/'[2]Soymeal Export Forecast'!T$15 -> 0.28436578 | AS208: 34312 | AT208: 51.8 | AU208: 119.1 | AV208: =AU208+AT208 -> 170.9 | AW208: =AU208-AU207 -> 32.6 | AX208: =AV208-AV207 -> 0.1 | BB208: =AN208+F208 -> 408.1
A209: 34319 | B209: 2764.3 | C209: 5825.4 | D209: =SUM(B209:C209) -> 8589.7 | E209: 0 | F209: =C209-C208 -> 526.9 | G209: =D209-D208 -> 242.8 | H209: =E209-E208 -> 0 | I209: =F209 -> 526.9 | L209: =H209+G209 -> 242.8 | P209: 0 | Q209: 0 | R209: =Q209+P209 -> 0 | S209: =R209-R208 -> 0 | T209: =Q209-Q208 -> 0 | Z209: 571.7 | AA209: 2846.3 | AB209: =AA209+Z209 -> 3418 | AC209: =AB209-AB208 -> 233.3 | AE209: =B209-P209-Z209 -> 2192.6 | AF209: =C209-Q209-AA209 -> 2979.1 | AG209: =D209-R209-AB209 -> 5171.7 | AH209: =AG209-AG208 -> 9.5 | AJ209: 34319 | AK209: 447.6 | AL209: 1169.8 | AM209: =AL209+AK209 -> 1617.4 | AN209: =AL209-AL208 -> 124.7 | AO209: =AM209-AM208 -> 58.8 | AP209: =AM209/'[2]Soymeal Export Forecast'!T$15 -> 0.29509381 | AS209: 34319 | AT209: 62.7 | AU209: 125.3 | AV209: =AU209+AT209 -> 188 | AW209: =AU209-AU208 -> 6.2 | AX209: =AV209-AV208 -> 17.1 | BB209: =AN209+F209 -> 651.6
A210: 34326 | B210: 2795.1 | C210: 6268.1 | D210: =SUM(B210:C210) -> 9063.2 | E210: 0 | F210: =C210-C209 -> 442.7 | G210: =D210-D209 -> 473.5 | H210: =E210-E209 -> 0 | I210: =F210 -> 442.7 | L210: =H210+G210 -> 473.5 | P210: 0 | Q210: 0 | R210: =Q210+P210 -> 0 | S210: =R210-R209 -> 0 | T210: =Q210-Q209 -> 0 | Z210: 529.8 | AA210: 3076.8 | AB210: =AA210+Z210 -> 3606.6 | AC210: =AB210-AB209 -> 188.6 | AE210: =B210-P210-Z210 -> 2265.3 | AF210: =C210-Q210-AA210 -> 3191.3 | AG210: =D210-R210-AB210 -> 5456.6 | AH210: =AG210-AG209 -> 284.9 | AJ210: 34326 | AK210: 504.4 | AL210: 1212.5 | AM210: =AL210+AK210 -> 1716.9 | AN210: =AL210-AL209 -> 42.7 | AO210: =AM210-AM209 -> 99.5 | AP210: =AM210/'[2]Soymeal Export Forecast'!T$15 -> 0.31324753 | AS210: 34326 | AT210: 93.7 | AU210: 131.3 | AV210: =AU210+AT210 -> 225 | AW210: =AU210-AU209 -> 6 | AX210: =AV210-AV209 -> 37 | BB210: =AN210+F210 -> 485.4
A211: 34333 | B211: 3021 | C211: 6497.6 | D211: =SUM(B211:C211) -> 9518.6 | E211: 0 | F211: =C211-C210 -> 229.5 | G211: =D211-D210 -> 455.4 | H211: =E211-E210 -> 0 | I211: =F211 -> 229.5 | L211: =H211+G211 -> 455.4 | P211: 0 | Q211: 0 | R211: =Q211+P211 -> 0 | S211: =R211-R210 -> 0 | T211: =Q211-Q210 -> 0 | Z211: 624.5 | AA211: 3220.8 | AB211: =AA211+Z211 -> 3845.3 | AC211: =AB211-AB210 -> 238.7 | AE211: =B211-P211-Z211 -> 2396.5 | AF211: =C211-Q211-AA211 -> 3276.8 | AG211: =D211-R211-AB211 -> 5673.3 | AH211: =AG211-AG210 -> 216.7 | AJ211: 34333 | AK211: 505.3 | AL211: 1257.1 | AM211: =AL211+AK211 -> 1762.4 | AN211: =AL211-AL210 -> 44.6 | AO211: =AM211-AM210 -> 45.5 | AP211: =AM211/'[2]Soymeal Export Forecast'!T$15 -> 0.32154898 | AS211: 34333 | AT211: 80.6 | AU211: 135.3 | AV211: =AU211+AT211 -> 215.9 | AW211: =AU211-AU210 -> 4 | AX211: =AV211-AV210 -> -9.1 | BB211: =AN211+F211 -> 274.1
... A245: 34571 | B245: 915.5 | C245: 16144.1 | D245: =SUM(B245:C245) -> 17059.6 | E245: 4966.268 | F245: =C245-C244 -> 337.3 | G245: =D245-D244 -> 126 | H245: =E245-E244 -> 562.444 | I245: =F245 -> 337.3 | L245: =H245+G245 -> 688.444 | P245: 0 | Q245: 33 | R245: =Q245+P245 -> 33 | S245: =R245-R244 -> 0 | T245: =Q245-Q244 -> 0 | Z245: 43 | AA245: 6157.4 | AB245: =AA245+Z245 -> 6200.4 | AC245: =AB245-AB244 -> 123.6 | AE245: =B245-P245-Z245 -> 872.5 | AF245: =C245-Q245-AA245 -> 9953.7 | AG245: =D245-R245-AB245 -> 10826.2 | AH245: =AG245-AG244 -> 2.4 | AJ245: 34571 | AK245: 381.4 | AL245: 3889.3 | AM245: =AL245+AK245 -> 4270.7 | AN245: =AL245-AL244 -> 80 | AO245: =AM245-AM244 -> 107.2 | AP245: =AM245/'[2]Soymeal Export Forecast'!T$15 -> 0.77918704 | AS245: 34571 | AT245: 118.9 | AU245: 404.9 | AV245: =AU245+AT245 -> 523.8 | AW245: =AU245-AU244 -> 3 | AX245: =AV245-AV244 -> 2.7 | BB245: =AN245+F245 -> 417.3
A246: 34578 | B246: 6034.6 | C246: 2.5 | D246: =SUM(B246:C246) -> 6037.1 | E246: 0 | F246: =C246 -> 2.5 | I246: =F246 -> 2.5 | P246: 0 | Q246: 0 | R246: =Q246+P246 -> 0 | T246: =Q246 -> 0 | Z246: 2473.7 | AA246: 0 | AB246: =AA246+Z246 -> 2473.7 | AE246: =B246-P246-Z246 -> 3560.9 | AF246: =C246-Q246-AA246 -> 2.5 | AG246: =D246-R246-AB246 -> 3563.4 | AJ246: 34578 | AK246: 347.1 | AL246: 3956.5 | AM246: =AL246+AK246 -> 4303.6 | AN246: =AL246-AL245 -> 67.2 | AO246: =AM246-AM245 -> 32.9 | AP246: =AM246/'[2]Soymeal Export Forecast'!T$15 -> 0.78518963 | AS246: 34578 | AT246: 110.1 | AU246: 420 | AV246: =AU246+AT246 -> 530.1 | AW246: =AU246-AU245 -> 15.1 | AX246: =AV246-AV245 -> 6.3 | BB246: =AN246+F246 -> 69.7
A247: 34585 | B247: 6355.6 | C247: 181.9 | D247: =SUM(B247:C247) -> 6537.5 | E247: 0 | F247: =C247-C246 -> 179.4 | G247: =D247-D246 -> 500.4 | H247: =E247-E246 -> 0 | I247: =F247 -> 179.4 | L247: =H247+G247 -> 500.4 | P247: 0 | Q247: 0 | R247: =Q247+P247 -> 0 | S247: =R247-R246 -> 0 | T247: =Q247-Q246 -> 0 | Z247: 2497.1 | AA247: 89.5 | AB247: =AA247+Z247 -> 2586.6 | AC247: =AB247-AB246 -> 112.9 | AE247: =B247-P247-Z247 -> 3858.5 | AF247: =C247-Q247-AA247 -> 92.4 | AG247: =D247-R247-AB247 -> 3950.9 | AH247: =AG247-AG246 -> 387.5 | AJ247: 34585 | AK247: 319.5 | AL247: 4024.4 | AM247: =AL247+AK247 -> 4343.9 | AN247: =AL247-AL246 -> 67.9 | AO247: =AM247-AM246 -> 40.3 | AP247: =AM247/'[2]Soymeal Export Forecast'!T$15 -> 0.79254234 | AS247: 34585 | AT247: 110.1 | AU247: 431 | AV247: =AU247+AT247 -> 541.1 | AW247: =AU247-AU246 -> 11 | AX247: =AV247-AV246 -> 11 | BB247: =AN247+F247 -> 247.3
A248: 34592 | B248: 6740.7 | C248: 491.4 | D248: =SUM(B248:C248) -> 7232.1 | E248: 0 | F248: =C248-C247 -> 309.5 | G248: =D248-D247 -> 694.6 | H248: =E248-E247 -> 0 | I248: =F248 -> 309.5 | L248: =H248+G248 -> 694.6 | P248: 0 | Q248: 0 | R248: =Q248+P248 -> 0 | S248: =R248-R247 -> 0 | T248: =Q248-Q247 -> 0 | Z248: 2482.6 | AA248: 300.3 | AB248: =AA248+Z248 -> 2782.9 | AC248: =AB248-AB247 -> 196.3 | AE248: =B248-P248-Z248 -> 4258.1 | AF248: =C248-Q248-AA248 -> 191.1 | AG248: =D248-R248-AB248 -> 4449.2 | AH248: =AG248-AG247 -> 498.3 | AJ248: 34592 | AK248: 364 | AL248: 4064 | AM248: =AL248+AK248 -> 4428 | AN248: =AL248-AL247 -> 39.6 | AO248: =AM248-AM247 -> 84.1 | AP248: =AM248/'[2]Soymeal Export Forecast'!T$15 -> 0.80788634 | AS248: 34592 | AT248: 99.2 | AU248: 460.1 | AV248: =AU248+AT248 -> 559.3 | AW248: =AU248-AU247 -> 29.1 | AX248: =AV248-AV247 -> 18.2 | BB248: =AN248+F248 -> 349.1
A249: 34599 | B249: 7268 | C249: 811.5 | D249: =SUM(B249:C249) -> 8079.5 | E249: 0 | F249: =C249-C248 -> 320.1 | G249: =D249-D248 -> 847.4 | H249: =E249-E248 -> 0 | I249: =F249 -> 320.1 | L249: =H249+G249 -> 847.4 | P249: 0 | Q249: 0 | R249: =Q249+P249 -> 0 | S249: =R249-R248 -> 0 | T249: =Q249-Q248 -> 0 | Z249: 2477.6 | AA249: 440.2 | AB249: =AA249+Z249 -> 2917.8 | AC249: =AB249-AB248 -> 134.9 | AE249: =B249-P249-Z249 -> 4790.4 | AF249: =C249-Q249-AA249 -> 371.3 | AG249: =D249-R249-AB249 -> 5161.7 | AH249: =AG249-AG248 -> 712.5 | AJ249: 34599 | AK249: 384.5 | AL249: 4110.8 | AM249: =AL249+AK249 -> 4495.3 | AN249: =AL249-AL248 -> 46.8 | AO249: =AM249-AM248 -> 67.3 | AP249: =AM249/'[2]Soymeal Export Forecast'!T$15 -> 0.82016519 | AS249: 34599 | AT249: 102.2 | AU249: 464 | AV249: =AU249+AT249 -> 566.2 | AW249: =AU249-AU248 -> 3.9 | AX249: =AV249-AV248 -> 6.9 | BB249: =AN249+F249 -> 366.9
A250: 34606 | B250: 7804.9 | C250: 1196.7 | D250: =SUM(B250:C250) -> 9001.6 | E250: 0 | F250: =C250-C249 -> 385.2 | G250: =D250-D249 -> 922.1 | H250: =E250-E249 -> 0 | I250: =F250 -> 385.2 | L250: =H250+G250 -> 922.1 | P250: 0 | Q250: 0 | R250: =Q250+P250 -> 0 | S250: =R250-R249 -> 0 | T250: =Q250-Q249 -> 0 | Z250: 2538.4 | AA250: 499.8 | AB250: =AA250+Z250 -> 3038.2 | AC250: =AB250-AB249 -> 120.4 | AE250: =B250-P250-Z250 -> 5266.5 | AF250: =C250-Q250-AA250 -> 696.9 | AG250: =D250-R250-AB250 -> 5963.4 | AH250: =AG250-AG249 -> 801.7 | AJ250: 34606 | AK250: 303.1 | AL250: 4199.3 | AM250: =AL250+AK250 -> 4502.4 | AN250: =AL250-AL249 -> 88.5 | AO250: =AM250-AM249 -> 7.1 | AP250: =AM250/'[2]Soymeal Export Forecast'!T$15 -> 0.82146059 | AS250: 34606 | AT250: 97.2 | AU250: 464.1 | AV250: =AU250+AT250 -> 561.3 | AW250: =AU250-AU249 -> 0.1 | AX250: =AV250-AV249 -> -4.9 | BB250: =AN250+F250 -> 473.7
A251: 34613 | B251: 8287.1 | C251: 1469.9 | D251: =SUM(B251:C251) -> 9757 | E251: 0 | F251: =C251-C250 -> 273.2 | G251: =D251-D250 -> 755.4 | H251: =E251-E250 -> 0 | I251: =F251 -> 273.2 | L251: =H251+G251 -> 755.4 | P251: 0 | Q251: 0 | R251: =Q251+P251 -> 0 | S251: =R251-R250 -> 0 | T251: =Q251-Q250 -> 0 | Z251: 2558.4 | AA251: 751.1 | AB251: =AA251+Z251 -> 3309.5 | AC251: =AB251-AB250 -> 271.3 | AE251: =B251-P251-Z251 -> 5728.7 | AF251: =C251-Q251-AA251 -> 718.8 | AG251: =D251-R251-AB251 -> 6447.5 | AH251: =AG251-AG250 -> 484.1 | AJ251: 34613 | AK251: 1112.4 | AL251: 27.4 | AM251: =AL251+AK251 -> 1139.8 | AN251: =AL251 -> 27.4 | AP251: =AM251/'[2]Soymeal Export Forecast'!U$15 -> 0.16665349 | AS251: 34613 | AT251: 250.7 | AU251: 8.4 | AV251: =AU251+AT251 -> 259.1 | AW251: =AU251 -> 8.4 | BB251: =AN251+F251 -> 300.6
A252: 34620 | B252: 8669.1 | C252: 2068.9 | D252: =SUM(B252:C252) -> 10738 | E252: 0 | F252: =C252-C251 -> 599 | G252: =D252-D251 -> 981 | H252: =E252-E251 -> 0 | I252: =F252 -> 599 | L252: =H252+G252 -> 981 | P252: 0 | Q252: 0 | R252: =Q252+P252 -> 0 | S252: =R252-R251 -> 0 | T252: =Q252-Q251 -> 0 | Z252: 2639.3 | AA252: 1057.9 | AB252: =AA252+Z252 -> 3697.2 | AC252: =AB252-AB251 -> 387.7 | AE252: =B252-P252-Z252 -> 6029.8 | AF252: =C252-Q252-AA252 -> 1011 | AG252: =D252-R252-AB252 -> 7040.8 | AH252: =AG252-AG251 -> 593.3 | AJ252: 34620 | AK252: 1107.3 | AL252: 104.7 | AM252: =AL252+AK252 -> 1212 | AN252: =AL252-AL251 -> 77.3 | AO252: =AM252-AM251 -> 72.2 | AP252: =AM252/'[2]Soymeal Export Forecast'!U$15 -> 0.17721006 | AS252: 34620 | AT252: 261.8 | AU252: 21.7 | AV252: =AU252+AT252 -> 283.5 | AW252: =AU252-AU251 -> 13.3 | AX252: =AV252-AV251 -> 24.4 | BB252: =AN252+F252 -> 676.3
A253: 34627 | B253: 8248.8 | C253: 2857.5 | D253: =SUM(B253:C253) -> 11106.3 | E253: 0 | F253: =C253-C252 -> 788.6 | G253: =D253-D252 -> 368.3 | H253: =E253-E252 -> 0 | I253: =F253 -> 788.6 | L253: =H253+G253 -> 368.3 | P253: 0 | Q253: 0 | R253: =Q253+P253 -> 0 | S253: =R253-R252 -> 0 | T253: =Q253-Q252 -> 0 | Z253: 2595.9 | AA253: 1568.3 | AB253: =AA253+Z253 -> 4164.2 | AC253: =AB253-AB252 -> 467 | AE253: =B253-P253-Z253 -> 5652.9 | AF253: =C253-Q253-AA253 -> 1289.2 | AG253: =D253-R253-AB253 -> 6942.1 | AH253: =AG253-AG252 -> -98.7 | AJ253: 34627 | AK253: 1074.4 | AL253: 229.7 | AM253: =AL253+AK253 -> 1304.1 | AN253: =AL253-AL252 -> 125 | AO253: =AM253-AM252 -> 92.1 | AP253: =AM253/'[2]Soymeal Export Forecast'!U$15 -> 0.19067627 | AS253: 34627 | AT253: 304.8 | AU253: 25.8 | AV253: =AU253+AT253 -> 330.6 | AW253: =AU253-AU252 -> 4.1 | AX253: =AV253-AV252 -> 47.1 | BB253: =AN253+F253 -> 913.6
A254: 34634 | B254: 8218.8 | C254: 3388.7 | D254: =SUM(B254:C254) -> 11607.5 | E254: 0 | F254: =C254-C253 -> 531.2 | G254: =D254-D253 -> 501.2 | H254: =E254-E253 -> 0 | I254: =F254 -> 531.2 | L254: =H254+G254 -> 501.2 | P254: 0 | Q254: 0 | R254: =Q254+P254 -> 0 | S254: =R254-R253 -> 0 | T254: =Q254-Q253 -> 0 | Z254: 2833.5 | AA254: 1786.8 | AB254: =AA254+Z254 -> 4620.3 | AC254: =AB254-AB253 -> 456.1 | AE254: =B254-P254-Z254 -> 5385.3 | AF254: =C254-Q254-AA254 -> 1601.9 | AG254: =D254-R254-AB254 -> 6987.2 | AH254: =AG254-AG253 -> 45.1 | AJ254: 34634 | AK254: 1070.2 | AL254: 307.2 | AM254: =AL254+AK254 -> 1377.4 | AN254: =AL254-AL253 -> 77.5 | AO254: =AM254-AM253 -> 73.3 | AP254: =AM254/'[2]Soymeal Export Forecast'!U$15 -> 0.20139368 | AS254: 34634 | AT254: 298.8 | AU254: 45.5 | AV254: =AU254+AT254 -> 344.3 | AW254: =AU254-AU253 -> 19.7 | AX254: =AV254-AV253 -> 13.7 | BB254: =AN254+F254 -> 608.7
A255: 34641 | B255: 8176.6 | C255: 3893.7 | D255: =SUM(B255:C255) -> 12070.3 | E255: 0 | F255: =C255-C254 -> 505 | G255: =D255-D254 -> 462.8 | H255: =E255-E254 -> 0 | I255: =F255 -> 505 | L255: =H255+G255 -> 462.8 | P255: 0 | Q255: 0 | R255: =Q255+P255 -> 0 | S255: =R255-R254 -> 0 | T255: =Q255-Q254 -> 0 | Z255: 2840.3 | AA255: 1986 | AB255: =AA255+Z255 -> 4826.3 | AC255: =AB255-AB254 -> 206 | AE255: =B255-P255-Z255 -> 5336.3 | AF255: =C255-Q255-AA255 -> 1907.7 | AG255: =D255-R255-AB255 -> 7244 | AH255: =AG255-AG254 -> 256.8 | AJ255: 34641 | AK255: 1108.9 | AL255: 403.6 | AM255: =AL255+AK255 -> 1512.5 | AN255: =AL255-AL254 -> 96.4 | AO255: =AM255-AM254 -> 135.1 | AP255: =AM255/'[2]Soymeal Export Forecast'!U$15 -> 0.22114704 | AS255: 34641 | AT255: 299.1 | AU255: 84 | AV255: =AU255+AT255 -> 383.1 | AW255: =AU255-AU254 -> 38.5 | AX255: =AV255-AV254 -> 38.8 | BB255: =AN255+F255 -> 601.4
A256: 34648 | B256: 8108.4 | C256: 4591.4 | D256: =SUM(B256:C256) -> 12699.8 | E256: 0 | F256: =C256-C255 -> 697.7 | G256: =D256-D255 -> 629.5 | H256: =E256-E255 -> 0 | I256: =F256 -> 697.7 | L256: =H256+G256 -> 629.5 | P256: 0 | Q256: 0 | R256: =Q256+P256 -> 0 | S256: =R256-R255 -> 0 | T256: =Q256-Q255 -> 0 | Z256: 2846.8 | AA256: 2313.2 | AB256: =AA256+Z256 -> 5160 | AC256: =AB256-AB255 -> 333.7 | AE256: =B256-P256-Z256 -> 5261.6 | AF256: =C256-Q256-AA256 -> 2278.2 | AG256: =D256-R256-AB256 -> 7539.8 | AH256: =AG256-AG255 -> 295.8 | AJ256: 34648 | AK256: 1052 | AL256: 530.5 | AM256: =AL256+AK256 -> 1582.5 | AN256: =AL256-AL255 -> 126.9 | AO256: =AM256-AM255 -> 70 | AP256: =AM256/'[2]Soymeal Export Forecast'!U$15 -> 0.23138195 | AS256: 34648 | AT256: 306 | AU256: 84.7 | AV256: =AU256+AT256 -> 390.7 | AW256: =AU256-AU255 -> 0.7 | AX256: =AV256-AV255 -> 7.6 | BB256: =AN256+F256 -> 824.6
...

Sheet Corn Export Forecast
A1: CORN CENSUS EXPORTS (Million Bushels)
B2: =[1]Corn!T$92 -> 93/94 | C2: =[1]Corn!U$92 -> 94/95 | D2: =[1]Corn!V$92 -> 95/96 | E2: =[1]Corn!W$92 -> 96/97 | F2: =[1]Corn!X$92 -> 97/98 | G2: =[1]Corn!Y$92 -> 98/99 | H2: =[1]Corn!Z$92 -> 99/00 | I2: =[1]Corn!AA$92 -> 00/01 | ... AZ2: =[1]Corn!BR$92 -> 43/44
A3: September | B3: =[1]Corn!T93 -> 133.78075 | C3: =[1]Corn!U93 -> 118.23711 | D3: =[1]Corn!V93 -> 241.59947 | E3: =[1]Corn!W93 -> 99.967963 | F3: =[1]Corn!X93 -> 141.98636 | G3: =[1]Corn!Y93 -> 124.97929 | H3: =[1]Corn!Z93 -> 190.71511 | I3: =[1]Corn!AA93 -> 202.61438 | ... AF3: =[1]Corn!AX93 -> 122.10936 | AG3: =MROUND(AG$15*(SUM(AA3:AE3)/SUM(AA$15:AE$15)),0.1) -> 143 | AH3: =MROUND(AH$15*(SUM(AB3:AF3)/SUM(AB$15:AF$15)),0.1) -> 116.9 | AI3: =MROUND(AI$15*(SUM(AC3:AG3)/SUM(AC$15:AG$15)),0.1) -> 125.6 | AJ3: =MROUND(AJ$15*(SUM(AD3:AH3)/SUM(AD$15:AH$15)),0.1) -> 109.7 | AK3: =MROUND(AK$15*(SUM(AE3:AI3)/SUM(AE$15:AI$15)),0.1) -> 116.6 | AL3: =MROUND(AL$15*(SUM(AF3:AJ3)/SUM(AF$15:AJ$15)),0.1) -> 114 | AM3: =MROUND(AM$15*(SUM(AG3:AK3)/SUM(AG$15:AK$15)),0.1) -> 114.2 | AN3: =MROUND(AN$15*(SUM(AH3:AL3)/SUM(AH$15:AL$15)),0.1) -> 127.7 | ... AZ3: =MROUND(AZ$15*(SUM(AT3:AX3)/SUM(AT$15:AX$15)),0.1) -> 229.3
A4: October | B4: =[1]Corn!T94 -> 143.71467 | C4: =[1]Corn!U94 -> 137.4874 | D4: =[1]Corn!V94 -> 209.92095 | E4: =[1]Corn!W94 -> 145.15585 | F4: =[1]Corn!X94 -> 119.77479 | G4: =[1]Corn!Y94 -> 157.25966 | H4: =[1]Corn!Z94 -> 181.2356 | I4: =[1]Corn!AA94 -> 157.35178 | ... AF4: =[1]Corn!AX94 -> 107.11412 | AG4: =MROUND(AG$15*(SUM(AA4:AE4)/SUM(AA$15:AE$15)),0.1) -> 157.7 | AH4: =MROUND(AH$15*(SUM(AB4:AF4)/SUM(AB$15:AF$15)),0.1) -> 124.5 | AI4: =MROUND(AI$15*(SUM(AC4:AG4)/SUM(AC$15:AG$15)),0.1) -> 133.9 | AJ4: =MROUND(AJ$15*(SUM(AD4:AH4)/SUM(AD$15:AH$15)),0.1) -> 120.5 | AK4: =MROUND(AK$15*(SUM(AE4:AI4)/SUM(AE$15:AI$15)),0.1) -> 117 | AL4: =MROUND(AL$15*(SUM(AF4:AJ4)/SUM(AF$15:AJ$15)),0.1) -> 118.8 | AM4: =MROUND(AM$15*(SUM(AG4:AK4)/SUM(AG$15:AK$15)),0.1) -> 122 | AN4: =MROUND(AN$15*(SUM(AH4:AL4)/SUM(AH$15:AL$15)),0.1) -> 134.7 | ... AZ4: =MROUND(AZ$15*(SUM(AT4:AX4)/SUM(AT$15:AX$15)),0.1) -> 241.4
A5: November | B5: =[1]Corn!T95 -> 152.73839 | C5: =[1]Corn!U95 -> 204.07658 | D5: =[1]Corn!V95 -> 202.26136 | E5: =[1]Corn!W95 -> 241.87206 | F5: =[1]Corn!X95 -> 118.33494 | G5: =[1]Corn!Y95 -> 169.22138 | H5: =[1]Corn!Z95 -> 163.06634 | I5: =[1]Corn!AA95 -> 146.70902 | ... AF5: =[1]Corn!AX95 -> 141.01837 | AG5: =MROUND(AG$15*(SUM(AA5:AE5)/SUM(AA$15:AE$15)),0.1) -> 161.7 | AH5: =MROUND(AH$15*(SUM(AB5:AF5)/SUM(AB$15:AF$15)),0.1) -> 140.2 | AI5: =MROUND(AI$15*(SUM(AC5:AG5)/SUM(AC$15:AG$15)),0.1) -> 148.2 | AJ5: =MROUND(AJ$15*(SUM(AD5:AH5)/SUM(AD$15:AH$15)),0.1) -> 136 | AK5: =MROUND(AK$15*(SUM(AE5:AI5)/SUM(AE$15:AI$15)),0.1) -> 132.1 | AL5: =MROUND(AL$15*(SUM(AF5:AJ5)/SUM(AF$15:AJ$15)),0.1) -> 134.2 | AM5: =MROUND(AM$15*(SUM(AG5:AK5)/SUM(AG$15:AK$15)),0.1) -> 134.1 | AN5: =MROUND(AN$15*(SUM(AH5:AL5)/SUM(AH$15:AL$15)),0.1) -> 151.4 | ... AZ5: =MROUND(AZ$15*(SUM(AT5:AX5)/SUM(AT$15:AX$15)),0.1) -> 270.2
A6: December | B6: =[1]Corn!T96 -> 138.0722 | C6: =[1]Corn!U96 -> 201.41023 | D6: =[1]Corn!V96 -> 181.65124 | E6: =[1]Corn!W96 -> 187.60475 | F6: =[1]Corn!X96 -> 141.52811 | G6: =[1]Corn!Y96 -> 185.88296 | H6: =[1]Corn!Z96 -> 164.3709 | I6: =[1]Corn!AA96 -> 140.37839 | ... AF6: =[1]Corn!AX96 -> 184.75389 | AG6: =MROUND(AG$15*(SUM(AA6:AE6)/SUM(AA$15:AE$15)),0.1) -> 176.5 | AH6: =MROUND(AH$15*(SUM(AB6:AF6)/SUM(AB$15:AF$15)),0.1) -> 169.8 | AI6: =MROUND(AI$15*(SUM(AC6:AG6)/SUM(AC$15:AG$15)),0.1) -> 179.5 | AJ6: =MROUND(AJ$15*(SUM(AD6:AH6)/SUM(AD$15:AH$15)),0.1) -> 163.4 | AK6: =MROUND(AK$15*(SUM(AE6:AI6)/SUM(AE$15:AI$15)),0.1) -> 164.1 | AL6: =MROUND(AL$15*(SUM(AF6:AJ6)/SUM(AF$15:AJ$15)),0.1) -> 161.3 | AM6: =MROUND(AM$15*(SUM(AG6:AK6)/SUM(AG$15:AK$15)),0.1) -> 159.3 | AN6: =MROUND(AN$15*(SUM(AH6:AL6)/SUM(AH$15:AL$15)),0.1) -> 183.7 | ... AZ6: =MROUND(AZ$15*(SUM(AT6:AX6)/SUM(AT$15:AX$15)),0.1) -> 326.5
A7: January | B7: =[1]Corn!T97 -> 101.91413 | C7: =[1]Corn!U97 -> 194.09242 | D7: =[1]Corn!V97 -> 214.09584 | E7: =[1]Corn!W97 -> 182.96247 | F7: =[1]Corn!X97 -> 118.21136 | G7: =[1]Corn!Y97 -> 129.78868 | H7: =[1]Corn!Z97 -> 156.64846 | I7: =[1]Corn!AA97 -> 130.46727 | ... AF7: =[1]Corn!AX97 -> 163.78452 | AG7: =MROUND(AG$15*(SUM(AA7:AE7)/SUM(AA$15:AE$15)),0.1) -> 194.1 | AH7: =MROUND(AH$15*(SUM(AB7:AF7)/SUM(AB$15:AF$15)),0.1) -> 178.1 | AI7: =MROUND(AI$15*(SUM(AC7:AG7)/SUM(AC$15:AG$15)),0.1) -> 191.8 | AJ7: =MROUND(AJ$15*(SUM(AD7:AH7)/SUM(AD$15:AH$15)),0.1) -> 168.1 | AK7: =MROUND(AK$15*(SUM(AE7:AI7)/SUM(AE$15:AI$15)),0.1) -> 163.3 | AL7: =MROUND(AL$15*(SUM(AF7:AJ7)/SUM(AF$15:AJ$15)),0.1) -> 165.4 | AM7: =MROUND(AM$15*(SUM(AG7:AK7)/SUM(AG$15:AK$15)),0.1) -> 167.1 | AN7: =MROUND(AN$15*(SUM(AH7:AL7)/SUM(AH$15:AL$15)),0.1) -> 190 | ... AZ7: =MROUND(AZ$15*(SUM(AT7:AX7)/SUM(AT$15:AX$15)),0.1) -> 336.6
A8: February | B8: =[1]Corn!T98 -> 86.08343 | C8: =[1]Corn!U98 -> 184.54031 | D8: =[1]Corn!V98 -> 164.27303 | E8: =[1]Corn!W98 -> 153.6183 | F8: =[1]Corn!X98 -> 123.26473 | G8: =[1]Corn!Y98 -> 146.6063 | H8: =[1]Corn!Z98 -> 144.08044 | I8: =[1]Corn!AA98 -> 144.44127 | ... AF8: =[1]Corn!AX98 -> 197.79196 | AG8: =MROUND(AG$15*(SUM(AA8:AE8)/SUM(AA$15:AE$15)),0.1) -> 209.3 | AH8: =MROUND(AH$15*(SUM(AB8:AF8)/SUM(AB$15:AF$15)),0.1) -> 209.6 | AI8: =MROUND(AI$15*(SUM(AC8:AG8)/SUM(AC$15:AG$15)),0.1) -> 213.8 | AJ8: =MROUND(AJ$15*(SUM(AD8:AH8)/SUM(AD$15:AH$15)),0.1) -> 190.2 | AK8: =MROUND(AK$15*(SUM(AE8:AI8)/SUM(AE$15:AI$15)),0.1) -> 185 | AL8: =MROUND(AL$15*(SUM(AF8:AJ8)/SUM(AF$15:AJ$15)),0.1) -> 188.4 | AM8: =MROUND(AM$15*(SUM(AG8:AK8)/SUM(AG$15:AK$15)),0.1) -> 188.1 | AN8: =MROUND(AN$15*(SUM(AH8:AL8)/SUM(AH$15:AL$15)),0.1) -> 216.3 | ... AZ8: =MROUND(AZ$15*(SUM(AT8:AX8)/SUM(AT$15:AX$15)),0.1) -> 381.2
A9: March | B9: =[1]Corn!T99 -> 114.1374 | C9: =[1]Corn!U99 -> 197.71612 | D9: =[1]Corn!V99 -> 214.13793 | E9: =[1]Corn!W99 -> 168.59474 | F9: =[1]Corn!X99 -> 128.49739 | G9: =[1]Corn!Y99 -> 173.26322 | H9: =[1]Corn!Z99 -> 154.04671 | I9: =[1]Corn!AA99 -> 175.63227 | ... AF9: =[1]Corn!AX99 -> 236.75455 | AG9: =MROUND(AG$15*(SUM(AA9:AE9)/SUM(AA$15:AE$15)),0.1) -> 272.7 | AH9: =MROUND(AH$15*(SUM(AB9:AF9)/SUM(AB$15:AF$15)),0.1) -> 268.8 | AI9: =MROUND(AI$15*(SUM(AC9:AG9)/SUM(AC$15:AG$15)),0.1) -> 278.4 | AJ9: =MROUND(AJ$15*(SUM(AD9:AH9)/SUM(AD$15:AH$15)),0.1) -> 240.2 | AK9: =MROUND(AK$15*(SUM(AE9:AI9)/SUM(AE$15:AI$15)),0.1) -> 240 | AL9: =MROUND(AL$15*(SUM(AF9:AJ9)/SUM(AF$15:AJ$15)),0.1) -> 239.4 | AM9: =MROUND(AM$15*(SUM(AG9:AK9)/SUM(AG$15:AK$15)),0.1) -> 242.7 | AN9: =MROUND(AN$15*(SUM(AH9:AL9)/SUM(AH$15:AL$15)),0.1) -> 277.7 | ... AZ9: =MROUND(AZ$15*(SUM(AT9:AX9)/SUM(AT$15:AX$15)),0.1) -> 489.4
A10: April | B10: =[1]Corn!T100 -> 84.621049 | C10: =[1]Corn!U100 -> 166.71842 | D10: =[1]Corn!V100 -> 197.60518 | E10: =[1]Corn!W100 -> 141.96224 | F10: =[1]Corn!X100 -> 105.87377 | G10: =[1]Corn!Y100 -> 173.61117 | H10: =[1]Corn!Z100 -> 153.09264 | I10: =[1]Corn!AA100 -> 164.88176 | ... AF10: =[1]Corn!AX100 -> 252.54912 | AG10: =MROUND(AG$15*(SUM(AA10:AE10)/SUM(AA$15:AE$15)),0.1) -> 272 | AH10: =MROUND(AH$15*(SUM(AB10:AF10)/SUM(AB$15:AF$15)),0.1) -> 264.8 | AI10: =MROUND(AI$15*(SUM(AC10:AG10)/SUM(AC$15:AG$15)),0.1) -> 270.8 | AJ10: =MROUND(AJ$15*(SUM(AD10:AH10)/SUM(AD$15:AH$15)),0.1) -> 239.8 | AK10: =MROUND(AK$15*(SUM(AE10:AI10)/SUM(AE$15:AI$15)),0.1) -> 241.6 | AL10: =MROUND(AL$15*(SUM(AF10:AJ10)/SUM(AF$15:AJ$15)),0.1) -> 240 | AM10: =MROUND(AM$15*(SUM(AG10:AK10)/SUM(AG$15:AK$15)),0.1) -> 240.6 | AN10: =MROUND(AN$15*(SUM(AH10:AL10)/SUM(AH$15:AL$15)),0.1) -> 275.5 | ... AZ10: =MROUND(AZ$15*(SUM(AT10:AX10)/SUM(AT$15:AX$15)),0.1) -> 487.3
A11: May | B11: =[1]Corn!T101 -> 71.339796 | C11: =[1]Corn!U101 -> 212.77961 | D11: =[1]Corn!V101 -> 197.12548 | E11: =[1]Corn!W101 -> 122.60904 | F11: =[1]Corn!X101 -> 113.11402 | G11: =[1]Corn!Y101 -> 150.47831 | H11: =[1]Corn!Z101 -> 144.00871 | I11: =[1]Corn!AA101 -> 114.6749 | ... AF11: =[1]Corn!AX101 -> 231.43021 | AG11: =MROUND(AG$15*(SUM(AA11:AE11)/SUM(AA$15:AE$15)),0.1) -> 283.6 | AH11: =MROUND(AH$15*(SUM(AB11:AF11)/SUM(AB$15:AF$15)),0.1) -> 277.4 | AI11: =MROUND(AI$15*(SUM(AC11:AG11)/SUM(AC$15:AG$15)),0.1) -> 280.6 | AJ11: =MROUND(AJ$15*(SUM(AD11:AH11)/SUM(AD$15:AH$15)),0.1) -> 250.2 | AK11: =MROUND(AK$15*(SUM(AE11:AI11)/SUM(AE$15:AI$15)),0.1) -> 252.4 | AL11: =MROUND(AL$15*(SUM(AF11:AJ11)/SUM(AF$15:AJ$15)),0.1) -> 244.3 | AM11: =MROUND(AM$15*(SUM(AG11:AK11)/SUM(AG$15:AK$15)),0.1) -> 250.9 | AN11: =MROUND(AN$15*(SUM(AH11:AL11)/SUM(AH$15:AL$15)),0.1) -> 286 | ... AZ11: =MROUND(AZ$15*(SUM(AT11:AX11)/SUM(AT$15:AX$15)),0.1) -> 505.1
A12: June | B12: =[1]Corn!T102 -> 86.296802 | C12: =[1]Corn!U102 -> 158.51497 | D12: =[1]Corn!V102 -> 137.33494 | E12: =[1]Corn!W102 -> 113.32974 | F12: =[1]Corn!X102 -> 131.13729 | G12: =[1]Corn!Y102 -> 199.20279 | H12: =[1]Corn!Z102 -> 143.63256 | I12: =[1]Corn!AA102 -> 154.60018 | ... AE12: =[1]Corn!AW102 -> 150.14231 | AF12: =MROUND(AF$15*(SUM(Z12:AD12)/SUM(Z$15:AD$15)),0.1) -> 205.9 | AG12: =MROUND(AG$15*(SUM(AA12:AE12)/SUM(AA$15:AE$15)),0.1) -> 208.4 | AH12: =MROUND(AH$15*(SUM(AB12:AF12)/SUM(AB$15:AF$15)),0.1) -> 215.6 | AI12: =MROUND(AI$15*(SUM(AC12:AG12)/SUM(AC$15:AG$15)),0.1) -> 210.2 | AJ12: =MROUND(AJ$15*(SUM(AD12:AH12)/SUM(AD$15:AH$15)),0.1) -> 189 | AK12: =MROUND(AK$15*(SUM(AE12:AI12)/SUM(AE$15:AI$15)),0.1) -> 190 | AL12: =MROUND(AL$15*(SUM(AF12:AJ12)/SUM(AF$15:AJ$15)),0.1) -> 190 | AM12: =MROUND(AM$15*(SUM(AG12:AK12)/SUM(AG$15:AK$15)),0.1) -> 189.1 | ... AZ12: =MROUND(AZ$15*(SUM(AT12:AX12)/SUM(AT$15:AX$15)),0.1) -> 384
A13: July | B13: =[1]Corn!T103 -> 93.263892 | C13: =[1]Corn!U103 -> 192.8855 | D13: =[1]Corn!V103 -> 148.2821 | E13: =[1]Corn!W103 -> 97.419923 | F13: =[1]Corn!X103 -> 127.75804 | G13: =[1]Corn!Y103 -> 188.63422 | H13: =[1]Corn!Z103 -> 153.53923 | I13: =[1]Corn!AA103 -> 183.03342 | ... AE13: =[1]Corn!AW103 -> 92.483282 | AF13: =MROUND(AF$15*(SUM(Z13:AD13)/SUM(Z$15:AD$15)),0.1) -> 184.9 | AG13: =MROUND(AG$15*(SUM(AA13:AE13)/SUM(AA$15:AE$15)),0.1) -> 174.8 | AH13: =MROUND(AH$15*(SUM(AB13:AF13)/SUM(AB$15:AF$15)),0.1) -> 178.1 | AI13: =MROUND(AI$15*(SUM(AC13:AG13)/SUM(AC$15:AG$15)),0.1) -> 172.3 | AJ13: =MROUND(AJ$15*(SUM(AD13:AH13)/SUM(AD$15:AH$15)),0.1) -> 153.1 | AK13: =MROUND(AK$15*(SUM(AE13:AI13)/SUM(AE$15:AI$15)),0.1) -> 154 | AL13: =MROUND(AL$15*(SUM(AF13:AJ13)/SUM(AF$15:AJ$15)),0.1) -> 159.4 | AM13: =MROUND(AM$15*(SUM(AG13:AK13)/SUM(AG$15:AK$15)),0.1) -> 155.4 | ... AZ13: =MROUND(AZ$15*(SUM(AT13:AX13)/SUM(AT$15:AX$15)),0.1) -> 315.6
A14: August | B14: =[1]Corn!T104 -> 112.88206 | C14: =[1]Corn!U104 -> 218.64926 | D14: =[1]Corn!V104 -> 110.17184 | E14: =[1]Corn!W104 -> 141.98114 | F14: =[1]Corn!X104 -> 137.48186 | G14: =[1]Corn!Y104 -> 183.70251 | H14: =[1]Corn!Z104 -> 188.12894 | I14: =[1]Corn!AA104 -> 226.56326 | ... AE14: =[1]Corn!AW104 -> 105.61948 | AF14: =AF15-SUM(AF3:AF13) -> 196.89389 | AG14: =AG15-SUM(AG3:AG13) -> 146.2 | AH14: =AH15-SUM(AH3:AH13) -> 156.2 | AI14: =AI15-SUM(AI3:AI13) -> 144.9 | AJ14: =AJ15-SUM(AJ3:AJ13) -> 139.8 | AK14: =AK15-SUM(AK3:AK13) -> 143.9 | AL14: =AL15-SUM(AL3:AL13) -> 144.8 | AM14: =AM15-SUM(AM3:AM13) -> 136.5 | ... AZ14: =AZ15-SUM(AZ3:AZ13) -> 283.4
A15: Total | B15: =SUM(B3:B14) -> 1318.8446 | C15: =SUM(C3:C14) -> 2187.1079 | D15: =SUM(D3:D14) -> 2218.4594 | E15: =SUM(E3:E14) -> 1797.0782 | F15: =SUM(F3:F14) -> 1506.9626 | G15: =SUM(G3:G14) -> 1982.6305 | H15: =SUM(H3:H14) -> 1936.5657 | I15: =SUM(I3:I14) -> 1941.3479 | ... AE15: =SUM(AE3:AE14) -> 1669.7783 | AF15: 2225 | AG15: 2400 | AH15: 2300 | AI15: 2350 | AJ15: 2100 | AK15: 2100 | AL15: 2100 | AM15: 2100 | AN15: 2400 | AO15: 2600 | AP15: 2700 | AQ15: 2800 | AR15: 2900 | AS15: 3100 | AT15: 3250 | AU15: 3500 | AV15: 3750 | AW15: 3750 | AX15: 3750 | AY15: 4000 | AZ15: 4250
A17: CORN EXPORT INSPECTIONS INCLUDING CANADA (Million Bushels)
A18: Monthly Inspections Sheet - Line 290 | B18: =B2 -> 93/94 | C18: =C2 -> 94/95 | D18: =D2 -> 95/96 | E18: =E2 -> 96/97 | F18: =F2 -> 97/98 | G18: =G2 -> 98/99 | H18: =H2 -> 99/00 | I18: =I2 -> 00/01 | ... AW18: =AW2 -> 40/41
A19: September | AE19: ='Monthly Export Inspections'!NS$292/1000 -> 0 | AF19: ='Monthly Export Inspections'!OE$292/1000 -> 0
A20: October | AE20: ='Monthly Export Inspections'!NT$292/1000 -> 0 | AF20: ='Monthly Export Inspections'!OF$292/1000 -> 0
A21: November | AE21: ='Monthly Export Inspections'!NU$292/1000 -> 0 | AF21: ='Monthly Export Inspections'!OG$292/1000 -> 0
A22: December | AE22: ='Monthly Export Inspections'!NV$292/1000 -> 0 | AF22: ='Monthly Export Inspections'!OH$292/1000 -> 0
A23: January | AE23: ='Monthly Export Inspections'!NW$292/1000 -> 0 | AF23: ='Monthly Export Inspections'!OI$292/1000 -> 0
A24: February | AE24: ='Monthly Export Inspections'!NX$292/1000 -> 0 | AF24: ='Monthly Export Inspections'!OJ$292/1000 -> 0
A25: March | AE25: ='Monthly Export Inspections'!NY$292/1000 -> 0 | AF25: ='Monthly Export Inspections'!OK$292/1000 -> 0
A26: April | AE26: ='Monthly Export Inspections'!NZ$292/1000 -> 0 | AF26: ='Monthly Export Inspections'!OL$292/1000 -> 0
A27: May | AE27: ='Monthly Export Inspections'!OA$292/1000 -> 0 | AF27: ='Monthly Export Inspections'!OM$292/1000 -> 0
A28: June | AE28: ='Monthly Export Inspections'!OB$292/1000 -> 0
A29: July | AE29: ='Monthly Export Inspections'!OC$292/1000 -> 0
A30: August | AE30: ='Monthly Export Inspections'!OD$292/1000 -> 0
A31: Total | AE31: =SUM(AE19:AE30) -> 0
A33: CORN CENSUS EXPORTS LESS EXPORT INSPECTIONS INCLUDING CANADA (Million Bushels)
B34: =B2 -> 93/94 | C34: =C2 -> 94/95 | D34: =D2 -> 95/96 | E34: =E2 -> 96/97 | F34: =F2 -> 97/98 | G34: =G2 -> 98/99 | H34: =H2 -> 99/00 | I34: =I2 -> 00/01 | ... AW34: =AW2 -> 40/41
A35: September | AE35: =AE3-AE19 -> 100.18314 | AF35: =AF3-AF19 -> 122.10936
A36: October | AE36: =AE4-AE20 -> 86.814242 | AF36: =AF4-AF20 -> 107.11412
A37: November | AE37: =AE5-AE21 -> 97.487181 | AF37: =AF5-AF21 -> 141.01837
A38: December | AE38: =AE6-AE22 -> 144.44655 | AF38: =AF6-AF22 -> 184.75389
A39: January | AE39: =AE7-AE23 -> 123.31002 | AF39: =AF7-AF23 -> 163.78452
A40: February | AE40: =AE8-AE24 -> 133.90455 | AF40: =AF8-AF24 -> 197.79196
A41: March | AE41: =AE9-AE25 -> 193.94091 | AF41: =AF9-AF25 -> 236.75455
A42: April | AE42: =AE10-AE26 -> 199.25362 | AF42: =AF10-AF26 -> 252.54912
A43: May | AE43: =AE11-AE27 -> 242.19305 | AF43: =AF11-AF27 -> 231.43021
A44: June | AE44: =AE12-AE28 -> 150.14231
A45: July | AE45: =AE13-AE29 -> 92.483282
A46: August | AE46: =AE14-AE30 -> 105.61948
A47: Total | AE47: =SUM(AE35:AE46) -> 1669.7783
A49: CORN EXPORT INSPECTIONS (Million Bushels)
A50: Monthly Inspections Sheet - Line 290 | B50: =B2 -> 93/94 | C50: =C2 -> 94/95 | D50: =D2 -> 95/96 | E50: =E2 -> 96/97 | F50: =F2 -> 97/98 | G50: =G2 -> 98/99 | H50: =H2 -> 99/00 | I50: =I2 -> 00/01 | ... AW50: =AW2 -> 40/41
A51: September | AE51: ='Monthly Export Inspections'!NS$290/1000 -> 0 | AF51: ='Monthly Export Inspections'!OE$290/1000 -> 0
A52: October | AE52: ='Monthly Export Inspections'!NT$290/1000 -> 0 | AF52: ='Monthly Export Inspections'!OF$290/1000 -> 0
A53: November | AE53: ='Monthly Export Inspections'!NU$290/1000 -> 0 | AF53: ='Monthly Export Inspections'!OG$290/1000 -> 0
A54: December | AE54: ='Monthly Export Inspections'!NV$290/1000 -> 0 | AF54: ='Monthly Export Inspections'!OH$290/1000 -> 0
A55: January | AE55: ='Monthly Export Inspections'!NW$290/1000 -> 0 | AF55: ='Monthly Export Inspections'!OI$290/1000 -> 0
A56: February | AE56: ='Monthly Export Inspections'!NX$290/1000 -> 0 | AF56: ='Monthly Export Inspections'!OJ$290/1000 -> 0
A57: March | AE57: ='Monthly Export Inspections'!NY$290/1000 -> 0 | AF57: ='Monthly Export Inspections'!OK$290/1000 -> 0
A58: April | AE58: ='Monthly Export Inspections'!NZ$290/1000 -> 0 | AF58: ='Monthly Export Inspections'!OL$290/1000 -> 0
A59: May | AE59: ='Monthly Export Inspections'!OA$290/1000 -> 0 | AF59: ='Monthly Export Inspections'!OM$290/1000 -> 0
A60: June | AE60: ='Monthly Export Inspections'!OB$290/1000 -> 0
A61: July | AE61: ='Monthly Export Inspections'!OC$290/1000 -> 0
A62: August | AE62: ='Monthly Export Inspections'!OD$290/1000 -> 0
A63: Total | AE63: =SUM(AE51:AE62) -> 0
A65: CORN CENSUS EXPORTS LESS EXPORT INSPECTIONS (Million Bushels)
B66: =B2 -> 93/94 | C66: =C2 -> 94/95 | D66: =D2 -> 95/96 | E66: =E2 -> 96/97 | F66: =F2 -> 97/98 | G66: =G2 -> 98/99 | H66: =H2 -> 99/00 | I66: =I2 -> 00/01 | ... AW66: =AW2 -> 40/41
A67: September | AE67: =AE3-AE51 -> 100.18314 | AF67: =AF3-AF51 -> 122.10936
A68: October | AE68: =AE4-AE52 -> 86.814242 | AF68: =AF4-AF52 -> 107.11412
A69: November | AE69: =AE5-AE53 -> 97.487181 | AF69: =AF5-AF53 -> 141.01837
A70: December | AE70: =AE6-AE54 -> 144.44655 | AF70: =AF6-AF54 -> 184.75389
A71: January | AE71: =AE7-AE55 -> 123.31002 | AF71: =AF7-AF55 -> 163.78452
A72: February | AE72: =AE8-AE56 -> 133.90455 | AF72: =AF8-AF56 -> 197.79196
A73: March | AE73: =AE9-AE57 -> 193.94091 | AF73: =AF9-AF57 -> 236.75455
A74: April | AE74: =AE10-AE58 -> 199.25362 | AF74: =AF10-AF58 -> 252.54912
A75: May | AE75: =AE11-AE59 -> 242.19305 | AF75: =AF11-AF59 -> 231.43021
A76: June | AE76: =AE12-AE60 -> 150.14231
A77: July | AE77: =AE13-AE61 -> 92.483282
A78: August | AE78: =AE14-AE62 -> 105.61948
A79: Total | AE79: =SUM(AE67:AE78) -> 1669.7783

Sheet Monthly Export Inspections
A1: US CORN EXPORT INSPECTIONS (Million Bushels) | AI1: Thousand Bushels
A2: Inspections Data Link | B2: 93/94 | C2: 94/95 | D2: 95/96 | E2: 96/97 | F2: 97/98 | G2: 98/99 | H2: 99/00 | I2: 00/01 | J2: 01/02 | K2: 02/03 | L2: 03/04 | M2: 04/05 | N2: 05/06 | O2: 06/07 | P2: 07/08 | Q2: 08/09 | R2: 09/10 | S2: 10/11 | T2: 11/12 | U2: 12/13 | V2: 13/14 | W2: 14/15 | X2: 15/16 | Y2: 16/17 | Z2: 17/18 | AA2: 18/19 | AB2: 19/20 | AC2: 20/21 | AD2: 21/22 | AE2: 22/23 | AF2: 23/24 | AI2: 34213 | AJ2: 34243 | AK2: 34274 | AL2: 34304 | AM2: 34335 | AN2: 34366 | AO2: 34394 | AP2: 34425 | AQ2: 34455 | AR2: 34486 | AS2: 34516 | AT2: 34547 | AU2: 34578 | AV2: 34608 | AW2: 34639 | AX2: 34669 | AY2: 34700 | AZ2: 34731 | BA2: 34759 | BB2: 34790 | BC2: 34820 | BD2: 34851 | BE2: 34881 | BF2: 34912 | BG2: 34943 | BH2: 34973 | BI2: 35004 | BJ2: 35034 | BK2: 35065 | BL2: 35096 | BM2: 35125 | BN2: 35156 | BO2: 35186 | BP2: 35217 | BQ2: 35247 | BR2: 35278 | BS2: 35309 | BT2: 35339 | BU2: 35370 | BV2: 35400 | BW2: 35431 | BX2: 35462 | BY2: 35490 | BZ2: 35521 | CA2: 35551 | CB2: 35582 | CC2: 35612 | CD2: 35643 | CE2: 35674 | CF2: 35704 | CG2: 35735 | CH2: 35765 | CI2: 35796 | CJ2: 35827 | CK2: 35855 | CL2: 35886 | CM2: 35916 | CN2: 35947 | CO2: 35977 | CP2: 36008 | CQ2: 36039 | CR2: 36069 | CS2: 36100 | CT2: 36130 | CU2: 36161 | CV2: 36192 | CW2: 36220 | CX2: 36251 | CY2: 36281 | CZ2: 36312 | DA2: 36342 | DB2: 36373 | DC2: 36404 | DD2: 36434 | DE2: 36465 | DF2: 36495 | DG2: 36526 | DH2: 36557 | DI2: 36586 | DJ2: 36617 | DK2: 36647 | DL2: 36678 | DM2: 36708 | DN2: 36739 | DO2: 36770 | DP2: 36800 | DQ2: 36831 | DR2: 36861 | DS2: 36892 | DT2: 36923 | DU2: 36951 | DV2: 36982 | DW2: 37012 | DX2: 37043 | DY2: 37073 | DZ2: 37104 | EA2: 37135 | EB2: 37165 | EC2: 37196 | ED2: 37226 | EE2: 37257 | EF2: 37288 | EG2: 37316 | EH2: 37347 | EI2: 37377 | EJ2: 37408 | EK2: 37438 | EL2: 37469 | EM2: 37500 | EN2: 37530 | EO2: 37561 | EP2: 37591 | EQ2: 37622 | ER2: 37653 | ES2: 37681 | ET2: 37712 | EU2: 37742 | EV2: 37773 | EW2: 37803 | EX2: 37834 | EY2: 37865 | EZ2: 37895 | FA2: 37926 | FB2: 37956 | FC2: 37987 | FD2: 38018 | FE2: 38047 | FF2: 38078 | FG2: 38108 | FH2: 38139 | FI2: 38169 | FJ2: 38200 | FK2: 38231 | FL2: 38261 | FM2: 38292 | FN2: 38322 | FO2: 38353 | FP2: 38384 | FQ2: 38412 | FR2: 38443 | FS2: 38473 | FT2: 38504 | FU2: 38534 | FV2: 38565 | FW2: 38596 | FX2: 38626 | FY2: 38657 | FZ2: 38687 | GA2: 38718 | GB2: 38749 | GC2: 38777 | GD2: 38808 | GE2: 38838 | GF2: 38869 | GG2: 38899 | GH2: 38930 | GI2: 38961 | GJ2: 38991 | GK2: 39022 | GL2: 39052 | GM2: 39083 | GN2: 39114 | GO2: 39142 | GP2: 39173 | GQ2: 39203 | GR2: 39234 | GS2: 39264 | GT2: 39295 | GU2: 39326 | GV2: 39356 | GW2: 39387 | GX2: 39417 | GY2: 39448 | GZ2: 39479 | HA2: 39508 | HB2: 39539 | HC2: 39569 | HD2: 39600 | HE2: 39630 | HF2: 39661 | HG2: 39692 | HH2: 39722 | HI2: 39753 | HJ2: 39783 | HK2: 39814 | HL2: 39845 | HM2: 39873 | HN2: 39904 | HO2: 39934 | HP2: 39965 | HQ2: 39995 | HR2: 40026 | HS2: 40057 | HT2: 40087 | HU2: 40118 | HV2: 40148 | HW2: 40179 | HX2: 40210 | HY2: 40238 | HZ2: 40269 | IA2: 40299 | IB2: 40330 | IC2: 40360 | ID2: 40391 | IE2: 40422 | IF2: 40452 | IG2: 40483 | IH2: 40513 | II2: 40544 | IJ2: 40575 | IK2: 40603 | IL2: 40634 | IM2: 40664 | IN2: 40695 | IO2: 40725 | IP2: 40756 | IQ2: 40787 | IR2: 40817 | IS2: 40848 | IT2: 40878 | IU2: 40909 | IV2: 40940 | IW2: 40969 | IX2: 41000 | IY2: 41030 | IZ2: 41061 | JA2: 41091 | JB2: 41122 | JC2: 41153 | JD2: 41183 | JE2: 41214 | JF2: 41244 | JG2: 41275 | JH2: 41306 | JI2: 41334 | JJ2: 41365 | JK2: 41395 | JL2: 41426 | JM2: 41456 | JN2: 41487 | JO2: 41518 | JP2: 41548 | JQ2: 41579 | JR2: 41609 | JS2: 41640 | JT2: 41671 | JU2: 41699 | JV2: 41730 | JW2: 41760 | JX2: 41791 | JY2: 41821 | JZ2: 41852 | KA2: 41883 | KB2: 41913 | KC2: 41944 | KD2: 41974 | KE2: 42005 | KF2: 42036 | KG2: 42064 | KH2: 42095 | KI2: 42125 | KJ2: 42156 | KK2: 42186 | KL2: 42217 | KM2: 42248 | KN2: 42278 | KO2: 42309 | KP2: 42339 | KQ2: 42370 | KR2: 42401 | KS2: 42430 | KT2: 42461 | KU2: 42491 | KV2: 42522 | KW2: 42552 | KX2: 42583 | KY2: 42614 | KZ2: 42644 | LA2: 42675 | LB2: 42705 | LC2: 42736 | LD2: 42767 | LE2: 42795 | LF2: 42826 | LG2: 42856 | LH2: 42887 | LI2: 42917 | LJ2: 42948 | LK2: 42979 | LL2: 43009 | LM2: 43040 | LN2: 43070 | LO2: 43101 | LP2: 43132 | LQ2: 43160 | LR2: 43191 | LS2: 43221 | LT2: 43252 | LU2: 43282 | LV2: 43313 | LW2: 43344 | LX2: 43374 | LY2: 43405 | LZ2: 43435 | MA2: 43466 | MB2: 43497 | MC2: 43525 | MD2: 43556 | ME2: 43586 | MF2: 43617 | MG2: 43647 | MH2: 43678 | MI2: 43709 | MJ2: 43739 | MK2: 43770 | ML2: 43800 | MM2: 43831 | MN2: 43862 | MO2: 43891 | MP2: 43922 | MQ2: 43952 | MR2: 43983 | MS2: 44013 | MT2: 44044 | MU2: 44075 | MV2: 44105 | MW2: 44136 | MX2: 44166 | MY2: 44197 | MZ2: 44228 | NA2: 44256 | NB2: 44287 | NC2: 44317 | ND2: 44348 | NE2: 44378 | NF2: 44409 | NG2: 44440 | NH2: 44470 | NI2: 44501 | NJ2: 44531 | NK2: 44562 | NL2: 44593 | NM2: 44621 | NN2: 44652 | NO2: 44682 | NP2: 44713 | NQ2: 44743 | NR2: 44774 | NS2: 44805 | NT2: 44835 | NU2: 44866 | NV2: 44896 | NW2: 44927 | NX2: 44958 | NY2: 44986 | NZ2: 45017 | OA2: 45047 | OB2: 45078 | OC2: 45108 | OD2: 45139 | OE2: 45170 | OF2: 45200 | OG2: 45231 | OH2: 45261 | OI2: 45292 | OJ2: 45323 | OK2: 45352 | OL2: 45383 | OM2: 45413 | ON2: 45444 | OO2: 45474 | OP2: 45505 | OQ2: 45536 | OR2: 45566 | OS2: 45597 | OT2: 45627 | OU2: 45658 | OV2: 45689 | OW2: 45717 | OX2: 45748 | OY2: 45778 | OZ2: 45809 | PA2: 45839 | PB2: 45870 | PC2: 45901 | PD2: 45931 | PE2: 45962 | PF2: 45992 | PG2: 46023 | PH2: 46054 | PI2: 46082 | PJ2: 46113 | PK2: 46143 | PL2: 46174 | PM2: 46204 | PN2: 46235 | PO2: 46266 | PP2: 46296 | PQ2: 46327 | PR2: 46357 | PS2: 46388 | PT2: 46419 | PU2: 46447 | PV2: 46478
A4: European Union-28 | B4: =SUM(B5:B35) -> 0 | C4: =SUM(C5:C35) -> 0 | D4: =SUM(D5:D35) -> 0 | E4: =SUM(E5:E35) -> 0 | F4: =SUM(F5:F35) -> 0 | G4: =SUM(G5:G35) -> 0 | H4: =SUM(H5:H35) -> 0 | I4: =SUM(I5:I35) -> 0 | ... AF4: =SUM(AF5:AF35) -> 0 | AI4: =SUM(AI5:AI35) -> 0 | AJ4: =SUM(AJ5:AJ35) -> 0 | AK4: =SUM(AK5:AK35) -> 0 | AL4: =SUM(AL5:AL35) -> 0 | AM4: =SUM(AM5:AM35) -> 0 | AN4: =SUM(AN5:AN35) -> 0 | AO4: =SUM(AO5:AO35) -> 0 | AP4: =SUM(AP5:AP35) -> 0 | ... PV4: =SUM(PV5:PV35) -> 0
A5: Austria | B5: =SUM(AI5:AT5)/1000 -> 0 | C5: =SUM(AU5:BF5)/1000 -> 0 | D5: =SUM(BG5:BR5)/1000 -> 0 | E5: =SUM(BS5:CD5)/1000 -> 0 | F5: =SUM(CE5:CP5)/1000 -> 0 | G5: =SUM(CQ5:DB5)/1000 -> 0 | H5: =SUM(DC5:DN5)/1000 -> 0 | I5: =SUM(DO5:DZ5)/1000 -> 0 | J5: =SUM(EA5:EL5)/1000 -> 0 | K5: =SUM(EM5:EX5)/1000 -> 0 | L5: =SUM(EY5:FJ5)/1000 -> 0 | M5: =SUM(FK5:FV5)/1000 -> 0 | N5: =SUM(FW5:GH5)/1000 -> 0 | O5: =SUM(GI5:GT5)/1000 -> 0 | P5: =SUM(GU5:HF5)/1000 -> 0 | Q5: =SUM(HG5:HR5)/1000 -> 0 | R5: =SUM(HS5:ID5)/1000 -> 0 | S5: =SUM(IE5:IP5)/1000 -> 0 | T5: =SUM(IQ5:JB5)/1000 -> 0 | U5: =SUM(JC5:JN5)/1000 -> 0 | V5: =SUM(JO5:JZ5)/1000 -> 0 | W5: =SUM(KA5:KL5)/1000 -> 0 | X5: =SUM(KM5:KX5)/1000 -> 0 | Y5: =SUM(KY5:LJ5)/1000 -> 0 | Z5: =SUM(LK5:LV5)/1000 -> 0 | AA5: =SUM(LW5:MH5)/1000 -> 0 | AB5: =SUM(MI5:MT5)/1000 -> 0 | AC5: =SUM(MU5:NF5)/1000 -> 0 | AD5: =SUM(NG5:NR5)/1000 -> 0 | AE5: =SUM(NS5:OD5)/1000 -> 0 | AF5: =SUM(OE5:OP5)/1000 -> 0
A6: Belgium | B6: =SUM(AI6:AT6)/1000 -> 0 | C6: =SUM(AU6:BF6)/1000 -> 0 | D6: =SUM(BG6:BR6)/1000 -> 0 | E6: =SUM(BS6:CD6)/1000 -> 0 | F6: =SUM(CE6:CP6)/1000 -> 0 | G6: =SUM(CQ6:DB6)/1000 -> 0 | H6: =SUM(DC6:DN6)/1000 -> 0 | I6: =SUM(DO6:DZ6)/1000 -> 0 | J6: =SUM(EA6:EL6)/1000 -> 0 | K6: =SUM(EM6:EX6)/1000 -> 0 | L6: =SUM(EY6:FJ6)/1000 -> 0 | M6: =SUM(FK6:FV6)/1000 -> 0 | N6: =SUM(FW6:GH6)/1000 -> 0 | O6: =SUM(GI6:GT6)/1000 -> 0 | P6: =SUM(GU6:HF6)/1000 -> 0 | Q6: =SUM(HG6:HR6)/1000 -> 0 | R6: =SUM(HS6:ID6)/1000 -> 0 | S6: =SUM(IE6:IP6)/1000 -> 0 | T6: =SUM(IQ6:JB6)/1000 -> 0 | U6: =SUM(JC6:JN6)/1000 -> 0 | V6: =SUM(JO6:JZ6)/1000 -> 0 | W6: =SUM(KA6:KL6)/1000 -> 0 | X6: =SUM(KM6:KX6)/1000 -> 0 | Y6: =SUM(KY6:LJ6)/1000 -> 0 | Z6: =SUM(LK6:LV6)/1000 -> 0 | AA6: =SUM(LW6:MH6)/1000 -> 0 | AB6: =SUM(MI6:MT6)/1000 -> 0 | AC6: =SUM(MU6:NF6)/1000 -> 0 | AD6: =SUM(NG6:NR6)/1000 -> 0 | AE6: =SUM(NS6:OD6)/1000 -> 0 | AF6: =SUM(OE6:OP6)/1000 -> 0
A7: Belgium-Luxembourg | B7: =SUM(AI7:AT7)/1000 -> 0 | C7: =SUM(AU7:BF7)/1000 -> 0 | D7: =SUM(BG7:BR7)/1000 -> 0 | E7: =SUM(BS7:CD7)/1000 -> 0 | F7: =SUM(CE7:CP7)/1000 -> 0 | G7: =SUM(CQ7:DB7)/1000 -> 0 | H7: =SUM(DC7:DN7)/1000 -> 0 | I7: =SUM(DO7:DZ7)/1000 -> 0 | J7: =SUM(EA7:EL7)/1000 -> 0 | K7: =SUM(EM7:EX7)/1000 -> 0 | L7: =SUM(EY7:FJ7)/1000 -> 0 | M7: =SUM(FK7:FV7)/1000 -> 0 | N7: =SUM(FW7:GH7)/1000 -> 0 | O7: =SUM(GI7:GT7)/1000 -> 0 | P7: =SUM(GU7:HF7)/1000 -> 0 | Q7: =SUM(HG7:HR7)/1000 -> 0 | R7: =SUM(HS7:ID7)/1000 -> 0 | S7: =SUM(IE7:IP7)/1000 -> 0 | T7: =SUM(IQ7:JB7)/1000 -> 0 | U7: =SUM(JC7:JN7)/1000 -> 0 | V7: =SUM(JO7:JZ7)/1000 -> 0 | W7: =SUM(KA7:KL7)/1000 -> 0 | X7: =SUM(KM7:KX7)/1000 -> 0 | Y7: =SUM(KY7:LJ7)/1000 -> 0 | Z7: =SUM(LK7:LV7)/1000 -> 0 | AA7: =SUM(LW7:MH7)/1000 -> 0 | AB7: =SUM(MI7:MT7)/1000 -> 0 | AC7: =SUM(MU7:NF7)/1000 -> 0 | AD7: =SUM(NG7:NR7)/1000 -> 0 | AE7: =SUM(NS7:OD7)/1000 -> 0 | AF7: =SUM(OE7:OP7)/1000 -> 0
A8: Bulgaria | B8: =SUM(AI8:AT8)/1000 -> 0 | C8: =SUM(AU8:BF8)/1000 -> 0 | D8: =SUM(BG8:BR8)/1000 -> 0 | E8: =SUM(BS8:CD8)/1000 -> 0 | F8: =SUM(CE8:CP8)/1000 -> 0 | G8: =SUM(CQ8:DB8)/1000 -> 0 | H8: =SUM(DC8:DN8)/1000 -> 0 | I8: =SUM(DO8:DZ8)/1000 -> 0 | J8: =SUM(EA8:EL8)/1000 -> 0 | K8: =SUM(EM8:EX8)/1000 -> 0 | L8: =SUM(EY8:FJ8)/1000 -> 0 | M8: =SUM(FK8:FV8)/1000 -> 0 | N8: =SUM(FW8:GH8)/1000 -> 0 | O8: =SUM(GI8:GT8)/1000 -> 0 | P8: =SUM(GU8:HF8)/1000 -> 0 | Q8: =SUM(HG8:HR8)/1000 -> 0 | R8: =SUM(HS8:ID8)/1000 -> 0 | S8: =SUM(IE8:IP8)/1000 -> 0 | T8: =SUM(IQ8:JB8)/1000 -> 0 | U8: =SUM(JC8:JN8)/1000 -> 0 | V8: =SUM(JO8:JZ8)/1000 -> 0 | W8: =SUM(KA8:KL8)/1000 -> 0 | X8: =SUM(KM8:KX8)/1000 -> 0 | Y8: =SUM(KY8:LJ8)/1000 -> 0 | Z8: =SUM(LK8:LV8)/1000 -> 0 | AA8: =SUM(LW8:MH8)/1000 -> 0 | AB8: =SUM(MI8:MT8)/1000 -> 0 | AC8: =SUM(MU8:NF8)/1000 -> 0 | AD8: =SUM(NG8:NR8)/1000 -> 0 | AE8: =SUM(NS8:OD8)/1000 -> 0 | AF8: =SUM(OE8:OP8)/1000 -> 0
A9: Croatia | B9: =SUM(AI9:AT9)/1000 -> 0 | C9: =SUM(AU9:BF9)/1000 -> 0 | D9: =SUM(BG9:BR9)/1000 -> 0 | E9: =SUM(BS9:CD9)/1000 -> 0 | F9: =SUM(CE9:CP9)/1000 -> 0 | G9: =SUM(CQ9:DB9)/1000 -> 0 | H9: =SUM(DC9:DN9)/1000 -> 0 | I9: =SUM(DO9:DZ9)/1000 -> 0 | J9: =SUM(EA9:EL9)/1000 -> 0 | K9: =SUM(EM9:EX9)/1000 -> 0 | L9: =SUM(EY9:FJ9)/1000 -> 0 | M9: =SUM(FK9:FV9)/1000 -> 0 | N9: =SUM(FW9:GH9)/1000 -> 0 | O9: =SUM(GI9:GT9)/1000 -> 0 | P9: =SUM(GU9:HF9)/1000 -> 0 | Q9: =SUM(HG9:HR9)/1000 -> 0 | R9: =SUM(HS9:ID9)/1000 -> 0 | S9: =SUM(IE9:IP9)/1000 -> 0 | T9: =SUM(IQ9:JB9)/1000 -> 0 | U9: =SUM(JC9:JN9)/1000 -> 0 | V9: =SUM(JO9:JZ9)/1000 -> 0 | W9: =SUM(KA9:KL9)/1000 -> 0 | X9: =SUM(KM9:KX9)/1000 -> 0 | Y9: =SUM(KY9:LJ9)/1000 -> 0 | Z9: =SUM(LK9:LV9)/1000 -> 0 | AA9: =SUM(LW9:MH9)/1000 -> 0 | AB9: =SUM(MI9:MT9)/1000 -> 0 | AC9: =SUM(MU9:NF9)/1000 -> 0 | AD9: =SUM(NG9:NR9)/1000 -> 0 | AE9: =SUM(NS9:OD9)/1000 -> 0 | AF9: =SUM(OE9:OP9)/1000 -> 0
A10: Cyprus | B10: =SUM(AI10:AT10)/1000 -> 0 | C10: =SUM(AU10:BF10)/1000 -> 0 | D10: =SUM(BG10:BR10)/1000 -> 0 | E10: =SUM(BS10:CD10)/1000 -> 0 | F10: =SUM(CE10:CP10)/1000 -> 0 | G10: =SUM(CQ10:DB10)/1000 -> 0 | H10: =SUM(DC10:DN10)/1000 -> 0 | I10: =SUM(DO10:DZ10)/1000 -> 0 | J10: =SUM(EA10:EL10)/1000 -> 0 | K10: =SUM(EM10:EX10)/1000 -> 0 | L10: =SUM(EY10:FJ10)/1000 -> 0 | M10: =SUM(FK10:FV10)/1000 -> 0 | N10: =SUM(FW10:GH10)/1000 -> 0 | O10: =SUM(GI10:GT10)/1000 -> 0 | P10: =SUM(GU10:HF10)/1000 -> 0 | Q10: =SUM(HG10:HR10)/1000 -> 0 | R10: =SUM(HS10:ID10)/1000 -> 0 | S10: =SUM(IE10:IP10)/1000 -> 0 | T10: =SUM(IQ10:JB10)/1000 -> 0 | U10: =SUM(JC10:JN10)/1000 -> 0 | V10: =SUM(JO10:JZ10)/1000 -> 0 | W10: =SUM(KA10:KL10)/1000 -> 0 | X10: =SUM(KM10:KX10)/1000 -> 0 | Y10: =SUM(KY10:LJ10)/1000 -> 0 | Z10: =SUM(LK10:LV10)/1000 -> 0 | AA10: =SUM(LW10:MH10)/1000 -> 0 | AB10: =SUM(MI10:MT10)/1000 -> 0 | AC10: =SUM(MU10:NF10)/1000 -> 0 | AD10: =SUM(NG10:NR10)/1000 -> 0 | AE10: =SUM(NS10:OD10)/1000 -> 0 | AF10: =SUM(OE10:OP10)/1000 -> 0
A11: Czech Republic | B11: =SUM(AI11:AT11)/1000 -> 0 | C11: =SUM(AU11:BF11)/1000 -> 0 | D11: =SUM(BG11:BR11)/1000 -> 0 | E11: =SUM(BS11:CD11)/1000 -> 0 | F11: =SUM(CE11:CP11)/1000 -> 0 | G11: =SUM(CQ11:DB11)/1000 -> 0 | H11: =SUM(DC11:DN11)/1000 -> 0 | I11: =SUM(DO11:DZ11)/1000 -> 0 | J11: =SUM(EA11:EL11)/1000 -> 0 | K11: =SUM(EM11:EX11)/1000 -> 0 | L11: =SUM(EY11:FJ11)/1000 -> 0 | M11: =SUM(FK11:FV11)/1000 -> 0 | N11: =SUM(FW11:GH11)/1000 -> 0 | O11: =SUM(GI11:GT11)/1000 -> 0 | P11: =SUM(GU11:HF11)/1000 -> 0 | Q11: =SUM(HG11:HR11)/1000 -> 0 | R11: =SUM(HS11:ID11)/1000 -> 0 | S11: =SUM(IE11:IP11)/1000 -> 0 | T11: =SUM(IQ11:JB11)/1000 -> 0 | U11: =SUM(JC11:JN11)/1000 -> 0 | V11: =SUM(JO11:JZ11)/1000 -> 0 | W11: =SUM(KA11:KL11)/1000 -> 0 | X11: =SUM(KM11:KX11)/1000 -> 0 | Y11: =SUM(KY11:LJ11)/1000 -> 0 | Z11: =SUM(LK11:LV11)/1000 -> 0 | AA11: =SUM(LW11:MH11)/1000 -> 0 | AB11: =SUM(MI11:MT11)/1000 -> 0 | AC11: =SUM(MU11:NF11)/1000 -> 0 | AD11: =SUM(NG11:NR11)/1000 -> 0 | AE11: =SUM(NS11:OD11)/1000 -> 0 | AF11: =SUM(OE11:OP11)/1000 -> 0
A12: Czechoslavakia | B12: =SUM(AI12:AT12)/1000 -> 0 | C12: =SUM(AU12:BF12)/1000 -> 0 | D12: =SUM(BG12:BR12)/1000 -> 0 | E12: =SUM(BS12:CD12)/1000 -> 0 | F12: =SUM(CE12:CP12)/1000 -> 0 | G12: =SUM(CQ12:DB12)/1000 -> 0 | H12: =SUM(DC12:DN12)/1000 -> 0 | I12: =SUM(DO12:DZ12)/1000 -> 0 | J12: =SUM(EA12:EL12)/1000 -> 0 | K12: =SUM(EM12:EX12)/1000 -> 0 | L12: =SUM(EY12:FJ12)/1000 -> 0 | M12: =SUM(FK12:FV12)/1000 -> 0 | N12: =SUM(FW12:GH12)/1000 -> 0 | O12: =SUM(GI12:GT12)/1000 -> 0 | P12: =SUM(GU12:HF12)/1000 -> 0 | Q12: =SUM(HG12:HR12)/1000 -> 0 | R12: =SUM(HS12:ID12)/1000 -> 0 | S12: =SUM(IE12:IP12)/1000 -> 0 | T12: =SUM(IQ12:JB12)/1000 -> 0 | U12: =SUM(JC12:JN12)/1000 -> 0 | V12: =SUM(JO12:JZ12)/1000 -> 0 | W12: =SUM(KA12:KL12)/1000 -> 0 | X12: =SUM(KM12:KX12)/1000 -> 0 | Y12: =SUM(KY12:LJ12)/1000 -> 0 | Z12: =SUM(LK12:LV12)/1000 -> 0 | AA12: =SUM(LW12:MH12)/1000 -> 0 | AB12: =SUM(MI12:MT12)/1000 -> 0 | AC12: =SUM(MU12:NF12)/1000 -> 0 | AD12: =SUM(NG12:NR12)/1000 -> 0 | AE12: =SUM(NS12:OD12)/1000 -> 0 | AF12: =SUM(OE12:OP12)/1000 -> 0
A13: Denmark | B13: =SUM(AI13:AT13)/1000 -> 0 | C13: =SUM(AU13:BF13)/1000 -> 0 | D13: =SUM(BG13:BR13)/1000 -> 0 | E13: =SUM(BS13:CD13)/1000 -> 0 | F13: =SUM(CE13:CP13)/1000 -> 0 | G13: =SUM(CQ13:DB13)/1000 -> 0 | H13: =SUM(DC13:DN13)/1000 -> 0 | I13: =SUM(DO13:DZ13)/1000 -> 0 | J13: =SUM(EA13:EL13)/1000 -> 0 | K13: =SUM(EM13:EX13)/1000 -> 0 | L13: =SUM(EY13:FJ13)/1000 -> 0 | M13: =SUM(FK13:FV13)/1000 -> 0 | N13: =SUM(FW13:GH13)/1000 -> 0 | O13: =SUM(GI13:GT13)/1000 -> 0 | P13: =SUM(GU13:HF13)/1000 -> 0 | Q13: =SUM(HG13:HR13)/1000 -> 0 | R13: =SUM(HS13:ID13)/1000 -> 0 | S13: =SUM(IE13:IP13)/1000 -> 0 | T13: =SUM(IQ13:JB13)/1000 -> 0 | U13: =SUM(JC13:JN13)/1000 -> 0 | V13: =SUM(JO13:JZ13)/1000 -> 0 | W13: =SUM(KA13:KL13)/1000 -> 0 | X13: =SUM(KM13:KX13)/1000 -> 0 | Y13: =SUM(KY13:LJ13)/1000 -> 0 | Z13: =SUM(LK13:LV13)/1000 -> 0 | AA13: =SUM(LW13:MH13)/1000 -> 0 | AB13: =SUM(MI13:MT13)/1000 -> 0 | AC13: =SUM(MU13:NF13)/1000 -> 0 | AD13: =SUM(NG13:NR13)/1000 -> 0 | AE13: =SUM(NS13:OD13)/1000 -> 0 | AF13: =SUM(OE13:OP13)/1000 -> 0
A14: Estonia | B14: =SUM(AI14:AT14)/1000 -> 0 | C14: =SUM(AU14:BF14)/1000 -> 0 | D14: =SUM(BG14:BR14)/1000 -> 0 | E14: =SUM(BS14:CD14)/1000 -> 0 | F14: =SUM(CE14:CP14)/1000 -> 0 | G14: =SUM(CQ14:DB14)/1000 -> 0 | H14: =SUM(DC14:DN14)/1000 -> 0 | I14: =SUM(DO14:DZ14)/1000 -> 0 | J14: =SUM(EA14:EL14)/1000 -> 0 | K14: =SUM(EM14:EX14)/1000 -> 0 | L14: =SUM(EY14:FJ14)/1000 -> 0 | M14: =SUM(FK14:FV14)/1000 -> 0 | N14: =SUM(FW14:GH14)/1000 -> 0 | O14: =SUM(GI14:GT14)/1000 -> 0 | P14: =SUM(GU14:HF14)/1000 -> 0 | Q14: =SUM(HG14:HR14)/1000 -> 0 | R14: =SUM(HS14:ID14)/1000 -> 0 | S14: =SUM(IE14:IP14)/1000 -> 0 | T14: =SUM(IQ14:JB14)/1000 -> 0 | U14: =SUM(JC14:JN14)/1000 -> 0 | V14: =SUM(JO14:JZ14)/1000 -> 0 | W14: =SUM(KA14:KL14)/1000 -> 0 | X14: =SUM(KM14:KX14)/1000 -> 0 | Y14: =SUM(KY14:LJ14)/1000 -> 0 | Z14: =SUM(LK14:LV14)/1000 -> 0 | AA14: =SUM(LW14:MH14)/1000 -> 0 | AB14: =SUM(MI14:MT14)/1000 -> 0 | AC14: =SUM(MU14:NF14)/1000 -> 0 | AD14: =SUM(NG14:NR14)/1000 -> 0 | AE14: =SUM(NS14:OD14)/1000 -> 0 | AF14: =SUM(OE14:OP14)/1000 -> 0
A15: Finland | B15: =SUM(AI15:AT15)/1000 -> 0 | C15: =SUM(AU15:BF15)/1000 -> 0 | D15: =SUM(BG15:BR15)/1000 -> 0 | E15: =SUM(BS15:CD15)/1000 -> 0 | F15: =SUM(CE15:CP15)/1000 -> 0 | G15: =SUM(CQ15:DB15)/1000 -> 0 | H15: =SUM(DC15:DN15)/1000 -> 0 | I15: =SUM(DO15:DZ15)/1000 -> 0 | J15: =SUM(EA15:EL15)/1000 -> 0 | K15: =SUM(EM15:EX15)/1000 -> 0 | L15: =SUM(EY15:FJ15)/1000 -> 0 | M15: =SUM(FK15:FV15)/1000 -> 0 | N15: =SUM(FW15:GH15)/1000 -> 0 | O15: =SUM(GI15:GT15)/1000 -> 0 | P15: =SUM(GU15:HF15)/1000 -> 0 | Q15: =SUM(HG15:HR15)/1000 -> 0 | R15: =SUM(HS15:ID15)/1000 -> 0 | S15: =SUM(IE15:IP15)/1000 -> 0 | T15: =SUM(IQ15:JB15)/1000 -> 0 | U15: =SUM(JC15:JN15)/1000 -> 0 | V15: =SUM(JO15:JZ15)/1000 -> 0 | W15: =SUM(KA15:KL15)/1000 -> 0 | X15: =SUM(KM15:KX15)/1000 -> 0 | Y15: =SUM(KY15:LJ15)/1000 -> 0 | Z15: =SUM(LK15:LV15)/1000 -> 0 | AA15: =SUM(LW15:MH15)/1000 -> 0 | AB15: =SUM(MI15:MT15)/1000 -> 0 | AC15: =SUM(MU15:NF15)/1000 -> 0 | AD15: =SUM(NG15:NR15)/1000 -> 0 | AE15: =SUM(NS15:OD15)/1000 -> 0 | AF15: =SUM(OE15:OP15)/1000 -> 0
A16: France | B16: =SUM(AI16:AT16)/1000 -> 0 | C16: =SUM(AU16:BF16)/1000 -> 0 | D16: =SUM(BG16:BR16)/1000 -> 0 | E16: =SUM(BS16:CD16)/1000 -> 0 | F16: =SUM(CE16:CP16)/1000 -> 0 | G16: =SUM(CQ16:DB16)/1000 -> 0 | H16: =SUM(DC16:DN16)/1000 -> 0 | I16: =SUM(DO16:DZ16)/1000 -> 0 | J16: =SUM(EA16:EL16)/1000 -> 0 | K16: =SUM(EM16:EX16)/1000 -> 0 | L16: =SUM(EY16:FJ16)/1000 -> 0 | M16: =SUM(FK16:FV16)/1000 -> 0 | N16: =SUM(FW16:GH16)/1000 -> 0 | O16: =SUM(GI16:GT16)/1000 -> 0 | P16: =SUM(GU16:HF16)/1000 -> 0 | Q16: =SUM(HG16:HR16)/1000 -> 0 | R16: =SUM(HS16:ID16)/1000 -> 0 | S16: =SUM(IE16:IP16)/1000 -> 0 | T16: =SUM(IQ16:JB16)/1000 -> 0 | U16: =SUM(JC16:JN16)/1000 -> 0 | V16: =SUM(JO16:JZ16)/1000 -> 0 | W16: =SUM(KA16:KL16)/1000 -> 0 | X16: =SUM(KM16:KX16)/1000 -> 0 | Y16: =SUM(KY16:LJ16)/1000 -> 0 | Z16: =SUM(LK16:LV16)/1000 -> 0 | AA16: =SUM(LW16:MH16)/1000 -> 0 | AB16: =SUM(MI16:MT16)/1000 -> 0 | AC16: =SUM(MU16:NF16)/1000 -> 0 | AD16: =SUM(NG16:NR16)/1000 -> 0 | AE16: =SUM(NS16:OD16)/1000 -> 0 | AF16: =SUM(OE16:OP16)/1000 -> 0
... A35: United Kingdom | B35: =SUM(AI35:AT35)/1000 -> 0 | C35: =SUM(AU35:BF35)/1000 -> 0 | D35: =SUM(BG35:BR35)/1000 -> 0 | E35: =SUM(BS35:CD35)/1000 -> 0 | F35: =SUM(CE35:CP35)/1000 -> 0 | G35: =SUM(CQ35:DB35)/1000 -> 0 | H35: =SUM(DC35:DN35)/1000 -> 0 | I35: =SUM(DO35:DZ35)/1000 -> 0 | J35: =SUM(EA35:EL35)/1000 -> 0 | K35: =SUM(EM35:EX35)/1000 -> 0 | L35: =SUM(EY35:FJ35)/1000 -> 0 | M35: =SUM(FK35:FV35)/1000 -> 0 | N35: =SUM(FW35:GH35)/1000 -> 0 | O35: =SUM(GI35:GT35)/1000 -> 0 | P35: =SUM(GU35:HF35)/1000 -> 0 | Q35: =SUM(HG35:HR35)/1000 -> 0 | R35: =SUM(HS35:ID35)/1000 -> 0 | S35: =SUM(IE35:IP35)/1000 -> 0 | T35: =SUM(IQ35:JB35)/1000 -> 0 | U35: =SUM(JC35:JN35)/1000 -> 0 | V35: =SUM(JO35:JZ35)/1000 -> 0 | W35: =SUM(KA35:KL35)/1000 -> 0 | X35: =SUM(KM35:KX35)/1000 -> 0 | Y35: =SUM(KY35:LJ35)/1000 -> 0 | Z35: =SUM(LK35:LV35)/1000 -> 0 | AA35: =SUM(LW35:MH35)/1000 -> 0 | AB35: =SUM(MI35:MT35)/1000 -> 0 | AC35: =SUM(MU35:NF35)/1000 -> 0 | AD35: =SUM(NG35:NR35)/1000 -> 0 | AE35: =SUM(NS35:OD35)/1000 -> 0 | AF35: =SUM(OE35:OP35)/1000 -> 0
A37: Other Europe | B37: =SUM(B38:B57) -> 0 | C37: =SUM(C38:C57) -> 0 | D37: =SUM(D38:D57) -> 0 | E37: =SUM(E38:E57) -> 0 | F37: =SUM(F38:F57) -> 0 | G37: =SUM(G38:G57) -> 0 | H37: =SUM(H38:H57) -> 0 | I37: =SUM(I38:I57) -> 0 | ... AF37: =SUM(AF38:AF57) -> 0 | AI37: =SUM(AI38:AI57) -> 0 | AJ37: =SUM(AJ38:AJ57) -> 0 | AK37: =SUM(AK38:AK57) -> 0 | AL37: =SUM(AL38:AL57) -> 0 | AM37: =SUM(AM38:AM57) -> 0 | AN37: =SUM(AN38:AN57) -> 0 | AO37: =SUM(AO38:AO57) -> 0 | AP37: =SUM(AP38:AP57) -> 0 | ... PV37: =SUM(PV38:PV57) -> 0
A38: Albania | B38: =SUM(AI38:AT38)/1000 -> 0 | C38: =SUM(AU38:BF38)/1000 -> 0 | D38: =SUM(BG38:BR38)/1000 -> 0 | E38: =SUM(BS38:CD38)/1000 -> 0 | F38: =SUM(CE38:CP38)/1000 -> 0 | G38: =SUM(CQ38:DB38)/1000 -> 0 | H38: =SUM(DC38:DN38)/1000 -> 0 | I38: =SUM(DO38:DZ38)/1000 -> 0 | J38: =SUM(EA38:EL38)/1000 -> 0 | K38: =SUM(EM38:EX38)/1000 -> 0 | L38: =SUM(EY38:FJ38)/1000 -> 0 | M38: =SUM(FK38:FV38)/1000 -> 0 | N38: =SUM(FW38:GH38)/1000 -> 0 | O38: =SUM(GI38:GT38)/1000 -> 0 | P38: =SUM(GU38:HF38)/1000 -> 0 | Q38: =SUM(HG38:HR38)/1000 -> 0 | R38: =SUM(HS38:ID38)/1000 -> 0 | S38: =SUM(IE38:IP38)/1000 -> 0 | T38: =SUM(IQ38:JB38)/1000 -> 0 | U38: =SUM(JC38:JN38)/1000 -> 0 | V38: =SUM(JO38:JZ38)/1000 -> 0 | W38: =SUM(KA38:KL38)/1000 -> 0 | X38: =SUM(KM38:KX38)/1000 -> 0 | Y38: =SUM(KY38:LJ38)/1000 -> 0 | Z38: =SUM(LK38:LV38)/1000 -> 0 | AA38: =SUM(LW38:MH38)/1000 -> 0 | AB38: =SUM(MI38:MT38)/1000 -> 0 | AC38: =SUM(MU38:NF38)/1000 -> 0 | AD38: =SUM(NG38:NR38)/1000 -> 0 | AE38: =SUM(NS38:OD38)/1000 -> 0 | AF38: =SUM(OE38:OP38)/1000 -> 0
A39: Andorra | B39: =SUM(AI39:AT39)/1000 -> 0 | C39: =SUM(AU39:BF39)/1000 -> 0 | D39: =SUM(BG39:BR39)/1000 -> 0 | E39: =SUM(BS39:CD39)/1000 -> 0 | F39: =SUM(CE39:CP39)/1000 -> 0 | G39: =SUM(CQ39:DB39)/1000 -> 0 | H39: =SUM(DC39:DN39)/1000 -> 0 | I39: =SUM(DO39:DZ39)/1000 -> 0 | J39: =SUM(EA39:EL39)/1000 -> 0 | K39: =SUM(EM39:EX39)/1000 -> 0 | L39: =SUM(EY39:FJ39)/1000 -> 0 | M39: =SUM(FK39:FV39)/1000 -> 0 | N39: =SUM(FW39:GH39)/1000 -> 0 | O39: =SUM(GI39:GT39)/1000 -> 0 | P39: =SUM(GU39:HF39)/1000 -> 0 | Q39: =SUM(HG39:HR39)/1000 -> 0 | R39: =SUM(HS39:ID39)/1000 -> 0 | S39: =SUM(IE39:IP39)/1000 -> 0 | T39: =SUM(IQ39:JB39)/1000 -> 0 | U39: =SUM(JC39:JN39)/1000 -> 0 | V39: =SUM(JO39:JZ39)/1000 -> 0 | W39: =SUM(KA39:KL39)/1000 -> 0 | X39: =SUM(KM39:KX39)/1000 -> 0 | Y39: =SUM(KY39:LJ39)/1000 -> 0 | Z39: =SUM(LK39:LV39)/1000 -> 0 | AA39: =SUM(LW39:MH39)/1000 -> 0 | AB39: =SUM(MI39:MT39)/1000 -> 0 | AC39: =SUM(MU39:NF39)/1000 -> 0 | AD39: =SUM(NG39:NR39)/1000 -> 0 | AE39: =SUM(NS39:OD39)/1000 -> 0 | AF39: =SUM(OE39:OP39)/1000 -> 0
A40: Azores | B40: =SUM(AI40:AT40)/1000 -> 0 | C40: =SUM(AU40:BF40)/1000 -> 0 | D40: =SUM(BG40:BR40)/1000 -> 0 | E40: =SUM(BS40:CD40)/1000 -> 0 | F40: =SUM(CE40:CP40)/1000 -> 0 | G40: =SUM(CQ40:DB40)/1000 -> 0 | H40: =SUM(DC40:DN40)/1000 -> 0 | I40: =SUM(DO40:DZ40)/1000 -> 0 | J40: =SUM(EA40:EL40)/1000 -> 0 | K40: =SUM(EM40:EX40)/1000 -> 0 | L40: =SUM(EY40:FJ40)/1000 -> 0 | M40: =SUM(FK40:FV40)/1000 -> 0 | N40: =SUM(FW40:GH40)/1000 -> 0 | O40: =SUM(GI40:GT40)/1000 -> 0 | P40: =SUM(GU40:HF40)/1000 -> 0 | Q40: =SUM(HG40:HR40)/1000 -> 0 | R40: =SUM(HS40:ID40)/1000 -> 0 | S40: =SUM(IE40:IP40)/1000 -> 0 | T40: =SUM(IQ40:JB40)/1000 -> 0 | U40: =SUM(JC40:JN40)/1000 -> 0 | V40: =SUM(JO40:JZ40)/1000 -> 0 | W40: =SUM(KA40:KL40)/1000 -> 0 | X40: =SUM(KM40:KX40)/1000 -> 0 | Y40: =SUM(KY40:LJ40)/1000 -> 0 | Z40: =SUM(LK40:LV40)/1000 -> 0 | AA40: =SUM(LW40:MH40)/1000 -> 0 | AB40: =SUM(MI40:MT40)/1000 -> 0 | AC40: =SUM(MU40:NF40)/1000 -> 0 | AD40: =SUM(NG40:NR40)/1000 -> 0 | AE40: =SUM(NS40:OD40)/1000 -> 0 | AF40: =SUM(OE40:OP40)/1000 -> 0
A41: Bosnia-Hercegovina | B41: =SUM(AI41:AT41)/1000 -> 0 | C41: =SUM(AU41:BF41)/1000 -> 0 | D41: =SUM(BG41:BR41)/1000 -> 0 | E41: =SUM(BS41:CD41)/1000 -> 0 | F41: =SUM(CE41:CP41)/1000 -> 0 | G41: =SUM(CQ41:DB41)/1000 -> 0 | H41: =SUM(DC41:DN41)/1000 -> 0 | I41: =SUM(DO41:DZ41)/1000 -> 0 | J41: =SUM(EA41:EL41)/1000 -> 0 | K41: =SUM(EM41:EX41)/1000 -> 0 | L41: =SUM(EY41:FJ41)/1000 -> 0 | M41: =SUM(FK41:FV41)/1000 -> 0 | N41: =SUM(FW41:GH41)/1000 -> 0 | O41: =SUM(GI41:GT41)/1000 -> 0 | P41: =SUM(GU41:HF41)/1000 -> 0 | Q41: =SUM(HG41:HR41)/1000 -> 0 | R41: =SUM(HS41:ID41)/1000 -> 0 | S41: =SUM(IE41:IP41)/1000 -> 0 | T41: =SUM(IQ41:JB41)/1000 -> 0 | U41: =SUM(JC41:JN41)/1000 -> 0 | V41: =SUM(JO41:JZ41)/1000 -> 0 | W41: =SUM(KA41:KL41)/1000 -> 0 | X41: =SUM(KM41:KX41)/1000 -> 0 | Y41: =SUM(KY41:LJ41)/1000 -> 0 | Z41: =SUM(LK41:LV41)/1000 -> 0 | AA41: =SUM(LW41:MH41)/1000 -> 0 | AB41: =SUM(MI41:MT41)/1000 -> 0 | AC41: =SUM(MU41:NF41)/1000 -> 0 | AD41: =SUM(NG41:NR41)/1000 -> 0 | AE41: =SUM(NS41:OD41)/1000 -> 0 | AF41: =SUM(OE41:OP41)/1000 -> 0
A42: Faroe Islands | B42: =SUM(AI42:AT42)/1000 -> 0 | C42: =SUM(AU42:BF42)/1000 -> 0 | D42: =SUM(BG42:BR42)/1000 -> 0 | E42: =SUM(BS42:CD42)/1000 -> 0 | F42: =SUM(CE42:CP42)/1000 -> 0 | G42: =SUM(CQ42:DB42)/1000 -> 0 | H42: =SUM(DC42:DN42)/1000 -> 0 | I42: =SUM(DO42:DZ42)/1000 -> 0 | J42: =SUM(EA42:EL42)/1000 -> 0 | K42: =SUM(EM42:EX42)/1000 -> 0 | L42: =SUM(EY42:FJ42)/1000 -> 0 | M42: =SUM(FK42:FV42)/1000 -> 0 | N42: =SUM(FW42:GH42)/1000 -> 0 | O42: =SUM(GI42:GT42)/1000 -> 0 | P42: =SUM(GU42:HF42)/1000 -> 0 | Q42: =SUM(HG42:HR42)/1000 -> 0 | R42: =SUM(HS42:ID42)/1000 -> 0 | S42: =SUM(IE42:IP42)/1000 -> 0 | T42: =SUM(IQ42:JB42)/1000 -> 0 | U42: =SUM(JC42:JN42)/1000 -> 0 | V42: =SUM(JO42:JZ42)/1000 -> 0 | W42: =SUM(KA42:KL42)/1000 -> 0 | X42: =SUM(KM42:KX42)/1000 -> 0 | Y42: =SUM(KY42:LJ42)/1000 -> 0 | Z42: =SUM(LK42:LV42)/1000 -> 0 | AA42: =SUM(LW42:MH42)/1000 -> 0 | AB42: =SUM(MI42:MT42)/1000 -> 0 | AC42: =SUM(MU42:NF42)/1000 -> 0 | AD42: =SUM(NG42:NR42)/1000 -> 0 | AE42: =SUM(NS42:OD42)/1000 -> 0 | AF42: =SUM(OE42:OP42)/1000 -> 0
A43: Gibraltar | B43: =SUM(AI43:AT43)/1000 -> 0 | C43: =SUM(AU43:BF43)/1000 -> 0 | D43: =SUM(BG43:BR43)/1000 -> 0 | E43: =SUM(BS43:CD43)/1000 -> 0 | F43: =SUM(CE43:CP43)/1000 -> 0 | G43: =SUM(CQ43:DB43)/1000 -> 0 | H43: =SUM(DC43:DN43)/1000 -> 0 | I43: =SUM(DO43:DZ43)/1000 -> 0 | J43: =SUM(EA43:EL43)/1000 -> 0 | K43: =SUM(EM43:EX43)/1000 -> 0 | L43: =SUM(EY43:FJ43)/1000 -> 0 | M43: =SUM(FK43:FV43)/1000 -> 0 | N43: =SUM(FW43:GH43)/1000 -> 0 | O43: =SUM(GI43:GT43)/1000 -> 0 | P43: =SUM(GU43:HF43)/1000 -> 0 | Q43: =SUM(HG43:HR43)/1000 -> 0 | R43: =SUM(HS43:ID43)/1000 -> 0 | S43: =SUM(IE43:IP43)/1000 -> 0 | T43: =SUM(IQ43:JB43)/1000 -> 0 | U43: =SUM(JC43:JN43)/1000 -> 0 | V43: =SUM(JO43:JZ43)/1000 -> 0 | W43: =SUM(KA43:KL43)/1000 -> 0 | X43: =SUM(KM43:KX43)/1000 -> 0 | Y43: =SUM(KY43:LJ43)/1000 -> 0 | Z43: =SUM(LK43:LV43)/1000 -> 0 | AA43: =SUM(LW43:MH43)/1000 -> 0 | AB43: =SUM(MI43:MT43)/1000 -> 0 | AC43: =SUM(MU43:NF43)/1000 -> 0 | AD43: =SUM(NG43:NR43)/1000 -> 0 | AE43: =SUM(NS43:OD43)/1000 -> 0 | AF43: =SUM(OE43:OP43)/1000 -> 0
A44: Iceland | B44: =SUM(AI44:AT44)/1000 -> 0 | C44: =SUM(AU44:BF44)/1000 -> 0 | D44: =SUM(BG44:BR44)/1000 -> 0 | E44: =SUM(BS44:CD44)/1000 -> 0 | F44: =SUM(CE44:CP44)/1000 -> 0 | G44: =SUM(CQ44:DB44)/1000 -> 0 | H44: =SUM(DC44:DN44)/1000 -> 0 | I44: =SUM(DO44:DZ44)/1000 -> 0 | J44: =SUM(EA44:EL44)/1000 -> 0 | K44: =SUM(EM44:EX44)/1000 -> 0 | L44: =SUM(EY44:FJ44)/1000 -> 0 | M44: =SUM(FK44:FV44)/1000 -> 0 | N44: =SUM(FW44:GH44)/1000 -> 0 | O44: =SUM(GI44:GT44)/1000 -> 0 | P44: =SUM(GU44:HF44)/1000 -> 0 | Q44: =SUM(HG44:HR44)/1000 -> 0 | R44: =SUM(HS44:ID44)/1000 -> 0 | S44: =SUM(IE44:IP44)/1000 -> 0 | T44: =SUM(IQ44:JB44)/1000 -> 0 | U44: =SUM(JC44:JN44)/1000 -> 0 | V44: =SUM(JO44:JZ44)/1000 -> 0 | W44: =SUM(KA44:KL44)/1000 -> 0 | X44: =SUM(KM44:KX44)/1000 -> 0 | Y44: =SUM(KY44:LJ44)/1000 -> 0 | Z44: =SUM(LK44:LV44)/1000 -> 0 | AA44: =SUM(LW44:MH44)/1000 -> 0 | AB44: =SUM(MI44:MT44)/1000 -> 0 | AC44: =SUM(MU44:NF44)/1000 -> 0 | AD44: =SUM(NG44:NR44)/1000 -> 0 | AE44: =SUM(NS44:OD44)/1000 -> 0 | AF44: =SUM(OE44:OP44)/1000 -> 0
A45: Kosovo | B45: =SUM(AI45:AT45)/1000 -> 0 | C45: =SUM(AU45:BF45)/1000 -> 0 | D45: =SUM(BG45:BR45)/1000 -> 0 | E45: =SUM(BS45:CD45)/1000 -> 0 | F45: =SUM(CE45:CP45)/1000 -> 0 | G45: =SUM(CQ45:DB45)/1000 -> 0 | H45: =SUM(DC45:DN45)/1000 -> 0 | I45: =SUM(DO45:DZ45)/1000 -> 0 | J45: =SUM(EA45:EL45)/1000 -> 0 | K45: =SUM(EM45:EX45)/1000 -> 0 | L45: =SUM(EY45:FJ45)/1000 -> 0 | M45: =SUM(FK45:FV45)/1000 -> 0 | N45: =SUM(FW45:GH45)/1000 -> 0 | O45: =SUM(GI45:GT45)/1000 -> 0 | P45: =SUM(GU45:HF45)/1000 -> 0 | Q45: =SUM(HG45:HR45)/1000 -> 0 | R45: =SUM(HS45:ID45)/1000 -> 0 | S45: =SUM(IE45:IP45)/1000 -> 0 | T45: =SUM(IQ45:JB45)/1000 -> 0 | U45: =SUM(JC45:JN45)/1000 -> 0 | V45: =SUM(JO45:JZ45)/1000 -> 0 | W45: =SUM(KA45:KL45)/1000 -> 0 | X45: =SUM(KM45:KX45)/1000 -> 0 | Y45: =SUM(KY45:LJ45)/1000 -> 0 | Z45: =SUM(LK45:LV45)/1000 -> 0 | AA45: =SUM(LW45:MH45)/1000 -> 0 | AB45: =SUM(MI45:MT45)/1000 -> 0 | AC45: =SUM(MU45:NF45)/1000 -> 0 | AD45: =SUM(NG45:NR45)/1000 -> 0 | AE45: =SUM(NS45:OD45)/1000 -> 0 | AF45: =SUM(OE45:OP45)/1000 -> 0
A46: Liechtenstein | B46: =SUM(AI46:AT46)/1000 -> 0 | C46: =SUM(AU46:BF46)/1000 -> 0 | D46: =SUM(BG46:BR46)/1000 -> 0 | E46: =SUM(BS46:CD46)/1000 -> 0 | F46: =SUM(CE46:CP46)/1000 -> 0 | G46: =SUM(CQ46:DB46)/1000 -> 0 | H46: =SUM(DC46:DN46)/1000 -> 0 | I46: =SUM(DO46:DZ46)/1000 -> 0 | J46: =SUM(EA46:EL46)/1000 -> 0 | K46: =SUM(EM46:EX46)/1000 -> 0 | L46: =SUM(EY46:FJ46)/1000 -> 0 | M46: =SUM(FK46:FV46)/1000 -> 0 | N46: =SUM(FW46:GH46)/1000 -> 0 | O46: =SUM(GI46:GT46)/1000 -> 0 | P46: =SUM(GU46:HF46)/1000 -> 0 | Q46: =SUM(HG46:HR46)/1000 -> 0 | R46: =SUM(HS46:ID46)/1000 -> 0 | S46: =SUM(IE46:IP46)/1000 -> 0 | T46: =SUM(IQ46:JB46)/1000 -> 0 | U46: =SUM(JC46:JN46)/1000 -> 0 | V46: =SUM(JO46:JZ46)/1000 -> 0 | W46: =SUM(KA46:KL46)/1000 -> 0 | X46: =SUM(KM46:KX46)/1000 -> 0 | Y46: =SUM(KY46:LJ46)/1000 -> 0 | Z46: =SUM(LK46:LV46)/1000 -> 0 | AA46: =SUM(LW46:MH46)/1000 -> 0 | AB46: =SUM(MI46:MT46)/1000 -> 0 | AC46: =SUM(MU46:NF46)/1000 -> 0 | AD46: =SUM(NG46:NR46)/1000 -> 0 | AE46: =SUM(NS46:OD46)/1000 -> 0 | AF46: =SUM(OE46:OP46)/1000 -> 0
A47: Macedonia (Skopje) | B47: =SUM(AI47:AT47)/1000 -> 0 | C47: =SUM(AU47:BF47)/1000 -> 0 | D47: =SUM(BG47:BR47)/1000 -> 0 | E47: =SUM(BS47:CD47)/1000 -> 0 | F47: =SUM(CE47:CP47)/1000 -> 0 | G47: =SUM(CQ47:DB47)/1000 -> 0 | H47: =SUM(DC47:DN47)/1000 -> 0 | I47: =SUM(DO47:DZ47)/1000 -> 0 | J47: =SUM(EA47:EL47)/1000 -> 0 | K47: =SUM(EM47:EX47)/1000 -> 0 | L47: =SUM(EY47:FJ47)/1000 -> 0 | M47: =SUM(FK47:FV47)/1000 -> 0 | N47: =SUM(FW47:GH47)/1000 -> 0 | O47: =SUM(GI47:GT47)/1000 -> 0 | P47: =SUM(GU47:HF47)/1000 -> 0 | Q47: =SUM(HG47:HR47)/1000 -> 0 | R47: =SUM(HS47:ID47)/1000 -> 0 | S47: =SUM(IE47:IP47)/1000 -> 0 | T47: =SUM(IQ47:JB47)/1000 -> 0 | U47: =SUM(JC47:JN47)/1000 -> 0 | V47: =SUM(JO47:JZ47)/1000 -> 0 | W47: =SUM(KA47:KL47)/1000 -> 0 | X47: =SUM(KM47:KX47)/1000 -> 0 | Y47: =SUM(KY47:LJ47)/1000 -> 0 | Z47: =SUM(LK47:LV47)/1000 -> 0 | AA47: =SUM(LW47:MH47)/1000 -> 0 | AB47: =SUM(MI47:MT47)/1000 -> 0 | AC47: =SUM(MU47:NF47)/1000 -> 0 | AD47: =SUM(NG47:NR47)/1000 -> 0 | AE47: =SUM(NS47:OD47)/1000 -> 0 | AF47: =SUM(OE47:OP47)/1000 -> 0
A48: Monaco | B48: =SUM(AI48:AT48)/1000 -> 0 | C48: =SUM(AU48:BF48)/1000 -> 0 | D48: =SUM(BG48:BR48)/1000 -> 0 | E48: =SUM(BS48:CD48)/1000 -> 0 | F48: =SUM(CE48:CP48)/1000 -> 0 | G48: =SUM(CQ48:DB48)/1000 -> 0 | H48: =SUM(DC48:DN48)/1000 -> 0 | I48: =SUM(DO48:DZ48)/1000 -> 0 | J48: =SUM(EA48:EL48)/1000 -> 0 | K48: =SUM(EM48:EX48)/1000 -> 0 | L48: =SUM(EY48:FJ48)/1000 -> 0 | M48: =SUM(FK48:FV48)/1000 -> 0 | N48: =SUM(FW48:GH48)/1000 -> 0 | O48: =SUM(GI48:GT48)/1000 -> 0 | P48: =SUM(GU48:HF48)/1000 -> 0 | Q48: =SUM(HG48:HR48)/1000 -> 0 | R48: =SUM(HS48:ID48)/1000 -> 0 | S48: =SUM(IE48:IP48)/1000 -> 0 | T48: =SUM(IQ48:JB48)/1000 -> 0 | U48: =SUM(JC48:JN48)/1000 -> 0 | V48: =SUM(JO48:JZ48)/1000 -> 0 | W48: =SUM(KA48:KL48)/1000 -> 0 | X48: =SUM(KM48:KX48)/1000 -> 0 | Y48: =SUM(KY48:LJ48)/1000 -> 0 | Z48: =SUM(LK48:LV48)/1000 -> 0 | AA48: =SUM(LW48:MH48)/1000 -> 0 | AB48: =SUM(MI48:MT48)/1000 -> 0 | AC48: =SUM(MU48:NF48)/1000 -> 0 | AD48: =SUM(NG48:NR48)/1000 -> 0 | AE48: =SUM(NS48:OD48)/1000 -> 0 | AF48: =SUM(OE48:OP48)/1000 -> 0
A49: Montenegro | B49: =SUM(AI49:AT49)/1000 -> 0 | C49: =SUM(AU49:BF49)/1000 -> 0 | D49: =SUM(BG49:BR49)/1000 -> 0 | E49: =SUM(BS49:CD49)/1000 -> 0 | F49: =SUM(CE49:CP49)/1000 -> 0 | G49: =SUM(CQ49:DB49)/1000 -> 0 | H49: =SUM(DC49:DN49)/1000 -> 0 | I49: =SUM(DO49:DZ49)/1000 -> 0 | J49: =SUM(EA49:EL49)/1000 -> 0 | K49: =SUM(EM49:EX49)/1000 -> 0 | L49: =SUM(EY49:FJ49)/1000 -> 0 | M49: =SUM(FK49:FV49)/1000 -> 0 | N49: =SUM(FW49:GH49)/1000 -> 0 | O49: =SUM(GI49:GT49)/1000 -> 0 | P49: =SUM(GU49:HF49)/1000 -> 0 | Q49: =SUM(HG49:HR49)/1000 -> 0 | R49: =SUM(HS49:ID49)/1000 -> 0 | S49: =SUM(IE49:IP49)/1000 -> 0 | T49: =SUM(IQ49:JB49)/1000 -> 0 | U49: =SUM(JC49:JN49)/1000 -> 0 | V49: =SUM(JO49:JZ49)/1000 -> 0 | W49: =SUM(KA49:KL49)/1000 -> 0 | X49: =SUM(KM49:KX49)/1000 -> 0 | Y49: =SUM(KY49:LJ49)/1000 -> 0 | Z49: =SUM(LK49:LV49)/1000 -> 0 | AA49: =SUM(LW49:MH49)/1000 -> 0 | AB49: =SUM(MI49:MT49)/1000 -> 0 | AC49: =SUM(MU49:NF49)/1000 -> 0 | AD49: =SUM(NG49:NR49)/1000 -> 0 | AE49: =SUM(NS49:OD49)/1000 -> 0 | AF49: =SUM(OE49:OP49)/1000 -> 0
... A57: Yugoslavia | B57: =SUM(AI57:AT57)/1000 -> 0 | C57: =SUM(AU57:BF57)/1000 -> 0 | D57: =SUM(BG57:BR57)/1000 -> 0 | E57: =SUM(BS57:CD57)/1000 -> 0 | F57: =SUM(CE57:CP57)/1000 -> 0 | G57: =SUM(CQ57:DB57)/1000 -> 0 | H57: =SUM(DC57:DN57)/1000 -> 0 | I57: =SUM(DO57:DZ57)/1000 -> 0 | J57: =SUM(EA57:EL57)/1000 -> 0 | K57: =SUM(EM57:EX57)/1000 -> 0 | L57: =SUM(EY57:FJ57)/1000 -> 0 | M57: =SUM(FK57:FV57)/1000 -> 0 | N57: =SUM(FW57:GH57)/1000 -> 0 | O57: =SUM(GI57:GT57)/1000 -> 0 | P57: =SUM(GU57:HF57)/1000 -> 0 | Q57: =SUM(HG57:HR57)/1000 -> 0 | R57: =SUM(HS57:ID57)/1000 -> 0 | S57: =SUM(IE57:IP57)/1000 -> 0 | T57: =SUM(IQ57:JB57)/1000 -> 0 | U57: =SUM(JC57:JN57)/1000 -> 0 | V57: =SUM(JO57:JZ57)/1000 -> 0 | W57: =SUM(KA57:KL57)/1000 -> 0 | X57: =SUM(KM57:KX57)/1000 -> 0 | Y57: =SUM(KY57:LJ57)/1000 -> 0 | Z57: =SUM(LK57:LV57)/1000 -> 0 | AA57: =SUM(LW57:MH57)/1000 -> 0 | AB57: =SUM(MI57:MT57)/1000 -> 0 | AC57: =SUM(MU57:NF57)/1000 -> 0 | AD57: =SUM(NG57:NR57)/1000 -> 0 | AE57: =SUM(NS57:OD57)/1000 -> 0 | AF57: =SUM(OE57:OP57)/1000 -> 0
A59: Former Soviet Union-12 | B59: =SUM(B60:B72) -> 0 | C59: =SUM(C60:C72) -> 0 | D59: =SUM(D60:D72) -> 0 | E59: =SUM(E60:E72) -> 0 | F59: =SUM(F60:F72) -> 0 | G59: =SUM(G60:G72) -> 0 | H59: =SUM(H60:H72) -> 0 | I59: =SUM(I60:I72) -> 0 | ... AF59: =SUM(AF60:AF72) -> 0 | AI59: =SUM(AI60:AI72) -> 0 | AJ59: =SUM(AJ60:AJ72) -> 0 | AK59: =SUM(AK60:AK72) -> 0 | AL59: =SUM(AL60:AL72) -> 0 | AM59: =SUM(AM60:AM72) -> 0 | AN59: =SUM(AN60:AN72) -> 0 | AO59: =SUM(AO60:AO72) -> 0 | AP59: =SUM(AP60:AP72) -> 0 | ... PV59: =SUM(PV60:PV72) -> 0
A60: Armenia | B60: =SUM(AI60:AT60)/1000 -> 0 | C60: =SUM(AU60:BF60)/1000 -> 0 | D60: =SUM(BG60:BR60)/1000 -> 0 | E60: =SUM(BS60:CD60)/1000 -> 0 | F60: =SUM(CE60:CP60)/1000 -> 0 | G60: =SUM(CQ60:DB60)/1000 -> 0 | H60: =SUM(DC60:DN60)/1000 -> 0 | I60: =SUM(DO60:DZ60)/1000 -> 0 | J60: =SUM(EA60:EL60)/1000 -> 0 | K60: =SUM(EM60:EX60)/1000 -> 0 | L60: =SUM(EY60:FJ60)/1000 -> 0 | M60: =SUM(FK60:FV60)/1000 -> 0 | N60: =SUM(FW60:GH60)/1000 -> 0 | O60: =SUM(GI60:GT60)/1000 -> 0 | P60: =SUM(GU60:HF60)/1000 -> 0 | Q60: =SUM(HG60:HR60)/1000 -> 0 | R60: =SUM(HS60:ID60)/1000 -> 0 | S60: =SUM(IE60:IP60)/1000 -> 0 | T60: =SUM(IQ60:JB60)/1000 -> 0 | U60: =SUM(JC60:JN60)/1000 -> 0 | V60: =SUM(JO60:JZ60)/1000 -> 0 | W60: =SUM(KA60:KL60)/1000 -> 0 | X60: =SUM(KM60:KX60)/1000 -> 0 | Y60: =SUM(KY60:LJ60)/1000 -> 0 | Z60: =SUM(LK60:LV60)/1000 -> 0 | AA60: =SUM(LW60:MH60)/1000 -> 0 | AB60: =SUM(MI60:MT60)/1000 -> 0 | AC60: =SUM(MU60:NF60)/1000 -> 0 | AD60: =SUM(NG60:NR60)/1000 -> 0 | AE60: =SUM(NS60:OD60)/1000 -> 0 | AF60: =SUM(OE60:OP60)/1000 -> 0
A61: Azerbaijan | B61: =SUM(AI61:AT61)/1000 -> 0 | C61: =SUM(AU61:BF61)/1000 -> 0 | D61: =SUM(BG61:BR61)/1000 -> 0 | E61: =SUM(BS61:CD61)/1000 -> 0 | F61: =SUM(CE61:CP61)/1000 -> 0 | G61: =SUM(CQ61:DB61)/1000 -> 0 | H61: =SUM(DC61:DN61)/1000 -> 0 | I61: =SUM(DO61:DZ61)/1000 -> 0 | J61: =SUM(EA61:EL61)/1000 -> 0 | K61: =SUM(EM61:EX61)/1000 -> 0 | L61: =SUM(EY61:FJ61)/1000 -> 0 | M61: =SUM(FK61:FV61)/1000 -> 0 | N61: =SUM(FW61:GH61)/1000 -> 0 | O61: =SUM(GI61:GT61)/1000 -> 0 | P61: =SUM(GU61:HF61)/1000 -> 0 | Q61: =SUM(HG61:HR61)/1000 -> 0 | R61: =SUM(HS61:ID61)/1000 -> 0 | S61: =SUM(IE61:IP61)/1000 -> 0 | T61: =SUM(IQ61:JB61)/1000 -> 0 | U61: =SUM(JC61:JN61)/1000 -> 0 | V61: =SUM(JO61:JZ61)/1000 -> 0 | W61: =SUM(KA61:KL61)/1000 -> 0 | X61: =SUM(KM61:KX61)/1000 -> 0 | Y61: =SUM(KY61:LJ61)/1000 -> 0 | Z61: =SUM(LK61:LV61)/1000 -> 0 | AA61: =SUM(LW61:MH61)/1000 -> 0 | AB61: =SUM(MI61:MT61)/1000 -> 0 | AC61: =SUM(MU61:NF61)/1000 -> 0 | AD61: =SUM(NG61:NR61)/1000 -> 0 | AE61: =SUM(NS61:OD61)/1000 -> 0 | AF61: =SUM(OE61:OP61)/1000 -> 0
A62: Belarus | B62: =SUM(AI62:AT62)/1000 -> 0 | C62: =SUM(AU62:BF62)/1000 -> 0 | D62: =SUM(BG62:BR62)/1000 -> 0 | E62: =SUM(BS62:CD62)/1000 -> 0 | F62: =SUM(CE62:CP62)/1000 -> 0 | G62: =SUM(CQ62:DB62)/1000 -> 0 | H62: =SUM(DC62:DN62)/1000 -> 0 | I62: =SUM(DO62:DZ62)/1000 -> 0 | J62: =SUM(EA62:EL62)/1000 -> 0 | K62: =SUM(EM62:EX62)/1000 -> 0 | L62: =SUM(EY62:FJ62)/1000 -> 0 | M62: =SUM(FK62:FV62)/1000 -> 0 | N62: =SUM(FW62:GH62)/1000 -> 0 | O62: =SUM(GI62:GT62)/1000 -> 0 | P62: =SUM(GU62:HF62)/1000 -> 0 | Q62: =SUM(HG62:HR62)/1000 -> 0 | R62: =SUM(HS62:ID62)/1000 -> 0 | S62: =SUM(IE62:IP62)/1000 -> 0 | T62: =SUM(IQ62:JB62)/1000 -> 0 | U62: =SUM(JC62:JN62)/1000 -> 0 | V62: =SUM(JO62:JZ62)/1000 -> 0 | W62: =SUM(KA62:KL62)/1000 -> 0 | X62: =SUM(KM62:KX62)/1000 -> 0 | Y62: =SUM(KY62:LJ62)/1000 -> 0 | Z62: =SUM(LK62:LV62)/1000 -> 0 | AA62: =SUM(LW62:MH62)/1000 -> 0 | AB62: =SUM(MI62:MT62)/1000 -> 0 | AC62: =SUM(MU62:NF62)/1000 -> 0 | AD62: =SUM(NG62:NR62)/1000 -> 0 | AE62: =SUM(NS62:OD62)/1000 -> 0 | AF62: =SUM(OE62:OP62)/1000 -> 0
A63: Georgia | B63: =SUM(AI63:AT63)/1000 -> 0 | C63: =SUM(AU63:BF63)/1000 -> 0 | D63: =SUM(BG63:BR63)/1000 -> 0 | E63: =SUM(BS63:CD63)/1000 -> 0 | F63: =SUM(CE63:CP63)/1000 -> 0 | G63: =SUM(CQ63:DB63)/1000 -> 0 | H63: =SUM(DC63:DN63)/1000 -> 0 | I63: =SUM(DO63:DZ63)/1000 -> 0 | J63: =SUM(EA63:EL63)/1000 -> 0 | K63: =SUM(EM63:EX63)/1000 -> 0 | L63: =SUM(EY63:FJ63)/1000 -> 0 | M63: =SUM(FK63:FV63)/1000 -> 0 | N63: =SUM(FW63:GH63)/1000 -> 0 | O63: =SUM(GI63:GT63)/1000 -> 0 | P63: =SUM(GU63:HF63)/1000 -> 0 | Q63: =SUM(HG63:HR63)/1000 -> 0 | R63: =SUM(HS63:ID63)/1000 -> 0 | S63: =SUM(IE63:IP63)/1000 -> 0 | T63: =SUM(IQ63:JB63)/1000 -> 0 | U63: =SUM(JC63:JN63)/1000 -> 0 | V63: =SUM(JO63:JZ63)/1000 -> 0 | W63: =SUM(KA63:KL63)/1000 -> 0 | X63: =SUM(KM63:KX63)/1000 -> 0 | Y63: =SUM(KY63:LJ63)/1000 -> 0 | Z63: =SUM(LK63:LV63)/1000 -> 0 | AA63: =SUM(LW63:MH63)/1000 -> 0 | AB63: =SUM(MI63:MT63)/1000 -> 0 | AC63: =SUM(MU63:NF63)/1000 -> 0 | AD63: =SUM(NG63:NR63)/1000 -> 0 | AE63: =SUM(NS63:OD63)/1000 -> 0 | AF63: =SUM(OE63:OP63)/1000 -> 0
A64: Kazakhstan | B64: =SUM(AI64:AT64)/1000 -> 0 | C64: =SUM(AU64:BF64)/1000 -> 0 | D64: =SUM(BG64:BR64)/1000 -> 0 | E64: =SUM(BS64:CD64)/1000 -> 0 | F64: =SUM(CE64:CP64)/1000 -> 0 | G64: =SUM(CQ64:DB64)/1000 -> 0 | H64: =SUM(DC64:DN64)/1000 -> 0 | I64: =SUM(DO64:DZ64)/1000 -> 0 | J64: =SUM(EA64:EL64)/1000 -> 0 | K64: =SUM(EM64:EX64)/1000 -> 0 | L64: =SUM(EY64:FJ64)/1000 -> 0 | M64: =SUM(FK64:FV64)/1000 -> 0 | N64: =SUM(FW64:GH64)/1000 -> 0 | O64: =SUM(GI64:GT64)/1000 -> 0 | P64: =SUM(GU64:HF64)/1000 -> 0 | Q64: =SUM(HG64:HR64)/1000 -> 0 | R64: =SUM(HS64:ID64)/1000 -> 0 | S64: =SUM(IE64:IP64)/1000 -> 0 | T64: =SUM(IQ64:JB64)/1000 -> 0 | U64: =SUM(JC64:JN64)/1000 -> 0 | V64: =SUM(JO64:JZ64)/1000 -> 0 | W64: =SUM(KA64:KL64)/1000 -> 0 | X64: =SUM(KM64:KX64)/1000 -> 0 | Y64: =SUM(KY64:LJ64)/1000 -> 0 | Z64: =SUM(LK64:LV64)/1000 -> 0 | AA64: =SUM(LW64:MH64)/1000 -> 0 | AB64: =SUM(MI64:MT64)/1000 -> 0 | AC64: =SUM(MU64:NF64)/1000 -> 0 | AD64: =SUM(NG64:NR64)/1000 -> 0 | AE64: =SUM(NS64:OD64)/1000 -> 0 | AF64: =SUM(OE64:OP64)/1000 -> 0
A65: Kyrgyzstan | B65: =SUM(AI65:AT65)/1000 -> 0 | C65: =SUM(AU65:BF65)/1000 -> 0 | D65: =SUM(BG65:BR65)/1000 -> 0 | E65: =SUM(BS65:CD65)/1000 -> 0 | F65: =SUM(CE65:CP65)/1000 -> 0 | G65: =SUM(CQ65:DB65)/1000 -> 0 | H65: =SUM(DC65:DN65)/1000 -> 0 | I65: =SUM(DO65:DZ65)/1000 -> 0 | J65: =SUM(EA65:EL65)/1000 -> 0 | K65: =SUM(EM65:EX65)/1000 -> 0 | L65: =SUM(EY65:FJ65)/1000 -> 0 | M65: =SUM(FK65:FV65)/1000 -> 0 | N65: =SUM(FW65:GH65)/1000 -> 0 | O65: =SUM(GI65:GT65)/1000 -> 0 | P65: =SUM(GU65:HF65)/1000 -> 0 | Q65: =SUM(HG65:HR65)/1000 -> 0 | R65: =SUM(HS65:ID65)/1000 -> 0 | S65: =SUM(IE65:IP65)/1000 -> 0 | T65: =SUM(IQ65:JB65)/1000 -> 0 | U65: =SUM(JC65:JN65)/1000 -> 0 | V65: =SUM(JO65:JZ65)/1000 -> 0 | W65: =SUM(KA65:KL65)/1000 -> 0 | X65: =SUM(KM65:KX65)/1000 -> 0 | Y65: =SUM(KY65:LJ65)/1000 -> 0 | Z65: =SUM(LK65:LV65)/1000 -> 0 | AA65: =SUM(LW65:MH65)/1000 -> 0 | AB65: =SUM(MI65:MT65)/1000 -> 0 | AC65: =SUM(MU65:NF65)/1000 -> 0 | AD65: =SUM(NG65:NR65)/1000 -> 0 | AE65: =SUM(NS65:OD65)/1000 -> 0 | AF65: =SUM(OE65:OP65)/1000 -> 0
A66: Moldova | B66: =SUM(AI66:AT66)/1000 -> 0 | C66: =SUM(AU66:BF66)/1000 -> 0 | D66: =SUM(BG66:BR66)/1000 -> 0 | E66: =SUM(BS66:CD66)/1000 -> 0 | F66: =SUM(CE66:CP66)/1000 -> 0 | G66: =SUM(CQ66:DB66)/1000 -> 0 | H66: =SUM(DC66:DN66)/1000 -> 0 | I66: =SUM(DO66:DZ66)/1000 -> 0 | J66: =SUM(EA66:EL66)/1000 -> 0 | K66: =SUM(EM66:EX66)/1000 -> 0 | L66: =SUM(EY66:FJ66)/1000 -> 0 | M66: =SUM(FK66:FV66)/1000 -> 0 | N66: =SUM(FW66:GH66)/1000 -> 0 | O66: =SUM(GI66:GT66)/1000 -> 0 | P66: =SUM(GU66:HF66)/1000 -> 0 | Q66: =SUM(HG66:HR66)/1000 -> 0 | R66: =SUM(HS66:ID66)/1000 -> 0 | S66: =SUM(IE66:IP66)/1000 -> 0 | T66: =SUM(IQ66:JB66)/1000 -> 0 | U66: =SUM(JC66:JN66)/1000 -> 0 | V66: =SUM(JO66:JZ66)/1000 -> 0 | W66: =SUM(KA66:KL66)/1000 -> 0 | X66: =SUM(KM66:KX66)/1000 -> 0 | Y66: =SUM(KY66:LJ66)/1000 -> 0 | Z66: =SUM(LK66:LV66)/1000 -> 0 | AA66: =SUM(LW66:MH66)/1000 -> 0 | AB66: =SUM(MI66:MT66)/1000 -> 0 | AC66: =SUM(MU66:NF66)/1000 -> 0 | AD66: =SUM(NG66:NR66)/1000 -> 0 | AE66: =SUM(NS66:OD66)/1000 -> 0 | AF66: =SUM(OE66:OP66)/1000 -> 0
A67: Russia | B67: =SUM(AI67:AT67)/1000 -> 0 | C67: =SUM(AU67:BF67)/1000 -> 0 | D67: =SUM(BG67:BR67)/1000 -> 0 | E67: =SUM(BS67:CD67)/1000 -> 0 | F67: =SUM(CE67:CP67)/1000 -> 0 | G67: =SUM(CQ67:DB67)/1000 -> 0 | H67: =SUM(DC67:DN67)/1000 -> 0 | I67: =SUM(DO67:DZ67)/1000 -> 0 | J67: =SUM(EA67:EL67)/1000 -> 0 | K67: =SUM(EM67:EX67)/1000 -> 0 | L67: =SUM(EY67:FJ67)/1000 -> 0 | M67: =SUM(FK67:FV67)/1000 -> 0 | N67: =SUM(FW67:GH67)/1000 -> 0 | O67: =SUM(GI67:GT67)/1000 -> 0 | P67: =SUM(GU67:HF67)/1000 -> 0 | Q67: =SUM(HG67:HR67)/1000 -> 0 | R67: =SUM(HS67:ID67)/1000 -> 0 | S67: =SUM(IE67:IP67)/1000 -> 0 | T67: =SUM(IQ67:JB67)/1000 -> 0 | U67: =SUM(JC67:JN67)/1000 -> 0 | V67: =SUM(JO67:JZ67)/1000 -> 0 | W67: =SUM(KA67:KL67)/1000 -> 0 | X67: =SUM(KM67:KX67)/1000 -> 0 | Y67: =SUM(KY67:LJ67)/1000 -> 0 | Z67: =SUM(LK67:LV67)/1000 -> 0 | AA67: =SUM(LW67:MH67)/1000 -> 0 | AB67: =SUM(MI67:MT67)/1000 -> 0 | AC67: =SUM(MU67:NF67)/1000 -> 0 | AD67: =SUM(NG67:NR67)/1000 -> 0 | AE67: =SUM(NS67:OD67)/1000 -> 0 | AF67: =SUM(OE67:OP67)/1000 -> 0
A68: Tajikistan | B68: =SUM(AI68:AT68)/1000 -> 0 | C68: =SUM(AU68:BF68)/1000 -> 0 | D68: =SUM(BG68:BR68)/1000 -> 0 | E68: =SUM(BS68:CD68)/1000 -> 0 | F68: =SUM(CE68:CP68)/1000 -> 0 | G68: =SUM(CQ68:DB68)/1000 -> 0 | H68: =SUM(DC68:DN68)/1000 -> 0 | I68: =SUM(DO68:DZ68)/1000 -> 0 | J68: =SUM(EA68:EL68)/1000 -> 0 | K68: =SUM(EM68:EX68)/1000 -> 0 | L68: =SUM(EY68:FJ68)/1000 -> 0 | M68: =SUM(FK68:FV68)/1000 -> 0 | N68: =SUM(FW68:GH68)/1000 -> 0 | O68: =SUM(GI68:GT68)/1000 -> 0 | P68: =SUM(GU68:HF68)/1000 -> 0 | Q68: =SUM(HG68:HR68)/1000 -> 0 | R68: =SUM(HS68:ID68)/1000 -> 0 | S68: =SUM(IE68:IP68)/1000 -> 0 | T68: =SUM(IQ68:JB68)/1000 -> 0 | U68: =SUM(JC68:JN68)/1000 -> 0 | V68: =SUM(JO68:JZ68)/1000 -> 0 | W68: =SUM(KA68:KL68)/1000 -> 0 | X68: =SUM(KM68:KX68)/1000 -> 0 | Y68: =SUM(KY68:LJ68)/1000 -> 0 | Z68: =SUM(LK68:LV68)/1000 -> 0 | AA68: =SUM(LW68:MH68)/1000 -> 0 | AB68: =SUM(MI68:MT68)/1000 -> 0 | AC68: =SUM(MU68:NF68)/1000 -> 0 | AD68: =SUM(NG68:NR68)/1000 -> 0 | AE68: =SUM(NS68:OD68)/1000 -> 0 | AF68: =SUM(OE68:OP68)/1000 -> 0
A69: Turkmenistan | B69: =SUM(AI69:AT69)/1000 -> 0 | C69: =SUM(AU69:BF69)/1000 -> 0 | D69: =SUM(BG69:BR69)/1000 -> 0 | E69: =SUM(BS69:CD69)/1000 -> 0 | F69: =SUM(CE69:CP69)/1000 -> 0 | G69: =SUM(CQ69:DB69)/1000 -> 0 | H69: =SUM(DC69:DN69)/1000 -> 0 | I69: =SUM(DO69:DZ69)/1000 -> 0 | J69: =SUM(EA69:EL69)/1000 -> 0 | K69: =SUM(EM69:EX69)/1000 -> 0 | L69: =SUM(EY69:FJ69)/1000 -> 0 | M69: =SUM(FK69:FV69)/1000 -> 0 | N69: =SUM(FW69:GH69)/1000 -> 0 | O69: =SUM(GI69:GT69)/1000 -> 0 | P69: =SUM(GU69:HF69)/1000 -> 0 | Q69: =SUM(HG69:HR69)/1000 -> 0 | R69: =SUM(HS69:ID69)/1000 -> 0 | S69: =SUM(IE69:IP69)/1000 -> 0 | T69: =SUM(IQ69:JB69)/1000 -> 0 | U69: =SUM(JC69:JN69)/1000 -> 0 | V69: =SUM(JO69:JZ69)/1000 -> 0 | W69: =SUM(KA69:KL69)/1000 -> 0 | X69: =SUM(KM69:KX69)/1000 -> 0 | Y69: =SUM(KY69:LJ69)/1000 -> 0 | Z69: =SUM(LK69:LV69)/1000 -> 0 | AA69: =SUM(LW69:MH69)/1000 -> 0 | AB69: =SUM(MI69:MT69)/1000 -> 0 | AC69: =SUM(MU69:NF69)/1000 -> 0 | AD69: =SUM(NG69:NR69)/1000 -> 0 | AE69: =SUM(NS69:OD69)/1000 -> 0 | AF69: =SUM(OE69:OP69)/1000 -> 0
A70: Ukraine | B70: =SUM(AI70:AT70)/1000 -> 0 | C70: =SUM(AU70:BF70)/1000 -> 0 | D70: =SUM(BG70:BR70)/1000 -> 0 | E70: =SUM(BS70:CD70)/1000 -> 0 | F70: =SUM(CE70:CP70)/1000 -> 0 | G70: =SUM(CQ70:DB70)/1000 -> 0 | H70: =SUM(DC70:DN70)/1000 -> 0 | I70: =SUM(DO70:DZ70)/1000 -> 0 | J70: =SUM(EA70:EL70)/1000 -> 0 | K70: =SUM(EM70:EX70)/1000 -> 0 | L70: =SUM(EY70:FJ70)/1000 -> 0 | M70: =SUM(FK70:FV70)/1000 -> 0 | N70: =SUM(FW70:GH70)/1000 -> 0 | O70: =SUM(GI70:GT70)/1000 -> 0 | P70: =SUM(GU70:HF70)/1000 -> 0 | Q70: =SUM(HG70:HR70)/1000 -> 0 | R70: =SUM(HS70:ID70)/1000 -> 0 | S70: =SUM(IE70:IP70)/1000 -> 0 | T70: =SUM(IQ70:JB70)/1000 -> 0 | U70: =SUM(JC70:JN70)/1000 -> 0 | V70: =SUM(JO70:JZ70)/1000 -> 0 | W70: =SUM(KA70:KL70)/1000 -> 0 | X70: =SUM(KM70:KX70)/1000 -> 0 | Y70: =SUM(KY70:LJ70)/1000 -> 0 | Z70: =SUM(LK70:LV70)/1000 -> 0 | AA70: =SUM(LW70:MH70)/1000 -> 0 | AB70: =SUM(MI70:MT70)/1000 -> 0 | AC70: =SUM(MU70:NF70)/1000 -> 0 | AD70: =SUM(NG70:NR70)/1000 -> 0 | AE70: =SUM(NS70:OD70)/1000 -> 0 | AF70: =SUM(OE70:OP70)/1000 -> 0
A71: Uzbekistan | B71: =SUM(AI71:AT71)/1000 -> 0 | C71: =SUM(AU71:BF71)/1000 -> 0 | D71: =SUM(BG71:BR71)/1000 -> 0 | E71: =SUM(BS71:CD71)/1000 -> 0 | F71: =SUM(CE71:CP71)/1000 -> 0 | G71: =SUM(CQ71:DB71)/1000 -> 0 | H71: =SUM(DC71:DN71)/1000 -> 0 | I71: =SUM(DO71:DZ71)/1000 -> 0 | J71: =SUM(EA71:EL71)/1000 -> 0 | K71: =SUM(EM71:EX71)/1000 -> 0 | L71: =SUM(EY71:FJ71)/1000 -> 0 | M71: =SUM(FK71:FV71)/1000 -> 0 | N71: =SUM(FW71:GH71)/1000 -> 0 | O71: =SUM(GI71:GT71)/1000 -> 0 | P71: =SUM(GU71:HF71)/1000 -> 0 | Q71: =SUM(HG71:HR71)/1000 -> 0 | R71: =SUM(HS71:ID71)/1000 -> 0 | S71: =SUM(IE71:IP71)/1000 -> 0 | T71: =SUM(IQ71:JB71)/1000 -> 0 | U71: =SUM(JC71:JN71)/1000 -> 0 | V71: =SUM(JO71:JZ71)/1000 -> 0 | W71: =SUM(KA71:KL71)/1000 -> 0 | X71: =SUM(KM71:KX71)/1000 -> 0 | Y71: =SUM(KY71:LJ71)/1000 -> 0 | Z71: =SUM(LK71:LV71)/1000 -> 0 | AA71: =SUM(LW71:MH71)/1000 -> 0 | AB71: =SUM(MI71:MT71)/1000 -> 0 | AC71: =SUM(MU71:NF71)/1000 -> 0 | AD71: =SUM(NG71:NR71)/1000 -> 0 | AE71: =SUM(NS71:OD71)/1000 -> 0 | AF71: =SUM(OE71:OP71)/1000 -> 0
A72: USSR | B72: =SUM(AI72:AT72)/1000 -> 0 | C72: =SUM(AU72:BF72)/1000 -> 0 | D72: =SUM(BG72:BR72)/1000 -> 0 | E72: =SUM(BS72:CD72)/1000 -> 0 | F72: =SUM(CE72:CP72)/1000 -> 0 | G72: =SUM(CQ72:DB72)/1000 -> 0 | H72: =SUM(DC72:DN72)/1000 -> 0 | I72: =SUM(DO72:DZ72)/1000 -> 0 | J72: =SUM(EA72:EL72)/1000 -> 0 | K72: =SUM(EM72:EX72)/1000 -> 0 | L72: =SUM(EY72:FJ72)/1000 -> 0 | M72: =SUM(FK72:FV72)/1000 -> 0 | N72: =SUM(FW72:GH72)/1000 -> 0 | O72: =SUM(GI72:GT72)/1000 -> 0 | P72: =SUM(GU72:HF72)/1000 -> 0 | Q72: =SUM(HG72:HR72)/1000 -> 0 | R72: =SUM(HS72:ID72)/1000 -> 0 | S72: =SUM(IE72:IP72)/1000 -> 0 | T72: =SUM(IQ72:JB72)/1000 -> 0 | U72: =SUM(JC72:JN72)/1000 -> 0 | V72: =SUM(JO72:JZ72)/1000 -> 0 | W72: =SUM(KA72:KL72)/1000 -> 0 | X72: =SUM(KM72:KX72)/1000 -> 0 | Y72: =SUM(KY72:LJ72)/1000 -> 0 | Z72: =SUM(LK72:LV72)/1000 -> 0 | AA72: =SUM(LW72:MH72)/1000 -> 0 | AB72: =SUM(MI72:MT72)/1000 -> 0 | AC72: =SUM(MU72:NF72)/1000 -> 0 | AD72: =SUM(NG72:NR72)/1000 -> 0 | AE72: =SUM(NS72:OD72)/1000 -> 0 | AF72: =SUM(OE72:OP72)/1000 -> 0
A74: Asia and Oceania | B74: =SUM(B75:B162) -> 0 | C74: =SUM(C75:C162) -> 0 | D74: =SUM(D75:D162) -> 0 | E74: =SUM(E75:E162) -> 0 | F74: =SUM(F75:F162) -> 0 | G74: =SUM(G75:G162) -> 0 | H74: =SUM(H75:H162) -> 0 | I74: =SUM(I75:I162) -> 0 | ... AF74: =SUM(AF75:AF162) -> 0.77798646 | AI74: =SUM(AI75:AI162) -> 0 | AJ74: =SUM(AJ75:AJ162) -> 0 | AK74: =SUM(AK75:AK162) -> 0 | AL74: =SUM(AL75:AL162) -> 0 | AM74: =SUM(AM75:AM162) -> 0 | AN74: =SUM(AN75:AN162) -> 0 | AO74: =SUM(AO75:AO162) -> 0 | AP74: =SUM(AP75:AP162) -> 0 | ... PV74: =SUM(PV75:PV162) -> 0
A75: Afghanistan | B75: =SUM(AI75:AT75)/1000 -> 0 | C75: =SUM(AU75:BF75)/1000 -> 0 | D75: =SUM(BG75:BR75)/1000 -> 0 | E75: =SUM(BS75:CD75)/1000 -> 0 | F75: =SUM(CE75:CP75)/1000 -> 0 | G75: =SUM(CQ75:DB75)/1000 -> 0 | H75: =SUM(DC75:DN75)/1000 -> 0 | I75: =SUM(DO75:DZ75)/1000 -> 0 | J75: =SUM(EA75:EL75)/1000 -> 0 | K75: =SUM(EM75:EX75)/1000 -> 0 | L75: =SUM(EY75:FJ75)/1000 -> 0 | M75: =SUM(FK75:FV75)/1000 -> 0 | N75: =SUM(FW75:GH75)/1000 -> 0 | O75: =SUM(GI75:GT75)/1000 -> 0 | P75: =SUM(GU75:HF75)/1000 -> 0 | Q75: =SUM(HG75:HR75)/1000 -> 0 | R75: =SUM(HS75:ID75)/1000 -> 0 | S75: =SUM(IE75:IP75)/1000 -> 0 | T75: =SUM(IQ75:JB75)/1000 -> 0 | U75: =SUM(JC75:JN75)/1000 -> 0 | V75: =SUM(JO75:JZ75)/1000 -> 0 | W75: =SUM(KA75:KL75)/1000 -> 0 | X75: =SUM(KM75:KX75)/1000 -> 0 | Y75: =SUM(KY75:LJ75)/1000 -> 0 | Z75: =SUM(LK75:LV75)/1000 -> 0 | AA75: =SUM(LW75:MH75)/1000 -> 0 | AB75: =SUM(MI75:MT75)/1000 -> 0 | AC75: =SUM(MU75:NF75)/1000 -> 0 | AD75: =SUM(NG75:NR75)/1000 -> 0 | AE75: =SUM(NS75:OD75)/1000 -> 0 | AF75: =SUM(OE75:OP75)/1000 -> 0
A76: American Oceania | B76: =SUM(AI76:AT76)/1000 -> 0 | C76: =SUM(AU76:BF76)/1000 -> 0 | D76: =SUM(BG76:BR76)/1000 -> 0 | E76: =SUM(BS76:CD76)/1000 -> 0 | F76: =SUM(CE76:CP76)/1000 -> 0 | G76: =SUM(CQ76:DB76)/1000 -> 0 | H76: =SUM(DC76:DN76)/1000 -> 0 | I76: =SUM(DO76:DZ76)/1000 -> 0 | J76: =SUM(EA76:EL76)/1000 -> 0 | K76: =SUM(EM76:EX76)/1000 -> 0 | L76: =SUM(EY76:FJ76)/1000 -> 0 | M76: =SUM(FK76:FV76)/1000 -> 0 | N76: =SUM(FW76:GH76)/1000 -> 0 | O76: =SUM(GI76:GT76)/1000 -> 0 | P76: =SUM(GU76:HF76)/1000 -> 0 | Q76: =SUM(HG76:HR76)/1000 -> 0 | R76: =SUM(HS76:ID76)/1000 -> 0 | S76: =SUM(IE76:IP76)/1000 -> 0 | T76: =SUM(IQ76:JB76)/1000 -> 0 | U76: =SUM(JC76:JN76)/1000 -> 0 | V76: =SUM(JO76:JZ76)/1000 -> 0 | W76: =SUM(KA76:KL76)/1000 -> 0 | X76: =SUM(KM76:KX76)/1000 -> 0 | Y76: =SUM(KY76:LJ76)/1000 -> 0 | Z76: =SUM(LK76:LV76)/1000 -> 0 | AA76: =SUM(LW76:MH76)/1000 -> 0 | AB76: =SUM(MI76:MT76)/1000 -> 0 | AC76: =SUM(MU76:NF76)/1000 -> 0 | AD76: =SUM(NG76:NR76)/1000 -> 0 | AE76: =SUM(NS76:OD76)/1000 -> 0 | AF76: =SUM(OE76:OP76)/1000 -> 0
A77: American Samoa | B77: =SUM(AI77:AT77)/1000 -> 0 | C77: =SUM(AU77:BF77)/1000 -> 0 | D77: =SUM(BG77:BR77)/1000 -> 0 | E77: =SUM(BS77:CD77)/1000 -> 0 | F77: =SUM(CE77:CP77)/1000 -> 0 | G77: =SUM(CQ77:DB77)/1000 -> 0 | H77: =SUM(DC77:DN77)/1000 -> 0 | I77: =SUM(DO77:DZ77)/1000 -> 0 | J77: =SUM(EA77:EL77)/1000 -> 0 | K77: =SUM(EM77:EX77)/1000 -> 0 | L77: =SUM(EY77:FJ77)/1000 -> 0 | M77: =SUM(FK77:FV77)/1000 -> 0 | N77: =SUM(FW77:GH77)/1000 -> 0 | O77: =SUM(GI77:GT77)/1000 -> 0 | P77: =SUM(GU77:HF77)/1000 -> 0 | Q77: =SUM(HG77:HR77)/1000 -> 0 | R77: =SUM(HS77:ID77)/1000 -> 0 | S77: =SUM(IE77:IP77)/1000 -> 0 | T77: =SUM(IQ77:JB77)/1000 -> 0 | U77: =SUM(JC77:JN77)/1000 -> 0 | V77: =SUM(JO77:JZ77)/1000 -> 0 | W77: =SUM(KA77:KL77)/1000 -> 0 | X77: =SUM(KM77:KX77)/1000 -> 0 | Y77: =SUM(KY77:LJ77)/1000 -> 0 | Z77: =SUM(LK77:LV77)/1000 -> 0 | AA77: =SUM(LW77:MH77)/1000 -> 0 | AB77: =SUM(MI77:MT77)/1000 -> 0 | AC77: =SUM(MU77:NF77)/1000 -> 0 | AD77: =SUM(NG77:NR77)/1000 -> 0 | AE77: =SUM(NS77:OD77)/1000 -> 0 | AF77: =SUM(OE77:OP77)/1000 -> 0
A78: Antarctica | B78: =SUM(AI78:AT78)/1000 -> 0 | C78: =SUM(AU78:BF78)/1000 -> 0 | D78: =SUM(BG78:BR78)/1000 -> 0 | E78: =SUM(BS78:CD78)/1000 -> 0 | F78: =SUM(CE78:CP78)/1000 -> 0 | G78: =SUM(CQ78:DB78)/1000 -> 0 | H78: =SUM(DC78:DN78)/1000 -> 0 | I78: =SUM(DO78:DZ78)/1000 -> 0 | J78: =SUM(EA78:EL78)/1000 -> 0 | K78: =SUM(EM78:EX78)/1000 -> 0 | L78: =SUM(EY78:FJ78)/1000 -> 0 | M78: =SUM(FK78:FV78)/1000 -> 0 | N78: =SUM(FW78:GH78)/1000 -> 0 | O78: =SUM(GI78:GT78)/1000 -> 0 | P78: =SUM(GU78:HF78)/1000 -> 0 | Q78: =SUM(HG78:HR78)/1000 -> 0 | R78: =SUM(HS78:ID78)/1000 -> 0 | S78: =SUM(IE78:IP78)/1000 -> 0 | T78: =SUM(IQ78:JB78)/1000 -> 0 | U78: =SUM(JC78:JN78)/1000 -> 0 | V78: =SUM(JO78:JZ78)/1000 -> 0 | W78: =SUM(KA78:KL78)/1000 -> 0 | X78: =SUM(KM78:KX78)/1000 -> 0 | Y78: =SUM(KY78:LJ78)/1000 -> 0 | Z78: =SUM(LK78:LV78)/1000 -> 0 | AA78: =SUM(LW78:MH78)/1000 -> 0 | AB78: =SUM(MI78:MT78)/1000 -> 0 | AC78: =SUM(MU78:NF78)/1000 -> 0 | AD78: =SUM(NG78:NR78)/1000 -> 0 | AE78: =SUM(NS78:OD78)/1000 -> 0 | AF78: =SUM(OE78:OP78)/1000 -> 0
A79: Australia | B79: =SUM(AI79:AT79)/1000 -> 0 | C79: =SUM(AU79:BF79)/1000 -> 0 | D79: =SUM(BG79:BR79)/1000 -> 0 | E79: =SUM(BS79:CD79)/1000 -> 0 | F79: =SUM(CE79:CP79)/1000 -> 0 | G79: =SUM(CQ79:DB79)/1000 -> 0 | H79: =SUM(DC79:DN79)/1000 -> 0 | I79: =SUM(DO79:DZ79)/1000 -> 0 | J79: =SUM(EA79:EL79)/1000 -> 0 | K79: =SUM(EM79:EX79)/1000 -> 0 | L79: =SUM(EY79:FJ79)/1000 -> 0 | M79: =SUM(FK79:FV79)/1000 -> 0 | N79: =SUM(FW79:GH79)/1000 -> 0 | O79: =SUM(GI79:GT79)/1000 -> 0 | P79: =SUM(GU79:HF79)/1000 -> 0 | Q79: =SUM(HG79:HR79)/1000 -> 0 | R79: =SUM(HS79:ID79)/1000 -> 0 | S79: =SUM(IE79:IP79)/1000 -> 0 | T79: =SUM(IQ79:JB79)/1000 -> 0 | U79: =SUM(JC79:JN79)/1000 -> 0 | V79: =SUM(JO79:JZ79)/1000 -> 0 | W79: =SUM(KA79:KL79)/1000 -> 0 | X79: =SUM(KM79:KX79)/1000 -> 0 | Y79: =SUM(KY79:LJ79)/1000 -> 0 | Z79: =SUM(LK79:LV79)/1000 -> 0 | AA79: =SUM(LW79:MH79)/1000 -> 0 | AB79: =SUM(MI79:MT79)/1000 -> 0 | AC79: =SUM(MU79:NF79)/1000 -> 0 | AD79: =SUM(NG79:NR79)/1000 -> 0 | AE79: =SUM(NS79:OD79)/1000 -> 0 | AF79: =SUM(OE79:OP79)/1000 -> 0
A80: Australian Oceania | B80: =SUM(AI80:AT80)/1000 -> 0 | C80: =SUM(AU80:BF80)/1000 -> 0 | D80: =SUM(BG80:BR80)/1000 -> 0 | E80: =SUM(BS80:CD80)/1000 -> 0 | F80: =SUM(CE80:CP80)/1000 -> 0 | G80: =SUM(CQ80:DB80)/1000 -> 0 | H80: =SUM(DC80:DN80)/1000 -> 0 | I80: =SUM(DO80:DZ80)/1000 -> 0 | J80: =SUM(EA80:EL80)/1000 -> 0 | K80: =SUM(EM80:EX80)/1000 -> 0 | L80: =SUM(EY80:FJ80)/1000 -> 0 | M80: =SUM(FK80:FV80)/1000 -> 0 | N80: =SUM(FW80:GH80)/1000 -> 0 | O80: =SUM(GI80:GT80)/1000 -> 0 | P80: =SUM(GU80:HF80)/1000 -> 0 | Q80: =SUM(HG80:HR80)/1000 -> 0 | R80: =SUM(HS80:ID80)/1000 -> 0 | S80: =SUM(IE80:IP80)/1000 -> 0 | T80: =SUM(IQ80:JB80)/1000 -> 0 | U80: =SUM(JC80:JN80)/1000 -> 0 | V80: =SUM(JO80:JZ80)/1000 -> 0 | W80: =SUM(KA80:KL80)/1000 -> 0 | X80: =SUM(KM80:KX80)/1000 -> 0 | Y80: =SUM(KY80:LJ80)/1000 -> 0 | Z80: =SUM(LK80:LV80)/1000 -> 0 | AA80: =SUM(LW80:MH80)/1000 -> 0 | AB80: =SUM(MI80:MT80)/1000 -> 0 | AC80: =SUM(MU80:NF80)/1000 -> 0 | AD80: =SUM(NG80:NR80)/1000 -> 0 | AE80: =SUM(NS80:OD80)/1000 -> 0 | AF80: =SUM(OE80:OP80)/1000 -> 0
A81: Bahrain | B81: =SUM(AI81:AT81)/1000 -> 0 | C81: =SUM(AU81:BF81)/1000 -> 0 | D81: =SUM(BG81:BR81)/1000 -> 0 | E81: =SUM(BS81:CD81)/1000 -> 0 | F81: =SUM(CE81:CP81)/1000 -> 0 | G81: =SUM(CQ81:DB81)/1000 -> 0 | H81: =SUM(DC81:DN81)/1000 -> 0 | I81: =SUM(DO81:DZ81)/1000 -> 0 | J81: =SUM(EA81:EL81)/1000 -> 0 | K81: =SUM(EM81:EX81)/1000 -> 0 | L81: =SUM(EY81:FJ81)/1000 -> 0 | M81: =SUM(FK81:FV81)/1000 -> 0 | N81: =SUM(FW81:GH81)/1000 -> 0 | O81: =SUM(GI81:GT81)/1000 -> 0 | P81: =SUM(GU81:HF81)/1000 -> 0 | Q81: =SUM(HG81:HR81)/1000 -> 0 | R81: =SUM(HS81:ID81)/1000 -> 0 | S81: =SUM(IE81:IP81)/1000 -> 0 | T81: =SUM(IQ81:JB81)/1000 -> 0 | U81: =SUM(JC81:JN81)/1000 -> 0 | V81: =SUM(JO81:JZ81)/1000 -> 0 | W81: =SUM(KA81:KL81)/1000 -> 0 | X81: =SUM(KM81:KX81)/1000 -> 0 | Y81: =SUM(KY81:LJ81)/1000 -> 0 | Z81: =SUM(LK81:LV81)/1000 -> 0 | AA81: =SUM(LW81:MH81)/1000 -> 0 | AB81: =SUM(MI81:MT81)/1000 -> 0 | AC81: =SUM(MU81:NF81)/1000 -> 0 | AD81: =SUM(NG81:NR81)/1000 -> 0 | AE81: =SUM(NS81:OD81)/1000 -> 0 | AF81: =SUM(OE81:OP81)/1000 -> 0
A82: Bangladesh | B82: =SUM(AI82:AT82)/1000 -> 0 | C82: =SUM(AU82:BF82)/1000 -> 0 | D82: =SUM(BG82:BR82)/1000 -> 0 | E82: =SUM(BS82:CD82)/1000 -> 0 | F82: =SUM(CE82:CP82)/1000 -> 0 | G82: =SUM(CQ82:DB82)/1000 -> 0 | H82: =SUM(DC82:DN82)/1000 -> 0 | I82: =SUM(DO82:DZ82)/1000 -> 0 | J82: =SUM(EA82:EL82)/1000 -> 0 | K82: =SUM(EM82:EX82)/1000 -> 0 | L82: =SUM(EY82:FJ82)/1000 -> 0 | M82: =SUM(FK82:FV82)/1000 -> 0 | N82: =SUM(FW82:GH82)/1000 -> 0 | O82: =SUM(GI82:GT82)/1000 -> 0 | P82: =SUM(GU82:HF82)/1000 -> 0 | Q82: =SUM(HG82:HR82)/1000 -> 0 | R82: =SUM(HS82:ID82)/1000 -> 0 | S82: =SUM(IE82:IP82)/1000 -> 0 | T82: =SUM(IQ82:JB82)/1000 -> 0 | U82: =SUM(JC82:JN82)/1000 -> 0 | V82: =SUM(JO82:JZ82)/1000 -> 0 | W82: =SUM(KA82:KL82)/1000 -> 0 | X82: =SUM(KM82:KX82)/1000 -> 0 | Y82: =SUM(KY82:LJ82)/1000 -> 0 | Z82: =SUM(LK82:LV82)/1000 -> 0 | AA82: =SUM(LW82:MH82)/1000 -> 0 | AB82: =SUM(MI82:MT82)/1000 -> 0 | AC82: =SUM(MU82:NF82)/1000 -> 0 | AD82: =SUM(NG82:NR82)/1000 -> 0 | AE82: =SUM(NS82:OD82)/1000 -> 0 | AF82: =SUM(OE82:OP82)/1000 -> 0
A83: Bhutan | B83: =SUM(AI83:AT83)/1000 -> 0 | C83: =SUM(AU83:BF83)/1000 -> 0 | D83: =SUM(BG83:BR83)/1000 -> 0 | E83: =SUM(BS83:CD83)/1000 -> 0 | F83: =SUM(CE83:CP83)/1000 -> 0 | G83: =SUM(CQ83:DB83)/1000 -> 0 | H83: =SUM(DC83:DN83)/1000 -> 0 | I83: =SUM(DO83:DZ83)/1000 -> 0 | J83: =SUM(EA83:EL83)/1000 -> 0 | K83: =SUM(EM83:EX83)/1000 -> 0 | L83: =SUM(EY83:FJ83)/1000 -> 0 | M83: =SUM(FK83:FV83)/1000 -> 0 | N83: =SUM(FW83:GH83)/1000 -> 0 | O83: =SUM(GI83:GT83)/1000 -> 0 | P83: =SUM(GU83:HF83)/1000 -> 0 | Q83: =SUM(HG83:HR83)/1000 -> 0 | R83: =SUM(HS83:ID83)/1000 -> 0 | S83: =SUM(IE83:IP83)/1000 -> 0 | T83: =SUM(IQ83:JB83)/1000 -> 0 | U83: =SUM(JC83:JN83)/1000 -> 0 | V83: =SUM(JO83:JZ83)/1000 -> 0 | W83: =SUM(KA83:KL83)/1000 -> 0 | X83: =SUM(KM83:KX83)/1000 -> 0 | Y83: =SUM(KY83:LJ83)/1000 -> 0 | Z83: =SUM(LK83:LV83)/1000 -> 0 | AA83: =SUM(LW83:MH83)/1000 -> 0 | AB83: =SUM(MI83:MT83)/1000 -> 0 | AC83: =SUM(MU83:NF83)/1000 -> 0 | AD83: =SUM(NG83:NR83)/1000 -> 0 | AE83: =SUM(NS83:OD83)/1000 -> 0 | AF83: =SUM(OE83:OP83)/1000 -> 0
A84: Bouvet Island | B84: =SUM(AI84:AT84)/1000 -> 0 | C84: =SUM(AU84:BF84)/1000 -> 0 | D84: =SUM(BG84:BR84)/1000 -> 0 | E84: =SUM(BS84:CD84)/1000 -> 0 | F84: =SUM(CE84:CP84)/1000 -> 0 | G84: =SUM(CQ84:DB84)/1000 -> 0 | H84: =SUM(DC84:DN84)/1000 -> 0 | I84: =SUM(DO84:DZ84)/1000 -> 0 | J84: =SUM(EA84:EL84)/1000 -> 0 | K84: =SUM(EM84:EX84)/1000 -> 0 | L84: =SUM(EY84:FJ84)/1000 -> 0 | M84: =SUM(FK84:FV84)/1000 -> 0 | N84: =SUM(FW84:GH84)/1000 -> 0 | O84: =SUM(GI84:GT84)/1000 -> 0 | P84: =SUM(GU84:HF84)/1000 -> 0 | Q84: =SUM(HG84:HR84)/1000 -> 0 | R84: =SUM(HS84:ID84)/1000 -> 0 | S84: =SUM(IE84:IP84)/1000 -> 0 | T84: =SUM(IQ84:JB84)/1000 -> 0 | U84: =SUM(JC84:JN84)/1000 -> 0 | V84: =SUM(JO84:JZ84)/1000 -> 0 | W84: =SUM(KA84:KL84)/1000 -> 0 | X84: =SUM(KM84:KX84)/1000 -> 0 | Y84: =SUM(KY84:LJ84)/1000 -> 0 | Z84: =SUM(LK84:LV84)/1000 -> 0 | AA84: =SUM(LW84:MH84)/1000 -> 0 | AB84: =SUM(MI84:MT84)/1000 -> 0 | AC84: =SUM(MU84:NF84)/1000 -> 0 | AD84: =SUM(NG84:NR84)/1000 -> 0 | AE84: =SUM(NS84:OD84)/1000 -> 0 | AF84: =SUM(OE84:OP84)/1000 -> 0
A85: Brunei | B85: =SUM(AI85:AT85)/1000 -> 0 | C85: =SUM(AU85:BF85)/1000 -> 0 | D85: =SUM(BG85:BR85)/1000 -> 0 | E85: =SUM(BS85:CD85)/1000 -> 0 | F85: =SUM(CE85:CP85)/1000 -> 0 | G85: =SUM(CQ85:DB85)/1000 -> 0 | H85: =SUM(DC85:DN85)/1000 -> 0 | I85: =SUM(DO85:DZ85)/1000 -> 0 | J85: =SUM(EA85:EL85)/1000 -> 0 | K85: =SUM(EM85:EX85)/1000 -> 0 | L85: =SUM(EY85:FJ85)/1000 -> 0 | M85: =SUM(FK85:FV85)/1000 -> 0 | N85: =SUM(FW85:GH85)/1000 -> 0 | O85: =SUM(GI85:GT85)/1000 -> 0 | P85: =SUM(GU85:HF85)/1000 -> 0 | Q85: =SUM(HG85:HR85)/1000 -> 0 | R85: =SUM(HS85:ID85)/1000 -> 0 | S85: =SUM(IE85:IP85)/1000 -> 0 | T85: =SUM(IQ85:JB85)/1000 -> 0 | U85: =SUM(JC85:JN85)/1000 -> 0 | V85: =SUM(JO85:JZ85)/1000 -> 0 | W85: =SUM(KA85:KL85)/1000 -> 0 | X85: =SUM(KM85:KX85)/1000 -> 0 | Y85: =SUM(KY85:LJ85)/1000 -> 0 | Z85: =SUM(LK85:LV85)/1000 -> 0 | AA85: =SUM(LW85:MH85)/1000 -> 0 | AB85: =SUM(MI85:MT85)/1000 -> 0 | AC85: =SUM(MU85:NF85)/1000 -> 0 | AD85: =SUM(NG85:NR85)/1000 -> 0 | AE85: =SUM(NS85:OD85)/1000 -> 0 | AF85: =SUM(OE85:OP85)/1000 -> 0
A86: Burma (Myanmar) | B86: =SUM(AI86:AT86)/1000 -> 0 | C86: =SUM(AU86:BF86)/1000 -> 0 | D86: =SUM(BG86:BR86)/1000 -> 0 | E86: =SUM(BS86:CD86)/1000 -> 0 | F86: =SUM(CE86:CP86)/1000 -> 0 | G86: =SUM(CQ86:DB86)/1000 -> 0 | H86: =SUM(DC86:DN86)/1000 -> 0 | I86: =SUM(DO86:DZ86)/1000 -> 0 | J86: =SUM(EA86:EL86)/1000 -> 0 | K86: =SUM(EM86:EX86)/1000 -> 0 | L86: =SUM(EY86:FJ86)/1000 -> 0 | M86: =SUM(FK86:FV86)/1000 -> 0 | N86: =SUM(FW86:GH86)/1000 -> 0 | O86: =SUM(GI86:GT86)/1000 -> 0 | P86: =SUM(GU86:HF86)/1000 -> 0 | Q86: =SUM(HG86:HR86)/1000 -> 0 | R86: =SUM(HS86:ID86)/1000 -> 0 | S86: =SUM(IE86:IP86)/1000 -> 0 | T86: =SUM(IQ86:JB86)/1000 -> 0 | U86: =SUM(JC86:JN86)/1000 -> 0 | V86: =SUM(JO86:JZ86)/1000 -> 0 | W86: =SUM(KA86:KL86)/1000 -> 0 | X86: =SUM(KM86:KX86)/1000 -> 0 | Y86: =SUM(KY86:LJ86)/1000 -> 0 | Z86: =SUM(LK86:LV86)/1000 -> 0 | AA86: =SUM(LW86:MH86)/1000 -> 0 | AB86: =SUM(MI86:MT86)/1000 -> 0 | AC86: =SUM(MU86:NF86)/1000 -> 0 | AD86: =SUM(NG86:NR86)/1000 -> 0 | AE86: =SUM(NS86:OD86)/1000 -> 0 | AF86: =SUM(OE86:OP86)/1000 -> 0
A87: Cambodia (Kampuchea) | B87: =SUM(AI87:AT87)/1000 -> 0 | C87: =SUM(AU87:BF87)/1000 -> 0 | D87: =SUM(BG87:BR87)/1000 -> 0 | E87: =SUM(BS87:CD87)/1000 -> 0 | F87: =SUM(CE87:CP87)/1000 -> 0 | G87: =SUM(CQ87:DB87)/1000 -> 0 | H87: =SUM(DC87:DN87)/1000 -> 0 | I87: =SUM(DO87:DZ87)/1000 -> 0 | J87: =SUM(EA87:EL87)/1000 -> 0 | K87: =SUM(EM87:EX87)/1000 -> 0 | L87: =SUM(EY87:FJ87)/1000 -> 0 | M87: =SUM(FK87:FV87)/1000 -> 0 | N87: =SUM(FW87:GH87)/1000 -> 0 | O87: =SUM(GI87:GT87)/1000 -> 0 | P87: =SUM(GU87:HF87)/1000 -> 0 | Q87: =SUM(HG87:HR87)/1000 -> 0 | R87: =SUM(HS87:ID87)/1000 -> 0 | S87: =SUM(IE87:IP87)/1000 -> 0 | T87: =SUM(IQ87:JB87)/1000 -> 0 | U87: =SUM(JC87:JN87)/1000 -> 0 | V87: =SUM(JO87:JZ87)/1000 -> 0 | W87: =SUM(KA87:KL87)/1000 -> 0 | X87: =SUM(KM87:KX87)/1000 -> 0 | Y87: =SUM(KY87:LJ87)/1000 -> 0 | Z87: =SUM(LK87:LV87)/1000 -> 0 | AA87: =SUM(LW87:MH87)/1000 -> 0 | AB87: =SUM(MI87:MT87)/1000 -> 0 | AC87: =SUM(MU87:NF87)/1000 -> 0 | AD87: =SUM(NG87:NR87)/1000 -> 0 | AE87: =SUM(NS87:OD87)/1000 -> 0 | AF87: =SUM(OE87:OP87)/1000 -> 0
A88: China | B88: =SUM(AI88:AT88)/1000 -> 0 | C88: =SUM(AU88:BF88)/1000 -> 0 | D88: =SUM(BG88:BR88)/1000 -> 0 | E88: =SUM(BS88:CD88)/1000 -> 0 | F88: =SUM(CE88:CP88)/1000 -> 0 | G88: =SUM(CQ88:DB88)/1000 -> 0 | H88: =SUM(DC88:DN88)/1000 -> 0 | I88: =SUM(DO88:DZ88)/1000 -> 0 | J88: =SUM(EA88:EL88)/1000 -> 0 | K88: =SUM(EM88:EX88)/1000 -> 0 | L88: =SUM(EY88:FJ88)/1000 -> 0 | M88: =SUM(FK88:FV88)/1000 -> 0 | N88: =SUM(FW88:GH88)/1000 -> 0 | O88: =SUM(GI88:GT88)/1000 -> 0 | P88: =SUM(GU88:HF88)/1000 -> 0 | Q88: =SUM(HG88:HR88)/1000 -> 0 | R88: =SUM(HS88:ID88)/1000 -> 0 | S88: =SUM(IE88:IP88)/1000 -> 0 | T88: =SUM(IQ88:JB88)/1000 -> 0 | U88: =SUM(JC88:JN88)/1000 -> 0 | V88: =SUM(JO88:JZ88)/1000 -> 0 | W88: =SUM(KA88:KL88)/1000 -> 0 | X88: =SUM(KM88:KX88)/1000 -> 0 | Y88: =SUM(KY88:LJ88)/1000 -> 0 | Z88: =SUM(LK88:LV88)/1000 -> 0 | AA88: =SUM(LW88:MH88)/1000 -> 0 | AB88: =SUM(MI88:MT88)/1000 -> 0 | AC88: =SUM(MU88:NF88)/1000 -> 0 | AD88: =SUM(NG88:NR88)/1000 -> 0 | AE88: =SUM(NS88:OD88)/1000 -> 0 | AF88: =SUM(OE88:OP88)/1000 -> 0.77798646 | OO88: 763.53848 | OP88: 14.447983
A89: Christmas Island | B89: =SUM(AI89:AT89)/1000 -> 0 | C89: =SUM(AU89:BF89)/1000 -> 0 | D89: =SUM(BG89:BR89)/1000 -> 0 | E89: =SUM(BS89:CD89)/1000 -> 0 | F89: =SUM(CE89:CP89)/1000 -> 0 | G89: =SUM(CQ89:DB89)/1000 -> 0 | H89: =SUM(DC89:DN89)/1000 -> 0 | I89: =SUM(DO89:DZ89)/1000 -> 0 | J89: =SUM(EA89:EL89)/1000 -> 0 | K89: =SUM(EM89:EX89)/1000 -> 0 | L89: =SUM(EY89:FJ89)/1000 -> 0 | M89: =SUM(FK89:FV89)/1000 -> 0 | N89: =SUM(FW89:GH89)/1000 -> 0 | O89: =SUM(GI89:GT89)/1000 -> 0 | P89: =SUM(GU89:HF89)/1000 -> 0 | Q89: =SUM(HG89:HR89)/1000 -> 0 | R89: =SUM(HS89:ID89)/1000 -> 0 | S89: =SUM(IE89:IP89)/1000 -> 0 | T89: =SUM(IQ89:JB89)/1000 -> 0 | U89: =SUM(JC89:JN89)/1000 -> 0 | V89: =SUM(JO89:JZ89)/1000 -> 0 | W89: =SUM(KA89:KL89)/1000 -> 0 | X89: =SUM(KM89:KX89)/1000 -> 0 | Y89: =SUM(KY89:LJ89)/1000 -> 0 | Z89: =SUM(LK89:LV89)/1000 -> 0 | AA89: =SUM(LW89:MH89)/1000 -> 0 | AB89: =SUM(MI89:MT89)/1000 -> 0 | AC89: =SUM(MU89:NF89)/1000 -> 0 | AD89: =SUM(NG89:NR89)/1000 -> 0 | AE89: =SUM(NS89:OD89)/1000 -> 0 | AF89: =SUM(OE89:OP89)/1000 -> 0
A90: Cocos (Keeling) Island | B90: =SUM(AI90:AT90)/1000 -> 0 | C90: =SUM(AU90:BF90)/1000 -> 0 | D90: =SUM(BG90:BR90)/1000 -> 0 | E90: =SUM(BS90:CD90)/1000 -> 0 | F90: =SUM(CE90:CP90)/1000 -> 0 | G90: =SUM(CQ90:DB90)/1000 -> 0 | H90: =SUM(DC90:DN90)/1000 -> 0 | I90: =SUM(DO90:DZ90)/1000 -> 0 | J90: =SUM(EA90:EL90)/1000 -> 0 | K90: =SUM(EM90:EX90)/1000 -> 0 | L90: =SUM(EY90:FJ90)/1000 -> 0 | M90: =SUM(FK90:FV90)/1000 -> 0 | N90: =SUM(FW90:GH90)/1000 -> 0 | O90: =SUM(GI90:GT90)/1000 -> 0 | P90: =SUM(GU90:HF90)/1000 -> 0 | Q90: =SUM(HG90:HR90)/1000 -> 0 | R90: =SUM(HS90:ID90)/1000 -> 0 | S90: =SUM(IE90:IP90)/1000 -> 0 | T90: =SUM(IQ90:JB90)/1000 -> 0 | U90: =SUM(JC90:JN90)/1000 -> 0 | V90: =SUM(JO90:JZ90)/1000 -> 0 | W90: =SUM(KA90:KL90)/1000 -> 0 | X90: =SUM(KM90:KX90)/1000 -> 0 | Y90: =SUM(KY90:LJ90)/1000 -> 0 | Z90: =SUM(LK90:LV90)/1000 -> 0 | AA90: =SUM(LW90:MH90)/1000 -> 0 | AB90: =SUM(MI90:MT90)/1000 -> 0 | AC90: =SUM(MU90:NF90)/1000 -> 0 | AD90: =SUM(NG90:NR90)/1000 -> 0 | AE90: =SUM(NS90:OD90)/1000 -> 0 | AF90: =SUM(OE90:OP90)/1000 -> 0
A91: Cook Islands | B91: =SUM(AI91:AT91)/1000 -> 0 | C91: =SUM(AU91:BF91)/1000 -> 0 | D91: =SUM(BG91:BR91)/1000 -> 0 | E91: =SUM(BS91:CD91)/1000 -> 0 | F91: =SUM(CE91:CP91)/1000 -> 0 | G91: =SUM(CQ91:DB91)/1000 -> 0 | H91: =SUM(DC91:DN91)/1000 -> 0 | I91: =SUM(DO91:DZ91)/1000 -> 0 | J91: =SUM(EA91:EL91)/1000 -> 0 | K91: =SUM(EM91:EX91)/1000 -> 0 | L91: =SUM(EY91:FJ91)/1000 -> 0 | M91: =SUM(FK91:FV91)/1000 -> 0 | N91: =SUM(FW91:GH91)/1000 -> 0 | O91: =SUM(GI91:GT91)/1000 -> 0 | P91: =SUM(GU91:HF91)/1000 -> 0 | Q91: =SUM(HG91:HR91)/1000 -> 0 | R91: =SUM(HS91:ID91)/1000 -> 0 | S91: =SUM(IE91:IP91)/1000 -> 0 | T91: =SUM(IQ91:JB91)/1000 -> 0 | U91: =SUM(JC91:JN91)/1000 -> 0 | V91: =SUM(JO91:JZ91)/1000 -> 0 | W91: =SUM(KA91:KL91)/1000 -> 0 | X91: =SUM(KM91:KX91)/1000 -> 0 | Y91: =SUM(KY91:LJ91)/1000 -> 0 | Z91: =SUM(LK91:LV91)/1000 -> 0 | AA91: =SUM(LW91:MH91)/1000 -> 0 | AB91: =SUM(MI91:MT91)/1000 -> 0 | AC91: =SUM(MU91:NF91)/1000 -> 0 | AD91: =SUM(NG91:NR91)/1000 -> 0 | AE91: =SUM(NS91:OD91)/1000 -> 0 | AF91: =SUM(OE91:OP91)/1000 -> 0
A92: Cook Islands and Nuie and Tokelau | B92: =SUM(AI92:AT92)/1000 -> 0 | C92: =SUM(AU92:BF92)/1000 -> 0 | D92: =SUM(BG92:BR92)/1000 -> 0 | E92: =SUM(BS92:CD92)/1000 -> 0 | F92: =SUM(CE92:CP92)/1000 -> 0 | G92: =SUM(CQ92:DB92)/1000 -> 0 | H92: =SUM(DC92:DN92)/1000 -> 0 | I92: =SUM(DO92:DZ92)/1000 -> 0 | J92: =SUM(EA92:EL92)/1000 -> 0 | K92: =SUM(EM92:EX92)/1000 -> 0 | L92: =SUM(EY92:FJ92)/1000 -> 0 | M92: =SUM(FK92:FV92)/1000 -> 0 | N92: =SUM(FW92:GH92)/1000 -> 0 | O92: =SUM(GI92:GT92)/1000 -> 0 | P92: =SUM(GU92:HF92)/1000 -> 0 | Q92: =SUM(HG92:HR92)/1000 -> 0 | R92: =SUM(HS92:ID92)/1000 -> 0 | S92: =SUM(IE92:IP92)/1000 -> 0 | T92: =SUM(IQ92:JB92)/1000 -> 0 | U92: =SUM(JC92:JN92)/1000 -> 0 | V92: =SUM(JO92:JZ92)/1000 -> 0 | W92: =SUM(KA92:KL92)/1000 -> 0 | X92: =SUM(KM92:KX92)/1000 -> 0 | Y92: =SUM(KY92:LJ92)/1000 -> 0 | Z92: =SUM(LK92:LV92)/1000 -> 0 | AA92: =SUM(LW92:MH92)/1000 -> 0 | AB92: =SUM(MI92:MT92)/1000 -> 0 | AC92: =SUM(MU92:NF92)/1000 -> 0 | AD92: =SUM(NG92:NR92)/1000 -> 0 | AE92: =SUM(NS92:OD92)/1000 -> 0 | AF92: =SUM(OE92:OP92)/1000 -> 0
A93: East Timor | B93: =SUM(AI93:AT93)/1000 -> 0 | C93: =SUM(AU93:BF93)/1000 -> 0 | D93: =SUM(BG93:BR93)/1000 -> 0 | E93: =SUM(BS93:CD93)/1000 -> 0 | F93: =SUM(CE93:CP93)/1000 -> 0 | G93: =SUM(CQ93:DB93)/1000 -> 0 | H93: =SUM(DC93:DN93)/1000 -> 0 | I93: =SUM(DO93:DZ93)/1000 -> 0 | J93: =SUM(EA93:EL93)/1000 -> 0 | K93: =SUM(EM93:EX93)/1000 -> 0 | L93: =SUM(EY93:FJ93)/1000 -> 0 | M93: =SUM(FK93:FV93)/1000 -> 0 | N93: =SUM(FW93:GH93)/1000 -> 0 | O93: =SUM(GI93:GT93)/1000 -> 0 | P93: =SUM(GU93:HF93)/1000 -> 0 | Q93: =SUM(HG93:HR93)/1000 -> 0 | R93: =SUM(HS93:ID93)/1000 -> 0 | S93: =SUM(IE93:IP93)/1000 -> 0 | T93: =SUM(IQ93:JB93)/1000 -> 0 | U93: =SUM(JC93:JN93)/1000 -> 0 | V93: =SUM(JO93:JZ93)/1000 -> 0 | W93: =SUM(KA93:KL93)/1000 -> 0 | X93: =SUM(KM93:KX93)/1000 -> 0 | Y93: =SUM(KY93:LJ93)/1000 -> 0 | Z93: =SUM(LK93:LV93)/1000 -> 0 | AA93: =SUM(LW93:MH93)/1000 -> 0 | AB93: =SUM(MI93:MT93)/1000 -> 0 | AC93: =SUM(MU93:NF93)/1000 -> 0 | AD93: =SUM(NG93:NR93)/1000 -> 0 | AE93: =SUM(NS93:OD93)/1000 -> 0 | AF93: =SUM(OE93:OP93)/1000 -> 0
A94: Fiji | B94: =SUM(AI94:AT94)/1000 -> 0 | C94: =SUM(AU94:BF94)/1000 -> 0 | D94: =SUM(BG94:BR94)/1000 -> 0 | E94: =SUM(BS94:CD94)/1000 -> 0 | F94: =SUM(CE94:CP94)/1000 -> 0 | G94: =SUM(CQ94:DB94)/1000 -> 0 | H94: =SUM(DC94:DN94)/1000 -> 0 | I94: =SUM(DO94:DZ94)/1000 -> 0 | J94: =SUM(EA94:EL94)/1000 -> 0 | K94: =SUM(EM94:EX94)/1000 -> 0 | L94: =SUM(EY94:FJ94)/1000 -> 0 | M94: =SUM(FK94:FV94)/1000 -> 0 | N94: =SUM(FW94:GH94)/1000 -> 0 | O94: =SUM(GI94:GT94)/1000 -> 0 | P94: =SUM(GU94:HF94)/1000 -> 0 | Q94: =SUM(HG94:HR94)/1000 -> 0 | R94: =SUM(HS94:ID94)/1000 -> 0 | S94: =SUM(IE94:IP94)/1000 -> 0 | T94: =SUM(IQ94:JB94)/1000 -> 0 | U94: =SUM(JC94:JN94)/1000 -> 0 | V94: =SUM(JO94:JZ94)/1000 -> 0 | W94: =SUM(KA94:KL94)/1000 -> 0 | X94: =SUM(KM94:KX94)/1000 -> 0 | Y94: =SUM(KY94:LJ94)/1000 -> 0 | Z94: =SUM(LK94:LV94)/1000 -> 0 | AA94: =SUM(LW94:MH94)/1000 -> 0 | AB94: =SUM(MI94:MT94)/1000 -> 0 | AC94: =SUM(MU94:NF94)/1000 -> 0 | AD94: =SUM(NG94:NR94)/1000 -> 0 | AE94: =SUM(NS94:OD94)/1000 -> 0 | AF94: =SUM(OE94:OP94)/1000 -> 0
A95: French Pacific Islands (Includes Tahiti) | B95: =SUM(AI95:AT95)/1000 -> 0 | C95: =SUM(AU95:BF95)/1000 -> 0 | D95: =SUM(BG95:BR95)/1000 -> 0 | E95: =SUM(BS95:CD95)/1000 -> 0 | F95: =SUM(CE95:CP95)/1000 -> 0 | G95: =SUM(CQ95:DB95)/1000 -> 0 | H95: =SUM(DC95:DN95)/1000 -> 0 | I95: =SUM(DO95:DZ95)/1000 -> 0 | J95: =SUM(EA95:EL95)/1000 -> 0 | K95: =SUM(EM95:EX95)/1000 -> 0 | L95: =SUM(EY95:FJ95)/1000 -> 0 | M95: =SUM(FK95:FV95)/1000 -> 0 | N95: =SUM(FW95:GH95)/1000 -> 0 | O95: =SUM(GI95:GT95)/1000 -> 0 | P95: =SUM(GU95:HF95)/1000 -> 0 | Q95: =SUM(HG95:HR95)/1000 -> 0 | R95: =SUM(HS95:ID95)/1000 -> 0 | S95: =SUM(IE95:IP95)/1000 -> 0 | T95: =SUM(IQ95:JB95)/1000 -> 0 | U95: =SUM(JC95:JN95)/1000 -> 0 | V95: =SUM(JO95:JZ95)/1000 -> 0 | W95: =SUM(KA95:KL95)/1000 -> 0 | X95: =SUM(KM95:KX95)/1000 -> 0 | Y95: =SUM(KY95:LJ95)/1000 -> 0 | Z95: =SUM(LK95:LV95)/1000 -> 0 | AA95: =SUM(LW95:MH95)/1000 -> 0 | AB95: =SUM(MI95:MT95)/1000 -> 0 | AC95: =SUM(MU95:NF95)/1000 -> 0 | AD95: =SUM(NG95:NR95)/1000 -> 0 | AE95: =SUM(NS95:OD95)/1000 -> 0 | AF95: =SUM(OE95:OP95)/1000 -> 0
A96: French Polynesia | B96: =SUM(AI96:AT96)/1000 -> 0 | C96: =SUM(AU96:BF96)/1000 -> 0 | D96: =SUM(BG96:BR96)/1000 -> 0 | E96: =SUM(BS96:CD96)/1000 -> 0 | F96: =SUM(CE96:CP96)/1000 -> 0 | G96: =SUM(CQ96:DB96)/1000 -> 0 | H96: =SUM(DC96:DN96)/1000 -> 0 | I96: =SUM(DO96:DZ96)/1000 -> 0 | J96: =SUM(EA96:EL96)/1000 -> 0 | K96: =SUM(EM96:EX96)/1000 -> 0 | L96: =SUM(EY96:FJ96)/1000 -> 0 | M96: =SUM(FK96:FV96)/1000 -> 0 | N96: =SUM(FW96:GH96)/1000 -> 0 | O96: =SUM(GI96:GT96)/1000 -> 0 | P96: =SUM(GU96:HF96)/1000 -> 0 | Q96: =SUM(HG96:HR96)/1000 -> 0 | R96: =SUM(HS96:ID96)/1000 -> 0 | S96: =SUM(IE96:IP96)/1000 -> 0 | T96: =SUM(IQ96:JB96)/1000 -> 0 | U96: =SUM(JC96:JN96)/1000 -> 0 | V96: =SUM(JO96:JZ96)/1000 -> 0 | W96: =SUM(KA96:KL96)/1000 -> 0 | X96: =SUM(KM96:KX96)/1000 -> 0 | Y96: =SUM(KY96:LJ96)/1000 -> 0 | Z96: =SUM(LK96:LV96)/1000 -> 0 | AA96: =SUM(LW96:MH96)/1000 -> 0 | AB96: =SUM(MI96:MT96)/1000 -> 0 | AC96: =SUM(MU96:NF96)/1000 -> 0 | AD96: =SUM(NG96:NR96)/1000 -> 0 | AE96: =SUM(NS96:OD96)/1000 -> 0 | AF96: =SUM(OE96:OP96)/1000 -> 0
A97: Gaza Strip Administered by Israel | B97: =SUM(AI97:AT97)/1000 -> 0 | C97: =SUM(AU97:BF97)/1000 -> 0 | D97: =SUM(BG97:BR97)/1000 -> 0 | E97: =SUM(BS97:CD97)/1000 -> 0 | F97: =SUM(CE97:CP97)/1000 -> 0 | G97: =SUM(CQ97:DB97)/1000 -> 0 | H97: =SUM(DC97:DN97)/1000 -> 0 | I97: =SUM(DO97:DZ97)/1000 -> 0 | J97: =SUM(EA97:EL97)/1000 -> 0 | K97: =SUM(EM97:EX97)/1000 -> 0 | L97: =SUM(EY97:FJ97)/1000 -> 0 | M97: =SUM(FK97:FV97)/1000 -> 0 | N97: =SUM(FW97:GH97)/1000 -> 0 | O97: =SUM(GI97:GT97)/1000 -> 0 | P97: =SUM(GU97:HF97)/1000 -> 0 | Q97: =SUM(HG97:HR97)/1000 -> 0 | R97: =SUM(HS97:ID97)/1000 -> 0 | S97: =SUM(IE97:IP97)/1000 -> 0 | T97: =SUM(IQ97:JB97)/1000 -> 0 | U97: =SUM(JC97:JN97)/1000 -> 0 | V97: =SUM(JO97:JZ97)/1000 -> 0 | W97: =SUM(KA97:KL97)/1000 -> 0 | X97: =SUM(KM97:KX97)/1000 -> 0 | Y97: =SUM(KY97:LJ97)/1000 -> 0 | Z97: =SUM(LK97:LV97)/1000 -> 0 | AA97: =SUM(LW97:MH97)/1000 -> 0 | AB97: =SUM(MI97:MT97)/1000 -> 0 | AC97: =SUM(MU97:NF97)/1000 -> 0 | AD97: =SUM(NG97:NR97)/1000 -> 0 | AE97: =SUM(NS97:OD97)/1000 -> 0 | AF97: =SUM(OE97:OP97)/1000 -> 0
A98: Gilbert and Ellice Islands | B98: =SUM(AI98:AT98)/1000 -> 0 | C98: =SUM(AU98:BF98)/1000 -> 0 | D98: =SUM(BG98:BR98)/1000 -> 0 | E98: =SUM(BS98:CD98)/1000 -> 0 | F98: =SUM(CE98:CP98)/1000 -> 0 | G98: =SUM(CQ98:DB98)/1000 -> 0 | H98: =SUM(DC98:DN98)/1000 -> 0 | I98: =SUM(DO98:DZ98)/1000 -> 0 | J98: =SUM(EA98:EL98)/1000 -> 0 | K98: =SUM(EM98:EX98)/1000 -> 0 | L98: =SUM(EY98:FJ98)/1000 -> 0 | M98: =SUM(FK98:FV98)/1000 -> 0 | N98: =SUM(FW98:GH98)/1000 -> 0 | O98: =SUM(GI98:GT98)/1000 -> 0 | P98: =SUM(GU98:HF98)/1000 -> 0 | Q98: =SUM(HG98:HR98)/1000 -> 0 | R98: =SUM(HS98:ID98)/1000 -> 0 | S98: =SUM(IE98:IP98)/1000 -> 0 | T98: =SUM(IQ98:JB98)/1000 -> 0 | U98: =SUM(JC98:JN98)/1000 -> 0 | V98: =SUM(JO98:JZ98)/1000 -> 0 | W98: =SUM(KA98:KL98)/1000 -> 0 | X98: =SUM(KM98:KX98)/1000 -> 0 | Y98: =SUM(KY98:LJ98)/1000 -> 0 | Z98: =SUM(LK98:LV98)/1000 -> 0 | AA98: =SUM(LW98:MH98)/1000 -> 0 | AB98: =SUM(MI98:MT98)/1000 -> 0 | AC98: =SUM(MU98:NF98)/1000 -> 0 | AD98: =SUM(NG98:NR98)/1000 -> 0 | AE98: =SUM(NS98:OD98)/1000 -> 0 | AF98: =SUM(OE98:OP98)/1000 -> 0
A99: Guam | B99: =SUM(AI99:AT99)/1000 -> 0 | C99: =SUM(AU99:BF99)/1000 -> 0 | D99: =SUM(BG99:BR99)/1000 -> 0 | E99: =SUM(BS99:CD99)/1000 -> 0 | F99: =SUM(CE99:CP99)/1000 -> 0 | G99: =SUM(CQ99:DB99)/1000 -> 0 | H99: =SUM(DC99:DN99)/1000 -> 0 | I99: =SUM(DO99:DZ99)/1000 -> 0 | J99: =SUM(EA99:EL99)/1000 -> 0 | K99: =SUM(EM99:EX99)/1000 -> 0 | L99: =SUM(EY99:FJ99)/1000 -> 0 | M99: =SUM(FK99:FV99)/1000 -> 0 | N99: =SUM(FW99:GH99)/1000 -> 0 | O99: =SUM(GI99:GT99)/1000 -> 0 | P99: =SUM(GU99:HF99)/1000 -> 0 | Q99: =SUM(HG99:HR99)/1000 -> 0 | R99: =SUM(HS99:ID99)/1000 -> 0 | S99: =SUM(IE99:IP99)/1000 -> 0 | T99: =SUM(IQ99:JB99)/1000 -> 0 | U99: =SUM(JC99:JN99)/1000 -> 0 | V99: =SUM(JO99:JZ99)/1000 -> 0 | W99: =SUM(KA99:KL99)/1000 -> 0 | X99: =SUM(KM99:KX99)/1000 -> 0 | Y99: =SUM(KY99:LJ99)/1000 -> 0 | Z99: =SUM(LK99:LV99)/1000 -> 0 | AA99: =SUM(LW99:MH99)/1000 -> 0 | AB99: =SUM(MI99:MT99)/1000 -> 0 | AC99: =SUM(MU99:NF99)/1000 -> 0 | AD99: =SUM(NG99:NR99)/1000 -> 0 | AE99: =SUM(NS99:OD99)/1000 -> 0 | AF99: =SUM(OE99:OP99)/1000 -> 0
A100: Heard and McDonald Islands | B100: =SUM(AI100:AT100)/1000 -> 0 | C100: =SUM(AU100:BF100)/1000 -> 0 | D100: =SUM(BG100:BR100)/1000 -> 0 | E100: =SUM(BS100:CD100)/1000 -> 0 | F100: =SUM(CE100:CP100)/1000 -> 0 | G100: =SUM(CQ100:DB100)/1000 -> 0 | H100: =SUM(DC100:DN100)/1000 -> 0 | I100: =SUM(DO100:DZ100)/1000 -> 0 | J100: =SUM(EA100:EL100)/1000 -> 0 | K100: =SUM(EM100:EX100)/1000 -> 0 | L100: =SUM(EY100:FJ100)/1000 -> 0 | M100: =SUM(FK100:FV100)/1000 -> 0 | N100: =SUM(FW100:GH100)/1000 -> 0 | O100: =SUM(GI100:GT100)/1000 -> 0 | P100: =SUM(GU100:HF100)/1000 -> 0 | Q100: =SUM(HG100:HR100)/1000 -> 0 | R100: =SUM(HS100:ID100)/1000 -> 0 | S100: =SUM(IE100:IP100)/1000 -> 0 | T100: =SUM(IQ100:JB100)/1000 -> 0 | U100: =SUM(JC100:JN100)/1000 -> 0 | V100: =SUM(JO100:JZ100)/1000 -> 0 | W100: =SUM(KA100:KL100)/1000 -> 0 | X100: =SUM(KM100:KX100)/1000 -> 0 | Y100: =SUM(KY100:LJ100)/1000 -> 0 | Z100: =SUM(LK100:LV100)/1000 -> 0 | AA100: =SUM(LW100:MH100)/1000 -> 0 | AB100: =SUM(MI100:MT100)/1000 -> 0 | AC100: =SUM(MU100:NF100)/1000 -> 0 | AD100: =SUM(NG100:NR100)/1000 -> 0 | AE100: =SUM(NS100:OD100)/1000 -> 0 | AF100: =SUM(OE100:OP100)/1000 -> 0
... A162: Yemen, Republic of | B162: =SUM(AI162:AT162)/1000 -> 0 | C162: =SUM(AU162:BF162)/1000 -> 0 | D162: =SUM(BG162:BR162)/1000 -> 0 | E162: =SUM(BS162:CD162)/1000 -> 0 | F162: =SUM(CE162:CP162)/1000 -> 0 | G162: =SUM(CQ162:DB162)/1000 -> 0 | H162: =SUM(DC162:DN162)/1000 -> 0 | I162: =SUM(DO162:DZ162)/1000 -> 0 | J162: =SUM(EA162:EL162)/1000 -> 0 | K162: =SUM(EM162:EX162)/1000 -> 0 | L162: =SUM(EY162:FJ162)/1000 -> 0 | M162: =SUM(FK162:FV162)/1000 -> 0 | N162: =SUM(FW162:GH162)/1000 -> 0 | O162: =SUM(GI162:GT162)/1000 -> 0 | P162: =SUM(GU162:HF162)/1000 -> 0 | Q162: =SUM(HG162:HR162)/1000 -> 0 | R162: =SUM(HS162:ID162)/1000 -> 0 | S162: =SUM(IE162:IP162)/1000 -> 0 | T162: =SUM(IQ162:JB162)/1000 -> 0 | U162: =SUM(JC162:JN162)/1000 -> 0 | V162: =SUM(JO162:JZ162)/1000 -> 0 | W162: =SUM(KA162:KL162)/1000 -> 0 | X162: =SUM(KM162:KX162)/1000 -> 0 | Y162: =SUM(KY162:LJ162)/1000 -> 0 | Z162: =SUM(LK162:LV162)/1000 -> 0 | AA162: =SUM(LW162:MH162)/1000 -> 0 | AB162: =SUM(MI162:MT162)/1000 -> 0 | AC162: =SUM(MU162:NF162)/1000 -> 0 | AD162: =SUM(NG162:NR162)/1000 -> 0 | AE162: =SUM(NS162:OD162)/1000 -> 0 | AF162: =SUM(OE162:OP162)/1000 -> 0
A164: Africa | B164: =SUM(B165:B229) -> 0 | C164: =SUM(C165:C229) -> 0 | D164: =SUM(D165:D229) -> 0 | E164: =SUM(E165:E229) -> 0 | F164: =SUM(F165:F229) -> 0 | G164: =SUM(G165:G229) -> 0 | H164: =SUM(H165:H229) -> 0 | I164: =SUM(I165:I229) -> 0 | ... AF164: =SUM(AF165:AF229) -> 0 | AI164: =SUM(AI165:AI229) -> 0 | AJ164: =SUM(AJ165:AJ229) -> 0 | AK164: =SUM(AK165:AK229) -> 0 | AL164: =SUM(AL165:AL229) -> 0 | AM164: =SUM(AM165:AM229) -> 0 | AN164: =SUM(AN165:AN229) -> 0 | AO164: =SUM(AO165:AO229) -> 0 | AP164: =SUM(AP165:AP229) -> 0 | ... PV164: =SUM(PV165:PV229) -> 0
A165: Algeria | B165: =SUM(AI165:AT165)/1000 -> 0 | C165: =SUM(AU165:BF165)/1000 -> 0 | D165: =SUM(BG165:BR165)/1000 -> 0 | E165: =SUM(BS165:CD165)/1000 -> 0 | F165: =SUM(CE165:CP165)/1000 -> 0 | G165: =SUM(CQ165:DB165)/1000 -> 0 | H165: =SUM(DC165:DN165)/1000 -> 0 | I165: =SUM(DO165:DZ165)/1000 -> 0 | J165: =SUM(EA165:EL165)/1000 -> 0 | K165: =SUM(EM165:EX165)/1000 -> 0 | L165: =SUM(EY165:FJ165)/1000 -> 0 | M165: =SUM(FK165:FV165)/1000 -> 0 | N165: =SUM(FW165:GH165)/1000 -> 0 | O165: =SUM(GI165:GT165)/1000 -> 0 | P165: =SUM(GU165:HF165)/1000 -> 0 | Q165: =SUM(HG165:HR165)/1000 -> 0 | R165: =SUM(HS165:ID165)/1000 -> 0 | S165: =SUM(IE165:IP165)/1000 -> 0 | T165: =SUM(IQ165:JB165)/1000 -> 0 | U165: =SUM(JC165:JN165)/1000 -> 0 | V165: =SUM(JO165:JZ165)/1000 -> 0 | W165: =SUM(KA165:KL165)/1000 -> 0 | X165: =SUM(KM165:KX165)/1000 -> 0 | Y165: =SUM(KY165:LJ165)/1000 -> 0 | Z165: =SUM(LK165:LV165)/1000 -> 0 | AA165: =SUM(LW165:MH165)/1000 -> 0 | AB165: =SUM(MI165:MT165)/1000 -> 0 | AC165: =SUM(MU165:NF165)/1000 -> 0 | AD165: =SUM(NG165:NR165)/1000 -> 0 | AE165: =SUM(NS165:OD165)/1000 -> 0 | AF165: =SUM(OE165:OP165)/1000 -> 0
A166: Angola | B166: =SUM(AI166:AT166)/1000 -> 0 | C166: =SUM(AU166:BF166)/1000 -> 0 | D166: =SUM(BG166:BR166)/1000 -> 0 | E166: =SUM(BS166:CD166)/1000 -> 0 | F166: =SUM(CE166:CP166)/1000 -> 0 | G166: =SUM(CQ166:DB166)/1000 -> 0 | H166: =SUM(DC166:DN166)/1000 -> 0 | I166: =SUM(DO166:DZ166)/1000 -> 0 | J166: =SUM(EA166:EL166)/1000 -> 0 | K166: =SUM(EM166:EX166)/1000 -> 0 | L166: =SUM(EY166:FJ166)/1000 -> 0 | M166: =SUM(FK166:FV166)/1000 -> 0 | N166: =SUM(FW166:GH166)/1000 -> 0 | O166: =SUM(GI166:GT166)/1000 -> 0 | P166: =SUM(GU166:HF166)/1000 -> 0 | Q166: =SUM(HG166:HR166)/1000 -> 0 | R166: =SUM(HS166:ID166)/1000 -> 0 | S166: =SUM(IE166:IP166)/1000 -> 0 | T166: =SUM(IQ166:JB166)/1000 -> 0 | U166: =SUM(JC166:JN166)/1000 -> 0 | V166: =SUM(JO166:JZ166)/1000 -> 0 | W166: =SUM(KA166:KL166)/1000 -> 0 | X166: =SUM(KM166:KX166)/1000 -> 0 | Y166: =SUM(KY166:LJ166)/1000 -> 0 | Z166: =SUM(LK166:LV166)/1000 -> 0 | AA166: =SUM(LW166:MH166)/1000 -> 0 | AB166: =SUM(MI166:MT166)/1000 -> 0 | AC166: =SUM(MU166:NF166)/1000 -> 0 | AD166: =SUM(NG166:NR166)/1000 -> 0 | AE166: =SUM(NS166:OD166)/1000 -> 0 | AF166: =SUM(OE166:OP166)/1000 -> 0
A167: Benin (Dahomey) | B167: =SUM(AI167:AT167)/1000 -> 0 | C167: =SUM(AU167:BF167)/1000 -> 0 | D167: =SUM(BG167:BR167)/1000 -> 0 | E167: =SUM(BS167:CD167)/1000 -> 0 | F167: =SUM(CE167:CP167)/1000 -> 0 | G167: =SUM(CQ167:DB167)/1000 -> 0 | H167: =SUM(DC167:DN167)/1000 -> 0 | I167: =SUM(DO167:DZ167)/1000 -> 0 | J167: =SUM(EA167:EL167)/1000 -> 0 | K167: =SUM(EM167:EX167)/1000 -> 0 | L167: =SUM(EY167:FJ167)/1000 -> 0 | M167: =SUM(FK167:FV167)/1000 -> 0 | N167: =SUM(FW167:GH167)/1000 -> 0 | O167: =SUM(GI167:GT167)/1000 -> 0 | P167: =SUM(GU167:HF167)/1000 -> 0 | Q167: =SUM(HG167:HR167)/1000 -> 0 | R167: =SUM(HS167:ID167)/1000 -> 0 | S167: =SUM(IE167:IP167)/1000 -> 0 | T167: =SUM(IQ167:JB167)/1000 -> 0 | U167: =SUM(JC167:JN167)/1000 -> 0 | V167: =SUM(JO167:JZ167)/1000 -> 0 | W167: =SUM(KA167:KL167)/1000 -> 0 | X167: =SUM(KM167:KX167)/1000 -> 0 | Y167: =SUM(KY167:LJ167)/1000 -> 0 | Z167: =SUM(LK167:LV167)/1000 -> 0 | AA167: =SUM(LW167:MH167)/1000 -> 0 | AB167: =SUM(MI167:MT167)/1000 -> 0 | AC167: =SUM(MU167:NF167)/1000 -> 0 | AD167: =SUM(NG167:NR167)/1000 -> 0 | AE167: =SUM(NS167:OD167)/1000 -> 0 | AF167: =SUM(OE167:OP167)/1000 -> 0
A168: Botswana | B168: =SUM(AI168:AT168)/1000 -> 0 | C168: =SUM(AU168:BF168)/1000 -> 0 | D168: =SUM(BG168:BR168)/1000 -> 0 | E168: =SUM(BS168:CD168)/1000 -> 0 | F168: =SUM(CE168:CP168)/1000 -> 0 | G168: =SUM(CQ168:DB168)/1000 -> 0 | H168: =SUM(DC168:DN168)/1000 -> 0 | I168: =SUM(DO168:DZ168)/1000 -> 0 | J168: =SUM(EA168:EL168)/1000 -> 0 | K168: =SUM(EM168:EX168)/1000 -> 0 | L168: =SUM(EY168:FJ168)/1000 -> 0 | M168: =SUM(FK168:FV168)/1000 -> 0 | N168: =SUM(FW168:GH168)/1000 -> 0 | O168: =SUM(GI168:GT168)/1000 -> 0 | P168: =SUM(GU168:HF168)/1000 -> 0 | Q168: =SUM(HG168:HR168)/1000 -> 0 | R168: =SUM(HS168:ID168)/1000 -> 0 | S168: =SUM(IE168:IP168)/1000 -> 0 | T168: =SUM(IQ168:JB168)/1000 -> 0 | U168: =SUM(JC168:JN168)/1000 -> 0 | V168: =SUM(JO168:JZ168)/1000 -> 0 | W168: =SUM(KA168:KL168)/1000 -> 0 | X168: =SUM(KM168:KX168)/1000 -> 0 | Y168: =SUM(KY168:LJ168)/1000 -> 0 | Z168: =SUM(LK168:LV168)/1000 -> 0 | AA168: =SUM(LW168:MH168)/1000 -> 0 | AB168: =SUM(MI168:MT168)/1000 -> 0 | AC168: =SUM(MU168:NF168)/1000 -> 0 | AD168: =SUM(NG168:NR168)/1000 -> 0 | AE168: =SUM(NS168:OD168)/1000 -> 0 | AF168: =SUM(OE168:OP168)/1000 -> 0
A169: British Indian Ocean Terr | B169: =SUM(AI169:AT169)/1000 -> 0 | C169: =SUM(AU169:BF169)/1000 -> 0 | D169: =SUM(BG169:BR169)/1000 -> 0 | E169: =SUM(BS169:CD169)/1000 -> 0 | F169: =SUM(CE169:CP169)/1000 -> 0 | G169: =SUM(CQ169:DB169)/1000 -> 0 | H169: =SUM(DC169:DN169)/1000 -> 0 | I169: =SUM(DO169:DZ169)/1000 -> 0 | J169: =SUM(EA169:EL169)/1000 -> 0 | K169: =SUM(EM169:EX169)/1000 -> 0 | L169: =SUM(EY169:FJ169)/1000 -> 0 | M169: =SUM(FK169:FV169)/1000 -> 0 | N169: =SUM(FW169:GH169)/1000 -> 0 | O169: =SUM(GI169:GT169)/1000 -> 0 | P169: =SUM(GU169:HF169)/1000 -> 0 | Q169: =SUM(HG169:HR169)/1000 -> 0 | R169: =SUM(HS169:ID169)/1000 -> 0 | S169: =SUM(IE169:IP169)/1000 -> 0 | T169: =SUM(IQ169:JB169)/1000 -> 0 | U169: =SUM(JC169:JN169)/1000 -> 0 | V169: =SUM(JO169:JZ169)/1000 -> 0 | W169: =SUM(KA169:KL169)/1000 -> 0 | X169: =SUM(KM169:KX169)/1000 -> 0 | Y169: =SUM(KY169:LJ169)/1000 -> 0 | Z169: =SUM(LK169:LV169)/1000 -> 0 | AA169: =SUM(LW169:MH169)/1000 -> 0 | AB169: =SUM(MI169:MT169)/1000 -> 0 | AC169: =SUM(MU169:NF169)/1000 -> 0 | AD169: =SUM(NG169:NR169)/1000 -> 0 | AE169: =SUM(NS169:OD169)/1000 -> 0 | AF169: =SUM(OE169:OP169)/1000 -> 0
A170: Burkina (Upper Volta) | B170: =SUM(AI170:AT170)/1000 -> 0 | C170: =SUM(AU170:BF170)/1000 -> 0 | D170: =SUM(BG170:BR170)/1000 -> 0 | E170: =SUM(BS170:CD170)/1000 -> 0 | F170: =SUM(CE170:CP170)/1000 -> 0 | G170: =SUM(CQ170:DB170)/1000 -> 0 | H170: =SUM(DC170:DN170)/1000 -> 0 | I170: =SUM(DO170:DZ170)/1000 -> 0 | J170: =SUM(EA170:EL170)/1000 -> 0 | K170: =SUM(EM170:EX170)/1000 -> 0 | L170: =SUM(EY170:FJ170)/1000 -> 0 | M170: =SUM(FK170:FV170)/1000 -> 0 | N170: =SUM(FW170:GH170)/1000 -> 0 | O170: =SUM(GI170:GT170)/1000 -> 0 | P170: =SUM(GU170:HF170)/1000 -> 0 | Q170: =SUM(HG170:HR170)/1000 -> 0 | R170: =SUM(HS170:ID170)/1000 -> 0 | S170: =SUM(IE170:IP170)/1000 -> 0 | T170: =SUM(IQ170:JB170)/1000 -> 0 | U170: =SUM(JC170:JN170)/1000 -> 0 | V170: =SUM(JO170:JZ170)/1000 -> 0 | W170: =SUM(KA170:KL170)/1000 -> 0 | X170: =SUM(KM170:KX170)/1000 -> 0 | Y170: =SUM(KY170:LJ170)/1000 -> 0 | Z170: =SUM(LK170:LV170)/1000 -> 0 | AA170: =SUM(LW170:MH170)/1000 -> 0 | AB170: =SUM(MI170:MT170)/1000 -> 0 | AC170: =SUM(MU170:NF170)/1000 -> 0 | AD170: =SUM(NG170:NR170)/1000 -> 0 | AE170: =SUM(NS170:OD170)/1000 -> 0 | AF170: =SUM(OE170:OP170)/1000 -> 0
A171: Burundi | B171: =SUM(AI171:AT171)/1000 -> 0 | C171: =SUM(AU171:BF171)/1000 -> 0 | D171: =SUM(BG171:BR171)/1000 -> 0 | E171: =SUM(BS171:CD171)/1000 -> 0 | F171: =SUM(CE171:CP171)/1000 -> 0 | G171: =SUM(CQ171:DB171)/1000 -> 0 | H171: =SUM(DC171:DN171)/1000 -> 0 | I171: =SUM(DO171:DZ171)/1000 -> 0 | J171: =SUM(EA171:EL171)/1000 -> 0 | K171: =SUM(EM171:EX171)/1000 -> 0 | L171: =SUM(EY171:FJ171)/1000 -> 0 | M171: =SUM(FK171:FV171)/1000 -> 0 | N171: =SUM(FW171:GH171)/1000 -> 0 | O171: =SUM(GI171:GT171)/1000 -> 0 | P171: =SUM(GU171:HF171)/1000 -> 0 | Q171: =SUM(HG171:HR171)/1000 -> 0 | R171: =SUM(HS171:ID171)/1000 -> 0 | S171: =SUM(IE171:IP171)/1000 -> 0 | T171: =SUM(IQ171:JB171)/1000 -> 0 | U171: =SUM(JC171:JN171)/1000 -> 0 | V171: =SUM(JO171:JZ171)/1000 -> 0 | W171: =SUM(KA171:KL171)/1000 -> 0 | X171: =SUM(KM171:KX171)/1000 -> 0 | Y171: =SUM(KY171:LJ171)/1000 -> 0 | Z171: =SUM(LK171:LV171)/1000 -> 0 | AA171: =SUM(LW171:MH171)/1000 -> 0 | AB171: =SUM(MI171:MT171)/1000 -> 0 | AC171: =SUM(MU171:NF171)/1000 -> 0 | AD171: =SUM(NG171:NR171)/1000 -> 0 | AE171: =SUM(NS171:OD171)/1000 -> 0 | AF171: =SUM(OE171:OP171)/1000 -> 0
A172: Cameroon | B172: =SUM(AI172:AT172)/1000 -> 0 | C172: =SUM(AU172:BF172)/1000 -> 0 | D172: =SUM(BG172:BR172)/1000 -> 0 | E172: =SUM(BS172:CD172)/1000 -> 0 | F172: =SUM(CE172:CP172)/1000 -> 0 | G172: =SUM(CQ172:DB172)/1000 -> 0 | H172: =SUM(DC172:DN172)/1000 -> 0 | I172: =SUM(DO172:DZ172)/1000 -> 0 | J172: =SUM(EA172:EL172)/1000 -> 0 | K172: =SUM(EM172:EX172)/1000 -> 0 | L172: =SUM(EY172:FJ172)/1000 -> 0 | M172: =SUM(FK172:FV172)/1000 -> 0 | N172: =SUM(FW172:GH172)/1000 -> 0 | O172: =SUM(GI172:GT172)/1000 -> 0 | P172: =SUM(GU172:HF172)/1000 -> 0 | Q172: =SUM(HG172:HR172)/1000 -> 0 | R172: =SUM(HS172:ID172)/1000 -> 0 | S172: =SUM(IE172:IP172)/1000 -> 0 | T172: =SUM(IQ172:JB172)/1000 -> 0 | U172: =SUM(JC172:JN172)/1000 -> 0 | V172: =SUM(JO172:JZ172)/1000 -> 0 | W172: =SUM(KA172:KL172)/1000 -> 0 | X172: =SUM(KM172:KX172)/1000 -> 0 | Y172: =SUM(KY172:LJ172)/1000 -> 0 | Z172: =SUM(LK172:LV172)/1000 -> 0 | AA172: =SUM(LW172:MH172)/1000 -> 0 | AB172: =SUM(MI172:MT172)/1000 -> 0 | AC172: =SUM(MU172:NF172)/1000 -> 0 | AD172: =SUM(NG172:NR172)/1000 -> 0 | AE172: =SUM(NS172:OD172)/1000 -> 0 | AF172: =SUM(OE172:OP172)/1000 -> 0
A173: Canary Islands | B173: =SUM(AI173:AT173)/1000 -> 0 | C173: =SUM(AU173:BF173)/1000 -> 0 | D173: =SUM(BG173:BR173)/1000 -> 0 | E173: =SUM(BS173:CD173)/1000 -> 0 | F173: =SUM(CE173:CP173)/1000 -> 0 | G173: =SUM(CQ173:DB173)/1000 -> 0 | H173: =SUM(DC173:DN173)/1000 -> 0 | I173: =SUM(DO173:DZ173)/1000 -> 0 | J173: =SUM(EA173:EL173)/1000 -> 0 | K173: =SUM(EM173:EX173)/1000 -> 0 | L173: =SUM(EY173:FJ173)/1000 -> 0 | M173: =SUM(FK173:FV173)/1000 -> 0 | N173: =SUM(FW173:GH173)/1000 -> 0 | O173: =SUM(GI173:GT173)/1000 -> 0 | P173: =SUM(GU173:HF173)/1000 -> 0 | Q173: =SUM(HG173:HR173)/1000 -> 0 | R173: =SUM(HS173:ID173)/1000 -> 0 | S173: =SUM(IE173:IP173)/1000 -> 0 | T173: =SUM(IQ173:JB173)/1000 -> 0 | U173: =SUM(JC173:JN173)/1000 -> 0 | V173: =SUM(JO173:JZ173)/1000 -> 0 | W173: =SUM(KA173:KL173)/1000 -> 0 | X173: =SUM(KM173:KX173)/1000 -> 0 | Y173: =SUM(KY173:LJ173)/1000 -> 0 | Z173: =SUM(LK173:LV173)/1000 -> 0 | AA173: =SUM(LW173:MH173)/1000 -> 0 | AB173: =SUM(MI173:MT173)/1000 -> 0 | AC173: =SUM(MU173:NF173)/1000 -> 0 | AD173: =SUM(NG173:NR173)/1000 -> 0 | AE173: =SUM(NS173:OD173)/1000 -> 0 | AF173: =SUM(OE173:OP173)/1000 -> 0
A174: Cape Verde Island (Cape Green) | B174: =SUM(AI174:AT174)/1000 -> 0 | C174: =SUM(AU174:BF174)/1000 -> 0 | D174: =SUM(BG174:BR174)/1000 -> 0 | E174: =SUM(BS174:CD174)/1000 -> 0 | F174: =SUM(CE174:CP174)/1000 -> 0 | G174: =SUM(CQ174:DB174)/1000 -> 0 | H174: =SUM(DC174:DN174)/1000 -> 0 | I174: =SUM(DO174:DZ174)/1000 -> 0 | J174: =SUM(EA174:EL174)/1000 -> 0 | K174: =SUM(EM174:EX174)/1000 -> 0 | L174: =SUM(EY174:FJ174)/1000 -> 0 | M174: =SUM(FK174:FV174)/1000 -> 0 | N174: =SUM(FW174:GH174)/1000 -> 0 | O174: =SUM(GI174:GT174)/1000 -> 0 | P174: =SUM(GU174:HF174)/1000 -> 0 | Q174: =SUM(HG174:HR174)/1000 -> 0 | R174: =SUM(HS174:ID174)/1000 -> 0 | S174: =SUM(IE174:IP174)/1000 -> 0 | T174: =SUM(IQ174:JB174)/1000 -> 0 | U174: =SUM(JC174:JN174)/1000 -> 0 | V174: =SUM(JO174:JZ174)/1000 -> 0 | W174: =SUM(KA174:KL174)/1000 -> 0 | X174: =SUM(KM174:KX174)/1000 -> 0 | Y174: =SUM(KY174:LJ174)/1000 -> 0 | Z174: =SUM(LK174:LV174)/1000 -> 0 | AA174: =SUM(LW174:MH174)/1000 -> 0 | AB174: =SUM(MI174:MT174)/1000 -> 0 | AC174: =SUM(MU174:NF174)/1000 -> 0 | AD174: =SUM(NG174:NR174)/1000 -> 0 | AE174: =SUM(NS174:OD174)/1000 -> 0 | AF174: =SUM(OE174:OP174)/1000 -> 0
A175: Central African Republic | B175: =SUM(AI175:AT175)/1000 -> 0 | C175: =SUM(AU175:BF175)/1000 -> 0 | D175: =SUM(BG175:BR175)/1000 -> 0 | E175: =SUM(BS175:CD175)/1000 -> 0 | F175: =SUM(CE175:CP175)/1000 -> 0 | G175: =SUM(CQ175:DB175)/1000 -> 0 | H175: =SUM(DC175:DN175)/1000 -> 0 | I175: =SUM(DO175:DZ175)/1000 -> 0 | J175: =SUM(EA175:EL175)/1000 -> 0 | K175: =SUM(EM175:EX175)/1000 -> 0 | L175: =SUM(EY175:FJ175)/1000 -> 0 | M175: =SUM(FK175:FV175)/1000 -> 0 | N175: =SUM(FW175:GH175)/1000 -> 0 | O175: =SUM(GI175:GT175)/1000 -> 0 | P175: =SUM(GU175:HF175)/1000 -> 0 | Q175: =SUM(HG175:HR175)/1000 -> 0 | R175: =SUM(HS175:ID175)/1000 -> 0 | S175: =SUM(IE175:IP175)/1000 -> 0 | T175: =SUM(IQ175:JB175)/1000 -> 0 | U175: =SUM(JC175:JN175)/1000 -> 0 | V175: =SUM(JO175:JZ175)/1000 -> 0 | W175: =SUM(KA175:KL175)/1000 -> 0 | X175: =SUM(KM175:KX175)/1000 -> 0 | Y175: =SUM(KY175:LJ175)/1000 -> 0 | Z175: =SUM(LK175:LV175)/1000 -> 0 | AA175: =SUM(LW175:MH175)/1000 -> 0 | AB175: =SUM(MI175:MT175)/1000 -> 0 | AC175: =SUM(MU175:NF175)/1000 -> 0 | AD175: =SUM(NG175:NR175)/1000 -> 0 | AE175: =SUM(NS175:OD175)/1000 -> 0 | AF175: =SUM(OE175:OP175)/1000 -> 0
A176: Ceuta | B176: =SUM(AI176:AT176)/1000 -> 0 | C176: =SUM(AU176:BF176)/1000 -> 0 | D176: =SUM(BG176:BR176)/1000 -> 0 | E176: =SUM(BS176:CD176)/1000 -> 0 | F176: =SUM(CE176:CP176)/1000 -> 0 | G176: =SUM(CQ176:DB176)/1000 -> 0 | H176: =SUM(DC176:DN176)/1000 -> 0 | I176: =SUM(DO176:DZ176)/1000 -> 0 | J176: =SUM(EA176:EL176)/1000 -> 0 | K176: =SUM(EM176:EX176)/1000 -> 0 | L176: =SUM(EY176:FJ176)/1000 -> 0 | M176: =SUM(FK176:FV176)/1000 -> 0 | N176: =SUM(FW176:GH176)/1000 -> 0 | O176: =SUM(GI176:GT176)/1000 -> 0 | P176: =SUM(GU176:HF176)/1000 -> 0 | Q176: =SUM(HG176:HR176)/1000 -> 0 | R176: =SUM(HS176:ID176)/1000 -> 0 | S176: =SUM(IE176:IP176)/1000 -> 0 | T176: =SUM(IQ176:JB176)/1000 -> 0 | U176: =SUM(JC176:JN176)/1000 -> 0 | V176: =SUM(JO176:JZ176)/1000 -> 0 | W176: =SUM(KA176:KL176)/1000 -> 0 | X176: =SUM(KM176:KX176)/1000 -> 0 | Y176: =SUM(KY176:LJ176)/1000 -> 0 | Z176: =SUM(LK176:LV176)/1000 -> 0 | AA176: =SUM(LW176:MH176)/1000 -> 0 | AB176: =SUM(MI176:MT176)/1000 -> 0 | AC176: =SUM(MU176:NF176)/1000 -> 0 | AD176: =SUM(NG176:NR176)/1000 -> 0 | AE176: =SUM(NS176:OD176)/1000 -> 0 | AF176: =SUM(OE176:OP176)/1000 -> 0
... A229: Zimbabwe | B229: =SUM(AI229:AT229)/1000 -> 0 | C229: =SUM(AU229:BF229)/1000 -> 0 | D229: =SUM(BG229:BR229)/1000 -> 0 | E229: =SUM(BS229:CD229)/1000 -> 0 | F229: =SUM(CE229:CP229)/1000 -> 0 | G229: =SUM(CQ229:DB229)/1000 -> 0 | H229: =SUM(DC229:DN229)/1000 -> 0 | I229: =SUM(DO229:DZ229)/1000 -> 0 | J229: =SUM(EA229:EL229)/1000 -> 0 | K229: =SUM(EM229:EX229)/1000 -> 0 | L229: =SUM(EY229:FJ229)/1000 -> 0 | M229: =SUM(FK229:FV229)/1000 -> 0 | N229: =SUM(FW229:GH229)/1000 -> 0 | O229: =SUM(GI229:GT229)/1000 -> 0 | P229: =SUM(GU229:HF229)/1000 -> 0 | Q229: =SUM(HG229:HR229)/1000 -> 0 | R229: =SUM(HS229:ID229)/1000 -> 0 | S229: =SUM(IE229:IP229)/1000 -> 0 | T229: =SUM(IQ229:JB229)/1000 -> 0 | U229: =SUM(JC229:JN229)/1000 -> 0 | V229: =SUM(JO229:JZ229)/1000 -> 0 | W229: =SUM(KA229:KL229)/1000 -> 0 | X229: =SUM(KM229:KX229)/1000 -> 0 | Y229: =SUM(KY229:LJ229)/1000 -> 0 | Z229: =SUM(LK229:LV229)/1000 -> 0 | AA229: =SUM(LW229:MH229)/1000 -> 0 | AB229: =SUM(MI229:MT229)/1000 -> 0 | AC229: =SUM(MU229:NF229)/1000 -> 0 | AD229: =SUM(NG229:NR229)/1000 -> 0 | AE229: =SUM(NS229:OD229)/1000 -> 0 | AF229: =SUM(OE229:OP229)/1000 -> 0
A231: Western Hemisphere | B231: =SUM(B232:B287) -> 0 | C231: =SUM(C232:C287) -> 0 | D231: =SUM(D232:D287) -> 0 | E231: =SUM(E232:E287) -> 0 | F231: =SUM(F232:F287) -> 0 | G231: =SUM(G232:G287) -> 0 | H231: =SUM(H232:H287) -> 0 | I231: =SUM(I232:I287) -> 0 | ... AF231: =SUM(AF232:AF287) -> 28.972654 | AI231: =SUM(AI232:AI287) -> 0 | AJ231: =SUM(AJ232:AJ287) -> 0 | AK231: =SUM(AK232:AK287) -> 0 | AL231: =SUM(AL232:AL287) -> 0 | AM231: =SUM(AM232:AM287) -> 0 | AN231: =SUM(AN232:AN287) -> 0 | AO231: =SUM(AO232:AO287) -> 0 | AP231: =SUM(AP232:AP287) -> 0 | ... PV231: =SUM(PV232:PV287) -> 0
A232: Anguilla | B232: =SUM(AI232:AT232)/1000 -> 0 | C232: =SUM(AU232:BF232)/1000 -> 0 | D232: =SUM(BG232:BR232)/1000 -> 0 | E232: =SUM(BS232:CD232)/1000 -> 0 | F232: =SUM(CE232:CP232)/1000 -> 0 | G232: =SUM(CQ232:DB232)/1000 -> 0 | H232: =SUM(DC232:DN232)/1000 -> 0 | I232: =SUM(DO232:DZ232)/1000 -> 0 | J232: =SUM(EA232:EL232)/1000 -> 0 | K232: =SUM(EM232:EX232)/1000 -> 0 | L232: =SUM(EY232:FJ232)/1000 -> 0 | M232: =SUM(FK232:FV232)/1000 -> 0 | N232: =SUM(FW232:GH232)/1000 -> 0 | O232: =SUM(GI232:GT232)/1000 -> 0 | P232: =SUM(GU232:HF232)/1000 -> 0 | Q232: =SUM(HG232:HR232)/1000 -> 0 | R232: =SUM(HS232:ID232)/1000 -> 0 | S232: =SUM(IE232:IP232)/1000 -> 0 | T232: =SUM(IQ232:JB232)/1000 -> 0 | U232: =SUM(JC232:JN232)/1000 -> 0 | V232: =SUM(JO232:JZ232)/1000 -> 0 | W232: =SUM(KA232:KL232)/1000 -> 0 | X232: =SUM(KM232:KX232)/1000 -> 0 | Y232: =SUM(KY232:LJ232)/1000 -> 0 | Z232: =SUM(LK232:LV232)/1000 -> 0 | AA232: =SUM(LW232:MH232)/1000 -> 0 | AB232: =SUM(MI232:MT232)/1000 -> 0 | AC232: =SUM(MU232:NF232)/1000 -> 0 | AD232: =SUM(NG232:NR232)/1000 -> 0 | AE232: =SUM(NS232:OD232)/1000 -> 0 | AF232: =SUM(OE232:OP232)/1000 -> 0
A233: Antigua and Barbuda | B233: =SUM(AI233:AT233)/1000 -> 0 | C233: =SUM(AU233:BF233)/1000 -> 0 | D233: =SUM(BG233:BR233)/1000 -> 0 | E233: =SUM(BS233:CD233)/1000 -> 0 | F233: =SUM(CE233:CP233)/1000 -> 0 | G233: =SUM(CQ233:DB233)/1000 -> 0 | H233: =SUM(DC233:DN233)/1000 -> 0 | I233: =SUM(DO233:DZ233)/1000 -> 0 | J233: =SUM(EA233:EL233)/1000 -> 0 | K233: =SUM(EM233:EX233)/1000 -> 0 | L233: =SUM(EY233:FJ233)/1000 -> 0 | M233: =SUM(FK233:FV233)/1000 -> 0 | N233: =SUM(FW233:GH233)/1000 -> 0 | O233: =SUM(GI233:GT233)/1000 -> 0 | P233: =SUM(GU233:HF233)/1000 -> 0 | Q233: =SUM(HG233:HR233)/1000 -> 0 | R233: =SUM(HS233:ID233)/1000 -> 0 | S233: =SUM(IE233:IP233)/1000 -> 0 | T233: =SUM(IQ233:JB233)/1000 -> 0 | U233: =SUM(JC233:JN233)/1000 -> 0 | V233: =SUM(JO233:JZ233)/1000 -> 0 | W233: =SUM(KA233:KL233)/1000 -> 0 | X233: =SUM(KM233:KX233)/1000 -> 0 | Y233: =SUM(KY233:LJ233)/1000 -> 0 | Z233: =SUM(LK233:LV233)/1000 -> 0 | AA233: =SUM(LW233:MH233)/1000 -> 0 | AB233: =SUM(MI233:MT233)/1000 -> 0 | AC233: =SUM(MU233:NF233)/1000 -> 0 | AD233: =SUM(NG233:NR233)/1000 -> 0 | AE233: =SUM(NS233:OD233)/1000 -> 0 | AF233: =SUM(OE233:OP233)/1000 -> 0
A234: Argentina | B234: =SUM(AI234:AT234)/1000 -> 0 | C234: =SUM(AU234:BF234)/1000 -> 0 | D234: =SUM(BG234:BR234)/1000 -> 0 | E234: =SUM(BS234:CD234)/1000 -> 0 | F234: =SUM(CE234:CP234)/1000 -> 0 | G234: =SUM(CQ234:DB234)/1000 -> 0 | H234: =SUM(DC234:DN234)/1000 -> 0 | I234: =SUM(DO234:DZ234)/1000 -> 0 | J234: =SUM(EA234:EL234)/1000 -> 0 | K234: =SUM(EM234:EX234)/1000 -> 0 | L234: =SUM(EY234:FJ234)/1000 -> 0 | M234: =SUM(FK234:FV234)/1000 -> 0 | N234: =SUM(FW234:GH234)/1000 -> 0 | O234: =SUM(GI234:GT234)/1000 -> 0 | P234: =SUM(GU234:HF234)/1000 -> 0 | Q234: =SUM(HG234:HR234)/1000 -> 0 | R234: =SUM(HS234:ID234)/1000 -> 0 | S234: =SUM(IE234:IP234)/1000 -> 0 | T234: =SUM(IQ234:JB234)/1000 -> 0 | U234: =SUM(JC234:JN234)/1000 -> 0 | V234: =SUM(JO234:JZ234)/1000 -> 0 | W234: =SUM(KA234:KL234)/1000 -> 0 | X234: =SUM(KM234:KX234)/1000 -> 0 | Y234: =SUM(KY234:LJ234)/1000 -> 0 | Z234: =SUM(LK234:LV234)/1000 -> 0 | AA234: =SUM(LW234:MH234)/1000 -> 0 | AB234: =SUM(MI234:MT234)/1000 -> 0 | AC234: =SUM(MU234:NF234)/1000 -> 0 | AD234: =SUM(NG234:NR234)/1000 -> 0 | AE234: =SUM(NS234:OD234)/1000 -> 0 | AF234: =SUM(OE234:OP234)/1000 -> 0
A235: Aruba | B235: =SUM(AI235:AT235)/1000 -> 0 | C235: =SUM(AU235:BF235)/1000 -> 0 | D235: =SUM(BG235:BR235)/1000 -> 0 | E235: =SUM(BS235:CD235)/1000 -> 0 | F235: =SUM(CE235:CP235)/1000 -> 0 | G235: =SUM(CQ235:DB235)/1000 -> 0 | H235: =SUM(DC235:DN235)/1000 -> 0 | I235: =SUM(DO235:DZ235)/1000 -> 0 | J235: =SUM(EA235:EL235)/1000 -> 0 | K235: =SUM(EM235:EX235)/1000 -> 0 | L235: =SUM(EY235:FJ235)/1000 -> 0 | M235: =SUM(FK235:FV235)/1000 -> 0 | N235: =SUM(FW235:GH235)/1000 -> 0 | O235: =SUM(GI235:GT235)/1000 -> 0 | P235: =SUM(GU235:HF235)/1000 -> 0 | Q235: =SUM(HG235:HR235)/1000 -> 0 | R235: =SUM(HS235:ID235)/1000 -> 0 | S235: =SUM(IE235:IP235)/1000 -> 0 | T235: =SUM(IQ235:JB235)/1000 -> 0 | U235: =SUM(JC235:JN235)/1000 -> 0 | V235: =SUM(JO235:JZ235)/1000 -> 0 | W235: =SUM(KA235:KL235)/1000 -> 0 | X235: =SUM(KM235:KX235)/1000 -> 0 | Y235: =SUM(KY235:LJ235)/1000 -> 0 | Z235: =SUM(LK235:LV235)/1000 -> 0 | AA235: =SUM(LW235:MH235)/1000 -> 0 | AB235: =SUM(MI235:MT235)/1000 -> 0 | AC235: =SUM(MU235:NF235)/1000 -> 0 | AD235: =SUM(NG235:NR235)/1000 -> 0 | AE235: =SUM(NS235:OD235)/1000 -> 0 | AF235: =SUM(OE235:OP235)/1000 -> 0
A236: Bahamas | B236: =SUM(AI236:AT236)/1000 -> 0 | C236: =SUM(AU236:BF236)/1000 -> 0 | D236: =SUM(BG236:BR236)/1000 -> 0 | E236: =SUM(BS236:CD236)/1000 -> 0 | F236: =SUM(CE236:CP236)/1000 -> 0 | G236: =SUM(CQ236:DB236)/1000 -> 0 | H236: =SUM(DC236:DN236)/1000 -> 0 | I236: =SUM(DO236:DZ236)/1000 -> 0 | J236: =SUM(EA236:EL236)/1000 -> 0 | K236: =SUM(EM236:EX236)/1000 -> 0 | L236: =SUM(EY236:FJ236)/1000 -> 0 | M236: =SUM(FK236:FV236)/1000 -> 0 | N236: =SUM(FW236:GH236)/1000 -> 0 | O236: =SUM(GI236:GT236)/1000 -> 0 | P236: =SUM(GU236:HF236)/1000 -> 0 | Q236: =SUM(HG236:HR236)/1000 -> 0 | R236: =SUM(HS236:ID236)/1000 -> 0 | S236: =SUM(IE236:IP236)/1000 -> 0 | T236: =SUM(IQ236:JB236)/1000 -> 0 | U236: =SUM(JC236:JN236)/1000 -> 0 | V236: =SUM(JO236:JZ236)/1000 -> 0 | W236: =SUM(KA236:KL236)/1000 -> 0 | X236: =SUM(KM236:KX236)/1000 -> 0 | Y236: =SUM(KY236:LJ236)/1000 -> 0 | Z236: =SUM(LK236:LV236)/1000 -> 0 | AA236: =SUM(LW236:MH236)/1000 -> 0 | AB236: =SUM(MI236:MT236)/1000 -> 0 | AC236: =SUM(MU236:NF236)/1000 -> 0 | AD236: =SUM(NG236:NR236)/1000 -> 0 | AE236: =SUM(NS236:OD236)/1000 -> 0 | AF236: =SUM(OE236:OP236)/1000 -> 0
A237: Barbados | B237: =SUM(AI237:AT237)/1000 -> 0 | C237: =SUM(AU237:BF237)/1000 -> 0 | D237: =SUM(BG237:BR237)/1000 -> 0 | E237: =SUM(BS237:CD237)/1000 -> 0 | F237: =SUM(CE237:CP237)/1000 -> 0 | G237: =SUM(CQ237:DB237)/1000 -> 0 | H237: =SUM(DC237:DN237)/1000 -> 0 | I237: =SUM(DO237:DZ237)/1000 -> 0 | J237: =SUM(EA237:EL237)/1000 -> 0 | K237: =SUM(EM237:EX237)/1000 -> 0 | L237: =SUM(EY237:FJ237)/1000 -> 0 | M237: =SUM(FK237:FV237)/1000 -> 0 | N237: =SUM(FW237:GH237)/1000 -> 0 | O237: =SUM(GI237:GT237)/1000 -> 0 | P237: =SUM(GU237:HF237)/1000 -> 0 | Q237: =SUM(HG237:HR237)/1000 -> 0 | R237: =SUM(HS237:ID237)/1000 -> 0 | S237: =SUM(IE237:IP237)/1000 -> 0 | T237: =SUM(IQ237:JB237)/1000 -> 0 | U237: =SUM(JC237:JN237)/1000 -> 0 | V237: =SUM(JO237:JZ237)/1000 -> 0 | W237: =SUM(KA237:KL237)/1000 -> 0 | X237: =SUM(KM237:KX237)/1000 -> 0 | Y237: =SUM(KY237:LJ237)/1000 -> 0 | Z237: =SUM(LK237:LV237)/1000 -> 0 | AA237: =SUM(LW237:MH237)/1000 -> 0 | AB237: =SUM(MI237:MT237)/1000 -> 0 | AC237: =SUM(MU237:NF237)/1000 -> 0 | AD237: =SUM(NG237:NR237)/1000 -> 0 | AE237: =SUM(NS237:OD237)/1000 -> 0 | AF237: =SUM(OE237:OP237)/1000 -> 0
A238: Belize | B238: =SUM(AI238:AT238)/1000 -> 0 | C238: =SUM(AU238:BF238)/1000 -> 0 | D238: =SUM(BG238:BR238)/1000 -> 0 | E238: =SUM(BS238:CD238)/1000 -> 0 | F238: =SUM(CE238:CP238)/1000 -> 0 | G238: =SUM(CQ238:DB238)/1000 -> 0 | H238: =SUM(DC238:DN238)/1000 -> 0 | I238: =SUM(DO238:DZ238)/1000 -> 0 | J238: =SUM(EA238:EL238)/1000 -> 0 | K238: =SUM(EM238:EX238)/1000 -> 0 | L238: =SUM(EY238:FJ238)/1000 -> 0 | M238: =SUM(FK238:FV238)/1000 -> 0 | N238: =SUM(FW238:GH238)/1000 -> 0 | O238: =SUM(GI238:GT238)/1000 -> 0 | P238: =SUM(GU238:HF238)/1000 -> 0 | Q238: =SUM(HG238:HR238)/1000 -> 0 | R238: =SUM(HS238:ID238)/1000 -> 0 | S238: =SUM(IE238:IP238)/1000 -> 0 | T238: =SUM(IQ238:JB238)/1000 -> 0 | U238: =SUM(JC238:JN238)/1000 -> 0 | V238: =SUM(JO238:JZ238)/1000 -> 0 | W238: =SUM(KA238:KL238)/1000 -> 0 | X238: =SUM(KM238:KX238)/1000 -> 0 | Y238: =SUM(KY238:LJ238)/1000 -> 0 | Z238: =SUM(LK238:LV238)/1000 -> 0 | AA238: =SUM(LW238:MH238)/1000 -> 0 | AB238: =SUM(MI238:MT238)/1000 -> 0 | AC238: =SUM(MU238:NF238)/1000 -> 0 | AD238: =SUM(NG238:NR238)/1000 -> 0 | AE238: =SUM(NS238:OD238)/1000 -> 0 | AF238: =SUM(OE238:OP238)/1000 -> 0
A239: Bermuda | B239: =SUM(AI239:AT239)/1000 -> 0 | C239: =SUM(AU239:BF239)/1000 -> 0 | D239: =SUM(BG239:BR239)/1000 -> 0 | E239: =SUM(BS239:CD239)/1000 -> 0 | F239: =SUM(CE239:CP239)/1000 -> 0 | G239: =SUM(CQ239:DB239)/1000 -> 0 | H239: =SUM(DC239:DN239)/1000 -> 0 | I239: =SUM(DO239:DZ239)/1000 -> 0 | J239: =SUM(EA239:EL239)/1000 -> 0 | K239: =SUM(EM239:EX239)/1000 -> 0 | L239: =SUM(EY239:FJ239)/1000 -> 0 | M239: =SUM(FK239:FV239)/1000 -> 0 | N239: =SUM(FW239:GH239)/1000 -> 0 | O239: =SUM(GI239:GT239)/1000 -> 0 | P239: =SUM(GU239:HF239)/1000 -> 0 | Q239: =SUM(HG239:HR239)/1000 -> 0 | R239: =SUM(HS239:ID239)/1000 -> 0 | S239: =SUM(IE239:IP239)/1000 -> 0 | T239: =SUM(IQ239:JB239)/1000 -> 0 | U239: =SUM(JC239:JN239)/1000 -> 0 | V239: =SUM(JO239:JZ239)/1000 -> 0 | W239: =SUM(KA239:KL239)/1000 -> 0 | X239: =SUM(KM239:KX239)/1000 -> 0 | Y239: =SUM(KY239:LJ239)/1000 -> 0 | Z239: =SUM(LK239:LV239)/1000 -> 0 | AA239: =SUM(LW239:MH239)/1000 -> 0 | AB239: =SUM(MI239:MT239)/1000 -> 0 | AC239: =SUM(MU239:NF239)/1000 -> 0 | AD239: =SUM(NG239:NR239)/1000 -> 0 | AE239: =SUM(NS239:OD239)/1000 -> 0 | AF239: =SUM(OE239:OP239)/1000 -> 0
A240: Bolivia | B240: =SUM(AI240:AT240)/1000 -> 0 | C240: =SUM(AU240:BF240)/1000 -> 0 | D240: =SUM(BG240:BR240)/1000 -> 0 | E240: =SUM(BS240:CD240)/1000 -> 0 | F240: =SUM(CE240:CP240)/1000 -> 0 | G240: =SUM(CQ240:DB240)/1000 -> 0 | H240: =SUM(DC240:DN240)/1000 -> 0 | I240: =SUM(DO240:DZ240)/1000 -> 0 | J240: =SUM(EA240:EL240)/1000 -> 0 | K240: =SUM(EM240:EX240)/1000 -> 0 | L240: =SUM(EY240:FJ240)/1000 -> 0 | M240: =SUM(FK240:FV240)/1000 -> 0 | N240: =SUM(FW240:GH240)/1000 -> 0 | O240: =SUM(GI240:GT240)/1000 -> 0 | P240: =SUM(GU240:HF240)/1000 -> 0 | Q240: =SUM(HG240:HR240)/1000 -> 0 | R240: =SUM(HS240:ID240)/1000 -> 0 | S240: =SUM(IE240:IP240)/1000 -> 0 | T240: =SUM(IQ240:JB240)/1000 -> 0 | U240: =SUM(JC240:JN240)/1000 -> 0 | V240: =SUM(JO240:JZ240)/1000 -> 0 | W240: =SUM(KA240:KL240)/1000 -> 0 | X240: =SUM(KM240:KX240)/1000 -> 0 | Y240: =SUM(KY240:LJ240)/1000 -> 0 | Z240: =SUM(LK240:LV240)/1000 -> 0 | AA240: =SUM(LW240:MH240)/1000 -> 0 | AB240: =SUM(MI240:MT240)/1000 -> 0 | AC240: =SUM(MU240:NF240)/1000 -> 0 | AD240: =SUM(NG240:NR240)/1000 -> 0 | AE240: =SUM(NS240:OD240)/1000 -> 0 | AF240: =SUM(OE240:OP240)/1000 -> 0
A241: Brazil | B241: =SUM(AI241:AT241)/1000 -> 0 | C241: =SUM(AU241:BF241)/1000 -> 0 | D241: =SUM(BG241:BR241)/1000 -> 0 | E241: =SUM(BS241:CD241)/1000 -> 0 | F241: =SUM(CE241:CP241)/1000 -> 0 | G241: =SUM(CQ241:DB241)/1000 -> 0 | H241: =SUM(DC241:DN241)/1000 -> 0 | I241: =SUM(DO241:DZ241)/1000 -> 0 | J241: =SUM(EA241:EL241)/1000 -> 0 | K241: =SUM(EM241:EX241)/1000 -> 0 | L241: =SUM(EY241:FJ241)/1000 -> 0 | M241: =SUM(FK241:FV241)/1000 -> 0 | N241: =SUM(FW241:GH241)/1000 -> 0 | O241: =SUM(GI241:GT241)/1000 -> 0 | P241: =SUM(GU241:HF241)/1000 -> 0 | Q241: =SUM(HG241:HR241)/1000 -> 0 | R241: =SUM(HS241:ID241)/1000 -> 0 | S241: =SUM(IE241:IP241)/1000 -> 0 | T241: =SUM(IQ241:JB241)/1000 -> 0 | U241: =SUM(JC241:JN241)/1000 -> 0 | V241: =SUM(JO241:JZ241)/1000 -> 0 | W241: =SUM(KA241:KL241)/1000 -> 0 | X241: =SUM(KM241:KX241)/1000 -> 0 | Y241: =SUM(KY241:LJ241)/1000 -> 0 | Z241: =SUM(LK241:LV241)/1000 -> 0 | AA241: =SUM(LW241:MH241)/1000 -> 0 | AB241: =SUM(MI241:MT241)/1000 -> 0 | AC241: =SUM(MU241:NF241)/1000 -> 0 | AD241: =SUM(NG241:NR241)/1000 -> 0 | AE241: =SUM(NS241:OD241)/1000 -> 0 | AF241: =SUM(OE241:OP241)/1000 -> 0
A242: British Virgin Islands | B242: =SUM(AI242:AT242)/1000 -> 0 | C242: =SUM(AU242:BF242)/1000 -> 0 | D242: =SUM(BG242:BR242)/1000 -> 0 | E242: =SUM(BS242:CD242)/1000 -> 0 | F242: =SUM(CE242:CP242)/1000 -> 0 | G242: =SUM(CQ242:DB242)/1000 -> 0 | H242: =SUM(DC242:DN242)/1000 -> 0 | I242: =SUM(DO242:DZ242)/1000 -> 0 | J242: =SUM(EA242:EL242)/1000 -> 0 | K242: =SUM(EM242:EX242)/1000 -> 0 | L242: =SUM(EY242:FJ242)/1000 -> 0 | M242: =SUM(FK242:FV242)/1000 -> 0 | N242: =SUM(FW242:GH242)/1000 -> 0 | O242: =SUM(GI242:GT242)/1000 -> 0 | P242: =SUM(GU242:HF242)/1000 -> 0 | Q242: =SUM(HG242:HR242)/1000 -> 0 | R242: =SUM(HS242:ID242)/1000 -> 0 | S242: =SUM(IE242:IP242)/1000 -> 0 | T242: =SUM(IQ242:JB242)/1000 -> 0 | U242: =SUM(JC242:JN242)/1000 -> 0 | V242: =SUM(JO242:JZ242)/1000 -> 0 | W242: =SUM(KA242:KL242)/1000 -> 0 | X242: =SUM(KM242:KX242)/1000 -> 0 | Y242: =SUM(KY242:LJ242)/1000 -> 0 | Z242: =SUM(LK242:LV242)/1000 -> 0 | AA242: =SUM(LW242:MH242)/1000 -> 0 | AB242: =SUM(MI242:MT242)/1000 -> 0 | AC242: =SUM(MU242:NF242)/1000 -> 0 | AD242: =SUM(NG242:NR242)/1000 -> 0 | AE242: =SUM(NS242:OD242)/1000 -> 0 | AF242: =SUM(OE242:OP242)/1000 -> 0
A243: Canada | B243: =SUM(AI243:AT243)/1000 -> 0 | C243: =SUM(AU243:BF243)/1000 -> 0 | D243: =SUM(BG243:BR243)/1000 -> 0 | E243: =SUM(BS243:CD243)/1000 -> 0 | F243: =SUM(CE243:CP243)/1000 -> 0 | G243: =SUM(CQ243:DB243)/1000 -> 0 | H243: =SUM(DC243:DN243)/1000 -> 0 | I243: =SUM(DO243:DZ243)/1000 -> 0 | J243: =SUM(EA243:EL243)/1000 -> 0 | K243: =SUM(EM243:EX243)/1000 -> 0 | L243: =SUM(EY243:FJ243)/1000 -> 0 | M243: =SUM(FK243:FV243)/1000 -> 0 | N243: =SUM(FW243:GH243)/1000 -> 0 | O243: =SUM(GI243:GT243)/1000 -> 0 | P243: =SUM(GU243:HF243)/1000 -> 0 | Q243: =SUM(HG243:HR243)/1000 -> 0 | R243: =SUM(HS243:ID243)/1000 -> 0 | S243: =SUM(IE243:IP243)/1000 -> 0 | T243: =SUM(IQ243:JB243)/1000 -> 0 | U243: =SUM(JC243:JN243)/1000 -> 0 | V243: =SUM(JO243:JZ243)/1000 -> 0 | W243: =SUM(KA243:KL243)/1000 -> 0 | X243: =SUM(KM243:KX243)/1000 -> 0 | Y243: =SUM(KY243:LJ243)/1000 -> 0 | Z243: =SUM(LK243:LV243)/1000 -> 0 | AA243: =SUM(LW243:MH243)/1000 -> 0 | AB243: =SUM(MI243:MT243)/1000 -> 0 | AC243: =SUM(MU243:NF243)/1000 -> 0 | AD243: =SUM(NG243:NR243)/1000 -> 0 | AE243: =SUM(NS243:OD243)/1000 -> 0 | AF243: =SUM(OE243:OP243)/1000 -> 0
... A245: Chile | B245: =SUM(AI245:AT245)/1000 -> 0 | C245: =SUM(AU245:BF245)/1000 -> 0 | D245: =SUM(BG245:BR245)/1000 -> 0 | E245: =SUM(BS245:CD245)/1000 -> 0 | F245: =SUM(CE245:CP245)/1000 -> 0 | G245: =SUM(CQ245:DB245)/1000 -> 0 | H245: =SUM(DC245:DN245)/1000 -> 0 | I245: =SUM(DO245:DZ245)/1000 -> 0 | J245: =SUM(EA245:EL245)/1000 -> 0 | K245: =SUM(EM245:EX245)/1000 -> 0 | L245: =SUM(EY245:FJ245)/1000 -> 0 | M245: =SUM(FK245:FV245)/1000 -> 0 | N245: =SUM(FW245:GH245)/1000 -> 0 | O245: =SUM(GI245:GT245)/1000 -> 0 | P245: =SUM(GU245:HF245)/1000 -> 0 | Q245: =SUM(HG245:HR245)/1000 -> 0 | R245: =SUM(HS245:ID245)/1000 -> 0 | S245: =SUM(IE245:IP245)/1000 -> 0 | T245: =SUM(IQ245:JB245)/1000 -> 0 | U245: =SUM(JC245:JN245)/1000 -> 0 | V245: =SUM(JO245:JZ245)/1000 -> 0 | W245: =SUM(KA245:KL245)/1000 -> 0 | X245: =SUM(KM245:KX245)/1000 -> 0 | Y245: =SUM(KY245:LJ245)/1000 -> 0 | Z245: =SUM(LK245:LV245)/1000 -> 0 | AA245: =SUM(LW245:MH245)/1000 -> 0 | AB245: =SUM(MI245:MT245)/1000 -> 0 | AC245: =SUM(MU245:NF245)/1000 -> 0 | AD245: =SUM(NG245:NR245)/1000 -> 0 | AE245: =SUM(NS245:OD245)/1000 -> 0 | AF245: =SUM(OE245:OP245)/1000 -> 0
...

Sheet Corn Weekly Inspections
A1: US CORN EXPORT INSPECTIONS (1,000 Bushels)
A2: Inspections Data Link
