Workbook

Sheet USDA Comp
A1: WORLD CORN SUPPLY AND DEMAND (Million Tonnes/Million Hectares)
A3: World | B3: 23/24 | C3: 24/25 | F3: 25/26
A4: Marketing Year - Oct to Sep | B4: USDA | C4: USDA | D4: Change from | E4: Fastmarkets | F4: USDA | G4: =D4 -> Change from | H4: =E4 -> Fastmarkets
D5: 45748 | G5: =D5 -> 45748
A6: Planted Area
A7: Harvested Area | B7: ='Corn World-Major'!E11/1000 -> 234.161 | C7: ='Corn World-Major'!F11/1000 -> 203.573 | D7: {=C7-(INDEX('Historic WASDE MY 202425'!$D$4:$S$200,MATCH(A7&A3,'Historic WASDE MY 202425'!$B$4:$B$200&'Historic WASDE MY 202425'!$C$4:$C$200,0),MATCH(D5,'Historic WASDE MY 202425'!$D$3:$Y$3,0))/1000)} -> 0.386 | E7: =VLOOKUP(A7,'FM World'!A:AA,26,FALSE) -> 203.19403 | F7: ='Corn World-Major'!G11/1000 -> 208.576 | G7: {=F7-(INDEX('Historic WASDE MY 202526'!$D$4:$R$200,MATCH(A7&A3,'Historic WASDE MY 202526'!$B$4:$B$200&'Historic WASDE MY 202526'!$C$4:$C$200,0),MATCH(G5,'Historic WASDE MY 202526'!$D$3:$X$3,0))/1000)} -> #N/A | H7: =VLOOKUP(A7,'FM World'!A:AA,27,FALSE) -> 212.5735
A8: Yield | B8: ='Corn World-Major'!E132 -> 5.69 | C8: ='Corn World-Major'!F132 -> 6 | D8: {=C8-(INDEX('Historic WASDE MY 202425'!$D$4:$S$200,MATCH(A8&A3,'Historic WASDE MY 202425'!$B$4:$B$200&'Historic WASDE MY 202425'!$C$4:$C$200,0),MATCH(D5,'Historic WASDE MY 202425'!$D$3:$Y$3,0)))} -> 0.02 | E8: =VLOOKUP(A8,'FM World'!A:AA,26,FALSE) -> 6.3364501 | F8: ='Corn World-Major'!G132 -> 6.07 | G8: {=F8-(INDEX('Historic WASDE MY 202526'!$D$4:$R$200,MATCH(A8&A3,'Historic WASDE MY 202526'!$B$4:$B$200&'Historic WASDE MY 202526'!$C$4:$C$200,0),MATCH(G5,'Historic WASDE MY 202526'!$D$3:$X$3,0)))} -> #N/A | H8: =VLOOKUP(A8,'FM World'!A:AA,27,FALSE) -> 4.3582347
A9: Beginning Stocks | B9: ='Corn World-Major'!E22/1000 -> 313.606 | C9: ='Corn World-Major'!F22/1000 -> 316.065 | D9: {=C9-(INDEX('Historic WASDE MY 202425'!$D$4:$S$200,MATCH(A9&A3,'Historic WASDE MY 202425'!$B$4:$B$200&'Historic WASDE MY 202425'!$C$4:$C$200,0),MATCH(D5,'Historic WASDE MY 202425'!$D$3:$Y$3,0))/1000)} -> 1.733 | E9: =B18 -> 322.143 | F9: ='Corn World-Major'!G22/1000 -> 287.286 | G9: {=F9-(INDEX('Historic WASDE MY 202526'!$D$4:$R$200,MATCH(A9&A3,'Historic WASDE MY 202526'!$B$4:$B$200&'Historic WASDE MY 202526'!$C$4:$C$200,0),MATCH(G5,'Historic WASDE MY 202526'!$D$3:$X$3,0))/1000)} -> #N/A | H9: =E18 -> 318.24877
A10: Production | B10: ='Corn World-Major'!E33/1000 -> 1332.206 | C10: ='Corn World-Major'!F33/1000 -> 1221.284 | D10: {=C10-(INDEX('Historic WASDE MY 202425'!$D$4:$S$200,MATCH(A10&A3,'Historic WASDE MY 202425'!$B$4:$B$200&'Historic WASDE MY 202425'!$C$4:$C$200,0),MATCH(D5,'Historic WASDE MY 202425'!$D$3:$Y$3,0))/1000)} -> 6.185 | E10: =VLOOKUP(A10,'FM World'!A:AA,26,FALSE) -> 1287.5288 | F10: ='Corn World-Major'!G33/1000 -> 1264.982 | G10: {=F10-(INDEX('Historic WASDE MY 202526'!$D$4:$R$200,MATCH(A10&A3,'Historic WASDE MY 202526'!$B$4:$B$200&'Historic WASDE MY 202526'!$C$4:$C$200,0),MATCH(G5,'Historic WASDE MY 202526'!$D$3:$X$3,0))/1000)} -> #N/A | H10: =VLOOKUP(A10,'FM World'!A:AA,27,FALSE) -> 926.4452
A11: Imports | B11: ='Corn World-Major'!E44/1000 -> 201.998 | C11: ='Corn World-Major'!F44/1000 -> 183.526 | D11: {=C11-(INDEX('Historic WASDE MY 202425'!$D$4:$S$200,MATCH(A11&A3,'Historic WASDE MY 202425'!$B$4:$B$200&'Historic WASDE MY 202425'!$C$4:$C$200,0),MATCH(D5,'Historic WASDE MY 202425'!$D$3:$Y$3,0))/1000)} -> 1.436 | E11: =VLOOKUP(A11,'FM World'!A:AA,26,FALSE) -> 199.28962 | F11: ='Corn World-Major'!G44/1000 -> 187.483 | G11: {=F11-(INDEX('Historic WASDE MY 202526'!$D$4:$R$200,MATCH(A11&A3,'Historic WASDE MY 202526'!$B$4:$B$200&'Historic WASDE MY 202526'!$C$4:$C$200,0),MATCH(G5,'Historic WASDE MY 202526'!$D$3:$X$3,0))/1000)} -> #N/A | H11: =VLOOKUP(A11,'FM World'!A:AA,27,FALSE) -> 30.316678
A12: Total Supply | B12: =SUM(B9:B11) -> 1847.81 | C12: =SUM(C9:C11) -> 1720.875 | D12: =SUM(D9:D11) -> 9.354 | E12: =SUM(E9:E11) -> 1808.9614 | F12: =SUM(F9:F11) -> 1739.751 | G12: =G11+G10+G9 -> #N/A | H12: =SUM(H9:H11) -> 1275.0107
A13: Domestic Use | B13: =B14+B15 -> 1296.916 | C13: =C14+C15 -> 1244.237 | D13: =D14+D15 -> 9.048 | E13: =E14+E15 -> 1305.6343 | F13: =F14+F15 -> 1266.099 | G13: =G14+G15 -> #N/A | H13: =H14+H15 -> #REF!
A14: Feed & Residual | B14: ='Corn World-Major'!E77/1000 -> 814.128 | C14: ='Corn World-Major'!F77/1000 -> 781.921 | D14: {=C14-(INDEX('Historic WASDE MY 202425'!$D$4:$S$200,MATCH(A14&A3,'Historic WASDE MY 202425'!$B$4:$B$200&'Historic WASDE MY 202425'!$C$4:$C$200,0),MATCH(D5,'Historic WASDE MY 202425'!$D$3:$Y$3,0))/1000)} -> 0.73 | E14: =VLOOKUP(A14,'FM World'!A:AA,26,FALSE) -> 848.78304 | F14: ='Corn World-Major'!G77/1000 -> 801.553 | G14: {=F14-(INDEX('Historic WASDE MY 202526'!$D$4:$R$200,MATCH(A14&A3,'Historic WASDE MY 202526'!$B$4:$B$200&'Historic WASDE MY 202526'!$C$4:$C$200,0),MATCH(G5,'Historic WASDE MY 202526'!$D$3:$X$3,0))/1000)} -> #N/A | H14: =VLOOKUP(A14,'FM World'!A:AA,27,FALSE) -> #REF!
A15: Food/Seed/Industrial | B15: ='Corn World-Major'!E88/1000 -> 482.788 | C15: ='Corn World-Major'!F88/1000 -> 462.316 | D15: {=C15-(INDEX('Historic WASDE MY 202425'!$D$4:$S$200,MATCH(A15&A3,'Historic WASDE MY 202425'!$B$4:$B$200&'Historic WASDE MY 202425'!$C$4:$C$200,0),MATCH(D5,'Historic WASDE MY 202425'!$D$3:$Y$3,0))/1000)} -> 8.318 | E15: =VLOOKUP(A15,'FM World'!A:AA,26,FALSE) -> 456.85125 | F15: ='Corn World-Major'!G88/1000 -> 464.546 | G15: {=F15-(INDEX('Historic WASDE MY 202526'!$D$4:$R$200,MATCH(A15&A3,'Historic WASDE MY 202526'!$B$4:$B$200&'Historic WASDE MY 202526'!$C$4:$C$200,0),MATCH(G5,'Historic WASDE MY 202526'!$D$3:$X$3,0))/1000)} -> #N/A | H15: =VLOOKUP(A15,'FM World'!A:AA,27,FALSE) -> 310.94437
A16: Exports | B16: ='Corn World-Major'!E66/1000 -> 228.751 | C16: ='Corn World-Major'!F66/1000 -> 189.352 | D16: {=C16-(INDEX('Historic WASDE MY 202425'!$D$4:$S$200,MATCH(A16&A3,'Historic WASDE MY 202425'!$B$4:$B$200&'Historic WASDE MY 202425'!$C$4:$C$200,0),MATCH(D5,'Historic WASDE MY 202425'!$D$3:$Y$3,0))/1000)} -> 0.669 | E16: =VLOOKUP(A16,'FM World'!A:AA,26,FALSE) -> 185.07837 | F16: ='Corn World-Major'!G66/1000 -> 195.81 | G16: {=F16-(INDEX('Historic WASDE MY 202526'!$D$4:$R$200,MATCH(A16&A3,'Historic WASDE MY 202526'!$B$4:$B$200&'Historic WASDE MY 202526'!$C$4:$C$200,0),MATCH(G5,'Historic WASDE MY 202526'!$D$3:$X$3,0))/1000)} -> #N/A | H16: =VLOOKUP(A16,'FM World'!A:AA,27,FALSE) -> #REF!
A17: Total Use | B17: =B16+B13 -> 1525.667 | C17: =C16+C13 -> 1433.589 | D17: =D16+D13 -> 9.717 | E17: =E16+E13 -> 1490.7127 | F17: =F16+F13 -> 1461.909 | G17: =G16+G13 -> #N/A | H17: =H16+H13 -> #REF!
A18: Ending Stocks | B18: ='Corn World-Major'!E110/1000 -> 322.143 | C18: ='Corn World-Major'!F110/1000 -> 287.286 | D18: {=C18-(INDEX('Historic WASDE MY 202425'!$D$4:$S$200,MATCH(A18&A3,'Historic WASDE MY 202425'!$B$4:$B$200&'Historic WASDE MY 202425'!$C$4:$C$200,0),MATCH(D5,'Historic WASDE MY 202425'!$D$3:$Y$3,0))/1000)} -> -0.363 | E18: =E12-E17 -> 318.24877 | F18: ='Corn World-Major'!G110/1000 -> 277.842 | G18: {=F18-(INDEX('Historic WASDE MY 202526'!$D$4:$R$200,MATCH(A18&A3,'Historic WASDE MY 202526'!$B$4:$B$200&'Historic WASDE MY 202526'!$C$4:$C$200,0),MATCH(G5,'Historic WASDE MY 202526'!$D$3:$X$3,0))/1000)} -> #N/A | H18: =H12-H17 -> #REF!
A19: Stocks/Use | B19: =B18/B17 -> 0.21114896 | C19: =C18/C17 -> 0.20039635 | D19: {=C19-(((INDEX('Historic WASDE MY 202425'!$D$4:$S$200,MATCH(A18&A3,'Historic WASDE MY 202425'!$B$4:$B$200&'Historic WASDE MY 202425'!$C$4:$C$200,0),MATCH(D5,'Historic WASDE MY 202425'!$D$3:$Y$3,0))/1000))/SUM(((INDEX('Historic WASDE MY 202425'!$D$4:$S$200,MATCH(A14&A3,'Historic WASDE MY 202425'!$B$4:$B$200&'Historic WASDE MY 202425'!$C$4:$C$200,0),MATCH(D5,'Historic WASDE MY 202425'!$D$3:$Y$3,0))/1000)),((INDEX('Historic WASDE MY 202425'!$D$4:$S$200,MATCH(A15&A3,'Historic WASDE MY 202425'!$B$4:$B$200&'Historic WASDE MY 202425'!$C$4:$C$200,0),MATCH(D5,'Historic WASDE MY 202425'!$D$3:$Y$3,0))/1000)),((INDEX('Historic WASDE MY 202425'!$D$4:$S$200,MATCH(A16&A3,'Historic WASDE MY 202425'!$B$4:$B$200&'Historic WASDE MY 202425'!$C$4:$C$200,0),MATCH(D5,'Historic WASDE MY 202425'!$D$3:$Y$3,0))/1000))))} -> -0.0016225133 | E19: =E18/E17 -> 0.21348767 | F19: =F18/F17 -> 0.19005424 | G19: {=F19-((INDEX('Historic WASDE MY 202526'!$D$4:$R$200,MATCH(A18&A3,'Historic WASDE MY 202526'!$B$4:$B$200&'Historic WASDE MY 202526'!$C$4:$C$200,0),MATCH(G5,'Historic WASDE MY 202526'!$D$3:$X$3,0))/1000))/SUM(((INDEX('Historic WASDE MY 202526'!$D$4:$R$200,MATCH(A14&A3,'Historic WASDE MY 202526'!$B$4:$B$200&'Historic WASDE MY 202526'!$C$4:$C$200,0),MATCH(G5,'Historic WASDE MY 202526'!$D$3:$X$3,0))/1000)),((INDEX('Historic WASDE MY 202526'!$D$4:$R$200,MATCH(A15&A3,'Historic WASDE MY 202526'!$B$4:$B$200&'Historic WASDE MY 202526'!$C$4:$C$200,0),MATCH(G5,'Historic WASDE MY 202526'!$D$3:$X$3,0))/1000)),((INDEX('Historic WASDE MY 202526'!$D$4:$R$200,MATCH(A16&A3,'Historic WASDE MY 202526'!$B$4:$B$200&'Historic WASDE MY 202526'!$C$4:$C$200,0),MATCH(G5,'Historic WASDE MY 202526'!$D$3:$X$3,0))/1000)))} -> #N/A | H19: =H18/H17 -> #REF!
A21: ARGENTINA CORN SUPPLY AND DEMAND (Million Tonnes/Million Hectares)
A23: Argentina | B23: 23/24 | C23: 24/25 | F23: 25/26
A24: Marketing Year - Mar to Feb | B24: USDA | C24: USDA | D24: Change from | E24: Fastmarkets | F24: USDA | G24: =D24 -> Change from | H24: =E24 -> Fastmarkets
D25: =D5 -> 45748 | G25: =D25 -> 45748
A26: Planted Area
A27: Harvested Area | B27: ='Corn World-Major'!E3/1000 -> 7.775 | C27: ='Corn World-Major'!F3/1000 -> 6.4 | D27: {=C27-(INDEX('Historic WASDE MY 202425'!$D$4:$S$200,MATCH(A27&A23,'Historic WASDE MY 202425'!$B$4:$B$200&'Historic WASDE MY 202425'!$C$4:$C$200,0),MATCH(D25,'Historic WASDE MY 202425'!$D$3:$Y$3,0))/1000)} -> 0 | E27: =VLOOKUP(A27,Argentina!A:ZZ,52,FALSE) -> 6.7885611 | F27: ='Corn World-Major'!G3/1000 -> 7.5 | G27: {=F27-(INDEX('Historic WASDE MY 202526'!$D$4:$R$200,MATCH(A27&A23,'Historic WASDE MY 202526'!$B$4:$B$200&'Historic WASDE MY 202526'!$C$4:$C$200,0),MATCH(G25,'Historic WASDE MY 202526'!$D$3:$X$3,0))/1000)} -> #N/A | H27: =VLOOKUP(A27,Argentina!A:ZZ,53,FALSE) -> 7.1557654
A28: Yield | B28: ='Corn World-Major'!E124 -> 6.56 | C28: ='Corn World-Major'!F124 -> 7.81 | D28: {=C28-(INDEX('Historic WASDE MY 202425'!$D$4:$S$200,MATCH(A28&A23,'Historic WASDE MY 202425'!$B$4:$B$200&'Historic WASDE MY 202425'!$C$4:$C$200,0),MATCH(D25,'Historic WASDE MY 202425'!$D$3:$Y$3,0)))} -> 0 | E28: =VLOOKUP(A28,Argentina!A:ZZ,52,FALSE) -> 6.8930116 | F28: ='Corn World-Major'!G124 -> 7.07 | G28: {=F28-(INDEX('Historic WASDE MY 202526'!$D$4:$R$200,MATCH(A28&A23,'Historic WASDE MY 202526'!$B$4:$B$200&'Historic WASDE MY 202526'!$C$4:$C$200,0),MATCH(G25,'Historic WASDE MY 202526'!$D$3:$X$3,0)))} -> #N/A | H28: =VLOOKUP(A28,Argentina!A:ZZ,53,FALSE) -> 7.0051338
A29: Beginning Stocks | B29: ='Corn World-Major'!E14/1000 -> 2.324 | C29: ='Corn World-Major'!F14/1000 -> 2.478 | D29: {=C29-(INDEX('Historic WASDE MY 202425'!$D$4:$S$200,MATCH(A29&A23,'Historic WASDE MY 202425'!$B$4:$B$200&'Historic WASDE MY 202425'!$C$4:$C$200,0),MATCH(D25,'Historic WASDE MY 202425'!$D$3:$Y$3,0))/1000)} -> -0.2 | E29: =B38 -> 2.478 | F29: ='Corn World-Major'!G14/1000 -> 2.383 | G29: {=F29-(INDEX('Historic WASDE MY 202526'!$D$4:$R$200,MATCH(A29&A23,'Historic WASDE MY 202526'!$B$4:$B$200&'Historic WASDE MY 202526'!$C$4:$C$200,0),MATCH(G25,'Historic WASDE MY 202526'!$D$3:$X$3,0))/1000)} -> #N/A | H29: =E38 -> 2.478
A30: Production | B30: ='Corn World-Major'!E25/1000 -> 51 | C30: ='Corn World-Major'!F25/1000 -> 50 | D30: {=C30-(INDEX('Historic WASDE MY 202425'!$D$4:$S$200,MATCH(A30&A23,'Historic WASDE MY 202425'!$B$4:$B$200&'Historic WASDE MY 202425'!$C$4:$C$200,0),MATCH(D25,'Historic WASDE MY 202425'!$D$3:$Y$3,0))/1000)} -> 0 | E30: =VLOOKUP(A30,Argentina!A:ZZ,52,FALSE) -> 49 | F30: ='Corn World-Major'!G25/1000 -> 53 | G30: {=F30-(INDEX('Historic WASDE MY 202526'!$D$4:$R$200,MATCH(A30&A23,'Historic WASDE MY 202526'!$B$4:$B$200&'Historic WASDE MY 202526'!$C$4:$C$200,0),MATCH(G25,'Historic WASDE MY 202526'!$D$3:$X$3,0))/1000)} -> #N/A | H30: =VLOOKUP(A30,Argentina!A:ZZ,53,FALSE) -> 50.127094
A31: Imports | B31: ='Corn World-Major'!E36/1000 -> 0.01 | C31: ='Corn World-Major'!F36/1000 -> 0.005 | D31: {=C31-(INDEX('Historic WASDE MY 202425'!$D$4:$S$200,MATCH(A31&A23,'Historic WASDE MY 202425'!$B$4:$B$200&'Historic WASDE MY 202425'!$C$4:$C$200,0),MATCH(D25,'Historic WASDE MY 202425'!$D$3:$Y$3,0))/1000)} -> 0 | E31: =VLOOKUP(A31,Argentina!A:ZZ,52,FALSE) -> 0.015 | F31: ='Corn World-Major'!G36/1000 -> 0.005 | G31: {=F31-(INDEX('Historic WASDE MY 202526'!$D$4:$R$200,MATCH(A31&A23,'Historic WASDE MY 202526'!$B$4:$B$200&'Historic WASDE MY 202526'!$C$4:$C$200,0),MATCH(G25,'Historic WASDE MY 202526'!$D$3:$X$3,0))/1000)} -> #N/A | H31: =VLOOKUP(A31,Argentina!A:ZZ,53,FALSE) -> 1.015
A32: Total Supply | B32: =SUM(B29:B31) -> 53.334 | C32: =SUM(C29:C31) -> 52.483 | D32: =SUM(D29:D31) -> -0.2 | E32: =SUM(E29:E31) -> 51.493 | F32: =SUM(F29:F31) -> 55.388 | G32: =G31+G30+G29 -> #N/A | H32: =SUM(H29:H31) -> 53.620094
A33: Domestic Use | B33: =B34+B35 -> 14.6 | C33: =C34+C35 -> 14.6 | D33: =D34+D35 -> 0.3 | E33: =E34+E35 -> 15.015 | F33: =F34+F35 -> 15.6 | G33: =G34+G35 -> #N/A | H33: =H34+H35 -> 16.842094
A34: Feed & Residual | B34: ='Corn World-Major'!E69/1000 -> 10.4 | C34: ='Corn World-Major'!F69/1000 -> 10.2 | D34: {=C34-(INDEX('Historic WASDE MY 202425'!$D$4:$S$200,MATCH(A34&A23,'Historic WASDE MY 202425'!$B$4:$B$200&'Historic WASDE MY 202425'!$C$4:$C$200,0),MATCH(D25,'Historic WASDE MY 202425'!$D$3:$Y$3,0))/1000)} -> 0.2 | E34: =VLOOKUP(A34,Argentina!A:ZZ,52,FALSE) -> 7.986156 | F34: ='Corn World-Major'!G69/1000 -> 11.2 | G34: {=F34-(INDEX('Historic WASDE MY 202526'!$D$4:$R$200,MATCH(A34&A23,'Historic WASDE MY 202526'!$B$4:$B$200&'Historic WASDE MY 202526'!$C$4:$C$200,0),MATCH(G25,'Historic WASDE MY 202526'!$D$3:$X$3,0))/1000)} -> #N/A | H34: =VLOOKUP(A34,Argentina!A:ZZ,53,FALSE) -> 9.125041
A35: Food/Seed/Industrial | B35: ='Corn World-Major'!E80/1000 -> 4.2 | C35: ='Corn World-Major'!F80/1000 -> 4.4 | D35: {=C35-(INDEX('Historic WASDE MY 202425'!$D$4:$S$200,MATCH(A35&A23,'Historic WASDE MY 202425'!$B$4:$B$200&'Historic WASDE MY 202425'!$C$4:$C$200,0),MATCH(D25,'Historic WASDE MY 202425'!$D$3:$Y$3,0))/1000)} -> 0.1 | E35: =VLOOKUP(A35,Argentina!A:ZZ,52,FALSE) -> 7.028844 | F35: ='Corn World-Major'!G80/1000 -> 4.4 | G35: {=F35-(INDEX('Historic WASDE MY 202526'!$D$4:$R$200,MATCH(A35&A23,'Historic WASDE MY 202526'!$B$4:$B$200&'Historic WASDE MY 202526'!$C$4:$C$200,0),MATCH(G25,'Historic WASDE MY 202526'!$D$3:$X$3,0))/1000)} -> #N/A | H35: =VLOOKUP(A35,Argentina!A:ZZ,53,FALSE) -> 7.7170531
A36: Exports | B36: ='Corn World-Major'!E58/1000 -> 36.256 | C36: ='Corn World-Major'!F58/1000 -> 35.5 | D36: {=C36-(INDEX('Historic WASDE MY 202425'!$D$4:$S$200,MATCH(A36&A23,'Historic WASDE MY 202425'!$B$4:$B$200&'Historic WASDE MY 202425'!$C$4:$C$200,0),MATCH(D25,'Historic WASDE MY 202425'!$D$3:$Y$3,0))/1000)} -> -0.5 | E36: =VLOOKUP(A36,Argentina!A:ZZ,52,FALSE) -> 34 | F36: ='Corn World-Major'!G58/1000 -> 37 | G36: {=F36-(INDEX('Historic WASDE MY 202526'!$D$4:$R$200,MATCH(A36&A23,'Historic WASDE MY 202526'!$B$4:$B$200&'Historic WASDE MY 202526'!$C$4:$C$200,0),MATCH(G25,'Historic WASDE MY 202526'!$D$3:$X$3,0))/1000)} -> #N/A | H36: =VLOOKUP(A36,Argentina!A:ZZ,53,FALSE) -> 34.3
A37: Total Use | B37: =B36+B33 -> 50.856 | C37: =C36+C33 -> 50.1 | D37: =D36+D33 -> -0.2 | E37: =E36+E33 -> 49.015 | F37: =F36+F33 -> 52.6 | G37: =G36+G33 -> #N/A | H37: =H36+H33 -> 51.142094
A38: Ending Stocks | B38: ='Corn World-Major'!E102/1000 -> 2.478 | C38: ='Corn World-Major'!F102/1000 -> 2.383 | D38: {=C38-(INDEX('Historic WASDE MY 202425'!$D$4:$S$200,MATCH(A38&A23,'Historic WASDE MY 202425'!$B$4:$B$200&'Historic WASDE MY 202425'!$C$4:$C$200,0),MATCH(D25,'Historic WASDE MY 202425'!$D$3:$Y$3,0))/1000)} -> 0 | E38: =E32-E37 -> 2.478 | F38: ='Corn World-Major'!G102/1000 -> 2.788 | G38: {=F38-(INDEX('Historic WASDE MY 202526'!$D$4:$R$200,MATCH(A38&A23,'Historic WASDE MY 202526'!$B$4:$B$200&'Historic WASDE MY 202526'!$C$4:$C$200,0),MATCH(G25,'Historic WASDE MY 202526'!$D$3:$X$3,0))/1000)} -> #N/A | H38: =H32-H37 -> 2.478
A39: Stocks/Use | B39: =B38/B37 -> 0.048725814 | C39: =C38/C37 -> 0.04756487 | D39: {=C39-(((INDEX('Historic WASDE MY 202425'!$D$4:$S$200,MATCH(A38&A23,'Historic WASDE MY 202425'!$B$4:$B$200&'Historic WASDE MY 202425'!$C$4:$C$200,0),MATCH(D25,'Historic WASDE MY 202425'!$D$3:$Y$3,0))/1000))/SUM(((INDEX('Historic WASDE MY 202425'!$D$4:$S$200,MATCH(A34&A23,'Historic WASDE MY 202425'!$B$4:$B$200&'Historic WASDE MY 202425'!$C$4:$C$200,0),MATCH(D25,'Historic WASDE MY 202425'!$D$3:$Y$3,0))/1000)),((INDEX('Historic WASDE MY 202425'!$D$4:$S$200,MATCH(A35&A23,'Historic WASDE MY 202425'!$B$4:$B$200&'Historic WASDE MY 202425'!$C$4:$C$200,0),MATCH(D25,'Historic WASDE MY 202425'!$D$3:$Y$3,0))/1000)),((INDEX('Historic WASDE MY 202425'!$D$4:$S$200,MATCH(A36&A23,'Historic WASDE MY 202425'!$B$4:$B$200&'Historic WASDE MY 202425'!$C$4:$C$200,0),MATCH(D25,'Historic WASDE MY 202425'!$D$3:$Y$3,0))/1000))))} -> 0.00018912473 | E39: =E38/E37 -> 0.050555952 | F39: =F38/F37 -> 0.053003802 | G39: {=F39-((INDEX('Historic WASDE MY 202526'!$D$4:$R$200,MATCH(A38&A23,'Historic WASDE MY 202526'!$B$4:$B$200&'Historic WASDE MY 202526'!$C$4:$C$200,0),MATCH(G25,'Historic WASDE MY 202526'!$D$3:$X$3,0))/1000))/SUM(((INDEX('Historic WASDE MY 202526'!$D$4:$R$200,MATCH(A34&A23,'Historic WASDE MY 202526'!$B$4:$B$200&'Historic WASDE MY 202526'!$C$4:$C$200,0),MATCH(G25,'Historic WASDE MY 202526'!$D$3:$X$3,0))/1000)),((INDEX('Historic WASDE MY 202526'!$D$4:$R$200,MATCH(A35&A23,'Historic WASDE MY 202526'!$B$4:$B$200&'Historic WASDE MY 202526'!$C$4:$C$200,0),MATCH(G25,'Historic WASDE MY 202526'!$D$3:$X$3,0))/1000)),((INDEX('Historic WASDE MY 202526'!$D$4:$R$200,MATCH(A36&A23,'Historic WASDE MY 202526'!$B$4:$B$200&'Historic WASDE MY 202526'!$C$4:$C$200,0),MATCH(G25,'Historic WASDE MY 202526'!$D$3:$X$3,0))/1000)))} -> #N/A | H39: =H38/H37 -> 0.048453237
A41: BRAZIL CORN SUPPLY AND DEMAND (Million Tonnes/Million Hectares)
A43: Brazil | B43: 23/24 | C43: 24/25 | F43: 25/26
A44: Marketing Year - Mar to Feb | B44: USDA | C44: USDA | D44: Change from | E44: Fastmarkets | F44: USDA | G44: =D44 -> Change from | H44: =E44 -> Fastmarkets
D45: =D25 -> 45748 | G45: =D45 -> 45748
A46: Planted Area
A47: Harvested Area | B47: ='Corn World-Major'!E4/1000 -> 21.65 | C47: ='Corn World-Major'!F4/1000 -> 22.3 | D47: {=C47-(INDEX('Historic WASDE MY 202425'!$D$4:$S$200,MATCH(A47&A43,'Historic WASDE MY 202425'!$B$4:$B$200&'Historic WASDE MY 202425'!$C$4:$C$200,0),MATCH(D45,'Historic WASDE MY 202425'!$D$3:$Y$3,0))/1000)} -> 0 | E47: =VLOOKUP(A47,Brazil!A:ZZ,52,FALSE) -> 22.1241 | F47: ='Corn World-Major'!G4/1000 -> 22.6 | G47: {=F47-(INDEX('Historic WASDE MY 202526'!$D$4:$R$200,MATCH(A47&A43,'Historic WASDE MY 202526'!$B$4:$B$200&'Historic WASDE MY 202526'!$C$4:$C$200,0),MATCH(G45,'Historic WASDE MY 202526'!$D$3:$X$3,0))/1000)} -> #N/A | H47: =VLOOKUP(A47,Brazil!A:ZZ,53,FALSE) -> 23.530868
A48: Yield | B48: ='Corn World-Major'!E125 -> 5.5 | C48: ='Corn World-Major'!F125 -> 5.83 | D48: {=C48-(INDEX('Historic WASDE MY 202425'!$D$4:$S$200,MATCH(A48&A43,'Historic WASDE MY 202425'!$B$4:$B$200&'Historic WASDE MY 202425'!$C$4:$C$200,0),MATCH(D45,'Historic WASDE MY 202425'!$D$3:$Y$3,0)))} -> 0.18 | E48: =VLOOKUP(A48,Brazil!A:ZZ,52,FALSE) -> 6.3141913 | F48: ='Corn World-Major'!G125 -> 5.8 | G48: {=F48-(INDEX('Historic WASDE MY 202526'!$D$4:$R$200,MATCH(A48&A43,'Historic WASDE MY 202526'!$B$4:$B$200&'Historic WASDE MY 202526'!$C$4:$C$200,0),MATCH(G45,'Historic WASDE MY 202526'!$D$3:$X$3,0)))} -> #N/A | H48: =VLOOKUP(A48,Brazil!A:ZZ,53,FALSE) -> 5.8569595
A49: Beginning Stocks | B49: ='Corn World-Major'!E15/1000 -> 10.041 | C49: ='Corn World-Major'!F15/1000 -> 8.482 | D49: {=C49-(INDEX('Historic WASDE MY 202425'!$D$4:$S$200,MATCH(A49&A43,'Historic WASDE MY 202425'!$B$4:$B$200&'Historic WASDE MY 202425'!$C$4:$C$200,0),MATCH(D45,'Historic WASDE MY 202425'!$D$3:$Y$3,0))/1000)} -> 1 | E49: =B58 -> 8.482 | F49: ='Corn World-Major'!G15/1000 -> 5.982 | G49: {=F49-(INDEX('Historic WASDE MY 202526'!$D$4:$R$200,MATCH(A49&A43,'Historic WASDE MY 202526'!$B$4:$B$200&'Historic WASDE MY 202526'!$C$4:$C$200,0),MATCH(G45,'Historic WASDE MY 202526'!$D$3:$X$3,0))/1000)} -> #N/A | H49: =E58 -> 9.5978
A50: Production | B50: ='Corn World-Major'!E26/1000 -> 119 | C50: ='Corn World-Major'!F26/1000 -> 130 | D50: {=C50-(INDEX('Historic WASDE MY 202425'!$D$4:$S$200,MATCH(A50&A43,'Historic WASDE MY 202425'!$B$4:$B$200&'Historic WASDE MY 202425'!$C$4:$C$200,0),MATCH(D45,'Historic WASDE MY 202425'!$D$3:$Y$3,0))/1000)} -> 4 | E50: =VLOOKUP(A50,Brazil!A:ZZ,52,FALSE) -> 139.6958 | F50: ='Corn World-Major'!G26/1000 -> 131 | G50: {=F50-(INDEX('Historic WASDE MY 202526'!$D$4:$R$200,MATCH(A50&A43,'Historic WASDE MY 202526'!$B$4:$B$200&'Historic WASDE MY 202526'!$C$4:$C$200,0),MATCH(G45,'Historic WASDE MY 202526'!$D$3:$X$3,0))/1000)} -> #N/A | H50: =VLOOKUP(A50,Brazil!A:ZZ,53,FALSE) -> 138.6037
A51: Imports | B51: ='Corn World-Major'!E37/1000 -> 1.717 | C51: ='Corn World-Major'!F37/1000 -> 1.5 | D51: {=C51-(INDEX('Historic WASDE MY 202425'!$D$4:$S$200,MATCH(A51&A43,'Historic WASDE MY 202425'!$B$4:$B$200&'Historic WASDE MY 202425'!$C$4:$C$200,0),MATCH(D45,'Historic WASDE MY 202425'!$D$3:$Y$3,0))/1000)} -> 0 | E51: =VLOOKUP(A51,Brazil!A:ZZ,52,FALSE) -> 1.7 | F51: ='Corn World-Major'!G37/1000 -> 1.6 | G51: {=F51-(INDEX('Historic WASDE MY 202526'!$D$4:$R$200,MATCH(A51&A43,'Historic WASDE MY 202526'!$B$4:$B$200&'Historic WASDE MY 202526'!$C$4:$C$200,0),MATCH(G45,'Historic WASDE MY 202526'!$D$3:$X$3,0))/1000)} -> #N/A | H51: =VLOOKUP(A51,Brazil!A:ZZ,53,FALSE) -> 1.8
A52: Total Supply | B52: =SUM(B49:B51) -> 130.758 | C52: =SUM(C49:C51) -> 139.982 | D52: =SUM(D49:D51) -> 5 | E52: =SUM(E49:E51) -> 149.8778 | F52: =SUM(F49:F51) -> 138.582 | G52: =G51+G50+G49 -> #N/A | H52: =SUM(H49:H51) -> 150.0015
A53: Domestic Use | B53: =B54+B55 -> 84 | C53: =C54+C55 -> 91 | D53: =D54+D55 -> 3 | E53: =E54+E55 -> 90.28 | F53: =F54+F55 -> 93 | G53: =G54+G55 -> #N/A | H53: =H54+H55 -> 91.9037
A54: Feed & Residual | B54: ='Corn World-Major'!E70/1000 -> 62.5 | C54: ='Corn World-Major'!F70/1000 -> 64.5 | D54: {=C54-(INDEX('Historic WASDE MY 202425'!$D$4:$S$200,MATCH(A54&A43,'Historic WASDE MY 202425'!$B$4:$B$200&'Historic WASDE MY 202425'!$C$4:$C$200,0),MATCH(D45,'Historic WASDE MY 202425'!$D$3:$Y$3,0))/1000)} -> 0 | E54: =VLOOKUP(A54,Brazil!A:ZZ,52,FALSE) -> 67.28 | F54: ='Corn World-Major'!G70/1000 -> 65.5 | G54: {=F54-(INDEX('Historic WASDE MY 202526'!$D$4:$R$200,MATCH(A54&A43,'Historic WASDE MY 202526'!$B$4:$B$200&'Historic WASDE MY 202526'!$C$4:$C$200,0),MATCH(G45,'Historic WASDE MY 202526'!$D$3:$X$3,0))/1000)} -> #N/A | H54: =VLOOKUP(A54,Brazil!A:ZZ,53,FALSE) -> 68.9037
A55: Food/Seed/Industrial | B55: ='Corn World-Major'!E81/1000 -> 21.5 | C55: ='Corn World-Major'!F81/1000 -> 26.5 | D55: {=C55-(INDEX('Historic WASDE MY 202425'!$D$4:$S$200,MATCH(A55&A43,'Historic WASDE MY 202425'!$B$4:$B$200&'Historic WASDE MY 202425'!$C$4:$C$200,0),MATCH(D45,'Historic WASDE MY 202425'!$D$3:$Y$3,0))/1000)} -> 3 | E55: =VLOOKUP(A55,Brazil!A:ZZ,52,FALSE) -> 23 | F55: ='Corn World-Major'!G81/1000 -> 27.5 | G55: {=F55-(INDEX('Historic WASDE MY 202526'!$D$4:$R$200,MATCH(A55&A43,'Historic WASDE MY 202526'!$B$4:$B$200&'Historic WASDE MY 202526'!$C$4:$C$200,0),MATCH(G45,'Historic WASDE MY 202526'!$D$3:$X$3,0))/1000)} -> #N/A | H55: =VLOOKUP(A55,Brazil!A:ZZ,53,FALSE) -> 23
A56: Exports | B56: ='Corn World-Major'!E60/1000 -> 2.067 | C56: ='Corn World-Major'!F59/1000 -> 43 | D56: {=C56-(INDEX('Historic WASDE MY 202425'!$D$4:$S$200,MATCH(A56&A43,'Historic WASDE MY 202425'!$B$4:$B$200&'Historic WASDE MY 202425'!$C$4:$C$200,0),MATCH(D45,'Historic WASDE MY 202425'!$D$3:$Y$3,0))/1000)} -> -1 | E56: =VLOOKUP(A56,Brazil!A:ZZ,52,FALSE) -> 50 | F56: ='Corn World-Major'!G59/1000 -> 43 | G56: {=F56-(INDEX('Historic WASDE MY 202526'!$D$4:$R$200,MATCH(A56&A43,'Historic WASDE MY 202526'!$B$4:$B$200&'Historic WASDE MY 202526'!$C$4:$C$200,0),MATCH(G45,'Historic WASDE MY 202526'!$D$3:$X$3,0))/1000)} -> #N/A | H56: =VLOOKUP(A56,Brazil!A:ZZ,53,FALSE) -> 48
A57: Total Use | B57: =B56+B53 -> 86.067 | C57: =C56+C53 -> 134 | D57: =D56+D53 -> 2 | E57: =E56+E53 -> 140.28 | F57: =F56+F53 -> 136 | G57: =G56+G53 -> #N/A | H57: =H56+H53 -> 139.9037
A58: Ending Stocks | B58: ='Corn World-Major'!E103/1000 -> 8.482 | C58: ='Corn World-Major'!F103/1000 -> 5.982 | D58: {=C58-(INDEX('Historic WASDE MY 202425'!$D$4:$S$200,MATCH(A58&A43,'Historic WASDE MY 202425'!$B$4:$B$200&'Historic WASDE MY 202425'!$C$4:$C$200,0),MATCH(D45,'Historic WASDE MY 202425'!$D$3:$Y$3,0))/1000)} -> 3 | E58: =E52-E57 -> 9.5978 | F58: ='Corn World-Major'!G103/1000 -> 2.582 | G58: {=F58-(INDEX('Historic WASDE MY 202526'!$D$4:$R$200,MATCH(A58&A43,'Historic WASDE MY 202526'!$B$4:$B$200&'Historic WASDE MY 202526'!$C$4:$C$200,0),MATCH(G45,'Historic WASDE MY 202526'!$D$3:$X$3,0))/1000)} -> #N/A | H58: =H52-H57 -> 10.0978
A59: Stocks/Use | B59: =B58/B57 -> 0.098551129 | C59: =C58/C57 -> 0.044641791 | D59: {=C59-(((INDEX('Historic WASDE MY 202425'!$D$4:$S$200,MATCH(A58&A43,'Historic WASDE MY 202425'!$B$4:$B$200&'Historic WASDE MY 202425'!$C$4:$C$200,0),MATCH(D45,'Historic WASDE MY 202425'!$D$3:$Y$3,0))/1000))/SUM(((INDEX('Historic WASDE MY 202425'!$D$4:$S$200,MATCH(A54&A43,'Historic WASDE MY 202425'!$B$4:$B$200&'Historic WASDE MY 202425'!$C$4:$C$200,0),MATCH(D45,'Historic WASDE MY 202425'!$D$3:$Y$3,0))/1000)),((INDEX('Historic WASDE MY 202425'!$D$4:$S$200,MATCH(A55&A43,'Historic WASDE MY 202425'!$B$4:$B$200&'Historic WASDE MY 202425'!$C$4:$C$200,0),MATCH(D45,'Historic WASDE MY 202425'!$D$3:$Y$3,0))/1000)),((INDEX('Historic WASDE MY 202425'!$D$4:$S$200,MATCH(A56&A43,'Historic WASDE MY 202425'!$B$4:$B$200&'Historic WASDE MY 202425'!$C$4:$C$200,0),MATCH(D45,'Historic WASDE MY 202425'!$D$3:$Y$3,0))/1000))))} -> 0.022050882 | E59: =E58/E57 -> 0.068418877 | F59: =F58/F57 -> 0.018985294 | G59: {=F59-((INDEX('Historic WASDE MY 202526'!$D$4:$R$200,MATCH(A58&A43,'Historic WASDE MY 202526'!$B$4:$B$200&'Historic WASDE MY 202526'!$C$4:$C$200,0),MATCH(G45,'Historic WASDE MY 202526'!$D$3:$X$3,0))/1000))/SUM(((INDEX('Historic WASDE MY 202526'!$D$4:$R$200,MATCH(A54&A43,'Historic WASDE MY 202526'!$B$4:$B$200&'Historic WASDE MY 202526'!$C$4:$C$200,0),MATCH(G45,'Historic WASDE MY 202526'!$D$3:$X$3,0))/1000)),((INDEX('Historic WASDE MY 202526'!$D$4:$R$200,MATCH(A55&A43,'Historic WASDE MY 202526'!$B$4:$B$200&'Historic WASDE MY 202526'!$C$4:$C$200,0),MATCH(G45,'Historic WASDE MY 202526'!$D$3:$X$3,0))/1000)),((INDEX('Historic WASDE MY 202526'!$D$4:$R$200,MATCH(A56&A43,'Historic WASDE MY 202526'!$B$4:$B$200&'Historic WASDE MY 202526'!$C$4:$C$200,0),MATCH(G45,'Historic WASDE MY 202526'!$D$3:$X$3,0))/1000)))} -> #N/A | H59: =H58/H57 -> 0.07217679
A61: CANADA CORN SUPPLY AND DEMAND (Million Tonnes/Million Hectares)
A63: Canada | B63: 23/24 | C63: 24/25 | F63: 25/26
A64: Marketing Year - Sep to Aug | B64: USDA | C64: USDA | D64: Change from | E64: Fastmarkets | F64: USDA | G64: =D64 -> Change from | H64: =E64 -> Fastmarkets
D65: =D25 -> 45748 | G65: =D65 -> 45748
A66: Planted Area
A67: Harvested Area | B67: ='Corn World-Major'!E5/1000 -> 1.519 | C67: ='Corn World-Major'!F5/1000 -> 1.449 | D67: {=C67-(INDEX('Historic WASDE MY 202425'!$D$4:$S$200,MATCH(A67&A63,'Historic WASDE MY 202425'!$B$4:$B$200&'Historic WASDE MY 202425'!$C$4:$C$200,0),MATCH(D65,'Historic WASDE MY 202425'!$D$3:$Y$3,0))/1000)} -> 0 | E67: =VLOOKUP(A67,Canada!A:ZZ,30,FALSE) -> 1.4430164 | F67: ='Corn World-Major'!G5/1000 -> 1.46 | G67: {=F67-(INDEX('Historic WASDE MY 202526'!$D$4:$R$200,MATCH(A67&A63,'Historic WASDE MY 202526'!$B$4:$B$200&'Historic WASDE MY 202526'!$C$4:$C$200,0),MATCH(G65,'Historic WASDE MY 202526'!$D$3:$X$3,0))/1000)} -> #N/A | H67: =VLOOKUP(A67,Canada!A:ZZ,31,FALSE) -> 1.5107299
A68: Yield | B68: ='Corn World-Major'!E126 -> 10.15 | C68: ='Corn World-Major'!F126 -> 10.59 | D68: {=C68-(INDEX('Historic WASDE MY 202425'!$D$4:$S$200,MATCH(A68&A63,'Historic WASDE MY 202425'!$B$4:$B$200&'Historic WASDE MY 202425'!$C$4:$C$200,0),MATCH(D65,'Historic WASDE MY 202425'!$D$3:$Y$3,0)))} -> 0 | E68: =VLOOKUP(A68,Canada!A:ZZ,30,FALSE) -> 10.633975 | F68: ='Corn World-Major'!G126 -> 10.07 | G68: {=F68-(INDEX('Historic WASDE MY 202526'!$D$4:$R$200,MATCH(A68&A63,'Historic WASDE MY 202526'!$B$4:$B$200&'Historic WASDE MY 202526'!$C$4:$C$200,0),MATCH(G65,'Historic WASDE MY 202526'!$D$3:$X$3,0)))} -> #N/A | H68: =VLOOKUP(A68,Canada!A:ZZ,31,FALSE) -> 10.281755
A69: Beginning Stocks | B69: ='Corn World-Major'!E16/1000 -> 1.628 | C69: ='Corn World-Major'!F16/1000 -> 1.996 | D69: {=C69-(INDEX('Historic WASDE MY 202425'!$D$4:$S$200,MATCH(A69&A63,'Historic WASDE MY 202425'!$B$4:$B$200&'Historic WASDE MY 202425'!$C$4:$C$200,0),MATCH(D65,'Historic WASDE MY 202425'!$D$3:$Y$3,0))/1000)} -> 0 | E69: =B78 -> 1.996 | F69: ='Corn World-Major'!G16/1000 -> 1.941 | G69: {=F69-(INDEX('Historic WASDE MY 202526'!$D$4:$R$200,MATCH(A69&A63,'Historic WASDE MY 202526'!$B$4:$B$200&'Historic WASDE MY 202526'!$C$4:$C$200,0),MATCH(G65,'Historic WASDE MY 202526'!$D$3:$X$3,0))/1000)} -> #N/A | H69: =E78 -> 1.6757061
A70: Production | B70: ='Corn World-Major'!E27/1000 -> 15.421 | C70: ='Corn World-Major'!F27/1000 -> 15.345 | D70: {=C70-(INDEX('Historic WASDE MY 202425'!$D$4:$S$200,MATCH(A70&A63,'Historic WASDE MY 202425'!$B$4:$B$200&'Historic WASDE MY 202425'!$C$4:$C$200,0),MATCH(D65,'Historic WASDE MY 202425'!$D$3:$Y$3,0))/1000)} -> 0 | E70: =VLOOKUP(A70,Canada!A:ZZ,30,FALSE) -> 15.345 | F70: ='Corn World-Major'!G27/1000 -> 14.7 | G70: {=F70-(INDEX('Historic WASDE MY 202526'!$D$4:$R$200,MATCH(A70&A63,'Historic WASDE MY 202526'!$B$4:$B$200&'Historic WASDE MY 202526'!$C$4:$C$200,0),MATCH(G65,'Historic WASDE MY 202526'!$D$3:$X$3,0))/1000)} -> #N/A | H70: =VLOOKUP(A70,Canada!A:ZZ,31,FALSE) -> 15.532955
A71: Imports | B71: ='Corn World-Major'!E38/1000 -> 2.814 | C71: ='Corn World-Major'!F38/1000 -> 2.2 | D71: {=C71-(INDEX('Historic WASDE MY 202425'!$D$4:$S$200,MATCH(A71&A63,'Historic WASDE MY 202425'!$B$4:$B$200&'Historic WASDE MY 202425'!$C$4:$C$200,0),MATCH(D65,'Historic WASDE MY 202425'!$D$3:$Y$3,0))/1000)} -> 0 | E71: =VLOOKUP(A71,Canada!A:ZZ,30,FALSE) -> 2.1886703 | F71: ='Corn World-Major'!G38/1000 -> 2.5 | G71: {=F71-(INDEX('Historic WASDE MY 202526'!$D$4:$R$200,MATCH(A71&A63,'Historic WASDE MY 202526'!$B$4:$B$200&'Historic WASDE MY 202526'!$C$4:$C$200,0),MATCH(G65,'Historic WASDE MY 202526'!$D$3:$X$3,0))/1000)} -> #N/A | H71: =VLOOKUP(A71,Canada!A:ZZ,31,FALSE) -> 2.3321847
A72: Total Supply | B72: =SUM(B69:B71) -> 19.863 | C72: =SUM(C69:C71) -> 19.541 | D72: =SUM(D69:D71) -> 0 | E72: =SUM(E69:E71) -> 19.52967 | F72: =SUM(F69:F71) -> 19.141 | G72: =G71+G70+G69 -> #N/A | H72: =SUM(H69:H71) -> 19.540846
A73: Domestic Use | B73: =B74+B75 -> 15.8 | C73: =C74+C75 -> 15.4 | D73: =D74+D75 -> 0 | E73: =E74+E75 -> 15.7472 | F73: =F74+F75 -> 15.1 | G73: =G74+G75 -> #N/A | H73: =H74+H75 -> 15.35712
A74: Feed & Residual | B74: ='Corn World-Major'!E71/1000 -> 9.785 | C74: ='Corn World-Major'!F71/1000 -> 9.6 | D74: {=C74-(INDEX('Historic WASDE MY 202425'!$D$4:$S$200,MATCH(A74&A63,'Historic WASDE MY 202425'!$B$4:$B$200&'Historic WASDE MY 202425'!$C$4:$C$200,0),MATCH(D65,'Historic WASDE MY 202425'!$D$3:$Y$3,0))/1000)} -> 0 | E74: =VLOOKUP(A74,Canada!A:ZZ,30,FALSE) -> 9.9788733 | F74: ='Corn World-Major'!G71/1000 -> 9.6 | G74: {=F74-(INDEX('Historic WASDE MY 202526'!$D$4:$R$200,MATCH(A74&A63,'Historic WASDE MY 202526'!$B$4:$B$200&'Historic WASDE MY 202526'!$C$4:$C$200,0),MATCH(G65,'Historic WASDE MY 202526'!$D$3:$X$3,0))/1000)} -> #N/A | H74: =VLOOKUP(A74,Canada!A:ZZ,31,FALSE) -> 9.490056
A75: Food/Seed/Industrial | B75: ='Corn World-Major'!E82/1000 -> 6.015 | C75: ='Corn World-Major'!F82/1000 -> 5.8 | D75: {=C75-(INDEX('Historic WASDE MY 202425'!$D$4:$S$200,MATCH(A75&A63,'Historic WASDE MY 202425'!$B$4:$B$200&'Historic WASDE MY 202425'!$C$4:$C$200,0),MATCH(D65,'Historic WASDE MY 202425'!$D$3:$Y$3,0))/1000)} -> 0 | E75: =VLOOKUP(A75,Canada!A:ZZ,30,FALSE) -> 5.7683267 | F75: ='Corn World-Major'!G82/1000 -> 5.5 | G75: {=F75-(INDEX('Historic WASDE MY 202526'!$D$4:$R$200,MATCH(A75&A63,'Historic WASDE MY 202526'!$B$4:$B$200&'Historic WASDE MY 202526'!$C$4:$C$200,0),MATCH(G65,'Historic WASDE MY 202526'!$D$3:$X$3,0))/1000)} -> #N/A | H75: =VLOOKUP(A75,Canada!A:ZZ,31,FALSE) -> 5.867064
A76: Exports | B76: ='Corn World-Major'!E61/1000 -> 0.003 | C76: ='Corn World-Major'!F60/1000 -> 2.2 | D76: {=C76-(INDEX('Historic WASDE MY 202425'!$D$4:$S$200,MATCH(A76&A63,'Historic WASDE MY 202425'!$B$4:$B$200&'Historic WASDE MY 202425'!$C$4:$C$200,0),MATCH(D65,'Historic WASDE MY 202425'!$D$3:$Y$3,0))/1000)} -> 0 | E76: =VLOOKUP(A76,Canada!A:ZZ,30,FALSE) -> 2.1067642 | F76: ='Corn World-Major'!G60/1000 -> 2.1 | G76: {=F76-(INDEX('Historic WASDE MY 202526'!$D$4:$R$200,MATCH(A76&A63,'Historic WASDE MY 202526'!$B$4:$B$200&'Historic WASDE MY 202526'!$C$4:$C$200,0),MATCH(G65,'Historic WASDE MY 202526'!$D$3:$X$3,0))/1000)} -> #N/A | H76: =VLOOKUP(A76,Canada!A:ZZ,31,FALSE) -> 2.1549593
A77: Total Use | B77: =B76+B73 -> 15.803 | C77: =C76+C73 -> 17.6 | D77: =D76+D73 -> 0 | E77: =E76+E73 -> 17.853964 | F77: =F76+F73 -> 17.2 | G77: =G76+G73 -> #N/A | H77: =H76+H73 -> 17.512079
A78: Ending Stocks | B78: ='Corn World-Major'!E104/1000 -> 1.996 | C78: ='Corn World-Major'!F104/1000 -> 1.941 | D78: {=C78-(INDEX('Historic WASDE MY 202425'!$D$4:$S$200,MATCH(A78&A63,'Historic WASDE MY 202425'!$B$4:$B$200&'Historic WASDE MY 202425'!$C$4:$C$200,0),MATCH(D65,'Historic WASDE MY 202425'!$D$3:$Y$3,0))/1000)} -> 0 | E78: =E72-E77 -> 1.6757061 | F78: ='Corn World-Major'!G104/1000 -> 1.941 | G78: {=F78-(INDEX('Historic WASDE MY 202526'!$D$4:$R$200,MATCH(A78&A63,'Historic WASDE MY 202526'!$B$4:$B$200&'Historic WASDE MY 202526'!$C$4:$C$200,0),MATCH(G65,'Historic WASDE MY 202526'!$D$3:$X$3,0))/1000)} -> #N/A | H78: =H72-H77 -> 2.0287663
A79: Stocks/Use | B79: =B78/B77 -> 0.12630513 | C79: =C78/C77 -> 0.11028409 | D79: {=C79-(((INDEX('Historic WASDE MY 202425'!$D$4:$S$200,MATCH(A78&A63,'Historic WASDE MY 202425'!$B$4:$B$200&'Historic WASDE MY 202425'!$C$4:$C$200,0),MATCH(D65,'Historic WASDE MY 202425'!$D$3:$Y$3,0))/1000))/SUM(((INDEX('Historic WASDE MY 202425'!$D$4:$S$200,MATCH(A74&A63,'Historic WASDE MY 202425'!$B$4:$B$200&'Historic WASDE MY 202425'!$C$4:$C$200,0),MATCH(D65,'Historic WASDE MY 202425'!$D$3:$Y$3,0))/1000)),((INDEX('Historic WASDE MY 202425'!$D$4:$S$200,MATCH(A75&A63,'Historic WASDE MY 202425'!$B$4:$B$200&'Historic WASDE MY 202425'!$C$4:$C$200,0),MATCH(D65,'Historic WASDE MY 202425'!$D$3:$Y$3,0))/1000)),((INDEX('Historic WASDE MY 202425'!$D$4:$S$200,MATCH(A76&A63,'Historic WASDE MY 202425'!$B$4:$B$200&'Historic WASDE MY 202425'!$C$4:$C$200,0),MATCH(D65,'Historic WASDE MY 202425'!$D$3:$Y$3,0))/1000))))} -> 0 | E79: =E78/E77 -> 0.09385625 | F79: =F78/F77 -> 0.11284884 | G79: {=F79-((INDEX('Historic WASDE MY 202526'!$D$4:$R$200,MATCH(A78&A63,'Historic WASDE MY 202526'!$B$4:$B$200&'Historic WASDE MY 202526'!$C$4:$C$200,0),MATCH(G65,'Historic WASDE MY 202526'!$D$3:$X$3,0))/1000))/SUM(((INDEX('Historic WASDE MY 202526'!$D$4:$R$200,MATCH(A74&A63,'Historic WASDE MY 202526'!$B$4:$B$200&'Historic WASDE MY 202526'!$C$4:$C$200,0),MATCH(G65,'Historic WASDE MY 202526'!$D$3:$X$3,0))/1000)),((INDEX('Historic WASDE MY 202526'!$D$4:$R$200,MATCH(A75&A63,'Historic WASDE MY 202526'!$B$4:$B$200&'Historic WASDE MY 202526'!$C$4:$C$200,0),MATCH(G65,'Historic WASDE MY 202526'!$D$3:$X$3,0))/1000)),((INDEX('Historic WASDE MY 202526'!$D$4:$R$200,MATCH(A76&A63,'Historic WASDE MY 202526'!$B$4:$B$200&'Historic WASDE MY 202526'!$C$4:$C$200,0),MATCH(G65,'Historic WASDE MY 202526'!$D$3:$X$3,0))/1000)))} -> #N/A | H79: =H78/H77 -> 0.11584954
A81: CHINA CORN SUPPLY AND DEMAND (Million Tonnes/Million Hectares)
A83: China | B83: 23/24 | C83: 24/25 | F83: 25/26
A84: Marketing Year - Oct to Sep | B84: USDA | C84: USDA | D84: Change from | E84: Fastmarkets | F84: USDA | G84: =D84 -> Change from | H84: =E84 -> Fastmarkets
D85: =D45 -> 45748 | G85: =D85 -> 45748
A86: Planted Area
A87: Harvested Area | B87: ='Corn World-Major'!E6/1000 -> 44.218 | C87: ='Corn World-Major'!F6/1000 -> 44.741 | D87: {=C87-(INDEX('Historic WASDE MY 202425'!$D$4:$S$200,MATCH(A87&A83,'Historic WASDE MY 202425'!$B$4:$B$200&'Historic WASDE MY 202425'!$C$4:$C$200,0),MATCH(D85,'Historic WASDE MY 202425'!$D$3:$Y$3,0))/1000)} -> 0 | E87: =VLOOKUP(A87,China!A:ZZ,51,FALSE) -> 44.622067 | F87: ='Corn World-Major'!G6/1000 -> 44.3 | G87: {=F87-(INDEX('Historic WASDE MY 202526'!$D$4:$R$200,MATCH(A87&A83,'Historic WASDE MY 202526'!$B$4:$B$200&'Historic WASDE MY 202526'!$C$4:$C$200,0),MATCH(G85,'Historic WASDE MY 202526'!$D$3:$X$3,0))/1000)} -> #N/A | H87: =VLOOKUP(A87,China!A:ZZ,52,FALSE) -> 45.28156
A88: Yield | B88: ='Corn World-Major'!E127 -> 6.53 | C88: ='Corn World-Major'!F127 -> 6.59 | D88: {=C88-(INDEX('Historic WASDE MY 202425'!$D$4:$S$200,MATCH(A88&A83,'Historic WASDE MY 202425'!$B$4:$B$200&'Historic WASDE MY 202425'!$C$4:$C$200,0),MATCH(D85,'Historic WASDE MY 202425'!$D$3:$Y$3,0)))} -> 0 | E88: =VLOOKUP(A88,China!A:ZZ,51,FALSE) -> 6.6090202 | F88: ='Corn World-Major'!G127 -> 6.66 | G88: {=F88-(INDEX('Historic WASDE MY 202526'!$D$4:$R$200,MATCH(A88&A83,'Historic WASDE MY 202526'!$B$4:$B$200&'Historic WASDE MY 202526'!$C$4:$C$200,0),MATCH(G85,'Historic WASDE MY 202526'!$D$3:$X$3,0)))} -> #N/A | H88: =VLOOKUP(A88,China!A:ZZ,52,FALSE) -> 6.6478832
A89: Beginning Stocks | B89: ='Corn World-Major'!E17/1000 -> 206.04 | C89: ='Corn World-Major'!F17/1000 -> 211.286 | D89: {=C89-(INDEX('Historic WASDE MY 202425'!$D$4:$S$200,MATCH(A89&A83,'Historic WASDE MY 202425'!$B$4:$B$200&'Historic WASDE MY 202425'!$C$4:$C$200,0),MATCH(D85,'Historic WASDE MY 202425'!$D$3:$Y$3,0))/1000)} -> 0 | E89: =B98 -> 211.286 | F89: ='Corn World-Major'!G17/1000 -> 198.183 | G89: {=F89-(INDEX('Historic WASDE MY 202526'!$D$4:$R$200,MATCH(A89&A83,'Historic WASDE MY 202526'!$B$4:$B$200&'Historic WASDE MY 202526'!$C$4:$C$200,0),MATCH(G85,'Historic WASDE MY 202526'!$D$3:$X$3,0))/1000)} -> #N/A | H89: =E98 -> 209.286
A90: Production | B90: ='Corn World-Major'!E28/1000 -> 288.842 | C90: ='Corn World-Major'!F28/1000 -> 294.917 | D90: {=C90-(INDEX('Historic WASDE MY 202425'!$D$4:$S$200,MATCH(A90&A83,'Historic WASDE MY 202425'!$B$4:$B$200&'Historic WASDE MY 202425'!$C$4:$C$200,0),MATCH(D85,'Historic WASDE MY 202425'!$D$3:$Y$3,0))/1000)} -> 0 | E90: =VLOOKUP(A90,China!A:ZZ,51,FALSE) -> 295 | F90: ='Corn World-Major'!G28/1000 -> 295 | G90: {=F90-(INDEX('Historic WASDE MY 202526'!$D$4:$R$200,MATCH(A90&A83,'Historic WASDE MY 202526'!$B$4:$B$200&'Historic WASDE MY 202526'!$C$4:$C$200,0),MATCH(G85,'Historic WASDE MY 202526'!$D$3:$X$3,0))/1000)} -> #N/A | H90: =VLOOKUP(A90,China!A:ZZ,52,FALSE) -> 301.02652
A91: Imports | B91: ='Corn World-Major'!E39/1000 -> 23.407 | C91: ='Corn World-Major'!F39/1000 -> 8 | D91: {=C91-(INDEX('Historic WASDE MY 202425'!$D$4:$S$200,MATCH(A91&A83,'Historic WASDE MY 202425'!$B$4:$B$200&'Historic WASDE MY 202425'!$C$4:$C$200,0),MATCH(D85,'Historic WASDE MY 202425'!$D$3:$Y$3,0))/1000)} -> 0 | E91: =VLOOKUP(A91,China!A:ZZ,51,FALSE) -> 7.5 | F91: ='Corn World-Major'!G39/1000 -> 10 | G91: {=F91-(INDEX('Historic WASDE MY 202526'!$D$4:$R$200,MATCH(A91&A83,'Historic WASDE MY 202526'!$B$4:$B$200&'Historic WASDE MY 202526'!$C$4:$C$200,0),MATCH(G85,'Historic WASDE MY 202526'!$D$3:$X$3,0))/1000)} -> #N/A | H91: =VLOOKUP(A91,China!A:ZZ,52,FALSE) -> 10
A92: Total Supply | B92: =SUM(B89:B91) -> 518.289 | C92: =SUM(C89:C91) -> 514.203 | D92: =SUM(D89:D91) -> 0 | E92: =SUM(E89:E91) -> 513.786 | F92: =SUM(F89:F91) -> 503.183 | G92: =G91+G90+G89 -> #N/A | H92: =SUM(H89:H91) -> 520.31252
A93: Domestic Use | B93: =B94+B95 -> 307 | C93: =C94+C95 -> 316 | D93: =D94+D95 -> 3 | E93: =E94+E95 -> 304.5 | F93: =F94+F95 -> 321 | G93: =G94+G95 -> #N/A | H93: =H94+H95 -> 306.02652
A94: Feed & Residual | B94: ='Corn World-Major'!E72/1000 -> 225 | C94: ='Corn World-Major'!F72/1000 -> 234 | D94: {=C94-(INDEX('Historic WASDE MY 202425'!$D$4:$S$200,MATCH(A94&A83,'Historic WASDE MY 202425'!$B$4:$B$200&'Historic WASDE MY 202425'!$C$4:$C$200,0),MATCH(D85,'Historic WASDE MY 202425'!$D$3:$Y$3,0))/1000)} -> 3 | E94: =VLOOKUP(A94,China!A:ZZ,51,FALSE) -> 223.5 | F94: ='Corn World-Major'!G72/1000 -> 239 | G94: {=F94-(INDEX('Historic WASDE MY 202526'!$D$4:$R$200,MATCH(A94&A83,'Historic WASDE MY 202526'!$B$4:$B$200&'Historic WASDE MY 202526'!$C$4:$C$200,0),MATCH(G85,'Historic WASDE MY 202526'!$D$3:$X$3,0))/1000)} -> #N/A | H94: =VLOOKUP(A94,China!A:ZZ,52,FALSE) -> 225.02652
A95: Food/Seed/Industrial | B95: ='Corn World-Major'!E83/1000 -> 82 | C95: ='Corn World-Major'!F83/1000 -> 82 | D95: {=C95-(INDEX('Historic WASDE MY 202425'!$D$4:$S$200,MATCH(A95&A83,'Historic WASDE MY 202425'!$B$4:$B$200&'Historic WASDE MY 202425'!$C$4:$C$200,0),MATCH(D85,'Historic WASDE MY 202425'!$D$3:$Y$3,0))/1000)} -> 0 | E95: =VLOOKUP(A95,China!A:ZZ,51,FALSE) -> 81 | F95: ='Corn World-Major'!G83/1000 -> 82 | G95: {=F95-(INDEX('Historic WASDE MY 202526'!$D$4:$R$200,MATCH(A95&A83,'Historic WASDE MY 202526'!$B$4:$B$200&'Historic WASDE MY 202526'!$C$4:$C$200,0),MATCH(G85,'Historic WASDE MY 202526'!$D$3:$X$3,0))/1000)} -> #N/A | H95: =VLOOKUP(A95,China!A:ZZ,52,FALSE) -> 81
A96: Exports | B96: ='Corn World-Major'!E62/1000 -> 4.389 | C96: ='Corn World-Major'!F61/1000 -> 0.02 | D96: {=C96-(INDEX('Historic WASDE MY 202425'!$D$4:$S$200,MATCH(A96&A83,'Historic WASDE MY 202425'!$B$4:$B$200&'Historic WASDE MY 202425'!$C$4:$C$200,0),MATCH(D85,'Historic WASDE MY 202425'!$D$3:$Y$3,0))/1000)} -> 0 | E96: =VLOOKUP(A96,China!A:ZZ,51,FALSE) -> 0 | F96: ='Corn World-Major'!G61/1000 -> 0.02 | G96: {=F96-(INDEX('Historic WASDE MY 202526'!$D$4:$R$200,MATCH(A96&A83,'Historic WASDE MY 202526'!$B$4:$B$200&'Historic WASDE MY 202526'!$C$4:$C$200,0),MATCH(G85,'Historic WASDE MY 202526'!$D$3:$X$3,0))/1000)} -> #N/A | H96: =VLOOKUP(A96,China!A:ZZ,52,FALSE) -> 0
A97: Total Use | B97: =B96+B93 -> 311.389 | C97: =C96+C93 -> 316.02 | D97: =D96+D93 -> 3 | E97: =E96+E93 -> 304.5 | F97: =F96+F93 -> 321.02 | G97: =G96+G93 -> #N/A | H97: =H96+H93 -> 306.02652
A98: Ending Stocks | B98: ='Corn World-Major'!E105/1000 -> 211.286 | C98: ='Corn World-Major'!F105/1000 -> 198.183 | D98: {=C98-(INDEX('Historic WASDE MY 202425'!$D$4:$S$200,MATCH(A98&A83,'Historic WASDE MY 202425'!$B$4:$B$200&'Historic WASDE MY 202425'!$C$4:$C$200,0),MATCH(D85,'Historic WASDE MY 202425'!$D$3:$Y$3,0))/1000)} -> -3 | E98: =E92-E97 -> 209.286 | F98: ='Corn World-Major'!G105/1000 -> 182.163 | G98: {=F98-(INDEX('Historic WASDE MY 202526'!$D$4:$R$200,MATCH(A98&A83,'Historic WASDE MY 202526'!$B$4:$B$200&'Historic WASDE MY 202526'!$C$4:$C$200,0),MATCH(G85,'Historic WASDE MY 202526'!$D$3:$X$3,0))/1000)} -> #N/A | H98: =H92-H97 -> 214.286
A99: Stocks/Use | B99: =B98/B97 -> 0.6785275 | C99: =C98/C97 -> 0.6271217 | D99: {=C99-(((INDEX('Historic WASDE MY 202425'!$D$4:$S$200,MATCH(A98&A83,'Historic WASDE MY 202425'!$B$4:$B$200&'Historic WASDE MY 202425'!$C$4:$C$200,0),MATCH(D85,'Historic WASDE MY 202425'!$D$3:$Y$3,0))/1000))/SUM(((INDEX('Historic WASDE MY 202425'!$D$4:$S$200,MATCH(A94&A83,'Historic WASDE MY 202425'!$B$4:$B$200&'Historic WASDE MY 202425'!$C$4:$C$200,0),MATCH(D85,'Historic WASDE MY 202425'!$D$3:$Y$3,0))/1000)),((INDEX('Historic WASDE MY 202425'!$D$4:$S$200,MATCH(A95&A83,'Historic WASDE MY 202425'!$B$4:$B$200&'Historic WASDE MY 202425'!$C$4:$C$200,0),MATCH(D85,'Historic WASDE MY 202425'!$D$3:$Y$3,0))/1000)),((INDEX('Historic WASDE MY 202425'!$D$4:$S$200,MATCH(A96&A83,'Historic WASDE MY 202425'!$B$4:$B$200&'Historic WASDE MY 202425'!$C$4:$C$200,0),MATCH(D85,'Historic WASDE MY 202425'!$D$3:$Y$3,0))/1000))))} -> -0.015594419 | E99: =E98/E97 -> 0.68731034 | F99: =F98/F97 -> 0.56745063 | G99: {=F99-((INDEX('Historic WASDE MY 202526'!$D$4:$R$200,MATCH(A98&A83,'Historic WASDE MY 202526'!$B$4:$B$200&'Historic WASDE MY 202526'!$C$4:$C$200,0),MATCH(G85,'Historic WASDE MY 202526'!$D$3:$X$3,0))/1000))/SUM(((INDEX('Historic WASDE MY 202526'!$D$4:$R$200,MATCH(A94&A83,'Historic WASDE MY 202526'!$B$4:$B$200&'Historic WASDE MY 202526'!$C$4:$C$200,0),MATCH(G85,'Historic WASDE MY 202526'!$D$3:$X$3,0))/1000)),((INDEX('Historic WASDE MY 202526'!$D$4:$R$200,MATCH(A95&A83,'Historic WASDE MY 202526'!$B$4:$B$200&'Historic WASDE MY 202526'!$C$4:$C$200,0),MATCH(G85,'Historic WASDE MY 202526'!$D$3:$X$3,0))/1000)),((INDEX('Historic WASDE MY 202526'!$D$4:$R$200,MATCH(A96&A83,'Historic WASDE MY 202526'!$B$4:$B$200&'Historic WASDE MY 202526'!$C$4:$C$200,0),MATCH(G85,'Historic WASDE MY 202526'!$D$3:$X$3,0))/1000)))} -> #N/A | H99: =H98/H97 -> 0.70022035
A101: EU 27 CORN SUPPLY AND DEMAND (Million Tonnes/Million Hectares)
A103: EU 27 | B103: 23/24 | C103: 24/25 | F103: 25/26
A104: Marketing Year - Oct to Sep | B104: USDA | C104: USDA | D104: Change from | E104: Fastmarkets | F104: USDA | G104: =D104 -> Change from | H104: =E104 -> Fastmarkets
D105: =D65 -> 45748 | G105: =D105 -> 45748
A106: Planted Area
A107: Harvested Area | B107: ='Corn World-Major'!E7/1000 -> 8.283 | C107: ='Corn World-Major'!F7/1000 -> 8.704 | D107: {=C107-(INDEX('Historic WASDE MY 202425'!$D$4:$S$200,MATCH(A107&A103,'Historic WASDE MY 202425'!$B$4:$B$200&'Historic WASDE MY 202425'!$C$4:$C$200,0),MATCH(D105,'Historic WASDE MY 202425'!$D$3:$Y$3,0))/1000)} -> 0 | E107: =VLOOKUP(A107,'EU27'!A:ZZ,51,FALSE) -> 8.6136333 | F107: ='Corn World-Major'!G7/1000 -> 8.25 | G107: {=F107-(INDEX('Historic WASDE MY 202526'!$D$4:$R$200,MATCH(A107&A103,'Historic WASDE MY 202526'!$B$4:$B$200&'Historic WASDE MY 202526'!$C$4:$C$200,0),MATCH(G105,'Historic WASDE MY 202526'!$D$3:$X$3,0))/1000)} -> #N/A | H107: =VLOOKUP(A107,'EU27'!A:ZZ,52,FALSE) -> 8.7794881
A108: Yield | B108: ='Corn World-Major'!E128 -> 7.48 | C108: ='Corn World-Major'!F128 -> 6.81 | D108: {=C108-(INDEX('Historic WASDE MY 202425'!$D$4:$S$200,MATCH(A108&A103,'Historic WASDE MY 202425'!$B$4:$B$200&'Historic WASDE MY 202425'!$C$4:$C$200,0),MATCH(D105,'Historic WASDE MY 202425'!$D$3:$Y$3,0)))} -> 0 | E108: =VLOOKUP(A108,'EU27'!A:ZZ,51,FALSE) -> 6.5825881 | F108: ='Corn World-Major'!G128 -> 7.27 | G108: {=F108-(INDEX('Historic WASDE MY 202526'!$D$4:$R$200,MATCH(A108&A103,'Historic WASDE MY 202526'!$B$4:$B$200&'Historic WASDE MY 202526'!$C$4:$C$200,0),MATCH(G105,'Historic WASDE MY 202526'!$D$3:$X$3,0)))} -> #N/A | H108: =VLOOKUP(A108,'EU27'!A:ZZ,52,FALSE) -> 7.0347031
A109: Beginning Stocks | B109: ='Corn World-Major'!E18/1000 -> 8.024 | C109: ='Corn World-Major'!F18/1000 -> 7.314 | D109: {=C109-(INDEX('Historic WASDE MY 202425'!$D$4:$S$200,MATCH(A109&A103,'Historic WASDE MY 202425'!$B$4:$B$200&'Historic WASDE MY 202425'!$C$4:$C$200,0),MATCH(D105,'Historic WASDE MY 202425'!$D$3:$Y$3,0))/1000)} -> 0 | E109: =B118 -> 7.314 | F109: ='Corn World-Major'!G18/1000 -> 6.326 | G109: {=F109-(INDEX('Historic WASDE MY 202526'!$D$4:$R$200,MATCH(A109&A103,'Historic WASDE MY 202526'!$B$4:$B$200&'Historic WASDE MY 202526'!$C$4:$C$200,0),MATCH(G105,'Historic WASDE MY 202526'!$D$3:$X$3,0))/1000)} -> #N/A | H109: =E118 -> 10.804745
A110: Production | B110: ='Corn World-Major'!E29/1000 -> 61.947 | C110: ='Corn World-Major'!F29/1000 -> 59.312 | D110: {=C110-(INDEX('Historic WASDE MY 202425'!$D$4:$S$200,MATCH(A110&A103,'Historic WASDE MY 202425'!$B$4:$B$200&'Historic WASDE MY 202425'!$C$4:$C$200,0),MATCH(D105,'Historic WASDE MY 202425'!$D$3:$Y$3,0))/1000)} -> 0 | E110: =VLOOKUP(A110,'EU27'!A:ZZ,51,FALSE) -> 56.7 | F110: ='Corn World-Major'!G29/1000 -> 60 | G110: {=F110-(INDEX('Historic WASDE MY 202526'!$D$4:$R$200,MATCH(A110&A103,'Historic WASDE MY 202526'!$B$4:$B$200&'Historic WASDE MY 202526'!$C$4:$C$200,0),MATCH(G105,'Historic WASDE MY 202526'!$D$3:$X$3,0))/1000)} -> #N/A | H110: =VLOOKUP(A110,'EU27'!A:ZZ,52,FALSE) -> 61.761092
A111: Imports | B111: ='Corn World-Major'!E40/1000 -> 19.832 | C111: ='Corn World-Major'!F40/1000 -> 20 | D111: {=C111-(INDEX('Historic WASDE MY 202425'!$D$4:$S$200,MATCH(A111&A103,'Historic WASDE MY 202425'!$B$4:$B$200&'Historic WASDE MY 202425'!$C$4:$C$200,0),MATCH(D105,'Historic WASDE MY 202425'!$D$3:$Y$3,0))/1000)} -> 0 | E111: =VLOOKUP(A111,'EU27'!A:ZZ,51,FALSE) -> 20 | F111: ='Corn World-Major'!G40/1000 -> 20.5 | G111: {=F111-(INDEX('Historic WASDE MY 202526'!$D$4:$R$200,MATCH(A111&A103,'Historic WASDE MY 202526'!$B$4:$B$200&'Historic WASDE MY 202526'!$C$4:$C$200,0),MATCH(G105,'Historic WASDE MY 202526'!$D$3:$X$3,0))/1000)} -> #N/A | H111: =VLOOKUP(A111,'EU27'!A:ZZ,52,FALSE) -> 19
...

Sheet FM World
A1: WORLD CORN SUPPLY AND DEMAND (Milllion Tonnes/Million Hectares)
A2: BR | B2: 00/01 | C2: 01/02 | D2: 02/03 | E2: 03/04 | F2: 04/05 | G2: 05/06 | H2: 06/07 | I2: 07/08 | J2: 08/09 | K2: 09/10 | L2: 10/11 | M2: 11/12 | N2: 12/13 | O2: 13/14 | P2: 14/15 | Q2: 15/16 | R2: 16/17 | S2: 17/18 | T2: 18/19 | U2: 19/20 | V2: 20/21 | W2: 21/22 | X2: 22/23 | Y2: 23/24 | Z2: 24/25 | AA2: 25/26
B3: 2000 | C3: 2001 | D3: 2002 | E3: 2003 | F3: 2004 | G3: 2005 | H3: 2006 | I3: 2007 | J3: 2008 | K3: 2009 | L3: 2010 | M3: 2011 | N3: 2012 | O3: 2013 | P3: 2014 | Q3: 2015 | R3: 2016 | S3: 2017 | T3: 2018 | U3: 2019 | V3: 2020 | W3: 2021 | X3: 2022 | Y3: 2023 | Z3: 2024 | AA3: 2025
A4: Planted Area
A5: Harvested Area | B5: =SUM(#REF!,[2]Australia!B5,[2]Canada!F5,[2]EU27!B5,[2]Russia!B5,[2]Turkey!B5,[2]Ukraine!B5) -> #REF! | C5: =SUM(#REF!,[2]Australia!C5,[2]Canada!G5,[2]EU27!C5,[2]Russia!C5,[2]Turkey!C5,[2]Ukraine!C5) -> #REF! | D5: =SUM(#REF!,[2]Australia!D5,[2]Canada!H5,[2]EU27!D5,[2]Russia!D5,[2]Turkey!D5,[2]Ukraine!D5) -> #REF! | E5: =SUM(#REF!,[2]Australia!E5,[2]Canada!I5,[2]EU27!E5,[2]Russia!E5,[2]Turkey!E5,[2]Ukraine!E5) -> #REF! | F5: =SUM(#REF!,[2]Australia!F5,[2]Canada!J5,[2]EU27!F5,[2]Russia!F5,[2]Turkey!F5,[2]Ukraine!F5) -> #REF! | G5: =SUM(#REF!,[2]Australia!G5,[2]Canada!K5,[2]EU27!G5,[2]Russia!G5,[2]Turkey!G5,[2]Ukraine!G5) -> #REF! | H5: =SUM(#REF!,[2]Australia!H5,[2]Canada!L5,[2]EU27!H5,[2]Russia!H5,[2]Turkey!H5,[2]Ukraine!H5) -> #REF! | I5: =SUM(#REF!,[2]Australia!I5,[2]Canada!M5,[2]EU27!I5,[2]Russia!I5,[2]Turkey!I5,[2]Ukraine!I5) -> #REF! | ... W5: =SUM(#REF!,[2]Australia!W5,[2]Canada!AA5,[2]EU27!W5,[2]Russia!W5,[2]Turkey!W5,[2]Ukraine!W5) -> #REF! | X5: ='Corn World-Major'!D11/1000 -> 200.652 | Y5: =SUM('Corn World-Major'!D12/1000,Argentina!AY5,Brazil!AY4,Canada!AC5,China!AX4,'EU27'!AX5,Russia!AX4,Ukraine!AN5)+([1]Corn!AX5*0.404686) -> 203.98224 | Z5: =SUM('Corn World-Major'!F12/1000,Argentina!AZ5,Brazil!AZ4,Canada!AD5,China!AY4,'EU27'!AY5,Russia!AY4,Ukraine!AO5)+([1]Corn!AY5*0.404686) -> 203.19403 | AA5: =SUM('Corn World-Major'!G12/1000,Argentina!BA5,Brazil!BA4,Canada!AE5,China!AZ4,'EU27'!AZ5,Russia!AZ4,Ukraine!AP5)+([1]Corn!AZ5*0.404686) -> 212.5735
A6: Yield | B6: =B9/B5 -> #REF! | C6: =C9/C5 -> #REF! | D6: =D9/D5 -> #REF! | E6: =E9/E5 -> #REF! | F6: =F9/F5 -> #REF! | G6: =G9/G5 -> #REF! | H6: =H9/H5 -> #REF! | I6: =I9/I5 -> #REF! | ... AA6: =AA9/AA5 -> 4.3582347
A7: Harvested Percent | B7: =B5/B4 -> #REF! | C7: =C5/C4 -> #REF! | D7: =D5/D4 -> #REF! | E7: =E5/E4 -> #REF! | F7: =F5/F4 -> #REF! | G7: =G5/G4 -> #REF! | H7: =H5/H4 -> #REF! | I7: =I5/I4 -> #REF! | ... O7: =O5/O4 -> #REF! | P7: =P5/O4 -> #REF! | Q7: =Q5/P4 -> #REF! | R7: =R5/R4 -> #REF! | S7: =S5/S4 -> #REF! | T7: =T5/T4 -> #REF! | U7: =U5/U4 -> #REF! | V7: =V5/V4 -> #REF! | W7: =W5/W4 -> #REF! | X7: =X5/X4 -> #DIV/0! | Y7: =Y5/Y4 -> #DIV/0! | ... AA7: =AA5/AA4 -> #DIV/0!
A8: Carryin (Jul 01) | B8: =SUM(#REF!,[2]Australia!B8,[2]Canada!F8,[2]EU27!B8,[2]Russia!B8,[2]Turkey!B8,[2]Ukraine!B8) -> #REF! | C8: =B17 -> #REF! | D8: =C17 -> #REF! | E8: =D17 -> #REF! | F8: =E17 -> #REF! | G8: =F17 -> #REF! | H8: =G17 -> #REF! | I8: =H17 -> #REF! | J8: =I17 -> #REF! | ... W8: =V17 -> #REF! | X8: ='Corn World-Major'!D22/1000 -> 313.738 | Y8: =X17 -> 304.826 | Z8: =Y17 -> 319.9532 | AA8: =Z17 -> 316.05897
A9: Production | B9: =SUM(#REF!,[2]Australia!B9,[2]Canada!B9,[2]EU27!B9,[2]Russia!B9,[2]Turkey!B9,[2]Ukraine!B9) -> #REF! | C9: =SUM(#REF!,[2]Australia!C9,[2]Canada!C9,[2]EU27!C9,[2]Russia!C9,[2]Turkey!C9,[2]Ukraine!C9) -> #REF! | D9: =SUM(#REF!,[2]Australia!D9,[2]Canada!D9,[2]EU27!D9,[2]Russia!D9,[2]Turkey!D9,[2]Ukraine!D9) -> #REF! | E9: =SUM(#REF!,[2]Australia!E9,[2]Canada!E9,[2]EU27!E9,[2]Russia!E9,[2]Turkey!E9,[2]Ukraine!E9) -> #REF! | F9: =SUM(#REF!,[2]Australia!F9,[2]Canada!F9,[2]EU27!F9,[2]Russia!F9,[2]Turkey!F9,[2]Ukraine!F9) -> #REF! | G9: =SUM(#REF!,[2]Australia!G9,[2]Canada!G9,[2]EU27!G9,[2]Russia!G9,[2]Turkey!G9,[2]Ukraine!G9) -> #REF! | H9: =SUM(#REF!,[2]Australia!H9,[2]Canada!H9,[2]EU27!H9,[2]Russia!H9,[2]Turkey!H9,[2]Ukraine!H9) -> #REF! | I9: =SUM(#REF!,[2]Australia!I9,[2]Canada!I9,[2]EU27!I9,[2]Russia!I9,[2]Turkey!I9,[2]Ukraine!I9) -> #REF! | ... W9: =SUM(#REF!,[2]Australia!W9,[2]Canada!W9,[2]EU27!W9,[2]Russia!W9,[2]Turkey!W9,[2]Ukraine!W9) -> #REF! | X9: ='Corn World-Major'!D33/1000 -> 1159.689 | Y9: =SUM('Corn World-Major'!F34/1000,Argentina!AY9,Brazil!AY7,Canada!AC9,China!AX7,'EU27'!AY9,Russia!AX8,Ukraine!AN9)+[1]Corn!AY9*0.0254 -> 1207.3899 | Z9: =SUM('Corn World-Major'!G34/1000,Argentina!AZ9,Brazil!AZ7,Canada!AD9,China!AY7,'EU27'!AZ9,Russia!AY8,Ukraine!AO9)+[1]Corn!AZ9*0.0254 -> 1287.5288 | AA9: =SUM('Corn World-Major'!H34/1000,Argentina!BA9,Brazil!BA7,Canada!AE9,China!AZ7,'EU27'!BA9,Russia!AZ8,Ukraine!AP9)+[1]Corn!BA9*0.0254 -> 926.4452
A10: Imports | B10: =B54/1000 -> #REF! | C10: =C54/1000 -> #REF! | D10: =D54/1000 -> #REF! | E10: =E54/1000 -> #REF! | F10: =F54/1000 -> #REF! | G10: =G54/1000 -> #REF! | H10: =H54/1000 -> #REF! | I10: =I54/1000 -> #REF! | ... AA10: =AA54/1000 -> 30.316678
A11: Total Supply | B11: =SUM(B8:B10) -> #REF! | C11: =SUM(C8:C10) -> #REF! | D11: =SUM(D8:D10) -> #REF! | E11: =SUM(E8:E10) -> #REF! | F11: =SUM(F8:F10) -> #REF! | G11: =SUM(G8:G10) -> #REF! | H11: =SUM(H8:H10) -> #REF! | I11: =SUM(I8:I10) -> #REF! | ... AA11: =SUM(AA8:AA10) -> 1272.8209
A12: Feed & Residual | B12: =B14-B13 -> #REF! | C12: =C14-C13 -> #REF! | D12: =D14-D13 -> #REF! | E12: =E14-E13 -> #REF! | F12: =F14-F13 -> #REF! | G12: =G14-G13 -> #REF! | H12: =H14-H13 -> #REF! | I12: =I14-I13 -> #REF! | ... AA12: =AA14-AA13 -> #REF!
A13: Food/Seed/Industrial | B13: =SUM(#REF!,[2]Australia!B13:B14,[2]Canada!B14,[2]EU27!B13:B15,[2]Russia!B13,[2]Turkey!B13,[2]Ukraine!B13) -> #REF! | C13: =SUM(#REF!,[2]Australia!C13:C14,[2]Canada!C14,[2]EU27!C13:C15,[2]Russia!C13,[2]Turkey!C13,[2]Ukraine!C13) -> #REF! | D13: =SUM(#REF!,[2]Australia!D13:D14,[2]Canada!D14,[2]EU27!D13:D15,[2]Russia!D13,[2]Turkey!D13,[2]Ukraine!D13) -> #REF! | E13: =SUM(#REF!,[2]Australia!E13:E14,[2]Canada!E14,[2]EU27!E13:E15,[2]Russia!E13,[2]Turkey!E13,[2]Ukraine!E13) -> #REF! | F13: =SUM(#REF!,[2]Australia!F13:F14,[2]Canada!F14,[2]EU27!F13:F15,[2]Russia!F13,[2]Turkey!F13,[2]Ukraine!F13) -> #REF! | G13: =SUM(#REF!,[2]Australia!G13:G14,[2]Canada!G14,[2]EU27!G13:G15,[2]Russia!G13,[2]Turkey!G13,[2]Ukraine!G13) -> #REF! | H13: =SUM(#REF!,[2]Australia!H13:H14,[2]Canada!H14,[2]EU27!H13:H15,[2]Russia!H13,[2]Turkey!H13,[2]Ukraine!H13) -> #REF! | I13: =SUM(#REF!,[2]Australia!I13:I14,[2]Canada!I14,[2]EU27!I13:I15,[2]Russia!I13,[2]Turkey!I13,[2]Ukraine!I13) -> #REF! | ... W13: =SUM(#REF!,[2]Australia!W13:W14,[2]Canada!W14,[2]EU27!W13:W15,[2]Russia!W13,[2]Turkey!W13,[2]Ukraine!W13) -> #REF! | X13: ='Corn World-Major'!D88/1000 -> 429.199 | Y13: =SUM('Corn World-Major'!F89/1000,Argentina!AY13,Brazil!AY11,Canada!AC14,China!AX11,'EU27'!AX13,'EU27'!AX14,'EU27'!AX15,Russia!AX12,Ukraine!AN13)+[1]Corn!AX14*0.0254 -> 454.32115 | Z13: =SUM('Corn World-Major'!G89/1000,Argentina!AZ13,Brazil!AZ11,Canada!AD14,China!AY11,'EU27'!AY13,'EU27'!AY14,'EU27'!AY15,Russia!AY12,Ukraine!AO13)+[1]Corn!AY14*0.0254 -> 456.85125 | AA13: =SUM('Corn World-Major'!H89/1000,Argentina!BA13,Brazil!BA11,Canada!AE14,China!AZ11,'EU27'!AZ13,'EU27'!AZ14,'EU27'!AZ15,Russia!AZ12,Ukraine!AP13)+[1]Corn!AZ14*0.0254 -> 310.94437
A14: Domestic Use | B14: =B16-B15 -> #REF! | C14: =C16-C15 -> #REF! | D14: =D16-D15 -> #REF! | E14: =E16-E15 -> #REF! | F14: =F16-F15 -> #REF! | G14: =G16-G15 -> #REF! | H14: =H16-H15 -> #REF! | I14: =I16-I15 -> #REF! | ... AA14: =AA16-AA15 -> #REF!
A15: Exports | B15: =SUM(#REF!,[2]Australia!B16,[2]Canada!B15,[2]EU27!B18,[2]Russia!B15,[2]Turkey!B15,[2]Ukraine!B15) -> #REF! | C15: =SUM(#REF!,[2]Australia!C16,[2]Canada!C15,[2]EU27!C18,[2]Russia!C15,[2]Turkey!C15,[2]Ukraine!C15) -> #REF! | D15: =SUM(#REF!,[2]Australia!D16,[2]Canada!D15,[2]EU27!D18,[2]Russia!D15,[2]Turkey!D15,[2]Ukraine!D15) -> #REF! | E15: =SUM(#REF!,[2]Australia!E16,[2]Canada!E15,[2]EU27!E18,[2]Russia!E15,[2]Turkey!E15,[2]Ukraine!E15) -> #REF! | F15: =SUM(#REF!,[2]Australia!F16,[2]Canada!F15,[2]EU27!F18,[2]Russia!F15,[2]Turkey!F15,[2]Ukraine!F15) -> #REF! | G15: =SUM(#REF!,[2]Australia!G16,[2]Canada!G15,[2]EU27!G18,[2]Russia!G15,[2]Turkey!G15,[2]Ukraine!G15) -> #REF! | H15: =SUM(#REF!,[2]Australia!H16,[2]Canada!H15,[2]EU27!H18,[2]Russia!H15,[2]Turkey!H15,[2]Ukraine!H15) -> #REF! | I15: =SUM(#REF!,[2]Australia!I16,[2]Canada!I15,[2]EU27!I18,[2]Russia!I15,[2]Turkey!I15,[2]Ukraine!I15) -> #REF! | ... W15: =SUM(#REF!,[2]Australia!W16,[2]Canada!W15,[2]EU27!W18,[2]Russia!W15,[2]Turkey!W15,[2]Ukraine!W15) -> #REF! | X15: =X38/1000 -> 180.24 | Y15: =Y38/1000 -> 191.82167 | Z15: =Z38/1000 -> 185.07837 | AA15: =AA38/1000 -> #REF!
A16: Total Use | B16: =B11-B17 -> #REF! | C16: =C11-C17 -> #REF! | D16: =D11-D17 -> #REF! | E16: =E11-E17 -> #REF! | F16: =F11-F17 -> #REF! | G16: =G11-G17 -> #REF! | H16: =H11-H17 -> #REF! | I16: =I11-I17 -> #REF! | ... AA16: =AA11-AA17 -> 969.19642
A17: Carryout (Sep 30) | B17: =SUM(#REF!,[2]Australia!B18,[2]Canada!F17,[2]EU27!B20,[2]Russia!B17,[2]Turkey!B17,[2]Ukraine!B17) -> #REF! | C17: =SUM(#REF!,[2]Australia!C18,[2]Canada!G17,[2]EU27!C20,[2]Russia!C17,[2]Turkey!C17,[2]Ukraine!C17) -> #REF! | D17: =SUM(#REF!,[2]Australia!D18,[2]Canada!H17,[2]EU27!D20,[2]Russia!D17,[2]Turkey!D17,[2]Ukraine!D17) -> #REF! | E17: =SUM(#REF!,[2]Australia!E18,[2]Canada!I17,[2]EU27!E20,[2]Russia!E17,[2]Turkey!E17,[2]Ukraine!E17) -> #REF! | F17: =SUM(#REF!,[2]Australia!F18,[2]Canada!J17,[2]EU27!F20,[2]Russia!F17,[2]Turkey!F17,[2]Ukraine!F17) -> #REF! | G17: =SUM(#REF!,[2]Australia!G18,[2]Canada!K17,[2]EU27!G20,[2]Russia!G17,[2]Turkey!G17,[2]Ukraine!G17) -> #REF! | H17: =SUM(#REF!,[2]Australia!H18,[2]Canada!L17,[2]EU27!H20,[2]Russia!H17,[2]Turkey!H17,[2]Ukraine!H17) -> #REF! | I17: =SUM(#REF!,[2]Australia!I18,[2]Canada!M17,[2]EU27!I20,[2]Russia!I17,[2]Turkey!I17,[2]Ukraine!I17) -> #REF! | ... W17: =SUM(#REF!,[2]Australia!W18,[2]Canada!AA17,[2]EU27!W20,[2]Russia!W17,[2]Turkey!W17,[2]Ukraine!W17) -> #REF! | X17: ='Corn World-Major'!D110/1000 -> 304.826 | Y17: ='Corn World-Major'!F111/1000+Argentina!AY17+Brazil!AY15+Canada!AC17+China!AX15+'EU27'!AX20+Russia!AX16+Ukraine!AN17+([1]Corn!AX18*0.0254) -> 319.9532 | Z17: =SUM('Corn World-Major'!G111/1000,Argentina!AZ17,Brazil!AZ15,Canada!AD17,China!AY15,'EU27'!AY20,Russia!AY16,Ukraine!AO17)+[1]Corn!AY18*0.0254 -> 316.05897 | AA17: =SUM('Corn World-Major'!H110/1000,Argentina!BA17,Brazil!BA15,Canada!AE17,China!AZ15,'EU27'!AZ20,Russia!AZ16,Ukraine!AP17)+[1]Corn!AZ18*0.0254 -> 303.62443
A18: Stocks/Use | B18: =B17/B16 -> #REF! | C18: =C17/C16 -> #REF! | D18: =D17/D16 -> #REF! | E18: =E17/E16 -> #REF! | F18: =F17/F16 -> #REF! | G18: =G17/G16 -> #REF! | H18: =H17/H16 -> #REF! | I18: =I17/I16 -> #REF! | ... AA18: =AA17/AA16 -> 0.3132744
A21: Bold numbers are Jacobsen projections
A24: CORN EXPORTS (1,000 Tonnes)
B25: =B2 -> 00/01 | C25: =C2 -> 01/02 | D25: =D2 -> 02/03 | E25: =E2 -> 03/04 | F25: =F2 -> 04/05 | G25: =G2 -> 05/06 | H25: =H2 -> 06/07 | I25: =I2 -> 07/08 | ... AA25: =AA2 -> 25/26
A26: Sep | X26: ='Corn World-Major'!$D$66/12 -> 15020 | Y26: ='Corn World-Major'!F67/12+Argentina!AX32+Brazil!AX31+Canada!AC71+China!AW36+'EU27'!AW40+Russia!AW36+Ukraine!AM37+([1]Corn!AX93*0.0254)*1000 -> 16990.933 | Z26: ='Corn World-Major'!G67/12+Argentina!AY32+Brazil!AY31+Canada!AD71+China!AX36+'EU27'!AX40+Russia!AX36+Ukraine!AN37+([1]Corn!AY93*0.0254*1000) -> 16278.205 | AA26: =SUM('Corn World-Major'!#REF!/12+Argentina!BA32+Brazil!BA31+Canada!AE71+China!AY36+'EU27'!AY40+Russia!AY36+Ukraine!AO37)+[1]Corn!AZ93*0.0254 -> #REF!
A27: Oct | X27: ='Corn World-Major'!$D$66/12 -> 15020 | Y27: ='Corn World-Major'!F67/12+Argentina!AX33+Brazil!AX32+Canada!AC72+China!AX25+'EU27'!AX29+Russia!AX25+Ukraine!AN26+[1]Corn!AX94*0.0254*1000 -> 15562.293 | Z27: =SUM('Corn World-Major'!G67/12+Argentina!AY33+Brazil!AY32+Canada!AD72+China!AY25+'EU27'!AY29+Russia!AY25+Ukraine!AO26)+[1]Corn!AY94*0.0254*1000 -> 16626.803 | AA27: =SUM('Corn World-Major'!#REF!/12+Argentina!BA33+Brazil!BA32+Canada!AE72+China!AZ25+'EU27'!AZ29+Russia!AZ25+Ukraine!AP26)+[1]Corn!AZ94*0.0254 -> #REF!
A28: Nov | X28: ='Corn World-Major'!$D$66/12 -> 15020 | Y28: ='Corn World-Major'!F67/12+Argentina!AX34+Brazil!AX33+Canada!AC73+China!AX26+'EU27'!AX30+Russia!AX26+Ukraine!AN27+[1]Corn!AX95*0.0254*1000 -> 16708.897 | Z28: =SUM('Corn World-Major'!G67/12+Argentina!AY34+Brazil!AY33+Canada!AD73+China!AY26+'EU27'!AY30+Russia!AY26+Ukraine!AO27)+[1]Corn!AY95*0.0254*1000 -> 15734.134 | AA28: =SUM('Corn World-Major'!#REF!/12+Argentina!BA34+Brazil!BA33+Canada!AE73+China!AZ26+'EU27'!AZ30+Russia!AZ26+Ukraine!AP27)+[1]Corn!AZ95*0.0254 -> #REF!
A29: Dec | X29: ='Corn World-Major'!$D$66/12 -> 15020 | Y29: ='Corn World-Major'!F67/12+Argentina!AX35+Brazil!AX34+Canada!AC74+China!AX27+'EU27'!AX31+Russia!AX27+Ukraine!AN28+[1]Corn!AX96*0.0254*1000 -> 17815.321 | Z29: =SUM('Corn World-Major'!G67/12+Argentina!AY35+Brazil!AY34+Canada!AD74+China!AY27+'EU27'!AY31+Russia!AY27+Ukraine!AO28)+[1]Corn!AY96*0.0254*1000 -> 14330.204 | AA29: =SUM('Corn World-Major'!#REF!/12+Argentina!BA35+Brazil!BA34+Canada!AE74+China!AZ27+'EU27'!AZ31+Russia!AZ27+Ukraine!AP28)+[1]Corn!AZ96*0.0254 -> #REF!
A30: Jan | X30: ='Corn World-Major'!$D$66/12 -> 15020 | Y30: ='Corn World-Major'!F67/12+Argentina!AX36+Brazil!AX35+Canada!AC75+China!AX28+'EU27'!AX32+Russia!AX28+Ukraine!AN29+[1]Corn!AX97*0.0254*1000 -> 16461.915 | Z30: =SUM('Corn World-Major'!G67/12+Argentina!AY36+Brazil!AY35+Canada!AD75+China!AY28+'EU27'!AY32+Russia!AY28+Ukraine!AO29)+[1]Corn!AY97*0.0254*1000 -> 15401.165 | AA30: =SUM('Corn World-Major'!#REF!/12+Argentina!BA36+Brazil!BA35+Canada!AE75+China!AZ28+'EU27'!AZ32+Russia!AZ28+Ukraine!AP29)+[1]Corn!AZ97*0.0254 -> #REF!
A31: Feb | X31: ='Corn World-Major'!$D$66/12 -> 15020 | Y31: ='Corn World-Major'!F67/12+Argentina!AX37+Brazil!AX36+Canada!AC76+China!AX29+'EU27'!AX33+Russia!AX29+Ukraine!AN30+[1]Corn!AX98*0.0254*1000 -> 13961.864 | Z31: =SUM('Corn World-Major'!G67/12+Argentina!AY37+Brazil!AY36+Canada!AD76+China!AY29+'EU27'!AY33+Russia!AY29+Ukraine!AO30)+[1]Corn!AY98*0.0254*1000 -> 13777.785 | AA31: =SUM('Corn World-Major'!#REF!/12+Argentina!BA37+Brazil!BA36+Canada!AE76+China!AZ29+'EU27'!AZ33+Russia!AZ29+Ukraine!AP30)+[1]Corn!AZ98*0.0254 -> #REF!
A32: Mar | X32: ='Corn World-Major'!$D$66/12 -> 15020 | Y32: ='Corn World-Major'!F67/12+Argentina!AY26+Brazil!AY25+Canada!AC77+China!AX30+'EU27'!AX34+Russia!AX30+Ukraine!AN31+[1]Corn!AX99*0.0254*1000 -> 15062.975 | Z32: =SUM('Corn World-Major'!G67/12+Argentina!AZ26+Brazil!AZ25+Canada!AD77+China!AY30+'EU27'!AY34+Russia!AY30+Ukraine!AO31)+[1]Corn!AY99*0.0254*1000 -> 14380.017 | AA32: =SUM('Corn World-Major'!#REF!/12+Argentina!BB26+Brazil!BB25+Canada!AE77+China!AZ30+'EU27'!AZ34+Russia!AZ30+Ukraine!AP31)+[1]Corn!AZ99*0.0254 -> #REF!
A33: Apr | X33: ='Corn World-Major'!$D$66/12 -> 15020 | Y33: ='Corn World-Major'!F67/12+Argentina!AY27+Brazil!AY26+Canada!AC78+China!AX31+'EU27'!AX35+Russia!AX31+Ukraine!AN32+[1]Corn!AX100*0.0254*1000 -> 17122.9 | Z33: =SUM('Corn World-Major'!G67/12+Argentina!AZ27+Brazil!AZ26+Canada!AD78+China!AY31+'EU27'!AY35+Russia!AY31+Ukraine!AO32)+[1]Corn!AY100*0.0254*1000 -> 15409.794 | AA33: =SUM('Corn World-Major'!#REF!/12+Argentina!BB27+Brazil!BB26+Canada!AE78+China!AZ31+'EU27'!AZ35+Russia!AZ31+Ukraine!AP32)+[1]Corn!AZ100*0.0254 -> #REF!
A34: May | X34: ='Corn World-Major'!$D$66/12 -> 15020 | Y34: ='Corn World-Major'!F67/12+Argentina!AY28+Brazil!AY27+Canada!AC79+China!AX32+'EU27'!AX36+Russia!AX32+Ukraine!AN33+[1]Corn!AX101*0.0254*1000 -> 14782.963 | Z34: =SUM('Corn World-Major'!G67/12+Argentina!AZ28+Brazil!AZ27+Canada!AD79+China!AY32+'EU27'!AY36+Russia!AY32+Ukraine!AO33)+[1]Corn!AY101*0.0254*1000 -> 14993.338 | AA34: =SUM('Corn World-Major'!#REF!/12+Argentina!BB28+Brazil!BB27+Canada!AE79+China!AZ32+'EU27'!AZ36+Russia!AZ32+Ukraine!AP33)+[1]Corn!AZ101*0.0254 -> #REF!
A35: Jun | X35: ='Corn World-Major'!$D$66/12 -> 15020 | Y35: ='Corn World-Major'!F67/12+Argentina!AY29+Brazil!AY28+Canada!AC80+China!AX33+'EU27'!AX37+Russia!AX33+Ukraine!AN34+[1]Corn!AX102*0.0254*1000 -> 15338.581 | Z35: =SUM('Corn World-Major'!G67/12+Argentina!AZ29+Brazil!AZ28+Canada!AD80+China!AY33+'EU27'!AY37+Russia!AY33+Ukraine!AO34)+[1]Corn!AY102*0.0254*1000 -> 14937.439 | AA35: =SUM('Corn World-Major'!#REF!/12+Argentina!BB29+Brazil!BB28+Canada!AE80+China!AZ33+'EU27'!AZ37+Russia!AZ33+Ukraine!AP34)+[1]Corn!AZ102*0.0254 -> #REF!
A36: Jul | X36: ='Corn World-Major'!$D$66/12 -> 15020 | Y36: ='Corn World-Major'!F67/12+Argentina!AY30+Brazil!AY29+Canada!AC81+China!AX34+'EU27'!AX38+Russia!AX34+Ukraine!AN35+[1]Corn!AX103*0.0254*1000 -> 15373.808 | Z36: =SUM('Corn World-Major'!G67/12+Argentina!AZ30+Brazil!AZ29+Canada!AD81+China!AY34+'EU27'!AY38+Russia!AY34+Ukraine!AO35)+[1]Corn!AY103*0.0254*1000 -> 15684.229 | AA36: =SUM('Corn World-Major'!#REF!/12+Argentina!BB30+Brazil!BB29+Canada!AE81+China!AZ34+'EU27'!AZ38+Russia!AZ34+Ukraine!AP35)+[1]Corn!AZ103*0.0254 -> #REF!
A37: Aug | X37: ='Corn World-Major'!$D$66/12 -> 15020 | Y37: ='Corn World-Major'!F67/12+Argentina!AY31+Brazil!AY30+Canada!AC82+China!AX35+'EU27'!AX39+Russia!AX35+Ukraine!AN36+[1]Corn!AX104*0.0254*1000 -> 16639.224 | Z37: =SUM('Corn World-Major'!G67/12+Argentina!AZ31+Brazil!AZ30+Canada!AD82+China!AY35+'EU27'!AY39+Russia!AY35+Ukraine!AO36)+[1]Corn!AY104*0.0254*1000 -> 17525.259 | AA37: =SUM('Corn World-Major'!#REF!/12+Argentina!BB31+Brazil!BB30+Canada!AE82+China!AZ35+'EU27'!AZ39+Russia!AZ35+Ukraine!AP36)+[1]Corn!AZ104*0.0254 -> #REF!
A38: Total | B38: =#REF!+[2]Australia!B39+[2]Canada!F105+[2]EU27!B41+[2]Russia!B38+[2]Turkey!B38+[2]Ukraine!B38 -> #REF! | C38: =#REF!+[2]Australia!C39+[2]Canada!G105+[2]EU27!C41+[2]Russia!C38+[2]Turkey!C38+[2]Ukraine!C38 -> #REF! | D38: =#REF!+[2]Australia!D39+[2]Canada!H105+[2]EU27!D41+[2]Russia!D38+[2]Turkey!D38+[2]Ukraine!D38 -> #REF! | E38: =#REF!+[2]Australia!E39+[2]Canada!I105+[2]EU27!E41+[2]Russia!E38+[2]Turkey!E38+[2]Ukraine!E38 -> #REF! | F38: =#REF!+[2]Australia!F39+[2]Canada!J105+[2]EU27!F41+[2]Russia!F38+[2]Turkey!F38+[2]Ukraine!F38 -> #REF! | G38: =#REF!+[2]Australia!G39+[2]Canada!K105+[2]EU27!G41+[2]Russia!G38+[2]Turkey!G38+[2]Ukraine!G38 -> #REF! | H38: =#REF!+[2]Australia!H39+[2]Canada!L105+[2]EU27!H41+[2]Russia!H38+[2]Turkey!H38+[2]Ukraine!H38 -> #REF! | I38: =#REF!+[2]Australia!I39+[2]Canada!M105+[2]EU27!I41+[2]Russia!I38+[2]Turkey!I38+[2]Ukraine!I38 -> #REF! | ... W38: =#REF!+[2]Australia!W39+[2]Canada!AA105+[2]EU27!W41+[2]Russia!W38+[2]Turkey!W38+[2]Ukraine!W38 -> #REF! | X38: =SUM(X26:X37) -> 180240 | Y38: =SUM(Y26:Y37) -> 191821.67 | Z38: =SUM(Z26:Z37) -> 185078.37 | AA38: =SUM(AA26:AA37) -> #REF!
A40: CORN IMPORTS (1,000 Tonnes)
B41: =B2 -> 00/01 | C41: =C2 -> 01/02 | D41: =D2 -> 02/03 | E41: =E2 -> 03/04 | F41: =F2 -> 04/05 | G41: =G2 -> 05/06 | H41: =H2 -> 06/07 | I41: =I2 -> 07/08 | ... AA41: =AA2 -> 25/26
A42: Sep | X42: ='Corn World-Major'!$D$44/12 -> 14449.25 | Y42: =('Corn World-Major'!F45/12)+Argentina!AZ48+Brazil!AZ47+Canada!AC87+China!AW54+'EU27'!AW57+Russia!AW52+Ukraine!AM53+[1]Corn!AX77*0.0254 -> 16334.232 | Z42: =('Corn World-Major'!G45/12)+Argentina!BA48+Brazil!BA47+Canada!AD87+China!AX54+'EU27'!AX57+Russia!AX52+Ukraine!AN53+[1]Corn!AY77*0.0254 -> 14898.256 | AA42: =('Corn World-Major'!H45/12)+Argentina!BB48+Brazil!BB47+Canada!AE87+China!AY54+'EU27'!AY57+Russia!AY52+Ukraine!AO53+[1]Corn!AZ77*0.0254 -> 2806.6611
A43: Oct | X43: ='Corn World-Major'!$D$44/12 -> 14449.25 | Y43: =('Corn World-Major'!F45/12)+Argentina!AZ49+Brazil!AZ48+Canada!AC88+China!AW55+'EU27'!AX46+Russia!AX41+Ukraine!AN42+[1]Corn!AX78*0.0254 -> 33178.023 | Z43: =('Corn World-Major'!G45/12)+Argentina!BA49+Brazil!BA48+Canada!AD88+China!AX55+'EU27'!AY46+Russia!AY41+Ukraine!AO42+[1]Corn!AY78*0.0254 -> 38457.394 | AA43: =('Corn World-Major'!H45/12)+Argentina!BB49+Brazil!BB48+Canada!AE88+China!AY55+'EU27'!AZ46+Russia!AZ41+Ukraine!AP42+[1]Corn!AZ78*0.0254 -> 9125.0963
A44: Nov | X44: ='Corn World-Major'!$D$44/12 -> 14449.25 | Y44: =('Corn World-Major'!F45/12)+Argentina!AZ50+Brazil!AZ49+Canada!AC89+China!AW56+'EU27'!AX47+Russia!AX42+Ukraine!AN43+[1]Corn!AX79*0.0254 -> 14702.595 | Z44: =('Corn World-Major'!G45/12)+Argentina!BA50+Brazil!BA49+Canada!AD89+China!AX56+'EU27'!AY47+Russia!AY42+Ukraine!AO43+[1]Corn!AY79*0.0254 -> 14280.34 | AA44: =('Corn World-Major'!H45/12)+Argentina!BB50+Brazil!BB49+Canada!AE89+China!AY56+'EU27'!AZ47+Russia!AZ42+Ukraine!AP43+[1]Corn!AZ79*0.0254 -> 1791.6885
A45: Dec | X45: ='Corn World-Major'!$D$44/12 -> 14449.25 | Y45: =('Corn World-Major'!F45/12)+Argentina!AZ51+Brazil!AZ50+Canada!AC90+China!AW57+'EU27'!AX48+Russia!AX43+Ukraine!AN44+[1]Corn!AX80*0.0254 -> 14785.75 | Z45: =('Corn World-Major'!G45/12)+Argentina!BA51+Brazil!BA50+Canada!AD90+China!AX57+'EU27'!AY48+Russia!AY43+Ukraine!AO44+[1]Corn!AY80*0.0254 -> 15080.356 | AA45: =('Corn World-Major'!H45/12)+Argentina!BB51+Brazil!BB50+Canada!AE90+China!AY57+'EU27'!AZ48+Russia!AZ43+Ukraine!AP44+[1]Corn!AZ80*0.0254 -> 2099.5365
A46: Jan | X46: ='Corn World-Major'!$D$44/12 -> 14449.25 | Y46: =('Corn World-Major'!F45/12)+Argentina!AZ52+Brazil!AZ51+Canada!AC91+China!AW58+'EU27'!AX49+Russia!AX44+Ukraine!AN45+[1]Corn!AX81*0.0254 -> 14910.105 | Z46: =('Corn World-Major'!G45/12)+Argentina!BA52+Brazil!BA51+Canada!AD91+China!AX58+'EU27'!AY49+Russia!AY44+Ukraine!AO45+[1]Corn!AY81*0.0254 -> 15146.114 | AA46: =('Corn World-Major'!H45/12)+Argentina!BB52+Brazil!BB51+Canada!AE91+China!AY58+'EU27'!AZ49+Russia!AZ44+Ukraine!AP45+[1]Corn!AZ81*0.0254 -> 2241.7351
A47: Feb | X47: ='Corn World-Major'!$D$44/12 -> 14449.25 | Y47: =('Corn World-Major'!F45/12)+Argentina!AZ53+Brazil!AZ52+Canada!AC92+China!AW59+'EU27'!AX50+Russia!AX45+Ukraine!AN46+[1]Corn!AX82*0.0254 -> 14654.905 | Z47: =('Corn World-Major'!G45/12)+Argentina!BA53+Brazil!BA52+Canada!AD92+China!AX59+'EU27'!AY50+Russia!AY45+Ukraine!AO46+[1]Corn!AY82*0.0254 -> 14836.176 | AA47: =('Corn World-Major'!H45/12)+Argentina!BB53+Brazil!BB52+Canada!AE92+China!AY59+'EU27'!AZ50+Russia!AZ45+Ukraine!AP46+[1]Corn!AZ82*0.0254 -> 2023.4627
A48: Mar | X48: ='Corn World-Major'!$D$44/12 -> 14449.25 | Y48: =('Corn World-Major'!F45/12)+Argentina!BA42+Brazil!BA41+Canada!AC93+China!AW60+'EU27'!AX51+Russia!AX46+Ukraine!AN47+[1]Corn!AX83*0.0254 -> 14002.218 | Z48: =('Corn World-Major'!G45/12)+Argentina!BB42+Brazil!BB41+Canada!AD93+China!AX60+'EU27'!AY51+Russia!AY46+Ukraine!AO47+[1]Corn!AY83*0.0254 -> 14334.234 | AA48: =('Corn World-Major'!H45/12)+Argentina!BC42+Brazil!BC41+Canada!AE93+China!AY60+'EU27'!AZ51+Russia!AZ46+Ukraine!AP47+[1]Corn!AZ83*0.0254 -> 1588.4116
A49: Apr | X49: ='Corn World-Major'!$D$44/12 -> 14449.25 | Y49: =('Corn World-Major'!F45/12)+Argentina!BA43+Brazil!BA42+Canada!AC94+China!AW61+'EU27'!AX52+Russia!AX47+Ukraine!AN48+[1]Corn!AX84*0.0254 -> 14470.12 | Z49: =('Corn World-Major'!G45/12)+Argentina!BB43+Brazil!BB42+Canada!AD94+China!AX61+'EU27'!AY52+Russia!AY47+Ukraine!AO48+[1]Corn!AY84*0.0254 -> 14298.495 | AA49: =('Corn World-Major'!H45/12)+Argentina!BC43+Brazil!BC42+Canada!AE94+China!AY61+'EU27'!AZ52+Russia!AZ47+Ukraine!AP48+[1]Corn!AZ84*0.0254 -> 1520.5545
A50: May | X50: ='Corn World-Major'!$D$44/12 -> 14449.25 | Y50: =('Corn World-Major'!F45/12)+Argentina!BA44+Brazil!BA43+Canada!AC95+China!AW62+'EU27'!AX53+Russia!AX48+Ukraine!AN49+[1]Corn!AX85*0.0254 -> 14270.37 | Z50: =('Corn World-Major'!G45/12)+Argentina!BB44+Brazil!BB43+Canada!AD95+China!AX62+'EU27'!AY53+Russia!AY48+Ukraine!AO49+[1]Corn!AY85*0.0254 -> 14301.589 | AA50: =('Corn World-Major'!H45/12)+Argentina!BC44+Brazil!BC43+Canada!AE95+China!AY62+'EU27'!AZ53+Russia!AZ48+Ukraine!AP49+[1]Corn!AZ85*0.0254 -> 1596.666
A51: Jun | X51: ='Corn World-Major'!$D$44/12 -> 14449.25 | Y51: =('Corn World-Major'!F45/12)+Argentina!BA45+Brazil!BA44+Canada!AC96+China!AW63+'EU27'!AX54+Russia!AX49+Ukraine!AN50+[1]Corn!AX86*0.0254 -> 14843.841 | Z51: =('Corn World-Major'!G45/12)+Argentina!BB45+Brazil!BB44+Canada!AD96+China!AX63+'EU27'!AY54+Russia!AY49+Ukraine!AO50+[1]Corn!AY86*0.0254 -> 14276.044 | AA51: =('Corn World-Major'!H45/12)+Argentina!BC45+Brazil!BC44+Canada!AE96+China!AY63+'EU27'!AZ54+Russia!AZ49+Ukraine!AP50+[1]Corn!AZ86*0.0254 -> 1592.3968
A52: Jul | X52: ='Corn World-Major'!$D$44/12 -> 14449.25 | Y52: =('Corn World-Major'!F45/12)+Argentina!BA46+Brazil!BA45+Canada!AC97+China!AW64+'EU27'!AX55+Russia!AX50+Ukraine!AN51+[1]Corn!AX87*0.0254 -> 15302.679 | Z52: =('Corn World-Major'!G45/12)+Argentina!BB46+Brazil!BB45+Canada!AD97+China!AX64+'EU27'!AY55+Russia!AY50+Ukraine!AO51+[1]Corn!AY87*0.0254 -> 14422.929 | AA52: =('Corn World-Major'!H45/12)+Argentina!BC46+Brazil!BC45+Canada!AE97+China!AY64+'EU27'!AZ55+Russia!AZ50+Ukraine!AP51+[1]Corn!AZ87*0.0254 -> 1755.0621
A53: Aug | X53: ='Corn World-Major'!$D$44/12 -> 14449.25 | Y53: =('Corn World-Major'!F45/12)+Argentina!BA47+Brazil!BA46+Canada!AC98+China!AW65+'EU27'!AX56+Russia!AX51+Ukraine!AN52+[1]Corn!AX88*0.0254 -> 14650.969 | Z53: =('Corn World-Major'!G45/12)+Argentina!BB47+Brazil!BB46+Canada!AD98+China!AX65+'EU27'!AY56+Russia!AY51+Ukraine!AO52+[1]Corn!AY88*0.0254 -> 14957.687 | AA53: =('Corn World-Major'!H45/12)+Argentina!BC47+Brazil!BC46+Canada!AE98+China!AY65+'EU27'!AZ56+Russia!AZ51+Ukraine!AP52+[1]Corn!AZ88*0.0254 -> 2175.4072
A54: Total | B54: =#REF!+[2]Australia!B55+[2]Canada!F89+[2]EU27!B57+[2]Russia!B54+[2]Turkey!B54+[2]Ukraine!B54 -> #REF! | C54: =#REF!+[2]Australia!C55+[2]Canada!G89+[2]EU27!C57+[2]Russia!C54+[2]Turkey!C54+[2]Ukraine!C54 -> #REF! | D54: =#REF!+[2]Australia!D55+[2]Canada!H89+[2]EU27!D57+[2]Russia!D54+[2]Turkey!D54+[2]Ukraine!D54 -> #REF! | E54: =#REF!+[2]Australia!E55+[2]Canada!I89+[2]EU27!E57+[2]Russia!E54+[2]Turkey!E54+[2]Ukraine!E54 -> #REF! | F54: =#REF!+[2]Australia!F55+[2]Canada!J89+[2]EU27!F57+[2]Russia!F54+[2]Turkey!F54+[2]Ukraine!F54 -> #REF! | G54: =#REF!+[2]Australia!G55+[2]Canada!K89+[2]EU27!G57+[2]Russia!G54+[2]Turkey!G54+[2]Ukraine!G54 -> #REF! | H54: =#REF!+[2]Australia!H55+[2]Canada!L89+[2]EU27!H57+[2]Russia!H54+[2]Turkey!H54+[2]Ukraine!H54 -> #REF! | I54: =#REF!+[2]Australia!I55+[2]Canada!M89+[2]EU27!I57+[2]Russia!I54+[2]Turkey!I54+[2]Ukraine!I54 -> #REF! | ... W54: =#REF!+[2]Australia!W55+[2]Canada!AA89+[2]EU27!W57+[2]Russia!W54+[2]Turkey!W54+[2]Ukraine!W54 -> #REF! | X54: =SUM(X42:X53) -> 173391 | Y54: =SUM(Y42:Y53) -> 196105.81 | Z54: =SUM(Z42:Z53) -> 199289.62 | AA54: =SUM(AA42:AA53) -> 30316.678

Sheet Argentina
A1: ARGENTINA CORN SUPPLY AND DEMAND (Milllion Tonnes/Million Hectares)
A2: BR | B2: 74/75 | C2: 75/76 | D2: 76/77 | E2: 77/78 | F2: 78/79 | G2: 79/80 | H2: 80/81 | I2: 81/82 | J2: 82/83 | K2: 83/84 | L2: 84/85 | M2: 85/86 | N2: 86/87 | O2: 87/88 | P2: 88/89 | Q2: 89/90 | R2: 90/91 | S2: 91/92 | T2: 92/93 | U2: 93/94 | V2: 94/95 | W2: 95/96 | X2: 96/97 | Y2: 97/98 | Z2: 98/99 | AA2: 99/00 | AB2: 00/01 | AC2: 01/02 | AD2: 02/03 | AE2: 03/04 | AF2: 04/05 | AG2: 05/06 | AH2: 06/07 | AI2: 07/08 | AJ2: 08/09 | AK2: 09/10 | AL2: 10/11 | AM2: 11/12 | AN2: 12/13 | AO2: 13/14 | AP2: 14/15 | AQ2: 15/16 | AR2: 16/17 | AS2: 17/18 | AT2: 18/19 | AU2: 19/20 | AV2: 20/21 | AW2: 21/22 | AX2: 22/23 | AY2: 23/24 | AZ2: 24/25 | BA2: 25/26
B3: 1975 | C3: 1976 | D3: 1977 | E3: 1978 | F3: 1979 | G3: 1980 | H3: 1981 | I3: 1982 | J3: 1983 | K3: 1984 | L3: 1985 | M3: 1986 | N3: 1987 | O3: 1988 | P3: 1989 | Q3: 1990 | R3: 1991 | S3: 1992 | T3: 1993 | U3: 1994 | V3: 1995 | W3: 1996 | X3: 1997 | Y3: 1998 | Z3: 1999 | AA3: 2000 | AB3: 2001 | AC3: 2002 | AD3: 2003 | AE3: 2004 | AF3: 2005 | AG3: 2006 | AH3: 2007 | AI3: 2008 | AJ3: 2009 | AK3: 2010 | AL3: 2011 | AM3: 2012 | AN3: 2013 | AO3: 2014 | AP3: 2015 | AQ3: 2016 | AR3: 2017 | AS3: 2018 | AT3: 2019 | AU3: 2020 | AV3: 2021 | AW3: 2022 | AX3: 2023 | AY3: 2024 | AZ3: 2025 | BA3: 2026
A4: Planted Area | B4: =B59 -> 3.86985 | C4: =C59 -> 3.6949 | D4: =D59 -> 2.9789 | E4: =E59 -> 3.0992 | F4: =F59 -> 3.29935 | G4: =G59 -> 3.30945 | H4: =H59 -> 3.99955 | I4: =I59 -> 3.69465 | ... AI4: =AI59 -> 4.238329 | AJ4: =AJ66 -> 3.75 | AK4: =AK66 -> 3.2 | AL4: =AL66 -> 4.5 | AM4: =AM66 -> 5.2 | AN4: =AN66 -> 4.6 | AO4: =AO66 -> 4.5 | AP4: =AP66 -> 4.2 | AQ4: =AQ66 -> 4.4 | ... AY4: =AY66 -> 8.4 | AZ4: 7.1 | BA4: =FORECAST(BA57,AL6:AZ6,AL57:AZ57)+0.5 -> 7.5051338
A5: Harvested Area | B5: =B60 -> 3.06915 | C5: =C60 -> 2.7652 | D5: =D60 -> 2.53112 | E5: =E60 -> 2.6593 | F5: =F60 -> 2.7995 | G5: =G60 -> 2.4896 | H5: =H60 -> 3.3937 | I5: =I60 -> 3.16965 | ... AI5: =AI60 -> 3.413784 | AJ5: =AJ67 -> 3.265 | AK5: =AK67 -> 3.1395 | AL5: =AL67 -> 4.337 | AM5: =AM67 -> 4.79 | AN5: =AN67 -> 4.308 | AO5: =AO67 -> 4.33 | AP5: =AP67 -> 4.03 | AQ5: =AQ67 -> 4.245 | ... AY5: =AY67 -> 7.727744 | AZ5: =AVERAGE(AU7:AY7)*AZ4 -> 6.7885611 | BA5: =AVERAGE(AV7:AZ7)*BA4 -> 7.1557654
A6: Yield | B6: =B9/B5 -> 2.5084307 | C6: =C9/C5 -> 2.1170584 | D6: =D9/D5 -> 3.2786087 | E6: =E9/E5 -> 3.6470312 | F6: =F9/F5 -> 3.1073692 | G6: =G9/G5 -> 2.5703808 | H6: =H9/H5 -> 3.8009105 | I6: =I9/I5 -> 3.0284495 | ... AY6: =AY9/AY5 -> 6.6772398 | AZ6: =FORECAST(AZ57,AK6:AY6,AK57:AY57) -> 6.8930116 | BA6: =FORECAST(BA57,AL6:AZ6,AL57:AZ57) -> 7.0051338
A7: Harvested Percent | B7: =B5/B4 -> 0.79309276 | C7: =C5/C4 -> 0.74838291 | D7: =D5/D4 -> 0.84968277 | E7: =E5/E4 -> 0.85806014 | F7: =F5/F4 -> 0.84850046 | G7: =G5/G4 -> 0.75227001 | H7: =H5/H4 -> 0.84852046 | I7: =I5/I4 -> 0.85790264 | ... BA7: =BA5/BA4 -> 0.9534494
A8: Carryin (Mar 1) | B8: 0.178 | C8: =B17 -> 0.761 | D8: =C17 -> 0.515 | E8: =D17 -> 0.183 | F8: =E17 -> 0.434 | G8: =F17 -> 0.173 | H8: =G17 -> 0.108 | I8: =H17 -> 0.21 | J8: =I17 -> 0.545 | ... BA8: =AZ17 -> 2
A9: Production | B9: =B61 -> 7.69875 | C9: =C61 -> 5.85409 | D9: =D61 -> 8.298552 | E9: =E61 -> 9.69855 | F9: =F61 -> 8.69908 | G9: =G61 -> 6.39922 | H9: =H61 -> 12.89915 | I9: =I61 -> 9.599125 | ... AI9: =AI61 -> 22.026803 | AJ9: =AJ68 -> 19.5 | AK9: =AK68 -> 27 | AL9: =AL68 -> 29.5 | AM9: =AM68 -> 26.5 | AN9: =AN68 -> 31.5 | AO9: =AO68 -> 32.5 | AP9: =AP68 -> 32.5 | AQ9: =AQ68 -> 34.5 | ... AZ9: =AZ68 -> 49 | BA9: =BA6*BA5 -> 50.127094
A10: Imports | B10: 0 | C10: 0 | D10: 0 | E10: 0 | F10: 0 | G10: 0 | H10: 0 | I10: 0 | J10: 0 | K10: 0 | L10: 0 | M10: 0 | N10: 0 | O10: 0 | P10: 0 | Q10: 0 | R10: 0.003 | S10: 0.001 | T10: 0.001 | U10: 0.001 | V10: 0.001 | W10: 0.002 | X10: =X54 -> 30.543 | Y10: =Y54 -> 4.521 | Z10: =Z54 -> 4.584 | AA10: =AA54 -> 74.429 | AB10: =AB54 -> 23.117 | AC10: =AC54 -> 1.81 | AD10: =AD54 -> 3.021 | AE10: =AE54 -> 2.046 | ... AT10: =AT54 -> 5.211 | AU10: =AU54/1000 -> 0.003696 | AV10: =AV54/1000 -> 0.005465 | AW10: =AW54/1000 -> 0.008189 | AX10: 0.125 | AY10: =0.015 -> 0.015 | AZ10: 0.015 | BA10: 1.015
A11: Total Supply | B11: =SUM(B8:B10) -> 7.87675 | C11: =SUM(C8:C10) -> 6.61509 | D11: =SUM(D8:D10) -> 8.813552 | E11: =SUM(E8:E10) -> 9.88155 | F11: =SUM(F8:F10) -> 9.13308 | G11: =SUM(G8:G10) -> 6.57222 | H11: =SUM(H8:H10) -> 13.00715 | I11: =SUM(I8:I10) -> 9.809125 | ... BA11: =SUM(BA8:BA10) -> 53.142094
A12: Feed & Residual | B12: =B14-B13 -> 2.21075 | C12: =C14-C13 -> 2.56209 | D12: =D14-D13 -> 3.099552 | E12: =E14-E13 -> 3.24855 | F12: =F14-F13 -> 2.74908 | G12: =G14-G13 -> 2.79922 | H12: =H14-H13 -> 3.39895 | I12: =I14-I13 -> 3.200625 | ... BA12: =BA14-BA13 -> 9.125041
A13: Food/Seed/Industrial | B13: 1.42 | C13: 0.3 | D13: 0.3 | E13: 0.283 | F13: 0.246 | G13: 0.248 | H13: 0.3 | I13: 0.3 | J13: 0.3 | K13: 0.35 | L13: 0.675 | M13: 0.3 | N13: 0.6 | O13: 0.066 | P13: 1 | Q13: 0.9 | R13: 1.1 | S13: 1.5 | T13: 1.501 | U13: 1.516 | V13: 1.501 | W13: 1.501 | X13: 1.546 | Y13: 1.65 | Z13: 1.6 | AA13: 1.52 | AB13: 1.7 | AC13: 1.5 | AD13: 1.6 | AE13: 1.6 | AF13: 1.7 | AG13: 1.8 | AH13: 1.9 | AI13: 1.9 | AJ13: 1.9 | AK13: 1.9 | AL13: 2 | AM13: 2.2 | AN13: 2.6 | AO13: 3 | AP13: =AP112/1000 -> 5.531044 | AQ13: =AQ112/1000 -> 5.195306 | AR13: =AR112/1000 -> 5.749928 | AS13: =AS112/1000 -> 6.146596 | AT13: =AT112/1000 -> 6.183617 | AU13: =AU112/1000 -> 6.466104 | AV13: =AV112/1000 -> 7.21246 | AW13: =AW112/1000 -> 6.99136 | ... AZ13: =AZ112/1000 -> 7.028844 | BA13: =FORECAST(BA3,AS13:AZ13,AS3:AZ3) -> 7.7170531
A14: Domestic Use | B14: =B16-B15 -> 3.63075 | C14: =C16-C15 -> 2.86209 | D14: =D16-D15 -> 3.399552 | E14: =E16-E15 -> 3.53155 | F14: =F16-F15 -> 2.99508 | G14: =G16-G15 -> 3.04722 | H14: =H16-H15 -> 3.69895 | I14: =I16-I15 -> 3.500625 | ... BA14: =BA16-BA15 -> 16.842094
A15: Exports | B15: 3.485 | C15: 3.238 | D15: 5.231 | E15: 5.916 | F15: 5.965 | G15: 3.417 | H15: =H38/1000 -> 9.0982 | I15: =I38/1000 -> 5.7635 | J15: =J38/1000 -> 6.0567 | K15: =K38/1000 -> 5.448 | L15: =L38/1000 -> 7.0934 | M15: =M38/1000 -> 7.3481 | N15: =N38/1000 -> 4.0321 | O15: =O38/1000 -> 4.3501 | ... BA15: =BA38/1000 -> 34.3
A16: Total Use | B16: =B11-B17 -> 7.11575 | C16: =C11-C17 -> 6.10009 | D16: =D11-D17 -> 8.630552 | E16: =E11-E17 -> 9.44755 | F16: =F11-F17 -> 8.96008 | G16: =G11-G17 -> 6.46422 | H16: =H11-H17 -> 12.79715 | I16: =I11-I17 -> 9.264125 | ... BA16: =BA11-BA17 -> 51.142094
A17: Carryout (Feb 28) | B17: 0.761 | C17: 0.515 | D17: 0.183 | E17: 0.434 | F17: 0.173 | G17: 0.108 | H17: 0.21 | I17: 0.545 | J17: 0.289 | K17: 0.091 | L17: 0.39 | M17: 0.423 | N17: 0.391 | O17: 0.585 | P17: 0.685 | Q17: 0.185 | R17: 0.57 | S17: 0.7 | T17: 1.05 | U17: 1.185 | V17: 1.329 | W17: 0.629 | X17: 1.016 | Y17: 1.807 | Z17: 0.981 | AA17: 0.761 | AB17: 0.867 | AC17: 0.567 | AD17: 0.771 | AE17: 0.413 | AF17: 1.132 | AG17: 1.248 | AH17: 1.676 | AI17: 2.098 | AJ17: 0.88 | AK17: 2.48 | AL17: 4.038 | AM17: 0.896 | AN17: 1.308 | AO17: 1.408 | AP17: 2.898 | AQ17: 1.448 | AR17: 5.273 | AS17: 2.407 | AT17: 2.367 | AU17: 3.619 | AV17: 1.182 | AW17: 2.4 | AX17: 1.1 | AY17: 2 | AZ17: 2 | BA17: 2
A18: Stocks/Use | B18: =B17/B16 -> 0.10694586 | C18: =C17/C16 -> 0.084424984 | D18: =D17/D16 -> 0.021203742 | E18: =E17/E16 -> 0.045937836 | F18: =F17/F16 -> 0.019307863 | G18: =G17/G16 -> 0.016707352 | H18: =H17/H16 -> 0.016409904 | I18: =I17/I16 -> 0.058829085 | ... BA18: =BA17/BA16 -> 0.039106729
A21: Bold numbers are Jacobsen projections
A24: CORN EXPORTS (1,000 Tonnes)
B25: =B2 -> 74/75 | C25: =C2 -> 75/76 | D25: =D2 -> 76/77 | E25: =E2 -> 77/78 | F25: =F2 -> 78/79 | G25: =G2 -> 79/80 | H25: =H2 -> 80/81 | I25: =I2 -> 81/82 | ... BA25: =BA2 -> 25/26 | BB25: HS Codes
A26: Mar | H26: 296.6 | I26: 264.5 | J26: 207 | K26: 556.8 | L26: 646.7 | M26: 727.9 | N26: 492.2 | O26: 224.9 | P26: 105.3 | Q26: 283.7 | R26: 167.4 | S26: 520.21 | T26: 576.323 | U26: 329.036 | V26: 575.612 | W26: 545.462 | X26: 1269.218 | Y26: 1706.666 | Z26: 1256.265 | AA26: 1428.282 | AB26: 1316.537 | AC26: 18.936 | AD26: 64.613 | AE26: 53.902 | AF26: 252.327 | AG26: 307.603 | AH26: 411.394 | AI26: 60.317 | AJ26: 67.085 | AK26: 1503.4494 | AL26: 1554.1782 | AM26: 1672.3884 | AN26: 2588.3459 | AO26: 621.29534 | AP26: 1880.9843 | AQ26: 2792.0997 | AR26: 1901.3124 | AS26: 2589.4075 | AT26: 3693.2407 | AU26: 3656.5103 | AV26: 2916.8596 | AW26: 3206.8859 | AX26: 2137.5062 | AY26: {=INDEX('[3]Argentina Corn Exports'!$OJ$290:$OT$290,1,ROW(A1))} -> 3815.9846 | AZ26: =(SUM(AU26:AY26)/SUM(AU$38:AY$38))*AZ$38 -> 3116.4904 | BA26: =(SUM(AV26:AZ26)/SUM(AV$38:AZ$38))*BA$38 -> 3076.8601 | BB26: 10051, 10059
A27: Apr | H27: 1045.9 | I27: 1434.8 | J27: 676.7 | K27: 1073.8 | L27: 1542.7 | M27: 1505.8 | N27: 1215.5 | O27: 545.5 | P27: 155.2 | Q27: 375.5 | R27: 720.4 | S27: 1040.286 | T27: 938.859 | U27: 763.905 | V27: 1453.338 | W27: 1278.771 | X27: 2334.909 | Y27: 2235.602 | Z27: 1807.86 | AA27: 1785.289 | AB27: 1707.569 | AC27: 752.52 | AD27: 1568.127 | AE27: 1554.843 | AF27: 1756.831 | AG27: 1924.142 | AH27: 1241.223 | AI27: 1449.727 | AJ27: 1052.886 | AK27: 2332.6926 | AL27: 1842.4131 | AM27: 1867.4242 | AN27: 2999.4506 | AO27: 1710.2883 | AP27: 2430.5921 | AQ27: 1972.0637 | AR27: 2819.3853 | AS27: 2478.3776 | AT27: 3882.5324 | AU27: 4205.3192 | AV27: 4251.3679 | AW27: 4162.9757 | AX27: 1658.9462 | AY27: {=INDEX('[3]Argentina Corn Exports'!$OJ$290:$OT$290,1,ROW(A2))} -> 4163.9033 | AZ27: =(SUM(AU27:AY27)/SUM(AU$38:AY$38))*AZ$38 -> 3653.0341 | BA27: =(SUM(AV27:AZ27)/SUM(AV$38:AZ$38))*BA$38 -> 3622.9245
A28: May | H28: 1546.7 | I28: 1179.5 | J28: 1145.4 | K28: 1063.5 | L28: 1673.4 | M28: 1409.3 | N28: 792.8 | O28: 628.5 | P28: 226.6 | Q28: 458.3 | R28: 840.3 | S28: 1188.928 | T28: 1090.846 | U28: 923.454 | V28: 1130.13 | W28: 1127.343 | X28: 1884.912 | Y28: 2225.556 | Z28: 1707.786 | AA28: 1402.475 | AB28: 1731.518 | AC28: 1516.576 | AD28: 2134.187 | AE28: 1440.133 | AF28: 2266.4 | AG28: 1183.516 | AH28: 1482.571 | AI28: 1588.535 | AJ28: 860.564 | AK28: 2333.0671 | AL28: 2477.5743 | AM28: 1938.5045 | AN28: 3063.6315 | AO28: 1430.7308 | AP28: 1689.1973 | AQ28: 1600.9657 | AR28: 2223.1238 | AS28: 1812.6943 | AT28: 4093.3482 | AU28: 4086.3647 | AV28: 3431.7945 | AW28: 3865.7619 | AX28: 1762.0537 | AY28: {=INDEX('[3]Argentina Corn Exports'!$OJ$290:$OT$290,1,ROW(A4))} -> 2339.1312 | AZ28: =(SUM(AU28:AY28)/SUM(AU$38:AY$38))*AZ$38 -> 3067.2404 | BA28: =(SUM(AV28:AZ28)/SUM(AV$38:AZ$38))*BA$38 -> 2929.4854 | BC28: 1618.524 | BD28: =AX28-BC28 -> 143.52971
A29: Jun | H29: 1407.8 | I29: 524.5 | J29: 926.3 | K29: 821.6 | L29: 1097.8 | M29: 1172.6 | N29: 556.3 | O29: 500 | P29: 294.5 | Q29: 621.1 | R29: 573 | S29: 1023.201 | T29: 490.187 | U29: 451.58 | V29: 925.63 | W29: 751.577 | X29: 1390.563 | Y29: 1813.842 | Z29: 891.684 | AA29: 1050.979 | AB29: 931.487 | AC29: 1027.607 | AD29: 2061.736 | AE29: 698.909 | AF29: 1345.269 | AG29: 896.975 | AH29: 1069.994 | AI29: 1574.703 | AJ29: 296.553 | AK29: 2342.9726 | AL29: 1908.0884 | AM29: 2108.9956 | AN29: 3455.3965 | AO29: 1727.2127 | AP29: 2251.7191 | AQ29: 1514.0701 | AR29: 2116.9726 | AS29: 1762.0859 | AT29: 2987.2323 | AU29: 4579.5478 | AV29: 4171.5854 | AW29: 3788.3802 | AX29: 2334.9199 | AY29: {=INDEX('[3]Argentina Corn Exports'!$OJ$290:$OT$290,1,ROW(A5))} -> 4015.6509 | AZ29: =(SUM(AU29:AY29)/SUM(AU$38:AY$38))*AZ$38 -> 3741.6877 | BA29: =(SUM(AV29:AZ29)/SUM(AV$38:AZ$38))*BA$38 -> 3655.7303 | BC29: 1518.3589 | BD29: =AX29-BC29 -> 816.56093
A30: Jul | H30: 1732.5 | I30: 604.4 | J30: 1096.6 | K30: 729.8 | L30: 891.5 | M30: 1138.9 | N30: 107.1 | O30: 427.7 | P30: 173.5 | Q30: 276.6 | R30: 552.8 | S30: 830.293 | T30: 413.979 | U30: 403.982 | V30: 507.486 | W30: 1044.233 | X30: 820.984 | Y30: 1386.001 | Z30: 434.287 | AA30: 505.479 | AB30: 536.499 | AC30: 1007.219 | AD30: 1921.314 | AE30: 869.236 | AF30: 1670.672 | AG30: 378.954 | AH30: 1051.826 | AI30: 2090.158 | AJ30: 406.483 | AK30: 2154.2924 | AL30: 1470.3038 | AM30: 2131.7845 | AN30: 3360.4681 | AO30: 2677.8445 | AP30: 1972.4841 | AQ30: 2052.2178 | AR30: 3171.7805 | AS30: 2493.3964 | AT30: 4427.0349 | AU30: 4322.9233 | AV30: 4927.8477 | AW30: 4964.6866 | AX30: 3056.3168 | AY30: {=INDEX('[3]Argentina Corn Exports'!$OJ$290:$OT$290,1,ROW(A6))} -> 3002.9611 | AZ30: =(SUM(AU30:AY30)/SUM(AU$38:AY$38))*AZ$38 -> 4015.9551 | BA30: =(SUM(AV30:AZ30)/SUM(AV$38:AZ$38))*BA$38 -> 4043.6443 | BC30: 2078.736 | BD30: =AX30-BC30 -> 977.58084
A31: Aug | H31: 1741.3 | I31: 342.3 | J31: 656.7 | K31: 505.1 | L31: 552.9 | M31: 616.6 | N31: 225.9 | O31: 557.1 | P31: 264.9 | Q31: 378.5 | R31: 405.1 | S31: 615.62 | T31: 237.469 | U31: 226.353 | V31: 388.347 | W31: 1057.665 | X31: 699.803 | Y31: 1028.223 | Z31: 414.059 | AA31: 780.107 | AB31: 888.041 | AC31: 812.215 | AD31: 437.823 | AE31: 899.394 | AF31: 1117.503 | AG31: 540.623 | AH31: 1454.743 | AI31: 1812.147 | AJ31: 691.671 | AK31: 1482.742 | AL31: 1745.1281 | AM31: 1284.0601 | AN31: 1381.8855 | AO31: 2295.1365 | AP31: 1512.6986 | AQ31: 4107.291 | AR31: 2927.6299 | AS31: 2419.7168 | AT31: 3431.3857 | AU31: 4587.468 | AV31: 4690.4429 | AW31: 3826.7378 | AX31: 3918.3316 | AY31: {=INDEX('[3]Argentina Corn Exports'!$OJ$290:$OT$290,1,ROW(A7))} -> 3032.5805 | AZ31: =(SUM(AU31:AY31)/SUM(AU$38:AY$38))*AZ$38 -> 3972.5416 | BA31: =(SUM(AV31:AZ31)/SUM(AV$38:AZ$38))*BA$38 -> 3936.8953 | BC31: 4061.169 | BD31: =AX31-BC31 -> -142.8374
A32: Sep | H32: 840.4 | I32: 83.5 | J32: 471.6 | K32: 258.7 | L32: 220.5 | M32: 354.4 | N32: 154.2 | O32: 293.4 | P32: 107.2 | Q32: 174.7 | R32: 180 | S32: 280 | T32: 249.789 | U32: 249.202 | V32: 371.577 | W32: 315.882 | X32: 677.406 | Y32: 557.742 | Z32: 154.713 | AA32: 653.706 | AB32: 853.521 | AC32: 703.635 | AD32: 99.551 | AE32: 692.116 | AF32: 767.003 | AG32: 562.667 | AH32: 1614.222 | AI32: 1104.61 | AJ32: 98.542 | AK32: 1012.2862 | AL32: 857.10045 | AM32: 1002.4052 | AN32: 795.73032 | AO32: 1337.4199 | AP32: 1408.384 | AQ32: 1822.91 | AR32: 1999.1223 | AS32: 1815.5806 | AT32: 3261.3275 | AU32: 3029.5223 | AV32: 4351.4683 | AW32: 2837.576 | AX32: 2833.2031 | AY32: {=INDEX('[3]Argentina Corn Exports'!$OJ$290:$OT$290,1,ROW(A8))} -> 2712.835 | AZ32: =(SUM(AU32:AY32)/SUM(AU$38:AY$38))*AZ$38 -> 3122.6027 | BA32: =(SUM(AV32:AZ32)/SUM(AV$38:AZ$38))*BA$38 -> 3211.3173 | BC32: 1727.9986 | BD32: =AX32-BC32 -> 1105.2045
A33: Oct | H33: 369.2 | I33: 127.2 | J33: 279.6 | K33: 219.3 | L33: 157.3 | M33: 240.4 | N33: 214.4 | O33: 349.7 | P33: 122 | Q33: 67 | R33: 169.762 | S33: 271.559 | T33: 158.014 | U33: 163.727 | V33: 199.82 | W33: 217.268 | X33: 597.412 | Y33: 458.892 | Z33: 188.702 | AA33: 875.53 | AB33: 471.066 | AC33: 205.879 | AD33: 99.549 | AE33: 126.698 | AF33: 289.276 | AG33: 537.496 | AH33: 1591.094 | AI33: 875.409 | AJ33: 34.003 | AK33: 952.7079 | AL33: 671.83468 | AM33: 1021.192 | AN33: 274.10699 | AO33: 1819.2584 | AP33: 1091.0625 | AQ33: 2041.0446 | AR33: 2205.1887 | AS33: 2024.6285 | AT33: 3187.496 | AU33: 2542.3787 | AV33: 3793.3094 | AW33: 2117.7722 | AX33: 1415.7531 | AY33: {=INDEX('[3]Argentina Corn Exports'!$OJ$290:$OT$290,1,ROW(A9))} -> 2323.343 | AZ33: =(SUM(AU33:AY33)/SUM(AU$38:AY$38))*AZ$38 -> 2415.0627 | BA33: =(SUM(AV33:AZ33)/SUM(AV$38:AZ$38))*BA$38 -> 2443.3147 | BC33: 1990.5824 | BD33: =AX33-BC33 -> -574.82936
A34: Nov | H34: 78.5 | I34: 243.4 | J34: 218.9 | K34: 112 | L34: 87.7 | M34: 69.4 | N34: 76.4 | O34: 352.8 | P34: 94.9 | Q34: 79.5 | R34: 126.084 | S34: 149.179 | T34: 183.36 | U34: 225.402 | V34: 146.516 | W34: 252.524 | X34: 358.555 | Y34: 308.112 | Z34: 478.174 | AA34: 1317.684 | AB34: 495.571 | AC34: 56.75 | AD34: 253.888 | AE34: 21.162 | AF34: 105.196 | AG34: 472.1 | AH34: 1340.911 | AI34: 231.372 | AJ34: 38.019 | AK34: 714.6066 | AL34: 790.89506 | AM34: 1400.6015 | AN34: 185.22807 | AO34: 1051.2456 | AP34: 504.25551 | AQ34: 1775.4425 | AR34: 1958.1816 | AS34: 1243.5185 | AT34: 2865.1857 | AU34: 1520.7129 | AV34: 2477.5836 | AW34: 1847.2636 | AX34: 1053.8823 | AY34: {=INDEX('[3]Argentina Corn Exports'!$OJ$290:$OT$290,1,ROW(A10))} -> 2429.878 | AZ34: =(SUM(AU34:AY34)/SUM(AU$38:AY$38))*AZ$38 -> 1847.9221 | BA34: =(SUM(AV34:AZ34)/SUM(AV$38:AZ$38))*BA$38 -> 1955.5301 | BC34: 1699.9773 | BD34: =AX34-BC34 -> -646.09505
A35: Dec | H35: 20.9 | I35: 391.7 | J35: 230.2 | K35: 70.1 | L35: 133 | M35: 49.2 | N35: 64.5 | O35: 220.1 | P35: 84.6 | Q35: 36 | R35: 77.797 | S35: 88.268 | T35: 251.612 | U35: 139.147 | V35: 124.826 | W35: 270.489 | X35: 447.794 | Y35: 235.474 | Z35: 281.951 | AA35: 675.781 | AB35: 438.304 | AC35: 41.195 | AD35: 48.644 | AE35: 28.744 | AF35: 176.298 | AG35: 184.634 | AH35: 545.454 | AI35: 265.645 | AJ35: 2.129 | AK35: 591.44867 | AL35: 722.27296 | AM35: 1063.3091 | AN35: 218.44473 | AO35: 854.15093 | AP35: 417.59822 | AQ35: 1024.5035 | AR35: 1433.4515 | AS35: 1387.41 | AT35: 1886.0771 | AU35: 987.69218 | AV35: 2333.5371 | AW35: 1474.882 | AX35: 1212.5094 | AY35: {=INDEX('[3]Argentina Corn Exports'!$OJ$290:$OT$290,1,ROW(A11))} -> 6.8325782 | AZ35: =(SUM(AU35:AY35)/SUM(AU$38:AY$38))*AZ$38 -> 1191.5218 | BA35: =(SUM(AV35:AZ35)/SUM(AV$38:AZ$38))*BA$38 -> 1259.4582 | BC35: 1175.4269 | BD35: =AX35-BC35 -> 37.082502
A36: Jan | H36: 0 | I36: 359.4 | J36: 73.6 | K36: 37.1 | L36: 47.4 | M36: 31 | N36: 38.2 | O36: 154.1 | P36: 56.6 | Q36: 6.3 | R36: 12.62 | S36: 64.826 | T36: 123.915 | U36: 98.162 | V36: 72.563 | W36: 126.495 | X36: 223.943 | Y36: 144.171 | Z36: 254.745 | AA36: 970.194 | AB36: =#REF! -> #REF! | AC36: 26.712 | AD36: 65.995 | AE36: 73.451 | AF36: 664.72 | AG36: 21.438 | AH36: 484.757 | AI36: 511.391 | AJ36: 2.289 | AK36: 453.42438 | AL36: 462.99733 | AM36: 973.28217 | AN36: 87.353826 | AO36: 866.8705 | AP36: 1194.431 | AQ36: 701.10528 | AR36: 1762.0564 | AS36: 1036.4999 | AT36: 1862.4325 | AU36: 1682.5294 | AV36: 1848.9522 | AW36: 1007.3683 | AX36: 1927.7532 | AY36: =(SUM(AT36:AX36)/SUM(AT$38:AX$38))*AY$38 -> 1647.7104 | AZ36: =(SUM(AU36:AY36)/SUM(AU$38:AY$38))*AZ$38 -> 1607.2574 | BA36: =(SUM(AV36:AZ36)/SUM(AV$38:AZ$38))*BA$38 -> 1627.9749 | BC36: 833.41614 | BD36: =AX36-BC36 -> 1094.3371
A37: Feb | H37: 18.4 | I37: 208.3 | J37: 74.1 | K37: 0.2 | L37: 42.5 | M37: 32.6 | N37: 94.6 | O37: 96.3 | P37: 112.8 | Q37: 21.8 | R37: 28.483 | S37: 54.066 | T37: 116.407 | U37: 119.642 | V37: 97.23 | W37: 298.132 | X37: 221.761 | Y37: 165.856 | Z37: 193.441 | AA37: 593.647 | AB37: =#REF! -> #REF! | AC37: 5.636 | AD37: 64.635 | AE37: 141.884 | AF37: 219.434 | AG37: 18.379 | AH37: 196.208 | AI37: 232.379 | AJ37: 1.919 | AK37: 630.89462 | AL37: 1847.2709 | AM37: 685.27331 | AN37: 281.28002 | AO37: 710.78997 | AP37: 2610.4084 | AQ37: 249.12616 | AR37: 1466.6017 | AS37: 1411.2739 | AT37: 1666.6849 | AU37: 1074.0723 | AV37: 1747.7348 | AW37: 1591.7259 | AX37: 1929.863 | AY37: =(SUM(AT37:AX37)/SUM(AT$38:AX$38))*AY$38 -> 1584.6125 | AZ37: =AZ38-SUM(AZ26:AZ36) -> 2248.684 | BA37: =BA38-SUM(BA26:BA36) -> 2536.8649 | BC37: 4499.8416 | BD37: =AX37-BC37 -> -2569.9786
A38: Total | H38: =SUM(H26:H37) -> 9098.2 | I38: =SUM(I26:I37) -> 5763.5 | J38: =SUM(J26:J37) -> 6056.7 | K38: =SUM(K26:K37) -> 5448 | L38: =SUM(L26:L37) -> 7093.4 | M38: =SUM(M26:M37) -> 7348.1 | N38: =SUM(N26:N37) -> 4032.1 | O38: =SUM(O26:O37) -> 4350.1 | ... AX38: =SUM(AX26:AX37) -> 25241.038 | AY38: 34500 | AZ38: 34000 | BA38: 34300
A39: Mar-Feb
A40: CORN IMPORTS (1,000 Tonnes)
B41: =B2 -> 74/75 | C41: =C2 -> 75/76 | D41: =D2 -> 76/77 | E41: =E2 -> 77/78 | F41: =F2 -> 78/79 | G41: =G2 -> 79/80 | H41: =H2 -> 80/81 | I41: =I2 -> 81/82 | ... BA41: =BA2 -> 25/26
A42: Mar | X42: 0.019 | Y42: 1.062 | Z42: 0.056 | AA42: 0.587 | AB42: 0.002 | AC42: 0.001 | AD42: 0.069 | AE42: 0.033 | AF42: 0.044 | AG42: 0.119 | AH42: 0.025 | AI42: 0.014 | AJ42: 0.106 | AK42: 0.079 | AL42: 0.033 | AM42: 0.666 | AN42: 0.031 | AO42: 0 | AP42: 0.017 | AQ42: 0.029 | AR42: 0.138 | AS42: 0 | AT42: 0.076 | AU42: 0 | AV42: 0.15 | AW42: 0.06 | AX42: 0.046 | AY42: =(SUM(AT42:AX42)/SUM(AT$54:AX$54))*AY$54 -> 0.00021951865 | AZ42: =(SUM(AU42:AY42)/SUM(AU$54:AY$54))*AZ$54 -> 0.0002197423 | BA42: =(SUM(AV42:AZ42)/SUM(AV$54:AZ$54))*BA$54 -> 0.018849001
A43: Apr | X43: 0.73 | Y43: 0.027 | Z43: 0.027 | AA43: 0.08 | AB43: 21.697 | AC43: 0 | AD43: 0.113 | AE43: 0.102 | AF43: 0.086 | AG43: 0.008 | AH43: 0.008 | AI43: 0.024 | AJ43: 0.069 | AK43: 0.063 | AL43: 0.043 | AM43: 1.586 | AN43: 0 | AO43: 0.006 | AP43: 0.066 | AQ43: 0.043 | AR43: 0.276 | AS43: 0 | AT43: 0.317 | AU43: 0.032 | AV43: 0.051 | AW43: 0.014 | AX43: 1.851 | AY43: =(SUM(AT43:AX43)/SUM(AT$54:AX$54))*AY$54 -> 0.0014976197 | AZ43: =(SUM(AU43:AY43)/SUM(AU$54:AY$54))*AZ$54 -> 0.0016719534 | BA43: =(SUM(AV43:AZ43)/SUM(AV$54:AZ$54))*BA$54 -> 0.14106431
A44: May | X44: 2.052 | Y44: 0 | Z44: 0.789 | AA44: 0.211 | AB44: 0.021 | AC44: 0.019 | AD44: 0.376 | AE44: 0.005 | AF44: 0.331 | AG44: 0.066 | AH44: 0.016 | AI44: 0.026 | AJ44: 0.07 | AK44: 0.027 | AL44: 0.199 | AM44: 1.029 | AN44: 0.128 | AO44: 0 | AP44: 0.005 | AQ44: 0.06 | AR44: 0.272 | AS44: 0.005 | AT44: 1.553 | AU44: 0.563 | AV44: 0.256 | AW44: 0.099 | AX44: 0.024 | AY44: =(SUM(AT44:AX44)/SUM(AT$54:AX$54))*AY$54 -> 0.0016496958 | AZ44: =(SUM(AU44:AY44)/SUM(AU$54:AY$54))*AZ$54 -> 0.00080930506 | BA44: =(SUM(AV44:AZ44)/SUM(AV$54:AZ$54))*BA$54 -> 0.0280383
A45: Jun | X45: 1.149 | Y45: 0.826 | Z45: 0.772 | AA45: 51.74 | AB45: 0.044 | AC45: 0.047 | AD45: 0.354 | AE45: 0.271 | AF45: 0.499 | AG45: 0.039 | AH45: 0.93 | AI45: 0.81 | AJ45: 0.078 | AK45: 0.245 | AL45: 0.361 | AM45: 0.046 | AN45: 0.137 | AO45: 0.008 | AP45: 0 | AQ45: 0.086 | AR45: 0.48 | AS45: 1.008 | AT45: 0.753 | AU45: 0.111 | AV45: 0.471 | AW45: 0.789 | AX45: 0.478 | AY45: =(SUM(AT45:AX45)/SUM(AT$54:AX$54))*AY$54 -> 0.0017204443 | AZ45: =(SUM(AU45:AY45)/SUM(AU$54:AY$54))*AZ$54 -> 0.0015872388 | BA45: =(SUM(AV45:AZ45)/SUM(AV$54:AZ$54))*BA$54 -> 0.12799097
A46: Jul | X46: 0.582 | Y46: 0.344 | Z46: 0.895 | AA46: 0.053 | AB46: 0.468 | AC46: 0.504 | AD46: 0.37 | AE46: 0.042 | AF46: 0.181 | AG46: 0.16 | AH46: 0.146 | AI46: 0.875 | AJ46: 0.156 | AK46: 0.835 | AL46: 0.128 | AM46: 0.069 | AN46: 0.268 | AO46: 0 | AP46: 0.022 | AQ46: 0.26 | AR46: 0.431 | AS46: 0.985 | AT46: 0.057 | AU46: 0.138 | AV46: 0.832 | AW46: 0.362 | AX46: 0.355 | AY46: =(SUM(AT46:AX46)/SUM(AT$54:AX$54))*AY$54 -> 0.0011531341 | AZ46: =(SUM(AU46:AY46)/SUM(AU$54:AY$54))*AZ$54 -> 0.0014478157 | BA46: =(SUM(AV46:AZ46)/SUM(AV$54:AZ$54))*BA$54 -> 0.114047
A47: Aug | X47: 4.274 | Y47: 1.069 | Z47: 1.201 | AA47: 0.573 | AB47: 0.272 | AC47: 0.302 | AD47: 0.248 | AE47: 0.067 | AF47: 0.14 | AG47: 0.225 | AH47: 0.469 | AI47: 0.384 | AJ47: 0.126 | AK47: 0.645 | AL47: 1.015 | AM47: 1.18 | AN47: 1.276 | AO47: 0.072 | AP47: 1.049 | AQ47: 0.184 | AR47: 0.457 | AS47: 0.642 | AT47: 0.214 | AU47: 0.454 | AV47: 0.304 | AW47: 0.226 | AX47: 0.574 | AY47: =(SUM(AT47:AX47)/SUM(AT$54:AX$54))*AY$54 -> 0.0011716477 | AZ47: =(SUM(AU47:AY47)/SUM(AU$54:AY$54))*AZ$54 -> 0.001337197 | BA47: =(SUM(AV47:AZ47)/SUM(AV$54:AZ$54))*BA$54 -> 0.081331485
A48: Sep | X48: 5.018 | Y48: 0.338 | Z48: 0.313 | AA48: 0.395 | AB48: 0.283 | AC48: 0.408 | AD48: 0.886 | AE48: 0.444 | AF48: 0.295 | AG48: 0.431 | AH48: 0.76 | AI48: 0.624 | AJ48: 1.479 | AK48: 1.211 | AL48: 1.256 | AM48: 1.135 | AN48: 0.472 | AO48: 0.37 | AP48: 0.172 | AQ48: 0.43 | AR48: 5.382 | AS48: 0.276 | AT48: 0.474 | AU48: 0.146 | AV48: 0.245 | AW48: 0.869 | AX48: 0.656 | AY48: =(SUM(AT48:AX48)/SUM(AT$54:AX$54))*AY$54 -> 0.0015802698 | AZ48: =(SUM(AU48:AY48)/SUM(AU$54:AY$54))*AZ$54 -> 0.00164458 | BA48: =(SUM(AV48:AZ48)/SUM(AV$54:AZ$54))*BA$54 -> 0.13033697
A49: Oct | X49: 5.162 | Y49: 0.745 | Z49: 0.412 | AA49: 0.595 | AB49: 0.223 | AC49: 0.462 | AD49: 0.485 | AE49: 0.396 | AF49: 0.192 | AG49: 0.195 | AH49: 0.505 | AI49: 1.351 | AJ49: 0.308 | AK49: 1.438 | AL49: 1.029 | AM49: 0.92 | AN49: 0.213 | AO49: 0.985 | AP49: 0.083 | AQ49: 0.714 | AR49: 2.337 | AS49: 1.853 | AT49: 0.268 | AU49: 0.696 | AV49: 0.903 | AW49: 1.608 | AX49: 4.19 | AY49: =(SUM(AT49:AX49)/SUM(AT$54:AX$54))*AY$54 -> 0.0050681037 | AZ49: =(SUM(AU49:AY49)/SUM(AU$54:AY$54))*AZ$54 -> 0.0063482574 | BA49: =(SUM(AV49:AZ49)/SUM(AV$54:AZ$54))*BA$54 -> 0.49338132
A50: Nov | X50: 5.805 | Y50: 0.024 | Z50: 0.031 | AA50: 0.081 | AB50: 0.043 | AC50: 0.027 | AD50: 0.021 | AE50: 0.36 | AF50: 0.017 | AG50: 0.074 | AH50: 0.946 | AI50: 0.473 | AJ50: 0.797 | AK50: 1.385 | AL50: 0.539 | AM50: 0.233 | AN50: 0.141 | AO50: 0.359 | AP50: 0.098 | AQ50: 0.14 | AR50: 1.122 | AS50: 0.97 | AT50: 0.709 | AU50: 1.359 | AV50: 1.994 | AW50: 3.428 | AX50: 4.499 | AY50: =(SUM(AT50:AX50)/SUM(AT$54:AX$54))*AY$54 -> 0.0079271357 | AZ50: =(SUM(AU50:AY50)/SUM(AU$54:AY$54))*AZ$54 -> 0.0096808981 | BA50: =(SUM(AV50:AZ50)/SUM(AV$54:AZ$54))*BA$54 -> 0.7305154
A51: Dec | X51: 1.368 | Y51: 0.048 | Z51: 0.043 | AA51: 0.028 | AB51: 0.037 | AC51: 0.031 | AD51: 0.03 | AE51: 0.076 | AF51: 0.236 | AG51: 0.077 | AH51: 0.119 | AI51: 1.221 | AJ51: 0.292 | AK51: 0.759 | AL51: 0.151 | AM51: 0.213 | AN51: 0.13 | AO51: 0.235 | AP51: 0.978 | AQ51: 0.116 | AR51: 0.161 | AS51: 0.392 | AT51: 0.529 | AU51: 0.096 | AV51: 0.159 | AW51: 0.659 | AX51: 3.033 | AY51: =(SUM(AT51:AX51)/SUM(AT$54:AX$54))*AY$54 -> 0.0029595345 | AZ51: =(SUM(AU51:AY51)/SUM(AU$54:AY$54))*AZ$54 -> 0.0033876154 | BA51: =(SUM(AV51:AZ51)/SUM(AV$54:AZ$54))*BA$54 -> 0.28352577
A52: Jan | X52: 1.325 | Y52: 0.01 | Z52: 0.045 | AA52: 0.052 | AB52: 0.025 | AC52: 0.001 | AD52: 0.066 | AE52: 0.003 | AF52: 0.005 | AG52: 0.283 | AH52: 0.034 | AI52: 0.241 | AJ52: 0.144 | AK52: 0.155 | AL52: 0.195 | AM52: 0.061 | AN52: 0.263 | AO52: 0.071 | AP52: 0.079 | AQ52: 0.001 | AR52: 0.001 | AS52: 0.121 | AT52: 0.202 | AU52: 0.056 | AV52: 0.069 | AW52: 0.062 | AX52: =(SUM(AS52:AW52)/SUM(AS$54:AW$54))*AX$54 -> 0.0022072571 | AY52: =(SUM(AT52:AX52)/SUM(AT$54:AX$54))*AY$54 -> 0.00025866653 | AZ52: =(SUM(AU52:AY52)/SUM(AU$54:AY$54))*AZ$54 -> 0.00016249222 | BA52: =(SUM(AV52:AZ52)/SUM(AV$54:AZ$54))*BA$54 -> 0.0098220611
A53: Feb | X53: 3.059 | Y53: 0.028 | Z53: 0 | AA53: 20.034 | AB53: 0.002 | AC53: 0.008 | AD53: 0.003 | AE53: 0.247 | AF53: 0.001 | AG53: 0 | AH53: 0.059 | AI53: 0.219 | AJ53: 0.082 | AK53: 0.258 | AL53: 0.1 | AM53: 0 | AN53: 0.017 | AO53: 0.029 | AP53: 0.03 | AQ53: 0.057 | AR53: 0.041 | AS53: 0.069 | AT53: 0.059 | AU53: 0.045 | AV53: 0.031 | AW53: 0.013 | AX53: =AX54-SUM(AX42:AX52) -> -15.583207 | AY53: =AY54-SUM(AY42:AY52) -> -0.01020577 | AZ53: =AZ54-SUM(AZ42:AZ52) -> -0.013297095 | BA53: =BA54-SUM(BA42:BA52) -> -1.1439026
A54: Total | X54: =SUM(X42:X53) -> 30.543 | Y54: =SUM(Y42:Y53) -> 4.521 | Z54: =SUM(Z42:Z53) -> 4.584 | AA54: =SUM(AA42:AA53) -> 74.429 | AB54: =SUM(AB42:AB53) -> 23.117 | AC54: =SUM(AC42:AC53) -> 1.81 | AD54: =SUM(AD42:AD53) -> 3.021 | AE54: =SUM(AE42:AE53) -> 2.046 | ... AW54: =SUM(AW42:AW53) -> 8.189 | AX54: =AX10 -> 0.125 | AY54: =AY10 -> 0.015 | AZ54: =AZ10 -> 0.015 | BA54: =BA10 -> 1.015
A57: Argentina Ministry of Agriculture (Million Tonnes/Million Hectares) | G57: 1980 | H57: 1981 | I57: 1982 | J57: 1983 | K57: 1984 | L57: 1985 | M57: 1986 | N57: 1987 | O57: 1988 | P57: 1989 | Q57: 1990 | R57: 1991 | S57: 1992 | T57: 1993 | U57: 1994 | V57: 1995 | W57: 1996 | X57: 1997 | Y57: 1998 | Z57: 1999 | AA57: 2000 | AB57: 2001 | AC57: 2002 | AD57: 2003 | AE57: 2004 | AF57: 2005 | AG57: 2006 | AH57: 2007 | AI57: 2008 | AJ57: 2009 | AK57: 2010 | AL57: 2011 | AM57: 2012 | AN57: 2013 | AO57: 2014 | AP57: 2015 | AQ57: 2016 | AR57: 2017 | AS57: 2018 | AT57: 2019 | AU57: 2020 | AV57: 2021 | AW57: 2022 | AX57: 2023 | AY57: 2024 | AZ57: 2025 | BA57: 2026
B58: =B$2 -> 74/75 | C58: =C$2 -> 75/76 | D58: =D$2 -> 76/77 | E58: =E$2 -> 77/78 | F58: =F$2 -> 78/79 | G58: =G$2 -> 79/80 | H58: =H$2 -> 80/81 | I58: =I$2 -> 81/82 | ... BA58: =BA$2 -> 25/26
A59: Planted Area | B59: 3.86985 | C59: 3.6949 | D59: 2.9789 | E59: 3.0992 | F59: 3.29935 | G59: 3.30945 | H59: 3.99955 | I59: 3.69465 | J59: 3.4395 | K59: 3.4831 | L59: 3.6199 | M59: 3.8198 | N59: 3.64988 | O59: 2.824894 | P59: 2.6848 | Q59: 2.06982 | R59: 2.1597 | S59: 2.684 | T59: 2.96082 | U59: 2.78058 | V59: 2.9572 | W59: 3.41435 | X59: 4.1532 | Y59: 3.75163 | Z59: 3.27005 | AA59: 3.6519 | AB59: 3.494523 | AC59: 3.061661 | AD59: 3.060374 | AE59: 2.9624 | AF59: 3.403837 | AG59: 3.19044 | AH59: 3.578235 | AI59: 4.238329 | AJ59: 3.501328 | AK59: 3.67126 | AL59: 4.561101 | AM59: 5.00033 | AN59: 6.133378 | AO59: 6.098885 | AP59: 6.03448 | AQ59: 6.904538 | AR59: 8.486694 | AS59: 9.139766 | AT59: 9.039594 | AU59: 9.504473 | AV59: 9.74223 | AW59: 10.6 | AX59: 10.5 | AY59: =FORECAST(AY57,AO59:AX59,AO57:AX57)-1 -> 10.562076
A60: Harvested Area | B60: 3.06915 | C60: 2.7652 | D60: 2.53112 | E60: 2.6593 | F60: 2.7995 | G60: 2.4896 | H60: 3.3937 | I60: 3.16965 | J60: 2.9695 | K60: 3.0239 | L60: 3.3399 | M60: 3.2308 | N60: 2.89988 | O60: 2.437394 | P60: 1.68355 | Q60: 1.560149 | R60: 1.8997 | S60: 2.36394 | T60: 2.50111 | U60: 2.44424 | V60: 2.52125 | W60: 2.60352 | X60: 3.410185 | Y60: 3.18539 | Z60: 2.51445 | AA60: 3.088715 | AB60: 2.815504 | AC60: 2.420124 | AD60: 2.300857 | AE60: 2.307602 | AF60: 2.783436 | AG60: 2.447166 | AH60: 2.838072 | AI60: 3.413784 | AJ60: 2.362508 | AK60: 2.904035 | AL60: 3.747838 | AM60: 3.6963 | AN60: 4.863801 | AO60: 4.836655 | AP60: 4.62688 | AQ60: 5.346593 | AR60: 6.536763 | AS60: 7.13862 | AT60: 7.232761 | AU60: 7.730506 | AV60: 8.146596 | AW60: 8.7 | AX60: 8.1 | AY60: =AY5 -> 7.727744
A61: Production | B61: 7.69875 | C61: 5.85409 | D61: 8.298552 | E61: 9.69855 | F61: 8.69908 | G61: 6.39922 | H61: 12.89915 | I61: 9.599125 | J61: 8.999 | K61: 9.49739 | L61: 11.89973 | M61: 12.0995 | N61: 9.24973 | O61: 9.19969 | P61: 4.89962 | Q61: 5.39958 | R61: 7.6838 | S61: 10.696 | T61: 10.8955 | U61: 10.3572 | V61: 11.402541 | W61: 10.51763 | X61: 15.53612 | Y61: 19.360655 | Z61: 13.5034 | AA61: 16.78065 | AB61: 15.359397 | AC61: 14.71208 | AD61: 15.002219 | AE61: 14.818788 | AF61: 20.482572 | AG61: 14.445538 | AH61: 21.755365 | AI61: 22.026803 | AJ61: 13.134436 | AK61: 22.663096 | AL61: 23.79983 | AM61: 21.196637 | AN61: 32.045751 | AO61: 33.087165 | AP61: 33.817449 | AQ61: 39.792854 | AR61: 49.490326 | AS61: 43.462323 | AT61: 56.860704 | AU61: 58.395811 | AV61: 60.525805 | AW61: 59.037179 | AX61: 41.4 | AY61: =AY9 -> 51.6
A62: http://www.siia.gov.ar/index.php/series-por-tema/agricultura
A64: Bolsa De Cereales (Million Tonnes/Million Hectares) | G64: 1980 | H64: 1981 | I64: 1982 | J64: 1983 | K64: 1984 | L64: 1985 | M64: 1986 | N64: 1987 | O64: 1988 | P64: 1989 | Q64: 1990 | R64: 1991 | S64: 1992 | T64: 1993 | U64: 1994 | V64: 1995 | W64: 1996 | X64: 1997 | Y64: 1998 | Z64: 1999 | AA64: 2000 | AB64: 2001 | AC64: 2002 | AD64: 2003 | AE64: 2004 | AF64: 2005 | AG64: 2006 | AH64: 2007 | AI64: 2008 | AJ64: 2009 | AK64: 2010 | AL64: 2011 | AM64: 2012 | AN64: 2013 | AO64: 2014 | AP64: 2015 | AQ64: 2016 | AR64: 2017 | AS64: 2018 | AT64: 2019 | AU64: 2020 | AV64: 2021 | AW64: 2022 | AX64: 2023 | AY64: 2024 | AZ64: 2025 | BA64: 2026
B65: =B$2 -> 74/75 | C65: =C$2 -> 75/76 | D65: =D$2 -> 76/77 | E65: =E$2 -> 77/78 | F65: =F$2 -> 78/79 | G65: =G$2 -> 79/80 | H65: =H$2 -> 80/81 | I65: =I$2 -> 81/82 | ... BA65: =BA$2 -> 25/26
A66: Planted Area | AB66: 3.75 | AC66: 3 | AD66: 2.9 | AE66: 2.8 | AF66: 3.4 | AG66: 2.95 | AH66: 3.45 | AI66: 3.9 | AJ66: 3.75 | AK66: 3.2 | AL66: 4.5 | AM66: 5.2 | AN66: 4.6 | AO66: 4.5 | AP66: 4.2 | AQ66: 4.4 | AR66: 5.5 | AS66: 6.45 | AT66: 6.9 | AU66: 6.9 | AV66: 7.1 | AW66: 7.7 | AX66: 7.6 | AY66: 8.4 | AZ66: 7.1
A67: Harvested Area | AB67: 3.172 | AC67: 2.66 | AD67: 2.855 | AE67: 2.754 | AF67: 3.383 | AG67: 2.891 | AH67: 3.385 | AI67: 3.733 | AJ67: 3.265 | AK67: 3.1395 | AL67: 4.337 | AM67: 4.79 | AN67: 4.308 | AO67: 4.33 | AP67: 4.03 | AQ67: 4.245 | AR67: 5.244 | AS67: 6.21 | AT67: 6.68 | AU67: 6.69 | AV67: 6.94 | AW67: 7.44 | AX67: 7.200571 | AY67: 7.727744
A68: Production | AB68: 18.3 | AC68: 17 | AD68: 20 | AE68: 18.5 | AF68: 25.6 | AG68: 18.7 | AH68: 27 | AI68: 25.5 | AJ68: 19.5 | AK68: 27 | AL68: 29.5 | AM68: 26.5 | AN68: 31.5 | AO68: 32.5 | AP68: 32.5 | AQ68: 34.5 | AR68: 42 | AS68: 37.3 | AT68: 55.5 | AU68: 54.5 | AV68: 55 | AW68: 52 | AX68: 37 | AY68: 51.6 | AZ68: 49
A69: https://www.bolsadecereales.com/estimaciones-informes
A71: USDA (Million Tonnes/Million Hectares) | G71: 1980 | H71: 1981 | I71: 1982 | J71: 1983 | K71: 1984 | L71: 1985 | M71: 1986 | N71: 1987 | O71: 1988 | P71: 1989 | Q71: 1990 | R71: 1991 | S71: 1992 | T71: 1993 | U71: 1994 | V71: 1995 | W71: 1996 | X71: 1997 | Y71: 1998 | Z71: 1999 | AA71: 2000 | AB71: 2001 | AC71: 2002 | AD71: 2003 | AE71: 2004 | AF71: 2005 | AG71: 2006 | AH71: 2007 | AI71: 2008 | AJ71: 2009 | AK71: 2010 | AL71: 2011 | AM71: 2012 | AN71: 2013 | AO71: 2014 | AP71: 2015 | AQ71: 2016 | AR71: 2017 | AS71: 2018 | AT71: 2019 | AU71: 2020 | AV71: 2021 | AW71: 2022 | AX71: 2023 | AY71: 2024 | AZ71: 2025 | BA71: 2026
B72: =B$2 -> 74/75 | C72: =C$2 -> 75/76 | D72: =D$2 -> 76/77 | E72: =E$2 -> 77/78 | F72: =F$2 -> 78/79 | G72: =G$2 -> 79/80 | H72: =H$2 -> 80/81 | I72: =I$2 -> 81/82 | ... BA72: =BA$2 -> 25/26
A73: Planted Area
A74: Harvested Area | AB74: 2.816 | AC74: 2.42 | AD74: 2.45 | AE74: 2.339 | AF74: 2.783 | AG74: 2.44 | AH74: 2.8 | AI74: 3.412 | AJ74: 2.5 | AK74: 3 | AL74: 3.75 | AM74: 3.6 | AN74: 4.308 | AO74: 4.33 | AP74: 4.03 | AQ74: 4.245 | AR74: 5.244 | AS74: 6.21 | AT74: 6.68 | AU74: 6.69 | AV74: 6.94 | AW74: 7.44 | AX74: 6.75 | AY74: 7 | AZ74: 6.4 | BA74: 6.4
A75: Production | AB75: 15.359 | AC75: 14.712 | AD75: 15.5 | AE75: 14.951 | AF75: 20.483 | AG75: 15.8 | AH75: 22.5 | AI75: 22.017 | AJ75: 15.5 | AK75: 25 | AL75: 25.2 | AM75: 21 | AN75: 31.5 | AO75: 32.5 | AP75: 32.5 | AQ75: 34.5 | AR75: 42 | AS75: 37.3 | AT75: 55.5 | AU75: 54.5 | AV75: 55 | AW75: 52 | AX75: 36 | AY75: 53 | AZ75: 51 | BA75: 51
A76: https://apps.fas.usda.gov/psdonline/app/index.html#/app/advQuery
A78: Soybean Acres | B78: ='[4]Argentina Soy Complex'!M$4/1000 -> 0.4425 | C78: ='[4]Argentina Soy Complex'!N$4/1000 -> 0.71 | D78: ='[4]Argentina Soy Complex'!O$4/1000 -> 1.2 | E78: ='[4]Argentina Soy Complex'!P$4/1000 -> 1.64 | F78: ='[4]Argentina Soy Complex'!Q$4/1000 -> 2.1 | G78: ='[4]Argentina Soy Complex'!R$4/1000 -> 1.925 | H78: ='[4]Argentina Soy Complex'!S$4/1000 -> 2.04 | I78: ='[4]Argentina Soy Complex'!T$4/1000 -> 2.362 | ... BA78: ='[4]Argentina Soy Complex'!BL$4/1000 -> 18.25
A79: Wheat Acres | B79: 5.18278 | C79: 5.7528 | D79: 7.19182 | E79: 4.59985 | F79: 5.22986 | G79: 4.99985 | H79: 6.19587 | I79: 6.56581 | J79: 7.4098 | K79: 7.19986 | L79: 6 | M79: 5.7 | N79: 5 | O79: 4.85 | P79: 4.75 | Q79: 5.5 | R79: 6.1784 | S79: 4.75085 | T79: 4.5477 | U79: 4.9099 | V79: 5.30785 | W79: 5.0878 | X79: 7.36685 | Y79: 5.918665 | Z79: 5.45325 | AA79: 6.3 | AB79: 6.4966 | AC79: 7.1089 | AD79: 6.30021 | AE79: 6.039857 | AF79: 6.255365 | AG79: 5.222485 | AH79: 5.675975 | AI79: 5.951577 | AJ79: 4.733735 | AK79: 3.556705 | AL79: 4.58225 | AM79: 4.6306 | AN79: 3.162138 | AO79: 3.64807 | AP79: 5.261085 | AQ79: 4.381128 | AR79: 6.364015 | AS79: 5.92761 | AT79: 6.287149 | AU79: 6.951171 | AV79: 6.729898 | AW79: 6.751729 | AX79: 6.1 | AY79: 6.2 | AZ79: 7.2 | BA79: 8.2
A80: Total Corn. Soybean, and Wheat Acres | B80: =B79+B78+B59 -> 9.49513 | C80: =C79+C78+C59 -> 10.1577 | D80: =D79+D78+D59 -> 11.37072 | E80: =E79+E78+E59 -> 9.33905 | F80: =F79+F78+F59 -> 10.62921 | G80: =G79+G78+G59 -> 10.2343 | H80: =H79+H78+H59 -> 12.23542 | I80: =I79+I78+I59 -> 12.62246 | ... BA80: =BA79+BA78+BA59 -> 26.45
A81: Export Quota
A83: Exports (Sep/Aug) | I83: =SUM(I32:I37,J26:J31) -> 6122.2 | J83: =SUM(J32:J37,K26:K31) -> 6098.6 | K83: =SUM(K32:K37,L26:L31) -> 7102.4 | L83: =SUM(L32:L37,M26:M31) -> 7259.5 | M83: =SUM(M32:M37,N26:N31) -> 4166.8 | N83: =SUM(N32:N37,O26:O31) -> 3526 | O83: =SUM(O32:O37,P26:P31) -> 2686.4 | P83: =SUM(P32:P37,Q26:Q31) -> 2971.8 | ... AX83: =SUM(AX32:AX37,AY26:AY31) -> 30743.176
A84: Exports (Oct/Sep) | I84: =SUM(I33:I37,J26:J32) -> 6510.3 | J84: =SUM(J33:J37,K26:K32) -> 5885.7 | K84: =SUM(K33:K37,L26:L32) -> 7064.2 | L84: =SUM(L33:L37,M26:M32) -> 7393.4 | M84: =SUM(M33:M37,N26:N32) -> 3966.6 | N84: =SUM(N33:N37,O26:O32) -> 3665.2 | O84: =SUM(O33:O37,P26:P32) -> 2500.2 | P84: =SUM(P33:P37,Q26:Q32) -> 3039.3 | ... AX84: =SUM(AX33:AX37,AY26:AY32) -> 30622.808
A87: Argentina corn stocks
A88: Argentina wheat stocks
A90: USDA Production | B90: 7700 | C90: 5855 | D90: 8300 | E90: 9700 | F90: 9000 | G90: 6400 | H90: 12900 | I90: 9600 | J90: 9000 | K90: 9500 | L90: 11900 | M90: 12400 | N90: 9250 | O90: 9200 | P90: 4900 | Q90: 5200 | R90: 7685 | S90: 10600 | T90: 10200 | U90: 10000 | V90: 11404 | W90: 11100 | X90: 15537 | Y90: 19361 | Z90: 13504 | AA90: 17200 | AB90: 15359 | AC90: 14712 | AD90: 15500 | AE90: 14951 | AF90: 20483 | AG90: 15800 | AH90: 22500 | AI90: 22017 | AJ90: 15500 | AK90: 25000 | AL90: 25200 | AM90: 21000 | AN90: 27000 | AO90: 26000 | AP90: 29750 | AQ90: 29500 | AR90: 41000 | AS90: 32000 | AT90: 51000 | AU90: 51000 | AV90: 52000 | AW90: 51500 | AX90: 37000
B91: =B90/1000-B61 -> 0.00125 | C91: =C90/1000-C61 -> 0.00091 | D91: =D90/1000-D61 -> 0.001448 | E91: =E90/1000-E61 -> 0.00145 | F91: =F90/1000-F61 -> 0.30092 | G91: =G90/1000-G61 -> 0.00078 | H91: =H90/1000-H61 -> 0.00085 | I91: =I90/1000-I61 -> 0.000875 | ... AX91: =AX90/1000-AX61 -> -4.4
AX92: =AX90/1000-AVERAGE(AN91:AW91) -> 44.576537
AX95: =AX9-7.5 -> 29.5
A98: CORN GRIND (1,000 Tonnes) | BB98: MAGyP Corn Grind
B99: =B2 -> 74/75 | C99: =C2 -> 75/76 | D99: =D2 -> 76/77 | E99: =E2 -> 77/78 | F99: =F2 -> 78/79 | G99: =G2 -> 79/80 | H99: =H2 -> 80/81 | I99: =I2 -> 81/82 | ... BA99: =BA2 -> 25/26
A100: Mar | AP100: 457.367 | AQ100: 466.502 | AR100: 479.873 | AS100: 517.599 | AT100: 504.97 | AU100: 531.721 | AV100: 598.338 | AW100: 598.338 | AX100: 627.426 | AY100: 660.959 | AZ100: 551.661 | BA100: 571.545
A101: Apr | AP101: 447.589 | AQ101: 457.099 | AR101: 449.431 | AS101: 516.933 | AT101: 524.169 | AU101: 472.932 | AV101: 575.99 | AW101: 575.99 | AX101: 611.962 | AY101: 636.969 | AZ101: 525.148 | BA101: 587.008
A102: May | AP102: 462.229 | AQ102: 417.92 | AR102: 455.56 | AS102: 519.924 | AT102: 520.625 | AU102: 499.737 | AV102: 535.824 | AW102: 535.824 | AX102: 635.799 | AY102: 654.484 | AZ102: 578.246 | BA102: 605.774
A103: Jun | AP103: 463.036 | AQ103: 404.035 | AR103: 471.383 | AS103: 494.874 | AT103: 471.729 | AU103: 530.397 | AV103: 517.997 | AW103: 517.997 | AX103: 611.817 | AY103: 654.859 | AZ103: 550.417 | BA103: 598.994
A104: Jul | AP104: 489.874 | AQ104: 425.787 | AR104: 475.235 | AS104: 514.497 | AT104: 518.727 | AU104: 571.978 | AV104: 862.632 | AW104: 562.632 | AX104: 602.053 | AY104: 654.906 | AZ104: 625.511 | BA104: 637.925
A105: Aug | AP105: 441.255 | AQ105: 463.206 | AR105: 483.268 | AS105: 522.931 | AT105: 511.227 | AU105: 570.716 | AV105: 597.245 | AW105: 597.245 | AX105: 636.824 | AY105: 662.683 | AZ105: 623.534 | BA105: 628.028
A106: Sep | AP106: 493.841 | AQ106: 448.784 | AR106: 487.019 | AS106: 495.63 | AT106: 516.056 | AU106: 560.186 | AV106: 608.935 | AW106: 608.935 | AX106: 620.087 | AY106: 636.381 | AZ106: 598.296 | BA106: 591.897
A107: Oct | AP107: 503.228 | AQ107: 420.647 | AR107: 506.359 | AS107: 532.671 | AT107: 550.736 | AU107: 585.323 | AV107: 611.961 | AW107: 611.961 | AX107: 625.014 | AY107: 644.69 | AZ107: 634.683 | BA107: =BA$112*(SUM(AV107:AZ107)/SUM(AV$112:AZ$112)) -> 666.93436
A108: Nov | AP108: 448.158 | AQ108: 449.966 | AR108: 502.225 | AS108: 530.76 | AT108: 541.988 | AU108: 548.237 | AV108: 621.54 | AW108: 621.54 | AX108: 598.881 | AY108: 654.664 | AZ108: 609.245 | BA108: =BA$112*(SUM(AV108:AZ108)/SUM(AV$112:AZ$112)) -> 662.15052
A109: Dec | AP109: 456.947 | AQ109: 406.866 | AR109: 472.799 | AS109: 537.592 | AT109: 531.772 | AU109: 539.929 | AV109: 627.05 | AW109: 627.05 | AX109: 618.386 | AY109: 597.421 | AZ109: 600.726 | BA109: =BA$112*(SUM(AV109:AZ109)/SUM(AV$112:AZ$112)) -> 654.63823
A110: Jan | AO110: 434.901 | AP110: 451.414 | AQ110: 442.819 | AR110: 506.269 | AS110: 498.067 | AT110: 520.05 | AU110: 525.784 | AV110: 525.784 | AW110: 578.635 | AX110: 610.642 | AY110: 597.052 | AZ110: 590.16 | BA110: =BA$112*(SUM(AV110:AZ110)/SUM(AV$112:AZ$112)) -> 618.74501
A111: Feb | AO111: 417.929 | AP111: 416.106 | AQ111: 391.675 | AR111: 460.507 | AS111: 465.118 | AT111: 471.568 | AU111: 529.164 | AV111: 529.164 | AW111: 555.213 | AX111: 565.778 | AY111: 545.054 | AZ111: 541.217 | BA111: =BA112-SUM(BA100:BA110) -> 893.41395
A112: Total | AP112: =SUM(AP100:AP111) -> 5531.044 | AQ112: =SUM(AQ100:AQ111) -> 5195.306 | AR112: =SUM(AR100:AR111) -> 5749.928 | AS112: =SUM(AS100:AS111) -> 6146.596 | AT112: =SUM(AT100:AT111) -> 6183.617 | AU112: =SUM(AU100:AU111) -> 6466.104 | AV112: =SUM(AV100:AV111) -> 7212.46 | AW112: =SUM(AW100:AW111) -> 6991.36 | ... AZ112: =SUM(AZ100:AZ111) -> 7028.844 | BA112: =BA13*1000 -> 7717.0531
A114: MAGyP Domestic Use
A115: Calendar Year | AI115: 2009 | AJ115: 2010 | AK115: 2011 | AL115: 2012 | AM115: 2013 | AN115: 2014 | AO115: 2015 | AP115: 2016 | AQ115: 2017 | AR115: 2018 | AS115: 2019 | AT115: 2020 | AU115: 2021 | AV115: 2022 | AW115: 2023 | AX115: 2024 | AY115: 2025 | AZ115: 2026 | BA115: 2027
A116: Feed | AM116: 11.045 | AN116: 12.013 | AO116: 13.617 | AP116: 13.174 | AQ116: 15.844 | AR116: =AR$120*(SUM(AM116:AQ116)/SUM(AM$120:AQ$120)) -> 14.323702 | AS116: =AS$120*(SUM(AN116:AR116)/SUM(AN$120:AR$120)) -> 14.527951 | AT116: =AT$120*(SUM(AO116:AS116)/SUM(AO$120:AS$120)) -> 14.145443 | AU116: =AU$120*(SUM(AP116:AT116)/SUM(AP$120:AT$120)) -> 8.5905592 | AV116: =AV$120*(SUM(AQ116:AU116)/SUM(AQ$120:AU$120)) -> 7.6080599 | AW116: =AW$120*(SUM(AR116:AV116)/SUM(AR$120:AV$120)) -> 7.4330253 | AX116: =AX$120*(SUM(AS116:AW116)/SUM(AS$120:AW$120)) -> 4.7489285 | AY116: =AY$120*(SUM(AT116:AX116)/SUM(AT$120:AX$120)) -> 7.0388752 | ... BA116: =BA$120*(SUM(AV116:AZ116)/SUM(AV$120:AZ$120)) -> 7.4574185
A117: Human Consumption | AM117: 1.462 | AN117: 1.41 | AO117: 1.502 | AP117: 1.431 | AQ117: 1.329 | AR117: =AR$120*(SUM(AM117:AQ117)/SUM(AM$120:AQ$120)) -> 1.5554974 | AS117: =AS$120*(SUM(AN117:AR117)/SUM(AN$120:AR$120)) -> 1.522374 | AT117: =AT$120*(SUM(AO117:AS117)/SUM(AO$120:AS$120)) -> 1.4523793 | AU117: =AU$120*(SUM(AP117:AT117)/SUM(AP$120:AT$120)) -> 0.86964169 | AV117: =AV$120*(SUM(AQ117:AU117)/SUM(AQ$120:AU$120)) -> 0.75919561 | AW117: =AW$120*(SUM(AR117:AV117)/SUM(AR$120:AV$120)) -> 0.77337788 | AX117: =AX$120*(SUM(AS117:AW117)/SUM(AS$120:AW$120)) -> 0.48819081 | AY117: =AY$120*(SUM(AT117:AX117)/SUM(AT$120:AX$120)) -> 0.71881466 | ... BA117: =BA$120*(SUM(AV117:AZ117)/SUM(AV$120:AZ$120)) -> 0.76118783
A118: Ethanol | AM118: 0.456 | AN118: 1.55 | AO118: 1.488 | AP118: 1.539 | AQ118: 1.698 | AR118: =AR$120*(SUM(AM118:AQ118)/SUM(AM$120:AQ$120)) -> 1.4676272 | AS118: =AS$120*(SUM(AN118:AR118)/SUM(AN$120:AR$120)) -> 1.6308791 | AT118: =AT$120*(SUM(AO118:AS118)/SUM(AO$120:AS$120)) -> 1.5480787 | AU118: =AU$120*(SUM(AP118:AT118)/SUM(AP$120:AT$120)) -> 0.94041955 | AV118: =AV$120*(SUM(AQ118:AU118)/SUM(AQ$120:AU$120)) -> 0.82193966 | AW118: =AW$120*(SUM(AR118:AV118)/SUM(AR$120:AV$120)) -> 0.80475158 | AX118: =AX$120*(SUM(AS118:AW118)/SUM(AS$120:AW$120)) -> 0.5217025 | AY118: =AY$120*(SUM(AT118:AX118)/SUM(AT$120:AX$120)) -> 0.76749499 | ... BA118: =BA$120*(SUM(AV118:AZ118)/SUM(AV$120:AZ$120)) -> 0.8107854
...

Sheet Brazil
A1: BRAZIL CORN SUPPLY AND DEMAND (Milllion Tonnes/Million Hectares)
A2: BR | B2: 74/75 | C2: 75/76 | D2: 76/77 | E2: 77/78 | F2: 78/79 | G2: 79/80 | H2: 80/81 | I2: 81/82 | J2: 82/83 | K2: 83/84 | L2: 84/85 | M2: 85/86 | N2: 86/87 | O2: 87/88 | P2: 88/89 | Q2: 89/90 | R2: 90/91 | S2: 91/92 | T2: 92/93 | U2: 93/94 | V2: 94/95 | W2: 95/96 | X2: 96/97 | Y2: 97/98 | Z2: 98/99 | AA2: 99/00 | AB2: 00/01 | AC2: 01/02 | AD2: 02/03 | AE2: 03/04 | AF2: 04/05 | AG2: 05/06 | AH2: 06/07 | AI2: 07/08 | AJ2: 08/09 | AK2: 09/10 | AL2: 10/11 | AM2: 11/12 | AN2: 12/13 | AO2: 13/14 | AP2: 14/15 | AQ2: 15/16 | AR2: 16/17 | AS2: 17/18 | AT2: 18/19 | AU2: 19/20 | AV2: 20/21 | AW2: 21/22 | AX2: 22/23 | AY2: 23/24 | AZ2: 24/25 | BA2: 25/26
A3: Planted Area | AX3: 22.2674 | AY3: 21.0585 | AZ3: 21.8575 | BA3: 22.6884
A4: Harvested Area | B4: 10.8 | C4: 11.118 | D4: =SUM(D93:D95)/1000 -> 11.797336 | E4: =SUM(E93:E95)/1000 -> 10.98506 | F4: =SUM(F93:F95)/1000 -> 11.304813 | G4: =SUM(G93:G95)/1000 -> 11.669883 | H4: =SUM(H93:H95)/1000 -> 12.147144 | I4: =SUM(I93:I95)/1000 -> 12.771052 | J4: =SUM(J93:J95)/1000 -> 11.658185 | K4: =SUM(K93:K95)/1000 -> 12.205629 | ... BA4: =SUM(BA93:BA95)/1000 -> 23.530868
A5: Yield | B5: =B7/B4 -> 1.5142593 | C5: =C7/C4 -> 1.5966001 | D5: =D7/D4 -> 1.6322098 | E5: =E7/E4 -> 1.2760115 | F5: =F7/F4 -> 1.4607785 | G5: =G7/G4 -> 1.6654256 | H5: =H7/H4 -> 1.7521658 | I5: =I7/I4 -> 1.6917015 | ... AZ5: =AZ7/AZ4 -> 6.3141913 | BA5: =FORECAST(BA92,AL5:AZ5,AL92:AZ92) -> 5.8569595
A6: Carryin (Mar 1) | B6: 3.335 | C6: =B15 -> 0.3 | D6: =C15 -> 0.5 | E6: =D15 -> 1 | F6: =E15 -> 0.1 | G6: =F15 -> 0.086 | H6: =G15 -> 1.1 | I6: =H15 -> 1.348 | J6: =I15 -> 1.545 | ... BA6: =AZ15 -> 3
A7: Production | B7: 16.354 | C7: 17.751 | D7: 19.255728 | E7: 14.017063 | F7: 16.513828 | G7: 19.435322 | H7: 21.28381 | I7: 21.604808 | J7: 19.014964 | K7: 21.178201 | L7: 21.174699 | M7: 20.264774 | N7: 26.758961 | O7: 25.224273 | P7: 26.26759 | Q7: 22.25783 | R7: 24.0961 | S7: 30.7712 | T7: 29.2077 | U7: 33.1737 | V7: 37.4419 | W7: 32.4047 | X7: 35.7156 | Y7: 30.1878 | Z7: 32.3934 | AA7: 31.6405 | AB7: 42.2897 | AC7: 35.2807 | AD7: 47.4109 | AE7: 42.1285 | AF7: 34.9769 | AG7: 42.5149 | AH7: 51.3697 | AI7: 58.6522 | AJ7: 51.0039 | AK7: 56.018 | AL7: 57.407 | AM7: 72.9798 | AN7: 81.5057 | AO7: 80.052 | AP7: 84.6724 | AQ7: 66.5306 | AR7: 97.8428 | AS7: 80.7095 | AT7: 100.0427 | AU7: 102.5864 | AV7: 87.0968 | AW7: 113.1112 | AX7: 131.8661 | AY7: 115.5346 | AZ7: 139.6958 | BA7: 138.6037
A8: Imports | B8: 0 | C8: 0 | D8: 0 | E8: 1.75 | F8: 1.476 | G8: 2 | H8: 0 | I8: 0 | J8: 0.5 | K8: 0.44 | L8: 1.1 | M8: 2 | N8: 0.4 | O8: 0.05 | P8: 0.1 | Q8: 0.9 | R8: 0.7 | S8: 0.497 | T8: 1.22 | U8: 1.304 | V8: 1.407 | W8: 0.28 | X8: =X53/1000 -> 0.59691 | Y8: =Y53/1000 -> 1.812312 | Z8: =Z53/1000 -> 0.905917 | AA8: =AA53/1000 -> 1.714237 | AB8: =AB53/1000 -> 0.426921 | AC8: =AC53/1000 -> 0.374296 | AD8: =AD53/1000 -> 0.78562 | AE8: =AE53/1000 -> 0.313688 | ... AW8: =AW53/1000 -> 2.596319 | AX8: 1.3 | AY8: 1.5 | AZ8: 1.7 | BA8: 1.8
A9: Total Supply | B9: =B6+B7+B8 -> 19.689 | C9: =C6+C7+C8 -> 18.051 | D9: =D6+D7+D8 -> 19.755728 | E9: =E6+E7+E8 -> 16.767063 | F9: =F6+F7+F8 -> 18.089828 | G9: =G6+G7+G8 -> 21.521322 | H9: =H6+H7+H8 -> 22.38381 | I9: =I6+I7+I8 -> 22.952808 | ... BA9: =BA6+BA7+BA8 -> 143.4037
A10: Feed & Residual | B10: =B12-B11 -> 14.475 | C10: =C12-C11 -> 12.674 | D10: =D12-D11 -> 13.499728 | E10: =E12-E11 -> 14.148063 | F10: =F12-F11 -> 15.103828 | G10: =G12-G11 -> 16.821322 | H10: =H12-H11 -> 17.22881 | I10: =I12-I11 -> 17.172808 | ... BA10: =BA12-BA11 -> 68.9037
A11: Food/Seed/Industrial | B11: 3.946 | C11: 3.366 | D11: 3.994 | E11: 2.519 | F11: 2.9 | G11: 3.6 | H11: 3.8 | I11: 3.535 | J11: 3.095 | K11: 3.08 | L11: 3.114 | M11: 3.264 | N11: 3.516 | O11: 3.04 | P11: 3.108 | Q11: 3.3 | R11: 3.38 | S11: 3 | T11: 3.7 | U11: 5 | V11: 5.1 | W11: 5.1 | X11: 5 | Y11: 4.9 | Z11: 5 | AA11: 5 | AB11: 5.5 | AC11: 5.8 | AD11: 5.8 | AE11: 6.4 | AF11: 6.5 | AG11: 6.5 | AH11: 6.5 | AI11: 7 | AJ11: 7 | AK11: 7 | AL11: 7.5 | AM11: 8 | AN11: 9 | AO11: 9 | AP11: 8.5 | AQ11: 9.5 | AR11: 9.5 | AS11: 10 | AT11: 10 | AU11: 10 | AV11: 10 | AW11: 10 | AX11: 17 | AY11: 18 | AZ11: 23 | BA11: 23
A12: Domestic Use | B12: =B14-B13 -> 18.421 | C12: =C14-C13 -> 16.04 | D12: =D14-D13 -> 17.493728 | E12: =E14-E13 -> 16.667063 | F12: =F14-F13 -> 18.003828 | G12: =G14-G13 -> 20.421322 | H12: =H14-H13 -> 21.02881 | I12: =I14-I13 -> 20.707808 | ... BA12: =BA14-BA13 -> 91.9037
A13: Exports | B13: 0.968 | C13: 1.511 | D13: 1.262 | E13: 0 | F13: 0 | G13: 0 | H13: 0.007 | I13: 0.7 | J13: 0.45 | K13: 0.385 | L13: 0.056 | M13: 0 | N13: 0 | O13: 0 | P13: 0 | Q13: 0 | R13: 0 | S13: 0 | T13: 0.009 | U13: 0.004 | V13: 0.056 | W13: 0.267 | X13: =X37/1000 -> 0.092367 | Y13: =Y37/1000 -> 0.006054 | Z13: =Z37/1000 -> 0.008075 | AA13: =AA37/1000 -> 0.43882501 | AB13: =AB37/1000 -> 5.6332784 | AC13: =AC37/1000 -> 9.466e-05 | AD13: =AD37/1000 -> 0 | AE13: =AE37/1000 -> 0 | ... BA13: =BA37/1000 -> 48
A14: Total Use | B14: =B9-B15 -> 19.389 | C14: =C9-C15 -> 17.551 | D14: =D9-D15 -> 18.755728 | E14: =E9-E15 -> 16.667063 | F14: =F9-F15 -> 18.003828 | G14: =G9-G15 -> 20.421322 | H14: =H9-H15 -> 21.03581 | I14: =I9-I15 -> 21.407808 | ... BA14: =BA9-BA15 -> 139.9037
A15: Carryout (Feb 28) | B15: 0.3 | C15: 0.5 | D15: 1 | E15: 0.1 | F15: 0.086 | G15: 1.1 | H15: 1.348 | I15: 1.545 | J15: 0.3 | K15: 0.555 | L15: 1.155 | M15: 1.155 | N15: 1.889 | O15: 2.689 | P15: 3.951 | Q15: 1.351 | R15: 0.751 | S15: 3.378 | T15: 3.589 | U15: 4.823 | V15: 7.614 | W15: 3.507 | X15: 3.335 | Y15: 1.751 | Z15: 2.116 | AA15: 1.667 | AB15: 2.686 | AC15: 1.5 | AD15: 6.258 | AE15: 7.878 | AF15: 4.193 | AG15: 3.017 | AH15: 3.094 | AI15: 10.581 | AJ15: 10.086 | AK15: 6.491 | AL15: 6.278 | AM15: 4.212 | AN15: 9.15 | AO15: 13.972 | AP15: 15.8762 | AQ15: 5.2314 | AR15: 15.876203 | AS15: 14.582126 | AT15: 13.1866 | AU15: 15.3121 | AV15: 13.5153 | AW15: 8.0959 | AX15: 7.2013 | AY15: 1.8842 | AZ15: 3 | BA15: 3.5
A16: Stocks/Use | B16: =B15/B14 -> 0.015472691 | C16: =C15/C14 -> 0.028488405 | D16: =D15/D14 -> 0.053317045 | E16: =E15/E14 -> 0.0059998573 | F16: =F15/F14 -> 0.0047767619 | G16: =G15/G14 -> 0.053865269 | H16: =H15/H14 -> 0.064081202 | I16: =I15/I14 -> 0.07216993 | ... BA16: =BA15/BA14 -> 0.025017208
A17: Exports (Sep/Aug) | Y17: =SUM(X31:X36,Y25:Y30)/1000 -> 0.006321 | Z17: =SUM(Y31:Y36,Z25:Z30)/1000 -> 0.007928 | AA17: =SUM(Z31:Z36,AA25:AA30)/1000 -> 0.006771 | AB17: =SUM(AA31:AA36,AB25:AB30)/1000 -> 3.7495988 | AC17: =SUM(AB31:AB36,AC25:AC30)/1000 -> 2.3185163 | AD17: =SUM(AC31:AC36,AD25:AD30)/1000 -> 7.2044e-05 | AE17: =SUM(AD31:AD36,AE25:AE30)/1000 -> 0 | AF17: =SUM(AE31:AE36,AF25:AF30)/1000 -> 4.673e-06 | ... AV17: =SUM(AU31:AU36,AV25:AV30)/1000 -> 30.943504
A18: Exports (Oct/Sep) | Y18: =SUM(X32:X36,Y25:Y31)/1000 -> 0.006057 | Z18: =SUM(Y32:Y36,Z25:Z31)/1000 -> 0.007984 | AA18: =SUM(Z32:Z36,AA25:AA31)/1000 -> 0.006687 | AB18: =SUM(AA32:AA36,AB25:AB31)/1000 -> 4.0980358 | AC18: =SUM(AB32:AB36,AC25:AC31)/1000 -> 1.9696632 | AD18: =SUM(AC32:AC36,AD25:AD31)/1000 -> 7.2044e-05 | AE18: =SUM(AD32:AD36,AE25:AE31)/1000 -> 0 | AF18: =SUM(AE32:AE36,AF25:AF31)/1000 -> 4.673e-06 | ... AV18: =SUM(AU32:AU36,AV25:AV31)/1000 -> 27.422412
B19: 1975 | C19: 1976 | D19: 1977 | E19: 1978 | F19: 1979 | G19: 1980 | H19: 1981 | I19: 1982 | J19: 1983 | K19: 1984 | L19: 1985 | M19: 1986 | N19: 1987 | O19: 1988 | P19: 1989 | Q19: 1990 | R19: 1991 | S19: 1992 | T19: 1993 | U19: 1994 | V19: 1995 | W19: 1996 | X19: 1997 | Y19: 1998 | Z19: 1999 | AA19: 2000 | AB19: 2001 | AC19: 2002 | AD19: 2003 | AE19: 2004 | AF19: 2005 | AG19: 2006 | AH19: 2007 | AI19: 2008 | AJ19: 2009 | AK19: 2010 | AL19: 2011 | AM19: 2012 | AN19: 2013 | AO19: 2014 | AP19: 2015 | AQ19: 2016 | AR19: 2017 | AS19: 2018 | AT19: 2019 | AU19: 2020 | AV19: 2021 | AW19: 2022 | AX19: 2023
A20: Bold numbers are Jacobsen projections
A22: CORN EXPORTS (1,000 Tonnes)
A23: https://balanca.economia.gov.br/balanca/publicacoes_dados_consolidados/pg.html
B24: =B2 -> 74/75 | C24: =C2 -> 75/76 | D24: =D2 -> 76/77 | E24: =E2 -> 77/78 | F24: =F2 -> 78/79 | G24: =G2 -> 79/80 | H24: =H2 -> 80/81 | I24: =I2 -> 81/82 | ... BA24: =BA2 -> 25/26 | BB24: 26/27
A25: Mar | X25: 48.453 | Y25: 0.898 | Z25: 0.699 | AA25: 0.658 | AB25: 596.87745 | AC25: {=INDEX('[3]Brazil Corn Exports'!$EQ$290:$US$290,1,ROW(A1))} -> 0 | AD25: {=INDEX('[3]Brazil Corn Exports'!$FC$290:$US$290,1,ROW(A1))} -> 0 | AE25: {=INDEX('[3]Brazil Corn Exports'!$FO$290:$US$290,1,ROW(A1))} -> 0 | AF25: {=INDEX('[3]Brazil Corn Exports'!$GA$290:$US$290,1,ROW(A1))} -> 0 | AG25: {=INDEX('[3]Brazil Corn Exports'!$GM$290:$US$290,1,ROW(A1))} -> 0 | AH25: {=INDEX('[3]Brazil Corn Exports'!$GY$290:$US$290,1,ROW(A1))} -> 0.000302 | AI25: {=INDEX('[3]Brazil Corn Exports'!$HK$290:$US$290,1,ROW(A1))} -> 0 | AJ25: {=INDEX('[3]Brazil Corn Exports'!$HW$290:$US$290,1,ROW(A1))} -> 0.001139 | AK25: 338.73548 | AL25: 387.75366 | AM25: 280.18886 | AN25: 1609.4496 | AO25: 579.10568 | AP25: 676.55872 | AQ25: 2027.7033 | AR25: 243.40699 | AS25: 605.65458 | AT25: 827.46111 | AU25: 472.66971 | AV25: 292.01317 | AW25: 14.278863 | AX25: 1335.2575 | AY25: {=INDEX('[3]Brazil Corn Exports'!$OU$290:$US$290,1,ROW(A1))} -> 427.30786 | AZ25: 871 | BA25: =(SUM(AV25:AZ25)/SUM(AV$37:AZ$37))*BA$37 -> 668.1356
A26: Apr | X26: 30.822 | Y26: 0.023 | Z26: 0.375 | AA26: 0.512 | AB26: 569.35701 | AC26: {=INDEX('[3]Brazil Corn Exports'!$EQ$290:$US$290,1,ROW(A2))} -> 0 | AD26: {=INDEX('[3]Brazil Corn Exports'!$FC$290:$US$290,1,ROW(A2))} -> 0 | AE26: {=INDEX('[3]Brazil Corn Exports'!$FO$290:$US$290,1,ROW(A2))} -> 0 | AF26: {=INDEX('[3]Brazil Corn Exports'!$GA$290:$US$290,1,ROW(A2))} -> 0 | AG26: {=INDEX('[3]Brazil Corn Exports'!$GM$290:$US$290,1,ROW(A2))} -> 0 | AH26: {=INDEX('[3]Brazil Corn Exports'!$GY$290:$US$290,1,ROW(A2))} -> 0 | AI26: {=INDEX('[3]Brazil Corn Exports'!$HK$290:$US$290,1,ROW(A2))} -> 0 | AJ26: {=INDEX('[3]Brazil Corn Exports'!$HW$290:$US$290,1,ROW(A2))} -> 0.023675 | AK26: 204.52116 | AL26: 119.06963 | AM26: 103.64007 | AN26: 608.75118 | AO26: 566.38104 | AP26: 163.73902 | AQ26: 370.53413 | AR26: 155.35162 | AS26: 115.68559 | AT26: 349.38226 | AU26: 6.696482 | AV26: 130.87635 | AW26: 690.29581 | AX26: 470.80534 | AY26: {=INDEX('[3]Brazil Corn Exports'!$OU$290:$US$290,1,ROW(A2))} -> 66.139351 | AZ26: 178 | BA26: =(SUM(AV26:AZ26)/SUM(AV$37:AZ$37))*BA$37 -> 349.11025
A27: May | X27: 1.868 | Y27: 0.033 | Z27: 0.726 | AA27: 0.058 | AB27: 409.57146 | AC27: {=INDEX('[3]Brazil Corn Exports'!$EQ$290:$US$290,1,ROW(A3))} -> 0.02234 | AD27: {=INDEX('[3]Brazil Corn Exports'!$FC$290:$US$290,1,ROW(A3))} -> 0 | AE27: {=INDEX('[3]Brazil Corn Exports'!$FO$290:$US$290,1,ROW(A3))} -> 0 | AF27: {=INDEX('[3]Brazil Corn Exports'!$GA$290:$US$290,1,ROW(A3))} -> 6e-06 | AG27: {=INDEX('[3]Brazil Corn Exports'!$GM$290:$US$290,1,ROW(A3))} -> 0 | AH27: {=INDEX('[3]Brazil Corn Exports'!$GY$290:$US$290,1,ROW(A3))} -> 0.0002 | AI27: {=INDEX('[3]Brazil Corn Exports'!$HK$290:$US$290,1,ROW(A3))} -> 0 | AJ27: {=INDEX('[3]Brazil Corn Exports'!$HW$290:$US$290,1,ROW(A3))} -> 0.013627 | AK27: 93.496219 | AL27: 60.624564 | AM27: 165.73212 | AN27: 275.86508 | AO27: 127.56926 | AP27: 39.539336 | AQ27: 28.093024 | AR27: 310.6211 | AS27: 57.370698 | AT27: 957.66693 | AU27: 24.93323 | AV27: 13.91989 | AW27: 1088.4721 | AX27: 384.88476 | AY27: {=INDEX('[3]Brazil Corn Exports'!$OU$290:$US$290,1,ROW(A3))} -> 413.37472 | AZ27: 39 | BA27: =(SUM(AV27:AZ27)/SUM(AV$37:AZ$37))*BA$37 -> 440.82076
A28: Jun | X28: 0.874 | Y28: 0.363 | Z28: 0.803 | AA28: 0.223 | AB28: 641.01605 | AC28: {=INDEX('[3]Brazil Corn Exports'!$EQ$290:$US$290,1,ROW(A4))} -> 0 | AD28: {=INDEX('[3]Brazil Corn Exports'!$FC$290:$US$290,1,ROW(A4))} -> 0 | AE28: {=INDEX('[3]Brazil Corn Exports'!$FO$290:$US$290,1,ROW(A4))} -> 0 | AF28: {=INDEX('[3]Brazil Corn Exports'!$GA$290:$US$290,1,ROW(A4))} -> 0 | AG28: {=INDEX('[3]Brazil Corn Exports'!$GM$290:$US$290,1,ROW(A4))} -> 0.001861 | AH28: {=INDEX('[3]Brazil Corn Exports'!$GY$290:$US$290,1,ROW(A4))} -> 0 | AI28: {=INDEX('[3]Brazil Corn Exports'!$HK$290:$US$290,1,ROW(A4))} -> 0.004505 | AJ28: {=INDEX('[3]Brazil Corn Exports'!$HW$290:$US$290,1,ROW(A4))} -> 0.035177 | AK28: 1.190337 | AL28: 11.815661 | AM28: 134.9035 | AN28: 276.67584 | AO28: 88.117195 | AP28: 137.87546 | AQ28: 20.195084 | AR28: 564.94709 | AS28: 144.69093 | AT28: 1195.0196 | AU28: 312.21082 | AV28: 92.16925 | AW28: 989.29952 | AX28: 1034.282 | AY28: {=INDEX('[3]Brazil Corn Exports'!$OU$290:$US$290,1,ROW(A4))} -> 850.89281 | AZ28: 370 | BA28: =(SUM(AV28:AZ28)/SUM(AV$37:AZ$37))*BA$37 -> 758.31241
A29: Jul | X29: 6.462 | Y29: 1.412 | Z29: 1.513 | AA29: 1.085 | AB29: 468.81079 | AC29: {=INDEX('[3]Brazil Corn Exports'!$EQ$290:$US$290,1,ROW(A5))} -> 0 | AD29: {=INDEX('[3]Brazil Corn Exports'!$FC$290:$US$290,1,ROW(A5))} -> 0 | AE29: {=INDEX('[3]Brazil Corn Exports'!$FO$290:$US$290,1,ROW(A5))} -> 0 | AF29: {=INDEX('[3]Brazil Corn Exports'!$GA$290:$US$290,1,ROW(A5))} -> 0.000585 | AG29: {=INDEX('[3]Brazil Corn Exports'!$GM$290:$US$290,1,ROW(A5))} -> 0 | AH29: {=INDEX('[3]Brazil Corn Exports'!$GY$290:$US$290,1,ROW(A5))} -> 0.30808 | AI29: {=INDEX('[3]Brazil Corn Exports'!$HK$290:$US$290,1,ROW(A5))} -> 0 | AJ29: {=INDEX('[3]Brazil Corn Exports'!$HW$290:$US$290,1,ROW(A5))} -> 154.27314 | AK29: 286.00932 | AL29: 271.574 | AM29: 1704.8859 | AN29: 733.39811 | AO29: 592.1528 | AP29: 1281.4128 | AQ29: 1046.2513 | AR29: 2323.9156 | AS29: 1171.2444 | AT29: 5926.453 | AU29: 3979.2242 | AV29: 1991.369 | AW29: 4119.0912 | AX29: 4230.6227 | AY29: {=INDEX('[3]Brazil Corn Exports'!$OU$290:$US$290,1,ROW(A5))} -> 3553.8658 | AZ29: 2434 | BA29: =(SUM(AV29:AZ29)/SUM(AV$37:AZ$37))*BA$37 -> 3711.048
A30: Aug | X30: 1.008 | Y30: 0.712 | Z30: 1.199 | AA30: 1.475 | AB30: 629.15199 | AC30: {=INDEX('[3]Brazil Corn Exports'!$EQ$290:$US$290,1,ROW(A6))} -> 0.000276 | AD30: {=INDEX('[3]Brazil Corn Exports'!$FC$290:$US$290,1,ROW(A6))} -> 0 | AE30: {=INDEX('[3]Brazil Corn Exports'!$FO$290:$US$290,1,ROW(A6))} -> 0 | AF30: {=INDEX('[3]Brazil Corn Exports'!$GA$290:$US$290,1,ROW(A6))} -> 0.004082 | AG30: {=INDEX('[3]Brazil Corn Exports'!$GM$290:$US$290,1,ROW(A6))} -> 1e-06 | AH30: {=INDEX('[3]Brazil Corn Exports'!$GY$290:$US$290,1,ROW(A6))} -> 0.000405 | AI30: {=INDEX('[3]Brazil Corn Exports'!$HK$290:$US$290,1,ROW(A6))} -> 0 | AJ30: {=INDEX('[3]Brazil Corn Exports'!$HW$290:$US$290,1,ROW(A6))} -> 0.016983 | AK30: 1191.1042 | AL30: 1523.6189 | AM30: 2760.7034 | AN30: 3050.4742 | AO30: 2458.034 | AP30: 2285.1789 | AQ30: 2565.9135 | AR30: 5258.0927 | AS30: 2826.5815 | AT30: 7321.4604 | AU30: 6243.7866 | AV30: 4335.763 | AW30: 7446.0913 | AX30: 9363.4758 | AY30: {=INDEX('[3]Brazil Corn Exports'!$OU$290:$US$290,1,ROW(A6))} -> 6063.1553 | AZ30: 6849 | BA30: =(SUM(AV30:AZ30)/SUM(AV$37:AZ$37))*BA$37 -> 7740.1776
A31: Sep | X31: 0.708 | Y31: 0.444 | Z31: 0.5 | AA31: 0.416 | AB31: 348.85306 | AC31: {=INDEX('[3]Brazil Corn Exports'!$EQ$290:$US$290,1,ROW(A7))} -> 0 | AD31: {=INDEX('[3]Brazil Corn Exports'!$FC$290:$US$290,1,ROW(A7))} -> 0 | AE31: {=INDEX('[3]Brazil Corn Exports'!$FO$290:$US$290,1,ROW(A7))} -> 0 | AF31: {=INDEX('[3]Brazil Corn Exports'!$GA$290:$US$290,1,ROW(A7))} -> 0 | AG31: {=INDEX('[3]Brazil Corn Exports'!$GM$290:$US$290,1,ROW(A7))} -> 1.1e-05 | AH31: {=INDEX('[3]Brazil Corn Exports'!$GY$290:$US$290,1,ROW(A7))} -> 0.0002 | AI31: {=INDEX('[3]Brazil Corn Exports'!$HK$290:$US$290,1,ROW(A7))} -> 0.00017 | AJ31: {=INDEX('[3]Brazil Corn Exports'!$HW$290:$US$290,1,ROW(A7))} -> 0.025795 | AK31: 1930.444 | AL31: 1649.2168 | AM31: 3147.0066 | AN31: 3450.0996 | AO31: 2685.5624 | AP31: 3456.0936 | AQ31: 2915.5444 | AR31: 5915.927 | AS31: 3361.6465 | AT31: 6442.1724 | AU31: 6371.2634 | AV31: 2850.1717 | AW31: 6421.876 | AX31: 8746.3823 | AY31: {=INDEX('[3]Brazil Corn Exports'!$OU$290:$US$290,1,ROW(A7))} -> 6421.9499 | AZ31: 7563.1 | BA31: =(SUM(AV31:AZ31)/SUM(AV$37:AZ$37))*BA$37 -> 7273.3678
A32: Oct | X32: 0.394 | Y32: 0.77 | Z32: 0.73 | AA32: 0.521 | AB32: 673.332 | AC32: {=INDEX('[3]Brazil Corn Exports'!$EQ$290:$US$290,1,ROW(A8))} -> 0.070236 | AD32: {=INDEX('[3]Brazil Corn Exports'!$FC$290:$US$290,1,ROW(A8))} -> 0 | AE32: {=INDEX('[3]Brazil Corn Exports'!$FO$290:$US$290,1,ROW(A8))} -> 0 | AF32: {=INDEX('[3]Brazil Corn Exports'!$GA$290:$US$290,1,ROW(A8))} -> 0 | AG32: {=INDEX('[3]Brazil Corn Exports'!$GM$290:$US$290,1,ROW(A8))} -> 0 | AH32: {=INDEX('[3]Brazil Corn Exports'!$GY$290:$US$290,1,ROW(A8))} -> 0.0002 | AI32: {=INDEX('[3]Brazil Corn Exports'!$HK$290:$US$290,1,ROW(A8))} -> 0.000141 | AJ32: {=INDEX('[3]Brazil Corn Exports'!$HW$290:$US$290,1,ROW(A8))} -> 0.020781 | AK32: 1589.1017 | AL32: 1521.2313 | AM32: 3662.5017 | AN32: 3953.6201 | AO32: 3179.5485 | AP32: 5549.4028 | AQ32: 1103.4231 | AR32: 5030.2889 | AS32: 3109.7891 | AT32: 6023.7443 | AU32: 5003.8129 | AV32: 1797.0383 | AW32: 6785.0695 | AX32: 8448.4377 | AY32: {=INDEX('[3]Brazil Corn Exports'!$OU$290:$US$290,1,ROW(A8))} -> 6406.2046 | AZ32: =(SUM(AU32:AY32)/SUM(AU$37:AY$37))*AZ$37 -> 7243.0035 | BA32: =(SUM(AV32:AZ32)/SUM(AV$37:AZ$37))*BA$37 -> 6972.5272
A33: Nov | X33: 0.191 | Y33: 0.436 | Z33: 0.192 | AA33: 0.045 | AB33: 650.88984 | AC33: {=INDEX('[3]Brazil Corn Exports'!$EQ$290:$US$290,1,ROW(A9))} -> 0 | AD33: {=INDEX('[3]Brazil Corn Exports'!$FC$290:$US$290,1,ROW(A9))} -> 0 | AE33: {=INDEX('[3]Brazil Corn Exports'!$FO$290:$US$290,1,ROW(A9))} -> 0 | AF33: {=INDEX('[3]Brazil Corn Exports'!$GA$290:$US$290,1,ROW(A9))} -> 0.00216 | AG33: {=INDEX('[3]Brazil Corn Exports'!$GM$290:$US$290,1,ROW(A9))} -> 0 | AH33: {=INDEX('[3]Brazil Corn Exports'!$GY$290:$US$290,1,ROW(A9))} -> 0.00056 | AI33: {=INDEX('[3]Brazil Corn Exports'!$HK$290:$US$290,1,ROW(A9))} -> 0.51365 | AJ33: {=INDEX('[3]Brazil Corn Exports'!$HW$290:$US$290,1,ROW(A9))} -> 0.042206 | AK33: 1825.2282 | AL33: 908.76467 | AM33: 3915.6775 | AN33: 3913.1424 | AO33: 2980.1987 | AP33: 4759.5548 | AQ33: 966.62863 | AR33: 3524.0155 | AS33: 3649.655 | AT33: 4110.2834 | AU33: 4732.6241 | AV33: 2392.522 | AW33: 5889.6308 | AX33: 7405.9029 | AY33: {=INDEX('[3]Brazil Corn Exports'!$OU$290:$US$290,1,ROW(A9))} -> 4726.353 | AZ33: =(SUM(AU33:AY33)/SUM(AU$37:AY$37))*AZ$37 -> 6404.235 | BA33: =(SUM(AV33:AZ33)/SUM(AV$37:AZ$37))*BA$37 -> 6095.0203
A34: Dec | X34: 0.149 | Y34: 0.637 | Z34: 0.455 | AA34: 56.422781 | AB34: 645.41873 | AC34: {=INDEX('[3]Brazil Corn Exports'!$EQ$290:$US$290,1,ROW(A10))} -> 0.000126 | AD34: {=INDEX('[3]Brazil Corn Exports'!$FC$290:$US$290,1,ROW(A10))} -> 0 | AE34: {=INDEX('[3]Brazil Corn Exports'!$FO$290:$US$290,1,ROW(A10))} -> 0 | AF34: {=INDEX('[3]Brazil Corn Exports'!$GA$290:$US$290,1,ROW(A10))} -> 9e-06 | AG34: {=INDEX('[3]Brazil Corn Exports'!$GM$290:$US$290,1,ROW(A10))} -> 0 | AH34: {=INDEX('[3]Brazil Corn Exports'!$GY$290:$US$290,1,ROW(A10))} -> 0 | AI34: {=INDEX('[3]Brazil Corn Exports'!$HK$290:$US$290,1,ROW(A10))} -> 2.079706 | AJ34: {=INDEX('[3]Brazil Corn Exports'!$HW$290:$US$290,1,ROW(A10))} -> 0.04087 | AK34: 1925.3461 | AL34: 814.28594 | AM34: 2794.4533 | AN34: 3085.7448 | AO34: 3407.6221 | AP34: 6272.1211 | AQ34: 1011.5783 | AR34: 3998.9616 | AS34: 3643.574 | AT34: 4164.8062 | AU34: 4856.5701 | AV34: 3410.6004 | AW34: 6244.7076 | AX34: 6063.8159 | AY34: {=INDEX('[3]Brazil Corn Exports'!$OU$290:$US$290,1,ROW(A10))} -> 4265.867 | AZ34: =(SUM(AU34:AY34)/SUM(AU$37:AY$37))*AZ$37 -> 6326.44 | BA34: =(SUM(AV34:AZ34)/SUM(AV$37:AZ$37))*BA$37 -> 5979.7471
A35: Jan | W35: 170.408 | X35: 0.197 | Y35: 0.275 | Z35: 0.405 | AA35: 104.62795 | AB35: ='[3]Brazil Corn Exports'!$EO$292 -> 0 | AC35: {=INDEX('[3]Brazil Corn Exports'!$EQ$290:$US$290,1,ROW(A11))} -> 0.001682 | AD35: {=INDEX('[3]Brazil Corn Exports'!$FC$290:$US$290,1,ROW(A11))} -> 0 | AE35: {=INDEX('[3]Brazil Corn Exports'!$FO$290:$US$290,1,ROW(A11))} -> 0 | AF35: {=INDEX('[3]Brazil Corn Exports'!$GA$290:$US$290,1,ROW(A11))} -> 0 | AG35: {=INDEX('[3]Brazil Corn Exports'!$GM$290:$US$290,1,ROW(A11))} -> 0 | AH35: {=INDEX('[3]Brazil Corn Exports'!$GY$290:$US$290,1,ROW(A11))} -> 0.0012 | AI35: {=INDEX('[3]Brazil Corn Exports'!$HK$290:$US$290,1,ROW(A11))} -> 1.282974 | AJ35: {=INDEX('[3]Brazil Corn Exports'!$HW$290:$US$290,1,ROW(A11))} -> 0.030429 | AK35: 1027.466 | AL35: 852.4784 | AM35: 3372.046 | AN35: 2926.7951 | AO35: 3196.9903 | AP35: 4442.5035 | AQ35: 1452.3874 | AR35: 3022.9793 | AS35: 3835.1438 | AT35: 2087.8896 | AU35: 2346.3035 | AV35: 2732.4736 | AW35: 6139.9446 | AX35: 4876 | AY35: 3594 | AZ35: =(SUM(AU35:AY35)/SUM(AU$37:AY$37))*AZ$37 -> 5014.1582 | BA35: =(SUM(AV35:AZ35)/SUM(AV$37:AZ$37))*BA$37 -> 5080.9351
A36: Feb | W36: 96.87 | X36: 1.241 | Y36: 0.051 | Z36: 0.478 | AA36: 272.78128 | AB36: ='[3]Brazil Corn Exports'!$EP$292 -> 0 | AC36: {=INDEX('[3]Brazil Corn Exports'!$EQ$290:$US$290,1,ROW(A12))} -> 0 | AD36: {=INDEX('[3]Brazil Corn Exports'!$FC$290:$US$290,1,ROW(A12))} -> 0 | AE36: {=INDEX('[3]Brazil Corn Exports'!$FO$290:$US$290,1,ROW(A12))} -> 0 | AF36: {=INDEX('[3]Brazil Corn Exports'!$GA$290:$US$290,1,ROW(A12))} -> 0 | AG36: {=INDEX('[3]Brazil Corn Exports'!$GM$290:$US$290,1,ROW(A12))} -> 0 | AH36: {=INDEX('[3]Brazil Corn Exports'!$GY$290:$US$290,1,ROW(A12))} -> 0.000185 | AI36: {=INDEX('[3]Brazil Corn Exports'!$HK$290:$US$290,1,ROW(A12))} -> 2.124879 | AJ36: {=INDEX('[3]Brazil Corn Exports'!$HW$290:$US$290,1,ROW(A12))} -> 0.14673 | AK36: 1186.6387 | AL36: 279.15636 | AM36: 2294.7842 | AN36: 1063.5169 | AO36: 1105.4124 | AP36: 5374.9416 | AQ36: 487.99656 | AR36: 1255.5673 | AS36: 1598.5101 | AT36: 340.256 | AU36: 776.81888 | AV36: 768.39661 | AW36: 2274.2308 | AX36: 1713.0863 | AY36: 1432 | AZ36: =(SUM(AU36:AY36)/SUM(AU$37:AY$37))*AZ$37 -> 1773.6686 | BA36: =(SUM(AV36:AZ36)/SUM(AV$37:AZ$37))*BA$37 -> 1809.3677
A37: Total | X37: =SUM(X25:X36) -> 92.367 | Y37: =SUM(Y25:Y36) -> 6.054 | Z37: =SUM(Z25:Z36) -> 8.075 | AA37: =SUM(AA25:AA36) -> 438.82501 | AB37: =SUM(AB25:AB36) -> 5633.2784 | AC37: =SUM(AC25:AC36) -> 0.09466 | AD37: =SUM(AD25:AD36) -> 0 | AE37: =SUM(AE25:AE36) -> 0 | ... AY37: =SUM(AY25:AY36) -> 38221.11 | AZ37: 50000 | BA37: 48000
A39: CORN IMPORTS (1,000 Tonnes)
B40: =B2 -> 74/75 | C40: =C2 -> 75/76 | D40: =D2 -> 76/77 | E40: =E2 -> 77/78 | F40: =F2 -> 78/79 | G40: =G2 -> 79/80 | H40: =H2 -> 80/81 | I40: =I2 -> 81/82 | ... BA40: =BA2 -> 25/26
A41: Mar | X41: 49.205 | Y41: 60.619 | Z41: 43.172 | AA41: 221.696 | AB41: 77.632 | AC41: 33.17 | AD41: 5.927 | AE41: 20.507 | AF41: 50.933 | AG41: 13.821 | AH41: 20.549 | AI41: 27.713 | AJ41: 74.134 | AK41: 15.105 | AL41: 0.794 | AM41: 98.668 | AN41: 46.28 | AO41: 33.989 | AP41: 21.934 | AQ41: 94.374 | AR41: 87.35 | AS41: 10.051 | AT41: 53.673 | AU41: 73.945 | AV41: 113.613 | AW41: 114.515 | AX41: 20.5 | AY41: =(SUM(AT41:AX41)/SUM(AT$53:AX$53))*AY$53 -> 56.108358 | AZ41: =(SUM(AU41:AY41)/SUM(AU$53:AY$53))*AZ$53 -> 63.114567 | BA41: =(SUM(AV41:AZ41)/SUM(AV$53:AZ$53))*BA$53 -> 55.768664
A42: Apr | X42: 69.38 | Y42: 99.121 | Z42: 24.099 | AA42: 130.087 | AB42: 52.756 | AC42: 9.717 | AD42: 1.171 | AE42: 11.796 | AF42: 12.829 | AG42: 8.043 | AH42: 17.602 | AI42: 11.345 | AJ42: 44.941 | AK42: 6.788 | AL42: 19.93 | AM42: 36.326 | AN42: 47.91 | AO42: 49.693 | AP42: 11.614 | AQ42: 105.943 | AR42: 84.836 | AS42: 31.089 | AT42: 84.978 | AU42: 93.448 | AV42: 77.308 | AW42: 159.586 | AX42: =(SUM(AS42:AW42)/SUM(AS$53:AW$53))*AX$53 -> 59.991118 | AY42: =(SUM(AT42:AX42)/SUM(AT$53:AX$53))*AY$53 -> 70.88162 | AZ42: =(SUM(AU42:AY42)/SUM(AU$53:AY$53))*AZ$53 -> 76.87035 | BA42: =(SUM(AV42:AZ42)/SUM(AV$53:AZ$53))*BA$53 -> 67.409961
A43: May | X43: 51.035 | Y43: 122.918 | Z43: 51 | AA43: 183.95 | AB43: 22.605 | AC43: 7.449 | AD43: 27.605 | AE43: 14.3 | AF43: 47.667 | AG43: 11.192 | AH43: 8.49 | AI43: 33.03 | AJ43: 79.634 | AK43: 6.722 | AL43: 7.839 | AM43: 32.669 | AN43: 56.575 | AO43: 69.22 | AP43: 22.718 | AQ43: 134.6 | AR43: 107.166 | AS43: 63.984 | AT43: 146.805 | AU43: 8.856 | AV43: 62.268 | AW43: 95.97 | AX43: =(SUM(AS43:AW43)/SUM(AS$53:AW$53))*AX$53 -> 50.782183 | AY43: =(SUM(AT43:AX43)/SUM(AT$53:AX$53))*AY$53 -> 54.383734 | AZ43: =(SUM(AU43:AY43)/SUM(AU$53:AY$53))*AZ$53 -> 45.377377 | BA43: =(SUM(AV43:AZ43)/SUM(AV$53:AZ$53))*BA$53 -> 46.813312
A44: Jun | X44: 47.375 | Y44: 136.556 | Z44: 51.865 | AA44: 182.4 | AB44: 28.952 | AC44: 3.67 | AD44: 2.19 | AE44: 6.826 | AF44: 76.196 | AG44: 10.655 | AH44: 24.226 | AI44: 20.261 | AJ44: 101.302 | AK44: 5.088 | AL44: 1.748 | AM44: 17.492 | AN44: 27.784 | AO44: 48.944 | AP44: 33.184 | AQ44: 162.484 | AR44: 3.774 | AS44: 41.992 | AT44: 96.93 | AU44: 4.101 | AV44: 116.732 | AW44: 150.607 | AX44: =(SUM(AS44:AW44)/SUM(AS$53:AW$53))*AX$53 -> 55.146906 | AY44: =(SUM(AT44:AX44)/SUM(AT$53:AX$53))*AY$53 -> 63.157716 | AZ44: =(SUM(AU44:AY44)/SUM(AU$53:AY$53))*AZ$53 -> 64.958474 | BA44: =(SUM(AV44:AZ44)/SUM(AV$53:AZ$53))*BA$53 -> 68.314296
A45: Jul | X45: 29.411 | Y45: 256.162 | Z45: 29.42 | AA45: 96.616 | AB45: 14.075 | AC45: 7.797 | AD45: 20.531 | AE45: 4.241 | AF45: 32.954 | AG45: 55.581 | AH45: 85.081 | AI45: 21.182 | AJ45: 82.325 | AK45: 30.393 | AL45: 5.205 | AM45: 22.394 | AN45: 56.106 | AO45: 35.846 | AP45: 17.278 | AQ45: 250.485 | AR45: 7.104 | AS45: 81.283 | AT45: 98.629 | AU45: 44.392 | AV45: 144.317 | AW45: 290.038 | AX45: =(SUM(AS45:AW45)/SUM(AS$53:AW$53))*AX$53 -> 88.514546 | AY45: =(SUM(AT45:AX45)/SUM(AT$53:AX$53))*AY$53 -> 99.302118 | AZ45: =(SUM(AU45:AY45)/SUM(AU$53:AY$53))*AZ$53 -> 111.09572 | BA45: =(SUM(AV45:AZ45)/SUM(AV$53:AZ$53))*BA$53 -> 111.16825
A46: Aug | X46: 21.507 | Y46: 116.422 | Z46: 34.169 | AA46: 123.781 | AB46: 16.91 | AC46: 15.437 | AD46: 71.881 | AE46: 22.688 | AF46: 52.693 | AG46: 126.488 | AH46: 157.258 | AI46: 60.122 | AJ46: 124.801 | AK46: 45.554 | AL46: 46.298 | AM46: 49.334 | AN46: 103.805 | AO46: 77.788 | AP46: 15.541 | AQ46: 295.394 | AR46: 11.296 | AS46: 140.469 | AT46: 123.983 | AU46: 69.62 | AV46: 145.716 | AW46: 326.841 | AX46: =(SUM(AS46:AW46)/SUM(AS$53:AW$53))*AX$53 -> 108.39964 | AY46: =(SUM(AT46:AX46)/SUM(AT$53:AX$53))*AY$53 -> 115.50759 | AZ46: =(SUM(AU46:AY46)/SUM(AU$53:AY$53))*AZ$53 -> 127.68274 | BA46: =(SUM(AV46:AZ46)/SUM(AV$53:AZ$53))*BA$53 -> 124.9462
A47: Sep | X47: 56.375 | Y47: 181.608 | Z47: 64.015 | AA47: 152.146 | AB47: 31.812 | AC47: 32.116 | AD47: 125.763 | AE47: 66.236 | AF47: 101.256 | AG47: 148.306 | AH47: 155.557 | AI47: 89.051 | AJ47: 128.931 | AK47: 51.315 | AL47: 110.986 | AM47: 81.646 | AN47: 98.222 | AO47: 79.839 | AP47: 18.541 | AQ47: 332.061 | AR47: 90.152 | AS47: 111.552 | AT47: 149.492 | AU47: 147.332 | AV47: 407.379 | AW47: 397.635 | AX47: =(SUM(AS47:AW47)/SUM(AS$53:AW$53))*AX$53 -> 163.06262 | AY47: =(SUM(AT47:AX47)/SUM(AT$53:AX$53))*AY$53 -> 188.63057 | AZ47: =(SUM(AU47:AY47)/SUM(AU$53:AY$53))*AZ$53 -> 217.34333 | BA47: =(SUM(AV47:AZ47)/SUM(AV$53:AZ$53))*BA$53 -> 208.31526
A48: Oct | X48: 17.195 | Y48: 230.948 | Z48: 92.752 | AA48: 118.404 | AB48: 31.956 | AC48: 37.624 | AD48: 191.701 | AE48: 37.838 | AF48: 65.3 | AG48: 184.7 | AH48: 191.53 | AI48: 109.778 | AJ48: 120.534 | AK48: 96.013 | AL48: 157.58 | AM48: 97.881 | AN48: 146.525 | AO48: 121.323 | AP48: 46.447 | AQ48: 495.053 | AR48: 144.925 | AS48: 110.105 | AT48: 217.26 | AU48: 190.81 | AV48: 503 | AW48: 347.902 | AX48: =(SUM(AS48:AW48)/SUM(AS$53:AW$53))*AX$53 -> 183.98478 | AY48: =(SUM(AT48:AX48)/SUM(AT$53:AX$53))*AY$53 -> 215.18351 | AZ48: =(SUM(AU48:AY48)/SUM(AU$53:AY$53))*AZ$53 -> 240.15055 | BA48: =(SUM(AV48:AZ48)/SUM(AV$53:AZ$53))*BA$53 -> 225.92746
A49: Nov | X49: 36.405 | Y49: 200.295 | Z49: 86.271 | AA49: 168.433 | AB49: 18.229 | AC49: 78.331 | AD49: 143.22 | AE49: 31.81 | AF49: 50.897 | AG49: 152.873 | AH49: 178.24 | AI49: 74.891 | AJ49: 158.425 | AK49: 71.011 | AL49: 143.135 | AM49: 117.413 | AN49: 143.839 | AO49: 88.4 | AP49: 51.88 | AQ49: 547.344 | AR49: 114.772 | AS49: 114.371 | AT49: 215.552 | AU49: 209.348 | AV49: 621.377 | AW49: 303.961 | AX49: =(SUM(AS49:AW49)/SUM(AS$53:AW$53))*AX$53 -> 196.82294 | AY49: =(SUM(AT49:AX49)/SUM(AT$53:AX$53))*AY$53 -> 230.70823 | AZ49: =(SUM(AU49:AY49)/SUM(AU$53:AY$53))*AZ$53 -> 260.37368 | BA49: =(SUM(AV49:AZ49)/SUM(AV$53:AZ$53))*BA$53 -> 244.57842
A50: Dec | X50: 57.924 | Y50: 163.157 | Z50: 100.88 | AA50: 64.729 | AB50: 57.439 | AC50: 45.392 | AD50: 104.086 | AE50: 22.703 | AF50: 31.557 | AG50: 164.732 | AH50: 141.385 | AI50: 81.662 | AJ50: 135.744 | AK50: 32.702 | AL50: 144.711 | AM50: 123.868 | AN50: 90.767 | AO50: 99.605 | AP50: 46.983 | AQ50: 440.552 | AR50: 108.261 | AS50: 124.9 | AT50: 187.389 | AU50: 246.435 | AV50: 446.319 | AW50: 240.479 | AX50: =(SUM(AS50:AW50)/SUM(AS$53:AW$53))*AX$53 -> 167.38071 | AY50: =(SUM(AT50:AX50)/SUM(AT$53:AX$53))*AY$53 -> 192.07571 | AZ50: =(SUM(AU50:AY50)/SUM(AU$53:AY$53))*AZ$53 -> 215.45168 | BA50: =(SUM(AV50:AZ50)/SUM(AV$53:AZ$53))*BA$53 -> 191.28309
A51: Jan | W51: 16.217 | X51: 114.427 | Y51: 150.588 | Z51: 125.334 | AA51: 114.039 | AB51: 38.503 | AC51: 55.603 | AD51: 64.562 | AE51: 33.498 | AF51: 33.602 | AG51: 88.533 | AH51: 157.424 | AI51: 39.607 | AJ51: 83.764 | AK51: 13.135 | AL51: 121.205 | AM51: 67.743 | AN51: 53.41 | AO51: 71.03 | AP51: 17.172 | AQ51: 452.722 | AR51: 81.508 | AS51: 59.044 | AT51: 196.352 | AU51: 277.436 | AV51: 162.589 | AW51: 140.493 | AX51: =(SUM(AS51:AW51)/SUM(AS$53:AW$53))*AX$53 -> 112.33514 | AY51: =(SUM(AT51:AX51)/SUM(AT$53:AX$53))*AY$53 -> 132.60431 | AZ51: =(SUM(AU51:AY51)/SUM(AU$53:AY$53))*AZ$53 -> 137.57844 | BA51: =(SUM(AV51:AZ51)/SUM(AV$53:AZ$53))*BA$53 -> 103.94153
A52: Feb | W52: 54.204 | X52: 46.671 | Y52: 93.918 | Z52: 202.94 | AA52: 157.956 | AB52: 36.052 | AC52: 47.99 | AD52: 26.983 | AE52: 41.245 | AF52: 46.403 | AG52: 27.088 | AH52: 83.34 | AI52: 47.1 | AJ52: 18.084 | AK52: 4.976 | AL52: 31.547 | AM52: 25.834 | AN52: 14.979 | AO52: 12.84 | AP52: 27.099 | AQ52: 112.312 | AR52: 12.935 | AS52: 26.232 | AT52: 87.67 | AU52: 290.097 | AV52: 47.085 | AW52: 28.292 | AX52: =AX53-SUM(AX41:AX51) -> 93.079415 | AY52: =(SUM(AT52:AX52)/SUM(AT$53:AX$53))*AY$53 -> 81.456544 | AZ52: =AZ53-SUM(AZ41:AZ51) -> 90.003096 | BA52: =BA53-SUM(BA41:BA51) -> 51.533551
A53: Total | X53: =SUM(X41:X52) -> 596.91 | Y53: =SUM(Y41:Y52) -> 1812.312 | Z53: =SUM(Z41:Z52) -> 905.917 | AA53: =SUM(AA41:AA52) -> 1714.237 | AB53: =SUM(AB41:AB52) -> 426.921 | AC53: =SUM(AC41:AC52) -> 374.296 | AD53: =SUM(AD41:AD52) -> 785.62 | AE53: =SUM(AE41:AE52) -> 313.688 | ... AW53: =SUM(AW41:AW52) -> 2596.319 | AX53: =AX8*1000 -> 1300 | AY53: =AY8*1000 -> 1500 | AZ53: 1650 | BA53: 1500
A54: Oct/Sep Imports | X54: =SUM(X48:X52,Y41:Y47)/1000 -> 1.246028 | Y54: =SUM(Y48:Y52,Z41:Z47)/1000 -> 1.136646 | Z54: =SUM(Z48:Z52,AA41:AA47)/1000 -> 1.698853 | AA54: =SUM(AA48:AA52,AB41:AB47)/1000 -> 0.868303 | AB54: =SUM(AB48:AB52,AC41:AC47)/1000 -> 0.291535 | AC54: =SUM(AC48:AC52,AD41:AD47)/1000 -> 0.520008 | AD54: =SUM(AD48:AD52,AE41:AE47)/1000 -> 0.677146 | AE54: =SUM(AE48:AE52,AF41:AF47)/1000 -> 0.541622 | ... BA54: =SUM(BA48:BA52,BB41:BB47)/1000 -> 0.81726406
A55: Matrix Exports to
A58: Feed & Residual
A59: FSI
A61: Domestic Consumption Percentage
B62: =B2 -> 74/75 | C62: =C2 -> 75/76 | D62: =D2 -> 76/77 | E62: =E2 -> 77/78 | F62: =F2 -> 78/79 | G62: =G2 -> 79/80 | H62: =H2 -> 80/81 | I62: =I2 -> 81/82 | ... BA62: =BA2 -> 25/26
A63: Mar | AE63: 0.07941469 | AF63: 0.07941469 | AG63: 0.07941469 | AH63: 0.07941469 | AI63: 0.07941469 | AJ63: 0.07941469 | AK63: 0.07941469 | AL63: 0.07941469 | AM63: 0.06941469 | AN63: 0.06941469 | AO63: 0.06941469 | AP63: 0.069410714 | AQ63: 0.082928571 | AR63: 0.086696429 | AS63: 0.086696429 | AT63: =(SUM(AO63:AS63)-MAX(AO63:AS63)-MIN(AO63:AS63))/3 -> 0.079679897 | AU63: =(SUM(AP63:AT63)-MAX(AP63:AT63)-MIN(AP63:AT63))/3 -> 0.083101632 | AV63: =(SUM(AQ63:AU63)-MAX(AQ63:AU63)-MIN(AQ63:AU63))/3 -> 0.084242211 | AW63: =(SUM(AR63:AV63)-MAX(AR63:AV63)-MIN(AR63:AV63))/3 -> 0.084680091 | AX63: =(SUM(AS63:AW63)-MAX(AS63:AW63)-MIN(AS63:AW63))/3 -> 0.084007978 | AY63: =(SUM(AT63:AX63)-MAX(AT63:AX63)-MIN(AT63:AX63))/3 -> 0.08378394 | AZ63: =(SUM(AU63:AY63)-MAX(AU63:AY63)-MIN(AU63:AY63))/3 -> 0.084011376 | BA63: =(SUM(AV63:AZ63)-MAX(AV63:AZ63)-MIN(AV63:AZ63))/3 -> 0.084087188
A64: Apr | AE64: 0.0794581 | AF64: 0.0794581 | AG64: 0.0794581 | AH64: 0.0794581 | AI64: 0.0794581 | AJ64: 0.0794581 | AK64: 0.0794581 | AL64: 0.0794581 | AM64: 0.0794581 | AN64: 0.0794581 | AO64: 0.0794581 | AP64: 0.079464286 | AQ64: 0.083964286 | AR64: 0.087785714 | AS64: 0.087785714 | AT64: =(SUM(AO64:AS64)-MAX(AO64:AS64)-MIN(AO64:AS64))/3 -> 0.083738095 | AU64: =(SUM(AP64:AT64)-MAX(AP64:AT64)-MIN(AP64:AT64))/3 -> 0.085162698 | AV64: =(SUM(AQ64:AU64)-MAX(AQ64:AU64)-MIN(AQ64:AU64))/3 -> 0.085637566 | AW64: =(SUM(AR64:AV64)-MAX(AR64:AV64)-MIN(AR64:AV64))/3 -> 0.086195326 | AX64: =(SUM(AS64:AW64)-MAX(AS64:AW64)-MIN(AS64:AW64))/3 -> 0.085665197 | AY64: =(SUM(AT64:AX64)-MAX(AT64:AX64)-MIN(AT64:AX64))/3 -> 0.085488487 | AZ64: =(SUM(AU64:AY64)-MAX(AU64:AY64)-MIN(AU64:AY64))/3 -> 0.085597083 | BA64: =(SUM(AV64:AZ64)-MAX(AV64:AZ64)-MIN(AV64:AZ64))/3 -> 0.085633282
A65: May | AE65: 0.083345069 | AF65: 0.083345069 | AG65: 0.083345069 | AH65: 0.083345069 | AI65: 0.083345069 | AJ65: 0.083345069 | AK65: 0.083345069 | AL65: 0.083345069 | AM65: 0.083345069 | AN65: 0.083345069 | AO65: 0.083345069 | AP65: 0.083339286 | AQ65: 0.083785714 | AR65: 0.087589286 | AS65: 0.087589286 | AT65: =(SUM(AO65:AS65)-MAX(AO65:AS65)-MIN(AO65:AS65))/3 -> 0.08490669 | AU65: =(SUM(AP65:AT65)-MAX(AP65:AT65)-MIN(AP65:AT65))/3 -> 0.08542723 | AV65: =(SUM(AQ65:AU65)-MAX(AQ65:AU65)-MIN(AQ65:AU65))/3 -> 0.085974402 | AW65: =(SUM(AR65:AV65)-MAX(AR65:AV65)-MIN(AR65:AV65))/3 -> 0.086330306 | AX65: =(SUM(AS65:AW65)-MAX(AS65:AW65)-MIN(AS65:AW65))/3 -> 0.085910646 | AY65: =(SUM(AT65:AX65)-MAX(AT65:AX65)-MIN(AT65:AX65))/3 -> 0.085770759 | AZ65: =(SUM(AU65:AY65)-MAX(AU65:AY65)-MIN(AU65:AY65))/3 -> 0.085885269 | BA65: =(SUM(AV65:AZ65)-MAX(AV65:AZ65)-MIN(AV65:AZ65))/3 -> 0.085923439
A66: Jun | AE66: 0.082216328 | AF66: 0.082216328 | AG66: 0.082216328 | AH66: 0.082216328 | AI66: 0.082216328 | AJ66: 0.082216328 | AK66: 0.082216328 | AL66: 0.082216328 | AM66: 0.082216328 | AN66: 0.082216328 | AO66: 0.082216328 | AP66: 0.082214286 | AQ66: 0.084160714 | AR66: 0.087982143 | AS66: 0.087982143 | AT66: =(SUM(AO66:AS66)-MAX(AO66:AS66)-MIN(AO66:AS66))/3 -> 0.084786395 | AU66: =(SUM(AP66:AT66)-MAX(AP66:AT66)-MIN(AP66:AT66))/3 -> 0.085643084 | AV66: =(SUM(AQ66:AU66)-MAX(AQ66:AU66)-MIN(AQ66:AU66))/3 -> 0.086137207 | AW66: =(SUM(AR66:AV66)-MAX(AR66:AV66)-MIN(AR66:AV66))/3 -> 0.086587478 | AX66: =(SUM(AS66:AW66)-MAX(AS66:AW66)-MIN(AS66:AW66))/3 -> 0.08612259 | AY66: =(SUM(AT66:AX66)-MAX(AT66:AX66)-MIN(AT66:AX66))/3 -> 0.085967627 | AZ66: =(SUM(AU66:AY66)-MAX(AU66:AY66)-MIN(AU66:AY66))/3 -> 0.086075808 | BA66: =(SUM(AV66:AZ66)-MAX(AV66:AZ66)-MIN(AV66:AZ66))/3 -> 0.086111868
A67: Jul | AE67: 0.085793892 | AF67: 0.085793892 | AG67: 0.085793892 | AH67: 0.085793892 | AI67: 0.085793892 | AJ67: 0.085793892 | AK67: 0.085793892 | AL67: 0.085793892 | AM67: 0.085793892 | AN67: 0.085793892 | AO67: 0.085793892 | AP67: 0.085785714 | AQ67: 0.084892857 | AR67: 0.08875 | AS67: 0.08875 | AT67: =(SUM(AO67:AS67)-MAX(AO67:AS67)-MIN(AO67:AS67))/3 -> 0.086776535 | AU67: =(SUM(AP67:AT67)-MAX(AP67:AT67)-MIN(AP67:AT67))/3 -> 0.087104083 | AV67: =(SUM(AQ67:AU67)-MAX(AQ67:AU67)-MIN(AQ67:AU67))/3 -> 0.08754354 | AW67: =(SUM(AR67:AV67)-MAX(AR67:AV67)-MIN(AR67:AV67))/3 -> 0.087799208 | AX67: =(SUM(AS67:AW67)-MAX(AS67:AW67)-MIN(AS67:AW67))/3 -> 0.087482277 | AY67: =(SUM(AT67:AX67)-MAX(AT67:AX67)-MIN(AT67:AX67))/3 -> 0.087376633 | AZ67: =(SUM(AU67:AY67)-MAX(AU67:AY67)-MIN(AU67:AY67))/3 -> 0.087467483 | BA67: =(SUM(AV67:AZ67)-MAX(AV67:AZ67)-MIN(AV67:AZ67))/3 -> 0.087497766
A68: Aug | AE68: 0.086444659 | AF68: 0.086444659 | AG68: 0.086444659 | AH68: 0.086444659 | AI68: 0.086444659 | AJ68: 0.086444659 | AK68: 0.086444659 | AL68: 0.086444659 | AM68: 0.086444659 | AN68: 0.086444659 | AO68: 0.086444659 | AP68: 0.086446429 | AQ68: 0.082517857 | AR68: 0.086267857 | AS68: 0.086267857 | AT68: =(SUM(AO68:AS68)-MAX(AO68:AS68)-MIN(AO68:AS68))/3 -> 0.086326791 | AU68: =(SUM(AP68:AT68)-MAX(AP68:AT68)-MIN(AP68:AT68))/3 -> 0.086287502 | AV68: =(SUM(AQ68:AU68)-MAX(AQ68:AU68)-MIN(AQ68:AU68))/3 -> 0.086274405 | AW68: =(SUM(AR68:AV68)-MAX(AR68:AV68)-MIN(AR68:AV68))/3 -> 0.086276588 | AX68: =(SUM(AS68:AW68)-MAX(AS68:AW68)-MIN(AS68:AW68))/3 -> 0.086279498 | AY68: =(SUM(AT68:AX68)-MAX(AT68:AX68)-MIN(AT68:AX68))/3 -> 0.086281196 | AZ68: =(SUM(AU68:AY68)-MAX(AU68:AY68)-MIN(AU68:AY68))/3 -> 0.086279094 | BA68: =(SUM(AV68:AZ68)-MAX(AV68:AZ68)-MIN(AV68:AZ68))/3 -> 0.086278394
A69: Sep | AE69: 0.084885887 | AF69: 0.084885887 | AG69: 0.084885887 | AH69: 0.084885887 | AI69: 0.084885887 | AJ69: 0.084885887 | AK69: 0.084885887 | AL69: 0.084885887 | AM69: 0.094885887 | AN69: 0.094885887 | AO69: 0.094885887 | AP69: 0.094892857 | AQ69: 0.081982143 | AR69: 0.085696429 | AS69: 0.085696429 | AT69: =(SUM(AO69:AS69)-MAX(AO69:AS69)-MIN(AO69:AS69))/3 -> 0.088759581 | AU69: =(SUM(AP69:AT69)-MAX(AP69:AT69)-MIN(AP69:AT69))/3 -> 0.08671748 | AV69: =(SUM(AQ69:AU69)-MAX(AQ69:AU69)-MIN(AQ69:AU69))/3 -> 0.086036779 | AW69: =(SUM(AR69:AV69)-MAX(AR69:AV69)-MIN(AR69:AV69))/3 -> 0.086150229 | AX69: =(SUM(AS69:AW69)-MAX(AS69:AW69)-MIN(AS69:AW69))/3 -> 0.086301496 | AY69: =(SUM(AT69:AX69)-MAX(AT69:AX69)-MIN(AT69:AX69))/3 -> 0.086389735 | AZ69: =(SUM(AU69:AY69)-MAX(AU69:AY69)-MIN(AU69:AY69))/3 -> 0.086280487 | BA69: =(SUM(AV69:AZ69)-MAX(AV69:AZ69)-MIN(AV69:AZ69))/3 -> 0.08624407
A70: Oct | AE70: 0.08919405 | AF70: 0.08919405 | AG70: 0.08919405 | AH70: 0.08919405 | AI70: 0.08919405 | AJ70: 0.08919405 | AK70: 0.08919405 | AL70: 0.08919405 | AM70: 0.09919405 | AN70: 0.09919405 | AO70: 0.09919405 | AP70: 0.099196429 | AQ70: 0.081232143 | AR70: 0.084928571 | AS70: 0.084928571 | AT70: =(SUM(AO70:AS70)-MAX(AO70:AS70)-MIN(AO70:AS70))/3 -> 0.089683731 | AU70: =(SUM(AP70:AT70)-MAX(AP70:AT70)-MIN(AP70:AT70))/3 -> 0.086513625 | AV70: =(SUM(AQ70:AU70)-MAX(AQ70:AU70)-MIN(AQ70:AU70))/3 -> 0.085456923 | AW70: =(SUM(AR70:AV70)-MAX(AR70:AV70)-MIN(AR70:AV70))/3 -> 0.08563304 | AX70: =(SUM(AS70:AW70)-MAX(AS70:AW70)-MIN(AS70:AW70))/3 -> 0.085867862 | AY70: =(SUM(AT70:AX70)-MAX(AT70:AX70)-MIN(AT70:AX70))/3 -> 0.086004842 | AZ70: =(SUM(AU70:AY70)-MAX(AU70:AY70)-MIN(AU70:AY70))/3 -> 0.085835248 | BA70: =(SUM(AV70:AZ70)-MAX(AV70:AZ70)-MIN(AV70:AZ70))/3 -> 0.085778717
A71: Nov | AE71: 0.084427937 | AF71: 0.084427937 | AG71: 0.084427937 | AH71: 0.084427937 | AI71: 0.084427937 | AJ71: 0.084427937 | AK71: 0.084427937 | AL71: 0.084427937 | AM71: 0.094427937 | AN71: 0.094427937 | AO71: 0.094427937 | AP71: 0.094428571 | AQ71: 0.081428571 | AR71: 0.085125 | AS71: 0.085125 | AT71: =(SUM(AO71:AS71)-MAX(AO71:AS71)-MIN(AO71:AS71))/3 -> 0.088225979 | AU71: =(SUM(AP71:AT71)-MAX(AP71:AT71)-MIN(AP71:AT71))/3 -> 0.08615866 | AV71: =(SUM(AQ71:AU71)-MAX(AQ71:AU71)-MIN(AQ71:AU71))/3 -> 0.085469553 | AW71: =(SUM(AR71:AV71)-MAX(AR71:AV71)-MIN(AR71:AV71))/3 -> 0.085584404 | AX71: =(SUM(AS71:AW71)-MAX(AS71:AW71)-MIN(AS71:AW71))/3 -> 0.085737539 | AY71: =(SUM(AT71:AX71)-MAX(AT71:AX71)-MIN(AT71:AX71))/3 -> 0.085826868 | AZ71: =(SUM(AU71:AY71)-MAX(AU71:AY71)-MIN(AU71:AY71))/3 -> 0.08571627 | BA71: =(SUM(AV71:AZ71)-MAX(AV71:AZ71)-MIN(AV71:AZ71))/3 -> 0.085679405
A72: Dec | AE72: 0.087738657 | AF72: 0.087738657 | AG72: 0.087738657 | AH72: 0.087738657 | AI72: 0.087738657 | AJ72: 0.087738657 | AK72: 0.087738657 | AL72: 0.087738657 | AM72: 0.087738657 | AN72: 0.087738657 | AO72: 0.087738657 | AP72: 0.087732143 | AQ72: 0.083053571 | AR72: 0.086839286 | AS72: 0.086839286 | AT72: =(SUM(AO72:AS72)-MAX(AO72:AS72)-MIN(AO72:AS72))/3 -> 0.087136905 | AU72: =(SUM(AP72:AT72)-MAX(AP72:AT72)-MIN(AP72:AT72))/3 -> 0.086938492 | AV72: =(SUM(AQ72:AU72)-MAX(AQ72:AU72)-MIN(AQ72:AU72))/3 -> 0.086872354 | AW72: =(SUM(AR72:AV72)-MAX(AR72:AV72)-MIN(AR72:AV72))/3 -> 0.086883377 | AX72: =(SUM(AS72:AW72)-MAX(AS72:AW72)-MIN(AS72:AW72))/3 -> 0.086898075 | AY72: =(SUM(AT72:AX72)-MAX(AT72:AX72)-MIN(AT72:AX72))/3 -> 0.086906648 | AZ72: =(SUM(AU72:AY72)-MAX(AU72:AY72)-MIN(AU72:AY72))/3 -> 0.086896033 | BA72: =(SUM(AV72:AZ72)-MAX(AV72:AZ72)-MIN(AV72:AZ72))/3 -> 0.086892495
A73: Jan | AE73: 0.081546134 | AF73: 0.081546134 | AG73: 0.081546134 | AH73: 0.081546134 | AI73: 0.081546134 | AJ73: 0.081546134 | AK73: 0.081546134 | AL73: 0.091546134 | AM73: 0.071546134 | AN73: 0.071546134 | AO73: 0.071546134 | AP73: 0.071553571 | AQ73: 0.075928571 | AR73: 0.079392857 | AS73: 0.079392857 | AT73: =(SUM(AO73:AS73)-MAX(AO73:AS73)-MIN(AO73:AS73))/3 -> 0.075625 | AU73: =(SUM(AP73:AT73)-MAX(AP73:AT73)-MIN(AP73:AT73))/3 -> 0.076982143 | AV73: =(SUM(AQ73:AU73)-MAX(AQ73:AU73)-MIN(AQ73:AU73))/3 -> 0.077434524 | AW73: =(SUM(AR73:AV73)-MAX(AR73:AV73)-MIN(AR73:AV73))/3 -> 0.077936508 | AX73: =(SUM(AS73:AW73)-MAX(AS73:AW73)-MIN(AS73:AW73))/3 -> 0.077451058 | AY73: =(SUM(AT73:AX73)-MAX(AT73:AX73)-MIN(AT73:AX73))/3 -> 0.077289242 | AZ73: =(SUM(AU73:AY73)-MAX(AU73:AY73)-MIN(AU73:AY73))/3 -> 0.077391608 | BA73: =(SUM(AV73:AZ73)-MAX(AV73:AZ73)-MIN(AV73:AZ73))/3 -> 0.07742573
A74: Feb | AE74: 0.075534598 | AF74: 0.075534598 | AG74: 0.075534598 | AH74: 0.075534598 | AI74: 0.075534598 | AJ74: 0.075534598 | AK74: 0.075534598 | AL74: 0.065534598 | AM74: 0.065534598 | AN74: 0.065534598 | AO74: 0.065535714 | AP74: 0.076267857 | AQ74: 0.079732143 | AR74: 0.079732143 | AS74: 0.079732143 | AT74: =(SUM(AO74:AS74)-MAX(AO74:AS74)-MIN(AO74:AS74))/3 -> 0.078577381 | AU74: =(SUM(AP74:AT74)-MAX(AP74:AT74)-MIN(AP74:AT74))/3 -> 0.079347222 | AV74: =(SUM(AQ74:AU74)-MAX(AQ74:AU74)-MIN(AQ74:AU74))/3 -> 0.079603836 | AW74: =(SUM(AR74:AV74)-MAX(AR74:AV74)-MIN(AR74:AV74))/3 -> 0.079561067 | AX74: =(SUM(AS74:AW74)-MAX(AS74:AW74)-MIN(AS74:AW74))/3 -> 0.079504042 | AY74: =(SUM(AT74:AX74)-MAX(AT74:AX74)-MIN(AT74:AX74))/3 -> 0.079470777 | AZ74: =(SUM(AU74:AY74)-MAX(AU74:AY74)-MIN(AU74:AY74))/3 -> 0.079511962 | BA74: =(SUM(AV74:AZ74)-MAX(AV74:AZ74)-MIN(AV74:AZ74))/3 -> 0.07952569
A76: Monthly Domestic Usage
B77: =B2 -> 74/75 | C77: =C2 -> 75/76 | D77: =D2 -> 76/77 | E77: =E2 -> 77/78 | F77: =F2 -> 78/79 | G77: =G2 -> 79/80 | H77: =H2 -> 80/81 | I77: =I2 -> 81/82 | ... BA77: =BA2 -> 25/26
A78: Mar | AE78: =AE63*AE$12 -> 3.2418814 | AF78: =AF63*AF$12 -> 3.1181527 | AG78: =AG63*AG$12 -> 3.5484795 | AH78: =AH63*AH$12 -> 4.1703092 | AI78: =AI63*AI$12 -> 4.1116905 | AJ78: =AJ63*AJ$12 -> 4.169021 | AK78: =AK63*AK$12 -> 3.843077 | AL78: =AL63*AL$12 -> 3.9716389 | ... BA78: =BA63*BA$12 -> 7.7279237
A79: Apr | AE79: =AE64*AE$12 -> 3.2436535 | AF79: =AF64*AF$12 -> 3.1198571 | AG79: =AG64*AG$12 -> 3.5504191 | AH79: =AH64*AH$12 -> 4.1725888 | AI79: =AI64*AI$12 -> 4.113938 | AJ79: =AJ64*AJ$12 -> 4.1712998 | AK79: =AK64*AK$12 -> 3.8451777 | AL79: =AL64*AL$12 -> 3.9738099 | ... BA79: =BA64*BA$12 -> 7.8700155
A80: May | AE80: =AE65*AE$12 -> 3.4023281 | AF80: =AF65*AF$12 -> 3.2724758 | AG80: =AG65*AG$12 -> 3.7241002 | AH80: =AH65*AH$12 -> 4.3767055 | AI80: =AI65*AI$12 -> 4.3151856 | AJ80: =AJ65*AJ$12 -> 4.3753534 | AK80: =AK65*AK$12 -> 4.0332779 | AL80: =AL65*AL$12 -> 4.1682026 | ... BA80: =BA65*BA$12 -> 7.8966819
A81: Jun | AE81: =AE66*AE$12 -> 3.3562504 | AF81: =AF66*AF$12 -> 3.2281567 | AG81: =AG66*AG$12 -> 3.6736648 | AH81: =AH66*AH$12 -> 4.3174318 | AI81: =AI66*AI$12 -> 4.2567451 | AJ81: =AJ66*AJ$12 -> 4.3160981 | AK81: =AK66*AK$12 -> 3.9786553 | AL81: =AL66*AL$12 -> 4.1117527 | ... BA81: =BA66*BA$12 -> 7.9139993
A82: Jul | AE82: =AE67*AE$12 -> 3.5022944 | AF82: =AF67*AF$12 -> 3.3686268 | AG82: =AG67*AG$12 -> 3.8335207 | AH82: =AH67*AH$12 -> 4.5053007 | AI82: =AI67*AI$12 -> 4.4419732 | AJ82: =AJ67*AJ$12 -> 4.5039089 | AK82: =AK67*AK$12 -> 4.1517827 | AL82: =AL67*AL$12 -> 4.2906716 | ... BA82: =BA67*BA$12 -> 8.0413685
A83: Aug | AE83: =AE68*AE$12 -> 3.5288601 | AF83: =AF68*AF$12 -> 3.3941787 | AG83: =AG68*AG$12 -> 3.8625989 | AH83: =AH68*AH$12 -> 4.5394745 | AI83: =AI68*AI$12 -> 4.4756667 | AJ83: =AJ68*AJ$12 -> 4.5380722 | AK83: =AK68*AK$12 -> 4.1832749 | AL83: =AL68*AL$12 -> 4.3232174 | ... BA83: =BA68*BA$12 -> 7.9293036
A84: Sep | AE84: =AE69*AE$12 -> 3.4652277 | AF84: =AF69*AF$12 -> 3.3329748 | AG84: =AG69*AG$12 -> 3.7929485 | AH84: =AH69*AH$12 -> 4.4576186 | AI84: =AI69*AI$12 -> 4.3949614 | AJ84: =AJ69*AJ$12 -> 4.4562416 | AK84: =AK69*AK$12 -> 4.107842 | AL84: =AL69*AL$12 -> 4.2452611 | ... BA84: =BA69*BA$12 -> 7.9261492
A85: Oct | AE85: =AE70*AE$12 -> 3.6410963 | AF85: =AF70*AF$12 -> 3.5021313 | AG85: =AG70*AG$12 -> 3.9854497 | AH85: =AH70*AH$12 -> 4.6838535 | AI85: =AI70*AI$12 -> 4.6180163 | AJ85: =AJ70*AJ$12 -> 4.6824066 | AK85: =AK70*AK$12 -> 4.3163249 | AL85: =AL70*AL$12 -> 4.4607183 | ... BA85: =BA70*BA$12 -> 7.8833814
A86: Nov | AE86: =AE71*AE$12 -> 3.4465331 | AF86: =AF71*AF$12 -> 3.3149937 | AG86: =AG71*AG$12 -> 3.7724859 | AH86: =AH71*AH$12 -> 4.4335702 | AI86: =AI71*AI$12 -> 4.371251 | AJ86: =AJ71*AJ$12 -> 4.4322006 | AK86: =AK71*AK$12 -> 4.0856807 | AL86: =AL71*AL$12 -> 4.2223583 | ... BA86: =BA71*BA$12 -> 7.8742543
A87: Dec | AE87: =AE72*AE$12 -> 3.5816839 | AF87: =AF72*AF$12 -> 3.4449864 | AG87: =AG72*AG$12 -> 3.9204185 | AH87: =AH72*AH$12 -> 4.6074263 | AI87: =AI72*AI$12 -> 4.5426633 | AJ87: =AJ72*AJ$12 -> 4.606003 | AK87: =AK72*AK$12 -> 4.2458947 | AL87: =AL72*AL$12 -> 4.387932 | ... BA87: =BA72*BA$12 -> 7.9857418
A88: Jan | AE88: =AE73*AE$12 -> 3.3288916 | AF88: =AF73*AF$12 -> 3.2018421 | AG88: =AG73*AG$12 -> 3.6437186 | AH88: =AH73*AH$12 -> 4.2822379 | AI88: =AI73*AI$12 -> 4.2220459 | AJ88: =AJ73*AJ$12 -> 4.280915 | AK88: =AK73*AK$12 -> 3.946223 | AL88: =AL73*AL$12 -> 4.5783492 | ... BA88: =BA73*BA$12 -> 7.1157111
A89: Feb | AE89: =AE74*AE$12 -> 3.0834875 | AF89: =AF74*AF$12 -> 2.965804 | AG89: =AG74*AG$12 -> 3.3751056 | AH89: =AH74*AH$12 -> 3.9665537 | AI89: =AI74*AI$12 -> 3.910799 | AJ89: =AJ74*AJ$12 -> 3.9653283 | AK89: =AK74*AK$12 -> 3.6553096 | AL89: =AL74*AL$12 -> 3.2774762 | ... BA89: =BA74*BA$12 -> 7.3087052
A90: Total | AE90: =SUM(AE78:AE89) -> 40.822188 | AF90: =SUM(AF78:AF89) -> 39.26418 | AG90: =SUM(AG78:AG89) -> 44.68291 | AH90: =SUM(AH78:AH89) -> 52.513071 | AI90: =SUM(AI78:AI89) -> 51.774936 | AJ90: =SUM(AJ78:AJ89) -> 52.496848 | AK90: =SUM(AK78:AK89) -> 48.39252 | AL90: =SUM(AL78:AL89) -> 50.011388 | ... BA90: =SUM(BA78:BA89) -> 93.473235
D92: 1977 | E92: 1978 | F92: 1979 | G92: 1980 | H92: 1981 | I92: 1982 | J92: 1983 | K92: 1984 | L92: 1985 | M92: 1986 | N92: 1987 | O92: 1988 | P92: 1989 | Q92: 1990 | R92: 1991 | S92: 1992 | T92: 1993 | U92: 1994 | V92: 1995 | W92: 1996 | X92: 1997 | Y92: 1998 | Z92: 1999 | AA92: 2000 | AB92: 2001 | AC92: 2002 | AD92: 2003 | AE92: 2004 | AF92: 2005 | AG92: 2006 | AH92: 2007 | AI92: 2008 | AJ92: 2009 | AK92: 2010 | AL92: 2011 | AM92: 2012 | AN92: 2013 | AO92: 2014 | AP92: 2015 | AQ92: 2016 | AR92: 2017 | AS92: 2018 | AT92: 2019 | AU92: 2020 | AV92: 2021 | AW92: 2022 | AX92: 2023 | AY92: 2024 | AZ92: 2025 | BA92: 2026
A93: Main Crop | D93: 11797.336 | E93: 10985.06 | F93: 11304.813 | G93: 11523.883 | H93: 11904.144 | I93: 12543.052 | J93: 11554.285 | K93: 11880.629 | L93: 11567.163 | M93: 12623.451 | N93: 14061.353 | O93: 12885.096 | P93: 12308.435 | Q93: 11574.295 | R93: 12651.8 | S93: 13036.8 | T93: 11152.6 | U93: 12397.8 | V93: 12614.4 | W93: 12035.6 | X93: 11600.3 | Y93: 9070.1 | Z93: 9822.4 | AA93: 9849.8 | AB93: 10546.1 | AC93: 9412.8 | AD93: 9663.5 | AE93: 9465.3 | AF93: 9021.8 | AG93: 9652.8 | AH93: 9493.9 | AI93: 9635.6 | AJ93: 9270.5 | AK93: 7724 | AL93: 7637.7 | AM93: 7558.5 | AN93: 6783.1 | AO93: 6617.7 | AP93: 6142.3 | AQ93: 5289.4 | AR93: 5482.5 | AS93: 5082.1 | AT93: 4103.9 | AU93: 4235.8 | AV93: 4348.4 | AW93: 4549.2 | AX93: 4444 | AY93: 3970.1 | AZ93: 3736.6 | BA93: =FORECAST(BA92,AS93:AZ93,AS92:AZ92) -> 3812.5786
A94: Safrinha Crop | G94: 146 | H94: 243 | I94: 228 | J94: 103.9 | K94: 325 | L94: 373 | M94: 460 | N94: 549 | O94: 526 | P94: 665.8 | Q94: 518.4 | R94: 799.6 | S94: 990.3 | T94: 1283.7 | U94: 1753.9 | V94: 1667.8 | W94: 1721.1 | X94: 2198.5 | Y94: 2321 | Z94: 2690.6 | AA94: 2908.1 | AB94: 2426.4 | AC94: 2885 | AD94: 3562.7 | AE94: 3317.7 | AF94: 3186.4 | AG94: 3311.1 | AH94: 4561 | AI94: 5130.1 | AJ94: 4901.3 | AK94: 5269.9 | AL94: 6168.4 | AM94: 7619.6 | AN94: 9046.2 | AO94: 9211.2 | AP94: 9550.6 | AQ94: 10565.9 | AR94: 12109.2 | AS94: 11534.3 | AT94: 12878 | AU94: 13755.9 | AV94: 14999.6 | AW94: 16369.3 | AX94: 17192.7 | AY94: 16437.4 | AZ94: 17738.1 | BA94: =FORECAST(BA92,AS94:AZ94,AS92:AZ92) -> 19018.718
A95: 3rd Crop | AT95: 511 | AU95: 535.6 | AV95: 595.6 | AW95: 662.1 | AX95: 632.5 | AY95: 643.3 | AZ95: 649.4 | BA95: =FORECAST(BA92,AT95:AZ95,AT92:AZ92) -> 699.57143
A96: Check | AU96: =SUM(AU93:AU95) -> 18527.3 | AV96: =SUM(AV93:AV95) -> 19943.6 | AW96: =SUM(AW93:AW95) -> 21580.6 | AX96: =SUM(AX93:AX95) -> 22269.2 | AY96: =SUM(AY93:AY95) -> 21050.8 | AZ96: =SUM(AZ93:AZ95) -> 22124.1 | BA96: =SUM(BA93:BA95) -> 23530.868
A99: Main %
A101: Main Crop | D101: 19255.728 | E101: 14017.063 | F101: 16513.828 | G101: 19356.522 | H101: 21156.81 | I101: 21490.808 | J101: 18981.764 | K101: 20796.701 | L101: 20690.899 | M101: 19754.774 | N101: 26179.361 | O101: 24777.973 | P101: 25646.99 | Q101: 21757.03 | R101: 23040.6 | S101: 29241.8 | T101: 26806.2 | U101: 30923.9 | V101: 33990.7 | W101: 28895.1 | X101: 31704.4 | Y101: 24605.1 | Z101: 26742 | AA101: 27715.3 | AB101: 35833 | AC101: 29100.2 | AD101: 34613.6 | AE101: 31554.2 | AF101: 27272.4 | AG101: 31809 | AH101: 36596.7 | AI101: 39964.1 | AJ101: 33654.9 | AK101: 34079.2 | AL101: 34946.7 | AM101: 33867.1 | AN101: 34576.708 | AO101: 31652.91 | AP101: 30082.012 | AQ101: 25758.103 | AR101: 30462.015 | AS101: 26810.696 | AT101: 25646.701 | AU101: 25689.6 | AV101: 24726.5 | AW101: 25026.8 | AX101: 27226.2 | AY101: =AX101/SUM($AX$101:$AX$103) -> 0.21637718
A102: Safrinha Crop | D102: 0 | E102: 0 | F102: 0 | G102: 78.8 | H102: 127 | I102: 114 | J102: 33.2 | K102: 381.5 | L102: 483.8 | M102: 510 | N102: 579.6 | O102: 446.3 | P102: 620.6 | Q102: 500.8 | R102: 1055.5 | S102: 1529.4 | T102: 2401.5 | U102: 2249.8 | V102: 3451.2 | W102: 3509.6 | X102: 4011.2 | Y102: 5582.7 | Z102: 5651.4 | AA102: 3925.2 | AB102: 6456.7 | AC102: 6180.5 | AD102: 12797.3 | AE102: 10574.3 | AF102: 7704.5 | AG102: 10705.9 | AH102: 14773 | AI102: 18688.1 | AJ102: 17349 | AK102: 21938.8 | AL102: 22460.3 | AM102: 39112.7 | AN102: 46928.9 | AO102: 48399.1 | AP102: 54590.5 | AQ102: 40772.7 | AR102: 67380.9 | AS102: 53898.9 | AT102: 73177.7 | AU102: 75053.2 | AV102: 60741.6 | AW102: 85622.4 | AX102: 96271.2 | AY102: =AX102/SUM($AX$101:$AX$103) -> 0.76510461
A103: 3rd Crop | AT103: 1218.7 | AU103: 1843.6 | AV103: 1628.5 | AW103: 2156 | AX103: 2330.1 | AY103: =AX103/SUM($AX$101:$AX$103) -> 0.018518209
A104: Check | D104: =SUM(D101:D103)-(D7*1000) -> 0 | E104: =SUM(E101:E103)-(E7*1000) -> 0 | F104: =SUM(F101:F103)-(F7*1000) -> 0 | G104: =SUM(G101:G103)-(G7*1000) -> 0 | H104: =SUM(H101:H103)-(H7*1000) -> 0 | I104: =SUM(I101:I103)-(I7*1000) -> 0 | J104: =SUM(J101:J103)-(J7*1000) -> 0 | K104: =SUM(K101:K103)-(K7*1000) -> 0 | ... AX104: =SUM(AX101:AX103)-(AX7*1000) -> -6038.6
A107: Exports/Production
A110: www.sindiracoes.org.br
A111: Consumption of Corn
A112: Broilers
A113: Layers
A114: Swine
...

Sheet Brazil Corn by State
A1: BRAZILIAN CORN PRODUCTION BY STATE | BB1: CONAB Implied Yr/Yr Change | BC1: RLC Implied Yr/Yr Change | BD1: Five-Year CAGR | BE1: 5-Yr Trend | BF1: Checked vs. Nov Crop Prod
A2: (000 ha, kg/ha, 000 mt) | AY2: 2025/26
A3: North | B3: 1976/77 | C3: 1977/78 | D3: 1978/79 | E3: 1979/80 | F3: 1980/81 | G3: 1981/82 | H3: 1982/83 | I3: 1983/84 | J3: 1984/85 | K3: 1985/86 | L3: 1986/87 | M3: 1987/88 | N3: 1988/89 | O3: 1989/90 | P3: 1990/91 | Q3: 1991/92 | R3: 1992/93 | S3: 1993/94 | T3: 1994/95 | U3: 1995/96 | V3: 1996/97 | W3: 1997/98 | X3: 1998/99 | Y3: 1999/00 | Z3: 2000/01 | AA3: 2001/02 | AB3: 2002/03 | AC3: 2003/04 | AD3: 2004/05 | AE3: 2005/06 | AF3: 2006/07 | AG3: 2007/08 | AH3: 2008/09 | AI3: 2009/10 | AJ3: 2010/11 | AK3: 2011/12 | AL3: 2012/13 | AM3: 2013/14 | AN3: 2014/15 | AO3: 2015/16 | AP3: 2016/17 | AQ3: 2017/18 | AR3: 2018/19 | AS3: 2019/20 | AT3: 2020/21 | AU3: 2021/22 | AV3: 2022/23 | AW3: 2023/24 | AX3: 2024/25 | AY3: CONAB | AZ3: RLC | BA3: RLC - CONAB | BG3: Notes
A4: area | B4: ='BZ by State 1st Crop'!B4+'BZ by State 2nd Crop'!B4+'BZ by State 3rd Crop'!B4 -> 117.136 | C4: ='BZ by State 1st Crop'!C4+'BZ by State 2nd Crop'!C4+'BZ by State 3rd Crop'!C4 -> 128.16 | D4: ='BZ by State 1st Crop'!D4+'BZ by State 2nd Crop'!D4+'BZ by State 3rd Crop'!D4 -> 108.813 | E4: ='BZ by State 1st Crop'!E4+'BZ by State 2nd Crop'!E4+'BZ by State 3rd Crop'!E4 -> 178.683 | F4: ='BZ by State 1st Crop'!F4+'BZ by State 2nd Crop'!F4+'BZ by State 3rd Crop'!F4 -> 192.344 | G4: ='BZ by State 1st Crop'!G4+'BZ by State 2nd Crop'!G4+'BZ by State 3rd Crop'!G4 -> 235.652 | H4: ='BZ by State 1st Crop'!H4+'BZ by State 2nd Crop'!H4+'BZ by State 3rd Crop'!H4 -> 175.685 | I4: ='BZ by State 1st Crop'!I4+'BZ by State 2nd Crop'!I4+'BZ by State 3rd Crop'!I4 -> 254.929 | ... AY4: ='BZ by State 1st Crop'!AY4+'BZ by State 2nd Crop'!AY4+'BZ by State 3rd Crop'!AY4 -> 1646.7 | AZ4: =AZ8+AZ12+AZ16+AZ20+AZ24+AZ28+AZ32 -> 1646.7 | BA4: =AZ4-AY4 -> 0 | BB4: =AY4-AX4 -> 96.9 | BC4: =AZ4-AX4 -> 96.9 | BD4: =(AX4/AS4)^(1/5)-1 -> 0.1400333 | BF4: FALSE
A5: yield | B5: =B6/B4*1000 -> 1010.1762 | C5: =C6/C4*1000 -> 7654.4944 | D5: =D6/D4*1000 -> 8850.0455 | E5: =E6/E4*1000 -> 10980.339 | F5: =F6/F4*1000 -> 10715.177 | G5: =G6/G4*1000 -> 10439.122 | H5: =H6/H4*1000 -> 9989.4698 | I5: =I6/I4*1000 -> 11626.767 | ... AZ5: =AZ6/AZ4*1000 -> 4701.4423 | BA5: =AZ5-AY5 -> 45.793769 | BB5: =AY5-AX5 -> -316.24335 | BC5: =AZ5-AX5 -> -270.44958 | BD5: =(AX5/AS5)^(1/5)-1 -> -0.26253049
A6: production | B6: ='BZ by State 1st Crop'!B6+'BZ by State 2nd Crop'!B6+'BZ by State 3rd Crop'!B6 -> 118.328 | C6: ='BZ by State 1st Crop'!C6+'BZ by State 2nd Crop'!C6+'BZ by State 3rd Crop'!C6 -> 981 | D6: ='BZ by State 1st Crop'!D6+'BZ by State 2nd Crop'!D6+'BZ by State 3rd Crop'!D6 -> 963 | E6: ='BZ by State 1st Crop'!E6+'BZ by State 2nd Crop'!E6+'BZ by State 3rd Crop'!E6 -> 1962 | F6: ='BZ by State 1st Crop'!F6+'BZ by State 2nd Crop'!F6+'BZ by State 3rd Crop'!F6 -> 2061 | G6: ='BZ by State 1st Crop'!G6+'BZ by State 2nd Crop'!G6+'BZ by State 3rd Crop'!G6 -> 2460 | H6: ='BZ by State 1st Crop'!H6+'BZ by State 2nd Crop'!H6+'BZ by State 3rd Crop'!H6 -> 1755 | I6: ='BZ by State 1st Crop'!I6+'BZ by State 2nd Crop'!I6+'BZ by State 3rd Crop'!I6 -> 2964 | ... AY6: ='BZ by State 1st Crop'!AY6+'BZ by State 2nd Crop'!AY6+'BZ by State 3rd Crop'!AY6 -> 7666.4564 | AZ6: =AZ10+AZ14+AZ18+AZ22+AZ26+AZ30+AZ34 -> 7741.865 | BA6: =AZ6-AY6 -> 75.4086 | BB6: =AY6-AX6 -> -38.9816 | BC6: =AZ6-AX6 -> 36.427 | BD6: =(AX6/AS6)^(1/5)-1 -> -0.1592602
A7: Roraima
A8: area | B8: ='BZ by State 1st Crop'!B8+'BZ by State 2nd Crop'!B8+'BZ by State 3rd Crop'!B8 -> 4.8 | C8: ='BZ by State 1st Crop'!C8+'BZ by State 2nd Crop'!C8+'BZ by State 3rd Crop'!C8 -> 3.2 | D8: ='BZ by State 1st Crop'!D8+'BZ by State 2nd Crop'!D8+'BZ by State 3rd Crop'!D8 -> 3.2 | E8: ='BZ by State 1st Crop'!E8+'BZ by State 2nd Crop'!E8+'BZ by State 3rd Crop'!E8 -> 6 | F8: ='BZ by State 1st Crop'!F8+'BZ by State 2nd Crop'!F8+'BZ by State 3rd Crop'!F8 -> 16 | G8: ='BZ by State 1st Crop'!G8+'BZ by State 2nd Crop'!G8+'BZ by State 3rd Crop'!G8 -> 4.6 | H8: ='BZ by State 1st Crop'!H8+'BZ by State 2nd Crop'!H8+'BZ by State 3rd Crop'!H8 -> 7 | I8: ='BZ by State 1st Crop'!I8+'BZ by State 2nd Crop'!I8+'BZ by State 3rd Crop'!I8 -> 5 | ... AZ8: ='BZ by State 1st Crop'!AZ8+'BZ by State 2nd Crop'!AZ8+'BZ by State 3rd Crop'!AZ8 -> 20 | BA8: =AZ8-AY8 -> 0 | BB8: =AY8-AX8 -> 0 | BC8: =AZ8-AX8 -> 0 | BD8: =(AX8/AS8)^(1/5)-1 -> 0.059223841 | BF8: FALSE
A9: yield | B9: =B10/B8*1000 -> 1020.8333 | C9: =C10/C8*1000 -> 2812.5 | D9: =D10/D8*1000 -> 2812.5 | E9: =E10/E8*1000 -> 3000 | F9: =F10/F8*1000 -> 2812.5 | G9: =G10/G8*1000 -> 2608.6957 | H9: =H10/H8*1000 -> 1285.7143 | I9: =I10/I8*1000 -> 2400 | ... AZ9: =AZ10/AZ8*1000 -> 6000 | BA9: =AZ9-AY9 -> 0 | BB9: =AY9-AX9 -> 0 | BC9: =AZ9-AX9 -> 0 | BD9: =(AX9/AS9)^(1/5)-1 -> -0.19725844
A10: production | B10: ='BZ by State 1st Crop'!B10+'BZ by State 2nd Crop'!B10+'BZ by State 3rd Crop'!B10 -> 4.9 | C10: ='BZ by State 1st Crop'!C10+'BZ by State 2nd Crop'!C10+'BZ by State 3rd Crop'!C10 -> 9 | D10: ='BZ by State 1st Crop'!D10+'BZ by State 2nd Crop'!D10+'BZ by State 3rd Crop'!D10 -> 9 | E10: ='BZ by State 1st Crop'!E10+'BZ by State 2nd Crop'!E10+'BZ by State 3rd Crop'!E10 -> 18 | F10: ='BZ by State 1st Crop'!F10+'BZ by State 2nd Crop'!F10+'BZ by State 3rd Crop'!F10 -> 45 | G10: ='BZ by State 1st Crop'!G10+'BZ by State 2nd Crop'!G10+'BZ by State 3rd Crop'!G10 -> 12 | H10: ='BZ by State 1st Crop'!H10+'BZ by State 2nd Crop'!H10+'BZ by State 3rd Crop'!H10 -> 9 | I10: ='BZ by State 1st Crop'!I10+'BZ by State 2nd Crop'!I10+'BZ by State 3rd Crop'!I10 -> 12 | ... AZ10: ='BZ by State 1st Crop'!AZ10+'BZ by State 2nd Crop'!AZ10+'BZ by State 3rd Crop'!AZ10 -> 120 | BA10: =AZ10-AY10 -> 0 | BB10: =AY10-AX10 -> 0 | BC10: =AZ10-AX10 -> 0 | BD10: =(AX10/AS10)^(1/5)-1 -> -0.149717
A11: Rondônia
A12: area | B12: ='BZ by State 1st Crop'!B12+'BZ by State 2nd Crop'!B12+'BZ by State 3rd Crop'!B12 -> 22.7 | C12: ='BZ by State 1st Crop'!C12+'BZ by State 2nd Crop'!C12+'BZ by State 3rd Crop'!C12 -> 35.3 | D12: ='BZ by State 1st Crop'!D12+'BZ by State 2nd Crop'!D12+'BZ by State 3rd Crop'!D12 -> 35.8 | E12: ='BZ by State 1st Crop'!E12+'BZ by State 2nd Crop'!E12+'BZ by State 3rd Crop'!E12 -> 63 | F12: ='BZ by State 1st Crop'!F12+'BZ by State 2nd Crop'!F12+'BZ by State 3rd Crop'!F12 -> 70 | G12: ='BZ by State 1st Crop'!G12+'BZ by State 2nd Crop'!G12+'BZ by State 3rd Crop'!G12 -> 81 | H12: ='BZ by State 1st Crop'!H12+'BZ by State 2nd Crop'!H12+'BZ by State 3rd Crop'!H12 -> 66.7 | I12: ='BZ by State 1st Crop'!I12+'BZ by State 2nd Crop'!I12+'BZ by State 3rd Crop'!I12 -> 113 | ... AZ12: ='BZ by State 1st Crop'!AZ12+'BZ by State 2nd Crop'!AZ12+'BZ by State 3rd Crop'!AZ12 -> 488.5 | BA12: =AZ12-AY12 -> 0 | BB12: =AY12-AX12 -> -4.8 | BC12: =AZ12-AX12 -> -4.8 | BD12: =(AX12/AS12)^(1/5)-1 -> 0.20041956 | BF12: FALSE
A13: yield | B13: =B14/B12*1000 -> 1502.2026 | C13: =C14/C12*1000 -> 4589.2351 | D13: =D14/D12*1000 -> 4441.3408 | E13: =E14/E12*1000 -> 5142.8571 | F13: =F14/F12*1000 -> 4800 | G13: =G14/G12*1000 -> 5037.037 | H13: =H14/H12*1000 -> 4362.8186 | I13: =I14/I12*1000 -> 4353.9823 | ... AZ13: =AZ14/AZ12*1000 -> 5283.2712 | BA13: =AZ13-AY13 -> 52.340839 | BB13: =AY13-AX13 -> -42.518212 | BC13: =AZ13-AX13 -> 9.8226271 | BD13: =(AX13/AS13)^(1/5)-1 -> -0.19103737
A14: production | B14: ='BZ by State 1st Crop'!B14+'BZ by State 2nd Crop'!B14+'BZ by State 3rd Crop'!B14 -> 34.1 | C14: ='BZ by State 1st Crop'!C14+'BZ by State 2nd Crop'!C14+'BZ by State 3rd Crop'!C14 -> 162 | D14: ='BZ by State 1st Crop'!D14+'BZ by State 2nd Crop'!D14+'BZ by State 3rd Crop'!D14 -> 159 | E14: ='BZ by State 1st Crop'!E14+'BZ by State 2nd Crop'!E14+'BZ by State 3rd Crop'!E14 -> 324 | F14: ='BZ by State 1st Crop'!F14+'BZ by State 2nd Crop'!F14+'BZ by State 3rd Crop'!F14 -> 336 | G14: ='BZ by State 1st Crop'!G14+'BZ by State 2nd Crop'!G14+'BZ by State 3rd Crop'!G14 -> 408 | H14: ='BZ by State 1st Crop'!H14+'BZ by State 2nd Crop'!H14+'BZ by State 3rd Crop'!H14 -> 291 | I14: ='BZ by State 1st Crop'!I14+'BZ by State 2nd Crop'!I14+'BZ by State 3rd Crop'!I14 -> 492 | ... AZ14: ='BZ by State 1st Crop'!AZ14+'BZ by State 2nd Crop'!AZ14+'BZ by State 3rd Crop'!AZ14 -> 2580.878 | BA14: =AZ14-AY14 -> 25.5685 | BB14: =AY14-AX14 -> -46.0827 | BC14: =AZ14-AX14 -> -20.5142 | BD14: =(AX14/AS14)^(1/5)-1 -> -0.028905437
A15: Acre
A16: area | B16: ='BZ by State 1st Crop'!B16+'BZ by State 2nd Crop'!B16+'BZ by State 3rd Crop'!B16 -> 17 | C16: ='BZ by State 1st Crop'!C16+'BZ by State 2nd Crop'!C16+'BZ by State 3rd Crop'!C16 -> 17.5 | D16: ='BZ by State 1st Crop'!D16+'BZ by State 2nd Crop'!D16+'BZ by State 3rd Crop'!D16 -> 13 | E16: ='BZ by State 1st Crop'!E16+'BZ by State 2nd Crop'!E16+'BZ by State 3rd Crop'!E16 -> 17 | F16: ='BZ by State 1st Crop'!F16+'BZ by State 2nd Crop'!F16+'BZ by State 3rd Crop'!F16 -> 18 | G16: ='BZ by State 1st Crop'!G16+'BZ by State 2nd Crop'!G16+'BZ by State 3rd Crop'!G16 -> 20 | H16: ='BZ by State 1st Crop'!H16+'BZ by State 2nd Crop'!H16+'BZ by State 3rd Crop'!H16 -> 25 | I16: ='BZ by State 1st Crop'!I16+'BZ by State 2nd Crop'!I16+'BZ by State 3rd Crop'!I16 -> 21.4 | ... AZ16: ='BZ by State 1st Crop'!AZ16+'BZ by State 2nd Crop'!AZ16+'BZ by State 3rd Crop'!AZ16 -> 42.4 | BA16: =AZ16-AY16 -> 0 | BB16: =AY16-AX16 -> 1.4 | BC16: =AZ16-AX16 -> 1.4 | BD16: =(AX16/AS16)^(1/5)-1 -> 0.048208723 | BF16: FALSE
A17: yield | B17: =B18/B16*1000 -> 1176.4706 | C17: =C18/C16*1000 -> 9257.1429 | D17: =D18/D16*1000 -> 12230.769 | E17: =E18/E16*1000 -> 19058.824 | F17: =F18/F16*1000 -> 18666.667 | G17: =G18/G16*1000 -> 20400 | H17: =H18/H16*1000 -> 11640 | I17: =I18/I16*1000 -> 22990.654 | ... AZ17: =AZ18/AZ16*1000 -> 3503.0731 | BA17: =AZ17-AY17 -> 34.464623 | BB17: =AY17-AX17 -> 61.971905 | BC17: =AZ17-AX17 -> 96.436528 | BD17: =(AX17/AS17)^(1/5)-1 -> -0.48382791
A18: production | B18: ='BZ by State 1st Crop'!B18+'BZ by State 2nd Crop'!B18+'BZ by State 3rd Crop'!B18 -> 20 | C18: ='BZ by State 1st Crop'!C18+'BZ by State 2nd Crop'!C18+'BZ by State 3rd Crop'!C18 -> 162 | D18: ='BZ by State 1st Crop'!D18+'BZ by State 2nd Crop'!D18+'BZ by State 3rd Crop'!D18 -> 159 | E18: ='BZ by State 1st Crop'!E18+'BZ by State 2nd Crop'!E18+'BZ by State 3rd Crop'!E18 -> 324 | F18: ='BZ by State 1st Crop'!F18+'BZ by State 2nd Crop'!F18+'BZ by State 3rd Crop'!F18 -> 336 | G18: ='BZ by State 1st Crop'!G18+'BZ by State 2nd Crop'!G18+'BZ by State 3rd Crop'!G18 -> 408 | H18: ='BZ by State 1st Crop'!H18+'BZ by State 2nd Crop'!H18+'BZ by State 3rd Crop'!H18 -> 291 | I18: ='BZ by State 1st Crop'!I18+'BZ by State 2nd Crop'!I18+'BZ by State 3rd Crop'!I18 -> 492 | ... AZ18: ='BZ by State 1st Crop'!AZ18+'BZ by State 2nd Crop'!AZ18+'BZ by State 3rd Crop'!AZ18 -> 148.5303 | BA18: =AZ18-AY18 -> 1.4613 | BB18: =AY18-AX18 -> 7.3969 | BC18: =AZ18-AX18 -> 8.8582 | BD18: =(AX18/AS18)^(1/5)-1 -> -0.45894391
A19: Amazonas
A20: area | B20: ='BZ by State 1st Crop'!B20+'BZ by State 2nd Crop'!B20+'BZ by State 3rd Crop'!B20 -> 5.5 | C20: ='BZ by State 1st Crop'!C20+'BZ by State 2nd Crop'!C20+'BZ by State 3rd Crop'!C20 -> 5.5 | D20: ='BZ by State 1st Crop'!D20+'BZ by State 2nd Crop'!D20+'BZ by State 3rd Crop'!D20 -> 6 | E20: ='BZ by State 1st Crop'!E20+'BZ by State 2nd Crop'!E20+'BZ by State 3rd Crop'!E20 -> 9 | F20: ='BZ by State 1st Crop'!F20+'BZ by State 2nd Crop'!F20+'BZ by State 3rd Crop'!F20 -> 4 | G20: ='BZ by State 1st Crop'!G20+'BZ by State 2nd Crop'!G20+'BZ by State 3rd Crop'!G20 -> 4.8 | H20: ='BZ by State 1st Crop'!H20+'BZ by State 2nd Crop'!H20+'BZ by State 3rd Crop'!H20 -> 1.6 | I20: ='BZ by State 1st Crop'!I20+'BZ by State 2nd Crop'!I20+'BZ by State 3rd Crop'!I20 -> 1.1 | ... AZ20: ='BZ by State 1st Crop'!AZ20+'BZ by State 2nd Crop'!AZ20+'BZ by State 3rd Crop'!AZ20 -> 8.3 | BA20: =AZ20-AY20 -> 0 | BB20: =AY20-AX20 -> 0 | BC20: =AZ20-AX20 -> 0 | BD20: =(AX20/AS20)^(1/5)-1 -> -0.058171097 | BF20: FALSE
A21: yield | B21: =B22/B20*1000 -> 1000 | C21: =C22/C20*1000 -> 29454.545 | D21: =D22/D20*1000 -> 26500 | E21: =E22/E20*1000 -> 36000 | F21: =F22/F20*1000 -> 84000 | G21: =G22/G20*1000 -> 85000 | H21: =H22/H20*1000 -> 181875 | I21: =I22/I20*1000 -> 447272.73 | ... AZ21: =AZ22/AZ20*1000 -> 3071 | BA21: =AZ21-AY21 -> 30 | BB21: =AY21-AX21 -> 36 | BC21: =AZ21-AX21 -> 66 | BD21: =(AX21/AS21)^(1/5)-1 -> -0.59296397
A22: production | B22: ='BZ by State 1st Crop'!B22+'BZ by State 2nd Crop'!B22+'BZ by State 3rd Crop'!B22 -> 5.5 | C22: ='BZ by State 1st Crop'!C22+'BZ by State 2nd Crop'!C22+'BZ by State 3rd Crop'!C22 -> 162 | D22: ='BZ by State 1st Crop'!D22+'BZ by State 2nd Crop'!D22+'BZ by State 3rd Crop'!D22 -> 159 | E22: ='BZ by State 1st Crop'!E22+'BZ by State 2nd Crop'!E22+'BZ by State 3rd Crop'!E22 -> 324 | F22: ='BZ by State 1st Crop'!F22+'BZ by State 2nd Crop'!F22+'BZ by State 3rd Crop'!F22 -> 336 | G22: ='BZ by State 1st Crop'!G22+'BZ by State 2nd Crop'!G22+'BZ by State 3rd Crop'!G22 -> 408 | H22: ='BZ by State 1st Crop'!H22+'BZ by State 2nd Crop'!H22+'BZ by State 3rd Crop'!H22 -> 291 | I22: ='BZ by State 1st Crop'!I22+'BZ by State 2nd Crop'!I22+'BZ by State 3rd Crop'!I22 -> 492 | ... AZ22: ='BZ by State 1st Crop'!AZ22+'BZ by State 2nd Crop'!AZ22+'BZ by State 3rd Crop'!AZ22 -> 25.4893 | BA22: =AZ22-AY22 -> 0.249 | BB22: =AY22-AX22 -> 0.2988 | BC22: =AZ22-AX22 -> 0.5478 | BD22: =(AX22/AS22)^(1/5)-1 -> -0.6166417
A23: Amapá
A24: area | B24: ='BZ by State 1st Crop'!B24+'BZ by State 2nd Crop'!B24+'BZ by State 3rd Crop'!B24 -> 0.536 | C24: ='BZ by State 1st Crop'!C24+'BZ by State 2nd Crop'!C24+'BZ by State 3rd Crop'!C24 -> 0.46 | D24: ='BZ by State 1st Crop'!D24+'BZ by State 2nd Crop'!D24+'BZ by State 3rd Crop'!D24 -> 0.813 | E24: ='BZ by State 1st Crop'!E24+'BZ by State 2nd Crop'!E24+'BZ by State 3rd Crop'!E24 -> 0.683 | F24: ='BZ by State 1st Crop'!F24+'BZ by State 2nd Crop'!F24+'BZ by State 3rd Crop'!F24 -> 2.344 | G24: ='BZ by State 1st Crop'!G24+'BZ by State 2nd Crop'!G24+'BZ by State 3rd Crop'!G24 -> 1.552 | H24: ='BZ by State 1st Crop'!H24+'BZ by State 2nd Crop'!H24+'BZ by State 3rd Crop'!H24 -> 1.285 | I24: ='BZ by State 1st Crop'!I24+'BZ by State 2nd Crop'!I24+'BZ by State 3rd Crop'!I24 -> 1.129 | ... AZ24: ='BZ by State 1st Crop'!AZ24+'BZ by State 2nd Crop'!AZ24+'BZ by State 3rd Crop'!AZ24 -> 2 | BA24: =AZ24-AY24 -> 0 | BB24: =AY24-AX24 -> 0 | BC24: =AZ24-AX24 -> 0 | BD24: =(AX24/AS24)^(1/5)-1 -> 0.073940924 | BF24: FALSE
A25: yield | B25: =B26/B24*1000 -> 798.50746 | C25: =C26/C24*1000 -> 352173.91 | D25: =D26/D24*1000 -> 195571.96 | E25: =E26/E24*1000 -> 474377.75 | F25: =F26/F24*1000 -> 143344.71 | G25: =G26/G24*1000 -> 262886.6 | H25: =H26/H24*1000 -> 226459.14 | I25: =I26/I24*1000 -> 435783.88 | ... AZ25: =AZ26/AZ24*1000 -> 977 | BA25: =AZ25-AY25 -> 0 | BB25: =AY25-AX25 -> 8 | BC25: =AZ25-AX25 -> 8 | BD25: =(AX25/AS25)^(1/5)-1 -> -0.78585363
A26: production | B26: ='BZ by State 1st Crop'!B26+'BZ by State 2nd Crop'!B26+'BZ by State 3rd Crop'!B26 -> 0.428 | C26: ='BZ by State 1st Crop'!C26+'BZ by State 2nd Crop'!C26+'BZ by State 3rd Crop'!C26 -> 162 | D26: ='BZ by State 1st Crop'!D26+'BZ by State 2nd Crop'!D26+'BZ by State 3rd Crop'!D26 -> 159 | E26: ='BZ by State 1st Crop'!E26+'BZ by State 2nd Crop'!E26+'BZ by State 3rd Crop'!E26 -> 324 | F26: ='BZ by State 1st Crop'!F26+'BZ by State 2nd Crop'!F26+'BZ by State 3rd Crop'!F26 -> 336 | G26: ='BZ by State 1st Crop'!G26+'BZ by State 2nd Crop'!G26+'BZ by State 3rd Crop'!G26 -> 408 | H26: ='BZ by State 1st Crop'!H26+'BZ by State 2nd Crop'!H26+'BZ by State 3rd Crop'!H26 -> 291 | I26: ='BZ by State 1st Crop'!I26+'BZ by State 2nd Crop'!I26+'BZ by State 3rd Crop'!I26 -> 492 | ... AZ26: ='BZ by State 1st Crop'!AZ26+'BZ by State 2nd Crop'!AZ26+'BZ by State 3rd Crop'!AZ26 -> 1.954 | BA26: =AZ26-AY26 -> 0 | BB26: =AY26-AX26 -> 0.016 | BC26: =AZ26-AX26 -> 0.016 | BD26: =(AX26/AS26)^(1/5)-1 -> -0.77001945
A27: Pará
A28: area | B28: ='BZ by State 1st Crop'!B28+'BZ by State 2nd Crop'!B28+'BZ by State 3rd Crop'!B28 -> 66.6 | C28: ='BZ by State 1st Crop'!C28+'BZ by State 2nd Crop'!C28+'BZ by State 3rd Crop'!C28 -> 66.2 | D28: ='BZ by State 1st Crop'!D28+'BZ by State 2nd Crop'!D28+'BZ by State 3rd Crop'!D28 -> 50 | E28: ='BZ by State 1st Crop'!E28+'BZ by State 2nd Crop'!E28+'BZ by State 3rd Crop'!E28 -> 83 | F28: ='BZ by State 1st Crop'!F28+'BZ by State 2nd Crop'!F28+'BZ by State 3rd Crop'!F28 -> 82 | G28: ='BZ by State 1st Crop'!G28+'BZ by State 2nd Crop'!G28+'BZ by State 3rd Crop'!G28 -> 123.7 | H28: ='BZ by State 1st Crop'!H28+'BZ by State 2nd Crop'!H28+'BZ by State 3rd Crop'!H28 -> 74.1 | I28: ='BZ by State 1st Crop'!I28+'BZ by State 2nd Crop'!I28+'BZ by State 3rd Crop'!I28 -> 113.3 | ... AZ28: ='BZ by State 1st Crop'!AZ28+'BZ by State 2nd Crop'!AZ28+'BZ by State 3rd Crop'!AZ28 -> 571.4 | BA28: =AZ28-AY28 -> 0 | BB28: =AY28-AX28 -> 59.2 | BC28: =AZ28-AX28 -> 59.2 | BD28: =(AX28/AS28)^(1/5)-1 -> 0.14122151 | BF28: FALSE
A29: yield | B29: =B30/B28*1000 -> 801.8018 | C29: =C30/C28*1000 -> 2447.1299 | D29: =D30/D28*1000 -> 3180 | E29: =E30/E28*1000 -> 3903.6145 | F29: =F30/F28*1000 -> 4097.561 | G29: =G30/G28*1000 -> 3298.3023 | H29: =H30/H28*1000 -> 3927.1255 | I29: =I30/I28*1000 -> 4342.4537 | ... AZ29: =AZ30/AZ28*1000 -> 3624.1061 | BA29: =AZ29-AY29 -> 35.772489 | BB29: =AY29-AX29 -> -618.1147 | BC29: =AZ29-AX29 -> -582.34221 | BD29: =(AX29/AS29)^(1/5)-1 -> -0.18055194
A30: production | B30: ='BZ by State 1st Crop'!B30+'BZ by State 2nd Crop'!B30+'BZ by State 3rd Crop'!B30 -> 53.4 | C30: ='BZ by State 1st Crop'!C30+'BZ by State 2nd Crop'!C30+'BZ by State 3rd Crop'!C30 -> 162 | D30: ='BZ by State 1st Crop'!D30+'BZ by State 2nd Crop'!D30+'BZ by State 3rd Crop'!D30 -> 159 | E30: ='BZ by State 1st Crop'!E30+'BZ by State 2nd Crop'!E30+'BZ by State 3rd Crop'!E30 -> 324 | F30: ='BZ by State 1st Crop'!F30+'BZ by State 2nd Crop'!F30+'BZ by State 3rd Crop'!F30 -> 336 | G30: ='BZ by State 1st Crop'!G30+'BZ by State 2nd Crop'!G30+'BZ by State 3rd Crop'!G30 -> 408 | H30: ='BZ by State 1st Crop'!H30+'BZ by State 2nd Crop'!H30+'BZ by State 3rd Crop'!H30 -> 291 | I30: ='BZ by State 1st Crop'!I30+'BZ by State 2nd Crop'!I30+'BZ by State 3rd Crop'!I30 -> 492 | ... AZ30: ='BZ by State 1st Crop'!AZ30+'BZ by State 2nd Crop'!AZ30+'BZ by State 3rd Crop'!AZ30 -> 2070.8142 | BA30: =AZ30-AY30 -> 20.4404 | BB30: =AY30-AX30 -> -104.169 | BC30: =AZ30-AX30 -> -83.7286 | BD30: =(AX30/AS30)^(1/5)-1 -> -0.064828246
A31: Tocantins
A32: area | B32: ='BZ by State 1st Crop'!B32+'BZ by State 2nd Crop'!B32+'BZ by State 3rd Crop'!B32 -> 0 | C32: ='BZ by State 1st Crop'!C32+'BZ by State 2nd Crop'!C32+'BZ by State 3rd Crop'!C32 -> 0 | D32: ='BZ by State 1st Crop'!D32+'BZ by State 2nd Crop'!D32+'BZ by State 3rd Crop'!D32 -> 0 | E32: ='BZ by State 1st Crop'!E32+'BZ by State 2nd Crop'!E32+'BZ by State 3rd Crop'!E32 -> 0 | F32: ='BZ by State 1st Crop'!F32+'BZ by State 2nd Crop'!F32+'BZ by State 3rd Crop'!F32 -> 0 | G32: ='BZ by State 1st Crop'!G32+'BZ by State 2nd Crop'!G32+'BZ by State 3rd Crop'!G32 -> 0 | H32: ='BZ by State 1st Crop'!H32+'BZ by State 2nd Crop'!H32+'BZ by State 3rd Crop'!H32 -> 0 | I32: ='BZ by State 1st Crop'!I32+'BZ by State 2nd Crop'!I32+'BZ by State 3rd Crop'!I32 -> 0 | ... AZ32: ='BZ by State 1st Crop'!AZ32+'BZ by State 2nd Crop'!AZ32+'BZ by State 3rd Crop'!AZ32 -> 514.1 | BA32: =AZ32-AY32 -> 0 | BB32: =AY32-AX32 -> 41.1 | BC32: =AZ32-AX32 -> 41.1 | BD32: =(AX32/AS32)^(1/5)-1 -> 0.10874086 | BF32: FALSE
A33: yield | B33: =B34/B32*1000 -> #DIV/0! | C33: =C34/C32*1000 -> #DIV/0! | D33: =D34/D32*1000 -> #DIV/0! | E33: =E34/E32*1000 -> #DIV/0! | F33: =F34/F32*1000 -> #DIV/0! | G33: =G34/G32*1000 -> #DIV/0! | H33: =H34/H32*1000 -> #DIV/0! | I33: =I34/I32*1000 -> #DIV/0! | ... AZ33: =AZ34/AZ32*1000 -> 5435.1278 | BA33: =AZ33-AY33 -> 53.859949 | BB33: =AY33-AX33 -> -248.65055 | BC33: =AZ33-AX33 -> -194.7906 | BD33: =(AX33/AS33)^(1/5)-1 -> -0.12003996
A34: production | B34: ='BZ by State 1st Crop'!B34+'BZ by State 2nd Crop'!B34+'BZ by State 3rd Crop'!B34 -> 0 | C34: ='BZ by State 1st Crop'!C34+'BZ by State 2nd Crop'!C34+'BZ by State 3rd Crop'!C34 -> 162 | D34: ='BZ by State 1st Crop'!D34+'BZ by State 2nd Crop'!D34+'BZ by State 3rd Crop'!D34 -> 159 | E34: ='BZ by State 1st Crop'!E34+'BZ by State 2nd Crop'!E34+'BZ by State 3rd Crop'!E34 -> 324 | F34: ='BZ by State 1st Crop'!F34+'BZ by State 2nd Crop'!F34+'BZ by State 3rd Crop'!F34 -> 336 | G34: ='BZ by State 1st Crop'!G34+'BZ by State 2nd Crop'!G34+'BZ by State 3rd Crop'!G34 -> 408 | H34: ='BZ by State 1st Crop'!H34+'BZ by State 2nd Crop'!H34+'BZ by State 3rd Crop'!H34 -> 291 | I34: ='BZ by State 1st Crop'!I34+'BZ by State 2nd Crop'!I34+'BZ by State 3rd Crop'!I34 -> 492 | ... AZ34: ='BZ by State 1st Crop'!AZ34+'BZ by State 2nd Crop'!AZ34+'BZ by State 3rd Crop'!AZ34 -> 2794.1992 | BA34: =AZ34-AY34 -> 27.6894 | BB34: =AY34-AX34 -> 103.5584 | BC34: =AZ34-AX34 -> 131.2478 | BD34: =(AX34/AS34)^(1/5)-1 -> -0.024352348
A35: Northeast
A36: area | B36: ='BZ by State 1st Crop'!B36+'BZ by State 2nd Crop'!B36+'BZ by State 3rd Crop'!B36 -> 2486.1 | C36: ='BZ by State 1st Crop'!C36+'BZ by State 2nd Crop'!C36+'BZ by State 3rd Crop'!C36 -> 2324.9 | D36: ='BZ by State 1st Crop'!D36+'BZ by State 2nd Crop'!D36+'BZ by State 3rd Crop'!D36 -> 2076 | E36: ='BZ by State 1st Crop'!E36+'BZ by State 2nd Crop'!E36+'BZ by State 3rd Crop'!E36 -> 2778 | F36: ='BZ by State 1st Crop'!F36+'BZ by State 2nd Crop'!F36+'BZ by State 3rd Crop'!F36 -> 2995 | G36: ='BZ by State 1st Crop'!G36+'BZ by State 2nd Crop'!G36+'BZ by State 3rd Crop'!G36 -> 3023.2 | H36: ='BZ by State 1st Crop'!H36+'BZ by State 2nd Crop'!H36+'BZ by State 3rd Crop'!H36 -> 2548.1 | I36: ='BZ by State 1st Crop'!I36+'BZ by State 2nd Crop'!I36+'BZ by State 3rd Crop'!I36 -> 2501.4 | ... AY36: ='BZ by State 1st Crop'!AY36+'BZ by State 2nd Crop'!AY36+'BZ by State 3rd Crop'!AY36 -> 2972.9 | AZ36: =AZ40+AZ44+AZ48+AZ52+AZ56+AZ60+AZ64+AZ68+AZ72 -> 2972.9 | BA36: =AZ36-AY36 -> 0 | BB36: =AY36-AX36 -> -13 | BC36: =AZ36-AX36 -> -13 | BD36: =(AX36/AS36)^(1/5)-1 -> 0.025919108 | BF36: FALSE
A37: yield | B37: =B38/B36*1000 -> 661.83983 | C37: =C38/C36*1000 -> 2961.4177 | D37: =D38/D36*1000 -> 2913.2948 | E37: =E38/E36*1000 -> 2585.3132 | F37: =F38/F36*1000 -> 1595.6594 | G37: =G38/G36*1000 -> 2706.073 | H37: =H38/H36*1000 -> 1006.6324 | I37: =I38/I36*1000 -> 3540.4174 | ... AZ37: =AZ38/AZ36*1000 -> 3413.6985 | BA37: =AZ37-AY37 -> -8.1039726 | BB37: =AY37-AX37 -> 49.048371 | BC37: =AZ37-AX37 -> 40.944399 | BD37: =(AX37/AS37)^(1/5)-1 -> -0.31626504
A38: production | B38: ='BZ by State 1st Crop'!B38+'BZ by State 2nd Crop'!B38+'BZ by State 3rd Crop'!B38 -> 1645.4 | C38: ='BZ by State 1st Crop'!C38+'BZ by State 2nd Crop'!C38+'BZ by State 3rd Crop'!C38 -> 6885 | D38: ='BZ by State 1st Crop'!D38+'BZ by State 2nd Crop'!D38+'BZ by State 3rd Crop'!D38 -> 6048 | E38: ='BZ by State 1st Crop'!E38+'BZ by State 2nd Crop'!E38+'BZ by State 3rd Crop'!E38 -> 7182 | F38: ='BZ by State 1st Crop'!F38+'BZ by State 2nd Crop'!F38+'BZ by State 3rd Crop'!F38 -> 4779 | G38: ='BZ by State 1st Crop'!G38+'BZ by State 2nd Crop'!G38+'BZ by State 3rd Crop'!G38 -> 8181 | H38: ='BZ by State 1st Crop'!H38+'BZ by State 2nd Crop'!H38+'BZ by State 3rd Crop'!H38 -> 2565 | I38: ='BZ by State 1st Crop'!I38+'BZ by State 2nd Crop'!I38+'BZ by State 3rd Crop'!I38 -> 8856 | ... AY38: ='BZ by State 1st Crop'!AY38+'BZ by State 2nd Crop'!AY38+'BZ by State 3rd Crop'!AY38 -> 10172.676 | AZ38: =AZ42+AZ46+AZ50+AZ54+AZ58+AZ62+AZ66+AZ70+AZ74 -> 10148.584 | BA38: =AZ38-AY38 -> -24.0923 | BB38: =AY38-AX38 -> 101.9701 | BC38: =AZ38-AX38 -> 77.8778 | BD38: =(AX38/AS38)^(1/5)-1 -> -0.29854325
A39: Maranhão
A40: area | B40: ='BZ by State 1st Crop'!B40+'BZ by State 2nd Crop'!B40+'BZ by State 3rd Crop'!B40 -> 396.8 | C40: ='BZ by State 1st Crop'!C40+'BZ by State 2nd Crop'!C40+'BZ by State 3rd Crop'!C40 -> 421.8 | D40: ='BZ by State 1st Crop'!D40+'BZ by State 2nd Crop'!D40+'BZ by State 3rd Crop'!D40 -> 380 | E40: ='BZ by State 1st Crop'!E40+'BZ by State 2nd Crop'!E40+'BZ by State 3rd Crop'!E40 -> 503 | F40: ='BZ by State 1st Crop'!F40+'BZ by State 2nd Crop'!F40+'BZ by State 3rd Crop'!F40 -> 507 | G40: ='BZ by State 1st Crop'!G40+'BZ by State 2nd Crop'!G40+'BZ by State 3rd Crop'!G40 -> 556 | H40: ='BZ by State 1st Crop'!H40+'BZ by State 2nd Crop'!H40+'BZ by State 3rd Crop'!H40 -> 473 | I40: ='BZ by State 1st Crop'!I40+'BZ by State 2nd Crop'!I40+'BZ by State 3rd Crop'!I40 -> 468 | ... AZ40: ='BZ by State 1st Crop'!AZ40+'BZ by State 2nd Crop'!AZ40+'BZ by State 3rd Crop'!AZ40 -> 613.5 | BA40: =AZ40-AY40 -> 0 | BB40: =AY40-AX40 -> 16.4 | BC40: =AZ40-AX40 -> 16.4 | BD40: =(AX40/AS40)^(1/5)-1 -> 0.057072793 | BF40: FALSE
A41: yield | B41: =B42/B40*1000 -> 596.27016 | C41: =C42/C40*1000 -> 1813.6558 | D41: =D42/D40*1000 -> 1768.4211 | E41: =E42/E40*1000 -> 1586.4811 | F41: =F42/F40*1000 -> 1047.3373 | G41: =G42/G40*1000 -> 1634.8921 | H41: =H42/H40*1000 -> 602.537 | I41: =I42/I40*1000 -> 2102.5641 | ... AZ41: =AZ42/AZ40*1000 -> 5088.9715 | BA41: =AZ41-AY41 -> 0 | BB41: =AY41-AX41 -> -625.91179 | BC41: =AZ41-AX41 -> -625.91179 | BD41: =(AX41/AS41)^(1/5)-1 -> -0.17063938
A42: production | B42: ='BZ by State 1st Crop'!B42+'BZ by State 2nd Crop'!B42+'BZ by State 3rd Crop'!B42 -> 236.6 | C42: ='BZ by State 1st Crop'!C42+'BZ by State 2nd Crop'!C42+'BZ by State 3rd Crop'!C42 -> 765 | D42: ='BZ by State 1st Crop'!D42+'BZ by State 2nd Crop'!D42+'BZ by State 3rd Crop'!D42 -> 672 | E42: ='BZ by State 1st Crop'!E42+'BZ by State 2nd Crop'!E42+'BZ by State 3rd Crop'!E42 -> 798 | F42: ='BZ by State 1st Crop'!F42+'BZ by State 2nd Crop'!F42+'BZ by State 3rd Crop'!F42 -> 531 | G42: ='BZ by State 1st Crop'!G42+'BZ by State 2nd Crop'!G42+'BZ by State 3rd Crop'!G42 -> 909 | H42: ='BZ by State 1st Crop'!H42+'BZ by State 2nd Crop'!H42+'BZ by State 3rd Crop'!H42 -> 285 | I42: ='BZ by State 1st Crop'!I42+'BZ by State 2nd Crop'!I42+'BZ by State 3rd Crop'!I42 -> 984 | ... AZ42: ='BZ by State 1st Crop'!AZ42+'BZ by State 2nd Crop'!AZ42+'BZ by State 3rd Crop'!AZ42 -> 3122.084 | BA42: =AZ42-AY42 -> 0 | BB42: =AY42-AX42 -> -290.2728 | BC42: =AZ42-AX42 -> -290.2728 | BD42: =(AX42/AS42)^(1/5)-1 -> -0.12330546
A43: Piauí
A44: area | B44: ='BZ by State 1st Crop'!B44+'BZ by State 2nd Crop'!B44+'BZ by State 3rd Crop'!B44 -> 198.2 | C44: ='BZ by State 1st Crop'!C44+'BZ by State 2nd Crop'!C44+'BZ by State 3rd Crop'!C44 -> 208.1 | D44: ='BZ by State 1st Crop'!D44+'BZ by State 2nd Crop'!D44+'BZ by State 3rd Crop'!D44 -> 170 | E44: ='BZ by State 1st Crop'!E44+'BZ by State 2nd Crop'!E44+'BZ by State 3rd Crop'!E44 -> 308 | F44: ='BZ by State 1st Crop'!F44+'BZ by State 2nd Crop'!F44+'BZ by State 3rd Crop'!F44 -> 283 | G44: ='BZ by State 1st Crop'!G44+'BZ by State 2nd Crop'!G44+'BZ by State 3rd Crop'!G44 -> 389.5 | H44: ='BZ by State 1st Crop'!H44+'BZ by State 2nd Crop'!H44+'BZ by State 3rd Crop'!H44 -> 266.5 | I44: ='BZ by State 1st Crop'!I44+'BZ by State 2nd Crop'!I44+'BZ by State 3rd Crop'!I44 -> 262 | ... AZ44: ='BZ by State 1st Crop'!AZ44+'BZ by State 2nd Crop'!AZ44+'BZ by State 3rd Crop'!AZ44 -> 487.1 | BA44: =AZ44-AY44 -> 0 | BB44: =AY44-AX44 -> 18.2 | BC44: =AZ44-AX44 -> 18.2 | BD44: =(AX44/AS44)^(1/5)-1 -> 0.00055541348 | BF44: FALSE
A45: yield | B45: =B46/B44*1000 -> 659.93946 | C45: =C46/C44*1000 -> 3676.1173 | D45: =D46/D44*1000 -> 3952.9412 | E45: =E46/E44*1000 -> 2590.9091 | F45: =F46/F44*1000 -> 1876.3251 | G45: =G46/G44*1000 -> 2333.7612 | H45: =H46/H44*1000 -> 1069.4184 | I45: =I46/I44*1000 -> 3755.7252 | ... AZ45: =AZ46/AZ44*1000 -> 4349.4126 | BA45: =AZ45-AY45 -> 0 | BB45: =AY45-AX45 -> 253.46831 | BC45: =AZ45-AX45 -> 253.46831 | BD45: =(AX45/AS45)^(1/5)-1 -> -0.21894229
A46: production | B46: ='BZ by State 1st Crop'!B46+'BZ by State 2nd Crop'!B46+'BZ by State 3rd Crop'!B46 -> 130.8 | C46: ='BZ by State 1st Crop'!C46+'BZ by State 2nd Crop'!C46+'BZ by State 3rd Crop'!C46 -> 765 | D46: ='BZ by State 1st Crop'!D46+'BZ by State 2nd Crop'!D46+'BZ by State 3rd Crop'!D46 -> 672 | E46: ='BZ by State 1st Crop'!E46+'BZ by State 2nd Crop'!E46+'BZ by State 3rd Crop'!E46 -> 798 | F46: ='BZ by State 1st Crop'!F46+'BZ by State 2nd Crop'!F46+'BZ by State 3rd Crop'!F46 -> 531 | G46: ='BZ by State 1st Crop'!G46+'BZ by State 2nd Crop'!G46+'BZ by State 3rd Crop'!G46 -> 909 | H46: ='BZ by State 1st Crop'!H46+'BZ by State 2nd Crop'!H46+'BZ by State 3rd Crop'!H46 -> 285 | I46: ='BZ by State 1st Crop'!I46+'BZ by State 2nd Crop'!I46+'BZ by State 3rd Crop'!I46 -> 984 | ... AZ46: ='BZ by State 1st Crop'!AZ46+'BZ by State 2nd Crop'!AZ46+'BZ by State 3rd Crop'!AZ46 -> 2118.5989 | BA46: =AZ46-AY46 -> 0 | BB46: =AY46-AX46 -> 198.0106 | BC46: =AZ46-AX46 -> 198.0106 | BD46: =(AX46/AS46)^(1/5)-1 -> -0.21850848
A47: Ceará
A48: area | B48: ='BZ by State 1st Crop'!B48+'BZ by State 2nd Crop'!B48+'BZ by State 3rd Crop'!B48 -> 530 | C48: ='BZ by State 1st Crop'!C48+'BZ by State 2nd Crop'!C48+'BZ by State 3rd Crop'!C48 -> 496 | D48: ='BZ by State 1st Crop'!D48+'BZ by State 2nd Crop'!D48+'BZ by State 3rd Crop'!D48 -> 426 | E48: ='BZ by State 1st Crop'!E48+'BZ by State 2nd Crop'!E48+'BZ by State 3rd Crop'!E48 -> 520 | F48: ='BZ by State 1st Crop'!F48+'BZ by State 2nd Crop'!F48+'BZ by State 3rd Crop'!F48 -> 520 | G48: ='BZ by State 1st Crop'!G48+'BZ by State 2nd Crop'!G48+'BZ by State 3rd Crop'!G48 -> 505.8 | H48: ='BZ by State 1st Crop'!H48+'BZ by State 2nd Crop'!H48+'BZ by State 3rd Crop'!H48 -> 480 | I48: ='BZ by State 1st Crop'!I48+'BZ by State 2nd Crop'!I48+'BZ by State 3rd Crop'!I48 -> 400 | ... AZ48: ='BZ by State 1st Crop'!AZ48+'BZ by State 2nd Crop'!AZ48+'BZ by State 3rd Crop'!AZ48 -> 590.4 | BA48: =AZ48-AY48 -> 0 | BB48: =AY48-AX48 -> 1.8 | BC48: =AZ48-AX48 -> 1.8 | BD48: =(AX48/AS48)^(1/5)-1 -> 0.025290518 | BF48: FALSE
A49: yield | B49: =B50/B48*1000 -> 660.37736 | C49: =C50/C48*1000 -> 1542.3387 | D49: =D50/D48*1000 -> 1577.4648 | E49: =E50/E48*1000 -> 1534.6154 | F49: =F50/F48*1000 -> 1021.1538 | G49: =G50/G48*1000 -> 1797.153 | H49: =H50/H48*1000 -> 593.75 | I49: =I50/I48*1000 -> 2460 | ... AZ49: =AZ50/AZ48*1000 -> 842 | BA49: =AZ49-AY49 -> 0 | BB49: =AY49-AX49 -> 301 | BC49: =AZ49-AX49 -> 301 | BD49: =(AX49/AS49)^(1/5)-1 -> -0.46789912
A50: production | B50: ='BZ by State 1st Crop'!B50+'BZ by State 2nd Crop'!B50+'BZ by State 3rd Crop'!B50 -> 350 | C50: ='BZ by State 1st Crop'!C50+'BZ by State 2nd Crop'!C50+'BZ by State 3rd Crop'!C50 -> 765 | D50: ='BZ by State 1st Crop'!D50+'BZ by State 2nd Crop'!D50+'BZ by State 3rd Crop'!D50 -> 672 | E50: ='BZ by State 1st Crop'!E50+'BZ by State 2nd Crop'!E50+'BZ by State 3rd Crop'!E50 -> 798 | F50: ='BZ by State 1st Crop'!F50+'BZ by State 2nd Crop'!F50+'BZ by State 3rd Crop'!F50 -> 531 | G50: ='BZ by State 1st Crop'!G50+'BZ by State 2nd Crop'!G50+'BZ by State 3rd Crop'!G50 -> 909 | H50: ='BZ by State 1st Crop'!H50+'BZ by State 2nd Crop'!H50+'BZ by State 3rd Crop'!H50 -> 285 | I50: ='BZ by State 1st Crop'!I50+'BZ by State 2nd Crop'!I50+'BZ by State 3rd Crop'!I50 -> 984 | ... AZ50: ='BZ by State 1st Crop'!AZ50+'BZ by State 2nd Crop'!AZ50+'BZ by State 3rd Crop'!AZ50 -> 497.1168 | BA50: =AZ50-AY50 -> 0 | BB50: =AY50-AX50 -> 178.6842 | BC50: =AZ50-AX50 -> 178.6842 | BD50: =(AX50/AS50)^(1/5)-1 -> -0.45444201
A51: Rio Grande do Norte
