Workbook

Sheet Data Sources
A2: Data Series and Source | B2: Link | C2: Web Page
A3: EPA - EMTS | B3: RINs Generated Transactions | US EPA | C3: https://www.epa.gov/fuels-registration-reporting-and-compliance-help/rins-generated-transactions
A4: EIA - Short-Term Energy Outlook - Biofuel Data | B4: Selected Data Table | C4: https://www.eia.gov/outlooks/steo/data/browser | G4: Where is this data used/input
A5: EIA - Monthly Energy Review | B5: Production and Consumption by Source | C5: https://www.eia.gov/totalenergy/data/monthly/ | G5: Table 10.1 Renewable Energy Production
A6: EIA - Stocks | B6: Petroleum & Other Liquids Data | C6: https://www.eia.gov/dnav/pet/pet_stoc_typ_d_nus_SAE_mbbl_m.htm | G6: Where is this data used/input
A7: EIA - Biodiesel Data | B7: Biodiesel Overview | C7: https://www.eia.gov/totalenergy/data/monthly/ | G7: Table 10.4a Biodiesel Overview
A8: EIA - Renewable Diesel Data | B8: Renewable Diesel Overview | C8: https://www.eia.gov/totalenergy/data/monthly/ | G8: Table 10.4b Renewable Dieserl Fuel Overview
A9: EIA - Other Biofuels Data | B9: Other Biofuels Overview | C9: https://www.eia.gov/totalenergy/data/monthly/ | G9: Table 10.4c Other Biofuels Overview
A10: EIA - Residential & Commercial Renewable Energy Consumption | B10: Consumption: residential and commercial sectors | C10: https://www.eia.gov/totalenergy/data/monthly/ | G10: Table 10.2a Renewable Energy Consumption Residential and Commercial Sectors
A11: EIA - Transportation & Electric Power Renewable Energy Consumption | B11: Consumption: transportation and electric power sectors | C11: https://www.eia.gov/totalenergy/data/monthly/ | G11: Table 10.2c Renewable Energy Consumption Transportation and Electric Power Sectors
A13: U.S. Refinery and Blender Net Production of Distillate Fuel Oil (Th Bbls) | B13: U.S. Refinery and Blender Net Production of Distillate Fuel Oil (Thousand Barrels) | C13: https://www.eia.gov/dnav/pet/hist/LeafHandler.ashx?n=PET&s=MDIRPUS1&f=M
A14: U.S. Product Supplied of Distillate Fuel Oil (Th Bbls) | C14: https://www.eia.gov/dnav/pet/hist/LeafHandler.ashx?n=PET&s=MDIUPUS1&f=M
A15: U.S. Imports of Distillate Fuel Oil (Th Bbls) | C15: https://www.eia.gov/dnav/pet/hist/LeafHandler.ashx?n=PET&s=MDIIMUS1&f=M
A16: U.S. Ending Stocks of Distillate Fuel Oil (Th Bbls) | C16: https://www.eia.gov/dnav/pet/hist/LeafHandler.ashx?n=pet&s=mdistus1&f=m
A17: U.S. Exports of Distillate Fuel Oil Thousand Barrels | C17: https://www.eia.gov/dnav/pet/hist/LeafHandler.ashx?n=PET&s=MDIEXUS1&f=M
A18: U.S. Refinery Net Production of Distillate Fuel Oil 0 to 15 ppm Sulfur Thousand Barrels | C18: https://www.eia.gov/dnav/pet/hist/LeafHandler.ashx?n=PET&s=MD0RX_NUS_1&f=M
A19: U.S. Refinery and Blender Net Production of Kerosene-Type Jet Fuel (th bbls) | C19: https://www.eia.gov/dnav/pet/hist/LeafHandler.ashx?n=PET&s=MKJRPUS1&f=M
A20: U.S. Product Supplied of Kerosene-Type Jet Fuel (th bbls) | C20: https://www.eia.gov/dnav/pet/hist/LeafHandler.ashx?n=PET&s=MKJUPUS1&f=M | M20: https://www.eia.gov/totalenergy/data/browser/xls.php?tbl=T10.04A&freq=m
A21: U.S. Ending Stocks of Kerosene-Type Jet Fuel (th bbls) | C21: https://www.eia.gov/dnav/pet/hist/LeafHandler.ashx?n=PET&s=MKJSTUS1&f=M | M21: https://www.eia.gov/totalenergy/data/browser/xls.php?tbl=T10.04A&freq=m
A22: U.S. Imports of Kerosene-Type Jet Fuel (th bbls) | C22: https://www.eia.gov/dnav/pet/hist/LeafHandler.ashx?n=PET&s=MKJIMUS1&f=M
A23: U.S. Exports of Kerosene-Type Jet Fuel (th bbls) | C23: https://www.eia.gov/dnav/pet/hist/LeafHandler.ashx?n=PET&s=MKJEXUS1&f=M
A25: Jet SAF Prices | C25: Webpage location for data
A26: RIN prices | C26: Location for data
A27: monthly_data columns CL and CM where does this data come from? These are included in the supply demand for Diesel
A32: Notes:
B33: Not sure where this data was used - since it is EIA, it may be replaced by EPA's EMTS
B34: Data is collected but no longer used since SAF breakout - replaced by EPA's EMTS
B35: Prices - what is the purpose for this data? Is it used somewhere else?
A41: Data being pulled from another workbook | B41: Data being pulled from another workbook

Sheet Capacity
B1: BD | C1: RD | D1: Combined | E1: BD Production | F1: RD Production | G1: Combined Production | H1: BD Capacity Utilization | I1: RD Capacity Utilization | J1: Combined Capacity Utilization | K1: Unused BD | L1: Unused RD | M1: Unused Combined
A2: 40544 | B2: 2114.4475 | C2: ='[1]Renewable Diesel'!$AX13 -> 0 | D2: =C2+B2 -> 2114.4475 | E2: ='Monthly Data'!F459 -> 35.355 | F2: ='Monthly Data'!Q459 -> 4.428 | G2: =SUM(E2:F2) -> 39.783 | H2: =(E2/(31)*365)/B2 -> 0.19687252 | J2: =(G2/(31)*365)/D2 -> 0.22152962 | K2: =((1-H2)*B2) -> 1698.1709 | L2: =((1-I2)*C2) -> 0 | M2: =((1-J2)*D2) -> 1646.0348
A3: 40575 | B3: 2103.5975 | C3: ='[1]Renewable Diesel'!$AX14 -> 0 | D3: =C3+B3 -> 2103.5975 | E3: ='Monthly Data'!F460 -> 40.342 | F3: ='Monthly Data'!Q460 -> 0.962 | G3: =SUM(E3:F3) -> 41.304 | H3: =(E3/(A3-A2)*365)/B3 -> 0.22580105 | J3: =(G3/(A3-A2)*365)/D3 -> 0.23118552 | K3: =((1-H3)*B3) -> 1628.603 | L3: =((1-I3)*C3) -> 0 | M3: =((1-J3)*D3) -> 1617.2762
A4: 40603 | B4: 2081.4975 | C4: ='[1]Renewable Diesel'!$AX15 -> 0 | D4: =C4+B4 -> 2081.4975 | E4: ='Monthly Data'!F461 -> 59.59 | F4: ='Monthly Data'!Q461 -> 3.151 | G4: =SUM(E4:F4) -> 62.741 | H4: =(E4/(A4-A3)*365)/B4 -> 0.373192 | J4: =(G4/(A4-A3)*365)/D4 -> 0.39292565 | K4: =((1-H4)*B4) -> 1304.6993 | L4: =((1-I4)*C4) -> 0 | M4: =((1-J4)*D4) -> 1263.6237
A5: 40634 | B5: 2101.3975 | C5: ='[1]Renewable Diesel'!$AX16 -> 0 | D5: =C5+B5 -> 2101.3975 | E5: ='Monthly Data'!F462 -> 71.052 | F5: ='Monthly Data'!Q462 -> 1.967 | G5: =SUM(E5:F5) -> 73.019 | H5: =(E5/(A5-A4)*365)/B5 -> 0.3981065 | J5: =(G5/(A5-A4)*365)/D5 -> 0.40912766 | K5: =((1-H5)*B5) -> 1264.8175 | L5: =((1-I5)*C5) -> 0 | M5: =((1-J5)*D5) -> 1241.6577
A6: 40664 | B6: 2064.3975 | C6: ='[1]Renewable Diesel'!$AX17 -> 0 | D6: =C6+B6 -> 2064.3975 | E6: ='Monthly Data'!F463 -> 77.197 | F6: ='Monthly Data'!Q463 -> 7.526 | G6: =SUM(E6:F6) -> 84.723 | H6: =(E6/(A6-A5)*365)/B6 -> 0.45496575 | J6: =(G6/(A6-A5)*365)/D6 -> 0.49932075 | K6: =((1-H6)*B6) -> 1125.1673 | L6: =((1-I6)*C6) -> 0 | M6: =((1-J6)*D6) -> 1033.601
A7: 40695 | B7: 2068.9975 | C7: ='[1]Renewable Diesel'!$AX18 -> 0 | D7: =C7+B7 -> 2068.9975 | E7: ='Monthly Data'!F464 -> 81.391 | F7: ='Monthly Data'!Q464 -> 4.564 | G7: =SUM(E7:F7) -> 85.955 | H7: =(E7/(A7-A6)*365)/B7 -> 0.46317764 | J7: =(G7/(A7-A6)*365)/D7 -> 0.48915033 | K7: =((1-H7)*B7) -> 1110.6841 | L7: =((1-I7)*C7) -> 0 | M7: =((1-J7)*D7) -> 1056.9467
A8: 40725 | B8: 1958.4975 | C8: ='[1]Renewable Diesel'!$AX19 -> 0 | D8: =C8+B8 -> 1958.4975 | E8: ='Monthly Data'!F465 -> 91.68 | F8: ='Monthly Data'!Q465 -> 6.466 | G8: =SUM(E8:F8) -> 98.146 | H8: =(E8/(A8-A7)*365)/B8 -> 0.56953864 | J8: =(G8/(A8-A7)*365)/D8 -> 0.60970702 | K8: =((1-H8)*B8) -> 843.0575 | L8: =((1-I8)*C8) -> 0 | M8: =((1-J8)*D8) -> 764.38783
A9: 40756 | B9: 2007.6575 | C9: ='[1]Renewable Diesel'!$AX20 -> 0 | D9: =C9+B9 -> 2007.6575 | E9: ='Monthly Data'!F466 -> 95.485 | F9: ='Monthly Data'!Q466 -> 8.445 | G9: =SUM(E9:F9) -> 103.93 | H9: =(E9/(A9-A8)*365)/B9 -> 0.55998539 | J9: =(G9/(A9-A8)*365)/D9 -> 0.6095123 | K9: =((1-H9)*B9) -> 883.39863 | L9: =((1-I9)*C9) -> 0 | M9: =((1-J9)*D9) -> 783.96556
A10: 40787 | B10: 2087.0947 | C10: ='[1]Renewable Diesel'!$AX21 -> 40 | D10: =C10+B10 -> 2127.0947 | E10: ='Monthly Data'!F467 -> 95.942 | F10: ='Monthly Data'!Q467 -> 5.899 | G10: =SUM(E10:F10) -> 101.841 | H10: =(E10/(A10-A9)*365)/B10 -> 0.54124986 | I10: =(F10/(A10-A9)*365)/C10 -> 1.7363992 | J10: =(G10/(A10-A9)*365)/D10 -> 0.56372463 | K10: =((1-H10)*B10) -> 957.45497 | L10: =((1-I10)*C10) -> -29.455968 | M10: =((1-J10)*D10) -> 927.99901
A11: 40817 | B11: 2118.9382 | C11: ='[1]Renewable Diesel'!$AX22 -> 40 | D11: =C11+B11 -> 2158.9382 | E11: ='Monthly Data'!F468 -> 105.342 | F11: ='Monthly Data'!Q468 -> 6.918 | G11: =SUM(E11:F11) -> 112.26 | H11: =(E11/(A11-A10)*365)/B11 -> 0.60486003 | I11: =(F11/(A11-A10)*365)/C11 -> 2.104225 | J11: =(G11/(A11-A10)*365)/D11 -> 0.63263971 | K11: =((1-H11)*B11) -> 837.27715 | L11: =((1-I11)*C11) -> -44.169 | M11: =((1-J11)*D11) -> 793.10815
A12: 40848 | B12: 2097.7632 | C12: ='[1]Renewable Diesel'!$AX23 -> 120 | D12: =C12+B12 -> 2217.7632 | E12: ='Monthly Data'!F469 -> 104.747 | F12: ='Monthly Data'!Q469 -> 5.234 | G12: =SUM(E12:F12) -> 109.981 | H12: =(E12/(A12-A11)*365)/B12 -> 0.5879174 | I12: =(F12/(A12-A11)*365)/C12 -> 0.51355108 | J12: =(G12/(A12-A11)*365)/D12 -> 0.58389354 | K12: =((1-H12)*B12) -> 864.4517 | L12: =((1-I12)*C12) -> 58.373871 | M12: =((1-J12)*D12) -> 922.82557
A13: 40878 | B13: 2089.9382 | C13: ='[1]Renewable Diesel'!$AX24 -> 120 | D13: =C13+B13 -> 2209.9382 | E13: ='Monthly Data'!F470 -> 109.357 | F13: ='Monthly Data'!Q470 -> 6.481 | G13: =SUM(E13:F13) -> 115.838 | H13: =(E13/(A13-A12)*365)/B13 -> 0.63662657 | I13: =(F13/(A13-A12)*365)/C13 -> 0.65710139 | J13: =(G13/(A13-A12)*365)/D13 -> 0.63773836 | K13: =((1-H13)*B13) -> 759.42798 | L13: =((1-I13)*C13) -> 41.147833 | M13: =((1-J13)*D13) -> 800.57582
A14: 40909 | B14: 2248 | C14: ='[1]Renewable Diesel'!$AX25 -> 160 | D14: =C14+B14 -> 2408 | E14: ='Monthly Data'!F471 -> 73.546 | F14: ='Monthly Data'!Q471 -> 4.217 | G14: =SUM(E14:F14) -> 77.763 | H14: =(E14/(A14-A13)*365)/B14 -> 0.38520678 | I14: =(F14/(A14-A13)*365)/C14 -> 0.31032359 | J14: =(G14/(A14-A13)*365)/D14 -> 0.38023115 | K14: =((1-H14)*B14) -> 1382.0552 | L14: =((1-I14)*C14) -> 110.34823 | M14: =((1-J14)*D14) -> 1492.4034
A15: 40940 | B15: 2248 | C15: ='[1]Renewable Diesel'!$AX26 -> 160 | D15: =C15+B15 -> 2408 | E15: ='Monthly Data'!F472 -> 79.236 | F15: ='Monthly Data'!Q472 -> 3.189 | G15: =SUM(E15:F15) -> 82.425 | H15: =(E15/(A15-A14)*365)/B15 -> 0.4150089 | I15: =(F15/(A15-A14)*365)/C15 -> 0.2346744 | J15: =(G15/(A15-A14)*365)/D15 -> 0.40302654 | K15: =((1-H15)*B15) -> 1315.06 | L15: =((1-I15)*C15) -> 122.4521 | M15: =((1-J15)*D15) -> 1437.5121
A16: 40969 | B16: 2233 | C16: ='[1]Renewable Diesel'!$AX27 -> 160 | D16: =C16+B16 -> 2393 | E16: ='Monthly Data'!F473 -> 94.524 | F16: ='Monthly Data'!Q473 -> 5.354 | G16: =SUM(E16:F16) -> 99.878 | H16: =(E16/(A16-A15)*365)/B16 -> 0.53278039 | I16: =(F16/(A16-A15)*365)/C16 -> 0.42116595 | J16: =(G16/(A16-A15)*365)/D16 -> 0.52531767 | K16: =((1-H16)*B16) -> 1043.3014 | L16: =((1-I16)*C16) -> 92.613448 | M16: =((1-J16)*D16) -> 1135.9148
A17: 41000 | B17: 2203 | C17: ='[1]Renewable Diesel'!$AX28 -> 160 | D17: =C17+B17 -> 2363 | E17: ='Monthly Data'!F474 -> 93.943 | F17: ='Monthly Data'!Q474 -> 3.552 | G17: =SUM(E17:F17) -> 97.495 | H17: =(E17/(A17-A16)*365)/B17 -> 0.50208945 | I17: =(F17/(A17-A16)*365)/C17 -> 0.2613871 | J17: =(G17/(A17-A16)*365)/D17 -> 0.48579137 | K17: =((1-H17)*B17) -> 1096.8969 | L17: =((1-I17)*C17) -> 118.17806 | M17: =((1-J17)*D17) -> 1215.075
A18: 41030 | B18: 2199 | C18: ='[1]Renewable Diesel'!$AX29 -> 160 | D18: =C18+B18 -> 2359 | E18: ='Monthly Data'!F475 -> 101.97 | F18: ='Monthly Data'!Q475 -> 3.766 | G18: =SUM(E18:F18) -> 105.736 | H18: =(E18/(A18-A17)*365)/B18 -> 0.56418145 | I18: =(F18/(A18-A17)*365)/C18 -> 0.28637292 | J18: =(G18/(A18-A17)*365)/D18 -> 0.54533899 | K18: =((1-H18)*B18) -> 958.365 | L18: =((1-I18)*C18) -> 114.18033 | M18: =((1-J18)*D18) -> 1072.5453
A19: 41061 | B19: 2183 | C19: ='[1]Renewable Diesel'!$AX30 -> 160 | D19: =C19+B19 -> 2343 | E19: ='Monthly Data'!F476 -> 93.374 | F19: ='Monthly Data'!Q476 -> 3.593 | G19: =SUM(E19:F19) -> 96.967 | H19: =(E19/(A19-A18)*365)/B19 -> 0.5036205 | I19: =(F19/(A19-A18)*365)/C19 -> 0.26440423 | J19: =(G19/(A19-A18)*365)/D19 -> 0.48728477 | K19: =((1-H19)*B19) -> 1083.5965 | L19: =((1-I19)*C19) -> 117.69532 | M19: =((1-J19)*D19) -> 1201.2918
A20: 41091 | B20: 2180 | C20: ='[1]Renewable Diesel'!$AX31 -> 160 | D20: =C20+B20 -> 2340 | E20: ='Monthly Data'!F477 -> 89.317 | F20: ='Monthly Data'!Q477 -> 6.279 | G20: =SUM(E20:F20) -> 95.596 | H20: =(E20/(A20-A19)*365)/B20 -> 0.49848173 | I20: =(F20/(A20-A19)*365)/C20 -> 0.47746562 | J20: =(G20/(A20-A19)*365)/D20 -> 0.49704473 | K20: =((1-H20)*B20) -> 1093.3098 | L20: =((1-I20)*C20) -> 83.6055 | M20: =((1-J20)*D20) -> 1176.9153
A21: 41122 | B21: 2180 | C21: ='[1]Renewable Diesel'!$AX32 -> 160 | D21: =C21+B21 -> 2340 | E21: ='Monthly Data'!F478 -> 91.405 | F21: ='Monthly Data'!Q478 -> 5.481 | G21: =SUM(E21:F21) -> 96.886 | H21: =(E21/(A21-A20)*365)/B21 -> 0.49367897 | I21: =(F21/(A21-A20)*365)/C21 -> 0.40333972 | J21: =(G21/(A21-A20)*365)/D21 -> 0.48750193 | K21: =((1-H21)*B21) -> 1103.7798 | L21: =((1-I21)*C21) -> 95.465645 | M21: =((1-J21)*D21) -> 1199.2455
... A156: 45231 | B156: 2079 | C156: ='[1]Renewable Diesel'!$AX167 -> 3897 | D156: =C156+B156 -> 5976 | E156: ='Monthly Data'!F613 -> 135.687 | F156: ='Monthly Data'!Q613 -> 226.278 | G156: =SUM(E156:F156) -> 361.965 | H156: =(E156/(A156-A155)*365)/B156 -> 0.76844877 | I156: =(F156/(A156-A155)*365)/C156 -> 0.68366461 | J156: =(G156/(A156-A155)*365)/D156 -> 0.7131603 | K156: =((1-H156)*B156) -> 481.395 | L156: =((1-I156)*C156) -> 1232.759 | M156: =((1-J156)*D156) -> 1714.154
A157: 45261 | B157: 2073 | C157: ='[1]Renewable Diesel'!$AX168 -> 3857 | D157: =C157+B157 -> 5930 | E157: ='Monthly Data'!F614 -> 138.014 | F157: ='Monthly Data'!Q614 -> 272.694 | G157: =SUM(E157:F157) -> 410.708 | H157: =E157/(B157/12) -> 0.7989233 | I157: =F157/(C157/12) -> 0.84841276 | J157: =(G157/(A157-A156)*365)/D157 -> 0.84265554 | K157: =((1-H157)*B157) -> 416.832 | L157: =((1-I157)*C157) -> 584.672 | M157: =((1-J157)*D157) -> 933.05267
A158: 45292 | B158: 2073 | C158: ='[1]Renewable Diesel'!$AX169 -> 3857 | D158: =C158+B158 -> 5930 | E158: =BD!Y25 -> 121.80523 | F158: =RD!Y24 -> 230.21026 | G158: =SUM(E158:F158) -> 352.01549 | H158: =E158/(B158/12) -> 0.7050954 | I158: =F158/(C158/12) -> 0.71623624 | J158: =(G158/(D158/12)) -> 0.71234164 | K158: =((1-H158)*B158) -> 611.33724 | L158: =((1-I158)*C158) -> 1094.4768 | M158: =((1-J158)*D158) -> 1705.8141
A159: 45323 | B159: 1984 | C159: ='[1]Renewable Diesel'!$AX170 -> 3857 | D159: =C159+B159 -> 5841 | E159: =BD!Y26 -> 126.44603 | F159: =RD!Y25 -> 230.07364 | G159: =SUM(E159:F159) -> 356.51966 | H159: =E159/(B159/12) -> 0.76479452 | I159: =F159/(C159/12) -> 0.71581116 | J159: =(G159/(D159/12)) -> 0.73244923 | K159: =((1-H159)*B159) -> 466.64768 | L159: =((1-I159)*C159) -> 1096.1164 | M159: =((1-J159)*D159) -> 1562.764
A160: 45352 | B160: 1984 | C160: ='[1]Renewable Diesel'!$AX171 -> 3857 | D160: =C160+B160 -> 5841 | E160: =BD!Y27 -> 134.36259 | F160: =RD!Y26 -> 215.2373 | G160: =SUM(E160:F160) -> 349.59989 | H160: =E160/(B160/12) -> 0.81267694 | I160: =F160/(C160/12) -> 0.66965197 | J160: =(G160/(D160/12)) -> 0.71823296 | K160: =((1-H160)*B160) -> 371.64894 | L160: =((1-I160)*C160) -> 1274.1524 | M160: =((1-J160)*D160) -> 1645.8013
A161: 45383 | B161: 1991 | C161: ='[1]Renewable Diesel'!$AX172 -> 4129 | D161: =C161+B161 -> 6120 | E161: =BD!Y28 -> 136.03378 | F161: =RD!Y27 -> 283.18936 | G161: =SUM(E161:F161) -> 419.22314 | H161: =E161/(B161/12) -> 0.81989221 | I161: =F161/(C161/12) -> 0.8230255 | J161: =(G161/(D161/12)) -> 0.82200616 | K161: =((1-H161)*B161) -> 358.5946 | L161: =((1-I161)*C161) -> 730.72772 | M161: =((1-J161)*D161) -> 1089.3223
A162: 45413 | B162: 2022 | C162: ='[1]Renewable Diesel'!$AX173 -> 4575 | D162: =C162+B162 -> 6597 | E162: =BD!Y29 -> 143.48497 | F162: =RD!Y28 -> 220.40274 | G162: =SUM(E162:F162) -> 363.8877 | H162: =E162/(B162/12) -> 0.85154283 | I162: =F162/(C162/12) -> 0.57810553 | J162: =(G162/(D162/12)) -> 0.66191487 | K162: =((1-H162)*B162) -> 300.1804 | L162: =((1-I162)*C162) -> 1930.1672 | M162: =((1-J162)*D162) -> 2230.3476
A163: 45444 | B163: 2022 | C163: ='[1]Renewable Diesel'!$AX174 -> 4897 | D163: =C163+B163 -> 6919 | E163: =BD!Y30 -> 135.2525 | F163: =RD!Y29 -> 282.58956 | G163: =SUM(E163:F163) -> 417.84207 | H163: =E163/(B163/12) -> 0.80268548 | I163: =F163/(C163/12) -> 0.69248004 | J163: =(G163/(D163/12)) -> 0.72468634 | K163: =((1-H163)*B163) -> 398.96996 | L163: =((1-I163)*C163) -> 1505.9252 | M163: =((1-J163)*D163) -> 1904.8952
A164: 45474 | B164: 2022 | C164: ='[1]Renewable Diesel'!$AX175 -> 4598 | D164: =C164+B164 -> 6620 | E164: =BD!Y31 -> 145.55825 | F164: =RD!Y30 -> 292.48619 | G164: =SUM(E164:F164) -> 438.04444 | H164: =E164/(B164/12) -> 0.86384719 | I164: =F164/(C164/12) -> 0.76333934 | J164: =(G164/(D164/12)) -> 0.79403826 | K164: =((1-H164)*B164) -> 275.30099 | L164: =((1-I164)*C164) -> 1088.1657 | M164: =((1-J164)*D164) -> 1363.4667
A165: 45505 | B165: 1995 | C165: ='[1]Renewable Diesel'!$AX176 -> 4598 | D165: =C165+B165 -> 6593 | E165: =BD!Y32 -> 138.60077 | F165: =RD!Y31 -> 260.49037 | G165: =SUM(E165:F165) -> 399.09114 | H165: =E165/(B165/12) -> 0.83368883 | I165: =F165/(C165/12) -> 0.67983568 | J165: =(G165/(D165/12)) -> 0.72639067 | K165: =((1-H165)*B165) -> 331.79078 | L165: =((1-I165)*C165) -> 1472.1155 | M165: =((1-J165)*D165) -> 1803.9063
A166: 45536 | B166: 1995 | C166: ='[1]Renewable Diesel'!$AX177 -> 4580 | D166: =C166+B166 -> 6575 | E166: =BD!Y33 -> 132.46748 | F166: =RD!Y32 -> 257.92794 | G166: =SUM(E166:F166) -> 390.39541 | H166: =E166/(B166/12) -> 0.79679685 | I166: =F166/(C166/12) -> 0.67579372 | J166: =(G166/(D166/12)) -> 0.71250874 | K166: =((1-H166)*B166) -> 405.39029 | L166: =((1-I166)*C166) -> 1484.8648 | M166: =((1-J166)*D166) -> 1890.255
A167: 45566 | B167: 1995 | C167: ='[1]Renewable Diesel'!$AX178 -> 4236 | D167: =C167+B167 -> 6231 | E167: =BD!Y34 -> 147.6346 | F167: =RD!Y33 -> 289.55729 | G167: =SUM(E167:F167) -> 437.1919 | H167: =E167/(B167/12) -> 0.88802769 | I167: =F167/(C167/12) -> 0.82027562 | J167: =(G167/(D167/12)) -> 0.84196803 | K167: =((1-H167)*B167) -> 223.38475 | L167: =((1-I167)*C167) -> 761.31248 | M167: =((1-J167)*D167) -> 984.69724
A168: 45597 | B168: 1995 | C168: ='[1]Renewable Diesel'!$AX179 -> 4256 | D168: =C168+B168 -> 6251 | E168: =BD!Y35 -> 133.1898 | F168: =RD!Y34 -> 261.18942 | G168: =SUM(E168:F168) -> 394.37923 | H168: =E168/(B168/12) -> 0.80114167 | I168: =F168/(C168/12) -> 0.73643635 | J168: =(G168/(D168/12)) -> 0.75708698 | K168: =((1-H168)*B168) -> 396.72238 | L168: =((1-I168)*C168) -> 1121.7269 | M168: =((1-J168)*D168) -> 1518.4493
A169: 45627 | B169: 1995 | C169: ='[1]Renewable Diesel'!$AX180 -> 4282 | D169: =C169+B169 -> 6277 | E169: =BD!Y36 -> 174.87033 | F169: =RD!Y35 -> 314.11159 | G169: =SUM(E169:F169) -> 488.98192 | H169: =E169/(B169/12) -> 1.0518516 | I169: =F169/(C169/12) -> 0.88027535 | J169: =(G169/(D169/12)) -> 0.93480692 | K169: =((1-H169)*B169) -> -103.444 | L169: =((1-I169)*C169) -> 512.66093 | M169: =((1-J169)*D169) -> 409.21694
A170: 45658 | B170: 1984 | C170: ='[1]Renewable Diesel'!$AX181 -> 4589.5 | D170: =C170+B170 -> 6573.5 | E170: =BD!Z25 -> 65.63581 | F170: =RD!Z24 -> 217.36728 | G170: =SUM(E170:F170) -> 283.00308 | H170: =(E170/(A170-A169)*365)/B170 -> 0.38952053 | I170: =(F170/(A170-A169)*365)/C170 -> 0.55764775 | J170: =(G170/(A170-A169)*365)/D170 -> 0.50690395 | K170: =((1-H170)*B170) -> 1211.1913 | L170: =((1-I170)*C170) -> 2030.1756 | M170: =((1-J170)*D170) -> 3241.3669
A171: 45689 | B171: ='[2]US EIA'!$R319 -> 1967.3333 | C171: ='[1]Renewable Diesel'!$AX182 -> 4620.75 | D171: =C171+B171 -> 6588.0833 | E171: =BD!Z26 -> 73.824502 | F171: =RD!Z25 -> 186.10279 | G171: =SUM(E171:F171) -> 259.92729 | H171: =(E171/(A171-A170)*365)/B171 -> 0.44182852 | I171: =(F171/(A171-A170)*365)/C171 -> 0.47421096 | J171: =(G171/(A171-A170)*365)/D171 -> 0.46454092 | K171: =((1-H171)*B171) -> 1098.1094 | L171: =((1-I171)*C171) -> 2429.5397 | M171: =((1-J171)*D171) -> 3527.6491
A172: 45717 | B172: ='[2]US EIA'!$R320 -> 1950.6667 | C172: ='[1]Renewable Diesel'!$AX183 -> 4652 | D172: =C172+B172 -> 6602.6667 | E172: =BD!Z27 -> 95.833393 | F172: =RD!Z26 -> 229.39849 | G172: =SUM(E172:F172) -> 325.23189 | H172: =(E172/(A172-A171)*365)/B172 -> 0.64042553 | I172: =(F172/(A172-A171)*365)/C172 -> 0.64281453 | J172: =(G172/(A172-A171)*365)/D172 -> 0.64210873 | K172: =((1-H172)*B172) -> 701.40994 | L172: =((1-I172)*C172) -> 1661.6268 | M172: =((1-J172)*D172) -> 2363.0367
A173: 45748 | B173: ='[2]US EIA'!$R321 -> 1934 | C173: ='[1]Renewable Diesel'!$AX184 -> 4652.8 | D173: =C173+B173 -> 6586.8 | E173: =BD!Z28 -> 132.22467 | F173: =RD!Z27 -> 201.33136 | G173: =SUM(E173:F173) -> 333.55602 | H173: =(E173/(A173-A172)*365)/B173 -> 0.80498388 | I173: =(F173/(A173-A172)*365)/C173 -> 0.50948125 | J173: =(G173/(A173-A172)*365)/D173 -> 0.59624601 | K173: =((1-H173)*B173) -> 377.16117 | L173: =((1-I173)*C173) -> 2282.2856 | M173: =((1-J173)*D173) -> 2659.4468
A174: 45778 | B174: ='[2]US EIA'!$R322 -> 1917.3333 | C174: ='[1]Renewable Diesel'!$AX185 -> 4681.1 | D174: =C174+B174 -> 6598.4333 | E174: =BD!Z29 -> 138.2671 | F174: =RD!Z28 -> 198.33699 | G174: =SUM(E174:F174) -> 336.60408 | H174: =(E174/(A174-A173)*365)/B174 -> 0.8773903 | I174: =(F174/(A174-A173)*365)/C174 -> 0.5154985 | J174: =(G174/(A174-A173)*365)/D174 -> 0.62065486 | K174: =((1-H174)*B174) -> 235.08366 | L174: =((1-I174)*C174) -> 2268 | M174: =((1-J174)*D174) -> 2503.0836
A175: 45809 | B175: ='[2]US EIA'!$R323 -> 1900.6667 | C175: ='[1]Renewable Diesel'!$AX186 -> 4782.6 | D175: =C175+B175 -> 6683.2667 | E175: =BD!Z30 -> 140.04505 | F175: =RD!Z29 -> 195.59531 | G175: =SUM(E175:F175) -> 335.64036 | H175: =(E175/(A175-A174)*365)/B175 -> 0.86754693 | I175: =(F175/(A175-A174)*365)/C175 -> 0.48153244 | J175: =(G175/(A175-A174)*365)/D175 -> 0.59131182 | K175: =((1-H175)*B175) -> 251.74914 | L175: =((1-I175)*C175) -> 2479.623 | M175: =((1-J175)*D175) -> 2731.3721
A176: 45839 | B176: ='[2]US EIA'!$R324 -> 1884 | C176: ='[1]Renewable Diesel'!$AX187 -> 4826.6 | D176: =C176+B176 -> 6710.6 | E176: =BD!Z31 -> 137.42566 | F176: =RD!Z30 -> 192.0752 | G176: =SUM(E176:F176) -> 329.50086 | H176: =(E176/(A176-A175)*365)/B176 -> 0.88747992 | I176: =(F176/(A176-A175)*365)/C176 -> 0.48417415 | J176: =(G176/(A176-A175)*365)/D176 -> 0.59740219 | K176: =((1-H176)*B176) -> 211.98783 | L176: =((1-I176)*C176) -> 2489.6851 | M176: =((1-J176)*D176) -> 2701.6729
A177: 45870 | B177: ='[2]US EIA'!$R325 -> 1867.3333 | C177: ='[1]Renewable Diesel'!$AX188 -> 4865.6 | D177: =C177+B177 -> 6732.9333 | E177: =BD!Z32 -> 143.75208 | F177: =RD!Z31 -> 196.7588 | G177: =SUM(E177:F177) -> 340.51088 | H177: =(E177/(A177-A176)*365)/B177 -> 0.90640745 | I177: =(F177/(A177-A176)*365)/C177 -> 0.47613372 | J177: =(G177/(A177-A176)*365)/D177 -> 0.59546722 | K177: =((1-H177)*B177) -> 174.76849 | L177: =((1-I177)*C177) -> 2548.9238 | M177: =((1-J177)*D177) -> 2723.6923
A178: 45901 | B178: ='[2]US EIA'!$R326 -> 1850.6667 | C178: ='[1]Renewable Diesel'!$AX189 -> 4865.6 | D178: =C178+B178 -> 6716.2667 | E178: =BD!Z33 -> 135.73975 | F178: =RD!Z32 -> 199.5675 | G178: =SUM(E178:F178) -> 335.30725 | H178: =(E178/(A178-A177)*365)/B178 -> 0.86359478 | I178: =(F178/(A178-A177)*365)/C178 -> 0.48293044 | J178: =(G178/(A178-A177)*365)/D178 -> 0.58782246 | K178: =((1-H178)*B178) -> 252.44059 | L178: =((1-I178)*C178) -> 2515.8537 | M178: =((1-J178)*D178) -> 2768.2943
A179: 45931 | B179: ='[2]US EIA'!$R327 -> 1834 | C179: ='[1]Renewable Diesel'!$AX190 -> 4865.6 | D179: =C179+B179 -> 6699.6 | E179: =BD!Z34 -> 134.44971 | F179: =RD!Z33 -> 216.64754 | G179: =SUM(E179:F179) -> 351.09725 | H179: =(E179/(A179-A178)*365)/B179 -> 0.89193284 | I179: =(F179/(A179-A178)*365)/C179 -> 0.54173759 | J179: =(G179/(A179-A178)*365)/D179 -> 0.63760273 | K179: =((1-H179)*B179) -> 198.19516 | L179: =((1-I179)*C179) -> 2229.7216 | M179: =((1-J179)*D179) -> 2427.9167
A180: 45962 | B180: ='[2]US EIA'!$R328 -> 1817.3333 | C180: ='[1]Renewable Diesel'!$AX191 -> 4865.6 | D180: =C180+B180 -> 6682.9333 | E180: =BD!Z35 -> 129.61468 | F180: =RD!Z34 -> 233.98093 | G180: =SUM(E180:F180) -> 363.59561 | H180: =(E180/(A180-A179)*365)/B180 -> 0.83975145 | I180: =(F180/(A180-A179)*365)/C180 -> 0.566207 | J180: =(G180/(A180-A179)*365)/D180 -> 0.64059372 | K180: =((1-H180)*B180) -> 291.22503 | L180: =((1-I180)*C180) -> 2110.6632 | M180: =((1-J180)*D180) -> 2401.8882
A181: 45992 | B181: ='[2]US EIA'!$R329 -> 1800.6667 | C181: ='[1]Renewable Diesel'!$AX192 -> 4865.6 | D181: =C181+B181 -> 6666.2667 | E181: =BD!Z36 -> 259.14204 | F181: =RD!Z35 -> 283.9766 | G181: =SUM(E181:F181) -> 543.11864 | H181: =(E181/(A181-A180)*365)/B181 -> 1.7509597 | I181: =(F181/(A181-A180)*365)/C181 -> 0.71009714 | J181: =(G181/(A181-A180)*365)/D181 -> 0.99125099 | K181: =((1-H181)*B181) -> -1352.2281 | L181: =((1-I181)*C181) -> 1410.5513 | M181: =((1-J181)*D181) -> 58.323216
A182: 46023 | B182: ='[2]US EIA'!$R330 -> 1800.1111 | C182: ='[1]Renewable Diesel'!$AX193 -> 4925.6 | D182: =C182+B182 -> 6725.7111 | E182: =BD!AA25 -> 98.40393 | F182: =RD!AA24 -> 173.30104 | G182: =SUM(E182:F182) -> 271.70497 | H182: =(E182/(A182-A181)*365)/B182 -> 0.64364189 | I182: =(F182/(A182-A181)*365)/C182 -> 0.41426019 | J182: =(G182/(A182-A181)*365)/D182 -> 0.47565333 | K182: =((1-H182)*B182) -> 641.4842 | L182: =((1-I182)*C182) -> 2885.12 | M182: =((1-J182)*D182) -> 3526.6042
A183: 46054 | B183: ='[2]US EIA'!$R331 -> 1799.5556 | C183: ='[1]Renewable Diesel'!$AX194 -> 4974.35 | D183: =C183+B183 -> 6773.9056 | E183: =BD!AA26 -> 104.39575 | F183: =RD!AA25 -> 188.92088 | G183: =SUM(E183:F183) -> 293.31663 | H183: =(E183/(A183-A182)*365)/B183 -> 0.68304411 | I183: =(F183/(A183-A182)*365)/C183 -> 0.44717219 | J183: =(G183/(A183-A182)*365)/D183 -> 0.50983392 | K183: =((1-H183)*B183) -> 570.37973 | L183: =((1-I183)*C183) -> 2749.959 | M183: =((1-J183)*D183) -> 3320.3387
A184: 46082 | B184: ='[2]US EIA'!$R332 -> 1799 | C184: ='[1]Renewable Diesel'!$AX195 -> 5065.6 | D184: =C184+B184 -> 6864.6 | E184: =BD!AA27 -> 114.81195 | F184: =RD!AA26 -> 201.08553 | G184: =SUM(E184:F184) -> 315.89747 | H184: =(E184/(A184-A183)*365)/B184 -> 0.83193759 | I184: =(F184/(A184-A183)*365)/C184 -> 0.51746949 | J184: =(G184/(A184-A183)*365)/D184 -> 0.59988188 | K184: =((1-H184)*B184) -> 302.34428 | L184: =((1-I184)*C184) -> 2444.3065 | M184: =((1-J184)*D184) -> 2746.6508
A185: 46113 | B185: ='[2]US EIA'!$R333 -> 1798.4444 | C185: ='[1]Renewable Diesel'!$AX196 -> 5088.1 | D185: =C185+B185 -> 6886.5444 | E185: =BD!AA28 -> 122.41624 | F185: =RD!AA27 -> 193.3442 | G185: =SUM(E185:F185) -> 315.76045 | H185: =(E185/(A185-A184)*365)/B185 -> 0.80144403 | I185: =(F185/(A185-A184)*365)/C185 -> 0.44741103 | J185: =(G185/(A185-A184)*365)/D185 -> 0.53986795 | K185: =((1-H185)*B185) -> 357.09189 | L185: =((1-I185)*C185) -> 2811.6279 | M185: =((1-J185)*D185) -> 3168.7198
A186: 46143 | B186: ='[2]US EIA'!$R334 -> 1797.8889 | C186: ='[1]Renewable Diesel'!$AX197 -> 5133.1 | D186: =C186+B186 -> 6930.9889 | E186: =BD!AA29 -> 130.31019 | F186: =RD!AA28 -> 216.09968 | G186: =SUM(E186:F186) -> 346.40987 | H186: =(E186/(A186-A185)*365)/B186 -> 0.88183463 | I186: =(F186/(A186-A185)*365)/C186 -> 0.51220759 | J186: =(G186/(A186-A185)*365)/D186 -> 0.60808833 | K186: =((1-H186)*B186) -> 212.44821 | L186: =((1-I186)*C186) -> 2503.8872 | M186: =((1-J186)*D186) -> 2716.3354
A187: 46174 | B187: ='[2]US EIA'!$R335 -> 1797.3333 | C187: ='[1]Renewable Diesel'!$AX198 -> 5138.1 | D187: =C187+B187 -> 6935.4333 | E187: =BD!AA30 -> 128.35965 | F187: =RD!AA29 -> 215.72293 | G187: =SUM(E187:F187) -> 344.08258 | H187: =(E187/(A187-A186)*365)/B187 -> 0.8408743 | I187: =(F187/(A187-A186)*365)/C187 -> 0.49433906 | J187: =(G187/(A187-A186)*365)/D187 -> 0.58414445 | K187: =((1-H187)*B187) -> 286.00193 | L187: =((1-I187)*C187) -> 2598.1365 | M187: =((1-J187)*D187) -> 2884.1384
A188: 46204 | B188: ='[2]US EIA'!$R336 -> 1796.7778 | C188: ='[1]Renewable Diesel'!$AX199 -> 5148.1 | D188: =C188+B188 -> 6944.8778 | E188: =BD!AA31 -> 125.90383 | F188: =RD!AA30 -> 210.51934 | G188: =SUM(E188:F188) -> 336.42317 | H188: =(E188/(A188-A187)*365)/B188 -> 0.85254279 | I188: =(F188/(A188-A187)*365)/C188 -> 0.49752698 | J188: =(G188/(A188-A187)*365)/D188 -> 0.58937662 | K188: =((1-H188)*B188) -> 264.94783 | L188: =((1-I188)*C188) -> 2586.7814 | M188: =((1-J188)*D188) -> 2851.7292
A189: 46235 | B189: ='[2]US EIA'!$R337 -> 1796.2222 | C189: ='[1]Renewable Diesel'!$AX200 -> 5155.6 | D189: =C189+B189 -> 6951.8222 | E189: =BD!AA32 -> 131.47591 | F189: =RD!AA31 -> 216.24145 | G189: =SUM(E189:F189) -> 347.71736 | H189: =(E189/(A189-A188)*365)/B189 -> 0.86182142 | I189: =(F189/(A189-A188)*365)/C189 -> 0.49384528 | J189: =(G189/(A189-A188)*365)/D189 -> 0.58892351 | K189: =((1-H189)*B189) -> 248.19943 | L189: =((1-I189)*C189) -> 2609.5313 | M189: =((1-J189)*D189) -> 2857.7307
A190: 46266 | B190: ='[2]US EIA'!$R338 -> 1795.6667 | C190: ='[1]Renewable Diesel'!$AX201 -> 5168.1 | D190: =C190+B190 -> 6963.7667 | E190: =BD!AA33 -> 123.09904 | F190: =RD!AA32 -> 219.2287 | G190: =SUM(E190:F190) -> 342.32775 | H190: =(E190/(A190-A189)*365)/B190 -> 0.80716093 | I190: =(F190/(A190-A189)*365)/C190 -> 0.49945651 | J190: =(G190/(A190-A189)*365)/D190 -> 0.57880072 | K190: =((1-H190)*B190) -> 346.2747 | L190: =((1-I190)*C190) -> 2586.8588 | M190: =((1-J190)*D190) -> 2933.1335
A191: 46296 | B191: ='[2]US EIA'!$R339 -> 1795.1111 | C191: ='[1]Renewable Diesel'!$AX202 -> 5168.1 | D191: =C191+B191 -> 6963.2111 | E191: =BD!AA34 -> 124.89568 | F191: =RD!AA33 -> 238.5833 | G191: =SUM(E191:F191) -> 363.47898 | H191: =(E191/(A191-A190)*365)/B191 -> 0.84650141 | I191: =(F191/(A191-A190)*365)/C191 -> 0.56166937 | J191: =(G191/(A191-A190)*365)/D191 -> 0.63509887 | K191: =((1-H191)*B191) -> 275.54703 | L191: =((1-I191)*C191) -> 2265.3365 | M191: =((1-J191)*D191) -> 2540.8836
A192: 46327 | B192: ='[2]US EIA'!$R340 -> 1794.5556 | C192: ='[1]Renewable Diesel'!$AX203 -> 5168.1 | D192: =C192+B192 -> 6962.6556 | E192: =BD!AA35 -> 120.63085 | F192: =RD!AA34 -> 288.0059 | G192: =SUM(E192:F192) -> 408.63676 | H192: =(E192/(A192-A191)*365)/B192 -> 0.79146673 | I192: =(F192/(A192-A191)*365)/C192 -> 0.65614776 | J192: =(G192/(A192-A191)*365)/D192 -> 0.69102489 | K192: =((1-H192)*B192) -> 374.22453 | L192: =((1-I192)*C192) -> 1777.0627 | M192: =((1-J192)*D192) -> 2151.2873
A193: 46357 | B193: ='[2]US EIA'!$R341 -> 1794 | C193: ='[1]Renewable Diesel'!$AX204 -> 5168.1 | D193: =C193+B193 -> 6962.1 | E193: =BD!AA36 -> 137.67995 | F193: =RD!AA35 -> 327.98826 | G193: =SUM(E193:F193) -> 465.66821 | H193: =(E193/(A193-A192)*365)/B193 -> 0.93372688 | I193: =(F193/(A193-A192)*365)/C193 -> 0.77214525 | J193: =(G193/(A193-A192)*365)/D193 -> 0.81378174 | K193: =((1-H193)*B193) -> 118.89397 | L193: =((1-I193)*C193) -> 1177.5762 | M193: =((1-J193)*D193) -> 1296.4701
A194: 46388 | B194: ='[2]US EIA'!$R342 -> 1793.4444 | C194: ='[1]Renewable Diesel'!$AX205 -> 5170.1 | D194: =C194+B194 -> 6963.5444 | E194: =BD!AB25 -> 91.177516 | F194: =RD!AB24 -> 190.32773 | G194: =SUM(E194:F194) -> 281.50524 | H194: =(E194/(A194-A193)*365)/B194 -> 0.59859213 | I194: =(F194/(A194-A193)*365)/C194 -> 0.43344529 | J194: =(G194/(A194-A193)*365)/D194 -> 0.47597847 | K194: =((1-H194)*B194) -> 719.90272 | L194: =((1-I194)*C194) -> 2929.1445 | M194: =((1-J194)*D194) -> 3649.0472
A195: 46419 | B195: ='[2]US EIA'!$R343 -> 1792.8889 | C195: ='[1]Renewable Diesel'!$AX206 -> 5173.1 | D195: =C195+B195 -> 6965.9889 | E195: =BD!AB26 -> 97.45487 | F195: =RD!AB25 -> 208.08746 | G195: =SUM(E195:F195) -> 305.54233 | H195: =(E195/(A195-A194)*365)/B195 -> 0.64000201 | I195: =(F195/(A195-A194)*365)/C195 -> 0.47361582 | J195: =(G195/(A195-A194)*365)/D195 -> 0.51643989 | K195: =((1-H195)*B195) -> 645.43639 | L195: =((1-I195)*C195) -> 2723.038 | M195: =((1-J195)*D195) -> 3368.4744
A196: 46447 | B196: ='[2]US EIA'!$R344 -> 1792.3333 | C196: ='[1]Renewable Diesel'!$AX207 -> 5182.85 | D196: =C196+B196 -> 6975.1833 | E196: =BD!AB27 -> 112.55112 | F196: =RD!AB26 -> 222.32945 | G196: =SUM(E196:F196) -> 334.88056 | H196: =(E196/(A196-A195)*365)/B196 -> 0.81858892 | I196: =(F196/(A196-A195)*365)/C196 -> 0.55919487 | J196: =(G196/(A196-A195)*365)/D196 -> 0.6258484 | K196: =((1-H196)*B196) -> 325.14913 | L196: =((1-I196)*C196) -> 2284.6268 | M196: =((1-J196)*D196) -> 2609.776
A197: 46478 | B197: ='[2]US EIA'!$R345 -> 1791.7778 | C197: ='[1]Renewable Diesel'!$AX208 -> 5182.85 | D197: =C197+B197 -> 6974.6278 | E197: =BD!AB28 -> 122.92134 | F197: =RD!AB27 -> 213.39686 | G197: =SUM(E197:F197) -> 336.3182 | H197: =(E197/(A197-A196)*365)/B197 -> 0.80774509 | I197: =(F197/(A197-A196)*365)/C197 -> 0.48478654 | J197: =(G197/(A197-A196)*365)/D197 -> 0.5677544 | K197: =((1-H197)*B197) -> 344.47808 | L197: =((1-I197)*C197) -> 2670.2741 | M197: =((1-J197)*D197) -> 3014.7522
A198: 46508 | B198: ='[2]US EIA'!$R346 -> 1791.2222 | C198: ='[1]Renewable Diesel'!$AX209 -> 5182.85 | D198: =C198+B198 -> 6974.0722 | E198: =BD!AB29 -> 131.43594 | F198: =RD!AB28 -> 238.85319 | G198: =SUM(E198:F198) -> 370.28913 | H198: =(E198/(A198-A197)*365)/B198 -> 0.89276322 | I198: =(F198/(A198-A197)*365)/C198 -> 0.56070446 | J198: =(G198/(A198-A197)*365)/D198 -> 0.6459905 | K198: =((1-H198)*B198) -> 192.0849 | L198: =((1-I198)*C198) -> 2276.8029 | M198: =((1-J198)*D198) -> 2468.8878
A199: 46539 | B199: ='[2]US EIA'!$R347 -> 1790.6667 | C199: ='[1]Renewable Diesel'!$AX210 -> 5190.35 | D199: =C199+B199 -> 6981.0167 | E199: =BD!AB30 -> 128.33001 | F199: =RD!AB29 -> 238.36601 | G199: =SUM(E199:F199) -> 366.69602 | H199: =(E199/(A199-A198)*365)/B199 -> 0.84380998 | I199: =(F199/(A199-A198)*365)/C199 -> 0.54072799 | J199: =(G199/(A199-A198)*365)/D199 -> 0.61847008 | K199: =((1-H199)*B199) -> 279.68426 | L199: =((1-I199)*C199) -> 2383.7825 | M199: =((1-J199)*D199) -> 2663.4667
A200: 46569 | B200: ='[2]US EIA'!$R348 -> 1790.1111 | C200: ='[1]Renewable Diesel'!$AX211 -> 5195.35 | D200: =C200+B200 -> 6985.4611 | E200: =BD!AB31 -> 126.72035 | F200: =RD!AB30 -> 232.08209 | G200: =SUM(E200:F200) -> 358.80244 | H200: =(E200/(A200-A199)*365)/B200 -> 0.86126734 | I200: =(F200/(A200-A199)*365)/C200 -> 0.5434986 | J200: =(G200/(A200-A199)*365)/D200 -> 0.62493079 | K200: =((1-H200)*B200) -> 248.34687 | L200: =((1-I200)*C200) -> 2371.6845 | M200: =((1-J200)*D200) -> 2620.0314
A201: 46600 | B201: ='[2]US EIA'!$R349 -> 1789.5556 | C201: ='[1]Renewable Diesel'!$AX212 -> 5197.35 | D201: =C201+B201 -> 6986.9056 | E201: =BD!AB32 -> 132.11022 | F201: =RD!AB31 -> 238.6369 | G201: =SUM(E201:F201) -> 370.74712 | H201: =(E201/(A201-A200)*365)/B201 -> 0.86920538 | I201: =(F201/(A201-A200)*365)/C201 -> 0.54061339 | J201: =(G201/(A201-A200)*365)/D201 -> 0.62477563 | K201: =((1-H201)*B201) -> 234.06424 | L201: =((1-I201)*C201) -> 2387.593 | M201: =((1-J201)*D201) -> 2621.6572
A202: 46631 | B202: ='[2]US EIA'!$R350 -> 1789 | C202: ='[1]Renewable Diesel'!$AX213 -> 5206.85 | D202: =C202+B202 -> 6995.85 | E202: =BD!AB33 -> 124.57288 | F202: =RD!AB32 -> 242.15676 | G202: =SUM(E202:F202) -> 366.72963 | H202: =(E202/(A202-A201)*365)/B202 -> 0.81986872 | I202: =(F202/(A202-A201)*365)/C202 -> 0.54758645 | J202: =(G202/(A202-A201)*365)/D202 -> 0.6172153 | K202: =((1-H202)*B202) -> 322.25485 | L202: =((1-I202)*C202) -> 2355.6495 | M202: =((1-J202)*D202) -> 2677.9043
A203: 46661 | B203: ='[2]US EIA'!$R351 -> 1788.4444 | C203: ='[1]Renewable Diesel'!$AX214 -> 5206.85 | D203: =C203+B203 -> 6995.2944 | E203: =BD!AB34 -> 126.79441 | F203: =RD!AB33 -> 263.13373 | G203: =SUM(E203:F203) -> 389.92815 | H203: =(E203/(A203-A202)*365)/B203 -> 0.86257383 | I203: =(F203/(A203-A202)*365)/C203 -> 0.61485551 | J203: =(G203/(A203-A202)*365)/D203 -> 0.67818815 | K203: =((1-H203)*B203) -> 245.77907 | L203: =((1-I203)*C203) -> 2005.3896 | M203: =((1-J203)*D203) -> 2251.1687
A204: 46692 | B204: ='[2]US EIA'!$R352 -> 1787.8889 | C204: ='[1]Renewable Diesel'!$AX215 -> 5206.85 | D204: =C204+B204 -> 6994.7389 | E204: =BD!AB35 -> 121.3919 | F204: =RD!AB34 -> 318.43777 | G204: =SUM(E204:F204) -> 439.82967 | H204: =(E204/(A204-A203)*365)/B204 -> 0.79942986 | I204: =(F204/(A204-A203)*365)/C204 -> 0.72007987 | J204: =(G204/(A204-A203)*365)/D204 -> 0.74036211 | K204: =((1-H204)*B204) -> 358.59712 | L204: =((1-I204)*C204) -> 1457.5021 | M204: =((1-J204)*D204) -> 1816.0992
A205: 46722 | B205: ='[2]US EIA'!$R353 -> 1787.3333 | C205: ='[1]Renewable Diesel'!$AX216 -> 5206.85 | D205: =C205+B205 -> 6994.1833 | E205: =BD!AB36 -> 156.6868 | F205: =RD!AB35 -> 360.4088 | G205: =SUM(E205:F205) -> 517.09561 | H205: =(E205/(A205-A204)*365)/B205 -> 1.0665924 | I205: =(F205/(A205-A204)*365)/C205 -> 0.84215481 | J205: =(G205/(A205-A204)*365)/D205 -> 0.89950886 | K205: =((1-H205)*B205) -> -119.02276 | L205: =((1-I205)*C205) -> 821.87621 | M205: =((1-J205)*D205) -> 702.85345
A206: 46753 | B206: ='[2]US EIA'!$R354 -> 1786.7778 | C206: ='[1]Renewable Diesel'!$AX217 -> 5331.85 | D206: =C206+B206 -> 7118.6278 | E206: =BD!AC25 -> 74.141257 | F206: =RD!AC24 -> 194.31279 | G206: =SUM(E206:F206) -> 268.45405 | H206: =(E206/(A206-A205)*365)/B206 -> 0.488563 | I206: =(F206/(A206-A205)*365)/C206 -> 0.42909617 | J206: =(G206/(A206-A205)*365)/D206 -> 0.44402236 | K206: =((1-H206)*B206) -> 913.82427 | L206: =((1-I206)*C206) -> 3043.9736 | M206: =((1-J206)*D206) -> 3957.7979
A207: 46784 | B207: ='[2]US EIA'!$R355 -> 1786.2222 | C207: ='[1]Renewable Diesel'!$AX218 -> 5350.6 | D207: =C207+B207 -> 7136.8222 | E207: =BD!AC26 -> 77.238131 | F207: =RD!AC25 -> 211.94026 | G207: =SUM(E207:F207) -> 289.17839 | H207: =(E207/(A207-A206)*365)/B207 -> 0.50912854 | I207: =(F207/(A207-A206)*365)/C207 -> 0.46638239 | J207: =(G207/(A207-A206)*365)/D207 -> 0.477081 | K207: =((1-H207)*B207) -> 876.80552 | L207: =((1-I207)*C207) -> 2855.1744 | M207: =((1-J207)*D207) -> 3731.9799
A208: 46813 | B208: ='[2]US EIA'!$R356 -> 1777.3333 | C208: ='[1]Renewable Diesel'!$AX219 -> 5389.35 | D208: =C208+B208 -> 7166.6833 | E208: =BD!AC27 -> 87.967576 | F208: =RD!AC26 -> 227.26488 | G208: =SUM(E208:F208) -> 315.23246 | H208: =(E208/(A208-A207)*365)/B208 -> 0.62294342 | I208: =(F208/(A208-A207)*365)/C208 -> 0.53075098 | J208: =(G208/(A208-A207)*365)/D208 -> 0.55361465 | K208: =((1-H208)*B208) -> 670.15522 | L208: =((1-I208)*C208) -> 2528.9472 | M208: =((1-J208)*D208) -> 3199.1024
A209: 46844 | B209: ='[2]US EIA'!$R357 -> 1777.3333 | C209: ='[1]Renewable Diesel'!$AX220 -> 5389.35 | D209: =C209+B209 -> 7166.6833 | E209: =BD!AC28 -> 96.67967 | F209: =RD!AC27 -> 217.37147 | G209: =SUM(E209:F209) -> 314.05114 | H209: =(E209/(A209-A208)*365)/B209 -> 0.64046801 | I209: =(F209/(A209-A208)*365)/C209 -> 0.4748947 | J209: =(G209/(A209-A208)*365)/D209 -> 0.51595678 | K209: =((1-H209)*B209) -> 639.00819 | L209: =((1-I209)*C209) -> 2829.9763 | M209: =((1-J209)*D209) -> 3468.9845
A210: 46874 | B210: ='[2]US EIA'!$R358 -> 1777.3333 | C210: ='[1]Renewable Diesel'!$AX221 -> 5389.35 | D210: =C210+B210 -> 7166.6833 | E210: =BD!AC29 -> 105.51996 | F210: =RD!AC28 -> 242.70211 | G210: =SUM(E210:F210) -> 348.22208 | H210: =(E210/(A210-A209)*365)/B210 -> 0.72233282 | I210: =(F210/(A210-A209)*365)/C210 -> 0.54790944 | J210: =(G210/(A210-A209)*365)/D210 -> 0.59116634 | K210: =((1-H210)*B210) -> 493.50714 | L210: =((1-I210)*C210) -> 2436.4743 | M210: =((1-J210)*D210) -> 2929.9814
A211: 46905 | B211: ='[2]US EIA'!$R359 -> 1777.3333 | C211: ='[1]Renewable Diesel'!$AX222 -> 5389.35 | D211: =C211+B211 -> 7166.6833 | E211: =BD!AC30 -> 102.09176 | F211: =RD!AC29 -> 243.60668 | G211: =SUM(E211:F211) -> 345.69844 | H211: =(E211/(A211-A210)*365)/B211 -> 0.67632116 | I211: =(F211/(A211-A210)*365)/C211 -> 0.53221116 | J211: =(G211/(A211-A210)*365)/D211 -> 0.56795036 | K211: =((1-H211)*B211) -> 575.2852 | L211: =((1-I211)*C211) -> 2521.0778 | M211: =((1-J211)*D211) -> 3096.363
A212: 46935 | B212: ='[2]US EIA'!$R360 -> 1777.3333 | C212: ='[1]Renewable Diesel'!$AX223 -> 5389.35 | D212: =C212+B212 -> 7166.6833 | E212: =BD!AC31 -> 101.33561 | F212: =RD!AC30 -> 236.77352 | G212: =SUM(E212:F212) -> 338.10914 | H212: =(E212/(A212-A211)*365)/B212 -> 0.69368903 | I212: =(F212/(A212-A211)*365)/C212 -> 0.53452541 | J212: =(G212/(A212-A211)*365)/D212 -> 0.5739979 | K212: =((1-H212)*B212) -> 544.41669 | L212: =((1-I212)*C212) -> 2508.6055 | M212: =((1-J212)*D212) -> 3053.0222
A213: 46966 | B213: ='[2]US EIA'!$R361 -> 1777.3333 | C213: ='[1]Renewable Diesel'!$AX224 -> 5389.35 | D213: =C213+B213 -> 7166.6833 | E213: =BD!AC32 -> 104.38894 | F213: =RD!AC31 -> 243.62657 | G213: =SUM(E213:F213) -> 348.01551 | H213: =(E213/(A213-A212)*365)/B213 -> 0.69153916 | I213: =(F213/(A213-A212)*365)/C213 -> 0.53225461 | J213: =(G213/(A213-A212)*365)/D213 -> 0.57175708 | K213: =((1-H213)*B213) -> 548.23774 | L213: =((1-I213)*C213) -> 2520.8436 | M213: =((1-J213)*D213) -> 3069.0814
A214: 46997 | B214: ='[2]US EIA'!$R362 -> 1777.3333 | C214: ='[1]Renewable Diesel'!$AX225 -> 5389.35 | D214: =C214+B214 -> 7166.6833 | E214: =BD!AC33 -> 98.628047 | F214: =RD!AC32 -> 246.63014 | G214: =SUM(E214:F214) -> 345.25819 | H214: =(E214/(A214-A213)*365)/B214 -> 0.65337531 | I214: =(F214/(A214-A213)*365)/C214 -> 0.53881656 | J214: =(G214/(A214-A213)*365)/D214 -> 0.56722707 | K214: =((1-H214)*B214) -> 616.06761 | L214: =((1-I214)*C214) -> 2485.479 | M214: =((1-J214)*D214) -> 3101.5466
A215: 47027 | B215: ='[2]US EIA'!$R363 -> 1777.3333 | C215: ='[1]Renewable Diesel'!$AX226 -> 5389.35 | D215: =C215+B215 -> 7166.6833 | E215: =BD!AC34 -> 101.33017 | F215: =RD!AC33 -> 268.32381 | G215: =SUM(E215:F215) -> 369.65398 | H215: =(E215/(A215-A214)*365)/B215 -> 0.69365173 | I215: =(F215/(A215-A214)*365)/C215 -> 0.60575141 | J215: =(G215/(A215-A214)*365)/D215 -> 0.62755064 | K215: =((1-H215)*B215) -> 544.48299 | L215: =((1-I215)*C215) -> 2124.7436 | M215: =((1-J215)*D215) -> 2669.2266
A216: 47058 | B216: ='[2]US EIA'!$R364 -> 1777.3333 | C216: ='[1]Renewable Diesel'!$AX227 -> 5389.35 | D216: =C216+B216 -> 7166.6833 | E216: =BD!AC35 -> 95.651514 | F216: =RD!AC34 -> 324.10578 | G216: =SUM(E216:F216) -> 419.7573 | H216: =(E216/(A216-A215)*365)/B216 -> 0.63365685 | I216: =(F216/(A216-A215)*365)/C216 -> 0.70807875 | J216: =(G216/(A216-A215)*365)/D216 -> 0.68962216 | K216: =((1-H216)*B216) -> 651.1139 | L216: =((1-I216)*C216) -> 1573.2658 | M216: =((1-J216)*D216) -> 2224.3797
A217: 47088 | B217: ='[2]US EIA'!$R365 -> 1777.3333 | C217: ='[1]Renewable Diesel'!$AX228 -> 5389.35 | D217: =C217+B217 -> 7166.6833 | E217: =BD!AC36 -> 128.93159 | F217: =RD!AC35 -> 366.60588 | G217: =SUM(E217:F217) -> 495.53747 | H217: =(E217/(A217-A216)*365)/B217 -> 0.88259621 | I217: =(F217/(A217-A216)*365)/C217 -> 0.827627 | J217: =(G217/(A217-A216)*365)/D217 -> 0.84125933 | K217: =((1-H217)*B217) -> 208.66567 | L217: =((1-I217)*C217) -> 928.97841 | M217: =((1-J217)*D217) -> 1137.6441
A218: 47119 | B218: ='[2]US EIA'!$R366 -> 1797.3333 | C218: ='[1]Renewable Diesel'!$AX229 -> 5389.35 | D218: =C218+B218 -> 7186.6833 | E218: =BD!AD25 -> 82.870174 | F218: =RD!AD24 -> 196.31538 | G218: =SUM(E218:F218) -> 279.18556 | H218: =(E218/(A218-A217)*365)/B218 -> 0.54287619 | I218: =(F218/(A218-A217)*365)/C218 -> 0.42889315 | J218: =(G218/(A218-A217)*365)/D218 -> 0.45739942 | K218: =((1-H218)*B218) -> 821.60387 | L218: =((1-I218)*C218) -> 3077.8947 | M218: =((1-J218)*D218) -> 3899.4986
A219: 47150 | B219: ='[2]US EIA'!$R367 -> 1797.3333 | C219: ='[1]Renewable Diesel'!$AX230 -> 5389.35 | D219: =C219+B219 -> 7186.6833 | E219: =BD!AD26 -> 88.125514 | F219: =RD!AD25 -> 214.02041 | G219: =SUM(E219:F219) -> 302.14593 | H219: =(E219/(A219-A218)*365)/B219 -> 0.57730352 | I219: =(F219/(A219-A218)*365)/C219 -> 0.4675736 | J219: =(G219/(A219-A218)*365)/D219 -> 0.49501619 | K219: =((1-H219)*B219) -> 759.72647 | L219: =((1-I219)*C219) -> 2869.4322 | M219: =((1-J219)*D219) -> 3629.1587
A220: 47178 | B220: ='[2]US EIA'!$R368 -> 1797.3333 | C220: ='[1]Renewable Diesel'!$AX231 -> 5389.35 | D220: =C220+B220 -> 7186.6833 | E220: =BD!AD27 -> 100.31301 | F220: =RD!AD26 -> 228.57826 | G220: =SUM(E220:F220) -> 328.89127 | H220: =(E220/(A220-A219)*365)/B220 -> 0.72755103 | I220: =(F220/(A220-A219)*365)/C220 -> 0.55288318 | J220: =(G220/(A220-A219)*365)/D220 -> 0.59656624 | K220: =((1-H220)*B220) -> 489.68161 | L220: =((1-I220)*C220) -> 2409.669 | M220: =((1-J220)*D220) -> 2899.3507
A221: 47209 | B221: ='[2]US EIA'!$R369 -> 1797.3333 | C221: ='[1]Renewable Diesel'!$AX232 -> 5389.35 | D221: =C221+B221 -> 7186.6833 | E221: =BD!AD28 -> 112.10189 | F221: =RD!AD27 -> 218.95534 | G221: =SUM(E221:F221) -> 331.05724 | H221: =(E221/(A221-A220)*365)/B221 -> 0.73437096 | I221: =(F221/(A221-A220)*365)/C221 -> 0.47835501 | J221: =(G221/(A221-A220)*365)/D221 -> 0.5423826 | K221: =((1-H221)*B221) -> 477.42393 | L221: =((1-I221)*C221) -> 2811.3274 | M221: =((1-J221)*D221) -> 3288.7514
A222: 47239 | B222: ='[2]US EIA'!$R370 -> 1797.3333 | C222: ='[1]Renewable Diesel'!$AX233 -> 5389.35 | D222: =C222+B222 -> 7186.6833 | E222: =BD!AD29 -> 119.14926 | F222: =RD!AD28 -> 244.00004 | G222: =SUM(E222:F222) -> 363.14929 | H222: =(E222/(A222-A221)*365)/B222 -> 0.80655561 | I222: =(F222/(A222-A221)*365)/C222 -> 0.55083955 | J222: =(G222/(A222-A221)*365)/D222 -> 0.61479214 | K222: =((1-H222)*B222) -> 347.68406 | L222: =((1-I222)*C222) -> 2420.6829 | M222: =((1-J222)*D222) -> 2768.3669
A223: 47270 | B223: ='[2]US EIA'!$R371 -> 1797.3333 | C223: ='[1]Renewable Diesel'!$AX234 -> 5389.35 | D223: =C223+B223 -> 7186.6833 | E223: =BD!AD30 -> 116.23848 | F223: =RD!AD29 -> 244.97052 | G223: =SUM(E223:F223) -> 361.209 | H223: =(E223/(A223-A222)*365)/B223 -> 0.76146941 | I223: =(F223/(A223-A222)*365)/C223 -> 0.53519076 | J223: =(G223/(A223-A222)*365)/D223 -> 0.59178129 | K223: =((1-H223)*B223) -> 428.71898 | L223: =((1-I223)*C223) -> 2505.0197 | M223: =((1-J223)*D223) -> 2933.7386
A224: 47300 | B224: ='[2]US EIA'!$R372 -> 1797.3333 | C224: ='[1]Renewable Diesel'!$AX235 -> 5389.35 | D224: =C224+B224 -> 7186.6833 | E224: =BD!AD31 -> 117.07895 | F224: =RD!AD30 -> 238.95691 | G224: =SUM(E224:F224) -> 356.03586 | H224: =(E224/(A224-A223)*365)/B224 -> 0.79254109 | I224: =(F224/(A224-A223)*365)/C224 -> 0.53945449 | J224: =(G224/(A224-A223)*365)/D224 -> 0.60274947 | K224: =((1-H224)*B224) -> 372.87282 | L224: =((1-I224)*C224) -> 2482.0409 | M224: =((1-J224)*D224) -> 2854.9137
A225: 47331 | B225: ='[2]US EIA'!$R373 -> 1797.3333 | C225: ='[1]Renewable Diesel'!$AX236 -> 5389.35 | D225: =C225+B225 -> 7186.6833 | E225: =BD!AD32 -> 119.60491 | F225: =RD!AD31 -> 245.85113 | G225: =SUM(E225:F225) -> 365.45605 | H225: =(E225/(A225-A224)*365)/B225 -> 0.78352265 | I225: =(F225/(A225-A224)*365)/C225 -> 0.53711465 | J225: =(G225/(A225-A224)*365)/D225 -> 0.59873937 | K225: =((1-H225)*B225) -> 389.08195 | L225: =((1-I225)*C225) -> 2494.6512 | M225: =((1-J225)*D225) -> 2883.7331
A226: 47362 | B226: ='[2]US EIA'!$R374 -> 1797.3333 | C226: ='[1]Renewable Diesel'!$AX237 -> 5389.35 | D226: =C226+B226 -> 7186.6833 | E226: =BD!AD33 -> 113.01767 | F226: =RD!AD32 -> 248.71833 | G226: =SUM(E226:F226) -> 361.736 | H226: =(E226/(A226-A225)*365)/B226 -> 0.74037013 | I226: =(F226/(A226-A225)*365)/C226 -> 0.54337866 | J226: =(G226/(A226-A225)*365)/D226 -> 0.59264469 | K226: =((1-H226)*B226) -> 466.64142 | L226: =((1-I226)*C226) -> 2460.8922 | M226: =((1-J226)*D226) -> 2927.5337
A227: 47392 | B227: ='[2]US EIA'!$R375 -> 1794 | C227: ='[1]Renewable Diesel'!$AX238 -> 5389.35 | D227: =C227+B227 -> 7183.35 | E227: =BD!AD34 -> 116.80982 | F227: =RD!AD33 -> 270.20843 | G227: =SUM(E227:F227) -> 387.01825 | H227: =(E227/(A227-A226)*365)/B227 -> 0.79218851 | I227: =(F227/(A227-A226)*365)/C227 -> 0.610006 | J227: =(G227/(A227-A226)*365)/D227 -> 0.65550503 | K227: =((1-H227)*B227) -> 372.81381 | L227: =((1-I227)*C227) -> 2101.8141 | M227: =((1-J227)*D227) -> 2474.628
A228: 47423 | B228: ='[2]US EIA'!$R376 -> 1790.6667 | C228: ='[1]Renewable Diesel'!$AX239 -> 5389.35 | D228: =C228+B228 -> 7180.0167 | E228: =BD!AD35 -> 110.44502 | F228: =RD!AD34 -> 326.91596 | G228: =SUM(E228:F228) -> 437.36098 | H228: =(E228/(A228-A227)*365)/B228 -> 0.72621056 | I228: =(F228/(A228-A227)*365)/C228 -> 0.71421818 | J228: =(G228/(A228-A227)*365)/D228 -> 0.71720903 | K228: =((1-H228)*B228) -> 490.26563 | L228: =((1-I228)*C228) -> 1540.1782 | M228: =((1-J228)*D228) -> 2030.4439
A229: 47453 | B229: ='[2]US EIA'!$R377 -> 1787.3333 | C229: ='[1]Renewable Diesel'!$AX240 -> 5389.35 | D229: =C229+B229 -> 7176.6833 | E229: =BD!AD36 -> 157.41306 | F229: =RD!AD35 -> 369.85667 | G229: =SUM(E229:F229) -> 527.26974 | H229: =(E229/(A229-A228)*365)/B229 -> 1.0715362 | I229: =(F229/(A229-A228)*365)/C229 -> 0.83496578 | J229: =(G229/(A229-A228)*365)/D229 -> 0.89388298 | K229: =((1-H229)*B229) -> -127.85895 | L229: =((1-I229)*C229) -> 889.42717 | M229: =((1-J229)*D229) -> 761.56822
A230: 47484 | B230: ='[2]US EIA'!$R378 -> 1784 | C230: ='[1]Renewable Diesel'!$AX241 -> 5389.35 | D230: =C230+B230 -> 7173.35 | E230: =BD!AE25 -> 80.201548 | F230: =RD!AE24 -> 205.70763 | G230: =SUM(E230:F230) -> 285.90918 | H230: =(E230/(A230-A229)*365)/B230 -> 0.52932094 | I230: =(F230/(A230-A229)*365)/C230 -> 0.44941254 | J230: =(G230/(A230-A229)*365)/D230 -> 0.46928562 | K230: =((1-H230)*B230) -> 839.69145 | L230: =((1-I230)*C230) -> 2967.3085 | M230: =((1-J230)*D230) -> 3807
A231: 47515 | B231: ='[2]US EIA'!$R379 -> 1784 | C231: ='[1]Renewable Diesel'!$AX242 -> 5389.35 | D231: =C231+B231 -> 7173.35 | E231: =BD!AE26 -> 85.786369 | F231: =RD!AE25 -> 224.24899 | G231: =SUM(E231:F231) -> 310.03536 | H231: =(E231/(A231-A230)*365)/B231 -> 0.56618011 | I231: =(F231/(A231-A230)*365)/C231 -> 0.48992013 | J231: =(G231/(A231-A230)*365)/D231 -> 0.50888586 | K231: =((1-H231)*B231) -> 773.93468 | L231: =((1-I231)*C231) -> 2748.999 | M231: =((1-J231)*D231) -> 3522.9336
A232: 47543 | B232: ='[2]US EIA'!$R380 -> 1784 | C232: ='[1]Renewable Diesel'!$AX243 -> 5389.35 | D232: =C232+B232 -> 7173.35 | E232: =BD!AE27 -> 99.525647 | F232: =RD!AE26 -> 239.81744 | G232: =SUM(E232:F232) -> 339.34308 | H232: =(E232/(A232-A231)*365)/B232 -> 0.72723537 | I232: =(F232/(A232-A231)*365)/C232 -> 0.58006839 | J232: =(G232/(A232-A231)*365)/D232 -> 0.61666857 | K232: =((1-H232)*B232) -> 486.6121 | L232: =((1-I232)*C232) -> 2263.1584 | M232: =((1-J232)*D232) -> 2749.7705
A233: 47574 | B233: ='[2]US EIA'!$R381 -> 1780.6667 | C233: ='[1]Renewable Diesel'!$AX244 -> 5389.35 | D233: =C233+B233 -> 7170.0167 | E233: =BD!AE28 -> 113.97791 | F233: =RD!AE27 -> 229.46228 | G233: =SUM(E233:F233) -> 343.44019 | H233: =(E233/(A233-A232)*365)/B233 -> 0.75364917 | I233: =(F233/(A233-A232)*365)/C233 -> 0.50130967 | J233: =(G233/(A233-A232)*365)/D233 -> 0.56397794 | K233: =((1-H233)*B233) -> 438.66871 | L233: =((1-I233)*C233) -> 2687.6167 | M233: =((1-J233)*D233) -> 3126.2854
A234: 47604 | B234: ='[2]US EIA'!$R382 -> 1780.6667 | C234: ='[1]Renewable Diesel'!$AX245 -> 5389.35 | D234: =C234+B234 -> 7170.0167 | E234: =BD!AE29 -> 121.42557 | F234: =RD!AE28 -> 256.35169 | G234: =SUM(E234:F234) -> 377.77726 | H234: =(E234/(A234-A233)*365)/B234 -> 0.82965803 | I234: =(F234/(A234-A233)*365)/C234 -> 0.57872389 | J234: =(G234/(A234-A233)*365)/D234 -> 0.64104314 | K234: =((1-H234)*B234) -> 303.32227 | L234: =((1-I234)*C234) -> 2270.4044 | M234: =((1-J234)*D234) -> 2573.7267
...

Sheet Annual data
A1: Annual Total | B1: Biodiesel Feedstock | C1: Biodiesel Losses and Co-products | D1: Biodiesel Losses and Co-products | E1: Biodiesel Production | F1: Biodiesel Production | G1: Biodiesel Production | H1: Biodiesel Imports | I1: Biodiesel Exports | J1: Biodiesel Net Imports | K1: Biodiesel Stocks | L1: Biodiesel Stock Change | M1: Biodiesel Consumption | N1: Biodiesel Consumption | O1: Biodiesel Consumption | P1: Renewable Diesel Fuel Production | Q1: Renewable Diesel Fuel Production | R1: Renewable Diesel Fuel Production | S1: Renewable Diesel Fuel Imports | T1: Renewable Diesel Fuel Stocks | U1: Renewable Diesel Fuel Stock Change | V1: Renewable Diesel Fuel Consumption | W1: Renewable Diesel Fuel Consumption | X1: Renewable Diesel Fuel Consumption | Y1: Other Biofuels Feedstock | Z1: Other Biofuels Losses and Co-products | AA1: Other Biofuels Production | AB1: Other Biofuels Production | AC1: Other Biofuels Production | AD1: Other Biofuels Imports | AE1: Other Biofuels Stocks | AF1: Other Biofuels Stock Change | AG1: Other Biofuels Consumption | AH1: Other Biofuels Consumption | AI1: Other Biofuels Consumption | AJ1: U.S. Refinery and Blender Net Production of Distillate Fuel Oil Thousand Barrels | AK1: U.S. Imports of Distillate Fuel Oil Thousand Barrels | AL1: U.S. Product Supplied of Distillate Fuel Oil Thousand Barrels | AM1: U.S. Ending Stocks of Distillate Fuel Oil Thousand Barrels | AN1: Distillate Fuel Oil Refinery and Blender Net Production | AO1: Distillate Fuel Oil Imports | AP1: Distillate Fuel Oil Product Supplied | AQ1: Distillate Fuel Oil Stocks
B2: (Trillion Btu) | C2: (Trillion Btu) | D2: (Thousand Barrels) | E2: (Thousand Barrels) | F2: (Million Gallons) | G2: (Trillion Btu) | H2: (Thousand Barrels) | I2: (Thousand Barrels) | J2: (Thousand Barrels) | K2: (Thousand Barrels) | L2: (Thousand Barrels) | M2: (Thousand Barrels) | N2: (Million Gallons) | O2: (Trillion Btu) | P2: (Thousand Barrels) | Q2: (Million Gallons) | R2: (Trillion Btu) | S2: (Thousand Barrels) | T2: (Thousand Barrels) | U2: (Thousand Barrels) | V2: (Thousand Barrels) | W2: (Million Gallons) | X2: (Trillion Btu) | Y2: (Trillion Btu) | Z2: (Trillion Btu) | AA2: (Thousand Barrels) | AB2: (Million Gallons) | AC2: (Trillion Btu) | AD2: (Thousand Barrels) | AE2: (Thousand Barrels) | AF2: (Thousand Barrels) | AG2: (Thousand Barrels) | AH2: (Million Gallons) | AI2: (Trillion Btu) | AJ2: https://www.eia.gov/dnav/pet/hist/LeafHandler.ashx?n=pet&s=mdirpus1&f=a | AK2: https://www.eia.gov/dnav/pet/hist/LeafHandler.ashx?n=pet&s=mdiimus1&f=a | AL2: https://www.eia.gov/dnav/pet/hist/LeafHandler.ashx?n=pet&s=mdiupus1&f=a | AM2: https://www.eia.gov/dnav/pet/hist/LeafHandler.ashx?n=pet&s=mdistus1&f=a | AN2: (Million gallons) | AO2: (Million gallons) | AP2: (Million gallons) | AQ2: (Million gallons)
A3: 1949 | AJ3: 340825 | AK3: 1825 | AL3: 329278 | AM3: 75207 | AN3: =AJ3*42/1000 -> 14314.65 | AO3: =AK3*42/1000 -> 76.65 | AP3: =AL3*42/1000 -> 13829.676 | AQ3: =AM3*42/1000 -> 3158.694
A4: 1950 | AJ4: 398912 | AK4: 2340 | AL4: 394715 | AM4: 71948 | AN4: =AJ4*42/1000 -> 16754.304 | AO4: =AK4*42/1000 -> 98.28 | AP4: =AL4*42/1000 -> 16578.03 | AQ4: =AM4*42/1000 -> 3021.816
A5: 1951 | AJ5: 475801 | AK5: 1767 | AL5: 449102 | AM5: 80722 | AN5: =AJ5*42/1000 -> 19983.642 | AO5: =AK5*42/1000 -> 74.214 | AP5: =AL5*42/1000 -> 18862.284 | AQ5: =AM5*42/1000 -> 3390.324
A6: 1952 | AJ6: 521264 | AK6: 2674 | AL6: 479764 | AM6: 99582 | AN6: =AJ6*42/1000 -> 21893.088 | AO6: =AK6*42/1000 -> 112.308 | AP6: =AL6*42/1000 -> 20150.088 | AQ6: =AM6*42/1000 -> 4182.444
A7: 1953 | AJ7: 528111 | AK7: 3379 | AL7: 488075 | AM7: 111741 | AN7: =AJ7*42/1000 -> 22180.662 | AO7: =AK7*42/1000 -> 141.918 | AP7: =AL7*42/1000 -> 20499.15 | AQ7: =AM7*42/1000 -> 4693.122
A8: 1954 | AJ8: 542278 | AK8: 3195 | AL8: 526369 | AM8: 108144 | AN8: =AJ8*42/1000 -> 22775.676 | AO8: =AK8*42/1000 -> 134.19 | AP8: =AL8*42/1000 -> 22107.498 | AQ8: =AM8*42/1000 -> 4542.048
A9: 1955 | AJ9: 602547 | AK9: 4413 | AL9: 581128 | AM9: 111333 | AN9: =AJ9*42/1000 -> 25306.974 | AO9: =AK9*42/1000 -> 185.346 | AP9: =AL9*42/1000 -> 24407.376 | AQ9: =AM9*42/1000 -> 4675.986
A10: 1956 | AJ10: 665687 | AK10: 5159 | AL10: 615856 | AM10: 133981 | AN10: =AJ10*42/1000 -> 27958.854 | AO10: =AK10*42/1000 -> 216.678 | AP10: =AL10*42/1000 -> 25865.952 | AQ10: =AM10*42/1000 -> 5627.202
A11: 1957 | AJ11: 668573 | AK11: 8566 | AL11: 616090 | AM11: 149449 | AN11: =AJ11*42/1000 -> 28080.066 | AO11: =AK11*42/1000 -> 359.772 | AP11: =AL11*42/1000 -> 25875.78 | AQ11: =AM11*42/1000 -> 6276.858
A12: 1958 | AJ12: 631405 | AK12: 14892 | AL12: 653426 | AM12: 125101 | AN12: =AJ12*42/1000 -> 26519.01 | AO12: =AK12*42/1000 -> 625.464 | AP12: =AL12*42/1000 -> 27443.892 | AQ12: =AM12*42/1000 -> 5254.242
A13: 1959 | AJ13: 678938 | AK13: 17658 | AL13: 659332 | AM13: 151030 | AN13: =AJ13*42/1000 -> 28515.396 | AO13: =AK13*42/1000 -> 741.636 | AP13: =AL13*42/1000 -> 27691.944 | AQ13: =AM13*42/1000 -> 6343.26
A14: 1960 | AJ14: 665416 | AK14: 12771 | AL14: 685268 | AM14: 138455 | AN14: =AJ14*42/1000 -> 27947.472 | AO14: =AK14*42/1000 -> 536.382 | AP14: =AL14*42/1000 -> 28781.256 | AQ14: =AM14*42/1000 -> 5815.11
... A54: 2000 | AJ54: 1310158 | AK54: 107919 | AL54: 1362315 | AM54: 118027 | AN54: =AJ54*42/1000 -> 55026.636 | AO54: =AK54*42/1000 -> 4532.598 | AP54: =AL54*42/1000 -> 57217.23 | AQ54: =AM54*42/1000 -> 4957.134
A55: 2001 | B55: 1.109 | C55: 0.015 | D55: =(G55/F55)*C55/1000 -> 1.9132564e-06 | E55: 204.203 | F55: 8.577 | G55: 1.094 | H55: 80.922 | I55: 40.646 | J55: 40.276 | K55: Not Available | L55: Not Available | M55: 244.479 | N55: 10.268 | O55: 1.31 | AJ55: 1348525 | AK55: 125586 | AL55: 1404082 | AM55: 144513 | AN55: =AJ55*42/1000 -> 56638.05 | AO55: =AK55*42/1000 -> 5274.612 | AP55: =AL55*42/1000 -> 58971.444 | AQ55: =AM55*42/1000 -> 6069.546 | AS55: 42
A56: 2002 | B56: 1.356 | C56: 0.018 | D56: =(G56/F56)*C56/1000 -> 2.2972148e-06 | E56: 249.62 | F56: 10.484 | G56: 1.338 | H56: 197.342 | I56: 57.426 | J56: 139.916 | K56: Not Available | L56: Not Available | M56: 389.536 | N56: 16.361 | O56: 2.088 | AJ56: 1311151 | AK56: 97603 | AL56: 1378206 | AM56: 134085 | AN56: =AJ56*42/1000 -> 55068.342 | AO56: =AK56*42/1000 -> 4099.326 | AP56: =AL56*42/1000 -> 57884.652 | AQ56: =AM56*42/1000 -> 5631.57
A57: 2003 | B57: 1.838 | C57: 0.025 | D57: =(G57/F57)*C57/1000 -> 3.1896552e-06 | E57: 338.322 | F57: 14.21 | G57: 1.813 | H57: 96.804 | I57: 113.467 | J57: -16.662 | K57: Not Available | L57: Not Available | M57: 321.66 | N57: 13.51 | O57: 1.724 | AJ57: 1353138 | AK57: 121672 | AL57: 1433373 | AM57: 136542 | AN57: =AJ57*42/1000 -> 56831.796 | AO57: =AK57*42/1000 -> 5110.224 | AP57: =AL57*42/1000 -> 60201.666 | AQ57: =AM57*42/1000 -> 5734.764
A58: 2004 | B58: 3.62 | C58: 0.049 | D58: =(G58/F58)*C58/1000 -> 6.2515188e-06 | E58: 666.237 | F58: 27.982 | G58: 3.57 | H58: 100.541 | I58: 127.716 | J58: -27.175 | K58: Not Available | L58: Not Available | M58: 639.062 | N58: 26.841 | O58: 3.425 | AJ58: 1396037 | AK58: 119118 | AL58: 1485324 | AM58: 126272 | AN58: =AJ58*42/1000 -> 58633.554 | AO58: =AK58*42/1000 -> 5002.956 | AP58: =AL58*42/1000 -> 62383.608 | AQ58: =AM58*42/1000 -> 5303.424
A59: 2005 | B59: 11.744 | C59: 0.16 | D59: =(G59/F59)*C59/1000 -> 2.0415258e-05 | E59: 2161.586 | F59: 90.787 | G59: 11.584 | H59: 213.69 | I59: 212.708 | J59: 0.982 | K59: Not Available | L59: Not Available | M59: 2162.568 | N59: 90.828 | O59: 11.589 | AJ59: 1443348 | AK59: 120009 | AL59: 1503074 | AM59: 136022 | AN59: =AJ59*42/1000 -> 60620.616 | AO59: =AK59*42/1000 -> 5040.378 | AP59: =AL59*42/1000 -> 63129.108 | AQ59: =AM59*42/1000 -> 5712.924
A60: 2006 | B60: 32.396 | C60: 0.441 | D60: =(G60/F60)*C60/1000 -> 5.626981e-05 | E60: 5962.838 | F60: 250.439 | G60: 31.955 | H60: 1105.315 | I60: 855.62 | J60: 249.695 | K60: Not Available | L60: Not Available | M60: 6212.534 | N60: 260.926 | O60: 33.293 | AJ60: 1474741 | AK60: 133126 | AL60: 1521731 | AM60: 143651 | AN60: =AJ60*42/1000 -> 61939.122 | AO60: =AK60*42/1000 -> 5591.292 | AP60: =AL60*42/1000 -> 63912.702 | AQ60: =AM60*42/1000 -> 6033.342
A61: 2007 | B61: 63.362 | C61: 0.863 | D61: =(G61/F61)*C61/1000 -> 0.0001101141 | E61: 11662.499 | F61: 489.825 | G61: 62.499 | H61: 3454.964 | I61: 6695.843 | J61: -3240.879 | K61: Not Available | L61: Not Available | M61: 8421.62 | N61: 353.708 | O61: 45.131 | AJ61: 1508530 | AK61: 110997 | AL61: 1531508 | AM61: 133944 | AN61: =AJ61*42/1000 -> 63358.26 | AO61: =AK61*42/1000 -> 4661.874 | AP61: =AL61*42/1000 -> 64323.336 | AQ61: =AM61*42/1000 -> 5625.648
A62: 2008 | B62: 87.718 | C62: 1.195 | D62: =(G62/F62)*C62/1000 -> 0.00015247614 | E62: 16145.382 | F62: 678.106 | G62: 86.523 | H62: 7755.03 | I62: 16672.9 | J62: -8917.869 | K62: Not Available | L62: Not Available | M62: 7227.513 | N62: 303.556 | O62: 38.732 | AJ62: 1571539 | AK62: 77930 | AL62: 1444024 | AM62: 146013 | AN62: =AJ62*42/1000 -> 66004.638 | AO62: =AK62*42/1000 -> 3273.06 | AP62: =AL62*42/1000 -> 60649.008 | AQ62: =AM62*42/1000 -> 6132.546
A63: 2009 | B63: 66.723 | C63: 0.909 | D63: =(G63/F63)*C63/1000 -> 0.00011598361 | E63: 12281.071 | F63: 515.805 | G63: 65.814 | H63: 1905.877 | I63: 6546.089 | J63: -4640.212 | K63: 711 | L63: 711 | M63: 7662.667 | N63: 321.832 | O63: 41.064 | AJ63: 1477534 | AK63: 82172 | AL63: 1325344 | AM63: 165964 | AN63: =AJ63*42/1000 -> 62056.428 | AO63: =AK63*42/1000 -> 3451.224 | AP63: =AL63*42/1000 -> 55664.448 | AQ63: =AM63*42/1000 -> 6970.488
A64: 2010 | B64: 44.427 | C64: 0.605 | D64: =(G64/F64)*C64/1000 -> 7.7195213e-05 | E64: 8177.264 | F64: 343.445 | G64: 43.822 | H64: 563.956 | I64: 2587.966 | J64: -2024.009 | K64: 672 | L64: -39 | M64: 6192.255 | N64: 260.075 | O64: 33.184 | AJ64: 1541503 | AK64: 83379 | AL64: 1387115 | AM64: 164306 | AN64: =AJ64*42/1000 -> 64743.126 | AO64: =AK64*42/1000 -> 3501.918 | AP64: =AL64*42/1000 -> 58258.83 | AQ64: =AM64*42/1000 -> 6900.852
A65: 2011 | B65: 125.151 | C65: 1.705 | D65: =(G65/F65)*C65/1000 -> 0.00021754994 | E65: 23035.269 | F65: 967.481 | G65: 123.446 | H65: 890.373 | I65: 1798.618 | J65: -908.245 | K65: 2004.622 | L65: 1027.721 | M65: 21099.303 | N65: 886.171 | O65: 113.071 | P65: 1477.174 | Q65: 62.041 | R65: 8.116 | T65: 7 | U65: 7 | V65: 1470.174 | W65: 61.747 | X65: 8.077 | AJ65: 1639606 | AK65: 65234 | AL65: 1423082 | AM65: 149212 | AN65: =AJ65*42/1000 -> 68863.452 | AO65: =AK65*42/1000 -> 2739.828 | AP65: =AL65*42/1000 -> 59769.444 | AQ65: =AM65*42/1000 -> 6266.904
A66: 2012 | B66: 128.156 | C66: 1.746 | D66: =(G66/F66)*C66/1000 -> 0.00022278128 | E66: 23588.36 | F66: 990.711 | G66: 126.41 | H66: 853 | I66: 3055.762 | J66: -2202.762 | K66: 1984.356 | L66: -20.266 | M66: 21405.864 | N66: 899.046 | O66: 114.714 | P66: 1247.645 | Q66: 52.401 | R66: 6.855 | S66: 605 | T66: 94 | U66: 87 | V66: 1765.645 | W66: 74.157 | X66: 9.7 | AJ66: 1665256 | AK66: 46179 | AL66: 1369358 | AM66: 134809 | AN66: =AJ66*42/1000 -> 69940.752 | AO66: =AK66*42/1000 -> 1939.518 | AP66: =AL66*42/1000 -> 57513.036 | AQ66: =AM66*42/1000 -> 5661.978
A67: 2013 | B67: 175.855 | C67: 2.395 | D67: =(G67/F67)*C67/1000 -> 0.0003055904 | E67: 32368.005 | F67: 1359.456 | G67: 173.46 | H67: 8152 | I67: 4674.657 | J67: 3477.343 | K67: 3809.709 | L67: 1825.354 | M67: 34019.994 | N67: 1428.84 | O67: 182.313 | P67: 2697.282 | Q67: 113.286 | R67: 14.819 | S67: 4921 | T67: 691 | U67: 597 | V67: 7021.282 | W67: 294.894 | X67: 38.575 | AJ67: 1727493 | AK67: 56465 | AL67: 1397025 | AM67: 127543 | AN67: =AJ67*42/1000 -> 72554.706 | AO67: =AK67*42/1000 -> 2371.53 | AP67: =AL67*42/1000 -> 58675.05 | AQ67: =AM67*42/1000 -> 5356.806
A68: 2014 | B68: 165.445 | C68: 2.253 | D68: =(G68/F68)*C68/1000 -> 0.00028747272 | E68: 30451.874 | F68: 1278.979 | G68: 163.192 | H68: 4578 | I68: 1974.269 | J68: 2603.731 | K68: 3130.619 | L68: -679.091 | M68: 33734.696 | N68: 1416.857 | O68: 180.784 | P68: 3789.076 | Q68: 159.141 | R68: 20.817 | S68: 2873 | T68: 350 | U68: -341 | V68: 7003.076 | W68: 294.129 | X68: 38.475 | AA68: 290.47 | AB68: 12.2 | AC68: 1.557 | AE68: 7 | AF68: 2 | AG68: 288.47 | AH68: 12.116 | AI68: 1.546 | AJ68: 1794433 | AK68: 71050 | AL68: 1473595 | AM68: 136286 | AN68: =AJ68*42/1000 -> 75366.186 | AO68: =AK68*42/1000 -> 2984.1 | AP68: =AL68*42/1000 -> 61890.99 | AQ68: =AM68*42/1000 -> 5724.012
A69: 2015 | B69: 163.423 | C69: 2.226 | D69: =(G69/F69)*C69/1000 -> 0.00028402689 | E69: 30079.688 | F69: 1263.347 | G69: 161.197 | H69: 8399 | I69: 2090.757 | J69: 6308.243 | K69: 3943.299 | L69: 812.681 | M69: 35575.25 | N69: 1494.161 | O69: 190.648 | P69: 4210.658 | Q69: 176.848 | R69: 23.133 | S69: 4874 | T69: 634 | U69: 284 | V69: 8800.658 | W69: 369.628 | X69: 48.351 | AA69: 393.374 | AB69: 16.522 | AC69: 2.108 | AE69: 4 | AF69: -3 | AG69: 396.374 | AH69: 16.648 | AI69: 2.124 | AJ69: 1818780 | AK69: 73178 | AL69: 1458262 | AM69: 161326 | AN69: =AJ69*42/1000 -> 76388.76 | AO69: =AK69*42/1000 -> 3073.476 | AP69: =AL69*42/1000 -> 61247.004 | AQ69: =AM69*42/1000 -> 6775.692
A70: 2016 | B70: 202.797 | C70: 2.762 | D70: =(G70/F70)*C70/1000 -> 0.00035241825 | E70: 37326.894 | F70: 1567.73 | G70: 200.035 | H70: 16879 | I70: 2098.187 | J70: 14780.813 | K70: 6397.74 | L70: 2454.44 | M70: 49653.267 | N70: 2085.437 | O70: 266.092 | P70: 5749.701 | Q70: 241.487 | R70: 31.589 | S70: 5304 | T70: 1315 | U70: 681 | V70: 10372.701 | W70: 435.653 | X70: 56.988 | AA70: 503.469 | AB70: 21.146 | AC70: 2.698 | AE70: 43 | AF70: 39 | AG70: 464.469 | AH70: 19.508 | AI70: 2.489 | AJ70: 1769335 | AK70: 53642 | AL70: 1419074 | AM70: 166095 | AN70: =AJ70*42/1000 -> 74312.07 | AO70: =AK70*42/1000 -> 2252.964 | AP70: =AL70*42/1000 -> 59601.108 | AQ70: =AM70*42/1000 -> 6975.99
A71: 2017 | B71: 206.416 | C71: 2.811 | D71: =(G71/F71)*C71/1000 -> 0.00035867044 | E71: 37993.065 | F71: 1595.709 | G71: 203.605 | H71: 9374 | I71: 2228.249 | J71: 7145.751 | K71: 4267.949 | L71: -2129.793 | M71: 47268.609 | N71: 1985.282 | O71: 253.312 | P71: 6151.003 | Q71: 258.342 | R71: 33.794 | S71: 4509 | T71: 753 | U71: -562 | V71: 11222.003 | W71: 471.324 | X71: 61.654 | AA71: 570.324 | AB71: 23.954 | AC71: 3.056 | AE71: 28 | AF71: -15 | AG71: 585.324 | AH71: 24.584 | AI71: 3.137 | AJ71: 1833879 | AK71: 54975 | AL71: 1435249 | AM71: 145638 | AN71: =AJ71*42/1000 -> 77022.918 | AO71: =AK71*42/1000 -> 2308.95 | AP71: =AL71*42/1000 -> 60280.458 | AQ71: =AM71*42/1000 -> 6116.796
A72: 2018 | B72: 240.257 | C72: 3.272 | D72: =(G72/F72)*C72/1000 -> 0.00041749151 | E72: 44221.87 | F72: 1857.319 | G72: 236.985 | H72: 3969 | I72: 2470.295 | J72: 1498.705 | K72: 4662.217 | L72: 394.266 | M72: 45326.309 | N72: 1903.705 | O72: 242.904 | P72: 7273.439 | Q72: 305.484 | R72: 39.96 | S72: 4124 | T72: 1727 | U72: 974 | V72: 10423.439 | W72: 437.784 | X72: 57.266 | AA72: 610.959 | AB72: 25.66 | AC72: 3.274 | AE72: 54 | AF72: 26 | AG72: 584.959 | AH72: 24.568 | AI72: 3.135 | AJ72: 1886341 | AK72: 63769 | AL72: 1513227 | AM72: 140162 | AN72: =AJ72*42/1000 -> 79226.322 | AO72: =AK72*42/1000 -> 2678.298 | AP72: =AL72*42/1000 -> 63555.534 | AQ72: =AM72*42/1000 -> 5886.804
A73: 2019 | B73: 223.077 | C73: 3.038 | D73: =(G73/F73)*C73/1000 -> 0.00038763454 | E73: 41059.68 | F73: 1724.507 | G73: 220.039 | H73: 4078 | I73: 2730.357 | J73: 1347.643 | K73: 3906.621 | L73: -755.596 | M73: 43162.919 | N73: 1812.843 | O73: 231.31 | P73: 11714.559 | Q73: 492.011 | R73: 64.36 | S73: 6143 | T73: 1491 | U73: -236 | V73: 18093.559 | W73: 759.929 | X73: 99.406 | AA73: 791.153 | AB73: 33.228 | AC73: 4.24 | AE73: 50 | AF73: -4 | AG73: 795.153 | AH73: 33.396 | AI73: 4.261 | AJ73: 1875015 | AK73: 73886 | AL73: 1497761 | AM73: 140083 | AN73: =AJ73*42/1000 -> 78750.63 | AO73: =AK73*42/1000 -> 3103.212 | AP73: =AL73*42/1000 -> 62905.962 | AQ73: =AM73*42/1000 -> 5883.486
A74: 2020 | B74: 234.744 | C74: 3.197 | D74: =(G74/F74)*C74/1000 -> 0.00040792229 | E74: 43207.097 | F74: 1814.698 | G74: 231.547 | H74: 4684 | I74: 3457.503 | J74: 1226.497 | K74: 3665.385 | L74: -241.235 | M74: 44674.829 | N74: 1876.343 | O74: 239.412 | P74: 12702.251 | Q74: 533.495 | R74: 69.786 | S74: 6658 | T74: 1287 | U74: -204 | V74: 19564.251 | W74: 821.699 | X74: 107.486 | AA74: 761.175 | AB74: 31.969 | AC74: 4.079 | AE74: 27 | AF74: -23 | AG74: 784.175 | AH74: 32.935 | AI74: 4.202 | AJ74: 1733958 | AK74: 79789 | AL74: 1385590 | AM74: 161188 | AN74: =AJ74*42/1000 -> 72826.236 | AO74: =AK74*42/1000 -> 3351.138 | AP74: =AL74*42/1000 -> 58194.78 | AQ74: =AM74*42/1000 -> 6769.896
A75: 2021 | B75: 221.049 | C75: 3.011 | D75: =(G75/F75)*C75/1000 -> 0.00038418916 | E75: 40686.325 | F75: 1708.826 | G75: 218.038 | H75: 5005 | I75: 4452.456 | J75: 552.544 | K75: 4187.499 | L75: 522.113 | M75: 40716.756 | N75: 1710.104 | O75: 218.201 | P75: 20502.879 | Q75: 861.121 | R75: 112.643 | S75: 9340 | T75: 2352.752 | U75: 1065.753 | V75: 28777.126 | W75: 1208.639 | X75: 158.102 | AA75: 1913.988 | AB75: 80.387 | AC75: 10.257 | AD75: 27 | AE75: 82.546 | AF75: 55.545 | AG75: 1885.443 | AH75: 79.189 | AI75: 10.104 | AJ75: 1703688 | AK75: 105262 | AL75: 1449807 | AM75: 130039 | AN75: =AJ75*42/1000 -> 71554.896 | AO75: =AK75*42/1000 -> 4421.004 | AP75: =AL75*42/1000 -> 60891.894 | AQ75: =AM75*42/1000 -> 5461.638
A76: 2022 | B76: 209.821 | C76: 2.858 | D76: =(G76/F76)*C76/1000 -> 0.0003646671 | E76: 38619.726 | F76: 1622.028 | G76: 206.963 | H76: 5950 | I76: 5671.095 | J76: 278.905 | K76: 3607.851 | L76: -579.648 | M76: 39478.279 | N76: 1658.088 | O76: 211.564 | P76: 35691.785 | Q76: 1499.055 | R76: 196.091 | S76: 6254 | T76: 3405.459 | U76: 1052.708 | V76: 40893.077 | W76: 1717.509 | X76: 224.667 | AA76: 4841.307 | AB76: 203.335 | AC76: 25.945 | AD76: 114 | AE76: 282.253 | AF76: 199.707 | AG76: 4755.6 | AH76: 199.735 | AI76: 25.485 | AJ76: 1828961 | AK76: 68628 | AL76: 1469334 | AM76: 118899 | AN76: =AJ76*42/1000 -> 76816.362 | AO76: =AK76*42/1000 -> 2882.376 | AP76: =AL76*42/1000 -> 61712.028 | AQ76: =AM76*42/1000 -> 4993.758
A77: 2023 | B77: 219.751 | C77: 2.993 | D77: =(G77/F77)*C77/1000 -> 0.00038189273 | E77: 40447.452 | F77: 1698.793 | G77: 216.758 | H77: 11929 | I77: 5980.332 | J77: 5948.668 | K77: 3827.474 | L77: 228.025 | M77: 46168.095 | N77: 1939.06 | O77: 247.415 | P77: 61743.843 | Q77: 2593.241 | R77: 339.221 | S77: 8622 | T77: 5477.77 | U77: 2072.312 | V77: 68293.531 | W77: 2868.328 | X77: 375.205 | AA77: 6888.263 | AB77: 289.307 | AC77: 36.914 | AD77: 112 | AE77: 304.726 | AF77: 22.473 | AG77: 6977.79 | AH77: 293.067 | AI77: 37.394 | AJ77: 1790989 | AK77: 61271 | AL77: 1435530 | AM77: 130713 | AN77: =AJ77*42/1000 -> 75221.538 | AO77: =AK77*42/1000 -> 2573.382 | AP77: =AL77*42/1000 -> 60292.26 | AQ77: =AM77*42/1000 -> 5489.946

Sheet Monthly Data
C1: Biodiesel Feedstock | D1: Biodiesel Losses and Co-products | E1: Biodiesel Production | F1: Biodiesel Production | G1: Biodiesel Production | H1: Biodiesel Imports | I1: Biodiesel Exports | J1: Biodiesel Net Imports | K1: Biodiesel Stocks | L1: Biodiesel Stock Change | M1: Biodiesel Consumption | N1: Biodiesel Consumption | O1: Biodiesel Consumption | P1: Renewable Diesel Fuel Production | Q1: Renewable Diesel Fuel Production | R1: Renewable Diesel Fuel Production | S1: Renewable Diesel Fuel Imports | T1: Renewable Diesel Fuel Exports | U1: Renewable Diesel Fuel Stocks | V1: Renewable Diesel Fuel Stock Change | W1: Renewable Diesel Fuel Consumption | X1: Renewable Diesel Fuel Consumption | Y1: Renewable Diesel Fuel Consumption | Z1: Renewable Diesel Fuel Consumption | AA1: Other Biofuels Feedstock | AB1: Other Biofuels Losses and Co-products | AC1: Other Biofuels Production | AD1: Other Biofuels Production | AE1: Other Biofuels Production | AF1: Other Biofuels Imports | AG1: Other Biofuels Stocks | AH1: Other Biofuels Stock Change | AI1: Other Biofuels Consumption | AJ1: Other Biofuels Consumption | AK1: Other Biofuels Consumption | AL1: U.S. Refinery and Blender Net Production of Distillate Fuel Oil (Th Bbls) | AM1: U.S. Product Supplied of Distillate Fuel Oil (Th Bbls) | AN1: U.S. Imports of Distillate Fuel Oil (Th Bbls) | AO1: U.S. Ending Stocks of Distillate Fuel Oil (Th Bbls) | AP1: U.S. Exports of Distillate Fuel Oil Thousand Barrels | AQ1: U.S. Refinery Net Production of Distillate Fuel Oil 0 to 15 ppm Sulfur Thousand Barrels | AR1: Diesel Consumption | AS1: Distillate Fuel Refinery Output | AT1: Distillate Fuel Oil Stocks | AU1: Distillate Fuel Imports | AV1: Distillate Fuel Exports | AW1: Distillate Fuel U.S. Refinery and Blender Net Production | AX1: Distillate Fuel Oil Product Supplied | AY1: U.S. Refinery Net Production of Distillate Fuel Oil 0 to 15 ppm Sulfur Thousand Barrels | AZ1: U.S. Refinery and Blender Net Production of Kerosene-Type Jet Fuel (th bbls) | BA1: U.S. Product Supplied of Kerosene-Type Jet Fuel (th bbls) | BB1: U.S. Ending Stocks of Kerosene-Type Jet Fuel (th bbls) | BC1: U.S. Imports of Kerosene-Type Jet Fuel (th bbls) | BD1: U.S. Exports of Kerosene-Type Jet Fuel (th bbls) | BE1: Biodiesel Exports GTT Code 3826 | BF1: Biodiesel Imports GTT Code 3826 | BG1: Petroleum-based distillate fuel oil consumption | BH1: Jet Fuel Consumption | BI1: West Texas Intermediate Crude Oil Spot Price $/bbl | BJ1: No. 2 Diesel Fuel Wholesale Price $/gal | BK1: Jet Fuel Wholesale Price $/gal | BL1: Gasoline Wholesale Price $/gal
C2: (Trillion Btu) | D2: (Trillion Btu) | E2: (Thousand Barrels) | F2: (Million Gallons) | G2: (Trillion Btu) | H2: (Thousand Barrels) | I2: (Thousand Barrels) | J2: (Thousand Barrels) | K2: (Thousand Barrels) | L2: (Thousand Barrels) | M2: (Thousand Barrels) | N2: (Million Gallons) | O2: (Trillion Btu) | P2: (Thousand Barrels) | Q2: (Million Gallons) | R2: (Trillion Btu) | S2: (Thousand Barrels) | T2: (Thousand Barrels) | U2: (Thousand Barrels) | V2: (Thousand Barrels) | W2: (Thousand Barrels) | X2: (Million Gallons) | Y2: (Trillion Btu) | Z2: (Trillion Btu) | AA2: (Trillion Btu) | AB2: (Trillion Btu) | AC2: (Thousand Barrels) | AD2: (Million Gallons) | AE2: (Trillion Btu) | AF2: (Thousand Barrels) | AG2: (Thousand Barrels) | AH2: (Thousand Barrels) | AI2: (Thousand Barrels) | AJ2: (Million Gallons) | AK2: (Trillion Btu) | AL2: https://www.eia.gov/dnav/pet/hist/LeafHandler.ashx?n=PET&s=MDIRPUS1&f=M | AM2: https://www.eia.gov/dnav/pet/hist/LeafHandler.ashx?n=PET&s=MDIUPUS1&f=M | AN2: https://www.eia.gov/dnav/pet/hist/LeafHandler.ashx?n=PET&s=MDIIMUS1&f=M | AO2: https://www.eia.gov/dnav/pet/hist/LeafHandler.ashx?n=pet&s=mdistus1&f=m | AP2: https://www.eia.gov/dnav/pet/hist/LeafHandler.ashx?n=PET&s=MDIEXUS1&f=M | AQ2: https://www.eia.gov/dnav/pet/hist/LeafHandler.ashx?n=PET&s=MD0RX_NUS_1&f=M | AR2: (million gallons) | AS2: (million gallons) | AT2: (million gallons) | AU2: (million gallons) | AV2: (million gallons) | AW2: (million gallons) | AX2: (Million Gallons) | AY2: (Million Gallons) | AZ2: https://www.eia.gov/dnav/pet/hist/LeafHandler.ashx?n=PET&s=MKJRPUS1&f=M | BA2: https://www.eia.gov/dnav/pet/hist/LeafHandler.ashx?n=PET&s=MKJUPUS1&f=M | BB2: https://www.eia.gov/dnav/pet/hist/LeafHandler.ashx?n=PET&s=MKJSTUS1&f=M | BC2: https://www.eia.gov/dnav/pet/hist/LeafHandler.ashx?n=PET&s=MKJIMUS1&f=M | BD2: https://www.eia.gov/dnav/pet/hist/LeafHandler.ashx?n=PET&s=MKJEXUS1&f=M | BE2: tons | BF2: tons | BG2: STEO DFTCPUS_P million bbl/d | BH2: STEO JFTCPUS million bbl/d | BI2: STEO WTIPUUS | BJ2: STEO DSWHUUS_$ | BK2: STEO JKTCUUS_$ | BL2: STEO MGWHUUS_$
A3: 26665 | AA3: #N/A | AB3: #N/A | AC3: #N/A | AD3: #N/A | AE3: #N/A | AF3: #N/A | AG3: #N/A | AH3: #N/A | AI3: #N/A | AJ3: #N/A | AK3: #N/A | AL3: 93862 | AM3: 128286 | AN3: 11289 | AO3: 130993 | AP3: 332 | AT3: =AO3*42/1000 -> 5501.706 | AU3: =AN3*42/1000 -> 474.138 | AV3: =AP3*42/1000 -> 13.944 | AW3: =AL3*42/1000 -> 3942.204 | AX3: =AM3*42/1000 -> 5388.012 | AY3: =AP3*42/1000 -> 13.944 | BB3: 18861
A4: 26696 | AA4: #N/A | AB4: #N/A | AC4: #N/A | AD4: #N/A | AE4: #N/A | AF4: #N/A | AG4: #N/A | AH4: #N/A | AI4: #N/A | AJ4: #N/A | AK4: #N/A | AL4: 82242 | AM4: 120447 | AN4: 20474 | AO4: 113310 | AP4: 67 | AT4: =AO4*42/1000 -> 4759.02 | AU4: =AN4*42/1000 -> 859.908 | AV4: =AP4*42/1000 -> 2.814 | AW4: =AL4*42/1000 -> 3454.164 | AX4: =AM4*42/1000 -> 5058.774 | AY4: =AP4*42/1000 -> 2.814 | BB4: 19951
A5: 26724 | AA5: #N/A | AB5: #N/A | AC5: #N/A | AD5: #N/A | AE5: #N/A | AF5: #N/A | AG5: #N/A | AH5: #N/A | AI5: #N/A | AJ5: #N/A | AK5: #N/A | AL5: 82679 | AM5: 103451 | AN5: 18672 | AO5: 111299 | AP5: 72 | AT5: =AO5*42/1000 -> 4674.558 | AU5: =AN5*42/1000 -> 784.224 | AV5: =AP5*42/1000 -> 3.024 | AW5: =AL5*42/1000 -> 3472.518 | AX5: =AM5*42/1000 -> 4344.942 | AY5: =AP5*42/1000 -> 3.024 | BB5: 21686
A6: 26755 | AA6: #N/A | AB6: #N/A | AC6: #N/A | AD6: #N/A | AE6: #N/A | AF6: #N/A | AG6: #N/A | AH6: #N/A | AI6: #N/A | AJ6: #N/A | AK6: #N/A | AL6: 75306 | AM6: 79037 | AN6: 7207 | AO6: 114723 | AP6: 197 | AT6: =AO6*42/1000 -> 4818.366 | AU6: =AN6*42/1000 -> 302.694 | AV6: =AP6*42/1000 -> 8.274 | AW6: =AL6*42/1000 -> 3162.852 | AX6: =AM6*42/1000 -> 3319.554 | AY6: =AP6*42/1000 -> 8.274 | BB6: 22672
A7: 26785 | AA7: #N/A | AB7: #N/A | AC7: #N/A | AD7: #N/A | AE7: #N/A | AF7: #N/A | AG7: #N/A | AH7: #N/A | AI7: #N/A | AJ7: #N/A | AK7: #N/A | AL7: 78860 | AM7: 82851 | AN7: 8301 | AO7: 119131 | AP7: 54 | AT7: =AO7*42/1000 -> 5003.502 | AU7: =AN7*42/1000 -> 348.642 | AV7: =AP7*42/1000 -> 2.268 | AW7: =AL7*42/1000 -> 3312.12 | AX7: =AM7*42/1000 -> 3479.742 | AY7: =AP7*42/1000 -> 2.268 | BB7: 20770
A8: 26816 | AA8: #N/A | AB8: #N/A | AC8: #N/A | AD8: #N/A | AE8: #N/A | AF8: #N/A | AG8: #N/A | AH8: #N/A | AI8: #N/A | AJ8: #N/A | AK8: #N/A | AL8: 84759 | AM8: 72560 | AN8: 6660 | AO8: 137869 | AP8: 253 | AT8: =AO8*42/1000 -> 5790.498 | AU8: =AN8*42/1000 -> 279.72 | AV8: =AP8*42/1000 -> 10.626 | AW8: =AL8*42/1000 -> 3559.878 | AX8: =AM8*42/1000 -> 3047.52 | AY8: =AP8*42/1000 -> 10.626 | BB8: 20844
A9: 26846 | AA9: #N/A | AB9: #N/A | AC9: #N/A | AD9: #N/A | AE9: #N/A | AF9: #N/A | AG9: #N/A | AH9: #N/A | AI9: #N/A | AJ9: #N/A | AK9: #N/A | AL9: 85299 | AM9: 72175 | AN9: 9870 | AO9: 160901 | AP9: 105 | AT9: =AO9*42/1000 -> 6757.842 | AU9: =AN9*42/1000 -> 414.54 | AV9: =AP9*42/1000 -> 4.41 | AW9: =AL9*42/1000 -> 3582.558 | AX9: =AM9*42/1000 -> 3031.35 | AY9: =AP9*42/1000 -> 4.41 | BB9: 21381
A10: 26877 | AA10: #N/A | AB10: #N/A | AC10: #N/A | AD10: #N/A | AE10: #N/A | AF10: #N/A | AG10: #N/A | AH10: #N/A | AI10: #N/A | AJ10: #N/A | AK10: #N/A | AL10: 86840 | AM10: 79208 | AN10: 8915 | AO10: 177304 | AP10: 264 | AT10: =AO10*42/1000 -> 7446.768 | AU10: =AN10*42/1000 -> 374.43 | AV10: =AP10*42/1000 -> 11.088 | AW10: =AL10*42/1000 -> 3647.28 | AX10: =AM10*42/1000 -> 3326.736 | AY10: =AP10*42/1000 -> 11.088 | BB10: 20583
A11: 26908 | AA11: #N/A | AB11: #N/A | AC11: #N/A | AD11: #N/A | AE11: #N/A | AF11: #N/A | AG11: #N/A | AH11: #N/A | AI11: #N/A | AJ11: #N/A | AK11: #N/A | AL11: 84379 | AM11: 80241 | AN11: 9399 | AO11: 190209 | AP11: 761 | AT11: =AO11*42/1000 -> 7988.778 | AU11: =AN11*42/1000 -> 394.758 | AV11: =AP11*42/1000 -> 31.962 | AW11: =AL11*42/1000 -> 3543.918 | AX11: =AM11*42/1000 -> 3370.122 | AY11: =AP11*42/1000 -> 31.962 | BB11: 20497
A12: 26938 | AA12: #N/A | AB12: #N/A | AC12: #N/A | AD12: #N/A | AE12: #N/A | AF12: #N/A | AG12: #N/A | AH12: #N/A | AI12: #N/A | AJ12: #N/A | AK12: #N/A | AL12: 90230 | AM12: 90834 | AN12: 13978 | AO12: 203000 | AP12: 721 | AT12: =AO12*42/1000 -> 8526 | AU12: =AN12*42/1000 -> 587.076 | AV12: =AP12*42/1000 -> 30.282 | AW12: =AL12*42/1000 -> 3789.66 | AX12: =AM12*42/1000 -> 3815.028 | AY12: =AP12*42/1000 -> 30.282 | BB12: 21335
A13: 26969 | AA13: #N/A | AB13: #N/A | AC13: #N/A | AD13: #N/A | AE13: #N/A | AF13: #N/A | AG13: #N/A | AH13: #N/A | AI13: #N/A | AJ13: #N/A | AK13: #N/A | AL13: 87672 | AM13: 105230 | AN13: 14769 | AO13: 200218 | AP13: 97 | AT13: =AO13*42/1000 -> 8409.156 | AU13: =AN13*42/1000 -> 620.298 | AV13: =AP13*42/1000 -> 4.074 | AW13: =AL13*42/1000 -> 3682.224 | AX13: =AM13*42/1000 -> 4419.66 | AY13: =AP13*42/1000 -> 4.074 | BB13: 23600
A14: 26999 | AA14: #N/A | AB14: #N/A | AC14: #N/A | AD14: #N/A | AE14: #N/A | AF14: #N/A | AG14: #N/A | AH14: #N/A | AI14: #N/A | AJ14: #N/A | AK14: #N/A | AL14: 97215 | AM14: 114394 | AN14: 13615 | AO14: 196461 | AP14: 308 | AT14: =AO14*42/1000 -> 8251.362 | AU14: =AN14*42/1000 -> 571.83 | AV14: =AP14*42/1000 -> 12.936 | AW14: =AL14*42/1000 -> 4083.03 | AX14: =AM14*42/1000 -> 4804.548 | AY14: =AP14*42/1000 -> 12.936 | BB14: 22945
... A98: 29556 | AA98: #N/A | AB98: #N/A | AC98: #N/A | AD98: #N/A | AE98: #N/A | AF98: #N/A | AG98: #N/A | AH98: #N/A | AI98: #N/A | AJ98: #N/A | AK98: #N/A | AL98: 89615 | AM98: 112067 | AN98: 5159 | AO98: 205113 | AP98: 2 | AT98: =AO98*42/1000 -> 8614.746 | AU98: =AN98*42/1000 -> 216.678 | AV98: =AP98*42/1000 -> 0.084 | AW98: =AL98*42/1000 -> 3763.83 | AX98: =AM98*42/1000 -> 4706.814 | AY98: =AP98*42/1000 -> 0.084 | BB98: 35723
A99: 29587 | AA99: #N/A | AB99: #N/A | AC99: #N/A | AD99: #N/A | AE99: #N/A | AF99: #N/A | AG99: #N/A | AH99: #N/A | AI99: #N/A | AJ99: #N/A | AK99: #N/A | AL99: 92634 | AM99: 127383 | AN99: 8475 | AO99: 179439 | AP99: 5 | AT99: =AO99*42/1000 -> 7536.438 | AU99: =AN99*42/1000 -> 355.95 | AV99: =AP99*42/1000 -> 0.21 | AW99: =AL99*42/1000 -> 3890.628 | AX99: =AM99*42/1000 -> 5350.086 | AY99: =AP99*42/1000 -> 0.21 | AZ99: 24536 | BA99: 27538 | BB99: 33348 | BC99: 454 | BD99: 28
A100: 29618 | AA100: #N/A | AB100: #N/A | AC100: #N/A | AD100: #N/A | AE100: #N/A | AF100: #N/A | AG100: #N/A | AH100: #N/A | AI100: #N/A | AJ100: #N/A | AK100: #N/A | AL100: 78635 | AM100: 94456 | AN100: 9090 | AO100: 172562 | AP100: 465 | AT100: =AO100*42/1000 -> 7247.604 | AU100: =AN100*42/1000 -> 381.78 | AV100: =AP100*42/1000 -> 19.53 | AW100: =AL100*42/1000 -> 3302.67 | AX100: =AM100*42/1000 -> 3967.152 | AY100: =AP100*42/1000 -> 19.53 | AZ100: 21728 | BA100: 23231 | BB100: 32703 | BC100: 879 | BD100: 21
A101: 29646 | AA101: #N/A | AB101: #N/A | AC101: #N/A | AD101: #N/A | AE101: #N/A | AF101: #N/A | AG101: #N/A | AH101: #N/A | AI101: #N/A | AJ101: #N/A | AK101: #N/A | AL101: 76981 | AM101: 90027 | AN101: 4567 | AO101: 164372 | AP101: 6 | AT101: =AO101*42/1000 -> 6903.624 | AU101: =AN101*42/1000 -> 191.814 | AV101: =AP101*42/1000 -> 0.252 | AW101: =AL101*42/1000 -> 3233.202 | AX101: =AM101*42/1000 -> 3781.134 | AY101: =AP101*42/1000 -> 0.252 | AZ101: 24976 | BA101: 26032 | BB101: 33270 | BC101: 1633 | BD101: 10
A102: 29677 | AA102: #N/A | AB102: #N/A | AC102: #N/A | AD102: #N/A | AE102: #N/A | AF102: #N/A | AG102: #N/A | AH102: #N/A | AI102: #N/A | AJ102: #N/A | AK102: #N/A | AL102: 72535 | AM102: 75951 | AN102: 3483 | AO102: 164647 | AP102: 101 | AT102: =AO102*42/1000 -> 6915.174 | AU102: =AN102*42/1000 -> 146.286 | AV102: =AP102*42/1000 -> 4.242 | AW102: =AL102*42/1000 -> 3046.47 | AX102: =AM102*42/1000 -> 3189.942 | AY102: =AP102*42/1000 -> 4.242 | AZ102: 23676 | BA102: 23403 | BB102: 34874 | BC102: 1349 | BD102: 18
A103: 29707 | AA103: #N/A | AB103: #N/A | AC103: #N/A | AD103: #N/A | AE103: #N/A | AF103: #N/A | AG103: #N/A | AH103: #N/A | AI103: #N/A | AJ103: #N/A | AK103: #N/A | AL103: 76053 | AM103: 74733 | AN103: 5542 | AO103: 171837 | AP103: 3 | AT103: =AO103*42/1000 -> 7217.154 | AU103: =AN103*42/1000 -> 232.764 | AV103: =AP103*42/1000 -> 0.126 | AW103: =AL103*42/1000 -> 3194.226 | AX103: =AM103*42/1000 -> 3138.786 | AY103: =AP103*42/1000 -> 0.126 | AZ103: 25039 | BA103: 22130 | BB103: 38787 | BC103: 1020 | BD103: 16
A104: 29738 | AA104: #N/A | AB104: #N/A | AC104: #N/A | AD104: #N/A | AE104: #N/A | AF104: #N/A | AG104: #N/A | AH104: #N/A | AI104: #N/A | AJ104: #N/A | AK104: #N/A | AL104: 75014 | AM104: 73930 | AN104: 6746 | AO104: 179945 | AP104: 15 | AT104: =AO104*42/1000 -> 7557.69 | AU104: =AN104*42/1000 -> 283.332 | AV104: =AP104*42/1000 -> 0.63 | AW104: =AL104*42/1000 -> 3150.588 | AX104: =AM104*42/1000 -> 3105.06 | AY104: =AP104*42/1000 -> 0.63 | AZ104: 23591 | BA104: 25138 | BB104: 38823 | BC104: 1596 | BD104: 12
A105: 29768 | AA105: #N/A | AB105: #N/A | AC105: #N/A | AD105: #N/A | AE105: #N/A | AF105: #N/A | AG105: #N/A | AH105: #N/A | AI105: #N/A | AJ105: #N/A | AK105: #N/A | AL105: 74227 | AM105: 73708 | AN105: 5539 | AO105: 186264 | AP105: 72 | AT105: =AO105*42/1000 -> 7823.088 | AU105: =AN105*42/1000 -> 232.638 | AV105: =AP105*42/1000 -> 3.024 | AW105: =AL105*42/1000 -> 3117.534 | AX105: =AM105*42/1000 -> 3095.736 | AY105: =AP105*42/1000 -> 3.024 | AZ105: 25523 | BA105: 26197 | BB105: 38770 | BC105: 641 | BD105: 19
A106: 29799 | AA106: #N/A | AB106: #N/A | AC106: #N/A | AD106: #N/A | AE106: #N/A | AF106: #N/A | AG106: #N/A | AH106: #N/A | AI106: #N/A | AJ106: #N/A | AK106: #N/A | AL106: 82316 | AM106: 74019 | AN106: 5400 | AO106: 200224 | AP106: 7 | AT106: =AO106*42/1000 -> 8409.408 | AU106: =AN106*42/1000 -> 226.8 | AV106: =AP106*42/1000 -> 0.294 | AW106: =AL106*42/1000 -> 3457.272 | AX106: =AM106*42/1000 -> 3108.798 | AY106: =AP106*42/1000 -> 0.294 | AZ106: 23458 | BA106: 25711 | BB106: 37854 | BC106: 1359 | BD106: 22
A107: 29830 | AA107: #N/A | AB107: #N/A | AC107: #N/A | AD107: #N/A | AE107: #N/A | AF107: #N/A | AG107: #N/A | AH107: #N/A | AI107: #N/A | AJ107: #N/A | AK107: #N/A | AL107: 78306 | AM107: 75378 | AN107: 3872 | AO107: 207287 | AP107: 32 | AT107: =AO107*42/1000 -> 8706.054 | AU107: =AN107*42/1000 -> 162.624 | AV107: =AP107*42/1000 -> 1.344 | AW107: =AL107*42/1000 -> 3288.852 | AX107: =AM107*42/1000 -> 3165.876 | AY107: =AP107*42/1000 -> 1.344 | AZ107: 21949 | BA107: 24103 | BB107: 37046 | BC107: 1366 | BD107: 20
A108: 29860 | AA108: #N/A | AB108: #N/A | AC108: #N/A | AD108: #N/A | AE108: #N/A | AF108: #N/A | AG108: #N/A | AH108: #N/A | AI108: #N/A | AJ108: #N/A | AK108: #N/A | AL108: 77020 | AM108: 86900 | AN108: 3678 | AO108: 201189 | AP108: 167 | AT108: =AO108*42/1000 -> 8449.938 | AU108: =AN108*42/1000 -> 154.476 | AV108: =AP108*42/1000 -> 7.014 | AW108: =AL108*42/1000 -> 3234.84 | AX108: =AM108*42/1000 -> 3649.8 | AY108: =AP108*42/1000 -> 7.014 | AZ108: 22107 | BA108: 23515 | BB108: 36059 | BC108: 435 | BD108: 14
A109: 29891 | AA109: #N/A | AB109: #N/A | AC109: #N/A | AD109: #N/A | AE109: #N/A | AF109: #N/A | AG109: #N/A | AH109: #N/A | AI109: #N/A | AJ109: #N/A | AK109: #N/A | AL109: 81463 | AM109: 86413 | AN109: 3734 | AO109: 200115 | AP109: 193 | AT109: =AO109*42/1000 -> 8404.83 | AU109: =AN109*42/1000 -> 156.828 | AV109: =AP109*42/1000 -> 8.106 | AW109: =AL109*42/1000 -> 3421.446 | AX109: =AM109*42/1000 -> 3629.346 | AY109: =AP109*42/1000 -> 8.106 | AZ109: 22554 | BA109: 23601 | BB109: 35261 | BC109: 272 | BD109: 23
A110: 29921 | AA110: #N/A | AB110: #N/A | AC110: #N/A | AD110: #N/A | AE110: #N/A | AF110: #N/A | AG110: #N/A | AH110: #N/A | AI110: #N/A | AJ110: #N/A | AK110: #N/A | AL110: 88548 | AM110: 99578 | AN110: 2944 | AO110: 191541 | AP110: 820 | AT110: =AO110*42/1000 -> 8044.722 | AU110: =AN110*42/1000 -> 123.648 | AV110: =AP110*42/1000 -> 34.44 | AW110: =AL110*42/1000 -> 3719.016 | AX110: =AM110*42/1000 -> 4182.276 | AY110: =AP110*42/1000 -> 34.44 | AZ110: 23650 | BA110: 24859 | BB110: 34011 | BC110: 180 | BD110: 222
... A315: 36161 | AA315: #N/A | AB315: #N/A | AC315: #N/A | AD315: #N/A | AE315: #N/A | AF315: #N/A | AG315: #N/A | AH315: #N/A | AI315: #N/A | AJ315: #N/A | AK315: #N/A | AL315: 98453 | AM315: 117434 | AN315: 9409 | AO315: 142861 | AP315: 3642 | AT315: =AO315*42/1000 -> 6000.162 | AU315: =AN315*42/1000 -> 395.178 | AV315: =AP315*42/1000 -> 152.964 | AW315: =AL315*42/1000 -> 4135.026 | AX315: =AM315*42/1000 -> 4932.228 | AY315: =AP315*42/1000 -> 152.964 | AZ315: 49410 | BA315: 52633 | BB315: 44753 | BC315: 4101 | BD315: 785
A316: 36192 | AA316: #N/A | AB316: #N/A | AC316: #N/A | AD316: #N/A | AE316: #N/A | AF316: #N/A | AG316: #N/A | AH316: #N/A | AI316: #N/A | AJ316: #N/A | AK316: #N/A | AL316: 91086 | AM316: 99189 | AN316: 9022 | AO316: 140524 | AP316: 3256 | AT316: =AO316*42/1000 -> 5902.008 | AU316: =AN316*42/1000 -> 378.924 | AV316: =AP316*42/1000 -> 136.752 | AW316: =AL316*42/1000 -> 3825.612 | AX316: =AM316*42/1000 -> 4165.938 | AY316: =AQ316*42/1000 -> 0 | AZ316: 43849 | BA316: 47302 | BB316: 45465 | BC316: 4390 | BD316: 225
A317: 36220 | AA317: #N/A | AB317: #N/A | AC317: #N/A | AD317: #N/A | AE317: #N/A | AF317: #N/A | AG317: #N/A | AH317: #N/A | AI317: #N/A | AJ317: #N/A | AK317: #N/A | AL317: 98667 | AM317: 117349 | AN317: 7693 | AO317: 124621 | AP317: 4914 | AT317: =AO317*42/1000 -> 5234.082 | AU317: =AN317*42/1000 -> 323.106 | AV317: =AP317*42/1000 -> 206.388 | AW317: =AL317*42/1000 -> 4144.014 | AX317: =AM317*42/1000 -> 4928.658 | AY317: =AQ317*42/1000 -> 0 | AZ317: 47121 | BA317: 52439 | BB317: 42088 | BC317: 2638 | BD317: 697
A318: 36251 | AA318: #N/A | AB318: #N/A | AC318: #N/A | AD318: #N/A | AE318: #N/A | AF318: #N/A | AG318: #N/A | AH318: #N/A | AI318: #N/A | AJ318: #N/A | AK318: #N/A | AL318: 102209 | AM318: 102443 | AN318: 6376 | AO318: 125028 | AP318: 5735 | AT318: =AO318*42/1000 -> 5251.176 | AU318: =AN318*42/1000 -> 267.792 | AV318: =AP318*42/1000 -> 240.87 | AW318: =AL318*42/1000 -> 4292.778 | AX318: =AM318*42/1000 -> 4302.606 | AY318: =AQ318*42/1000 -> 0 | AZ318: 49225 | BA318: 49554 | BB318: 45873 | BC318: 4850 | BD318: 736
A319: 36281 | AA319: #N/A | AB319: #N/A | AC319: #N/A | AD319: #N/A | AE319: #N/A | AF319: #N/A | AG319: #N/A | AH319: #N/A | AI319: #N/A | AJ319: #N/A | AK319: #N/A | AL319: 107194 | AM319: 102735 | AN319: 8105 | AO319: 131803 | AP319: 5789 | AT319: =AO319*42/1000 -> 5535.726 | AU319: =AN319*42/1000 -> 340.41 | AV319: =AP319*42/1000 -> 243.138 | AW319: =AL319*42/1000 -> 4502.148 | AX319: =AM319*42/1000 -> 4314.87 | AY319: =AQ319*42/1000 -> 0 | AZ319: 47882 | BA319: 49888 | BB319: 47459 | BC319: 4589 | BD319: 997
A320: 36312 | AA320: #N/A | AB320: #N/A | AC320: #N/A | AD320: #N/A | AE320: #N/A | AF320: #N/A | AG320: #N/A | AH320: #N/A | AI320: #N/A | AJ320: #N/A | AK320: #N/A | AL320: 101210 | AM320: 102224 | AN320: 7150 | AO320: 132545 | AP320: 5394 | AT320: =AO320*42/1000 -> 5566.89 | AU320: =AN320*42/1000 -> 300.3 | AV320: =AP320*42/1000 -> 226.548 | AW320: =AL320*42/1000 -> 4250.82 | AX320: =AM320*42/1000 -> 4293.408 | AY320: =AQ320*42/1000 -> 0 | AZ320: 46231 | BA320: 49186 | BB320: 45656 | BC320: 1944 | BD320: 792
A321: 36342 | AA321: #N/A | AB321: #N/A | AC321: #N/A | AD321: #N/A | AE321: #N/A | AF321: #N/A | AG321: #N/A | AH321: #N/A | AI321: #N/A | AJ321: #N/A | AK321: #N/A | AL321: 109146 | AM321: 107838 | AN321: 7251 | AO321: 137295 | AP321: 3809 | AT321: =AO321*42/1000 -> 5766.39 | AU321: =AN321*42/1000 -> 304.542 | AV321: =AP321*42/1000 -> 159.978 | AW321: =AL321*42/1000 -> 4584.132 | AX321: =AM321*42/1000 -> 4529.196 | AY321: =AQ321*42/1000 -> 0 | AZ321: 48059 | BA321: 51085 | BB321: 46354 | BC321: 4797 | BD321: 1073
A322: 36373 | AA322: #N/A | AB322: #N/A | AC322: #N/A | AD322: #N/A | AE322: #N/A | AF322: #N/A | AG322: #N/A | AH322: #N/A | AI322: #N/A | AJ322: #N/A | AK322: #N/A | AL322: 106003 | AM322: 106547 | AN322: 8463 | AO322: 141191 | AP322: 4023 | AT322: =AO322*42/1000 -> 5930.022 | AU322: =AN322*42/1000 -> 355.446 | AV322: =AP322*42/1000 -> 168.966 | AW322: =AL322*42/1000 -> 4452.126 | AX322: =AM322*42/1000 -> 4474.974 | AY322: =AQ322*42/1000 -> 0 | AZ322: 48839 | BA322: 53917 | BB322: 46477 | BC322: 5447 | BD322: 246
A323: 36404 | AA323: #N/A | AB323: #N/A | AC323: #N/A | AD323: #N/A | AE323: #N/A | AF323: #N/A | AG323: #N/A | AH323: #N/A | AI323: #N/A | AJ323: #N/A | AK323: #N/A | AL323: 104450 | AM323: 102926 | AN323: 7483 | AO323: 145347 | AP323: 4851 | AT323: =AO323*42/1000 -> 6104.574 | AU323: =AN323*42/1000 -> 314.286 | AV323: =AP323*42/1000 -> 203.742 | AW323: =AL323*42/1000 -> 4386.9 | AX323: =AM323*42/1000 -> 4322.892 | AY323: =AQ323*42/1000 -> 0 | AZ323: 48002 | BA323: 49341 | BB323: 48688 | BC323: 4545 | BD323: 995
A324: 36434 | AA324: #N/A | AB324: #N/A | AC324: #N/A | AD324: #N/A | AE324: #N/A | AF324: #N/A | AG324: #N/A | AH324: #N/A | AI324: #N/A | AJ324: #N/A | AK324: #N/A | AL324: 108682 | AM324: 116211 | AN324: 6697 | AO324: 138571 | AP324: 5944 | AT324: =AO324*42/1000 -> 5819.982 | AU324: =AN324*42/1000 -> 281.274 | AV324: =AP324*42/1000 -> 249.648 | AW324: =AL324*42/1000 -> 4564.644 | AX324: =AM324*42/1000 -> 4880.862 | AY324: =AQ324*42/1000 -> 0 | AZ324: 46493 | BA324: 53475 | BB324: 43923 | BC324: 3017 | BD324: 800
A325: 36465 | AA325: #N/A | AB325: #N/A | AC325: #N/A | AD325: #N/A | AE325: #N/A | AF325: #N/A | AG325: #N/A | AH325: #N/A | AI325: #N/A | AJ325: #N/A | AK325: #N/A | AL325: 108241 | AM325: 108243 | AN325: 7939 | AO325: 141405 | AP325: 5103 | AT325: =AO325*42/1000 -> 5939.01 | AU325: =AN325*42/1000 -> 333.438 | AV325: =AP325*42/1000 -> 214.326 | AW325: =AL325*42/1000 -> 4546.122 | AX325: =AM325*42/1000 -> 4546.206 | AY325: =AQ325*42/1000 -> 0 | AZ325: 45901 | BA325: 49209 | BB325: 41236 | BC325: 2446 | BD325: 1825
A326: 36495 | AA326: #N/A | AB326: #N/A | AC326: #N/A | AD326: #N/A | AE326: #N/A | AF326: #N/A | AG326: #N/A | AH326: #N/A | AI326: #N/A | AJ326: #N/A | AK326: #N/A | AL326: 105442 | AM326: 120641 | AN326: 5840 | AO326: 125463 | AP326: 6583 | AT326: =AO326*42/1000 -> 5269.446 | AU326: =AN326*42/1000 -> 245.28 | AV326: =AP326*42/1000 -> 276.486 | AW326: =AL326*42/1000 -> 4428.564 | AX326: =AM326*42/1000 -> 5066.922 | AY326: =AQ326*42/1000 -> 0 | AZ326: 50062 | BA326: 53234 | BB326: 40447 | BC326: 3968 | BD326: 1585
A327: 36526 | AA327: #N/A | AB327: #N/A | AC327: #N/A | AD327: #N/A | AE327: #N/A | AF327: #N/A | AG327: #N/A | AH327: #N/A | AI327: #N/A | AJ327: #N/A | AK327: #N/A | AL327: 96816 | AM327: 118350 | AN327: 6746 | AO327: 106577 | AP327: 4098 | AT327: =AO327*42/1000 -> 4476.234 | AU327: =AN327*42/1000 -> 283.332 | AV327: =AP327*42/1000 -> 172.116 | AW327: =AL327*42/1000 -> 4066.272 | AX327: =AM327*42/1000 -> 4970.7 | AY327: =AQ327*42/1000 -> 0 | AZ327: 49439 | BA327: 49718 | BB327: 43529 | BC327: 3769 | BD327: 408 | BI327: 27.26 | BJ327: 0.78 | BK327: 0.81 | BL327: 0.79
A328: 36557 | AA328: #N/A | AB328: #N/A | AC328: #N/A | AD328: #N/A | AE328: #N/A | AF328: #N/A | AG328: #N/A | AH328: #N/A | AI328: #N/A | AJ328: #N/A | AK328: #N/A | AL328: 97084 | AM328: 110040 | AN328: 14780 | AO328: 105152 | AP328: 3249 | AT328: =AO328*42/1000 -> 4416.384 | AU328: =AN328*42/1000 -> 620.76 | AV328: =AP328*42/1000 -> 136.458 | AW328: =AL328*42/1000 -> 4077.528 | AX328: =AM328*42/1000 -> 4621.68 | AY328: =AQ328*42/1000 -> 0 | AZ328: 42051 | BA328: 48619 | BB328: 41478 | BC328: 5020 | BD328: 503 | BI328: 29.37 | BJ328: 0.85 | BK328: 0.83 | BL328: 0.88
A329: 36586 | AA329: #N/A | AB329: #N/A | AC329: #N/A | AD329: #N/A | AE329: #N/A | AF329: #N/A | AG329: #N/A | AH329: #N/A | AI329: #N/A | AJ329: #N/A | AK329: #N/A | AL329: 103617 | AM329: 114495 | AN329: 8060 | AO329: 95802 | AP329: 6532 | AT329: =AO329*42/1000 -> 4023.684 | AU329: =AN329*42/1000 -> 338.52 | AV329: =AP329*42/1000 -> 274.344 | AW329: =AL329*42/1000 -> 4351.914 | AX329: =AM329*42/1000 -> 4808.79 | AY329: =AQ329*42/1000 -> 0 | AZ329: 48390 | BA329: 52135 | BB329: 40414 | BC329: 3711 | BD329: 1030 | BI329: 29.84 | BJ329: 0.85 | BK329: 0.85 | BL329: 0.99
A330: 36617 | AA330: #N/A | AB330: #N/A | AC330: #N/A | AD330: #N/A | AE330: #N/A | AF330: #N/A | AG330: #N/A | AH330: #N/A | AI330: #N/A | AJ330: #N/A | AK330: #N/A | AL330: 105984 | AM330: 103645 | AN330: 7032 | AO330: 99837 | AP330: 5336 | AT330: =AO330*42/1000 -> 4193.154 | AU330: =AN330*42/1000 -> 295.344 | AV330: =AP330*42/1000 -> 224.112 | AW330: =AL330*42/1000 -> 4451.328 | AX330: =AM330*42/1000 -> 4353.09 | AY330: =AQ330*42/1000 -> 0 | AZ330: 48436 | BA330: 50299 | BB330: 41250 | BC330: 3810 | BD330: 1111 | BI330: 25.72 | BJ330: 0.8 | BK330: 0.78 | BL330: 0.89
A331: 36647 | AA331: #N/A | AB331: #N/A | AC331: #N/A | AD331: #N/A | AE331: #N/A | AF331: #N/A | AG331: #N/A | AH331: #N/A | AI331: #N/A | AJ331: #N/A | AK331: #N/A | AL331: 113154 | AM331: 114109 | AN331: 9801 | AO331: 104735 | AP331: 3948 | AT331: =AO331*42/1000 -> 4398.87 | AU331: =AN331*42/1000 -> 411.642 | AV331: =AP331*42/1000 -> 165.816 | AW331: =AL331*42/1000 -> 4752.468 | AX331: =AM331*42/1000 -> 4792.578 | AY331: =AQ331*42/1000 -> 0 | AZ331: 49252 | BA331: 51725 | BB331: 42133 | BC331: 4451 | BD331: 1095 | BI331: 28.79 | BJ331: 0.81 | BK331: 0.79 | BL331: 0.98
A332: 36678 | AA332: #N/A | AB332: #N/A | AC332: #N/A | AD332: #N/A | AE332: #N/A | AF332: #N/A | AG332: #N/A | AH332: #N/A | AI332: #N/A | AJ332: #N/A | AK332: #N/A | AL332: 104425 | AM332: 106481 | AN332: 7751 | AO332: 105962 | AP332: 4468 | AT332: =AO332*42/1000 -> 4450.404 | AU332: =AN332*42/1000 -> 325.542 | AV332: =AP332*42/1000 -> 187.656 | AW332: =AL332*42/1000 -> 4385.85 | AX332: =AM332*42/1000 -> 4472.202 | AY332: =AQ332*42/1000 -> 0 | AZ332: 47996 | BA332: 51457 | BB332: 43684 | BC332: 5810 | BD332: 798 | BI332: 31.82 | BJ332: 0.82 | BK332: 0.8 | BL332: 1.09
A333: 36708 | AA333: #N/A | AB333: #N/A | AC333: #N/A | AD333: #N/A | AE333: #N/A | AF333: #N/A | AG333: #N/A | AH333: #N/A | AI333: #N/A | AJ333: #N/A | AK333: #N/A | AL333: 109133 | AM333: 104430 | AN333: 6181 | AO333: 112746 | AP333: 4100 | AT333: =AO333*42/1000 -> 4735.332 | AU333: =AN333*42/1000 -> 259.602 | AV333: =AP333*42/1000 -> 172.2 | AW333: =AL333*42/1000 -> 4583.586 | AX333: =AM333*42/1000 -> 4386.06 | AY333: =AQ333*42/1000 -> 0 | AZ333: 51130 | BA333: 55145 | BB333: 42900 | BC333: 3872 | BD333: 641 | BI333: 29.7 | BJ333: 0.84 | BK333: 0.84 | BL333: 0.99
A334: 36739 | AA334: #N/A | AB334: #N/A | AC334: #N/A | AD334: #N/A | AE334: #N/A | AF334: #N/A | AG334: #N/A | AH334: #N/A | AI334: #N/A | AJ334: #N/A | AK334: #N/A | AL334: 114021 | AM334: 115507 | AN334: 7251 | AO334: 110674 | AP334: 7837 | AT334: =AO334*42/1000 -> 4648.308 | AU334: =AN334*42/1000 -> 304.542 | AV334: =AP334*42/1000 -> 329.154 | AW334: =AL334*42/1000 -> 4788.882 | AX334: =AM334*42/1000 -> 4851.294 | AY334: =AQ334*42/1000 -> 0 | AZ334: 50717 | BA334: 57223 | BB334: 42651 | BC334: 6840 | BD334: 583 | BI334: 31.26 | BJ334: 0.92 | BK334: 0.89 | BL334: 0.97
A335: 36770 | AA335: #N/A | AB335: #N/A | AC335: #N/A | AD335: #N/A | AE335: #N/A | AF335: #N/A | AG335: #N/A | AH335: #N/A | AI335: #N/A | AJ335: #N/A | AK335: #N/A | AL335: 115326 | AM335: 113581 | AN335: 8476 | AO335: 115081 | AP335: 5814 | AT335: =AO335*42/1000 -> 4833.402 | AU335: =AN335*42/1000 -> 355.992 | AV335: =AP335*42/1000 -> 244.188 | AW335: =AL335*42/1000 -> 4843.692 | AX335: =AM335*42/1000 -> 4770.402 | AY335: =AQ335*42/1000 -> 0 | AZ335: 49300 | BA335: 52488 | BB335: 42282 | BC335: 3827 | BD335: 1008 | BI335: 33.88 | BJ335: 1.05 | BK335: 1.06 | BL335: 1.05
A336: 36800 | AA336: #N/A | AB336: #N/A | AC336: #N/A | AD336: #N/A | AE336: #N/A | AF336: #N/A | AG336: #N/A | AH336: #N/A | AI336: #N/A | AJ336: #N/A | AK336: #N/A | AL336: 116993 | AM336: 115083 | AN336: 8024 | AO336: 117119 | AP336: 7896 | AT336: =AO336*42/1000 -> 4918.998 | AU336: =AN336*42/1000 -> 337.008 | AV336: =AP336*42/1000 -> 331.632 | AW336: =AL336*42/1000 -> 4913.706 | AX336: =AM336*42/1000 -> 4833.486 | AY336: =AQ336*42/1000 -> 0 | AZ336: 50992 | BA336: 55122 | BB336: 42626 | BC336: 5763 | BD336: 1289 | BI336: 33.11 | BJ336: 1.04 | BK336: 1.04 | BL336: 1.02
A337: 36831 | AA337: #N/A | AB337: #N/A | AC337: #N/A | AD337: #N/A | AE337: #N/A | AF337: #N/A | AG337: #N/A | AH337: #N/A | AI337: #N/A | AJ337: #N/A | AK337: #N/A | AL337: 113563 | AM337: 114858 | AN337: 9956 | AO337: 120042 | AP337: 5738 | AT337: =AO337*42/1000 -> 5041.764 | AU337: =AN337*42/1000 -> 418.152 | AV337: =AP337*42/1000 -> 240.996 | AW337: =AL337*42/1000 -> 4769.646 | AX337: =AM337*42/1000 -> 4824.036 | AY337: =AQ337*42/1000 -> 0 | AZ337: 48592 | BA337: 51877 | BB337: 42286 | BC337: 4847 | BD337: 1902 | BI337: 34.42 | BJ337: 1.03 | BK337: 1.07 | BL337: 1
A338: 36861 | AA338: #N/A | AB338: #N/A | AC338: #N/A | AD338: #N/A | AE338: #N/A | AF338: #N/A | AG338: #N/A | AH338: #N/A | AI338: #N/A | AJ338: #N/A | AK338: #N/A | AL338: 120042 | AM338: 131735 | AN338: 13861 | AO338: 118027 | AP338: 4183 | AT338: =AO338*42/1000 -> 4957.134 | AU338: =AN338*42/1000 -> 582.162 | AV338: =AP338*42/1000 -> 175.686 | AW338: =AL338*42/1000 -> 5041.764 | AX338: =AM338*42/1000 -> 5532.87 | AY338: =AQ338*42/1000 -> 0 | AZ338: 51604 | BA338: 55665 | BB338: 44409 | BC338: 7405 | BD338: 1221 | BI338: 28.44 | BJ338: 0.94 | BK338: 1 | BL338: 0.88
A339: 36892 | B339: 2001 | C339: 0.094 | D339: 0.001 | E339: 17.343 | F339: 0.728 | G339: 0.093 | H339: 2.984 | I339: 3.219 | J339: -0.235 | M339: 17.108 | N339: 0.719 | O339: 0.092 | AA339: #N/A | AB339: #N/A | AC339: #N/A | AD339: #N/A | AE339: #N/A | AF339: #N/A | AG339: #N/A | AH339: #N/A | AI339: #N/A | AJ339: #N/A | AK339: #N/A | AL339: 111869 | AM339: 134088 | AN339: 24474 | AO339: 118205 | AP339: 2077 | AT339: =AO339*42/1000 -> 4964.61 | AU339: =AN339*42/1000 -> 1027.908 | AV339: =AP339*42/1000 -> 87.234 | AW339: =AL339*42/1000 -> 4698.498 | AX339: =AM339*42/1000 -> 5631.696 | AY339: =AQ339*42/1000 -> 0 | AZ339: 46739 | BA339: 54023 | BB339: 43780 | BC339: 7494 | BD339: 839 | BI339: 29.59 | BJ339: 0.91 | BK339: 0.88 | BL339: 0.94
A340: 36923 | B340: 2001 | C340: 0.085 | D340: 0.001 | E340: 15.665 | F340: 0.658 | G340: 0.084 | H340: 1.413 | I340: 5.119 | J340: -3.706 | M340: 11.959 | N340: 0.502 | O340: 0.064 | AA340: #N/A | AB340: #N/A | AC340: #N/A | AD340: #N/A | AE340: #N/A | AF340: #N/A | AG340: #N/A | AH340: #N/A | AI340: #N/A | AJ340: #N/A | AK340: #N/A | AL340: 101146 | AM340: 117950 | AN340: 17771 | AO340: 117023 | AP340: 2149 | AT340: =AO340*42/1000 -> 4914.966 | AU340: =AN340*42/1000 -> 746.382 | AV340: =AP340*42/1000 -> 90.258 | AW340: =AL340*42/1000 -> 4248.132 | AX340: =AM340*42/1000 -> 4953.9 | AY340: =AQ340*42/1000 -> 0 | AZ340: 41911 | BA340: 49049 | BB340: 42648 | BC340: 6443 | BD340: 437 | BI340: 29.61 | BJ340: 0.86 | BK340: 0.87 | BL340: 0.94
A341: 36951 | B341: 2001 | C341: 0.094 | D341: 0.001 | E341: 17.343 | F341: 0.728 | G341: 0.093 | H341: 6.948 | I341: 4.956 | J341: 1.992 | M341: 19.335 | N341: 0.812 | O341: 0.104 | AA341: #N/A | AB341: #N/A | AC341: #N/A | AD341: #N/A | AE341: #N/A | AF341: #N/A | AG341: #N/A | AH341: #N/A | AI341: #N/A | AJ341: #N/A | AK341: #N/A | AL341: 107982 | AM341: 128438 | AN341: 10787 | AO341: 105021 | AP341: 2333 | AT341: =AO341*42/1000 -> 4410.882 | AU341: =AN341*42/1000 -> 453.054 | AV341: =AP341*42/1000 -> 97.986 | AW341: =AL341*42/1000 -> 4535.244 | AX341: =AM341*42/1000 -> 5394.396 | AY341: =AQ341*42/1000 -> 0 | AZ341: 46879 | BA341: 52241 | BB341: 40520 | BC341: 4496 | BD341: 1262 | BI341: 27.25 | BJ341: 0.78 | BK341: 0.81 | BL341: 0.91
A342: 36982 | B342: 2001 | C342: 0.091 | D342: 0.001 | E342: 16.784 | F342: 0.705 | G342: 0.09 | H342: 2.156 | I342: 3.893 | J342: -1.736 | M342: 15.047 | N342: 0.632 | O342: 0.081 | AA342: #N/A | AB342: #N/A | AC342: #N/A | AD342: #N/A | AE342: #N/A | AF342: #N/A | AG342: #N/A | AH342: #N/A | AI342: #N/A | AJ342: #N/A | AK342: #N/A | AL342: 109490 | AM342: 115012 | AN342: 8642 | AO342: 104945 | AP342: 3196 | AT342: =AO342*42/1000 -> 4407.69 | AU342: =AN342*42/1000 -> 362.964 | AV342: =AP342*42/1000 -> 134.232 | AW342: =AL342*42/1000 -> 4598.58 | AX342: =AM342*42/1000 -> 4830.504 | AY342: =AQ342*42/1000 -> 0 | AZ342: 46420 | BA342: 50624 | BB342: 40406 | BC342: 4596 | BD342: 506 | BI342: 27.49 | BJ342: 0.83 | BK342: 0.8 | BL342: 1.06
A343: 37012 | B343: 2001 | C343: 0.094 | D343: 0.001 | E343: 17.343 | F343: 0.728 | G343: 0.093 | H343: 1.933 | I343: 2.016 | J343: -0.083 | M343: 17.26 | N343: 0.725 | O343: 0.092 | AA343: #N/A | AB343: #N/A | AC343: #N/A | AD343: #N/A | AE343: #N/A | AF343: #N/A | AG343: #N/A | AH343: #N/A | AI343: #N/A | AJ343: #N/A | AK343: #N/A | AL343: 113219 | AM343: 116132 | AN343: 9625 | AO343: 107142 | AP343: 4515 | AT343: =AO343*42/1000 -> 4499.964 | AU343: =AN343*42/1000 -> 404.25 | AV343: =AP343*42/1000 -> 189.63 | AW343: =AL343*42/1000 -> 4755.198 | AX343: =AM343*42/1000 -> 4877.544 | AY343: =AQ343*42/1000 -> 0 | AZ343: 50217 | BA343: 53380 | BB343: 42143 | BC343: 5413 | BD343: 513 | BI343: 28.63 | BJ343: 0.9 | BK343: 0.84 | BL343: 1.15
A344: 37043 | B344: 2001 | C344: 0.091 | D344: 0.001 | E344: 16.784 | F344: 0.705 | G344: 0.09 | H344: 2.864 | I344: 1.932 | J344: 0.931 | M344: 17.715 | N344: 0.744 | O344: 0.095 | AA344: #N/A | AB344: #N/A | AC344: #N/A | AD344: #N/A | AE344: #N/A | AF344: #N/A | AG344: #N/A | AH344: #N/A | AI344: #N/A | AJ344: #N/A | AK344: #N/A | AL344: 111053 | AM344: 109764 | AN344: 9059 | AO344: 113877 | AP344: 3613 | AT344: =AO344*42/1000 -> 4782.834 | AU344: =AN344*42/1000 -> 380.478 | AV344: =AP344*42/1000 -> 151.746 | AW344: =AL344*42/1000 -> 4664.226 | AX344: =AM344*42/1000 -> 4610.088 | AY344: =AQ344*42/1000 -> 0 | AZ344: 49096 | BA344: 52484 | BB344: 43040 | BC344: 4829 | BD344: 544 | BI344: 27.6 | BJ344: 0.85 | BK344: 0.84 | BL344: 0.98
A345: 37073 | B345: 2001 | C345: 0.094 | D345: 0.001 | E345: 17.343 | F345: 0.728 | G345: 0.093 | H345: 13.066 | I345: 2.204 | J345: 10.862 | M345: 28.205 | N345: 1.185 | O345: 0.151 | AA345: #N/A | AB345: #N/A | AC345: #N/A | AD345: #N/A | AE345: #N/A | AF345: #N/A | AG345: #N/A | AH345: #N/A | AI345: #N/A | AJ345: #N/A | AK345: #N/A | AL345: 118949 | AM345: 110645 | AN345: 6494 | AO345: 125176 | AP345: 3499 | AT345: =AO345*42/1000 -> 5257.392 | AU345: =AN345*42/1000 -> 272.748 | AV345: =AP345*42/1000 -> 146.958 | AW345: =AL345*42/1000 -> 4995.858 | AX345: =AM345*42/1000 -> 4647.09 | AY345: =AQ345*42/1000 -> 0 | AZ345: 50609 | BA345: 54646 | BB345: 42281 | BC345: 4000 | BD345: 722 | BI345: 26.43 | BJ345: 0.76 | BK345: 0.77 | BL345: 0.84
A346: 37104 | B346: 2001 | C346: 0.094 | D346: 0.001 | E346: 17.343 | F346: 0.728 | G346: 0.093 | H346: 2.409 | I346: 3.021 | J346: -0.612 | M346: 16.731 | N346: 0.703 | O346: 0.09 | AA346: #N/A | AB346: #N/A | AC346: #N/A | AD346: #N/A | AE346: #N/A | AF346: #N/A | AG346: #N/A | AH346: #N/A | AI346: #N/A | AJ346: #N/A | AK346: #N/A | AL346: 113289 | AM346: 118701 | AN346: 6565 | AO346: 122004 | AP346: 4325 | AT346: =AO346*42/1000 -> 5124.168 | AU346: =AN346*42/1000 -> 275.73 | AV346: =AP346*42/1000 -> 181.65 | AW346: =AL346*42/1000 -> 4758.138 | AX346: =AM346*42/1000 -> 4985.442 | AY346: =AQ346*42/1000 -> 0 | AZ346: 49500 | BA346: 53329 | BB346: 41528 | BC346: 3819 | BD346: 743 | BI346: 27.37 | BJ346: 0.81 | BK346: 0.78 | BL346: 0.91
A347: 37135 | B347: 2001 | C347: 0.091 | D347: 0.001 | E347: 16.784 | F347: 0.705 | G347: 0.09 | H347: 12.564 | I347: 5.102 | J347: 7.462 | M347: 24.246 | N347: 1.018 | O347: 0.13 | AA347: #N/A | AB347: #N/A | AC347: #N/A | AD347: #N/A | AE347: #N/A | AF347: #N/A | AG347: #N/A | AH347: #N/A | AI347: #N/A | AJ347: #N/A | AK347: #N/A | AL347: 108743 | AM347: 108720 | AN347: 9511 | AO347: 126991 | AP347: 4547 | AT347: =AO347*42/1000 -> 5333.622 | AU347: =AN347*42/1000 -> 399.462 | AV347: =AP347*42/1000 -> 190.974 | AW347: =AL347*42/1000 -> 4567.206 | AX347: =AM347*42/1000 -> 4566.24 | AY347: =AQ347*42/1000 -> 0 | AZ347: 42602 | BA347: 45756 | BB347: 42728 | BC347: 4974 | BD347: 620 | BI347: 26.2 | BJ347: 0.84 | BK347: 0.82 | BL347: 0.94
A348: 37165 | B348: 2001 | C348: 0.094 | D348: 0.001 | E348: 17.343 | F348: 0.728 | G348: 0.093 | H348: 13.315 | I348: 3.283 | J348: 10.031 | M348: 27.375 | N348: 1.15 | O348: 0.147 | AA348: #N/A | AB348: #N/A | AC348: #N/A | AD348: #N/A | AE348: #N/A | AF348: #N/A | AG348: #N/A | AH348: #N/A | AI348: #N/A | AJ348: #N/A | AK348: #N/A | AL348: 117685 | AM348: 120533 | AN348: 7856 | AO348: 128919 | AP348: 3080 | AT348: =AO348*42/1000 -> 5414.598 | AU348: =AN348*42/1000 -> 329.952 | AV348: =AP348*42/1000 -> 129.36 | AW348: =AL348*42/1000 -> 4942.77 | AX348: =AM348*42/1000 -> 5062.386 | AY348: =AQ348*42/1000 -> 0 | AZ348: 45190 | BA348: 48596 | BB348: 40316 | BC348: 1960 | BD348: 966 | BI348: 22.17 | BJ348: 0.71 | BK348: 0.68 | BL348: 0.74
A349: 37196 | B349: 2001 | C349: 0.091 | D349: 0.001 | E349: 16.784 | F349: 0.705 | G349: 0.09 | H349: 19.273 | I349: 3.513 | J349: 15.759 | M349: 32.543 | N349: 1.367 | O349: 0.174 | AA349: #N/A | AB349: #N/A | AC349: #N/A | AD349: #N/A | AE349: #N/A | AF349: #N/A | AG349: #N/A | AH349: #N/A | AI349: #N/A | AJ349: #N/A | AK349: #N/A | AL349: 119039 | AM349: 112376 | AN349: 7318 | AO349: 138943 | AP349: 3957 | AT349: =AO349*42/1000 -> 5835.606 | AU349: =AN349*42/1000 -> 307.356 | AV349: =AP349*42/1000 -> 166.194 | AW349: =AL349*42/1000 -> 4999.638 | AX349: =AM349*42/1000 -> 4719.792 | AY349: =AQ349*42/1000 -> 0 | AZ349: 41925 | BA349: 43325 | BB349: 40115 | BC349: 3116 | BD349: 1917 | BI349: 19.64 | BJ349: 0.61 | BK349: 0.63 | BL349: 0.63
A350: 37226 | B350: 2001 | C350: 0.094 | D350: 0.001 | E350: 17.343 | F350: 0.728 | G350: 0.093 | H350: 1.998 | I350: 2.388 | J350: -0.389 | M350: 16.954 | N350: 0.712 | O350: 0.091 | AA350: #N/A | AB350: #N/A | AC350: #N/A | AD350: #N/A | AE350: #N/A | AF350: #N/A | AG350: #N/A | AH350: #N/A | AI350: #N/A | AJ350: #N/A | AK350: #N/A | AL350: 116061 | AM350: 111724 | AN350: 7484 | AO350: 144513 | AP350: 6251 | AT350: =AO350*42/1000 -> 6069.546 | AU350: =AN350*42/1000 -> 314.328 | AV350: =AP350*42/1000 -> 262.542 | AW350: =AL350*42/1000 -> 4874.562 | AX350: =AM350*42/1000 -> 4692.408 | AY350: =AQ350*42/1000 -> 0 | AZ350: 47142 | BA350: 46885 | BB350: 41871 | BC350: 2925 | BD350: 1426 | BI350: 19.39 | BJ350: 0.55 | BK350: 0.56 | BL350: 0.58
... A386: 38322 | B386: 2004 | C386: 0.307 | D386: 0.004 | E386: 56.43 | F386: 2.37 | G386: 0.302 | H386: 4.623 | I386: 6.752 | J386: -2.129 | M386: 54.3 | N386: 2.281 | O386: 0.291 | AA386: #N/A | AB386: #N/A | AC386: #N/A | AD386: #N/A | AE386: #N/A | AF386: #N/A | AG386: #N/A | AH386: #N/A | AI386: #N/A | AJ386: #N/A | AK386: #N/A | AL386: 128929 | AM386: 129441 | AN386: 9048 | AO386: 126272 | AP386: 5468 | AT386: =AO386*42/1000 -> 5303.424 | AU386: =AN386*42/1000 -> 380.016 | AV386: =AP386*42/1000 -> 229.656 | AW386: =AL386*42/1000 -> 5415.018 | AX386: =AM386*42/1000 -> 5436.522 | AY386: =AQ386*42/1000 -> 0 | AZ386: 49497 | BA386: 50993 | BB386: 40086 | BC386: 3254 | BD386: 2579 | BI386: 43.15 | BJ386: 1.27 | BK386: 1.33 | BL386: 1.19
A387: 38353 | B387: 2005 | C387: 0.997 | D387: 0.014 | E387: 183.587 | F387: 7.711 | G387: 0.984 | H387: 14.89 | I387: 7.86 | J387: 7.029 | M387: 190.616 | N387: 8.006 | O387: 1.022 | AA387: #N/A | AB387: #N/A | AC387: #N/A | AD387: #N/A | AE387: #N/A | AF387: #N/A | AG387: #N/A | AH387: #N/A | AI387: #N/A | AJ387: #N/A | AK387: #N/A | AL387: 117090 | AM387: 130904 | AN387: 10958 | AO387: 121895 | AP387: 1521 | AQ387: 1299 | AT387: =AO387*42/1000 -> 5119.59 | AU387: =AN387*42/1000 -> 460.236 | AV387: =AP387*42/1000 -> 63.882 | AW387: =AL387*42/1000 -> 4917.78 | AX387: =AM387*42/1000 -> 5497.968 | AY387: =AQ387*42/1000 -> 54.558 | AZ387: 48119 | BA387: 47625 | BB387: 42971 | BC387: 3269 | BD387: 878 | BI387: 46.84 | BJ387: 1.31 | BK387: 1.31 | BL387: 1.28
A388: 38384 | B388: 2005 | C388: 0.901 | D388: 0.012 | E388: 165.82 | F388: 6.964 | G388: 0.889 | H388: 33.766 | I388: 7.996 | J388: 25.77 | M388: 191.59 | N388: 8.047 | O388: 1.027 | AA388: #N/A | AB388: #N/A | AC388: #N/A | AD388: #N/A | AE388: #N/A | AF388: #N/A | AG388: #N/A | AH388: #N/A | AI388: #N/A | AJ388: #N/A | AK388: #N/A | AL388: 106324 | AM388: 117655 | AN388: 9628 | AO388: 117326 | AP388: 2866 | AQ388: 657 | AT388: =AO388*42/1000 -> 4927.692 | AU388: =AN388*42/1000 -> 404.376 | AV388: =AP388*42/1000 -> 120.372 | AW388: =AL388*42/1000 -> 4465.608 | AX388: =AM388*42/1000 -> 4941.51 | AY388: =AQ388*42/1000 -> 27.594 | AZ388: 44136 | BA388: 48796 | BB388: 40348 | BC388: 3912 | BD388: 1875 | BI388: 48.15 | BJ388: 1.39 | BK388: 1.38 | BL388: 1.34
A389: 38412 | B389: 2005 | C389: 0.997 | D389: 0.014 | E389: 183.587 | F389: 7.711 | G389: 0.984 | H389: 12.91 | I389: 25.098 | J389: -12.188 | M389: 171.398 | N389: 7.199 | O389: 0.919 | AA389: #N/A | AB389: #N/A | AC389: #N/A | AD389: #N/A | AE389: #N/A | AF389: #N/A | AG389: #N/A | AH389: #N/A | AI389: #N/A | AJ389: #N/A | AK389: #N/A | AL389: 120087 | AM389: 134824 | AN389: 7976 | AO389: 105443 | AP389: 5122 | AQ389: 385 | AT389: =AO389*42/1000 -> 4428.606 | AU389: =AN389*42/1000 -> 334.992 | AV389: =AP389*42/1000 -> 215.124 | AW389: =AL389*42/1000 -> 5043.654 | AX389: =AM389*42/1000 -> 5662.608 | AY389: =AQ389*42/1000 -> 16.17 | AZ389: 47780 | BA389: 53510 | BB389: 37777 | BC389: 5394 | BD389: 2235 | BI389: 54.19 | BJ389: 1.59 | BK389: 1.58 | BL389: 1.53
A390: 38443 | B390: 2005 | C390: 0.965 | D390: 0.013 | E390: 177.665 | F390: 7.462 | G390: 0.952 | H390: 17.762 | I390: 17.555 | J390: 0.207 | M390: 177.872 | N390: 7.471 | O390: 0.953 | AA390: #N/A | AB390: #N/A | AC390: #N/A | AD390: #N/A | AE390: #N/A | AF390: #N/A | AG390: #N/A | AH390: #N/A | AI390: #N/A | AJ390: #N/A | AK390: #N/A | AL390: 120841 | AM390: 123044 | AN390: 7913 | AO390: 105402 | AP390: 5751 | AQ390: 371 | AT390: =AO390*42/1000 -> 4426.884 | AU390: =AN390*42/1000 -> 332.346 | AV390: =AP390*42/1000 -> 241.542 | AW390: =AL390*42/1000 -> 5075.322 | AX390: =AM390*42/1000 -> 5167.848 | AY390: =AQ390*42/1000 -> 15.582 | AZ390: 49126 | BA390: 48415 | BB390: 39597 | BC390: 4036 | BD390: 2927 | BI390: 52.98 | BJ390: 1.64 | BK390: 1.68 | BL390: 1.64
A391: 38473 | B391: 2005 | C391: 0.997 | D391: 0.014 | E391: 183.587 | F391: 7.711 | G391: 0.984 | H391: 7.625 | I391: 10.018 | J391: -2.393 | M391: 181.194 | N391: 7.61 | O391: 0.971 | AA391: #N/A | AB391: #N/A | AC391: #N/A | AD391: #N/A | AE391: #N/A | AF391: #N/A | AG391: #N/A | AH391: #N/A | AI391: #N/A | AJ391: #N/A | AK391: #N/A | AL391: 129555 | AM391: 125149 | AN391: 8722 | AO391: 112369 | AP391: 6161 | AQ391: 538 | AT391: =AO391*42/1000 -> 4719.498 | AU391: =AN391*42/1000 -> 366.324 | AV391: =AP391*42/1000 -> 258.762 | AW391: =AL391*42/1000 -> 5441.31 | AX391: =AM391*42/1000 -> 5256.258 | AY391: =AQ391*42/1000 -> 22.596 | AZ391: 50566 | BA391: 51896 | BB391: 39352 | BC391: 4660 | BD391: 3575 | BI391: 49.83 | BJ391: 1.52 | BK391: 1.57 | BL391: 1.54
A392: 38504 | B392: 2005 | C392: 0.965 | D392: 0.013 | E392: 177.665 | F392: 7.462 | G392: 0.952 | H392: 21.987 | I392: 10.641 | J392: 11.346 | M392: 189.01 | N392: 7.938 | O392: 1.013 | AA392: #N/A | AB392: #N/A | AC392: #N/A | AD392: #N/A | AE392: #N/A | AF392: #N/A | AG392: #N/A | AH392: #N/A | AI392: #N/A | AJ392: #N/A | AK392: #N/A | AL392: 128228 | AM392: 121148 | AN392: 7085 | AO392: 119721 | AP392: 6813 | AQ392: 889 | AT392: =AO392*42/1000 -> 5028.282 | AU392: =AN392*42/1000 -> 297.57 | AV392: =AP392*42/1000 -> 286.146 | AW392: =AL392*42/1000 -> 5385.576 | AX392: =AM392*42/1000 -> 5088.216 | AY392: =AQ392*42/1000 -> 37.338 | AZ392: 51037 | BA392: 50658 | BB392: 40740 | BC392: 3049 | BD392: 2040 | BI392: 56.35 | BJ392: 1.67 | BK392: 1.65 | BL392: 1.61
A393: 38534 | B393: 2005 | C393: 0.997 | D393: 0.014 | E393: 183.587 | F393: 7.711 | G393: 0.984 | H393: 10.252 | I393: 25.403 | J393: -15.151 | M393: 168.435 | N393: 7.074 | O393: 0.903 | AA393: #N/A | AB393: #N/A | AC393: #N/A | AD393: #N/A | AE393: #N/A | AF393: #N/A | AG393: #N/A | AH393: #N/A | AI393: #N/A | AJ393: #N/A | AK393: #N/A | AL393: 131329 | AM393: 119477 | AN393: 7542 | AO393: 133255 | AP393: 5860 | AQ393: 670 | AT393: =AO393*42/1000 -> 5596.71 | AU393: =AN393*42/1000 -> 316.764 | AV393: =AP393*42/1000 -> 246.12 | AW393: =AL393*42/1000 -> 5515.818 | AX393: =AM393*42/1000 -> 5018.034 | AY393: =AQ393*42/1000 -> 28.14 | AZ393: 49133 | BA393: 53476 | BB393: 40373 | BC393: 5404 | BD393: 1428 | BI393: 59 | BJ393: 1.72 | BK393: 1.72 | BL393: 1.71
A394: 38565 | B394: 2005 | C394: 0.997 | D394: 0.014 | E394: 183.587 | F394: 7.711 | G394: 0.984 | H394: 39.515 | I394: 19.986 | J394: 19.529 | M394: 203.116 | N394: 8.531 | O394: 1.088 | AA394: #N/A | AB394: #N/A | AC394: #N/A | AD394: #N/A | AE394: #N/A | AF394: #N/A | AG394: #N/A | AH394: #N/A | AI394: #N/A | AJ394: #N/A | AK394: #N/A | AL394: 127347 | AM394: 124619 | AN394: 8138 | AO394: 139059 | AP394: 5062 | AQ394: 685 | AT394: =AO394*42/1000 -> 5840.478 | AU394: =AN394*42/1000 -> 341.796 | AV394: =AP394*42/1000 -> 212.604 | AW394: =AL394*42/1000 -> 5348.574 | AX394: =AM394*42/1000 -> 5233.998 | AY394: =AQ394*42/1000 -> 28.77 | AZ394: 49292 | BA394: 54043 | BB394: 38478 | BC394: 4562 | BD394: 1706 | BI394: 64.98 | BJ394: 1.9 | BK394: 1.85 | BL394: 1.96
A395: 38596 | B395: 2005 | C395: 0.965 | D395: 0.013 | E395: 177.665 | F395: 7.462 | G395: 0.952 | H395: 11.631 | I395: 12.526 | J395: -0.895 | M395: 176.769 | N395: 7.424 | O395: 0.947 | AA395: #N/A | AB395: #N/A | AC395: #N/A | AD395: #N/A | AE395: #N/A | AF395: #N/A | AG395: #N/A | AH395: #N/A | AI395: #N/A | AJ395: #N/A | AK395: #N/A | AL395: 107098 | AM395: 123465 | AN395: 8260 | AO395: 127719 | AP395: 3233 | AQ395: 677 | AT395: =AO395*42/1000 -> 5364.198 | AU395: =AN395*42/1000 -> 346.92 | AV395: =AP395*42/1000 -> 135.786 | AW395: =AL395*42/1000 -> 4498.116 | AX395: =AM395*42/1000 -> 5185.53 | AY395: =AQ395*42/1000 -> 28.434 | AZ395: 41048 | BA395: 50113 | BB395: 37517 | BC395: 8573 | BD395: 469 | BI395: 65.59 | BJ395: 2.13 | BK395: 2.1 | BL395: 2.21
A396: 38626 | B396: 2005 | C396: 0.997 | D396: 0.014 | E396: 183.587 | F396: 7.711 | G396: 0.984 | H396: 8.247 | I396: 40.996 | J396: -32.749 | M396: 150.838 | N396: 6.335 | O396: 0.808 | AA396: #N/A | AB396: #N/A | AC396: #N/A | AD396: #N/A | AE396: #N/A | AF396: #N/A | AG396: #N/A | AH396: #N/A | AI396: #N/A | AJ396: #N/A | AK396: #N/A | AL396: 111120 | AM396: 126457 | AN396: 15716 | AO396: 124710 | AP396: 3388 | AQ396: 535 | AT396: =AO396*42/1000 -> 5237.82 | AU396: =AN396*42/1000 -> 660.072 | AV396: =AP396*42/1000 -> 142.296 | AW396: =AL396*42/1000 -> 4667.04 | AX396: =AM396*42/1000 -> 5311.194 | AY396: =AQ396*42/1000 -> 22.47 | AZ396: 41439 | BA396: 51292 | BB396: 38810 | BC396: 11497 | BD396: 351 | BI396: 62.26 | BJ396: 2.32 | BK396: 2.35 | BL396: 1.97
A397: 38657 | B397: 2005 | C397: 0.965 | D397: 0.013 | E397: 177.665 | F397: 7.462 | G397: 0.952 | H397: 24.017 | I397: 11.29 | J397: 12.728 | M397: 190.392 | N397: 7.996 | O397: 1.02 | AA397: #N/A | AB397: #N/A | AC397: #N/A | AD397: #N/A | AE397: #N/A | AF397: #N/A | AG397: #N/A | AH397: #N/A | AI397: #N/A | AJ397: #N/A | AK397: #N/A | AL397: 118978 | AM397: 121824 | AN397: 14572 | AO397: 133684 | AP397: 2752 | AQ397: 785 | AT397: =AO397*42/1000 -> 5614.728 | AU397: =AN397*42/1000 -> 612.024 | AV397: =AP397*42/1000 -> 115.584 | AW397: =AL397*42/1000 -> 4997.076 | AX397: =AM397*42/1000 -> 5116.608 | AY397: =AQ397*42/1000 -> 32.97 | AZ397: 45591 | BA397: 48569 | BB397: 42447 | BC397: 7683 | BD397: 1068 | BI397: 58.32 | BJ397: 1.83 | BK397: 1.85 | BL397: 1.6
A398: 38687 | B398: 2005 | C398: 0.997 | D398: 0.014 | E398: 183.587 | F398: 7.711 | G398: 0.984 | H398: 11.088 | I398: 23.338 | J398: -12.25 | M398: 171.337 | N398: 7.196 | O398: 0.918 | AA398: #N/A | AB398: #N/A | AC398: #N/A | AD398: #N/A | AE398: #N/A | AF398: #N/A | AG398: #N/A | AH398: #N/A | AI398: #N/A | AJ398: #N/A | AK398: #N/A | AL398: 125351 | AM398: 134509 | AN398: 13499 | AO398: 136022 | AP398: 2003 | AQ398: 965 | AT398: =AO398*42/1000 -> 5712.924 | AU398: =AN398*42/1000 -> 566.958 | AV398: =AP398*42/1000 -> 84.126 | AW398: =AL398*42/1000 -> 5264.742 | AX398: =AM398*42/1000 -> 5649.378 | AY398: =AQ398*42/1000 -> 40.53 | AZ398: 46959 | BA398: 54438 | BB398: 41741 | BC398: 7424 | BD398: 651 | BI398: 59.41 | BJ398: 1.75 | BK398: 1.76 | BL398: 1.61
... A434: 39783 | B434: 2008 | C434: 5.713 | D434: 0.078 | E434: 1051.617 | F434: 44.168 | G434: 5.636 | H434: 417.459 | I434: 792.005 | J434: -374.547 | M434: 677.071 | N434: 28.437 | O434: 3.628 | AA434: #N/A | AB434: #N/A | AC434: #N/A | AD434: #N/A | AE434: #N/A | AF434: #N/A | AG434: #N/A | AH434: #N/A | AI434: #N/A | AJ434: #N/A | AK434: #N/A | AL434: 139849 | AM434: 117275 | AN434: 8123 | AO434: 146013 | AP434: 20560 | AQ434: 100483 | AT434: =AO434*42/1000 -> 6132.546 | AU434: =AN434*42/1000 -> 341.166 | AV434: =AP434*42/1000 -> 863.52 | AW434: =AL434*42/1000 -> 5873.658 | AX434: =AM434*42/1000 -> 4925.55 | AY434: =AQ434*42/1000 -> 4220.286 | AZ434: 42861 | BA434: 43245 | BB434: 37969 | BC434: 2123 | BD434: 1627 | BI434: 41.12 | BJ434: 1.47 | BK434: 1.52 | BL434: 1.06
A435: 39814 | B435: 2009 | C435: 5.483 | D435: 0.075 | E435: 1009.113 | F435: 42.383 | G435: 5.408 | H435: 269.621 | I435: 1188.915 | J435: -919.294 | K435: 664 | L435: 664 | M435: 79 | N435: 3.318 | O435: 0.423 | AA435: #N/A | AB435: #N/A | AC435: #N/A | AD435: #N/A | AE435: #N/A | AF435: #N/A | AG435: #N/A | AH435: #N/A | AI435: #N/A | AJ435: #N/A | AK435: #N/A | AL435: 132789 | AM435: 126436 | AN435: 11410 | AO435: 143730 | AP435: 20046 | AQ435: 96778 | AT435: =AO435*42/1000 -> 6036.66 | AU435: =AN435*42/1000 -> 479.22 | AV435: =AP435*42/1000 -> 841.932 | AW435: =AL435*42/1000 -> 5577.138 | AX435: =AM435*42/1000 -> 5310.312 | AY435: =AQ435*42/1000 -> 4064.676 | AZ435: 43671 | BA435: 40685 | BB435: 41331 | BC435: 2755 | BD435: 2379 | BI435: 41.71 | BJ435: 1.48 | BK435: 1.48 | BL435: 1.25
A436: 39845 | B436: 2009 | C436: 4.325 | D436: 0.059 | E436: 795.995 | F436: 33.432 | G436: 4.266 | H436: 162.825 | I436: 1205.447 | J436: -1042.622 | K436: 424 | L436: -240 | M436: 73 | N436: 3.066 | O436: 0.391 | AA436: #N/A | AB436: #N/A | AC436: #N/A | AD436: #N/A | AE436: #N/A | AF436: #N/A | AG436: #N/A | AH436: #N/A | AI436: #N/A | AJ436: #N/A | AK436: #N/A | AL436: 118477 | AM436: 108181 | AN436: 9160 | AO436: 148105 | AP436: 15081 | AQ436: 85883 | AT436: =AO436*42/1000 -> 6220.41 | AU436: =AN436*42/1000 -> 384.72 | AV436: =AP436*42/1000 -> 633.402 | AW436: =AL436*42/1000 -> 4976.034 | AX436: =AM436*42/1000 -> 4543.602 | AY436: =AQ436*42/1000 -> 3607.086 | AZ436: 38960 | BA436: 37975 | BB436: 43145 | BC436: 2000 | BD436: 1171 | BI436: 39.09 | BJ436: 1.33 | BK436: 1.36 | BL436: 1.33
A437: 39873 | B437: 2009 | C437: 3.44 | D437: 0.047 | E437: 633.193 | F437: 26.594 | G437: 3.393 | H437: 396.413 | I437: 210.315 | J437: 186.098 | K437: 665 | L437: 241 | M437: 578.291 | N437: 24.288 | O437: 3.099 | AA437: #N/A | AB437: #N/A | AC437: #N/A | AD437: #N/A | AE437: #N/A | AF437: #N/A | AG437: #N/A | AH437: #N/A | AI437: #N/A | AJ437: #N/A | AK437: #N/A | AL437: 122100 | AM437: 116051 | AN437: 8337 | AO437: 145301 | AP437: 17190 | AQ437: 88767 | AT437: =AO437*42/1000 -> 6102.642 | AU437: =AN437*42/1000 -> 350.154 | AV437: =AP437*42/1000 -> 721.98 | AW437: =AL437*42/1000 -> 5128.2 | AX437: =AM437*42/1000 -> 4874.142 | AY437: =AQ437*42/1000 -> 3728.214 | AZ437: 42576 | BA437: 43585 | BB437: 43084 | BC437: 2847 | BD437: 1899 | BI437: 47.94 | BJ437: 1.31 | BK437: 1.28 | BL437: 1.4
A438: 39904 | B438: 2009 | C438: 3.644 | D438: 0.05 | E438: 670.732 | F438: 28.171 | G438: 3.594 | H438: 53.252 | I438: 159.112 | J438: -105.86 | K438: 632 | L438: -33 | M438: 597.872 | N438: 25.111 | O438: 3.204 | AA438: #N/A | AB438: #N/A | AC438: #N/A | AD438: #N/A | AE438: #N/A | AF438: #N/A | AG438: #N/A | AH438: #N/A | AI438: #N/A | AJ438: #N/A | AK438: #N/A | AL438: 123954 | AM438: 103649 | AN438: 4983 | AO438: 150058 | AP438: 20531 | AQ438: 92487 | AT438: =AO438*42/1000 -> 6302.436 | AU438: =AN438*42/1000 -> 209.286 | AV438: =AP438*42/1000 -> 862.302 | AW438: =AL438*42/1000 -> 5206.068 | AX438: =AM438*42/1000 -> 4353.258 | AY438: =AQ438*42/1000 -> 3884.454 | AZ438: 42948 | BA438: 42968 | BB438: 43783 | BC438: 2700 | BD438: 1981 | BI438: 49.65 | BJ438: 1.46 | BK438: 1.46 | BL438: 1.48
A439: 39934 | B439: 2009 | C439: 4.152 | D439: 0.057 | E439: 764.305 | F439: 32.101 | G439: 4.096 | H439: 120.595 | I439: 430.857 | J439: -310.262 | K439: 600 | L439: -32 | M439: 486.043 | N439: 20.414 | O439: 2.605 | AA439: #N/A | AB439: #N/A | AC439: #N/A | AD439: #N/A | AE439: #N/A | AF439: #N/A | AG439: #N/A | AH439: #N/A | AI439: #N/A | AJ439: #N/A | AK439: #N/A | AL439: 126880 | AM439: 106524 | AN439: 6391 | AO439: 156706 | AP439: 20099 | AQ439: 97238 | AT439: =AO439*42/1000 -> 6581.652 | AU439: =AN439*42/1000 -> 268.422 | AV439: =AP439*42/1000 -> 844.158 | AW439: =AL439*42/1000 -> 5328.96 | AX439: =AM439*42/1000 -> 4474.008 | AY439: =AQ439*42/1000 -> 4083.996 | AZ439: 42725 | BA439: 41203 | BB439: 44690 | BC439: 2041 | BD439: 2656 | BI439: 59.03 | BJ439: 1.53 | BK439: 1.49 | BL439: 1.76
A440: 39965 | B440: 2009 | C440: 4.345 | D440: 0.059 | E440: 799.706 | F440: 33.588 | G440: 4.286 | H440: 142.779 | I440: 378.751 | J440: -235.972 | K440: 581 | L440: -19 | M440: 582.735 | N440: 24.475 | O440: 3.123 | AA440: #N/A | AB440: #N/A | AC440: #N/A | AD440: #N/A | AE440: #N/A | AF440: #N/A | AG440: #N/A | AH440: #N/A | AI440: #N/A | AJ440: #N/A | AK440: #N/A | AL440: 121424 | AM440: 105391 | AN440: 7336 | AO440: 162723 | AP440: 17352 | AQ440: 89984 | AT440: =AO440*42/1000 -> 6834.366 | AU440: =AN440*42/1000 -> 308.112 | AV440: =AP440*42/1000 -> 728.784 | AW440: =AL440*42/1000 -> 5099.808 | AX440: =AM440*42/1000 -> 4426.422 | AY440: =AQ440*42/1000 -> 3779.328 | AZ440: 42114 | BA440: 42736 | BB440: 44759 | BC440: 1961 | BD440: 1270 | BI440: 69.64 | BJ440: 1.83 | BK440: 1.82 | BL440: 2.02
A441: 39995 | B441: 2009 | C441: 5.595 | D441: 0.076 | E441: 1029.899 | F441: 43.256 | G441: 5.519 | H441: 59.658 | I441: 600.668 | J441: -541.009 | K441: 511 | L441: -70 | M441: 558.89 | N441: 23.473 | O441: 2.995 | AA441: #N/A | AB441: #N/A | AC441: #N/A | AD441: #N/A | AE441: #N/A | AF441: #N/A | AG441: #N/A | AH441: #N/A | AI441: #N/A | AJ441: #N/A | AK441: #N/A | AL441: 121795 | AM441: 105234 | AN441: 5933 | AO441: 165940 | AP441: 19277 | AQ441: 93028 | AT441: =AO441*42/1000 -> 6969.48 | AU441: =AN441*42/1000 -> 249.186 | AV441: =AP441*42/1000 -> 809.634 | AW441: =AL441*42/1000 -> 5115.39 | AX441: =AM441*42/1000 -> 4419.828 | AY441: =AQ441*42/1000 -> 3907.176 | AZ441: 46969 | BA441: 46695 | BB441: 46697 | BC441: 3169 | BD441: 1505 | BI441: 64.15 | BJ441: 1.75 | BK441: 1.77 | BL441: 1.87
A442: 40026 | B442: 2009 | C442: 5.821 | D442: 0.079 | E442: 1071.331 | F442: 44.996 | G442: 5.741 | H442: 129.891 | I442: 410.197 | J442: -280.306 | K442: 511 | L442: 0 | M442: 791.025 | N442: 33.223 | O442: 4.239 | AA442: #N/A | AB442: #N/A | AC442: #N/A | AD442: #N/A | AE442: #N/A | AF442: #N/A | AG442: #N/A | AH442: #N/A | AI442: #N/A | AJ442: #N/A | AK442: #N/A | AL442: 122910 | AM442: 106212 | AN442: 5131 | AO442: 168649 | AP442: 19120 | AQ442: 95367 | AT442: =AO442*42/1000 -> 7083.258 | AU442: =AN442*42/1000 -> 215.502 | AV442: =AP442*42/1000 -> 803.04 | AW442: =AL442*42/1000 -> 5162.22 | AX442: =AM442*42/1000 -> 4460.904 | AY442: =AQ442*42/1000 -> 4005.414 | AZ442: 43072 | BA442: 44914 | BB442: 46008 | BC442: 2841 | BD442: 1688 | BI442: 71.05 | BJ442: 1.94 | BK442: 1.92 | BL442: 2.03
A443: 40057 | B443: 2009 | C443: 6.302 | D443: 0.086 | E443: 1159.92 | F443: 48.717 | G443: 6.216 | H443: 126.831 | I443: 231.372 | J443: -104.541 | K443: 527 | L443: 16 | M443: 1039.379 | N443: 43.654 | O443: 5.57 | AA443: #N/A | AB443: #N/A | AC443: #N/A | AD443: #N/A | AE443: #N/A | AF443: #N/A | AG443: #N/A | AH443: #N/A | AI443: #N/A | AJ443: #N/A | AK443: #N/A | AL443: 122964 | AM443: 106810 | AN443: 6147 | AO443: 172731 | AP443: 18219 | AQ443: 93662 | AT443: =AO443*42/1000 -> 7254.702 | AU443: =AN443*42/1000 -> 258.174 | AV443: =AP443*42/1000 -> 765.198 | AW443: =AL443*42/1000 -> 5164.488 | AX443: =AM443*42/1000 -> 4486.02 | AY443: =AQ443*42/1000 -> 3933.804 | AZ443: 41882 | BA443: 42431 | BB443: 46297 | BC443: 2739 | BD443: 1901 | BI443: 69.41 | BJ443: 1.85 | BK443: 1.83 | BL443: 1.92
A444: 40087 | B444: 2009 | C444: 7.431 | D444: 0.101 | E444: 1367.717 | F444: 57.444 | G444: 7.33 | H444: 164.386 | I444: 438.045 | J444: -273.659 | K444: 553 | L444: 26 | M444: 1068.058 | N444: 44.858 | O444: 5.724 | AA444: #N/A | AB444: #N/A | AC444: #N/A | AD444: #N/A | AE444: #N/A | AF444: #N/A | AG444: #N/A | AH444: #N/A | AI444: #N/A | AJ444: #N/A | AK444: #N/A | AL444: 123493 | AM444: 113276 | AN444: 5496 | AO444: 171164 | AP444: 17280 | AQ444: 93326 | AT444: =AO444*42/1000 -> 7188.888 | AU444: =AN444*42/1000 -> 230.832 | AV444: =AP444*42/1000 -> 725.76 | AW444: =AL444*42/1000 -> 5186.706 | AX444: =AM444*42/1000 -> 4757.592 | AY444: =AQ444*42/1000 -> 3919.692 | AZ444: 40036 | BA444: 42231 | BB444: 43756 | BC444: 2603 | BD444: 2949 | BI444: 75.72 | BJ444: 1.98 | BK444: 1.93 | BL444: 1.98
A445: 40118 | B445: 2009 | C445: 8.238 | D445: 0.112 | E445: 1516.239 | F445: 63.682 | G445: 8.126 | H445: 108.604 | I445: 847.184 | J445: -738.58 | K445: 531 | L445: -22 | M445: 799.659 | N445: 33.586 | O445: 4.285 | AA445: #N/A | AB445: #N/A | AC445: #N/A | AD445: #N/A | AE445: #N/A | AF445: #N/A | AG445: #N/A | AH445: #N/A | AI445: #N/A | AJ445: #N/A | AK445: #N/A | AL445: 120554 | AM445: 107875 | AN445: 4916 | AO445: 171125 | AP445: 17634 | AQ445: 94372 | AT445: =AO445*42/1000 -> 7187.25 | AU445: =AN445*42/1000 -> 206.472 | AV445: =AP445*42/1000 -> 740.628 | AW445: =AL445*42/1000 -> 5063.268 | AX445: =AM445*42/1000 -> 4530.75 | AY445: =AQ445*42/1000 -> 3963.624 | AZ445: 39325 | BA445: 40567 | BB445: 42422 | BC445: 2134 | BD445: 2226 | BI445: 77.99 | BJ445: 2.04 | BK445: 2.06 | BL445: 2.04
A446: 40148 | B446: 2009 | C446: 7.948 | D446: 0.108 | E446: 1462.922 | F446: 61.443 | G446: 7.84 | H446: 171.021 | I446: 445.226 | J446: -274.205 | K446: 711 | L446: 180 | M446: 1008.717 | N446: 42.366 | O446: 5.406 | AA446: #N/A | AB446: #N/A | AC446: #N/A | AD446: #N/A | AE446: #N/A | AF446: #N/A | AG446: #N/A | AH446: #N/A | AI446: #N/A | AJ446: #N/A | AK446: #N/A | AL446: 120194 | AM446: 119706 | AN446: 6932 | AO446: 165964 | AP446: 12581 | AQ446: 93715 | AT446: =AO446*42/1000 -> 6970.488 | AU446: =AN446*42/1000 -> 291.144 | AV446: =AP446*42/1000 -> 528.402 | AW446: =AL446*42/1000 -> 5048.148 | AX446: =AM446*42/1000 -> 5027.652 | AY446: =AQ446*42/1000 -> 3936.03 | AZ446: 45406 | BA446: 42524 | BB446: 43397 | BC446: 1698 | BD446: 3605 | BI446: 74.47 | BJ446: 2 | BK446: 2.02 | BL446: 2
... A458: 40513 | B458: 2010 | C458: 3.194 | D458: 0.044 | E458: 587.97 | F458: 24.695 | G458: 3.151 | H458: 35.171 | I458: 112.608 | J458: -77.437 | K458: 672 | L458: -4 | M458: 514.533 | N458: 21.61 | O458: 2.757 | AA458: #N/A | AB458: #N/A | AC458: #N/A | AD458: #N/A | AE458: #N/A | AF458: #N/A | AG458: #N/A | AH458: #N/A | AI458: #N/A | AJ458: #N/A | AK458: #N/A | AL458: 144760 | AM458: 129441 | AN458: 6787 | AO458: 164306 | AP458: 19791 | AQ458: 122958 | AT458: =AO458*42/1000 -> 6900.852 | AU458: =AN458*42/1000 -> 285.054 | AV458: =AP458*42/1000 -> 831.222 | AW458: =AL458*42/1000 -> 6079.92 | AX458: =AM458*42/1000 -> 5436.522 | AY458: =AQ458*42/1000 -> 5164.236 | AZ458: 43925 | BA458: 42885 | BB458: 43218 | BC458: 2260 | BD458: 4141 | BI458: 89.15 | BJ458: 2.49 | BK458: 2.48 | BL458: 2.38
A459: 40544 | B459: 2011 | C459: 4.573 | D459: 0.062 | E459: 841.797 | F459: 35.355 | G459: 4.511 | H459: 50.177 | I459: 224.493 | J459: -174.316 | K459: 1015.761 | L459: 38.862 | M459: 628.619 | N459: 26.402 | O459: 3.369 | P459: 105.425 | Q459: 4.428 | R459: 0.579 | W459: 105.425 | X459: 4.428 | Y459: 0.579 | Z459: 0.579 | AA459: #N/A | AB459: #N/A | AC459: #N/A | AD459: #N/A | AE459: #N/A | AF459: #N/A | AG459: #N/A | AH459: #N/A | AI459: #N/A | AJ459: #N/A | AK459: #N/A | AL459: 133403 | AM459: 122699 | AN459: 10439 | AO459: 163086 | AP459: 22774 | AQ459: 115328 | AT459: =AO459*42/1000 -> 6849.612 | AU459: =AN459*42/1000 -> 438.438 | AV459: =AP459*42/1000 -> 956.508 | AW459: =AL459*42/1000 -> 5602.926 | AX459: =AM459*42/1000 -> 5153.358 | AY459: =AQ459*42/1000 -> 4843.776 | AZ459: 42218 | BA459: 41740 | BB459: 41793 | BC459: 2003 | BD459: 3906 | BI459: 89.17 | BJ459: 2.62 | BK459: 2.62 | BL459: 2.47
A460: 40575 | B460: 2011 | C460: 5.219 | D460: 0.071 | E460: 960.532 | F460: 40.342 | G460: 5.147 | H460: 38.563 | I460: 91.214 | J460: -52.651 | K460: 1216.502 | L460: 200.741 | M460: 707.14 | N460: 29.7 | O460: 3.79 | P460: 22.91 | Q460: 0.962 | R460: 0.126 | W460: 22.91 | X460: 0.962 | Y460: 0.126 | Z460: 0.126 | AA460: #N/A | AB460: #N/A | AC460: #N/A | AD460: #N/A | AE460: #N/A | AF460: #N/A | AG460: #N/A | AH460: #N/A | AI460: #N/A | AJ460: #N/A | AK460: #N/A | AL460: 112929 | AM460: 109577 | AN460: 5772 | AO460: 154077 | AP460: 18666 | AQ460: 96038 | AT460: =AO460*42/1000 -> 6471.234 | AU460: =AN460*42/1000 -> 242.424 | AV460: =AP460*42/1000 -> 783.972 | AW460: =AL460*42/1000 -> 4743.018 | AX460: =AM460*42/1000 -> 4602.234 | AY460: =AQ460*42/1000 -> 4033.596 | AZ460: 36346 | BA460: 37867 | BB460: 39390 | BC460: 1904 | BD460: 2786 | BI460: 88.58 | BJ460: 2.82 | BK460: 2.82 | BL460: 2.58
A461: 40603 | B461: 2011 | C461: 7.708 | D461: 0.105 | E461: 1418.814 | F461: 59.59 | G461: 7.603 | H461: 54.943 | I461: 203.908 | J461: -148.966 | K461: 1380.624 | L461: 164.121 | M461: 1105.727 | N461: 46.441 | O461: 5.926 | P461: 75.033 | Q461: 3.151 | R461: 0.412 | W461: 75.033 | X461: 3.151 | Y461: 0.412 | Z461: 0.412 | AA461: #N/A | AB461: #N/A | AC461: #N/A | AD461: #N/A | AE461: #N/A | AF461: #N/A | AG461: #N/A | AH461: #N/A | AI461: #N/A | AJ461: #N/A | AK461: #N/A | AL461: 134107 | AM461: 125398 | AN461: 5885 | AO461: 149239 | AP461: 20182 | AQ461: 113713 | AT461: =AO461*42/1000 -> 6268.038 | AU461: =AN461*42/1000 -> 247.17 | AV461: =AP461*42/1000 -> 847.644 | AW461: =AL461*42/1000 -> 5632.494 | AX461: =AM461*42/1000 -> 5266.716 | AY461: =AQ461*42/1000 -> 4775.946 | AZ461: 44352 | BA461: 42922 | BB461: 40108 | BC461: 2003 | BD461: 2715 | BI461: 102.86 | BJ461: 3.13 | BK461: 3.16 | BL461: 2.93
A462: 40634 | B462: 2011 | C462: 9.191 | D462: 0.125 | E462: 1691.708 | F462: 71.052 | G462: 9.066 | H462: 54.243 | I462: 229.2 | J462: -174.957 | K462: 1408.001 | L462: 27.377 | M462: 1489.374 | N462: 62.554 | O462: 7.982 | P462: 46.831 | Q462: 1.967 | R462: 0.257 | W462: 46.831 | X462: 1.967 | Y462: 0.257 | Z462: 0.257 | AA462: #N/A | AB462: #N/A | AC462: #N/A | AD462: #N/A | AE462: #N/A | AF462: #N/A | AG462: #N/A | AH462: #N/A | AI462: #N/A | AJ462: #N/A | AK462: #N/A | AL462: 125663 | AM462: 112635 | AN462: 5716 | AO462: 142919 | AP462: 26191 | AQ462: 108773 | AT462: =AO462*42/1000 -> 6002.598 | AU462: =AN462*42/1000 -> 240.072 | AV462: =AP462*42/1000 -> 1100.022 | AW462: =AL462*42/1000 -> 5277.846 | AX462: =AM462*42/1000 -> 4730.67 | AY462: =AQ462*42/1000 -> 4568.466 | AZ462: 42648 | BA462: 43714 | BB462: 38373 | BC462: 2390 | BD462: 3059 | BI462: 109.53 | BJ462: 3.3 | BK462: 3.31 | BL462: 3.22
A463: 40664 | B463: 2011 | C463: 9.986 | D463: 0.136 | E463: 1838.015 | F463: 77.197 | G463: 9.85 | H463: 49.35 | I463: 198.242 | J463: -148.891 | K463: 1576.299 | L463: 168.298 | M463: 1520.826 | N463: 63.875 | O463: 8.15 | P463: 179.182 | Q463: 7.526 | R463: 0.984 | W463: 179.182 | X463: 7.526 | Y463: 0.984 | Z463: 0.984 | AA463: #N/A | AB463: #N/A | AC463: #N/A | AD463: #N/A | AE463: #N/A | AF463: #N/A | AG463: #N/A | AH463: #N/A | AI463: #N/A | AJ463: #N/A | AK463: #N/A | AL463: 132783 | AM463: 114681 | AN463: 5264 | AO463: 144847 | AP463: 22569 | AQ463: 117271 | AT463: =AO463*42/1000 -> 6083.574 | AU463: =AN463*42/1000 -> 221.088 | AV463: =AP463*42/1000 -> 947.898 | AW463: =AL463*42/1000 -> 5576.886 | AX463: =AM463*42/1000 -> 4816.602 | AY463: =AQ463*42/1000 -> 4925.382 | AZ463: 45860 | BA463: 44135 | BB463: 41197 | BC463: 2832 | BD463: 1733 | BI463: 100.9 | BJ463: 3.12 | BK463: 3.22 | BL463: 3.17
A464: 40695 | B464: 2011 | C464: 10.529 | D464: 0.143 | E464: 1937.882 | F464: 81.391 | G464: 10.385 | H464: 49.62 | I464: 120.454 | J464: -70.834 | K464: 1523.582 | L464: -52.717 | M464: 1919.765 | N464: 80.63 | O464: 10.288 | P464: 108.66 | Q464: 4.564 | R464: 0.597 | W464: 108.66 | X464: 4.564 | Y464: 0.597 | Z464: 0.597 | AA464: #N/A | AB464: #N/A | AC464: #N/A | AD464: #N/A | AE464: #N/A | AF464: #N/A | AG464: #N/A | AH464: #N/A | AI464: #N/A | AJ464: #N/A | AK464: #N/A | AL464: 134123 | AM464: 118423 | AN464: 3814 | AO464: 143870 | AP464: 21771 | AQ464: 116585 | AT464: =AO464*42/1000 -> 6042.54 | AU464: =AN464*42/1000 -> 160.188 | AV464: =AP464*42/1000 -> 914.382 | AW464: =AL464*42/1000 -> 5633.166 | AX464: =AM464*42/1000 -> 4973.766 | AY464: =AQ464*42/1000 -> 4896.57 | AZ464: 47043 | BA464: 46203 | BB464: 42290 | BC464: 2474 | BD464: 2221 | BI464: 96.26 | BJ464: 3.08 | BK464: 3.14 | BL464: 2.97
A465: 40725 | B465: 2011 | C465: 11.859 | D465: 0.162 | E465: 2182.85 | F465: 91.68 | G465: 11.698 | H465: 64.321 | I465: 146.633 | J465: -82.311 | K465: 1747.585 | L465: 224.002 | M465: 1876.537 | N465: 78.815 | O465: 10.056 | P465: 153.961 | Q465: 6.466 | R465: 0.846 | W465: 153.961 | X465: 6.466 | Y465: 0.846 | Z465: 0.846 | AA465: #N/A | AB465: #N/A | AC465: #N/A | AD465: #N/A | AE465: #N/A | AF465: #N/A | AG465: #N/A | AH465: #N/A | AI465: #N/A | AJ465: #N/A | AK465: #N/A | AL465: 144348 | AM465: 110474 | AN465: 4867 | AO465: 154455 | AP465: 29464 | AQ465: 124026 | AT465: =AO465*42/1000 -> 6487.11 | AU465: =AN465*42/1000 -> 204.414 | AV465: =AP465*42/1000 -> 1237.488 | AW465: =AL465*42/1000 -> 6062.616 | AX465: =AM465*42/1000 -> 4639.908 | AY465: =AQ465*42/1000 -> 5209.092 | AZ465: 48047 | BA465: 45669 | BB465: 44228 | BC465: 2950 | BD465: 3390 | BI465: 97.3 | BJ465: 3.13 | BK465: 3.12 | BL465: 3.06
A466: 40756 | B466: 2011 | C466: 12.352 | D466: 0.168 | E466: 2273.45 | F466: 95.485 | G466: 12.183 | H466: 66.7 | I466: 73.826 | J466: -7.125 | K466: 1833.597 | L466: 86.012 | M466: 2180.313 | N466: 91.573 | O466: 11.684 | P466: 201.08 | Q466: 8.445 | R466: 1.105 | W466: 201.08 | X466: 8.445 | Y466: 1.105 | Z466: 1.105 | AA466: #N/A | AB466: #N/A | AC466: #N/A | AD466: #N/A | AE466: #N/A | AF466: #N/A | AG466: #N/A | AH466: #N/A | AI466: #N/A | AJ466: #N/A | AK466: #N/A | AL466: 144700 | AM466: 124277 | AN466: 4581 | AO466: 155064 | AP466: 25886 | AQ466: 124788 | AT466: =AO466*42/1000 -> 6512.688 | AU466: =AN466*42/1000 -> 192.402 | AV466: =AP466*42/1000 -> 1087.212 | AW466: =AL466*42/1000 -> 6077.4 | AX466: =AM466*42/1000 -> 5219.634 | AY466: =AQ466*42/1000 -> 5241.096 | AZ466: 47833 | BA466: 48185 | BB466: 43106 | BC466: 2036 | BD466: 2806 | BI466: 86.33 | BJ466: 3.03 | BK466: 3.06 | BL466: 2.95
A467: 40787 | B467: 2011 | C467: 12.411 | D467: 0.169 | E467: 2284.337 | F467: 95.942 | G467: 12.242 | H467: 67.479 | I467: 199.261 | J467: -131.782 | K467: 1617.43 | L467: -216.167 | M467: 2368.722 | N467: 99.486 | O467: 12.694 | P467: 140.454 | Q467: 5.899 | R467: 0.772 | W467: 140.454 | X467: 5.899 | Y467: 0.772 | Z467: 0.772 | AA467: #N/A | AB467: #N/A | AC467: #N/A | AD467: #N/A | AE467: #N/A | AF467: #N/A | AG467: #N/A | AH467: #N/A | AI467: #N/A | AJ467: #N/A | AK467: #N/A | AL467: 137294 | AM467: 118081 | AN467: 5375 | AO467: 153399 | AP467: 27925 | AQ467: 121092 | AT467: =AO467*42/1000 -> 6442.758 | AU467: =AN467*42/1000 -> 225.75 | AV467: =AP467*42/1000 -> 1172.85 | AW467: =AL467*42/1000 -> 5766.348 | AX467: =AM467*42/1000 -> 4959.402 | AY467: =AQ467*42/1000 -> 5085.864 | AZ467: 46601 | BA467: 42486 | BB467: 45860 | BC467: 1728 | BD467: 3089 | BI467: 85.52 | BJ467: 3.04 | BK467: 3.06 | BL467: 2.9
A468: 40817 | B468: 2011 | C468: 13.627 | D468: 0.186 | E468: 2508.154 | F468: 105.342 | G468: 13.441 | H468: 85.009 | I468: 136.092 | J468: -51.083 | K468: 1937.766 | L468: 320.336 | M468: 2136.735 | N468: 89.743 | O468: 11.451 | P468: 164.715 | Q468: 6.918 | R468: 0.905 | U468: 27 | V468: 27 | W468: 137.715 | X468: 5.784 | Y468: 0.757 | Z468: 0.757 | AA468: #N/A | AB468: #N/A | AC468: #N/A | AD468: #N/A | AE468: #N/A | AF468: #N/A | AG468: #N/A | AH468: #N/A | AI468: #N/A | AJ468: #N/A | AK468: #N/A | AL468: 140700 | AM468: 124105 | AN468: 3966 | AO468: 142327 | AP468: 33064 | AQ468: 122368 | AR468: 10000 | AT468: =AO468*42/1000 -> 5977.734 | AU468: =AN468*42/1000 -> 166.572 | AV468: =AP468*42/1000 -> 1388.688 | AW468: =AL468*42/1000 -> 5909.4 | AX468: =AM468*42/1000 -> 5212.41 | AY468: =AQ468*42/1000 -> 5139.456 | AZ468: 42706 | BA468: 42897 | BB468: 45135 | BC468: 1885 | BD468: 2419 | BI468: 86.32 | BJ468: 3.04 | BK468: 2.99 | BL468: 2.81
...

Sheet BD
A1: US BIODIESEL SUPPLY AND DEMAND
B2: 2001 | C2: 2002 | D2: 2003 | E2: 2004 | F2: 2005 | G2: 2006 | H2: 2007 | I2: 2008 | J2: 2009 | K2: 2010 | L2: 2011 | M2: 2012 | N2: 2013 | O2: 2014 | P2: 2015 | Q2: 2016 | R2: 2017 | S2: 2018 | T2: 2019 | U2: 2020 | V2: 2021 | W2: 2022 | X2: 2023 | Y2: 2024 | Z2: 2025e | AA2: 2026f | AB2: 2027f | AC2: 2028 | AD2: 2029 | AE2: 2030 | AF2: 2031 | AG2: 2032 | AH2: 2033 | AI2: 2034 | AJ2: 2035 | AK2: 2036 | AL2: 2037 | AM2: 2038 | AN2: 2039 | AO2: 2040 | AP2: 2041 | AQ2: 2042 | AR2: 2043 | AS2: 2044 | AT2: 2045 | AU2: 2046 | AV2: 2047 | AW2: 2048 | AX2: 2049 | AY2: 2050
A3: BD SUPPLY AND DEMAND
A4: Beginning Stocks | B4: 0 | C4: =B11 -> 0 | D4: =C11 -> 0 | E4: =D11 -> 0 | F4: =E11 -> 0 | G4: =F11 -> 0 | H4: =G11 -> 0 | I4: =H11 -> 0 | J4: =I11 -> 0 | ... AY4: =AX11 -> 282.09512
A5: Production | B5: =B37 -> 8.574 | C5: =C37 -> 10.482 | D5: =D37 -> 14.211 | E5: =E37 -> 27.983 | F5: =F37 -> 90.789 | G5: =G37 -> 250.44 | H5: =H37 -> 489.826 | I5: =I37 -> 678.107 | ... AY5: =AY37 -> 413.16161
A6: Imports | B6: =B53 -> 1.9267381 | C6: =C53 -> 4.6985952 | D6: =D53 -> 2.3048571 | E6: =E53 -> 2.393881 | F6: =F53 -> 5.0878571 | G6: =G53 -> 26.317 | H6: =H53 -> 82.261048 | I6: =I53 -> 184.6436 | ... Y6: =Y53 -> 404.28373 | Z6: ='[3]Monthly Gallon Summary'!Q$47/1000000 -> 340 | AA6: ='[3]Monthly Gallon Summary'!R$47/1000000 -> 190 | AB6: ='[3]Monthly Gallon Summary'!S$47/1000000 -> 200 | AC6: ='[3]Monthly Gallon Summary'!T$47/1000000 -> 220 | AD6: ='[3]Monthly Gallon Summary'!U$47/1000000 -> 220 | AE6: ='[3]Monthly Gallon Summary'!V$47/1000000 -> 230 | AF6: ='[3]Monthly Gallon Summary'!W$47/1000000 -> 210 | AG6: ='[3]Monthly Gallon Summary'!X$47/1000000 -> 190 | ... AY6: ='[3]Monthly Gallon Summary'!AP$47/1000000 -> 75.000108
A7: Total Supply | B7: =B4+B5+B6 -> 10.500738 | C7: =C4+C5+C6 -> 15.180595 | D7: =D4+D5+D6 -> 16.515857 | E7: =E4+E5+E6 -> 30.376881 | F7: =F4+F5+F6 -> 95.876857 | G7: =G4+G5+G6 -> 276.757 | H7: =H4+H5+H6 -> 572.08705 | I7: =I4+I5+I6 -> 862.7506 | ... AY7: =AY4+AY5+AY6 -> 770.25684
A8: Domestic Consumption | B8: =B10-B9 -> 10.500738 | C8: =C10-C9 -> 15.180595 | D8: =D10-D9 -> 16.515857 | E8: =E10-E9 -> 30.376881 | F8: =F10-F9 -> 95.876857 | G8: =G10-G9 -> 276.757 | H8: =H10-H9 -> 572.08705 | I8: =I10-I9 -> 862.7506 | ... AY8: =AY10-AY9 -> 350
A9: Exports | B9: =B69 -> 0 | C9: =C69 -> 0 | D9: =D69 -> 0 | E9: =E69 -> 0 | F9: =F69 -> 0 | G9: =G69 -> 0 | H9: =H69 -> 0 | I9: =I69 -> 0 | ... Y9: =Y69 -> 184.75502 | Z9: =MROUND(FORECAST(Z5,P9:Y9,P5:Y5)*0.75,5)+20 -> 130 | AA9: =MROUND(FORECAST(AA5,Q9:Z9,Q5:Z5)*0.75,5) -> 130 | AB9: =MROUND(FORECAST(AB5,R9:AA9,R5:AA5)*0.75,5) -> 125 | AC9: =MROUND(FORECAST(AC5,S9:AB9,S5:AB5)*0.75,5) -> 125 | AD9: =MROUND(FORECAST(AD5,T9:AC9,T5:AC5)*0.75,5)+5 -> 110 | AE9: =MROUND(FORECAST(AE5,U9:AD9,U5:AD5)*0.75,5) -> 100 | AF9: =MROUND(FORECAST(AF5,V9:AE9,V5:AE5)*0.75,5)+10 -> 105 | AG9: =MROUND(FORECAST(AG5,W9:AF9,W5:AF5)*0.75,5)+10 -> 115 | AH9: =MROUND(FORECAST(AH5,X9:AG9,X5:AG5)*0.75,5)+25 -> 110 | AI9: =MROUND(FORECAST(AI5,Y9:AH9,Y5:AH5)*0.75,5)+40 -> 125 | AJ9: =MROUND(FORECAST(AJ5,Z9:AI9,Z5:AI5)*0.75,5)+25 -> 110 | AK9: =MROUND(FORECAST(AK5,AA9:AJ9,AA5:AJ5)*0.75,5)+25 -> 110 | AL9: =MROUND(FORECAST(AL5,AB9:AK9,AB5:AK5)*0.75,5)+30 -> 115 | AM9: =MROUND(FORECAST(AM5,AC9:AL9,AC5:AL5)*0.75,5)+50 -> 140 | AN9: =MROUND(FORECAST(AN5,AD9:AM9,AD5:AM5)*0.75,5)+20 -> 115 | AO9: =MROUND(FORECAST(AO5,AE9:AN9,AE5:AN5)*0.75,5)+25 -> 120 | AP9: =MROUND(FORECAST(AP5,AF9:AO9,AF5:AO5)*0.75,5)+40 -> 130 | AQ9: =MROUND(FORECAST(AQ5,AG9:AP9,AG5:AP5)*0.75,5)+15 -> 110 | AR9: =MROUND(FORECAST(AR5,AH9:AQ9,AH5:AQ5)*0.75,5)-15 -> 75 | AS9: =MROUND(FORECAST(AS5,AI9:AR9,AI5:AR5)*0.75,5)+25 -> 105 | AT9: =MROUND(FORECAST(AT5,AJ9:AS9,AJ5:AS5)*0.75,5)+25 -> 105 | AU9: =MROUND(FORECAST(AU5,AK9:AT9,AK5:AT5)*0.75,5)+25 -> 105 | AV9: =MROUND(FORECAST(AV5,AL9:AU9,AL5:AU5)*0.75,5)+25 -> 105 | AW9: =MROUND(FORECAST(AW5,AM9:AV9,AM5:AV5)*0.75,5)+25 -> 105 | AX9: =MROUND(FORECAST(AX5,AN9:AW9,AN5:AW5)*0.75,5)+25 -> 105 | AY9: =MROUND(FORECAST(AY5,AO9:AX9,AO5:AX5)*0.75,5)+30 -> 110
A10: Total Use | B10: =B7-B11 -> 10.500738 | C10: =C7-C11 -> 15.180595 | D10: =D7-D11 -> 16.515857 | E10: =E7-E11 -> 30.376881 | F10: =F7-F11 -> 95.876857 | G10: =G7-G11 -> 276.757 | H10: =H7-H11 -> 572.08705 | I10: =I7-I11 -> 862.7506 | ... AY10: =AY7-AY11 -> 460
A11: Final Stocks | B11: =B100 -> 0 | C11: =C100 -> 0 | D11: =D100 -> 0 | E11: =E100 -> 0 | F11: =F100 -> 0 | G11: =G100 -> 0 | H11: =H100 -> 0 | I11: =I100 -> 0 | ... AY11: =AY100 -> 310.25684
A12: Yield | H12: =('[4]VO CY Balance Sheets'!AV$354+'[4]FOG CY Balance Sheet'!O$64)/H5 -> 6.9812746 | I12: =('[4]VO CY Balance Sheets'!AW$354+'[4]FOG CY Balance Sheet'!P$64)/I5 -> 7.2187118 | J12: =('[4]VO CY Balance Sheets'!AX$354+'[4]FOG CY Balance Sheet'!Q$64)/J5 -> 7.0600031 | K12: =('[4]VO CY Balance Sheets'!AY$354+'[4]FOG CY Balance Sheet'!R$64)/K5 -> 6.8337196 | L12: =('[4]VO CY Balance Sheets'!AZ$354+'[4]FOG CY Balance Sheet'!S$64)/L5 -> 6.7284399 | M12: =('[4]VO CY Balance Sheets'!BA$354+'[4]FOG CY Balance Sheet'!T$64)/M5 -> 7.0013435 | N12: =('[4]VO CY Balance Sheets'!BB$354+'[4]FOG CY Balance Sheet'!U$64)/N5 -> 6.760106 | O12: =('[4]VO CY Balance Sheets'!BC$354+'[4]FOG CY Balance Sheet'!V$64)/O5 -> 6.7700744 | ... AY12: =('[4]VO CY Balance Sheets'!CM$354+'[4]FOG CY Balance Sheet'!BF$64)/AY5 -> 7.4408331
A13: Stocks/Use | J13: =J11/J8 -> 0.056203101 | K13: =K11/K8 -> 0.078725942 | L13: =L11/L8 -> 0.089730455 | M13: =M11/M8 -> 0.089607362 | N13: =N11/N8 -> 0.12352097 | O13: =O11/O8 -> 0.09167095 | P13: =P11/P8 -> 0.1128197 | Q13: =Q11/Q8 -> 0.12698337 | ... AY13: =AY11/AY8 -> 0.88644811
A15: Total Diesel Consumption (Petro+BD+RD) | S15: =BD!S8+RD!U8+Diesel!S8 -> 65266.269 | T15: =BD!T8+RD!V8+Diesel!T8 -> 64906.612 | U15: =BD!U8+RD!W8+Diesel!U8 -> 60784.368 | V15: =BD!V8+RD!X8+Diesel!V8 -> 64501.526 | W15: =BD!W8+RD!Y8+Diesel!W8 -> 66013.745 | X15: =BD!X8+RD!Z8+Diesel!X8 -> 63703.315 | Y15: =BD!Y8+RD!AA8+Diesel!Y8 -> 61902.896 | Z15: =BD!Z8+RD!AB8+Diesel!Z8 -> 65395.197 | ... AH15: =BD!AH8+RD!AJ8+Diesel!AH8 -> 69246.37 | AI15: =BD!AI8+RD!AT8+Diesel!AI8 -> 70207.942 | AJ15: =BD!AJ8+RD!AU8+Diesel!AJ8 -> 69239.102 | AK15: =BD!AK8+RD!AV8+Diesel!AK8 -> 68943.84 | AL15: =BD!AL8+RD!AW8+Diesel!AL8 -> 67752.46 | AM15: =BD!AM8+RD!AX8+Diesel!AM8 -> 68213.129 | AN15: =BD!AN8+RD!AY8+Diesel!AN8 -> 67696.056 | AO15: =BD!AO8+RD!AZ8+Diesel!AO8 -> 60409.506 | AP15: =BD!AP8+RD!BA8+Diesel!AP8 -> 59990.128 | ... AY15: =BD!AY8+RD!BJ8+Diesel!AY8 -> 56242.512
A18: Actual Consumption Percent of Diesel (Line 8) | S18: =S8/S15 -> 0.029269061 | T18: =T8/T15 -> 0.027972114 | U18: =U8/U15 -> 0.031246259 | V18: =V8/V15 -> 0.026420245 | W18: =W8/W15 -> 0.024944697 | X18: =X8/X15 -> 0.030072914 | Y18: =Y8/Y15 -> 0.030696695 | Z18: =Z8/Z15 -> 0.024466629 | ... AY18: =AY8/AY15 -> 0.0062230506
A19: Biodiesel Capacity | S19: =(AVERAGE(Capacity!B86:B97)) -> 2524.9167 | T19: =(AVERAGE(Capacity!B98:B109)) -> 2543.0833 | U19: =(AVERAGE(Capacity!B110:B121)) -> 2491.25 | V19: =(AVERAGE(Capacity!B122:B133)) -> 2406.6667 | W19: =(AVERAGE(Capacity!B134:B145)) -> 2171.5 | X19: =(AVERAGE(Capacity!B146:B157)) -> 2076.0833 | Y19: =(AVERAGE(Capacity!B158:B169)) -> 2006.0833 | Z19: =(AVERAGE(Capacity!B170:B181)) -> 1892.3333 | AA19: =(AVERAGE(Capacity!B182:B193)) -> 1797.0556 | AB19: =(AVERAGE(Capacity!B194:B205)) -> 1790.3889 | AC19: =(AVERAGE(Capacity!B206:B217)) -> 1778.8611 | AD19: =(AVERAGE(Capacity!B218:B229)) -> 1795.6667 | AE19: =(AVERAGE(Capacity!B230:B241)) -> 1781.5 | AF19: =(AVERAGE(Capacity!B242:B253)) -> 1815.6667 | AG19: =(AVERAGE(Capacity!B254:B265)) -> 1830.6667 | AH19: =(AVERAGE(Capacity!B266:B277)) -> 1830.6667 | AI19: =(AVERAGE(Capacity!B278:B289)) -> 1780.6667 | AJ19: =(AVERAGE(Capacity!$B290:$B301)) -> 1780.6667 | AK19: =(AVERAGE(Capacity!$B302:$B313)) -> 1666.2222 | AL19: =(AVERAGE(Capacity!$B314:$B325)) -> 1452.8889 | AM19: =(AVERAGE(Capacity!$B326:$B337)) -> 1239.5556 | AN19: =(AVERAGE(Capacity!$B338:$B349)) -> 1026.2222 | AO19: =(AVERAGE(Capacity!$B350:$B361)) -> 812.88889 | AP19: =(AVERAGE(Capacity!$B362:$B373)) -> 697.05556 | AQ19: =(AVERAGE(Capacity!$B374:$B385)) -> 581.03704 | AR19: =(AVERAGE(Capacity!$B386:$B397)) -> 539.55556 | AS19: =(AVERAGE(Capacity!$B398:$B409)) -> 539.55556 | AT19: =(AVERAGE(Capacity!$B410:$B421)) -> 539.55556 | AU19: =AT19 -> 539.55556 | AV19: =AU19 -> 539.55556 | AW19: =AV19 -> 539.55556 | AX19: =AW19 -> 539.55556 | AY19: =AX19 -> 539.55556
A20: Biodiesel Operating Rate | S20: =S5/S19 -> 0.73485702 | T20: =T5/T19 -> 0.67389596 | U20: =U5/U19 -> 0.73251325 | V20: =V5/V19 -> 0.70829391 | W20: =W5/W19 -> 0.74612437 | X20: =X5/X19 -> 0.80543363 | Y20: =Y5/Y19 -> 0.83232152 | Z20: =Z5/Z19 -> 0.83809465 | ... AY20: =AY5/AY19 -> 0.76574433
A21: Biomass-Based Diesel Operating Rate | S21: =AVERAGE(Capacity!J110:J121) -> 0.74991146 | T21: =AVERAGE(Capacity!J98:J109) -> 0.71547699 | U21: =AVERAGE(Capacity!J110:J121) -> 0.74991146 | V21: =AVERAGE(Capacity!J122:J133) -> 0.77210098 | W21: =AVERAGE(Capacity!J134:J145) -> 0.72605232 | X21: =AVERAGE(Capacity!J146:J157) -> 0.76474719 | Y21: =AVERAGE(Capacity!J158:J169) -> 0.7615359 | Z21: =AVERAGE(Capacity!J170:J181) -> 0.6226588 | AA21: =AVERAGE(Capacity!J182:J193) -> 0.60120635 | AB21: =AVERAGE(Capacity!J194:J205) -> 0.63628855 | AC21: =AVERAGE(Capacity!J206:J217) -> 0.58510047 | AD21: =AVERAGE(Capacity!J218:J229) -> 0.61322237 | AE21: =AVERAGE(Capacity!J230:J241) -> 0.63707067 | AF21: =AVERAGE(Capacity!J242:J253) -> 0.66541643 | AG21: =AVERAGE(Capacity!I254:I265) -> 0.75246757 | AH21: =AVERAGE(Capacity!J266:J277) -> 0.74813844 | AI21: =AVERAGE(Capacity!J278:J289) -> 0.73342527 | AJ21: =AVERAGE(Capacity!$J290:$J301) -> 0.75890305 | AK21: =AVERAGE(Capacity!$J213:$J302) -> 0.69887226 | AL21: =AVERAGE(Capacity!$J214:$J325) -> 0.73279117 | AM21: =AVERAGE(Capacity!$J317:$J326) -> 0.93309322 | AN21: =AVERAGE(Capacity!$J290:$J301) -> 0.75890305 | AO21: =AVERAGE(Capacity!$J290:$J301) -> 0.75890305 | AP21: =AVERAGE(Capacity!$J290:$J301) -> 0.75890305 | AQ21: =AVERAGE(Capacity!$J290:$J301) -> 0.75890305 | AR21: =AVERAGE(Capacity!$J290:$J301) -> 0.75890305 | AS21: =AVERAGE(Capacity!$J290:$J301) -> 0.75890305 | AT21: =AVERAGE(Capacity!$J290:$J301) -> 0.75890305 | AU21: =AVERAGE(Capacity!$J290:$J301) -> 0.75890305 | ... AY21: =AVERAGE(Capacity!$J290:$J301) -> 0.75890305
A23: BIODIESEL PRODUCTION (million gallons)
B24: =B2 -> 2001 | C24: =C2 -> 2002 | D24: =D2 -> 2003 | E24: =E2 -> 2004 | F24: =F2 -> 2005 | G24: =G2 -> 2006 | H24: =H2 -> 2007 | I24: =I2 -> 2008 | ... AY24: =AY2 -> 2050
A25: January | B25: ='Monthly Data'!F339 -> 0.728 | C25: ='Monthly Data'!F351 -> 0.89 | D25: ='Monthly Data'!F363 -> 1.207 | E25: ='Monthly Data'!F375 -> 2.37 | F25: ='Monthly Data'!F387 -> 7.711 | G25: ='Monthly Data'!F399 -> 13.093 | H25: ='Monthly Data'!F411 -> 29.085 | I25: ='Monthly Data'!F423 -> 50.27 | J25: ='Monthly Data'!F435 -> 42.383 | K25: ='Monthly Data'!$F447 -> 26.607 | L25: ='[3]Monthly Gallon Summary'!C19/1000000 -> 33.003428 | M25: ='[3]Monthly Gallon Summary'!D19/1000000 -> 60.11773 | N25: ='[3]Monthly Gallon Summary'!E19/1000000 -> 71.163938 | O25: ='[3]Monthly Gallon Summary'!F19/1000000 -> 56.695627 | P25: ='[3]Monthly Gallon Summary'!G19/1000000 -> 55.879853 | Q25: ='[3]Monthly Gallon Summary'!H19/1000000 -> 85.571711 | R25: ='[3]Monthly Gallon Summary'!I19/1000000 -> 65.936175 | S25: ='[3]Monthly Gallon Summary'!J19/1000000 -> 110.49606 | ... AY25: ='[3]Monthly Gallon Summary'!AP19/1000000 -> 28.60582
A26: February | B26: ='Monthly Data'!F340 -> 0.658 | C26: ='Monthly Data'!F352 -> 0.804 | D26: ='Monthly Data'!F364 -> 1.09 | E26: ='Monthly Data'!F376 -> 2.217 | F26: ='Monthly Data'!F388 -> 6.964 | G26: ='Monthly Data'!F400 -> 11.317 | H26: ='Monthly Data'!F412 -> 23.701 | I26: ='Monthly Data'!F424 -> 45.105 | J26: ='Monthly Data'!F436 -> 33.432 | K26: ='Monthly Data'!$F448 -> 29.246 | L26: ='[3]Monthly Gallon Summary'!C20/1000000 -> 41.762104 | M26: ='[3]Monthly Gallon Summary'!D20/1000000 -> 72.928196 | N26: ='[3]Monthly Gallon Summary'!E20/1000000 -> 74.517662 | O26: ='[3]Monthly Gallon Summary'!F20/1000000 -> 69.859288 | P26: ='[3]Monthly Gallon Summary'!G20/1000000 -> 62.84731 | Q26: ='[3]Monthly Gallon Summary'!H20/1000000 -> 100.40192 | R26: ='[3]Monthly Gallon Summary'!I20/1000000 -> 78.476257 | S26: ='[3]Monthly Gallon Summary'!J20/1000000 -> 115.53627 | ... AY26: ='[3]Monthly Gallon Summary'!AP20/1000000 -> 26.905156
A27: March | B27: ='Monthly Data'!F341 -> 0.728 | C27: ='Monthly Data'!F353 -> 0.89 | D27: ='Monthly Data'!F365 -> 1.207 | E27: ='Monthly Data'!F377 -> 2.37 | F27: ='Monthly Data'!F389 -> 7.711 | G27: ='Monthly Data'!F401 -> 15.437 | H27: ='Monthly Data'!F413 -> 32.544 | I27: ='Monthly Data'!F425 -> 49.882 | J27: ='Monthly Data'!F437 -> 26.594 | K27: ='Monthly Data'!$F449 -> 33.772 | L27: ='[3]Monthly Gallon Summary'!C21/1000000 -> 63.521035 | M27: ='[3]Monthly Gallon Summary'!D21/1000000 -> 95.151425 | N27: ='[3]Monthly Gallon Summary'!E21/1000000 -> 101.03032 | O27: ='[3]Monthly Gallon Summary'!F21/1000000 -> 90.81126 | P27: ='[3]Monthly Gallon Summary'!G21/1000000 -> 92.371029 | Q27: ='[3]Monthly Gallon Summary'!H21/1000000 -> 126.75638 | R27: ='[3]Monthly Gallon Summary'!I21/1000000 -> 111.49471 | S27: ='[3]Monthly Gallon Summary'!J21/1000000 -> 145.19473 | ... AY27: ='[3]Monthly Gallon Summary'!AP21/1000000 -> 30.902251
A28: April | B28: ='Monthly Data'!F342 -> 0.705 | C28: ='Monthly Data'!F354 -> 0.862 | D28: ='Monthly Data'!F366 -> 1.168 | E28: ='Monthly Data'!F378 -> 2.294 | F28: ='Monthly Data'!F390 -> 7.462 | G28: ='Monthly Data'!F402 -> 16.186 | H28: ='Monthly Data'!F414 -> 32.125 | I28: ='Monthly Data'!F426 -> 53.276 | J28: ='Monthly Data'!F438 -> 28.171 | K28: ='Monthly Data'!$F450 -> 34.19 | L28: ='[3]Monthly Gallon Summary'!C22/1000000 -> 70.300597 | M28: ='[3]Monthly Gallon Summary'!D22/1000000 -> 92.581599 | N28: ='[3]Monthly Gallon Summary'!E22/1000000 -> 111.04371 | O28: ='[3]Monthly Gallon Summary'!F22/1000000 -> 103.38977 | P28: ='[3]Monthly Gallon Summary'!G22/1000000 -> 106.50409 | Q28: ='[3]Monthly Gallon Summary'!H22/1000000 -> 126.26679 | R28: ='[3]Monthly Gallon Summary'!I22/1000000 -> 124.32416 | S28: ='[3]Monthly Gallon Summary'!J22/1000000 -> 144.63767 | ... AY28: ='[3]Monthly Gallon Summary'!AP22/1000000 -> 34.354115
A29: May | B29: ='Monthly Data'!F343 -> 0.728 | C29: ='Monthly Data'!F355 -> 0.89 | D29: ='Monthly Data'!F367 -> 1.207 | E29: ='Monthly Data'!F379 -> 2.37 | F29: ='Monthly Data'!F391 -> 7.711 | G29: ='Monthly Data'!F403 -> 22.302 | H29: ='Monthly Data'!F415 -> 40.24 | I29: ='Monthly Data'!F427 -> 54.27 | J29: ='Monthly Data'!F439 -> 32.101 | K29: ='Monthly Data'!$F451 -> 31.915 | L29: ='[3]Monthly Gallon Summary'!C23/1000000 -> 77.877755 | M29: ='[3]Monthly Gallon Summary'!D23/1000000 -> 107.55476 | N29: ='[3]Monthly Gallon Summary'!E23/1000000 -> 118.98188 | O29: ='[3]Monthly Gallon Summary'!F23/1000000 -> 110.37475 | P29: ='[3]Monthly Gallon Summary'!G23/1000000 -> 121.53033 | Q29: ='[3]Monthly Gallon Summary'!H23/1000000 -> 135.28635 | R29: ='[3]Monthly Gallon Summary'!I23/1000000 -> 147.07406 | S29: ='[3]Monthly Gallon Summary'!J23/1000000 -> 166.23545 | ... AY29: ='[3]Monthly Gallon Summary'!AP23/1000000 -> 36.706662
A30: June | B30: ='Monthly Data'!F344 -> 0.705 | C30: ='Monthly Data'!F356 -> 0.862 | D30: ='Monthly Data'!F368 -> 1.168 | E30: ='Monthly Data'!F380 -> 2.294 | F30: ='Monthly Data'!F392 -> 7.462 | G30: ='Monthly Data'!F404 -> 25.7 | H30: ='Monthly Data'!F416 -> 39.59 | I30: ='Monthly Data'!F428 -> 60.681 | J30: ='Monthly Data'!F440 -> 33.588 | K30: ='Monthly Data'!$F452 -> 27.066 | L30: ='[3]Monthly Gallon Summary'!C24/1000000 -> 78.205276 | M30: ='[3]Monthly Gallon Summary'!D24/1000000 -> 106.61364 | N30: ='[3]Monthly Gallon Summary'!E24/1000000 -> 117.53991 | O30: ='[3]Monthly Gallon Summary'!F24/1000000 -> 113.67372 | P30: ='[3]Monthly Gallon Summary'!G24/1000000 -> 130.91955 | Q30: ='[3]Monthly Gallon Summary'!H24/1000000 -> 142.59393 | R30: ='[3]Monthly Gallon Summary'!I24/1000000 -> 145.01108 | S30: ='[3]Monthly Gallon Summary'!J24/1000000 -> 160.54822 | ... AY30: ='[3]Monthly Gallon Summary'!AP24/1000000 -> 35.928158
A31: July | B31: ='Monthly Data'!F345 -> 0.728 | C31: ='Monthly Data'!F357 -> 0.89 | D31: ='Monthly Data'!F369 -> 1.207 | E31: ='Monthly Data'!F381 -> 2.37 | F31: ='Monthly Data'!F393 -> 7.711 | G31: ='Monthly Data'!F405 -> 22.676 | H31: ='Monthly Data'!F417 -> 51.964 | I31: ='Monthly Data'!F429 -> 67.366 | J31: ='Monthly Data'!F441 -> 43.256 | K31: ='Monthly Data'!$F453 -> 27.597 | L31: ='[3]Monthly Gallon Summary'!C25/1000000 -> 87.034571 | M31: ='[3]Monthly Gallon Summary'!D25/1000000 -> 97.342403 | N31: ='[3]Monthly Gallon Summary'!E25/1000000 -> 128.49105 | O31: ='[3]Monthly Gallon Summary'!F25/1000000 -> 128.24403 | P31: ='[3]Monthly Gallon Summary'!G25/1000000 -> 129.17304 | Q31: ='[3]Monthly Gallon Summary'!H25/1000000 -> 137.96328 | R31: ='[3]Monthly Gallon Summary'!I25/1000000 -> 150.29036 | S31: ='[3]Monthly Gallon Summary'!J25/1000000 -> 169.77987 | ... AY31: ='[3]Monthly Gallon Summary'!AP25/1000000 -> 35.711577
A32: August | B32: ='Monthly Data'!F346 -> 0.728 | C32: ='Monthly Data'!F358 -> 0.89 | D32: ='Monthly Data'!F370 -> 1.207 | E32: ='Monthly Data'!F382 -> 2.37 | F32: ='Monthly Data'!F394 -> 7.711 | G32: ='Monthly Data'!F406 -> 28.918 | H32: ='Monthly Data'!F418 -> 54.51 | I32: ='Monthly Data'!F430 -> 68.155 | J32: ='Monthly Data'!F442 -> 44.996 | K32: ='Monthly Data'!$F454 -> 27.427 | L32: ='[3]Monthly Gallon Summary'!C26/1000000 -> 100.95345 | M32: ='[3]Monthly Gallon Summary'!D26/1000000 -> 96.353439 | N32: ='[3]Monthly Gallon Summary'!E26/1000000 -> 129.88715 | O32: ='[3]Monthly Gallon Summary'!F26/1000000 -> 127.4508 | P32: ='[3]Monthly Gallon Summary'!G26/1000000 -> 125.61067 | Q32: ='[3]Monthly Gallon Summary'!H26/1000000 -> 161.6464 | R32: ='[3]Monthly Gallon Summary'!I26/1000000 -> 157.5367 | S32: ='[3]Monthly Gallon Summary'!J26/1000000 -> 180.6313 | ... AY32: ='[3]Monthly Gallon Summary'!AP26/1000000 -> 36.894796
A33: September | B33: ='Monthly Data'!F347 -> 0.705 | C33: ='Monthly Data'!F359 -> 0.862 | D33: ='Monthly Data'!F371 -> 1.168 | E33: ='Monthly Data'!F383 -> 2.294 | F33: ='Monthly Data'!F395 -> 7.462 | G33: ='Monthly Data'!F407 -> 25.131 | H33: ='Monthly Data'!F419 -> 51.394 | I33: ='Monthly Data'!F431 -> 63.024 | J33: ='Monthly Data'!F443 -> 48.717 | K33: ='Monthly Data'!$F455 -> 30.357 | L33: ='[3]Monthly Gallon Summary'!C27/1000000 -> 114.22751 | M33: ='[3]Monthly Gallon Summary'!D27/1000000 -> 81.339106 | N33: ='[3]Monthly Gallon Summary'!E27/1000000 -> 127.64858 | O33: ='[3]Monthly Gallon Summary'!F27/1000000 -> 124.53519 | P33: ='[3]Monthly Gallon Summary'!G27/1000000 -> 117.82916 | Q33: ='[3]Monthly Gallon Summary'!H27/1000000 -> 146.66405 | R33: ='[3]Monthly Gallon Summary'!I27/1000000 -> 148.33321 | S33: ='[3]Monthly Gallon Summary'!J27/1000000 -> 157.00636 | ... AY33: ='[3]Monthly Gallon Summary'!AP27/1000000 -> 34.794526
A34: October | B34: ='Monthly Data'!F348 -> 0.728 | C34: ='Monthly Data'!F360 -> 0.89 | D34: ='Monthly Data'!F372 -> 1.207 | E34: ='Monthly Data'!F384 -> 2.37 | F34: ='Monthly Data'!F396 -> 7.711 | G34: ='Monthly Data'!F408 -> 23.037 | H34: ='Monthly Data'!F420 -> 49.888 | I34: ='Monthly Data'!F432 -> 61.515 | J34: ='Monthly Data'!F444 -> 57.444 | K34: ='Monthly Data'!$F456 -> 28.404 | L34: ='[3]Monthly Gallon Summary'!C28/1000000 -> 113.67755 | M34: ='[3]Monthly Gallon Summary'!D28/1000000 -> 80.712245 | N34: ='[3]Monthly Gallon Summary'!E28/1000000 -> 131.44185 | O34: ='[3]Monthly Gallon Summary'!F28/1000000 -> 121.33813 | P34: ='[3]Monthly Gallon Summary'!G28/1000000 -> 105.03092 | Q34: ='[3]Monthly Gallon Summary'!H28/1000000 -> 143.08537 | R34: ='[3]Monthly Gallon Summary'!I28/1000000 -> 149.34792 | S34: ='[3]Monthly Gallon Summary'!J28/1000000 -> 171.27691 | ... AY34: ='[3]Monthly Gallon Summary'!AP28/1000000 -> 35.514388
A35: November | B35: ='Monthly Data'!F349 -> 0.705 | C35: ='Monthly Data'!F361 -> 0.862 | D35: ='Monthly Data'!F373 -> 1.168 | E35: ='Monthly Data'!F385 -> 2.294 | F35: ='Monthly Data'!F397 -> 7.462 | G35: ='Monthly Data'!F409 -> 21.858 | H35: ='Monthly Data'!F421 -> 41.701 | I35: ='Monthly Data'!F433 -> 60.395 | J35: ='Monthly Data'!F445 -> 63.682 | K35: ='Monthly Data'!$F457 -> 22.168 | L35: ='[3]Monthly Gallon Summary'!C29/1000000 -> 105.78351 | M35: ='[3]Monthly Gallon Summary'!D29/1000000 -> 68.02528 | N35: ='[3]Monthly Gallon Summary'!E29/1000000 -> 111.90079 | O35: ='[3]Monthly Gallon Summary'!F29/1000000 -> 97.343855 | P35: ='[3]Monthly Gallon Summary'!G29/1000000 -> 96.476718 | Q35: ='[3]Monthly Gallon Summary'!H29/1000000 -> 139.70769 | R35: ='[3]Monthly Gallon Summary'!I29/1000000 -> 147.82995 | S35: ='[3]Monthly Gallon Summary'!J29/1000000 -> 150.78054 | ... AY35: ='[3]Monthly Gallon Summary'!AP29/1000000 -> 33.800326
A36: December | B36: ='Monthly Data'!F350 -> 0.728 | C36: ='Monthly Data'!F362 -> 0.89 | D36: ='Monthly Data'!F374 -> 1.207 | E36: ='Monthly Data'!F386 -> 2.37 | F36: ='Monthly Data'!F398 -> 7.711 | G36: ='Monthly Data'!F410 -> 24.785 | H36: ='Monthly Data'!F422 -> 43.084 | I36: ='Monthly Data'!F434 -> 44.168 | J36: ='Monthly Data'!F446 -> 61.443 | K36: ='Monthly Data'!$F458 -> 24.695 | L36: ='[3]Monthly Gallon Summary'!C30/1000000 -> 150.74355 | M36: ='[3]Monthly Gallon Summary'!D30/1000000 -> 58.227854 | N36: ='[3]Monthly Gallon Summary'!E30/1000000 -> 160.94684 | O36: ='[3]Monthly Gallon Summary'!F30/1000000 -> 163.49669 | P36: ='[3]Monthly Gallon Summary'!G30/1000000 -> 110.10007 | Q36: ='[3]Monthly Gallon Summary'!H30/1000000 -> 187.16325 | R36: ='[3]Monthly Gallon Summary'!I30/1000000 -> 162.59516 | S36: ='[3]Monthly Gallon Summary'!J30/1000000 -> 183.32938 | ... AY36: ='[3]Monthly Gallon Summary'!AP30/1000000 -> 43.043835
A37: Total | B37: =SUM(B25:B36) -> 8.574 | C37: =SUM(C25:C36) -> 10.482 | D37: =SUM(D25:D36) -> 14.211 | E37: =SUM(E25:E36) -> 27.983 | F37: =SUM(F25:F36) -> 90.789 | G37: =SUM(G25:G36) -> 250.44 | H37: =SUM(H25:H36) -> 489.826 | I37: =SUM(I25:I36) -> 678.107 | ... AY37: =SUM(AY25:AY36) -> 413.16161
A39: BIODIESEL IMPORTS (million gallons)
B40: =B2 -> 2001 | C40: =C2 -> 2002 | D40: =D2 -> 2003 | E40: =E2 -> 2004 | F40: =F2 -> 2005 | G40: =G2 -> 2006 | H40: =H2 -> 2007 | I40: =I2 -> 2008 | ... AY40: =AY2 -> 2050
A41: January | B41: ='Monthly Data'!H339/42 -> 0.071047619 | C41: ='Monthly Data'!H351/42 -> 0.32961905 | D41: ='Monthly Data'!H363/42 -> 0.3372619 | E41: ='Monthly Data'!H375/42 -> 0.252 | F41: ='Monthly Data'!H387/42 -> 0.35452381 | G41: ='Monthly Data'!H399/42 -> 0.53928571 | H41: ='Monthly Data'!H411/42 -> 5.8391905 | I41: ='Monthly Data'!H423/42 -> 14.730976 | J41: ='Monthly Data'!H435/42 -> 6.4195476 | K41: ='Monthly Data'!H447/42 -> 1.0003333 | L41: ='[3]Monthly Gallon Summary'!C35/1000000 -> 2.636424 | M41: ='[3]Monthly Gallon Summary'!D35/1000000 -> 1.038381 | N41: ='[3]Monthly Gallon Summary'!E35/1000000 -> 0.975984 | O41: ='[3]Monthly Gallon Summary'!F35/1000000 -> 1.981954 | P41: ='[3]Monthly Gallon Summary'!G35/1000000 -> 8.626445 | Q41: ='[3]Monthly Gallon Summary'!H35/1000000 -> 20.718362 | R41: ='[3]Monthly Gallon Summary'!I35/1000000 -> 21.190089 | S41: ='[3]Monthly Gallon Summary'!J35/1000000 -> 10.696089 | ... AY41: ='[3]Monthly Gallon Summary'!AP35/1000000 -> 3.7690937
A42: February | B42: ='Monthly Data'!H340/42 -> 0.033642857 | C42: ='Monthly Data'!H352/42 -> 0.68547619 | D42: ='Monthly Data'!H364/42 -> 0.064690476 | E42: ='Monthly Data'!H376/42 -> 0.44869048 | F42: ='Monthly Data'!H388/42 -> 0.80395238 | G42: ='Monthly Data'!H400/42 -> 0.47157143 | H42: ='Monthly Data'!H412/42 -> 3.6367143 | I42: ='Monthly Data'!H424/42 -> 20.629857 | J42: ='Monthly Data'!H436/42 -> 3.8767857 | K42: ='Monthly Data'!H448/42 -> 0.76545238 | L42: ='[3]Monthly Gallon Summary'!C36/1000000 -> 1.336045 | M42: ='[3]Monthly Gallon Summary'!D36/1000000 -> 4.022017 | N42: ='[3]Monthly Gallon Summary'!E36/1000000 -> 3.073611 | O42: ='[3]Monthly Gallon Summary'!F36/1000000 -> 3.895094 | P42: ='[3]Monthly Gallon Summary'!G36/1000000 -> 5.025091 | Q42: ='[3]Monthly Gallon Summary'!H36/1000000 -> 13.775403 | R42: ='[3]Monthly Gallon Summary'!I36/1000000 -> 29.772126 | S42: ='[3]Monthly Gallon Summary'!J36/1000000 -> 11.584681 | ... AY42: ='[3]Monthly Gallon Summary'!AP36/1000000 -> 5.1308566
A43: March | B43: ='Monthly Data'!H341/42 -> 0.16542857 | C43: ='Monthly Data'!H353/42 -> 1.0363333 | D43: ='Monthly Data'!H365/42 -> 0.10102381 | E43: ='Monthly Data'!H377/42 -> 0.10083333 | F43: ='Monthly Data'!H389/42 -> 0.30738095 | G43: ='Monthly Data'!H401/42 -> 0.97209524 | H43: ='Monthly Data'!H413/42 -> 2.7954762 | I43: ='Monthly Data'!H425/42 -> 6.7379048 | J43: ='Monthly Data'!H437/42 -> 9.4384048 | K43: ='Monthly Data'!H449/42 -> 1.4686667 | L43: ='[3]Monthly Gallon Summary'!C37/1000000 -> 4.627645 | M43: ='[3]Monthly Gallon Summary'!D37/1000000 -> 4.310074 | N43: ='[3]Monthly Gallon Summary'!E37/1000000 -> 9.369422 | O43: ='[3]Monthly Gallon Summary'!F37/1000000 -> 13.088434 | P43: ='[3]Monthly Gallon Summary'!G37/1000000 -> 13.440537 | Q43: ='[3]Monthly Gallon Summary'!H37/1000000 -> 9.815784 | R43: ='[3]Monthly Gallon Summary'!I37/1000000 -> 40.549915 | S43: ='[3]Monthly Gallon Summary'!J37/1000000 -> 15.643523 | ... AY43: ='[3]Monthly Gallon Summary'!AP37/1000000 -> 4.2894282
A44: April | B44: ='Monthly Data'!H342/42 -> 0.051333333 | C44: ='Monthly Data'!H354/42 -> 0.23707143 | D44: ='Monthly Data'!H366/42 -> 0.095142857 | E44: ='Monthly Data'!H378/42 -> 0.3802619 | F44: ='Monthly Data'!H390/42 -> 0.42290476 | G44: ='Monthly Data'!H402/42 -> 0.41411905 | H44: ='Monthly Data'!H414/42 -> 4.417881 | I44: ='Monthly Data'!H426/42 -> 16.928976 | J44: ='Monthly Data'!H438/42 -> 1.2679048 | K44: ='Monthly Data'!H450/42 -> 1.100881 | L44: ='[3]Monthly Gallon Summary'!C38/1000000 -> 2.211755 | M44: ='[3]Monthly Gallon Summary'!D38/1000000 -> 2.657742 | N44: ='[3]Monthly Gallon Summary'!E38/1000000 -> 4.789267 | O44: ='[3]Monthly Gallon Summary'!F38/1000000 -> 5.759471 | P44: ='[3]Monthly Gallon Summary'!G38/1000000 -> 19.801586 | Q44: ='[3]Monthly Gallon Summary'!H38/1000000 -> 34.059686 | R44: ='[3]Monthly Gallon Summary'!I38/1000000 -> 20.854252 | S44: ='[3]Monthly Gallon Summary'!J38/1000000 -> 15.936188 | ... AY44: ='[3]Monthly Gallon Summary'!AP38/1000000 -> 7.3721336
A45: May | B45: ='Monthly Data'!H343/42 -> 0.04602381 | C45: ='Monthly Data'!H355/42 -> 0.39154762 | D45: ='Monthly Data'!H367/42 -> 0.088547619 | E45: ='Monthly Data'!H379/42 -> 0.079904762 | F45: ='Monthly Data'!H391/42 -> 0.18154762 | G45: ='Monthly Data'!H403/42 -> 1.8514286 | H45: ='Monthly Data'!H415/42 -> 2.712119 | I45: ='Monthly Data'!H427/42 -> 12.636905 | J45: ='Monthly Data'!H439/42 -> 2.8713095 | K45: ='Monthly Data'!H451/42 -> 1.9735714 | L45: ='[3]Monthly Gallon Summary'!C39/1000000 -> 2.249922 | M45: ='[3]Monthly Gallon Summary'!D39/1000000 -> 2.132126 | N45: ='[3]Monthly Gallon Summary'!E39/1000000 -> 10.033114 | O45: ='[3]Monthly Gallon Summary'!F39/1000000 -> 7.79621 | P45: ='[3]Monthly Gallon Summary'!G39/1000000 -> 18.863894 | Q45: ='[3]Monthly Gallon Summary'!H39/1000000 -> 47.584612 | R45: ='[3]Monthly Gallon Summary'!I39/1000000 -> 39.031612 | S45: ='[3]Monthly Gallon Summary'!J39/1000000 -> 16.056827 | ... AY45: ='[3]Monthly Gallon Summary'!AP39/1000000 -> 5.8560109
A46: June | B46: ='Monthly Data'!H344/42 -> 0.068190476 | C46: ='Monthly Data'!H356/42 -> 0.42635714 | D46: ='Monthly Data'!H368/42 -> 0.088642857 | E46: ='Monthly Data'!H380/42 -> 0.14161905 | F46: ='Monthly Data'!H392/42 -> 0.5235 | G46: ='Monthly Data'!H404/42 -> 3.6118333 | H46: ='Monthly Data'!H416/42 -> 8.9625 | I46: ='Monthly Data'!H428/42 -> 12.59569 | J46: ='Monthly Data'!H440/42 -> 3.3995 | K46: ='Monthly Data'!H452/42 -> 1.3354762 | L46: ='[3]Monthly Gallon Summary'!C40/1000000 -> 3.510101 | M46: ='[3]Monthly Gallon Summary'!D40/1000000 -> 5.877535 | N46: ='[3]Monthly Gallon Summary'!E40/1000000 -> 14.747164 | O46: ='[3]Monthly Gallon Summary'!F40/1000000 -> 10.072934 | P46: ='[3]Monthly Gallon Summary'!G40/1000000 -> 25.51191 | Q46: ='[3]Monthly Gallon Summary'!H40/1000000 -> 73.601957 | R46: ='[3]Monthly Gallon Summary'!I40/1000000 -> 83.762771 | S46: ='[3]Monthly Gallon Summary'!J40/1000000 -> 12.234295 | ... AY46: ='[3]Monthly Gallon Summary'!AP40/1000000 -> 6.4826871
A47: July | B47: ='Monthly Data'!H345/42 -> 0.31109524 | C47: ='Monthly Data'!H357/42 -> 0.5202381 | D47: ='Monthly Data'!H369/42 -> 0.099404762 | E47: ='Monthly Data'!H381/42 -> 0.16809524 | F47: ='Monthly Data'!H393/42 -> 0.24409524 | G47: ='Monthly Data'!H405/42 -> 1.8296905 | H47: ='Monthly Data'!H417/42 -> 6.6307143 | I47: ='Monthly Data'!H429/42 -> 12.957738 | J47: ='Monthly Data'!H441/42 -> 1.4204286 | K47: ='Monthly Data'!H453/42 -> 0.79392857 | L47: ='[3]Monthly Gallon Summary'!C41/1000000 -> 2.521122 | M47: ='[3]Monthly Gallon Summary'!D41/1000000 -> 2.650483 | N47: ='[3]Monthly Gallon Summary'!E41/1000000 -> 6.520032 | O47: ='[3]Monthly Gallon Summary'!F41/1000000 -> 24.687905 | P47: ='[3]Monthly Gallon Summary'!G41/1000000 -> 50.409126 | Q47: ='[3]Monthly Gallon Summary'!H41/1000000 -> 41.162765 | R47: ='[3]Monthly Gallon Summary'!I41/1000000 -> 54.630838 | S47: ='[3]Monthly Gallon Summary'!J41/1000000 -> 5.311333 | ... AY47: ='[3]Monthly Gallon Summary'!AP41/1000000 -> 4.5741791
A48: August | B48: ='Monthly Data'!H346/42 -> 0.057357143 | C48: ='Monthly Data'!H358/42 -> 0.17369048 | D48: ='Monthly Data'!H370/42 -> 0.23204762 | E48: ='Monthly Data'!H382/42 -> 0.089309524 | F48: ='Monthly Data'!H394/42 -> 0.94083333 | G48: ='Monthly Data'!H406/42 -> 2.2886667 | H48: ='Monthly Data'!H418/42 -> 10.056286 | I48: ='Monthly Data'!H430/42 -> 22.319286 | J48: ='Monthly Data'!H442/42 -> 3.0926429 | K48: ='Monthly Data'!H454/42 -> 1.2801667 | L48: ='[3]Monthly Gallon Summary'!C42/1000000 -> 2.583842 | M48: ='[3]Monthly Gallon Summary'!D42/1000000 -> 3.399417 | N48: ='[3]Monthly Gallon Summary'!E42/1000000 -> 17.424036 | O48: ='[3]Monthly Gallon Summary'!F42/1000000 -> 13.829568 | P48: ='[3]Monthly Gallon Summary'!G42/1000000 -> 47.655602 | Q48: ='[3]Monthly Gallon Summary'!H42/1000000 -> 64.517887 | R48: ='[3]Monthly Gallon Summary'!I42/1000000 -> 52.04108 | S48: ='[3]Monthly Gallon Summary'!J42/1000000 -> 13.020993 | ... AY48: ='[3]Monthly Gallon Summary'!AP42/1000000 -> 5.4356532
A49: September | B49: ='Monthly Data'!H347/42 -> 0.29914286 | C49: ='Monthly Data'!H359/42 -> 0.16747619 | D49: ='Monthly Data'!H371/42 -> 0.34645238 | E49: ='Monthly Data'!H383/42 -> 0.22361905 | F49: ='Monthly Data'!H395/42 -> 0.27692857 | G49: ='Monthly Data'!H407/42 -> 2.1728571 | H49: ='Monthly Data'!H419/42 -> 7.3705 | I49: ='Monthly Data'!H431/42 -> 22.361357 | J49: ='Monthly Data'!H443/42 -> 3.0197857 | K49: ='Monthly Data'!H455/42 -> 1.6890952 | L49: ='[3]Monthly Gallon Summary'!C43/1000000 -> 4.644979 | M49: ='[3]Monthly Gallon Summary'!D43/1000000 -> 4.003665 | N49: ='[3]Monthly Gallon Summary'!E43/1000000 -> 20.231679 | O49: ='[3]Monthly Gallon Summary'!F43/1000000 -> 21.700223 | P49: ='[3]Monthly Gallon Summary'!G43/1000000 -> 24.990488 | Q49: ='[3]Monthly Gallon Summary'!H43/1000000 -> 90.173986 | R49: ='[3]Monthly Gallon Summary'!I43/1000000 -> 27.897293 | S49: ='[3]Monthly Gallon Summary'!J43/1000000 -> 11.814679 | ... AY49: ='[3]Monthly Gallon Summary'!AP43/1000000 -> 5.5979725
A50: October | B50: ='Monthly Data'!H348/42 -> 0.31702381 | C50: ='Monthly Data'!H360/42 -> 0.20983333 | D50: ='Monthly Data'!H372/42 -> 0.07052381 | E50: ='Monthly Data'!H384/42 -> 0.23895238 | F50: ='Monthly Data'!H396/42 -> 0.19635714 | G50: ='Monthly Data'!H408/42 -> 2.4838095 | H50: ='Monthly Data'!H420/42 -> 10.534738 | I50: ='Monthly Data'!H432/42 -> 17.750738 | J50: ='Monthly Data'!H444/42 -> 3.9139524 | K50: ='Monthly Data'!H456/42 -> 0.44492857 | L50: ='[3]Monthly Gallon Summary'!C44/1000000 -> 4.553366 | M50: ='[3]Monthly Gallon Summary'!D44/1000000 -> 1.813495 | N50: ='[3]Monthly Gallon Summary'!E44/1000000 -> 21.39971 | O50: ='[3]Monthly Gallon Summary'!F44/1000000 -> 21.877641 | P50: ='[3]Monthly Gallon Summary'!G44/1000000 -> 49.009535 | Q50: ='[3]Monthly Gallon Summary'!H44/1000000 -> 66.892361 | R50: ='[3]Monthly Gallon Summary'!I44/1000000 -> 36.685627 | S50: ='[3]Monthly Gallon Summary'!J44/1000000 -> 20.321432 | ... AY50: ='[3]Monthly Gallon Summary'!AP44/1000000 -> 6.3792071
A51: November | B51: ='Monthly Data'!H349/42 -> 0.45888095 | C51: ='Monthly Data'!H361/42 -> 0.27380952 | D51: ='Monthly Data'!H373/42 -> 0.6995 | E51: ='Monthly Data'!H385/42 -> 0.16052381 | F51: ='Monthly Data'!H397/42 -> 0.57183333 | G51: ='Monthly Data'!H409/42 -> 4.6077619 | H51: ='Monthly Data'!H421/42 -> 6.0324286 | I51: ='Monthly Data'!H433/42 -> 15.054667 | J51: ='Monthly Data'!H445/42 -> 2.5858095 | K51: ='Monthly Data'!H457/42 -> 0.73761905 | L51: ='[3]Monthly Gallon Summary'!C45/1000000 -> 3.194691 | M51: ='[3]Monthly Gallon Summary'!D45/1000000 -> 0.809682 | N51: ='[3]Monthly Gallon Summary'!E45/1000000 -> 29.530582 | O51: ='[3]Monthly Gallon Summary'!F45/1000000 -> 32.014643 | P51: ='[3]Monthly Gallon Summary'!G45/1000000 -> 29.950806 | Q51: ='[3]Monthly Gallon Summary'!H45/1000000 -> 85.678433 | R51: ='[3]Monthly Gallon Summary'!I45/1000000 -> 24.382225 | S51: ='[3]Monthly Gallon Summary'!J45/1000000 -> 12.92036 | ... AY51: ='[3]Monthly Gallon Summary'!AP45/1000000 -> 6.110781
A52: December | B52: ='Monthly Data'!H350/42 -> 0.047571429 | C52: ='Monthly Data'!H362/42 -> 0.24714286 | D52: ='Monthly Data'!H374/42 -> 0.081619048 | E52: ='Monthly Data'!H386/42 -> 0.11007143 | F52: ='Monthly Data'!H398/42 -> 0.264 | G52: ='Monthly Data'!H410/42 -> 5.073881 | H52: ='Monthly Data'!H422/42 -> 13.2725 | I52: ='Monthly Data'!H434/42 -> 9.9395 | J52: ='Monthly Data'!H446/42 -> 4.0719286 | K52: ='Monthly Data'!H458/42 -> 0.83740476 | L52: ='[3]Monthly Gallon Summary'!C46/1000000 -> 10.38968 | M52: ='[3]Monthly Gallon Summary'!D46/1000000 -> 0.732245 | N52: ='[3]Monthly Gallon Summary'!E46/1000000 -> 45.701773 | O52: ='[3]Monthly Gallon Summary'!F46/1000000 -> 24.806004 | P52: ='[3]Monthly Gallon Summary'!G46/1000000 -> 42.379836 | Q52: ='[3]Monthly Gallon Summary'!H46/1000000 -> 126.18708 | R52: ='[3]Monthly Gallon Summary'!I46/1000000 -> 31.116816 | S52: ='[3]Monthly Gallon Summary'!J46/1000000 -> 29.600921 | ... AY52: ='[3]Monthly Gallon Summary'!AP46/1000000 -> 14.002105
A53: Total | B53: =SUM(B41:B52) -> 1.9267381 | C53: =SUM(C41:C52) -> 4.6985952 | D53: =SUM(D41:D52) -> 2.3048571 | E53: =SUM(E41:E52) -> 2.393881 | F53: =SUM(F41:F52) -> 5.0878571 | G53: =SUM(G41:G52) -> 26.317 | H53: =SUM(H41:H52) -> 82.261048 | I53: =SUM(I41:I52) -> 184.6436 | ... Y53: =SUM(Y41:Y52) -> 404.28373 | Z53: =Z6 -> 340 | AA53: =AA6 -> 190 | AB53: =AB6 -> 200 | AC53: =AC6 -> 220 | AD53: =AD6 -> 220 | AE53: =AE6 -> 230 | AF53: =AF6 -> 210 | AG53: =AG6 -> 190 | ... AY53: =AY6 -> 75.000108
A55: BIODIESEL EXPORTS (million gallons)
B56: =B2 -> 2001 | C56: =C2 -> 2002 | D56: =D2 -> 2003 | E56: =E2 -> 2004 | F56: =F2 -> 2005 | G56: =G2 -> 2006 | H56: =H2 -> 2007 | I56: =I2 -> 2008 | ... AY56: =AY2 -> 2050
A57: January | M57: ='Monthly Data'!$I471*42/1000 -> 10.852422 | N57: ='Monthly Data'!$I483*42/1000 -> 0.658686 | O57: ='Monthly Data'!$I495*42/1000 -> 5.63829 | P57: ='Monthly Data'!$I507*42/1000 -> 0.921186 | Q57: ='Monthly Data'!$I519*42/1000 -> 1.781808 | R57: ='Monthly Data'!$I531*42/1000 -> 1.784916 | S57: ='Monthly Data'!$I543*42/1000 -> 3.539802 | T57: ='Monthly Data'!$I555*42/1000 -> 3.583902 | U57: ='Monthly Data'!$I567*42/1000 -> 1.32237 | V57: ='Monthly Data'!$I579*42/1000 -> 6.976116 | W57: ='Monthly Data'!$I591*42/1000 -> 8.77422 | X57: ='Monthly Data'!$I603*42/1000 -> 6.896358 | Y57: ='Monthly Data'!$I615*42/1000 -> 5.130594 | Z57: ='Monthly Data'!$I627*42/1000 -> 8.169546 | AA57: =AA$69*(SUM(U57:Z57)/SUM(U$69:Z$69)) -> 4.234127 | AB57: =AB$69*(SUM(V57:AA57)/SUM(V$69:AA$69)) -> 4.4485062 | AC57: =AC$69*(SUM(W57:AB57)/SUM(W$69:AB$69)) -> 4.4108981 | AD57: =AD$69*(SUM(X57:AC57)/SUM(X$69:AC$69)) -> 3.8390019 | AE57: =AE$69*(SUM(Y57:AD57)/SUM(Y$69:AD$69)) -> 3.7567549 | AF57: =AF$69*(SUM(Z57:AE57)/SUM(Z$69:AE$69)) -> 4.20858 | AG57: =AG$69*(SUM(AA57:AF57)/SUM(AA$69:AF$69)) -> 4.1197911 | AH57: =AH$69*(SUM(AB57:AG57)/SUM(AB$69:AG$69)) -> 4.0091008 | ... AY57: =AY$69*(SUM(AS57:AX57)/SUM(AS$69:AX$69)) -> 4.0550465
A58: February | M58: ='Monthly Data'!$I472*42/1000 -> 5.234124 | N58: ='Monthly Data'!$I484*42/1000 -> 1.553622 | O58: ='Monthly Data'!$I496*42/1000 -> 5.908728 | P58: ='Monthly Data'!$I508*42/1000 -> 0.982128 | Q58: ='Monthly Data'!$I520*42/1000 -> 2.060772 | R58: ='Monthly Data'!$I532*42/1000 -> 2.4654 | S58: ='Monthly Data'!$I544*42/1000 -> 4.338684 | T58: ='Monthly Data'!$I556*42/1000 -> 3.840522 | U58: ='Monthly Data'!$I568*42/1000 -> 3.748248 | V58: ='Monthly Data'!$I580*42/1000 -> 5.112198 | W58: ='Monthly Data'!$I592*42/1000 -> 5.199894 | X58: ='Monthly Data'!$I604*42/1000 -> 6.295296 | Y58: ='Monthly Data'!I616*42/1000 -> 8.95062 | Z58: =Z$69*(SUM(T58:Y58)/SUM(T$69:Y$69)) -> 3.8169002 | AA58: =AA$69*(SUM(U58:Z58)/SUM(U$69:Z$69)) -> 3.7630976 | AB58: =AB$69*(SUM(V58:AA58)/SUM(V$69:AA$69)) -> 3.668768 | AC58: =AC$69*(SUM(W58:AB58)/SUM(W$69:AB$69)) -> 3.712858 | AD58: =AD$69*(SUM(X58:AC58)/SUM(X$69:AC$69)) -> 3.4835296 | AE58: =AE$69*(SUM(Y58:AD58)/SUM(Y$69:AD$69)) -> 3.4042376 | AF58: =AF$69*(SUM(Z58:AE58)/SUM(Z$69:AE$69)) -> 3.1863695 | AG58: =AG$69*(SUM(AA58:AF58)/SUM(AA$69:AF$69)) -> 3.5110344 | ... AY58: =AY$69*(SUM(AS58:AX58)/SUM(AS$69:AX$69)) -> 3.4213788
A59: March | M59: ='Monthly Data'!$I473*42/1000 -> 7.94976 | N59: ='Monthly Data'!$I485*42/1000 -> 7.396872 | O59: ='Monthly Data'!$I497*42/1000 -> 3.839136 | P59: ='Monthly Data'!$I509*42/1000 -> 8.009778 | Q59: ='Monthly Data'!$I521*42/1000 -> 9.812124 | R59: ='Monthly Data'!$I533*42/1000 -> 5.731698 | S59: ='Monthly Data'!$I545*42/1000 -> 10.797402 | T59: ='Monthly Data'!$I557*42/1000 -> 9.493554 | U59: ='Monthly Data'!$I569*42/1000 -> 9.580158 | V59: ='Monthly Data'!$I581*42/1000 -> 11.204718 | W59: ='Monthly Data'!$I593*42/1000 -> 7.179228 | X59: ='Monthly Data'!$I605*42/1000 -> 10.951164 | Y59: ='Monthly Data'!I617*42/1000 -> 13.706112 | Z59: =Z$69*(SUM(T59:Y59)/SUM(T$69:Y$69)) -> 7.1526259 | AA59: =AA$69*(SUM(U59:Z59)/SUM(U$69:Z$69)) -> 6.7908812 | AB59: =AB$69*(SUM(V59:AA59)/SUM(V$69:AA$69)) -> 6.3088814 | AC59: =AC$69*(SUM(W59:AB59)/SUM(W$69:AB$69)) -> 6.1019482 | AD59: =AD$69*(SUM(X59:AC59)/SUM(X$69:AC$69)) -> 5.8826526 | AE59: =AE$69*(SUM(Y59:AD59)/SUM(Y$69:AD$69)) -> 5.7089549 | AF59: =AF$69*(SUM(Z59:AE59)/SUM(Z$69:AE$69)) -> 5.5337835 | AG59: =AG$69*(SUM(AA59:AF59)/SUM(AA$69:AF$69)) -> 6.0109593 | ... AY59: =AY$69*(SUM(AS59:AX59)/SUM(AS$69:AX$69)) -> 5.8179088
A60: April | M60: ='Monthly Data'!$I474*42/1000 -> 9.676296 | N60: ='Monthly Data'!$I486*42/1000 -> 15.580698 | O60: ='Monthly Data'!$I498*42/1000 -> 10.96536 | P60: ='Monthly Data'!$I510*42/1000 -> 10.085922 | Q60: ='Monthly Data'!$I522*42/1000 -> 10.31457 | R60: ='Monthly Data'!$I534*42/1000 -> 11.90322 | S60: ='Monthly Data'!$I546*42/1000 -> 9.133782 | T60: ='Monthly Data'!$I558*42/1000 -> 15.539622 | U60: ='Monthly Data'!$I570*42/1000 -> 22.09872 | V60: ='Monthly Data'!$I582*42/1000 -> 20.745858 | W60: ='Monthly Data'!$I594*42/1000 -> 26.563446 | X60: ='Monthly Data'!$I606*42/1000 -> 47.926788 | Y60: ='Monthly Data'!I618*42/1000 -> 17.967936 | Z60: =Z$69*(SUM(T60:Y60)/SUM(T$69:Y$69)) -> 17.369721 | AA60: =AA$69*(SUM(U60:Z60)/SUM(U$69:Z$69)) -> 17.345008 | AB60: =AB$69*(SUM(V60:AA60)/SUM(V$69:AA$69)) -> 16.37635 | AC60: =AC$69*(SUM(W60:AB60)/SUM(W$69:AB$69)) -> 16.816063 | AD60: =AD$69*(SUM(X60:AC60)/SUM(X$69:AC$69)) -> 15.430014 | AE60: =AE$69*(SUM(Y60:AD60)/SUM(Y$69:AD$69)) -> 12.588314 | AF60: =AF$69*(SUM(Z60:AE60)/SUM(Z$69:AE$69)) -> 13.989131 | AG60: =AG$69*(SUM(AA60:AF60)/SUM(AA$69:AF$69)) -> 15.313182 | ... AY60: =AY$69*(SUM(AS60:AX60)/SUM(AS$69:AX$69)) -> 14.628749
A61: May | M61: ='Monthly Data'!$I475*42/1000 -> 13.42152 | N61: ='Monthly Data'!$I487*42/1000 -> 23.650368 | O61: ='Monthly Data'!$I499*42/1000 -> 8.717688 | P61: ='Monthly Data'!$I511*42/1000 -> 10.700424 | Q61: ='Monthly Data'!$I523*42/1000 -> 14.082432 | R61: ='Monthly Data'!$I535*42/1000 -> 10.050306 | S61: ='Monthly Data'!$I547*42/1000 -> 16.64922 | T61: ='Monthly Data'!$I559*42/1000 -> 18.492096 | U61: ='Monthly Data'!$I571*42/1000 -> 20.847918 | V61: ='Monthly Data'!$I583*42/1000 -> 23.683632 | W61: ='Monthly Data'!$I595*42/1000 -> 29.374506 | X61: ='Monthly Data'!$I607*42/1000 -> 31.831212 | Y61: ='Monthly Data'!I619*42/1000 -> 21.155358 | Z61: =Z$69*(SUM(T61:Y61)/SUM(T$69:Y$69)) -> 16.741264 | AA61: =AA$69*(SUM(U61:Z61)/SUM(U$69:Z$69)) -> 16.318141 | AB61: =AB$69*(SUM(V61:AA61)/SUM(V$69:AA$69)) -> 15.400466 | AC61: =AC$69*(SUM(W61:AB61)/SUM(W$69:AB$69)) -> 15.325007 | AD61: =AD$69*(SUM(X61:AC61)/SUM(X$69:AC$69)) -> 13.466068 | AE61: =AE$69*(SUM(Y61:AD61)/SUM(Y$69:AD$69)) -> 12.228107 | AF61: =AF$69*(SUM(Z61:AE61)/SUM(Z$69:AE$69)) -> 13.049029 | AG61: =AG$69*(SUM(AA61:AF61)/SUM(AA$69:AF$69)) -> 14.194941 | ... AY61: =AY$69*(SUM(AS61:AX61)/SUM(AS$69:AX$69)) -> 13.548931
A62: June | M62: ='Monthly Data'!$I476*42/1000 -> 16.458162 | N62: ='Monthly Data'!$I488*42/1000 -> 24.670254 | O62: ='Monthly Data'!$I500*42/1000 -> 11.06322 | P62: ='Monthly Data'!$I512*42/1000 -> 10.915044 | Q62: ='Monthly Data'!$I524*42/1000 -> 9.254112 | R62: ='Monthly Data'!$I536*42/1000 -> 9.491958 | S62: ='Monthly Data'!$I548*42/1000 -> 11.57205 | T62: ='Monthly Data'!$I560*42/1000 -> 12.607014 | U62: ='Monthly Data'!$I572*42/1000 -> 21.948822 | V62: ='Monthly Data'!$I584*42/1000 -> 27.644652 | W62: ='Monthly Data'!$I596*42/1000 -> 24.719016 | X62: ='Monthly Data'!$I608*42/1000 -> 35.224224 | Y62: ='Monthly Data'!I620*42/1000 -> 20.144754 | Z62: =Z$69*(SUM(T62:Y62)/SUM(T$69:Y$69)) -> 16.384728 | AA62: =AA$69*(SUM(U62:Z62)/SUM(U$69:Z$69)) -> 16.594474 | AB62: =AB$69*(SUM(V62:AA62)/SUM(V$69:AA$69)) -> 15.578461 | AC62: =AC$69*(SUM(W62:AB62)/SUM(W$69:AB$69)) -> 15.070183 | AD62: =AD$69*(SUM(X62:AC62)/SUM(X$69:AC$69)) -> 13.722698 | AE62: =AE$69*(SUM(Y62:AD62)/SUM(Y$69:AD$69)) -> 12.114904 | AF62: =AF$69*(SUM(Z62:AE62)/SUM(Z$69:AE$69)) -> 13.047044 | AG62: =AG$69*(SUM(AA62:AF62)/SUM(AA$69:AF$69)) -> 14.251357 | ... AY62: =AY$69*(SUM(AS62:AX62)/SUM(AS$69:AX$69)) -> 13.56336
A63: July | M63: ='Monthly Data'!$I477*42/1000 -> 17.90271 | N63: ='Monthly Data'!$I489*42/1000 -> 18.011616 | O63: ='Monthly Data'!$I501*42/1000 -> 13.446384 | P63: ='Monthly Data'!$I513*42/1000 -> 10.7121 | Q63: ='Monthly Data'!$I525*42/1000 -> 10.48656 | R63: ='Monthly Data'!$I537*42/1000 -> 19.024026 | S63: ='Monthly Data'!$I549*42/1000 -> 10.878084 | T63: ='Monthly Data'!$I561*42/1000 -> 16.454004 | U63: ='Monthly Data'!$I573*42/1000 -> 15.792084 | V63: ='Monthly Data'!$I585*42/1000 -> 20.555934 | W63: ='Monthly Data'!$I597*42/1000 -> 26.231898 | X63: ='Monthly Data'!$I609*42/1000 -> 29.04216 | Y63: ='Monthly Data'!I621*42/1000 -> 26.351346 | Z63: =Z$69*(SUM(T63:Y63)/SUM(T$69:Y$69)) -> 15.479516 | AA63: =AA$69*(SUM(U63:Z63)/SUM(U$69:Z$69)) -> 15.161491 | AB63: =AB$69*(SUM(V63:AA63)/SUM(V$69:AA$69)) -> 14.705 | AC63: =AC$69*(SUM(W63:AB63)/SUM(W$69:AB$69)) -> 14.874053 | AD63: =AD$69*(SUM(X63:AC63)/SUM(X$69:AC$69)) -> 13.332542 | AE63: =AE$69*(SUM(Y63:AD63)/SUM(Y$69:AD$69)) -> 12.414206 | AF63: =AF$69*(SUM(Z63:AE63)/SUM(Z$69:AE$69)) -> 12.536826 | AG63: =AG$69*(SUM(AA63:AF63)/SUM(AA$69:AF$69)) -> 13.737804 | ... AY63: =AY$69*(SUM(AS63:AX63)/SUM(AS$69:AX$69)) -> 13.239051
A64: August | M64: ='Monthly Data'!$I478*42/1000 -> 16.915542 | N64: ='Monthly Data'!$I490*42/1000 -> 28.842492 | O64: ='Monthly Data'!$I502*42/1000 -> 11.096442 | P64: ='Monthly Data'!$I514*42/1000 -> 11.53215 | Q64: ='Monthly Data'!$I526*42/1000 -> 9.857274 | R64: ='Monthly Data'!$I538*42/1000 -> 16.269204 | S64: ='Monthly Data'!$I550*42/1000 -> 11.05776 | T64: ='Monthly Data'!$I562*42/1000 -> 12.224478 | U64: ='Monthly Data'!$I574*42/1000 -> 21.507822 | V64: ='Monthly Data'!$I586*42/1000 -> 23.053128 | W64: ='Monthly Data'!$I598*42/1000 -> 34.914264 | X64: ='Monthly Data'!$I610*42/1000 -> 23.207058 | Y64: ='Monthly Data'!I622*42/1000 -> 24.421404 | Z64: =Z$69*(SUM(T64:Y64)/SUM(T$69:Y$69)) -> 16.043842 | AA64: =AA$69*(SUM(U64:Z64)/SUM(U$69:Z$69)) -> 16.262885 | AB64: =AB$69*(SUM(V64:AA64)/SUM(V$69:AA$69)) -> 15.267442 | AC64: =AC$69*(SUM(W64:AB64)/SUM(W$69:AB$69)) -> 15.242531 | AD64: =AD$69*(SUM(X64:AC64)/SUM(X$69:AC$69)) -> 12.736522 | AE64: =AE$69*(SUM(Y64:AD64)/SUM(Y$69:AD$69)) -> 12.422989 | AF64: =AF$69*(SUM(Z64:AE64)/SUM(Z$69:AE$69)) -> 12.829864 | AG64: =AG$69*(SUM(AA64:AF64)/SUM(AA$69:AF$69)) -> 14.025405 | ... AY64: =AY$69*(SUM(AS64:AX64)/SUM(AS$69:AX$69)) -> 13.367132
A65: September | M65: ='Monthly Data'!$I479*42/1000 -> 12.383952 | N65: ='Monthly Data'!$I491*42/1000 -> 21.449442 | O65: ='Monthly Data'!$I503*42/1000 -> 5.722836 | P65: ='Monthly Data'!$I515*42/1000 -> 8.407056 | Q65: ='Monthly Data'!$I527*42/1000 -> 6.306216 | R65: ='Monthly Data'!$I539*42/1000 -> 4.18719 | S65: ='Monthly Data'!$I551*42/1000 -> 8.0157 | T65: ='Monthly Data'!$I563*42/1000 -> 9.97941 | U65: ='Monthly Data'!$I575*42/1000 -> 17.873604 | V65: ='Monthly Data'!$I587*42/1000 -> 19.894098 | W65: ='Monthly Data'!$I599*42/1000 -> 26.90709 | X65: ='Monthly Data'!$I611*42/1000 -> 17.205468 | Y65: ='Monthly Data'!I623*42/1000 -> 20.254962 | Z65: =Z$69*(SUM(T65:Y65)/SUM(T$69:Y$69)) -> 12.910165 | AA65: =AA$69*(SUM(U65:Z65)/SUM(U$69:Z$69)) -> 13.070222 | AB65: =AB$69*(SUM(V65:AA65)/SUM(V$69:AA$69)) -> 12.20509 | AC65: =AC$69*(SUM(W65:AB65)/SUM(W$69:AB$69)) -> 12.013561 | AD65: =AD$69*(SUM(X65:AC65)/SUM(X$69:AC$69)) -> 10.108879 | AE65: =AE$69*(SUM(Y65:AD65)/SUM(Y$69:AD$69)) -> 10.010857 | AF65: =AF$69*(SUM(Z65:AE65)/SUM(Z$69:AE$69)) -> 10.254821 | AG65: =AG$69*(SUM(AA65:AF65)/SUM(AA$69:AF$69)) -> 11.196107 | ... AY65: =AY$69*(SUM(AS65:AX65)/SUM(AS$69:AX$69)) -> 10.668736
A66: October | M66: ='Monthly Data'!$I480*42/1000 -> 8.781654 | N66: ='Monthly Data'!$I492*42/1000 -> 17.413326 | O66: ='Monthly Data'!$I504*42/1000 -> 1.665468 | P66: ='Monthly Data'!$I516*42/1000 -> 6.751122 | Q66: ='Monthly Data'!$I528*42/1000 -> 4.783842 | R66: ='Monthly Data'!$I540*42/1000 -> 9.128112 | S66: ='Monthly Data'!$I552*42/1000 -> 8.552796 | T66: ='Monthly Data'!$I564*42/1000 -> 6.63201 | U66: ='Monthly Data'!$I576*42/1000 -> 4.734282 | V66: ='Monthly Data'!$I588*42/1000 -> 8.9628 | W66: ='Monthly Data'!$I600*42/1000 -> 19.661376 | X66: ='Monthly Data'!$I612*42/1000 -> 18.927174 | Y66: ='Monthly Data'!I624*42/1000 -> 15.908382 | Z66: =Z$69*(SUM(T66:Y66)/SUM(T$69:Y$69)) -> 8.6163266 | AA66: =AA$69*(SUM(U66:Z66)/SUM(U$69:Z$69)) -> 8.7263667 | AB66: =AB$69*(SUM(V66:AA66)/SUM(V$69:AA$69)) -> 8.9457812 | AC66: =AC$69*(SUM(W66:AB66)/SUM(W$69:AB$69)) -> 9.4635985 | AD66: =AD$69*(SUM(X66:AC66)/SUM(X$69:AC$69)) -> 8.1401563 | AE66: =AE$69*(SUM(Y66:AD66)/SUM(Y$69:AD$69)) -> 7.4309088 | AF66: =AF$69*(SUM(Z66:AE66)/SUM(Z$69:AE$69)) -> 7.4846243 | AG66: =AG$69*(SUM(AA66:AF66)/SUM(AA$69:AF$69)) -> 8.3050577 | ... AY66: =AY$69*(SUM(AS66:AX66)/SUM(AS$69:AX$69)) -> 8.0278641
A67: November | M67: ='Monthly Data'!$I481*42/1000 -> 2.740542 | N67: ='Monthly Data'!$I493*42/1000 -> 17.128692 | O67: ='Monthly Data'!$I505*42/1000 -> 2.733234 | P67: ='Monthly Data'!$I517*42/1000 -> 3.188598 | Q67: ='Monthly Data'!$I529*42/1000 -> 6.008226 | R67: ='Monthly Data'!$I541*42/1000 -> 2.072532 | S67: ='Monthly Data'!$I553*42/1000 -> 5.986008 | T67: ='Monthly Data'!$I565*42/1000 -> 2.347926 | U67: ='Monthly Data'!$I577*42/1000 -> 3.056718 | V67: ='Monthly Data'!$I589*42/1000 -> 6.963432 | W67: ='Monthly Data'!$I601*42/1000 -> 9.276582 | X67: ='Monthly Data'!$I613*42/1000 -> 15.178842 | Y67: ='Monthly Data'!I625*42/1000 -> 5.021856 | Z67: =Z$69*(SUM(T67:Y67)/SUM(T$69:Y$69)) -> 4.8185542 | AA67: =AA$69*(SUM(U67:Z67)/SUM(U$69:Z$69)) -> 5.0347066 | AB67: =AB$69*(SUM(V67:AA67)/SUM(V$69:AA$69)) -> 5.1252886 | AC67: =AC$69*(SUM(W67:AB67)/SUM(W$69:AB$69)) -> 5.2077738 | AD67: =AD$69*(SUM(X67:AC67)/SUM(X$69:AC$69)) -> 4.6574261 | AE67: =AE$69*(SUM(Y67:AD67)/SUM(Y$69:AD$69)) -> 3.7111425 | AF67: =AF$69*(SUM(Z67:AE67)/SUM(Z$69:AE$69)) -> 4.1642551 | AG67: =AG$69*(SUM(AA67:AF67)/SUM(AA$69:AF$69)) -> 4.6166448 | ... AY67: =AY$69*(SUM(AS67:AX67)/SUM(AS$69:AX$69)) -> 4.404983
A68: December | M68: ='Monthly Data'!$I482*42/1000 -> 6.02532 | N68: ='Monthly Data'!$I494*42/1000 -> 19.979526 | O68: ='Monthly Data'!$I506*42/1000 -> 2.122512 | P68: ='Monthly Data'!$I518*42/1000 -> 5.606286 | Q68: ='Monthly Data'!$I530*42/1000 -> 3.375918 | R68: ='Monthly Data'!$I542*42/1000 -> 1.477896 | S68: ='Monthly Data'!$I554*42/1000 -> 3.231102 | T68: ='Monthly Data'!$I566*42/1000 -> 3.480456 | U68: ='Monthly Data'!$I578*42/1000 -> 2.70438 | V68: ='Monthly Data'!$I590*42/1000 -> 12.206586 | W68: ='Monthly Data'!$I602*42/1000 -> 19.38447 | X68: ='Monthly Data'!$I614*42/1000 -> 16.427796 | Y68: ='Monthly Data'!I626*42/1000 -> 5.741694 | Z68: =Z69-SUM(Z57:Z67) -> 2.4968128 | AA68: =AA69-SUM(AA57:AA67) -> 6.6986001 | AB68: =AB69-SUM(AB57:AB67) -> 6.9699669 | AC68: =AC69-SUM(AC57:AC67) -> 6.7615264 | AD68: =AD69-SUM(AD57:AD67) -> 5.2005106 | AE68: =AE69-SUM(AE57:AE67) -> 4.2086237 | AF68: =AF69-SUM(AF57:AF67) -> 4.7156726 | AG68: =AG69-SUM(AG57:AG67) -> 5.7177173 | ... AY68: =AY69-SUM(AY57:AY67) -> 5.2568603
A69: Total | M69: =SUM(M57:M68) -> 128.342 | N69: =SUM(N57:N68) -> 196.33559 | O69: =SUM(O57:O68) -> 82.919298 | P69: =SUM(P57:P68) -> 87.811794 | Q69: =SUM(Q57:Q68) -> 88.123854 | R69: =SUM(R57:R68) -> 93.586458 | S69: =SUM(S57:S68) -> 103.75239 | T69: =SUM(T57:T68) -> 114.67499 | ... Y69: =SUM(Y57:Y68) -> 184.75502 | Z69: =Z9 -> 130 | AA69: =AA9 -> 130 | AB69: =AB9 -> 125 | AC69: =AC9 -> 125 | AD69: =AD9 -> 110 | AE69: =AE9 -> 100 | AF69: =AF9 -> 105 | AG69: =AG9 -> 115 | ... AY69: =AY9 -> 110
X70: =X9 -> 259.11354
A71: BIODIESEL CONSUMPTION (millions of gallons)
B72: =B2 -> 2001 | C72: =C2 -> 2002 | D72: =D2 -> 2003 | E72: =E2 -> 2004 | F72: =F2 -> 2005 | G72: =G2 -> 2006 | H72: =H2 -> 2007 | I72: =I2 -> 2008 | ... AY72: =AY2 -> 2050
A73: January | B73: ='Monthly Data'!N339 -> 0.719 | C73: ='Monthly Data'!N351 -> 1.317 | D73: ='Monthly Data'!N363 -> 1.428 | E73: ='Monthly Data'!N375 -> 2.598 | F73: ='Monthly Data'!N387 -> 8.006 | G73: ='Monthly Data'!N399 -> 12.894 | H73: A | I73: ='Monthly Data'!N423 -> 28.496 | J73: ='Monthly Data'!N435 -> 3.318 | K73: ='Monthly Data'!N447 -> 1.315 | L73: ='Monthly Data'!N459 -> 26.402 | M73: ='Monthly Data'!N471 -> 43.76 | N73: ='Monthly Data'!N483 -> 69.066 | O73: ='Monthly Data'!N495 -> 80.484 | P73: ='Monthly Data'!N507 -> 49.372 | Q73: ='Monthly Data'!N519 -> 101.49 | R73: ='Monthly Data'!N531 -> 101.112 | S73: ='Monthly Data'!N543 -> 119.836 | T73: ='Monthly Data'!N555 -> 124.2 | U73: ='Monthly Data'!N567 -> 131.627 | V73: =U100+V25+V41-V57-V89 -> 70.435334 | W73: =V100+W25+W41-W57-W89 -> 79.687237 | X73: =W100+X25+X41-X57-X89 -> 103.89806 | Y73: =X100+Y25+Y41-Y57-Y89 -> 140.53889 | Z73: =Y100+Z25+Z41-Z57-Z89 -> 81.371039 | AA73: =AA$85*(SUM(V73:Z73)/SUM(V$85:Z$85))+10 -> 98.21775 | AB73: =AB$85*(SUM(W73:AA73)/SUM(W$85:AA$85)) -> 88.420017 | AC73: =AC$85*(SUM(X73:AB73)/SUM(X$85:AB$85)) -> 74.779394 | AD73: =AD$85*(SUM(Y73:AC73)/SUM(Y$85:AC$85)) -> 91.768477 | AE73: =AE$85*(SUM(Z73:AD73)/SUM(Z$85:AD$85)) -> 88.359858 | AF73: =AF$85*(SUM(AA73:AE73)/SUM(AA$85:AE$85)) -> 89.20111 | AG73: =AG$85*(SUM(AB73:AF73)/SUM(AB$85:AF$85)) -> 87.394529 | AH73: =AH$85*(SUM(AC73:AG73)/SUM(AC$85:AG$85)) -> 86.300674 | AI73: =AI$85*(SUM(AD73:AH73)/SUM(AD$85:AH$85)) -> 81.766294 | ... AY73: =AY$85*(SUM(AT73:AX73)/SUM(AT$85:AX$85)) -> 20.767178
A74: February | B74: ='Monthly Data'!N340 -> 0.502 | C74: ='Monthly Data'!N352 -> 1.841 | D74: ='Monthly Data'!N364 -> 0.806 | E74: ='Monthly Data'!N376 -> 2.663 | F74: ='Monthly Data'!N388 -> 8.047 | G74: ='Monthly Data'!N400 -> 9.032 | H74: ='Monthly Data'!N412 -> 22.594 | I74: ='Monthly Data'!N424 -> 21.412 | J74: ='Monthly Data'!N436 -> 3.066 | K74: ='Monthly Data'!N448 -> 24.988 | L74: ='Monthly Data'!N460 -> 29.7 | M74: ='Monthly Data'!N472 -> 60.886 | N74: ='Monthly Data'!N484 -> 71.371 | O74: ='Monthly Data'!N496 -> 75.734 | P74: ='Monthly Data'!N508 -> 89.939 | Q74: ='Monthly Data'!N520 -> 118.899 | R74: ='Monthly Data'!N532 -> 111.303 | S74: ='Monthly Data'!N544 -> 114.253 | T74: ='Monthly Data'!N556 -> 130.254 | U74: ='Monthly Data'!N568 -> 143.012 | V74: =V89+V26+V42-V58-V90 -> 128.85011 | W74: =W89+W26+W42-W58-W90 -> 115.60895 | X74: =X89+X26+X42-X58-X90 -> 128.88883 | Y74: =Y89+Y26+Y42-Y58-Y90 -> 155.90538 | Z74: =Z$85*(SUM(U74:Y74)/SUM(U$85:Y$85)) -> 118.9437 | AA74: =AA$85*(SUM(V74:Z74)/SUM(V$85:Z$85)) -> 120.14878 | AB74: =AB$85*(SUM(W74:AA74)/SUM(W$85:AA$85)) -> 112.25483 | AC74: =AC$85*(SUM(X74:AB74)/SUM(X$85:AB$85)) -> 92.829879 | AD74: =AD$85*(SUM(Y74:AC74)/SUM(Y$85:AC$85)) -> 113.93664 | AE74: =AE$85*(SUM(Z74:AD74)/SUM(Z$85:AD$85)) -> 113.48315 | AF74: =AF$85*(SUM(AA74:AE74)/SUM(AA$85:AE$85)) -> 111.64713 | AG74: =AG$85*(SUM(AB74:AF74)/SUM(AB$85:AF$85)) -> 109.94844 | ... AY74: =AY$85*(SUM(AT74:AX74)/SUM(AT$85:AX$85)) -> 26.131806
A75: March | B75: ='Monthly Data'!N341 -> 0.812 | C75: ='Monthly Data'!N353 -> 2.512 | D75: ='Monthly Data'!N365 -> 1.029 | E75: ='Monthly Data'!N377 -> 2.219 | F75: ='Monthly Data'!N389 -> 7.199 | G75: ='Monthly Data'!N401 -> 16.647 | H75: ='Monthly Data'!N413 -> 24.765 | I75: ='Monthly Data'!N425 -> 10.9 | J75: ='Monthly Data'!N437 -> 24.288 | K75: ='Monthly Data'!N449 -> 16.788 | L75: ='Monthly Data'!N461 -> 46.441 | M75: ='Monthly Data'!N473 -> 87.676 | N75: ='Monthly Data'!N485 -> 97.035 | O75: ='Monthly Data'!N497 -> 110.554 | P75: ='Monthly Data'!N509 -> 103.964 | Q75: ='Monthly Data'!N521 -> 132.669 | R75: ='Monthly Data'!N533 -> 149.543 | S75: ='Monthly Data'!N545 -> 157.91 | T75: ='Monthly Data'!N557 -> 158.902 | U75: ='Monthly Data'!N569 -> 146.559 | V75: =V90+V27+V43-V59-V91 -> 150.31428 | W75: =W90+W27+W43-W59-W91 -> 141.52062 | X75: =X90+X27+X43-X59-X91 -> 154.3745 | Y75: =Y90+Y27+Y43-Y59-Y91 -> 157.4065 | Z75: =Z$85*(SUM(U75:Y75)/SUM(U$85:Y$85)) -> 132.72822 | AA75: =AA$85*(SUM(V75:Z75)/SUM(V$85:Z$85)) -> 136.4876 | AB75: =AB$85*(SUM(W75:AA75)/SUM(W$85:AA$85)) -> 126.82819 | AC75: =AC$85*(SUM(X75:AB75)/SUM(X$85:AB$85)) -> 103.2904 | AD75: =AD$85*(SUM(Y75:AC75)/SUM(Y$85:AC$85)) -> 124.69426 | AE75: =AE$85*(SUM(Z75:AD75)/SUM(Z$85:AD$85)) -> 126.88583 | AF75: =AF$85*(SUM(AA75:AE75)/SUM(AA$85:AE$85)) -> 124.88612 | AG75: =AG$85*(SUM(AB75:AF75)/SUM(AB$85:AF$85)) -> 122.56337 | ... AY75: =AY$85*(SUM(AT75:AX75)/SUM(AT$85:AX$85)) -> 29.098678
A76: April | B76: ='Monthly Data'!N342 -> 0.632 | C76: ='Monthly Data'!N354 -> 1.077 | D76: ='Monthly Data'!N366 -> 0.85 | E76: ='Monthly Data'!N378 -> 2.515 | F76: ='Monthly Data'!N390 -> 7.471 | G76: ='Monthly Data'!N402 -> 16.219 | H76: ='Monthly Data'!N414 -> 13.634 | I76: ='Monthly Data'!N426 -> 14.019 | J76: ='Monthly Data'!N438 -> 25.111 | K76: ='Monthly Data'!N450 -> 28.305 | L76: ='Monthly Data'!N462 -> 62.554 | M76: ='Monthly Data'!N474 -> 90.392 | N76: ='Monthly Data'!N486 -> 102.143 | O76: ='Monthly Data'!N498 -> 96.555 | P76: ='Monthly Data'!N510 -> 118.906 | Q76: ='Monthly Data'!N522 -> 142.277 | R76: ='Monthly Data'!N534 -> 163.843 | S76: ='Monthly Data'!N546 -> 155.099 | T76: ='Monthly Data'!N558 -> 156.295 | U76: ='Monthly Data'!N570 -> 148.035 | V76: =V91+V28+V44-V60-V92 -> 145.21304 | W76: =W91+W28+W44-W60-W92 -> 167.72667 | X76: =X91+X28+X44-X60-X92 -> 128.23407 | Y76: =Y91+Y28+Y44-Y60-Y92 -> 168.26582 | Z76: =Z$85*(SUM(U76:Y76)/SUM(U$85:Y$85)) -> 134.01976 | AA76: =AA$85*(SUM(V76:Z76)/SUM(V$85:Z$85)) -> 137.80647 | AB76: =AB$85*(SUM(W76:AA76)/SUM(W$85:AA$85)) -> 129.20414 | AC76: =AC$85*(SUM(X76:AB76)/SUM(X$85:AB$85)) -> 101.78812 | AD76: =AD$85*(SUM(Y76:AC76)/SUM(Y$85:AC$85)) -> 127.41761 | AE76: =AE$85*(SUM(Z76:AD76)/SUM(Z$85:AD$85)) -> 128.14801 | AF76: =AF$85*(SUM(AA76:AE76)/SUM(AA$85:AE$85)) -> 126.13421 | AG76: =AG$85*(SUM(AB76:AF76)/SUM(AB$85:AF$85)) -> 123.79737 | ... AY76: =AY$85*(SUM(AT76:AX76)/SUM(AT$85:AX$85)) -> 29.395951
A77: May | B77: ='Monthly Data'!N343 -> 0.725 | C77: ='Monthly Data'!N355 -> 1.315 | D77: ='Monthly Data'!N367 -> 0.883 | E77: ='Monthly Data'!N379 -> 1.974 | F77: ='Monthly Data'!N391 -> 7.61 | G77: ='Monthly Data'!N403 -> 23.234 | H77: ='Monthly Data'!N415 -> 21.469 | I77: ='Monthly Data'!N427 -> 17.353 | J77: ='Monthly Data'!N439 -> 20.414 | K77: ='Monthly Data'!N451 -> 24.183 | L77: ='Monthly Data'!N463 -> 63.875 | M77: ='Monthly Data'!N475 -> 94.333 | N77: ='Monthly Data'!N487 -> 106.656 | O77: ='Monthly Data'!N499 -> 114.394 | P77: ='Monthly Data'!N511 -> 140.15 | Q77: ='Monthly Data'!N523 -> 179.419 | R77: ='Monthly Data'!N535 -> 199.417 | S77: ='Monthly Data'!N547 -> 166.838 | T77: ='Monthly Data'!N559 -> 169.544 | U77: ='Monthly Data'!N571 -> 147.292 | V77: =V92+V29+V45-V61-V93 -> 156.04856 | W77: =W92+W29+W45-W61-W93 -> 137.95419 | X77: =X92+X29+X45-X61-X93 -> 190.91846 | Y77: =Y92+Y29+Y45-Y61-Y93 -> 167.34879 | Z77: =Z$85*(SUM(U77:Y77)/SUM(U$85:Y$85)) -> 141.46627 | AA77: =AA$85*(SUM(V77:Z77)/SUM(V$85:Z$85)) -> 147.12572 | AB77: =AB$85*(SUM(W77:AA77)/SUM(W$85:AA$85)) -> 137.76341 | AC77: =AC$85*(SUM(X77:AB77)/SUM(X$85:AB$85)) -> 114.4972 | AD77: =AD$85*(SUM(Y77:AC77)/SUM(Y$85:AC$85)) -> 134.46497 | AE77: =AE$85*(SUM(Z77:AD77)/SUM(Z$85:AD$85)) -> 137.31457 | AF77: =AF$85*(SUM(AA77:AE77)/SUM(AA$85:AE$85)) -> 135.58907 | AG77: =AG$85*(SUM(AB77:AF77)/SUM(AB$85:AF$85)) -> 133.28125 | ... AY77: =AY$85*(SUM(AT77:AX77)/SUM(AT$85:AX$85)) -> 31.597027
A78: June | B78: ='Monthly Data'!N344 -> 0.744 | C78: ='Monthly Data'!N356 -> 1.386 | D78: ='Monthly Data'!N368 -> 0.9 | E78: ='Monthly Data'!N380 -> 1.872 | F78: ='Monthly Data'!N392 -> 7.938 | G78: ='Monthly Data'!N404 -> 29.751 | H78: ='Monthly Data'!N416 -> 37.254 | I78: ='Monthly Data'!N428 -> 6.563 | J78: ='Monthly Data'!N440 -> 24.475 | K78: ='Monthly Data'!N452 -> 18.257 | L78: ='Monthly Data'!N464 -> 80.63 | M78: ='Monthly Data'!N476 -> 97.663 | N78: ='Monthly Data'!N488 -> 116.958 | O78: ='Monthly Data'!N500 -> 124.014 | P78: ='Monthly Data'!N512 -> 161.707 | Q78: ='Monthly Data'!N524 -> 167.144 | R78: ='Monthly Data'!N536 -> 197.847 | S78: ='Monthly Data'!N548 -> 177.57 | T78: ='Monthly Data'!N560 -> 159.039 | U78: ='Monthly Data'!N572 -> 155.787 | V78: =V93+V30+V46-V62-V94 -> 146.79257 | W78: =W93+W30+W46-W62-W94 -> 155.71428 | X78: =X93+X30+X46-X62-X94 -> 179.52334 | Y78: =Y93+Y30+Y46-Y62-Y94 -> 174.11789 | Z78: =Z$85*(SUM(U78:Y78)/SUM(U$85:Y$85)) -> 143.65543 | AA78: =AA$85*(SUM(V78:Z78)/SUM(V$85:Z$85)) -> 148.25034 | AB78: =AB$85*(SUM(W78:AA78)/SUM(W$85:AA$85)) -> 140.6506 | AC78: =AC$85*(SUM(X78:AB78)/SUM(X$85:AB$85)) -> 114.72703 | AD78: =AD$85*(SUM(Y78:AC78)/SUM(Y$85:AC$85)) -> 136.97121 | AE78: =AE$85*(SUM(Z78:AD78)/SUM(Z$85:AD$85)) -> 139.13177 | AF78: =AF$85*(SUM(AA78:AE78)/SUM(AA$85:AE$85)) -> 137.31938 | AG78: =AG$85*(SUM(AB78:AF78)/SUM(AB$85:AF$85)) -> 135.13425 | ... AY78: =AY$85*(SUM(AT78:AX78)/SUM(AT$85:AX$85)) -> 32.020446
A79: July | B79: ='Monthly Data'!N345 -> 1.185 | C79: ='Monthly Data'!N357 -> 1.623 | D79: ='Monthly Data'!N369 -> 0.953 | E79: ='Monthly Data'!N381 -> 2.046 | F79: ='Monthly Data'!N393 -> 7.074 | G79: ='Monthly Data'!N405 -> 21.293 | H79: ='Monthly Data'!N417 -> 24.787 | I79: ='Monthly Data'!N429 -> 28.543 | J79: ='Monthly Data'!N441 -> 23.473 | K79: ='Monthly Data'!N453 -> 26.146 | L79: ='Monthly Data'!N465 -> 78.815 | M79: ='Monthly Data'!N477 -> 82.011 | N79: ='Monthly Data'!N489 -> 117.734 | O79: ='Monthly Data'!N501 -> 117.933 | P79: ='Monthly Data'!N513 -> 144.641 | Q79: ='Monthly Data'!N525 -> 211.908 | R79: ='Monthly Data'!N537 -> 185.818 | S79: ='Monthly Data'!N549 -> 166.559 | T79: ='Monthly Data'!N561 -> 169.62 | U79: ='Monthly Data'!N573 -> 178.852 | V79: =V94+V31+V47-V63-V95 -> 143.84358 | W79: =W94+W31+W47-W63-W95 -> 126.9152 | X79: =X94+X31+X47-X63-X95 -> 154.15734 | Y79: =Y94+Y31+Y47-Y63-Y95 -> 156.55697 | Z79: =Z$85*(SUM(U79:Y79)/SUM(U$85:Y$85)) -> 134.52409 | AA79: =AA$85*(SUM(V79:Z79)/SUM(V$85:Z$85)) -> 132.71613 | AB79: =AB$85*(SUM(W79:AA79)/SUM(W$85:AA$85)) -> 123.73037 | AC79: =AC$85*(SUM(X79:AB79)/SUM(X$85:AB$85)) -> 102.39439 | AD79: =AD$85*(SUM(Y79:AC79)/SUM(Y$85:AC$85)) -> 123.39955 | AE79: =AE$85*(SUM(Z79:AD79)/SUM(Z$85:AD$85)) -> 125.40879 | AF79: =AF$85*(SUM(AA79:AE79)/SUM(AA$85:AE$85)) -> 122.75742 | AG79: =AG$85*(SUM(AB79:AF79)/SUM(AB$85:AF$85)) -> 120.76624 | ... AY79: =AY$85*(SUM(AT79:AX79)/SUM(AT$85:AX$85)) -> 28.698255
