Workbook

Sheet Weekly Export Inspections
A1: US SOYBEAN EXPORT INSPECTIONS (1,000 Bushels)
B2: 40059 | C2: 40066 | D2: 40073 | E2: 40080 | F2: 40087 | G2: 40094 | H2: 40101 | I2: 40108 | J2: 40115 | K2: 40122 | L2: 40129 | M2: 40136 | N2: 40143 | O2: 40150 | P2: 40157 | Q2: 40164 | R2: 40171 | S2: 40178 | T2: 40185 | U2: 40192 | V2: 40199 | W2: 40206 | X2: 40213 | Y2: 40220 | Z2: 40227 | AA2: 40234 | AB2: 40241 | AC2: 40248 | AD2: 40255 | AE2: 40262 | AF2: 40269 | AG2: 40276 | AH2: 40283 | AI2: 40290 | AJ2: 40297 | AK2: 40304 | AL2: 40311 | AM2: 40318 | AN2: 40325 | AO2: 40332 | AP2: 40339 | AQ2: 40346 | AR2: 40353 | AS2: 40360 | AT2: 40367 | AU2: 40374 | AV2: 40381 | AW2: 40388 | AX2: 40395 | AY2: 40402 | AZ2: 40409 | BA2: 40416 | BB2: 40423 | BC2: 40430 | BD2: 40437 | BE2: 40444 | BF2: 40451 | BG2: 40458 | BH2: 40465 | BI2: 40472 | BJ2: 40479 | BK2: 40486 | BL2: 40493 | BM2: 40500 | BN2: 40507 | BO2: 40514 | BP2: 40521 | BQ2: 40528 | BR2: 40535 | BS2: 40542 | BT2: 40549 | BU2: 40556 | BV2: 40563 | BW2: 40570 | BX2: 40577 | BY2: 40584 | BZ2: 40591 | CA2: 40598 | CB2: 40605 | CC2: 40612 | CD2: 40619 | CE2: 40626 | CF2: 40633 | CG2: 40640 | CH2: 40647 | CI2: 40654 | CJ2: 40661 | CK2: 40668 | CL2: 40675 | CM2: 40682 | CN2: 40689 | CO2: 40696 | CP2: 40703 | CQ2: 40710 | CR2: 40717 | CS2: 40724 | CT2: 40731 | CU2: 40738 | CV2: 40745 | CW2: 40752 | CX2: 40759 | CY2: 40766 | CZ2: 40773 | DA2: 40780 | DB2: 40787 | DC2: 40794 | DD2: 40801 | DE2: 40808 | DF2: 40815 | DG2: 40822 | DH2: 40829 | DI2: 40836 | DJ2: 40843 | DK2: 40850 | DL2: 40857 | DM2: 40864 | DN2: 40871 | DO2: 40878 | DP2: 40885 | DQ2: 40892 | DR2: 40899 | DS2: 40906 | DT2: 40913 | DU2: 40920 | DV2: 40927 | DW2: 40934 | DX2: 40941 | DY2: 40948 | DZ2: 40955 | EA2: 40962 | EB2: 40969 | EC2: 40976 | ED2: 40983 | EE2: 40990 | EF2: 40997 | EG2: 41004 | EH2: 41011 | EI2: 41018 | EJ2: 41025 | EK2: 41032 | EL2: 41039 | EM2: 41046 | EN2: 41053 | EO2: 41060 | EP2: 41067 | EQ2: 41074 | ER2: 41081 | ES2: 41088 | ET2: 41095 | EU2: 41102 | EV2: 41109 | EW2: 41116 | EX2: 41123 | EY2: 41130 | EZ2: 41137 | FA2: 41144 | FB2: 41151 | FC2: 41158 | FD2: 41165 | FE2: 41172 | FF2: 41179 | FG2: 41186 | FH2: 41193 | FI2: 41200 | FJ2: 41207 | FK2: 41214 | FL2: 41221 | FM2: 41228 | FN2: 41235 | FO2: 41242 | FP2: 41249 | FQ2: 41256 | FR2: 41263 | FS2: 41270 | FT2: 41277 | FU2: 41284 | FV2: 41291 | FW2: 41298 | FX2: 41305 | FY2: 41312 | FZ2: 41319 | GA2: 41326 | GB2: 41333 | GC2: 41340 | GD2: 41347 | GE2: 41354 | GF2: 41361 | GG2: 41368 | GH2: 41375 | GI2: 41382 | GJ2: 41389 | GK2: 41396 | GL2: 41403 | GM2: 41410 | GN2: 41417 | GO2: 41424 | GP2: 41431 | GQ2: 41438 | GR2: 41445 | GS2: 41452 | GT2: 41459 | GU2: 41466 | GV2: 41473 | GW2: 41480 | GX2: 41487 | GY2: 41494 | GZ2: 41501 | HA2: 41508 | HB2: 41515 | HC2: 41522 | HD2: 41529 | HE2: 41536 | HF2: 41543 | HG2: 41550 | HH2: 41557 | HI2: 41564 | HJ2: 41571 | HK2: 41578 | HL2: 41585 | HM2: 41592 | HN2: 41599 | HO2: 41606 | HP2: 41613 | HQ2: 41620 | HR2: 41627 | HS2: 41634 | HT2: 41641 | HU2: 41648 | HV2: 41655 | HW2: 41662 | HX2: 41669 | HY2: 41676 | HZ2: 41683 | IA2: 41690 | IB2: 41697 | IC2: 41704 | ID2: 41711 | IE2: 41718 | IF2: 41725 | IG2: 41732 | IH2: 41739 | II2: 41746 | IJ2: 41753 | IK2: 41760 | IL2: 41767 | IM2: 41774 | IN2: 41781 | IO2: 41788 | IP2: 41795 | IQ2: 41802 | IR2: 41809 | IS2: 41816 | IT2: 41823 | IU2: 41830 | IV2: 41837 | IW2: 41844 | IX2: 41851 | IY2: 41858 | IZ2: 41865 | JA2: 41872 | JB2: 41879 | JC2: 41886 | JD2: 41893 | JE2: 41900 | JF2: 41907 | JG2: 41914 | JH2: 41921 | JI2: 41928 | JJ2: 41935 | JK2: 41942 | JL2: 41949 | JM2: 41956 | JN2: 41963 | JO2: 41970 | JP2: 41977 | JQ2: 41984 | JR2: 41991 | JS2: 41998 | JT2: 42005 | JU2: 42012 | JV2: 42019 | JW2: 42026 | JX2: 42033 | JY2: 42040 | JZ2: 42047 | KA2: 42054 | KB2: 42061 | KC2: 42068 | KD2: 42075 | KE2: 42082 | KF2: 42089 | KG2: 42096 | KH2: 42103 | KI2: 42110 | KJ2: 42117 | KK2: 42124 | KL2: 42131 | KM2: 42138 | KN2: 42145 | KO2: 42152 | KP2: 42159 | KQ2: 42166 | KR2: 42173 | KS2: 42180 | KT2: 42187 | KU2: 42194 | KV2: 42201 | KW2: 42208 | KX2: 42215 | KY2: 42222 | KZ2: 42229 | LA2: 42236 | LB2: 42243 | LC2: 42250 | LD2: 42257 | LE2: 42264 | LF2: 42271 | LG2: 42278 | LH2: 42285 | LI2: 42292 | LJ2: 42299 | LK2: 42306 | LL2: 42313 | LM2: 42320 | LN2: 42327 | LO2: 42334 | LP2: 42341 | LQ2: 42348 | LR2: 42355 | LS2: 42362 | LT2: 42369 | LU2: 42376 | LV2: 42383 | LW2: 42390 | LX2: 42397 | LY2: 42404 | LZ2: 42411 | MA2: 42418 | MB2: 42425 | MC2: 42432 | MD2: 42439 | ME2: 42446 | MF2: 42453 | MG2: 42460 | MH2: 42467 | MI2: 42474 | MJ2: 42481 | MK2: 42488 | ML2: 42495 | MM2: 42502 | MN2: 42509 | MO2: 42516 | MP2: 42523 | MQ2: 42530 | MR2: 42537 | MS2: 42544 | MT2: 42551 | MU2: 42558 | MV2: 42565 | MW2: 42572 | MX2: 42579 | MY2: 42586 | MZ2: 42593 | NA2: 42600 | NB2: 42607 | NC2: 42614 | ND2: 42621 | NE2: 42628 | NF2: 42635 | NG2: 42642 | NH2: 42649 | NI2: 42656 | NJ2: 42663 | NK2: 42670 | NL2: 42677 | NM2: 42684 | NN2: 42691 | NO2: 42698 | NP2: 42705 | NQ2: 42712 | NR2: 42719 | NS2: 42726 | NT2: 42733 | NU2: 42740 | NV2: 42747 | NW2: 42754 | NX2: 42761 | NY2: 42768 | NZ2: 42775 | OA2: 42782 | OB2: 42789 | OC2: 42796 | OD2: 42803 | OE2: 42810 | OF2: 42817 | OG2: 42824 | OH2: 42831 | OI2: 42838 | OJ2: 42845 | OK2: 42852 | OL2: 42859 | OM2: 42866 | ON2: 42873 | OO2: 42880 | OP2: 42887 | OQ2: 42894 | OR2: 42901 | OS2: 42908 | OT2: 42915 | OU2: 42922 | OV2: 42929 | OW2: 42936 | OX2: 42943 | OY2: 42950 | OZ2: 42957 | PA2: 42964 | PB2: 42971 | PC2: 42978 | PD2: 42985 | PE2: 42992 | PF2: 42999 | PG2: 43006 | PH2: 43013 | PI2: 43020 | PJ2: 43027 | PK2: 43034 | PL2: 43041 | PM2: 43048 | PN2: 43055 | PO2: 43062 | PP2: 43069 | PQ2: 43076 | PR2: 43083 | PS2: 43090 | PT2: 43097 | PU2: 43104 | PV2: 43111 | PW2: 43118 | PX2: 43125 | PY2: 43132 | PZ2: 43139 | QA2: 43146 | QB2: 43153 | QC2: 43160 | QD2: 43167 | QE2: 43174 | QF2: 43181 | QG2: 43188 | QH2: 43195 | QI2: 43202 | QJ2: 43209 | QK2: 43216 | QL2: 43223 | QM2: 43230 | QN2: 43237 | QO2: 43244 | QP2: 43251 | QQ2: 43258 | QR2: 43265 | QS2: 43272 | QT2: 43279 | QU2: 43286 | QV2: 43293 | QW2: 43300 | QX2: 43307 | QY2: 43314 | QZ2: 43321 | RA2: 43328 | RB2: 43335 | RC2: 43342 | RD2: 43349 | RE2: 43356 | RF2: 43363 | RG2: 43370 | RH2: 43377 | RI2: 43384 | RJ2: 43391 | RK2: 43398 | RL2: 43405 | RM2: 43412 | RN2: 43419 | RO2: 43426 | RP2: 43433 | RQ2: 43440 | RR2: 43447 | RS2: 43454 | RT2: 43461 | RU2: 43468 | RV2: 43475 | RW2: 43482 | RX2: 43489 | RY2: 43496 | RZ2: 43503 | SA2: 43510 | SB2: 43517 | SC2: 43524 | SD2: 43531 | SE2: 43538 | SF2: 43545 | SG2: 43552 | SH2: 43559 | SI2: 43566 | SJ2: 43573 | SK2: 43580 | SL2: 43587 | SM2: 43594 | SN2: 43601 | SO2: 43608 | SP2: 43615 | SQ2: 43622 | SR2: 43629 | SS2: 43636 | ST2: 43643 | SU2: 43650 | SV2: 43657 | SW2: 43664 | SX2: 43671 | SY2: 43678 | SZ2: 43685 | TA2: 43692 | TB2: 43699 | TC2: 43706 | TD2: 43713 | TE2: 43720 | TF2: 43727 | TG2: 43734 | TH2: 43741 | TI2: 43748 | TJ2: 43755 | TK2: 43762 | TL2: 43769 | TM2: 43776 | TN2: 43783 | TO2: 43790 | TP2: 43797 | TQ2: 43804 | TR2: 43811 | TS2: 43818 | TT2: 43825 | TU2: 43832 | TV2: 43839 | TW2: 43846 | TX2: 43853 | TY2: 43860 | TZ2: 43867 | UA2: 43874 | UB2: 43881 | UC2: 43888 | UD2: 43895 | UE2: 43902 | UF2: 43909 | UG2: 43916 | UH2: 43923 | UI2: 43930 | UJ2: 43937 | UK2: 43944 | UL2: 43951 | UM2: 43958 | UN2: 43965 | UO2: 43972 | UP2: 43979 | UQ2: 43986 | UR2: 43993 | US2: 44000 | UT2: 44007 | UU2: 44014 | UV2: 44021 | UW2: 44028 | UX2: 44035 | UY2: 44042 | UZ2: 44049 | VA2: 44056 | VB2: 44063 | VC2: 44070 | VD2: 44077 | VE2: 44084 | VF2: 44091 | VG2: 44098 | VH2: 44105 | VI2: 44112 | VJ2: 44119 | VK2: 44126 | VL2: 44133 | VM2: 44140 | VN2: 44147 | VO2: 44154 | VP2: 44161 | VQ2: 44168 | VR2: 44175 | VS2: 44182 | VT2: 44189 | VU2: 44196 | VV2: 44203 | VW2: 44210 | VX2: 44217 | VY2: 44224 | VZ2: 44231 | WA2: 44238 | WB2: 44245 | WC2: 44252 | WD2: 44259 | WE2: 44266 | WF2: 44273 | WG2: 44280 | WH2: 44287 | WI2: 44294 | WJ2: 44301 | WK2: 44308 | WL2: 44315 | WM2: 44322 | WN2: 44329 | WO2: 44336 | WP2: 44343 | WQ2: 44350 | WR2: 44357 | WS2: 44364 | WT2: 44371 | WU2: 44378 | WV2: 44385 | WW2: 44392 | WX2: 44399 | WY2: 44406 | WZ2: 44413 | XA2: 44420 | XB2: 44427 | XC2: 44434 | XD2: 44441 | XE2: 44448 | XF2: 44455 | XG2: 44462 | XH2: 44469 | XI2: 44476 | XJ2: 44483 | XK2: 44490 | XL2: 44497 | XM2: 44504 | XN2: 44511 | XO2: 44518 | XP2: 44525 | XQ2: 44532 | XR2: 44539 | XS2: 44546 | XT2: 44553 | XU2: 44560 | XV2: 44567 | XW2: 44574 | XX2: 44581 | XY2: 44588 | XZ2: 44595 | YA2: 44602 | YB2: 44609 | YC2: 44616 | YD2: 44623 | YE2: 44630 | YF2: 44637 | YG2: 44644 | YH2: 44651 | YI2: 44658 | YJ2: 44665 | YK2: 44672 | YL2: 44679 | YM2: 44686 | YN2: 44693 | YO2: 44700 | YP2: 44707 | YQ2: 44714 | YR2: 44721 | YS2: 44728 | YT2: 44735 | YU2: 44742 | YV2: 44749 | YW2: 44756 | YX2: 44763 | YY2: 44770 | YZ2: 44777 | ZA2: 44784 | ZB2: 44791 | ZC2: 44798 | ZD2: 44805 | ZE2: 44812 | ZF2: 44819 | ZG2: 44826 | ZH2: 44833 | ZI2: 44840 | ZJ2: 44847 | ZK2: 44854 | ZL2: 44861 | ZM2: 44868 | ZN2: 44875 | ZO2: 44882 | ZP2: 44889 | ZQ2: 44896 | ZR2: 44903 | ZS2: 44910 | ZT2: 44917 | ZU2: 44924 | ZV2: 44931 | ZW2: 44938 | ZX2: 44945 | ZY2: 44952 | ZZ2: 44959 | AAA2: 44966 | AAB2: 44973 | AAC2: 44980 | AAD2: 44987 | AAE2: 44994 | AAF2: 45001 | AAG2: 45008 | AAH2: 45015 | AAI2: 45022 | AAJ2: 45029 | AAK2: 45036 | AAL2: 45043 | AAM2: 45050 | AAN2: 45057 | AAO2: 45064 | AAP2: 45071 | AAQ2: 45078 | AAR2: 45082 | AAS2: 45092 | AAT2: 45099 | AAU2: 45106 | AAV2: 45113 | AAW2: 45120 | AAX2: 45127 | AAY2: 45134 | AAZ2: 45141 | ABA2: 45148 | ABB2: 45155 | ABC2: 45162 | ABD2: 45169 | ABE2: 45176 | ABF2: 45183 | ABG2: 45190 | ABH2: 45197 | ABI2: 45204 | ABJ2: 45211 | ABK2: 45218 | ABL2: 45225 | ABM2: 45232 | ABN2: 45239 | ABO2: 45246 | ABP2: 45253 | ABQ2: 45260 | ABR2: 45267 | ABS2: 45274 | ABT2: 45281 | ABU2: 45288 | ABV2: 45295 | ABW2: 45302 | ABX2: 45309 | ABY2: 45316 | ABZ2: 45323 | ACA2: 45330 | ACB2: 45337 | ACC2: 45344 | ACD2: 45351 | ACE2: 45358 | ACF2: 45365 | ACG2: 45372 | ACH2: 45379 | ACI2: 45386 | ACJ2: 45393 | ACK2: 45400 | ACL2: 45407 | ACM2: 45414 | ACN2: 45421 | ACO2: 45428 | ACP2: 45435 | ACQ2: 45442 | ACR2: 45449 | ACS2: 45456 | ACT2: 45463 | ACU2: 45470 | ACV2: 45477 | ACW2: 45484 | ACX2: 45491 | ACY2: 45498 | ACZ2: 45505 | ADA2: 45512 | ADB2: 45519 | ADC2: 45526 | ADD2: 45533 | ADE2: 45540 | ADF2: 45547 | ADG2: 45554 | ADH2: 45561 | ADI2: 45568 | ADJ2: 45575 | ADK2: 45582 | ADL2: 45589 | ADM2: 45596 | ADN2: 45603 | ADO2: 45610 | ADP2: 45617 | ADQ2: 45624 | ADR2: 45631 | ADS2: 45638 | ADT2: 45645 | ADU2: 45652
A4: European Union-28 | B4: =SUM(B5:B35) -> 0 | C4: =SUM(C5:C35) -> 0 | D4: =SUM(D5:D35) -> 0 | E4: =SUM(E5:E35) -> 0 | F4: =SUM(F5:F35) -> 0 | G4: =SUM(G5:G35) -> 878 | H4: =SUM(H5:H35) -> 3187 | I4: =SUM(I5:I35) -> 0 | ... ADP4: =SUM(ADP5:ADP35) -> 7726.7224
A5: Austria
A6: Belgium
A7: Belgium-Luxembourg | H7: 671 | T7: 2425 | DS7: 779 | HU7: 37 | LR7: 173 | NU7: 279 | OB7: 89 | OR7: 771 | OV7: 625 | OZ7: 335 | PA7: 845 | PL7: 783 | RC7: 710.4027 | RE7: 691.62667 | RK7: 1888.7732 | RP7: 822.25052 | RQ7: 693.50059 | RS7: 701.0698 | RT7: 2387.3852 | RY7: 1212.5054 | WG7: 1019.1233 | WS7: 439.96906 | XT7: 360.41895 | YH7: 661.79078
A8: Bulgaria
A9: Croatia
A10: Cyprus
A11: Czech Republic
A12: Czechoslavakia
A13: Denmark
A14: Estonia
A15: Finland
A16: France | M16: 2279 | N16: 2329 | BJ16: 1102 | BM16: 1360 | BR16: 2276 | BU16: 2354 | CA16: 2425 | DK16: 1674 | DP16: 984 | FM16: 2004 | FN16: 1607 | HH16: 2425 | HS16: 2374 | HW16: 2252 | IA16: 2252 | JU16: 2173 | LK16: 1654 | LU16: 2036 | LZ16: 2190 | MX16: 2425 | NR16: 2425 | NY16: 2385 | PY16: 2627.1011 | QR16: 833.93502 | QV16: 745.16224 | QX16: 782.60407 | RJ16: 1268.0251 | SB16: 1818.7764 | TF16: 711.35803 | TR16: 0.0367437 | TT16: 706.80181 | VF16: 771.58096 | VH16: 784.47799 | VJ16: 772.57304 | VS16: 2136.5727 | XO16: 868.58432
A17: Germany, Democratic Republic (East)
A18: Germany, Federal Republic of | G18: 767 | K18: 727 | S18: 1189 | X18: 2816 | AA18: 2425 | AD18: 2885 | AJ18: 1141 | BG18: 786 | BI18: 559 | BK18: 292 | BO18: 269 | BQ18: 3534 | BS18: 648 | BT18: 2763 | BW18: 2801 | BZ18: 2470 | DN18: 2975 | DO18: 2808 | DP18: 995 | DW18: 2340 | DY18: 2514 | DZ18: 2787 | EB18: 371 | EO18: 1440 | EP18: 865 | FD18: 2398 | FH18: 5574 | FI18: 2593 | FM18: 1843 | FP18: 89 | FR18: 4316 | FU18: 2457 | GA18: 2789 | GB18: 4782 | HV18: 1051 | JC18: 2381 | JD18: 2478 | JF18: 2424 | JJ18: 894 | JO18: 937 | JP18: 764 | JQ18: 1100 | JT18: 1720 | JU18: 2790 | KC18: 1191 | KZ18: 2756 | LI18: 864 | LL18: 2554 | OU18: 2591 | PB18: 3154 | PM18: 1402 | PU18: 3130.1223 | QL18: 3125.6763 | RA18: 3157.7903 | RO18: 2062.3136 | SH18: 2435.8868 | SU18: 717.16354 | SZ18: 2090.0184 | VM18: 2522.602 | VS18: 711.61524 | VY18: 1262.1828 | WC18: 2503.532 | XB18: 2425.0475 | XC18: 3167.8581 | XG18: 3170.9813 | XH18: 3354.1854 | XI18: 2498.4614 | XJ18: 5451.6628 | XK18: 4168.683 | XL18: 5221.9412 | XM18: 2073.7409 | XN18: 4887.1326 | XO18: 3104.6589 | XQ18: 4786.4548 | XR18: 2080.1711 | XS18: 2385.4377 | XT18: 5657.0968 | XU18: 2528.0768 | XX18: 3094.04 | XY18: 4850.2419 | YA18: 2526.2396 | YG18: 2058.6393 | YI18: 1821.275 | YJ18: 3093.9665 | YO18: 2425.1577 | YP18: 2513.9672 | YR18: 2517.9723 | YT18: 5475.8034 | YU18: 2527.5624 | YV18: 2482.3676 | YX18: 2095.4932 | YY18: 2108.9781 | YZ18: 8738.0193 | ZA18: 2428.8688 | ZB18: 2540.9003 | ZC18: 2536.4176 | ZG18: 1131.9632 | ZH18: 4381.6127 | ZJ18: 3894.2076 | ZL18: 3326.9951 | ZM18: 3321.7775 | ZN18: 3409.0437 | ZO18: 4590.5007 | ZP18: 8081.4094 | ZQ18: 769.67028 | ZR18: 780.58316 | ZT18: 5238.2921 | ZW18: 2153.6217 | ZX18: 6205.6435 | ZY18: 2498.5716 | ZZ18: 3143.6073 | AAB18: 7087.97 | AAC18: 1920.4095 | AAE18: 4652.671 | AAF18: 2389.1856 | AAG18: 2540.1287 | AAI18: 5514.2373 | AAJ18: 4714.1065 | AAL18: 3141.6966 | AAM18: 2121.0668 | AAQ18: 2522.749 | AAW18: 2402.6705 | AAX18: 4052.4627 | AAY18: 2075.7251 | AAZ18: 2582.4942 | ABA18: 7376.702 | ABB18: 3132.9883 | ABD18: 2466.2371 | ABG18: 1880.2854 | ABK18: 858.51655 | ABM18: 3119.3197 | ABN18: 3250.8621 | ABO18: 4460.8689 | ABP18: 4878.902 | ABQ18: 4267.0091 | ABR18: 3123.288 | ABS18: 2540.9371 | ABT18: 4935.2301 | ABU18: 3115.2779 | ABW18: 2526.9377 | ABZ18: 4941.2928 | ACA18: 2217.4823 | ACC18: 5244.906 | ACE18: 2535.499 | ACG18: 2112.8362 | ACQ18: 2082.5962 | ACR18: 2079.5097 | ACS18: 2142.121 | ACT18: 2138.7405 | ACU18: 2151.0864 | ACV18: 4038.2429 | ACX18: 4206.3453 | ACY18: 4569.5568 | ADA18: 3120.128 | ADB18: 4797.6617 | ADC18: 2528.4075 | ADF18: 2513.3058 | ADH18: 4862.5143 | ADI18: 4951.3238 | ADJ18: 5035.8711 | ADK18: 3144.0849 | ADL18: 5062.5102 | ADN18: 2560.301 | ADO18: 5270.2959 | ADP18: 2541.8924 | ADT18: 2575.072 | ADU18: 2814.1265 | ADV18: 2549.976
A19: Greece | AA19: 824 | BS19: 772 | BY19: 647 | HU19: 772 | OU19: 519 | RP19: 1405.2628 | VF19: 1287.9402 | VV19: 1191.194 | VW19: 444.59877 | VZ19: 808.39814 | AAY19: 122.72396
A20: Hungary
A21: Ireland | G21: 111 | N21: 172 | AD21: 119 | AJ21: 89 | AT21: 4 | BJ21: 165 | BQ21: 130 | BS21: 10 | BY21: 173 | DN21: 151 | EW21: 116 | NQ21: 94 | PN21: 170 | VR21: 782.78778 | WM21: 389.51996
A22: Italy | H22: 2516 | M22: 900 | N22: 651 | O22: 2362 | P22: 1253 | Q22: 1292 | R22: 246 | V22: 1368 | BK22: 595 | CT22: 2 | FT22: 2440 | HG22: 1179 | HP22: 2497 | LM22: 2627 | LY22: 1172 | NB22: 2021 | ND22: 2021 | NJ22: 701 | NW22: 1207 | OW22: 864 | PB22: 717 | PF22: 716 | PU22: 0 | PV22: 965.47746 | PZ22: 2297.5836 | QN22: 714.7752 | QR22: 2385.6215 | QW22: 1616.6861 | RA22: 1601.5477 | RB22: 768.31077 | RD22: 678.25196 | RE22: 1864.0814 | RH22: 768.12705 | RI22: 686.26208 | RJ22: 859.47189 | RL22: 680.19937 | RM22: 1170.838 | RO22: 2377.3541 | RQ22: 1193.3619 | RR22: 1562.6361 | RS22: 2240.8513 | RT22: 1194.1702 | RV22: 1192.3331 | RW22: 1166.9799 | RY22: 1157.4265 | SU22: 1805.0343 | TD22: 780.61991 | TF22: 1159.6312 | TG22: 1161.8358 | TK22: 2728.8811 | TU22: 1195.0521 | TV22: 1174.2184 | TZ22: 1212.5421 | UM22: 1785.9275 | UY22: 1736.1766 | VF22: 2059.1537 | VO22: 122.31978 | VV22: 2627.1011 | VW22: 1139.8263 | VX22: 0.8818488 | VY22: 2627.0643 | WA22: 1030.2566 | XF22: 1132.2571 | XL22: 4934.0543 | XM22: 2647.4203 | XN22: 2635.9563 | XO22: 2409.5784 | XP22: 2622.9858 | XQ22: 2598.441 | XR22: 5192.9504 | XT22: 1941.4269 | XU22: 5184.6096 | XW22: 5054.7206 | XX22: 5176.1585 | XY22: 4149.0986 | YA22: 7148.0092 | YB22: 2605.459 | ZA22: 2519.5523 | ZB22: 1595.4115 | ZH22: 2102.9889 | ZJ22: 2101.9968 | ZM22: 2602.8502 | ZN22: 2613.9468 | ZO22: 1929.9261 | ZP22: 4996.0409 | ZS22: 6225.5218 | ZT22: 2632.0615 | ZU22: 458.70835 | ZW22: 7072.5009 | ZX22: 2630.9224 | ZZ22: 5130.1187 | AAA22: 2660.3909 | AAX22: 2020.7933 | AAY22: 2222.0018 | ABB22: 3968.2461 | ABD22: 1414.5957 | ABJ22: 2229.8649 | ABM22: 849.84504 | ABN22: 2145.3544 | ABO22: 3902.4749 | ABP22: 2107.8024 | ABQ22: 1948.7756 | ABR22: 1885.356 | ABS22: 7017.9732 | ABU22: 5286.757 | ABW22: 3619.5117 | ABX22: 2628.6443 | ABY22: 2441.1045 | ACA22: 4319.7731 | ADI22: 1828.6237 | ADJ22: 2605.1283 | ADK22: 2416.1187 | ADL22: 5055.7127 | ADM22: 2556.2225 | ADN22: 2452.3848 | ADO22: 1837.6627 | ADP22: 2598.3307 | ADQ22: 20152.486 | ADR22: 5218.9282 | ADS22: 1849.1634 | ADT22: 5088.2308 | ADU22: 2602.1521 | ADV22: 2401.1641
A23: Latvia
A24: Lithuania
A25: Luxembourg
A26: Malta
A27: Netherlands | J27: 2765 | L27: 1225 | M27: 3322 | N27: 2392 | O27: 4791 | P27: 3057 | Q27: 2450 | R27: 1872 | S27: 3433 | T27: 2393 | U27: 5226 | V27: 2055 | X27: 2411 | Y27: 3127 | Z27: 2611 | AB27: 203 | AC27: 2094 | BE27: 2795 | BG27: 3651 | BH27: 696 | BI27: 6117 | BJ27: 856 | BK27: 919 | BL27: 2833 | BM27: 2787 | BQ27: 1334 | BT27: 2836 | BU27: 2567 | BV27: 2438 | BW27: 1339 | BY27: 2804 | CA27: 2739 | CC27: 2833 | DJ27: 777 | DK27: 821 | DL27: 1049 | DT27: 884 | DU27: 2403 | DW27: 2766 | DY27: 2635 | EC27: 2770 | EG27: 2793 | EH27: 1939 | EJ27: 2221 | EO27: 1924 | EQ27: 838 | EU27: 687 | EZ27: 2695 | FF27: 2762 | FI27: 210 | FJ27: 2205 | FM27: 3615 | FQ27: 863 | FR27: 1163 | FS27: 5427 | FU27: 2155 | FV27: 2425 | FW27: 2802 | FX27: 4991 | FZ27: 5596 | GC27: 1163 | GO27: 2425 | HF27: 2772 | HG27: 3450 | HI27: 829 | HK27: 1636 | HL27: 4197 | HM27: 3502 | HO27: 2763 | HP27: 784 | HQ27: 8052 | HR27: 849 | HT27: 2401 | HV27: 7594 | HW27: 5260 | HX27: 2780 | HZ27: 5516 | IA27: 2836 | IE27: 2976 | JE27: 2789 | JF27: 2774 | JH27: 2595 | JI27: 1616 | JK27: 1538 | JL27: 4701 | JM27: 1426 | JN27: 5410 | JO27: 3105 | JQ27: 4775 | JR27: 3088 | JS27: 724 | JT27: 4937 | JU27: 2469 | JV27: 2829 | JW27: 4750 | JX27: 2806 | JY27: 2386 | JZ27: 5113 | KA27: 5394 | KC27: 3624 | KE27: 2331 | KG27: 3528 | KH27: 3123 | KL27: 687 | KM27: 3107 | KN27: 3150 | KQ27: 2461 | KT27: 2778 | KV27: 3910 | LA27: 2411 | LD27: 3147 | LE27: 3133 | LF27: 3150 | LG27: 5180 | LH27: 2782 | LI27: 3320 | LJ27: 4022 | LM27: 3284 | LN27: 5201 | LO27: 2759 | LP27: 5920 | LQ27: 3541 | LS27: 5527 | LT27: 8481 | LU27: 5639 | LW27: 2721 | LX27: 2693 | LY27: 2519 | LZ27: 5112 | MA27: 4877 | MB27: 2571 | MC27: 4529 | MD27: 2418 | MF27: 2434 | MH27: 2713 | MO27: 2764 | MU27: 3165 | MV27: 828 | MW27: 2829 | MX27: 2783 | MY27: 2447 | MZ27: 5658 | NA27: 10497 | NC27: 8412 | NE27: 2348 | NI27: 6767 | NJ27: 2787 | NK27: 2419 | NL27: 6146 | NM27: 775 | NN27: 3597 | NO27: 3122 | NP27: 2575 | NQ27: 2793 | NS27: 3100 | NU27: 7450 | NV27: 2549 | NX27: 8245 | NY27: 2781 | OA27: 5628 | OC27: 2412 | OD27: 2594 | OE27: 5265 | OG27: 3113 | OH27: 5444 | OI27: 2785 | OJ27: 2773 | OK27: 2549 | OL27: 2120 | OQ27: 3122 | OS27: 2924 | OW27: 5133 | OX27: 2788 | OY27: 5514 | OZ27: 3092 | PD27: 2122 | PG27: 2447 | PH27: 3822 | PI27: 1936 | PJ27: 3556 | PK27: 2400 | PL27: 3109 | PM27: 4589 | PN27: 2547 | PO27: 3127 | PP27: 2546 | PQ27: 2599 | PR27: 3093.8195 | PS27: 0 | PT27: 2908.2271 | PU27: 0 | PX27: 2805.5652 | PY27: 5691.6359 | PZ27: 3102.1236 | QC27: 5903.5368 | QE27: 2581.5021 | QF27: 2095.0155 | QG27: 2803.6913 | QH27: 1932.3879 | QI27: 1930.1466 | QJ27: 3013.5713 | QM27: 4699.6662 | QN27: 2426.9214 | QO27: 2549.976 | QP27: 3857.6108 | QR27: 7997.45 | QS27: 2819.6748 | QT27: 5955.0147 | QV27: 2138.8508 | QW27: 5265.8131 | QX27: 2447.5346 | QY27: 8048.9279 | QZ27: 3989.1165 | RB27: 5701.0423 | RD27: 2592.1578 | RE27: 2396.0567 | RF27: 2507.1329 | RG27: 2921.1242 | RH27: 3131.8125 | RI27: 4173.2025 | RJ27: 3113.1835 | RK27: 2553.9076 | RL27: 5158.8155 | RM27: 6633.4504 | RN27: 2073.9247 | RO27: 6593.3263 | RP27: 3807.8599 | RQ27: 2075.3944 | RR27: 4272.3737 | RS27: 2392.2721 | RT27: 3106.3124 | RU27: 5090.1415 | RV27: 2358.8353 | RX27: 2915.3921 | RY27: 2552.9155 | RZ27: 1445.1665 | SA27: 1073.5039 | SB27: 5827.6611 | SC27: 2811.0033 | SD27: 2941.6271 | SE27: 2324.1493 | SF27: 3026.7255 | SK27: 2349.9433 | SL27: 5205.9576 | SN27: 225.09191 | SO27: 2086.8952 | SQ27: 2148.1837 | SR27: 2283.2168 | ST27: 2346.2322 | SU27: 2494.4196 | SX27: 2871.1895 | SY27: 2877.4726 | SZ27: 2516.5025 | TC27: 849.14691 | TD27: 2074.1451 | TF27: 2563.7917 | TG27: 4606.3372 | TH27: 4461.1996 | TJ27: 5224.0723 | TK27: 5187.843 | TL27: 4157.9171 | TM27: 2591.1657 | TN27: 2127.056 | TO27: 2199.7718 | TS27: 5918.9324 | TU27: 2468.3315 | TV27: 7257.138 | TX27: 2540.3859 | TY27: 7555.607 | TZ27: 2058.7495 | UC27: 2064.6652 | UD27: 2375.6272 | UE27: 2379.375 | UM27: 2512.8649 | UW27: 4693.6402 | UX27: 2091.4514 | UY27: 2111.6237 | UZ27: 5300.7931 | VA27: 5034.2543 | VB27: 7844.0451 | VC27: 2558.2066 | VD27: 4661.8937 | VE27: 2135.5438 | VF27: 2115.5553 | VH27: 2082.192 | VI27: 2007.3818 | VK27: 6452.2672 | VL27: 3134.0906 | VN27: 2085.7561 | VO27: 1991.876 | VP27: 2425.1944 | VQ27: 4234.4542 | VR27: 2539.2101 | VS27: 5107.705 | VT27: 2544.6482 | VU27: 2179.6363 | VV27: 3140.2268 | VW27: 2187.7934 | VX27: 2202.4909 | VY27: 2980.8327 | VZ27: 7814.2459 | WA27: 3150.3314 | WB27: 5111.0487 | YN27: 3108.664 | YZ27: 2421.2996 | ZL27: 2220.4585 | AAA27: 4845.5387 | ABF27: 2070.1401 | ABI27: 3116.8211 | ABQ27: 2061.2848 | ACA27: 347.26471 | ADG27: 5033.593 | ADV27: 2454.9568
A28: Poland
A29: Portugal | R29: 1927 | BI29: 882 | BM29: 832 | BX29: 1535 | DJ29: 2444 | EG29: 637 | EV29: 819 | FG29: 761 | FI29: 765 | FK29: 766 | FU29: 811 | FV29: 4725 | HQ29: 2886 | HU29: 2493 | ID29: 2467 | JG29: 2627 | JJ29: 2626 | JK29: 2682 | JQ29: 2117 | JW29: 2423 | JZ29: 2388 | LO29: 2618 | LS29: 1213 | NO29: 2124 | PG29: 2596 | PP29: 2460 | PR29: 1928.9708 | PS29: 0 | PT29: 0 | PU29: 0 | PW29: 2627.1378 | QQ29: 1653.4665 | QY29: 4968.9975 | RD29: 1837.0748 | RH29: 1835.3478 | RI29: 2150.4985 | RJ29: 786.20495 | RK29: 2604.5037 | RO29: 1543.1987 | RP29: 1033.3798 | RY29: 1616.6861 | SC29: 1212.5054 | TG29: 1616.6861 | TK29: 4096.8123 | TL29: 1966.5963 | TT29: 2137.7117 | VH29: 1653.4665 | VL29: 1747.1629 | VM29: 784.99241 | VN29: 772.46281 | VQ29: 782.31012 | VT29: 1703.8421 | VU29: 2223.3613 | WR29: 13.484938 | XL29: 785.17613 | XN29: 835.99266 | XO29: 2020.4626 | XV29: 2020.6463 | ZH29: 1616.6126 | ZI29: 760.77831 | ZJ29: 793.55369 | ABK29: 771.94839 | ABQ29: 1335.7805 | ABX29: 2626.256 | ADC29: 1185.7192 | ADH29: 1818.7029 | ADL29: 1818.7029 | ADQ29: 2589.9899
A30: Romania | X30: 628 | RK30: 2257.0185 | RO30: 1912.5096 | VP30: 2458.9986
A31: Slovakia
A32: Slovenia
A33: Spain | K33: 2476 | L33: 789 | M33: 5298 | R33: 3240 | U33: 4529 | V33: 2090 | W33: 2184 | Y33: 2609 | Z33: 1613 | BE33: 2315 | BH33: 2974 | BJ33: 2454 | BM33: 2600 | BN33: 3501 | BO33: 2327 | BP33: 739 | BS33: 3446 | BT33: 2118 | BU33: 2223 | BV33: 2497 | BW33: 2430 | BX33: 2090 | BY33: 1929 | DJ33: 2205 | EA33: 1028 | FH33: 2627 | FK33: 3154 | FL33: 2668 | FN33: 2659 | FO33: 6001 | FR33: 743 | FT33: 2650 | FU33: 2999 | FV33: 2390 | FX33: 5228 | HF33: 2161 | HH33: 2437 | HJ33: 2627 | HK33: 2446 | HL33: 2135 | HM33: 2649 | HP33: 1021 | HQ33: 4512 | HS33: 2448 | HU33: 4712 | HW33: 4889 | HX33: 2572 | IA33: 2447 | IB33: 2317 | JI33: 2682 | JJ33: 2269 | JK33: 2497 | JM33: 4832 | JO33: 2326 | JP33: 4667 | JQ33: 2388 | JS33: 2673 | JU33: 2208 | JV33: 2388 | JX33: 2388 | LI33: 2676 | LJ33: 3426 | LK33: 2614 | LM33: 2669 | LN33: 2691 | LP33: 2388 | LQ33: 2485 | LS33: 6792 | LT33: 1355 | LU33: 2089 | LV33: 2385 | LX33: 3763 | MY33: 2481 | NC33: 4693 | NI33: 4237 | NK33: 2168 | NM33: 2417 | NN33: 2613 | NO33: 2687 | NR33: 2425 | NT33: 2426 | NV33: 1175 | NX33: 2080 | NZ33: 2625 | PD33: 772 | PI33: 1984 | PJ33: 5397 | PM33: 3331 | PR33: 0 | PS33: 0 | PT33: 2184.266 | PU33: 2627.1378 | PV33: 2627.1378 | QY33: 2388.3772 | RC33: 4427.1014 | RE33: 4662.8123 | RF33: 5129.4205 | RG33: 2095.3095 | RI33: 4758.2357 | RJ33: 4637.7531 | RK33: 2627.1378 | RL33: 2592.4518 | RM33: 10027.576 | RN33: 2597.0815 | RO33: 2060.7704 | RP33: 4533.6214 | RQ33: 2451.7234 | RR33: 8502.7861 | RS33: 1546.4321 | RT33: 4748.2414 | RU33: 2606.4878 | RV33: 7535.8389 | RW33: 3227.4931 | RY33: 2394.7706 | RZ33: 2567.76 | SA33: 2409.3946 | SE33: 2314.8531 | SY33: 2359.4967 | TA33: 4349.6825 | TD33: 1877.7868 | TE33: 2640.2186 | TF33: 1980.4119 | TG33: 2644.2971 | TH33: 4400.7929 | TJ33: 2427.1051 | TL33: 2405.2426 | TM33: 1987.2463 | TN33: 4738.7982 | TP33: 2501.7316 | TR33: 4821.7655 | TT33: 2445.2565 | TW33: 2079.032 | TX33: 2627.395 | TY33: 4354.5326 | UJ33: 2347.9959 | VA33: 2316.5433 | VB33: 2626.7704 | VC33: 1912.1789 | VF33: 709.2269 | VG33: 2225.6394 | VH33: 2463.7018 | VI33: 2245.0401 | VJ33: 1887.1932 | VN33: 2313.2364 | VR33: 701.03305 | VS33: 2639.0795 | VU33: 2665.535 | VV33: 2627.1378 | VW33: 4838.2267 | VX33: 5105.9413 | VZ33: 2457.7861 | WB33: 2111.44 | WV33: 1076.8844 | XM33: 2118.7152 | XQ33: 2332.4166 | ZJ33: 2158.8026 | ZQ33: 777.38646 | ZW33: 1903.9483 | ABJ33: 4828.6366 | ABL33: 2121.9119 | ABM33: 2631.4001 | ABN33: 1955.2058 | ABO33: 2265.4328 | ABQ33: 4762.3877 | ABT33: 1962.5545 | ABU33: 2162.8444 | ABX33: 1743.4518 | ADG33: 1292.2024 | ADI33: 2129.8853 | ADM33: 1192.5168 | ADP33: 2586.4993 | ADQ33: 1612.2768 | ADU33: 1653.0991
A34: Sweden
A35: United Kingdom | BR35: 1837 | FA35: 434 | FH35: 2270 | FP35: 2223 | FT35: 2425 | HI35: 2250 | HV35: 2386 | JI35: 2353 | JN35: 2320 | JP35: 2320 | JU35: 2457 | LL35: 2476 | LQ35: 2420 | LV35: 2354 | NJ35: 2425 | NN35: 2363 | QY35: 2074.0716 | RC35: 2458.4475 | RH35: 2529.914 | RK35: 2464.0693 | RQ35: 2478.2891 | RV35: 4274.8355 | TH35: 2009.072 | TI35: 1913.4282 | TS35: 2446.469 | VB35: 710.072 | VE35: 1920.9974 | VK35: 1897.2242 | XL35: 15.285379 | XN35: 1.8004413 | XR35: 17.08582 | XT35: 2424.974 | XW35: 2058.8965 | ZM35: 2119.1562 | ZU35: 2398.592 | ABI35: 2494.7135 | ABS35: 1929.0442 | ADK35: 2376.2151 | ADV35: 2454.5894
A37: Other Europe | B37: =SUM(B38:B57) -> 0 | C37: =SUM(C38:C57) -> 0 | D37: =SUM(D38:D57) -> 0 | E37: =SUM(E38:E57) -> 0 | F37: =SUM(F38:F57) -> 0 | G37: =SUM(G38:G57) -> 0 | H37: =SUM(H38:H57) -> 0 | I37: =SUM(I38:I57) -> 0 | ... ADP37: =SUM(ADP38:ADP57) -> 0
A38: Albania
A39: Andorra
A40: Azores
A41: Bosnia-Hercegovina
A42: Faroe Islands
A43: Gibraltar
A44: Iceland
A45: Kosovo
A46: Liechtenstein
A47: Macedonia (Skopje)
A48: Monaco
A49: Montenegro
... A57: Yugoslavia
A59: Former Soviet Union-12 | B59: =SUM(B60:B72) -> 0 | C59: =SUM(C60:C72) -> 0 | D59: =SUM(D60:D72) -> 0 | E59: =SUM(E60:E72) -> 0 | F59: =SUM(F60:F72) -> 0 | G59: =SUM(G60:G72) -> 0 | H59: =SUM(H60:H72) -> 0 | I59: =SUM(I60:I72) -> 0 | ... ADP59: =SUM(ADP60:ADP72) -> 0
A60: Armenia
A61: Azerbaijan
A62: Belarus
A63: Georgia | RK63: 385.55164 | XU63: 406.86299
A64: Kazakhstan
A65: Kyrgyzstan
A66: Moldova
A67: Russia | K67: 892 | O67: 984 | U67: 934 | AC67: 808 | CA67: 1930 | DZ67: 1112 | FM67: 945 | FR67: 951 | FX67: 1111 | HJ67: 1124 | HL67: 1212 | HN67: 1056 | HO67: 1047 | HP67: 1150 | HR67: 1022 | HS67: 2262 | HW67: 3224 | HY67: 2230 | IA67: 1045 | IB67: 1109 | IC67: 1108 | IH67: 1 | JL67: 1061 | JM67: 519 | JN67: 1117 | JP67: 724 | JR67: 1840 | JS67: 1031 | JU67: 1117 | JV67: 1953 | JW67: 1139 | JY67: 1144 | LH67: 1213 | LJ67: 1699 | LK67: 1747 | LL67: 1130 | LN67: 2258 | LO67: 732 | LP67: 1145 | LS67: 2297 | LU67: 1108 | LW67: 1212 | LY67: 1111 | LZ67: 1028 | MA67: 1181
A68: Tajikistan | ADR68: 12.603089
A69: Turkmenistan
A70: Ukraine | PK70: 2
A71: Uzbekistan
A72: USSR
A74: Asia and Oceania | B74: =SUM(B75:B162) -> 9560 | C74: =SUM(C75:C162) -> 9096 | D74: =SUM(D75:D162) -> 308 | E74: =SUM(E75:E162) -> 6596 | F74: =SUM(F75:F162) -> 10975 | G74: =SUM(G75:G162) -> 18127 | H74: =SUM(H75:H162) -> 33152 | I74: =SUM(I75:I162) -> 41822 | ... ADP74: =SUM(ADP75:ADP162) -> 56093.594
A75: Afghanistan | DG75: 55 | FN75: 74 | PX75: 2531.6777 | ABR75: 2131.649
A76: American Oceania
A77: American Samoa
A78: Antarctica
A79: Australia
A80: Australian Oceania
A81: Bahrain
A82: Bangladesh | O82: 1 | P82: 2 | R82: 2 | AE82: 4 | BT82: 1819 | DZ82: 18 | FT82: 11 | FU82: 19 | FV82: 7 | FZ82: 2003 | HL82: 1980 | HM82: 34 | HO82: 7 | HP82: 13 | HQ82: 25 | HR82: 19 | HT82: 3 | HW82: 16 | HX82: 21 | HY82: 1907 | IC82: 2021 | JM82: 1955 | JP82: 77 | JQ82: 98 | JR82: 3997 | JU82: 18 | JW82: 10 | JZ82: 2076 | KC82: 3905 | KD82: 2021 | KP82: 1941 | KV82: 1989 | LA82: 1964 | LI82: 2052 | LJ82: 1959 | LK82: 92 | LL82: 18 | LM82: 1938 | LR82: 72 | LS82: 1961 | LV82: 7 | ME82: 1952 | MF82: 2124 | MH82: 1965 | MM82: 1837 | MN82: 7 | MR82: 3960 | MT82: 35 | MU82: 14 | MV82: 2 | MW82: 34 | MX82: 17 | MY82: 35 | MZ82: 36 | NA82: 72 | NB82: 18 | NC82: 52 | NE82: 1928 | NH82: 2123 | NJ82: 18 | NK82: 18 | NL82: 18 | NO82: 18 | NQ82: 1910 | NT82: 2111 | NX82: 2097 | NY82: 2072 | NZ82: 27 | OA82: 1976 | OB82: 24 | OC82: 14 | OD82: 107 | OE82: 2100 | OF82: 67 | OG82: 34 | OH82: 1919 | OJ82: 2137 | OL82: 2015 | OM82: 2176 | ON82: 36 | OO82: 461 | OQ82: 1966 | OR82: 2177 | OS82: 14 | OT82: 17 | OU82: 2146 | OW82: 1936 | OX82: 2133 | OY82: 14 | OZ82: 17 | PA82: 2155 | PB82: 475 | PC82: 21 | PE82: 1968 | PF82: 2071 | PI82: 2110 | PM82: 11 | PQ82: 1941 | PU82: 0 | PW82: 34.171641 | PX82: 6.2831727 | PZ82: 2130.2528 | QA82: 36.008826 | QB82: 11.684497 | QC82: 4281.4127 | QD82: 70.180467 | QE82: 25.206178 | QG82: 1985.703 | QH82: 36.008826 | QJ82: 52.212798 | QK82: 1967.9926 | QM82: 24.287586 | QN82: 4195.2119 | QR82: 7.2017652 | QS82: 36.008826 | QT82: 3978.3874 | QW82: 3052.2992 | QX82: 2131.796 | QY82: 2236.6258 | QZ82: 62.060109 | RA82: 80.027779 | RB82: 2055.7365 | RC82: 60.296412 | RD82: 21.605296 | RE82: 9.0022065 | RG82: 18.004413 | RH82: 11.684497 | RI82: 2157.0022 | RJ82: 37.772524 | RK82: 4206.2718 | RL82: 4.4827314 | RM82: 16.167228 | RN82: 2165.2695 | RO82: 64.779143 | RP82: 64.742399 | RQ82: 2137.2341 | RR82: 2229.9017 | RS82: 53.094646 | RT82: 1979.1259 | RU82: 20.686703 | RV82: 18.004413 | RW82: 2075.2474 | RY82: 2131.2081 | RZ82: 4406.0106 | SB82: 2160.9337 | SG82: 18.004413 | SK82: 36.008826 | SL82: 37.772524 | SN82: 18.886262 | SQ82: 2142.0475 | SV82: 1956.4551 | SZ82: 29.68891 | TA82: 1990.0388 | TB82: 44.055696 | TD82: 37.809267 | TE82: 37.772524 | TF82: 2170.4871 | TG82: 2134.368 | TH82: 2129.0402 | TI82: 2113.6813 | TJ82: 2218.3641 | TO82: 2271.1281 | TQ82: 6277.6244 | TS82: 2097.6243 | TT82: 4126.4277 | TV82: 2120.5892 | TW82: 6069.2876 | TZ82: 3158.9294 | UA82: 4090.0515 | UB82: 33.289792 | UC82: 1962.5178 | UG82: 3980.1511 | UJ82: 2048.4613 | UQ82: 2160.2356 | UR82: 2039.1284 | UU82: 2147.4855 | UY82: 2120.9933 | UZ82: 2055.3691 | VA82: 17.08582 | VD82: 1942.125 | VI82: 1893.4029 | VL82: 3896.008 | VM82: 1820.6503 | VN82: 36.008826 | VO82: 86.384439 | VP82: 34.171641 | VQ82: 36.008826 | VR82: 0.8818488 | VS82: 4171.5857 | VT82: 1980.1915 | VU82: 36.008826 | VV82: 88.18488 | VW82: 1879.33 | VX82: 2090.8635 | VY82: 1818.8131 | VZ82: 17.08582 | WA82: 2020.7933 | WB82: 2149.6167 | WC82: 2066.6127 | WD82: 8.9654628 | WE82: 2110.007 | WF82: 9.8840553 | WH82: 9.0022065 | WI82: 7.2017652 | WJ82: 9.0022065 | WX82: 2187.9771 | XA82: 918.5925 | XI82: 2108.7944 | XJ82: 2125.3291 | XM82: 4158.652 | XN82: 2099.7187 | XR82: 3174.2882 | XS82: 2084.6906 | XV82: 2111.6237 | XX82: 2089.6877 | XZ82: 2180.8488 | YD82: 2073.8879 | YJ82: 2095.0155 | YK82: 2060.9541 | YR82: 2120.9933 | YX82: 2093.0681 | ZC82: 2110.7418 | ZR82: 4318.7443 | ZV82: 2101.0783 | ZX82: 2119.3031 | AAH82: 37.772524 | AAY82: 12.603089 | ABH82: 11.684497 | ABI82: 13.484938 | ABK82: 4124.958 | ABL82: 51.294205 | ABN82: 4532.1884 | ABO82: 2209.5089 | ABP82: 35.090233 | ABQ82: 61.17826 | ABR82: 33.289792 | ABS82: 135.8782 | ABT82: 2290.3451 | ABU82: 2173.4266 | ABV82: 2056.8021 | ABW82: 33.289792 | ABY82: 2.6822901 | ABZ82: 2178.0563 | ACB82: 36.008826 | ACD82: 31.489351 | ACE82: 2096.0811 | ACF82: 36.008826 | ACI82: 36.008826 | ACJ82: 16.203972 | ACL82: 1616.7228 | ACW82: 45.856138 | ADH82: 2057.9779 | ADM82: 2173.8675 | ADO82: 4165.0086 | ADP82: 35.090233 | ADQ82: 2124.337 | ADR82: 4361.6977 | ADS82: 3989.0063
A83: Bhutan
A84: Bouvet Island
A85: Brunei
A86: Burma (Myanmar) | PU86: 0 | PV86: 45.011032 | PY86: 53.094646 | QE86: 10.802648 | QF86: 35.090233 | QG86: 33.289792 | QJ86: 17.08582 | QR86: 10.802648 | QS86: 19.768111 | QT86: 17.08582 | QU86: 50.375613 | QV86: 2.6822901 | QW86: 29.68891 | QY86: 52.212798 | RA86: 10.765904 | RB86: 18.004413 | RC86: 31.489351 | RD86: 18.004413 | RJ86: 32.407943 | RK86: 28.807061 | RN86: 40.491557 | RO86: 36.853931 | RP86: 21.568552 | RQ86: 7.2017652 | RR86: 11.684497 | RS86: 18.886262 | RT86: 44.055696 | RW86: 10.802648 | RX86: 33.289792 | RZ86: 48.575171 | SA86: 9.8840553 | SE86: 58.459227 | SH86: 22.487144 | SI86: 9.8840553 | SJ86: 5.4013239 | SK86: 58.49597 | SL86: 106.18929 | SN86: 36.853931 | SP86: 17.08582 | SQ86: 34.171641 | SZ86: 18.004413 | TA86: 36.008826 | TB86: 12.603089 | TC86: 114.27291 | TD86: 3.6008826 | TF86: 18.004413 | TG86: 34.171641 | TK86: 36.008826 | TM86: 26.088027 | TO86: 14.40353 | TR86: 0.8818488 | TS86: 61.17826 | TT86: 9.0022065 | TU86: 1 | TV86: 3.6008826 | TW86: 27.888468 | TX86: 18.886262 | TZ86: 36.008826 | UA86: 18.004413 | UB86: 15.285379 | UD86: 51.294205 | UH86: 11.684497 | UK86: 65.697736 | UM86: 31.489351 | UO86: 40.491557 | UP86: 38.691116 | UQ86: 34.171641 | UT86: 34.171641 | UX86: 34.171641 | UY86: 18.004413 | UZ86: 18.004413 | VA86: 6.2831727 | VB86: 23.368993 | VC86: 35.090233 | VE86: 35.05349 | VF86: 21.605296 | VG86: 13.484938 | VH86: 58.459227 | VK86: 12.603089 | VO86: 97.187086 | VP86: 19.768111 | VQ86: 38.654372 | VR86: 20.686703 | VS86: 20.686703 | VT86: 30.570758 | VU86: 36.008826 | VV86: 19.768111 | VX86: 34.171641 | VY86: 56.695529 | VZ86: 43.173847 | WX86: 18.004413 | WY86: 17.08582 | XE86: 14.40353 | XL86: 5.4013239 | YD86: 9.0022065 | YE86: 18.004413 | YJ86: 13.484938 | YK86: 9.0022065 | YM86: 59.377819 | YN86: 28.807061 | YO86: 18.004413 | YP86: 18.004413 | YQ86: 9.8840553 | YS86: 3.6008826 | YT86: 34.208385 | ZO86: 16.203972 | ZP86: 14.40353 | ZQ86: 32.407943 | ZR86: 21.568552 | ZW86: 26.969876 | AAC86: 68.416769 | AAF86: 70.217211 | AAG86: 34.208385 | AAX86: 34.171641 | ABQ86: 36.008826 | ABR86: 14.40353 | ACA86: 16.203972
A87: Cambodia (Kampuchea) | LI87: 28 | LQ87: 18 | NR87: 18 | NY87: 18 | QJ87: 17.08582 | QQ87: 17.08582 | SO87: 12.603089 | SW87: 9.8840553 | TB87: 9.0022065 | UD87: 11.684497 | UE87: 12.603089 | UH87: 20.686703 | UI87: 13.484938 | UK87: 0.8818488 | UL87: 37.809267 | UM87: 59.377819 | UN87: 16.203972 | UW87: 21.605296 | UZ87: 9.0022065 | VA87: 9.0022065 | VB87: 12.603089 | VE87: 20.686703 | VF87: 21.605296 | VG87: 3.6008826 | VI87: 20.686703 | VS87: 29.68891 | VU87: 15.285379 | VY87: 33.253048 | VZ87: 23.368993 | WA87: 15.285379 | WB87: 38.691116 | WE87: 3.6008826 | WK87: 4.4827314 | WN87: 7.2017652 | WO87: 9.8840553 | XD87: 23.368993 | XJ87: 9.0022065 | XM87: 11.684497 | XO87: 13.484938 | XQ87: 23.405737 | XT87: 1.8004413 | XU87: 17.08582 | XV87: 6.2831727 | XW87: 19.804854 | XX87: 18.886262 | XZ87: 16.203972 | YA87: 2.6822901 | YO87: 13.484938 | YP87: 4.4827314 | YU87: 2.6822901 | YY87: 15.285379 | ZC87: 7.2017652 | ZD87: 13.484938 | ZF87: 7.2017652 | ZG87: 18.004413 | ZJ87: 19.804854 | ZM87: 18.886262 | ZP87: 14.40353 | ZR87: 2.6822901 | ZS87: 19.804854 | ZT87: 3.6008826 | ZU87: 2.6822901 | ZY87: 43.173847 | ZZ87: 18.886262 | AAC87: 32.3712 | AAE87: 49.493764 | AAG87: 7.2017652 | AAI87: 7.2017652 | ABI87: 9.0022065 | ABL87: 1.8004413 | ABN87: 10.802648 | ABP87: 7.2017652 | ABR87: 33.253048 | ABS87: 18.886262 | ABT87: 46.77473 | ABX87: 36.890675 | ACB87: 27.888468 | ACC87: 10.802648 | ACF87: 19.768111 | ACG87: 18.004413 | ACN87: 8.083614 | ACO87: 8.083614 | ACP87: 8.9654628 | ACT87: 17.08582 | ACY87: 22.487144 | ACZ87: 6.2831727 | ADA87: 11.684497 | ADD87: 27.888468 | ADG87: 9.0022065 | ADH87: 12.603089 | ADI87: 11.684497 | ADK87: 42.291999 | ADM87: 39.572965 | ADN87: 13.484938 | ADP87: 18.004413 | ADQ87: 45.856138 | ADS87: 21.605296 | ADT87: 20.686703 | ADU87: 52.212798 | ADV87: 18.004413
A88: China | B88: 6756 | C88: 6040 | E88: 4345 | F88: 6361 | G88: 15741 | H88: 28802 | I88: 35387 | J88: 42085 | K88: 44004 | L88: 36147 | M88: 66715 | N88: 28869 | O88: 40949 | P88: 48203 | Q88: 19273 | R88: 43030 | S88: 20774 | T88: 29846 | U88: 23413 | V88: 32337 | W88: 31923 | X88: 21927 | Y88: 18689 | Z88: 24870 | AA88: 23815 | AB88: 23672 | AC88: 14398 | AD88: 14635 | AE88: 12749 | AF88: 6971 | AG88: 6488 | AH88: 6918 | AI88: 4311 | AJ88: 37 | AL88: 12 | AM88: 11 | AN88: 39 | AO88: 23 | AP88: 2370 | AQ88: 2410 | AT88: 27 | AU88: 4850 | AV88: 2355 | AW88: 2301 | AY88: 8951 | AZ88: 4328 | BA88: 2342 | BB88: 4174 | BC88: 2212 | BD88: 4338 | BE88: 8423 | BF88: 14653 | BG88: 26511 | BH88: 44890 | BI88: 52128 | BJ88: 55957 | BK88: 49477 | BL88: 57673 | BM88: 37347 | BN88: 51704 | BO88: 31745 | BP88: 34542 | BQ88: 37481 | BR88: 21326 | BS88: 18236 | BT88: 20926 | BU88: 26355 | BV88: 29186 | BW88: 28093 | BX88: 23794 | BY88: 19832 | BZ88: 29707 | CA88: 35260 | CB88: 19035 | CC88: 21548 | CD88: 19646 | CE88: 16574 | CF88: 13017 | CG88: 15183 | CH88: 4876 | CI88: 2458 | CJ88: 32 | CK88: 2425 | CL88: 36 | CM88: 80 | CN88: 4596 | CO88: 19 | CP88: 2425 | CR88: 2348 | CW88: 2425 | CX88: 2462 | CY88: 26 | CZ88: 2516 | DA88: 4478 | DB88: 3394 | DC88: 8808 | DD88: 6534 | DE88: 4407 | DF88: 4434 | DG88: 15448 | DH88: 29729 | DI88: 33373 | DJ88: 35897 | DK88: 39412 | DL88: 46296 | DM88: 32343 | DN88: 30945 | DO88: 24709 | DP88: 19996 | DQ88: 19586 | DR88: 32940 | DS88: 28175 | DT88: 23941 | DU88: 28931 | DV88: 25711 | DW88: 26768 | DX88: 30746 | DY88: 24603 | DZ88: 26237 | EA88: 26730 | EB88: 19133 | EC88: 15074 | ED88: 13454 | EE88: 15880 | EF88: 18230 | EG88: 9412 | EH88: 6720 | EI88: 6600 | EJ88: 6533 | EK88: 2488 | EL88: 10878 | EM88: 7071 | EN88: 7087 | EO88: 2484 | EP88: 9021 | EQ88: 4834 | ER88: 2114 | ES88: 4940 | ET88: 12272 | EU88: 6674 | EV88: 5911 | EW88: 4167 | EX88: 6598 | EY88: 8883 | EZ88: 11365 | FA88: 10962 | FB88: 8822 | FC88: 6458 | FD88: 4381 | FE88: 2157 | FF88: 26810 | FG88: 33258 | FH88: 28864 | FI88: 45986 | FJ88: 46754 | FK88: 45622 | FL88: 44756 | FM88: 51011 | FN88: 35555 | FO88: 37587 | FP88: 34568 | FQ88: 31845 | FR88: 25123 | FS88: 21893 | FT88: 25459 | FU88: 23403 | FV88: 26097 | FW88: 27395 | FX88: 29339 | FY88: 25444 | FZ88: 25295 | GA88: 17684 | GB88: 23851 | GC88: 2585 | GD88: 5058 | GE88: 4727 | GF88: 9581 | GG88: 9218 | GH88: 8 | GI88: 24 | GJ88: 2439 | GK88: 2425 | GM88: 14 | GY88: 1 | HA88: 72 | HB88: 21 | HC88: 10 | HE88: 10843 | HF88: 7356 | HG88: 17100 | HH88: 28646 | HI88: 51178 | HJ88: 61719 | HK88: 62171 | HL88: 67678 | HM88: 72693 | HN88: 51705 | HO88: 38925 | HP88: 41449 | HQ88: 37875 | HR88: 43025 | HS88: 18084 | HT88: 45348 | HU88: 43561 | HV88: 33312 | HW88: 46055 | HX88: 25445 | HY88: 39094 | HZ88: 36802 | IA88: 25101 | IB88: 22584 | IC88: 21619 | ID88: 19105 | IE88: 14083 | IF88: 6510 | IG88: 7166 | IH88: 2425 | II88: 5 | IJ88: 10 | IK88: 32 | IO88: 18 | IQ88: 28 | JB88: 16 | JD88: 3986 | JE88: 8029 | JF88: 16111 | JG88: 21676 | JH88: 38898 | JI88: 49062 | JJ88: 66166 | JK88: 78784 | JL88: 64402 | JM88: 89502 | JN88: 80541 | JO88: 52020 | JP88: 48849 | JQ88: 48231 | JR88: 50834 | JS88: 36297 | JT88: 33954 | JU88: 34872 | JV88: 40970 | JW88: 28837 | JX88: 45687 | JY88: 36414 | JZ88: 23229 | KA88: 16345 | KB88: 15870 | KC88: 8561 | KD88: 9387 | KE88: 4909 | KF88: 13288 | KG88: 9117 | KH88: 7190 | KI88: 1197 | KJ88: 5 | KM88: 13 | KP88: 13 | KS88: 21 | KU88: 54 | KV88: 54 | KW88: 63 | KX88: 24 | KZ88: 21 | LB88: 21 | LC88: 22 | LD88: 34 | LE88: 12173 | LF88: 6069 | LG88: 21145 | LH88: 56346 | LI88: 66365 | LJ88: 65168 | LK88: 70430 | LL88: 56530 | LM88: 61947 | LN88: 45829 | LO88: 51300 | LP88: 41381 | LQ88: 26638 | LR88: 40561 | LS88: 30750 | LT88: 38629 | LU88: 23991 | LV88: 33435 | LW88: 29313 | LX88: 31132 | LY88: 25088 | LZ88: 39911 | MA88: 33739 | MB88: 23901 | MC88: 18267 | MD88: 16102 | ME88: 9545 | MF88: 9504 | MG88: 2505 | MH88: 7 | MI88: 54 | MJ88: 34 | MK88: 70 | ML88: 83 | MM88: 43 | MN88: 34 | MP88: 32 | MQ88: 52 | MR88: 93 | MS88: 2464 | MT88: 61 | MU88: 5161 | MV88: 2759 | MW88: 15212 | MX88: 10240 | MY88: 15746 | MZ88: 14918 | NA88: 15202 | NB88: 23293 | NC88: 19251 | ND88: 26264 | NE88: 14636 | NF88: 11723 | NG88: 30690 | NH88: 53378 | NI88: 70414 | NJ88: 81434 | NK88: 86749 | NL88: 67217 | NM88: 88170 | NN88: 71613 | NO88: 66618 | NP88: 52241 | NQ88: 47621 | NR88: 47440 | NS88: 43149 | NT88: 43973 | NU88: 25617 | NV88: 31717 | NW88: 37502 | NX88: 32855 | NY88: 38154 | NZ88: 29944 | OA88: 17288 | OB88: 15176 | OC88: 17334 | OD88: 10057 | OE88: 10915 | OF88: 9050 | OG88: 6816 | OH88: 13337 | OI88: 7498 | OJ88: 7599 | OK88: 5201 | OL88: 453 | OM88: 2625 | ON88: 5248 | OO88: 2698 | OP88: 2673 | OQ88: 5239 | OR88: 2497 | OS88: 2601 | OT88: 2556 | OU88: 134 | OV88: 5197 | OW88: 5361 | OX88: 2504 | OY88: 9450 | OZ88: 10394 | PA88: 10183 | PB88: 10667 | PC88: 14079 | PD88: 22779 | PE88: 25462 | PF88: 27324 | PG88: 17585 | PH88: 35835 | PI88: 43081 | PJ88: 66474 | PK88: 76772 | PL88: 68065 | PM88: 56565 | PN88: 65686 | PO88: 46119 | PP88: 41742 | PQ88: 28069 | PR88: 42258.635 | PS88: 34017.979 | PT88: 24829.702 | PU88: 29764.087 | PV88: 27134.855 | PW88: 26597.221 | PX88: 23084.156 | PY88: 22528.518 | PZ88: 28979.866 | QA88: 22304.234 | QB88: 15015.717 | QC88: 9471.9012 | QD88: 16482.085 | QE88: 4576.4278 | QF88: 5307.3703 | QG88: 7562.4781 | QH88: 2812.1791 | QI88: 420.27444 | QJ88: 4710.8363 | QK88: 9407.8569 | QL88: 2497.5428 | QM88: 4709.5135 | QN88: 4874.1253 | QO88: 7474.6607 | QP88: 4850.0949 | QQ88: 4624.2314 | QR88: 38.691116 | QS88: 2808.9456 | QT88: 99.832633 | QU88: 2546.3017 | QV88: 2020.83 | QY88: 2372.9449 | QZ88: 2314.8164 | RC88: 2425.0475 | RD88: 2460.1377 | RI88: 4950.442 | RK88: 2544.2808 | RL88: 2498.4981 | RN88: 1489.4794 | RP88: 68.380026 | RQ88: 31.489351 | RS88: 685.67419 | RU88: 2725.1333 | RV88: 2500.4823 | RW88: 15300.371 | RX88: 12575.274 | RY88: 15151.853 | RZ88: 20519.336 | SA88: 14859.887 | SB88: 27328.972 | SC88: 12404.6 | SD88: 14222.421 | SE88: 9881.4832 | SF88: 12317.995 | SG88: 9739.9833 | SH88: 14162.859 | SI88: 4782.5232 | SJ88: 2465.9799 | SK88: 5011.2528 | SL88: 4967.5278 | SM88: 9996.5278 | SN88: 7568.9817 | SO88: 10026.841 | SP88: 12283.051 | SQ88: 14802.347 | SR88: 10101.505 | SS88: 19460.86 | ST88: 14575.822 | SU88: 8944.1147 | SV88: 16913.199 | SW88: 11664.508 | SX88: 22049.417 | SY88: 21274.786 | SZ88: 17204.503 | TA88: 20254.413 | TB88: 22517.348 | TC88: 28649.026 | TD88: 17595.529 | TE88: 7590.4401 | TF88: 7620.9741 | TG88: 5099.3274 | TH88: 5131.9191 | TI88: 4997.8781 | TJ88: 2584.2947 | TK88: 19691.904 | TL88: 27640.338 | TM88: 28061.972 | TN88: 33571.984 | TO88: 49601.974 | TP88: 40065.735 | TQ88: 33047.761 | TR88: 27756.852 | TS88: 15373.16 | TT88: 12823.441 | TU88: 15588.404 | TV88: 15160.561 | TW88: 20233.91 | TX88: 17872.724 | TY88: 20301.739 | TZ88: 4972.7086 | UA88: 7465.0338 | UB88: 5055.9699 | UC88: 2318.454 | UD88: 5133.8665 | UF88: 2591.9006 | UG88: 75.581791 | UH88: 63.897294 | UI88: 2596.9712 | UJ88: 2685.0826 | UK88: 2755.0426 | UL88: 5300.0583 | UM88: 2812.5465 | UN88: 2696.9141 | UO88: 207.89585 | UP88: 322.05853 | UQ88: 250.18785 | UR88: 2507.8678 | US88: 2784.7683 | UT88: 75.581791 | UU88: 5019.7038 | UV88: 5886.9286 | UW88: 2841.9415 | UX88: 4983.0704 | UY88: 2644.7013 | UZ88: 7768.3531 | VA88: 18004.67 | VB88: 25336.876 | VC88: 17399.906 | VD88: 34699.06 | VE88: 40936.046 | VF88: 32694.103 | VG88: 35348.872 | VH88: 54369.285 | VI88: 67387.578 | VJ88: 66663.287 | VK88: 81788.72 | VL88: 60896.436 | VM88: 72581.043 | VN88: 70475.703 | VO88: 58288.332 | VP88: 71633.46 | VQ88: 67490.534 | VR88: 59701.09 | VS88: 63841.664 | VT88: 50932.831 | VU88: 42410.975 | VV88: 39973.618 | VW88: 54680.137 | VX88: 46723.399 | VY88: 44088.141 | VZ88: 32217.464 | WA88: 14970.302 | WB88: 5747.3761 | WC88: 12314.247 | WD88: 10395.123 | WE88: 5975.0768 | WF88: 281.56697 | WG88: 3537.4262 | WH88: 1032.057 | WI88: 252.75991 | WJ88: 369.7886 | WK88: 317.61254 | WL88: 308.61034 | WM88: 152.04543 | WN88: 488.61772 | WO88: 401.27795 | WP88: 194.33743 | WQ88: 298.83651 | WR88: 98.068935 | WS88: 157.44675 | WT88: 50.375613 | WU88: 84.583997 | WV88: 102.58841 | WW88: 61.17826 | WX88: 116.99194 | WY88: 961.36217 | WZ88: 35.090233 | XA88: 5423.2599 | XB88: 2557.9127 | XC88: 2636.1033 | XD88: 98.068935 | XE88: 5097.2698 | XF88: 2491.1494 | XG88: 10618.341 | XH88: 13108.829 | XI88: 45513.098 | XJ88: 65624.763 | XK88: 69636.33 | XL88: 67338.856 | XM88: 73404.359 | XN88: 61450.458 | XO88: 55831.832 | XP88: 53696.655 | XQ88: 56536.025 | XR88: 30963.291 | XS88: 39641.345 | XT88: 32431.459 | XU88: 29956.073 | XV88: 18590.585 | XW88: 48489.522 | XX88: 23652.544 | XY88: 29249.602 | XZ88: 28172.35 | YA88: 18708.165 | YB88: 11257.351 | YC88: 16484.988 | YD88: 9037.8479 | YE88: 14358.299 | YF88: 6222.2149 | YG88: 10592.4 | YH88: 12802.718 | YI88: 15612.913 | YJ88: 11456.943 | YK88: 9986.166 | YL88: 8578.6986 | YM88: 7751.7082 | YN88: 3218.7849 | YO88: 5986.0631 | YP88: 2336.3482 | YQ88: 507.39375 | YR88: 2600.7191 | YS88: 2666.7843 | YT88: 2959.9255 | YU88: 2824.4515 | YV88: 2749.0901 | YW88: 5022.0922 | YX88: 251.91481 | YY88: 4803.6141 | YZ88: 9190.9956 | ZA88: 10340.633 | ZB88: 13190.988 | ZC88: 5199.5275 | ZD88: 10326.596 | ZE88: 5374.9052 | ZF88: 5489.2516 | ZG88: 2650.4333 | ZH88: 2012.6729 | ZI88: 25355.835 | ZJ88: 49596.316 | ZK88: 79887.124 | ZL88: 76302.188 | ZM88: 67628.507 | ZN88: 46832.454 | ZO88: 64235.998 | ZP88: 54990.254 | ZQ88: 45086.173 | ZR88: 43121.414 | ZS88: 45375.75 | ZT88: 39453.768 | ZU88: 33368.865 | ZV88: 24157.55 | ZW88: 47144.886 | ZX88: 43984.156 | ZY88: 51789.951 | ZZ88: 42579.077 | AAA88: 36694.463 | AAB88: 37159.418 | AAC88: 16045.202 | AAD88: 9317.7981 | AAE88: 5614.4374 | AAF88: 14920.367 | AAG88: 18611.86 | AAH88: 10935.035 | AAI88: 10622.493 | AAJ88: 10296.209 | AAK88: 4706.4638 | AAL88: 7214.1111 | AAM88: 2517.5681 | AAN88: 301.37183 | AAO88: 265.39975 | AAP88: 68.380026 | AAQ88: 280.79536 | AAR88: 305.00945 | AAS88: 198.82016 | AAT88: 226.78212 | AAU88: 213.1502 | AAV88: 111.55387 | AAW88: 43.173847 | AAX88: 232.1467 | AAY88: 172.76888 | AAZ88: 12.566345 | ABA88: 26.969876 | ABB88: 85.465846 | ABC88: 4082.7027 | ABD88: 5482.1968 | ABE88: 4602.92 | ABF88: 6429.7433 | ABG88: 11067.239 | ABH88: 14115.68 | ABI88: 36950.016 | ABJ88: 50092.245 | ABK88: 73830.623 | ABL88: 56886.339 | ABM88: 57097.432 | ABN88: 38138.381 | ABO88: 36980.219 | ABP88: 32044.144 | ABQ88: 15023.029 | ABR88: 18682.702 | ABS88: 20709.374 | ABT88: 12744.736 | ABU88: 17312.492 | ABV88: 12898.655 | ABW88: 25517.471 | ABX88: 29392.572 | ABY88: 17909.173 | ABZ88: 45106.052 | ACA88: 29998.659 | ACB88: 26778 | ACC88: 22003.156 | ACD88: 30696.789 | ACE88: 12427.087 | ACF88: 20259.411 | ACG88: 10537.799 | ACH88: 7912.5353 | ACI88: 7375.5996 | ACJ88: 8142.1835 | ACK88: 351.82093 | ACL88: 3158.415 | ACM88: 2697.9429 | ACN88: 265.39975 | ACO88: 265.39975 | ACP88: 2751.4417 | ACQ88: 2561.2931 | ACR88: 133.15917 | ACS88: 188.97285 | ACT88: 154.80121 | ACU88: 109.79018 | ACV88: 145.76226 | ACW88: 68.380026 | ACX88: 312.21122 | ACY88: 313.09307 | ACZ88: 278.92143 | ADA88: 2133.1555 | ADB88: 2085.7561 | ADC88: 2662.4485 | ADD88: 7118.0631 | ADE88: 2269.6583 | ADF88: 2630.7754 | ADG88: 6465.6419 | ADH88: 7459.9999 | ADI88: 26066.936 | ADJ88: 45230.025 | ADK88: 64625.591 | ADL88: 60575.186 | ADM88: 56465.55 | ADN88: 61048.225 | ADO88: 53751.771 | ADP88: 45331.695 | ADQ88: 35086.081 | ADR88: 31268.558 | ADS88: 37785.494 | ADT88: 25141.877 | ADU88: 27667.088 | ADV88: 10505.538
A89: Christmas Island
A90: Cocos (Keeling) Island
A91: Cook Islands
A92: Cook Islands and Nuie and Tokelau
A93: East Timor
A94: Fiji
A95: French Pacific Islands (Includes Tahiti)
A96: French Polynesia
A97: Gaza Strip Administered by Israel
A98: Gilbert and Ellice Islands
A99: Guam
A100: Heard and McDonald Islands
A101: Hong Kong | X101: 29 | AE101: 9 | CF101: 19 | CJ101: 22 | CK101: 3 | DD101: 1 | DH101: 2 | EL101: 1 | GZ101: 2 | IR101: 5 | IT101: 5 | JR101: 9 | JY101: 4 | KE101: 20 | NO101: 1 | QA101: 9.0022065 | UL101: 4.4827314 | ZF101: 9.0022065 | ZQ101: 7.2017652 | AAE101: 8.083614 | AAH101: 1.8004413 | ABL101: 5.4013239 | ADI101: 10.802648 | ADP101: 1.8004413
A102: India | HR102: 12 | HS102: 9 | IA102: 5 | JM102: 42 | LI102: 31 | LJ102: 78 | LK102: 9 | LL102: 165 | LM102: 80 | LN102: 176 | LO102: 25 | LP102: 85 | LQ102: 29 | LR102: 74 | LS102: 15 | LT102: 106 | LU102: 27 | LV102: 128 | LW102: 61 | LX102: 60 | LY102: 69 | LZ102: 39 | MA102: 17 | MB102: 33 | MC102: 16 | ME102: 18 | MF102: 9 | MH102: 56 | MI102: 58 | MJ102: 13 | MM102: 58 | MO102: 38 | MP102: 1 | MS102: 19 | NC102: 44 | NG102: 18 | NH102: 18 | PG102: 19 | QE102: 13.484938 | QF102: 7.2017652 | RE102: 18.886262 | RF102: 18.886262 | RK102: 18.886262 | RO102: 32.3712 | RQ102: 9.0022065 | RT102: 13.484938 | RV102: 5.4013239 | RW102: 28.807061 | RX102: 10.802648 | SZ102: 14.40353 | UB102: 11.684497 | UG102: 3.6008826 | UK102: 5.4013239 | UM102: 10.802648 | VG102: 0.8818488 | WA102: 15.285379 | WL102: 17.08582 | XS102: 44.974289 | XU102: 18.004413 | XY102: 60.296412 | YC102: 34.208385 | ZX102: 9.8840553 | ZZ102: 18.004413 | AAA102: 15.285379 | AAD102: 42.291999 | AAE102: 36.008826 | ABY102: 26.969876 | ACK102: 18.004413 | ADR102: 49.493764 | ADU102: 9.0022065
A103: Indonesia | B103: 161 | C103: 134 | D103: 115 | E103: 139 | F103: 97 | G103: 134 | H103: 94 | I103: 148 | J103: 3047 | K103: 1006 | L103: 3712 | M103: 1042 | N103: 812 | O103: 727 | P103: 682 | Q103: 3314 | R103: 609 | S103: 3633 | T103: 671 | U103: 780 | V103: 2804 | W103: 1010 | X103: 713 | Y103: 994 | Z103: 681 | AA103: 2981 | AB103: 756 | AC103: 2817 | AD103: 3179 | AE103: 447 | AF103: 647 | AG103: 520 | AH103: 532 | AI103: 531 | AJ103: 481 | AK103: 1571 | AL103: 1617 | AM103: 445 | AN103: 252 | AO103: 2603 | AP103: 346 | AQ103: 451 | AR103: 318 | AS103: 363 | AT103: 292 | AU103: 247 | AV103: 495 | AW103: 2764 | AX103: 338 | AY103: 2854 | AZ103: 139 | BA103: 265 | BB103: 2615 | BC103: 159 | BD103: 160 | BE103: 2557 | BF103: 64 | BG103: 386 | BH103: 808 | BI103: 1112 | BJ103: 1401 | BK103: 824 | BL103: 2073 | BM103: 560 | BN103: 3330 | BO103: 5608 | BP103: 982 | BQ103: 1800 | BR103: 485 | BS103: 294 | BT103: 1858 | BU103: 339 | BV103: 541 | BW103: 335 | BX103: 433 | BY103: 446 | BZ103: 705 | CA103: 635 | CB103: 2168 | CC103: 494 | CD103: 1175 | CE103: 3028 | CF103: 3097 | CG103: 624 | CH103: 466 | CI103: 2903 | CJ103: 383 | CK103: 515 | CL103: 718 | CM103: 3217 | CN103: 710 | CO103: 548 | CP103: 695 | CQ103: 581 | CR103: 3280 | CS103: 618 | CT103: 2369 | CU103: 236 | CV103: 392 | CW103: 805 | CX103: 765 | CY103: 535 | CZ103: 3413 | DA103: 827 | DB103: 812 | DC103: 1019 | DD103: 725 | DE103: 537 | DF103: 413 | DG103: 354 | DH103: 259 | DI103: 516 | DJ103: 651 | DK103: 5412 | DL103: 824 | DM103: 780 | DN103: 634 | DO103: 644 | DP103: 706 | DQ103: 2456 | DR103: 806 | DS103: 600 | DT103: 499 | DU103: 2533 | DV103: 744 | DW103: 1690 | DX103: 910 | DY103: 3556 | DZ103: 789 | EA103: 612 | EB103: 777 | EC103: 801 | ED103: 2891 | EE103: 641 | EF103: 1416 | EG103: 5579 | EH103: 653 | EI103: 751 | EJ103: 699 | EK103: 878 | EL103: 918 | EM103: 626 | EN103: 625 | EO103: 3436 | EP103: 608 | EQ103: 739 | ER103: 505 | ES103: 354 | ET103: 415 | EU103: 397 | EV103: 2765 | EW103: 1400 | EX103: 1124 | EY103: 3140 | EZ103: 348 | FA103: 1343 | FB103: 2810 | FC103: 135 | FD103: 100 | FE103: 151 | FF103: 2936 | FG103: 1472 | FH103: 334 | FI103: 585 | FJ103: 2958 | FK103: 2715 | FL103: 621 | FM103: 432 | FN103: 279 | FO103: 534 | FP103: 527 | FQ103: 633 | FR103: 3239 | FS103: 309 | FT103: 366 | FU103: 770 | FV103: 635 | FW103: 472 | FX103: 3386 | FY103: 512 | FZ103: 647 | GA103: 1498 | GB103: 870 | GC103: 4954 | GD103: 744 | GE103: 3479 | GF103: 2510 | GG103: 565 | GH103: 688 | GI103: 1711 | GJ103: 3441 | GK103: 529 | GL103: 577 | GM103: 1395 | GN103: 234 | GO103: 233 | GP103: 251 | GQ103: 185 | GR103: 3236 | GS103: 998 | GT103: 143 | GU103: 24 | GV103: 987 | GW103: 60 | GX103: 106 | GY103: 165 | GZ103: 4134 | HA103: 205 | HB103: 304 | HC103: 1098 | HD103: 350 | HE103: 3058 | HF103: 1241 | HG103: 529 | HH103: 3799 | HI103: 505 | HJ103: 764 | HK103: 3506 | HL103: 784 | HM103: 777 | HN103: 634 | HO103: 864 | HP103: 1067 | HQ103: 2706 | HR103: 718 | HS103: 2882 | HT103: 681 | HU103: 490 | HV103: 3105 | HW103: 1206 | HX103: 1839 | HY103: 860 | HZ103: 831 | IA103: 899 | IB103: 4779 | IC103: 1427 | ID103: 4115 | IE103: 3787 | IF103: 1416 | IG103: 1523 | IH103: 3061 | II103: 913 | IJ103: 3525 | IK103: 474 | IL103: 3086 | IM103: 590 | IN103: 323 | IO103: 347 | IP103: 1277 | IQ103: 634 | IR103: 541 | IS103: 479 | IT103: 566 | IU103: 2228 | IV103: 1691 | IW103: 321 | IX103: 366 | IY103: 444 | IZ103: 323 | JA103: 255 | JB103: 278 | JC103: 2494 | JD103: 88 | JE103: 82 | JF103: 97 | JG103: 178 | JH103: 384 | JI103: 872 | JJ103: 933 | JK103: 1153 | JL103: 3994 | JM103: 1773 | JN103: 1470 | JO103: 1883 | JP103: 1549 | JQ103: 1865 | JR103: 4214 | JS103: 1185 | JT103: 792 | JU103: 924 | JV103: 694 | JW103: 952 | JX103: 1204 | JY103: 5065 | JZ103: 2781 | KA103: 1836 | KB103: 837 | KC103: 909 | KD103: 1811 | KE103: 3489 | KF103: 1844 | KG103: 1812 | KH103: 699 | KI103: 1224 | KJ103: 806 | KK103: 1817 | KL103: 3001 | KM103: 518 | KN103: 469 | KO103: 181 | KP103: 317 | KQ103: 508 | KR103: 755 | KS103: 4450 | KT103: 450 | KU103: 523 | KV103: 495 | KW103: 459 | KX103: 1351 | KY103: 3793 | KZ103: 1235 | LA103: 1220 | LB103: 433 | LC103: 455 | LD103: 1109 | LE103: 320 | LF103: 3006 | LG103: 1259 | LH103: 791 | LI103: 909 | LJ103: 1734 | LK103: 798 | LL103: 4976 | LM103: 868 | LN103: 1538 | LO103: 490 | LP103: 683 | LQ103: 914 | LR103: 799 | LS103: 684 | LT103: 1327 | LU103: 1455 | LV103: 1034 | LW103: 2525 | LX103: 1254 | LY103: 3481 | LZ103: 1516 | MA103: 1309 | MB103: 3494 | MC103: 3148 | MD103: 1357 | ME103: 1201 | MF103: 1713 | MG103: 1572 | MH103: 2792 | MI103: 3054 | MJ103: 1908 | MK103: 906 | ML103: 3025 | MM103: 1581 | MN103: 413 | MO103: 633 | MP103: 2108 | MQ103: 791 | MR103: 808 | MS103: 3142 | MT103: 589 | MU103: 310 | MV103: 2440 | MW103: 1110 | MX103: 640 | MY103: 482 | MZ103: 816 | NA103: 685 | NB103: 3425 | NC103: 2559 | ND103: 399 | NE103: 276 | NF103: 1339 | NG103: 2923 | NH103: 1833 | NI103: 610 | NJ103: 1499 | NK103: 1365 | NL103: 1165 | NM103: 1375 | NN103: 4027 | NO103: 991 | NP103: 1207 | NQ103: 3666 | NR103: 1483 | NS103: 3232 | NT103: 3021 | NU103: 622 | NV103: 2965 | NW103: 1014 | NX103: 2208 | NY103: 1647 | NZ103: 1217 | OA103: 3222 | OB103: 2273 | OC103: 2971 | OD103: 822 | OE103: 1027 | OF103: 3203 | OG103: 3628 | OH103: 1078 | OI103: 1250 | OJ103: 1533 | OK103: 3137 | OL103: 497 | OM103: 621 | ON103: 541 | OO103: 835 | OP103: 942 | OQ103: 2644 | OR103: 3202 | OS103: 1639 | OT103: 650 | OU103: 3288 | OV103: 624 | OW103: 998 | OX103: 912 | OY103: 2909 | OZ103: 517 | PA103: 927 | PB103: 1817 | PC103: 851 | PD103: 3960 | PE103: 773 | PF103: 1463 | PG103: 580 | PH103: 2631 | PI103: 1438 | PJ103: 1190 | PK103: 1443 | PL103: 1531 | PM103: 1049 | PN103: 946 | PO103: 695 | PP103: 4311 | PQ103: 1095 | PR103: 1523.5408 | PS103: 729.72988 | PT103: 480.31365 | PU103: 344.47219 | PV103: 3175.9417 | PW103: 3026.1009 | PX103: 941.11639 | PY103: 1770.2012 | PZ103: 848.37529 | QA103: 796.34621 | QB103: 865.46111 | QC103: 1011.2969 | QD103: 3449.3516 | QE103: 1131.0078 | QF103: 4097.3267 | QG103: 891.40216 | QH103: 959.08406 | QI103: 1067.0738 | QJ103: 3286.43 | QK103: 1722.5447 | QL103: 573.20172 | QM103: 1772.7733 | QN103: 2985.3889 | QO103: 1057.1162 | QP103: 882.36321 | QQ103: 4814.2331 | QR103: 1745.6564 | QS103: 930.277 | QT103: 1802.7562 | QU103: 3606.0635 | QV103: 3039.2551 | QW103: 992.48408 | QX103: 1125.4963 | QY103: 1440.5 | QZ103: 923.00174 | RA103: 3993.5625 | RB103: 1493.264 | RC103: 1177.5254 | RD103: 817.65756 | RE103: 3801.6134 | RF103: 835.88243 | RG103: 813.35854 | RH103: 1746.9425 | RI103: 956.47525 | RJ103: 1206.5161 | RK103: 791.90022 | RL103: 1086.8419 | RM103: 1347.0608 | RN103: 2140.394 | RO103: 1349.8166 | RP103: 3378.179 | RQ103: 2740.3084 | RR103: 1191.1573 | RS103: 1239.7324 | RT103: 937.40527 | RU103: 563.97905 | RV103: 5712.3593 | RW103: 1311.6766 | RX103: 3067.9152 | RY103: 851.97617 | RZ103: 658.63082 | SA103: 2988.8428 | SB103: 1111.9011 | SC103: 1196.7423 | SD103: 1204.4952 | SE103: 1064.2445 | SF103: 1032.7184 | SG103: 3365.5392 | SH103: 2454.7731 | SI103: 596.42374 | SJ103: 688.35648 | SK103: 712.49709 | SL103: 566.69809 | SM103: 3411.5791 | SN103: 3105.798 | SO103: 809.83115 | SP103: 969.0416 | SQ103: 906.09964 | SR103: 2754.0873 | SS103: 947.73025 | ST103: 802.62938 | SU103: 3043.2602 | SV103: 2654.7691 | SW103: 681.11797 | SX103: 877.29258 | SY103: 681.99982 | SZ103: 740.27532 | TA103: 2912.6731 | TB103: 854.76869 | TC103: 5705.8924 | TD103: 845.61951 | TE103: 626.14939 | TF103: 3158.3047 | TG103: 2882.727 | TH103: 800.71871 | TI103: 631.73443 | TJ103: 372.91181 | TK103: 816.92268 | TL103: 891.32867 | TM103: 842.09212 | TN103: 748.65289 | TO103: 3642.6602 | TP103: 2831.3225 | TQ103: 715.21612 | TR103: 809.90464 | TS103: 954.52784 | TT103: 642.09616 | TU103: 3463.057 | TV103: 773.01396 | TW103: 997.77517 | TX103: 744.05992 | TY103: 1175.8719 | TZ103: 1125.68 | UA103: 2852.9278 | UB103: 849.4776 | UC103: 862.81556 | UD103: 3040.9821 | UE103: 567.57993 | UF103: 2650.1394 | UG103: 2787.3036 | UH103: 698.20379 | UI103: 482.26106 | UJ103: 2494.1991 | UK103: 2801.3764 | UL103: 1863.6772 | UM103: 2194.6645 | UN103: 594.77027 | UO103: 1595.4115 | UP103: 2695.2606 | UQ103: 633.3879 | UR103: 438.13188 | US103: 437.25003 | UT103: 700.7391 | UU103: 3093.4521 | UV103: 3323.7616 | UW103: 715.28961 | UX103: 782.67755 | UY103: 3124.574 | UZ103: 709.52085 | VA103: 2890.6636 | VB103: 805.97306 | VC103: 820.52356 | VD103: 749.46125 | VE103: 759.16159 | VF103: 2950.2986 | VG103: 1010.6722 | VH103: 898.7509 | VI103: 3342.5009 | VJ103: 1214.7835 | VK103: 1000.3105 | VL103: 960.84775 | VM103: 1020.9604 | VN103: 672.96087 | VO103: 3833.8377 | VP103: 935.64158 | VQ103: 1108.3737 | VR103: 3065.2697 | VS103: 786.42541 | VT103: 3007.3984 | VU103: 478.58669 | VV103: 516.46945 | VW103: 1000.4942 | VX103: 3495.3179 | VY103: 938.58107 | VZ103: 2701.0661 | WA103: 3479.5549 | WB103: 463.19108 | WC103: 637.90738 | WD103: 3150.0741 | WE103: 1715.1224 | WF103: 2982.5596 | WG103: 879.79115 | WH103: 619.86622 | WI103: 3487.9692 | WJ103: 797.04434 | WK103: 726.86387 | WL103: 544.21094 | WM103: 2861.8566 | WN103: 647.75469 | WO103: 2960.5501 | WP103: 955.37294 | WQ103: 2664.0652 | WR103: 536.16407 | WS103: 2629.4159 | WT103: 752.9519 | WU103: 582.97554 | WV103: 2580.3631 | WW103: 477.63136 | WX103: 756.66301 | WY103: 1131.5957 | WZ103: 439.85883 | XA103: 239.23823 | XB103: 292.44311 | XC103: 180.00739 | XD103: 308.64708 | XE103: 71.980908 | XF103: 90.830426 | XG103: 186.18033 | XH103: 4532.3721 | XI103: 2126.2109 | XJ103: 195.29277 | XK103: 450.73497 | XL103: 357.22225 | XM103: 318.53114 | XN103: 346.30937 | XO103: 3091.8354 | XP103: 457.89999 | XQ103: 2366.7719 | XR103: 607.998 | XS103: 2684.4947 | XT103: 1171.3157 | XU103: 511.72951 | XV103: 331.97933 | XW103: 740.49579 | XX103: 607.22639 | XY103: 3066.7027 | XZ103: 415.46102 | YA103: 2673.3981 | YB103: 1510.8275 | YC103: 854.76869 | YD103: 2945.5587 | YE103: 3607.4965 | YF103: 2992.7744 | YG103: 916.93903 | YH103: 880.81998 | YI103: 872.69962 | YJ103: 3724.0475 | YK103: 401.27795 | YL103: 702.61303 | YM103: 2787.8915 | YN103: 3486.9404 | YO103: 2341.2351 | YP103: 385.80885 | YQ103: 259.99842 | YR103: 2411.6727 | YS103: 197.01972 | YT103: 531.57111 | YU103: 347.22796 | YV103: 459.62694 | YW103: 2990.4595 | YX103: 331.8691 | YY103: 311.29263 | YZ103: 2303.7565 | ZA103: 499.23665 | ZB103: 559.38609 | ZC103: 2964.1878 | ZD103: 306.92013 | ZE103: 2278.1461 | ZF103: 2268.4826 | ZG103: 224.94493 | ZH103: 142.19812 | ZI103: 260.58632 | ZJ103: 184.37989 | ZK103: 439.01373 | ZL103: 454.29911 | ZM103: 306.73641 | ZN103: 2920.9037 | ZO103: 288.62176 | ZP103: 416.41635 | ZQ103: 4471.4511 | ZR103: 510.48022 | ZS103: 981.79166 | ZT103: 586.61317 | ZU103: 270.83781 | ZV103: 304.93597 | ZW103: 1246.0891 | ZX103: 824.12445 | ZY103: 3447.2204 | ZZ103: 2776.2805 | AAA103: 828.68067 | AAB103: 3010.9258 | AAC103: 683.837 | AAD103: 1662.4687 | AAE103: 809.64743 | AAF103: 846.64834 | AAG103: 2454.9568 | AAH103: 2667.7029 | AAI103: 645.6603 | AAJ103: 450.73497 | AAK103: 1680.3629 | AAL103: 428.21108 | AAM103: 3071.1119 | AAN103: 916.93903 | AAO103: 638.89946 | AAP103: 2566.2535 | AAQ103: 521.65031 | AAR103: 528.04371 | AAS103: 362.62358 | AAT103: 499.34688 | AAU103: 2813.7223 | AAV103: 528.26417 | AAW103: 593.77819 | AAX103: 690.96528 | AAY103: 524.47957 | AAZ103: 2987.1893 | ABA103: 318.53114 | ABB103: 520.07033 | ABC103: 199.7755 | ABD103: 259.96168 | ABE103: 269.91922 | ABF103: 189.78121 | ABG103: 135.84146 | ABH103: 75.545047 | ABI103: 930.5342 | ABJ103: 819.82543 | ABK103: 1050.8698 | ABL103: 1074.2756 | ABM103: 1004.1318 | ABN103: 1019.454 | ABO103: 3865.9884 | ABP103: 920.50317 | ABQ103: 666.49397 | ABR103: 761.91736 | ABS103: 2945.1545 | ABT103: 3025.9172 | ABU103: 653.19275 | ABV103: 761.95411 | ABW103: 2849.6577 | ABX103: 635.95996 | ABY103: 731.27312 | ABZ103: 1154.3768 | ACA103: 1350.4412 | ACB103: 3837.4385 | ACC103: 879.09302 | ACD103: 1053.4419 | ACE103: 3107.4882 | ACF103: 922.15664 | ACG103: 1291.7615 | ACH103: 519.22522 | ACI103: 3828.2526 | ACJ103: 2910.5787 | ACK103: 3049.2862 | ACL103: 1033.7105 | ACM103: 3298.9229 | ACN103: 885.19248 | ACO103: 1054.3237 | ACP103: 1330.6364 | ACQ103: 932.18767 | ACR103: 1549.0776 | ACS103: 3266.368 | ACT103: 1293.8927 | ACU103: 1144.309 | ACV103: 841.17352 | ACW103: 995.16637 | ACX103: 3502.6299 | ACY103: 1147.1751 | ACZ103: 3241.7129 | ADA103: 965.5142 | ADB103: 786.35192 | ADC103: 1018.4619 | ADD103: 2812.6935 | ADE103: 2496.9549 | ADF103: 3002.8421 | ADG103: 645.18263 | ADH103: 1057.2265 | ADI103: 1106.7202 | ADJ103: 763.7178 | ADK103: 1650.0493 | ADL103: 1137.1073 | ADM103: 1314.9835 | ADN103: 568.6455 | ADO103: 3799.3353 | ADP103: 1051.2005 | ADQ103: 897.02395 | ADR103: 3143.9747 | ADS103: 1227.2763 | ADT103: 1335.2293 | ADU103: 635.26183 | ADV103: 2531.494
A104: Iran | J104: 2431 | L104: 2380 | Q104: 1671 | T104: 2002 | Z104: 2431 | GI104: 6 | HN104: 2508 | IC104: 1 | LR104: 2315 | LZ104: 2227 | NJ104: 2951 | PA104: 2469 | PR104: 0 | PS104: 0 | PT104: 0 | PU104: 2412.9955 | QV104: 2624.382 | QZ104: 4905.2472 | RA104: 2627.1378 | RB104: 2502.6134 | RC104: 5173.4762 | RD104: 2459.513 | RE104: 2443.4193 | RI104: 2466.1269 | RJ104: 2377.9788 | RK104: 2420.1973 | RL104: 2092.5905 | RM104: 2339.1039 | VC104: 18.004413
A105: Iraq | ZP105: 1620.3972 | ADM105: 1927.1703 | ADQ105: 1597.2486 | ADR105: 1618.0088
A106: Iraq-Saudi Arabia Neutral Zone
A107: Israel | J107: 2111 | Q107: 916 | S107: 315 | Y107: 1746 | AB107: 609 | AC107: 775 | AL107: 992 | AR107: 316 | BD107: 892 | BI107: 301 | BK107: 748 | BL107: 428 | BP107: 1885 | BR107: 303 | BW107: 623 | BX107: 758 | BY107: 886 | CG107: 590 | CQ107: 322 | CV107: 921 | DH107: 889 | DW107: 323 | EB107: 291 | EE107: 292 | EK107: 615 | EM107: 323 | ER107: 246 | EW107: 289 | FA107: 647 | FJ107: 728 | FS107: 970 | FT107: 11 | FX107: 1193 | GO107: 775 | HJ107: 1092 | HQ107: 439 | HS107: 729 | HT107: 691 | IC107: 362 | IF107: 363 | IM107: 679 | JI107: 357 | JL107: 357 | JP107: 831 | JQ107: 269 | JR107: 1341 | KG107: 1 | LN107: 1 | LU107: 1212 | LV107: 1558 | NJ107: 1 | NS107: 419 | PC107: 441 | PI107: 1 | PO107: 808 | PR107: 1028.6399 | PS107: 0 | PT107: 0 | PU107: 0 | PZ107: 1212.5421 | RM107: 1212.5054 | RU107: 1212.5054 | RV107: 771.58096 | RY107: 1212.5054 | SX107: 820.19287 | TK107: 1212.4686 | TO107: 1117.6331 | UA107: 1512.0033 | UX107: 973.37736 | VP107: 715.10589 | ZR107: 301.8495 | ZS107: 710.072 | ADM107: 1249.2491 | ADS107: 1444.2846 | ADT107: 1148.2406
A108: Japan | B108: 16 | C108: 2034 | E108: 1349 | F108: 2154 | G108: 1 | H108: 1783 | I108: 700 | J108: 1726 | K108: 4316 | L108: 2194 | M108: 1910 | N108: 1870 | O108: 3438 | P108: 331 | Q108: 705 | R108: 1419 | S108: 2743 | T108: 1090 | U108: 2181 | V108: 2881 | W108: 2387 | X108: 291 | Y108: 680 | Z108: 2567 | AA108: 2551 | AB108: 1152 | AC108: 1475 | AD108: 3723 | AE108: 3813 | AF108: 1382 | AG108: 2196 | AH108: 1880 | AI108: 870 | AJ108: 1684 | AK108: 465 | AL108: 1956 | AM108: 1077 | AN108: 1813 | AO108: 1 | AP108: 488 | AQ108: 1354 | AR108: 1173 | AS108: 968 | AT108: 587 | AU108: 1210 | AV108: 364 | AW108: 716 | AX108: 3117 | AY108: 558 | AZ108: 3590 | BA108: 400 | BB108: 4 | BC108: 775 | BD108: 730 | BE108: 339 | BF108: 331 | BG108: 1778 | BH108: 2920 | BI108: 1751 | BJ108: 1057 | BK108: 2704 | BL108: 2338 | BM108: 1681 | BN108: 1036 | BO108: 1613 | BP108: 2975 | BQ108: 1828 | BR108: 1466 | BS108: 1026 | BT108: 748 | BU108: 1561 | BV108: 743 | BW108: 2258 | BX108: 2593 | BY108: 1363 | BZ108: 382 | CA108: 2148 | CB108: 1005 | CC108: 313 | CD108: 1883 | CE108: 3865 | CF108: 1169 | CG108: 107 | CH108: 2485 | CI108: 1726 | CJ108: 23 | CK108: 498 | CL108: 927 | CM108: 1188 | CN108: 577 | CO108: 1045 | CP108: 1457 | CQ108: 71 | CR108: 833 | CS108: 1010 | CT108: 363 | CU108: 391 | CV108: 2107 | CW108: 1091 | CX108: 456 | CY108: 753 | CZ108: 736 | DA108: 1278 | DB108: 8 | DC108: 11 | DD108: 1519 | DE108: 676 | DF108: 1479 | DG108: 17 | DH108: 1404 | DI108: 481 | DJ108: 2363 | DK108: 995 | DL108: 882 | DM108: 1160 | DN108: 1964 | DO108: 325 | DP108: 3601 | DQ108: 705 | DR108: 698 | DS108: 2404 | DT108: 720 | DU108: 1303 | DV108: 1387 | DW108: 1402 | DX108: 1353 | DY108: 913 | DZ108: 1781 | EA108: 1800 | EB108: 2495 | EC108: 1098 | ED108: 129 | EE108: 2253 | EF108: 971 | EG108: 1 | EH108: 1527 | EI108: 2 | EJ108: 6 | EK108: 1577 | EL108: 1729 | EM108: 4 | EN108: 4 | EO108: 1979 | EP108: 396 | EQ108: 1498 | ER108: 997 | ES108: 19 | ET108: 8 | EU108: 2461 | EV108: 4 | EW108: 8 | EX108: 258 | EY108: 938 | EZ108: 1501 | FA108: 829 | FC108: 1047 | FD108: 1015 | FE108: 1327 | FF108: 6 | FG108: 2323 | FH108: 1490 | FI108: 1835 | FJ108: 1797 | FK108: 1260 | FL108: 702 | FM108: 1852 | FN108: 2934 | FO108: 1427 | FP108: 4 | FQ108: 1838 | FR108: 353 | FS108: 1935 | FT108: 164 | FU108: 1877 | FV108: 2555 | FW108: 1280 | FX108: 8 | FY108: 1475 | FZ108: 2143 | GA108: 721 | GB108: 1722 | GC108: 1452 | GD108: 4 | GE108: 1265 | GF108: 640 | GG108: 2353 | GH108: 407 | GI108: 6 | GJ108: 5 | GK108: 1023 | GL108: 368 | GM108: 137 | GN108: 1896 | GO108: 161 | GP108: 1269 | GQ108: 4 | GR108: 884 | GS108: 1922 | GT108: 5 | GU108: 343 | GV108: 1105 | GW108: 6 | GX108: 522 | GY108: 1919 | GZ108: 847 | HA108: 698 | HB108: 12 | HC108: 1 | HD108: 674 | HE108: 988 | HF108: 8 | HG108: 1405 | HH108: 1727 | HI108: 987 | HJ108: 2464 | HK108: 1751 | HL108: 1188 | HM108: 354 | HN108: 3560 | HO108: 1235 | HP108: 1091 | HQ108: 1128 | HR108: 1041 | HS108: 1818 | HT108: 514 | HU108: 709 | HV108: 273 | HW108: 5034 | HX108: 1120 | HY108: 9 | HZ108: 2752 | IA108: 1465 | IB108: 740 | IC108: 2566 | ID108: 1007 | IE108: 1818 | IF108: 633 | IG108: 2334 | IH108: 895 | II108: 825 | IJ108: 355 | IK108: 417 | IL108: 1657 | IM108: 690 | IN108: 651 | IO108: 1728 | IP108: 535 | IQ108: 2485 | IR108: 9 | IT108: 700 | IU108: 867 | IV108: 1019 | IW108: 651 | IX108: 15 | IY108: 982 | IZ108: 248 | JA108: 1175 | JB108: 5 | JC108: 748 | JD108: 3 | JE108: 341 | JG108: 1021 | JH108: 1532 | JI108: 1083 | JJ108: 1187 | JK108: 1597 | JL108: 28 | JM108: 2206 | JN108: 1488 | JO108: 27 | JP108: 2206 | JQ108: 1488 | JR108: 2561 | JS108: 10 | JT108: 1870 | JU108: 2341 | JV108: 2235 | JW108: 4655 | JX108: 253 | JY108: 1713 | JZ108: 1229 | KA108: 2690 | KB108: 1013 | KC108: 739 | KD108: 1057 | KE108: 1119 | KF108: 2200 | KG108: 1853 | KH108: 793 | KI108: 5 | KJ108: 3296 | KK108: 1109 | KL108: 1046 | KM108: 1766 | KN108: 1244 | KO108: 686 | KP108: 1246 | KQ108: 1458 | KR108: 1002 | KS108: 1069 | KT108: 1095 | KU108: 973 | KV108: 728 | KW108: 2854 | KX108: 1145 | KY108: 10 | KZ108: 743 | LA108: 982 | LB108: 1109 | LC108: 326 | LD108: 2162 | LE108: 1410 | LF108: 10 | LG108: 2068 | LH108: 2854 | LI108: 703 | LJ108: 1074 | LK108: 2723 | LL108: 506 | LM108: 598 | LN108: 1749 | LO108: 1299 | LP108: 1130 | LQ108: 2052 | LR108: 2811 | LS108: 27 | LT108: 2042 | LU108: 1121 | LV108: 1194 | LW108: 2179 | LX108: 1240 | LY108: 2368 | LZ108: 2135 | MA108: 2313 | MB108: 1679 | MC108: 3631 | MD108: 125 | ME108: 3507 | MF108: 1516 | MG108: 562 | MH108: 58 | MI108: 1576 | MJ108: 2784 | MK108: 1116 | ML108: 928 | MM108: 135 | MN108: 1194 | MO108: 950 | MP108: 352 | MQ108: 15 | MR108: 2533 | MS108: 9 | MT108: 1057 | MV108: 1328 | MW108: 894 | MX108: 14 | MY108: 1794 | MZ108: 854 | NA108: 1826 | NB108: 1010 | NC108: 160 | ND108: 953 | NE108: 1238 | NF108: 572 | NG108: 1828 | NH108: 1362 | NI108: 1345 | NJ108: 75 | NK108: 2418 | NL108: 2847 | NM108: 2199 | NN108: 25 | NO108: 369 | NP108: 3260 | NQ108: 1689 | NR108: 1422 | NS108: 2863 | NT108: 1486 | NU108: 3043 | NV108: 1423 | NW108: 42 | NX108: 4261 | NY108: 1829 | NZ108: 1534 | OA108: 2065 | OB108: 863 | OC108: 3317 | OD108: 1513 | OE108: 2829 | OF108: 1936 | OG108: 1220 | OH108: 383 | OI108: 1159 | OJ108: 2381 | OK108: 22 | OL108: 2169 | ON108: 1073 | OO108: 709 | OP108: 165 | OQ108: 3290 | OR108: 35 | OS108: 22 | OT108: 2081 | OU108: 380 | OV108: 719 | OW108: 2805 | OX108: 361 | OY108: 370 | OZ108: 12 | PA108: 12 | PB108: 2940 | PC108: 3494 | PD108: 1522 | PE108: 5 | PF108: 1336 | PG108: 1681 | PH108: 2395 | PI108: 747 | PJ108: 1929 | PK108: 3314 | PL108: 1151 | PM108: 30 | PN108: 1233 | PO108: 1457 | PP108: 15 | PQ108: 1500 | PR108: 1033.3063 | PS108: 2691.0718 | PT108: 3335.5196 | PU108: 680.71379 | PV108: 17.930926 | PW108: 1820.3931 | PX108: 2314.3387 | PY108: 4150.4214 | PZ108: 1570.4257 | QA108: 707.02228 | QB108: 1681.7224 | QC108: 1565.4653 | QD108: 3507.7741 | QE108: 1435.9071 | QF108: 639.00969 | QG108: 203.11917 | QH108: 2173.0959 | QI108: 1682.494 | QJ108: 677.4436 | QK108: 1295.8033 | QL108: 1056.859 | QM108: 1195.0154 | QN108: 54.858344 | QO108: 3928.0485 | QP108: 7.2017652 | QQ108: 5.3645802 | QR108: 561.70094 | QS108: 525.10422 | QT108: 3652.5075 | QU108: 538.99334 | QV108: 40.381326 | QW108: 394.40688 | QX108: 3524.3087 | QY108: 401.09423 | QZ108: 11.684497 | RA108: 379.85637 | RB108: 1338.7567 | RC108: 1110.3211 | RD108: 2342.5578 | RE108: 15.248635 | RF108: 1021.2177 | RG108: 1370.5768 | RH108: 1130.0892 | RI108: 1795.6279 | RJ108: 1517.2576 | RK108: 1391.7411 | RL108: 3016.2168 | RM108: 433.68589 | RN108: 2046.8813 | RO108: 2251.7642 | RP108: 38.286935 | RQ108: 541.96957 | RR108: 2879.4201 | RS108: 2030.7876 | RT108: 1717.474 | RU108: 514.92621 | RV108: 362.43986 | RW108: 1085.8498 | RX108: 3521.6264 | RY108: 955.40969 | RZ108: 2149.3962 | SA108: 3555.5041 | SB108: 68.306538 | SC108: 1502.7071 | SD108: 3164.0368 | SE108: 1911.4073 | SF108: 2414.0978 | SG108: 51.14723 | SH108: 1034.8496 | SI108: 2994.6483 | SJ108: 1125.1288 | SK108: 3081.2165 | SL108: 31.489351 | SM108: 597.45256 | SN108: 1296.6852 | SO108: 18.849518 | SP108: 1399.2736 | SQ108: 2053.8259 | SR108: 3384.0213 | SS108: 476.01463 | ST108: 312.17448 | SU108: 3487.1976 | SV108: 823.57329 | SW108: 33.877691 | SX108: 1481.7264 | SY108: 35.972082 | SZ108: 1251.8946 | TA108: 2719.438 | TB108: 1365.1754 | TC108: 22.450401 | TD108: 1009.0187 | TE108: 2282.0777 | TF108: 1754.0708 | TG108: 2040.4511 | TH108: 904.74013 | TI108: 2876.4071 | TJ108: 384.48608 | TK108: 3326.6644 | TL108: 1093.8232 | TM108: 432.98776 | TN108: 2134.809 | TO108: 404.25419 | TP108: 1035.6212 | TQ108: 4520.7611 | TR108: 1441.8228 | TS108: 1370.9442 | TT108: 412.9257 | TU108: 195.10905 | TV108: 1465.1183 | TW108: 1458.3942 | TX108: 4012.2283 | TY108: 760.00669 | TZ108: 1040.7286 | UA108: 3656.7698 | UB108: 1974.6432 | UC108: 1675.4025 | UD108: 4548.025 | UE108: 1117.2657 | UF108: 2567.2456 | UG108: 1395.1583 | UH108: 1202.3274 | UI108: 380.59124 | UJ108: 1798.7143 | UK108: 2744.9014 | UL108: 68.306538 | UM108: 1802.1683 | UN108: 381.32612 | UO108: 2334.1435 | UP108: 2384.7764 | UQ108: 2123.8226 | UR108: 30.570758 | US108: 734.83726 | UT108: 1337.5442 | UU108: 452.93959 | UV108: 29.615422 | UW108: 390.14461 | UX108: 719.47839 | UY108: 393.01062 | UZ108: 1714.8285 | VA108: 694.97034 | VB108: 1013.6852 | VC108: 1030.5138 | VD108: 713.41568 | VE108: 2995.5669 | VF108: 79.072442 | VG108: 429.2399 | VH108: 1188.2178 | VI108: 3064.3143 | VJ108: 1288.3444 | VK108: 1097.1301 | VL108: 786.79285 | VM108: 717.384 | VN108: 1744.7746 | VO108: 1087.2461 | VP108: 754.60537 | VQ108: 2009.7334 | VR108: 1428.2644 | VS108: 4824.1171 | VT108: 3069.385 | VU108: 1436.1643 | VV108: 1482.9022 | VW108: 73.744606 | VX108: 799.94709 | VY108: 2485.895 | VZ108: 1800.2943 | WA108: 1326.3006 | WB108: 1846.7384 | WC108: 3457.5822 | WD108: 710.77013 | WE108: 576.14122 | WF108: 1329.9015 | WG108: 2986.7117 | WH108: 372.69135 | WI108: 715.6203 | WJ108: 2189.7041 | WK108: 2192.7538 | WL108: 187.53984 | WM108: 1188.8057 | WN108: 3393.8319 | WO108: 58.202021 | WP108: 1089.8916 | WQ108: 379.74614 | WR108: 1432.9676 | WS108: 1853.3155 | WT108: 248.68136 | WU108: 1553.046 | WV108: 429.97478 | WW108: 1968.1028 | WX108: 455.10747 | WY108: 901.28622 | WZ108: 691.58992 | XA108: 2046.8813 | XB108: 46.77473 | XC108: 2233.4291 | XD108: 42.255255 | XE108: 37.73578 | XF108: 2606.5246 | XG108: 1397.8038 | XH108: 1557.1613 | XI108: 2775.913 | XJ108: 1999.5554 | XK108: 2065.6941 | XL108: 2864.1714 | XM108: 2252.0949 | XN108: 1785.4131 | XO108: 789.6956 | XP108: 758.97787 | XQ108: 1803.0868 | XR108: 2027.2969 | XS108: 1301.0577 | XT108: 1854.9322 | XU108: 1889.8755 | XV108: 31.452607 | XW108: 17.930926 | XX108: 3070.818 | XY108: 475.72068 | XZ108: 3108.7742 | YA108: 2116.0329 | YB108: 1575.0922 | YC108: 4594.2853 | YD108: 2401.458 | YE108: 57.577378 | YF108: 432.51009 | YG108: 1173.4101 | YH108: 1146.4402 | YI108: 1431.3876 | YJ108: 2404.324 | YK108: 158.18163 | YL108: 820.08264 | YM108: 2279.4322 | YN108: 404.58488 | YO108: 1566.8616 | YP108: 1077.4723 | YQ108: 1266.3349 | YR108: 3319.9035 | YS108: 45.819394 | YT108: 1827.9256 | YU108: 936.44994 | YV108: 34.134897 | YW108: 4264.5473 | YX108: 434.97192 | YY108: 1712.8443 | YZ108: 3503.1811 | ZA108: 26.969876 | ZB108: 2043.8316 | ZC108: 1112.1951 | ZD108: 1403.3154 | ZE108: 27.814981 | ZF108: 3580.1224 | ZG108: 2954.3037 | ZH108: 1884.4007 | ZI108: 377.83547 | ZJ108: 593.59447 | ZK108: 6210.6039 | ZL108: 427.07203 | ZM108: 3805.9124 | ZN108: 1111.2765 | ZO108: 752.29051 | ZP108: 11.684497 | ZQ108: 422.36883 | ZR108: 3381.2288 | ZS108: 2307.7983 | ZT108: 4758.4194 | ZU108: 1025.7004 | ZV108: 41.373406 | ZW108: 1999.188 | ZX108: 1027.0232 | ZY108: 3309.2479 | ZZ108: 1771.1933 | AAA108: 1990.5532 | AAB108: 1110.7621 | AAC108: 82.710069 | AAD108: 2814.9349 | AAE108: 2003.34 | AAF108: 371.18486 | AAG108: 426.81482 | AAH108: 909.99447 | AAI108: 1158.4554 | AAJ108: 399.73471 | AAK108: 2171.0383 | AAL108: 426.15343 | AAM108: 1533.829 | AAN108: 276.68006 | AAO108: 2071.7568 | AAP108: 1449.7594 | AAQ108: 1049.0694 | AAR108: 83.591917 | AAS108: 622.10758 | AAT108: 1527.1417 | AAU108: 2173.1326 | AAV108: 1940.3246 | AAW108: 496.40739 | AAX108: 74.552967 | AAY108: 2432.1757 | AAZ108: 1663.6812 | ABA108: 70.988828 | ABB108: 525.80235 | ABC108: 879.57069 | ABE108: 1157.2428 | ABF108: 434.49425 | ABG108: 1994.5583 | ABH108: 2269.3277 | ABI108: 386.76419 | ABJ108: 3841.2599 | ABK108: 807.47955 | ABL108: 57.467147 | ABM108: 2534.3967 | ABN108: 1068.1026 | ABO108: 958.23895 | ABP108: 70.988828 | ABQ108: 1686.94 | ABR108: 130.3299 | ABS108: 4797.8454 | ABV108: 2346.7466 | ABW108: 1256.8183 | ABX108: 840.25493 | ABY108: 1742.9007 | ABZ108: 1488.2301 | ACA108: 2671.5609 | ACB108: 2496.6242 | ACC108: 950.33906 | ACD108: 901.32296 | ACE108: 781.64873 | ACF108: 769.89075 | ACG108: 124.08347 | ACH108: 1925.9945 | ACI108: 103.36003 | ACJ108: 111.51713 | ACK108: 3119.5769 | ACL108: 725.21041 | ACM108: 88.001161 | ACN108: 2166.629 | ACO108: 2166.629 | ACP108: 337.38065 | ACQ108: 438.64629 | ACR108: 714.4445 | ACS108: 741.34089 | ACT108: 1170.4338 | ACU108: 617.88206 | ACV108: 1139.2017 | ACW108: 782.86127 | ACX108: 63.750319 | ACY108: 424.05904 | ACZ108: 1947.5998 | ADA108: 451.24938 | ADB108: 1689.7325 | ADC108: 1053.6256 | ADD108: 65.587504 | ADE108: 1123.7693 | ADF108: 35.090233 | ADG108: 889.82218 | ADH108: 999.72259 | ADI108: 1915.89 | ADJ108: 15.248635 | ADK108: 3020.6996 | ADL108: 1837.2585 | ADM108: 2564.0489 | ADN108: 50.302125 | ADO108: 47.656579 | ADP108: 1909.3129 | ADQ108: 1927.6847 | ADR108: 2811.4809 | ADS108: 911.24376 | ADT108: 1251.6741 | ADU108: 1526.6272 | ADV108: 352.40883
A109: Jordan | OI109: 5 | TD109: 32.407943 | ABP109: 24.287586 | ABT109: 25.206178 | ACE109: 18.004413 | ACI109: 45.892881
A110: Kiribati
A111: Korea, North | JI111: 5
...

Sheet Monthly Export Inspections
A1: US SOYBEAN EXPORT INSPECTIONS (Million Bushels) | AI1: Thousand Bushels
B2: 93/94 | C2: 94/95 | D2: 95/96 | E2: 96/97 | F2: 97/98 | G2: 98/99 | H2: 99/00 | I2: 00/01 | J2: 01/02 | K2: 02/03 | L2: 03/04 | M2: 04/05 | N2: 05/06 | O2: 06/07 | P2: 07/08 | Q2: 08/09 | R2: 09/10 | S2: 10/11 | T2: 11/12 | U2: 12/13 | V2: 13/14 | W2: 14/15 | X2: 15/16 | Y2: 16/17 | Z2: 17/18 | AA2: 18/19 | AB2: 19/20 | AC2: 20/21 | AD2: 21/22 | AE2: 22/23 | AF2: 23/24 | AI2: 34213 | AJ2: 34243 | AK2: 34274 | AL2: 34304 | AM2: 34335 | AN2: 34366 | AO2: 34394 | AP2: 34425 | AQ2: 34455 | AR2: 34486 | AS2: 34516 | AT2: 34547 | AU2: 34578 | AV2: 34608 | AW2: 34639 | AX2: 34669 | AY2: 34700 | AZ2: 34731 | BA2: 34759 | BB2: 34790 | BC2: 34820 | BD2: 34851 | BE2: 34881 | BF2: 34912 | BG2: 34943 | BH2: 34973 | BI2: 35004 | BJ2: 35034 | BK2: 35065 | BL2: 35096 | BM2: 35125 | BN2: 35156 | BO2: 35186 | BP2: 35217 | BQ2: 35247 | BR2: 35278 | BS2: 35309 | BT2: 35339 | BU2: 35370 | BV2: 35400 | BW2: 35431 | BX2: 35462 | BY2: 35490 | BZ2: 35521 | CA2: 35551 | CB2: 35582 | CC2: 35612 | CD2: 35643 | CE2: 35674 | CF2: 35704 | CG2: 35735 | CH2: 35765 | CI2: 35796 | CJ2: 35827 | CK2: 35855 | CL2: 35886 | CM2: 35916 | CN2: 35947 | CO2: 35977 | CP2: 36008 | CQ2: 36039 | CR2: 36069 | CS2: 36100 | CT2: 36130 | CU2: 36161 | CV2: 36192 | CW2: 36220 | CX2: 36251 | CY2: 36281 | CZ2: 36312 | DA2: 36342 | DB2: 36373 | DC2: 36404 | DD2: 36434 | DE2: 36465 | DF2: 36495 | DG2: 36526 | DH2: 36557 | DI2: 36586 | DJ2: 36617 | DK2: 36647 | DL2: 36678 | DM2: 36708 | DN2: 36739 | DO2: 36770 | DP2: 36800 | DQ2: 36831 | DR2: 36861 | DS2: 36892 | DT2: 36923 | DU2: 36951 | DV2: 36982 | DW2: 37012 | DX2: 37043 | DY2: 37073 | DZ2: 37104 | EA2: 37135 | EB2: 37165 | EC2: 37196 | ED2: 37226 | EE2: 37257 | EF2: 37288 | EG2: 37316 | EH2: 37347 | EI2: 37377 | EJ2: 37408 | EK2: 37438 | EL2: 37469 | EM2: 37500 | EN2: 37530 | EO2: 37561 | EP2: 37591 | EQ2: 37622 | ER2: 37653 | ES2: 37681 | ET2: 37712 | EU2: 37742 | EV2: 37773 | EW2: 37803 | EX2: 37834 | EY2: 37865 | EZ2: 37895 | FA2: 37926 | FB2: 37956 | FC2: 37987 | FD2: 38018 | FE2: 38047 | FF2: 38078 | FG2: 38108 | FH2: 38139 | FI2: 38169 | FJ2: 38200 | FK2: 38231 | FL2: 38261 | FM2: 38292 | FN2: 38322 | FO2: 38353 | FP2: 38384 | FQ2: 38412 | FR2: 38443 | FS2: 38473 | FT2: 38504 | FU2: 38534 | FV2: 38565 | FW2: 38596 | FX2: 38626 | FY2: 38657 | FZ2: 38687 | GA2: 38718 | GB2: 38749 | GC2: 38777 | GD2: 38808 | GE2: 38838 | GF2: 38869 | GG2: 38899 | GH2: 38930 | GI2: 38961 | GJ2: 38991 | GK2: 39022 | GL2: 39052 | GM2: 39083 | GN2: 39114 | GO2: 39142 | GP2: 39173 | GQ2: 39203 | GR2: 39234 | GS2: 39264 | GT2: 39295 | GU2: 39326 | GV2: 39356 | GW2: 39387 | GX2: 39417 | GY2: 39448 | GZ2: 39479 | HA2: 39508 | HB2: 39539 | HC2: 39569 | HD2: 39600 | HE2: 39630 | HF2: 39661 | HG2: 39692 | HH2: 39722 | HI2: 39753 | HJ2: 39783 | HK2: 39814 | HL2: 39845 | HM2: 39873 | HN2: 39904 | HO2: 39934 | HP2: 39965 | HQ2: 39995 | HR2: 40026 | HS2: 40057 | HT2: 40087 | HU2: 40118 | HV2: 40148 | HW2: 40179 | HX2: 40210 | HY2: 40238 | HZ2: 40269 | IA2: 40299 | IB2: 40330 | IC2: 40360 | ID2: 40391 | IE2: 40422 | IF2: 40452 | IG2: 40483 | IH2: 40513 | II2: 40544 | IJ2: 40575 | IK2: 40603 | IL2: 40634 | IM2: 40664 | IN2: 40695 | IO2: 40725 | IP2: 40756 | IQ2: 40787 | IR2: 40817 | IS2: 40848 | IT2: 40878 | IU2: 40909 | IV2: 40940 | IW2: 40969 | IX2: 41000 | IY2: 41030 | IZ2: 41061 | JA2: 41091 | JB2: 41122 | JC2: 41153 | JD2: 41183 | JE2: 41214 | JF2: 41244 | JG2: 41275 | JH2: 41306 | JI2: 41334 | JJ2: 41365 | JK2: 41395 | JL2: 41426 | JM2: 41456 | JN2: 41487 | JO2: 41518 | JP2: 41548 | JQ2: 41579 | JR2: 41609 | JS2: 41640 | JT2: 41671 | JU2: 41699 | JV2: 41730 | JW2: 41760 | JX2: 41791 | JY2: 41821 | JZ2: 41852 | KA2: 41883 | KB2: 41913 | KC2: 41944 | KD2: 41974 | KE2: 42005 | KF2: 42036 | KG2: 42064 | KH2: 42095 | KI2: 42125 | KJ2: 42156 | KK2: 42186 | KL2: 42217 | KM2: 42248 | KN2: 42278 | KO2: 42309 | KP2: 42339 | KQ2: 42370 | KR2: 42401 | KS2: 42430 | KT2: 42461 | KU2: 42491 | KV2: 42522 | KW2: 42552 | KX2: 42583 | KY2: 42614 | KZ2: 42644 | LA2: 42675 | LB2: 42705 | LC2: 42736 | LD2: 42767 | LE2: 42795 | LF2: 42826 | LG2: 42856 | LH2: 42887 | LI2: 42917 | LJ2: 42948 | LK2: 42979 | LL2: 43009 | LM2: 43040 | LN2: 43070 | LO2: 43101 | LP2: 43132 | LQ2: 43160 | LR2: 43191 | LS2: 43221 | LT2: 43252 | LU2: 43282 | LV2: 43313 | LW2: 43344 | LX2: 43374 | LY2: 43405 | LZ2: 43435 | MA2: 43466 | MB2: 43497 | MC2: 43525 | MD2: 43556 | ME2: 43586 | MF2: 43617 | MG2: 43647 | MH2: 43678 | MI2: 43709 | MJ2: 43739 | MK2: 43770 | ML2: 43800 | MM2: 43831 | MN2: 43862 | MO2: 43891 | MP2: 43922 | MQ2: 43952 | MR2: 43983 | MS2: 44013 | MT2: 44044 | MU2: 44075 | MV2: 44105 | MW2: 44136 | MX2: 44166 | MY2: 44197 | MZ2: 44228 | NA2: 44256 | NB2: 44287 | NC2: 44317 | ND2: 44348 | NE2: 44378 | NF2: 44409 | NG2: 44440 | NH2: 44470 | NI2: 44501 | NJ2: 44531 | NK2: 44562 | NL2: 44593 | NM2: 44621 | NN2: 44652 | NO2: 44682 | NP2: 44713 | NQ2: 44743 | NR2: 44774 | NS2: 44805 | NT2: 44835 | NU2: 44866 | NV2: 44896 | NW2: 44927 | NX2: 44958 | NY2: 44986 | NZ2: 45017 | OA2: 45047 | OB2: 45078 | OC2: 45108 | OD2: 45139 | OE2: 45170 | OF2: 45200 | OG2: 45231 | OH2: 45261 | OI2: 45292 | OJ2: 45323 | OK2: 45352 | OL2: 45383 | OM2: 45413 | ON2: 45444 | OO2: 45474 | OP2: 45505 | OQ2: 45536 | OR2: 45566 | OS2: 45597 | OT2: 45627 | OU2: 45658 | OV2: 45689 | OW2: 45717 | OX2: 45748 | OY2: 45778 | OZ2: 45809 | PA2: 45839 | PB2: 45870 | PC2: 45901 | PD2: 45931 | PE2: 45962 | PF2: 45992 | PG2: 46023 | PH2: 46054 | PI2: 46082 | PJ2: 46113 | PK2: 46143 | PL2: 46174 | PM2: 46204 | PN2: 46235 | PO2: 46266
A4: European Union-28 | B4: =SUM(B5:B35) -> 231.785 | C4: =SUM(C5:C35) -> 377.296 | D4: =SUM(D5:D35) -> 330.633 | E4: =SUM(E5:E35) -> 320.113 | F4: =SUM(F5:F35) -> 322.09 | G4: =SUM(G5:G35) -> 230.613 | H4: =SUM(H5:H35) -> 265.652 | I4: =SUM(I5:I35) -> 252.276 | ... AF4: =SUM(AF5:AF35) -> 182.8562 | AI4: =SUM(AI5:AI35) -> 5105 | AJ4: =SUM(AJ5:AJ35) -> 35391 | AK4: =SUM(AK5:AK35) -> 45497 | AL4: =SUM(AL5:AL35) -> 40845 | AM4: =SUM(AM5:AM35) -> 41200 | AN4: =SUM(AN5:AN35) -> 31363 | AO4: =SUM(AO5:AO35) -> 15637 | AP4: =SUM(AP5:AP35) -> 6781 | ... PO4: =SUM(PO5:PO35) -> 0
A5: Austria | B5: =SUM(AI5:AT5)/1000 -> 0 | C5: =SUM(AU5:BF5)/1000 -> 0 | D5: =SUM(BG5:BR5)/1000 -> 0 | E5: =SUM(BS5:CD5)/1000 -> 0 | F5: =SUM(CE5:CP5)/1000 -> 0 | G5: =SUM(CQ5:DB5)/1000 -> 0 | H5: =SUM(DC5:DN5)/1000 -> 0 | I5: =SUM(DO5:DZ5)/1000 -> 0 | J5: =SUM(EA5:EL5)/1000 -> 0 | K5: =SUM(EM5:EX5)/1000 -> 0 | L5: =SUM(EY5:FJ5)/1000 -> 0 | M5: =SUM(FK5:FV5)/1000 -> 0 | N5: =SUM(FW5:GH5)/1000 -> 0 | O5: =SUM(GI5:GT5)/1000 -> 0 | P5: =SUM(GU5:HF5)/1000 -> 0 | Q5: =SUM(HG5:HR5)/1000 -> 0 | R5: =SUM(HS5:ID5)/1000 -> 0 | S5: =SUM(IE5:IP5)/1000 -> 0 | T5: =SUM(IQ5:JB5)/1000 -> 0 | U5: =SUM(JC5:JN5)/1000 -> 0 | V5: =SUM(JO5:JZ5)/1000 -> 0 | W5: =SUM(KA5:KL5)/1000 -> 0 | X5: =SUM(KM5:KX5)/1000 -> 0 | Y5: =SUM(KY5:LJ5)/1000 -> 0 | Z5: =SUM(LK5:LV5)/1000 -> 0 | AA5: =SUM(LW5:MH5)/1000 -> 0 | AB5: =SUM(MI5:MT5)/1000 -> 0 | AC5: =SUM(MU5:NF5)/1000 -> 0 | AD5: =SUM(NG5:NR5)/1000 -> 0 | AE5: =SUM(NS5:OD5)/1000 -> 0 | AF5: =SUM(OE5:OP5)/1000 -> 0 | LM5: =IF(COUNT('Weekly Export Inspections'!PK5:PP5)=0,"",SUM('Weekly Export Inspections'!PM5:PP5,'Weekly Export Inspections'!PL5/7*2))
A6: Belgium | B6: =SUM(AI6:AT6)/1000 -> 0 | C6: =SUM(AU6:BF6)/1000 -> 0 | D6: =SUM(BG6:BR6)/1000 -> 0 | E6: =SUM(BS6:CD6)/1000 -> 0 | F6: =SUM(CE6:CP6)/1000 -> 0 | G6: =SUM(CQ6:DB6)/1000 -> 0 | H6: =SUM(DC6:DN6)/1000 -> 0 | I6: =SUM(DO6:DZ6)/1000 -> 0 | J6: =SUM(EA6:EL6)/1000 -> 0 | K6: =SUM(EM6:EX6)/1000 -> 0 | L6: =SUM(EY6:FJ6)/1000 -> 0 | M6: =SUM(FK6:FV6)/1000 -> 0 | N6: =SUM(FW6:GH6)/1000 -> 0 | O6: =SUM(GI6:GT6)/1000 -> 0 | P6: =SUM(GU6:HF6)/1000 -> 0 | Q6: =SUM(HG6:HR6)/1000 -> 0 | R6: =SUM(HS6:ID6)/1000 -> 0 | S6: =SUM(IE6:IP6)/1000 -> 0 | T6: =SUM(IQ6:JB6)/1000 -> 0 | U6: =SUM(JC6:JN6)/1000 -> 0 | V6: =SUM(JO6:JZ6)/1000 -> 0 | W6: =SUM(KA6:KL6)/1000 -> 0 | X6: =SUM(KM6:KX6)/1000 -> 0 | Y6: =SUM(KY6:LJ6)/1000 -> 0 | Z6: =SUM(LK6:LV6)/1000 -> 0 | AA6: =SUM(LW6:MH6)/1000 -> 0 | AB6: =SUM(MI6:MT6)/1000 -> 0 | AC6: =SUM(MU6:NF6)/1000 -> 0.43996906 | AD6: =SUM(NG6:NR6)/1000 -> 1.0222097 | AE6: =SUM(NS6:OD6)/1000 -> 0 | AF6: =SUM(OE6:OP6)/1000 -> 0 | LM6: =IF(COUNT('Weekly Export Inspections'!PK6:PP6)=0,"",SUM('Weekly Export Inspections'!PM6:PP6,'Weekly Export Inspections'!PL6/7*2)) | ND6: 439.96906 | NJ6: 360.41895 | NM6: 661.79078
A7: Belgium-Luxembourg | B7: =SUM(AI7:AT7)/1000 -> 19.852 | C7: =SUM(AU7:BF7)/1000 -> 28.485 | D7: =SUM(BG7:BR7)/1000 -> 22.795 | E7: =SUM(BS7:CD7)/1000 -> 29.646 | F7: =SUM(CE7:CP7)/1000 -> 29.71 | G7: =SUM(CQ7:DB7)/1000 -> 16.027 | H7: =SUM(DC7:DN7)/1000 -> 29.857 | I7: =SUM(DO7:DZ7)/1000 -> 22.642 | J7: =SUM(EA7:EL7)/1000 -> 21.683 | K7: =SUM(EM7:EX7)/1000 -> 27.294 | L7: =SUM(EY7:FJ7)/1000 -> 13.062 | M7: =SUM(FK7:FV7)/1000 -> 15.682 | N7: =SUM(FW7:GH7)/1000 -> 8.626 | O7: =SUM(GI7:GT7)/1000 -> 13.948 | P7: =SUM(GU7:HF7)/1000 -> 8.665 | Q7: =SUM(HG7:HR7)/1000 -> 0 | R7: =SUM(HS7:ID7)/1000 -> 3.096 | S7: =SUM(IE7:IP7)/1000 -> 0 | T7: =SUM(IQ7:JB7)/1000 -> 0.779 | U7: =SUM(JC7:JN7)/1000 -> 0 | V7: =SUM(JO7:JZ7)/1000 -> 0.037 | W7: =SUM(KA7:KL7)/1000 -> 0 | X7: =SUM(KM7:KX7)/1000 -> 0.173 | Y7: =SUM(KY7:LJ7)/1000 -> 2.944 | Z7: =SUM(LK7:LV7)/1000 -> 1.717117 | AA7: =SUM(LW7:MH7)/1000 -> 8.3971112 | AB7: =SUM(MI7:MT7)/1000 -> 0 | AC7: =SUM(MU7:NF7)/1000 -> 1.0191233 | AD7: =SUM(NG7:NR7)/1000 -> 0 | AE7: =SUM(NS7:OD7)/1000 -> 0 | AF7: =SUM(OE7:OP7)/1000 -> 0 | AJ7: 3926 | AK7: 6001 | AL7: 3428 | AM7: 2476 | AN7: 4021 | AV7: 6456 | AW7: 2441 | AX7: 2597 | AY7: 4331 | AZ7: 2030 | BA7: 4413 | BB7: 4503 | BF7: 1714 | BG7: 919 | BH7: 4350 | BI7: 4385 | BJ7: 2169 | BK7: 4402 | BL7: 2150 | BM7: 2197 | BQ7: 2223 | BS7: 2098 | BT7: 5530 | BU7: 6457 | BV7: 6149 | BW7: 4391 | BX7: 2006 | BY7: 2133 | BZ7: 735 | CC7: 147 | CE7: 2945 | CF7: 8308 | CG7: 6055 | CH7: 4253 | CI7: 4264 | CJ7: 3436 | CM7: 281 | CN7: 83 | CO7: 85 | CR7: 3787 | CS7: 1843 | CT7: 5959 | CU7: 2100 | CW7: 1608 | CX7: 312 | CY7: 123 | DA7: 295 | DC7: 840 | DD7: 8391 | DE7: 5504 | DF7: 3355 | DG7: 4417 | DH7: 4347 | DI7: 2234 | DK7: 198 | DL7: 367 | DN7: 204 | DO7: 350 | DP7: 7858 | DQ7: 3920 | DR7: 2224 | DS7: 3420 | DT7: 2313 | DU7: 2186 | DV7: 371 | EA7: 539 | EB7: 1354 | EC7: 6077 | ED7: 4835 | EE7: 4197 | EF7: 4453 | EI7: 228 | EM7: 101 | EN7: 8950 | EO7: 3821 | EP7: 5308 | EQ7: 6669 | ER7: 2224 | EU7: 221 | EZ7: 3350 | FA7: 3223 | FB7: 4227 | FD7: 2214 | FG7: 48 | FL7: 1722 | FM7: 2517 | FN7: 4748 | FO7: 4476 | FP7: 2219 | FX7: 2725 | FY7: 2543 | FZ7: 1307 | GA7: 2051 | GI7: 1184 | GJ7: 1415 | GK7: 4820 | GL7: 3473 | GM7: 2063 | GP7: 254 | GT7: 739 | GU7: 946 | GV7: 4968 | GW7: 1898 | GX7: 540 | HC7: 313 | HT7: 671 | HW7: 2425 | IT7: 779 | JS7: 37 | KP7: 173 | LB7: 279 | LD7: 89 | LH7: 771 | LI7: 625 | LJ7: 1180 | LL7: 783 | LM7: =IF(COUNT('Weekly Export Inspections'!PK7:PP7)=0,"",SUM('Weekly Export Inspections'!PM7:PP7,'Weekly Export Inspections'!PL7/7*2)) -> 223.71429 | LV7: 710.4027 | LW7: 691.62667 | LX7: 1888.7732 | LY7: 822.25052 | LZ7: 3781.9556 | MA7: 1212.5054 | NA7: 1019.1233
A8: Bulgaria | B8: =SUM(AI8:AT8)/1000 -> 0 | C8: =SUM(AU8:BF8)/1000 -> 0 | D8: =SUM(BG8:BR8)/1000 -> 0 | E8: =SUM(BS8:CD8)/1000 -> 0 | F8: =SUM(CE8:CP8)/1000 -> 0 | G8: =SUM(CQ8:DB8)/1000 -> 0 | H8: =SUM(DC8:DN8)/1000 -> 0 | I8: =SUM(DO8:DZ8)/1000 -> 0 | J8: =SUM(EA8:EL8)/1000 -> 0 | K8: =SUM(EM8:EX8)/1000 -> 0 | L8: =SUM(EY8:FJ8)/1000 -> 0 | M8: =SUM(FK8:FV8)/1000 -> 0 | N8: =SUM(FW8:GH8)/1000 -> 0.001 | O8: =SUM(GI8:GT8)/1000 -> 0 | P8: =SUM(GU8:HF8)/1000 -> 0 | Q8: =SUM(HG8:HR8)/1000 -> 0 | R8: =SUM(HS8:ID8)/1000 -> 0 | S8: =SUM(IE8:IP8)/1000 -> 0 | T8: =SUM(IQ8:JB8)/1000 -> 0 | U8: =SUM(JC8:JN8)/1000 -> 0 | V8: =SUM(JO8:JZ8)/1000 -> 0 | W8: =SUM(KA8:KL8)/1000 -> 0 | X8: =SUM(KM8:KX8)/1000 -> 0 | Y8: =SUM(KY8:LJ8)/1000 -> 0 | Z8: =SUM(LK8:LV8)/1000 -> 0 | AA8: =SUM(LW8:MH8)/1000 -> 0 | AB8: =SUM(MI8:MT8)/1000 -> 0 | AC8: =SUM(MU8:NF8)/1000 -> 0 | AD8: =SUM(NG8:NR8)/1000 -> 0 | AE8: =SUM(NS8:OD8)/1000 -> 0 | AF8: =SUM(OE8:OP8)/1000 -> 0 | GD8: 1 | LM8: =IF(COUNT('Weekly Export Inspections'!PK8:PP8)=0,"",SUM('Weekly Export Inspections'!PM8:PP8,'Weekly Export Inspections'!PL8/7*2))
A9: Croatia | B9: =SUM(AI9:AT9)/1000 -> 0.606 | C9: =SUM(AU9:BF9)/1000 -> 0.779 | D9: =SUM(BG9:BR9)/1000 -> 0 | E9: =SUM(BS9:CD9)/1000 -> 0.849 | F9: =SUM(CE9:CP9)/1000 -> 3.602 | G9: =SUM(CQ9:DB9)/1000 -> 1.089 | H9: =SUM(DC9:DN9)/1000 -> 0 | I9: =SUM(DO9:DZ9)/1000 -> 0 | J9: =SUM(EA9:EL9)/1000 -> 0 | K9: =SUM(EM9:EX9)/1000 -> 0 | L9: =SUM(EY9:FJ9)/1000 -> 0 | M9: =SUM(FK9:FV9)/1000 -> 0 | N9: =SUM(FW9:GH9)/1000 -> 0 | O9: =SUM(GI9:GT9)/1000 -> 0 | P9: =SUM(GU9:HF9)/1000 -> 0 | Q9: =SUM(HG9:HR9)/1000 -> 0 | R9: =SUM(HS9:ID9)/1000 -> 0 | S9: =SUM(IE9:IP9)/1000 -> 0 | T9: =SUM(IQ9:JB9)/1000 -> 0 | U9: =SUM(JC9:JN9)/1000 -> 0 | V9: =SUM(JO9:JZ9)/1000 -> 0 | W9: =SUM(KA9:KL9)/1000 -> 0 | X9: =SUM(KM9:KX9)/1000 -> 0 | Y9: =SUM(KY9:LJ9)/1000 -> 0 | Z9: =SUM(LK9:LV9)/1000 -> 0 | AA9: =SUM(LW9:MH9)/1000 -> 0 | AB9: =SUM(MI9:MT9)/1000 -> 0 | AC9: =SUM(MU9:NF9)/1000 -> 0 | AD9: =SUM(NG9:NR9)/1000 -> 0 | AE9: =SUM(NS9:OD9)/1000 -> 0 | AF9: =SUM(OE9:OP9)/1000 -> 0 | AP9: 606 | BA9: 779 | BW9: 849 | CG9: 2668 | CK9: 934 | CU9: 1089 | LM9: =IF(COUNT('Weekly Export Inspections'!PK9:PP9)=0,"",SUM('Weekly Export Inspections'!PM9:PP9,'Weekly Export Inspections'!PL9/7*2))
A10: Cyprus | B10: =SUM(AI10:AT10)/1000 -> 0 | C10: =SUM(AU10:BF10)/1000 -> 0 | D10: =SUM(BG10:BR10)/1000 -> 0 | E10: =SUM(BS10:CD10)/1000 -> 0 | F10: =SUM(CE10:CP10)/1000 -> 0 | G10: =SUM(CQ10:DB10)/1000 -> 0 | H10: =SUM(DC10:DN10)/1000 -> 0 | I10: =SUM(DO10:DZ10)/1000 -> 0 | J10: =SUM(EA10:EL10)/1000 -> 0 | K10: =SUM(EM10:EX10)/1000 -> 0 | L10: =SUM(EY10:FJ10)/1000 -> 0 | M10: =SUM(FK10:FV10)/1000 -> 0 | N10: =SUM(FW10:GH10)/1000 -> 0 | O10: =SUM(GI10:GT10)/1000 -> 0 | P10: =SUM(GU10:HF10)/1000 -> 0 | Q10: =SUM(HG10:HR10)/1000 -> 0.551 | R10: =SUM(HS10:ID10)/1000 -> 0 | S10: =SUM(IE10:IP10)/1000 -> 0 | T10: =SUM(IQ10:JB10)/1000 -> 0 | U10: =SUM(JC10:JN10)/1000 -> 0 | V10: =SUM(JO10:JZ10)/1000 -> 0 | W10: =SUM(KA10:KL10)/1000 -> 0 | X10: =SUM(KM10:KX10)/1000 -> 0 | Y10: =SUM(KY10:LJ10)/1000 -> 0 | Z10: =SUM(LK10:LV10)/1000 -> 0 | AA10: =SUM(LW10:MH10)/1000 -> 0 | AB10: =SUM(MI10:MT10)/1000 -> 0 | AC10: =SUM(MU10:NF10)/1000 -> 0 | AD10: =SUM(NG10:NR10)/1000 -> 0 | AE10: =SUM(NS10:OD10)/1000 -> 0 | AF10: =SUM(OE10:OP10)/1000 -> 0 | HI10: 551 | LM10: =IF(COUNT('Weekly Export Inspections'!PK10:PP10)=0,"",SUM('Weekly Export Inspections'!PM10:PP10,'Weekly Export Inspections'!PL10/7*2))
A11: Czech Republic | B11: =SUM(AI11:AT11)/1000 -> 0 | C11: =SUM(AU11:BF11)/1000 -> 0.001 | D11: =SUM(BG11:BR11)/1000 -> 0.001 | E11: =SUM(BS11:CD11)/1000 -> 0 | F11: =SUM(CE11:CP11)/1000 -> 0 | G11: =SUM(CQ11:DB11)/1000 -> 0 | H11: =SUM(DC11:DN11)/1000 -> 0 | I11: =SUM(DO11:DZ11)/1000 -> 0 | J11: =SUM(EA11:EL11)/1000 -> 0 | K11: =SUM(EM11:EX11)/1000 -> 0 | L11: =SUM(EY11:FJ11)/1000 -> 0 | M11: =SUM(FK11:FV11)/1000 -> 0 | N11: =SUM(FW11:GH11)/1000 -> 0 | O11: =SUM(GI11:GT11)/1000 -> 0 | P11: =SUM(GU11:HF11)/1000 -> 0 | Q11: =SUM(HG11:HR11)/1000 -> 0 | R11: =SUM(HS11:ID11)/1000 -> 0 | S11: =SUM(IE11:IP11)/1000 -> 0 | T11: =SUM(IQ11:JB11)/1000 -> 0 | U11: =SUM(JC11:JN11)/1000 -> 0 | V11: =SUM(JO11:JZ11)/1000 -> 0 | W11: =SUM(KA11:KL11)/1000 -> 0 | X11: =SUM(KM11:KX11)/1000 -> 0 | Y11: =SUM(KY11:LJ11)/1000 -> 0 | Z11: =SUM(LK11:LV11)/1000 -> 0 | AA11: =SUM(LW11:MH11)/1000 -> 0 | AB11: =SUM(MI11:MT11)/1000 -> 0 | AC11: =SUM(MU11:NF11)/1000 -> 0 | AD11: =SUM(NG11:NR11)/1000 -> 0 | AE11: =SUM(NS11:OD11)/1000 -> 0 | AF11: =SUM(OE11:OP11)/1000 -> 0 | BA11: 1 | BM11: 1 | LM11: =IF(COUNT('Weekly Export Inspections'!PK11:PP11)=0,"",SUM('Weekly Export Inspections'!PM11:PP11,'Weekly Export Inspections'!PL11/7*2))
A12: Czechoslavakia | B12: =SUM(AI12:AT12)/1000 -> 0 | C12: =SUM(AU12:BF12)/1000 -> 0 | D12: =SUM(BG12:BR12)/1000 -> 0 | E12: =SUM(BS12:CD12)/1000 -> 0 | F12: =SUM(CE12:CP12)/1000 -> 0 | G12: =SUM(CQ12:DB12)/1000 -> 0 | H12: =SUM(DC12:DN12)/1000 -> 0 | I12: =SUM(DO12:DZ12)/1000 -> 0 | J12: =SUM(EA12:EL12)/1000 -> 0 | K12: =SUM(EM12:EX12)/1000 -> 0 | L12: =SUM(EY12:FJ12)/1000 -> 0 | M12: =SUM(FK12:FV12)/1000 -> 0 | N12: =SUM(FW12:GH12)/1000 -> 0 | O12: =SUM(GI12:GT12)/1000 -> 0 | P12: =SUM(GU12:HF12)/1000 -> 0 | Q12: =SUM(HG12:HR12)/1000 -> 0 | R12: =SUM(HS12:ID12)/1000 -> 0 | S12: =SUM(IE12:IP12)/1000 -> 0 | T12: =SUM(IQ12:JB12)/1000 -> 0 | U12: =SUM(JC12:JN12)/1000 -> 0 | V12: =SUM(JO12:JZ12)/1000 -> 0 | W12: =SUM(KA12:KL12)/1000 -> 0 | X12: =SUM(KM12:KX12)/1000 -> 0 | Y12: =SUM(KY12:LJ12)/1000 -> 0 | Z12: =SUM(LK12:LV12)/1000 -> 0 | AA12: =SUM(LW12:MH12)/1000 -> 0 | AB12: =SUM(MI12:MT12)/1000 -> 0 | AC12: =SUM(MU12:NF12)/1000 -> 0 | AD12: =SUM(NG12:NR12)/1000 -> 0 | AE12: =SUM(NS12:OD12)/1000 -> 0 | AF12: =SUM(OE12:OP12)/1000 -> 0 | LM12: =IF(COUNT('Weekly Export Inspections'!PK12:PP12)=0,"",SUM('Weekly Export Inspections'!PM12:PP12,'Weekly Export Inspections'!PL12/7*2))
A13: Denmark | B13: =SUM(AI13:AT13)/1000 -> 2.062 | C13: =SUM(AU13:BF13)/1000 -> 2.505 | D13: =SUM(BG13:BR13)/1000 -> 2.513 | E13: =SUM(BS13:CD13)/1000 -> 2.556 | F13: =SUM(CE13:CP13)/1000 -> 1.52 | G13: =SUM(CQ13:DB13)/1000 -> 0.698 | H13: =SUM(DC13:DN13)/1000 -> 0 | I13: =SUM(DO13:DZ13)/1000 -> 2.242 | J13: =SUM(EA13:EL13)/1000 -> 5.149 | K13: =SUM(EM13:EX13)/1000 -> 2.735 | L13: =SUM(EY13:FJ13)/1000 -> 3.613 | M13: =SUM(FK13:FV13)/1000 -> 2.693 | N13: =SUM(FW13:GH13)/1000 -> 3.428 | O13: =SUM(GI13:GT13)/1000 -> 2.725 | P13: =SUM(GU13:HF13)/1000 -> 0 | Q13: =SUM(HG13:HR13)/1000 -> 0 | R13: =SUM(HS13:ID13)/1000 -> 0 | S13: =SUM(IE13:IP13)/1000 -> 0 | T13: =SUM(IQ13:JB13)/1000 -> 0 | U13: =SUM(JC13:JN13)/1000 -> 0 | V13: =SUM(JO13:JZ13)/1000 -> 0 | W13: =SUM(KA13:KL13)/1000 -> 0 | X13: =SUM(KM13:KX13)/1000 -> 0 | Y13: =SUM(KY13:LJ13)/1000 -> 0 | Z13: =SUM(LK13:LV13)/1000 -> 0 | AA13: =SUM(LW13:MH13)/1000 -> 0 | AB13: =SUM(MI13:MT13)/1000 -> 0 | AC13: =SUM(MU13:NF13)/1000 -> 0 | AD13: =SUM(NG13:NR13)/1000 -> 0 | AE13: =SUM(NS13:OD13)/1000 -> 0 | AF13: =SUM(OE13:OP13)/1000 -> 0 | AK13: 684 | AO13: 692 | AS13: 686 | AV13: 694 | AY13: 120 | AZ13: 919 | BE13: 772 | BI13: 758 | BM13: 913 | BQ13: 842 | BU13: 1180 | BY13: 828 | CD13: 548 | CI13: 790 | CN13: 730 | CT13: 698 | DQ13: 2242 | EB13: 2087 | EC13: 808 | EE13: 735 | EH13: 767 | EJ13: 752 | EO13: 916 | ES13: 864 | EV13: 955 | EZ13: 733 | FC13: 938 | FF13: 1170 | FI13: 772 | FN13: 812 | FQ13: 889 | FS13: 992 | FW13: 878 | GA13: 849 | GD13: 868 | GG13: 833 | GJ13: 863 | GM13: 939 | GP13: 923 | LM13: =IF(COUNT('Weekly Export Inspections'!PK13:PP13)=0,"",SUM('Weekly Export Inspections'!PM13:PP13,'Weekly Export Inspections'!PL13/7*2))
A14: Estonia | B14: =SUM(AI14:AT14)/1000 -> 0 | C14: =SUM(AU14:BF14)/1000 -> 0 | D14: =SUM(BG14:BR14)/1000 -> 0 | E14: =SUM(BS14:CD14)/1000 -> 0 | F14: =SUM(CE14:CP14)/1000 -> 0 | G14: =SUM(CQ14:DB14)/1000 -> 0 | H14: =SUM(DC14:DN14)/1000 -> 0 | I14: =SUM(DO14:DZ14)/1000 -> 0 | J14: =SUM(EA14:EL14)/1000 -> 0 | K14: =SUM(EM14:EX14)/1000 -> 0 | L14: =SUM(EY14:FJ14)/1000 -> 0 | M14: =SUM(FK14:FV14)/1000 -> 0 | N14: =SUM(FW14:GH14)/1000 -> 0 | O14: =SUM(GI14:GT14)/1000 -> 0 | P14: =SUM(GU14:HF14)/1000 -> 0 | Q14: =SUM(HG14:HR14)/1000 -> 0 | R14: =SUM(HS14:ID14)/1000 -> 0 | S14: =SUM(IE14:IP14)/1000 -> 0 | T14: =SUM(IQ14:JB14)/1000 -> 0 | U14: =SUM(JC14:JN14)/1000 -> 0 | V14: =SUM(JO14:JZ14)/1000 -> 0 | W14: =SUM(KA14:KL14)/1000 -> 0 | X14: =SUM(KM14:KX14)/1000 -> 0 | Y14: =SUM(KY14:LJ14)/1000 -> 0 | Z14: =SUM(LK14:LV14)/1000 -> 0 | AA14: =SUM(LW14:MH14)/1000 -> 0 | AB14: =SUM(MI14:MT14)/1000 -> 0 | AC14: =SUM(MU14:NF14)/1000 -> 0 | AD14: =SUM(NG14:NR14)/1000 -> 0 | AE14: =SUM(NS14:OD14)/1000 -> 0 | AF14: =SUM(OE14:OP14)/1000 -> 0 | LM14: =IF(COUNT('Weekly Export Inspections'!PK14:PP14)=0,"",SUM('Weekly Export Inspections'!PM14:PP14,'Weekly Export Inspections'!PL14/7*2))
A15: Finland | B15: =SUM(AI15:AT15)/1000 -> 0 | C15: =SUM(AU15:BF15)/1000 -> 0.366 | D15: =SUM(BG15:BR15)/1000 -> 1.875 | E15: =SUM(BS15:CD15)/1000 -> 1.432 | F15: =SUM(CE15:CP15)/1000 -> 1.496 | G15: =SUM(CQ15:DB15)/1000 -> 2.977 | H15: =SUM(DC15:DN15)/1000 -> 3.536 | I15: =SUM(DO15:DZ15)/1000 -> 4.419 | J15: =SUM(EA15:EL15)/1000 -> 2.941 | K15: =SUM(EM15:EX15)/1000 -> 0.808 | L15: =SUM(EY15:FJ15)/1000 -> 1.477 | M15: =SUM(FK15:FV15)/1000 -> 0.387 | N15: =SUM(FW15:GH15)/1000 -> 0.733 | O15: =SUM(GI15:GT15)/1000 -> 0 | P15: =SUM(GU15:HF15)/1000 -> 0 | Q15: =SUM(HG15:HR15)/1000 -> 0 | R15: =SUM(HS15:ID15)/1000 -> 0 | S15: =SUM(IE15:IP15)/1000 -> 0 | T15: =SUM(IQ15:JB15)/1000 -> 0 | U15: =SUM(JC15:JN15)/1000 -> 0 | V15: =SUM(JO15:JZ15)/1000 -> 0 | W15: =SUM(KA15:KL15)/1000 -> 0 | X15: =SUM(KM15:KX15)/1000 -> 0 | Y15: =SUM(KY15:LJ15)/1000 -> 0 | Z15: =SUM(LK15:LV15)/1000 -> 0 | AA15: =SUM(LW15:MH15)/1000 -> 0 | AB15: =SUM(MI15:MT15)/1000 -> 0 | AC15: =SUM(MU15:NF15)/1000 -> 0 | AD15: =SUM(NG15:NR15)/1000 -> 0 | AE15: =SUM(NS15:OD15)/1000 -> 0 | AF15: =SUM(OE15:OP15)/1000 -> 0 | BB15: 366 | BH15: 359 | BO15: 144 | BP15: 453 | BQ15: 919 | BV15: 532 | BX15: 449 | BY15: 451 | CF15: 748 | CL15: 748 | CS15: 629 | CX15: 896 | CZ15: 680 | DB15: 772 | DE15: 2229 | DJ15: 658 | DM15: 649 | DP15: 657 | DQ15: 818 | DR15: 621 | DV15: 723 | DW15: 713 | DZ15: 887 | EB15: 808 | EC15: 808 | ED15: 675 | EL15: 650 | EP15: 808 | FB15: 743 | FG15: 734 | FM15: 387 | FZ15: 645 | GB15: 3 | GD15: 81 | GG15: 4 | LM15: =IF(COUNT('Weekly Export Inspections'!PK15:PP15)=0,"",SUM('Weekly Export Inspections'!PM15:PP15,'Weekly Export Inspections'!PL15/7*2))
A16: France | B16: =SUM(AI16:AT16)/1000 -> 4.695 | C16: =SUM(AU16:BF16)/1000 -> 16.278 | D16: =SUM(BG16:BR16)/1000 -> 6.478 | E16: =SUM(BS16:CD16)/1000 -> 14.82 | F16: =SUM(CE16:CP16)/1000 -> 14.869 | G16: =SUM(CQ16:DB16)/1000 -> 9.197 | H16: =SUM(DC16:DN16)/1000 -> 8.5 | I16: =SUM(DO16:DZ16)/1000 -> 8.691 | J16: =SUM(EA16:EL16)/1000 -> 12.38 | K16: =SUM(EM16:EX16)/1000 -> 4.436 | L16: =SUM(EY16:FJ16)/1000 -> 2.011 | M16: =SUM(FK16:FV16)/1000 -> 6.669 | N16: =SUM(FW16:GH16)/1000 -> 2.212 | O16: =SUM(GI16:GT16)/1000 -> 6.256 | P16: =SUM(GU16:HF16)/1000 -> 4.518 | Q16: =SUM(HG16:HR16)/1000 -> 2.238 | R16: =SUM(HS16:ID16)/1000 -> 4.608 | S16: =SUM(IE16:IP16)/1000 -> 9.517 | T16: =SUM(IQ16:JB16)/1000 -> 2.658 | U16: =SUM(JC16:JN16)/1000 -> 3.611 | V16: =SUM(JO16:JZ16)/1000 -> 9.303 | W16: =SUM(KA16:KL16)/1000 -> 2.173 | X16: =SUM(KM16:KX16)/1000 -> 8.305 | Y16: =SUM(KY16:LJ16)/1000 -> 4.81 | Z16: =SUM(LK16:LV16)/1000 -> 4.9888024 | AA16: =SUM(LW16:MH16)/1000 -> 3.0868015 | AB16: =SUM(MI16:MT16)/1000 -> 1.4181966 | AC16: =SUM(MU16:NF16)/1000 -> 4.4652047 | AD16: =SUM(NG16:NR16)/1000 -> 0.86858432 | AE16: =SUM(NS16:OD16)/1000 -> 0 | AF16: =SUM(OE16:OP16)/1000 -> 0 | AJ16: 992 | AK16: 715 | AL16: 2215 | AN16: 773 | AV16: 1086 | AW16: 1839 | AX16: 2323 | AY16: 2209 | AZ16: 2074 | BA16: 2724 | BB16: 3057 | BC16: 911 | BF16: 55 | BG16: 152 | BH16: 1808 | BJ16: 2022 | BK16: 2347 | BL16: 149 | BT16: 1991 | BU16: 4156 | BV16: 1675 | BW16: 2321 | BX16: 2916 | BY16: 1617 | BZ16: 144 | CE16: 114 | CF16: 2992 | CG16: 2465 | CH16: 1860 | CI16: 3849 | CJ16: 3589 | CR16: 4203 | CT16: 2176 | CU16: 2818 | DD16: 3259 | DF16: 2241 | DG16: 743 | DH16: 1082 | DN16: 1175 | DQ16: 3019 | DR16: 2371 | DT16: 3301 | EB16: 249 | EC16: 2303 | ED16: 4846 | EE16: 2190 | EF16: 343 | EG16: 2449 | EO16: 2121 | EQ16: 2315 | FB16: 2011 | FK16: 980 | FL16: 316 | FM16: 1104 | FO16: 2195 | FP16: 2074 | FY16: 1061 | GA16: 1151 | GJ16: 2112 | GL16: 2025 | GM16: 2119 | GW16: 1579 | GX16: 1193 | GY16: 649 | HA16: 1097 | HH16: 2238 | HU16: 4608 | IF16: 1102 | IG16: 1360 | IH16: 2276 | II16: 2354 | IJ16: 2425 | IR16: 1674 | IT16: 984 | JE16: 3611 | JP16: 2425 | JR16: 2374 | JS16: 2252 | JT16: 2252 | KE16: 2173 | KN16: 1654 | KQ16: 2036 | KR16: 2190 | KW16: 2425 | LB16: 2425 | LC16: 2385 | LM16: =IF(COUNT('Weekly Export Inspections'!PK16:PP16)=0,"",SUM('Weekly Export Inspections'!PM16:PP16,'Weekly Export Inspections'!PL16/7*2)) | LO16: 2627.1011 | LT16: 833.93502 | LU16: 1527.7663 | LX16: 1268.0251 | MB16: 1818.7764 | MI16: 711.35803 | ML16: 706.83856 | MU16: 1556.059 | MV16: 772.57304 | MX16: 2136.5727 | NI16: 868.58432
A17: Germany, Democratic Republic (East) | B17: =SUM(AI17:AT17)/1000 -> 0 | C17: =SUM(AU17:BF17)/1000 -> 0 | D17: =SUM(BG17:BR17)/1000 -> 0 | E17: =SUM(BS17:CD17)/1000 -> 0 | F17: =SUM(CE17:CP17)/1000 -> 0 | G17: =SUM(CQ17:DB17)/1000 -> 0 | H17: =SUM(DC17:DN17)/1000 -> 0 | I17: =SUM(DO17:DZ17)/1000 -> 0 | J17: =SUM(EA17:EL17)/1000 -> 0 | K17: =SUM(EM17:EX17)/1000 -> 0 | L17: =SUM(EY17:FJ17)/1000 -> 0 | M17: =SUM(FK17:FV17)/1000 -> 0 | N17: =SUM(FW17:GH17)/1000 -> 0 | O17: =SUM(GI17:GT17)/1000 -> 0 | P17: =SUM(GU17:HF17)/1000 -> 0 | Q17: =SUM(HG17:HR17)/1000 -> 0 | R17: =SUM(HS17:ID17)/1000 -> 0 | S17: =SUM(IE17:IP17)/1000 -> 0 | T17: =SUM(IQ17:JB17)/1000 -> 0 | U17: =SUM(JC17:JN17)/1000 -> 0 | V17: =SUM(JO17:JZ17)/1000 -> 0 | W17: =SUM(KA17:KL17)/1000 -> 0 | X17: =SUM(KM17:KX17)/1000 -> 0 | Y17: =SUM(KY17:LJ17)/1000 -> 0 | Z17: =SUM(LK17:LV17)/1000 -> 0 | AA17: =SUM(LW17:MH17)/1000 -> 0 | AB17: =SUM(MI17:MT17)/1000 -> 0 | AC17: =SUM(MU17:NF17)/1000 -> 0 | AD17: =SUM(NG17:NR17)/1000 -> 0 | AE17: =SUM(NS17:OD17)/1000 -> 0 | AF17: =SUM(OE17:OP17)/1000 -> 0
A18: Germany, Federal Republic of | B18: =SUM(AI18:AT18)/1000 -> 28.311 | C18: =SUM(AU18:BF18)/1000 -> 36.197 | D18: =SUM(BG18:BR18)/1000 -> 45.606 | E18: =SUM(BS18:CD18)/1000 -> 45.865 | F18: =SUM(CE18:CP18)/1000 -> 42.135 | G18: =SUM(CQ18:DB18)/1000 -> 37.507 | H18: =SUM(DC18:DN18)/1000 -> 38.972 | I18: =SUM(DO18:DZ18)/1000 -> 30.462 | J18: =SUM(EA18:EL18)/1000 -> 33.688 | K18: =SUM(EM18:EX18)/1000 -> 40.822 | L18: =SUM(EY18:FJ18)/1000 -> 29.486 | M18: =SUM(FK18:FV18)/1000 -> 58.992 | N18: =SUM(FW18:GH18)/1000 -> 11.567 | O18: =SUM(GI18:GT18)/1000 -> 32.448 | P18: =SUM(GU18:HF18)/1000 -> 40.246 | Q18: =SUM(HG18:HR18)/1000 -> 20.661 | R18: =SUM(HS18:ID18)/1000 -> 11.95 | S18: =SUM(IE18:IP18)/1000 -> 14.122 | T18: =SUM(IQ18:JB18)/1000 -> 17.095 | U18: =SUM(JC18:JN18)/1000 -> 26.841 | V18: =SUM(JO18:JZ18)/1000 -> 3.432 | W18: =SUM(KA18:KL18)/1000 -> 17.054 | X18: =SUM(KM18:KX18)/1000 -> 3.418 | Y18: =SUM(KY18:LJ18)/1000 -> 5.745 | Z18: =SUM(LK18:LV18)/1000 -> 10.815589 | AA18: =SUM(LW18:MH18)/1000 -> 7.3053824 | AB18: =SUM(MI18:MT18)/1000 -> 0 | AC18: =SUM(MU18:NF18)/1000 -> 12.592838 | AD18: =SUM(NG18:NR18)/1000 -> 100.20224 | AE18: =SUM(NS18:OD18)/1000 -> 113.47028 | AF18: =SUM(OE18:OP18)/1000 -> 92.669265 | AI18: 923 | AJ18: 6167 | AK18: 2130 | AL18: 5947 | AM18: 4550 | AN18: 5813 | AO18: 1402 | AP18: 447 | AT18: 932 | AV18: 7228 | AW18: 2359 | AX18: 4534 | AY18: 4260 | AZ18: 6406 | BA18: 2269 | BB18: 3418 | BC18: 3459 | BF18: 2264 | BG18: 4700 | BH18: 5456 | BI18: 7458 | BJ18: 3136 | BK18: 7754 | BL18: 2296 | BM18: 7761 | BN18: 2352 | BQ18: 2366 | BR18: 2327 | BS18: 6567 | BT18: 5362 | BU18: 6807 | BV18: 9407 | BW18: 6582 | BX18: 6697 | BY18: 3128 | CD18: 1315 | CE18: 5010 | CF18: 7369 | CG18: 6842 | CH18: 6554 | CI18: 6486 | CJ18: 8787 | CL18: 1087 | CR18: 7456 | CS18: 7190 | CT18: 7902 | CU18: 6010 | CV18: 6597 | CW18: 2352 | DC18: 5663 | DD18: 5334 | DE18: 7634 | DF18: 4425 | DG18: 11179 | DH18: 4737 | DO18: 2179 | DP18: 6583 | DQ18: 7220 | DR18: 4554 | DS18: 2352 | DT18: 4729 | DU18: 2472 | DV18: 373 | EB18: 3326 | EC18: 9506 | ED18: 6942 | EE18: 6962 | EF18: 4527 | EG18: 2425 | EN18: 3196 | EO18: 12034 | EP18: 4731 | EQ18: 9233 | ER18: 9439 | ES18: 2189 | EZ18: 4207 | FA18: 1595 | FB18: 10685 | FC18: 7275 | FD18: 5724 | FL18: 5654 | FM18: 13919 | FN18: 18273 | FO18: 6860 | FP18: 9378 | FQ18: 4908 | FZ18: 4638 | GA18: 2203 | GC18: 2427 | GF18: 2299 | GI18: 2424 | GJ18: 6852 | GK18: 4484 | GL18: 4578 | GM18: 6841 | GN18: 4874 | GO18: 2395 | GU18: 2376 | GV18: 4962 | GW18: 4022 | GX18: 6323 | GY18: 3566 | GZ18: 6166 | HA18: 2328 | HB18: 4615 | HD18: 3469 | HF18: 2419 | HH18: 2675 | HI18: 5503 | HJ18: 2044 | HK18: 5260 | HL18: 2363 | HM18: 2815 | HN18: 1 | HT18: 767 | HU18: 727 | HV18: 1189 | HW18: 2816 | HX18: 2425 | HY18: 2885 | HZ18: 1141 | IF18: 1637 | IG18: 269 | IH18: 4182 | II18: 5564 | IJ18: 2470 | IS18: 5783 | IT18: 995 | IU18: 2340 | IV18: 5672 | IY18: 1440 | IZ18: 865 | JC18: 2398 | JD18: 8167 | JE18: 1843 | JF18: 4405 | JG18: 2457 | JH18: 7571 | JS18: 1051 | JZ18: 2381 | KA18: 4902 | KB18: 894 | KC18: 937 | KD18: 3584 | KE18: 2790 | KG18: 1191 | KL18: 2756 | KN18: 3418 | LI18: 2591 | LJ18: 3154 | LM18: 1402 | LO18: 3130.1223 | LR18: 3125.6763 | LV18: 3157.7903 | LY18: 2062.3136 | MD18: 2435.8868 | MG18: 717.16354 | MH18: 2090.0184 | MW18: 2522.602 | MX18: 711.61524 | MY18: 1262.1828 | MZ18: 2503.532 | NF18: 5592.9056 | NG18: 6525.1667 | NH18: 17340.748 | NI18: 7991.7915 | NJ18: 12508.621 | NK18: 7944.2819 | NL18: 2526.2396 | NM18: 2058.6393 | NN18: 4915.2415 | NO18: 4939.1249 | NP18: 10521.338 | NQ18: 12288.085 | NR18: 10642.96 | NS18: 5513.5759 | NT18: 7221.2026 | NU18: 18627.402 | NV18: 6018.8753 | NW18: 10857.837 | NX18: 9008.3794 | NY18: 9581.9853 | NZ18: 13370.04 | OA18: 4643.8158 | OB18: 2081.4571 | OC18: 10987.285 | OD18: 15558.422 | OE18: 4362.3223 | OF18: 3977.8362 | OG18: 16857.642 | OH18: 13714.733 | OI18: 4932.9152 | OJ18: 12403.681 | OK18: 4648.3353 | ON18: 10433.153 | OO18: 10892.449 | OP18: 10446.197 | OQ18: 9859.3268
A19: Greece | B19: =SUM(AI19:AT19)/1000 -> 5.973 | C19: =SUM(AU19:BF19)/1000 -> 6.199 | D19: =SUM(BG19:BR19)/1000 -> 6.187 | E19: =SUM(BS19:CD19)/1000 -> 6.636 | F19: =SUM(CE19:CP19)/1000 -> 4.724 | G19: =SUM(CQ19:DB19)/1000 -> 4.463 | H19: =SUM(DC19:DN19)/1000 -> 4.407 | I19: =SUM(DO19:DZ19)/1000 -> 5.556 | J19: =SUM(EA19:EL19)/1000 -> 5.33 | K19: =SUM(EM19:EX19)/1000 -> 1.881 | L19: =SUM(EY19:FJ19)/1000 -> 2.764 | M19: =SUM(FK19:FV19)/1000 -> 0.964 | N19: =SUM(FW19:GH19)/1000 -> 0 | O19: =SUM(GI19:GT19)/1000 -> 0 | P19: =SUM(GU19:HF19)/1000 -> 2.689 | Q19: =SUM(HG19:HR19)/1000 -> 0.66 | R19: =SUM(HS19:ID19)/1000 -> 0.824 | S19: =SUM(IE19:IP19)/1000 -> 1.419 | T19: =SUM(IQ19:JB19)/1000 -> 0 | U19: =SUM(JC19:JN19)/1000 -> 0 | V19: =SUM(JO19:JZ19)/1000 -> 0.772 | W19: =SUM(KA19:KL19)/1000 -> 0 | X19: =SUM(KM19:KX19)/1000 -> 0 | Y19: =SUM(KY19:LJ19)/1000 -> 0.519 | Z19: =SUM(LK19:LV19)/1000 -> 0 | AA19: =SUM(LW19:MH19)/1000 -> 1.4052628 | AB19: =SUM(MI19:MT19)/1000 -> 0 | AC19: =SUM(MU19:NF19)/1000 -> 3.7321311 | AD19: =SUM(NG19:NR19)/1000 -> 0 | AE19: =SUM(NS19:OD19)/1000 -> 0.12272396 | AF19: =SUM(OE19:OP19)/1000 -> 0 | AJ19: 682 | AK19: 1887 | AL19: 876 | AM19: 1628 | AN19: 900 | AV19: 902 | AW19: 1229 | AY19: 2247 | BA19: 1821 | BG19: 820 | BH19: 864 | BI19: 362 | BJ19: 877 | BK19: 638 | BL19: 812 | BM19: 906 | BQ19: 908 | BT19: 869 | BU19: 1278 | BV19: 862 | BX19: 1571 | BY19: 871 | BZ19: 1185 | CF19: 1382 | CG19: 582 | CH19: 861 | CJ19: 1899 | CR19: 728 | CS19: 971 | CT19: 961 | CU19: 626 | CW19: 1177 | DD19: 968 | DF19: 1618 | DG19: 866 | DI19: 955 | DP19: 635 | DQ19: 928 | DR19: 744 | DS19: 636 | DT19: 1443 | DU19: 1170 | EA19: 625 | EB19: 1459 | EC19: 565 | ED19: 757 | EE19: 584 | EF19: 646 | EG19: 694 | EN19: 647 | EP19: 507 | EQ19: 727 | EY19: 1727 | EZ19: 393 | FA19: 638 | FB19: 6 | FL19: 521 | FO19: 443 | GY19: 2002 | HA19: 687 | HI19: 660 | HX19: 824 | IH19: 772 | IJ19: 647 | JS19: 772 | LI19: 519 | LY19: 1405.2628 | MU19: 1287.9402 | MY19: 1635.7928 | MZ19: 808.39814 | OC19: 122.72396
A20: Hungary | B20: =SUM(AI20:AT20)/1000 -> 0 | C20: =SUM(AU20:BF20)/1000 -> 0 | D20: =SUM(BG20:BR20)/1000 -> 0 | E20: =SUM(BS20:CD20)/1000 -> 0 | F20: =SUM(CE20:CP20)/1000 -> 0 | G20: =SUM(CQ20:DB20)/1000 -> 0 | H20: =SUM(DC20:DN20)/1000 -> 0 | I20: =SUM(DO20:DZ20)/1000 -> 0 | J20: =SUM(EA20:EL20)/1000 -> 0 | K20: =SUM(EM20:EX20)/1000 -> 0 | L20: =SUM(EY20:FJ20)/1000 -> 0 | M20: =SUM(FK20:FV20)/1000 -> 0 | N20: =SUM(FW20:GH20)/1000 -> 0 | O20: =SUM(GI20:GT20)/1000 -> 0 | P20: =SUM(GU20:HF20)/1000 -> 0 | Q20: =SUM(HG20:HR20)/1000 -> 0 | R20: =SUM(HS20:ID20)/1000 -> 0 | S20: =SUM(IE20:IP20)/1000 -> 0 | T20: =SUM(IQ20:JB20)/1000 -> 0 | U20: =SUM(JC20:JN20)/1000 -> 0 | V20: =SUM(JO20:JZ20)/1000 -> 0 | W20: =SUM(KA20:KL20)/1000 -> 0 | X20: =SUM(KM20:KX20)/1000 -> 0 | Y20: =SUM(KY20:LJ20)/1000 -> 0 | Z20: =SUM(LK20:LV20)/1000 -> 0 | AA20: =SUM(LW20:MH20)/1000 -> 0 | AB20: =SUM(MI20:MT20)/1000 -> 0 | AC20: =SUM(MU20:NF20)/1000 -> 0 | AD20: =SUM(NG20:NR20)/1000 -> 0 | AE20: =SUM(NS20:OD20)/1000 -> 0 | AF20: =SUM(OE20:OP20)/1000 -> 0
A21: Ireland | B21: =SUM(AI21:AT21)/1000 -> 0.217 | C21: =SUM(AU21:BF21)/1000 -> 0.413 | D21: =SUM(BG21:BR21)/1000 -> 0.657 | E21: =SUM(BS21:CD21)/1000 -> 0.104 | F21: =SUM(CE21:CP21)/1000 -> 0.347 | G21: =SUM(CQ21:DB21)/1000 -> 0.214 | H21: =SUM(DC21:DN21)/1000 -> 0.247 | I21: =SUM(DO21:DZ21)/1000 -> 0.147 | J21: =SUM(EA21:EL21)/1000 -> 0.3 | K21: =SUM(EM21:EX21)/1000 -> 0.208 | L21: =SUM(EY21:FJ21)/1000 -> 0 | M21: =SUM(FK21:FV21)/1000 -> 0.098 | N21: =SUM(FW21:GH21)/1000 -> 0 | O21: =SUM(GI21:GT21)/1000 -> 0 | P21: =SUM(GU21:HF21)/1000 -> 0 | Q21: =SUM(HG21:HR21)/1000 -> 0.183 | R21: =SUM(HS21:ID21)/1000 -> 0.495 | S21: =SUM(IE21:IP21)/1000 -> 0.478 | T21: =SUM(IQ21:JB21)/1000 -> 0.267 | U21: =SUM(JC21:JN21)/1000 -> 0 | V21: =SUM(JO21:JZ21)/1000 -> 0 | W21: =SUM(KA21:KL21)/1000 -> 0 | X21: =SUM(KM21:KX21)/1000 -> 0 | Y21: =SUM(KY21:LJ21)/1000 -> 0.094 | Z21: =SUM(LK21:LV21)/1000 -> 0.17 | AA21: =SUM(LW21:MH21)/1000 -> 0 | AB21: =SUM(MI21:MT21)/1000 -> 0 | AC21: =SUM(MU21:NF21)/1000 -> 1.1723077 | AD21: =SUM(NG21:NR21)/1000 -> 0 | AE21: =SUM(NS21:OD21)/1000 -> 0 | AF21: =SUM(OE21:OP21)/1000 -> 0 | AM21: 217 | AW21: 282 | BE21: 131 | BG21: 185 | BI21: 176 | BK21: 164 | BL21: 132 | BW21: 104 | CG21: 201 | CL21: 73 | CM21: 73 | CS21: 214 | DD21: 139 | DH21: 108 | DU21: 147 | EC21: 121 | EF21: 179 | EN21: 208 | FM21: 98 | HO21: 183 | HT21: 111 | HU21: 172 | HY21: 119 | HZ21: 89 | IC21: 4 | IF21: 165 | IH21: 140 | IJ21: 173 | IS21: 151 | JA21: 116 | LB21: 94 | LM21: 170 | MX21: 782.78778 | NC21: 389.51996
A22: Italy | B22: =SUM(AI22:AT22)/1000 -> 18.014 | C22: =SUM(AU22:BF22)/1000 -> 24.366 | D22: =SUM(BG22:BR22)/1000 -> 20.82 | E22: =SUM(BS22:CD22)/1000 -> 19.794 | F22: =SUM(CE22:CP22)/1000 -> 8.243 | G22: =SUM(CQ22:DB22)/1000 -> 8.246 | H22: =SUM(DC22:DN22)/1000 -> 10.718 | I22: =SUM(DO22:DZ22)/1000 -> 8.699 | J22: =SUM(EA22:EL22)/1000 -> 28.159 | K22: =SUM(EM22:EX22)/1000 -> 10.902 | L22: =SUM(EY22:FJ22)/1000 -> 0.871 | M22: =SUM(FK22:FV22)/1000 -> 8.783 | N22: =SUM(FW22:GH22)/1000 -> 0.743 | O22: =SUM(GI22:GT22)/1000 -> 1.303 | P22: =SUM(GU22:HF22)/1000 -> 6.585 | Q22: =SUM(HG22:HR22)/1000 -> 2.176 | R22: =SUM(HS22:ID22)/1000 -> 10.588 | S22: =SUM(IE22:IP22)/1000 -> 0.597 | T22: =SUM(IQ22:JB22)/1000 -> 0 | U22: =SUM(JC22:JN22)/1000 -> 2.44 | V22: =SUM(JO22:JZ22)/1000 -> 3.676 | W22: =SUM(KA22:KL22)/1000 -> 0 | X22: =SUM(KM22:KX22)/1000 -> 5.82 | Y22: =SUM(KY22:LJ22)/1000 -> 5.51 | Z22: =SUM(LK22:LV22)/1000 -> 11.744254 | AA22: =SUM(LW22:MH22)/1000 -> 20.699747 | AB22: =SUM(MI22:MT22)/1000 -> 12.154265 | AC22: =SUM(MU22:NF22)/1000 -> 9.6066036 | AD22: =SUM(NG22:NR22)/1000 -> 54.302228 | AE22: =SUM(NS22:OD22)/1000 -> 56.626267 | AF22: =SUM(OE22:OP22)/1000 -> 47.814136 | AJ22: 2509 | AK22: 3996 | AL22: 6459 | AM22: 3265 | AO22: 1785 | AU22: 1866 | AV22: 3093 | AW22: 1913 | AX22: 3296 | AY22: 3999 | AZ22: 3692 | BA22: 1587 | BB22: 4920 | BG22: 2873 | BH22: 1141 | BI22: 3013 | BJ22: 5055 | BK22: 2328 | BL22: 6410 | BT22: 1653 | BU22: 1871 | BV22: 5354 | BW22: 1598 | BX22: 5450 | BY22: 2363 | CA22: 386 | CD22: 1119 | CH22: 1961 | CI22: 2549 | CJ22: 1760 | CK22: 1973 | CR22: 1670 | CS22: 537 | CT22: 2651 | CU22: 276 | CV22: 1532 | CW22: 1580 | DE22: 1219 | DG22: 5519 | DH22: 3876 | DL22: 104 | DP22: 631 | DQ22: 610 | DR22: 2189 | DS22: 539 | DT22: 1369 | DU22: 2001 | DV22: 1360 | EB22: 5705 | EC22: 3269 | ED22: 7784 | EE22: 5510 | EF22: 4353 | EG22: 1538 | EN22: 2626 | EO22: 2048 | EP22: 3220 | EQ22: 3008 | EZ22: 871 | FL22: 193 | FM22: 6149 | FN22: 317 | FO22: 2124 | FZ22: 743 | GM22: 1303 | GV22: 770 | GW22: 1946 | GX22: 149 | GZ22: 1971 | HA22: 1749 | HH22: 1961 | HJ22: 215 | HT22: 2516 | HU22: 3628 | HV22: 3076 | HW22: 1368 | IG22: 595 | IO22: 2 | JF22: 2440 | JP22: 1179 | JR22: 2497 | KO22: 2627 | KQ22: 1172 | KX22: 2021 | KY22: 2021 | KZ22: 701 | LC22: 1207 | LI22: 864 | LJ22: 717 | LK22: 716 | LO22: 965.47746 | LP22: 2297.5836 | LS22: 714.7752 | LT22: 2385.6215 | LU22: 1616.6861 | LV22: 3048.1104 | LW22: 2632.2084 | LX22: 2225.9333 | LY22: 3548.1921 | LZ22: 6191.0195 | MA22: 3516.7395 | MF22: 1805.0343 | MH22: 780.61991 | MI22: 2321.467 | MJ22: 2728.8811 | ML22: 1195.0521 | MM22: 1174.2184 | MN22: 1212.5421 | MQ22: 1785.9275 | MS22: 1736.1766 | MU22: 2059.1537 | MW22: 122.31978 | MY22: 6394.8735 | MZ22: 1030.2566 | NG22: 1132.2571 | NH22: 4934.0543 | NI22: 7668.5204 | NJ22: 12318.987 | NK22: 14379.978 | NL22: 9753.4682 | NR22: 4114.9637 | NS22: 2102.9889 | NT22: 2101.9968 | NU22: 9539.9138 | NV22: 11956.767 | NW22: 9703.4233 | NX22: 7430.8622 | OB22: 1973.2102 | OC22: 6434.2628 | OD22: 5382.8418 | OE22: 4831.7231 | OF22: 3079.71 | OG22: 10104.407 | OH22: 14190.086 | OI22: 11288.436 | OJ22: 4319.7731 | OQ22: 1828.6237
A23: Latvia | B23: =SUM(AI23:AT23)/1000 -> 0 | C23: =SUM(AU23:BF23)/1000 -> 0 | D23: =SUM(BG23:BR23)/1000 -> 0 | E23: =SUM(BS23:CD23)/1000 -> 0 | F23: =SUM(CE23:CP23)/1000 -> 0.457 | G23: =SUM(CQ23:DB23)/1000 -> 0 | H23: =SUM(DC23:DN23)/1000 -> 0 | I23: =SUM(DO23:DZ23)/1000 -> 0 | J23: =SUM(EA23:EL23)/1000 -> 0 | K23: =SUM(EM23:EX23)/1000 -> 0 | L23: =SUM(EY23:FJ23)/1000 -> 0 | M23: =SUM(FK23:FV23)/1000 -> 0 | N23: =SUM(FW23:GH23)/1000 -> 0 | O23: =SUM(GI23:GT23)/1000 -> 0 | P23: =SUM(GU23:HF23)/1000 -> 0 | Q23: =SUM(HG23:HR23)/1000 -> 0 | R23: =SUM(HS23:ID23)/1000 -> 0 | S23: =SUM(IE23:IP23)/1000 -> 0 | T23: =SUM(IQ23:JB23)/1000 -> 0 | U23: =SUM(JC23:JN23)/1000 -> 0 | V23: =SUM(JO23:JZ23)/1000 -> 0 | W23: =SUM(KA23:KL23)/1000 -> 0 | X23: =SUM(KM23:KX23)/1000 -> 0 | Y23: =SUM(KY23:LJ23)/1000 -> 0 | Z23: =SUM(LK23:LV23)/1000 -> 0 | AA23: =SUM(LW23:MH23)/1000 -> 0 | AB23: =SUM(MI23:MT23)/1000 -> 0 | AC23: =SUM(MU23:NF23)/1000 -> 0 | AD23: =SUM(NG23:NR23)/1000 -> 0 | AE23: =SUM(NS23:OD23)/1000 -> 0 | AF23: =SUM(OE23:OP23)/1000 -> 0 | CJ23: 457
A24: Lithuania | B24: =SUM(AI24:AT24)/1000 -> 0 | C24: =SUM(AU24:BF24)/1000 -> 0 | D24: =SUM(BG24:BR24)/1000 -> 0 | E24: =SUM(BS24:CD24)/1000 -> 0 | F24: =SUM(CE24:CP24)/1000 -> 0 | G24: =SUM(CQ24:DB24)/1000 -> 0 | H24: =SUM(DC24:DN24)/1000 -> 0 | I24: =SUM(DO24:DZ24)/1000 -> 0 | J24: =SUM(EA24:EL24)/1000 -> 0 | K24: =SUM(EM24:EX24)/1000 -> 0 | L24: =SUM(EY24:FJ24)/1000 -> 0 | M24: =SUM(FK24:FV24)/1000 -> 0 | N24: =SUM(FW24:GH24)/1000 -> 0 | O24: =SUM(GI24:GT24)/1000 -> 0 | P24: =SUM(GU24:HF24)/1000 -> 0 | Q24: =SUM(HG24:HR24)/1000 -> 0 | R24: =SUM(HS24:ID24)/1000 -> 0 | S24: =SUM(IE24:IP24)/1000 -> 0 | T24: =SUM(IQ24:JB24)/1000 -> 0 | U24: =SUM(JC24:JN24)/1000 -> 0 | V24: =SUM(JO24:JZ24)/1000 -> 0 | W24: =SUM(KA24:KL24)/1000 -> 0 | X24: =SUM(KM24:KX24)/1000 -> 0 | Y24: =SUM(KY24:LJ24)/1000 -> 0 | Z24: =SUM(LK24:LV24)/1000 -> 0 | AA24: =SUM(LW24:MH24)/1000 -> 0 | AB24: =SUM(MI24:MT24)/1000 -> 0 | AC24: =SUM(MU24:NF24)/1000 -> 0 | AD24: =SUM(NG24:NR24)/1000 -> 0 | AE24: =SUM(NS24:OD24)/1000 -> 0 | AF24: =SUM(OE24:OP24)/1000 -> 0
A25: Luxembourg | B25: =SUM(AI25:AT25)/1000 -> 0 | C25: =SUM(AU25:BF25)/1000 -> 0 | D25: =SUM(BG25:BR25)/1000 -> 0 | E25: =SUM(BS25:CD25)/1000 -> 0 | F25: =SUM(CE25:CP25)/1000 -> 0 | G25: =SUM(CQ25:DB25)/1000 -> 0 | H25: =SUM(DC25:DN25)/1000 -> 0 | I25: =SUM(DO25:DZ25)/1000 -> 0 | J25: =SUM(EA25:EL25)/1000 -> 0 | K25: =SUM(EM25:EX25)/1000 -> 0 | L25: =SUM(EY25:FJ25)/1000 -> 0 | M25: =SUM(FK25:FV25)/1000 -> 0 | N25: =SUM(FW25:GH25)/1000 -> 0 | O25: =SUM(GI25:GT25)/1000 -> 0 | P25: =SUM(GU25:HF25)/1000 -> 0 | Q25: =SUM(HG25:HR25)/1000 -> 0 | R25: =SUM(HS25:ID25)/1000 -> 0 | S25: =SUM(IE25:IP25)/1000 -> 0 | T25: =SUM(IQ25:JB25)/1000 -> 0 | U25: =SUM(JC25:JN25)/1000 -> 0 | V25: =SUM(JO25:JZ25)/1000 -> 0 | W25: =SUM(KA25:KL25)/1000 -> 0 | X25: =SUM(KM25:KX25)/1000 -> 0 | Y25: =SUM(KY25:LJ25)/1000 -> 0 | Z25: =SUM(LK25:LV25)/1000 -> 0 | AA25: =SUM(LW25:MH25)/1000 -> 0 | AB25: =SUM(MI25:MT25)/1000 -> 0 | AC25: =SUM(MU25:NF25)/1000 -> 0 | AD25: =SUM(NG25:NR25)/1000 -> 0 | AE25: =SUM(NS25:OD25)/1000 -> 0 | AF25: =SUM(OE25:OP25)/1000 -> 0
A26: Malta | B26: =SUM(AI26:AT26)/1000 -> 0 | C26: =SUM(AU26:BF26)/1000 -> 0 | D26: =SUM(BG26:BR26)/1000 -> 0 | E26: =SUM(BS26:CD26)/1000 -> 0 | F26: =SUM(CE26:CP26)/1000 -> 0 | G26: =SUM(CQ26:DB26)/1000 -> 0 | H26: =SUM(DC26:DN26)/1000 -> 0 | I26: =SUM(DO26:DZ26)/1000 -> 0 | J26: =SUM(EA26:EL26)/1000 -> 0 | K26: =SUM(EM26:EX26)/1000 -> 0 | L26: =SUM(EY26:FJ26)/1000 -> 0 | M26: =SUM(FK26:FV26)/1000 -> 0 | N26: =SUM(FW26:GH26)/1000 -> 0 | O26: =SUM(GI26:GT26)/1000 -> 0 | P26: =SUM(GU26:HF26)/1000 -> 0 | Q26: =SUM(HG26:HR26)/1000 -> 0 | R26: =SUM(HS26:ID26)/1000 -> 0 | S26: =SUM(IE26:IP26)/1000 -> 0 | T26: =SUM(IQ26:JB26)/1000 -> 0 | U26: =SUM(JC26:JN26)/1000 -> 0 | V26: =SUM(JO26:JZ26)/1000 -> 0 | W26: =SUM(KA26:KL26)/1000 -> 0 | X26: =SUM(KM26:KX26)/1000 -> 0 | Y26: =SUM(KY26:LJ26)/1000 -> 0 | Z26: =SUM(LK26:LV26)/1000 -> 0 | AA26: =SUM(LW26:MH26)/1000 -> 0 | AB26: =SUM(MI26:MT26)/1000 -> 0 | AC26: =SUM(MU26:NF26)/1000 -> 0 | AD26: =SUM(NG26:NR26)/1000 -> 0 | AE26: =SUM(NS26:OD26)/1000 -> 0 | AF26: =SUM(OE26:OP26)/1000 -> 0
A27: Netherlands | B27: =SUM(AI27:AT27)/1000 -> 97.919 | C27: =SUM(AU27:BF27)/1000 -> 155.596 | D27: =SUM(BG27:BR27)/1000 -> 142.269 | E27: =SUM(BS27:CD27)/1000 -> 119.506 | F27: =SUM(CE27:CP27)/1000 -> 122.951 | G27: =SUM(CQ27:DB27)/1000 -> 83.608 | H27: =SUM(DC27:DN27)/1000 -> 97.706 | I27: =SUM(DO27:DZ27)/1000 -> 100.665 | J27: =SUM(EA27:EL27)/1000 -> 98.002 | K27: =SUM(EM27:EX27)/1000 -> 37.336 | L27: =SUM(EY27:FJ27)/1000 -> 30.454 | M27: =SUM(FK27:FV27)/1000 -> 33.769 | N27: =SUM(FW27:GH27)/1000 -> 38.612 | O27: =SUM(GI27:GT27)/1000 -> 54.376 | P27: =SUM(GU27:HF27)/1000 -> 47.433 | Q27: =SUM(HG27:HR27)/1000 -> 41.684 | R27: =SUM(HS27:ID27)/1000 -> 45.427 | S27: =SUM(IE27:IP27)/1000 -> 39.544 | T27: =SUM(IQ27:JB27)/1000 -> 27.202 | U27: =SUM(JC27:JN27)/1000 -> 37.802 | V27: =SUM(JO27:JZ27)/1000 -> 58.197 | W27: =SUM(KA27:KL27)/1000 -> 96.335 | X27: =SUM(KM27:KX27)/1000 -> 137.056 | Y27: =SUM(KY27:LJ27)/1000 -> 114.71 | Z27: =SUM(LK27:LV27)/1000 -> 130.55878 | AA27: =SUM(LW27:MH27)/1000 -> 120.12368 | AB27: =SUM(MI27:MT27)/1000 -> 104.50669 | AC27: =SUM(MU27:NF27)/1000 -> 69.736677 | AD27: =SUM(NG27:NR27)/1000 -> 5.5299636 | AE27: =SUM(NS27:OD27)/1000 -> 7.0659972 | AF27: =SUM(OE27:OP27)/1000 -> 7.5955107 | AI27: 3535 | AJ27: 15626 | AK27: 17614 | AL27: 10859 | AM27: 20376 | AN27: 14383 | AO27: 6175 | AP27: 4076 | AQ27: 410 | AT27: 4865 | AU27: 11096 | AV27: 21098 | AW27: 13188 | AX27: 27200 | AY27: 19099 | AZ27: 20351 | BA27: 18549 | BB27: 17324 | BC27: 3481 | BF27: 4210 | BG27: 10490 | BH27: 14726 | BI27: 21486 | BJ27: 18819 | BK27: 15900 | BL27: 16894 | BM27: 17515 | BN27: 3818 | BO27: 2087 | BP27: 13025 | BR27: 7509 | BS27: 5585 | BT27: 14458 | BU27: 17787 | BV27: 24744 | BW27: 20786 | BX27: 16644 | BY27: 11253 | BZ27: 1700 | CA27: 306 | CC27: 645 | CD27: 5598 | CE27: 12251 | CF27: 26442 | CG27: 17274 | CH27: 18095 | CI27: 18430 | CJ27: 21040 | CK27: 9419 | CQ27: 1823 | CR27: 9522 | CS27: 14329 | CT27: 25668 | CU27: 13455 | CV27: 15083 | CW27: 2719 | CX27: 80 | DB27: 929 | DC27: 7571 | DD27: 12865 | DE27: 15829 | DF27: 19915 | DG27: 16316 | DH27: 14116 | DI27: 10153 | DN27: 941 | DO27: 5685 | DP27: 10886 | DQ27: 21677 | DR27: 21561 | DS27: 19274 | DT27: 17993 | DU27: 3589 | EB27: 14071 | EC27: 24707 | ED27: 16940 | EE27: 16800 | EF27: 23035 | EG27: 2449 | EN27: 2333 | EO27: 9203 | EP27: 9887 | EQ27: 9929 | ER27: 5984 | EY27: 2462 | EZ27: 1782 | FA27: 12765 | FB27: 7572 | FC27: 5873 | FL27: 8755 | FM27: 4993 | FN27: 3621 | FO27: 7666 | FP27: 2102 | FQ27: 6632 | FW27: 783 | FX27: 3442 | FY27: 6904 | FZ27: 4501 | GA27: 9040 | GB27: 9092 | GG27: 2425 | GH27: 2425 | GI27: 4804 | GJ27: 12636 | GK27: 7316 | GL27: 6928 | GM27: 9338 | GN27: 5219 | GO27: 6903 | GR27: 1232 | GU27: 2424 | GV27: 4831 | GW27: 6610 | GX27: 6967 | GY27: 6651 | GZ27: 10283 | HA27: 3923 | HB27: 4597 | HD27: 1147 | HG27: 4317 | HH27: 6930 | HI27: 9098 | HJ27: 9041 | HK27: 4699 | HL27: 5209 | HM27: 2390 | HT27: 2765 | HU27: 11730 | HV27: 10812 | HW27: 9674 | HX27: 8149 | HY27: 2297 | IE27: 2795 | IF27: 12239 | IG27: 5620 | IH27: 1334 | II27: 9180 | IJ27: 5543 | IK27: 2833 | IR27: 777 | IS27: 1870 | IU27: 6053 | IV27: 2635 | IW27: 2770 | IX27: 6953 | IY27: 1924 | IZ27: 838 | JA27: 687 | JB27: 2695 | JC27: 2762 | JD27: 2415 | JE27: 3615 | JF27: 7453 | JG27: 12373 | JH27: 5596 | JI27: 1163 | JK27: 2425 | JO27: 2772 | JP27: 5915 | JQ27: 10462 | JR27: 9685 | JS27: 18035 | JT27: 8352 | JU27: 2976 | KA27: 5563 | KB27: 5749 | KC27: 14642 | KD27: 13524 | KE27: 12854 | KF27: 13613 | KG27: 8763 | KH27: 3123 | KI27: 6944 | KJ27: 2461 | KK27: 6688 | KL27: 2411 | KM27: 11854 | KN27: 12880 | KO27: 14382 | KP27: 20331 | KQ27: 11053 | KR27: 17311 | KS27: 7149 | KT27: 2713 | KU27: 2764 | KW27: 12052 | KX27: 24567 | KY27: 2348 | KZ27: 18119 | LA27: 10069 | LB27: 8660 | LC27: 18258 | LD27: 8040 | LE27: 10972 | LF27: 15671 | LH27: 6046 | LI27: 13396 | LJ27: 3131 | LK27: 4569 | LL27: 14823 | LM27: 12809 | LN27: 8601.002 | LO27: 5719.4141 | LP27: 11783.447 | LQ27: 7480.209 | LR27: 6876.1058 | LS27: 13534.174 | LT27: 16772.14 | LU27: 14983.309 | LV27: 12607.976 | LW27: 10416.472 | LX27: 18130.922 | LY27: 21183.956 | LZ27: 14861.1 | MA27: 7827.143 | MB27: 11157.335 | MC27: 8292.5019 | MD27: 4483.6867 | ME27: 5384.2013 | MF27: 6777.6327 | MG27: 7429.2087 | MH27: 4179.5224 | MI27: 11361.262 | MJ27: 16914.044 | MK27: 6917.9936 | ML27: 8387.2639 | MM27: 17353.131 | MN27: 4123.4148 | MO27: 4755.0022 | MQ27: 2512.8649 | MS27: 8896.7153 | MT27: 23284.997 | MU27: 8447.4869 | MV27: 11593.74 | MW27: 10737.281 | MX27: 12371.2 | MY27: 13276.087 | MZ27: 13310.883 | NO27: 3108.664 | NR27: 2421.2996 | NT27: 2220.4585 | NX27: 4845.5387 | OE27: 2070.1401 | OF27: 3116.8211 | OG27: 2061.2848 | OJ27: 347.26471 | OQ27: 5033.593
A28: Poland | B28: =SUM(AI28:AT28)/1000 -> 1.087 | C28: =SUM(AU28:BF28)/1000 -> 0 | D28: =SUM(BG28:BR28)/1000 -> 0 | E28: =SUM(BS28:CD28)/1000 -> 0.988 | F28: =SUM(CE28:CP28)/1000 -> 0 | G28: =SUM(CQ28:DB28)/1000 -> 0 | H28: =SUM(DC28:DN28)/1000 -> 0 | I28: =SUM(DO28:DZ28)/1000 -> 0 | J28: =SUM(EA28:EL28)/1000 -> 0 | K28: =SUM(EM28:EX28)/1000 -> 0 | L28: =SUM(EY28:FJ28)/1000 -> 0 | M28: =SUM(FK28:FV28)/1000 -> 0 | N28: =SUM(FW28:GH28)/1000 -> 0 | O28: =SUM(GI28:GT28)/1000 -> 0 | P28: =SUM(GU28:HF28)/1000 -> 0 | Q28: =SUM(HG28:HR28)/1000 -> 0 | R28: =SUM(HS28:ID28)/1000 -> 0 | S28: =SUM(IE28:IP28)/1000 -> 0 | T28: =SUM(IQ28:JB28)/1000 -> 0 | U28: =SUM(JC28:JN28)/1000 -> 0 | V28: =SUM(JO28:JZ28)/1000 -> 0 | W28: =SUM(KA28:KL28)/1000 -> 0 | X28: =SUM(KM28:KX28)/1000 -> 0 | Y28: =SUM(KY28:LJ28)/1000 -> 0 | Z28: =SUM(LK28:LV28)/1000 -> 0 | AA28: =SUM(LW28:MH28)/1000 -> 0 | AB28: =SUM(MI28:MT28)/1000 -> 0 | AC28: =SUM(MU28:NF28)/1000 -> 0 | AD28: =SUM(NG28:NR28)/1000 -> 0 | AE28: =SUM(NS28:OD28)/1000 -> 0 | AF28: =SUM(OE28:OP28)/1000 -> 0 | AM28: 481 | AO28: 606 | BU28: 498 | BW28: 490
A29: Portugal | B29: =SUM(AI29:AT29)/1000 -> 10.38 | C29: =SUM(AU29:BF29)/1000 -> 21.882 | D29: =SUM(BG29:BR29)/1000 -> 10.766 | E29: =SUM(BS29:CD29)/1000 -> 10.444 | F29: =SUM(CE29:CP29)/1000 -> 9.035 | G29: =SUM(CQ29:DB29)/1000 -> 7.115 | H29: =SUM(DC29:DN29)/1000 -> 11.963 | I29: =SUM(DO29:DZ29)/1000 -> 10.095 | J29: =SUM(EA29:EL29)/1000 -> 19.161 | K29: =SUM(EM29:EX29)/1000 -> 21.286 | L29: =SUM(EY29:FJ29)/1000 -> 7.934 | M29: =SUM(FK29:FV29)/1000 -> 8.098 | N29: =SUM(FW29:GH29)/1000 -> 4.749 | O29: =SUM(GI29:GT29)/1000 -> 6.749 | P29: =SUM(GU29:HF29)/1000 -> 14.56 | Q29: =SUM(HG29:HR29)/1000 -> 2.986 | R29: =SUM(HS29:ID29)/1000 -> 1.927 | S29: =SUM(IE29:IP29)/1000 -> 3.249 | T29: =SUM(IQ29:JB29)/1000 -> 3.9 | U29: =SUM(JC29:JN29)/1000 -> 7.828 | V29: =SUM(JO29:JZ29)/1000 -> 7.846 | W29: =SUM(KA29:KL29)/1000 -> 14.863 | X29: =SUM(KM29:KX29)/1000 -> 3.831 | Y29: =SUM(KY29:LJ29)/1000 -> 2.124 | Z29: =SUM(LK29:LV29)/1000 -> 16.234573 | AA29: =SUM(LW29:MH29)/1000 -> 14.6194 | AB29: =SUM(MI29:MT29)/1000 -> 9.8178064 | AC29: =SUM(MU29:NF29)/1000 -> 9.6675982 | AD29: =SUM(NG29:NR29)/1000 -> 5.6622777 | AE29: =SUM(NS29:OD29)/1000 -> 3.1709446 | AF29: =SUM(OE29:OP29)/1000 -> 5.919704 | AI29: 647 | AJ29: 424 | AK29: 1673 | AL29: 1907 | AM29: 2511 | AN29: 145 | AO29: 2351 | AP29: 148 | AR29: 162 | AT29: 412 | AU29: 2629 | AV29: 2952 | AW29: 2031 | AX29: 3176 | AY29: 2944 | AZ29: 958 | BA29: 3021 | BB29: 684 | BE29: 2100 | BF29: 1387 | BG29: 143 | BH29: 290 | BI29: 1314 | BJ29: 1894 | BK29: 3032 | BL29: 1788 | BM29: 1575 | BP29: 387 | BQ29: 182 | BR29: 161 | BT29: 1534 | BU29: 2533 | BV29: 357 | BW29: 1696 | BX29: 2923 | BY29: 650 | BZ29: 440 | CA29: 162 | CD29: 149 | CF29: 2848 | CG29: 1209 | CH29: 792 | CI29: 1607 | CJ29: 1809 | CK29: 255 | CM29: 362 | CP29: 153 | CR29: 877 | CS29: 2963 | CU29: 2301 | CV29: 594 | CY29: 198 | DB29: 182 | DD29: 1360 | DE29: 3078 | DF29: 2987 | DG29: 2796 | DH29: 1580 | DK29: 162 | DO29: 199 | DP29: 842 | DQ29: 1600 | DR29: 1417 | DS29: 3556 | DT29: 1777 | DV29: 212 | DZ29: 492 | EB29: 3249 | EC29: 3129 | ED29: 3444 | EE29: 5232 | EF29: 3909 | EI29: 198 | EN29: 4105 | EO29: 4418 | EP29: 6782 | ER29: 1880 | ES29: 1401 | ET29: 2700 | EZ29: 3284 | FA29: 1043 | FC29: 3607 | FL29: 865 | FM29: 2538 | FN29: 869 | FO29: 3642 | FP29: 184 | FY29: 944 | FZ29: 1729 | GB29: 2076 | GK29: 2457 | GL29: 2115 | GM29: 2177 | GV29: 2438 | GX29: 5073 | GY29: 2418 | GZ29: 2630 | HA29: 2001 | HJ29: 2384 | HK29: 602 | HV29: 1927 | IF29: 882 | IG29: 832 | IJ29: 1535 | IR29: 2444 | IX29: 637 | JA29: 819 | JD29: 2292 | JG29: 5536 | JR29: 2886 | JS29: 2493 | JU29: 2467 | KA29: 2627 | KB29: 5308 | KD29: 2117 | KE29: 2423 | KF29: 2388 | KO29: 2618 | KP29: 1213 | LA29: 2124 | LK29: 2596 | LM29: 2460 | LN29: 1928.9708 | LO29: 2627.1378 | LT29: 1653.4665 | LU29: 4968.9975 | LW29: 1837.0748 | LX29: 7376.555 | LY29: 2576.5785 | MA29: 1616.6861 | MB29: 1212.5054 | MI29: 1616.6861 | MJ29: 6063.4086 | ML29: 2137.7117 | MU29: 1653.4665 | MV29: 2532.1553 | MW29: 772.46281 | MX29: 4709.5135 | NH29: 785.17613 | NI29: 2856.4552 | NK29: 2020.6463 | NS29: 1616.6126 | NT29: 1554.332 | OF29: 771.94839 | OG29: 1335.7805 | OI29: 2626.256 | OP29: 1185.7192 | OQ29: 1818.7029
A30: Romania | B30: =SUM(AI30:AT30)/1000 -> 2.212 | C30: =SUM(AU30:BF30)/1000 -> 4.17 | D30: =SUM(BG30:BR30)/1000 -> 2.139 | E30: =SUM(BS30:CD30)/1000 -> 2.227 | F30: =SUM(CE30:CP30)/1000 -> 1.819 | G30: =SUM(CQ30:DB30)/1000 -> 0 | H30: =SUM(DC30:DN30)/1000 -> 0 | I30: =SUM(DO30:DZ30)/1000 -> 0.58 | J30: =SUM(EA30:EL30)/1000 -> 3.065 | K30: =SUM(EM30:EX30)/1000 -> 0.105 | L30: =SUM(EY30:FJ30)/1000 -> 0 | M30: =SUM(FK30:FV30)/1000 -> 0 | N30: =SUM(FW30:GH30)/1000 -> 0 | O30: =SUM(GI30:GT30)/1000 -> 0 | P30: =SUM(GU30:HF30)/1000 -> 0 | Q30: =SUM(HG30:HR30)/1000 -> 0.996 | R30: =SUM(HS30:ID30)/1000 -> 0.628 | S30: =SUM(IE30:IP30)/1000 -> 0 | T30: =SUM(IQ30:JB30)/1000 -> 0 | U30: =SUM(JC30:JN30)/1000 -> 0 | V30: =SUM(JO30:JZ30)/1000 -> 0 | W30: =SUM(KA30:KL30)/1000 -> 0 | X30: =SUM(KM30:KX30)/1000 -> 0 | Y30: =SUM(KY30:LJ30)/1000 -> 0 | Z30: =SUM(LK30:LV30)/1000 -> 0 | AA30: =SUM(LW30:MH30)/1000 -> 4.1695281 | AB30: =SUM(MI30:MT30)/1000 -> 0 | AC30: =SUM(MU30:NF30)/1000 -> 2.4589986 | AD30: =SUM(NG30:NR30)/1000 -> 0 | AE30: =SUM(NS30:OD30)/1000 -> 0 | AF30: =SUM(OE30:OP30)/1000 -> 0 | AJ30: 1284 | AM30: 928 | AV30: 1655 | AW30: 1031 | AX30: 1484 | BJ30: 1349 | BK30: 790 | BS30: 886 | BU30: 1341 | CG30: 900 | CI30: 919 | DR30: 580 | EC30: 578 | ED30: 551 | EE30: 783 | EF30: 584 | EI30: 569 | EP30: 105 | HH30: 934 | HN30: 36 | HQ30: 26 | HW30: 628 | LX30: 2257.0185 | LY30: 1912.5096 | MW30: 2458.9986
A31: Slovakia | B31: =SUM(AI31:AT31)/1000 -> 0 | C31: =SUM(AU31:BF31)/1000 -> 0 | D31: =SUM(BG31:BR31)/1000 -> 0 | E31: =SUM(BS31:CD31)/1000 -> 0 | F31: =SUM(CE31:CP31)/1000 -> 0 | G31: =SUM(CQ31:DB31)/1000 -> 0 | H31: =SUM(DC31:DN31)/1000 -> 0 | I31: =SUM(DO31:DZ31)/1000 -> 0 | J31: =SUM(EA31:EL31)/1000 -> 0 | K31: =SUM(EM31:EX31)/1000 -> 0 | L31: =SUM(EY31:FJ31)/1000 -> 0 | M31: =SUM(FK31:FV31)/1000 -> 0 | N31: =SUM(FW31:GH31)/1000 -> 0 | O31: =SUM(GI31:GT31)/1000 -> 0 | P31: =SUM(GU31:HF31)/1000 -> 0 | Q31: =SUM(HG31:HR31)/1000 -> 0 | R31: =SUM(HS31:ID31)/1000 -> 0 | S31: =SUM(IE31:IP31)/1000 -> 0 | T31: =SUM(IQ31:JB31)/1000 -> 0 | U31: =SUM(JC31:JN31)/1000 -> 0 | V31: =SUM(JO31:JZ31)/1000 -> 0 | W31: =SUM(KA31:KL31)/1000 -> 0 | X31: =SUM(KM31:KX31)/1000 -> 0 | Y31: =SUM(KY31:LJ31)/1000 -> 0 | Z31: =SUM(LK31:LV31)/1000 -> 0 | AA31: =SUM(LW31:MH31)/1000 -> 0 | AB31: =SUM(MI31:MT31)/1000 -> 0 | AC31: =SUM(MU31:NF31)/1000 -> 0 | AD31: =SUM(NG31:NR31)/1000 -> 0 | AE31: =SUM(NS31:OD31)/1000 -> 0 | AF31: =SUM(OE31:OP31)/1000 -> 0
A32: Slovenia | B32: =SUM(AI32:AT32)/1000 -> 0 | C32: =SUM(AU32:BF32)/1000 -> 0 | D32: =SUM(BG32:BR32)/1000 -> 0 | E32: =SUM(BS32:CD32)/1000 -> 0 | F32: =SUM(CE32:CP32)/1000 -> 0 | G32: =SUM(CQ32:DB32)/1000 -> 0 | H32: =SUM(DC32:DN32)/1000 -> 0 | I32: =SUM(DO32:DZ32)/1000 -> 0 | J32: =SUM(EA32:EL32)/1000 -> 0 | K32: =SUM(EM32:EX32)/1000 -> 0 | L32: =SUM(EY32:FJ32)/1000 -> 0 | M32: =SUM(FK32:FV32)/1000 -> 0 | N32: =SUM(FW32:GH32)/1000 -> 0 | O32: =SUM(GI32:GT32)/1000 -> 0 | P32: =SUM(GU32:HF32)/1000 -> 0 | Q32: =SUM(HG32:HR32)/1000 -> 0 | R32: =SUM(HS32:ID32)/1000 -> 0 | S32: =SUM(IE32:IP32)/1000 -> 0 | T32: =SUM(IQ32:JB32)/1000 -> 0 | U32: =SUM(JC32:JN32)/1000 -> 0 | V32: =SUM(JO32:JZ32)/1000 -> 0 | W32: =SUM(KA32:KL32)/1000 -> 0 | X32: =SUM(KM32:KX32)/1000 -> 0 | Y32: =SUM(KY32:LJ32)/1000 -> 0 | Z32: =SUM(LK32:LV32)/1000 -> 0 | AA32: =SUM(LW32:MH32)/1000 -> 0 | AB32: =SUM(MI32:MT32)/1000 -> 0 | AC32: =SUM(MU32:NF32)/1000 -> 0 | AD32: =SUM(NG32:NR32)/1000 -> 0 | AE32: =SUM(NS32:OD32)/1000 -> 0 | AF32: =SUM(OE32:OP32)/1000 -> 0
A33: Spain | B33: =SUM(AI33:AT33)/1000 -> 31.687 | C33: =SUM(AU33:BF33)/1000 -> 68.736 | D33: =SUM(BG33:BR33)/1000 -> 50.248 | E33: =SUM(BS33:CD33)/1000 -> 52.554 | F33: =SUM(CE33:CP33)/1000 -> 63.728 | G33: =SUM(CQ33:DB33)/1000 -> 47.932 | H33: =SUM(DC33:DN33)/1000 -> 46.941 | I33: =SUM(DO33:DZ33)/1000 -> 47.556 | J33: =SUM(EA33:EL33)/1000 -> 53.108 | K33: =SUM(EM33:EX33)/1000 -> 52.074 | L33: =SUM(EY33:FJ33)/1000 -> 34.493 | M33: =SUM(FK33:FV33)/1000 -> 28.83 | N33: =SUM(FW33:GH33)/1000 -> 5.819 | O33: =SUM(GI33:GT33)/1000 -> 13.309 | P33: =SUM(GU33:HF33)/1000 -> 19.16 | Q33: =SUM(HG33:HR33)/1000 -> 12.361 | R33: =SUM(HS33:ID33)/1000 -> 24.828 | S33: =SUM(IE33:IP33)/1000 -> 33.643 | T33: =SUM(IQ33:JB33)/1000 -> 3.233 | U33: =SUM(JC33:JN33)/1000 -> 31.119 | V33: =SUM(JO33:JZ33)/1000 -> 39.373 | W33: =SUM(KA33:KL33)/1000 -> 31.318 | X33: =SUM(KM33:KX33)/1000 -> 42.507 | Y33: =SUM(KY33:LJ33)/1000 -> 24.853 | Z33: =SUM(LK33:LV33)/1000 -> 25.73802 | AA33: =SUM(LW33:MH33)/1000 -> 92.73713 | AB33: =SUM(MI33:MT33)/1000 -> 50.490804 | AC33: =SUM(MU33:NF33)/1000 -> 36.067102 | AD33: =SUM(NG33:NR33)/1000 -> 4.4511318 | AE33: =SUM(NS33:OD33)/1000 -> 6.1615511 | AF33: =SUM(OE33:OP33)/1000 -> 24.433826 | AJ33: 1956 | AK33: 8500 | AL33: 7480 | AM33: 4768 | AN33: 4129 | AO33: 2626 | AQ33: 672 | AT33: 1556 | AU33: 3811 | AV33: 11121 | AW33: 8148 | AX33: 10229 | AY33: 11320 | AZ33: 7073 | BA33: 8446 | BB33: 7766 | BD33: 154 | BE33: 668 | BG33: 3577 | BH33: 7326 | BI33: 5564 | BJ33: 7036 | BK33: 10338 | BL33: 4236 | BM33: 6532 | BO33: 2547 | BP33: 1071 | BQ33: 2021 | BT33: 7420 | BU33: 10632 | BV33: 10351 | BW33: 9300 | BX33: 10296 | BY33: 3637 | BZ33: 918 | CE33: 2539 | CF33: 12845 | CG33: 11940 | CH33: 8222 | CI33: 12238 | CJ33: 6034 | CK33: 6798 | CL33: 3112 | CR33: 10135 | CS33: 14029 | CT33: 5349 | CU33: 11744 | CV33: 4452 | CW33: 2223 | DD33: 10636 | DE33: 4599 | DF33: 12795 | DG33: 10401 | DH33: 6185 | DI33: 2325 | DO33: 2364 | DP33: 10422 | DQ33: 4312 | DR33: 8512 | DS33: 8942 | DT33: 8888 | DU33: 4116 | EB33: 7941 | EC33: 9075 | ED33: 10589 | EE33: 12809 | EF33: 6945 | EG33: 3533 | EJ33: 1997 | EL33: 219 | EN33: 7967 | EO33: 10827 | EP33: 9326 | EQ33: 8918 | ER33: 9448 | ES33: 2245 | ET33: 3343 | EZ33: 12830 | FA33: 9396 | FB33: 3964 | FC33: 8303 | FL33: 4358 | FM33: 6945 | FN33: 9354 | FO33: 5829 | FP33: 2344 | FY33: 2161 | FZ33: 2134 | GA33: 1524 | GJ33: 2180 | GL33: 4481 | GM33: 6648 | GV33: 2415 | GW33: 1352 | GX33: 1185 | GY33: 5299 | GZ33: 8909 | HH33: 3728 | HI33: 2110 | HJ33: 4092 | HK33: 2431 | HU33: 8563 | HV33: 3240 | HW33: 8803 | HX33: 4222 | IE33: 2315 | IF33: 5428 | IG33: 6101 | IH33: 6512 | II33: 11358 | IJ33: 1929 | IR33: 2205 | IV33: 1028 | JD33: 5781 | JE33: 11328 | JF33: 3393 | JG33: 10617 | JO33: 2161 | JP33: 7510 | JQ33: 4784 | JR33: 7981 | JS33: 12173 | JT33: 4764 | KB33: 7448 | KC33: 9679 | KD33: 7207 | KE33: 6984 | KN33: 8716 | KO33: 7748 | KP33: 10632 | KQ33: 8237 | KX33: 7174 | KZ33: 6405 | LA33: 7717 | LB33: 4851 | LC33: 3255 | LD33: 2625 | LK33: 772 | LL33: 7381 | LM33: 3331 | LN33: 2184.266 | LO33: 5254.2756 | LV33: 6815.4787 | LW33: 11887.542 | LX33: 14615.578 | LY33: 19219.049 | LZ33: 19855.671 | MA33: 13158.103 | MB33: 4977.1546 | MC33: 2314.8531 | MG33: 2359.4967 | MH33: 4349.6825 | MI33: 8272.0724 | MJ33: 7459.4855 | MK33: 9227.7761 | ML33: 7267.022 | MM33: 9060.9597 | MP33: 2347.9959 | MT33: 6855.4926 | MU33: 2934.8663 | MV33: 6595.9351 | MW33: 2313.2364 | MX33: 6005.6475 | MY33: 12571.306 | MZ33: 4569.2261 | NE33: 1076.8844 | NI33: 2118.7152 | NJ33: 2332.4166 | NT33: 2158.8026 | NW33: 1903.9483 | OC33: 2098.8001 | OF33: 9581.9486 | OG33: 8983.0263 | OH33: 4125.3989 | OI33: 1743.4518 | OQ33: 1292.2024
A34: Sweden | B34: =SUM(AI34:AT34)/1000 -> 0 | C34: =SUM(AU34:BF34)/1000 -> 0 | D34: =SUM(BG34:BR34)/1000 -> 0 | E34: =SUM(BS34:CD34)/1000 -> 0 | F34: =SUM(CE34:CP34)/1000 -> 0 | G34: =SUM(CQ34:DB34)/1000 -> 0 | H34: =SUM(DC34:DN34)/1000 -> 0 | I34: =SUM(DO34:DZ34)/1000 -> 0 | J34: =SUM(EA34:EL34)/1000 -> 0 | K34: =SUM(EM34:EX34)/1000 -> 0 | L34: =SUM(EY34:FJ34)/1000 -> 0 | M34: =SUM(FK34:FV34)/1000 -> 0 | N34: =SUM(FW34:GH34)/1000 -> 0 | O34: =SUM(GI34:GT34)/1000 -> 0 | P34: =SUM(GU34:HF34)/1000 -> 0 | Q34: =SUM(HG34:HR34)/1000 -> 0 | R34: =SUM(HS34:ID34)/1000 -> 0 | S34: =SUM(IE34:IP34)/1000 -> 0 | T34: =SUM(IQ34:JB34)/1000 -> 0 | U34: =SUM(JC34:JN34)/1000 -> 0 | V34: =SUM(JO34:JZ34)/1000 -> 0 | W34: =SUM(KA34:KL34)/1000 -> 0 | X34: =SUM(KM34:KX34)/1000 -> 0 | Y34: =SUM(KY34:LJ34)/1000 -> 0 | Z34: =SUM(LK34:LV34)/1000 -> 0 | AA34: =SUM(LW34:MH34)/1000 -> 0 | AB34: =SUM(MI34:MT34)/1000 -> 0 | AC34: =SUM(MU34:NF34)/1000 -> 0 | AD34: =SUM(NG34:NR34)/1000 -> 0 | AE34: =SUM(NS34:OD34)/1000 -> 0 | AF34: =SUM(OE34:OP34)/1000 -> 0
A35: United Kingdom | B35: =SUM(AI35:AT35)/1000 -> 8.77 | C35: =SUM(AU35:BF35)/1000 -> 11.323 | D35: =SUM(BG35:BR35)/1000 -> 18.279 | E35: =SUM(BS35:CD35)/1000 -> 12.692 | F35: =SUM(CE35:CP35)/1000 -> 17.454 | G35: =SUM(CQ35:DB35)/1000 -> 11.54 | H35: =SUM(DC35:DN35)/1000 -> 12.805 | I35: =SUM(DO35:DZ35)/1000 -> 10.522 | J35: =SUM(EA35:EL35)/1000 -> 8.903 | K35: =SUM(EM35:EX35)/1000 -> 4.657 | L35: =SUM(EY35:FJ35)/1000 -> 1.307 | M35: =SUM(FK35:FV35)/1000 -> 5.93 | N35: =SUM(FW35:GH35)/1000 -> 1.596 | O35: =SUM(GI35:GT35)/1000 -> 2.31 | P35: =SUM(GU35:HF35)/1000 -> 0 | Q35: =SUM(HG35:HR35)/1000 -> 0 | R35: =SUM(HS35:ID35)/1000 -> 0 | S35: =SUM(IE35:IP35)/1000 -> 1.837 | T35: =SUM(IQ35:JB35)/1000 -> 0.434 | U35: =SUM(JC35:JN35)/1000 -> 6.918 | V35: =SUM(JO35:JZ35)/1000 -> 4.636 | W35: =SUM(KA35:KL35)/1000 -> 9.45 | X35: =SUM(KM35:KX35)/1000 -> 7.25 | Y35: =SUM(KY35:LJ35)/1000 -> 4.788 | Z35: =SUM(LK35:LV35)/1000 -> 4.5325191 | AA35: =SUM(LW35:MH35)/1000 -> 11.747108 | AB35: =SUM(MI35:MT35)/1000 -> 7.0790412 | AC35: =SUM(MU35:NF35)/1000 -> 3.8182216 | AD35: =SUM(NG35:NR35)/1000 -> 4.5180421 | AE35: =SUM(NS35:OD35)/1000 -> 2.398592 | AF35: =SUM(OE35:OP35)/1000 -> 4.4237578 | AJ35: 1825 | AK35: 2297 | AL35: 1674 | AN35: 1199 | AP35: 1504 | AS35: 271 | AV35: 1473 | AW35: 2507 | AX35: 290 | AY35: 1235 | AZ35: 2460 | BA35: 1473 | BB35: 101 | BC35: 453 | BF35: 1331 | BG35: 1874 | BH35: 1017 | BI35: 1567 | BJ35: 3400 | BK35: 4792 | BL35: 2249 | BM35: 1326 | BN35: 1408 | BR35: 646 | BU35: 4459 | BV35: 580 | BW35: 3103 | BX35: 2007 | BY35: 1389 | CD35: 1154 | CE35: 1136 | CF35: 1005 | CG35: 3592 | CH35: 4376 | CI35: 1550 | CJ35: 1713 | CK35: 3228 | CL35: 854 | CR35: 3002 | CS35: 3708 | CT35: 2744 | CU35: 2086 | DD35: 1692 | DE35: 1811 | DF35: 3761 | DG35: 1186 | DH35: 2643 | DI35: 1712 | DO35: 1992 | DQ35: 4 | DR35: 1682 | DS35: 2996 | DT35: 2202 | DU35: 1646 | EB35: 1328 | EC35: 1286 | ED35: 2302 | EE35: 2317 | EF35: 1670 | EN35: 1357 | EO35: 1301 | EQ35: 1999 | EZ35: 1307 | FL35: 1373 | FM35: 1608 | FN35: 1366 | FP35: 1583 | FX35: 111 | FZ35: 1445 | GE35: 40 | GK35: 1322 | GN35: 988 | IH35: 1837 | JB35: 434 | JD35: 2270 | JE35: 2223 | JF35: 2425 | JP35: 2250 | JS35: 2386 | KB35: 2353 | KC35: 2320 | KD35: 2320 | KE35: 2457 | KO35: 2476 | KP35: 2420 | KQ35: 2354 | KZ35: 2425 | LA35: 2363 | LV35: 4532.5191 | LW35: 2529.914 | LX35: 2464.0693 | LZ35: 2478.2891 | MA35: 4274.8355 | MI35: 2009.072 | MJ35: 1913.4282 | ML35: 2446.469 | MT35: 710.072 | MU35: 1920.9974 | MV35: 1897.2242 | NH35: 15.285379 | NI35: 1.8004413 | NJ35: 2442.0598 | NK35: 2058.8965 | NV35: 2398.592 | OE35: 2494.7135 | OH35: 1929.0442
A37: Other Europe | B37: =SUM(B38:B57) -> 2.85 | C37: =SUM(C38:C57) -> 10.042 | D37: =SUM(D38:D57) -> 8.803 | E37: =SUM(E38:E57) -> 0 | F37: =SUM(F38:F57) -> 0.152 | G37: =SUM(G38:G57) -> 0.572 | H37: =SUM(H38:H57) -> 0 | I37: =SUM(I38:I57) -> 0.616 | ... AF37: =SUM(AF38:AF57) -> 0 | AI37: =SUM(AI38:AI57) -> 0 | AJ37: =SUM(AJ38:AJ57) -> 0 | AK37: =SUM(AK38:AK57) -> 0 | AL37: =SUM(AL38:AL57) -> 0 | AM37: =SUM(AM38:AM57) -> 0 | AN37: =SUM(AN38:AN57) -> 1113 | AO37: =SUM(AO38:AO57) -> 0 | AP37: =SUM(AP38:AP57) -> 0 | ... PO37: =SUM(PO38:PO57) -> 0
A38: Albania | B38: =SUM(AI38:AT38)/1000 -> 0 | C38: =SUM(AU38:BF38)/1000 -> 0 | D38: =SUM(BG38:BR38)/1000 -> 0 | E38: =SUM(BS38:CD38)/1000 -> 0 | F38: =SUM(CE38:CP38)/1000 -> 0 | G38: =SUM(CQ38:DB38)/1000 -> 0 | H38: =SUM(DC38:DN38)/1000 -> 0 | I38: =SUM(DO38:DZ38)/1000 -> 0 | J38: =SUM(EA38:EL38)/1000 -> 0 | K38: =SUM(EM38:EX38)/1000 -> 0 | L38: =SUM(EY38:FJ38)/1000 -> 0 | M38: =SUM(FK38:FV38)/1000 -> 0 | N38: =SUM(FW38:GH38)/1000 -> 0 | O38: =SUM(GI38:GT38)/1000 -> 0 | P38: =SUM(GU38:HF38)/1000 -> 0 | Q38: =SUM(HG38:HR38)/1000 -> 0 | R38: =SUM(HS38:ID38)/1000 -> 0 | S38: =SUM(IE38:IP38)/1000 -> 0 | T38: =SUM(IQ38:JB38)/1000 -> 0 | U38: =SUM(JC38:JN38)/1000 -> 0 | V38: =SUM(JO38:JZ38)/1000 -> 0 | W38: =SUM(KA38:KL38)/1000 -> 0 | X38: =SUM(KM38:KX38)/1000 -> 0 | Y38: =SUM(KY38:LJ38)/1000 -> 0 | Z38: =SUM(LK38:LV38)/1000 -> 0 | AA38: =SUM(LW38:MH38)/1000 -> 0 | AB38: =SUM(MI38:MT38)/1000 -> 0 | AC38: =SUM(MU38:NF38)/1000 -> 0 | AD38: =SUM(NG38:NR38)/1000 -> 0 | AE38: =SUM(NS38:OD38)/1000 -> 0 | AF38: =SUM(OE38:OP38)/1000 -> 0
A39: Andorra | B39: =SUM(AI39:AT39)/1000 -> 0 | C39: =SUM(AU39:BF39)/1000 -> 0 | D39: =SUM(BG39:BR39)/1000 -> 0 | E39: =SUM(BS39:CD39)/1000 -> 0 | F39: =SUM(CE39:CP39)/1000 -> 0 | G39: =SUM(CQ39:DB39)/1000 -> 0 | H39: =SUM(DC39:DN39)/1000 -> 0 | I39: =SUM(DO39:DZ39)/1000 -> 0 | J39: =SUM(EA39:EL39)/1000 -> 0 | K39: =SUM(EM39:EX39)/1000 -> 0 | L39: =SUM(EY39:FJ39)/1000 -> 0 | M39: =SUM(FK39:FV39)/1000 -> 0 | N39: =SUM(FW39:GH39)/1000 -> 0 | O39: =SUM(GI39:GT39)/1000 -> 0 | P39: =SUM(GU39:HF39)/1000 -> 0 | Q39: =SUM(HG39:HR39)/1000 -> 0 | R39: =SUM(HS39:ID39)/1000 -> 0 | S39: =SUM(IE39:IP39)/1000 -> 0 | T39: =SUM(IQ39:JB39)/1000 -> 0 | U39: =SUM(JC39:JN39)/1000 -> 0 | V39: =SUM(JO39:JZ39)/1000 -> 0 | W39: =SUM(KA39:KL39)/1000 -> 0 | X39: =SUM(KM39:KX39)/1000 -> 0 | Y39: =SUM(KY39:LJ39)/1000 -> 0 | Z39: =SUM(LK39:LV39)/1000 -> 0 | AA39: =SUM(LW39:MH39)/1000 -> 0 | AB39: =SUM(MI39:MT39)/1000 -> 0 | AC39: =SUM(MU39:NF39)/1000 -> 0 | AD39: =SUM(NG39:NR39)/1000 -> 0 | AE39: =SUM(NS39:OD39)/1000 -> 0 | AF39: =SUM(OE39:OP39)/1000 -> 0
A40: Azores | B40: =SUM(AI40:AT40)/1000 -> 0 | C40: =SUM(AU40:BF40)/1000 -> 0 | D40: =SUM(BG40:BR40)/1000 -> 0 | E40: =SUM(BS40:CD40)/1000 -> 0 | F40: =SUM(CE40:CP40)/1000 -> 0 | G40: =SUM(CQ40:DB40)/1000 -> 0 | H40: =SUM(DC40:DN40)/1000 -> 0 | I40: =SUM(DO40:DZ40)/1000 -> 0 | J40: =SUM(EA40:EL40)/1000 -> 0 | K40: =SUM(EM40:EX40)/1000 -> 0 | L40: =SUM(EY40:FJ40)/1000 -> 0 | M40: =SUM(FK40:FV40)/1000 -> 0 | N40: =SUM(FW40:GH40)/1000 -> 0 | O40: =SUM(GI40:GT40)/1000 -> 0 | P40: =SUM(GU40:HF40)/1000 -> 0 | Q40: =SUM(HG40:HR40)/1000 -> 0 | R40: =SUM(HS40:ID40)/1000 -> 0 | S40: =SUM(IE40:IP40)/1000 -> 0 | T40: =SUM(IQ40:JB40)/1000 -> 0 | U40: =SUM(JC40:JN40)/1000 -> 0 | V40: =SUM(JO40:JZ40)/1000 -> 0 | W40: =SUM(KA40:KL40)/1000 -> 0 | X40: =SUM(KM40:KX40)/1000 -> 0 | Y40: =SUM(KY40:LJ40)/1000 -> 0 | Z40: =SUM(LK40:LV40)/1000 -> 0 | AA40: =SUM(LW40:MH40)/1000 -> 0 | AB40: =SUM(MI40:MT40)/1000 -> 0 | AC40: =SUM(MU40:NF40)/1000 -> 0 | AD40: =SUM(NG40:NR40)/1000 -> 0 | AE40: =SUM(NS40:OD40)/1000 -> 0 | AF40: =SUM(OE40:OP40)/1000 -> 0
A41: Bosnia-Hercegovina | B41: =SUM(AI41:AT41)/1000 -> 0 | C41: =SUM(AU41:BF41)/1000 -> 0 | D41: =SUM(BG41:BR41)/1000 -> 0 | E41: =SUM(BS41:CD41)/1000 -> 0 | F41: =SUM(CE41:CP41)/1000 -> 0 | G41: =SUM(CQ41:DB41)/1000 -> 0 | H41: =SUM(DC41:DN41)/1000 -> 0 | I41: =SUM(DO41:DZ41)/1000 -> 0 | J41: =SUM(EA41:EL41)/1000 -> 0 | K41: =SUM(EM41:EX41)/1000 -> 0 | L41: =SUM(EY41:FJ41)/1000 -> 0 | M41: =SUM(FK41:FV41)/1000 -> 0 | N41: =SUM(FW41:GH41)/1000 -> 0 | O41: =SUM(GI41:GT41)/1000 -> 0 | P41: =SUM(GU41:HF41)/1000 -> 0 | Q41: =SUM(HG41:HR41)/1000 -> 0 | R41: =SUM(HS41:ID41)/1000 -> 0 | S41: =SUM(IE41:IP41)/1000 -> 0 | T41: =SUM(IQ41:JB41)/1000 -> 0 | U41: =SUM(JC41:JN41)/1000 -> 0 | V41: =SUM(JO41:JZ41)/1000 -> 0 | W41: =SUM(KA41:KL41)/1000 -> 0 | X41: =SUM(KM41:KX41)/1000 -> 0 | Y41: =SUM(KY41:LJ41)/1000 -> 0 | Z41: =SUM(LK41:LV41)/1000 -> 0 | AA41: =SUM(LW41:MH41)/1000 -> 0 | AB41: =SUM(MI41:MT41)/1000 -> 0 | AC41: =SUM(MU41:NF41)/1000 -> 0 | AD41: =SUM(NG41:NR41)/1000 -> 0 | AE41: =SUM(NS41:OD41)/1000 -> 0 | AF41: =SUM(OE41:OP41)/1000 -> 0
A42: Faroe Islands | B42: =SUM(AI42:AT42)/1000 -> 0 | C42: =SUM(AU42:BF42)/1000 -> 0 | D42: =SUM(BG42:BR42)/1000 -> 0 | E42: =SUM(BS42:CD42)/1000 -> 0 | F42: =SUM(CE42:CP42)/1000 -> 0 | G42: =SUM(CQ42:DB42)/1000 -> 0 | H42: =SUM(DC42:DN42)/1000 -> 0 | I42: =SUM(DO42:DZ42)/1000 -> 0 | J42: =SUM(EA42:EL42)/1000 -> 0 | K42: =SUM(EM42:EX42)/1000 -> 0 | L42: =SUM(EY42:FJ42)/1000 -> 0 | M42: =SUM(FK42:FV42)/1000 -> 0 | N42: =SUM(FW42:GH42)/1000 -> 0 | O42: =SUM(GI42:GT42)/1000 -> 0 | P42: =SUM(GU42:HF42)/1000 -> 0 | Q42: =SUM(HG42:HR42)/1000 -> 0 | R42: =SUM(HS42:ID42)/1000 -> 0 | S42: =SUM(IE42:IP42)/1000 -> 0 | T42: =SUM(IQ42:JB42)/1000 -> 0 | U42: =SUM(JC42:JN42)/1000 -> 0 | V42: =SUM(JO42:JZ42)/1000 -> 0 | W42: =SUM(KA42:KL42)/1000 -> 0 | X42: =SUM(KM42:KX42)/1000 -> 0 | Y42: =SUM(KY42:LJ42)/1000 -> 0 | Z42: =SUM(LK42:LV42)/1000 -> 0 | AA42: =SUM(LW42:MH42)/1000 -> 0 | AB42: =SUM(MI42:MT42)/1000 -> 0 | AC42: =SUM(MU42:NF42)/1000 -> 0 | AD42: =SUM(NG42:NR42)/1000 -> 0 | AE42: =SUM(NS42:OD42)/1000 -> 0 | AF42: =SUM(OE42:OP42)/1000 -> 0
A43: Gibraltar | B43: =SUM(AI43:AT43)/1000 -> 0 | C43: =SUM(AU43:BF43)/1000 -> 0 | D43: =SUM(BG43:BR43)/1000 -> 0 | E43: =SUM(BS43:CD43)/1000 -> 0 | F43: =SUM(CE43:CP43)/1000 -> 0 | G43: =SUM(CQ43:DB43)/1000 -> 0 | H43: =SUM(DC43:DN43)/1000 -> 0 | I43: =SUM(DO43:DZ43)/1000 -> 0 | J43: =SUM(EA43:EL43)/1000 -> 0 | K43: =SUM(EM43:EX43)/1000 -> 0 | L43: =SUM(EY43:FJ43)/1000 -> 0 | M43: =SUM(FK43:FV43)/1000 -> 0 | N43: =SUM(FW43:GH43)/1000 -> 0 | O43: =SUM(GI43:GT43)/1000 -> 0 | P43: =SUM(GU43:HF43)/1000 -> 0 | Q43: =SUM(HG43:HR43)/1000 -> 0 | R43: =SUM(HS43:ID43)/1000 -> 0 | S43: =SUM(IE43:IP43)/1000 -> 0 | T43: =SUM(IQ43:JB43)/1000 -> 0 | U43: =SUM(JC43:JN43)/1000 -> 0 | V43: =SUM(JO43:JZ43)/1000 -> 0 | W43: =SUM(KA43:KL43)/1000 -> 0 | X43: =SUM(KM43:KX43)/1000 -> 0 | Y43: =SUM(KY43:LJ43)/1000 -> 0 | Z43: =SUM(LK43:LV43)/1000 -> 0 | AA43: =SUM(LW43:MH43)/1000 -> 0 | AB43: =SUM(MI43:MT43)/1000 -> 0 | AC43: =SUM(MU43:NF43)/1000 -> 0 | AD43: =SUM(NG43:NR43)/1000 -> 0 | AE43: =SUM(NS43:OD43)/1000 -> 0 | AF43: =SUM(OE43:OP43)/1000 -> 0
A44: Iceland | B44: =SUM(AI44:AT44)/1000 -> 0 | C44: =SUM(AU44:BF44)/1000 -> 0 | D44: =SUM(BG44:BR44)/1000 -> 0 | E44: =SUM(BS44:CD44)/1000 -> 0 | F44: =SUM(CE44:CP44)/1000 -> 0 | G44: =SUM(CQ44:DB44)/1000 -> 0 | H44: =SUM(DC44:DN44)/1000 -> 0 | I44: =SUM(DO44:DZ44)/1000 -> 0 | J44: =SUM(EA44:EL44)/1000 -> 0 | K44: =SUM(EM44:EX44)/1000 -> 0 | L44: =SUM(EY44:FJ44)/1000 -> 0 | M44: =SUM(FK44:FV44)/1000 -> 0 | N44: =SUM(FW44:GH44)/1000 -> 0 | O44: =SUM(GI44:GT44)/1000 -> 0 | P44: =SUM(GU44:HF44)/1000 -> 0 | Q44: =SUM(HG44:HR44)/1000 -> 0 | R44: =SUM(HS44:ID44)/1000 -> 0 | S44: =SUM(IE44:IP44)/1000 -> 0 | T44: =SUM(IQ44:JB44)/1000 -> 0 | U44: =SUM(JC44:JN44)/1000 -> 0 | V44: =SUM(JO44:JZ44)/1000 -> 0 | W44: =SUM(KA44:KL44)/1000 -> 0 | X44: =SUM(KM44:KX44)/1000 -> 0 | Y44: =SUM(KY44:LJ44)/1000 -> 0 | Z44: =SUM(LK44:LV44)/1000 -> 0 | AA44: =SUM(LW44:MH44)/1000 -> 0 | AB44: =SUM(MI44:MT44)/1000 -> 0 | AC44: =SUM(MU44:NF44)/1000 -> 0 | AD44: =SUM(NG44:NR44)/1000 -> 0 | AE44: =SUM(NS44:OD44)/1000 -> 0 | AF44: =SUM(OE44:OP44)/1000 -> 0
A45: Kosovo | B45: =SUM(AI45:AT45)/1000 -> 0 | C45: =SUM(AU45:BF45)/1000 -> 0 | D45: =SUM(BG45:BR45)/1000 -> 0 | E45: =SUM(BS45:CD45)/1000 -> 0 | F45: =SUM(CE45:CP45)/1000 -> 0 | G45: =SUM(CQ45:DB45)/1000 -> 0 | H45: =SUM(DC45:DN45)/1000 -> 0 | I45: =SUM(DO45:DZ45)/1000 -> 0 | J45: =SUM(EA45:EL45)/1000 -> 0 | K45: =SUM(EM45:EX45)/1000 -> 0 | L45: =SUM(EY45:FJ45)/1000 -> 0 | M45: =SUM(FK45:FV45)/1000 -> 0 | N45: =SUM(FW45:GH45)/1000 -> 0 | O45: =SUM(GI45:GT45)/1000 -> 0 | P45: =SUM(GU45:HF45)/1000 -> 0 | Q45: =SUM(HG45:HR45)/1000 -> 0 | R45: =SUM(HS45:ID45)/1000 -> 0 | S45: =SUM(IE45:IP45)/1000 -> 0 | T45: =SUM(IQ45:JB45)/1000 -> 0 | U45: =SUM(JC45:JN45)/1000 -> 0 | V45: =SUM(JO45:JZ45)/1000 -> 0 | W45: =SUM(KA45:KL45)/1000 -> 0 | X45: =SUM(KM45:KX45)/1000 -> 0 | Y45: =SUM(KY45:LJ45)/1000 -> 0 | Z45: =SUM(LK45:LV45)/1000 -> 0 | AA45: =SUM(LW45:MH45)/1000 -> 0 | AB45: =SUM(MI45:MT45)/1000 -> 0 | AC45: =SUM(MU45:NF45)/1000 -> 0 | AD45: =SUM(NG45:NR45)/1000 -> 0 | AE45: =SUM(NS45:OD45)/1000 -> 0 | AF45: =SUM(OE45:OP45)/1000 -> 0
A46: Liechtenstein | B46: =SUM(AI46:AT46)/1000 -> 0 | C46: =SUM(AU46:BF46)/1000 -> 0 | D46: =SUM(BG46:BR46)/1000 -> 0 | E46: =SUM(BS46:CD46)/1000 -> 0 | F46: =SUM(CE46:CP46)/1000 -> 0 | G46: =SUM(CQ46:DB46)/1000 -> 0 | H46: =SUM(DC46:DN46)/1000 -> 0 | I46: =SUM(DO46:DZ46)/1000 -> 0 | J46: =SUM(EA46:EL46)/1000 -> 0 | K46: =SUM(EM46:EX46)/1000 -> 0 | L46: =SUM(EY46:FJ46)/1000 -> 0 | M46: =SUM(FK46:FV46)/1000 -> 0 | N46: =SUM(FW46:GH46)/1000 -> 0 | O46: =SUM(GI46:GT46)/1000 -> 0 | P46: =SUM(GU46:HF46)/1000 -> 0 | Q46: =SUM(HG46:HR46)/1000 -> 0 | R46: =SUM(HS46:ID46)/1000 -> 0 | S46: =SUM(IE46:IP46)/1000 -> 0 | T46: =SUM(IQ46:JB46)/1000 -> 0 | U46: =SUM(JC46:JN46)/1000 -> 0 | V46: =SUM(JO46:JZ46)/1000 -> 0 | W46: =SUM(KA46:KL46)/1000 -> 0 | X46: =SUM(KM46:KX46)/1000 -> 0 | Y46: =SUM(KY46:LJ46)/1000 -> 0 | Z46: =SUM(LK46:LV46)/1000 -> 0 | AA46: =SUM(LW46:MH46)/1000 -> 0 | AB46: =SUM(MI46:MT46)/1000 -> 0 | AC46: =SUM(MU46:NF46)/1000 -> 0 | AD46: =SUM(NG46:NR46)/1000 -> 0 | AE46: =SUM(NS46:OD46)/1000 -> 0 | AF46: =SUM(OE46:OP46)/1000 -> 0
A47: Macedonia (Skopje) | B47: =SUM(AI47:AT47)/1000 -> 0 | C47: =SUM(AU47:BF47)/1000 -> 0 | D47: =SUM(BG47:BR47)/1000 -> 0 | E47: =SUM(BS47:CD47)/1000 -> 0 | F47: =SUM(CE47:CP47)/1000 -> 0.152 | G47: =SUM(CQ47:DB47)/1000 -> 0 | H47: =SUM(DC47:DN47)/1000 -> 0 | I47: =SUM(DO47:DZ47)/1000 -> 0 | J47: =SUM(EA47:EL47)/1000 -> 0 | K47: =SUM(EM47:EX47)/1000 -> 0 | L47: =SUM(EY47:FJ47)/1000 -> 0 | M47: =SUM(FK47:FV47)/1000 -> 0 | N47: =SUM(FW47:GH47)/1000 -> 0 | O47: =SUM(GI47:GT47)/1000 -> 0 | P47: =SUM(GU47:HF47)/1000 -> 0 | Q47: =SUM(HG47:HR47)/1000 -> 0 | R47: =SUM(HS47:ID47)/1000 -> 0 | S47: =SUM(IE47:IP47)/1000 -> 0 | T47: =SUM(IQ47:JB47)/1000 -> 0 | U47: =SUM(JC47:JN47)/1000 -> 0 | V47: =SUM(JO47:JZ47)/1000 -> 0 | W47: =SUM(KA47:KL47)/1000 -> 0 | X47: =SUM(KM47:KX47)/1000 -> 0 | Y47: =SUM(KY47:LJ47)/1000 -> 0 | Z47: =SUM(LK47:LV47)/1000 -> 0 | AA47: =SUM(LW47:MH47)/1000 -> 0 | AB47: =SUM(MI47:MT47)/1000 -> 0 | AC47: =SUM(MU47:NF47)/1000 -> 0 | AD47: =SUM(NG47:NR47)/1000 -> 0 | AE47: =SUM(NS47:OD47)/1000 -> 0 | AF47: =SUM(OE47:OP47)/1000 -> 0 | CI47: 152
A48: Monaco | B48: =SUM(AI48:AT48)/1000 -> 0 | C48: =SUM(AU48:BF48)/1000 -> 0 | D48: =SUM(BG48:BR48)/1000 -> 0 | E48: =SUM(BS48:CD48)/1000 -> 0 | F48: =SUM(CE48:CP48)/1000 -> 0 | G48: =SUM(CQ48:DB48)/1000 -> 0 | H48: =SUM(DC48:DN48)/1000 -> 0 | I48: =SUM(DO48:DZ48)/1000 -> 0 | J48: =SUM(EA48:EL48)/1000 -> 0 | K48: =SUM(EM48:EX48)/1000 -> 0 | L48: =SUM(EY48:FJ48)/1000 -> 0 | M48: =SUM(FK48:FV48)/1000 -> 0 | N48: =SUM(FW48:GH48)/1000 -> 0 | O48: =SUM(GI48:GT48)/1000 -> 0 | P48: =SUM(GU48:HF48)/1000 -> 0 | Q48: =SUM(HG48:HR48)/1000 -> 0 | R48: =SUM(HS48:ID48)/1000 -> 0 | S48: =SUM(IE48:IP48)/1000 -> 0 | T48: =SUM(IQ48:JB48)/1000 -> 0 | U48: =SUM(JC48:JN48)/1000 -> 0 | V48: =SUM(JO48:JZ48)/1000 -> 0 | W48: =SUM(KA48:KL48)/1000 -> 0 | X48: =SUM(KM48:KX48)/1000 -> 0 | Y48: =SUM(KY48:LJ48)/1000 -> 0 | Z48: =SUM(LK48:LV48)/1000 -> 0 | AA48: =SUM(LW48:MH48)/1000 -> 0 | AB48: =SUM(MI48:MT48)/1000 -> 0 | AC48: =SUM(MU48:NF48)/1000 -> 0 | AD48: =SUM(NG48:NR48)/1000 -> 0 | AE48: =SUM(NS48:OD48)/1000 -> 0 | AF48: =SUM(OE48:OP48)/1000 -> 0
A49: Montenegro | B49: =SUM(AI49:AT49)/1000 -> 0 | C49: =SUM(AU49:BF49)/1000 -> 0 | D49: =SUM(BG49:BR49)/1000 -> 0 | E49: =SUM(BS49:CD49)/1000 -> 0 | F49: =SUM(CE49:CP49)/1000 -> 0 | G49: =SUM(CQ49:DB49)/1000 -> 0 | H49: =SUM(DC49:DN49)/1000 -> 0 | I49: =SUM(DO49:DZ49)/1000 -> 0 | J49: =SUM(EA49:EL49)/1000 -> 0 | K49: =SUM(EM49:EX49)/1000 -> 0 | L49: =SUM(EY49:FJ49)/1000 -> 0 | M49: =SUM(FK49:FV49)/1000 -> 0 | N49: =SUM(FW49:GH49)/1000 -> 0 | O49: =SUM(GI49:GT49)/1000 -> 0 | P49: =SUM(GU49:HF49)/1000 -> 0 | Q49: =SUM(HG49:HR49)/1000 -> 0 | R49: =SUM(HS49:ID49)/1000 -> 0 | S49: =SUM(IE49:IP49)/1000 -> 0 | T49: =SUM(IQ49:JB49)/1000 -> 0 | U49: =SUM(JC49:JN49)/1000 -> 0 | V49: =SUM(JO49:JZ49)/1000 -> 0 | W49: =SUM(KA49:KL49)/1000 -> 0 | X49: =SUM(KM49:KX49)/1000 -> 0 | Y49: =SUM(KY49:LJ49)/1000 -> 0 | Z49: =SUM(LK49:LV49)/1000 -> 0 | AA49: =SUM(LW49:MH49)/1000 -> 0 | AB49: =SUM(MI49:MT49)/1000 -> 0 | AC49: =SUM(MU49:NF49)/1000 -> 0 | AD49: =SUM(NG49:NR49)/1000 -> 0 | AE49: =SUM(NS49:OD49)/1000 -> 0 | AF49: =SUM(OE49:OP49)/1000 -> 0
A50: Norway | B50: =SUM(AI50:AT50)/1000 -> 2.85 | C50: =SUM(AU50:BF50)/1000 -> 10.042 | D50: =SUM(BG50:BR50)/1000 -> 8.018 | E50: =SUM(BS50:CD50)/1000 -> 0 | F50: =SUM(CE50:CP50)/1000 -> 0 | G50: =SUM(CQ50:DB50)/1000 -> 0 | H50: =SUM(DC50:DN50)/1000 -> 0 | I50: =SUM(DO50:DZ50)/1000 -> 0 | J50: =SUM(EA50:EL50)/1000 -> 0 | K50: =SUM(EM50:EX50)/1000 -> 0 | L50: =SUM(EY50:FJ50)/1000 -> 0 | M50: =SUM(FK50:FV50)/1000 -> 0 | N50: =SUM(FW50:GH50)/1000 -> 0 | O50: =SUM(GI50:GT50)/1000 -> 0 | P50: =SUM(GU50:HF50)/1000 -> 0 | Q50: =SUM(HG50:HR50)/1000 -> 0 | R50: =SUM(HS50:ID50)/1000 -> 0 | S50: =SUM(IE50:IP50)/1000 -> 0 | T50: =SUM(IQ50:JB50)/1000 -> 0 | U50: =SUM(JC50:JN50)/1000 -> 0 | V50: =SUM(JO50:JZ50)/1000 -> 0 | W50: =SUM(KA50:KL50)/1000 -> 0 | X50: =SUM(KM50:KX50)/1000 -> 0 | Y50: =SUM(KY50:LJ50)/1000 -> 0 | Z50: =SUM(LK50:LV50)/1000 -> 0 | AA50: =SUM(LW50:MH50)/1000 -> 0 | AB50: =SUM(MI50:MT50)/1000 -> 0 | AC50: =SUM(MU50:NF50)/1000 -> 0 | AD50: =SUM(NG50:NR50)/1000 -> 0 | AE50: =SUM(NS50:OD50)/1000 -> 0 | AF50: =SUM(OE50:OP50)/1000 -> 0 | AN50: 1113 | AS50: 579 | AT50: 1158 | AU50: 673 | AV50: 1656 | AW50: 654 | AX50: 1157 | AY50: 1360 | BA50: 849 | BB50: 1143 | BC50: 1337 | BF50: 1213 | BG50: 1054 | BI50: 891 | BJ50: 932 | BK50: 1069 | BL50: 952 | BM50: 1099 | BQ50: 676 | BR50: 1345
A51: San Marino | B51: =SUM(AI51:AT51)/1000 -> 0 | C51: =SUM(AU51:BF51)/1000 -> 0 | D51: =SUM(BG51:BR51)/1000 -> 0 | E51: =SUM(BS51:CD51)/1000 -> 0 | F51: =SUM(CE51:CP51)/1000 -> 0 | G51: =SUM(CQ51:DB51)/1000 -> 0 | H51: =SUM(DC51:DN51)/1000 -> 0 | I51: =SUM(DO51:DZ51)/1000 -> 0 | J51: =SUM(EA51:EL51)/1000 -> 0 | K51: =SUM(EM51:EX51)/1000 -> 0 | L51: =SUM(EY51:FJ51)/1000 -> 0 | M51: =SUM(FK51:FV51)/1000 -> 0 | N51: =SUM(FW51:GH51)/1000 -> 0 | O51: =SUM(GI51:GT51)/1000 -> 0 | P51: =SUM(GU51:HF51)/1000 -> 0 | Q51: =SUM(HG51:HR51)/1000 -> 0 | R51: =SUM(HS51:ID51)/1000 -> 0 | S51: =SUM(IE51:IP51)/1000 -> 0 | T51: =SUM(IQ51:JB51)/1000 -> 0 | U51: =SUM(JC51:JN51)/1000 -> 0 | V51: =SUM(JO51:JZ51)/1000 -> 0 | W51: =SUM(KA51:KL51)/1000 -> 0 | X51: =SUM(KM51:KX51)/1000 -> 0 | Y51: =SUM(KY51:LJ51)/1000 -> 0 | Z51: =SUM(LK51:LV51)/1000 -> 0 | AA51: =SUM(LW51:MH51)/1000 -> 0 | AB51: =SUM(MI51:MT51)/1000 -> 0 | AC51: =SUM(MU51:NF51)/1000 -> 0 | AD51: =SUM(NG51:NR51)/1000 -> 0 | AE51: =SUM(NS51:OD51)/1000 -> 0 | AF51: =SUM(OE51:OP51)/1000 -> 0
A52: Serbia | B52: =SUM(AI52:AT52)/1000 -> 0 | C52: =SUM(AU52:BF52)/1000 -> 0 | D52: =SUM(BG52:BR52)/1000 -> 0 | E52: =SUM(BS52:CD52)/1000 -> 0 | F52: =SUM(CE52:CP52)/1000 -> 0 | G52: =SUM(CQ52:DB52)/1000 -> 0 | H52: =SUM(DC52:DN52)/1000 -> 0 | I52: =SUM(DO52:DZ52)/1000 -> 0 | J52: =SUM(EA52:EL52)/1000 -> 0 | K52: =SUM(EM52:EX52)/1000 -> 0 | L52: =SUM(EY52:FJ52)/1000 -> 0 | M52: =SUM(FK52:FV52)/1000 -> 0 | N52: =SUM(FW52:GH52)/1000 -> 0 | O52: =SUM(GI52:GT52)/1000 -> 0 | P52: =SUM(GU52:HF52)/1000 -> 0 | Q52: =SUM(HG52:HR52)/1000 -> 0 | R52: =SUM(HS52:ID52)/1000 -> 0 | S52: =SUM(IE52:IP52)/1000 -> 0 | T52: =SUM(IQ52:JB52)/1000 -> 0 | U52: =SUM(JC52:JN52)/1000 -> 0 | V52: =SUM(JO52:JZ52)/1000 -> 0 | W52: =SUM(KA52:KL52)/1000 -> 0 | X52: =SUM(KM52:KX52)/1000 -> 0 | Y52: =SUM(KY52:LJ52)/1000 -> 0 | Z52: =SUM(LK52:LV52)/1000 -> 0 | AA52: =SUM(LW52:MH52)/1000 -> 0 | AB52: =SUM(MI52:MT52)/1000 -> 0 | AC52: =SUM(MU52:NF52)/1000 -> 0 | AD52: =SUM(NG52:NR52)/1000 -> 0 | AE52: =SUM(NS52:OD52)/1000 -> 0 | AF52: =SUM(OE52:OP52)/1000 -> 0
A53: Serbia and Montenegro | B53: =SUM(AI53:AT53)/1000 -> 0 | C53: =SUM(AU53:BF53)/1000 -> 0 | D53: =SUM(BG53:BR53)/1000 -> 0 | E53: =SUM(BS53:CD53)/1000 -> 0 | F53: =SUM(CE53:CP53)/1000 -> 0 | G53: =SUM(CQ53:DB53)/1000 -> 0 | H53: =SUM(DC53:DN53)/1000 -> 0 | I53: =SUM(DO53:DZ53)/1000 -> 0 | J53: =SUM(EA53:EL53)/1000 -> 0 | K53: =SUM(EM53:EX53)/1000 -> 0 | L53: =SUM(EY53:FJ53)/1000 -> 0 | M53: =SUM(FK53:FV53)/1000 -> 0 | N53: =SUM(FW53:GH53)/1000 -> 0 | O53: =SUM(GI53:GT53)/1000 -> 0 | P53: =SUM(GU53:HF53)/1000 -> 0 | Q53: =SUM(HG53:HR53)/1000 -> 0 | R53: =SUM(HS53:ID53)/1000 -> 0 | S53: =SUM(IE53:IP53)/1000 -> 0 | T53: =SUM(IQ53:JB53)/1000 -> 0 | U53: =SUM(JC53:JN53)/1000 -> 0 | V53: =SUM(JO53:JZ53)/1000 -> 0 | W53: =SUM(KA53:KL53)/1000 -> 0 | X53: =SUM(KM53:KX53)/1000 -> 0 | Y53: =SUM(KY53:LJ53)/1000 -> 0 | Z53: =SUM(LK53:LV53)/1000 -> 0 | AA53: =SUM(LW53:MH53)/1000 -> 0 | AB53: =SUM(MI53:MT53)/1000 -> 0 | AC53: =SUM(MU53:NF53)/1000 -> 0 | AD53: =SUM(NG53:NR53)/1000 -> 0 | AE53: =SUM(NS53:OD53)/1000 -> 0 | AF53: =SUM(OE53:OP53)/1000 -> 0
A54: Svalbard, Jan Mayen Island | B54: =SUM(AI54:AT54)/1000 -> 0 | C54: =SUM(AU54:BF54)/1000 -> 0 | D54: =SUM(BG54:BR54)/1000 -> 0 | E54: =SUM(BS54:CD54)/1000 -> 0 | F54: =SUM(CE54:CP54)/1000 -> 0 | G54: =SUM(CQ54:DB54)/1000 -> 0 | H54: =SUM(DC54:DN54)/1000 -> 0 | I54: =SUM(DO54:DZ54)/1000 -> 0 | J54: =SUM(EA54:EL54)/1000 -> 0 | K54: =SUM(EM54:EX54)/1000 -> 0 | L54: =SUM(EY54:FJ54)/1000 -> 0 | M54: =SUM(FK54:FV54)/1000 -> 0 | N54: =SUM(FW54:GH54)/1000 -> 0 | O54: =SUM(GI54:GT54)/1000 -> 0 | P54: =SUM(GU54:HF54)/1000 -> 0 | Q54: =SUM(HG54:HR54)/1000 -> 0 | R54: =SUM(HS54:ID54)/1000 -> 0 | S54: =SUM(IE54:IP54)/1000 -> 0 | T54: =SUM(IQ54:JB54)/1000 -> 0 | U54: =SUM(JC54:JN54)/1000 -> 0 | V54: =SUM(JO54:JZ54)/1000 -> 0 | W54: =SUM(KA54:KL54)/1000 -> 0 | X54: =SUM(KM54:KX54)/1000 -> 0 | Y54: =SUM(KY54:LJ54)/1000 -> 0 | Z54: =SUM(LK54:LV54)/1000 -> 0 | AA54: =SUM(LW54:MH54)/1000 -> 0 | AB54: =SUM(MI54:MT54)/1000 -> 0 | AC54: =SUM(MU54:NF54)/1000 -> 0 | AD54: =SUM(NG54:NR54)/1000 -> 0 | AE54: =SUM(NS54:OD54)/1000 -> 0 | AF54: =SUM(OE54:OP54)/1000 -> 0
A55: Switzerland | B55: =SUM(AI55:AT55)/1000 -> 0 | C55: =SUM(AU55:BF55)/1000 -> 0 | D55: =SUM(BG55:BR55)/1000 -> 0 | E55: =SUM(BS55:CD55)/1000 -> 0 | F55: =SUM(CE55:CP55)/1000 -> 0 | G55: =SUM(CQ55:DB55)/1000 -> 0 | H55: =SUM(DC55:DN55)/1000 -> 0 | I55: =SUM(DO55:DZ55)/1000 -> 0.616 | J55: =SUM(EA55:EL55)/1000 -> 0 | K55: =SUM(EM55:EX55)/1000 -> 0 | L55: =SUM(EY55:FJ55)/1000 -> 0 | M55: =SUM(FK55:FV55)/1000 -> 0 | N55: =SUM(FW55:GH55)/1000 -> 0 | O55: =SUM(GI55:GT55)/1000 -> 0 | P55: =SUM(GU55:HF55)/1000 -> 0 | Q55: =SUM(HG55:HR55)/1000 -> 0 | R55: =SUM(HS55:ID55)/1000 -> 0 | S55: =SUM(IE55:IP55)/1000 -> 0 | T55: =SUM(IQ55:JB55)/1000 -> 0 | U55: =SUM(JC55:JN55)/1000 -> 0 | V55: =SUM(JO55:JZ55)/1000 -> 0 | W55: =SUM(KA55:KL55)/1000 -> 0 | X55: =SUM(KM55:KX55)/1000 -> 0 | Y55: =SUM(KY55:LJ55)/1000 -> 0 | Z55: =SUM(LK55:LV55)/1000 -> 0 | AA55: =SUM(LW55:MH55)/1000 -> 0 | AB55: =SUM(MI55:MT55)/1000 -> 0 | AC55: =SUM(MU55:NF55)/1000 -> 0 | AD55: =SUM(NG55:NR55)/1000 -> 0 | AE55: =SUM(NS55:OD55)/1000 -> 0 | AF55: =SUM(OE55:OP55)/1000 -> 0 | DR55: 616
A56: Vatican City | B56: =SUM(AI56:AT56)/1000 -> 0 | C56: =SUM(AU56:BF56)/1000 -> 0 | D56: =SUM(BG56:BR56)/1000 -> 0 | E56: =SUM(BS56:CD56)/1000 -> 0 | F56: =SUM(CE56:CP56)/1000 -> 0 | G56: =SUM(CQ56:DB56)/1000 -> 0 | H56: =SUM(DC56:DN56)/1000 -> 0 | I56: =SUM(DO56:DZ56)/1000 -> 0 | J56: =SUM(EA56:EL56)/1000 -> 0 | K56: =SUM(EM56:EX56)/1000 -> 0 | L56: =SUM(EY56:FJ56)/1000 -> 0 | M56: =SUM(FK56:FV56)/1000 -> 0 | N56: =SUM(FW56:GH56)/1000 -> 0 | O56: =SUM(GI56:GT56)/1000 -> 0 | P56: =SUM(GU56:HF56)/1000 -> 0 | Q56: =SUM(HG56:HR56)/1000 -> 0 | R56: =SUM(HS56:ID56)/1000 -> 0 | S56: =SUM(IE56:IP56)/1000 -> 0 | T56: =SUM(IQ56:JB56)/1000 -> 0 | U56: =SUM(JC56:JN56)/1000 -> 0 | V56: =SUM(JO56:JZ56)/1000 -> 0 | W56: =SUM(KA56:KL56)/1000 -> 0 | X56: =SUM(KM56:KX56)/1000 -> 0 | Y56: =SUM(KY56:LJ56)/1000 -> 0 | Z56: =SUM(LK56:LV56)/1000 -> 0 | AA56: =SUM(LW56:MH56)/1000 -> 0 | AB56: =SUM(MI56:MT56)/1000 -> 0 | AC56: =SUM(MU56:NF56)/1000 -> 0 | AD56: =SUM(NG56:NR56)/1000 -> 0 | AE56: =SUM(NS56:OD56)/1000 -> 0 | AF56: =SUM(OE56:OP56)/1000 -> 0
A57: Yugoslavia | B57: =SUM(AI57:AT57)/1000 -> 0 | C57: =SUM(AU57:BF57)/1000 -> 0 | D57: =SUM(BG57:BR57)/1000 -> 0.785 | E57: =SUM(BS57:CD57)/1000 -> 0 | F57: =SUM(CE57:CP57)/1000 -> 0 | G57: =SUM(CQ57:DB57)/1000 -> 0.572 | H57: =SUM(DC57:DN57)/1000 -> 0 | I57: =SUM(DO57:DZ57)/1000 -> 0 | J57: =SUM(EA57:EL57)/1000 -> 0 | K57: =SUM(EM57:EX57)/1000 -> 0 | L57: =SUM(EY57:FJ57)/1000 -> 0 | M57: =SUM(FK57:FV57)/1000 -> 0 | N57: =SUM(FW57:GH57)/1000 -> 0 | O57: =SUM(GI57:GT57)/1000 -> 0 | P57: =SUM(GU57:HF57)/1000 -> 0 | Q57: =SUM(HG57:HR57)/1000 -> 0 | R57: =SUM(HS57:ID57)/1000 -> 0 | S57: =SUM(IE57:IP57)/1000 -> 0 | T57: =SUM(IQ57:JB57)/1000 -> 0 | U57: =SUM(JC57:JN57)/1000 -> 0 | V57: =SUM(JO57:JZ57)/1000 -> 0 | W57: =SUM(KA57:KL57)/1000 -> 0 | X57: =SUM(KM57:KX57)/1000 -> 0 | Y57: =SUM(KY57:LJ57)/1000 -> 0 | Z57: =SUM(LK57:LV57)/1000 -> 0 | AA57: =SUM(LW57:MH57)/1000 -> 0 | AB57: =SUM(MI57:MT57)/1000 -> 0 | AC57: =SUM(MU57:NF57)/1000 -> 0 | AD57: =SUM(NG57:NR57)/1000 -> 0 | AE57: =SUM(NS57:OD57)/1000 -> 0 | AF57: =SUM(OE57:OP57)/1000 -> 0 | BO57: 785 | CW57: 572
A59: Former Soviet Union-12 | B59: =SUM(B60:B72) -> 0 | C59: =SUM(C60:C72) -> 2.021 | D59: =SUM(D60:D72) -> 1.092 | E59: =SUM(E60:E72) -> 0.37 | F59: =SUM(F60:F72) -> 0 | G59: =SUM(G60:G72) -> 11.818 | H59: =SUM(H60:H72) -> 1.561 | I59: =SUM(I60:I72) -> 4.217 | ... AF59: =SUM(AF60:AF72) -> 0 | AI59: =SUM(AI60:AI72) -> 0 | AJ59: =SUM(AJ60:AJ72) -> 0 | AK59: =SUM(AK60:AK72) -> 0 | AL59: =SUM(AL60:AL72) -> 0 | AM59: =SUM(AM60:AM72) -> 0 | AN59: =SUM(AN60:AN72) -> 0 | AO59: =SUM(AO60:AO72) -> 0 | AP59: =SUM(AP60:AP72) -> 0 | ... PO59: =SUM(PO60:PO72) -> 0
A60: Armenia | B60: =SUM(AI60:AT60)/1000 -> 0 | C60: =SUM(AU60:BF60)/1000 -> 0.735 | D60: =SUM(BG60:BR60)/1000 -> 0 | E60: =SUM(BS60:CD60)/1000 -> 0 | F60: =SUM(CE60:CP60)/1000 -> 0 | G60: =SUM(CQ60:DB60)/1000 -> 0 | H60: =SUM(DC60:DN60)/1000 -> 0 | I60: =SUM(DO60:DZ60)/1000 -> 0 | J60: =SUM(EA60:EL60)/1000 -> 0 | K60: =SUM(EM60:EX60)/1000 -> 0 | L60: =SUM(EY60:FJ60)/1000 -> 0 | M60: =SUM(FK60:FV60)/1000 -> 0 | N60: =SUM(FW60:GH60)/1000 -> 0 | O60: =SUM(GI60:GT60)/1000 -> 0 | P60: =SUM(GU60:HF60)/1000 -> 0 | Q60: =SUM(HG60:HR60)/1000 -> 0 | R60: =SUM(HS60:ID60)/1000 -> 0 | S60: =SUM(IE60:IP60)/1000 -> 0 | T60: =SUM(IQ60:JB60)/1000 -> 0 | U60: =SUM(JC60:JN60)/1000 -> 0 | V60: =SUM(JO60:JZ60)/1000 -> 0 | W60: =SUM(KA60:KL60)/1000 -> 0 | X60: =SUM(KM60:KX60)/1000 -> 0 | Y60: =SUM(KY60:LJ60)/1000 -> 0 | Z60: =SUM(LK60:LV60)/1000 -> 0 | AA60: =SUM(LW60:MH60)/1000 -> 0 | AB60: =SUM(MI60:MT60)/1000 -> 0 | AC60: =SUM(MU60:NF60)/1000 -> 0 | AD60: =SUM(NG60:NR60)/1000 -> 0 | AE60: =SUM(NS60:OD60)/1000 -> 0 | AF60: =SUM(OE60:OP60)/1000 -> 0 | BB60: 522 | BC60: 213
A61: Azerbaijan | B61: =SUM(AI61:AT61)/1000 -> 0 | C61: =SUM(AU61:BF61)/1000 -> 0 | D61: =SUM(BG61:BR61)/1000 -> 0 | E61: =SUM(BS61:CD61)/1000 -> 0 | F61: =SUM(CE61:CP61)/1000 -> 0 | G61: =SUM(CQ61:DB61)/1000 -> 0 | H61: =SUM(DC61:DN61)/1000 -> 0 | I61: =SUM(DO61:DZ61)/1000 -> 0 | J61: =SUM(EA61:EL61)/1000 -> 0 | K61: =SUM(EM61:EX61)/1000 -> 0 | L61: =SUM(EY61:FJ61)/1000 -> 0 | M61: =SUM(FK61:FV61)/1000 -> 0 | N61: =SUM(FW61:GH61)/1000 -> 0 | O61: =SUM(GI61:GT61)/1000 -> 0 | P61: =SUM(GU61:HF61)/1000 -> 0 | Q61: =SUM(HG61:HR61)/1000 -> 0 | R61: =SUM(HS61:ID61)/1000 -> 0 | S61: =SUM(IE61:IP61)/1000 -> 0 | T61: =SUM(IQ61:JB61)/1000 -> 0 | U61: =SUM(JC61:JN61)/1000 -> 0 | V61: =SUM(JO61:JZ61)/1000 -> 0 | W61: =SUM(KA61:KL61)/1000 -> 0 | X61: =SUM(KM61:KX61)/1000 -> 0 | Y61: =SUM(KY61:LJ61)/1000 -> 0 | Z61: =SUM(LK61:LV61)/1000 -> 0 | AA61: =SUM(LW61:MH61)/1000 -> 0 | AB61: =SUM(MI61:MT61)/1000 -> 0 | AC61: =SUM(MU61:NF61)/1000 -> 0 | AD61: =SUM(NG61:NR61)/1000 -> 0 | AE61: =SUM(NS61:OD61)/1000 -> 0 | AF61: =SUM(OE61:OP61)/1000 -> 0
A62: Belarus | B62: =SUM(AI62:AT62)/1000 -> 0 | C62: =SUM(AU62:BF62)/1000 -> 0 | D62: =SUM(BG62:BR62)/1000 -> 0 | E62: =SUM(BS62:CD62)/1000 -> 0 | F62: =SUM(CE62:CP62)/1000 -> 0 | G62: =SUM(CQ62:DB62)/1000 -> 0 | H62: =SUM(DC62:DN62)/1000 -> 0 | I62: =SUM(DO62:DZ62)/1000 -> 0 | J62: =SUM(EA62:EL62)/1000 -> 0 | K62: =SUM(EM62:EX62)/1000 -> 0 | L62: =SUM(EY62:FJ62)/1000 -> 0 | M62: =SUM(FK62:FV62)/1000 -> 0 | N62: =SUM(FW62:GH62)/1000 -> 0 | O62: =SUM(GI62:GT62)/1000 -> 0 | P62: =SUM(GU62:HF62)/1000 -> 0 | Q62: =SUM(HG62:HR62)/1000 -> 0 | R62: =SUM(HS62:ID62)/1000 -> 0 | S62: =SUM(IE62:IP62)/1000 -> 0 | T62: =SUM(IQ62:JB62)/1000 -> 0 | U62: =SUM(JC62:JN62)/1000 -> 0 | V62: =SUM(JO62:JZ62)/1000 -> 0 | W62: =SUM(KA62:KL62)/1000 -> 0 | X62: =SUM(KM62:KX62)/1000 -> 0 | Y62: =SUM(KY62:LJ62)/1000 -> 0 | Z62: =SUM(LK62:LV62)/1000 -> 0 | AA62: =SUM(LW62:MH62)/1000 -> 0 | AB62: =SUM(MI62:MT62)/1000 -> 0 | AC62: =SUM(MU62:NF62)/1000 -> 0 | AD62: =SUM(NG62:NR62)/1000 -> 0 | AE62: =SUM(NS62:OD62)/1000 -> 0 | AF62: =SUM(OE62:OP62)/1000 -> 0
A63: Georgia | B63: =SUM(AI63:AT63)/1000 -> 0 | C63: =SUM(AU63:BF63)/1000 -> 0 | D63: =SUM(BG63:BR63)/1000 -> 0 | E63: =SUM(BS63:CD63)/1000 -> 0 | F63: =SUM(CE63:CP63)/1000 -> 0 | G63: =SUM(CQ63:DB63)/1000 -> 0 | H63: =SUM(DC63:DN63)/1000 -> 0 | I63: =SUM(DO63:DZ63)/1000 -> 0 | J63: =SUM(EA63:EL63)/1000 -> 0 | K63: =SUM(EM63:EX63)/1000 -> 0 | L63: =SUM(EY63:FJ63)/1000 -> 0 | M63: =SUM(FK63:FV63)/1000 -> 0 | N63: =SUM(FW63:GH63)/1000 -> 0 | O63: =SUM(GI63:GT63)/1000 -> 0 | P63: =SUM(GU63:HF63)/1000 -> 0 | Q63: =SUM(HG63:HR63)/1000 -> 0 | R63: =SUM(HS63:ID63)/1000 -> 0 | S63: =SUM(IE63:IP63)/1000 -> 0 | T63: =SUM(IQ63:JB63)/1000 -> 0 | U63: =SUM(JC63:JN63)/1000 -> 0 | V63: =SUM(JO63:JZ63)/1000 -> 0 | W63: =SUM(KA63:KL63)/1000 -> 0 | X63: =SUM(KM63:KX63)/1000 -> 0 | Y63: =SUM(KY63:LJ63)/1000 -> 0 | Z63: =SUM(LK63:LV63)/1000 -> 0 | AA63: =SUM(LW63:MH63)/1000 -> 0.38555164 | AB63: =SUM(MI63:MT63)/1000 -> 0 | AC63: =SUM(MU63:NF63)/1000 -> 0 | AD63: =SUM(NG63:NR63)/1000 -> 0 | AE63: =SUM(NS63:OD63)/1000 -> 0 | AF63: =SUM(OE63:OP63)/1000 -> 0 | LX63: 385.55164
A64: Kazakhstan | B64: =SUM(AI64:AT64)/1000 -> 0 | C64: =SUM(AU64:BF64)/1000 -> 0 | D64: =SUM(BG64:BR64)/1000 -> 0 | E64: =SUM(BS64:CD64)/1000 -> 0 | F64: =SUM(CE64:CP64)/1000 -> 0 | G64: =SUM(CQ64:DB64)/1000 -> 0 | H64: =SUM(DC64:DN64)/1000 -> 0 | I64: =SUM(DO64:DZ64)/1000 -> 0 | J64: =SUM(EA64:EL64)/1000 -> 0 | K64: =SUM(EM64:EX64)/1000 -> 0 | L64: =SUM(EY64:FJ64)/1000 -> 0 | M64: =SUM(FK64:FV64)/1000 -> 0 | N64: =SUM(FW64:GH64)/1000 -> 0 | O64: =SUM(GI64:GT64)/1000 -> 0 | P64: =SUM(GU64:HF64)/1000 -> 0 | Q64: =SUM(HG64:HR64)/1000 -> 0 | R64: =SUM(HS64:ID64)/1000 -> 0 | S64: =SUM(IE64:IP64)/1000 -> 0 | T64: =SUM(IQ64:JB64)/1000 -> 0 | U64: =SUM(JC64:JN64)/1000 -> 0 | V64: =SUM(JO64:JZ64)/1000 -> 0 | W64: =SUM(KA64:KL64)/1000 -> 0 | X64: =SUM(KM64:KX64)/1000 -> 0 | Y64: =SUM(KY64:LJ64)/1000 -> 0 | Z64: =SUM(LK64:LV64)/1000 -> 0 | AA64: =SUM(LW64:MH64)/1000 -> 0 | AB64: =SUM(MI64:MT64)/1000 -> 0 | AC64: =SUM(MU64:NF64)/1000 -> 0 | AD64: =SUM(NG64:NR64)/1000 -> 0 | AE64: =SUM(NS64:OD64)/1000 -> 0 | AF64: =SUM(OE64:OP64)/1000 -> 0
A65: Kyrgyzstan | B65: =SUM(AI65:AT65)/1000 -> 0 | C65: =SUM(AU65:BF65)/1000 -> 0 | D65: =SUM(BG65:BR65)/1000 -> 0 | E65: =SUM(BS65:CD65)/1000 -> 0 | F65: =SUM(CE65:CP65)/1000 -> 0 | G65: =SUM(CQ65:DB65)/1000 -> 1.102 | H65: =SUM(DC65:DN65)/1000 -> 0 | I65: =SUM(DO65:DZ65)/1000 -> 0 | J65: =SUM(EA65:EL65)/1000 -> 0 | K65: =SUM(EM65:EX65)/1000 -> 0 | L65: =SUM(EY65:FJ65)/1000 -> 0 | M65: =SUM(FK65:FV65)/1000 -> 0 | N65: =SUM(FW65:GH65)/1000 -> 0 | O65: =SUM(GI65:GT65)/1000 -> 0 | P65: =SUM(GU65:HF65)/1000 -> 0 | Q65: =SUM(HG65:HR65)/1000 -> 0 | R65: =SUM(HS65:ID65)/1000 -> 0 | S65: =SUM(IE65:IP65)/1000 -> 0 | T65: =SUM(IQ65:JB65)/1000 -> 0 | U65: =SUM(JC65:JN65)/1000 -> 0 | V65: =SUM(JO65:JZ65)/1000 -> 0 | W65: =SUM(KA65:KL65)/1000 -> 0 | X65: =SUM(KM65:KX65)/1000 -> 0 | Y65: =SUM(KY65:LJ65)/1000 -> 0 | Z65: =SUM(LK65:LV65)/1000 -> 0 | AA65: =SUM(LW65:MH65)/1000 -> 0 | AB65: =SUM(MI65:MT65)/1000 -> 0 | AC65: =SUM(MU65:NF65)/1000 -> 0 | AD65: =SUM(NG65:NR65)/1000 -> 0 | AE65: =SUM(NS65:OD65)/1000 -> 0 | AF65: =SUM(OE65:OP65)/1000 -> 0 | CQ65: 1102
A66: Moldova | B66: =SUM(AI66:AT66)/1000 -> 0 | C66: =SUM(AU66:BF66)/1000 -> 0 | D66: =SUM(BG66:BR66)/1000 -> 0 | E66: =SUM(BS66:CD66)/1000 -> 0 | F66: =SUM(CE66:CP66)/1000 -> 0 | G66: =SUM(CQ66:DB66)/1000 -> 0 | H66: =SUM(DC66:DN66)/1000 -> 0 | I66: =SUM(DO66:DZ66)/1000 -> 0 | J66: =SUM(EA66:EL66)/1000 -> 1.552 | K66: =SUM(EM66:EX66)/1000 -> 0 | L66: =SUM(EY66:FJ66)/1000 -> 0 | M66: =SUM(FK66:FV66)/1000 -> 0 | N66: =SUM(FW66:GH66)/1000 -> 0 | O66: =SUM(GI66:GT66)/1000 -> 0 | P66: =SUM(GU66:HF66)/1000 -> 0 | Q66: =SUM(HG66:HR66)/1000 -> 0 | R66: =SUM(HS66:ID66)/1000 -> 0 | S66: =SUM(IE66:IP66)/1000 -> 0 | T66: =SUM(IQ66:JB66)/1000 -> 0 | U66: =SUM(JC66:JN66)/1000 -> 0 | V66: =SUM(JO66:JZ66)/1000 -> 0 | W66: =SUM(KA66:KL66)/1000 -> 0 | X66: =SUM(KM66:KX66)/1000 -> 0 | Y66: =SUM(KY66:LJ66)/1000 -> 0 | Z66: =SUM(LK66:LV66)/1000 -> 0 | AA66: =SUM(LW66:MH66)/1000 -> 0 | AB66: =SUM(MI66:MT66)/1000 -> 0 | AC66: =SUM(MU66:NF66)/1000 -> 0 | AD66: =SUM(NG66:NR66)/1000 -> 0 | AE66: =SUM(NS66:OD66)/1000 -> 0 | AF66: =SUM(OE66:OP66)/1000 -> 0 | EC66: 1552
A67: Russia | B67: =SUM(AI67:AT67)/1000 -> 0 | C67: =SUM(AU67:BF67)/1000 -> 1.286 | D67: =SUM(BG67:BR67)/1000 -> 1.092 | E67: =SUM(BS67:CD67)/1000 -> 0 | F67: =SUM(CE67:CP67)/1000 -> 0 | G67: =SUM(CQ67:DB67)/1000 -> 7.379 | H67: =SUM(DC67:DN67)/1000 -> 0.356 | I67: =SUM(DO67:DZ67)/1000 -> 0.342 | J67: =SUM(EA67:EL67)/1000 -> 0 | K67: =SUM(EM67:EX67)/1000 -> 0 | L67: =SUM(EY67:FJ67)/1000 -> 0 | M67: =SUM(FK67:FV67)/1000 -> 0 | N67: =SUM(FW67:GH67)/1000 -> 0 | O67: =SUM(GI67:GT67)/1000 -> 0 | P67: =SUM(GU67:HF67)/1000 -> 0.852 | Q67: =SUM(HG67:HR67)/1000 -> 0.952 | R67: =SUM(HS67:ID67)/1000 -> 3.618 | S67: =SUM(IE67:IP67)/1000 -> 1.93 | T67: =SUM(IQ67:JB67)/1000 -> 1.112 | U67: =SUM(JC67:JN67)/1000 -> 3.007 | V67: =SUM(JO67:JZ67)/1000 -> 17.59 | W67: =SUM(KA67:KL67)/1000 -> 11.645 | X67: =SUM(KM67:KX67)/1000 -> 17.861 | Y67: =SUM(KY67:LJ67)/1000 -> 0 | Z67: =SUM(LK67:LV67)/1000 -> 0 | AA67: =SUM(LW67:MH67)/1000 -> 0 | AB67: =SUM(MI67:MT67)/1000 -> 0 | AC67: =SUM(MU67:NF67)/1000 -> 0 | AD67: =SUM(NG67:NR67)/1000 -> 0 | AE67: =SUM(NS67:OD67)/1000 -> 0 | AF67: =SUM(OE67:OP67)/1000 -> 0 | BD67: 1286 | BG67: 1092 | CW67: 291 | CY67: 2251 | CZ67: 1543 | DA67: 736 | DB67: 2558 | DM67: 246 | DN67: 110 | DO67: 342 | GW67: 852 | HM67: 952 | HU67: 1876 | HW67: 934 | HY67: 808 | IJ67: 1930 | IV67: 1112 | JE67: 945 | JF67: 951 | JG67: 1111 | JP67: 1124 | JQ67: 3315 | JR67: 4434 | JS67: 3224 | JT67: 5492 | JV67: 1 | KC67: 2697 | KD67: 3595 | KE67: 4209 | KF67: 1144 | KN67: 4659 | KO67: 4120 | KP67: 3442 | KQ67: 2320 | KR67: 3320
A68: Tajikistan | B68: =SUM(AI68:AT68)/1000 -> 0 | C68: =SUM(AU68:BF68)/1000 -> 0 | D68: =SUM(BG68:BR68)/1000 -> 0 | E68: =SUM(BS68:CD68)/1000 -> 0 | F68: =SUM(CE68:CP68)/1000 -> 0 | G68: =SUM(CQ68:DB68)/1000 -> 0 | H68: =SUM(DC68:DN68)/1000 -> 0 | I68: =SUM(DO68:DZ68)/1000 -> 0 | J68: =SUM(EA68:EL68)/1000 -> 0 | K68: =SUM(EM68:EX68)/1000 -> 0 | L68: =SUM(EY68:FJ68)/1000 -> 0 | M68: =SUM(FK68:FV68)/1000 -> 0 | N68: =SUM(FW68:GH68)/1000 -> 0 | O68: =SUM(GI68:GT68)/1000 -> 0 | P68: =SUM(GU68:HF68)/1000 -> 0 | Q68: =SUM(HG68:HR68)/1000 -> 0 | R68: =SUM(HS68:ID68)/1000 -> 0 | S68: =SUM(IE68:IP68)/1000 -> 0 | T68: =SUM(IQ68:JB68)/1000 -> 0 | U68: =SUM(JC68:JN68)/1000 -> 0 | V68: =SUM(JO68:JZ68)/1000 -> 0 | W68: =SUM(KA68:KL68)/1000 -> 0 | X68: =SUM(KM68:KX68)/1000 -> 0 | Y68: =SUM(KY68:LJ68)/1000 -> 0 | Z68: =SUM(LK68:LV68)/1000 -> 0 | AA68: =SUM(LW68:MH68)/1000 -> 0 | AB68: =SUM(MI68:MT68)/1000 -> 0 | AC68: =SUM(MU68:NF68)/1000 -> 0 | AD68: =SUM(NG68:NR68)/1000 -> 0 | AE68: =SUM(NS68:OD68)/1000 -> 0 | AF68: =SUM(OE68:OP68)/1000 -> 0
A69: Turkmenistan | B69: =SUM(AI69:AT69)/1000 -> 0 | C69: =SUM(AU69:BF69)/1000 -> 0 | D69: =SUM(BG69:BR69)/1000 -> 0 | E69: =SUM(BS69:CD69)/1000 -> 0 | F69: =SUM(CE69:CP69)/1000 -> 0 | G69: =SUM(CQ69:DB69)/1000 -> 0 | H69: =SUM(DC69:DN69)/1000 -> 0 | I69: =SUM(DO69:DZ69)/1000 -> 0 | J69: =SUM(EA69:EL69)/1000 -> 0 | K69: =SUM(EM69:EX69)/1000 -> 0 | L69: =SUM(EY69:FJ69)/1000 -> 0 | M69: =SUM(FK69:FV69)/1000 -> 0 | N69: =SUM(FW69:GH69)/1000 -> 0 | O69: =SUM(GI69:GT69)/1000 -> 0 | P69: =SUM(GU69:HF69)/1000 -> 0 | Q69: =SUM(HG69:HR69)/1000 -> 0 | R69: =SUM(HS69:ID69)/1000 -> 0 | S69: =SUM(IE69:IP69)/1000 -> 0 | T69: =SUM(IQ69:JB69)/1000 -> 0 | U69: =SUM(JC69:JN69)/1000 -> 0 | V69: =SUM(JO69:JZ69)/1000 -> 0 | W69: =SUM(KA69:KL69)/1000 -> 0 | X69: =SUM(KM69:KX69)/1000 -> 0 | Y69: =SUM(KY69:LJ69)/1000 -> 0 | Z69: =SUM(LK69:LV69)/1000 -> 0 | AA69: =SUM(LW69:MH69)/1000 -> 0 | AB69: =SUM(MI69:MT69)/1000 -> 0 | AC69: =SUM(MU69:NF69)/1000 -> 0 | AD69: =SUM(NG69:NR69)/1000 -> 0 | AE69: =SUM(NS69:OD69)/1000 -> 0 | AF69: =SUM(OE69:OP69)/1000 -> 0
A70: Ukraine | B70: =SUM(AI70:AT70)/1000 -> 0 | C70: =SUM(AU70:BF70)/1000 -> 0 | D70: =SUM(BG70:BR70)/1000 -> 0 | E70: =SUM(BS70:CD70)/1000 -> 0.37 | F70: =SUM(CE70:CP70)/1000 -> 0 | G70: =SUM(CQ70:DB70)/1000 -> 0 | H70: =SUM(DC70:DN70)/1000 -> 0 | I70: =SUM(DO70:DZ70)/1000 -> 0 | J70: =SUM(EA70:EL70)/1000 -> 0.386 | K70: =SUM(EM70:EX70)/1000 -> 0 | L70: =SUM(EY70:FJ70)/1000 -> 0 | M70: =SUM(FK70:FV70)/1000 -> 0 | N70: =SUM(FW70:GH70)/1000 -> 0.001 | O70: =SUM(GI70:GT70)/1000 -> 0 | P70: =SUM(GU70:HF70)/1000 -> 0 | Q70: =SUM(HG70:HR70)/1000 -> 0 | R70: =SUM(HS70:ID70)/1000 -> 0 | S70: =SUM(IE70:IP70)/1000 -> 0 | T70: =SUM(IQ70:JB70)/1000 -> 0 | U70: =SUM(JC70:JN70)/1000 -> 0 | V70: =SUM(JO70:JZ70)/1000 -> 0 | W70: =SUM(KA70:KL70)/1000 -> 0 | X70: =SUM(KM70:KX70)/1000 -> 0 | Y70: =SUM(KY70:LJ70)/1000 -> 0 | Z70: =SUM(LK70:LV70)/1000 -> 0.002 | AA70: =SUM(LW70:MH70)/1000 -> 0 | AB70: =SUM(MI70:MT70)/1000 -> 0 | AC70: =SUM(MU70:NF70)/1000 -> 0 | AD70: =SUM(NG70:NR70)/1000 -> 0 | AE70: =SUM(NS70:OD70)/1000 -> 0 | AF70: =SUM(OE70:OP70)/1000 -> 0 | BY70: 1 | CB70: 369 | ED70: 386 | GC70: 1 | LL70: 2
A71: Uzbekistan | B71: =SUM(AI71:AT71)/1000 -> 0 | C71: =SUM(AU71:BF71)/1000 -> 0 | D71: =SUM(BG71:BR71)/1000 -> 0 | E71: =SUM(BS71:CD71)/1000 -> 0 | F71: =SUM(CE71:CP71)/1000 -> 0 | G71: =SUM(CQ71:DB71)/1000 -> 3.337 | H71: =SUM(DC71:DN71)/1000 -> 1.205 | I71: =SUM(DO71:DZ71)/1000 -> 3.875 | J71: =SUM(EA71:EL71)/1000 -> 2.973 | K71: =SUM(EM71:EX71)/1000 -> 2.058 | L71: =SUM(EY71:FJ71)/1000 -> 0 | M71: =SUM(FK71:FV71)/1000 -> 0.367 | N71: =SUM(FW71:GH71)/1000 -> 0 | O71: =SUM(GI71:GT71)/1000 -> 0 | P71: =SUM(GU71:HF71)/1000 -> 0 | Q71: =SUM(HG71:HR71)/1000 -> 0 | R71: =SUM(HS71:ID71)/1000 -> 0 | S71: =SUM(IE71:IP71)/1000 -> 0 | T71: =SUM(IQ71:JB71)/1000 -> 0 | U71: =SUM(JC71:JN71)/1000 -> 0 | V71: =SUM(JO71:JZ71)/1000 -> 0 | W71: =SUM(KA71:KL71)/1000 -> 0 | X71: =SUM(KM71:KX71)/1000 -> 0 | Y71: =SUM(KY71:LJ71)/1000 -> 0 | Z71: =SUM(LK71:LV71)/1000 -> 0 | AA71: =SUM(LW71:MH71)/1000 -> 0 | AB71: =SUM(MI71:MT71)/1000 -> 0 | AC71: =SUM(MU71:NF71)/1000 -> 0 | AD71: =SUM(NG71:NR71)/1000 -> 0 | AE71: =SUM(NS71:OD71)/1000 -> 0 | AF71: =SUM(OE71:OP71)/1000 -> 0 | DA71: 3337 | DE71: 1205 | DP71: 1821 | DX71: 2054 | EB71: 2370 | EL71: 603 | EN71: 2058 | FL71: 367
A72: USSR | B72: =SUM(AI72:AT72)/1000 -> 0 | C72: =SUM(AU72:BF72)/1000 -> 0 | D72: =SUM(BG72:BR72)/1000 -> 0 | E72: =SUM(BS72:CD72)/1000 -> 0 | F72: =SUM(CE72:CP72)/1000 -> 0 | G72: =SUM(CQ72:DB72)/1000 -> 0 | H72: =SUM(DC72:DN72)/1000 -> 0 | I72: =SUM(DO72:DZ72)/1000 -> 0 | J72: =SUM(EA72:EL72)/1000 -> 0 | K72: =SUM(EM72:EX72)/1000 -> 0 | L72: =SUM(EY72:FJ72)/1000 -> 0 | M72: =SUM(FK72:FV72)/1000 -> 0 | N72: =SUM(FW72:GH72)/1000 -> 0 | O72: =SUM(GI72:GT72)/1000 -> 0 | P72: =SUM(GU72:HF72)/1000 -> 0 | Q72: =SUM(HG72:HR72)/1000 -> 0 | R72: =SUM(HS72:ID72)/1000 -> 0 | S72: =SUM(IE72:IP72)/1000 -> 0 | T72: =SUM(IQ72:JB72)/1000 -> 0 | U72: =SUM(JC72:JN72)/1000 -> 0 | V72: =SUM(JO72:JZ72)/1000 -> 0 | W72: =SUM(KA72:KL72)/1000 -> 0 | X72: =SUM(KM72:KX72)/1000 -> 0 | Y72: =SUM(KY72:LJ72)/1000 -> 0 | Z72: =SUM(LK72:LV72)/1000 -> 0 | AA72: =SUM(LW72:MH72)/1000 -> 0 | AB72: =SUM(MI72:MT72)/1000 -> 0 | AC72: =SUM(MU72:NF72)/1000 -> 0 | AD72: =SUM(NG72:NR72)/1000 -> 0 | AE72: =SUM(NS72:OD72)/1000 -> 0 | AF72: =SUM(OE72:OP72)/1000 -> 0
A74: Asia and Oceania | B74: =SUM(B75:B162) -> 277.385 | C74: =SUM(C75:C162) -> 342.705 | D74: =SUM(D75:D162) -> 398.072 | E74: =SUM(E75:E162) -> 418.145 | F74: =SUM(F75:F162) -> 389.116 | G74: =SUM(G75:G162) -> 451.357 | H74: =SUM(H75:H162) -> 559.107 | I74: =SUM(I75:I162) -> 583.289 | ... AF74: =SUM(AF75:AF162) -> 1169.4249 | AI74: =SUM(AI75:AI162) -> 23985 | AJ74: =SUM(AJ75:AJ162) -> 28933 | AK74: =SUM(AK75:AK162) -> 30404 | AL74: =SUM(AL75:AL162) -> 31420 | AM74: =SUM(AM75:AM162) -> 22992 | AN74: =SUM(AN75:AN162) -> 24681 | AO74: =SUM(AO75:AO162) -> 24320 | AP74: =SUM(AP75:AP162) -> 26238 | ... PO74: =SUM(PO75:PO162) -> 0
A75: Afghanistan | B75: =SUM(AI75:AT75)/1000 -> 0 | C75: =SUM(AU75:BF75)/1000 -> 0 | D75: =SUM(BG75:BR75)/1000 -> 0 | E75: =SUM(BS75:CD75)/1000 -> 0 | F75: =SUM(CE75:CP75)/1000 -> 0 | G75: =SUM(CQ75:DB75)/1000 -> 0 | H75: =SUM(DC75:DN75)/1000 -> 0 | I75: =SUM(DO75:DZ75)/1000 -> 0 | J75: =SUM(EA75:EL75)/1000 -> 0 | K75: =SUM(EM75:EX75)/1000 -> 0 | L75: =SUM(EY75:FJ75)/1000 -> 0 | M75: =SUM(FK75:FV75)/1000 -> 0 | N75: =SUM(FW75:GH75)/1000 -> 0 | O75: =SUM(GI75:GT75)/1000 -> 0 | P75: =SUM(GU75:HF75)/1000 -> 0 | Q75: =SUM(HG75:HR75)/1000 -> 0 | R75: =SUM(HS75:ID75)/1000 -> 0 | S75: =SUM(IE75:IP75)/1000 -> 0 | T75: =SUM(IQ75:JB75)/1000 -> 0.055 | U75: =SUM(JC75:JN75)/1000 -> 0.074 | V75: =SUM(JO75:JZ75)/1000 -> 0 | W75: =SUM(KA75:KL75)/1000 -> 0 | X75: =SUM(KM75:KX75)/1000 -> 0 | Y75: =SUM(KY75:LJ75)/1000 -> 0 | Z75: =SUM(LK75:LV75)/1000 -> 2.5316777 | AA75: =SUM(LW75:MH75)/1000 -> 0 | AB75: =SUM(MI75:MT75)/1000 -> 0 | AC75: =SUM(MU75:NF75)/1000 -> 0 | AD75: =SUM(NG75:NR75)/1000 -> 0 | AE75: =SUM(NS75:OD75)/1000 -> 0 | AF75: =SUM(OE75:OP75)/1000 -> 2.131649 | IQ75: 55 | JE75: 74 | LO75: 2531.6777 | OH75: 2131.649
A76: American Oceania | B76: =SUM(AI76:AT76)/1000 -> 0 | C76: =SUM(AU76:BF76)/1000 -> 0 | D76: =SUM(BG76:BR76)/1000 -> 0 | E76: =SUM(BS76:CD76)/1000 -> 0 | F76: =SUM(CE76:CP76)/1000 -> 0 | G76: =SUM(CQ76:DB76)/1000 -> 0 | H76: =SUM(DC76:DN76)/1000 -> 0 | I76: =SUM(DO76:DZ76)/1000 -> 0 | J76: =SUM(EA76:EL76)/1000 -> 0 | K76: =SUM(EM76:EX76)/1000 -> 0 | L76: =SUM(EY76:FJ76)/1000 -> 0 | M76: =SUM(FK76:FV76)/1000 -> 0 | N76: =SUM(FW76:GH76)/1000 -> 0 | O76: =SUM(GI76:GT76)/1000 -> 0 | P76: =SUM(GU76:HF76)/1000 -> 0 | Q76: =SUM(HG76:HR76)/1000 -> 0 | R76: =SUM(HS76:ID76)/1000 -> 0 | S76: =SUM(IE76:IP76)/1000 -> 0 | T76: =SUM(IQ76:JB76)/1000 -> 0 | U76: =SUM(JC76:JN76)/1000 -> 0 | V76: =SUM(JO76:JZ76)/1000 -> 0 | W76: =SUM(KA76:KL76)/1000 -> 0 | X76: =SUM(KM76:KX76)/1000 -> 0 | Y76: =SUM(KY76:LJ76)/1000 -> 0 | Z76: =SUM(LK76:LV76)/1000 -> 0 | AA76: =SUM(LW76:MH76)/1000 -> 0 | AB76: =SUM(MI76:MT76)/1000 -> 0 | AC76: =SUM(MU76:NF76)/1000 -> 0 | AD76: =SUM(NG76:NR76)/1000 -> 0 | AE76: =SUM(NS76:OD76)/1000 -> 0 | AF76: =SUM(OE76:OP76)/1000 -> 0
A77: American Samoa | B77: =SUM(AI77:AT77)/1000 -> 0 | C77: =SUM(AU77:BF77)/1000 -> 0 | D77: =SUM(BG77:BR77)/1000 -> 0 | E77: =SUM(BS77:CD77)/1000 -> 0 | F77: =SUM(CE77:CP77)/1000 -> 0 | G77: =SUM(CQ77:DB77)/1000 -> 0 | H77: =SUM(DC77:DN77)/1000 -> 0 | I77: =SUM(DO77:DZ77)/1000 -> 0 | J77: =SUM(EA77:EL77)/1000 -> 0 | K77: =SUM(EM77:EX77)/1000 -> 0 | L77: =SUM(EY77:FJ77)/1000 -> 0 | M77: =SUM(FK77:FV77)/1000 -> 0 | N77: =SUM(FW77:GH77)/1000 -> 0 | O77: =SUM(GI77:GT77)/1000 -> 0 | P77: =SUM(GU77:HF77)/1000 -> 0 | Q77: =SUM(HG77:HR77)/1000 -> 0 | R77: =SUM(HS77:ID77)/1000 -> 0 | S77: =SUM(IE77:IP77)/1000 -> 0 | T77: =SUM(IQ77:JB77)/1000 -> 0 | U77: =SUM(JC77:JN77)/1000 -> 0 | V77: =SUM(JO77:JZ77)/1000 -> 0 | W77: =SUM(KA77:KL77)/1000 -> 0 | X77: =SUM(KM77:KX77)/1000 -> 0 | Y77: =SUM(KY77:LJ77)/1000 -> 0 | Z77: =SUM(LK77:LV77)/1000 -> 0 | AA77: =SUM(LW77:MH77)/1000 -> 0 | AB77: =SUM(MI77:MT77)/1000 -> 0 | AC77: =SUM(MU77:NF77)/1000 -> 0 | AD77: =SUM(NG77:NR77)/1000 -> 0 | AE77: =SUM(NS77:OD77)/1000 -> 0 | AF77: =SUM(OE77:OP77)/1000 -> 0
A78: Antarctica | B78: =SUM(AI78:AT78)/1000 -> 0 | C78: =SUM(AU78:BF78)/1000 -> 0 | D78: =SUM(BG78:BR78)/1000 -> 0 | E78: =SUM(BS78:CD78)/1000 -> 0 | F78: =SUM(CE78:CP78)/1000 -> 0 | G78: =SUM(CQ78:DB78)/1000 -> 0 | H78: =SUM(DC78:DN78)/1000 -> 0 | I78: =SUM(DO78:DZ78)/1000 -> 0 | J78: =SUM(EA78:EL78)/1000 -> 0 | K78: =SUM(EM78:EX78)/1000 -> 0 | L78: =SUM(EY78:FJ78)/1000 -> 0 | M78: =SUM(FK78:FV78)/1000 -> 0 | N78: =SUM(FW78:GH78)/1000 -> 0 | O78: =SUM(GI78:GT78)/1000 -> 0 | P78: =SUM(GU78:HF78)/1000 -> 0 | Q78: =SUM(HG78:HR78)/1000 -> 0 | R78: =SUM(HS78:ID78)/1000 -> 0 | S78: =SUM(IE78:IP78)/1000 -> 0 | T78: =SUM(IQ78:JB78)/1000 -> 0 | U78: =SUM(JC78:JN78)/1000 -> 0 | V78: =SUM(JO78:JZ78)/1000 -> 0 | W78: =SUM(KA78:KL78)/1000 -> 0 | X78: =SUM(KM78:KX78)/1000 -> 0 | Y78: =SUM(KY78:LJ78)/1000 -> 0 | Z78: =SUM(LK78:LV78)/1000 -> 0 | AA78: =SUM(LW78:MH78)/1000 -> 0 | AB78: =SUM(MI78:MT78)/1000 -> 0 | AC78: =SUM(MU78:NF78)/1000 -> 0 | AD78: =SUM(NG78:NR78)/1000 -> 0 | AE78: =SUM(NS78:OD78)/1000 -> 0 | AF78: =SUM(OE78:OP78)/1000 -> 0
A79: Australia | B79: =SUM(AI79:AT79)/1000 -> 1.042 | C79: =SUM(AU79:BF79)/1000 -> 4.15 | D79: =SUM(BG79:BR79)/1000 -> 2.452 | E79: =SUM(BS79:CD79)/1000 -> 2.505 | F79: =SUM(CE79:CP79)/1000 -> 1.334 | G79: =SUM(CQ79:DB79)/1000 -> 1.189 | H79: =SUM(DC79:DN79)/1000 -> 0.325 | I79: =SUM(DO79:DZ79)/1000 -> 0 | J79: =SUM(EA79:EL79)/1000 -> 0.135 | K79: =SUM(EM79:EX79)/1000 -> 2.258 | L79: =SUM(EY79:FJ79)/1000 -> 0.301 | M79: =SUM(FK79:FV79)/1000 -> 0 | N79: =SUM(FW79:GH79)/1000 -> 0 | O79: =SUM(GI79:GT79)/1000 -> 0 | P79: =SUM(GU79:HF79)/1000 -> 0 | Q79: =SUM(HG79:HR79)/1000 -> 0 | R79: =SUM(HS79:ID79)/1000 -> 0 | S79: =SUM(IE79:IP79)/1000 -> 0 | T79: =SUM(IQ79:JB79)/1000 -> 0 | U79: =SUM(JC79:JN79)/1000 -> 0 | V79: =SUM(JO79:JZ79)/1000 -> 0 | W79: =SUM(KA79:KL79)/1000 -> 0 | X79: =SUM(KM79:KX79)/1000 -> 0 | Y79: =SUM(KY79:LJ79)/1000 -> 0 | Z79: =SUM(LK79:LV79)/1000 -> 0 | AA79: =SUM(LW79:MH79)/1000 -> 0 | AB79: =SUM(MI79:MT79)/1000 -> 0 | AC79: =SUM(MU79:NF79)/1000 -> 0 | AD79: =SUM(NG79:NR79)/1000 -> 0 | AE79: =SUM(NS79:OD79)/1000 -> 0 | AF79: =SUM(OE79:OP79)/1000 -> 0 | AL79: 931 | AN79: 104 | AR79: 7 | AU79: 595 | AW79: 1293 | AX79: 296 | AY79: 985 | BB79: 158 | BE79: 274 | BF79: 549 | BH79: 761 | BJ79: 232 | BL79: 482 | BN79: 272 | BP79: 304 | BQ79: 401 | BT79: 882 | BX79: 806 | CB79: 404 | CC79: 413 | CF79: 1091 | CM79: 243 | CS79: 852 | DA79: 337 | DD79: 325 | EK79: 135 | EP79: 279 | ET79: 949 | EV79: 1030 | FA79: 301
A80: Australian Oceania | B80: =SUM(AI80:AT80)/1000 -> 0 | C80: =SUM(AU80:BF80)/1000 -> 0 | D80: =SUM(BG80:BR80)/1000 -> 0 | E80: =SUM(BS80:CD80)/1000 -> 0 | F80: =SUM(CE80:CP80)/1000 -> 0 | G80: =SUM(CQ80:DB80)/1000 -> 0 | H80: =SUM(DC80:DN80)/1000 -> 0 | I80: =SUM(DO80:DZ80)/1000 -> 0 | J80: =SUM(EA80:EL80)/1000 -> 0 | K80: =SUM(EM80:EX80)/1000 -> 0 | L80: =SUM(EY80:FJ80)/1000 -> 0 | M80: =SUM(FK80:FV80)/1000 -> 0 | N80: =SUM(FW80:GH80)/1000 -> 0 | O80: =SUM(GI80:GT80)/1000 -> 0 | P80: =SUM(GU80:HF80)/1000 -> 0 | Q80: =SUM(HG80:HR80)/1000 -> 0 | R80: =SUM(HS80:ID80)/1000 -> 0 | S80: =SUM(IE80:IP80)/1000 -> 0 | T80: =SUM(IQ80:JB80)/1000 -> 0 | U80: =SUM(JC80:JN80)/1000 -> 0 | V80: =SUM(JO80:JZ80)/1000 -> 0 | W80: =SUM(KA80:KL80)/1000 -> 0 | X80: =SUM(KM80:KX80)/1000 -> 0 | Y80: =SUM(KY80:LJ80)/1000 -> 0 | Z80: =SUM(LK80:LV80)/1000 -> 0 | AA80: =SUM(LW80:MH80)/1000 -> 0 | AB80: =SUM(MI80:MT80)/1000 -> 0 | AC80: =SUM(MU80:NF80)/1000 -> 0 | AD80: =SUM(NG80:NR80)/1000 -> 0 | AE80: =SUM(NS80:OD80)/1000 -> 0 | AF80: =SUM(OE80:OP80)/1000 -> 0
A81: Bahrain | B81: =SUM(AI81:AT81)/1000 -> 0 | C81: =SUM(AU81:BF81)/1000 -> 0 | D81: =SUM(BG81:BR81)/1000 -> 0 | E81: =SUM(BS81:CD81)/1000 -> 0 | F81: =SUM(CE81:CP81)/1000 -> 0 | G81: =SUM(CQ81:DB81)/1000 -> 0 | H81: =SUM(DC81:DN81)/1000 -> 0 | I81: =SUM(DO81:DZ81)/1000 -> 0 | J81: =SUM(EA81:EL81)/1000 -> 0 | K81: =SUM(EM81:EX81)/1000 -> 0 | L81: =SUM(EY81:FJ81)/1000 -> 0 | M81: =SUM(FK81:FV81)/1000 -> 0 | N81: =SUM(FW81:GH81)/1000 -> 0 | O81: =SUM(GI81:GT81)/1000 -> 0 | P81: =SUM(GU81:HF81)/1000 -> 0 | Q81: =SUM(HG81:HR81)/1000 -> 0 | R81: =SUM(HS81:ID81)/1000 -> 0 | S81: =SUM(IE81:IP81)/1000 -> 0 | T81: =SUM(IQ81:JB81)/1000 -> 0 | U81: =SUM(JC81:JN81)/1000 -> 0 | V81: =SUM(JO81:JZ81)/1000 -> 0 | W81: =SUM(KA81:KL81)/1000 -> 0 | X81: =SUM(KM81:KX81)/1000 -> 0 | Y81: =SUM(KY81:LJ81)/1000 -> 0 | Z81: =SUM(LK81:LV81)/1000 -> 0 | AA81: =SUM(LW81:MH81)/1000 -> 0 | AB81: =SUM(MI81:MT81)/1000 -> 0 | AC81: =SUM(MU81:NF81)/1000 -> 0 | AD81: =SUM(NG81:NR81)/1000 -> 0 | AE81: =SUM(NS81:OD81)/1000 -> 0 | AF81: =SUM(OE81:OP81)/1000 -> 0
A82: Bangladesh | B82: =SUM(AI82:AT82)/1000 -> 0 | C82: =SUM(AU82:BF82)/1000 -> 0 | D82: =SUM(BG82:BR82)/1000 -> 0 | E82: =SUM(BS82:CD82)/1000 -> 0 | F82: =SUM(CE82:CP82)/1000 -> 0 | G82: =SUM(CQ82:DB82)/1000 -> 0 | H82: =SUM(DC82:DN82)/1000 -> 0 | I82: =SUM(DO82:DZ82)/1000 -> 0 | J82: =SUM(EA82:EL82)/1000 -> 0 | K82: =SUM(EM82:EX82)/1000 -> 0 | L82: =SUM(EY82:FJ82)/1000 -> 0 | M82: =SUM(FK82:FV82)/1000 -> 0 | N82: =SUM(FW82:GH82)/1000 -> 0.022 | O82: =SUM(GI82:GT82)/1000 -> 0 | P82: =SUM(GU82:HF82)/1000 -> 0 | Q82: =SUM(HG82:HR82)/1000 -> 0 | R82: =SUM(HS82:ID82)/1000 -> 0.009 | S82: =SUM(IE82:IP82)/1000 -> 1.819 | T82: =SUM(IQ82:JB82)/1000 -> 0.018 | U82: =SUM(JC82:JN82)/1000 -> 2.04 | V82: =SUM(JO82:JZ82)/1000 -> 6.046 | W82: =SUM(KA82:KL82)/1000 -> 20.051 | X82: =SUM(KM82:KX82)/1000 -> 20.259 | Y82: =SUM(KY82:LJ82)/1000 -> 38.477 | Z82: =SUM(LK82:LV82)/1000 -> 36.657822 | AA82: =SUM(LW82:MH82)/1000 -> 32.261189 | AB82: =SUM(MI82:MT82)/1000 -> 59.617903 | AC82: =SUM(MU82:NF82)/1000 -> 33.307356 | AD82: =SUM(NG82:NR82)/1000 -> 30.529642 | AE82: =SUM(NS82:OD82)/1000 -> 8.6083875 | AF82: =SUM(OE82:OP82)/1000 -> 26.051798 | FY82: 22 | HU82: 1 | HV82: 4 | HY82: 4 | II82: 1819 | IV82: 18 | JG82: 37 | JH82: 2003 | JQ82: 2021 | JR82: 60 | JS82: 37 | JT82: 1907 | JU82: 2021 | KC82: 1955 | KD82: 4172 | KE82: 28 | KF82: 4054 | KG82: 3948 | KI82: 1941 | KK82: 1989 | KL82: 1964 | KN82: 4103 | KO82: 1956 | KP82: 2033 | KQ82: 7 | KS82: 4076 | KT82: 1965 | KU82: 1844 | KV82: 3995 | KW82: 85 | KX82: 195 | KY82: 4051 | KZ82: 54 | LA82: 18 | LB82: 4021 | LC82: 4169 | LD82: 2041 | LE82: 4227 | LF82: 4152 | LG82: 2673 | LH82: 4174 | LI82: 6215 | LJ82: 2682 | LK82: 4039 | LL82: 2110 | LM82: 11 | LN82: 1940.7655 | LO82: 40.454814 | LP82: 6442.2729 | LQ82: 2098.1755 | LR82: 2056.2142 | LS82: 4219.4995 | LT82: 4021.598 | LU82: 7403.6351 | LV82: 2275.2066 | LW82: 48.611915 | LX82: 6417.2137 | LY82: 2310.9583 | LZ82: 6399.3563 | MA82: 4245.1466 | MB82: 6566.9443 | MC82: 18.004413 | MD82: 36.008826 | ME82: 56.658785 | MF82: 2142.0475 | MG82: 1956.4551 | MH82: 2063.7834 | MI82: 6509.4771 | MJ82: 4332.0455 | MK82: 2271.1281 | ML82: 12501.676 | MM82: 10207.069 | MN82: 7227.596 | MO82: 3980.1511 | MP82: 2048.4613 | MR82: 6346.8495 | MS82: 4176.3624 | MT82: 17.08582 | MU82: 1942.125 | MV82: 5789.4109 | MW82: 1995.2197 | MX82: 6206.6723 | MY82: 5877.1916 | MZ82: 6254.0717 | NA82: 2119.891 | NB82: 16.203972 | NE82: 2187.9771 | NF82: 918.5925 | NH82: 4234.1235 | NI82: 2099.7187 | NJ82: 5258.9788 | NK82: 6382.1602 | NL82: 2073.8879 | NN82: 4155.9697 | NP82: 2120.9933 | NQ82: 2093.0681 | NR82: 2110.7418 | NV82: 4318.7443 | NW82: 4220.3814 | NY82: 37.772524 | OC82: 31.489351 | OE82: 36.853931 | OF82: 4176.2522 | OG82: 6837.9658 | OH82: 4632.9396 | OI82: 4270.8305 | OJ82: 2214.0651 | OK82: 2168.0988 | OL82: 1668.9356 | OO82: 45.856138 | OQ82: 2057.9779
A83: Bhutan | B83: =SUM(AI83:AT83)/1000 -> 0 | C83: =SUM(AU83:BF83)/1000 -> 0 | D83: =SUM(BG83:BR83)/1000 -> 0 | E83: =SUM(BS83:CD83)/1000 -> 0 | F83: =SUM(CE83:CP83)/1000 -> 0 | G83: =SUM(CQ83:DB83)/1000 -> 0 | H83: =SUM(DC83:DN83)/1000 -> 0 | I83: =SUM(DO83:DZ83)/1000 -> 0 | J83: =SUM(EA83:EL83)/1000 -> 0 | K83: =SUM(EM83:EX83)/1000 -> 0 | L83: =SUM(EY83:FJ83)/1000 -> 0 | M83: =SUM(FK83:FV83)/1000 -> 0 | N83: =SUM(FW83:GH83)/1000 -> 0 | O83: =SUM(GI83:GT83)/1000 -> 0 | P83: =SUM(GU83:HF83)/1000 -> 0 | Q83: =SUM(HG83:HR83)/1000 -> 0 | R83: =SUM(HS83:ID83)/1000 -> 0 | S83: =SUM(IE83:IP83)/1000 -> 0 | T83: =SUM(IQ83:JB83)/1000 -> 0 | U83: =SUM(JC83:JN83)/1000 -> 0 | V83: =SUM(JO83:JZ83)/1000 -> 0 | W83: =SUM(KA83:KL83)/1000 -> 0 | X83: =SUM(KM83:KX83)/1000 -> 0 | Y83: =SUM(KY83:LJ83)/1000 -> 0 | Z83: =SUM(LK83:LV83)/1000 -> 0 | AA83: =SUM(LW83:MH83)/1000 -> 0 | AB83: =SUM(MI83:MT83)/1000 -> 0 | AC83: =SUM(MU83:NF83)/1000 -> 0 | AD83: =SUM(NG83:NR83)/1000 -> 0 | AE83: =SUM(NS83:OD83)/1000 -> 0 | AF83: =SUM(OE83:OP83)/1000 -> 0
A84: Bouvet Island | B84: =SUM(AI84:AT84)/1000 -> 0 | C84: =SUM(AU84:BF84)/1000 -> 0 | D84: =SUM(BG84:BR84)/1000 -> 0 | E84: =SUM(BS84:CD84)/1000 -> 0 | F84: =SUM(CE84:CP84)/1000 -> 0 | G84: =SUM(CQ84:DB84)/1000 -> 0 | H84: =SUM(DC84:DN84)/1000 -> 0 | I84: =SUM(DO84:DZ84)/1000 -> 0 | J84: =SUM(EA84:EL84)/1000 -> 0 | K84: =SUM(EM84:EX84)/1000 -> 0 | L84: =SUM(EY84:FJ84)/1000 -> 0 | M84: =SUM(FK84:FV84)/1000 -> 0 | N84: =SUM(FW84:GH84)/1000 -> 0 | O84: =SUM(GI84:GT84)/1000 -> 0 | P84: =SUM(GU84:HF84)/1000 -> 0 | Q84: =SUM(HG84:HR84)/1000 -> 0 | R84: =SUM(HS84:ID84)/1000 -> 0 | S84: =SUM(IE84:IP84)/1000 -> 0 | T84: =SUM(IQ84:JB84)/1000 -> 0 | U84: =SUM(JC84:JN84)/1000 -> 0 | V84: =SUM(JO84:JZ84)/1000 -> 0 | W84: =SUM(KA84:KL84)/1000 -> 0 | X84: =SUM(KM84:KX84)/1000 -> 0 | Y84: =SUM(KY84:LJ84)/1000 -> 0 | Z84: =SUM(LK84:LV84)/1000 -> 0 | AA84: =SUM(LW84:MH84)/1000 -> 0 | AB84: =SUM(MI84:MT84)/1000 -> 0 | AC84: =SUM(MU84:NF84)/1000 -> 0 | AD84: =SUM(NG84:NR84)/1000 -> 0 | AE84: =SUM(NS84:OD84)/1000 -> 0 | AF84: =SUM(OE84:OP84)/1000 -> 0
A85: Brunei | B85: =SUM(AI85:AT85)/1000 -> 0 | C85: =SUM(AU85:BF85)/1000 -> 0 | D85: =SUM(BG85:BR85)/1000 -> 0 | E85: =SUM(BS85:CD85)/1000 -> 0 | F85: =SUM(CE85:CP85)/1000 -> 0 | G85: =SUM(CQ85:DB85)/1000 -> 0 | H85: =SUM(DC85:DN85)/1000 -> 0 | I85: =SUM(DO85:DZ85)/1000 -> 0 | J85: =SUM(EA85:EL85)/1000 -> 0 | K85: =SUM(EM85:EX85)/1000 -> 0 | L85: =SUM(EY85:FJ85)/1000 -> 0 | M85: =SUM(FK85:FV85)/1000 -> 0 | N85: =SUM(FW85:GH85)/1000 -> 0 | O85: =SUM(GI85:GT85)/1000 -> 0 | P85: =SUM(GU85:HF85)/1000 -> 0 | Q85: =SUM(HG85:HR85)/1000 -> 0 | R85: =SUM(HS85:ID85)/1000 -> 0 | S85: =SUM(IE85:IP85)/1000 -> 0 | T85: =SUM(IQ85:JB85)/1000 -> 0 | U85: =SUM(JC85:JN85)/1000 -> 0 | V85: =SUM(JO85:JZ85)/1000 -> 0 | W85: =SUM(KA85:KL85)/1000 -> 0 | X85: =SUM(KM85:KX85)/1000 -> 0 | Y85: =SUM(KY85:LJ85)/1000 -> 0 | Z85: =SUM(LK85:LV85)/1000 -> 0 | AA85: =SUM(LW85:MH85)/1000 -> 0 | AB85: =SUM(MI85:MT85)/1000 -> 0 | AC85: =SUM(MU85:NF85)/1000 -> 0 | AD85: =SUM(NG85:NR85)/1000 -> 0 | AE85: =SUM(NS85:OD85)/1000 -> 0 | AF85: =SUM(OE85:OP85)/1000 -> 0
A86: Burma (Myanmar) | B86: =SUM(AI86:AT86)/1000 -> 0 | C86: =SUM(AU86:BF86)/1000 -> 0 | D86: =SUM(BG86:BR86)/1000 -> 0 | E86: =SUM(BS86:CD86)/1000 -> 0 | F86: =SUM(CE86:CP86)/1000 -> 0 | G86: =SUM(CQ86:DB86)/1000 -> 0 | H86: =SUM(DC86:DN86)/1000 -> 0 | I86: =SUM(DO86:DZ86)/1000 -> 0 | J86: =SUM(EA86:EL86)/1000 -> 0 | K86: =SUM(EM86:EX86)/1000 -> 0 | L86: =SUM(EY86:FJ86)/1000 -> 0 | M86: =SUM(FK86:FV86)/1000 -> 0 | N86: =SUM(FW86:GH86)/1000 -> 0 | O86: =SUM(GI86:GT86)/1000 -> 0 | P86: =SUM(GU86:HF86)/1000 -> 0 | Q86: =SUM(HG86:HR86)/1000 -> 0 | R86: =SUM(HS86:ID86)/1000 -> 0 | S86: =SUM(IE86:IP86)/1000 -> 0 | T86: =SUM(IQ86:JB86)/1000 -> 0 | U86: =SUM(JC86:JN86)/1000 -> 0 | V86: =SUM(JO86:JZ86)/1000 -> 0 | W86: =SUM(KA86:KL86)/1000 -> 0 | X86: =SUM(KM86:KX86)/1000 -> 0 | Y86: =SUM(KY86:LJ86)/1000 -> 0 | Z86: =SUM(LK86:LV86)/1000 -> 0.43725003 | AA86: =SUM(LW86:MH86)/1000 -> 0.89243099 | AB86: =SUM(MI86:MT86)/1000 -> 0.76651033 | AC86: =SUM(MU86:NF86)/1000 -> 0.59366796 | AD86: =SUM(NG86:NR86)/1000 -> 0.24118565 | AE86: =SUM(NS86:OD86)/1000 -> 0.33381651 | AF86: =SUM(OE86:OP86)/1000 -> 0.066616328 | LO86: 98.105679 | LQ86: 79.182673 | LR86: 17.08582 | LT86: 98.032192 | LU86: 84.583997 | LV86: 60.259668 | LW86: 18.004413 | LX86: 61.215004 | LY86: 98.91404 | LZ86: 81.82822 | MA86: 44.09244 | MB86: 58.459227 | MC86: 69.261874 | MD86: 123.27511 | ME86: 122.31978 | MF86: 34.171641 | MH86: 180.88924 | MI86: 55.776937 | MJ86: 36.008826 | MK86: 40.491557 | ML86: 71.944165 | MM86: 50.375613 | MN86: 69.298618 | MO86: 62.978702 | MP86: 65.697736 | MQ86: 144.84367 | MR86: 34.171641 | MS86: 70.180467 | MT86: 64.742399 | MU86: 128.60295 | MV86: 12.603089 | MW86: 121.43793 | MX86: 142.12463 | MY86: 144.80692 | MZ86: 9.0022065 | NE86: 35.090233 | NG86: 14.40353 | NH86: 5.4013239 | NL86: 9.0022065 | NM86: 18.004413 | NN86: 22.487144 | NO86: 124.19371 | NP86: 47.693323 | NU86: 30.607502 | NV86: 21.568552 | NW86: 26.969876 | NX86: 68.416769 | NY86: 104.4256 | NZ86: 17.08582 | OB86: 30.570758 | OC86: 34.171641 | OG86: 36.008826 | OH86: 14.40353 | OJ86: 16.203972
A87: Cambodia (Kampuchea) | B87: =SUM(AI87:AT87)/1000 -> 0 | C87: =SUM(AU87:BF87)/1000 -> 0 | D87: =SUM(BG87:BR87)/1000 -> 0 | E87: =SUM(BS87:CD87)/1000 -> 0 | F87: =SUM(CE87:CP87)/1000 -> 0 | G87: =SUM(CQ87:DB87)/1000 -> 0 | H87: =SUM(DC87:DN87)/1000 -> 0 | I87: =SUM(DO87:DZ87)/1000 -> 0 | J87: =SUM(EA87:EL87)/1000 -> 0.008 | K87: =SUM(EM87:EX87)/1000 -> 0 | L87: =SUM(EY87:FJ87)/1000 -> 0 | M87: =SUM(FK87:FV87)/1000 -> 0 | N87: =SUM(FW87:GH87)/1000 -> 0 | O87: =SUM(GI87:GT87)/1000 -> 0 | P87: =SUM(GU87:HF87)/1000 -> 0 | Q87: =SUM(HG87:HR87)/1000 -> 0 | R87: =SUM(HS87:ID87)/1000 -> 0 | S87: =SUM(IE87:IP87)/1000 -> 0 | T87: =SUM(IQ87:JB87)/1000 -> 0 | U87: =SUM(JC87:JN87)/1000 -> 0 | V87: =SUM(JO87:JZ87)/1000 -> 0 | W87: =SUM(KA87:KL87)/1000 -> 0 | X87: =SUM(KM87:KX87)/1000 -> 0.046 | Y87: =SUM(KY87:LJ87)/1000 -> 0.036 | Z87: =SUM(LK87:LV87)/1000 -> 0.034171641 | AA87: =SUM(LW87:MH87)/1000 -> 0.031489351 | AB87: =SUM(MI87:MT87)/1000 -> 0.22494493 | AC87: =SUM(MU87:NF87)/1000 -> 0.24732184 | AD87: =SUM(NG87:NR87)/1000 -> 0.19690949 | AE87: =SUM(NS87:OD87)/1000 -> 0.25731613 | AF87: =SUM(OE87:OP87)/1000 -> 0.35527484 | EL87: 8 | KN87: 28 | KP87: 18 | LB87: 18 | LC87: 18 | LR87: 17.08582 | LT87: 17.08582 | ME87: 12.603089 | MG87: 9.8840553 | MH87: 9.0022065 | MO87: 44.974289 | MP87: 52.176054 | MQ87: 75.581791 | MS87: 21.605296 | MT87: 30.607502 | MU87: 45.892881 | MV87: 20.686703 | MX87: 44.974289 | MY87: 43.137104 | MZ87: 67.461433 | NA87: 3.6008826 | NB87: 4.4827314 | NC87: 17.08582 | NG87: 23.368993 | NH87: 9.0022065 | NI87: 25.169434 | NJ87: 18.886262 | NK87: 61.17826 | NL87: 2.6822901 | NO87: 17.967669 | NP87: 2.6822901 | NQ87: 15.285379 | NR87: 20.686703 | NS87: 25.206178 | NT87: 19.804854 | NU87: 14.40353 | NV87: 28.770317 | NW87: 43.173847 | NX87: 52.176054 | NY87: 56.695529 | NZ87: 7.2017652 | OC87: 9.8840553 | OE87: 9.0022065 | OF87: 1.8004413 | OG87: 18.004413 | OH87: 106.99765 | OI87: 49.493764 | OJ87: 38.691116 | OK87: 37.772524 | OM87: 8.083614 | ON87: 17.08582 | OO87: 28.770317 | OP87: 39.572965 | OQ87: 33.289792
A88: China | B88: =SUM(AI88:AT88)/1000 -> 1.213 | C88: =SUM(AU88:BF88)/1000 -> 0 | D88: =SUM(BG88:BR88)/1000 -> 15.536 | E88: =SUM(BS88:CD88)/1000 -> 59.21 | F88: =SUM(CE88:CP88)/1000 -> 70.18 | G88: =SUM(CQ88:DB88)/1000 -> 80.297 | H88: =SUM(DC88:DN88)/1000 -> 189.554 | I88: =SUM(DO88:DZ88)/1000 -> 209.247 | J88: =SUM(EA88:EL88)/1000 -> 167.879 | K88: =SUM(EM88:EX88)/1000 -> 280.211 | L88: =SUM(EY88:FJ88)/1000 -> 302.356 | M88: =SUM(FK88:FV88)/1000 -> 433.425 | N88: =SUM(FW88:GH88)/1000 -> 356.208 | O88: =SUM(GI88:GT88)/1000 -> 420.925 | P88: =SUM(GU88:HF88)/1000 -> 497.421 | Q88: =SUM(HG88:HR88)/1000 -> 686.754 | R88: =SUM(HS88:ID88)/1000 -> 822.659 | S88: =SUM(IE88:IP88)/1000 -> 903.409 | T88: =SUM(IQ88:JB88)/1000 -> 864.306 | U88: =SUM(JC88:JN88)/1000 -> 782.778 | V88: =SUM(JO88:JZ88)/1000 -> 996.945 | W88: =SUM(KA88:KL88)/1000 -> 1083.504 | X88: =SUM(KM88:KX88)/1000 -> 1106.81 | Y88: =SUM(KY88:LJ88)/1000 -> 1319.468 | Z88: =SUM(LK88:LV88)/1000 -> 1022.4813 | AA88: =SUM(LW88:MH88)/1000 -> 491.38559 | AB88: =SUM(MI88:MT88)/1000 -> 582.56115 | AC88: =SUM(MU88:NF88)/1000 -> 1295.3341 | AD88: =SUM(NG88:NR88)/1000 -> 1007.1266 | AE88: =SUM(NS88:OD88)/1000 -> 1013.8929 | AF88: =SUM(OE88:OP88)/1000 -> 878.41113 | AO88: 1213 | BH88: 2920 | BJ88: 1929 | BL88: 1838 | BN88: 1010 | BP88: 1984 | BQ88: 1868 | BR88: 3987 | BT88: 4051 | BU88: 30773 | BV88: 11343 | BW88: 4113 | BX88: 1212 | BZ88: 1929 | CA88: 2583 | CC88: 2122 | CD88: 1084 | CE88: 3178 | CF88: 28640 | CG88: 23471 | CH88: 2889 | CI88: 1920 | CJ88: 4010 | CK88: 3841 | CL88: 668 | CO88: 1563 | CQ88: 3287 | CR88: 36308 | CS88: 11405 | CU88: 1212 | CV88: 6935 | CW88: 2867 | CX88: 2760 | CY88: 4143 | DB88: 11380 | DC88: 18469 | DD88: 10560 | DE88: 16027 | DF88: 9913 | DG88: 10180 | DH88: 11707 | DI88: 44139 | DJ88: 9143 | DK88: 3537 | DL88: 16487 | DM88: 18671 | DN88: 20721 | DO88: 8447 | DP88: 29424 | DQ88: 20763 | DR88: 17464 | DS88: 25382 | DT88: 38075 | DU88: 60227 | DV88: 9465 | EB88: 34141 | EC88: 29921 | ED88: 22435 | EE88: 38418 | EF88: 29822 | EI88: 2881 | EJ88: 4956 | EK88: 3794 | EL88: 1511 | EM88: 2046 | EN88: 44040 | EO88: 40994 | EP88: 12960 | EQ88: 60212 | ER88: 68459 | ES88: 34261 | ET88: 10791 | EU88: 2331 | EW88: 2194 | EX88: 1923 | EY88: 4668 | EZ88: 56689 | FA88: 95027 | FB88: 55327 | FC88: 47906 | FD88: 28037 | FE88: 14701 | FH88: 1 | FK88: 31425 | FL88: 83761 | FM88: 82371 | FN88: 57334 | FO88: 54138 | FP88: 57137 | FQ88: 38156 | FR88: 23931 | FS88: 3011 | FU88: 2161 | FW88: 6368 | FX88: 71389 | FY88: 63305 | FZ88: 41108 | GA88: 38218 | GB88: 62441 | GC88: 50432 | GD88: 7702 | GE88: 2013 | GG88: 4423 | GH88: 8809 | GI88: 16876 | GJ88: 85497 | GK88: 53241 | GL88: 53096 | GM88: 60809 | GN88: 55652 | GO88: 42523 | GP88: 23093 | GQ88: 6841 | GR88: 6841 | GS88: 2607 | GT88: 13849 | GU88: 18335 | GV88: 56494 | GW88: 64189 | GX88: 79356 | GY88: 65888 | GZ88: 61462 | HA88: 55868 | HB88: 26610 | HC88: 19708 | HD88: 20891 | HE88: 23085 | HF88: 5535 | HG88: 7081 | HH88: 87631 | HI88: 116477 | HJ88: 105399 | HK88: 92585 | HL88: 110933 | HM88: 54481 | HN88: 39037 | HO88: 15741 | HP88: 21308 | HQ88: 17164 | HR88: 18917 | HS88: 23502 | HT88: 130630 | HU88: 190206 | HV88: 149143 | HW88: 128642 | HX88: 91051 | HY88: 59525 | HZ88: 17781 | IA88: 62 | IB88: 4803 | IC88: 9533 | ID88: 17781 | IE88: 31640 | IF88: 207802 | IG88: 191344 | IH88: 126369 | II88: 106816 | IJ88: 114570 | IK88: 75089 | IL88: 24974 | IM88: 4731 | IN88: 4773 | IO88: 2425 | IP88: 12876 | IQ88: 24183 | IR88: 138525 | IS88: 147449 | IT88: 107207 | IU88: 125031 | IV88: 101046 | IW88: 69639 | IX88: 27125 | IY88: 27538 | IZ88: 20962 | JA88: 33233 | JB88: 42368 | JC88: 52909 | JD88: 181682 | JE88: 184588 | JF88: 124626 | JG88: 110516 | JH88: 92274 | JI88: 29048 | JJ88: 5417 | JK88: 1614 | JL88: 0 | JM88: 0 | JN88: 104 | JO88: 30842 | JP88: 208171 | JQ88: 245809 | JR88: 161204 | JS88: 162891 | JT88: 122555 | JU88: 60611 | JV88: 4800 | JW88: 18 | JX88: 28 | JZ88: 16 | KA88: 43423 | KB88: 255906 | KC88: 290007 | KD88: 195636 | KE88: 166370 | KF88: 86770 | KG88: 36699 | KH88: 8409 | KI88: 13 | KJ88: 34 | KK88: 195 | KL88: 42 | KM88: 37099 | KN88: 268140 | KO88: 235210 | KP88: 150868 | KQ88: 131928 | KR88: 122066 | KS88: 42439 | KT88: 165 | KU88: 160 | KV88: 2702 | KW88: 38984 | KX88: 77049 | KY88: 91570 | KZ88: 333748 | LA88: 292523 | LB88: 199722 | LC88: 141418 | LD88: 95422 | LE88: 42296 | LF88: 28296 | LG88: 13593 | LH88: 12937 | LI88: 17667 | LJ88: 50276 | LK88: 98277 | LL88: 262636 | LM88: 232576 | LN88: 141486.98 | LO88: 114249.83 | LP88: 78316.551 | LQ88: 36489.47 | LR88: 14867.42 | LS88: 24330.355 | LT88: 10118.002 | LU88: 4393.7749 | LV88: 4739.8638 | LW88: 2460.1377 | LX88: 9993.2208 | LY88: 1557.8594 | LZ88: 931.34256 | MA88: 48038.934 | MB88: 75112.794 | MC88: 53263.374 | MD88: 24288.651 | ME88: 42228.101 | MF88: 63709.461 | MG88: 71293.838 | MH88: 98507.876 | MI88: 35586.163 | MJ88: 54914.415 | MK88: 158890.56 | ML88: 91741.56 | MM88: 78828.097 | MN88: 19812.166 | MO88: 7801.3489 | MP88: 13401.052 | MQ88: 6202.2998 | MR88: 10475.225 | MS88: 16356.642 | MT88: 88551.619 | MU88: 168971.09 | MV88: 306090.2 | MW88: 286894.15 | MX88: 250127.41 | MY88: 204823.24 | MZ88: 48585.423 | NA88: 14876.312 | NB88: 1390.0142 | NC88: 1220.9932 | ND88: 495.81949 | NE88: 1240.3203 | NF88: 10619.113 | NG88: 31269.697 | NH88: 233329.11 | NI88: 214456.33 | NJ88: 142890.52 | NK88: 140094.1 | NL88: 57630.179 | NM88: 49894.307 | NN88: 48349.087 | NO88: 16991.463 | NP88: 11146.348 | NQ88: 17204.429 | NR88: 43871.022 | NS88: 15527.263 | NT88: 228961.16 | NU88: 194989.56 | NV88: 190689.26 | NW88: 170024.12 | NX88: 115233.35 | NY88: 50724.972 | NZ88: 35286.629 | OA88: 933.03277 | OB88: 1087.7605 | OC88: 753.98072 | OD88: 9681.818 | OE88: 44336.675 | OF88: 275238.2 | OG88: 135574.63 | OH88: 72207.764 | OI88: 116387.21 | OJ88: 123885.87 | OK88: 70003.546 | OL88: 21802.609 | OM88: 3235.9442 | ON88: 678.47242 | OO88: 1026.619 | OP88: 14033.595 | OQ88: 36906.107
