Workbook

Sheet Oilseed Template
A1: US SOYBEAN COMPLEX
A2: US SOYBEAN SUPPLY AND DEMAND
B3: 1990/91 | C3: 1991/92 | D3: 1992/93 | E3: 1993/94 | F3: 1994/95 | G3: 1995/96 | H3: 1996/97 | I3: 1997/98 | J3: 1998/99 | K3: 1999/00 | L3: 2000/01 | M3: 2001/02 | N3: 2002/03 | O3: 2003/04 | P3: 2004/05 | Q3: 2005/06 | R3: 2006/07 | S3: 2007/08 | T3: 2008/09 | U3: 2009/10 | V3: 2010/11 | W3: 2011/12 | X3: 2012/13 | Y3: 2013/14 | Z3: 2014/15 | AA3: 2015/16 | AB3: 2016/17 | AC3: 2017/18 | AD3: 2018/19 | AE3: 2019/20 | AF3: 2020/21 | AG3: 2021/22 | AH3: 2022/23 | AI3: 2023/24 | AJ3: 2024/25 | AK3: 2025/26 | AL3: 2026/27 | AM3: 2027/28 | AN3: 2028/29 | AO3: 2029/30 | AP3: 2030/31 | AQ3: 2031/32 | AR3: 2032/33 | AS3: 2033/34 | AT3: 2034/35 | AU3: 2035/36 | AV3: 2036/37 | AW3: 2037/38 | AX3: 2038/39 | AY3: 2039/40 | AZ3: 2040/41 | BA3: 2041/42 | BB3: 2042/43 | BC3: 2043/44 | BD3: 2044/45 | BE3: 2045/46
A4: Planted Area (million acres)
A5: Harvested Area
A6: Harvested/Planted Area
A7: Average US Soybean Yield (bushels per acre)
A8: Beginning Stocks (million bushels)
A9: Production
A10: Imports
A11: Total Supply
A12: Crush
A13: Seed
A14: Residual
A15: Exports
... A23: US SOYBEAN IMPORTS
A24: million bushels | B24: =B3 -> 1990/91 | H24: =H3 -> 1996/97 | I24: =I3 -> 1997/98 | J24: =J3 -> 1998/99 | K24: =K3 -> 1999/00 | L24: =L3 -> 2000/01 | M24: =M3 -> 2001/02 | N24: =N3 -> 2002/03 | O24: =O3 -> 2003/04 | ... BE24: =BE3 -> 2045/46
A25: Sep
A26: Oct
A27: Nov
A28: Dec
A29: Jan
A30: Feb
A31: Mar
A32: Apr
A33: May
A34: Jun
A35: Jul
A36: Aug
... A39: US SOYBEAN EXPORTS
A40: million bushels | B40: =B19 -> 0 | F40: =F3 -> 1994/95 | G40: =G3 -> 1995/96 | H40: =H3 -> 1996/97 | I40: =I3 -> 1997/98 | J40: =J3 -> 1998/99 | K40: =K3 -> 1999/00 | L40: =L3 -> 2000/01 | M40: =M3 -> 2001/02 | ... BE40: =BE3 -> 2045/46
A41: Sep
A42: Oct
A43: Nov
A44: Dec
A45: Jan
A46: Feb
A47: Mar
A48: Apr
A49: May
A50: Jun
A51: Jul
A52: Aug
... A55: US SOYBEAN CRUSH
A56: million bushels | B56: =B35 -> 0 | F56: =F19 -> 0 | G56: =G19 -> 0 | H56: =H3 -> 1996/97 | I56: =I3 -> 1997/98 | J56: =J3 -> 1998/99 | K56: =K3 -> 1999/00 | L56: =L3 -> 2000/01 | M56: =M3 -> 2001/02 | N56: =N3 -> 2002/03 | O56: =O3 -> 2003/04 | ... BE56: =BE3 -> 2045/46
A57: Sep
A58: Oct
A59: Nov
A60: Dec
A61: Jan
A62: Feb
A63: Mar
A64: Apr
A65: May
A66: Jun
A67: Jul
A68: Aug
... A71: US SOYBEAN SEED USE
A72: million bushels | B72: =B51 -> 0 | F72: =F35 -> 0 | G72: =G35 -> 0 | H72: =H3 -> 1996/97 | I72: =I3 -> 1997/98 | J72: =J3 -> 1998/99 | K72: =K3 -> 1999/00 | L72: =L3 -> 2000/01 | M72: =M3 -> 2001/02 | N72: =N3 -> 2002/03 | O72: =O3 -> 2003/04 | ... BE72: =BE3 -> 2045/46
A73: Sep
A74: Oct
A75: Nov
A76: Dec
A77: Jan
A78: Feb
A79: Mar
A80: Apr
A81: May
A82: Jun
A83: Jul
A84: Aug
... A87: US SOYBEAN RESIDUAL USE
A88: million bushels | B88: =B67 -> 0 | F88: =F51 -> 0 | G88: =G51 -> 0 | H88: =H3 -> 1996/97 | I88: =I3 -> 1997/98 | J88: =J3 -> 1998/99 | K88: =K3 -> 1999/00 | L88: =L3 -> 2000/01 | M88: =M3 -> 2001/02 | N88: =N3 -> 2002/03 | O88: =O3 -> 2003/04 | ... BE88: =BE3 -> 2045/46
A89: Sep
A90: Oct
A91: Nov
A92: Dec
A93: Jan
A94: Feb
A95: Mar
A96: Apr
A97: May
A98: Jun
A99: Jul
A100: Aug
... A103: US SOYBEAN STOCKS
A104: million bushels | B104: =B83 -> 0 | F104: =F67 -> 0 | G104: =G67 -> 0 | H104: =H3 -> 1996/97 | I104: =I3 -> 1997/98 | J104: =J3 -> 1998/99 | K104: =K3 -> 1999/00 | L104: =L3 -> 2000/01 | M104: =M3 -> 2001/02 | N104: =N3 -> 2002/03 | O104: =O3 -> 2003/04 | ... BE104: =BE3 -> 2045/46
A105: Sep
A106: Oct
A107: Nov
A108: Dec
A109: Jan
A110: Feb
A111: Mar
A112: Apr
A113: May
A114: Jun
A115: Jul
A116: Aug

Sheet Protein Meal Template
A1: US SOYBEAN COMPLEX
A2: US SOYBEAN MEAL SUPPLY AND DEMAND
A3: million acres | B3: 1990/91 | C3: 1991/92 | D3: 1992/93 | E3: 1993/94 | F3: 1994/95 | G3: 1995/96 | H3: 1996/97 | I3: 1997/98 | J3: 1998/99 | K3: 1999/00 | L3: 2000/01 | M3: 2001/02 | N3: 2002/03 | O3: 2003/04 | P3: 2004/05 | Q3: 2005/06 | R3: 2006/07 | S3: 2007/08 | T3: 2008/09 | U3: 2009/10 | V3: 2010/11 | W3: 2011/12 | X3: 2012/13 | Y3: 2013/14 | Z3: 2014/15 | AA3: 2015/16 | AB3: 2016/17 | AC3: 2017/18 | AD3: 2018/19 | AE3: 2019/20 | AF3: 2020/21 | AG3: 2021/22 | AH3: 2022/23 | AI3: 2023/24 | AJ3: 2024/25 | AK3: 2025/26 | AL3: 2026/27 | AM3: 2027/28 | AN3: 2028/29 | AO3: 2029/30 | AP3: 2030/31 | AQ3: 2031/32 | AR3: 2032/33 | AS3: 2033/34 | AT3: 2034/35 | AU3: 2035/36 | AV3: 2036/37 | AW3: 2037/38 | AX3: 2038/39 | AY3: 2039/40 | AZ3: 2040/41 | BA3: 2041/42 | BB3: 2042/43 | BC3: 2043/44 | BD3: 2044/45 | BE3: 2045/46
A4: Oct-Sep Crush (million bushels)
A5: Oct-Sep Average Yield (pounds per bushel)
A6: US Average PCAU (million units)
A7: Demand per PCAU (pounds per unit)
A8: Beginning Stocks (thousand short tons)
A9: Production
A10: Imports
A11: Total Supply
A12: Domestic Use
A13: Exports
A14: Total Demand
A15: Ending Stocks (Sep. 30)
... A21: US SOYBEAN MEAL PRODUCTION
A22: (thousand short tons) | B22: =B3 -> 1990/91 | H22: =H3 -> 1996/97 | I22: =I3 -> 1997/98 | J22: =J3 -> 1998/99 | K22: =K3 -> 1999/00 | L22: =L3 -> 2000/01 | M22: =M3 -> 2001/02 | N22: =N3 -> 2002/03 | O22: =O3 -> 2003/04 | ... BE22: =BE3 -> 2045/46
A23: Oct
A24: Nov
A25: Dec
A26: Jan
A27: Feb
A28: Mar
A29: Apr
A30: May
A31: Jun
A32: Jul
A33: Aug
A34: Sep
... A37: US SOYBEAN MEAL YIELD
A38: (thousand short tons) | B38: =B19 -> 0 | H38: =H3 -> 1996/97 | I38: =I3 -> 1997/98 | J38: =J3 -> 1998/99 | K38: =K3 -> 1999/00 | L38: =L3 -> 2000/01 | M38: =M3 -> 2001/02 | N38: =N3 -> 2002/03 | O38: =O3 -> 2003/04 | ... BE38: =BE3 -> 2045/46
A39: Oct
A40: Nov
A41: Dec
A42: Jan
A43: Feb
A44: Mar
A45: Apr
A46: May
A47: Jun
A48: Jul
A49: Aug
A50: Sep
... A53: US SOYBEAN MEAL IMPORTS
A54: (thousand short tons) | B54: =B17 -> 0 | F54: =F3 -> 1994/95 | G54: =G3 -> 1995/96 | H54: =H3 -> 1996/97 | I54: =I3 -> 1997/98 | J54: =J3 -> 1998/99 | K54: =K3 -> 1999/00 | L54: =L3 -> 2000/01 | M54: =M3 -> 2001/02 | ... BE54: =BE3 -> 2045/46
A55: Oct
A56: Nov
A57: Dec
A58: Jan
A59: Feb
A60: Mar
A61: Apr
A62: May
A63: Jun
A64: Jul
A65: Aug
A66: Sep
... A69: US SOYBEAN MEAL EXPORTS
A70: (thousand short tons) | B70: =B33 -> 0 | F70: =F17 -> 0 | G70: =G17 -> 0 | H70: =H3 -> 1996/97 | I70: =I3 -> 1997/98 | J70: =J3 -> 1998/99 | K70: =K3 -> 1999/00 | L70: =L3 -> 2000/01 | M70: =M3 -> 2001/02 | N70: =N3 -> 2002/03 | O70: =O3 -> 2003/04 | ... BE70: =BE3 -> 2045/46
A71: Oct
A72: Nov
A73: Dec
A74: Jan
A75: Feb
A76: Mar
A77: Apr
A78: May
A79: Jun
A80: Jul
A81: Aug
A82: Sep
... A85: US SOYBEAN MEAL DOMESTIC USE
A86: (thousand short tons) | B86: =B65 -> 0 | F86: =F33 -> 0 | G86: =G33 -> 0 | H86: =H3 -> 1996/97 | I86: =I3 -> 1997/98 | J86: =J3 -> 1998/99 | K86: =K3 -> 1999/00 | L86: =L3 -> 2000/01 | M86: =M3 -> 2001/02 | N86: =N3 -> 2002/03 | O86: =O3 -> 2003/04 | ... BE86: =BE3 -> 2045/46
A87: Sep
A88: Oct
A89: Nov
A90: Dec
A91: Jan
A92: Feb
A93: Mar
A94: Apr
A95: May
A96: Jun
A97: Jul
A98: Aug
... A101: US SOYBEAN MEAL MONTH-ENDING STOCKS
A102: (thousand short tons) | B102: =B97 -> 0 | F102: =F81 -> 0 | G102: =G81 -> 0 | H102: =H3 -> 1996/97 | I102: =I3 -> 1997/98 | J102: =J3 -> 1998/99 | K102: =K3 -> 1999/00 | L102: =L3 -> 2000/01 | M102: =M3 -> 2001/02 | N102: =N3 -> 2002/03 | O102: =O3 -> 2003/04 | ... BE102: =BE3 -> 2045/46
A103: Sep
A104: Oct
A105: Nov
A106: Dec
A107: Jan
A108: Feb
A109: Mar
A110: Apr
A111: May
A112: Jun
A113: Jul
A114: Aug

Sheet Veg Oil-Fat-Grease Template
A1: US SOYBEAN COMPLEX
A2: US SOYBEAN OIL SUPPLY AND DEMAND
B3: 1990/91 | C3: 1991/92 | D3: 1992/93 | E3: 1993/94 | F3: 1994/95 | G3: 1995/96 | H3: 1996/97 | I3: 1997/98 | J3: 1998/99 | K3: 1999/00 | L3: 2000/01 | M3: 2001/02 | N3: 2002/03 | O3: 2003/04 | P3: 2004/05 | Q3: 2005/06 | R3: 2006/07 | S3: 2007/08 | T3: 2008/09 | U3: 2009/10 | V3: 2010/11 | W3: 2011/12 | X3: 2012/13 | Y3: 2013/14 | Z3: 2014/15 | AA3: 2015/16 | AB3: 2016/17 | AC3: 2017/18 | AD3: 2018/19 | AE3: 2019/20 | AF3: 2020/21 | AG3: 2021/22 | AH3: 2022/23 | AI3: 2023/24 | AJ3: 2024/25 | AK3: 2025/26 | AL3: 2026/27 | AM3: 2027/28 | AN3: 2028/29 | AO3: 2029/30 | AP3: 2030/31 | AQ3: 2031/32 | AR3: 2032/33 | AS3: 2033/34 | AT3: 2034/35 | AU3: 2035/36 | AV3: 2036/37 | AW3: 2037/38 | AX3: 2038/39 | AY3: 2039/40 | AZ3: 2040/41 | BA3: 2041/42 | BB3: 2042/43 | BC3: 2043/44 | BD3: 2044/45 | BE3: 2045/46
A4: Oct-Sep Crush (million bushels)
A5: Oct-Sep Yield (pounds per bushel)
A6: US Biodiesel Production (million gallons)
A7: US Renewable Diesel Production
A8: US Sustainable Aviation Fuel Production
A9: US Average Biofuel Yield (pounds per gallon)
A10: Beginning Stocks (million pounds)
A11: Production
A12: Imports
A13: Total Supply
A14: Biodiesel Feedstock
A15: Renewable Diesel Feedstock
... A28: US SOYBEAN OIL PRODUCTION
A29: (million pounds) | B29: =B3 -> 1990/91 | H29: =H3 -> 1996/97 | I29: =I3 -> 1997/98 | J29: =J3 -> 1998/99 | K29: =K3 -> 1999/00 | L29: =L3 -> 2000/01 | M29: =M3 -> 2001/02 | N29: =N3 -> 2002/03 | O29: =O3 -> 2003/04 | ... BE29: =BE3 -> 2045/46
A30: Oct
A31: Nov
A32: Dec
A33: Jan
A34: Feb
A35: Mar
A36: Apr
A37: May
A38: Jun
A39: Jul
A40: Aug
A41: Sep
... A44: US SOYBEAN OIL YIELD
A45: (million pounds) | B45: =B8 -> 0 | F45: =#REF! -> #REF! | G45: =#REF! -> #REF! | H45: =#REF! -> #REF! | I45: =#REF! -> #REF! | J45: =#REF! -> #REF! | K45: =#REF! -> #REF! | L45: =#REF! -> #REF! | M45: =#REF! -> #REF! | ... BE45: =#REF! -> #REF!
A46: Oct
A47: Nov
A48: Dec
A49: Jan
A50: Feb
A51: Mar
A52: Apr
A53: May
A54: Jun
A55: Jul
A56: Aug
A57: Sep
... A60: US SOYBEAN OIL IMPORTS
A61: (million pounds) | B61: =B24 -> 0 | F61: =F3 -> 1994/95 | G61: =G3 -> 1995/96 | H61: =H3 -> 1996/97 | I61: =I3 -> 1997/98 | J61: =J3 -> 1998/99 | K61: =K3 -> 1999/00 | L61: =L3 -> 2000/01 | M61: =M3 -> 2001/02 | ... BE61: =BE3 -> 2045/46
A62: Oct
A63: Nov
A64: Dec
A65: Jan
A66: Feb
A67: Mar
A68: Apr
A69: May
A70: Jun
A71: Jul
A72: Aug
A73: Sep
... A76: US SOYBEAN OIL EXPORTS
A77: (million pounds) | B77: =B40 -> 0 | F77: =F24 -> 0 | G77: =G24 -> 0 | H77: =H3 -> 1996/97 | I77: =I3 -> 1997/98 | J77: =J3 -> 1998/99 | K77: =K3 -> 1999/00 | L77: =L3 -> 2000/01 | M77: =M3 -> 2001/02 | N77: =N3 -> 2002/03 | O77: =O3 -> 2003/04 | ... BE77: =BE3 -> 2045/46
A78: Oct
A79: Nov
A80: Dec
A81: Jan
A82: Feb
A83: Mar
A84: Apr
A85: May
A86: Jun
A87: Jul
A88: Aug
A89: Sep
... A92: US SOYBEAN OIL BIOMASS-BASED DIESEL USE
A93: (million pounds) | B93: =B72 -> 0 | F93: =F40 -> 0 | G93: =G40 -> 0 | H93: =H3 -> 1996/97 | I93: =I3 -> 1997/98 | J93: =J3 -> 1998/99 | K93: =K3 -> 1999/00 | L93: =L3 -> 2000/01 | M93: =M3 -> 2001/02 | N93: =N3 -> 2002/03 | O93: =O3 -> 2003/04 | ... BE93: =BE3 -> 2045/46
A94: Oct
A95: Nov
A96: Dec
A97: Jan
A98: Feb
A99: Mar
A100: Apr
A101: May
A102: Jun
A103: Jul
A104: Aug
A105: Sep
... A108: US SOYBEAN OIL BIODIESEL USE
A109: (million pounds) | B109: =B88 -> 0 | F109: =F72 -> 0 | G109: =G72 -> 0 | H109: =H3 -> 1996/97 | I109: =I3 -> 1997/98 | J109: =J3 -> 1998/99 | K109: =K3 -> 1999/00 | L109: =L3 -> 2000/01 | M109: =M3 -> 2001/02 | N109: =N3 -> 2002/03 | O109: =O3 -> 2003/04 | ... BE109: =BE3 -> 2045/46
A110: Oct
A111: Nov
A112: Dec
A113: Jan
A114: Feb
A115: Mar
A116: Apr
A117: May
A118: Jun
A119: Jul
A120: Aug
A121: Sep
... A124: US SOYBEAN OIL RENEWABLE DIESEL USE
...

Sheet Oilseed Quarterly Use Template
A1: US SOYBEAN COMPLEX
A3: million bushels | B3: ='Oilseed Template'!B3 -> 1990/91 | C3: ='Oilseed Template'!C3 -> 1991/92 | D3: ='Oilseed Template'!D3 -> 1992/93 | E3: ='Oilseed Template'!E3 -> 1993/94 | F3: ='Oilseed Template'!F3 -> 1994/95 | G3: ='Oilseed Template'!G3 -> 1995/96 | H3: ='Oilseed Template'!H3 -> 1996/97 | I3: ='Oilseed Template'!I3 -> 1997/98 | ... BE3: ='Oilseed Template'!BE3 -> 2045/46
A4: QUARTERLY USAGE
A5: Q1 - Sep, Oct, Nov
A6: Beginning Stocks - Sep. 1
A7: Production
A8: Imports
A9: Total Supply
A11: Crush
A12: Seed
A13: Residual
A14: Exports
A15: Total Demand
A17: Ending Stocks - Nov.30
... A67: Commercial Stocks
