Workbook

Sheet US Soybean Bal Sheet
A1: US SOYBEAN COMPLEX
A2: US SOYBEAN SUPPLY AND DEMAND
B3: 1990/91 | C3: 1991/92 | D3: 1992/93 | E3: 1993/94 | F3: 1994/95 | G3: 1995/96 | H3: 1996/97 | I3: 1997/98 | J3: 1998/99 | K3: 1999/00 | L3: 2000/01 | M3: 2001/02 | N3: 2002/03 | O3: 2003/04 | P3: 2004/05 | Q3: 2005/06 | R3: 2006/07 | S3: 2007/08 | T3: 2008/09 | U3: 2009/10 | V3: 2010/11 | W3: 2011/12 | X3: 2012/13 | Y3: 2013/14 | Z3: 2014/15 | AA3: 2015/16 | AB3: 2016/17 | AC3: 2017/18 | AD3: 2018/19 | AE3: 2019/20 | AF3: 2020/21 | AG3: 2021/22 | AH3: 2022/23 | AI3: 2023/24 | AJ3: 2024/25 | AK3: 2025/26 | AL3: 2026/27 | AM3: 2027/28 | AN3: 2028/29 | AO3: 2029/30 | AP3: 2030/31 | AQ3: 2031/32 | AR3: 2032/33 | AS3: 2033/34 | AT3: 2034/35 | AU3: 2035/36 | AV3: 2036/37 | AW3: 2037/38 | AX3: 2038/39 | AY3: 2039/40 | AZ3: 2040/41 | BA3: 2041/42 | BB3: 2042/43 | BC3: 2043/44 | BD3: 2044/45 | BE3: 2045/46
A4: Planted Area (million acres)
A5: Harvested Area
A6: Harvested/Planted Area
A7: Average US Soybean Yield (bushels per acre)
A8: Beginning Stocks (million bushels)
A9: Production
A10: Imports | Y10: =Y37 -> 65.153009 | Z10: =Z37 -> 34.033567 | AA10: =AA37 -> 24.411456 | AB10: =AB37 -> 23.149961 | AC10: =AC37 -> 22.91784 | AD10: =AD37 -> 15.255235 | AE10: =AE37 -> 16.626638 | AF10: =AF37 -> 20.864528 | ... AJ10: =AJ37 -> 29.367068 | AK10: 25 | AL10: 25 | AM10: 25 | AN10: 25 | AO10: 25 | AP10: 30 | AQ10: 30 | AR10: 30 | AS10: 30 | AT10: 30 | AU10: 30 | AV10: 30 | AW10: 30 | AX10: 30 | AY10: 30 | AZ10: 30 | BA10: 30 | BB10: 30 | BC10: 30 | BD10: 30 | BE10: 30
A11: Total Supply
A12: Crush | AA12: =AA69 -> 2079.2196 | AB12: =AB69 -> 2095.7115 | AC12: =AC69 -> 2265.1741 | AD12: =AD69 -> 2306.0239 | AE12: =AE69 -> 2386.0119 | AF12: =AF69 -> 2359.59 | AG12: =AG69 -> 2429.3525 | AH12: =AH69 -> 2438.2434 | ... AJ12: =AJ69 -> 2476.547 | AK12: 2500 | AL12: 2500 | AM12: 2500 | AN12: 2500 | AO12: 2500 | AP12: 2500 | AQ12: 2500 | AR12: 2500 | AS12: 2500 | AT12: 2500 | AU12: 2500 | AV12: 2500 | AW12: 2500 | AX12: 2500 | AY12: 2500 | AZ12: 2500 | BA12: 2500 | BB12: 2500 | BC12: 2500 | BD12: 2500 | BE12: 2500
A13: Seed
A14: Residual
A15: Exports | Y15: =Y53 -> 961.13441 | Z15: =Z53 -> 1844.1504 | AA15: =AA53 -> 1944.5526 | AB15: =AB53 -> 2170.6366 | AC15: =AC53 -> 2139.603 | AD15: =AD53 -> 1759.1817 | AE15: =AE53 -> 1685.3892 | AF15: =AF53 -> 2270.0046 | ... AJ15: =AJ53 -> 1881.9372 | AK15: 1500 | AL15: 1500 | AM15: 1500 | AN15: 1500 | AO15: 1500 | AP15: 1500 | AQ15: 1500 | AR15: 1500 | AS15: 1500 | AT15: 1500 | AU15: 1500 | AV15: 1500 | AW15: 1500 | AX15: 1500 | AY15: 1500 | AZ15: 1500 | BA15: 1500 | BB15: 1500 | BC15: 1500 | BD15: 1500 | BE15: 1500
A16: Total Demand
A17: Ending Stocks (Aug. 31)
A18: Stocks-to-Use
A19: Average Farm Price (dollars per bushel)
A20: Average Futures Price
A21: Bold, green numbers are RLC estimates and predictions
A23: US SOYBEAN IMPORTS
A24: million bushels | B24: =B3 -> 1990/91 | H24: =H3 -> 1996/97 | I24: =I3 -> 1997/98 | J24: =J3 -> 1998/99 | K24: =K3 -> 1999/00 | L24: =L3 -> 2000/01 | M24: =M3 -> 2001/02 | N24: =N3 -> 2002/03 | O24: =O3 -> 2003/04 | ... BE24: =BE3 -> 2045/46
A25: Sep | Z25: ='[1]Soybean Imports'!JW$216/1000 -> 2.8064368 | AA25: ='[1]Soybean Imports'!KI$216/1000 -> 2.4652778 | AB25: ='[1]Soybean Imports'!KU$216/1000 -> 2.3146788 | AC25: ='[1]Soybean Imports'!LG$216/1000 -> 1.3805962 | AD25: ='[1]Soybean Imports'!LS$216/1000 -> 1.0366745 | AE25: ='[1]Soybean Imports'!ME$216/1000 -> 1.2339071 | AF25: ='[1]Soybean Imports'!MQ$216/1000 -> 1.6867883 | AG25: ='[1]Soybean Imports'!NC$216/1000 -> 0.97290366 | AH25: ='[1]Soybean Imports'!NO$216/1000 -> 1.1944162 | AI25: ='[1]Soybean Imports'!OA$216/1000 -> 1.388841 | AJ25: ='[1]Soybean Imports'!OM$216/1000 -> 3.109523 | AK25: ='[1]Soybean Imports'!OY$216/1000 -> 1.7162517 | AL25: =AL$37*(SUM(AG25:AK25)/SUM(AG$37:AK$37)) -> 1.789211 | AM25: =AM$37*(SUM(AH25:AL25)/SUM(AH$37:AL$37)) -> 1.8307279 | AN25: =AN$37*(SUM(AI25:AM25)/SUM(AI$37:AM$37)) -> 1.956009 | AO25: =AO$37*(SUM(AJ25:AN25)/SUM(AJ$37:AN$37)) -> 2.0101179 | AP25: =AP$37*(SUM(AK25:AO25)/SUM(AK$37:AO$37)) -> 2.2325562 | AQ25: =AQ$37*(SUM(AL25:AP25)/SUM(AL$37:AP$37)) -> 2.2658359 | AR25: =AR$37*(SUM(AM25:AQ25)/SUM(AM$37:AQ$37)) -> 2.2878326 | AS25: =AS$37*(SUM(AN25:AR25)/SUM(AN$37:AR$37)) -> 2.3040754 | ... BE25: =BE$37*(SUM(AZ25:BD25)/SUM(AZ$37:BD$37)) -> 2.2882616
A26: Oct | Z26: ='[1]Soybean Imports'!JX$216/1000 -> 2.7043481 | AA26: ='[1]Soybean Imports'!KJ$216/1000 -> 2.2163516 | AB26: ='[1]Soybean Imports'!KV$216/1000 -> 1.7970172 | AC26: ='[1]Soybean Imports'!LH$216/1000 -> 2.9125314 | AD26: ='[1]Soybean Imports'!LT$216/1000 -> 0.78886884 | AE26: ='[1]Soybean Imports'!MF$216/1000 -> 1.973456 | AF26: ='[1]Soybean Imports'!MR$216/1000 -> 0.9248664 | AG26: ='[1]Soybean Imports'!ND$216/1000 -> 0.70969923 | AH26: ='[1]Soybean Imports'!NP$216/1000 -> 1.257739 | AI26: ='[1]Soybean Imports'!OB$216/1000 -> 0.72268301 | AJ26: ='[1]Soybean Imports'!ON$216/1000 -> 0.80593882 | AK26: ='[1]Soybean Imports'!OZ$216/1000 -> 1.9407033 | AL26: =AL$37*(SUM(AG26:AK26)/SUM(AG$37:AK$37)) -> 1.1605335 | AM26: =AM$37*(SUM(AH26:AL26)/SUM(AH$37:AL$37)) -> 1.1718096 | AN26: =AN$37*(SUM(AI26:AM26)/SUM(AI$37:AM$37)) -> 1.1539023 | AO26: =AO$37*(SUM(AJ26:AN26)/SUM(AJ$37:AN$37)) -> 1.2044966 | AP26: =AP$37*(SUM(AK26:AO26)/SUM(AK$37:AO$37)) -> 1.5915469 | AQ26: =AQ$37*(SUM(AL26:AP26)/SUM(AL$37:AP$37)) -> 1.4497589 | AR26: =AR$37*(SUM(AM26:AQ26)/SUM(AM$37:AQ$37)) -> 1.4603365 | AS26: =AS$37*(SUM(AN26:AR26)/SUM(AN$37:AR$37)) -> 1.4700088 | ... BE26: =BE$37*(SUM(AZ26:BD26)/SUM(AZ$37:BD$37)) -> 1.4783604
A27: Nov | Z27: ='[1]Soybean Imports'!JY$216/1000 -> 2.1723353 | AA27: ='[1]Soybean Imports'!KK$216/1000 -> 1.8953234 | AB27: ='[1]Soybean Imports'!KW$216/1000 -> 1.3898211 | AC27: ='[1]Soybean Imports'!LI$216/1000 -> 1.4310423 | AD27: ='[1]Soybean Imports'!LU$216/1000 -> 1.8419438 | AE27: ='[1]Soybean Imports'!MG$216/1000 -> 0.46697314 | AF27: ='[1]Soybean Imports'!MS$216/1000 -> 0.4719719 | AG27: ='[1]Soybean Imports'!NE$216/1000 -> 1.282728 | AH27: ='[1]Soybean Imports'!NQ$216/1000 -> 1.2962479 | AI27: ='[1]Soybean Imports'!OC$216/1000 -> 1.7348924 | AJ27: ='[1]Soybean Imports'!OO$216/1000 -> 1.5740029 | AK27: ='[1]Soybean Imports'!PA$216/1000 -> 2.0131876 | AL27: =AL$37*(SUM(AG27:AK27)/SUM(AG$37:AK$37)) -> 1.6865629 | AM27: =AM$37*(SUM(AH27:AL27)/SUM(AH$37:AL$37)) -> 1.6529245 | AN27: =AN$37*(SUM(AI27:AM27)/SUM(AI$37:AM$37)) -> 1.7227124 | AO27: =AO$37*(SUM(AJ27:AN27)/SUM(AJ$37:AN$37)) -> 1.6714823 | AP27: =AP$37*(SUM(AK27:AO27)/SUM(AK$37:AO$37)) -> 2.0992487 | AQ27: =AQ$37*(SUM(AL27:AP27)/SUM(AL$37:AP$37)) -> 2.0383687 | AR27: =AR$37*(SUM(AM27:AQ27)/SUM(AM$37:AQ$37)) -> 2.0410526 | AS27: =AS$37*(SUM(AN27:AR27)/SUM(AN$37:AR$37)) -> 2.0513281 | ... BE27: =BE$37*(SUM(AZ27:BD27)/SUM(AZ$37:BD$37)) -> 2.0498445
A28: Dec | Y28: ='[1]Soybean Imports'!$JN$216/1000 -> 2.2194576 | Z28: ='[1]Soybean Imports'!JZ$216/1000 -> 3.1049952 | AA28: ='[1]Soybean Imports'!KL$216/1000 -> 2.1477439 | AB28: ='[1]Soybean Imports'!KX$216/1000 -> 1.1780044 | AC28: ='[1]Soybean Imports'!LJ$216/1000 -> 2.3294811 | AD28: ='[1]Soybean Imports'!LV$216/1000 -> 1.1537881 | AE28: ='[1]Soybean Imports'!MH$216/1000 -> 1.4030564 | AF28: ='[1]Soybean Imports'!MT$216/1000 -> 0.86418118 | AG28: ='[1]Soybean Imports'!NF$216/1000 -> 1.034322 | AH28: ='[1]Soybean Imports'!NR$216/1000 -> 1.3266724 | AI28: ='[1]Soybean Imports'!OD$216/1000 -> 0.6879384 | AJ28: ='[1]Soybean Imports'!OP$216/1000 -> 1.9609408 | AK28: =AK$37*(SUM(AF28:AJ28)/SUM(AF$37:AJ$37)) -> 1.2997734 | AL28: =AL$37*(SUM(AG28:AK28)/SUM(AG$37:AK$37)) -> 1.3468596 | AM28: =AM$37*(SUM(AH28:AL28)/SUM(AH$37:AL$37)) -> 1.3180146 | AN28: =AN$37*(SUM(AI28:AM28)/SUM(AI$37:AM$37)) -> 1.315374 | AO28: =AO$37*(SUM(AJ28:AN28)/SUM(AJ$37:AN$37)) -> 1.3993056 | AP28: =AP$37*(SUM(AK28:AO28)/SUM(AK$37:AO$37)) -> 1.6030385 | AQ28: =AQ$37*(SUM(AL28:AP28)/SUM(AL$37:AP$37)) -> 1.6113674 | AR28: =AR$37*(SUM(AM28:AQ28)/SUM(AM$37:AQ$37)) -> 1.6104667 | ... BE28: =BE$37*(SUM(AZ28:BD28)/SUM(AZ$37:BD$37)) -> 1.6152241
A29: Jan | Y29: ='[1]Soybean Imports'!$JO$216/1000 -> 2.9357254 | Z29: ='[1]Soybean Imports'!KA$216/1000 -> 2.8432306 | AA29: ='[1]Soybean Imports'!KM$216/1000 -> 2.8726079 | AB29: ='[1]Soybean Imports'!KY$216/1000 -> 3.2300081 | AC29: ='[1]Soybean Imports'!LK$216/1000 -> 1.4776937 | AD29: ='[1]Soybean Imports'!LW$216/1000 -> 1.0265851 | AE29: ='[1]Soybean Imports'!MI$216/1000 -> 1.1538069 | AF29: ='[1]Soybean Imports'!MU$216/1000 -> 0.73584368 | AG29: ='[1]Soybean Imports'!NG$216/1000 -> 0.8827821 | AH29: ='[1]Soybean Imports'!NS$216/1000 -> 0.22554151 | AI29: ='[1]Soybean Imports'!OE$216/1000 -> 0.95619595 | AJ29: ='[1]Soybean Imports'!OQ$216/1000 -> 2.2510884 | AK29: =AK$37*(SUM(AF29:AJ29)/SUM(AF$37:AJ$37)) -> 1.117753 | AL29: =AL$37*(SUM(AG29:AK29)/SUM(AG$37:AK$37)) -> 1.1598072 | AM29: =AM$37*(SUM(AH29:AL29)/SUM(AH$37:AL$37)) -> 1.1365392 | AN29: =AN$37*(SUM(AI29:AM29)/SUM(AI$37:AM$37)) -> 1.3169367 | AO29: =AO$37*(SUM(AJ29:AN29)/SUM(AJ$37:AN$37)) -> 1.3492855 | AP29: =AP$37*(SUM(AK29:AO29)/SUM(AK$37:AO$37)) -> 1.4592772 | AQ29: =AQ$37*(SUM(AL29:AP29)/SUM(AL$37:AP$37)) -> 1.4819644 | AR29: =AR$37*(SUM(AM29:AQ29)/SUM(AM$37:AQ$37)) -> 1.4986673 | ... BE29: =BE$37*(SUM(AZ29:BD29)/SUM(AZ$37:BD$37)) -> 1.5047293
A30: Feb | Y30: ='[1]Soybean Imports'!$JP$216/1000 -> 3.3018076 | Z30: ='[1]Soybean Imports'!KB$216/1000 -> 2.8067741 | AA30: ='[1]Soybean Imports'!KN$216/1000 -> 1.2555807 | AB30: ='[1]Soybean Imports'!KZ$216/1000 -> 2.2637915 | AC30: ='[1]Soybean Imports'!LL$216/1000 -> 1.1930165 | AD30: ='[1]Soybean Imports'!LX$216/1000 -> 1.4707435 | AE30: ='[1]Soybean Imports'!MJ$216/1000 -> 1.5286998 | AF30: ='[1]Soybean Imports'!MV$216/1000 -> 0.83397159 | AG30: ='[1]Soybean Imports'!NH$216/1000 -> 1.7439601 | AH30: ='[1]Soybean Imports'!NT$216/1000 -> 1.0377552 | AI30: ='[1]Soybean Imports'!OF$216/1000 -> 0.91807897 | AJ30: ='[1]Soybean Imports'!OR$216/1000 -> 2.4675256 | AK30: =AK$37*(SUM(AF30:AJ30)/SUM(AF$37:AJ$37)) -> 1.5492011 | AL30: =AL$37*(SUM(AG30:AK30)/SUM(AG$37:AK$37)) -> 1.6471714 | AM30: =AM$37*(SUM(AH30:AL30)/SUM(AH$37:AL$37)) -> 1.5165567 | AN30: =AN$37*(SUM(AI30:AM30)/SUM(AI$37:AM$37)) -> 1.6107292 | AO30: =AO$37*(SUM(AJ30:AN30)/SUM(AJ$37:AN$37)) -> 1.6988837 | AP30: =AP$37*(SUM(AK30:AO30)/SUM(AK$37:AO$37)) -> 1.9254101 | AQ30: =AQ$37*(SUM(AL30:AP30)/SUM(AL$37:AP$37)) -> 1.9381733 | AR30: =AR$37*(SUM(AM30:AQ30)/SUM(AM$37:AQ$37)) -> 1.9310562 | ... BE30: =BE$37*(SUM(AZ30:BD30)/SUM(AZ$37:BD$37)) -> 1.9444183
A31: Mar | Y31: ='[1]Soybean Imports'!$JQ$216/1000 -> 3.2819777 | Z31: ='[1]Soybean Imports'!KC$216/1000 -> 3.384273 | AA31: ='[1]Soybean Imports'!KO$216/1000 -> 2.5253543 | AB31: ='[1]Soybean Imports'!LA$216/1000 -> 2.2427449 | AC31: ='[1]Soybean Imports'!LM$216/1000 -> 2.1716824 | AD31: ='[1]Soybean Imports'!LY$216/1000 -> 1.5305489 | AE31: ='[1]Soybean Imports'!MK$216/1000 -> 1.6108795 | AF31: ='[1]Soybean Imports'!MW$216/1000 -> 0.9880136 | AG31: ='[1]Soybean Imports'!NI$216/1000 -> 1.25336 | AH31: ='[1]Soybean Imports'!NU$216/1000 -> 1.294948 | AI31: ='[1]Soybean Imports'!OG$216/1000 -> 5.3453552 | AJ31: ='[1]Soybean Imports'!OS$216/1000 -> 1.7690221 | AK31: =AK$37*(SUM(AF31:AJ31)/SUM(AF$37:AJ$37)) -> 2.3567187 | AL31: =AL$37*(SUM(AG31:AK31)/SUM(AG$37:AK$37)) -> 2.5656664 | AM31: =AM$37*(SUM(AH31:AL31)/SUM(AH$37:AL$37)) -> 2.6534127 | AN31: =AN$37*(SUM(AI31:AM31)/SUM(AI$37:AM$37)) -> 2.9217504 | AO31: =AO$37*(SUM(AJ31:AN31)/SUM(AJ$37:AN$37)) -> 2.3704971 | AP31: =AP$37*(SUM(AK31:AO31)/SUM(AK$37:AO$37)) -> 3.0883309 | AQ31: =AQ$37*(SUM(AL31:AP31)/SUM(AL$37:AP$37)) -> 3.1383825 | AR31: =AR$37*(SUM(AM31:AQ31)/SUM(AM$37:AQ$37)) -> 3.1494164 | ... BE31: =BE$37*(SUM(AZ31:BD31)/SUM(AZ$37:BD$37)) -> 3.1196852
A32: Apr | Y32: ='[1]Soybean Imports'!$JR$216/1000 -> 7.4568677 | Z32: ='[1]Soybean Imports'!KD$216/1000 -> 3.1414293 | AA32: ='[1]Soybean Imports'!KP$216/1000 -> 2.1168983 | AB32: ='[1]Soybean Imports'!LB$216/1000 -> 1.8377221 | AC32: ='[1]Soybean Imports'!LN$216/1000 -> 2.5784995 | AD32: ='[1]Soybean Imports'!LZ$216/1000 -> 1.8094924 | AE32: ='[1]Soybean Imports'!ML$216/1000 -> 1.2918317 | AF32: ='[1]Soybean Imports'!MX$216/1000 -> 1.5374206 | AG32: ='[1]Soybean Imports'!NJ$216/1000 -> 1.9337891 | AH32: ='[1]Soybean Imports'!NV$216/1000 -> 0.4712835 | AI32: ='[1]Soybean Imports'!OH$216/1000 -> 2.2481102 | AJ32: ='[1]Soybean Imports'!OT$216/1000 -> 2.9794624 | AK32: =AK$37*(SUM(AF32:AJ32)/SUM(AF$37:AJ$37)) -> 2.0290937 | AL32: =AL$37*(SUM(AG32:AK32)/SUM(AG$37:AK$37)) -> 2.0623983 | AM32: =AM$37*(SUM(AH32:AL32)/SUM(AH$37:AL$37)) -> 1.9485747 | AN32: =AN$37*(SUM(AI32:AM32)/SUM(AI$37:AM$37)) -> 2.2410373 | AO32: =AO$37*(SUM(AJ32:AN32)/SUM(AJ$37:AN$37)) -> 2.1760883 | AP32: =AP$37*(SUM(AK32:AO32)/SUM(AK$37:AO$37)) -> 2.5097262 | AQ32: =AQ$37*(SUM(AL32:AP32)/SUM(AL$37:AP$37)) -> 2.5241134 | AR32: =AR$37*(SUM(AM32:AQ32)/SUM(AM$37:AQ$37)) -> 2.5332311 | ... BE32: =BE$37*(SUM(AZ32:BD32)/SUM(AZ$37:BD$37)) -> 2.5441951
A33: May | Y33: ='[1]Soybean Imports'!$JS$216/1000 -> 15.595571 | Z33: ='[1]Soybean Imports'!KE$216/1000 -> 2.3298469 | AA33: ='[1]Soybean Imports'!KQ$216/1000 -> 1.0694793 | AB33: ='[1]Soybean Imports'!LC$216/1000 -> 2.5837052 | AC33: ='[1]Soybean Imports'!LO$216/1000 -> 2.4614709 | AD33: ='[1]Soybean Imports'!MA$216/1000 -> 1.3270777 | AE33: ='[1]Soybean Imports'!MM$216/1000 -> 1.644922 | AF33: ='[1]Soybean Imports'!MY$216/1000 -> 2.3538823 | AG33: ='[1]Soybean Imports'!NK$216/1000 -> 1.3707517 | AH33: ='[1]Soybean Imports'!NW$216/1000 -> 4.784139 | AI33: ='[1]Soybean Imports'!OI$216/1000 -> 1.3320809 | AJ33: ='[1]Soybean Imports'!OU$216/1000 -> 2.5942744 | AK33: =AK$37*(SUM(AF33:AJ33)/SUM(AF$37:AJ$37)) -> 2.7515659 | AL33: =AL$37*(SUM(AG33:AK33)/SUM(AG$37:AK$37)) -> 2.7392967 | AM33: =AM$37*(SUM(AH33:AL33)/SUM(AH$37:AL$37)) -> 2.8264986 | AN33: =AN$37*(SUM(AI33:AM33)/SUM(AI$37:AM$37)) -> 2.4351707 | AO33: =AO$37*(SUM(AJ33:AN33)/SUM(AJ$37:AN$37)) -> 2.5792511 | AP33: =AP$37*(SUM(AK33:AO33)/SUM(AK$37:AO$37)) -> 3.1996279 | AQ33: =AQ$37*(SUM(AL33:AP33)/SUM(AL$37:AP$37)) -> 3.1799642 | AR33: =AR$37*(SUM(AM33:AQ33)/SUM(AM$37:AQ$37)) -> 3.1601139 | ... BE33: =BE$37*(SUM(AZ33:BD33)/SUM(AZ$37:BD$37)) -> 3.1520525
A34: Jun | Y34: ='[1]Soybean Imports'!$JT$216/1000 -> 18.772067 | Z34: ='[1]Soybean Imports'!KF$216/1000 -> 3.6759959 | AA34: ='[1]Soybean Imports'!KR$216/1000 -> 2.4502972 | AB34: ='[1]Soybean Imports'!LD$216/1000 -> 1.0843581 | AC34: ='[1]Soybean Imports'!LP$216/1000 -> 1.9503904 | AD34: ='[1]Soybean Imports'!MB$216/1000 -> 0.79009914 | AE34: ='[1]Soybean Imports'!MN$216/1000 -> 1.7814778 | AF34: ='[1]Soybean Imports'!MZ$216/1000 -> 7.6186076 | AG34: ='[1]Soybean Imports'!NL$216/1000 -> 0.84115298 | AH34: ='[1]Soybean Imports'!NX$216/1000 -> 6.1294411 | AI34: ='[1]Soybean Imports'!OJ$216/1000 -> 1.169043 | AJ34: ='[1]Soybean Imports'!OV$216/1000 -> 1.8416727 | AK34: =AK$37*(SUM(AF34:AJ34)/SUM(AF$37:AJ$37)) -> 3.8943975 | AL34: =AL$37*(SUM(AG34:AK34)/SUM(AG$37:AK$37)) -> 2.9619136 | AM34: =AM$37*(SUM(AH34:AL34)/SUM(AH$37:AL$37)) -> 3.1837798 | AN34: =AN$37*(SUM(AI34:AM34)/SUM(AI$37:AM$37)) -> 2.595694 | AO34: =AO$37*(SUM(AJ34:AN34)/SUM(AJ$37:AN$37)) -> 2.7977479 | AP34: =AP$37*(SUM(AK34:AO34)/SUM(AK$37:AO$37)) -> 3.7040479 | AQ34: =AQ$37*(SUM(AL34:AP34)/SUM(AL$37:AP$37)) -> 3.5176576 | AR34: =AR$37*(SUM(AM34:AQ34)/SUM(AM$37:AQ$37)) -> 3.5108727 | ... BE34: =BE$37*(SUM(AZ34:BD34)/SUM(AZ$37:BD$37)) -> 3.5113561
A35: Jul | Y35: ='[1]Soybean Imports'!$JU$216/1000 -> 9.1226937 | Z35: ='[1]Soybean Imports'!KG$216/1000 -> 3.1041876 | AA35: ='[1]Soybean Imports'!KS$216/1000 -> 1.5265537 | AB35: ='[1]Soybean Imports'!LE$216/1000 -> 1.7582961 | AC35: ='[1]Soybean Imports'!LQ$216/1000 -> 2.2366346 | AD35: ='[1]Soybean Imports'!MC$216/1000 -> 1.3536122 | AE35: ='[1]Soybean Imports'!MO$216/1000 -> 1.8015133 | AF35: ='[1]Soybean Imports'!NA$216/1000 -> 2.2279624 | AG35: ='[1]Soybean Imports'!NM$216/1000 -> 2.2404126 | AH35: ='[1]Soybean Imports'!NY$216/1000 -> 4.2120562 | AI35: ='[1]Soybean Imports'!OK$216/1000 -> 2.2114903 | AJ35: ='[1]Soybean Imports'!OW$216/1000 -> 4.476739 | AK35: =AK$37*(SUM(AF35:AJ35)/SUM(AF$37:AJ$37)) -> 3.4006792 | AL35: =AL$37*(SUM(AG35:AK35)/SUM(AG$37:AK$37)) -> 3.5309285 | AM35: =AM$37*(SUM(AH35:AL35)/SUM(AH$37:AL$37)) -> 3.5490848 | AN35: =AN$37*(SUM(AI35:AM35)/SUM(AI$37:AM$37)) -> 3.414752 | AO35: =AO$37*(SUM(AJ35:AN35)/SUM(AJ$37:AN$37)) -> 3.5503981 | AP35: =AP$37*(SUM(AK35:AO35)/SUM(AK$37:AO$37)) -> 4.1870022 | AQ35: =AQ$37*(SUM(AL35:AP35)/SUM(AL$37:AP$37)) -> 4.2074228 | AR35: =AR$37*(SUM(AM35:AQ35)/SUM(AM$37:AQ$37)) -> 4.2019244 | ... BE35: =BE$37*(SUM(AZ35:BD35)/SUM(AZ$37:BD$37)) -> 4.200916
A36: Aug | Y36: ='[1]Soybean Imports'!JV$216/1000 -> 2.4668417 | Z36: ='[1]Soybean Imports'!KH$216/1000 -> 1.9597137 | AA36: ='[1]Soybean Imports'!KT$216/1000 -> 1.8699883 | AB36: ='[1]Soybean Imports'!LF$216/1000 -> 1.4698133 | AC36: ='[1]Soybean Imports'!LR$216/1000 -> 0.79480061 | AD36: ='[1]Soybean Imports'!MD$216/1000 -> 1.1258006 | AE36: ='[1]Soybean Imports'!MP$216/1000 -> 0.73611482 | AF36: ='[1]Soybean Imports'!NB$216/1000 -> 0.62101806 | AG36: ='[1]Soybean Imports'!NN$216/1000 -> 2.2428052 | AH36: ='[1]Soybean Imports'!NZ$216/1000 -> 1.6821569 | AI36: ='[1]Soybean Imports'!OL$216/1000 -> 2.6149191 | AJ36: ='[1]Soybean Imports'!OX$216/1000 -> 3.5368776 | AK36: =AK37-SUM(AK25:AK35) -> 0.93067501 | AL36: =AL37-SUM(AL25:AL35) -> 2.3496509 | AM36: =AM37-SUM(AM25:AM35) -> 2.212077 | AN36: =AN37-SUM(AN25:AN35) -> 2.3159319 | AO36: =AO37-SUM(AO25:AO35) -> 2.192446 | AP36: =AP37-SUM(AP25:AP35) -> 2.4001874 | AQ36: =AQ37-SUM(AQ25:AQ35) -> 2.6469907 | AR36: =AR37-SUM(AR25:AR35) -> 2.6150296 | ... BE36: =BE37-SUM(BE25:BE35) -> 2.5909569
A37: Marketing-year Total | Y37: =SUM(Y25:Y36) -> 65.153009 | Z37: =SUM(Z25:Z36) -> 34.033567 | AA37: =SUM(AA25:AA36) -> 24.411456 | AB37: =SUM(AB25:AB36) -> 23.149961 | AC37: =SUM(AC25:AC36) -> 22.91784 | AD37: =SUM(AD25:AD36) -> 15.255235 | AE37: =SUM(AE25:AE36) -> 16.626638 | AF37: =SUM(AF25:AF36) -> 20.864528 | ... AJ37: =SUM(AJ25:AJ36) -> 29.367068 | AK37: =AK10 -> 25 | AL37: =AL10 -> 25 | AM37: =AM10 -> 25 | AN37: =AN10 -> 25 | AO37: =AO10 -> 25 | AP37: =AP10 -> 30 | AQ37: =AQ10 -> 30 | AR37: =AR10 -> 30 | ... BE37: =BE10 -> 30
A39: US SOYBEAN EXPORTS
A40: million bushels | B40: =B19 -> 0 | F40: =F3 -> 1994/95 | G40: =G3 -> 1995/96 | H40: =H3 -> 1996/97 | I40: =I3 -> 1997/98 | J40: =J3 -> 1998/99 | K40: =K3 -> 1999/00 | L40: =L3 -> 2000/01 | M40: =M3 -> 2001/02 | ... BE40: =BE3 -> 2045/46
A41: Sep | Z41: ='[1]Soybean Exports'!JW$216/1000 -> 77.908917 | AA41: ='[1]Soybean Exports'!KI$216/1000 -> 86.415249 | AB41: ='[1]Soybean Exports'!KU$216/1000 -> 137.84541 | AC41: ='[1]Soybean Exports'!LG$216/1000 -> 165.68966 | AD41: ='[1]Soybean Exports'!LS$216/1000 -> 122.68693 | AE41: ='[1]Soybean Exports'!ME$216/1000 -> 143.93673 | AF41: ='[1]Soybean Exports'!MQ$216/1000 -> 264.32498 | AG41: ='[1]Soybean Exports'!NC$216/1000 -> 77.340403 | AH41: ='[1]Soybean Exports'!NO$216/1000 -> 76.51653 | AI41: ='[1]Soybean Exports'!OA$216/1000 -> 91.931737 | AJ41: ='[1]Soybean Exports'!OM$216/1000 -> 114.55173 | AK41: ='[1]Soybean Exports'!OY$216/1000 -> 105.09522 | AL41: =AL$53*(SUM(AG41:AK41)/SUM(AG$53:AK$53)) -> 75.689594 | AM41: =AM$53*(SUM(AH41:AL41)/SUM(AH$53:AL$53)) -> 81.207677 | AN41: =AN$53*(SUM(AI41:AM41)/SUM(AI$53:AM$53)) -> 86.913347 | AO41: =AO$53*(SUM(AJ41:AN41)/SUM(AJ$53:AN$53)) -> 88.199936 | AP41: =AP$53*(SUM(AK41:AO41)/SUM(AK$53:AO$53)) -> 87.421155 | AQ41: =AQ$53*(SUM(AL41:AP41)/SUM(AL$53:AP$53)) -> 83.886342 | AR41: =AR$53*(SUM(AM41:AQ41)/SUM(AM$53:AQ$53)) -> 85.525691 | AS41: =AS$53*(SUM(AN41:AR41)/SUM(AN$53:AR$53)) -> 86.389294 | ... BE41: =BE$53*(SUM(AZ41:BD41)/SUM(AZ$53:BD$53)) -> 85.908586
A42: Oct | Z42: ='[1]Soybean Exports'!JX$216/1000 -> 329.79454 | AA42: ='[1]Soybean Exports'!KJ$216/1000 -> 368.17655 | AB42: ='[1]Soybean Exports'!KV$216/1000 -> 410.49056 | AC42: ='[1]Soybean Exports'!LH$216/1000 -> 354.57813 | AD42: ='[1]Soybean Exports'!LT$216/1000 -> 201.8246 | AE42: ='[1]Soybean Exports'!MF$216/1000 -> 216.88011 | AF42: ='[1]Soybean Exports'!MR$216/1000 -> 425.9635 | AG42: ='[1]Soybean Exports'!ND$216/1000 -> 393.33792 | AH42: ='[1]Soybean Exports'!NP$216/1000 -> 365.71641 | AI42: ='[1]Soybean Exports'!OB$216/1000 -> 346.37155 | AJ42: ='[1]Soybean Exports'!ON$216/1000 -> 346.14743 | AK42: ='[1]Soybean Exports'!OZ$216/1000 -> 197.2874 | AL42: =AL$53*(SUM(AG42:AK42)/SUM(AG$53:AK$53)) -> 268.13933 | AM42: =AM$53*(SUM(AH42:AL42)/SUM(AH$53:AL$53)) -> 266.78981 | AN42: =AN$53*(SUM(AI42:AM42)/SUM(AI$53:AM$53)) -> 264.32206 | AO42: =AO$53*(SUM(AJ42:AN42)/SUM(AJ$53:AN$53)) -> 255.52462 | AP42: =AP$53*(SUM(AK42:AO42)/SUM(AK$53:AO$53)) -> 250.41265 | AQ42: =AQ$53*(SUM(AL42:AP42)/SUM(AL$53:AP$53)) -> 261.03769 | AR42: =AR$53*(SUM(AM42:AQ42)/SUM(AM$53:AQ$53)) -> 259.61737 | AS42: =AS$53*(SUM(AN42:AR42)/SUM(AN$53:AR$53)) -> 258.18288 | ... BE42: =BE$53*(SUM(AZ42:BD42)/SUM(AZ$53:BD$53)) -> 257.93387
A43: Nov | Z43: ='[1]Soybean Exports'!JY$216/1000 -> 405.18061 | AA43: ='[1]Soybean Exports'!KK$216/1000 -> 337.07418 | AB43: ='[1]Soybean Exports'!KW$216/1000 -> 381.05449 | AC43: ='[1]Soybean Exports'!LI$216/1000 -> 337.85557 | AD43: ='[1]Soybean Exports'!LU$216/1000 -> 180.72229 | AE43: ='[1]Soybean Exports'!MG$216/1000 -> 251.44522 | AF43: ='[1]Soybean Exports'!MS$216/1000 -> 400.45387 | AG43: ='[1]Soybean Exports'!NE$216/1000 -> 393.10775 | AH43: ='[1]Soybean Exports'!NQ$216/1000 -> 358.6147 | AI43: ='[1]Soybean Exports'!OC$216/1000 -> 274.7355 | AJ43: ='[1]Soybean Exports'!OO$216/1000 -> 370.83224 | AK43: ='[1]Soybean Exports'!PA$216/1000 -> 158.00539 | AL43: =AL$53*(SUM(AG43:AK43)/SUM(AG$53:AK$53)) -> 252.92368 | AM43: =AM$53*(SUM(AH43:AL43)/SUM(AH$53:AL$53)) -> 247.78284 | AN43: =AN$53*(SUM(AI43:AM43)/SUM(AI$53:AM$53)) -> 241.97466 | AO43: =AO$53*(SUM(AJ43:AN43)/SUM(AJ$53:AN$53)) -> 241.98089 | AP43: =AP$53*(SUM(AK43:AO43)/SUM(AK$53:AO$53)) -> 228.53349 | AQ43: =AQ$53*(SUM(AL43:AP43)/SUM(AL$53:AP$53)) -> 242.63911 | AR43: =AR$53*(SUM(AM43:AQ43)/SUM(AM$53:AQ$53)) -> 240.5822 | AS43: =AS$53*(SUM(AN43:AR43)/SUM(AN$53:AR$53)) -> 239.14207 | ... BE43: =BE$53*(SUM(AZ43:BD43)/SUM(AZ$53:BD$53)) -> 239.00397
A44: Dec | Y44: ='[1]Soybean Exports'!$JN$216/1000 -> 252.06269 | Z44: ='[1]Soybean Exports'!JZ$216/1000 -> 301.63095 | AA44: ='[1]Soybean Exports'!KL$216/1000 -> 250.06813 | AB44: ='[1]Soybean Exports'!KX$216/1000 -> 293.47537 | AC44: ='[1]Soybean Exports'!LJ$216/1000 -> 229.00722 | AD44: ='[1]Soybean Exports'!LV$216/1000 -> 147.29721 | AE44: ='[1]Soybean Exports'!MH$216/1000 -> 208.59287 | AF44: ='[1]Soybean Exports'!MT$216/1000 -> 386.90619 | AG44: ='[1]Soybean Exports'!NF$216/1000 -> 292.41328 | AH44: ='[1]Soybean Exports'!NR$216/1000 -> 293.00925 | AI44: ='[1]Soybean Exports'!OD$216/1000 -> 175.80791 | AJ44: ='[1]Soybean Exports'!OP$216/1000 -> 275.12455 | AK44: =AK$53*(SUM(AF44:AJ44)/SUM(AF$53:AJ$53)) -> 213.61933 | AL44: =AL$53*(SUM(AG44:AK44)/SUM(AG$53:AK$53)) -> 203.27204 | AM44: =AM$53*(SUM(AH44:AL44)/SUM(AH$53:AL$53)) -> 203.25926 | AN44: =AN$53*(SUM(AI44:AM44)/SUM(AI$53:AM$53)) -> 198.71119 | AO44: =AO$53*(SUM(AJ44:AN44)/SUM(AJ$53:AN$53)) -> 208.19495 | AP44: =AP$53*(SUM(AK44:AO44)/SUM(AK$53:AO$53)) -> 205.41136 | AQ44: =AQ$53*(SUM(AL44:AP44)/SUM(AL$53:AP$53)) -> 203.76976 | AR44: =AR$53*(SUM(AM44:AQ44)/SUM(AM$53:AQ$53)) -> 203.8693 | ... BE44: =BE$53*(SUM(AZ44:BD44)/SUM(AZ$53:BD$53)) -> 204.37732
A45: Jan | Y45: ='[1]Soybean Exports'!$JO$216/1000 -> 258.9461 | Z45: ='[1]Soybean Exports'!KA$216/1000 -> 257.38929 | AA45: ='[1]Soybean Exports'!KM$216/1000 -> 223.89789 | AB45: ='[1]Soybean Exports'!KY$216/1000 -> 257.90296 | AC45: ='[1]Soybean Exports'!LK$216/1000 -> 213.54017 | AD45: ='[1]Soybean Exports'!LW$216/1000 -> 176.87762 | AE45: ='[1]Soybean Exports'!MI$216/1000 -> 190.66233 | AF45: ='[1]Soybean Exports'!MU$216/1000 -> 331.91088 | AG45: ='[1]Soybean Exports'!NG$216/1000 -> 240.48861 | AH45: ='[1]Soybean Exports'!NS$216/1000 -> 303.27872 | AI45: ='[1]Soybean Exports'!OE$216/1000 -> 215.7152 | AJ45: ='[1]Soybean Exports'!OQ$216/1000 -> 191.58195 | AK45: =AK$53*(SUM(AF45:AJ45)/SUM(AF$53:AJ$53)) -> 192.56363 | AL45: =AL$53*(SUM(AG45:AK45)/SUM(AG$53:AK$53)) -> 185.97791 | AM45: =AM$53*(SUM(AH45:AL45)/SUM(AH$53:AL$53)) -> 190.70201 | AN45: =AN$53*(SUM(AI45:AM45)/SUM(AI$53:AM$53)) -> 181.17135 | AO45: =AO$53*(SUM(AJ45:AN45)/SUM(AJ$53:AN$53)) -> 179.27005 | AP45: =AP$53*(SUM(AK45:AO45)/SUM(AK$53:AO$53)) -> 185.93699 | AQ45: =AQ$53*(SUM(AL45:AP45)/SUM(AL$53:AP$53)) -> 184.61166 | AR45: =AR$53*(SUM(AM45:AQ45)/SUM(AM$53:AQ$53)) -> 184.33841 | ... BE45: =BE$53*(SUM(AZ45:BD45)/SUM(AZ$53:BD$53)) -> 183.85419
A46: Feb | Y46: ='[1]Soybean Exports'!$JP$216/1000 -> 198.78552 | Z46: ='[1]Soybean Exports'!KB$216/1000 -> 166.72729 | AA46: ='[1]Soybean Exports'!KN$216/1000 -> 209.17898 | AB46: ='[1]Soybean Exports'!KZ$216/1000 -> 164.51252 | AC46: ='[1]Soybean Exports'!LL$216/1000 -> 155.94896 | AD46: ='[1]Soybean Exports'!LX$216/1000 -> 166.34515 | AE46: ='[1]Soybean Exports'!MJ$216/1000 -> 107.82537 | AF46: ='[1]Soybean Exports'!MV$216/1000 -> 164.87629 | AG46: ='[1]Soybean Exports'!NH$216/1000 -> 140.74541 | AH46: ='[1]Soybean Exports'!NT$216/1000 -> 201.18824 | AI46: ='[1]Soybean Exports'!OF$216/1000 -> 194.2932 | AJ46: ='[1]Soybean Exports'!OR$216/1000 -> 112.74581 | AK46: =AK$53*(SUM(AF46:AJ46)/SUM(AF$53:AJ$53)) -> 122.15177 | AL46: =AL$53*(SUM(AG46:AK46)/SUM(AG$53:AK$53)) -> 125.401 | AM46: =AM$53*(SUM(AH46:AL46)/SUM(AH$53:AL$53)) -> 132.33538 | AN46: =AN$53*(SUM(AI46:AM46)/SUM(AI$53:AM$53)) -> 127.4412 | AO46: =AO$53*(SUM(AJ46:AN46)/SUM(AJ$53:AN$53)) -> 118.0056 | AP46: =AP$53*(SUM(AK46:AO46)/SUM(AK$53:AO$53)) -> 125.06699 | AQ46: =AQ$53*(SUM(AL46:AP46)/SUM(AL$53:AP$53)) -> 125.65003 | AR46: =AR$53*(SUM(AM46:AQ46)/SUM(AM$53:AQ$53)) -> 125.69984 | ... BE46: =BE$53*(SUM(AZ46:BD46)/SUM(AZ$53:BD$53)) -> 124.6637
A47: Mar | Y47: ='[1]Soybean Exports'!$JQ$216/1000 -> 117.12454 | Z47: ='[1]Soybean Exports'!KC$216/1000 -> 94.315247 | AA47: ='[1]Soybean Exports'!KO$216/1000 -> 97.190486 | AB47: ='[1]Soybean Exports'!LA$216/1000 -> 118.47277 | AC47: ='[1]Soybean Exports'!LM$216/1000 -> 118.7196 | AD47: ='[1]Soybean Exports'!LY$216/1000 -> 141.34086 | AE47: ='[1]Soybean Exports'!MK$216/1000 -> 91.212055 | AF47: ='[1]Soybean Exports'!MW$216/1000 -> 83.461561 | AG47: ='[1]Soybean Exports'!NI$216/1000 -> 111.67217 | AH47: ='[1]Soybean Exports'!NU$216/1000 -> 113.90949 | AI47: ='[1]Soybean Exports'!OG$216/1000 -> 117.5444 | AJ47: ='[1]Soybean Exports'!OS$216/1000 -> 128.61612 | AK47: =AK$53*(SUM(AF47:AJ47)/SUM(AF$53:AJ$53))+50 -> 133.33133 | AL47: =AL$53*(SUM(AG47:AK47)/SUM(AG$53:AK$53)) -> 98.397643 | AM47: =AM$53*(SUM(AH47:AL47)/SUM(AH$53:AL$53)) -> 103.62267 | AN47: =AN$53*(SUM(AI47:AM47)/SUM(AI$53:AM$53)) -> 107.88423 | AO47: =AO$53*(SUM(AJ47:AN47)/SUM(AJ$53:AN$53)) -> 108.82832 | AP47: =AP$53*(SUM(AK47:AO47)/SUM(AK$53:AO$53)) -> 110.41284 | AQ47: =AQ$53*(SUM(AL47:AP47)/SUM(AL$53:AP$53)) -> 105.82914 | AR47: =AR$53*(SUM(AM47:AQ47)/SUM(AM$53:AQ$53)) -> 107.31544 | AS47: =AS$53*(SUM(AN47:AR47)/SUM(AN$53:AR$53)) -> 108.054 | ... BE47: =BE$53*(SUM(AZ47:BD47)/SUM(AZ$53:BD$53)) -> 107.77229
A48: Apr | Y48: ='[1]Soybean Exports'!$JR$216/1000 -> 43.112392 | Z48: ='[1]Soybean Exports'!KD$216/1000 -> 49.895629 | AA48: ='[1]Soybean Exports'!KP$216/1000 -> 50.139505 | AB48: ='[1]Soybean Exports'!LB$216/1000 -> 90.688373 | AC48: ='[1]Soybean Exports'!LN$216/1000 -> 80.924746 | AD48: ='[1]Soybean Exports'!LZ$216/1000 -> 91.416538 | AE48: ='[1]Soybean Exports'!ML$216/1000 -> 81.927051 | AF48: ='[1]Soybean Exports'!MX$216/1000 -> 50.178798 | AG48: ='[1]Soybean Exports'!NJ$216/1000 -> 130.88451 | AH48: ='[1]Soybean Exports'!NV$216/1000 -> 92.417335 | AI48: ='[1]Soybean Exports'!OH$216/1000 -> 65.705712 | AJ48: ='[1]Soybean Exports'!OT$216/1000 -> 80.216703 | AK48: =AK$53*(SUM(AF48:AJ48)/SUM(AF$53:AJ$53))+25 -> 87.948812 | AL48: =AL$53*(SUM(AG48:AK48)/SUM(AG$53:AK$53)) -> 74.345929 | AM48: =AM$53*(SUM(AH48:AL48)/SUM(AH$53:AL$53)) -> 70.150197 | AN48: =AN$53*(SUM(AI48:AM48)/SUM(AI$53:AM$53)) -> 70.196074 | AO48: =AO$53*(SUM(AJ48:AN48)/SUM(AJ$53:AN$53)) -> 72.861094 | AP48: =AP$53*(SUM(AK48:AO48)/SUM(AK$53:AO$53)) -> 75.100421 | AQ48: =AQ$53*(SUM(AL48:AP48)/SUM(AL$53:AP$53)) -> 72.530743 | AR48: =AR$53*(SUM(AM48:AQ48)/SUM(AM$53:AQ$53)) -> 72.167706 | AS48: =AS$53*(SUM(AN48:AR48)/SUM(AN$53:AR$53)) -> 72.571208 | ... BE48: =BE$53*(SUM(AZ48:BD48)/SUM(AZ$53:BD$53)) -> 72.810989
A49: May | Y49: ='[1]Soybean Exports'!$JS$216/1000 -> 32.358322 | Z49: ='[1]Soybean Exports'!KE$216/1000 -> 44.120125 | AA49: ='[1]Soybean Exports'!KQ$216/1000 -> 32.645897 | AB49: ='[1]Soybean Exports'!LC$216/1000 -> 53.889666 | AC49: ='[1]Soybean Exports'!LO$216/1000 -> 114.58846 | AD49: ='[1]Soybean Exports'!MA$216/1000 -> 91.247539 | AE49: ='[1]Soybean Exports'!MM$216/1000 -> 71.096964 | AF49: ='[1]Soybean Exports'!MY$216/1000 -> 49.558687 | AG49: ='[1]Soybean Exports'!NK$216/1000 -> 90.286793 | AH49: ='[1]Soybean Exports'!NW$216/1000 -> 36.691536 | AI49: ='[1]Soybean Exports'!OI$216/1000 -> 50.706236 | AJ49: ='[1]Soybean Exports'!OU$216/1000 -> 58.657671 | AK49: =AK$53*(SUM(AF49:AJ49)/SUM(AF$53:AJ$53))+50 -> 92.911284 | AL49: =AL$53*(SUM(AG49:AK49)/SUM(AG$53:AK$53)) -> 53.543527 | AM49: =AM$53*(SUM(AH49:AL49)/SUM(AH$53:AL$53)) -> 51.217887 | AN49: =AN$53*(SUM(AI49:AM49)/SUM(AI$53:AM$53)) -> 56.962536 | AO49: =AO$53*(SUM(AJ49:AN49)/SUM(AJ$53:AN$53)) -> 59.622317 | AP49: =AP$53*(SUM(AK49:AO49)/SUM(AK$53:AO$53)) -> 62.85151 | AQ49: =AQ$53*(SUM(AL49:AP49)/SUM(AL$53:AP$53)) -> 56.839555 | AR49: =AR$53*(SUM(AM49:AQ49)/SUM(AM$53:AQ$53)) -> 57.498761 | AS49: =AS$53*(SUM(AN49:AR49)/SUM(AN$53:AR$53)) -> 58.754936 | ... BE49: =BE$53*(SUM(AZ49:BD49)/SUM(AZ$53:BD$53)) -> 58.634601
A50: Jun | Y50: ='[1]Soybean Exports'!$JT$216/1000 -> 22.433382 | Z50: ='[1]Soybean Exports'!KF$216/1000 -> 34.521148 | AA50: ='[1]Soybean Exports'!KR$216/1000 -> 38.741296 | AB50: ='[1]Soybean Exports'!LD$216/1000 -> 65.992379 | AC50: ='[1]Soybean Exports'!LP$216/1000 -> 115.5013 | AD50: ='[1]Soybean Exports'!MB$216/1000 -> 121.46877 | AE50: ='[1]Soybean Exports'!MN$216/1000 -> 65.521083 | AF50: ='[1]Soybean Exports'!MZ$216/1000 -> 34.322483 | AG50: ='[1]Soybean Exports'!NL$216/1000 -> 83.009892 | AH50: ='[1]Soybean Exports'!NX$216/1000 -> 30.393783 | AI50: ='[1]Soybean Exports'!OJ$216/1000 -> 51.976291 | AJ50: ='[1]Soybean Exports'!OV$216/1000 -> 55.178084 | AK50: =AK$53*(SUM(AF50:AJ50)/SUM(AF$53:AJ$53))+25 -> 63.255388 | AL50: =AL$53*(SUM(AG50:AK50)/SUM(AG$53:AK$53)) -> 46.154017 | AM50: =AM$53*(SUM(AH50:AL50)/SUM(AH$53:AL$53)) -> 43.241713 | AN50: =AN$53*(SUM(AI50:AM50)/SUM(AI$53:AM$53)) -> 48.20005 | AO50: =AO$53*(SUM(AJ50:AN50)/SUM(AJ$53:AN$53)) -> 48.724554 | AP50: =AP$53*(SUM(AK50:AO50)/SUM(AK$53:AO$53)) -> 49.915145 | AQ50: =AQ$53*(SUM(AL50:AP50)/SUM(AL$53:AP$53)) -> 47.247096 | AR50: =AR$53*(SUM(AM50:AQ50)/SUM(AM$53:AQ$53)) -> 47.465712 | AS50: =AS$53*(SUM(AN50:AR50)/SUM(AN$53:AR$53)) -> 48.310511 | ... BE50: =BE$53*(SUM(AZ50:BD50)/SUM(AZ$53:BD$53)) -> 48.110466
A51: Jul | Y51: ='[1]Soybean Exports'!$JU$216/1000 -> 19.315794 | Z51: ='[1]Soybean Exports'!KG$216/1000 -> 39.731706 | AA51: ='[1]Soybean Exports'!KS$216/1000 -> 97.873181 | AB51: ='[1]Soybean Exports'!LE$216/1000 -> 85.93961 | AC51: ='[1]Soybean Exports'!LQ$216/1000 -> 126.12177 | AD51: ='[1]Soybean Exports'!MC$216/1000 -> 136.09915 | AE51: ='[1]Soybean Exports'!MO$216/1000 -> 84.758828 | AF51: ='[1]Soybean Exports'!NA$216/1000 -> 35.144356 | AG51: ='[1]Soybean Exports'!NM$216/1000 -> 85.165766 | AH51: ='[1]Soybean Exports'!NY$216/1000 -> 46.961536 | AI51: ='[1]Soybean Exports'!OK$216/1000 -> 55.267506 | AJ51: ='[1]Soybean Exports'!OW$216/1000 -> 64.644862 | AK51: =AK$53*(SUM(AF51:AJ51)/SUM(AF$53:AJ$53))+25 -> 68.103866 | AL51: =AL$53*(SUM(AG51:AK51)/SUM(AG$53:AK$53)) -> 52.062053 | AM51: =AM$53*(SUM(AH51:AL51)/SUM(AH$53:AL$53)) -> 50.260026 | AN51: =AN$53*(SUM(AI51:AM51)/SUM(AI$53:AM$53)) -> 53.864609 | AO51: =AO$53*(SUM(AJ51:AN51)/SUM(AJ$53:AN$53)) -> 54.986878 | AP51: =AP$53*(SUM(AK51:AO51)/SUM(AK$53:AO$53)) -> 55.855487 | AQ51: =AQ$53*(SUM(AL51:AP51)/SUM(AL$53:AP$53)) -> 53.405811 | AR51: =AR$53*(SUM(AM51:AQ51)/SUM(AM$53:AQ$53)) -> 53.674562 | AS51: =AS$53*(SUM(AN51:AR51)/SUM(AN$53:AR$53)) -> 54.357469 | ... BE51: =BE$53*(SUM(AZ51:BD51)/SUM(AZ$53:BD$53)) -> 54.223201
A52: Aug | Y52: ='[1]Soybean Exports'!JV$216/1000 -> 16.995679 | Z52: ='[1]Soybean Exports'!KH$216/1000 -> 42.934908 | AA52: ='[1]Soybean Exports'!KT$216/1000 -> 153.15125 | AB52: ='[1]Soybean Exports'!LF$216/1000 -> 110.37248 | AC52: ='[1]Soybean Exports'!LR$216/1000 -> 127.12746 | AD52: ='[1]Soybean Exports'!MD$216/1000 -> 181.85505 | AE52: ='[1]Soybean Exports'!MP$216/1000 -> 171.53056 | AF52: ='[1]Soybean Exports'!NB$216/1000 -> 42.903026 | AG52: ='[1]Soybean Exports'!NN$216/1000 -> 118.80647 | AH52: ='[1]Soybean Exports'!NZ$216/1000 -> 62.721352 | AI52: ='[1]Soybean Exports'!OL$216/1000 -> 63.232239 | AJ52: ='[1]Soybean Exports'!OX$216/1000 -> 83.640077 | AK52: =AK53-SUM(AK41:AK51) -> 65.72658 | AL52: =AL53-SUM(AL41:AL51) -> 64.09327 | AM52: =AM53-SUM(AM41:AM51) -> 59.430542 | AN52: =AN53-SUM(AN41:AN51) -> 62.358695 | AO52: =AO53-SUM(AO41:AO51) -> 63.80078 | AP52: =AP53-SUM(AP41:AP51) -> 63.081973 | AQ52: =AQ53-SUM(AQ41:AQ51) -> 62.553052 | AR52: =AR53-SUM(AR41:AR51) -> 62.245009 | ... BE52: =BE53-SUM(BE41:BE51) -> 62.706825
A53: Marketing-year Total | Y53: =SUM(Y41:Y52) -> 961.13441 | Z53: =SUM(Z41:Z52) -> 1844.1504 | AA53: =SUM(AA41:AA52) -> 1944.5526 | AB53: =SUM(AB41:AB52) -> 2170.6366 | AC53: =SUM(AC41:AC52) -> 2139.603 | AD53: =SUM(AD41:AD52) -> 1759.1817 | AE53: =SUM(AE41:AE52) -> 1685.3892 | AF53: =SUM(AF41:AF52) -> 2270.0046 | ... AJ53: =SUM(AJ41:AJ52) -> 1881.9372 | AK53: =AK15 -> 1500 | AL53: =AL15 -> 1500 | AM53: =AM15 -> 1500 | AN53: =AN15 -> 1500 | AO53: =AO15 -> 1500 | AP53: =AP15 -> 1500 | AQ53: =AQ15 -> 1500 | AR53: =AR15 -> 1500 | ... BE53: =BE15 -> 1500
A55: US SOYBEAN CRUSH
A56: million bushels | B56: =B35 -> 0 | F56: =F19 -> 0 | G56: =G19 -> 0 | H56: =H3 -> 1996/97 | I56: =I3 -> 1997/98 | J56: =J3 -> 1998/99 | K56: =K3 -> 1999/00 | L56: =L3 -> 2000/01 | M56: =M3 -> 2001/02 | N56: =N3 -> 2002/03 | O56: =O3 -> 2003/04 | ... BE56: =BE3 -> 2045/46
A57: Sep | AA57: ='[3]NASS Crush'!$D9 -> 148.3305 | AB57: ='[3]NASS Crush'!$D21 -> 152.41316 | AC57: ='[3]NASS Crush'!$D33 -> 160.24688 | AD57: ='[3]NASS Crush'!$D45 -> 187.00633 | AE57: ='[3]NASS Crush'!$D57 -> 178.94307 | AF57: ='[3]NASS Crush'!$D69 -> 188.55636 | AG57: ='[3]NASS Crush'!$D81 -> 180.94707 | AH57: ='[3]NASS Crush'!$D93 -> 184.75787 | AI57: ='[3]NASS Crush'!$D105 -> 192.64468 | AJ57: ='[3]NASS Crush'!$D117 -> 205.58449 | AK57: ='[3]NASS Crush'!$D129 -> 0 | AL57: =AL$69*(SUM(AG57:AK57)/SUM(AG$69:AK$69)) -> 154.4767 | AM57: =AM$69*(SUM(AH57:AL57)/SUM(AH$69:AL$69)) -> 148.27677 | AN57: =AN$69*(SUM(AI57:AM57)/SUM(AI$69:AM$69)) -> 140.2452 | AO57: =AO$69*(SUM(AJ57:AN57)/SUM(AJ$69:AN$69)) -> 129.96047 | AP57: =AP$69*(SUM(AK57:AO57)/SUM(AK$69:AO$69)) -> 114.59183 | AQ57: =AQ$69*(SUM(AL57:AP57)/SUM(AL$69:AP$69)) -> 137.5102 | AR57: =AR$69*(SUM(AM57:AQ57)/SUM(AM$69:AQ$69)) -> 134.1169 | AS57: =AS$69*(SUM(AN57:AR57)/SUM(AN$69:AR$69)) -> 131.28492 | ... BE57: =BE$69*(SUM(AZ57:BD57)/SUM(AZ$69:BD$69)) -> 130.98751
A58: Oct | AA58: ='[3]NASS Crush'!$D10 -> 187.54021 | AB58: ='[3]NASS Crush'!$D22 -> 193.87501 | AC58: ='[3]NASS Crush'!$D34 -> 193.91109 | AD58: ='[3]NASS Crush'!$D46 -> 202.33848 | AE58: ='[3]NASS Crush'!$D58 -> 206.33851 | AF58: ='[3]NASS Crush'!$D70 -> 216.6805 | AG58: ='[3]NASS Crush'!$D82 -> 217.08755 | AH58: ='[3]NASS Crush'!$D94 -> 216.77659 | AI58: ='[3]NASS Crush'!$D106 -> 221.99386 | AJ58: ='[3]NASS Crush'!$D118 -> 237.86049 | AK58: ='[3]NASS Crush'!$D130 -> 0 | AL58: =AL$69*(SUM(AG58:AK58)/SUM(AG$69:AK$69)) -> 180.72067 | AM58: =AM$69*(SUM(AH58:AL58)/SUM(AH$69:AL$69)) -> 172.3818 | AN58: =AN$69*(SUM(AI58:AM58)/SUM(AI$69:AM$69)) -> 162.64781 | AO58: =AO$69*(SUM(AJ58:AN58)/SUM(AJ$69:AN$69)) -> 151.00548 | AP58: =AP$69*(SUM(AK58:AO58)/SUM(AK$69:AO$69)) -> 133.35115 | AQ58: =AQ$69*(SUM(AL58:AP58)/SUM(AL$69:AP$69)) -> 160.02138 | AR58: =AR$69*(SUM(AM58:AQ58)/SUM(AM$69:AQ$69)) -> 155.88153 | AS58: =AS$69*(SUM(AN58:AR58)/SUM(AN$69:AR$69)) -> 152.58147 | ... BE58: =BE$69*(SUM(AZ58:BD58)/SUM(AZ$69:BD$69)) -> 152.29981
A59: Nov | AA59: ='[3]NASS Crush'!$D11 -> 182.74604 | AB59: ='[3]NASS Crush'!$D23 -> 188.20263 | AC59: ='[3]NASS Crush'!$D35 -> 191.08422 | AD59: ='[3]NASS Crush'!$D47 -> 196.32354 | AE59: ='[3]NASS Crush'!$D59 -> 192.51685 | AF59: ='[3]NASS Crush'!$D71 -> 210.58575 | AG59: ='[3]NASS Crush'!$D83 -> 210.09838 | AH59: ='[3]NASS Crush'!$D95 -> 208.96502 | AI59: ='[3]NASS Crush'!$D107 -> 220.5617 | AJ59: ='[3]NASS Crush'!$D119 -> 231.53032 | AK59: ='[3]NASS Crush'!$D131 -> 0 | AL59: =AL$69*(SUM(AG59:AK59)/SUM(AG$69:AK$69)) -> 176.15815 | AM59: =AM$69*(SUM(AH59:AL59)/SUM(AH$69:AL$69)) -> 168.33311 | AN59: =AN$69*(SUM(AI59:AM59)/SUM(AI$69:AM$69)) -> 159.37197 | AO59: =AO$69*(SUM(AJ59:AN59)/SUM(AJ$69:AN$69)) -> 147.35518 | AP59: =AP$69*(SUM(AK59:AO59)/SUM(AK$69:AO$69)) -> 130.24368 | AQ59: =AQ$69*(SUM(AL59:AP59)/SUM(AL$69:AP$69)) -> 156.29242 | AR59: =AR$69*(SUM(AM59:AQ59)/SUM(AM$69:AQ$69)) -> 152.31927 | AS59: =AS$69*(SUM(AN59:AR59)/SUM(AN$69:AR$69)) -> 149.1165 | ... BE59: =BE$69*(SUM(AZ59:BD59)/SUM(AZ$69:BD$69)) -> 148.7911
A60: Dec | AA60: ='[3]NASS Crush'!$D12 -> 184.13459 | AB60: ='[3]NASS Crush'!$D24 -> 186.34542 | AC60: ='[3]NASS Crush'!$D36 -> 194.38207 | AD60: ='[3]NASS Crush'!$D48 -> 202.57779 | AE60: ='[3]NASS Crush'!$D60 -> 203.64365 | AF60: ='[3]NASS Crush'!$D72 -> 212.90156 | AG60: ='[3]NASS Crush'!$D84 -> 218.52294 | AH60: ='[3]NASS Crush'!$D96 -> 206.59369 | AI60: ='[3]NASS Crush'!$D108 -> 225.1859 | AJ60: ='[3]NASS Crush'!$D120 -> 239.97468 | AK60: ='[3]NASS Crush'!$D132 -> 0 | AL60: =AL$69*(SUM(AG60:AK60)/SUM(AG$69:AK$69)) -> 180.0248 | AM60: =AM$69*(SUM(AH60:AL60)/SUM(AH$69:AL$69)) -> 171.26137 | AN60: =AN$69*(SUM(AI60:AM60)/SUM(AI$69:AM$69)) -> 163.34604 | AO60: =AO$69*(SUM(AJ60:AN60)/SUM(AJ$69:AN$69)) -> 151.20508 | AP60: =AP$69*(SUM(AK60:AO60)/SUM(AK$69:AO$69)) -> 133.16746 | AQ60: =AQ$69*(SUM(AL60:AP60)/SUM(AL$69:AP$69)) -> 159.80095 | AR60: =AR$69*(SUM(AM60:AQ60)/SUM(AM$69:AQ$69)) -> 155.75618 | AS60: =AS$69*(SUM(AN60:AR60)/SUM(AN$69:AR$69)) -> 152.65514 | ... BE60: =BE$69*(SUM(AZ60:BD60)/SUM(AZ$69:BD$69)) -> 152.23469
A61: Jan | AA61: ='[3]NASS Crush'!$D13 -> 176.88579 | AB61: ='[3]NASS Crush'!$D25 -> 188.85182 | AC61: ='[3]NASS Crush'!$D37 -> 192.53063 | AD61: ='[3]NASS Crush'!$D49 -> 201.80107 | AE61: ='[3]NASS Crush'!$D61 -> 208.09438 | AF61: ='[3]NASS Crush'!$D73 -> 216.61734 | AG61: ='[3]NASS Crush'!$D85 -> 214.17807 | AH61: ='[3]NASS Crush'!$D97 -> 210.703 | AI61: ='[3]NASS Crush'!$D109 -> 214.15661 | AJ61: ='[3]NASS Crush'!$D121 -> 234.30116 | AK61: =AK$69*(SUM(AF61:AJ61)/SUM(AF$69:AJ$69)) -> 222.93417 | AL61: =AL$69*(SUM(AG61:AK61)/SUM(AG$69:AK$69)) -> 221.67964 | AM61: =AM$69*(SUM(AH61:AL61)/SUM(AH$69:AL$69)) -> 221.92838 | AN61: =AN$69*(SUM(AI61:AM61)/SUM(AI$69:AM$69)) -> 223.07741 | AO61: =AO$69*(SUM(AJ61:AN61)/SUM(AJ$69:AN$69)) -> 225.2067 | AP61: =AP$69*(SUM(AK61:AO61)/SUM(AK$69:AO$69)) -> 222.96526 | AQ61: =AQ$69*(SUM(AL61:AP61)/SUM(AL$69:AP$69)) -> 222.97148 | AR61: =AR$69*(SUM(AM61:AQ61)/SUM(AM$69:AQ$69)) -> 223.22985 | ... BE61: =BE$69*(SUM(AZ61:BD61)/SUM(AZ$69:BD$69)) -> 223.35766
A62: Feb | AA62: ='[3]NASS Crush'!$D14 -> 170.44164 | AB62: ='[3]NASS Crush'!$D26 -> 166.90223 | AC62: ='[3]NASS Crush'!$D38 -> 181.83619 | AD62: ='[3]NASS Crush'!$D50 -> 179.43543 | AE62: ='[3]NASS Crush'!$D62 -> 193.22692 | AF62: ='[3]NASS Crush'!$D74 -> 181.16478 | AG62: ='[3]NASS Crush'!$D86 -> 192.25968 | AH62: ='[3]NASS Crush'!$D98 -> 194.99863 | AI62: ='[3]NASS Crush'!$D110 -> 213.23299 | AJ62: ='[3]NASS Crush'!$D122 -> 208.97259 | AK62: =AK$69*(SUM(AF62:AJ62)/SUM(AF$69:AJ$69)) -> 202.61822 | AL62: =AL$69*(SUM(AG62:AK62)/SUM(AG$69:AK$69)) -> 204.65522 | AM62: =AM$69*(SUM(AH62:AL62)/SUM(AH$69:AL$69)) -> 205.98469 | AN62: =AN$69*(SUM(AI62:AM62)/SUM(AI$69:AM$69)) -> 207.16464 | AO62: =AO$69*(SUM(AJ62:AN62)/SUM(AJ$69:AN$69)) -> 206.26608 | AP62: =AP$69*(SUM(AK62:AO62)/SUM(AK$69:AO$69)) -> 205.33777 | AQ62: =AQ$69*(SUM(AL62:AP62)/SUM(AL$69:AP$69)) -> 205.88168 | AR62: =AR$69*(SUM(AM62:AQ62)/SUM(AM$69:AQ$69)) -> 206.12697 | ... BE62: =BE$69*(SUM(AZ62:BD62)/SUM(AZ$69:BD$69)) -> 205.99078
A63: Mar | AA63: ='[3]NASS Crush'!$D15 -> 183.41081 | AB63: ='[3]NASS Crush'!$D27 -> 177.21343 | AC63: ='[3]NASS Crush'!$D39 -> 200.81314 | AD63: ='[3]NASS Crush'!$D51 -> 197.79163 | AE63: ='[3]NASS Crush'!$D63 -> 211.82254 | AF63: ='[3]NASS Crush'!$D75 -> 207.48168 | AG63: ='[3]NASS Crush'!$D87 -> 212.60489 | AH63: ='[3]NASS Crush'!$D99 -> 218.22128 | AI63: ='[3]NASS Crush'!$D111 -> 224.35909 | AJ63: ='[3]NASS Crush'!$D123 -> 227.90802 | AK63: =AK$69*(SUM(AF63:AJ63)/SUM(AF$69:AJ$69)) -> 223.06073 | AL63: =AL$69*(SUM(AG63:AK63)/SUM(AG$69:AK$69)) -> 223.6777 | AM63: =AM$69*(SUM(AH63:AL63)/SUM(AH$69:AL$69)) -> 224.63313 | AN63: =AN$69*(SUM(AI63:AM63)/SUM(AI$69:AM$69)) -> 224.80575 | AO63: =AO$69*(SUM(AJ63:AN63)/SUM(AJ$69:AN$69)) -> 225.23967 | AP63: =AP$69*(SUM(AK63:AO63)/SUM(AK$69:AO$69)) -> 224.2834 | AQ63: =AQ$69*(SUM(AL63:AP63)/SUM(AL$69:AP$69)) -> 224.52793 | AR63: =AR$69*(SUM(AM63:AQ63)/SUM(AM$69:AQ$69)) -> 224.69797 | ... BE63: =BE$69*(SUM(AZ63:BD63)/SUM(AZ$69:BD$69)) -> 224.64802
A64: Apr | AA64: ='[3]NASS Crush'!$D16 -> 174.35216 | AB64: ='[3]NASS Crush'!$D28 -> 165.69436 | AC64: ='[3]NASS Crush'!$D40 -> 189.19871 | AD64: ='[3]NASS Crush'!$D52 -> 189.09789 | AE64: ='[3]NASS Crush'!$D64 -> 202.15741 | AF64: ='[3]NASS Crush'!$D76 -> 187.23234 | AG64: ='[3]NASS Crush'!$D88 -> 199.39748 | AH64: ='[3]NASS Crush'!$D100 -> 206.11772 | AI64: ='[3]NASS Crush'!$D112 -> 195.73648 | AJ64: ='[3]NASS Crush'!$D124 -> 223.09084 | AK64: =AK$69*(SUM(AF64:AJ64)/SUM(AF$69:AJ$69)) -> 206.90245 | AL64: =AL$69*(SUM(AG64:AK64)/SUM(AG$69:AK$69)) -> 208.53018 | AM64: =AM$69*(SUM(AH64:AL64)/SUM(AH$69:AL$69)) -> 209.1816 | AN64: =AN$69*(SUM(AI64:AM64)/SUM(AI$69:AM$69)) -> 208.76076 | AO64: =AO$69*(SUM(AJ64:AN64)/SUM(AJ$69:AN$69)) -> 211.69035 | AP64: =AP$69*(SUM(AK64:AO64)/SUM(AK$69:AO$69)) -> 209.01307 | AQ64: =AQ$69*(SUM(AL64:AP64)/SUM(AL$69:AP$69)) -> 209.43519 | AR64: =AR$69*(SUM(AM64:AQ64)/SUM(AM$69:AQ$69)) -> 209.6162 | ... BE64: =BE$69*(SUM(AZ64:BD64)/SUM(AZ$69:BD$69)) -> 209.66332
A65: May | Z65: ='[3]NASS Crush'!$D5 -> 172.04583 | AA65: ='[3]NASS Crush'!$D17 -> 177.31896 | AB65: ='[3]NASS Crush'!$D29 -> 174.14261 | AC65: ='[3]NASS Crush'!$D41 -> 190.11337 | AD65: ='[3]NASS Crush'!$D53 -> 182.36894 | AE65: ='[3]NASS Crush'!$D65 -> 197.92119 | AF65: ='[3]NASS Crush'!$D77 -> 191.25213 | AG65: ='[3]NASS Crush'!$D89 -> 199.41394 | AH65: ='[3]NASS Crush'!$D101 -> 208.671 | AI65: ='[3]NASS Crush'!$D113 -> 211.23141 | AJ65: ='[3]NASS Crush'!$D125 -> 224.54498 | AK65: =AK$69*(SUM(AF65:AJ65)/SUM(AF$69:AJ$69)) -> 211.71692 | AL65: =AL$69*(SUM(AG65:AK65)/SUM(AG$69:AK$69)) -> 213.45067 | AM65: =AM$69*(SUM(AH65:AL65)/SUM(AH$69:AL$69)) -> 215.06014 | AN65: =AN$69*(SUM(AI65:AM65)/SUM(AI$69:AM$69)) -> 215.27553 | AO65: =AO$69*(SUM(AJ65:AN65)/SUM(AJ$69:AN$69)) -> 216.41569 | AP65: =AP$69*(SUM(AK65:AO65)/SUM(AK$69:AO$69)) -> 214.38379 | AQ65: =AQ$69*(SUM(AL65:AP65)/SUM(AL$69:AP$69)) -> 214.91717 | AR65: =AR$69*(SUM(AM65:AQ65)/SUM(AM$69:AQ$69)) -> 215.21047 | ... BE65: =BE$69*(SUM(AZ65:BD65)/SUM(AZ$69:BD$69)) -> 215.12963
A66: Jun | Z66: ='[3]NASS Crush'!$D6 -> 167.15088 | AA66: ='[3]NASS Crush'!$D18 -> 169.89376 | AB66: ='[3]NASS Crush'!$D30 -> 163.3942 | AC66: ='[3]NASS Crush'!$D42 -> 186.91303 | AD66: ='[3]NASS Crush'!$D54 -> 173.76599 | AE66: ='[3]NASS Crush'!$D66 -> 195.41839 | AF66: ='[3]NASS Crush'!$D78 -> 178.2927 | AG66: ='[3]NASS Crush'!$D90 -> 191.89074 | AH66: ='[3]NASS Crush'!$D102 -> 192.40897 | AI66: ='[3]NASS Crush'!$D114 -> 202.26587 | AJ66: ='[3]NASS Crush'!$D126 -> 217.07234 | AK66: =AK$69*(SUM(AF66:AJ66)/SUM(AF$69:AJ$69)) -> 200.83917 | AL66: =AL$69*(SUM(AG66:AK66)/SUM(AG$69:AK$69)) -> 203.1174 | AM66: =AM$69*(SUM(AH66:AL66)/SUM(AH$69:AL$69)) -> 204.22058 | AN66: =AN$69*(SUM(AI66:AM66)/SUM(AI$69:AM$69)) -> 205.57442 | AO66: =AO$69*(SUM(AJ66:AN66)/SUM(AJ$69:AN$69)) -> 206.55232 | AP66: =AP$69*(SUM(AK66:AO66)/SUM(AK$69:AO$69)) -> 204.06078 | AQ66: =AQ$69*(SUM(AL66:AP66)/SUM(AL$69:AP$69)) -> 204.7051 | AR66: =AR$69*(SUM(AM66:AQ66)/SUM(AM$69:AQ$69)) -> 205.02264 | ... BE66: =BE$69*(SUM(AZ66:BD66)/SUM(AZ$69:BD$69)) -> 204.98327
A67: Jul | Z67: ='[3]NASS Crush'!$D7 -> 171.70041 | AA67: ='[3]NASS Crush'!$D19 -> 169.1512 | AB67: ='[3]NASS Crush'!$D31 -> 171.54458 | AC67: ='[3]NASS Crush'!$D43 -> 197.16037 | AD67: ='[3]NASS Crush'!$D55 -> 197.82426 | AE67: ='[3]NASS Crush'!$D67 -> 203.38358 | AF67: ='[3]NASS Crush'!$D79 -> 183.35092 | AG67: ='[3]NASS Crush'!$D91 -> 199.95113 | AH67: ='[3]NASS Crush'!$D103 -> 203.74385 | AI67: ='[3]NASS Crush'!$D115 -> 213.04857 | AJ67: ='[3]NASS Crush'!$D127 -> 225.70711 | AK67: =AK$69*(SUM(AF67:AJ67)/SUM(AF$69:AJ$69)) -> 209.81231 | AL67: =AL$69*(SUM(AG67:AK67)/SUM(AG$69:AK$69)) -> 212.78028 | AM67: =AM$69*(SUM(AH67:AL67)/SUM(AH$69:AL$69)) -> 214.15076 | AN67: =AN$69*(SUM(AI67:AM67)/SUM(AI$69:AM$69)) -> 215.17448 | AO67: =AO$69*(SUM(AJ67:AN67)/SUM(AJ$69:AN$69)) -> 215.93012 | AP67: =AP$69*(SUM(AK67:AO67)/SUM(AK$69:AO$69)) -> 213.56959 | AQ67: =AQ$69*(SUM(AL67:AP67)/SUM(AL$69:AP$69)) -> 214.32105 | AR67: =AR$69*(SUM(AM67:AQ67)/SUM(AM$69:AQ$69)) -> 214.6292 | ... BE67: =BE$69*(SUM(AZ67:BD67)/SUM(AZ$69:BD$69)) -> 214.54231
A68: Aug | Z68: ='[3]NASS Crush'!$D8 -> 159.36992 | AA68: ='[3]NASS Crush'!$D20 -> 155.01392 | AB68: ='[3]NASS Crush'!$D32 -> 167.1321 | AC68: ='[3]NASS Crush'!$D44 -> 186.98443 | AD68: ='[3]NASS Crush'!$D56 -> 195.69254 | AE68: ='[3]NASS Crush'!$D68 -> 192.54544 | AF68: ='[3]NASS Crush'!$D80 -> 185.47397 | AG68: ='[3]NASS Crush'!$D92 -> 193.00066 | AH68: ='[3]NASS Crush'!$D104 -> 186.28578 | AI68: ='[3]NASS Crush'!$D116 -> 184.69765 | AJ68: ='[3]NASS Crush'!$D128 -> 0 | AK68: =AK69-SUM(AK57:AK67) -> 1022.116 | AL68: =AL69-SUM(AL57:AL67) -> 320.72859 | AM68: =AM69-SUM(AM57:AM67) -> 344.58765 | AN68: =AN69-SUM(AN57:AN67) -> 374.55597 | AO68: =AO69-SUM(AO57:AO67) -> 413.17286 | AP68: =AP69-SUM(AP57:AP67) -> 495.03222 | AQ68: =AQ69-SUM(AQ57:AQ67) -> 389.61546 | AR68: =AR69-SUM(AR57:AR67) -> 403.39283 | ... BE68: =BE69-SUM(BE57:BE67) -> 417.3719
A69: Marketing-year Total | Z69: =SUM(Z57:Z68) -> 670.26704 | AA69: =SUM(AA57:AA68) -> 2079.2196 | AB69: =SUM(AB57:AB68) -> 2095.7115 | AC69: =SUM(AC57:AC68) -> 2265.1741 | AD69: =SUM(AD57:AD68) -> 2306.0239 | AE69: =SUM(AE57:AE68) -> 2386.0119 | AF69: =SUM(AF57:AF68) -> 2359.59 | AG69: =SUM(AG57:AG68) -> 2429.3525 | ... AJ69: =SUM(AJ57:AJ68) -> 2476.547 | AK69: =AK12 -> 2500 | AL69: =AL12 -> 2500 | AM69: =AM12 -> 2500 | AN69: =AN12 -> 2500 | AO69: =AO12 -> 2500 | AP69: =AP12 -> 2500 | AQ69: =AQ12 -> 2500 | AR69: =AR12 -> 2500 | ... BE69: =BE12 -> 2500
A71: US SOYBEAN SEED USE
A72: million bushels | B72: =B51 -> 0 | F72: =F35 -> 0 | G72: =G35 -> 0 | H72: =H3 -> 1996/97 | I72: =I3 -> 1997/98 | J72: =J3 -> 1998/99 | K72: =K3 -> 1999/00 | L72: =L3 -> 2000/01 | M72: =M3 -> 2001/02 | N72: =N3 -> 2002/03 | O72: =O3 -> 2003/04 | ... BE72: =BE3 -> 2045/46
A73: Sep
A74: Oct
A75: Nov
A76: Dec
A77: Jan
A78: Feb
A79: Mar
A80: Apr
A81: May
A82: Jun
A83: Jul
A84: Aug
... A87: US SOYBEAN RESIDUAL USE
A88: million bushels | B88: =B67 -> 0 | F88: =F51 -> 0 | G88: =G51 -> 0 | H88: =H3 -> 1996/97 | I88: =I3 -> 1997/98 | J88: =J3 -> 1998/99 | K88: =K3 -> 1999/00 | L88: =L3 -> 2000/01 | M88: =M3 -> 2001/02 | N88: =N3 -> 2002/03 | O88: =O3 -> 2003/04 | ... BE88: =BE3 -> 2045/46
A89: Sep
A90: Oct
A91: Nov
A92: Dec
A93: Jan
A94: Feb
A95: Mar
A96: Apr
A97: May
A98: Jun
A99: Jul
A100: Aug
... A103: US SOYBEAN STOCKS
A104: million bushels | B104: =B83 -> 0 | F104: =F67 -> 0 | G104: =G67 -> 0 | H104: =H3 -> 1996/97 | I104: =I3 -> 1997/98 | J104: =J3 -> 1998/99 | K104: =K3 -> 1999/00 | L104: =L3 -> 2000/01 | M104: =M3 -> 2001/02 | N104: =N3 -> 2002/03 | O104: =O3 -> 2003/04 | ... BE104: =BE3 -> 2045/46
A105: Sep
A106: Oct
A107: Nov
A108: Dec
...

Sheet US Soymeal Bal Sheet
A1: US SOYBEAN COMPLEX
A2: US SOYBEAN MEAL SUPPLY AND DEMAND
A3: million acres | B3: 1990/91 | C3: 1991/92 | D3: 1992/93 | E3: 1993/94 | F3: 1994/95 | G3: 1995/96 | H3: 1996/97 | I3: 1997/98 | J3: 1998/99 | K3: 1999/00 | L3: 2000/01 | M3: 2001/02 | N3: 2002/03 | O3: 2003/04 | P3: 2004/05 | Q3: 2005/06 | R3: 2006/07 | S3: 2007/08 | T3: 2008/09 | U3: 2009/10 | V3: 2010/11 | W3: 2011/12 | X3: 2012/13 | Y3: 2013/14 | Z3: 2014/15 | AA3: 2015/16 | AB3: 2016/17 | AC3: 2017/18 | AD3: 2018/19 | AE3: 2019/20 | AF3: 2020/21 | AG3: 2021/22 | AH3: 2022/23 | AI3: 2023/24 | AJ3: 2024/25 | AK3: 2025/26 | AL3: 2026/27 | AM3: 2027/28 | AN3: 2028/29 | AO3: 2029/30 | AP3: 2030/31 | AQ3: 2031/32 | AR3: 2032/33 | AS3: 2033/34 | AT3: 2034/35 | AU3: 2035/36 | AV3: 2036/37 | AW3: 2037/38 | AX3: 2038/39 | AY3: 2039/40 | AZ3: 2040/41 | BA3: 2041/42 | BB3: 2042/43 | BC3: 2043/44 | BD3: 2044/45 | BE3: 2045/46
A4: Oct-Sep Crush (million bushels)
A5: Oct-Sep Average Yield (pounds per bushel)
A6: US Average PCAU (million units)
A7: Demand per PCAU (pounds per unit)
A8: Beginning Stocks (thousand short tons)
A9: Production
A10: Imports
A11: Total Supply
A12: Domestic Use
A13: Exports
A14: Total Demand
A15: Ending Stocks (Sep. 30)
... A21: US SOYBEAN MEAL PRODUCTION
A22: (thousand short tons) | B22: =B3 -> 1990/91 | H22: =H3 -> 1996/97 | I22: =I3 -> 1997/98 | J22: =J3 -> 1998/99 | K22: =K3 -> 1999/00 | L22: =L3 -> 2000/01 | M22: =M3 -> 2001/02 | N22: =N3 -> 2002/03 | O22: =O3 -> 2003/04 | ... BE22: =BE3 -> 2045/46
A23: Oct
A24: Nov
A25: Dec
A26: Jan
A27: Feb
A28: Mar
A29: Apr
A30: May
A31: Jun
A32: Jul
A33: Aug
A34: Sep
... A37: US SOYBEAN MEAL YIELD
A38: (thousand short tons) | B38: =B19 -> 0 | H38: =H3 -> 1996/97 | I38: =I3 -> 1997/98 | J38: =J3 -> 1998/99 | K38: =K3 -> 1999/00 | L38: =L3 -> 2000/01 | M38: =M3 -> 2001/02 | N38: =N3 -> 2002/03 | O38: =O3 -> 2003/04 | ... BE38: =BE3 -> 2045/46
A39: Oct
A40: Nov
A41: Dec
A42: Jan
A43: Feb
A44: Mar
A45: Apr
A46: May
A47: Jun
A48: Jul
A49: Aug
A50: Sep
... A53: US SOYBEAN MEAL IMPORTS
A54: (thousand short tons) | B54: =B17 -> 0 | F54: =F3 -> 1994/95 | G54: =G3 -> 1995/96 | H54: =H3 -> 1996/97 | I54: =I3 -> 1997/98 | J54: =J3 -> 1998/99 | K54: =K3 -> 1999/00 | L54: =L3 -> 2000/01 | M54: =M3 -> 2001/02 | ... BE54: =BE3 -> 2045/46
A55: Oct
A56: Nov
A57: Dec
A58: Jan
A59: Feb
A60: Mar
A61: Apr
A62: May
A63: Jun
A64: Jul
A65: Aug
A66: Sep
... A69: US SOYBEAN MEAL EXPORTS
A70: (thousand short tons) | B70: =B33 -> 0 | F70: =F17 -> 0 | G70: =G17 -> 0 | H70: =H3 -> 1996/97 | I70: =I3 -> 1997/98 | J70: =J3 -> 1998/99 | K70: =K3 -> 1999/00 | L70: =L3 -> 2000/01 | M70: =M3 -> 2001/02 | N70: =N3 -> 2002/03 | O70: =O3 -> 2003/04 | ... BE70: =BE3 -> 2045/46
A71: Oct
A72: Nov
A73: Dec
A74: Jan
A75: Feb
A76: Mar
A77: Apr
A78: May
A79: Jun
A80: Jul
A81: Aug
A82: Sep
... A85: US SOYBEAN MEAL DOMESTIC USE
A86: (thousand short tons) | B86: =B65 -> 0 | F86: =F33 -> 0 | G86: =G33 -> 0 | H86: =H3 -> 1996/97 | I86: =I3 -> 1997/98 | J86: =J3 -> 1998/99 | K86: =K3 -> 1999/00 | L86: =L3 -> 2000/01 | M86: =M3 -> 2001/02 | N86: =N3 -> 2002/03 | O86: =O3 -> 2003/04 | ... BE86: =BE3 -> 2045/46
A87: Sep
A88: Oct
A89: Nov
A90: Dec
A91: Jan
A92: Feb
A93: Mar
A94: Apr
A95: May
A96: Jun
A97: Jul
A98: Aug
... A101: US SOYBEAN MEAL MONTH-ENDING STOCKS
A102: (thousand short tons) | B102: =B97 -> 0 | F102: =F81 -> 0 | G102: =G81 -> 0 | H102: =H3 -> 1996/97 | I102: =I3 -> 1997/98 | J102: =J3 -> 1998/99 | K102: =K3 -> 1999/00 | L102: =L3 -> 2000/01 | M102: =M3 -> 2001/02 | N102: =N3 -> 2002/03 | O102: =O3 -> 2003/04 | ... BE102: =BE3 -> 2045/46
A103: Sep
A104: Oct
A105: Nov
A106: Dec
A107: Jan
A108: Feb
A109: Mar
A110: Apr
A111: May
A112: Jun
A113: Jul
A114: Aug

Sheet US Soyoil Bal Sheet
A1: US SOYBEAN COMPLEX
A2: US SOYBEAN OIL SUPPLY AND DEMAND
B3: 1990/91 | C3: 1991/92 | D3: 1992/93 | E3: 1993/94 | F3: 1994/95 | G3: 1995/96 | H3: 1996/97 | I3: 1997/98 | J3: 1998/99 | K3: 1999/00 | L3: 2000/01 | M3: 2001/02 | N3: 2002/03 | O3: 2003/04 | P3: 2004/05 | Q3: 2005/06 | R3: 2006/07 | S3: 2007/08 | T3: 2008/09 | U3: 2009/10 | V3: 2010/11 | W3: 2011/12 | X3: 2012/13 | Y3: 2013/14 | Z3: 2014/15 | AA3: 2015/16 | AB3: 2016/17 | AC3: 2017/18 | AD3: 2018/19 | AE3: 2019/20 | AF3: 2020/21 | AG3: 2021/22 | AH3: 2022/23 | AI3: 2023/24 | AJ3: 2024/25 | AK3: 2025/26 | AL3: 2026/27 | AM3: 2027/28 | AN3: 2028/29 | AO3: 2029/30 | AP3: 2030/31 | AQ3: 2031/32 | AR3: 2032/33 | AS3: 2033/34 | AT3: 2034/35 | AU3: 2035/36 | AV3: 2036/37 | AW3: 2037/38 | AX3: 2038/39 | AY3: 2039/40 | AZ3: 2040/41 | BA3: 2041/42 | BB3: 2042/43 | BC3: 2043/44 | BD3: 2044/45 | BE3: 2045/46
A4: Oct-Sep Crush (million bushels)
A5: Oct-Sep Yield (pounds per bushel)
A6: US Biodiesel Production (million gallons)
A7: US Renewable Diesel Production
A8: US Sustainable Aviation Fuel Production
A9: US Average Biofuel Yield (pounds per gallon)
A10: Beginning Stocks (million pounds)
A11: Production
A12: Imports
A13: Total Supply
A14: Biodiesel Feedstock
A15: Renewable Diesel Feedstock
... A28: US SOYBEAN OIL PRODUCTION
A29: (million pounds) | B29: =B3 -> 1990/91 | H29: =H3 -> 1996/97 | I29: =I3 -> 1997/98 | J29: =J3 -> 1998/99 | K29: =K3 -> 1999/00 | L29: =L3 -> 2000/01 | M29: =M3 -> 2001/02 | N29: =N3 -> 2002/03 | O29: =O3 -> 2003/04 | ... BE29: =BE3 -> 2045/46
A30: Oct
A31: Nov
A32: Dec
A33: Jan
A34: Feb
A35: Mar
A36: Apr
A37: May
A38: Jun
A39: Jul
A40: Aug
A41: Sep
... A44: US SOYBEAN OIL YIELD
A45: (million pounds) | B45: =B8 -> 0 | F45: =#REF! -> #REF! | G45: =#REF! -> #REF! | H45: =#REF! -> #REF! | I45: =#REF! -> #REF! | J45: =#REF! -> #REF! | K45: =#REF! -> #REF! | L45: =#REF! -> #REF! | M45: =#REF! -> #REF! | ... BE45: =#REF! -> #REF!
A46: Oct
A47: Nov
A48: Dec
A49: Jan
A50: Feb
A51: Mar
A52: Apr
A53: May
A54: Jun
A55: Jul
A56: Aug
A57: Sep
... A60: US SOYBEAN OIL IMPORTS
A61: (million pounds) | B61: =B24 -> 0 | F61: =F3 -> 1994/95 | G61: =G3 -> 1995/96 | H61: =H3 -> 1996/97 | I61: =I3 -> 1997/98 | J61: =J3 -> 1998/99 | K61: =K3 -> 1999/00 | L61: =L3 -> 2000/01 | M61: =M3 -> 2001/02 | ... BE61: =BE3 -> 2045/46
A62: Oct
A63: Nov
A64: Dec
A65: Jan
A66: Feb
A67: Mar
A68: Apr
A69: May
A70: Jun
A71: Jul
A72: Aug
A73: Sep
... A76: US SOYBEAN OIL EXPORTS
A77: (million pounds) | B77: =B40 -> 0 | F77: =F24 -> 0 | G77: =G24 -> 0 | H77: =H3 -> 1996/97 | I77: =I3 -> 1997/98 | J77: =J3 -> 1998/99 | K77: =K3 -> 1999/00 | L77: =L3 -> 2000/01 | M77: =M3 -> 2001/02 | N77: =N3 -> 2002/03 | O77: =O3 -> 2003/04 | ... BE77: =BE3 -> 2045/46
A78: Oct
A79: Nov
A80: Dec
A81: Jan
A82: Feb
A83: Mar
A84: Apr
A85: May
A86: Jun
A87: Jul
A88: Aug
A89: Sep
... A92: US SOYBEAN OIL BIOMASS-BASED DIESEL USE
A93: (million pounds) | B93: =B72 -> 0 | F93: =F40 -> 0 | G93: =G40 -> 0 | H93: =H3 -> 1996/97 | I93: =I3 -> 1997/98 | J93: =J3 -> 1998/99 | K93: =K3 -> 1999/00 | L93: =L3 -> 2000/01 | M93: =M3 -> 2001/02 | N93: =N3 -> 2002/03 | O93: =O3 -> 2003/04 | ... BE93: =BE3 -> 2045/46
A94: Oct
A95: Nov
A96: Dec
A97: Jan
A98: Feb
A99: Mar
A100: Apr
A101: May
A102: Jun
A103: Jul
A104: Aug
A105: Sep
... A108: US SOYBEAN OIL BIODIESEL USE
A109: (million pounds) | B109: =B88 -> 0 | F109: =F72 -> 0 | G109: =G72 -> 0 | H109: =H3 -> 1996/97 | I109: =I3 -> 1997/98 | J109: =J3 -> 1998/99 | K109: =K3 -> 1999/00 | L109: =L3 -> 2000/01 | M109: =M3 -> 2001/02 | N109: =N3 -> 2002/03 | O109: =O3 -> 2003/04 | ... BE109: =BE3 -> 2045/46
A110: Oct
A111: Nov
A112: Dec
A113: Jan
A114: Feb
A115: Mar
A116: Apr
A117: May
A118: Jun
A119: Jul
A120: Aug
A121: Sep
... A124: US SOYBEAN OIL RENEWABLE DIESEL USE
...

Sheet Soybean Quarterly Use
A1: US SOYBEAN COMPLEX
A2: QUARTERLY US SOYBEAN SUPPLY AND DEMAND
A3: million bushels | B3: ='[2]Oilseed Template'!B3 -> 1990/91 | C3: ='[2]Oilseed Template'!C3 -> 1991/92 | D3: ='[2]Oilseed Template'!D3 -> 1992/93 | E3: ='[2]Oilseed Template'!E3 -> 1993/94 | F3: ='[2]Oilseed Template'!F3 -> 1994/95 | G3: ='[2]Oilseed Template'!G3 -> 1995/96 | H3: ='[2]Oilseed Template'!H3 -> 1996/97 | I3: ='[2]Oilseed Template'!I3 -> 1997/98 | ... BE3: ='[2]Oilseed Template'!BE3 -> 2045/46
A4: Q1 - Sep, Oct, Nov
A5: Beginning Stocks - Sep. 1 | Y5: =X56 -> 0
A6: Production | Y6: ='US Soybean Bal Sheet'!Y9 -> 0
A7: Imports | Y7: =SUM('US Soybean Bal Sheet'!Y25:Y27) -> 0
A8: Total Supply | Y8: =SUM(Y5:Y7) -> 0
A9: Crush
A10: Seed
A11: Residual | Y11: =Y13-Y12-Y10-Y9 -> 0
A12: Exports | Y12: =SUM('US Soybean Bal Sheet'!Y41:Y43) -> 0
A13: Total Demand | Y13: =Y8-Y14 -> 0
A14: Ending Stocks - Nov.30
A15: On-Farm Stocks
A16: Commercial Stocks
A18: Q2 - Dec, Jan, Feb
A19: Beginning Stocks - Dec. 1 | Y19: =Y14 -> 0
A20: Production | Y20: 0
A21: Imports | Y21: =SUM('US Soybean Bal Sheet'!Y28:Y30) -> 8.4569906
A22: Total Supply | Y22: =SUM(Y19:Y21) -> 8.4569906
A23: Crush
A24: Seed
A25: Residual | Y25: =Y27-Y26-Y24-Y23 -> -701.33732
A26: Exports | Y26: =SUM('US Soybean Bal Sheet'!Y44:Y46) -> 709.79431
A27: Total Demand | Y27: =Y22-Y28 -> 8.4569906
A28: Ending Stocks - Feb. 28
A29: On-Farm Stocks
A30: Commercial Stocks
A32: Q3 - Mar, Apr, May
A33: Beginning Stocks - Mar. 1 | Y33: =Y28 -> 0
A34: Production | Y34: 0
A35: Imports | Y35: =SUM('US Soybean Bal Sheet'!Y31:Y33) -> 26.334416
A36: Total Supply | Y36: =SUM(Y33:Y35) -> 26.334416
A37: Crush
A38: Seed
A39: Residual | Y39: =Y41-Y40-Y38-Y37 -> -166.26084
A40: Exports | Y40: =SUM('US Soybean Bal Sheet'!Y47:Y49) -> 192.59525
A41: Total Demand | Y41: =Y36-Y42 -> 26.334416
A42: Ending Stocks - May 31
A43: On-Farm Stocks
A44: Commercial Stocks
A46: Q4 - Jun, Jul, Aug
A47: Beginning Stocks - Jun. 1 | Y47: =Y42 -> 0
A48: Production | Y48: 0
A49: Imports | Y49: =SUM('US Soybean Bal Sheet'!Y34:Y36) -> 30.361602
A50: Total Supply | Y50: =SUM(Y47:Y49) -> 30.361602
A51: Crush
A52: Seed
A53: Residual | Y53: =Y55-Y54-Y52-Y51 -> -28.383253
A54: Exports | Y54: =SUM('US Soybean Bal Sheet'!Y50:Y52) -> 58.744855
A55: Total Demand | Y55: =Y50-Y56 -> 30.361602
A56: Ending Stocks - Aug. 31
A57: On-Farm Stocks
A58: Commercial Stocks
A60: MY - Sep-Aug
A61: Beginning Stocks - Sep. 1 | Y61: =Y5 -> 0
A62: Production | Y62: =SUM(Y6,Y20,Y34,Y48) -> 0
A63: Imports | Y63: =SUM(Y7,Y21,Y35,Y49) -> 65.153009
A64: Total Supply | Y64: =SUM(Y61:Y63) -> 65.153009
A65: Crush | Y65: =SUM(Y9,Y23,Y37,Y51) -> 0
A66: Seed | Y66: =SUM(Y10,Y24,Y38,Y52) -> 0
A67: Residual | Y67: =Y69-Y68-Y66-Y65 -> -895.9814
A68: Exports | Y68: =SUM(Y12,Y26,Y40,Y54) -> 961.13441
A69: Total Demand | Y69: =Y64-Y70 -> 65.153009
A70: Ending Stocks - Aug. 31
A71: On-Farm Stocks
A72: Commercial Stocks
