Workbook

Sheet Formulas
B1: Soybean Oil | W1: Soybean Meal | AR1: Corn
B2: Total OI | D2: MM Long | F2: MM Short | H2: MM Net | J2: C Long | L2: C Short | N2: C Net | P2: P Long | R2: P Short | T2: P Net | W2: Total OI | Y2: MM Long | AA2: MM Short | AC2: MM Net | AE2: C Long | AG2: C Short | AI2: C Net | AK2: P Long | AM2: P Short | AO2: P Net | AR2: Total OI | AT2: MM Long | AV2: MM Short | AX2: MM Net | AZ2: C Long | BB2: C Short | BD2: C Net | BF2: P Long | BH2: P Short | BJ2: P Net
A3: 45594 | B3: =_xll.RHistory("3CFTC007601OI","NDA_RAW.Nda_last","START:"&$A3&" END:"&$A3&" INTERVAL:1W",,,) -> #NAME? | D3: =_xll.RHistory("3007601MLNG","NDA_RAW.Nda_last","START:"&$A3&" END:"&$A3&" INTERVAL:1W",,,) -> #NAME? | F3: =_xll.RHistory("3007601MSHT","NDA_RAW.Nda_last","START:"&$A3&" END:"&$A3&" INTERVAL:1W",,,) -> #NAME? | H3: =_xll.RHistory("3007601MNET","NDA_RAW.Nda_last","START:"&$A3&" END:"&$A3&" INTERVAL:1W",,,) -> #NAME? | J3: =_xll.RHistory("3007601CLNG","NDA_RAW.Nda_last","START:"&$A3&" END:"&$A3&" INTERVAL:1W",,,) -> #NAME? | L3: =_xll.RHistory("3007601CSHT","NDA_RAW.Nda_last","START:"&$A3&" END:"&$A3&" INTERVAL:1W",,,) -> #NAME? | N3: =_xll.RHistory("3007601CNET","NDA_RAW.Nda_last","START:"&$A3&" END:"&$A3&" INTERVAL:1W",,,) -> #NAME? | P3: =_xll.RHistory("3007601PLNG","NDA_RAW.Nda_last","START:"&$A3&" END:"&$A3&" INTERVAL:1W",,,) -> #NAME? | R3: =_xll.RHistory("3007601PSHT","NDA_RAW.Nda_last","START:"&$A3&" END:"&$A3&" INTERVAL:1W",,,) -> #NAME? | T3: =_xll.RHistory("3007601PNET","NDA_RAW.Nda_last","START:"&$A3&" END:"&$A3&" INTERVAL:1W",,,) -> #NAME? | W3: =_xll.RHistory("3CFTC026603OI","NDA_RAW.Nda_last","START:"&$A3&" END:"&$A3&" INTERVAL:1W",,,) -> #NAME? | Y3: =_xll.RHistory("3026603MLNG","NDA_RAW.Nda_last","START:"&$A3&" END:"&$A3&" INTERVAL:1W",,,) -> #NAME? | AA3: =_xll.RHistory("3026603MSHT","NDA_RAW.Nda_last","START:"&$A3&" END:"&$A3&" INTERVAL:1W",,,) -> #NAME? | AC3: =_xll.RHistory("3026603MNET","NDA_RAW.Nda_last","START:"&$A3&" END:"&$A3&" INTERVAL:1W",,,) -> #NAME? | AE3: =_xll.RHistory("3026603CLNG","NDA_RAW.Nda_last","START:"&$A3&" END:"&$A3&" INTERVAL:1W",,,) -> #NAME? | AG3: =_xll.RHistory("3026603CSHT","NDA_RAW.Nda_last","START:"&$A3&" END:"&$A3&" INTERVAL:1W",,,) -> #NAME? | AI3: =_xll.RHistory("3026603CNET","NDA_RAW.Nda_last","START:"&$A3&" END:"&$A3&" INTERVAL:1W",,,) -> #NAME? | AK3: =_xll.RHistory("3026603PLNG","NDA_RAW.Nda_last","START:"&$A3&" END:"&$A3&" INTERVAL:1W",,,) -> #NAME? | AM3: =_xll.RHistory("3026603PSHT","NDA_RAW.Nda_last","START:"&$A3&" END:"&$A3&" INTERVAL:1W",,,) -> #NAME? | AO3: =_xll.RHistory("3026603PNET","NDA_RAW.Nda_last","START:"&$A3&" END:"&$A3&" INTERVAL:1W",,,) -> #NAME? | AR3: =_xll.RHistory("3CFTC002602OI","NDA_RAW.Nda_last","START:"&$A3&" END:"&$A3&" INTERVAL:1W",,,) -> #NAME? | AT3: =_xll.RHistory("3002602MLNG","NDA_RAW.Nda_last","START:"&$A3&" END:"&$A3&" INTERVAL:1W",,,) -> #NAME? | AV3: =_xll.RHistory("3002602MSHT","NDA_RAW.Nda_last","START:"&$A3&" END:"&$A3&" INTERVAL:1W",,,) -> #NAME? | AX3: =AT3-AV3 -> #NAME? | AZ3: =_xll.RHistory("3002602CLNG","NDA_RAW.Nda_last","START:"&$A3&" END:"&$A3&" INTERVAL:1W",,,) -> #NAME? | BB3: =_xll.RHistory("3002602CSHT","NDA_RAW.Nda_last","START:"&$A3&" END:"&$A3&" INTERVAL:1W",,,) -> #NAME? | BD3: =AZ3-BB3 -> #NAME? | BF3: =_xll.RHistory("3002602PLNG","NDA_RAW.Nda_last","START:"&$A3&" END:"&$A3&" INTERVAL:1W",,,) -> #NAME? | BH3: =_xll.RHistory("3002602PSHT","NDA_RAW.Nda_last","START:"&$A3&" END:"&$A3&" INTERVAL:1W",,,) -> #NAME? | BJ3: =BF3-BH3 -> #NAME?
A4: =A3+7 -> 45601 | B4: =_xll.RHistory("3CFTC007601OI","NDA_RAW.Nda_last","START:"&$A4&" END:"&$A4&" INTERVAL:1W",,,) -> #NAME? | D4: =_xll.RHistory("3007601MLNG","NDA_RAW.Nda_last","START:"&$A4&" END:"&$A4&" INTERVAL:1W",,,) -> #NAME? | F4: =_xll.RHistory("3007601MSHT","NDA_RAW.Nda_last","START:"&$A4&" END:"&$A4&" INTERVAL:1W",,,) -> #NAME? | H4: =_xll.RHistory("3007601MNET","NDA_RAW.Nda_last","START:"&$A4&" END:"&$A4&" INTERVAL:1W",,,) -> #NAME? | J4: =_xll.RHistory("3007601CLNG","NDA_RAW.Nda_last","START:"&$A4&" END:"&$A4&" INTERVAL:1W",,,) -> #NAME? | L4: =_xll.RHistory("3007601CSHT","NDA_RAW.Nda_last","START:"&$A4&" END:"&$A4&" INTERVAL:1W",,,) -> #NAME? | N4: =_xll.RHistory("3007601CNET","NDA_RAW.Nda_last","START:"&$A4&" END:"&$A4&" INTERVAL:1W",,,) -> #NAME? | P4: =_xll.RHistory("3007601PLNG","NDA_RAW.Nda_last","START:"&$A4&" END:"&$A4&" INTERVAL:1W",,,) -> #NAME? | R4: =_xll.RHistory("3007601PSHT","NDA_RAW.Nda_last","START:"&$A4&" END:"&$A4&" INTERVAL:1W",,,) -> #NAME? | T4: =_xll.RHistory("3007601PNET","NDA_RAW.Nda_last","START:"&$A4&" END:"&$A4&" INTERVAL:1W",,,) -> #NAME? | W4: =_xll.RHistory("3CFTC026603OI","NDA_RAW.Nda_last","START:"&$A4&" END:"&$A4&" INTERVAL:1W",,,) -> #NAME? | Y4: =_xll.RHistory("3026603MLNG","NDA_RAW.Nda_last","START:"&$A4&" END:"&$A4&" INTERVAL:1W",,,) -> #NAME? | AA4: =_xll.RHistory("3026603MSHT","NDA_RAW.Nda_last","START:"&$A4&" END:"&$A4&" INTERVAL:1W",,,) -> #NAME? | AC4: =_xll.RHistory("3026603MNET","NDA_RAW.Nda_last","START:"&$A4&" END:"&$A4&" INTERVAL:1W",,,) -> #NAME? | AE4: =_xll.RHistory("3026603CLNG","NDA_RAW.Nda_last","START:"&$A4&" END:"&$A4&" INTERVAL:1W",,,) -> #NAME? | AG4: =_xll.RHistory("3026603CSHT","NDA_RAW.Nda_last","START:"&$A4&" END:"&$A4&" INTERVAL:1W",,,) -> #NAME? | AI4: =_xll.RHistory("3026603CNET","NDA_RAW.Nda_last","START:"&$A4&" END:"&$A4&" INTERVAL:1W",,,) -> #NAME? | AK4: =_xll.RHistory("3026603PLNG","NDA_RAW.Nda_last","START:"&$A4&" END:"&$A4&" INTERVAL:1W",,,) -> #NAME? | AM4: =_xll.RHistory("3026603PSHT","NDA_RAW.Nda_last","START:"&$A4&" END:"&$A4&" INTERVAL:1W",,,) -> #NAME? | AO4: =_xll.RHistory("3026603PNET","NDA_RAW.Nda_last","START:"&$A4&" END:"&$A4&" INTERVAL:1W",,,) -> #NAME? | AR4: =_xll.RHistory("3CFTC002602OI","NDA_RAW.Nda_last","START:"&$A4&" END:"&$A4&" INTERVAL:1W",,,) -> #NAME? | AT4: =_xll.RHistory("3002602MLNG","NDA_RAW.Nda_last","START:"&$A4&" END:"&$A4&" INTERVAL:1W",,,) -> #NAME? | AV4: =_xll.RHistory("3002602MSHT","NDA_RAW.Nda_last","START:"&$A4&" END:"&$A4&" INTERVAL:1W",,,) -> #NAME? | AX4: =AT4-AV4 -> #NAME? | AZ4: =_xll.RHistory("3002602CLNG","NDA_RAW.Nda_last","START:"&$A4&" END:"&$A4&" INTERVAL:1W",,,) -> #NAME? | BB4: =_xll.RHistory("3002602CSHT","NDA_RAW.Nda_last","START:"&$A4&" END:"&$A4&" INTERVAL:1W",,,) -> #NAME? | BD4: =AZ4-BB4 -> #NAME? | BF4: =_xll.RHistory("3002602PLNG","NDA_RAW.Nda_last","START:"&$A4&" END:"&$A4&" INTERVAL:1W",,,) -> #NAME? | BH4: =_xll.RHistory("3002602PSHT","NDA_RAW.Nda_last","START:"&$A4&" END:"&$A4&" INTERVAL:1W",,,) -> #NAME? | BJ4: =BF4-BH4 -> #NAME?
A5: =A4+7 -> 45608 | B5: =_xll.RHistory("3CFTC007601OI","NDA_RAW.Nda_last","START:"&$A5&" END:"&$A5&" INTERVAL:1W",,,) -> #NAME? | D5: =_xll.RHistory("3007601MLNG","NDA_RAW.Nda_last","START:"&$A5&" END:"&$A5&" INTERVAL:1W",,,) -> #NAME? | F5: =_xll.RHistory("3007601MSHT","NDA_RAW.Nda_last","START:"&$A5&" END:"&$A5&" INTERVAL:1W",,,) -> #NAME? | H5: =_xll.RHistory("3007601MNET","NDA_RAW.Nda_last","START:"&$A5&" END:"&$A5&" INTERVAL:1W",,,) -> #NAME? | J5: =_xll.RHistory("3007601CLNG","NDA_RAW.Nda_last","START:"&$A5&" END:"&$A5&" INTERVAL:1W",,,) -> #NAME? | L5: =_xll.RHistory("3007601CSHT","NDA_RAW.Nda_last","START:"&$A5&" END:"&$A5&" INTERVAL:1W",,,) -> #NAME? | N5: =_xll.RHistory("3007601CNET","NDA_RAW.Nda_last","START:"&$A5&" END:"&$A5&" INTERVAL:1W",,,) -> #NAME? | P5: =_xll.RHistory("3007601PLNG","NDA_RAW.Nda_last","START:"&$A5&" END:"&$A5&" INTERVAL:1W",,,) -> #NAME? | R5: =_xll.RHistory("3007601PSHT","NDA_RAW.Nda_last","START:"&$A5&" END:"&$A5&" INTERVAL:1W",,,) -> #NAME? | T5: =_xll.RHistory("3007601PNET","NDA_RAW.Nda_last","START:"&$A5&" END:"&$A5&" INTERVAL:1W",,,) -> #NAME? | W5: =_xll.RHistory("3CFTC026603OI","NDA_RAW.Nda_last","START:"&$A5&" END:"&$A5&" INTERVAL:1W",,,) -> #NAME? | Y5: =_xll.RHistory("3026603MLNG","NDA_RAW.Nda_last","START:"&$A5&" END:"&$A5&" INTERVAL:1W",,,) -> #NAME? | AA5: =_xll.RHistory("3026603MSHT","NDA_RAW.Nda_last","START:"&$A5&" END:"&$A5&" INTERVAL:1W",,,) -> #NAME? | AC5: =_xll.RHistory("3026603MNET","NDA_RAW.Nda_last","START:"&$A5&" END:"&$A5&" INTERVAL:1W",,,) -> #NAME? | AE5: =_xll.RHistory("3026603CLNG","NDA_RAW.Nda_last","START:"&$A5&" END:"&$A5&" INTERVAL:1W",,,) -> #NAME? | AG5: =_xll.RHistory("3026603CSHT","NDA_RAW.Nda_last","START:"&$A5&" END:"&$A5&" INTERVAL:1W",,,) -> #NAME? | AI5: =_xll.RHistory("3026603CNET","NDA_RAW.Nda_last","START:"&$A5&" END:"&$A5&" INTERVAL:1W",,,) -> #NAME? | AK5: =_xll.RHistory("3026603PLNG","NDA_RAW.Nda_last","START:"&$A5&" END:"&$A5&" INTERVAL:1W",,,) -> #NAME? | AM5: =_xll.RHistory("3026603PSHT","NDA_RAW.Nda_last","START:"&$A5&" END:"&$A5&" INTERVAL:1W",,,) -> #NAME? | AO5: =_xll.RHistory("3026603PNET","NDA_RAW.Nda_last","START:"&$A5&" END:"&$A5&" INTERVAL:1W",,,) -> #NAME? | AR5: =_xll.RHistory("3CFTC002602OI","NDA_RAW.Nda_last","START:"&$A5&" END:"&$A5&" INTERVAL:1W",,,) -> #NAME? | AT5: =_xll.RHistory("3002602MLNG","NDA_RAW.Nda_last","START:"&$A5&" END:"&$A5&" INTERVAL:1W",,,) -> #NAME? | AV5: =_xll.RHistory("3002602MSHT","NDA_RAW.Nda_last","START:"&$A5&" END:"&$A5&" INTERVAL:1W",,,) -> #NAME? | AX5: =AT5-AV5 -> #NAME? | AZ5: =_xll.RHistory("3002602CLNG","NDA_RAW.Nda_last","START:"&$A5&" END:"&$A5&" INTERVAL:1W",,,) -> #NAME? | BB5: =_xll.RHistory("3002602CSHT","NDA_RAW.Nda_last","START:"&$A5&" END:"&$A5&" INTERVAL:1W",,,) -> #NAME? | BD5: =AZ5-BB5 -> #NAME? | BF5: =_xll.RHistory("3002602PLNG","NDA_RAW.Nda_last","START:"&$A5&" END:"&$A5&" INTERVAL:1W",,,) -> #NAME? | BH5: =_xll.RHistory("3002602PSHT","NDA_RAW.Nda_last","START:"&$A5&" END:"&$A5&" INTERVAL:1W",,,) -> #NAME? | BJ5: =BF5-BH5 -> #NAME?
A6: =A5+7 -> 45615 | B6: =_xll.RHistory("3CFTC007601OI","NDA_RAW.Nda_last","START:"&$A6&" END:"&$A6&" INTERVAL:1W",,,) -> #NAME? | D6: =_xll.RHistory("3007601MLNG","NDA_RAW.Nda_last","START:"&$A6&" END:"&$A6&" INTERVAL:1W",,,) -> #NAME? | F6: =_xll.RHistory("3007601MSHT","NDA_RAW.Nda_last","START:"&$A6&" END:"&$A6&" INTERVAL:1W",,,) -> #NAME? | H6: =_xll.RHistory("3007601MNET","NDA_RAW.Nda_last","START:"&$A6&" END:"&$A6&" INTERVAL:1W",,,) -> #NAME? | J6: =_xll.RHistory("3007601CLNG","NDA_RAW.Nda_last","START:"&$A6&" END:"&$A6&" INTERVAL:1W",,,) -> #NAME? | L6: =_xll.RHistory("3007601CSHT","NDA_RAW.Nda_last","START:"&$A6&" END:"&$A6&" INTERVAL:1W",,,) -> #NAME? | N6: =_xll.RHistory("3007601CNET","NDA_RAW.Nda_last","START:"&$A6&" END:"&$A6&" INTERVAL:1W",,,) -> #NAME? | P6: =_xll.RHistory("3007601PLNG","NDA_RAW.Nda_last","START:"&$A6&" END:"&$A6&" INTERVAL:1W",,,) -> #NAME? | R6: =_xll.RHistory("3007601PSHT","NDA_RAW.Nda_last","START:"&$A6&" END:"&$A6&" INTERVAL:1W",,,) -> #NAME? | T6: =_xll.RHistory("3007601PNET","NDA_RAW.Nda_last","START:"&$A6&" END:"&$A6&" INTERVAL:1W",,,) -> #NAME? | W6: =_xll.RHistory("3CFTC026603OI","NDA_RAW.Nda_last","START:"&$A6&" END:"&$A6&" INTERVAL:1W",,,) -> #NAME? | Y6: =_xll.RHistory("3026603MLNG","NDA_RAW.Nda_last","START:"&$A6&" END:"&$A6&" INTERVAL:1W",,,) -> #NAME? | AA6: =_xll.RHistory("3026603MSHT","NDA_RAW.Nda_last","START:"&$A6&" END:"&$A6&" INTERVAL:1W",,,) -> #NAME? | AC6: =_xll.RHistory("3026603MNET","NDA_RAW.Nda_last","START:"&$A6&" END:"&$A6&" INTERVAL:1W",,,) -> #NAME? | AE6: =_xll.RHistory("3026603CLNG","NDA_RAW.Nda_last","START:"&$A6&" END:"&$A6&" INTERVAL:1W",,,) -> #NAME? | AG6: =_xll.RHistory("3026603CSHT","NDA_RAW.Nda_last","START:"&$A6&" END:"&$A6&" INTERVAL:1W",,,) -> #NAME? | AI6: =_xll.RHistory("3026603CNET","NDA_RAW.Nda_last","START:"&$A6&" END:"&$A6&" INTERVAL:1W",,,) -> #NAME? | AK6: =_xll.RHistory("3026603PLNG","NDA_RAW.Nda_last","START:"&$A6&" END:"&$A6&" INTERVAL:1W",,,) -> #NAME? | AM6: =_xll.RHistory("3026603PSHT","NDA_RAW.Nda_last","START:"&$A6&" END:"&$A6&" INTERVAL:1W",,,) -> #NAME? | AO6: =_xll.RHistory("3026603PNET","NDA_RAW.Nda_last","START:"&$A6&" END:"&$A6&" INTERVAL:1W",,,) -> #NAME? | AR6: =_xll.RHistory("3CFTC002602OI","NDA_RAW.Nda_last","START:"&$A6&" END:"&$A6&" INTERVAL:1W",,,) -> #NAME? | AT6: =_xll.RHistory("3002602MLNG","NDA_RAW.Nda_last","START:"&$A6&" END:"&$A6&" INTERVAL:1W",,,) -> #NAME? | AV6: =_xll.RHistory("3002602MSHT","NDA_RAW.Nda_last","START:"&$A6&" END:"&$A6&" INTERVAL:1W",,,) -> #NAME? | AX6: =AT6-AV6 -> #NAME? | AZ6: =_xll.RHistory("3002602CLNG","NDA_RAW.Nda_last","START:"&$A6&" END:"&$A6&" INTERVAL:1W",,,) -> #NAME? | BB6: =_xll.RHistory("3002602CSHT","NDA_RAW.Nda_last","START:"&$A6&" END:"&$A6&" INTERVAL:1W",,,) -> #NAME? | BD6: =AZ6-BB6 -> #NAME? | BF6: =_xll.RHistory("3002602PLNG","NDA_RAW.Nda_last","START:"&$A6&" END:"&$A6&" INTERVAL:1W",,,) -> #NAME? | BH6: =_xll.RHistory("3002602PSHT","NDA_RAW.Nda_last","START:"&$A6&" END:"&$A6&" INTERVAL:1W",,,) -> #NAME? | BJ6: =BF6-BH6 -> #NAME?
A7: =A6+7 -> 45622 | B7: =_xll.RHistory("3CFTC007601OI","NDA_RAW.Nda_last","START:"&$A7&" END:"&$A7&" INTERVAL:1W",,,) -> #NAME? | D7: =_xll.RHistory("3007601MLNG","NDA_RAW.Nda_last","START:"&$A7&" END:"&$A7&" INTERVAL:1W",,,) -> #NAME? | F7: =_xll.RHistory("3007601MSHT","NDA_RAW.Nda_last","START:"&$A7&" END:"&$A7&" INTERVAL:1W",,,) -> #NAME? | H7: =_xll.RHistory("3007601MNET","NDA_RAW.Nda_last","START:"&$A7&" END:"&$A7&" INTERVAL:1W",,,) -> #NAME? | J7: =_xll.RHistory("3007601CLNG","NDA_RAW.Nda_last","START:"&$A7&" END:"&$A7&" INTERVAL:1W",,,) -> #NAME? | L7: =_xll.RHistory("3007601CSHT","NDA_RAW.Nda_last","START:"&$A7&" END:"&$A7&" INTERVAL:1W",,,) -> #NAME? | N7: =_xll.RHistory("3007601CNET","NDA_RAW.Nda_last","START:"&$A7&" END:"&$A7&" INTERVAL:1W",,,) -> #NAME? | P7: =_xll.RHistory("3007601PLNG","NDA_RAW.Nda_last","START:"&$A7&" END:"&$A7&" INTERVAL:1W",,,) -> #NAME? | R7: =_xll.RHistory("3007601PSHT","NDA_RAW.Nda_last","START:"&$A7&" END:"&$A7&" INTERVAL:1W",,,) -> #NAME? | T7: =_xll.RHistory("3007601PNET","NDA_RAW.Nda_last","START:"&$A7&" END:"&$A7&" INTERVAL:1W",,,) -> #NAME? | W7: =_xll.RHistory("3CFTC026603OI","NDA_RAW.Nda_last","START:"&$A7&" END:"&$A7&" INTERVAL:1W",,,) -> #NAME? | Y7: =_xll.RHistory("3026603MLNG","NDA_RAW.Nda_last","START:"&$A7&" END:"&$A7&" INTERVAL:1W",,,) -> #NAME? | AA7: =_xll.RHistory("3026603MSHT","NDA_RAW.Nda_last","START:"&$A7&" END:"&$A7&" INTERVAL:1W",,,) -> #NAME? | AC7: =_xll.RHistory("3026603MNET","NDA_RAW.Nda_last","START:"&$A7&" END:"&$A7&" INTERVAL:1W",,,) -> #NAME? | AE7: =_xll.RHistory("3026603CLNG","NDA_RAW.Nda_last","START:"&$A7&" END:"&$A7&" INTERVAL:1W",,,) -> #NAME? | AG7: =_xll.RHistory("3026603CSHT","NDA_RAW.Nda_last","START:"&$A7&" END:"&$A7&" INTERVAL:1W",,,) -> #NAME? | AI7: =_xll.RHistory("3026603CNET","NDA_RAW.Nda_last","START:"&$A7&" END:"&$A7&" INTERVAL:1W",,,) -> #NAME? | AK7: =_xll.RHistory("3026603PLNG","NDA_RAW.Nda_last","START:"&$A7&" END:"&$A7&" INTERVAL:1W",,,) -> #NAME? | AM7: =_xll.RHistory("3026603PSHT","NDA_RAW.Nda_last","START:"&$A7&" END:"&$A7&" INTERVAL:1W",,,) -> #NAME? | AO7: =_xll.RHistory("3026603PNET","NDA_RAW.Nda_last","START:"&$A7&" END:"&$A7&" INTERVAL:1W",,,) -> #NAME? | AR7: =_xll.RHistory("3CFTC002602OI","NDA_RAW.Nda_last","START:"&$A7&" END:"&$A7&" INTERVAL:1W",,,) -> #NAME? | AT7: =_xll.RHistory("3002602MLNG","NDA_RAW.Nda_last","START:"&$A7&" END:"&$A7&" INTERVAL:1W",,,) -> #NAME? | AV7: =_xll.RHistory("3002602MSHT","NDA_RAW.Nda_last","START:"&$A7&" END:"&$A7&" INTERVAL:1W",,,) -> #NAME? | AX7: =AT7-AV7 -> #NAME? | AZ7: =_xll.RHistory("3002602CLNG","NDA_RAW.Nda_last","START:"&$A7&" END:"&$A7&" INTERVAL:1W",,,) -> #NAME? | BB7: =_xll.RHistory("3002602CSHT","NDA_RAW.Nda_last","START:"&$A7&" END:"&$A7&" INTERVAL:1W",,,) -> #NAME? | BD7: =AZ7-BB7 -> #NAME? | BF7: =_xll.RHistory("3002602PLNG","NDA_RAW.Nda_last","START:"&$A7&" END:"&$A7&" INTERVAL:1W",,,) -> #NAME? | BH7: =_xll.RHistory("3002602PSHT","NDA_RAW.Nda_last","START:"&$A7&" END:"&$A7&" INTERVAL:1W",,,) -> #NAME? | BJ7: =BF7-BH7 -> #NAME?
A8: =A7+7 -> 45629 | B8: =_xll.RHistory("3CFTC007601OI","NDA_RAW.Nda_last","START:"&$A8&" END:"&$A8&" INTERVAL:1W",,,) -> #NAME? | D8: =_xll.RHistory("3007601MLNG","NDA_RAW.Nda_last","START:"&$A8&" END:"&$A8&" INTERVAL:1W",,,) -> #NAME? | F8: =_xll.RHistory("3007601MSHT","NDA_RAW.Nda_last","START:"&$A8&" END:"&$A8&" INTERVAL:1W",,,) -> #NAME? | H8: =_xll.RHistory("3007601MNET","NDA_RAW.Nda_last","START:"&$A8&" END:"&$A8&" INTERVAL:1W",,,) -> #NAME? | J8: =_xll.RHistory("3007601CLNG","NDA_RAW.Nda_last","START:"&$A8&" END:"&$A8&" INTERVAL:1W",,,) -> #NAME? | L8: =_xll.RHistory("3007601CSHT","NDA_RAW.Nda_last","START:"&$A8&" END:"&$A8&" INTERVAL:1W",,,) -> #NAME? | N8: =_xll.RHistory("3007601CNET","NDA_RAW.Nda_last","START:"&$A8&" END:"&$A8&" INTERVAL:1W",,,) -> #NAME? | P8: =_xll.RHistory("3007601PLNG","NDA_RAW.Nda_last","START:"&$A8&" END:"&$A8&" INTERVAL:1W",,,) -> #NAME? | R8: =_xll.RHistory("3007601PSHT","NDA_RAW.Nda_last","START:"&$A8&" END:"&$A8&" INTERVAL:1W",,,) -> #NAME? | T8: =_xll.RHistory("3007601PNET","NDA_RAW.Nda_last","START:"&$A8&" END:"&$A8&" INTERVAL:1W",,,) -> #NAME? | W8: =_xll.RHistory("3CFTC026603OI","NDA_RAW.Nda_last","START:"&$A8&" END:"&$A8&" INTERVAL:1W",,,) -> #NAME? | Y8: =_xll.RHistory("3026603MLNG","NDA_RAW.Nda_last","START:"&$A8&" END:"&$A8&" INTERVAL:1W",,,) -> #NAME? | AA8: =_xll.RHistory("3026603MSHT","NDA_RAW.Nda_last","START:"&$A8&" END:"&$A8&" INTERVAL:1W",,,) -> #NAME? | AC8: =_xll.RHistory("3026603MNET","NDA_RAW.Nda_last","START:"&$A8&" END:"&$A8&" INTERVAL:1W",,,) -> #NAME? | AE8: =_xll.RHistory("3026603CLNG","NDA_RAW.Nda_last","START:"&$A8&" END:"&$A8&" INTERVAL:1W",,,) -> #NAME? | AG8: =_xll.RHistory("3026603CSHT","NDA_RAW.Nda_last","START:"&$A8&" END:"&$A8&" INTERVAL:1W",,,) -> #NAME? | AI8: =_xll.RHistory("3026603CNET","NDA_RAW.Nda_last","START:"&$A8&" END:"&$A8&" INTERVAL:1W",,,) -> #NAME? | AK8: =_xll.RHistory("3026603PLNG","NDA_RAW.Nda_last","START:"&$A8&" END:"&$A8&" INTERVAL:1W",,,) -> #NAME? | AM8: =_xll.RHistory("3026603PSHT","NDA_RAW.Nda_last","START:"&$A8&" END:"&$A8&" INTERVAL:1W",,,) -> #NAME? | AO8: =_xll.RHistory("3026603PNET","NDA_RAW.Nda_last","START:"&$A8&" END:"&$A8&" INTERVAL:1W",,,) -> #NAME? | AR8: =_xll.RHistory("3CFTC002602OI","NDA_RAW.Nda_last","START:"&$A8&" END:"&$A8&" INTERVAL:1W",,,) -> #NAME? | AT8: =_xll.RHistory("3002602MLNG","NDA_RAW.Nda_last","START:"&$A8&" END:"&$A8&" INTERVAL:1W",,,) -> #NAME? | AV8: =_xll.RHistory("3002602MSHT","NDA_RAW.Nda_last","START:"&$A8&" END:"&$A8&" INTERVAL:1W",,,) -> #NAME? | AX8: =AT8-AV8 -> #NAME? | AZ8: =_xll.RHistory("3002602CLNG","NDA_RAW.Nda_last","START:"&$A8&" END:"&$A8&" INTERVAL:1W",,,) -> #NAME? | BB8: =_xll.RHistory("3002602CSHT","NDA_RAW.Nda_last","START:"&$A8&" END:"&$A8&" INTERVAL:1W",,,) -> #NAME? | BD8: =AZ8-BB8 -> #NAME? | BF8: =_xll.RHistory("3002602PLNG","NDA_RAW.Nda_last","START:"&$A8&" END:"&$A8&" INTERVAL:1W",,,) -> #NAME? | BH8: =_xll.RHistory("3002602PSHT","NDA_RAW.Nda_last","START:"&$A8&" END:"&$A8&" INTERVAL:1W",,,) -> #NAME? | BJ8: =BF8-BH8 -> #NAME?
A9: =A8+7 -> 45636 | B9: =_xll.RHistory("3CFTC007601OI","NDA_RAW.Nda_last","START:"&$A9&" END:"&$A9&" INTERVAL:1W",,,) -> #NAME? | D9: =_xll.RHistory("3007601MLNG","NDA_RAW.Nda_last","START:"&$A9&" END:"&$A9&" INTERVAL:1W",,,) -> #NAME? | F9: =_xll.RHistory("3007601MSHT","NDA_RAW.Nda_last","START:"&$A9&" END:"&$A9&" INTERVAL:1W",,,) -> #NAME? | H9: =_xll.RHistory("3007601MNET","NDA_RAW.Nda_last","START:"&$A9&" END:"&$A9&" INTERVAL:1W",,,) -> #NAME? | J9: =_xll.RHistory("3007601CLNG","NDA_RAW.Nda_last","START:"&$A9&" END:"&$A9&" INTERVAL:1W",,,) -> #NAME? | L9: =_xll.RHistory("3007601CSHT","NDA_RAW.Nda_last","START:"&$A9&" END:"&$A9&" INTERVAL:1W",,,) -> #NAME? | N9: =_xll.RHistory("3007601CNET","NDA_RAW.Nda_last","START:"&$A9&" END:"&$A9&" INTERVAL:1W",,,) -> #NAME? | P9: =_xll.RHistory("3007601PLNG","NDA_RAW.Nda_last","START:"&$A9&" END:"&$A9&" INTERVAL:1W",,,) -> #NAME? | R9: =_xll.RHistory("3007601PSHT","NDA_RAW.Nda_last","START:"&$A9&" END:"&$A9&" INTERVAL:1W",,,) -> #NAME? | T9: =_xll.RHistory("3007601PNET","NDA_RAW.Nda_last","START:"&$A9&" END:"&$A9&" INTERVAL:1W",,,) -> #NAME? | W9: =_xll.RHistory("3CFTC026603OI","NDA_RAW.Nda_last","START:"&$A9&" END:"&$A9&" INTERVAL:1W",,,) -> #NAME? | Y9: =_xll.RHistory("3026603MLNG","NDA_RAW.Nda_last","START:"&$A9&" END:"&$A9&" INTERVAL:1W",,,) -> #NAME? | AA9: =_xll.RHistory("3026603MSHT","NDA_RAW.Nda_last","START:"&$A9&" END:"&$A9&" INTERVAL:1W",,,) -> #NAME? | AC9: =_xll.RHistory("3026603MNET","NDA_RAW.Nda_last","START:"&$A9&" END:"&$A9&" INTERVAL:1W",,,) -> #NAME? | AE9: =_xll.RHistory("3026603CLNG","NDA_RAW.Nda_last","START:"&$A9&" END:"&$A9&" INTERVAL:1W",,,) -> #NAME? | AG9: =_xll.RHistory("3026603CSHT","NDA_RAW.Nda_last","START:"&$A9&" END:"&$A9&" INTERVAL:1W",,,) -> #NAME? | AI9: =_xll.RHistory("3026603CNET","NDA_RAW.Nda_last","START:"&$A9&" END:"&$A9&" INTERVAL:1W",,,) -> #NAME? | AK9: =_xll.RHistory("3026603PLNG","NDA_RAW.Nda_last","START:"&$A9&" END:"&$A9&" INTERVAL:1W",,,) -> #NAME? | AM9: =_xll.RHistory("3026603PSHT","NDA_RAW.Nda_last","START:"&$A9&" END:"&$A9&" INTERVAL:1W",,,) -> #NAME? | AO9: =_xll.RHistory("3026603PNET","NDA_RAW.Nda_last","START:"&$A9&" END:"&$A9&" INTERVAL:1W",,,) -> #NAME? | AR9: =_xll.RHistory("3CFTC002602OI","NDA_RAW.Nda_last","START:"&$A9&" END:"&$A9&" INTERVAL:1W",,,) -> #NAME? | AT9: =_xll.RHistory("3002602MLNG","NDA_RAW.Nda_last","START:"&$A9&" END:"&$A9&" INTERVAL:1W",,,) -> #NAME? | AV9: =_xll.RHistory("3002602MSHT","NDA_RAW.Nda_last","START:"&$A9&" END:"&$A9&" INTERVAL:1W",,,) -> #NAME? | AX9: =AT9-AV9 -> #NAME? | AZ9: =_xll.RHistory("3002602CLNG","NDA_RAW.Nda_last","START:"&$A9&" END:"&$A9&" INTERVAL:1W",,,) -> #NAME? | BB9: =_xll.RHistory("3002602CSHT","NDA_RAW.Nda_last","START:"&$A9&" END:"&$A9&" INTERVAL:1W",,,) -> #NAME? | BD9: =AZ9-BB9 -> #NAME? | BF9: =_xll.RHistory("3002602PLNG","NDA_RAW.Nda_last","START:"&$A9&" END:"&$A9&" INTERVAL:1W",,,) -> #NAME? | BH9: =_xll.RHistory("3002602PSHT","NDA_RAW.Nda_last","START:"&$A9&" END:"&$A9&" INTERVAL:1W",,,) -> #NAME? | BJ9: =BF9-BH9 -> #NAME?

Sheet Data
B1: Soybean Oil | W1: Soybean Meal | AQ1: Corn
A2: Date | B2: Total OI | C2: OI Change | D2: MM Long | E2: Long Change | F2: MM Short | G2: Short Change | H2: MM Net | I2: Net Change | J2: C Long | K2: Long Change | L2: C Short | M2: Short Change | N2: C Net | O2: Net Change | P2: P Long | Q2: Long Change | R2: P Short | S2: Short Change | T2: P Net | U2: Net Change | W2: Total OI | X2: OI Change | Y2: MM Long | Z2: Long Change | AA2: MM Short | AB2: Short Change | AC2: MM Net | AD2: Net Change | AE2: C Long | AF2: Long Change | AG2: C Short | AH2: Short Change | AI2: C Net | AJ2: Net Change | AK2: P Long | AL2: Long Change | AM2: P Short | AN2: Short Change | AO2: P Net | AP2: Net Change | AR2: Total OI | AS2: OI Change | AT2: MM Long | AU2: Long Change | AV2: MM Short | AW2: Short Change | AX2: MM Net | AY2: Net Change | AZ2: C Long | BA2: Long Change | BB2: C Short | BC2: Short Change | BD2: C Net | BE2: Net Change | BF2: P Long | BG2: Long Change | BH2: P Short | BI2: Short Change | BJ2: P Net | BK2: Net Change
A3: 38881 | B3: 283576 | D3: 56074 | F3: 14522 | H3: 41552 | J3: 126596 | L3: 185062 | N3: -58466 | P3: 59814 | R3: 180084 | T3: -120270 | W3: 201077 | Y3: 18205 | AA3: 24234 | AC3: -6029 | AE3: 100324 | AG3: 105004 | AI3: -4680 | AK3: 98194 | AM3: 103064 | AO3: -4870 | AR3: 1651025 | AT3: 217971 | AV3: 31383 | AX3: =AT3-AV3 -> 186588 | AZ3: 674914 | BB3: 796074 | BD3: =AZ3-BB3 -> -121160 | BF3: 287963 | BH3: 781118 | BJ3: =BF3-BH3 -> -493155
A4: 38888 | B4: 274033 | C4: =B4-B3 -> -9543 | D4: 39927 | E4: =D4-D3 -> -16147 | F4: 20096 | G4: =F4-F3 -> 5574 | H4: 19831 | I4: =H4-H3 -> -21721 | J4: 141435 | K4: =J4-J3 -> 14839 | L4: 170027 | M4: =L4-L3 -> -15035 | N4: -28592 | O4: =N4-N3 -> 29874 | P4: 76280 | Q4: =P4-P3 -> 16466 | R4: 164982 | S4: =R4-R3 -> -15102 | T4: -88702 | U4: =T4-T3 -> 31568 | W4: 191263 | X4: =W4-W3 -> -9814 | Y4: 14897 | Z4: =Y4-Y3 -> -3308 | AA4: 22329 | AB4: =AA4-AA3 -> -1905 | AC4: -7432 | AD4: =AC4-AC3 -> -1403 | AE4: 97897 | AF4: =AE4-AE3 -> -2427 | AG4: 98855 | AH4: =AG4-AG3 -> -6149 | AI4: -958 | AJ4: =AI4-AI3 -> 3722 | AK4: 95515 | AL4: =AK4-AK3 -> -2679 | AM4: 97465 | AN4: =AM4-AM3 -> -5599 | AO4: -1950 | AP4: =AO4-AO3 -> 2920 | AR4: 1660431 | AS4: =AR4-AR3 -> 9406 | AT4: 188222 | AU4: =AT4-AT3 -> -29749 | AV4: 51725 | AW4: =AV4-AV3 -> 20342 | AX4: =AT4-AV4 -> 136497 | AY4: =AX4-AX3 -> -50091 | AZ4: 696804 | BA4: =AZ4-AZ3 -> 21890 | BB4: 761953 | BC4: =BB4-BB3 -> -34121 | BD4: =AZ4-BB4 -> -65149 | BE4: =BD4-BD3 -> 56011 | BF4: 313909 | BG4: =BF4-BF3 -> 25946 | BH4: 742914 | BI4: =BH4-BH3 -> -38204 | BJ4: =BF4-BH4 -> -429005 | BK4: =BJ4-BJ3 -> 64150
A5: 38895 | B5: 249213 | D5: 39994 | F5: 13903 | H5: 26091 | J5: 128342 | L5: 164960 | N5: -36618 | P5: 63966 | R5: 162240 | T5: -98274 | W5: 197286 | Y5: 12064 | AA5: 31416 | AC5: -19352 | AE5: 108461 | AG5: 92086 | AI5: 16375 | AK5: 106425 | AM5: 90078 | AO5: 16347 | AR5: 1599046 | AT5: 192676 | AV5: 85370 | AX5: 107306 | AZ5: 693035 | BB5: 742622 | BD5: -49587 | BF5: 310586 | BH5: 714314 | BJ5: -403728 | BK5: =BJ5-BJ4 -> 25277
A6: 38902 | B6: 268341 | D6: 53249 | F6: 12314 | H6: 40935 | J6: 125077 | L6: 184465 | N6: -59388 | P6: 59509 | R6: 181589 | T6: -122080 | W6: 198744 | Y6: #N/A | AA6: #N/A | AC6: #N/A | AE6: 107734 | AG6: 97554 | AI6: 10180 | AK6: #N/A | AM6: #N/A | AO6: #N/A | AR6: 1630673 | AT6: 215391 | AV6: 97802 | AX6: 117589 | AZ6: 679145 | BB6: 753462 | BD6: -74317 | BF6: 290596 | BH6: 728224 | BJ6: -437628 | BK6: =BJ6-BJ5 -> -33900
A7: 38909 | B7: 301281 | D7: 76595 | F7: 12493 | H7: 64102 | J7: 124867 | L7: 209930 | N7: -85063 | P7: 55126 | R7: 206659 | T7: -151533 | W7: 201955 | Y7: 15692 | AA7: 32586 | AC7: -16894 | AE7: 108335 | AG7: 101023 | AI7: 7312 | AK7: 105584 | AM7: 97739 | AO7: 7845 | AR7: 1671220 | AT7: 227375 | AV7: 66799 | AX7: 160576 | AZ7: 686978 | BB7: 785176 | BD7: -98198 | BF7: 288127 | BH7: 765627 | BJ7: -477500 | BK7: =BJ7-BJ6 -> -39872
A8: 38916 | B8: 313126 | C8: =B8-B7 -> 11845 | D8: 79255 | E8: =D8-D7 -> 2660 | F8: 15377 | G8: =F8-F7 -> 2884 | H8: 63878 | I8: =H8-H7 -> -224 | J8: 139893 | K8: =J8-J7 -> 15026 | L8: 225215 | M8: =L8-L7 -> 15285 | N8: -85322 | O8: =N8-N7 -> -259 | P8: 70238 | Q8: =P8-P7 -> 15112 | R8: 222034 | S8: =R8-R7 -> 15375 | T8: -151796 | U8: =T8-T7 -> -263 | W8: 224584 | X8: =W8-W7 -> 22629 | Y8: 15573 | Z8: =Y8-Y7 -> -119 | AA8: 46643 | AB8: =AA8-AA7 -> 14057 | AC8: -31070 | AD8: =AC8-AC7 -> -14176 | AE8: 126209 | AF8: =AE8-AE7 -> 17874 | AG8: 110447 | AH8: =AG8-AG7 -> 9424 | AI8: 15762 | AJ8: =AI8-AI7 -> 8450 | AK8: 123718 | AL8: =AK8-AK7 -> 18134 | AM8: 106173 | AN8: =AM8-AM7 -> 8434 | AO8: 17545 | AP8: =AO8-AO7 -> 9700 | AR8: 1666137 | AS8: =AR8-AR7 -> -5083 | AT8: 224003 | AU8: =AT8-AT7 -> -3372 | AV8: 33658 | AW8: =AV8-AV7 -> -33141 | AX8: =AT8-AV8 -> 190345 | AY8: =AX8-AX7 -> 29769 | AZ8: 692755 | BA8: =AZ8-AZ7 -> 5777 | BB8: 793931 | BC8: =BB8-BB7 -> 8755 | BD8: =AZ8-BB8 -> -101176 | BE8: =BD8-BD7 -> -2978 | BF8: 284985 | BG8: =BF8-BF7 -> -3142 | BH8: 779133 | BI8: =BH8-BH7 -> 13506 | BJ8: =BF8-BH8 -> -494148 | BK8: =BJ8-BJ7 -> -16648
A9: 38923 | B9: 305727 | C9: =B9-B8 -> -7399 | D9: 72804 | E9: =D9-D8 -> -6451 | F9: 14004 | G9: =F9-F8 -> -1373 | H9: 58800 | I9: =H9-H8 -> -5078 | J9: 141700 | K9: =J9-J8 -> 1807 | L9: 222217 | M9: =L9-L8 -> -2998 | N9: -80517 | O9: =N9-N8 -> 4805 | P9: 72245 | Q9: =P9-P8 -> 2007 | R9: 218875 | S9: =R9-R8 -> -3159 | T9: -146630 | U9: =T9-T8 -> 5166 | W9: 223029 | X9: =W9-W8 -> -1555 | Y9: 16447 | Z9: =Y9-Y8 -> 874 | AA9: 49433 | AB9: =AA9-AA8 -> 2790 | AC9: -32986 | AD9: =AC9-AC8 -> -1916 | AE9: 125378 | AF9: =AE9-AE8 -> -831 | AG9: 107479 | AH9: =AG9-AG8 -> -2968 | AI9: 17899 | AJ9: =AI9-AI8 -> 2137 | AK9: 122804 | AL9: =AK9-AK8 -> -914 | AM9: 102295 | AN9: =AM9-AM8 -> -3878 | AO9: 20509 | AP9: =AO9-AO8 -> 2964 | AR9: 1703133 | AS9: =AR9-AR8 -> 36996 | AT9: 220761 | AU9: =AT9-AT8 -> -3242 | AV9: 48723 | AW9: =AV9-AV8 -> 15065 | AX9: =AT9-AV9 -> 172038 | AY9: =AX9-AX8 -> -18307 | AZ9: 694637 | BA9: =AZ9-AZ8 -> 1882 | BB9: 790821 | BC9: =BB9-BB8 -> -3110 | BD9: =AZ9-BB9 -> -96184 | BE9: =BD9-BD8 -> 4992 | BF9: 293000 | BG9: =BF9-BF8 -> 8015 | BH9: 774021 | BI9: =BH9-BH8 -> -5112 | BJ9: =BF9-BH9 -> -481021 | BK9: =BJ9-BJ8 -> 13127
A10: 38930 | B10: 308851 | C10: =B10-B9 -> 3124 | D10: 68863 | E10: =D10-D9 -> -3941 | F10: 11006 | G10: =F10-F9 -> -2998 | H10: 57857 | I10: =H10-H9 -> -943 | J10: 139396 | K10: =J10-J9 -> -2304 | L10: 220556 | M10: =L10-L9 -> -1661 | N10: -81160 | O10: =N10-N9 -> -643 | P10: 70439 | Q10: =P10-P9 -> -1806 | R10: 217406 | S10: =R10-R9 -> -1469 | T10: -146967 | U10: =T10-T9 -> -337 | W10: 236932 | X10: =W10-W9 -> 13903 | Y10: 14315 | Z10: =Y10-Y9 -> -2132 | AA10: 56029 | AB10: =AA10-AA9 -> 6596 | AC10: -41714 | AD10: =AC10-AC9 -> -8728 | AE10: 137705 | AF10: =AE10-AE9 -> 12327 | AG10: 109926 | AH10: =AG10-AG9 -> 2447 | AI10: 27779 | AJ10: =AI10-AI9 -> 9880 | AK10: 131749 | AL10: =AK10-AK9 -> 8945 | AM10: 104048 | AN10: =AM10-AM9 -> 1753 | AO10: 27701 | AP10: =AO10-AO9 -> 7192 | AR10: 1731018 | AS10: =AR10-AR9 -> 27885 | AT10: 231366 | AU10: =AT10-AT9 -> 10605 | AV10: 60325 | AW10: =AV10-AV9 -> 11602 | AX10: =AT10-AV10 -> 171041 | AY10: =AX10-AX9 -> -997 | AZ10: 692719 | BA10: =AZ10-AZ9 -> -1918 | BB10: 785508 | BC10: =BB10-BB9 -> -5313 | BD10: =AZ10-BB10 -> -92789 | BE10: =BD10-BD9 -> 3395 | BF10: 283494 | BG10: =BF10-BF9 -> -9506 | BH10: 769550 | BI10: =BH10-BH9 -> -4471 | BJ10: =BF10-BH10 -> -486056 | BK10: =BJ10-BJ9 -> -5035
A11: 38937 | B11: 299780 | C11: =B11-B10 -> -9071 | D11: 68192 | E11: =D11-D10 -> -671 | F11: 9342 | G11: =F11-F10 -> -1664 | H11: 58850 | I11: =H11-H10 -> 993 | J11: 135021 | K11: =J11-J10 -> -4375 | L11: 213573 | M11: =L11-L10 -> -6983 | N11: -78552 | O11: =N11-N10 -> 2608 | P11: 66863 | Q11: =P11-P10 -> -3576 | R11: 210179 | S11: =R11-R10 -> -7227 | T11: -143316 | U11: =T11-T10 -> 3651 | W11: 246157 | X11: =W11-W10 -> 9225 | Y11: 15596 | Z11: =Y11-Y10 -> 1281 | AA11: 60731 | AB11: =AA11-AA10 -> 4702 | AC11: -45135 | AD11: =AC11-AC10 -> -3421 | AE11: 141209 | AF11: =AE11-AE10 -> 3504 | AG11: 110161 | AH11: =AG11-AG10 -> 235 | AI11: 31048 | AJ11: =AI11-AI10 -> 3269 | AK11: 138474 | AL11: =AK11-AK10 -> 6725 | AM11: 103641 | AN11: =AM11-AM10 -> -407 | AO11: 34833 | AP11: =AO11-AO10 -> 7132 | AR11: 1699740 | AS11: =AR11-AR10 -> -31278 | AT11: 223341 | AU11: =AT11-AT10 -> -8025 | AV11: 64325 | AW11: =AV11-AV10 -> 4000 | AX11: =AT11-AV11 -> 159016 | AY11: =AX11-AX10 -> -12025 | AZ11: 692038 | BA11: =AZ11-AZ10 -> -681 | BB11: 767996 | BC11: =BB11-BB10 -> -17512 | BD11: =AZ11-BB11 -> -75958 | BE11: =BD11-BD10 -> 16831 | BF11: 280528 | BG11: =BF11-BF10 -> -2966 | BH11: 752304 | BI11: =BH11-BH10 -> -17246 | BJ11: =BF11-BH11 -> -471776 | BK11: =BJ11-BJ10 -> 14280
A12: 38944 | B12: 287874 | C12: =B12-B11 -> -11906 | D12: 49830 | E12: =D12-D11 -> -18362 | F12: 15456 | G12: =F12-F11 -> 6114 | H12: 34374 | I12: =H12-H11 -> -24476 | J12: 142704 | K12: =J12-J11 -> 7683 | L12: 192424 | M12: =L12-L11 -> -21149 | N12: -49720 | O12: =N12-N11 -> 28832 | P12: 75666 | Q12: =P12-P11 -> 8803 | R12: 189432 | S12: =R12-R11 -> -20747 | T12: -113766 | U12: =T12-T11 -> 29550 | W12: 253540 | X12: =W12-W11 -> 7383 | Y12: 14437 | Z12: =Y12-Y11 -> -1159 | AA12: 60762 | AB12: =AA12-AA11 -> 31 | AC12: -46325 | AD12: =AC12-AC11 -> -1190 | AE12: 142726 | AF12: =AE12-AE11 -> 1517 | AG12: 111910 | AH12: =AG12-AG11 -> 1749 | AI12: 30816 | AJ12: =AI12-AI11 -> -232 | AK12: 140026 | AL12: =AK12-AK11 -> 1552 | AM12: 104000 | AN12: =AM12-AM11 -> 359 | AO12: 36026 | AP12: =AO12-AO11 -> 1193 | AR12: 1704444 | AS12: =AR12-AR11 -> 4704 | AT12: 193068 | AU12: =AT12-AT11 -> -30273 | AV12: 102958 | AW12: =AV12-AV11 -> 38633 | AX12: =AT12-AV12 -> 90110 | AY12: =AX12-AX11 -> -68906 | AZ12: 733304 | BA12: =AZ12-AZ11 -> 41266 | BB12: 741158 | BC12: =BB12-BB11 -> -26838 | BD12: =AZ12-BB12 -> -7854 | BE12: =BD12-BD11 -> 68104 | BF12: 334372 | BG12: =BF12-BF11 -> 53844 | BH12: 723013 | BI12: =BH12-BH11 -> -29291 | BJ12: =BF12-BH12 -> -388641 | BK12: =BJ12-BJ11 -> 83135
A13: 38951 | B13: 289585 | C13: =B13-B12 -> 1711 | D13: 43995 | E13: =D13-D12 -> -5835 | F13: 15917 | G13: =F13-F12 -> 461 | H13: 28078 | I13: =H13-H12 -> -6296 | J13: 144643 | K13: =J13-J12 -> 1939 | L13: 184163 | M13: =L13-L12 -> -8261 | N13: -39520 | O13: =N13-N12 -> 10200 | P13: 76550 | Q13: =P13-P12 -> 884 | R13: 181669 | S13: =R13-R12 -> -7763 | T13: -105119 | U13: =T13-T12 -> 8647 | W13: 264917 | X13: =W13-W12 -> 11377 | Y13: 13884 | Z13: =Y13-Y12 -> -553 | AA13: 64605 | AB13: =AA13-AA12 -> 3843 | AC13: -50721 | AD13: =AC13-AC12 -> -4396 | AE13: 146942 | AF13: =AE13-AE12 -> 4216 | AG13: 113687 | AH13: =AG13-AG12 -> 1777 | AI13: 33255 | AJ13: =AI13-AI12 -> 2439 | AK13: 144465 | AL13: =AK13-AK12 -> 4439 | AM13: 105157 | AN13: =AM13-AM12 -> 1157 | AO13: 39308 | AP13: =AO13-AO12 -> 3282 | AR13: 1701840 | AS13: =AR13-AR12 -> -2604 | AT13: 197270 | AU13: =AT13-AT12 -> 4202 | AV13: 116636 | AW13: =AV13-AV12 -> 13678 | AX13: =AT13-AV13 -> 80634 | AY13: =AX13-AX12 -> -9476 | AZ13: 742542 | BA13: =AZ13-AZ12 -> 9238 | BB13: 727616 | BC13: =BB13-BB12 -> -13542 | BD13: =AZ13-BB13 -> 14926 | BE13: =BD13-BD12 -> 22780 | BF13: 339327 | BG13: =BF13-BF12 -> 4955 | BH13: 707231 | BI13: =BH13-BH12 -> -15782 | BJ13: =BF13-BH13 -> -367904 | BK13: =BJ13-BJ12 -> 20737
A14: 38958 | B14: 285727 | C14: =B14-B13 -> -3858 | D14: 39609 | E14: =D14-D13 -> -4386 | F14: 24278 | G14: =F14-F13 -> 8361 | H14: 15331 | I14: =H14-H13 -> -12747 | J14: 148343 | K14: =J14-J13 -> 3700 | L14: 174157 | M14: =L14-L13 -> -10006 | N14: -25814 | O14: =N14-N13 -> 13706 | P14: 79735 | Q14: =P14-P13 -> 3185 | R14: 170732 | S14: =R14-R13 -> -10937 | T14: -90997 | U14: =T14-T13 -> 14122 | W14: 257179 | X14: =W14-W13 -> -7738 | Y14: 13353 | Z14: =Y14-Y13 -> -531 | AA14: 62356 | AB14: =AA14-AA13 -> -2249 | AC14: -49003 | AD14: =AC14-AC13 -> 1718 | AE14: 144066 | AF14: =AE14-AE13 -> -2876 | AG14: 108243 | AH14: =AG14-AG13 -> -5444 | AI14: 35823 | AJ14: =AI14-AI13 -> 2568 | AK14: 141237 | AL14: =AK14-AK13 -> -3228 | AM14: 99251 | AN14: =AM14-AM13 -> -5906 | AO14: 41986 | AP14: =AO14-AO13 -> 2678 | AR14: 1625725 | AS14: =AR14-AR13 -> -76115 | AT14: 210127 | AU14: =AT14-AT13 -> 12857 | AV14: 124710 | AW14: =AV14-AV13 -> 8074 | AX14: =AT14-AV14 -> 85417 | AY14: =AX14-AX13 -> 4783 | AZ14: 707346 | BA14: =AZ14-AZ13 -> -35196 | BB14: 702548 | BC14: =BB14-BB13 -> -25068 | BD14: =AZ14-BB14 -> 4798 | BE14: =BD14-BD13 -> -10128 | BF14: 298897 | BG14: =BF14-BF13 -> -40430 | BH14: 682005 | BI14: =BH14-BH13 -> -25226 | BJ14: =BF14-BH14 -> -383108 | BK14: =BJ14-BJ13 -> -15204
A15: 38965 | B15: 279157 | C15: =B15-B14 -> -6570 | D15: 37851 | E15: =D15-D14 -> -1758 | F15: 25888 | G15: =F15-F14 -> 1610 | H15: 11963 | I15: =H15-H14 -> -3368 | J15: 146114 | K15: =J15-J14 -> -2229 | L15: 168602 | M15: =L15-L14 -> -5555 | N15: -22488 | O15: =N15-N14 -> 3326 | P15: 75683 | Q15: =P15-P14 -> -4052 | R15: 164684 | S15: =R15-R14 -> -6048 | T15: -89001 | U15: =T15-T14 -> 1996 | W15: 260297 | X15: =W15-W14 -> 3118 | Y15: 14865 | Z15: =Y15-Y14 -> 1512 | AA15: 59156 | AB15: =AA15-AA14 -> -3200 | AC15: -44291 | AD15: =AC15-AC14 -> 4712 | AE15: 145767 | AF15: =AE15-AE14 -> 1701 | AG15: 115658 | AH15: =AG15-AG14 -> 7415 | AI15: 30109 | AJ15: =AI15-AI14 -> -5714 | AK15: 142819 | AL15: =AK15-AK14 -> 1582 | AM15: 105470 | AN15: =AM15-AM14 -> 6219 | AO15: 37349 | AP15: =AO15-AO14 -> -4637 | AR15: 1635746 | AS15: =AR15-AR14 -> 10021 | AT15: 215646 | AU15: =AT15-AT14 -> 5519 | AV15: 119073 | AW15: =AV15-AV14 -> -5637 | AX15: =AT15-AV15 -> 96573 | AY15: =AX15-AX14 -> 11156 | AZ15: 694823 | BA15: =AZ15-AZ14 -> -12523 | BB15: 703651 | BC15: =BB15-BB14 -> 1103 | BD15: =AZ15-BB15 -> -8828 | BE15: =BD15-BD14 -> -13626 | BF15: 279970 | BG15: =BF15-BF14 -> -18927 | BH15: 679567 | BI15: =BH15-BH14 -> -2438 | BJ15: =BF15-BH15 -> -399597 | BK15: =BJ15-BJ14 -> -16489
A16: 38972 | B16: 286750 | C16: =B16-B15 -> 7593 | D16: 33443 | E16: =D16-D15 -> -4408 | F16: 34540 | G16: =F16-F15 -> 8652 | H16: -1097 | I16: =H16-H15 -> -13060 | J16: 152120 | K16: =J16-J15 -> 6006 | L16: 160850 | M16: =L16-L15 -> -7752 | N16: -8730 | O16: =N16-N15 -> 13758 | P16: 80220 | Q16: =P16-P15 -> 4537 | R16: 155295 | S16: =R16-R15 -> -9389 | T16: -75075 | U16: =T16-T15 -> 13926 | W16: 274243 | X16: =W16-W15 -> 13946 | Y16: 12911 | Z16: =Y16-Y15 -> -1954 | AA16: 68126 | AB16: =AA16-AA15 -> 8970 | AC16: -55215 | AD16: =AC16-AC15 -> -10924 | AE16: 155281 | AF16: =AE16-AE15 -> 9514 | AG16: 115924 | AH16: =AG16-AG15 -> 266 | AI16: 39357 | AJ16: =AI16-AI15 -> 9248 | AK16: 152522 | AL16: =AK16-AK15 -> 9703 | AM16: 106919 | AN16: =AM16-AM15 -> 1449 | AO16: 45603 | AP16: =AO16-AO15 -> 8254 | AR16: 1657493 | AS16: =AR16-AR15 -> 21747 | AT16: 197439 | AU16: =AT16-AT15 -> -18207 | AV16: 123342 | AW16: =AV16-AV15 -> 4269 | AX16: =AT16-AV16 -> 74097 | AY16: =AX16-AX15 -> -22476 | AZ16: 716087 | BA16: =AZ16-AZ15 -> 21264 | BB16: 694009 | BC16: =BB16-BB15 -> -9642 | BD16: =AZ16-BB16 -> 22078 | BE16: =BD16-BD15 -> 30906 | BF16: 303081 | BG16: =BF16-BF15 -> 23111 | BH16: 670827 | BI16: =BH16-BH15 -> -8740 | BJ16: =BF16-BH16 -> -367746 | BK16: =BJ16-BJ15 -> 31851
A17: 38979 | B17: 295106 | C17: =B17-B16 -> 8356 | D17: 33875 | E17: =D17-D16 -> 432 | F17: 39149 | G17: =F17-F16 -> 4609 | H17: -5274 | I17: =H17-H16 -> -4177 | J17: 153819 | K17: =J17-J16 -> 1699 | L17: 158774 | M17: =L17-L16 -> -2076 | N17: -4955 | O17: =N17-N16 -> 3775 | P17: 81285 | Q17: =P17-P16 -> 1065 | R17: 152921 | S17: =R17-R16 -> -2374 | T17: -71636 | U17: =T17-T16 -> 3439 | W17: 265883 | X17: =W17-W16 -> -8360 | Y17: 14239 | Z17: =Y17-Y16 -> 1328 | AA17: 57608 | AB17: =AA17-AA16 -> -10518 | AC17: -43369 | AD17: =AC17-AC16 -> 11846 | AE17: 145525 | AF17: =AE17-AE16 -> -9756 | AG17: 119483 | AH17: =AG17-AG16 -> 3559 | AI17: 26042 | AJ17: =AI17-AI16 -> -13315 | AK17: 142881 | AL17: =AK17-AK16 -> -9641 | AM17: 111259 | AN17: =AM17-AM16 -> 4340 | AO17: 31622 | AP17: =AO17-AO16 -> -13981 | AR17: 1639081 | AS17: =AR17-AR16 -> -18412 | AT17: 210962 | AU17: =AT17-AT16 -> 13523 | AV17: 112747 | AW17: =AV17-AV16 -> -10595 | AX17: =AT17-AV17 -> 98215 | AY17: =AX17-AX16 -> 24118 | AZ17: 697639 | BA17: =AZ17-AZ16 -> -18448 | BB17: 701739 | BC17: =BB17-BB16 -> 7730 | BD17: =AZ17-BB17 -> -4100 | BE17: =BD17-BD16 -> -26178 | BF17: 289802 | BG17: =BF17-BF16 -> -13279 | BH17: 678403 | BI17: =BH17-BH16 -> 7576 | BJ17: =BF17-BH17 -> -388601 | BK17: =BJ17-BJ16 -> -20855
A18: 38986 | B18: 287221 | C18: =B18-B17 -> -7885 | D18: 27581 | E18: =D18-D17 -> -6294 | F18: 39443 | G18: =F18-F17 -> 294 | H18: -11862 | I18: =H18-H17 -> -6588 | J18: 157455 | K18: =J18-J17 -> 3636 | L18: 148532 | M18: =L18-L17 -> -10242 | N18: 8923 | O18: =N18-N17 -> 13878 | P18: 88077 | Q18: =P18-P17 -> 6792 | R18: 141484 | S18: =R18-R17 -> -11437 | T18: -53407 | U18: =T18-T17 -> 18229 | W18: 242971 | X18: =W18-W17 -> -22912 | Y18: 13284 | Z18: =Y18-Y17 -> -955 | AA18: 49947 | AB18: =AA18-AA17 -> -7661 | AC18: -36663 | AD18: =AC18-AC17 -> 6706 | AE18: 137128 | AF18: =AE18-AE17 -> -8397 | AG18: 114485 | AH18: =AG18-AG17 -> -4998 | AI18: 22643 | AJ18: =AI18-AI17 -> -3399 | AK18: 134923 | AL18: =AK18-AK17 -> -7958 | AM18: 107792 | AN18: =AM18-AM17 -> -3467 | AO18: 27131 | AP18: =AO18-AO17 -> -4491 | AR18: 1651672 | AS18: =AR18-AR17 -> 12591 | AT18: 235713 | AU18: =AT18-AT17 -> 24751 | AV18: 68384 | AW18: =AV18-AV17 -> -44363 | AX18: =AT18-AV18 -> 167329 | AY18: =AX18-AX17 -> 69114 | AZ18: 693855 | BA18: =AZ18-AZ17 -> -3784 | BB18: 751563 | BC18: =BB18-BB17 -> 49824 | BD18: =AZ18-BB18 -> -57708 | BE18: =BD18-BD17 -> -53608 | BF18: 277640 | BG18: =BF18-BF17 -> -12162 | BH18: 727527 | BI18: =BH18-BH17 -> 49124 | BJ18: =BF18-BH18 -> -449887 | BK18: =BJ18-BJ17 -> -61286
A19: 38993 | B19: 283318 | C19: =B19-B18 -> -3903 | D19: 25809 | E19: =D19-D18 -> -1772 | F19: 44213 | G19: =F19-F18 -> 4770 | H19: -18404 | I19: =H19-H18 -> -6542 | J19: 156376 | K19: =J19-J18 -> -1079 | L19: 142428 | M19: =L19-L18 -> -6104 | N19: 13948 | O19: =N19-N18 -> 5025 | P19: 86330 | Q19: =P19-P18 -> -1747 | R19: 134684 | S19: =R19-R18 -> -6800 | T19: -48354 | U19: =T19-T18 -> 5053 | W19: 236995 | X19: =W19-W18 -> -5976 | Y19: 12348 | Z19: =Y19-Y18 -> -936 | AA19: 50329 | AB19: =AA19-AA18 -> 382 | AC19: -37981 | AD19: =AC19-AC18 -> -1318 | AE19: 128008 | AF19: =AE19-AE18 -> -9120 | AG19: 107122 | AH19: =AG19-AG18 -> -7363 | AI19: 20886 | AJ19: =AI19-AI18 -> -1757 | AK19: 125600 | AL19: =AK19-AK18 -> -9323 | AM19: 100678 | AN19: =AM19-AM18 -> -7114 | AO19: 24922 | AP19: =AO19-AO18 -> -2209 | AR19: 1658557 | AS19: =AR19-AR18 -> 6885 | AT19: 244102 | AU19: =AT19-AT18 -> 8389 | AV19: 42973 | AW19: =AV19-AV18 -> -25411 | AX19: =AT19-AV19 -> 201129 | AY19: =AX19-AX18 -> 33800 | AZ19: 697282 | BA19: =AZ19-AZ18 -> 3427 | BB19: 777716 | BC19: =BB19-BB18 -> 26153 | BD19: =AZ19-BB19 -> -80434 | BE19: =BD19-BD18 -> -22726 | BF19: 280254 | BG19: =BF19-BF18 -> 2614 | BH19: 757111 | BI19: =BH19-BH18 -> 29584 | BJ19: =BF19-BH19 -> -476857 | BK19: =BJ19-BJ18 -> -26970
... A81: 39434 | B81: 340898 | C81: =B81-B80 -> 5703 | D81: 52242 | E81: =D81-D80 -> -3102 | F81: 8489 | G81: =F81-F80 -> 2507 | H81: 43753 | I81: =H81-H80 -> -5609 | J81: 171343 | K81: =J81-J80 -> 691 | L81: 233216 | M81: =L81-L80 -> -56 | N81: -61873 | O81: =N81-N80 -> 747 | P81: 76646 | Q81: =P81-P80 -> 875 | R81: 227254 | S81: =R81-R80 -> 3058 | T81: -150608 | U81: =T81-T80 -> -2183 | W81: 282010 | X81: =W81-W80 -> 8651 | Y81: 75110 | Z81: =Y81-Y80 -> -1561 | AA81: 4830 | AB81: =AA81-AA80 -> 3596 | AC81: 70280 | AD81: =AC81-AC80 -> -5157 | AE81: 100420 | AF81: =AE81-AE80 -> 5074 | AG81: 204750 | AH81: =AG81-AG80 -> 2360 | AI81: -104330 | AJ81: =AI81-AI80 -> 2714 | AK81: 76186 | AL81: =AK81-AK80 -> 4692 | AM81: 203676 | AN81: =AM81-AM80 -> 2884 | AO81: -127490 | AP81: =AO81-AO80 -> 1808 | AR81: 1616549 | AS81: =AR81-AR80 -> 77763 | AT81: 263044 | AU81: =AT81-AT80 -> 16973 | AV81: 33521 | AW81: =AV81-AV80 -> -11369 | AX81: =AT81-AV81 -> 229523 | AY81: =AX81-AX80 -> 28342 | AZ81: 720162 | BA81: =AZ81-AZ80 -> 22993 | BB81: 889323 | BC81: =BB81-BB80 -> 45584 | BD81: =AZ81-BB81 -> -169161 | BE81: =BD81-BD80 -> -22591 | BF81: 337971 | BG81: =BF81-BF80 -> 20894 | BH81: 858750 | BI81: =BH81-BH80 -> 43877 | BJ81: =BF81-BH81 -> -520779 | BK81: =BJ81-BJ80 -> -22983
A82: 39441 | B82: 328442 | C82: =B82-B81 -> -12456 | D82: 57416 | E82: =D82-D81 -> 5174 | F82: 5593 | G82: =F82-F81 -> -2896 | H82: 51823 | I82: =H82-H81 -> 8070 | J82: 164304 | K82: =J82-J81 -> -7039 | L82: 236122 | M82: =L82-L81 -> 2906 | N82: -71818 | O82: =N82-N81 -> -9945 | P82: 70721 | Q82: =P82-P81 -> -5925 | R82: 230823 | S82: =R82-R81 -> 3569 | T82: -160102 | U82: =T82-T81 -> -9494 | W82: 277461 | X82: =W82-W81 -> -4549 | Y82: #N/A | Z82: =Y82-Y81 -> #N/A | AA82: #N/A | AB82: =AA82-AA81 -> #N/A | AC82: #N/A | AD82: =AC82-AC81 -> #N/A | AE82: 103116 | AF82: =AE82-AE81 -> 2696 | AG82: 203992 | AH82: =AG82-AG81 -> -758 | AI82: -100876 | AJ82: =AI82-AI81 -> 3454 | AK82: #N/A | AL82: =AK82-AK81 -> #N/A | AM82: #N/A | AN82: =AM82-AM81 -> #N/A | AO82: #N/A | AP82: =AO82-AO81 -> #N/A | AR82: 1651670 | AS82: =AR82-AR81 -> 35121 | AT82: 279243 | AU82: =AT82-AT81 -> 16199 | AV82: 33223 | AW82: =AV82-AV81 -> -298 | AX82: =AT82-AV82 -> 246020 | AY82: =AX82-AX81 -> 16497 | AZ82: 740380 | BA82: =AZ82-AZ81 -> 20218 | BB82: 918474 | BC82: =BB82-BB81 -> 29151 | BD82: =AZ82-BB82 -> -178094 | BE82: =BD82-BD81 -> -8933 | BF82: 351037 | BG82: =BF82-BF81 -> 13066 | BH82: 887497 | BI82: =BH82-BH81 -> 28747 | BJ82: =BF82-BH82 -> -536460 | BK82: =BJ82-BJ81 -> -15681
A83: 39448 | B83: 320931 | C83: =B83-B82 -> -7511 | D83: 57552 | E83: =D83-D82 -> 136 | F83: 4308 | G83: =F83-F82 -> -1285 | H83: 53244 | I83: =H83-H82 -> 1421 | J83: 159810 | K83: =J83-J82 -> -4494 | L83: 224284 | M83: =L83-L82 -> -11838 | N83: -64474 | O83: =N83-N82 -> 7344 | P83: 69181 | Q83: =P83-P82 -> -1540 | R83: 221013 | S83: =R83-R82 -> -9810 | T83: -151832 | U83: =T83-T82 -> 8270 | W83: 265428 | X83: =W83-W82 -> -12033 | Y83: #N/A | Z83: =Y83-Y82 -> #N/A | AA83: #N/A | AB83: =AA83-AA82 -> #N/A | AC83: #N/A | AD83: =AC83-AC82 -> #N/A | AE83: 102805 | AF83: =AE83-AE82 -> -311 | AG83: 192468 | AH83: =AG83-AG82 -> -11524 | AI83: -89663 | AJ83: =AI83-AI82 -> 11213 | AK83: #N/A | AL83: =AK83-AK82 -> #N/A | AM83: #N/A | AN83: =AM83-AM82 -> #N/A | AO83: #N/A | AP83: =AO83-AO82 -> #N/A | AR83: 1726038 | AS83: =AR83-AR82 -> 74368 | AT83: 288521 | AU83: =AT83-AT82 -> 9278 | AV83: 36163 | AW83: =AV83-AV82 -> 2940 | AX83: =AT83-AV83 -> 252358 | AY83: =AX83-AX82 -> 6338 | AZ83: 761598 | BA83: =AZ83-AZ82 -> 21218 | BB83: 945438 | BC83: =BB83-BB82 -> 26964 | BD83: =AZ83-BB83 -> -183840 | BE83: =BD83-BD82 -> -5746 | BF83: 366590 | BG83: =BF83-BF82 -> 15553 | BH83: 912458 | BI83: =BH83-BH82 -> 24961 | BJ83: =BF83-BH83 -> -545868 | BK83: =BJ83-BJ82 -> -9408
A84: 39455 | B84: 330139 | C84: =B84-B83 -> 9208 | D84: 60094 | E84: =D84-D83 -> 2542 | F84: 6777 | G84: =F84-F83 -> 2469 | H84: 53317 | I84: =H84-H83 -> 73 | J84: 160845 | K84: =J84-J83 -> 1035 | L84: 231027 | M84: =L84-L83 -> 6743 | N84: -70182 | O84: =N84-N83 -> -5708 | P84: 68641 | Q84: =P84-P83 -> -540 | R84: 228325 | S84: =R84-R83 -> 7312 | T84: -159684 | U84: =T84-T83 -> -7852 | W84: 256025 | X84: =W84-W83 -> -9403 | Y84: 65703 | Z84: =Y84-Y83 -> #N/A | AA84: 2954 | AB84: =AA84-AA83 -> #N/A | AC84: 62749 | AD84: =AC84-AC83 -> #N/A | AE84: 96429 | AF84: =AE84-AE83 -> -6376 | AG84: 185397 | AH84: =AG84-AG83 -> -7071 | AI84: -88968 | AJ84: =AI84-AI83 -> 695 | AK84: 71499 | AL84: =AK84-AK83 -> #N/A | AM84: 183444 | AN84: =AM84-AM83 -> #N/A | AO84: -111945 | AP84: =AO84-AO83 -> #N/A | AR84: 1835417 | AS84: =AR84-AR83 -> 109379 | AT84: 300298 | AU84: =AT84-AT83 -> 11777 | AV84: 33720 | AW84: =AV84-AV83 -> -2443 | AX84: =AT84-AV84 -> 266578 | AY84: =AX84-AX83 -> 14220 | AZ84: 790251 | BA84: =AZ84-AZ83 -> 28653 | BB84: 989093 | BC84: =BB84-BB83 -> 43655 | BD84: =AZ84-BB84 -> -198842 | BE84: =BD84-BD83 -> -15002 | BF84: 380628 | BG84: =BF84-BF83 -> 14038 | BH84: 945402 | BI84: =BH84-BH83 -> 32944 | BJ84: =BF84-BH84 -> -564774 | BK84: =BJ84-BJ83 -> -18906
A85: 39462 | B85: 333217 | C85: =B85-B84 -> 3078 | D85: 55576 | E85: =D85-D84 -> -4518 | F85: 7377 | G85: =F85-F84 -> 600 | H85: 48199 | I85: =H85-H84 -> -5118 | J85: 159582 | K85: =J85-J84 -> -1263 | L85: 224818 | M85: =L85-L84 -> -6209 | N85: -65236 | O85: =N85-N84 -> 4946 | P85: 76633 | Q85: =P85-P84 -> 7992 | R85: 222078 | S85: =R85-R84 -> -6247 | T85: -145445 | U85: =T85-T84 -> 14239 | W85: 266205 | X85: =W85-W84 -> 10180 | Y85: 60182 | Z85: =Y85-Y84 -> -5521 | AA85: 5826 | AB85: =AA85-AA84 -> 2872 | AC85: 54356 | AD85: =AC85-AC84 -> -8393 | AE85: 110487 | AF85: =AE85-AE84 -> 14058 | AG85: 193910 | AH85: =AG85-AG84 -> 8513 | AI85: -83423 | AJ85: =AI85-AI84 -> 5545 | AK85: 85904 | AL85: =AK85-AK84 -> 14405 | AM85: 191846 | AN85: =AM85-AM84 -> 8402 | AO85: -105942 | AP85: =AO85-AO84 -> 6003 | AR85: 1979178 | AS85: =AR85-AR84 -> 143761 | AT85: 300059 | AU85: =AT85-AT84 -> -239 | AV85: 31177 | AW85: =AV85-AV84 -> -2543 | AX85: =AT85-AV85 -> 268882 | AY85: =AX85-AX84 -> 2304 | AZ85: 834453 | BA85: =AZ85-AZ84 -> 44202 | BB85: 1034230 | BC85: =BB85-BB84 -> 45137 | BD85: =AZ85-BB85 -> -199777 | BE85: =BD85-BD84 -> -935 | BF85: 406308 | BG85: =BF85-BF84 -> 25680 | BH85: 980973 | BI85: =BH85-BH84 -> 35571 | BJ85: =BF85-BH85 -> -574665 | BK85: =BJ85-BJ84 -> -9891
A86: 39469 | B86: 342589 | C86: =B86-B85 -> 9372 | D86: 51586 | E86: =D86-D85 -> -3990 | F86: 9201 | G86: =F86-F85 -> 1824 | H86: 42385 | I86: =H86-H85 -> -5814 | J86: 168333 | K86: =J86-J85 -> 8751 | L86: 226302 | M86: =L86-L85 -> 1484 | N86: -57969 | O86: =N86-N85 -> 7267 | P86: 82136 | Q86: =P86-P85 -> 5503 | R86: 223563 | S86: =R86-R85 -> 1485 | T86: -141427 | U86: =T86-T85 -> 4018 | W86: 269069 | X86: =W86-W85 -> 2864 | Y86: 52738 | Z86: =Y86-Y85 -> -7444 | AA86: 8015 | AB86: =AA86-AA85 -> 2189 | AC86: 44723 | AD86: =AC86-AC85 -> -9633 | AE86: 121238 | AF86: =AE86-AE85 -> 10751 | AG86: 189878 | AH86: =AG86-AG85 -> -4032 | AI86: -68640 | AJ86: =AI86-AI85 -> 14783 | AK86: 92052 | AL86: =AK86-AK85 -> 6148 | AM86: 187805 | AN86: =AM86-AM85 -> -4041 | AO86: -95753 | AP86: =AO86-AO85 -> 10189 | AR86: 1994131 | AS86: =AR86-AR85 -> 14953 | AT86: 301293 | AU86: =AT86-AT85 -> 1234 | AV86: 32701 | AW86: =AV86-AV85 -> 1524 | AX86: =AT86-AV86 -> 268592 | AY86: =AX86-AX85 -> -290 | AZ86: 847512 | BA86: =AZ86-AZ85 -> 13059 | BB86: 1019503 | BC86: =BB86-BB85 -> -14727 | BD86: =AZ86-BB86 -> -171991 | BE86: =BD86-BD85 -> 27786 | BF86: 417121 | BG86: =BF86-BF85 -> 10813 | BH86: 963753 | BI86: =BH86-BH85 -> -17220 | BJ86: =BF86-BH86 -> -546632 | BK86: =BJ86-BJ85 -> 28033
A87: 39476 | B87: 332133 | C87: =B87-B86 -> -10456 | D87: 46543 | E87: =D87-D86 -> -5043 | F87: 11338 | G87: =F87-F86 -> 2137 | H87: 35205 | I87: =H87-H86 -> -7180 | J87: 163906 | K87: =J87-J86 -> -4427 | L87: 212373 | M87: =L87-L86 -> -13929 | N87: -48467 | O87: =N87-N86 -> 9502 | P87: 78875 | Q87: =P87-P86 -> -3261 | R87: 209604 | S87: =R87-R86 -> -13959 | T87: -130729 | U87: =T87-T86 -> 10698 | W87: 269258 | X87: =W87-W86 -> 189 | Y87: 46046 | Z87: =Y87-Y86 -> -6692 | AA87: 8345 | AB87: =AA87-AA86 -> 330 | AC87: 37701 | AD87: =AC87-AC86 -> -7022 | AE87: 127911 | AF87: =AE87-AE86 -> 6673 | AG87: 187954 | AH87: =AG87-AG86 -> -1924 | AI87: -60043 | AJ87: =AI87-AI86 -> 8597 | AK87: 101127 | AL87: =AK87-AK86 -> 9075 | AM87: 185462 | AN87: =AM87-AM86 -> -2343 | AO87: -84335 | AP87: =AO87-AO86 -> 11418 | AR87: 2004859 | AS87: =AR87-AR86 -> 10728 | AT87: 289865 | AU87: =AT87-AT86 -> -11428 | AV87: 30535 | AW87: =AV87-AV86 -> -2166 | AX87: =AT87-AV87 -> 259330 | AY87: =AX87-AX86 -> -9262 | AZ87: 849212 | BA87: =AZ87-AZ86 -> 1700 | BB87: 1028522 | BC87: =BB87-BB86 -> 9019 | BD87: =AZ87-BB87 -> -179310 | BE87: =BD87-BD86 -> -7319 | BF87: 414426 | BG87: =BF87-BF86 -> -2695 | BH87: 970044 | BI87: =BH87-BH86 -> 6291 | BJ87: =BF87-BH87 -> -555618 | BK87: =BJ87-BJ86 -> -8986
A88: 39483 | B88: 341030 | C88: =B88-B87 -> 8897 | D88: 49980 | E88: =D88-D87 -> 3437 | F88: 11569 | G88: =F88-F87 -> 231 | H88: 38411 | I88: =H88-H87 -> 3206 | J88: 163756 | K88: =J88-J87 -> -150 | L88: 214428 | M88: =L88-L87 -> 2055 | N88: -50672 | O88: =N88-N87 -> -2205 | P88: 75267 | Q88: =P88-P87 -> -3608 | R88: 211436 | S88: =R88-R87 -> 1832 | T88: -136169 | U88: =T88-T87 -> -5440 | W88: 268161 | X88: =W88-W87 -> -1097 | Y88: 46908 | Z88: =Y88-Y87 -> 862 | AA88: 7806 | AB88: =AA88-AA87 -> -539 | AC88: 39102 | AD88: =AC88-AC87 -> 1401 | AE88: 121903 | AF88: =AE88-AE87 -> -6008 | AG88: 186181 | AH88: =AG88-AG87 -> -1773 | AI88: -64278 | AJ88: =AI88-AI87 -> -4235 | AK88: 94259 | AL88: =AK88-AK87 -> -6868 | AM88: 184124 | AN88: =AM88-AM87 -> -1338 | AO88: -89865 | AP88: =AO88-AO87 -> -5530 | AR88: 2069386 | AS88: =AR88-AR87 -> 64527 | AT88: 304724 | AU88: =AT88-AT87 -> 14859 | AV88: 29574 | AW88: =AV88-AV87 -> -961 | AX88: =AT88-AV88 -> 275150 | AY88: =AX88-AX87 -> 15820 | AZ88: 856138 | BA88: =AZ88-AZ87 -> 6926 | BB88: 1060781 | BC88: =BB88-BB87 -> 32259 | BD88: =AZ88-BB88 -> -204643 | BE88: =BD88-BD87 -> -25333 | BF88: 408503 | BG88: =BF88-BF87 -> -5923 | BH88: 1000932 | BI88: =BH88-BH87 -> 30888 | BJ88: =BF88-BH88 -> -592429 | BK88: =BJ88-BJ87 -> -36811
A89: 39490 | B89: 342671 | C89: =B89-B88 -> 1641 | D89: 51046 | E89: =D89-D88 -> 1066 | F89: 13053 | G89: =F89-F88 -> 1484 | H89: 37993 | I89: =H89-H88 -> -418 | J89: 165828 | K89: =J89-J88 -> 2072 | L89: 215545 | M89: =L89-L88 -> 1117 | N89: -49717 | O89: =N89-N88 -> 955 | P89: 78375 | Q89: =P89-P88 -> 3108 | R89: 213864 | S89: =R89-R88 -> 2428 | T89: -135489 | U89: =T89-T88 -> 680 | W89: 270010 | X89: =W89-W88 -> 1849 | Y89: 47679 | Z89: =Y89-Y88 -> 771 | AA89: 8889 | AB89: =AA89-AA88 -> 1083 | AC89: 38790 | AD89: =AC89-AC88 -> -312 | AE89: 121112 | AF89: =AE89-AE88 -> -791 | AG89: 187788 | AH89: =AG89-AG88 -> 1607 | AI89: -66676 | AJ89: =AI89-AI88 -> -2398 | AK89: 93177 | AL89: =AK89-AK88 -> -1082 | AM89: 185029 | AN89: =AM89-AM88 -> 905 | AO89: -91852 | AP89: =AO89-AO88 -> -1987 | AR89: 2099426 | AS89: =AR89-AR88 -> 30040 | AT89: 303646 | AU89: =AT89-AT88 -> -1078 | AV89: 25677 | AW89: =AV89-AV88 -> -3897 | AX89: =AT89-AV89 -> 277969 | AY89: =AX89-AX88 -> 2819 | AZ89: 867083 | BA89: =AZ89-AZ88 -> 10945 | BB89: 1067681 | BC89: =BB89-BB88 -> 6900 | BD89: =AZ89-BB89 -> -200598 | BE89: =BD89-BD88 -> 4045 | BF89: 428607 | BG89: =BF89-BF88 -> 20104 | BH89: 1011525 | BI89: =BH89-BH88 -> 10593 | BJ89: =BF89-BH89 -> -582918 | BK89: =BJ89-BJ88 -> 9511
A90: 39497 | B90: 353482 | C90: =B90-B89 -> 10811 | D90: 49235 | E90: =D90-D89 -> -1811 | F90: 13880 | G90: =F90-F89 -> 827 | H90: 35355 | I90: =H90-H89 -> -2638 | J90: 173424 | K90: =J90-J89 -> 7596 | L90: 225692 | M90: =L90-L89 -> 10147 | N90: -52268 | O90: =N90-N89 -> -2551 | P90: 84094 | Q90: =P90-P89 -> 5719 | R90: 223777 | S90: =R90-R89 -> 9913 | T90: -139683 | U90: =T90-T89 -> -4194 | W90: 269766 | X90: =W90-W89 -> -244 | Y90: 48901 | Z90: =Y90-Y89 -> 1222 | AA90: 7819 | AB90: =AA90-AA89 -> -1070 | AC90: 41082 | AD90: =AC90-AC89 -> 2292 | AE90: 122780 | AF90: =AE90-AE89 -> 1668 | AG90: 191534 | AH90: =AG90-AG89 -> 3746 | AI90: -68754 | AJ90: =AI90-AI89 -> -2078 | AK90: 95141 | AL90: =AK90-AK89 -> 1964 | AM90: 188881 | AN90: =AM90-AM89 -> 3852 | AO90: -93740 | AP90: =AO90-AO89 -> -1888 | AR90: 2157730 | AS90: =AR90-AR89 -> 58304 | AT90: 311403 | AU90: =AT90-AT89 -> 7757 | AV90: 20766 | AW90: =AV90-AV89 -> -4911 | AX90: =AT90-AV90 -> 290637 | AY90: =AX90-AX89 -> 12668 | AZ90: 875636 | BA90: =AZ90-AZ89 -> 8553 | BB90: 1105069 | BC90: =BB90-BB89 -> 37388 | BD90: =AZ90-BB90 -> -229433 | BE90: =BD90-BD89 -> -28835 | BF90: 421256 | BG90: =BF90-BF89 -> -7351 | BH90: 1049162 | BI90: =BH90-BH89 -> 37637 | BJ90: =BF90-BH90 -> -627906 | BK90: =BJ90-BJ89 -> -44988
A91: 39504 | B91: 347138 | C91: =B91-B90 -> -6344 | D91: 52307 | E91: =D91-D90 -> 3072 | F91: 13163 | G91: =F91-F90 -> -717 | H91: 39144 | I91: =H91-H90 -> 3789 | J91: 170954 | K91: =J91-J90 -> -2470 | L91: 228989 | M91: =L91-L90 -> 3297 | N91: -58035 | O91: =N91-N90 -> -5767 | P91: 81725 | Q91: =P91-P90 -> -2369 | R91: 221937 | S91: =R91-R90 -> -1840 | T91: -140212 | U91: =T91-T90 -> -529 | W91: 272634 | X91: =W91-W90 -> 2868 | Y91: 50700 | Z91: =Y91-Y90 -> 1799 | AA91: 6487 | AB91: =AA91-AA90 -> -1332 | AC91: 44213 | AD91: =AC91-AC90 -> 3131 | AE91: 119149 | AF91: =AE91-AE90 -> -3631 | AG91: 195992 | AH91: =AG91-AG90 -> 4458 | AI91: -76843 | AJ91: =AI91-AI90 -> -8089 | AK91: 88732 | AL91: =AK91-AK90 -> -6409 | AM91: 193386 | AN91: =AM91-AM90 -> 4505 | AO91: -104654 | AP91: =AO91-AO90 -> -10914 | AR91: 2063360 | AS91: =AR91-AR90 -> -94370 | AT91: 309238 | AU91: =AT91-AT90 -> -2165 | AV91: 20324 | AW91: =AV91-AV90 -> -442 | AX91: =AT91-AV91 -> 288914 | AY91: =AX91-AX90 -> -1723 | AZ91: 883516 | BA91: =AZ91-AZ90 -> 7880 | BB91: 1123694 | BC91: =BB91-BB90 -> 18625 | BD91: =AZ91-BB91 -> -240178 | BE91: =BD91-BD90 -> -10745 | BF91: 409281 | BG91: =BF91-BF90 -> -11975 | BH91: 1065955 | BI91: =BH91-BH90 -> 16793 | BJ91: =BF91-BH91 -> -656674 | BK91: =BJ91-BJ90 -> -28768
A92: 39511 | B92: 351499 | C92: =B92-B91 -> 4361 | D92: 47767 | E92: =D92-D91 -> -4540 | F92: 15165 | G92: =F92-F91 -> 2002 | H92: 32602 | I92: =H92-H91 -> -6542 | J92: 169123 | K92: =J92-J91 -> -1831 | L92: 223363 | M92: =L92-L91 -> -5626 | N92: -54240 | O92: =N92-N91 -> 3795 | P92: 82962 | Q92: =P92-P91 -> 1237 | R92: 214640 | S92: =R92-R91 -> -7297 | T92: -131678 | U92: =T92-T91 -> 8534 | W92: 269485 | X92: =W92-W91 -> -3149 | Y92: 51562 | Z92: =Y92-Y91 -> 862 | AA92: 4655 | AB92: =AA92-AA91 -> -1832 | AC92: 46907 | AD92: =AC92-AC91 -> 2694 | AE92: 112067 | AF92: =AE92-AE91 -> -7082 | AG92: 188614 | AH92: =AG92-AG91 -> -7378 | AI92: -76547 | AJ92: =AI92-AI91 -> 296 | AK92: 85417 | AL92: =AK92-AK91 -> -3315 | AM92: 185462 | AN92: =AM92-AM91 -> -7924 | AO92: -100045 | AP92: =AO92-AO91 -> 4609 | AR92: 2088241 | AS92: =AR92-AR91 -> 24881 | AT92: 308424 | AU92: =AT92-AT91 -> -814 | AV92: 19163 | AW92: =AV92-AV91 -> -1161 | AX92: =AT92-AV92 -> 289261 | AY92: =AX92-AX91 -> 347 | AZ92: 899563 | BA92: =AZ92-AZ91 -> 16047 | BB92: 1136746 | BC92: =BB92-BB91 -> 13052 | BD92: =AZ92-BB92 -> -237183 | BE92: =BD92-BD91 -> 2995 | BF92: 424056 | BG92: =BF92-BF91 -> 14775 | BH92: 1077304 | BI92: =BH92-BH91 -> 11349 | BJ92: =BF92-BH92 -> -653248 | BK92: =BJ92-BJ91 -> 3426
A93: 39518 | B93: 355624 | C93: =B93-B92 -> 4125 | D93: 40595 | E93: =D93-D92 -> -7172 | F93: 13605 | G93: =F93-F92 -> -1560 | H93: 26990 | I93: =H93-H92 -> -5612 | J93: 179920 | K93: =J93-J92 -> 10797 | L93: 222638 | M93: =L93-L92 -> -725 | N93: -42718 | O93: =N93-N92 -> 11522 | P93: 94947 | Q93: =P93-P92 -> 11985 | R93: 211136 | S93: =R93-R92 -> -3504 | T93: -116189 | U93: =T93-T92 -> 15489 | W93: 257290 | X93: =W93-W92 -> -12195 | Y93: 36754 | Z93: =Y93-Y92 -> -14808 | AA93: 5424 | AB93: =AA93-AA92 -> 769 | AC93: 31330 | AD93: =AC93-AC92 -> -15577 | AE93: 123657 | AF93: =AE93-AE92 -> 11590 | AG93: 179281 | AH93: =AG93-AG92 -> -9333 | AI93: -55624 | AJ93: =AI93-AI92 -> 20923 | AK93: 100597 | AL93: =AK93-AK92 -> 15180 | AM93: 176715 | AN93: =AM93-AM92 -> -8747 | AO93: -76118 | AP93: =AO93-AO92 -> 23927 | AR93: 2116928 | AS93: =AR93-AR92 -> 28687 | AT93: 297803 | AU93: =AT93-AT92 -> -10621 | AV93: 17739 | AW93: =AV93-AV92 -> -1424 | AX93: =AT93-AV93 -> 280064 | AY93: =AX93-AX92 -> -9197 | AZ93: 925284 | BA93: =AZ93-AZ92 -> 25721 | BB93: 1142964 | BC93: =BB93-BB92 -> 6218 | BD93: =AZ93-BB93 -> -217680 | BE93: =BD93-BD92 -> 19503 | BF93: 444253 | BG93: =BF93-BF92 -> 20197 | BH93: 1086223 | BI93: =BH93-BH92 -> 8919 | BJ93: =BF93-BH93 -> -641970 | BK93: =BJ93-BJ92 -> 11278
A94: 39525 | B94: 354364 | C94: =B94-B93 -> -1260 | D94: 30435 | E94: =D94-D93 -> -10160 | F94: 15308 | G94: =F94-F93 -> 1703 | H94: 15127 | I94: =H94-H93 -> -11863 | J94: 189060 | K94: =J94-J93 -> 9140 | L94: 217842 | M94: =L94-L93 -> -4796 | N94: -28782 | O94: =N94-N93 -> 13936 | P94: 108018 | Q94: =P94-P93 -> 13071 | R94: 206127 | S94: =R94-R93 -> -5009 | T94: -98109 | U94: =T94-T93 -> 18080 | W94: 255117 | X94: =W94-W93 -> -2173 | Y94: 31452 | Z94: =Y94-Y93 -> -5302 | AA94: 10395 | AB94: =AA94-AA93 -> 4971 | AC94: 21057 | AD94: =AC94-AC93 -> -10273 | AE94: 135760 | AF94: =AE94-AE93 -> 12103 | AG94: 179471 | AH94: =AG94-AG93 -> 190 | AI94: -43711 | AJ94: =AI94-AI93 -> 11913 | AK94: 113691 | AL94: =AK94-AK93 -> 13094 | AM94: 177118 | AN94: =AM94-AM93 -> 403 | AO94: -63427 | AP94: =AO94-AO93 -> 12691 | AR94: 2116132 | AS94: =AR94-AR93 -> -796 | AT94: 261031 | AU94: =AT94-AT93 -> -36772 | AV94: 21618 | AW94: =AV94-AV93 -> 3879 | AX94: =AT94-AV94 -> 239413 | AY94: =AX94-AX93 -> -40651 | AZ94: 956332 | BA94: =AZ94-AZ93 -> 31048 | BB94: 1127232 | BC94: =BB94-BB93 -> -15732 | BD94: =AZ94-BB94 -> -170900 | BE94: =BD94-BD93 -> 46780 | BF94: 469352 | BG94: =BF94-BF93 -> 25099 | BH94: 1070352 | BI94: =BH94-BH93 -> -15871 | BJ94: =BF94-BH94 -> -601000 | BK94: =BJ94-BJ93 -> 40970
A95: 39532 | B95: 355200 | C95: =B95-B94 -> 836 | D95: 26394 | E95: =D95-D94 -> -4041 | F95: 15904 | G95: =F95-F94 -> 596 | H95: 10490 | I95: =H95-H94 -> -4637 | J95: 194631 | K95: =J95-J94 -> 5571 | L95: 215364 | M95: =L95-L94 -> -2478 | N95: -20733 | O95: =N95-N94 -> 8049 | P95: 116580 | Q95: =P95-P94 -> 8562 | R95: 203616 | S95: =R95-R94 -> -2511 | T95: -87036 | U95: =T95-T94 -> 11073 | W95: 253447 | X95: =W95-W94 -> -1670 | Y95: 27073 | Z95: =Y95-Y94 -> -4379 | AA95: 11325 | AB95: =AA95-AA94 -> 930 | AC95: 15748 | AD95: =AC95-AC94 -> -5309 | AE95: 142949 | AF95: =AE95-AE94 -> 7189 | AG95: 181167 | AH95: =AG95-AG94 -> 1696 | AI95: -38218 | AJ95: =AI95-AI94 -> 5493 | AK95: 119227 | AL95: =AK95-AK94 -> 5536 | AM95: 178170 | AN95: =AM95-AM94 -> 1052 | AO95: -58943 | AP95: =AO95-AO94 -> 4484 | AR95: 2069835 | AS95: =AR95-AR94 -> -46297 | AT95: 227569 | AU95: =AT95-AT94 -> -33462 | AV95: 25167 | AW95: =AV95-AV94 -> 3549 | AX95: =AT95-AV95 -> 202402 | AY95: =AX95-AX94 -> -37011 | AZ95: 951576 | BA95: =AZ95-AZ94 -> -4756 | BB95: 1085495 | BC95: =BB95-BB94 -> -41737 | BD95: =AZ95-BB95 -> -133919 | BE95: =BD95-BD94 -> 36981 | BF95: 479831 | BG95: =BF95-BF94 -> 10479 | BH95: 1027096 | BI95: =BH95-BH94 -> -43256 | BJ95: =BF95-BH95 -> -547265 | BK95: =BJ95-BJ94 -> 53735
... A133: 39798 | B133: 261880 | C133: =B133-B132 -> 4808 | D133: 9845 | E133: =D133-D132 -> 3149 | F133: 18750 | G133: =F133-F132 -> -1772 | H133: -8905 | I133: =H133-H132 -> 4921 | J133: 156194 | K133: =J133-J132 -> -3237 | L133: 135747 | M133: =L133-L132 -> 3093 | N133: 20447 | O133: =N133-N132 -> -6330 | P133: 108489 | Q133: =P133-P132 -> -705 | R133: 119248 | S133: =R133-R132 -> 6034 | T133: -10759 | U133: =T133-T132 -> -6739 | W133: 141451 | X133: =W133-W132 -> -876 | Y133: 10191 | Z133: =Y133-Y132 -> 846 | AA133: 9477 | AB133: =AA133-AA132 -> -872 | AC133: 714 | AD133: =AC133-AC132 -> 1718 | AE133: 71075 | AF133: =AE133-AE132 -> -2962 | AG133: 77229 | AH133: =AG133-AG132 -> -19 | AI133: -6154 | AJ133: =AI133-AI132 -> -2943 | AK133: 65893 | AL133: =AK133-AK132 -> -3042 | AM133: 75333 | AN133: =AM133-AM132 -> 102 | AO133: -9440 | AP133: =AO133-AO132 -> -3144 | AR133: 1279967 | AS133: =AR133-AR132 -> 33119 | AT133: 94099 | AU133: =AT133-AT132 -> 4240 | AV133: 69393 | AW133: =AV133-AV132 -> -7665 | AX133: =AT133-AV133 -> 24706 | AY133: =AX133-AX132 -> 11905 | AZ133: 569352 | BA133: =AZ133-AZ132 -> -7683 | BB133: 543151 | BC133: =BB133-BB132 -> 17434 | BD133: =AZ133-BB133 -> 26201 | BE133: =BD133-BD132 -> -25117 | BF133: 316632 | BG133: =BF133-BF132 -> -6404 | BH133: 470927 | BI133: =BH133-BH132 -> 21616 | BJ133: =BF133-BH133 -> -154295 | BK133: =BJ133-BJ132 -> -28020
A134: 39805 | B134: 254170 | C134: =B134-B133 -> -7710 | D134: 13192 | E134: =D134-D133 -> 3347 | F134: 19759 | G134: =F134-F133 -> 1009 | H134: -6567 | I134: =H134-H133 -> 2338 | J134: 18056 | K134: =J134-J133 -> -138138 | L134: 126774 | M134: =L134-L133 -> -8973 | N134: 18056 | O134: =N134-N133 -> -2391 | P134: 98145 | Q134: =P134-P133 -> -10344 | R134: 111932 | S134: =R134-R133 -> -7316 | T134: -13787 | U134: =T134-T133 -> -3028 | W134: 139650 | X134: =W134-W133 -> -1801 | Y134: #N/A | Z134: =Y134-Y133 -> #N/A | AA134: #N/A | AB134: =AA134-AA133 -> #N/A | AC134: #N/A | AD134: =AC134-AC133 -> #N/A | AE134: 65864 | AF134: =AE134-AE133 -> -5211 | AG134: 76770 | AH134: =AG134-AG133 -> -459 | AI134: -10906 | AJ134: =AI134-AI133 -> -4752 | AK134: #N/A | AL134: =AK134-AK133 -> #N/A | AM134: #N/A | AN134: =AM134-AM133 -> #N/A | AO134: #N/A | AP134: =AO134-AO133 -> #N/A | AR134: 1254797 | AS134: =AR134-AR133 -> -25170 | AT134: 89068 | AU134: =AT134-AT133 -> -5031 | AV134: 70370 | AW134: =AV134-AV133 -> 977 | AX134: =AT134-AV134 -> 18698 | AY134: =AX134-AX133 -> -6008 | AZ134: 573215 | BA134: =AZ134-AZ133 -> 3863 | BB134: 536512 | BC134: =BB134-BB133 -> -6639 | BD134: =AZ134-BB134 -> 36703 | BE134: =BD134-BD133 -> 10502 | BF134: 317054 | BG134: =BF134-BF133 -> 422 | BH134: 465459 | BI134: =BH134-BH133 -> -5468 | BJ134: =BF134-BH134 -> -148405 | BK134: =BJ134-BJ133 -> 5890
A135: 39812 | B135: 245171 | C135: =B135-B134 -> -8999 | D135: 13915 | E135: =D135-D134 -> 723 | F135: 21086 | G135: =F135-F134 -> 1327 | H135: -7171 | I135: =H135-H134 -> -604 | J135: 140033 | K135: =J135-J134 -> 121977 | L135: 126316 | M135: =L135-L134 -> -458 | N135: 13717 | O135: =N135-N134 -> -4339 | P135: 93073 | Q135: =P135-P134 -> -5072 | R135: 113549 | S135: =R135-R134 -> 1617 | T135: -20476 | U135: =T135-T134 -> -6689 | W135: 132666 | X135: =W135-W134 -> -6984 | Y135: 12970 | Z135: =Y135-Y134 -> #N/A | AA135: 5302 | AB135: =AA135-AA134 -> #N/A | AC135: 7668 | AD135: =AC135-AC134 -> #N/A | AE135: 61226 | AF135: =AE135-AE134 -> -4638 | AG135: 77514 | AH135: =AG135-AG134 -> 744 | AI135: -16288 | AJ135: =AI135-AI134 -> -5382 | AK135: 55275 | AL135: =AK135-AK134 -> #N/A | AM135: 77023 | AN135: =AM135-AM134 -> #N/A | AO135: -21748 | AP135: =AO135-AO134 -> #N/A | AR135: 1239047 | AS135: =AR135-AR134 -> -15750 | AT135: 91329 | AU135: =AT135-AT134 -> 2261 | AV135: 62535 | AW135: =AV135-AV134 -> -7835 | AX135: =AT135-AV135 -> 28794 | AY135: =AX135-AX134 -> 10096 | AZ135: 558466 | BA135: =AZ135-AZ134 -> -14749 | BB135: 531842 | BC135: =BB135-BB134 -> -4670 | BD135: =AZ135-BB135 -> 26624 | BE135: =BD135-BD134 -> -10079 | BF135: 298844 | BG135: =BF135-BF134 -> -18210 | BH135: 462052 | BI135: =BH135-BH134 -> -3407 | BJ135: =BF135-BH135 -> -163208 | BK135: =BJ135-BJ134 -> -14803
A136: 39819 | B136: 236752 | C136: =B136-B135 -> -8419 | D136: 15225 | E136: =D136-D135 -> 1310 | F136: 18972 | G136: =F136-F135 -> -2114 | H136: -3747 | I136: =H136-H135 -> 3424 | J136: 5902 | K136: =J136-J135 -> -134131 | L136: 125854 | M136: =L136-L135 -> -462 | N136: 5902 | O136: =N136-N135 -> -7815 | P136: 81613 | Q136: =P136-P135 -> -11460 | R136: 112742 | S136: =R136-R135 -> -807 | T136: -31129 | U136: =T136-T135 -> -10653 | W136: 135183 | X136: =W136-W135 -> 2517 | Y136: 14663 | Z136: =Y136-Y135 -> 1693 | AA136: 6097 | AB136: =AA136-AA135 -> 795 | AC136: 8566 | AD136: =AC136-AC135 -> 898 | AE136: 59681 | AF136: =AE136-AE135 -> -1545 | AG136: 78864 | AH136: =AG136-AG135 -> 1350 | AI136: -19183 | AJ136: =AI136-AI135 -> -2895 | AK136: 54049 | AL136: =AK136-AK135 -> -1226 | AM136: 78373 | AN136: =AM136-AM135 -> 1350 | AO136: -24324 | AP136: =AO136-AO135 -> -2576 | AR136: 1269024 | AS136: =AR136-AR135 -> 29977 | AT136: 94525 | AU136: =AT136-AT135 -> 3196 | AV136: 57307 | AW136: =AV136-AV135 -> -5228 | AX136: =AT136-AV136 -> 37218 | AY136: =AX136-AX135 -> 8424 | AZ136: 556291 | BA136: =AZ136-AZ135 -> -2175 | BB136: 539255 | BC136: =BB136-BB135 -> 7413 | BD136: =AZ136-BB136 -> 17036 | BE136: =BD136-BD135 -> -9588 | BF136: 289705 | BG136: =BF136-BF135 -> -9139 | BH136: 469826 | BI136: =BH136-BH135 -> 7774 | BJ136: =BF136-BH136 -> -180121 | BK136: =BJ136-BJ135 -> -16913
A137: 39826 | B137: 240463 | C137: =B137-B136 -> 3711 | D137: 14757 | E137: =D137-D136 -> -468 | F137: 14523 | G137: =F137-F136 -> -4449 | H137: 234 | I137: =H137-H136 -> 3981 | J137: 3910 | K137: =J137-J136 -> -1992 | L137: 132381 | M137: =L137-L136 -> 6527 | N137: 3910 | O137: =N137-N136 -> -1992 | P137: 84852 | Q137: =P137-P136 -> 3239 | R137: 118390 | S137: =R137-R136 -> 5648 | T137: -33538 | U137: =T137-T136 -> -2409 | W137: 134946 | X137: =W137-W136 -> -237 | Y137: 15732 | Z137: =Y137-Y136 -> 1069 | AA137: 5566 | AB137: =AA137-AA136 -> -531 | AC137: 10166 | AD137: =AC137-AC136 -> 1600 | AE137: 59051 | AF137: =AE137-AE136 -> -630 | AG137: 81685 | AH137: =AG137-AG136 -> 2821 | AI137: -22634 | AJ137: =AI137-AI136 -> -3451 | AK137: 53802 | AL137: =AK137-AK136 -> -247 | AM137: 81012 | AN137: =AM137-AM136 -> 2639 | AO137: -27210 | AP137: =AO137-AO136 -> -2886 | AR137: 1270167 | AS137: =AR137-AR136 -> 1143 | AT137: 92583 | AU137: =AT137-AT136 -> -1942 | AV137: 69438 | AW137: =AV137-AV136 -> 12131 | AX137: =AT137-AV137 -> 23145 | AY137: =AX137-AX136 -> -14073 | AZ137: 553947 | BA137: =AZ137-AZ136 -> -2344 | BB137: 504944 | BC137: =BB137-BB136 -> -34311 | BD137: =AZ137-BB137 -> 49003 | BE137: =BD137-BD136 -> 31967 | BF137: 300115 | BG137: =BF137-BF136 -> 10410 | BH137: 435414 | BI137: =BH137-BH136 -> -34412 | BJ137: =BF137-BH137 -> -135299 | BK137: =BJ137-BJ136 -> 44822
A138: 39833 | B138: 251296 | C138: =B138-B137 -> 10833 | D138: 14539 | E138: =D138-D137 -> -218 | F138: 17910 | G138: =F138-F137 -> 3387 | H138: -3371 | I138: =H138-H137 -> -3605 | J138: 6606 | K138: =J138-J137 -> 2696 | L138: 137572 | M138: =L138-L137 -> 5191 | N138: 6606 | O138: =N138-N137 -> 2696 | P138: 92781 | Q138: =P138-P137 -> 7929 | R138: 122728 | S138: =R138-R137 -> 4338 | T138: -29947 | U138: =T138-T137 -> 3591 | W138: 138180 | X138: =W138-W137 -> 3234 | Y138: 16150 | Z138: =Y138-Y137 -> 418 | AA138: 4318 | AB138: =AA138-AA137 -> -1248 | AC138: 11832 | AD138: =AC138-AC137 -> 1666 | AE138: 61738 | AF138: =AE138-AE137 -> 2687 | AG138: 86089 | AH138: =AG138-AG137 -> 4404 | AI138: -24351 | AJ138: =AI138-AI137 -> -1717 | AK138: 57043 | AL138: =AK138-AK137 -> 3241 | AM138: 85490 | AN138: =AM138-AM137 -> 4478 | AO138: -28447 | AP138: =AO138-AO137 -> -1237 | AR138: 1258263 | AS138: =AR138-AR137 -> -11904 | AT138: 96468 | AU138: =AT138-AT137 -> 3885 | AV138: 70241 | AW138: =AV138-AV137 -> 803 | AX138: =AT138-AV138 -> 26227 | AY138: =AX138-AX137 -> 3082 | AZ138: 541366 | BA138: =AZ138-AZ137 -> -12581 | BB138: 499034 | BC138: =BB138-BB137 -> -5910 | BD138: =AZ138-BB138 -> 42332 | BE138: =BD138-BD137 -> -6671 | BF138: 289627 | BG138: =BF138-BF137 -> -10488 | BH138: 426333 | BI138: =BH138-BH137 -> -9081 | BJ138: =BF138-BH138 -> -136706 | BK138: =BJ138-BJ137 -> -1407
A139: 39840 | B139: 249622 | C139: =B139-B138 -> -1674 | D139: 14476 | E139: =D139-D138 -> -63 | F139: 20026 | G139: =F139-F138 -> 2116 | H139: -5550 | I139: =H139-H138 -> -2179 | J139: 8351 | K139: =J139-J138 -> 1745 | L139: 136868 | M139: =L139-L138 -> -704 | N139: 8351 | O139: =N139-N138 -> 1745 | P139: 96545 | Q139: =P139-P138 -> 3764 | R139: 121502 | S139: =R139-R138 -> -1226 | T139: -24957 | U139: =T139-T138 -> 4990 | W139: 146117 | X139: =W139-W138 -> 7937 | Y139: 20023 | Z139: =Y139-Y138 -> 3873 | AA139: 2640 | AB139: =AA139-AA138 -> -1678 | AC139: 17383 | AD139: =AC139-AC138 -> 5551 | AE139: 63758 | AF139: =AE139-AE138 -> 2020 | AG139: 92349 | AH139: =AG139-AG138 -> 6260 | AI139: -28591 | AJ139: =AI139-AI138 -> -4240 | AK139: 58558 | AL139: =AK139-AK138 -> 1515 | AM139: 91772 | AN139: =AM139-AM138 -> 6282 | AO139: -33214 | AP139: =AO139-AO138 -> -4767 | AR139: 1227531 | AS139: =AR139-AR138 -> -30732 | AT139: 91578 | AU139: =AT139-AT138 -> -4890 | AV139: 74741 | AW139: =AV139-AV138 -> 4500 | AX139: =AT139-AV139 -> 16837 | AY139: =AX139-AX138 -> -9390 | AZ139: 538809 | BA139: =AZ139-AZ138 -> -2557 | BB139: 484648 | BC139: =BB139-BB138 -> -14386 | BD139: =AZ139-BB139 -> 54161 | BE139: =BD139-BD138 -> 11829 | BF139: 285513 | BG139: =BF139-BF138 -> -4114 | BH139: 411783 | BI139: =BH139-BH138 -> -14550 | BJ139: =BF139-BH139 -> -126270 | BK139: =BJ139-BJ138 -> 10436
A140: 39847 | B140: 259510 | C140: =B140-B139 -> 9888 | D140: 16334 | E140: =D140-D139 -> 1858 | F140: 25073 | G140: =F140-F139 -> 5047 | H140: -8739 | I140: =H140-H139 -> -3189 | J140: 14987 | K140: =J140-J139 -> 6636 | L140: 133054 | M140: =L140-L139 -> -3814 | N140: 14987 | O140: =N140-N139 -> 6636 | P140: 98277 | Q140: =P140-P139 -> 1732 | R140: 118673 | S140: =R140-R139 -> -2829 | T140: -20396 | U140: =T140-T139 -> 4561 | W140: 150542 | X140: =W140-W139 -> 4425 | Y140: 20745 | Z140: =Y140-Y139 -> 722 | AA140: 3039 | AB140: =AA140-AA139 -> 399 | AC140: 17706 | AD140: =AC140-AC139 -> 323 | AE140: 67542 | AF140: =AE140-AE139 -> 3784 | AG140: 93518 | AH140: =AG140-AG139 -> 1169 | AI140: -25976 | AJ140: =AI140-AI139 -> 2615 | AK140: 62001 | AL140: =AK140-AK139 -> 3443 | AM140: 92829 | AN140: =AM140-AM139 -> 1057 | AO140: -30828 | AP140: =AO140-AO139 -> 2386 | AR140: 1247816 | AS140: =AR140-AR139 -> 20285 | AT140: 95311 | AU140: =AT140-AT139 -> 3733 | AV140: 92949 | AW140: =AV140-AV139 -> 18208 | AX140: =AT140-AV140 -> 2362 | AY140: =AX140-AX139 -> -14475 | AZ140: 543664 | BA140: =AZ140-AZ139 -> 4855 | BB140: 471950 | BC140: =BB140-BB139 -> -12698 | BD140: =AZ140-BB140 -> 71714 | BE140: =BD140-BD139 -> 17553 | BF140: 292520 | BG140: =BF140-BF139 -> 7007 | BH140: 390340 | BI140: =BH140-BH139 -> -21443 | BJ140: =BF140-BH140 -> -97820 | BK140: =BJ140-BJ139 -> 28450
A141: 39854 | B141: 250936 | C141: =B141-B140 -> -8574 | D141: 13366 | E141: =D141-D140 -> -2968 | F141: 22675 | G141: =F141-F140 -> -2398 | H141: -9309 | I141: =H141-H140 -> -570 | J141: 2825 | K141: =J141-J140 -> -12162 | L141: 132510 | M141: =L141-L140 -> -544 | N141: 2825 | O141: =N141-N140 -> -12162 | P141: 89763 | Q141: =P141-P140 -> -8514 | R141: 117297 | S141: =R141-R140 -> -1376 | T141: -27534 | U141: =T141-T140 -> -7138 | W141: 149943 | X141: =W141-W140 -> -599 | Y141: 21225 | Z141: =Y141-Y140 -> 480 | AA141: 3002 | AB141: =AA141-AA140 -> -37 | AC141: 18223 | AD141: =AC141-AC140 -> 517 | AE141: 67138 | AF141: =AE141-AE140 -> -404 | AG141: 96849 | AH141: =AG141-AG140 -> 3331 | AI141: -29711 | AJ141: =AI141-AI140 -> -3735 | AK141: 60981 | AL141: =AK141-AK140 -> -1020 | AM141: 95924 | AN141: =AM141-AM140 -> 3095 | AO141: -34943 | AP141: =AO141-AO140 -> -4115 | AR141: 1228466 | AS141: =AR141-AR140 -> -19350 | AT141: 97132 | AU141: =AT141-AT140 -> 1821 | AV141: 93837 | AW141: =AV141-AV140 -> 888 | AX141: =AT141-AV141 -> 3295 | AY141: =AX141-AX140 -> 933 | AZ141: 539886 | BA141: =AZ141-AZ140 -> -3778 | BB141: 475493 | BC141: =BB141-BB140 -> 3543 | BD141: =AZ141-BB141 -> 64393 | BE141: =BD141-BD140 -> -7321 | BF141: 291841 | BG141: =BF141-BF140 -> -679 | BH141: 394944 | BI141: =BH141-BH140 -> 4604 | BJ141: =BF141-BH141 -> -103103 | BK141: =BJ141-BJ140 -> -5283
A142: 39861 | B142: 263380 | C142: =B142-B141 -> 12444 | D142: 10679 | E142: =D142-D141 -> -2687 | F142: 24774 | G142: =F142-F141 -> 2099 | H142: -14095 | I142: =H142-H141 -> -4786 | J142: 13375 | K142: =J142-J141 -> 10550 | L142: 134606 | M142: =L142-L141 -> 2096 | N142: 13375 | O142: =N142-N141 -> 10550 | P142: 102130 | Q142: =P142-P141 -> 12367 | R142: 121722 | S142: =R142-R141 -> 4425 | T142: -19592 | U142: =T142-T141 -> 7942 | W142: 143787 | X142: =W142-W141 -> -6156 | Y142: 16246 | Z142: =Y142-Y141 -> -4979 | AA142: 4438 | AB142: =AA142-AA141 -> 1436 | AC142: 11808 | AD142: =AC142-AC141 -> -6415 | AE142: 71257 | AF142: =AE142-AE141 -> 4119 | AG142: 87492 | AH142: =AG142-AG141 -> -9357 | AI142: -16235 | AJ142: =AI142-AI141 -> 13476 | AK142: 65006 | AL142: =AK142-AK141 -> 4025 | AM142: 86425 | AN142: =AM142-AM141 -> -9499 | AO142: -21419 | AP142: =AO142-AO141 -> 13524 | AR142: 1225572 | AS142: =AR142-AR141 -> -2894 | AT142: 92680 | AU142: =AT142-AT141 -> -4452 | AV142: 112686 | AW142: =AV142-AV141 -> 18849 | AX142: =AT142-AV142 -> -20006 | AY142: =AX142-AX141 -> -23301 | AZ142: 555092 | BA142: =AZ142-AZ141 -> 15206 | BB142: 460007 | BC142: =BB142-BB141 -> -15486 | BD142: =AZ142-BB142 -> 95085 | BE142: =BD142-BD141 -> 30692 | BF142: 306977 | BG142: =BF142-BF141 -> 15136 | BH142: 375498 | BI142: =BH142-BH141 -> -19446 | BJ142: =BF142-BH142 -> -68521 | BK142: =BJ142-BJ141 -> 34582
A143: 39868 | B143: 237776 | C143: =B143-B142 -> -25604 | D143: 10125 | E143: =D143-D142 -> -554 | F143: 26581 | G143: =F143-F142 -> 1807 | H143: -16456 | I143: =H143-H142 -> -2361 | J143: 18133 | K143: =J143-J142 -> 4758 | L143: 111506 | M143: =L143-L142 -> -23100 | N143: 18133 | O143: =N143-N142 -> 4758 | P143: 82679 | Q143: =P143-P142 -> -19451 | R143: 99759 | S143: =R143-R142 -> -21963 | T143: -17080 | U143: =T143-T142 -> 2512 | W143: 129294 | X143: =W143-W142 -> -14493 | Y143: 13025 | Z143: =Y143-Y142 -> -3221 | AA143: 7651 | AB143: =AA143-AA142 -> 3213 | AC143: 5374 | AD143: =AC143-AC142 -> -6434 | AE143: 69579 | AF143: =AE143-AE142 -> -1678 | AG143: 80054 | AH143: =AG143-AG142 -> -7438 | AI143: -10475 | AJ143: =AI143-AI142 -> 5760 | AK143: 63795 | AL143: =AK143-AK142 -> -1211 | AM143: 78282 | AN143: =AM143-AM142 -> -8143 | AO143: -14487 | AP143: =AO143-AO142 -> 6932 | AR143: 1091888 | AS143: =AR143-AR142 -> -133684 | AT143: 94338 | AU143: =AT143-AT142 -> 1658 | AV143: 115194 | AW143: =AV143-AV142 -> 2508 | AX143: =AT143-AV143 -> -20856 | AY143: =AX143-AX142 -> -850 | AZ143: 510980 | BA143: =AZ143-AZ142 -> -44112 | BB143: 425535 | BC143: =BB143-BB142 -> -34472 | BD143: =AZ143-BB143 -> 85445 | BE143: =BD143-BD142 -> -9640 | BF143: 272139 | BG143: =BF143-BF142 -> -34838 | BH143: 353709 | BI143: =BH143-BH142 -> -21789 | BJ143: =BF143-BH143 -> -81570 | BK143: =BJ143-BJ142 -> -13049
A144: 39875 | B144: 239878 | C144: =B144-B143 -> 2102 | D144: 11447 | E144: =D144-D143 -> 1322 | F144: 30646 | G144: =F144-F143 -> 4065 | H144: -19199 | I144: =H144-H143 -> -2743 | J144: 20891 | K144: =J144-J143 -> 2758 | L144: 114926 | M144: =L144-L143 -> 3420 | N144: 20891 | O144: =N144-N143 -> 2758 | P144: 84194 | Q144: =P144-P143 -> 1515 | R144: 102673 | S144: =R144-R143 -> 2914 | T144: -18479 | U144: =T144-T143 -> -1399 | W144: 129705 | X144: =W144-W143 -> 411 | Y144: 14400 | Z144: =Y144-Y143 -> 1375 | AA144: 10588 | AB144: =AA144-AA143 -> 2937 | AC144: 3812 | AD144: =AC144-AC143 -> -1562 | AE144: 66854 | AF144: =AE144-AE143 -> -2725 | AG144: 73583 | AH144: =AG144-AG143 -> -6471 | AI144: -6729 | AJ144: =AI144-AI143 -> 3746 | AK144: 61532 | AL144: =AK144-AK143 -> -2263 | AM144: 72373 | AN144: =AM144-AM143 -> -5909 | AO144: -10841 | AP144: =AO144-AO143 -> 3646 | AR144: 1107615 | AS144: =AR144-AR143 -> 15727 | AT144: 91875 | AU144: =AT144-AT143 -> -2463 | AV144: 106218 | AW144: =AV144-AV143 -> -8976 | AX144: =AT144-AV144 -> -14343 | AY144: =AX144-AX143 -> 6513 | AZ144: 514154 | BA144: =AZ144-AZ143 -> 3174 | BB144: 429670 | BC144: =BB144-BB143 -> 4135 | BD144: =AZ144-BB144 -> 84484 | BE144: =BD144-BD143 -> -961 | BF144: 271551 | BG144: =BF144-BF143 -> -588 | BH144: 354718 | BI144: =BH144-BH143 -> 1009 | BJ144: =BF144-BH144 -> -83167 | BK144: =BJ144-BJ143 -> -1597
A145: 39882 | B145: 237650 | C145: =B145-B144 -> -2228 | D145: 12652 | E145: =D145-D144 -> 1205 | F145: 29135 | G145: =F145-F144 -> -1511 | H145: -16483 | I145: =H145-H144 -> 2716 | J145: 19507 | K145: =J145-J144 -> -1384 | L145: 113218 | M145: =L145-L144 -> -1708 | N145: 19507 | O145: =N145-N144 -> -1384 | P145: 84768 | Q145: =P145-P144 -> 574 | R145: 100774 | S145: =R145-R144 -> -1899 | T145: -16006 | U145: =T145-T144 -> 2473 | W145: 124178 | X145: =W145-W144 -> -5527 | Y145: 16593 | Z145: =Y145-Y144 -> 2193 | AA145: 11853 | AB145: =AA145-AA144 -> 1265 | AC145: 4740 | AD145: =AC145-AC144 -> 928 | AE145: 58412 | AF145: =AE145-AE144 -> -8442 | AG145: 67888 | AH145: =AG145-AG144 -> -5695 | AI145: -9476 | AJ145: =AI145-AI144 -> -2747 | AK145: 54355 | AL145: =AK145-AK144 -> -7177 | AM145: 66780 | AN145: =AM145-AM144 -> -5593 | AO145: -12425 | AP145: =AO145-AO144 -> -1584 | AR145: 1119773 | AS145: =AR145-AR144 -> 12158 | AT145: 102368 | AU145: =AT145-AT144 -> 10493 | AV145: 85613 | AW145: =AV145-AV144 -> -20605 | AX145: =AT145-AV145 -> 16755 | AY145: =AX145-AX144 -> 31098 | AZ145: 503701 | BA145: =AZ145-AZ144 -> -10453 | BB145: 461783 | BC145: =BB145-BB144 -> 32113 | BD145: =AZ145-BB145 -> 41918 | BE145: =BD145-BD144 -> -42566 | BF145: 262044 | BG145: =BF145-BF144 -> -9507 | BH145: 384618 | BI145: =BH145-BH144 -> 29900 | BJ145: =BF145-BH145 -> -122574 | BK145: =BJ145-BJ144 -> -39407
A146: 39889 | B146: 240044 | C146: =B146-B145 -> 2394 | D146: 11075 | E146: =D146-D145 -> -1577 | F146: 33176 | G146: =F146-F145 -> 4041 | H146: -22101 | I146: =H146-H145 -> -5618 | J146: 24393 | K146: =J146-J145 -> 4886 | L146: 114740 | M146: =L146-L145 -> 1522 | N146: 24393 | O146: =N146-N145 -> 4886 | P146: 97258 | Q146: =P146-P145 -> 12490 | R146: 100307 | S146: =R146-R145 -> -467 | T146: -3049 | U146: =T146-T145 -> 12957 | W146: 125278 | X146: =W146-W145 -> 1100 | Y146: 18288 | Z146: =Y146-Y145 -> 1695 | AA146: 7812 | AB146: =AA146-AA145 -> -4041 | AC146: 10476 | AD146: =AC146-AC145 -> 5736 | AE146: 54501 | AF146: =AE146-AE145 -> -3911 | AG146: 72155 | AH146: =AG146-AG145 -> 4267 | AI146: -17654 | AJ146: =AI146-AI145 -> -8178 | AK146: 50171 | AL146: =AK146-AK145 -> -4184 | AM146: 71034 | AN146: =AM146-AM145 -> 4254 | AO146: -20863 | AP146: =AO146-AO145 -> -8438 | AR146: 1160066 | AS146: =AR146-AR145 -> 40293 | AT146: 107554 | AU146: =AT146-AT145 -> 5186 | AV146: 57596 | AW146: =AV146-AV145 -> -28017 | AX146: =AT146-AV146 -> 49958 | AY146: =AX146-AX145 -> 33203 | AZ146: 512958 | BA146: =AZ146-AZ145 -> 9257 | BB146: 507560 | BC146: =BB146-BB145 -> 45777 | BD146: =AZ146-BB146 -> 5398 | BE146: =BD146-BD145 -> -36520 | BF146: 266838 | BG146: =BF146-BF145 -> 4794 | BH146: 427471 | BI146: =BH146-BH145 -> 42853 | BJ146: =BF146-BH146 -> -160633 | BK146: =BJ146-BJ145 -> -38059
... A421: 41814 | B421: 364536 | C421: =B421-B420 -> -27718 | D421: 68788 | E421: =D421-D420 -> 5302 | F421: 63292 | G421: =F421-F420 -> -14837 | H421: 5496 | I421: =H421-H420 -> 20139 | J421: 172167 | K421: =J421-J420 -> -20278 | L421: 184028 | M421: =L421-L420 -> 6519 | N421: -11861 | O421: =N421-N420 -> -26797 | P421: 99465 | Q421: =P421-P420 -> -20652 | R421: 181074 | S421: =R421-R420 -> 7946 | T421: -81609 | U421: =T421-T420 -> -28598 | W421: 369183 | X421: =W421-W420 -> -33070 | Y421: 75517 | Z421: =Y421-Y420 -> -6551 | AA421: 26293 | AB421: =AA421-AA420 -> 4319 | AC421: 49224 | AD421: =AC421-AC420 -> -10870 | AE421: 159906 | AF421: =AE421-AE420 -> -9647 | AG421: 217297 | AH421: =AG421-AG420 -> -22405 | AI421: -57391 | AJ421: =AI421-AI420 -> 12758 | AK421: 98337 | AL421: =AK421-AK420 -> -3279 | AM421: 195558 | AN421: =AM421-AM420 -> -8804 | AO421: -97221 | AP421: =AO421-AO420 -> 5525 | AR421: 1756425 | AS421: =AR421-AR420 -> -141494 | AT421: 310454 | AU421: =AT421-AT420 -> 7002 | AV421: 195278 | AW421: =AV421-AV420 -> 29106 | AX421: =AT421-AV421 -> 115176 | AY421: =AX421-AX420 -> -22104 | AZ421: 729481 | BA421: =AZ421-AZ420 -> -47649 | BB421: 742579 | BC421: =BB421-BB420 -> -58345 | BD421: =AZ421-BB421 -> -13098 | BE421: =BD421-BD420 -> 10696 | BF421: 374875 | BG421: =BF421-BF420 -> -31354 | BH421: 675685 | BI421: =BH421-BH420 -> -40651 | BJ421: =BF421-BH421 -> -300810 | BK421: =BJ421-BJ420 -> 9297
A422: 41821 | B422: 351650 | C422: =B422-B421 -> -12886 | D422: 72931 | E422: =D422-D421 -> 4143 | F422: 56125 | G422: =F422-F421 -> -7167 | H422: 16806 | I422: =H422-H421 -> 11310 | J422: 165101 | K422: =J422-J421 -> -7066 | L422: 180812 | M422: =L422-L421 -> -3216 | N422: -15711 | O422: =N422-N421 -> -3850 | P422: 94248 | Q422: =P422-P421 -> -5217 | R422: 178196 | S422: =R422-R421 -> -2878 | T422: -83948 | U422: =T422-T421 -> -2339 | W422: 370056 | X422: =W422-W421 -> 873 | Y422: 74075 | Z422: =Y422-Y421 -> -1442 | AA422: 34703 | AB422: =AA422-AA421 -> 8410 | AC422: 39372 | AD422: =AC422-AC421 -> -9852 | AE422: 159943 | AF422: =AE422-AE421 -> 37 | AG422: 205485 | AH422: =AG422-AG421 -> -11812 | AI422: -45542 | AJ422: =AI422-AI421 -> 11849 | AK422: 95697 | AL422: =AK422-AK421 -> -2640 | AM422: 184608 | AN422: =AM422-AM421 -> -10950 | AO422: -88911 | AP422: =AO422-AO421 -> 8310 | AR422: #N/A | AS422: =AR422-AR421 -> #N/A | AT422: 300247 | AU422: =AT422-AT421 -> -10207 | AV422: 198059 | AW422: =AV422-AV421 -> 2781 | AX422: =AT422-AV422 -> 102188 | AY422: =AX422-AX421 -> -12988 | AZ422: 725690 | BA422: =AZ422-AZ421 -> -3791 | BB422: 724006 | BC422: =BB422-BB421 -> -18573 | BD422: =AZ422-BB422 -> 1684 | BE422: =BD422-BD421 -> 14782 | BF422: 367352 | BG422: =BF422-BF421 -> -7523 | BH422: 654247 | BI422: =BH422-BH421 -> -21438 | BJ422: =BF422-BH422 -> -286895 | BK422: =BJ422-BJ421 -> 13915
A423: 41828 | B423: 357344 | C423: =B423-B422 -> 5694 | D423: 70239 | E423: =D423-D422 -> -2692 | F423: 61534 | G423: =F423-F422 -> 5409 | H423: 8705 | I423: =H423-H422 -> -8101 | J423: 171238 | K423: =J423-J422 -> 6137 | L423: 173324 | M423: =L423-L422 -> -7488 | N423: -2086 | O423: =N423-N422 -> 13625 | P423: 100840 | Q423: =P423-P422 -> 6592 | R423: 170603 | S423: =R423-R422 -> -7593 | T423: -69763 | U423: =T423-T422 -> 14185 | W423: 373131 | X423: =W423-W422 -> 3075 | Y423: 68509 | Z423: =Y423-Y422 -> -5566 | AA423: 37393 | AB423: =AA423-AA422 -> 2690 | AC423: 31116 | AD423: =AC423-AC422 -> -8256 | AE423: 161288 | AF423: =AE423-AE422 -> 1345 | AG423: 199883 | AH423: =AG423-AG422 -> -5602 | AI423: -38595 | AJ423: =AI423-AI422 -> 6947 | AK423: 95829 | AL423: =AK423-AK422 -> 132 | AM423: 181738 | AN423: =AM423-AM422 -> -2870 | AO423: -85909 | AP423: =AO423-AO422 -> 3002 | AR423: 1829445 | AS423: =AR423-AR422 -> #N/A | AT423: 307798 | AU423: =AT423-AT422 -> 7551 | AV423: 200198 | AW423: =AV423-AV422 -> 2139 | AX423: =AT423-AV423 -> 107600 | AY423: =AX423-AX422 -> 5412 | AZ423: 750257 | BA423: =AZ423-AZ422 -> 24567 | BB423: 740264 | BC423: =BB423-BB422 -> 16258 | BD423: =AZ423-BB423 -> 9993 | BE423: =BD423-BD422 -> 8309 | BF423: 386423 | BG423: =BF423-BF422 -> 19071 | BH423: 671270 | BI423: =BH423-BH422 -> 17023 | BJ423: =BF423-BH423 -> -284847 | BK423: =BJ423-BJ422 -> 2048
A424: 41835 | B424: 376430 | C424: =B424-B423 -> 19086 | D424: 66719 | E424: =D424-D423 -> -3520 | F424: 65927 | G424: =F424-F423 -> 4393 | H424: 792 | I424: =H424-H423 -> -7913 | J424: 179733 | K424: =J424-J423 -> 8495 | L424: 176161 | M424: =L424-L423 -> 2837 | N424: 3572 | O424: =N424-N423 -> 5658 | P424: 105967 | Q424: =P424-P423 -> 5127 | R424: 174105 | S424: =R424-R423 -> 3502 | T424: -68138 | U424: =T424-T423 -> 1625 | W424: 379266 | X424: =W424-W423 -> 6135 | Y424: 65232 | Z424: =Y424-Y423 -> -3277 | AA424: 37030 | AB424: =AA424-AA423 -> -363 | AC424: 28202 | AD424: =AC424-AC423 -> -2914 | AE424: 164638 | AF424: =AE424-AE423 -> 3350 | AG424: 204920 | AH424: =AG424-AG423 -> 5037 | AI424: -40282 | AJ424: =AI424-AI423 -> -1687 | AK424: 99349 | AL424: =AK424-AK423 -> 3520 | AM424: 186396 | AN424: =AM424-AM423 -> 4658 | AO424: -87047 | AP424: =AO424-AO423 -> -1138 | AR424: 1941894 | AS424: =AR424-AR423 -> 112449 | AT424: 294736 | AU424: =AT424-AT423 -> -13062 | AV424: 201635 | AW424: =AV424-AV423 -> 1437 | AX424: =AT424-AV424 -> 93101 | AY424: =AX424-AX423 -> -14499 | AZ424: 766566 | BA424: =AZ424-AZ423 -> 16309 | BB424: 735304 | BC424: =BB424-BB423 -> -4960 | BD424: =AZ424-BB424 -> 31262 | BE424: =BD424-BD423 -> 21269 | BF424: 394537 | BG424: =BF424-BF423 -> 8114 | BH424: 658887 | BI424: =BH424-BH423 -> -12383 | BJ424: =BF424-BH424 -> -264350 | BK424: =BJ424-BJ423 -> 20497
A425: 41842 | B425: 391228 | C425: =B425-B424 -> 14798 | D425: 65125 | E425: =D425-D424 -> -1594 | F425: 72796 | G425: =F425-F424 -> 6869 | H425: -7671 | I425: =H425-H424 -> -8463 | J425: 180934 | K425: =J425-J424 -> 1201 | L425: 175454 | M425: =L425-L424 -> -707 | N425: 5480 | O425: =N425-N424 -> 1908 | P425: 105095 | Q425: =P425-P424 -> -872 | R425: 172931 | S425: =R425-R424 -> -1174 | T425: -67836 | U425: =T425-T424 -> 302 | W425: 386475 | X425: =W425-W424 -> 7209 | Y425: 61925 | Z425: =Y425-Y424 -> -3307 | AA425: 33940 | AB425: =AA425-AA424 -> -3090 | AC425: 27985 | AD425: =AC425-AC424 -> -217 | AE425: 165305 | AF425: =AE425-AE424 -> 667 | AG425: 208135 | AH425: =AG425-AG424 -> 3215 | AI425: -42830 | AJ425: =AI425-AI424 -> -2548 | AK425: 101181 | AL425: =AK425-AK424 -> 1832 | AM425: 191156 | AN425: =AM425-AM424 -> 4760 | AO425: -89975 | AP425: =AO425-AO424 -> -2928 | AR425: 2018482 | AS425: =AR425-AR424 -> 76588 | AT425: 287708 | AU425: =AT425-AT424 -> -7028 | AV425: 217300 | AW425: =AV425-AV424 -> 15665 | AX425: =AT425-AV425 -> 70408 | AY425: =AX425-AX424 -> -22693 | AZ425: 788915 | BA425: =AZ425-AZ424 -> 22349 | BB425: 738764 | BC425: =BB425-BB424 -> 3460 | BD425: =AZ425-BB425 -> 50151 | BE425: =BD425-BD424 -> 18889 | BF425: 412764 | BG425: =BF425-BF424 -> 18227 | BH425: 660535 | BI425: =BH425-BH424 -> 1648 | BJ425: =BF425-BH425 -> -247771 | BK425: =BJ425-BJ424 -> 16579
A426: 41849 | B426: 372256 | C426: =B426-B425 -> -18972 | D426: 67014 | E426: =D426-D425 -> 1889 | F426: 74450 | G426: =F426-F425 -> 1654 | H426: -7436 | I426: =H426-H425 -> 235 | J426: 168712 | K426: =J426-J425 -> -12222 | L426: 171200 | M426: =L426-L425 -> -4254 | N426: -2488 | O426: =N426-N425 -> -7968 | P426: 94612 | Q426: =P426-P425 -> -10483 | R426: 168707 | S426: =R426-R425 -> -4224 | T426: -74095 | U426: =T426-T425 -> -6259 | W426: 367288 | X426: =W426-W425 -> -19187 | Y426: 60634 | Z426: =Y426-Y425 -> -1291 | AA426: 29792 | AB426: =AA426-AA425 -> -4148 | AC426: 30842 | AD426: =AC426-AC425 -> 2857 | AE426: 161600 | AF426: =AE426-AE425 -> -3705 | AG426: 208484 | AH426: =AG426-AG425 -> 349 | AI426: -46884 | AJ426: =AI426-AI425 -> -4054 | AK426: 100321 | AL426: =AK426-AK425 -> -860 | AM426: 193045 | AN426: =AM426-AM425 -> 1889 | AO426: -92724 | AP426: =AO426-AO425 -> -2749 | AR426: 2003405 | AS426: =AR426-AR425 -> -15077 | AT426: 301485 | AU426: =AT426-AT425 -> 13777 | AV426: 238461 | AW426: =AV426-AV425 -> 21161 | AX426: =AT426-AV426 -> 63024 | AY426: =AX426-AX425 -> -7384 | AZ426: 783085 | BA426: =AZ426-AZ425 -> -5830 | BB426: 727434 | BC426: =BB426-BB425 -> -11330 | BD426: =AZ426-BB426 -> 55651 | BE426: =BD426-BD425 -> 5500 | BF426: 404645 | BG426: =BF426-BF425 -> -8119 | BH426: 652511 | BI426: =BH426-BH425 -> -8024 | BJ426: =BF426-BH426 -> -247866 | BK426: =BJ426-BJ425 -> -95
A427: 41856 | B427: 369890 | C427: =B427-B426 -> -2366 | D427: 68318 | E427: =D427-D426 -> 1304 | F427: 72013 | G427: =F427-F426 -> -2437 | H427: -3695 | I427: =H427-H426 -> 3741 | J427: 165171 | K427: =J427-J426 -> -3541 | L427: 169666 | M427: =L427-L426 -> -1534 | N427: -4495 | O427: =N427-N426 -> -2007 | P427: 91105 | Q427: =P427-P426 -> -3507 | R427: 166695 | S427: =R427-R426 -> -2012 | T427: -75590 | U427: =T427-T426 -> -1495 | W427: 370088 | X427: =W427-W426 -> 2800 | Y427: 60142 | Z427: =Y427-Y426 -> -492 | AA427: 31692 | AB427: =AA427-AA426 -> 1900 | AC427: 28450 | AD427: =AC427-AC426 -> -2392 | AE427: 159938 | AF427: =AE427-AE426 -> -1662 | AG427: 209569 | AH427: =AG427-AG426 -> 1085 | AI427: -49631 | AJ427: =AI427-AI426 -> -2747 | AK427: 97098 | AL427: =AK427-AK426 -> -3223 | AM427: 192689 | AN427: =AM427-AM426 -> -356 | AO427: -95591 | AP427: =AO427-AO426 -> -2867 | AR427: 2024097 | AS427: =AR427-AR426 -> 20692 | AT427: 319074 | AU427: =AT427-AT426 -> 17589 | AV427: 247386 | AW427: =AV427-AV426 -> 8925 | AX427: =AT427-AV427 -> 71688 | AY427: =AX427-AX426 -> 8664 | AZ427: 769142 | BA427: =AZ427-AZ426 -> -13943 | BB427: 724703 | BC427: =BB427-BB426 -> -2731 | BD427: =AZ427-BB427 -> 44439 | BE427: =BD427-BD426 -> -11212 | BF427: 393278 | BG427: =BF427-BF426 -> -11367 | BH427: 648403 | BI427: =BH427-BH426 -> -4108 | BJ427: =BF427-BH427 -> -255125 | BK427: =BJ427-BJ426 -> -7259
A428: 41863 | B428: 389769 | C428: =B428-B427 -> 19879 | D428: 65701 | E428: =D428-D427 -> -2617 | F428: 81210 | G428: =F428-F427 -> 9197 | H428: -15509 | I428: =H428-H427 -> -11814 | J428: 171401 | K428: =J428-J427 -> 6230 | L428: 171969 | M428: =L428-L427 -> 2303 | N428: -568 | O428: =N428-N427 -> 3927 | P428: 94925 | Q428: =P428-P427 -> 3820 | R428: 168828 | S428: =R428-R427 -> 2133 | T428: -73903 | U428: =T428-T427 -> 1687 | W428: 377825 | X428: =W428-W427 -> 7737 | Y428: 63528 | Z428: =Y428-Y427 -> 3386 | AA428: 27227 | AB428: =AA428-AA427 -> -4465 | AC428: 36301 | AD428: =AC428-AC427 -> 7851 | AE428: 156289 | AF428: =AE428-AE427 -> -3649 | AG428: 217397 | AH428: =AG428-AG427 -> 7828 | AI428: -61108 | AJ428: =AI428-AI427 -> -11477 | AK428: 94994 | AL428: =AK428-AK427 -> -2104 | AM428: 200453 | AN428: =AM428-AM427 -> 7764 | AO428: -105459 | AP428: =AO428-AO427 -> -9868 | AR428: 2008552 | AS428: =AR428-AR427 -> -15545 | AT428: 321175 | AU428: =AT428-AT427 -> 2101 | AV428: 253510 | AW428: =AV428-AV427 -> 6124 | AX428: =AT428-AV428 -> 67665 | AY428: =AX428-AX427 -> -4023 | AZ428: 764749 | BA428: =AZ428-AZ427 -> -4393 | BB428: 721756 | BC428: =BB428-BB427 -> -2947 | BD428: =AZ428-BB428 -> 42993 | BE428: =BD428-BD427 -> -1446 | BF428: 373738 | BG428: =BF428-BF427 -> -19540 | BH428: 629853 | BI428: =BH428-BH427 -> -18550 | BJ428: =BF428-BH428 -> -256115 | BK428: =BJ428-BJ427 -> -990
A429: 41870 | B429: 421935 | C429: =B429-B428 -> 32166 | D429: 66115 | E429: =D429-D428 -> 414 | F429: 81270 | G429: =F429-F428 -> 60 | H429: -15155 | I429: =H429-H428 -> 354 | J429: 180667 | K429: =J429-J428 -> 9266 | L429: 182710 | M429: =L429-L428 -> 10741 | N429: -2043 | O429: =N429-N428 -> -1475 | P429: 105826 | Q429: =P429-P428 -> 10901 | R429: 178926 | S429: =R429-R428 -> 10098 | T429: -73100 | U429: =T429-T428 -> 803 | W429: 389775 | X429: =W429-W428 -> 11950 | Y429: 67382 | Z429: =Y429-Y428 -> 3854 | AA429: 24739 | AB429: =AA429-AA428 -> -2488 | AC429: 42643 | AD429: =AC429-AC428 -> 6342 | AE429: 153151 | AF429: =AE429-AE428 -> -3138 | AG429: 226105 | AH429: =AG429-AG428 -> 8708 | AI429: -72954 | AJ429: =AI429-AI428 -> -11846 | AK429: 93334 | AL429: =AK429-AK428 -> -1660 | AM429: 208648 | AN429: =AM429-AM428 -> 8195 | AO429: -115314 | AP429: =AO429-AO428 -> -9855 | AR429: 1976604 | AS429: =AR429-AR428 -> -31948 | AT429: 318770 | AU429: =AT429-AT428 -> -2405 | AV429: 254051 | AW429: =AV429-AV428 -> 541 | AX429: =AT429-AV429 -> 64719 | AY429: =AX429-AX428 -> -2946 | AZ429: 745941 | BA429: =AZ429-AZ428 -> -18808 | BB429: 709446 | BC429: =BB429-BB428 -> -12310 | BD429: =AZ429-BB429 -> 36495 | BE429: =BD429-BD428 -> -6498 | BF429: 350825 | BG429: =BF429-BF428 -> -22913 | BH429: 616164 | BI429: =BH429-BH428 -> -13689 | BJ429: =BF429-BH429 -> -265339 | BK429: =BJ429-BJ428 -> -9224
A430: 41877 | B430: 413470 | C430: =B430-B429 -> -8465 | D430: 63477 | E430: =D430-D429 -> -2638 | F430: 79172 | G430: =F430-F429 -> -2098 | H430: -15695 | I430: =H430-H429 -> -540 | J430: 179870 | K430: =J430-J429 -> -797 | L430: 186696 | M430: =L430-L429 -> 3986 | N430: -6826 | O430: =N430-N429 -> -4783 | P430: 107213 | Q430: =P430-P429 -> 1387 | R430: 180958 | S430: =R430-R429 -> 2032 | T430: -73745 | U430: =T430-T429 -> -645 | W430: 385784 | X430: =W430-W429 -> -3991 | Y430: 61442 | Z430: =Y430-Y429 -> -5940 | AA430: 28153 | AB430: =AA430-AA429 -> 3414 | AC430: 33289 | AD430: =AC430-AC429 -> -9354 | AE430: 165571 | AF430: =AE430-AE429 -> 12420 | AG430: 222758 | AH430: =AG430-AG429 -> -3347 | AI430: -57187 | AJ430: =AI430-AI429 -> 15767 | AK430: 103259 | AL430: =AK430-AK429 -> 9925 | AM430: 204661 | AN430: =AM430-AM429 -> -3987 | AO430: -101402 | AP430: =AO430-AO429 -> 13912 | AR430: 1755681 | AS430: =AR430-AR429 -> -220923 | AT430: 324543 | AU430: =AT430-AT429 -> 5773 | AV430: 256950 | AW430: =AV430-AV429 -> 2899 | AX430: =AT430-AV430 -> 67593 | AY430: =AX430-AX429 -> 2874 | AZ430: 666882 | BA430: =AZ430-AZ429 -> -79059 | BB430: 621467 | BC430: =BB430-BB429 -> -87979 | BD430: =AZ430-BB430 -> 45415 | BE430: =BD430-BD429 -> 8920 | BF430: 313837 | BG430: =BF430-BF429 -> -36988 | BH430: 566405 | BI430: =BH430-BH429 -> -49759 | BJ430: =BF430-BH430 -> -252568 | BK430: =BJ430-BJ429 -> 12771
A431: 41884 | B431: 418653 | C431: =B431-B430 -> 5183 | D431: 65351 | E431: =D431-D430 -> 1874 | F431: 83381 | G431: =F431-F430 -> 4209 | H431: -18030 | I431: =H431-H430 -> -2335 | J431: 181717 | K431: =J431-J430 -> 1847 | L431: 188795 | M431: =L431-L430 -> 2099 | N431: -7078 | O431: =N431-N430 -> -252 | P431: 109731 | Q431: =P431-P430 -> 2518 | R431: 182179 | S431: =R431-R430 -> 1221 | T431: -72448 | U431: =T431-T430 -> 1297 | W431: 401405 | X431: =W431-W430 -> 15621 | Y431: 74499 | Z431: =Y431-Y430 -> 13057 | AA431: 26584 | AB431: =AA431-AA430 -> -1569 | AC431: 47915 | AD431: =AC431-AC430 -> 14626 | AE431: 164360 | AF431: =AE431-AE430 -> -1211 | AG431: 240396 | AH431: =AG431-AG430 -> 17638 | AI431: -76036 | AJ431: =AI431-AI430 -> -18849 | AK431: 102422 | AL431: =AK431-AK430 -> -837 | AM431: 219264 | AN431: =AM431-AM430 -> 14603 | AO431: -116842 | AP431: =AO431-AO430 -> -15440 | AR431: 1735823 | AS431: =AR431-AR430 -> -19858 | AT431: 332485 | AU431: =AT431-AT430 -> 7942 | AV431: 252369 | AW431: =AV431-AV430 -> -4581 | AX431: =AT431-AV431 -> 80116 | AY431: =AX431-AX430 -> 12523 | AZ431: 651676 | BA431: =AZ431-AZ430 -> -15206 | BB431: 610130 | BC431: =BB431-BB430 -> -11337 | BD431: =AZ431-BB431 -> 41546 | BE431: =BD431-BD430 -> -3869 | BF431: 295044 | BG431: =BF431-BF430 -> -18793 | BH431: 554242 | BI431: =BH431-BH430 -> -12163 | BJ431: =BF431-BH431 -> -259198 | BK431: =BJ431-BJ430 -> -6630
A432: 41891 | B432: 432643 | C432: =B432-B431 -> 13990 | D432: 64908 | E432: =D432-D431 -> -443 | F432: 86208 | G432: =F432-F431 -> 2827 | H432: -21300 | I432: =H432-H431 -> -3270 | J432: 186782 | K432: =J432-J431 -> 5065 | L432: 194480 | M432: =L432-L431 -> 5685 | N432: -7698 | O432: =N432-N431 -> -620 | P432: 113399 | Q432: =P432-P431 -> 3668 | R432: 186848 | S432: =R432-R431 -> 4669 | T432: -73449 | U432: =T432-T431 -> -1001 | W432: 409544 | X432: =W432-W431 -> 8139 | Y432: 64232 | Z432: =Y432-Y431 -> -10267 | AA432: 29689 | AB432: =AA432-AA431 -> 3105 | AC432: 34543 | AD432: =AC432-AC431 -> -13372 | AE432: 173378 | AF432: =AE432-AE431 -> 9018 | AG432: 234546 | AH432: =AG432-AG431 -> -5850 | AI432: -61168 | AJ432: =AI432-AI431 -> 14868 | AK432: 108321 | AL432: =AK432-AK431 -> 5899 | AM432: 214650 | AN432: =AM432-AM431 -> -4614 | AO432: -106329 | AP432: =AO432-AO431 -> 10513 | AR432: 1831840 | AS432: =AR432-AR431 -> 96017 | AT432: 328460 | AU432: =AT432-AT431 -> -4025 | AV432: 246994 | AW432: =AV432-AV431 -> -5375 | AX432: =AT432-AV432 -> 81466 | AY432: =AX432-AX431 -> 1350 | AZ432: 673565 | BA432: =AZ432-AZ431 -> 21889 | BB432: 618778 | BC432: =BB432-BB431 -> 8648 | BD432: =AZ432-BB432 -> 54787 | BE432: =BD432-BD431 -> 13241 | BF432: 313430 | BG432: =BF432-BF431 -> 18386 | BH432: 558621 | BI432: =BH432-BH431 -> 4379 | BJ432: =BF432-BH432 -> -245191 | BK432: =BJ432-BJ431 -> 14007
A433: 41898 | B433: 432875 | C433: =B433-B432 -> 232 | D433: 67491 | E433: =D433-D432 -> 2583 | F433: 80946 | G433: =F433-F432 -> -5262 | H433: -13455 | I433: =H433-H432 -> 7845 | J433: 180486 | K433: =J433-J432 -> -6296 | L433: 193555 | M433: =L433-L432 -> -925 | N433: -13069 | O433: =N433-N432 -> -5371 | P433: 106945 | Q433: =P433-P432 -> -6454 | R433: 186018 | S433: =R433-R432 -> -830 | T433: -79073 | U433: =T433-T432 -> -5624 | W433: 420153 | X433: =W433-W432 -> 10609 | Y433: 61100 | Z433: =Y433-Y432 -> -3132 | AA433: 34234 | AB433: =AA433-AA432 -> 4545 | AC433: 26866 | AD433: =AC433-AC432 -> -7677 | AE433: 182350 | AF433: =AE433-AE432 -> 8972 | AG433: 230199 | AH433: =AG433-AG432 -> -4347 | AI433: -47849 | AJ433: =AI433-AI432 -> 13319 | AK433: 115431 | AL433: =AK433-AK432 -> 7110 | AM433: 209041 | AN433: =AM433-AM432 -> -5609 | AO433: -93610 | AP433: =AO433-AO432 -> 12719 | AR433: 1877009 | AS433: =AR433-AR432 -> 45169 | AT433: 329133 | AU433: =AT433-AT432 -> 673 | AV433: 242088 | AW433: =AV433-AV432 -> -4906 | AX433: =AT433-AV433 -> 87045 | AY433: =AX433-AX432 -> 5579 | AZ433: 674467 | BA433: =AZ433-AZ432 -> 902 | BB433: 633087 | BC433: =BB433-BB432 -> 14309 | BD433: =AZ433-BB433 -> 41380 | BE433: =BD433-BD432 -> -13407 | BF433: 311687 | BG433: =BF433-BF432 -> -1743 | BH433: 569512 | BI433: =BH433-BH432 -> 10891 | BJ433: =BF433-BH433 -> -257825 | BK433: =BJ433-BJ432 -> -12634
A434: 41905 | B434: 450686 | C434: =B434-B433 -> 17811 | D434: 68959 | E434: =D434-D433 -> 1468 | F434: 73989 | G434: =F434-F433 -> -6957 | H434: -5030 | I434: =H434-H433 -> 8425 | J434: 182071 | K434: =J434-J433 -> 1585 | L434: 208958 | M434: =L434-L433 -> 15403 | N434: -26887 | O434: =N434-N433 -> -13818 | P434: 105064 | Q434: =P434-P433 -> -1881 | R434: 198109 | S434: =R434-R433 -> 12091 | T434: -93045 | U434: =T434-T433 -> -13972 | W434: 436732 | X434: =W434-W433 -> 16579 | Y434: 59734 | Z434: =Y434-Y433 -> -1366 | AA434: 34289 | AB434: =AA434-AA433 -> 55 | AC434: 25445 | AD434: =AC434-AC433 -> -1421 | AE434: 191672 | AF434: =AE434-AE433 -> 9322 | AG434: 233892 | AH434: =AG434-AG433 -> 3693 | AI434: -42220 | AJ434: =AI434-AI433 -> 5629 | AK434: 120570 | AL434: =AK434-AK433 -> 5139 | AM434: 213770 | AN434: =AM434-AM433 -> 4729 | AO434: -93200 | AP434: =AO434-AO433 -> 410 | AR434: 1969520 | AS434: =AR434-AR433 -> 92511 | AT434: 322241 | AU434: =AT434-AT433 -> -6892 | AV434: 240705 | AW434: =AV434-AV433 -> -1383 | AX434: =AT434-AV434 -> 81536 | AY434: =AX434-AX433 -> -5509 | AZ434: 694094 | BA434: =AZ434-AZ433 -> 19627 | BB434: 639807 | BC434: =BB434-BB433 -> 6720 | BD434: =AZ434-BB434 -> 54287 | BE434: =BD434-BD433 -> 12907 | BF434: 325178 | BG434: =BF434-BF433 -> 13491 | BH434: 575097 | BI434: =BH434-BH433 -> 5585 | BJ434: =BF434-BH434 -> -249919 | BK434: =BJ434-BJ433 -> 7906
... A614: 43165 | B614: 514235 | C614: =B614-B613 -> 23121 | D614: 73935 | E614: =D614-D613 -> 1338 | F614: 82981 | G614: =F614-F613 -> 1037 | H614: -9046 | I614: =H614-H613 -> 301 | J614: 233049 | K614: =J614-J613 -> 10964 | L614: 282591 | M614: =L614-L613 -> 11846 | N614: -49542 | O614: =N614-N613 -> -882 | P614: 100529 | Q614: =P614-P613 -> 4941 | R614: 259120 | S614: =R614-R613 -> 11056 | T614: -158591 | U614: =T614-T613 -> -6115 | W614: 510861 | X614: =W614-W613 -> 2784 | Y614: 121252 | Z614: =Y614-Y613 -> 7369 | AA614: 5752 | AB614: =AA614-AA613 -> -1851 | AC614: 115500 | AD614: =AC614-AC613 -> 9220 | AE614: 196932 | AF614: =AE614-AE613 -> 3525 | AG614: 365749 | AH614: =AG614-AG613 -> 5357 | AI614: -168817 | AJ614: =AI614-AI613 -> -1832 | AK614: 86904 | AL614: =AK614-AK613 -> 2857 | AM614: 337288 | AN614: =AM614-AM613 -> 4699 | AO614: -250384 | AP614: =AO614-AO613 -> -1842 | AR614: 2149942 | AS614: =AR614-AR613 -> 163637 | AT614: 349582 | AU614: =AT614-AT613 -> 64524 | AV614: 186048 | AW614: =AV614-AV613 -> -39890 | AX614: =AT614-AV614 -> 163534 | AY614: =AX614-AX613 -> 104414 | AZ614: 857881 | BA614: =AZ614-AZ613 -> 47622 | BB614: 1092305 | BC614: =BB614-BB613 -> 136244 | BD614: =AZ614-BB614 -> -234424 | BE614: =BD614-BD613 -> -88622 | BF614: 500216 | BG614: =BF614-BF613 -> 24022 | BH614: 1001375 | BI614: =BH614-BH613 -> 129107 | BJ614: =BF614-BH614 -> -501159 | BK614: =BJ614-BJ613 -> -105085
A615: =A614+7 -> 43172 | B615: 517069 | C615: =B615-B614 -> 2834 | D615: 69391 | E615: =D615-D614 -> -4544 | F615: 90612 | G615: =F615-F614 -> 7631 | H615: -21221 | I615: =H615-H614 -> -12175 | J615: 237074 | K615: =J615-J614 -> 4025 | L615: 272870 | M615: =L615-L614 -> -9721 | N615: -35796 | O615: =N615-N614 -> 13746 | P615: 107186 | Q615: =P615-P614 -> 6657 | R615: 249288 | S615: =R615-R614 -> -9832 | T615: -142102 | U615: =T615-T614 -> 16489 | W615: 512779 | X615: =W615-W614 -> 1918 | Y615: 116576 | Z615: =Y615-Y614 -> -4676 | AA615: 5127 | AB615: =AA615-AA614 -> -625 | AC615: 111449 | AD615: =AC615-AC614 -> -4051 | AE615: 200256 | AF615: =AE615-AE614 -> 3324 | AG615: 363154 | AH615: =AG615-AG614 -> -2595 | AI615: -162898 | AJ615: =AI615-AI614 -> 5919 | AK615: 87400 | AL615: =AK615-AK614 -> 496 | AM615: 332671 | AN615: =AM615-AM614 -> -4617 | AO615: -245271 | AP615: =AO615-AO614 -> 5113 | AR615: 2323591 | AS615: =AR615-AR614 -> 173649 | AT615: 380552 | AU615: =AT615-AT614 -> 30970 | AV615: 147489 | AW615: =AV615-AV614 -> -38559 | AX615: =AT615-AV615 -> 233063 | AY615: =AX615-AX614 -> 69529 | AZ615: 888929 | BA615: =AZ615-AZ614 -> 31048 | BB615: 1185306 | BC615: =BB615-BB614 -> 93001 | BD615: =AZ615-BB615 -> -296377 | BE615: =BD615-BD614 -> -61953 | BF615: 525573 | BG615: =BF615-BF614 -> 25357 | BH615: 1084907 | BI615: =BH615-BH614 -> 83532 | BJ615: =BF615-BH615 -> -559334 | BK615: =BJ615-BJ614 -> -58175
A616: =A615+7 -> 43179 | B616: 526434 | C616: =B616-B615 -> 9365 | D616: 68125 | E616: =D616-D615 -> -1266 | F616: 93045 | G616: =F616-F615 -> 2433 | H616: -24920 | I616: =H616-H615 -> -3699 | J616: 235432 | K616: =J616-J615 -> -1642 | L616: 268206 | M616: =L616-L615 -> -4664 | N616: -32774 | O616: =N616-N615 -> 3022 | P616: 111999 | Q616: =P616-P615 -> 4813 | R616: 248929 | S616: =R616-R615 -> -359 | T616: -136930 | U616: =T616-T615 -> 5172 | W616: 507869 | X616: =W616-W615 -> -4910 | Y616: 106932 | Z616: =Y616-Y615 -> -9644 | AA616: 7454 | AB616: =AA616-AA615 -> 2327 | AC616: 99478 | AD616: =AC616-AC615 -> -11971 | AE616: 203908 | AF616: =AE616-AE615 -> 3652 | AG616: 354348 | AH616: =AG616-AG615 -> -8806 | AI616: -150440 | AJ616: =AI616-AI615 -> 12458 | AK616: 92506 | AL616: =AK616-AK615 -> 5106 | AM616: 326127 | AN616: =AM616-AM615 -> -6544 | AO616: -233621 | AP616: =AO616-AO615 -> 11650 | AR616: 2310613 | AS616: =AR616-AR615 -> -12978 | AT616: 370555 | AU616: =AT616-AT615 -> -9997 | AV616: 157324 | AW616: =AV616-AV615 -> 9835 | AX616: =AT616-AV616 -> 213231 | AY616: =AX616-AX615 -> -19832 | AZ616: 929248 | BA616: =AZ616-AZ615 -> 40319 | BB616: 1162011 | BC616: =BB616-BB615 -> -23295 | BD616: =AZ616-BB616 -> -232763 | BE616: =BD616-BD615 -> 63614 | BF616: 552478 | BG616: =BF616-BF615 -> 26905 | BH616: 1046042 | BI616: =BH616-BH615 -> -38865 | BJ616: =BF616-BH616 -> -493564 | BK616: =BJ616-BJ615 -> 65770
A617: =A616+7 -> 43186 | B617: 547098 | C617: =B617-B616 -> 20664 | D617: 65798 | E617: =D617-D616 -> -2327 | F617: 101914 | G617: =F617-F616 -> 8869 | H617: -36116 | I617: =H617-H616 -> -11196 | J617: 240318 | K617: =J617-J616 -> 4886 | L617: 265923 | M617: =L617-L616 -> -2283 | N617: -25605 | O617: =N617-N616 -> 7169 | P617: 116283 | Q617: =P617-P616 -> 4284 | R617: 247185 | S617: =R617-R616 -> -1744 | T617: -130902 | U617: =T617-T616 -> 6028 | W617: 517981 | X617: =W617-W616 -> 10112 | Y617: 107725 | Z617: =Y617-Y616 -> 793 | AA617: 5652 | AB617: =AA617-AA616 -> -1802 | AC617: 102073 | AD617: =AC617-AC616 -> 2595 | AE617: 208219 | AF617: =AE617-AE616 -> 4311 | AG617: 362946 | AH617: =AG617-AG616 -> 8598 | AI617: -154727 | AJ617: =AI617-AI616 -> -4287 | AK617: 94732 | AL617: =AK617-AK616 -> 2226 | AM617: 327300 | AN617: =AM617-AM616 -> 1173 | AO617: -232568 | AP617: =AO617-AO616 -> 1053 | AR617: 2315457 | AS617: =AR617-AR616 -> 4844 | AT617: 313238 | AU617: =AT617-AT616 -> -57317 | AV617: 196327 | AW617: =AV617-AV616 -> 39003 | AX617: =AT617-AV617 -> 116911 | AY617: =AX617-AX616 -> -96320 | AZ617: 979954 | BA617: =AZ617-AZ616 -> 50706 | BB617: 1135799 | BC617: =BB617-BB616 -> -26212 | BD617: =AZ617-BB617 -> -155845 | BE617: =BD617-BD616 -> 76918 | BF617: 585663 | BG617: =BF617-BF616 -> 33185 | BH617: 1002055 | BI617: =BH617-BH616 -> -43987 | BJ617: =BF617-BH617 -> -416392 | BK617: =BJ617-BJ616 -> 77172
A618: =A617+7 -> 43193 | B618: 545053 | C618: =B618-B617 -> -2045 | D618: 69856 | E618: =D618-D617 -> 4058 | F618: 92298 | G618: =F618-F617 -> -9616 | H618: -22442 | I618: =H618-H617 -> 13674 | J618: 231996 | K618: =J618-J617 -> -8322 | L618: 268603 | M618: =L618-L617 -> 2680 | N618: -36607 | O618: =N618-N617 -> -11002 | P618: 109712 | Q618: =P618-P617 -> -6571 | R618: 250526 | S618: =R618-R617 -> 3341 | T618: -140814 | U618: =T618-T617 -> -9912 | W618: 534398 | X618: =W618-W617 -> 16417 | Y618: 104120 | Z618: =Y618-Y617 -> -3605 | AA618: 5893 | AB618: =AA618-AA617 -> 241 | AC618: 98227 | AD618: =AC618-AC617 -> -3846 | AE618: 209768 | AF618: =AE618-AE617 -> 1549 | AG618: 363839 | AH618: =AG618-AG617 -> 893 | AI618: -154071 | AJ618: =AI618-AI617 -> 656 | AK618: 96688 | AL618: =AK618-AK617 -> 1956 | AM618: 331378 | AN618: =AM618-AM617 -> 4078 | AO618: -234690 | AP618: =AO618-AO617 -> -2122 | AR618: 2403876 | AS618: =AR618-AR617 -> 88419 | AT618: 326893 | AU618: =AT618-AT617 -> 13655 | AV618: 186706 | AW618: =AV618-AV617 -> -9621 | AX618: =AT618-AV618 -> 140187 | AY618: =AX618-AX617 -> 23276 | AZ618: 964034 | BA618: =AZ618-AZ617 -> -15920 | BB618: 1190875 | BC618: =BB618-BB617 -> 55076 | BD618: =AZ618-BB618 -> -226841 | BE618: =BD618-BD617 -> -70996 | BF618: 576980 | BG618: =BF618-BF617 -> -8683 | BH618: 1051965 | BI618: =BH618-BH617 -> 49910 | BJ618: =BF618-BH618 -> -474985 | BK618: =BJ618-BJ617 -> -58593
A619: =A618+7 -> 43200 | B619: 572007 | C619: =B619-B618 -> 26954 | D619: 68685 | E619: =D619-D618 -> -1171 | F619: 101484 | G619: =F619-F618 -> 9186 | H619: -32799 | I619: =H619-H618 -> -10357 | J619: 237594 | K619: =J619-J618 -> 5598 | L619: 264074 | M619: =L619-L618 -> -4529 | N619: -26480 | O619: =N619-N618 -> 10127 | P619: 119227 | Q619: =P619-P618 -> 9515 | R619: 246334 | S619: =R619-R618 -> -4192 | T619: -127107 | U619: =T619-T618 -> 13707 | W619: 570068 | X619: =W619-W618 -> 35670 | Y619: 114672 | Z619: =Y619-Y618 -> 10552 | AA619: 5302 | AB619: =AA619-AA618 -> -591 | AC619: 109370 | AD619: =AC619-AC618 -> 11143 | AE619: 207035 | AF619: =AE619-AE618 -> -2733 | AG619: 371836 | AH619: =AG619-AG618 -> 7997 | AI619: -164801 | AJ619: =AI619-AI618 -> -10730 | AK619: 97562 | AL619: =AK619-AK618 -> 874 | AM619: 338658 | AN619: =AM619-AM618 -> 7280 | AO619: -241096 | AP619: =AO619-AO618 -> -6406 | AR619: 2448431 | AS619: =AR619-AR618 -> 44555 | AT619: 329989 | AU619: =AT619-AT618 -> 3096 | AV619: 155102 | AW619: =AV619-AV618 -> -31604 | AX619: =AT619-AV619 -> 174887 | AY619: =AX619-AX618 -> 34700 | AZ619: 959905 | BA619: =AZ619-AZ618 -> -4129 | BB619: 1211510 | BC619: =BB619-BB618 -> 20635 | BD619: =AZ619-BB619 -> -251605 | BE619: =BD619-BD618 -> -24764 | BF619: 578643 | BG619: =BF619-BF618 -> 1663 | BH619: 1085169 | BI619: =BH619-BH618 -> 33204 | BJ619: =BF619-BH619 -> -506526 | BK619: =BJ619-BJ618 -> -31541
A620: =A619+7 -> 43207 | B620: 558796 | C620: =B620-B619 -> -13211 | D620: 68316 | E620: =D620-D619 -> -369 | F620: 109143 | G620: =F620-F619 -> 7659 | H620: -40827 | I620: =H620-H619 -> -8028 | J620: 235319 | K620: =J620-J619 -> -2275 | L620: 247999 | M620: =L620-L619 -> -16075 | N620: -12680 | O620: =N620-N619 -> 13800 | P620: 123220 | Q620: =P620-P619 -> 3993 | R620: 231880 | S620: =R620-R619 -> -14454 | T620: -108660 | U620: =T620-T619 -> 18447 | W620: 588589 | X620: =W620-W619 -> 18521 | Y620: 113969 | Z620: =Y620-Y619 -> -703 | AA620: 4817 | AB620: =AA620-AA619 -> -485 | AC620: 109152 | AD620: =AC620-AC619 -> -218 | AE620: 217571 | AF620: =AE620-AE619 -> 10536 | AG620: 379339 | AH620: =AG620-AG619 -> 7503 | AI620: -161768 | AJ620: =AI620-AI619 -> 3033 | AK620: 104540 | AL620: =AK620-AK619 -> 6978 | AM620: 341256 | AN620: =AM620-AM619 -> 2598 | AO620: -236716 | AP620: =AO620-AO619 -> 4380 | AR620: 2382243 | AS620: =AR620-AR619 -> -66188 | AT620: 302072 | AU620: =AT620-AT619 -> -27917 | AV620: 163828 | AW620: =AV620-AV619 -> 8726 | AX620: =AT620-AV620 -> 138244 | AY620: =AX620-AX619 -> -36643 | AZ620: 970286 | BA620: =AZ620-AZ619 -> 10381 | BB620: 1167363 | BC620: =BB620-BB619 -> -44147 | BD620: =AZ620-BB620 -> -197077 | BE620: =BD620-BD619 -> 54528 | BF620: 586419 | BG620: =BF620-BF619 -> 7776 | BH620: 1051719 | BI620: =BH620-BH619 -> -33450 | BJ620: =BF620-BH620 -> -465300 | BK620: =BJ620-BJ619 -> 41226
A621: =A620+7 -> 43214 | B621: 518430 | C621: =B621-B620 -> -40366 | D621: 67614 | E621: =D621-D620 -> -702 | F621: 120340 | G621: =F621-F620 -> 11197 | H621: -52726 | I621: =H621-H620 -> -11899 | J621: 225768 | K621: =J621-J620 -> -9551 | L621: 228770 | M621: =L621-L620 -> -19229 | N621: -3002 | O621: =N621-N620 -> 9678 | P621: 118345 | Q621: =P621-P620 -> -4875 | R621: 215861 | S621: =R621-R620 -> -16019 | T621: -97516 | U621: =T621-T620 -> 11144 | W621: 556334 | X621: =W621-W620 -> -32255 | Y621: 110780 | Z621: =Y621-Y620 -> -3189 | AA621: 5359 | AB621: =AA621-AA620 -> 542 | AC621: 105421 | AD621: =AC621-AC620 -> -3731 | AE621: 217747 | AF621: =AE621-AE620 -> 176 | AG621: 367596 | AH621: =AG621-AG620 -> -11743 | AI621: -149849 | AJ621: =AI621-AI620 -> 11919 | AK621: 106534 | AL621: =AK621-AK620 -> 1994 | AM621: 330600 | AN621: =AM621-AM620 -> -10656 | AO621: -224066 | AP621: =AO621-AO620 -> 12650 | AR621: 2259200 | AS621: =AR621-AR620 -> -123043 | AT621: 307162 | AU621: =AT621-AT620 -> 5090 | AV621: 184285 | AW621: =AV621-AV620 -> 20457 | AX621: =AT621-AV621 -> 122877 | AY621: =AX621-AX620 -> -15367 | AZ621: 905996 | BA621: =AZ621-AZ620 -> -64290 | BB621: 1109501 | BC621: =BB621-BB620 -> -57862 | BD621: =AZ621-BB621 -> -203505 | BE621: =BD621-BD620 -> -6428 | BF621: 528188 | BG621: =BF621-BF620 -> -58231 | BH621: 1000183 | BI621: =BH621-BH620 -> -51536 | BJ621: =BF621-BH621 -> -471995 | BK621: =BJ621-BJ620 -> -6695
A622: =A621+7 -> 43221 | B622: 532786 | C622: =B622-B621 -> 14356 | D622: 65706 | E622: =D622-D621 -> -1908 | F622: 139246 | G622: =F622-F621 -> 18906 | H622: -73540 | I622: =H622-H621 -> -20814 | J622: 238335 | K622: =J622-J621 -> 12567 | L622: 219396 | M622: =L622-L621 -> -9374 | N622: 18939 | O622: =N622-N621 -> 21941 | P622: 130831 | Q622: =P622-P621 -> 12486 | R622: 205146 | S622: =R622-R621 -> -10715 | T622: -74315 | U622: =T622-T621 -> 23201 | W622: 587565 | X622: =W622-W621 -> 31231 | Y622: 136231 | Z622: =Y622-Y621 -> 25451 | AA622: 2682 | AB622: =AA622-AA621 -> -2677 | AC622: 133549 | AD622: =AC622-AC621 -> 28128 | AE622: 214960 | AF622: =AE622-AE621 -> -2787 | AG622: 400359 | AH622: =AG622-AG621 -> 32763 | AI622: -185399 | AJ622: =AI622-AI621 -> -35550 | AK622: 105041 | AL622: =AK622-AK621 -> -1493 | AM622: 367258 | AN622: =AM622-AM621 -> 36658 | AO622: -262217 | AP622: =AO622-AO621 -> -38151 | AR622: 2318130 | AS622: =AR622-AR621 -> 58930 | AT622: 339128 | AU622: =AT622-AT621 -> 31966 | AV622: 152811 | AW622: =AV622-AV621 -> -31474 | AX622: =AT622-AV622 -> 186317 | AY622: =AX622-AX621 -> 63440 | AZ622: 891270 | BA622: =AZ622-AZ621 -> -14726 | BB622: 1162244 | BC622: =BB622-BB621 -> 52743 | BD622: =AZ622-BB622 -> -270974 | BE622: =BD622-BD621 -> -67469 | BF622: 498045 | BG622: =BF622-BF621 -> -30143 | BH622: 1045419 | BI622: =BH622-BH621 -> 45236 | BJ622: =BF622-BH622 -> -547374 | BK622: =BJ622-BJ621 -> -75379
A623: =A622+7 -> 43228 | B623: 538981 | C623: =B623-B622 -> 6195 | D623: 68044 | E623: =D623-D622 -> 2338 | F623: 135993 | G623: =F623-F622 -> -3253 | H623: -67949 | I623: =H623-H622 -> 5591 | J623: 240388 | K623: =J623-J622 -> 2053 | L623: 223777 | M623: =L623-L622 -> 4381 | N623: 16611 | O623: =N623-N622 -> -2328 | P623: 134989 | Q623: =P623-P622 -> 4158 | R623: 210430 | S623: =R623-R622 -> 5284 | T623: -75441 | U623: =T623-T622 -> -1126 | W623: 580661 | X623: =W623-W622 -> -6904 | Y623: 132141 | Z623: =Y623-Y622 -> -4090 | AA623: 1756 | AB623: =AA623-AA622 -> -926 | AC623: 130385 | AD623: =AC623-AC622 -> -3164 | AE623: 219887 | AF623: =AE623-AE622 -> 4927 | AG623: 399444 | AH623: =AG623-AG622 -> -915 | AI623: -179557 | AJ623: =AI623-AI622 -> 5842 | AK623: 109281 | AL623: =AK623-AK622 -> 4240 | AM623: 363557 | AN623: =AM623-AM622 -> -3701 | AO623: -254276 | AP623: =AO623-AO622 -> 7941 | AR623: 2362419 | AS623: =AR623-AR622 -> 44289 | AT623: 343355 | AU623: =AT623-AT622 -> 4227 | AV623: 131463 | AW623: =AV623-AV622 -> -21348 | AX623: =AT623-AV623 -> 211892 | AY623: =AX623-AX622 -> 25575 | AZ623: 927592 | BA623: =AZ623-AZ622 -> 36322 | BB623: 1203439 | BC623: =BB623-BB622 -> 41195 | BD623: =AZ623-BB623 -> -275847 | BE623: =BD623-BD622 -> -4873 | BF623: 533117 | BG623: =BF623-BF622 -> 35072 | BH623: 1086741 | BI623: =BH623-BH622 -> 41322 | BJ623: =BF623-BH623 -> -553624 | BK623: =BJ623-BJ622 -> -6250
A624: =A623+7 -> 43235 | B624: 536377 | C624: =B624-B623 -> -2604 | D624: 71415 | E624: =D624-D623 -> 3371 | F624: 126857 | G624: =F624-F623 -> -9136 | H624: -55442 | I624: =H624-H623 -> 12507 | J624: 229571 | K624: =J624-J623 -> -10817 | L624: 224021 | M624: =L624-L623 -> 244 | N624: 5550 | O624: =N624-N623 -> -11061 | P624: 123957 | Q624: =P624-P623 -> -11032 | R624: 211968 | S624: =R624-R623 -> 1538 | T624: -88011 | U624: =T624-T623 -> -12570 | W624: 588612 | X624: =W624-W623 -> 7951 | Y624: 124779 | Z624: =Y624-Y623 -> -7362 | AA624: 3247 | AB624: =AA624-AA623 -> 1491 | AC624: 121532 | AD624: =AC624-AC623 -> -8853 | AE624: 231569 | AF624: =AE624-AE623 -> 11682 | AG624: 399785 | AH624: =AG624-AG623 -> 341 | AI624: -168216 | AJ624: =AI624-AI623 -> 11341 | AK624: 118521 | AL624: =AK624-AK623 -> 9240 | AM624: 364285 | AN624: =AM624-AM623 -> 728 | AO624: -245764 | AP624: =AO624-AO623 -> 8512 | AR624: 2406162 | AS624: =AR624-AR623 -> 43743 | AT624: 338307 | AU624: =AT624-AT623 -> -5048 | AV624: 146635 | AW624: =AV624-AV623 -> 15172 | AX624: =AT624-AV624 -> 191672 | AY624: =AX624-AX623 -> -20220 | AZ624: 945520 | BA624: =AZ624-AZ623 -> 17928 | BB624: 1203906 | BC624: =BB624-BB623 -> 467 | BD624: =AZ624-BB624 -> -258386 | BE624: =BD624-BD623 -> 17461 | BF624: 550479 | BG624: =BF624-BF623 -> 17362 | BH624: 1084996 | BI624: =BH624-BH623 -> -1745 | BJ624: =BF624-BH624 -> -534517 | BK624: =BJ624-BJ623 -> 19107
A625: =A624+7 -> 43242 | B625: 542209 | C625: =B625-B624 -> 5832 | D625: 68812 | E625: =D625-D624 -> -2603 | F625: 116061 | G625: =F625-F624 -> -10796 | H625: -47249 | I625: =H625-H624 -> 8193 | J625: 228913 | K625: =J625-J624 -> -658 | L625: 236360 | M625: =L625-L624 -> 12339 | N625: -7447 | O625: =N625-N624 -> -12997 | P625: 122510 | Q625: =P625-P624 -> -1447 | R625: 217333 | S625: =R625-R624 -> 5365 | T625: -94823 | U625: =T625-T624 -> -6812 | W625: 584648 | X625: =W625-W624 -> -3964 | Y625: 119092 | Z625: =Y625-Y624 -> -5687 | AA625: 3796 | AB625: =AA625-AA624 -> 549 | AC625: 115296 | AD625: =AC625-AC624 -> -6236 | AE625: 230149 | AF625: =AE625-AE624 -> -1420 | AG625: 392555 | AH625: =AG625-AG624 -> -7230 | AI625: -162406 | AJ625: =AI625-AI624 -> 5810 | AK625: 119966 | AL625: =AK625-AK624 -> 1445 | AM625: 358495 | AN625: =AM625-AM624 -> -5790 | AO625: -238529 | AP625: =AO625-AO624 -> 7235 | AR625: 2488853 | AS625: =AR625-AR624 -> 82691 | AT625: 353430 | AU625: =AT625-AT624 -> 15123 | AV625: 153460 | AW625: =AV625-AV624 -> 6825 | AX625: =AT625-AV625 -> 199970 | AY625: =AX625-AX624 -> 8298 | AZ625: 959269 | BA625: =AZ625-AZ624 -> 13749 | BB625: 1226973 | BC625: =BB625-BB624 -> 23067 | BD625: =AZ625-BB625 -> -267704 | BE625: =BD625-BD624 -> -9318 | BF625: 562382 | BG625: =BF625-BF624 -> 11903 | BH625: 1097097 | BI625: =BH625-BH624 -> 12101 | BJ625: =BF625-BH625 -> -534715 | BK625: =BJ625-BJ624 -> -198
A626: =A625+7 -> 43249 | B626: 536461 | C626: =B626-B625 -> -5748 | D626: 67839 | E626: =D626-D625 -> -973 | F626: 116814 | G626: =F626-F625 -> 753 | H626: -48975 | I626: =H626-H625 -> -1726 | J626: 225773 | K626: =J626-J625 -> -3140 | L626: 231430 | M626: =L626-L625 -> -4930 | N626: -5657 | O626: =N626-N625 -> 1790 | P626: 117922 | Q626: =P626-P625 -> -4588 | R626: 212114 | S626: =R626-R625 -> -5219 | T626: -94192 | U626: =T626-T625 -> 631 | W626: 591836 | X626: =W626-W625 -> 7188 | Y626: 118154 | Z626: =Y626-Y625 -> -938 | AA626: 5366 | AB626: =AA626-AA625 -> 1570 | AC626: 112788 | AD626: =AC626-AC625 -> -2508 | AE626: 234787 | AF626: =AE626-AE625 -> 4638 | AG626: 398857 | AH626: =AG626-AG625 -> 6302 | AI626: -164070 | AJ626: =AI626-AI625 -> -1664 | AK626: 121821 | AL626: =AK626-AK625 -> 1855 | AM626: 362607 | AN626: =AM626-AM625 -> 4112 | AO626: -240786 | AP626: =AO626-AO625 -> -2257 | AR626: 2511087 | AS626: =AR626-AR625 -> 22234 | AT626: 354067 | AU626: =AT626-AT625 -> 637 | AV626: 151640 | AW626: =AV626-AV625 -> -1820 | AX626: =AT626-AV626 -> 202427 | AY626: =AX626-AX625 -> 2457 | AZ626: 1015142 | BA626: =AZ626-AZ625 -> 55873 | BB626: 1259838 | BC626: =BB626-BB625 -> 32865 | BD626: =AZ626-BB626 -> -244696 | BE626: =BD626-BD625 -> 23008 | BF626: 598138 | BG626: =BF626-BF625 -> 35756 | BH626: 1097550 | BI626: =BH626-BH625 -> 453 | BJ626: =BF626-BH626 -> -499412 | BK626: =BJ626-BJ625 -> 35303
... A677: =A676+7 -> 43606 | B677: 586552 | C677: =B677-B676 -> 5656 | D677: 70516 | E677: =D677-D676 -> 5155 | F677: 139456 | G677: =F677-F676 -> -6311 | H677: -68940 | I677: =H677-H676 -> 11466 | J677: 271293 | K677: =J677-J676 -> 722 | L677: 240691 | M677: =L677-L676 -> 14203 | N677: 30602 | O677: =N677-N676 -> -13481 | P677: 152272 | Q677: =P677-P676 -> -3635 | R677: 221462 | S677: =R677-R676 -> 12810 | T677: -69190 | U677: =T677-T676 -> -16445 | W677: 543303 | X677: =W677-W676 -> 8100 | Y677: 49275 | Z677: =Y677-Y676 -> -4968 | AA677: 84289 | AB677: =AA677-AA676 -> -9587 | AC677: -35014 | AD677: =AC677-AC676 -> 4619 | AE677: 260435 | AF677: =AE677-AE676 -> 276 | AG677: 263481 | AH677: =AG677-AG676 -> 9526 | AI677: -3046 | AJ677: =AI677-AI676 -> -9250 | AK677: 159254 | AL677: =AK677-AK676 -> -2096 | AM677: 228437 | AN677: =AM677-AM676 -> 6834 | AO677: -69183 | AP677: =AO677-AO676 -> -8930 | AR677: 2361019 | AS677: =AR677-AR676 -> 243766 | AT677: 225444 | AU677: =AT677-AT676 -> 30750 | AV677: 342173 | AW677: =AV677-AV676 -> -135439 | AX677: =AT677-AV677 -> -116729 | AY677: =AX677-AX676 -> 166189 | AZ677: 935660 | BA677: =AZ677-AZ676 -> 49531 | BB677: 994610 | BC677: =BB677-BB676 -> 238653 | BD677: =AZ677-BB677 -> -58950 | BE677: =BD677-BD676 -> -189122 | BF677: 656304 | BG677: =BF677-BF676 -> 53630 | BH677: 820598 | BI677: =BH677-BH676 -> 213408 | BJ677: =BF677-BH677 -> -164294 | BK677: =BJ677-BJ676 -> -159778
A678: =A677+7 -> 43613 | B678: 581773 | C678: =B678-B677 -> -4779 | D678: 69296 | E678: =D678-D677 -> -1220 | F678: 131520 | G678: =F678-F677 -> -7936 | H678: -62224 | I678: =H678-H677 -> 6716 | J678: 269291 | K678: =J678-J677 -> -2002 | L678: 250931 | M678: =L678-L677 -> 10240 | N678: 18360 | O678: =N678-N677 -> -12242 | P678: 149309 | Q678: =P678-P677 -> -2963 | R678: 230113 | S678: =R678-R677 -> 8651 | T678: -80804 | U678: =T678-T677 -> -11614 | W678: 537445 | X678: =W678-W677 -> -5858 | Y678: 52606 | Z678: =Y678-Y677 -> 3331 | AA678: 72967 | AB678: =AA678-AA677 -> -11322 | AC678: -20361 | AD678: =AC678-AC677 -> 14653 | AE678: 257450 | AF678: =AE678-AE677 -> -2985 | AG678: 281466 | AH678: =AG678-AG677 -> 17985 | AI678: -24016 | AJ678: =AI678-AI677 -> -20970 | AK678: 155200 | AL678: =AK678-AK677 -> -4054 | AM678: 242378 | AN678: =AM678-AM677 -> 13941 | AO678: -87178 | AP678: =AO678-AO677 -> -17995 | AR678: 2495825 | AS678: =AR678-AR677 -> 134806 | AT678: 236138 | AU678: =AT678-AT677 -> 10694 | AV678: 256874 | AW678: =AV678-AV677 -> -85299 | AX678: -20736 | AY678: =AX678-AX677 -> 95993 | AZ678: 949488 | BA678: =AZ678-AZ677 -> 13828 | BB678: 1127814 | BC678: =BB678-BB677 -> 133204 | BD678: -178326 | BE678: =BD678-BD677 -> -119376 | BF678: 668995 | BG678: =BF678-BF677 -> 12691 | BH678: 931341 | BI678: =BH678-BH677 -> 110743 | BJ678: -262346 | BK678: =BJ678-BJ677 -> -98052
A679: =A678+7 -> 43620 | B679: 550353 | C679: =B679-B678 -> -31420 | D679: 68613 | E679: =D679-D678 -> -683 | F679: 124424 | G679: =F679-F678 -> -7096 | H679: -55811 | I679: =H679-H678 -> 6413 | J679: 257452 | K679: =J679-J678 -> -11839 | L679: 246916 | M679: =L679-L678 -> -4015 | N679: 10536 | O679: =N679-N678 -> -7824 | P679: 135890 | Q679: =P679-P678 -> -13419 | R679: 231711 | S679: =R679-R678 -> 1598 | T679: -95821 | U679: =T679-T678 -> -15017 | W679: 529467 | X679: =W679-W678 -> -7978 | Y679: 49706 | Z679: =Y679-Y678 -> -2900 | AA679: 47543 | AB679: =AA679-AA678 -> -25424 | AC679: 2163 | AD679: =AC679-AC678 -> 22524 | AE679: 254255 | AF679: =AE679-AE678 -> -3195 | AG679: 300493 | AH679: =AG679-AG678 -> 19027 | AI679: -46238 | AJ679: =AI679-AI678 -> -22222 | AK679: 152166 | AL679: =AK679-AK678 -> -3034 | AM679: 259664 | AN679: =AM679-AM678 -> 17286 | AO679: -107498 | AP679: =AO679-AO678 -> -20320 | AR679: 2549467 | AS679: =AR679-AR678 -> 53642 | AT679: 240884 | AU679: =AT679-AT678 -> 4746 | AV679: 153641 | AW679: =AV679-AV678 -> -103233 | AX679: 87243 | AY679: =AX679-AX678 -> 107979 | AZ679: 961203 | BA679: =AZ679-AZ678 -> 11715 | BB679: 1234412 | BC679: =BB679-BB678 -> 106598 | BD679: -273209 | BE679: =BD679-BD678 -> -94883 | BF679: 678665 | BG679: =BF679-BF678 -> 9670 | BH679: 1029401 | BI679: =BH679-BH678 -> 98060 | BJ679: -350736 | BK679: =BJ679-BJ678 -> -88390
A680: =A679+7 -> 43627 | B680: 520712 | C680: =B680-B679 -> -29641 | D680: 65810 | E680: =D680-D679 -> -2803 | F680: 119613 | G680: =F680-F679 -> -4811 | H680: -53803 | I680: =H680-H679 -> 2008 | J680: 248698 | K680: =J680-J679 -> -8754 | L680: 238049 | M680: =L680-L679 -> -8867 | N680: 10649 | O680: =N680-N679 -> 113 | P680: 125390 | Q680: =P680-P679 -> -10500 | R680: 224411 | S680: =R680-R679 -> -7300 | T680: -99021 | U680: =T680-T679 -> -3200 | W680: 523342 | X680: =W680-W679 -> -6125 | Y680: 48393 | Z680: =Y680-Y679 -> -1313 | AA680: 43728 | AB680: =AA680-AA679 -> -3815 | AC680: 4665 | AD680: =AC680-AC679 -> 2502 | AE680: 249719 | AF680: =AE680-AE679 -> -4536 | AG680: 293280 | AH680: =AG680-AG679 -> -7213 | AI680: -43561 | AJ680: =AI680-AI679 -> 2677 | AK680: 150129 | AL680: =AK680-AK679 -> -2037 | AM680: 261068 | AN680: =AM680-AM679 -> 1404 | AO680: -110939 | AP680: =AO680-AO679 -> -3441 | AR680: 2573005 | AS680: =AR680-AR679 -> 23538 | AT680: 243843 | AU680: =AT680-AT679 -> 2959 | AV680: 132631 | AW680: =AV680-AV679 -> -21010 | AX680: 111212 | AY680: =AX680-AX679 -> 23969 | AZ680: 961366 | BA680: =AZ680-AZ679 -> 163 | BB680: 1247056 | BC680: =BB680-BB679 -> 12644 | BD680: -285690 | BE680: =BD680-BD679 -> -12481 | BF680: 680381 | BG680: =BF680-BF679 -> 1716 | BH680: 1052891 | BI680: =BH680-BH679 -> 23490 | BJ680: -372510 | BK680: =BJ680-BJ679 -> -21774
A681: =A680+7 -> 43634 | B681: 500234 | C681: =B681-B680 -> -20478 | D681: 61260 | E681: =D681-D680 -> -4550 | F681: 104006 | G681: =F681-F680 -> -15607 | H681: -42746 | I681: =H681-H680 -> 11057 | J681: 233510 | K681: =J681-J680 -> -15188 | L681: 234330 | M681: =L681-L680 -> -3719 | N681: -820 | O681: =N681-N680 -> -11469 | P681: 114413 | Q681: =P681-P680 -> -10977 | R681: 221633 | S681: =R681-R680 -> -2778 | T681: -107220 | U681: =T681-T680 -> -8199 | W681: 537428 | X681: =W681-W680 -> 14086 | Y681: 42008 | Z681: =Y681-Y680 -> -6385 | AA681: 41990 | AB681: =AA681-AA680 -> -1738 | AC681: 18 | AD681: =AC681-AC680 -> -4647 | AE681: 249399 | AF681: =AE681-AE680 -> -320 | AG681: 289374 | AH681: =AG681-AG680 -> -3906 | AI681: -39975 | AJ681: =AI681-AI680 -> 3586 | AK681: 150249 | AL681: =AK681-AK680 -> 120 | AM681: 260222 | AN681: =AM681-AM680 -> -846 | AO681: -109973 | AP681: =AO681-AO680 -> 966 | AR681: 2708872 | AS681: =AR681-AR680 -> 135867 | AT681: 254850 | AU681: =AT681-AT680 -> 11007 | AV681: 111335 | AW681: =AV681-AV680 -> -21296 | AX681: 143515 | AY681: =AX681-AX680 -> 32303 | AZ681: 1010855 | BA681: =AZ681-AZ680 -> 49489 | BB681: 1348108 | BC681: =BB681-BB680 -> 101052 | BD681: -337253 | BE681: =BD681-BD680 -> -51563 | BF681: 708757 | BG681: =BF681-BF680 -> 28376 | BH681: 1145142 | BI681: =BH681-BH680 -> 92251 | BJ681: -436385 | BK681: =BJ681-BJ680 -> -63875
A682: =A681+7 -> 43641 | B682: 453669 | C682: =B682-B681 -> -46565 | D682: 62651 | E682: =D682-D681 -> 1391 | F682: 98620 | G682: =F682-F681 -> -5386 | H682: -35969 | I682: =H682-H681 -> 6777 | J682: 217993 | K682: =J682-J681 -> -15517 | L682: 217517 | M682: =L682-L681 -> -16813 | N682: 476 | O682: =N682-N681 -> 1296 | P682: 106009 | Q682: =P682-P681 -> -8404 | R682: 207719 | S682: =R682-R681 -> -13914 | T682: -101710 | U682: =T682-T681 -> 5510 | W682: 492270 | X682: =W682-W681 -> -45158 | Y682: 39988 | Z682: =Y682-Y681 -> -2020 | AA682: 40898 | AB682: =AA682-AA681 -> -1092 | AC682: -910 | AD682: =AC682-AC681 -> -928 | AE682: 232709 | AF682: =AE682-AE681 -> -16690 | AG682: 270113 | AH682: =AG682-AG681 -> -19261 | AI682: -37404 | AJ682: =AI682-AI681 -> 2571 | AK682: 137619 | AL682: =AK682-AK681 -> -12630 | AM682: 241545 | AN682: =AM682-AM681 -> -18677 | AO682: -103926 | AP682: =AO682-AO681 -> 6047 | AR682: 2379990 | AS682: =AR682-AR681 -> -328882 | AT682: 284249 | AU682: =AT682-AT681 -> 29399 | AV682: 96320 | AW682: =AV682-AV681 -> -15015 | AX682: 187929 | AY682: =AX682-AX681 -> 44414 | AZ682: 894618 | BA682: =AZ682-AZ681 -> -116237 | BB682: 1274979 | BC682: =BB682-BB681 -> -73129 | BD682: -380361 | BE682: =BD682-BD681 -> -43108 | BF682: 635681 | BG682: =BF682-BF681 -> -73076 | BH682: 1111217 | BI682: =BH682-BH681 -> -33925 | BJ682: -475536 | BK682: =BJ682-BJ681 -> -39151
A683: =A682+7 -> 43648 | B683: 439117 | C683: =B683-B682 -> -14552 | D683: 63863 | E683: =D683-D682 -> 1212 | F683: 100146 | G683: =F683-F682 -> 1526 | H683: -36283 | I683: =H683-H682 -> -314 | J683: 209482 | K683: =J683-J682 -> -8511 | L683: 204155 | M683: =L683-L682 -> -13362 | N683: 5327 | O683: =N683-N682 -> 4851 | P683: 96556 | Q683: =P683-P682 -> -9453 | R683: 192640 | S683: =R683-R682 -> -15079 | T683: -96084 | U683: =T683-T682 -> 5626 | W683: 467675 | X683: =W683-W682 -> -24595 | Y683: 37962 | Z683: =Y683-Y682 -> -2026 | AA683: 52612 | AB683: =AA683-AA682 -> 11714 | AC683: -14650 | AD683: =AC683-AC682 -> -13740 | AE683: 226055 | AF683: =AE683-AE682 -> -6654 | AG683: 248911 | AH683: =AG683-AG682 -> -21202 | AI683: -22856 | AJ683: =AI683-AI682 -> 14548 | AK683: 133196 | AL683: =AK683-AK682 -> -4423 | AM683: 221698 | AN683: =AM683-AM682 -> -19847 | AO683: -88502 | AP683: =AO683-AO682 -> 15424 | AR683: 2319482 | AS683: =AR683-AR682 -> -60508 | AT683: 284974 | AU683: =AT683-AT682 -> 725 | AV683: 103326 | AW683: =AV683-AV682 -> 7006 | AX683: 181648 | AY683: =AX683-AX682 -> -6281 | AZ683: 860766 | BA683: =AZ683-AZ682 -> -33852 | BB683: 1231156 | BC683: =BB683-BB682 -> -43823 | BD683: -370390 | BE683: =BD683-BD682 -> 9971 | BF683: 600384 | BG683: =BF683-BF682 -> -35297 | BH683: 1084493 | BI683: =BH683-BH682 -> -26724 | BJ683: -484109 | BK683: =BJ683-BJ682 -> -8573
A684: =A683+7 -> 43655 | B684: 446962 | C684: =B684-B683 -> 7845 | D684: 64131 | E684: =D684-D683 -> 268 | F684: 94800 | G684: =F684-F683 -> -5346 | H684: -30669 | I684: =H684-H683 -> 5614 | J684: 207726 | K684: =J684-J683 -> -1756 | L684: 208592 | M684: =L684-L683 -> 4437 | N684: -866 | O684: =N684-N683 -> -6193 | P684: 99157 | Q684: =P684-P683 -> 2601 | R684: 199806 | S684: =R684-R683 -> 7166 | T684: -100649 | U684: =T684-T683 -> -4565 | W684: 471835 | X684: =W684-W683 -> 4160 | Y684: 38905 | Z684: =Y684-Y683 -> 943 | AA684: 59352 | AB684: =AA684-AA683 -> 6740 | AC684: -20447 | AD684: =AC684-AC683 -> -5797 | AE684: 230075 | AF684: =AE684-AE683 -> 4020 | AG684: 246792 | AH684: =AG684-AG683 -> -2119 | AI684: -16717 | AJ684: =AI684-AI683 -> 6139 | AK684: 138618 | AL684: =AK684-AK683 -> 5422 | AM684: 218312 | AN684: =AM684-AM683 -> -3386 | AO684: -79694 | AP684: =AO684-AO683 -> 8808 | AR684: 2382235 | AS684: =AR684-AR683 -> 62753 | AT684: 289991 | AU684: =AT684-AT683 -> 5017 | AV684: 102823 | AW684: =AV684-AV683 -> -503 | AX684: 187168 | AY684: =AX684-AX683 -> 5520 | AZ684: 882632 | BA684: =AZ684-AZ683 -> 21866 | BB684: 1263637 | BC684: =BB684-BB683 -> 32481 | BD684: -381005 | BE684: =BD684-BD683 -> -10615 | BF684: 604858 | BG684: =BF684-BF683 -> 4474 | BH684: 1106837 | BI684: =BH684-BH683 -> 22344 | BJ684: -501979 | BK684: =BJ684-BJ683 -> -17870
A685: =A684+7 -> 43662 | B685: 457869 | C685: =B685-B684 -> 10907 | D685: 65484 | E685: =D685-D684 -> 1353 | F685: 96678 | G685: =F685-F684 -> 1878 | H685: -31194 | I685: =H685-H684 -> -525 | J685: 213688 | K685: =J685-J684 -> 5962 | L685: 213053 | M685: =L685-L684 -> 4461 | N685: 635 | O685: =N685-N684 -> 1501 | P685: 99794 | Q685: =P685-P684 -> 637 | R685: 204963 | S685: =R685-R684 -> 5157 | T685: -105169 | U685: =T685-T684 -> -4520 | W685: 476053 | X685: =W685-W684 -> 4218 | Y685: 39529 | Z685: =Y685-Y684 -> 624 | AA685: 60543 | AB685: =AA685-AA684 -> 1191 | AC685: -21014 | AD685: =AC685-AC684 -> -567 | AE685: 232420 | AF685: =AE685-AE684 -> 2345 | AG685: 245804 | AH685: =AG685-AG684 -> -988 | AI685: -13384 | AJ685: =AI685-AI684 -> 3333 | AK685: 139542 | AL685: =AK685-AK684 -> 924 | AM685: 217141 | AN685: =AM685-AM684 -> -1171 | AO685: -77599 | AP685: =AO685-AO684 -> 2095 | AR685: 2424021 | AS685: =AR685-AR684 -> 41786 | AT685: 284799 | AU685: =AT685-AT684 -> -5192 | AV685: 97539 | AW685: =AV685-AV684 -> -5284 | AX685: 187260 | AY685: =AX685-AX684 -> 92 | AZ685: 903805 | BA685: =AZ685-AZ684 -> 21173 | BB685: 1294749 | BC685: =BB685-BB684 -> 31112 | BD685: -390944 | BE685: =BD685-BD684 -> -9939 | BF685: 612385 | BG685: =BF685-BF684 -> 7527 | BH685: 1134910 | BI685: =BH685-BH684 -> 28073 | BJ685: -522525 | BK685: =BJ685-BJ684 -> -20546
A686: 43669 | B686: 469660 | C686: =B686-B685 -> 11791 | D686: 63699 | E686: =D686-D685 -> -1785 | F686: 102874 | G686: =F686-F685 -> 6196 | H686: -39175 | I686: =H686-H685 -> -7981 | J686: 218837 | K686: =J686-J685 -> 5149 | L686: 209746 | M686: =L686-L685 -> -3307 | N686: 9091 | O686: =N686-N685 -> 8456 | P686: 104949 | Q686: =P686-P685 -> 5155 | R686: 201760 | S686: =R686-R685 -> -3203 | T686: -96811 | U686: =T686-T685 -> 8358 | W686: 484809 | X686: =W686-W685 -> 8756 | Y686: 38531 | Z686: =Y686-Y685 -> -998 | AA686: 64210 | AB686: =AA686-AA685 -> 3667 | AC686: -25679 | AD686: =AC686-AC685 -> -4665 | AE686: 236444 | AF686: =AE686-AE685 -> 4024 | AG686: 245258 | AH686: =AG686-AG685 -> -546 | AI686: -8814 | AJ686: =AI686-AI685 -> 4570 | AK686: 145670 | AL686: =AK686-AK685 -> 6128 | AM686: 217636 | AN686: =AM686-AM685 -> 495 | AO686: -71966 | AP686: =AO686-AO685 -> 5633 | AR686: 2399315 | AS686: =AR686-AR685 -> -24706 | AT686: 267288 | AU686: =AT686-AT685 -> -17511 | AV686: 114072 | AW686: =AV686-AV685 -> 16533 | AX686: 153216 | AY686: =AX686-AX685 -> -34044 | AZ686: 901575 | BA686: =AZ686-AZ685 -> -2230 | BB686: 1250494 | BC686: =BB686-BB685 -> -44255 | BD686: -348919 | BE686: =BD686-BD685 -> 42025 | BF686: 602901 | BG686: =BF686-BF685 -> -9484 | BH686: 1094621 | BI686: =BH686-BH685 -> -40289 | BJ686: -491720 | BK686: =BJ686-BJ685 -> 30805
A687: =A686+7 -> 43676 | B687: 450640 | C687: =B687-B686 -> -19020 | D687: 65316 | E687: =D687-D686 -> 1617 | F687: 89719 | G687: =F687-F686 -> -13155 | H687: -24403 | I687: =H687-H686 -> 14772 | J687: 209769 | K687: =J687-J686 -> -9068 | L687: 211286 | M687: =L687-L686 -> 1540 | N687: -1517 | O687: =N687-N686 -> -10608 | P687: 94062 | Q687: =P687-P686 -> -10887 | R687: 202049 | S687: =R687-R686 -> 289 | T687: -107987 | U687: =T687-T686 -> -11176 | W687: 455791 | X687: =W687-W686 -> -29018 | Y687: 38764 | Z687: =Y687-Y686 -> 233 | AA687: 71058 | AB687: =AA687-AA686 -> 6848 | AC687: -32294 | AD687: =AC687-AC686 -> -6615 | AE687: 219224 | AF687: =AE687-AE686 -> -17220 | AG687: 220104 | AH687: =AG687-AG686 -> -25154 | AI687: -880 | AJ687: =AI687-AI686 -> 7934 | AK687: 129991 | AL687: =AK687-AK686 -> -15679 | AM687: 194631 | AN687: =AM687-AM686 -> -23005 | AO687: -64640 | AP687: =AO687-AO686 -> 7326 | AR687: 2295213 | AS687: =AR687-AR686 -> -104102 | AT687: 246009 | AU687: =AT687-AT686 -> -21279 | AV687: 134057 | AW687: =AV687-AV686 -> 19985 | AX687: 111952 | AY687: =AX687-AX686 -> -41264 | AZ687: 880280 | BA687: =AZ687-AZ686 -> -21295 | BB687: 1197651 | BC687: =BB687-BB686 -> -52843 | BD687: -317371 | BE687: =BD687-BD686 -> 31548 | BF687: 583915 | BG687: =BF687-BF686 -> -18986 | BH687: 1046269 | BI687: =BH687-BH686 -> -48352 | BJ687: -462354 | BK687: =BJ687-BJ686 -> 29366
A688: =A687+7 -> 43683 | B688: 468719 | C688: =B688-B687 -> 18079 | D688: 64560 | E688: =D688-D687 -> -756 | F688: 101635 | G688: =F688-F687 -> 11916 | H688: -37075 | I688: =H688-H687 -> -12672 | J688: 219880 | K688: =J688-J687 -> 10111 | L688: 213261 | M688: =L688-L687 -> 1975 | N688: 6619 | O688: =N688-N687 -> 8136 | P688: 102691 | Q688: =P688-P687 -> 8629 | R688: 202602 | S688: =R688-R687 -> 553 | T688: -99911 | U688: =T688-T687 -> 8076 | W688: 475751 | X688: =W688-W687 -> 19960 | Y688: 42014 | Z688: =Y688-Y687 -> 3250 | AA688: 81077 | AB688: =AA688-AA687 -> 10019 | AC688: -39063 | AD688: =AC688-AC687 -> -6769 | AE688: 226129 | AF688: =AE688-AE687 -> 6905 | AG688: 223987 | AH688: =AG688-AG687 -> 3883 | AI688: 2142 | AJ688: =AI688-AI687 -> 3022 | AK688: 136292 | AL688: =AK688-AK687 -> 6301 | AM688: 199573 | AN688: =AM688-AM687 -> 4942 | AO688: -63281 | AP688: =AO688-AO687 -> 1359 | AR688: 2348072 | AS688: =AR688-AR687 -> 52859 | AT688: 228926 | AU688: =AT688-AT687 -> -17083 | AV688: 149419 | AW688: =AV688-AV687 -> 15362 | AX688: 79507 | AY688: =AX688-AX687 -> -32445 | AZ688: 925759 | BA688: =AZ688-AZ687 -> 45479 | BB688: 1220791 | BC688: =BB688-BB687 -> 23140 | BD688: -295032 | BE688: =BD688-BD687 -> 22339 | BF688: 634075 | BG688: =BF688-BF687 -> 50160 | BH688: 1063958 | BI688: =BH688-BH687 -> 17689 | BJ688: -429883 | BK688: =BJ688-BJ687 -> 32471
A689: =A688+7 -> 43690 | B689: 485712 | C689: =B689-B688 -> 16993 | D689: 72788 | E689: =D689-D688 -> 8228 | F689: 62459 | G689: =F689-F688 -> -39176 | H689: 10329 | I689: =H689-H688 -> 47404 | J689: 215344 | K689: =J689-J688 -> -4536 | L689: 263407 | M689: =L689-L688 -> 50146 | N689: -48063 | O689: =N689-N688 -> -54682 | P689: 98448 | Q689: =P689-P688 -> -4243 | R689: 252498 | S689: =R689-R688 -> 49896 | T689: -154050 | U689: =T689-T688 -> -54139 | W689: 476971 | X689: =W689-W688 -> 1220 | Y689: 43956 | Z689: =Y689-Y688 -> 1942 | AA689: 80380 | AB689: =AA689-AA688 -> -697 | AC689: -36424 | AD689: =AC689-AC688 -> 2639 | AE689: 229302 | AF689: =AE689-AE688 -> 3173 | AG689: 233543 | AH689: =AG689-AG688 -> 9556 | AI689: -4241 | AJ689: =AI689-AI688 -> -6383 | AK689: 138512 | AL689: =AK689-AK688 -> 2220 | AM689: 207541 | AN689: =AM689-AM688 -> 7968 | AO689: -69029 | AP689: =AO689-AO688 -> -5748 | AR689: 2351921 | AS689: =AR689-AR688 -> 3849 | AT689: 210926 | AU689: =AT689-AT688 -> -18000 | AV689: 166413 | AW689: =AV689-AV688 -> 16994 | AX689: 44513 | AY689: =AX689-AX688 -> -34994 | AZ689: 946830 | BA689: =AZ689-AZ688 -> 21071 | BB689: 1164457 | BC689: =BB689-BB688 -> -56334 | BD689: -217627 | BE689: =BD689-BD688 -> 77405 | BF689: 678737 | BG689: =BF689-BF688 -> 44662 | BH689: 1071204 | BI689: =BH689-BH688 -> 7246 | BJ689: -392467 | BK689: =BJ689-BJ688 -> 37416
A690: =A689+7 -> 43697 | B690: 500135 | C690: =B690-B689 -> 14423 | D690: 70689 | E690: =D690-D689 -> -2099 | F690: 67707 | G690: =F690-F689 -> 5248 | H690: 2982 | I690: =H690-H689 -> -7347 | J690: 219034 | K690: =J690-J689 -> 3690 | L690: 261927 | M690: =L690-L689 -> -1480 | N690: -42893 | O690: =N690-N689 -> 5170 | P690: 100976 | Q690: =P690-P689 -> 2528 | R690: 250725 | S690: =R690-R689 -> -1773 | T690: -149749 | U690: =T690-T689 -> 4301 | W690: 481674 | X690: =W690-W689 -> 4703 | Y690: 42633 | Z690: =Y690-Y689 -> -1323 | AA690: 78795 | AB690: =AA690-AA689 -> -1585 | AC690: -36162 | AD690: =AC690-AC689 -> 262 | AE690: 233902 | AF690: =AE690-AE689 -> 4600 | AG690: 237358 | AH690: =AG690-AG689 -> 3815 | AI690: -3456 | AJ690: =AI690-AI689 -> 785 | AK690: 141831 | AL690: =AK690-AK689 -> 3319 | AM690: 208314 | AN690: =AM690-AM689 -> 773 | AO690: -66483 | AP690: =AO690-AO689 -> 2546 | AR690: 2327438 | AS690: =AR690-AR689 -> -24483 | AT690: 180200 | AU690: =AT690-AT689 -> -30726 | AV690: 236641 | AW690: =AV690-AV689 -> 70228 | AX690: -56441 | AY690: =AX690-AX689 -> -100954 | AZ690: 952555 | BA690: =AZ690-AZ689 -> 5725 | BB690: 1091356 | BC690: =BB690-BB689 -> -73101 | BD690: -138801 | BE690: =BD690-BD689 -> 78826 | BF690: 680785 | BG690: =BF690-BF689 -> 2048 | BH690: 993054 | BI690: =BH690-BH689 -> -78150 | BJ690: -312269 | BK690: =BJ690-BJ689 -> 80198
A691: =A690+7 -> 43704 | B691: 496033 | C691: =B691-B690 -> -4102 | D691: 64658 | E691: =D691-D690 -> -6031 | F691: 79181 | G691: =F691-F690 -> 11474 | H691: -14523 | I691: =H691-H690 -> -17505 | J691: 228095 | K691: =J691-J690 -> 9061 | L691: 255351 | M691: =L691-L690 -> -6576 | N691: -27256 | O691: =N691-N690 -> 15637 | P691: 107069 | Q691: =P691-P690 -> 6093 | R691: 242997 | S691: =R691-R690 -> -7728 | T691: -135928 | U691: =T691-T690 -> 13821 | W691: 474296 | X691: =W691-W690 -> -7378 | Y691: 42834 | Z691: =Y691-Y690 -> 201 | AA691: 77851 | AB691: =AA691-AA690 -> -944 | AC691: -35017 | AD691: =AC691-AC690 -> 1145 | AE691: 236360 | AF691: =AE691-AE690 -> 2458 | AG691: 238727 | AH691: =AG691-AG690 -> 1369 | AI691: -2367 | AJ691: =AI691-AI690 -> 1089 | AK691: 144933 | AL691: =AK691-AK690 -> 3102 | AM691: 211144 | AN691: =AM691-AM690 -> 2830 | AO691: -66211 | AP691: =AO691-AO690 -> 272 | AR691: 2032700 | AS691: =AR691-AR690 -> -294738 | AT691: 170237 | AU691: =AT691-AT690 -> -9963 | AV691: 264374 | AW691: =AV691-AV690 -> 27733 | AX691: -94137 | AY691: =AX691-AX690 -> -37696 | AZ691: 881728 | BA691: =AZ691-AZ690 -> -70827 | BB691: 975220 | BC691: =BB691-BB690 -> -116136 | BD691: -93492 | BE691: =BD691-BD690 -> 45309 | BF691: 635619 | BG691: =BF691-BF690 -> -45166 | BH691: 897142 | BI691: =BH691-BH690 -> -95912 | BJ691: -261523 | BK691: =BJ691-BJ690 -> 50746
A692: =A691+7 -> 43711 | B692: 507823 | C692: =B692-B691 -> 11790 | D692: 66722 | E692: =D692-D691 -> 2064 | F692: 79453 | G692: =F692-F691 -> 272 | H692: -12731 | I692: =H692-H691 -> 1792 | J692: 228098 | K692: =J692-J691 -> 3 | L692: 257919 | M692: =L692-L691 -> 2568 | N692: -29821 | O692: =N692-N691 -> -2565 | P692: 108227 | Q692: =P692-P691 -> 1158 | R692: 246448 | S692: =R692-R691 -> 3451 | T692: -138221 | U692: =T692-T691 -> -2293 | W692: 469818 | X692: =W692-W691 -> -4478 | Y692: 42471 | Z692: =Y692-Y691 -> -363 | AA692: 85999 | AB692: =AA692-AA691 -> 8148 | AC692: -43528 | AD692: =AC692-AC691 -> -8511 | AE692: 228127 | AF692: =AE692-AE691 -> -8233 | AG692: 219873 | AH692: =AG692-AG691 -> -18854 | AI692: 8254 | AJ692: =AI692-AI691 -> 10621 | AK692: 137131 | AL692: =AK692-AK691 -> -7802 | AM692: 194570 | AN692: =AM692-AM691 -> -16574 | AO692: -57439 | AP692: =AO692-AO691 -> 8772 | AR692: 1989742 | AS692: =AR692-AR691 -> -42958 | AT692: 167410 | AU692: =AT692-AT691 -> -2827 | AV692: 286781 | AW692: =AV692-AV691 -> 22407 | AX692: -119371 | AY692: =AX692-AX691 -> -25234 | AZ692: 850972 | BA692: =AZ692-AZ691 -> -30756 | BB692: 922287 | BC692: =BB692-BB691 -> -52933 | BD692: -71315 | BE692: =BD692-BD691 -> 22177 | BF692: 602254 | BG692: =BF692-BF691 -> -33365 | BH692: 833152 | BI692: =BH692-BH691 -> -63990 | BJ692: -230898 | BK692: =BJ692-BJ691 -> 30625
A693: =A692+7 -> 43718 | B693: 526548 | C693: =B693-B692 -> 18725 | D693: 64853 | E693: =D693-D692 -> -1869 | F693: 83959 | G693: =F693-F692 -> 4506 | H693: -19106 | I693: =H693-H692 -> -6375 | J693: 228323 | K693: =J693-J692 -> 225 | L693: 251672 | M693: =L693-L692 -> -6247 | N693: -23349 | O693: =N693-N692 -> 6472 | P693: 107169 | Q693: =P693-P692 -> -1058 | R693: 240691 | S693: =R693-R692 -> -5757 | T693: -133522 | U693: =T693-T692 -> 4699 | W693: 476748 | X693: =W693-W692 -> 6930 | Y693: 40998 | Z693: =Y693-Y692 -> -1473 | AA693: 88604 | AB693: =AA693-AA692 -> 2605 | AC693: -47606 | AD693: =AC693-AC692 -> -4078 | AE693: 229596 | AF693: =AE693-AE692 -> 1469 | AG693: 221979 | AH693: =AG693-AG692 -> 2106 | AI693: 7617 | AJ693: =AI693-AI692 -> -637 | AK693: 139138 | AL693: =AK693-AK692 -> 2007 | AM693: 195359 | AN693: =AM693-AM692 -> 789 | AO693: -56221 | AP693: =AO693-AO692 -> 1218 | AR693: 2075792 | AS693: =AR693-AR692 -> 86050 | AT693: 174226 | AU693: =AT693-AT692 -> 6816 | AV693: 310625 | AW693: =AV693-AV692 -> 23844 | AX693: -136399 | AY693: =AX693-AX692 -> -17028 | AZ693: 878241 | BA693: =AZ693-AZ692 -> 27269 | BB693: 918279 | BC693: =BB693-BB692 -> -4008 | BD693: -40038 | BE693: =BD693-BD692 -> 31277 | BF693: 639638 | BG693: =BF693-BF692 -> 37384 | BH693: 825541 | BI693: =BH693-BH692 -> -7611 | BJ693: -185903 | BK693: =BJ693-BJ692 -> 44995
A694: =A693+7 -> 43725 | B694: 527411 | C694: =B694-B693 -> 863 | D694: 71174 | E694: =D694-D693 -> 6321 | F694: 51243 | G694: =F694-F693 -> -32716 | H694: 19931 | I694: =H694-H693 -> 39037 | J694: 220824 | K694: =J694-J693 -> -7499 | L694: 282559 | M694: =L694-L693 -> 30887 | N694: -61735 | O694: =N694-N693 -> -38386 | P694: 95475 | Q694: =P694-P693 -> -11694 | R694: 266077 | S694: =R694-R693 -> 25386 | T694: -170602 | U694: =T694-T693 -> -37080 | W694: 474927 | X694: =W694-W693 -> -1821 | Y694: 36384 | Z694: =Y694-Y693 -> -4614 | AA694: 91135 | AB694: =AA694-AA693 -> 2531 | AC694: -54751 | AD694: =AC694-AC693 -> -7145 | AE694: 231834 | AF694: =AE694-AE693 -> 2238 | AG694: 218547 | AH694: =AG694-AG693 -> -3432 | AI694: 13287 | AJ694: =AI694-AI693 -> 5670 | AK694: 140210 | AL694: =AK694-AK693 -> 1072 | AM694: 188922 | AN694: =AM694-AM693 -> -6437 | AO694: -48712 | AP694: =AO694-AO693 -> 7509 | AR694: 2070638 | AS694: =AR694-AR693 -> -5154 | AT694: 162646 | AU694: =AT694-AT693 -> -11580 | AV694: 333272 | AW694: =AV694-AV693 -> 22647 | AX694: -170626 | AY694: =AX694-AX693 -> -34227 | AZ694: 860198 | BA694: =AZ694-AZ693 -> -18043 | BB694: 873719 | BC694: =BB694-BB693 -> -44560 | BD694: -13521 | BE694: =BD694-BD693 -> 26517 | BF694: 625756 | BG694: =BF694-BF693 -> -13882 | BH694: 784089 | BI694: =BH694-BH693 -> -41452 | BJ694: -158333 | BK694: =BJ694-BJ693 -> 27570
A695: =A694+7 -> 43732 | B695: 526593 | C695: =B695-B694 -> -818 | D695: 74451 | E695: =D695-D694 -> 3277 | F695: 52052 | G695: =F695-F694 -> 809 | H695: 22399 | I695: =H695-H694 -> 2468 | J695: 217943 | K695: =J695-J694 -> -2881 | L695: 276106 | M695: =L695-L694 -> -6453 | N695: -58163 | O695: =N695-N694 -> 3572 | P695: 91563 | Q695: =P695-P694 -> -3912 | R695: 258622 | S695: =R695-R694 -> -7455 | T695: -167059 | U695: =T695-T694 -> 3543 | W695: 465286 | X695: =W695-W694 -> -9641 | Y695: 42385 | Z695: =Y695-Y694 -> 6001 | AA695: 90368 | AB695: =AA695-AA694 -> -767 | AC695: -47983 | AD695: =AC695-AC694 -> 6768 | AE695: 220396 | AF695: =AE695-AE694 -> -11438 | AG695: 215953 | AH695: =AG695-AG694 -> -2594 | AI695: 4443 | AJ695: =AI695-AI694 -> -8844 | AK695: 129592 | AL695: =AK695-AK694 -> -10618 | AM695: 186023 | AN695: =AM695-AM694 -> -2899 | AO695: -56431 | AP695: =AO695-AO694 -> -7719 | AR695: 2012801 | AS695: =AR695-AR694 -> -57837 | AT695: 159766 | AU695: =AT695-AT694 -> -2880 | AV695: 319656 | AW695: =AV695-AV694 -> -13616 | AX695: -159890 | AY695: =AX695-AX694 -> 10736 | AZ695: 835707 | BA695: =AZ695-AZ694 -> -24491 | BB695: 853941 | BC695: =BB695-BB694 -> -19778 | BD695: -18234 | BE695: =BD695-BD694 -> -4713 | BF695: 599844 | BG695: =BF695-BF694 -> -25912 | BH695: 760282 | BI695: =BH695-BH694 -> -23807 | BJ695: -160438 | BK695: =BJ695-BJ694 -> -2105
A696: 43739 | B696: 512020 | C696: =B696-B695 -> -14573 | D696: 67783 | E696: =D696-D695 -> -6668 | F696: 56310 | G696: =F696-F695 -> 4258 | H696: 11473 | I696: =H696-H695 -> -10926 | J696: 213988 | K696: =J696-J695 -> -3955 | L696: 262909 | M696: =L696-L695 -> -13197 | N696: -48921 | O696: =N696-N695 -> 9242 | P696: 93260 | Q696: =P696-P695 -> 1697 | R696: 244298 | S696: =R696-R695 -> -14324 | T696: -151038 | U696: =T696-T695 -> 16021 | W696: 446938 | X696: =W696-W695 -> -18348 | Y696: 45539 | Z696: =Y696-Y695 -> 3154 | AA696: 85096 | AB696: =AA696-AA695 -> -5272 | AC696: -39557 | AD696: =AC696-AC695 -> 8426 | AE696: 202646 | AF696: =AE696-AE695 -> -17750 | AG696: 212231 | AH696: =AG696-AG695 -> -3722 | AI696: -9585 | AJ696: =AI696-AI695 -> -14028 | AK696: 114019 | AL696: =AK696-AK695 -> -15573 | AM696: 180677 | AN696: =AM696-AM695 -> -5346 | AO696: -66658 | AP696: =AO696-AO695 -> -10227 | AR696: 2042308 | AS696: =AR696-AR695 -> 29507 | AT696: 166186 | AU696: =AT696-AT695 -> 6420 | AV696: 292360 | AW696: =AV696-AV695 -> -27296 | AX696: -126174 | AY696: =AX696-AX695 -> 33716 | AZ696: 820824 | BA696: =AZ696-AZ695 -> -14883 | BB696: 886797 | BC696: =BB696-BB695 -> 32856 | BD696: -65973 | BE696: =BD696-BD695 -> -47739 | BF696: 582937 | BG696: =BF696-BF695 -> -16907 | BH696: 779700 | BI696: =BH696-BH695 -> 19418 | BJ696: -196763 | BK696: =BJ696-BJ695 -> -36325
A697: =A696+7 -> 43746 | B697: 505406 | C697: =B697-B696 -> -6614 | D697: 71665 | E697: =D697-D696 -> 3882 | F697: 41942 | G697: =F697-F696 -> -14368 | H697: 29723 | I697: =H697-H696 -> 18250 | J697: 223540 | K697: =J697-J696 -> 9552 | L697: 277557 | M697: =L697-L696 -> 14648 | N697: -54017 | O697: =N697-N696 -> -5096 | P697: 93054 | Q697: =P697-P696 -> -206 | R697: 260772 | S697: =R697-R696 -> 16474 | T697: -167718 | U697: =T697-T696 -> -16680 | W697: 445811 | X697: =W697-W696 -> -1127 | Y697: 45467 | Z697: =Y697-Y696 -> -72 | AA697: 78207 | AB697: =AA697-AA696 -> -6889 | AC697: -32740 | AD697: =AC697-AC696 -> 6817 | AE697: 200959 | AF697: =AE697-AE696 -> -1687 | AG697: 210931 | AH697: =AG697-AG696 -> -1300 | AI697: -9972 | AJ697: =AI697-AI696 -> -387 | AK697: 108575 | AL697: =AK697-AK696 -> -5444 | AM697: 185291 | AN697: =AM697-AM696 -> 4614 | AO697: -76716 | AP697: =AO697-AO696 -> -10058 | AR697: 2110757 | AS697: =AR697-AR696 -> 68449 | AT697: 176471 | AU697: =AT697-AT696 -> 10285 | AV697: 267139 | AW697: =AV697-AV696 -> -25221 | AX697: -90668 | AY697: =AX697-AX696 -> 35506 | AZ697: 849598 | BA697: =AZ697-AZ696 -> 28774 | BB697: 936730 | BC697: =BB697-BB696 -> 49933 | BD697: -87132 | BE697: =BD697-BD696 -> -21159 | BF697: 594095 | BG697: =BF697-BF696 -> 11158 | BH697: 825687 | BI697: =BH697-BH696 -> 45987 | BJ697: -231592 | BK697: =BJ697-BJ696 -> -34829
A698: =A697+7 -> 43753 | B698: 521603 | C698: =B698-B697 -> 16197 | D698: 79258 | E698: =D698-D697 -> 7593 | F698: 35801 | G698: =F698-F697 -> -6141 | H698: 43457 | I698: =H698-H697 -> 13734 | J698: 225481 | K698: =J698-J697 -> 1941 | L698: 262070 | M698: =L698-L697 -> -15487 | N698: -36589 | O698: =N698-N697 -> 17428 | P698: 92381 | Q698: =P698-P697 -> -673 | R698: 243682 | S698: =R698-R697 -> -17090 | T698: -151301 | U698: =T698-T697 -> 16417 | W698: 453518 | X698: =W698-W697 -> 7707 | Y698: 45807 | Z698: =Y698-Y697 -> 340 | AA698: 70877 | AB698: =AA698-AA697 -> -7330 | AC698: -25070 | AD698: =AC698-AC697 -> 7670 | AE698: 205363 | AF698: =AE698-AE697 -> 4404 | AG698: 199282 | AH698: =AG698-AG697 -> -11649 | AI698: 6081 | AJ698: =AI698-AI697 -> 16053 | AK698: 105703 | AL698: =AK698-AK697 -> -2872 | AM698: 174032 | AN698: =AM698-AM697 -> -11259 | AO698: -68329 | AP698: =AO698-AO697 -> 8387 | AR698: 2042653 | AS698: =AR698-AR697 -> -68104 | AT698: 150635 | AU698: =AT698-AT697 -> -25836 | AV698: 216776 | AW698: =AV698-AV697 -> -50363 | AX698: -66141 | AY698: =AX698-AX697 -> 24527 | AZ698: 822628 | BA698: =AZ698-AZ697 -> -26970 | BB698: 899193 | BC698: =BB698-BB697 -> -37537 | BD698: -76565 | BE698: =BD698-BD697 -> 10567 | BF698: 575892 | BG698: =BF698-BF697 -> -18203 | BH698: 792035 | BI698: =BH698-BH697 -> -33652 | BJ698: -216143 | BK698: =BJ698-BJ697 -> 15449
A699: =A698+7 -> 43760 | B699: 533010 | C699: =B699-B698 -> 11407 | D699: 94855 | E699: =D699-D698 -> 15597 | F699: 27235 | G699: =F699-F698 -> -8566 | H699: 67620 | I699: =H699-H698 -> 24163 | J699: 227856 | K699: =J699-J698 -> 2375 | L699: 327225 | M699: =L699-L698 -> 65155 | N699: -99369 | O699: =N699-N698 -> -62780 | P699: 93409 | Q699: =P699-P698 -> 1028 | R699: 303574 | S699: =R699-R698 -> 59892 | T699: -210165 | U699: =T699-T698 -> -58864 | W699: 450469 | X699: =W699-W698 -> -3049 | Y699: 46646 | Z699: =Y699-Y698 -> 839 | AA699: 67855 | AB699: =AA699-AA698 -> -3022 | AC699: -21209 | AD699: =AC699-AC698 -> 3861 | AE699: 210175 | AF699: =AE699-AE698 -> 4812 | AG699: 223730 | AH699: =AG699-AG698 -> 24448 | AI699: -13555 | AJ699: =AI699-AI698 -> -19636 | AK699: 106837 | AL699: =AK699-AK698 -> 1134 | AM699: 196308 | AN699: =AM699-AM698 -> 22276 | AO699: -89471 | AP699: =AO699-AO698 -> -21142 | AR699: 2073951 | AS699: =AR699-AR698 -> 31298 | AT699: 148360 | AU699: =AT699-AT698 -> -2275 | AV699: 224415 | AW699: =AV699-AV698 -> 7639 | AX699: -76055 | AY699: =AX699-AX698 -> -9914 | AZ699: 865561 | BA699: =AZ699-AZ698 -> 42933 | BB699: 920197 | BC699: =BB699-BB698 -> 21004 | BD699: -54636 | BE699: =BD699-BD698 -> 21929 | BF699: 607239 | BG699: =BF699-BF698 -> 31347 | BH699: 809404 | BI699: =BH699-BH698 -> 17369 | BJ699: -202165 | BK699: =BJ699-BJ698 -> 13978
A700: =A699+7 -> 43767 | B700: 549304 | C700: =B700-B699 -> 16294 | D700: 103299 | E700: =D700-D699 -> 8444 | F700: 27946 | G700: =F700-F699 -> 711 | H700: 75353 | I700: =H700-H699 -> 7733 | J700: 228220 | K700: =J700-J699 -> 364 | L700: 340090 | M700: =L700-L699 -> 12865 | N700: -111870 | O700: =N700-N699 -> -12501 | P700: 87216 | Q700: =P700-P699 -> -6193 | R700: 310822 | S700: =R700-R699 -> 7248 | T700: -223606 | U700: =T700-T699 -> -13441 | W700: 451719 | X700: =W700-W699 -> 1250 | Y700: 42972 | Z700: =Y700-Y699 -> -3674 | AA700: 72022 | AB700: =AA700-AA699 -> 4167 | AC700: -29050 | AD700: =AC700-AC699 -> -7841 | AE700: 217658 | AF700: =AE700-AE699 -> 7483 | AG700: 226686 | AH700: =AG700-AG699 -> 2956 | AI700: -9028 | AJ700: =AI700-AI699 -> 4527 | AK700: 114737 | AL700: =AK700-AK699 -> 7900 | AM700: 196267 | AN700: =AM700-AM699 -> -41 | AO700: -81530 | AP700: =AO700-AO699 -> 7941 | AR700: 2006474 | AS700: =AR700-AR699 -> -67477 | AT700: 138006 | AU700: =AT700-AT699 -> -10354 | AV700: 223343 | AW700: =AV700-AV699 -> -1072 | AX700: -85337 | AY700: =AX700-AX699 -> -9282 | AZ700: 850866 | BA700: =AZ700-AZ699 -> -14695 | BB700: 896636 | BC700: =BB700-BB699 -> -23561 | BD700: -45770 | BE700: =BD700-BD699 -> 8866 | BF700: 591018 | BG700: =BF700-BF699 -> -16221 | BH700: 783616 | BI700: =BH700-BH699 -> -25788 | BJ700: -192598 | BK700: =BJ700-BJ699 -> 9567
A701: =A700+7 -> 43774 | B701: 577583 | C701: =B701-B700 -> 28279 | D701: 116446 | E701: =D701-D700 -> 13147 | F701: 31803 | G701: =F701-F700 -> 3857 | H701: 84643 | I701: =H701-H700 -> 9290 | J701: 235439 | K701: =J701-J700 -> 7219 | L701: 352896 | M701: =L701-L700 -> 12806 | N701: -117457 | O701: =N701-N700 -> -5587 | P701: 92227 | Q701: =P701-P700 -> 5011 | R701: 325017 | S701: =R701-R700 -> 14195 | T701: -232790 | U701: =T701-T700 -> -9184 | W701: 470113 | X701: =W701-W700 -> 18394 | Y701: 36439 | Z701: =Y701-Y700 -> -6533 | AA701: 73993 | AB701: =AA701-AA700 -> 1971 | AC701: -37554 | AD701: =AC701-AC700 -> -8504 | AE701: 230749 | AF701: =AE701-AE700 -> 13091 | AG701: 231468 | AH701: =AG701-AG700 -> 4782 | AI701: -719 | AJ701: =AI701-AI700 -> 8309 | AK701: 121021 | AL701: =AK701-AK700 -> 6284 | AM701: 199292 | AN701: =AM701-AM700 -> 3025 | AO701: -78271 | AP701: =AO701-AO700 -> 3259 | AR701: 2034158 | AS701: =AR701-AR700 -> 27684 | AT701: 137874 | AU701: =AT701-AT700 -> -132 | AV701: 242720 | AW701: =AV701-AV700 -> 19377 | AX701: -104846 | AY701: =AX701-AX700 -> -19509 | AZ701: 879182 | BA701: =AZ701-AZ700 -> 28316 | BB701: 902423 | BC701: =BB701-BB700 -> 5787 | BD701: -23241 | BE701: =BD701-BD700 -> 22529 | BF701: 599781 | BG701: =BF701-BF700 -> 8763 | BH701: 791476 | BI701: =BH701-BH700 -> 7860 | BJ701: -191695 | BK701: =BJ701-BJ700 -> 903
...

Sheet Oil Share Data
B1: Implied Fund Net Oil Share Position | C1: Nearby Soybean Oil Futures | D1: Change in Fund Position | E1: Month | F1: Year
A2: 38965 | B2: 64334 | C2: 24.5 | E2: =MONTH(A2) -> 9 | F2: =YEAR(A2) -> 2006 | H2: 38965 | I2: =IF(H2=A2,"OK","") -> OK
A3: 38972 | B3: 56254 | C3: 24.69 | D3: =B3-B2 -> -8080 | E3: =MONTH(A3) -> 9 | F3: =YEAR(A3) -> 2006 | H3: 38972 | I3: =IF(H3=A3,"OK","") -> OK
A4: 38979 | B4: 54118 | C4: 23.87 | D4: =B4-B3 -> -2136 | E4: =MONTH(A4) -> 9 | F4: =YEAR(A4) -> 2006 | H4: 38979 | I4: =IF(H4=A4,"OK","") -> OK
A5: 38986 | B5: 38095 | C5: 23.77 | D5: =B5-B4 -> -16023 | E5: =MONTH(A5) -> 9 | F5: =YEAR(A5) -> 2006 | H5: 38986 | I5: =IF(H5=A5,"OK","") -> OK
A6: 38993 | B6: 24801 | C6: 24 | D6: =B6-B5 -> -13294 | E6: =MONTH(A6) -> 10 | F6: =YEAR(A6) -> 2006 | H6: 38993 | I6: =IF(H6=A6,"OK","") -> OK
A7: 39000 | B7: 19577 | C7: 24.82 | D7: =B7-B6 -> -5224 | E7: =MONTH(A7) -> 10 | F7: =YEAR(A7) -> 2006 | H7: 39000 | I7: =IF(H7=A7,"OK","") -> OK
A8: 39007 | B8: 16395 | C8: 26.17 | D8: =B8-B7 -> -3182 | E8: =MONTH(A8) -> 10 | F8: =YEAR(A8) -> 2006 | H8: 39007 | I8: =IF(H8=A8,"OK","") -> OK
A9: 39014 | B9: 11576 | C9: 27.5 | D9: =B9-B8 -> -4819 | E9: =MONTH(A9) -> 10 | F9: =YEAR(A9) -> 2006 | H9: 39014 | I9: =IF(H9=A9,"OK","") -> OK
A10: 39021 | B10: 29029 | C10: 27.68 | D10: =B10-B9 -> 17453 | E10: =MONTH(A10) -> 10 | F10: =YEAR(A10) -> 2006 | H10: 39021 | I10: =IF(H10=A10,"OK","") -> OK
A11: 39028 | B11: 18114 | C11: 27.69 | D11: =B11-B10 -> -10915 | E11: =MONTH(A11) -> 11 | F11: =YEAR(A11) -> 2006 | H11: 39028 | I11: =IF(H11=A11,"OK","") -> OK
A12: 39035 | B12: 17052 | C12: 28.28 | D12: =B12-B11 -> -1062 | E12: =MONTH(A12) -> 11 | F12: =YEAR(A12) -> 2006 | H12: 39035 | I12: =IF(H12=A12,"OK","") -> OK
A13: 39042 | B13: 30101 | C13: 28.89 | D13: =B13-B12 -> 13049 | E13: =MONTH(A13) -> 11 | F13: =YEAR(A13) -> 2006 | H13: 39042 | I13: =IF(H13=A13,"OK","") -> OK
A14: 39049 | B14: 33873 | C14: 29.23 | D14: =B14-B13 -> 3772 | E14: =MONTH(A14) -> 11 | F14: =YEAR(A14) -> 2006 | H14: 39049 | I14: =IF(H14=A14,"OK","") -> OK
... A664: 43620 | B664: -57974 | C664: 27.38 | D664: =B664-B663 -> -16111 | E664: =MONTH(A664) -> 6 | F664: =YEAR(A664) -> 2019 | H664: 43620 | I664: =IF(H664=A664,"OK","") -> OK
A665: 43627 | B665: =Data!H680-Data!AC680 -> -58468 | C665: 27.61 | D665: =B665-B664 -> -494 | E665: =MONTH(A665) -> 6 | F665: =YEAR(A665) -> 2019 | H665: 43627 | I665: =IF(H665=A665,"OK","") -> OK
A666: 43634 | B666: =Data!H681-Data!AC681 -> -42764 | C666: 28.44 | D666: =B666-B665 -> 15704 | E666: =MONTH(A666) -> 6 | F666: =YEAR(A666) -> 2019 | H666: 43634 | I666: =IF(H666=A666,"OK","") -> OK
A667: 43641 | B667: =Data!H682-Data!AC682 -> -35059 | C667: 28.24 | D667: =B667-B666 -> 7705 | E667: =MONTH(A667) -> 6 | F667: =YEAR(A667) -> 2019 | H667: 43641 | I667: =IF(H667=A667,"OK","") -> OK
A668: 43648 | B668: =Data!H683-Data!AC683 -> -21633 | C668: 27.44 | D668: =B668-B667 -> 13426 | E668: =MONTH(A668) -> 7 | F668: =YEAR(A668) -> 2019 | H668: 43648 | I668: =IF(H668=A668,"OK","") -> OK
A669: 43655 | B669: =Data!H684-Data!AC684 -> -10222 | C669: 28.11 | D669: =B669-B668 -> 11411 | E669: =MONTH(A669) -> 7 | F669: =YEAR(A669) -> 2019 | H669: 43655 | I669: =IF(H669=A669,"OK","") -> OK
A670: 43662 | B670: =Data!H685-Data!AC685 -> -10180 | C670: 28.1 | D670: =B670-B669 -> 42 | E670: =MONTH(A670) -> 7 | F670: =YEAR(A670) -> 2019 | H670: 43662 | I670: =IF(H670=A670,"OK","") -> OK
A671: 43669 | B671: =Data!H686-Data!AC686 -> -13496 | C671: 28.47 | D671: =B671-B670 -> -3316 | E671: =MONTH(A671) -> 7 | F671: =YEAR(A671) -> 2019 | H671: 43669 | I671: =IF(H671=A671,"OK","") -> OK
A672: 43676 | B672: =Data!H687-Data!AC687 -> 7891 | C672: 28.19 | D672: =B672-B671 -> 21387 | E672: =MONTH(A672) -> 7 | F672: =YEAR(A672) -> 2019 | H672: 43676 | I672: =IF(H672=A672,"OK","") -> OK
A673: 43683 | B673: =Data!H688-Data!AC688 -> 1988 | C673: 29.51 | D673: =B673-B672 -> -5903 | E673: =MONTH(A673) -> 8 | F673: =YEAR(A673) -> 2019 | H673: 43683 | I673: =IF(H673=A673,"OK","") -> OK
A674: 43690 | B674: =Data!H689-Data!AC689 -> 46753 | C674: 29.13 | D674: =B674-B673 -> 44765 | E674: =MONTH(A674) -> 8 | F674: =YEAR(A674) -> 2019 | H674: 43690 | I674: =IF(H674=A674,"OK","") -> OK
A675: 43697 | B675: =Data!H690-Data!AC690 -> 39144 | C675: 28.34 | D675: =B675-B674 -> -7609 | E675: =MONTH(A675) -> 8 | F675: =YEAR(A675) -> 2019 | H675: 43697 | I675: =IF(H675=A675,"OK","") -> OK
A676: 43704 | B676: =Data!H691-Data!AC691 -> 20494 | C676: 28.64 | D676: =B676-B675 -> -18650 | E676: =MONTH(A676) -> 8 | F676: =YEAR(A676) -> 2019 | H676: 43704 | I676: =IF(H676=A676,"OK","") -> OK
... A951: 45629 | B951: =Data!H966-Data!AC966 -> 82726 | C951: 42.78 | D951: =B951-B950 -> -15883 | E951: =MONTH(A951) -> 12 | F951: =YEAR(A951) -> 2024 | H951: 45629 | I951: =IF(H951=A951,"OK","") -> OK
A952: 45636 | B952: =Data!H967-Data!AC967 -> 89946 | C952: =RTD("prophetx.rtdserver","","HISTORY","@BO@C","WEEKLY","1",A952,"0","Close","0") -> #N/A | D952: =B952-B951 -> 7220 | E952: =MONTH(A952) -> 12 | F952: =YEAR(A952) -> 2024 | H952: 45636 | I952: =IF(H952=A952,"OK","") -> OK
A1000: USE THE CONTINUOUS NEARBY CONTRACT FROM THE WEEKLY TIMEFRAME FOR THE CHART DATA.

Sheet MM Avg Monthly Position
B1: Avg Position | C1: Avg. Cont. Nearby Futs. (expiry roll) | D1: month | E1: year
A2: 38961 | B2: =AVERAGEIFS('Oil Share Data'!$B$2:$B$2000,'Oil Share Data'!$E$2:$E$2000,'MM Avg Monthly Position'!$D2,'Oil Share Data'!$F$2:$F$2000,'MM Avg Monthly Position'!$E2) -> 53200.25 | C2: =AVERAGEIFS('Oil Share Data'!$C$2:$C$2000,'Oil Share Data'!$E$2:$E$2000,'MM Avg Monthly Position'!$D2,'Oil Share Data'!$F$2:$F$2000,'MM Avg Monthly Position'!$E2) -> 24.2075 | D2: =MONTH(A2) -> 9 | E2: =YEAR(A2) -> 2006
A3: 38991 | B3: =AVERAGEIFS('Oil Share Data'!$B$2:$B$2000,'Oil Share Data'!$E$2:$E$2000,'MM Avg Monthly Position'!$D3,'Oil Share Data'!$F$2:$F$2000,'MM Avg Monthly Position'!$E3) -> 20275.6 | C3: =AVERAGEIFS('Oil Share Data'!$C$2:$C$2000,'Oil Share Data'!$E$2:$E$2000,'MM Avg Monthly Position'!$D3,'Oil Share Data'!$F$2:$F$2000,'MM Avg Monthly Position'!$E3) -> 26.034 | D3: =MONTH(A3) -> 10 | E3: =YEAR(A3) -> 2006
A4: 39022 | B4: =AVERAGEIFS('Oil Share Data'!$B$2:$B$2000,'Oil Share Data'!$E$2:$E$2000,'MM Avg Monthly Position'!$D4,'Oil Share Data'!$F$2:$F$2000,'MM Avg Monthly Position'!$E4) -> 24785 | C4: =AVERAGEIFS('Oil Share Data'!$C$2:$C$2000,'Oil Share Data'!$E$2:$E$2000,'MM Avg Monthly Position'!$D4,'Oil Share Data'!$F$2:$F$2000,'MM Avg Monthly Position'!$E4) -> 28.5225 | D4: =MONTH(A4) -> 11 | E4: =YEAR(A4) -> 2006
A5: 39052 | B5: =AVERAGEIFS('Oil Share Data'!$B$2:$B$2000,'Oil Share Data'!$E$2:$E$2000,'MM Avg Monthly Position'!$D5,'Oil Share Data'!$F$2:$F$2000,'MM Avg Monthly Position'!$E5) -> 38670 | C5: =AVERAGEIFS('Oil Share Data'!$C$2:$C$2000,'Oil Share Data'!$E$2:$E$2000,'MM Avg Monthly Position'!$D5,'Oil Share Data'!$F$2:$F$2000,'MM Avg Monthly Position'!$E5) -> 28.5275 | D5: =MONTH(A5) -> 12 | E5: =YEAR(A5) -> 2006
A6: 39083 | B6: =AVERAGEIFS('Oil Share Data'!$B$2:$B$2000,'Oil Share Data'!$E$2:$E$2000,'MM Avg Monthly Position'!$D6,'Oil Share Data'!$F$2:$F$2000,'MM Avg Monthly Position'!$E6) -> 29169.6 | C6: =AVERAGEIFS('Oil Share Data'!$C$2:$C$2000,'Oil Share Data'!$E$2:$E$2000,'MM Avg Monthly Position'!$D6,'Oil Share Data'!$F$2:$F$2000,'MM Avg Monthly Position'!$E6) -> 29.174 | D6: =MONTH(A6) -> 1 | E6: =YEAR(A6) -> 2007
A7: 39114 | B7: =AVERAGEIFS('Oil Share Data'!$B$2:$B$2000,'Oil Share Data'!$E$2:$E$2000,'MM Avg Monthly Position'!$D7,'Oil Share Data'!$F$2:$F$2000,'MM Avg Monthly Position'!$E7) -> 15775.25 | C7: =AVERAGEIFS('Oil Share Data'!$C$2:$C$2000,'Oil Share Data'!$E$2:$E$2000,'MM Avg Monthly Position'!$D7,'Oil Share Data'!$F$2:$F$2000,'MM Avg Monthly Position'!$E7) -> 30.0825 | D7: =MONTH(A7) -> 2 | E7: =YEAR(A7) -> 2007
A8: 39142 | B8: =AVERAGEIFS('Oil Share Data'!$B$2:$B$2000,'Oil Share Data'!$E$2:$E$2000,'MM Avg Monthly Position'!$D8,'Oil Share Data'!$F$2:$F$2000,'MM Avg Monthly Position'!$E8) -> 30371.75 | C8: =AVERAGEIFS('Oil Share Data'!$C$2:$C$2000,'Oil Share Data'!$E$2:$E$2000,'MM Avg Monthly Position'!$D8,'Oil Share Data'!$F$2:$F$2000,'MM Avg Monthly Position'!$E8) -> 31.3575 | D8: =MONTH(A8) -> 3 | E8: =YEAR(A8) -> 2007
A9: 39173 | B9: =AVERAGEIFS('Oil Share Data'!$B$2:$B$2000,'Oil Share Data'!$E$2:$E$2000,'MM Avg Monthly Position'!$D9,'Oil Share Data'!$F$2:$F$2000,'MM Avg Monthly Position'!$E9) -> 60083.75 | C9: =AVERAGEIFS('Oil Share Data'!$C$2:$C$2000,'Oil Share Data'!$E$2:$E$2000,'MM Avg Monthly Position'!$D9,'Oil Share Data'!$F$2:$F$2000,'MM Avg Monthly Position'!$E9) -> 32.6675 | D9: =MONTH(A9) -> 4 | E9: =YEAR(A9) -> 2007
A10: 39203 | B10: =AVERAGEIFS('Oil Share Data'!$B$2:$B$2000,'Oil Share Data'!$E$2:$E$2000,'MM Avg Monthly Position'!$D10,'Oil Share Data'!$F$2:$F$2000,'MM Avg Monthly Position'!$E10) -> 60969.8 | C10: =AVERAGEIFS('Oil Share Data'!$C$2:$C$2000,'Oil Share Data'!$E$2:$E$2000,'MM Avg Monthly Position'!$D10,'Oil Share Data'!$F$2:$F$2000,'MM Avg Monthly Position'!$E10) -> 34.724 | D10: =MONTH(A10) -> 5 | E10: =YEAR(A10) -> 2007
A11: 39234 | B11: =AVERAGEIFS('Oil Share Data'!$B$2:$B$2000,'Oil Share Data'!$E$2:$E$2000,'MM Avg Monthly Position'!$D11,'Oil Share Data'!$F$2:$F$2000,'MM Avg Monthly Position'!$E11) -> 36824.5 | C11: =AVERAGEIFS('Oil Share Data'!$C$2:$C$2000,'Oil Share Data'!$E$2:$E$2000,'MM Avg Monthly Position'!$D11,'Oil Share Data'!$F$2:$F$2000,'MM Avg Monthly Position'!$E11) -> 35.6525 | D11: =MONTH(A11) -> 6 | E11: =YEAR(A11) -> 2007
A12: 39264 | B12: =AVERAGEIFS('Oil Share Data'!$B$2:$B$2000,'Oil Share Data'!$E$2:$E$2000,'MM Avg Monthly Position'!$D12,'Oil Share Data'!$F$2:$F$2000,'MM Avg Monthly Position'!$E12) -> 23949 | C12: =AVERAGEIFS('Oil Share Data'!$C$2:$C$2000,'Oil Share Data'!$E$2:$E$2000,'MM Avg Monthly Position'!$D12,'Oil Share Data'!$F$2:$F$2000,'MM Avg Monthly Position'!$E12) -> 37.29 | D12: =MONTH(A12) -> 7 | E12: =YEAR(A12) -> 2007
A13: 39295 | B13: =AVERAGEIFS('Oil Share Data'!$B$2:$B$2000,'Oil Share Data'!$E$2:$E$2000,'MM Avg Monthly Position'!$D13,'Oil Share Data'!$F$2:$F$2000,'MM Avg Monthly Position'!$E13) -> -781.5 | C13: =AVERAGEIFS('Oil Share Data'!$C$2:$C$2000,'Oil Share Data'!$E$2:$E$2000,'MM Avg Monthly Position'!$D13,'Oil Share Data'!$F$2:$F$2000,'MM Avg Monthly Position'!$E13) -> 36.0325 | D13: =MONTH(A13) -> 8 | E13: =YEAR(A13) -> 2007
... A219: 45566 | B219: =AVERAGEIFS('Oil Share Data'!$B$2:$B$2000,'Oil Share Data'!$E$2:$E$2000,'MM Avg Monthly Position'!$D219,'Oil Share Data'!$F$2:$F$2000,'MM Avg Monthly Position'!$E219) -> -34286.8 | C219: =AVERAGEIFS('Oil Share Data'!$C$2:$C$2000,'Oil Share Data'!$E$2:$E$2000,'MM Avg Monthly Position'!$D219,'Oil Share Data'!$F$2:$F$2000,'MM Avg Monthly Position'!$E219) -> 43.95 | D219: =MONTH(A219) -> 10 | E219: =YEAR(A219) -> 2024
