Workbook

Sheet Brazil Soy Complex 
A1: BRAZIL SOYBEAN COMPLEX
C2: 64/65 | D2: 65/66 | E2: 66/67 | F2: 67/68 | G2: 68/69 | H2: 69/70 | I2: 70/71 | J2: 71/72 | K2: 72/73 | L2: 73/74 | M2: 74/75 | N2: 75/76 | O2: 76/77 | P2: 77/78 | Q2: 78/79 | R2: 79/80 | S2: 80/81 | T2: 81/82 | U2: 82/83 | V2: 83/84 | W2: 84/85 | X2: 85/86 | Y2: 86/87 | Z2: 87/88 | AA2: 88/89 | AB2: 89/90 | AC2: 90/91 | AD2: 91/92 | AE2: 92/93 | AF2: 93/94 | AG2: 94/95 | AH2: 95/96 | AI2: 96/97 | AJ2: 97/98 | AK2: 98/99 | AL2: 99/00 | AM2: 00/01 | AN2: 01/02 | AO2: 02/03 | AP2: 03/04 | AQ2: 04/05 | AR2: 05/06 | AS2: 06/07 | AT2: 07/08 | AU2: 08/09 | AV2: 09/10 | AW2: 10/11 | AX2: 11/12 | AY2: 12/13 | AZ2: 13/14 | BA2: 14/15 | BB2: 15/16 | BC2: 16/17 | BD2: 17/18 | BE2: 18/19 | BF2: 19/20 | BG2: 20/21 | BH2: 21/22 | BI2: 22/23 | BJ2: 23/24 | BK2: 24/25 | BL2: 25/26 | BM2: 26/27 | BN2: 27/28 | BO2: 28/29 | BP2: 29/30 | BQ2: 30/31 | BR2: 31/32 | BS2: 32/33 | BT2: 33/34 | BU2: 34/35 | BX2: CONAB Reports
A3: BRAZIL SOYBEAN SUPPLY AND DEMAND (1,000 Hectares/1,000 Tonnes) | BG3: =(BG7/BF7)-1 -> -0.099260826 | BH3: =(BH7/BG7)-1 -> 0.17657455 | BI3: =(BI7/BH7)-1 -> 0.13299812 | BJ3: =(BJ7/BI7)-1 -> -0.096087047 | BK3: =(BK7/BJ7)-1 -> 0.13345086 | BL3: =(BL7/BK7)-1 -> 0.023488925 | BM3: =(BM7/BL7)-1 -> 0.037037037 | BN3: =(BN7/BM7)-1 -> 0.030769231 | ... BU3: =(BU7/BT7)-1 -> 0.0090952609 | BX3: =AU2 -> 08/09 | BY3: =AV2 -> 09/10 | BZ3: =AW2 -> 10/11 | CA3: =AX2 -> 11/12 | CB3: =AY2 -> 12/13 | CC3: =AZ2 -> 13/14 | CD3: =BA2 -> 14/15 | CE3: =BB2 -> 15/16 | ... CM3: =BJ2 -> 23/24
A4: Harvested Area | D4: 432 | E4: 491 | F4: 612 | G4: 722 | H4: 906 | I4: 1319 | J4: 1716 | K4: 2840 | L4: 3615 | M4: 5143 | N4: 5824 | O4: 6949 | P4: 7780 | Q4: 8151 | R4: 8755.9 | S4: 8693.4 | T4: 8393.2 | U4: 8412 | V4: 9162.9 | W4: 10074 | X4: 9644.4 | Y4: 9221.7 | Z4: 10706.6 | AA4: 12252.8 | AB4: 11551.4 | AC4: 9742.5 | AD4: 9582.2 | AE4: 10717 | AF4: 11501.7 | AG4: 11678.7 | AH4: 10663.2 | AI4: 11381.3 | AJ4: 13157.9 | AK4: 12995.2 | AL4: 13507.8 | AM4: 13969.8 | AN4: 16329 | AO4: 18474.8 | AP4: 21375.8 | AQ4: 23301.1 | AR4: 22749.4 | AS4: 20686.8 | AT4: 21313.1 | AU4: 21743.1 | AV4: 23467.9 | AW4: 24181 | AX4: 25042.2 | AY4: 27736.1 | AZ4: 30173.1 | BA4: 32092.9 | BB4: 33251.9 | BC4: 33909.4 | BD4: 35149.2 | BE4: 35874 | BF4: 36949.7 | BG4: 39531.2 | BH4: 41492 | BI4: 44072.9 | BJ4: 46095.9 | BK4: 47346.5 | BL4: =MROUND(FORECAST(BK358,BB4:BK4,BA358:BJ358),100)-1000 -> 47600 | BM4: =MROUND(FORECAST(BL358,BC4:BL4,BB358:BK358),100)-2000 -> 48200 | BN4: =MROUND(FORECAST(BM358,BD4:BM4,BC358:BL358),100)-2000 -> 49400 | BO4: =MROUND(FORECAST(BN358,BE4:BN4,BD358:BM358),100) -> 50800 | BP4: =MROUND(FORECAST(BO358,BF4:BO4,BE358:BN358),100)+2000 -> 52700 | BQ4: =MROUND(FORECAST(BP358,BG4:BP4,BF358:BO358),100)+3000 -> 53900 | BR4: =MROUND(FORECAST(BQ358,BH4:BQ4,BG358:BP358),100)+4000 -> 55400 | BS4: =MROUND(FORECAST(BR358,BI4:BR4,BH358:BQ358),100)+4000 -> 56000 | BT4: =MROUND(FORECAST(BS358,BJ4:BS4,BI358:BR358),100)+4000 -> 56600 | BU4: =MROUND(FORECAST(BT358,BK4:BT4,BJ358:BS358),100)+4000 -> 57300 | BV4: =MROUND(FORECAST(BM358,BD4:BM4,BC358:BL358),100)+6000 -> 57400 | BX4: =(BH4/AN4)-1 -> 1.5410007 | BZ4: =(AW4/AV4)-1 -> 0.030386187 | CA4: =(AX4/AW4)-1 -> 0.035614739 | CB4: =(AY4/AX4)-1 -> 0.10757441 | CC4: =(AZ4/AY4)-1 -> 0.087863831 | CD4: =(BA4/AZ4)-1 -> 0.06362621 | CE4: =(BB4/BA4)-1 -> 0.036113907 | CF4: =(BC4/BB4)-1 -> 0.019773306 | CG4: =(BD4/BC4)-1 -> 0.036562133 | ... CM4: =(BJ4/BI4)-1 -> 0.045901223
A5: Yield | D5: =D7/D4 -> 1.2106481 | E5: =E7/E4 -> 1.2118126 | F5: =F7/F4 -> 1.1699346 | G5: =G7/G4 -> 0.90581717 | H5: =H7/H4 -> 1.1666667 | I5: =I7/I4 -> 1.1440485 | J5: =J7/J4 -> 1.210373 | K5: =K7/K4 -> 1.2908451 | ... BK5: =BK7/BK4 -> 3.6216468 | BL5: =ROUND(TREND(AW5:BK5,AV358:BJ358,BK358),3)-0.05 -> 3.686 | BM5: =ROUND(TREND(AX5:BL5,AW358:BK358,BL358),3)-0.05 -> 3.776 | BN5: =ROUND(TREND(AY5:BM5,AX358:BL358,BM358),3)-0.05 -> 3.798 | BO5: =ROUND(TREND(AZ5:BN5,AY358:BM358,BN358),3)-0.05 -> 3.783 | BP5: =ROUND(TREND(BA5:BO5,AZ358:BN358,BO358),3)-0.05 -> 3.753 | BQ5: =ROUND(TREND(BB5:BP5,BA358:BO358,BP358),3)-0.05 -> 3.733 | BR5: =ROUND(TREND(BC5:BQ5,BB358:BP358,BQ358),3)-0.05 -> 3.695 | BS5: =ROUND(TREND(BD5:BR5,BC358:BQ358,BR358),3)-0.05 -> 3.689 | ... BU5: =ROUND(TREND(BF5:BT5,BE358:BS358,BT358),3)-0.05 -> 3.679 | BW5: =3.54639699225601*1000/60 -> 59.106617 | BX5: =AU4-AT4 -> 430 | BY5: =AV4-AU4 -> 1724.8 | BZ5: =AW4-AV4 -> 713.1 | CA5: =AX4-AW4 -> 861.2 | CB5: =AY4-AX4 -> 2693.9 | CC5: =AZ4-AY4 -> 2437 | CD5: =BA4-AZ4 -> 1919.8 | CE5: =BB4-BA4 -> 1159 | ... CM5: =BJ4-BI4 -> 2023
A6: Beginning Stocks (February 1) | C6: 56 | D6: =C15 -> 173 | E6: =D15 -> 191 | F6: =E15 -> 107 | G6: =F15 -> 135 | H6: =G15 -> 140 | I6: =H15 -> 258 | J6: =I15 -> 129 | K6: =J15 -> 283 | ... BU6: =BT15 -> 18936.282 | BZ6: 1000
A7: Production | D7: 523 | E7: 595 | F7: 716 | G7: 654 | H7: 1057 | I7: 1509 | J7: 2077 | K7: 3666 | L7: 5012 | M7: 7876 | N7: 9892 | O7: 12145 | P7: 9726 | Q7: 10200 | R7: 14887.4 | S7: 15484.8 | T7: 12890.9 | U7: 14532.9 | V7: 15340.5 | W7: 18211.5 | X7: 13207.5 | Y7: 17071.5 | Z7: 18127 | AA7: 23929.2 | AB7: 20101.3 | AC7: 15394.5 | AD7: 19418.6 | AE7: 23042.1 | AF7: 25059.2 | AG7: 25934.1 | AH7: 23189.7 | AI7: 26160 | AJ7: 31369.9 | AK7: 30765 | AL7: 32344.6 | AM7: 38431.8 | AN7: 41916.9 | AO7: 52017.5 | AP7: 49792.7 | AQ7: 52304.6 | AR7: 55027.1 | AS7: 58391.8 | AT7: 60017.7 | AU7: 57165.5 | AV7: 68688.2 | AW7: 75324.3 | AX7: 66383 | AY7: 81499.4 | AZ7: 86172.794 | BA7: 97094 | BB7: 95697.6 | BC7: 115026.7 | BD7: 123258.6 | BE7: 119718.1 | BF7: ='[1]Brazil area by state '!AT135 -> 139385.3 | BG7: ='[1]Brazil area by state '!AU135 -> 125549.8 | BH7: ='[1]Brazil area by state '!AW135 -> 147718.7 | BI7: ='[1]Brazil area by state '!AX135 -> 167365.01 | BJ7: 151283.4 | BK7: 171472.3 | BL7: =MROUND(BL5*BL4,100) -> 175500 | BM7: =MROUND(BM5*BM4,100) -> 182000 | BN7: =MROUND(BN5*BN4,100) -> 187600 | BO7: =MROUND(BO5*BO4,100) -> 192200 | BP7: =MROUND(BP5*BP4,100) -> 197800 | BQ7: =MROUND(BQ5*BQ4,100) -> 201200 | BR7: =MROUND(BR5*BR4,100) -> 204700 | BS7: =MROUND(BS5*BS4,100) -> 206600 | ... BU7: =MROUND(BU5*BU4,100) -> 210800 | BX7: =BD4*2.471/1000 -> 86.853673 | BY7: =BE4*2.471/1000 -> 88.644654 | BZ7: =BF4*2.471/1000 -> 91.302709 | CA7: =BG4*2.471/1000 -> 97.681595 | CB7: =BH4*2.471/1000 -> 102.52673 | CC7: =BI4*2.471/1000 -> 108.90414 | CD7: =BJ4*2.471/1000 -> 113.90297
A8: Imports | C8: =C70 -> 0 | D8: =D70 -> 0 | E8: =E70 -> 0 | F8: =F70 -> 0 | G8: =G70 -> 0 | H8: =H70 -> 1 | I8: =I70 -> 5 | J8: =J70 -> 5 | ... BK8: =BK70 -> 850 | BL8: =700+150 -> 850 | BM8: =700+150 -> 850 | BN8: =700+150 -> 850 | BO8: =700+150 -> 850 | BP8: =700+150 -> 850 | BQ8: =700+150 -> 850 | BR8: =700+150 -> 850 | BS8: =700+150 -> 850 | ... BU8: =700+150 -> 850 | BX8: 22/23 | BY8: =BY7-BX7 -> 1.7909808 | BZ8: =BZ7-BY7 -> 2.6580547 | CA8: =CA7-BZ7 -> 6.3788865 | CB8: =CB7-CA7 -> 4.8451368 | CC8: =CC7-CB7 -> 6.3774039 | CD8: =CD7-CC7 -> 4.998833
A9: Total Supply | C9: =SUM(C6:C8) -> 56 | D9: =SUM(D6:D8) -> 696 | E9: =SUM(E6:E8) -> 786 | F9: =SUM(F6:F8) -> 823 | G9: =SUM(G6:G8) -> 789 | H9: =SUM(H6:H8) -> 1198 | I9: =SUM(I6:I8) -> 1772 | J9: =SUM(J6:J8) -> 2211 | ... BU9: =SUM(BU6:BU8) -> 230586.28 | BX9: 131 | BY9: 159.5 | BZ9: =(BZ7/BY7)-1 -> 0.029985505 | CA9: =(CA7/BZ7)-1 -> 0.069865249 | CB9: =(CB7/CA7)-1 -> 0.049601328 | CC9: =(CC7/CB7)-1 -> 0.062202352
A10: Crush | C10: =C102 -> 282 | D10: =D102 -> 395 | E10: =E102 -> 423 | F10: =F102 -> 471 | G10: =G102 -> 612 | H10: =H102 -> 932 | I10: =I102 -> 1700 | J10: =J102 -> 2132 | ... BK10: =BK102 -> 55692.834 | BL10: =MROUND(FORECAST(BL9,BB10:BK10,BB9:BK9),500) -> 58500 | BM10: =MROUND(FORECAST(BM9,BC10:BL10,BC9:BL9),500) -> 60500 | BN10: =MROUND(FORECAST(BN9,BD10:BM10,BD9:BM9),500) -> 62000 | BO10: =MROUND(FORECAST(BO9,BE10:BN10,BE9:BN9),500) -> 63000 | BP10: =MROUND(FORECAST(BP9,BF10:BO10,BF9:BO9),500) -> 64000 | BQ10: =MROUND(FORECAST(BQ9,BG10:BP10,BG9:BP9),500) -> 64500 | BR10: =MROUND(FORECAST(BR9,BH10:BQ10,BH9:BQ9),500) -> 65500 | BS10: =MROUND(FORECAST(BS9,BI10:BR10,BI9:BR9),500) -> 66000 | ... BU10: =MROUND(FORECAST(BU9,BK10:BT10,BK9:BT9),500) -> 67000
A11: Exports | C11: =C86 -> 75 | D11: =D86 -> 121 | E11: =E86 -> 305 | F11: =F86 -> 66 | G11: =G86 -> 310 | H11: =H86 -> 290 | I11: =I86 -> 230 | J11: =J86 -> 1023 | ... BJ11: =BJ86 -> 65117.499 | BK11: 105000 | BL11: 110000 | BM11: 115000 | BN11: 120000 | BO11: 122500 | BP11: 130000 | BQ11: 132500 | BR11: 135000 | BS11: 140000 | BT11: 145000 | BU11: 105000 | CG11: 36.7437
A12: Seed | C12: =ROUND(E4*0.0775,0) -> 38 | D12: =ROUND(F4*0.0775,0) -> 47 | E12: =ROUND(G4*0.0775,0) -> 56 | F12: =ROUND(H4*0.0775,0) -> 70 | G12: =ROUND(I4*0.0775,0) -> 102 | H12: =ROUND(J4*0.0775,0) -> 133 | I12: =ROUND(K4*0.0775,0) -> 220 | J12: =ROUND(L4*0.0775,0) -> 280 | ... BG12: =ROUND(BI4*0.0775,0) -> 3416 | BH12: =ROUND(BI4*0.0775,0) -> 3416 | BI12: =ROUND(BJ4*0.0775,0) -> 3572 | BJ12: =ROUND(BK4*0.0775,0) -> 3669 | BK12: =ROUND(BL4*0.0775,0) -> 3689 | BL12: =ROUND(BM4*0.0775,0) -> 3736 | BM12: =ROUND(BN4*0.0775,0) -> 3829 | BN12: =ROUND(BO4*0.0775,0) -> 3937 | BO12: =ROUND(BP4*0.0775,0) -> 4084 | ... BU12: =ROUND(BV4*0.0775,0) -> 4449 | BY12: =AVERAGE(BE10:BI10) -> 48829.657 | BZ12: 1000
A13: Residual | C13: =C14-C12-C11-C10 -> -512 | D13: =D14-D12-D11-D10 -> -58 | E13: =E14-E12-E11-E10 -> -105 | F13: =F14-F12-F11-F10 -> 81 | G13: =G14-G12-G11-G10 -> -375 | H13: =H14-H12-H11-H10 -> -415 | I13: =I14-I12-I11-I10 -> -507 | J13: =J14-J12-J11-J10 -> -1507 | ... BU13: =BU14-BU12-BU11-BU10 -> 33354.953 | BY13: =AVERAGE(BE7:BI7) -> 139947.38
A14: Total Use | C14: =C9-C15 -> -117 | D14: =D9-D15 -> 505 | E14: =E9-E15 -> 679 | F14: =F9-F15 -> 688 | G14: =G9-G15 -> 649 | H14: =H9-H15 -> 940 | I14: =I9-I15 -> 1643 | J14: =J9-J15 -> 1928 | ... BU14: =BU9-BU15 -> 209803.95 | BX14: =BY14*5 -> 1.744572 | BY14: =BY12/BY13 -> 0.3489144
A15: Ending Stocks (January 31) | C15: 173 | D15: 191 | E15: 107 | F15: 135 | G15: 140 | H15: 258 | I15: 129 | J15: 283 | K15: 285 | L15: 400 | M15: 583 | N15: 1360 | O15: 1806 | P15: 1057 | Q15: 923 | R15: 1091 | S15: 1037 | T15: 704 | U15: 230 | V15: 681 | W15: 982 | X15: 850 | Y15: 270 | Z15: 299 | AA15: 1325 | AB15: 660 | AC15: 850 | AD15: 710 | AE15: 830 | AF15: 700 | AG15: 720 | AH15: 924 | AI15: 740 | AJ15: 782 | AK15: 403 | AL15: =AL360 -> 629 | AM15: =AM360 -> 540.79188 | AN15: =AN360 -> 494.04069 | AO15: =AO360 -> 3210.0407 | AP15: =AP360 -> 3143.0407 | AQ15: =AQ360 -> 1730.6406 | AR15: =AR360 -> 2688.6406 | AS15: =AS360 -> 3506.6406 | ... BA15: =BA360 -> 2444.7059 | BB15: =BC360 -> 4115.3478 | BC15: =BD360 -> 4115.3478 | BD15: =BE360 -> 6969.2345 | BE15: =BF360 -> 5645.8772 | BF15: =BG360 -> 1805.0707 | BG15: =BH360 -> 5098.0159 | BH15: =BI360 -> 4723.6994 | BI15: =BJ360 -> 7394.1959 | BJ15: =BK360 -> 5671 | BK15: =BK54/0.85 -> 11240.018 | BL15: =BL54/0.85-1500 -> 11563.081 | BM15: =BM54/0.85-1500 -> 12998.285 | BN15: =BN54/0.85-2000 -> 14144.06 | BO15: =BO54/0.85-2500 -> 15206.049 | BP15: =BP54/0.85-3500 -> 16412.905 | BQ15: =BQ54/0.85-4500 -> 17147.483 | BR15: =BR54/0.85-6000 -> 17364.363 | BS15: =BS54/0.85-7000 -> 18137.579 | BT15: =BT54/0.85-8000 -> 18936.282 | BU15: =BU54/0.85-8000 -> 20782.329 | BZ15: 21/22 | CA15: BRZ | CB15: PY | CC15: ARG | CD15: 22/23 | CE15: BRZ | CF15: PY | CG15: ARG | CH15: 23/24
A16: Stocks/Use | C16: =C15/C14 -> -1.4786325 | D16: =D15/D14 -> 0.37821782 | E16: =E15/E14 -> 0.15758468 | F16: =F15/F14 -> 0.19622093 | G16: =G15/G14 -> 0.21571649 | H16: =H15/H14 -> 0.27446809 | I16: =I15/I14 -> 0.078514912 | J16: =J15/J14 -> 0.14678423 | ... BU16: =BU15/BU14 -> 0.099055946 | BY16: Brazil | BZ16: =(BG7)/1000 -> 125.5498 | CA16: =BZ19 -> 173.0328 | CB16: =CA16+CA17 -> 195.2017 | CC16: 185.65273 | CD16: =(BH7)/1000 -> 147.7187 | CE16: =CD19 -> 179.2187 | CF16: =CE16-CE17 -> 178.8487 | CG16: =CF16 -> 178.8487 | CH16: =(BI7)/1000 -> 167.36501
A17: Bold numbers are Jacobsen Estimates and Forecasts | BY17: Argentina | BZ17: =('[1]Argentina Soy Complex'!BG9)/1000 -> 43.3 | CA17: =CD16-BZ16 -> 22.1689 | CB17: =CD18-BZ18 -> 6.817 | CC17: 22.8 | CD17: =('[1]Argentina Soy Complex'!BH9)/1000 -> 20.5 | CE17: 0.37 | CF17: =CH18-CD18 -> -0.1374047 | CG17: =CH17-CD17 -> 30.5 | CH17: =('[1]Argentina Soy Complex'!BI9)/1000 -> 51
A18: BRAZIL SOYBEAN MEAL SUPPLY AND DEMAND (1,000 Tonnes) | BY18: Paraguay | BZ18: =('[1]Paraguay Soy Complex'!BH7)/1000 -> 4.183 | CD18: =('[1]Paraguay Soy Complex'!BI7)/1000 -> 11 | CH18: =('[1]Paraguay Soy Complex'!BJ7)/1000 -> 10.862595
A19: Crush (October - September) | C19: =SUM(C98:C101,D90:D97) -> 366.10048 | D19: =SUM(D98:D101,E90:E97) -> 415.83906 | E19: =SUM(E98:E101,F90:F97) -> 458.7241 | F19: =SUM(F98:F101,G90:G97) -> 575.93953 | G19: =SUM(G98:G101,H90:H97) -> 850.16064 | H19: =SUM(H98:H101,I90:I97) -> 1503.5855 | I19: =SUM(I98:I101,J90:J97) -> 2021.5169 | J19: =SUM(J98:J101,K90:K97) -> 2565.1547 | ... BL19: =SUM(BL98:BL101,BM90:BM97) -> 60825 | BM19: =SUM(BM98:BM101,BW90:BW97) -> 16976.702 | BN19: =SUM(BN98:BN101,BX90:BX97) -> 51055.843 | BO19: =SUM(BO98:BO101,BY90:BY97) -> 17225 | BP19: =SUM(BP98:BP101,BZ90:BZ97) -> 76806.981 | BQ19: =SUM(BQ98:BQ101,CA90:CA97) -> 75626.955 | BR19: =SUM(BR98:BR101,CB90:CB97) -> 71576.591 | BS19: =SUM(BS98:BS101,CC90:CC97) -> 77864.57 | BT19: =SUM(BT98:BT101,CD90:CD97) -> 73609.118 | BU19: =SUM(BU98:BU101,CE90:CE97) -> 76581.327 | BZ19: =SUM(BZ16:BZ18) -> 173.0328 | CD19: =SUM(CD16:CD18) -> 179.2187 | CH19: =SUM(CH16:CH18) -> 229.2276
A20: Beginning Stocks (February 1) | C20: 2 | D20: =C27 -> 4 | E20: =D27 -> 5 | F20: =E27 -> 5 | G20: =F27 -> 6 | H20: =G27 -> 8 | I20: =H27 -> 14 | J20: =I27 -> 25 | K20: =J27 -> 32 | ... BU20: =BT27 -> 1007 | CH20: =(CH19/CD19)-1 -> 0.27903843
A21: Production | C21: =C118 -> 170 | D21: =D118 -> 243 | E21: =E118 -> 275 | F21: =F118 -> 331 | G21: =G118 -> 413 | H21: =H118 -> 691 | I21: =I118 -> 1190 | J21: =J118 -> 1578 | ... BU21: =BU118 -> 51311 | BY21: =0.75/12 -> 0.0625
A22: Imports | C22: =C150 -> 0 | D22: =D150 -> 0 | E22: =E150 -> 0 | F22: =F150 -> 0 | G22: =G150 -> 0 | H22: =H150 -> 0 | I22: =I150 -> 0 | J22: =J150 -> 0 | ... BH22: =BH150 -> 7.445 | BI22: =20-10-5 -> 5 | BJ22: =20-10 -> 10 | BK22: =20-10 -> 10 | BL22: =20-10 -> 10 | BM22: =20-10 -> 10 | BN22: =20-10 -> 10 | BO22: =20-10 -> 10 | BP22: =20-10 -> 10 | BQ22: =20-10 -> 10 | ... BU22: =20-10 -> 10
A23: Total Supply | C23: =SUM(C20:C22) -> 172 | D23: =SUM(D20:D22) -> 247 | E23: =SUM(E20:E22) -> 280 | F23: =SUM(F20:F22) -> 336 | G23: =SUM(G20:G22) -> 419 | H23: =SUM(H20:H22) -> 699 | I23: =SUM(I20:I22) -> 1204 | J23: =SUM(J20:J22) -> 1603 | ... BU23: =SUM(BU20:BU22) -> 52328
A24: Domestic Usage | C24: =C26-C25 -> 168 | D24: =D26-D25 -> 242 | E24: =E26-E25 -> 275 | F24: =F26-F25 -> 330 | G24: =G26-G25 -> 411 | H24: =H26-H25 -> 685 | I24: =I26-I25 -> 1179 | J24: =J26-J25 -> 1571 | ... BU24: =BU26-BU25 -> 32812
A25: Exports | C25: =C166 -> 0 | D25: =D166 -> 0 | E25: =E166 -> 0 | F25: =F166 -> 0 | G25: =G166 -> 0 | H25: =H166 -> 0 | I25: =I166 -> 0 | J25: =J166 -> 0 | ... BH25: =BH166 -> 20126.033 | BI25: =18500+4000 -> 22500 | BJ25: 18500 | BK25: 18500 | BL25: 18500 | BM25: 18500 | BN25: 18501 | BO25: 18502 | BP25: 18503 | BQ25: 18504 | BR25: 18505 | BS25: 18506 | BT25: 18507 | BU25: 18508 | BZ25: 19/20 | CA25: 20/21 | CB25: 21/22 | CC25: BRZ | CD25: PY | CE25: ARG | CF25: 22/23 | CG25: BRZ | CH25: PY | CI25: ARG | CJ25: 23/24
A26: Total Use | C26: =C23-C27 -> 168 | D26: =D23-D27 -> 242 | E26: =E23-E27 -> 275 | F26: =F23-F27 -> 330 | G26: =G23-G27 -> 411 | H26: =H23-H27 -> 685 | I26: =I23-I27 -> 1179 | J26: =J23-J27 -> 1571 | ... BU26: =BU23-BU27 -> 51320 | BY26: Brazil | BZ26: 124.8448 | CA26: 139.3853 | CB26: 125.5498 | CC26: =CB29 -> 173.0328 | CD26: =CC26+CC27 -> 203.783 | CE26: =(CD26+CD27)-CE27 -> 186.68343 | CF26: =BH7/1000 -> 147.7187 | CG26: =CF29 -> 178.10213 | CH26: =CG26+CG27 -> 229.10213 | CI26: =(CH26+CH27)-CI27 -> 212.00256 | CJ26: =BI7/1000 -> 167.36501
A27: Ending Stocks (January 31) | C27: 4 | D27: 5 | E27: 5 | F27: 6 | G27: 8 | H27: 14 | I27: 25 | J27: 32 | K27: 44 | L27: 150 | M27: 106 | N27: 138 | O27: 151 | P27: 182 | Q27: 619 | R27: 393 | S27: 494 | T27: =T197 -> 494 | U27: =U197 -> 291 | V27: =V197 -> 363 | W27: =W197 -> 388 | X27: =X197 -> 283 | Y27: =Y197 -> 256 | Z27: =Z197 -> 298 | AA27: =AA197 -> 437 | ... BH27: =BH197 -> 1875 | BI27: 1000 | BJ27: 1000 | BK27: 1000 | BL27: 1000 | BM27: 1000 | BN27: 1001 | BO27: 1002 | BP27: 1003 | BQ27: 1004 | BR27: 1005 | BS27: 1006 | BT27: 1007 | BU27: 1008 | BY27: Argentina | BZ27: 46.217911 | CA27: 43.861066 | CB27: 43.3 | CC27: 30.7502 | CD27: 5.7004325 | CE27: 22.8 | CF27: 20.5 | CG27: 51 | CH27: 5.7004325 | CI27: 22.8
A28: BRAZIL SOYBEAN OIL SUPPLY AND DEMAND (1,000 Tonnes) | BY28: Paraguay | BZ28: 10.2508 | CA28: 9.414 | CB28: 4.183 | CF28: 9.8834325
A29: Beginning Stocks (February 1) | C29: 2 | D29: =C38 -> 4 | E29: =D38 -> 5 | F29: =E38 -> 5 | G29: =F38 -> 6 | H29: =G38 -> 8 | I29: =H38 -> 14 | J29: =I38 -> 25 | K29: =J38 -> 32 | ... BU29: =BT38 -> 507 | BZ29: =SUM(BZ26:BZ28) -> 181.31351 | CA29: =SUM(CA26:CA28) -> 192.66037 | CB29: =SUM(CB26:CB28) -> 173.0328 | CD29: =CD26-CE26 -> 17.099568 | CF29: =SUM(CF26:CF28) -> 178.10213 | CH29: =CH26-CI26 -> 17.099568
A30: Production | C30: =C213 -> 45 | D30: =D213 -> 62 | E30: =E213 -> 67 | F30: =F213 -> 76 | G30: =G213 -> 99 | H30: =H213 -> 166 | I30: =I213 -> 306 | J30: =J213 -> 383 | ... BU30: =BU213 -> 13447.725
A31: Imports | C31: =C261 -> 9 | D31: =D261 -> 11 | E31: =E261 -> 15 | F31: =F261 -> 9 | G31: =G261 -> 3 | H31: =H261 -> 5 | I31: =I261 -> 3 | J31: =J261 -> 1 | ... BH31: =BH261 -> 18.422 | BI31: =20-10+15 -> 25 | BJ31: 20 | BK31: 20 | BL31: 20 | BM31: 20 | BN31: 21 | BO31: 22 | BP31: 23 | BQ31: 24 | BR31: 25 | BS31: 26 | BT31: 27 | BU31: 28
A32: Total Supply | C32: =SUM(C29:C31) -> 56 | D32: =SUM(D29:D31) -> 77 | E32: =SUM(E29:E31) -> 87 | F32: =SUM(F29:F31) -> 90 | G32: =SUM(G29:G31) -> 108 | H32: =SUM(H29:H31) -> 179 | I32: =SUM(I29:I31) -> 323 | J32: =SUM(J29:J31) -> 409 | ... BU32: =SUM(BU29:BU31) -> 13982.725
A33: Domestic Use | C33: =C37-C36 -> 52 | D33: =D37-D36 -> 72 | E33: =E37-E36 -> 82 | F33: =F37-F36 -> 84 | G33: =G37-G36 -> 100 | H33: =H37-H36 -> 162 | I33: =I37-I36 -> 291 | J33: =J37-J36 -> 339 | ... BU33: =BU37-BU36 -> 9966.725
A34: Biodiesel Production | C34: =C309 -> 0 | D34: =D309 -> 0 | E34: =E309 -> 0 | F34: =F309 -> 0 | G34: =G309 -> 0 | H34: =H309 -> 0 | I34: =I309 -> 0 | J34: =J309 -> 0 | ... AP34: =AP309 -> 0 | AQ34: =AR309 -> 1.2981414 | AR34: =AS309 -> 60.810839 | AS34: =AT309 -> 328.75654 | AT34: =AU309 -> 814.65906 | AU34: =AV309 -> 1084.8443 | AV34: =AW309 -> 1843.6028 | AW34: =AX309 -> 1972.4451 | AX34: =AY309 -> 1887.8959 | ... BI34: =BJ309 -> 4910.4642 | BJ34: =BK309+800 -> 7594.0691 | BK34: =BL309+1300 -> 8037.3123 | BL34: =BM309+1400 -> 1980.4377 | BM34: =BN309 -> 8600.3318 | BN34: =BO309 -> 2135.549 | BO34: =BP309 -> 9142.6349 | BP34: =BQ309 -> 10588.015 | BQ34: =BR309 -> 11158.086 | BR34: =BS309 -> 11388.433 | BS34: =BT309 -> 11613.718 | BT34: =BU309 -> 1.2489111 | BU34: =#REF! -> #REF! | BZ34: 20/21 | CA34: 21/22 | CB34: 22/23 | CC34: BRZ | CD34: PY | CE34: ARG | CF34: 23/24 | CI34: 19/20 | CJ34: 20/21 | CK34: 21/22 | CL34: BRZ | CM34: PY | CN34: U.S | CO34: ARG | CP34: 22/23 | CQ34: BRZ | CR34: PY | CS34: U.S | CT34: ARG | CU34: 23/24
A35: Non-Biodiesel Usage | C35: =C33-C34 -> 52 | D35: =D33-D34 -> 72 | E35: =E33-E34 -> 82 | F35: =F33-F34 -> 84 | G35: =G33-G34 -> 100 | H35: =H33-H34 -> 162 | I35: =I33-I34 -> 291 | J35: =J33-J34 -> 339 | ... BU35: =BU33-BU34 -> #REF! | BY35: Brazil | BZ35: 3.7934476 | CA35: 3.4169068 | CB35: 4.2537904 | CC35: =CB39 -> 5.0806923 | CD35: =CC35+CC36 -> 4.9441627 | CE35: =CD35 -> 4.9441627 | CF35: =(BJ7/1000)/36.7437 -> 4.1172609 | CH35: Brazil | CI35: 124.8448 | CJ35: 139.3853 | CK35: 125.5498 | CL35: 282.08187 | CM35: =CL35+CL36 -> 312.83207 | CN35: =(CM35+CM36)-CN36 -> 311.2325 | CO35: =(CN35+CN36)-CO36 -> 295.7325 | CP35: 156.3 | CQ35: 295.7325 | CR35: 305.5325 | CS35: 305.65517 | CT35: 322.65683 | CU35: 166.1
A36: Exports | C36: =C277 -> 0 | D36: =D277 -> 0 | E36: =E277 -> 0 | F36: =F277 -> 0 | G36: =G277 -> 0 | H36: =H277 -> 3 | I36: =I277 -> 7 | J36: =J277 -> 38 | ... BH36: =BH277 -> 2646 | BI36: =3000-700 -> 2300 | BJ36: 3000 | BK36: 3000 | BL36: 3250 | BM36: 3500 | BN36: 3501 | BO36: 3502 | BP36: 3503 | BQ36: 3504 | BR36: 3505 | BS36: 3506 | BT36: 3507 | BU36: 3508 | BY36: Argentina | BZ36: 1.193703 | CA36: 1.1784333 | CB36: 0.55791877 | CC36: =CF35-CB35 -> -0.13652953 | CD36: =(CC36+CC37)/36.7437 -> -0.0038168517 | CE36: =CF36-CB36 -> 0.81922511 | CF36: =('[1]Argentina Soy Complex'!BJ9/1000)/36.7437 -> 1.3771439 | CH36: Argentina | CI36: 46.217911 | CJ36: 43.861066 | CK36: 43.3 | CL36: 30.7502 | CM36: =CP37-CK37 -> 5.7004325 | CN36: 7.3 | CO36: =CK36-CP36 -> 22.8 | CP36: 20.5 | CQ36: 9.8 | CR36: 0.12266319 | CS36: 17.001666 | CT36: 27 | CU36: 47.5
A37: Total Use | C37: =C32-C38 -> 52 | D37: =D32-D38 -> 72 | E37: =E32-E38 -> 82 | F37: =F32-F38 -> 84 | G37: =G32-G38 -> 100 | H37: =H32-H38 -> 165 | I37: =I32-I38 -> 298 | J37: =J32-J38 -> 377 | ... BU37: =BU32-BU38 -> 13474.725 | BY37: Paraguay | BZ37: 0.25620719 | CA37: 0.11384265 | CB37: 0.26898305 | CC37: =(CF35-CB35)/36.7437 -> -0.0037157262 | CD37: =(CF37-CB37)/36.7437 -> 0.00072525234 | CE37: =(CF36-CB36)/36.7437 -> 0.022295662 | CF37: =('[1]Paraguay Soy Complex'!BJ7/1000)/36.7437 -> 0.2956315 | CH37: Paraguay | CI37: 10.2508 | CJ37: 9.414 | CK37: 4.183 | CP37: 9.8834325 | CU37: 10.006096
A38: Ending Stocks (January 31) | C38: =C340 -> 4 | D38: =D340 -> 5 | E38: =E340 -> 5 | F38: =F340 -> 6 | G38: =G340 -> 8 | H38: =H340 -> 14 | I38: =I340 -> 25 | J38: =J340 -> 32 | ... BH38: =BH340 -> 403 | BI38: 500 | BJ38: 500 | BK38: 500 | BL38: 500 | BM38: 500 | BN38: 501 | BO38: 502 | BP38: 503 | BQ38: 504 | BR38: 505 | BS38: 506 | BT38: 507 | BU38: 508 | BY38: U.S. | CH38: U.S. | CI38: 114.78 | CJ38: 121.52783 | CK38: 116.37704 | CP38: 109.04907 | CU38: 126.05074
A39: Bold numbers are Jacobsen Estimates and Forecasts | BZ39: 5.2433578 | CA39: 4.7091828 | CB39: =SUM(CB35:CB37) -> 5.0806923 | CC39: 0 | CD39: 0 | CE39: 0 | CF39: =SUM(CF35:CF37) -> 5.7900363 | CI39: 302.84134 | CJ39: 309.0374 | CK39: 282.08187 | CP39: =SUM(CP35:CP38) -> 295.7325 | CU39: 349.65683
A41: SOYBEAN STOCKS END OF THE MONTH (1,000 Tonnes)
B42: 64/65 | C42: 65/66 | D42: 66/67 | E42: 67/68 | F42: 68/69 | G42: 69/70 | H42: 70/71 | I42: 71/72 | J42: 72/73 | K42: 73/74 | L42: 74/75 | M42: 75/76 | N42: 76/77 | O42: 77/78 | P42: 78/79 | Q42: 79/80 | R42: 80/81 | S42: 81/82 | T42: 82/83 | U42: 83/84 | V42: 84/85 | W42: 85/86 | X42: 86/87 | Y42: 87/88 | Z42: 88/89 | AA42: 89/90 | AB42: 90/91 | AC42: 91/92 | AD42: 92/93 | AE42: 93/94 | AF42: 94/95 | AG42: 95/96 | AH42: 96/97 | AI42: 97/98 | AJ42: 98/99 | AK42: 99/00 | AL42: 00/01 | AM42: 01/02 | AN42: 02/03 | AO42: 03/04 | AP42: 04/05 | AQ42: 05/06 | AR42: 06/07 | AS42: 07/08 | AT42: 08/09 | AU42: 09/10 | AV42: 10/11 | AW42: 11/12 | AX42: 12/13 | AY42: 13/14 | AZ42: 14/15 | BA42: 15/16 | BB42: 16/17 | BC42: 17/18 | BD42: 18/19 | BE42: 19/20 | BF42: 20/21 | BG42: 21/22 | BH42: 22/23 | BI42: 23/24 | BJ42: 24/25 | BK42: 25/26 | BL42: 26/27 | BM42: 27/28 | BN42: 28/29 | BO42: 29/30 | BP42: 30/31 | BQ42: 31/32 | BR42: 32/33 | BS42: 33/34 | BT42: 34/35 | BU42: 34/35 | BV42: =BV2 -> 0
A43: February | M43: =M$54/SUM($T$54:$X$54)*SUM($T43:$X43) -> 1018.3473 | N43: =N$54/SUM($T$54:$X$54)*SUM($T43:$X43) -> 2375.5614 | O43: =O$54/SUM($T$54:$X$54)*SUM($T43:$X43) -> 3154.6057 | P43: =P$54/SUM($T$54:$X$54)*SUM($T43:$X43) -> 1846.3003 | Q43: =Q$54/SUM($T$54:$X$54)*SUM($T43:$X43) -> 1612.2376 | R43: =R$54/SUM($T$54:$X$54)*SUM($T43:$X43) -> 1905.6893 | S43: =S$54/SUM($T$54:$X$54)*SUM($T43:$X43) -> 1811.3655 | T43: 449 | U43: 923 | V43: 958 | W43: 567 | X43: 448 | Y43: 418 | Z43: 286 | AA43: 304 | AB43: 559 | AC43: 378 | AD43: 286 | AE43: 534 | AF43: 466 | AG43: 617 | AH43: 823 | AI43: 1533 | AJ43: 798 | AK43: 1294.4786 | AL43: 888 | AM43: 680.3436 | AN43: 1170.0535 | AO43: 1621.102 | AP43: 2390.0801 | AQ43: 2515.1426 | AR43: 2678.8568 | AS43: 5771.0473 | AT43: 4893.5168 | AU43: 4826.8906 | AV43: 7472.7185 | AW43: 5491.0369 | AX43: 8025.5173 | AY43: =6461/0.81 -> 7976.5432 | AZ43: 8668.0897 | BA43: 6403.3764 | BB43: 9536.5686 | BC43: 12217.96 | BD43: 10983 | BE43: 17186 | BF43: 17808 | BG43: 11440 | BH43: 14881 | BI43: 16785 | BJ43: 15183 | BK43: 16838 | BL43: =BK54-((SUM(BF54:BJ54)-SUM(BG43:BK43))/5) -> 19600.616 | BM43: =BL54-((SUM(BG54:BK54)-SUM(BH43:BL43))/5) -> 21232.739 | BN43: =BM54-((SUM(BH54:BL54)-SUM(BI43:BM43))/5) -> 22503.087 | BO43: =BN54-((SUM(BI54:BM54)-SUM(BJ43:BN43))/5) -> 23646.704 | BP43: =BO54-((SUM(BJ54:BN54)-SUM(BK43:BO43))/5) -> 25339.445 | BQ43: =BP54-((SUM(BK54:BO54)-SUM(BL43:BP43))/5) -> 27039.734 | BR43: =BQ54-((SUM(BL54:BP54)-SUM(BM43:BQ43))/5) -> 28527.557 | BS43: =BR54-((SUM(BM54:BQ54)-SUM(BN43:BR43))/5) -> 29986.521 | ... BV43: =BU54-((SUM(BP54:BT54)-SUM(BQ43:BU43))/5) -> 34592.721
A44: March | M44: =M$54/SUM($T$54:$X$54)*SUM($T44:$X44) -> 2740.8611 | N44: =N$54/SUM($T$54:$X$54)*SUM($T44:$X44) -> 6393.7755 | O44: =O$54/SUM($T$54:$X$54)*SUM($T44:$X44) -> 8490.5577 | P44: =P$54/SUM($T$54:$X$54)*SUM($T44:$X44) -> 4969.2799 | Q44: =Q$54/SUM($T$54:$X$54)*SUM($T44:$X44) -> 4339.305 | R44: =R$54/SUM($T$54:$X$54)*SUM($T44:$X44) -> 5129.1243 | S44: =S$54/SUM($T$54:$X$54)*SUM($T44:$X44) -> 4875.2538 | T44: 1972 | U44: 2396 | V44: 2222 | W44: 1553 | X44: 860 | Y44: 1597 | Z44: 2097 | AA44: 1153 | AB44: 1832 | AC44: 1295 | AD44: 1238 | AE44: 2112 | AF44: 2325 | AG44: 3678 | AH44: 3336 | AI44: 4616 | AJ44: 3789 | AK44: 5121.2739 | AL44: 4354 | AM44: 5011.8577 | AN44: 6941.5056 | AO44: 7832.8602 | AP44: 10062.536 | AQ44: 9418.818 | AR44: 8902.4749 | AS44: 13994.265 | AT44: 12982.536 | AU44: 11034.163 | AV44: 13944.227 | AW44: 14582.888 | AX44: 15195.272 | AY44: =11473/0.81 -> 14164.198 | AZ44: 13424.958 | BA44: 14139.22 | BB44: 15912.349 | BC44: 18521.822 | BD44: 20658 | BE44: 23272 | BF44: 27730 | BG44: 26253 | BH44: 25059 | BI44: 29084 | BJ44: 21606 | BK44: 25784 | BL44: =BL43-((SUM(BG43:BK43)-SUM(BG44:BK44))/5) -> 30132.416 | BM44: =BM43-((SUM(BH43:BL43)-SUM(BH44:BL44))/5) -> 30908.299 | BN44: =BN43-((SUM(BI43:BM43)-SUM(BI44:BM44))/5) -> 32078.159 | BO44: =BO43-((SUM(BJ43:BN43)-SUM(BJ44:BN44))/5) -> 32676.99 | BP44: =BP43-((SUM(BK43:BO43)-SUM(BK44:BO44))/5) -> 34891.188 | BQ44: =BQ43-((SUM(BL43:BP43)-SUM(BL44:BP44))/5) -> 36712.626 | BR44: =BR43-((SUM(BM43:BQ43)-SUM(BM44:BQ44))/5) -> 38028.668 | BS44: =BS43-((SUM(BN43:BR43)-SUM(BN44:BR44))/5) -> 39452.742 | ... BV44: =BV43-((SUM(BQ43:BU43)-SUM(BQ44:BU44))/5) -> 44115.113
A45: April | M45: =M$54/SUM($T$54:$X$54)*SUM($T45:$X45) -> 5627.2439 | N45: =N$54/SUM($T$54:$X$54)*SUM($T45:$X45) -> 13127.018 | O45: =O$54/SUM($T$54:$X$54)*SUM($T45:$X45) -> 17431.908 | P45: =P$54/SUM($T$54:$X$54)*SUM($T45:$X45) -> 10202.396 | Q45: =Q$54/SUM($T$54:$X$54)*SUM($T45:$X45) -> 8908.9984 | R45: =R$54/SUM($T$54:$X$54)*SUM($T45:$X45) -> 10530.571 | S45: =S$54/SUM($T$54:$X$54)*SUM($T45:$X45) -> 10009.351 | T45: 3861 | U45: 3977 | V45: 3893 | W45: 3791 | X45: 2962 | Y45: 3543 | Z45: 4085 | AA45: 4106 | AB45: 3340 | AC45: 2611 | AD45: 3492 | AE45: 4201 | AF45: 5253 | AG45: 7269 | AH45: 6509 | AI45: 7334 | AJ45: 7504 | AK45: 8237.9468 | AL45: 8645 | AM45: 9437.0273 | AN45: 12484.485 | AO45: 14349.091 | AP45: 14857.569 | AQ45: 15387.763 | AR45: 13733.315 | AS45: 17504.896 | AT45: 18470.321 | AU45: 16257.919 | AV45: 15611.588 | AW45: 17946.556 | AX45: 18839.204 | AY45: =12900/0.81 -> 15925.926 | AZ45: 15101.428 | BA45: 17229.983 | BB45: 16346.401 | BC45: 18183.016 | BD45: 22628 | BE45: 23357 | BF45: 28767 | BG45: 27805 | BH45: 24415 | BI45: 29408 | BJ45: 26034 | BK45: 26828 | BL45: =BL44-((SUM(BG44:BK44)-SUM(BG45:BK45))/5) -> 31473.216 | BM45: =BM44-((SUM(BH44:BL44)-SUM(BH45:BL45))/5) -> 32206.859 | BN45: =BN44-((SUM(BI44:BM44)-SUM(BI45:BM45))/5) -> 33765.231 | BO45: =BO44-((SUM(BJ44:BN44)-SUM(BJ45:BN45))/5) -> 34636.677 | BP45: =BP44-((SUM(BK44:BO44)-SUM(BK45:BO45))/5) -> 36357.212 | BQ45: =BQ44-((SUM(BL44:BP44)-SUM(BL45:BP45))/5) -> 38263.054 | BR45: =BR44-((SUM(BM44:BQ44)-SUM(BM45:BQ45))/5) -> 39621.022 | BS45: =BS44-((SUM(BN44:BR44)-SUM(BN45:BR45))/5) -> 41103.855 | ... BV45: =BV44-((SUM(BQ44:BU44)-SUM(BQ45:BU45))/5) -> 45718.83
A46: May | M46: =M$54/SUM($T$54:$X$54)*SUM($T46:$X46) -> 6587.7478 | N46: =N$54/SUM($T$54:$X$54)*SUM($T46:$X46) -> 15367.645 | O46: =O$54/SUM($T$54:$X$54)*SUM($T46:$X46) -> 20407.328 | P46: =P$54/SUM($T$54:$X$54)*SUM($T46:$X46) -> 11943.824 | Q46: =Q$54/SUM($T$54:$X$54)*SUM($T46:$X46) -> 10429.659 | R46: =R$54/SUM($T$54:$X$54)*SUM($T46:$X46) -> 12328.015 | S46: =S$54/SUM($T$54:$X$54)*SUM($T46:$X46) -> 11717.829 | T46: 4468 | U46: 4475 | V46: 4329 | W46: 4462 | X46: 3905 | Y46: 4551 | Z46: 4829 | AA46: 4785 | AB46: 3815 | AC46: 2987 | AD46: 3958 | AE46: 4549 | AF46: 5313 | AG46: 7662 | AH46: 6943 | AI46: 7176 | AJ46: 7668 | AK46: 7731.0487 | AL46: 8445 | AM46: 9204.7709 | AN46: 11705.432 | AO46: 13397.79 | AP46: 14038.005 | AQ46: 15397.498 | AR46: 14178.253 | AS46: 16977.053 | AT46: 18395.587 | AU46: 16050.483 | AV46: 13838.46 | AW46: 16618.145 | AX46: 18026.187 | AY46: =11795/0.81 -> 14561.728 | AZ46: 14215.936 | BA46: 16138.188 | BB46: 15106.234 | BC46: 16176.269 | BD46: 19556 | BE46: 20889 | BF46: 26073 | BG46: 23730 | BH46: 22420 | BI46: 26422 | BJ46: 25251 | BK46: 25911 | BL46: =BL45-((SUM(BG45:BK45)-SUM(BG46:BK46))/5) -> 29322.016 | BM46: =BM45-((SUM(BH45:BL45)-SUM(BH46:BL46))/5) -> 30440.419 | BN46: =BN45-((SUM(BI45:BM45)-SUM(BI46:BM46))/5) -> 32044.503 | BO46: =BO45-((SUM(BJ45:BN45)-SUM(BJ46:BN46))/5) -> 33169.003 | BP46: =BP45-((SUM(BK45:BO45)-SUM(BK46:BO46))/5) -> 34752.604 | BQ46: =BQ45-((SUM(BL45:BP45)-SUM(BL46:BP46))/5) -> 36520.924 | BR46: =BR45-((SUM(BM45:BQ45)-SUM(BM46:BQ46))/5) -> 37960.706 | BS46: =BS45-((SUM(BN45:BR45)-SUM(BN46:BR46))/5) -> 39464.764 | ... BV46: =BV45-((SUM(BQ45:BU45)-SUM(BQ46:BU46))/5) -> 44055.213
A47: June | M47: =M$54/SUM($T$54:$X$54)*SUM($T47:$X47) -> 6096.6883 | N47: =N$54/SUM($T$54:$X$54)*SUM($T47:$X47) -> 14222.12 | O47: =O$54/SUM($T$54:$X$54)*SUM($T47:$X47) -> 18886.139 | P47: =P$54/SUM($T$54:$X$54)*SUM($T47:$X47) -> 11053.515 | Q47: =Q$54/SUM($T$54:$X$54)*SUM($T47:$X47) -> 9652.2183 | R47: =R$54/SUM($T$54:$X$54)*SUM($T47:$X47) -> 11409.068 | S47: =S$54/SUM($T$54:$X$54)*SUM($T47:$X47) -> 10844.367 | T47: 4215 | U47: 4282 | V47: 3909 | W47: 3923 | X47: 3697 | Y47: 4260 | Z47: 4708 | AA47: 4176 | AB47: 3693 | AC47: 2886 | AD47: 3497 | AE47: 4110 | AF47: 4668 | AG47: 6728 | AH47: 6203 | AI47: 5722 | AJ47: 6938 | AK47: 6656.4833 | AL47: 6865 | AM47: 8127.5362 | AN47: 10080.939 | AO47: 11154.481 | AP47: 11712.855 | AQ47: 13183.172 | AR47: 12381.736 | AS47: 14811.715 | AT47: 16548.049 | AU47: 13264.134 | AV47: 12510.287 | AW47: 14518.095 | AX47: 16235.388 | AY47: =9887/0.81 -> 12206.173 | AZ47: 11648.698 | BA47: 13994.832 | BB47: 12946.785 | BC47: 13390.937 | BD47: 16715 | BE47: 17909 | BF47: 22220 | BG47: 19707 | BH47: 18736 | BI47: 22377 | BJ47: 21795 | BK47: 23291 | BL47: =BL46-((SUM(BG46:BK46)-SUM(BG47:BK47))/5) -> 25756.416 | BM47: =BM46-((SUM(BH46:BL46)-SUM(BH47:BL47))/5) -> 26966.299 | BN47: =BN46-((SUM(BI46:BM46)-SUM(BI47:BM47))/5) -> 28612.359 | BO47: =BO46-((SUM(BJ46:BN46)-SUM(BJ47:BN47))/5) -> 29859.43 | BP47: =BP46-((SUM(BK46:BO46)-SUM(BK47:BO47))/5) -> 31472.316 | BQ47: =BQ46-((SUM(BL46:BP46)-SUM(BL47:BP47))/5) -> 33108.58 | BR47: =BR46-((SUM(BM46:BQ46)-SUM(BM47:BQ47))/5) -> 34579.012 | BS47: =BS46-((SUM(BN46:BR46)-SUM(BN47:BR47))/5) -> 36101.555 | ... BV47: =BV46-((SUM(BQ46:BU46)-SUM(BQ47:BU47))/5) -> 40682.401
A48: July | M48: =M$54/SUM($T$54:$X$54)*SUM($T48:$X48) -> 5097.2162 | N48: =N$54/SUM($T$54:$X$54)*SUM($T48:$X48) -> 11890.59 | O48: =O$54/SUM($T$54:$X$54)*SUM($T48:$X48) -> 15790.004 | P48: =P$54/SUM($T$54:$X$54)*SUM($T48:$X48) -> 9241.4366 | Q48: =Q$54/SUM($T$54:$X$54)*SUM($T48:$X48) -> 8069.8637 | R48: =R$54/SUM($T$54:$X$54)*SUM($T48:$X48) -> 9538.7013 | S48: =S$54/SUM($T$54:$X$54)*SUM($T48:$X48) -> 9066.5749 | T48: 3845 | U48: 3696 | V48: 3269 | W48: 2935 | X48: 2998 | Y48: 3287 | Z48: 4051 | AA48: 3832 | AB48: 3261 | AC48: 2660 | AD48: 2827 | AE48: 3512 | AF48: 3819 | AG48: 5612 | AH48: 5260 | AI48: 4119 | AJ48: 5878 | AK48: 5429.4888 | AL48: 4991 | AM48: 6642.5391 | AN48: 8517.73 | AO48: 8447.6096 | AP48: 9098.5117 | AQ48: 10969.927 | AR48: 10281.705 | AS48: 12670.535 | AT48: 13304.131 | AU48: 10618.235 | AV48: 10747.705 | AW48: 12208.703 | AX48: 13195.721 | AY48: =7635/0.81 -> 9425.9259 | AZ48: 8819.5847 | BA48: 11551.978 | BB48: 9746.1353 | BC48: 10889.407 | BD48: 14452 | BE48: 15238 | BF48: 18252 | BG48: 14716 | BH48: 15045 | BI48: 18397 | BJ48: 18889 | BK48: 19184 | BL48: =BL47-((SUM(BG47:BK47)-SUM(BG48:BK48))/5) -> 21821.416 | BM48: =BM47-((SUM(BH47:BL47)-SUM(BH48:BL48))/5) -> 23242.499 | BN48: =BN47-((SUM(BI47:BM47)-SUM(BI48:BM48))/5) -> 24881.999 | BO48: =BO47-((SUM(BJ47:BN47)-SUM(BJ48:BN48))/5) -> 26178.998 | BP48: =BP47-((SUM(BK47:BO47)-SUM(BK48:BO48))/5) -> 27636.998 | BQ48: =BQ47-((SUM(BL47:BP47)-SUM(BL48:BP48))/5) -> 29327.597 | BR48: =BR47-((SUM(BM47:BQ47)-SUM(BM48:BQ48))/5) -> 30828.834 | BS48: =BS47-((SUM(BN47:BR47)-SUM(BN48:BR48))/5) -> 32346.101 | ... BV48: =BV47-((SUM(BQ47:BU47)-SUM(BQ48:BU48))/5) -> 36917.687
A49: August | M49: =M$54/SUM($T$54:$X$54)*SUM($T49:$X49) -> 4177.8115 | N49: =N$54/SUM($T$54:$X$54)*SUM($T49:$X49) -> 9745.8381 | O49: =O$54/SUM($T$54:$X$54)*SUM($T49:$X49) -> 12941.9 | P49: =P$54/SUM($T$54:$X$54)*SUM($T49:$X49) -> 7574.5227 | Q49: =Q$54/SUM($T$54:$X$54)*SUM($T49:$X49) -> 6614.271 | R49: =R$54/SUM($T$54:$X$54)*SUM($T49:$X49) -> 7818.1687 | S49: =S$54/SUM($T$54:$X$54)*SUM($T49:$X49) -> 7431.2016 | T49: 3381 | U49: 3316 | V49: 2415 | W49: 2335 | X49: 2276 | Y49: 2280 | Z49: 3273 | AA49: 3480 | AB49: 3019 | AC49: 2386 | AD49: 2072 | AE49: 2943 | AF49: 3117 | AG49: 4703 | AH49: 4309 | AI49: 2922 | AJ49: 4702 | AK49: 4266.1136 | AL49: 3829 | AM49: 4841.8795 | AN49: 6522.4052 | AO49: 5971.6118 | AP49: 6451.6891 | AQ49: 8711.9649 | AR49: 8975.3301 | AS49: 10572.533 | AT49: 10747.824 | AU49: 7805.5434 | AV49: 8341.5783 | AW49: 10495.445 | AX49: 10418.217 | AY49: =5971/0.81 -> 7371.6049 | AZ49: 7041.7299 | BA49: 9149.5655 | BB49: 7608.6932 | BC49: 8202.2477 | BD49: 12335 | BE49: 13306 | BF49: 15112 | BG49: 12046 | BH49: 12020 | BI49: 15849 | BJ49: 15228 | BK49: =16838.6512345212/0.9002 -> 18705.456 | BL49: =BL48-((SUM(BG48:BK48)-SUM(BG49:BK49))/5) -> 19344.907 | BM49: =BM48-((SUM(BH48:BL48)-SUM(BH49:BL49))/5) -> 20804.688 | BN49: =BN48-((SUM(BI48:BM48)-SUM(BI49:BM49))/5) -> 22561.626 | BO49: =BO48-((SUM(BJ48:BN48)-SUM(BJ49:BN49))/5) -> 23904.151 | BP49: =BP48-((SUM(BK48:BO48)-SUM(BK49:BO49))/5) -> 25639.381 | BQ49: =BQ48-((SUM(BL48:BP48)-SUM(BL49:BP49))/5) -> 27026.166 | BR49: =BR48-((SUM(BM48:BQ48)-SUM(BM49:BQ49))/5) -> 28562.418 | BS49: =BS48-((SUM(BN48:BR48)-SUM(BN49:BR49))/5) -> 30113.964 | ... BV49: =BV48-((SUM(BQ48:BU48)-SUM(BQ49:BU49))/5) -> 34674.309
A50: September | M50: =M$54/SUM($T$54:$X$54)*SUM($T50:$X50) -> 3013.3337 | N50: =N$54/SUM($T$54:$X$54)*SUM($T50:$X50) -> 7029.389 | O50: =O$54/SUM($T$54:$X$54)*SUM($T50:$X50) -> 9334.6151 | P50: =P$54/SUM($T$54:$X$54)*SUM($T50:$X50) -> 5463.2825 | Q50: =Q$54/SUM($T$54:$X$54)*SUM($T50:$X50) -> 4770.6809 | R50: =R$54/SUM($T$54:$X$54)*SUM($T50:$X50) -> 5639.0172 | S50: =S$54/SUM($T$54:$X$54)*SUM($T50:$X50) -> 5359.9091 | T50: 2662 | U50: 2426 | V50: 1555 | W50: 1692 | X50: 1563 | Y50: 1444 | Z50: 2438 | AA50: 2647 | AB50: 2517 | AC50: 2021 | AD50: 1533 | AE50: 2329 | AF50: 2222 | AG50: 3894 | AH50: 3322 | AI50: 2049 | AJ50: 3570 | AK50: 3345.595 | AL50: 2972 | AM50: 3672.9955 | AN50: 4797.3852 | AO50: 4305.7975 | AP50: 4426.7705 | AQ50: 6615.8572 | AR50: 7303.4998 | AS50: 8635.1157 | AT50: 8318.148 | AU50: 5846.8029 | AV50: 6338.2637 | AW50: 8941.3728 | AX50: 7694.2901 | AY50: =4965/0.81 -> 6129.6296 | AZ50: 5625.4266 | BA50: 7415.7102 | BB50: 6190.7194 | BC50: 7373.3833 | BD50: 10878 | BE50: 11300 | BF50: 11409 | BG50: 9659 | BH50: 9564 | BI50: 13451 | BJ50: 12806 | BK50: =14389.6201099531/0.902 -> 15953.016 | BL50: =BL49-((SUM(BG49:BK49)-SUM(BG50:BK50))/5) -> 16861.819 | BM50: =BM49-((SUM(BH49:BL49)-SUM(BH50:BL50))/5) -> 18302.383 | BN50: =BN49-((SUM(BI49:BM49)-SUM(BI50:BM50))/5) -> 20050.059 | BO50: =BO49-((SUM(BJ49:BN49)-SUM(BJ50:BN50))/5) -> 21369.871 | BP50: =BP49-((SUM(BK49:BO49)-SUM(BK50:BO50))/5) -> 23082.645 | BQ50: =BQ49-((SUM(BL49:BP49)-SUM(BL50:BP50))/5) -> 24508.571 | BR50: =BR49-((SUM(BM49:BQ49)-SUM(BM50:BQ50))/5) -> 26037.921 | BS50: =BS49-((SUM(BN49:BR49)-SUM(BN50:BR50))/5) -> 27585.029 | ... BV50: =BV49-((SUM(BQ49:BU49)-SUM(BQ50:BU50))/5) -> 32147.215
A51: October | M51: =M$54/SUM($T$54:$X$54)*SUM($T51:$X51) -> 1996.8131 | N51: =N$54/SUM($T$54:$X$54)*SUM($T51:$X51) -> 4658.0888 | O51: =O$54/SUM($T$54:$X$54)*SUM($T51:$X51) -> 6185.6679 | P51: =P$54/SUM($T$54:$X$54)*SUM($T51:$X51) -> 3620.294 | Q51: =Q$54/SUM($T$54:$X$54)*SUM($T51:$X51) -> 3161.3352 | R51: =R$54/SUM($T$54:$X$54)*SUM($T51:$X51) -> 3736.7462 | S51: =S$54/SUM($T$54:$X$54)*SUM($T51:$X51) -> 3551.7927 | T51: 2067 | U51: 1448 | V51: 940 | W51: 1143 | X51: 961 | Y51: 846 | Z51: 1656 | AA51: 2009 | AB51: 1783 | AC51: 1561 | AD51: 1169 | AE51: 1698 | AF51: 1400 | AG51: 3038 | AH51: 2312 | AI51: 1329 | AJ51: 2596 | AK51: 2553.1239 | AL51: 2181 | AM51: 2424.8228 | AN51: 3298.4912 | AO51: 3030.821 | AP51: 3218.5904 | AQ51: 4781.9725 | AR51: 5418.4694 | AS51: 6576.4674 | AT51: 6261.6915 | AU51: 3892.6962 | AV51: 4867.5747 | AW51: 7134.0023 | AX51: 5570.7312 | AY51: =3794/0.81 -> 4683.9506 | AZ51: 4794.7247 | BA51: 5927.022 | BB51: 4931.3714 | BC51: 6058.4185 | BD51: 9263 | BE51: 8905 | BF51: 7595 | BG51: 7732 | BH51: 6996 | BI51: 10618 | BJ51: 9735 | BK51: =BK50-((SUM(BF50:BJ50)-SUM(BF51:BJ51))/5) -> 13110.416 | BL51: =BL50-((SUM(BG50:BK50)-SUM(BG51:BK51))/5) -> 14213.499 | BM51: =BM50-((SUM(BH50:BL50)-SUM(BH51:BL51))/5) -> 15509.799 | BN51: =BN50-((SUM(BI50:BM50)-SUM(BI51:BM51))/5) -> 17212.558 | BO51: =BO50-((SUM(BJ50:BN50)-SUM(BJ51:BN51))/5) -> 18531.47 | BP51: =BP50-((SUM(BK50:BO50)-SUM(BK51:BO51))/5) -> 20290.764 | BQ51: =BQ50-((SUM(BL50:BP50)-SUM(BL51:BP51))/5) -> 21726.833 | BR51: =BR50-((SUM(BM50:BQ50)-SUM(BM51:BQ51))/5) -> 23229.5 | ... BV51: =BV50-((SUM(BQ50:BU50)-SUM(BQ51:BU51))/5) -> 29345.583
A52: November | M52: =M$54/SUM($T$54:$X$54)*SUM($T52:$X52) -> 1264.0292 | N52: =N$54/SUM($T$54:$X$54)*SUM($T52:$X52) -> 2948.6789 | O52: =O$54/SUM($T$54:$X$54)*SUM($T52:$X52) -> 3915.6721 | P52: =P$54/SUM($T$54:$X$54)*SUM($T52:$X52) -> 2291.7305 | Q52: =Q$54/SUM($T$54:$X$54)*SUM($T52:$X52) -> 2001.199 | R52: =R$54/SUM($T$54:$X$54)*SUM($T52:$X52) -> 2365.4475 | S52: =S$54/SUM($T$54:$X$54)*SUM($T52:$X52) -> 2248.3676 | T52: 1318 | U52: 804 | V52: 605 | W52: 755 | X52: 670 | Y52: 438 | Z52: 952 | AA52: 1464 | AB52: 1286 | AC52: 1143 | AD52: 857 | AE52: 1207 | AF52: 872 | AG52: 1978 | AH52: 1359 | AI52: 905 | AJ52: 1687 | AK52: 1479.2239 | AL52: 1612 | AM52: 1397.5375 | AN52: 1931.4612 | AO52: 2185.9016 | AP52: 2215.3929 | AQ52: 3062.8306 | AR52: 4172.2376 | AS52: 4721.6046 | AT52: 4298.4837 | AU52: 2300.3266 | AV52: 3485.1474 | AW52: 5006.8378 | AX52: 3451.5655 | AY52: =2570/0.81 -> 3172.8395 | AZ52: 3244.7462 | BA52: 3968.7568 | BB52: 4006.7409 | BC52: 5086.983 | BD52: 6300 | BE52: 6165 | BF52: 4968 | BG52: 5990 | BH52: 5193 | BI52: 8644 | BJ52: 7002 | BK52: =BK51-((SUM(BF51:BJ51)-SUM(BF52:BJ52))/5) -> 10934.616 | BL52: =BL51-((SUM(BG51:BK51)-SUM(BG52:BK52))/5) -> 12127.939 | BM52: =BM51-((SUM(BH51:BL51)-SUM(BH52:BL52))/5) -> 13355.527 | BN52: =BN51-((SUM(BI51:BM51)-SUM(BI52:BM52))/5) -> 14988.032 | BO52: =BO51-((SUM(BJ51:BN51)-SUM(BJ52:BN52))/5) -> 16256.838 | BP52: =BP51-((SUM(BK51:BO51)-SUM(BK52:BO52))/5) -> 18107.806 | BQ52: =BQ51-((SUM(BL51:BP51)-SUM(BL52:BP52))/5) -> 19542.444 | BR52: =BR51-((SUM(BM51:BQ51)-SUM(BM52:BQ52))/5) -> 21025.345 | ... BV52: =BV51-((SUM(BQ51:BU51)-SUM(BQ52:BU52))/5) -> 27142.73
A53: December | M53: =M$54/SUM($T$54:$X$54)*SUM($T53:$X53) -> 823.50653 | N53: =N$54/SUM($T$54:$X$54)*SUM($T53:$X53) -> 1921.0444 | O53: =O$54/SUM($T$54:$X$54)*SUM($T53:$X53) -> 2551.0339 | P53: =P$54/SUM($T$54:$X$54)*SUM($T53:$X53) -> 1493.047 | Q53: =Q$54/SUM($T$54:$X$54)*SUM($T53:$X53) -> 1303.7676 | R53: =R$54/SUM($T$54:$X$54)*SUM($T53:$X53) -> 1541.0731 | S53: =S$54/SUM($T$54:$X$54)*SUM($T53:$X53) -> 1464.7963 | T53: 796 | U53: 444 | V53: 447 | W53: 447 | X53: 571 | Y53: 332 | Z53: 564 | AA53: 1012 | AB53: 833 | AC53: 700 | AD53: 688 | AE53: 796 | AF53: 685 | AG53: 1128 | AH53: 760 | AI53: 656 | AJ53: 877 | AK53: 660.08465 | AL53: 969 | AM53: 572.74134 | AN53: 770.47594 | AO53: 1429.8185 | AP53: 1315.9512 | AQ53: 1355.7002 | AR53: 2797.9321 | AS53: 5706 | AT53: 6215 | AU53: 2011 | AV53: 3670 | AW53: 5852 | AX53: 1790 | AY53: 1682 | AZ53: 2393 | BA53: 1831 | BB53: 2207.9119 | BC53: 3093.2658 | BD53: 2544 | BE53: 3268 | BF53: 2350 | BG53: 3315 | BH53: 3223 | BI53: 5651 | BJ53: 3940 | BK53: =BK52-((SUM(BF52:BJ52)-SUM(BF53:BJ53))/5) -> 8271.0156 | BL53: =BL52-((SUM(BG52:BK52)-SUM(BG53:BK53))/5) -> 9455.2188 | BM53: =BM52-((SUM(BH52:BL52)-SUM(BH53:BL53))/5) -> 10683.263 | BN53: =BN52-((SUM(BI52:BM52)-SUM(BI53:BM53))/5) -> 12175.315 | BO53: =BO52-((SUM(BJ52:BN52)-SUM(BJ53:BN53))/5) -> 13480.178 | BP53: =BP52-((SUM(BK52:BO52)-SUM(BK53:BO53))/5) -> 15388.214 | BQ53: =BQ52-((SUM(BL52:BP52)-SUM(BL53:BP53))/5) -> 16811.653 | BR53: =BR52-((SUM(BM52:BQ52)-SUM(BM53:BQ53))/5) -> 18282.94 | ... BV53: =BV52-((SUM(BQ52:BU52)-SUM(BQ53:BU53))/5) -> 24399.993
A54: January | M54: 583 | N54: 1360 | O54: 1806 | P54: 1057 | Q54: 923 | R54: 1091 | S54: 1037 | T54: 549 | U54: 204 | V54: 279 | W54: 473 | X54: 410 | Y54: 195 | Z54: 304 | AA54: 609 | AB54: 392 | AC54: 371 | AD54: 397 | AE54: 443 | AF54: 342 | AG54: 557 | AH54: 361 | AI54: 313 | AJ54: 624 | AK54: 459.153 | AL54: 429 | AM54: 340.87657 | AN54: 294.02345 | AO54: 1124.1016 | AP54: 778.97429 | AQ54: 1219.7365 | AR54: 2288.9167 | AS54: 2027.0612 | AT54: 1991.342 | AU54: 1769.2457 | AV54: 1297.8811 | AW54: 2705.5584 | AX54: 1891.8253 | AY54: 2208 | AZ54: 2077.7433 | BA54: 1946.1734 | BB54: 3796.5112 | BC54: 4115 | BD54: 6969 | BE54: 5646 | BF54: 1806 | BG54: 5004 | BH54: 5329 | BI54: 7084 | BJ54: 5671 | BK54: =BK53-((SUM(BF53:BJ53)-SUM(BF54:BJ54))/5) -> 9554.0156 | BL54: =BL53-((SUM(BG53:BK53)-SUM(BG54:BK54))/5) -> 11103.619 | BM54: =BM53-((SUM(BH53:BL53)-SUM(BH54:BL54))/5) -> 12323.543 | BN54: =BN53-((SUM(BI53:BM53)-SUM(BI54:BM54))/5) -> 13722.451 | BO54: =BO53-((SUM(BJ53:BN53)-SUM(BJ54:BN54))/5) -> 15050.141 | BP54: =BP53-((SUM(BK53:BO53)-SUM(BK54:BO54))/5) -> 16925.969 | BQ54: =BQ53-((SUM(BL53:BP53)-SUM(BL54:BP54))/5) -> 18400.36 | BR54: =BR53-((SUM(BM53:BQ53)-SUM(BM54:BQ54))/5) -> 19859.709 | ... BV54: =BV53-((SUM(BQ53:BU53)-SUM(BQ54:BU54))/5) -> 25972.782
A56: SOYBEAN IMPORTS (1,000 Tonnes)
B57: 64/65 | C57: 65/66 | D57: 66/67 | E57: 67/68 | F57: 68/69 | G57: 69/70 | H57: 70/71 | I57: 71/72 | J57: 72/73 | K57: 73/74 | L57: 74/75 | M57: 75/76 | N57: 76/77 | O57: 77/78 | P57: 78/79 | Q57: 79/80 | R57: 80/81 | S57: 81/82 | T57: 82/83 | U57: 83/84 | V57: 84/85 | W57: 85/86 | X57: 86/87 | Y57: 87/88 | Z57: 88/89 | AA57: 89/90 | AB57: 90/91 | AC57: 91/92 | AD57: 92/93 | AE57: 93/94 | AF57: 94/95 | AG57: 95/96 | AH57: 96/97 | AI57: 97/98 | AJ57: 98/99 | AK57: 99/00 | AL57: 00/01 | AM57: 01/02 | AN57: 02/03 | AO57: 03/04 | AP57: 04/05 | AQ57: 05/06 | AR57: 06/07 | AS57: 07/08 | AT57: 08/09 | AU57: 09/10 | AV57: 10/11 | AW57: 11/12 | AX57: 12/13 | AY57: 13/14 | AZ57: 14/15 | BA57: 15/16 | BB57: 16/17 | BC57: 17/18 | BD57: 18/19 | BE57: 19/20 | BF57: 20/21 | BG57: 21/22 | BH57: 22/23 | BI57: 23/24 | BJ57: 24/25 | BK57: 25/26 | BL57: 26/27 | BM57: 27/28 | BN57: 28/29 | BO57: 29/30 | BP57: 30/31 | BQ57: 31/32 | BR57: 32/33 | BS57: 33/34 | BT57: 34/35 | BU57: 34/35 | BV57: =BV2 -> 0
A58: February | C58: =(SUM($AG58:$AP58)/SUM($AG$70:$AP$70))*C$70 -> 0 | D58: =(SUM($AG58:$AP58)/SUM($AG$70:$AP$70))*D$70 -> 0 | E58: =(SUM($AG58:$AP58)/SUM($AG$70:$AP$70))*E$70 -> 0 | F58: =(SUM($AG58:$AP58)/SUM($AG$70:$AP$70))*F$70 -> 0 | G58: =(SUM($AG58:$AP58)/SUM($AG$70:$AP$70))*G$70 -> 0 | H58: =(SUM($AG58:$AP58)/SUM($AG$70:$AP$70))*H$70 -> 0.080730248 | I58: =(SUM($AG58:$AP58)/SUM($AG$70:$AP$70))*I$70 -> 0.40365124 | J58: =(SUM($AG58:$AP58)/SUM($AG$70:$AP$70))*J$70 -> 0.40365124 | ... Z58: =(SUM($AG58:$AP58)/SUM($AG$70:$AP$70))*Z$70 -> 5.0860056 | AA58: 62.999253 | AB58: 0 | AC58: 0 | AD58: 18.236 | AE58: 0 | AF58: ='[2]Brazil Soybean Imports'!AJ$290 -> 4e-05 | AG58: ='[2]Brazil Soybean Imports'!AV$290 -> 140.05349 | AH58: ='[2]Brazil Soybean Imports'!BH$290 -> 74.6973 | AI58: ='[2]Brazil Soybean Imports'!BT$290 -> 48.212109 | AJ58: ='[2]Brazil Soybean Imports'!CF$290 -> 31.307495 | AK58: ='[2]Brazil Soybean Imports'!CR$290 -> 11.66156 | AL58: ='[2]Brazil Soybean Imports'!DD$290 -> 26.900235 | AM58: ='[2]Brazil Soybean Imports'!DP$290 -> 64.08 | AN58: ='[2]Brazil Soybean Imports'!EB$290 -> 132.42089 | AO58: ='[2]Brazil Soybean Imports'!EN$290 -> 118.24593 | AP58: ='[2]Brazil Soybean Imports'!EZ$290 -> 83.89728 | AQ58: ='[2]Brazil Soybean Imports'!FL$290 -> 53.04282 | AR58: ='[2]Brazil Soybean Imports'!FX$290 -> 6.5 | AS58: ='[2]Brazil Soybean Imports'!GJ$290 -> 0 | AT58: ='[2]Brazil Soybean Imports'!GV$290 -> 8.758 | AU58: ='[2]Brazil Soybean Imports'!HH$290 -> 5.663 | AV58: ='[2]Brazil Soybean Imports'!HT$290 -> 10.343 | AW58: ='[2]Brazil Soybean Imports'!IF$290 -> 0.548 | AX58: ='[2]Brazil Soybean Imports'!IR$290 -> 3.754 | AY58: ='[2]Brazil Soybean Imports'!JD$290 -> 73.556 | AZ58: ='[2]Brazil Soybean Imports'!JP$290 -> 12.41 | BA58: ='[2]Brazil Soybean Imports'!KB$290 -> 8.626 | BB58: ='[2]Brazil Soybean Imports'!KN$290 -> 9.26 | BC58: ='[2]Brazil Soybean Imports'!KZ$290 -> 0.972 | BD58: ='[2]Brazil Soybean Imports'!LL$290 -> 0.623773 | BE58: ='[2]Brazil Soybean Imports'!LX$290 -> 4.92476 | BF58: 59 | BG58: 51 | BH58: 44 | BI58: 57 | BJ58: 36 | BK58: 28 | BL58: =(SUM(BF58:BJ58)/SUM(BF$70:BJ$70))*BL$70 -> 66.693139 | BM58: =(SUM(BG58:BK58)/SUM(BG$70:BK$70))*BM$70 -> 58.978477 | BN58: =(SUM(BH58:BL58)/SUM(BH$70:BL$70))*BN$70 -> 62.086749 | BO58: =(SUM(BI58:BM58)/SUM(BI$70:BM$70))*BO$70 -> 58.16113 | BP58: =(SUM(BJ58:BN58)/SUM(BJ$70:BN$70))*BP$70 -> 51.465755 | BQ58: =(SUM(BK58:BO58)/SUM(BK$70:BO$70))*BQ$70 -> 54.783899 | BR58: =(SUM(BL58:BP58)/SUM(BL$70:BP$70))*BR$70 -> 59.47705 | BS58: =(SUM(BM58:BQ58)/SUM(BM$70:BQ$70))*BS$70 -> 57.095202 | ... BV58: =(SUM(BP58:BT58)/SUM(BP$70:BT$70))*BV$70 -> 0
A59: March | C59: =(SUM($AG59:$AP59)/SUM($AG$70:$AP$70))*C$70 -> 0 | D59: =(SUM($AG59:$AP59)/SUM($AG$70:$AP$70))*D$70 -> 0 | E59: =(SUM($AG59:$AP59)/SUM($AG$70:$AP$70))*E$70 -> 0 | F59: =(SUM($AG59:$AP59)/SUM($AG$70:$AP$70))*F$70 -> 0 | G59: =(SUM($AG59:$AP59)/SUM($AG$70:$AP$70))*G$70 -> 0 | H59: =(SUM($AG59:$AP59)/SUM($AG$70:$AP$70))*H$70 -> 0.059624811 | I59: =(SUM($AG59:$AP59)/SUM($AG$70:$AP$70))*I$70 -> 0.29812406 | J59: =(SUM($AG59:$AP59)/SUM($AG$70:$AP$70))*J$70 -> 0.29812406 | ... Z59: =(SUM($AG59:$AP59)/SUM($AG$70:$AP$70))*Z$70 -> 3.7563631 | AA59: 0 | AB59: 0 | AC59: 0 | AD59: 0 | AE59: 0 | AF59: ='[2]Brazil Soybean Imports'!AK$290 -> 0.0278 | AG59: ='[2]Brazil Soybean Imports'!AW$290 -> 126.70565 | AH59: ='[2]Brazil Soybean Imports'!BI$290 -> 16.068662 | AI59: ='[2]Brazil Soybean Imports'!BU$290 -> 29.578 | AJ59: ='[2]Brazil Soybean Imports'!CG$290 -> 74.264826 | AK59: ='[2]Brazil Soybean Imports'!CS$290 -> 14.21 | AL59: ='[2]Brazil Soybean Imports'!DE$290 -> 17.9 | AM59: ='[2]Brazil Soybean Imports'!DQ$290 -> 75.001021 | AN59: ='[2]Brazil Soybean Imports'!EC$290 -> 102.48444 | AO59: ='[2]Brazil Soybean Imports'!EO$290 -> 55.30732 | AP59: ='[2]Brazil Soybean Imports'!FA$290 -> 28.72536 | AQ59: ='[2]Brazil Soybean Imports'!FM$290 -> 35.73137 | AR59: ='[2]Brazil Soybean Imports'!FY$290 -> 10 | AS59: ='[2]Brazil Soybean Imports'!GK$290 -> 6.5 | AT59: ='[2]Brazil Soybean Imports'!GW$290 -> 19.538 | AU59: ='[2]Brazil Soybean Imports'!HI$290 -> 0.1 | AV59: ='[2]Brazil Soybean Imports'!HU$290 -> 14.867 | AW59: ='[2]Brazil Soybean Imports'!IG$290 -> 3.15 | AX59: ='[2]Brazil Soybean Imports'!IS$290 -> 4.027 | AY59: ='[2]Brazil Soybean Imports'!JE$290 -> 43.206 | AZ59: ='[2]Brazil Soybean Imports'!JQ$290 -> 12.5 | BA59: ='[2]Brazil Soybean Imports'!KC$290 -> 1.353 | BB59: ='[2]Brazil Soybean Imports'!KO$290 -> 2.983 | BC59: ='[2]Brazil Soybean Imports'!LA$290 -> 0 | BD59: ='[2]Brazil Soybean Imports'!LM$290 -> 2.400006 | BE59: 9 | BF59: 28 | BG59: 79 | BH59: 100 | BI59: 21 | BJ59: 42 | BK59: 19 | BL59: =(SUM(BF59:BJ59)/SUM(BF$70:BJ$70))*BL$70 -> 72.903431 | BM59: =(SUM(BG59:BK59)/SUM(BG$70:BK$70))*BM$70 -> 71.26566 | BN59: =(SUM(BH59:BL59)/SUM(BH$70:BL$70))*BN$70 -> 68.306405 | BO59: =(SUM(BI59:BM59)/SUM(BI$70:BM$70))*BO$70 -> 53.32697 | BP59: =(SUM(BJ59:BN59)/SUM(BJ$70:BN$70))*BP$70 -> 55.905284 | BQ59: =(SUM(BK59:BO59)/SUM(BK$70:BO$70))*BQ$70 -> 56.960493 | BR59: =(SUM(BL59:BP59)/SUM(BL$70:BP$70))*BR$70 -> 64.34155 | BS59: =(SUM(BM59:BQ59)/SUM(BM$70:BQ$70))*BS$70 -> 61.152962 | ... BV59: =(SUM(BP59:BT59)/SUM(BP$70:BT$70))*BV$70 -> 0
A60: April | C60: =(SUM($AG60:$AP60)/SUM($AG$70:$AP$70))*C$70 -> 0 | D60: =(SUM($AG60:$AP60)/SUM($AG$70:$AP$70))*D$70 -> 0 | E60: =(SUM($AG60:$AP60)/SUM($AG$70:$AP$70))*E$70 -> 0 | F60: =(SUM($AG60:$AP60)/SUM($AG$70:$AP$70))*F$70 -> 0 | G60: =(SUM($AG60:$AP60)/SUM($AG$70:$AP$70))*G$70 -> 0 | H60: =(SUM($AG60:$AP60)/SUM($AG$70:$AP$70))*H$70 -> 0.11313098 | I60: =(SUM($AG60:$AP60)/SUM($AG$70:$AP$70))*I$70 -> 0.56565488 | J60: =(SUM($AG60:$AP60)/SUM($AG$70:$AP$70))*J$70 -> 0.56565488 | ... Z60: =(SUM($AG60:$AP60)/SUM($AG$70:$AP$70))*Z$70 -> 7.1272514 | AA60: 0 | AB60: 0 | AC60: 0.03234 | AD60: 99.319362 | AE60: 0 | AF60: ='[2]Brazil Soybean Imports'!AL$290 -> 8e-05 | AG60: ='[2]Brazil Soybean Imports'!AX$290 -> 356.80189 | AH60: ='[2]Brazil Soybean Imports'!BJ$290 -> 28.58 | AI60: ='[2]Brazil Soybean Imports'!BV$290 -> 170.88951 | AJ60: ='[2]Brazil Soybean Imports'!CH$290 -> 226.9974 | AK60: ='[2]Brazil Soybean Imports'!CT$290 -> 4.55 | AL60: ='[2]Brazil Soybean Imports'!DF$290 -> 19.55715 | AM60: ='[2]Brazil Soybean Imports'!DR$290 -> 58.9 | AN60: ='[2]Brazil Soybean Imports'!ED$290 -> 80.1296 | AO60: ='[2]Brazil Soybean Imports'!EP$290 -> 74.757704 | AP60: ='[2]Brazil Soybean Imports'!FB$290 -> 3.8878 | AQ60: ='[2]Brazil Soybean Imports'!FN$290 -> 47.83584 | AR60: ='[2]Brazil Soybean Imports'!FZ$290 -> 12.8 | AS60: ='[2]Brazil Soybean Imports'!GL$290 -> 8.5 | AT60: ='[2]Brazil Soybean Imports'!GX$290 -> 31.72 | AU60: ='[2]Brazil Soybean Imports'!HJ$290 -> 0.125 | AV60: ='[2]Brazil Soybean Imports'!HV$290 -> 36.448 | AW60: ='[2]Brazil Soybean Imports'!IH$290 -> 1.7 | AX60: ='[2]Brazil Soybean Imports'!IT$290 -> 2.001 | AY60: ='[2]Brazil Soybean Imports'!JF$290 -> 32.981 | AZ60: ='[2]Brazil Soybean Imports'!JR$290 -> 12.66 | BA60: ='[2]Brazil Soybean Imports'!KD$290 -> 1.6 | BB60: ='[2]Brazil Soybean Imports'!KP$290 -> 18.1 | BC60: ='[2]Brazil Soybean Imports'!LB$290 -> 1.465 | BD60: ='[2]Brazil Soybean Imports'!LN$290 -> 1 | BE60: 13 | BF60: 34 | BG60: 40 | BH60: 85 | BI60: 0 | BJ60: 166 | BK60: 35 | BL60: =(SUM(BF60:BJ60)/SUM(BF$70:BJ$70))*BL$70 -> 87.75413 | BM60: =(SUM(BG60:BK60)/SUM(BG$70:BK$70))*BM$70 -> 89.013813 | BN60: =(SUM(BH60:BL60)/SUM(BH$70:BL$70))*BN$70 -> 100.1548 | BO60: =(SUM(BI60:BM60)/SUM(BI$70:BM$70))*BO$70 -> 89.071498 | BP60: =(SUM(BJ60:BN60)/SUM(BJ$70:BN$70))*BP$70 -> 97.699453 | BQ60: =(SUM(BK60:BO60)/SUM(BK$70:BO$70))*BQ$70 -> 80.198847 | BR60: =(SUM(BL60:BP60)/SUM(BL$70:BP$70))*BR$70 -> 92.738738 | BS60: =(SUM(BM60:BQ60)/SUM(BM$70:BQ$70))*BS$70 -> 91.227681 | ... BV60: =(SUM(BP60:BT60)/SUM(BP$70:BT$70))*BV$70 -> 0
A61: May | C61: =(SUM($AG61:$AP61)/SUM($AG$70:$AP$70))*C$70 -> 0 | D61: =(SUM($AG61:$AP61)/SUM($AG$70:$AP$70))*D$70 -> 0 | E61: =(SUM($AG61:$AP61)/SUM($AG$70:$AP$70))*E$70 -> 0 | F61: =(SUM($AG61:$AP61)/SUM($AG$70:$AP$70))*F$70 -> 0 | G61: =(SUM($AG61:$AP61)/SUM($AG$70:$AP$70))*G$70 -> 0 | H61: =(SUM($AG61:$AP61)/SUM($AG$70:$AP$70))*H$70 -> 0.069963594 | I61: =(SUM($AG61:$AP61)/SUM($AG$70:$AP$70))*I$70 -> 0.34981797 | J61: =(SUM($AG61:$AP61)/SUM($AG$70:$AP$70))*J$70 -> 0.34981797 | ... Z61: =(SUM($AG61:$AP61)/SUM($AG$70:$AP$70))*Z$70 -> 4.4077064 | AA61: 0.49883 | AB61: 0 | AC61: 0.19805 | AD61: 0 | AE61: 0.5 | AF61: ='[2]Brazil Soybean Imports'!AM$290 -> 0 | AG61: ='[2]Brazil Soybean Imports'!AY$290 -> 79.73616 | AH61: ='[2]Brazil Soybean Imports'!BK$290 -> 5.500002 | AI61: ='[2]Brazil Soybean Imports'!BW$290 -> 0 | AJ61: ='[2]Brazil Soybean Imports'!CI$290 -> 375.96868 | AK61: ='[2]Brazil Soybean Imports'!CU$290 -> 0 | AL61: ='[2]Brazil Soybean Imports'!DG$290 -> 33.46977 | AM61: ='[2]Brazil Soybean Imports'!DS$290 -> 20.4255 | AN61: ='[2]Brazil Soybean Imports'!EE$290 -> 25 | AO61: ='[2]Brazil Soybean Imports'!EQ$290 -> 79.442396 | AP61: ='[2]Brazil Soybean Imports'!FC$290 -> 14.37986 | AQ61: ='[2]Brazil Soybean Imports'!FO$290 -> 30.07218 | AR61: ='[2]Brazil Soybean Imports'!GA$290 -> 13.924 | AS61: ='[2]Brazil Soybean Imports'!GM$290 -> 5 | AT61: ='[2]Brazil Soybean Imports'!GY$290 -> 15.053 | AU61: ='[2]Brazil Soybean Imports'!HK$290 -> 1.66 | AV61: ='[2]Brazil Soybean Imports'!HW$290 -> 26.02 | AW61: ='[2]Brazil Soybean Imports'!II$290 -> 2 | AX61: ='[2]Brazil Soybean Imports'!IU$290 -> 1.5 | AY61: ='[2]Brazil Soybean Imports'!JG$290 -> 31.644 | AZ61: ='[2]Brazil Soybean Imports'!JS$290 -> 17.588 | BA61: ='[2]Brazil Soybean Imports'!KE$290 -> 18.088 | BB61: ='[2]Brazil Soybean Imports'!KQ$290 -> 23.24 | BC61: ='[2]Brazil Soybean Imports'!LC$290 -> 3.08836 | BD61: ='[2]Brazil Soybean Imports'!LO$290 -> 16.052 | BE61: 13 | BF61: 43 | BG61: 118 | BH61: 82 | BI61: 0 | BJ61: 158 | BK61: 78 | BL61: =(SUM(BF61:BJ61)/SUM(BF$70:BJ$70))*BL$70 -> 108.2751 | BM61: =(SUM(BG61:BK61)/SUM(BG$70:BK$70))*BM$70 -> 119.04915 | BN61: =(SUM(BH61:BL61)/SUM(BH$70:BL$70))*BN$70 -> 114.22882 | BO61: =(SUM(BI61:BM61)/SUM(BI$70:BM$70))*BO$70 -> 109.24427 | BP61: =(SUM(BJ61:BN61)/SUM(BJ$70:BN$70))*BP$70 -> 118.0664 | BQ61: =(SUM(BK61:BO61)/SUM(BK$70:BO$70))*BQ$70 -> 105.75947 | BR61: =(SUM(BL61:BP61)/SUM(BL$70:BP$70))*BR$70 -> 113.77275 | BS61: =(SUM(BM61:BQ61)/SUM(BM$70:BQ$70))*BS$70 -> 113.26962 | ... BV61: =(SUM(BP61:BT61)/SUM(BP$70:BT$70))*BV$70 -> 0 | CA61: You should link these, that way, they would remain updated and you could also include the forecast in your chart.
A62: June | C62: =(SUM($AG62:$AP62)/SUM($AG$70:$AP$70))*C$70 -> 0 | D62: =(SUM($AG62:$AP62)/SUM($AG$70:$AP$70))*D$70 -> 0 | E62: =(SUM($AG62:$AP62)/SUM($AG$70:$AP$70))*E$70 -> 0 | F62: =(SUM($AG62:$AP62)/SUM($AG$70:$AP$70))*F$70 -> 0 | G62: =(SUM($AG62:$AP62)/SUM($AG$70:$AP$70))*G$70 -> 0 | H62: =(SUM($AG62:$AP62)/SUM($AG$70:$AP$70))*H$70 -> 0.043514926 | I62: =(SUM($AG62:$AP62)/SUM($AG$70:$AP$70))*I$70 -> 0.21757463 | J62: =(SUM($AG62:$AP62)/SUM($AG$70:$AP$70))*J$70 -> 0.21757463 | ... Z62: =(SUM($AG62:$AP62)/SUM($AG$70:$AP$70))*Z$70 -> 2.7414404 | AA62: 0.50117 | AB62: 2e-06 | AC62: 0.6991 | AD62: 0 | AE62: 0 | AF62: ='[2]Brazil Soybean Imports'!AN$290 -> 0 | AG62: ='[2]Brazil Soybean Imports'!AZ$290 -> 95.945455 | AH62: ='[2]Brazil Soybean Imports'!BL$290 -> 2.000431 | AI62: ='[2]Brazil Soybean Imports'!BX$290 -> 57.663777 | AJ62: ='[2]Brazil Soybean Imports'!CJ$290 -> 103.36153 | AK62: ='[2]Brazil Soybean Imports'!CV$290 -> 0 | AL62: ='[2]Brazil Soybean Imports'!DH$290 -> 0 | AM62: ='[2]Brazil Soybean Imports'!DT$290 -> 8.71781 | AN62: ='[2]Brazil Soybean Imports'!EF$290 -> 50.33961 | AO62: ='[2]Brazil Soybean Imports'!ER$290 -> 56.06696 | AP62: ='[2]Brazil Soybean Imports'!FD$290 -> 20.18213 | AQ62: ='[2]Brazil Soybean Imports'!FP$290 -> 26.945145 | AR62: ='[2]Brazil Soybean Imports'!GB$290 -> 12.104 | AS62: ='[2]Brazil Soybean Imports'!GN$290 -> 4.84 | AT62: ='[2]Brazil Soybean Imports'!GZ$290 -> 4.5 | AU62: ='[2]Brazil Soybean Imports'!HL$290 -> 7.5 | AV62: ='[2]Brazil Soybean Imports'!HX$290 -> 25.563 | AW62: ='[2]Brazil Soybean Imports'!IJ$290 -> 1 | AX62: ='[2]Brazil Soybean Imports'!IV$290 -> 0.957 | AY62: ='[2]Brazil Soybean Imports'!JH$290 -> 21.835 | AZ62: ='[2]Brazil Soybean Imports'!JT$290 -> 65.328 | BA62: ='[2]Brazil Soybean Imports'!KF$290 -> 119.208 | BB62: ='[2]Brazil Soybean Imports'!KR$290 -> 69.718 | BC62: ='[2]Brazil Soybean Imports'!LD$290 -> 58.275156 | BD62: ='[2]Brazil Soybean Imports'!LP$290 -> 12.234031 | BE62: 10 | BF62: 90 | BG62: 151 | BH62: 50 | BI62: 0 | BJ62: 141 | BK62: 102 | BL62: =(SUM(BF62:BJ62)/SUM(BF$70:BJ$70))*BL$70 -> 116.64549 | BM62: =(SUM(BG62:BK62)/SUM(BG$70:BK$70))*BM$70 -> 121.23354 | BN62: =(SUM(BH62:BL62)/SUM(BH$70:BL$70))*BN$70 -> 109.77259 | BO62: =(SUM(BI62:BM62)/SUM(BI$70:BM$70))*BO$70 -> 113.3834 | BP62: =(SUM(BJ62:BN62)/SUM(BJ$70:BN$70))*BP$70 -> 120.74408 | BQ62: =(SUM(BK62:BO62)/SUM(BK$70:BO$70))*BQ$70 -> 112.607 | BR62: =(SUM(BL62:BP62)/SUM(BL$70:BP$70))*BR$70 -> 116.35582 | BS62: =(SUM(BM62:BQ62)/SUM(BM$70:BQ$70))*BS$70 -> 115.54812 | ... BV62: =(SUM(BP62:BT62)/SUM(BP$70:BT$70))*BV$70 -> 0
A63: July | C63: =(SUM($AG63:$AP63)/SUM($AG$70:$AP$70))*C$70 -> 0 | D63: =(SUM($AG63:$AP63)/SUM($AG$70:$AP$70))*D$70 -> 0 | E63: =(SUM($AG63:$AP63)/SUM($AG$70:$AP$70))*E$70 -> 0 | F63: =(SUM($AG63:$AP63)/SUM($AG$70:$AP$70))*F$70 -> 0 | G63: =(SUM($AG63:$AP63)/SUM($AG$70:$AP$70))*G$70 -> 0 | H63: =(SUM($AG63:$AP63)/SUM($AG$70:$AP$70))*H$70 -> 0.07735657 | I63: =(SUM($AG63:$AP63)/SUM($AG$70:$AP$70))*I$70 -> 0.38678285 | J63: =(SUM($AG63:$AP63)/SUM($AG$70:$AP$70))*J$70 -> 0.38678285 | ... Z63: =(SUM($AG63:$AP63)/SUM($AG$70:$AP$70))*Z$70 -> 4.8734639 | AA63: 0 | AB63: 6.25 | AC63: 0 | AD63: 0 | AE63: 2.2027 | AF63: ='[2]Brazil Soybean Imports'!AO$290 -> 0 | AG63: ='[2]Brazil Soybean Imports'!BA$290 -> 90.132121 | AH63: ='[2]Brazil Soybean Imports'!BM$290 -> 102.725 | AI63: ='[2]Brazil Soybean Imports'!BY$290 -> 32 | AJ63: ='[2]Brazil Soybean Imports'!CK$290 -> 59.04212 | AK63: ='[2]Brazil Soybean Imports'!CW$290 -> 19.05 | AL63: ='[2]Brazil Soybean Imports'!DI$290 -> 64.55805 | AM63: ='[2]Brazil Soybean Imports'!DU$290 -> 49.4745 | AN63: ='[2]Brazil Soybean Imports'!EG$290 -> 116.68915 | AO63: ='[2]Brazil Soybean Imports'!ES$290 -> 113.19226 | AP63: ='[2]Brazil Soybean Imports'!FE$290 -> 54.045047 | AQ63: ='[2]Brazil Soybean Imports'!FQ$290 -> 110.03617 | AR63: ='[2]Brazil Soybean Imports'!GC$290 -> 6.675 | AS63: ='[2]Brazil Soybean Imports'!GO$290 -> 13.5 | AT63: ='[2]Brazil Soybean Imports'!HA$290 -> 21 | AU63: ='[2]Brazil Soybean Imports'!HM$290 -> 16.5 | AV63: ='[2]Brazil Soybean Imports'!HY$290 -> 51.688 | AW63: ='[2]Brazil Soybean Imports'!IK$290 -> 8 | AX63: ='[2]Brazil Soybean Imports'!IW$290 -> 5.25 | AY63: ='[2]Brazil Soybean Imports'!JI$290 -> 12.048 | AZ63: ='[2]Brazil Soybean Imports'!JU$290 -> 81.439 | BA63: ='[2]Brazil Soybean Imports'!KG$290 -> 76.489 | BB63: ='[2]Brazil Soybean Imports'!KS$290 -> 57.487 | BC63: ='[2]Brazil Soybean Imports'!LE$290 -> 50 | BD63: ='[2]Brazil Soybean Imports'!LQ$290 -> 69.75024 | BE63: 13 | BF63: 126 | BG63: 109 | BH63: 8 | BI63: 9 | BJ63: 87 | BK63: 138 | BL63: =(SUM(BF63:BJ63)/SUM(BF$70:BJ$70))*BL$70 -> 91.534307 | BM63: =(SUM(BG63:BK63)/SUM(BG$70:BK$70))*BM$70 -> 95.840026 | BN63: =(SUM(BH63:BL63)/SUM(BH$70:BL$70))*BN$70 -> 89.3771 | BO63: =(SUM(BI63:BM63)/SUM(BI$70:BM$70))*BO$70 -> 99.353171 | BP63: =(SUM(BJ63:BN63)/SUM(BJ$70:BN$70))*BP$70 -> 102.57064 | BQ63: =(SUM(BK63:BO63)/SUM(BK$70:BO$70))*BQ$70 -> 102.82092 | BR63: =(SUM(BL63:BP63)/SUM(BL$70:BP$70))*BR$70 -> 95.735049 | BS63: =(SUM(BM63:BQ63)/SUM(BM$70:BQ$70))*BS$70 -> 97.992372 | ... BV63: =(SUM(BP63:BT63)/SUM(BP$70:BT$70))*BV$70 -> 0
A64: August | C64: =(SUM($AG64:$AP64)/SUM($AG$70:$AP$70))*C$70 -> 0 | D64: =(SUM($AG64:$AP64)/SUM($AG$70:$AP$70))*D$70 -> 0 | E64: =(SUM($AG64:$AP64)/SUM($AG$70:$AP$70))*E$70 -> 0 | F64: =(SUM($AG64:$AP64)/SUM($AG$70:$AP$70))*F$70 -> 0 | G64: =(SUM($AG64:$AP64)/SUM($AG$70:$AP$70))*G$70 -> 0 | H64: =(SUM($AG64:$AP64)/SUM($AG$70:$AP$70))*H$70 -> 0.1274627 | I64: =(SUM($AG64:$AP64)/SUM($AG$70:$AP$70))*I$70 -> 0.63731351 | J64: =(SUM($AG64:$AP64)/SUM($AG$70:$AP$70))*J$70 -> 0.63731351 | ... Z64: =(SUM($AG64:$AP64)/SUM($AG$70:$AP$70))*Z$70 -> 8.0301502 | AA64: 0 | AB64: 5 | AC64: 51.217888 | AD64: 0 | AE64: 0 | AF64: ='[2]Brazil Soybean Imports'!AP$290 -> 0.002 | AG64: ='[2]Brazil Soybean Imports'!BB$290 -> 80.673144 | AH64: ='[2]Brazil Soybean Imports'!BN$290 -> 150.50079 | AI64: ='[2]Brazil Soybean Imports'!BZ$290 -> 167 | AJ64: ='[2]Brazil Soybean Imports'!CL$290 -> 56.803 | AK64: ='[2]Brazil Soybean Imports'!CX$290 -> 132.40401 | AL64: ='[2]Brazil Soybean Imports'!DJ$290 -> 157.1054 | AM64: ='[2]Brazil Soybean Imports'!DV$290 -> 77.92336 | AN64: ='[2]Brazil Soybean Imports'!EH$290 -> 136.71645 | AO64: ='[2]Brazil Soybean Imports'!ET$290 -> 155.77348 | AP64: ='[2]Brazil Soybean Imports'!FF$290 -> 40.007557 | AQ64: ='[2]Brazil Soybean Imports'!FR$290 -> 59.798939 | AR64: ='[2]Brazil Soybean Imports'!GD$290 -> 0 | AS64: ='[2]Brazil Soybean Imports'!GP$290 -> 9.522 | AT64: ='[2]Brazil Soybean Imports'!HB$290 -> 11 | AU64: ='[2]Brazil Soybean Imports'!HN$290 -> 2 | AV64: ='[2]Brazil Soybean Imports'!HZ$290 -> 5.959 | AW64: ='[2]Brazil Soybean Imports'!IL$290 -> 4 | AX64: ='[2]Brazil Soybean Imports'!IX$290 -> 5.25 | AY64: ='[2]Brazil Soybean Imports'!JJ$290 -> 6 | AZ64: ='[2]Brazil Soybean Imports'!JV$290 -> 70.792 | BA64: ='[2]Brazil Soybean Imports'!KH$290 -> 19.532 | BB64: ='[2]Brazil Soybean Imports'!KT$290 -> 45.14 | BC64: ='[2]Brazil Soybean Imports'!LF$290 -> 19 | BD64: ='[2]Brazil Soybean Imports'!LR$290 -> 33.76747 | BE64: 13 | BF64: 79 | BG64: 42 | BH64: 9 | BI64: 7 | BJ64: 50 | BK64: 159 | BL64: =(SUM(BF64:BJ64)/SUM(BF$70:BJ$70))*BL$70 -> 50.492376 | BM64: =(SUM(BG64:BK64)/SUM(BG$70:BK$70))*BM$70 -> 72.903951 | BN64: =(SUM(BH64:BL64)/SUM(BH$70:BL$70))*BN$70 -> 73.823619 | BO64: =(SUM(BI64:BM64)/SUM(BI$70:BM$70))*BO$70 -> 80.024099 | BP64: =(SUM(BJ64:BN64)/SUM(BJ$70:BN$70))*BP$70 -> 83.041596 | BQ64: =(SUM(BK64:BO64)/SUM(BK$70:BO$70))*BQ$70 -> 87.248809 | BR64: =(SUM(BL64:BP64)/SUM(BL$70:BP$70))*BR$70 -> 72.057128 | BS64: =(SUM(BM64:BQ64)/SUM(BM$70:BQ$70))*BS$70 -> 79.408415 | ... BV64: =(SUM(BP64:BT64)/SUM(BP$70:BT$70))*BV$70 -> 0 | CB64: Brazil | CF64: Argentina
A65: September | C65: =(SUM($AG65:$AP65)/SUM($AG$70:$AP$70))*C$70 -> 0 | D65: =(SUM($AG65:$AP65)/SUM($AG$70:$AP$70))*D$70 -> 0 | E65: =(SUM($AG65:$AP65)/SUM($AG$70:$AP$70))*E$70 -> 0 | F65: =(SUM($AG65:$AP65)/SUM($AG$70:$AP$70))*F$70 -> 0 | G65: =(SUM($AG65:$AP65)/SUM($AG$70:$AP$70))*G$70 -> 0 | H65: =(SUM($AG65:$AP65)/SUM($AG$70:$AP$70))*H$70 -> 0.094536475 | I65: =(SUM($AG65:$AP65)/SUM($AG$70:$AP$70))*I$70 -> 0.47268237 | J65: =(SUM($AG65:$AP65)/SUM($AG$70:$AP$70))*J$70 -> 0.47268237 | ... Z65: =(SUM($AG65:$AP65)/SUM($AG$70:$AP$70))*Z$70 -> 5.9557979 | AA65: 0.453885 | AB65: 5 | AC65: 48.24797 | AD65: 59.748406 | AE65: ='[2]Brazil Soybean Imports'!AE$290 -> 0 | AF65: ='[2]Brazil Soybean Imports'!AQ$290 -> 10 | AG65: ='[2]Brazil Soybean Imports'!BC$290 -> 104.45009 | AH65: ='[2]Brazil Soybean Imports'!BO$290 -> 134.00085 | AI65: ='[2]Brazil Soybean Imports'!CA$290 -> 50 | AJ65: ='[2]Brazil Soybean Imports'!CM$290 -> 55.87371 | AK65: ='[2]Brazil Soybean Imports'!CY$290 -> 68.982 | AL65: ='[2]Brazil Soybean Imports'!DK$290 -> 97.5 | AM65: ='[2]Brazil Soybean Imports'!DW$290 -> 100.84156 | AN65: ='[2]Brazil Soybean Imports'!EI$290 -> 83.98774 | AO65: ='[2]Brazil Soybean Imports'!EU$290 -> 123.30384 | AP65: ='[2]Brazil Soybean Imports'!FG$290 -> 37.63121 | AQ65: ='[2]Brazil Soybean Imports'!FS$290 -> 42.98625 | AR65: ='[2]Brazil Soybean Imports'!GE$290 -> 0.108 | AS65: ='[2]Brazil Soybean Imports'!GQ$290 -> 0 | AT65: ='[2]Brazil Soybean Imports'!HC$290 -> 6 | AU65: ='[2]Brazil Soybean Imports'!HO$290 -> 3 | AV65: ='[2]Brazil Soybean Imports'!IA$290 -> 1.882 | AW65: ='[2]Brazil Soybean Imports'!IM$290 -> 0.468 | AX65: ='[2]Brazil Soybean Imports'!IY$290 -> 4.324 | AY65: ='[2]Brazil Soybean Imports'!JK$290 -> 0 | AZ65: ='[2]Brazil Soybean Imports'!JW$290 -> 86.792 | BA65: ='[2]Brazil Soybean Imports'!KI$290 -> 5.5 | BB65: ='[2]Brazil Soybean Imports'!KU$290 -> 43.54 | BC65: ='[2]Brazil Soybean Imports'!LG$290 -> 25.984 | BD65: ='[2]Brazil Soybean Imports'!LS$290 -> 12.52332 | BE65: 7 | BF65: 51 | BG65: 49 | BH65: 9 | BI65: 31 | BJ65: 15 | BK65: 112 | BL65: =(SUM(BF65:BJ65)/SUM(BF$70:BJ$70))*BL$70 -> 41.85197 | BM65: =(SUM(BG65:BK65)/SUM(BG$70:BK$70))*BM$70 -> 58.978477 | BN65: =(SUM(BH65:BL65)/SUM(BH$70:BL$70))*BN$70 -> 55.966007 | BO65: =(SUM(BI65:BM65)/SUM(BI$70:BM$70))*BO$70 -> 61.027983 | BP65: =(SUM(BJ65:BN65)/SUM(BJ$70:BN$70))*BP$70 -> 58.015148 | BQ65: =(SUM(BK65:BO65)/SUM(BK$70:BO$70))*BQ$70 -> 65.964887 | BR65: =(SUM(BL65:BP65)/SUM(BL$70:BP$70))*BR$70 -> 55.167917 | BS65: =(SUM(BM65:BQ65)/SUM(BM$70:BQ$70))*BS$70 -> 59.990501 | ... BV65: =(SUM(BP65:BT65)/SUM(BP$70:BT$70))*BV$70 -> 0 | CB65: 19/20 | CC65: 20/21 | CD65: 21/22 | CE65: 22/23* | CF65: 19/20 | CG65: 20/21 | CH65: 21/22 | CI65: 22/23*
A66: October | C66: =(SUM($AG66:$AP66)/SUM($AG$70:$AP$70))*C$70 -> 0 | D66: =(SUM($AG66:$AP66)/SUM($AG$70:$AP$70))*D$70 -> 0 | E66: =(SUM($AG66:$AP66)/SUM($AG$70:$AP$70))*E$70 -> 0 | F66: =(SUM($AG66:$AP66)/SUM($AG$70:$AP$70))*F$70 -> 0 | G66: =(SUM($AG66:$AP66)/SUM($AG$70:$AP$70))*G$70 -> 0 | H66: =(SUM($AG66:$AP66)/SUM($AG$70:$AP$70))*H$70 -> 0.076166919 | I66: =(SUM($AG66:$AP66)/SUM($AG$70:$AP$70))*I$70 -> 0.38083459 | J66: =(SUM($AG66:$AP66)/SUM($AG$70:$AP$70))*J$70 -> 0.38083459 | ... Z66: =(SUM($AG66:$AP66)/SUM($AG$70:$AP$70))*Z$70 -> 4.7985159 | AA66: 0 | AB66: 0 | AC66: 46.023537 | AD66: 39.506124 | AE66: ='[2]Brazil Soybean Imports'!AF$290 -> 0 | AF66: ='[2]Brazil Soybean Imports'!AR$290 -> 22 | AG66: ='[2]Brazil Soybean Imports'!BD$290 -> 36.18835 | AH66: ='[2]Brazil Soybean Imports'!BP$290 -> 71.270762 | AI66: ='[2]Brazil Soybean Imports'!CB$290 -> 103 | AJ66: ='[2]Brazil Soybean Imports'!CN$290 -> 44.756737 | AK66: ='[2]Brazil Soybean Imports'!CZ$290 -> 102.50324 | AL66: ='[2]Brazil Soybean Imports'!DL$290 -> 57.086805 | AM66: ='[2]Brazil Soybean Imports'!DX$290 -> 47.366519 | AN66: ='[2]Brazil Soybean Imports'!EJ$290 -> 74.26726 | AO66: ='[2]Brazil Soybean Imports'!EV$290 -> 145.38859 | AP66: ='[2]Brazil Soybean Imports'!FH$290 -> 8.30087 | AQ66: ='[2]Brazil Soybean Imports'!FT$290 -> 44.6162 | AR66: ='[2]Brazil Soybean Imports'!GF$290 -> 0 | AS66: ='[2]Brazil Soybean Imports'!GR$290 -> 0 | AT66: ='[2]Brazil Soybean Imports'!HD$290 -> 11 | AU66: ='[2]Brazil Soybean Imports'!HP$290 -> 0 | AV66: ='[2]Brazil Soybean Imports'!IB$290 -> 0.2 | AW66: ='[2]Brazil Soybean Imports'!IN$290 -> 0.376 | AX66: ='[2]Brazil Soybean Imports'!IZ$290 -> 0.56 | AY66: ='[2]Brazil Soybean Imports'!JL$290 -> 26.224 | AZ66: ='[2]Brazil Soybean Imports'!JX$290 -> 81.852 | BA66: ='[2]Brazil Soybean Imports'!KJ$290 -> 4.374 | BB66: ='[2]Brazil Soybean Imports'!KV$290 -> 90.349 | BC66: ='[2]Brazil Soybean Imports'!LH$290 -> 57.392 | BD66: ='[2]Brazil Soybean Imports'!LT$290 -> 9.5 | BE66: 1 | BF66: 97 | BG66: 57 | BH66: 14 | BI66: 28 | BJ66: 0 | BK66: =(SUM(BE66:BI66)/SUM(BE$70:BI$70))*BK$70 -> 66.637541 | BL66: =(SUM(BF66:BJ66)/SUM(BF$70:BJ$70))*BL$70 -> 52.92249 | BM66: =(SUM(BG66:BK66)/SUM(BG$70:BK$70))*BM$70 -> 45.227083 | BN66: =(SUM(BH66:BL66)/SUM(BH$70:BL$70))*BN$70 -> 43.293199 | BO66: =(SUM(BI66:BM66)/SUM(BI$70:BM$70))*BO$70 -> 45.456046 | BP66: =(SUM(BJ66:BN66)/SUM(BJ$70:BN$70))*BP$70 -> 42.536861 | BQ66: =(SUM(BK66:BO66)/SUM(BK$70:BO$70))*BQ$70 -> 50.707272 | BR66: =(SUM(BL66:BP66)/SUM(BL$70:BP$70))*BR$70 -> 45.887136 | ... BV66: =(SUM(BP66:BT66)/SUM(BP$70:BT$70))*BV$70 -> 0 | CA66: Feb | CB66: 3407.7424 | CC66: 3072.3712 | CD66: 3705.1717 | CE66: 3674.8475 | CF66: 2855.756 | CG66: 2643.817 | CH66: 1553.939 | CI66: 1554
A67: November | C67: =(SUM($AG67:$AP67)/SUM($AG$70:$AP$70))*C$70 -> 0 | D67: =(SUM($AG67:$AP67)/SUM($AG$70:$AP$70))*D$70 -> 0 | E67: =(SUM($AG67:$AP67)/SUM($AG$70:$AP$70))*E$70 -> 0 | F67: =(SUM($AG67:$AP67)/SUM($AG$70:$AP$70))*F$70 -> 0 | G67: =(SUM($AG67:$AP67)/SUM($AG$70:$AP$70))*G$70 -> 0 | H67: =(SUM($AG67:$AP67)/SUM($AG$70:$AP$70))*H$70 -> 0.095357932 | I67: =(SUM($AG67:$AP67)/SUM($AG$70:$AP$70))*I$70 -> 0.47678966 | J67: =(SUM($AG67:$AP67)/SUM($AG$70:$AP$70))*J$70 -> 0.47678966 | ... Z67: =(SUM($AG67:$AP67)/SUM($AG$70:$AP$70))*Z$70 -> 6.0075497 | AA67: 0 | AB67: 0 | AC67: 89.86196 | AD67: 68.991463 | AE67: ='[2]Brazil Soybean Imports'!AG$290 -> 0 | AF67: ='[2]Brazil Soybean Imports'!AS$290 -> 51 | AG67: ='[2]Brazil Soybean Imports'!BE$290 -> 63.015793 | AH67: ='[2]Brazil Soybean Imports'!BQ$290 -> 99.002845 | AI67: ='[2]Brazil Soybean Imports'!CC$290 -> 159.56524 | AJ67: ='[2]Brazil Soybean Imports'!CO$290 -> 52.624205 | AK67: ='[2]Brazil Soybean Imports'!DA$290 -> 75.659139 | AL67: ='[2]Brazil Soybean Imports'!DM$290 -> 46.885546 | AM67: ='[2]Brazil Soybean Imports'!DY$290 -> 75.986595 | AN67: ='[2]Brazil Soybean Imports'!EK$290 -> 118.54861 | AO67: ='[2]Brazil Soybean Imports'!EW$290 -> 168.72604 | AP67: ='[2]Brazil Soybean Imports'!FI$290 -> 4 | AQ67: ='[2]Brazil Soybean Imports'!FU$290 -> 17.17525 | AR67: ='[2]Brazil Soybean Imports'!GG$290 -> 1 | AS67: ='[2]Brazil Soybean Imports'!GS$290 -> 0 | AT67: ='[2]Brazil Soybean Imports'!HE$290 -> 4.604 | AU67: ='[2]Brazil Soybean Imports'!HQ$290 -> 0.4 | AV67: ='[2]Brazil Soybean Imports'!IC$290 -> 0 | AW67: ='[2]Brazil Soybean Imports'!IO$290 -> 1.027 | AX67: ='[2]Brazil Soybean Imports'!JA$290 -> 14.528 | AY67: ='[2]Brazil Soybean Imports'!JM$290 -> 65.882 | AZ67: ='[2]Brazil Soybean Imports'!JY$290 -> 98.387 | BA67: ='[2]Brazil Soybean Imports'!KK$290 -> 10.5 | BB67: ='[2]Brazil Soybean Imports'!KW$290 -> 39.322 | BC67: ='[2]Brazil Soybean Imports'!LI$290 -> 20.998437 | BD67: ='[2]Brazil Soybean Imports'!LU$290 -> 10.100809 | BE67: 6 | BF67: 122 | BG67: 73 | BH67: 5 | BI67: 0 | BJ67: 3 | BK67: =(SUM(BE67:BI67)/SUM(BE$70:BI$70))*BK$70 -> 69.681896 | BL67: =(SUM(BF67:BJ67)/SUM(BF$70:BJ$70))*BL$70 -> 54.812579 | BM67: =(SUM(BG67:BK67)/SUM(BG$70:BK$70))*BM$70 -> 41.143467 | BN67: =(SUM(BH67:BL67)/SUM(BH$70:BL$70))*BN$70 -> 35.504509 | BO67: =(SUM(BI67:BM67)/SUM(BI$70:BM$70))*BO$70 -> 39.762067 | BP67: =(SUM(BJ67:BN67)/SUM(BJ$70:BN$70))*BP$70 -> 41.731862 | BQ67: =(SUM(BK67:BO67)/SUM(BK$70:BO$70))*BQ$70 -> 48.180904 | BR67: =(SUM(BL67:BP67)/SUM(BL$70:BP$70))*BR$70 -> 42.590897 | ... BV67: =(SUM(BP67:BT67)/SUM(BP$70:BT$70))*BV$70 -> 0 | CA67: Mar | CB67: 4237.5918 | CC67: 4291.5036 | CD67: 4644.7296 | CE67: 4971.7088 | CF67: 3395.949 | CG67: 2934.752 | CH67: 2111.477 | CI67: 2111
A68: December | C68: =(SUM($AG68:$AP68)/SUM($AG$70:$AP$70))*C$70 -> 0 | D68: =(SUM($AG68:$AP68)/SUM($AG$70:$AP$70))*D$70 -> 0 | E68: =(SUM($AG68:$AP68)/SUM($AG$70:$AP$70))*E$70 -> 0 | F68: =(SUM($AG68:$AP68)/SUM($AG$70:$AP$70))*F$70 -> 0 | G68: =(SUM($AG68:$AP68)/SUM($AG$70:$AP$70))*G$70 -> 0 | H68: =(SUM($AG68:$AP68)/SUM($AG$70:$AP$70))*H$70 -> 0.080610305 | I68: =(SUM($AG68:$AP68)/SUM($AG$70:$AP$70))*I$70 -> 0.40305152 | J68: =(SUM($AG68:$AP68)/SUM($AG$70:$AP$70))*J$70 -> 0.40305152 | ... Z68: =(SUM($AG68:$AP68)/SUM($AG$70:$AP$70))*Z$70 -> 5.0784492 | AA68: 0 | AB68: 0 | AC68: 45.54706 | AD68: 187.08308 | AE68: ='[2]Brazil Soybean Imports'!AH$290 -> 0 | AF68: ='[2]Brazil Soybean Imports'!AT$290 -> 26.750127 | AG68: ='[2]Brazil Soybean Imports'!BF$290 -> 113.37127 | AH68: ='[2]Brazil Soybean Imports'!BR$290 -> 53.400518 | AI68: ='[2]Brazil Soybean Imports'!CD$290 -> 78.91243 | AJ68: ='[2]Brazil Soybean Imports'!CP$290 -> 26.51796 | AK68: ='[2]Brazil Soybean Imports'!DB$290 -> 68.4712 | AL68: ='[2]Brazil Soybean Imports'!DN$290 -> 70.02854 | AM68: ='[2]Brazil Soybean Imports'!DZ$290 -> 108.93443 | AN68: ='[2]Brazil Soybean Imports'!EL$290 -> 91.710055 | AO68: ='[2]Brazil Soybean Imports'!EX$290 -> 107.54312 | AP68: ='[2]Brazil Soybean Imports'!FJ$290 -> 11.5 | AQ68: ='[2]Brazil Soybean Imports'!FV$290 -> 0.318 | AR68: ='[2]Brazil Soybean Imports'!GH$290 -> 0.046 | AS68: ='[2]Brazil Soybean Imports'!GT$290 -> 0.05 | AT68: ='[2]Brazil Soybean Imports'!HF$290 -> 6.236 | AU68: ='[2]Brazil Soybean Imports'!HR$290 -> 0.914 | AV68: ='[2]Brazil Soybean Imports'!ID$290 -> 0.075 | AW68: ='[2]Brazil Soybean Imports'!IP$290 -> 6.172 | AX68: ='[2]Brazil Soybean Imports'!JB$290 -> 28.405 | AY68: ='[2]Brazil Soybean Imports'!JN$290 -> 70.634 | AZ68: ='[2]Brazil Soybean Imports'!JZ$290 -> 52.966 | BA68: ='[2]Brazil Soybean Imports'!KL$290 -> 15.48 | BB68: ='[2]Brazil Soybean Imports'!KX$290 -> 7.886 | BC68: ='[2]Brazil Soybean Imports'!LJ$290 -> 6.422076 | BD68: ='[2]Brazil Soybean Imports'!LV$290 -> 5.500096 | BE68: ='[2]Brazil Soybean Imports'!MH$290 -> 12.923061 | BF68: 74 | BG68: 13 | BH68: 5 | BI68: 21 | BJ68: 0 | BK68: =(SUM(BE68:BI68)/SUM(BE$70:BI$70))*BK$70 -> 42.59494 | BL68: =(SUM(BF68:BJ68)/SUM(BF$70:BJ$70))*BL$70 -> 30.511436 | BM68: =(SUM(BG68:BK68)/SUM(BG$70:BK$70))*BM$70 -> 22.279376 | BN68: =(SUM(BH68:BL68)/SUM(BH$70:BL$70))*BN$70 -> 26.557509 | BO68: =(SUM(BI68:BM68)/SUM(BI$70:BM$70))*BO$70 -> 27.441856 | BP68: =(SUM(BJ68:BN68)/SUM(BJ$70:BN$70))*BP$70 -> 24.928276 | BQ68: =(SUM(BK68:BO68)/SUM(BK$70:BO$70))*BQ$70 -> 29.877023 | BR68: =(SUM(BL68:BP68)/SUM(BL$70:BP$70))*BR$70 -> 26.343691 | ... BV68: =(SUM(BP68:BT68)/SUM(BP$70:BT$70))*BV$70 -> 0 | CA68: Apr | CB68: 4299.0297 | CC68: 4456.9975 | CD68: 4603.5266 | CE68: 4734.4969 | CF68: 3667.845 | CG68: 4212.341 | CH68: 3927.838 | CI68: 2879.05
A69: January | C69: =(SUM($AG69:$AP69)/SUM($AG$70:$AP$70))*C$70 -> 0 | D69: =(SUM($AG69:$AP69)/SUM($AG$70:$AP$70))*D$70 -> 0 | E69: =(SUM($AG69:$AP69)/SUM($AG$70:$AP$70))*E$70 -> 0 | F69: =(SUM($AG69:$AP69)/SUM($AG$70:$AP$70))*F$70 -> 0 | G69: =(SUM($AG69:$AP69)/SUM($AG$70:$AP$70))*G$70 -> 0 | H69: =(SUM($AG69:$AP69)/SUM($AG$70:$AP$70))*H$70 -> 0.081544543 | I69: =(SUM($AG69:$AP69)/SUM($AG$70:$AP$70))*I$70 -> 0.40772271 | J69: =(SUM($AG69:$AP69)/SUM($AG$70:$AP$70))*J$70 -> 0.40772271 | ... Z69: =(SUM($AG69:$AP69)/SUM($AG$70:$AP$70))*Z$70 -> 5.1373062 | AA69: 0 | AB69: 0 | AC69: 0 | AD69: 121.53497 | AE69: ='[2]Brazil Soybean Imports'!AI$290 -> 3.6 | AF69: ='[2]Brazil Soybean Imports'!AU$290 -> 68.471 | AG69: ='[2]Brazil Soybean Imports'!BG$290 -> 92.813697 | AH69: ='[2]Brazil Soybean Imports'!BS$290 -> 47.667514 | AI69: ='[2]Brazil Soybean Imports'!CE$290 -> 43.75 | AJ69: ='[2]Brazil Soybean Imports'!CQ$290 -> 22.85702 | AK69: ='[2]Brazil Soybean Imports'!DC$290 -> 50.599765 | AL69: ='[2]Brazil Soybean Imports'!DO$290 -> 82.782448 | AM69: ='[2]Brazil Soybean Imports'!EA$290 -> 153.81242 | AN69: ='[2]Brazil Soybean Imports'!EM$290 -> 99.63453 | AO69: ='[2]Brazil Soybean Imports'!EY$290 -> 123.28166 | AP69: ='[2]Brazil Soybean Imports'!FK$290 -> 21.65535 | AQ69: ='[2]Brazil Soybean Imports'!FW$290 -> 6.5 | AR69: ='[2]Brazil Soybean Imports'!GI$290 -> 0 | AS69: ='[2]Brazil Soybean Imports'!GU$290 -> 5 | AT69: ='[2]Brazil Soybean Imports'!HG$290 -> 11 | AU69: ='[2]Brazil Soybean Imports'!HS$290 -> 5.78 | AV69: ='[2]Brazil Soybean Imports'!IE$290 -> 1.056 | AW69: ='[2]Brazil Soybean Imports'!IQ$290 -> 8.156 | AX69: ='[2]Brazil Soybean Imports'!JC$290 -> 57.447 | AY69: ='[2]Brazil Soybean Imports'!JO$290 -> 10.976 | AZ69: ='[2]Brazil Soybean Imports'!KA$290 -> 11.991 | BA69: ='[2]Brazil Soybean Imports'!KM$290 -> 24.537 | BB69: ='[2]Brazil Soybean Imports'!KY$290 -> 3.002 | BC69: ='[2]Brazil Soybean Imports'!LK$290 -> 8.534956 | BD69: ='[2]Brazil Soybean Imports'!LW$290 -> 1.605366 | BE69: 20 | BF69: 82 | BG69: 9 | BH69: 6 | BI69: 123 | BJ69: 60 | BK69: =BK70-SUM(BK58:BK68) -> 0.085623215 | BL69: =BL70-SUM(BL58:BL68) -> 75.603558 | BM69: =BM70-SUM(BM58:BM68) -> 54.086984 | BN69: =BN70-SUM(BN58:BN68) -> 70.92869 | BO69: =BO70-SUM(BO58:BO68) -> 73.747501 | BP69: =BP70-SUM(BP58:BP68) -> 53.294643 | BQ69: =BQ70-SUM(BQ58:BQ68) -> 54.890471 | BR69: =BR70-SUM(BR58:BR68) -> 65.532275 | ... BV69: =BV70-SUM(BV58:BV68) -> 0 | CA69: May | CB69: 4443.5046 | CC69: 4556.9875 | CD69: 4786.4326 | CE69: 5003.0985 | CF69: 4040.012 | CG69: 4300.687 | CH69: 4142.91 | CI69: 3483.8
A70: Total | C70: 0 | D70: 0 | E70: 0 | F70: 0 | G70: 0 | H70: 1 | I70: 5 | J70: 5 | K70: 6 | L70: 0 | M70: 0 | N70: 0 | O70: 89 | P70: 253 | Q70: 474 | R70: 934 | S70: 1252 | T70: 34 | U70: 154 | V70: 378 | W70: 337 | X70: 441 | Y70: 62 | Z70: 63 | AA70: =SUM(AA58:AA69) -> 64.453138 | AB70: =SUM(AB58:AB69) -> 16.250002 | AC70: =SUM(AC58:AC69) -> 281.8279 | AD70: =SUM(AD58:AD69) -> 594.4194 | AE70: =SUM(AE58:AE69) -> 6.3027 | AF70: =SUM(AF58:AF69) -> 178.25105 | AG70: =SUM(AG58:AG69) -> 1379.8871 | AH70: =SUM(AH58:AH69) -> 785.41467 | ... BJ70: =SUM(BJ58:BJ69) -> 758 | BK70: 850 | BL70: =BL8 -> 850 | BM70: =BM8 -> 850 | BN70: =BN8 -> 850 | BO70: =BO8 -> 850 | BP70: =BP8 -> 850 | BQ70: =BQ8 -> 850 | BR70: =BR8 -> 850 | BS70: =BS8 -> 850 | ... BV70: =BV8 -> 0 | CA70: Jun | CB70: 4284.501 | CC70: 4419.8623 | CD70: 4530.7212 | CE70: 4886.7346 | CF70: 3656.81 | CG70: 4096.192 | CH70: 3931.703 | CI70: 3015
CA71: Jul | CB71: 4351.9842 | CC71: 4461.6648 | CD71: 4780.5901 | CF71: 3514.726 | CG71: 3855.443 | CH71: 3479.766
A72: SOYBEAN EXPORTS (1,000 Tonnes) | CA72: Aug | CB72: 4105.6554 | CC72: 3998.7508 | CD72: 4619.4944 | CF72: 3431.259 | CG72: 3574.88 | CH72: 3146.98
B73: 64/65 | C73: 65/66 | D73: 66/67 | E73: 67/68 | F73: 68/69 | G73: 69/70 | H73: 70/71 | I73: 71/72 | J73: 72/73 | K73: 73/74 | L73: 74/75 | M73: 75/76 | N73: 76/77 | O73: 77/78 | P73: 78/79 | Q73: 79/80 | R73: 80/81 | S73: 81/82 | T73: 82/83 | U73: 83/84 | V73: 84/85 | W73: 85/86 | X73: 86/87 | Y73: 87/88 | Z73: 88/89 | AA73: 89/90 | AB73: 90/91 | AC73: 91/92 | AD73: 92/93 | AE73: 93/94 | AF73: 94/95 | AG73: 95/96 | AH73: 96/97 | AI73: 97/98 | AJ73: 98/99 | AK73: 99/00 | AL73: 00/01 | AM73: 01/02 | AN73: 02/03 | AO73: 03/04 | AP73: 04/05 | AQ73: 05/06 | AR73: 06/07 | AS73: 07/08 | AT73: 08/09 | AU73: 09/10 | AV73: 10/11 | AW73: 11/12 | AX73: 12/13 | AY73: 13/14 | AZ73: 14/15 | BA73: 15/16 | BB73: 16/17 | BC73: 17/18 | BD73: 18/19 | BE73: 19/20 | BF73: 20/21 | BG73: 21/22 | BH73: 22/23 | BI73: 23/24 | BJ73: 24/25 | BK73: 25/26 | BL73: 26/27 | BM73: 27/28 | BN73: 28/29 | BO73: 29/30 | BP73: 30/31 | BQ73: 31/32 | BR73: 32/33 | BS73: 33/34 | BT73: 34/35 | BU73: =BU2 -> 34/35 | BV73: =BV2 -> 0 | CA73: Sep | CB73: 3981.9245 | CC73: 3893.0137 | CD73: 4071.7417 | CF73: 3140.475 | CG73: 3701.782 | CH73: 2873.464
A74: February | C74: =(SUM($AR74:$AV74)/SUM($AR$86:$AV$86))*C$86 -> 1.2300759 | D74: =(SUM($AR74:$AV74)/SUM($AR$86:$AV$86))*D$86 -> 1.9845225 | E74: =(SUM($AR74:$AV74)/SUM($AR$86:$AV$86))*E$86 -> 5.0023088 | F74: =(SUM($AR74:$AV74)/SUM($AR$86:$AV$86))*F$86 -> 1.0824668 | G74: =(SUM($AR74:$AV74)/SUM($AR$86:$AV$86))*G$86 -> 5.0843139 | H74: =(SUM($AR74:$AV74)/SUM($AR$86:$AV$86))*H$86 -> 4.7562936 | I74: =(SUM($AR74:$AV74)/SUM($AR$86:$AV$86))*I$86 -> 3.7722329 | J74: =(SUM($AR74:$AV74)/SUM($AR$86:$AV$86))*J$86 -> 16.778236 | ... AE74: =(SUM($AR74:$AV74)/SUM($AR$86:$AV$86))*AE$86 -> 68.621836 | AF74: ='[2]Brazil Soybean Exports'!$AM$290 -> 0 | AG74: ='[2]Brazil Soybean Exports'!AY$290 -> 0 | AH74: ='[2]Brazil Soybean Exports'!BK$290 -> 27.126111 | AI74: ='[2]Brazil Soybean Exports'!BW$290 -> 14.03 | AJ74: ='[2]Brazil Soybean Exports'!CI$290 -> 1.62416 | AK74: ='[2]Brazil Soybean Exports'!CU$290 -> 39.262486 | AL74: ='[2]Brazil Soybean Exports'!DG$290 -> 33.61162 | AM74: ='[2]Brazil Soybean Exports'!DS$290 -> 295.76626 | AN74: ='[2]Brazil Soybean Exports'!EE$290 -> 142.134 | AO74: ='[2]Brazil Soybean Exports'!EQ$290 -> 119.334 | AP74: ='[2]Brazil Soybean Exports'!FC$290 -> 373.40516 | AQ74: ='[2]Brazil Soybean Exports'!FO$290 -> 242.70911 | AR74: ='[2]Brazil Soybean Exports'!GA$290 -> 552.66864 | AS74: ='[2]Brazil Soybean Exports'!GM$290 -> 546.076 | AT74: ='[2]Brazil Soybean Exports'!GY$290 -> 387.006 | AU74: ='[2]Brazil Soybean Exports'!HK$290 -> 583.733 | AV74: ='[2]Brazil Soybean Exports'!HW$290 -> 80.946 | AW74: ='[2]Brazil Soybean Exports'!II$290 -> 229.536 | AX74: ='[2]Brazil Soybean Exports'!IU$290 -> 949.06 | AY74: ='[2]Brazil Soybean Exports'!JG$290 -> 6.288 | AZ74: ='[2]Brazil Soybean Exports'!JS$290 -> 222.405 | BA74: ='[2]Brazil Soybean Exports'!KE$290 -> 85.228 | BB74: ='[2]Brazil Soybean Exports'!KQ$290 -> 461.275 | BC74: ='[2]Brazil Soybean Exports'!LC$290 -> 911.82695 | BD74: ='[2]Brazil Soybean Exports'!LO$290 -> 1563.589 | BE74: 4232.4858 | BF74: 4849.4286 | BG74: 3416.7367 | BH74: 5521.6544 | BI74: 5299.5188 | BJ74: 6155.8887 | BK74: =6467.35929407/0.9002 -> 7184.3582 | BL74: =(SUM(BF74:BJ74)/SUM(BF$86:BJ$86))*BL$86 -> 8789.2877 | BM74: =(SUM(BG74:BK74)/SUM(BG$86:BK$86))*BM$86 -> 8745.2601 | BN74: =(SUM(BH74:BL74)/SUM(BH$86:BL$86))*BN$86 -> 9606.3728 | BO74: =(SUM(BI74:BM74)/SUM(BI$86:BM$86))*BO$86 -> 9319.3358 | BP74: =(SUM(BJ74:BN74)/SUM(BJ$86:BN$86))*BP$86 -> 10216.216 | BQ74: =(SUM(BK74:BO74)/SUM(BK$86:BO$86))*BQ$86 -> 10101.155 | BR74: =(SUM(BL74:BP74)/SUM(BL$86:BP$86))*BR$86 -> 10546.149 | BS74: =(SUM(BM74:BQ74)/SUM(BM$86:BQ$86))*BS$86 -> 10836.077 | ... BV74: =(SUM(BP74:BT74)/SUM(BP$86:BT$86))*BV$86 -> 0 | BX74: Feb | CA74: Oct | CB74: 4123.3786 | CC74: 4081.6524 | CD74: 4105.8399 | CF74: 3117.397 | CG74: 3338.045 | CH74: 2915.989
A75: March | C75: =(SUM($AR75:$AV75)/SUM($AR$86:$AV$86))*C$86 -> 3.4117998 | D75: =(SUM($AR75:$AV75)/SUM($AR$86:$AV$86))*D$86 -> 5.5043703 | E75: =(SUM($AR75:$AV75)/SUM($AR$86:$AV$86))*E$86 -> 13.874652 | F75: =(SUM($AR75:$AV75)/SUM($AR$86:$AV$86))*F$86 -> 3.0023838 | G75: =(SUM($AR75:$AV75)/SUM($AR$86:$AV$86))*G$86 -> 14.102106 | H75: =(SUM($AR75:$AV75)/SUM($AR$86:$AV$86))*H$86 -> 13.192293 | I75: =(SUM($AR75:$AV75)/SUM($AR$86:$AV$86))*I$86 -> 10.462853 | J75: =(SUM($AR75:$AV75)/SUM($AR$86:$AV$86))*J$86 -> 46.536949 | ... AE75: =(SUM($AR75:$AV75)/SUM($AR$86:$AV$86))*AE$86 -> 190.33294 | AF75: ='[2]Brazil Soybean Exports'!AN$290 -> 43.048 | AG75: ='[2]Brazil Soybean Exports'!AZ$290 -> 0.02 | AH75: ='[2]Brazil Soybean Exports'!BL$290 -> 0 | AI75: ='[2]Brazil Soybean Exports'!BX$290 -> 17.095 | AJ75: ='[2]Brazil Soybean Exports'!CJ$290 -> 21.2484 | AK75: ='[2]Brazil Soybean Exports'!CV$290 -> 142.74174 | AL75: ='[2]Brazil Soybean Exports'!DH$290 -> 59.205827 | AM75: ='[2]Brazil Soybean Exports'!DT$290 -> 92.302365 | AN75: ='[2]Brazil Soybean Exports'!EF$290 -> 154.259 | AO75: ='[2]Brazil Soybean Exports'!ER$290 -> 260.31 | AP75: ='[2]Brazil Soybean Exports'!FD$290 -> 727.63574 | AQ75: ='[2]Brazil Soybean Exports'!FP$290 -> 800.55916 | AR75: ='[2]Brazil Soybean Exports'!GB$290 -> 1189.1516 | AS75: ='[2]Brazil Soybean Exports'!GN$290 -> 1063.324 | AT75: ='[2]Brazil Soybean Exports'!GZ$290 -> 642.33 | AU75: ='[2]Brazil Soybean Exports'!HL$290 -> 1126.551 | AV75: ='[2]Brazil Soybean Exports'!HX$290 -> 1943.182 | AW75: ='[2]Brazil Soybean Exports'!IJ$290 -> 730.72 | AX75: ='[2]Brazil Soybean Exports'!IV$290 -> 2490.27 | AY75: ='[2]Brazil Soybean Exports'!JH$290 -> 2272.721 | AZ75: ='[2]Brazil Soybean Exports'!JT$290 -> 4261.518 | BA75: ='[2]Brazil Soybean Exports'!KF$290 -> 2837.711 | BB75: ='[2]Brazil Soybean Exports'!KR$290 -> 4112.57 | BC75: ='[2]Brazil Soybean Exports'!LD$290 -> 3509.4473 | BD75: ='[2]Brazil Soybean Exports'!LP$290 -> 2864.2527 | BE75: 6596.235 | BF75: 9198.2541 | BG75: 8292.038 | BH75: 7399.4057 | BI75: 10893.617 | BJ75: 8871.6411 | BK75: =9809.792831/0.9002 -> 10897.348 | BL75: =(SUM(BF75:BJ75)/SUM(BF$86:BJ$86))*BL$86 -> 15548.141 | BM75: =(SUM(BG75:BK75)/SUM(BG$86:BK$86))*BM$86 -> 14699.25 | BN75: =(SUM(BH75:BL75)/SUM(BH$86:BL$86))*BN$86 -> 15629.379 | BO75: =(SUM(BI75:BM75)/SUM(BI$86:BM$86))*BO$86 -> 15691.817 | BP75: =(SUM(BJ75:BN75)/SUM(BJ$86:BN$86))*BP$86 -> 16566.995 | BQ75: =(SUM(BK75:BO75)/SUM(BK$86:BO$86))*BQ$86 -> 16771.592 | BR75: =(SUM(BL75:BP75)/SUM(BL$86:BP$86))*BR$86 -> 17654.065 | BS75: =(SUM(BM75:BQ75)/SUM(BM$86:BQ$86))*BS$86 -> 17919.782 | ... BV75: =(SUM(BP75:BT75)/SUM(BP$86:BT$86))*BV$86 -> 0 | BX75: Mar | BY75: 10719 | CA75: Nov | CB75: 3311.9207 | CC75: 3811.8645 | CD75: 3980.2054 | CF75: 2975.869 | CG75: 2920.428 | CH75: 3321.91
A76: April | C76: =(SUM($AR76:$AV76)/SUM($AR$86:$AV$86))*C$86 -> 9.6363955 | D76: =(SUM($AR76:$AV76)/SUM($AR$86:$AV$86))*D$86 -> 15.546718 | E76: =(SUM($AR76:$AV76)/SUM($AR$86:$AV$86))*E$86 -> 39.188008 | F76: =(SUM($AR76:$AV76)/SUM($AR$86:$AV$86))*F$86 -> 8.4800281 | G76: =(SUM($AR76:$AV76)/SUM($AR$86:$AV$86))*G$86 -> 39.830435 | H76: =(SUM($AR76:$AV76)/SUM($AR$86:$AV$86))*H$86 -> 37.260729 | I76: =(SUM($AR76:$AV76)/SUM($AR$86:$AV$86))*I$86 -> 29.551613 | J76: =(SUM($AR76:$AV76)/SUM($AR$86:$AV$86))*J$86 -> 131.44043 | ... AE76: =(SUM($AR76:$AV76)/SUM($AR$86:$AV$86))*AE$86 -> 537.58238 | AF76: ='[2]Brazil Soybean Exports'!AO$290 -> 485.73595 | AG76: ='[2]Brazil Soybean Exports'!BA$290 -> 164.8 | AH76: ='[2]Brazil Soybean Exports'!BM$290 -> 290.956 | AI76: ='[2]Brazil Soybean Exports'!BY$290 -> 550.15755 | AJ76: ='[2]Brazil Soybean Exports'!CK$290 -> 399.34604 | AK76: ='[2]Brazil Soybean Exports'!CW$290 -> 523.87789 | AL76: ='[2]Brazil Soybean Exports'!DI$290 -> 563.36534 | AM76: ='[2]Brazil Soybean Exports'!DU$290 -> 902.75359 | AN76: ='[2]Brazil Soybean Exports'!EG$290 -> 1995.6369 | AO76: ='[2]Brazil Soybean Exports'!ES$290 -> 2440.288 | AP76: ='[2]Brazil Soybean Exports'!FE$290 -> 2211.9618 | AQ76: ='[2]Brazil Soybean Exports'!FQ$290 -> 2388.4896 | AR76: ='[2]Brazil Soybean Exports'!GC$290 -> 3033.6869 | AS76: ='[2]Brazil Soybean Exports'!GO$290 -> 2992.746 | AT76: ='[2]Brazil Soybean Exports'!HA$290 -> 3194.652 | AU76: ='[2]Brazil Soybean Exports'!HM$290 -> 3861.82 | AV76: ='[2]Brazil Soybean Exports'!HY$290 -> 3763.527 | AW76: ='[2]Brazil Soybean Exports'!IK$290 -> 3658.408 | AX76: ='[2]Brazil Soybean Exports'!IW$290 -> 5204.037 | AY76: ='[2]Brazil Soybean Exports'!JI$290 -> 5170.634 | AZ76: ='[2]Brazil Soybean Exports'!JU$290 -> 7750.034 | BA76: ='[2]Brazil Soybean Exports'!KG$290 -> 6721.323 | BB76: ='[2]Brazil Soybean Exports'!KS$290 -> 9166.897 | BC76: ='[2]Brazil Soybean Exports'!LE$290 -> 8979.1274 | BD76: ='[2]Brazil Soybean Exports'!LQ$290 -> 8813.7598 | BE76: 6721.5886 | BF76: 10430.3 | BG76: 10693.594 | BH76: 7660.5497 | BI76: 10766.824 | BJ76: 8606.9095 | BK76: =8239.0257/0.9002 -> 9152.4391 | BL76: =(SUM(BF76:BJ76)/SUM(BF$86:BJ$86))*BL$86 -> 16767.907 | BM76: =(SUM(BG76:BK76)/SUM(BG$86:BK$86))*BM$86 -> 14866.133 | BN76: =(SUM(BH76:BL76)/SUM(BH$86:BL$86))*BN$86 -> 15438.269 | BO76: =(SUM(BI76:BM76)/SUM(BI$86:BM$86))*BO$86 -> 15498.656 | BP76: =(SUM(BJ76:BN76)/SUM(BJ$86:BN$86))*BP$86 -> 16361.54 | BQ76: =(SUM(BK76:BO76)/SUM(BK$86:BO$86))*BQ$86 -> 16599.74 | BR76: =(SUM(BL76:BP76)/SUM(BL$86:BP$86))*BR$86 -> 17834.122 | BS76: =(SUM(BM76:BQ76)/SUM(BM$86:BQ$86))*BS$86 -> 17785.496 | ... BV76: =(SUM(BP76:BT76)/SUM(BP$86:BT$86))*BV$86 -> 0 | BX76: Apr | BY76: 14300 | CA76: Dec | CB76: 3363.768 | CC76: 3956.9014 | CD76: 3943.8198 | CF76: 846.919 | CG76: 2957.255 | CH76: 2620.223
A77: May | C77: =(SUM($AR77:$AV77)/SUM($AR$86:$AV$86))*C$86 -> 12.497193 | D77: =(SUM($AR77:$AV77)/SUM($AR$86:$AV$86))*D$86 -> 20.162138 | E77: =(SUM($AR77:$AV77)/SUM($AR$86:$AV$86))*E$86 -> 50.821917 | F77: =(SUM($AR77:$AV77)/SUM($AR$86:$AV$86))*F$86 -> 10.99753 | G77: =(SUM($AR77:$AV77)/SUM($AR$86:$AV$86))*G$86 -> 51.655064 | H77: =(SUM($AR77:$AV77)/SUM($AR$86:$AV$86))*H$86 -> 48.322479 | I77: =(SUM($AR77:$AV77)/SUM($AR$86:$AV$86))*I$86 -> 38.324725 | J77: =(SUM($AR77:$AV77)/SUM($AR$86:$AV$86))*J$86 -> 170.46171 | ... AE77: =(SUM($AR77:$AV77)/SUM($AR$86:$AV$86))*AE$86 -> 697.17673 | AF77: ='[2]Brazil Soybean Exports'!AP$290 -> 1212.225 | AG77: ='[2]Brazil Soybean Exports'!BB$290 -> 703.38844 | AH77: ='[2]Brazil Soybean Exports'!BN$290 -> 955.98147 | AI77: ='[2]Brazil Soybean Exports'!BZ$290 -> 1598.8864 | AJ77: ='[2]Brazil Soybean Exports'!CL$290 -> 1859.8168 | AK77: ='[2]Brazil Soybean Exports'!CX$290 -> 1568.1706 | AL77: ='[2]Brazil Soybean Exports'!DJ$290 -> 1605.2319 | AM77: ='[2]Brazil Soybean Exports'!DV$290 -> 1992.2612 | AN77: ='[2]Brazil Soybean Exports'!EH$290 -> 1930.592 | AO77: ='[2]Brazil Soybean Exports'!ET$290 -> 3805.805 | AP77: ='[2]Brazil Soybean Exports'!FF$290 -> 3438.3761 | AQ77: ='[2]Brazil Soybean Exports'!FR$290 -> 2618.1842 | AR77: ='[2]Brazil Soybean Exports'!GD$290 -> 4121.9591 | AS77: ='[2]Brazil Soybean Exports'!GP$290 -> 3328.03 | AT77: ='[2]Brazil Soybean Exports'!HB$290 -> 4067.214 | AU77: ='[2]Brazil Soybean Exports'!HN$290 -> 4877.878 | AV77: ='[2]Brazil Soybean Exports'!HZ$290 -> 5452.622 | AW77: ='[2]Brazil Soybean Exports'!IL$290 -> 5443.796 | AX77: ='[2]Brazil Soybean Exports'!IX$290 -> 5973.421 | AY77: ='[2]Brazil Soybean Exports'!JJ$290 -> 8263.49 | AZ77: ='[2]Brazil Soybean Exports'!JV$290 -> 7329.512 | BA77: ='[2]Brazil Soybean Exports'!KH$290 -> 9217.37 | BB77: ='[2]Brazil Soybean Exports'!KT$290 -> 11211.545 | BC77: ='[2]Brazil Soybean Exports'!LF$290 -> 10432.129 | BD77: ='[2]Brazil Soybean Exports'!LR$290 -> 10258.7 | BE77: 6849.4836 | BF77: 10037.656 | BG77: 10001.364 | BH77: 6897.7777 | BI77: 11077.688 | BJ77: 8789.5006 | BK77: =8314.465193/0.9002 -> 9236.2422 | BL77: =(SUM(BF77:BJ77)/SUM(BF$86:BJ$86))*BL$86 -> 16296.399 | BM77: =(SUM(BG77:BK77)/SUM(BG$86:BK$86))*BM$86 -> 14587.793 | BN77: =(SUM(BH77:BL77)/SUM(BH$86:BL$86))*BN$86 -> 15246.723 | BO77: =(SUM(BI77:BM77)/SUM(BI$86:BM$86))*BO$86 -> 15454.192 | BP77: =(SUM(BJ77:BN77)/SUM(BJ$86:BN$86))*BP$86 -> 16191.19 | BQ77: =(SUM(BK77:BO77)/SUM(BK$86:BO$86))*BQ$86 -> 16390.967 | BR77: =(SUM(BL77:BP77)/SUM(BL$86:BP$86))*BR$86 -> 17572.887 | BS77: =(SUM(BM77:BQ77)/SUM(BM$86:BQ$86))*BS$86 -> 17583.744 | ... BV77: =(SUM(BP77:BT77)/SUM(BP$86:BT$86))*BV$86 -> 0 | BX77: May | BY77: =(BY76/BY75)-1 -> 0.33407967 | CA77: Jan | CB77: 2549.5418 | CC77: 3119.2554 | CD77: 3758.3572 | CF77: 3228.878 | CG77: 2517.871 | CH77: 1884.771
A78: June | C78: =(SUM($AR78:$AV78)/SUM($AR$86:$AV$86))*C$86 -> 11.573636 | D78: =(SUM($AR78:$AV78)/SUM($AR$86:$AV$86))*D$86 -> 18.672132 | E78: =(SUM($AR78:$AV78)/SUM($AR$86:$AV$86))*E$86 -> 47.066119 | F78: =(SUM($AR78:$AV78)/SUM($AR$86:$AV$86))*F$86 -> 10.184799 | G78: =(SUM($AR78:$AV78)/SUM($AR$86:$AV$86))*G$86 -> 47.837694 | H78: =(SUM($AR78:$AV78)/SUM($AR$86:$AV$86))*H$86 -> 44.751392 | I78: =(SUM($AR78:$AV78)/SUM($AR$86:$AV$86))*I$86 -> 35.492483 | J78: =(SUM($AR78:$AV78)/SUM($AR$86:$AV$86))*J$86 -> 157.86439 | ... AE78: =(SUM($AR78:$AV78)/SUM($AR$86:$AV$86))*AE$86 -> 645.65456 | AF78: ='[2]Brazil Soybean Exports'!AQ$290 -> 1217.1377 | AG78: ='[2]Brazil Soybean Exports'!BC$290 -> 809.99896 | AH78: ='[2]Brazil Soybean Exports'!BO$290 -> 643.49159 | AI78: ='[2]Brazil Soybean Exports'!CA$290 -> 1697.3127 | AJ78: ='[2]Brazil Soybean Exports'!CM$290 -> 1894.6127 | AK78: ='[2]Brazil Soybean Exports'!CY$290 -> 1860.8943 | AL78: ='[2]Brazil Soybean Exports'!DK$290 -> 1769.8145 | AM78: ='[2]Brazil Soybean Exports'!DW$290 -> 2541.3357 | AN78: ='[2]Brazil Soybean Exports'!EI$290 -> 2179.298 | AO78: ='[2]Brazil Soybean Exports'!EU$290 -> 3137.969 | AP78: ='[2]Brazil Soybean Exports'!FG$290 -> 3480.7852 | AQ78: ='[2]Brazil Soybean Exports'!FS$290 -> 2891.1067 | AR78: ='[2]Brazil Soybean Exports'!GE$290 -> 3268.2674 | AS78: ='[2]Brazil Soybean Exports'!GQ$290 -> 2981.997 | AT78: ='[2]Brazil Soybean Exports'!HC$290 -> 3801.233 | AU78: ='[2]Brazil Soybean Exports'!HO$290 -> 5160.927 | AV78: ='[2]Brazil Soybean Exports'!IA$290 -> 5020.708 | AW78: ='[2]Brazil Soybean Exports'!IM$290 -> 5295.69 | AX78: ='[2]Brazil Soybean Exports'!IY$290 -> 5574.081 | AY78: ='[2]Brazil Soybean Exports'!JK$290 -> 7398.468 | AZ78: ='[2]Brazil Soybean Exports'!JW$290 -> 7233.037 | BA78: ='[2]Brazil Soybean Exports'!KI$290 -> 8144.709 | BB78: ='[2]Brazil Soybean Exports'!KU$290 -> 8670.129 | BC78: ='[2]Brazil Soybean Exports'!LG$290 -> 10959.858 | BD78: ='[2]Brazil Soybean Exports'!LS$290 -> 12353.479 | BE78: 5199.3959 | BF78: 8171.7197 | BG78: 7068.4516 | BH78: 6278.2584 | BI78: 10271.327 | BJ78: 8805.7185 | BK78: =8179.757003/0.9002 -> 9086.5996 | BL78: =(SUM(BF78:BJ78)/SUM(BF$86:BJ$86))*BL$86 -> 14134.695 | BM78: =(SUM(BG78:BK78)/SUM(BG$86:BK$86))*BM$86 -> 13163.275 | BN78: =(SUM(BH78:BL78)/SUM(BH$86:BL$86))*BN$86 -> 14161.908 | BO78: =(SUM(BI78:BM78)/SUM(BI$86:BM$86))*BO$86 -> 14288.188 | BP78: =(SUM(BJ78:BN78)/SUM(BJ$86:BN$86))*BP$86 -> 14978.69 | BQ78: =(SUM(BK78:BO78)/SUM(BK$86:BO$86))*BQ$86 -> 15005.403 | BR78: =(SUM(BL78:BP78)/SUM(BL$86:BP$86))*BR$86 -> 15980.104 | BS78: =(SUM(BM78:BQ78)/SUM(BM$86:BQ$86))*BS$86 -> 16167.169 | ... BV78: =(SUM(BP78:BT78)/SUM(BP$86:BT$86))*BV$86 -> 0 | BX78: Jun | CB78: =AVERAGE(CB66:CB77) -> 3871.7119 | CC78: =AVERAGE(CC66:CC77) -> 4010.0688 | CD78: =AVERAGE(CD66:CD77) -> 4294.2192 | CE78: =AVERAGE(CE66:CE77) -> 4654.1773 | CF78: =AVERAGE(CF66:CF77) -> 3155.9912 | CG78: =AVERAGE(CG66:CG77) -> 3421.1244 | CH78: =AVERAGE(CH66:CH77) -> 2992.5808 | CI78: =AVERAGE(CI66:CI77) -> 2608.57
A79: July | C79: =(SUM($AR79:$AV79)/SUM($AR$86:$AV$86))*C$86 -> 10.419795 | D79: =(SUM($AR79:$AV79)/SUM($AR$86:$AV$86))*D$86 -> 16.810603 | E79: =(SUM($AR79:$AV79)/SUM($AR$86:$AV$86))*E$86 -> 42.373833 | F79: =(SUM($AR79:$AV79)/SUM($AR$86:$AV$86))*F$86 -> 9.1694197 | G79: =(SUM($AR79:$AV79)/SUM($AR$86:$AV$86))*G$86 -> 43.068486 | H79: =(SUM($AR79:$AV79)/SUM($AR$86:$AV$86))*H$86 -> 40.289874 | I79: =(SUM($AR79:$AV79)/SUM($AR$86:$AV$86))*I$86 -> 31.954038 | J79: =(SUM($AR79:$AV79)/SUM($AR$86:$AV$86))*J$86 -> 142.12601 | ... AE79: =(SUM($AR79:$AV79)/SUM($AR$86:$AV$86))*AE$86 -> 581.28564 | AF79: ='[2]Brazil Soybean Exports'!AR$290 -> 773.6995 | AG79: ='[2]Brazil Soybean Exports'!BD$290 -> 635.23073 | AH79: ='[2]Brazil Soybean Exports'!BP$290 -> 503.32422 | AI79: ='[2]Brazil Soybean Exports'!CB$290 -> 1345.8088 | AJ79: ='[2]Brazil Soybean Exports'!CN$290 -> 1468.3382 | AK79: ='[2]Brazil Soybean Exports'!CZ$290 -> 1422.1796 | AL79: ='[2]Brazil Soybean Exports'!DL$290 -> 1791.6138 | AM79: ='[2]Brazil Soybean Exports'!DX$290 -> 2652.6236 | AN79: ='[2]Brazil Soybean Exports'!EJ$290 -> 1891.897 | AO79: ='[2]Brazil Soybean Exports'!EV$290 -> 2626.419 | AP79: ='[2]Brazil Soybean Exports'!FH$290 -> 2409.153 | AQ79: ='[2]Brazil Soybean Exports'!FT$290 -> 3010.4316 | AR79: ='[2]Brazil Soybean Exports'!GF$290 -> 2737.331 | AS79: ='[2]Brazil Soybean Exports'!GR$290 -> 3274.357 | AT79: ='[2]Brazil Soybean Exports'!HD$290 -> 3679.275 | AU79: ='[2]Brazil Soybean Exports'!HP$290 -> 4661.507 | AV79: ='[2]Brazil Soybean Exports'!IB$290 -> 3863.508 | AW79: ='[2]Brazil Soybean Exports'!IN$290 -> 3994.844 | AX79: ='[2]Brazil Soybean Exports'!IZ$290 -> 4447.681 | AY79: ='[2]Brazil Soybean Exports'!JL$290 -> 6477.654 | AZ79: ='[2]Brazil Soybean Exports'!JX$290 -> 7093.73 | BA79: ='[2]Brazil Soybean Exports'!KJ$290 -> 8392.388 | BB79: ='[2]Brazil Soybean Exports'!KV$290 -> 7594.588 | BC79: ='[2]Brazil Soybean Exports'!LH$290 -> 9197.0208 | BD79: ='[2]Brazil Soybean Exports'!LT$290 -> 10420.13 | BE79: 3769.5692 | BF79: 5296.4891 | BG79: 5788.4753 | BH79: 4589.5756 | BI79: 7857.3204 | BJ79: 6232.1219 | BK79: =7305.867021/0.9002 -> 8115.8265 | BL79: =(SUM(BF79:BJ79)/SUM(BF$86:BJ$86))*BL$86 -> 10363.342 | BM79: =(SUM(BG79:BK79)/SUM(BG$86:BK$86))*BM$86 -> 10332.438 | BN79: =(SUM(BH79:BL79)/SUM(BH$86:BL$86))*BN$86 -> 10833.011 | BO79: =(SUM(BI79:BM79)/SUM(BI$86:BM$86))*BO$86 -> 11052.298 | BP79: =(SUM(BJ79:BN79)/SUM(BJ$86:BN$86))*BP$86 -> 11577.895 | BQ79: =(SUM(BK79:BO79)/SUM(BK$86:BO$86))*BQ$86 -> 11733.347 | BR79: =(SUM(BL79:BP79)/SUM(BL$86:BP$86))*BR$86 -> 12236.758 | BS79: =(SUM(BM79:BQ79)/SUM(BM$86:BQ$86))*BS$86 -> 12538.804 | ... BV79: =(SUM(BP79:BT79)/SUM(BP$86:BT$86))*BV$86 -> 0 | BX79: Jul | CD79: 3883 | CE79: =(CE78/CD79)-1 -> 0.19860347 | CH79: 3291 | CI79: =(CI78/CH79)-1 -> -0.2073625
A80: August | C80: =(SUM($AR80:$AV80)/SUM($AR$86:$AV$86))*C$86 -> 8.937836 | D80: =(SUM($AR80:$AV80)/SUM($AR$86:$AV$86))*D$86 -> 14.419709 | E80: =(SUM($AR80:$AV80)/SUM($AR$86:$AV$86))*E$86 -> 36.3472 | F80: =(SUM($AR80:$AV80)/SUM($AR$86:$AV$86))*F$86 -> 7.8652957 | G80: =(SUM($AR80:$AV80)/SUM($AR$86:$AV$86))*G$86 -> 36.943056 | H80: =(SUM($AR80:$AV80)/SUM($AR$86:$AV$86))*H$86 -> 34.559633 | I80: =(SUM($AR80:$AV80)/SUM($AR$86:$AV$86))*I$86 -> 27.409364 | J80: =(SUM($AR80:$AV80)/SUM($AR$86:$AV$86))*J$86 -> 121.91208 | ... AE80: =(SUM($AR80:$AV80)/SUM($AR$86:$AV$86))*AE$86 -> 498.61208 | AF80: ='[2]Brazil Soybean Exports'!AS$290 -> 706.97735 | AG80: ='[2]Brazil Soybean Exports'!BE$290 -> 562.39956 | AH80: ='[2]Brazil Soybean Exports'!BQ$290 -> 425.61696 | AI80: ='[2]Brazil Soybean Exports'!CC$290 -> 1670.2515 | AJ80: ='[2]Brazil Soybean Exports'!CO$290 -> 1160.3335 | AK80: ='[2]Brazil Soybean Exports'!DA$290 -> 1258.348 | AL80: ='[2]Brazil Soybean Exports'!DM$290 -> 1851.2914 | AM80: ='[2]Brazil Soybean Exports'!DY$290 -> 1952.5563 | AN80: ='[2]Brazil Soybean Exports'!EK$290 -> 2198.628 | AO80: ='[2]Brazil Soybean Exports'!EW$290 -> 2942.146 | AP80: ='[2]Brazil Soybean Exports'!FI$290 -> 2102.4178 | AQ80: ='[2]Brazil Soybean Exports'!FU$290 -> 2327.8256 | AR80: ='[2]Brazil Soybean Exports'!GG$290 -> 3208.955 | AS80: ='[2]Brazil Soybean Exports'!GS$290 -> 2583.181 | AT80: ='[2]Brazil Soybean Exports'!HE$290 -> 3219.323 | AU80: ='[2]Brazil Soybean Exports'!HQ$290 -> 3298.587 | AV80: ='[2]Brazil Soybean Exports'!IC$290 -> 3315.158 | AW80: ='[2]Brazil Soybean Exports'!IO$290 -> 3501.348 | AX80: ='[2]Brazil Soybean Exports'!JA$290 -> 3825.136 | AY80: ='[2]Brazil Soybean Exports'!JM$290 -> 5159.367 | AZ80: ='[2]Brazil Soybean Exports'!JY$290 -> 5003.204 | BA80: ='[2]Brazil Soybean Exports'!KK$290 -> 6786.72 | BB80: ='[2]Brazil Soybean Exports'!KW$290 -> 4962.672 | BC80: ='[2]Brazil Soybean Exports'!LI$290 -> 6954.9804 | BD80: ='[2]Brazil Soybean Exports'!LU$290 -> 10198.036 | BE80: 3700.3045 | BF80: 4313.6277 | BG80: 4054.6763 | BH80: 3109.279 | BI80: 5635.1357 | BJ80: 5696.0789 | BK80: =5112.31465572/0.9002 -> 5679.0876 | BL80: =(SUM(BF80:BJ80)/SUM(BF$86:BJ$86))*BL$86 -> 7941.6583 | BM80: =(SUM(BG80:BK80)/SUM(BG$86:BK$86))*BM$86 -> 7665.8556 | BN80: =(SUM(BH80:BL80)/SUM(BH$86:BL$86))*BN$86 -> 8180.9085 | BO80: =(SUM(BI80:BM80)/SUM(BI$86:BM$86))*BO$86 -> 8403.1002 | BP80: =(SUM(BJ80:BN80)/SUM(BJ$86:BN$86))*BP$86 -> 8874.2211 | BQ80: =(SUM(BK80:BO80)/SUM(BK$86:BO$86))*BQ$86 -> 8764.8137 | BR80: =(SUM(BL80:BP80)/SUM(BL$86:BP$86))*BR$86 -> 9278.4526 | BS80: =(SUM(BM80:BQ80)/SUM(BM$86:BQ$86))*BS$86 -> 9458.7837 | ... BV80: =(SUM(BP80:BT80)/SUM(BP$86:BT$86))*BV$86 -> 0 | BX80: Aug
A81: September | C81: =(SUM($AR81:$AV81)/SUM($AR$86:$AV$86))*C$86 -> 7.0510317 | D81: =(SUM($AR81:$AV81)/SUM($AR$86:$AV$86))*D$86 -> 11.375664 | E81: =(SUM($AR81:$AV81)/SUM($AR$86:$AV$86))*E$86 -> 28.674196 | F81: =(SUM($AR81:$AV81)/SUM($AR$86:$AV$86))*F$86 -> 6.2049079 | G81: =(SUM($AR81:$AV81)/SUM($AR$86:$AV$86))*G$86 -> 29.144264 | H81: =(SUM($AR81:$AV81)/SUM($AR$86:$AV$86))*H$86 -> 27.263989 | I81: =(SUM($AR81:$AV81)/SUM($AR$86:$AV$86))*I$86 -> 21.623164 | J81: =(SUM($AR81:$AV81)/SUM($AR$86:$AV$86))*J$86 -> 96.176072 | ... AD81: =(SUM($AR81:$AV81)/SUM($AR$86:$AV$86))*AD$86 -> 365.43147 | AE81: =AE86-SUM(AE74:AE80,AE82:AE85) -> 603.1262 | AF81: ='[2]Brazil Soybean Exports'!AT$290 -> 541.61988 | AG81: ='[2]Brazil Soybean Exports'!BF$290 -> 351.55425 | AH81: ='[2]Brazil Soybean Exports'!BR$290 -> 376.03467 | AI81: ='[2]Brazil Soybean Exports'!CD$290 -> 986.59781 | AJ81: ='[2]Brazil Soybean Exports'!CP$290 -> 881.38783 | AK81: ='[2]Brazil Soybean Exports'!DB$290 -> 774.4755 | AL81: ='[2]Brazil Soybean Exports'!DN$290 -> 2010.6709 | AM81: ='[2]Brazil Soybean Exports'!DZ$290 -> 2495.8389 | AN81: ='[2]Brazil Soybean Exports'!EL$290 -> 1880.626 | AO81: ='[2]Brazil Soybean Exports'!EX$290 -> 2120.616 | AP81: ='[2]Brazil Soybean Exports'!FJ$290 -> 2258.2353 | AQ81: ='[2]Brazil Soybean Exports'!FV$290 -> 2570.7123 | AR81: ='[2]Brazil Soybean Exports'!GH$290 -> 2039.422 | AS81: ='[2]Brazil Soybean Exports'!GT$290 -> 2590.923 | AT81: ='[2]Brazil Soybean Exports'!HF$290 -> 1844.127 | AU81: ='[2]Brazil Soybean Exports'!HR$290 -> 2960.26 | AV81: ='[2]Brazil Soybean Exports'!ID$290 -> 2891.944 | AW81: ='[2]Brazil Soybean Exports'!IP$290 -> 3694.479 | AX81: ='[2]Brazil Soybean Exports'!JB$290 -> 2362.93 | AY81: ='[2]Brazil Soybean Exports'!JN$290 -> 3901.607 | AZ81: ='[2]Brazil Soybean Exports'!JZ$290 -> 3905.27 | BA81: ='[2]Brazil Soybean Exports'!KL$290 -> 5428.979 | BB81: ='[2]Brazil Soybean Exports'!KX$290 -> 3033.585 | BC81: ='[2]Brazil Soybean Exports'!LJ$290 -> 5952.4113 | BD81: ='[2]Brazil Soybean Exports'!LV$290 -> 8118.3288 | BE81: 3531.6332 | BF81: 3200.1691 | BG81: 3375.8942 | BH81: 2820.6618 | BI81: 5027.9302 | BJ81: 3971.3872 | BK81: =4738.720046/0.9002 -> 5264.0747 | BL81: =(SUM(BF81:BJ81)/SUM(BF$86:BJ$86))*BL$86 -> 6405.2076 | BM81: =(SUM(BG81:BK81)/SUM(BG$86:BK$86))*BM$86 -> 6488.0176 | BN81: =(SUM(BH81:BL81)/SUM(BH$86:BL$86))*BN$86 -> 6848.0047 | BO81: =(SUM(BI81:BM81)/SUM(BI$86:BM$86))*BO$86 -> 6996.1696 | BP81: =(SUM(BJ81:BN81)/SUM(BJ$86:BN$86))*BP$86 -> 7312.8363 | BQ81: =(SUM(BK81:BO81)/SUM(BK$86:BO$86))*BQ$86 -> 7406.4547 | BR81: =(SUM(BL81:BP81)/SUM(BL$86:BP$86))*BR$86 -> 7693.3587 | BS81: =(SUM(BM81:BQ81)/SUM(BM$86:BQ$86))*BS$86 -> 7914.851 | ... BV81: =(SUM(BP81:BT81)/SUM(BP$86:BT$86))*BV$86 -> 0 | BX81: Sep
A82: October | C82: =(SUM($AR82:$AV82)/SUM($AR$86:$AV$86))*C$86 -> 4.7558843 | D82: =(SUM($AR82:$AV82)/SUM($AR$86:$AV$86))*D$86 -> 7.6728267 | E82: =(SUM($AR82:$AV82)/SUM($AR$86:$AV$86))*E$86 -> 19.340596 | F82: =(SUM($AR82:$AV82)/SUM($AR$86:$AV$86))*F$86 -> 4.1851782 | G82: =(SUM($AR82:$AV82)/SUM($AR$86:$AV$86))*G$86 -> 19.657655 | H82: =(SUM($AR82:$AV82)/SUM($AR$86:$AV$86))*H$86 -> 18.389419 | I82: =(SUM($AR82:$AV82)/SUM($AR$86:$AV$86))*I$86 -> 14.584712 | J82: =(SUM($AR82:$AV82)/SUM($AR$86:$AV$86))*J$86 -> 64.870262 | ... AD82: =(SUM($AR82:$AV82)/SUM($AR$86:$AV$86))*AD$86 -> 246.48163 | AE82: ='[2]Brazil Soybean Exports'!$AI$290 -> 263.60301 | AF82: ='[2]Brazil Soybean Exports'!AU$290 -> 297.82067 | AG82: ='[2]Brazil Soybean Exports'!BG$290 -> 197.51124 | AH82: ='[2]Brazil Soybean Exports'!BS$290 -> 229.03334 | AI82: ='[2]Brazil Soybean Exports'!CE$290 -> 348.74601 | AJ82: ='[2]Brazil Soybean Exports'!CQ$290 -> 962.46919 | AK82: ='[2]Brazil Soybean Exports'!DC$290 -> 703.31815 | AL82: ='[2]Brazil Soybean Exports'!DO$290 -> 791.79539 | AM82: ='[2]Brazil Soybean Exports'!EA$290 -> 1502.6522 | AN82: ='[2]Brazil Soybean Exports'!EM$290 -> 2123.294 | AO82: ='[2]Brazil Soybean Exports'!EY$290 -> 1337.129 | AP82: ='[2]Brazil Soybean Exports'!FK$290 -> 1432.618 | AQ82: ='[2]Brazil Soybean Exports'!FW$290 -> 2039.5597 | AR82: ='[2]Brazil Soybean Exports'!GI$290 -> 2089.953 | AS82: ='[2]Brazil Soybean Exports'!GU$290 -> 1728.866 | AT82: ='[2]Brazil Soybean Exports'!HG$290 -> 1540.641 | AU82: ='[2]Brazil Soybean Exports'!HS$290 -> 1156.822 | AV82: ='[2]Brazil Soybean Exports'!IE$290 -> 1797.997 | AW82: ='[2]Brazil Soybean Exports'!IQ$290 -> 2146.015 | AX82: ='[2]Brazil Soybean Exports'!JC$290 -> 1115.123 | AY82: ='[2]Brazil Soybean Exports'!JO$290 -> 2670.949 | AZ82: ='[2]Brazil Soybean Exports'!KA$290 -> 1613.353 | BA82: ='[2]Brazil Soybean Exports'!KM$290 -> 3158.022 | BB82: ='[2]Brazil Soybean Exports'!KY$290 -> 1345.18 | BC82: ='[2]Brazil Soybean Exports'!LK$290 -> 4272.4629 | BD82: ='[2]Brazil Soybean Exports'!LW$290 -> 4560.7014 | BE82: 3832.6856 | BF82: 1900.5724 | BG82: 2602.9266 | BH82: 2545.8865 | BI82: 4711.4191 | BJ82: 3499.3512 | BK82: =(SUM(BE82:BI82)/SUM(BE$86:BI$86))*BK$86 -> 5415.6155 | BL82: =(SUM(BF82:BJ82)/SUM(BF$86:BJ$86))*BL$86 -> 5313.342 | BM82: =(SUM(BG82:BK82)/SUM(BG$86:BK$86))*BM$86 -> 5953.7698 | BN82: =(SUM(BH82:BL82)/SUM(BH$86:BL$86))*BN$86 -> 6263.866 | BO82: =(SUM(BI82:BM82)/SUM(BI$86:BM$86))*BO$86 -> 6413.1379 | BP82: =(SUM(BJ82:BN82)/SUM(BJ$86:BN$86))*BP$86 -> 6674.1526 | BQ82: =(SUM(BK82:BO82)/SUM(BK$86:BO$86))*BQ$86 -> 6795.047 | BR82: =(SUM(BL82:BP82)/SUM(BL$86:BP$86))*BR$86 -> 6917.9351 | ... BV82: =(SUM(BP82:BT82)/SUM(BP$86:BT$86))*BV$86 -> 0 | BX82: Oct
A83: November | C83: =(SUM($AR83:$AV83)/SUM($AR$86:$AV$86))*C$86 -> 2.9248147 | D83: =(SUM($AR83:$AV83)/SUM($AR$86:$AV$86))*D$86 -> 4.7187011 | E83: =(SUM($AR83:$AV83)/SUM($AR$86:$AV$86))*E$86 -> 11.894247 | F83: =(SUM($AR83:$AV83)/SUM($AR$86:$AV$86))*F$86 -> 2.573837 | G83: =(SUM($AR83:$AV83)/SUM($AR$86:$AV$86))*G$86 -> 12.089234 | H83: =(SUM($AR83:$AV83)/SUM($AR$86:$AV$86))*H$86 -> 11.309284 | I83: =(SUM($AR83:$AV83)/SUM($AR$86:$AV$86))*I$86 -> 8.9694319 | J83: =(SUM($AR83:$AV83)/SUM($AR$86:$AV$86))*J$86 -> 39.894473 | ... AD83: =(SUM($AR83:$AV83)/SUM($AR$86:$AV$86))*AD$86 -> 151.5834 | AE83: ='[2]Brazil Soybean Exports'!$AJ$290 -> 38.969 | AF83: ='[2]Brazil Soybean Exports'!AV$290 -> 107.44713 | AG83: ='[2]Brazil Soybean Exports'!BH$290 -> 56.3962 | AH83: ='[2]Brazil Soybean Exports'!BT$290 -> 143.95603 | AI83: ='[2]Brazil Soybean Exports'!CF$290 -> 105.54094 | AJ83: ='[2]Brazil Soybean Exports'!CR$290 -> 409.85908 | AK83: ='[2]Brazil Soybean Exports'!DD$290 -> 322.83748 | AL83: ='[2]Brazil Soybean Exports'!DP$290 -> 597.95163 | AM83: ='[2]Brazil Soybean Exports'!EB$290 -> 827.86331 | AN83: ='[2]Brazil Soybean Exports'!EN$290 -> 939.402 | AO83: ='[2]Brazil Soybean Exports'!EZ$290 -> 1176.935 | AP83: ='[2]Brazil Soybean Exports'!FL$290 -> 547.59441 | AQ83: ='[2]Brazil Soybean Exports'!FX$290 -> 1634.4987 | AR83: ='[2]Brazil Soybean Exports'!GJ$290 -> 1298.546 | AS83: ='[2]Brazil Soybean Exports'!GV$290 -> 1451.341 | AT83: ='[2]Brazil Soybean Exports'!HH$290 -> 1022.135 | AU83: ='[2]Brazil Soybean Exports'!HT$290 -> 710.375 | AV83: ='[2]Brazil Soybean Exports'!IF$290 -> 630.79 | AW83: ='[2]Brazil Soybean Exports'!IR$290 -> 1534.686 | AX83: ='[2]Brazil Soybean Exports'!JD$290 -> 467.731 | AY83: ='[2]Brazil Soybean Exports'!JP$290 -> 1171.201 | AZ83: ='[2]Brazil Soybean Exports'!KB$290 -> 553.105 | BA83: ='[2]Brazil Soybean Exports'!KN$290 -> 1998.052 | BB83: ='[2]Brazil Soybean Exports'!KZ$290 -> 558.948 | BC83: ='[2]Brazil Soybean Exports'!LL$290 -> 2486.9381 | BD83: ='[2]Brazil Soybean Exports'!LX$290 -> 5218.4297 | BE83: 3469.2234 | BF83: 716.96584 | BG83: 1694.0824 | BH83: 1503.8411 | BI83: 3343.9898 | BJ83: 2017.0482 | BK83: =(SUM(BE83:BI83)/SUM(BE$86:BI$86))*BK$86 -> 3725.8675 | BL83: =(SUM(BF83:BJ83)/SUM(BF$86:BJ$86))*BL$86 -> 3229.7295 | BM83: =(SUM(BG83:BK83)/SUM(BG$86:BK$86))*BM$86 -> 3895.6202 | BN83: =(SUM(BH83:BL83)/SUM(BH$86:BL$86))*BN$86 -> 4029.1895 | BO83: =(SUM(BI83:BM83)/SUM(BI$86:BM$86))*BO$86 -> 4176.6501 | BP83: =(SUM(BJ83:BN83)/SUM(BJ$86:BN$86))*BP$86 -> 4264.404 | BQ83: =(SUM(BK83:BO83)/SUM(BK$86:BO$86))*BQ$86 -> 4410.5852 | BR83: =(SUM(BL83:BP83)/SUM(BL$86:BP$86))*BR$86 -> 4427.4562 | ... BV83: =(SUM(BP83:BT83)/SUM(BP$86:BT$86))*BV$86 -> 0 | BX83: Nov
A84: December | C84: =(SUM($AR84:$AV84)/SUM($AR$86:$AV$86))*C$86 -> 1.5938874 | D84: =(SUM($AR84:$AV84)/SUM($AR$86:$AV$86))*D$86 -> 2.5714716 | E84: =(SUM($AR84:$AV84)/SUM($AR$86:$AV$86))*E$86 -> 6.4818086 | F84: =(SUM($AR84:$AV84)/SUM($AR$86:$AV$86))*F$86 -> 1.4026209 | G84: =(SUM($AR84:$AV84)/SUM($AR$86:$AV$86))*G$86 -> 6.5880678 | H84: =(SUM($AR84:$AV84)/SUM($AR$86:$AV$86))*H$86 -> 6.1630312 | I84: =(SUM($AR84:$AV84)/SUM($AR$86:$AV$86))*I$86 -> 4.8879213 | J84: =(SUM($AR84:$AV84)/SUM($AR$86:$AV$86))*J$86 -> 21.740624 | ... AD84: =(SUM($AR84:$AV84)/SUM($AR$86:$AV$86))*AD$86 -> 82.605869 | AE84: ='[2]Brazil Soybean Exports'!$AK$290 -> 6.63563 | AF84: ='[2]Brazil Soybean Exports'!AW$290 -> 12.658755 | AG84: ='[2]Brazil Soybean Exports'!BI$290 -> 0.493 | AH84: ='[2]Brazil Soybean Exports'!BU$290 -> 51.41296 | AI84: ='[2]Brazil Soybean Exports'!CG$290 -> 4.89918 | AJ84: ='[2]Brazil Soybean Exports'!CS$290 -> 166.28069 | AK84: ='[2]Brazil Soybean Exports'!DE$290 -> 186.1628 | AL84: ='[2]Brazil Soybean Exports'!DQ$290 -> 328.67893 | AM84: ='[2]Brazil Soybean Exports'!EC$290 -> 193.03619 | AN84: ='[2]Brazil Soybean Exports'!EO$290 -> 421.33 | AO84: ='[2]Brazil Soybean Exports'!FA$290 -> 271.822 | AP84: ='[2]Brazil Soybean Exports'!FM$290 -> 296.23777 | AQ84: ='[2]Brazil Soybean Exports'!FY$290 -> 1189.3428 | AR84: ='[2]Brazil Soybean Exports'!GK$290 -> 732.294 | AS84: ='[2]Brazil Soybean Exports'!GW$290 -> 962.704 | AT84: ='[2]Brazil Soybean Exports'!HI$290 -> 709.649 | AU84: ='[2]Brazil Soybean Exports'!HU$290 -> 143.629 | AV84: ='[2]Brazil Soybean Exports'!IG$290 -> 238.172 | AW84: ='[2]Brazil Soybean Exports'!IS$290 -> 1690.439 | AX84: ='[2]Brazil Soybean Exports'!JE$290 -> 87.295 | AY84: ='[2]Brazil Soybean Exports'!JQ$290 -> 288.966 | AZ84: ='[2]Brazil Soybean Exports'!KC$290 -> 191.848 | BA84: ='[2]Brazil Soybean Exports'!KO$290 -> 1200.297 | BB84: ='[2]Brazil Soybean Exports'!LA$290 -> 291.307 | BC84: ='[2]Brazil Soybean Exports'!LM$290 -> 2142.7294 | BD84: ='[2]Brazil Soybean Exports'!LY$290 -> 4817.423 | BE84: 2259.8502 | BF84: 33.618461 | BG84: 2059.9244 | BH84: 2020 | BI84: 3351.5217 | BJ84: 1429.4114 | BK84: =(SUM(BE84:BI84)/SUM(BE$86:BI$86))*BK$86 -> 3377.4607 | BL84: =(SUM(BF84:BJ84)/SUM(BF$86:BJ$86))*BL$86 -> 3096.9142 | BM84: =(SUM(BG84:BK84)/SUM(BG$86:BK$86))*BM$86 -> 3880.8712 | BN84: =(SUM(BH84:BL84)/SUM(BH$86:BL$86))*BN$86 -> 3870.2524 | BO84: =(SUM(BI84:BM84)/SUM(BI$86:BM$86))*BO$86 -> 3899.4281 | BP84: =(SUM(BJ84:BN84)/SUM(BJ$86:BN$86))*BP$86 -> 3950.8234 | BQ84: =(SUM(BK84:BO84)/SUM(BK$86:BO$86))*BQ$86 -> 4194.852 | BR84: =(SUM(BL84:BP84)/SUM(BL$86:BP$86))*BR$86 -> 4224.7181 | ... BV84: =(SUM(BP84:BT84)/SUM(BP$86:BT$86))*BV$86 -> 0 | BX84: Dec
A85: January | C85: =(SUM($AR85:$AV85)/SUM($AR$86:$AV$86))*C$86 -> 0.96765098 | D85: =(SUM($AR85:$AV85)/SUM($AR$86:$AV$86))*D$86 -> 1.5611436 | E85: =(SUM($AR85:$AV85)/SUM($AR$86:$AV$86))*E$86 -> 3.935114 | F85: =(SUM($AR85:$AV85)/SUM($AR$86:$AV$86))*F$86 -> 0.85153286 | G85: =(SUM($AR85:$AV85)/SUM($AR$86:$AV$86))*G$86 -> 3.999624 | H85: =(SUM($AR85:$AV85)/SUM($AR$86:$AV$86))*H$86 -> 3.7415838 | I85: =(SUM($AR85:$AV85)/SUM($AR$86:$AV$86))*I$86 -> 2.967463 | J85: =(SUM($AR85:$AV85)/SUM($AR$86:$AV$86))*J$86 -> 13.198759 | ... AD85: =(SUM($AR85:$AV85)/SUM($AR$86:$AV$86))*AD$86 -> 50.150125 | AE85: ='[2]Brazil Soybean Exports'!$AL$290 -> 52.4 | AF85: ='[2]Brazil Soybean Exports'!AX$290 -> 0.21785 | AG85: ='[2]Brazil Soybean Exports'!BJ$290 -> 10.732325 | AH85: ='[2]Brazil Soybean Exports'!BV$290 -> 0 | AI85: ='[2]Brazil Soybean Exports'!CH$290 -> 0.26412 | AJ85: ='[2]Brazil Soybean Exports'!CT$290 -> 62.39182 | AK85: ='[2]Brazil Soybean Exports'!DF$290 -> 114.94086 | AL85: ='[2]Brazil Soybean Exports'!DR$290 -> 114.03272 | AM85: ='[2]Brazil Soybean Exports'!ED$290 -> 226.5524 | AN85: ='[2]Brazil Soybean Exports'!EP$290 -> 229.59 | AO85: ='[2]Brazil Soybean Exports'!FB$290 -> 261.627 | AP85: ='[2]Brazil Soybean Exports'!FN$290 -> 309.82444 | AQ85: ='[2]Brazil Soybean Exports'!FZ$290 -> 833.59005 | AR85: ='[2]Brazil Soybean Exports'!GL$290 -> 447.508 | AS85: ='[2]Brazil Soybean Exports'!GX$290 -> 332.917 | AT85: ='[2]Brazil Soybean Exports'!HJ$290 -> 613.888 | AU85: ='[2]Brazil Soybean Exports'!HV$290 -> 164.876 | AV85: ='[2]Brazil Soybean Exports'!IH$290 -> 132.467 | AW85: ='[2]Brazil Soybean Exports'!IT$290 -> 1501.991 | AX85: ='[2]Brazil Soybean Exports'!JF$290 -> 27.136 | AY85: ='[2]Brazil Soybean Exports'!JR$290 -> 41.234 | AZ85: ='[2]Brazil Soybean Exports'!KD$290 -> 53.092 | BA85: ='[2]Brazil Soybean Exports'!KP$290 -> 466.242 | BB85: ='[2]Brazil Soybean Exports'!LB$290 -> 653.09839 | BC85: ='[2]Brazil Soybean Exports'!LN$290 -> 2355.6366 | BD85: ='[2]Brazil Soybean Exports'!LZ$290 -> 4070.948 | BE85: 1362.6058 | BF85: 123.88922 | BG85: 1993.4549 | BH85: 762.72563 | BI85: 2147.2029 | BJ85: =938.405701/0.9002 -> 1042.4413 | BK85: =BK86-SUM(BK74:BK84) -> 27865.08 | BL85: =BL86-SUM(BL74:BL84) -> 2113.3773 | BM85: =BM86-SUM(BM74:BM84) -> 10721.716 | BN85: =BN86-SUM(BN74:BN84) -> 9892.1145 | BO85: =BO86-SUM(BO74:BO84) -> 11307.027 | BP85: =BP86-SUM(BP74:BP84) -> 13031.036 | BQ85: =BQ86-SUM(BQ74:BQ84) -> 14326.042 | BR85: =BR86-SUM(BR74:BR84) -> 10633.994 | ... BV85: =BV86-SUM(BV74:BV84) -> 0 | BX85: Jan
A86: Total | C86: 75 | D86: 121 | E86: 305 | F86: 66 | G86: 310 | H86: 290 | I86: 230 | J86: 1023 | K86: 1788 | L86: 2862 | M86: 3516 | N86: 3328 | O86: 2581 | P86: 659 | Q86: 638 | R86: 1533 | S86: 1502 | T86: 797 | U86: 1316 | V86: 1580 | W86: 3456 | X86: 1192 | Y86: 3290 | Z86: 3020 | AA86: 5080 | AB86: 4220 | AC86: 1645 | AD86: 3887 | AE86: 4184 | AF86: =SUM(AF74:AF85) -> 5398.5878 | AG86: =SUM(AG74:AG85) -> 3492.5247 | AH86: =SUM(AH74:AH85) -> 3646.9334 | AI86: =SUM(AI74:AI85) -> 8339.59 | AJ86: =SUM(AJ74:AJ85) -> 9287.7083 | AK86: =SUM(AK74:AK85) -> 8917.2094 | AL86: =SUM(AL74:AL85) -> 11517.264 | AM86: =SUM(AM74:AM85) -> 15675.542 | ... BJ86: =SUM(BJ74:BJ85) -> 65117.499 | BK86: =BK11 -> 105000 | BL86: =BL11 -> 110000 | BM86: =BM11 -> 115000 | BN86: =BN11 -> 120000 | BO86: =BO11 -> 122500 | BP86: =BP11 -> 130000 | BQ86: =BQ11 -> 132500 | BR86: =BR11 -> 135000 | ... BV86: =BV11 -> 0
BI87: =SUM(BI82:BI84)/SUM(BH82:BH84)-1 -> 0.87931504 | BW87: Brazil Crush Statistics
A88: SOYBEAN CRUSH (1,000 Tonnes) | BZ88: Brazil + Argentina
B89: 64/65 | C89: 65/66 | D89: 66/67 | E89: 67/68 | F89: 68/69 | G89: 69/70 | H89: 70/71 | I89: 71/72 | J89: 72/73 | K89: 73/74 | L89: 74/75 | M89: 75/76 | N89: 76/77 | O89: 77/78 | P89: 78/79 | Q89: 79/80 | R89: 80/81 | S89: 81/82 | T89: 82/83 | U89: 83/84 | V89: 84/85 | W89: 85/86 | X89: 86/87 | Y89: 87/88 | Z89: 88/89 | AA89: 89/90 | AB89: 90/91 | AC89: 91/92 | AD89: 92/93 | AE89: 93/94 | AF89: 94/95 | AG89: 95/96 | AH89: 96/97 | AI89: 97/98 | AJ89: 98/99 | AK89: 99/00 | AL89: 00/01 | AM89: 01/02 | AN89: 02/03 | AO89: 03/04 | AP89: 04/05 | AQ89: 05/06 | AR89: 06/07 | AS89: 07/08 | AT89: 08/09 | AU89: 09/10 | AV89: 10/11 | AW89: 11/12 | AX89: 12/13 | AY89: 13/14 | AZ89: 14/15 | BA89: 15/16 | BB89: 16/17 | BC89: 17/18 | BD89: 18/19 | BE89: 19/20 | BF89: 20/21 | BG89: 21/22 | BH89: 22/23 | BI89: 23/24 | BJ89: 24/25 | BK89: 25/26 | BL89: 26/27 | BM89: 27/28 | BN89: 28/29 | BO89: 29/30 | BP89: 30/31 | BQ89: 31/32 | BR89: 32/33 | BS89: 33/34 | BT89: 34/35 | BU89: 34/35 | BV89: =BV2 -> 0 | BZ89: =BA89 -> 15/16 | CA89: =BB89 -> 16/17 | CB89: =BC89 -> 17/18 | CC89: =BD89 -> 18/19 | CD89: =BE89 -> 19/20 | CE89: =BF89 -> 20/21 | CF89: =BG89 -> 21/22 | CG89: =BH89 -> 22/23 | ... CJ89: =BK89 -> 25/26 | CM89: 5-Yr Avg.
A90: February | C90: =(SUM($O90:$S90)/SUM($O$102:$S$102))*C$102 -> 10.301467 | D90: =(SUM($O90:$S90)/SUM($O$102:$S$102))*D$102 -> 14.42936 | E90: =(SUM($O90:$S90)/SUM($O$102:$S$102))*E$102 -> 15.452201 | F90: =(SUM($O90:$S90)/SUM($O$102:$S$102))*F$102 -> 17.205642 | G90: =(SUM($O90:$S90)/SUM($O$102:$S$102))*G$102 -> 22.356376 | H90: =(SUM($O90:$S90)/SUM($O$102:$S$102))*H$102 -> 34.045984 | I90: =(SUM($O90:$S90)/SUM($O$102:$S$102))*I$102 -> 62.101044 | J90: =(SUM($O90:$S90)/SUM($O$102:$S$102))*J$102 -> 77.882015 | ... L90: =(SUM($O90:$S90)/SUM($O$102:$S$102))*L$102 -> 157.15217 | M90: =(SUM(O90:S90)/SUM($O$90:$S$96))*($M$102-SUM($M$97:$M$101)) -> 164.44099 | N90: 389 | O90: 136 | P90: 442 | Q90: 308 | R90: 358 | S90: 688 | T90: 554 | U90: 689 | V90: 421 | W90: 475 | X90: 414 | Y90: 647 | Z90: 421 | AA90: 355 | AB90: 599 | AC90: 658 | AD90: 597 | AE90: 655 | AF90: 844 | AG90: 754 | AH90: 941 | AI90: 932 | AJ90: 907 | AK90: 891.52141 | AL90: 1032.097 | AM90: 1289.5708 | AN90: 1436.8807 | AO90: 1338.0821 | AP90: 1716.2963 | AQ90: 1962.9403 | AR90: 1890.3844 | AS90: 2168.6221 | AT90: 2017.8471 | AU90: 2298.7513 | AV90: 2456.1566 | AW90: 2510.4673 | AX90: 3021.3819 | AY90: 2386.5077 | AZ90: 2437.2655 | BA90: 2893.9756 | BB90: 3293.3797 | BC90: 3058.2207 | BD90: 3214.0114 | BE90: 3275.5318 | BF90: 3407.7424 | BG90: 3097.4626 | BH90: 3705.1717 | BI90: 3703.9729 | BJ90: 4056.8406 | BK90: =3604.97986931805/0.9002 -> 4004.6433 | BL90: =ROUND(SUM(BF90:BJ90)*BL$102/SUM(BF$102:BJ$102)*4,-2)/4+75 -> 4175 | BM90: =ROUND(SUM(BG90:BK90)*BM$102/SUM(BG$102:BK$102)*4,-2)/4+650 -> 4875 | BN90: =ROUND(SUM(BH90:BL90)*BN$102/SUM(BH$102:BL$102)*4,-2)/4+650 -> 5050 | BO90: =ROUND(SUM(BI90:BM90)*BO$102/SUM(BI$102:BM$102)*4,-2)/4+650 -> 5250 | BP90: =ROUND(SUM(BJ90:BN90)*BP$102/SUM(BJ$102:BN$102)*4,-2)/4+650 -> 5500 | BQ90: =ROUND(SUM(BK90:BO90)*BQ$102/SUM(BK$102:BO$102)*4,-2)/4+650 -> 5675 | BR90: =ROUND(SUM(BL90:BP90)*BR$102/SUM(BL$102:BP$102)*4,-2)/4+650 -> 5925 | BS90: =ROUND(SUM(BM90:BQ90)*BS$102/SUM(BM$102:BQ$102)*4,-2)/4+650 -> 6200 | BT90: =ROUND(SUM(BN90:BR90)*BT$102/SUM(BN$102:BR$102)*4,-2)/4+650 -> 6350 | ... BV90: =ROUND(SUM(BP90:BT90)*BV$102/SUM(BP$102:BT$102)*4,-2)/4+650 -> 650 | BW90: =BH90/BG90-1 -> 0.19619577 | BX90: =MAX(AZ90:BG90) -> 3407.7424 | BY90: Feb | BZ90: =BA90+'[1]Argentina Soy Complex'!BA76 -> 6622.0916 | CA90: =BB90+'[1]Argentina Soy Complex'!BB76 -> 7294.5417 | CB90: =BC90+'[1]Argentina Soy Complex'!BC76 -> 6366.7077 | CC90: =BD90+'[1]Argentina Soy Complex'!BD76 -> 7039.5414 | CD90: =BE90+'[1]Argentina Soy Complex'!BE76 -> 6943.3768 | CE90: =BF90+'Brazil Soy Complex '!CF68 -> 7075.5874 | CF90: =BG90+'Brazil Soy Complex '!CG68 -> 7309.8036 | CG90: =BH90+'Brazil Soy Complex '!CH68 -> 7633.0097 | CH90: =BI90+'Brazil Soy Complex '!CI68 -> 6583.0229 | CI90: =BJ90+'[1]Argentina Soy Complex'!BJ76 -> 8056.8406 | CJ90: =BK90+'[1]Argentina Soy Complex'!BK76 -> 7929.6433 | CM90: =AVERAGE(BD90:BH90) -> 3339.984
A91: March | C91: =(SUM($O91:$S91)/SUM($O$102:$S$102))*C$102 -> 20.693579 | D91: =(SUM($O91:$S91)/SUM($O$102:$S$102))*D$102 -> 28.985687 | E91: =(SUM($O91:$S91)/SUM($O$102:$S$102))*E$102 -> 31.040368 | F91: =(SUM($O91:$S91)/SUM($O$102:$S$102))*F$102 -> 34.56268 | G91: =(SUM($O91:$S91)/SUM($O$102:$S$102))*G$102 -> 44.909469 | H91: =(SUM($O91:$S91)/SUM($O$102:$S$102))*H$102 -> 68.391544 | I91: =(SUM($O91:$S91)/SUM($O$102:$S$102))*I$102 -> 124.74853 | J91: =(SUM($O91:$S91)/SUM($O$102:$S$102))*J$102 -> 156.44933 | ... L91: =(SUM($O91:$S91)/SUM($O$102:$S$102))*L$102 -> 315.68715 | M91: =(SUM(O91:S91)/SUM($O$90:$S$96))*($M$102-SUM($M$97:$M$101)) -> 330.32892 | N91: 291 | O91: 429 | P91: 739 | Q91: 751 | R91: 837 | S91: 1125 | T91: 939 | U91: 1081 | V91: 970 | W91: 971 | X91: 789 | Y91: 1028 | Z91: 1159 | AA91: 860 | AB91: 1051 | AC91: 883 | AD91: 1007 | AE91: 1259 | AF91: 1330 | AG91: 1689 | AH91: 1602 | AI91: 1782 | AJ91: 1717 | AK91: 1799.8047 | AL91: 1873.889 | AM91: 1915.4779 | AN91: 2132.1753 | AO91: 2362.0491 | AP91: 2460.961 | AQ91: 2771.0112 | AR91: 2221.3818 | AS91: 2692.5887 | AT91: 2629.5164 | AU91: 2752.9224 | AV91: 3276.3375 | AW91: 3186.0944 | AX91: 3535.5311 | AY91: 3260.7856 | AZ91: 3353.3602 | BA91: 3566.9092 | BB91: 3844.2078 | BC91: 3779.7337 | BD91: 4051.0386 | BE91: 3904.6548 | BF91: 4237.5918 | BG91: 4316.9868 | BH91: 4644.7296 | BI91: 5011.1124 | BJ91: 4863.1787 | BK91: =4715.29993497626/0.9002 -> 5238.0581 | BL91: =ROUND(SUM(BF91:BJ91)*BL$102/SUM(BF$102:BJ$102)*4,-2)/4+75 -> 5350 | BM91: =ROUND(SUM(BG91:BK91)*BM$102/SUM(BG$102:BK$102)*4,-2)/4+500 -> 5975 | BN91: =ROUND(SUM(BH91:BL91)*BN$102/SUM(BH$102:BL$102)*4,-2)/4+500 -> 6125 | BO91: =ROUND(SUM(BI91:BM91)*BO$102/SUM(BI$102:BM$102)*4,-2)/4+500 -> 6325 | BP91: =ROUND(SUM(BJ91:BN91)*BP$102/SUM(BJ$102:BN$102)*4,-2)/4+500 -> 6525 | BQ91: =ROUND(SUM(BK91:BO91)*BQ$102/SUM(BK$102:BO$102)*4,-2)/4+500 -> 6725 | BR91: =ROUND(SUM(BL91:BP91)*BR$102/SUM(BL$102:BP$102)*4,-2)/4+500 -> 6950 | BS91: =ROUND(SUM(BM91:BQ91)*BS$102/SUM(BM$102:BQ$102)*4,-2)/4+500 -> 7150 | BT91: =ROUND(SUM(BN91:BR91)*BT$102/SUM(BN$102:BR$102)*4,-2)/4+500 -> 7300 | ... BV91: =ROUND(SUM(BP91:BT91)*BV$102/SUM(BP$102:BT$102)*4,-2)/4+500 -> 500 | BW91: =BH91/BG91-1 -> 0.075919337 | BX91: =MAX(AZ91:BG91) -> 4316.9868 | BY91: Mar | BZ91: =BA91+'[1]Argentina Soy Complex'!BA77 -> 7918.8092 | CA91: =BB91+'[1]Argentina Soy Complex'!BB77 -> 8370.9938 | CB91: =BC91+'[1]Argentina Soy Complex'!BC77 -> 7455.8407 | CC91: =BD91+'[1]Argentina Soy Complex'!BD77 -> 8028.9446 | CD91: =BE91+'[1]Argentina Soy Complex'!BE77 -> 7944.6668 | CE91: =BF91+'Brazil Soy Complex '!CF69 -> 8277.6038 | CF91: =BG91+'Brazil Soy Complex '!CG69 -> 8617.6738 | CG91: =BH91+'Brazil Soy Complex '!CH69 -> 8787.6396 | CH91: =BI91+'Brazil Soy Complex '!CI69 -> 8494.9124 | CI91: =BJ91+'[1]Argentina Soy Complex'!BJ77 -> 9013.1787 | CJ91: =BK91+'[1]Argentina Soy Complex'!BK77 -> 9313.0581 | CM91: =AVERAGE(BD91:BH91) -> 4231.0003
A92: April | C92: =(SUM($O92:$S92)/SUM($O$102:$S$102))*C$102 -> 29.038194 | D92: =(SUM($O92:$S92)/SUM($O$102:$S$102))*D$102 -> 40.674066 | E92: =(SUM($O92:$S92)/SUM($O$102:$S$102))*E$102 -> 43.557291 | F92: =(SUM($O92:$S92)/SUM($O$102:$S$102))*F$102 -> 48.499962 | G92: =(SUM($O92:$S92)/SUM($O$102:$S$102))*G$102 -> 63.019059 | H92: =(SUM($O92:$S92)/SUM($O$102:$S$102))*H$102 -> 95.970201 | I92: =(SUM($O92:$S92)/SUM($O$102:$S$102))*I$102 -> 175.05294 | J92: =(SUM($O92:$S92)/SUM($O$102:$S$102))*J$102 -> 219.53698 | ... L92: =(SUM($O92:$S92)/SUM($O$102:$S$102))*L$102 -> 442.98692 | M92: =(SUM(O92:S92)/SUM($O$90:$S$96))*($M$102-SUM($M$97:$M$101)) -> 463.53293 | N92: 463 | O92: 738 | P92: 912 | Q92: 1055 | R92: 1247 | S92: 1494 | T92: 1263 | U92: 1462 | V92: 1314 | W92: 1458 | X92: 1307 | Y92: 1625 | Z92: 1715 | AA92: 1628 | AB92: 1590 | AC92: 1367 | AD92: 1722 | AE92: 1827 | AF92: 1846 | AG92: 2109 | AH92: 2199 | AI92: 2227 | AJ92: 2315 | AK92: 2317.3271 | AL92: 2373 | AM92: 2271.569 | AN92: 2362.7676 | AO92: 2563.1899 | AP92: 2795.5502 | AQ92: 2981.5713 | AR92: 2614.0559 | AS92: 2790.5687 | AT92: 2970.7419 | AU92: 3000.018 | AV92: 3422.7735 | AW92: 3535.5171 | AX92: 3653.4578 | AY92: 3603.9674 | AZ92: 3531.8858 | BA92: 3760.6349 | BB92: 4094.1765 | BC92: 3803.1259 | BD92: 4106.6135 | BE92: 4033.0576 | BF92: 4299.0297 | BG92: 4476.66 | BH92: 4603.5266 | BI92: 4772.0205 | BJ92: 4835.4272 | BK92: =4771.12252165904/0.9002 -> 5300.0695 | BL92: =ROUND(SUM(BF92:BJ92)*BL$102/SUM(BF$102:BJ$102)*4,-2)/4+75 -> 5325 | BM92: =ROUND(SUM(BG92:BK92)*BM$102/SUM(BG$102:BK$102)*4,-2)/4+50 -> 5500 | BN92: =ROUND(SUM(BH92:BL92)*BN$102/SUM(BH$102:BL$102)*4,-2)/4+50 -> 5625 | BO92: =ROUND(SUM(BI92:BM92)*BO$102/SUM(BI$102:BM$102)*4,-2)/4+50 -> 5725 | BP92: =ROUND(SUM(BJ92:BN92)*BP$102/SUM(BJ$102:BN$102)*4,-2)/4+50 -> 5850 | BQ92: =ROUND(SUM(BK92:BO92)*BQ$102/SUM(BK$102:BO$102)*4,-2)/4+50 -> 5950 | BR92: =ROUND(SUM(BL92:BP92)*BR$102/SUM(BL$102:BP$102)*4,-2)/4+50 -> 6000 | BS92: =ROUND(SUM(BM92:BQ92)*BS$102/SUM(BM$102:BQ$102)*4,-2)/4+50 -> 6075 | BT92: =ROUND(SUM(BN92:BR92)*BT$102/SUM(BN$102:BR$102)*4,-2)/4+50 -> 6125 | ... BV92: =ROUND(SUM(BP92:BT92)*BV$102/SUM(BP$102:BT$102)*4,-2)/4+50 -> 50 | BW92: =BH92/BG92-1 -> 0.028339551 | BX92: =MAX(AZ92:BG92) -> 4476.66 | BY92: Apr | BZ92: =BA92+'[1]Argentina Soy Complex'!BA78 -> 7806.5689 | CA92: =BB92+'[1]Argentina Soy Complex'!BB78 -> 8011.7055 | CB92: =BC92+'[1]Argentina Soy Complex'!BC78 -> 7075.5519 | CC92: =BD92+'[1]Argentina Soy Complex'!BD78 -> 8408.4625 | CD92: =BE92+'[1]Argentina Soy Complex'!BE78 -> 7689.8676 | CE92: =BF92+'Brazil Soy Complex '!CF70 -> 7955.8397 | CF92: =BG92+'Brazil Soy Complex '!CG70 -> 8572.852 | CG92: =BH92+'Brazil Soy Complex '!CH70 -> 8535.2296 | CH92: =BI92+'Brazil Soy Complex '!CI70 -> 7787.0205 | CI92: =BJ92+'[1]Argentina Soy Complex'!BJ78 -> 9335.4272 | CJ92: =BK92+'[1]Argentina Soy Complex'!BK78 -> 9350.0695 | CM92: =AVERAGE(BD92:BH92) -> 4303.7775
A93: May | C93: =(SUM($O93:$S93)/SUM($O$102:$S$102))*C$102 -> 33.517093 | D93: =(SUM($O93:$S93)/SUM($O$102:$S$102))*D$102 -> 46.947701 | E93: =(SUM($O93:$S93)/SUM($O$102:$S$102))*E$102 -> 50.275639 | F93: =(SUM($O93:$S93)/SUM($O$102:$S$102))*F$102 -> 55.980676 | G93: =(SUM($O93:$S93)/SUM($O$102:$S$102))*G$102 -> 72.739223 | H93: =(SUM($O93:$S93)/SUM($O$102:$S$102))*H$102 -> 110.7728 | I93: =(SUM($O93:$S93)/SUM($O$102:$S$102))*I$102 -> 202.0534 | J93: =(SUM($O93:$S93)/SUM($O$102:$S$102))*J$102 -> 253.39873 | ... L93: =(SUM($O93:$S93)/SUM($O$102:$S$102))*L$102 -> 511.31395 | M93: =(SUM(O93:S93)/SUM($O$90:$S$96))*($M$102-SUM($M$97:$M$101)) -> 535.02901 | N93: 607 | O93: 845 | P93: 907 | Q93: 1318 | R93: 1567 | S93: 1649 | T93: 1578 | U93: 1638 | V93: 1578 | W93: 1707 | X93: 1588 | Y93: 1756 | Z93: 1493 | AA93: 1741 | AB93: 1620 | AC93: 1769 | AD93: 1957 | AE93: 1912 | AF93: 2189 | AG93: 2359 | AH93: 2379 | AI93: 2443 | AJ93: 2506 | AK93: 2483.8981 | AL93: 2384 | AM93: 2342.1007 | AN93: 2480.2595 | AO93: 2766.8012 | AP93: 2873.3536 | AQ93: 3016.6523 | AR93: 2516.4085 | AS93: 2982.4248 | AT93: 3141.0797 | AU93: 3277.1734 | AV93: 3532.6273 | AW93: 3652.89 | AX93: 3799.1202 | AY93: 3795.8716 | AZ93: 3774.6343 | BA93: 3986.9096 | BB93: 3965.8466 | BC93: 3811.9268 | BD93: 3629.0521 | BE93: 3910.515 | BF93: 4443.5046 | BG93: 4576.9507 | BH93: 4786.4326 | BI93: 5042.7509 | BJ93: 4764.0196 | BK93: =4894.8405762106/0.9002 -> 5437.5034 | BL93: =ROUND(SUM(BF93:BJ93)*BL$102/SUM(BF$102:BJ$102)*4,-2)/4+75 -> 5475 | BM93: =ROUND(SUM(BG93:BK93)*BM$102/SUM(BG$102:BK$102)*4,-2)/4+75 -> 5675 | BN93: =ROUND(SUM(BH93:BL93)*BN$102/SUM(BH$102:BL$102)*4,-2)/4+75 -> 5800 | BO93: =ROUND(SUM(BI93:BM93)*BO$102/SUM(BI$102:BM$102)*4,-2)/4+75 -> 5900 | BP93: =ROUND(SUM(BJ93:BN93)*BP$102/SUM(BJ$102:BN$102)*4,-2)/4+75 -> 6000 | BQ93: =ROUND(SUM(BK93:BO93)*BQ$102/SUM(BK$102:BO$102)*4,-2)/4+75 -> 6150 | BR93: =ROUND(SUM(BL93:BP93)*BR$102/SUM(BL$102:BP$102)*4,-2)/4+75 -> 6200 | BS93: =ROUND(SUM(BM93:BQ93)*BS$102/SUM(BM$102:BQ$102)*4,-2)/4+75 -> 6275 | ... BV93: =ROUND(SUM(BP93:BT93)*BV$102/SUM(BP$102:BT$102)*4,-2)/4+75 -> 75 | BW93: =BH93/BG93-1 -> 0.045768888 | BX93: =MAX(AZ93:BG93) -> 4576.9507 | BY93: May | BZ93: =BA93+'[1]Argentina Soy Complex'!BA79 -> 7962.6266 | CA93: =BB93+'[1]Argentina Soy Complex'!BB79 -> 8273.2306 | CB93: =BC93+'[1]Argentina Soy Complex'!BC79 -> 7257.4378 | CC93: =BD93+'[1]Argentina Soy Complex'!BD79 -> 8085.7091 | CD93: =BE93+'[1]Argentina Soy Complex'!BE79 -> 7425.241 | CE93: =BF93+'Brazil Soy Complex '!CF71 -> 7958.2306 | CF93: =BG93+'Brazil Soy Complex '!CG71 -> 8432.3937 | CG93: =BH93+'Brazil Soy Complex '!CH71 -> 8266.1986 | CH93: =BI93+'Brazil Soy Complex '!CI71 -> 5042.7509 | CI93: =BJ93+'[1]Argentina Soy Complex'!BJ79 -> 9414.0196 | CJ93: =BK93+'[1]Argentina Soy Complex'!BK79 -> 9912.5034 | CM93: =AVERAGE(BD93:BH93) -> 4269.291
A94: June | C94: =(SUM($O94:$S94)/SUM($O$102:$S$102))*C$102 -> 32.37604 | D94: =(SUM($O94:$S94)/SUM($O$102:$S$102))*D$102 -> 45.349418 | E94: =(SUM($O94:$S94)/SUM($O$102:$S$102))*E$102 -> 48.56406 | F94: =(SUM($O94:$S94)/SUM($O$102:$S$102))*F$102 -> 54.074875 | G94: =(SUM($O94:$S94)/SUM($O$102:$S$102))*G$102 -> 70.262895 | H94: =(SUM($O94:$S94)/SUM($O$102:$S$102))*H$102 -> 107.00166 | I94: =(SUM($O94:$S94)/SUM($O$102:$S$102))*I$102 -> 195.17471 | J94: =(SUM($O94:$S94)/SUM($O$102:$S$102))*J$102 -> 244.77205 | ... L94: =(SUM($O94:$S94)/SUM($O$102:$S$102))*L$102 -> 493.90682 | M94: =(SUM(O94:S94)/SUM($O$90:$S$96))*($M$102-SUM($M$97:$M$101)) -> 516.81453 | N94: 669 | O94: 848 | P94: 1040 | Q94: 1271 | R94: 1435 | S94: 1478 | T94: 1295 | U94: 1485 | V94: 1622 | W94: 1645 | X94: 1250 | Y94: 1737 | Z94: 1479 | AA94: 1442 | AB94: 1507 | AC94: 1459 | AD94: 1752 | AE94: 1782 | AF94: 2163 | AG94: 2252 | AH94: 2174 | AI94: 2386 | AJ94: 2497 | AK94: 2234.5654 | AL94: 2104 | AM94: 2171.9289 | AN94: 2510.6951 | AO94: 2636.0368 | AP94: 2852.1036 | AQ94: 2804.6254 | AR94: 2696.3327 | AS94: 2877.2854 | AT94: 3096.184 | AU94: 3199.1678 | AV94: 3374.342 | AW94: 3547.7096 | AX94: 3535.5827 | AY94: 3463.7896 | AZ94: 3578.3136 | BA94: 3753.1653 | BB94: 3646.0054 | BC94: 3590.917 | BD94: 4001.2354 | BE94: 3912.1579 | BF94: 4284.501 | BG94: 4435.8219 | BH94: 4530.7212 | BI94: 4930.1262 | BJ94: 4755.3057 | BK94: =4551.77419375283/0.9002 -> 5056.4032 | BL94: =ROUND(SUM(BF94:BJ94)*BL$102/SUM(BF$102:BJ$102)*4,-2)/4+75 -> 5300 | BM94: =ROUND(SUM(BG94:BK94)*BM$102/SUM(BG$102:BK$102)*4,-2)/4+75 -> 5450 | BN94: =ROUND(SUM(BH94:BL94)*BN$102/SUM(BH$102:BL$102)*4,-2)/4+75 -> 5575 | BO94: =ROUND(SUM(BI94:BM94)*BO$102/SUM(BI$102:BM$102)*4,-2)/4+75 -> 5700 | BP94: =ROUND(SUM(BJ94:BN94)*BP$102/SUM(BJ$102:BN$102)*4,-2)/4+75 -> 5775 | BQ94: =ROUND(SUM(BK94:BO94)*BQ$102/SUM(BK$102:BO$102)*4,-2)/4+75 -> 5900 | BR94: =ROUND(SUM(BL94:BP94)*BR$102/SUM(BL$102:BP$102)*4,-2)/4+75 -> 5975 | BS94: =ROUND(SUM(BM94:BQ94)*BS$102/SUM(BM$102:BQ$102)*4,-2)/4+75 -> 6050 | ... BV94: =ROUND(SUM(BP94:BT94)*BV$102/SUM(BP$102:BT$102)*4,-2)/4+75 -> 75 | BW94: =BH94/BG94-1 -> 0.021393868 | BX94: =MAX(AZ94:BG94) -> 4435.8219 | BY94: Jun | BZ94: =BA94+'[1]Argentina Soy Complex'!BA80 -> 7511.0483 | CA94: =BB94+'[1]Argentina Soy Complex'!BB80 -> 7404.0094 | CB94: =BC94+'[1]Argentina Soy Complex'!BC80 -> 6631.441 | CC94: =BD94+'[1]Argentina Soy Complex'!BD80 -> 8155.4944 | CD94: =BE94+'[1]Argentina Soy Complex'!BE80 -> 7343.4169 | CE94: =BF94+'Brazil Soy Complex '!CF72 -> 7715.76 | CF94: =BG94+'Brazil Soy Complex '!CG72 -> 8010.7019 | CG94: =BH94+'Brazil Soy Complex '!CH72 -> 7677.7012 | CH94: =BI94+'Brazil Soy Complex '!CI72 -> 4930.1262 | CI94: =BJ94+'[1]Argentina Soy Complex'!BJ80 -> 9080.3057 | CJ94: =BK94+'[1]Argentina Soy Complex'!BK80 -> 8356.4032 | CM94: =AVERAGE(BD94:BH94) -> 4232.8875
A95: July | C95: =(SUM($O95:$S95)/SUM($O$102:$S$102))*C$102 -> 29.688701 | D95: =(SUM($O95:$S95)/SUM($O$102:$S$102))*D$102 -> 41.585237 | E95: =(SUM($O95:$S95)/SUM($O$102:$S$102))*E$102 -> 44.533051 | F95: =(SUM($O95:$S95)/SUM($O$102:$S$102))*F$102 -> 49.586447 | G95: =(SUM($O95:$S95)/SUM($O$102:$S$102))*G$102 -> 64.430797 | H95: =(SUM($O95:$S95)/SUM($O$102:$S$102))*H$102 -> 98.120103 | I95: =(SUM($O95:$S95)/SUM($O$102:$S$102))*I$102 -> 178.97444 | J95: =(SUM($O95:$S95)/SUM($O$102:$S$102))*J$102 -> 224.455 | ... L95: =(SUM($O95:$S95)/SUM($O$102:$S$102))*L$102 -> 452.9106 | M95: =(SUM(O95:S95)/SUM($O$90:$S$96))*($M$102-SUM($M$97:$M$101)) -> 473.91688 | N95: 728 | O95: 812 | P95: 1030 | Q95: 1146 | R95: 1346 | S95: 1234 | T95: 1216 | U95: 1382 | V95: 1401 | W95: 1617 | X95: 1337 | Y95: 1746 | Z95: 1535 | AA95: 1751 | AB95: 1692 | AC95: 1240 | AD95: 1650 | AE95: 1732 | AF95: 1966 | AG95: 2198 | AH95: 2229 | AI95: 2203 | AJ95: 2436 | AK95: 2045.9945 | AL95: 2005 | AM95: 2216.711 | AN95: 2610.5249 | AO95: 2693.1949 | AP95: 2898.7053 | AQ95: 2689.5208 | AR95: 2697.1066 | AS95: 2994.7954 | AT95: 3253.9866 | AU95: 2993.4579 | AV95: 3480.1456 | AW95: 3451.1745 | AX95: 3269.6753 | AY95: 3356.1296 | AZ95: 3432.9146 | BA95: 3809.6888 | BB95: 3502.9503 | BC95: 3862.7326 | BD95: 4127.7754 | BE95: 3902.7053 | BF95: 4351.9842 | BG95: 4479.1017 | BH95: 4780.5901 | BI95: 5099.11 | BJ95: 4928.6868 | BK95: =4709.01276995684/0.9002 -> 5231.074 | BL95: =ROUND(SUM(BF95:BJ95)*BL$102/SUM(BF$102:BJ$102)*4,-2)/4+75 -> 5475 | BM95: =ROUND(SUM(BG95:BK95)*BM$102/SUM(BG$102:BK$102)*4,-2)/4+75 -> 5650 | BN95: =ROUND(SUM(BH95:BL95)*BN$102/SUM(BH$102:BL$102)*4,-2)/4+75 -> 5800 | BO95: =ROUND(SUM(BI95:BM95)*BO$102/SUM(BI$102:BM$102)*4,-2)/4+75 -> 5900 | BP95: =ROUND(SUM(BJ95:BN95)*BP$102/SUM(BJ$102:BN$102)*4,-2)/4+75 -> 5975 | BQ95: =ROUND(SUM(BK95:BO95)*BQ$102/SUM(BK$102:BO$102)*4,-2)/4+75 -> 6100 | BR95: =ROUND(SUM(BL95:BP95)*BR$102/SUM(BL$102:BP$102)*4,-2)/4+75 -> 6200 | BS95: =ROUND(SUM(BM95:BQ95)*BS$102/SUM(BM$102:BQ$102)*4,-2)/4+75 -> 6250 | ... BV95: =ROUND(SUM(BP95:BT95)*BV$102/SUM(BP$102:BT$102)*4,-2)/4+75 -> 75 | BW95: =BH95/BG95-1 -> 0.067310034 | BX95: =MAX(AZ95:BG95) -> 4479.1017 | BY95: Jul | BZ95: =BA95+'[1]Argentina Soy Complex'!BA81 -> 7350.8368 | CA95: =BB95+'[1]Argentina Soy Complex'!BB81 -> 6747.1333 | CB95: =BC95+'[1]Argentina Soy Complex'!BC81 -> 6780.5196 | CC95: =BD95+'[1]Argentina Soy Complex'!BD81 -> 7281.0604 | CD95: =BE95+'[1]Argentina Soy Complex'!BE81 -> 7043.1803 | CE95: =BF95+'Brazil Soy Complex '!CF73 -> 7492.4592 | CF95: =BG95+'Brazil Soy Complex '!CG73 -> 8180.8837 | CG95: =BH95+'Brazil Soy Complex '!CH73 -> 7654.0541 | CH95: =BI95+'Brazil Soy Complex '!CI73 -> 5099.11 | CI95: =BJ95+'[1]Argentina Soy Complex'!BJ81 -> 8228.6868 | CJ95: =BK95+'[1]Argentina Soy Complex'!BK81 -> 9431.074 | CM95: =AVERAGE(BD95:BH95) -> 4328.4313
A96: August | C96: =(SUM($O96:$S96)/SUM($O$102:$S$102))*C$102 -> 28.750265 | D96: =(SUM($O96:$S96)/SUM($O$102:$S$102))*D$102 -> 40.270761 | E96: =(SUM($O96:$S96)/SUM($O$102:$S$102))*E$102 -> 43.125397 | F96: =(SUM($O96:$S96)/SUM($O$102:$S$102))*F$102 -> 48.019059 | G96: =(SUM($O96:$S96)/SUM($O$102:$S$102))*G$102 -> 62.394191 | H96: =(SUM($O96:$S96)/SUM($O$102:$S$102))*H$102 -> 95.018605 | I96: =(SUM($O96:$S96)/SUM($O$102:$S$102))*I$102 -> 173.3172 | J96: =(SUM($O96:$S96)/SUM($O$102:$S$102))*J$102 -> 217.36016 | ... L96: =(SUM($O96:$S96)/SUM($O$102:$S$102))*L$102 -> 438.59446 | M96: =(SUM(O96:S96)/SUM($O$90:$S$96))*($M$102-SUM($M$97:$M$101)) -> 458.93675 | N96: 731 | O96: 828 | P96: 991 | Q96: 979 | R96: 1263 | S96: 1331 | T96: 1316 | U96: 1360 | V96: 1379 | W96: 1434 | X96: 1327 | Y96: 1552 | Z96: 1393 | AA96: 1886 | AB96: 1413 | AC96: 1218 | AD96: 1511 | AE96: 1691 | AF96: 1920 | AG96: 2143 | AH96: 2112 | AI96: 2016 | AJ96: 2238 | AK96: 2120.3752 | AL96: 1796 | AM96: 2198.4467 | AN96: 2560.1171 | AO96: 2780.7928 | AP96: 2714.7188 | AQ96: 2510.55 | AR96: 2796.292 | AS96: 2989.1016 | AT96: 2949.331 | AU96: 2896.1712 | AV96: 3256.2198 | AW96: 3072.8658 | AX96: 3285.276 | AY96: 3306.5706 | AZ96: 3402.4302 | BA96: 3580.9144 | BB96: 3016.1522 | BC96: 3450.1877 | BD96: 3945.325 | BE96: 3446.1141 | BF96: 4105.6554 | BG96: 4017.9114 | BH96: 4619.4944 | BI96: 4920.8969 | BJ96: 4851.6994 | BK96: =4559.9068009498/0.9002 -> 5065.4375 | BL96: =ROUND(SUM(BF96:BJ96)*BL$102/SUM(BF$102:BJ$102)*4,-2)/4+75 -> 5225 | BM96: =ROUND(SUM(BG96:BK96)*BM$102/SUM(BG$102:BK$102)*4,-2)/4+75 -> 5400 | BN96: =ROUND(SUM(BH96:BL96)*BN$102/SUM(BH$102:BL$102)*4,-2)/4+75 -> 5600 | BO96: =ROUND(SUM(BI96:BM96)*BO$102/SUM(BI$102:BM$102)*4,-2)/4+75 -> 5700 | BP96: =ROUND(SUM(BJ96:BN96)*BP$102/SUM(BJ$102:BN$102)*4,-2)/4+75 -> 5775 | BQ96: =ROUND(SUM(BK96:BO96)*BQ$102/SUM(BK$102:BO$102)*4,-2)/4+75 -> 5875 | BR96: =ROUND(SUM(BL96:BP96)*BR$102/SUM(BL$102:BP$102)*4,-2)/4+75 -> 5975 | BS96: =ROUND(SUM(BM96:BQ96)*BS$102/SUM(BM$102:BQ$102)*4,-2)/4+75 -> 6025 | ... BV96: =ROUND(SUM(BP96:BT96)*BV$102/SUM(BP$102:BT$102)*4,-2)/4+75 -> 75 | BW96: =BH96/BG96-1 -> 0.14972529 | BX96: =MAX(AZ96:BG96) -> 4105.6554 | BY96: Aug | BZ96: =BA96+'[1]Argentina Soy Complex'!BA82 -> 7286.6754 | CA96: =BB96+'[1]Argentina Soy Complex'!BB82 -> 6596.4442 | CB96: =BC96+'[1]Argentina Soy Complex'!BC82 -> 6762.1747 | CC96: =BD96+'[1]Argentina Soy Complex'!BD82 -> 7879.705 | CD96: =BE96+'[1]Argentina Soy Complex'!BE82 -> 6563.5111 | CE96: =BF96+'Brazil Soy Complex '!CF74 -> 7223.0524 | CF96: =BG96+'Brazil Soy Complex '!CG74 -> 7355.9564 | CG96: =BH96+'Brazil Soy Complex '!CH74 -> 7535.4834 | CH96: =BI96+'Brazil Soy Complex '!CI74 -> 4920.8969 | CI96: =BJ96+'[1]Argentina Soy Complex'!BJ82 -> 8951.6994 | CJ96: =BK96+'[1]Argentina Soy Complex'!BK82 -> 9190.4375 | CM96: =AVERAGE(BD96:BH96) -> 4026.9001
A97: September | C97: =(SUM($O97:$S97)/SUM($O$102:$S$102))*C$102 -> 25.513727 | D97: =(SUM($O97:$S97)/SUM($O$102:$S$102))*D$102 -> 35.737313 | E97: =(SUM($O97:$S97)/SUM($O$102:$S$102))*E$102 -> 38.270591 | F97: =(SUM($O97:$S97)/SUM($O$102:$S$102))*F$102 -> 42.613353 | G97: =(SUM($O97:$S97)/SUM($O$102:$S$102))*G$102 -> 55.370216 | H97: =(SUM($O97:$S97)/SUM($O$102:$S$102))*H$102 -> 84.321963 | I97: =(SUM($O97:$S97)/SUM($O$102:$S$102))*I$102 -> 153.80616 | J97: =(SUM($O97:$S97)/SUM($O$102:$S$102))*J$102 -> 192.89101 | ... L97: =(SUM($O97:$S97)/SUM($O$102:$S$102))*L$102 -> 389.22005 | M97: 531 | N97: 750 | O97: 819 | P97: 901 | Q97: 740 | R97: 1061 | S97: 1264 | T97: 1138 | U97: 1149 | V97: 1200 | W97: 1191 | X97: 1174 | Y97: 1242 | Z97: 1269 | AA97: 1669 | AB97: 1421 | AC97: 1061 | AD97: 1343 | AE97: 1475 | AF97: 1743 | AG97: 1950 | AH97: 1922 | AI97: 1509 | AJ97: 1884 | AK97: 1947.5186 | AL97: 1713 | AM97: 2038.7024 | AN97: 2271.0041 | AO97: 2549.859 | AP97: 2554.8219 | AQ97: 2558.4171 | AR97: 2421.7632 | AS97: 2710.9569 | AT97: 2754.106 | AU97: 2369.1489 | AV97: 2909.7013 | AW97: 3381.2091 | AX97: 3056.615 | AY97: 2987.2769 | AZ97: 3081.2195 | BA97: 3477.8912 | BB97: 2876.5346 | BC97: 3326.3945 | BD97: 3651.5126 | BE97: 3479.9886 | BF97: 3981.9245 | BG97: 3913.5184 | BH97: 4071.7417 | BI97: 4447.3418 | BJ97: 4658.7394 | BK97: =4143.74945469529/0.9002 -> 4603.1431 | BL97: =ROUND(SUM(BF97:BJ97)*BL$102/SUM(BF$102:BJ$102)*4,-2)/4+75 -> 4875 | BM97: =ROUND(SUM(BG97:BK97)*BM$102/SUM(BG$102:BK$102)*4,-2)/4+75 -> 5000 | BN97: =ROUND(SUM(BH97:BL97)*BN$102/SUM(BH$102:BL$102)*4,-2)/4+75 -> 5150 | BO97: =ROUND(SUM(BI97:BM97)*BO$102/SUM(BI$102:BM$102)*4,-2)/4+75 -> 5275 | BP97: =ROUND(SUM(BJ97:BN97)*BP$102/SUM(BJ$102:BN$102)*4,-2)/4+75 -> 5375 | BQ97: =ROUND(SUM(BK97:BO97)*BQ$102/SUM(BK$102:BO$102)*4,-2)/4+75 -> 5425 | BR97: =ROUND(SUM(BL97:BP97)*BR$102/SUM(BL$102:BP$102)*4,-2)/4+75 -> 5525 | BS97: =ROUND(SUM(BM97:BQ97)*BS$102/SUM(BM$102:BQ$102)*4,-2)/4+75 -> 5575 | ... BV97: =ROUND(SUM(BP97:BT97)*BV$102/SUM(BP$102:BT$102)*4,-2)/4+75 -> 75 | BW97: =1.117 -> 1.117 | BX97: =MAX(AZ97:BG97) -> 3981.9245 | BY97: Sep | BZ97: =BA97+'[1]Argentina Soy Complex'!BA83 -> 7123.3242 | CA97: =BB97+'[1]Argentina Soy Complex'!BB83 -> 6228.8966 | CB97: =BC97+'[1]Argentina Soy Complex'!BC83 -> 6496.9175 | CC97: =BD97+'[1]Argentina Soy Complex'!BD83 -> 6585.6526 | CD97: =BE97+'[1]Argentina Soy Complex'!BE83 -> 6455.8576 | CE97: =BF97+'Brazil Soy Complex '!CF75 -> 6957.7935 | CF97: =BG97+'Brazil Soy Complex '!CG75 -> 6833.9464 | CG97: =BH97+'Brazil Soy Complex '!CH75 -> 7393.6517 | CH97: =BI97+'Brazil Soy Complex '!CI75 -> 4447.3418 | CI97: =BJ97+'[1]Argentina Soy Complex'!BJ83 -> 7733.7394 | CJ97: =BK97+'[1]Argentina Soy Complex'!BK83 -> 8053.1431 | CM97: =AVERAGE(BD97:BH97) -> 3819.7372
A98: October | C98: =(SUM($O98:$S98)/SUM($O$102:$S$102))*C$102 -> 24.186054 | D98: =(SUM($O98:$S98)/SUM($O$102:$S$102))*D$102 -> 33.877628 | E98: =(SUM($O98:$S98)/SUM($O$102:$S$102))*E$102 -> 36.27908 | F98: =(SUM($O98:$S98)/SUM($O$102:$S$102))*F$102 -> 40.395855 | G98: =(SUM($O98:$S98)/SUM($O$102:$S$102))*G$102 -> 52.488882 | H98: =(SUM($O98:$S98)/SUM($O$102:$S$102))*H$102 -> 79.934049 | I98: =(SUM($O98:$S98)/SUM($O$102:$S$102))*I$102 -> 145.80245 | J98: =(SUM($O98:$S98)/SUM($O$102:$S$102))*J$102 -> 182.85343 | ... L98: =(SUM($O98:$S98)/SUM($O$102:$S$102))*L$102 -> 368.96597 | M98: 531 | N98: 735 | O98: 848 | P98: 747 | Q98: 617 | R98: 1021 | S98: 1303 | T98: 1146 | U98: 1117 | V98: 1064 | W98: 1097 | X98: 1140 | Y98: 878 | Z98: 1222 | AA98: 1666 | AB98: 1308 | AC98: 1040 | AD98: 1039 | AE98: 1370 | AF98: 1558 | AG98: 1897 | AH98: 1626 | AI98: 1116 | AJ98: 1808 | AK98: 1880.4711 | AL98: 1740 | AM98: 2086.3745 | AN98: 2455.0873 | AO98: 2512.1225 | AP98: 2345.9272 | AQ98: 2492.6913 | AR98: 2609.2239 | AS98: 2662.1004 | AT98: 2781.7531 | AU98: 2370.2789 | AV98: 3021.9522 | AW98: 3384.6888 | AX98: 2677.7635 | AY98: 3033.1223 | AZ98: 2958.5152 | BA98: 3398.014 | BB98: 3096.1052 | BC98: 3641.0329 | BD98: 3483.1235 | BE98: 3804.2003 | BF98: 4123.3786 | BG98: 4100.9974 | BH98: 4105.8399 | BI98: 4288.9969 | BJ98: 4940.2836 | BK98: =ROUND(SUM(BE98:BI98)*BK$102/SUM(BE$102:BI$102)*4,-2)/4+75 -> 4800 | BL98: =ROUND(SUM(BF98:BJ98)*BL$102/SUM(BF$102:BJ$102)*4,-2)/4-125 -> 4800 | BM98: =ROUND(SUM(BG98:BK98)*BM$102/SUM(BG$102:BK$102)*4,-2)/4-125 -> 4925 | BN98: =ROUND(SUM(BH98:BL98)*BN$102/SUM(BH$102:BL$102)*4,-2)/4-125 -> 5025 | BO98: =ROUND(SUM(BI98:BM98)*BO$102/SUM(BI$102:BM$102)*4,-2)/4-125 -> 5100 | BP98: =ROUND(SUM(BJ98:BN98)*BP$102/SUM(BJ$102:BN$102)*4,-2)/4-125 -> 5225 | BQ98: =ROUND(SUM(BK98:BO98)*BQ$102/SUM(BK$102:BO$102)*4,-2)/4-125 -> 5175 | BR98: =ROUND(SUM(BL98:BP98)*BR$102/SUM(BL$102:BP$102)*4,-2)/4-125 -> 5200 | BS98: =ROUND(SUM(BM98:BQ98)*BS$102/SUM(BM$102:BQ$102)*4,-2)/4-125 -> 5225 | ... BV98: =ROUND(SUM(BP98:BT98)*BV$102/SUM(BP$102:BT$102)*4,-2)/4-125 -> -125 | BX98: =MAX(AZ98:BG98) -> 4123.3786 | BY98: Oct | BZ98: =BA98+'[1]Argentina Soy Complex'!BA84 -> 6782.269 | CA98: =BB98+'[1]Argentina Soy Complex'!BB84 -> 5275.0172 | CB98: =BC98+'[1]Argentina Soy Complex'!BC84 -> 6079.6399 | CC98: =BD98+'[1]Argentina Soy Complex'!BD84 -> 6228.1335 | CD98: =BE98+'[1]Argentina Soy Complex'!BE84 -> 4651.1193 | CE98: =BF98+'Brazil Soy Complex '!CF76 -> 4970.2976 | CF98: =BG98+'Brazil Soy Complex '!CG76 -> 7058.2524 | CG98: =BH98+'Brazil Soy Complex '!CH76 -> 6726.0629 | CH98: =BI98+'Brazil Soy Complex '!CI76 -> 4288.9969 | CI98: =BJ98+'[1]Argentina Soy Complex'!BJ84 -> 7815.2836 | CJ98: =BK98+'[1]Argentina Soy Complex'!BK84 -> 7750 | CM98: =AVERAGE(BD98:BH98) -> 3923.508
A99: November | C99: =(SUM($O99:$S99)/SUM($O$102:$S$102))*C$102 -> 21.733323 | D99: =(SUM($O99:$S99)/SUM($O$102:$S$102))*D$102 -> 30.442066 | E99: =(SUM($O99:$S99)/SUM($O$102:$S$102))*E$102 -> 32.599985 | F99: =(SUM($O99:$S99)/SUM($O$102:$S$102))*F$102 -> 36.299274 | G99: =(SUM($O99:$S99)/SUM($O$102:$S$102))*G$102 -> 47.165936 | H99: =(SUM($O99:$S99)/SUM($O$102:$S$102))*H$102 -> 71.827863 | I99: =(SUM($O99:$S99)/SUM($O$102:$S$102))*I$102 -> 131.01649 | J99: =(SUM($O99:$S99)/SUM($O$102:$S$102))*J$102 -> 164.31009 | ... L99: =(SUM($O99:$S99)/SUM($O$102:$S$102))*L$102 -> 331.54878 | M99: 531 | N99: 612 | O99: 864 | P99: 583 | Q99: 413 | R99: 1129 | S99: 1087 | T99: 1043 | U99: 804 | V99: 731 | W99: 973 | X99: 830 | Y99: 616 | Z99: 1002 | AA99: 1398 | AB99: 1305 | AC99: 959 | AD99: 859 | AE99: 1261 | AF99: 1352 | AG99: 1778 | AH99: 1320 | AI99: 873 | AJ99: 1569 | AK99: 1779.9 | AL99: 1741 | AM99: 1866.1426 | AN99: 2222.5115 | AO99: 2305.0649 | AP99: 2168.4666 | AQ99: 2307.1364 | AR99: 2393.9093 | AS99: 2483.4 | AT99: 2648.9853 | AU99: 2145.6789 | AV99: 2949.2426 | AW99: 2896.0343 | AX99: 2461.9338 | AY99: 2847.6468 | AZ99: 3163.4362 | BA99: 3087.4337 | BB99: 2982.2381 | BC99: 3434.5023 | BD99: 3297.1869 | BE99: 3473.3399 | BF99: 3311.9207 | BG99: 3830.1878 | BH99: 4020.4799 | BI99: 4238.3074 | BJ99: 4604.6415 | BK99: =ROUND(SUM(BE99:BI99)*BK$102/SUM(BE$102:BI$102)*4,-2)/4+75 -> 4450 | BL99: =ROUND(SUM(BF99:BJ99)*BL$102/SUM(BF$102:BJ$102)*4,-2)/4-125 -> 4450 | BM99: =ROUND(SUM(BG99:BK99)*BM$102/SUM(BG$102:BK$102)*4,-2)/4-125 -> 4675 | BN99: =ROUND(SUM(BH99:BL99)*BN$102/SUM(BH$102:BL$102)*4,-2)/4-125 -> 4750 | BO99: =ROUND(SUM(BI99:BM99)*BO$102/SUM(BI$102:BM$102)*4,-2)/4-125 -> 4825 | BP99: =ROUND(SUM(BJ99:BN99)*BP$102/SUM(BJ$102:BN$102)*4,-2)/4-125 -> 4875 | BQ99: =ROUND(SUM(BK99:BO99)*BQ$102/SUM(BK$102:BO$102)*4,-2)/4-125 -> 4850 | BR99: =ROUND(SUM(BL99:BP99)*BR$102/SUM(BL$102:BP$102)*4,-2)/4-125 -> 4900 | BS99: =ROUND(SUM(BM99:BQ99)*BS$102/SUM(BM$102:BQ$102)*4,-2)/4-125 -> 4925 | ... BV99: =ROUND(SUM(BP99:BT99)*BV$102/SUM(BP$102:BT$102)*4,-2)/4-125 -> -125 | BX99: =MAX(AZ99:BG99) -> 3830.1878 | BY99: Nov | BZ99: =BA99+'[1]Argentina Soy Complex'!BA85 -> 6056.1247 | CA99: =BB99+'[1]Argentina Soy Complex'!BB85 -> 5718.6981 | CB99: =BC99+'[1]Argentina Soy Complex'!BC85 -> 5932.5303 | CC99: =BD99+'[1]Argentina Soy Complex'!BD85 -> 5618.9569 | CD99: =BE99+'[1]Argentina Soy Complex'!BE85 -> 6702.2179 | CE99: =BF99+'Brazil Soy Complex '!CF77 -> 6540.7987 | CF99: =BG99+'Brazil Soy Complex '!CG77 -> 6348.0588 | CG99: =BH99+'Brazil Soy Complex '!CH77 -> 5905.2509 | CH99: =BI99+'Brazil Soy Complex '!CI77 -> 4238.3074 | CI99: =BJ99+'[1]Argentina Soy Complex'!BJ85 -> 7029.6415 | CJ99: =BK99+'[1]Argentina Soy Complex'!BK85 -> 7175 | CM99: =AVERAGE(BD99:BH99) -> 3586.623
A100: December | C100: =(SUM($O100:$S100)/SUM($O$102:$S$102))*C$102 -> 14.785698 | D100: =(SUM($O100:$S100)/SUM($O$102:$S$102))*D$102 -> 20.710464 | E100: =(SUM($O100:$S100)/SUM($O$102:$S$102))*E$102 -> 22.178547 | F100: =(SUM($O100:$S100)/SUM($O$102:$S$102))*F$102 -> 24.695262 | G100: =(SUM($O100:$S100)/SUM($O$102:$S$102))*G$102 -> 32.088111 | H100: =(SUM($O100:$S100)/SUM($O$102:$S$102))*H$102 -> 48.866208 | I100: =(SUM($O100:$S100)/SUM($O$102:$S$102))*I$102 -> 89.133641 | J100: =(SUM($O100:$S100)/SUM($O$102:$S$102))*J$102 -> 111.78407 | ... L100: =(SUM($O100:$S100)/SUM($O$102:$S$102))*L$102 -> 225.56054 | M100: 532 | N100: 564 | O100: 688 | P100: 415 | Q100: 267 | R100: 719 | S100: 684 | T100: 793 | U100: 424 | V100: 455 | W100: 754 | X100: 621 | Y100: 564 | Z100: 612 | AA100: 1113 | AB100: 1056 | AC100: 745 | AD100: 684 | AE100: 980 | AF100: 1124 | AG100: 1479 | AH100: 945 | AI100: 765 | AJ100: 1304 | AK100: 1323.1393 | AL100: 1598 | AM100: 1488.7722 | AN100: 1830.6954 | AO100: 1970.5459 | AP100: 2006.8709 | AQ100: 2238.5274 | AR100: 2081.211 | AS100: 2314.4826 | AT100: 2237.1044 | AU100: 1709.1354 | AV100: 2059.3382 | AW100: 2689.3573 | AX100: 2181.577 | AY100: 2444.7709 | AZ100: 2964.0259 | BA100: 2722.7339 | BB100: 2912.7202 | BC100: 3341.6747 | BD100: 2988.4318 | BE100: 3418.1761 | BF100: 3363.768 | BG100: 3974.1453 | BH100: 3943.8198 | BI100: 4299.4036 | BJ100: 4688.5562 | BK100: =ROUND(SUM(BE100:BI100)*BK$102/SUM(BE$102:BI$102)*4,-2)/4+75 -> 4475 | BL100: =ROUND(SUM(BF100:BJ100)*BL$102/SUM(BF$102:BJ$102)*4,-2)/4-100 -> 4525 | BM100: =ROUND(SUM(BG100:BK100)*BM$102/SUM(BG$102:BK$102)*4,-2)/4-100 -> 4750 | BN100: =ROUND(SUM(BH100:BL100)*BN$102/SUM(BH$102:BL$102)*4,-2)/4-100 -> 4825 | BO100: =ROUND(SUM(BI100:BM100)*BO$102/SUM(BI$102:BM$102)*4,-2)/4-100 -> 4900 | BP100: =ROUND(SUM(BJ100:BN100)*BP$102/SUM(BJ$102:BN$102)*4,-2)/4-100 -> 4975 | BQ100: =ROUND(SUM(BK100:BO100)*BQ$102/SUM(BK$102:BO$102)*4,-2)/4-100 -> 4950 | BR100: =ROUND(SUM(BL100:BP100)*BR$102/SUM(BL$102:BP$102)*4,-2)/4-100 -> 5000 | BS100: =ROUND(SUM(BM100:BQ100)*BS$102/SUM(BM$102:BQ$102)*4,-2)/4-100 -> 5025 | ... BV100: =ROUND(SUM(BP100:BT100)*BV$102/SUM(BP$102:BT$102)*4,-2)/4-100 -> -100 | BX100: =MAX(AZ100:BG100) -> 3974.1453 | BY100: Dec | BZ100: =BA100+'[1]Argentina Soy Complex'!BA86 -> 5347.3749 | CA100: =BB100+'[1]Argentina Soy Complex'!BB86 -> 5289.2192 | CB100: =BC100+'[1]Argentina Soy Complex'!BC86 -> 5691.3227 | CC100: =BD100+'[1]Argentina Soy Complex'!BD86 -> 5621.9238 | CD100: =BE100+'[1]Argentina Soy Complex'!BE86 -> 6273.9321 | CE100: =BF100+'Brazil Soy Complex '!CF66 -> 6219.524 | CF100: =BG100+'Brazil Soy Complex '!CG66 -> 6617.9623 | CG100: =BH100+'Brazil Soy Complex '!CH66 -> 5497.7588 | CH100: =BI100+'Brazil Soy Complex '!CI66 -> 5853.4036 | CI100: =BJ100+'[1]Argentina Soy Complex'!BJ86 -> 7438.5562 | CJ100: =BK100+'[1]Argentina Soy Complex'!BK86 -> 7325 | CM100: =AVERAGE(BD100:BH100) -> 3537.6682
A101: January | C101: =(SUM($O101:$S101)/SUM($O$102:$S$102))*C$102 -> 11.41586 | D101: =(SUM($O101:$S101)/SUM($O$102:$S$102))*D$102 -> 15.9903 | E101: =(SUM($O101:$S101)/SUM($O$102:$S$102))*E$102 -> 17.12379 | F101: =(SUM($O101:$S101)/SUM($O$102:$S$102))*F$102 -> 19.066915 | G101: =(SUM($O101:$S101)/SUM($O$102:$S$102))*G$102 -> 24.774845 | H101: =(SUM($O101:$S101)/SUM($O$102:$S$102))*H$102 -> 37.729012 | I101: =(SUM($O101:$S101)/SUM($O$102:$S$102))*I$102 -> 68.819014 | J101: =(SUM($O101:$S101)/SUM($O$102:$S$102))*J$102 -> 86.30714 | ... L101: =(SUM($O101:$S101)/SUM($O$102:$S$102))*L$102 -> 174.15259 | M101: 448 | N101: 379 | O101: 500 | P101: 307 | Q101: 180 | R101: 695 | S101: 459 | T101: 447 | U101: 281 | V101: 382 | W101: 452 | X101: 555 | Y101: 429 | Z101: 376 | AA101: 680 | AB101: 873 | AC101: 658 | AD101: 635 | AE101: 827 | AF101: 701 | AG101: 991 | AH101: 634 | AI101: 692 | AJ101: 651 | AK101: 820.48465 | AL101: 1218 | AM101: 887.41668 | AN101: 969.39099 | AO101: 1318.2346 | AP101: 1525.8721 | AQ101: 1393.98 | AR101: 1818.3641 | AS101: 1844.5813 | AT101: 1414.3649 | AU101: 1767.2644 | AV101: 1962.1633 | AW101: 1955.9918 | AX101: 1751.4069 | AY101: 1943.8955 | AZ101: 2518.2027 | BA101: 2300.2487 | BB101: 2737.0068 | BC101: 3061.0472 | BD101: 2893.9947 | BE101: 2934.4733 | BF101: 2561.6359 | BG101: 3119.2556 | BH101: 3411.0613 | BI101: 3864.0841 | BJ101: =3371.65873083727/0.9002 -> 3745.4552 | BK101: =BK102-SUM(BK90:BK100) -> 2838.6679 | BL101: =BL102-SUM(BL90:BL100) -> 3525 | BM101: =BM102-SUM(BM90:BM100) -> 2625 | BN101: =BN102-SUM(BN90:BN100) -> 2675 | BO101: =BO102-SUM(BO90:BO100) -> 2400 | BP101: =BP102-SUM(BP90:BP100) -> 2150 | BQ101: =BQ102-SUM(BQ90:BQ100) -> 1725 | BR101: =BR102-SUM(BR90:BR100) -> 1650 | ... BV101: =BV102-SUM(BV90:BV100) -> -1225 | BX101: =MAX(AZ101:BG101) -> 3119.2556 | BY101: Jan | BZ101: =BA101+'[1]Argentina Soy Complex'!BA87 -> 5664.3937 | CA101: =BB101+'[1]Argentina Soy Complex'!BB87 -> 5787.1068 | CB101: =BC101+'[1]Argentina Soy Complex'!BC87 -> 5974.0952 | CC101: =BD101+'[1]Argentina Soy Complex'!BD87 -> 5643.9827 | CD101: =BE101+'[1]Argentina Soy Complex'!BE87 -> 6330.4223 | CE101: =BF101+'Brazil Soy Complex '!CF67 -> 5957.5849 | CF101: =BG101+'Brazil Soy Complex '!CG67 -> 6054.0076 | CG101: =BH101+'Brazil Soy Complex '!CH67 -> 5522.5383 | CH101: =BI101+'Brazil Soy Complex '!CI67 -> 5975.0841 | CI101: =BJ101+'[1]Argentina Soy Complex'!BJ87 -> 6595.4552 | CJ101: =BK101+'[1]Argentina Soy Complex'!BK87 -> 6713.6679 | CM101: =AVERAGE(BD101:BH101) -> 2984.0842
A102: Total | C102: 282 | D102: 395 | E102: 423 | F102: 471 | G102: 612 | H102: 932 | I102: 1700 | J102: 2132 | K102: 2714 | L102: 4302 | M102: 5516 | N102: =SUM(N90:N101) -> 6918 | O102: =SUM(O90:O101) -> 8355 | P102: =SUM(P90:P101) -> 9014 | Q102: =SUM(Q90:Q101) -> 9045 | R102: =SUM(R90:R101) -> 12678 | S102: =SUM(S90:S101) -> 13796 | T102: =SUM(T90:T101) -> 12728 | U102: =SUM(U90:U101) -> 12872 | ... BK102: =SUM(BK90:BK101) -> 55692.834 | BL102: =BL10 -> 58500 | BM102: =BM10 -> 60500 | BN102: =BN10 -> 62000 | BO102: =BO10 -> 63000 | BP102: =BP10 -> 64000 | BQ102: =BQ10 -> 64500 | BR102: =BR10 -> 65500 | BS102: =BS10 -> 66000 | ... BV102: =BV10 -> 0 | BX102: =SUM(BX90:BX101) -> 48827.81 | BY102: Total | BZ102: =SUM(BZ90:BZ101) -> 83432.143 | CA102: =SUM(CA90:CA101) -> 80996.996 | CB102: =SUM(CB90:CB101) -> 78504.179 | CC102: =SUM(CC90:CC101) -> 84577.567 | CD102: =SUM(CD90:CD101) -> 81366.81 | CE102: =SUM(CE90:CE101) -> 84344.532 | CF102: =SUM(CF90:CF101) -> 89392.493 | CG102: =SUM(CG90:CG101) -> 87134.579 | ... CJ102: =SUM(CJ90:CJ101) -> 100500
...

Sheet FnG by country
A1: BR FnG
B2: 2016 | C2: 2017 | D2: 2018 | E2: 2019 | F2: 2020 | G2: 2021 | H2: 2022 | I2: 2023 | J2: 2024 | K2: 2025 | L2: 2026 | M2: 2027 | N2: 2028 | O2: 2029 | P2: 2030 | Q2: 2031 | R2: 2032 | S2: 2033 | T2: 2034 | U2: 2035 | X2: CONAB Reports
A4: Beginning Stocks (February 1) | B4: ='[5]UCO-YG Complex '!B3+'[5]PF Complex '!B3+'[5]CWG Complex'!B3+'[5]Inedible Tallow Complex'!B3 -> 38 | C4: ='[5]UCO-YG Complex '!C3+'[5]PF Complex '!C3+'[5]CWG Complex'!C3+'[5]Inedible Tallow Complex'!C3 -> 37 | D4: ='[5]UCO-YG Complex '!D3+'[5]PF Complex '!D3+'[5]CWG Complex'!D3+'[5]Inedible Tallow Complex'!D3 -> 39.5 | E4: ='[5]UCO-YG Complex '!E3+'[5]PF Complex '!E3+'[5]CWG Complex'!E3+'[5]Inedible Tallow Complex'!E3 -> 42.25 | F4: ='[5]UCO-YG Complex '!F3+'[5]PF Complex '!F3+'[5]CWG Complex'!F3+'[5]Inedible Tallow Complex'!F3 -> 39.225 | G4: ='[5]UCO-YG Complex '!G3+'[5]PF Complex '!G3+'[5]CWG Complex'!G3+'[5]Inedible Tallow Complex'!G3 -> 36.5025 | H4: ='[5]UCO-YG Complex '!H3+'[5]PF Complex '!H3+'[5]CWG Complex'!H3+'[5]Inedible Tallow Complex'!H3 -> 34.05225 | I4: ='[5]UCO-YG Complex '!I3+'[5]PF Complex '!I3+'[5]CWG Complex'!I3+'[5]Inedible Tallow Complex'!I3 -> 35 | ... U4: ='[5]UCO-YG Complex '!U3+'[5]PF Complex '!U3+'[5]CWG Complex'!U3+'[5]Inedible Tallow Complex'!U3 -> 10 | W4: =MROUND(FORECAST(M358,D4:M4,C358:L358),100) -> #DIV/0! | X4: =(H4/#REF!)-1 -> #REF! | Z4: =(#REF!/#REF!)-1 -> #REF! | AA4: =(#REF!/#REF!)-1 -> #REF! | AB4: =(#REF!/#REF!)-1 -> #REF! | AC4: =(#REF!/#REF!)-1 -> #REF! | AD4: =(#REF!/#REF!)-1 -> #REF! | AE4: =(B4/#REF!)-1 -> #REF! | AF4: =(C4/B4)-1 -> -0.026315789 | AG4: =(D4/C4)-1 -> 0.067567568 | AH4: =(E4/D4)-1 -> 0.069620253 | AI4: =(F4/E4)-1 -> -0.071597633 | AJ4: =(G4/F4)-1 -> -0.069407266 | AK4: =(H4/G4)-1 -> -0.067125539 | AL4: =(I4/H4)-1 -> 0.027832228 | AM4: =(J4/I4)-1 -> 2.2
A5: Production | B5: ='[5]UCO-YG Complex '!B4+'[5]PF Complex '!B4+'[5]CWG Complex'!B4+'[5]Inedible Tallow Complex'!B4 -> 2049.2591 | C5: ='[5]UCO-YG Complex '!C4+'[5]PF Complex '!C4+'[5]CWG Complex'!C4+'[5]Inedible Tallow Complex'!C4 -> 1608.6684 | D5: ='[5]UCO-YG Complex '!D4+'[5]PF Complex '!D4+'[5]CWG Complex'!D4+'[5]Inedible Tallow Complex'!D4 -> 1723.1748 | E5: ='[5]UCO-YG Complex '!E4+'[5]PF Complex '!E4+'[5]CWG Complex'!E4+'[5]Inedible Tallow Complex'!E4 -> 1899.0166 | F5: ='[5]UCO-YG Complex '!F4+'[5]PF Complex '!F4+'[5]CWG Complex'!F4+'[5]Inedible Tallow Complex'!F4 -> 1869.7357 | G5: ='[5]UCO-YG Complex '!G4+'[5]PF Complex '!G4+'[5]CWG Complex'!G4+'[5]Inedible Tallow Complex'!G4 -> 1821.1237 | H5: ='[5]UCO-YG Complex '!H4+'[5]PF Complex '!H4+'[5]CWG Complex'!H4+'[5]Inedible Tallow Complex'!H4 -> 2186.8871 | I5: ='[5]UCO-YG Complex '!I4+'[5]PF Complex '!I4+'[5]CWG Complex'!I4+'[5]Inedible Tallow Complex'!I4 -> 2538.2874 | ... U5: ='[5]UCO-YG Complex '!U4+'[5]PF Complex '!U4+'[5]CWG Complex'!U4+'[5]Inedible Tallow Complex'!U4 -> 0 | W5: =3.54639699225601*1000/60 -> 59.106617 | X5: =#REF!-#REF! -> #REF! | Y5: =#REF!-#REF! -> #REF! | Z5: =#REF!-#REF! -> #REF! | AA5: =#REF!-#REF! -> #REF! | AB5: =#REF!-#REF! -> #REF! | AC5: =#REF!-#REF! -> #REF! | AD5: =#REF!-#REF! -> #REF! | AE5: =B4-#REF! -> #REF! | AF5: =C4-B4 -> -1 | AG5: =D4-C4 -> 2.5 | AH5: =E4-D4 -> 2.75 | AI5: =F4-E4 -> -3.025 | AJ5: =G4-F4 -> -2.7225 | AK5: =H4-G4 -> -2.45025 | AL5: =I4-H4 -> 0.94775 | AM5: =J4-I4 -> 77
A6: Imports | B6: ='[5]UCO-YG Complex '!B5+'[5]PF Complex '!B5+'[5]CWG Complex'!B5+'[5]Inedible Tallow Complex'!B5 -> 46.150255 | C6: ='[5]UCO-YG Complex '!C5+'[5]PF Complex '!C5+'[5]CWG Complex'!C5+'[5]Inedible Tallow Complex'!C5 -> 60.8753 | D6: ='[5]UCO-YG Complex '!D5+'[5]PF Complex '!D5+'[5]CWG Complex'!D5+'[5]Inedible Tallow Complex'!D5 -> 56.25302 | E6: ='[5]UCO-YG Complex '!E5+'[5]PF Complex '!E5+'[5]CWG Complex'!E5+'[5]Inedible Tallow Complex'!E5 -> 63.903126 | F6: ='[5]UCO-YG Complex '!F5+'[5]PF Complex '!F5+'[5]CWG Complex'!F5+'[5]Inedible Tallow Complex'!F5 -> 101.08136 | G6: ='[5]UCO-YG Complex '!G5+'[5]PF Complex '!G5+'[5]CWG Complex'!G5+'[5]Inedible Tallow Complex'!G5 -> 84.567716 | H6: ='[5]UCO-YG Complex '!H5+'[5]PF Complex '!H5+'[5]CWG Complex'!H5+'[5]Inedible Tallow Complex'!H5 -> 81.701821 | I6: ='[5]UCO-YG Complex '!I5+'[5]PF Complex '!I5+'[5]CWG Complex'!I5+'[5]Inedible Tallow Complex'!I5 -> 51.679585 | ... U6: ='[5]UCO-YG Complex '!U5+'[5]PF Complex '!U5+'[5]CWG Complex'!U5+'[5]Inedible Tallow Complex'!U5 -> 0 | Z6: 1000
A7: Total Supply | B7: =B4+B5+B6 -> 2133.4094 | C7: =C4+C5+C6 -> 1706.5437 | D7: =D4+D5+D6 -> 1818.9278 | E7: =E4+E5+E6 -> 2005.1697 | F7: =F4+F5+F6 -> 2010.0421 | G7: =G4+G5+G6 -> 1942.194 | H7: =H4+H5+H6 -> 2302.6412 | I7: =I4+I5+I6 -> 2624.967 | ... U7: =U4+U5+U6 -> 10 | X7: =D4*2.471/1000 -> 0.0976045 | Y7: =E4*2.471/1000 -> 0.10439975 | Z7: =F4*2.471/1000 -> 0.096924975 | AA7: =G4*2.471/1000 -> 0.090197678 | AB7: =H4*2.471/1000 -> 0.08414311 | AC7: =I4*2.471/1000 -> 0.086485 | AD7: =J4*2.471/1000 -> 0.276752
A8: Domestic Use | B8: ='[5]UCO-YG Complex '!B7+'[5]PF Complex '!B7+'[5]CWG Complex'!B7+'[5]Inedible Tallow Complex'!B7 -> 2084.0746 | C8: ='[5]UCO-YG Complex '!C7+'[5]PF Complex '!C7+'[5]CWG Complex'!C7+'[5]Inedible Tallow Complex'!C7 -> 1650.0858 | D8: ='[5]UCO-YG Complex '!D7+'[5]PF Complex '!D7+'[5]CWG Complex'!D7+'[5]Inedible Tallow Complex'!D7 -> 1766.5263 | E8: ='[5]UCO-YG Complex '!E7+'[5]PF Complex '!E7+'[5]CWG Complex'!E7+'[5]Inedible Tallow Complex'!E7 -> 1947.8205 | F8: ='[5]UCO-YG Complex '!F7+'[5]PF Complex '!F7+'[5]CWG Complex'!F7+'[5]Inedible Tallow Complex'!F7 -> 1961.4831 | G8: ='[5]UCO-YG Complex '!G7+'[5]PF Complex '!G7+'[5]CWG Complex'!G7+'[5]Inedible Tallow Complex'!G7 -> 1882.1599 | H8: ='[5]UCO-YG Complex '!H7+'[5]PF Complex '!H7+'[5]CWG Complex'!H7+'[5]Inedible Tallow Complex'!H7 -> 2188.5266 | I8: ='[5]UCO-YG Complex '!I7+'[5]PF Complex '!I7+'[5]CWG Complex'!I7+'[5]Inedible Tallow Complex'!I7 -> 2337.0892 | ... U8: ='[5]UCO-YG Complex '!U7+'[5]PF Complex '!U7+'[5]CWG Complex'!U7+'[5]Inedible Tallow Complex'!U7 -> 0 | X8: 22/23 | Y8: =Y7-X7 -> 0.00679525 | Z8: =Z7-Y7 -> -0.007474775 | AA8: =AA7-Z7 -> -0.0067272975 | AB8: =AB7-AA7 -> -0.0060545678 | AC8: =AC7-AB7 -> 0.0023418902 | AD8: =AD7-AC7 -> 0.190267
A9: Biodiesel Production | B9: ='[5]UCO-YG Complex '!B8+'[5]PF Complex '!B8+'[5]CWG Complex'!B8+'[5]Inedible Tallow Complex'!B8 -> 1040 | C9: ='[5]UCO-YG Complex '!C8+'[5]PF Complex '!C8+'[5]CWG Complex'!C8+'[5]Inedible Tallow Complex'!C8 -> 1038.486 | D9: ='[5]UCO-YG Complex '!D8+'[5]PF Complex '!D8+'[5]CWG Complex'!D8+'[5]Inedible Tallow Complex'!D8 -> 1251.2098 | E9: ='[5]UCO-YG Complex '!E8+'[5]PF Complex '!E8+'[5]CWG Complex'!E8+'[5]Inedible Tallow Complex'!E8 -> 1361.6468 | F9: ='[5]UCO-YG Complex '!F8+'[5]PF Complex '!F8+'[5]CWG Complex'!F8+'[5]Inedible Tallow Complex'!F8 -> 1335.782 | G9: ='[5]UCO-YG Complex '!G8+'[5]PF Complex '!G8+'[5]CWG Complex'!G8+'[5]Inedible Tallow Complex'!G8 -> 1349.6163 | H9: ='[5]UCO-YG Complex '!H8+'[5]PF Complex '!H8+'[5]CWG Complex'!H8+'[5]Inedible Tallow Complex'!H8 -> 1635.9458 | I9: ='[5]UCO-YG Complex '!I8+'[5]PF Complex '!I8+'[5]CWG Complex'!I8+'[5]Inedible Tallow Complex'!I8 -> 1679.8343 | ... U9: ='[5]UCO-YG Complex '!U8+'[5]PF Complex '!U8+'[5]CWG Complex'!U8+'[5]Inedible Tallow Complex'!U8 -> 0 | X9: 131 | Y9: 159.5 | Z9: =(Z7/Y7)-1 -> -0.071597633 | AA9: =(AA7/Z7)-1 -> -0.069407266 | AB9: =(AB7/AA7)-1 -> -0.067125539 | AC9: =(AC7/AB7)-1 -> 0.027832228
A10: Non-Biodiesel Usage | B10: ='[5]UCO-YG Complex '!B9+'[5]PF Complex '!B9+'[5]CWG Complex'!B9+'[5]Inedible Tallow Complex'!B9 -> 1044.0746 | C10: ='[5]UCO-YG Complex '!C9+'[5]PF Complex '!C9+'[5]CWG Complex'!C9+'[5]Inedible Tallow Complex'!C9 -> 611.59978 | D10: ='[5]UCO-YG Complex '!D9+'[5]PF Complex '!D9+'[5]CWG Complex'!D9+'[5]Inedible Tallow Complex'!D9 -> 515.3165 | E10: ='[5]UCO-YG Complex '!E9+'[5]PF Complex '!E9+'[5]CWG Complex'!E9+'[5]Inedible Tallow Complex'!E9 -> 586.17365 | F10: ='[5]UCO-YG Complex '!F9+'[5]PF Complex '!F9+'[5]CWG Complex'!F9+'[5]Inedible Tallow Complex'!F9 -> 625.7011 | G10: ='[5]UCO-YG Complex '!G9+'[5]PF Complex '!G9+'[5]CWG Complex'!G9+'[5]Inedible Tallow Complex'!G9 -> 532.54364 | H10: ='[5]UCO-YG Complex '!H9+'[5]PF Complex '!H9+'[5]CWG Complex'!H9+'[5]Inedible Tallow Complex'!H9 -> 552.58084 | I10: ='[5]UCO-YG Complex '!I9+'[5]PF Complex '!I9+'[5]CWG Complex'!I9+'[5]Inedible Tallow Complex'!I9 -> 657.25491 | ... U10: ='[5]UCO-YG Complex '!U9+'[5]PF Complex '!U9+'[5]CWG Complex'!U9+'[5]Inedible Tallow Complex'!U9 -> 0
A11: Exports | B11: ='[5]UCO-YG Complex '!B10+'[5]PF Complex '!B10+'[5]CWG Complex'!B10+'[5]Inedible Tallow Complex'!B10 -> 12.33479 | C11: ='[5]UCO-YG Complex '!C10+'[5]PF Complex '!C10+'[5]CWG Complex'!C10+'[5]Inedible Tallow Complex'!C10 -> 16.957904 | D11: ='[5]UCO-YG Complex '!D10+'[5]PF Complex '!D10+'[5]CWG Complex'!D10+'[5]Inedible Tallow Complex'!D10 -> 10.151554 | E11: ='[5]UCO-YG Complex '!E10+'[5]PF Complex '!E10+'[5]CWG Complex'!E10+'[5]Inedible Tallow Complex'!E10 -> 18.124214 | F11: ='[5]UCO-YG Complex '!F10+'[5]PF Complex '!F10+'[5]CWG Complex'!F10+'[5]Inedible Tallow Complex'!F10 -> 12.056498 | G11: ='[5]UCO-YG Complex '!G10+'[5]PF Complex '!G10+'[5]CWG Complex'!G10+'[5]Inedible Tallow Complex'!G10 -> 25.981758 | H11: ='[5]UCO-YG Complex '!H10+'[5]PF Complex '!H10+'[5]CWG Complex'!H10+'[5]Inedible Tallow Complex'!H10 -> 79.114574 | I11: ='[5]UCO-YG Complex '!I10+'[5]PF Complex '!I10+'[5]CWG Complex'!I10+'[5]Inedible Tallow Complex'!I10 -> 255.17779 | ... U11: ='[5]UCO-YG Complex '!U10+'[5]PF Complex '!U10+'[5]CWG Complex'!U10+'[5]Inedible Tallow Complex'!U10 -> 0 | AG11: 36.7437
A12: Total Use | B12: ='[5]UCO-YG Complex '!B11+'[5]PF Complex '!B11+'[5]CWG Complex'!B11+'[5]Inedible Tallow Complex'!B11 -> 2096.4094 | C12: ='[5]UCO-YG Complex '!C11+'[5]PF Complex '!C11+'[5]CWG Complex'!C11+'[5]Inedible Tallow Complex'!C11 -> 1667.0437 | D12: ='[5]UCO-YG Complex '!D11+'[5]PF Complex '!D11+'[5]CWG Complex'!D11+'[5]Inedible Tallow Complex'!D11 -> 1776.6778 | E12: ='[5]UCO-YG Complex '!E11+'[5]PF Complex '!E11+'[5]CWG Complex'!E11+'[5]Inedible Tallow Complex'!E11 -> 1965.9447 | F12: ='[5]UCO-YG Complex '!F11+'[5]PF Complex '!F11+'[5]CWG Complex'!F11+'[5]Inedible Tallow Complex'!F11 -> 1973.5396 | G12: ='[5]UCO-YG Complex '!G11+'[5]PF Complex '!G11+'[5]CWG Complex'!G11+'[5]Inedible Tallow Complex'!G11 -> 1908.1417 | H12: ='[5]UCO-YG Complex '!H11+'[5]PF Complex '!H11+'[5]CWG Complex'!H11+'[5]Inedible Tallow Complex'!H11 -> 2267.6412 | I12: ='[5]UCO-YG Complex '!I11+'[5]PF Complex '!I11+'[5]CWG Complex'!I11+'[5]Inedible Tallow Complex'!I11 -> 2592.267 | ... U12: ='[5]UCO-YG Complex '!U11+'[5]PF Complex '!U11+'[5]CWG Complex'!U11+'[5]Inedible Tallow Complex'!U11 -> 0 | Y12: =AVERAGE(E10:I10) -> 590.85083 | Z12: 1000
A13: Ending Stocks (January 31) | B13: ='[5]UCO-YG Complex '!B12+'[5]PF Complex '!B12+'[5]CWG Complex'!B12+'[5]Inedible Tallow Complex'!B12 -> 37 | C13: ='[5]UCO-YG Complex '!C12+'[5]PF Complex '!C12+'[5]CWG Complex'!C12+'[5]Inedible Tallow Complex'!C12 -> 39.5 | D13: ='[5]UCO-YG Complex '!D12+'[5]PF Complex '!D12+'[5]CWG Complex'!D12+'[5]Inedible Tallow Complex'!D12 -> 42.25 | E13: ='[5]UCO-YG Complex '!E12+'[5]PF Complex '!E12+'[5]CWG Complex'!E12+'[5]Inedible Tallow Complex'!E12 -> 39.225 | F13: ='[5]UCO-YG Complex '!F12+'[5]PF Complex '!F12+'[5]CWG Complex'!F12+'[5]Inedible Tallow Complex'!F12 -> 36.5025 | G13: ='[5]UCO-YG Complex '!G12+'[5]PF Complex '!G12+'[5]CWG Complex'!G12+'[5]Inedible Tallow Complex'!G12 -> 34.05225 | H13: ='[5]UCO-YG Complex '!H12+'[5]PF Complex '!H12+'[5]CWG Complex'!H12+'[5]Inedible Tallow Complex'!H12 -> 35 | I13: ='[5]UCO-YG Complex '!I12+'[5]PF Complex '!I12+'[5]CWG Complex'!I12+'[5]Inedible Tallow Complex'!I12 -> 32.7 | ... U13: ='[5]UCO-YG Complex '!U12+'[5]PF Complex '!U12+'[5]CWG Complex'!U12+'[5]Inedible Tallow Complex'!U12 -> 0 | Y13: =AVERAGE(E7:I7) -> 2177.0028
A16: ARG FnG
A17: Production | B17: 500 | C17: ='[6]Inedible Tallow Complex'!C4+'[6]Poultry Fat Complex'!C4+'[6]Choice White Grease Complex'!C4 -> 554.70683 | D17: ='[6]Inedible Tallow Complex'!D4+'[6]Poultry Fat Complex'!D4+'[6]Choice White Grease Complex'!D4 -> 591.51467 | E17: ='[6]Inedible Tallow Complex'!E4+'[6]Poultry Fat Complex'!E4+'[6]Choice White Grease Complex'!E4 -> 616.14432 | F17: ='[6]Inedible Tallow Complex'!F4+'[6]Poultry Fat Complex'!F4+'[6]Choice White Grease Complex'!F4 -> 603.54312 | G17: ='[6]Inedible Tallow Complex'!G4+'[6]Poultry Fat Complex'!G4+'[6]Choice White Grease Complex'!G4 -> 577.7417 | H17: ='[6]Inedible Tallow Complex'!H4+'[6]Poultry Fat Complex'!H4+'[6]Choice White Grease Complex'!H4 -> 608.64349 | I17: ='[6]Inedible Tallow Complex'!I4+'[6]Poultry Fat Complex'!I4+'[6]Choice White Grease Complex'!I4 -> 697.51916 | J17: ='[6]Inedible Tallow Complex'!J4+'[6]Poultry Fat Complex'!J4+'[6]Choice White Grease Complex'!J4 -> 832.53723 | ... T17: ='[6]Inedible Tallow Complex'!T4+'[6]Poultry Fat Complex'!T4+'[6]Choice White Grease Complex'!T4 -> 0

Sheet UCO-YG Complex 
A1: BR YELLOW GREASE SUPPLY AND DEMAND (1000 tons)
B2: 2016 | C2: 2017 | D2: 2018 | E2: 2019 | F2: 2020 | G2: 2021 | H2: 2022 | I2: 2023 | J2: 2024 | K2: 2025 | L2: 2026 | M2: 2027 | N2: 2028 | O2: 2029 | P2: 2030 | Q2: 2031 | R2: 2032 | S2: 2033 | T2: 2033
A3: Carryin (October 1) | B3: 10 | C3: =B12 -> 10 | D3: =C12 -> 10 | E3: =D12 -> 10 | F3: =E12 -> 10 | G3: =F12 -> 10 | H3: =G12 -> 10 | I3: =H12 -> 10 | J3: =I12 -> 10 | ... U3: =T12 -> 10
A4: Production | B4: =B31 -> 862.38714 | C4: =C8*1.05 -> 409.62419 | D4: =D8*1.05 -> 497.20887 | E4: =E8*1.05 -> 637.87206 | F4: =F8*1.05 -> 702.9424 | G4: =G8*1.05 -> 741.32061 | H4: =H8*1.05 -> 986.01263 | I4: =I8*1.05 -> 1161.724 | J4: =J8*1.05 -> 1356.7575 | ... T4: =T8*1.05 -> 2272.8296
A5: Imports | B5: 3 | C5: 3 | D5: 3 | E5: 3 | F5: 3 | G5: 3 | H5: 3 | I5: 3 | J5: 3 | K5: 3 | L5: 3 | M5: 3 | N5: 3 | O5: 3 | P5: 3 | Q5: 3 | R5: 3 | S5: 3 | T5: 3
A6: Total Supply | B6: =SUM(B3:B5) -> 875.38714 | C6: =SUM(C3:C5) -> 422.62419 | D6: =SUM(D3:D5) -> 510.20887 | E6: =SUM(E3:E5) -> 650.87206 | F6: =SUM(F3:F5) -> 715.9424 | G6: =SUM(G3:G5) -> 754.32061 | H6: =SUM(H3:H5) -> 999.01263 | I6: =SUM(I3:I5) -> 1174.724 | ... T6: =SUM(T3:T5) -> 2285.8296
A7: Domestic Use | B7: =B11-B10 -> 862.38714 | C7: =C11-C10 -> 409.62419 | D7: =D11-D10 -> 497.20887 | E7: =E11-E10 -> 637.87206 | F7: =F11-F10 -> 702.9424 | G7: =G11-G10 -> 741.32061 | H7: =H11-H10 -> 986.01263 | I7: =I11-I10 -> 1161.724 | ... T7: =T11-T10 -> 2272.8296
A8: Biomas-Based Diesel | B8: 500 | C8: =C96 -> 390.11827 | D8: =D96 -> 473.53226 | E8: =E96 -> 607.4972 | F8: =F96 -> 669.46895 | G8: =G96 -> 706.01963 | H8: =H96 -> 939.05964 | I8: =I96 -> 1106.4038 | J8: =J96 -> 1292.15 | ... T8: =T96 -> 2164.5996
A9: Non-Biodiesel | B9: =B7-B8 -> 362.38714 | C9: =C7-C8 -> 19.505914 | D9: =D7-D8 -> 23.676613 | E9: =E7-E8 -> 30.37486 | F9: =F7-F8 -> 33.473448 | G9: =G7-G8 -> 35.300981 | H9: =H7-H8 -> 46.952982 | I9: =I7-I8 -> 55.32019 | ... T9: =T7-T8 -> 108.22998
A10: Exports | B10: 3 | C10: 3 | D10: 3 | E10: 3 | F10: 3 | G10: 3 | H10: 3 | I10: 3 | J10: 3 | K10: 3 | L10: 3 | M10: 3 | N10: 3 | O10: 3 | P10: 3 | Q10: 3 | R10: 3 | S10: 3 | T10: 3
A11: Total Use | B11: =B6-B12 -> 865.38714 | C11: =C6-C12 -> 412.62419 | D11: =D6-D12 -> 500.20887 | E11: =E6-E12 -> 640.87206 | F11: =F6-F12 -> 705.9424 | G11: =G6-G12 -> 744.32061 | H11: =H6-H12 -> 989.01263 | I11: =I6-I12 -> 1164.724 | ... T11: =T6-T12 -> 2275.8296
A12: Carryout (September 30) | B12: 10 | C12: 10 | D12: 10 | E12: 10 | F12: 10 | G12: 10 | H12: 10 | I12: 10 | J12: 10 | K12: 10 | L12: 10 | M12: 10 | N12: 10 | O12: 10 | P12: 10 | Q12: 10 | R12: 10 | S12: 10 | T12: 10
A13: Stocks-to-Usage | B13: =B12/B11 -> 0.011555522 | C13: =C12/C11 -> 0.024235128 | D13: =D12/D11 -> 0.019991649 | E13: =E12/E11 -> 0.015603738 | F13: =F12/F11 -> 0.014165462 | G13: =G12/G11 -> 0.013435071 | H13: =H12/H11 -> 0.010111094 | I13: =I12/I11 -> 0.008585725 | ... T13: =T12/T11 -> 0.0043940021
A14: Average Price (cents per pound)
A15: Bold Numbers are The Jacobsen Estimates and Forecasts | I15: }
A17: YELLOW GREASE PRODUCTION (1000 tons)
B18: =B2 -> 2016 | C18: =C2 -> 2017 | D18: =D2 -> 2018 | E18: =E2 -> 2019 | F18: =F2 -> 2020 | G18: =G2 -> 2021 | H18: =H2 -> 2022 | I18: =I2 -> 2023 | ... T18: =T2 -> 2033
A19: January | B19: =B100*B132/1000 -> 71.921546 | C19: =C100*C132/1000 -> 72.435751 | D19: =D100*D132/1000 -> 71.607678 | E19: =E100*E132/1000 -> 78.533505 | F19: =F100*F132/1000 -> 62.805265 | G19: =G100*G132/1000 -> 52.264687 | H19: =H100*H132/1000 -> 55.477595 | I19: =I100*I132/1000 -> 74.036294 | J19: =J100*J132/1000*1.1 -> 82.768988 | K19: =K100*K132/1000 -> 73.670673 | L19: =L100*L132/1000 -> 68.917718 | M19: =M100*M132/1000 -> 70.306814 | N19: =N100*N132/1000 -> 71.915555 | O19: =O100*O132/1000 -> 72.985245 | P19: =P100*P132/1000 -> 73.369344 | Q19: =Q100*Q132/1000 -> 72.810014 | R19: =R100*R132/1000 -> 72.84808 | ... T19: =T100*T132/1000 -> 73.516657
A20: February | B20: =B101*B133/1000 -> 75.189105 | C20: =C101*C133/1000 -> 81.882151 | D20: =D101*D133/1000 -> 81.304875 | E20: =E101*E133/1000 -> 86.34667 | F20: =F101*F133/1000 -> 75.39677 | G20: =G101*G133/1000 -> 62.746381 | H20: =H101*H133/1000 -> 62.09449 | I20: =I101*I133/1000 -> 85.634846 | J20: =J101*J133/1000*1.1 -> 95.897421 | K20: =K101*K133/1000 -> 84.71519 | L20: =L101*L133/1000 -> 80.912221 | M20: =M101*M133/1000 -> 81.424279 | N20: =N101*N133/1000 -> 83.318176 | O20: =O101*O133/1000 -> 84.029594 | P20: =P101*P133/1000 -> 84.750571 | Q20: =Q101*Q133/1000 -> 84.28433 | R20: =R101*R133/1000 -> 84.308385 | ... T20: =T101*T133/1000 -> 85.021727
A21: March | B21: =B102*B134/1000 -> 68.433256 | C21: =C102*C134/1000 -> 75.48081 | D21: =D102*D134/1000 -> 84.236638 | E21: =E102*E134/1000 -> 82.911051 | F21: =F102*F134/1000 -> 71.618234 | G21: =G102*G134/1000 -> 69.555768 | H21: =H102*H134/1000 -> 64.771794 | I21: =I102*I134/1000 -> 76.323066 | J21: =J102*J134/1000*1.1 -> 108.94953 | K21: =K102*K134/1000 -> 85.104932 | L21: =L102*L134/1000 -> 82.401551 | M21: =M102*M134/1000 -> 84.254684 | N21: =N102*N134/1000 -> 83.755479 | O21: =O102*O134/1000 -> 84.252738 | P21: =P102*P134/1000 -> 85.967573 | Q21: =Q102*Q134/1000 -> 85.270919 | R21: =R102*R134/1000 -> 85.660605 | ... T21: =T102*T134/1000 -> 85.93903
A22: April | B22: =B103*B135/1000 -> 72.005652 | C22: =C103*C135/1000 -> 62.471808 | D22: =D103*D135/1000 -> 75.693717 | E22: =E103*E135/1000 -> 71.572607 | F22: =F103*F135/1000 -> 57.567935 | G22: =G103*G135/1000 -> 72.484568 | H22: =H103*H135/1000 -> 59.296604 | I22: =I103*I135/1000 -> 77.676463 | J22: =J103*J135/1000*1.1 -> 84.446138 | K22: =K103*K135/1000 -> 77.156345 | L22: =L103*L135/1000 -> 75.000706 | M22: =M103*M135/1000 -> 78.321729 | N22: =N103*N135/1000 -> 76.040844 | O22: =O103*O135/1000 -> 77.551773 | P22: =P103*P135/1000 -> 77.664303 | Q22: =Q103*Q135/1000 -> 77.993369 | R22: =R103*R135/1000 -> 77.965278 | ... T22: =T103*T135/1000 -> 78.281347
A23: May | B23: =B104*B136/1000 -> 74.522713 | C23: =C104*C136/1000 -> 79.935488 | D23: =D104*D136/1000 -> 65.294403 | E23: =E104*E136/1000 -> 80.818947 | F23: =F104*F136/1000 -> 79.20163 | G23: =G104*G136/1000 -> 76.100321 | H23: =H104*H136/1000 -> 73.882205 | I23: =I104*I136/1000 -> 89.287774 | J23: =J104*J136/1000*1.1 -> 92.688198 | K23: =K104*K136/1000 -> 91.625441 | L23: =L104*L136/1000 -> 88.559244 | M23: =M104*M136/1000 -> 89.242043 | N23: =N104*N136/1000 -> 88.580837 | O23: =O104*O136/1000 -> 89.383742 | P23: =P104*P136/1000 -> 89.311465 | Q23: =Q104*Q136/1000 -> 90.389455 | R23: =R104*R136/1000 -> 90.366678 | ... T23: =T104*T136/1000 -> 90.650276
A24: June | B24: =B105*B137/1000 -> 68.778616 | C24: =C105*C137/1000 -> 66.553521 | D24: =D105*D137/1000 -> 76.565193 | E24: =E105*E137/1000 -> 74.509255 | F24: =F105*F137/1000 -> 71.67809 | G24: =G105*G137/1000 -> 63.719244 | H24: =H105*H137/1000 -> 76.763554 | I24: =I105*I137/1000 -> 70.410023 | J24: =J105*J137/1000*1.1 -> 99.279237 | K24: =K105*K137/1000 -> 83.619714 | L24: =L105*L137/1000 -> 82.099507 | M24: =M105*M137/1000 -> 83.231611 | N24: =N105*N137/1000 -> 85.130964 | O24: =O105*O137/1000 -> 83.876819 | P24: =P105*P137/1000 -> 85.181599 | Q24: =Q105*Q137/1000 -> 84.874707 | R24: =R105*R137/1000 -> 85.198263 | ... T24: =T105*T137/1000 -> 85.667758
A25: July | B25: =B106*B138/1000 -> 66.70819 | C25: =C106*C138/1000 -> 69.026801 | D25: =D106*D138/1000 -> 76.376318 | E25: =E106*E138/1000 -> 77.710034 | F25: =F106*F138/1000 -> 67.188311 | G25: =G106*G138/1000 -> 67.575842 | H25: =H106*H138/1000 -> 71.875368 | I25: =I106*I138/1000 -> 79.353983 | J25: =J106*J138/1000*1.1 -> 97.222843 | K25: =K106*K138/1000 -> 84.588382 | L25: =L106*L138/1000 -> 81.895037 | M25: =M106*M138/1000 -> 83.502372 | N25: =N106*N138/1000 -> 83.356717 | O25: =O106*O138/1000 -> 83.938625 | P25: =P106*P138/1000 -> 85.05158 | Q25: =Q106*Q138/1000 -> 84.662482 | R25: =R106*R138/1000 -> 84.945941 | ... T25: =T106*T138/1000 -> 85.228029
A26: August | B26: =B107*B139/1000 -> 69.526544 | C26: =C107*C139/1000 -> 75.104811 | D26: =D107*D139/1000 -> 81.914945 | E26: =E107*E139/1000 -> 77.29146 | F26: =F107*F139/1000 -> 73.616874 | G26: =G107*G139/1000 -> 75.8078 | H26: =H107*H139/1000 -> 77.928929 | I26: =I107*I139/1000 -> 85.957803 | J26: =J107*J139/1000*1.1 -> 103.52088 | K26: =K107*K139/1000 -> 90.163465 | L26: =L107*L139/1000 -> 89.647199 | M26: =M107*M139/1000 -> 91.397172 | N26: =N107*N139/1000 -> 90.694034 | O26: =O107*O139/1000 -> 91.778039 | P26: =P107*P139/1000 -> 91.631627 | Q26: =Q107*Q139/1000 -> 92.028603 | R26: =R107*R139/1000 -> 92.4301 | ... T26: =T107*T139/1000 -> 92.808106
A27: September | B27: =B108*B140/1000 -> 69.237387 | C27: =C108*C140/1000 -> 69.069619 | D27: =D108*D140/1000 -> 79.791966 | E27: =E108*E140/1000 -> 74.924614 | F27: =F108*F140/1000 -> 74.918419 | G27: =G108*G140/1000 -> 60.806069 | H27: =H108*H140/1000 -> 79.545896 | I27: =I108*I140/1000 -> 80.431237 | J27: =J108*J140/1000*1.1 -> 99.307255 | K27: =K108*K140/1000 -> 85.319576 | L27: =L108*L140/1000 -> 84.964151 | M27: =M108*M140/1000 -> 85.782866 | N27: =N108*N140/1000 -> 87.273374 | O27: =O108*O140/1000 -> 86.727975 | P27: =P108*P140/1000 -> 86.843868 | Q27: =Q108*Q140/1000 -> 87.172197 | R27: =R108*R140/1000 -> 87.514622 | ... T27: =T108*T140/1000 -> 88.054846
A28: October | B28: =B109*B143/1000 -> 69.408612 | C28: =C109*C141/1000 -> 71.508682 | D28: =D109*D141/1000 -> 68.740156 | E28: =E109*E141/1000 -> 79.524348 | F28: =F109*F141/1000 -> 64.461113 | G28: =G109*G141/1000 -> 46.658397 | H28: =H109*H141/1000 -> 74.238342 | I28: =I109*I141/1000 -> 99.0428 | J28: =J109*J141/1000*1.1 -> 89.440762 | K28: =K109*K141/1000 -> 83.485944 | L28: =L109*L141/1000 -> 80.036997 | M28: =M109*M141/1000 -> 83.834572 | N28: =N109*N141/1000 -> 85.287613 | O28: =O109*O141/1000 -> 84.838594 | P28: =P109*P141/1000 -> 84.327931 | Q28: =Q109*Q141/1000 -> 85.20765 | R28: =R109*R141/1000 -> 85.352752 | ... T28: =T109*T141/1000 -> 85.810713
A29: November | B29: =B110*B142/1000 -> 79.903665 | C29: =C110*C142/1000 -> 76.719823 | D29: =D110*D142/1000 -> 77.635751 | E29: =E110*E142/1000 -> 81.817039 | F29: =F110*F142/1000 -> 69.645874 | G29: =G110*G142/1000 -> 57.954109 | H29: =H110*H142/1000 -> 79.951449 | I29: =I110*I142/1000 -> 94.670257 | J29: =J110*J142/1000*1.1 -> 87.85346 | K29: =K110*K142/1000 -> 89.770463 | L29: =L110*L142/1000 -> 84.702133 | M29: =M110*M142/1000 -> 87.648095 | N29: =N110*N142/1000 -> 89.031366 | O29: =O110*O142/1000 -> 88.401579 | P29: =P110*P142/1000 -> 87.473283 | Q29: =Q110*Q142/1000 -> 88.799409 | R29: =R110*R142/1000 -> 88.755749 | ... T29: =T110*T142/1000 -> 89.301954
A30: December | B30: =B111*B143/1000 -> 76.751851 | C30: =C111*C143/1000 -> 83.656657 | D30: =D111*D143/1000 -> 85.044569 | E30: =E111*E143/1000 -> 83.377171 | F30: =F111*F143/1000 -> 72.186794 | G30: =G111*G143/1000 -> 60.776899 | H30: =H111*H143/1000 -> 66.913768 | I30: =I111*I143/1000 -> 101.08505 | J30: =J111*J143/1000*1.1 -> 101.82521 | K30: =K111*K143/1000 -> 88.738497 | L30: =L111*L143/1000 -> 86.049623 | M30: =M111*M143/1000 -> 88.164604 | N30: =N111*N143/1000 -> 91.162974 | O30: =O111*O143/1000 -> 91.913653 | P30: =P111*P143/1000 -> 90.120828 | Q30: =Q111*Q143/1000 -> 90.881216 | R30: =R111*R143/1000 -> 91.024664 | ... T30: =T111*T143/1000 -> 91.897091
A31: Total | B31: =SUM(B19:B30) -> 862.38714 | C31: =SUM(C19:C30) -> 883.84592 | D31: =SUM(D19:D30) -> 924.20621 | E31: =SUM(E19:E30) -> 949.3367 | F31: =SUM(F19:F30) -> 840.28531 | G31: =SUM(G19:G30) -> 766.45009 | H31: =SUM(H19:H30) -> 842.73999 | I31: =SUM(I19:I30) -> 1013.9096 | ... T31: =SUM(T19:T30) -> 1032.1775
A33: YELLOW GREASE IMPORTS (1000 tons)
B34: =B2 -> 2016 | C34: =C2 -> 2017 | D34: =D2 -> 2018 | E34: =E2 -> 2019 | F34: =F2 -> 2020 | G34: =G2 -> 2021 | H34: =H2 -> 2022 | I34: =I2 -> 2023 | ... T34: =T2 -> 2033
A35: October | B35: 2.82027 | C35: 7.80327 | D35: 3.402845 | E35: 7.76844 | F35: 5.75775 | G35: 12.159826 | H35: 4.360657 | I35: 6.33588 | J35: 4.309373 | K35: =K$47*(SUM(E35:I35)/SUM(E$47:I$47)) -> 0.30896542 | L35: =L$47*(SUM(F35:J35)/SUM(F$47:J$47)) -> 0.33170313 | M35: =M$47*(SUM(G35:K35)/SUM(G$47:K$47)) -> 0.39988213 | N35: =N$47*(SUM(H35:L35)/SUM(H$47:L$47)) -> 0.35834272 | O35: =O$47*(SUM(I35:M35)/SUM(I$47:M$47)) -> 0.58960864 | P35: =P$47*(SUM(J35:N35)/SUM(J$47:N$47)) -> 1.1416533 | Q35: =Q$47*(SUM(K35:O35)/SUM(K$47:O$47)) -> 0.39770041 | R35: =R$47*(SUM(L35:P35)/SUM(L$47:P$47)) -> 0.56423798 | ... T35: =T$47*(SUM(N35:R35)/SUM(N$47:R$47)) -> 0.61030861
A36: November | B36: 2.7185 | C36: 3.4075 | D36: 6.954 | E36: 6.77586 | F36: 5.09246 | G36: 6.39138 | H36: 5.16381 | I36: 5.66736 | J36: 4.8994 | K36: =K$47*(SUM(E36:I36)/SUM(E$47:I$47)) -> 0.24704349 | L36: =L$47*(SUM(F36:J36)/SUM(F$47:J$47)) -> 0.27418436 | M36: =M$47*(SUM(G36:K36)/SUM(G$47:K$47)) -> 0.32557081 | N36: =N$47*(SUM(H36:L36)/SUM(H$47:L$47)) -> 0.37220364 | O36: =O$47*(SUM(I36:M36)/SUM(I$47:M$47)) -> 0.57587249 | P36: =P$47*(SUM(J36:N36)/SUM(J$47:N$47)) -> 1.2236805 | Q36: =Q$47*(SUM(K36:O36)/SUM(K$47:O$47)) -> 0.35897496 | R36: =R$47*(SUM(L36:P36)/SUM(L$47:P$47)) -> 0.55430235 | ... T36: =T$47*(SUM(N36:R36)/SUM(N$47:R$47)) -> 0.61700678
A37: December | B37: 3.21935 | C37: 4.9225 | D37: 3.5814 | E37: 4.59201 | F37: 4.17866 | G37: 10.645473 | H37: 6.23159 | I37: 5.52146 | J37: =J$47*(SUM(D37:H37)/SUM(D$47:H$47)) -> 0.24433447 | K37: =K$47*(SUM(E37:I37)/SUM(E$47:I$47)) -> 0.26469288 | L37: =L$47*(SUM(F37:J37)/SUM(F$47:J$47)) -> 0.27022598 | M37: =M$47*(SUM(G37:K37)/SUM(G$47:K$47)) -> 0.33340927 | N37: =N$47*(SUM(H37:L37)/SUM(H$47:L$47)) -> 0.28701864 | O37: =O$47*(SUM(I37:M37)/SUM(I$47:M$47)) -> 0.33472546 | P37: =P$47*(SUM(J37:N37)/SUM(J$47:N$47)) -> 0.27993625 | Q37: =Q$47*(SUM(K37:O37)/SUM(K$47:O$47)) -> 0.29801445 | ... T37: =T$47*(SUM(N37:R37)/SUM(N$47:R$47)) -> 0.30015158
A38: January | B38: 3.39404 | C38: 2.7272 | D38: 3.508 | E38: 3.749017 | F38: 2.00074 | G38: 6.193946 | H38: 5.79216 | I38: 3.82071 | J38: =J$47*(SUM(D38:H38)/SUM(D$47:H$47)) -> 0.17758337 | K38: =K$47*(SUM(E38:I38)/SUM(E$47:I$47)) -> 0.18306125 | L38: =L$47*(SUM(F38:J38)/SUM(F$47:J$47)) -> 0.18119974 | M38: =M$47*(SUM(G38:K38)/SUM(G$47:K$47)) -> 0.23531024 | N38: =N$47*(SUM(H38:L38)/SUM(H$47:L$47)) -> 0.23256637 | O38: =O$47*(SUM(I38:M38)/SUM(I$47:M$47)) -> 0.23198582 | P38: =P$47*(SUM(J38:N38)/SUM(J$47:N$47)) -> 0.20194419 | Q38: =Q$47*(SUM(K38:O38)/SUM(K$47:O$47)) -> 0.21282468 | ... T38: =T$47*(SUM(N38:R38)/SUM(N$47:R$47)) -> 0.21918447
A39: February | B39: 3.08692 | C39: 3.5061 | D39: 2.462981 | E39: 3.62252 | F39: 2.591 | G39: 6.45336 | H39: 9.27372 | I39: 5.61287 | J39: =J$47*(SUM(D39:H39)/SUM(D$47:H$47)) -> 0.20399634 | K39: =K$47*(SUM(E39:I39)/SUM(E$47:I$47)) -> 0.23398769 | L39: =L$47*(SUM(F39:J39)/SUM(F$47:J$47)) -> 0.24315886 | M39: =M$47*(SUM(G39:K39)/SUM(G$47:K$47)) -> 0.3169682 | N39: =N$47*(SUM(H39:L39)/SUM(H$47:L$47)) -> 0.35653698 | O39: =O$47*(SUM(I39:M39)/SUM(I$47:M$47)) -> 0.33355785 | P39: =P$47*(SUM(J39:N39)/SUM(J$47:N$47)) -> 0.27092961 | Q39: =Q$47*(SUM(K39:O39)/SUM(K$47:O$47)) -> 0.29684192 | ... T39: =T$47*(SUM(N39:R39)/SUM(N$47:R$47)) -> 0.31241933
A40: March | B40: 4.07645 | C40: 4.65412 | D40: 4.14412 | E40: 2.83379 | F40: 3.463106 | G40: 6.05732 | H40: 7.4762 | I40: 3.94576 | J40: =J$47*(SUM(D40:H40)/SUM(D$47:H$47)) -> 0.20040983 | K40: =K$47*(SUM(E40:I40)/SUM(E$47:I$47)) -> 0.20191041 | L40: =L$47*(SUM(F40:J40)/SUM(F$47:J$47)) -> 0.21301303 | M40: =M$47*(SUM(G40:K40)/SUM(G$47:K$47)) -> 0.26025879 | N40: =N$47*(SUM(H40:L40)/SUM(H$47:L$47)) -> 0.27568177 | O40: =O$47*(SUM(I40:M40)/SUM(I$47:M$47)) -> 0.2432619 | P40: =P$47*(SUM(J40:N40)/SUM(J$47:N$47)) -> 0.23025477 | Q40: =Q$47*(SUM(K40:O40)/SUM(K$47:O$47)) -> 0.23882518 | ... T40: =T$47*(SUM(N40:R40)/SUM(N$47:R$47)) -> 0.24650353
A41: April | B41: 4.39414 | C41: 4.89866 | D41: 4.15737 | E41: 4.249138 | F41: 4.11044 | G41: 6.13106 | H41: 5.941069 | I41: 3.182565 | J41: =J$47*(SUM(D41:H41)/SUM(D$47:H$47)) -> 0.20554695 | K41: =K$47*(SUM(E41:I41)/SUM(E$47:I$47)) -> 0.2005355 | L41: =L$47*(SUM(F41:J41)/SUM(F$47:J$47)) -> 0.19717402 | M41: =M$47*(SUM(G41:K41)/SUM(G$47:K$47)) -> 0.22793568 | N41: =N$47*(SUM(H41:L41)/SUM(H$47:L$47)) -> 0.22276822 | O41: =O$47*(SUM(I41:M41)/SUM(I$47:M$47)) -> 0.2025146 | P41: =P$47*(SUM(J41:N41)/SUM(J$47:N$47)) -> 0.21079207 | Q41: =Q$47*(SUM(K41:O41)/SUM(K$47:O$47)) -> 0.2101856 | ... T41: =T$47*(SUM(N41:R41)/SUM(N$47:R$47)) -> 0.21169948
A42: May | B42: 3.87097 | C42: 3.69 | D42: 4.58578 | E42: 3.22283 | F42: 4.96415 | G42: 5.20261 | H42: 7.2197 | I42: 3.983354 | J42: =J$47*(SUM(D42:H42)/SUM(D$47:H$47)) -> 0.21061261 | K42: =K$47*(SUM(E42:I42)/SUM(E$47:I$47)) -> 0.20884396 | L42: =L$47*(SUM(F42:J42)/SUM(F$47:J$47)) -> 0.21742215 | M42: =M$47*(SUM(G42:K42)/SUM(G$47:K$47)) -> 0.24488219 | N42: =N$47*(SUM(H42:L42)/SUM(H$47:L$47)) -> 0.27116176 | O42: =O$47*(SUM(I42:M42)/SUM(I$47:M$47)) -> 0.24546996 | P42: =P$47*(SUM(J42:N42)/SUM(J$47:N$47)) -> 0.23058454 | Q42: =Q$47*(SUM(K42:O42)/SUM(K$47:O$47)) -> 0.23755601 | ... T42: =T$47*(SUM(N42:R42)/SUM(N$47:R$47)) -> 0.24533528
A43: June | B43: 3.82926 | C43: 3.9075 | D43: 4.94587 | E43: 3.64383 | F43: 12.583431 | G43: 5.53552 | H43: 5.869655 | I43: 2.259355 | J43: =J$47*(SUM(D43:H43)/SUM(D$47:H$47)) -> 0.27233114 | K43: =K$47*(SUM(E43:I43)/SUM(E$47:I$47)) -> 0.25384502 | L43: =L$47*(SUM(F43:J43)/SUM(F$47:J$47)) -> 0.26719115 | M43: =M$47*(SUM(G43:K43)/SUM(G$47:K$47)) -> 0.20653945 | N43: =N$47*(SUM(H43:L43)/SUM(H$47:L$47)) -> 0.20434301 | O43: =O$47*(SUM(I43:M43)/SUM(I$47:M$47)) -> 0.16444645 | P43: =P$47*(SUM(J43:N43)/SUM(J$47:N$47)) -> 0.24084995 | Q43: =Q$47*(SUM(K43:O43)/SUM(K$47:O$47)) -> 0.21927302 | ... T43: =T$47*(SUM(N43:R43)/SUM(N$47:R$47)) -> 0.20911729
A44: July | B44: 3.51476 | C44: 4.52406 | D44: 4.25798 | E44: 5.45934 | F44: 8.805511 | G44: 3.77341 | H44: 4.62616 | I44: 1.64109 | J44: =J$47*(SUM(D44:H44)/SUM(D$47:H$47)) -> 0.22505185 | K44: =K$47*(SUM(E44:I44)/SUM(E$47:I$47)) -> 0.20640559 | L44: =L$47*(SUM(F44:J44)/SUM(F$47:J$47)) -> 0.192142 | M44: =M$47*(SUM(G44:K44)/SUM(G$47:K$47)) -> 0.15241704 | N44: =N$47*(SUM(H44:L44)/SUM(H$47:L$47)) -> 0.15781634 | O44: =O$47*(SUM(I44:M44)/SUM(I$47:M$47)) -> 0.1219554 | P44: =P$47*(SUM(J44:N44)/SUM(J$47:N$47)) -> 0.18676656 | Q44: =Q$47*(SUM(K44:O44)/SUM(K$47:O$47)) -> 0.16614727 | ... T44: =T$47*(SUM(N44:R44)/SUM(N$47:R$47)) -> 0.15898101
A45: August | B45: 3.656571 | C45: 4.44858 | D45: 4.89614 | E45: 6.56156 | F45: 28.347545 | G45: 4.22762 | H45: 5.742946 | I45: 2.751325 | J45: =J$47*(SUM(D45:H45)/SUM(D$47:H$47)) -> 0.41608988 | K45: =K$47*(SUM(E45:I45)/SUM(E$47:I$47)) -> 0.40448868 | L45: =L$47*(SUM(F45:J45)/SUM(F$47:J$47)) -> 0.41796542 | M45: =M$47*(SUM(G45:K45)/SUM(G$47:K$47)) -> 0.19710466 | N45: =N$47*(SUM(H45:L45)/SUM(H$47:L$47)) -> 0.2229039 | O45: =O$47*(SUM(I45:M45)/SUM(I$47:M$47)) -> 0.21125426 | P45: =P$47*(SUM(J45:N45)/SUM(J$47:N$47)) -> 0.33171051 | Q45: =Q$47*(SUM(K45:O45)/SUM(K$47:O$47)) -> 0.29074338 | ... T45: =T$47*(SUM(N45:R45)/SUM(N$47:R$47)) -> 0.26655996
A46: September | B46: 4.569024 | C46: 8.564 | D46: 6.17673 | E46: 6.022229 | F46: 12.751848 | G46: 5.358295 | H46: 6.83473 | I46: 2.737052 | J46: =J47-SUM(J35:J45) -> -8.3647294 | K46: =K47-SUM(K35:K45) -> 0.2862201 | L46: =L47-SUM(L35:L45) -> 0.19462016 | M46: =M47-SUM(M35:M45) -> 0.099721538 | N46: =N47-SUM(N35:N45) -> 0.038656638 | O46: =O47-SUM(O35:O45) -> -0.25465283 | P46: =P47-SUM(P35:P45) -> -1.5491022 | Q46: =Q47-SUM(Q35:Q45) -> 0.072913123 | ... T46: =T47-SUM(T35:T45) -> -0.39726732
A47: Total | B47: =SUM(B35:B46) -> 43.150255 | C47: =SUM(C35:C46) -> 57.05349 | D47: =SUM(D35:D46) -> 53.073216 | E47: =SUM(E35:E46) -> 58.500564 | F47: =SUM(F35:F46) -> 94.646641 | G47: =SUM(G35:G46) -> 78.12982 | H47: =SUM(H35:H46) -> 74.532397 | I47: =SUM(I35:I46) -> 47.458781 | J47: =J5 -> 3 | K47: =K5 -> 3 | L47: =L5 -> 3 | M47: =M5 -> 3 | N47: =N5 -> 3 | O47: =O5 -> 3 | P47: =P5 -> 3 | Q47: =Q5 -> 3 | ... T47: =T5 -> 3
A49: YELLOW GREASE EXPORTS (1000 tons) | E49: 1000
B50: =B2 -> 2016 | C50: =C2 -> 2017 | D50: =D2 -> 2018 | E50: =E2 -> 2019 | F50: =F2 -> 2020 | G50: =G2 -> 2021 | H50: =H2 -> 2022 | I50: =I2 -> 2023 | ... T50: =T2 -> 2033
A51: January | B51: 0.108542 | C51: 0.094463 | D51: 0.093852 | E51: 0.350188 | F51: 0.271861 | G51: 0.910591 | H51: 1.280456 | I51: 2.056952 | J51: 30.570979 | K51: =K$63*(SUM(E51:I51)/SUM(E$63:I$63)) -> 0.040050178 | L51: =L$63*(SUM(F51:J51)/SUM(F$63:J$63)) -> 0.29450165 | M51: =M$63*(SUM(G51:K51)/SUM(G$63:K$63)) -> 0.29465876 | N51: =N$63*(SUM(H51:L51)/SUM(H$63:L$63)) -> 0.30609006 | O51: =O$63*(SUM(I51:M51)/SUM(I$63:M$63)) -> 0.38743353 | P51: =P$63*(SUM(J51:N51)/SUM(J$63:N$63)) -> 6.3012559 | Q51: =Q$63*(SUM(K51:O51)/SUM(K$63:O$63)) -> 0.26454684 | R51: =R$63*(SUM(L51:P51)/SUM(L$63:P$63)) -> 1.516788 | ... T51: =T$63*(SUM(N51:R51)/SUM(N$63:R$63)) -> 1.7552229
A52: February | B52: 0.075683 | C52: 0.115756 | D52: 0.118288 | E52: 0.316408 | F52: 0.293352 | G52: 0.921265 | H52: 6.922294 | I52: 7.235813 | J52: 27.092078 | K52: =K$63*(SUM(E52:I52)/SUM(E$63:I$63)) -> 0.12902389 | L52: =L$63*(SUM(F52:J52)/SUM(F$63:J$63)) -> 0.35638801 | M52: =M$63*(SUM(G52:K52)/SUM(G$63:K$63)) -> 0.35756032 | N52: =N$63*(SUM(H52:L52)/SUM(H$63:L$63)) -> 0.37306528 | O52: =O$63*(SUM(I52:M52)/SUM(I$63:M$63)) -> 0.40972769 | P52: =P$63*(SUM(J52:N52)/SUM(J$63:N$63)) -> 5.6616231 | Q52: =Q$63*(SUM(K52:O52)/SUM(K$63:O$63)) -> 0.32515304 | R52: =R$63*(SUM(L52:P52)/SUM(L$63:P$63)) -> 1.4316729 | ... T52: =T$63*(SUM(N52:R52)/SUM(N$63:R$63)) -> 1.6402484
A53: March | B53: 0.084165 | C53: 3.814008 | D53: 0.142367 | E53: 0.515535 | F53: 0.394782 | G53: 1.077788 | H53: 11.904799 | I53: 14.26616 | J53: =J$63*(SUM(D53:H53)/SUM(D$63:H$63)) -> 0.34704385 | K53: =K$63*(SUM(E53:I53)/SUM(E$63:I$63)) -> 0.2315738 | L53: =L$63*(SUM(F53:J53)/SUM(F$63:J$63)) -> 0.23491231 | M53: =M$63*(SUM(G53:K53)/SUM(G$63:K$63)) -> 0.23522104 | N53: =N$63*(SUM(H53:L53)/SUM(H$63:L$63)) -> 0.24120838 | O53: =O$63*(SUM(I53:M53)/SUM(I$63:M$63)) -> 0.17841311 | P53: =P$63*(SUM(J53:N53)/SUM(J$63:N$63)) -> 0.25799188 | Q53: =Q$63*(SUM(K53:O53)/SUM(K$63:O$63)) -> 0.22426573 | ... T53: =T$63*(SUM(N53:R53)/SUM(N$63:R$63)) -> 0.22628569
A54: April | B54: 0.238704 | C54: 0.125583 | D54: 0.086249 | E54: 0.589654 | F54: 0.652128 | G54: 0.819366 | H54: 1.335272 | I54: 7.056268 | J54: =J$63*(SUM(D54:H54)/SUM(D$63:H$63)) -> 0.086114395 | K54: =K$63*(SUM(E54:I54)/SUM(E$63:I$63)) -> 0.085960553 | L54: =L$63*(SUM(F54:J54)/SUM(F$63:J$63)) -> 0.083498735 | M54: =M$63*(SUM(G54:K54)/SUM(G$63:K$63)) -> 0.079313099 | N54: =N$63*(SUM(H54:L54)/SUM(H$63:L$63)) -> 0.077294638 | O54: =O$63*(SUM(I54:M54)/SUM(I$63:M$63)) -> 0.086104249 | P54: =P$63*(SUM(J54:N54)/SUM(J$63:N$63)) -> 0.082436284 | Q54: =Q$63*(SUM(K54:O54)/SUM(K$63:O$63)) -> 0.082434255 | ... T54: =T$63*(SUM(N54:R54)/SUM(N$63:R$63)) -> 0.081999765
A55: May | B55: 0.096438 | C55: 0.150952 | D55: 0.117732 | E55: 0.429851 | F55: 0.463091 | G55: 0.92186 | H55: 5.184588 | I55: 10.29275 | J55: =J$63*(SUM(D55:H55)/SUM(D$63:H$63)) -> 0.17598188 | K55: =K$63*(SUM(E55:I55)/SUM(E$63:I$63)) -> 0.14220667 | L55: =L$63*(SUM(F55:J55)/SUM(F$63:J$63)) -> 0.14299456 | M55: =M$63*(SUM(G55:K55)/SUM(G$63:K$63)) -> 0.14130986 | N55: =N$63*(SUM(H55:L55)/SUM(H$63:L$63)) -> 0.14247092 | O55: =O$63*(SUM(I55:M55)/SUM(I$63:M$63)) -> 0.12692559 | P55: =P$63*(SUM(J55:N55)/SUM(J$63:N$63)) -> 0.14899278 | Q55: =Q$63*(SUM(K55:O55)/SUM(K$63:O$63)) -> 0.13918152 | ... T55: =T$63*(SUM(N55:R55)/SUM(N$63:R$63)) -> 0.13962191
A56: June | B56: 0.079225 | C56: 0.162931 | D56: 0.157824 | E56: 0.248052 | F56: 0.42422 | G56: 1.365089 | H56: 1.363531 | I56: 17.86182 | J56: =J$63*(SUM(D56:H56)/SUM(D$63:H$63)) -> 0.087994775 | K56: =K$63*(SUM(E56:I56)/SUM(E$63:I$63)) -> 0.17485976 | L56: =L$63*(SUM(F56:J56)/SUM(F$63:J$63)) -> 0.17710511 | M56: =M$63*(SUM(G56:K56)/SUM(G$63:K$63)) -> 0.17627014 | N56: =N$63*(SUM(H56:L56)/SUM(H$63:L$63)) -> 0.17578387 | O56: =O$63*(SUM(I56:M56)/SUM(I$63:M$63)) -> 0.21526252 | P56: =P$63*(SUM(J56:N56)/SUM(J$63:N$63)) -> 0.15840273 | Q56: =Q$63*(SUM(K56:O56)/SUM(K$63:O$63)) -> 0.18385628 | ... T56: =T$63*(SUM(N56:R56)/SUM(N$63:R$63)) -> 0.18277405
A57: July | B57: 0.163149 | C57: 0.150617 | D57: 0.164153 | E57: 5.701295 | F57: 0.267347 | G57: 1.442435 | H57: 12.63779 | I57: 20.973059 | J57: =J$63*(SUM(D57:H57)/SUM(D$63:H$63)) -> 0.49979828 | K57: =K$63*(SUM(E57:I57)/SUM(E$63:I$63)) -> 0.33735508 | L57: =L$63*(SUM(F57:J57)/SUM(F$63:J$63)) -> 0.30062478 | M57: =M$63*(SUM(G57:K57)/SUM(G$63:K$63)) -> 0.30337713 | N57: =N$63*(SUM(H57:L57)/SUM(H$63:L$63)) -> 0.3106103 | O57: =O$63*(SUM(I57:M57)/SUM(I$63:M$63)) -> 0.2611174 | P57: =P$63*(SUM(J57:N57)/SUM(J$63:N$63)) -> 0.35035311 | Q57: =Q$63*(SUM(K57:O57)/SUM(K$63:O$63)) -> 0.30261694 | ... T57: =T$63*(SUM(N57:R57)/SUM(N$63:R$63)) -> 0.30598286
A58: August | B58: 0.17923 | C58: 0.112816 | D58: 0.304157 | E58: 0.339699 | F58: 0.292946 | G58: 1.529268 | H58: 1.534696 | I58: 17.589117 | J58: =J$63*(SUM(D58:H58)/SUM(D$63:H$63)) -> 0.098925147 | K58: =K$63*(SUM(E58:I58)/SUM(E$63:I$63)) -> 0.17504902 | L58: =L$63*(SUM(F58:J58)/SUM(F$63:J$63)) -> 0.17662083 | M58: =M$63*(SUM(G58:K58)/SUM(G$63:K$63)) -> 0.17689363 | N58: =N$63*(SUM(H58:L58)/SUM(H$63:L$63)) -> 0.17497131 | O58: =O$63*(SUM(I58:M58)/SUM(I$63:M$63)) -> 0.21221679 | P58: =P$63*(SUM(J58:N58)/SUM(J$63:N$63)) -> 0.16049199 | Q58: =Q$63*(SUM(K58:O58)/SUM(K$63:O$63)) -> 0.18315032 | ... T58: =T$63*(SUM(N58:R58)/SUM(N$63:R$63)) -> 0.18221386
A59: September | B59: 0.083642 | C59: 0.167543 | D59: 0.297637 | E59: 0.382451 | F59: 0.365385 | G59: 6.786594 | H59: 2.177792 | I59: 27.15962 | J59: =J$63*(SUM(D59:H59)/SUM(D$63:H$63)) -> 0.24750929 | K59: =K$63*(SUM(E59:I59)/SUM(E$63:I$63)) -> 0.30322573 | L59: =L$63*(SUM(F59:J59)/SUM(F$63:J$63)) -> 0.30831631 | M59: =M$63*(SUM(G59:K59)/SUM(G$63:K$63)) -> 0.31000674 | N59: =N$63*(SUM(H59:L59)/SUM(H$63:L$63)) -> 0.26991951 | O59: =O$63*(SUM(I59:M59)/SUM(I$63:M$63)) -> 0.33001874 | P59: =P$63*(SUM(J59:N59)/SUM(J$63:N$63)) -> 0.28779552 | Q59: =Q$63*(SUM(K59:O59)/SUM(K$63:O$63)) -> 0.3042974 | ... T59: =T$63*(SUM(N59:R59)/SUM(N$63:R$63)) -> 0.29864851
A60: October | B60: 0.079943 | C60: 0.055664 | D60: 0.157317 | E60: 0.543367 | F60: 0.720693 | G60: 0.758367 | H60: 22.274706 | I60: 28.869697 | J60: =J$63*(SUM(D60:H60)/SUM(D$63:H$63)) -> 0.60467422 | K60: =K$63*(SUM(E60:I60)/SUM(E$63:I$63)) -> 0.43723204 | L60: =L$63*(SUM(F60:J60)/SUM(F$63:J$63)) -> 0.44671985 | M60: =M$63*(SUM(G60:K60)/SUM(G$63:K$63)) -> 0.44753436 | N60: =N$63*(SUM(H60:L60)/SUM(H$63:L$63)) -> 0.47047502 | O60: =O$63*(SUM(I60:M60)/SUM(I$63:M$63)) -> 0.35887697 | P60: =P$63*(SUM(J60:N60)/SUM(J$63:N$63)) -> 0.4813271 | Q60: =Q$63*(SUM(K60:O60)/SUM(K$63:O$63)) -> 0.43216765 | ... T60: =T$63*(SUM(N60:R60)/SUM(N$63:R$63)) -> 0.43676668
A61: November | B61: 0.101311 | C61: 0.204043 | D61: 0.236614 | E61: 0.562001 | F61: 0.797288 | G61: 5.088675 | H61: 1.694057 | I61: 44.249863 | J61: =J$63*(SUM(D61:H61)/SUM(D$63:H$63)) -> 0.20717475 | K61: =K$63*(SUM(E61:I61)/SUM(E$63:I$63)) -> 0.43085906 | L61: =L$63*(SUM(F61:J61)/SUM(F$63:J$63)) -> 0.43672366 | M61: =M$63*(SUM(G61:K61)/SUM(G$63:K$63)) -> 0.436765 | N61: =N$63*(SUM(H61:L61)/SUM(H$63:L$63)) -> 0.42028957 | O61: =O$63*(SUM(I61:M61)/SUM(I$63:M$63)) -> 0.5331034 | P61: =P$63*(SUM(J61:N61)/SUM(J$63:N$63)) -> 0.38636241 | Q61: =Q$63*(SUM(K61:O61)/SUM(K$63:O$63)) -> 0.45154814 | ... T61: =T$63*(SUM(N61:R61)/SUM(N$63:R$63)) -> 0.44679046
A62: December | B62: 0.033006 | C62: 3.931119 | D62: 0.173714 | E62: 0.35763 | F62: 0.607626 | G62: 0.671525 | H62: 12.78751 | I62: 47.907697 | J62: =J63-SUM(J51:J61) -> -57.018274 | K62: =K63-SUM(K51:K61) -> 0.51260423 | L62: =L63-SUM(L51:L61) -> 0.041594191 | M62: =M63-SUM(M51:M61) -> 0.04108992 | N62: =N63-SUM(N51:N61) -> 0.037821152 | O62: =O63-SUM(O51:O61) -> -0.099199993 | P62: =P63-SUM(P51:P61) -> -11.277033 | Q62: =Q63-SUM(Q51:Q61) -> 0.1067819 | ... T62: =T63-SUM(T51:T61) -> -2.6965551
A63: Total | B63: =SUM(B51:B62) -> 1.323038 | C63: =SUM(C51:C62) -> 9.085495 | D63: =SUM(D51:D62) -> 2.049904 | E63: =SUM(E51:E62) -> 10.336131 | F63: =SUM(F51:F62) -> 5.550719 | G63: =SUM(G51:G62) -> 22.292823 | H63: =SUM(H51:H62) -> 81.097491 | I63: =SUM(I51:I62) -> 245.51882 | J63: =J10 -> 3 | K63: =K10 -> 3 | L63: =L10 -> 3 | M63: =M10 -> 3 | N63: =N10 -> 3 | O63: =O10 -> 3 | P63: =P10 -> 3 | Q63: =Q10 -> 3 | ... T63: =T10 -> 3
C64: =C65-B65 -> 36.9568 | D64: =D65-C65 -> 3.99616 | E64: =E65-D65 -> 5.951063 | F64: =F65-E65 -> -11.114624 | G64: =G65-F65 -> 57.034953 | H64: =H65-G65 -> -76.115612 | I64: =I65-H65 -> -33.446297
A65: YELLOW GREASE DOMESTIC USAGE (1000 tons) | B65: =(SUM(A38:A46,B35:B37)-SUM(A54:A62,B51:B53)) -> 8.48973 | C65: =(SUM(B38:B46,C35:C37)-SUM(B54:B62,C51:C53)) -> 45.44653 | D65: =(SUM(C38:C46,D35:D37)-SUM(C54:C62,D51:D53)) -> 49.44269 | E65: =(SUM(D38:D46,E35:E37)-SUM(D54:D62,E51:E53)) -> 55.393753 | F65: =(SUM(E38:E46,F35:F37)-SUM(E54:E62,F51:F53)) -> 44.279129 | G65: =(SUM(F38:F46,G35:G37)-SUM(F54:F62,G51:G53)) -> 101.31408 | H65: =(SUM(G38:G46,H35:H37)-SUM(G54:G62,H51:H53)) -> 25.19847 | I65: =(SUM(H38:H46,I35:I37)-SUM(H54:H62,I51:I53)) -> -8.247827
B66: =B2 -> 2016 | C66: =C2 -> 2017 | D66: =D2 -> 2018 | E66: =E2 -> 2019 | F66: =F2 -> 2020 | G66: =G2 -> 2021 | H66: =H2 -> 2022 | I66: =I2 -> 2023
A67: October
A68: November
A69: December
A70: January
A71: February
A72: March
A73: April
A74: May
A75: June
A76: July
A77: August
A78: September
A79: Total
B80: =B7 -> 862.38714 | C80: =C7 -> 409.62419 | D80: =D7 -> 497.20887 | E80: =E7 -> 637.87206 | F80: =F7 -> 702.9424 | G80: =G7 -> 741.32061 | H80: =H7 -> 986.01263 | I80: =I7 -> 1161.724
A82: YELLOW GREASE BIODIESEL USAGE (1000 tons) | C82: 0.92
B83: =B2 -> 2016 | C83: =C2 -> 2017 | D83: =D2 -> 2018 | E83: =E2 -> 2019 | F83: =F2 -> 2020 | G83: =G2 -> 2021 | H83: =H2 -> 2022 | I83: =I2 -> 2023 | ... T83: =T2 -> 2033
A84: January | C84: =[4]Feedstocks!P2 -> 24.222632 | D84: =[4]Feedstocks!P14 -> 28.422731 | E84: =[4]Feedstocks!P26 -> 50.181472 | F84: =[4]Feedstocks!P38 -> 48.206121 | G84: =[4]Feedstocks!P50 -> 49.221006 | H84: =[4]Feedstocks!P62 -> 65.227449 | I84: =[4]Feedstocks!P74 -> 58.981325 | J84: =[4]Feedstocks!P86 -> 96.602168 | K84: =[4]Feedstocks!P98 -> 83.141998 | L84: =[4]Feedstocks!P110 -> 0 | M84: =[4]Feedstocks!P122 -> 104.39957 | N84: =[4]Feedstocks!P134 -> 113.60528 | O84: =[4]Feedstocks!P146 -> 124.53553 | P84: =[4]Feedstocks!P158 -> 135.25894 | Q84: =[4]Feedstocks!P170 -> 137.39511 | R84: =[4]Feedstocks!P182 -> 140.79774 | S84: =[4]Feedstocks!P194 -> 142.89876 | T84: =[4]Feedstocks!P206 -> 145.70252
A85: February | C85: =[4]Feedstocks!P3 -> 25.229078 | D85: =[4]Feedstocks!P15 -> 32.141482 | E85: =[4]Feedstocks!P27 -> 46.591442 | F85: =[4]Feedstocks!P39 -> 50.810672 | G85: =[4]Feedstocks!P51 -> 52.79712 | H85: =[4]Feedstocks!P63 -> 63.075121 | I85: =[4]Feedstocks!P75 -> 62.555679 | J85: =[4]Feedstocks!P87 -> 85.657937 | K85: =[4]Feedstocks!P99 -> 92.136544 | L85: =[4]Feedstocks!P111 -> 0 | M85: =[4]Feedstocks!P123 -> 109.9819 | N85: =[4]Feedstocks!P135 -> 119.40199 | O85: =[4]Feedstocks!P147 -> 130.45405 | P85: =[4]Feedstocks!P159 -> 142.60071 | Q85: =[4]Feedstocks!P171 -> 145.0841 | R85: =[4]Feedstocks!P183 -> 147.71554 | S85: =[4]Feedstocks!P195 -> 150.39545 | T85: =[4]Feedstocks!P207 -> 153.22838
A86: March | C86: =[4]Feedstocks!P4 -> 34.86658 | D86: =[4]Feedstocks!P16 -> 36.936883 | E86: =[4]Feedstocks!P28 -> 51.611798 | F86: =[4]Feedstocks!P40 -> 56.43246 | G86: =[4]Feedstocks!P52 -> 65.386742 | H86: =[4]Feedstocks!P64 -> 76.538814 | I86: =[4]Feedstocks!P76 -> 90.738906 | J86: =[4]Feedstocks!P88 -> 114.15901 | K86: =[4]Feedstocks!P100 -> 106.32336 | L86: =[4]Feedstocks!P112 -> 0 | M86: =[4]Feedstocks!P124 -> 126.84056 | N86: =[4]Feedstocks!P136 -> 136.34716 | O86: =[4]Feedstocks!P148 -> 151.6194 | P86: =[4]Feedstocks!P160 -> 164.16962 | Q86: =[4]Feedstocks!P172 -> 166.98127 | R86: =[4]Feedstocks!P184 -> 170.23176 | S86: =[4]Feedstocks!P196 -> 173.24914 | T86: =[4]Feedstocks!P208 -> 176.50345
A87: April | C87: =[4]Feedstocks!P5 -> 34.250445 | D87: =[4]Feedstocks!P17 -> 39.435307 | E87: =[4]Feedstocks!P29 -> 48.55665 | F87: =[4]Feedstocks!P41 -> 39.190215 | G87: =[4]Feedstocks!P53 -> 64.082788 | H87: =[4]Feedstocks!P65 -> 76.503481 | I87: =[4]Feedstocks!P77 -> 85.701355 | J87: =[4]Feedstocks!P89 -> 90.189689 | K87: =[4]Feedstocks!P101 -> 101.95243 | L87: =[4]Feedstocks!P113 -> 0 | M87: =[4]Feedstocks!P125 -> 125.66074 | N87: =[4]Feedstocks!P137 -> 134.39355 | O87: =[4]Feedstocks!P149 -> 150.14649 | P87: =[4]Feedstocks!P161 -> 161.21426 | Q87: =[4]Feedstocks!P173 -> 163.47583 | R87: =[4]Feedstocks!P185 -> 167.34308 | S87: =[4]Feedstocks!P197 -> 170.67384 | T87: =[4]Feedstocks!P209 -> 173.64653
A88: May | C88: =[4]Feedstocks!P6 -> 38.624583 | D88: =[4]Feedstocks!P18 -> 29.559875 | E88: =[4]Feedstocks!P30 -> 41.793928 | F88: =[4]Feedstocks!P42 -> 42.18528 | G88: =[4]Feedstocks!P54 -> 64.9423 | H88: =[4]Feedstocks!P66 -> 87.729146 | I88: =[4]Feedstocks!P78 -> 77.879259 | J88: =[4]Feedstocks!P90 -> 99.510747 | K88: =[4]Feedstocks!P102 -> 104.67099 | L88: =[4]Feedstocks!P114 -> 0 | M88: =[4]Feedstocks!P126 -> 126.79 | N88: =[4]Feedstocks!P138 -> 139.64793 | O88: =[4]Feedstocks!P150 -> 153.4515 | P88: =[4]Feedstocks!P162 -> 163.20457 | Q88: =[4]Feedstocks!P174 -> 167.18815 | R88: =[4]Feedstocks!P186 -> 170.69509 | S88: =[4]Feedstocks!P198 -> 174.2457 | T88: =[4]Feedstocks!P210 -> 177.58542
A89: June | C89: =[4]Feedstocks!P7 -> 38.374779 | D89: =[4]Feedstocks!P19 -> 35.430886 | E89: =[4]Feedstocks!P31 -> 44.347856 | F89: =[4]Feedstocks!P43 -> 61.06508 | G89: =[4]Feedstocks!P55 -> 55.321968 | H89: =[4]Feedstocks!P67 -> 81.080435 | I89: =[4]Feedstocks!P79 -> 85.06963 | J89: =[4]Feedstocks!P91 -> 109.02744 | K89: =[4]Feedstocks!P103 -> 106.1702 | L89: =[4]Feedstocks!P115 -> 0 | M89: =[4]Feedstocks!P127 -> 127.53177 | N89: =[4]Feedstocks!P139 -> 141.64416 | O89: =[4]Feedstocks!P151 -> 156.74779 | P89: =[4]Feedstocks!P163 -> 166.63964 | Q89: =[4]Feedstocks!P175 -> 169.71625 | R89: =[4]Feedstocks!P187 -> 173.59921 | S89: =[4]Feedstocks!P199 -> 177.03161 | T89: =[4]Feedstocks!P211 -> 180.75223
A90: July | C90: =[4]Feedstocks!P8 -> 26.532267 | D90: =[4]Feedstocks!P20 -> 39.55919 | E90: =[4]Feedstocks!P32 -> 52.350853 | F90: =[4]Feedstocks!P44 -> 58.687158 | G90: =[4]Feedstocks!P56 -> 55.461216 | H90: =[4]Feedstocks!P68 -> 88.478867 | I90: =[4]Feedstocks!P80 -> 97.785093 | J90: =[4]Feedstocks!P92 -> 112.89354 | K90: =[4]Feedstocks!P104 -> 116.47978 | L90: =[4]Feedstocks!P116 -> 0 | M90: =[4]Feedstocks!P128 -> 138.54363 | N90: =[4]Feedstocks!P140 -> 154.5524 | O90: =[4]Feedstocks!P152 -> 170.28786 | P90: =[4]Feedstocks!P164 -> 181.09438 | Q90: =[4]Feedstocks!P176 -> 184.96436 | R90: =[4]Feedstocks!P188 -> 188.9241 | S90: =[4]Feedstocks!P200 -> 192.63116 | T90: =[4]Feedstocks!P212 -> 196.73552
A91: August | C91: =[4]Feedstocks!P9 -> 30.733865 | D91: =[4]Feedstocks!P21 -> 32.732877 | E91: =[4]Feedstocks!P33 -> 51.010791 | F91: =[4]Feedstocks!P45 -> 67.717402 | G91: =[4]Feedstocks!P57 -> 60.674853 | H91: =[4]Feedstocks!P69 -> 90.104426 | I91: =[4]Feedstocks!P81 -> 107.32144 | J91: =[4]Feedstocks!P93 -> 119.16655 | K91: =[4]Feedstocks!P105 -> 119.50957 | L91: =[4]Feedstocks!P117 -> 0 | M91: =[4]Feedstocks!P129 -> 140.40387 | N91: =[4]Feedstocks!P141 -> 156.60432 | O91: =[4]Feedstocks!P153 -> 172.30374 | P91: =[4]Feedstocks!P165 -> 183.99151 | Q91: =[4]Feedstocks!P177 -> 187.55194 | R91: =[4]Feedstocks!P189 -> 191.61839 | S91: =[4]Feedstocks!P201 -> 195.28504 | T91: =[4]Feedstocks!P213 -> 199.47465
A92: September | C92: =[4]Feedstocks!P10 -> 34.907721 | D92: =[4]Feedstocks!P22 -> 44.723105 | E92: =[4]Feedstocks!P34 -> 62.299181 | F92: =[4]Feedstocks!P46 -> 62.047872 | G92: =[4]Feedstocks!P58 -> 63.728743 | H92: =[4]Feedstocks!P70 -> 85.869063 | I92: =[4]Feedstocks!P82 -> 114.79892 | J92: =[4]Feedstocks!P94 -> 115.15349 | K92: =[4]Feedstocks!P106 -> 119.32633 | L92: =[4]Feedstocks!P118 -> 0 | M92: =[4]Feedstocks!P130 -> 136.38502 | N92: =[4]Feedstocks!P142 -> 151.12485 | O92: =[4]Feedstocks!P154 -> 167.0333 | P92: =[4]Feedstocks!P166 -> 178.68606 | Q92: =[4]Feedstocks!P178 -> 182.06881 | R92: =[4]Feedstocks!P190 -> 185.57194 | S92: =[4]Feedstocks!P202 -> 189.35418 | T92: =[4]Feedstocks!P214 -> 193.30681
A93: October | C93: =[4]Feedstocks!P11 -> 38.030044 | D93: =[4]Feedstocks!P23 -> 53.288433 | E93: =[4]Feedstocks!P35 -> 66.124264 | F93: =[4]Feedstocks!P47 -> 67.008488 | G93: =[4]Feedstocks!P59 -> 67.794495 | H93: =[4]Feedstocks!P71 -> 79.707708 | I93: =[4]Feedstocks!P83 -> 107.67196 | J93: =[4]Feedstocks!P95 -> 129.32475 | K93: =[4]Feedstocks!P107 -> 123.17367 | L93: =[4]Feedstocks!P119 -> 0 | M93: =[4]Feedstocks!P131 -> 142.5317 | N93: =[4]Feedstocks!P143 -> 156.95486 | O93: =[4]Feedstocks!P155 -> 173.80366 | P93: =[4]Feedstocks!P167 -> 185.68346 | Q93: =[4]Feedstocks!P179 -> 189.34849 | R93: =[4]Feedstocks!P191 -> 192.9978 | S93: =[4]Feedstocks!P203 -> 197.02825 | T93: =[4]Feedstocks!P215 -> 200.97735
A94: November | C94: =[4]Feedstocks!P12 -> 35.344633 | D94: =[4]Feedstocks!P24 -> 51.833107 | E94: =[4]Feedstocks!P36 -> 50.815666 | F94: =[4]Feedstocks!P48 -> 62.477966 | G94: =[4]Feedstocks!P60 -> 60.959256 | H94: =[4]Feedstocks!P72 -> 73.248549 | I94: =[4]Feedstocks!P84 -> 109.23736 | J94: =[4]Feedstocks!P96 -> 119.0314 | K94: =[4]Feedstocks!P108 -> 113.21985 | L94: =[4]Feedstocks!P120 -> 0 | M94: =[4]Feedstocks!P132 -> 133.16092 | N94: =[4]Feedstocks!P144 -> 148.70783 | O94: =[4]Feedstocks!P156 -> 164.92624 | P94: =[4]Feedstocks!P168 -> 174.91433 | Q94: =[4]Feedstocks!P180 -> 178.01111 | R94: =[4]Feedstocks!P192 -> 181.89576 | S94: =[4]Feedstocks!P204 -> 185.74069 | T94: =[4]Feedstocks!P216 -> 189.72209
