Workbook

Sheet Weekly
D1: Chinese Weekly Crush | E1: Chinese Meal Production | F1: Chinese SBO Production | H1: Chinese Soybean Port Stocks | I1: Chinese SBO Port Stocks | J1: Chinese SBM Port Stocks | L1: SBM Yield | M1: SBO Yield | N1: Combined Yield | P1: Annual Crush Rate (million tonnes) | Q1: Port Stocks Days of Coverage | S1: Soybean Crush Margin - Dalian - Imported Soybeans
A2: 40280 | B2: =MONTH(A2) -> 4 | C2: =YEAR(A2) -> 2010 | D2: 0.9155 | P2: =D2*52 -> 47.606 | S2: 74.75
A3: 40287 | B3: =MONTH(A3) -> 4 | C3: =YEAR(A3) -> 2010 | D3: 0.9194 | P3: =D3*52 -> 47.8088 | S3: 74.75
A4: 40294 | B4: =MONTH(A4) -> 4 | C4: =YEAR(A4) -> 2010 | D4: 0.9192 | P4: =D4*52 -> 47.7984 | S4: 74.75
A5: 40301 | B5: =MONTH(A5) -> 5 | C5: =YEAR(A5) -> 2010 | D5: 0.98585 | P5: =D5*52 -> 51.2642 | S5: 118.3
A6: 40308 | B6: =MONTH(A6) -> 5 | C6: =YEAR(A6) -> 2010 | D6: 0.96135 | P6: =D6*52 -> 49.9902 | S6: 79.05
A7: 40315 | B7: =MONTH(A7) -> 5 | C7: =YEAR(A7) -> 2010 | D7: 0.9873 | P7: =D7*52 -> 51.3396 | S7: 47.75
A8: 40322 | B8: =MONTH(A8) -> 5 | C8: =YEAR(A8) -> 2010 | D8: 1.00855 | P8: =D8*52 -> 52.4446 | S8: -40
A9: 40329 | B9: =MONTH(A9) -> 5 | C9: =YEAR(A9) -> 2010 | D9: 0.972 | P9: =D9*52 -> 50.544 | S9: -60.65
A10: 40336 | B10: =MONTH(A10) -> 6 | C10: =YEAR(A10) -> 2010 | D10: 0.973 | P10: =D10*52 -> 50.596 | S10: -119.8
A11: 40343 | B11: =MONTH(A11) -> 6 | C11: =YEAR(A11) -> 2010 | D11: 1.08245 | P11: =D11*52 -> 56.2874 | S11: -119.8
A12: 40350 | B12: =MONTH(A12) -> 6 | C12: =YEAR(A12) -> 2010 | D12: 1.0886 | P12: =D12*52 -> 56.6072 | S12: -9.15
A13: 40357 | B13: =MONTH(A13) -> 6 | C13: =YEAR(A13) -> 2010 | D13: 1.0571 | P13: =D13*52 -> 54.9692 | S13: -17
... A19: 40399 | B19: =MONTH(A19) -> 8 | C19: =YEAR(A19) -> 2010 | D19: 1.1213 | P19: =D19*52 -> 58.3076 | S19: 149.5
A20: 40406 | B20: =MONTH(A20) -> 8 | C20: =YEAR(A20) -> 2010 | D20: 1.13435 | H20: 6.02 | P20: =D20*52 -> 58.9862 | Q20: =IF(H20="","",IF(D20="","",H20/(D20/7))) -> 37.149028 | S20: 175
A21: 40413 | B21: =MONTH(A21) -> 8 | C21: =YEAR(A21) -> 2010 | D21: 0.99125 | H21: 6.1 | P21: =D21*52 -> 51.545 | Q21: =IF(H21="","",IF(D21="","",H21/(D21/7))) -> 43.076923 | S21: 165.75
A22: 40420 | B22: =MONTH(A22) -> 8 | C22: =YEAR(A22) -> 2010 | D22: 1.0474 | H22: 6.019 | P22: =D22*52 -> 54.4648 | Q22: =IF(H22="","",IF(D22="","",H22/(D22/7))) -> 40.226275 | S22: 165.75
A23: 40427 | B23: =MONTH(A23) -> 9 | C23: =YEAR(A23) -> 2010 | D23: 1.0507 | H23: 5.813 | P23: =D23*52 -> 54.6364 | Q23: =IF(H23="","",IF(D23="","",H23/(D23/7))) -> 38.727515 | S23: 65.75
A24: 40434 | B24: =MONTH(A24) -> 9 | C24: =YEAR(A24) -> 2010 | D24: 1.1382 | H24: 6.038 | P24: =D24*52 -> 59.1864 | Q24: =IF(H24="","",IF(D24="","",H24/(D24/7))) -> 37.134071 | S24: 6.5
A25: 40441 | B25: =MONTH(A25) -> 9 | C25: =YEAR(A25) -> 2010 | D25: 1.1615 | H25: 5.887 | P25: =D25*52 -> 60.398 | Q25: =IF(H25="","",IF(D25="","",H25/(D25/7))) -> 35.479122 | S25: 6.5
A26: 40448 | B26: =MONTH(A26) -> 9 | C26: =YEAR(A26) -> 2010 | D26: 1.0076 | H26: 5.804 | P26: =D26*52 -> 52.3952 | Q26: =IF(H26="","",IF(D26="","",H26/(D26/7))) -> 40.321556 | S26: 215.25
A27: 40455 | B27: =MONTH(A27) -> 10 | C27: =YEAR(A27) -> 2010 | D27: 0.8899 | P27: =D27*52 -> 46.2748 | Q27: =IF(H27="","",IF(D27="","",H27/(D27/7))) | S27: 310
A28: 40462 | B28: =MONTH(A28) -> 10 | C28: =YEAR(A28) -> 2010 | D28: 1.187 | H28: 5.6656 | P28: =D28*52 -> 61.724 | Q28: =IF(H28="","",IF(D28="","",H28/(D28/7))) -> 33.411289 | S28: 381.75
A29: 40469 | B29: =MONTH(A29) -> 10 | C29: =YEAR(A29) -> 2010 | D29: 1.2681 | H29: 5.4325 | P29: =D29*52 -> 65.9412 | Q29: =IF(H29="","",IF(D29="","",H29/(D29/7))) -> 29.987777 | S29: 274
A30: 40476 | B30: =MONTH(A30) -> 10 | C30: =YEAR(A30) -> 2010 | D30: 1.17545 | H30: 5.3625 | P30: =D30*52 -> 61.1234 | Q30: =IF(H30="","",IF(D30="","",H30/(D30/7))) -> 31.934578 | S30: 131
A31: 40483 | B31: =MONTH(A31) -> 11 | C31: =YEAR(A31) -> 2010 | D31: 1.1995 | H31: 5.63 | P31: =D31*52 -> 62.374 | Q31: =IF(H31="","",IF(D31="","",H31/(D31/7))) -> 32.855356 | S31: 339
A32: 40490 | B32: =MONTH(A32) -> 11 | C32: =YEAR(A32) -> 2010 | D32: 1.177 | H32: 5.835 | P32: =D32*52 -> 61.204 | Q32: =IF(H32="","",IF(D32="","",H32/(D32/7))) -> 34.702634 | S32: 407.5
A33: 40497 | B33: =MONTH(A33) -> 11 | C33: =YEAR(A33) -> 2010 | D33: 1.1934 | H33: 5.7685 | P33: =D33*52 -> 62.0568 | Q33: =IF(H33="","",IF(D33="","",H33/(D33/7))) -> 33.83568 | S33: 407.5
A34: 40504 | B34: =MONTH(A34) -> 11 | C34: =YEAR(A34) -> 2010 | D34: 1.1566 | H34: 5.7727 | P34: =D34*52 -> 60.1432 | Q34: =IF(H34="","",IF(D34="","",H34/(D34/7))) -> 34.937662 | S34: 60.5
A35: 40511 | B35: =MONTH(A35) -> 11 | C35: =YEAR(A35) -> 2010 | D35: 1.038 | H35: 5.9991 | P35: =D35*52 -> 53.976 | Q35: =IF(H35="","",IF(D35="","",H35/(D35/7))) -> 40.456358 | S35: -17.5
A36: 40518 | B36: =MONTH(A36) -> 12 | C36: =YEAR(A36) -> 2010 | D36: 0.8743 | H36: 6.3447 | P36: =D36*52 -> 45.4636 | Q36: =IF(H36="","",IF(D36="","",H36/(D36/7))) -> 50.798239 | S36: -17.5
A37: 40525 | B37: =MONTH(A37) -> 12 | C37: =YEAR(A37) -> 2010 | D37: 0.9525 | H37: 6.3733 | P37: =D37*52 -> 49.53 | Q37: =IF(H37="","",IF(D37="","",H37/(D37/7))) -> 46.8379 | S37: -29
A38: 40532 | B38: =MONTH(A38) -> 12 | C38: =YEAR(A38) -> 2010 | D38: 1.07435 | H38: 6.3563 | P38: =D38*52 -> 55.8662 | Q38: =IF(H38="","",IF(D38="","",H38/(D38/7))) -> 41.414902 | S38: 118
A39: 40539 | B39: =MONTH(A39) -> 12 | C39: =YEAR(A39) -> 2010 | D39: 0.99585 | H39: 6.2975 | P39: =D39*52 -> 51.7842 | Q39: =IF(H39="","",IF(D39="","",H39/(D39/7))) -> 44.266205 | S39: 118
A40: 40546 | B40: =MONTH(A40) -> 1 | C40: =YEAR(A40) -> 2011 | D40: 1.0134 | H40: 6.2111 | P40: =D40*52 -> 52.6968 | Q40: =IF(H40="","",IF(D40="","",H40/(D40/7))) -> 42.902802 | S40: 224.7
A41: 40553 | B41: =MONTH(A41) -> 1 | C41: =YEAR(A41) -> 2011 | D41: =AVERAGE(D40,D42) -> 1.023825 | P41: =D41*52 -> 53.2389 | Q41: =IF(H41="","",IF(D41="","",H41/(D41/7))) | S41: 96.75
A42: 40560 | B42: =MONTH(A42) -> 1 | C42: =YEAR(A42) -> 2011 | D42: 1.03425 | H42: 6.2291 | P42: =D42*52 -> 53.781 | Q42: =IF(H42="","",IF(D42="","",H42/(D42/7))) -> 42.159729 | S42: 48.25
A43: 40567 | B43: =MONTH(A43) -> 1 | C43: =YEAR(A43) -> 2011 | D43: 0.8895 | H43: 6.26 | P43: =D43*52 -> 46.254 | Q43: =IF(H43="","",IF(D43="","",H43/(D43/7))) -> 49.263631 | S43: 57.5
A44: 40574 | B44: =MONTH(A44) -> 1 | C44: =YEAR(A44) -> 2011 | D44: 0.2446 | P44: =D44*52 -> 12.7192 | Q44: =IF(H44="","",IF(D44="","",H44/(D44/7))) | S44: 57.5
A45: 40581 | B45: =MONTH(A45) -> 2 | C45: =YEAR(A45) -> 2011 | D45: 0.2872 | P45: =D45*52 -> 14.9344 | Q45: =IF(H45="","",IF(D45="","",H45/(D45/7))) | S45: 165.15
A46: 40588 | B46: =MONTH(A46) -> 2 | C46: =YEAR(A46) -> 2011 | D46: 0.78195 | H46: 6.4007 | P46: =D46*52 -> 40.6614 | Q46: =IF(H46="","",IF(D46="","",H46/(D46/7))) -> 57.298932 | S46: 183.75
A47: 40595 | B47: =MONTH(A47) -> 2 | C47: =YEAR(A47) -> 2011 | D47: 0.93762 | H47: 6.3034 | P47: =D47*52 -> 48.75624 | Q47: =IF(H47="","",IF(D47="","",H47/(D47/7))) -> 47.059363 | S47: 38.25
A48: 40602 | B48: =MONTH(A48) -> 2 | C48: =YEAR(A48) -> 2011 | D48: 0.99705 | P48: =D48*52 -> 51.8466 | Q48: =IF(H48="","",IF(D48="","",H48/(D48/7))) | S48: 6.75
A49: 40609 | B49: =MONTH(A49) -> 3 | C49: =YEAR(A49) -> 2011 | D49: 0.9396 | H49: 5.9442 | P49: =D49*52 -> 48.8592 | Q49: =IF(H49="","",IF(D49="","",H49/(D49/7))) -> 44.284163 | S49: 19.75
A50: 40616 | B50: =MONTH(A50) -> 3 | C50: =YEAR(A50) -> 2011 | D50: 0.91565 | H50: 5.9225 | P50: =D50*52 -> 47.6138 | Q50: =IF(H50="","",IF(D50="","",H50/(D50/7))) -> 45.276579 | S50: -91.55
A51: 40623 | B51: =MONTH(A51) -> 3 | C51: =YEAR(A51) -> 2011 | D51: 0.88915 | H51: 6.1479 | P51: =D51*52 -> 46.2358 | Q51: =IF(H51="","",IF(D51="","",H51/(D51/7))) -> 48.400495 | S51: -50.8
A52: 40630 | B52: =MONTH(A52) -> 3 | C52: =YEAR(A52) -> 2011 | D52: 0.82045 | H52: 6.1186 | P52: =D52*52 -> 42.6634 | Q52: =IF(H52="","",IF(D52="","",H52/(D52/7))) -> 52.203303 | S52: -27.25
A53: 40637 | B53: =MONTH(A53) -> 4 | C53: =YEAR(A53) -> 2011 | D53: 0.87655 | H53: 6.0132 | P53: =D53*52 -> 45.5806 | Q53: =IF(H53="","",IF(D53="","",H53/(D53/7))) -> 48.020535 | S53: -150.05
A54: 40644 | B54: =MONTH(A54) -> 4 | C54: =YEAR(A54) -> 2011 | D54: 0.96675 | H54: 6.0196 | P54: =D54*52 -> 50.271 | Q54: =IF(H54="","",IF(D54="","",H54/(D54/7))) -> 43.586449 | S54: -68.55
A55: 40651 | B55: =MONTH(A55) -> 4 | C55: =YEAR(A55) -> 2011 | D55: 0.93955 | H55: 6.0709 | P55: =D55*52 -> 48.8566 | Q55: =IF(H55="","",IF(D55="","",H55/(D55/7))) -> 45.230483 | S55: -87.05
A56: 40658 | B56: =MONTH(A56) -> 4 | C56: =YEAR(A56) -> 2011 | D56: 0.915 | H56: 6.2802 | P56: =D56*52 -> 47.58 | Q56: =IF(H56="","",IF(D56="","",H56/(D56/7))) -> 48.045246 | S56: -26.3
A57: 40665 | B57: =MONTH(A57) -> 5 | C57: =YEAR(A57) -> 2011 | D57: 0.9724 | H57: 6.5236 | P57: =D57*52 -> 50.5648 | Q57: =IF(H57="","",IF(D57="","",H57/(D57/7))) -> 46.961333 | S57: -26.3
A58: 40672 | B58: =MONTH(A58) -> 5 | C58: =YEAR(A58) -> 2011 | D58: 1.0904 | H58: 6.4002 | P58: =D58*52 -> 56.7008 | Q58: =IF(H58="","",IF(D58="","",H58/(D58/7))) -> 41.087124 | S58: -51.25
A59: 40679 | B59: =MONTH(A59) -> 5 | C59: =YEAR(A59) -> 2011 | D59: 1.00145 | H59: 6.4557 | P59: =D59*52 -> 52.0754 | Q59: =IF(H59="","",IF(D59="","",H59/(D59/7))) -> 45.12447 | S59: -88.25
A60: 40686 | B60: =MONTH(A60) -> 5 | C60: =YEAR(A60) -> 2011 | D60: 0.9751 | H60: 6.5463 | P60: =D60*52 -> 50.7052 | Q60: =IF(H60="","",IF(D60="","",H60/(D60/7))) -> 46.994257 | S60: -88.25
A61: 40693 | B61: =MONTH(A61) -> 5 | C61: =YEAR(A61) -> 2011 | D61: 1.0181 | H61: 6.6719 | P61: =D61*52 -> 52.9412 | Q61: =IF(H61="","",IF(D61="","",H61/(D61/7))) -> 45.872999 | S61: -88.25
A62: 40700 | B62: =MONTH(A62) -> 6 | C62: =YEAR(A62) -> 2011 | D62: 1.0051 | H62: 6.6925 | I62: 83.63 | P62: =D62*52 -> 52.2652 | Q62: =IF(H62="","",IF(D62="","",H62/(D62/7))) -> 46.60979 | S62: -88.25
A63: 40707 | B63: =MONTH(A63) -> 6 | C63: =YEAR(A63) -> 2011 | D63: 1.0772 | H63: 6.638 | I63: 82.93 | P63: =D63*52 -> 56.0144 | Q63: =IF(H63="","",IF(D63="","",H63/(D63/7))) -> 43.135908 | S63: 104.45
A64: 40714 | B64: =MONTH(A64) -> 6 | C64: =YEAR(A64) -> 2011 | D64: 1.0184 | H64: 6.6767 | I64: 83.59 | P64: =D64*52 -> 52.9568 | Q64: =IF(H64="","",IF(D64="","",H64/(D64/7))) -> 45.892478 | S64: 85.95
A65: 40721 | B65: =MONTH(A65) -> 6 | C65: =YEAR(A65) -> 2011 | D65: 1.0901 | H65: 6.8267 | I65: 90.28 | J65: 111.4 | P65: =D65*52 -> 56.6852 | Q65: =IF(H65="","",IF(D65="","",H65/(D65/7))) -> 43.837171 | S65: 101.65
A66: 40728 | B66: =MONTH(A66) -> 7 | C66: =YEAR(A66) -> 2011 | D66: 1.08835 | H66: 6.9734 | I66: 89.85 | J66: 111.83 | P66: =D66*52 -> 56.5942 | Q66: =IF(H66="","",IF(D66="","",H66/(D66/7))) -> 44.851197 | S66: 101.65
A67: 40735 | B67: =MONTH(A67) -> 7 | C67: =YEAR(A67) -> 2011 | D67: 1.1043 | H67: 7.0849 | I67: 91.38 | J67: 110.05 | P67: =D67*52 -> 57.4236 | Q67: =IF(H67="","",IF(D67="","",H67/(D67/7))) -> 44.910169 | S67: -22.75
A68: 40742 | B68: =MONTH(A68) -> 7 | C68: =YEAR(A68) -> 2011 | D68: 1.1979 | H68: 6.9582 | I68: 89.21 | J68: 106.31 | P68: =D68*52 -> 62.2908 | Q68: =IF(H68="","",IF(D68="","",H68/(D68/7))) -> 40.660656 | S68: -95
A69: 40749 | B69: =MONTH(A69) -> 7 | C69: =YEAR(A69) -> 2011 | D69: 1.1711 | H69: 6.939 | I69: 86.44 | J69: 108.2 | P69: =D69*52 -> 60.8972 | Q69: =IF(H69="","",IF(D69="","",H69/(D69/7))) -> 41.47639 | S69: -67.25
A70: 40756 | B70: =MONTH(A70) -> 8 | C70: =YEAR(A70) -> 2011 | D70: 1.1037 | H70: 6.96 | I70: 88.89 | J70: 101.38 | P70: =D70*52 -> 57.3924 | Q70: =IF(H70="","",IF(D70="","",H70/(D70/7))) -> 44.14243 | S70: -77.35
A71: 40763 | B71: =MONTH(A71) -> 8 | C71: =YEAR(A71) -> 2011 | D71: 1.0453 | H71: 6.856 | I71: 90.09 | J71: 98 | P71: =D71*52 -> 54.3556 | Q71: =IF(H71="","",IF(D71="","",H71/(D71/7))) -> 45.912178 | S71: -118
A72: 40770 | B72: =MONTH(A72) -> 8 | C72: =YEAR(A72) -> 2011 | D72: 1.1047 | H72: 6.6867 | I72: 93.2 | J72: 93.08 | P72: =D72*52 -> 57.4444 | Q72: =IF(H72="","",IF(D72="","",H72/(D72/7))) -> 42.370689 | S72: -150.8
A73: 40777 | B73: =MONTH(A73) -> 8 | C73: =YEAR(A73) -> 2011 | D73: 1.1462 | H73: 6.5598 | I73: 93.46 | J73: 87.96 | P73: =D73*52 -> 59.6024 | Q73: =IF(H73="","",IF(D73="","",H73/(D73/7))) -> 40.061595 | S73: -145.25
A74: 40784 | B74: =MONTH(A74) -> 8 | C74: =YEAR(A74) -> 2011 | D74: 1.1722 | H74: 6.3992 | I74: 93.73 | J74: 89.5 | P74: =D74*52 -> 60.9544 | Q74: =IF(H74="","",IF(D74="","",H74/(D74/7))) -> 38.213957 | S74: -17.7
A75: 40791 | B75: =MONTH(A75) -> 9 | C75: =YEAR(A75) -> 2011 | D75: 1.1926 | H75: 6.0006 | I75: 92.56 | J75: 83.52 | P75: =D75*52 -> 62.0152 | Q75: =IF(H75="","",IF(D75="","",H75/(D75/7))) -> 35.220694 | S75: -54.7
A76: 40798 | B76: =MONTH(A76) -> 9 | C76: =YEAR(A76) -> 2011 | D76: 1.1415 | H76: 5.909 | I76: 96.54 | J76: 78.41 | P76: =D76*52 -> 59.358 | Q76: =IF(H76="","",IF(D76="","",H76/(D76/7))) -> 36.235655 | S76: -54.7
A77: 40805 | B77: =MONTH(A77) -> 9 | C77: =YEAR(A77) -> 2011 | D77: 1.1402 | H77: 5.9164 | I77: 95.98 | J77: 73.5 | P77: =D77*52 -> 59.2904 | Q77: =IF(H77="","",IF(D77="","",H77/(D77/7))) -> 36.3224 | S77: -93.95
A78: 40812 | B78: =MONTH(A78) -> 9 | C78: =YEAR(A78) -> 2011 | D78: 1.1585 | H78: 6.018 | P78: =D78*52 -> 60.242 | Q78: =IF(H78="","",IF(D78="","",H78/(D78/7))) -> 36.362538 | S78: -178.55
A79: 40819 | B79: =MONTH(A79) -> 10 | C79: =YEAR(A79) -> 2011 | D79: 0.7956 | I79: 95.35 | J79: 53.7 | P79: =D79*52 -> 41.3712 | Q79: =IF(H79="","",IF(D79="","",H79/(D79/7))) | S79: -262.65
A80: 40826 | B80: =MONTH(A80) -> 10 | C80: =YEAR(A80) -> 2011 | D80: 1.1811 | H80: 5.6593 | I80: 97.27 | J80: 55.85 | P80: =D80*52 -> 61.4172 | Q80: =IF(H80="","",IF(D80="","",H80/(D80/7))) -> 33.540852 | S80: -262.65
A81: 40833 | B81: =MONTH(A81) -> 10 | C81: =YEAR(A81) -> 2011 | D81: =AVERAGE(D80,D82) -> 1.26595 | H81: 5.51 | I81: 98.97 | J81: 56.76 | P81: =D81*52 -> 65.8294 | Q81: =IF(H81="","",IF(D81="","",H81/(D81/7))) -> 30.467238 | S81: -143.3
A82: 40840 | B82: =MONTH(A82) -> 10 | C82: =YEAR(A82) -> 2011 | D82: 1.3508 | H82: 5.4279 | I82: 99.28 | J82: 66.8 | P82: =D82*52 -> 70.2416 | Q82: =IF(H82="","",IF(D82="","",H82/(D82/7))) -> 28.127998 | S82: -183.95
A83: 40847 | B83: =MONTH(A83) -> 10 | C83: =YEAR(A83) -> 2011 | D83: 1.1834 | H83: 5.3952 | I83: 102.34 | J83: 62.04 | P83: =D83*52 -> 61.5368 | Q83: =IF(H83="","",IF(D83="","",H83/(D83/7))) -> 31.91347 | S83: -232.45
A84: 40854 | B84: =MONTH(A84) -> 11 | C84: =YEAR(A84) -> 2011 | D84: 1.2602 | H84: 5.3575 | I84: 104.215 | J84: 60.27 | P84: =D84*52 -> 65.5304 | Q84: =IF(H84="","",IF(D84="","",H84/(D84/7))) -> 29.759165 | S84: -313.75
A85: 40861 | B85: =MONTH(A85) -> 11 | C85: =YEAR(A85) -> 2011 | D85: 1.3383 | H85: 5.4312 | I85: 104.64 | J85: 64.06 | P85: =D85*52 -> 69.5916 | Q85: =IF(H85="","",IF(D85="","",H85/(D85/7))) -> 28.40798 | S85: -323
A86: 40868 | B86: =MONTH(A86) -> 11 | C86: =YEAR(A86) -> 2011 | D86: 1.3057 | H86: 5.41 | I86: 107.44 | J86: 69.74 | P86: =D86*52 -> 67.8964 | Q86: =IF(H86="","",IF(D86="","",H86/(D86/7))) -> 29.0036 | S86: -320.65
A87: 40875 | B87: =MONTH(A87) -> 11 | C87: =YEAR(A87) -> 2011 | D87: 1.185 | H87: 5.3501 | I87: 106.14 | J87: 56.62 | P87: =D87*52 -> 61.62 | Q87: =IF(H87="","",IF(D87="","",H87/(D87/7))) -> 31.603966 | S87: -366.9
A88: 40882 | B88: =MONTH(A88) -> 12 | C88: =YEAR(A88) -> 2011 | D88: 1.2414 | H88: 5.2571 | I88: 105.05 | J88: 61.48 | P88: =D88*52 -> 64.5528 | Q88: =IF(H88="","",IF(D88="","",H88/(D88/7))) -> 29.643709 | S88: -366.9
A89: 40889 | B89: =MONTH(A89) -> 12 | C89: =YEAR(A89) -> 2011 | D89: 1.2884 | H89: 5.1843 | I89: 105.435 | J89: 62.34 | P89: =D89*52 -> 66.9968 | Q89: =IF(H89="","",IF(D89="","",H89/(D89/7))) -> 28.166796 | S89: -226.05
A90: 40896 | B90: =MONTH(A90) -> 12 | C90: =YEAR(A90) -> 2011 | D90: 1.3333 | H90: 5.0757 | I90: 105.56 | J90: 58.54 | P90: =D90*52 -> 69.3316 | Q90: =IF(H90="","",IF(D90="","",H90/(D90/7))) -> 26.648091 | S90: 5.3
A91: 40903 | B91: =MONTH(A91) -> 12 | C91: =YEAR(A91) -> 2011 | D91: =AVERAGE(D90,D92) -> 1.3263 | H91: 5.1164 | I91: =AVERAGE(I90,I92) -> 103.27 | J91: 59.25 | P91: =D91*52 -> 68.9676 | Q91: =IF(H91="","",IF(D91="","",H91/(D91/7))) -> 27.003544 | S91: 48.25
A92: 40910 | B92: =MONTH(A92) -> 1 | C92: =YEAR(A92) -> 2012 | D92: 1.3193 | I92: 100.98 | J92: 56.29 | P92: =D92*52 -> 68.6036 | Q92: =IF(H92="","",IF(D92="","",H92/(D92/7))) | S92: 110.2
A93: 40917 | B93: =MONTH(A93) -> 1 | C93: =YEAR(A93) -> 2012 | D93: 1.3542 | H93: 4.9059 | I93: 99.3 | P93: =D93*52 -> 70.4184 | Q93: =IF(H93="","",IF(D93="","",H93/(D93/7))) -> 25.359105 | S93: 110.2
A94: 40924 | B94: =MONTH(A94) -> 1 | C94: =YEAR(A94) -> 2012 | D94: 1.0779 | I94: =AVERAGE(I93,I95) -> 98.975 | P94: =D94*52 -> 56.0508 | Q94: =IF(H94="","",IF(D94="","",H94/(D94/7))) | S94: 114.5
A95: 40931 | B95: =MONTH(A95) -> 1 | C95: =YEAR(A95) -> 2012 | D95: 0.0398 | H95: 5.7731 | I95: 98.65 | P95: =D95*52 -> 2.0696 | Q95: =IF(H95="","",IF(D95="","",H95/(D95/7))) -> 1015.3693 | S95: 114.5
A96: 40938 | B96: =MONTH(A96) -> 1 | C96: =YEAR(A96) -> 2012 | D96: 0.6193 | I96: 94.28 | P96: =D96*52 -> 32.2036 | Q96: =IF(H96="","",IF(D96="","",H96/(D96/7))) | S96: 168.55
A97: 40945 | B97: =MONTH(A97) -> 2 | C97: =YEAR(A97) -> 2012 | D97: 1.1136 | H97: 5.6409 | I97: 93.14 | J97: 59.01 | P97: =D97*52 -> 57.9072 | Q97: =IF(H97="","",IF(D97="","",H97/(D97/7))) -> 35.458244 | S97: 168.55
A98: 40952 | B98: =MONTH(A98) -> 2 | C98: =YEAR(A98) -> 2012 | D98: 1.2761 | H98: 5.399 | I98: 92.84 | J98: 59.83 | P98: =D98*52 -> 66.3572 | Q98: =IF(H98="","",IF(D98="","",H98/(D98/7))) -> 29.616018 | S98: 162.8
A99: 40959 | B99: =MONTH(A99) -> 2 | C99: =YEAR(A99) -> 2012 | D99: 1.277 | H99: 5.0978 | I99: 91.6 | J99: 69.62 | P99: =D99*52 -> 66.404 | Q99: =IF(H99="","",IF(D99="","",H99/(D99/7))) -> 27.944088 | S99: 162.8
A100: 40966 | B100: =MONTH(A100) -> 2 | C100: =YEAR(A100) -> 2012 | D100: 1.11635 | I100: 87.295 | J100: 71.09 | P100: =D100*52 -> 58.0502 | Q100: =IF(H100="","",IF(D100="","",H100/(D100/7))) | S100: 162.8
A101: 40973 | B101: =MONTH(A101) -> 3 | C101: =YEAR(A101) -> 2012 | D101: 1.05585 | H101: 5.0102 | I101: 87.884 | J101: 79.42 | P101: =D101*52 -> 54.9042 | Q101: =IF(H101="","",IF(D101="","",H101/(D101/7))) -> 33.216271 | S101: 132.6
A102: 40980 | B102: =MONTH(A102) -> 3 | C102: =YEAR(A102) -> 2012 | D102: 1.07045 | H102: 4.9605 | I102: 90.7 | J102: 69.43 | P102: =D102*52 -> 55.6634 | Q102: =IF(H102="","",IF(D102="","",H102/(D102/7))) -> 32.438227 | S102: 169.6
A103: 40987 | B103: =MONTH(A103) -> 3 | C103: =YEAR(A103) -> 2012 | D103: 1.07855 | H103: 4.7658 | I103: 90.3 | J103: 64.42 | P103: =D103*52 -> 56.0846 | Q103: =IF(H103="","",IF(D103="","",H103/(D103/7))) -> 30.930972 | S103: 171
A104: 40994 | B104: =MONTH(A104) -> 3 | C104: =YEAR(A104) -> 2012 | D104: 1.0682 | H104: 4.8171 | I104: =AVERAGE(I103,I105) -> 88.12 | P104: =D104*52 -> 55.5464 | Q104: =IF(H104="","",IF(D104="","",H104/(D104/7))) -> 31.566841 | S104: 319.2
A105: 41001 | B105: =MONTH(A105) -> 4 | C105: =YEAR(A105) -> 2012 | D105: 0.9831 | H105: 4.785 | I105: 85.94 | J105: 46.84 | P105: =D105*52 -> 51.1212 | Q105: =IF(H105="","",IF(D105="","",H105/(D105/7))) -> 34.070796 | S105: 501.7
...

Sheet Monthly
D1: Monthly Meal Production | E1: Monthly Oil Production | F1: Monthly Crush | G1: Annual Crush Rate (million tonnes)
A2: 40269 | B2: =MONTH(A2) -> 4 | C2: =YEAR(A2) -> 2010 | F2: =SUMIFS(Weekly!$D$2:$D$538,Weekly!$B$2:$B$538,B2,Weekly!$C$2:$C$538,C2)*1000 -> 2754.1 | G2: =F2*12/1000 -> 33.0492
A3: 40299 | B3: =MONTH(A3) -> 5 | C3: =YEAR(A3) -> 2010 | F3: =SUMIFS(Weekly!$D$2:$D$538,Weekly!$B$2:$B$538,B3,Weekly!$C$2:$C$538,C3)*1000 -> 4915.05 | G3: =F3*12/1000 -> 58.9806
A4: 40330 | B4: =MONTH(A4) -> 6 | C4: =YEAR(A4) -> 2010 | F4: =SUMIFS(Weekly!$D$2:$D$538,Weekly!$B$2:$B$538,B4,Weekly!$C$2:$C$538,C4)*1000 -> 4201.15 | G4: =F4*12/1000 -> 50.4138
A5: 40360 | B5: =MONTH(A5) -> 7 | C5: =YEAR(A5) -> 2010 | F5: =SUMIFS(Weekly!$D$2:$D$538,Weekly!$B$2:$B$538,B5,Weekly!$C$2:$C$538,C5)*1000 -> 4308.5 | G5: =F5*12/1000 -> 51.702
A6: 40391 | B6: =MONTH(A6) -> 8 | C6: =YEAR(A6) -> 2010 | F6: =SUMIFS(Weekly!$D$2:$D$538,Weekly!$B$2:$B$538,B6,Weekly!$C$2:$C$538,C6)*1000 -> 5401.2 | G6: =F6*12/1000 -> 64.8144
A7: 40422 | B7: =MONTH(A7) -> 9 | C7: =YEAR(A7) -> 2010 | F7: =SUMIFS(Weekly!$D$2:$D$538,Weekly!$B$2:$B$538,B7,Weekly!$C$2:$C$538,C7)*1000 -> 4358 | G7: =F7*12/1000 -> 52.296
A8: 40452 | B8: =MONTH(A8) -> 10 | C8: =YEAR(A8) -> 2010 | F8: =SUMIFS(Weekly!$D$2:$D$538,Weekly!$B$2:$B$538,B8,Weekly!$C$2:$C$538,C8)*1000 -> 4520.45 | G8: =F8*12/1000 -> 54.2454
A9: 40483 | B9: =MONTH(A9) -> 11 | C9: =YEAR(A9) -> 2010 | F9: =SUMIFS(Weekly!$D$2:$D$538,Weekly!$B$2:$B$538,B9,Weekly!$C$2:$C$538,C9)*1000 -> 5764.5 | G9: =F9*12/1000 -> 69.174
A10: 40513 | B10: =MONTH(A10) -> 12 | C10: =YEAR(A10) -> 2010 | F10: =SUMIFS(Weekly!$D$2:$D$538,Weekly!$B$2:$B$538,B10,Weekly!$C$2:$C$538,C10)*1000 -> 3897 | G10: =F10*12/1000 -> 46.764
A11: 40544 | B11: =MONTH(A11) -> 1 | C11: =YEAR(A11) -> 2011 | F11: =SUMIFS(Weekly!$D$2:$D$538,Weekly!$B$2:$B$538,B11,Weekly!$C$2:$C$538,C11)*1000 -> 4205.575 | G11: =F11*12/1000 -> 50.4669
A12: 40575 | B12: =MONTH(A12) -> 2 | C12: =YEAR(A12) -> 2011 | F12: =SUMIFS(Weekly!$D$2:$D$538,Weekly!$B$2:$B$538,B12,Weekly!$C$2:$C$538,C12)*1000 -> 3003.82 | G12: =F12*12/1000 -> 36.04584
A13: 40603 | B13: =MONTH(A13) -> 3 | C13: =YEAR(A13) -> 2011 | F13: =SUMIFS(Weekly!$D$2:$D$538,Weekly!$B$2:$B$538,B13,Weekly!$C$2:$C$538,C13)*1000 -> 3564.85 | G13: =F13*12/1000 -> 42.7782
... A39: 41395 | B39: =MONTH(A39) -> 5 | C39: =YEAR(A39) -> 2013 | F39: =SUMIFS(Weekly!$D$2:$D$538,Weekly!$B$2:$B$538,B39,Weekly!$C$2:$C$538,C39)*1000 -> 4504.3 | G39: =F39*12/1000 -> 54.0516
A40: 41426 | B40: =MONTH(A40) -> 6 | C40: =YEAR(A40) -> 2013 | D40: =SUMIFS(Weekly!$E$2:$E$538,Weekly!$B$2:$B$538,B40,Weekly!$C$2:$C$538,C40)*1000 -> 4189.212 | E40: =SUMIFS(Weekly!$F$2:$F$538,Weekly!$B$2:$B$538,B40,Weekly!$C$2:$C$538,C40) -> 948.501 | F40: =SUMIFS(Weekly!$D$2:$D$538,Weekly!$B$2:$B$538,B40,Weekly!$C$2:$C$538,C40)*1000 -> 5269.45 | G40: =F40*12/1000 -> 63.2334
A41: 41456 | B41: =MONTH(A41) -> 7 | C41: =YEAR(A41) -> 2013 | D41: =SUMIFS(Weekly!$E$2:$E$538,Weekly!$B$2:$B$538,B41,Weekly!$C$2:$C$538,C41)*1000 -> 5430.524 | E41: =SUMIFS(Weekly!$F$2:$F$538,Weekly!$B$2:$B$538,B41,Weekly!$C$2:$C$538,C41) -> 1229.553 | F41: =SUMIFS(Weekly!$D$2:$D$538,Weekly!$B$2:$B$538,B41,Weekly!$C$2:$C$538,C41)*1000 -> 6830.85 | G41: =F41*12/1000 -> 81.9702
A42: 41487 | B42: =MONTH(A42) -> 8 | C42: =YEAR(A42) -> 2013 | D42: =SUMIFS(Weekly!$E$2:$E$538,Weekly!$B$2:$B$538,B42,Weekly!$C$2:$C$538,C42)*1000 -> 4377.944 | E42: =SUMIFS(Weekly!$F$2:$F$538,Weekly!$B$2:$B$538,B42,Weekly!$C$2:$C$538,C42) -> 991.233 | F42: =SUMIFS(Weekly!$D$2:$D$538,Weekly!$B$2:$B$538,B42,Weekly!$C$2:$C$538,C42)*1000 -> 5506.85 | G42: =F42*12/1000 -> 66.0822
A43: 41518 | B43: =MONTH(A43) -> 9 | C43: =YEAR(A43) -> 2013 | D43: =SUMIFS(Weekly!$E$2:$E$538,Weekly!$B$2:$B$538,B43,Weekly!$C$2:$C$538,C43)*1000 -> 5442.6 | E43: =SUMIFS(Weekly!$F$2:$F$538,Weekly!$B$2:$B$538,B43,Weekly!$C$2:$C$538,C43) -> 1232.286 | F43: =SUMIFS(Weekly!$D$2:$D$538,Weekly!$B$2:$B$538,B43,Weekly!$C$2:$C$538,C43)*1000 -> 6844.04 | G43: =F43*12/1000 -> 82.12848
A44: 41548 | B44: =MONTH(A44) -> 10 | C44: =YEAR(A44) -> 2013 | D44: =SUMIFS(Weekly!$E$2:$E$538,Weekly!$B$2:$B$538,B44,Weekly!$C$2:$C$538,C44)*1000 -> 4325.992 | E44: =SUMIFS(Weekly!$F$2:$F$538,Weekly!$B$2:$B$538,B44,Weekly!$C$2:$C$538,C44) -> 979.47 | F44: =SUMIFS(Weekly!$D$2:$D$538,Weekly!$B$2:$B$538,B44,Weekly!$C$2:$C$538,C44)*1000 -> 5446.3 | G44: =F44*12/1000 -> 65.3556
A45: 41579 | B45: =MONTH(A45) -> 11 | C45: =YEAR(A45) -> 2013 | D45: =SUMIFS(Weekly!$E$2:$E$538,Weekly!$B$2:$B$538,B45,Weekly!$C$2:$C$538,C45)*1000 -> 4394.862 | E45: =SUMIFS(Weekly!$F$2:$F$538,Weekly!$B$2:$B$538,B45,Weekly!$C$2:$C$538,C45) -> 995.062 | F45: =SUMIFS(Weekly!$D$2:$D$538,Weekly!$B$2:$B$538,B45,Weekly!$C$2:$C$538,C45)*1000 -> 5532.03 | G45: =F45*12/1000 -> 66.38436
A46: 41609 | B46: =MONTH(A46) -> 12 | C46: =YEAR(A46) -> 2013 | D46: =SUMIFS(Weekly!$E$2:$E$538,Weekly!$B$2:$B$538,B46,Weekly!$C$2:$C$538,C46)*1000 -> 6450.731 | E46: =SUMIFS(Weekly!$F$2:$F$538,Weekly!$B$2:$B$538,B46,Weekly!$C$2:$C$538,C46) -> 1460.542 | F46: =SUMIFS(Weekly!$D$2:$D$538,Weekly!$B$2:$B$538,B46,Weekly!$C$2:$C$538,C46)*1000 -> 8131.63 | G46: =F46*12/1000 -> 97.57956
A47: 41640 | B47: =MONTH(A47) -> 1 | C47: =YEAR(A47) -> 2014 | D47: =SUMIFS(Weekly!$E$2:$E$538,Weekly!$B$2:$B$538,B47,Weekly!$C$2:$C$538,C47)*1000 -> 4316.73 | E47: =SUMIFS(Weekly!$F$2:$F$538,Weekly!$B$2:$B$538,B47,Weekly!$C$2:$C$538,C47) -> 977.373 | F47: =SUMIFS(Weekly!$D$2:$D$538,Weekly!$B$2:$B$538,B47,Weekly!$C$2:$C$538,C47)*1000 -> 5414.85 | G47: =F47*12/1000 -> 64.9782
A48: 41671 | B48: =MONTH(A48) -> 2 | C48: =YEAR(A48) -> 2014 | D48: =SUMIFS(Weekly!$E$2:$E$538,Weekly!$B$2:$B$538,B48,Weekly!$C$2:$C$538,C48)*1000 -> 3491.083 | E48: =SUMIFS(Weekly!$F$2:$F$538,Weekly!$B$2:$B$538,B48,Weekly!$C$2:$C$538,C48) -> 790.434 | F48: =SUMIFS(Weekly!$D$2:$D$538,Weekly!$B$2:$B$538,B48,Weekly!$C$2:$C$538,C48)*1000 -> 4391.3 | G48: =F48*12/1000 -> 52.6956
A49: 41699 | B49: =MONTH(A49) -> 3 | C49: =YEAR(A49) -> 2014 | D49: =SUMIFS(Weekly!$E$2:$E$538,Weekly!$B$2:$B$538,B49,Weekly!$C$2:$C$538,C49)*1000 -> 4172.071 | E49: =SUMIFS(Weekly!$F$2:$F$538,Weekly!$B$2:$B$538,B49,Weekly!$C$2:$C$538,C49) -> 1140.399 | F49: =SUMIFS(Weekly!$D$2:$D$538,Weekly!$B$2:$B$538,B49,Weekly!$C$2:$C$538,C49)*1000 -> 6335.55 | G49: =F49*12/1000 -> 76.0266
A50: 41730 | B50: =MONTH(A50) -> 4 | C50: =YEAR(A50) -> 2014 | D50: =SUMIFS(Weekly!$E$2:$E$538,Weekly!$B$2:$B$538,B50,Weekly!$C$2:$C$538,C50)*1000 -> 4206.224 | E50: =SUMIFS(Weekly!$F$2:$F$538,Weekly!$B$2:$B$538,B50,Weekly!$C$2:$C$538,C50) -> 952.353 | F50: =SUMIFS(Weekly!$D$2:$D$538,Weekly!$B$2:$B$538,B50,Weekly!$C$2:$C$538,C50)*1000 -> 5505 | G50: =F50*12/1000 -> 66.06
A51: 41760 | B51: =MONTH(A51) -> 5 | C51: =YEAR(A51) -> 2014 | D51: =SUMIFS(Weekly!$E$2:$E$538,Weekly!$B$2:$B$538,B51,Weekly!$C$2:$C$538,C51)*1000 -> 4535.87 | E51: =SUMIFS(Weekly!$F$2:$F$538,Weekly!$B$2:$B$538,B51,Weekly!$C$2:$C$538,C51) -> 1026.99 | F51: =SUMIFS(Weekly!$D$2:$D$538,Weekly!$B$2:$B$538,B51,Weekly!$C$2:$C$538,C51)*1000 -> 5712.9 | G51: =F51*12/1000 -> 68.5548
... A124: 43983 | B124: =MONTH(A124) -> 6 | C124: =YEAR(A124) -> 2020 | D124: =SUMIFS(Weekly!$E$2:$E$538,Weekly!$B$2:$B$538,B124,Weekly!$C$2:$C$538,C124)*1000 -> 8060.252 | E124: =SUMIFS(Weekly!$F$2:$F$538,Weekly!$B$2:$B$538,B124,Weekly!$C$2:$C$538,C124) -> 1934.096 | F124: =SUMIFS(Weekly!$D$2:$D$538,Weekly!$B$2:$B$538,B124,Weekly!$C$2:$C$538,C124)*1000 -> 10179.45 | G124: =F124*12/1000 -> 122.1534
A125: 44013 | B125: =MONTH(A125) -> 7 | C125: =YEAR(A125) -> 2020 | D125: =SUMIFS(Weekly!$E$2:$E$546,Weekly!$B$2:$B$546,B125,Weekly!$C$2:$C$546,C125)*1000 -> 6452.9965 | E125: =SUMIFS(Weekly!$F$2:$F$546,Weekly!$B$2:$B$546,B125,Weekly!$C$2:$C$546,C125) -> 1519.696 | F125: =SUMIFS(Weekly!$D$2:$D$546,Weekly!$B$2:$B$546,B125,Weekly!$C$2:$C$546,C125)*1000 -> 7998.4 | G125: =F125*12/1000 -> 95.9808
A126: 44044 | B126: =MONTH(A126) -> 8 | C126: =YEAR(A126) -> 2020 | D126: =SUMIFS(Weekly!$E$2:$E$546,Weekly!$B$2:$B$546,B126,Weekly!$C$2:$C$546,C126)*1000 -> 8000.33 | E126: =SUMIFS(Weekly!$F$2:$F$546,Weekly!$B$2:$B$546,B126,Weekly!$C$2:$C$546,C126) -> 1903.126 | F126: =SUMIFS(Weekly!$D$2:$D$546,Weekly!$B$2:$B$546,B126,Weekly!$C$2:$C$546,C126)*1000 -> 10016.45 | G126: =F126*12/1000 -> 120.1974
A127: 44075 | B127: =MONTH(A127) -> 9 | C127: =YEAR(A127) -> 2020 | D127: =SUMIFS(Weekly!$E$2:$E$750,Weekly!$B$2:$B$750,B127,Weekly!$C$2:$C$750,C127)*1000 -> 6619.886 | E127: =SUMIFS(Weekly!$F$2:$F$750,Weekly!$B$2:$B$750,B127,Weekly!$C$2:$C$750,C127) -> 1577.41 | F127: =SUMIFS(Weekly!$D$2:$D$750,Weekly!$B$2:$B$750,B127,Weekly!$C$2:$C$750,C127)*1000 -> 8302.15 | G127: =F127*12/1000 -> 99.6258
A128: 44105 | B128: =MONTH(A128) -> 10 | C128: =YEAR(A128) -> 2020 | D128: =SUMIFS(Weekly!$E$2:$E$750,Weekly!$B$2:$B$750,B128,Weekly!$C$2:$C$750,C128)*1000 -> 5961.894 | E128: =SUMIFS(Weekly!$F$2:$F$750,Weekly!$B$2:$B$750,B128,Weekly!$C$2:$C$750,C128) -> 1475.651 | F128: =SUMIFS(Weekly!$D$2:$D$750,Weekly!$B$2:$B$750,B128,Weekly!$C$2:$C$750,C128)*1000 -> 7766.58 | G128: =F128*12/1000 -> 93.19896
A129: 44136 | B129: =MONTH(A129) -> 11 | C129: =YEAR(A129) -> 2020 | D129: =SUMIFS(Weekly!$E$2:$E$750,Weekly!$B$2:$B$750,B129,Weekly!$C$2:$C$750,C129)*1000 -> 8048.598 | E129: =SUMIFS(Weekly!$F$2:$F$750,Weekly!$B$2:$B$750,B129,Weekly!$C$2:$C$750,C129) -> 1878.016 | F129: =SUMIFS(Weekly!$D$2:$D$750,Weekly!$B$2:$B$750,B129,Weekly!$C$2:$C$750,C129)*1000 -> 9884.3 | G129: =F129*12/1000 -> 118.6116
A130: 44166 | B130: =MONTH(A130) -> 12 | C130: =YEAR(A130) -> 2020 | D130: =SUMIFS(Weekly!$E$2:$E$750,Weekly!$B$2:$B$750,B130,Weekly!$C$2:$C$750,C130)*1000 -> 6027.478 | E130: =SUMIFS(Weekly!$F$2:$F$750,Weekly!$B$2:$B$750,B130,Weekly!$C$2:$C$750,C130) -> 1462.9968 | F130: =SUMIFS(Weekly!$D$2:$D$750,Weekly!$B$2:$B$750,B130,Weekly!$C$2:$C$750,C130)*1000 -> 7699.9862 | G130: =F130*12/1000 -> 92.399834
A131: 44197 | B131: =MONTH(A131) -> 1 | C131: =YEAR(A131) -> 2021 | D131: =SUMIFS(Weekly!$E$2:$E$750,Weekly!$B$2:$B$750,B131,Weekly!$C$2:$C$750,C131)*1000 -> 5916.4396 | E131: =SUMIFS(Weekly!$F$2:$F$750,Weekly!$B$2:$B$750,B131,Weekly!$C$2:$C$750,C131) -> 1505.366 | F131: =SUMIFS(Weekly!$D$2:$D$750,Weekly!$B$2:$B$750,B131,Weekly!$C$2:$C$750,C131)*1000 -> 7922.98 | G131: =F131*12/1000 -> 95.07576
A132: 44228 | B132: =MONTH(A132) -> 2 | C132: =YEAR(A132) -> 2021 | D132: =SUMIFS(Weekly!$E$2:$E$750,Weekly!$B$2:$B$750,B132,Weekly!$C$2:$C$750,C132)*1000 -> 4249.173 | E132: =SUMIFS(Weekly!$F$2:$F$750,Weekly!$B$2:$B$750,B132,Weekly!$C$2:$C$750,C132) -> 902.329 | F132: =SUMIFS(Weekly!$D$2:$D$750,Weekly!$B$2:$B$750,B132,Weekly!$C$2:$C$750,C132)*1000 -> 4749.1 | G132: =F132*12/1000 -> 56.9892
A133: 44256 | B133: =MONTH(A133) -> 3 | C133: =YEAR(A133) -> 2021 | D133: =SUMIFS(Weekly!$E$2:$E$750,Weekly!$B$2:$B$750,B133,Weekly!$C$2:$C$750,C133)*1000 -> 5001.253 | E133: =SUMIFS(Weekly!$F$2:$F$750,Weekly!$B$2:$B$750,B133,Weekly!$C$2:$C$750,C133) -> 1189.438 | F133: =SUMIFS(Weekly!$D$2:$D$750,Weekly!$B$2:$B$750,B133,Weekly!$C$2:$C$750,C133)*1000 -> 6260.2 | G133: =F133*12/1000 -> 75.1224
A134: 44287 | B134: =MONTH(A134) -> 4 | C134: =YEAR(A134) -> 2021 | D134: =SUMIFS(Weekly!$E$2:$E$750,Weekly!$B$2:$B$750,B134,Weekly!$C$2:$C$750,C134)*1000 -> 6422.7 | E134: =SUMIFS(Weekly!$F$2:$F$750,Weekly!$B$2:$B$750,B134,Weekly!$C$2:$C$750,C134) -> 1544.7 | F134: =SUMIFS(Weekly!$D$2:$D$750,Weekly!$B$2:$B$750,B134,Weekly!$C$2:$C$750,C134)*1000 -> 8130 | G134: =F134*12/1000 -> 97.56
A135: 44317 | B135: =MONTH(A135) -> 5 | C135: =YEAR(A135) -> 2021 | D135: =SUMIFS(Weekly!$E$2:$E$750,Weekly!$B$2:$B$750,B135,Weekly!$C$2:$C$750,C135)*1000 -> 4637.3 | E135: =SUMIFS(Weekly!$F$2:$F$750,Weekly!$B$2:$B$750,B135,Weekly!$C$2:$C$750,C135) -> 1115.3 | F135: =SUMIFS(Weekly!$D$2:$D$750,Weekly!$B$2:$B$750,B135,Weekly!$C$2:$C$750,C135)*1000 -> 5870 | G135: =F135*12/1000 -> 70.44
A136: 44348 | B136: =MONTH(A136) -> 6 | C136: =YEAR(A136) -> 2021 | D136: =SUMIFS(Weekly!$E$2:$E$750,Weekly!$B$2:$B$750,B136,Weekly!$C$2:$C$750,C136)*1000 -> 5996.1 | E136: =SUMIFS(Weekly!$F$2:$F$750,Weekly!$B$2:$B$750,B136,Weekly!$C$2:$C$750,C136) -> 1442.1 | F136: =SUMIFS(Weekly!$D$2:$D$750,Weekly!$B$2:$B$750,B136,Weekly!$C$2:$C$750,C136)*1000 -> 7590 | G136: =F136*12/1000 -> 91.08
A137: 44378 | B137: =MONTH(A137) -> 7 | C137: =YEAR(A137) -> 2021 | D137: =SUMIFS(Weekly!$E$2:$E$750,Weekly!$B$2:$B$750,B137,Weekly!$C$2:$C$750,C137)*1000 -> 6952 | E137: =SUMIFS(Weekly!$F$2:$F$750,Weekly!$B$2:$B$750,B137,Weekly!$C$2:$C$750,C137) -> 1672 | F137: =SUMIFS(Weekly!$D$2:$D$750,Weekly!$B$2:$B$750,B137,Weekly!$C$2:$C$750,C137)*1000 -> 8800 | G137: =F137*12/1000 -> 105.6
A138: 44409 | B138: =MONTH(A138) -> 8 | C138: =YEAR(A138) -> 2021 | D138: =SUMIFS(Weekly!$E$2:$E$750,Weekly!$B$2:$B$750,B138,Weekly!$C$2:$C$750,C138)*1000 -> 6114.6 | E138: =SUMIFS(Weekly!$F$2:$F$750,Weekly!$B$2:$B$750,B138,Weekly!$C$2:$C$750,C138) -> 1470.6 | F138: =SUMIFS(Weekly!$D$2:$D$750,Weekly!$B$2:$B$750,B138,Weekly!$C$2:$C$750,C138)*1000 -> 7740 | G138: =F138*12/1000 -> 92.88
... A155: 44927 | B155: =MONTH(A155) -> 1 | C155: =YEAR(A155) -> 2023 | D155: =SUMIFS(Weekly!$E$2:$E$750,Weekly!$B$2:$B$750,B155,Weekly!$C$2:$C$750,C155)*1000 -> 1666.9 | E155: =SUMIFS(Weekly!$F$2:$F$750,Weekly!$B$2:$B$750,B155,Weekly!$C$2:$C$750,C155) -> 400.9 | F155: =SUMIFS(Weekly!$D$2:$D$750,Weekly!$B$2:$B$750,B155,Weekly!$C$2:$C$750,C155)*1000 -> 2110 | G155: =F155*12/1000 -> 25.32
A156: 44958 | B156: =MONTH(A156) -> 2 | C156: =YEAR(A156) -> 2023 | D156: =SUMIFS(Weekly!$E$2:$E$750,Weekly!$B$2:$B$750,B156,Weekly!$C$2:$C$750,C156)*1000 -> 5293 | E156: =SUMIFS(Weekly!$F$2:$F$750,Weekly!$B$2:$B$750,B156,Weekly!$C$2:$C$750,C156) -> 1273 | F156: =SUMIFS(Weekly!$D$2:$D$750,Weekly!$B$2:$B$750,B156,Weekly!$C$2:$C$750,C156)*1000 -> 6700 | G156: =F156*12/1000 -> 80.4 | I156: =F156/23*28 -> 8156.5217
A157: 44986 | B157: =MONTH(A157) -> 3 | C157: =YEAR(A157) -> 2023 | D157: =SUMIFS(Weekly!$E$2:$E$750,Weekly!$B$2:$B$750,B157,Weekly!$C$2:$C$750,C157)*1000 -> 5774.9 | E157: =SUMIFS(Weekly!$F$2:$F$750,Weekly!$B$2:$B$750,B157,Weekly!$C$2:$C$750,C157) -> 1388.9 | F157: =SUMIFS(Weekly!$D$2:$D$750,Weekly!$B$2:$B$750,B157,Weekly!$C$2:$C$750,C157)*1000 -> 7310 | G157: =F157*12/1000 -> 87.72
A158: 45017 | B158: =MONTH(A158) -> 4 | C158: =YEAR(A158) -> 2023 | D158: =SUMIFS(Weekly!$E$2:$E$750,Weekly!$B$2:$B$750,B158,Weekly!$C$2:$C$750,C158)*1000 -> 5103.4 | E158: =SUMIFS(Weekly!$F$2:$F$750,Weekly!$B$2:$B$750,B158,Weekly!$C$2:$C$750,C158) -> 1227.4 | F158: =SUMIFS(Weekly!$D$2:$D$750,Weekly!$B$2:$B$750,B158,Weekly!$C$2:$C$750,C158)*1000 -> 6460 | G158: =F158*12/1000 -> 77.52
A159: 45047 | B159: =MONTH(A159) -> 5 | C159: =YEAR(A159) -> 2023 | D159: =SUMIFS(Weekly!$E$2:$E$750,Weekly!$B$2:$B$750,B159,Weekly!$C$2:$C$750,C159)*1000 -> 5056 | E159: =SUMIFS(Weekly!$F$2:$F$750,Weekly!$B$2:$B$750,B159,Weekly!$C$2:$C$750,C159) -> 1216 | F159: =SUMIFS(Weekly!$D$2:$D$750,Weekly!$B$2:$B$750,B159,Weekly!$C$2:$C$750,C159)*1000 -> 6400 | G159: =F159*12/1000 -> 76.8
A160: 45078 | B160: =MONTH(A160) -> 6 | C160: =YEAR(A160) -> 2023 | D160: =SUMIFS(Weekly!$E$2:$E$750,Weekly!$B$2:$B$750,B160,Weekly!$C$2:$C$750,C160)*1000 -> 8397.7 | E160: =SUMIFS(Weekly!$F$2:$F$750,Weekly!$B$2:$B$750,B160,Weekly!$C$2:$C$750,C160) -> 2019.7 | F160: =SUMIFS(Weekly!$D$2:$D$750,Weekly!$B$2:$B$750,B160,Weekly!$C$2:$C$750,C160)*1000 -> 10630 | G160: =F160*12/1000 -> 127.56
A161: 45108 | B161: =MONTH(A161) -> 7 | C161: =YEAR(A161) -> 2023 | D161: =SUMIFS(Weekly!$E$2:$E$750,Weekly!$B$2:$B$750,B161,Weekly!$C$2:$C$750,C161)*1000 -> 6288.4 | E161: =SUMIFS(Weekly!$F$2:$F$750,Weekly!$B$2:$B$750,B161,Weekly!$C$2:$C$750,C161) -> 1512.4 | F161: =SUMIFS(Weekly!$D$2:$D$750,Weekly!$B$2:$B$750,B161,Weekly!$C$2:$C$750,C161)*1000 -> 7960 | G161: =F161*12/1000 -> 95.52
A162: 45139 | B162: =MONTH(A162) -> 8 | C162: =YEAR(A162) -> 2023 | D162: =SUMIFS(Weekly!$E$2:$E$750,Weekly!$B$2:$B$750,B162,Weekly!$C$2:$C$750,C162)*1000 -> 8239.7 | E162: =SUMIFS(Weekly!$F$2:$F$750,Weekly!$B$2:$B$750,B162,Weekly!$C$2:$C$750,C162) -> 1981.7 | F162: =SUMIFS(Weekly!$D$2:$D$750,Weekly!$B$2:$B$750,B162,Weekly!$C$2:$C$750,C162)*1000 -> 10430 | G162: =F162*12/1000 -> 125.16
A163: 45170 | B163: =MONTH(A163) -> 9 | C163: =YEAR(A163) -> 2023 | D163: =SUMIFS(Weekly!$E$2:$E$750,Weekly!$B$2:$B$750,B163,Weekly!$C$2:$C$750,C163)*1000 -> 6478 | E163: =SUMIFS(Weekly!$F$2:$F$750,Weekly!$B$2:$B$750,B163,Weekly!$C$2:$C$750,C163) -> 1558 | F163: =SUMIFS(Weekly!$D$2:$D$750,Weekly!$B$2:$B$750,B163,Weekly!$C$2:$C$750,C163)*1000 -> 8200 | G163: =F163*12/1000 -> 98.4
A164: 45200 | B164: =MONTH(A164) -> 10 | C164: =YEAR(A164) -> 2023 | D164: =SUMIFS(Weekly!$E$2:$E$750,Weekly!$B$2:$B$750,B164,Weekly!$C$2:$C$750,C164)*1000 -> 3578.7 | E164: =SUMIFS(Weekly!$F$2:$F$750,Weekly!$B$2:$B$750,B164,Weekly!$C$2:$C$750,C164) -> 860.7 | F164: =SUMIFS(Weekly!$D$2:$D$750,Weekly!$B$2:$B$750,B164,Weekly!$C$2:$C$750,C164)*1000 -> 4530 | G164: =F164*12/1000 -> 54.36
A165: 45231 | B165: =MONTH(A165) -> 11 | C165: =YEAR(A165) -> 2023 | D165: =SUMIFS(Weekly!$E$2:$E$750,Weekly!$B$2:$B$750,B165,Weekly!$C$2:$C$750,C165)*1000 -> 7141.6 | E165: =SUMIFS(Weekly!$F$2:$F$750,Weekly!$B$2:$B$750,B165,Weekly!$C$2:$C$750,C165) -> 1717.6 | F165: =SUMIFS(Weekly!$D$2:$D$750,Weekly!$B$2:$B$750,B165,Weekly!$C$2:$C$750,C165)*1000 -> 9040 | G165: =F165*12/1000 -> 108.48
A166: 45261 | B166: =MONTH(A166) -> 12 | C166: =YEAR(A166) -> 2023 | D166: =SUMIFS(Weekly!$E$2:$E$750,Weekly!$B$2:$B$750,B166,Weekly!$C$2:$C$750,C166)*1000 -> 5925 | E166: =SUMIFS(Weekly!$F$2:$F$750,Weekly!$B$2:$B$750,B166,Weekly!$C$2:$C$750,C166) -> 1425 | F166: =SUMIFS(Weekly!$D$2:$D$750,Weekly!$B$2:$B$750,B166,Weekly!$C$2:$C$750,C166)*1000 -> 7500 | G166: =F166*12/1000 -> 90
A167: 45292 | B167: =MONTH(A167) -> 1 | C167: =YEAR(A167) -> 2024 | D167: =SUMIFS(Weekly!$E$2:$E$750,Weekly!$B$2:$B$750,B167,Weekly!$C$2:$C$750,C167)*1000 -> 7086.3 | E167: =SUMIFS(Weekly!$F$2:$F$750,Weekly!$B$2:$B$750,B167,Weekly!$C$2:$C$750,C167) -> 1704.3 | F167: =SUMIFS(Weekly!$D$2:$D$750,Weekly!$B$2:$B$750,B167,Weekly!$C$2:$C$750,C167)*1000 -> 8970 | G167: =F167*12/1000 -> 107.64
A168: 45323 | B168: =MONTH(A168) -> 2 | C168: =YEAR(A168) -> 2024 | D168: =SUMIFS(Weekly!$E$2:$E$750,Weekly!$B$2:$B$750,B168,Weekly!$C$2:$C$750,C168)*1000 -> 3025.7 | E168: =SUMIFS(Weekly!$F$2:$F$750,Weekly!$B$2:$B$750,B168,Weekly!$C$2:$C$750,C168) -> 727.7 | F168: =SUMIFS(Weekly!$D$2:$D$750,Weekly!$B$2:$B$750,B168,Weekly!$C$2:$C$750,C168)*1000 -> 3830 | G168: =F168*12/1000 -> 45.96
... A174: 45505 | B174: =MONTH(A174) -> 8 | C174: =YEAR(A174) -> 2024 | D174: =SUMIFS(Weekly!$E$2:$E$750,Weekly!$B$2:$B$750,B174,Weekly!$C$2:$C$750,C174)*1000 -> 8113.3 | E174: =SUMIFS(Weekly!$F$2:$F$750,Weekly!$B$2:$B$750,B174,Weekly!$C$2:$C$750,C174) -> 1951.3 | F174: =SUMIFS(Weekly!$D$2:$D$750,Weekly!$B$2:$B$750,B174,Weekly!$C$2:$C$750,C174)*1000 -> 10270 | G174: =F174*12/1000 -> 123.24
