Workbook

Sheet Coconut Oil Balance Sheet
A1: US COCONUT OIL SUPPLY AND DEMAND (Million Pounds)
B2: 93/94 | C2: 94/95 | D2: 95/96 | E2: 96/97 | F2: 97/98 | G2: 98/99 | H2: 99/00 | I2: 00/01 | J2: 01/02 | K2: 02/03 | L2: 03/04 | M2: 04/05 | N2: 05/06 | O2: 06/07 | P2: 07/08 | Q2: 08/09 | R2: 09/10 | S2: 10/11 | T2: 11/12 | U2: 12/13 | V2: 13/14 | W2: 14/15 | X2: 15/16 | Y2: 16/17 | Z2: 17/18 | AA2: 18/19 | AB2: 19/20 | AC2: 20/21 | AD2: 21/22 | AE2: 22/23 | AF2: 23/24
A3: Beginning Stocks (October 1) | B3: 250.9
A4: Production
A5: Imports
A6: Total Supply
A7: Domestic Use
A8: Biodiesel Production
A9: Non-Biodiesel Usage
A10: Exports
A11: Total Use
A12: Carryout (September 30)
A13: Stocks-to-Usage
A14: Decatur (crude, ₵/lb)
A15: Bold numbers are Jacobsen Estimates and Forecasts
A17: COCONUT OIL PRODUCTION (Million Pounds)
B18: =B2 -> 93/94 | C18: =C2 -> 94/95 | D18: =D2 -> 95/96 | E18: =E2 -> 96/97 | F18: =F2 -> 97/98 | G18: =G2 -> 98/99 | H18: =H2 -> 99/00 | I18: =I2 -> 00/01 | ... AF18: =AF2 -> 23/24
A19: October
A20: November
A21: December
A22: January
A23: February
A24: March
A25: April
A26: May
A27: June
A28: July
A29: August
A30: September
... A33: COCONUT OIL IMPORTS (Million Pounds)
B34: =B2 -> 93/94 | C34: =C2 -> 94/95 | D34: =D2 -> 95/96 | E34: =E2 -> 96/97 | F34: =F2 -> 97/98 | G34: =G2 -> 98/99 | H34: =H2 -> 99/00 | I34: =I2 -> 00/01 | ... AF34: =AF2 -> 23/24
A35: October | B35: ='[1]Copra Complex'!B18 -> 101.23073 | C35: ='[1]Copra Complex'!C18 -> 75.960471 | D35: ='[1]Copra Complex'!D18 -> 114.30282 | E35: ='[1]Copra Complex'!E18 -> 79.485883 | F35: ='[1]Copra Complex'!F18 -> 81.098343 | G35: ='[1]Copra Complex'!G18 -> 86.987329 | H35: ='[1]Copra Complex'!H18 -> 41.731069 | I35: ='[1]Copra Complex'!I18 -> 132.6951 | ... AF35: ='[1]Copra Complex'!AF18 -> 86.189332
A36: November | B36: ='[1]Copra Complex'!B19 -> 105.87741 | C36: ='[1]Copra Complex'!C19 -> 50.213573 | D36: ='[1]Copra Complex'!D19 -> 74.427157 | E36: ='[1]Copra Complex'!E19 -> 72.286028 | F36: ='[1]Copra Complex'!F19 -> 76.749726 | G36: ='[1]Copra Complex'!G19 -> 79.235658 | H36: ='[1]Copra Complex'!H19 -> 93.019616 | I36: ='[1]Copra Complex'!I19 -> 81.224447 | ... AF36: ='[1]Copra Complex'!AF19 -> 81.141526
A37: December | B37: ='[1]Copra Complex'!B20 -> 68.105624 | C37: ='[1]Copra Complex'!C20 -> 122.83184 | D37: ='[1]Copra Complex'!D20 -> 43.118218 | E37: ='[1]Copra Complex'!E20 -> 139.16257 | F37: ='[1]Copra Complex'!F20 -> 243.84883 | G37: ='[1]Copra Complex'!G20 -> 91.06125 | H37: ='[1]Copra Complex'!H20 -> 56.325447 | I37: ='[1]Copra Complex'!I20 -> 114.76336 | ... AF37: ='[1]Copra Complex'!AF20 -> 73.831922
A38: January | B38: ='[1]Copra Complex'!B21 -> 170.25789 | C38: ='[1]Copra Complex'!C21 -> 73.718591 | D38: ='[1]Copra Complex'!D21 -> 135.36489 | E38: ='[1]Copra Complex'!E21 -> 108.12745 | F38: ='[1]Copra Complex'!F21 -> 216.35631 | G38: ='[1]Copra Complex'!G21 -> 89.375596 | H38: ='[1]Copra Complex'!H21 -> 74.3522 | I38: ='[1]Copra Complex'!I21 -> 83.273864 | ... AF38: ='[1]Copra Complex'!AF21 -> 107.14473
A39: February | B39: ='[1]Copra Complex'!B22 -> 51.082194 | C39: ='[1]Copra Complex'!C22 -> 151.95203 | D39: ='[1]Copra Complex'!D22 -> 65.567663 | E39: ='[1]Copra Complex'!E22 -> 81.447335 | F39: ='[1]Copra Complex'!F22 -> 132.51564 | G39: ='[1]Copra Complex'!G22 -> 37.513848 | H39: ='[1]Copra Complex'!H22 -> 58.393382 | I39: ='[1]Copra Complex'!I22 -> 161.71365 | ... AF39: ='[1]Copra Complex'!AF22 -> 76.4139
A40: March | B40: ='[1]Copra Complex'!B23 -> 105.66268 | C40: ='[1]Copra Complex'!C23 -> 63.399638 | D40: ='[1]Copra Complex'!D23 -> 88.549745 | E40: ='[1]Copra Complex'!E23 -> 150.32943 | F40: ='[1]Copra Complex'!F23 -> 118.09984 | G40: ='[1]Copra Complex'!G23 -> 62.088328 | H40: ='[1]Copra Complex'!H23 -> 102.76581 | I40: ='[1]Copra Complex'!I23 -> 22.32775 | ... AF40: ='[1]Copra Complex'!AF23 -> 73.066503
A41: April | B41: ='[1]Copra Complex'!B24 -> 64.115037 | C41: ='[1]Copra Complex'!C24 -> 55.101881 | D41: ='[1]Copra Complex'!D24 -> 38.591247 | E41: ='[1]Copra Complex'!E24 -> 67.528233 | F41: ='[1]Copra Complex'!F24 -> 99.58939 | G41: ='[1]Copra Complex'!G24 -> 28.14222 | H41: ='[1]Copra Complex'!H24 -> 66.232577 | I41: ='[1]Copra Complex'!I24 -> 86.945882 | ... AF41: ='[1]Copra Complex'!AF24 -> 87.330466
A42: May | B42: ='[1]Copra Complex'!B25 -> 65.875869 | C42: ='[1]Copra Complex'!C25 -> 163.99852 | D42: ='[1]Copra Complex'!D25 -> 111.44188 | E42: ='[1]Copra Complex'!E25 -> 93.093471 | F42: ='[1]Copra Complex'!F25 -> 64.140611 | G42: ='[1]Copra Complex'!G25 -> 64.894592 | H42: ='[1]Copra Complex'!H25 -> 94.739442 | I42: ='[1]Copra Complex'!I25 -> 66.151447 | ... AF42: ='[1]Copra Complex'!AF25 -> 83.972142
A43: June | B43: ='[1]Copra Complex'!B26 -> 46.68706 | C43: ='[1]Copra Complex'!C26 -> 88.609711 | D43: ='[1]Copra Complex'!D26 -> 87.71728 | E43: ='[1]Copra Complex'!E26 -> 56.434575 | F43: ='[1]Copra Complex'!F26 -> 89.938436 | G43: ='[1]Copra Complex'!G26 -> 48.281663 | H43: ='[1]Copra Complex'!H26 -> 98.558288 | I43: ='[1]Copra Complex'!I26 -> 117.68228 | ... AF43: ='[1]Copra Complex'!AF26 -> 77.06241
A44: July | B44: ='[1]Copra Complex'!B27 -> 64.86505 | C44: ='[1]Copra Complex'!C27 -> 78.619907 | D44: ='[1]Copra Complex'!D27 -> 17.929529 | E44: ='[1]Copra Complex'!E27 -> 104.60601 | F44: ='[1]Copra Complex'!F27 -> 95.016563 | G44: ='[1]Copra Complex'!G27 -> 59.487315 | H44: ='[1]Copra Complex'!H27 -> 72.424037 | I44: ='[1]Copra Complex'!I27 -> 97.578113 | ... AF44: ='[1]Copra Complex'!AF27 -> 98.108909
A45: August | B45: ='[1]Copra Complex'!B28 -> 91.140176 | C45: ='[1]Copra Complex'!C28 -> 83.469194 | D45: ='[1]Copra Complex'!D28 -> 73.552804 | E45: ='[1]Copra Complex'!E28 -> 114.02922 | F45: ='[1]Copra Complex'!F28 -> 55.019208 | G45: ='[1]Copra Complex'!G28 -> 50.654718 | H45: ='[1]Copra Complex'!H28 -> 91.187575 | I45: ='[1]Copra Complex'!I28 -> 51.996892 | ... AF45: ='[1]Copra Complex'!AF28 -> 70.42232
A46: September | B46: ='[1]Copra Complex'!B29 -> 64.272888 | C46: ='[1]Copra Complex'!C29 -> 92.084195 | D46: ='[1]Copra Complex'!D29 -> 23.322696 | E46: ='[1]Copra Complex'!E29 -> 121.65303 | F46: ='[1]Copra Complex'!F29 -> 166.28979 | G46: ='[1]Copra Complex'!G29 -> 49.498173 | H46: ='[1]Copra Complex'!H29 -> 65.296715 | I46: ='[1]Copra Complex'!I29 -> 98.560713 | ... AF46: ='[1]Copra Complex'!AF29 -> 85.315844
A47: Total | B47: =SUM(B35:B46) -> 999.17261 | C47: =SUM(C35:C46) -> 1099.9596 | D47: =SUM(D35:D46) -> 873.88593 | E47: =SUM(E35:E46) -> 1188.1832 | F47: =SUM(F35:F46) -> 1438.6627 | G47: =SUM(G35:G46) -> 747.22069 | H47: =SUM(H35:H46) -> 915.02616 | I47: =SUM(I35:I46) -> 1114.9135 | ... AF47: =SUM(AF35:AF46) -> 1000
A49: COCONUT OIL EXPORTS (Million Pounds)
B50: =B2 -> 93/94 | C50: =C2 -> 94/95 | D50: =D2 -> 95/96 | E50: =E2 -> 96/97 | F50: =F2 -> 97/98 | G50: =G2 -> 98/99 | H50: =H2 -> 99/00 | I50: =I2 -> 00/01 | ... AF50: =AF2 -> 23/24
A51: October | B51: ='[1]Copra Complex'!B34 -> 0.32121343 | C51: ='[1]Copra Complex'!C34 -> 0.96165612 | D51: ='[1]Copra Complex'!D34 -> 0.60847567 | E51: ='[1]Copra Complex'!E34 -> 0.93299603 | F51: ='[1]Copra Complex'!F34 -> 0.47421419 | G51: ='[1]Copra Complex'!G34 -> 0.38867486 | H51: ='[1]Copra Complex'!H34 -> 0.34568473 | I51: ='[1]Copra Complex'!I34 -> 0.18562917 | ... AF51: ='[1]Copra Complex'!AF34 -> 3.5863175
A52: November | B52: ='[1]Copra Complex'!B35 -> 1.5233938 | C52: ='[1]Copra Complex'!C35 -> 0.87567586 | D52: ='[1]Copra Complex'!D35 -> 1.6847721 | E52: ='[1]Copra Complex'!E35 -> 0.53616407 | F52: ='[1]Copra Complex'!F35 -> 0.64220639 | G52: ='[1]Copra Complex'!G35 -> 1.1583084 | H52: ='[1]Copra Complex'!H35 -> 1.0017802 | I52: ='[1]Copra Complex'!I35 -> 0.50485844 | ... AF52: ='[1]Copra Complex'!AF35 -> 3.2885552
A53: December | B53: ='[1]Copra Complex'!B36 -> 0.54013239 | C53: ='[1]Copra Complex'!C36 -> 0.53373899 | D53: ='[1]Copra Complex'!D36 -> 2.1750801 | E53: ='[1]Copra Complex'!E36 -> 0.063934038 | F53: ='[1]Copra Complex'!F36 -> 0.15498493 | G53: ='[1]Copra Complex'!G36 -> 2.5688256 | H53: ='[1]Copra Complex'!H36 -> 1.2374543 | I53: ='[1]Copra Complex'!I36 -> 0.2367764 | ... AF53: ='[1]Copra Complex'!AF36 -> 2.7448299
A54: January | B54: ='[1]Copra Complex'!B37 -> 0.87038477 | C54: ='[1]Copra Complex'!C37 -> 0.37081742 | D54: ='[1]Copra Complex'!D37 -> 1.4781991 | E54: ='[1]Copra Complex'!E37 -> 1.4087535 | F54: ='[1]Copra Complex'!F37 -> 0.40631183 | G54: ='[1]Copra Complex'!G37 -> 0.23545363 | H54: ='[1]Copra Complex'!H37 -> 0.90786334 | I54: ='[1]Copra Complex'!I37 -> 0.31063124 | ... AF54: ='[1]Copra Complex'!AF37 -> 3.2354527
A55: February | B55: ='[1]Copra Complex'!B38 -> 1.3080022 | C55: ='[1]Copra Complex'!C38 -> 0.67924404 | D55: ='[1]Copra Complex'!D38 -> 1.5948236 | E55: ='[1]Copra Complex'!E38 -> 0.25353153 | F55: ='[1]Copra Complex'!F38 -> 0.36530587 | G55: ='[1]Copra Complex'!G38 -> 0.28571901 | H55: ='[1]Copra Complex'!H38 -> 1.0344086 | I55: ='[1]Copra Complex'!I38 -> 0.67351202 | ... AF55: ='[1]Copra Complex'!AF38 -> 3.1840188
A56: March | B56: ='[1]Copra Complex'!B39 -> 1.0275743 | C56: ='[1]Copra Complex'!C39 -> 2.0187724 | D56: ='[1]Copra Complex'!D39 -> 0.37897452 | E56: ='[1]Copra Complex'!E39 -> 1.2912471 | F56: ='[1]Copra Complex'!F39 -> 0.19444766 | G56: ='[1]Copra Complex'!G39 -> 0.18011762 | H56: ='[1]Copra Complex'!H39 -> 2.8657881 | I56: ='[1]Copra Complex'!I39 -> 0.38580885 | ... AF56: ='[1]Copra Complex'!AF39 -> 3.5908164
A57: April | B57: ='[1]Copra Complex'!B40 -> 0.74383946 | C57: ='[1]Copra Complex'!C40 -> 4.7454489 | D57: ='[1]Copra Complex'!D40 -> 0.34612565 | E57: ='[1]Copra Complex'!E40 -> 1.5383852 | F57: ='[1]Copra Complex'!F40 -> 1.7617134 | G57: ='[1]Copra Complex'!G40 -> 0.14197766 | H57: ='[1]Copra Complex'!H40 -> 2.3549772 | I57: ='[1]Copra Complex'!I40 -> 0.17151959 | ... AF57: ='[1]Copra Complex'!AF40 -> 3.6205409
A58: May | B58: ='[1]Copra Complex'!B41 -> 1.4111785 | C58: ='[1]Copra Complex'!C41 -> 2.4288321 | D58: ='[1]Copra Complex'!D41 -> 0.38250192 | E58: ='[1]Copra Complex'!E41 -> 0.26433418 | F58: ='[1]Copra Complex'!F41 -> 0.49846503 | G58: ='[1]Copra Complex'!G41 -> 0.6433087 | H58: ='[1]Copra Complex'!H41 -> 1.1435374 | I58: ='[1]Copra Complex'!I41 -> 0.64022223 | ... AF58: ='[1]Copra Complex'!AF41 -> 3.6629847
A59: June | B59: ='[1]Copra Complex'!B42 -> 0.60516874 | C59: ='[1]Copra Complex'!C42 -> 0.59260239 | D59: ='[1]Copra Complex'!D42 -> 0.24008334 | E59: ='[1]Copra Complex'!E42 -> 1.4034624 | F59: ='[1]Copra Complex'!F42 -> 0.27403451 | G59: ='[1]Copra Complex'!G42 -> 2.5628731 | H59: ='[1]Copra Complex'!H42 -> 1.4839311 | I59: ='[1]Copra Complex'!I42 -> 2.0798404 | ... AF59: ='[1]Copra Complex'!AF42 -> 3.4974326
A60: July | B60: ='[1]Copra Complex'!B43 -> 1.6730876 | C60: ='[1]Copra Complex'!C43 -> 0.28858502 | D60: ='[1]Copra Complex'!D43 -> 0.5908387 | E60: ='[1]Copra Complex'!E43 -> 1.5324328 | F60: ='[1]Copra Complex'!F43 -> 0.34766889 | G60: ='[1]Copra Complex'!G43 -> 0.12125421 | H60: ='[1]Copra Complex'!H43 -> 0.71165198 | I60: ='[1]Copra Complex'!I43 -> 1.6896223 | ... AF60: ='[1]Copra Complex'!AF43 -> 3.349053
A61: August | B61: ='[1]Copra Complex'!B44 -> 8.1762816 | C61: ='[1]Copra Complex'!C44 -> 3.2438808 | D61: ='[1]Copra Complex'!D44 -> 0.92461847 | E61: ='[1]Copra Complex'!E44 -> 0.82430817 | F61: ='[1]Copra Complex'!F44 -> 0.32650452 | G61: ='[1]Copra Complex'!G44 -> 2.3871647 | H61: ='[1]Copra Complex'!H44 -> 0.72355694 | I61: ='[1]Copra Complex'!I44 -> 0.48104852 | ... AF61: ='[1]Copra Complex'!AF44 -> 3.0202409
A62: September | B62: ='[1]Copra Complex'!B45 -> 0.54255747 | C62: ='[1]Copra Complex'!C45 -> 1.2030622 | D62: ='[1]Copra Complex'!D45 -> 1.3203481 | E62: ='[1]Copra Complex'!E45 -> 1.6111378 | F62: ='[1]Copra Complex'!F45 -> 0.08620072 | G62: ='[1]Copra Complex'!G45 -> 0.28417578 | H62: ='[1]Copra Complex'!H45 -> 0.27182989 | I62: ='[1]Copra Complex'!I45 -> 0.96694721 | ... AF62: ='[1]Copra Complex'!AF45 -> 3.2197573
A63: Total | B63: =SUM(B51:B62) -> 18.742814 | C63: =SUM(C51:C62) -> 17.942316 | D63: =SUM(D51:D62) -> 11.724841 | E63: =SUM(E51:E62) -> 11.660687 | F63: =SUM(F51:F62) -> 5.532058 | G63: =SUM(G51:G62) -> 10.957853 | H63: =SUM(H51:H62) -> 14.082464 | I63: =SUM(I51:I62) -> 8.3264164 | ... AF63: =SUM(AF51:AF62) -> 40
A65: COCONUT OIL DOMESTIC USAGE (Million Pounds)
B66: =B2 -> 93/94 | C66: =C2 -> 94/95 | D66: =D2 -> 95/96 | E66: =E2 -> 96/97 | F66: =F2 -> 97/98 | G66: =G2 -> 98/99 | H66: =H2 -> 99/00 | I66: =I2 -> 00/01 | ... AF66: =AF2 -> 23/24
A67: October | B67: =B3+B35-B51-B115 -> 16.809517 | C67: =B126+C35-C51-C115 -> 72.898815 | D67: =C126+D35-D51-D115 -> 76.794341 | E67: =D126+E35-E51-E115 -> 83.952886 | F67: =E126+F35-F51-F115 -> 68.124129 | G67: =F126+G35-G51-G115 -> 47.498654 | H67: =G126+H35-H51-H115 -> 87.085385 | I67: =H126+I35-I51-I115 -> 90.809467 | J67: =I126+J35-J51-J115 -> 111.45582 | ... AF67: =AE126+AF35-AF51-AF115 -> 114.38101
A68: November | B68: =B115+B36-B52-B116 -> 140.15402 | C68: =C115+C36-C52-C116 -> 62.637897 | D68: =D115+D36-D52-D116 -> 84.842385 | E68: =E115+E36-E52-E116 -> 85.249864 | F68: =F115+F36-F52-F116 -> 44.00752 | G68: =G115+G36-G52-G116 -> 62.57735 | H68: =H115+H36-H52-H116 -> 56.117836 | I68: =I115+I36-I52-I116 -> 93.419589 | ... AF68: =AF115+AF36-AF52-AF116 -> 55.79597
A69: December | B69: =B116+B37-B53-B117 -> 74.965491 | C69: =C116+C37-C53-C117 -> 119.5981 | D69: =D116+D37-D53-D117 -> 63.843137 | E69: =E116+E37-E53-E117 -> 78.298641 | F69: =F116+F37-F53-F117 -> 163.69385 | G69: =G116+G37-G53-G117 -> 134.09242 | H69: =H116+H37-H53-H117 -> 103.68799 | I69: =I116+I37-I53-I117 -> 34.426586 | ... AF69: =AF116+AF37-AF53-AF117 -> 75.847092
A70: January | B70: =B117+B38-B54-B118 -> 144.6875 | C70: =C117+C38-C54-C118 -> 55.347774 | D70: =D117+D38-D54-D118 -> 69.586694 | E70: =E117+E38-E54-E118 -> 85.218696 | F70: =F117+F38-F54-F118 -> 157.75 | G70: =G117+G38-G54-G118 -> 44.340143 | H70: =H117+H38-H54-H118 -> 51.844336 | I70: =I117+I38-I54-I118 -> 48.363233 | ... AF70: =AF117+AF38-AF54-AF118 -> 96.761274
A71: February | B71: =B118+B39-B55-B119 -> 81.774192 | C71: =C118+C39-C55-C119 -> 156.77278 | D71: =D118+D39-D55-D119 -> 92.672839 | E71: =E118+E39-E55-E119 -> 87.493803 | F71: =F118+F39-F55-F119 -> 120.05033 | G71: =G118+G39-G55-G119 -> 96.228129 | H71: =H118+H39-H55-H119 -> 80.958973 | I71: =I118+I39-I55-I119 -> 83.482141 | ... AF71: =AF118+AF39-AF55-AF119 -> 63.990882
A72: March | B72: =B119+B40-B56-B120 -> 137.63511 | C72: =C119+C40-C56-C120 -> 65.780865 | D72: =D119+D40-D56-D120 -> 70.97077 | E72: =E119+E40-E56-E120 -> 85.538179 | F72: =F119+F40-F56-F120 -> 125.00539 | G72: =G119+G40-G56-G120 -> 83.008211 | H72: =H119+H40-H56-H120 -> 102.40002 | I72: =I119+I40-I56-I120 -> 103.18394 | ... AF72: =AF119+AF40-AF56-AF120 -> 80.941352
A73: April | B73: =B120+B41-B57-B121 -> 77.271198 | C73: =C120+C41-C57-C121 -> 65.556432 | D73: =D120+D41-D57-D121 -> 82.245121 | E73: =E120+E41-E57-E121 -> 96.089848 | F73: =F120+F41-F57-F121 -> 116.42768 | G73: =G120+G41-G57-G121 -> 84.700243 | H73: =H120+H41-H57-H121 -> 50.7776 | I73: =I120+I41-I57-I121 -> 76.315363 | ... AF73: =AF120+AF41-AF57-AF121 -> 77.584771
A74: May | B74: =B121+B42-B58-B122 -> 102.16469 | C74: =C121+C42-C58-C122 -> 126.46969 | D74: =D121+D42-D58-D122 -> 108.75938 | E74: =E121+E42-E58-E122 -> 17.529137 | F74: =F121+F42-F58-F122 -> 81.842146 | G74: =G121+G42-G58-G122 -> 133.55128 | H74: =H121+H42-H58-H122 -> 91.995904 | I74: =I121+I42-I58-I122 -> 155.56822 | ... AF74: =AF121+AF42-AF58-AF122 -> 85.053188
A75: June | B75: =B122+B43-B59-B123 -> 94.581891 | C75: =C122+C43-C59-C123 -> 107.81711 | D75: =D122+D43-D59-D123 -> 91.877196 | E75: =E122+E43-E59-E123 -> 161.13111 | F75: =F122+F43-F59-F123 -> 23.964402 | G75: =G122+G43-G59-G123 -> 151.41879 | H75: =H122+H43-H59-H123 -> 63.374357 | I75: =I122+I43-I59-I123 -> 54.800441 | ... AF75: =AF122+AF43-AF59-AF123 -> 82.451292
A76: July | B76: =B123+B44-B60-B124 -> 50.891962 | C76: =C123+C44-C60-C124 -> 105.23132 | D76: =D123+D44-D60-D124 -> 72.138691 | E76: =E123+E44-E60-E124 -> 103.37357 | F76: =F123+F44-F60-F124 -> 36.368894 | G76: =G123+G44-G60-G124 -> -3.4339388 | H76: =H123+H44-H60-H124 -> 45.012385 | I76: =I123+I44-I60-I124 -> 92.653491 | ... AF76: =AF123+AF44-AF60-AF124 -> 91.687029
A77: August | B77: =B124+B45-B61-B125 -> 90.663894 | C77: =C124+C45-C61-C125 -> 93.025313 | D77: =D124+D45-D61-D125 -> 75.428185 | E77: =E124+E45-E61-E125 -> 102.30491 | F77: =F124+F45-F61-F125 -> 44.892704 | G77: =G124+G45-G61-G125 -> 53.967553 | H77: =H124+H45-H61-H125 -> 93.364018 | I77: =I124+I45-I61-I125 -> 65.946843 | ... AF77: =AF124+AF45-AF61-AF125 -> 78.000217
A78: September | B78: =B125+B46-B62-B126 -> 55.630331 | C78: =C125+C46-C62-C126 -> 52.081133 | D78: =D125+D46-D62-D126 -> 51.902348 | E78: =E125+E46-E62-E126 -> 124.74189 | F78: =F125+F46-F62-F126 -> 207.90359 | G78: =G125+G46-G62-G126 -> 88.913997 | H78: =H125+H46-H62-H126 -> 90.024885 | I78: =I125+I46-I62-I126 -> 84.312766 | ... AF78: =AF125+AF46-AF62-AF126 -> 91.293339
A79: Total | B79: =SUM(B67:B78) -> 1067.2298 | C79: =SUM(C67:C78) -> 1083.2172 | D79: =SUM(D67:D78) -> 941.06108 | E79: =SUM(E67:E78) -> 1110.9225 | F79: =SUM(F67:F78) -> 1190.0306 | G79: =SUM(G67:G78) -> 976.86284 | H79: =SUM(H67:H78) -> 916.64369 | I79: =SUM(I67:I78) -> 983.28208 | ... AF79: =SUM(AF67:AF78) -> 993.78742
A81: COCONUT OIL BIODIESEL USAGE (Million Pounds)
B82: =B2 -> 93/94 | C82: =C2 -> 94/95 | D82: =D2 -> 95/96 | E82: =E2 -> 96/97 | F82: =F2 -> 97/98 | G82: =G2 -> 98/99 | H82: =H2 -> 99/00 | I82: =I2 -> 00/01 | ... AF82: =AF2 -> 23/24
A83: October
A84: November
A85: December
A86: January
A87: February
A88: March
A89: April
A90: May
A91: June
A92: July
A93: August
A94: September
... A97: COCONUT OIL NON-BIODIESEL USAGE (Million Pounds)
B98: =B2 -> 93/94 | C98: =C2 -> 94/95 | D98: =D2 -> 95/96 | E98: =E2 -> 96/97 | F98: =F2 -> 97/98 | G98: =G2 -> 98/99 | H98: =H2 -> 99/00 | I98: =I2 -> 00/01 | ... AF98: =AF2 -> 23/24
A99: October
A100: November
A101: December
A102: January
A103: February
A104: March
A105: April
A106: May
A107: June
A108: July
...

Sheet Palm Kernel Oil Balance Sheet
A1: US PALM KERNEL OIL SUPPLY AND DEMAND (Million Pounds)
B2: 93/94 | C2: 94/95 | D2: 95/96 | E2: 96/97 | F2: 97/98 | G2: 98/99 | H2: 99/00 | I2: 00/01 | J2: 01/02 | K2: 02/03 | L2: 03/04 | M2: 04/05 | N2: 05/06 | O2: 06/07 | P2: 07/08 | Q2: 08/09 | R2: 09/10 | S2: 10/11 | T2: 11/12 | U2: 12/13 | V2: 13/14 | W2: 14/15 | X2: 15/16 | Y2: 16/17 | Z2: 17/18 | AA2: 18/19 | AB2: 19/20 | AC2: 20/21 | AD2: 21/22 | AE2: 22/23 | AF2: 23/24
A3: Beginning Stocks (October 1) | B3: ='[1]Palm Complex'!$C$17 -> 72.3
A4: Production
A5: Imports
A6: Total Supply
A7: Domestic Use
A8: Biodiesel Production
A9: Non-Biodiesel Usage
A10: Exports
A11: Total Use
A12: Carryout (September 30)
A13: Stocks-to-Usage
A14: Decatur (crude, ₵/lb)
A15: Bold numbers are Jacobsen Estimates and Forecasts
A17: PALM KERNEL OIL PRODUCTION (Million Pounds)
B18: =B2 -> 93/94 | C18: =C2 -> 94/95 | D18: =D2 -> 95/96 | E18: =E2 -> 96/97 | F18: =F2 -> 97/98 | G18: =G2 -> 98/99 | H18: =H2 -> 99/00 | I18: =I2 -> 00/01 | ... AF18: =AF2 -> 23/24
A19: October
A20: November
A21: December
A22: January
A23: February
A24: March
A25: April
A26: May
A27: June
A28: July
A29: August
A30: September
... A33: PALM KERNEL OIL IMPORTS (Million Pounds)
B34: =B2 -> 93/94 | C34: =C2 -> 94/95 | D34: =D2 -> 95/96 | E34: =E2 -> 96/97 | F34: =F2 -> 97/98 | G34: =G2 -> 98/99 | H34: =H2 -> 99/00 | I34: =I2 -> 00/01 | ... AF34: =AF2 -> 23/24
A35: October | B35: ='[1]Palm Complex'!B141 -> 93/94 | C35: ='[1]Palm Complex'!C141 -> 94/95 | D35: ='[1]Palm Complex'!D141 -> 95/96 | E35: ='[1]Palm Complex'!E141 -> 96/97 | F35: ='[1]Palm Complex'!F141 -> 97/98 | G35: ='[1]Palm Complex'!G141 -> 98/99 | H35: ='[1]Palm Complex'!H141 -> 99/00 | I35: ='[1]Palm Complex'!I141 -> 00/01 | ... AF35: ='[1]Palm Complex'!AF141 -> 23/24
A36: November | B36: ='[1]Palm Complex'!B142 -> 17.691651 | C36: ='[1]Palm Complex'!C142 -> 14.337539 | D36: ='[1]Palm Complex'!D142 -> 32.301019 | E36: ='[1]Palm Complex'!E142 -> 51.728589 | F36: ='[1]Palm Complex'!F142 -> 39.271152 | G36: ='[1]Palm Complex'!G142 -> 29.966325 | H36: ='[1]Palm Complex'!H142 -> 55.859169 | I36: ='[1]Palm Complex'!I142 -> 54.343932 | ... AF36: ='[1]Palm Complex'!AF142 -> 88.2783
A37: December | B37: ='[1]Palm Complex'!B143 -> 44.954227 | C37: ='[1]Palm Complex'!C143 -> 28.120835 | D37: ='[1]Palm Complex'!D143 -> 26.8922 | E37: ='[1]Palm Complex'!E143 -> 32.51597 | F37: ='[1]Palm Complex'!F143 -> 28.139134 | G37: ='[1]Palm Complex'!G143 -> 26.424158 | H37: ='[1]Palm Complex'!H143 -> 34.553041 | I37: ='[1]Palm Complex'!I143 -> 30.928863 | ... AF37: ='[1]Palm Complex'!AF143 -> 77.423248
A38: January | B38: ='[1]Palm Complex'!B144 -> 7.8757916 | C38: ='[1]Palm Complex'!C144 -> 36.178508 | D38: ='[1]Palm Complex'!D144 -> 7.9891092 | E38: ='[1]Palm Complex'!E144 -> 49.252358 | F38: ='[1]Palm Complex'!F144 -> 29.531353 | G38: ='[1]Palm Complex'!G144 -> 11.029724 | H38: ='[1]Palm Complex'!H144 -> 35.809014 | I38: ='[1]Palm Complex'!I144 -> 17.904838 | ... AF38: ='[1]Palm Complex'!AF144 -> 65.326624
A39: February | B39: ='[1]Palm Complex'!B145 -> 50.916627 | C39: ='[1]Palm Complex'!C145 -> 26.977739 | D39: ='[1]Palm Complex'!D145 -> 22.94284 | E39: ='[1]Palm Complex'!E145 -> 54.775377 | F39: ='[1]Palm Complex'!F145 -> 38.753286 | G39: ='[1]Palm Complex'!G145 -> 24.330429 | H39: ='[1]Palm Complex'!H145 -> 19.859015 | I39: ='[1]Palm Complex'!I145 -> 39.571642 | ... AF39: ='[1]Palm Complex'!AF145 -> 72.396828
A40: March | B40: ='[1]Palm Complex'!B146 -> 21.432233 | C40: ='[1]Palm Complex'!C146 -> 30.523433 | D40: ='[1]Palm Complex'!D146 -> 22.26558 | E40: ='[1]Palm Complex'!E146 -> 37.411553 | F40: ='[1]Palm Complex'!F146 -> 20.315592 | G40: ='[1]Palm Complex'!G146 -> 33.022592 | H40: ='[1]Palm Complex'!H146 -> 44.909914 | I40: ='[1]Palm Complex'!I146 -> 39.725084 | ... AF40: ='[1]Palm Complex'!AF146 -> 79.741618
A41: April | B41: ='[1]Palm Complex'!B147 -> 41.338647 | C41: ='[1]Palm Complex'!C147 -> 17.787111 | D41: ='[1]Palm Complex'!D147 -> 43.349482 | E41: ='[1]Palm Complex'!E147 -> 16.737049 | F41: ='[1]Palm Complex'!F147 -> 23.900087 | G41: ='[1]Palm Complex'!G147 -> 46.980054 | H41: ='[1]Palm Complex'!H147 -> 53.895071 | I41: ='[1]Palm Complex'!I147 -> 1.8238838 | ... AF41: ='[1]Palm Complex'!AF147 -> 67.82004
A42: May | B42: ='[1]Palm Complex'!B148 -> 13.727079 | C42: ='[1]Palm Complex'!C148 -> 3.7185359 | D42: ='[1]Palm Complex'!D148 -> 20.620491 | E42: ='[1]Palm Complex'!E148 -> 19.864526 | F42: ='[1]Palm Complex'!F148 -> 26.052239 | G42: ='[1]Palm Complex'!G148 -> 10.144127 | H42: ='[1]Palm Complex'!H148 -> 13.595683 | I42: ='[1]Palm Complex'!I148 -> 32.96924 | ... AF42: ='[1]Palm Complex'!AF148 -> 73.989491
A43: June | B43: ='[1]Palm Complex'!B149 -> 18.009778 | C43: ='[1]Palm Complex'!C149 -> 20.008267 | D43: ='[1]Palm Complex'!D149 -> 21.875141 | E43: ='[1]Palm Complex'!E149 -> 13.743614 | F43: ='[1]Palm Complex'!F149 -> 37.776198 | G43: ='[1]Palm Complex'!G149 -> 27.170202 | H43: ='[1]Palm Complex'!H149 -> 35.953637 | I43: ='[1]Palm Complex'!I149 -> 30.284451 | ... AF43: ='[1]Palm Complex'!AF149 -> 60.588331
A44: July | B44: ='[1]Palm Complex'!B150 -> 16.711035 | C44: ='[1]Palm Complex'!C150 -> 21.525268 | D44: ='[1]Palm Complex'!D150 -> 8.1899503 | E44: ='[1]Palm Complex'!E150 -> 43.210812 | F44: ='[1]Palm Complex'!F150 -> 30.697377 | G44: ='[1]Palm Complex'!G150 -> 24.668397 | H44: ='[1]Palm Complex'!H150 -> 15.546994 | I44: ='[1]Palm Complex'!I150 -> 13.916015 | ... AF44: ='[1]Palm Complex'!AF150 -> 48.358769
A45: August | B45: ='[1]Palm Complex'!B151 -> 10.916406 | C45: ='[1]Palm Complex'!C151 -> 30.915194 | D45: ='[1]Palm Complex'!D151 -> 23.284997 | E45: ='[1]Palm Complex'!E151 -> 18.835849 | F45: ='[1]Palm Complex'!F151 -> 22.917928 | G45: ='[1]Palm Complex'!G151 -> 42.69956 | H45: ='[1]Palm Complex'!H151 -> 46.249442 | I45: ='[1]Palm Complex'!I151 -> 30.735297 | ... AF45: ='[1]Palm Complex'!AF151 -> 87.41003
A46: September | B46: ='[1]Palm Complex'!B152 -> 27.597679 | C46: ='[1]Palm Complex'!C152 -> 19.050359 | D46: ='[1]Palm Complex'!D152 -> 6.2038063 | E46: ='[1]Palm Complex'!E152 -> 21.915045 | F46: ='[1]Palm Complex'!F152 -> 27.982826 | G46: ='[1]Palm Complex'!G152 -> 57.985747 | H46: ='[1]Palm Complex'!H152 -> 20.144072 | I46: ='[1]Palm Complex'!I152 -> 27.047405 | ... AF46: ='[1]Palm Complex'!AF152 -> 66.24158
A47: Total | B47: =SUM(B35:B46) -> 271.17115 | C47: =SUM(C35:C46) -> 249.14279 | D47: =SUM(D35:D46) -> 235.91462 | E47: =SUM(E35:E46) -> 359.99074 | F47: =SUM(F35:F46) -> 325.33717 | G47: =SUM(G35:G46) -> 334.42132 | H47: =SUM(H35:H46) -> 376.37505 | I47: =SUM(I35:I46) -> 319.25065 | ... AF47: =SUM(AF35:AF46) -> 787.57486
A49: PALM KERNEL OIL EXPORTS (Million Pounds)
B50: =B2 -> 93/94 | C50: =C2 -> 94/95 | D50: =D2 -> 95/96 | E50: =E2 -> 96/97 | F50: =F2 -> 97/98 | G50: =G2 -> 98/99 | H50: =H2 -> 99/00 | I50: =I2 -> 00/01 | ... AF50: =AF2 -> 23/24
A51: October | B51: ='[1]Palm Complex'!B157 -> 93/94 | C51: ='[1]Palm Complex'!C157 -> 94/95 | D51: ='[1]Palm Complex'!D157 -> 95/96 | E51: ='[1]Palm Complex'!E157 -> 96/97 | F51: ='[1]Palm Complex'!F157 -> 97/98 | G51: ='[1]Palm Complex'!G157 -> 98/99 | H51: ='[1]Palm Complex'!H157 -> 99/00 | I51: ='[1]Palm Complex'!I157 -> 00/01 | ... AF51: ='[1]Palm Complex'!AF157 -> 23/24
A52: November | B52: ='[1]Palm Complex'!B158 -> 0.36001477 | C52: ='[1]Palm Complex'!C158 -> 0.28792363 | D52: ='[1]Palm Complex'!D158 -> 1.1091453 | E52: ='[1]Palm Complex'!E158 -> 0.37236066 | F52: ='[1]Palm Complex'!F158 -> 0.11794728 | G52: ='[1]Palm Complex'!G158 -> 0.092594124 | H52: ='[1]Palm Complex'!H158 -> 0.21605296 | I52: ='[1]Palm Complex'!I158 -> 0.14682783 | ... AF52: ='[1]Palm Complex'!AF158 -> 3.8023383
A53: December | B53: ='[1]Palm Complex'!B159 -> 0.43894024 | C53: ='[1]Palm Complex'!C159 -> 0.26742065 | D53: ='[1]Palm Complex'!D159 -> 0.25507477 | E53: ='[1]Palm Complex'!E159 -> 0.23655594 | F53: ='[1]Palm Complex'!F159 -> 0.13955257 | G53: ='[1]Palm Complex'!G159 -> 2.1146734 | H53: ='[1]Palm Complex'!H159 -> 0.20128199 | I53: ='[1]Palm Complex'!I159 -> 0.15608724 | ... AF53: ='[1]Palm Complex'!AF159 -> 4.2996345
A54: January | B54: ='[1]Palm Complex'!B160 -> 0.42438974 | C54: ='[1]Palm Complex'!C160 -> 0.10626278 | D54: ='[1]Palm Complex'!D160 -> 0.22443052 | E54: ='[1]Palm Complex'!E160 -> 0.10427862 | F54: ='[1]Palm Complex'!F160 -> 0.0460766 | G54: ='[1]Palm Complex'!G160 -> 0.039021809 | H54: ='[1]Palm Complex'!H160 -> 0.60252319 | I54: ='[1]Palm Complex'!I160 -> 0.051588155 | ... AF54: ='[1]Palm Complex'!AF160 -> 4.8697944
A55: February | B55: ='[1]Palm Complex'!B161 -> 0.26565695 | C55: ='[1]Palm Complex'!C161 -> 0.18342455 | D55: ='[1]Palm Complex'!D161 -> 0.14859152 | E55: ='[1]Palm Complex'!E161 -> 0.023148531 | F55: ='[1]Palm Complex'!F161 -> 0.11397896 | G55: ='[1]Palm Complex'!G161 -> 0.049824457 | H55: ='[1]Palm Complex'!H161 -> 0.29255334 | I55: ='[1]Palm Complex'!I161 -> 0.050706306 | ... AF55: ='[1]Palm Complex'!AF161 -> 2.9851233
A56: March | B56: ='[1]Palm Complex'!B162 -> 0.27557775 | C56: ='[1]Palm Complex'!C162 -> 0.16644896 | D56: ='[1]Palm Complex'!D162 -> 0.049383533 | E56: ='[1]Palm Complex'!E162 -> 0.037258112 | F56: ='[1]Palm Complex'!F162 -> 0.1219156 | G56: ='[1]Palm Complex'!G162 -> 0.01300727 | H56: ='[1]Palm Complex'!H162 -> 0.36640818 | I56: ='[1]Palm Complex'!I162 -> 0.074295761 | ... AF56: ='[1]Palm Complex'!AF162 -> 2.7281541
A57: April | B57: ='[1]Palm Complex'!B163 -> 0.38272238 | C57: ='[1]Palm Complex'!C163 -> 0.18408594 | D57: ='[1]Palm Complex'!D163 -> 0.15167799 | E57: ='[1]Palm Complex'!E163 -> 0.17659022 | F57: ='[1]Palm Complex'!F163 -> 0.030203321 | G57: ='[1]Palm Complex'!G163 -> 0.057981559 | H57: ='[1]Palm Complex'!H163 -> 0.007716177 | I57: ='[1]Palm Complex'!I163 -> 0.1364661 | ... AF57: ='[1]Palm Complex'!AF163 -> 4.8113865
A58: May | B58: ='[1]Palm Complex'!B164 -> 0.37169927 | C58: ='[1]Palm Complex'!C164 -> 0.17350375 | D58: ='[1]Palm Complex'!D164 -> 0.17019682 | E58: ='[1]Palm Complex'!E164 -> 0.074516224 | F58: ='[1]Palm Complex'!F164 -> 0.15211892 | G58: ='[1]Palm Complex'!G164 -> 0.080909627 | H58: ='[1]Palm Complex'!H164 -> 0.0097003368 | I58: ='[1]Palm Complex'!I164 -> 0.14330043 | ... AF58: ='[1]Palm Complex'!AF164 -> 3.1523147
A59: June | B59: ='[1]Palm Complex'!B165 -> 0.30798569 | C59: ='[1]Palm Complex'!C165 -> 0.10229446 | D59: ='[1]Palm Complex'!D165 -> 0.038139961 | E59: ='[1]Palm Complex'!E165 -> 0.25331107 | F59: ='[1]Palm Complex'!F165 -> 0.058422483 | G59: ='[1]Palm Complex'!G165 -> 0.084877947 | H59: ='[1]Palm Complex'!H165 -> 0.1038377 | I59: ='[1]Palm Complex'!I165 -> 0.18540871 | ... AF59: ='[1]Palm Complex'!AF165 -> 3.8103971
A60: July | B60: ='[1]Palm Complex'!B166 -> 1.4621053 | C60: ='[1]Palm Complex'!C166 -> 0.18408594 | D60: ='[1]Palm Complex'!D166 -> 0.12323837 | E60: ='[1]Palm Complex'!E166 -> 0 | F60: ='[1]Palm Complex'!F166 -> 0.15498493 | G60: ='[1]Palm Complex'!G166 -> 0.0017636976 | H60: ='[1]Palm Complex'!H166 -> 0.25066552 | I60: ='[1]Palm Complex'!I166 -> 0.17659022 | ... AF60: ='[1]Palm Complex'!AF166 -> 5.0026591
A61: August | B61: ='[1]Palm Complex'!B167 -> 0.47465512 | C61: ='[1]Palm Complex'!C167 -> 0.063934038 | D61: ='[1]Palm Complex'!D167 -> 0.23413086 | E61: ='[1]Palm Complex'!E167 -> 0.072752526 | F61: ='[1]Palm Complex'!F167 -> 0.083334712 | G61: ='[1]Palm Complex'!G167 -> 0.11860866 | H61: ='[1]Palm Complex'!H167 -> 0.08421656 | I61: ='[1]Palm Complex'!I167 -> 0.18166085 | ... AF61: ='[1]Palm Complex'!AF167 -> 4.2707405
A62: September | B62: ='[1]Palm Complex'!B168 -> 0.42218511 | C62: ='[1]Palm Complex'!C168 -> 0.20392753 | D62: ='[1]Palm Complex'!D168 -> 0.23170577 | E62: ='[1]Palm Complex'!E168 -> 0.029982859 | F62: ='[1]Palm Complex'!F168 -> 1.183882 | G62: ='[1]Palm Complex'!G168 -> 0.060186181 | H62: ='[1]Palm Complex'!H168 -> 0.29938767 | I62: ='[1]Palm Complex'!I168 -> 0.27160943 | ... AF62: ='[1]Palm Complex'!AF168 -> 3.7162087
A63: Total | B63: =SUM(B51:B62) -> 5.1859323 | C63: =SUM(C51:C62) -> 1.9233122 | D63: =SUM(D51:D62) -> 2.7357154 | E63: =SUM(E51:E62) -> 1.3807548 | F63: =SUM(F51:F62) -> 2.2024174 | G63: =SUM(G51:G62) -> 2.7134488 | H63: =SUM(H51:H62) -> 2.4343436 | I63: =SUM(I51:I62) -> 1.574541 | ... AF63: =SUM(AF51:AF62) -> 43.448751
A65: PALM KERNEL OIL DOMESTIC USAGE (Million Pounds)
B66: =B2 -> 93/94 | C66: =C2 -> 94/95 | D66: =D2 -> 95/96 | E66: =E2 -> 96/97 | F66: =F2 -> 97/98 | G66: =G2 -> 98/99 | H66: =H2 -> 99/00 | I66: =I2 -> 00/01 | ... AF66: =AF2 -> 23/24
A67: October | B67: =B3+B35-B51-B115 -> #VALUE! | C67: =B126+C35-C51-C115 -> #VALUE! | D67: =C126+D35-D51-D115 -> #VALUE! | E67: =D126+E35-E51-E115 -> #VALUE! | F67: =E126+F35-F51-F115 -> #VALUE! | G67: =F126+G35-G51-G115 -> #VALUE! | H67: =G126+H35-H51-H115 -> #VALUE! | I67: =H126+I35-I51-I115 -> #VALUE! | J67: =I126+J35-J51-J115 -> -45529.331 | ... AF67: =AE126+AF35-AF51-AF115 -> #VALUE!
A68: November | B68: =B115+B36-B52-B116 -> #VALUE! | C68: =C115+C36-C52-C116 -> #VALUE! | D68: =D115+D36-D52-D116 -> #VALUE! | E68: =E115+E36-E52-E116 -> #VALUE! | F68: =F115+F36-F52-F116 -> #VALUE! | G68: =G115+G36-G52-G116 -> #VALUE! | H68: =H115+H36-H52-H116 -> #VALUE! | I68: =I115+I36-I52-I116 -> #VALUE! | ... AF68: =AF115+AF36-AF52-AF116 -> #VALUE!
A69: December | B69: =B116+B37-B53-B117 -> 39.415286 | C69: =C116+C37-C53-C117 -> 20.753415 | D69: =D116+D37-D53-D117 -> 31.337125 | E69: =E116+E37-E53-E117 -> 19.279414 | F69: =F116+F37-F53-F117 -> 22.899581 | G69: =G116+G37-G53-G117 -> 20.409485 | H69: =H116+H37-H53-H117 -> 36.051759 | I69: =I116+I37-I53-I117 -> 26.772775 | ... AF69: =AF116+AF37-AF53-AF117 -> 48.204613
A70: January | B70: =B117+B38-B54-B118 -> 14.951402 | C70: =C117+C38-C54-C118 -> 32.472246 | D70: =D117+D38-D54-D118 -> 7.8646787 | E70: =E117+E38-E54-E118 -> 49.148079 | F70: =F117+F38-F54-F118 -> 21.285276 | G70: =G117+G38-G54-G118 -> 29.690702 | H70: =H117+H38-H54-H118 -> 50.706491 | I70: =I117+I38-I54-I118 -> 9.5532494 | ... AF70: =AF117+AF38-AF54-AF118 -> 54.03683
A71: February | B71: =B118+B39-B55-B119 -> 17.25097 | C71: =C118+C39-C55-C119 -> 20.594314 | D71: =D118+D39-D55-D119 -> 13.194248 | E71: =E118+E39-E55-E119 -> 25.952228 | F71: =F118+F39-F55-F119 -> 40.339307 | G71: =G118+G39-G55-G119 -> 28.580604 | H71: =H118+H39-H55-H119 -> 21.166461 | I71: =I118+I39-I55-I119 -> 28.320936 | ... AF71: =AF118+AF39-AF55-AF119 -> 71.089705
A72: March | B72: =B119+B40-B56-B120 -> 40.556655 | C72: =C119+C40-C56-C120 -> 20.256984 | D72: =D119+D40-D56-D120 -> 8.7161964 | E72: =E119+E40-E56-E120 -> 27.174295 | F72: =F119+F40-F56-F120 -> 26.693676 | G72: =G119+G40-G56-G120 -> 17.009585 | H72: =H119+H40-H56-H120 -> 43.643506 | I72: =I119+I40-I56-I120 -> 5.2507881 | ... AF72: =AF119+AF40-AF56-AF120 -> 69.229464
A73: April | B73: =B120+B41-B57-B121 -> 18.255924 | C73: =C120+C41-C57-C121 -> 23.003025 | D73: =D120+D41-D57-D121 -> 36.797804 | E73: =E120+E41-E57-E121 -> 37.660459 | F73: =F120+F41-F57-F121 -> 24.069883 | G73: =G120+G41-G57-G121 -> 6.1220723 | H73: =H120+H41-H57-H121 -> 41.887355 | I73: =I120+I41-I57-I121 -> 30.066418 | ... AF73: =AF120+AF41-AF57-AF121 -> 66.31659
A74: May | B74: =B121+B42-B58-B122 -> 31.55538 | C74: =C121+C42-C58-C122 -> 23.845032 | D74: =D121+D42-D58-D122 -> 21.850294 | E74: =E121+E42-E58-E122 -> 24.39001 | F74: =F121+F42-F58-F122 -> 5.4001197 | G74: =G121+G42-G58-G122 -> 29.163218 | H74: =H121+H42-H58-H122 -> 5.9859831 | I74: =I121+I42-I58-I122 -> 24.04694 | ... AF74: =AF121+AF42-AF58-AF122 -> 67.27502
A75: June | B75: =B122+B43-B59-B123 -> 14.901792 | C75: =C122+C43-C59-C123 -> 15.905973 | D75: =D122+D43-D59-D123 -> 28.637001 | E75: =E122+E43-E59-E123 -> 24.690302 | F75: =F122+F43-F59-F123 -> 22.717775 | G75: =G122+G43-G59-G123 -> 27.685325 | H75: =H122+H43-H59-H123 -> 36.149799 | I75: =I122+I43-I59-I123 -> 44.789043 | ... AF75: =AF122+AF43-AF59-AF123 -> 63.942103
A76: July | B76: =B123+B44-B60-B124 -> 30.748929 | C76: =C123+C44-C60-C124 -> 26.341182 | D76: =D123+D44-D60-D124 -> 28.466712 | E76: =E123+E44-E60-E124 -> 23.010812 | F76: =F123+F44-F60-F124 -> 27.542392 | G76: =G123+G44-G60-G124 -> 35.166634 | H76: =H123+H44-H60-H124 -> 39.996329 | I76: =I123+I44-I60-I124 -> 4.7274248 | ... AF76: =AF123+AF44-AF60-AF124 -> 40.814333
A77: August | B77: =B124+B45-B61-B125 -> 33.641751 | C77: =C124+C45-C61-C125 -> 20.75126 | D77: =D124+D45-D61-D125 -> 16.050866 | E77: =E124+E45-E61-E125 -> 39.163097 | F77: =F124+F45-F61-F125 -> 41.734593 | G77: =G124+G45-G61-G125 -> 57.880951 | H77: =H124+H45-H61-H125 -> 9.9652256 | I77: =I124+I45-I61-I125 -> 21.371636 | ... AF77: =AF124+AF45-AF61-AF125 -> 82.018691
A78: September | B78: =B125+B46-B62-B126 -> 31.375494 | C78: =C125+C46-C62-C126 -> 29.146432 | D78: =D125+D46-D62-D126 -> 30.572101 | E78: =E125+E46-E62-E126 -> 14.085062 | F78: =F125+F46-F62-F126 -> 22.998944 | G78: =G125+G46-G62-G126 -> 35.525561 | H78: =H125+H46-H62-H126 -> 44.444684 | I78: =I125+I46-I62-I126 -> 23.910796 | ... AF78: =AF125+AF46-AF62-AF126 -> 59.237448
A79: Total | B79: =SUM(B67:B78) -> #VALUE! | C79: =SUM(C67:C78) -> #VALUE! | D79: =SUM(D67:D78) -> #VALUE! | E79: =SUM(E67:E78) -> #VALUE! | F79: =SUM(F67:F78) -> #VALUE! | G79: =SUM(G67:G78) -> #VALUE! | H79: =SUM(H67:H78) -> #VALUE! | I79: =SUM(I67:I78) -> #VALUE! | ... AF79: =SUM(AF67:AF78) -> #VALUE!
A81: PALM KERNEL OIL BIODIESEL USAGE (Million Pounds)
B82: =B2 -> 93/94 | C82: =C2 -> 94/95 | D82: =D2 -> 95/96 | E82: =E2 -> 96/97 | F82: =F2 -> 97/98 | G82: =G2 -> 98/99 | H82: =H2 -> 99/00 | I82: =I2 -> 00/01 | ... AF82: =AF2 -> 23/24
A83: October
A84: November
A85: December
A86: January
A87: February
A88: March
A89: April
A90: May
A91: June
A92: July
A93: August
A94: September
... A97: PALM KERNEL OIL NON-BIODIESEL USAGE (Million Pounds)
B98: =B2 -> 93/94 | C98: =C2 -> 94/95 | D98: =D2 -> 95/96 | E98: =E2 -> 96/97 | F98: =F2 -> 97/98 | G98: =G2 -> 98/99 | H98: =H2 -> 99/00 | I98: =I2 -> 00/01 | ... AF98: =AF2 -> 23/24
A99: October
A100: November
A101: December
A102: January
A103: February
A104: March
A105: April
A106: May
A107: June
A108: July
...

Sheet Coconut Oil Price Analysis
B2: Average Price | C2: Stocks | D2: Usage (t+1) | E2: Stocks-to-Usage
A3: 37865 | B3: ='Coconut Oil Balance Sheet'!K141 -> 20.8823 | C3: ='Coconut Oil Balance Sheet'!K126 -> 216.3 | D3: ='Coconut Oil Balance Sheet'!L67+'Coconut Oil Balance Sheet'!L51 -> 89.080384 | E3: =C3/D3 -> 2.428144 | F3: =56.172*(E3^-0.394) -> 39.602423 | G3: =B3-F3 -> -18.720123
A4: 37895 | B4: ='Coconut Oil Balance Sheet'!L130 -> 22.1086 | C4: ='Coconut Oil Balance Sheet'!L115 -> 188.8 | D4: ='Coconut Oil Balance Sheet'!L68+'Coconut Oil Balance Sheet'!L52 -> 52.743156 | E4: =C4/D4 -> 3.5796114 | F4: =56.172*(E4^-0.394) -> 33.986665 | G4: =B4-F4 -> -11.878065
A5: 37926 | B5: ='Coconut Oil Balance Sheet'!L131 -> 25.25 | C5: ='Coconut Oil Balance Sheet'!L116 -> 186.1 | D5: ='Coconut Oil Balance Sheet'!L69+'Coconut Oil Balance Sheet'!L53 -> 70.712585 | E5: =C5/D5 -> 2.6317805 | F5: =56.172*(E5^-0.394) -> 38.365558 | G5: =B5-F5 -> -13.115558
A6: 37956 | B6: ='Coconut Oil Balance Sheet'!L132 -> 27.5357 | C6: ='Coconut Oil Balance Sheet'!L117 -> 167.2 | D6: ='Coconut Oil Balance Sheet'!L70+'Coconut Oil Balance Sheet'!L54 -> 58.222178 | E6: =C6/D6 -> 2.8717579 | F6: =56.172*(E6^-0.394) -> 37.068895 | G6: =B6-F6 -> -9.5331952
A7: 37987 | B7: ='Coconut Oil Balance Sheet'!L133 -> 28.175 | C7: ='Coconut Oil Balance Sheet'!L118 -> 160.243 | D7: ='Coconut Oil Balance Sheet'!L71+'Coconut Oil Balance Sheet'!L55 -> 86.93223 | E7: =C7/D7 -> 1.8433094 | F7: =56.172*(E7^-0.394) -> 44.144254 | G7: =B7-F7 -> -15.969254
A8: 38018 | B8: ='Coconut Oil Balance Sheet'!L134 -> 28.7638 | C8: ='Coconut Oil Balance Sheet'!L119 -> 192.6 | D8: ='Coconut Oil Balance Sheet'!L72+'Coconut Oil Balance Sheet'!L56 -> 72.045632 | E8: =C8/D8 -> 2.6733057 | F8: =56.172*(E8^-0.394) -> 38.129642 | G8: =B8-F8 -> -9.365842
A9: 38047 | B9: ='Coconut Oil Balance Sheet'!L135 -> 32.5 | C9: ='Coconut Oil Balance Sheet'!L120 -> 181.7 | D9: ='Coconut Oil Balance Sheet'!L73+'Coconut Oil Balance Sheet'!L57 -> 71.164894 | E9: =C9/D9 -> 2.5532252 | F9: =56.172*(E9^-0.394) -> 38.826369 | G9: =B9-F9 -> -6.3263686
A10: 38078 | B10: ='Coconut Oil Balance Sheet'!L136 -> 34.8809 | C10: ='Coconut Oil Balance Sheet'!L121 -> 131.3 | D10: ='Coconut Oil Balance Sheet'!L74+'Coconut Oil Balance Sheet'!L58 -> 84.391586 | E10: =C10/D10 -> 1.5558423 | F10: =56.172*(E10^-0.394) -> 47.193855 | G10: =B10-F10 -> -12.312955
A11: 38108 | B11: ='Coconut Oil Balance Sheet'!L137 -> 36.5 | C11: ='Coconut Oil Balance Sheet'!L122 -> 108.7 | D11: ='Coconut Oil Balance Sheet'!L75+'Coconut Oil Balance Sheet'!L59 -> 68.72587 | E11: =C11/D11 -> 1.581646 | F11: =56.172*(E11^-0.394) -> 46.888984 | G11: =B11-F11 -> -10.388984
A12: 38139 | B12: ='Coconut Oil Balance Sheet'!L138 -> 37.125 | C12: ='Coconut Oil Balance Sheet'!L123 -> 89.9 | D12: ='Coconut Oil Balance Sheet'!L76+'Coconut Oil Balance Sheet'!L60 -> 62.677992 | E12: =C12/D12 -> 1.4343152 | F12: =56.172*(E12^-0.394) -> 48.730617 | G12: =B12-F12 -> -11.605617
A13: 38169 | B13: ='Coconut Oil Balance Sheet'!L139 -> 36.2619 | C13: ='Coconut Oil Balance Sheet'!L124 -> 133.5 | D13: ='Coconut Oil Balance Sheet'!L77+'Coconut Oil Balance Sheet'!L61 -> 94.246263 | E13: =C13/D13 -> 1.4165018 | F13: =56.172*(E13^-0.394) -> 48.971154 | G13: =B13-F13 -> -12.709254
A14: 38200 | B14: ='Coconut Oil Balance Sheet'!L140 -> 33.3579 | C14: ='Coconut Oil Balance Sheet'!L125 -> 149.2 | D14: ='Coconut Oil Balance Sheet'!L78+'Coconut Oil Balance Sheet'!L62 -> 70.485877 | E14: =C14/D14 -> 2.1167361 | F14: =56.172*(E14^-0.394) -> 41.802976 | G14: =B14-F14 -> -8.445076
A15: 38231 | B15: ='Coconut Oil Balance Sheet'!L141 -> 32.6011 | C15: ='Coconut Oil Balance Sheet'!L126 -> 131.2 | D15: ='Coconut Oil Balance Sheet'!M67+'Coconut Oil Balance Sheet'!M51 -> 57.368947 | E15: =C15/D15 -> 2.2869515 | F15: =56.172*(E15^-0.394) -> 40.548299 | G15: =B15-F15 -> -7.9471994
A16: 38261 | B16: ='Coconut Oil Balance Sheet'!M130 -> 31.7202 | C16: ='Coconut Oil Balance Sheet'!M115 -> 147.7 | D16: ='Coconut Oil Balance Sheet'!M68+'Coconut Oil Balance Sheet'!M52 -> 68.837076 | E16: =C16/D16 -> 2.1456461 | F16: =56.172*(E16^-0.394) -> 41.580145 | G16: =B16-F16 -> -9.8599453
A17: 38292 | B17: ='Coconut Oil Balance Sheet'!M131 -> 32.1187 | C17: ='Coconut Oil Balance Sheet'!M116 -> 182.5 | D17: ='Coconut Oil Balance Sheet'!M69+'Coconut Oil Balance Sheet'!M53 -> 15.733694 | E17: =C17/D17 -> 11.59931 | F17: =56.172*(E17^-0.394) -> 21.386199 | G17: =B17-F17 -> 10.732501
A18: 38322 | B18: ='Coconut Oil Balance Sheet'!M132 -> 32.8571 | C18: ='Coconut Oil Balance Sheet'!M117 -> 225.9 | D18: ='Coconut Oil Balance Sheet'!M70+'Coconut Oil Balance Sheet'!M54 -> 94.102734 | E18: =C18/D18 -> 2.4005679 | F18: =56.172*(E18^-0.394) -> 39.781044 | G18: =B18-F18 -> -6.9239439
A19: 38353 | B19: ='Coconut Oil Balance Sheet'!M133 -> 31.8375 | C19: ='Coconut Oil Balance Sheet'!M118 -> 163.8 | D19: ='Coconut Oil Balance Sheet'!M71+'Coconut Oil Balance Sheet'!M55 -> 48.205127 | E19: =C19/D19 -> 3.3979788 | F19: =56.172*(E19^-0.394) -> 34.69117 | G19: =B19-F19 -> -2.8536697
A20: 38384 | B20: ='Coconut Oil Balance Sheet'!M134 -> 31.5 | C20: ='Coconut Oil Balance Sheet'!M119 -> 188.3 | D20: ='Coconut Oil Balance Sheet'!M72+'Coconut Oil Balance Sheet'!M56 -> 20.403687 | E20: =C20/D20 -> 9.228724 | F20: =56.172*(E20^-0.394) -> 23.402059 | G20: =B20-F20 -> 8.0979408
A21: 38412 | B21: ='Coconut Oil Balance Sheet'!M135 -> 31.9659 | C21: ='Coconut Oil Balance Sheet'!M120 -> 190.9 | D21: ='Coconut Oil Balance Sheet'!M73+'Coconut Oil Balance Sheet'!M57 -> 81.852164 | E21: =C21/D21 -> 2.3322535 | F21: =56.172*(E21^-0.394) -> 40.236133 | G21: =B21-F21 -> -8.2702332
A22: 38443 | B22: ='Coconut Oil Balance Sheet'!M136 -> 33.0357 | C22: ='Coconut Oil Balance Sheet'!M121 -> 170.6 | D22: ='Coconut Oil Balance Sheet'!M74+'Coconut Oil Balance Sheet'!M58 -> 66.56267 | E22: =C22/D22 -> 2.5629982 | F22: =56.172*(E22^-0.394) -> 38.76797 | G22: =B22-F22 -> -5.7322698
A23: 38473 | B23: ='Coconut Oil Balance Sheet'!M137 -> 32.113 | C23: ='Coconut Oil Balance Sheet'!M122 -> 187.6 | D23: ='Coconut Oil Balance Sheet'!M75+'Coconut Oil Balance Sheet'!M59 -> 107.66058 | E23: =C23/D23 -> 1.7425134 | F23: =56.172*(E23^-0.394) -> 45.133238 | G23: =B23-F23 -> -13.020238
A24: 38504 | B24: ='Coconut Oil Balance Sheet'!M138 -> 30.25 | C24: ='Coconut Oil Balance Sheet'!M123 -> 263.5 | D24: ='Coconut Oil Balance Sheet'!M76+'Coconut Oil Balance Sheet'!M60 -> 78.075412 | E24: =C24/D24 -> 3.3749422 | F24: =56.172*(E24^-0.394) -> 34.784275 | G24: =B24-F24 -> -4.5342746
A25: 38534 | B25: ='Coconut Oil Balance Sheet'!M139 -> 29.8125 | C25: ='Coconut Oil Balance Sheet'!M124 -> 250.3 | D25: ='Coconut Oil Balance Sheet'!M77+'Coconut Oil Balance Sheet'!M61 -> 95.002731 | E25: =C25/D25 -> 2.6346611 | F25: =56.172*(E25^-0.394) -> 38.349026 | G25: =B25-F25 -> -8.5365255
A26: 38565 | B26: ='Coconut Oil Balance Sheet'!M140 -> 27.9021 | C26: ='Coconut Oil Balance Sheet'!M125 -> 253.8 | D26: ='Coconut Oil Balance Sheet'!M78+'Coconut Oil Balance Sheet'!M62 -> 86.312655 | E26: =C26/D26 -> 2.9404726 | F26: =56.172*(E26^-0.394) -> 36.725146 | G26: =B26-F26 -> -8.8230463
A27: 38596 | B27: ='Coconut Oil Balance Sheet'!M141 -> 26.825 | C27: ='Coconut Oil Balance Sheet'!M126 -> 242.2 | D27: ='Coconut Oil Balance Sheet'!N67+'Coconut Oil Balance Sheet'!N51 -> 81.942713 | E27: =C27/D27 -> 2.9557235 | F27: =56.172*(E27^-0.394) -> 36.650369 | G27: =B27-F27 -> -9.8253688
A28: 38626 | B28: ='Coconut Oil Balance Sheet'!N130 -> 28.6428 | C28: ='Coconut Oil Balance Sheet'!N115 -> 239.5 | D28: ='Coconut Oil Balance Sheet'!N68+'Coconut Oil Balance Sheet'!N52 -> 83.421038 | E28: =C28/D28 -> 2.8709784 | F28: =56.172*(E28^-0.394) -> 37.07286 | G28: =B28-F28 -> -8.4300604
A29: 38657 | B29: ='Coconut Oil Balance Sheet'!N131 -> 28.25 | C29: ='Coconut Oil Balance Sheet'!N116 -> 255.1 | D29: ='Coconut Oil Balance Sheet'!N69+'Coconut Oil Balance Sheet'!N53 -> 107.30345 | E29: =C29/D29 -> 2.37737 | F29: =56.172*(E29^-0.394) -> 39.933535 | G29: =B29-F29 -> -11.683535
A30: 38687 | B30: ='Coconut Oil Balance Sheet'!N132 -> 26.9625 | C30: ='Coconut Oil Balance Sheet'!N117 -> 236.3 | D30: ='Coconut Oil Balance Sheet'!N70+'Coconut Oil Balance Sheet'!N54 -> 125.26478 | E30: =C30/D30 -> 1.8864042 | F30: =56.172*(E30^-0.394) -> 43.744131 | G30: =B30-F30 -> -16.781631
A31: 38718 | B31: ='Coconut Oil Balance Sheet'!N133 -> 27.6125 | C31: ='Coconut Oil Balance Sheet'!N118 -> 199.4 | D31: ='Coconut Oil Balance Sheet'!N71+'Coconut Oil Balance Sheet'!N55 -> 78.706846 | E31: =C31/D31 -> 2.5334518 | F31: =56.172*(E31^-0.394) -> 38.945484 | G31: =B31-F31 -> -11.332984
A32: 38749 | B32: ='Coconut Oil Balance Sheet'!N134 -> 28.3289 | C32: ='Coconut Oil Balance Sheet'!N119 -> 214.7 | D32: ='Coconut Oil Balance Sheet'!N72+'Coconut Oil Balance Sheet'!N56 -> 87.116596 | E32: =C32/D32 -> 2.4645132 | F32: =56.172*(E32^-0.394) -> 39.371124 | G32: =B32-F32 -> -11.042224
A33: 38777 | B33: ='Coconut Oil Balance Sheet'!N135 -> 28.1739 | C33: ='Coconut Oil Balance Sheet'!N120 -> 224.6 | D33: ='Coconut Oil Balance Sheet'!N73+'Coconut Oil Balance Sheet'!N57 -> 98.596084 | E33: =C33/D33 -> 2.2779809 | F33: =56.172*(E33^-0.394) -> 40.611137 | G33: =B33-F33 -> -12.437237
A34: 38808 | B34: ='Coconut Oil Balance Sheet'!N136 -> 28.5131 | C34: ='Coconut Oil Balance Sheet'!N121 -> 257.1 | D34: ='Coconut Oil Balance Sheet'!N74+'Coconut Oil Balance Sheet'!N58 -> 112.52832 | E34: =C34/D34 -> 2.2847582 | F34: =56.172*(E34^-0.394) -> 40.563632 | G34: =B34-F34 -> -12.050532
A35: 38838 | B35: ='Coconut Oil Balance Sheet'!N137 -> 28.5795 | C35: ='Coconut Oil Balance Sheet'!N122 -> 227.9 | D35: ='Coconut Oil Balance Sheet'!N75+'Coconut Oil Balance Sheet'!N59 -> 99.459461 | E35: =C35/D35 -> 2.2913858 | F35: =56.172*(E35^-0.394) -> 40.517364 | G35: =B35-F35 -> -11.937864
A36: 38869 | B36: ='Coconut Oil Balance Sheet'!N138 -> 27.8409 | C36: ='Coconut Oil Balance Sheet'!N123 -> 212.6 | D36: ='Coconut Oil Balance Sheet'!N76+'Coconut Oil Balance Sheet'!N60 -> 72.704733 | E36: =C36/D36 -> 2.9241563 | F36: =56.172*(E36^-0.394) -> 36.805749 | G36: =B36-F36 -> -8.964849
A37: 38899 | B37: ='Coconut Oil Balance Sheet'!N139 -> 28.3375 | C37: ='Coconut Oil Balance Sheet'!N124 -> 204.8 | D37: ='Coconut Oil Balance Sheet'!N77+'Coconut Oil Balance Sheet'!N61 -> 105.68857 | E37: =C37/D37 -> 1.9377686 | F37: =56.172*(E37^-0.394) -> 43.283556 | G37: =B37-F37 -> -14.946056
A38: 38930 | B38: ='Coconut Oil Balance Sheet'!N140 -> 29.826 | C38: ='Coconut Oil Balance Sheet'!N125 -> 202.7 | D38: ='Coconut Oil Balance Sheet'!N78+'Coconut Oil Balance Sheet'!N62 -> 78.228468 | E38: =C38/D38 -> 2.5911283 | F38: =56.172*(E38^-0.394) -> 38.601595 | G38: =B38-F38 -> -8.7755952
A39: 38961 | B39: ='Coconut Oil Balance Sheet'!N141 -> 29.625 | C39: ='Coconut Oil Balance Sheet'!N126 -> 222.2 | D39: ='Coconut Oil Balance Sheet'!O51+'Coconut Oil Balance Sheet'!O67 -> 112.31046 | E39: =C39/D39 -> 1.9784444 | F39: =56.172*(E39^-0.394) -> 42.930731 | G39: =B39-F39 -> -13.305731
A40: 38991 | B40: ='Coconut Oil Balance Sheet'!O130 -> 30.25 | C40: ='Coconut Oil Balance Sheet'!O115 -> 177 | D40: ='Coconut Oil Balance Sheet'!O52+'Coconut Oil Balance Sheet'!O68 -> 62.278784 | E40: =C40/D40 -> 2.8420594 | F40: =56.172*(E40^-0.394) -> 37.221034 | G40: =B40-F40 -> -6.9710335
A41: 39022 | B41: ='Coconut Oil Balance Sheet'!O131 -> 31.8 | C41: ='Coconut Oil Balance Sheet'!O116 -> 178.2 | D41: ='Coconut Oil Balance Sheet'!O53+'Coconut Oil Balance Sheet'!O69 -> 61.061619 | E41: =C41/D41 -> 2.9183635 | F41: =56.172*(E41^-0.394) -> 36.834516 | G41: =B41-F41 -> -5.0345162
A42: 39052 | B42: ='Coconut Oil Balance Sheet'!O132 -> 35.4875 | C42: ='Coconut Oil Balance Sheet'!O117 -> 214.5 | D42: ='Coconut Oil Balance Sheet'!O54+'Coconut Oil Balance Sheet'!O70 -> 89.127155 | E42: =C42/D42 -> 2.4066739 | F42: =56.172*(E42^-0.394) -> 39.741247 | G42: =B42-F42 -> -4.2537469
A43: 39083 | B43: ='Coconut Oil Balance Sheet'!O133 -> 35.5625 | C43: ='Coconut Oil Balance Sheet'!O118 -> 229 | D43: ='Coconut Oil Balance Sheet'!O55+'Coconut Oil Balance Sheet'!O71 -> 60.329351 | E43: =C43/D43 -> 3.7958307 | F43: =56.172*(E43^-0.394) -> 33.210315 | G43: =B43-F43 -> 2.3521849
A44: 39114 | B44: ='Coconut Oil Balance Sheet'!O134 -> 36.3421 | C44: ='Coconut Oil Balance Sheet'!O119 -> 231.8 | D44: ='Coconut Oil Balance Sheet'!O56+'Coconut Oil Balance Sheet'!O72 -> 86.864432 | E44: =C44/D44 -> 2.6685261 | F44: =56.172*(E44^-0.394) -> 38.156536 | G44: =B44-F44 -> -1.8144357
A45: 39142 | B45: ='Coconut Oil Balance Sheet'!O135 -> 36.7045 | C45: ='Coconut Oil Balance Sheet'!O120 -> 223.1 | D45: ='Coconut Oil Balance Sheet'!O57+'Coconut Oil Balance Sheet'!O73 -> 36.747621 | E45: =C45/D45 -> 6.0711413 | F45: =56.172*(E45^-0.394) -> 27.600146 | G45: =B45-F45 -> 9.1043544
A46: 39173 | B46: ='Coconut Oil Balance Sheet'!O136 -> 39 | C46: ='Coconut Oil Balance Sheet'!O121 -> 191.8 | D46: ='Coconut Oil Balance Sheet'!O58+'Coconut Oil Balance Sheet'!O74 -> 111.56755 | E46: =C46/D46 -> 1.7191379 | F46: =56.172*(E46^-0.394) -> 45.374042 | G46: =B46-F46 -> -6.3740422
A47: 39203 | B47: ='Coconut Oil Balance Sheet'!O137 -> 42.1363 | C47: ='Coconut Oil Balance Sheet'!O122 -> 157.7 | D47: ='Coconut Oil Balance Sheet'!O59+'Coconut Oil Balance Sheet'!O75 -> 119.27698 | E47: =C47/D47 -> 1.3221328 | F47: =56.172*(E47^-0.394) -> 50.319638 | G47: =B47-F47 -> -8.1833384
A48: 39234 | B48: ='Coconut Oil Balance Sheet'!O138 -> 48.1785 | C48: ='Coconut Oil Balance Sheet'!O123 -> 136.7 | D48: ='Coconut Oil Balance Sheet'!O60+'Coconut Oil Balance Sheet'!O76 -> 41.101548 | E48: =C48/D48 -> 3.3259088 | F48: =56.172*(E48^-0.394) -> 34.98543 | G48: =B48-F48 -> 13.19307
A49: 39264 | B49: ='Coconut Oil Balance Sheet'!O139 -> 45.3095 | C49: ='Coconut Oil Balance Sheet'!O124 -> 157.2 | D49: ='Coconut Oil Balance Sheet'!O61+'Coconut Oil Balance Sheet'!O77 -> 144.72558 | E49: =C49/D49 -> 1.0861936 | F49: =56.172*(E49^-0.394) -> 54.37164 | G49: =B49-F49 -> -9.0621403
A50: 39295 | B50: ='Coconut Oil Balance Sheet'!O140 -> 44.2826 | C50: ='Coconut Oil Balance Sheet'!O125 -> 127.6 | D50: ='Coconut Oil Balance Sheet'!O62+'Coconut Oil Balance Sheet'!O78 -> 83.274803 | E50: =C50/D50 -> 1.5322762 | F50: =56.172*(E50^-0.394) -> 47.478511 | G50: =B50-F50 -> -3.1959105
A51: 39326 | B51: ='Coconut Oil Balance Sheet'!O141 -> 44.2631 | C51: ='Coconut Oil Balance Sheet'!O126 -> 128.4 | D51: ='Coconut Oil Balance Sheet'!P67+'Coconut Oil Balance Sheet'!P51 -> 46.980204 | E51: =C51/D51 -> 2.733066 | F51: =56.172*(E51^-0.394) -> 37.79895 | G51: =B51-F51 -> 6.4641499
A52: 39356 | B52: ='Coconut Oil Balance Sheet'!P130 -> 47.5217 | C52: ='Coconut Oil Balance Sheet'!P115 -> 142.8 | D52: ='Coconut Oil Balance Sheet'!P68+'Coconut Oil Balance Sheet'!P52 -> 98.880038 | E52: =C52/D52 -> 1.4441742 | F52: =56.172*(E52^-0.394) -> 48.599273 | G52: =B52-F52 -> -1.077573
A53: 39387 | B53: ='Coconut Oil Balance Sheet'!P131 -> 52.375 | C53: ='Coconut Oil Balance Sheet'!P116 -> 212.6 | D53: ='Coconut Oil Balance Sheet'!P69+'Coconut Oil Balance Sheet'!P53 -> 98.356139 | E53: =C53/D53 -> 2.1615326 | F53: =56.172*(E53^-0.394) -> 41.45947 | G53: =B53-F53 -> 10.91553
A54: 39417 | B54: ='Coconut Oil Balance Sheet'!P132 -> 54.075 | C54: ='Coconut Oil Balance Sheet'!P117 -> 205.5 | D54: ='Coconut Oil Balance Sheet'!P70+'Coconut Oil Balance Sheet'!P54 -> 116.4276 | E54: =C54/D54 -> 1.7650453 | F54: =56.172*(E54^-0.394) -> 44.905349 | G54: =B54-F54 -> 9.169651
A55: 39448 | B55: ='Coconut Oil Balance Sheet'!P133 -> 60.3571 | C55: ='Coconut Oil Balance Sheet'!P118 -> 193.2 | D55: ='Coconut Oil Balance Sheet'!P71+'Coconut Oil Balance Sheet'!P55 -> 75.792607 | E55: =C55/D55 -> 2.5490613 | F55: =56.172*(E55^-0.394) -> 38.851345 | G55: =B55-F55 -> 21.505755
A56: 39479 | B56: ='Coconut Oil Balance Sheet'!P134 -> 64.3625 | C56: ='Coconut Oil Balance Sheet'!P119 -> 179.6 | D56: ='Coconut Oil Balance Sheet'!P72+'Coconut Oil Balance Sheet'!P56 -> 97.840979 | E56: =C56/D56 -> 1.8356317 | F56: =56.172*(E56^-0.394) -> 44.216909 | G56: =B56-F56 -> 20.145591
A57: 39508 | B57: ='Coconut Oil Balance Sheet'!P135 -> 72.075 | C57: ='Coconut Oil Balance Sheet'!P120 -> 186.8 | D57: ='Coconut Oil Balance Sheet'!P73+'Coconut Oil Balance Sheet'!P57 -> 90.340159 | E57: =C57/D57 -> 2.0677404 | F57: =56.172*(E57^-0.394) -> 42.190479 | G57: =B57-F57 -> 29.884521
A58: 39539 | B58: ='Coconut Oil Balance Sheet'!P136 -> 68.5931 | C58: ='Coconut Oil Balance Sheet'!P121 -> 223.9 | D58: ='Coconut Oil Balance Sheet'!P74+'Coconut Oil Balance Sheet'!P58 -> 91.001926 | E58: =C58/D58 -> 2.4603875 | F58: =56.172*(E58^-0.394) -> 39.397123 | G58: =B58-F58 -> 29.195977
A59: 39569 | B59: ='Coconut Oil Balance Sheet'!P137 -> 70.3809 | C59: ='Coconut Oil Balance Sheet'!P122 -> 204 | D59: ='Coconut Oil Balance Sheet'!P75+'Coconut Oil Balance Sheet'!P59 -> 112.97352 | E59: =C59/D59 -> 1.805733 | F59: =56.172*(E59^-0.394) -> 44.503934 | G59: =B59-F59 -> 25.876966
A60: 39600 | B60: ='Coconut Oil Balance Sheet'!P138 -> 74.6428 | C60: ='Coconut Oil Balance Sheet'!P123 -> 187.9 | D60: ='Coconut Oil Balance Sheet'!P76+'Coconut Oil Balance Sheet'!P60 -> 99.512741 | E60: =C60/D60 -> 1.8882004 | F60: =56.172*(E60^-0.394) -> 43.727731 | G60: =B60-F60 -> 30.915069
A61: 39630 | B61: ='Coconut Oil Balance Sheet'!P139 -> 69.7386 | C61: ='Coconut Oil Balance Sheet'!P124 -> 181.6 | D61: ='Coconut Oil Balance Sheet'!P77+'Coconut Oil Balance Sheet'!P61 -> 104.67217 | E61: =C61/D61 -> 1.7349406 | F61: =56.172*(E61^-0.394) -> 45.210754 | G61: =B61-F61 -> 24.527846
A62: 39661 | B62: ='Coconut Oil Balance Sheet'!P140 -> 57.7738 | C62: ='Coconut Oil Balance Sheet'!P125 -> 180.4 | D62: ='Coconut Oil Balance Sheet'!P78+'Coconut Oil Balance Sheet'!P62 -> 96.713697 | E62: =C62/D62 -> 1.8652994 | F62: =56.172*(E62^-0.394) -> 43.938473 | G62: =B62-F62 -> 13.835327
A63: 39692 | B63: ='Coconut Oil Balance Sheet'!P141 -> 53.9047 | C63: ='Coconut Oil Balance Sheet'!P126 -> 181.4 | D63: ='Coconut Oil Balance Sheet'!Q51+'Coconut Oil Balance Sheet'!Q67 -> 92.186012 | E63: =C63/D63 -> 1.9677606 | F63: =56.172*(E63^-0.394) -> 43.022418 | G63: =B63-F63 -> 10.882282
A64: 39722 | B64: ='Coconut Oil Balance Sheet'!Q130 -> 43.2608 | C64: ='Coconut Oil Balance Sheet'!Q115 -> 163.2 | D64: ='Coconut Oil Balance Sheet'!Q52+'Coconut Oil Balance Sheet'!Q68 -> 103.9423 | E64: =C64/D64 -> 1.5701019 | F64: =56.172*(E64^-0.394) -> 47.024514 | G64: =B64-F64 -> -3.7637138
A65: 39753 | B65: ='Coconut Oil Balance Sheet'!Q131 -> 35.9736 | C65: ='Coconut Oil Balance Sheet'!Q116 -> 174.6 | D65: ='Coconut Oil Balance Sheet'!Q53+'Coconut Oil Balance Sheet'!Q69 -> 59.088987 | E65: =C65/D65 -> 2.9548653 | F65: =56.172*(E65^-0.394) -> 36.654562 | G65: =B65-F65 -> -0.6809621
A66: 39783 | B66: ='Coconut Oil Balance Sheet'!Q132 -> 37.6363 | C66: ='Coconut Oil Balance Sheet'!Q117 -> 164.1 | D66: ='Coconut Oil Balance Sheet'!Q54+'Coconut Oil Balance Sheet'!Q70 -> 75.072389 | E66: =C66/D66 -> 2.1858902 | F66: =56.172*(E66^-0.394) -> 41.276828 | G66: =B66-F66 -> -3.6405283
A67: 39814 | B67: ='Coconut Oil Balance Sheet'!Q133 -> 36.375 | C67: ='Coconut Oil Balance Sheet'!Q118 -> 184.4 | D67: ='Coconut Oil Balance Sheet'!Q55+'Coconut Oil Balance Sheet'!Q71 -> 64.314113 | E67: =C67/D67 -> 2.8671778 | F67: =56.172*(E67^-0.394) -> 37.092215 | G67: =B67-F67 -> -0.71721453
A68: 39845 | B68: ='Coconut Oil Balance Sheet'!Q134 -> 33.2631 | C68: ='Coconut Oil Balance Sheet'!Q119 -> 216.3 | D68: ='Coconut Oil Balance Sheet'!Q56+'Coconut Oil Balance Sheet'!Q72 -> 66.295578 | E68: =C68/D68 -> 3.262661 | F68: =56.172*(E68^-0.394) -> 35.251089 | G68: =B68-F68 -> -1.9879888
A69: 39873 | B69: ='Coconut Oil Balance Sheet'!Q135 -> 31.7954 | C69: ='Coconut Oil Balance Sheet'!Q120 -> 167.9 | D69: ='Coconut Oil Balance Sheet'!Q57+'Coconut Oil Balance Sheet'!Q73 -> 86.451838 | E69: =C69/D69 -> 1.9421218 | F69: =56.172*(E69^-0.394) -> 43.245305 | G69: =B69-F69 -> -11.449905
A70: 39904 | B70: ='Coconut Oil Balance Sheet'!Q136 -> 35.3333 | C70: ='Coconut Oil Balance Sheet'!Q121 -> 144.6 | D70: ='Coconut Oil Balance Sheet'!Q58+'Coconut Oil Balance Sheet'!Q74 -> 79.822078 | E70: =C70/D70 -> 1.8115289 | F70: =56.172*(E70^-0.394) -> 44.447778 | G70: =B70-F70 -> -9.1144778
A71: 39934 | B71: ='Coconut Oil Balance Sheet'!Q137 -> 40.35 | C71: ='Coconut Oil Balance Sheet'!Q122 -> 138.7 | D71: ='Coconut Oil Balance Sheet'!Q59+'Coconut Oil Balance Sheet'!Q75 -> 55.567268 | E71: =C71/D71 -> 2.4960738 | F71: =56.172*(E71^-0.394) -> 39.17423 | G71: =B71-F71 -> 1.1757703
A72: 39965 | B72: ='Coconut Oil Balance Sheet'!Q138 -> 36.8409 | C72: ='Coconut Oil Balance Sheet'!Q123 -> 135.5 | D72: ='Coconut Oil Balance Sheet'!Q60+'Coconut Oil Balance Sheet'!Q76 -> 104.52432 | E72: =C72/D72 -> 1.296349 | F72: =56.172*(E72^-0.394) -> 50.711615 | G72: =B72-F72 -> -13.870715
A73: 39995 | B73: ='Coconut Oil Balance Sheet'!Q139 -> 33.9318 | C73: ='Coconut Oil Balance Sheet'!Q124 -> 133.9 | D73: ='Coconut Oil Balance Sheet'!Q61+'Coconut Oil Balance Sheet'!Q77 -> 132.0851 | E73: =C73/D73 -> 1.0137404 | F73: =56.172*(E73^-0.394) -> 55.870781 | G73: =B73-F73 -> -21.938981
A74: 40026 | B74: ='Coconut Oil Balance Sheet'!Q140 -> 36.0595 | C74: ='Coconut Oil Balance Sheet'!Q125 -> 103 | D74: ='Coconut Oil Balance Sheet'!Q62+'Coconut Oil Balance Sheet'!Q78 -> 37.226145 | E74: =C74/D74 -> 2.7668726 | F74: =56.172*(E74^-0.394) -> 37.616307 | G74: =B74-F74 -> -1.5568072
A75: 40057 | B75: ='Coconut Oil Balance Sheet'!Q141 -> 34.2142 | C75: ='Coconut Oil Balance Sheet'!Q126 -> 183 | D75: ='Coconut Oil Balance Sheet'!R51+'Coconut Oil Balance Sheet'!R67 -> 111.58947 | E75: =C75/D75 -> 1.6399397 | F75: =56.172*(E75^-0.394) -> 46.225083 | G75: =B75-F75 -> -12.010883
A76: 40087 | B76: ='Coconut Oil Balance Sheet'!R130 -> 34.9204 | C76: ='Coconut Oil Balance Sheet'!R115 -> 159.8 | D76: ='Coconut Oil Balance Sheet'!R52+'Coconut Oil Balance Sheet'!R68 -> 126.72235 | E76: =C76/D76 -> 1.2610246 | F76: =56.172*(E76^-0.394) -> 51.266634 | G76: =B76-F76 -> -16.346234
A77: 40118 | B77: ='Coconut Oil Balance Sheet'!R131 -> 35.675 | C77: ='Coconut Oil Balance Sheet'!R116 -> 155.4 | D77: ='Coconut Oil Balance Sheet'!R53+'Coconut Oil Balance Sheet'!R69 -> 68.055339 | E77: =C77/D77 -> 2.2834358 | F77: =56.172*(E77^-0.394) -> 40.572886 | G77: =B77-F77 -> -4.8978855
A78: 40148 | B78: ='Coconut Oil Balance Sheet'!R132 -> 37.3181 | C78: ='Coconut Oil Balance Sheet'!R117 -> 220.9 | D78: ='Coconut Oil Balance Sheet'!R54+'Coconut Oil Balance Sheet'!R70 -> 101.13595 | E78: =C78/D78 -> 2.1841888 | F78: =56.172*(E78^-0.394) -> 41.289494 | G78: =B78-F78 -> -3.971394
A79: 40179 | B79: ='Coconut Oil Balance Sheet'!R133 -> 37.6184 | C79: ='Coconut Oil Balance Sheet'!R118 -> 204.976 | D79: ='Coconut Oil Balance Sheet'!R55+'Coconut Oil Balance Sheet'!R71 -> 125.5738 | E79: =C79/D79 -> 1.6323151 | F79: =56.172*(E79^-0.394) -> 46.310036 | G79: =B79-F79 -> -8.6916358
A80: 40210 | B80: ='Coconut Oil Balance Sheet'!R134 -> 38.5 | C80: ='Coconut Oil Balance Sheet'!R119 -> 171.23 | D80: ='Coconut Oil Balance Sheet'!R56+'Coconut Oil Balance Sheet'!R72 -> 108.22695 | E80: =C80/D80 -> 1.5821382 | F80: =56.172*(E80^-0.394) -> 46.883237 | G80: =B80-F80 -> -8.3832365
A81: 40238 | B81: ='Coconut Oil Balance Sheet'!R135 -> 44.1521 | C81: ='Coconut Oil Balance Sheet'!R120 -> 137.734 | D81: ='Coconut Oil Balance Sheet'!R57+'Coconut Oil Balance Sheet'!R73 -> 97.000084 | E81: =C81/D81 -> 1.4199369 | F81: =56.172*(E81^-0.394) -> 48.924442 | G81: =B81-F81 -> -4.772342
A82: 40269 | B82: ='Coconut Oil Balance Sheet'!R136 -> 45.3095 | C82: ='Coconut Oil Balance Sheet'!R121 -> 119.791 | D82: ='Coconut Oil Balance Sheet'!R58+'Coconut Oil Balance Sheet'!R74 -> 142.06243 | E82: =C82/D82 -> 0.84322785 | F82: =56.172*(E82^-0.394) -> 60.075526 | G82: =B82-F82 -> -14.766026
A83: 40299 | B83: ='Coconut Oil Balance Sheet'!R137 -> 45.675 | C83: ='Coconut Oil Balance Sheet'!R122 -> 120.611 | D83: ='Coconut Oil Balance Sheet'!R59+'Coconut Oil Balance Sheet'!R75 -> 92.382274 | E83: =C83/D83 -> 1.3055643 | F83: =56.172*(E83^-0.394) -> 50.570281 | G83: =B83-F83 -> -4.8952811
A84: 40330 | B84: ='Coconut Oil Balance Sheet'!R138 -> 48 | C84: ='Coconut Oil Balance Sheet'!R123 -> 172.523 | D84: ='Coconut Oil Balance Sheet'!R60+'Coconut Oil Balance Sheet'!R76 -> 131.0991 | E84: =C84/D84 -> 1.3159739 | F84: =56.172*(E84^-0.394) -> 50.412294 | G84: =B84-F84 -> -2.4122939
A85: 40360 | B85: ='Coconut Oil Balance Sheet'!R139 -> 50.3809 | C85: ='Coconut Oil Balance Sheet'!R124 -> 179.713 | D85: ='Coconut Oil Balance Sheet'!R61+'Coconut Oil Balance Sheet'!R77 -> 137.42326 | E85: =C85/D85 -> 1.3077335 | F85: =56.172*(E85^-0.394) -> 50.537214 | G85: =B85-F85 -> -0.15631446
A86: 40391 | B86: ='Coconut Oil Balance Sheet'!R140 -> 56.0681 | C86: ='Coconut Oil Balance Sheet'!R125 -> 197.442 | D86: ='Coconut Oil Balance Sheet'!R62+'Coconut Oil Balance Sheet'!R78 -> 90.155739 | E86: =C86/D86 -> 2.1900103 | F86: =56.172*(E86^-0.394) -> 41.246215 | G86: =B86-F86 -> 14.821885
A87: 40422 | B87: ='Coconut Oil Balance Sheet'!R141 -> 61.3333 | C87: ='Coconut Oil Balance Sheet'!R126 -> 185.969 | D87: ='Coconut Oil Balance Sheet'!S51+'Coconut Oil Balance Sheet'!S67 -> 93.061749 | E87: =C87/D87 -> 1.9983398 | F87: =56.172*(E87^-0.394) -> 42.761818 | G87: =B87-F87 -> 18.571482
A88: 40452 | B88: ='Coconut Oil Balance Sheet'!S130 -> 68.6666 | C88: ='Coconut Oil Balance Sheet'!S115 -> 166.968 | D88: ='Coconut Oil Balance Sheet'!S52+'Coconut Oil Balance Sheet'!S68 -> 102.66988 | E88: =C88/D88 -> 1.6262609 | F88: =56.172*(E88^-0.394) -> 46.377886 | G88: =B88-F88 -> 22.288714
A89: 40483 | B89: ='Coconut Oil Balance Sheet'!S131 -> 72.9523 | C89: ='Coconut Oil Balance Sheet'!S116 -> 167.668 | D89: ='Coconut Oil Balance Sheet'!S53+'Coconut Oil Balance Sheet'!S69 -> 95.045656 | E89: =C89/D89 -> 1.7640785 | F89: =56.172*(E89^-0.394) -> 44.915044 | G89: =B89-F89 -> 28.037256
A90: 40513 | B90: ='Coconut Oil Balance Sheet'!S132 -> 82.0454 | C90: ='Coconut Oil Balance Sheet'!S117 -> 172.415 | D90: ='Coconut Oil Balance Sheet'!S54+'Coconut Oil Balance Sheet'!S70 -> 86.063886 | E90: =C90/D90 -> 2.0033374 | F90: =56.172*(E90^-0.394) -> 42.719757 | G90: =B90-F90 -> 39.325643
A91: 40544 | B91: ='Coconut Oil Balance Sheet'!S133 -> 96.025 | C91: ='Coconut Oil Balance Sheet'!S118 -> 150.165 | D91: ='Coconut Oil Balance Sheet'!S55+'Coconut Oil Balance Sheet'!S71 -> 118.70033 | E91: =C91/D91 -> 1.2650765 | F91: =56.172*(E91^-0.394) -> 51.201876 | G91: =B91-F91 -> 44.823124
A92: 40575 | B92: ='Coconut Oil Balance Sheet'!S134 -> 106.3157 | C92: ='Coconut Oil Balance Sheet'!S119 -> 162.669 | D92: ='Coconut Oil Balance Sheet'!S56+'Coconut Oil Balance Sheet'!S72 -> 132.01115 | E92: =C92/D92 -> 1.2322368 | F92: =56.172*(E92^-0.394) -> 51.735229 | G92: =B92-F92 -> 54.580471
A93: 40603 | B93: ='Coconut Oil Balance Sheet'!S135 -> 94.0217 | C93: ='Coconut Oil Balance Sheet'!S120 -> 154.592 | D93: ='Coconut Oil Balance Sheet'!S57+'Coconut Oil Balance Sheet'!S73 -> 72.158797 | E93: =C93/D93 -> 2.142386 | F93: =56.172*(E93^-0.394) -> 41.605063 | G93: =B93-F93 -> 52.416637
A94: 40634 | B94: ='Coconut Oil Balance Sheet'!S136 -> 98.5 | C94: ='Coconut Oil Balance Sheet'!S121 -> 150.03 | D94: ='Coconut Oil Balance Sheet'!S58+'Coconut Oil Balance Sheet'!S74 -> 99.164064 | E94: =C94/D94 -> 1.5129473 | F94: =56.172*(E94^-0.394) -> 47.71658 | G94: =B94-F94 -> 50.78342
A95: 40664 | B95: ='Coconut Oil Balance Sheet'!S137 -> 100.1666 | C95: ='Coconut Oil Balance Sheet'!S122 -> 157.636 | D95: ='Coconut Oil Balance Sheet'!S59+'Coconut Oil Balance Sheet'!S75 -> 92.970481 | E95: =C95/D95 -> 1.6955489 | F95: =56.172*(E95^-0.394) -> 45.621716 | G95: =B95-F95 -> 54.544884
A96: 40695 | B96: ='Coconut Oil Balance Sheet'!S138 -> 91.25 | C96: ='Coconut Oil Balance Sheet'!S123 -> 158.384 | D96: ='Coconut Oil Balance Sheet'!S60+'Coconut Oil Balance Sheet'!S76 -> 77.594208 | E96: =C96/D96 -> 2.0411833 | F96: =56.172*(E96^-0.394) -> 42.405909 | G96: =B96-F96 -> 48.844091
A97: 40725 | B97: ='Coconut Oil Balance Sheet'!S139 -> 79.225 | C97: ='Coconut Oil Balance Sheet'!S124 -> 190.91 | D97: ='Coconut Oil Balance Sheet'!S61+'Coconut Oil Balance Sheet'!S77 -> 69.747314 | E97: =C97/D97 -> 2.7371663 | F97: =56.172*(E97^-0.394) -> 37.77663 | G97: =B97-F97 -> 41.44837
A98: 40756 | B98: ='Coconut Oil Balance Sheet'!S140 -> 70.2173 | C98: ='Coconut Oil Balance Sheet'!S125 -> 186.955 | D98: ='Coconut Oil Balance Sheet'!S62+'Coconut Oil Balance Sheet'!S78 -> 40.786077 | E98: =C98/D98 -> 4.5837947 | F98: =56.172*(E98^-0.394) -> 30.831679 | G98: =B98-F98 -> 39.385621
A99: 40787 | B99: ='Coconut Oil Balance Sheet'!S141 -> 63.6904 | C99: ='Coconut Oil Balance Sheet'!S126 -> 183 | D99: ='Coconut Oil Balance Sheet'!T51+'Coconut Oil Balance Sheet'!T67 -> 112.52829 | E99: =C99/D99 -> 1.6262577 | F99: =56.172*(E99^-0.394) -> 46.377921 | G99: =B99-F99 -> 17.312479
A100: 40817 | B100: ='Coconut Oil Balance Sheet'!T130 -> 58.2857 | C100: ='Coconut Oil Balance Sheet'!T115 -> 181.5 | D100: ='Coconut Oil Balance Sheet'!T52+'Coconut Oil Balance Sheet'!T68 -> 106.51629 | E100: =C100/D100 -> 1.7039648 | F100: =56.172*(E100^-0.394) -> 45.532805 | G100: =B100-F100 -> 12.752895
A101: 40848 | B101: ='Coconut Oil Balance Sheet'!T131 -> 70.9523 | C101: ='Coconut Oil Balance Sheet'!T116 -> 180 | D101: ='Coconut Oil Balance Sheet'!T53+'Coconut Oil Balance Sheet'!T69 -> 80.904091 | E101: =C101/D101 -> 2.2248566 | F101: =56.172*(E101^-0.394) -> 40.990469 | G101: =B101-F101 -> 29.961831
...

Sheet Palm Kernel Oil Price Analysis
B2: Average Price | C2: Stocks | D2: Usage (t+1) | E2: Stocks-to-Usage | F2: Coconut - Palm
A3: 38808 | B3: ='Palm Kernel Oil Balance Sheet'!N136 -> 29.9821 | C3: ='Palm Kernel Oil Balance Sheet'!N121 -> 111.7 | D3: ='Palm Kernel Oil Balance Sheet'!N74+'Palm Kernel Oil Balance Sheet'!N58 -> 50.730138 | E3: =C3/D3 -> 2.2018469 | F3: ='Coconut Oil Price Analysis'!B34-'Palm Kernel Oil Price Analysis'!B3 -> -1.469
A4: 38838 | B4: ='Palm Kernel Oil Balance Sheet'!N137 -> 28.909 | C4: ='Palm Kernel Oil Balance Sheet'!N122 -> 102.4 | D4: ='Palm Kernel Oil Balance Sheet'!N75+'Palm Kernel Oil Balance Sheet'!N59 -> 32.777463 | E4: =C4/D4 -> 3.1240978 | F4: ='Coconut Oil Price Analysis'!B35-'Palm Kernel Oil Price Analysis'!B4 -> -0.3295
A5: 38869 | B5: ='Palm Kernel Oil Balance Sheet'!N138 -> 27.5227 | C5: ='Palm Kernel Oil Balance Sheet'!N123 -> 103.9 | D5: ='Palm Kernel Oil Balance Sheet'!N76+'Palm Kernel Oil Balance Sheet'!N60 -> 35.294855 | E5: =C5/D5 -> 2.9437718 | F5: ='Coconut Oil Price Analysis'!B36-'Palm Kernel Oil Price Analysis'!B5 -> 0.3182
A6: 38899 | B6: ='Palm Kernel Oil Balance Sheet'!N139 -> 29.175 | C6: ='Palm Kernel Oil Balance Sheet'!N124 -> 104.1 | D6: ='Palm Kernel Oil Balance Sheet'!N77+'Palm Kernel Oil Balance Sheet'!N61 -> 43.422574 | E6: =C6/D6 -> 2.3973705 | F6: ='Coconut Oil Price Analysis'!B37-'Palm Kernel Oil Price Analysis'!B6 -> -0.8375
A7: 38930 | B7: ='Palm Kernel Oil Balance Sheet'!N140 -> 29.5217 | C7: ='Palm Kernel Oil Balance Sheet'!N125 -> 87.3 | D7: ='Palm Kernel Oil Balance Sheet'!N78+'Palm Kernel Oil Balance Sheet'!N62 -> 72.355986 | E7: =C7/D7 -> 1.2065346 | F7: ='Coconut Oil Price Analysis'!B38-'Palm Kernel Oil Price Analysis'!B7 -> 0.3043
A8: 38961 | B8: ='Palm Kernel Oil Balance Sheet'!N141 -> 28.2 | C8: ='Palm Kernel Oil Balance Sheet'!N126 -> 75.6 | D8: ='Palm Kernel Oil Balance Sheet'!O51+'Palm Kernel Oil Balance Sheet'!O67 -> 75.6 | E8: =C8/D8 -> 1 | F8: ='Coconut Oil Price Analysis'!B39-'Palm Kernel Oil Price Analysis'!B8 -> 1.425
A9: 38991 | B9: ='Palm Kernel Oil Balance Sheet'!O130 -> 28.8295 | C9: ='Palm Kernel Oil Balance Sheet'!O115 -> 06/07 | D9: ='Palm Kernel Oil Balance Sheet'!O52+'Palm Kernel Oil Balance Sheet'!O68 -> 45808.461 | E9: =C9/D9 -> 1.0001427 | F9: ='Coconut Oil Price Analysis'!B40-'Palm Kernel Oil Price Analysis'!B9 -> 1.4205
A10: 39022 | B10: ='Palm Kernel Oil Balance Sheet'!O131 -> 31.275 | C10: ='Palm Kernel Oil Balance Sheet'!O116 -> 70.7 | D10: ='Palm Kernel Oil Balance Sheet'!O53+'Palm Kernel Oil Balance Sheet'!O69 -> 25.039356 | E10: =C10/D10 -> 2.823555 | F10: ='Coconut Oil Price Analysis'!B41-'Palm Kernel Oil Price Analysis'!B10 -> 0.525
A11: 39052 | B11: ='Palm Kernel Oil Balance Sheet'!O132 -> 34.15 | C11: ='Palm Kernel Oil Balance Sheet'!O117 -> 81.9 | D11: ='Palm Kernel Oil Balance Sheet'!O54+'Palm Kernel Oil Balance Sheet'!O70 -> 54.272458 | E11: =C11/D11 -> 1.5090527 | F11: ='Coconut Oil Price Analysis'!B42-'Palm Kernel Oil Price Analysis'!B11 -> 1.3375
A12: 39083 | B12: ='Palm Kernel Oil Balance Sheet'!O133 -> 34.8375 | C12: ='Palm Kernel Oil Balance Sheet'!O118 -> 103.2 | D12: ='Palm Kernel Oil Balance Sheet'!O55+'Palm Kernel Oil Balance Sheet'!O71 -> 87.684346 | E12: =C12/D12 -> 1.176949 | F12: ='Coconut Oil Price Analysis'!B43-'Palm Kernel Oil Price Analysis'!B12 -> 0.725
A13: 39114 | B13: ='Palm Kernel Oil Balance Sheet'!O134 -> 35.1315 | C13: ='Palm Kernel Oil Balance Sheet'!O119 -> 87.4 | D13: ='Palm Kernel Oil Balance Sheet'!O56+'Palm Kernel Oil Balance Sheet'!O72 -> 51.334833 | E13: =C13/D13 -> 1.7025477 | F13: ='Coconut Oil Price Analysis'!B44-'Palm Kernel Oil Price Analysis'!B13 -> 1.2106
A14: 39142 | B14: ='Palm Kernel Oil Balance Sheet'!O135 -> 35.8863 | C14: ='Palm Kernel Oil Balance Sheet'!O120 -> 76.1 | D14: ='Palm Kernel Oil Balance Sheet'!O57+'Palm Kernel Oil Balance Sheet'!O73 -> 62.622572 | E14: =C14/D14 -> 1.2152168 | F14: ='Coconut Oil Price Analysis'!B45-'Palm Kernel Oil Price Analysis'!B14 -> 0.8182
A15: 39173 | B15: ='Palm Kernel Oil Balance Sheet'!O136 -> 39.8375 | C15: ='Palm Kernel Oil Balance Sheet'!O121 -> 69.3 | D15: ='Palm Kernel Oil Balance Sheet'!O58+'Palm Kernel Oil Balance Sheet'!O74 -> 51.336082 | E15: =C15/D15 -> 1.3499277 | F15: ='Coconut Oil Price Analysis'!B46-'Palm Kernel Oil Price Analysis'!B15 -> -0.8375
A16: 39203 | B16: ='Palm Kernel Oil Balance Sheet'!O137 -> 42.875 | C16: ='Palm Kernel Oil Balance Sheet'!O122 -> 56.2 | D16: ='Palm Kernel Oil Balance Sheet'!O59+'Palm Kernel Oil Balance Sheet'!O75 -> 46.568094 | E16: =C16/D16 -> 1.2068349 | F16: ='Coconut Oil Price Analysis'!B47-'Palm Kernel Oil Price Analysis'!B16 -> -0.7387
A17: 39234 | B17: ='Palm Kernel Oil Balance Sheet'!O138 -> 47.6904 | C17: ='Palm Kernel Oil Balance Sheet'!O123 -> 69.3 | D17: ='Palm Kernel Oil Balance Sheet'!O60+'Palm Kernel Oil Balance Sheet'!O76 -> 59.448687 | E17: =C17/D17 -> 1.1657112 | F17: ='Coconut Oil Price Analysis'!B48-'Palm Kernel Oil Price Analysis'!B17 -> 0.4881
A18: 39264 | B18: ='Palm Kernel Oil Balance Sheet'!O139 -> 47.4523 | C18: ='Palm Kernel Oil Balance Sheet'!O124 -> 74.4 | D18: ='Palm Kernel Oil Balance Sheet'!O61+'Palm Kernel Oil Balance Sheet'!O77 -> 34.316679 | E18: =C18/D18 -> 2.1680419 | F18: ='Coconut Oil Price Analysis'!B49-'Palm Kernel Oil Price Analysis'!B18 -> -2.1428
A19: 39295 | B19: ='Palm Kernel Oil Balance Sheet'!O140 -> 46.8695 | C19: ='Palm Kernel Oil Balance Sheet'!O125 -> 107.5 | D19: ='Palm Kernel Oil Balance Sheet'!O62+'Palm Kernel Oil Balance Sheet'!O78 -> 55.506089 | E19: =C19/D19 -> 1.9367245 | F19: ='Coconut Oil Price Analysis'!B50-'Palm Kernel Oil Price Analysis'!B19 -> -2.5869
A20: 39326 | B20: ='Palm Kernel Oil Balance Sheet'!O141 -> 47.6315 | C20: ='Palm Kernel Oil Balance Sheet'!O126 -> 78.9 | D20: ='Palm Kernel Oil Balance Sheet'!P67+'Palm Kernel Oil Balance Sheet'!P51 -> 78.9 | E20: =C20/D20 -> 1 | F20: ='Coconut Oil Price Analysis'!B51-'Palm Kernel Oil Price Analysis'!B20 -> -3.3684
A21: 39356 | B21: ='Palm Kernel Oil Balance Sheet'!P130 -> 50.8913 | C21: ='Palm Kernel Oil Balance Sheet'!P115 -> 07/08 | D21: ='Palm Kernel Oil Balance Sheet'!P68+'Palm Kernel Oil Balance Sheet'!P52 -> 45817.812 | E21: =C21/D21 -> 1.0006152 | F21: ='Coconut Oil Price Analysis'!B52-'Palm Kernel Oil Price Analysis'!B21 -> -3.3696
A22: 39387 | B22: ='Palm Kernel Oil Balance Sheet'!P131 -> 55.425 | C22: ='Palm Kernel Oil Balance Sheet'!P116 -> 66.4 | D22: ='Palm Kernel Oil Balance Sheet'!P69+'Palm Kernel Oil Balance Sheet'!P53 -> 40.323485 | E22: =C22/D22 -> 1.6466831 | F22: ='Coconut Oil Price Analysis'!B53-'Palm Kernel Oil Price Analysis'!B22 -> -3.05
A23: 39417 | B23: ='Palm Kernel Oil Balance Sheet'!P132 -> 57.6 | C23: ='Palm Kernel Oil Balance Sheet'!P117 -> 73.1 | D23: ='Palm Kernel Oil Balance Sheet'!P70+'Palm Kernel Oil Balance Sheet'!P54 -> 41.777082 | E23: =C23/D23 -> 1.7497632 | F23: ='Coconut Oil Price Analysis'!B54-'Palm Kernel Oil Price Analysis'!B23 -> -3.525
A24: 39448 | B24: ='Palm Kernel Oil Balance Sheet'!P133 -> 64.8095 | C24: ='Palm Kernel Oil Balance Sheet'!P118 -> 79.9 | D24: ='Palm Kernel Oil Balance Sheet'!P71+'Palm Kernel Oil Balance Sheet'!P55 -> 52.465244 | E24: =C24/D24 -> 1.522913 | F24: ='Coconut Oil Price Analysis'!B55-'Palm Kernel Oil Price Analysis'!B24 -> -4.4524
A25: 39479 | B25: ='Palm Kernel Oil Balance Sheet'!P134 -> 69.225 | C25: ='Palm Kernel Oil Balance Sheet'!P119 -> 82.7 | D25: ='Palm Kernel Oil Balance Sheet'!P72+'Palm Kernel Oil Balance Sheet'!P56 -> 24.133204 | E25: =C25/D25 -> 3.4268139 | F25: ='Coconut Oil Price Analysis'!B56-'Palm Kernel Oil Price Analysis'!B25 -> -4.8625
A26: 39508 | B26: ='Palm Kernel Oil Balance Sheet'!P135 -> 70.825 | C26: ='Palm Kernel Oil Balance Sheet'!P120 -> 80.1 | D26: ='Palm Kernel Oil Balance Sheet'!P73+'Palm Kernel Oil Balance Sheet'!P57 -> 28.56618 | E26: =C26/D26 -> 2.8040151 | F26: ='Coconut Oil Price Analysis'!B57-'Palm Kernel Oil Price Analysis'!B26 -> 1.25
A27: 39539 | B27: ='Palm Kernel Oil Balance Sheet'!P136 -> 69.1818 | C27: ='Palm Kernel Oil Balance Sheet'!P121 -> 94.1 | D27: ='Palm Kernel Oil Balance Sheet'!P74+'Palm Kernel Oil Balance Sheet'!P58 -> 34.731175 | E27: =C27/D27 -> 2.7093814 | F27: ='Coconut Oil Price Analysis'!B58-'Palm Kernel Oil Price Analysis'!B27 -> -0.5887
A28: 39569 | B28: ='Palm Kernel Oil Balance Sheet'!P137 -> 71.3452 | C28: ='Palm Kernel Oil Balance Sheet'!P122 -> 99.5 | D28: ='Palm Kernel Oil Balance Sheet'!P75+'Palm Kernel Oil Balance Sheet'!P59 -> 37.314983 | E28: =C28/D28 -> 2.6664892 | F28: ='Coconut Oil Price Analysis'!B59-'Palm Kernel Oil Price Analysis'!B28 -> -0.9643
A29: 39600 | B29: ='Palm Kernel Oil Balance Sheet'!P138 -> 72.5 | C29: ='Palm Kernel Oil Balance Sheet'!P123 -> 99 | D29: ='Palm Kernel Oil Balance Sheet'!P76+'Palm Kernel Oil Balance Sheet'!P60 -> 47.802108 | E29: =C29/D29 -> 2.0710384 | F29: ='Coconut Oil Price Analysis'!B60-'Palm Kernel Oil Price Analysis'!B29 -> 2.1428
A30: 39630 | B30: ='Palm Kernel Oil Balance Sheet'!P139 -> 67.2727 | C30: ='Palm Kernel Oil Balance Sheet'!P124 -> 96 | D30: ='Palm Kernel Oil Balance Sheet'!P77+'Palm Kernel Oil Balance Sheet'!P61 -> 59.846388 | E30: =C30/D30 -> 1.6041068 | F30: ='Coconut Oil Price Analysis'!B61-'Palm Kernel Oil Price Analysis'!B30 -> 2.4659
A31: 39661 | B31: ='Palm Kernel Oil Balance Sheet'!P140 -> 54.8571 | C31: ='Palm Kernel Oil Balance Sheet'!P125 -> 79 | D31: ='Palm Kernel Oil Balance Sheet'!P78+'Palm Kernel Oil Balance Sheet'!P62 -> 36.713842 | E31: =C31/D31 -> 2.1517769 | F31: ='Coconut Oil Price Analysis'!B62-'Palm Kernel Oil Price Analysis'!B31 -> 2.9167
A32: 39692 | B32: ='Palm Kernel Oil Balance Sheet'!P141 -> 50.7857 | C32: ='Palm Kernel Oil Balance Sheet'!P126 -> 92.8 | D32: ='Palm Kernel Oil Balance Sheet'!Q51+'Palm Kernel Oil Balance Sheet'!Q67 -> 92.8 | E32: =C32/D32 -> 1 | F32: ='Coconut Oil Price Analysis'!B63-'Palm Kernel Oil Price Analysis'!B32 -> 3.119
A33: 39722 | B33: ='Palm Kernel Oil Balance Sheet'!Q130 -> 40.9565 | C33: ='Palm Kernel Oil Balance Sheet'!Q115 -> 08/09 | D33: ='Palm Kernel Oil Balance Sheet'!Q52+'Palm Kernel Oil Balance Sheet'!Q68 -> 45882.213 | E33: =C33/D33 -> 0.99990817 | F33: ='Coconut Oil Price Analysis'!B64-'Palm Kernel Oil Price Analysis'!B33 -> 2.3043
A34: 39753 | B34: ='Palm Kernel Oil Balance Sheet'!Q131 -> 29.3684 | C34: ='Palm Kernel Oil Balance Sheet'!Q116 -> 70.7 | D34: ='Palm Kernel Oil Balance Sheet'!Q53+'Palm Kernel Oil Balance Sheet'!Q69 -> 61.234276 | E34: =C34/D34 -> 1.1545821 | F34: ='Coconut Oil Price Analysis'!B65-'Palm Kernel Oil Price Analysis'!B34 -> 6.6052
A35: 39783 | B35: ='Palm Kernel Oil Balance Sheet'!Q132 -> 29.4772 | C35: ='Palm Kernel Oil Balance Sheet'!Q117 -> 79.8 | D35: ='Palm Kernel Oil Balance Sheet'!Q54+'Palm Kernel Oil Balance Sheet'!Q70 -> 67.642934 | E35: =C35/D35 -> 1.1797241 | F35: ='Coconut Oil Price Analysis'!B66-'Palm Kernel Oil Price Analysis'!B35 -> 8.1591
A36: 39814 | B36: ='Palm Kernel Oil Balance Sheet'!Q133 -> 31.975 | C36: ='Palm Kernel Oil Balance Sheet'!Q118 -> 56.8 | D36: ='Palm Kernel Oil Balance Sheet'!Q55+'Palm Kernel Oil Balance Sheet'!Q71 -> 52.303023 | E36: =C36/D36 -> 1.0859793 | F36: ='Coconut Oil Price Analysis'!B67-'Palm Kernel Oil Price Analysis'!B36 -> 4.4
A37: 39845 | B37: ='Palm Kernel Oil Balance Sheet'!Q134 -> 32.0263 | C37: ='Palm Kernel Oil Balance Sheet'!Q119 -> 94 | D37: ='Palm Kernel Oil Balance Sheet'!Q56+'Palm Kernel Oil Balance Sheet'!Q72 -> 76.410948 | E37: =C37/D37 -> 1.2301902 | F37: ='Coconut Oil Price Analysis'!B68-'Palm Kernel Oil Price Analysis'!B37 -> 1.2368
A38: 39873 | B38: ='Palm Kernel Oil Balance Sheet'!Q135 -> 31.909 | C38: ='Palm Kernel Oil Balance Sheet'!Q120 -> 90.4 | D38: ='Palm Kernel Oil Balance Sheet'!Q57+'Palm Kernel Oil Balance Sheet'!Q73 -> 41.0145 | E38: =C38/D38 -> 2.2040986 | F38: ='Coconut Oil Price Analysis'!B69-'Palm Kernel Oil Price Analysis'!B38 -> -0.1136
A39: 39904 | B39: ='Palm Kernel Oil Balance Sheet'!Q136 -> 38.3095 | C39: ='Palm Kernel Oil Balance Sheet'!Q121 -> 118.3 | D39: ='Palm Kernel Oil Balance Sheet'!Q58+'Palm Kernel Oil Balance Sheet'!Q74 -> 58.35995 | E39: =C39/D39 -> 2.0270751 | F39: ='Coconut Oil Price Analysis'!B70-'Palm Kernel Oil Price Analysis'!B39 -> -2.9762
A40: 39934 | B40: ='Palm Kernel Oil Balance Sheet'!Q137 -> 42.375 | C40: ='Palm Kernel Oil Balance Sheet'!Q122 -> 101.7 | D40: ='Palm Kernel Oil Balance Sheet'!Q59+'Palm Kernel Oil Balance Sheet'!Q75 -> 66.813155 | E40: =C40/D40 -> 1.5221553 | F40: ='Coconut Oil Price Analysis'!B71-'Palm Kernel Oil Price Analysis'!B40 -> -2.025
A41: 39965 | B41: ='Palm Kernel Oil Balance Sheet'!Q138 -> 40.875 | C41: ='Palm Kernel Oil Balance Sheet'!Q123 -> 118.5 | D41: ='Palm Kernel Oil Balance Sheet'!Q60+'Palm Kernel Oil Balance Sheet'!Q76 -> 64.165454 | E41: =C41/D41 -> 1.8467882 | F41: ='Coconut Oil Price Analysis'!B72-'Palm Kernel Oil Price Analysis'!B41 -> -4.0341
A42: 39995 | B42: ='Palm Kernel Oil Balance Sheet'!Q139 -> 35.5909 | C42: ='Palm Kernel Oil Balance Sheet'!Q124 -> 98.3 | D42: ='Palm Kernel Oil Balance Sheet'!Q61+'Palm Kernel Oil Balance Sheet'!Q77 -> 45.94209 | E42: =C42/D42 -> 2.1396501 | F42: ='Coconut Oil Price Analysis'!B73-'Palm Kernel Oil Price Analysis'!B42 -> -1.6591
A43: 40026 | B43: ='Palm Kernel Oil Balance Sheet'!Q140 -> 38.9166 | C43: ='Palm Kernel Oil Balance Sheet'!Q125 -> 83.3 | D43: ='Palm Kernel Oil Balance Sheet'!Q62+'Palm Kernel Oil Balance Sheet'!Q78 -> 58.711148 | E43: =C43/D43 -> 1.4188106 | F43: ='Coconut Oil Price Analysis'!B74-'Palm Kernel Oil Price Analysis'!B43 -> -2.8571
A44: 40057 | B44: ='Palm Kernel Oil Balance Sheet'!Q141 -> 38.2857 | C44: ='Palm Kernel Oil Balance Sheet'!Q126 -> 77.5 | D44: ='Palm Kernel Oil Balance Sheet'!R51+'Palm Kernel Oil Balance Sheet'!R67 -> 77.5 | E44: =C44/D44 -> 1 | F44: ='Coconut Oil Price Analysis'!B75-'Palm Kernel Oil Price Analysis'!B44 -> -4.0715
A45: 40087 | B45: ='Palm Kernel Oil Balance Sheet'!R130 -> 38.3863 | C45: ='Palm Kernel Oil Balance Sheet'!R115 -> 09/10 | D45: ='Palm Kernel Oil Balance Sheet'!R52+'Palm Kernel Oil Balance Sheet'!R68 -> 45886.975 | E45: =C45/D45 -> 1.0005018 | F45: ='Coconut Oil Price Analysis'!B76-'Palm Kernel Oil Price Analysis'!B45 -> -3.4659
A46: 40118 | B46: ='Palm Kernel Oil Balance Sheet'!R131 -> 40.4875 | C46: ='Palm Kernel Oil Balance Sheet'!R116 -> 49.2 | D46: ='Palm Kernel Oil Balance Sheet'!R53+'Palm Kernel Oil Balance Sheet'!R69 -> 50.509673 | E46: =C46/D46 -> 0.97407085 | F46: ='Coconut Oil Price Analysis'!B77-'Palm Kernel Oil Price Analysis'!B46 -> -4.8125
A47: 40148 | B47: ='Palm Kernel Oil Balance Sheet'!R132 -> 44.1931 | C47: ='Palm Kernel Oil Balance Sheet'!R117 -> 63.7 | D47: ='Palm Kernel Oil Balance Sheet'!R54+'Palm Kernel Oil Balance Sheet'!R70 -> 49.096398 | E47: =C47/D47 -> 1.2974475 | F47: ='Coconut Oil Price Analysis'!B78-'Palm Kernel Oil Price Analysis'!B47 -> -6.875
A48: 40179 | B48: ='Palm Kernel Oil Balance Sheet'!R133 -> 45.921 | C48: ='Palm Kernel Oil Balance Sheet'!R118 -> 50.1 | D48: ='Palm Kernel Oil Balance Sheet'!R55+'Palm Kernel Oil Balance Sheet'!R71 -> 27.467293 | E48: =C48/D48 -> 1.8239875 | F48: ='Coconut Oil Price Analysis'!B79-'Palm Kernel Oil Price Analysis'!B48 -> -8.3026
A49: 40210 | B49: ='Palm Kernel Oil Balance Sheet'!R134 -> 46.421 | C49: ='Palm Kernel Oil Balance Sheet'!R119 -> 96.333 | D49: ='Palm Kernel Oil Balance Sheet'!R56+'Palm Kernel Oil Balance Sheet'!R72 -> 82.130815 | E49: =C49/D49 -> 1.1729215 | F49: ='Coconut Oil Price Analysis'!B80-'Palm Kernel Oil Price Analysis'!B49 -> -7.921
A50: 40238 | B50: ='Palm Kernel Oil Balance Sheet'!R135 -> 52.4891 | C50: ='Palm Kernel Oil Balance Sheet'!R120 -> 72.43 | D50: ='Palm Kernel Oil Balance Sheet'!R57+'Palm Kernel Oil Balance Sheet'!R73 -> 55.181304 | E50: =C50/D50 -> 1.3125823 | F50: ='Coconut Oil Price Analysis'!B81-'Palm Kernel Oil Price Analysis'!B50 -> -8.337
A51: 40269 | B51: ='Palm Kernel Oil Balance Sheet'!R136 -> 53.3571 | C51: ='Palm Kernel Oil Balance Sheet'!R121 -> 72.924 | D51: ='Palm Kernel Oil Balance Sheet'!R58+'Palm Kernel Oil Balance Sheet'!R74 -> 76.623126 | E51: =C51/D51 -> 0.95172312 | F51: ='Coconut Oil Price Analysis'!B82-'Palm Kernel Oil Price Analysis'!B51 -> -8.0476
A52: 40299 | B52: ='Palm Kernel Oil Balance Sheet'!R137 -> 53.6 | C52: ='Palm Kernel Oil Balance Sheet'!R122 -> 53.599 | D52: ='Palm Kernel Oil Balance Sheet'!R59+'Palm Kernel Oil Balance Sheet'!R75 -> 62.629113 | E52: =C52/D52 -> 0.85581605 | F52: ='Coconut Oil Price Analysis'!B83-'Palm Kernel Oil Price Analysis'!B52 -> -7.925
A53: 40330 | B53: ='Palm Kernel Oil Balance Sheet'!R138 -> 54.3863 | C53: ='Palm Kernel Oil Balance Sheet'!R123 -> 47.699 | D53: ='Palm Kernel Oil Balance Sheet'!R60+'Palm Kernel Oil Balance Sheet'!R76 -> 39.030866 | E53: =C53/D53 -> 1.2220841 | F53: ='Coconut Oil Price Analysis'!B84-'Palm Kernel Oil Price Analysis'!B53 -> -6.3863
A54: 40360 | B54: ='Palm Kernel Oil Balance Sheet'!R139 -> 56.3214 | C54: ='Palm Kernel Oil Balance Sheet'!R124 -> 43.243 | D54: ='Palm Kernel Oil Balance Sheet'!R61+'Palm Kernel Oil Balance Sheet'!R77 -> 59.64993 | E54: =C54/D54 -> 0.72494636 | F54: ='Coconut Oil Price Analysis'!B85-'Palm Kernel Oil Price Analysis'!B54 -> -5.9405
A55: 40391 | B55: ='Palm Kernel Oil Balance Sheet'!R140 -> 59.6022 | C55: ='Palm Kernel Oil Balance Sheet'!R125 -> 75.78 | D55: ='Palm Kernel Oil Balance Sheet'!R62+'Palm Kernel Oil Balance Sheet'!R78 -> 59.841203 | E55: =C55/D55 -> 1.2663515 | F55: ='Coconut Oil Price Analysis'!B86-'Palm Kernel Oil Price Analysis'!B55 -> -3.5341
A56: 40422 | B56: ='Palm Kernel Oil Balance Sheet'!R141 -> 64.25 | C56: ='Palm Kernel Oil Balance Sheet'!R126 -> 74.285 | D56: ='Palm Kernel Oil Balance Sheet'!S51+'Palm Kernel Oil Balance Sheet'!S67 -> 74.285 | E56: =C56/D56 -> 1 | F56: ='Coconut Oil Price Analysis'!B87-'Palm Kernel Oil Price Analysis'!B56 -> -2.9167
A57: 40452 | B57: ='Palm Kernel Oil Balance Sheet'!S130 -> 72.1428 | C57: ='Palm Kernel Oil Balance Sheet'!S115 -> 10/11 | D57: ='Palm Kernel Oil Balance Sheet'!S52+'Palm Kernel Oil Balance Sheet'!S68 -> 45914.576 | E57: =C57/D57 -> 1.0005755 | F57: ='Coconut Oil Price Analysis'!B88-'Palm Kernel Oil Price Analysis'!B57 -> -3.4762
A58: 40483 | B58: ='Palm Kernel Oil Balance Sheet'!S131 -> 81.5 | C58: ='Palm Kernel Oil Balance Sheet'!S116 -> 77.572 | D58: ='Palm Kernel Oil Balance Sheet'!S53+'Palm Kernel Oil Balance Sheet'!S69 -> 41.060957 | E58: =C58/D58 -> 1.8891912 | F58: ='Coconut Oil Price Analysis'!B89-'Palm Kernel Oil Price Analysis'!B58 -> -8.5477
A59: 40513 | B59: ='Palm Kernel Oil Balance Sheet'!S132 -> 94.4545 | C59: ='Palm Kernel Oil Balance Sheet'!S117 -> 86.259 | D59: ='Palm Kernel Oil Balance Sheet'!S54+'Palm Kernel Oil Balance Sheet'!S70 -> 49.788699 | E59: =C59/D59 -> 1.7325016 | F59: ='Coconut Oil Price Analysis'!B90-'Palm Kernel Oil Price Analysis'!B59 -> -12.4091
A60: 40544 | B60: ='Palm Kernel Oil Balance Sheet'!S133 -> 108.2375 | C60: ='Palm Kernel Oil Balance Sheet'!S118 -> 86.334 | D60: ='Palm Kernel Oil Balance Sheet'!S55+'Palm Kernel Oil Balance Sheet'!S71 -> 40.733696 | E60: =C60/D60 -> 2.1194738 | F60: ='Coconut Oil Price Analysis'!B91-'Palm Kernel Oil Price Analysis'!B60 -> -12.2125
A61: 40575 | B61: ='Palm Kernel Oil Balance Sheet'!S134 -> 113.7368 | C61: ='Palm Kernel Oil Balance Sheet'!S119 -> 100.461 | D61: ='Palm Kernel Oil Balance Sheet'!S56+'Palm Kernel Oil Balance Sheet'!S72 -> 49.090618 | E61: =C61/D61 -> 2.0464399 | F61: ='Coconut Oil Price Analysis'!B92-'Palm Kernel Oil Price Analysis'!B61 -> -7.4211
A62: 40603 | B62: ='Palm Kernel Oil Balance Sheet'!S135 -> 103.4347 | C62: ='Palm Kernel Oil Balance Sheet'!S120 -> 93.659 | D62: ='Palm Kernel Oil Balance Sheet'!S57+'Palm Kernel Oil Balance Sheet'!S73 -> 62.84695 | E62: =C62/D62 -> 1.4902712 | F62: ='Coconut Oil Price Analysis'!B93-'Palm Kernel Oil Price Analysis'!B62 -> -9.413
A63: 40634 | B63: ='Palm Kernel Oil Balance Sheet'!S136 -> 94.375 | C63: ='Palm Kernel Oil Balance Sheet'!S121 -> 62.746 | D63: ='Palm Kernel Oil Balance Sheet'!S58+'Palm Kernel Oil Balance Sheet'!S74 -> 46.279827 | E63: =C63/D63 -> 1.3557959 | F63: ='Coconut Oil Price Analysis'!B94-'Palm Kernel Oil Price Analysis'!B63 -> 4.125
A64: 40664 | B64: ='Palm Kernel Oil Balance Sheet'!S137 -> 96.2976 | C64: ='Palm Kernel Oil Balance Sheet'!S122 -> 59.341 | D64: ='Palm Kernel Oil Balance Sheet'!S59+'Palm Kernel Oil Balance Sheet'!S75 -> 52.024206 | E64: =C64/D64 -> 1.1406421 | F64: ='Coconut Oil Price Analysis'!B95-'Palm Kernel Oil Price Analysis'!B64 -> 3.869
A65: 40695 | B65: ='Palm Kernel Oil Balance Sheet'!S138 -> 89.7045 | C65: ='Palm Kernel Oil Balance Sheet'!S123 -> 69.156 | D65: ='Palm Kernel Oil Balance Sheet'!S60+'Palm Kernel Oil Balance Sheet'!S76 -> 64.306333 | E65: =C65/D65 -> 1.0754151 | F65: ='Coconut Oil Price Analysis'!B96-'Palm Kernel Oil Price Analysis'!B65 -> 1.5455
A66: 40725 | B66: ='Palm Kernel Oil Balance Sheet'!S139 -> 72.725 | C66: ='Palm Kernel Oil Balance Sheet'!S124 -> 64.975 | D66: ='Palm Kernel Oil Balance Sheet'!S61+'Palm Kernel Oil Balance Sheet'!S77 -> 50.085741 | E66: =C66/D66 -> 1.2972754 | F66: ='Coconut Oil Price Analysis'!B97-'Palm Kernel Oil Price Analysis'!B66 -> 6.5
A67: 40756 | B67: ='Palm Kernel Oil Balance Sheet'!S140 -> 72.5434 | C67: ='Palm Kernel Oil Balance Sheet'!S125 -> 88.937 | D67: ='Palm Kernel Oil Balance Sheet'!S62+'Palm Kernel Oil Balance Sheet'!S78 -> 41.934965 | E67: =C67/D67 -> 2.1208316 | F67: ='Coconut Oil Price Analysis'!B98-'Palm Kernel Oil Price Analysis'!B67 -> -2.3261
A68: 40787 | B68: ='Palm Kernel Oil Balance Sheet'!S141 -> 65.9047 | C68: ='Palm Kernel Oil Balance Sheet'!S126 -> 85.4685 | D68: ='Palm Kernel Oil Balance Sheet'!T51+'Palm Kernel Oil Balance Sheet'!T67 -> 85.4685 | E68: =C68/D68 -> 1 | F68: ='Coconut Oil Price Analysis'!B99-'Palm Kernel Oil Price Analysis'!B68 -> -2.2143
A69: 40817 | B69: ='Palm Kernel Oil Balance Sheet'!T130 -> 55.5238 | C69: ='Palm Kernel Oil Balance Sheet'!T115 -> 11/12 | D69: ='Palm Kernel Oil Balance Sheet'!T52+'Palm Kernel Oil Balance Sheet'!T68 -> 46013.377 | E69: =C69/D69 -> 0.99912248 | F69: ='Coconut Oil Price Analysis'!B100-'Palm Kernel Oil Price Analysis'!B69 -> 2.7619
A70: 40848 | B70: ='Palm Kernel Oil Balance Sheet'!T131 -> 65.6428 | C70: ='Palm Kernel Oil Balance Sheet'!T116 -> 82 | D70: ='Palm Kernel Oil Balance Sheet'!T53+'Palm Kernel Oil Balance Sheet'!T69 -> 76.095174 | E70: =C70/D70 -> 1.0775979 | F70: ='Coconut Oil Price Analysis'!B101-'Palm Kernel Oil Price Analysis'!B70 -> 5.3095
A71: 40878 | B71: ='Palm Kernel Oil Balance Sheet'!T132 -> 69.4523 | C71: ='Palm Kernel Oil Balance Sheet'!T117 -> 82 | D71: ='Palm Kernel Oil Balance Sheet'!T54+'Palm Kernel Oil Balance Sheet'!T70 -> 30.628152 | E71: =C71/D71 -> 2.6772755 | F71: ='Coconut Oil Price Analysis'!B102-'Palm Kernel Oil Price Analysis'!B71 -> 0.0953
A72: 40909 | B72: ='Palm Kernel Oil Balance Sheet'!T133 -> 71.45 | C72: ='Palm Kernel Oil Balance Sheet'!T118 -> 82 | D72: ='Palm Kernel Oil Balance Sheet'!T55+'Palm Kernel Oil Balance Sheet'!T71 -> 53.000436 | E72: =C72/D72 -> 1.5471571 | F72: ='Coconut Oil Price Analysis'!B103-'Palm Kernel Oil Price Analysis'!B72 -> -1.05
A73: 40940 | B73: ='Palm Kernel Oil Balance Sheet'!T134 -> 68.7125 | C73: ='Palm Kernel Oil Balance Sheet'!T119 -> 82 | D73: ='Palm Kernel Oil Balance Sheet'!T56+'Palm Kernel Oil Balance Sheet'!T72 -> 60.101523 | E73: =C73/D73 -> 1.3643581 | F73: ='Coconut Oil Price Analysis'!B104-'Palm Kernel Oil Price Analysis'!B73 -> 0.4125
A74: 40969 | B74: ='Palm Kernel Oil Balance Sheet'!T135 -> 71.7613 | C74: ='Palm Kernel Oil Balance Sheet'!T120 -> 82 | D74: ='Palm Kernel Oil Balance Sheet'!T57+'Palm Kernel Oil Balance Sheet'!T73 -> 61.182229 | E74: =C74/D74 -> 1.3402585 | F74: ='Coconut Oil Price Analysis'!B105-'Palm Kernel Oil Price Analysis'!B74 -> -5.8409
A75: 41000 | B75: ='Palm Kernel Oil Balance Sheet'!T136 -> 72.0125 | C75: ='Palm Kernel Oil Balance Sheet'!T121 -> 82 | D75: ='Palm Kernel Oil Balance Sheet'!T58+'Palm Kernel Oil Balance Sheet'!T74 -> 37.216665 | E75: =C75/D75 -> 2.203314 | F75: ='Coconut Oil Price Analysis'!B106-'Palm Kernel Oil Price Analysis'!B75 -> -6.7375
A76: 41030 | B76: ='Palm Kernel Oil Balance Sheet'!T137 -> 63.0455 | C76: ='Palm Kernel Oil Balance Sheet'!T122 -> 82 | D76: ='Palm Kernel Oil Balance Sheet'!T59+'Palm Kernel Oil Balance Sheet'!T75 -> 41.439839 | E76: =C76/D76 -> 1.9787722 | F76: ='Coconut Oil Price Analysis'!B107-'Palm Kernel Oil Price Analysis'!B76 -> -5.8523
A77: 41061 | B77: ='Palm Kernel Oil Balance Sheet'!T138 -> 57.3452 | C77: ='Palm Kernel Oil Balance Sheet'!T123 -> 82 | D77: ='Palm Kernel Oil Balance Sheet'!T60+'Palm Kernel Oil Balance Sheet'!T76 -> 42.101666 | E77: =C77/D77 -> 1.9476664 | F77: ='Coconut Oil Price Analysis'!B108-'Palm Kernel Oil Price Analysis'!B77 -> -4.0833
A78: 41091 | B78: ='Palm Kernel Oil Balance Sheet'!T139 -> 56.4048 | C78: ='Palm Kernel Oil Balance Sheet'!T124 -> 82 | D78: ='Palm Kernel Oil Balance Sheet'!T61+'Palm Kernel Oil Balance Sheet'!T77 -> 44.321721 | E78: =C78/D78 -> 1.8501087 | F78: ='Coconut Oil Price Analysis'!B109-'Palm Kernel Oil Price Analysis'!B78 -> -3.4643
A79: 41122 | B79: ='Palm Kernel Oil Balance Sheet'!T140 -> 52.7609 | C79: ='Palm Kernel Oil Balance Sheet'!T125 -> 82 | D79: ='Palm Kernel Oil Balance Sheet'!T62+'Palm Kernel Oil Balance Sheet'!T78 -> 43.562669 | E79: =C79/D79 -> 1.8823456 | F79: ='Coconut Oil Price Analysis'!B110-'Palm Kernel Oil Price Analysis'!B79 -> -3.4131
A80: 41153 | B80: ='Palm Kernel Oil Balance Sheet'!T141 -> 49.4868 | C80: ='Palm Kernel Oil Balance Sheet'!T126 -> 82 | D80: ='Palm Kernel Oil Balance Sheet'!U51+'Palm Kernel Oil Balance Sheet'!U67 -> 82 | E80: =C80/D80 -> 1 | F80: ='Coconut Oil Price Analysis'!B111-'Palm Kernel Oil Price Analysis'!B80 -> -1.7105
A81: 41183 | B81: ='Palm Kernel Oil Balance Sheet'!U130 -> 44.1304 | C81: ='Palm Kernel Oil Balance Sheet'!U115 -> 12/13 | D81: ='Palm Kernel Oil Balance Sheet'!U52+'Palm Kernel Oil Balance Sheet'!U68 -> 45958.701 | E81: =C81/D81 -> 1.0009857 | F81: ='Coconut Oil Price Analysis'!B112-'Palm Kernel Oil Price Analysis'!B81 -> 0.2609
A82: 41214 | B82: ='Palm Kernel Oil Balance Sheet'!U131 -> 42.5227 | C82: ='Palm Kernel Oil Balance Sheet'!U116 -> 81.416667 | D82: ='Palm Kernel Oil Balance Sheet'!U53+'Palm Kernel Oil Balance Sheet'!U69 -> 38.938906 | E82: =C82/D82 -> 2.0908822 | F82: ='Coconut Oil Price Analysis'!B113-'Palm Kernel Oil Price Analysis'!B82 -> -0.8182
A83: 41244 | B83: ='Palm Kernel Oil Balance Sheet'!U132 -> 38.525 | C83: ='Palm Kernel Oil Balance Sheet'!U117 -> 80.833333 | D83: ='Palm Kernel Oil Balance Sheet'!U54+'Palm Kernel Oil Balance Sheet'!U70 -> 50.161534 | E83: =C83/D83 -> 1.6114605 | F83: ='Coconut Oil Price Analysis'!B114-'Palm Kernel Oil Price Analysis'!B83 -> -1
A84: 41275 | B84: ='Palm Kernel Oil Balance Sheet'!U133 -> 41.5952 | C84: ='Palm Kernel Oil Balance Sheet'!U118 -> 80.25 | D84: ='Palm Kernel Oil Balance Sheet'!U55+'Palm Kernel Oil Balance Sheet'!U71 -> 49.75875 | E84: =C84/D84 -> 1.6127817 | F84: ='Coconut Oil Price Analysis'!B115-'Palm Kernel Oil Price Analysis'!B84 -> -0.5238
A85: 41306 | B85: ='Palm Kernel Oil Balance Sheet'!U134 -> 43.0395 | C85: ='Palm Kernel Oil Balance Sheet'!U119 -> 79.666667 | D85: ='Palm Kernel Oil Balance Sheet'!U56+'Palm Kernel Oil Balance Sheet'!U72 -> 45.286013 | E85: =C85/D85 -> 1.7591892 | F85: ='Coconut Oil Price Analysis'!B116-'Palm Kernel Oil Price Analysis'!B85 -> -0.8158
A86: 41334 | B86: ='Palm Kernel Oil Balance Sheet'!U135 -> 42.15 | C86: ='Palm Kernel Oil Balance Sheet'!U120 -> 79.083333 | D86: ='Palm Kernel Oil Balance Sheet'!U57+'Palm Kernel Oil Balance Sheet'!U73 -> 51.632017 | E86: =C86/D86 -> 1.5316724 | F86: ='Coconut Oil Price Analysis'!B117-'Palm Kernel Oil Price Analysis'!B86 -> -2.125
A87: 41365 | B87: ='Palm Kernel Oil Balance Sheet'!U136 -> 41.0455 | C87: ='Palm Kernel Oil Balance Sheet'!U121 -> 78.5 | D87: ='Palm Kernel Oil Balance Sheet'!U58+'Palm Kernel Oil Balance Sheet'!U74 -> 75.885946 | E87: =C87/D87 -> 1.0344471 | F87: ='Coconut Oil Price Analysis'!B118-'Palm Kernel Oil Price Analysis'!B87 -> -1.5455
A88: 41395 | B88: ='Palm Kernel Oil Balance Sheet'!U137 -> 41.9205 | C88: ='Palm Kernel Oil Balance Sheet'!U122 -> 77.916667 | D88: ='Palm Kernel Oil Balance Sheet'!U59+'Palm Kernel Oil Balance Sheet'!U75 -> 53.672836 | E88: =C88/D88 -> 1.4516965 | F88: ='Coconut Oil Price Analysis'!B119-'Palm Kernel Oil Price Analysis'!B88 -> -1.875
A89: 41426 | B89: ='Palm Kernel Oil Balance Sheet'!U138 -> 42.775 | C89: ='Palm Kernel Oil Balance Sheet'!U123 -> 77.333333 | D89: ='Palm Kernel Oil Balance Sheet'!U60+'Palm Kernel Oil Balance Sheet'!U76 -> 73.849316 | E89: =C89/D89 -> 1.0471774 | F89: ='Coconut Oil Price Analysis'!B120-'Palm Kernel Oil Price Analysis'!B89 -> -0.175
A90: 41456 | B90: ='Palm Kernel Oil Balance Sheet'!U139 -> 42.3152 | C90: ='Palm Kernel Oil Balance Sheet'!U124 -> 76.75 | D90: ='Palm Kernel Oil Balance Sheet'!U61+'Palm Kernel Oil Balance Sheet'!U77 -> 37.561899 | E90: =C90/D90 -> 2.0432939 | F90: ='Coconut Oil Price Analysis'!B121-'Palm Kernel Oil Price Analysis'!B90 -> -1.1195
A91: 41487 | B91: ='Palm Kernel Oil Balance Sheet'!U140 -> 42.5 | C91: ='Palm Kernel Oil Balance Sheet'!U125 -> 76.166667 | D91: ='Palm Kernel Oil Balance Sheet'!U62+'Palm Kernel Oil Balance Sheet'!U78 -> 40.020053 | E91: =C91/D91 -> 1.9032126 | F91: ='Coconut Oil Price Analysis'!B122-'Palm Kernel Oil Price Analysis'!B91 -> -0.6364
A92: 41518 | B92: ='Palm Kernel Oil Balance Sheet'!U141 -> 45.5 | C92: ='Palm Kernel Oil Balance Sheet'!U126 -> 75.583333 | D92: ='Palm Kernel Oil Balance Sheet'!V51+'Palm Kernel Oil Balance Sheet'!V67 -> #VALUE! | E92: =C92/D92 -> #VALUE! | F92: ='Coconut Oil Price Analysis'!B123-'Palm Kernel Oil Price Analysis'!B92 -> 1.125
A93: 41548 | B93: ='Palm Kernel Oil Balance Sheet'!V130 -> 46.5435 | C93: ='Palm Kernel Oil Balance Sheet'!V115 -> 13/14 | D93: ='Palm Kernel Oil Balance Sheet'!V52+'Palm Kernel Oil Balance Sheet'!V68 -> #VALUE! | E93: =C93/D93 -> #VALUE! | F93: ='Coconut Oil Price Analysis'!B124-'Palm Kernel Oil Price Analysis'!B93 -> -0.3913
A94: 41579 | B94: ='Palm Kernel Oil Balance Sheet'!V131 -> 54.675 | C94: ='Palm Kernel Oil Balance Sheet'!V116 -> 75 | D94: ='Palm Kernel Oil Balance Sheet'!V53+'Palm Kernel Oil Balance Sheet'!V69 -> 81.67397 | E94: =C94/D94 -> 0.91828523 | F94: ='Coconut Oil Price Analysis'!B125-'Palm Kernel Oil Price Analysis'!B94 -> 5.3225
A95: 41609 | B95: ='Palm Kernel Oil Balance Sheet'!V132 -> 57.0476 | C95: ='Palm Kernel Oil Balance Sheet'!V117 -> 75 | D95: ='Palm Kernel Oil Balance Sheet'!V54+'Palm Kernel Oil Balance Sheet'!V70 -> 38.479252 | E95: =C95/D95 -> 1.9491023 | F95: ='Coconut Oil Price Analysis'!B126-'Palm Kernel Oil Price Analysis'!B95 -> 2.9167
A96: 41640 | B96: ='Palm Kernel Oil Balance Sheet'!V133 -> 59 | C96: ='Palm Kernel Oil Balance Sheet'!V118 -> 75 | D96: ='Palm Kernel Oil Balance Sheet'!V55+'Palm Kernel Oil Balance Sheet'!V71 -> 63.487382 | E96: =C96/D96 -> 1.1813371 | F96: ='Coconut Oil Price Analysis'!B127-'Palm Kernel Oil Price Analysis'!B96 -> -0.2855
A97: 41671 | B97: ='Palm Kernel Oil Balance Sheet'!V134 -> 62.6579 | C97: ='Palm Kernel Oil Balance Sheet'!V119 -> 75 | D97: ='Palm Kernel Oil Balance Sheet'!V56+'Palm Kernel Oil Balance Sheet'!V72 -> 31.669395 | E97: =C97/D97 -> 2.368217 | F97: ='Coconut Oil Price Analysis'!B128-'Palm Kernel Oil Price Analysis'!B97 -> 0.0691
A98: 41699 | B98: ='Palm Kernel Oil Balance Sheet'!V135 -> 70 | C98: ='Palm Kernel Oil Balance Sheet'!V120 -> 75 | D98: ='Palm Kernel Oil Balance Sheet'!V57+'Palm Kernel Oil Balance Sheet'!V73 -> 69.41098 | E98: =C98/D98 -> 1.0805207 | F98: ='Coconut Oil Price Analysis'!B129-'Palm Kernel Oil Price Analysis'!B98 -> -5.7667
A99: 41730 | B99: ='Palm Kernel Oil Balance Sheet'!V136 -> 67.4286 | C99: ='Palm Kernel Oil Balance Sheet'!V121 -> 75 | D99: ='Palm Kernel Oil Balance Sheet'!V58+'Palm Kernel Oil Balance Sheet'!V74 -> 45.458424 | E99: =C99/D99 -> 1.6498592 | F99: ='Coconut Oil Price Analysis'!B130-'Palm Kernel Oil Price Analysis'!B99 -> -4.9107
A100: 41760 | B100: ='Palm Kernel Oil Balance Sheet'!V137 -> 66.4286 | C100: ='Palm Kernel Oil Balance Sheet'!V122 -> 75 | D100: ='Palm Kernel Oil Balance Sheet'!V59+'Palm Kernel Oil Balance Sheet'!V75 -> 53.654988 | E100: =C100/D100 -> 1.3978197 | F100: ='Coconut Oil Price Analysis'!B131-'Palm Kernel Oil Price Analysis'!B100 -> -1.1476
A101: 41791 | B101: ='Palm Kernel Oil Balance Sheet'!V138 -> 63.619 | C101: ='Palm Kernel Oil Balance Sheet'!V123 -> 75 | D101: ='Palm Kernel Oil Balance Sheet'!V60+'Palm Kernel Oil Balance Sheet'!V76 -> 49.5491 | E101: =C101/D101 -> 1.5136501 | F101: ='Coconut Oil Price Analysis'!B132-'Palm Kernel Oil Price Analysis'!B101 -> 0.2953
...
