Workbook

Sheet US Soy Crush
A1: Company | B1: Status | C1: Street | D1: City | E1: State | F1: Zip Code | G1: Daily Capacity (tons) | H1: Yearly Capacity (tons) | I1: Yearly Capacity (bushels) | J1: Yearly Oil Production Capacity (tons) | K1: Yearly Oil Production Capcaity (million pounds) | L1: Expansion
A2: ADM | B2: Open | C2: 400 E Holt St | D2: Mexico | E2: MO | F2: 65265 | G2: =H2/350 -> 1768.9963 | H2: 619148.7 | I2: =H2/0.027273 -> 22701892 | J2: =H2*0.1875 -> 116090.38 | K2: =J2*2200/1000000 -> 255.39884
A3: ADM | B3: Open | C3: 1935 E Euclid Ave | D3: Des Moines | E3: IA | F3: 50313 | G3: =H3/350 -> 3674.0692 | H3: 1285924.2 | I3: =H3/0.027273 -> 47150084 | J3: =H3*0.1875 -> 241110.79 | K3: =J3*2200/1000000 -> 530.44375
A4: ADM | B4: Open | C4: 4666 East Faries Parkway | D4: Decatur | E4: IL | F4: 62526 | G4: =H4/350 -> 4500 | H4: 1575000 | I4: =H4/0.027273 -> 57749423 | J4: =H4*0.1875 -> 295312.5 | K4: =J4*2200/1000000 -> 649.6875
A5: ADM | B5: Open | C5: 2191 W Co Rd 0 Ns | D5: Frankfort | E5: IN | F5: 46041 | G5: =H5/350 -> 2313.3029 | H5: 809656 | I5: =H5/0.027273 -> 29687090 | J5: =H5*0.1875 -> 151810.5 | K5: =J5*2200/1000000 -> 333.9831
A6: ADM | B6: Open | C6: 2019 3rd Ave | D6: Mankato | E6: MN | F6: 56001 | G6: =H6/350 -> 3810.1459 | H6: 1333551.1 | I6: =H6/0.027273 -> 48896383 | J6: =H6*0.1875 -> 250040.82 | K6: =J6*2200/1000000 -> 550.08981
A7: ADM | B7: Open | C7: 130 N Broad St | D7: Fremont | E7: NE | F7: 68025 | G7: =H7/350 -> 1360.7664 | H7: 476268.23 | I7: =H7/0.027273 -> 17462994 | J7: =H7*0.1875 -> 89300.294 | K7: =J7*2200/1000000 -> 196.46065
A8: ADM | B8: Open | C8: 7800 Thayer St | D8: Lincoln | E8: NE | F8: 68507 | G8: =H8/350 -> 4898.7989 | H8: 1714579.6 | I8: =H8/0.027273 -> 62867291 | J8: =H8*0.1875 -> 321483.68 | K8: =J8*2200/1000000 -> 707.26409
A9: ADM | B9: Open | C9: 608 Findlay Road | D9: Fostoria | E9: OH | F9: 44830 | G9: 1632.9197 | H9: 571521.88 | I9: 20955593 | J9: =H9*0.1875 -> 107160.35 | K9: =J9*2200/1000000 -> 235.75278
A10: ADM | B10: Open | C10: 17700 South T Highway | D10: Deerfield | E10: MO | F10: 64741 | G10: =H10/350 -> 1360.7664 | H10: 476268.23 | I10: =H10/0.027273 -> 17462994 | J10: =H10*0.1875 -> 89300.294 | K10: =J10*2200/1000000 -> 196.46065
A11: ADM | B11: Open | C11: 1841 Clay Rd | D11: Valdosta | E11: GA | F11: 31601 | G11: =H11/350 -> 2721.5328 | H11: 952536.47 | I11: =H11/0.027273 -> 34925988 | J11: =H11*0.1875 -> 178600.59 | K11: =J11*2200/1000000 -> 392.92129
A12: ADM | B12: Open | C12: 5539 136th Ave SE | D12: Enderlin | E12: ND | F12: 58027 | G12: =H12/350 -> 1360.7664 | H12: 476268.23 | I12: =H12/0.027273 -> 17462994 | J12: =H12*0.1875 -> 89300.294 | K12: =J12*2200/1000000 -> 196.46065
A13: Ag Processing | B13: Open | C13: 500 N Commercial Ave | D13: Eagle Grove | E13: IA | F13: 50533 | G13: =H13/350 -> 2993.686 | H13: 1047790.1 | I13: =H13/0.027273 -> 38418587 | J13: =H13*0.1875 -> 196460.65 | K13: =J13*2200/1000000 -> 432.21342
A14: Ag Processing | B14: Open | C14: 4739 380th St | D14: Emmetsburg | E14: IA | F14: 50536 | G14: =H14/350 -> 1632.9197 | H14: 571521.88 | I14: =H14/0.027273 -> 20955593 | J14: =H14*0.1875 -> 107160.35 | K14: =J14*2200/1000000 -> 235.75278
A15: Ag Processing | B15: Open | C15: 1000 300th St | D15: Manning | E15: IA | F15: 51455 | G15: =H15/350 -> 1496.843 | H15: 523895.06 | I15: =H15/0.027273 -> 19209293 | J15: =H15*0.1875 -> 98230.323 | K15: =J15*2200/1000000 -> 216.10671
A16: Ag Processing | B16: Open | C16: 1605 19th St SW | D16: Mason City | E16: IA | F16: 50401 | G16: =H16/350 -> 1496.843 | H16: 523895.06 | I16: =H16/0.027273 -> 19209293 | J16: =H16*0.1875 -> 98230.323 | K16: =J16*2200/1000000 -> 216.10671
A17: Ag Processing | B17: Open | C17: 2753 Port Neal Rd | D17: Sergeant Bluff | E17: IA | F17: 51054 | G17: =H17/350 -> 2721.5328 | H17: 952536.47 | I17: =H17/0.027273 -> 34925988 | J17: =H17*0.1875 -> 178600.59 | K17: =J17*2200/1000000 -> 392.92129
A18: Ag Processing | B18: Open | C18: 804 2nd Ave | D18: Sheldon | E18: IA | F18: 51201 | G18: =H18/350 -> 1768.9963 | H18: 619148.7 | I18: =H18/0.027273 -> 22701892 | J18: =H18*0.1875 -> 116090.38 | K18: =J18*2200/1000000 -> 255.39884
A19: Ag Processing | B19: Open | C19: 800 Diagonal St | D19: Dawson | E19: MN | F19: 56232 | G19: =H19/350 -> 1905.0729 | H19: 666775.53 | I19: =H19/0.027273 -> 24448192 | J19: =H19*0.1875 -> 125020.41 | K19: =J19*2200/1000000 -> 275.04491
A20: Ag Processing | B20: Open | C20: 900 SW Lower Lake Rd | D20: St Joseph | E20: MO | F20: 64504 | G20: =H20/350 -> 1905.0729 | H20: 666775.53 | I20: =H20/0.027273 -> 24448192 | J20: =H20*0.1875 -> 125020.41 | K20: =J20*2200/1000000 -> 275.04491
A21: Ag Processing | B21: Open | C21: 2801 E 7th St | D21: Hastings | E21: NE | F21: 68901 | G21: =H21/350 -> 2100 | H21: 735000 | I21: =H21/0.027273 -> 26949731 | J21: =H21*0.1875 -> 137812.5 | K21: =J21*2200/1000000 -> 303.1875
A22: Ag Processing | B22: Open | C22: 4815 8th ave NE | D22: Aberdeen | E22: SD | F22: 57401 | G22: 4500 | H22: 1575000 | I22: =H22/0.027273 -> 57749423 | J22: =H22*0.1875 -> 295312.5 | K22: =J22*2200/1000000 -> 649.6875
A23: American Natural Processors | B23: Open | C23: 1510 South 2nd Street | D23: Cherokee | E23: IA | F23: 51012 | G23: - | H23: - | I23: - | J23: - | K23: -
A24: Boyd Station LLC | B24: Open | C24: 125 Elysburg Rd | D24: Danville | E24: PA | F24: 17821 | G24: - | H24: - | I24: - | J24: - | K24: -
A25: Bunge | B25: Open | C25: 1500 Church St SE | D25: Decatur | E25: AL | F25: 35601 | G25: =H25/350 -> 2993.686 | H25: 1047790.1 | I25: =H25/0.027273 -> 38418587 | J25: =H25*0.1875 -> 196460.65 | K25: =J25*2200/1000000 -> 432.21342
A26: Bunge | B26: Open | C26: 19560 Bunge Ave | D26: Council Bluffs | E26: IA | F26: 51503 | G26: =H26/350 -> 4500 | H26: 1575000 | I26: =H26/0.027273 -> 57749423 | J26: =H26*0.1875 -> 295312.5 | K26: =J26*2200/1000000 -> 649.6875
A27: Bunge | B27: Open | C27: 203 34th St | D27: Cairo | E27: IL | F27: 62914 | G27: =H27/350 -> 2993.686 | H27: 1047790.1 | I27: =H27/0.027273 -> 38418587 | J27: =H27*0.1875 -> 196460.65 | K27: =J27*2200/1000000 -> 432.21342
A28: Bunge | B28: Open | C28: 1200 N 2nd St | D28: Decatur | E28: IN | F28: 46733 | G28: =H28/350 -> 2449.3795 | H28: 857282.82 | I28: =H28/0.027273 -> 31433389 | J28: =H28*0.1875 -> 160740.53 | K28: =J28*2200/1000000 -> 353.62916
A29: Bunge | B29: Open | C29: 700 N Range Line Rd | D29: Morristown | E29: IN | F29: 46161 | G29: =H29/350 -> 1986.7189 | H29: 695351.62 | I29: =H29/0.027273 -> 25495971 | J29: =H29*0.1875 -> 130378.43 | K29: =J29*2200/1000000 -> 286.83254
A30: Bunge | B30: Open | C30: 701 E 6th Ave | D30: Emporia | E30: KS | F30: 66801 | G30: =H30/350 -> 2177.2262 | H30: 762029.17 | I30: =H30/0.027273 -> 27940790 | J30: =H30*0.1875 -> 142880.47 | K30: =J30*2200/1000000 -> 314.33703
A31: Bunge | B31: Open | C31: 12442 River Rd | D31: Destrehan | E31: LA | F31: 70047 | G31: =H31/350 -> 2449.3795 | H31: 857282.82 | I31: =H31/0.027273 -> 31433389 | J31: =H31*0.1875 -> 160740.53 | K31: =J31*2200/1000000 -> 353.62916
A32: Bunge | B32: Open | C32: 605 Goodrich Rd | D32: Bellevue | E32: OH | F32: 44811 | G32: =H32/350 -> 1360.7664 | H32: 476268.23 | I32: =H32/0.027273 -> 17462994 | J32: =H32*0.1875 -> 89300.294 | K32: =J32*2200/1000000 -> 196.46065
A33: Bunge | B33: Open | C33: 234 S Jefferson St | D33: Delphos | E33: OH | F33: 45833 | G33: =H33/350 -> 1088.6131 | H33: 381014.59 | I33: =H33/0.027273 -> 13970395 | J33: =H33*0.1875 -> 71440.235 | K33: =J33*2200/1000000 -> 157.16852
A34: Cargill | B34: Open | C34: 1503 Wabash Ave | D34: Lafayette | E34: IN | F34: 47905 | G34: =H34/350 -> 1768.9963 | H34: 619148.7 | I34: =H34/0.027273 -> 22701892 | J34: =H34*0.1875 -> 116090.38 | K34: =J34*2200/1000000 -> 255.39884 | L34: X
A35: Cargill | B35: Open | C35: 2930 Lake Guntersville Park Dr | D35: Guntersville | E35: AL | F35: 35976 | G35: =H35/350 -> 2721.5328 | H35: 952536.47 | I35: =H35/0.027273 -> 34925988 | J35: =H35*0.1875 -> 178600.59 | K35: =J35*2200/1000000 -> 392.92129 | L35: X
A36: Cargill | B36: Open | C36: 410 C Ave NE | D36: Cedar Rapids | E36: IA | F36: 52401 | G36: =H36/350 -> 3265.8393 | H36: 1143043.8 | I36: =H36/0.027273 -> 41911186 | J36: =H36*0.1875 -> 214320.71 | K36: =J36*2200/1000000 -> 471.50555 | L36: X
A37: Cargill | B37: Open | C37: 1110 12th Ave | D37: Cedar Rapids | E37: IA | F37: 52404 | G37: =H37/350 -> 952.53647 | H37: 333387.76 | I37: =H37/0.027273 -> 12224096 | J37: =H37*0.1875 -> 62510.206 | K37: =J37*2200/1000000 -> 137.52245 | L37: X
A38: Cargill | B38: Open | C38: 692 Industrial Park Rd | D38: Iowa Falls | E38: IA | F38: 50126 | G38: =H38/350 -> 1768.9963 | H38: 619148.7 | I38: =H38/0.027273 -> 22701892 | J38: =H38*0.1875 -> 116090.38 | K38: =J38*2200/1000000 -> 255.39884 | L38: X
A39: Cargill | B39: Open | C39: 1501 11th St | D39: Sioux City | E39: IA | F39: 51101 | G39: =H39/350 -> 3619.6386 | H39: 1266873.5 | I39: =H39/0.027273 -> 46451564 | J39: =H39*0.1875 -> 237538.78 | K39: =J39*2200/1000000 -> 522.58532 | L39: X
A40: Cargill | B40: Open | C40: 115 Euclid Ave | D40: Bloomington | E40: IL | F40: 61701 | G40: =H40/350 -> 1632.9197 | H40: 571521.88 | I40: =H40/0.027273 -> 20955593 | J40: =H40*0.1875 -> 107160.35 | K40: =J40*2200/1000000 -> 235.75278 | L40: X
A41: Cargill | B41: Open | C41: 1401 N Mosley St | D41: Wichita | E41: KS | F41: 67214 | G41: =H41/350 -> 2313.3029 | H41: 809656 | I41: =H41/0.027273 -> 29687090 | J41: =H41*0.1875 -> 151810.5 | K41: =J41*2200/1000000 -> 333.9831 | L41: X
A42: Cargill | B42: Open | C42: 2306 Rochester Ave | D42: Kansas City | E42: MO | F42: 64120 | G42: =H42/350 -> 2313.3029 | H42: 809656 | I42: =H42/0.027273 -> 29687090 | J42: =H42*0.1875 -> 151810.5 | K42: =J42*2200/1000000 -> 333.9831 | L42: X
A43: Cargill | B43: Open | C43: 1754 River Rd | D43: Fayetteville | E43: NC | F43: 28312 | G43: =H43/350 -> 2585.4561 | H43: 904909.65 | I43: =H43/0.027273 -> 33179689 | J43: =H43*0.1875 -> 169670.56 | K43: =J43*2200/1000000 -> 373.27523 | L43: X
A44: Cargill | B44: Open | C44: 2400 Industrial Dr | D44: Sidney | E44: OH | F44: 45365 | G44: =H44/350 -> 2721.5328 | H44: 952536.47 | I44: =H44/0.027273 -> 34925988 | J44: =H44*0.1875 -> 178600.59 | K44: =J44*2200/1000000 -> 392.92129 | L44: X
A45: Cargill | B45: Open | C45: 3030 E Granger Ave | D45: Des Moines | E45: IA | F45: 50317 | G45: - | H45: - | I45: - | J45: - | K45: -
A46: Cargill | B46: Open | C46: 862 W Ridge Rd | D46: Gainesville | E46: GA | F46: 30501 | G46: - | H46: - | I46: - | J46: - | K46: -
A47: CHS | B47: Open | C47: 1833 130th St | D47: Fairmont | E47: MN | F47: 56031 | G47: =H47/350 -> 2994 | H47: 1047900 | I47: 55000000 | J47: =H47*0.1875 -> 196481.25 | K47: =J47*2200/1000000 -> 432.25875 | L47: 72,000,000 Bushels Annually / 780,000,000 lbs soybean oil Annually
A48: CHS | B48: Open | C48: 2020 S Riverfront Dr | D48: Mankato | E48: MN | F48: 56001 | G48: =H48/350 -> 2994 | H48: 1047900 | I48: =H48/0.027273 -> 38422616 | J48: =H48*0.1875 -> 196481.25 | K48: =J48*2200/1000000 -> 432.25875
A49: Consolidated Grain & Barge | B49: Open | C49: 2701 Bluff Rd | D49: Mt Vernon | E49: IN | F49: 47620 | G49: =H49/350 -> 2177.2262 | H49: 762029.17 | I49: =H49/0.027273 -> 27940790 | J49: =H49*0.1875 -> 142880.47 | K49: =J49*2200/1000000 -> 314.33703
A50: Grain States Soya / Soya Best | B50: Open | C50: 400 Johnson Rd | D50: West Point | E50: NE | F50: 68788 | G50: =H50/350 -> 816 | H50: 285600 | I50: =H50/0.027273 -> 10471895 | J50: =H50*0.1875 -> 53550 | K50: =J50*2200/1000000 -> 117.81
A51: Express Grain | B51: Open | C51: 2015 River Rd Exd | D51: Greenwood | E51: MS | F51: 38930 | G51: - | H51: - | I51: - | J51: - | K51: -
A52: INCOBRASA | B52: Open | C52: 540 US-24 | D52: Gilman | E52: IL | F52: 60938 | G52: =H52/350 -> 1632.9197 | H52: 571521.88 | I52: =H52/0.027273 -> 20955593 | J52: =H52*0.1875 -> 107160.35 | K52: =J52*2200/1000000 -> 235.75278
A53: Landus | B53: Open | C53: 406 1st St | D53: Ralston | E53: IA | F53: 51459 | G53: =H53/350 -> 1632.9197 | H53: 571521.88 | I53: =H53/0.027273 -> 20955593 | J53: =H53*0.1875 -> 107160.35 | K53: =J53*2200/1000000 -> 235.75278
A54: Louis Dreyfus | B54: Open | C54: 7344 IN-15 | D54: Claypool | E54: IN | F54: 46510 | G54: =H54/350 -> 4000 | H54: 1400000 | I54: =H54/0.027273 -> 51332820 | J54: =H54*0.1875 -> 262500 | K54: =J54*2200/1000000 -> 577.5
A55: Minn. Soybean Processors | B55: Open | C55: 121 Zeh Ave | D55: Brewster | E55: MN | F55: 56119 | G55: =H55/350 -> 3000 | H55: 1050000 | I55: =H55/0.027273 -> 38499615 | J55: =H55*0.1875 -> 196875 | K55: =J55*2200/1000000 -> 433.125
A56: Owensboro Grain | B56: Open | C56: 822 E 2nd St | D56: Owensboro | E56: KY | F56: 42303 | G56: =H56/350 -> 4000 | H56: 1400000 | I56: =H56/0.027273 -> 51332820 | J56: =H56*0.1875 -> 262500 | K56: =J56*2200/1000000 -> 577.5
A57: Perdue Farms | B57: Open | C57: 242 Perdue Rd | D57: Cofield | E57: NC | F57: 27922 | G57: =H57/350 -> 1224.6897 | H57: 428641.41 | I57: =H57/0.027273 -> 15716695 | J57: =H57*0.1875 -> 80370.265 | K57: =J57*2200/1000000 -> 176.81458
A58: Perdue Farms | B58: Open | C58: 6906 Zion Church Rd | D58: Salisbury | E58: MD | F58: 21804 | G58: =H58/350 -> 1088.6131 | H58: 381014.59 | I58: =H58/0.027273 -> 13970395 | J58: =H58*0.1875 -> 71440.235 | K58: =J58*2200/1000000 -> 157.16852
A59: Perdue Farms | B59: Open | C59: 505 Barnes Rd | D59: Chesapeake | E59: VA | F59: 23324
A60: Perdue Farms | B60: Open | C60: 1609 River Road | D60: Marietta | E60: PA | F60: 17547 | G60: =H60/350 -> 1360.7664 | H60: 476268.23 | I60: =H60/0.027273 -> 17462994 | J60: =H60*0.1875 -> 89300.294 | K60: =J60*2200/1000000 -> 196.46065
A61: Quality Roasting, Inc. | B61: Open | C61: 2514 Marken Rd #9530 | D61: Valders | E61: WI | F61: 54245 | G61: =H61/350 -> 64 | H61: 22400 | I61: =H61/0.027273 -> 821325.12 | J61: =H61*0.1875 -> 4200 | K61: =J61*2200/1000000 -> 9.24
A62: Quality Roasting, Inc. | B62: Open | C62: W5055 Willow Rd | D62: Owen | E62: WI | F62: 54460 | G62: - | H62: - | I62: - | J62: - | K62: -
A63: Quality Roasting, Inc. | B63: Open | C63: 235 S Bradleyville Rd | D63: Reese | E63: MI | F63: 48757 | G63: - | H63: - | I63: - | J63: - | K63: -
A64: Riceland Foods | B64: Open | C64: 1304 AR-146 Spur | D64: Stuttgart | E64: AR | F64: 72160 | G64: =H64/350 -> 1632.9197 | H64: 571521.88 | I64: =H64/0.027273 -> 20955593 | J64: =H64*0.1875 -> 107160.35 | K64: =J64*2200/1000000 -> 235.75278
A65: Rose Acres Farms | B65: Open | C65: 6874 N Base Rd | D65: Seymour | E65: IN | F65: 47274 | G65: =H65/350 -> 489.8759 | H65: 171456.56 | I65: =H65/0.027273 -> 6286677.8 | J65: =H65*0.1875 -> 32148.106 | K65: =J65*2200/1000000 -> 70.725833
A66: S. Dakota Soybean Processors | B66: Open | C66: 100 Caspian Ave | D66: Volga | E66: SD | F66: 57071 | G66: =H66/350 -> 1796.2116 | H66: 628674.07 | I66: =H66/0.027273 -> 23051152 | J66: =H66*0.1875 -> 117876.39 | K66: =J66*2200/1000000 -> 259.32805
A67: Shell Rock Soy Processing LLC | B67: Under Contruction | C67: 30340 220th Street | D67: Shell Rock | E67: IA | F67: 50670 | I67: 38500000 | L67: New
A68: Sheppard Grain Company | B68: Open | C68: 1615 Maryland Rd | D68: Phelps | E68: NY | F68: 14532 | G68: =H68/350 -> 162.85714 | H68: 57000 | I68: =H68/0.027273 -> 2089979.1 | J68: =H68*0.1875 -> 10687.5 | K68: =J68*2200/1000000 -> 23.5125
A69: Zeeland Farm Soya | B69: Under Contruction | C69: 1266 E Washington Rd | D69: Ithaca | E69: MI | F69: 48847 | G69: =H69/350 -> 5389.1971 | H69: 1886219 | I69: =H69/0.027273 -> 69160672 | J69: =H69*0.1875 -> 353666.06 | K69: =J69*2200/1000000 -> 778.06534 | L69: New
A70: Zeeland Farm Soya | B70: Open | C70: 1310 E Howard St | D70: Creston | E70: IA | F70: 50801 | G70: - | H70: - | I70: - | J70: - | K70: -
A71: Zeeland Farm Soya | B71: Open | C71: 2525 84th Ave | D71: Zeeland | E71: MI | F71: 49464 | G71: =H71/350 -> 762 | H71: 266700 | I71: =H71/0.027273 -> 9778902.2 | J71: =H71*0.1875 -> 50006.25 | K71: =J71*2200/1000000 -> 110.01375

Sheet US Soy diff units
D1: Expansion Capacity | E1: Expansion Capacity | F1: Crushing Capacity | G1: Crushing Capacity | H1: Crushing Capacity | I1: Oil Production | J1: Oil Production | K1: Oil Production | L1: Oil Production | N1: Oil Refining | O1: Expansion | T1: Soybean | U1: Soybean Oil Refining | X1: AG DISTRICT | Y1: COUNTY
A2: Producer | B2: City | C2: State | D2: Bushels/Year | E2: Bushels/Day | F2: Bushels/Year | G2: Bushels/Day | H2: MT/Day | I2: Pounds/Day | J2: Pounds/Year | K2: MT/Day | L2: MT/Year | M2: Has Refinery? | N2: Pounds/Year | O2: Pounds/Year | P2: Oils Processed | Q2: Has Biodiesel? | R2: Swing Plant? | S2: Open/Closed | T2: Completed Expansion | U2: Completed Expansion | V2: Notes
A3: ADM | B3: Valdosta | C3: GA | F3: =G3*350 -> 35700000 | G3: 102000 | H3: =G3/36.7437 -> 2775.9861 | I3: =G3*11.5 -> 1173000 | J3: =I3*350 -> 410550000 | K3: =I3/2204.622 -> 532.064 | L3: =K3*350 -> 186222.4 | M3: X | N3: =IF(M3="X",J3*1,"") -> 410550000 | O3: =IF(D3="","",IF(M3="X",D3*11.5,"")) | P3: Soybean, Cottonseed, and Peanut | X3: GA 80 | Y3: Lowndes
A4: ADM | B4: Des Moines | C4: IA | F4: =G4*350 -> 54600000 | G4: 156000 | H4: =G4/36.7437 -> 4245.6258 | I4: =G4*11.5 -> 1794000 | J4: =I4*350 -> 627900000 | K4: =I4/2204.622 -> 813.74494 | L4: =K4*350 -> 284810.73 | M4: X | N4: =IF(M4="X",J4*1,"") -> 627900000 | O4: =IF(D4="","",IF(M4="X",D4*11.5,"")) | P4: Soybean | X4: IA 50 | Y4: Polk
A5: ADM | B5: Decatur | C5: IL | F5: =G5*350 -> 57750000 | G5: 165000 | H5: 4500 | I5: =G5*11.5 -> 1897500 | J5: =I5*350 -> 664125000 | K5: =I5/2204.622 -> 860.69176 | L5: =K5*350 -> 301242.12 | M5: X | N5: =IF(M5="X",J5*1,"") -> 664125000 | O5: =IF(D5="","",IF(M5="X",D5*11.5,"")) | P5: Soybean | X5: IL 40 | Y5: Macon
A6: ADM | B6: Quincy | C6: IL | F6: =G6*350 -> 90475000 | G6: =235000*1.1 -> 258500 | H6: =G6/36.7437 -> 7035.2196 | I6: =G6*11.5 -> 2972750 | J6: =I6*350 -> 1.0404625e+09 | K6: =I6/2204.622 -> 1348.4171 | L6: =K6*350 -> 471945.98 | M6: X | N6: =IF(M6="X",J6*1,"") -> 1.0404625e+09 | O6: =IF(D6="","",IF(M6="X",D6*11.5,"")) | P6: Soybean and Cottonseed | S6: 2022 | T6: 8225000 | U6: =T6*11.5 -> 94587500 | V6: Estimated 10% expansion - Expected completion Q1 2022 - $25MM to expand refining and storage capacity - 8.225 mmbu expansion | X6: IL 30 | Y6: Adams
A7: ADM | B7: Frankfort | C7: IN | F7: =G7*350 -> 41300000 | G7: 118000 | H7: =G7/36.7437 -> 3211.4349 | I7: =G7*11.5 -> 1357000 | J7: =I7*350 -> 474950000 | K7: =I7/2204.622 -> 615.52502 | L7: =K7*350 -> 215433.76 | M7: X | N7: =IF(M7="X",J7*1,"") -> 474950000 | O7: =IF(D7="","",IF(M7="X",D7*11.5,"")) | P7: Soybean | X7: IN 50 | Y7: Clinton
A8: ADM | B8: Mankato | C8: MN | F8: =G8*350 -> 54250000 | G8: 155000 | H8: =G8/36.7437 -> 4218.4102 | I8: =G8*11.5 -> 1782500 | J8: =I8*350 -> 623875000 | K8: =I8/2204.622 -> 808.52863 | L8: =K8*350 -> 282985.02 | M8: X | N8: =IF(M8="X",J8*1,"") -> 623875000 | O8: =IF(D8="","",IF(M8="X",D8*11.5,"")) | P8: Soybean and Cottonseed | X8: MN 80 | Y8: Blue Earth
A9: ADM | B9: Deerfield | C9: MO | F9: =G9*350 -> 22750000 | G9: 65000 | H9: =G9/36.7437 -> 1769.0107 | I9: =G9*11.5 -> 747500 | J9: =I9*350 -> 261625000 | K9: =I9/2204.622 -> 339.06039 | L9: =K9*350 -> 118671.14 | N9: =IF(M9="X",J9*1,"") | O9: =IF(D9="","",IF(M9="X",D9*11.5,"")) | P9: Soybean | Q9: X | X9: MO 40 | Y9: Vernon
A10: ADM | B10: Mexico | C10: MO | F10: =G10*350 -> 17850000 | G10: 51000 | H10: =G10/36.7437 -> 1387.993 | I10: =G10*11.5 -> 586500 | J10: =I10*350 -> 205275000 | K10: =I10/2204.622 -> 266.032 | L10: =K10*350 -> 93111.2 | M10: X | N10: =IF(M10="X",J10*1,"") -> 205275000 | O10: =IF(D10="","",IF(M10="X",D10*11.5,"")) | P10: Soybean | Q10: X | X10: MO 30 | Y10: Audrain
A11: ADM | B11: Enderlin | C11: ND | F11: =G11*350 -> 28000000 | G11: 80000 | H11: =G11/36.7437 -> 2177.244 | I11: =G11*11.5 -> 920000 | J11: =I11*350 -> 322000000 | K11: =I11/2204.622 -> 417.3051 | L11: =K11*350 -> 146056.78 | M11: X | N11: =IF(M11="X",J11*1,"") -> 322000000 | O11: =IF(D11="","",IF(M11="X",D11*11.5,"")) | P11: Soybean and Canola | R11: X | X11: ND 90 | Y11: Ransom
A12: ADM | B12: Spiritwood | C12: ND | D12: 52500000 | E12: =MROUND(D12/350,500) -> 150000 | F12: 52500000 | G12: 150000 | H12: =G12/36.7437 -> 4082.3325 | I12: =G12*11.5 -> 1725000 | J12: =I12*350 -> 603750000 | K12: =I12/2204.622 -> 782.44706 | L12: =K12*350 -> 273856.47 | M12: X | N12: 603750000 | O12: =IF(D12="","",IF(M12="X",D12*11.5,"")) -> 603750000 | P12: Soybean | S12: 2023 | T12: 52500000 | U12: 603750000 | V12: Opening Oct 2023 - Green Bison - Jointly owned by ADM and Marathon Petroleum Corporation (MPC) - opened October 2023 | X12: ND 50 | Y12: Stutsman
A13: ADM | B13: Fremont | C13: NE | F13: =G13*350 -> 18550000 | G13: 53000 | H13: =G13/36.7437 -> 1442.4241 | I13: =G13*11.5 -> 609500 | J13: =I13*350 -> 213325000 | K13: =I13/2204.622 -> 276.46463 | L13: =K13*350 -> 96762.62 | N13: =IF(M13="X",J13*1,"") | O13: =IF(D13="","",IF(M13="X",D13*11.5,"")) | P13: Soybean | X13: NE 60 | Y13: Dodge
A14: ADM | B14: Lincoln | C14: NE | F14: =G14*350 -> 57050000 | G14: 163000 | H14: =G14/36.7437 -> 4436.1346 | I14: =G14*11.5 -> 1874500 | J14: =I14*350 -> 656075000 | K14: =I14/2204.622 -> 850.25914 | L14: =K14*350 -> 297590.7 | M14: X | N14: =IF(M14="X",J14*1,"") -> 656075000 | O14: =IF(D14="","",IF(M14="X",D14*11.5,"")) | P14: Soybean and Cottonseed | X14: NE 60 | Y14: Lancaster
A15: ADM | B15: Fostoria | C15: OH | F15: =G15*350 -> 26250000 | G15: 75000 | H15: =G15/36.7437 -> 2041.1662 | I15: =G15*11.5 -> 862500 | J15: =I15*350 -> 301875000 | K15: =I15/2204.622 -> 391.22353 | L15: =K15*350 -> 136928.24 | N15: =IF(M15="X",J15*1,"") | O15: =IF(D15="","",IF(M15="X",D15*11.5,"")) | P15: Soybean | X15: OH 10 | Y15: Hancock
A16: ADM | B16: Kershaw | C16: SC | F16: =G16*350 -> 14700000 | G16: 42000 | H16: =G16/36.7437 -> 1143.0531 | I16: =G16*11.5 -> 483000 | J16: =I16*350 -> 169050000 | K16: =I16/2204.622 -> 219.08518 | L16: =K16*350 -> 76679.812 | N16: =IF(M16="X",J16*1,"") | O16: =IF(D16="","",IF(M16="X",D16*11.5,"")) | P16: Soybean | X16: SC 20 | Y16: Lancaster
A17: AGP | B17: Eagle Grove | C17: IA | F17: =G17*350 -> 36750000 | G17: 105000 | H17: =G17/36.7437 -> 2857.6327 | I17: =G17*11.5 -> 1207500 | J17: =I17*350 -> 422625000 | K17: =I17/2204.622 -> 547.71294 | L17: =K17*350 -> 191699.53 | M17: X | N17: =IF(M17="X",J17*1,"") -> 422625000 | O17: =IF(D17="","",IF(M17="X",D17*11.5,"")) | P17: Soybean | X17: IA 20 | Y17: Wright
A18: AGP | B18: Emmetsburg | C18: IA | F18: =G18*350 -> 43750000 | G18: 125000 | H18: =G18/36.7437 -> 3401.9437 | I18: =G18*11.5 -> 1437500 | J18: =I18*350 -> 503125000 | K18: =I18/2204.622 -> 652.03922 | L18: =K18*350 -> 228213.73 | M18: X | N18: =IF(M18="X",J18*1,"") -> 503125000 | O18: =IF(D18="","",IF(M18="X",D18*11.5,"")) | P18: Soybean | X18: IA 10 | Y18: Palo Alto
A19: AGP | B19: Manning | C19: IA | F19: =G19*350 -> 38500000 | G19: 110000 | H19: =G19/36.7437 -> 2993.7105 | I19: =G19*11.5 -> 1265000 | J19: =I19*350 -> 442750000 | K19: =I19/2204.622 -> 573.79451 | L19: =K19*350 -> 200828.08 | N19: =IF(M19="X",J19*1,"") | O19: =IF(D19="","",IF(M19="X",D19*11.5,"")) | P19: Soybean | X19: IA 40 | Y19: Carroll
A20: AGP | B20: Mason City | C20: IA | F20: =G20*350 -> 19250000 | G20: 55000 | H20: =G20/36.7437 -> 1496.8552 | I20: =G20*11.5 -> 632500 | J20: =I20*350 -> 221375000 | K20: =I20/2204.622 -> 286.89725 | L20: =K20*350 -> 100414.04 | M20: X | N20: =IF(M20="X",J20*1,"") -> 221375000 | O20: =IF(D20="","",IF(M20="X",D20*11.5,"")) | P20: Soybean | X20: IA 20 | Y20: Cerro Gordo
A21: AGP | B21: Sgt. Bluff | C21: IA | D21: 8000000 | E21: =MROUND(D21/350,500) -> 23000 | F21: 30000000 | G21: 45000 | H21: =G21/36.7437 -> 1224.6997 | I21: =G21*11.5 -> 517500 | J21: =I21*350 -> 181125000 | K21: =I21/2204.622 -> 234.73412 | L21: =K21*350 -> 82156.941 | M21: X | N21: =IF(M21="X",J21*1,"") -> 181125000 | O21: =IF(D21="","",IF(M21="X",D21*11.5,"")) -> 92000000 | P21: Soybean | Q21: X | S21: 2023 | V21: $71.5MM expansion including $59.3MM in new equipment - 8 mmbu/yr expansion - Expected completion Fall 2023. HOBO file daily capacity - 115k bu | X21: IA 40 | Y21: Woodbury
A22: AGP | B22: Sheldon | C22: IA | F22: =G22*350 -> 40250000 | G22: 115000 | H22: =G22/36.7437 -> 3129.7882 | I22: =G22*11.5 -> 1322500 | J22: =I22*350 -> 462875000 | K22: =I22/2204.622 -> 599.87608 | L22: =K22*350 -> 209956.63 | N22: =IF(M22="X",J22*1,"") | O22: =IF(D22="","",IF(M22="X",D22*11.5,"")) | P22: Soybean | X22: IA 10 | Y22: O'Brien
A23: AGP | B23: Dawson | C23: MN | F23: =G23*350 -> 38500000 | G23: 110000 | H23: =G23/36.7437 -> 2993.7105 | I23: =G23*11.5 -> 1265000 | J23: =I23*350 -> 442750000 | K23: =I23/2204.622 -> 573.79451 | L23: =K23*350 -> 200828.08 | N23: =IF(M23="X",J23*1,"") | O23: =IF(D23="","",IF(M23="X",D23*11.5,"")) | P23: Soybean | X23: MN 40 | Y23: Lac Qui Parle
A24: AGP | B24: St. Joseph | C24: MO | F24: =G24*350 -> 17500000 | G24: 50000 | H24: =G24/36.7437 -> 1360.7775 | I24: =G24*11.5 -> 575000 | J24: =I24*350 -> 201250000 | K24: =I24/2204.622 -> 260.81569 | L24: =K24*350 -> 91285.49 | M24: X | N24: =IF(M24="X",J24*1,"") -> 201250000 | O24: =IF(D24="","",IF(M24="X",D24*11.5,"")) | P24: Soybean | Q24: X | V24: HOBO file 120k daily cap. | X24: MO 10 | Y24: Buchanan
A25: AGP | B25: David City | C25: NE | D25: 52500000 | E25: =MROUND(D25/350,500) -> 150000 | H25: =G25/36.7437 -> 0 | I25: =G25*11.5 -> 0 | J25: =I25*350 -> 0 | K25: =I25/2204.622 -> 0 | L25: =K25*350 -> 0 | M25: X | N25: =IF(M25="X",J25*1,"") -> 0 | O25: =IF(D25="","",IF(M25="X",D25*11.5,"")) -> 603750000 | P25: Soybean | S25: 2025 | V25: Late 2025 start date | X25: NE 60 | Y25: Butler
A26: AGP | B26: Hastings | C26: NE | F26: =G26*350 -> 26250000 | G26: 75000 | H26: =G26/36.7437 -> 2041.1662 | I26: =G26*11.5 -> 862500 | J26: =I26*350 -> 301875000 | K26: =I26/2204.622 -> 391.22353 | L26: =K26*350 -> 136928.24 | M26: X | N26: =IF(M26="X",J26*1,"") -> 301875000 | O26: =IF(D26="","",IF(M26="X",D26*11.5,"")) | P26: Soybean | X26: NE 80 | Y26: Adams
A27: AGP | B27: Aberdeen | C27: SD | F27: 60000000 | G27: =MROUND(F27/350,500) -> 171500 | H27: =G27/36.7437 -> 4667.4668 | I27: =G27*11.5 -> 1972250 | J27: =I27*350 -> 690287500 | K27: =I27/2204.622 -> 894.5978 | L27: =K27*350 -> 313109.23 | N27: =IF(M27="X",J27*1,"") | O27: =IF(D27="","",IF(M27="X",D27*11.5,"")) | P27: Soybean | V27: We had 45.5 million bushels per year - 60 MM from HB | X27: SD 20 | Y27: Brown
A28: American Natural Processors | B28: Cherokee | C28: IA | F28: =G28*350 -> 35000000 | G28: 100000 | H28: =G28/36.7437 -> 2721.555 | I28: =G28*11.5 -> 1150000 | J28: =I28*350 -> 402500000 | K28: =I28/2204.622 -> 521.63137 | L28: =K28*350 -> 182570.98 | M28: X | N28: =IF(M28="X",J28*1,"") -> 402500000 | O28: =IF(D28="","",IF(M28="X",D28*11.5,"")) | P28: Soybean | X28: IA 10 | Y28: Cherokee
A29: Benson Hill - White River | B29: Creston | C29: IA | F29: =G29*350 -> 5600000 | G29: 16000 | H29: =G29/36.7437 -> 435.4488 | I29: =G29*11.5 -> 184000 | J29: =I29*350 -> 64400000 | K29: =I29/2204.622 -> 83.46102 | L29: =K29*350 -> 29211.357 | N29: =IF(M29="X",J29*1,"") | O29: =IF(D29="","",IF(M29="X",D29*11.5,"")) | P29: Soybean | X29: IA 20 | Y29: Union
A30: Boyd Station LLC | B30: Danville | C30: PA | G30: - | I30: - | N30: =IF(M30="X",J30*1,"") | O30: =IF(D30="","",IF(M30="X",D30*11.5,"")) | P30: Soybean | X30: MD 50 | Y30: Northumberland
A31: Bunge | B31: Decatur | C31: AL | F31: =G31*350 -> 80500000 | G31: 230000 | H31: =G31/36.7437 -> 6259.5765 | I31: =G31*11.5 -> 2645000 | J31: =I31*350 -> 925750000 | K31: =I31/2204.622 -> 1199.7522 | L31: =K31*350 -> 419913.25 | M31: X | N31: =IF(M31="X",J31*1,"") -> 925750000 | O31: =IF(D31="","",IF(M31="X",D31*11.5,"")) | P31: Soybean | X31: AL 10 | Y31: Morgan
A32: Bunge | B32: Council Bluffs | C32: IA | F32: =G32*350 -> 45500000 | G32: 130000 | H32: =G32/36.7437 -> 3538.0215 | I32: =G32*11.5 -> 1495000 | J32: =I32*350 -> 523250000 | K32: =I32/2204.622 -> 678.12078 | L32: =K32*350 -> 237342.27 | M32: X | N32: =IF(M32="X",J32*1,"") -> 523250000 | O32: =IF(D32="","",IF(M32="X",D32*11.5,"")) | P32: Soybean | V32: HOBO file 230k daily cap. | X32: IA 20 | Y32: Pottawattamie
A33: Bunge | B33: Cairo | C33: IL | D33: =F33 -> 37625000 | E33: =MROUND(D33/350,500) -> 107500 | F33: =G33*350 -> 37625000 | G33: 107500 | H33: =G33/36.7437 -> 2925.6716 | I33: =G33*11.5 -> 1236250 | J33: =I33*350 -> 432687500 | K33: =I33/2204.622 -> 560.75373 | L33: =K33*350 -> 196263.8 | M33: X | N33: =IF(M33="X",J33*1,"") -> 432687500 | O33: =IF(D33="","",IF(M33="X",D33*11.5,"")) -> 432687500 | P33: Soybean | S33: 2024 | V33: Co-investment from Chevron to double capacity - expected completion 2024. HOBO file 130k daily cap | X33: IL 80 | Y33: Alexander
A34: Bunge | B34: Decatur | C34: IN | F34: =G34*350 -> 43750000 | G34: 125000 | H34: =G34/36.7437 -> 3401.9437 | I34: =G34*11.5 -> 1437500 | J34: =I34*350 -> 503125000 | K34: =I34/2204.622 -> 652.03922 | L34: =K34*350 -> 228213.73 | M34: X | N34: =IF(M34="X",J34*1,"") -> 503125000 | O34: =IF(D34="","",IF(M34="X",D34*11.5,"")) | P34: Soybean | X34: IN 30 | Y34: Adams
A35: Bunge | B35: Morristown | C35: IN | F35: =G35*350 -> 35000000 | G35: 100000 | H35: =G35/36.7437 -> 2721.555 | I35: =G35*11.5 -> 1150000 | J35: =I35*350 -> 402500000 | K35: =I35/2204.622 -> 521.63137 | L35: =K35*350 -> 182570.98 | M35: X | N35: =IF(M35="X",J35*1,"") -> 402500000 | O35: =IF(D35="","",IF(M35="X",D35*11.5,"")) | P35: Soybean | X35: IN 50 | Y35: Shelby
A36: Bunge | B36: Emporia | C36: KS | F36: =G36*350 -> 28000000 | G36: 80000 | H36: =G36/36.7437 -> 2177.244 | I36: =G36*11.5 -> 920000 | J36: =I36*350 -> 322000000 | K36: =I36/2204.622 -> 417.3051 | L36: =K36*350 -> 146056.78 | N36: =IF(M36="X",J36*1,"") | O36: =IF(D36="","",IF(M36="X",D36*11.5,"")) | P36: Soybean | V36: HOBO file 100k daily cap. | X36: KS 80 | Y36: Lyon
A37: Bunge | B37: Desterhan | C37: LA | D37: =F37 -> 19250000 | E37: =MROUND(D37/350,500) -> 55000 | F37: =G37*350 -> 19250000 | G37: 55000 | H37: =G37/36.7437 -> 1496.8552 | I37: =G37*11.5 -> 632500 | J37: =I37*350 -> 221375000 | K37: =I37/2204.622 -> 286.89725 | L37: =K37*350 -> 100414.04 | M37: X | N37: =IF(M37="X",J37*1,"") -> 221375000 | O37: =IF(D37="","",IF(M37="X",D37*11.5,"")) -> 221375000 | P37: Soybean | S37: 2024 | V37: Co-investment from Chevron to double capacity - expected completion 2024 | X37: LA 90 | Y37: St. Charles
A38: Bunge | B38: Bellevue | C38: OH | F38: =G38*350 -> 42000000 | G38: 120000 | H38: =G38/36.7437 -> 3265.866 | I38: =G38*11.5 -> 1380000 | J38: =I38*350 -> 483000000 | K38: =I38/2204.622 -> 625.95765 | L38: =K38*350 -> 219085.18 | M38: X | N38: =IF(M38="X",J38*1,"") -> 483000000 | O38: =IF(D38="","",IF(M38="X",D38*11.5,"")) | P38: Soybean | X38: OH 20 | Y38: Huron
A39: Bunge | B39: Delphos | C39: OH | F39: =G39*350 -> 42875000 | G39: 122500 | H39: =G39/36.7437 -> 3333.9049 | I39: =G39*11.5 -> 1408750 | J39: =I39*350 -> 493062500 | K39: =I39/2204.622 -> 638.99843 | L39: =K39*350 -> 223649.45 | N39: =IF(M39="X",J39*1,"") | O39: =IF(D39="","",IF(M39="X",D39*11.5,"")) | P39: Soybean | X39: OH 10 | Y39: Van Wert
A40: Bunge | B40: Hamilton | C40: ON | D40: 28000000 | E40: 80000 | G40: 917714.29 | H40: 321200000 | I40: 416.26832 | J40: 145693.91 | K40: X | M40: X | V40: HOBO FILE
A41: Cargill | B41: Guntersville | C41: AL | F41: =G41*350 -> 35000000 | G41: 100000 | H41: =G41/36.7437 -> 2721.555 | I41: =G41*11.5 -> 1150000 | J41: =I41*350 -> 402500000 | K41: =I41/2204.622 -> 521.63137 | L41: =K41*350 -> 182570.98 | N41: =IF(M41="X",J41*1,"") | O41: =IF(D41="","",IF(M41="X",D41*11.5,"")) | P41: Soybean | X41: AL 20 | Y41: Marshall
A42: Cargill | B42: Gainesville | C42: GA | F42: =G42*350 -> 35000000 | G42: 100000 | H42: =G42/36.7437 -> 2721.555 | I42: =G42*11.5 -> 1150000 | J42: =I42*350 -> 402500000 | K42: =I42/2204.622 -> 521.63137 | L42: =K42*350 -> 182570.98 | M42: X | N42: =IF(M42="X",J42*1,"") -> 402500000 | O42: =IF(D42="","",IF(M42="X",D42*11.5,"")) | P42: Soybean | X42: GA 20 | Y42: Hall
A43: Cargill | B43: Cedar Rapids | C43: IA | F43: =G43*350 -> 66500000 | G43: 190000 | H43: =G43/36.7437 -> 5170.9545 | I43: =G43*11.5 -> 2185000 | J43: =I43*350 -> 764750000 | K43: =I43/2204.622 -> 991.09961 | L43: =K43*350 -> 346884.86 | N43: =IF(M43="X",J43*1,"") | O43: =IF(D43="","",IF(M43="X",D43*11.5,"")) | P43: Soybean | S43: 2021 | T43: 6650000 | V43: Raised capacity by 10% - Expected completion - fall of 2021 | X43: IA 60 | Y43: Linn
A44: Cargill | B44: Iowa Falls | C44: IA | F44: =G44*350 -> 30800000 | G44: 88000 | H44: =G44/36.7437 -> 2394.9684 | I44: =G44*11.5 -> 1012000 | J44: =I44*350 -> 354200000 | K44: =I44/2204.622 -> 459.03561 | L44: =K44*350 -> 160662.46 | N44: =IF(M44="X",J44*1,"") | O44: =IF(D44="","",IF(M44="X",D44*11.5,"")) | P44: Soybean | Q44: X | X44: IA 50 | Y44: Hardin
A45: Cargill | B45: Sioux City | C45: IA | F45: =G45*350 -> 40250000 | G45: 115000 | H45: =G45/36.7437 -> 3129.7882 | I45: =G45*11.5 -> 1322500 | J45: =I45*350 -> 462875000 | K45: =I45/2204.622 -> 599.87608 | L45: =K45*350 -> 209956.63 | M45: X | N45: =IF(M45="X",J45*1,"") -> 462875000 | O45: =IF(D45="","",IF(M45="X",D45*11.5,"")) | P45: Soybean | X45: IA 60 | Y45: Dakota
A46: Cargill | B46: Bloomington | C46: IL | F46: =G46*350 -> 28000000 | G46: 80000 | H46: =G46/36.7437 -> 2177.244 | I46: =G46*11.5 -> 920000 | J46: =I46*350 -> 322000000 | K46: =I46/2204.622 -> 417.3051 | L46: =K46*350 -> 146056.78 | N46: =IF(M46="X",J46*1,"") | O46: =IF(D46="","",IF(M46="X",D46*11.5,"")) | P46: Soybean | V46: HOBO file 95k daily cap. | X46: IL 40 | Y46: McLean
A47: Cargill | B47: Lafayette | C47: IN | F47: =G47*350 -> 45500000 | G47: 130000 | H47: =G47/36.7437 -> 3538.0215 | I47: =G47*11.5 -> 1495000 | J47: =I47*350 -> 523250000 | K47: =I47/2204.622 -> 678.12078 | L47: =K47*350 -> 237342.27 | M47: X | N47: =IF(M47="X",J47*1,"") -> 523250000 | O47: =IF(D47="","",IF(M47="X",D47*11.5,"")) | P47: Soybean | X47: IN 40 | Y47: Tippecanoe
A48: Cargill | B48: Wichita | C48: KS | F48: =G48*350 -> 70000000 | G48: =165000+35000 -> 200000 | H48: =G48/36.7437 -> 5443.11 | I48: =G48*11.5 -> 2300000 | J48: =I48*350 -> 805000000 | K48: =I48/2204.622 -> 1043.2627 | L48: =K48*350 -> 365141.96 | M48: X | N48: =IF(M48="X",J48*1,"") -> 805000000 | O48: =IF(D48="","",IF(M48="X",D48*11.5,"")) | P48: Soybean | Q48: X | S48: 2022 | T48: 12250000 | U48: =T48*11.5 -> 140875000 | V48: Double unload capacity, raised crushing capacity from 165,000 to 200,000 - expected completion fall of 2022 | X48: KS 60 | Y48: Sedgwick
A49: Cargill | B49: Hayti | C49: MO | D49: 62000000 | E49: =MROUND(D49/350,500) -> 177000 | N49: =D49*11.75*0.95 -> 692075000 | O49: =N49 -> 692075000 | P49: Soybean | S49: 2026 | X49: MO 90 | Y49: Pemiscot
A50: Cargill | B50: Kansas City | C50: MO | F50: 36000000 | G50: =F50/350 -> 102857.14 | H50: =G50/36.7437 -> 2799.3137 | I50: =G50*11.5 -> 1182857.1 | J50: =I50*350 -> 4.14e+08 | K50: =I50/2204.622 -> 536.53513 | L50: =K50*350 -> 187787.29 | M50: X | N50: =IF(M50="X",J50*1,"") -> 4.14e+08 | O50: =IF(D50="","",IF(M50="X",D50*11.5,"")) | P50: Soybean | Q50: X | S50: 2021 | T50: 6250000 | V50: Triple truck load out capacity - added 20% to crushing capacity - expected completion fall of 2021 | X50: MO 40 | Y50: Jackson
A51: Cargill | B51: Fayetteville | C51: NC | F51: =G51*350 -> 38500000 | G51: 110000 | H51: =G51/36.7437 -> 2993.7105 | I51: =G51*11.5 -> 1265000 | J51: =I51*350 -> 442750000 | K51: =I51/2204.622 -> 573.79451 | L51: =K51*350 -> 200828.08 | M51: X | N51: =IF(M51="X",J51*1,"") -> 442750000 | O51: =IF(D51="","",IF(M51="X",D51*11.5,"")) | P51: Soybean | S51: 2022 | T51: 3500000 | U51: =T51*11.5 -> 40250000 | V51: Estimated 10% expansion - Expected completion 2022 - $5MM in real estate improvements and $20MM in new equipment | X51: NC 90 | Y51: Cumberland
A52: Cargill | B52: Sidney | C52: OH | F52: =28875000*2 -> 57750000 | G52: =MROUND(F52/350,500) -> 165000 | H52: =G52/36.7437 -> 4490.5657 | I52: =G52*11.5 -> 1897500 | J52: =I52*350 -> 664125000 | K52: =I52/2204.622 -> 860.69176 | L52: =K52*350 -> 301242.12 | M52: X | N52: =IF(M52="X",J52*1,"") -> 664125000 | O52: =IF(D52="","",IF(M52="X",D52*11.5,"")) | P52: Soybean | S52: 2022 | T52: 28875000 | U52: =T52*11.5 -> 332062500 | V52: Doubled Capacity - Expected completion - fall 2022 | X52: OH 40 | Y52: Shelby
A53: CGB | B53: Mount Vernon | C53: IN | F53: =G53*350 -> 31500000 | G53: 90000 | H53: =G53/36.7437 -> 2449.3995 | I53: =G53*11.5 -> 1035000 | J53: =I53*350 -> 362250000 | K53: =I53/2204.622 -> 469.46824 | L53: =K53*350 -> 164313.88 | N53: =IF(M53="X",J53*1,"") | O53: =IF(D53="","",IF(M53="X",D53*11.5,"")) | P53: Soybean | X53: IN 70 | Y53: Posey
A54: CGB/MN Soy | B54: Casselton | C54: ND | D54: 42500000 | E54: =MROUND(D54/350,500) -> 121500 | M54: X | N54: =IF(M54="X",J54*1,"") -> 0 | O54: =IF(D54="","",IF(M54="X",D54*11.5,"")) -> 488750000 | P54: Soybean | S54: 2024 | X54: ND 60 | Y54: Cass
A55: CHS | B55: Mankato | C55: MN | F55: =G55*350 -> 43750000 | G55: 125000 | H55: =G55/36.7437 -> 3401.9437 | I55: =G55*11.5 -> 1437500 | J55: =I55*350 -> 503125000 | K55: =I55/2204.622 -> 652.03922 | L55: =K55*350 -> 228213.73 | M55: X | N55: =IF(M55="X",J55*1,"") -> 503125000 | O55: =MROUND(N55*0.35,5000) -> 176095000 | P55: Soybean | S55: 2023 | V55: Expanding veg oil processing by 35% expected completion late summer 2023 | X55: MN 80 | Y55: Blue Earth
A56: CHS | B56: Fairmont | C56: MN | F56: =55000000+16500000 -> 71500000 | G56: =MROUND(F56/350,500) -> 204500 | H56: =G56/36.7437 -> 5565.5799 | I56: =G56*11.5 -> 2351750 | J56: =I56*350 -> 823112500 | K56: =I56/2204.622 -> 1066.7362 | L56: =K56*350 -> 373357.65 | M56: X | N56: =IF(M56="X",J56*1,"") -> 823112500 | O56: =IF(D56="","",IF(M56="X",D56*11.5,"")) | P56: Soybean | S56: 2021 | T56: 16500000 | U56: =T56*11.5 -> 189750000 | V56: Increased capacity by 30% started in Oct 2019 expected completion Oct 2021 | X56: MN 80 | Y56: Martin
A57: Continental Refining Co (CRC) | B57: Somerset | C57: KY | D57: 4000000 | E57: =MROUND(D57/350,500) -> 11500 | F57: 4000000 | G57: =MROUND(F57/350,500) -> 11500 | P57: Soybean | Q57: X | S57: 2023 | V57: Opening late Q1 2023 developed to feed 5 mmgy biodiesel plant - needs 38 million pounds of soybean oil for biodiesel plant leaving 8 mm pounds for the market | X57: KY 60 | Y57: Pulaski
A58: Epitme Energy | B58: Crookston | C58: MN | D58: 42000000 | E58: =MROUND(D58/350,500) -> 120000
A59: Express Grain | B59: Greenwood | C59: MS | N59: =IF(M59="X",J59*1,"") | O59: =IF(D59="","",IF(M59="X",D59*11.5,"")) | P59: Soybean | V59: Closed? 10,062,500 mbuy | X59: MS 40 | Y59: LeFlore
A60: Incobrasa | B60: Gilman | C60: IL | D60: 28000000 | E60: 80000 | F60: =G60*350 -> 28000000 | G60: 80000 | H60: =G60/36.7437 -> 2177.244 | I60: =G60*11.5 -> 920000 | J60: =I60*350 -> 322000000 | K60: =I60/2204.622 -> 417.3051 | L60: =K60*350 -> 146056.78 | M60: X | N60: =IF(M60="X",J60*1,"") -> 322000000 | O60: =IF(D60="","",IF(M60="X",D60*11.5,"")) -> 322000000 | P60: Soybean | Q60: X | S60: 2026 | X60: IL 50 | Y60: Iroquois
A61: JM Smucker | B61: Ivorydale | C61: OH | M61: X | N61: 985000000 | O61: =IF(D61="","",IF(M61="X",D61*11.5,"")) | P61: Soybean, Canola, Corn, Cotton and Peanut | X61: OH 70 | Y61: Hamilton
A62: Landus | B62: Ralston | C62: IA | F62: =G62*350 -> 17500000 | G62: 50000 | H62: =G62/36.7437 -> 1360.7775 | I62: =G62*11.5 -> 575000 | J62: =I62*350 -> 201250000 | K62: =I62/2204.622 -> 260.81569 | L62: =K62*350 -> 91285.49 | N62: =IF(M62="X",J62*1,"") | O62: =IF(D62="","",IF(M62="X",D62*11.5,"")) | P62: Soybean | X62: IA 40 | Y62: Carroll
A63: LDC | B63: Claypool | C63: IN | F63: =G63*350 -> 52500000 | G63: 150000 | H63: =G63/36.7437 -> 4082.3325 | I63: =G63*11.5 -> 1725000 | J63: =I63*350 -> 603750000 | K63: =I63/2204.622 -> 782.44706 | L63: =K63*350 -> 273856.47 | M63: X | N63: =IF(M63="X",J63*1,"") -> 603750000 | O63: =IF(D63="","",IF(M63="X",D63*11.5,"")) | P63: Soybean | Q63: X | X63: IN 20 | Y63: Kosciusko
A64: LDC | B64: Upper Sandusky | C64: OH | D64: =1500000*36.7437 -> 55115550 | E64: =MROUND(D64/350,500) -> 157500 | M64: X | O64: =320000*2204.622 -> 705479040 | S64: 2026 | X64: OH 20 | Y64: Wyandot
A65: MN Soy | B65: Brewster | C65: MN | F65: =G65*350 -> 40250000 | G65: 115000 | H65: =G65/36.7437 -> 3129.7882 | I65: =G65*11.5 -> 1322500 | J65: =I65*350 -> 462875000 | K65: =I65/2204.622 -> 599.87608 | L65: =K65*350 -> 209956.63 | M65: X | N65: =IF(M65="X",J65*1,"") -> 462875000 | O65: =IF(D65="","",IF(M65="X",D65*11.5,"")) | P65: Soybean | Q65: X | X65: MN 70 | Y65: Nobles
A66: MN Soy | B66: Spiritwood | C66: ND | D66: =1500000*36.7437 -> 55115550 | E66: =MROUND(D66/350,500) -> 157500 | P66: Soybean | V66: Planned to build a 43,750,000 mbuy plant but could not get financing, ADM now building a plant there | X66: ND 50 | Y66: Stutsman
A67: N Bowdish Company | B67: Norfolk | C67: NE | D67: 38500000 | E67: =MROUND(D67/350,500) -> 110000 | O67: =IF(D67="","",IF(M67="X",D67*11.5,"")) | P67: Soybean | S67: 2026 | V67: Ground breaking March 2022 - completion 2024? - early 2026 - HB | X67: NE 30 | Y67: Madison
A68: Owensboro Grain | B68: Owensboro | C68: KY | F68: =G68*350 -> 43750000 | G68: 125000 | H68: =G68/36.7437 -> 3401.9437 | I68: =G68*11.5 -> 1437500 | J68: =I68*350 -> 503125000 | K68: =I68/2204.622 -> 652.03922 | L68: =K68*350 -> 228213.73 | M68: X | N68: =IF(M68="X",J68*1,"") -> 503125000 | O68: =IF(D68="","",IF(M68="X",D68*11.5,"")) | P68: Soybean | Q68: X | V68: Bought out by Cargill in November 2022 | X68: KY 20 | Y68: Daviess
A69: Perdue | B69: Salisbury | C69: MD | F69: =G69*350 -> 17500000 | G69: 50000 | H69: =G69/36.7437 -> 1360.7775 | I69: =G69*11.5 -> 575000 | J69: =I69*350 -> 201250000 | K69: =I69/2204.622 -> 260.81569 | L69: =K69*350 -> 91285.49 | M69: X | N69: =IF(M69="X",J69*1,"") -> 201250000 | O69: =IF(D69="","",IF(M69="X",D69*11.5,"")) | P69: Soybean | X69: MD 90 | Y69: Widomico
A70: Perdue | B70: Cofield | C70: NC | F70: =G70*350 -> 10500000 | G70: 30000 | H70: =G70/36.7437 -> 816.4665 | I70: =G70*11.5 -> 345000 | J70: =I70*350 -> 120750000 | K70: =I70/2204.622 -> 156.48941 | L70: =K70*350 -> 54771.294 | N70: =IF(M70="X",J70*1,"") | O70: =IF(D70="","",IF(M70="X",D70*11.5,"")) | P70: Soybean | X70: NC 70 | Y70: Hertford
A71: Perdue | B71: Marietta | C71: PA | F71: =G71*350 -> 16800000 | G71: 48000 | H71: =G71/36.7437 -> 1306.3464 | I71: =G71*11.5 -> 552000 | J71: =I71*350 -> 193200000 | K71: =I71/2204.622 -> 250.38306 | L71: =K71*350 -> 87634.071 | N71: =IF(M71="X",J71*1,"") | O71: =IF(D71="","",IF(M71="X",D71*11.5,"")) | P71: Soybean | X71: MD 90 | Y71: Lancaster
A72: Perdue | B72: Chesapeake | C72: VA | D72: =F72 -> 5775000 | E72: =MROUND(D72/350,500) -> 16500 | F72: =G72*350 -> 5775000 | G72: =(MROUND(H72*36.7437,500)) -> 16500 | H72: 450 | I72: =G72*11.5 -> 189750 | J72: =I72*350 -> 66412500 | K72: =I72/2204.622 -> 86.069176 | L72: =K72*350 -> 30124.212 | N72: =IF(M72="X",J72*1,"") | O72: =IF(D72="","",IF(M72="X",D72*11.5,"")) | P72: Soybean | S72: 2024 | V72: Double Capacity - Expected completion - March 2024 | X72: VA 90 | Y72: Chesapeake
A73: Platinum Crush | B73: Alta | C73: IA | D73: 38500000 | E73: =MROUND(D73/350,500) -> 110000 | M73: X | O73: =IF(D73="","",IF(M73="X",D73*11.5,"")) -> 442750000 | P73: Soybean | S73: 2024 | X73: IA 10 | Y73: Buena Vista
A74: Quality Roasting | B74: Reese | C74: MI | F74: =G74*350 -> 747183.14 | G74: =H74*36.7437 -> 2134.809 | H74: 58.1 | I74: - | N74: =IF(M74="X",J74*1,"") | O74: =IF(D74="","",IF(M74="X",D74*11.5,"")) | P74: Soybean | X74: MI 60 | Y74: Tuscola
A75: Quality Roasting | B75: Owen | C75: WI | F75: =G75*350 -> 17500000 | G75: 50000 | H75: =G75/36.7437 -> 1360.7775 | I75: - | N75: =IF(M75="X",J75*1,"") | O75: =IF(D75="","",IF(M75="X",D75*11.5,"")) | P75: Soybean | X75: WI 20 | Y75: Clark
A76: Quality Roasting | B76: Valders | C76: WI | I76: - | N76: =IF(M76="X",J76*1,"") | O76: =IF(D76="","",IF(M76="X",D76*11.5,"")) | P76: Soybean | X76: WI 60 | Y76: Manitowoc
A77: Riceland | B77: Stuttgart | C77: AR | F77: =G77*350 -> 31500000 | G77: 90000 | H77: =G77/36.7437 -> 2449.3995 | I77: =G77*11.5 -> 1035000 | J77: =I77*350 -> 362250000 | K77: =I77/2204.622 -> 469.46824 | L77: =K77*350 -> 164313.88 | M77: X | N77: =IF(M77="X",J77*1,"") -> 362250000 | O77: =IF(D77="","",IF(M77="X",D77*11.5,"")) | P77: Soybean, Canola, Corn, Cotton and Peanut | X77: AR 60 | Y77: Arkansas
A78: Richardson | B78: Memphis | C78: TN | N78: =IF(M78="X",J78*1,"") | O78: =IF(D78="","",IF(M78="X",D78*11.5,"")) | P78: Soybean | X78: TN 10 | Y78: Shelby
A79: Rose Acre Farms - White River | B79: Seymour | C79: IN | N79: =IF(M79="X",J79*1,"") | O79: =IF(D79="","",IF(M79="X",D79*11.5,"")) | P79: Soybean | V79: No facility? 8.4 mbuy | X79: IN 80 | Y79: Jackson
A80: Savage/Bartlett | B80: Coffeyville | C80: KS | D80: 38500000 | E80: =MROUND(D80/350,500) -> 110000 | M80: X | N80: =IF(M80="X",J80*1,"") -> 0 | O80: =IF(D80="","",IF(M80="X",D80*11.5,"")) -> 442750000 | P80: Soybean | S80: 2024 | V80: Construction starte in early 2022 expected completion 2024 | X80: KS 90 | Y80: Montgomery
A81: SD Soybean Processing | B81: Mitchell | C81: SD | D81: 35000000 | E81: =MROUND(D81/350,500) -> 100000 | O81: =IF(D81="","",IF(M81="X",D81*11.5,"")) | P81: Soybean, Sunflower | S81: 2026 | X81: SD 60 | Y81: Davison
A82: SD Soybean Processing | B82: Volga | C82: SD | F82: =G82*350 -> 29750000 | G82: 85000 | H82: =G82/36.7437 -> 2313.3217 | I82: =G82*11.5 -> 977500 | J82: =I82*350 -> 342125000 | K82: =I82/2204.622 -> 443.38667 | L82: =K82*350 -> 155185.33 | M82: X | N82: =IF(M82="X",J82*1,"") -> 342125000 | O82: =IF(D82="","",IF(M82="X",D82*11.5,"")) | P82: Soybean | X82: SD 60 | Y82: Brookings
A83: Shell Rock Soy Processing | B83: Shell Rock | C83: IA | D83: 38500000 | E83: =MROUND(D83/350,500) -> 110000 | H83: =E83/36.7437 -> 2993.7105 | L83: =O83/2204.622 -> 200828.08 | M83: X | O83: =IF(D83="","",IF(M83="X",D83*11.5,"")) -> 442750000 | P83: Soybean | S83: 2023 | V83: Opening March 2023- Opened August 31, 2023 | X83: IA 20 | Y83: Butler
A84: Ventura | B84: Opelousas | C84: LA | N84: =IF(M84="X",J84*1,"") | O84: =IF(D84="","",IF(M84="X",D84*11.5,"")) | P84: Soybean | V84: Partnership with CHS - Not sure this is a crushing plant but rather a food manufacturing facility 19,250,000 mbuy w reffining | X84: LA 50 | Y84: St. Landry
A85: Zeeland Farm Services | B85: Ithaca | C85: MI | F85: =G85*350 -> 39995517 | G85: =H85*36.7437 -> 114272.91 | H85: 3110 | I85: =G85*11.5 -> 1314138.4 | J85: =I85*350 -> 4.5994845e+08 | K85: =I85/2204.622 -> 596.08333 | L85: =K85*350 -> 208629.17 | N85: =IF(M85="X",J85*1,"") | O85: =IF(D85="","",IF(M85="X",D85*11.5,"")) | P85: Soybean | X85: MI 50 | Y85: Gratiot
A86: Zeeland Farm Services | B86: Zeeland | C86: MI | F86: =G86*350 -> 14000000 | G86: 40000 | H86: =G86/36.7437 -> 1088.622 | I86: =G86*11.5 -> 460000 | J86: =I86*350 -> 161000000 | K86: =I86/2204.622 -> 208.65255 | L86: =K86*350 -> 73028.392 | M86: X | N86: =IF(M86="X",J86*1,"") -> 161000000 | O86: =IF(D86="","",IF(M86="X",D86*11.5,"")) | P86: Soybean, Corn, and Cotton | X86: MI 70 | Y86: Ottawa | Z86: Cargill | AA86: Regina | AB86: SK | AL86: Canola
F87: {=stddev(F3:F86,D12,D25,D49,D54,D67,D73,D80,D81,D83)} -> #NAME?
A88: U.S. Total Nameplate Capacities | O88: =IF(D88="","",IF(M88="X",D88*11.5,""))
A89: U.S. Total | F89: =SUM(F3:F85) -> 2.3236927e+09 | G89: =SUM(G3:G85) -> 7516479.1 | H89: =SUM(H3:H85)-H21 -> 3.2138106e+08 | I89: =SUM(I3:I85) -> 75154412 | J89: =SUM(J3:J85) -> 2.6304044e+10 | K89: =SUM(K3:K85) -> 34089.289 | L89: =SUM(L3:L85) -> 12132079 | N89: =SUM(N3:N86) -> 21030712500
A90: U.S. Capacity 2022 | B90: Closed | C90: 2022 | D90: =SUMIF(S$3:S$86,C90,T$3:T$86) -> 52850000 | E90: =MROUND(D90/350,500) -> 151000 | F90: =F89+D90 -> 2.3765427e+09 | G90: =$F89-SUMIFS($F3:$F85,$S3:$S85,$B90)-G13-G49*0.5-G79-12250000 -> 2.3113897e+09 | H90: =$F89-SUMIFS($F3:$F85,$S3:$S85,$B90)-H13-H49*0.5-H79-12250000 -> 2.3114413e+09 | I90: =$F89-SUMIFS($F3:$F85,$S3:$S85,$B90)-I13-I49*0.5-I79-12250000 -> 2.3108332e+09 | J90: =F90*11.5 -> 2.7330241e+10 | K90: =K89-SUMIFS(K3:K85,$S3:$S85,$B90) -> 34089.289 | L90: =L89-SUMIFS(L3:L85,$S3:$S85,$B90) -> 12132079 | N90: =N89+O90 -> 21638487500 | O90: =SUMIF(S$3:S$85,C90,U$3:U$85) -> 607775000
A91: U.S. Capacity 2023 | C91: 2023 | D91: =SUMIF(S$3:S$86,C91,D$3:D$86) -> 103000000 | E91: =MROUND(D91/350,500) -> 294500 | F91: =F90+D91 -> 2.4795427e+09 | J91: =F91*11.5 -> 2.8514741e+10 | N91: =N90+O91 -> 22953082500 | O91: =SUMIF(S$3:S$85,C91,O$3:O$85) -> 1314595000
A92: U.S. Capacity 2024 | C92: 2024 | D92: =SUMIF(S$3:S$86,C92,D$3:D$86) -> 182150000 | E92: =MROUND(D92/350,500) -> 520500 | F92: =F91+D92 -> 2.6616927e+09 | G92: =H89*36.7437 -> 1.1808729e+10 | H92: =G92*330 -> 3.8968806e+12 | J92: =F92*11.5 -> 3.0609466e+10 | N92: =N91+O92 -> 24981395000 | O92: =SUMIF(S$3:S$85,C92,O$3:O$85) -> 2028312500 | P92: =O92-O91 -> 713717500
A93: U.S. Capacity 2025 | C93: 2025 | D93: =SUMIF(S$3:S$86,C93,D$3:D$86) -> 52500000 | E93: =MROUND(D93/350,500) -> 150000 | F93: =F92+D93 -> 2.7141927e+09 | G93: =(H89+H21)*36.7437 -> 1.1808774e+10 | H93: =G93*330 -> 3.8968954e+12 | J93: =F93*11.5 -> 3.1213216e+10 | N93: =N92+O93 -> 25585145000 | O93: =SUMIF(S$3:S$85,C93,O$3:O$85) -> 603750000 | T93: 2023 | U93: =SUMIF($S$3:$S$86,T93,$E$3:$E$86) -> 294500
A94: U.S. Capacity 2026 | C94: 2026 | D94: =SUMIF(S$3:S$86,C94,D$3:D$86) -> 218615550 | E94: =MROUND(D94/350,500) -> 624500 | F94: =F93+D94 -> 2.9328083e+09 | J94: =F94*11.5 -> 3.3727295e+10 | N94: =N93+O94 -> 27304699040 | O94: =SUMIF(S$3:S$85,C94,O$3:O$85) -> 1719554040 | T94: 2024 | U94: =SUMIF($S$3:$S$86,T94,$E$3:$E$86) -> 520500
A95: U.S. Capacity 2027 | C95: 2027 | D95: =SUMIF(S$3:S$86,C95,D$3:D$86)+D67 -> 38500000 | E95: =MROUND(D95/350,500) -> 110000 | F95: =F94+D95 -> 2.9713083e+09 | N95: =N94+O95 -> 27747449040 | O95: =D95*11.5 -> 442750000
A96: U.S. Capacity 2028 | C96: 2028 | D96: =SUMIF(S$3:S$86,C96,D$3:D$86)+D66+D64+D80+D81+D83 -> 222231100 | E96: =MROUND(D96/350,500) -> 635000 | F96: =F95+D96 -> 3.1935394e+09 | N96: =N95+O96 -> 2.9408627e+10 | O96: =D96*0.65*11.5 -> 1.6611775e+09
A97: U.S. Capacity 2029 | C97: 2029
A98: U.S. Capacity 2030 | C98: 2030 | T98: 2025 | U98: =SUMIF($S$3:$S$86,T98,$E$3:$E$86) -> 150000
A99: U.S. Capacity 2031 | C99: 2031
A100: U.S. Capacity 2032 | C100: 2032
...

Sheet Food Plant List
A1: Company | B1: City | C1: State | D1: Notes | I1: 1. Nestle SA
A2: Nestle SA | B2: Anderson | C2: IN | I2: 2. PepsiCo Inc.
A3: Nestle SA | B3: Bakersfield | C3: CA | I3: 3. Coca-Cola Co.
A4: Nestle SA | B4: Bloomington | C4: IL | I4: 4. Anheuser-Busch InBev SA/NV
A5: Nestle SA | B5: Breinigsville | C5: PN | I5: 5. McDonald's Corp.
A6: Nestle SA | B6: Burlington | C6: WI | I6: 6. Unilever NV
A7: Nestle SA | B7: Danville | C7: VA | I7: 7. Procter & Gamble Co.
A8: Nestle SA | B8: Freehold | C8: NJ | I8: 8. Kraft Heinz Co.
A9: Nestle SA | B9: Fort Smith | C9: AR | I9: 9. Kellogg Co.
A10: Nestle SA | B10: Jonesboro | C10: AR | I10: 10. Mondelez International Inc.
A11: Nestle SA | B11: Jonesboro | C11: AR | I11: 11. The J.M. Smucker Company
A12: Nestle SA | B12: Little Chute | C12: WI | I12: 12. Hormel Foods Corporation
A13: Nestle SA | B13: Mount Sterling | C13: KY | I13: 13. General Mills Inc.
... A16: PepsiCo, Inc. | B16: Albuquerque | C16: NM | I16: 16. Conagra Brands Inc.
A17: PepsiCo, Inc. | B17: Allentown | C17: PA
A18: PepsiCo, Inc. | B18: Atlanta | C18: GA
A19: PepsiCo, Inc. | B19: Bridgeview | C19: IL | I19: 1 | J19: X | K19: Nestle SA
A20: PepsiCo, Inc. | B20: Brooklyn Park | C20: MN | I20: 2 | J20: X | K20: PepsiCo Inc
A21: PepsiCo, Inc. | B21: Casa Grande | C21: AZ | I21: 3 | J21: N | K21: Coca-Cola Co
A22: PepsiCo, Inc. | B22: City of Industry | C22: CA | I22: 4 | J22: N | K22: Anheuser-Busch InBev SA/NV
A23: PepsiCo, Inc. | B23: Collierville | C23: TN | I23: 5 | J23: N | K23: McDonald's Corp
A24: PepsiCo, Inc. | B24: Denver | C24: CO | I24: 6 | J24: N | K24: Unilever NV
A25: Frito-Lay | B25: Binghamton | C25: NY | I25: 7 | J25: X | K25: Procter & Gamble Co
A26: Frito-Lay | B26: Modesto | C26: CA | I26: 8 | J26: N | K26: Kraft Heinz Co
A27: Frito-Lay | B27: Perry | C27: GA | I27: 9 | J27: X | K27: Kellogg Co
A28: Frito-Lay | B28: Rancho Cucamonga | C28: CA | I28: 10 | J28: X | K28: Mondelez International Inc
A29: Frito-Lay | B29: Topeka | C29: KS | I29: 11 | K29: The J.M. Smucker Company
A30: Gatorade | B30: Indianapolis | C30: IN | I30: 12 | K30: Hormel Foods Corporation
A31: Gatorade | B31: Wytheville | C31: VA | I31: 13 | K31: General Mills Inc
A32: PepsiCo, Inc. | B32: Indianapolis | C32: IN | I32: 14 | K32: Campbell Soup Company
A33: PepsiCo, Inc. | B33: Knoxville | C33: TN | I33: 15 | K33: The Hershey Company
A34: PepsiCo, Inc. | B34: Las Vegas | C34: NV | I34: 16 | K34: Conagra Brands Inc
A35: PepsiCo, Inc. | B35: Latham | C35: NY
A36: PepsiCo, Inc. | B36: Lincoln | C36: NE | I36: X - included in list
A37: PepsiCo, Inc. | B37: Mattydale | C37: NY | I37: N - not listed
A38: PepsiCo, Inc. | B38: Mesquite | C38: TX
A39: PepsiCo, Inc. | B39: Orlando | C39: FL
A40: PepsiCo, Inc. | B40: Philadelphia | C40: PA
A41: PepsiCo, Inc. | B41: Plano | C41: TX
A42: PepsiCo, Inc. | B42: Purchase | C42: NY
A43: PepsiCo, Inc. | B43: Seattle | C43: WA
A44: PepsiCo, Inc. | B44: Tolleson | C44: AZ
A45: Anheuser-Busch InBev SA/NV | B45: Fairfield | C45: CA
A46: Anheuser-Busch InBev SA/NV | B46: Los Angeles | C46: CA
A47: Anheuser-Busch InBev SA/NV | B47: Riverside | C47: CA
A48: Anheuser-Busch InBev SA/NV | B48: Sylmar | C48: CA
A49: Anheuser-Busch InBev SA/NV | B49: Fort Collins | C49: CO
... A73: Procter & Gamble Co. | B73: West Virginia | C73: WV
A74: Kellogg Co. | B74: Battle Creek | C74: MI | D74: Headquarters
A75: Kellogg Co. | B75: Augusta | C75: GA
A76: Kellogg Co. | B76: Cincinnati | C76: OH
A77: Kellogg Co. | B77: Grand Rapids | C77: MI
A78: Kellogg Co. | B78: Lancaster | C78: PA
A79: Kellogg Co. | B79: Louisville | C79: KY
A80: Kellogg Co. | B80: Memphis | C80: TN
A81: Kellogg Co. | B81: Omaha | C81: NE
A82: Kellogg Co. | B82: San Jose | C82: CA
A83: Kellogg Co. | B83: Minooka | C83: IL
A84: Kellogg Co. | B84: Cary | C84: CA
A85: Kellogg Co. | B85: Blue Anchor | C85: NJ
A86: Kellogg Co. | B86: Columbus | C86: OH
... A101: Kellogg Co. | B101: Williamsport | C101: PA
A102: Kellogg Co. | B102: Omaha | C102: NE | D102: Distribution
A103: Kellogg Co. | B103: Wilmington | C103: MA | D103: Distribution
A104: Kellogg Co. | B104: Medley | C104: FL | D104: Distribution
A105: Mondelez International Inc. | B105: Atlanta | C105: GA
A106: Mondelez International Inc. | B106: Aurora | C106: CO
A107: Mondelez International Inc. | B107: Birmingham | C107: AL
A108: Mondelez International Inc. | B108: Chicago | C108: IL
A109: Mondelez International Inc. | B109: Dover | C109: DE
A110: Mondelez International Inc. | B110: East Hanover | C110: NJ
A111: Mondelez International Inc. | B111: Fair Lawn | C111: NJ
A112: Mondelez International Inc. | B112: Henrico | C112: VA
A113: Mondelez International Inc. | B113: Naperville | C113: IL
A114: Mondelez International Inc. | B114: Naperville | C114: IL | D114: Bakery
A115: Mondelez International Inc. | B115: Richmond | C115: VA
A116: Mondelez International Inc. | B116: Richmond | C116: VA | D116: Bakery
A117: Mondelez International Inc. | B117: Rockford | C117: IL
A118: Mondelez International Inc. | B118: Toledo | C118: OH
A119: Mondelez International Inc. | B119: Waco | C119: TX

Sheet Closed
D1: Expansion Capacity | E1: Crushing Capacity | F1: Crushing Capacity | G1: Crushing Capacity | H1: Oil Production | I1: Oil Production | J1: Oil Production | K1: Oil Production | M1: Oil Refining | N1: Expansion
A2: Producer | B2: City | C2: State | D2: Bushels/Year | E2: Bushels/Year | F2: Bushels/Day | G2: MT/Day | H2: Pounds/Day | I2: Pounds/Year | J2: MT/Day | K2: MT/Year | L2: Has Refinery? | M2: Pounds/Year | N2: Pounds/Year | O2: Oils Processed | P2: Open/Closed | Q2: Notes
A3: Cargill | B3: Des Moines | C3: IA | E3: 47500000 | F3: 135714.29 | G3: 3693.5389 | H3: 1560714.3 | I3: 546250000 | J3: 707.92829 | K3: 247774.9 | O3: Soybean | P3: Closed
A4: Cargill | B4: Charlotte | C4: NC | E4: 33250000 | F4: 95000 | G4: 2585.4772 | H4: 1092500 | I4: 382375000 | J4: 495.5498 | K4: 173442.43 | P4: Closed
A5: Cargill | B5: Raleigh | C5: NC | E5: 30800000 | F5: 88000 | G5: 2394.9684 | H5: 1012000 | I5: 354200000 | J5: 459.03561 | K5: 160662.46 | P5: Closed

Sheet Canola Crush
B1: Canada Canola Crush Plants
B2: COMPANY | C2: LOCATION | D2: Expansion (mt/yr) | E2: CRUSHING CAPACITY (mt/day) | F2: CRUSHING CAPACITY (mt/yr) | G2: OIL PRODUCTION (mt/yr) | H2: REFINING CAPACITY (mt/yr) | I2: Notes | J2: US | K2: Canada | L2: Soybean | M2: Canola | N2: Other | O2: Opened
A3: Open | B3: ADM | C3: Lloydminster, AB | E3: 4000 | F3: =E3*350 -> 1400000 | G3: =F3*0.435 -> 609000 | H3: NONE | I3: no refining removed once bio installed | K3: Yes | M3: Yes
A4: Open | B4: ADM | C4: Windsor, ON | E4: 3600 | F4: =E4*350 -> 1260000 | G4: =F4*0.435 -> 548100 | H4: 548100 | I4: 3600 MT/day soy capacity; 2 lines; refining to match | K4: Yes | L4: Yes | M4: Yes
A5: Open | B5: Bunge | C5: Fort Saskatchewan, AB | E5: 950 | F5: =E5*350 -> 332500 | G5: =F5*0.435 -> 144637.5 | H5: NONE | I5: No refining | K5: Yes | M5: Yes
A6: Open | B6: Bunge | C6: Nipawin, SK | E6: 1500 | F6: =E6*350 -> 525000 | G6: =F6*0.435 -> 228375 | H6: =G6 -> 228375 | I6: refining to match | K6: Yes | M6: Yes
A7: Open | B7: Bunge | C7: Harrowby, MB | E7: 1600 | F7: =E7*350 -> 560000 | G7: =F7*0.435 -> 243600 | H7: =G7 -> 243600 | I7: refining to match | K7: Yes | M7: Yes
A8: Open | B8: Bunge | C8: Altona, MB | E8: 2500 | F8: =E8*350 -> 875000 | G8: =F8*0.435 -> 380625 | H8: =G8 -> 380625 | I8: refining to match | K8: Yes | M8: Yes
A9: Open | B9: Bunge | C9: Hamilton, ON | E9: 3000 | F9: =E9*350 -> 1050000 | G9: =F9*0.435 -> 456750 | H9: 456750 | I9: 3000 MT/day soy capacity; 2 lines; refining to match | K9: Yes | L9: Yes | M9: Yes
A10: Open | B10: Cargill | C10: Camrose, AB | E10: 2500 | F10: =E10*350 -> 875000 | G10: =F10*0.435 -> 380625 | H10: NONE | I10: no refining | K10: Yes | M10: Yes
A11: Open | B11: Cargill | C11: Clavet, SK | E11: 4250 | F11: =E11*350 -> 1487500 | G11: =F11*0.435 -> 647062.5 | H11: =G11*1.5 -> 970593.75 | I11: 150% refining capacity | K11: Yes | M11: Yes
A12: 2024 | B12: Cargill | C12: Regina, SK | D12: 1000000 | E12: =MROUND(F12/350,50) -> 2850 | F12: 1000000 | G12: =F12*0.435 -> 435000 | K12: Yes | M12: Yes
A13: 2026 | B13: FCL/AGT Foods | C13: Regina, SK | D13: 1100000 | E13: =F13/350 -> 3142.8571 | F13: 1100000 | G13: =F13*0.435 -> 478500 | H13: 375000 | I13: Provide 50% of feedstocks for co-located RD plant
A14: Open | B14: Richardson | C14: Lethbridge, AB | E14: 2000 | F14: =E14*350 -> 700000 | G14: =F14*0.435 -> 304500 | H14: =G14 -> 304500 | I14: refining to match approx 65% of oil goes into packaged line | K14: Yes | M14: Yes
B15: Canary Biofuels | C15: Lethbridge, AB | E15: 170 | F15: =E15*350 -> 59500 | G15: =F15*0.435 -> 25882.5 | I15: Probably use oil to feed biodiesel plant
A16: 2024 | B16: Richardson | C16: Yorkton, SK | D16: =2200000-F16 -> 1150000 | E16: 3000 | F16: =E16*350 -> 1050000 | G16: =F16*0.435 -> 456750 | H16: =2400*350 -> 840000 | I16: refining capacity at 2400 mt/day, expansion to open in early 2024 | K16: Yes | M16: Yes | O16: Opened at 2,400 tonnes crushing, 1,000 tonnes refining per day, expanded to 3,000 tonnes per day in March 2014
A17: Open | B17: LDC | C17: Yorkton, SK | D17: =F17 -> 1225000 | E17: 3500 | F17: =E17*350 -> 1225000 | G17: =F17*0.435 -> 532875 | H17: =3000*350 -> 1050000 | I17: refining capacity at 3,000 mt/day crush, expansion to be complete by the end of 2025 | K17: Yes | M17: Yes | O17: 2009
A18: Open | B18: Viterra | C18: Ste. Agathe, MB | E18: 1000 | F18: =E18*350 -> 350000 | G18: =F18*0.435 -> 152250 | H18: =G18 -> 152250 | I18: Refining to match | K18: Yes | M18: Yes
A19: 2024 | B19: Viterra | C19: Regina, SK | D19: 2500750 | E19: 7145 | F19: =E19*350 -> 2500750 | G19: =F19*0.435 -> 1087826.2 | I19: Speculation they may start at 50 percent capacity | K19: Yes | M19: Yes
A20: Open | B20: Viterra | C20: Becancour, QC | E20: 1800 | F20: =E20*350 -> 630000 | G20: =F20*0.435 -> 274050 | H20: =2900*350 -> 1015000 | I20: 2900 MT/day soy capacity; 1 line; refining to match | K20: Yes | L20: Yes | M20: Yes
I21: tonnes/yr | J21: lbs/yr | K21: mm lbs/yr
D22: =SUM(E3:E11,E14:E20) -> 42515 | E22: =SUMIF($A$3:$A$20,"Open",F3:F20) -> 11270000 | F22: =SUMIF($A$3:$A$20,"Open",G3:G20) -> 4902450 | G22: =SUMIF($A$3:$A$20,"Open",H3:H20) -> 5349793.8 | H22: U.S. Canola | I22: =SUMIFS(H3:H20,J3:J20,N22,M3:M20,N22) -> 0 | J22: =I22*2204.622 -> 0 | K22: =J22/1000000 -> 0 | N22: Yes
B23: Canola | E23: =SUMIF($A$3:$A$20,"2024",F3:F20) -> 4550750 | F23: =SUMIF($A$3:$A$20,"2024",G3:G20) -> 1979576.2 | G23: =SUMIF($A$3:$A$20,"2024",H3:H20) -> 840000 | H23: U.S. Soybean | I23: =SUMIFS(H3:H20,J3:J20,N22,L3:L20,N22) -> 0 | J23: =I23*2204.622 -> 0 | K23: =J23/1000000 -> 0
B24: Richardson | C24: Lethbridge, AB | E24: 450000 | G24: 2018 | H24: U.S. Other | I24: =SUMIFS(H3:H20,J3:J20,N22,N3:N20,N22) -> 0 | J24: =I24*2204.622 -> 0 | K24: =J24/1000000 -> 0
B25: Richardson | C25: Yorkton, SK | E25: 1050000 | G25: 2024 | H25: Canada Canola | I25: =SUMIFS(H3:H20,K3:K20,N22,M3:M20,N22) -> 6189793.8 | J25: =I25*2204.622 -> 1.3646155e+10 | K25: =J25/1000000 -> 13646.155
B26: Cargill | C26: Regina, SK | E26: 1000000 | G26: early 2024 | H26: Canada Soybean | I26: =SUMIFS(H3:H20,K3:K20,N22,L3:L20,N22) -> 2019850 | J26: =I26*2204.622 -> 4.4530057e+09 | K26: =J26/1000000 -> 4453.0057
B27: Cargill | C27: Camrose, AB | E27: =F10*0.2 -> 175000 | G27: mid 2023 | H27: Canada Other | I27: =SUMIFS(H3:H20,K3:K20,N22,N3:N20,N22) -> 0 | J27: =I27*2204.622 -> 0 | K27: =J27/1000000 -> 0
B28: Cargill | C28: Clavet, SK | E28: =F11*0.2 -> 297500 | G28: mid 2023
B29: Ceres | C29: Northgate, SK | E29: 1100000 | F29: 500000 | G29: summer 2024
B30: Viterra | C30: Regina, SK | E30: 2500000 | G30: late 2024
B31: Federated Co-Operative Limited (FCL | C31: Regina, SK | E31: 1100000 | G31: 2025 | H31: supply half of FCL 15,000bbl/day RD plant
B42: US Canola Crush Plants
B43: COMPANY | C43: LOCATION | D43: Expansion (mt/yr) | E43: CRUSHING CAPACITY (mt/day) | F43: CRUSHING CAPACITY (mt/yr) | G43: OIL PRODUCTION (mt/yr) | H43: REFINING CAPACITY (mt/yr)
B44: ADM | C44: Velva, ND | E44: 1800 | F44: =E44*350 -> 630000 | G44: =F44*0.435 -> 274050 | I44: No refinery | J44: Yes | M44: Yes
B45: ADM | C45: Enderlin, ND | E45: 1800 | F45: =E45*350 -> 630000 | G45: =F45*0.435 -> 274050 | H45: =G45 -> 274050 | I45: Sunflower, canola and soybeans; Refining to match | J45: Yes | L45: Yes | M45: Yes
B46: ADM | C46: Red Wing, MN | E46: 1000 | F46: =E46*350 -> 350000 | G46: =F46*0.435 -> 152250 | H46: 146000 | I46: Canola and flax; RBW (no deodorization) | J46: Yes | M46: Yes | N46: Yes
B47: Scoular | C47: Goodland, KS | E47: 1000 | F47: =E47*350 -> 350000 | G47: =F47*0.435 -> 152250 | I47: Scoular’s ownership, the facility is handling corn, wheat and milo. | J47: Yes | N47: Yes
A48: 2013 | B48: Viterra | C48: Warden, WA | E48: 1000 | F48: =E48*350 -> 350000 | G48: =F48*0.435 -> 152250 | H48: =G48 -> 152250 | I48: refining to match | J48: Yes | M48: Yes
B49: ADM | C49: West Fargo, ND | E49: 1000 | F49: =E49*350 -> 350000 | G49: =F49*0.435 -> 152250 | H49: 146000 | I49: Canola, sunflower and flax; Refining to match | J49: Yes | M49: Yes | N49: Yes
A50: 2013 | B50: CHS | C50: Hallock, MN | E50: 1400 | F50: =E50*350 -> 490000 | G50: =F50*0.435 -> 213150 | H50: =G50*1.25 -> 266437.5 | I50: Refining capacity greater than crush | J50: Yes | M50: Yes
F54: =SUM(F44:F50)*2204.622 -> 6.9445593e+09
B57: US Canola Refiners
B59: ADM | C59: West Fargo, ND | D59: 1000 | E59: =D59*350 -> 350000 | F59: =E59*0.435 -> 152250 | G59: 146000 | H59: Canola, sunflower and flax; Refining to match | I59: Yes | L59: Yes | M59: Yes
B60: CHS | C60: Hallock, MN | D60: 1400 | E60: =D60*350 -> 490000 | F60: =E60*0.435 -> 213150 | G60: =F60*1.25 -> 266437.5 | H60: Refining capacity greater than crush | I60: Yes | L60: Yes
B62: Bunge
B63: Producers Co-Op Oil Mill

Sheet Crush Stats 
A1: CANOLA/SOYBEAN CRUSHING STATISTICS (crop year) | J1: CANOLA/SOYBEAN CRUSHING STATISTICS (cal year)
A2: tonnes | J2: tonnes
C3: CANOLA | F3: SOYBEANS | L3: CANOLA | O3: SOYBEANS
A4: Year | B4: Crushings | C4: Oil Produced | D4: Meal Produced | E4: Crushings | F4: Oil Produced | G4: Meal Produced | J4: Year | K4: Crushings | L4: Oil Produced | M4: Meal Produced | N4: Crushings | O4: Oil Produced | P4: Meal Produced
A6: 1993/94 | B6: 2195573 | C6: 912591 | D6: 1340085 | E6: 1054340 | F6: 186573 | G6: 809127 | J6: 1992 | K6: 1872781 | L6: 768257 | M6: 1131561 | N6: 1021679 | O6: 182870 | P6: 781840
A7: 1994/95 | B7: 2512935 | C7: 1062032 | D7: 1564655 | E7: 1097649 | F7: 187851 | G7: 856066 | J7: 1993 | K7: 2040795 | L7: 846586 | M7: 1249269 | N7: 1056147 | O7: 177526 | P7: 813115
A8: 1995/96 | B8: 2752928 | C8: 1152816 | D8: 1723955 | E8: 1269263 | F8: 228067 | G8: 979775 | J8: 1994 | K8: 2328160 | L8: 974425 | M8: 1430680 | N8: 1054461 | O8: 186820 | P8: 813734
A9: 1996/97 | B9: 2711883 | C9: 1137062 | D9: 1649362 | E9: 1462878 | F9: 257627 | G9: 1120181 | J9: 1995 | K9: 2546921 | L9: 1072382 | M9: 1596033 | N9: 1168883 | O9: 202270 | P9: 907720
A10: 1997/98 | B10: 3238819 | C10: 1363568 | D10: 2004053 | E10: 1550044 | F10: 263925 | G10: 1194295 | J10: 1996 | K10: 2850853 | L10: 1195047 | M10: 1767539 | N10: 1294924 | O10: 232506 | P10: 1000963
A11: 1998/99 | B11: 3062475 | C11: 1283086 | D11: 1940148 | E11: 1516342 | F11: 276800 | G11: 1170993 | J11: 1997 | K11: 2847792 | L11: 1194115 | M11: 1739499 | N11: 1538571 | O11: 267469 | P11: 1176232
A12: 1999/00 | B12: 2983381 | C12: 1242939 | D12: 1858409 | E12: 1714337 | F12: 315910 | G12: 1328440 | J12: 1998 | K12: 3380731 | L12: 1420561 | M12: 2109436 | N12: 1526040 | O12: 263810 | P12: 1180045
A13: 2000/01 | B13: 3013092 | C13: 1265731 | D13: 1869965 | E13: 1648261 | F13: 289277 | G13: 1273564 | J13: 1999 | K13: 2866802 | L13: 1201493 | M13: 1810424 | N13: 1682959 | O13: 311052 | P13: 1300105
A14: 2001/02 | B14: 2293163 | C14: 971016 | D14: 1427287 | E14: 1663888 | F14: 299685 | G14: 1282873 | J14: 2000 | K14: 3109991 | L14: 1300417 | M14: 1929739 | N14: 1624080 | O14: 294274 | P14: 1257511
A15: 2002/03 | B15: 2224913 | C15: 925892 | D15: 1389744 | E15: 1763231 | F15: 323849 | G15: 1369935 | J15: 2001 | K15: 2700083 | L15: 1139366 | M15: 1679032 | N15: 1697920 | O15: 299388 | P15: 1308832
A16: 2003/04 | B16: 3389554 | C16: 1395242 | D16: 2120478 | E16: 1565305 | F16: 277872 | G16: 1248726 | J16: 2002 | K16: 2134346 | L16: 896775 | M16: 1330280 | N16: 1721832 | O16: 313374 | P16: 1329993
A17: 2004/05 | B17: 3030929 | C17: 1246742 | D17: 1903816 | E17: 1544708 | F17: 274854 | G17: 1229825 | J17: 2003 | K17: 2671988 | L17: 1103026 | M17: 1670137 | N17: 1716470 | O17: 311682 | P17: 1355127
... A32: 2019/20 | B32: 10128976 | C32: 4433870 | D32: 5653726 | E32: 1755417 | F32: 319784 | G32: 1366351 | J32: 2018 | K32: 9286423 | L32: 4117880 | M32: 5172116 | N32: 2059277 | O32: 381626 | P32: 1595403
J33: 2019 | K33: 9608640 | L33: 4186625 | M33: 5380585 | N33: 1906224 | O33: 360258 | P33: 1478358
J34: 2020 | K34: 10290286 | L34: 4495495 | M34: 5786430 | N34: 1757270 | O34: 318788 | P34: 1364458
J35: 2021 | K35: =K78 -> 9857362 | L35: =L78 -> 4218110 | M35: =M78 -> 5700369
J36: 2022 | K36: =SUM('[7]Canada Rapeseed'!$AD$81:$AD$87,'[7]Canada Rapeseed'!$AE$76:$AE$80)*1000 -> 26536648
A65: 2020/21 | J65: 2021
A66: August | B66: 830335 | C66: 363424 | D66: 465059 | E66: 135595 | F66: 24354 | G66: 103951 | J66: January | K66: 915553 | L66: 394315 | M66: 519645 | N66: 141861 | O66: 26733 | P66: 111945
A67: September | B67: 785725 | C67: 339884 | D67: 449729 | E67: 139438 | F67: 25547 | G67: 109026 | J67: February | K67: 797438 | L67: 346410 | M67: 453936 | N67: 125966 | O67: 23481 | P67: 99204
A68: October | B68: 931060 | C68: 400909 | D68: 531444 | E68: 160074 | F68: 29499 | G68: 123084 | J68: March | K68: 957952 | L68: 416849 | M68: 545150 | N68: 139030 | O68: 26495 | P68: 109122
A69: November | B69: 917992 | C69: 395613 | D69: 523140 | E69: 148652 | F69: 27673 | G69: 114385 | J69: April | K69: 901911 | L69: 391000 | M69: 516474 | N69: 138624 | O69: 26386 | P69: 108148
A70: December | B70: 904577 | C70: 397850 | D70: 517016 | E70: 153075 | F70: 27629 | G70: 119294 | J70: May | K70: 820250 | L70: 357446 | M70: 468587 | N70: 108072 | O70: 20488 | P70: 85220
A71: January | B71: 915553 | C71: 394315 | D71: 519645 | E71: 141861 | F71: 26733 | G71: 111945 | J71: June | K71: 829846 | L71: 362131 | M71: 472034 | N71: 109428 | O71: 20513 | P71: 85217
A72: February | B72: 797438 | C72: 346410 | D72: 453936 | E72: 125966 | F72: 23481 | G72: 99204 | J72: July | K72: 832114 | L72: 362458 | M72: 473390 | N72: 142464 | O72: 27001 | P72: 112072
A73: March | B73: 957952 | C73: 416849 | D73: 545150 | E73: 139030 | F73: 26495 | G73: 109122 | J73: August | K73: 661968 | L73: 287295 | M73: 382007 | N73: 129048 | O73: 23339 | P73: 98401
A74: April | B74: 901911 | C74: 391000 | D74: 516474 | E74: 138624 | F74: 26386 | G74: 108148 | J74: September | K74: 778402 | L74: 320564 | M74: 458105 | N74: 134094 | O74: 25332 | P74: 104574
A75: May | B75: 820250 | C75: 357446 | D75: 468587 | E75: 108072 | F75: 20488 | G75: 85220 | J75: October | K75: 876127 | L75: 360223 | M75: 523066 | N75: 166839 | O75: 31010 | P75: 128344
A76: June | B76: 829846 | C76: 362131 | D76: 472034 | E76: 109428 | F76: 20513 | G76: 85217 | J76: November | K76: 781105 | L76: 325474 | M76: 464977 | N76: 150509 | O76: 27524 | P76: 113625
A77: July | B77: 832114 | C77: 362458 | D77: 473390 | E77: 142464 | F77: 27001 | G77: 112072 | J77: December | K77: 704696 | L77: 293945 | M77: 422998 | N77: 162983 | O77: 29853 | P77: 126957
A78: 2020/21 | B78: 10424753 | C78: 4528289 | D78: 5935604 | E78: 1642279 | F78: 305799 | G78: 1280668 | J78: TOTAL 2021 | K78: 9857362 | L78: 4218110 | M78: 5700369 | N78: 1648918 | O78: 308155 | P78: 1282829
A80: 2021/22 | J80: 2022
A81: August | B81: 661968 | C81: 287295 | D81: 382007 | E81: 129048 | F81: 23339 | G81: 98401 | J81: January | K81: 651282 | L81: 271629 | M81: 386822 | N81: 163540 | O81: 30321 | P81: 126796
A82: September | B82: 778402 | C82: 320564 | D82: 458105 | E82: 134094 | F82: 25332 | G82: 104574 | J82: February | K82: 629153 | L82: 262732 | M82: 377783 | N82: 140695 | O82: 26569 | P82: 110244
A83: October | B83: 876127 | C83: 360223 | D83: 523066 | E83: 166839 | F83: 31010 | G83: 128344 | J83: March | K83: 739879 | L83: 308449 | M83: 442852 | N83: 167333 | O83: 31427 | P83: 131240
A84: November | B84: 781105 | C84: 325474 | D84: 464977 | E84: 150509 | F84: 27524 | G84: 113625 | J84: April | K84: 706762 | L84: 293812 | M84: 421551 | N84: 172251 | O84: 31858 | P84: 134104
A85: December | B85: 704696 | C85: 293945 | D85: 422998 | E85: 162983 | F85: 29853 | G85: 126957 | J85: May
A86: January | B86: 651282 | C86: 271629 | D86: 386822 | E86: 163540 | F86: 30321 | G86: 126796 | J86: June
A87: February | B87: 629153 | C87: 262732 | D87: 377783 | E87: 140695 | F87: 26569 | G87: 110244 | J87: July
A88: March | B88: 739879 | C88: 308449 | D88: 442852 | E88: 167333 | F88: 31427 | G88: 131240 | J88: August
A89: April | B89: 706762 | C89: 293812 | D89: 421551 | E89: 172251 | F89: 31858 | G89: 134104 | J89: September
A90: May | J90: October
A91: June | J91: November
A92: July | J92: December
J93: YTD 2022 | K93: 2727076 | L93: 1136622 | M93: 1629008 | N93: 643819 | O93: 120175 | P93: 502384
A94: 2021/22 YTD | B94: 6529374 | C94: 2724123 | D94: 3880161 | E94: 1387292 | F94: 257233 | G94: 1074285

Sheet Canola Crush (RC)
B1: Canada Canola Crush Plants
A2: Start Date | B2: COMPANY | C2: LOCATION | D2: Expansion (mt/yr) | E2: CRUSHING CAPACITY (mt/day) | F2: CRUSHING CAPACITY (mt/yr) | G2: OIL PRODUCTION (mt/yr) | H2: REFINING CAPACITY (mt/yr) | I2: Notes | J2: Refinery | K2: US | L2: Canada | M2: Soybean | N2: Canola | O2: Providence | P2: Year Opened | Q2: Expansion
A3: 2013 | B3: ADM | C3: Lloydminster, AB | E3: 4000 | F3: =E3*350 -> 1400000 | G3: =F3*0.435 -> 609000 | I3: no refining removed once bio installed | J3: No | L3: Yes | N3: Yes | O3: =RIGHT(C3,2) -> AB | P3: 2013
A4: 2015 | B4: ADM | C4: Windsor, ON | E4: 3600 | F4: =E4*350 -> 1260000 | G4: =F4*0.435 -> 548100 | H4: 548100 | I4: 3600 MT/day soy capacity; 2 lines; refining to match | J4: Yes | L4: Yes | M4: Yes | N4: Yes | O4: =RIGHT(C4,2) -> ON | P4: 2015
A5: 2014 | B5: Bunge | C5: Fort Saskatchewan, AB | D5: 297500 | E5: 1700 | F5: =(E5*350)-297500 -> 297500 | G5: =F5*0.435 -> 129412.5 | I5: No refining 297,500 increase in capacity in 2014? | J5: No | L5: Yes | N5: Yes | O5: =RIGHT(C5,2) -> AB | P5: 2010 | Q5: 2014
A6: 2010 | B6: Bunge | C6: Nipawin, SK | E6: 1500 | F6: =E6*350 -> 525000 | G6: =F6*0.435 -> 228375 | H6: =G6 -> 228375 | I6: refining to match | J6: Yes | L6: Yes | N6: Yes | O6: =RIGHT(C6,2) -> SK | P6: 2010
A7: 2010 | B7: Bunge | C7: Harrowby, MB | E7: 1600 | F7: =E7*350 -> 560000 | G7: =F7*0.435 -> 243600 | H7: =G7 -> 243600 | I7: refining to match | J7: Yes | L7: Yes | N7: Yes | O7: =RIGHT(C7,2) -> MB | P7: 2010
A8: 2012 | B8: Bunge | C8: Altona, MB | D8: 490000 | E8: 2500 | F8: =(E8*350)-490000 -> 385000 | G8: =F8*0.435 -> 167475 | H8: =G8 -> 167475 | I8: refining to match 490,000 expansion in 2012? | J8: Yes | L8: Yes | N8: Yes | O8: =RIGHT(C8,2) -> MB | P8: 2010 | Q8: 2012
A9: 2007 | B9: Bunge | C9: Hamilton, ON | E9: 3000 | F9: =E9*350 -> 1050000 | G9: =F9*0.435 -> 456750 | H9: 456750 | I9: 3000 MT/day soy capacity; 2 lines; refining to match | J9: Yes | L9: Yes | M9: Yes | N9: Yes | O9: =RIGHT(C9,2) -> ON | P9: 2007
A10: 2015 | B10: Cargill | C10: Camrose, AB | E10: 2500 | F10: =E10*350 -> 875000 | G10: =F10*0.435 -> 380625 | I10: no refining | J10: No | L10: Yes | N10: Yes | O10: =RIGHT(C10,2) -> AB | P10: 2015
A11: 2015 | B11: Cargill | C11: Clavet, SK | E11: 4500 | F11: =E11*350 -> 1575000 | G11: =F11*0.435 -> 685125 | H11: =G11*1.5 -> 1027687.5 | I11: 150% refining capacity | J11: Yes | L11: Yes | N11: Yes | O11: =RIGHT(C11,2) -> SK | P11: 2015
A12: 2024 | B12: Cargill | C12: Regina, SK | D12: 1000000 | E12: =MROUND(F12/350,50) -> 0 | F12: 0 | G12: =F12*0.435 -> 0 | J12: No | L12: Yes | N12: Yes | O12: =RIGHT(C12,2) -> SK | Q12: 2024
A13: 2026 | B13: FCL/AGT Foods | C13: Regina, SK | D13: 1100000 | E13: =F13/350 -> 0 | F13: 0 | G13: =F13*0.435 -> 0 | H13: 375000 | I13: Provide 50% of feedstocks for co-located RD plant | J13: Yes | O13: =RIGHT(C13,2) -> SK | Q13: 2026
A14: 2010 | B14: Richardson | C14: Lethbridge, AB | E14: 2000 | F14: =E14*350 -> 700000 | G14: =F14*0.435 -> 304500 | H14: =G14 -> 304500 | I14: refining to match approx 65% of oil goes into packaged line | J14: Yes | L14: Yes | N14: Yes | O14: =RIGHT(C14,2) -> AB | P14: 2010
A15: 2024 | B15: Richardson | C15: Yorkton, SK | D15: =2200000-F15 -> 1150000 | E15: 3000 | F15: =E15*350 -> 1050000 | G15: =F15*0.435 -> 456750 | H15: =2400*350 -> 840000 | I15: refining capacity at 2400 mt/day, expansion to open in early 2024 | J15: Yes | L15: Yes | N15: Yes | O15: =RIGHT(C15,2) -> SK | P15: 2010 | Q15: 2024 | R15: Opened at 2,400 tonnes crushing, 1,000 tonnes refining per day, expanded to 3,000 tonnes per day in March 2014
A16: 2010 | B16: LDC | C16: Yorkton, SK | E16: 3500 | F16: =E16*350 -> 1225000 | G16: =F16*0.435 -> 532875 | H16: =3000*350 -> 1050000 | I16: refining capacity at 3,000 mt/day crush | J16: Yes | L16: Yes | N16: Yes | O16: =RIGHT(C16,2) -> SK | P16: 2010
A17: 2010 | B17: Viterra | C17: Ste. Agathe, MB | E17: 1000 | F17: =E17*350 -> 350000 | G17: =F17*0.435 -> 152250 | H17: =G17 -> 152250 | I17: Refining to match | J17: Yes | L17: Yes | N17: Yes | O17: =RIGHT(C17,2) -> MB | P17: 2010
A18: 2024 | B18: Viterra | C18: Regina, SK | D18: 2500750 | E18: 7145 | F18: 0 | G18: =F18*0.435 -> 0 | J18: No | L18: Yes | N18: Yes | O18: =RIGHT(C18,2) -> SK | Q18: 2024
A19: 2010 | B19: Viterra | C19: Becancour, QC | E19: 1800 | F19: =E19*350 -> 630000 | G19: =F19*0.435 -> 274050 | H19: =2900*350 -> 1015000 | I19: 2900 MT/day soy capacity; 1 line; refining to match | J19: Yes | L19: Yes | M19: Yes | N19: Yes | O19: =RIGHT(C19,2) -> QC | P19: 2010
A20: 2024 | B20: Ceres Global Ag. Corp. | C20: Northgate, SK | D20: 1100750 | E20: 3145 | F20: 0 | G20: =F20*0.435 -> 0 | H20: 500000 | J20: Yes | L20: Yes | N20: Yes | O20: =RIGHT(C20,2) -> SK | Q20: 2024
I21: tonnes/yr | K21: lbs/yr | L21: mm lbs/yr
B22: TOTAL | D22: =SUM(D3:D20) -> 7639000 | E22: =SUM(E3:E11,E14,E16:E17,E19) -> 33200 | F22: =SUM(F3:F11,F14,F16:F17,F19) -> 10832500 | G22: =SUM(G3:G11,G14,G16:G17,G19) -> 4712137.5 | H22: =SUM(H3:H11,H14,H16:H17,H19) -> 5193737.5 | U22: =600*350 -> 210000
F26: =F8+D8 -> 875000
B27: US Canola Crush Plants
A28: Start Date | B28: COMPANY | C28: LOCATION | D28: Expansion (mt/yr) | E28: CRUSHING CAPACITY (mt/day) | F28: CRUSHING CAPACITY (mt/yr) | G28: OIL PRODUCTION (mt/yr) | H28: REFINING CAPACITY (mt/yr)
B29: ADM | C29: Velva, ND | E29: 1800 | F29: =E29*350 -> 630000 | G29: =F29*0.435 -> 274050 | I29: No refinery | J29: No | K29: Yes | L29: No | N29: Yes
B30: ADM | C30: Enderlin, ND | E30: 1800 | F30: =E30*350 -> 630000 | G30: =F30*0.435 -> 274050 | H30: =G30 -> 274050 | I30: Sunflower, canola and soybeans; Refining to match | J30: Yes | K30: Yes | L30: No | M30: Yes | N30: Yes
B31: ADM | C31: Red Wing, MN | E31: 1000 | F31: =E31*350 -> 350000 | G31: =F31*0.435 -> 152250 | H31: 146000 | I31: Canola and flax; RBW (no deodorization) | J31: Yes | K31: Yes | L31: No | N31: Yes | O31: Yes
B32: Scoular | C32: Goodland, KS | E32: 1000 | F32: =E32*350 -> 350000 | G32: =F32*0.435 -> 152250 | I32: Scoular’s ownership, the facility is handling corn, wheat and milo. | J32: No | K32: Yes | L32: No | O32: Yes
A33: 2013 | B33: Viterra | C33: Warden, WA | E33: 1000 | F33: =E33*350 -> 350000 | G33: =F33*0.435 -> 152250 | H33: =G33 -> 152250 | I33: refining to match | J33: Yes | K33: Yes | L33: No | N33: Yes
B34: ADM | C34: West Fargo, ND | E34: 1000 | F34: =E34*350 -> 350000 | G34: =F34*0.435 -> 152250 | H34: 146000 | I34: Canola, sunflower and flax; Refining to match | J34: Yes | K34: Yes | L34: No | N34: Yes | O34: Yes
A35: 2013 | B35: CHS | C35: Hallock, MN | E35: 1400 | F35: =E35*350 -> 490000 | G35: =F35*0.435 -> 213150 | H35: =G35*1.25 -> 266437.5 | I35: Refining capacity greater than crush | J35: Yes | K35: Yes | L35: No | N35: Yes
B37: TOTAL | D37: =SUM(D25:D35) -> 0 | E37: =SUM(E29:E35) -> 9000 | F37: =SUM(F29:F35) -> 3150000 | G37: =SUM(G29:G35) -> 1370250 | H37: =SUM(H29:H35) -> 984737.5
B41: US Canola Refiners
A44: Start Date | B44: COMPANY | C44: LOCATION | D44: Expansion (mt/yr) | E44: CRUSHING CAPACITY (mt/day) | F44: CRUSHING CAPACITY (mt/yr) | G44: OIL PRODUCTION (mt/yr) | H44: REFINING CAPACITY (mt/yr)
B45: ADM | C45: West Fargo, ND | E45: 1000 | F45: =E45*350 -> 350000 | G45: =F45*0.435 -> 152250 | H45: 146000 | I45: Canola, sunflower and flax; Refining to match | J45: Yes | K45: Yes | L45: No | N45: Yes | O45: Yes
B46: CHS | C46: Hallock, MN | E46: 1400 | F46: =E46*350 -> 490000 | G46: =F46*0.435 -> 213150 | H46: =G46*1.25 -> 266437.5 | I46: Refining capacity greater than crush | J46: Yes | K46: Yes | L46: No | N46: Yes
B48: Bunge
B49: Producers Co-Op Oil Mill
A54: Canada Canola Crushing | F54: SK
B55: Capacity | C55: Expansion | D55: COPA Weekly Implied Max | E55: SK Capacity | F55: Expansion | Q55: Canola Crush
A56: 2010 | B56: =SUMIF($P$3:$P$20,A56,$F$3:$F$20) -> 5722500 | C56: =SUMIF($Q$3:$Q$20,A56,$D$3:$D$20) -> 0 | D56: =MAX('[6]COPA Weekly Crush'!$D$24:$D$75) -> 6850 | E56: =SUMIFS($F$3:$F$20,$O$3:$O$20,$F$54,$P$3:$P$20,A56) -> 2800000 | F56: =SUMIFS($D$3:$D$20,$O$3:$O$20,$F$54,$Q$3:$Q$20,A56) -> 0 | G56: =B56/1000-D56 -> -1127.5 | P56: =B56/1000-D56 -> -1127.5 | Q56: ='Crush Stats '!K24 -> 5683717 | R56: =Q56/1000/D56 -> 0.82973971
A57: 2011 | B57: =B56+SUMIF($P$3:$P$20,A57,$F$3:$F$20)+C57 -> 5722500 | C57: =SUMIF($Q$3:$Q$20,A57,$D$3:$D$20) -> 0 | D57: =MAX('[6]COPA Weekly Crush'!$D$76:$D$127) -> 6925 | E57: =E56+SUMIFS($F$3:$F$20,$O$3:$O$20,$F$54,$P$3:$P$20,A57)+F57 -> 2800000 | F57: =SUMIFS($D$3:$D$20,$O$3:$O$20,$F$54,$Q$3:$Q$20,A57) -> 0 | G57: =B57/1000-D57 -> -1202.5 | H57: =E57-E56 -> 0 | I57: =D57-D56 -> 75 | J57: =D57-D56 -> 75 | P57: =B57/1000-D57 -> -1202.5 | Q57: ='Crush Stats '!K25 -> 6610940 | R57: =Q57/1000/D57 -> 0.95464838
A58: 2012 | B58: =B57+SUMIF($P$3:$P$20,A58,$F$3:$F$20)+C58 -> 6212500 | C58: =SUMIF($Q$3:$Q$20,A58,$D$3:$D$20) -> 490000 | D58: =MAX('[6]COPA Weekly Crush'!$D$128:$D$179) -> 7850 | E58: =E57+SUMIFS($F$3:$F$20,$O$3:$O$20,$F$54,$P$3:$P$20,A58)+F58 -> 2800000 | F58: =SUMIFS($D$3:$D$20,$O$3:$O$20,$F$54,$Q$3:$Q$20,A58) -> 0 | G58: =B58/1000-D58 -> -1637.5 | H58: =E58-E57 -> 0 | I58: =D58-D57 -> 925 | J58: =D58-D57 -> 925 | P58: =B58/1000-D58 -> -1637.5 | Q58: ='Crush Stats '!K26 -> 7130568 | R58: =Q58/1000/D58 -> 0.90835261
A59: 2013 | B59: =B58+SUMIF($P$3:$P$20,A59,$F$3:$F$20)+C59 -> 7612500 | C59: =SUMIF($Q$3:$Q$20,A59,$D$3:$D$20) -> 0 | D59: =MAX('[6]COPA Weekly Crush'!$D$180:$D$231) -> 8250 | E59: =E58+SUMIFS($F$3:$F$20,$O$3:$O$20,$F$54,$P$3:$P$20,A59)+F59 -> 2800000 | F59: =SUMIFS($D$3:$D$20,$O$3:$O$20,$F$54,$Q$3:$Q$20,A59) -> 0 | G59: =B59/1000-D59 -> -637.5 | H59: =E59-E58 -> 0 | I59: =D59-D58 -> 400 | J59: =D59-D58 -> 400 | P59: =B59/1000-D59 -> -637.5 | Q59: ='Crush Stats '!K27 -> 6497331 | R59: =Q59/1000/D59 -> 0.78755527
A60: 2014 | B60: =B59+SUMIF($P$3:$P$20,A60,$F$3:$F$20)+C60 -> 8120000 | C60: =SUMIF($Q$3:$Q$20,A60,$D$3:$D$20)+210000 -> 507500 | D60: =MAX('[6]COPA Weekly Crush'!$D$232:$D$284) -> 8600 | E60: =E59+SUMIFS($F$3:$F$20,$O$3:$O$20,$F$54,$P$3:$P$20,A60)+F60 -> 3010000 | F60: =SUMIFS($D$3:$D$20,$O$3:$O$20,$F$54,$Q$3:$Q$20,A60)+210000 -> 210000 | G60: =B60/1000-D60 -> -480 | H60: =E60-E59 -> 210000 | I60: =D60-D59 -> 350 | J60: =D60-D59 -> 350 | P60: =B60/1000-D60 -> -480 | Q60: ='Crush Stats '!K28 -> 7144839 | R60: =Q60/1000/D60 -> 0.83079523
A61: 2015 | B61: =B60+SUMIF($P$3:$P$20,A61,$F$3:$F$20)+C61 -> 11830000 | C61: =SUMIF($Q$3:$Q$20,A61,$D$3:$D$20) -> 0 | D61: =MAX('[6]COPA Weekly Crush'!$D$285:$D$336) -> 9425 | E61: =E60+SUMIFS($F$3:$F$20,$O$3:$O$20,$F$54,$P$3:$P$20,A61)+F61 -> 4585000 | F61: =SUMIFS($D$3:$D$20,$O$3:$O$20,$F$54,$Q$3:$Q$20,A61) -> 0 | G61: =B61/1000-D61 -> 2405 | H61: =E61-E60 -> 1575000 | I61: =D61-D60 -> 825 | J61: =D61-D60 -> 825 | P61: =B61/1000-D61 -> 2405 | Q61: ='Crush Stats '!K29 -> 7738037 | R61: =Q61/1000/D61 -> 0.82101188
A62: 2016 | B62: =B61+SUMIF($P$3:$P$20,A62,$F$3:$F$20)+C62 -> 11830000 | C62: =SUMIF($Q$3:$Q$20,A62,$D$3:$D$20) -> 0 | D62: =MAX('[6]COPA Weekly Crush'!$D$337:$D$388) -> 10075 | E62: =E61+SUMIFS($F$3:$F$20,$O$3:$O$20,$F$54,$P$3:$P$20,A62)+F62 -> 4585000 | F62: =SUMIFS($D$3:$D$20,$O$3:$O$20,$F$54,$Q$3:$Q$20,A62) -> 0 | G62: =B62/1000-D62 -> 1755 | H62: =E62-E61 -> 0 | I62: =D62-D61 -> 650 | J62: =D62-D61 -> 650 | P62: =B62/1000-D62 -> 1755 | Q62: ='Crush Stats '!K30 -> 8849088 | R62: =Q62/1000/D62 -> 0.87832139
A63: 2017 | B63: =B62+SUMIF($P$3:$P$20,A63,$F$3:$F$20)+C63 -> 11830000 | C63: =SUMIF($Q$3:$Q$20,A63,$D$3:$D$20) -> 0 | D63: =MAX('[6]COPA Weekly Crush'!$D$389:$D$440) -> 10450 | E63: =E62+SUMIFS($F$3:$F$20,$O$3:$O$20,$F$54,$P$3:$P$20,A63)+F63 -> 4585000 | F63: =SUMIFS($D$3:$D$20,$O$3:$O$20,$F$54,$Q$3:$Q$20,A63) -> 0 | G63: =B63/1000-D63 -> 1380 | H63: =E63-E62 -> 0 | I63: =D63-D62 -> 375 | J63: =D63-D62 -> 375 | P63: =B63/1000-D63 -> 1380 | Q63: ='Crush Stats '!K31 -> 9179440 | R63: =Q63/1000/D63 -> 0.87841531
A64: 2018 | B64: =B63+SUMIF($P$3:$P$20,A64,$F$3:$F$20)+C64 -> 11830000 | C64: =SUMIF($Q$3:$Q$20,A64,$D$3:$D$20) -> 0 | D64: =MAX('[6]COPA Weekly Crush'!$D$441:$D$492) -> 10500 | E64: =E63+SUMIFS($F$3:$F$20,$O$3:$O$20,$F$54,$P$3:$P$20,A64)+F64 -> 4585000 | F64: =SUMIFS($D$3:$D$20,$O$3:$O$20,$F$54,$Q$3:$Q$20,A64) -> 0 | G64: =B64/1000-D64 -> 1330 | H64: =E64-E63 -> 0 | I64: =D64-D63 -> 50 | J64: =D64-D63 -> 50 | P64: =B64/1000-D64 -> 1330 | Q64: ='Crush Stats '!K32 -> 9286423 | R64: =Q64/1000/D64 -> 0.88442124
A65: 2019 | B65: =B64+SUMIF($P$3:$P$20,A65,$F$3:$F$20)+C65 -> 11830000 | C65: =SUMIF($Q$3:$Q$20,A65,$D$3:$D$20) -> 0 | D65: =MAX('[6]COPA Weekly Crush'!$D$493:$D$544) -> 10525 | E65: =E64+SUMIFS($F$3:$F$20,$O$3:$O$20,$F$54,$P$3:$P$20,A65)+F65 -> 4585000 | F65: =SUMIFS($D$3:$D$20,$O$3:$O$20,$F$54,$Q$3:$Q$20,A65) -> 0 | G65: =B65/1000-D65 -> 1305 | H65: =E65-E64 -> 0 | I65: =D65-D64 -> 25 | J65: =D65-D64 -> 25 | P65: =B65/1000-D65 -> 1305 | Q65: ='Crush Stats '!K33 -> 9608640 | R65: =Q65/1000/D65 -> 0.91293492
A66: 2020 | B66: =B65+SUMIF($P$3:$P$20,A66,$F$3:$F$20)+C66 -> 11830000 | C66: =SUMIF($Q$3:$Q$20,A66,$D$3:$D$20) -> 0 | D66: =MAX('[6]COPA Weekly Crush'!$D$545:$D$597) -> 10700 | E66: =E65+SUMIFS($F$3:$F$20,$O$3:$O$20,$F$54,$P$3:$P$20,A66)+F66 -> 4585000 | F66: =SUMIFS($D$3:$D$20,$O$3:$O$20,$F$54,$Q$3:$Q$20,A66) -> 0 | G66: =B66/1000-D66 -> 1130 | H66: =E66-E65 -> 0 | I66: =D66-D65 -> 175 | J66: =D66-D65 -> 175 | P66: =B66/1000-D66 -> 1130 | Q66: ='Crush Stats '!K34 -> 10290286 | R66: =Q66/1000/D66 -> 0.96170897
A67: 2021 | B67: =B66+SUMIF($P$3:$P$20,A67,$F$3:$F$20)+C67 -> 11830000 | C67: =SUMIF($Q$3:$Q$20,A67,$D$3:$D$20) -> 0 | D67: =MAX('[6]COPA Weekly Crush'!$D$598:$D$649) -> 10925 | E67: =E66+SUMIFS($F$3:$F$20,$O$3:$O$20,$F$54,$P$3:$P$20,A67)+F67 -> 4585000 | F67: =SUMIFS($D$3:$D$20,$O$3:$O$20,$F$54,$Q$3:$Q$20,A67) -> 0 | G67: =B67/1000-D67 -> 905 | H67: =E67-E66 -> 0 | I67: =AVERAGE('[6]COPA Weekly Crush'!$D$598:$D$649) -> 10812.019 | J67: =D67-D66 -> 225 | P67: =B67/1000-D67 -> 905 | Q67: ='Crush Stats '!K35 -> 9857362 | R67: =Q67/1000/D67 -> 0.9022757
A68: 2022 | B68: =B67+SUMIF($P$3:$P$20,A68,$F$3:$F$20)+C68 -> 11830000 | C68: =SUMIF($Q$3:$Q$20,A68,$D$3:$D$20) -> 0 | D68: =MAX('[6]COPA Weekly Crush'!$D$650:$D$701) -> 10875 | E68: =E67+SUMIFS($F$3:$F$20,$O$3:$O$20,$F$54,$P$3:$P$20,A68)+F68 -> 4585000 | F68: =SUMIFS($D$3:$D$20,$O$3:$O$20,$F$54,$Q$3:$Q$20,A68) -> 0 | G68: =B68/1000-D68 -> 955 | H68: =E68-E67 -> 0 | I68: =AVERAGE('[6]COPA Weekly Crush'!$D$650:$D$701) -> 10873.558
A69: 2023 | B69: =B68+SUMIF($P$3:$P$20,A69,$F$3:$F$20)+C69 -> 11830000 | C69: =SUMIF($Q$3:$Q$20,A69,$D$3:$D$20) -> 0 | E69: =E68+SUMIFS($F$3:$F$20,$O$3:$O$20,$F$54,$P$3:$P$20,A69)+F69 -> 4585000 | F69: =SUMIFS($D$3:$D$20,$O$3:$O$20,$F$54,$Q$3:$Q$20,A69) -> 0 | G69: =B69/1000-D69 -> 11830 | H69: =E69-E68 -> 0
A70: 2024 | B70: =B69+SUMIF($P$3:$P$20,A70,$F$3:$F$20)+C70 -> 17581500 | C70: =SUMIF($Q$3:$Q$20,A70,$D$3:$D$20) -> 5751500 | E70: =E69+SUMIFS($F$3:$F$20,$O$3:$O$20,$F$54,$P$3:$P$20,A70)+F70 -> 10336500 | F70: =SUMIFS($D$3:$D$20,$O$3:$O$20,$F$54,$Q$3:$Q$20,A70) -> 5751500 | G70: =B70/1000-D70 -> 17581.5 | H70: =E70-E69 -> 5751500 | I70: =MROUND(B70*0.88,50000) -> 15450000
A71: 2025 | B71: =B70+SUMIF($P$3:$P$20,A71,$F$3:$F$20)+C71 -> 17581500 | C71: =SUMIF($Q$3:$Q$20,A71,$D$3:$D$20) -> 0 | E71: =E70+SUMIFS($F$3:$F$20,$O$3:$O$20,$F$54,$P$3:$P$20,A71)+F71 -> 10336500 | F71: =SUMIFS($D$3:$D$20,$O$3:$O$20,$F$54,$Q$3:$Q$20,A71) -> 0 | G71: =B71/1000-D71 -> 17581.5 | H71: =E71-E70 -> 0 | I71: =MROUND(B71*0.88,50000) -> 15450000
A72: 2026 | B72: =B71+SUMIF($P$3:$P$20,A72,$F$3:$F$20)+C72 -> 18681500 | C72: =SUMIF($Q$3:$Q$20,A72,$D$3:$D$20) -> 1100000 | E72: =E71+SUMIFS($F$3:$F$20,$O$3:$O$20,$F$54,$P$3:$P$20,A72)+F72 -> 11436500 | F72: =SUMIFS($D$3:$D$20,$O$3:$O$20,$F$54,$Q$3:$Q$20,A72) -> 1100000 | G72: =B72/1000-D72 -> 18681.5 | H72: =E72-E71 -> 1100000 | I72: =MROUND(B72*0.88,50000) -> 16450000
A73: 2027 | B73: =B72+SUMIF($P$3:$P$20,A73,$F$3:$F$20)+C73 -> 18681500 | C73: =SUMIF($Q$3:$Q$20,A73,$D$3:$D$20) -> 0 | E73: =E72+SUMIFS($F$3:$F$20,$O$3:$O$20,$F$54,$P$3:$P$20,A73)+F73 -> 11436500 | F73: =SUMIFS($D$3:$D$20,$O$3:$O$20,$F$54,$Q$3:$Q$20,A73) -> 0 | G73: =B73/1000-D73 -> 18681.5 | H73: =E73-E72 -> 0 | I73: =MROUND(B73*0.88,50000) -> 16450000
