Workbook

Sheet Mandates
B1: 2021 | C1: 2022 | D1: 2023 | E1: 2024 | F1: 2025 | G1: 2026 | H1: 2027 | I1: 2028 | J1: 2029 | K1: 2030 | L1: 2031 | M1: 2032 | N1: 2033
A2: Cellulosic Biofuel | B2: 0.56 | C2: 0.63 | D2: 0.72 | E2: 1.42 | F2: 2.13 | G2: 2.52 | H2: 2.75 | I2: 3 | J2: 3.25 | K2: 3.5 | L2: 3.75 | M2: 4 | N2: 4.25
A3: Biomass-Based Diesel | B3: 2.43 | C3: 2.76 | D3: 2.82 | E3: 2.89 | F3: 2.95 | G3: 3.01 | H3: 3.07 | I3: 3.13 | J3: 3.2 | K3: 3.27 | L3: 3.34 | M3: 3.41 | N3: 3.48
A4: Advanced Biofuel | B4: 5.05 | C4: 5.63 | D4: 5.82 | E4: 6.62 | F4: 7.43 | G4: 8 | H4: 8.575 | I4: 9.175 | J4: 9.775 | K4: 10.4 | L4: 11.05 | M4: 11.7 | N4: 12.375
A5: Total Renewable Fuel | B5: 18.84 | C5: 20.63 | D5: 20.82 | E5: 21.87 | F5: 22.68 | G5: 23.25 | H5: 23.825 | I5: 24.425 | J5: 25.025 | K5: 25.65 | L5: 26.3 | M5: 26.95 | N5: 27.625
A6: Implied Ethanol | B6: 13.79 | C6: 15 | D6: 15 | E6: 15.25 | F6: 15.25 | G6: 15.25 | H6: 15.25 | I6: 15.25 | J6: 15.25 | K6: 15.25 | L6: 15.25 | M6: 15.25 | N6: 15.25
A7: Supplemental Standard | B7: 0 | C7: 0.25 | D7: 0.25 | E7: 0 | F7: 0 | G7: 0 | H7: 0 | I7: 0 | J7: 0 | K7: 0 | L7: 0 | M7: 0 | N7: 0
A8: YOY % Change (does not include supplemental volume) | B8: 0.099824869 | C8: 0.095010616 | D8: 0.0092098885 | E8: 0.050432277 | F8: 0.037037037 | G8: 0.025132275 | H8: 0.024731183 | I8: 0.025183631 | J8: 0.024564995 | K8: 0.024975025 | L8: 0.025341131 | M8: 0.024714829 | N8: 0.025046382
A9: (billion gallons)
A10: * All values are ethanol-equivalent on an energy consult basis, except for biomass-based diesel (BBD), which is biodiesel equivalent
A18: Cellulosic Biofuel | B18: =B2-B33 -> 0 | C18: =C2-C33 -> 0 | D18: =D2-D33 -> 0.02 | E18: =E2-E33 -> 0.65 | F18: =F2-F33 -> 1.28 | G18: =G2-G33 -> 1.595 | H18: =H2-H33 -> 1.75 | I18: =I2-I33 -> 1.925 | ... N18: =N2-N33 -> 2.75
A19: Biomass-Based Diesel | B19: =B3-B34 -> 0 | C19: =C3-C34 -> 0 | D19: =D3-D34 -> -0.18 | E19: =E3-E34 -> -0.36 | F19: =F3-F34 -> -0.55 | G19: =G3-G34 -> -0.74 | H19: =H3-H34 -> -0.93 | I19: =I3-I34 -> -1.12 | ... N19: =N3-N34 -> -2.02
A20: Advanced Biofuel | B20: =B4-B35 -> 0 | C20: =C4-C35 -> 0 | D20: =D4-D35 -> -0.28 | E20: =E4-E35 -> 0.02 | F20: =F4-F35 -> 0.33 | G20: =G4-G35 -> 0.4 | H20: =H4-H35 -> 0.475 | I20: =I4-I35 -> 0.575 | ... N20: =N4-N35 -> 1.275
A21: Total Renewable Fuel | B21: =B5-B36 -> 0 | C21: =C5-C36 -> 0 | D21: =D5-D36 -> -0.28 | E21: =E5-E36 -> 0.27 | F21: =F5-F36 -> 0.58 | G21: =G5-G36 -> 0.65 | H21: =H5-H36 -> 0.725 | I21: =I5-I36 -> 0.825 | ... N21: =N5-N36 -> 1.525
A22: Implied Ethanol | B22: =B6-B37 -> 0 | C22: =C6-C37 -> 0 | D22: =D6-D37 -> 0 | E22: =E6-E37 -> 0.25 | F22: =F6-F37 -> 0.25 | G22: =G6-G37 -> 0.25 | H22: =H6-H37 -> 0.25 | I22: =I6-I37 -> 0.25 | ... N22: =N6-N37 -> 0.25
A23: Supplemental Standard | B23: =B7-B38 -> 0 | C23: =C7-C38 -> 0 | D23: =D7-D38 -> 0 | E23: =E7-E38 -> 0 | F23: =F7-F38 -> 0 | G23: =G7-G38 -> 0 | H23: =H7-H38 -> 0 | I23: =I7-I38 -> 0 | ... N23: =N7-N38 -> 0
A24: YOY % Change (does not include supplemental volume) | B24: =B8-B39 -> 0 | C24: =C8-C39 -> 0 | D24: =D8-D39 -> -0.013572467 | E24: =E8-E39 -> 0.026735594 | F24: =F8-F39 -> 0.013888889 | G24: =G8-G39 -> 0.0025078407 | H24: =H8-H39 -> 0.002607289 | I24: =I8-I39 -> 0.003538609 | ... N24: =N8-N39 -> 0.0055151322
A33: Cellulosic Biofuel | B33: 0.56 | C33: 0.63 | D33: 0.7 | E33: 0.77 | F33: 0.85 | G33: 0.925 | H33: 1 | I33: 1.075 | J33: 1.15 | K33: 1.225 | L33: 1.3 | M33: 1.4 | N33: 1.5
A34: Biomass-Based Diesel | B34: 2.43 | C34: 2.76 | D34: 3 | E34: 3.25 | F34: 3.5 | G34: 3.75 | H34: 4 | I34: 4.25 | J34: 4.5 | K34: 4.75 | L34: 5 | M34: 5.25 | N34: 5.5
A35: Advanced Biofuel | B35: 5.05 | C35: 5.63 | D35: 6.1 | E35: 6.6 | F35: 7.1 | G35: 7.6 | H35: 8.1 | I35: 8.6 | J35: 9.1 | K35: 9.6 | L35: 10.1 | M35: 10.6 | N35: 11.1
A36: Total Renewable Fuel | B36: 18.84 | C36: 20.63 | D36: 21.1 | E36: 21.6 | F36: 22.1 | G36: 22.6 | H36: 23.1 | I36: 23.6 | J36: 24.1 | K36: 24.6 | L36: 25.1 | M36: 25.6 | N36: 26.1
A37: Implied Ethanol | B37: 13.79 | C37: 15 | D37: 15 | E37: 15 | F37: 15 | G37: 15 | H37: 15 | I37: 15 | J37: 15 | K37: 15 | L37: 15 | M37: 15 | N37: 15
A38: Supplemental Standard | B38: 0 | C38: 0.25 | D38: 0.25 | E38: 0 | F38: 0 | G38: 0 | H38: 0 | I38: 0 | J38: 0 | K38: 0 | L38: 0 | M38: 0 | N38: 0
A39: YOY % Change (does not include supplemental volume) | B39: 0.099824869 | C39: 0.095010616 | D39: 0.022782356 | E39: 0.023696682 | F39: 0.023148148 | G39: 0.022624434 | H39: 0.022123894 | I39: 0.021645022 | J39: 0.021186441 | K39: 0.020746888 | L39: 0.020325203 | M39: 0.019920319 | N39: 0.01953125

Sheet Biofuel Volumes
A1: Domestic Biomass-Based Diesel Production Volumes (gallons)
B2: 2021 | C2: 2022 | D2: 2023 | E2: 2024 | F2: 2025 | G2: 2026 | H2: 2027 | I2: 2028 | J2: 2029 | K2: 2030 | L2: 2031 | M2: 2032 | N2: 2033
A3: Biodiesel | B3: 1704627334 | C3: 1619170406 | D3: 1.607042e+09 | E3: 9.315822e+08 | F3: 6.7691451e+08 | G3: 5.785552e+08 | H3: 6.214256e+08 | I3: 5.4450395e+08 | J3: 5.150515e+08 | K3: 4.6650967e+08 | L3: 4.4393941e+08 | M3: 4.0323265e+08 | N3: 3.4388838e+08
A4: RD | B4: 1316441940 | C4: 1898616942 | D4: 2.755977e+09 | E4: 3.8871908e+09 | F4: 4.3857502e+09 | G4: 5.6671935e+09 | H4: 5.6755026e+09 | I4: 5.7329615e+09 | J4: 5.782513e+09 | K4: 5.8040666e+09 | L4: 5.8203817e+09 | M4: 5.839598e+09 | N4: 5.8548844e+09
A5: SAF | B5: 5076623 | C5: 7893137 | D5: 25000000 | E5: 75000000 | F5: 100000000 | G5: 250000000 | H5: 500000000 | I5: 750000000 | J5: 1000000000 | K5: 1500000000 | L5: 2000000000 | M5: 2500000000 | N5: 3000000000
B8: =B4+B3 -> 3021069274 | C8: =C4+C3 -> 3517787348 | D8: =D4+D3 -> 4.3630191e+09 | E8: =E4+E3 -> 4.818773e+09 | F8: =F4+F3 -> 5.0626647e+09 | G8: =G4+G3 -> 6.2457487e+09 | H8: =H4+H3 -> 6.2969282e+09 | I8: =I4+I3 -> 6.2774655e+09 | ... N8: =N4+N3 -> 6.1987727e+09
A11: Biodiesel | B11: =B3-B18 -> 249667 | C11: =C3-C18 -> -57758678 | D11: =D3-D18 -> 2.1617092e+08 | E11: =E3-E18 -> 1.5696681e+08 | F11: =F3-F18 -> 79299094 | G11: =G3-G18 -> 64019830 | H11: =H3-H18 -> 1.9531463e+08 | I11: =I3-I18 -> 1.053044e+08 | ... N11: =N3-N18 -> -1.4711861e+08
A12: RD | B12: =B4-B19 -> 471036486 | C12: =C4-C19 -> -1.5096305e+08 | D12: =D4-D19 -> 1.7293069e+08 | E12: =E4-E19 -> 7.8872925e+08 | F12: =F4-F19 -> 9.992628e+08 | G12: =G4-G19 -> 2.0654459e+09 | H12: =H4-H19 -> 1.8405038e+09 | I12: =I4-I19 -> 1.7801656e+09 | ... N12: =N4-N19 -> 1.4358214e+09
A13: SAF | B13: =B5-B20 -> 56152 | C13: =C5-C20 -> -5106863 | D13: =D5-D20 -> 0 | E13: =E5-E20 -> 0 | F13: =F5-F20 -> 0 | G13: =G5-G20 -> 0 | H13: =H5-H20 -> 0 | I13: =I5-I20 -> 0 | ... N13: =N5-N20 -> 500000000
A18: Biodiesel | B18: 1704377667 | C18: 1.6769291e+09 | D18: 1.3908711e+09 | E18: 7.7461538e+08 | F18: 5.9761542e+08 | G18: 5.1453537e+08 | H18: 4.2611097e+08 | I18: 4.3919955e+08 | J18: 4.5227927e+08 | K18: 4.6497607e+08 | L18: 4.7800971e+08 | M18: 4.9100699e+08 | N18: 4.9100699e+08
A19: RD | B19: 845405454 | C19: 2.04958e+09 | D19: 2.5830463e+09 | E19: 3.0984615e+09 | F19: 3.3864874e+09 | G19: 3.6017476e+09 | H19: 3.8349987e+09 | I19: 3.952796e+09 | J19: 4.0705134e+09 | K19: 4.1847846e+09 | L19: 4.3020874e+09 | M19: 4.4190629e+09 | N19: 4.4190629e+09
A20: SAF | B20: 5020471 | C20: 13000000 | D20: 25000000 | E20: 75000000 | F20: 100000000 | G20: 250000000 | H20: 500000000 | I20: 750000000 | J20: 1000000000 | K20: 1500000000 | L20: 2000000000 | M20: 2500000000 | N20: 2500000000

Sheet Processing Tech Breakdown
A2: Process Tech Percentages: | B2: 2021 | C2: 2022 | D2: 2023 | E2: 2024 | F2: 2025 | G2: 2026 | H2: 2027 | I2: 2028 | J2: 2029 | K2: 2030 | L2: 2031 | M2: 2032 | N2: 2033
A3: Biodiesel | B3: 0.66713687 | C3: 0.52583135 | D3: 0.39727943 | E3: 0.20432299 | F3: 0.14237425 | G3: 0.11415517 | H3: 0.10731251 | I3: 0.095999679 | J3: 0.086819683 | K3: 0.072898717 | L3: 0.064455566 | M3: 0.054784329 | N3: 0.043986423
A4: Renewable Diesel | B4: 0.3064374 | C4: 0.44793863 | D4: 0.57144633 | E4: 0.75674414 | F4: 0.81469605 | G4: 0.81669739 | H4: 0.78068908 | I4: 0.75297434 | J4: 0.72599947 | K4: 0.67524782 | L4: 0.62874304 | M4: 0.58999453 | N4: 0.5574372
A5: Co-Processing | B5: 0.024438909 | C5: 0.023666694 | D5: 0.025093948 | E5: 0.022483192 | F5: 0.021896871 | G5: 0.020575334 | H5: 0.019714455 | I5: 0.01879598 | J5: 0.018615792 | K5: 0.017457305 | L5: 0.016421384 | M5: 0.015564068 | N5: 0.014849353
A6: Sustainable Avaition Fuel | B6: 0.0019868286 | C6: 0.0025633243 | D6: 0.00618029 | E6: 0.016449675 | F6: 0.021032826 | G6: 0.048572105 | H6: 0.092283957 | I6: 0.13223 | J6: 0.16856505 | K6: 0.23439616 | L6: 0.29038001 | M6: 0.33965707 | N6: 0.38372703
B8: =1-SUM(B3:B6) -> 0 | C8: =1-SUM(C3:C6) -> 0 | D8: =1-SUM(D3:D6) -> 0 | E8: =1-SUM(E3:E6) -> 0 | F8: =1-SUM(F3:F6) -> 0 | G8: =1-SUM(G3:G6) -> 0 | H8: =1-SUM(H3:H6) -> 0 | I8: =1-SUM(I3:I6) -> 0 | ... N8: =1-SUM(N3:N6) -> 0
A15: Biodiesel | B15: =B3-B21 -> -0.001303384 | C15: =C3-C21 -> 0.075831349 | D15: =D3-D21 -> 0.047279429 | E15: =E3-E21 -> 0.0043229912 | F15: =F3-F21 -> -0.0076257508 | G15: =G3-G21 -> -0.010844829 | H15: =H3-H21 -> 0.0073125099 | I15: =I3-I21 -> -0.0040003209 | ... N15: =N3-N21 -> -0.056013577
A16: Renewable Diesel | B16: =B4-B22 -> -0.00063211138 | C16: =C4-C22 -> -0.082061367 | D16: =D4-D22 -> -0.058553667 | E16: =E4-E22 -> -0.023255858 | F16: =F4-F22 -> -0.015303946 | G16: =G4-G22 -> -0.03830261 | H16: =H4-H22 -> -0.099310921 | I16: =I4-I22 -> -0.12702566 | ... N16: =N4-N22 -> -0.3225628
A17: Co-Processing | B17: =B6-B23 -> -0.022503414 | C17: =C6-C23 -> -0.017436676 | D17: =D6-D23 -> -0.01381971 | E17: =E6-E23 -> -0.0035503251 | F17: =F6-F23 -> 0.0010328257 | G17: =G6-G23 -> 0.028572105 | H17: =H6-H23 -> 0.072283957 | I17: =I6-I23 -> 0.11223 | ... N17: =N6-N23 -> 0.36372703
A21: Biodiesel | B21: 0.66844025 | C21: 0.45 | D21: 0.35 | E21: 0.2 | F21: 0.15 | G21: 0.125 | H21: 0.1 | I21: 0.1 | J21: 0.1 | K21: 0.1 | L21: 0.1 | M21: 0.1 | N21: 0.1
A22: Renewable Diesel | B22: 0.30706951 | C22: 0.53 | D22: 0.63 | E22: 0.78 | F22: 0.83 | G22: 0.855 | H22: 0.88 | I22: 0.88 | J22: 0.88 | K22: 0.88 | L22: 0.88 | M22: 0.88 | N22: 0.88
A23: Co-Processing | B23: 0.024490243 | C23: 0.02 | D23: 0.02 | E23: 0.02 | F23: 0.02 | G23: 0.02 | H23: 0.02 | I23: 0.02 | J23: 0.02 | K23: 0.02 | L23: 0.02 | M23: 0.02 | N23: 0.02

Sheet Credit Prices
B2: 2021 | C2: 2022 | D2: 2023 | E2: 2024 | F2: 2025 | G2: 2026 | H2: 2027 | I2: 2028 | J2: 2029 | K2: 2030 | L2: 2031 | M2: 2032 | N2: 2033
A3: D4 RINs | B3: 91 - 204 | C3: 106 - 196 | D3: 135 - 205 | E3: 140 - 200 | F3: 150 - 210 | G3: 140 - 200 | H3: 130 - 190 | I3: 130 - 190 | J3: 120 - 185 | K3: 140 - 205 | L3: 165 - 225 | M3: 155 - 215 | N3: 36 - 104
A4: CA LCFS Credits | B4: 144 - 202 | C4: 58 - 155 | D4: 50 - 100 | E4: 50 - 100 | F4: 75 - 125 | G4: 75 - 125 | H4: 100 - 150 | I4: 100 - 150 | J4: 95 - 140 | K4: 100 - 150 | L4: 110 - 160 | M4: 110 - 160 | N4: 171 - 217
A5: OR LCFS Credits | B5: 125 - 127 | C5: 120 - 140 | D5: 110 - 130 | E5: 100 - 120 | F5: 110 - 130 | G5: 110 - 130 | H5: 120 - 140 | I5: 120 - 140 | J5: 110 - 130 | K5: 120 - 140 | L5: 130 - 150 | M5: 130 - 150 | N5: 111 - 159
A9: SBO | B9: =AVERAGE('[1]Soy Complex'!BJ$517:BJ$525,'[1]Soy Complex'!BK$514:BK$516) -> 63.64443 | C9: =AVERAGE('[1]Soy Complex'!BK$517:BK$525,'[1]Soy Complex'!BL$514:BL$516) -> 75.000005 | D9: =AVERAGE('[1]Soy Complex'!BL$517:BL$525,'[1]Soy Complex'!BM$514:BM$516) -> 60.68959 | E9: =AVERAGE('[1]Soy Complex'!BM$517:BM$525,'[1]Soy Complex'!BN$514:BN$516) -> 44.448736 | F9: =AVERAGE('[1]Soy Complex'!BN$517:BN$525,'[1]Soy Complex'!BO$514:BO$516) -> 43.25839 | G9: =AVERAGE('[1]Soy Complex'!BO$517:BO$525,'[1]Soy Complex'!BP$514:BP$516) -> 42.65406 | H9: =AVERAGE('[1]Soy Complex'!BP$517:BP$525,'[1]Soy Complex'!BQ$514:BQ$516) -> 45.478534 | I9: =AVERAGE('[1]Soy Complex'!BQ$517:BQ$525,'[1]Soy Complex'!BR$514:BR$516) -> 42.843002 | ... N9: =AVERAGE('[1]Soy Complex'!BV$517:BV$525,'[1]Soy Complex'!BW$514:BW$516) -> 57.302477
A11: Realized Average
A12: D4 RINs | C12: 166.395
A13: CA LCFS Credits | C13: 98.535
A14: OR LCFS Credits
A16: Difference
A17: D4 RINs
A18: High | B18: =B35-B52 -> 0 | C18: =C35-C52 -> 6 | D18: =D35-D52 -> 0 | E18: =E35-E52 -> 0 | F18: =F35-F52 -> 0 | G18: =G35-G52 -> 0 | H18: =H35-H52 -> 0 | I18: =I35-I52 -> 0 | ... N18: =N35-N52 -> 0
A19: Low | B19: =B36-B53 -> 0 | C19: =C36-C53 -> -39 | D19: =D36-D53 -> 0 | E19: =E36-E53 -> 0 | F19: =F36-F53 -> 0 | G19: =G36-G53 -> 0 | H19: =H36-H53 -> 0 | I19: =I36-I53 -> 0 | ... N19: =N36-N53 -> 0
A20: Average | B20: =B37-B54 -> #DIV/0! | C20: =C37-C54 -> #DIV/0! | D20: =D37-D54 -> #DIV/0! | E20: =E37-E54 -> #DIV/0! | F20: =F37-F54 -> #DIV/0! | G20: =G37-G54 -> #DIV/0! | H20: =H37-H54 -> #DIV/0! | I20: =I37-I54 -> #DIV/0! | ... N20: =N37-N54 -> #DIV/0!
A22: CA LCFS Credits
A23: High | B23: =B40-B57 -> 0 | C23: =C40-C57 -> -20 | D23: =D40-D57 -> 0 | E23: =E40-E57 -> 0 | F23: =F40-F57 -> 0 | G23: =G40-G57 -> 0 | H23: =H40-H57 -> 0 | I23: =I40-I57 -> 0 | ... N23: =N40-N57 -> 0
A24: Low | B24: =B41-B58 -> 0 | C24: =C41-C58 -> -2 | D24: =D41-D58 -> 0 | E24: =E41-E58 -> 0 | F24: =F41-F58 -> 0 | G24: =G41-G58 -> 0 | H24: =H41-H58 -> 0 | I24: =I41-I58 -> 0 | ... N24: =N41-N58 -> 0
A25: Average | B25: =B42-B59 -> #DIV/0! | C25: =C42-C59 -> #DIV/0! | D25: =D42-D59 -> #DIV/0! | E25: =E42-E59 -> #DIV/0! | F25: =F42-F59 -> #DIV/0! | G25: =G42-G59 -> #DIV/0! | H25: =H42-H59 -> #DIV/0! | I25: =I42-I59 -> #DIV/0! | ... N25: =N42-N59 -> #DIV/0!
A27: OR LCFS Credits
A28: High | B28: =B45-B62 -> 0 | C28: =C45-C62 -> 0 | D28: =D45-D62 -> 0 | E28: =E45-E62 -> 0 | F28: =F45-F62 -> 0 | G28: =G45-G62 -> 0 | H28: =H45-H62 -> 0 | I28: =I45-I62 -> 0 | ... N28: =N45-N62 -> 0
A29: Low | B29: =B46-B63 -> 0 | C29: =C46-C63 -> 0 | D29: =D46-D63 -> 0 | E29: =E46-E63 -> 0 | F29: =F46-F63 -> 0 | G29: =G46-G63 -> 0 | H29: =H46-H63 -> 0 | I29: =I46-I63 -> 0 | ... N29: =N46-N63 -> 0
A30: Average | B30: =B47-B64 -> #DIV/0! | C30: =C47-C64 -> #DIV/0! | D30: =D47-D64 -> #DIV/0! | E30: =E47-E64 -> #DIV/0! | F30: =F47-F64 -> #DIV/0! | G30: =G47-G64 -> #DIV/0! | H30: =H47-H64 -> #DIV/0! | I30: =I47-I64 -> #DIV/0! | ... N30: =N47-N64 -> #DIV/0!
A33: New
A34: D4 RINs
A35: High | B35: =RIGHT(B3,3) -> 204 | C35: =RIGHT(C3,3) -> 196 | D35: =RIGHT(D3,3) -> 205 | E35: =RIGHT(E3,3) -> 200 | F35: =RIGHT(F3,3) -> 210 | G35: =RIGHT(G3,3) -> 200 | H35: =RIGHT(H3,3) -> 190 | I35: =RIGHT(I3,3) -> 190 | ... N35: =RIGHT(N3,3) -> 104
A36: Low | B36: =LEFT(B3,2) -> 91 | C36: =LEFT(C3,3) -> 106 | D36: =LEFT(D3,3) -> 135 | E36: =LEFT(E3,3) -> 140 | F36: =LEFT(F3,3) -> 150 | G36: =LEFT(G3,3) -> 140 | H36: =LEFT(H3,3) -> 130 | I36: =LEFT(I3,3) -> 130 | J36: =LEFT(J3,3) -> 120 | ... M36: =LEFT(M3,3) -> 155 | N36: =LEFT(N3,2) -> 36
A37: Average | B37: =AVERAGE(B35:B36) -> #DIV/0! | C37: =AVERAGE(C35:C36) -> #DIV/0! | D37: =AVERAGE(D35:D36) -> #DIV/0! | E37: =AVERAGE(E35:E36) -> #DIV/0! | F37: =AVERAGE(F35:F36) -> #DIV/0! | G37: =AVERAGE(G35:G36) -> #DIV/0! | H37: =AVERAGE(H35:H36) -> #DIV/0! | I37: =AVERAGE(I35:I36) -> #DIV/0! | ... N37: =AVERAGE(N35:N36) -> #DIV/0!
A39: CA LCFS Credits
A40: High | B40: =RIGHT(B4,3) -> 202 | C40: =RIGHT(C4,3) -> 155 | D40: =RIGHT(D4,3) -> 100 | E40: =RIGHT(E4,3) -> 100 | F40: =RIGHT(F4,3) -> 125 | G40: =RIGHT(G4,3) -> 125 | H40: =RIGHT(H4,3) -> 150 | I40: =RIGHT(I4,3) -> 150 | ... N40: =RIGHT(N4,3) -> 217
A41: Low | B41: =LEFT(B4,3) -> 144 | C41: =LEFT(C4,2) -> 58 | D41: =LEFT(D4,2) -> 50 | E41: =LEFT(E4,2) -> 50 | F41: =LEFT(F4,2) -> 75 | G41: =LEFT(G4,2) -> 75 | H41: =LEFT(H4,3) -> 100 | I41: =LEFT(I4,3) -> 100 | J41: =LEFT(J4,3) -> 95 | K41: =LEFT(K4,3) -> 100 | L41: =LEFT(L4,3) -> 110 | M41: =LEFT(M4,3) -> 110 | N41: =LEFT(N4,3) -> 171
A42: Average | B42: =AVERAGE(B40:B41) -> #DIV/0! | C42: =AVERAGE(C40:C41) -> #DIV/0! | D42: =AVERAGE(D40:D41) -> #DIV/0! | E42: =AVERAGE(E40:E41) -> #DIV/0! | F42: =AVERAGE(F40:F41) -> #DIV/0! | G42: =AVERAGE(G40:G41) -> #DIV/0! | H42: =AVERAGE(H40:H41) -> #DIV/0! | I42: =AVERAGE(I40:I41) -> #DIV/0! | ... N42: =AVERAGE(N40:N41) -> #DIV/0!
A44: OR LCFS Credits
A45: High | B45: =RIGHT(B5,3) -> 127 | C45: =RIGHT(C5,3) -> 140 | D45: =RIGHT(D5,3) -> 130 | E45: =RIGHT(E5,3) -> 120 | F45: =RIGHT(F5,3) -> 130 | G45: =RIGHT(G5,3) -> 130 | H45: =RIGHT(H5,3) -> 140 | I45: =RIGHT(I5,3) -> 140 | ... N45: =RIGHT(N5,3) -> 159
A46: Low | B46: =LEFT(B5,3) -> 125 | C46: =LEFT(C5,3) -> 120 | D46: =LEFT(D5,3) -> 110 | E46: =LEFT(E5,3) -> 100 | F46: =LEFT(F5,3) -> 110 | G46: =LEFT(G5,3) -> 110 | H46: =LEFT(H5,3) -> 120 | I46: =LEFT(I5,3) -> 120 | ... N46: =LEFT(N5,3) -> 111
A47: Average | B47: =AVERAGE(B45:B46) -> #DIV/0! | C47: =AVERAGE(C45:C46) -> #DIV/0! | D47: =AVERAGE(D45:D46) -> #DIV/0! | E47: =AVERAGE(E45:E46) -> #DIV/0! | F47: =AVERAGE(F45:F46) -> #DIV/0! | G47: =AVERAGE(G45:G46) -> #DIV/0! | H47: =AVERAGE(H45:H46) -> #DIV/0! | I47: =AVERAGE(I45:I46) -> #DIV/0! | ... N47: =AVERAGE(N45:N46) -> #DIV/0!
A50: Old
A51: D4 RINs
A52: High | B52: 204 | C52: 190 | D52: 205 | E52: 200 | F52: 210 | G52: 200 | H52: 190 | I52: 190 | J52: 185 | K52: 205 | L52: 225 | M52: 215 | N52: 104
A53: Low | B53: 91 | C53: 145 | D53: 135 | E53: 140 | F53: 150 | G53: 140 | H53: 130 | I53: 130 | J53: 120 | K53: 140 | L53: 165 | M53: 155 | N53: 36
A54: Average | B54: =AVERAGE(B52:B53) -> 147.5 | C54: =AVERAGE(C52:C53) -> 167.5 | D54: =AVERAGE(D52:D53) -> 170 | E54: =AVERAGE(E52:E53) -> 170 | F54: =AVERAGE(F52:F53) -> 180 | G54: =AVERAGE(G52:G53) -> 170 | H54: =AVERAGE(H52:H53) -> 160 | I54: =AVERAGE(I52:I53) -> 160 | ... N54: =AVERAGE(N52:N53) -> 70
A56: CA LCFS Credits
A57: High | B57: 202 | C57: 175 | D57: 100 | E57: 100 | F57: 125 | G57: 125 | H57: 150 | I57: 150 | J57: 140 | K57: 150 | L57: 160 | M57: 160 | N57: 217
A58: Low | B58: 144 | C58: 60 | D58: 50 | E58: 50 | F58: 75 | G58: 75 | H58: 100 | I58: 100 | J58: 95 | K58: 100 | L58: 110 | M58: 110 | N58: 171
A59: Average | B59: =AVERAGE(B57:B58) -> 173 | C59: =AVERAGE(C57:C58) -> 117.5 | D59: =AVERAGE(D57:D58) -> 75 | E59: =AVERAGE(E57:E58) -> 75 | F59: =AVERAGE(F57:F58) -> 100 | G59: =AVERAGE(G57:G58) -> 100 | H59: =AVERAGE(H57:H58) -> 125 | I59: =AVERAGE(I57:I58) -> 125 | ... N59: =AVERAGE(N57:N58) -> 194
A61: OR LCFS Credits
A62: High | B62: 127 | C62: 140 | D62: 130 | E62: 120 | F62: 130 | G62: 130 | H62: 140 | I62: 140 | J62: 130 | K62: 140 | L62: 150 | M62: 150 | N62: 159
A63: Low | B63: 125 | C63: 120 | D63: 110 | E63: 100 | F63: 110 | G63: 110 | H63: 120 | I63: 120 | J63: 110 | K63: 120 | L63: 130 | M63: 130 | N63: 111
A64: Average | B64: =AVERAGE(B62:B63) -> 126 | C64: =AVERAGE(C62:C63) -> 130 | D64: =AVERAGE(D62:D63) -> 120 | E64: =AVERAGE(E62:E63) -> 110 | F64: =AVERAGE(F62:F63) -> 120 | G64: =AVERAGE(G62:G63) -> 120 | H64: =AVERAGE(H62:H63) -> 130 | I64: =AVERAGE(I62:I63) -> 130 | ... N64: =AVERAGE(N62:N63) -> 135

Sheet Price Spread Comp
B1: 2021 | C1: 2022 | D1: 2023 | E1: 2024 | F1: 2025 | G1: 2026 | H1: 2027 | I1: 2028 | J1: 2029 | K1: 2030 | L1: 2031 | M1: 2032
A2: SBO (Crude - Decatur, IL) | B2: =SBO!AD16 -> 64.747619 | C2: =SBO!AE16 -> 74.398095 | D2: =SBO!AF16 -> 61.454261 | E2: =SBO!AG16 -> 43.996793 | F2: =SBO!AH16 -> 44.970738 | G2: =SBO!AI16 -> 43.813235 | H2: =SBO!AJ16 -> 43.044545 | I2: =SBO!AK16 -> 42.062951 | ... M2: =SBO!AO16 -> 41.030342
A3: CO (RBD - Los Angeles) | B3: ='Canola Oil'!AD16 -> 87.64905 | C3: ='Canola Oil'!AE16 -> 96.8742 | D3: ='Canola Oil'!AF16 -> 73.63025 | E3: ='Canola Oil'!AG16 -> 55.095935 | F3: ='Canola Oil'!AH16 -> 56.172474 | G3: ='Canola Oil'!AI16 -> 54.814049 | H3: ='Canola Oil'!AJ16 -> 52.971741 | I3: ='Canola Oil'!AK16 -> 51.934845 | ... M3: ='Canola Oil'!AO16 -> 50.902919
A6: CO - SBO | B6: =B3-B2 -> 22.901431 | C6: =C3-C2 -> 22.476105 | D6: =D3-D2 -> 12.175989 | E6: =E3-E2 -> 11.099142 | F6: =F3-F2 -> 11.201736 | G6: =G3-G2 -> 11.000815 | H6: =H3-H2 -> 9.9271966 | I6: =I3-I2 -> 9.8718937 | ... M6: =M3-M2 -> 9.8725769
A8: BFT (Packer - Chicago | B8: ='Inedible Tallow'!AD16 -> 56.97836 | C8: ='Inedible Tallow'!AE16 -> 78.45 | D8: ='Inedible Tallow'!AF16 -> 66.3 | E8: ='Inedible Tallow'!AG16 -> 45.865909 | F8: ='Inedible Tallow'!AH16 -> 46.32326 | G8: ='Inedible Tallow'!AI16 -> 48 | H8: ='Inedible Tallow'!AJ16 -> 49.5 | I8: ='Inedible Tallow'!AK16 -> 45.875 | ... M8: ='Inedible Tallow'!AO16 -> 43.125
A9: CWG (Missouri River) | B9: =CWG!AD16 -> 53.7903 | C9: =CWG!AE16 -> 72.738095 | D9: =CWG!AF16 -> 55.906926 | E9: =CWG!AG16 -> 40.603896 | F9: =CWG!AH16 -> 48.139194 | G9: =CWG!AI16 -> 45.75 | H9: =CWG!AJ16 -> 43.625 | I9: =CWG!AK16 -> 37.125 | ... M9: =CWG!AO16 -> 37.25
A10: YG (Missouri River) | B10: ='Yellow Grease'!AD16 -> 42.7625 | C10: ='Yellow Grease'!AE16 -> 60.5 | D10: ='Yellow Grease'!AF16 -> 47.07955 | E10: ='Yellow Grease'!AG16 -> 35 | F10: ='Yellow Grease'!AH16 -> 38.25 | G10: ='Yellow Grease'!AI16 -> 33 | H10: ='Yellow Grease'!AJ16 -> 34.375 | I10: ='Yellow Grease'!AK16 -> 32 | ... M10: ='Yellow Grease'!AO16 -> 32.375
A11: PF (Mid-South) | B11: ='Poultry Fat'!AD16 -> 31.886 | C11: ='Poultry Fat'!AE16 -> 30.72 | D11: ='Poultry Fat'!AF16 -> 26.958 | E11: ='Poultry Fat'!AG16 -> 33.302 | F11: ='Poultry Fat'!AH16 -> 31.359077 | G11: ='Poultry Fat'!AI16 -> 38.104497 | H11: ='Poultry Fat'!AJ16 -> 57.481308 | I11: ='Poultry Fat'!AK16 -> 41.487707 | ... M11: ='Poultry Fat'!AO16 -> 61.544395
A12: DCO (IL/WI) | B12: =DCO!AD16 -> 53.803571 | C12: =DCO!AE16 -> 73.953008 | D12: =DCO!AF16 -> 57.630909 | E12: =DCO!AG16 -> 43.204506 | F12: =DCO!AH16 -> 48.917243 | G12: =DCO!AI16 -> 41.125 | H12: =DCO!AJ16 -> 43.5 | I12: =DCO!AK16 -> 37.75 | ... M12: =DCO!AO16 -> 36.5
A13: UCO (Illinois) | B13: =UCO!AD16 -> 51.59305 | C13: =UCO!AE16 -> 65.592262 | D13: =UCO!AF16 -> 49.052489 | E13: =UCO!AG16 -> 36.586957 | F13: =UCO!AH16 -> 40.75 | G13: =UCO!AI16 -> 40.75 | H13: =UCO!AJ16 -> 38.375 | I13: =UCO!AK16 -> 37.75 | ... M13: =UCO!AO16 -> 36.125
A16: BFT - CWG ( 2-5 - 4 ) | B16: =B8-B9 -> 3.1880595 | C16: =C8-C9 -> 5.7119048 | D16: =D8-D9 -> 10.393074 | E16: =E8-E9 -> 5.262013 | F16: =F8-F9 -> -1.8159341 | G16: =G8-G9 -> 2.25 | H16: =H8-H9 -> 5.875 | I16: =I8-I9 -> 8.75 | ... M16: =M8-M9 -> 5.875
A17: CWG - YG ( 4-10 - 7 ) | B17: =B9-B10 -> 11.0278 | C17: =C9-C10 -> 12.238095 | D17: =D9-D10 -> 8.8273764 | E17: =E9-E10 -> 5.6038961 | F17: =F9-F10 -> 9.8891941 | G17: =G9-G10 -> 12.75 | H17: =H9-H10 -> 9.25 | I17: =I9-I10 -> 5.125 | ... M17: =M9-M10 -> 4.875
A18: YG - PF ( (2)-(8) - (5) ) | B18: =B10-B11 -> 10.8765 | C18: =C10-C11 -> 29.78 | D18: =D10-D11 -> 20.12155 | E18: =E10-E11 -> 1.698 | F18: =F10-F11 -> 6.8909226 | G18: =G10-G11 -> -5.1044969 | H18: =H10-H11 -> -23.106308 | I18: =I10-I11 -> -9.4877075 | ... M18: =M10-M11 -> -29.169395 | O18: Good
A19: BFT - DCO ( (1)-6 - 2 ) | B19: =B8-B12 -> 3.1747881 | C19: =C8-C12 -> 4.4969925 | D19: =D8-D12 -> 8.6690909 | E19: =E8-E12 -> 2.6614032 | F19: =F8-F12 -> -2.593983 | G19: =G8-G12 -> 6.875 | H19: =H8-H12 -> 6 | I19: =I8-I12 -> 8.125 | ... M19: =M8-M12 -> 6.625 | O19: Good
A20: UCO - DCO ( (8)-(1) - (5) ) | B20: =B13-B12 -> -2.2105214 | C20: =C13-C12 -> -8.3607456 | D20: =D13-D12 -> -8.5784199 | E20: =E13-E12 -> -6.6175494 | F20: =F13-F12 -> -8.1672431 | G20: =G13-G12 -> -0.375 | H20: =H13-H12 -> -5.125 | I20: =I13-I12 -> 0 | ... M20: =M13-M12 -> -0.375 | O20: Good
A21: UCO - YG ( 4-8 - 6 ) | B21: =B13-B10 -> 8.83055 | C21: =C13-C10 -> 5.0922619 | D21: =D13-D10 -> 1.9729392 | E21: =E13-E10 -> 1.5869565 | F21: =F13-F10 -> 2.5 | G21: =G13-G10 -> 7.75 | H21: =H13-H10 -> 4 | I21: =I13-I10 -> 5.75 | ... M21: =M13-M10 -> 3.75

Sheet Total Feedstocks
B2: US BIOMASS-BASED DIESEL FEEDSTOCK SUPPLY AND DEMAND (million pounds)
C3: =SBO!C3 -> 1994 | D3: =SBO!D3 -> 1995 | E3: =SBO!E3 -> 1996 | F3: =SBO!F3 -> 1997 | G3: =SBO!G3 -> 1998 | H3: =SBO!H3 -> 1999 | I3: =SBO!I3 -> 2000 | J3: =SBO!J3 -> 2001 | ... BG3: =SBO!BG3 -> 2050
B4: Beginning Stocks (January 1) | C4: ='Veg Oils'!C4+'Fats and Grease'!C4 -> #REF! | D4: ='Veg Oils'!D4+'Fats and Grease'!D4 -> #REF! | E4: ='Veg Oils'!E4+'Fats and Grease'!E4 -> #REF! | F4: ='Veg Oils'!F4+'Fats and Grease'!F4 -> #REF! | G4: ='Veg Oils'!G4+'Fats and Grease'!G4 -> #REF! | H4: ='Veg Oils'!H4+'Fats and Grease'!H4 -> #REF! | I4: ='Veg Oils'!I4+'Fats and Grease'!I4 -> #REF! | J4: ='Veg Oils'!J4+'Fats and Grease'!J4 -> #REF! | ... BG4: ='Veg Oils'!BG4+'Fats and Grease'!BG4 -> 112482.4
B5: Production | C5: ='Veg Oils'!C7+'Fats and Grease'!C11 -> 12591.377 | D5: ='Veg Oils'!D7+'Fats and Grease'!D11 -> 38380.991 | E5: ='Veg Oils'!E7+'Fats and Grease'!E11 -> 37580.235 | F5: ='Veg Oils'!F7+'Fats and Grease'!F11 -> 38899.697 | G5: ='Veg Oils'!G7+'Fats and Grease'!G11 -> 43395.277 | H5: ='Veg Oils'!H7+'Fats and Grease'!H11 -> 44277.899 | I5: ='Veg Oils'!I7+'Fats and Grease'!I11 -> 42997.829 | J5: ='Veg Oils'!J7+'Fats and Grease'!J11 -> 44094.673 | ... BG5: ='Veg Oils'!BG7+'Fats and Grease'!BG11 -> 96886.485
B6: Imports | C6: ='Veg Oils'!C10+'Fats and Grease'!C18 -> 1871.3182 | D6: ='Veg Oils'!D10+'Fats and Grease'!D18 -> 1925.9018 | E6: ='Veg Oils'!E10+'Fats and Grease'!E18 -> 2367.5629 | F6: ='Veg Oils'!F10+'Fats and Grease'!F18 -> 2305.8908 | G6: ='Veg Oils'!G10+'Fats and Grease'!G18 -> 2326.4176 | H6: ='Veg Oils'!H10+'Fats and Grease'!H18 -> 2410.9722 | I6: ='Veg Oils'!I10+'Fats and Grease'!I18 -> 2456.9371 | J6: ='Veg Oils'!J10+'Fats and Grease'!J18 -> 2483.4268 | ... BG6: ='Veg Oils'!BG10+'Fats and Grease'!BG18 -> 51515.128
B7: Total Supply | C7: =SUM(C4:C6) -> #REF! | D7: =SUM(D4:D6) -> #REF! | E7: =SUM(E4:E6) -> #REF! | F7: =SUM(F4:F6) -> #REF! | G7: =SUM(G4:G6) -> #REF! | H7: =SUM(H4:H6) -> #REF! | I7: =SUM(I4:I6) -> #REF! | J7: =SUM(J4:J6) -> #REF! | ... BG7: =SUM(BG4:BG6) -> 260884.01
B8: Domestic Usage | C8: =C9+C12 -> #REF! | D8: =D9+D12 -> #REF! | E8: =E9+E12 -> #REF! | F8: =F9+F12 -> #REF! | G8: =G9+G12 -> #REF! | H8: =H9+H12 -> #REF! | I8: =I9+I12 -> #REF! | J8: =J9+J12 -> #REF! | ... AA8: =AA9+AA12 -> #REF! | AB8: =AB14-AB13 -> 41949.235 | AC8: =AC14-AC13 -> 40508.034 | AD8: =AD14-AD13 -> 44338.414 | AE8: =AE14-AE13 -> 49771.549 | AF8: =AF14-AF13 -> 62360.319 | AG8: =AG14-AG13 -> 65026.327 | AH8: =AH14-AH13 -> 62538.967 | AI8: =AI14-AI13 -> 72301.023 | ... BG8: =BG14-BG13 -> 138272.03
B9: Biomass-Based Diesel Production | C9: =C10+C11+#REF! -> #REF! | D9: =D10+D11+#REF! -> #REF! | E9: =E10+E11+#REF! -> #REF! | F9: =F10+F11+#REF! -> #REF! | G9: =G10+G11+#REF! -> #REF! | H9: =H10+H11+#REF! -> #REF! | I9: =I10+I11+#REF! -> #REF! | J9: =J10+J11+#REF! -> #REF! | ... AA9: =AA10+AA11+#REF! -> #REF! | AB9: =SUM(AB10:AB11) -> 18054.639 | AC9: =SUM(AC10:AC11) -> 19104.993 | AD9: =SUM(AD10:AD11) -> 19669.349 | AE9: =SUM(AE10:AE11) -> 29743.384 | AF9: =SUM(AF10:AF11) -> 40386.606 | AG9: =SUM(AG10:AG11) -> 44300.429 | AH9: =SUM(AH10:AH11) -> 39464.419 | AI9: =SUM(AI10:AI11) -> 47095.593 | ... BG9: =SUM(BG10:BG11) -> 108116.32
B10: Biodiesel Production | C10: ='Veg Oils'!C17+'Fats and Grease'!C29 -> 48.75 | D10: ='Veg Oils'!D17+'Fats and Grease'!D29 -> 0 | E10: ='Veg Oils'!E17+'Fats and Grease'!E29 -> 0 | F10: ='Veg Oils'!F17+'Fats and Grease'!F29 -> 0 | G10: ='Veg Oils'!G17+'Fats and Grease'!G29 -> 0.66676393 | H10: ='Veg Oils'!H17+'Fats and Grease'!H29 -> 8.7631958 | I10: ='Veg Oils'!I17+'Fats and Grease'!I29 -> 28.371254 | J10: ='Veg Oils'!J17+'Fats and Grease'!J29 -> 153.78186 | ... BG10: ='Veg Oils'!BG17+'Fats and Grease'!BG29 -> 3074.2666
B11: Renewable Diesel Production | C11: ='Veg Oils'!C20+'Fats and Grease'!C36 -> 103.77 | D11: ='Veg Oils'!D20+'Fats and Grease'!D36 -> 0 | E11: ='Veg Oils'!E20+'Fats and Grease'!E36 -> 0 | F11: ='Veg Oils'!F20+'Fats and Grease'!F36 -> 0 | G11: ='Veg Oils'!G20+'Fats and Grease'!G36 -> 0 | H11: ='Veg Oils'!H20+'Fats and Grease'!H36 -> 0 | I11: ='Veg Oils'!I20+'Fats and Grease'!I36 -> 0 | J11: ='Veg Oils'!J20+'Fats and Grease'!J36 -> 0 | ... BG11: ='Veg Oils'!BG20+'Fats and Grease'!BG36 -> 105042.05
B12: Non-Biodiesel Use | C12: ='Veg Oils'!C23+'Fats and Grease'!C43 -> 3298.7785 | D12: ='Veg Oils'!D23+'Fats and Grease'!D43 -> 23583.134 | E12: ='Veg Oils'!E23+'Fats and Grease'!E43 -> 25884.959 | F12: ='Veg Oils'!F23+'Fats and Grease'!F43 -> 27359.23 | G12: ='Veg Oils'!G23+'Fats and Grease'!G43 -> 29132.844 | H12: ='Veg Oils'!H23+'Fats and Grease'!H43 -> 30342.549 | I12: ='Veg Oils'!I23+'Fats and Grease'!I43 -> 30603.941 | J12: ='Veg Oils'!J23+'Fats and Grease'!J43 -> 31156.349 | ... AA12: ='Veg Oils'!AA23+'Fats and Grease'!AA43 -> 25664.666 | AB12: =AB8-AB9 -> 23894.595 | AC12: =AC8-AC9 -> 21403.041 | AD12: =AD8-AD9 -> 24669.064 | AE12: =AE8-AE9 -> 20028.165 | AF12: =AF8-AF9 -> 21973.713 | AG12: =AG8-AG9 -> 20725.898 | AH12: =AH8-AH9 -> 23074.548 | AI12: =AI8-AI9 -> 25205.43 | ... BG12: =BG8-BG9 -> 30155.718
B13: Exports | C13: ='Veg Oils'!C26+'Fats and Grease'!C50 -> 3367.306 | D13: ='Veg Oils'!D26+'Fats and Grease'!D50 -> 8008.159 | E13: ='Veg Oils'!E26+'Fats and Grease'!E50 -> 4619.6738 | F13: ='Veg Oils'!F26+'Fats and Grease'!F50 -> 6778.6605 | G13: ='Veg Oils'!G26+'Fats and Grease'!G50 -> 9115.0746 | H13: ='Veg Oils'!H26+'Fats and Grease'!H50 -> 6613.7582 | I13: ='Veg Oils'!I26+'Fats and Grease'!I50 -> 5232.6549 | J13: ='Veg Oils'!J26+'Fats and Grease'!J50 -> 4826.9871 | ... BG13: ='Veg Oils'!BG26+'Fats and Grease'!BG50 -> 4409.3482
B14: Total Use | C14: =C13+C8 -> #REF! | D14: =D13+D8 -> #REF! | E14: =E13+E8 -> #REF! | F14: =F13+F8 -> #REF! | G14: =G13+G8 -> #REF! | H14: =H13+H8 -> #REF! | I14: =I13+I8 -> #REF! | J14: =J13+J8 -> #REF! | ... AA14: =AA13+AA8 -> #REF! | AB14: =AB7-AB15 -> 47536.158 | AC14: =AC7-AC15 -> 48374.467 | AD14: =AD7-AD15 -> 49234.819 | AE14: =AE7-AE15 -> 54702.302 | AF14: =AF7-AF15 -> 64194.704 | AG14: =AG7-AG15 -> 68080.464 | AH14: =AH7-AH15 -> 66883.618 | AI14: =AI7-AI15 -> 76693.999 | ... BG14: =BG7-BG15 -> 142681.38
B15: Ending Stocks (December 31) | C15: ='Veg Oils'!C31+'Fats and Grease'!C59 -> #REF! | D15: ='Veg Oils'!D31+'Fats and Grease'!D59 -> #REF! | E15: ='Veg Oils'!E31+'Fats and Grease'!E59 -> #REF! | F15: ='Veg Oils'!F31+'Fats and Grease'!F59 -> #REF! | G15: ='Veg Oils'!G31+'Fats and Grease'!G59 -> #REF! | H15: ='Veg Oils'!H31+'Fats and Grease'!H59 -> #REF! | I15: ='Veg Oils'!I31+'Fats and Grease'!I59 -> #REF! | J15: ='Veg Oils'!J31+'Fats and Grease'!J59 -> #REF! | ... BG15: ='Veg Oils'!BG31+'Fats and Grease'!BG59 -> 118202.63
B16: Source: USDA, The Jacobsen
AD18: =AD9/AD8 -> 0.4436187 | AE18: =AE9/AE8 -> 0.59759813 | AF18: =AF9/AF8 -> 0.64763309 | AG18: =AG9/AG8 -> 0.68126913 | AH18: =AH9/AH8 -> 0.63103727 | AI18: =AI9/AI8 -> 0.65138211
AE19: =(AE9/W9)^(1/9)-1 -> #REF!
B21: Total Supply | C21: =C7 -> #REF! | D21: =D7 -> #REF! | E21: =E7 -> #REF! | F21: =F7 -> #REF! | G21: =G7 -> #REF! | H21: =H7 -> #REF! | I21: =I7 -> #REF! | J21: =J7 -> #REF! | ... BG21: =BG7 -> 260884.01
B22: Ending Stocks | C22: =C15 -> #REF! | D22: =D15 -> #REF! | E22: =E15 -> #REF! | F22: =F15 -> #REF! | G22: =G15 -> #REF! | H22: =H15 -> #REF! | I22: =I15 -> #REF! | J22: =J15 -> #REF! | ... BG22: =BG15 -> 118202.63
B23: Total Use | C23: =C21-C22 -> #REF! | D23: =D21-D22 -> #REF! | E23: =E21-E22 -> #REF! | F23: =F21-F22 -> #REF! | G23: =G21-G22 -> #REF! | H23: =H21-H22 -> #REF! | I23: =I21-I22 -> #REF! | J23: =J21-J22 -> #REF! | ... BG23: =BG21-BG22 -> 142681.38
B24: Check | C24: =C23-C14 -> #REF! | D24: =D23-D14 -> #REF! | E24: =E23-E14 -> #REF! | F24: =F23-F14 -> #REF! | G24: =G23-G14 -> #REF! | H24: =H23-H14 -> #REF! | I24: =I23-I14 -> #REF! | J24: =J23-J14 -> #REF! | ... BG24: =BG23-BG14 -> 0
B26: Non-Fat and Grease Capacity | AC26: 0 | AD26: =11 -> 11 | AE26: =AD26+33+8.5 -> 52.5 | AF26: =AE26+45 -> 97.5 | AG26: =AF26+46+120+60 -> 323.5 | AH26: =AG26+32+45 -> 400.5 | AI26: =AH26 -> 400.5 | AJ26: =AI26+35 -> 435.5 | AK26: =AJ26 -> 435.5 | AL26: =AK26 -> 435.5 | AM26: =AL26 -> 435.5 | AN26: =AM26 -> 435.5 | AO26: =AN26 -> 435.5 | AP26: =AO26 -> 435.5 | AQ26: =AP26 -> 435.5 | AR26: =AQ26 -> 435.5 | AS26: =AR26 -> 435.5
B27: Biodiesel | AC27: =[3]Biodiesel!L$15/1000000 -> 1824.8757 | AD27: =[3]Biodiesel!M$15/1000000 -> 1704.6294 | AE27: =[3]Biodiesel!N$15/1000000 -> 1620.2111 | AF27: =[3]Biodiesel!O$15/1000000 -> 1670.3208 | AG27: =[3]Biodiesel!P$15/1000000 -> 1669.2485 | AH27: =[3]Biodiesel!Q$15/1000000 -> #REF! | AI27: =[3]Biodiesel!R$15/1000000 -> #REF! | AJ27: =[3]Biodiesel!S$15/1000000 -> #REF! | ... AS27: =[3]Biodiesel!AB$15/1000000 -> #REF!
B28: Renewable Diesel | AC28: ='[3]Renewable Diesel'!L$15/1000000 -> 949.79029 | AD28: ='[3]Renewable Diesel'!M$15/1000000 -> 1291.683 | AE28: ='[3]Renewable Diesel'!N$15/1000000 -> 1867.8796 | AF28: ='[3]Renewable Diesel'!O$15/1000000 -> 2908.1932 | AG28: ='[3]Renewable Diesel'!P$15/1000000 -> 3563.9306 | AH28: ='[3]Renewable Diesel'!Q$15/1000000 -> 2774.401 | AI28: ='[3]Renewable Diesel'!R$15/1000000 -> 2962.7996 | AJ28: ='[3]Renewable Diesel'!S$15/1000000 -> 3218.9173 | ... AS28: ='[3]Renewable Diesel'!AB$15/1000000 -> 4609.7906
B29: SAF | AC29: ='[4]10 Year RFS Curves (2020)'!E$48*1000/2 -> 2.3041995 | AD29: ='[4]10 Year RFS Curves (2020)'!F$48*1000/2 -> 2.5383115 | AE29: ='[4]10 Year RFS Curves (2020)'!G$48*1000/2 -> 3.9465685 | AF29: ='[4]10 Year RFS Curves (2020)'!H$48*1000/2 -> 6.0953985 | AG29: ='[4]10 Year RFS Curves (2020)'!I$48*1000/2 -> 19.335385 | AH29: ='[4]10 Year RFS Curves (2020)'!J$48*1000/2 -> 39.869957 | AI29: ='[4]10 Year RFS Curves (2020)'!K$48*1000/2 -> 184.35398 | AJ29: ='[4]10 Year RFS Curves (2020)'!L$48*1000/2 -> 441.6749 | ... AS29: ='[4]10 Year RFS Curves (2020)'!U$48*1000/2 -> 2070.9407
B30: Total Biomass-Based Diesel Production | AC30: =SUM(AC27:AC29) -> 2776.9701 | AD30: =SUM(AD27:AD29) -> 2998.8507 | AE30: =SUM(AE27:AE29) -> 3492.0373 | AF30: =SUM(AF27:AF29) -> 4584.6094 | AG30: =SUM(AG27:AG29) -> 5252.5145 | AH30: =SUM(AH27:AH29) -> #REF! | AI30: =SUM(AI27:AI29) -> #REF! | AJ30: =SUM(AJ27:AJ29) -> #REF! | ... AS30: =SUM(AS27:AS29) -> #REF!
B31: Yields without SAF | AC31: =((AC26*7.5)+AC9)/SUM(AC27:AC28) -> 6.8855111 | AD31: =((AD26*7.5)+AD9)/SUM(AD27:AD28) -> 6.5920527 | AE31: =AE9/AE30 -> 8.5174877 | AF31: =AF9/AF30 -> 8.8091706 | AG31: =AG9/AG30 -> 8.4341375 | AH31: =AH9/AH30 -> #REF! | AI31: =AI9/AI30 -> #REF! | AJ31: =AJ9/AJ30 -> #REF! | AK31: =AK9/AK30 -> #REF! | AL31: =AL9/AL30 -> #REF! | ... AS31: =AS9/AS30 -> #REF!
B32: Biodiesel Yield | AC32: =AC10/AC27 -> 7.2978581 | AD32: =AD10/AD27 -> 7.0282987 | AE32: =AE10/AE27 -> 8.3405887 | AF32: =AF10/AF27 -> 8.6820424 | AG32: =AG10/AG27 -> 7.9379683 | AH32: =AH10/AH27 -> #REF! | AI32: =AI10/AI27 -> #REF! | AJ32: =AJ10/AJ27 -> #REF! | ... AS32: =AS10/AS27 -> #REF!
B33: Renewable Diesel Yield | AC33: =((AC26*7.5)+SUM(AC11:AC11))/AC28 -> 6.0932499 | AD33: =((AD26*7.5)+SUM(AD11:AD11))/AD28 -> 6.0163406 | AE33: =SUM(AE11:AE11)/AE28 -> 8.6889273 | AF33: =SUM(AF11:AF11)/AF28 -> 8.9006501 | AG33: =SUM(AG11:AG11)/AG28 -> 8.7122874 | AH33: =SUM(AH11:AH11)/AH28 -> 9.6421848 | AI33: =SUM(AI11:AI11)/AI28 -> 11.878906 | AJ33: =SUM(AJ11:AJ11)/AJ28 -> 13.632712 | AK33: =SUM(AK11:AK11)/AK28 -> 14.398478 | AL33: =SUM(AL11:AL11)/AL28 -> 15.733871 | ... AS33: =SUM(AS11:AS11)/AS28 -> 15.496127
B34: Yields with SAF | AC34: =((AC26*7.5)+AC9)/SUM(AC27:AC29) -> 6.8797978 | AD34: =((AD26*7.5)+AD9)/SUM(AD27:AD29) -> 6.586473 | AE34: =AE9/SUM(AE27:AE29) -> 8.5174877 | AF34: =((AF26*7.5)+AF9)/SUM(AF27:AF29) -> 8.9686716 | AG34: =((AG26*7.5)+AG9)/SUM(AG27:AG29) -> 8.8960591 | AH34: =((AH26*7.5)+AH9)/SUM(AH27:AH29) -> #REF! | AI34: =((AI26*7.5)+AI9)/SUM(AI27:AI29) -> #REF! | AJ34: =((AJ26*7.5)+AJ9)/SUM(AJ27:AJ29) -> #REF! | AK34: =((AK26*7.5)+AK9)/SUM(AK27:AK29) -> #REF! | AL34: =((AL26*7.5)+AL9)/SUM(AL27:AL29) -> #REF! | AM34: =((AM26*7.5)+AM9)/SUM(AM27:AM29) -> #REF! | ... AS34: =((AS26*7.5)+AS9)/SUM(AS27:AS29) -> #REF!
B37: Total Feedstock Use - Last Report | AC37: 17835 | AD37: 18010 | AE37: 22261.908 | AF37: 25620.432 | AG37: 25530.22 | AH37: 28359.957 | AI37: 29959.05 | AJ37: 31798.027 | AK37: 32297.796 | AL37: 33264.271 | AM37: 34936.647 | AN37: 35960.507 | AO37: 36999.568 | AP37: 36856.58
B38: Change in Feedstock Demand | AC38: =AC9-AC37 -> 1269.9931 | AD38: =AD9-AD37 -> 1659.3493 | AE38: =AE9-AE37 -> 7481.4766 | AF38: =AF9-AF37 -> 14766.174 | AG38: =AG9-AG37 -> 18770.209 | AH38: =AH9-AH37 -> 11104.462 | AI38: =AI9-AI37 -> 17136.543 | AJ38: =AJ9-AJ37 -> 24090.147 | ... AP38: =AP9-AP37 -> 50510.838
B40: Biodiesel Production - Last Report | AE40: ='Biofuel Volumes'!C18/1000000 -> 1676.9291 | AF40: ='Biofuel Volumes'!D18/1000000 -> 1390.8711 | AG40: ='Biofuel Volumes'!E18/1000000 -> 774.61538 | AH40: ='Biofuel Volumes'!F18/1000000 -> 597.61542 | AI40: ='Biofuel Volumes'!G18/1000000 -> 514.53537 | AJ40: ='Biofuel Volumes'!H18/1000000 -> 426.11097 | AK40: ='Biofuel Volumes'!I18/1000000 -> 439.19955 | AL40: ='Biofuel Volumes'!J18/1000000 -> 452.27927 | ... AP40: ='Biofuel Volumes'!N18/1000000 -> 491.00699
B41: Renewable Diesel Production - Last Report | AE41: ='Biofuel Volumes'!C19/1000000 -> 2049.58 | AF41: ='Biofuel Volumes'!D19/1000000 -> 2583.0463 | AG41: ='Biofuel Volumes'!E19/1000000 -> 3098.4615 | AH41: ='Biofuel Volumes'!F19/1000000 -> 3386.4874 | AI41: ='Biofuel Volumes'!G19/1000000 -> 3601.7476 | AJ41: ='Biofuel Volumes'!H19/1000000 -> 3834.9987 | AK41: ='Biofuel Volumes'!I19/1000000 -> 3952.796 | AL41: ='Biofuel Volumes'!J19/1000000 -> 4070.5134 | ... AP41: ='Biofuel Volumes'!N19/1000000 -> 4419.0629
B42: SAF Production - Last Report | AE42: ='Biofuel Volumes'!C20/1000000 -> 13 | AF42: ='Biofuel Volumes'!D20/1000000 -> 25 | AG42: ='Biofuel Volumes'!E20/1000000 -> 75 | AH42: ='Biofuel Volumes'!F20/1000000 -> 100 | AI42: ='Biofuel Volumes'!G20/1000000 -> 250 | AJ42: ='Biofuel Volumes'!H20/1000000 -> 500 | AK42: ='Biofuel Volumes'!I20/1000000 -> 750 | AL42: ='Biofuel Volumes'!J20/1000000 -> 1000 | ... AP42: ='Biofuel Volumes'!N20/1000000 -> 2500
B43: Total BBD + SAF Production - Last Report | AE43: =SUM(AE40:AE42) -> 3739.5091 | AF43: =SUM(AF40:AF42) -> 3998.9175 | AG43: =SUM(AG40:AG42) -> 3948.0769 | AH43: =SUM(AH40:AH42) -> 4084.1028 | AI43: =SUM(AI40:AI42) -> 4366.283 | AJ43: =SUM(AJ40:AJ42) -> 4761.1097 | AK43: =SUM(AK40:AK42) -> 5141.9955 | AL43: =SUM(AL40:AL42) -> 5522.7927 | ... AP43: =SUM(AP40:AP42) -> 7410.0699
B44: Yields without SAF - Last Report | AE44: =AE37/SUM(AE40:AE41) -> 5.9739309 | AF44: =AF37/SUM(AF40:AF41) -> 6.4471475 | AG44: =AG37/SUM(AG40:AG41) -> 6.5917152 | AH44: =AH37/SUM(AH40:AH41) -> 7.1182794 | AI44: =AI37/SUM(AI40:AI41) -> 7.2781804 | AJ44: =AJ37/SUM(AJ40:AJ41) -> 7.4623818 | AK44: =AK37/SUM(AK40:AK41) -> 7.3537863 | AL44: =AL37/SUM(AL40:AL41) -> 7.3548077 | ... AP44: =AP37/SUM(AP40:AP41) -> 7.5063248
B45: Yields with SAF - Last Report | AE45: =AE37/SUM(AE40:AE42) -> 5.9531632 | AF45: =AF37/SUM(AF40:AF42) -> 6.4068419 | AG45: =AG37/SUM(AG40:AG42) -> 6.4664951 | AH45: =AH37/SUM(AH40:AH42) -> 6.943987 | AI45: =AI37/SUM(AI40:AI42) -> 6.861454 | AJ45: =AJ37/SUM(AJ40:AJ42) -> 6.6787009 | AK45: =AK37/SUM(AK40:AK42) -> 6.2811794 | AL45: =AL37/SUM(AL40:AL42) -> 6.0230888 | ... AP45: =AP37/SUM(AP40:AP42) -> 4.9738505
B47: Change in Biodiesel Production | AE47: =AE27-AE40 -> -56.717999 | AF47: =AF27-AF40 -> 279.44973 | AG47: =AG27-AG40 -> 894.63316 | AH47: =AH27-AH40 -> #REF! | AI47: =AI27-AI40 -> #REF! | AJ47: =AJ27-AJ40 -> #REF! | AK47: =AK27-AK40 -> #REF! | AL47: =AL27-AL40 -> #REF! | ... AP47: =AP27-AP40 -> #REF!
B48: Change in Renewable Diesel Production | AE48: =AE28-AE41 -> -181.70037 | AF48: =AF28-AF41 -> 325.14682 | AG48: =AG28-AG41 -> 465.46903 | AH48: =AH28-AH41 -> -612.08639 | AI48: =AI28-AI41 -> -638.94798 | AJ48: =AJ28-AJ41 -> -616.08145 | AK48: =AK28-AK41 -> -697.8894 | AL48: =AL28-AL41 -> -812.58122 | ... AP48: =AP28-AP41 -> -173.95155
B49: Change in SAF | AE49: =AE29-AE42 -> -9.0534315 | AF49: =AF29-AF42 -> -18.904601 | AG49: =AG29-AG42 -> -55.664615 | AH49: =AH29-AH42 -> -60.130043 | AI49: =AI29-AI42 -> -65.646019 | AJ49: =AJ29-AJ42 -> -58.325103 | AK49: =AK29-AK42 -> -171.2908 | AL49: =AL29-AL42 -> -242.12705 | ... AP49: =AP29-AP42 -> -919.69675
B50: Change in Yields - without SAF | AE50: =AE31-AE44 -> 2.5435567 | AF50: =AF31-AF44 -> 2.3620231 | AG50: =AG31-AG44 -> 1.8424223 | AH50: =AH31-AH44 -> #REF! | AI50: =AI31-AI44 -> #REF! | AJ50: =AJ31-AJ44 -> #REF! | AK50: =AK31-AK44 -> #REF! | AL50: =AL31-AL44 -> #REF! | ... AP50: =AP31-AP44 -> #REF!
B51: Change in Yields - with SAF | AE51: =AE34-AE45 -> 2.5643245 | AF51: =AF34-AF45 -> 2.5618297 | AG51: =AG34-AG45 -> 2.429564 | AH51: =AH34-AH45 -> #REF! | AI51: =AI34-AI45 -> #REF! | AJ51: =AJ34-AJ45 -> #REF! | AK51: =AK34-AK45 -> #REF! | AL51: =AL34-AL45 -> #REF! | ... AP51: =AP34-AP45 -> #REF!
B53: Change in Total BBD Production | AE53: =SUM(AE47:AE49) -> -247.4718 | AF53: =SUM(AF47:AF49) -> 585.69195 | AG53: =SUM(AG47:AG49) -> 1304.4376 | AH53: =SUM(AH47:AH49) -> #REF! | AI53: =SUM(AI47:AI49) -> #REF! | AJ53: =SUM(AJ47:AJ49) -> #REF! | AK53: =SUM(AK47:AK49) -> #REF! | AL53: =SUM(AL47:AL49) -> #REF! | ... AP53: =SUM(AP47:AP49) -> #REF!
B55: Biodiesel - wldbiodiesel Feedstock Use | AE55: =SUM('[5]US EIA'!$P$282:$P$293) -> 13344.447 | AF55: =SUM('[5]US EIA'!$P$294:$P$305) -> 13517.791 | AG55: =SUM('[5]US EIA'!$P$306:$P$317) -> 12772.733 | AH55: =SUM('[5]US EIA'!$P$318:$P$329) -> 12379.865 | AI55: =SUM('[5]US EIA'!$P$330:$P$341) -> 11569.22 | AJ55: =SUM('[5]US EIA'!$P$342:$P$353) -> 11712.874 | AK55: =SUM('[5]US EIA'!$P$354:$P$365) -> 9255.7038 | AL55: =SUM('[5]US EIA'!$P$366:$P$377) -> 10410.789 | AM55: =SUM('[5]US EIA'!$P$378:$P$389) -> 10464.423 | AN55: =SUM('[5]US EIA'!$P$390:$P$401) -> 10358.848 | AO55: =SUM('[5]US EIA'!$P$402:$P$413) -> 10878.885 | AP55: =SUM('[5]US EIA'!$P$414:$P$425) -> 10150.937
B56: Difference | AE56: =AE55-AE10 -> -169.06711 | AF56: =AF55-AF10 -> -984.00522 | AG56: =AG55-AG10 -> -477.70929 | AH56: =AH55-AH10 -> -333.26668 | AI56: =AI55-AI10 -> -331.55532 | AJ56: =AJ55-AJ10 -> -292.72765 | AK56: =AK55-AK10 -> -163.86892 | AL56: =AL55-AL10 -> 81.262104 | ... AP56: =AP55-AP10 -> 1090.8116
B57: Veg Oil Difference | AE57: ='Veg Oils'!AE46 -> 111 | AF57: ='Veg Oils'!AF46 -> 341.468 | AG57: ='Veg Oils'!AG46 -> 277.698 | AH57: ='Veg Oils'!AH46 -> 268.47447 | AI57: ='Veg Oils'!AI46 -> 219.7922 | AJ57: ='Veg Oils'!AJ46 -> 136.91812 | AK57: ='Veg Oils'!AK46 -> 115.26557 | AL57: ='Veg Oils'!AL46 -> 123.28208 | ... AP57: ='Veg Oils'!AP46 -> 295.73688
B58: Fats and Grease Difference | AE58: ='Fats and Grease'!AE78 -> 606.83 | AF58: ='Fats and Grease'!AF78 -> 174.06808 | AG58: ='Fats and Grease'!AG78 -> 215.37662 | AH58: ='Fats and Grease'!AH78 -> 227.18265 | AI58: ='Fats and Grease'!AI78 -> 242.26095 | AJ58: ='Fats and Grease'!AJ78 -> 267.50811 | AK58: ='Fats and Grease'!AK78 -> 169.43146 | AL58: ='Fats and Grease'!AL78 -> 201.95562 | ... AP58: ='Fats and Grease'!AP78 -> 197.4887
B59: Total Difference | AE59: =AE58+AE57 -> 717.83 | AF59: =AF58+AF57 -> 515.53608 | AG59: =AG58+AG57 -> 493.07461 | AH59: =AH58+AH57 -> 495.65712 | AI59: =AI58+AI57 -> 462.05315 | AJ59: =AJ58+AJ57 -> 404.42623 | AK59: =AK58+AK57 -> 284.69704 | AL59: =AL58+AL57 -> 325.2377 | ... AP59: =AP58+AP57 -> 493.22558
B61: Biodiesel - wldbiodiesel Yield | AE61: =AVERAGE('[5]US EIA'!$Q$283:$Q$293) -> 8.2461552 | AF61: =AVERAGE('[5]US EIA'!$Q$294:$Q$305) -> 7.962264 | AG61: =AVERAGE('[5]US EIA'!$Q$306:$Q$317) -> 7.8566022 | AH61: =AVERAGE('[5]US EIA'!$Q$318:$Q$329) -> 7.8005437 | AI61: =AVERAGE('[5]US EIA'!$Q$330:$Q$341) -> 7.8604845 | AJ61: =AVERAGE('[5]US EIA'!$Q$342:$Q$353) -> 7.9424548 | AK61: =AVERAGE('[5]US EIA'!$Q$354:$Q$365) -> 7.8822582 | AL61: =AVERAGE('[5]US EIA'!$Q$366:$Q$377) -> 7.6984588 | AM61: =AVERAGE('[5]US EIA'!$Q$378:$Q$389) -> 7.6349543 | AN61: =AVERAGE('[5]US EIA'!$Q$390:$Q$401) -> 7.6031638 | AO61: =AVERAGE('[5]US EIA'!$Q$402:$Q$413) -> 7.5525579 | AP61: =AVERAGE('[5]US EIA'!$Q$414:$Q$425) -> 7.4762234
B62: Difference | AE62: =AE32-AE61 -> 0.09443349 | AF62: =AF32-AF61 -> 0.71977842 | AG62: =AG32-AG61 -> 0.081366109 | AH62: =AH32-AH61 -> #REF! | AI62: =AI32-AI61 -> #REF! | AJ62: =AJ32-AJ61 -> #REF! | AK62: =AK32-AK61 -> #REF! | AL62: =AL32-AL61 -> #REF! | ... AP62: =AP32-AP61 -> #REF!
B63: Additional Feedstock Use | AE63: =(-AE62*'Biofuel Volumes'!C3)/1000000 -> -152.90391 | AF63: =(-AF62*'Biofuel Volumes'!D3)/1000000 -> -1156.7142 | AG63: =(-AG62*'Biofuel Volumes'!E3)/1000000 -> -75.799219 | AH63: =(-AH62*'Biofuel Volumes'!F3)/1000000 -> #REF! | AI63: =(-AI62*'Biofuel Volumes'!G3)/1000000 -> #REF! | AJ63: =(-AJ62*'Biofuel Volumes'!H3)/1000000 -> #REF! | AK63: =(-AK62*'Biofuel Volumes'!I3)/1000000 -> #REF! | AL63: =(-AL62*'Biofuel Volumes'!J3)/1000000 -> #REF! | ... AP63: =(-AP62*'Biofuel Volumes'!N3)/1000000 -> #REF!
B64: Veg Oil Difference | AE64: =AE63*(AE57/AE59) -> -23.643947 | AF64: =AF63*(AF57/AF59) -> -766.15564 | AG64: =AG63*(AG57/AG59) -> -42.68987 | AH64: =AH63*(AH57/AH59) -> #REF! | AI64: =AI63*(AI57/AI59) -> #REF! | AJ64: =AJ63*(AJ57/AJ59) -> #REF! | AK64: =AK63*(AK57/AK59) -> #REF! | AL64: =AL63*(AL57/AL59) -> #REF! | ... AP64: =AP63*(AP57/AP59) -> #REF!
B65: Fats and Grease Difference | AE65: =AE63-AE64 -> -129.25997 | AF65: =AF63-AF64 -> -390.55853 | AG65: =AG63-AG64 -> -33.109348 | AH65: =AH63-AH64 -> #REF! | AI65: =AI63-AI64 -> #REF! | AJ65: =AJ63-AJ64 -> #REF! | AK65: =AK63-AK64 -> #REF! | AL65: =AL63-AL64 -> #REF! | ... AP65: =AP63-AP64 -> #REF!
B67: Renewable Diesel - RD Feedstock Build-Up Yield | AE67: =AVERAGE('[6]Renewable Diesel'!$BM$144:$BM$155) -> 8.4480435 | AF67: =AVERAGE('[6]Renewable Diesel'!$BL$156:$BL$167) -> 8.1674999 | AG67: =AVERAGE('[6]Renewable Diesel'!$BL$168:$BL$179) -> 8.0291853 | AH67: =AVERAGE('[6]Renewable Diesel'!$BM$180:$BM$191) -> 9.0649086 | AI67: =AVERAGE('[6]Renewable Diesel'!$BM$192:$BM$203) -> 9.4194468 | AJ67: =AVERAGE('[6]Renewable Diesel'!$BM$204:$BM$215) -> 11.541382 | AK67: =AVERAGE('[6]Renewable Diesel'!$BM$216:$BM$227) -> 12.808403 | AL67: =AVERAGE('[6]Renewable Diesel'!$BM$228:$BM$239) -> 14.718464 | AM67: =AVERAGE('[6]Renewable Diesel'!$BM$240:$BM$251) -> 18.582352 | AN67: =AVERAGE('[6]Renewable Diesel'!$BM$252:$BM$263) -> 21.370992 | AO67: =AVERAGE('[6]Renewable Diesel'!$BM$264:$BM$275) -> 26.511005 | AP67: =AVERAGE('[6]Renewable Diesel'!$BM$276:$BM$287) -> 28.4088
B68: Difference | AE68: =AE33-AE67 -> 0.24088375 | AF68: =AF33-AF67 -> 0.73315016 | AG68: =AG33-AG67 -> 0.68310205 | AH68: =AH33-AH67 -> 0.57727621 | AI68: =AI33-AI67 -> 2.4594592 | AJ68: =AJ33-AJ67 -> 2.0913298 | AK68: =AK33-AK67 -> 1.5900748 | AL68: =AL33-AL67 -> 1.0154072 | ... AP68: =AP33-AP67 -> -9.9623364
B69: Additional Feedstock Use | AE69: =-AE68*('Biofuel Volumes'!C4/1000000) -> -457.34596 | AF69: =-AF68*('Biofuel Volumes'!D4/1000000) -> -2020.545 | AG69: =-AG68*('Biofuel Volumes'!E4/1000000) -> -2655.348 | AH69: =-AH68*('Biofuel Volumes'!F4/1000000) -> -2531.7892 | AI69: =-AI68*('Biofuel Volumes'!G4/1000000) -> -13938.231 | AJ69: =-AJ68*('Biofuel Volumes'!H4/1000000) -> -11869.348 | AK69: =-AK68*('Biofuel Volumes'!I4/1000000) -> -9115.8375 | AL69: =-AL68*('Biofuel Volumes'!J4/1000000) -> -5871.6052 | ... AP69: =-AP68*('Biofuel Volumes'!N4/1000000) -> 58328.328
B70: Veg Oil Difference | AE70: =(SUM('Veg Oils'!AE20,'Veg Oils'!#REF!)/SUM('Veg Oils'!AE20,'Veg Oils'!#REF!,'Fats and Grease'!AE36,'Fats and Grease'!#REF!))*AE69 -> #REF! | AF70: =(SUM('Veg Oils'!AF20,'Veg Oils'!#REF!)/SUM('Veg Oils'!AF20,'Veg Oils'!#REF!,'Fats and Grease'!AF36,'Fats and Grease'!#REF!))*AF69 -> #REF! | AG70: =(SUM('Veg Oils'!AG20,'Veg Oils'!#REF!)/SUM('Veg Oils'!AG20,'Veg Oils'!#REF!,'Fats and Grease'!AG36,'Fats and Grease'!#REF!))*AG69 -> #REF! | AH70: =(SUM('Veg Oils'!AH20,'Veg Oils'!#REF!)/SUM('Veg Oils'!AH20,'Veg Oils'!#REF!,'Fats and Grease'!AH36,'Fats and Grease'!#REF!))*AH69 -> #REF! | AI70: =(SUM('Veg Oils'!AI20,'Veg Oils'!#REF!)/SUM('Veg Oils'!AI20,'Veg Oils'!#REF!,'Fats and Grease'!AI36,'Fats and Grease'!#REF!))*AI69 -> #REF! | AJ70: =(SUM('Veg Oils'!AJ20,'Veg Oils'!#REF!)/SUM('Veg Oils'!AJ20,'Veg Oils'!#REF!,'Fats and Grease'!AJ36,'Fats and Grease'!#REF!))*AJ69 -> #REF! | AK70: =(SUM('Veg Oils'!AK20,'Veg Oils'!#REF!)/SUM('Veg Oils'!AK20,'Veg Oils'!#REF!,'Fats and Grease'!AK36,'Fats and Grease'!#REF!))*AK69 -> #REF! | AL70: =(SUM('Veg Oils'!AL20,'Veg Oils'!#REF!)/SUM('Veg Oils'!AL20,'Veg Oils'!#REF!,'Fats and Grease'!AL36,'Fats and Grease'!#REF!))*AL69 -> #REF! | ... AP70: =(SUM('Veg Oils'!AP20,'Veg Oils'!#REF!)/SUM('Veg Oils'!AP20,'Veg Oils'!#REF!,'Fats and Grease'!AP36,'Fats and Grease'!#REF!))*AP69 -> #REF!
B71: Fats and Grease Difference | AE71: =AE69-AE70 -> #REF! | AF71: =AF69-AF70 -> #REF! | AG71: =AG69-AG70 -> #REF! | AH71: =AH69-AH70 -> #REF! | AI71: =AI69-AI70 -> #REF! | AJ71: =AJ69-AJ70 -> #REF! | AK71: =AK69-AK70 -> #REF! | AL71: =AL69-AL70 -> #REF! | ... AP71: =AP69-AP70 -> #REF!
B74: SAF - RD Feedstock Build-Up Yield | AE74: =AVERAGE('[6]Renewable Diesel'!$BL$144:$BL$155) -> 8.3172108 | AF74: =AVERAGE('[6]Renewable Diesel'!$BL$156:$BL$167) -> 8.1674999 | AG74: =AVERAGE('[6]Renewable Diesel'!$BL$168:$BL$179) -> 8.0291853 | AH74: =AVERAGE('[6]Renewable Diesel'!$BL$180:$BL$191) -> 8.0322007 | AI74: =AVERAGE('[6]Renewable Diesel'!$BL$192:$BL$203) -> 8.0344173 | AJ74: =AVERAGE('[6]Renewable Diesel'!$BL$204:$BL$215) -> 7.9632456 | AK74: =AVERAGE('[6]Renewable Diesel'!$BL$216:$BL$227) -> 8.0599093 | AL74: =AVERAGE('[6]Renewable Diesel'!$BL$228:$BL$239) -> 8.3219159 | AM74: =AVERAGE('[6]Renewable Diesel'!$BL$240:$BL$251) -> 9.2681387 | AN74: =AVERAGE('[6]Renewable Diesel'!$BL$252:$BL$263) -> 10.184919 | AO74: =AVERAGE('[6]Renewable Diesel'!$BL$264:$BL$275) -> 12.156565 | AP74: =AVERAGE('[6]Renewable Diesel'!$BL$276:$BL$287) -> 12.715616
B75: Difference | AE75: =AE34-AE74 -> 0.20027685 | AF75: =AF34-AF74 -> 0.80117167 | AG75: =AG34-AG74 -> 0.86687378 | AH75: =AH34-AH74 -> #REF! | AI75: =AI34-AI74 -> #REF! | AJ75: =AJ34-AJ74 -> #REF! | AK75: =AK34-AK74 -> #REF! | AL75: =AL34-AL74 -> #REF! | ... AP75: =AP34-AP74 -> #REF!
B76: Additional Feedstock Use | AE76: =-AE75*(SUM('Biofuel Volumes'!C4:C5)/1000000) -> -381.82984 | AF76: =-AF75*(SUM('Biofuel Volumes'!D4:D5)/1000000) -> -2228.04 | AG76: =-AG75*(SUM('Biofuel Volumes'!E4:E5)/1000000) -> -3434.7193 | AH76: =-AH75*(SUM('Biofuel Volumes'!F4:F5)/1000000) -> #REF! | AI76: =-AI75*(SUM('Biofuel Volumes'!G4:G5)/1000000) -> #REF! | AJ76: =-AJ75*(SUM('Biofuel Volumes'!H4:H5)/1000000) -> #REF! | AK76: =-AK75*(SUM('Biofuel Volumes'!I4:I5)/1000000) -> #REF! | AL76: =-AL75*(SUM('Biofuel Volumes'!J4:J5)/1000000) -> #REF! | ... AP76: =-AP75*(SUM('Biofuel Volumes'!N4:N5)/1000000) -> #REF!
B77: Veg Oil Difference | AE77: =(SUM('Veg Oils'!AE20,'Veg Oils'!#REF!)/SUM('Veg Oils'!AE20,'Veg Oils'!#REF!,'Fats and Grease'!AE36,'Fats and Grease'!#REF!))*AE76 -> #REF! | AF77: =(SUM('Veg Oils'!AF20,'Veg Oils'!#REF!)/SUM('Veg Oils'!AF20,'Veg Oils'!#REF!,'Fats and Grease'!AF36,'Fats and Grease'!#REF!))*AF76 -> #REF! | AG77: =(SUM('Veg Oils'!AG20,'Veg Oils'!#REF!)/SUM('Veg Oils'!AG20,'Veg Oils'!#REF!,'Fats and Grease'!AG36,'Fats and Grease'!#REF!))*AG76 -> #REF! | AH77: =(SUM('Veg Oils'!AH20,'Veg Oils'!#REF!)/SUM('Veg Oils'!AH20,'Veg Oils'!#REF!,'Fats and Grease'!AH36,'Fats and Grease'!#REF!))*AH76 -> #REF! | AI77: =(SUM('Veg Oils'!AI20,'Veg Oils'!#REF!)/SUM('Veg Oils'!AI20,'Veg Oils'!#REF!,'Fats and Grease'!AI36,'Fats and Grease'!#REF!))*AI76 -> #REF! | AJ77: =(SUM('Veg Oils'!AJ20,'Veg Oils'!#REF!)/SUM('Veg Oils'!AJ20,'Veg Oils'!#REF!,'Fats and Grease'!AJ36,'Fats and Grease'!#REF!))*AJ76 -> #REF! | AK77: =(SUM('Veg Oils'!AK20,'Veg Oils'!#REF!)/SUM('Veg Oils'!AK20,'Veg Oils'!#REF!,'Fats and Grease'!AK36,'Fats and Grease'!#REF!))*AK76 -> #REF! | AL77: =(SUM('Veg Oils'!AL20,'Veg Oils'!#REF!)/SUM('Veg Oils'!AL20,'Veg Oils'!#REF!,'Fats and Grease'!AL36,'Fats and Grease'!#REF!))*AL76 -> #REF! | ... AP77: =(SUM('Veg Oils'!AP20,'Veg Oils'!#REF!)/SUM('Veg Oils'!AP20,'Veg Oils'!#REF!,'Fats and Grease'!AP36,'Fats and Grease'!#REF!))*AP76 -> #REF!
B78: Fats and Grease Difference | AE78: =AE76-AE77 -> #REF! | AF78: =AF76-AF77 -> #REF! | AG78: =AG76-AG77 -> #REF! | AH78: =AH76-AH77 -> #REF! | AI78: =AI76-AI77 -> #REF! | AJ78: =AJ76-AJ77 -> #REF! | AK78: =AK76-AK77 -> #REF! | AL78: =AL76-AL77 -> #REF! | ... AP78: =AP76-AP77 -> #REF!

Sheet Veg Oils
B2: US VEGETABLE OIL FEEDSTOCKS SUPPLY AND DEMAND (million pounds) | AH2: =AH13=SBO!AH7+'Canola Oil'!AH7 -> FALSE
C3: =SBO!C3 -> 1994 | D3: =SBO!D3 -> 1995 | E3: =SBO!E3 -> 1996 | F3: =SBO!F3 -> 1997 | G3: =SBO!G3 -> 1998 | H3: =SBO!H3 -> 1999 | I3: =SBO!I3 -> 2000 | J3: =SBO!J3 -> 2001 | ... BG3: =SBO!BG3 -> 2050
B4: Beginning Stocks (January 1) | C4: =SUM(C5:C6) -> 78.207383 | D4: =SUM(D5:D6) -> 1213.112 | E4: =SUM(E5:E6) -> 1603.0303 | F4: =SUM(F5:F6) -> 2268.7281 | G4: =SUM(G5:G6) -> 1882.7108 | H4: =SUM(H5:H6) -> 1600.2185 | I4: =SUM(I5:I6) -> 2134.0927 | J4: =SUM(J5:J6) -> 2593.7897 | ... BG4: =SUM(BG5:BG6) -> 2460.0465
B5: Soybean Oil | C5: =SBO!C4 -> 5.44 | D5: =SBO!D4 -> 1116.8 | E5: =SBO!E4 -> 1512.6 | F5: =SBO!F4 -> 2172.3 | G5: =SBO!G4 -> 1787.9 | H5: =SBO!H4 -> 1505.6 | I5: =SBO!I4 -> 1993.2 | J5: =SBO!J4 -> 2436.8 | ... BG5: =SBO!BG4 -> 2253.4325
B6: Canola Oil | C6: ='Canola Oil'!C4 -> 72.767383 | D6: ='Canola Oil'!D4 -> 96.311953 | E6: ='Canola Oil'!E4 -> 90.430267 | F6: ='Canola Oil'!F4 -> 96.428093 | G6: ='Canola Oil'!G4 -> 94.810788 | H6: ='Canola Oil'!H4 -> 94.618453 | I6: ='Canola Oil'!I4 -> 140.89272 | J6: ='Canola Oil'!J4 -> 156.98969 | ... BG6: ='Canola Oil'!BG4 -> 206.61403
B7: Production | C7: =SUM(C8:C9) -> 4861.2223 | D7: =SUM(D8:D9) -> 30562.473 | E7: =SUM(E8:E9) -> 30099.905 | F7: =SUM(F8:F9) -> 31500.631 | G7: =SUM(G8:G9) -> 35575.69 | H7: =SUM(H8:H9) -> 35828.229 | I7: =SUM(I8:I9) -> 35349.787 | J7: =SUM(J8:J9) -> 36803.514 | ... AE7: =SUM(AE8:AE9) -> 28839.23 | AF7: =SUM(AF8:AF9)+AF46+AF48+AF51 -> 31968.545 | AG7: =SUM(AG8:AG9)+AG46+AG48+AG51 -> 32579.836 | AH7: =SUM(AH8:AH9)+AH46+AH48+AH51 -> 31474.497 | AI7: =SUM(AI8:AI9)+AI46+AI48+AI51 -> 38370.058 | AJ7: =SUM(AJ8:AJ9)+AJ46+AJ48+AJ51 -> 38403.602 | AK7: =SUM(AK8:AK9)+AK46+AK48+AK51 -> 39314.773 | AL7: =SUM(AL8:AL9)+AL46+AL48+AL51 -> 40623.237 | AM7: =SUM(AM8:AM9)+AM46+AM48+AM51 -> 42948.061 | ... BG7: =SUM(BG8:BG9)+BG46+BG48+BG51 -> 45053.083
B8: Soybean Oil | C8: =SBO!C5 -> 4182.01 | D8: =SBO!D5 -> 29856.4 | E8: =SBO!E5 -> 29400.4 | F8: =SBO!F5 -> 30680 | G8: =SBO!G5 -> 34477.4 | H8: =SBO!H5 -> 34597.3 | I8: =SBO!I5 -> 33998.8 | J8: =SBO!J5 -> 35386.7 | ... BG8: =SBO!BG5 -> 40172.55
B9: Canola Oil | C9: ='Canola Oil'!C5 -> 679.21231 | D9: ='Canola Oil'!D5 -> 706.07259 | E9: ='Canola Oil'!E5 -> 699.50523 | F9: ='Canola Oil'!F5 -> 820.63088 | G9: ='Canola Oil'!G5 -> 1098.2902 | H9: ='Canola Oil'!H5 -> 1230.9285 | I9: ='Canola Oil'!I5 -> 1350.9874 | J9: ='Canola Oil'!J5 -> 1416.8143 | ... BG9: ='Canola Oil'!BG5 -> 4880.5327
B10: Imports | C10: =SUM(C11:C12) -> 1818.7217 | D10: =SUM(D11:D12) -> 1863.9076 | E10: =SUM(E11:E12) -> 2307.9771 | F10: =SUM(F11:F12) -> 2212.2425 | G10: =SUM(G11:G12) -> 2247.117 | H10: =SUM(H11:H12) -> 2325.3974 | I10: =SUM(I11:I12) -> 2384.2473 | J10: =SUM(J11:J12) -> 2399.1303 | ... BG10: =SUM(BG11:BG12) -> 12992.322
B11: Soybean Oil | C11: =SBO!C6 -> 42.827516 | D11: =SBO!D6 -> 54.403898 | E11: =SBO!E6 -> 177.01616 | F11: =SBO!F6 -> 107.22157 | G11: =SBO!G6 -> 113.57044 | H11: =SBO!H6 -> 162.853 | I11: =SBO!I6 -> 153.09579 | J11: =SBO!J6 -> 132.61573 | ... BG11: =SBO!BG6 -> 500
B12: Canola Oil | C12: ='Canola Oil'!C6 -> 1775.8942 | D12: ='Canola Oil'!D6 -> 1809.5037 | E12: ='Canola Oil'!E6 -> 2130.9609 | F12: ='Canola Oil'!F6 -> 2105.0209 | G12: ='Canola Oil'!G6 -> 2133.5465 | H12: ='Canola Oil'!H6 -> 2162.5444 | I12: ='Canola Oil'!I6 -> 2231.1515 | J12: ='Canola Oil'!J6 -> 2266.5146 | ... BG12: ='Canola Oil'!BG6 -> 12492.322
B13: Total Supply | C13: =C10+C7+C4 -> 6758.1514 | D13: =D10+D7+D4 -> 33639.492 | E13: =E10+E7+E4 -> 34010.913 | F13: =F10+F7+F4 -> 35981.601 | G13: =G10+G7+G4 -> 39705.518 | H13: =H10+H7+H4 -> 39753.844 | I13: =I10+I7+I4 -> 39868.127 | J13: =J10+J7+J4 -> 41796.434 | ... BG13: =BG10+BG7+BG4 -> 60505.451
B15: Domestic Usage | C15: =C16+C23 -> #REF! | D15: =D16+D23 -> #REF! | E15: =E16+E23 -> #REF! | F15: =F16+F23 -> #REF! | G15: =G16+G23 -> #REF! | H15: =H16+H23 -> #REF! | I15: =I16+I23 -> #REF! | J15: =J16+J23 -> #REF! | ... BG15: =BG16+BG23 -> 53608.514
B16: Biomass-Based Diesel Production | C16: =C17+C20+#REF! -> #REF! | D16: =D17+D20+#REF! -> #REF! | E16: =E17+E20+#REF! -> #REF! | F16: =F17+F20+#REF! -> #REF! | G16: =G17+G20+#REF! -> #REF! | H16: =H17+H20+#REF! -> #REF! | I16: =I17+I20+#REF! -> #REF! | J16: =J17+J20+#REF! -> #REF! | ... Z16: =Z17+Z20+#REF! -> #REF! | AA16: =AA17+AA20 -> 19179.297 | AB16: =AB17+AB20 -> 10634.127 | AC16: =AC17+AC20 -> 11964.176 | AD16: =AD17+AD20 -> 11027.115 | AE16: =AE17+AE20 -> 11915.344 | AF16: =AF17+AF20 -> 18347.195 | AG16: =AG17+AG20 -> 19278.714 | AH16: =AH17+AH20 -> 16479.837 | ... BG16: =BG17+BG20 -> 32351.091
B17: Biodiesel Production | C17: =SUM(C18:C19) -> 48.75 | D17: =SUM(D18:D19) -> 0 | E17: =SUM(E18:E19) -> 0 | F17: =SUM(F18:F19) -> 0 | G17: =SUM(G18:G19) -> 0.60284059 | H17: =SUM(H18:H19) -> 8.1185748 | I17: =SUM(I18:I19) -> 26.769923 | J17: =SUM(J18:J19) -> 142.74434 | ... AE17: =SUM(AE18:AE19) -> 8438.8581 | AF17: =SUM(AF18:AF19)+SUM('[5]US EIA'!$O$294:$O$305,'[5]US EIA'!$G$294:$G$305,'[5]US EIA'!$D$294:$E$305,'[5]US EIA'!$N$294:$N$305)+AF48 -> 9611.4975 | AG17: =SUM(AG18:AG19)+SUM('[5]US EIA'!$O$306:$O$317,'[5]US EIA'!$G$306:$G$317,'[5]US EIA'!$D$306:$E$317,'[5]US EIA'!$N$306:$N$317)+AG48 -> 8726.1921 | AH17: =SUM(AH18:AH19)+SUM('[5]US EIA'!$O$318:$O$329,'[5]US EIA'!$G$318:$G$329,'[5]US EIA'!$D$318:$E$329,'[5]US EIA'!$N$318:$N$329)+AH48 -> 8477.6448 | AI17: =SUM(AI18:AI19)+SUM('[5]US EIA'!$O$330:$O$341,'[5]US EIA'!$G$330:$G$341,'[5]US EIA'!$D$330:$E$341,'[5]US EIA'!$N$330:$N$341)+AI48 -> 7993.5446 | AJ17: =SUM(AJ18:AJ19)+SUM('[5]US EIA'!$O$342:$O$353,'[5]US EIA'!$G$342:$G$353,'[5]US EIA'!$D$342:$E$353,'[5]US EIA'!$N$342:$N$353)+AJ48 -> 7909.881 | AK17: =SUM(AK18:AK19)+SUM('[5]US EIA'!$O$354:$O$365,'[5]US EIA'!$N$353:$N$365,'[5]US EIA'!$G$354:$G$365,'[5]US EIA'!$D$354:$E$365)+AK48 -> 6288.2968 | AL17: =SUM(AL18:AL19)+SUM('[5]US EIA'!$O$366:$O$377,'[5]US EIA'!$N$366:$N$377,'[5]US EIA'!$G$366:$G$377,'[5]US EIA'!$D$366:$E$377)+AL48 -> 7013.3245 | AM17: =SUM(AM18:AM19)+SUM('[5]US EIA'!$O$378:$O$389,'[5]US EIA'!$N$378:$N$389,'[5]US EIA'!$G$378:$G$389,'[5]US EIA'!$D$378:$E$389)+AM48 -> 7058.766 | AN17: =SUM(AN18:AN19)+SUM('[5]US EIA'!$N$390:$O$401,'[5]US EIA'!$G$390:$G$401,'[5]US EIA'!$D$390:$E$401)+AN48 -> 6952.1821 | AO17: =SUM(AO18:AO19)+SUM('[5]US EIA'!$N$402:$O$413,'[5]US EIA'!$G$402:$G$413,'[5]US EIA'!$D$402:$E$413)+AO48 -> 7215.7959 | AP17: =SUM(AP18:AP19)+SUM('[5]US EIA'!$N$414:$O$425,'[5]US EIA'!$G$414:$G$425,'[5]US EIA'!$D$414:$E$425)+AP48 -> 5704.5664 | AQ17: =SUM(AQ18:AQ19) -> 6039.0917 | AR17: =SUM(AR18:AR19) -> 6024.303 | AS17: =SUM(AS18:AS19) -> 5256.6085 | AT17: =SUM(AT18:AT19) -> 4312.0119 | AU17: =SUM(AU18:AU19) -> 4241.863 | AV17: =SUM(AV18:AV19) -> 4068.0433 | AW17: =SUM(AW18:AW19) -> 2310.5277 | AX17: =SUM(AX18:AX19) -> 2425.5709 | ... BG17: =SUM(BG18:BG19) -> 1243.5977 | BM17: 11998 | BN17: 10054 | BO17: 11181 | BP17: 9024 | BQ17: 7945 | BR17: 7592 | BS17: 5998 | BT17: 5829 | BU17: 4783 | BV17: 4480 | BW17: 4493
B18: Soybean Oil | C18: =SBO!C10 -> 48.75 | D18: =SBO!D10 -> 0 | E18: =SBO!E10 -> 0 | F18: =SBO!F10 -> 0 | G18: =SBO!G10 -> 0.60284059 | H18: =SBO!H10 -> 8.1185748 | I18: =SBO!I10 -> 26.769923 | J18: =SBO!J10 -> 142.74434 | ... BG18: =SBO!BG10 -> 450.99156
B19: Canola Oil | C19: ='Canola Oil'!C10 -> 0 | D19: ='Canola Oil'!D10 -> 0 | E19: ='Canola Oil'!E10 -> 0 | F19: ='Canola Oil'!F10 -> 0 | G19: ='Canola Oil'!G10 -> 0 | H19: ='Canola Oil'!H10 -> 0 | I19: ='Canola Oil'!I10 -> 0 | J19: ='Canola Oil'!J10 -> 0 | ... BG19: ='Canola Oil'!BG10 -> 792.60616
B20: Renewable Diesel Production | C20: =SUM(C21:C22) -> 103.77 | D20: =SUM(D21:D22) -> 0 | E20: =SUM(E21:E22) -> 0 | F20: =SUM(F21:F22) -> 0 | G20: =SUM(G21:G22) -> 0 | H20: =SUM(H21:H22) -> 0 | I20: =SUM(I21:I22) -> 0 | J20: =SUM(J21:J22) -> 0 | ... AE20: =SUM(AE21:AE22) -> 3476.4862 | AF20: =SUM(AF21:AF22)+AF51 -> 8735.6978 | AG20: =SUM(AG21:AG22)+AG51 -> 10552.522 | AH20: =SUM(AH21:AH22)+AH51 -> 8002.1923 | AI20: =SUM(AI21:AI22)+AI51 -> 13596.585 | AJ20: =SUM(AJ21:AJ22)+AJ51 -> 17121.994 | AK20: =SUM(AK21:AK22)+AK51 -> 18633.496 | AL20: =SUM(AL21:AL22)+AL51 -> 18537.037 | AM20: =SUM(AM21:AM22)+AM51 -> 21189.436 | ... BG20: =SUM(BG21:BG22)+BG51 -> 31107.494 | BL20: RD | BM20: 5133 | BN20: 10341 | BO20: 10160 | BP20: 10924 | BQ20: 12304 | BR20: 13341 | BS20: 14205 | BT20: 12521 | BU20: 11031 | BV20: 10886 | BW20: 10431
B21: Soybean Oil | C21: =SBO!C11 -> 103.77 | D21: =SBO!D11 -> 0 | E21: =SBO!E11 -> 0 | F21: =SBO!F11 -> 0 | G21: =SBO!G11 -> 0 | H21: =SBO!H11 -> 0 | I21: =SBO!I11 -> 0 | J21: =SBO!J11 -> 0 | ... BG21: =SBO!BG11 -> 22041.15
B22: Canola Oil | C22: ='Canola Oil'!C11 -> 0 | D22: ='Canola Oil'!D11 -> 0 | E22: ='Canola Oil'!E11 -> 0 | F22: ='Canola Oil'!F11 -> 0 | G22: ='Canola Oil'!G11 -> 0 | H22: ='Canola Oil'!H11 -> 0 | I22: ='Canola Oil'!I11 -> 0 | J22: ='Canola Oil'!J11 -> 0 | ... BG22: ='Canola Oil'!BG11 -> 9066.3438
B23: Non-Biodiesel Use | C23: =SUM(C24:C25) -> 3298.7785 | D23: =SUM(D24:D25) -> 23583.134 | E23: =SUM(E24:E25) -> 25884.959 | F23: =SUM(F24:F25) -> 27359.23 | G23: =SUM(G24:G25) -> 29132.844 | H23: =SUM(H24:H25) -> 30342.549 | I23: =SUM(I24:I25) -> 30603.941 | J23: =SUM(J24:J25) -> 31156.349 | ... BG23: =SUM(BG24:BG25) -> 21257.423 | BL23: Non-bio
B24: Soybean Oil | C24: =SBO!C12 -> 3298.7785 | D24: =SBO!D12 -> 23583.134 | E24: =SBO!E12 -> 25884.959 | F24: =SBO!F12 -> 27359.23 | G24: =SBO!G12 -> 29132.844 | H24: =SBO!H12 -> 30342.549 | I24: =SBO!I12 -> 30603.941 | J24: =SBO!J12 -> 31156.349 | ... BG24: =SBO!BG12 -> 13997.65
B25: Canola Oil | C25: ='Canola Oil'!C12 -> 0 | D25: ='Canola Oil'!D12 -> 0 | E25: ='Canola Oil'!E12 -> 0 | F25: ='Canola Oil'!F12 -> 0 | G25: ='Canola Oil'!G12 -> 0 | H25: ='Canola Oil'!H12 -> 0 | I25: ='Canola Oil'!I12 -> 0 | J25: ='Canola Oil'!J12 -> 0 | ... BG25: ='Canola Oil'!BG12 -> 7259.7727
B26: Exports | C26: =SUM(C27:C28) -> 1065.0877 | D26: =SUM(D27:D28) -> 5154.7202 | E26: =SUM(E27:E28) -> 2426.7302 | F26: =SUM(F27:F28) -> 4871.9364 | G26: =SUM(G27:G28) -> 6542.2971 | H26: =SUM(H27:H28) -> 4347.6841 | I26: =SUM(I27:I28) -> 3212.8673 | J26: =SUM(J27:J28) -> 3202.0684 | ... BG26: =SUM(BG27:BG28) -> 4168.0798 | BM26: =AD17-BM17 -> -3753.4018 | BN26: =AE17-BN17 -> -1615.1419 | BO26: =AF17-BO17 -> -1569.5025 | BP26: =AG17-BP17 -> -297.80794 | BQ26: =AH17-BQ17 -> 532.64483 | BR26: =AI17-BR17 -> 401.54464 | BS26: =AJ17-BS17 -> 1911.881 | BT26: =AK17-BT17 -> 459.29682 | ... BW26: =AN17-BW17 -> 2459.1821
B27: Soybean Oil | C27: =SBO!C13 -> 876.389 | D27: =SBO!D13 -> 4859.9302 | E27: =SBO!E13 -> 2131.5573 | F27: =SBO!F13 -> 4313.1913 | G27: =SBO!G13 -> 5911.9721 | H27: =SBO!H13 -> 3882.2792 | I27: =SBO!I13 -> 2670.9906 | J27: =SBO!J13 -> 2804.1676 | ... BG27: =SBO!BG13 -> 3915 | BM27: =AD18-BM18 -> 6400.5502 | BN27: =AE18-BN18 -> 7100.496 | BO27: =AF18-BO18 -> 7332.186 | BP27: =AG18-BP18 -> 6629.6391 | BQ27: =AH18-BQ18 -> 6283.9102 | BR27: =AI18-BR18 -> 5808.9324 | BS27: =AJ18-BS18 -> 5965.2146 | BT27: =AK18-BT18 -> 4699.4926 | ... BW27: =AN18-BW18 -> 4936.7882
B28: Canola Oil | C28: ='Canola Oil'!C13 -> 188.69867 | D28: ='Canola Oil'!D13 -> 294.78993 | E28: ='Canola Oil'!E13 -> 295.17287 | F28: ='Canola Oil'!F13 -> 558.74513 | G28: ='Canola Oil'!G13 -> 630.32502 | H28: ='Canola Oil'!H13 -> 465.40496 | I28: ='Canola Oil'!I13 -> 541.87669 | J28: ='Canola Oil'!J13 -> 397.90076 | ... BG28: ='Canola Oil'!BG13 -> 253.0798 | BM28: =AD19-BM19 -> 1844.048 | BN28: =AE19-BN19 -> 1338.3621 | BO28: =AF19-BO19 -> 1827.8696 | BP28: =AG19-BP19 -> 1746.5289 | BQ28: =AH19-BQ19 -> 1872.9249 | BR28: =AI19-BR19 -> 1909.2335 | BS28: =AJ19-BS19 -> 1768.644 | BT28: =AK19-BT19 -> 1436.9425 | ... BW28: =AN19-BW19 -> 1642.1171
B29: Total Use | C29: =C26+C15 -> #REF! | D29: =D26+D15 -> #REF! | E29: =E26+E15 -> #REF! | F29: =F26+F15 -> #REF! | G29: =G26+G15 -> #REF! | H29: =H26+H15 -> #REF! | I29: =I26+I15 -> #REF! | J29: =J26+J15 -> #REF! | ... BG29: =BG26+BG15 -> 57776.594 | BM29: =AD20-BM20 -> -2350.4833 | BN29: =AE20-BN20 -> -6864.5138 | BO29: =AF20-BO20 -> -1424.3022 | BP29: =AG20-BP20 -> -371.47824 | BQ29: =AH20-BQ20 -> -4301.8077 | BR29: =AI20-BR20 -> 255.58534 | BS29: =AJ20-BS20 -> 2916.9937 | BT29: =AK20-BT20 -> 6112.4956 | ... BW29: =AN20-BW20 -> 12761.338
BM30: =#REF!-#REF! -> #REF! | BN30: =#REF!-#REF! -> #REF! | BO30: =#REF!-#REF! -> #REF! | BP30: =#REF!-#REF! -> #REF! | BQ30: =#REF!-#REF! -> #REF! | BR30: =#REF!-#REF! -> #REF! | BS30: =#REF!-#REF! -> #REF! | BT30: =#REF!-#REF! -> #REF! | ... BW30: =#REF!-#REF! -> #REF!
B31: Ending Stocks (December 31) | C31: =SUM(C32:C33) -> 1213.112 | D31: =SUM(D32:D33) -> 1603.0303 | E31: =SUM(E32:E33) -> 2268.7281 | F31: =SUM(F32:F33) -> 1882.7108 | G31: =SUM(G32:G33) -> 1600.2185 | H31: =SUM(H32:H33) -> 2134.0927 | I31: =SUM(I32:I33) -> 2593.7897 | J31: =SUM(J32:J33) -> 3039.8237 | ... BG31: =SUM(BG32:BG33) -> 2728.8569 | BL31: Ending
B32: Soybean Oil | C32: =SBO!C15 -> 1116.8 | D32: =SBO!D15 -> 1512.6 | E32: =SBO!E15 -> 2172.3 | F32: =SBO!F15 -> 1787.9 | G32: =SBO!G15 -> 1505.6 | H32: =SBO!H15 -> 1993.2 | I32: =SBO!I15 -> 2436.8 | J32: =SBO!J15 -> 2923.7 | ... BG32: =SBO!BG15 -> 2521.191
B33: Canola Oil | C33: ='Canola Oil'!C15 -> 96.311953 | D33: ='Canola Oil'!D15 -> 90.430267 | E33: ='Canola Oil'!E15 -> 96.428093 | F33: ='Canola Oil'!F15 -> 94.810788 | G33: ='Canola Oil'!G15 -> 94.618453 | H33: ='Canola Oil'!H15 -> 140.89272 | I33: ='Canola Oil'!I15 -> 156.98969 | J33: ='Canola Oil'!J15 -> 116.12368 | ... BG33: ='Canola Oil'!BG15 -> 207.66591
BM34: 16933 | BN34: 15832 | BO34: 16479 | BP34: 15938 | BQ34: 16000 | BR34: 16039 | BS34: 15984 | BT34: 15914 | BU34: 15645 | BV34: 15814 | BW34: 16922
BM35: =AD23-BM34 -> 961.86905 | BN35: =AE23-BN34 -> 2822.282 | BO35: =AF23-BO34 -> 3367.7746 | BP35: =AG23-BP34 -> 3284.7601 | BQ35: =AH23-BQ34 -> 2229.7833 | BR35: =AI23-BR34 -> 2809.5223 | BS35: =AJ23-BS34 -> 1915.878 | BT35: =AK23-BT34 -> 3122.1718 | ... BW35: =AN23-BW34 -> 1984.9923
BM37: =AD3 -> 2021 | BN37: =AE3 -> 2022 | BO37: =AF3 -> 2023 | BP37: =AG3 -> 2024 | BQ37: =AH3 -> 2025 | BR37: =AI3 -> 2026 | BS37: =AJ3 -> 2027 | BT37: =AK3 -> 2028 | ... BW37: =AN3 -> 2031
BM38: 2003 | BN38: 2077 | BO38: 1398 | BP38: 2238 | BQ38: 2220 | BR38: 1777 | BS38: 1213 | BT38: 1115 | BU38: 1408 | BV38: 1498 | BW38: 1573
BM39: =AD31-BM38 -> 602.062 | BN39: =AE31-BN38 -> 419.79 | BO39: =AF31-BO38 -> 615.558 | BP39: =AG31-BP38 -> -421.191 | BQ39: =AH31-BQ38 -> -863.99586 | BR39: =AI31-BR38 -> 142.77928 | BS39: =AJ31-BS38 -> 685.41399 | BT39: =AK31-BT38 -> 562.00018 | ... BW39: =AN31-BW38 -> 222.7955
B40: Total Supply | C40: =C13 -> 6758.1514 | D40: =D13 -> 33639.492 | E40: =E13 -> 34010.913 | F40: =F13 -> 35981.601 | G40: =G13 -> 39705.518 | H40: =H13 -> 39753.844 | I40: =I13 -> 39868.127 | J40: =J13 -> 41796.434 | ... AP40: =AP13 -> 58390.262
B41: Ending Stocks | C41: =C31 -> 1213.112 | D41: =D31 -> 1603.0303 | E41: =E31 -> 2268.7281 | F41: =F31 -> 1882.7108 | G41: =G31 -> 1600.2185 | H41: =H31 -> 2134.0927 | I41: =I31 -> 2593.7897 | J41: =J31 -> 3039.8237 | ... AP41: =AP31 -> 2747.3256
B42: Total Use | C42: =C40-C41 -> 5545.0395 | D42: =D40-D41 -> 32036.462 | E42: =E40-E41 -> 31742.185 | F42: =F40-F41 -> 34098.891 | G42: =G40-G41 -> 38105.299 | H42: =H40-H41 -> 37619.752 | I42: =I40-I41 -> 37274.338 | J42: =J40-J41 -> 38756.611 | ... AP42: =AP40-AP41 -> 55642.937
B43: Check | C43: =C42-C29 -> #REF! | D43: =D42-D29 -> #REF! | E43: =E42-E29 -> #REF! | F43: =F42-F29 -> #REF! | G43: =G42-G29 -> #REF! | H43: =H42-H29 -> #REF! | I43: =I42-I29 -> #REF! | J43: =J42-J29 -> #REF! | ... AP43: =AP42-AP29 -> 0
A45: Additional Biodiesel Feedstock Use
B46: Production of Veg Oils Used for BD Feedstock (non-reported feedstock) | AE46: =SUM('[5]US EIA'!$N$282:$O$293,'[5]US EIA'!$G$282:$G$293,'[5]US EIA'!$D$282:$E$293) -> 111 | AF46: =SUM('[5]US EIA'!$N$294:$O$305,'[5]US EIA'!$G$294:$G$305,'[5]US EIA'!$D$294:$E$305) -> 341.468 | AG46: =SUM('[5]US EIA'!$N$306:$O$317,'[5]US EIA'!$G$306:$G$317,'[5]US EIA'!$D$306:$E$317) -> 277.698 | AH46: =SUM('[5]US EIA'!$N$318:$O$329,'[5]US EIA'!$G$318:$G$329,'[5]US EIA'!$D$318:$E$329) -> 268.47447 | AI46: =SUM('[5]US EIA'!$N$330:$O$341,'[5]US EIA'!$G$330:$G$341,'[5]US EIA'!$D$330:$E$341) -> 219.7922 | AJ46: =SUM('[5]US EIA'!$N$342:$O$353,'[5]US EIA'!$G$342:$G$353,'[5]US EIA'!$D$342:$E$353) -> 136.91812 | AK46: =SUM('[5]US EIA'!$N$354:$O$365,'[5]US EIA'!$G$354:$G$365,'[5]US EIA'!$D$354:$E$365) -> 115.26557 | AL46: =SUM('[5]US EIA'!$N$366:$O$377,'[5]US EIA'!$G$366:$G$377,'[5]US EIA'!$D$366:$E$377) -> 123.28208 | AM46: =SUM('[5]US EIA'!$N$378:$O$389,'[5]US EIA'!$G$378:$G$389,'[5]US EIA'!$D$378:$E$389) -> 198.10877 | AN46: =SUM('[5]US EIA'!$N$390:$O$401,'[5]US EIA'!$G$390:$G$401,'[5]US EIA'!$D$390:$E$401) -> 257.26804 | AO46: =SUM('[5]US EIA'!$N$402:$O$413,'[5]US EIA'!$G$402:$G$413,'[5]US EIA'!$D$402:$E$413) -> 306.49273 | AP46: =SUM('[5]US EIA'!$N$414:$O$425,'[5]US EIA'!$G$414:$G$425,'[5]US EIA'!$D$414:$E$425) -> 295.73688
B47: Check on adding non-reported feedstock to production | AE47: =SUM(AE18:AE19)-AE17+AE46 -> 111 | AF47: =SUM(AF18:AF19)-AF17+AF46 -> -109.97386 | AG47: =SUM(AG18:AG19)-AG17+AG46 -> -72.326023 | AH47: =SUM(AH18:AH19)-AH17+AH46 -> -52.335314 | AI47: =SUM(AI18:AI19)-AI17+AI46 -> -55.586551 | AJ47: =SUM(AJ18:AJ19)-AJ17+AJ46 -> -39.104288 | AK47: =SUM(AK18:AK19)-AK17+AK46 -> -36.596199 | AL47: =SUM(AL18:AL19)-AL17+AL46 -> -56.673372 | ... AP47: =SUM(AP18:AP19)-AP17+AP46 -> -410.07624
B48: Copy from row 65 in Total Feedstocks | AE48: 41.70117 | AF48: 109.97386 | AG48: 72.326023 | AH48: 52.335314 | AI48: 55.586551 | AJ48: 39.104288 | AK48: 36.596199 | AL48: 56.673372 | AM48: 98.058951 | AN48: 116.00878 | AO48: 111.71965 | AP48: 410.07624
A50: Additional RD and SAF Feedstock Use
B51: Copy from row 78 in Total Feedstocks | AE51: 1125.3014 | AF51: 1492.7474 | AG51: 888.01166 | AH51: 1080.0445 | AI51: 5522.4254 | AJ51: 5390.1107 | AK51: 5462.6305 | AL51: 5641.4341 | AM51: 5873.0228 | AN51: 6028.0425 | AO51: 6214.7713 | AP51: 6527.6517
B52: Check on adding non-reported feedstock to production | AE52: =SUM(AE21:AE22)-AE20+(AE7-SUM(AE8:AE9))-AE48-AE46 -> -152.70117 | AF52: =SUM(AF21:AF22)-AF20+(AF7-SUM(AF8:AF9))-AF48-AF46 -> 0 | AG52: =SUM(AG21:AG22)-AG20+(AG7-SUM(AG8:AG9))-AG48-AG46 -> 0 | AH52: =SUM(AH21:AH22)-AH20+(AH7-SUM(AH8:AH9))-AH48-AH46 -> -1.5347723e-12 | AI52: =SUM(AI21:AI22)-AI20+(AI7-SUM(AI8:AI9))-AI48-AI46 -> 6.0538241e-12 | AJ52: =SUM(AJ21:AJ22)-AJ20+(AJ7-SUM(AJ8:AJ9))-AJ48-AJ46 -> 3.126388e-13 | AK52: =SUM(AK21:AK22)-AK20+(AK7-SUM(AK8:AK9))-AK48-AK46 -> -6.7075234e-12 | AL52: =SUM(AL21:AL22)-AL20+(AL7-SUM(AL8:AL9))-AL48-AL46 -> -1.2931878e-12 | ... AP52: =SUM(AP21:AP22)-AP20+(AP7-SUM(AP8:AP9))-AP48-AP46 -> 6.7643668e-12

Sheet Fats and Grease
B2: US FAT AND GREASE FEEDSTOCKS SUPPLY AND DEMAND (million pounds)
C3: =SBO!C3 -> 1994 | D3: =SBO!D3 -> 1995 | E3: =SBO!E3 -> 1996 | F3: =SBO!F3 -> 1997 | G3: =SBO!G3 -> 1998 | H3: =SBO!H3 -> 1999 | I3: =SBO!I3 -> 2000 | J3: =SBO!J3 -> 2001 | ... BG3: =SBO!BG3 -> 2050
B4: Beginning Stocks (January 1) | C4: =SUM(C5:C10) -> #REF! | D4: =SUM(D5:D10) -> #REF! | E4: =SUM(E5:E10) -> #REF! | F4: =SUM(F5:F10) -> #REF! | G4: =SUM(G5:G10) -> #REF! | H4: =SUM(H5:H10) -> #REF! | I4: =SUM(I5:I10) -> #REF! | J4: =SUM(J5:J10) -> #REF! | ... BG4: =SUM(BG5:BG10) -> 110022.35
B5: Inedible Tallow | C5: ='Inedible Tallow'!C4 -> #REF! | D5: ='Inedible Tallow'!D4 -> #REF! | E5: ='Inedible Tallow'!E4 -> #REF! | F5: ='Inedible Tallow'!F4 -> #REF! | G5: ='Inedible Tallow'!G4 -> #REF! | H5: ='Inedible Tallow'!H4 -> #REF! | I5: ='Inedible Tallow'!I4 -> #REF! | J5: ='Inedible Tallow'!J4 -> #REF! | ... BG5: ='Inedible Tallow'!BG4 -> 22460.038
B6: Yellow Grease | C6: ='Yellow Grease'!C4 -> 101.80031 | D6: ='Yellow Grease'!D4 -> 104.02239 | E6: ='Yellow Grease'!E4 -> 84.869558 | F6: ='Yellow Grease'!F4 -> 82.701599 | G6: ='Yellow Grease'!G4 -> 95.382232 | H6: ='Yellow Grease'!H4 -> 99.102132 | I6: ='Yellow Grease'!I4 -> 89.267075 | J6: ='Yellow Grease'!J4 -> 71.197399 | ... BG6: ='Yellow Grease'!BG4 -> 6.0040375
B7: Used Cooking Oil | C7: =UCO!C4 -> 124.23749 | D7: =UCO!D4 -> 132.29077 | E7: =UCO!E4 -> 112.16839 | F7: =UCO!F4 -> 109.46446 | G7: =UCO!G4 -> 114.19007 | H7: =UCO!H4 -> 124.05378 | I7: =UCO!I4 -> 103.7241 | J7: =UCO!J4 -> 106.9204 | ... BG7: =UCO!BG4 -> 84240.221
B8: Choice White Grease | C8: =CWG!C4 -> 0 | D8: =CWG!D4 -> 0 | E8: =CWG!E4 -> 0 | F8: =CWG!F4 -> 0 | G8: =CWG!G4 -> 0 | H8: =CWG!H4 -> 0 | I8: =CWG!I4 -> 0 | J8: =CWG!J4 -> 0 | ... BG8: =CWG!BG4 -> 10.919326
B9: Poultry Fat | C9: ='Poultry Fat'!C4 -> 30.444205 | D9: ='Poultry Fat'!D4 -> 32.862167 | E9: ='Poultry Fat'!E4 -> 36.972449 | F9: ='Poultry Fat'!F4 -> 37.554421 | G9: ='Poultry Fat'!G4 -> 48.462914 | H9: ='Poultry Fat'!H4 -> 52.481091 | I9: ='Poultry Fat'!I4 -> 59.899889 | J9: ='Poultry Fat'!J4 -> 59.782507 | ... BG9: ='Poultry Fat'!BG4 -> 42.403451
B10: Distillers' Corn Oil | C10: =DCO!C4 -> 0 | D10: =DCO!D4 -> 0 | E10: =DCO!E4 -> 0 | F10: =DCO!F4 -> 0 | G10: =DCO!G4 -> 0 | H10: =DCO!H4 -> 0 | I10: =DCO!I4 -> 0 | J10: =DCO!J4 -> 0 | ... BG10: =DCO!BG4 -> 3262.7642
B11: Production | C11: =SUM(C12:C17) -> 7730.1548 | D11: =SUM(D12:D17) -> 7818.5184 | E11: =SUM(E12:E17) -> 7480.33 | F11: =SUM(F12:F17) -> 7399.0659 | G11: =SUM(G12:G17) -> 7819.5867 | H11: =SUM(H12:H17) -> 8449.67 | I11: =SUM(I12:I17) -> 7648.0411 | J11: =SUM(J12:J17) -> 7291.1587 | ... AD11: =SUM(AD12:AD17) -> 15379.462 | AE11: =SUM(AE12:AE17)+AE78+AE80+AE83 -> 18911.69 | AF11: =SUM(AF12:AF17)+AF78+AF80+AF83 -> 20027.287 | AG11: =SUM(AG12:AG17)+AG78+AG80+AG83 -> 19705.928 | AH11: =SUM(AH12:AH17)+AH78+AH80+AH83 -> 19743.737 | AI11: =SUM(AI12:AI17)+AI78+AI80+AI83 -> 21221.322 | AJ11: =SUM(AJ12:AJ17)+AJ78+AJ80+AJ83 -> 22031.728 | AK11: =SUM(AK12:AK17)+AK78+AK80+AK83 -> 22613.054 | AL11: =SUM(AL12:AL17)+AL78+AL80+AL83 -> 22917.798 | ... BG11: =SUM(BG12:BG17)+BG78+BG80+BG83 -> 51833.402
B12: Inedible Tallow | C12: ='Inedible Tallow'!C5 -> 3711.3 | D12: ='Inedible Tallow'!D5 -> 3754.3 | E12: ='Inedible Tallow'!E5 -> 3566.3 | F12: ='Inedible Tallow'!F5 -> 3504.4 | G12: ='Inedible Tallow'!G5 -> 3611.6 | H12: ='Inedible Tallow'!H5 -> 3859.1 | I12: ='Inedible Tallow'!I5 -> 3673.4 | J12: ='Inedible Tallow'!J5 -> 3448.6 | ... BG12: ='Inedible Tallow'!BG5 -> 3567.0079
B13: Yellow Grease | C13: ='Yellow Grease'!C5 -> 1257.423 | D13: ='Yellow Grease'!D5 -> 1253.9755 | E13: ='Yellow Grease'!E5 -> 1178.0456 | F13: ='Yellow Grease'!F5 -> 1150.2665 | G13: ='Yellow Grease'!G5 -> 1241.9593 | H13: ='Yellow Grease'!H5 -> 1348.6227 | I13: ='Yellow Grease'!I5 -> 1111.6881 | J13: ='Yellow Grease'!J5 -> 1039.7777 | ... BG13: ='Yellow Grease'!BG5 -> 5582.1993
B14: Used Cooking Oil | C14: =UCO!C5 -> 1236.088 | D14: =UCO!D5 -> 1231.0173 | E14: =UCO!E5 -> 1157.0679 | F14: =UCO!F5 -> 1130.9549 | G14: =UCO!G5 -> 1221.0508 | H14: =UCO!H5 -> 1324.8019 | I14: =UCO!I5 -> 1091.7847 | J14: =UCO!J5 -> 1024.5451 | ... BG14: =UCO!BG5 -> 28466.643
B15: Choice White Grease | C15: =CWG!C5 -> 1100.1079 | D15: =CWG!D5 -> 1095.75 | E15: =CWG!E5 -> 1029.6187 | F15: =CWG!F5 -> 1006.494 | G15: =CWG!G5 -> 1086.6534 | H15: =CWG!H5 -> 1178.7325 | I15: =CWG!I5 -> 971.74617 | J15: =CWG!J5 -> 911.25407 | ... BG15: =CWG!BG5 -> 1814.2114
B16: Poultry Fat | C16: ='Poultry Fat'!C5 -> 425.23589 | D16: ='Poultry Fat'!D5 -> 483.47555 | E16: ='Poultry Fat'!E5 -> 549.29783 | F16: ='Poultry Fat'!F5 -> 606.95045 | G16: ='Poultry Fat'!G5 -> 658.32319 | H16: ='Poultry Fat'!H5 -> 738.41281 | I16: ='Poultry Fat'!I5 -> 799.42217 | J16: ='Poultry Fat'!J5 -> 866.98186 | ... BG16: ='Poultry Fat'!BG5 -> 3573.3528
B17: Distillers' Corn Oil | C17: =DCO!C5 -> 0 | D17: =DCO!D5 -> 0 | E17: =DCO!E5 -> 0 | F17: =DCO!F5 -> 0 | G17: =DCO!G5 -> 0 | H17: =DCO!H5 -> 0 | I17: =DCO!I5 -> 0 | J17: =DCO!J5 -> 0 | ... BG17: =DCO!BG5 -> 8829.9871
B18: Imports | C18: =SUM(C19:C24) -> 52.596432 | D18: =SUM(D19:D24) -> 61.994189 | E18: =SUM(E19:E24) -> 59.585783 | F18: =SUM(F19:F24) -> 93.648278 | G18: =SUM(G19:G24) -> 79.300638 | H18: =SUM(H19:H24) -> 85.574831 | I18: =SUM(I19:I24) -> 72.68973 | J18: =SUM(J19:J24) -> 84.296525 | ... BG18: =SUM(BG19:BG24) -> 38522.806
B19: Inedible Tallow | C19: ='Inedible Tallow'!C6 -> 35.006531 | D19: ='Inedible Tallow'!D6 -> 29.700006 | E19: ='Inedible Tallow'!E6 -> 34.752338 | F19: ='Inedible Tallow'!F6 -> 65.32317 | G19: ='Inedible Tallow'!G6 -> 56.07434 | H19: ='Inedible Tallow'!H6 -> 68.566169 | I19: ='Inedible Tallow'!I6 -> 55.848366 | J19: ='Inedible Tallow'!J6 -> 64.37364 | ... BG19: ='Inedible Tallow'!BG6 -> 13681.527
B20: Yellow Grease | C20: ='Yellow Grease'!C6 -> 2.1423635 | D20: ='Yellow Grease'!D6 -> 6.4614825 | E20: ='Yellow Grease'!E6 -> 4.4433715 | F20: ='Yellow Grease'!F6 -> 5.0226139 | G20: ='Yellow Grease'!G6 -> 0.4420708 | H20: ='Yellow Grease'!H6 -> 0.92686718 | I20: ='Yellow Grease'!I6 -> 0.85786251 | J20: ='Yellow Grease'!J6 -> 2.6869051 | ... BG20: ='Yellow Grease'!BG6 -> 135
B21: Used Cooking Oil | C21: =UCO!C6 -> 8.391644 | D21: =UCO!D6 -> 16.364951 | E21: =UCO!E6 -> 13.59653 | F21: =UCO!F6 -> 17.850023 | G21: =UCO!G6 -> 18.104696 | H21: =UCO!H6 -> 10.305244 | I21: =UCO!I6 -> 10.876274 | J21: =UCO!J6 -> 11.895063 | ... BG21: =UCO!BG6 -> 24127.564
B22: Choice White Grease | C22: =CWG!C6 -> 0.044974289 | D22: =CWG!D6 -> 0.53616407 | E22: =CWG!E6 -> 0.089948578 | F22: =CWG!F6 -> 0 | G22: =CWG!G6 -> 0 | H22: =CWG!H6 -> 0.046297062 | I22: =CWG!I6 -> 0.0030864708 | J22: =CWG!J6 -> 0 | ... BG22: =CWG!BG6 -> 573.71494
B23: Poultry Fat | C23: ='Poultry Fat'!C6 -> 7.0109184 | D23: ='Poultry Fat'!D6 -> 8.9315851 | E23: ='Poultry Fat'!E6 -> 6.7035941 | F23: ='Poultry Fat'!F6 -> 5.4524711 | G23: ='Poultry Fat'!G6 -> 4.6795307 | H23: ='Poultry Fat'!H6 -> 5.7302535 | I23: ='Poultry Fat'!I6 -> 5.1041409 | J23: ='Poultry Fat'!J6 -> 5.3409173 | ... BG23: ='Poultry Fat'!BG6 -> 4.999715
B24: Distillers' Corn Oil | C24: =DCO!C6 -> 0 | D24: =DCO!D6 -> 0 | E24: =DCO!E6 -> 0 | F24: =DCO!F6 -> 0 | G24: =DCO!G6 -> 0 | H24: =DCO!H6 -> 0 | I24: =DCO!I6 -> 0 | J24: =DCO!J6 -> 0 | ... BG24: =DCO!BG6 -> 0
B25: Total Supply | C25: =C18+C11+C4 -> #REF! | D25: =D18+D11+D4 -> #REF! | E25: =E18+E11+E4 -> #REF! | F25: =F18+F11+F4 -> #REF! | G25: =G18+G11+G4 -> #REF! | H25: =H18+H11+H4 -> #REF! | I25: =I18+I11+I4 -> #REF! | J25: =J18+J11+J4 -> #REF! | ... BG25: =BG18+BG11+BG4 -> 200378.56
B27: Domestic Usage | C27: =C28+C43 -> #REF! | D27: =D28+D43 -> #REF! | E27: =E28+E43 -> #REF! | F27: =F28+F43 -> #REF! | G27: =G28+G43 -> #REF! | H27: =H28+H43 -> #REF! | I27: =I28+I43 -> #REF! | J27: =J28+J43 -> #REF! | ... BG27: =BG28+BG43 -> 84663.52
B28: Biomass-Based Diesel Production | C28: =C29+C36+#REF! -> #REF! | D28: =D29+D36+#REF! -> #REF! | E28: =E29+E36+#REF! -> #REF! | F28: =F29+F36+#REF! -> #REF! | G28: =G29+G36+#REF! -> #REF! | H28: =H29+H36+#REF! -> #REF! | I28: =I29+I36+#REF! -> #REF! | J28: =J29+J36+#REF! -> #REF! | ... AA28: =AA29+AA36+#REF! -> #REF! | AB28: =AB29+AB36 -> 7420.5127 | AC28: =AC29+AC36 -> 7140.8171 | AD28: =AD29+AD36 -> 8642.2344 | AE28: =AE29+AE36 -> 17828.04 | AF28: =AF29+AF36 -> 22039.411 | AG28: =AG29+AG36 -> 25021.715 | AH28: =AH29+AH36 -> 22984.582 | AI28: =AI29+AI36 -> 25505.463 | ... BG28: =BG29+BG36 -> 75765.224
B29: Biodiesel Production | C29: =SUM(C30:C35) -> 0 | D29: =SUM(D30:D35) -> 0 | E29: =SUM(E30:E35) -> 0 | F29: =SUM(F30:F35) -> 0 | G29: =SUM(G30:G35) -> 0.063923332 | H29: =SUM(H30:H35) -> 0.64462098 | I29: =SUM(I30:I35) -> 1.6013307 | J29: =SUM(J30:J35) -> 11.037513 | ... AD29: =SUM(AD30:AD35) -> 3736.046 | AE29: =SUM(AE30:AE35)+AE78+AE80 -> 5074.6562 | AF29: =SUM(AF30:AF35)+AF78+AF80 -> 4890.2989 | AG29: =SUM(AG30:AG35)+AG78+AG80 -> 4524.25 | AH29: =SUM(AH30:AH35)+AH78+AH80 -> 4235.4872 | AI29: =SUM(AI30:AI35)+AI78+AI80 -> 3907.2302 | AJ29: =SUM(AJ30:AJ35)+AJ78+AJ80 -> 4095.7209 | AK29: =SUM(AK30:AK35)+AK78+AK80 -> 3131.2759 | AL29: =SUM(AL30:AL35)+AL78+AL80 -> 3316.2022 | ... AP29: =SUM(AP30:AP35)+AP78+AP80 -> 3355.5589 | AQ29: =SUM(AQ30:AQ35)+AQ77+AQ79 -> 3020.2804 | AR29: =SUM(AR30:AR35)+AR77+AR79 -> 2847.1133 | AS29: =SUM(AS30:AS35)+AS77+AS79 -> 2277.4662 | AT29: =SUM(AT30:AT35)+AT77+AT79 -> 1820.9136 | AU29: =SUM(AU30:AU35)+AU77+AU79 -> 1779.013 | AV29: =SUM(AV30:AV35)+AV77+AV79 -> 1709.3361 | AW29: =SUM(AW30:AW35)+AW77+AW79 -> 1630.5998 | AX29: =SUM(AX30:AX35)+AX77+AX79 -> 1676.8812 | ... BG29: =SUM(BG30:BG35)+BG77+BG79 -> 1830.6689
B30: Inedible Tallow | C30: ='Inedible Tallow'!C10 -> 0 | D30: ='Inedible Tallow'!D10 -> 0 | E30: ='Inedible Tallow'!E10 -> 0 | F30: ='Inedible Tallow'!F10 -> 0 | G30: ='Inedible Tallow'!G10 -> 0.063923332 | H30: ='Inedible Tallow'!H10 -> 0.64462098 | I30: ='Inedible Tallow'!I10 -> 1.6013307 | J30: ='Inedible Tallow'!J10 -> 11.037513 | ... BG30: ='Inedible Tallow'!BG10 -> 209.23787
B31: Yellow Grease | C31: ='Yellow Grease'!C10 -> 0 | D31: ='Yellow Grease'!D10 -> 0 | E31: ='Yellow Grease'!E10 -> 0 | F31: ='Yellow Grease'!F10 -> 0 | G31: ='Yellow Grease'!G10 -> 0 | H31: ='Yellow Grease'!H10 -> 0 | I31: ='Yellow Grease'!I10 -> 0 | J31: ='Yellow Grease'!J10 -> 0 | ... BG31: ='Yellow Grease'!BG10 -> 14.841915
B32: Used Cooking Oil | C32: =UCO!C10 -> 0 | D32: =UCO!D10 -> 0 | E32: =UCO!E10 -> 0 | F32: =UCO!F10 -> 0 | G32: =UCO!G10 -> 0 | H32: =UCO!H10 -> 0 | I32: =UCO!I10 -> 0 | J32: =UCO!J10 -> 0 | ... BG32: =UCO!BG10 -> 1211.842
B33: Choice White Grease | C33: =CWG!C10 -> 0 | D33: =CWG!D10 -> 0 | E33: =CWG!E10 -> 0 | F33: =CWG!F10 -> 0 | G33: =CWG!G10 -> 0 | H33: =CWG!H10 -> 0 | I33: =CWG!I10 -> 0 | J33: =CWG!J10 -> 0 | ... BG33: =CWG!BG10 -> 195.50041
B34: Poultry Fat | C34: ='Poultry Fat'!C10 -> 0 | D34: ='Poultry Fat'!D10 -> 0 | E34: ='Poultry Fat'!E10 -> 0 | F34: ='Poultry Fat'!F10 -> 0 | G34: ='Poultry Fat'!G10 -> 0 | H34: ='Poultry Fat'!H10 -> 0 | I34: ='Poultry Fat'!I10 -> 0 | J34: ='Poultry Fat'!J10 -> 0 | ... BG34: ='Poultry Fat'!BG10 -> 92.451058
B35: Distillers' Corn Oil | C35: =DCO!C10 -> 0 | D35: =DCO!D10 -> 0 | E35: =DCO!E10 -> 0 | F35: =DCO!F10 -> 0 | G35: =DCO!G10 -> 0 | H35: =DCO!H10 -> 0 | I35: =DCO!I10 -> 0 | J35: =DCO!J10 -> 0 | ... BG35: =DCO!BG10 -> 106.79563
B36: Renewable Diesel Production | C36: =SUM(C37:C42) -> 0 | D36: =SUM(D37:D42) -> 0 | E36: =SUM(E37:E42) -> 0 | F36: =SUM(F37:F42) -> 0 | G36: =SUM(G37:G42) -> 0 | H36: =SUM(H37:H42) -> 0 | I36: =SUM(I37:I42) -> 0 | J36: =SUM(J37:J42) -> 0 | ... AD36: =SUM(AD37:AD42) -> 4906.1884 | AE36: =SUM(AE37:AE42)+AE83 -> 12753.384 | AF36: =SUM(AF37:AF42)+AF83 -> 17149.112 | AG36: =SUM(AG37:AG42)+AG83 -> 20497.465 | AH36: =SUM(AH37:AH42)+AH83 -> 18749.095 | AI36: =SUM(AI37:AI42)+AI83 -> 21598.233 | AJ36: =SUM(AJ37:AJ42)+AJ83 -> 26760.579 | AK36: =SUM(AK37:AK42)+AK83 -> 28232.203 | AL36: =SUM(AL37:AL42)+AL83 -> 32722.847 | ... BG36: =SUM(BG37:BG42)+BG83 -> 73934.555
B37: Inedible Tallow | C37: ='Inedible Tallow'!C11 -> 0 | D37: ='Inedible Tallow'!D11 -> 0 | E37: ='Inedible Tallow'!E11 -> 0 | F37: ='Inedible Tallow'!F11 -> 0 | G37: ='Inedible Tallow'!G11 -> 0 | H37: ='Inedible Tallow'!H11 -> 0 | I37: ='Inedible Tallow'!I11 -> 0 | J37: ='Inedible Tallow'!J11 -> 0 | ... BG37: ='Inedible Tallow'!BG11 -> 14651.614
B38: Yellow Grease | C38: ='Yellow Grease'!C11 -> 0 | D38: ='Yellow Grease'!D11 -> 0 | E38: ='Yellow Grease'!E11 -> 0 | F38: ='Yellow Grease'!F11 -> 0 | G38: ='Yellow Grease'!G11 -> 0 | H38: ='Yellow Grease'!H11 -> 0 | I38: ='Yellow Grease'!I11 -> 0 | J38: ='Yellow Grease'!J11 -> 0 | ... BG38: ='Yellow Grease'!BG11 -> 5737.6187
B39: Used Cooking Oil | C39: =UCO!C11 -> 0 | D39: =UCO!D11 -> 0 | E39: =UCO!E11 -> 0 | F39: =UCO!F11 -> 0 | G39: =UCO!G11 -> 0 | H39: =UCO!H11 -> 0 | I39: =UCO!I11 -> 0 | J39: =UCO!J11 -> 0 | ... BG39: =UCO!BG11 -> 47125.693
B40: Choice White Grease | C40: =CWG!C11 -> 0 | D40: =CWG!D11 -> 0 | E40: =CWG!E11 -> 0 | F40: =CWG!F11 -> 0 | G40: =CWG!G11 -> 0 | H40: =CWG!H11 -> 0 | I40: =CWG!I11 -> 0 | J40: =CWG!J11 -> 0 | ... BG40: =CWG!BG11 -> 2188.4779
B41: Poultry Fat | C41: ='Poultry Fat'!C11 -> 0 | D41: ='Poultry Fat'!D11 -> 0 | E41: ='Poultry Fat'!E11 -> 0 | F41: ='Poultry Fat'!F11 -> 0 | G41: ='Poultry Fat'!G11 -> 0 | H41: ='Poultry Fat'!H11 -> 0 | I41: ='Poultry Fat'!I11 -> 0 | J41: ='Poultry Fat'!J11 -> 0 | ... BG41: ='Poultry Fat'!BG11 -> 107.71484
B42: Distillers' Corn Oil | C42: =DCO!C11 -> 0 | D42: =DCO!D11 -> 0 | E42: =DCO!E11 -> 0 | F42: =DCO!F11 -> 0 | G42: =DCO!G11 -> 0 | H42: =DCO!H11 -> 0 | I42: =DCO!I11 -> 0 | J42: =DCO!J11 -> 0 | ... BG42: =DCO!BG11 -> 4123.4366
B43: Non-Biodiesel Use | C43: =SUM(C44:C49) -> 0 | D43: =SUM(D44:D49) -> 0 | E43: =SUM(E44:E49) -> 0 | F43: =SUM(F44:F49) -> 0 | G43: =SUM(G44:G49) -> 0 | H43: =SUM(H44:H49) -> 0 | I43: =SUM(I44:I49) -> 0 | J43: =SUM(J44:J49) -> 0 | ... BG43: =SUM(BG44:BG49) -> 8898.2956
B44: Inedible Tallow | C44: ='Inedible Tallow'!C12 -> 0 | D44: ='Inedible Tallow'!D12 -> 0 | E44: ='Inedible Tallow'!E12 -> 0 | F44: ='Inedible Tallow'!F12 -> 0 | G44: ='Inedible Tallow'!G12 -> 0 | H44: ='Inedible Tallow'!H12 -> 0 | I44: ='Inedible Tallow'!I12 -> 0 | J44: ='Inedible Tallow'!J12 -> 0 | ... BG44: ='Inedible Tallow'!BG12 -> 1098.3311
B45: Yellow Grease | C45: ='Yellow Grease'!C12 -> 0 | D45: ='Yellow Grease'!D12 -> 0 | E45: ='Yellow Grease'!E12 -> 0 | F45: ='Yellow Grease'!F12 -> 0 | G45: ='Yellow Grease'!G12 -> 0 | H45: ='Yellow Grease'!H12 -> 0 | I45: ='Yellow Grease'!I12 -> 0 | J45: ='Yellow Grease'!J12 -> 0 | ... BG45: ='Yellow Grease'!BG12 -> -38.319237
B46: Used Cooking Oil | C46: =UCO!C12 -> 0 | D46: =UCO!D12 -> 0 | E46: =UCO!E12 -> 0 | F46: =UCO!F12 -> 0 | G46: =UCO!G12 -> 0 | H46: =UCO!H12 -> 0 | I46: =UCO!I12 -> 0 | J46: =UCO!J12 -> 0 | ... BG46: =UCO!BG12 -> 170.68961
B47: Choice White Grease | C47: =CWG!C12 -> 0 | D47: =CWG!D12 -> 0 | E47: =CWG!E12 -> 0 | F47: =CWG!F12 -> 0 | G47: =CWG!G12 -> 0 | H47: =CWG!H12 -> 0 | I47: =CWG!I12 -> 0 | J47: =CWG!J12 -> 0 | ... BG47: =CWG!BG12 -> 3.8980708
B48: Poultry Fat | C48: ='Poultry Fat'!C12 -> 0 | D48: ='Poultry Fat'!D12 -> 0 | E48: ='Poultry Fat'!E12 -> 0 | F48: ='Poultry Fat'!F12 -> 0 | G48: ='Poultry Fat'!G12 -> 0 | H48: ='Poultry Fat'!H12 -> 0 | I48: ='Poultry Fat'!I12 -> 0 | J48: ='Poultry Fat'!J12 -> 0 | ... BG48: ='Poultry Fat'!BG12 -> 3325.0867
B49: Distillers' Corn Oil | C49: =DCO!C12 -> 0 | D49: =DCO!D12 -> 0 | E49: =DCO!E12 -> 0 | F49: =DCO!F12 -> 0 | G49: =DCO!G12 -> 0 | H49: =DCO!H12 -> 0 | I49: =DCO!I12 -> 0 | J49: =DCO!J12 -> 0 | ... BG49: =DCO!BG12 -> 4338.6093
B50: Exports | C50: =SUM(C51:C56) -> 2302.2183 | D50: =SUM(D51:D56) -> 2853.4389 | E50: =SUM(E51:E56) -> 2192.9436 | F50: =SUM(F51:F56) -> 1906.7241 | G50: =SUM(G51:G56) -> 2572.7774 | H50: =SUM(H51:H56) -> 2266.0741 | I50: =SUM(I51:I56) -> 2019.7876 | J50: =SUM(J51:J56) -> 1624.9188 | ... BG50: =SUM(BG51:BG56) -> 241.26841
B51: Inedible Tallow | C51: ='Inedible Tallow'!C13 -> 2161.9959 | D51: ='Inedible Tallow'!D13 -> 2658.1471 | E51: ='Inedible Tallow'!E13 -> 1992.863 | F51: ='Inedible Tallow'!F13 -> 1684.5109 | G51: ='Inedible Tallow'!G13 -> 2266.5095 | H51: ='Inedible Tallow'!H13 -> 1930.8044 | I51: ='Inedible Tallow'!I13 -> 1740.3264 | J51: ='Inedible Tallow'!J13 -> 1334.5743 | ... BG51: ='Inedible Tallow'!BG13 -> 75.000219
B52: Yellow Grease | C52: ='Yellow Grease'!C13 -> 66.207886 | D52: ='Yellow Grease'!D13 -> 112.69208 | E52: ='Yellow Grease'!E13 -> 112.98523 | F52: ='Yellow Grease'!F13 -> 109.55328 | G52: ='Yellow Grease'!G13 -> 196.86989 | H52: ='Yellow Grease'!H13 -> 211.48466 | I52: ='Yellow Grease'!I13 -> 194.48208 | J52: ='Yellow Grease'!J13 -> 189.1651 | ... BG52: ='Yellow Grease'!BG13 -> 0
B53: Used Cooking Oil | C53: =UCO!C13 -> 16.088826 | D53: =UCO!D13 -> 16.671734 | E53: =UCO!E13 -> 22.023095 | F53: =UCO!F13 -> 36.015988 | G53: =UCO!G13 -> 41.262672 | H53: =UCO!H13 -> 25.556315 | I53: =UCO!I13 -> 21.414992 | J53: =UCO!J13 -> 21.968808 | ... BG53: =UCO!BG13 -> 100.00454
B54: Choice White Grease | C54: =CWG!C13 -> 18.353478 | D54: =CWG!D13 -> 10.926327 | E54: =CWG!E13 -> 3.5701649 | F54: =CWG!F13 -> 7.611237 | G54: =CWG!G13 -> 4.1230841 | H54: =CWG!H13 -> 11.854473 | I54: =CWG!I13 -> 1.1902754 | J54: =CWG!J13 -> 11.088587 | ... BG54: =CWG!BG13 -> 0.049994329
B55: Poultry Fat | C55: ='Poultry Fat'!C13 -> 39.572304 | D55: ='Poultry Fat'!D13 -> 55.001571 | E55: ='Poultry Fat'!E13 -> 61.502119 | F55: ='Poultry Fat'!F13 -> 69.032667 | G55: ='Poultry Fat'!G13 -> 64.012302 | H55: ='Poultry Fat'!H13 -> 86.374224 | I55: ='Poultry Fat'!I13 -> 62.373827 | J55: ='Poultry Fat'!J13 -> 68.121938 | ... BG55: ='Poultry Fat'!BG13 -> 50.000447
B56: Distillers' Corn Oil | C56: =DCO!C13 -> 0 | D56: =DCO!D13 -> 0 | E56: =DCO!E13 -> 0 | F56: =DCO!F13 -> 0 | G56: =DCO!G13 -> 0 | H56: =DCO!H13 -> 0 | I56: =DCO!I13 -> 0 | J56: =DCO!J13 -> 0 | ... BG56: =DCO!BG13 -> 16.21321
B57: Total Use | C57: =C50+C27 -> #REF! | D57: =D50+D27 -> #REF! | E57: =E50+E27 -> #REF! | F57: =F50+F27 -> #REF! | G57: =G50+G27 -> #REF! | H57: =H50+H27 -> #REF! | I57: =I50+I27 -> #REF! | J57: =J50+J27 -> #REF! | ... BG57: =BG50+BG27 -> 84904.788
B59: Ending Stocks (December 31) | C59: =SUM(C60:C65) -> #REF! | D59: =SUM(D60:D65) -> #REF! | E59: =SUM(E60:E65) -> #REF! | F59: =SUM(F60:F65) -> #REF! | G59: =SUM(G60:G65) -> #REF! | H59: =SUM(H60:H65) -> #REF! | I59: =SUM(I60:I65) -> #REF! | J59: =SUM(J60:J65) -> #REF! | ... BG59: =SUM(BG60:BG65) -> 115473.77
B60: Inedible Tallow | C60: ='Inedible Tallow'!C15 -> #REF! | D60: ='Inedible Tallow'!D15 -> #REF! | E60: ='Inedible Tallow'!E15 -> #REF! | F60: ='Inedible Tallow'!F15 -> #REF! | G60: ='Inedible Tallow'!G15 -> #REF! | H60: ='Inedible Tallow'!H15 -> #REF! | I60: ='Inedible Tallow'!I15 -> #REF! | J60: ='Inedible Tallow'!J15 -> #REF! | ... BG60: ='Inedible Tallow'!BG15 -> 23674.389
B61: Yellow Grease | C61: ='Yellow Grease'!C15 -> 104.02239 | D61: ='Yellow Grease'!D15 -> 84.869558 | E61: ='Yellow Grease'!E15 -> 82.701599 | F61: ='Yellow Grease'!F15 -> 95.382232 | G61: ='Yellow Grease'!G15 -> 99.102132 | H61: ='Yellow Grease'!H15 -> 89.267075 | I61: ='Yellow Grease'!I15 -> 71.197399 | J61: ='Yellow Grease'!J15 -> 82.486257 | ... BG61: ='Yellow Grease'!BG15 -> 9.062
B62: Used Cooking Oil | C62: =UCO!C15 -> 132.29077 | D62: =UCO!D15 -> 112.16839 | E62: =UCO!E15 -> 109.46446 | F62: =UCO!F15 -> 114.19007 | G62: =UCO!G15 -> 124.05378 | H62: =UCO!H15 -> 103.7241 | I62: =UCO!I15 -> 106.9204 | J62: =UCO!J15 -> 121.38104 | ... BG62: =UCO!BG15 -> 88226.199
B63: Choice White Grease | C63: =CWG!C15 -> 0 | D63: =CWG!D15 -> 0 | E63: =CWG!E15 -> 0 | F63: =CWG!F15 -> 0 | G63: =CWG!G15 -> 0 | H63: =CWG!H15 -> 0 | I63: =CWG!I15 -> 0 | J63: =CWG!J15 -> 0 | ... BG63: =CWG!BG15 -> 10.919326
B64: Poultry Fat | C64: ='Poultry Fat'!C15 -> 32.862167 | D64: ='Poultry Fat'!D15 -> 36.972449 | E64: ='Poultry Fat'!E15 -> 37.554421 | F64: ='Poultry Fat'!F15 -> 48.462914 | G64: ='Poultry Fat'!G15 -> 52.481091 | H64: ='Poultry Fat'!H15 -> 59.899889 | I64: ='Poultry Fat'!I15 -> 59.782507 | J64: ='Poultry Fat'!J15 -> 64.365497 | ... BG64: ='Poultry Fat'!BG15 -> 45.502936
B65: Distillers' Corn Oil | C65: =DCO!C15 -> 0 | D65: =DCO!D15 -> 0 | E65: =DCO!E15 -> 0 | F65: =DCO!F15 -> 0 | G65: =DCO!G15 -> 0 | H65: =DCO!H15 -> 0 | I65: =DCO!I15 -> 0 | J65: =DCO!J15 -> 0 | ... BG65: =DCO!BG15 -> 3507.6965
B72: Total Supply | C72: =C25 -> #REF! | D72: =D25 -> #REF! | E72: =E25 -> #REF! | F72: =F25 -> #REF! | G72: =G25 -> #REF! | H72: =H25 -> #REF! | I72: =I25 -> #REF! | J72: =J25 -> #REF! | ... BG72: =BG25 -> 200378.56
B73: Ending Stocks | C73: =C59 -> #REF! | D73: =D59 -> #REF! | E73: =E59 -> #REF! | F73: =F59 -> #REF! | G73: =G59 -> #REF! | H73: =H59 -> #REF! | I73: =I59 -> #REF! | J73: =J59 -> #REF! | ... BG73: =BG59 -> 115473.77
B74: Total Use | C74: =C72-C73 -> #REF! | D74: =D72-D73 -> #REF! | E74: =E72-E73 -> #REF! | F74: =F72-F73 -> #REF! | G74: =G72-G73 -> #REF! | H74: =H72-H73 -> #REF! | I74: =I72-I73 -> #REF! | J74: =J72-J73 -> #REF! | ... BG74: =BG72-BG73 -> 84904.788
B75: Check | C75: =C74-C57 -> #REF! | D75: =D74-D57 -> #REF! | E75: =E74-E57 -> #REF! | F75: =F74-F57 -> #REF! | G75: =G74-G57 -> #REF! | H75: =H74-H57 -> #REF! | I75: =I74-I57 -> #REF! | J75: =J74-J57 -> #REF! | ... BG75: =BG74-BG57 -> 0
A77: Additional Biodiesel Feedstock Use
B78: Production of Lard Used in BD Production (non-reported feedstock) | AE78: =SUM('[5]US EIA'!$K$282:$K$293) -> 606.83 | AF78: =SUM('[5]US EIA'!$K$294:$K$305) -> 174.06808 | AG78: =SUM('[5]US EIA'!$K$306:$K$317) -> 215.37662 | AH78: =SUM('[5]US EIA'!$K$318:$K$329) -> 227.18265 | AI78: =SUM('[5]US EIA'!$K$330:$K$341) -> 242.26095 | AJ78: =SUM('[5]US EIA'!$K$342:$K$353) -> 267.50811 | AK78: =SUM('[5]US EIA'!$K$354:$K$365) -> 169.43146 | AL78: =SUM('[5]US EIA'!$K$366:$K$377) -> 201.95562 | AM78: =SUM('[5]US EIA'!$K$378:$K$389) -> 208.82011 | AN78: =SUM('[5]US EIA'!$K$390:$K$401) -> 210.19199 | AO78: =SUM('[5]US EIA'!$K$402:$K$413) -> 219.27808 | AP78: =SUM('[5]US EIA'!$K$414:$K$425) -> 197.4887
B79: Check on adding lard feedstock use to production | AE79: =AE11-SUM(AE12:AE17)-AE78 -> 1447.229 | AF79: =AF11-SUM(AF12:AF17)-AF78 -> 1562.8354 | AG79: =AG11-SUM(AG12:AG17)-AG78 -> 641.9741 | AH79: =AH11-SUM(AH12:AH17)-AH78 -> 554.0987 | AI79: =AI11-SUM(AI12:AI17)-AI78 -> 1305.8009 | AJ79: =AJ11-SUM(AJ12:AJ17)-AJ78 -> 1299.4552 | AK79: =AK11-SUM(AK12:AK17)-AK78 -> 1304.0996 | AL79: =AL11-SUM(AL12:AL17)-AL78 -> 1282.9753 | ... AP79: =AP11-SUM(AP12:AP17)-AP78 -> 1067.5895
B80: Copy from row 66 in Total Feedstocks | AE80: 352.14569 | AF80: 874.03136 | AG80: 405.38327 | AH80: 305.93136 | AI80: 275.96877 | AJ80: 253.62336 | AK80: 224.11907 | AL80: 199.4492 | AM80: 101.97945 | AN80: 57.657391 | AO80: 33.895807 | AP80: 96.580007
A82: Additional RD and SAF Feedstock Use
B83: Copy from row 79 in Total Feedstocks | AE83: 1095.0833 | AF83: 688.80401 | AG83: 236.59083 | AH83: 248.16734 | AI83: 1029.8321 | AJ83: 1045.8319 | AK83: 1079.9806 | AL83: 1083.5261 | AM83: 1067.3082 | AN83: 1073.5191 | AO83: 1033.4046 | AP83: 971.00949

Sheet SBO
B2: US SOYBEAN OIL SUPPLY AND DEMAND (million pounds)
C3: 1994 | D3: 1995 | E3: 1996 | F3: 1997 | G3: 1998 | H3: 1999 | I3: 2000 | J3: 2001 | K3: 2002 | L3: 2003 | M3: 2004 | N3: 2005 | O3: 2006 | P3: 2007 | Q3: 2008 | R3: 2009 | S3: 2010 | T3: 2011 | U3: 2012 | V3: 2013 | W3: 2014 | X3: 2015 | Y3: 2016 | Z3: 2017 | AA3: 2018 | AB3: 2019 | AC3: 2020 | AD3: 2021 | AE3: 2022 | AF3: 2023 | AG3: 2024 | AH3: 2025 | AI3: 2026 | AJ3: 2027 | AK3: 2028 | AL3: 2029 | AM3: 2030 | AN3: 2031 | AO3: 2032 | AP3: 2033 | AQ3: 2034 | AR3: 2035 | AS3: 2036 | AT3: 2037 | AU3: 2038 | AV3: 2039 | AW3: 2040 | AX3: 2041 | AY3: 2042 | AZ3: 2043 | BA3: 2044 | BB3: 2045 | BC3: 2046 | BD3: 2047 | BE3: 2048 | BF3: 2049 | BG3: 2050
B4: Beginning Stocks (January 1) | C4: ='[1]Soy Complex'!AI$486 -> 5.44 | D4: ='[1]Soy Complex'!AJ$486 -> 1116.8 | E4: ='[1]Soy Complex'!AK$486 -> 1512.6 | F4: ='[1]Soy Complex'!AL$486 -> 2172.3 | G4: ='[1]Soy Complex'!AM$486 -> 1787.9 | H4: ='[1]Soy Complex'!AN$486 -> 1505.6 | I4: ='[1]Soy Complex'!AO$486 -> 1993.2 | J4: ='[1]Soy Complex'!AP$486 -> 2436.8 | ... AA4: ='[1]Soy Complex'!BG$486 -> 2239.784 | AB4: ='[1]Soy Complex'!BH$485 -> 1945.848 | AC4: ='[1]Soy Complex'!BI$485 -> 2134.064 | AD4: ='[1]Soy Complex'!BJ$485 -> 2110.786 | AE4: ='[1]Soy Complex'!BK$485 -> 2465.891 | AF4: ='[1]Soy Complex'!BL$485 -> 2306.147 | AG4: ='[1]Soy Complex'!BM$485 -> 1823.834 | AH4: ='[1]Soy Complex'!BN$485 -> 1690.57 | AI4: ='[1]Soy Complex'!BO$485 -> 1235.2195 | ... BG4: ='[1]Soy Complex'!CM$485 -> 2253.4325
B5: Production | C5: =SUM('[1]Soy Complex'!AI$279:AI$287,'[1]Soy Complex'!AJ$276:AJ$278) -> 4182.01 | D5: =SUM('[1]Soy Complex'!AJ$279:AJ$287,'[1]Soy Complex'!AK$276:AK$278) -> 29856.4 | E5: =SUM('[1]Soy Complex'!AK$279:AK$287,'[1]Soy Complex'!AL$276:AL$278) -> 29400.4 | F5: =SUM('[1]Soy Complex'!AL$279:AL$287,'[1]Soy Complex'!AM$276:AM$278) -> 30680 | G5: =SUM('[1]Soy Complex'!AM$279:AM$287,'[1]Soy Complex'!AN$276:AN$278) -> 34477.4 | H5: =SUM('[1]Soy Complex'!AN$279:AN$287,'[1]Soy Complex'!AO$276:AO$278) -> 34597.3 | I5: =SUM('[1]Soy Complex'!AO$279:AO$287,'[1]Soy Complex'!AP$276:AP$278) -> 33998.8 | J5: =SUM('[1]Soy Complex'!AP$279:AP$287,'[1]Soy Complex'!AQ$276:AQ$278) -> 35386.7 | ... AA5: =SUM('[1]Soy Complex'!BG$279:BG$287,'[1]Soy Complex'!BH$276:BH$278) -> 45851.85 | AB5: =SUM('[1]Soy Complex'!BH$278:BH$286,'[1]Soy Complex'!BI$275:BI$277) -> 24127.266 | AC5: =SUM('[1]Soy Complex'!BI$278:BI$286,'[1]Soy Complex'!BJ$275:BJ$277) -> 25373.321 | AD5: =SUM('[1]Soy Complex'!BJ$278:BJ$286,'[1]Soy Complex'!BK$275:BK$277) -> 25207.051 | AE5: =SUM('[1]Soy Complex'!BK$278:BK$286,'[1]Soy Complex'!BL$275:BL$277) -> 25967.512 | AF5: =SUM('[1]Soy Complex'!BL$278:BL$286,'[1]Soy Complex'!BM$275:BM$277) -> 26570.463 | AG5: =SUM('[1]Soy Complex'!BM$278:BM$286,'[1]Soy Complex'!BN$275:BN$277) -> 27664.075 | AH5: =SUM('[1]Soy Complex'!BN$278:BN$286,'[1]Soy Complex'!BO$275:BO$277) -> 26398.003 | AI5: =SUM('[1]Soy Complex'!BO$278:BO$286,'[1]Soy Complex'!BP$275:BP$277) -> 28736.45 | ... BG5: =SUM('[1]Soy Complex'!CM$278:CM$286,'[1]Soy Complex'!CN$275:CN$277) -> 40172.55
B6: Imports | C6: =SUM('[1]Soy Complex'!AI$327:AI$335,'[1]Soy Complex'!AJ$324:AJ$326) -> 42.827516 | D6: =SUM('[1]Soy Complex'!AJ$327:AJ$335,'[1]Soy Complex'!AK$324:AK$326) -> 54.403898 | E6: =SUM('[1]Soy Complex'!AK$327:AK$335,'[1]Soy Complex'!AL$324:AL$326) -> 177.01616 | F6: =SUM('[1]Soy Complex'!AL$327:AL$335,'[1]Soy Complex'!AM$324:AM$326) -> 107.22157 | G6: =SUM('[1]Soy Complex'!AM$327:AM$335,'[1]Soy Complex'!AN$324:AN$326) -> 113.57044 | H6: =SUM('[1]Soy Complex'!AN$327:AN$335,'[1]Soy Complex'!AO$324:AO$326) -> 162.853 | I6: =SUM('[1]Soy Complex'!AO$327:AO$335,'[1]Soy Complex'!AP$324:AP$326) -> 153.09579 | J6: =SUM('[1]Soy Complex'!AP$327:AP$335,'[1]Soy Complex'!AQ$324:AQ$326) -> 132.61573 | ... AA6: =SUM('[1]Soy Complex'!BG$327:BG$335,'[1]Soy Complex'!BH$324:BH$326) -> 673.79228 | AB6: =SUM('[1]Soy Complex'!BH$326:BH$334,'[1]Soy Complex'!BI$323:BI$325) -> 374.04684 | AC6: =SUM('[1]Soy Complex'!BI$326:BI$334,'[1]Soy Complex'!BJ$323:BJ$325) -> 296.97121 | AD6: =SUM('[1]Soy Complex'!BJ$326:BJ$334,'[1]Soy Complex'!BK$323:BK$325) -> 336.51019 | AE6: =SUM('[1]Soy Complex'!BK$326:BK$334,'[1]Soy Complex'!BL$323:BL$325) -> 280.30075 | AF6: =SUM('[1]Soy Complex'!BL$326:BL$334,'[1]Soy Complex'!BM$323:BM$325) -> 427.92187 | AG6: =SUM('[1]Soy Complex'!BM$326:BM$334,'[1]Soy Complex'!BN$323:BN$325) -> 614.24423 | AH6: =SUM('[1]Soy Complex'!BN$326:BN$334,'[1]Soy Complex'!BO$323:BO$325) -> 562.93573 | AI6: =SUM('[1]Soy Complex'!BO$326:BO$334,'[1]Soy Complex'!BP$323:BP$325) -> 500 | ... BG6: =SUM('[1]Soy Complex'!CM$326:CM$334,'[1]Soy Complex'!CN$323:CN$325) -> 500
B7: Total Supply | C7: =SUM(C4:C6) -> 4230.2775 | D7: =SUM(D4:D6) -> 31027.604 | E7: =SUM(E4:E6) -> 31090.016 | F7: =SUM(F4:F6) -> 32959.522 | G7: =SUM(G4:G6) -> 36378.87 | H7: =SUM(H4:H6) -> 36265.753 | I7: =SUM(I4:I6) -> 36145.096 | J7: =SUM(J4:J6) -> 37956.116 | ... BG7: =SUM(BG4:BG6) -> 42925.982
B8: Domestic Usage | C8: =C9+C12 -> 3451.2985 | D8: =D9+D12 -> 23583.134 | E8: =E9+E12 -> 25884.959 | F8: =F9+F12 -> 27359.23 | G8: =G9+G12 -> 29133.447 | H8: =H9+H12 -> 30350.668 | I8: =I9+I12 -> 30630.711 | J8: =J9+J12 -> 31299.093 | ... AA8: =AA9+AA12 -> 42350.58 | AB8: =AB14-AB13 -> 20619.753 | AC8: =AC14-AC13 -> 20115.967 | AD8: =AD14-AD13 -> 21972.977 | AE8: =AE14-AE13 -> 23532.884 | AF8: =AF14-AF13 -> 26790.021 | AG8: =AG14-AG13 -> 26356.18 | AH8: =AH14-AH13 -> 23740.592 | AI8: =AI14-AI13 -> 24928.224 | ... BG8: =BG14-BG13 -> 36489.792
B9: Biomass-Based Diesel Production | C9: =SUM(C10:C11) -> 152.52 | D9: =SUM(D10:D11) -> 0 | E9: =SUM(E10:E11) -> 0 | F9: =SUM(F10:F11) -> 0 | G9: =SUM(G10:G11) -> 0.60284059 | H9: =SUM(H10:H11) -> 8.1185748 | I9: =SUM(I10:I11) -> 26.769923 | J9: =SUM(J10:J11) -> 142.74434 | ... BG9: =SUM(BG10:BG11) -> 22492.142 | BJ9: 15654 | BK9: 16302 | BL9: 14512 | BM9: 15504 | BN9: 17862 | BO9: 19133 | BP9: 19646 | BQ9: 20797 | BR9: 21963 | BS9: 22128
B10: Biodiesel Production | C10: =SUM('[1]Soy Complex'!AI$407:AI$415,'[1]Soy Complex'!AJ$403:AJ$406) -> 48.75 | D10: =SUM('[1]Soy Complex'!AJ$407:AJ$415,'[1]Soy Complex'!AK$403:AK$406) -> 0 | E10: =SUM('[1]Soy Complex'!AK$407:AK$415,'[1]Soy Complex'!AL$403:AL$406) -> 0 | F10: =SUM('[1]Soy Complex'!AL$407:AL$415,'[1]Soy Complex'!AM$403:AM$406) -> 0 | G10: =SUM('[1]Soy Complex'!AM$407:AM$415,'[1]Soy Complex'!AN$403:AN$406) -> 0.60284059 | H10: =SUM('[1]Soy Complex'!AN$407:AN$415,'[1]Soy Complex'!AO$403:AO$406) -> 8.1185748 | I10: =SUM('[1]Soy Complex'!AO$407:AO$415,'[1]Soy Complex'!AP$403:AP$406) -> 26.769923 | J10: =SUM('[1]Soy Complex'!AP$407:AP$415,'[1]Soy Complex'!AQ$403:AQ$406) -> 142.74434 | ... AA10: =SUM('[1]Soy Complex'!BG$407:BG$415,'[1]Soy Complex'!BH$403:BH$406) -> 14836.28 | AB10: =SUM('[1]Soy Complex'!BH$406:BH$414,'[1]Soy Complex'!BI$403:BI$405) -> 7317.97 | AC10: =SUM('[1]Soy Complex'!BI$406:BI$414,'[1]Soy Complex'!BJ$403:BJ$405) -> 8382.72 | AD10: =SUM('[1]Soy Complex'!BJ$406:BJ$414,'[1]Soy Complex'!BK$403:BK$405) -> 6400.5502 | AE10: =SUM('[1]Soy Complex'!BK$406:BK$414,'[1]Soy Complex'!BL$403:BL$405) -> 7100.496 | AF10: =SUM('[1]Soy Complex'!BL$406:BL$414,'[1]Soy Complex'!BM$403:BM$405) -> 7332.186 | AG10: =SUM('[1]Soy Complex'!BM$406:BM$414,'[1]Soy Complex'!BN$403:BN$405) -> 6629.6391 | AH10: =SUM('[1]Soy Complex'!BN$406:BN$414,'[1]Soy Complex'!BO$403:BO$405) -> 6283.9102 | AI10: =SUM('[1]Soy Complex'!BO$406:BO$414,'[1]Soy Complex'!BP$403:BP$405) -> 5808.9324 | ... BG10: =SUM('[1]Soy Complex'!CM$406:CM$414,'[1]Soy Complex'!CN$403:CN$405) -> 450.99156 | BJ10: 7139 | BK10: 8418 | BL10: 6136 | BM10: 5091 | BN10: 4796 | BO10: 3243 | BP10: 3112 | BQ10: 2107 | BR10: 1787 | BS10: 1822
B11: Renewable Diesel/SAF Production | C11: =SUM('[1]Soy Complex'!AI$423:AI$431,'[1]Soy Complex'!AJ$420:AJ$422)+SUM('[1]Soy Complex'!AI455:AI$463,'[1]Soy Complex'!AJ$452:AJ$454) -> 103.77 | D11: =SUM('[1]Soy Complex'!AJ$423:AJ$431,'[1]Soy Complex'!AK$420:AK$422)+SUM('[1]Soy Complex'!AJ455:AJ$463,'[1]Soy Complex'!AK$452:AK$454) -> 0 | E11: =SUM('[1]Soy Complex'!AK$423:AK$431,'[1]Soy Complex'!AL$420:AL$422)+SUM('[1]Soy Complex'!AK455:AK$463,'[1]Soy Complex'!AL$452:AL$454) -> 0 | F11: =SUM('[1]Soy Complex'!AL$423:AL$431,'[1]Soy Complex'!AM$420:AM$422)+SUM('[1]Soy Complex'!AL455:AL$463,'[1]Soy Complex'!AM$452:AM$454) -> 0 | G11: =SUM('[1]Soy Complex'!AM$423:AM$431,'[1]Soy Complex'!AN$420:AN$422)+SUM('[1]Soy Complex'!AM455:AM$463,'[1]Soy Complex'!AN$452:AN$454) -> 0 | H11: =SUM('[1]Soy Complex'!AN$423:AN$431,'[1]Soy Complex'!AO$420:AO$422)+SUM('[1]Soy Complex'!AN455:AN$463,'[1]Soy Complex'!AO$452:AO$454) -> 0 | I11: =SUM('[1]Soy Complex'!AO$423:AO$431,'[1]Soy Complex'!AP$420:AP$422)+SUM('[1]Soy Complex'!AO455:AO$463,'[1]Soy Complex'!AP$452:AP$454) -> 0 | J11: =SUM('[1]Soy Complex'!AP$423:AP$431,'[1]Soy Complex'!AQ$420:AQ$422)+SUM('[1]Soy Complex'!AP455:AP$463,'[1]Soy Complex'!AQ$452:AQ$454) -> 0 | ... AA11: =SUM('[1]Soy Complex'!BG$423:BG$431,'[1]Soy Complex'!BH$420:BH$422)+SUM('[1]Soy Complex'!BG455:BG$463,'[1]Soy Complex'!BH$452:BH$454) -> 1861.102 | AB11: =SUM('[1]Soy Complex'!BH$422:BH$430,'[1]Soy Complex'!BI$419:BI$421,'[1]Soy Complex'!BH$438:BH$446,'[1]Soy Complex'!BI$435:BI$437,'[1]Soy Complex'!BH$454:BH$462,'[1]Soy Complex'!BI$451:BI$453) -> 2085.8996 | AC11: =SUM('[1]Soy Complex'!BI$422:BI$430,'[1]Soy Complex'!BJ$419:BJ$421,'[1]Soy Complex'!BI$438:BI$446,'[1]Soy Complex'!BJ$435:BJ$437,'[1]Soy Complex'!BI$454:BI$462,'[1]Soy Complex'!BJ$451:BJ$453) -> 2363.9998 | AD11: =SUM('[1]Soy Complex'!BJ$422:BJ$430,'[1]Soy Complex'!BK$419:BK$421,'[1]Soy Complex'!BJ$438:BJ$446,'[1]Soy Complex'!BK$435:BK$437,'[1]Soy Complex'!BJ$454:BJ$462,'[1]Soy Complex'!BK$451:BK$453) -> 2782.5167 | AE11: =SUM('[1]Soy Complex'!BK$422:BK$430,'[1]Soy Complex'!BL$419:BL$421,'[1]Soy Complex'!BK$438:BK$446,'[1]Soy Complex'!BL$435:BL$437,'[1]Soy Complex'!BK$454:BK$462,'[1]Soy Complex'!BL$451:BL$453) -> 3424.887 | AF11: =SUM('[1]Soy Complex'!BL$422:BL$430,'[1]Soy Complex'!BM$419:BM$421,'[1]Soy Complex'!BL$438:BL$446,'[1]Soy Complex'!BM$435:BM$437,'[1]Soy Complex'!BL$454:BL$462,'[1]Soy Complex'!BM$451:BM$453) -> 5688.5512 | AG11: =SUM('[1]Soy Complex'!BM$422:BM$430,'[1]Soy Complex'!BN$419:BN$421,'[1]Soy Complex'!BM$438:BM$446,'[1]Soy Complex'!BN$435:BN$437,'[1]Soy Complex'!BM$454:BM$462,'[1]Soy Complex'!BN$451:BN$453) -> 6605.9083 | AH11: =SUM('[1]Soy Complex'!BN$422:BN$430,'[1]Soy Complex'!BO$419:BO$421,'[1]Soy Complex'!BN$438:BN$446,'[1]Soy Complex'!BO$435:BO$437,'[1]Soy Complex'!BN$454:BN$462,'[1]Soy Complex'!BO$451:BO$453) -> 5183.7435 | AI11: =SUM('[1]Soy Complex'!BO$422:BO$430,'[1]Soy Complex'!BP$419:BP$421,'[1]Soy Complex'!BO$438:BO$446,'[1]Soy Complex'!BP$435:BP$437,'[1]Soy Complex'!BO$454:BO$462,'[1]Soy Complex'!BP$451:BP$453) -> 6275.4919 | ... BG11: =SUM('[1]Soy Complex'!CM$422:CM$430,'[1]Soy Complex'!CN$419:CN$421,'[1]Soy Complex'!CM$438:CM$446,'[1]Soy Complex'!CN$435:CN$437,'[1]Soy Complex'!CM$454:CM$462,'[1]Soy Complex'!CN$451:CN$453) -> 22041.15 | BJ11: 8080 | BK11: 6882 | BL11: 7062 | BM11: 8086 | BN11: 8977 | BO11: 9694 | BP11: 8186 | BQ11: 6710 | BR11: 6602 | BS11: 6398
B12: Non-Biodiesel Use | C12: =SUM('[1]Soy Complex'!AI$471:AI$479,'[1]Soy Complex'!AJ$468:AJ$470) -> 3298.7785 | D12: =SUM('[1]Soy Complex'!AJ$471:AJ$479,'[1]Soy Complex'!AK$468:AK$470) -> 23583.134 | E12: =SUM('[1]Soy Complex'!AK$471:AK$479,'[1]Soy Complex'!AL$468:AL$470) -> 25884.959 | F12: =SUM('[1]Soy Complex'!AL$471:AL$479,'[1]Soy Complex'!AM$468:AM$470) -> 27359.23 | G12: =SUM('[1]Soy Complex'!AM$471:AM$479,'[1]Soy Complex'!AN$468:AN$470) -> 29132.844 | H12: =SUM('[1]Soy Complex'!AN$471:AN$479,'[1]Soy Complex'!AO$468:AO$470) -> 30342.549 | I12: =SUM('[1]Soy Complex'!AO$471:AO$479,'[1]Soy Complex'!AP$468:AP$470) -> 30603.941 | J12: =SUM('[1]Soy Complex'!AP$471:AP$479,'[1]Soy Complex'!AQ$468:AQ$470) -> 31156.349 | ... AA12: =SUM('[1]Soy Complex'!BG$471:BG$479,'[1]Soy Complex'!BH$468:BH$470) -> 25653.198 | AB12: =AB8-AB9 -> 11215.883 | AC12: =AC8-AC9 -> 9369.2474 | AD12: =AD8-AD9 -> 12789.91 | AE12: =AE8-AE9 -> 13007.501 | AF12: =AF8-AF9 -> 13769.284 | AG12: =AG8-AG9 -> 13120.633 | AH12: =AH8-AH9 -> 12272.939 | AI12: =AI8-AI9 -> 12843.8 | ... BG12: =BG8-BG9 -> 13997.65
B13: Exports | C13: =SUM('[1]Soy Complex'!AI$343:AI$351,'[1]Soy Complex'!AJ$340:AJ$342) -> 876.389 | D13: =SUM('[1]Soy Complex'!AJ$343:AJ$351,'[1]Soy Complex'!AK$340:AK$342) -> 4859.9302 | E13: =SUM('[1]Soy Complex'!AK$343:AK$351,'[1]Soy Complex'!AL$340:AL$342) -> 2131.5573 | F13: =SUM('[1]Soy Complex'!AL$343:AL$351,'[1]Soy Complex'!AM$340:AM$342) -> 4313.1913 | G13: =SUM('[1]Soy Complex'!AM$343:AM$351,'[1]Soy Complex'!AN$340:AN$342) -> 5911.9721 | H13: =SUM('[1]Soy Complex'!AN$343:AN$351,'[1]Soy Complex'!AO$340:AO$342) -> 3882.2792 | I13: =SUM('[1]Soy Complex'!AO$343:AO$351,'[1]Soy Complex'!AP$340:AP$342) -> 2670.9906 | J13: =SUM('[1]Soy Complex'!AP$343:AP$351,'[1]Soy Complex'!AQ$340:AQ$342) -> 2804.1676 | ... BG13: =SUM('[1]Soy Complex'!CM$343:CM$351,'[1]Soy Complex'!CN$340:CN$342) -> 3915 | BJ13: =AE9-BJ9 -> -5128.617 | BK13: =AF9-BK9 -> -3281.2628 | BL13: =AG9-BL9 -> -1276.4526 | BM13: =AH9-BM9 -> -4036.3464 | BN13: =AI9-BN9 -> -5777.5757 | BO13: =AJ9-BO9 -> -4484.7575 | BP13: =AK9-BP9 -> -5228.4577 | BQ13: =AL9-BQ9 -> -6275.07 | ... BS13: =AN9-BS9 -> -4898.1752
B14: Total Use | C14: =C13+C8 -> 4327.6875 | D14: =D13+D8 -> 28443.064 | E14: =E13+E8 -> 28016.516 | F14: =F13+F8 -> 31672.422 | G14: =G13+G8 -> 35045.419 | H14: =H13+H8 -> 34232.947 | I14: =I13+I8 -> 33301.702 | J14: =J13+J8 -> 34103.261 | ... AA14: =AA13+AA8 -> 47118.677 | AB14: =AB7-AB15 -> 24313.097 | AC14: =AC7-AC15 -> 25693.57 | AD14: =AD7-AD15 -> 25188.456 | AE14: =AE7-AE15 -> 26407.557 | AF14: =AF7-AF15 -> 27480.698 | AG14: =AG7-AG15 -> 28411.583 | AH14: =AH7-AH15 -> 27416.289 | AI14: =AI7-AI15 -> 28673.224 | ... BG14: =BG7-BG15 -> 40404.792 | BJ14: =AE10-BJ10 -> -38.504 | BK14: =AF10-BK10 -> -1085.814 | BL14: =AG10-BL10 -> 493.63914 | BM14: =AH10-BM10 -> 1192.9102 | BN14: =AI10-BN10 -> 1012.9324 | BO14: =AJ10-BO10 -> 2722.2146 | BP14: =AK10-BP10 -> 1587.4926 | BQ14: =AL10-BQ10 -> 3066.4859 | ... BS14: =AN10-BS10 -> 3114.7882
B15: Ending Stocks (December 31) | C15: ='[1]Soy Complex'!AJ$486 -> 1116.8 | D15: ='[1]Soy Complex'!AK$486 -> 1512.6 | E15: ='[1]Soy Complex'!AL$486 -> 2172.3 | F15: ='[1]Soy Complex'!AM$486 -> 1787.9 | G15: ='[1]Soy Complex'!AN$486 -> 1505.6 | H15: ='[1]Soy Complex'!AO$486 -> 1993.2 | I15: ='[1]Soy Complex'!AP$486 -> 2436.8 | J15: ='[1]Soy Complex'!AQ$486 -> 2923.7 | ... AA15: ='[1]Soy Complex'!BH$486 -> 2004.728 | AB15: ='[1]Soy Complex'!BI$485 -> 2134.064 | AC15: ='[1]Soy Complex'!BJ$485 -> 2110.786 | AD15: ='[1]Soy Complex'!BK$485 -> 2465.891 | AE15: ='[1]Soy Complex'!BL$485 -> 2306.147 | AF15: ='[1]Soy Complex'!BM$485 -> 1823.834 | AG15: ='[1]Soy Complex'!BN$485 -> 1690.57 | AH15: ='[1]Soy Complex'!BO$485 -> 1235.2195 | AI15: ='[1]Soy Complex'!BP$485 -> 1798.4452 | ... BG15: ='[1]Soy Complex'!CN$485 -> 2521.191 | BJ15: =AE11-BJ11 -> -4655.113 | BK15: =AF11-BK11 -> -1193.4488 | BL15: =AG11-BL11 -> -456.09172 | BM15: =AH11-BM11 -> -2902.2565 | BN15: =AI11-BN11 -> -2701.5081 | BO15: =AJ11-BO11 -> -1010.9722 | BP15: =AK11-BP11 -> 1532.0498 | BQ15: =AL11-BQ11 -> 2638.4441 | ... BS15: =AN11-BS11 -> 5895.0366
B16: Median Price - Central Illinois - Crude - cents/pound | C16: =MEDIAN('[1]Soy Complex'!AI$517:AI$525,'[1]Soy Complex'!AJ$514:AJ$516) -> #REF! | D16: =MEDIAN('[1]Soy Complex'!AJ$517:AJ$525,'[1]Soy Complex'!AK$514:AK$516) -> #REF! | E16: =MEDIAN('[1]Soy Complex'!AK$517:AK$525,'[1]Soy Complex'!AL$514:AL$516) -> #REF! | F16: =MEDIAN('[1]Soy Complex'!AL$517:AL$525,'[1]Soy Complex'!AM$514:AM$516) -> #REF! | G16: =MEDIAN('[1]Soy Complex'!AM$517:AM$525,'[1]Soy Complex'!AN$514:AN$516) -> #REF! | H16: =MEDIAN('[1]Soy Complex'!AN$517:AN$525,'[1]Soy Complex'!AO$514:AO$516) -> #REF! | I16: =MEDIAN('[1]Soy Complex'!AO$517:AO$525,'[1]Soy Complex'!AP$514:AP$516) -> #REF! | J16: =MEDIAN('[1]Soy Complex'!AP$517:AP$525,'[1]Soy Complex'!AQ$514:AQ$516) -> #REF! | ... AA16: =MEDIAN('[1]Soy Complex'!BG$517:BG$525,'[1]Soy Complex'!BH$514:BH$516) -> 29.187757 | AB16: =MEDIAN('[1]Soy Complex'!BH$516:BH$524,'[1]Soy Complex'!BI$513:BI$515) -> 28.469264 | AC16: =MEDIAN('[1]Soy Complex'!BI$516:BI$524,'[1]Soy Complex'!BJ$513:BJ$515) -> 31.137744 | AD16: =MEDIAN('[1]Soy Complex'!BJ$516:BJ$524,'[1]Soy Complex'!BK$513:BK$515) -> 64.747619 | AE16: =MEDIAN('[1]Soy Complex'!BK$516:BK$524,'[1]Soy Complex'!BL$513:BL$515) -> 74.398095 | AF16: =MEDIAN('[1]Soy Complex'!BL$516:BL$524,'[1]Soy Complex'!BM$513:BM$515) -> 61.454261 | AG16: =MEDIAN('[1]Soy Complex'!BM$516:BM$524,'[1]Soy Complex'!BN$513:BN$515) -> 43.996793 | AH16: =MEDIAN('[1]Soy Complex'!BN$516:BN$524,'[1]Soy Complex'!BO$513:BO$515) -> 44.970738 | AI16: =MEDIAN('[1]Soy Complex'!BO$516:BO$524,'[1]Soy Complex'!BP$513:BP$515) -> 43.813235 | ... BG16: =MEDIAN('[1]Soy Complex'!CM$516:CM$524,'[1]Soy Complex'!CN$513:CN$515) -> 54.471101 | BJ16: =#REF!-#REF! -> #REF! | BK16: =#REF!-#REF! -> #REF! | BL16: =#REF!-#REF! -> #REF! | BM16: =#REF!-#REF! -> #REF! | BN16: =#REF!-#REF! -> #REF! | BO16: =#REF!-#REF! -> #REF! | BP16: =#REF!-#REF! -> #REF! | BQ16: =#REF!-#REF! -> #REF! | ... BS16: =#REF!-#REF! -> #REF!
BJ18: 10632 | BK18: 11710 | BL18: 10887 | BM18: 10999 | BN18: 10930 | BO18: 10679 | BP18: 10555 | BQ18: 10095 | BR18: 10205 | BS18: 11122
BJ19: =AE12-BJ18 -> 2375.5014 | BK19: =AF12-BK18 -> 2059.2842 | BL19: =AG12-BL18 -> 2233.6331 | BM19: =AH12-BM18 -> 1273.9386 | BN19: =AI12-BN18 -> 1913.8 | BO19: =AJ12-BO18 -> 1721.1 | BP19: =AK12-BP18 -> 2552.5 | BQ19: =AL12-BQ18 -> 3334.35 | ... BS19: =AN12-BS18 -> 2152.1
B21: Total Supply | C21: =C7 -> 4230.2775 | D21: =D7 -> 31027.604 | E21: =E7 -> 31090.016 | F21: =F7 -> 32959.522 | G21: =G7 -> 36378.87 | H21: =H7 -> 36265.753 | I21: =I7 -> 36145.096 | J21: =J7 -> 37956.116 | ... BG21: =BG7 -> 42925.982 | BJ21: 1470 | BK21: 1560 | BL21: 1830 | BM21: 1740 | BN21: 1000 | BO21: 1005 | BP21: 995 | BQ21: 1000 | BR21: 1005 | BS21: 995
B22: Ending Stocks | C22: =C15 -> 1116.8 | D22: =D15 -> 1512.6 | E22: =E15 -> 2172.3 | F22: =F15 -> 1787.9 | G22: =G15 -> 1505.6 | H22: =H15 -> 1993.2 | I22: =I15 -> 2436.8 | J22: =J15 -> 2923.7 | ... BG22: =BG15 -> 2521.191 | BJ22: =AE13-BJ21 -> 1404.6727 | BK22: =AF13-BK21 -> -869.32349 | BL22: =AG13-BL21 -> 225.40258 | BM22: =AH13-BM21 -> 1935.6971 | BN22: =AI13-BN21 -> 2745 | BO22: =AJ13-BO21 -> 1470 | BP22: =AK13-BP21 -> 1930 | BQ22: =AL13-BQ21 -> 2200 | ... BS22: =AN13-BS21 -> 2305
B23: Total Use | C23: =C21-C22 -> 3113.4775 | D23: =D21-D22 -> 29515.004 | E23: =E21-E22 -> 28917.716 | F23: =F21-F22 -> 31171.622 | G23: =G21-G22 -> 34873.27 | H23: =H21-H22 -> 34272.553 | I23: =I21-I22 -> 33708.296 | J23: =J21-J22 -> 35032.416 | ... BG23: =BG21-BG22 -> 40404.792
B24: Check | C24: =C23-C14 -> -1214.21 | D24: =D23-D14 -> 1071.94 | E24: =E23-E14 -> 901.2 | F24: =F23-F14 -> -500.8 | G24: =G23-G14 -> -172.14845 | H24: =H23-H14 -> 39.606192 | I24: =I23-I14 -> 406.59405 | J24: =J23-J14 -> 929.15467 | ... BG24: =BG23-BG14 -> 0 | BJ24: 1771 | BK24: 1034 | BL24: 1898 | BM24: 1899 | BN24: 1437 | BO24: 927 | BP24: 718 | BQ24: 1014 | BR24: 1204 | BS24: 1208
B25: Exports | C25: =C13 -> 876.389 | D25: =D13 -> 4859.9302 | E25: =E13 -> 2131.5573 | F25: =F13 -> 4313.1913 | G25: =G13 -> 5911.9721 | H25: =H13 -> 3882.2792 | I25: =I13 -> 2670.9906 | J25: =J13 -> 2804.1676 | ... BG25: =BG13 -> 3915 | BJ25: =AE15-BJ24 -> 535.147 | BK25: =AF15-BK24 -> 789.834 | BL25: =AG15-BL24 -> -207.43 | BM25: =AH15-BM24 -> -663.7805 | BN25: =AI15-BN24 -> 361.4452 | BO25: =AJ15-BO24 -> 862.87275 | BP25: =AK15-BP24 -> 835.72043 | BQ25: =AL15-BQ24 -> 623.64042 | ... BS25: =AN15-BS24 -> 439.93957
B26: Domestic Use | C26: =C23-C25 -> 2237.0885 | D26: =D23-D25 -> 24655.074 | E26: =E23-E25 -> 26786.159 | F26: =F23-F25 -> 26858.43 | G26: =G23-G25 -> 28961.298 | H26: =H23-H25 -> 30390.274 | I26: =I23-I25 -> 31037.305 | J26: =J23-J25 -> 32228.248 | ... BG26: =BG23-BG25 -> 36489.792
B27: Check | C27: =C26-C8 -> -1214.21 | D27: =D26-D8 -> 1071.94 | E27: =E26-E8 -> 901.2 | F27: =F26-F8 -> -500.8 | G27: =G26-G8 -> -172.14845 | H27: =H26-H8 -> 39.606192 | I27: =I26-I8 -> 406.59405 | J27: =J26-J8 -> 929.15467 | ... BG27: =BG26-BG8 -> 0 | BJ27: 50.2 | BK27: 55.1 | BL27: 53.3 | BM27: 55.9 | BN27: 57.6 | BO27: 59.4 | BP27: 59 | BQ27: 57 | BR27: 55.6 | BS27: 52.2 | BT27: 48.5
B28: Biodiesel Use | C28: =C9 -> 152.52 | D28: =D9 -> 0 | E28: =E9 -> 0 | F28: =F9 -> 0 | G28: =G9 -> 0.60284059 | H28: =H9 -> 8.1185748 | I28: =I9 -> 26.769923 | J28: =J9 -> 142.74434 | ... BG28: =BG9 -> 22492.142 | BJ28: =AD16-BJ27 -> 14.547619 | BK28: =AE16-BK27 -> 19.298095 | BL28: =AF16-BL27 -> 8.1542607 | BM28: =AG16-BM27 -> -11.903207 | BN28: =AH16-BN27 -> -12.629262 | BO28: =AI16-BO27 -> -15.586765 | BP28: =AJ16-BP27 -> -15.955455 | BQ28: =AK16-BQ27 -> -14.937049 | ... BT28: =AN16-BT27 -> -7.9767047
B29: Non-Biodiesel Use | C29: =C26-C28 -> 2084.5685 | D29: =D26-D28 -> 24655.074 | E29: =E26-E28 -> 26786.159 | F29: =F26-F28 -> 26858.43 | G29: =G26-G28 -> 28960.695 | H29: =H26-H28 -> 30382.155 | I29: =I26-I28 -> 31010.535 | J29: =J26-J28 -> 32085.504 | ... BG29: =BG26-BG28 -> 13997.65
B30: Check | C30: =C29-C12 -> -1214.21 | D30: =D29-D12 -> 1071.94 | E30: =E29-E12 -> 901.2 | F30: =F29-F12 -> -500.8 | G30: =G29-G12 -> -172.14845 | H30: =H29-H12 -> 39.606192 | I30: =I29-I12 -> 406.59405 | J30: =J29-J12 -> 929.15467 | ... BG30: =BG29-BG12 -> 0

Sheet Canola Oil
B2: US CANOLA OIL SUPPLY AND DEMAND (million pounds)
C3: =SBO!C3 -> 1994 | D3: =SBO!D3 -> 1995 | E3: =SBO!E3 -> 1996 | F3: =SBO!F3 -> 1997 | G3: =SBO!G3 -> 1998 | H3: =SBO!H3 -> 1999 | I3: =SBO!I3 -> 2000 | J3: =SBO!J3 -> 2001 | ... BG3: =SBO!BG3 -> 2050
B4: Beginning Stocks (January 1) | C4: ='[1]Canola Complex'!AI$405 -> 72.767383 | D4: ='[1]Canola Complex'!AJ$405 -> 96.311953 | E4: ='[1]Canola Complex'!AK$405 -> 90.430267 | F4: ='[1]Canola Complex'!AL$405 -> 96.428093 | G4: ='[1]Canola Complex'!AM$405 -> 94.810788 | H4: ='[1]Canola Complex'!AN$405 -> 94.618453 | I4: ='[1]Canola Complex'!AO$405 -> 140.89272 | J4: ='[1]Canola Complex'!AP$405 -> 156.98969 | ... AA4: ='[1]Canola Complex'!BG$405 -> 341.08248 | AB4: ='[1]Canola Complex'!BH$420 -> 208.531 | AC4: ='[1]Canola Complex'!BI$420 -> 130.749 | AD4: ='[1]Canola Complex'!BJ$420 -> 164.607 | AE4: ='[1]Canola Complex'!BK$420 -> 139.171 | AF4: ='[1]Canola Complex'!BL$420 -> 190.643 | AG4: ='[1]Canola Complex'!BM$420 -> 189.724 | AH4: ='[1]Canola Complex'!BN$420 -> 126.239 | AI4: ='[1]Canola Complex'!BO$420 -> 120.78465 | ... BG4: ='[1]Canola Complex'!CM$420 -> 206.61403
B5: Production | C5: =SUM('[1]Canola Complex'!AI$214:AI$222,'[1]Canola Complex'!AJ$211:AJ$213) -> 679.21231 | D5: =SUM('[1]Canola Complex'!AJ$214:AJ$222,'[1]Canola Complex'!AK$211:AK$213) -> 706.07259 | E5: =SUM('[1]Canola Complex'!AK$214:AK$222,'[1]Canola Complex'!AL$211:AL$213) -> 699.50523 | F5: =SUM('[1]Canola Complex'!AL$214:AL$222,'[1]Canola Complex'!AM$211:AM$213) -> 820.63088 | G5: =SUM('[1]Canola Complex'!AM$214:AM$222,'[1]Canola Complex'!AN$211:AN$213) -> 1098.2902 | H5: =SUM('[1]Canola Complex'!AN$214:AN$222,'[1]Canola Complex'!AO$211:AO$213) -> 1230.9285 | I5: =SUM('[1]Canola Complex'!AO$214:AO$222,'[1]Canola Complex'!AP$211:AP$213) -> 1350.9874 | J5: =SUM('[1]Canola Complex'!AP$214:AP$222,'[1]Canola Complex'!AQ$211:AQ$213) -> 1416.8143 | ... BG5: =SUM('[1]Canola Complex'!CM$214:CM$222,'[1]Canola Complex'!CN$211:CN$213) -> 4880.5327
B6: Imports | C6: =SUM('[1]Canola Complex'!AI$278:AI$286,'[1]Canola Complex'!AJ$275:AJ$277) -> 1775.8942 | D6: =SUM('[1]Canola Complex'!AJ$278:AJ$286,'[1]Canola Complex'!AK$275:AK$277) -> 1809.5037 | E6: =SUM('[1]Canola Complex'!AK$278:AK$286,'[1]Canola Complex'!AL$275:AL$277) -> 2130.9609 | F6: =SUM('[1]Canola Complex'!AL$278:AL$286,'[1]Canola Complex'!AM$275:AM$277) -> 2105.0209 | G6: =SUM('[1]Canola Complex'!AM$278:AM$286,'[1]Canola Complex'!AN$275:AN$277) -> 2133.5465 | H6: =SUM('[1]Canola Complex'!AN$278:AN$286,'[1]Canola Complex'!AO$275:AO$277) -> 2162.5444 | I6: =SUM('[1]Canola Complex'!AO$278:AO$286,'[1]Canola Complex'!AP$275:AP$277) -> 2231.1515 | J6: =SUM('[1]Canola Complex'!AP$278:AP$286,'[1]Canola Complex'!AQ$275:AQ$277) -> 2266.5146 | ... AA6: =SUM('[1]Canola Complex'!BG$278:BG$286,'[1]Canola Complex'!BH$275:BH$277) -> 7565.0992 | AB6: =SUM('[1]Canola Complex'!BH$277:BH$285,'[1]Canola Complex'!BI$274:BI$276) -> 4032.7162 | AC6: =SUM('[1]Canola Complex'!BI$277:BI$285,'[1]Canola Complex'!BJ$274:BJ$276) -> 3895.8628 | AD6: =SUM('[1]Canola Complex'!BJ$277:BJ$285,'[1]Canola Complex'!BK$274:BK$276) -> 4328.905 | AE6: =SUM('[1]Canola Complex'!BK$277:BK$285,'[1]Canola Complex'!BL$274:BL$276) -> 4641.3444 | AF6: =SUM('[1]Canola Complex'!BL$277:BL$285,'[1]Canola Complex'!BM$274:BM$276) -> 6382.7534 | AG6: =SUM('[1]Canola Complex'!BM$277:BM$285,'[1]Canola Complex'!BN$274:BN$276) -> 7463.9024 | AH6: =SUM('[1]Canola Complex'!BN$277:BN$285,'[1]Canola Complex'!BO$274:BO$276) -> 6116.7095 | AI6: =SUM('[1]Canola Complex'!BO$277:BO$285,'[1]Canola Complex'!BP$274:BP$276) -> 6116.4422 | ... BG6: =SUM('[1]Canola Complex'!CM$277:CM$285,'[1]Canola Complex'!CN$274:CN$276) -> 12492.322 | BJ6: 4102 | BK6: 4068 | BL6: 4050 | BM6: 4338 | BN6: 4434 | BO6: 4620 | BP6: 4594 | BQ6: 4550 | BR6: 4410 | BS6: 4452
B7: Total Supply | C7: =SUM(C4:C6) -> 2527.8739 | D7: =SUM(D4:D6) -> 2611.8882 | E7: =SUM(E4:E6) -> 2920.8964 | F7: =SUM(F4:F6) -> 3022.0799 | G7: =SUM(G4:G6) -> 3326.6475 | H7: =SUM(H4:H6) -> 3488.0914 | I7: =SUM(I4:I6) -> 3723.0317 | J7: =SUM(J4:J6) -> 3840.3185 | ... BG7: =SUM(BG4:BG6) -> 17579.468 | BJ7: =AE6-BJ6 -> 539.3444 | BK7: =AF6-BK6 -> 2314.7534 | BL7: =AG6-BL6 -> 3413.9024 | BM7: =AH6-BM6 -> 1778.7095 | BN7: =AI6-BN6 -> 1682.4422 | BO7: =AJ6-BO6 -> 2101.2527 | BP7: =AK6-BP6 -> 2503.8992 | BQ7: =AL6-BQ6 -> 2957.4174 | ... BS7: =AN6-BS6 -> 3803.0157
B8: Domestic Usage | C8: =C9+C12 -> #REF! | D8: =D9+D12 -> #REF! | E8: =E9+E12 -> #REF! | F8: =F9+F12 -> #REF! | G8: =G9+G12 -> #REF! | H8: =H9+H12 -> #REF! | I8: =I9+I12 -> #REF! | J8: =J9+J12 -> #REF! | ... AA8: =AA9+AA12 -> #REF! | AB8: =AB14-AB13 -> 6624.6763 | AC8: =AC14-AC13 -> 6920.8571 | AD8: =AD14-AD13 -> 6949.0071 | AE8: =AE14-AE13 -> 7036.7419 | AF8: =AF14-AF13 -> 9459.7593 | AG8: =AG14-AG13 -> 10907.258 | AH8: =AH14-AH13 -> 9568.1739 | AI8: =AI14-AI13 -> 9712.6238 | ... BG8: =BG14-BG13 -> 17118.723
B9: Biomass-Based Diesel Production | C9: =C10+C11+#REF! -> #REF! | D9: =D10+D11+#REF! -> #REF! | E9: =E10+E11+#REF! -> #REF! | F9: =F10+F11+#REF! -> #REF! | G9: =G10+G11+#REF! -> #REF! | H9: =H10+H11+#REF! -> #REF! | I9: =I10+I11+#REF! -> #REF! | J9: =J10+J11+#REF! -> #REF! | ... AA9: =AA10+AA11+#REF! -> #REF! | AB9: =AB10+AB11 -> 1230.2569 | AC9: =AC10+AC11 -> 1217.4562 | AD9: =AD10+AD11 -> 1844.048 | AE9: =AE10+AE11 -> 1389.9613 | AF9: =AF10+AF11 -> 3382.2689 | AG9: =AG10+AG11 -> 4805.1307 | AH9: =AH10+AH11 -> 3611.3293 | AI9: =AI10+AI11 -> 3707.9015 | ... BG9: =BG10+BG11 -> 9858.9499 | BJ9: =1056 -> 1056 | BK9: 840 | BL9: 794 | BM9: 774 | BN9: 725 | BO9: 669 | BP9: 628 | BQ9: 586 | BR9: 542 | BS9: 468
B10: Biodiesel Production | C10: =SUM('[1]Canola Complex'!AI$342:AI$350,'[1]Canola Complex'!AJ$339:AJ$341) -> 0 | D10: =SUM('[1]Canola Complex'!AJ$342:AJ$350,'[1]Canola Complex'!AK$339:AK$341) -> 0 | E10: =SUM('[1]Canola Complex'!AK$342:AK$350,'[1]Canola Complex'!AL$339:AL$341) -> 0 | F10: =SUM('[1]Canola Complex'!AL$342:AL$350,'[1]Canola Complex'!AM$339:AM$341) -> 0 | G10: =SUM('[1]Canola Complex'!AM$342:AM$350,'[1]Canola Complex'!AN$339:AN$341) -> 0 | H10: =SUM('[1]Canola Complex'!AN$342:AN$350,'[1]Canola Complex'!AO$339:AO$341) -> 0 | I10: =SUM('[1]Canola Complex'!AO$342:AO$350,'[1]Canola Complex'!AP$339:AP$341) -> 0 | J10: =SUM('[1]Canola Complex'!AP$342:AP$350,'[1]Canola Complex'!AQ$339:AQ$341) -> 0 | ... AA10: =SUM('[1]Canola Complex'!BG$342:BG$350,'[1]Canola Complex'!BH$339:BH$341) -> 2481.9147 | AB10: =SUM('[1]Canola Complex'!BH$341:BH$349,'[1]Canola Complex'!BI$338:BI$340) -> 1230.2569 | AC10: =SUM('[1]Canola Complex'!BI$341:BI$349,'[1]Canola Complex'!BJ$338:BJ$340) -> 1217.4562 | AD10: =SUM('[1]Canola Complex'!BJ$341:BJ$349,'[1]Canola Complex'!BK$338:BK$340) -> 1844.048 | AE10: =SUM('[1]Canola Complex'!BK$341:BK$349,'[1]Canola Complex'!BL$338:BL$340) -> 1338.3621 | AF10: =SUM('[1]Canola Complex'!BL$341:BL$349,'[1]Canola Complex'!BM$338:BM$340) -> 1827.8696 | AG10: =SUM('[1]Canola Complex'!BM$341:BM$349,'[1]Canola Complex'!BN$338:BN$340) -> 1746.5289 | AH10: =SUM('[1]Canola Complex'!BN$341:BN$349,'[1]Canola Complex'!BO$338:BO$340) -> 1872.9249 | AI10: =SUM('[1]Canola Complex'!BO$341:BO$349,'[1]Canola Complex'!BP$338:BP$340) -> 1909.2335 | ... BG10: =SUM('[1]Canola Complex'!CM$341:CM$349,'[1]Canola Complex'!CN$338:CN$340) -> 792.60616 | BJ10: =AE10-BJ9 -> 282.36209 | BK10: =AF10-BK9 -> 987.86961 | BL10: =AG10-BL9 -> 952.52889 | BM10: =AH10-BM9 -> 1098.9249 | BN10: =AI10-BN9 -> 1184.2335 | BO10: =AJ10-BO9 -> 1099.644 | BP10: =AK10-BP9 -> 808.94249 | BQ10: =AL10-BQ9 -> 1073.8832 | ... BS10: =AN10-BS9 -> 1174.1171
B11: Renewable Diesel/SAF Production | C11: =SUM('[1]Canola Complex'!AI$358:AI$366,'[1]Canola Complex'!AJ$355:AJ$357) -> 0 | D11: =SUM('[1]Canola Complex'!AJ$358:AJ$366,'[1]Canola Complex'!AK$355:AK$357) -> 0 | E11: =SUM('[1]Canola Complex'!AK$358:AK$366,'[1]Canola Complex'!AL$355:AL$357) -> 0 | F11: =SUM('[1]Canola Complex'!AL$358:AL$366,'[1]Canola Complex'!AM$355:AM$357) -> 0 | G11: =SUM('[1]Canola Complex'!AM$358:AM$366,'[1]Canola Complex'!AN$355:AN$357) -> 0 | H11: =SUM('[1]Canola Complex'!AN$358:AN$366,'[1]Canola Complex'!AO$355:AO$357) -> 0 | I11: =SUM('[1]Canola Complex'!AO$358:AO$366,'[1]Canola Complex'!AP$355:AP$357) -> 0 | J11: =SUM('[1]Canola Complex'!AP$358:AP$366,'[1]Canola Complex'!AQ$355:AQ$357) -> 0 | ... AA11: =SUM('[1]Canola Complex'!BG$358:BG$366,'[1]Canola Complex'!BH$355:BH$357) -> 0 | AB11: =SUM('[1]Canola Complex'!BH$357:BH$365,'[1]Canola Complex'!BI$354:BI$356,'[1]Canola Complex'!BH$373:BH$381,'[1]Canola Complex'!BI$370:BI$372,'[1]Canola Complex'!BH$389:BH$397,'[1]Canola Complex'!BI$386:BI$388) -> 0 | AC11: =SUM('[1]Canola Complex'!BI$357:BI$365,'[1]Canola Complex'!BJ$354:BJ$356,'[1]Canola Complex'!BI$373:BI$381,'[1]Canola Complex'!BJ$370:BJ$372,'[1]Canola Complex'!BI$389:BI$397,'[1]Canola Complex'!BJ$386:BJ$388) -> 0 | AD11: =SUM('[1]Canola Complex'!BJ$357:BJ$365,'[1]Canola Complex'!BK$354:BK$356,'[1]Canola Complex'!BJ$373:BJ$381,'[1]Canola Complex'!BK$370:BK$372,'[1]Canola Complex'!BJ$389:BJ$397,'[1]Canola Complex'!BK$386:BK$388) -> 0 | AE11: =SUM('[1]Canola Complex'!BK$357:BK$365,'[1]Canola Complex'!BL$354:BL$356,'[1]Canola Complex'!BK$373:BK$381,'[1]Canola Complex'!BL$370:BL$372,'[1]Canola Complex'!BK$389:BK$397,'[1]Canola Complex'!BL$386:BL$388) -> 51.599195 | AF11: =SUM('[1]Canola Complex'!BL$357:BL$365,'[1]Canola Complex'!BM$354:BM$356,'[1]Canola Complex'!BL$373:BL$381,'[1]Canola Complex'!BM$370:BM$372,'[1]Canola Complex'!BL$389:BL$397,'[1]Canola Complex'!BM$386:BM$388) -> 1554.3993 | AG11: =SUM('[1]Canola Complex'!BM$357:BM$365,'[1]Canola Complex'!BN$354:BN$356,'[1]Canola Complex'!BM$373:BM$381,'[1]Canola Complex'!BN$370:BN$372,'[1]Canola Complex'!BM$389:BM$397,'[1]Canola Complex'!BN$386:BN$388) -> 3058.6018 | AH11: =SUM('[1]Canola Complex'!BN$357:BN$365,'[1]Canola Complex'!BO$354:BO$356,'[1]Canola Complex'!BN$373:BN$381,'[1]Canola Complex'!BO$370:BO$372,'[1]Canola Complex'!BN$389:BN$397,'[1]Canola Complex'!BO$386:BO$388) -> 1738.4044 | AI11: =SUM('[1]Canola Complex'!BO$357:BO$365,'[1]Canola Complex'!BP$354:BP$356,'[1]Canola Complex'!BO$373:BO$381,'[1]Canola Complex'!BP$370:BP$372,'[1]Canola Complex'!BO$389:BO$397,'[1]Canola Complex'!BP$386:BP$388) -> 1798.668 | ... BG11: =SUM('[1]Canola Complex'!CM$357:CM$365,'[1]Canola Complex'!CN$354:CN$356,'[1]Canola Complex'!CM$373:CM$381,'[1]Canola Complex'!CN$370:CN$372,'[1]Canola Complex'!CM$389:CM$397,'[1]Canola Complex'!CN$386:CN$388) -> 9066.3438
B12: Non-Biodiesel Use | C12: =SUM('[1]Canola Complex'!AI$390:AI$398,'[1]Canola Complex'!AJ$387:AJ$389) -> 0 | D12: =SUM('[1]Canola Complex'!AJ$390:AJ$398,'[1]Canola Complex'!AK$387:AK$389) -> 0 | E12: =SUM('[1]Canola Complex'!AK$390:AK$398,'[1]Canola Complex'!AL$387:AL$389) -> 0 | F12: =SUM('[1]Canola Complex'!AL$390:AL$398,'[1]Canola Complex'!AM$387:AM$389) -> 0 | G12: =SUM('[1]Canola Complex'!AM$390:AM$398,'[1]Canola Complex'!AN$387:AN$389) -> 0 | H12: =SUM('[1]Canola Complex'!AN$390:AN$398,'[1]Canola Complex'!AO$387:AO$389) -> 0 | I12: =SUM('[1]Canola Complex'!AO$390:AO$398,'[1]Canola Complex'!AP$387:AP$389) -> 0 | J12: =SUM('[1]Canola Complex'!AP$390:AP$398,'[1]Canola Complex'!AQ$387:AQ$389) -> 0 | ... AA12: =SUM('[1]Canola Complex'!BG$390:BG$398,'[1]Canola Complex'!BH$387:BH$389) -> 0 | AB12: =AB8-AB9 -> 5394.4194 | AC12: =AC8-AC9 -> 5703.4009 | AD12: =AD8-AD9 -> 5104.959 | AE12: =AE8-AE9 -> 5646.7806 | AF12: =AF8-AF9 -> 6077.4904 | AG12: =AG8-AG9 -> 6102.1271 | AH12: =AH8-AH9 -> 5956.8447 | AI12: =AI8-AI9 -> 6004.7223 | ... BG12: =BG8-BG9 -> 7259.7727 | BJ12: =AE11-#REF! -> #REF! | BK12: =AF11-#REF! -> #REF! | BL12: =AG11-#REF! -> #REF! | BM12: =AH11-#REF! -> #REF! | BN12: =AI11-#REF! -> #REF! | BO12: =AJ11-#REF! -> #REF! | BP12: =AK11-#REF! -> #REF! | BQ12: =AL11-#REF! -> #REF! | ... BS12: =AN11-#REF! -> #REF!
B13: Exports | C13: =SUM('[1]Canola Complex'!AI$294:AI$302,'[1]Canola Complex'!AJ$291:AJ$293) -> 188.69867 | D13: =SUM('[1]Canola Complex'!AJ$294:AJ$302,'[1]Canola Complex'!AK$291:AK$293) -> 294.78993 | E13: =SUM('[1]Canola Complex'!AK$294:AK$302,'[1]Canola Complex'!AL$291:AL$293) -> 295.17287 | F13: =SUM('[1]Canola Complex'!AL$294:AL$302,'[1]Canola Complex'!AM$291:AM$293) -> 558.74513 | G13: =SUM('[1]Canola Complex'!AM$294:AM$302,'[1]Canola Complex'!AN$291:AN$293) -> 630.32502 | H13: =SUM('[1]Canola Complex'!AN$294:AN$302,'[1]Canola Complex'!AO$291:AO$293) -> 465.40496 | I13: =SUM('[1]Canola Complex'!AO$294:AO$302,'[1]Canola Complex'!AP$291:AP$293) -> 541.87669 | J13: =SUM('[1]Canola Complex'!AP$294:AP$302,'[1]Canola Complex'!AQ$291:AQ$293) -> 397.90076 | ... BG13: =SUM('[1]Canola Complex'!CM$294:CM$302,'[1]Canola Complex'!CN$291:CN$293) -> 253.0798
B14: Total Use | C14: =C13+C8 -> #REF! | D14: =D13+D8 -> #REF! | E14: =E13+E8 -> #REF! | F14: =F13+F8 -> #REF! | G14: =G13+G8 -> #REF! | H14: =H13+H8 -> #REF! | I14: =I13+I8 -> #REF! | J14: =J13+J8 -> #REF! | ... AA14: =AA13+AA8 -> #REF! | AB14: =AB7-AB15 -> 7035.8762 | AC14: =AC7-AC15 -> 7421.3128 | AD14: =AD7-AD15 -> 7622.669 | AE14: =AE7-AE15 -> 7461.5904 | AF14: =AF7-AF15 -> 9837.5654 | AG14: =AG7-AG15 -> 11205.112 | AH14: =AH7-AH15 -> 9797.8036 | AI14: =AI7-AI15 -> 9951.6964 | ... BG14: =BG7-BG15 -> 17371.802 | BJ14: 4392 | BK14: 4237 | BL14: 4241 | BM14: 4202 | BN14: 4316 | BO14: 4503 | BP14: 4558 | BQ14: 4750 | BR14: 4810 | BS14: 5001
B15: Ending Stocks (December 31) | C15: ='[1]Canola Complex'!AJ$405 -> 96.311953 | D15: ='[1]Canola Complex'!AK$405 -> 90.430267 | E15: ='[1]Canola Complex'!AL$405 -> 96.428093 | F15: ='[1]Canola Complex'!AM$405 -> 94.810788 | G15: ='[1]Canola Complex'!AN$405 -> 94.618453 | H15: ='[1]Canola Complex'!AO$405 -> 140.89272 | I15: ='[1]Canola Complex'!AP$405 -> 156.98969 | J15: ='[1]Canola Complex'!AQ$405 -> 116.12368 | ... AA15: ='[1]Canola Complex'!BH$405 -> 363.95143 | AB15: ='[1]Canola Complex'!BI$420 -> 130.749 | AC15: ='[1]Canola Complex'!BJ$420 -> 164.607 | AD15: ='[1]Canola Complex'!BK$420 -> 139.171 | AE15: ='[1]Canola Complex'!BL$420 -> 190.643 | AF15: ='[1]Canola Complex'!BM$420 -> 189.724 | AG15: ='[1]Canola Complex'!BN$420 -> 126.239 | AH15: ='[1]Canola Complex'!BO$420 -> 120.78465 | AI15: ='[1]Canola Complex'!BP$420 -> 121.33408 | ... BG15: ='[1]Canola Complex'!CN$420 -> 207.66591 | BJ15: =AE12-BJ14 -> 1254.7806 | BK15: =AF12-BK14 -> 1840.4904 | BL15: =AG12-BL14 -> 1861.1271 | BM15: =AH12-BM14 -> 1754.8447 | BN15: =AI12-BN14 -> 1688.7223 | BO15: =AJ12-BO14 -> 996.77796 | BP15: =AK12-BP14 -> 1370.6718 | BQ15: =AL12-BQ14 -> 1370.4447 | ... BS15: =AN12-BS14 -> 631.89228
B16: Median Price -Los Angeles - RBD - cents per pound | U16: =MEDIAN('[1]Canola Complex'!BA$450:BA$458,'[1]Canola Complex'!BB$447:BB$449) -> 126.88065 | V16: =MEDIAN('[1]Canola Complex'!BB$450:BB$458,'[1]Canola Complex'!BC$447:BC$449) -> 97.598737 | W16: =MEDIAN('[1]Canola Complex'!BC$450:BC$458,'[1]Canola Complex'!BD$447:BD$449) -> 186.58919 | X16: =MEDIAN('[1]Canola Complex'!BD$450:BD$458,'[1]Canola Complex'!BE$447:BE$449) -> 174.9232 | Y16: =MEDIAN('[1]Canola Complex'!BE$450:BE$458,'[1]Canola Complex'!BF$447:BF$449) -> 182.99527 | Z16: =MEDIAN('[1]Canola Complex'!BF$450:BF$458,'[1]Canola Complex'!BG$447:BG$449) -> 218.989 | AA16: =MEDIAN('[1]Canola Complex'!BG$450:BG$458,'[1]Canola Complex'!BH$447:BH$449) -> 168.87 | AB16: =MEDIAN('[1]Canola Complex'!BH$466:BH$474,'[1]Canola Complex'!BI$463:BI$465) -> 39.65715 | AC16: =MEDIAN('[1]Canola Complex'!BI$466:BI$474,'[1]Canola Complex'!BJ$463:BJ$465) -> 42.50925 | AD16: =MEDIAN('[1]Canola Complex'!BJ$466:BJ$474,'[1]Canola Complex'!BK$463:BK$465) -> 87.64905 | AE16: =MEDIAN('[1]Canola Complex'!BK$466:BK$474,'[1]Canola Complex'!BL$463:BL$465) -> 96.8742 | AF16: =MEDIAN('[1]Canola Complex'!BL$466:BL$474,'[1]Canola Complex'!BM$463:BM$465) -> 73.63025 | AG16: =MEDIAN('[1]Canola Complex'!BM$466:BM$474,'[1]Canola Complex'!BN$463:BN$465) -> 55.095935 | AH16: =MEDIAN('[1]Canola Complex'!BN$466:BN$474,'[1]Canola Complex'!BO$463:BO$465) -> 56.172474 | AI16: =MEDIAN('[1]Canola Complex'!BO$466:BO$474,'[1]Canola Complex'!BP$463:BP$465) -> 54.814049 | ... BG16: =MEDIAN('[1]Canola Complex'!CM$466:CM$474,'[1]Canola Complex'!CN$463:CN$465) -> 73.353887
BJ17: =180 -> 180 | BK17: 247 | BL17: 207 | BM17: 189 | BN17: 202 | BO17: 149 | BP17: 262 | BQ17: 246 | BR17: 166 | BS17: 248
BJ18: =AE15-BJ17 -> 10.643 | BK18: =AF15-BK17 -> -57.276 | BL18: =AG15-BL17 -> -80.761 | BM18: =AH15-BM17 -> -68.215354 | BN18: =AI15-BN17 -> -80.665917 | BO18: =AJ15-BO17 -> -40.458762 | BP18: =AK15-BP17 -> -138.72025 | BQ18: =AL15-BQ17 -> -105.47434 | ... BS18: =AN15-BS17 -> -100.14407
BJ20: 62.4 | BK20: 63.9 | BL20: 65.2 | BM20: 66.1 | BN20: 68.2 | BO20: 65.3 | BP20: 61.9 | BQ20: 59.1 | BR20: 58.8 | BS20: 59.8
B21: Total Supply | C21: =C7 -> 2527.8739 | D21: =D7 -> 2611.8882 | E21: =E7 -> 2920.8964 | F21: =F7 -> 3022.0799 | G21: =G7 -> 3326.6475 | H21: =H7 -> 3488.0914 | I21: =I7 -> 3723.0317 | J21: =J7 -> 3840.3185 | ... BG21: =BG7 -> 17579.468 | BJ21: =AE16-BJ20 -> 34.4742 | BK21: =AF16-BK20 -> 9.73025 | BL21: =AG16-BL20 -> -10.104065 | BM21: =AH16-BM20 -> -9.9275263 | BN21: =AI16-BN20 -> -13.385951 | BO21: =AJ16-BO20 -> -12.328259 | BP21: =AK16-BP20 -> -9.9651552 | BQ21: =AL16-BQ20 -> -6.2610651 | ... BS21: =AN16-BS20 -> -9.4947764
B22: Ending Stocks | C22: =C15 -> 96.311953 | D22: =D15 -> 90.430267 | E22: =E15 -> 96.428093 | F22: =F15 -> 94.810788 | G22: =G15 -> 94.618453 | H22: =H15 -> 140.89272 | I22: =I15 -> 156.98969 | J22: =J15 -> 116.12368 | ... BG22: =BG15 -> 207.66591
B23: Total Use | C23: =C21-C22 -> 2431.562 | D23: =D21-D22 -> 2521.458 | E23: =E21-E22 -> 2824.4683 | F23: =F21-F22 -> 2927.2691 | G23: =G21-G22 -> 3232.029 | H23: =H21-H22 -> 3347.1986 | I23: =I21-I22 -> 3566.042 | J23: =J21-J22 -> 3724.1949 | ... BG23: =BG21-BG22 -> 17371.802
B24: Check | C24: =C23-C14 -> #REF! | D24: =D23-D14 -> #REF! | E24: =E23-E14 -> #REF! | F24: =F23-F14 -> #REF! | G24: =G23-G14 -> #REF! | H24: =H23-H14 -> #REF! | I24: =I23-I14 -> #REF! | J24: =J23-J14 -> #REF! | ... BG24: =BG23-BG14 -> 0
B25: Exports | C25: =C13 -> 188.69867 | D25: =D13 -> 294.78993 | E25: =E13 -> 295.17287 | F25: =F13 -> 558.74513 | G25: =G13 -> 630.32502 | H25: =H13 -> 465.40496 | I25: =I13 -> 541.87669 | J25: =J13 -> 397.90076 | ... BG25: =BG13 -> 253.0798
B26: Domestic Use | C26: =C23-C25 -> 2242.8633 | D26: =D23-D25 -> 2226.668 | E26: =E23-E25 -> 2529.2955 | F26: =F23-F25 -> 2368.524 | G26: =G23-G25 -> 2601.704 | H26: =H23-H25 -> 2881.7937 | I26: =I23-I25 -> 3024.1653 | J26: =J23-J25 -> 3326.2941 | ... BG26: =BG23-BG25 -> 17118.723
B27: Check | C27: =C26-C8 -> #REF! | D27: =D26-D8 -> #REF! | E27: =E26-E8 -> #REF! | F27: =F26-F8 -> #REF! | G27: =G26-G8 -> #REF! | H27: =H26-H8 -> #REF! | I27: =I26-I8 -> #REF! | J27: =J26-J8 -> #REF! | ... BG27: =BG26-BG8 -> 0
B28: Biodiesel Use | C28: =C9 -> #REF! | D28: =D9 -> #REF! | E28: =E9 -> #REF! | F28: =F9 -> #REF! | G28: =G9 -> #REF! | H28: =H9 -> #REF! | I28: =I9 -> #REF! | J28: =J9 -> #REF! | ... BG28: =BG9 -> 9858.9499
B29: Non-Biodiesel Use | C29: =C26-C28 -> #REF! | D29: =D26-D28 -> #REF! | E29: =E26-E28 -> #REF! | F29: =F26-F28 -> #REF! | G29: =G26-G28 -> #REF! | H29: =H26-H28 -> #REF! | I29: =I26-I28 -> #REF! | J29: =J26-J28 -> #REF! | ... BG29: =BG26-BG28 -> 7259.7727
B30: Check | C30: =C29-C12 -> #REF! | D30: =D29-D12 -> #REF! | E30: =E29-E12 -> #REF! | F30: =F29-F12 -> #REF! | G30: =G29-G12 -> #REF! | H30: =H29-H12 -> #REF! | I30: =I29-I12 -> #REF! | J30: =J29-J12 -> #REF! | ... BG30: =BG29-BG12 -> 0

Sheet DCO
B2: US DISTILLERS' CORN OIL SUPPLY AND DEMAND (million pounds)
C3: =SBO!C3 -> 1994 | D3: =SBO!D3 -> 1995 | E3: =SBO!E3 -> 1996 | F3: =SBO!F3 -> 1997 | G3: =SBO!G3 -> 1998 | H3: =SBO!H3 -> 1999 | I3: =SBO!I3 -> 2000 | J3: =SBO!J3 -> 2001 | ... BG3: =SBO!BG3 -> 2050
B4: Beginning Stocks (January 1) | S4: ='[1]Distillers'' Corn Oil Complex'!R$169 -> 47.357757 | T4: ='[1]Distillers'' Corn Oil Complex'!S$169 -> 50.252368 | U4: ='[1]Distillers'' Corn Oil Complex'!T$169 -> 70.775048 | V4: ='[1]Distillers'' Corn Oil Complex'!U$169 -> 13.915572 | W4: ='[1]Distillers'' Corn Oil Complex'!V$169 -> 12.892924 | X4: ='[1]Distillers'' Corn Oil Complex'!W$169 -> 90.570316 | Y4: ='[1]Distillers'' Corn Oil Complex'!X$169 -> 50.125158 | Z4: ='[1]Distillers'' Corn Oil Complex'!Y$169 -> 42.517224 | AA4: ='[1]Distillers'' Corn Oil Complex'!Z$169 -> 139.37484 | AB4: ='[1]Distillers'' Corn Oil Complex'!AA$185 -> 111.34637 | AC4: ='[1]Distillers'' Corn Oil Complex'!AB$185 -> 119.89455 | AD4: ='[1]Distillers'' Corn Oil Complex'!AC$185 -> 119.65591 | AE4: ='[1]Distillers'' Corn Oil Complex'!AD$185 -> 121.21614 | AF4: ='[1]Distillers'' Corn Oil Complex'!AE$185 -> 122.28266 | AG4: ='[1]Distillers'' Corn Oil Complex'!AF$185 -> 92.822827 | AH4: ='[1]Distillers'' Corn Oil Complex'!AG$185 -> 87.96509 | AI4: ='[1]Distillers'' Corn Oil Complex'!AH$185 -> 180.14568 | ... BG4: ='[1]Distillers'' Corn Oil Complex'!BF$185 -> 3262.7642
B5: Production | S5: =SUM('[1]Distillers'' Corn Oil Complex'!R$26:R$34,'[1]Distillers'' Corn Oil Complex'!S$23:S$25) -> 1028.0111 | T5: =SUM('[1]Distillers'' Corn Oil Complex'!S$26:S$34,'[1]Distillers'' Corn Oil Complex'!T$23:T$25) -> 1350.8958 | U5: =SUM('[1]Distillers'' Corn Oil Complex'!T$26:T$34,'[1]Distillers'' Corn Oil Complex'!U$23:U$25) -> 1559.1827 | V5: =SUM('[1]Distillers'' Corn Oil Complex'!U$26:U$34,'[1]Distillers'' Corn Oil Complex'!V$23:V$25) -> 1877.4406 | W5: =SUM('[1]Distillers'' Corn Oil Complex'!V$26:V$34,'[1]Distillers'' Corn Oil Complex'!W$23:W$25) -> 2445.9969 | X5: =SUM('[1]Distillers'' Corn Oil Complex'!W$26:W$34,'[1]Distillers'' Corn Oil Complex'!X$23:X$25) -> 2770.8938 | Y5: =SUM('[1]Distillers'' Corn Oil Complex'!X$26:X$34,'[1]Distillers'' Corn Oil Complex'!Y$23:Y$25) -> 3318.7547 | Z5: =SUM('[1]Distillers'' Corn Oil Complex'!Y$26:Y$34,'[1]Distillers'' Corn Oil Complex'!Z$23:Z$25) -> 3866.6688 | ... BG5: =SUM('[1]Distillers'' Corn Oil Complex'!BF$26:BF$34,'[1]Distillers'' Corn Oil Complex'!BG$23:BG$25) -> 8829.9871
B6: Imports | S6: =SUM('[1]Distillers'' Corn Oil Complex'!R$42:R$50,'[1]Distillers'' Corn Oil Complex'!S$39:S$41) -> 0 | T6: =SUM('[1]Distillers'' Corn Oil Complex'!S$42:S$50,'[1]Distillers'' Corn Oil Complex'!T$39:T$41) -> 0 | U6: =SUM('[1]Distillers'' Corn Oil Complex'!T$42:T$50,'[1]Distillers'' Corn Oil Complex'!U$39:U$41) -> 0 | V6: =SUM('[1]Distillers'' Corn Oil Complex'!U$42:U$50,'[1]Distillers'' Corn Oil Complex'!V$39:V$41) -> 0 | W6: =SUM('[1]Distillers'' Corn Oil Complex'!V$42:V$50,'[1]Distillers'' Corn Oil Complex'!W$39:W$41) -> 0 | X6: =SUM('[1]Distillers'' Corn Oil Complex'!W$42:W$50,'[1]Distillers'' Corn Oil Complex'!X$39:X$41) -> 0 | Y6: =SUM('[1]Distillers'' Corn Oil Complex'!X$42:X$50,'[1]Distillers'' Corn Oil Complex'!Y$39:Y$41) -> 0 | Z6: =SUM('[1]Distillers'' Corn Oil Complex'!Y$42:Y$50,'[1]Distillers'' Corn Oil Complex'!Z$39:Z$41) -> 0 | ... BG6: =SUM('[1]Distillers'' Corn Oil Complex'!BF$42:BF$50,'[1]Distillers'' Corn Oil Complex'!BG$39:BG$41) -> 0
B7: Total Supply | S7: =SUM(S4:S6) -> 1075.3689 | T7: =SUM(T4:T6) -> 1401.1482 | U7: =SUM(U4:U6) -> 1629.9578 | V7: =SUM(V4:V6) -> 1891.3562 | W7: =SUM(W4:W6) -> 2458.8898 | X7: =SUM(X4:X6) -> 2861.4641 | Y7: =SUM(Y4:Y6) -> 3368.8799 | Z7: =SUM(Z4:Z6) -> 3909.186 | ... BG7: =SUM(BG4:BG6) -> 12092.751
B8: Domestic Usage | S8: =S9+S12 -> #REF! | T8: =T9+T12 -> #REF! | U8: =U9+U12 -> #REF! | V8: =V9+V12 -> #REF! | W8: =W9+W12 -> #REF! | X8: =X9+X12 -> #REF! | Y8: =Y9+Y12 -> #REF! | Z8: =Z9+Z12 -> #REF! | AA8: =AA9+AA12 -> #REF! | AB8: =AB14-AB13 -> 3884.6802 | AC8: =AC14-AC13 -> 3628.6472 | AD8: =AD14-AD13 -> 3896.9517 | AE8: =AE14-AE13 -> 3960.3856 | AF8: =AF14-AF13 -> 4205.2901 | AG8: =AG14-AG13 -> 4427.7732 | AH8: =AH14-AH13 -> 4349.2453 | AI8: =AI14-AI13 -> 4344.5156 | ... BG8: =BG14-BG13 -> 8568.8415
B9: Biomass-Based Diesel Production | S9: =S10+S11+#REF! -> #REF! | T9: =T10+T11+#REF! -> #REF! | U9: =U10+U11+#REF! -> #REF! | V9: =V10+V11+#REF! -> #REF! | W9: =W10+W11+#REF! -> #REF! | X9: =X10+X11+#REF! -> #REF! | Y9: =Y10+Y11+#REF! -> #REF! | Z9: =Z10+Z11+#REF! -> #REF! | AA9: =AA10+AA11+#REF! -> #REF! | AB9: =AB10+AB11 -> 3143.9532 | AC9: =AC10+AC11 -> 2917.1806 | AD9: =AD10+AD11 -> 2844.2743 | AE9: =AE10+AE11 -> 3697.3998 | AF9: =AF10+AF11 -> 4248.4126 | AG9: =AG10+AG11 -> 4399.619 | AH9: =AH10+AH11 -> 4168.7262 | AI9: =AI10+AI11 -> 4023.6062 | ... BG9: =BG10+BG11 -> 4230.2322
B10: Biodiesel Production | S10: =SUM('[1]Distillers'' Corn Oil Complex'!R$106:R$114,'[1]Distillers'' Corn Oil Complex'!S$103:S$105) -> 112 | T10: =SUM('[1]Distillers'' Corn Oil Complex'!S$106:S$114,'[1]Distillers'' Corn Oil Complex'!T$103:T$105) -> 305 | U10: =SUM('[1]Distillers'' Corn Oil Complex'!T$106:T$114,'[1]Distillers'' Corn Oil Complex'!U$103:U$105) -> 645 | V10: =SUM('[1]Distillers'' Corn Oil Complex'!U$106:U$114,'[1]Distillers'' Corn Oil Complex'!V$103:V$105) -> 1066 | W10: =SUM('[1]Distillers'' Corn Oil Complex'!V$106:V$114,'[1]Distillers'' Corn Oil Complex'!W$103:W$105) -> 970.31 | X10: =SUM('[1]Distillers'' Corn Oil Complex'!W$106:W$114,'[1]Distillers'' Corn Oil Complex'!X$103:X$105) -> 1044 | Y10: =SUM('[1]Distillers'' Corn Oil Complex'!X$106:X$114,'[1]Distillers'' Corn Oil Complex'!Y$103:Y$105) -> 1306.38 | Z10: =SUM('[1]Distillers'' Corn Oil Complex'!Y$106:Y$114,'[1]Distillers'' Corn Oil Complex'!Z$103:Z$105) -> 1578.93 | ... BG10: =SUM('[1]Distillers'' Corn Oil Complex'!BF$106:BF$114,'[1]Distillers'' Corn Oil Complex'!BG$103:BG$105) -> 106.79563
B11: Renewable Diesel/SAF Production | S11: =SUM('[1]Distillers'' Corn Oil Complex'!R$122:R$130,'[1]Distillers'' Corn Oil Complex'!S$119:S$121)+SUM('[1]Distillers'' Corn Oil Complex'!R$326:R$334,'[1]Distillers'' Corn Oil Complex'!S$323:S$325) -> 0 | T11: =SUM('[1]Distillers'' Corn Oil Complex'!S$122:S$130,'[1]Distillers'' Corn Oil Complex'!T$119:T$121)+SUM('[1]Distillers'' Corn Oil Complex'!S$326:S$334,'[1]Distillers'' Corn Oil Complex'!T$323:T$325) -> 48.990155 | U11: =SUM('[1]Distillers'' Corn Oil Complex'!T$122:T$130,'[1]Distillers'' Corn Oil Complex'!U$119:U$121)+SUM('[1]Distillers'' Corn Oil Complex'!T$326:T$334,'[1]Distillers'' Corn Oil Complex'!U$323:U$325) -> 131.23175 | V11: =SUM('[1]Distillers'' Corn Oil Complex'!U$122:U$130,'[1]Distillers'' Corn Oil Complex'!V$119:V$121)+SUM('[1]Distillers'' Corn Oil Complex'!U$326:U$334,'[1]Distillers'' Corn Oil Complex'!V$323:V$325) -> 235.09257 | W11: =SUM('[1]Distillers'' Corn Oil Complex'!V$122:V$130,'[1]Distillers'' Corn Oil Complex'!W$119:W$121)+SUM('[1]Distillers'' Corn Oil Complex'!V$326:V$334,'[1]Distillers'' Corn Oil Complex'!W$323:W$325) -> 494.40139 | X11: =SUM('[1]Distillers'' Corn Oil Complex'!W$122:W$130,'[1]Distillers'' Corn Oil Complex'!X$119:X$121)+SUM('[1]Distillers'' Corn Oil Complex'!W$326:W$334,'[1]Distillers'' Corn Oil Complex'!X$323:X$325) -> 1574.4437 | Y11: =SUM('[1]Distillers'' Corn Oil Complex'!X$122:X$130,'[1]Distillers'' Corn Oil Complex'!Y$119:Y$121)+SUM('[1]Distillers'' Corn Oil Complex'!X$326:X$334,'[1]Distillers'' Corn Oil Complex'!Y$323:Y$325) -> 1515.3294 | Z11: =SUM('[1]Distillers'' Corn Oil Complex'!Y$122:Y$130,'[1]Distillers'' Corn Oil Complex'!Z$119:Z$121)+SUM('[1]Distillers'' Corn Oil Complex'!Y$326:Y$334,'[1]Distillers'' Corn Oil Complex'!Z$323:Z$325) -> 1316.0989 | AA11: =SUM('[1]Distillers'' Corn Oil Complex'!Z$122:Z$130,'[1]Distillers'' Corn Oil Complex'!AA$119:AA$121)+SUM('[1]Distillers'' Corn Oil Complex'!Z$326:Z$334,'[1]Distillers'' Corn Oil Complex'!AA$323:AA$325) -> 996.12317 | AB11: =SUM('[1]Distillers'' Corn Oil Complex'!AA$122:AA$130,'[1]Distillers'' Corn Oil Complex'!AB$119:AB$121)+SUM('[1]Distillers'' Corn Oil Complex'!AA$326:AA$334,'[1]Distillers'' Corn Oil Complex'!AB$323:AB$325,'[1]Distillers'' Corn Oil Complex'!AA$138:AA$146,'[1]Distillers'' Corn Oil Complex'!AB$135:AB$137) -> 1384.2332 | AC11: =SUM('[1]Distillers'' Corn Oil Complex'!AB$122:AB$130,'[1]Distillers'' Corn Oil Complex'!AC$119:AC$121)+SUM('[1]Distillers'' Corn Oil Complex'!AB$326:AB$334,'[1]Distillers'' Corn Oil Complex'!AC$323:AC$325,'[1]Distillers'' Corn Oil Complex'!AB$138:AB$146,'[1]Distillers'' Corn Oil Complex'!AC$135:AC$137) -> 1400.5006 | AD11: =SUM('[1]Distillers'' Corn Oil Complex'!AC$122:AC$130,'[1]Distillers'' Corn Oil Complex'!AD$119:AD$121)+SUM('[1]Distillers'' Corn Oil Complex'!AC$326:AC$334,'[1]Distillers'' Corn Oil Complex'!AD$323:AD$325,'[1]Distillers'' Corn Oil Complex'!AC$138:AC$146,'[1]Distillers'' Corn Oil Complex'!AD$135:AD$137) -> 1465.633 | AE11: =SUM('[1]Distillers'' Corn Oil Complex'!AD$122:AD$130,'[1]Distillers'' Corn Oil Complex'!AE$119:AE$121)+SUM('[1]Distillers'' Corn Oil Complex'!AD$326:AD$334,'[1]Distillers'' Corn Oil Complex'!AE$323:AE$325,'[1]Distillers'' Corn Oil Complex'!AD$138:AD$146,'[1]Distillers'' Corn Oil Complex'!AE$135:AE$137) -> 1990.9855 | AF11: =SUM('[1]Distillers'' Corn Oil Complex'!AE$122:AE$130,'[1]Distillers'' Corn Oil Complex'!AF$119:AF$121)+SUM('[1]Distillers'' Corn Oil Complex'!AE$326:AE$334,'[1]Distillers'' Corn Oil Complex'!AF$323:AF$325,'[1]Distillers'' Corn Oil Complex'!AE$138:AE$146,'[1]Distillers'' Corn Oil Complex'!AF$135:AF$137) -> 3201.1796 | AG11: =SUM('[1]Distillers'' Corn Oil Complex'!AF$122:AF$130,'[1]Distillers'' Corn Oil Complex'!AG$119:AG$121)+SUM('[1]Distillers'' Corn Oil Complex'!AF$326:AF$334,'[1]Distillers'' Corn Oil Complex'!AG$323:AG$325,'[1]Distillers'' Corn Oil Complex'!AF$138:AF$146,'[1]Distillers'' Corn Oil Complex'!AG$135:AG$137) -> 3474.6784 | AH11: =SUM('[1]Distillers'' Corn Oil Complex'!AG$122:AG$130,'[1]Distillers'' Corn Oil Complex'!AH$119:AH$121)+SUM('[1]Distillers'' Corn Oil Complex'!AG$326:AG$334,'[1]Distillers'' Corn Oil Complex'!AH$323:AH$325,'[1]Distillers'' Corn Oil Complex'!AG$138:AG$146,'[1]Distillers'' Corn Oil Complex'!AH$135:AH$137) -> 3140.592 | AI11: =SUM('[1]Distillers'' Corn Oil Complex'!AH$122:AH$130,'[1]Distillers'' Corn Oil Complex'!AI$119:AI$121)+SUM('[1]Distillers'' Corn Oil Complex'!AH$326:AH$334,'[1]Distillers'' Corn Oil Complex'!AI$323:AI$325,'[1]Distillers'' Corn Oil Complex'!AH$138:AH$146,'[1]Distillers'' Corn Oil Complex'!AI$135:AI$137) -> 3170.2922 | ... BG11: =SUM('[1]Distillers'' Corn Oil Complex'!BF$122:BF$130,'[1]Distillers'' Corn Oil Complex'!BG$119:BG$121)+SUM('[1]Distillers'' Corn Oil Complex'!BF$326:BF$334,'[1]Distillers'' Corn Oil Complex'!BG$323:BG$325,'[1]Distillers'' Corn Oil Complex'!BF$138:BF$146,'[1]Distillers'' Corn Oil Complex'!BG$135:BG$137) -> 4123.4366
B12: Non-Biodiesel Use | S12: =SUM('[1]Distillers'' Corn Oil Complex'!R$154:R$162,'[1]Distillers'' Corn Oil Complex'!S$151:S$153) -> 0 | T12: =SUM('[1]Distillers'' Corn Oil Complex'!S$154:S$162,'[1]Distillers'' Corn Oil Complex'!T$151:T$153) -> 0 | U12: =SUM('[1]Distillers'' Corn Oil Complex'!T$154:T$162,'[1]Distillers'' Corn Oil Complex'!U$151:U$153) -> 0 | V12: =SUM('[1]Distillers'' Corn Oil Complex'!U$154:U$162,'[1]Distillers'' Corn Oil Complex'!V$151:V$153) -> 0 | W12: =SUM('[1]Distillers'' Corn Oil Complex'!V$154:V$162,'[1]Distillers'' Corn Oil Complex'!W$151:W$153) -> 0 | X12: =SUM('[1]Distillers'' Corn Oil Complex'!W$154:W$162,'[1]Distillers'' Corn Oil Complex'!X$151:X$153) -> 0 | Y12: =SUM('[1]Distillers'' Corn Oil Complex'!X$154:X$162,'[1]Distillers'' Corn Oil Complex'!Y$151:Y$153) -> 0 | Z12: =SUM('[1]Distillers'' Corn Oil Complex'!Y$154:Y$162,'[1]Distillers'' Corn Oil Complex'!Z$151:Z$153) -> 0.97812173 | AA12: =SUM('[1]Distillers'' Corn Oil Complex'!Z$154:Z$162,'[1]Distillers'' Corn Oil Complex'!AA$151:AA$153) -> 4.2087967 | AB12: =AB8-AB9 -> 740.72703 | AC12: =AC8-AC9 -> 711.46665 | AD12: =AD8-AD9 -> 1052.6775 | AE12: =AE8-AE9 -> 262.98579 | AF12: =AF8-AF9 -> -43.122432 | AG12: =AG8-AG9 -> 28.154216 | AH12: =AH8-AH9 -> 180.51908 | AI12: =AI8-AI9 -> 320.90941 | ... BG12: =BG8-BG9 -> 4338.6093 | BK12: Increase in percentage of all veg diet from 2016 - 2020 then steady
B13: Exports | S13: =SUM('[1]Distillers'' Corn Oil Complex'!R$58:R$66,'[1]Distillers'' Corn Oil Complex'!S$55:S$57) -> 197.46182 | T13: =SUM('[1]Distillers'' Corn Oil Complex'!S$58:S$66,'[1]Distillers'' Corn Oil Complex'!T$55:T$57) -> 207.83302 | U13: =SUM('[1]Distillers'' Corn Oil Complex'!T$58:T$66,'[1]Distillers'' Corn Oil Complex'!U$55:U$57) -> 432.39251 | V13: =SUM('[1]Distillers'' Corn Oil Complex'!U$58:U$66,'[1]Distillers'' Corn Oil Complex'!V$55:V$57) -> 302.20319 | W13: =SUM('[1]Distillers'' Corn Oil Complex'!V$58:V$66,'[1]Distillers'' Corn Oil Complex'!W$55:W$57) -> 209.58195 | X13: =SUM('[1]Distillers'' Corn Oil Complex'!W$58:W$66,'[1]Distillers'' Corn Oil Complex'!X$55:X$57) -> 302.77066 | Y13: =SUM('[1]Distillers'' Corn Oil Complex'!X$58:X$66,'[1]Distillers'' Corn Oil Complex'!Y$55:Y$57) -> 435.85179 | Z13: =SUM('[1]Distillers'' Corn Oil Complex'!Y$58:Y$66,'[1]Distillers'' Corn Oil Complex'!Z$55:Z$57) -> 372.62411 | ... BG13: =SUM('[1]Distillers'' Corn Oil Complex'!BF$58:BF$66,'[1]Distillers'' Corn Oil Complex'!BG$55:BG$57) -> 16.21321 | BK13: Maybe add Spain - don’t know about Saudi Arabia
B14: Total Use | S14: =S13+S8 -> #REF! | T14: =T13+T8 -> #REF! | U14: =U13+U8 -> #REF! | V14: =V13+V8 -> #REF! | W14: =W13+W8 -> #REF! | X14: =X13+X8 -> #REF! | Y14: =Y13+Y8 -> #REF! | Z14: =Z13+Z8 -> #REF! | AA14: =AA13+AA8 -> #REF! | AB14: =AB7-AB15 -> 4116.4175 | AC14: =AC7-AC15 -> 3809.7494 | AD14: =AD7-AD15 -> 4095.4675 | AE14: =AE7-AE15 -> 4102.6587 | AF14: =AF7-AF15 -> 4278.0689 | AG14: =AG7-AG15 -> 4461.112 | AH14: =AH7-AH15 -> 4386.0559 | AI14: =AI7-AI15 -> 4354.8257 | ... BG14: =BG7-BG15 -> 8585.0548
B15: Ending Stocks (December 31) | S15: ='[1]Distillers'' Corn Oil Complex'!S$169 -> 50.252368 | T15: ='[1]Distillers'' Corn Oil Complex'!T$169 -> 70.775048 | U15: ='[1]Distillers'' Corn Oil Complex'!U$169 -> 13.915572 | V15: ='[1]Distillers'' Corn Oil Complex'!V$169 -> 12.892924 | W15: ='[1]Distillers'' Corn Oil Complex'!W$169 -> 90.570316 | X15: ='[1]Distillers'' Corn Oil Complex'!X$169 -> 50.125158 | Y15: ='[1]Distillers'' Corn Oil Complex'!Y$169 -> 42.517224 | Z15: ='[1]Distillers'' Corn Oil Complex'!Z$169 -> 139.37484 | AA15: ='[1]Distillers'' Corn Oil Complex'!AA$169 -> 63.384038 | AB15: ='[1]Distillers'' Corn Oil Complex'!AB$185 -> 119.89455 | AC15: ='[1]Distillers'' Corn Oil Complex'!AC$185 -> 119.65591 | AD15: ='[1]Distillers'' Corn Oil Complex'!AD$185 -> 121.21614 | AE15: ='[1]Distillers'' Corn Oil Complex'!AE$185 -> 122.28266 | AF15: ='[1]Distillers'' Corn Oil Complex'!AF$185 -> 92.822827 | AG15: ='[1]Distillers'' Corn Oil Complex'!AG$185 -> 87.96509 | AH15: ='[1]Distillers'' Corn Oil Complex'!AH$185 -> 180.14568 | AI15: ='[1]Distillers'' Corn Oil Complex'!AI$185 -> 324.60361 | ... BG15: ='[1]Distillers'' Corn Oil Complex'!BG$185 -> 3507.6965 | BK15: Get down to 70s
B16: Median Price - Illinois/Wisconsin - cents per pound | AA16: =MEDIAN('[1]Distillers'' Corn Oil Complex'!Z$201:Z$209,'[1]Distillers'' Corn Oil Complex'!AA$198:AA$200) -> 30.7619 | AB16: =MEDIAN('[1]Distillers'' Corn Oil Complex'!AA$217:AA$225,'[1]Distillers'' Corn Oil Complex'!AB$214:AB$216) -> 24.601604 | AC16: =MEDIAN('[1]Distillers'' Corn Oil Complex'!AB$217:AB$225,'[1]Distillers'' Corn Oil Complex'!AC$214:AC$216) -> 27.87201 | AD16: =MEDIAN('[1]Distillers'' Corn Oil Complex'!AC$217:AC$225,'[1]Distillers'' Corn Oil Complex'!AD$214:AD$216) -> 53.803571 | AE16: =MEDIAN('[1]Distillers'' Corn Oil Complex'!AD$217:AD$225,'[1]Distillers'' Corn Oil Complex'!AE$214:AE$216) -> 73.953008 | AF16: =MEDIAN('[1]Distillers'' Corn Oil Complex'!AE$217:AE$225,'[1]Distillers'' Corn Oil Complex'!AF$214:AF$216) -> 57.630909 | AG16: =MEDIAN('[1]Distillers'' Corn Oil Complex'!AF$217:AF$225,'[1]Distillers'' Corn Oil Complex'!AG$214:AG$216) -> 43.204506 | AH16: =MEDIAN('[1]Distillers'' Corn Oil Complex'!AG$217:AG$225,'[1]Distillers'' Corn Oil Complex'!AH$214:AH$216) -> 48.917243 | AI16: =MEDIAN('[1]Distillers'' Corn Oil Complex'!AH$217:AH$225,'[1]Distillers'' Corn Oil Complex'!AI$214:AI$216) -> 41.125 | ... BG16: =MEDIAN('[1]Distillers'' Corn Oil Complex'!BF$217:BF$225,'[1]Distillers'' Corn Oil Complex'!BG$214:BG$216) -> #NUM!
B21: Total Supply | S21: =S7 -> 1075.3689 | T21: =T7 -> 1401.1482 | U21: =U7 -> 1629.9578 | V21: =V7 -> 1891.3562 | W21: =W7 -> 2458.8898 | X21: =X7 -> 2861.4641 | Y21: =Y7 -> 3368.8799 | Z21: =Z7 -> 3909.186 | ... BG21: =BG7 -> 12092.751
B22: Ending Stocks | S22: =S15 -> 50.252368 | T22: =T15 -> 70.775048 | U22: =U15 -> 13.915572 | V22: =V15 -> 12.892924 | W22: =W15 -> 90.570316 | X22: =X15 -> 50.125158 | Y22: =Y15 -> 42.517224 | Z22: =Z15 -> 139.37484 | ... BG22: =BG15 -> 3507.6965
B23: Total Use | S23: =S21-S22 -> 1025.1165 | T23: =T21-T22 -> 1330.3731 | U23: =U21-U22 -> 1616.0422 | V23: =V21-V22 -> 1878.4633 | W23: =W21-W22 -> 2368.3195 | X23: =X21-X22 -> 2811.339 | Y23: =Y21-Y22 -> 3326.3626 | Z23: =Z21-Z22 -> 3769.8112 | ... BG23: =BG21-BG22 -> 8585.0548
B24: Check | S24: =S23-S14 -> #REF! | T24: =T23-T14 -> #REF! | U24: =U23-U14 -> #REF! | V24: =V23-V14 -> #REF! | W24: =W23-W14 -> #REF! | X24: =X23-X14 -> #REF! | Y24: =Y23-Y14 -> #REF! | Z24: =Z23-Z14 -> #REF! | ... BG24: =BG23-BG14 -> 0
B25: Exports | S25: =S13 -> 197.46182 | T25: =T13 -> 207.83302 | U25: =U13 -> 432.39251 | V25: =V13 -> 302.20319 | W25: =W13 -> 209.58195 | X25: =X13 -> 302.77066 | Y25: =Y13 -> 435.85179 | Z25: =Z13 -> 372.62411 | ... BG25: =BG13 -> 16.21321
B26: Domestic Use | S26: =S23-S25 -> 827.65471 | T26: =T23-T25 -> 1122.5401 | U26: =U23-U25 -> 1183.6497 | V26: =V23-V25 -> 1576.2601 | W26: =W23-W25 -> 2158.7375 | X26: =X23-X25 -> 2508.5683 | Y26: =Y23-Y25 -> 2890.5109 | Z26: =Z23-Z25 -> 3397.187 | ... BG26: =BG23-BG25 -> 8568.8415
B27: Check | S27: =S26-S8 -> #REF! | T27: =T26-T8 -> #REF! | U27: =U26-U8 -> #REF! | V27: =V26-V8 -> #REF! | W27: =W26-W8 -> #REF! | X27: =X26-X8 -> #REF! | Y27: =Y26-Y8 -> #REF! | Z27: =Z26-Z8 -> #REF! | ... BG27: =BG26-BG8 -> 0
B28: Biodiesel Use | S28: =S9 -> #REF! | T28: =T9 -> #REF! | U28: =U9 -> #REF! | V28: =V9 -> #REF! | W28: =W9 -> #REF! | X28: =X9 -> #REF! | Y28: =Y9 -> #REF! | Z28: =Z9 -> #REF! | ... BG28: =BG9 -> 4230.2322
B29: Non-Biodiesel Use | S29: =S26-S28 -> #REF! | T29: =T26-T28 -> #REF! | U29: =U26-U28 -> #REF! | V29: =V26-V28 -> #REF! | W29: =W26-W28 -> #REF! | X29: =X26-X28 -> #REF! | Y29: =Y26-Y28 -> #REF! | Z29: =Z26-Z28 -> #REF! | ... BG29: =BG26-BG28 -> 4338.6093
B30: Check | S30: =S29-S12 -> #REF! | T30: =T29-T12 -> #REF! | U30: =U29-U12 -> #REF! | V30: =V29-V12 -> #REF! | W30: =W29-W12 -> #REF! | X30: =X29-X12 -> #REF! | Y30: =Y29-Y12 -> #REF! | Z30: =Z29-Z12 -> #REF! | ... BG30: =BG29-BG12 -> 0
U32: =U8*0.35 -> #REF! | V32: =V8*0.35 -> #REF! | W32: =W8*0.35 -> #REF! | X32: =X8*0.35 -> #REF! | Y32: =Y8*0.35 -> #REF! | Z32: =Z8*0.35 -> #REF! | AA32: =AA8*0.35 -> #REF! | AB32: =AB8*0.35 -> 1359.6381 | AC32: =AC8*0.35 -> 1270.0265

Sheet Inedible Tallow
B2: US INEDIBLE TALLOW SUPPLY AND DEMAND (million pounds)
C3: =SBO!C3 -> 1994 | D3: =SBO!D3 -> 1995 | E3: =SBO!E3 -> 1996 | F3: =SBO!F3 -> 1997 | G3: =SBO!G3 -> 1998 | H3: =SBO!H3 -> 1999 | I3: =SBO!I3 -> 2000 | J3: =SBO!J3 -> 2001 | ... BG3: =SBO!BG3 -> 2050
B4: Beginning Stocks (January 1) | C4: ='[1]Inedible Tallow Complex'!B$200 -> #REF! | D4: ='[1]Inedible Tallow Complex'!C$200 -> #REF! | E4: ='[1]Inedible Tallow Complex'!D$200 -> #REF! | F4: ='[1]Inedible Tallow Complex'!E$200 -> #REF! | G4: ='[1]Inedible Tallow Complex'!F$200 -> #REF! | H4: ='[1]Inedible Tallow Complex'!G$200 -> #REF! | I4: ='[1]Inedible Tallow Complex'!H$200 -> #REF! | J4: ='[1]Inedible Tallow Complex'!I$200 -> #REF! | ... AA4: ='[1]Inedible Tallow Complex'!Z$200 -> #REF! | AB4: ='[1]Inedible Tallow Complex'!AA$216 -> 106.214 | AC4: ='[1]Inedible Tallow Complex'!AB$216 -> 100.782 | AD4: ='[1]Inedible Tallow Complex'!AC$216 -> 90.847 | AE4: ='[1]Inedible Tallow Complex'!AD$216 -> 93 | AF4: ='[1]Inedible Tallow Complex'!AE$216 -> 119.997 | AG4: ='[1]Inedible Tallow Complex'!AF$216 -> 82.706 | AH4: ='[1]Inedible Tallow Complex'!AG$216 -> 65.438 | AI4: ='[1]Inedible Tallow Complex'!AH$216 -> 318.30876 | ... BG4: ='[1]Inedible Tallow Complex'!BF$216 -> 22460.038
B5: Production | C5: =SUM('[1]Inedible Tallow Complex'!B$25:B$33,'[1]Inedible Tallow Complex'!C$22:C$24) -> 3711.3 | D5: =SUM('[1]Inedible Tallow Complex'!C$25:C$33,'[1]Inedible Tallow Complex'!D$22:D$24) -> 3754.3 | E5: =SUM('[1]Inedible Tallow Complex'!D$25:D$33,'[1]Inedible Tallow Complex'!E$22:E$24) -> 3566.3 | F5: =SUM('[1]Inedible Tallow Complex'!E$25:E$33,'[1]Inedible Tallow Complex'!F$22:F$24) -> 3504.4 | G5: =SUM('[1]Inedible Tallow Complex'!F$25:F$33,'[1]Inedible Tallow Complex'!G$22:G$24) -> 3611.6 | H5: =SUM('[1]Inedible Tallow Complex'!G$25:G$33,'[1]Inedible Tallow Complex'!H$22:H$24) -> 3859.1 | I5: =SUM('[1]Inedible Tallow Complex'!H$25:H$33,'[1]Inedible Tallow Complex'!I$22:I$24) -> 3673.4 | J5: =SUM('[1]Inedible Tallow Complex'!I$25:I$33,'[1]Inedible Tallow Complex'!J$22:J$24) -> 3448.6 | ... BG5: =SUM('[1]Inedible Tallow Complex'!BF$25:BF$33,'[1]Inedible Tallow Complex'!BG$22:BG$24) -> 3567.0079 | BL5: 3.9 in 2020 and 3.82 in 2021
B6: Imports | C6: =SUM('[1]Inedible Tallow Complex'!B$41:B$49,'[1]Inedible Tallow Complex'!C$38:C$40) -> 35.006531 | D6: =SUM('[1]Inedible Tallow Complex'!C$41:C$49,'[1]Inedible Tallow Complex'!D$38:D$40) -> 29.700006 | E6: =SUM('[1]Inedible Tallow Complex'!D$41:D$49,'[1]Inedible Tallow Complex'!E$38:E$40) -> 34.752338 | F6: =SUM('[1]Inedible Tallow Complex'!E$41:E$49,'[1]Inedible Tallow Complex'!F$38:F$40) -> 65.32317 | G6: =SUM('[1]Inedible Tallow Complex'!F$41:F$49,'[1]Inedible Tallow Complex'!G$38:G$40) -> 56.07434 | H6: =SUM('[1]Inedible Tallow Complex'!G$41:G$49,'[1]Inedible Tallow Complex'!H$38:H$40) -> 68.566169 | I6: =SUM('[1]Inedible Tallow Complex'!H$41:H$49,'[1]Inedible Tallow Complex'!I$38:I$40) -> 55.848366 | J6: =SUM('[1]Inedible Tallow Complex'!I$41:I$49,'[1]Inedible Tallow Complex'!J$38:J$40) -> 64.37364 | ... BG6: =SUM('[1]Inedible Tallow Complex'!BF$41:BF$49,'[1]Inedible Tallow Complex'!BG$38:BG$40) -> 13681.527
B7: Total Supply | C7: =SUM(C4:C6) -> #REF! | D7: =SUM(D4:D6) -> #REF! | E7: =SUM(E4:E6) -> #REF! | F7: =SUM(F4:F6) -> #REF! | G7: =SUM(G4:G6) -> #REF! | H7: =SUM(H4:H6) -> #REF! | I7: =SUM(I4:I6) -> #REF! | J7: =SUM(J4:J6) -> #REF! | ... BG7: =SUM(BG4:BG6) -> 39708.572
B8: Domestic Usage | C8: =C9+C12 -> 0 | D8: =D9+D12 -> #REF! | E8: =E9+E12 -> #REF! | F8: =F9+F12 -> #REF! | G8: =G9+G12 -> #REF! | H8: =H9+H12 -> #REF! | I8: =I9+I12 -> #REF! | J8: =J9+J12 -> #REF! | ... AA8: =AA9+AA12 -> #REF! | AB8: =AB14-AB13 -> 3599.9068 | AC8: =AC14-AC13 -> 3394.8557 | AD8: =AD14-AD13 -> 4156.5772 | AE8: =AE14-AE13 -> 4466.5257 | AF8: =AF14-AF13 -> 5328.3213 | AG8: =AG14-AG13 -> 5532.6291 | AH8: =AH14-AH13 -> 6880.0662 | AI8: =AI14-AI13 -> 7532.0895 | ... BG8: =BG14-BG13 -> 15959.183
B9: Biomass-Based Diesel Production | C9: =SUM('[1]Inedible Tallow Complex'!B$105:B$113,'[1]Inedible Tallow Complex'!C$102:C$104) -> 0 | D9: =D10+D11+#REF! -> #REF! | E9: =E10+E11+#REF! -> #REF! | F9: =F10+F11+#REF! -> #REF! | G9: =G10+G11+#REF! -> #REF! | H9: =H10+H11+#REF! -> #REF! | I9: =I10+I11+#REF! -> #REF! | J9: =J10+J11+#REF! -> #REF! | K9: =K10+K11+#REF! -> #REF! | ... AA9: =AA10+AA11+#REF! -> #REF! | AB9: =SUM(AB10:AB11) -> 1432.4498 | AC9: =SUM(AC10:AC11) -> 1703.4236 | AD9: =SUM(AD10:AD11) -> 1621.377 | AE9: =SUM(AE10:AE11) -> 1981.565 | AF9: =SUM(AF10:AF11) -> 4197.979 | AG9: =SUM(AG10:AG11) -> 7164.8866 | AH9: =SUM(AH10:AH11) -> 5258.9641 | AI9: =SUM(AI10:AI11) -> 5268.9712 | ... BG9: =SUM(BG10:BG11) -> 14860.852
B10: Biodiesel Production | C10: =SUM('[1]Inedible Tallow Complex'!B$105:B$113,'[1]Inedible Tallow Complex'!C$102:C$104) -> 0 | D10: =SUM('[1]Inedible Tallow Complex'!C$105:C$113,'[1]Inedible Tallow Complex'!D$102:D$104) -> 0 | E10: =SUM('[1]Inedible Tallow Complex'!D$105:D$113,'[1]Inedible Tallow Complex'!E$102:E$104) -> 0 | F10: =SUM('[1]Inedible Tallow Complex'!E$105:E$113,'[1]Inedible Tallow Complex'!F$102:F$104) -> 0 | G10: =SUM('[1]Inedible Tallow Complex'!F$105:F$113,'[1]Inedible Tallow Complex'!G$102:G$104) -> 0.063923332 | H10: =SUM('[1]Inedible Tallow Complex'!G$105:G$113,'[1]Inedible Tallow Complex'!H$102:H$104) -> 0.64462098 | I10: =SUM('[1]Inedible Tallow Complex'!H$105:H$113,'[1]Inedible Tallow Complex'!I$102:I$104) -> 1.6013307 | J10: =SUM('[1]Inedible Tallow Complex'!I$105:I$113,'[1]Inedible Tallow Complex'!J$102:J$104) -> 11.037513 | ... BG10: =SUM('[1]Inedible Tallow Complex'!BF$105:BF$113,'[1]Inedible Tallow Complex'!BG$102:BG$104) -> 209.23787
B11: Renewable Diese/SAF Production | C11: =SUM('[1]Inedible Tallow Complex'!B$121:B$129,'[1]Inedible Tallow Complex'!C$118:C$120) -> 0 | D11: =SUM('[1]Inedible Tallow Complex'!C$121:C$129,'[1]Inedible Tallow Complex'!D$118:D$120)+SUM('[1]Inedible Tallow Complex'!C$408:C$416,'[1]Inedible Tallow Complex'!D$405:D$407) -> 0 | E11: =SUM('[1]Inedible Tallow Complex'!D$121:D$129,'[1]Inedible Tallow Complex'!E$118:E$120)+SUM('[1]Inedible Tallow Complex'!D$408:D$416,'[1]Inedible Tallow Complex'!E$405:E$407) -> 0 | F11: =SUM('[1]Inedible Tallow Complex'!E$121:E$129,'[1]Inedible Tallow Complex'!F$118:F$120)+SUM('[1]Inedible Tallow Complex'!E$408:E$416,'[1]Inedible Tallow Complex'!F$405:F$407) -> 0 | G11: =SUM('[1]Inedible Tallow Complex'!F$121:F$129,'[1]Inedible Tallow Complex'!G$118:G$120)+SUM('[1]Inedible Tallow Complex'!F$408:F$416,'[1]Inedible Tallow Complex'!G$405:G$407) -> 0 | H11: =SUM('[1]Inedible Tallow Complex'!G$121:G$129,'[1]Inedible Tallow Complex'!H$118:H$120)+SUM('[1]Inedible Tallow Complex'!G$408:G$416,'[1]Inedible Tallow Complex'!H$405:H$407) -> 0 | I11: =SUM('[1]Inedible Tallow Complex'!H$121:H$129,'[1]Inedible Tallow Complex'!I$118:I$120)+SUM('[1]Inedible Tallow Complex'!H$408:H$416,'[1]Inedible Tallow Complex'!I$405:I$407) -> 0 | J11: =SUM('[1]Inedible Tallow Complex'!I$121:I$129,'[1]Inedible Tallow Complex'!J$118:J$120)+SUM('[1]Inedible Tallow Complex'!I$408:I$416,'[1]Inedible Tallow Complex'!J$405:J$407) -> 0 | K11: =SUM('[1]Inedible Tallow Complex'!J$121:J$129,'[1]Inedible Tallow Complex'!K$118:K$120)+SUM('[1]Inedible Tallow Complex'!J$408:J$416,'[1]Inedible Tallow Complex'!K$405:K$407) -> 156.09629 | ... AA11: =SUM('[1]Inedible Tallow Complex'!Z$121:Z$129,'[1]Inedible Tallow Complex'!AA$118:AA$120)+SUM('[1]Inedible Tallow Complex'!Z$408:Z$416,'[1]Inedible Tallow Complex'!AA$405:AA$407) -> 1053.3046 | AB11: =SUM('[1]Inedible Tallow Complex'!AA$121:AA$129,'[1]Inedible Tallow Complex'!AB$118:AB$120,'[1]Inedible Tallow Complex'!AA$137:AA$145,'[1]Inedible Tallow Complex'!AB$134:AB$136,'[1]Inedible Tallow Complex'!AA$153:AA$161,'[1]Inedible Tallow Complex'!AB$150:AB$152) -> 1140.0398 | AC11: =SUM('[1]Inedible Tallow Complex'!AB$121:AB$129,'[1]Inedible Tallow Complex'!AC$118:AC$120,'[1]Inedible Tallow Complex'!AB$137:AB$145,'[1]Inedible Tallow Complex'!AC$134:AC$136,'[1]Inedible Tallow Complex'!AB$153:AB$161,'[1]Inedible Tallow Complex'!AC$150:AC$152) -> 1335.9204 | AD11: =SUM('[1]Inedible Tallow Complex'!AC$121:AC$129,'[1]Inedible Tallow Complex'!AD$118:AD$120,'[1]Inedible Tallow Complex'!AC$137:AC$145,'[1]Inedible Tallow Complex'!AD$134:AD$136,'[1]Inedible Tallow Complex'!AC$153:AC$161,'[1]Inedible Tallow Complex'!AD$150:AD$152) -> 1269.618 | AE11: =SUM('[1]Inedible Tallow Complex'!AD$121:AD$129,'[1]Inedible Tallow Complex'!AE$118:AE$120,'[1]Inedible Tallow Complex'!AD$137:AD$145,'[1]Inedible Tallow Complex'!AE$134:AE$136,'[1]Inedible Tallow Complex'!AD$153:AD$161,'[1]Inedible Tallow Complex'!AE$150:AE$152) -> 1419.0358 | AF11: =SUM('[1]Inedible Tallow Complex'!AE$121:AE$129,'[1]Inedible Tallow Complex'!AF$118:AF$120,'[1]Inedible Tallow Complex'!AE$137:AE$145,'[1]Inedible Tallow Complex'!AF$134:AF$136,'[1]Inedible Tallow Complex'!AE$153:AE$161,'[1]Inedible Tallow Complex'!AF$150:AF$152) -> 3260.7813 | AG11: =SUM('[1]Inedible Tallow Complex'!AF$121:AF$129,'[1]Inedible Tallow Complex'!AG$118:AG$120,'[1]Inedible Tallow Complex'!AF$137:AF$145,'[1]Inedible Tallow Complex'!AG$134:AG$136,'[1]Inedible Tallow Complex'!AF$153:AF$161,'[1]Inedible Tallow Complex'!AG$150:AG$152) -> 6319.3062 | AH11: =SUM('[1]Inedible Tallow Complex'!AG$121:AG$129,'[1]Inedible Tallow Complex'!AH$118:AH$120,'[1]Inedible Tallow Complex'!AG$137:AG$145,'[1]Inedible Tallow Complex'!AH$134:AH$136,'[1]Inedible Tallow Complex'!AG$153:AG$161,'[1]Inedible Tallow Complex'!AH$150:AH$152) -> 4611.7521 | AI11: =SUM('[1]Inedible Tallow Complex'!AH$121:AH$129,'[1]Inedible Tallow Complex'!AI$118:AI$120,'[1]Inedible Tallow Complex'!AH$137:AH$145,'[1]Inedible Tallow Complex'!AI$134:AI$136,'[1]Inedible Tallow Complex'!AH$153:AH$161,'[1]Inedible Tallow Complex'!AI$150:AI$152) -> 4670.86 | ... BG11: =SUM('[1]Inedible Tallow Complex'!BF$121:BF$129,'[1]Inedible Tallow Complex'!BG$118:BG$120,'[1]Inedible Tallow Complex'!BF$137:BF$145,'[1]Inedible Tallow Complex'!BG$134:BG$136,'[1]Inedible Tallow Complex'!BF$153:BF$161,'[1]Inedible Tallow Complex'!BG$150:BG$152) -> 14651.614
B12: Non-Biodiesel Use | C12: =SUM('[1]Inedible Tallow Complex'!B$153:B$161,'[1]Inedible Tallow Complex'!C$150:C$152) -> 0 | D12: =SUM('[1]Inedible Tallow Complex'!C$153:C$161,'[1]Inedible Tallow Complex'!D$150:D$152) -> 0 | E12: =SUM('[1]Inedible Tallow Complex'!D$153:D$161,'[1]Inedible Tallow Complex'!E$150:E$152) -> 0 | F12: =SUM('[1]Inedible Tallow Complex'!E$153:E$161,'[1]Inedible Tallow Complex'!F$150:F$152) -> 0 | G12: =SUM('[1]Inedible Tallow Complex'!F$153:F$161,'[1]Inedible Tallow Complex'!G$150:G$152) -> 0 | H12: =SUM('[1]Inedible Tallow Complex'!G$153:G$161,'[1]Inedible Tallow Complex'!H$150:H$152) -> 0 | I12: =SUM('[1]Inedible Tallow Complex'!H$153:H$161,'[1]Inedible Tallow Complex'!I$150:I$152) -> 0 | J12: =SUM('[1]Inedible Tallow Complex'!I$153:I$161,'[1]Inedible Tallow Complex'!J$150:J$152) -> 0 | ... AA12: =SUM('[1]Inedible Tallow Complex'!Z$153:Z$161,'[1]Inedible Tallow Complex'!AA$150:AA$152) -> 4.2700108 | AB12: =AB8-AB9 -> 2167.457 | AC12: =AC8-AC9 -> 1691.4321 | AD12: =AD8-AD9 -> 2535.2002 | AE12: =AE8-AE9 -> 2484.9607 | AF12: =AF8-AF9 -> 1130.3423 | AG12: =AG8-AG9 -> -1632.2575 | AH12: =AH8-AH9 -> 1621.1021 | AI12: =AI8-AI9 -> 2263.1182 | ... BG12: =BG8-BG9 -> 1098.3311
B13: Exports | C13: =SUM('[1]Inedible Tallow Complex'!B$57:B$65,'[1]Inedible Tallow Complex'!C$54:C$56) -> 2161.9959 | D13: =SUM('[1]Inedible Tallow Complex'!C$57:C$65,'[1]Inedible Tallow Complex'!D$54:D$56) -> 2658.1471 | E13: =SUM('[1]Inedible Tallow Complex'!D$57:D$65,'[1]Inedible Tallow Complex'!E$54:E$56) -> 1992.863 | F13: =SUM('[1]Inedible Tallow Complex'!E$57:E$65,'[1]Inedible Tallow Complex'!F$54:F$56) -> 1684.5109 | G13: =SUM('[1]Inedible Tallow Complex'!F$57:F$65,'[1]Inedible Tallow Complex'!G$54:G$56) -> 2266.5095 | H13: =SUM('[1]Inedible Tallow Complex'!G$57:G$65,'[1]Inedible Tallow Complex'!H$54:H$56) -> 1930.8044 | I13: =SUM('[1]Inedible Tallow Complex'!H$57:H$65,'[1]Inedible Tallow Complex'!I$54:I$56) -> 1740.3264 | J13: =SUM('[1]Inedible Tallow Complex'!I$57:I$65,'[1]Inedible Tallow Complex'!J$54:J$56) -> 1334.5743 | ... BG13: =SUM('[1]Inedible Tallow Complex'!BF$57:BF$65,'[1]Inedible Tallow Complex'!BG$54:BG$56) -> 75.000219
B14: Total Use | C14: =C13+C8 -> 2161.9959 | D14: =D13+D8 -> #REF! | E14: =E13+E8 -> #REF! | F14: =F13+F8 -> #REF! | G14: =G13+G8 -> #REF! | H14: =H13+H8 -> #REF! | I14: =I13+I8 -> #REF! | J14: =J13+J8 -> #REF! | ... AA14: =AA13+AA8 -> #REF! | AB14: =AB7-AB15 -> 4263.4947 | AC14: =AC7-AC15 -> 4055.5489 | AD14: =AD7-AD15 -> 4641.8707 | AE14: =AE7-AE15 -> 5077.8436 | AF14: =AF7-AF15 -> 5570.0898 | AG14: =AG7-AG15 -> 5802.3863 | AH14: =AH7-AH15 -> 7039.6375 | AI14: =AI7-AI15 -> 7682.1729 | ... BG14: =BG7-BG15 -> 16034.183
B15: Ending Stocks (December 31) | C15: ='[1]Inedible Tallow Complex'!C$200 -> #REF! | D15: ='[1]Inedible Tallow Complex'!D$200 -> #REF! | E15: ='[1]Inedible Tallow Complex'!E$200 -> #REF! | F15: ='[1]Inedible Tallow Complex'!F$200 -> #REF! | G15: ='[1]Inedible Tallow Complex'!G$200 -> #REF! | H15: ='[1]Inedible Tallow Complex'!H$200 -> #REF! | I15: ='[1]Inedible Tallow Complex'!I$200 -> #REF! | J15: ='[1]Inedible Tallow Complex'!J$200 -> #REF! | ... AA15: ='[1]Inedible Tallow Complex'!AA$200 -> #REF! | AB15: ='[1]Inedible Tallow Complex'!AB$216 -> 100.782 | AC15: ='[1]Inedible Tallow Complex'!AC$216 -> 90.847 | AD15: ='[1]Inedible Tallow Complex'!AD$216 -> 93 | AE15: ='[1]Inedible Tallow Complex'!AE$216 -> 119.997 | AF15: ='[1]Inedible Tallow Complex'!AF$216 -> 82.706 | AG15: ='[1]Inedible Tallow Complex'!AG$216 -> 65.438 | AH15: ='[1]Inedible Tallow Complex'!AH$216 -> 318.30876 | AI15: ='[1]Inedible Tallow Complex'!AI$216 -> 1137.5848 | ... BG15: ='[1]Inedible Tallow Complex'!BG$216 -> 23674.389 | BL15: Match with the Sep Numbers
B16: Median Price - Chicago Packer - cents per pound | S16: =MEDIAN('[1]Inedible Tallow Complex'!R$216:R$224,'[1]Inedible Tallow Complex'!S$213:S$215) -> 168.939 | T16: =MEDIAN('[1]Inedible Tallow Complex'!S$216:S$224,'[1]Inedible Tallow Complex'!T$213:T$215) -> 165.961 | U16: =MEDIAN('[1]Inedible Tallow Complex'!T$216:T$224,'[1]Inedible Tallow Complex'!U$213:U$215) -> 180 | V16: =MEDIAN('[1]Inedible Tallow Complex'!U$216:U$224,'[1]Inedible Tallow Complex'!V$213:V$215) -> 180 | W16: =MEDIAN('[1]Inedible Tallow Complex'!V$216:V$224,'[1]Inedible Tallow Complex'!W$213:W$215) -> 180 | X16: =MEDIAN('[1]Inedible Tallow Complex'!W$216:W$224,'[1]Inedible Tallow Complex'!X$213:X$215) -> 108.501 | Y16: =MEDIAN('[1]Inedible Tallow Complex'!X$216:X$224,'[1]Inedible Tallow Complex'!Y$213:Y$215) -> 82.904 | Z16: =MEDIAN('[1]Inedible Tallow Complex'!Y$216:Y$224,'[1]Inedible Tallow Complex'!Z$213:Z$215) -> 84.329 | AA16: =MEDIAN('[1]Inedible Tallow Complex'!Z$216:Z$224,'[1]Inedible Tallow Complex'!AA$213:AA$215) -> 99.888 | AB16: =MEDIAN('[1]Inedible Tallow Complex'!AA$232:AA$240,'[1]Inedible Tallow Complex'!AB$229:AB$231) -> 26.85715 | AC16: =MEDIAN('[1]Inedible Tallow Complex'!AB$232:AB$240,'[1]Inedible Tallow Complex'!AC$229:AC$231) -> 31.01515 | AD16: =MEDIAN('[1]Inedible Tallow Complex'!AC$232:AC$240,'[1]Inedible Tallow Complex'!AD$229:AD$231) -> 56.97836 | AE16: =MEDIAN('[1]Inedible Tallow Complex'!AD$232:AD$240,'[1]Inedible Tallow Complex'!AE$229:AE$231) -> 78.45 | AF16: =MEDIAN('[1]Inedible Tallow Complex'!AE$232:AE$240,'[1]Inedible Tallow Complex'!AF$229:AF$231) -> 66.3 | AG16: =MEDIAN('[1]Inedible Tallow Complex'!AF$232:AF$240,'[1]Inedible Tallow Complex'!AG$229:AG$231) -> 45.865909 | AH16: =MEDIAN('[1]Inedible Tallow Complex'!AG$232:AG$240,'[1]Inedible Tallow Complex'!AH$229:AH$231) -> 46.32326 | AI16: =MEDIAN('[1]Inedible Tallow Complex'!AH$232:AH$240,'[1]Inedible Tallow Complex'!AI$229:AI$231) -> 48 | ... BG16: =MEDIAN('[1]Inedible Tallow Complex'!BF$232:BF$240,'[1]Inedible Tallow Complex'!BG$229:BG$231) -> #NUM!
B21: Total Supply | C21: =C7 -> #REF! | D21: =D7 -> #REF! | E21: =E7 -> #REF! | F21: =F7 -> #REF! | G21: =G7 -> #REF! | H21: =H7 -> #REF! | I21: =I7 -> #REF! | J21: =J7 -> #REF! | ... BG21: =BG7 -> 39708.572
B22: Ending Stocks | C22: =C15 -> #REF! | D22: =D15 -> #REF! | E22: =E15 -> #REF! | F22: =F15 -> #REF! | G22: =G15 -> #REF! | H22: =H15 -> #REF! | I22: =I15 -> #REF! | J22: =J15 -> #REF! | ... BG22: =BG15 -> 23674.389
B23: Total Use | C23: =C21-C22 -> #REF! | D23: =D21-D22 -> #REF! | E23: =E21-E22 -> #REF! | F23: =F21-F22 -> #REF! | G23: =G21-G22 -> #REF! | H23: =H21-H22 -> #REF! | I23: =I21-I22 -> #REF! | J23: =J21-J22 -> #REF! | ... BG23: =BG21-BG22 -> 16034.183
B24: Check | C24: =C23-C14 -> #REF! | D24: =D23-D14 -> #REF! | E24: =E23-E14 -> #REF! | F24: =F23-F14 -> #REF! | G24: =G23-G14 -> #REF! | H24: =H23-H14 -> #REF! | I24: =I23-I14 -> #REF! | J24: =J23-J14 -> #REF! | ... BG24: =BG23-BG14 -> 0
B25: Exports | C25: =C13 -> 2161.9959 | D25: =D13 -> 2658.1471 | E25: =E13 -> 1992.863 | F25: =F13 -> 1684.5109 | G25: =G13 -> 2266.5095 | H25: =H13 -> 1930.8044 | I25: =I13 -> 1740.3264 | J25: =J13 -> 1334.5743 | ... BG25: =BG13 -> 75.000219
B26: Domestic Use | C26: =C23-C25 -> #REF! | D26: =D23-D25 -> #REF! | E26: =E23-E25 -> #REF! | F26: =F23-F25 -> #REF! | G26: =G23-G25 -> #REF! | H26: =H23-H25 -> #REF! | I26: =I23-I25 -> #REF! | J26: =J23-J25 -> #REF! | ... BG26: =BG23-BG25 -> 15959.183
B27: Check | C27: =C26-C8 -> #REF! | D27: =D26-D8 -> #REF! | E27: =E26-E8 -> #REF! | F27: =F26-F8 -> #REF! | G27: =G26-G8 -> #REF! | H27: =H26-H8 -> #REF! | I27: =I26-I8 -> #REF! | J27: =J26-J8 -> #REF! | ... BG27: =BG26-BG8 -> 0
B28: Biodiesel Use | C28: =C9 -> 0 | D28: =D9 -> #REF! | E28: =E9 -> #REF! | F28: =F9 -> #REF! | G28: =G9 -> #REF! | H28: =H9 -> #REF! | I28: =I9 -> #REF! | J28: =J9 -> #REF! | ... BG28: =BG9 -> 14860.852
B29: Non-Biodiesel Use | C29: =C26-C28 -> #REF! | D29: =D26-D28 -> #REF! | E29: =E26-E28 -> #REF! | F29: =F26-F28 -> #REF! | G29: =G26-G28 -> #REF! | H29: =H26-H28 -> #REF! | I29: =I26-I28 -> #REF! | J29: =J26-J28 -> #REF! | ... BG29: =BG26-BG28 -> 1098.3311
B30: Check | C30: =C29-C12 -> #REF! | D30: =D29-D12 -> #REF! | E30: =E29-E12 -> #REF! | F30: =F29-F12 -> #REF! | G30: =G29-G12 -> #REF! | H30: =H29-H12 -> #REF! | I30: =I29-I12 -> #REF! | J30: =J29-J12 -> #REF! | ... BG30: =BG29-BG12 -> 0
N32: =N8*0.4 -> #REF! | O32: =O8*0.4 -> #REF! | P32: =P8*0.4 -> #REF! | Q32: =Q8*0.4 -> #REF! | R32: =R8*0.4 -> #REF! | S32: =S8*0.4 -> #REF! | T32: =T8*0.4 -> #REF! | U32: =U8*0.4 -> #REF! | ... AA32: =AA8*0.4 -> #REF!

Sheet UCO-YG
B2: US Used Cooking Oil/Yellow Grease Supply and Demand
C3: =UCO!C3 -> 1994 | D3: =UCO!D3 -> 1995 | E3: =UCO!E3 -> 1996 | F3: =UCO!F3 -> 1997 | G3: =UCO!G3 -> 1998 | H3: =UCO!H3 -> 1999 | I3: =UCO!I3 -> 2000 | J3: =UCO!J3 -> 2001 | ... AU3: =UCO!AU3 -> 2038
B4: Beginning Stocks (January 1) | C4: =UCO!C4+'Yellow Grease'!C4 -> 226.0378 | D4: =UCO!D4+'Yellow Grease'!D4 -> 236.31316 | E4: =UCO!E4+'Yellow Grease'!E4 -> 197.03794 | F4: =UCO!F4+'Yellow Grease'!F4 -> 192.16606 | G4: =UCO!G4+'Yellow Grease'!G4 -> 209.57231 | H4: =UCO!H4+'Yellow Grease'!H4 -> 223.15592 | I4: =UCO!I4+'Yellow Grease'!I4 -> 192.99117 | J4: =UCO!J4+'Yellow Grease'!J4 -> 178.1178 | ... AU4: =UCO!AU4+'Yellow Grease'!AU4 -> 36969.87
B5: Production | C5: =UCO!C5+'Yellow Grease'!C5 -> 2493.511 | D5: =UCO!D5+'Yellow Grease'!D5 -> 2484.9928 | E5: =UCO!E5+'Yellow Grease'!E5 -> 2335.1135 | F5: =UCO!F5+'Yellow Grease'!F5 -> 2281.2214 | G5: =UCO!G5+'Yellow Grease'!G5 -> 2463.0101 | H5: =UCO!H5+'Yellow Grease'!H5 -> 2673.4246 | I5: =UCO!I5+'Yellow Grease'!I5 -> 2203.4728 | J5: =UCO!J5+'Yellow Grease'!J5 -> 2064.3228 | ... AU5: =UCO!AU5+'Yellow Grease'!AU5 -> 16810.482
B6: Imports | C6: =UCO!C6+'Yellow Grease'!C6 -> 10.534007 | D6: =UCO!D6+'Yellow Grease'!D6 -> 22.826434 | E6: =UCO!E6+'Yellow Grease'!E6 -> 18.039902 | F6: =UCO!F6+'Yellow Grease'!F6 -> 22.872637 | G6: =UCO!G6+'Yellow Grease'!G6 -> 18.546767 | H6: =UCO!H6+'Yellow Grease'!H6 -> 11.232111 | I6: =UCO!I6+'Yellow Grease'!I6 -> 11.734137 | J6: =UCO!J6+'Yellow Grease'!J6 -> 14.581968 | ... AU6: =UCO!AU6+'Yellow Grease'!AU6 -> 29540.171
B7: Total Supply | C7: =UCO!C7+'Yellow Grease'!C7 -> 2730.0828 | D7: =UCO!D7+'Yellow Grease'!D7 -> 2744.1324 | E7: =UCO!E7+'Yellow Grease'!E7 -> 2550.1913 | F7: =UCO!F7+'Yellow Grease'!F7 -> 2496.2601 | G7: =UCO!G7+'Yellow Grease'!G7 -> 2691.1292 | H7: =UCO!H7+'Yellow Grease'!H7 -> 2907.8127 | I7: =UCO!I7+'Yellow Grease'!I7 -> 2408.1981 | J7: =UCO!J7+'Yellow Grease'!J7 -> 2257.0226 | ... AU7: =UCO!AU7+'Yellow Grease'!AU7 -> 83320.523
B8: Domestic Usage | C8: =UCO!C8+'Yellow Grease'!C8 -> #REF! | D8: =UCO!D8+'Yellow Grease'!D8 -> #REF! | E8: =UCO!E8+'Yellow Grease'!E8 -> #REF! | F8: =UCO!F8+'Yellow Grease'!F8 -> #REF! | G8: =UCO!G8+'Yellow Grease'!G8 -> #REF! | H8: =UCO!H8+'Yellow Grease'!H8 -> #REF! | I8: =UCO!I8+'Yellow Grease'!I8 -> #REF! | J8: =UCO!J8+'Yellow Grease'!J8 -> #REF! | ... AU8: =UCO!AU8+'Yellow Grease'!AU8 -> 41045.271
B9: Biomass-Based Diesel Production | C9: =UCO!C9+'Yellow Grease'!C9 -> #REF! | D9: =UCO!D9+'Yellow Grease'!D9 -> #REF! | E9: =UCO!E9+'Yellow Grease'!E9 -> #REF! | F9: =UCO!F9+'Yellow Grease'!F9 -> #REF! | G9: =UCO!G9+'Yellow Grease'!G9 -> #REF! | H9: =UCO!H9+'Yellow Grease'!H9 -> #REF! | I9: =UCO!I9+'Yellow Grease'!I9 -> #REF! | J9: =UCO!J9+'Yellow Grease'!J9 -> #REF! | ... AU9: =UCO!AU9+'Yellow Grease'!AU9 -> 41343.197
B10: Biodiesel Production | C10: =UCO!C10+'Yellow Grease'!C10 -> 0 | D10: =UCO!D10+'Yellow Grease'!D10 -> 0 | E10: =UCO!E10+'Yellow Grease'!E10 -> 0 | F10: =UCO!F10+'Yellow Grease'!F10 -> 0 | G10: =UCO!G10+'Yellow Grease'!G10 -> 0 | H10: =UCO!H10+'Yellow Grease'!H10 -> 0 | I10: =UCO!I10+'Yellow Grease'!I10 -> 0 | J10: =UCO!J10+'Yellow Grease'!J10 -> 0 | ... AU10: =UCO!AU10+'Yellow Grease'!AU10 -> 887.75899
B11: Renewable Diesel/SAF Production | C11: =UCO!C11+'Yellow Grease'!C11 -> 0 | D11: =UCO!D11+'Yellow Grease'!D11 -> 0 | E11: =UCO!E11+'Yellow Grease'!E11 -> 0 | F11: =UCO!F11+'Yellow Grease'!F11 -> 0 | G11: =UCO!G11+'Yellow Grease'!G11 -> 0 | H11: =UCO!H11+'Yellow Grease'!H11 -> 0 | I11: =UCO!I11+'Yellow Grease'!I11 -> 0 | J11: =UCO!J11+'Yellow Grease'!J11 -> 0 | ... AU11: =UCO!AU11+'Yellow Grease'!AU11 -> 40455.438
B12: Non-Biodiesel Use | C12: =UCO!C12+'Yellow Grease'!C12 -> 0 | D12: =UCO!D12+'Yellow Grease'!D12 -> 0 | E12: =UCO!E12+'Yellow Grease'!E12 -> 0 | F12: =UCO!F12+'Yellow Grease'!F12 -> 0 | G12: =UCO!G12+'Yellow Grease'!G12 -> 0 | H12: =UCO!H12+'Yellow Grease'!H12 -> 0 | I12: =UCO!I12+'Yellow Grease'!I12 -> 0 | J12: =UCO!J12+'Yellow Grease'!J12 -> 0 | ... AU12: =UCO!AU12+'Yellow Grease'!AU12 -> -297.92624
B13: Exports | C13: =UCO!C13+'Yellow Grease'!C13 -> 82.296712 | D13: =UCO!D13+'Yellow Grease'!D13 -> 129.36382 | E13: =UCO!E13+'Yellow Grease'!E13 -> 135.00832 | F13: =UCO!F13+'Yellow Grease'!F13 -> 145.56927 | G13: =UCO!G13+'Yellow Grease'!G13 -> 238.13256 | H13: =UCO!H13+'Yellow Grease'!H13 -> 237.04098 | I13: =UCO!I13+'Yellow Grease'!I13 -> 215.89707 | J13: =UCO!J13+'Yellow Grease'!J13 -> 211.13391 | ... AU13: =UCO!AU13+'Yellow Grease'!AU13 -> 99.964489
B14: Total Use | C14: =UCO!C14+'Yellow Grease'!C14 -> #REF! | D14: =UCO!D14+'Yellow Grease'!D14 -> #REF! | E14: =UCO!E14+'Yellow Grease'!E14 -> #REF! | F14: =UCO!F14+'Yellow Grease'!F14 -> #REF! | G14: =UCO!G14+'Yellow Grease'!G14 -> #REF! | H14: =UCO!H14+'Yellow Grease'!H14 -> #REF! | I14: =UCO!I14+'Yellow Grease'!I14 -> #REF! | J14: =UCO!J14+'Yellow Grease'!J14 -> #REF! | ... AU14: =UCO!AU14+'Yellow Grease'!AU14 -> 41145.235
B15: Ending Stocks (December 31) | C15: =UCO!C15+'Yellow Grease'!C15 -> 236.31316 | D15: =UCO!D15+'Yellow Grease'!D15 -> 197.03794 | E15: =UCO!E15+'Yellow Grease'!E15 -> 192.16606 | F15: =UCO!F15+'Yellow Grease'!F15 -> 209.57231 | G15: =UCO!G15+'Yellow Grease'!G15 -> 223.15592 | H15: =UCO!H15+'Yellow Grease'!H15 -> 192.99117 | I15: =UCO!I15+'Yellow Grease'!I15 -> 178.1178 | J15: =UCO!J15+'Yellow Grease'!J15 -> 203.8673 | ... AU15: =UCO!AU15+'Yellow Grease'!AU15 -> 42175.288
B16: Median Price - cents per pound
B17: Yellow Grease - Missouri River | Y17: ='Yellow Grease'!Y16 -> 8.4021 | Z17: ='Yellow Grease'!Z16 -> 8.5383 | AA17: ='Yellow Grease'!AA16 -> 9.414 | AB17: ='Yellow Grease'!AB16 -> 21.27885 | AC17: ='Yellow Grease'!AC16 -> 22.1607 | AD17: ='Yellow Grease'!AD16 -> 42.7625 | AE17: ='Yellow Grease'!AE16 -> 60.5 | AF17: ='Yellow Grease'!AF16 -> 47.07955 | ... AQ17: ='Yellow Grease'!AQ16 -> 43.625
B18: Used Cooking Oil - Illinois | Y18: =UCO!Y16 -> 75.6189 | Z18: =UCO!Z16 -> 76.8447 | AA18: =UCO!AA16 -> 84.726 | AB18: =UCO!AB16 -> 24.5 | AC18: =UCO!AC16 -> 26 | AD18: =UCO!AD16 -> 51.59305 | AE18: =UCO!AE16 -> 65.592262 | AF18: =UCO!AF16 -> 49.052489 | ... AQ18: =UCO!AQ16 -> 53.125

Sheet UCO
B2: US USED COOKING OIL SUPPLY AND DEMAND (million pounds)
C3: =SBO!C3 -> 1994 | D3: =SBO!D3 -> 1995 | E3: =SBO!E3 -> 1996 | F3: =SBO!F3 -> 1997 | G3: =SBO!G3 -> 1998 | H3: =SBO!H3 -> 1999 | I3: =SBO!I3 -> 2000 | J3: =SBO!J3 -> 2001 | ... BG3: =SBO!BG3 -> 2050
B4: Beginning Stocks (January 1) | C4: ='[1]Used Cooking Oil Complex'!B$169 -> 124.23749 | D4: ='[1]Used Cooking Oil Complex'!C$169 -> 132.29077 | E4: ='[1]Used Cooking Oil Complex'!D$169 -> 112.16839 | F4: ='[1]Used Cooking Oil Complex'!E$169 -> 109.46446 | G4: ='[1]Used Cooking Oil Complex'!F$169 -> 114.19007 | H4: ='[1]Used Cooking Oil Complex'!G$169 -> 124.05378 | I4: ='[1]Used Cooking Oil Complex'!H$169 -> 103.7241 | J4: ='[1]Used Cooking Oil Complex'!I$169 -> 106.9204 | ... AA4: ='[1]Used Cooking Oil Complex'!Z$169 -> 41.35187 | AB4: ='[1]Used Cooking Oil Complex'!AA$185 -> 84.0312 | AC4: ='[1]Used Cooking Oil Complex'!AB$185 -> 81.558 | AD4: ='[1]Used Cooking Oil Complex'!AC$185 -> 79.2297 | AE4: ='[1]Used Cooking Oil Complex'!AD$185 -> 81.8865 | AF4: ='[1]Used Cooking Oil Complex'!AE$185 -> 89.0793 | AG4: ='[1]Used Cooking Oil Complex'!AF$185 -> 93.15 | AH4: ='[1]Used Cooking Oil Complex'!AG$185 -> 86.94 | AI4: ='[1]Used Cooking Oil Complex'!AH$185 -> 718.23893 | ... BG4: ='[1]Used Cooking Oil Complex'!BF$185 -> 84240.221
B5: Production | C5: =SUM('[1]Used Cooking Oil Complex'!B$26:B$34,'[1]Used Cooking Oil Complex'!C$23:C$25) -> 1236.088 | D5: =SUM('[1]Used Cooking Oil Complex'!C$26:C$34,'[1]Used Cooking Oil Complex'!D$23:D$25) -> 1231.0173 | E5: =SUM('[1]Used Cooking Oil Complex'!D$26:D$34,'[1]Used Cooking Oil Complex'!E$23:E$25) -> 1157.0679 | F5: =SUM('[1]Used Cooking Oil Complex'!E$26:E$34,'[1]Used Cooking Oil Complex'!F$23:F$25) -> 1130.9549 | G5: =SUM('[1]Used Cooking Oil Complex'!F$26:F$34,'[1]Used Cooking Oil Complex'!G$23:G$25) -> 1221.0508 | H5: =SUM('[1]Used Cooking Oil Complex'!G$26:G$34,'[1]Used Cooking Oil Complex'!H$23:H$25) -> 1324.8019 | I5: =SUM('[1]Used Cooking Oil Complex'!H$26:H$34,'[1]Used Cooking Oil Complex'!I$23:I$25) -> 1091.7847 | J5: =SUM('[1]Used Cooking Oil Complex'!I$26:I$34,'[1]Used Cooking Oil Complex'!J$23:J$25) -> 1024.5451 | ... BG5: =SUM('[1]Used Cooking Oil Complex'!BF$26:BF$34,'[1]Used Cooking Oil Complex'!BG$23:BG$25) -> 28466.643
B6: Imports | C6: =SUM('[1]Used Cooking Oil Complex'!B$42:B$50,'[1]Used Cooking Oil Complex'!C$39:C$41) -> 8.391644 | D6: =SUM('[1]Used Cooking Oil Complex'!C$42:C$50,'[1]Used Cooking Oil Complex'!D$39:D$41) -> 16.364951 | E6: =SUM('[1]Used Cooking Oil Complex'!D$42:D$50,'[1]Used Cooking Oil Complex'!E$39:E$41) -> 13.59653 | F6: =SUM('[1]Used Cooking Oil Complex'!E$42:E$50,'[1]Used Cooking Oil Complex'!F$39:F$41) -> 17.850023 | G6: =SUM('[1]Used Cooking Oil Complex'!F$42:F$50,'[1]Used Cooking Oil Complex'!G$39:G$41) -> 18.104696 | H6: =SUM('[1]Used Cooking Oil Complex'!G$42:G$50,'[1]Used Cooking Oil Complex'!H$39:H$41) -> 10.305244 | I6: =SUM('[1]Used Cooking Oil Complex'!H$42:H$50,'[1]Used Cooking Oil Complex'!I$39:I$41) -> 10.876274 | J6: =SUM('[1]Used Cooking Oil Complex'!I$42:I$50,'[1]Used Cooking Oil Complex'!J$39:J$41) -> 11.895063 | ... BG6: =SUM('[1]Used Cooking Oil Complex'!BF$42:BF$50,'[1]Used Cooking Oil Complex'!BG$39:BG$41) -> 24127.564
B7: Total Supply | C7: =SUM(C4:C6) -> 1368.7171 | D7: =SUM(D4:D6) -> 1379.673 | E7: =SUM(E4:E6) -> 1282.8328 | F7: =SUM(F4:F6) -> 1258.2694 | G7: =SUM(G4:G6) -> 1353.3456 | H7: =SUM(H4:H6) -> 1459.1609 | I7: =SUM(I4:I6) -> 1206.3851 | J7: =SUM(J4:J6) -> 1143.3606 | ... BG7: =SUM(BG4:BG6) -> 136834.43
B8: Domestic Usage | C8: =C9+C12 -> #REF! | D8: =D9+D12 -> #REF! | E8: =E9+E12 -> #REF! | F8: =F9+F12 -> #REF! | G8: =G9+G12 -> #REF! | H8: =H9+H12 -> #REF! | I8: =I9+I12 -> #REF! | J8: =J9+J12 -> #REF! | ... AA8: =AA9+AA12 -> #REF! | AB8: =AB14-AB13 -> 1695.1086 | AC8: =AC14-AC13 -> 1056.2768 | AD8: =AD14-AD13 -> 2335.4982 | AE8: =AE14-AE13 -> 3582.6724 | AF8: =AF14-AF13 -> 7156.7487 | AG8: =AG14-AG13 -> 9693.8816 | AH8: =AH14-AH13 -> 9651.237 | AI8: =AI14-AI13 -> 12058.665 | ... BG8: =BG14-BG13 -> 48508.225
B9: Biomass-Based Diesel Production | C9: =C10+C11+#REF! -> #REF! | D9: =D10+D11+#REF! -> #REF! | E9: =E10+E11+#REF! -> #REF! | F9: =F10+F11+#REF! -> #REF! | G9: =G10+G11+#REF! -> #REF! | H9: =H10+H11+#REF! -> #REF! | I9: =I10+I11+#REF! -> #REF! | J9: =J10+J11+#REF! -> #REF! | ... AA9: =AA10+AA11+#REF! -> #REF! | AB9: =SUM(AB10:AB11) -> 1129.4021 | AC9: =SUM(AC10:AC11) -> 726.08898 | AD9: =SUM(AD10:AD11) -> 2157.5286 | AE9: =SUM(AE10:AE11) -> 7766.9493 | AF9: =SUM(AF10:AF11) -> 9046.8661 | AG9: =SUM(AG10:AG11) -> 9442.2935 | AH9: =SUM(AH10:AH11) -> 9736.013 | AI9: =SUM(AI10:AI11) -> 11222.365 | ... BG9: =SUM(BG10:BG11) -> 48337.535
B10: Biodiesel Production | C10: =SUM('[1]Used Cooking Oil Complex'!B$106:B$114,'[1]Used Cooking Oil Complex'!C$103:C$105) -> 0 | D10: =SUM('[1]Used Cooking Oil Complex'!C$106:C$114,'[1]Used Cooking Oil Complex'!D$103:D$105) -> 0 | E10: =SUM('[1]Used Cooking Oil Complex'!D$106:D$114,'[1]Used Cooking Oil Complex'!E$103:E$105) -> 0 | F10: =SUM('[1]Used Cooking Oil Complex'!E$106:E$114,'[1]Used Cooking Oil Complex'!F$103:F$105) -> 0 | G10: =SUM('[1]Used Cooking Oil Complex'!F$106:F$114,'[1]Used Cooking Oil Complex'!G$103:G$105) -> 0 | H10: =SUM('[1]Used Cooking Oil Complex'!G$106:G$114,'[1]Used Cooking Oil Complex'!H$103:H$105) -> 0 | I10: =SUM('[1]Used Cooking Oil Complex'!H$106:H$114,'[1]Used Cooking Oil Complex'!I$103:I$105) -> 0 | J10: =SUM('[1]Used Cooking Oil Complex'!I$106:I$114,'[1]Used Cooking Oil Complex'!J$103:J$105) -> 0 | ... BG10: =SUM('[1]Used Cooking Oil Complex'!BF$106:BF$114,'[1]Used Cooking Oil Complex'!BG$103:BG$105) -> 1211.842
B11: Renewable Diesel/SAF Production | C11: =SUM('[1]Used Cooking Oil Complex'!B$122:B$130,'[1]Used Cooking Oil Complex'!C$119:C$121) -> 0 | D11: =SUM('[1]Used Cooking Oil Complex'!C$122:C$130,'[1]Used Cooking Oil Complex'!D$119:D$121) -> 0 | E11: =SUM('[1]Used Cooking Oil Complex'!D$122:D$130,'[1]Used Cooking Oil Complex'!E$119:E$121) -> 0 | F11: =SUM('[1]Used Cooking Oil Complex'!E$122:E$130,'[1]Used Cooking Oil Complex'!F$119:F$121) -> 0 | G11: =SUM('[1]Used Cooking Oil Complex'!F$122:F$130,'[1]Used Cooking Oil Complex'!G$119:G$121) -> 0 | H11: =SUM('[1]Used Cooking Oil Complex'!G$122:G$130,'[1]Used Cooking Oil Complex'!H$119:H$121) -> 0 | I11: =SUM('[1]Used Cooking Oil Complex'!H$122:H$130,'[1]Used Cooking Oil Complex'!I$119:I$121) -> 0 | J11: =SUM('[1]Used Cooking Oil Complex'!I$122:I$130,'[1]Used Cooking Oil Complex'!J$119:J$121) -> 0 | ... M11: =SUM('[1]Used Cooking Oil Complex'!L$122:L$130,'[1]Used Cooking Oil Complex'!M$119:M$121) -> 0 | N11: =SUM('[1]Used Cooking Oil Complex'!M$122:M$130,'[1]Used Cooking Oil Complex'!N$119:N$121)+SUM('[1]Used Cooking Oil Complex'!M$265:M$273,'[1]Used Cooking Oil Complex'!N$262:N$264) -> 0 | O11: =SUM('[1]Used Cooking Oil Complex'!N$122:N$130,'[1]Used Cooking Oil Complex'!O$119:O$121)+SUM('[1]Used Cooking Oil Complex'!N$265:N$273,'[1]Used Cooking Oil Complex'!O$262:O$264) -> 0 | P11: =SUM('[1]Used Cooking Oil Complex'!O$122:O$130,'[1]Used Cooking Oil Complex'!P$119:P$121)+SUM('[1]Used Cooking Oil Complex'!O$265:O$273,'[1]Used Cooking Oil Complex'!P$262:P$264) -> 0 | Q11: =SUM('[1]Used Cooking Oil Complex'!P$122:P$130,'[1]Used Cooking Oil Complex'!Q$119:Q$121)+SUM('[1]Used Cooking Oil Complex'!P$265:P$273,'[1]Used Cooking Oil Complex'!Q$262:Q$264) -> 0 | R11: =SUM('[1]Used Cooking Oil Complex'!Q$122:Q$130,'[1]Used Cooking Oil Complex'!R$119:R$121)+SUM('[1]Used Cooking Oil Complex'!Q$265:Q$273,'[1]Used Cooking Oil Complex'!R$262:R$264) -> 0 | S11: =SUM('[1]Used Cooking Oil Complex'!R$122:R$130,'[1]Used Cooking Oil Complex'!S$119:S$121)+SUM('[1]Used Cooking Oil Complex'!R$265:R$273,'[1]Used Cooking Oil Complex'!S$262:S$264) -> 0 | T11: =SUM('[1]Used Cooking Oil Complex'!S$122:S$130,'[1]Used Cooking Oil Complex'!T$119:T$121)+SUM('[1]Used Cooking Oil Complex'!S$265:S$273,'[1]Used Cooking Oil Complex'!T$262:T$264) -> 42.712278 | U11: =SUM('[1]Used Cooking Oil Complex'!T$122:T$130,'[1]Used Cooking Oil Complex'!U$119:U$121)+SUM('[1]Used Cooking Oil Complex'!T$265:T$273,'[1]Used Cooking Oil Complex'!U$262:U$264) -> 114.41497 | ... AA11: =SUM('[1]Used Cooking Oil Complex'!Z$122:Z$130,'[1]Used Cooking Oil Complex'!AA$119:AA$121)+SUM('[1]Used Cooking Oil Complex'!Z$265:Z$273,'[1]Used Cooking Oil Complex'!AA$262:AA$264) -> 245.30397 | AB11: =SUM('[1]Used Cooking Oil Complex'!AA$122:AA$130,'[1]Used Cooking Oil Complex'!AB$119:AB$121,'[1]Used Cooking Oil Complex'!AA$138:AA$146,'[1]Used Cooking Oil Complex'!AB$135:AB$137,'[1]Used Cooking Oil Complex'!AA$154:AA$162,'[1]Used Cooking Oil Complex'!AB$151:AB$153) -> 223.87506 | AC11: =SUM('[1]Used Cooking Oil Complex'!AB$122:AB$130,'[1]Used Cooking Oil Complex'!AC$119:AC$121,'[1]Used Cooking Oil Complex'!AB$138:AB$146,'[1]Used Cooking Oil Complex'!AC$135:AC$137,'[1]Used Cooking Oil Complex'!AB$154:AB$162,'[1]Used Cooking Oil Complex'!AC$151:AC$153) -> 129.22198 | AD11: =SUM('[1]Used Cooking Oil Complex'!AC$122:AC$130,'[1]Used Cooking Oil Complex'!AD$119:AD$121,'[1]Used Cooking Oil Complex'!AC$138:AC$146,'[1]Used Cooking Oil Complex'!AD$135:AD$137,'[1]Used Cooking Oil Complex'!AC$154:AC$162,'[1]Used Cooking Oil Complex'!AD$151:AD$153) -> 1406.4409 | AE11: =SUM('[1]Used Cooking Oil Complex'!AD$122:AD$130,'[1]Used Cooking Oil Complex'!AE$119:AE$121,'[1]Used Cooking Oil Complex'!AD$138:AD$146,'[1]Used Cooking Oil Complex'!AE$135:AE$137,'[1]Used Cooking Oil Complex'!AD$154:AD$162,'[1]Used Cooking Oil Complex'!AE$151:AE$153) -> 6971.8293 | AF11: =SUM('[1]Used Cooking Oil Complex'!AE$122:AE$130,'[1]Used Cooking Oil Complex'!AF$119:AF$121,'[1]Used Cooking Oil Complex'!AE$138:AE$146,'[1]Used Cooking Oil Complex'!AF$135:AF$137,'[1]Used Cooking Oil Complex'!AE$154:AE$162,'[1]Used Cooking Oil Complex'!AF$151:AF$153) -> 8384.894 | AG11: =SUM('[1]Used Cooking Oil Complex'!AF$122:AF$130,'[1]Used Cooking Oil Complex'!AG$119:AG$121,'[1]Used Cooking Oil Complex'!AF$138:AF$146,'[1]Used Cooking Oil Complex'!AG$135:AG$137,'[1]Used Cooking Oil Complex'!AF$154:AF$162,'[1]Used Cooking Oil Complex'!AG$151:AG$153) -> 8607.2935 | AH11: =SUM('[1]Used Cooking Oil Complex'!AG$122:AG$130,'[1]Used Cooking Oil Complex'!AH$119:AH$121,'[1]Used Cooking Oil Complex'!AG$138:AG$146,'[1]Used Cooking Oil Complex'!AH$135:AH$137,'[1]Used Cooking Oil Complex'!AG$154:AG$162,'[1]Used Cooking Oil Complex'!AH$151:AH$153) -> 8988.4658 | AI11: =SUM('[1]Used Cooking Oil Complex'!AH$122:AH$130,'[1]Used Cooking Oil Complex'!AI$119:AI$121,'[1]Used Cooking Oil Complex'!AH$138:AH$146,'[1]Used Cooking Oil Complex'!AI$135:AI$137,'[1]Used Cooking Oil Complex'!AH$154:AH$162,'[1]Used Cooking Oil Complex'!AI$151:AI$153) -> 10377.841 | ... BG11: =SUM('[1]Used Cooking Oil Complex'!BF$122:BF$130,'[1]Used Cooking Oil Complex'!BG$119:BG$121,'[1]Used Cooking Oil Complex'!BF$138:BF$146,'[1]Used Cooking Oil Complex'!BG$135:BG$137,'[1]Used Cooking Oil Complex'!BF$154:BF$162,'[1]Used Cooking Oil Complex'!BG$151:BG$153) -> 47125.693
B12: Non-Biodiesel Use | C12: =SUM('[1]Used Cooking Oil Complex'!B$154:B$162,'[1]Used Cooking Oil Complex'!C$151:C$153) -> 0 | D12: =SUM('[1]Used Cooking Oil Complex'!C$154:C$162,'[1]Used Cooking Oil Complex'!D$151:D$153) -> 0 | E12: =SUM('[1]Used Cooking Oil Complex'!D$154:D$162,'[1]Used Cooking Oil Complex'!E$151:E$153) -> 0 | F12: =SUM('[1]Used Cooking Oil Complex'!E$154:E$162,'[1]Used Cooking Oil Complex'!F$151:F$153) -> 0 | G12: =SUM('[1]Used Cooking Oil Complex'!F$154:F$162,'[1]Used Cooking Oil Complex'!G$151:G$153) -> 0 | H12: =SUM('[1]Used Cooking Oil Complex'!G$154:G$162,'[1]Used Cooking Oil Complex'!H$151:H$153) -> 0 | I12: =SUM('[1]Used Cooking Oil Complex'!H$154:H$162,'[1]Used Cooking Oil Complex'!I$151:I$153) -> 0 | J12: =SUM('[1]Used Cooking Oil Complex'!I$154:I$162,'[1]Used Cooking Oil Complex'!J$151:J$153) -> 0 | ... AA12: =SUM('[1]Used Cooking Oil Complex'!Z$154:Z$162,'[1]Used Cooking Oil Complex'!AA$151:AA$153) -> 1.0637831 | AB12: =AB8-AB9 -> 565.7065 | AC12: =AC8-AC9 -> 330.18782 | AD12: =AD8-AD9 -> 177.96952 | AE12: =AE8-AE9 -> -4184.2769 | AF12: =AF8-AF9 -> -1890.1175 | AG12: =AG8-AG9 -> 251.58808 | AH12: =AH8-AH9 -> -84.775983 | AI12: =AI8-AI9 -> 836.30029 | ... BG12: =BG8-BG9 -> 170.68961 | BI12: Should be close to zero
B13: Exports | C13: =SUM('[1]Used Cooking Oil Complex'!B$58:B$66,'[1]Used Cooking Oil Complex'!C$55:C$57) -> 16.088826 | D13: =SUM('[1]Used Cooking Oil Complex'!C$58:C$66,'[1]Used Cooking Oil Complex'!D$55:D$57) -> 16.671734 | E13: =SUM('[1]Used Cooking Oil Complex'!D$58:D$66,'[1]Used Cooking Oil Complex'!E$55:E$57) -> 22.023095 | F13: =SUM('[1]Used Cooking Oil Complex'!E$58:E$66,'[1]Used Cooking Oil Complex'!F$55:F$57) -> 36.015988 | G13: =SUM('[1]Used Cooking Oil Complex'!F$58:F$66,'[1]Used Cooking Oil Complex'!G$55:G$57) -> 41.262672 | H13: =SUM('[1]Used Cooking Oil Complex'!G$58:G$66,'[1]Used Cooking Oil Complex'!H$55:H$57) -> 25.556315 | I13: =SUM('[1]Used Cooking Oil Complex'!H$58:H$66,'[1]Used Cooking Oil Complex'!I$55:I$57) -> 21.414992 | J13: =SUM('[1]Used Cooking Oil Complex'!I$58:I$66,'[1]Used Cooking Oil Complex'!J$55:J$57) -> 21.968808 | ... BG13: =SUM('[1]Used Cooking Oil Complex'!BF$58:BF$66,'[1]Used Cooking Oil Complex'!BG$55:BG$57) -> 100.00454
B14: Total Use | C14: =C13+C8 -> #REF! | D14: =D13+D8 -> #REF! | E14: =E13+E8 -> #REF! | F14: =F13+F8 -> #REF! | G14: =G13+G8 -> #REF! | H14: =H13+H8 -> #REF! | I14: =I13+I8 -> #REF! | J14: =J13+J8 -> #REF! | ... AA14: =AA13+AA8 -> #REF! | AB14: =AB7-AB15 -> 2247.8944 | AC14: =AC7-AC15 -> 1943.0893 | AD14: =AD7-AD15 -> 2619.9907 | AE14: =AE7-AE15 -> 4422.1635 | AF14: =AF7-AF15 -> 7565.5128 | AG14: =AG7-AG15 -> 10038.619 | AH14: =AH7-AH15 -> 9845.1682 | AI14: =AI7-AI15 -> 12256.611 | ... BG14: =BG7-BG15 -> 48608.229
B15: Ending Stocks (December 31) | C15: ='[1]Used Cooking Oil Complex'!C$169 -> 132.29077 | D15: ='[1]Used Cooking Oil Complex'!D$169 -> 112.16839 | E15: ='[1]Used Cooking Oil Complex'!E$169 -> 109.46446 | F15: ='[1]Used Cooking Oil Complex'!F$169 -> 114.19007 | G15: ='[1]Used Cooking Oil Complex'!G$169 -> 124.05378 | H15: ='[1]Used Cooking Oil Complex'!H$169 -> 103.7241 | I15: ='[1]Used Cooking Oil Complex'!I$169 -> 106.9204 | J15: ='[1]Used Cooking Oil Complex'!J$169 -> 121.38104 | ... AA15: ='[1]Used Cooking Oil Complex'!AA$169 -> 26.061126 | AB15: ='[1]Used Cooking Oil Complex'!AB$185 -> 81.558 | AC15: ='[1]Used Cooking Oil Complex'!AC$185 -> 79.2297 | AD15: ='[1]Used Cooking Oil Complex'!AD$185 -> 81.8865 | AE15: ='[1]Used Cooking Oil Complex'!AE$185 -> 89.0793 | AF15: ='[1]Used Cooking Oil Complex'!AF$185 -> 93.15 | AG15: ='[1]Used Cooking Oil Complex'!AG$185 -> 86.94 | AH15: ='[1]Used Cooking Oil Complex'!AH$185 -> 718.23893 | AI15: ='[1]Used Cooking Oil Complex'!AI$185 -> 638.89966 | ... BG15: ='[1]Used Cooking Oil Complex'!BG$185 -> 88226.199
B16: Median Price - Illinois - cents per pound | U16: =MEDIAN('[1]Used Cooking Oil Complex'!T$185:T$193,'[1]Used Cooking Oil Complex'!U$182:U$184) -> 81.583044 | V16: =MEDIAN('[1]Used Cooking Oil Complex'!U$185:U$193,'[1]Used Cooking Oil Complex'!V$182:V$184) -> 75.910804 | W16: =MEDIAN('[1]Used Cooking Oil Complex'!V$185:V$193,'[1]Used Cooking Oil Complex'!W$182:W$184) -> 76.229193 | X16: =MEDIAN('[1]Used Cooking Oil Complex'!W$185:W$193,'[1]Used Cooking Oil Complex'!X$182:X$184) -> 82.991922 | Y16: =MEDIAN('[1]Used Cooking Oil Complex'!X$185:X$193,'[1]Used Cooking Oil Complex'!Y$182:Y$184) -> 75.6189 | Z16: =MEDIAN('[1]Used Cooking Oil Complex'!Y$185:Y$193,'[1]Used Cooking Oil Complex'!Z$182:Z$184) -> 76.8447 | AA16: =MEDIAN('[1]Used Cooking Oil Complex'!Z$185:Z$193,'[1]Used Cooking Oil Complex'!AA$182:AA$184) -> 84.726 | AB16: =MEDIAN('[1]Used Cooking Oil Complex'!AA$201:AA$209,'[1]Used Cooking Oil Complex'!AB$198:AB$200) -> 24.5 | AC16: =MEDIAN('[1]Used Cooking Oil Complex'!AB$201:AB$209,'[1]Used Cooking Oil Complex'!AC$198:AC$200) -> 26 | AD16: =MEDIAN('[1]Used Cooking Oil Complex'!AC$201:AC$209,'[1]Used Cooking Oil Complex'!AD$198:AD$200) -> 51.59305 | AE16: =MEDIAN('[1]Used Cooking Oil Complex'!AD$201:AD$209,'[1]Used Cooking Oil Complex'!AE$198:AE$200) -> 65.592262 | AF16: =MEDIAN('[1]Used Cooking Oil Complex'!AE$201:AE$209,'[1]Used Cooking Oil Complex'!AF$198:AF$200) -> 49.052489 | AG16: =MEDIAN('[1]Used Cooking Oil Complex'!AF$201:AF$209,'[1]Used Cooking Oil Complex'!AG$198:AG$200) -> 36.586957 | AH16: =MEDIAN('[1]Used Cooking Oil Complex'!AG$201:AG$209,'[1]Used Cooking Oil Complex'!AH$198:AH$200) -> 40.75 | AI16: =MEDIAN('[1]Used Cooking Oil Complex'!AH$201:AH$209,'[1]Used Cooking Oil Complex'!AI$198:AI$200) -> 40.75 | ... BG16: =MEDIAN('[1]Used Cooking Oil Complex'!BF$201:BF$209,'[1]Used Cooking Oil Complex'!BG$198:BG$200) -> #NUM!
B21: Total Supply | C21: =C7 -> 1368.7171 | D21: =D7 -> 1379.673 | E21: =E7 -> 1282.8328 | F21: =F7 -> 1258.2694 | G21: =G7 -> 1353.3456 | H21: =H7 -> 1459.1609 | I21: =I7 -> 1206.3851 | J21: =J7 -> 1143.3606 | ... BG21: =BG7 -> 136834.43
B22: Ending Stocks | C22: =C15 -> 132.29077 | D22: =D15 -> 112.16839 | E22: =E15 -> 109.46446 | F22: =F15 -> 114.19007 | G22: =G15 -> 124.05378 | H22: =H15 -> 103.7241 | I22: =I15 -> 106.9204 | J22: =J15 -> 121.38104 | ... BG22: =BG15 -> 88226.199
B23: Total Use | C23: =C21-C22 -> 1236.4264 | D23: =D21-D22 -> 1267.5046 | E23: =E21-E22 -> 1173.3683 | F23: =F21-F22 -> 1144.0793 | G23: =G21-G22 -> 1229.2918 | H23: =H21-H22 -> 1355.4368 | I23: =I21-I22 -> 1099.4647 | J23: =J21-J22 -> 1021.9796 | ... BG23: =BG21-BG22 -> 48608.229
B24: Check | C24: =C23-C14 -> #REF! | D24: =D23-D14 -> #REF! | E24: =E23-E14 -> #REF! | F24: =F23-F14 -> #REF! | G24: =G23-G14 -> #REF! | H24: =H23-H14 -> #REF! | I24: =I23-I14 -> #REF! | J24: =J23-J14 -> #REF! | ... BG24: =BG23-BG14 -> 0
B25: Exports | C25: =C13 -> 16.088826 | D25: =D13 -> 16.671734 | E25: =E13 -> 22.023095 | F25: =F13 -> 36.015988 | G25: =G13 -> 41.262672 | H25: =H13 -> 25.556315 | I25: =I13 -> 21.414992 | J25: =J13 -> 21.968808 | ... BG25: =BG13 -> 100.00454
B26: Domestic Use | C26: =C23-C25 -> 1220.3376 | D26: =D23-D25 -> 1250.8329 | E26: =E23-E25 -> 1151.3452 | F26: =F23-F25 -> 1108.0633 | G26: =G23-G25 -> 1188.0291 | H26: =H23-H25 -> 1329.8805 | I26: =I23-I25 -> 1078.0497 | J26: =J23-J25 -> 1000.0108 | ... BG26: =BG23-BG25 -> 48508.225
B27: Check | C27: =C26-C8 -> #REF! | D27: =D26-D8 -> #REF! | E27: =E26-E8 -> #REF! | F27: =F26-F8 -> #REF! | G27: =G26-G8 -> #REF! | H27: =H26-H8 -> #REF! | I27: =I26-I8 -> #REF! | J27: =J26-J8 -> #REF! | ... BG27: =BG26-BG8 -> 0
B28: Biodiesel Use | C28: =C9 -> #REF! | D28: =D9 -> #REF! | E28: =E9 -> #REF! | F28: =F9 -> #REF! | G28: =G9 -> #REF! | H28: =H9 -> #REF! | I28: =I9 -> #REF! | J28: =J9 -> #REF! | ... BG28: =BG9 -> 48337.535
B29: Non-Biodiesel Use | C29: =C26-C28 -> #REF! | D29: =D26-D28 -> #REF! | E29: =E26-E28 -> #REF! | F29: =F26-F28 -> #REF! | G29: =G26-G28 -> #REF! | H29: =H26-H28 -> #REF! | I29: =I26-I28 -> #REF! | J29: =J26-J28 -> #REF! | ... BG29: =BG26-BG28 -> 170.68961
B30: Check | C30: =C29-C12 -> #REF! | D30: =D29-D12 -> #REF! | E30: =E29-E12 -> #REF! | F30: =F29-F12 -> #REF! | G30: =G29-G12 -> #REF! | H30: =H29-H12 -> #REF! | I30: =I29-I12 -> #REF! | J30: =J29-J12 -> #REF! | ... BG30: =BG29-BG12 -> 0
AC34: Trend toward 100 for non-biofuel use

Sheet Yellow Grease
B2: US YELLOW GREASE SUPPLY AND DEMAND (million pounds)
C3: =SBO!C3 -> 1994 | D3: =SBO!D3 -> 1995 | E3: =SBO!E3 -> 1996 | F3: =SBO!F3 -> 1997 | G3: =SBO!G3 -> 1998 | H3: =SBO!H3 -> 1999 | I3: =SBO!I3 -> 2000 | J3: =SBO!J3 -> 2001 | ... BG3: =SBO!BG3 -> 2050
B4: Beginning Stocks (January 1) | C4: ='[1]Yellow Grease Complex'!B$169 -> 101.80031 | D4: ='[1]Yellow Grease Complex'!C$169 -> 104.02239 | E4: ='[1]Yellow Grease Complex'!D$169 -> 84.869558 | F4: ='[1]Yellow Grease Complex'!E$169 -> 82.701599 | G4: ='[1]Yellow Grease Complex'!F$169 -> 95.382232 | H4: ='[1]Yellow Grease Complex'!G$169 -> 99.102132 | I4: ='[1]Yellow Grease Complex'!H$169 -> 89.267075 | J4: ='[1]Yellow Grease Complex'!I$169 -> 71.197399 | ... AA4: ='[1]Yellow Grease Complex'!Z$169 -> 78.714341 | AB4: ='[1]Yellow Grease Complex'!AA$185 -> 9.3368 | AC4: ='[1]Yellow Grease Complex'!AB$185 -> 9.062 | AD4: ='[1]Yellow Grease Complex'!AC$185 -> 8.8033 | AE4: ='[1]Yellow Grease Complex'!AD$185 -> 9.0985 | AF4: ='[1]Yellow Grease Complex'!AE$185 -> 9.8977 | AG4: ='[1]Yellow Grease Complex'!AF$185 -> 10.35 | AH4: ='[1]Yellow Grease Complex'!AG$185 -> 9.66 | AI4: ='[1]Yellow Grease Complex'!AH$185 -> 8.0027495 | ... BG4: ='[1]Yellow Grease Complex'!BF$185 -> 6.0040375
B5: Production | C5: =SUM('[1]Yellow Grease Complex'!B$26:B$34,'[1]Yellow Grease Complex'!C$23:C$25) -> 1257.423 | D5: =SUM('[1]Yellow Grease Complex'!C$26:C$34,'[1]Yellow Grease Complex'!D$23:D$25) -> 1253.9755 | E5: =SUM('[1]Yellow Grease Complex'!D$26:D$34,'[1]Yellow Grease Complex'!E$23:E$25) -> 1178.0456 | F5: =SUM('[1]Yellow Grease Complex'!E$26:E$34,'[1]Yellow Grease Complex'!F$23:F$25) -> 1150.2665 | G5: =SUM('[1]Yellow Grease Complex'!F$26:F$34,'[1]Yellow Grease Complex'!G$23:G$25) -> 1241.9593 | H5: =SUM('[1]Yellow Grease Complex'!G$26:G$34,'[1]Yellow Grease Complex'!H$23:H$25) -> 1348.6227 | I5: =SUM('[1]Yellow Grease Complex'!H$26:H$34,'[1]Yellow Grease Complex'!I$23:I$25) -> 1111.6881 | J5: =SUM('[1]Yellow Grease Complex'!I$26:I$34,'[1]Yellow Grease Complex'!J$23:J$25) -> 1039.7777 | ... BG5: =SUM('[1]Yellow Grease Complex'!BF$26:BF$34,'[1]Yellow Grease Complex'!BG$23:BG$25) -> 5582.1993
