Workbook

Sheet Sunflower Oil Prices
A1: Date | B1: Month | C1: Year | D1: Sunoil FOB Ukraine $/mt | E1: Sunoil FOB Russia $/mt | F1: Sunoil FOB Six Ports $/mt | G1: Sunoil FOB Argentina $/mt | I1: Sunflower Contract - Johannesburg | J1: Russia North Caucasus
A2: 2018-04-03 | B2: =MONTH(A2) -> 4 | C2: =YEAR(A2) -> 2018 | D2: 762
A3: 2018-04-04 | B3: =MONTH(A3) -> 4 | C3: =YEAR(A3) -> 2018 | D3: 762
A4: 2018-04-05 | B4: =MONTH(A4) -> 4 | C4: =YEAR(A4) -> 2018 | D4: 760
A5: 2018-04-06 | B5: =MONTH(A5) -> 4 | C5: =YEAR(A5) -> 2018 | D5: 765
A6: 2018-04-10 | B6: =MONTH(A6) -> 4 | C6: =YEAR(A6) -> 2018 | D6: 765
A7: 2018-04-11 | B7: =MONTH(A7) -> 4 | C7: =YEAR(A7) -> 2018 | D7: 768
A8: 2018-04-12 | B8: =MONTH(A8) -> 4 | C8: =YEAR(A8) -> 2018 | D8: 770
A9: 2018-04-13 | B9: =MONTH(A9) -> 4 | C9: =YEAR(A9) -> 2018 | D9: 770
A10: 2018-04-16 | B10: =MONTH(A10) -> 4 | C10: =YEAR(A10) -> 2018 | D10: 772
A11: 2018-04-17 | B11: =MONTH(A11) -> 4 | C11: =YEAR(A11) -> 2018 | D11: 772
A12: 2018-04-18 | B12: =MONTH(A12) -> 4 | C12: =YEAR(A12) -> 2018 | D12: 773
A13: 2018-04-19 | B13: =MONTH(A13) -> 4 | C13: =YEAR(A13) -> 2018 | D13: 773
... A39: 2018-06-01 | B39: =MONTH(A39) -> 6 | C39: =YEAR(A39) -> 2018 | D39: 738
A40: 2018-06-04 | B40: =MONTH(A40) -> 6 | C40: =YEAR(A40) -> 2018 | D40: 734 | G40: 724
A41: 2018-06-05 | B41: =MONTH(A41) -> 6 | C41: =YEAR(A41) -> 2018 | D41: 731 | G41: 719
A42: 2018-06-06 | B42: =MONTH(A42) -> 6 | C42: =YEAR(A42) -> 2018 | D42: 731 | G42: 719
A43: 2018-06-07 | B43: =MONTH(A43) -> 6 | C43: =YEAR(A43) -> 2018 | D43: 731 | G43: 720
A44: 2018-06-08 | B44: =MONTH(A44) -> 6 | C44: =YEAR(A44) -> 2018 | D44: 730 | G44: 721
A45: 2018-06-11 | B45: =MONTH(A45) -> 6 | C45: =YEAR(A45) -> 2018 | D45: 731 | G45: 721
A46: 2018-06-12 | B46: =MONTH(A46) -> 6 | C46: =YEAR(A46) -> 2018 | D46: 732 | G46: 721
A47: 2018-06-13 | B47: =MONTH(A47) -> 6 | C47: =YEAR(A47) -> 2018 | D47: 732 | G47: 721
A48: 2018-06-14 | B48: =MONTH(A48) -> 6 | C48: =YEAR(A48) -> 2018 | D48: 729 | G48: 721
A49: 2018-06-15 | B49: =MONTH(A49) -> 6 | C49: =YEAR(A49) -> 2018 | D49: 725 | G49: 721
A50: 2018-06-18 | B50: =MONTH(A50) -> 6 | C50: =YEAR(A50) -> 2018 | D50: 727 | G50: 721
A51: 2018-06-19 | B51: =MONTH(A51) -> 6 | C51: =YEAR(A51) -> 2018 | D51: 723 | G51: 710
... A73: 2018-07-19 | B73: =MONTH(A73) -> 7 | C73: =YEAR(A73) -> 2018 | D73: 746 | G73: 718
A74: 2018-07-20 | B74: =MONTH(A74) -> 7 | C74: =YEAR(A74) -> 2018 | D74: 749 | F74: 772 | G74: 716
A75: 2018-07-23 | B75: =MONTH(A75) -> 7 | C75: =YEAR(A75) -> 2018 | D75: 748 | F75: 772 | G75: 718
A76: 2018-07-24 | B76: =MONTH(A76) -> 7 | C76: =YEAR(A76) -> 2018 | D76: 743 | F76: 771 | G76: 715
A77: 2018-07-25 | B77: =MONTH(A77) -> 7 | C77: =YEAR(A77) -> 2018 | D77: 743 | F77: 768 | G77: 715
A78: 2018-07-26 | B78: =MONTH(A78) -> 7 | C78: =YEAR(A78) -> 2018 | D78: 740 | F78: 765 | G78: 715
A79: 2018-07-27 | B79: =MONTH(A79) -> 7 | C79: =YEAR(A79) -> 2018 | D79: 735 | F79: 763 | G79: 715
A80: 2018-07-30 | B80: =MONTH(A80) -> 7 | C80: =YEAR(A80) -> 2018 | D80: 730 | F80: 755 | G80: 712.5
A81: 2018-07-31 | B81: =MONTH(A81) -> 7 | C81: =YEAR(A81) -> 2018 | D81: 730 | F81: 750 | G81: 712.5
A82: 2018-08-01 | B82: =MONTH(A82) -> 8 | C82: =YEAR(A82) -> 2018 | D82: 733 | F82: 743 | G82: 712.5
A83: 2018-08-02 | B83: =MONTH(A83) -> 8 | C83: =YEAR(A83) -> 2018 | D83: 733 | F83: 745 | G83: 712.5
A84: 2018-08-03 | B84: =MONTH(A84) -> 8 | C84: =YEAR(A84) -> 2018 | D84: 732 | F84: 745 | G84: 715
A85: 2018-08-06 | B85: =MONTH(A85) -> 8 | C85: =YEAR(A85) -> 2018 | D85: 731 | F85: 746 | G85: 715
... A133: 2018-10-12 | B133: =MONTH(A133) -> 10 | C133: =YEAR(A133) -> 2018 | D133: 668 | F133: 708 | G133: 668
A134: 2018-10-15 | B134: =MONTH(A134) -> 10 | C134: =YEAR(A134) -> 2018 | D134: 668 | F134: 708
A135: 2018-10-16 | B135: =MONTH(A135) -> 10 | C135: =YEAR(A135) -> 2018 | D135: 670 | F135: 708 | G135: 668
A136: 2018-10-17 | B136: =MONTH(A136) -> 10 | C136: =YEAR(A136) -> 2018 | D136: 670 | F136: 705 | G136: 668
A137: 2018-10-18 | B137: =MONTH(A137) -> 10 | C137: =YEAR(A137) -> 2018 | D137: 668 | F137: 705 | G137: 668
A138: 2018-10-19 | B138: =MONTH(A138) -> 10 | C138: =YEAR(A138) -> 2018 | D138: 668 | F138: 700 | G138: 668
A139: 2018-10-22 | B139: =MONTH(A139) -> 10 | C139: =YEAR(A139) -> 2018 | D139: 667 | F139: 695 | G139: 668
A140: 2018-10-23 | B140: =MONTH(A140) -> 10 | C140: =YEAR(A140) -> 2018 | D140: 662 | F140: 699 | G140: 668
A141: 2018-10-24 | B141: =MONTH(A141) -> 10 | C141: =YEAR(A141) -> 2018 | D141: 660 | F141: 699 | G141: 668
A142: 2018-10-25 | B142: =MONTH(A142) -> 10 | C142: =YEAR(A142) -> 2018 | D142: 656 | F142: 695 | G142: 658
A143: 2018-10-26 | B143: =MONTH(A143) -> 10 | C143: =YEAR(A143) -> 2018 | D143: 653 | F143: 695 | G143: 655
A144: 2018-10-29 | B144: =MONTH(A144) -> 10 | C144: =YEAR(A144) -> 2018 | D144: 649 | F144: 695 | G144: 658
A145: 2018-10-30 | B145: =MONTH(A145) -> 10 | C145: =YEAR(A145) -> 2018 | D145: 657 | F145: 695 | G145: 658
A146: 2018-10-31 | B146: =MONTH(A146) -> 10 | C146: =YEAR(A146) -> 2018 | D146: 648 | F146: 695 | G146: 665
... A158: 2018-11-16 | B158: =MONTH(A158) -> 11 | C158: =YEAR(A158) -> 2018 | D158: 636 | F158: 675 | G158: 648
A159: 2018-11-19 | B159: =MONTH(A159) -> 11 | C159: =YEAR(A159) -> 2018 | D159: 634 | F159: 670
A160: 2018-11-20 | B160: =MONTH(A160) -> 11 | C160: =YEAR(A160) -> 2018 | D160: 634 | F160: 670 | G160: 645
A161: 2018-11-21 | B161: =MONTH(A161) -> 11 | C161: =YEAR(A161) -> 2018 | D161: 634 | F161: 660 | G161: 645
A162: 2018-11-22 | B162: =MONTH(A162) -> 11 | C162: =YEAR(A162) -> 2018 | D162: 633 | F162: 660 | G162: 640
A163: 2018-11-23 | B163: =MONTH(A163) -> 11 | C163: =YEAR(A163) -> 2018 | D163: 632 | F163: 660 | G163: 640
A164: 2018-11-26 | B164: =MONTH(A164) -> 11 | C164: =YEAR(A164) -> 2018 | D164: 628 | F164: 670 | G164: 630
A165: 2018-11-27 | B165: =MONTH(A165) -> 11 | C165: =YEAR(A165) -> 2018 | D165: 626 | F165: 675 | G165: 630
A166: 2018-11-28 | B166: =MONTH(A166) -> 11 | C166: =YEAR(A166) -> 2018 | D166: 631 | F166: 675 | G166: 630
A167: 2018-11-29 | B167: =MONTH(A167) -> 11 | C167: =YEAR(A167) -> 2018 | D167: 629 | F167: 663 | G167: 630
A168: 2018-11-30 | B168: =MONTH(A168) -> 11 | C168: =YEAR(A168) -> 2018 | D168: 631 | F168: 670 | G168: 630
A169: 2018-12-03 | B169: =MONTH(A169) -> 12 | C169: =YEAR(A169) -> 2018 | D169: 634 | F169: 660 | G169: 630
A170: 2018-12-04 | B170: =MONTH(A170) -> 12 | C170: =YEAR(A170) -> 2018 | D170: 636 | F170: 665 | G170: 630
A171: 2018-12-05 | B171: =MONTH(A171) -> 12 | C171: =YEAR(A171) -> 2018 | D171: 637 | F171: 670 | G171: 615
... A228: 2019-03-01 | B228: =MONTH(A228) -> 3 | C228: =YEAR(A228) -> 2019 | D228: 665 | F228: 700 | G228: 655
A229: 2019-03-04 | B229: =MONTH(A229) -> 3 | C229: =YEAR(A229) -> 2019 | D229: 664 | F229: 705
A230: 2019-03-05 | B230: =MONTH(A230) -> 3 | C230: =YEAR(A230) -> 2019 | D230: 666 | F230: 705
A231: 2019-03-06 | B231: =MONTH(A231) -> 3 | C231: =YEAR(A231) -> 2019 | D231: 666 | F231: 700 | G231: 650
A232: 2019-03-07 | B232: =MONTH(A232) -> 3 | C232: =YEAR(A232) -> 2019 | D232: 665 | F232: 700 | G232: 645
A233: 2019-03-08 | B233: =MONTH(A233) -> 3 | C233: =YEAR(A233) -> 2019 | D233: 665 | F233: 702.5 | G233: 645
A234: 2019-03-11 | B234: =MONTH(A234) -> 3 | C234: =YEAR(A234) -> 2019 | D234: 666 | F234: 700 | G234: 645
A235: 2019-03-12 | B235: =MONTH(A235) -> 3 | C235: =YEAR(A235) -> 2019 | D235: 666.5 | F235: 704 | G235: 645
A236: 2019-03-13 | B236: =MONTH(A236) -> 3 | C236: =YEAR(A236) -> 2019 | D236: 668 | F236: 710 | G236: 640
A237: 2019-03-14 | B237: =MONTH(A237) -> 3 | C237: =YEAR(A237) -> 2019 | D237: 663 | F237: 700 | G237: 640
A238: 2019-03-15 | B238: =MONTH(A238) -> 3 | C238: =YEAR(A238) -> 2019 | D238: 662 | F238: 695 | G238: 640
A239: 2019-03-18 | B239: =MONTH(A239) -> 3 | C239: =YEAR(A239) -> 2019 | D239: 662 | F239: 697.5 | G239: 640
A240: 2019-03-19 | B240: =MONTH(A240) -> 3 | C240: =YEAR(A240) -> 2019 | D240: 660 | F240: 697.5 | G240: 640
A241: 2019-03-20 | B241: =MONTH(A241) -> 3 | C241: =YEAR(A241) -> 2019 | D241: 658 | F241: 690 | G241: 640
A242: 2019-03-21 | B242: =MONTH(A242) -> 3 | C242: =YEAR(A242) -> 2019 | D242: 657 | F242: 690 | G242: 640
... A249: 2019-04-01 | B249: =MONTH(A249) -> 4 | C249: =YEAR(A249) -> 2019 | D249: 651 | F249: 682.5 | G249: 630
A250: 2019-04-02 | B250: =MONTH(A250) -> 4 | C250: =YEAR(A250) -> 2019 | D250: 653 | F250: 687.5
A251: 2019-04-03 | B251: =MONTH(A251) -> 4 | C251: =YEAR(A251) -> 2019 | D251: 655 | F251: 687.5 | G251: 628
A252: 2019-04-04 | B252: =MONTH(A252) -> 4 | C252: =YEAR(A252) -> 2019 | D252: 655 | F252: 689 | G252: 635
A253: 2019-04-05 | B253: =MONTH(A253) -> 4 | C253: =YEAR(A253) -> 2019 | D253: 661 | F253: 692.5 | G253: 635
A254: 2019-04-08 | B254: =MONTH(A254) -> 4 | C254: =YEAR(A254) -> 2019 | D254: 660 | F254: 695 | G254: 635
A255: 2019-04-09 | B255: =MONTH(A255) -> 4 | C255: =YEAR(A255) -> 2019 | D255: 662 | F255: 695 | G255: 642
A256: 2019-04-10 | B256: =MONTH(A256) -> 4 | C256: =YEAR(A256) -> 2019 | D256: 660 | F256: 695 | G256: 642
A257: 2019-04-11 | B257: =MONTH(A257) -> 4 | C257: =YEAR(A257) -> 2019 | D257: 660 | F257: 695 | G257: 642
A258: 2019-04-12 | B258: =MONTH(A258) -> 4 | C258: =YEAR(A258) -> 2019 | D258: 661 | F258: 695 | G258: 640
A259: 2019-04-15 | B259: =MONTH(A259) -> 4 | C259: =YEAR(A259) -> 2019 | D259: 664 | F259: 695 | G259: 640
A260: 2019-04-16 | B260: =MONTH(A260) -> 4 | C260: =YEAR(A260) -> 2019 | D260: 665 | F260: 700 | G260: 635
A261: 2019-04-17 | B261: =MONTH(A261) -> 4 | C261: =YEAR(A261) -> 2019 | D261: 668 | F261: 697.5 | G261: 635
A262: 2019-04-18 | B262: =MONTH(A262) -> 4 | C262: =YEAR(A262) -> 2019 | D262: 669 | F262: 705 | G262: 637
... A268: 2019-04-30 | B268: =MONTH(A268) -> 4 | C268: =YEAR(A268) -> 2019 | D268: 669 | F268: 702.5 | G268: 650
A269: 2019-05-01 | B269: =MONTH(A269) -> 5 | C269: =YEAR(A269) -> 2019 | D269: 669
A270: 2019-05-02 | B270: =MONTH(A270) -> 5 | C270: =YEAR(A270) -> 2019 | D270: 669 | F270: 705 | G270: 650
A271: 2019-05-03 | B271: =MONTH(A271) -> 5 | C271: =YEAR(A271) -> 2019 | D271: 670 | F271: 705 | G271: 655
...

Sheet Sunflower Prices
B1: Month | C1: Year | D1: Russia Sunflower Prices rub/tonne | E1: Rubles/$ | F1: Russia Sunflower Prices $/tonne | G1: Ukraine Sunflower Prices uah/tonne VAT included | H1: Hryvnia/$ | I1: Ukraine Sunflower Prices $/tonne VAT included
A2: 36801 | B2: =MONTH(A2) -> 10 | C2: =YEAR(A2) -> 2000 | D2: 3150 | E2: 27.753 | F2: =IF(D2="","",D2/E2) -> 113.50124
A3: 36802 | B3: =MONTH(A3) -> 10 | C3: =YEAR(A3) -> 2000 | D3: 3150 | E3: 27.793 | F3: =IF(D3="","",D3/E3) -> 113.33789
A4: 36803 | B4: =MONTH(A4) -> 10 | C4: =YEAR(A4) -> 2000 | D4: 3150 | E4: 27.843 | F4: =IF(D4="","",D4/E4) -> 113.13436
A5: 36804 | B5: =MONTH(A5) -> 10 | C5: =YEAR(A5) -> 2000 | D5: 3150 | E5: 27.834 | F5: =IF(D5="","",D5/E5) -> 113.17094
A6: 36805 | B6: =MONTH(A6) -> 10 | C6: =YEAR(A6) -> 2000 | D6: 3150 | E6: 27.941 | F6: =IF(D6="","",D6/E6) -> 112.73755
A7: 36808 | B7: =MONTH(A7) -> 10 | C7: =YEAR(A7) -> 2000 | D7: 3150 | E7: 27.923 | F7: =IF(D7="","",D7/E7) -> 112.81023
A8: 36809 | B8: =MONTH(A8) -> 10 | C8: =YEAR(A8) -> 2000 | D8: 3150 | E8: 27.922 | F8: =IF(D8="","",D8/E8) -> 112.81427
A9: 36810 | B9: =MONTH(A9) -> 10 | C9: =YEAR(A9) -> 2000 | D9: 3150 | E9: 27.858 | F9: =IF(D9="","",D9/E9) -> 113.07344
A10: 36811 | B10: =MONTH(A10) -> 10 | C10: =YEAR(A10) -> 2000 | D10: 3150 | E10: 27.912 | F10: =IF(D10="","",D10/E10) -> 112.85469
A11: 36812 | B11: =MONTH(A11) -> 10 | C11: =YEAR(A11) -> 2000 | D11: 3150 | E11: 27.858 | F11: =IF(D11="","",D11/E11) -> 113.07344
A12: 36815 | B12: =MONTH(A12) -> 10 | C12: =YEAR(A12) -> 2000 | D12: 3200 | E12: 27.856 | F12: =IF(D12="","",D12/E12) -> 114.87651
A13: 36816 | B13: =MONTH(A13) -> 10 | C13: =YEAR(A13) -> 2000 | D13: 3200 | E13: 27.839 | F13: =IF(D13="","",D13/E13) -> 114.94666
... A198: 37085 | B198: =MONTH(A198) -> 7 | C198: =YEAR(A198) -> 2001 | D198: 6550 | E198: 29.211 | F198: =IF(D198="","",D198/E198) -> 224.2306
A199: 37088 | B199: =MONTH(A199) -> 7 | C199: =YEAR(A199) -> 2001 | E199: 29.225 | F199: =IF(D199="","",D199/E199)
A200: 37089 | B200: =MONTH(A200) -> 7 | C200: =YEAR(A200) -> 2001 | E200: 29.237 | F200: =IF(D200="","",D200/E200)
A201: 37090 | B201: =MONTH(A201) -> 7 | C201: =YEAR(A201) -> 2001 | E201: 29.255 | F201: =IF(D201="","",D201/E201)
A202: 37091 | B202: =MONTH(A202) -> 7 | C202: =YEAR(A202) -> 2001 | E202: 29.286 | F202: =IF(D202="","",D202/E202)
A203: 37092 | B203: =MONTH(A203) -> 7 | C203: =YEAR(A203) -> 2001 | E203: 29.271 | F203: =IF(D203="","",D203/E203)
A204: 37095 | B204: =MONTH(A204) -> 7 | C204: =YEAR(A204) -> 2001 | E204: 29.272 | F204: =IF(D204="","",D204/E204)
A205: 37096 | B205: =MONTH(A205) -> 7 | C205: =YEAR(A205) -> 2001 | E205: 29.284 | F205: =IF(D205="","",D205/E205)
A206: 37097 | B206: =MONTH(A206) -> 7 | C206: =YEAR(A206) -> 2001 | E206: 29.243 | F206: =IF(D206="","",D206/E206)
A207: 37098 | B207: =MONTH(A207) -> 7 | C207: =YEAR(A207) -> 2001 | E207: 29.256 | F207: =IF(D207="","",D207/E207)
A208: 37099 | B208: =MONTH(A208) -> 7 | C208: =YEAR(A208) -> 2001 | E208: 29.268 | F208: =IF(D208="","",D208/E208)
A209: 37102 | B209: =MONTH(A209) -> 7 | C209: =YEAR(A209) -> 2001 | E209: 29.309 | F209: =IF(D209="","",D209/E209)
A210: 37103 | B210: =MONTH(A210) -> 7 | C210: =YEAR(A210) -> 2001 | E210: 29.343 | F210: =IF(D210="","",D210/E210)
... A233: 37134 | B233: =MONTH(A233) -> 8 | C233: =YEAR(A233) -> 2001 | E233: 29.42 | F233: =IF(D233="","",D233/E233)
A234: 37138 | B234: =MONTH(A234) -> 9 | C234: =YEAR(A234) -> 2001 | D234: 4600 | E234: 29.464 | F234: =IF(D234="","",D234/E234) -> 156.12273
A235: 37139 | B235: =MONTH(A235) -> 9 | C235: =YEAR(A235) -> 2001 | D235: 4600 | E235: 29.468 | F235: =IF(D235="","",D235/E235) -> 156.10153
A236: 37140 | B236: =MONTH(A236) -> 9 | C236: =YEAR(A236) -> 2001 | D236: 4600 | E236: 29.446 | F236: =IF(D236="","",D236/E236) -> 156.21816
A237: 37141 | B237: =MONTH(A237) -> 9 | C237: =YEAR(A237) -> 2001 | D237: 4600 | E237: 29.431 | F237: =IF(D237="","",D237/E237) -> 156.29778
A238: 37144 | B238: =MONTH(A238) -> 9 | C238: =YEAR(A238) -> 2001 | D238: 4650 | E238: 29.442 | F238: =IF(D238="","",D238/E238) -> 157.93764
A239: 37145 | B239: =MONTH(A239) -> 9 | C239: =YEAR(A239) -> 2001 | D239: 4650 | E239: 29.465 | F239: =IF(D239="","",D239/E239) -> 157.81436
A240: 37148 | B240: =MONTH(A240) -> 9 | C240: =YEAR(A240) -> 2001 | D240: 4650 | E240: 29.468 | F240: =IF(D240="","",D240/E240) -> 157.79829
A241: 37151 | B241: =MONTH(A241) -> 9 | C241: =YEAR(A241) -> 2001 | D241: 4650 | E241: 29.456 | F241: =IF(D241="","",D241/E241) -> 157.86257
A242: 37152 | B242: =MONTH(A242) -> 9 | C242: =YEAR(A242) -> 2001 | D242: 4650 | E242: 29.455 | F242: =IF(D242="","",D242/E242) -> 157.86793
A243: 37153 | B243: =MONTH(A243) -> 9 | C243: =YEAR(A243) -> 2001 | D243: 4650 | E243: 29.443 | F243: =IF(D243="","",D243/E243) -> 157.93228
A244: 37154 | B244: =MONTH(A244) -> 9 | C244: =YEAR(A244) -> 2001 | D244: 4650 | E244: 29.42 | F244: =IF(D244="","",D244/E244) -> 158.05574
A245: 37155 | B245: =MONTH(A245) -> 9 | C245: =YEAR(A245) -> 2001 | D245: 4650 | E245: 29.414 | F245: =IF(D245="","",D245/E245) -> 158.08799
... A1817: 39437 | B1817: =MONTH(A1817) -> 12 | C1817: =YEAR(A1817) -> 2007 | D1817: 16650 | E1817: 24.7504 | F1817: =IF(D1817="","",D1817/E1817) -> 672.7164
A1818: 39440 | B1818: =MONTH(A1818) -> 12 | C1818: =YEAR(A1818) -> 2007 | E1818: 24.7077 | F1818: =IF(D1818="","",D1818/E1818)
A1819: 39442 | B1819: =MONTH(A1819) -> 12 | C1819: =YEAR(A1819) -> 2007 | E1819: 24.6252 | F1819: =IF(D1819="","",D1819/E1819)
A1820: 39443 | B1820: =MONTH(A1820) -> 12 | C1820: =YEAR(A1820) -> 2007 | E1820: 24.5803 | F1820: =IF(D1820="","",D1820/E1820)
A1821: 39444 | B1821: =MONTH(A1821) -> 12 | C1821: =YEAR(A1821) -> 2007 | E1821: 24.452 | F1821: =IF(D1821="","",D1821/E1821)
A1822: 39447 | B1822: =MONTH(A1822) -> 12 | C1822: =YEAR(A1822) -> 2007 | E1822: 24.5695 | F1822: =IF(D1822="","",D1822/E1822)
A1823: 39449 | B1823: =MONTH(A1823) -> 1 | C1823: =YEAR(A1823) -> 2008 | E1823: 24.4325 | F1823: =IF(D1823="","",D1823/E1823)
A1824: 39450 | B1824: =MONTH(A1824) -> 1 | C1824: =YEAR(A1824) -> 2008 | E1824: 24.4328 | F1824: =IF(D1824="","",D1824/E1824)
A1825: 39451 | B1825: =MONTH(A1825) -> 1 | C1825: =YEAR(A1825) -> 2008 | E1825: 24.4045 | F1825: =IF(D1825="","",D1825/E1825)
A1826: 39454 | B1826: =MONTH(A1826) -> 1 | C1826: =YEAR(A1826) -> 2008 | E1826: 24.4832 | F1826: =IF(D1826="","",D1826/E1826)
A1827: 39455 | B1827: =MONTH(A1827) -> 1 | C1827: =YEAR(A1827) -> 2008 | E1827: 24.449 | F1827: =IF(D1827="","",D1827/E1827)
A1828: 39456 | B1828: =MONTH(A1828) -> 1 | C1828: =YEAR(A1828) -> 2008 | E1828: 24.4786 | F1828: =IF(D1828="","",D1828/E1828)
A1829: 39457 | B1829: =MONTH(A1829) -> 1 | C1829: =YEAR(A1829) -> 2008 | E1829: 24.3604 | F1829: =IF(D1829="","",D1829/E1829)
A1830: 39458 | B1830: =MONTH(A1830) -> 1 | C1830: =YEAR(A1830) -> 2008 | E1830: 24.3457 | F1830: =IF(D1830="","",D1830/E1830)
A1831: 39461 | B1831: =MONTH(A1831) -> 1 | C1831: =YEAR(A1831) -> 2008 | D1831: 16750 | E1831: 24.2803 | F1831: =IF(D1831="","",D1831/E1831) -> 689.85968
A1832: 39462 | B1832: =MONTH(A1832) -> 1 | C1832: =YEAR(A1832) -> 2008 | D1832: 16750 | E1832: 24.3115 | F1832: =IF(D1832="","",D1832/E1832) -> 688.97435
A1833: 39463 | B1833: =MONTH(A1833) -> 1 | C1833: =YEAR(A1833) -> 2008 | D1833: 16750 | E1833: 24.4785 | F1833: =IF(D1833="","",D1833/E1833) -> 684.27395
A1834: 39464 | B1834: =MONTH(A1834) -> 1 | C1834: =YEAR(A1834) -> 2008 | D1834: 16750 | E1834: 24.4485 | F1834: =IF(D1834="","",D1834/E1834) -> 685.11361
A1835: 39465 | B1835: =MONTH(A1835) -> 1 | C1835: =YEAR(A1835) -> 2008 | D1835: 16750 | E1835: 24.5063 | F1835: =IF(D1835="","",D1835/E1835) -> 683.49771
A1836: 39469 | B1836: =MONTH(A1836) -> 1 | C1836: =YEAR(A1836) -> 2008 | D1836: 16850 | E1836: 24.657 | F1836: =IF(D1836="","",D1836/E1836) -> 683.37592
A1837: 39470 | B1837: =MONTH(A1837) -> 1 | C1837: =YEAR(A1837) -> 2008 | D1837: 16850 | E1837: 24.7257 | F1837: =IF(D1837="","",D1837/E1837) -> 681.47717
A1838: 39471 | B1838: =MONTH(A1838) -> 1 | C1838: =YEAR(A1838) -> 2008 | D1838: 16850 | E1838: 24.4848 | F1838: =IF(D1838="","",D1838/E1838) -> 688.18206
A1839: 39472 | B1839: =MONTH(A1839) -> 1 | C1839: =YEAR(A1839) -> 2008 | D1839: 16850 | E1839: 24.489 | F1839: =IF(D1839="","",D1839/E1839) -> 688.06403
A1840: 39475 | B1840: =MONTH(A1840) -> 1 | C1840: =YEAR(A1840) -> 2008 | D1840: 17250 | E1840: 24.4724 | F1840: =IF(D1840="","",D1840/E1840) -> 704.8757
A1841: 39476 | B1841: =MONTH(A1841) -> 1 | C1841: =YEAR(A1841) -> 2008 | D1841: 17250 | E1841: 24.4862 | F1841: =IF(D1841="","",D1841/E1841) -> 704.47844
A1842: 39477 | B1842: =MONTH(A1842) -> 1 | C1842: =YEAR(A1842) -> 2008 | D1842: 17250 | E1842: 24.4748 | F1842: =IF(D1842="","",D1842/E1842) -> 704.80658
... A1902: 39563 | B1902: =MONTH(A1902) -> 4 | C1902: =YEAR(A1902) -> 2008 | D1902: 24500 | E1902: 23.6361 | F1902: =IF(D1902="","",D1902/E1902) -> 1036.55
A1903: 39566 | B1903: =MONTH(A1903) -> 4 | C1903: =YEAR(A1903) -> 2008 | E1903: 23.6162 | F1903: =IF(D1903="","",D1903/E1903)
A1904: 39567 | B1904: =MONTH(A1904) -> 4 | C1904: =YEAR(A1904) -> 2008 | E1904: 23.6651 | F1904: =IF(D1904="","",D1904/E1904)
A1905: 39568 | B1905: =MONTH(A1905) -> 4 | C1905: =YEAR(A1905) -> 2008 | E1905: 23.679 | F1905: =IF(D1905="","",D1905/E1905)
A1906: 39569 | B1906: =MONTH(A1906) -> 5 | C1906: =YEAR(A1906) -> 2008 | E1906: 23.7813 | F1906: =IF(D1906="","",D1906/E1906)
A1907: 39570 | B1907: =MONTH(A1907) -> 5 | C1907: =YEAR(A1907) -> 2008 | E1907: 23.8066 | F1907: =IF(D1907="","",D1907/E1907)
A1908: 39573 | B1908: =MONTH(A1908) -> 5 | C1908: =YEAR(A1908) -> 2008 | D1908: 24500 | E1908: 23.7158 | F1908: =IF(D1908="","",D1908/E1908) -> 1033.0666
A1909: 39574 | B1909: =MONTH(A1909) -> 5 | C1909: =YEAR(A1909) -> 2008 | D1909: 24500 | E1909: 23.7078 | F1909: =IF(D1909="","",D1909/E1909) -> 1033.4152
A1910: 39575 | B1910: =MONTH(A1910) -> 5 | C1910: =YEAR(A1910) -> 2008 | D1910: 24500 | E1910: 23.8214 | F1910: =IF(D1910="","",D1910/E1910) -> 1028.487
A1911: 39576 | B1911: =MONTH(A1911) -> 5 | C1911: =YEAR(A1911) -> 2008 | D1911: 24500 | E1911: 23.8197 | F1911: =IF(D1911="","",D1911/E1911) -> 1028.5604
A1912: 39577 | B1912: =MONTH(A1912) -> 5 | C1912: =YEAR(A1912) -> 2008 | D1912: 24500 | E1912: 23.7644 | F1912: =IF(D1912="","",D1912/E1912) -> 1030.9539
A1913: 39580 | B1913: =MONTH(A1913) -> 5 | C1913: =YEAR(A1913) -> 2008 | D1913: 24000 | E1913: 23.6881 | F1913: =IF(D1913="","",D1913/E1913) -> 1013.1669
A1914: 39581 | B1914: =MONTH(A1914) -> 5 | C1914: =YEAR(A1914) -> 2008 | D1914: 24000 | E1914: 23.8088 | F1914: =IF(D1914="","",D1914/E1914) -> 1008.0306
A1915: 39582 | B1915: =MONTH(A1915) -> 5 | C1915: =YEAR(A1915) -> 2008 | D1915: 24000 | E1915: 23.8764 | F1915: =IF(D1915="","",D1915/E1915) -> 1005.1767
A1916: 39583 | B1916: =MONTH(A1916) -> 5 | C1916: =YEAR(A1916) -> 2008 | D1916: 24000 | E1916: 23.9012 | F1916: =IF(D1916="","",D1916/E1916) -> 1004.1337
A1917: 39584 | B1917: =MONTH(A1917) -> 5 | C1917: =YEAR(A1917) -> 2008 | D1917: 24000 | E1917: 23.7104 | F1917: =IF(D1917="","",D1917/E1917) -> 1012.214
A1918: 39587 | B1918: =MONTH(A1918) -> 5 | C1918: =YEAR(A1918) -> 2008 | D1918: 22000 | E1918: 23.7817 | F1918: =IF(D1918="","",D1918/E1918) -> 925.08105
A1919: 39588 | B1919: =MONTH(A1919) -> 5 | C1919: =YEAR(A1919) -> 2008 | D1919: 22000 | E1919: 23.6943 | F1919: =IF(D1919="","",D1919/E1919) -> 928.49335
... A1931: 39605 | B1931: =MONTH(A1931) -> 6 | C1931: =YEAR(A1931) -> 2008 | D1931: 19250 | E1931: 23.5348 | F1931: =IF(D1931="","",D1931/E1931) -> 817.93769
A1932: 39608 | B1932: =MONTH(A1932) -> 6 | C1932: =YEAR(A1932) -> 2008 | E1932: 23.6522 | F1932: =IF(D1932="","",D1932/E1932)
A1933: 39609 | B1933: =MONTH(A1933) -> 6 | C1933: =YEAR(A1933) -> 2008 | E1933: 23.7051 | F1933: =IF(D1933="","",D1933/E1933)
A1934: 39610 | B1934: =MONTH(A1934) -> 6 | C1934: =YEAR(A1934) -> 2008 | E1934: 23.6289 | F1934: =IF(D1934="","",D1934/E1934)
A1935: 39611 | B1935: =MONTH(A1935) -> 6 | C1935: =YEAR(A1935) -> 2008 | E1935: 23.739 | F1935: =IF(D1935="","",D1935/E1935)
A1936: 39612 | B1936: =MONTH(A1936) -> 6 | C1936: =YEAR(A1936) -> 2008 | E1936: 23.7901 | F1936: =IF(D1936="","",D1936/E1936)
A1937: 39615 | B1937: =MONTH(A1937) -> 6 | C1937: =YEAR(A1937) -> 2008 | D1937: 17500 | E1937: 23.684 | F1937: =IF(D1937="","",D1937/E1937) -> 738.89546
A1938: 39616 | B1938: =MONTH(A1938) -> 6 | C1938: =YEAR(A1938) -> 2008 | D1938: 17500 | E1938: 23.6464 | F1938: =IF(D1938="","",D1938/E1938) -> 740.07037
A1939: 39617 | B1939: =MONTH(A1939) -> 6 | C1939: =YEAR(A1939) -> 2008 | D1939: 17500 | E1939: 23.6225 | F1939: =IF(D1939="","",D1939/E1939) -> 740.81913
A1940: 39618 | B1940: =MONTH(A1940) -> 6 | C1940: =YEAR(A1940) -> 2008 | D1940: 17500 | E1940: 23.6494 | F1940: =IF(D1940="","",D1940/E1940) -> 739.97649
A1941: 39619 | B1941: =MONTH(A1941) -> 6 | C1941: =YEAR(A1941) -> 2008 | D1941: 17500 | E1941: 23.5608 | F1941: =IF(D1941="","",D1941/E1941) -> 742.75916
A1942: 39622 | B1942: =MONTH(A1942) -> 6 | C1942: =YEAR(A1942) -> 2008 | D1942: 17250 | E1942: 23.64 | F1942: =IF(D1942="","",D1942/E1942) -> 729.69543
A1943: 39623 | B1943: =MONTH(A1943) -> 6 | C1943: =YEAR(A1943) -> 2008 | D1943: 17250 | E1943: 23.6029 | F1943: =IF(D1943="","",D1943/E1943) -> 730.8424
A1944: 39624 | B1944: =MONTH(A1944) -> 6 | C1944: =YEAR(A1944) -> 2008 | D1944: 17250 | E1944: 23.5098 | F1944: =IF(D1944="","",D1944/E1944) -> 733.73657
A1945: 39625 | B1945: =MONTH(A1945) -> 6 | C1945: =YEAR(A1945) -> 2008 | D1945: 17250 | E1945: 23.4411 | F1945: =IF(D1945="","",D1945/E1945) -> 735.88697
A1946: 39626 | B1946: =MONTH(A1946) -> 6 | C1946: =YEAR(A1946) -> 2008 | D1946: 17250 | E1946: 23.4126 | F1946: =IF(D1946="","",D1946/E1946) -> 736.78276
A1947: 39629 | B1947: =MONTH(A1947) -> 6 | C1947: =YEAR(A1947) -> 2008 | D1947: 16750 | E1947: 23.4444 | F1947: =IF(D1947="","",D1947/E1947) -> 714.45633
...

Sheet Crush Margins
B1: Month | C1: Year | D1: North West Europe | E1: Ukraine | F1: Argentina | G1: Russia | H1: France | I1: Italy
A2: 39826 | B2: =MONTH(A2) -> 1 | C2: =YEAR(A2) -> 2009 | D2: 40 | I2: -87.1
A3: 39827 | B3: =MONTH(A3) -> 1 | C3: =YEAR(A3) -> 2009 | D3: 40 | E3: 139.8222 | H3: 108.8 | I3: -87.1
A4: 39828 | B4: =MONTH(A4) -> 1 | C4: =YEAR(A4) -> 2009 | D4: 40 | E4: 139.90725 | H4: 108.8 | I4: -87.1
A5: 39829 | B5: =MONTH(A5) -> 1 | C5: =YEAR(A5) -> 2009 | D5: 40 | E5: 138.3297 | H5: 108.8 | I5: -87.1
A6: 39833 | B6: =MONTH(A6) -> 1 | C6: =YEAR(A6) -> 2009 | D6: 44.9 | E6: 147.03189 | H6: 95.44 | I6: -98.9
A7: 39834 | B7: =MONTH(A7) -> 1 | C7: =YEAR(A7) -> 2009 | D7: 44.9 | E7: 145.31789 | H7: 95.44 | I7: -98.9
A8: 39835 | B8: =MONTH(A8) -> 1 | C8: =YEAR(A8) -> 2009 | D8: 44.9 | E8: 145.93346 | H8: 95.44 | I8: -98.9
A9: 39836 | B9: =MONTH(A9) -> 1 | C9: =YEAR(A9) -> 2009 | D9: 44.9 | E9: 145.87728 | H9: 95.44 | I9: -98.9
A10: 39839 | B10: =MONTH(A10) -> 1 | C10: =YEAR(A10) -> 2009 | D10: 79.9 | E10: 151.27991 | H10: 91.22 | I10: -51.3
A11: 39840 | B11: =MONTH(A11) -> 1 | C11: =YEAR(A11) -> 2009 | D11: 79.9 | E11: 151.15361 | H11: 91.22 | I11: -51.3
A12: 39841 | B12: =MONTH(A12) -> 1 | C12: =YEAR(A12) -> 2009 | D12: 79.9 | E12: 151.62543 | H12: 91.22 | I12: -51.3
A13: 39842 | B13: =MONTH(A13) -> 1 | C13: =YEAR(A13) -> 2009 | D13: 79.9 | E13: 153.69656 | H13: 91.22 | I13: -51.3
A14: 39843 | B14: =MONTH(A14) -> 1 | C14: =YEAR(A14) -> 2009 | D14: 79.9 | E14: 155.83725 | H14: 91.22 | I14: -51.3
... A425: 40438 | B425: =MONTH(A425) -> 9 | C425: =YEAR(A425) -> 2010 | D425: -11.56 | E425: 149.92718 | H425: 33.88 | I425: -171.13
A426: 40441 | B426: =MONTH(A426) -> 9 | C426: =YEAR(A426) -> 2010 | E426: 150.54348 | H426: 38.48
A427: 40442 | B427: =MONTH(A427) -> 9 | C427: =YEAR(A427) -> 2010 | E427: 148.41899 | H427: 38.48
A428: 40443 | B428: =MONTH(A428) -> 9 | C428: =YEAR(A428) -> 2010 | E428: 146.77961 | H428: 38.48
A429: 40444 | B429: =MONTH(A429) -> 9 | C429: =YEAR(A429) -> 2010 | E429: 147.76108 | H429: 38.48
A430: 40445 | B430: =MONTH(A430) -> 9 | C430: =YEAR(A430) -> 2010 | E430: 145.81109 | H430: 38.48
A431: 40448 | B431: =MONTH(A431) -> 9 | C431: =YEAR(A431) -> 2010 | D431: -51.45 | E431: 138.88063 | H431: 38.22 | I431: -173.17
A432: 40449 | B432: =MONTH(A432) -> 9 | C432: =YEAR(A432) -> 2010 | D432: -51.45 | E432: 137.60218 | H432: 38.22 | I432: -173.17
A433: 40450 | B433: =MONTH(A433) -> 9 | C433: =YEAR(A433) -> 2010 | D433: -51.45 | E433: 137.10743 | H433: 38.22 | I433: -173.17
A434: 40451 | B434: =MONTH(A434) -> 9 | C434: =YEAR(A434) -> 2010 | D434: -51.45 | E434: 137.08731 | H434: 38.22 | I434: -173.17
A435: 40452 | B435: =MONTH(A435) -> 10 | C435: =YEAR(A435) -> 2010 | D435: -51.45 | E435: 135.50656 | H435: 38.22 | I435: -173.17
A436: 40455 | B436: =MONTH(A436) -> 10 | C436: =YEAR(A436) -> 2010 | D436: -7.27 | E436: 147.11988 | H436: 26.89 | I436: -144.7
A437: 40456 | B437: =MONTH(A437) -> 10 | C437: =YEAR(A437) -> 2010 | D437: -7.27 | E437: 145.50318 | H437: 26.89 | I437: -144.7
A438: 40457 | B438: =MONTH(A438) -> 10 | C438: =YEAR(A438) -> 2010 | D438: -7.27 | E438: 144.41734 | H438: 26.89 | I438: -144.7
A439: 40458 | B439: =MONTH(A439) -> 10 | C439: =YEAR(A439) -> 2010 | D439: -7.27 | E439: 144.52104 | H439: 26.89 | I439: -144.7
A440: 40459 | B440: =MONTH(A440) -> 10 | C440: =YEAR(A440) -> 2010 | D440: -7.27 | E440: 144.3759 | H440: 26.89 | I440: -144.7
A441: 40462 | B441: =MONTH(A441) -> 10 | C441: =YEAR(A441) -> 2010 | D441: -7.96 | E441: 151.23621 | H441: 8.65 | I441: -154.03
A442: 40463 | B442: =MONTH(A442) -> 10 | C442: =YEAR(A442) -> 2010 | D442: -7.96 | E442: 150.68228 | H442: 8.65 | I442: -154.03
... A1096: 41415 | B1096: =MONTH(A1096) -> 5 | C1096: =YEAR(A1096) -> 2013 | D1096: 72.1 | E1096: -0.55792329 | H1096: 101.14 | I1096: 90.11
A1097: 41416 | B1097: =MONTH(A1097) -> 5 | C1097: =YEAR(A1097) -> 2013 | D1097: 72.1 | E1097: -0.56004978 | F1097: 16.52 | H1097: 101.14 | I1097: 90.11
A1098: 41417 | B1098: =MONTH(A1098) -> 5 | C1098: =YEAR(A1098) -> 2013 | D1098: 72.1 | E1098: -0.5566293 | F1098: 16.52 | H1098: 101.14 | I1098: 90.11
A1099: 41418 | B1099: =MONTH(A1099) -> 5 | C1099: =YEAR(A1099) -> 2013 | D1099: 72.1 | E1099: -0.55688762 | F1099: 16.52 | H1099: 101.14 | I1099: 90.11
A1100: 41422 | B1100: =MONTH(A1100) -> 5 | C1100: =YEAR(A1100) -> 2013 | D1100: 107.9 | E1100: 5.9592345 | F1100: 41.98 | H1100: 118.57 | I1100: 101.6
A1101: 41423 | B1101: =MONTH(A1101) -> 5 | C1101: =YEAR(A1101) -> 2013 | D1101: 107.9 | E1101: 5.9205441 | F1101: 41.98 | H1101: 118.57 | I1101: 101.6
A1102: 41424 | B1102: =MONTH(A1102) -> 5 | C1102: =YEAR(A1102) -> 2013 | D1102: 107.9 | E1102: 5.8706315 | F1102: 41.98 | H1102: 118.57 | I1102: 101.6
A1103: 41425 | B1103: =MONTH(A1103) -> 5 | C1103: =YEAR(A1103) -> 2013 | D1103: 107.9 | E1103: 5.8945748 | F1103: 41.98 | H1103: 118.57 | I1103: 101.6
A1104: 41428 | B1104: =MONTH(A1104) -> 6 | C1104: =YEAR(A1104) -> 2013 | D1104: 94.33 | E1104: 6.6768642 | F1104: 35.55 | H1104: 111.73 | I1104: 101.11
A1105: 41429 | B1105: =MONTH(A1105) -> 6 | C1105: =YEAR(A1105) -> 2013 | D1105: 94.33 | E1105: 6.6753326 | F1105: 35.55 | H1105: 111.73 | I1105: 101.11
A1106: 41430 | B1106: =MONTH(A1106) -> 6 | C1106: =YEAR(A1106) -> 2013 | D1106: 94.33 | E1106: 6.667685 | F1106: 35.55 | H1106: 111.73 | I1106: 101.11
A1107: 41431 | B1107: =MONTH(A1107) -> 6 | C1107: =YEAR(A1107) -> 2013 | D1107: 94.33 | E1107: 6.5911665 | F1107: 35.55 | H1107: 111.73 | I1107: 101.11
A1108: 41432 | B1108: =MONTH(A1108) -> 6 | C1108: =YEAR(A1108) -> 2013 | D1108: 94.33 | E1108: 6.602632 | F1108: 35.55 | H1108: 111.73 | I1108: 101.11
... A2495: 43441 | B2495: =MONTH(A2495) -> 12 | C2495: =YEAR(A2495) -> 2018 | D2495: 26.07 | E2495: 36.29571 | F2495: -30.24 | H2495: 62.68 | I2495: 34.79
A2496: 43444 | B2496: =MONTH(A2496) -> 12 | C2496: =YEAR(A2496) -> 2018 | D2496: 9.4 | F2496: -52.01 | H2496: 45.82 | I2496: 52.4
A2497: 43445 | B2497: =MONTH(A2497) -> 12 | C2497: =YEAR(A2497) -> 2018 | D2497: 9.4 | F2497: -52.01 | H2497: 45.82 | I2497: 52.4
A2498: 43446 | B2498: =MONTH(A2498) -> 12 | C2498: =YEAR(A2498) -> 2018 | D2498: 9.4 | F2498: -52.01 | H2498: 45.82 | I2498: 52.4
A2499: 43447 | B2499: =MONTH(A2499) -> 12 | C2499: =YEAR(A2499) -> 2018 | D2499: 9.4 | F2499: -52.01 | H2499: 45.82 | I2499: 52.4
A2500: 43448 | B2500: =MONTH(A2500) -> 12 | C2500: =YEAR(A2500) -> 2018 | D2500: 9.4 | F2500: -52.01 | H2500: 45.82 | I2500: 52.4
A2501: 43451 | B2501: =MONTH(A2501) -> 12 | C2501: =YEAR(A2501) -> 2018 | D2501: -8.21 | F2501: -62.55 | H2501: 29.82 | I2501: 42.52
A2502: 43452 | B2502: =MONTH(A2502) -> 12 | C2502: =YEAR(A2502) -> 2018 | D2502: -8.21 | F2502: -62.55 | H2502: 29.82 | I2502: 42.52
A2503: 43453 | B2503: =MONTH(A2503) -> 12 | C2503: =YEAR(A2503) -> 2018 | D2503: -8.21 | F2503: -62.55 | H2503: 29.82 | I2503: 42.52
A2504: 43454 | B2504: =MONTH(A2504) -> 12 | C2504: =YEAR(A2504) -> 2018 | D2504: -8.21 | F2504: -62.55 | H2504: 29.82 | I2504: 42.52
A2505: 43455 | B2505: =MONTH(A2505) -> 12 | C2505: =YEAR(A2505) -> 2018 | D2505: -8.21 | F2505: -62.55 | H2505: 29.82 | I2505: 42.52
A2506: 43458 | B2506: =MONTH(A2506) -> 12 | C2506: =YEAR(A2506) -> 2018 | D2506: -13.36 | F2506: -69.03 | H2506: 17.85 | I2506: 27.64
A2507: 43460 | B2507: =MONTH(A2507) -> 12 | C2507: =YEAR(A2507) -> 2018 | D2507: -13.36 | F2507: -69.03 | H2507: 17.85 | I2507: 27.64
... A2761: 43830 | B2761: =MONTH(A2761) -> 12 | C2761: =YEAR(A2761) -> 2019 | D2761: 24.94 | F2761: -25.58 | H2761: 83.17 | I2761: 40.62
A2762: 43832 | B2762: =MONTH(A2762) -> 1 | C2762: =YEAR(A2762) -> 2020 | D2762: 24.94 | E2762: 67.95 | F2762: -25.58 | H2762: 83.17 | I2762: 40.62
A2763: 43833 | B2763: =MONTH(A2763) -> 1 | C2763: =YEAR(A2763) -> 2020 | D2763: 24.94 | E2763: 63.99 | F2763: -25.58 | H2763: 83.17 | I2763: 40.62
A2764: 43836 | B2764: =MONTH(A2764) -> 1 | C2764: =YEAR(A2764) -> 2020 | D2764: 54.05 | E2764: 62.29 | F2764: 4.67 | H2764: 105.69 | I2764: 95.65
A2765: 43837 | B2765: =MONTH(A2765) -> 1 | C2765: =YEAR(A2765) -> 2020 | D2765: 54.05 | E2765: 65.34 | F2765: 4.67 | H2765: 105.69 | I2765: 95.65
A2766: 43838 | B2766: =MONTH(A2766) -> 1 | C2766: =YEAR(A2766) -> 2020 | D2766: 54.05 | E2766: 61.79 | F2766: 4.67 | H2766: 105.69 | I2766: 95.65
A2767: 43839 | B2767: =MONTH(A2767) -> 1 | C2767: =YEAR(A2767) -> 2020 | D2767: 54.05 | E2767: 62.56 | F2767: 4.67 | H2767: 105.69 | I2767: 95.65
A2768: 43840 | B2768: =MONTH(A2768) -> 1 | C2768: =YEAR(A2768) -> 2020 | D2768: 54.05 | E2768: 64.24 | F2768: 4.67 | H2768: 105.69 | I2768: 95.65
A2769: 43843 | B2769: =MONTH(A2769) -> 1 | C2769: =YEAR(A2769) -> 2020 | D2769: 32.69 | E2769: 58.67 | F2769: -9.64 | H2769: 86.73 | I2769: 56.68
A2770: 43844 | B2770: =MONTH(A2770) -> 1 | C2770: =YEAR(A2770) -> 2020 | D2770: 32.69 | E2770: 49.83 | F2770: -9.64 | H2770: 86.73 | I2770: 56.68
A2771: 43845 | B2771: =MONTH(A2771) -> 1 | C2771: =YEAR(A2771) -> 2020 | D2771: 32.69 | E2771: 49.04 | F2771: -9.64 | H2771: 86.73 | I2771: 56.68
A2772: 43846 | B2772: =MONTH(A2772) -> 1 | C2772: =YEAR(A2772) -> 2020 | D2772: 32.69 | E2772: 45.03 | F2772: -9.64 | H2772: 86.73 | I2772: 56.68
A2773: 43847 | B2773: =MONTH(A2773) -> 1 | C2773: =YEAR(A2773) -> 2020 | D2773: 32.69 | E2773: 44.83 | F2773: -9.64 | H2773: 86.73 | I2773: 56.68
A2774: 2020-01-20 | B2774: =MONTH(A2774) -> 1 | C2774: =YEAR(A2774) -> 2020 | D2774: 8.39 | E2774: 47.56 | F2774: -30.45 | H2774: 60.88 | I2774: 67.6
A2775: 43851 | B2775: =MONTH(A2775) -> 1 | C2775: =YEAR(A2775) -> 2020 | D2775: 8.39 | E2775: 46.62 | F2775: -30.45 | H2775: 60.88 | I2775: 67.6
A2776: 43852 | B2776: =MONTH(A2776) -> 1 | C2776: =YEAR(A2776) -> 2020 | D2776: 8.39 | E2776: 48.08 | F2776: -30.45 | H2776: 60.88 | I2776: 67.6
A2777: 43853 | B2777: =MONTH(A2777) -> 1 | C2777: =YEAR(A2777) -> 2020 | D2777: 8.39 | E2777: 51.2 | F2777: -30.45 | H2777: 60.88 | I2777: 67.6
A2778: 43854 | B2778: =MONTH(A2778) -> 1 | C2778: =YEAR(A2778) -> 2020 | D2778: 8.39 | E2778: 51.49 | F2778: -30.45 | H2778: 60.88 | I2778: 67.6
A2779: 43857 | B2779: =MONTH(A2779) -> 1 | C2779: =YEAR(A2779) -> 2020 | D2779: 18.68 | E2779: 50.27 | F2779: -17.95 | H2779: 63.47 | I2779: 77.12
A2780: 43858 | B2780: =MONTH(A2780) -> 1 | C2780: =YEAR(A2780) -> 2020 | D2780: 18.68 | E2780: 49.31 | F2780: -17.95 | H2780: 63.47 | I2780: 77.12
A2781: 43859 | B2781: =MONTH(A2781) -> 1 | C2781: =YEAR(A2781) -> 2020 | D2781: 18.68 | E2781: 59.99 | F2781: -17.95 | H2781: 63.47 | I2781: 77.12
A2782: 43860 | B2782: =MONTH(A2782) -> 1 | C2782: =YEAR(A2782) -> 2020 | D2782: 18.68 | E2782: 58.1 | F2782: -17.95 | H2782: 63.47 | I2782: 77.12
A2783: 43861 | B2783: =MONTH(A2783) -> 1 | C2783: =YEAR(A2783) -> 2020 | D2783: 18.68 | E2783: 51.26 | F2783: -17.95 | H2783: 63.47 | I2783: 77.12
A2784: 43864 | B2784: =MONTH(A2784) -> 2 | C2784: =YEAR(A2784) -> 2020 | D2784: 38.62 | E2784: 42.9 | F2784: 0.49 | H2784: 91.31 | I2784: 110.17
A2785: 43865 | B2785: =MONTH(A2785) -> 2 | C2785: =YEAR(A2785) -> 2020 | D2785: 38.62 | E2785: 41.13 | F2785: 0.49 | H2785: 91.31 | I2785: 110.17
A2786: 43866 | B2786: =MONTH(A2786) -> 2 | C2786: =YEAR(A2786) -> 2020 | D2786: 38.62 | E2786: 41.23 | F2786: 0.49 | H2786: 91.31 | I2786: 110.17
... A2793: 43875 | B2793: =MONTH(A2793) -> 2 | C2793: =YEAR(A2793) -> 2020 | D2793: 40.25 | E2793: 16.73 | F2793: 5.23 | H2793: 98.19 | I2793: 76.44
A2794: 2020-02-17 | B2794: =MONTH(A2794) -> 2 | C2794: =YEAR(A2794) -> 2020 | D2794: 47.8 | E2794: 17.16 | F2794: 10.62 | H2794: 97.35 | I2794: 78.35
A2795: 43879 | B2795: =MONTH(A2795) -> 2 | C2795: =YEAR(A2795) -> 2020 | D2795: 47.8 | E2795: 14.08 | F2795: 10.62 | H2795: 97.35 | I2795: 78.35
A2796: 43880 | B2796: =MONTH(A2796) -> 2 | C2796: =YEAR(A2796) -> 2020 | D2796: 47.8 | E2796: 15.53 | F2796: 10.62 | H2796: 97.35 | I2796: 78.35
A2797: 43881 | B2797: =MONTH(A2797) -> 2 | C2797: =YEAR(A2797) -> 2020 | D2797: 47.8 | E2797: 21.4 | F2797: 10.62 | H2797: 97.35 | I2797: 78.35
A2798: 43882 | B2798: =MONTH(A2798) -> 2 | C2798: =YEAR(A2798) -> 2020 | D2798: 47.8 | E2798: 24.38 | F2798: 10.62 | H2798: 97.35 | I2798: 78.35
A2799: 43885 | B2799: =MONTH(A2799) -> 2 | C2799: =YEAR(A2799) -> 2020 | D2799: 44.4 | E2799: 27.62 | F2799: 7.07 | H2799: 96.26 | I2799: 90.69
A2800: 43886 | B2800: =MONTH(A2800) -> 2 | C2800: =YEAR(A2800) -> 2020 | D2800: 44.4 | E2800: 28.27 | F2800: 7.07 | H2800: 96.26 | I2800: 90.69
A2801: 43887 | B2801: =MONTH(A2801) -> 2 | C2801: =YEAR(A2801) -> 2020 | D2801: 44.4 | E2801: 31.89 | F2801: 7.07 | H2801: 96.26 | I2801: 90.69
A2802: 43888 | B2802: =MONTH(A2802) -> 2 | C2802: =YEAR(A2802) -> 2020 | D2802: 44.4 | E2802: 45.32 | F2802: 7.07 | H2802: 96.26 | I2802: 90.69
A2803: 43889 | B2803: =MONTH(A2803) -> 2 | C2803: =YEAR(A2803) -> 2020 | D2803: 44.4 | E2803: 42.24 | F2803: 7.07 | H2803: 96.26 | I2803: 90.69
A2804: 43892 | B2804: =MONTH(A2804) -> 3 | C2804: =YEAR(A2804) -> 2020 | D2804: 42.25 | E2804: 42.94 | F2804: -10.46 | H2804: 94.76 | I2804: 76.92
A2805: 43893 | B2805: =MONTH(A2805) -> 3 | C2805: =YEAR(A2805) -> 2020 | D2805: 42.25 | E2805: 54.7 | F2805: -10.46 | H2805: 94.76 | I2805: 76.92
A2806: 43894 | B2806: =MONTH(A2806) -> 3 | C2806: =YEAR(A2806) -> 2020 | D2806: 42.25 | E2806: 59.53 | F2806: -10.46 | H2806: 94.76 | I2806: 76.92
... A2832: 43930 | B2832: =MONTH(A2832) -> 4 | C2832: =YEAR(A2832) -> 2020 | D2832: 78.24 | E2832: 39.65 | F2832: 23.62 | H2832: 110.64 | I2832: 132.07
A2833: 43934 | B2833: =MONTH(A2833) -> 4 | C2833: =YEAR(A2833) -> 2020 | D2833: 86.91 | F2833: 33.52 | H2833: 106.64 | I2833: 135.6
...

Sheet Crush Margins Monthly
B1: Month | C1: Year | D1: North West Europe | E1: Ukraine | F1: Argentina | G1: Russia | H1: France | I1: Italy
A2: 39814 | B2: =MONTH(A2) -> 1 | C2: =YEAR(A2) -> 2009 | D2: =AVERAGEIFS('Crush Margins'!D$2:D$3200,'Crush Margins'!$B$2:$B$3200,'Crush Margins Monthly'!$B2,'Crush Margins'!$C$2:$C$3200,'Crush Margins Monthly'!$C2) -> 56.853846 | E2: =AVERAGEIFS('Crush Margins'!E$2:E$3200,'Crush Margins'!$B$2:$B$3200,'Crush Margins Monthly'!$B2,'Crush Margins'!$C$2:$C$3200,'Crush Margins Monthly'!$C2) -> 147.15104 | H2: =AVERAGEIFS('Crush Margins'!H$2:H$3200,'Crush Margins'!$B$2:$B$3200,'Crush Margins Monthly'!$B2,'Crush Margins'!$C$2:$C$3200,'Crush Margins Monthly'!$C2) -> 97.021667 | I2: =AVERAGEIFS('Crush Margins'!I$2:I$3200,'Crush Margins'!$B$2:$B$3200,'Crush Margins Monthly'!$B2,'Crush Margins'!$C$2:$C$3200,'Crush Margins Monthly'!$C2) -> -76.961538
A3: 39845 | B3: =MONTH(A3) -> 2 | C3: =YEAR(A3) -> 2009 | D3: =AVERAGEIFS('Crush Margins'!D$2:D$3200,'Crush Margins'!$B$2:$B$3200,'Crush Margins Monthly'!$B3,'Crush Margins'!$C$2:$C$3200,'Crush Margins Monthly'!$C3) -> 86.563158 | E3: =AVERAGEIFS('Crush Margins'!E$2:E$3200,'Crush Margins'!$B$2:$B$3200,'Crush Margins Monthly'!$B3,'Crush Margins'!$C$2:$C$3200,'Crush Margins Monthly'!$C3) -> 160.37608 | H3: =AVERAGEIFS('Crush Margins'!H$2:H$3200,'Crush Margins'!$B$2:$B$3200,'Crush Margins Monthly'!$B3,'Crush Margins'!$C$2:$C$3200,'Crush Margins Monthly'!$C3) -> 72.014211 | I3: =AVERAGEIFS('Crush Margins'!I$2:I$3200,'Crush Margins'!$B$2:$B$3200,'Crush Margins Monthly'!$B3,'Crush Margins'!$C$2:$C$3200,'Crush Margins Monthly'!$C3) -> -57.815789
A4: 39873 | B4: =MONTH(A4) -> 3 | C4: =YEAR(A4) -> 2009 | D4: =AVERAGEIFS('Crush Margins'!D$2:D$3200,'Crush Margins'!$B$2:$B$3200,'Crush Margins Monthly'!$B4,'Crush Margins'!$C$2:$C$3200,'Crush Margins Monthly'!$C4) -> 99.268182 | E4: =AVERAGEIFS('Crush Margins'!E$2:E$3200,'Crush Margins'!$B$2:$B$3200,'Crush Margins Monthly'!$B4,'Crush Margins'!$C$2:$C$3200,'Crush Margins Monthly'!$C4) -> 155.04291 | H4: =AVERAGEIFS('Crush Margins'!H$2:H$3200,'Crush Margins'!$B$2:$B$3200,'Crush Margins Monthly'!$B4,'Crush Margins'!$C$2:$C$3200,'Crush Margins Monthly'!$C4) -> 58.014091 | I4: =AVERAGEIFS('Crush Margins'!I$2:I$3200,'Crush Margins'!$B$2:$B$3200,'Crush Margins Monthly'!$B4,'Crush Margins'!$C$2:$C$3200,'Crush Margins Monthly'!$C4) -> -58.159091
A5: 39904 | B5: =MONTH(A5) -> 4 | C5: =YEAR(A5) -> 2009 | D5: =AVERAGEIFS('Crush Margins'!D$2:D$3200,'Crush Margins'!$B$2:$B$3200,'Crush Margins Monthly'!$B5,'Crush Margins'!$C$2:$C$3200,'Crush Margins Monthly'!$C5) -> 128.75714 | E5: =AVERAGEIFS('Crush Margins'!E$2:E$3200,'Crush Margins'!$B$2:$B$3200,'Crush Margins Monthly'!$B5,'Crush Margins'!$C$2:$C$3200,'Crush Margins Monthly'!$C5) -> 166.43726 | H5: =AVERAGEIFS('Crush Margins'!H$2:H$3200,'Crush Margins'!$B$2:$B$3200,'Crush Margins Monthly'!$B5,'Crush Margins'!$C$2:$C$3200,'Crush Margins Monthly'!$C5) -> 67.819524 | I5: =AVERAGEIFS('Crush Margins'!I$2:I$3200,'Crush Margins'!$B$2:$B$3200,'Crush Margins Monthly'!$B5,'Crush Margins'!$C$2:$C$3200,'Crush Margins Monthly'!$C5) -> -73.766667
A6: 39934 | B6: =MONTH(A6) -> 5 | C6: =YEAR(A6) -> 2009 | D6: =AVERAGEIFS('Crush Margins'!D$2:D$3200,'Crush Margins'!$B$2:$B$3200,'Crush Margins Monthly'!$B6,'Crush Margins'!$C$2:$C$3200,'Crush Margins Monthly'!$C6) -> 119.99 | E6: =AVERAGEIFS('Crush Margins'!E$2:E$3200,'Crush Margins'!$B$2:$B$3200,'Crush Margins Monthly'!$B6,'Crush Margins'!$C$2:$C$3200,'Crush Margins Monthly'!$C6) -> 174.61178 | H6: =AVERAGEIFS('Crush Margins'!H$2:H$3200,'Crush Margins'!$B$2:$B$3200,'Crush Margins Monthly'!$B6,'Crush Margins'!$C$2:$C$3200,'Crush Margins Monthly'!$C6) -> 37.197 | I6: =AVERAGEIFS('Crush Margins'!I$2:I$3200,'Crush Margins'!$B$2:$B$3200,'Crush Margins Monthly'!$B6,'Crush Margins'!$C$2:$C$3200,'Crush Margins Monthly'!$C6) -> -89.29
A7: 39965 | B7: =MONTH(A7) -> 6 | C7: =YEAR(A7) -> 2009 | D7: =AVERAGEIFS('Crush Margins'!D$2:D$3200,'Crush Margins'!$B$2:$B$3200,'Crush Margins Monthly'!$B7,'Crush Margins'!$C$2:$C$3200,'Crush Margins Monthly'!$C7) -> 52.154545 | E7: =AVERAGEIFS('Crush Margins'!E$2:E$3200,'Crush Margins'!$B$2:$B$3200,'Crush Margins Monthly'!$B7,'Crush Margins'!$C$2:$C$3200,'Crush Margins Monthly'!$C7) -> 185.35106 | H7: =AVERAGEIFS('Crush Margins'!H$2:H$3200,'Crush Margins'!$B$2:$B$3200,'Crush Margins Monthly'!$B7,'Crush Margins'!$C$2:$C$3200,'Crush Margins Monthly'!$C7) -> 26.480909 | I7: =AVERAGEIFS('Crush Margins'!I$2:I$3200,'Crush Margins'!$B$2:$B$3200,'Crush Margins Monthly'!$B7,'Crush Margins'!$C$2:$C$3200,'Crush Margins Monthly'!$C7) -> -108.99545
A8: 39995 | B8: =MONTH(A8) -> 7 | C8: =YEAR(A8) -> 2009 | D8: =AVERAGEIFS('Crush Margins'!D$2:D$3200,'Crush Margins'!$B$2:$B$3200,'Crush Margins Monthly'!$B8,'Crush Margins'!$C$2:$C$3200,'Crush Margins Monthly'!$C8) -> 37.427273 | E8: =AVERAGEIFS('Crush Margins'!E$2:E$3200,'Crush Margins'!$B$2:$B$3200,'Crush Margins Monthly'!$B8,'Crush Margins'!$C$2:$C$3200,'Crush Margins Monthly'!$C8) -> 149.21545 | H8: =AVERAGEIFS('Crush Margins'!H$2:H$3200,'Crush Margins'!$B$2:$B$3200,'Crush Margins Monthly'!$B8,'Crush Margins'!$C$2:$C$3200,'Crush Margins Monthly'!$C8) -> 37.462727 | I8: =AVERAGEIFS('Crush Margins'!I$2:I$3200,'Crush Margins'!$B$2:$B$3200,'Crush Margins Monthly'!$B8,'Crush Margins'!$C$2:$C$3200,'Crush Margins Monthly'!$C8) -> -100.60909
A9: 40026 | B9: =MONTH(A9) -> 8 | C9: =YEAR(A9) -> 2009 | D9: =AVERAGEIFS('Crush Margins'!D$2:D$3200,'Crush Margins'!$B$2:$B$3200,'Crush Margins Monthly'!$B9,'Crush Margins'!$C$2:$C$3200,'Crush Margins Monthly'!$C9) -> 19.785714 | E9: =AVERAGEIFS('Crush Margins'!E$2:E$3200,'Crush Margins'!$B$2:$B$3200,'Crush Margins Monthly'!$B9,'Crush Margins'!$C$2:$C$3200,'Crush Margins Monthly'!$C9) -> 160.53445 | H9: =AVERAGEIFS('Crush Margins'!H$2:H$3200,'Crush Margins'!$B$2:$B$3200,'Crush Margins Monthly'!$B9,'Crush Margins'!$C$2:$C$3200,'Crush Margins Monthly'!$C9) -> 29.214762 | I9: =AVERAGEIFS('Crush Margins'!I$2:I$3200,'Crush Margins'!$B$2:$B$3200,'Crush Margins Monthly'!$B9,'Crush Margins'!$C$2:$C$3200,'Crush Margins Monthly'!$C9) -> -114.47619
A10: 40057 | B10: =MONTH(A10) -> 9 | C10: =YEAR(A10) -> 2009 | D10: =AVERAGEIFS('Crush Margins'!D$2:D$3200,'Crush Margins'!$B$2:$B$3200,'Crush Margins Monthly'!$B10,'Crush Margins'!$C$2:$C$3200,'Crush Margins Monthly'!$C10) -> 23 | E10: =AVERAGEIFS('Crush Margins'!E$2:E$3200,'Crush Margins'!$B$2:$B$3200,'Crush Margins Monthly'!$B10,'Crush Margins'!$C$2:$C$3200,'Crush Margins Monthly'!$C10) -> 137.66351 | H10: =AVERAGEIFS('Crush Margins'!H$2:H$3200,'Crush Margins'!$B$2:$B$3200,'Crush Margins Monthly'!$B10,'Crush Margins'!$C$2:$C$3200,'Crush Margins Monthly'!$C10) -> 50.341905 | I10: =AVERAGEIFS('Crush Margins'!I$2:I$3200,'Crush Margins'!$B$2:$B$3200,'Crush Margins Monthly'!$B10,'Crush Margins'!$C$2:$C$3200,'Crush Margins Monthly'!$C10) -> -151.98095
A11: 40087 | B11: =MONTH(A11) -> 10 | C11: =YEAR(A11) -> 2009 | D11: =AVERAGEIFS('Crush Margins'!D$2:D$3200,'Crush Margins'!$B$2:$B$3200,'Crush Margins Monthly'!$B11,'Crush Margins'!$C$2:$C$3200,'Crush Margins Monthly'!$C11) -> 36.118182 | E11: =AVERAGEIFS('Crush Margins'!E$2:E$3200,'Crush Margins'!$B$2:$B$3200,'Crush Margins Monthly'!$B11,'Crush Margins'!$C$2:$C$3200,'Crush Margins Monthly'!$C11) -> 128.69212 | H11: =AVERAGEIFS('Crush Margins'!H$2:H$3200,'Crush Margins'!$B$2:$B$3200,'Crush Margins Monthly'!$B11,'Crush Margins'!$C$2:$C$3200,'Crush Margins Monthly'!$C11) -> 37.914091 | I11: =AVERAGEIFS('Crush Margins'!I$2:I$3200,'Crush Margins'!$B$2:$B$3200,'Crush Margins Monthly'!$B11,'Crush Margins'!$C$2:$C$3200,'Crush Margins Monthly'!$C11) -> -99.622727
A12: 40118 | B12: =MONTH(A12) -> 11 | C12: =YEAR(A12) -> 2009 | D12: =AVERAGEIFS('Crush Margins'!D$2:D$3200,'Crush Margins'!$B$2:$B$3200,'Crush Margins Monthly'!$B12,'Crush Margins'!$C$2:$C$3200,'Crush Margins Monthly'!$C12) -> 33.055 | E12: =AVERAGEIFS('Crush Margins'!E$2:E$3200,'Crush Margins'!$B$2:$B$3200,'Crush Margins Monthly'!$B12,'Crush Margins'!$C$2:$C$3200,'Crush Margins Monthly'!$C12) -> 118.83305 | H12: =AVERAGEIFS('Crush Margins'!H$2:H$3200,'Crush Margins'!$B$2:$B$3200,'Crush Margins Monthly'!$B12,'Crush Margins'!$C$2:$C$3200,'Crush Margins Monthly'!$C12) -> 15.3475 | I12: =AVERAGEIFS('Crush Margins'!I$2:I$3200,'Crush Margins'!$B$2:$B$3200,'Crush Margins Monthly'!$B12,'Crush Margins'!$C$2:$C$3200,'Crush Margins Monthly'!$C12) -> -104.105
A13: 40148 | B13: =MONTH(A13) -> 12 | C13: =YEAR(A13) -> 2009 | D13: =AVERAGEIFS('Crush Margins'!D$2:D$3200,'Crush Margins'!$B$2:$B$3200,'Crush Margins Monthly'!$B13,'Crush Margins'!$C$2:$C$3200,'Crush Margins Monthly'!$C13) -> 24.368182 | E13: =AVERAGEIFS('Crush Margins'!E$2:E$3200,'Crush Margins'!$B$2:$B$3200,'Crush Margins Monthly'!$B13,'Crush Margins'!$C$2:$C$3200,'Crush Margins Monthly'!$C13) -> 115.76109 | H13: =AVERAGEIFS('Crush Margins'!H$2:H$3200,'Crush Margins'!$B$2:$B$3200,'Crush Margins Monthly'!$B13,'Crush Margins'!$C$2:$C$3200,'Crush Margins Monthly'!$C13) -> 20.153636 | I13: =AVERAGEIFS('Crush Margins'!I$2:I$3200,'Crush Margins'!$B$2:$B$3200,'Crush Margins Monthly'!$B13,'Crush Margins'!$C$2:$C$3200,'Crush Margins Monthly'!$C13) -> -117.67273
... A53: 41365 | B53: =MONTH(A53) -> 4 | C53: =YEAR(A53) -> 2013 | D53: =AVERAGEIFS('Crush Margins'!D$2:D$3200,'Crush Margins'!$B$2:$B$3200,'Crush Margins Monthly'!$B53,'Crush Margins'!$C$2:$C$3200,'Crush Margins Monthly'!$C53) -> 48.982727 | E53: =AVERAGEIFS('Crush Margins'!E$2:E$3200,'Crush Margins'!$B$2:$B$3200,'Crush Margins Monthly'!$B53,'Crush Margins'!$C$2:$C$3200,'Crush Margins Monthly'!$C53) -> 0.27020591 | H53: =AVERAGEIFS('Crush Margins'!H$2:H$3200,'Crush Margins'!$B$2:$B$3200,'Crush Margins Monthly'!$B53,'Crush Margins'!$C$2:$C$3200,'Crush Margins Monthly'!$C53) -> 84.365 | I53: =AVERAGEIFS('Crush Margins'!I$2:I$3200,'Crush Margins'!$B$2:$B$3200,'Crush Margins Monthly'!$B53,'Crush Margins'!$C$2:$C$3200,'Crush Margins Monthly'!$C53) -> 374.18727
A54: 41395 | B54: =MONTH(A54) -> 5 | C54: =YEAR(A54) -> 2013 | D54: =AVERAGEIFS('Crush Margins'!D$2:D$3200,'Crush Margins'!$B$2:$B$3200,'Crush Margins Monthly'!$B54,'Crush Margins'!$C$2:$C$3200,'Crush Margins Monthly'!$C54) -> 71.376364 | E54: =AVERAGEIFS('Crush Margins'!E$2:E$3200,'Crush Margins'!$B$2:$B$3200,'Crush Margins Monthly'!$B54,'Crush Margins'!$C$2:$C$3200,'Crush Margins Monthly'!$C54) -> 8.1241776 | F54: =AVERAGEIFS('Crush Margins'!F$2:F$3200,'Crush Margins'!$B$2:$B$3200,'Crush Margins Monthly'!$B54,'Crush Margins'!$C$2:$C$3200,'Crush Margins Monthly'!$C54) -> 31.068571 | H54: =AVERAGEIFS('Crush Margins'!H$2:H$3200,'Crush Margins'!$B$2:$B$3200,'Crush Margins Monthly'!$B54,'Crush Margins'!$C$2:$C$3200,'Crush Margins Monthly'!$C54) -> 94.35 | I54: =AVERAGEIFS('Crush Margins'!I$2:I$3200,'Crush Margins'!$B$2:$B$3200,'Crush Margins Monthly'!$B54,'Crush Margins'!$C$2:$C$3200,'Crush Margins Monthly'!$C54) -> 157.64455
A55: 41426 | B55: =MONTH(A55) -> 6 | C55: =YEAR(A55) -> 2013 | D55: =AVERAGEIFS('Crush Margins'!D$2:D$3200,'Crush Margins'!$B$2:$B$3200,'Crush Margins Monthly'!$B55,'Crush Margins'!$C$2:$C$3200,'Crush Margins Monthly'!$C55) -> 90.145 | E55: =AVERAGEIFS('Crush Margins'!E$2:E$3200,'Crush Margins'!$B$2:$B$3200,'Crush Margins Monthly'!$B55,'Crush Margins'!$C$2:$C$3200,'Crush Margins Monthly'!$C55) -> 13.090931 | F55: =AVERAGEIFS('Crush Margins'!F$2:F$3200,'Crush Margins'!$B$2:$B$3200,'Crush Margins Monthly'!$B55,'Crush Margins'!$C$2:$C$3200,'Crush Margins Monthly'!$C55) -> 35.035 | H55: =AVERAGEIFS('Crush Margins'!H$2:H$3200,'Crush Margins'!$B$2:$B$3200,'Crush Margins Monthly'!$B55,'Crush Margins'!$C$2:$C$3200,'Crush Margins Monthly'!$C55) -> 103.1325 | I55: =AVERAGEIFS('Crush Margins'!I$2:I$3200,'Crush Margins'!$B$2:$B$3200,'Crush Margins Monthly'!$B55,'Crush Margins'!$C$2:$C$3200,'Crush Margins Monthly'!$C55) -> 95.3
A56: 41456 | B56: =MONTH(A56) -> 7 | C56: =YEAR(A56) -> 2013 | D56: =AVERAGEIFS('Crush Margins'!D$2:D$3200,'Crush Margins'!$B$2:$B$3200,'Crush Margins Monthly'!$B56,'Crush Margins'!$C$2:$C$3200,'Crush Margins Monthly'!$C56) -> 61.058182 | E56: =AVERAGEIFS('Crush Margins'!E$2:E$3200,'Crush Margins'!$B$2:$B$3200,'Crush Margins Monthly'!$B56,'Crush Margins'!$C$2:$C$3200,'Crush Margins Monthly'!$C56) -> 44.913237 | F56: =AVERAGEIFS('Crush Margins'!F$2:F$3200,'Crush Margins'!$B$2:$B$3200,'Crush Margins Monthly'!$B56,'Crush Margins'!$C$2:$C$3200,'Crush Margins Monthly'!$C56) -> 50.756818 | H56: =AVERAGEIFS('Crush Margins'!H$2:H$3200,'Crush Margins'!$B$2:$B$3200,'Crush Margins Monthly'!$B56,'Crush Margins'!$C$2:$C$3200,'Crush Margins Monthly'!$C56) -> 85.672727 | I56: =AVERAGEIFS('Crush Margins'!I$2:I$3200,'Crush Margins'!$B$2:$B$3200,'Crush Margins Monthly'!$B56,'Crush Margins'!$C$2:$C$3200,'Crush Margins Monthly'!$C56) -> 75.874091
A57: 41487 | B57: =MONTH(A57) -> 8 | C57: =YEAR(A57) -> 2013 | D57: =AVERAGEIFS('Crush Margins'!D$2:D$3200,'Crush Margins'!$B$2:$B$3200,'Crush Margins Monthly'!$B57,'Crush Margins'!$C$2:$C$3200,'Crush Margins Monthly'!$C57) -> 30.740455 | E57: =AVERAGEIFS('Crush Margins'!E$2:E$3200,'Crush Margins'!$B$2:$B$3200,'Crush Margins Monthly'!$B57,'Crush Margins'!$C$2:$C$3200,'Crush Margins Monthly'!$C57) -> 60.17033 | F57: =AVERAGEIFS('Crush Margins'!F$2:F$3200,'Crush Margins'!$B$2:$B$3200,'Crush Margins Monthly'!$B57,'Crush Margins'!$C$2:$C$3200,'Crush Margins Monthly'!$C57) -> 44.391818 | H57: =AVERAGEIFS('Crush Margins'!H$2:H$3200,'Crush Margins'!$B$2:$B$3200,'Crush Margins Monthly'!$B57,'Crush Margins'!$C$2:$C$3200,'Crush Margins Monthly'!$C57) -> 102.26727 | I57: =AVERAGEIFS('Crush Margins'!I$2:I$3200,'Crush Margins'!$B$2:$B$3200,'Crush Margins Monthly'!$B57,'Crush Margins'!$C$2:$C$3200,'Crush Margins Monthly'!$C57) -> 89.786818
A58: 41518 | B58: =MONTH(A58) -> 9 | C58: =YEAR(A58) -> 2013 | D58: =AVERAGEIFS('Crush Margins'!D$2:D$3200,'Crush Margins'!$B$2:$B$3200,'Crush Margins Monthly'!$B58,'Crush Margins'!$C$2:$C$3200,'Crush Margins Monthly'!$C58) -> 19.9285 | E58: =AVERAGEIFS('Crush Margins'!E$2:E$3200,'Crush Margins'!$B$2:$B$3200,'Crush Margins Monthly'!$B58,'Crush Margins'!$C$2:$C$3200,'Crush Margins Monthly'!$C58) -> 61.369469 | F58: =AVERAGEIFS('Crush Margins'!F$2:F$3200,'Crush Margins'!$B$2:$B$3200,'Crush Margins Monthly'!$B58,'Crush Margins'!$C$2:$C$3200,'Crush Margins Monthly'!$C58) -> 7.69 | H58: =AVERAGEIFS('Crush Margins'!H$2:H$3200,'Crush Margins'!$B$2:$B$3200,'Crush Margins Monthly'!$B58,'Crush Margins'!$C$2:$C$3200,'Crush Margins Monthly'!$C58) -> 55.4565 | I58: =AVERAGEIFS('Crush Margins'!I$2:I$3200,'Crush Margins'!$B$2:$B$3200,'Crush Margins Monthly'!$B58,'Crush Margins'!$C$2:$C$3200,'Crush Margins Monthly'!$C58) -> 71.5245
A59: 41548 | B59: =MONTH(A59) -> 10 | C59: =YEAR(A59) -> 2013 | D59: =AVERAGEIFS('Crush Margins'!D$2:D$3200,'Crush Margins'!$B$2:$B$3200,'Crush Margins Monthly'!$B59,'Crush Margins'!$C$2:$C$3200,'Crush Margins Monthly'!$C59) -> 3.7521739 | E59: =AVERAGEIFS('Crush Margins'!E$2:E$3200,'Crush Margins'!$B$2:$B$3200,'Crush Margins Monthly'!$B59,'Crush Margins'!$C$2:$C$3200,'Crush Margins Monthly'!$C59) -> 47.186159 | F59: =AVERAGEIFS('Crush Margins'!F$2:F$3200,'Crush Margins'!$B$2:$B$3200,'Crush Margins Monthly'!$B59,'Crush Margins'!$C$2:$C$3200,'Crush Margins Monthly'!$C59) -> -22.578261 | H59: =AVERAGEIFS('Crush Margins'!H$2:H$3200,'Crush Margins'!$B$2:$B$3200,'Crush Margins Monthly'!$B59,'Crush Margins'!$C$2:$C$3200,'Crush Margins Monthly'!$C59) -> 35.624348 | I59: =AVERAGEIFS('Crush Margins'!I$2:I$3200,'Crush Margins'!$B$2:$B$3200,'Crush Margins Monthly'!$B59,'Crush Margins'!$C$2:$C$3200,'Crush Margins Monthly'!$C59) -> -35.747826
A60: 41579 | B60: =MONTH(A60) -> 11 | C60: =YEAR(A60) -> 2013 | D60: =AVERAGEIFS('Crush Margins'!D$2:D$3200,'Crush Margins'!$B$2:$B$3200,'Crush Margins Monthly'!$B60,'Crush Margins'!$C$2:$C$3200,'Crush Margins Monthly'!$C60) -> -3.6035 | E60: =AVERAGEIFS('Crush Margins'!E$2:E$3200,'Crush Margins'!$B$2:$B$3200,'Crush Margins Monthly'!$B60,'Crush Margins'!$C$2:$C$3200,'Crush Margins Monthly'!$C60) -> 47.882996 | F60: =AVERAGEIFS('Crush Margins'!F$2:F$3200,'Crush Margins'!$B$2:$B$3200,'Crush Margins Monthly'!$B60,'Crush Margins'!$C$2:$C$3200,'Crush Margins Monthly'!$C60) -> -33.3665 | H60: =AVERAGEIFS('Crush Margins'!H$2:H$3200,'Crush Margins'!$B$2:$B$3200,'Crush Margins Monthly'!$B60,'Crush Margins'!$C$2:$C$3200,'Crush Margins Monthly'!$C60) -> 27.7025 | I60: =AVERAGEIFS('Crush Margins'!I$2:I$3200,'Crush Margins'!$B$2:$B$3200,'Crush Margins Monthly'!$B60,'Crush Margins'!$C$2:$C$3200,'Crush Margins Monthly'!$C60) -> -61.4215
A61: 41609 | B61: =MONTH(A61) -> 12 | C61: =YEAR(A61) -> 2013 | D61: =AVERAGEIFS('Crush Margins'!D$2:D$3200,'Crush Margins'!$B$2:$B$3200,'Crush Margins Monthly'!$B61,'Crush Margins'!$C$2:$C$3200,'Crush Margins Monthly'!$C61) -> -22.554286 | E61: =AVERAGEIFS('Crush Margins'!E$2:E$3200,'Crush Margins'!$B$2:$B$3200,'Crush Margins Monthly'!$B61,'Crush Margins'!$C$2:$C$3200,'Crush Margins Monthly'!$C61) -> 39.903763 | F61: =AVERAGEIFS('Crush Margins'!F$2:F$3200,'Crush Margins'!$B$2:$B$3200,'Crush Margins Monthly'!$B61,'Crush Margins'!$C$2:$C$3200,'Crush Margins Monthly'!$C61) -> -50.42 | H61: =AVERAGEIFS('Crush Margins'!H$2:H$3200,'Crush Margins'!$B$2:$B$3200,'Crush Margins Monthly'!$B61,'Crush Margins'!$C$2:$C$3200,'Crush Margins Monthly'!$C61) -> -1.5238095 | I61: =AVERAGEIFS('Crush Margins'!I$2:I$3200,'Crush Margins'!$B$2:$B$3200,'Crush Margins Monthly'!$B61,'Crush Margins'!$C$2:$C$3200,'Crush Margins Monthly'!$C61) -> -80.424762
A62: 41640 | B62: =MONTH(A62) -> 1 | C62: =YEAR(A62) -> 2014 | D62: =AVERAGEIFS('Crush Margins'!D$2:D$3200,'Crush Margins'!$B$2:$B$3200,'Crush Margins Monthly'!$B62,'Crush Margins'!$C$2:$C$3200,'Crush Margins Monthly'!$C62) -> -20.82619 | E62: =AVERAGEIFS('Crush Margins'!E$2:E$3200,'Crush Margins'!$B$2:$B$3200,'Crush Margins Monthly'!$B62,'Crush Margins'!$C$2:$C$3200,'Crush Margins Monthly'!$C62) -> 36.955792 | F62: =AVERAGEIFS('Crush Margins'!F$2:F$3200,'Crush Margins'!$B$2:$B$3200,'Crush Margins Monthly'!$B62,'Crush Margins'!$C$2:$C$3200,'Crush Margins Monthly'!$C62) -> -38.017143 | H62: =AVERAGEIFS('Crush Margins'!H$2:H$3200,'Crush Margins'!$B$2:$B$3200,'Crush Margins Monthly'!$B62,'Crush Margins'!$C$2:$C$3200,'Crush Margins Monthly'!$C62) -> -1.5819048 | I62: =AVERAGEIFS('Crush Margins'!I$2:I$3200,'Crush Margins'!$B$2:$B$3200,'Crush Margins Monthly'!$B62,'Crush Margins'!$C$2:$C$3200,'Crush Margins Monthly'!$C62) -> -97.903333
A63: 41671 | B63: =MONTH(A63) -> 2 | C63: =YEAR(A63) -> 2014 | D63: =AVERAGEIFS('Crush Margins'!D$2:D$3200,'Crush Margins'!$B$2:$B$3200,'Crush Margins Monthly'!$B63,'Crush Margins'!$C$2:$C$3200,'Crush Margins Monthly'!$C63) -> 21.928947 | E63: =AVERAGEIFS('Crush Margins'!E$2:E$3200,'Crush Margins'!$B$2:$B$3200,'Crush Margins Monthly'!$B63,'Crush Margins'!$C$2:$C$3200,'Crush Margins Monthly'!$C63) -> 37.283866 | F63: =AVERAGEIFS('Crush Margins'!F$2:F$3200,'Crush Margins'!$B$2:$B$3200,'Crush Margins Monthly'!$B63,'Crush Margins'!$C$2:$C$3200,'Crush Margins Monthly'!$C63) -> -16.031053 | H63: =AVERAGEIFS('Crush Margins'!H$2:H$3200,'Crush Margins'!$B$2:$B$3200,'Crush Margins Monthly'!$B63,'Crush Margins'!$C$2:$C$3200,'Crush Margins Monthly'!$C63) -> 40.892632 | I63: =AVERAGEIFS('Crush Margins'!I$2:I$3200,'Crush Margins'!$B$2:$B$3200,'Crush Margins Monthly'!$B63,'Crush Margins'!$C$2:$C$3200,'Crush Margins Monthly'!$C63) -> -45.001053
A64: 41699 | B64: =MONTH(A64) -> 3 | C64: =YEAR(A64) -> 2014 | D64: =AVERAGEIFS('Crush Margins'!D$2:D$3200,'Crush Margins'!$B$2:$B$3200,'Crush Margins Monthly'!$B64,'Crush Margins'!$C$2:$C$3200,'Crush Margins Monthly'!$C64) -> 50.327143 | E64: =AVERAGEIFS('Crush Margins'!E$2:E$3200,'Crush Margins'!$B$2:$B$3200,'Crush Margins Monthly'!$B64,'Crush Margins'!$C$2:$C$3200,'Crush Margins Monthly'!$C64) -> 17.13227 | F64: =AVERAGEIFS('Crush Margins'!F$2:F$3200,'Crush Margins'!$B$2:$B$3200,'Crush Margins Monthly'!$B64,'Crush Margins'!$C$2:$C$3200,'Crush Margins Monthly'!$C64) -> 14.76381 | H64: =AVERAGEIFS('Crush Margins'!H$2:H$3200,'Crush Margins'!$B$2:$B$3200,'Crush Margins Monthly'!$B64,'Crush Margins'!$C$2:$C$3200,'Crush Margins Monthly'!$C64) -> 74.479048 | I64: =AVERAGEIFS('Crush Margins'!I$2:I$3200,'Crush Margins'!$B$2:$B$3200,'Crush Margins Monthly'!$B64,'Crush Margins'!$C$2:$C$3200,'Crush Margins Monthly'!$C64) -> 0.28238095
A65: 41730 | B65: =MONTH(A65) -> 4 | C65: =YEAR(A65) -> 2014 | D65: =AVERAGEIFS('Crush Margins'!D$2:D$3200,'Crush Margins'!$B$2:$B$3200,'Crush Margins Monthly'!$B65,'Crush Margins'!$C$2:$C$3200,'Crush Margins Monthly'!$C65) -> 71.697619 | E65: =AVERAGEIFS('Crush Margins'!E$2:E$3200,'Crush Margins'!$B$2:$B$3200,'Crush Margins Monthly'!$B65,'Crush Margins'!$C$2:$C$3200,'Crush Margins Monthly'!$C65) -> 11.476131 | F65: =AVERAGEIFS('Crush Margins'!F$2:F$3200,'Crush Margins'!$B$2:$B$3200,'Crush Margins Monthly'!$B65,'Crush Margins'!$C$2:$C$3200,'Crush Margins Monthly'!$C65) -> 28.977619 | H65: =AVERAGEIFS('Crush Margins'!H$2:H$3200,'Crush Margins'!$B$2:$B$3200,'Crush Margins Monthly'!$B65,'Crush Margins'!$C$2:$C$3200,'Crush Margins Monthly'!$C65) -> 94.11 | I65: =AVERAGEIFS('Crush Margins'!I$2:I$3200,'Crush Margins'!$B$2:$B$3200,'Crush Margins Monthly'!$B65,'Crush Margins'!$C$2:$C$3200,'Crush Margins Monthly'!$C65) -> 39.658095
... A121: 43435 | B121: =MONTH(A121) -> 12 | C121: =YEAR(A121) -> 2018 | D121: =AVERAGEIFS('Crush Margins'!D$2:D$3200,'Crush Margins'!$B$2:$B$3200,'Crush Margins Monthly'!$B121,'Crush Margins'!$C$2:$C$3200,'Crush Margins Monthly'!$C121) -> 3.9865 | E121: =AVERAGEIFS('Crush Margins'!E$2:E$3200,'Crush Margins'!$B$2:$B$3200,'Crush Margins Monthly'!$B121,'Crush Margins'!$C$2:$C$3200,'Crush Margins Monthly'!$C121) -> 36.353288 | F121: =AVERAGEIFS('Crush Margins'!F$2:F$3200,'Crush Margins'!$B$2:$B$3200,'Crush Margins Monthly'!$B121,'Crush Margins'!$C$2:$C$3200,'Crush Margins Monthly'!$C121) -> -52.951 | H121: =AVERAGEIFS('Crush Margins'!H$2:H$3200,'Crush Margins'!$B$2:$B$3200,'Crush Margins Monthly'!$B121,'Crush Margins'!$C$2:$C$3200,'Crush Margins Monthly'!$C121) -> 39.989 | I121: =AVERAGEIFS('Crush Margins'!I$2:I$3200,'Crush Margins'!$B$2:$B$3200,'Crush Margins Monthly'!$B121,'Crush Margins'!$C$2:$C$3200,'Crush Margins Monthly'!$C121) -> 40.332
A122: 43466 | B122: =MONTH(A122) -> 1 | C122: =YEAR(A122) -> 2019 | D122: =AVERAGEIFS('Crush Margins'!D$2:D$3200,'Crush Margins'!$B$2:$B$3200,'Crush Margins Monthly'!$B122,'Crush Margins'!$C$2:$C$3200,'Crush Margins Monthly'!$C122) -> -16.30619 | F122: =AVERAGEIFS('Crush Margins'!F$2:F$3200,'Crush Margins'!$B$2:$B$3200,'Crush Margins Monthly'!$B122,'Crush Margins'!$C$2:$C$3200,'Crush Margins Monthly'!$C122) -> -69.610952 | H122: =AVERAGEIFS('Crush Margins'!H$2:H$3200,'Crush Margins'!$B$2:$B$3200,'Crush Margins Monthly'!$B122,'Crush Margins'!$C$2:$C$3200,'Crush Margins Monthly'!$C122) -> 24.456667 | I122: =AVERAGEIFS('Crush Margins'!I$2:I$3200,'Crush Margins'!$B$2:$B$3200,'Crush Margins Monthly'!$B122,'Crush Margins'!$C$2:$C$3200,'Crush Margins Monthly'!$C122) -> 31.666667
A123: 43497 | B123: =MONTH(A123) -> 2 | C123: =YEAR(A123) -> 2019 | D123: =AVERAGEIFS('Crush Margins'!D$2:D$3200,'Crush Margins'!$B$2:$B$3200,'Crush Margins Monthly'!$B123,'Crush Margins'!$C$2:$C$3200,'Crush Margins Monthly'!$C123) -> 0.43611111 | F123: =AVERAGEIFS('Crush Margins'!F$2:F$3200,'Crush Margins'!$B$2:$B$3200,'Crush Margins Monthly'!$B123,'Crush Margins'!$C$2:$C$3200,'Crush Margins Monthly'!$C123) -> -34.857778 | H123: =AVERAGEIFS('Crush Margins'!H$2:H$3200,'Crush Margins'!$B$2:$B$3200,'Crush Margins Monthly'!$B123,'Crush Margins'!$C$2:$C$3200,'Crush Margins Monthly'!$C123) -> 39.999444 | I123: =AVERAGEIFS('Crush Margins'!I$2:I$3200,'Crush Margins'!$B$2:$B$3200,'Crush Margins Monthly'!$B123,'Crush Margins'!$C$2:$C$3200,'Crush Margins Monthly'!$C123) -> 60.736667
A124: 43525 | B124: =MONTH(A124) -> 3 | C124: =YEAR(A124) -> 2019 | D124: =AVERAGEIFS('Crush Margins'!D$2:D$3200,'Crush Margins'!$B$2:$B$3200,'Crush Margins Monthly'!$B124,'Crush Margins'!$C$2:$C$3200,'Crush Margins Monthly'!$C124) -> -0.020952381 | F124: =AVERAGEIFS('Crush Margins'!F$2:F$3200,'Crush Margins'!$B$2:$B$3200,'Crush Margins Monthly'!$B124,'Crush Margins'!$C$2:$C$3200,'Crush Margins Monthly'!$C124) -> -34.061429 | H124: =AVERAGEIFS('Crush Margins'!H$2:H$3200,'Crush Margins'!$B$2:$B$3200,'Crush Margins Monthly'!$B124,'Crush Margins'!$C$2:$C$3200,'Crush Margins Monthly'!$C124) -> 43.61 | I124: =AVERAGEIFS('Crush Margins'!I$2:I$3200,'Crush Margins'!$B$2:$B$3200,'Crush Margins Monthly'!$B124,'Crush Margins'!$C$2:$C$3200,'Crush Margins Monthly'!$C124) -> 58.07381
A125: 43556 | B125: =MONTH(A125) -> 4 | C125: =YEAR(A125) -> 2019 | D125: =AVERAGEIFS('Crush Margins'!D$2:D$3200,'Crush Margins'!$B$2:$B$3200,'Crush Margins Monthly'!$B125,'Crush Margins'!$C$2:$C$3200,'Crush Margins Monthly'!$C125) -> 20.800952 | F125: =AVERAGEIFS('Crush Margins'!F$2:F$3200,'Crush Margins'!$B$2:$B$3200,'Crush Margins Monthly'!$B125,'Crush Margins'!$C$2:$C$3200,'Crush Margins Monthly'!$C125) -> -14.421429 | H125: =AVERAGEIFS('Crush Margins'!H$2:H$3200,'Crush Margins'!$B$2:$B$3200,'Crush Margins Monthly'!$B125,'Crush Margins'!$C$2:$C$3200,'Crush Margins Monthly'!$C125) -> 60.600952 | I125: =AVERAGEIFS('Crush Margins'!I$2:I$3200,'Crush Margins'!$B$2:$B$3200,'Crush Margins Monthly'!$B125,'Crush Margins'!$C$2:$C$3200,'Crush Margins Monthly'!$C125) -> 79.310476
A126: 43586 | B126: =MONTH(A126) -> 5 | C126: =YEAR(A126) -> 2019 | D126: =AVERAGEIFS('Crush Margins'!D$2:D$3200,'Crush Margins'!$B$2:$B$3200,'Crush Margins Monthly'!$B126,'Crush Margins'!$C$2:$C$3200,'Crush Margins Monthly'!$C126) -> 33.318636 | F126: =AVERAGEIFS('Crush Margins'!F$2:F$3200,'Crush Margins'!$B$2:$B$3200,'Crush Margins Monthly'!$B126,'Crush Margins'!$C$2:$C$3200,'Crush Margins Monthly'!$C126) -> -0.63954545 | H126: =AVERAGEIFS('Crush Margins'!H$2:H$3200,'Crush Margins'!$B$2:$B$3200,'Crush Margins Monthly'!$B126,'Crush Margins'!$C$2:$C$3200,'Crush Margins Monthly'!$C126) -> 76.569091 | I126: =AVERAGEIFS('Crush Margins'!I$2:I$3200,'Crush Margins'!$B$2:$B$3200,'Crush Margins Monthly'!$B126,'Crush Margins'!$C$2:$C$3200,'Crush Margins Monthly'!$C126) -> 84.422273
A127: 43617 | B127: =MONTH(A127) -> 6 | C127: =YEAR(A127) -> 2019 | D127: =AVERAGEIFS('Crush Margins'!D$2:D$3200,'Crush Margins'!$B$2:$B$3200,'Crush Margins Monthly'!$B127,'Crush Margins'!$C$2:$C$3200,'Crush Margins Monthly'!$C127) -> 24.61 | F127: =AVERAGEIFS('Crush Margins'!F$2:F$3200,'Crush Margins'!$B$2:$B$3200,'Crush Margins Monthly'!$B127,'Crush Margins'!$C$2:$C$3200,'Crush Margins Monthly'!$C127) -> -12.8475 | H127: =AVERAGEIFS('Crush Margins'!H$2:H$3200,'Crush Margins'!$B$2:$B$3200,'Crush Margins Monthly'!$B127,'Crush Margins'!$C$2:$C$3200,'Crush Margins Monthly'!$C127) -> 72.6625 | I127: =AVERAGEIFS('Crush Margins'!I$2:I$3200,'Crush Margins'!$B$2:$B$3200,'Crush Margins Monthly'!$B127,'Crush Margins'!$C$2:$C$3200,'Crush Margins Monthly'!$C127) -> 60
A128: 43647 | B128: =MONTH(A128) -> 7 | C128: =YEAR(A128) -> 2019 | D128: =AVERAGEIFS('Crush Margins'!D$2:D$3200,'Crush Margins'!$B$2:$B$3200,'Crush Margins Monthly'!$B128,'Crush Margins'!$C$2:$C$3200,'Crush Margins Monthly'!$C128) -> 28.838636 | F128: =AVERAGEIFS('Crush Margins'!F$2:F$3200,'Crush Margins'!$B$2:$B$3200,'Crush Margins Monthly'!$B128,'Crush Margins'!$C$2:$C$3200,'Crush Margins Monthly'!$C128) -> 0.26818182 | H128: =AVERAGEIFS('Crush Margins'!H$2:H$3200,'Crush Margins'!$B$2:$B$3200,'Crush Margins Monthly'!$B128,'Crush Margins'!$C$2:$C$3200,'Crush Margins Monthly'!$C128) -> 71.695455 | I128: =AVERAGEIFS('Crush Margins'!I$2:I$3200,'Crush Margins'!$B$2:$B$3200,'Crush Margins Monthly'!$B128,'Crush Margins'!$C$2:$C$3200,'Crush Margins Monthly'!$C128) -> 54.812273
A129: 43678 | B129: =MONTH(A129) -> 8 | C129: =YEAR(A129) -> 2019 | D129: =AVERAGEIFS('Crush Margins'!D$2:D$3200,'Crush Margins'!$B$2:$B$3200,'Crush Margins Monthly'!$B129,'Crush Margins'!$C$2:$C$3200,'Crush Margins Monthly'!$C129) -> 26.215 | F129: =AVERAGEIFS('Crush Margins'!F$2:F$3200,'Crush Margins'!$B$2:$B$3200,'Crush Margins Monthly'!$B129,'Crush Margins'!$C$2:$C$3200,'Crush Margins Monthly'!$C129) -> 0.21772727 | H129: =AVERAGEIFS('Crush Margins'!H$2:H$3200,'Crush Margins'!$B$2:$B$3200,'Crush Margins Monthly'!$B129,'Crush Margins'!$C$2:$C$3200,'Crush Margins Monthly'!$C129) -> 68.754091 | I129: =AVERAGEIFS('Crush Margins'!I$2:I$3200,'Crush Margins'!$B$2:$B$3200,'Crush Margins Monthly'!$B129,'Crush Margins'!$C$2:$C$3200,'Crush Margins Monthly'!$C129) -> 84.929091
A130: 43709 | B130: =MONTH(A130) -> 9 | C130: =YEAR(A130) -> 2019 | D130: =AVERAGEIFS('Crush Margins'!D$2:D$3200,'Crush Margins'!$B$2:$B$3200,'Crush Margins Monthly'!$B130,'Crush Margins'!$C$2:$C$3200,'Crush Margins Monthly'!$C130) -> 17.2235 | F130: =AVERAGEIFS('Crush Margins'!F$2:F$3200,'Crush Margins'!$B$2:$B$3200,'Crush Margins Monthly'!$B130,'Crush Margins'!$C$2:$C$3200,'Crush Margins Monthly'!$C130) -> -13.296 | H130: =AVERAGEIFS('Crush Margins'!H$2:H$3200,'Crush Margins'!$B$2:$B$3200,'Crush Margins Monthly'!$B130,'Crush Margins'!$C$2:$C$3200,'Crush Margins Monthly'!$C130) -> 67.914 | I130: =AVERAGEIFS('Crush Margins'!I$2:I$3200,'Crush Margins'!$B$2:$B$3200,'Crush Margins Monthly'!$B130,'Crush Margins'!$C$2:$C$3200,'Crush Margins Monthly'!$C130) -> 70.8145
A131: 43739 | B131: =MONTH(A131) -> 10 | C131: =YEAR(A131) -> 2019 | D131: =AVERAGEIFS('Crush Margins'!D$2:D$3200,'Crush Margins'!$B$2:$B$3200,'Crush Margins Monthly'!$B131,'Crush Margins'!$C$2:$C$3200,'Crush Margins Monthly'!$C131) -> -1.4069565 | F131: =AVERAGEIFS('Crush Margins'!F$2:F$3200,'Crush Margins'!$B$2:$B$3200,'Crush Margins Monthly'!$B131,'Crush Margins'!$C$2:$C$3200,'Crush Margins Monthly'!$C131) -> -36.091304 | H131: =AVERAGEIFS('Crush Margins'!H$2:H$3200,'Crush Margins'!$B$2:$B$3200,'Crush Margins Monthly'!$B131,'Crush Margins'!$C$2:$C$3200,'Crush Margins Monthly'!$C131) -> 54.342609 | I131: =AVERAGEIFS('Crush Margins'!I$2:I$3200,'Crush Margins'!$B$2:$B$3200,'Crush Margins Monthly'!$B131,'Crush Margins'!$C$2:$C$3200,'Crush Margins Monthly'!$C131) -> 53.036087
A132: 43770 | B132: =MONTH(A132) -> 11 | C132: =YEAR(A132) -> 2019 | D132: =AVERAGEIFS('Crush Margins'!D$2:D$3200,'Crush Margins'!$B$2:$B$3200,'Crush Margins Monthly'!$B132,'Crush Margins'!$C$2:$C$3200,'Crush Margins Monthly'!$C132) -> 21.59 | F132: =AVERAGEIFS('Crush Margins'!F$2:F$3200,'Crush Margins'!$B$2:$B$3200,'Crush Margins Monthly'!$B132,'Crush Margins'!$C$2:$C$3200,'Crush Margins Monthly'!$C132) -> -20.4455 | H132: =AVERAGEIFS('Crush Margins'!H$2:H$3200,'Crush Margins'!$B$2:$B$3200,'Crush Margins Monthly'!$B132,'Crush Margins'!$C$2:$C$3200,'Crush Margins Monthly'!$C132) -> 65.0355 | I132: =AVERAGEIFS('Crush Margins'!I$2:I$3200,'Crush Margins'!$B$2:$B$3200,'Crush Margins Monthly'!$B132,'Crush Margins'!$C$2:$C$3200,'Crush Margins Monthly'!$C132) -> 59.0735
A133: 43800 | B133: =MONTH(A133) -> 12 | C133: =YEAR(A133) -> 2019 | D133: =AVERAGEIFS('Crush Margins'!D$2:D$3200,'Crush Margins'!$B$2:$B$3200,'Crush Margins Monthly'!$B133,'Crush Margins'!$C$2:$C$3200,'Crush Margins Monthly'!$C133) -> 13.93381 | F133: =AVERAGEIFS('Crush Margins'!F$2:F$3200,'Crush Margins'!$B$2:$B$3200,'Crush Margins Monthly'!$B133,'Crush Margins'!$C$2:$C$3200,'Crush Margins Monthly'!$C133) -> -35.646667 | H133: =AVERAGEIFS('Crush Margins'!H$2:H$3200,'Crush Margins'!$B$2:$B$3200,'Crush Margins Monthly'!$B133,'Crush Margins'!$C$2:$C$3200,'Crush Margins Monthly'!$C133) -> 65.95 | I133: =AVERAGEIFS('Crush Margins'!I$2:I$3200,'Crush Margins'!$B$2:$B$3200,'Crush Margins Monthly'!$B133,'Crush Margins'!$C$2:$C$3200,'Crush Margins Monthly'!$C133) -> 39.54
A134: 43831 | B134: =MONTH(A134) -> 1 | C134: =YEAR(A134) -> 2020 | D134: =AVERAGEIFS('Crush Margins'!D$2:D$3200,'Crush Margins'!$B$2:$B$3200,'Crush Margins Monthly'!$B134,'Crush Margins'!$C$2:$C$3200,'Crush Margins Monthly'!$C134) -> 28.133182 | E134: =AVERAGEIFS('Crush Margins'!E$2:E$3200,'Crush Margins'!$B$2:$B$3200,'Crush Margins Monthly'!$B134,'Crush Margins'!$C$2:$C$3200,'Crush Margins Monthly'!$C134) -> 54.974545 | F134: =AVERAGEIFS('Crush Margins'!F$2:F$3200,'Crush Margins'!$B$2:$B$3200,'Crush Margins Monthly'!$B134,'Crush Margins'!$C$2:$C$3200,'Crush Margins Monthly'!$C134) -> -14.455 | H134: =AVERAGEIFS('Crush Margins'!H$2:H$3200,'Crush Margins'!$B$2:$B$3200,'Crush Margins Monthly'!$B134,'Crush Margins'!$C$2:$C$3200,'Crush Margins Monthly'!$C134) -> 79.554091 | I134: =AVERAGEIFS('Crush Margins'!I$2:I$3200,'Crush Margins'!$B$2:$B$3200,'Crush Margins Monthly'!$B134,'Crush Margins'!$C$2:$C$3200,'Crush Margins Monthly'!$C134) -> 71.204091
A135: 43862 | B135: =MONTH(A135) -> 2 | C135: =YEAR(A135) -> 2020 | D135: =AVERAGEIFS('Crush Margins'!D$2:D$3200,'Crush Margins'!$B$2:$B$3200,'Crush Margins Monthly'!$B135,'Crush Margins'!$C$2:$C$3200,'Crush Margins Monthly'!$C135) -> 42.7675 | E135: =AVERAGEIFS('Crush Margins'!E$2:E$3200,'Crush Margins'!$B$2:$B$3200,'Crush Margins Monthly'!$B135,'Crush Margins'!$C$2:$C$3200,'Crush Margins Monthly'!$C135) -> 28.3505 | F135: =AVERAGEIFS('Crush Margins'!F$2:F$3200,'Crush Margins'!$B$2:$B$3200,'Crush Margins Monthly'!$B135,'Crush Margins'!$C$2:$C$3200,'Crush Margins Monthly'!$C135) -> 5.8525 | H135: =AVERAGEIFS('Crush Margins'!H$2:H$3200,'Crush Margins'!$B$2:$B$3200,'Crush Margins Monthly'!$B135,'Crush Margins'!$C$2:$C$3200,'Crush Margins Monthly'!$C135) -> 95.7775 | I135: =AVERAGEIFS('Crush Margins'!I$2:I$3200,'Crush Margins'!$B$2:$B$3200,'Crush Margins Monthly'!$B135,'Crush Margins'!$C$2:$C$3200,'Crush Margins Monthly'!$C135) -> 88.9125
A136: 43891 | B136: =MONTH(A136) -> 3 | C136: =YEAR(A136) -> 2020 | D136: =AVERAGEIFS('Crush Margins'!D$2:D$3200,'Crush Margins'!$B$2:$B$3200,'Crush Margins Monthly'!$B136,'Crush Margins'!$C$2:$C$3200,'Crush Margins Monthly'!$C136) -> 53.085909 | E136: =AVERAGEIFS('Crush Margins'!E$2:E$3200,'Crush Margins'!$B$2:$B$3200,'Crush Margins Monthly'!$B136,'Crush Margins'!$C$2:$C$3200,'Crush Margins Monthly'!$C136) -> 45.378182 | F136: =AVERAGEIFS('Crush Margins'!F$2:F$3200,'Crush Margins'!$B$2:$B$3200,'Crush Margins Monthly'!$B136,'Crush Margins'!$C$2:$C$3200,'Crush Margins Monthly'!$C136) -> 0.64454545 | H136: =AVERAGEIFS('Crush Margins'!H$2:H$3200,'Crush Margins'!$B$2:$B$3200,'Crush Margins Monthly'!$B136,'Crush Margins'!$C$2:$C$3200,'Crush Margins Monthly'!$C136) -> 97.392727 | I136: =AVERAGEIFS('Crush Margins'!I$2:I$3200,'Crush Margins'!$B$2:$B$3200,'Crush Margins Monthly'!$B136,'Crush Margins'!$C$2:$C$3200,'Crush Margins Monthly'!$C136) -> 107.63091
A137: 43922 | B137: =MONTH(A137) -> 4 | C137: =YEAR(A137) -> 2020 | D137: =AVERAGEIFS('Crush Margins'!D$2:D$3200,'Crush Margins'!$B$2:$B$3200,'Crush Margins Monthly'!$B137,'Crush Margins'!$C$2:$C$3200,'Crush Margins Monthly'!$C137) -> 77.485238 | E137: =AVERAGEIFS('Crush Margins'!E$2:E$3200,'Crush Margins'!$B$2:$B$3200,'Crush Margins Monthly'!$B137,'Crush Margins'!$C$2:$C$3200,'Crush Margins Monthly'!$C137) -> 29.465 | F137: =AVERAGEIFS('Crush Margins'!F$2:F$3200,'Crush Margins'!$B$2:$B$3200,'Crush Margins Monthly'!$B137,'Crush Margins'!$C$2:$C$3200,'Crush Margins Monthly'!$C137) -> 26.160476 | H137: =AVERAGEIFS('Crush Margins'!H$2:H$3200,'Crush Margins'!$B$2:$B$3200,'Crush Margins Monthly'!$B137,'Crush Margins'!$C$2:$C$3200,'Crush Margins Monthly'!$C137) -> 102.74381 | I137: =AVERAGEIFS('Crush Margins'!I$2:I$3200,'Crush Margins'!$B$2:$B$3200,'Crush Margins Monthly'!$B137,'Crush Margins'!$C$2:$C$3200,'Crush Margins Monthly'!$C137) -> 135.06571
A138: 43952 | B138: =MONTH(A138) -> 5 | C138: =YEAR(A138) -> 2020 | D138: =AVERAGEIFS('Crush Margins'!D$2:D$3200,'Crush Margins'!$B$2:$B$3200,'Crush Margins Monthly'!$B138,'Crush Margins'!$C$2:$C$3200,'Crush Margins Monthly'!$C138) -> 77.4125 | E138: =AVERAGEIFS('Crush Margins'!E$2:E$3200,'Crush Margins'!$B$2:$B$3200,'Crush Margins Monthly'!$B138,'Crush Margins'!$C$2:$C$3200,'Crush Margins Monthly'!$C138) -> 29.015882 | F138: =AVERAGEIFS('Crush Margins'!F$2:F$3200,'Crush Margins'!$B$2:$B$3200,'Crush Margins Monthly'!$B138,'Crush Margins'!$C$2:$C$3200,'Crush Margins Monthly'!$C138) -> 24.701 | H138: =AVERAGEIFS('Crush Margins'!H$2:H$3200,'Crush Margins'!$B$2:$B$3200,'Crush Margins Monthly'!$B138,'Crush Margins'!$C$2:$C$3200,'Crush Margins Monthly'!$C138) -> 102.503 | I138: =AVERAGEIFS('Crush Margins'!I$2:I$3200,'Crush Margins'!$B$2:$B$3200,'Crush Margins Monthly'!$B138,'Crush Margins'!$C$2:$C$3200,'Crush Margins Monthly'!$C138) -> 127.2875
A139: 43983 | B139: =MONTH(A139) -> 6 | C139: =YEAR(A139) -> 2020 | D139: =AVERAGEIFS('Crush Margins'!D$2:D$3200,'Crush Margins'!$B$2:$B$3200,'Crush Margins Monthly'!$B139,'Crush Margins'!$C$2:$C$3200,'Crush Margins Monthly'!$C139) -> 69.654091 | E139: =AVERAGEIFS('Crush Margins'!E$2:E$3200,'Crush Margins'!$B$2:$B$3200,'Crush Margins Monthly'!$B139,'Crush Margins'!$C$2:$C$3200,'Crush Margins Monthly'!$C139) -> 31.571 | F139: =AVERAGEIFS('Crush Margins'!F$2:F$3200,'Crush Margins'!$B$2:$B$3200,'Crush Margins Monthly'!$B139,'Crush Margins'!$C$2:$C$3200,'Crush Margins Monthly'!$C139) -> 35.609545 | H139: =AVERAGEIFS('Crush Margins'!H$2:H$3200,'Crush Margins'!$B$2:$B$3200,'Crush Margins Monthly'!$B139,'Crush Margins'!$C$2:$C$3200,'Crush Margins Monthly'!$C139) -> 113.22045 | I139: =AVERAGEIFS('Crush Margins'!I$2:I$3200,'Crush Margins'!$B$2:$B$3200,'Crush Margins Monthly'!$B139,'Crush Margins'!$C$2:$C$3200,'Crush Margins Monthly'!$C139) -> 128.95045
A140: 44013 | B140: =MONTH(A140) -> 7 | C140: =YEAR(A140) -> 2020 | D140: =AVERAGEIFS('Crush Margins'!D$2:D$3200,'Crush Margins'!$B$2:$B$3200,'Crush Margins Monthly'!$B140,'Crush Margins'!$C$2:$C$3200,'Crush Margins Monthly'!$C140) -> 49.202609 | E140: =AVERAGEIFS('Crush Margins'!E$2:E$3200,'Crush Margins'!$B$2:$B$3200,'Crush Margins Monthly'!$B140,'Crush Margins'!$C$2:$C$3200,'Crush Margins Monthly'!$C140) -> 42.676522 | F140: =AVERAGEIFS('Crush Margins'!F$2:F$3200,'Crush Margins'!$B$2:$B$3200,'Crush Margins Monthly'!$B140,'Crush Margins'!$C$2:$C$3200,'Crush Margins Monthly'!$C140) -> 18.171304 | H140: =AVERAGEIFS('Crush Margins'!H$2:H$3200,'Crush Margins'!$B$2:$B$3200,'Crush Margins Monthly'!$B140,'Crush Margins'!$C$2:$C$3200,'Crush Margins Monthly'!$C140) -> 91.373913 | I140: =AVERAGEIFS('Crush Margins'!I$2:I$3200,'Crush Margins'!$B$2:$B$3200,'Crush Margins Monthly'!$B140,'Crush Margins'!$C$2:$C$3200,'Crush Margins Monthly'!$C140) -> 118.04304
A141: 44044 | B141: =MONTH(A141) -> 8 | C141: =YEAR(A141) -> 2020 | D141: =AVERAGEIFS('Crush Margins'!D$2:D$3200,'Crush Margins'!$B$2:$B$3200,'Crush Margins Monthly'!$B141,'Crush Margins'!$C$2:$C$3200,'Crush Margins Monthly'!$C141) -> 32.574286 | E141: =AVERAGEIFS('Crush Margins'!E$2:E$3200,'Crush Margins'!$B$2:$B$3200,'Crush Margins Monthly'!$B141,'Crush Margins'!$C$2:$C$3200,'Crush Margins Monthly'!$C141) -> 68.4245 | F141: =AVERAGEIFS('Crush Margins'!F$2:F$3200,'Crush Margins'!$B$2:$B$3200,'Crush Margins Monthly'!$B141,'Crush Margins'!$C$2:$C$3200,'Crush Margins Monthly'!$C141) -> -2.5747619 | H141: =AVERAGEIFS('Crush Margins'!H$2:H$3200,'Crush Margins'!$B$2:$B$3200,'Crush Margins Monthly'!$B141,'Crush Margins'!$C$2:$C$3200,'Crush Margins Monthly'!$C141) -> 83.642381 | I141: =AVERAGEIFS('Crush Margins'!I$2:I$3200,'Crush Margins'!$B$2:$B$3200,'Crush Margins Monthly'!$B141,'Crush Margins'!$C$2:$C$3200,'Crush Margins Monthly'!$C141) -> 103.77762
A142: 44075 | B142: =MONTH(A142) -> 9 | C142: =YEAR(A142) -> 2020 | D142: =AVERAGEIFS('Crush Margins'!D$2:D$3200,'Crush Margins'!$B$2:$B$3200,'Crush Margins Monthly'!$B142,'Crush Margins'!$C$2:$C$3200,'Crush Margins Monthly'!$C142) -> 42.789545 | E142: =AVERAGEIFS('Crush Margins'!E$2:E$3200,'Crush Margins'!$B$2:$B$3200,'Crush Margins Monthly'!$B142,'Crush Margins'!$C$2:$C$3200,'Crush Margins Monthly'!$C142) -> 81.330909 | F142: =AVERAGEIFS('Crush Margins'!F$2:F$3200,'Crush Margins'!$B$2:$B$3200,'Crush Margins Monthly'!$B142,'Crush Margins'!$C$2:$C$3200,'Crush Margins Monthly'!$C142) -> -12.680455 | H142: =AVERAGEIFS('Crush Margins'!H$2:H$3200,'Crush Margins'!$B$2:$B$3200,'Crush Margins Monthly'!$B142,'Crush Margins'!$C$2:$C$3200,'Crush Margins Monthly'!$C142) -> 60.279091 | I142: =AVERAGEIFS('Crush Margins'!I$2:I$3200,'Crush Margins'!$B$2:$B$3200,'Crush Margins Monthly'!$B142,'Crush Margins'!$C$2:$C$3200,'Crush Margins Monthly'!$C142) -> 85.008636
A143: 44105 | B143: =MONTH(A143) -> 10 | C143: =YEAR(A143) -> 2020 | D143: =AVERAGEIFS('Crush Margins'!D$2:D$3200,'Crush Margins'!$B$2:$B$3200,'Crush Margins Monthly'!$B143,'Crush Margins'!$C$2:$C$3200,'Crush Margins Monthly'!$C143) -> 38.578182 | E143: =AVERAGEIFS('Crush Margins'!E$2:E$3200,'Crush Margins'!$B$2:$B$3200,'Crush Margins Monthly'!$B143,'Crush Margins'!$C$2:$C$3200,'Crush Margins Monthly'!$C143) -> 65.043636 | F143: =AVERAGEIFS('Crush Margins'!F$2:F$3200,'Crush Margins'!$B$2:$B$3200,'Crush Margins Monthly'!$B143,'Crush Margins'!$C$2:$C$3200,'Crush Margins Monthly'!$C143) -> -25.745909 | H143: =AVERAGEIFS('Crush Margins'!H$2:H$3200,'Crush Margins'!$B$2:$B$3200,'Crush Margins Monthly'!$B143,'Crush Margins'!$C$2:$C$3200,'Crush Margins Monthly'!$C143) -> 48.062273 | I143: =AVERAGEIFS('Crush Margins'!I$2:I$3200,'Crush Margins'!$B$2:$B$3200,'Crush Margins Monthly'!$B143,'Crush Margins'!$C$2:$C$3200,'Crush Margins Monthly'!$C143) -> 81.776364
A144: 44136 | B144: =MONTH(A144) -> 11 | C144: =YEAR(A144) -> 2020 | D144: =AVERAGEIFS('Crush Margins'!D$2:D$3200,'Crush Margins'!$B$2:$B$3200,'Crush Margins Monthly'!$B144,'Crush Margins'!$C$2:$C$3200,'Crush Margins Monthly'!$C144) -> 30.475238 | E144: =AVERAGEIFS('Crush Margins'!E$2:E$3200,'Crush Margins'!$B$2:$B$3200,'Crush Margins Monthly'!$B144,'Crush Margins'!$C$2:$C$3200,'Crush Margins Monthly'!$C144) -> 27.222381 | F144: =AVERAGEIFS('Crush Margins'!F$2:F$3200,'Crush Margins'!$B$2:$B$3200,'Crush Margins Monthly'!$B144,'Crush Margins'!$C$2:$C$3200,'Crush Margins Monthly'!$C144) -> -65.88619 | H144: =AVERAGEIFS('Crush Margins'!H$2:H$3200,'Crush Margins'!$B$2:$B$3200,'Crush Margins Monthly'!$B144,'Crush Margins'!$C$2:$C$3200,'Crush Margins Monthly'!$C144) -> 27.154762 | I144: =AVERAGEIFS('Crush Margins'!I$2:I$3200,'Crush Margins'!$B$2:$B$3200,'Crush Margins Monthly'!$B144,'Crush Margins'!$C$2:$C$3200,'Crush Margins Monthly'!$C144) -> 55.985714
A145: 44166 | B145: =MONTH(A145) -> 12 | C145: =YEAR(A145) -> 2020 | D145: =AVERAGEIFS('Crush Margins'!D$2:D$3200,'Crush Margins'!$B$2:$B$3200,'Crush Margins Monthly'!$B145,'Crush Margins'!$C$2:$C$3200,'Crush Margins Monthly'!$C145) -> 47.993913 | E145: =AVERAGEIFS('Crush Margins'!E$2:E$3200,'Crush Margins'!$B$2:$B$3200,'Crush Margins Monthly'!$B145,'Crush Margins'!$C$2:$C$3200,'Crush Margins Monthly'!$C145) -> 16.402381 | F145: =AVERAGEIFS('Crush Margins'!F$2:F$3200,'Crush Margins'!$B$2:$B$3200,'Crush Margins Monthly'!$B145,'Crush Margins'!$C$2:$C$3200,'Crush Margins Monthly'!$C145) -> -56.617826 | H145: =AVERAGEIFS('Crush Margins'!H$2:H$3200,'Crush Margins'!$B$2:$B$3200,'Crush Margins Monthly'!$B145,'Crush Margins'!$C$2:$C$3200,'Crush Margins Monthly'!$C145) -> 50.160435 | I145: =AVERAGEIFS('Crush Margins'!I$2:I$3200,'Crush Margins'!$B$2:$B$3200,'Crush Margins Monthly'!$B145,'Crush Margins'!$C$2:$C$3200,'Crush Margins Monthly'!$C145) -> 83.016522
... A151: 44348 | B151: =MONTH(A151) -> 6 | C151: =YEAR(A151) -> 2021 | D151: =AVERAGEIFS('Crush Margins'!D$2:D$3200,'Crush Margins'!$B$2:$B$3200,'Crush Margins Monthly'!$B151,'Crush Margins'!$C$2:$C$3200,'Crush Margins Monthly'!$C151) -> 45.691818 | E151: =AVERAGEIFS('Crush Margins'!E$2:E$3200,'Crush Margins'!$B$2:$B$3200,'Crush Margins Monthly'!$B151,'Crush Margins'!$C$2:$C$3200,'Crush Margins Monthly'!$C151) -> 81.065909 | F151: =AVERAGEIFS('Crush Margins'!F$2:F$3200,'Crush Margins'!$B$2:$B$3200,'Crush Margins Monthly'!$B151,'Crush Margins'!$C$2:$C$3200,'Crush Margins Monthly'!$C151) -> -8.0304545 | H151: =AVERAGEIFS('Crush Margins'!H$2:H$3200,'Crush Margins'!$B$2:$B$3200,'Crush Margins Monthly'!$B151,'Crush Margins'!$C$2:$C$3200,'Crush Margins Monthly'!$C151) -> 190.225 | I151: =AVERAGEIFS('Crush Margins'!I$2:I$3200,'Crush Margins'!$B$2:$B$3200,'Crush Margins Monthly'!$B151,'Crush Margins'!$C$2:$C$3200,'Crush Margins Monthly'!$C151) -> 171.26773
A152: 44378 | B152: =MONTH(A152) -> 7 | C152: =YEAR(A152) -> 2021 | D152: =AVERAGEIFS('Crush Margins'!D$2:D$3200,'Crush Margins'!$B$2:$B$3200,'Crush Margins Monthly'!$B152,'Crush Margins'!$C$2:$C$3200,'Crush Margins Monthly'!$C152) -> 26.143182 | E152: =AVERAGEIFS('Crush Margins'!E$2:E$3200,'Crush Margins'!$B$2:$B$3200,'Crush Margins Monthly'!$B152,'Crush Margins'!$C$2:$C$3200,'Crush Margins Monthly'!$C152) -> 60.520909 | F152: =AVERAGEIFS('Crush Margins'!F$2:F$3200,'Crush Margins'!$B$2:$B$3200,'Crush Margins Monthly'!$B152,'Crush Margins'!$C$2:$C$3200,'Crush Margins Monthly'!$C152) -> -12.380909 | G152: =AVERAGEIFS('Crush Margins'!G$2:G$3200,'Crush Margins'!$B$2:$B$3200,'Crush Margins Monthly'!$B152,'Crush Margins'!$C$2:$C$3200,'Crush Margins Monthly'!$C152) -> #DIV/0! | H152: =AVERAGEIFS('Crush Margins'!H$2:H$3200,'Crush Margins'!$B$2:$B$3200,'Crush Margins Monthly'!$B152,'Crush Margins'!$C$2:$C$3200,'Crush Margins Monthly'!$C152) -> 169.50364 | I152: =AVERAGEIFS('Crush Margins'!I$2:I$3200,'Crush Margins'!$B$2:$B$3200,'Crush Margins Monthly'!$B152,'Crush Margins'!$C$2:$C$3200,'Crush Margins Monthly'!$C152) -> 121.95227
A153: 44409 | B153: =MONTH(A153) -> 8 | C153: =YEAR(A153) -> 2021 | D153: =AVERAGEIFS('Crush Margins'!D$2:D$3200,'Crush Margins'!$B$2:$B$3200,'Crush Margins Monthly'!$B153,'Crush Margins'!$C$2:$C$3200,'Crush Margins Monthly'!$C153) -> #NAME? | E153: =AVERAGEIFS('Crush Margins'!E$2:E$3200,'Crush Margins'!$B$2:$B$3200,'Crush Margins Monthly'!$B153,'Crush Margins'!$C$2:$C$3200,'Crush Margins Monthly'!$C153) -> 67.69 | F153: =AVERAGEIFS('Crush Margins'!F$2:F$3200,'Crush Margins'!$B$2:$B$3200,'Crush Margins Monthly'!$B153,'Crush Margins'!$C$2:$C$3200,'Crush Margins Monthly'!$C153) -> #NAME? | G153: =AVERAGEIFS('Crush Margins'!G$2:G$3200,'Crush Margins'!$B$2:$B$3200,'Crush Margins Monthly'!$B153,'Crush Margins'!$C$2:$C$3200,'Crush Margins Monthly'!$C153) -> #NAME? | H153: =AVERAGEIFS('Crush Margins'!H$2:H$3200,'Crush Margins'!$B$2:$B$3200,'Crush Margins Monthly'!$B153,'Crush Margins'!$C$2:$C$3200,'Crush Margins Monthly'!$C153) -> #NAME? | I153: =AVERAGEIFS('Crush Margins'!I$2:I$3200,'Crush Margins'!$B$2:$B$3200,'Crush Margins Monthly'!$B153,'Crush Margins'!$C$2:$C$3200,'Crush Margins Monthly'!$C153) -> #NAME?

Sheet Charts Print

Sheet Crush Margins Chart Data
A1: North West Europe
B2: 2009 | C2: 2010 | D2: 2011 | E2: 2012 | F2: 2013 | G2: 2014 | H2: 2015 | I2: 2016 | J2: 2017 | K2: 2018 | L2: 2019 | M2: 2020 | N2: 2021 | O2: 5-Year Max | P2: 5-Year Min
A3: Jan | B3: ='Crush Margins Monthly'!$D2 -> 56.853846 | C3: ='Crush Margins Monthly'!$D14 -> 32.978947 | D3: ='Crush Margins Monthly'!$D26 -> 19.143158 | E3: ='Crush Margins Monthly'!$D38 -> -1.3442105 | F3: ='Crush Margins Monthly'!$D50 -> 22.261429 | G3: ='Crush Margins Monthly'!$D62 -> -20.82619 | H3: ='Crush Margins Monthly'!$D74 -> 15.5905 | I3: ='Crush Margins Monthly'!$D86 -> -29.103684 | J3: ='Crush Margins Monthly'!$D98 -> -3.5765 | K3: ='Crush Margins Monthly'!$D110 -> 11.620476 | L3: ='Crush Margins Monthly'!$D122 -> -16.30619 | M3: ='Crush Margins Monthly'!$D134 -> 28.133182 | N3: ='Crush Margins Monthly'!$D146 -> 74.2375 | O3: =MAX(I3:M3) -> 28.133182 | P3: =MIN(I3:M3) -> -29.103684
A4: Feb | B4: ='Crush Margins Monthly'!$D3 -> 86.563158 | C4: ='Crush Margins Monthly'!$D15 -> 45.157895 | D4: ='Crush Margins Monthly'!$D27 -> 34.244211 | E4: ='Crush Margins Monthly'!$D39 -> 1.6435 | F4: ='Crush Margins Monthly'!$D51 -> 68.933158 | G4: ='Crush Margins Monthly'!$D63 -> 21.928947 | H4: ='Crush Margins Monthly'!$D75 -> 0.83947368 | I4: ='Crush Margins Monthly'!$D87 -> -73.116 | J4: ='Crush Margins Monthly'!$D99 -> 18.431053 | K4: ='Crush Margins Monthly'!$D111 -> 19.078947 | L4: ='Crush Margins Monthly'!$D123 -> 0.43611111 | M4: ='Crush Margins Monthly'!$D135 -> 42.7675 | N4: ='Crush Margins Monthly'!$D147 -> 99.62 | O4: =MAX(I4:M4) -> 42.7675 | P4: =MIN(I4:M4) -> -73.116
A5: Mar | B5: ='Crush Margins Monthly'!$D4 -> 99.268182 | C5: ='Crush Margins Monthly'!$D16 -> 20.543478 | D5: ='Crush Margins Monthly'!$D28 -> 41.800435 | E5: ='Crush Margins Monthly'!$D40 -> -0.41454545 | F5: ='Crush Margins Monthly'!$D52 -> 52.3435 | G5: ='Crush Margins Monthly'!$D64 -> 50.327143 | H5: ='Crush Margins Monthly'!$D76 -> 14.425455 | I5: ='Crush Margins Monthly'!$D88 -> -53.958182 | J5: ='Crush Margins Monthly'!$D100 -> 36.139565 | K5: ='Crush Margins Monthly'!$D112 -> 24.871905 | L5: ='Crush Margins Monthly'!$D124 -> -0.020952381 | M5: ='Crush Margins Monthly'!$D136 -> 53.085909 | N5: ='Crush Margins Monthly'!$D148 -> 169.86696 | O5: =MAX(I5:M5) -> 53.085909 | P5: =MIN(I5:M5) -> -53.958182
A6: Apr | B6: ='Crush Margins Monthly'!$D5 -> 128.75714 | C6: ='Crush Margins Monthly'!$D17 -> 13.869048 | D6: ='Crush Margins Monthly'!$D29 -> 52.777 | E6: ='Crush Margins Monthly'!$D41 -> 11.8485 | F6: ='Crush Margins Monthly'!$D53 -> 48.982727 | G6: ='Crush Margins Monthly'!$D65 -> 71.697619 | H6: ='Crush Margins Monthly'!$D77 -> 41.433333 | I6: ='Crush Margins Monthly'!$D89 -> -8.7580952 | J6: ='Crush Margins Monthly'!$D101 -> 54.997895 | K6: ='Crush Margins Monthly'!$D113 -> 54.777619 | L6: ='Crush Margins Monthly'!$D125 -> 20.800952 | M6: ='Crush Margins Monthly'!$D137 -> 77.485238 | N6: ='Crush Margins Monthly'!$D149 -> 174.54364 | O6: =MAX(I6:M6) -> 77.485238 | P6: =MIN(I6:M6) -> -8.7580952
A7: May | B7: ='Crush Margins Monthly'!$D6 -> 119.99 | C7: ='Crush Margins Monthly'!$D18 -> 9.4175 | D7: ='Crush Margins Monthly'!$D30 -> 49.402381 | E7: ='Crush Margins Monthly'!$D42 -> 15.315 | F7: ='Crush Margins Monthly'!$D54 -> 71.376364 | G7: ='Crush Margins Monthly'!$D66 -> 76.719524 | H7: ='Crush Margins Monthly'!$D78 -> 48.1785 | I7: ='Crush Margins Monthly'!$D90 -> 24.739524 | J7: ='Crush Margins Monthly'!$D102 -> 41.878636 | K7: ='Crush Margins Monthly'!$D114 -> 51.235 | L7: ='Crush Margins Monthly'!$D126 -> 33.318636 | M7: ='Crush Margins Monthly'!$D138 -> 77.4125 | N7: ='Crush Margins Monthly'!$D150 -> 110.87524 | O7: =MAX(I7:M7) -> 77.4125 | P7: =MIN(I7:M7) -> 24.739524
A8: Jun | B8: ='Crush Margins Monthly'!$D7 -> 52.154545 | C8: ='Crush Margins Monthly'!$D19 -> 1.4504545 | D8: ='Crush Margins Monthly'!$D31 -> 61.749545 | E8: ='Crush Margins Monthly'!$D43 -> 21.035238 | F8: ='Crush Margins Monthly'!$D55 -> 90.145 | G8: ='Crush Margins Monthly'!$D67 -> 64.91 | H8: ='Crush Margins Monthly'!$D79 -> 31.070909 | I8: ='Crush Margins Monthly'!$D91 -> 2.31 | J8: ='Crush Margins Monthly'!$D103 -> 41.246818 | K8: ='Crush Margins Monthly'!$D115 -> 55.519048 | L8: ='Crush Margins Monthly'!$D127 -> 24.61 | M8: ='Crush Margins Monthly'!$D139 -> 69.654091 | N8: ='Crush Margins Monthly'!$D151 -> 45.691818 | O8: =MAX(I8:M8) -> 69.654091 | P8: =MIN(I8:M8) -> 2.31
A9: Jul | B9: ='Crush Margins Monthly'!$D8 -> 37.427273 | C9: ='Crush Margins Monthly'!$D20 -> 24.253333 | D9: ='Crush Margins Monthly'!$D32 -> 50.122 | E9: ='Crush Margins Monthly'!$D44 -> 17.785238 | F9: ='Crush Margins Monthly'!$D56 -> 61.058182 | G9: ='Crush Margins Monthly'!$D68 -> 20.062273 | H9: ='Crush Margins Monthly'!$D80 -> 22.177727 | I9: ='Crush Margins Monthly'!$D92 -> -3.216 | J9: ='Crush Margins Monthly'!$D104 -> 38.288 | K9: ='Crush Margins Monthly'!$D116 -> 60.690476 | L9: ='Crush Margins Monthly'!$D128 -> 28.838636 | M9: ='Crush Margins Monthly'!$D140 -> 49.202609 | N9: ='Crush Margins Monthly'!$D152 -> 26.143182 | O9: =MAX(I9:M9) -> 60.690476 | P9: =MIN(I9:M9) -> -3.216
A10: Aug | B10: ='Crush Margins Monthly'!$D9 -> 19.785714 | C10: ='Crush Margins Monthly'!$D21 -> 6.0354545 | D10: ='Crush Margins Monthly'!$D33 -> 39.805217 | E10: ='Crush Margins Monthly'!$D45 -> -3.4643478 | F10: ='Crush Margins Monthly'!$D57 -> 30.740455 | G10: ='Crush Margins Monthly'!$D69 -> 34.474286 | H10: ='Crush Margins Monthly'!$D81 -> -3.0780952 | I10: ='Crush Margins Monthly'!$D93 -> -15.168261 | J10: ='Crush Margins Monthly'!$D105 -> 39.05913 | K10: ='Crush Margins Monthly'!$D117 -> 50.698261 | L10: ='Crush Margins Monthly'!$D129 -> 26.215 | M10: ='Crush Margins Monthly'!$D141 -> 32.574286 | N10: ='Crush Margins Monthly'!$D153 -> #NAME? | O10: =MAX(I10:M10) -> 50.698261 | P10: =MIN(I10:M10) -> -15.168261
A11: Sep | B11: ='Crush Margins Monthly'!$D10 -> 23 | C11: ='Crush Margins Monthly'!$D22 -> -23.115 | D11: ='Crush Margins Monthly'!$D34 -> 37.319048 | E11: ='Crush Margins Monthly'!$D46 -> -51.905789 | F11: ='Crush Margins Monthly'!$D58 -> 19.9285 | G11: ='Crush Margins Monthly'!$D70 -> 31.087143 | H11: ='Crush Margins Monthly'!$D82 -> -10.192857 | I11: ='Crush Margins Monthly'!$D94 -> -35.06619 | J11: ='Crush Margins Monthly'!$D106 -> 38.2205 | K11: ='Crush Margins Monthly'!$D118 -> 47.990526 | L11: ='Crush Margins Monthly'!$D130 -> 17.2235 | M11: ='Crush Margins Monthly'!$D142 -> 42.789545 | O11: =MAX(I11:M11) -> 47.990526 | P11: =MIN(I11:M11) -> -35.06619
A12: Oct | B12: ='Crush Margins Monthly'!$D11 -> 36.118182 | C12: ='Crush Margins Monthly'!$D23 -> -21.345238 | D12: ='Crush Margins Monthly'!$D35 -> 33.166667 | E12: ='Crush Margins Monthly'!$D47 -> -50.047391 | F12: ='Crush Margins Monthly'!$D59 -> 3.7521739 | G12: ='Crush Margins Monthly'!$D71 -> 35.347826 | H12: ='Crush Margins Monthly'!$D83 -> -31.355909 | I12: ='Crush Margins Monthly'!$D95 -> -34.48381 | J12: ='Crush Margins Monthly'!$D107 -> 53.233182 | K12: ='Crush Margins Monthly'!$D119 -> 48.151304 | L12: ='Crush Margins Monthly'!$D131 -> -1.4069565 | M12: ='Crush Margins Monthly'!$D143 -> 38.578182 | O12: =MAX(I12:M12) -> 53.233182 | P12: =MIN(I12:M12) -> -34.48381
A13: Nov | B13: ='Crush Margins Monthly'!$D12 -> 33.055 | C13: ='Crush Margins Monthly'!$D24 -> -19.950952 | D13: ='Crush Margins Monthly'!$D36 -> 25.184762 | E13: ='Crush Margins Monthly'!$D48 -> -56.174762 | F13: ='Crush Margins Monthly'!$D60 -> -3.6035 | G13: ='Crush Margins Monthly'!$D72 -> 29.200526 | H13: ='Crush Margins Monthly'!$D84 -> -28.0665 | I13: ='Crush Margins Monthly'!$D96 -> -23.712857 | J13: ='Crush Margins Monthly'!$D108 -> 52.841905 | K13: ='Crush Margins Monthly'!$D120 -> 24.840952 | L13: ='Crush Margins Monthly'!$D132 -> 21.59 | M13: ='Crush Margins Monthly'!$D144 -> 30.475238 | O13: =MAX(I13:M13) -> 52.841905 | P13: =MIN(I13:M13) -> -23.712857
A14: Dec | B14: ='Crush Margins Monthly'!$D13 -> 24.368182 | C14: ='Crush Margins Monthly'!$D25 -> -34.312381 | D14: ='Crush Margins Monthly'!$D37 -> 18.679048 | E14: ='Crush Margins Monthly'!$D49 -> -52.9505 | F14: ='Crush Margins Monthly'!$D61 -> -22.554286 | G14: ='Crush Margins Monthly'!$D73 -> 30.059545 | H14: ='Crush Margins Monthly'!$D85 -> -23.772727 | I14: ='Crush Margins Monthly'!$D97 -> -16.864762 | J14: ='Crush Margins Monthly'!$D109 -> 51.4035 | K14: ='Crush Margins Monthly'!$D121 -> 3.9865 | L14: ='Crush Margins Monthly'!$D133 -> 13.93381 | M14: ='Crush Margins Monthly'!$D145 -> 47.993913 | O14: =MAX(I14:M14) -> 51.4035 | P14: =MIN(I14:M14) -> -16.864762
A16: Ukraine
B17: 2009 | C17: 2010 | D17: 2011 | E17: 2012 | F17: 2013 | G17: 2014 | H17: 2015 | I17: 2016 | J17: 2017 | K17: 2018 | L17: 2019 | M17: 2020 | N17: 2021 | O17: 5-Year Max | P17: 5-Year Min
A18: Jan | B18: ='Crush Margins Monthly'!$E2 -> 147.15104 | C18: ='Crush Margins Monthly'!$E14 -> 120.81468 | D18: ='Crush Margins Monthly'!$E26 -> 111.54717 | E18: ='Crush Margins Monthly'!$E38 -> 31.476166 | F18: ='Crush Margins Monthly'!$E50 -> 4.7530773 | G18: ='Crush Margins Monthly'!$E62 -> 36.955792 | H18: ='Crush Margins Monthly'!$E74 -> 30.982537 | I18: ='Crush Margins Monthly'!$E86 -> -5.4969566 | J18: ='Crush Margins Monthly'!$E98 -> 26.714551 | K18: ='Crush Margins Monthly'!$E110 -> 17.762201 | M18: ='Crush Margins Monthly'!$E134 -> 54.974545 | N18: ='Crush Margins Monthly'!$E146 -> 35.041 | O18: =MAX(I18:M18) -> 54.974545 | P18: =MIN(I18:M18) -> -5.4969566
A19: Feb | B19: ='Crush Margins Monthly'!$E3 -> 160.37608 | C19: ='Crush Margins Monthly'!$E15 -> 121.04368 | D19: ='Crush Margins Monthly'!$E27 -> 34.484285 | E19: ='Crush Margins Monthly'!$E39 -> 16.846228 | F19: ='Crush Margins Monthly'!$E51 -> 2.8443857 | G19: ='Crush Margins Monthly'!$E63 -> 37.283866 | H19: ='Crush Margins Monthly'!$E75 -> 49.754203 | I19: ='Crush Margins Monthly'!$E87 -> 2.9944932 | J19: ='Crush Margins Monthly'!$E99 -> 24.089366 | K19: ='Crush Margins Monthly'!$E111 -> 31.814744 | M19: ='Crush Margins Monthly'!$E135 -> 28.3505 | N19: ='Crush Margins Monthly'!$E147 -> 10.5665 | O19: =MAX(I19:M19) -> 31.814744 | P19: =MIN(I19:M19) -> 2.9944932
A20: Mar | B20: ='Crush Margins Monthly'!$E4 -> 155.04291 | C20: ='Crush Margins Monthly'!$E16 -> 105.79173 | D20: ='Crush Margins Monthly'!$E28 -> 22.992513 | E20: ='Crush Margins Monthly'!$E40 -> 20.337742 | F20: ='Crush Margins Monthly'!$E52 -> -2.8368291 | G20: ='Crush Margins Monthly'!$E64 -> 17.13227 | H20: ='Crush Margins Monthly'!$E76 -> 55.834306 | I20: ='Crush Margins Monthly'!$E88 -> 16.704278 | J20: ='Crush Margins Monthly'!$E100 -> 4.0297669 | K20: ='Crush Margins Monthly'!$E112 -> 28.153015 | M20: ='Crush Margins Monthly'!$E136 -> 45.378182 | N20: ='Crush Margins Monthly'!$E148 -> 52.383913 | O20: =MAX(I20:M20) -> 45.378182 | P20: =MIN(I20:M20) -> 4.0297669
A21: Apr | B21: ='Crush Margins Monthly'!$E5 -> 166.43726 | C21: ='Crush Margins Monthly'!$E17 -> 104.60797 | D21: ='Crush Margins Monthly'!$E29 -> 14.050136 | E21: ='Crush Margins Monthly'!$E41 -> 27.517398 | F21: ='Crush Margins Monthly'!$E53 -> 0.27020591 | G21: ='Crush Margins Monthly'!$E65 -> 11.476131 | H21: ='Crush Margins Monthly'!$E77 -> 40.815415 | I21: ='Crush Margins Monthly'!$E89 -> -4.5856223 | J21: ='Crush Margins Monthly'!$E101 -> 3.9456068 | K21: ='Crush Margins Monthly'!$E113 -> 2.9429819 | M21: ='Crush Margins Monthly'!$E137 -> 29.465 | N21: ='Crush Margins Monthly'!$E149 -> 30.571 | O21: =MAX(I21:M21) -> 29.465 | P21: =MIN(I21:M21) -> -4.5856223
A22: May | B22: ='Crush Margins Monthly'!$E6 -> 174.61178 | C22: ='Crush Margins Monthly'!$E18 -> 119.55331 | D22: ='Crush Margins Monthly'!$E30 -> -0.49193072 | E22: ='Crush Margins Monthly'!$E42 -> 28.409279 | F22: ='Crush Margins Monthly'!$E54 -> 8.1241776 | G22: ='Crush Margins Monthly'!$E66 -> 16.001606 | H22: ='Crush Margins Monthly'!$E78 -> 25.790647 | I22: ='Crush Margins Monthly'!$E90 -> -16.652652 | J22: ='Crush Margins Monthly'!$E102 -> 2.3664474 | K22: ='Crush Margins Monthly'!$E114 -> -11.563652 | M22: ='Crush Margins Monthly'!$E138 -> 29.015882 | N22: ='Crush Margins Monthly'!$E150 -> 64.499474 | O22: =MAX(I22:M22) -> 29.015882 | P22: =MIN(I22:M22) -> -16.652652
A23: Jun | B23: ='Crush Margins Monthly'!$E7 -> 185.35106 | C23: ='Crush Margins Monthly'!$E19 -> 126.83382 | D23: ='Crush Margins Monthly'!$E31 -> 8.3854858 | E23: ='Crush Margins Monthly'!$E43 -> 40.127711 | F23: ='Crush Margins Monthly'!$E55 -> 13.090931 | G23: ='Crush Margins Monthly'!$E67 -> 21.884143 | H23: ='Crush Margins Monthly'!$E79 -> 21.51942 | I23: ='Crush Margins Monthly'!$E91 -> -8.0802718 | J23: ='Crush Margins Monthly'!$E103 -> 4.7901985 | K23: ='Crush Margins Monthly'!$E115 -> -6.5758926 | M23: ='Crush Margins Monthly'!$E139 -> 31.571 | N23: ='Crush Margins Monthly'!$E151 -> 81.065909 | O23: =MAX(I23:M23) -> 31.571 | P23: =MIN(I23:M23) -> -8.0802718
A24: Jul | B24: ='Crush Margins Monthly'!$E8 -> 149.21545 | C24: ='Crush Margins Monthly'!$E20 -> 132.19679 | D24: ='Crush Margins Monthly'!$E32 -> 14.133048 | E24: ='Crush Margins Monthly'!$E44 -> 45.029318 | F24: ='Crush Margins Monthly'!$E56 -> 44.913237 | G24: ='Crush Margins Monthly'!$E68 -> 31.102782 | H24: ='Crush Margins Monthly'!$E80 -> 28.043367 | I24: ='Crush Margins Monthly'!$E92 -> 16.242633 | J24: ='Crush Margins Monthly'!$E104 -> 17.896768 | K24: ='Crush Margins Monthly'!$E116 -> 0.83598906 | M24: ='Crush Margins Monthly'!$E140 -> 42.676522 | N24: ='Crush Margins Monthly'!$E152 -> 60.520909 | O24: =MAX(I24:M24) -> 42.676522 | P24: =MIN(I24:M24) -> 0.83598906
A25: Aug | B25: ='Crush Margins Monthly'!$E9 -> 160.53445 | C25: ='Crush Margins Monthly'!$E21 -> 154.22162 | D25: ='Crush Margins Monthly'!$E33 -> 1.8393108 | E25: ='Crush Margins Monthly'!$E45 -> 27.783181 | F25: ='Crush Margins Monthly'!$E57 -> 60.17033 | G25: ='Crush Margins Monthly'!$E69 -> 41.372772 | H25: ='Crush Margins Monthly'!$E81 -> 43.743923 | I25: ='Crush Margins Monthly'!$E93 -> 5.0341616 | J25: ='Crush Margins Monthly'!$E105 -> 9.8600361 | K25: ='Crush Margins Monthly'!$E117 -> 3.0728996 | M25: ='Crush Margins Monthly'!$E141 -> 68.4245 | N25: ='Crush Margins Monthly'!$E153 -> 67.69 | O25: =MAX(I25:M25) -> 68.4245 | P25: =MIN(I25:M25) -> 3.0728996
A26: Sep | B26: ='Crush Margins Monthly'!$E10 -> 137.66351 | C26: ='Crush Margins Monthly'!$E22 -> 148.7271 | D26: ='Crush Margins Monthly'!$E34 -> 10.417569 | E26: ='Crush Margins Monthly'!$E46 -> -14.008514 | F26: ='Crush Margins Monthly'!$E58 -> 61.369469 | G26: ='Crush Margins Monthly'!$E70 -> 56.230881 | H26: ='Crush Margins Monthly'!$E82 -> 23.593231 | I26: ='Crush Margins Monthly'!$E94 -> 16.575606 | J26: ='Crush Margins Monthly'!$E106 -> 20.644516 | K26: ='Crush Margins Monthly'!$E118 -> 18.133532 | M26: ='Crush Margins Monthly'!$E142 -> 81.330909 | O26: =MAX(I26:M26) -> 81.330909 | P26: =MIN(I26:M26) -> 16.575606
A27: Oct | B27: ='Crush Margins Monthly'!$E11 -> 128.69212 | C27: ='Crush Margins Monthly'!$E23 -> 151.67492 | D27: ='Crush Margins Monthly'!$E35 -> 43.119162 | E27: ='Crush Margins Monthly'!$E47 -> 28.502023 | F27: ='Crush Margins Monthly'!$E59 -> 47.186159 | G27: ='Crush Margins Monthly'!$E71 -> 68.34517 | H27: ='Crush Margins Monthly'!$E83 -> -0.0094940018 | I27: ='Crush Margins Monthly'!$E95 -> 16.041628 | J27: ='Crush Margins Monthly'!$E107 -> 27.037324 | K27: ='Crush Margins Monthly'!$E119 -> 39.996582 | M27: ='Crush Margins Monthly'!$E143 -> 65.043636 | O27: =MAX(I27:M27) -> 65.043636 | P27: =MIN(I27:M27) -> 16.041628
A28: Nov | B28: ='Crush Margins Monthly'!$E12 -> 118.83305 | C28: ='Crush Margins Monthly'!$E24 -> 187.02938 | D28: ='Crush Margins Monthly'!$E36 -> 44.701196 | E28: ='Crush Margins Monthly'!$E48 -> 14.936836 | F28: ='Crush Margins Monthly'!$E60 -> 47.882996 | G28: ='Crush Margins Monthly'!$E72 -> 58.815757 | H28: ='Crush Margins Monthly'!$E84 -> 8.1798422 | I28: ='Crush Margins Monthly'!$E96 -> 4.1929537 | J28: ='Crush Margins Monthly'!$E108 -> 20.22737 | K28: ='Crush Margins Monthly'!$E120 -> 33.825716 | M28: ='Crush Margins Monthly'!$E144 -> 27.222381 | O28: =MAX(I28:M28) -> 33.825716 | P28: =MIN(I28:M28) -> 4.1929537
A29: Dec | B29: ='Crush Margins Monthly'!$E13 -> 115.76109 | C29: ='Crush Margins Monthly'!$E25 -> 222.30914 | D29: ='Crush Margins Monthly'!$E37 -> 41.069275 | E29: ='Crush Margins Monthly'!$E49 -> 19.024203 | F29: ='Crush Margins Monthly'!$E61 -> 39.903763 | G29: ='Crush Margins Monthly'!$E73 -> 50.603857 | H29: ='Crush Margins Monthly'!$E85 -> 4.217408 | I29: ='Crush Margins Monthly'!$E97 -> 6.1646756 | J29: ='Crush Margins Monthly'!$E109 -> 11.954759 | K29: ='Crush Margins Monthly'!$E121 -> 36.353288 | M29: ='Crush Margins Monthly'!$E145 -> 16.402381 | O29: =MAX(I29:M29) -> 36.353288 | P29: =MIN(I29:M29) -> 6.1646756
A31: Argentina
B32: 2009 | C32: 2010 | D32: 2011 | E32: 2012 | F32: 2013 | G32: 2014 | H32: 2015 | I32: 2016 | J32: 2017 | K32: 2018 | L32: 2019 | M32: 2020 | N32: 2021 | O32: 5-Year Max | P32: 5-Year Min
A33: Jan | G33: ='Crush Margins Monthly'!$F62 -> -38.017143 | H33: ='Crush Margins Monthly'!$F74 -> 26.8895 | I33: ='Crush Margins Monthly'!$F86 -> -64.995789 | J33: ='Crush Margins Monthly'!$F98 -> 9.466 | K33: ='Crush Margins Monthly'!$F110 -> 20.412381 | L33: ='Crush Margins Monthly'!$F122 -> -69.610952 | M33: ='Crush Margins Monthly'!$F134 -> -14.455 | N33: ='Crush Margins Monthly'!$F146 -> -47.65 | O33: =MAX(I33:M33) -> 20.412381 | P33: =MIN(I33:M33) -> -69.610952
A34: Feb | G34: ='Crush Margins Monthly'!$F63 -> -16.031053 | H34: ='Crush Margins Monthly'!$F75 -> 29.876316 | I34: ='Crush Margins Monthly'!$F87 -> -96.068 | J34: ='Crush Margins Monthly'!$F99 -> 32.416842 | K34: ='Crush Margins Monthly'!$F111 -> 37.767368 | L34: ='Crush Margins Monthly'!$F123 -> -34.857778 | M34: ='Crush Margins Monthly'!$F135 -> 5.8525 | N34: ='Crush Margins Monthly'!$F147 -> -10.31 | O34: =MAX(I34:M34) -> 37.767368 | P34: =MIN(I34:M34) -> -96.068
A35: Mar | G35: ='Crush Margins Monthly'!$F64 -> 14.76381 | H35: ='Crush Margins Monthly'!$F76 -> 29.704091 | I35: ='Crush Margins Monthly'!$F88 -> -79.285455 | J35: ='Crush Margins Monthly'!$F100 -> 46.527826 | K35: ='Crush Margins Monthly'!$F112 -> 27.429524 | L35: ='Crush Margins Monthly'!$F124 -> -34.061429 | M35: ='Crush Margins Monthly'!$F136 -> 0.64454545 | N35: ='Crush Margins Monthly'!$F148 -> 75.420435 | O35: =MAX(I35:M35) -> 46.527826 | P35: =MIN(I35:M35) -> -79.285455
A36: Apr | G36: ='Crush Margins Monthly'!$F65 -> 28.977619 | H36: ='Crush Margins Monthly'!$F77 -> 37.883333 | I36: ='Crush Margins Monthly'!$F89 -> -39.980952 | J36: ='Crush Margins Monthly'!$F101 -> 49.632105 | K36: ='Crush Margins Monthly'!$F113 -> 41.058571 | L36: ='Crush Margins Monthly'!$F125 -> -14.421429 | M36: ='Crush Margins Monthly'!$F137 -> 26.160476 | N36: ='Crush Margins Monthly'!$F149 -> 92.669545 | O36: =MAX(I36:M36) -> 49.632105 | P36: =MIN(I36:M36) -> -39.980952
A37: May | F37: ='Crush Margins Monthly'!$F54 -> 31.068571 | G37: ='Crush Margins Monthly'!$F66 -> 48.428095 | H37: ='Crush Margins Monthly'!$F78 -> 20.5905 | I37: ='Crush Margins Monthly'!$F90 -> 13.532381 | J37: ='Crush Margins Monthly'!$F102 -> 31.220455 | K37: ='Crush Margins Monthly'!$F114 -> 45.851364 | L37: ='Crush Margins Monthly'!$F126 -> -0.63954545 | M37: ='Crush Margins Monthly'!$F138 -> 24.701 | N37: ='Crush Margins Monthly'!$F150 -> 40.890476 | O37: =MAX(I37:M37) -> 45.851364 | P37: =MIN(I37:M37) -> -0.63954545
A38: Jun | F38: ='Crush Margins Monthly'!$F55 -> 35.035 | G38: ='Crush Margins Monthly'!$F67 -> 77.28619 | H38: ='Crush Margins Monthly'!$F79 -> 6.3395455 | I38: ='Crush Margins Monthly'!$F91 -> 11.26 | J38: ='Crush Margins Monthly'!$F103 -> 28.656818 | K38: ='Crush Margins Monthly'!$F115 -> 45.998571 | L38: ='Crush Margins Monthly'!$F127 -> -12.8475 | M38: ='Crush Margins Monthly'!$F139 -> 35.609545 | N38: ='Crush Margins Monthly'!$F151 -> -8.0304545 | O38: =MAX(I38:M38) -> 45.998571 | P38: =MIN(I38:M38) -> -12.8475
A39: Jul | F39: ='Crush Margins Monthly'!$F56 -> 50.756818 | G39: ='Crush Margins Monthly'!$F68 -> 75.073182 | H39: ='Crush Margins Monthly'!$F80 -> 7.2895455 | I39: ='Crush Margins Monthly'!$F92 -> 13.4615 | J39: ='Crush Margins Monthly'!$F104 -> 35.143 | K39: ='Crush Margins Monthly'!$F116 -> 39.179048 | L39: ='Crush Margins Monthly'!$F128 -> 0.26818182 | M39: ='Crush Margins Monthly'!$F140 -> 18.171304 | N39: ='Crush Margins Monthly'!$F152 -> -12.380909 | O39: =MAX(I39:M39) -> 39.179048 | P39: =MIN(I39:M39) -> 0.26818182
A40: Aug | F40: ='Crush Margins Monthly'!$F57 -> 44.391818 | G40: ='Crush Margins Monthly'!$F69 -> 61.881905 | H40: ='Crush Margins Monthly'!$F81 -> -13.928095 | I40: ='Crush Margins Monthly'!$F93 -> -12.21913 | J40: ='Crush Margins Monthly'!$F105 -> 23.416957 | K40: ='Crush Margins Monthly'!$F117 -> 35.846957 | L40: ='Crush Margins Monthly'!$F129 -> 0.21772727 | M40: ='Crush Margins Monthly'!$F141 -> -2.5747619 | N40: ='Crush Margins Monthly'!$F153 -> #NAME? | O40: =MAX(I40:M40) -> 35.846957 | P40: =MIN(I40:M40) -> -12.21913
A41: Sep | F41: ='Crush Margins Monthly'!$F58 -> 7.69 | G41: ='Crush Margins Monthly'!$F70 -> 51.782381 | H41: ='Crush Margins Monthly'!$F82 -> -37.051429 | I41: ='Crush Margins Monthly'!$F94 -> -39.775714 | J41: ='Crush Margins Monthly'!$F106 -> 34.986 | K41: ='Crush Margins Monthly'!$F118 -> 20.860526 | L41: ='Crush Margins Monthly'!$F130 -> -13.296 | M41: ='Crush Margins Monthly'!$F142 -> -12.680455 | O41: =MAX(I41:M41) -> 34.986 | P41: =MIN(I41:M41) -> -39.775714
A42: Oct | F42: ='Crush Margins Monthly'!$F59 -> -22.578261 | G42: ='Crush Margins Monthly'!$F71 -> 29.146087 | H42: ='Crush Margins Monthly'!$F83 -> -74.943636 | I42: ='Crush Margins Monthly'!$F95 -> -39.513333 | J42: ='Crush Margins Monthly'!$F107 -> 62.233636 | K42: ='Crush Margins Monthly'!$F119 -> 15.794783 | L42: ='Crush Margins Monthly'!$F131 -> -36.091304 | M42: ='Crush Margins Monthly'!$F143 -> -25.745909 | O42: =MAX(I42:M42) -> 62.233636 | P42: =MIN(I42:M42) -> -39.513333
A43: Nov | F43: ='Crush Margins Monthly'!$F60 -> -33.3665 | G43: ='Crush Margins Monthly'!$F72 -> 21.609474 | H43: ='Crush Margins Monthly'!$F84 -> -61.73 | I43: ='Crush Margins Monthly'!$F96 -> -28.907619 | J43: ='Crush Margins Monthly'!$F108 -> 63.226667 | K43: ='Crush Margins Monthly'!$F120 -> -20.658095 | L43: ='Crush Margins Monthly'!$F132 -> -20.4455 | M43: ='Crush Margins Monthly'!$F144 -> -65.88619 | O43: =MAX(I43:M43) -> 63.226667 | P43: =MIN(I43:M43) -> -65.88619
A44: Dec | F44: ='Crush Margins Monthly'!$F61 -> -50.42 | G44: ='Crush Margins Monthly'!$F73 -> 28.635455 | H44: ='Crush Margins Monthly'!$F85 -> -55.152727 | I44: ='Crush Margins Monthly'!$F97 -> -18.900476 | J44: ='Crush Margins Monthly'!$F109 -> 54.95 | K44: ='Crush Margins Monthly'!$F121 -> -52.951 | L44: ='Crush Margins Monthly'!$F133 -> -35.646667 | M44: ='Crush Margins Monthly'!$F145 -> -56.617826 | O44: =MAX(I44:M44) -> 54.95 | P44: =MIN(I44:M44) -> -56.617826
A46: France
B47: 2009 | C47: 2010 | D47: 2011 | E47: 2012 | F47: 2013 | G47: 2014 | H47: 2015 | I47: 2016 | J47: 2017 | K47: 2018 | L47: 2019 | M47: 2020 | N47: 2021 | O47: 5-Year Max | P47: 5-Year Min
A48: Jan | B48: ='Crush Margins Monthly'!$H2 -> 97.021667 | C48: ='Crush Margins Monthly'!$H14 -> 42.457368 | D48: ='Crush Margins Monthly'!$H26 -> 26.788947 | E48: ='Crush Margins Monthly'!$H38 -> -15.428947 | F48: ='Crush Margins Monthly'!$H50 -> 76.333333 | G48: ='Crush Margins Monthly'!$H62 -> -1.5819048 | H48: ='Crush Margins Monthly'!$H74 -> 20.564 | I48: ='Crush Margins Monthly'!$H86 -> 20.421579 | J48: ='Crush Margins Monthly'!$H98 -> 56.18 | K48: ='Crush Margins Monthly'!$H110 -> 58.895238 | L48: ='Crush Margins Monthly'!$H122 -> 24.456667 | M48: ='Crush Margins Monthly'!$H134 -> 79.554091 | N48: ='Crush Margins Monthly'!$H146 -> 69.8125 | O48: =MAX(I48:M48) -> 79.554091 | P48: =MIN(I48:M48) -> 20.421579
A49: Feb | B49: ='Crush Margins Monthly'!$H3 -> 72.014211 | C49: ='Crush Margins Monthly'!$H15 -> 45.352105 | D49: ='Crush Margins Monthly'!$H27 -> 16.349474 | E49: ='Crush Margins Monthly'!$H39 -> -39.481 | F49: ='Crush Margins Monthly'!$H51 -> 104.70368 | G49: ='Crush Margins Monthly'!$H63 -> 40.892632 | H49: ='Crush Margins Monthly'!$H75 -> 1.3147368 | I49: ='Crush Margins Monthly'!$H87 -> -17.801 | J49: ='Crush Margins Monthly'!$H99 -> 70.006316 | K49: ='Crush Margins Monthly'!$H111 -> 74.896842 | L49: ='Crush Margins Monthly'!$H123 -> 39.999444 | M49: ='Crush Margins Monthly'!$H135 -> 95.7775 | N49: ='Crush Margins Monthly'!$H147 -> 75.9975 | O49: =MAX(I49:M49) -> 95.7775 | P49: =MIN(I49:M49) -> -17.801
A50: Mar | B50: ='Crush Margins Monthly'!$H4 -> 58.014091 | C50: ='Crush Margins Monthly'!$H16 -> 26.338696 | D50: ='Crush Margins Monthly'!$H28 -> 30.138696 | E50: ='Crush Margins Monthly'!$H40 -> -11.721364 | F50: ='Crush Margins Monthly'!$H52 -> 85.6255 | G50: ='Crush Margins Monthly'!$H64 -> 74.479048 | H50: ='Crush Margins Monthly'!$H76 -> 4.64 | I50: ='Crush Margins Monthly'!$H88 -> -5.2377273 | J50: ='Crush Margins Monthly'!$H100 -> 91.547826 | K50: ='Crush Margins Monthly'!$H112 -> 73.555714 | L50: ='Crush Margins Monthly'!$H124 -> 43.61 | M50: ='Crush Margins Monthly'!$H136 -> 97.392727 | N50: ='Crush Margins Monthly'!$H148 -> 113.4187 | O50: =MAX(I50:M50) -> 97.392727 | P50: =MIN(I50:M50) -> -5.2377273
A51: Apr | B51: ='Crush Margins Monthly'!$H5 -> 67.819524 | C51: ='Crush Margins Monthly'!$H17 -> 21.846667 | D51: ='Crush Margins Monthly'!$H29 -> 7.795 | E51: ='Crush Margins Monthly'!$H41 -> -19.849 | F51: ='Crush Margins Monthly'!$H53 -> 84.365 | G51: ='Crush Margins Monthly'!$H65 -> 94.11 | H51: ='Crush Margins Monthly'!$H77 -> 35.391429 | I51: ='Crush Margins Monthly'!$H89 -> 36.590952 | J51: ='Crush Margins Monthly'!$H101 -> 116.95474 | K51: ='Crush Margins Monthly'!$H113 -> 101.74952 | L51: ='Crush Margins Monthly'!$H125 -> 60.600952 | M51: ='Crush Margins Monthly'!$H137 -> 102.74381 | N51: ='Crush Margins Monthly'!$H149 -> 163.20773 | O51: =MAX(I51:M51) -> 116.95474 | P51: =MIN(I51:M51) -> 36.590952
A52: May | B52: ='Crush Margins Monthly'!$H6 -> 37.197 | C52: ='Crush Margins Monthly'!$H18 -> 33.515 | D52: ='Crush Margins Monthly'!$H30 -> -1.0366667 | E52: ='Crush Margins Monthly'!$H42 -> -18.249545 | F52: ='Crush Margins Monthly'!$H54 -> 94.35 | G52: ='Crush Margins Monthly'!$H66 -> 93.434286 | H52: ='Crush Margins Monthly'!$H78 -> 47.178 | I52: ='Crush Margins Monthly'!$H90 -> 72.372857 | J52: ='Crush Margins Monthly'!$H102 -> 92.506364 | K52: ='Crush Margins Monthly'!$H114 -> 100.145 | L52: ='Crush Margins Monthly'!$H126 -> 76.569091 | M52: ='Crush Margins Monthly'!$H138 -> 102.503 | N52: ='Crush Margins Monthly'!$H150 -> 182.80333 | O52: =MAX(I52:M52) -> 102.503 | P52: =MIN(I52:M52) -> 72.372857
A53: Jun | B53: ='Crush Margins Monthly'!$H7 -> 26.480909 | C53: ='Crush Margins Monthly'!$H19 -> 41.801818 | D53: ='Crush Margins Monthly'!$H31 -> -5.0945455 | E53: ='Crush Margins Monthly'!$H43 -> -5.4514286 | F53: ='Crush Margins Monthly'!$H55 -> 103.1325 | G53: ='Crush Margins Monthly'!$H67 -> 87.525714 | H53: ='Crush Margins Monthly'!$H79 -> 33.248182 | I53: ='Crush Margins Monthly'!$H91 -> 57.884091 | J53: ='Crush Margins Monthly'!$H103 -> 95.379091 | K53: ='Crush Margins Monthly'!$H115 -> 98.888571 | L53: ='Crush Margins Monthly'!$H127 -> 72.6625 | M53: ='Crush Margins Monthly'!$H139 -> 113.22045 | N53: ='Crush Margins Monthly'!$H151 -> 190.225 | O53: =MAX(I53:M53) -> 113.22045 | P53: =MIN(I53:M53) -> 57.884091
A54: Jul | B54: ='Crush Margins Monthly'!$H8 -> 37.462727 | C54: ='Crush Margins Monthly'!$H20 -> 37.83 | D54: ='Crush Margins Monthly'!$H32 -> 16.7755 | E54: ='Crush Margins Monthly'!$H44 -> -4.2461905 | F54: ='Crush Margins Monthly'!$H56 -> 85.672727 | G54: ='Crush Margins Monthly'!$H68 -> 55.728182 | H54: ='Crush Margins Monthly'!$H80 -> 6.0572727 | I54: ='Crush Margins Monthly'!$H92 -> 51.3295 | J54: ='Crush Margins Monthly'!$H104 -> 92.1145 | K54: ='Crush Margins Monthly'!$H116 -> 95.340476 | L54: ='Crush Margins Monthly'!$H128 -> 71.695455 | M54: ='Crush Margins Monthly'!$H140 -> 91.373913 | N54: ='Crush Margins Monthly'!$H152 -> 169.50364 | O54: =MAX(I54:M54) -> 95.340476 | P54: =MIN(I54:M54) -> 51.3295
A55: Aug | B55: ='Crush Margins Monthly'!$H9 -> 29.214762 | C55: ='Crush Margins Monthly'!$H21 -> 24.29 | D55: ='Crush Margins Monthly'!$H33 -> 59.806087 | E55: ='Crush Margins Monthly'!$H45 -> 48.39 | F55: ='Crush Margins Monthly'!$H57 -> 102.26727 | G55: ='Crush Margins Monthly'!$H69 -> 53.992857 | H55: ='Crush Margins Monthly'!$H81 -> -13.744762 | I55: ='Crush Margins Monthly'!$H93 -> 36.881304 | J55: ='Crush Margins Monthly'!$H105 -> 93.898696 | K55: ='Crush Margins Monthly'!$H117 -> 86.58 | L55: ='Crush Margins Monthly'!$H129 -> 68.754091 | M55: ='Crush Margins Monthly'!$H141 -> 83.642381 | N55: ='Crush Margins Monthly'!$H153 -> #NAME? | O55: =MAX(I55:M55) -> 93.898696 | P55: =MIN(I55:M55) -> 36.881304
A56: Sep | B56: ='Crush Margins Monthly'!$H10 -> 50.341905 | C56: ='Crush Margins Monthly'!$H22 -> 32.03381 | D56: ='Crush Margins Monthly'!$H34 -> 52.02619 | E56: ='Crush Margins Monthly'!$H46 -> 9.18 | F56: ='Crush Margins Monthly'!$H58 -> 55.4565 | G56: ='Crush Margins Monthly'!$H70 -> 39.608571 | H56: ='Crush Margins Monthly'!$H82 -> -11.85 | I56: ='Crush Margins Monthly'!$H94 -> 14.874286 | J56: ='Crush Margins Monthly'!$H106 -> 89.5785 | K56: ='Crush Margins Monthly'!$H118 -> 90.743158 | L56: ='Crush Margins Monthly'!$H130 -> 67.914 | M56: ='Crush Margins Monthly'!$H142 -> 60.279091 | O56: =MAX(I56:M56) -> 90.743158 | P56: =MIN(I56:M56) -> 14.874286
A57: Oct | B57: ='Crush Margins Monthly'!$H11 -> 37.914091 | C57: ='Crush Margins Monthly'!$H23 -> 14.489048 | D57: ='Crush Margins Monthly'!$H35 -> 40.462857 | E57: ='Crush Margins Monthly'!$H47 -> 14.448261 | F57: ='Crush Margins Monthly'!$H59 -> 35.624348 | G57: ='Crush Margins Monthly'!$H71 -> 40.392174 | H57: ='Crush Margins Monthly'!$H83 -> -34.601364 | I57: ='Crush Margins Monthly'!$H95 -> 12.962381 | J57: ='Crush Margins Monthly'!$H107 -> 106.44273 | K57: ='Crush Margins Monthly'!$H119 -> 96.855652 | L57: ='Crush Margins Monthly'!$H131 -> 54.342609 | M57: ='Crush Margins Monthly'!$H143 -> 48.062273 | O57: =MAX(I57:M57) -> 106.44273 | P57: =MIN(I57:M57) -> 12.962381
A58: Nov | B58: ='Crush Margins Monthly'!$H12 -> 15.3475 | C58: ='Crush Margins Monthly'!$H24 -> 30.588571 | D58: ='Crush Margins Monthly'!$H36 -> 20.222857 | E58: ='Crush Margins Monthly'!$H48 -> 3.3790476 | F58: ='Crush Margins Monthly'!$H60 -> 27.7025 | G58: ='Crush Margins Monthly'!$H72 -> 29.027368 | H58: ='Crush Margins Monthly'!$H84 -> 6.574 | I58: ='Crush Margins Monthly'!$H96 -> 29.293333 | J58: ='Crush Margins Monthly'!$H108 -> 106.57857 | K58: ='Crush Margins Monthly'!$H120 -> 61.670476 | L58: ='Crush Margins Monthly'!$H132 -> 65.0355 | M58: ='Crush Margins Monthly'!$H144 -> 27.154762 | O58: =MAX(I58:M58) -> 106.57857 | P58: =MIN(I58:M58) -> 27.154762
A59: Dec | B59: ='Crush Margins Monthly'!$H13 -> 20.153636 | C59: ='Crush Margins Monthly'!$H25 -> 30.225238 | D59: ='Crush Margins Monthly'!$H37 -> 24.669048 | E59: ='Crush Margins Monthly'!$H49 -> 9.0475 | F59: ='Crush Margins Monthly'!$H61 -> -1.5238095 | G59: ='Crush Margins Monthly'!$H73 -> 27.734545 | H59: ='Crush Margins Monthly'!$H85 -> 25.544091 | I59: ='Crush Margins Monthly'!$H97 -> 29.434286 | J59: ='Crush Margins Monthly'!$H109 -> 96.7685 | K59: ='Crush Margins Monthly'!$H121 -> 39.989 | L59: ='Crush Margins Monthly'!$H133 -> 65.95 | M59: ='Crush Margins Monthly'!$H145 -> 50.160435 | O59: =MAX(I59:M59) -> 96.7685 | P59: =MIN(I59:M59) -> 29.434286
A61: Italy
B62: 2009 | C62: 2010 | D62: 2011 | E62: 2012 | F62: 2013 | G62: 2014 | H62: 2015 | I62: 2016 | J62: 2017 | K62: 2018 | L62: 2019 | M62: 2020 | N62: 2021 | O62: 5-Year Max | P62: 5-Year Min
A63: Jan | B63: ='Crush Margins Monthly'!$I2 -> -76.961538 | C63: ='Crush Margins Monthly'!$I14 -> -105.79474 | D63: ='Crush Margins Monthly'!$I26 -> -201.67579 | E63: ='Crush Margins Monthly'!$I38 -> -18.34 | F63: ='Crush Margins Monthly'!$I50 -> 347.00905 | G63: ='Crush Margins Monthly'!$I62 -> -97.903333 | H63: ='Crush Margins Monthly'!$I74 -> -16.535 | I63: ='Crush Margins Monthly'!$I86 -> 22.680526 | J63: ='Crush Margins Monthly'!$I98 -> 58.5945 | K63: ='Crush Margins Monthly'!$I110 -> 37.4 | L63: ='Crush Margins Monthly'!$I122 -> 31.666667 | M63: ='Crush Margins Monthly'!$I134 -> 71.204091 | N63: ='Crush Margins Monthly'!$I146 -> 87.3825 | O63: =MAX(I63:M63) -> 71.204091 | P63: =MIN(I63:M63) -> 22.680526
A64: Feb | B64: ='Crush Margins Monthly'!$I3 -> -57.815789 | C64: ='Crush Margins Monthly'!$I15 -> -115.38947 | D64: ='Crush Margins Monthly'!$I27 -> -111.72368 | E64: ='Crush Margins Monthly'!$I39 -> -42.3115 | F64: ='Crush Margins Monthly'!$I51 -> 256.60316 | G64: ='Crush Margins Monthly'!$I63 -> -45.001053 | H64: ='Crush Margins Monthly'!$I75 -> -2.9610526 | I64: ='Crush Margins Monthly'!$I87 -> -4.103 | J64: ='Crush Margins Monthly'!$I99 -> 69.452105 | K64: ='Crush Margins Monthly'!$I111 -> 63.748947 | L64: ='Crush Margins Monthly'!$I123 -> 60.736667 | M64: ='Crush Margins Monthly'!$I135 -> 88.9125 | N64: ='Crush Margins Monthly'!$I147 -> 89.74 | O64: =MAX(I64:M64) -> 88.9125 | P64: =MIN(I64:M64) -> -4.103
A65: Mar | B65: ='Crush Margins Monthly'!$I4 -> -58.159091 | C65: ='Crush Margins Monthly'!$I16 -> -132.46957 | D65: ='Crush Margins Monthly'!$I28 -> 95.682174 | E65: ='Crush Margins Monthly'!$I40 -> 35.25 | F65: ='Crush Margins Monthly'!$I52 -> 516.4295 | G65: ='Crush Margins Monthly'!$I64 -> 0.28238095 | H65: ='Crush Margins Monthly'!$I76 -> -10.577273 | I65: ='Crush Margins Monthly'!$I88 -> 10.121818 | J65: ='Crush Margins Monthly'!$I100 -> 83.412174 | K65: ='Crush Margins Monthly'!$I112 -> 48.650952 | L65: ='Crush Margins Monthly'!$I124 -> 58.07381 | M65: ='Crush Margins Monthly'!$I136 -> 107.63091 | N65: ='Crush Margins Monthly'!$I148 -> 148.63391 | O65: =MAX(I65:M65) -> 107.63091 | P65: =MIN(I65:M65) -> 10.121818
A66: Apr | B66: ='Crush Margins Monthly'!$I5 -> -73.766667 | C66: ='Crush Margins Monthly'!$I17 -> -135.42619 | D66: ='Crush Margins Monthly'!$I29 -> 74.415 | E66: ='Crush Margins Monthly'!$I41 -> 19.8625 | F66: ='Crush Margins Monthly'!$I53 -> 374.18727 | G66: ='Crush Margins Monthly'!$I65 -> 39.658095 | H66: ='Crush Margins Monthly'!$I77 -> 24.48619 | I66: ='Crush Margins Monthly'!$I89 -> 49.56619 | J66: ='Crush Margins Monthly'!$I101 -> 103.18158 | K66: ='Crush Margins Monthly'!$I113 -> 84.659048 | L66: ='Crush Margins Monthly'!$I125 -> 79.310476 | M66: ='Crush Margins Monthly'!$I137 -> 135.06571 | N66: ='Crush Margins Monthly'!$I149 -> 205.65318 | O66: =MAX(I66:M66) -> 135.06571 | P66: =MIN(I66:M66) -> 49.56619
A67: May | B67: ='Crush Margins Monthly'!$I6 -> -89.29 | C67: ='Crush Margins Monthly'!$I18 -> -126.4225 | D67: ='Crush Margins Monthly'!$I30 -> 60.111429 | E67: ='Crush Margins Monthly'!$I42 -> 38.387273 | F67: ='Crush Margins Monthly'!$I54 -> 157.64455 | G67: ='Crush Margins Monthly'!$I66 -> 36.830952 | H67: ='Crush Margins Monthly'!$I78 -> 24.1095 | I67: ='Crush Margins Monthly'!$I90 -> 81.19619 | J67: ='Crush Margins Monthly'!$I102 -> 88.480455 | K67: ='Crush Margins Monthly'!$I114 -> 81.326364 | L67: ='Crush Margins Monthly'!$I126 -> 84.422273 | M67: ='Crush Margins Monthly'!$I138 -> 127.2875 | N67: ='Crush Margins Monthly'!$I150 -> 184.09333 | O67: =MAX(I67:M67) -> 127.2875 | P67: =MIN(I67:M67) -> 81.19619
A68: Jun | B68: ='Crush Margins Monthly'!$I7 -> -108.99545 | C68: ='Crush Margins Monthly'!$I19 -> -126.17818 | D68: ='Crush Margins Monthly'!$I31 -> 44.805909 | E68: ='Crush Margins Monthly'!$I43 -> 61.992381 | F68: ='Crush Margins Monthly'!$I55 -> 95.3 | G68: ='Crush Margins Monthly'!$I67 -> 11.815714 | H68: ='Crush Margins Monthly'!$I79 -> 11.070909 | I68: ='Crush Margins Monthly'!$I91 -> 84.900909 | J68: ='Crush Margins Monthly'!$I103 -> 94.975909 | K68: ='Crush Margins Monthly'!$I115 -> 101.75429 | L68: ='Crush Margins Monthly'!$I127 -> 60 | M68: ='Crush Margins Monthly'!$I139 -> 128.95045 | N68: ='Crush Margins Monthly'!$I151 -> 171.26773 | O68: =MAX(I68:M68) -> 128.95045 | P68: =MIN(I68:M68) -> 60
A69: Jul | B69: ='Crush Margins Monthly'!$I8 -> -100.60909 | C69: ='Crush Margins Monthly'!$I20 -> -137.62476 | D69: ='Crush Margins Monthly'!$I32 -> 126.012 | E69: ='Crush Margins Monthly'!$I44 -> 53.26619 | F69: ='Crush Margins Monthly'!$I56 -> 75.874091 | G69: ='Crush Margins Monthly'!$I68 -> -10.294545 | H69: ='Crush Margins Monthly'!$I80 -> -2.0472727 | I69: ='Crush Margins Monthly'!$I92 -> 70.151 | J69: ='Crush Margins Monthly'!$I104 -> 90.365 | K69: ='Crush Margins Monthly'!$I116 -> 89.372381 | L69: ='Crush Margins Monthly'!$I128 -> 54.812273 | M69: ='Crush Margins Monthly'!$I140 -> 118.04304 | N69: ='Crush Margins Monthly'!$I152 -> 121.95227 | O69: =MAX(I69:M69) -> 118.04304 | P69: =MIN(I69:M69) -> 54.812273
A70: Aug | B70: ='Crush Margins Monthly'!$I9 -> -114.47619 | C70: ='Crush Margins Monthly'!$I21 -> -141.90545 | D70: ='Crush Margins Monthly'!$I33 -> 130.64739 | E70: ='Crush Margins Monthly'!$I45 -> 64.626087 | F70: ='Crush Margins Monthly'!$I57 -> 89.786818 | G70: ='Crush Margins Monthly'!$I69 -> 17.067619 | H70: ='Crush Margins Monthly'!$I81 -> -28.812381 | I70: ='Crush Margins Monthly'!$I93 -> 158.36391 | J70: ='Crush Margins Monthly'!$I105 -> 87.329565 | K70: ='Crush Margins Monthly'!$I117 -> 78.457826 | L70: ='Crush Margins Monthly'!$I129 -> 84.929091 | M70: ='Crush Margins Monthly'!$I141 -> 103.77762 | N70: ='Crush Margins Monthly'!$I153 -> #NAME? | O70: =MAX(I70:M70) -> 158.36391 | P70: =MIN(I70:M70) -> 78.457826
A71: Sep | B71: ='Crush Margins Monthly'!$I10 -> -151.98095 | C71: ='Crush Margins Monthly'!$I22 -> -165.89375 | D71: ='Crush Margins Monthly'!$I34 -> 106.2719 | E71: ='Crush Margins Monthly'!$I46 -> 323.58211 | F71: ='Crush Margins Monthly'!$I58 -> 71.5245 | G71: ='Crush Margins Monthly'!$I70 -> -19.747143 | H71: ='Crush Margins Monthly'!$I82 -> -9.8314286 | I71: ='Crush Margins Monthly'!$I94 -> 93.396667 | J71: ='Crush Margins Monthly'!$I106 -> 80.9005 | K71: ='Crush Margins Monthly'!$I118 -> 98.403684 | L71: ='Crush Margins Monthly'!$I130 -> 70.8145 | M71: ='Crush Margins Monthly'!$I142 -> 85.008636 | O71: =MAX(I71:M71) -> 98.403684 | P71: =MIN(I71:M71) -> 70.8145
A72: Oct | B72: ='Crush Margins Monthly'!$I11 -> -99.622727 | C72: ='Crush Margins Monthly'!$I23 -> -164.47952 | D72: ='Crush Margins Monthly'!$I35 -> 81.101429 | E72: ='Crush Margins Monthly'!$I47 -> 88.317826 | F72: ='Crush Margins Monthly'!$I59 -> -35.747826 | G72: ='Crush Margins Monthly'!$I71 -> -15.757826 | H72: ='Crush Margins Monthly'!$I83 -> -25.192273 | I72: ='Crush Margins Monthly'!$I95 -> 17.160476 | J72: ='Crush Margins Monthly'!$I107 -> 112.14273 | K72: ='Crush Margins Monthly'!$I119 -> 80.538696 | L72: ='Crush Margins Monthly'!$I131 -> 53.036087 | M72: ='Crush Margins Monthly'!$I143 -> 81.776364 | O72: =MAX(I72:M72) -> 112.14273 | P72: =MIN(I72:M72) -> 17.160476
A73: Nov | B73: ='Crush Margins Monthly'!$I12 -> -104.105 | C73: ='Crush Margins Monthly'!$I24 -> -217.27857 | D73: ='Crush Margins Monthly'!$I36 -> -38.348095 | E73: ='Crush Margins Monthly'!$I48 -> 23.60381 | F73: ='Crush Margins Monthly'!$I60 -> -61.4215 | G73: ='Crush Margins Monthly'!$I72 -> -26.696842 | H73: ='Crush Margins Monthly'!$I84 -> 19.535 | I73: ='Crush Margins Monthly'!$I96 -> 24.782857 | J73: ='Crush Margins Monthly'!$I108 -> 86.910952 | K73: ='Crush Margins Monthly'!$I120 -> 56.200476 | L73: ='Crush Margins Monthly'!$I132 -> 59.0735 | M73: ='Crush Margins Monthly'!$I144 -> 55.985714 | O73: =MAX(I73:M73) -> 86.910952 | P73: =MIN(I73:M73) -> 24.782857
A74: Dec | B74: ='Crush Margins Monthly'!$I13 -> -117.67273 | C74: ='Crush Margins Monthly'!$I25 -> -248.87905 | D74: ='Crush Margins Monthly'!$I37 -> 51.459524 | E74: ='Crush Margins Monthly'!$I49 -> 438.8095 | F74: ='Crush Margins Monthly'!$I61 -> -80.424762 | G74: ='Crush Margins Monthly'!$I73 -> -33.253182 | H74: ='Crush Margins Monthly'!$I85 -> 34.461818 | I74: ='Crush Margins Monthly'!$I97 -> 16.26619 | J74: ='Crush Margins Monthly'!$I109 -> 63.039 | K74: ='Crush Margins Monthly'!$I121 -> 40.332 | L74: ='Crush Margins Monthly'!$I133 -> 39.54 | M74: ='Crush Margins Monthly'!$I145 -> 83.016522 | O74: =MAX(I74:M74) -> 83.016522 | P74: =MIN(I74:M74) -> 16.26619

Sheet Sunflower Monthly
B1: Month | C1: Year | D1: Russia $/mt | E1: Russia High | F1: Russia Low | G1: Russia rub/mt | H1: Russia High | I1: Russia Low | J1: Ukraine$/mt | K1: Ukraine High | L1: Ukraine Low | M1: Ukraine Hyr/mt
A2: 36800 | B2: =MONTH(A2) -> 10 | C2: =YEAR(A2) -> 2000 | D2: =AVERAGEIFS('Sunflower Prices'!F2:F5304,'Sunflower Prices'!B2:B5304,'Sunflower Monthly'!B2,'Sunflower Prices'!C2:C5304,'Sunflower Monthly'!C2) -> 112.67271
A3: 36831 | B3: =MONTH(A3) -> 11 | C3: =YEAR(A3) -> 2000 | D3: =AVERAGEIFS('Sunflower Prices'!F3:F5305,'Sunflower Prices'!B3:B5305,'Sunflower Monthly'!B3,'Sunflower Prices'!C3:C5305,'Sunflower Monthly'!C3) -> 110.27044
A4: 36861 | B4: =MONTH(A4) -> 12 | C4: =YEAR(A4) -> 2000 | D4: =AVERAGEIFS('Sunflower Prices'!F4:F5306,'Sunflower Prices'!B4:B5306,'Sunflower Monthly'!B4,'Sunflower Prices'!C4:C5306,'Sunflower Monthly'!C4) -> 114.75607
A5: 36892 | B5: =MONTH(A5) -> 1 | C5: =YEAR(A5) -> 2001 | D5: =AVERAGEIFS('Sunflower Prices'!F5:F5307,'Sunflower Prices'!B5:B5307,'Sunflower Monthly'!B5,'Sunflower Prices'!C5:C5307,'Sunflower Monthly'!C5) -> 121.97562
A6: 36923 | B6: =MONTH(A6) -> 2 | C6: =YEAR(A6) -> 2001 | D6: =AVERAGEIFS('Sunflower Prices'!F6:F5308,'Sunflower Prices'!B6:B5308,'Sunflower Monthly'!B6,'Sunflower Prices'!C6:C5308,'Sunflower Monthly'!C6) -> 146.36999
A7: 36951 | B7: =MONTH(A7) -> 3 | C7: =YEAR(A7) -> 2001 | D7: =AVERAGEIFS('Sunflower Prices'!F7:F5309,'Sunflower Prices'!B7:B5309,'Sunflower Monthly'!B7,'Sunflower Prices'!C7:C5309,'Sunflower Monthly'!C7) -> 153.16112
A8: 36982 | B8: =MONTH(A8) -> 4 | C8: =YEAR(A8) -> 2001 | D8: =AVERAGEIFS('Sunflower Prices'!F8:F5310,'Sunflower Prices'!B8:B5310,'Sunflower Monthly'!B8,'Sunflower Prices'!C8:C5310,'Sunflower Monthly'!C8) -> 164.06365
A9: 37012 | B9: =MONTH(A9) -> 5 | C9: =YEAR(A9) -> 2001 | D9: =AVERAGEIFS('Sunflower Prices'!F9:F5311,'Sunflower Prices'!B9:B5311,'Sunflower Monthly'!B9,'Sunflower Prices'!C9:C5311,'Sunflower Monthly'!C9) -> 193.72137
A10: 37043 | B10: =MONTH(A10) -> 6 | C10: =YEAR(A10) -> 2001 | D10: =AVERAGEIFS('Sunflower Prices'!F10:F5312,'Sunflower Prices'!B10:B5312,'Sunflower Monthly'!B10,'Sunflower Prices'!C10:C5312,'Sunflower Monthly'!C10) -> 218.6139
A11: 37073 | B11: =MONTH(A11) -> 7 | C11: =YEAR(A11) -> 2001 | D11: =AVERAGEIFS('Sunflower Prices'!F11:F5313,'Sunflower Prices'!B11:B5313,'Sunflower Monthly'!B11,'Sunflower Prices'!C11:C5313,'Sunflower Monthly'!C11) -> 224.29566
A12: 37104 | B12: =MONTH(A12) -> 8 | C12: =YEAR(A12) -> 2001
A13: 37135 | B13: =MONTH(A13) -> 9 | C13: =YEAR(A13) -> 2001 | D13: =AVERAGEIFS('Sunflower Prices'!F13:F5315,'Sunflower Prices'!B13:B5315,'Sunflower Monthly'!B13,'Sunflower Prices'!C13:C5315,'Sunflower Monthly'!C13) -> 162.53054
A14: 37165 | B14: =MONTH(A14) -> 10 | C14: =YEAR(A14) -> 2001 | D14: =AVERAGEIFS('Sunflower Prices'!F14:F5316,'Sunflower Prices'!B14:B5316,'Sunflower Monthly'!B14,'Sunflower Prices'!C14:C5316,'Sunflower Monthly'!C14) -> 200.24007
A15: 37196 | B15: =MONTH(A15) -> 11 | C15: =YEAR(A15) -> 2001 | D15: =AVERAGEIFS('Sunflower Prices'!F15:F5317,'Sunflower Prices'!B15:B5317,'Sunflower Monthly'!B15,'Sunflower Prices'!C15:C5317,'Sunflower Monthly'!C15) -> 235.49717
A16: 37226 | B16: =MONTH(A16) -> 12 | C16: =YEAR(A16) -> 2001 | D16: =AVERAGEIFS('Sunflower Prices'!F16:F5318,'Sunflower Prices'!B16:B5318,'Sunflower Monthly'!B16,'Sunflower Prices'!C16:C5318,'Sunflower Monthly'!C16) -> 278.30548
A17: 37257 | B17: =MONTH(A17) -> 1 | C17: =YEAR(A17) -> 2002 | D17: =AVERAGEIFS('Sunflower Prices'!F17:F5319,'Sunflower Prices'!B17:B5319,'Sunflower Monthly'!B17,'Sunflower Prices'!C17:C5319,'Sunflower Monthly'!C17) -> 284.88501
A18: 37288 | B18: =MONTH(A18) -> 2 | C18: =YEAR(A18) -> 2002 | D18: =AVERAGEIFS('Sunflower Prices'!F18:F5320,'Sunflower Prices'!B18:B5320,'Sunflower Monthly'!B18,'Sunflower Prices'!C18:C5320,'Sunflower Monthly'!C18) -> 273.01855
A19: 37316 | B19: =MONTH(A19) -> 3 | C19: =YEAR(A19) -> 2002 | D19: =AVERAGEIFS('Sunflower Prices'!F19:F5321,'Sunflower Prices'!B19:B5321,'Sunflower Monthly'!B19,'Sunflower Prices'!C19:C5321,'Sunflower Monthly'!C19) -> 262.30918
A20: 37347 | B20: =MONTH(A20) -> 4 | C20: =YEAR(A20) -> 2002 | D20: =AVERAGEIFS('Sunflower Prices'!F20:F5322,'Sunflower Prices'!B20:B5322,'Sunflower Monthly'!B20,'Sunflower Prices'!C20:C5322,'Sunflower Monthly'!C20) -> 245.5809
A21: 37377 | B21: =MONTH(A21) -> 5 | C21: =YEAR(A21) -> 2002 | D21: =AVERAGEIFS('Sunflower Prices'!F21:F5323,'Sunflower Prices'!B21:B5323,'Sunflower Monthly'!B21,'Sunflower Prices'!C21:C5323,'Sunflower Monthly'!C21) -> 244.6448
A22: 37408 | B22: =MONTH(A22) -> 6 | C22: =YEAR(A22) -> 2002 | D22: =AVERAGEIFS('Sunflower Prices'!F22:F5324,'Sunflower Prices'!B22:B5324,'Sunflower Monthly'!B22,'Sunflower Prices'!C22:C5324,'Sunflower Monthly'!C22) -> 243.32581
A23: 37438 | B23: =MONTH(A23) -> 7 | C23: =YEAR(A23) -> 2002 | D23: =AVERAGEIFS('Sunflower Prices'!F23:F5325,'Sunflower Prices'!B23:B5325,'Sunflower Monthly'!B23,'Sunflower Prices'!C23:C5325,'Sunflower Monthly'!C23) -> 242.54508
A24: 37469 | B24: =MONTH(A24) -> 8 | C24: =YEAR(A24) -> 2002 | D24: =AVERAGEIFS('Sunflower Prices'!F24:F5326,'Sunflower Prices'!B24:B5326,'Sunflower Monthly'!B24,'Sunflower Prices'!C24:C5326,'Sunflower Monthly'!C24) -> 242.22423
... A131: 40725 | B131: =MONTH(A131) -> 7 | C131: =YEAR(A131) -> 2011 | D131: =AVERAGEIFS('Sunflower Prices'!F131:F5433,'Sunflower Prices'!B131:B5433,'Sunflower Monthly'!B131,'Sunflower Prices'!C131:C5433,'Sunflower Monthly'!C131) -> 545.62124
A132: 40756 | B132: =MONTH(A132) -> 8 | C132: =YEAR(A132) -> 2011
A133: 40787 | B133: =MONTH(A133) -> 9 | C133: =YEAR(A133) -> 2011 | D133: =AVERAGEIFS('Sunflower Prices'!F133:F5435,'Sunflower Prices'!B133:B5435,'Sunflower Monthly'!B133,'Sunflower Prices'!C133:C5435,'Sunflower Monthly'!C133) -> 393.63476
A134: 40817 | B134: =MONTH(A134) -> 10 | C134: =YEAR(A134) -> 2011 | D134: =AVERAGEIFS('Sunflower Prices'!F134:F5436,'Sunflower Prices'!B134:B5436,'Sunflower Monthly'!B134,'Sunflower Prices'!C134:C5436,'Sunflower Monthly'!C134) -> 355.60824
A135: 40848 | B135: =MONTH(A135) -> 11 | C135: =YEAR(A135) -> 2011 | D135: =AVERAGEIFS('Sunflower Prices'!F135:F5437,'Sunflower Prices'!B135:B5437,'Sunflower Monthly'!B135,'Sunflower Prices'!C135:C5437,'Sunflower Monthly'!C135) -> 342.05576
A136: 40878 | B136: =MONTH(A136) -> 12 | C136: =YEAR(A136) -> 2011 | D136: =AVERAGEIFS('Sunflower Prices'!F136:F5438,'Sunflower Prices'!B136:B5438,'Sunflower Monthly'!B136,'Sunflower Prices'!C136:C5438,'Sunflower Monthly'!C136) -> 367.81123
A137: 40909 | B137: =MONTH(A137) -> 1 | C137: =YEAR(A137) -> 2012 | D137: =AVERAGEIFS('Sunflower Prices'!F137:F5439,'Sunflower Prices'!B137:B5439,'Sunflower Monthly'!B137,'Sunflower Prices'!C137:C5439,'Sunflower Monthly'!C137) -> 395.7781
A138: 40940 | B138: =MONTH(A138) -> 2 | C138: =YEAR(A138) -> 2012 | D138: =AVERAGEIFS('Sunflower Prices'!F138:F5440,'Sunflower Prices'!B138:B5440,'Sunflower Monthly'!B138,'Sunflower Prices'!C138:C5440,'Sunflower Monthly'!C138) -> 406.54328
A139: 40969 | B139: =MONTH(A139) -> 3 | C139: =YEAR(A139) -> 2012 | D139: =AVERAGEIFS('Sunflower Prices'!F139:F5441,'Sunflower Prices'!B139:B5441,'Sunflower Monthly'!B139,'Sunflower Prices'!C139:C5441,'Sunflower Monthly'!C139) -> 415.97929
A140: 41000 | B140: =MONTH(A140) -> 4 | C140: =YEAR(A140) -> 2012 | D140: =AVERAGEIFS('Sunflower Prices'!F140:F5442,'Sunflower Prices'!B140:B5442,'Sunflower Monthly'!B140,'Sunflower Prices'!C140:C5442,'Sunflower Monthly'!C140) -> 438.4495
A141: 41030 | B141: =MONTH(A141) -> 5 | C141: =YEAR(A141) -> 2012 | D141: =AVERAGEIFS('Sunflower Prices'!F141:F5443,'Sunflower Prices'!B141:B5443,'Sunflower Monthly'!B141,'Sunflower Prices'!C141:C5443,'Sunflower Monthly'!C141) -> 468.04601
A142: 41061 | B142: =MONTH(A142) -> 6 | C142: =YEAR(A142) -> 2012 | D142: =AVERAGEIFS('Sunflower Prices'!F142:F5444,'Sunflower Prices'!B142:B5444,'Sunflower Monthly'!B142,'Sunflower Prices'!C142:C5444,'Sunflower Monthly'!C142) -> 470.03166
A143: 41091 | B143: =MONTH(A143) -> 7 | C143: =YEAR(A143) -> 2012 | D143: =AVERAGEIFS('Sunflower Prices'!F143:F5445,'Sunflower Prices'!B143:B5445,'Sunflower Monthly'!B143,'Sunflower Prices'!C143:C5445,'Sunflower Monthly'!C143) -> 435.24676
A144: 41122 | B144: =MONTH(A144) -> 8 | C144: =YEAR(A144) -> 2012 | D144: =AVERAGEIFS('Sunflower Prices'!F144:F5446,'Sunflower Prices'!B144:B5446,'Sunflower Monthly'!B144,'Sunflower Prices'!C144:C5446,'Sunflower Monthly'!C144) -> 497.32827
... A155: 41456 | B155: =MONTH(A155) -> 7 | C155: =YEAR(A155) -> 2013 | D155: =AVERAGEIFS('Sunflower Prices'!F155:F5457,'Sunflower Prices'!B155:B5457,'Sunflower Monthly'!B155,'Sunflower Prices'!C155:C5457,'Sunflower Monthly'!C155) -> 488.02088
A156: 41487 | B156: =MONTH(A156) -> 8 | C156: =YEAR(A156) -> 2013
A157: 41518 | B157: =MONTH(A157) -> 9 | C157: =YEAR(A157) -> 2013 | D157: =AVERAGEIFS('Sunflower Prices'!F157:F5459,'Sunflower Prices'!B157:B5459,'Sunflower Monthly'!B157,'Sunflower Prices'!C157:C5459,'Sunflower Monthly'!C157) -> 352.2386
A158: 41548 | B158: =MONTH(A158) -> 10 | C158: =YEAR(A158) -> 2013 | D158: =AVERAGEIFS('Sunflower Prices'!F158:F5460,'Sunflower Prices'!B158:B5460,'Sunflower Monthly'!B158,'Sunflower Prices'!C158:C5460,'Sunflower Monthly'!C158) -> 345.19918
A159: 41579 | B159: =MONTH(A159) -> 11 | C159: =YEAR(A159) -> 2013 | D159: =AVERAGEIFS('Sunflower Prices'!F159:F5461,'Sunflower Prices'!B159:B5461,'Sunflower Monthly'!B159,'Sunflower Prices'!C159:C5461,'Sunflower Monthly'!C159) -> 324.88619
A160: 41609 | B160: =MONTH(A160) -> 12 | C160: =YEAR(A160) -> 2013 | D160: =AVERAGEIFS('Sunflower Prices'!F160:F5462,'Sunflower Prices'!B160:B5462,'Sunflower Monthly'!B160,'Sunflower Prices'!C160:C5462,'Sunflower Monthly'!C160) -> 345.58633
A161: 41640 | B161: =MONTH(A161) -> 1 | C161: =YEAR(A161) -> 2014 | D161: =AVERAGEIFS('Sunflower Prices'!F161:F5463,'Sunflower Prices'!B161:B5463,'Sunflower Monthly'!B161,'Sunflower Prices'!C161:C5463,'Sunflower Monthly'!C161) -> 328.40541
A162: 41671 | B162: =MONTH(A162) -> 2 | C162: =YEAR(A162) -> 2014 | D162: =AVERAGEIFS('Sunflower Prices'!F162:F5464,'Sunflower Prices'!B162:B5464,'Sunflower Monthly'!B162,'Sunflower Prices'!C162:C5464,'Sunflower Monthly'!C162) -> 325.98717
A163: 41699 | B163: =MONTH(A163) -> 3 | C163: =YEAR(A163) -> 2014 | D163: =AVERAGEIFS('Sunflower Prices'!F163:F5465,'Sunflower Prices'!B163:B5465,'Sunflower Monthly'!B163,'Sunflower Prices'!C163:C5465,'Sunflower Monthly'!C163) -> 358.09979
A164: 41730 | B164: =MONTH(A164) -> 4 | C164: =YEAR(A164) -> 2014 | D164: =AVERAGEIFS('Sunflower Prices'!F164:F5466,'Sunflower Prices'!B164:B5466,'Sunflower Monthly'!B164,'Sunflower Prices'!C164:C5466,'Sunflower Monthly'!C164) -> 384.94928
A165: 41760 | B165: =MONTH(A165) -> 5 | C165: =YEAR(A165) -> 2014 | D165: =AVERAGEIFS('Sunflower Prices'!F165:F5467,'Sunflower Prices'!B165:B5467,'Sunflower Monthly'!B165,'Sunflower Prices'!C165:C5467,'Sunflower Monthly'!C165) -> 404.14287
A166: 41791 | B166: =MONTH(A166) -> 6 | C166: =YEAR(A166) -> 2014 | D166: =AVERAGEIFS('Sunflower Prices'!F166:F5468,'Sunflower Prices'!B166:B5468,'Sunflower Monthly'!B166,'Sunflower Prices'!C166:C5468,'Sunflower Monthly'!C166) -> 408.99587
A167: 41821 | B167: =MONTH(A167) -> 7 | C167: =YEAR(A167) -> 2014 | D167: =AVERAGEIFS('Sunflower Prices'!F167:F5469,'Sunflower Prices'!B167:B5469,'Sunflower Monthly'!B167,'Sunflower Prices'!C167:C5469,'Sunflower Monthly'!C167) -> 397.65482
A168: 41852 | B168: =MONTH(A168) -> 8 | C168: =YEAR(A168) -> 2014
A169: 41883 | B169: =MONTH(A169) -> 9 | C169: =YEAR(A169) -> 2014 | D169: =AVERAGEIFS('Sunflower Prices'!F169:F5471,'Sunflower Prices'!B169:B5471,'Sunflower Monthly'!B169,'Sunflower Prices'!C169:C5471,'Sunflower Monthly'!C169) -> 313.34124
A170: 41913 | B170: =MONTH(A170) -> 10 | C170: =YEAR(A170) -> 2014 | D170: =AVERAGEIFS('Sunflower Prices'!F170:F5472,'Sunflower Prices'!B170:B5472,'Sunflower Monthly'!B170,'Sunflower Prices'!C170:C5472,'Sunflower Monthly'!C170) -> 331.34511
A171: 41944 | B171: =MONTH(A171) -> 11 | C171: =YEAR(A171) -> 2014 | D171: =AVERAGEIFS('Sunflower Prices'!F171:F5473,'Sunflower Prices'!B171:B5473,'Sunflower Monthly'!B171,'Sunflower Prices'!C171:C5473,'Sunflower Monthly'!C171) -> 366.08492
A172: 41974 | B172: =MONTH(A172) -> 12 | C172: =YEAR(A172) -> 2014 | D172: =AVERAGEIFS('Sunflower Prices'!F172:F5474,'Sunflower Prices'!B172:B5474,'Sunflower Monthly'!B172,'Sunflower Prices'!C172:C5474,'Sunflower Monthly'!C172) -> 353.01194
A173: 42005 | B173: =MONTH(A173) -> 1 | C173: =YEAR(A173) -> 2015 | D173: =AVERAGEIFS('Sunflower Prices'!F173:F5475,'Sunflower Prices'!B173:B5475,'Sunflower Monthly'!B173,'Sunflower Prices'!C173:C5475,'Sunflower Monthly'!C173) -> 322.85184
A174: 42036 | B174: =MONTH(A174) -> 2 | C174: =YEAR(A174) -> 2015 | D174: =AVERAGEIFS('Sunflower Prices'!F174:F5476,'Sunflower Prices'!B174:B5476,'Sunflower Monthly'!B174,'Sunflower Prices'!C174:C5476,'Sunflower Monthly'!C174) -> 345.72299
A175: 42064 | B175: =MONTH(A175) -> 3 | C175: =YEAR(A175) -> 2015 | D175: =AVERAGEIFS('Sunflower Prices'!F175:F5477,'Sunflower Prices'!B175:B5477,'Sunflower Monthly'!B175,'Sunflower Prices'!C175:C5477,'Sunflower Monthly'!C175) -> 361.14035
A176: 42095 | B176: =MONTH(A176) -> 4 | C176: =YEAR(A176) -> 2015 | D176: =AVERAGEIFS('Sunflower Prices'!F176:F5478,'Sunflower Prices'!B176:B5478,'Sunflower Monthly'!B176,'Sunflower Prices'!C176:C5478,'Sunflower Monthly'!C176) -> 398.63383
A177: 42125 | B177: =MONTH(A177) -> 5 | C177: =YEAR(A177) -> 2015 | D177: =AVERAGEIFS('Sunflower Prices'!F177:F5479,'Sunflower Prices'!B177:B5479,'Sunflower Monthly'!B177,'Sunflower Prices'!C177:C5479,'Sunflower Monthly'!C177) -> 405.67835
A178: 42156 | B178: =MONTH(A178) -> 6 | C178: =YEAR(A178) -> 2015 | D178: =AVERAGEIFS('Sunflower Prices'!F178:F5480,'Sunflower Prices'!B178:B5480,'Sunflower Monthly'!B178,'Sunflower Prices'!C178:C5480,'Sunflower Monthly'!C178) -> 404.01528
A179: 42186 | B179: =MONTH(A179) -> 7 | C179: =YEAR(A179) -> 2015
A180: 42217 | B180: =MONTH(A180) -> 8 | C180: =YEAR(A180) -> 2015 | D180: =AVERAGEIFS('Sunflower Prices'!F180:F5482,'Sunflower Prices'!B180:B5482,'Sunflower Monthly'!B180,'Sunflower Prices'!C180:C5482,'Sunflower Monthly'!C180) -> 345.80655
A181: 42248 | B181: =MONTH(A181) -> 9 | C181: =YEAR(A181) -> 2015 | D181: =AVERAGEIFS('Sunflower Prices'!F181:F5483,'Sunflower Prices'!B181:B5483,'Sunflower Monthly'!B181,'Sunflower Prices'!C181:C5483,'Sunflower Monthly'!C181) -> 392.29222
A182: 42278 | B182: =MONTH(A182) -> 10 | C182: =YEAR(A182) -> 2015 | D182: =AVERAGEIFS('Sunflower Prices'!F182:F5484,'Sunflower Prices'!B182:B5484,'Sunflower Monthly'!B182,'Sunflower Prices'!C182:C5484,'Sunflower Monthly'!C182) -> 396.68801
A183: 42309 | B183: =MONTH(A183) -> 11 | C183: =YEAR(A183) -> 2015 | D183: =AVERAGEIFS('Sunflower Prices'!F183:F5485,'Sunflower Prices'!B183:B5485,'Sunflower Monthly'!B183,'Sunflower Prices'!C183:C5485,'Sunflower Monthly'!C183) -> 366.91062
A184: 42339 | B184: =MONTH(A184) -> 12 | C184: =YEAR(A184) -> 2015 | D184: =AVERAGEIFS('Sunflower Prices'!F184:F5486,'Sunflower Prices'!B184:B5486,'Sunflower Monthly'!B184,'Sunflower Prices'!C184:C5486,'Sunflower Monthly'!C184) -> 362.12224
A185: 42370 | B185: =MONTH(A185) -> 1 | C185: =YEAR(A185) -> 2016 | D185: =AVERAGEIFS('Sunflower Prices'!F185:F5487,'Sunflower Prices'!B185:B5487,'Sunflower Monthly'!B185,'Sunflower Prices'!C185:C5487,'Sunflower Monthly'!C185) -> 335.14019
A186: 42401 | B186: =MONTH(A186) -> 2 | C186: =YEAR(A186) -> 2016 | D186: =AVERAGEIFS('Sunflower Prices'!F186:F5488,'Sunflower Prices'!B186:B5488,'Sunflower Monthly'!B186,'Sunflower Prices'!C186:C5488,'Sunflower Monthly'!C186) -> 347.83229
A187: 42430 | B187: =MONTH(A187) -> 3 | C187: =YEAR(A187) -> 2016 | D187: =AVERAGEIFS('Sunflower Prices'!F187:F5489,'Sunflower Prices'!B187:B5489,'Sunflower Monthly'!B187,'Sunflower Prices'!C187:C5489,'Sunflower Monthly'!C187) -> 367.15598
A188: 42461 | B188: =MONTH(A188) -> 4 | C188: =YEAR(A188) -> 2016 | D188: =AVERAGEIFS('Sunflower Prices'!F188:F5490,'Sunflower Prices'!B188:B5490,'Sunflower Monthly'!B188,'Sunflower Prices'!C188:C5490,'Sunflower Monthly'!C188) -> 365.08639
A189: 42491 | B189: =MONTH(A189) -> 5 | C189: =YEAR(A189) -> 2016 | D189: =AVERAGEIFS('Sunflower Prices'!F189:F5491,'Sunflower Prices'!B189:B5491,'Sunflower Monthly'!B189,'Sunflower Prices'!C189:C5491,'Sunflower Monthly'!C189) -> 361.97022
A190: 42522 | B190: =MONTH(A190) -> 6 | C190: =YEAR(A190) -> 2016 | D190: =AVERAGEIFS('Sunflower Prices'!F190:F5492,'Sunflower Prices'!B190:B5492,'Sunflower Monthly'!B190,'Sunflower Prices'!C190:C5492,'Sunflower Monthly'!C190) -> 393.32796
A191: 42552 | B191: =MONTH(A191) -> 7 | C191: =YEAR(A191) -> 2016 | D191: =AVERAGEIFS('Sunflower Prices'!F191:F5493,'Sunflower Prices'!B191:B5493,'Sunflower Monthly'!B191,'Sunflower Prices'!C191:C5493,'Sunflower Monthly'!C191) -> 390.99066
A192: 42583 | B192: =MONTH(A192) -> 8 | C192: =YEAR(A192) -> 2016
A193: 42614 | B193: =MONTH(A193) -> 9 | C193: =YEAR(A193) -> 2016
A194: 42644 | B194: =MONTH(A194) -> 10 | C194: =YEAR(A194) -> 2016 | D194: =AVERAGEIFS('Sunflower Prices'!F194:F5496,'Sunflower Prices'!B194:B5496,'Sunflower Monthly'!B194,'Sunflower Prices'!C194:C5496,'Sunflower Monthly'!C194) -> 322.50175
A195: 42675 | B195: =MONTH(A195) -> 11 | C195: =YEAR(A195) -> 2016 | D195: =AVERAGEIFS('Sunflower Prices'!F195:F5497,'Sunflower Prices'!B195:B5497,'Sunflower Monthly'!B195,'Sunflower Prices'!C195:C5497,'Sunflower Monthly'!C195) -> 314.17427
A196: 42705 | B196: =MONTH(A196) -> 12 | C196: =YEAR(A196) -> 2016 | D196: =AVERAGEIFS('Sunflower Prices'!F196:F5498,'Sunflower Prices'!B196:B5498,'Sunflower Monthly'!B196,'Sunflower Prices'!C196:C5498,'Sunflower Monthly'!C196) -> 335.82977
A197: 42736 | B197: =MONTH(A197) -> 1 | C197: =YEAR(A197) -> 2017 | D197: =AVERAGEIFS('Sunflower Prices'!F197:F5499,'Sunflower Prices'!B197:B5499,'Sunflower Monthly'!B197,'Sunflower Prices'!C197:C5499,'Sunflower Monthly'!C197) -> 345.84489
A198: 42767 | B198: =MONTH(A198) -> 2 | C198: =YEAR(A198) -> 2017 | D198: =AVERAGEIFS('Sunflower Prices'!F198:F5500,'Sunflower Prices'!B198:B5500,'Sunflower Monthly'!B198,'Sunflower Prices'!C198:C5500,'Sunflower Monthly'!C198) -> 341.09147
A199: 42795 | B199: =MONTH(A199) -> 3 | C199: =YEAR(A199) -> 2017 | D199: =AVERAGEIFS('Sunflower Prices'!F199:F5501,'Sunflower Prices'!B199:B5501,'Sunflower Monthly'!B199,'Sunflower Prices'!C199:C5501,'Sunflower Monthly'!C199) -> 335.3476
A200: 42826 | B200: =MONTH(A200) -> 4 | C200: =YEAR(A200) -> 2017 | D200: =AVERAGEIFS('Sunflower Prices'!F200:F5502,'Sunflower Prices'!B200:B5502,'Sunflower Monthly'!B200,'Sunflower Prices'!C200:C5502,'Sunflower Monthly'!C200) -> 321.1279
A201: 42856 | B201: =MONTH(A201) -> 5 | C201: =YEAR(A201) -> 2017 | D201: =AVERAGEIFS('Sunflower Prices'!F201:F5503,'Sunflower Prices'!B201:B5503,'Sunflower Monthly'!B201,'Sunflower Prices'!C201:C5503,'Sunflower Monthly'!C201) -> 313.90357
A202: 42887 | B202: =MONTH(A202) -> 6 | C202: =YEAR(A202) -> 2017 | D202: =AVERAGEIFS('Sunflower Prices'!F202:F5504,'Sunflower Prices'!B202:B5504,'Sunflower Monthly'!B202,'Sunflower Prices'!C202:C5504,'Sunflower Monthly'!C202) -> 330.43548
A203: 42917 | B203: =MONTH(A203) -> 7 | C203: =YEAR(A203) -> 2017 | D203: =AVERAGEIFS('Sunflower Prices'!F203:F5505,'Sunflower Prices'!B203:B5505,'Sunflower Monthly'!B203,'Sunflower Prices'!C203:C5505,'Sunflower Monthly'!C203) -> 332.82818
A204: 42948 | B204: =MONTH(A204) -> 8 | C204: =YEAR(A204) -> 2017 | D204: =AVERAGEIFS('Sunflower Prices'!F204:F5506,'Sunflower Prices'!B204:B5506,'Sunflower Monthly'!B204,'Sunflower Prices'!C204:C5506,'Sunflower Monthly'!C204) -> 341.31633
A205: 42979 | B205: =MONTH(A205) -> 9 | C205: =YEAR(A205) -> 2017 | D205: =AVERAGEIFS('Sunflower Prices'!F205:F5507,'Sunflower Prices'!B205:B5507,'Sunflower Monthly'!B205,'Sunflower Prices'!C205:C5507,'Sunflower Monthly'!C205) -> 310.51632
... A215: 43282 | B215: =MONTH(A215) -> 7 | C215: =YEAR(A215) -> 2018 | D215: =AVERAGEIFS('Sunflower Prices'!F215:F5517,'Sunflower Prices'!B215:B5517,'Sunflower Monthly'!B215,'Sunflower Prices'!C215:C5517,'Sunflower Monthly'!C215) -> 343.19558
A216: 43313 | B216: =MONTH(A216) -> 8 | C216: =YEAR(A216) -> 2018
A217: 43344 | B217: =MONTH(A217) -> 9 | C217: =YEAR(A217) -> 2018 | D217: =AVERAGEIFS('Sunflower Prices'!F217:F5519,'Sunflower Prices'!B217:B5519,'Sunflower Monthly'!B217,'Sunflower Prices'!C217:C5519,'Sunflower Monthly'!C217) -> 304.26748
A218: 43374 | B218: =MONTH(A218) -> 10 | C218: =YEAR(A218) -> 2018 | D218: =AVERAGEIFS('Sunflower Prices'!F218:F5520,'Sunflower Prices'!B218:B5520,'Sunflower Monthly'!B218,'Sunflower Prices'!C218:C5520,'Sunflower Monthly'!C218) -> 301.61397
A219: 43405 | B219: =MONTH(A219) -> 11 | C219: =YEAR(A219) -> 2018 | D219: =AVERAGEIFS('Sunflower Prices'!F219:F5521,'Sunflower Prices'!B219:B5521,'Sunflower Monthly'!B219,'Sunflower Prices'!C219:C5521,'Sunflower Monthly'!C219) -> 283.34307
A220: 43435 | B220: =MONTH(A220) -> 12 | C220: =YEAR(A220) -> 2018 | D220: =AVERAGEIFS('Sunflower Prices'!F220:F5522,'Sunflower Prices'!B220:B5522,'Sunflower Monthly'!B220,'Sunflower Prices'!C220:C5522,'Sunflower Monthly'!C220) -> 295.31056
A221: 43466 | B221: =MONTH(A221) -> 1 | C221: =YEAR(A221) -> 2019 | D221: =AVERAGEIFS('Sunflower Prices'!F221:F5523,'Sunflower Prices'!B221:B5523,'Sunflower Monthly'!B221,'Sunflower Prices'!C221:C5523,'Sunflower Monthly'!C221) -> 313.48968
A222: 43497 | B222: =MONTH(A222) -> 2 | C222: =YEAR(A222) -> 2019 | D222: =AVERAGEIFS('Sunflower Prices'!F222:F5524,'Sunflower Prices'!B222:B5524,'Sunflower Monthly'!B222,'Sunflower Prices'!C222:C5524,'Sunflower Monthly'!C222) -> 332.65426
A223: 43525 | B223: =MONTH(A223) -> 3 | C223: =YEAR(A223) -> 2019 | D223: =AVERAGEIFS('Sunflower Prices'!F223:F5525,'Sunflower Prices'!B223:B5525,'Sunflower Monthly'!B223,'Sunflower Prices'!C223:C5525,'Sunflower Monthly'!C223) -> 328.38937
A224: 43556 | B224: =MONTH(A224) -> 4 | C224: =YEAR(A224) -> 2019 | D224: =AVERAGEIFS('Sunflower Prices'!F224:F5526,'Sunflower Prices'!B224:B5526,'Sunflower Monthly'!B224,'Sunflower Prices'!C224:C5526,'Sunflower Monthly'!C224) -> 314.41119
A225: 43586 | B225: =MONTH(A225) -> 5 | C225: =YEAR(A225) -> 2019 | D225: =AVERAGEIFS('Sunflower Prices'!F225:F5527,'Sunflower Prices'!B225:B5527,'Sunflower Monthly'!B225,'Sunflower Prices'!C225:C5527,'Sunflower Monthly'!C225) -> 302.50306
...

Sheet Sun Oil Monthly
B1: Month | C1: Year | D1: Sunoil FOB Ukraine $/mt | G1: Sunoil FOB Russia $/mt | J1: Sunoil FOB Six Ports $/mt | M1: Sunoil FOB Argentina $/mt | Q1: Sunoil FOB Ukraine (cents per pound) | R1: Sunoil FOB Russia (cents per pound) | S1: Sunoil FOB Six Ports (cents per pound) | T1: Sunoil FOB Argentina (cents per pound)
D2: Price | E2: High | F2: Low | G2: Price | H2: High | I2: Low | J2: Price | K2: High | L2: Low | M2: Price | N2: High | O2: Low
A3: 43191 | B3: =MONTH(A3) -> 4 | C3: =YEAR(A3) -> 2018 | D3: =AVERAGEIFS('Sunflower Oil Prices'!D$2:D$900,'Sunflower Oil Prices'!$B$2:$B$900,'Sun Oil Monthly'!$B3,'Sunflower Oil Prices'!$C$2:$C$900,'Sun Oil Monthly'!$C3) -> 769.83333 | Q3: =IF(D3="","",D3/2204.622*100) -> 34.919062 | R3: =IF(G3="","",G3/2204.622*100) | S3: =IF(J3="","",J3/2204.622*100) | T3: =IF(M3="","",M3/2204.622*100)
A4: 43221 | B4: =MONTH(A4) -> 5 | C4: =YEAR(A4) -> 2018 | D4: =AVERAGEIFS('Sunflower Oil Prices'!D$2:D$900,'Sunflower Oil Prices'!$B$2:$B$900,'Sun Oil Monthly'!$B4,'Sunflower Oil Prices'!$C$2:$C$900,'Sun Oil Monthly'!$C4) -> 756.89474 | Q4: =IF(D4="","",D4/2204.622*100) -> 34.332177 | R4: =IF(G4="","",G4/2204.622*100) | S4: =IF(J4="","",J4/2204.622*100) | T4: =IF(M4="","",M4/2204.622*100)
A5: 43252 | B5: =MONTH(A5) -> 6 | C5: =YEAR(A5) -> 2018 | D5: =AVERAGEIFS('Sunflower Oil Prices'!D$2:D$900,'Sunflower Oil Prices'!$B$2:$B$900,'Sun Oil Monthly'!$B5,'Sunflower Oil Prices'!$C$2:$C$900,'Sun Oil Monthly'!$C5) -> 732.61905 | M5: =AVERAGEIFS('Sunflower Oil Prices'!G$2:G$900,'Sunflower Oil Prices'!$B$2:$B$900,'Sun Oil Monthly'!$B5,'Sunflower Oil Prices'!$C$2:$C$900,'Sun Oil Monthly'!$C5) -> 715.3 | Q5: =IF(D5="","",D5/2204.622*100) -> 33.23105 | R5: =IF(G5="","",G5/2204.622*100) | S5: =IF(J5="","",J5/2204.622*100) | T5: =IF(M5="","",M5/2204.622*100) -> 32.445471
A6: 43282 | B6: =MONTH(A6) -> 7 | C6: =YEAR(A6) -> 2018 | D6: =AVERAGEIFS('Sunflower Oil Prices'!D$2:D$900,'Sunflower Oil Prices'!$B$2:$B$900,'Sun Oil Monthly'!$B6,'Sunflower Oil Prices'!$C$2:$C$900,'Sun Oil Monthly'!$C6) -> 742.27273 | J6: =AVERAGEIFS('Sunflower Oil Prices'!F$2:F$900,'Sunflower Oil Prices'!$B$2:$B$900,'Sun Oil Monthly'!$B6,'Sunflower Oil Prices'!$C$2:$C$900,'Sun Oil Monthly'!$C6) -> 764.5 | M6: =AVERAGEIFS('Sunflower Oil Prices'!G$2:G$900,'Sunflower Oil Prices'!$B$2:$B$900,'Sun Oil Monthly'!$B6,'Sunflower Oil Prices'!$C$2:$C$900,'Sun Oil Monthly'!$C6) -> 718.25 | Q6: =IF(D6="","",D6/2204.622*100) -> 33.668934 | R6: =IF(G6="","",G6/2204.622*100) | S6: =IF(J6="","",J6/2204.622*100) -> 34.677146 | T6: =IF(M6="","",M6/2204.622*100) -> 32.579281
A7: 43313 | B7: =MONTH(A7) -> 8 | C7: =YEAR(A7) -> 2018 | D7: =AVERAGEIFS('Sunflower Oil Prices'!D$2:D$900,'Sunflower Oil Prices'!$B$2:$B$900,'Sun Oil Monthly'!$B7,'Sunflower Oil Prices'!$C$2:$C$900,'Sun Oil Monthly'!$C7) -> 714.09091 | J7: =AVERAGEIFS('Sunflower Oil Prices'!F$2:F$900,'Sunflower Oil Prices'!$B$2:$B$900,'Sun Oil Monthly'!$B7,'Sunflower Oil Prices'!$C$2:$C$900,'Sun Oil Monthly'!$C7) -> 731 | M7: =AVERAGEIFS('Sunflower Oil Prices'!G$2:G$900,'Sunflower Oil Prices'!$B$2:$B$900,'Sun Oil Monthly'!$B7,'Sunflower Oil Prices'!$C$2:$C$900,'Sun Oil Monthly'!$C7) -> 718.81818 | Q7: =IF(D7="","",D7/2204.622*100) -> 32.390628 | R7: =IF(G7="","",G7/2204.622*100) | S7: =IF(J7="","",J7/2204.622*100) -> 33.157612 | T7: =IF(M7="","",M7/2204.622*100) -> 32.605053
A8: 43344 | B8: =MONTH(A8) -> 9 | C8: =YEAR(A8) -> 2018 | D8: =AVERAGEIFS('Sunflower Oil Prices'!D$2:D$900,'Sunflower Oil Prices'!$B$2:$B$900,'Sun Oil Monthly'!$B8,'Sunflower Oil Prices'!$C$2:$C$900,'Sun Oil Monthly'!$C8) -> 693.9 | J8: =AVERAGEIFS('Sunflower Oil Prices'!F$2:F$900,'Sunflower Oil Prices'!$B$2:$B$900,'Sun Oil Monthly'!$B8,'Sunflower Oil Prices'!$C$2:$C$900,'Sun Oil Monthly'!$C8) -> 710.85 | M8: =AVERAGEIFS('Sunflower Oil Prices'!G$2:G$900,'Sunflower Oil Prices'!$B$2:$B$900,'Sun Oil Monthly'!$B8,'Sunflower Oil Prices'!$C$2:$C$900,'Sun Oil Monthly'!$C8) -> 691.65 | Q8: =IF(D8="","",D8/2204.622*100) -> 31.474783 | R8: =IF(G8="","",G8/2204.622*100) | S8: =IF(J8="","",J8/2204.622*100) -> 32.243623 | T8: =IF(M8="","",M8/2204.622*100) -> 31.372725
A9: 43374 | B9: =MONTH(A9) -> 10 | C9: =YEAR(A9) -> 2018 | D9: =AVERAGEIFS('Sunflower Oil Prices'!D$2:D$900,'Sunflower Oil Prices'!$B$2:$B$900,'Sun Oil Monthly'!$B9,'Sunflower Oil Prices'!$C$2:$C$900,'Sun Oil Monthly'!$C9) -> 667.26087 | J9: =AVERAGEIFS('Sunflower Oil Prices'!F$2:F$900,'Sunflower Oil Prices'!$B$2:$B$900,'Sun Oil Monthly'!$B9,'Sunflower Oil Prices'!$C$2:$C$900,'Sun Oil Monthly'!$C9) -> 704.21739 | M9: =AVERAGEIFS('Sunflower Oil Prices'!G$2:G$900,'Sunflower Oil Prices'!$B$2:$B$900,'Sun Oil Monthly'!$B9,'Sunflower Oil Prices'!$C$2:$C$900,'Sun Oil Monthly'!$C9) -> 665.90909 | Q9: =IF(D9="","",D9/2204.622*100) -> 30.266452 | R9: =IF(G9="","",G9/2204.622*100) | S9: =IF(J9="","",J9/2204.622*100) -> 31.942773 | T9: =IF(M9="","",M9/2204.622*100) -> 30.205137
A10: 43405 | B10: =MONTH(A10) -> 11 | C10: =YEAR(A10) -> 2018 | D10: =AVERAGEIFS('Sunflower Oil Prices'!D$2:D$900,'Sunflower Oil Prices'!$B$2:$B$900,'Sun Oil Monthly'!$B10,'Sunflower Oil Prices'!$C$2:$C$900,'Sun Oil Monthly'!$C10) -> 637.22727 | J10: =AVERAGEIFS('Sunflower Oil Prices'!F$2:F$900,'Sunflower Oil Prices'!$B$2:$B$900,'Sun Oil Monthly'!$B10,'Sunflower Oil Prices'!$C$2:$C$900,'Sun Oil Monthly'!$C10) -> 676.68182 | M10: =AVERAGEIFS('Sunflower Oil Prices'!G$2:G$900,'Sunflower Oil Prices'!$B$2:$B$900,'Sun Oil Monthly'!$B10,'Sunflower Oil Prices'!$C$2:$C$900,'Sun Oil Monthly'!$C10) -> 645.09524 | Q10: =IF(D10="","",D10/2204.622*100) -> 28.904151 | R10: =IF(G10="","",G10/2204.622*100) | S10: =IF(J10="","",J10/2204.622*100) -> 30.69378 | T10: =IF(M10="","",M10/2204.622*100) -> 29.261036
A11: 43435 | B11: =MONTH(A11) -> 12 | C11: =YEAR(A11) -> 2018 | D11: =AVERAGEIFS('Sunflower Oil Prices'!D$2:D$900,'Sunflower Oil Prices'!$B$2:$B$900,'Sun Oil Monthly'!$B11,'Sunflower Oil Prices'!$C$2:$C$900,'Sun Oil Monthly'!$C11) -> 639.05882 | J11: =AVERAGEIFS('Sunflower Oil Prices'!F$2:F$900,'Sunflower Oil Prices'!$B$2:$B$900,'Sun Oil Monthly'!$B11,'Sunflower Oil Prices'!$C$2:$C$900,'Sun Oil Monthly'!$C11) -> 674.5 | M11: =AVERAGEIFS('Sunflower Oil Prices'!G$2:G$900,'Sunflower Oil Prices'!$B$2:$B$900,'Sun Oil Monthly'!$B11,'Sunflower Oil Prices'!$C$2:$C$900,'Sun Oil Monthly'!$C11) -> 618.82353 | Q11: =IF(D11="","",D11/2204.622*100) -> 28.987229 | R11: =IF(G11="","",G11/2204.622*100) | S11: =IF(J11="","",J11/2204.622*100) -> 30.594814 | T11: =IF(M11="","",M11/2204.622*100) -> 28.069371
A12: 43466 | B12: =MONTH(A12) -> 1 | C12: =YEAR(A12) -> 2019 | D12: =AVERAGEIFS('Sunflower Oil Prices'!D$2:D$900,'Sunflower Oil Prices'!$B$2:$B$900,'Sun Oil Monthly'!$B12,'Sunflower Oil Prices'!$C$2:$C$900,'Sun Oil Monthly'!$C12) -> 651.77273 | J12: =AVERAGEIFS('Sunflower Oil Prices'!F$2:F$900,'Sunflower Oil Prices'!$B$2:$B$900,'Sun Oil Monthly'!$B12,'Sunflower Oil Prices'!$C$2:$C$900,'Sun Oil Monthly'!$C12) -> 685.05682 | M12: =AVERAGEIFS('Sunflower Oil Prices'!G$2:G$900,'Sunflower Oil Prices'!$B$2:$B$900,'Sun Oil Monthly'!$B12,'Sunflower Oil Prices'!$C$2:$C$900,'Sun Oil Monthly'!$C12) -> 616.59091 | Q12: =IF(D12="","",D12/2204.622*100) -> 29.563922 | R12: =IF(G12="","",G12/2204.622*100) | S12: =IF(J12="","",J12/2204.622*100) -> 31.073663 | T12: =IF(M12="","",M12/2204.622*100) -> 27.968101
A13: 43497 | B13: =MONTH(A13) -> 2 | C13: =YEAR(A13) -> 2019 | D13: =AVERAGEIFS('Sunflower Oil Prices'!D$2:D$900,'Sunflower Oil Prices'!$B$2:$B$900,'Sun Oil Monthly'!$B13,'Sunflower Oil Prices'!$C$2:$C$900,'Sun Oil Monthly'!$C13) -> 671.35 | J13: =AVERAGEIFS('Sunflower Oil Prices'!F$2:F$900,'Sunflower Oil Prices'!$B$2:$B$900,'Sun Oil Monthly'!$B13,'Sunflower Oil Prices'!$C$2:$C$900,'Sun Oil Monthly'!$C13) -> 704.4125 | M13: =AVERAGEIFS('Sunflower Oil Prices'!G$2:G$900,'Sunflower Oil Prices'!$B$2:$B$900,'Sun Oil Monthly'!$B13,'Sunflower Oil Prices'!$C$2:$C$900,'Sun Oil Monthly'!$C13) -> 652.5 | Q13: =IF(D13="","",D13/2204.622*100) -> 30.451932 | R13: =IF(G13="","",G13/2204.622*100) | S13: =IF(J13="","",J13/2204.622*100) -> 31.951623 | T13: =IF(M13="","",M13/2204.622*100) -> 29.59691
A14: 43525 | B14: =MONTH(A14) -> 3 | C14: =YEAR(A14) -> 2019 | D14: =AVERAGEIFS('Sunflower Oil Prices'!D$2:D$900,'Sunflower Oil Prices'!$B$2:$B$900,'Sun Oil Monthly'!$B14,'Sunflower Oil Prices'!$C$2:$C$900,'Sun Oil Monthly'!$C14) -> 661.2619 | J14: =AVERAGEIFS('Sunflower Oil Prices'!F$2:F$900,'Sunflower Oil Prices'!$B$2:$B$900,'Sun Oil Monthly'!$B14,'Sunflower Oil Prices'!$C$2:$C$900,'Sun Oil Monthly'!$C14) -> 696.80952 | M14: =AVERAGEIFS('Sunflower Oil Prices'!G$2:G$900,'Sunflower Oil Prices'!$B$2:$B$900,'Sun Oil Monthly'!$B14,'Sunflower Oil Prices'!$C$2:$C$900,'Sun Oil Monthly'!$C14) -> 642.36842 | Q14: =IF(D14="","",D14/2204.622*100) -> 29.994344 | R14: =IF(G14="","",G14/2204.622*100) | S14: =IF(J14="","",J14/2204.622*100) -> 31.606757 | T14: =IF(M14="","",M14/2204.622*100) -> 29.13735
A15: 43556 | B15: =MONTH(A15) -> 4 | C15: =YEAR(A15) -> 2019 | D15: =AVERAGEIFS('Sunflower Oil Prices'!D$2:D$900,'Sunflower Oil Prices'!$B$2:$B$900,'Sun Oil Monthly'!$B15,'Sunflower Oil Prices'!$C$2:$C$900,'Sun Oil Monthly'!$C15) -> 662.35 | J15: =AVERAGEIFS('Sunflower Oil Prices'!F$2:F$900,'Sunflower Oil Prices'!$B$2:$B$900,'Sun Oil Monthly'!$B15,'Sunflower Oil Prices'!$C$2:$C$900,'Sun Oil Monthly'!$C15) -> 696.825 | M15: =AVERAGEIFS('Sunflower Oil Prices'!G$2:G$900,'Sunflower Oil Prices'!$B$2:$B$900,'Sun Oil Monthly'!$B15,'Sunflower Oil Prices'!$C$2:$C$900,'Sun Oil Monthly'!$C15) -> 640.57895 | Q15: =IF(D15="","",D15/2204.622*100) -> 30.043699 | R15: =IF(G15="","",G15/2204.622*100) | S15: =IF(J15="","",J15/2204.622*100) -> 31.607459 | T15: =IF(M15="","",M15/2204.622*100) -> 29.05618
A16: 43586 | B16: =MONTH(A16) -> 5 | C16: =YEAR(A16) -> 2019 | D16: =AVERAGEIFS('Sunflower Oil Prices'!D$2:D$900,'Sunflower Oil Prices'!$B$2:$B$900,'Sun Oil Monthly'!$B16,'Sunflower Oil Prices'!$C$2:$C$900,'Sun Oil Monthly'!$C16) -> 684.28571 | J16: =AVERAGEIFS('Sunflower Oil Prices'!F$2:F$900,'Sunflower Oil Prices'!$B$2:$B$900,'Sun Oil Monthly'!$B16,'Sunflower Oil Prices'!$C$2:$C$900,'Sun Oil Monthly'!$C16) -> 721.15789 | M16: =AVERAGEIFS('Sunflower Oil Prices'!G$2:G$900,'Sunflower Oil Prices'!$B$2:$B$900,'Sun Oil Monthly'!$B16,'Sunflower Oil Prices'!$C$2:$C$900,'Sun Oil Monthly'!$C16) -> 664 | Q16: =IF(D16="","",D16/2204.622*100) -> 31.038687 | R16: =IF(G16="","",G16/2204.622*100) | S16: =IF(J16="","",J16/2204.622*100) -> 32.711181 | T16: =IF(M16="","",M16/2204.622*100) -> 30.118542
A17: 43617 | B17: =MONTH(A17) -> 6 | C17: =YEAR(A17) -> 2019 | D17: =AVERAGEIFS('Sunflower Oil Prices'!D$2:D$900,'Sunflower Oil Prices'!$B$2:$B$900,'Sun Oil Monthly'!$B17,'Sunflower Oil Prices'!$C$2:$C$900,'Sun Oil Monthly'!$C17) -> 703.10526 | J17: =AVERAGEIFS('Sunflower Oil Prices'!F$2:F$900,'Sunflower Oil Prices'!$B$2:$B$900,'Sun Oil Monthly'!$B17,'Sunflower Oil Prices'!$C$2:$C$900,'Sun Oil Monthly'!$C17) -> 732.23684 | M17: =AVERAGEIFS('Sunflower Oil Prices'!G$2:G$900,'Sunflower Oil Prices'!$B$2:$B$900,'Sun Oil Monthly'!$B17,'Sunflower Oil Prices'!$C$2:$C$900,'Sun Oil Monthly'!$C17) -> 687.16667 | Q17: =IF(D17="","",D17/2204.622*100) -> 31.892327 | R17: =IF(G17="","",G17/2204.622*100) | S17: =IF(J17="","",J17/2204.622*100) -> 33.213714 | T17: =IF(M17="","",M17/2204.622*100) -> 31.169364
... A23: 43800 | B23: =MONTH(A23) -> 12 | C23: =YEAR(A23) -> 2019 | D23: =AVERAGEIFS('Sunflower Oil Prices'!D$2:D$900,'Sunflower Oil Prices'!$B$2:$B$900,'Sun Oil Monthly'!$B23,'Sunflower Oil Prices'!$C$2:$C$900,'Sun Oil Monthly'!$C23) -> 762.4 | J23: =AVERAGEIFS('Sunflower Oil Prices'!F$2:F$900,'Sunflower Oil Prices'!$B$2:$B$900,'Sun Oil Monthly'!$B23,'Sunflower Oil Prices'!$C$2:$C$900,'Sun Oil Monthly'!$C23) -> 800.075 | M23: =AVERAGEIFS('Sunflower Oil Prices'!G$2:G$900,'Sunflower Oil Prices'!$B$2:$B$900,'Sun Oil Monthly'!$B23,'Sunflower Oil Prices'!$C$2:$C$900,'Sun Oil Monthly'!$C23) -> 747.5 | Q23: =IF(D23="","",D23/2204.622*100) -> 34.581892 | R23: =IF(G23="","",G23/2204.622*100) | S23: =IF(J23="","",J23/2204.622*100) -> 36.290802 | T23: =IF(M23="","",M23/2204.622*100) -> 33.906039
A24: 43831 | B24: =MONTH(A24) -> 1 | C24: =YEAR(A24) -> 2020 | D24: =AVERAGEIFS('Sunflower Oil Prices'!D$2:D$900,'Sunflower Oil Prices'!$B$2:$B$900,'Sun Oil Monthly'!$B24,'Sunflower Oil Prices'!$C$2:$C$900,'Sun Oil Monthly'!$C24) -> 781.18182 | G24: =AVERAGEIFS('Sunflower Oil Prices'!E$2:E$900,'Sunflower Oil Prices'!$B$2:$B$900,'Sun Oil Monthly'!$B24,'Sunflower Oil Prices'!$C$2:$C$900,'Sun Oil Monthly'!$C24) -> 771.18182 | J24: =AVERAGEIFS('Sunflower Oil Prices'!F$2:F$900,'Sunflower Oil Prices'!$B$2:$B$900,'Sun Oil Monthly'!$B24,'Sunflower Oil Prices'!$C$2:$C$900,'Sun Oil Monthly'!$C24) -> 821.59091 | M24: =AVERAGEIFS('Sunflower Oil Prices'!G$2:G$900,'Sunflower Oil Prices'!$B$2:$B$900,'Sun Oil Monthly'!$B24,'Sunflower Oil Prices'!$C$2:$C$900,'Sun Oil Monthly'!$C24) -> 783.86364 | Q24: =IF(D24="","",D24/2204.622*100) -> 35.433821 | R24: =IF(G24="","",G24/2204.622*100) -> 34.980229 | S24: =IF(J24="","",J24/2204.622*100) -> 37.266747 | T24: =IF(M24="","",M24/2204.622*100) -> 35.555466
A25: 43862 | B25: =MONTH(A25) -> 2 | C25: =YEAR(A25) -> 2020 | D25: =AVERAGEIFS('Sunflower Oil Prices'!D$2:D$900,'Sunflower Oil Prices'!$B$2:$B$900,'Sun Oil Monthly'!$B25,'Sunflower Oil Prices'!$C$2:$C$900,'Sun Oil Monthly'!$C25) -> 712.75 | G25: =AVERAGEIFS('Sunflower Oil Prices'!E$2:E$900,'Sunflower Oil Prices'!$B$2:$B$900,'Sun Oil Monthly'!$B25,'Sunflower Oil Prices'!$C$2:$C$900,'Sun Oil Monthly'!$C25) -> 702.75 | J25: =AVERAGEIFS('Sunflower Oil Prices'!F$2:F$900,'Sunflower Oil Prices'!$B$2:$B$900,'Sun Oil Monthly'!$B25,'Sunflower Oil Prices'!$C$2:$C$900,'Sun Oil Monthly'!$C25) -> 754.5 | M25: =AVERAGEIFS('Sunflower Oil Prices'!G$2:G$900,'Sunflower Oil Prices'!$B$2:$B$900,'Sun Oil Monthly'!$B25,'Sunflower Oil Prices'!$C$2:$C$900,'Sun Oil Monthly'!$C25) -> 731.84211 | Q25: =IF(D25="","",D25/2204.622*100) -> 32.329805 | R25: =IF(G25="","",G25/2204.622*100) -> 31.876213 | S25: =IF(J25="","",J25/2204.622*100) -> 34.223554 | T25: =IF(M25="","",M25/2204.622*100) -> 33.195809
A26: 43891 | B26: =MONTH(A26) -> 3 | C26: =YEAR(A26) -> 2020 | D26: =AVERAGEIFS('Sunflower Oil Prices'!D$2:D$900,'Sunflower Oil Prices'!$B$2:$B$900,'Sun Oil Monthly'!$B26,'Sunflower Oil Prices'!$C$2:$C$900,'Sun Oil Monthly'!$C26) -> 659.81818 | G26: =AVERAGEIFS('Sunflower Oil Prices'!E$2:E$900,'Sunflower Oil Prices'!$B$2:$B$900,'Sun Oil Monthly'!$B26,'Sunflower Oil Prices'!$C$2:$C$900,'Sun Oil Monthly'!$C26) -> 649.81818 | J26: =AVERAGEIFS('Sunflower Oil Prices'!F$2:F$900,'Sunflower Oil Prices'!$B$2:$B$900,'Sun Oil Monthly'!$B26,'Sunflower Oil Prices'!$C$2:$C$900,'Sun Oil Monthly'!$C26) -> 698.77273 | M26: =AVERAGEIFS('Sunflower Oil Prices'!G$2:G$900,'Sunflower Oil Prices'!$B$2:$B$900,'Sun Oil Monthly'!$B26,'Sunflower Oil Prices'!$C$2:$C$900,'Sun Oil Monthly'!$C26) -> 664.75 | Q26: =IF(D26="","",D26/2204.622*100) -> 29.928858 | R26: =IF(G26="","",G26/2204.622*100) -> 29.475265 | S26: =IF(J26="","",J26/2204.622*100) -> 31.695807 | T26: =IF(M26="","",M26/2204.622*100) -> 30.152561
A27: 43922 | B27: =MONTH(A27) -> 4 | C27: =YEAR(A27) -> 2020 | D27: =AVERAGEIFS('Sunflower Oil Prices'!D$2:D$900,'Sunflower Oil Prices'!$B$2:$B$900,'Sun Oil Monthly'!$B27,'Sunflower Oil Prices'!$C$2:$C$900,'Sun Oil Monthly'!$C27) -> 692.4 | G27: =AVERAGEIFS('Sunflower Oil Prices'!E$2:E$900,'Sunflower Oil Prices'!$B$2:$B$900,'Sun Oil Monthly'!$B27,'Sunflower Oil Prices'!$C$2:$C$900,'Sun Oil Monthly'!$C27) -> 682.4 | J27: =AVERAGEIFS('Sunflower Oil Prices'!F$2:F$900,'Sunflower Oil Prices'!$B$2:$B$900,'Sun Oil Monthly'!$B27,'Sunflower Oil Prices'!$C$2:$C$900,'Sun Oil Monthly'!$C27) -> 722.35 | M27: =AVERAGEIFS('Sunflower Oil Prices'!G$2:G$900,'Sunflower Oil Prices'!$B$2:$B$900,'Sun Oil Monthly'!$B27,'Sunflower Oil Prices'!$C$2:$C$900,'Sun Oil Monthly'!$C27) -> 675.25 | Q27: =IF(D27="","",D27/2204.622*100) -> 31.406745 | R27: =IF(G27="","",G27/2204.622*100) -> 30.953152 | S27: =IF(J27="","",J27/2204.622*100) -> 32.765254 | T27: =IF(M27="","",M27/2204.622*100) -> 30.628833
A28: 43952 | B28: =MONTH(A28) -> 5 | C28: =YEAR(A28) -> 2020 | D28: =AVERAGEIFS('Sunflower Oil Prices'!D$2:D$900,'Sunflower Oil Prices'!$B$2:$B$900,'Sun Oil Monthly'!$B28,'Sunflower Oil Prices'!$C$2:$C$900,'Sun Oil Monthly'!$C28) -> 719.63158 | G28: =AVERAGEIFS('Sunflower Oil Prices'!E$2:E$900,'Sunflower Oil Prices'!$B$2:$B$900,'Sun Oil Monthly'!$B28,'Sunflower Oil Prices'!$C$2:$C$900,'Sun Oil Monthly'!$C28) -> 711.82353 | J28: =AVERAGEIFS('Sunflower Oil Prices'!F$2:F$900,'Sunflower Oil Prices'!$B$2:$B$900,'Sun Oil Monthly'!$B28,'Sunflower Oil Prices'!$C$2:$C$900,'Sun Oil Monthly'!$C28) -> 745.61765 | M28: =AVERAGEIFS('Sunflower Oil Prices'!G$2:G$900,'Sunflower Oil Prices'!$B$2:$B$900,'Sun Oil Monthly'!$B28,'Sunflower Oil Prices'!$C$2:$C$900,'Sun Oil Monthly'!$C28) -> 703.15789 | Q28: =IF(D28="","",D28/2204.622*100) -> 32.641949 | R28: =IF(G28="","",G28/2204.622*100) -> 32.287781 | S28: =IF(J28="","",J28/2204.622*100) -> 33.820657 | T28: =IF(M28="","",M28/2204.622*100) -> 31.894715
A29: 43983 | B29: =MONTH(A29) -> 6 | C29: =YEAR(A29) -> 2020 | D29: =AVERAGEIFS('Sunflower Oil Prices'!D$2:D$900,'Sunflower Oil Prices'!$B$2:$B$900,'Sun Oil Monthly'!$B29,'Sunflower Oil Prices'!$C$2:$C$900,'Sun Oil Monthly'!$C29) -> 772.52381 | G29: =AVERAGEIFS('Sunflower Oil Prices'!E$2:E$900,'Sunflower Oil Prices'!$B$2:$B$900,'Sun Oil Monthly'!$B29,'Sunflower Oil Prices'!$C$2:$C$900,'Sun Oil Monthly'!$C29) -> 762.38095 | J29: =AVERAGEIFS('Sunflower Oil Prices'!F$2:F$900,'Sunflower Oil Prices'!$B$2:$B$900,'Sun Oil Monthly'!$B29,'Sunflower Oil Prices'!$C$2:$C$900,'Sun Oil Monthly'!$C29) -> 801.90476 | M29: =AVERAGEIFS('Sunflower Oil Prices'!G$2:G$900,'Sunflower Oil Prices'!$B$2:$B$900,'Sun Oil Monthly'!$B29,'Sunflower Oil Prices'!$C$2:$C$900,'Sun Oil Monthly'!$C29) -> 750.68182 | Q29: =IF(D29="","",D29/2204.622*100) -> 35.0411 | R29: =IF(G29="","",G29/2204.622*100) -> 34.581028 | S29: =IF(J29="","",J29/2204.622*100) -> 36.373798 | T29: =IF(M29="","",M29/2204.622*100) -> 34.050364
A30: 44013 | B30: =MONTH(A30) -> 7 | C30: =YEAR(A30) -> 2020 | D30: =AVERAGEIFS('Sunflower Oil Prices'!D$2:D$900,'Sunflower Oil Prices'!$B$2:$B$900,'Sun Oil Monthly'!$B30,'Sunflower Oil Prices'!$C$2:$C$900,'Sun Oil Monthly'!$C30) -> 772.91304 | G30: =AVERAGEIFS('Sunflower Oil Prices'!E$2:E$900,'Sunflower Oil Prices'!$B$2:$B$900,'Sun Oil Monthly'!$B30,'Sunflower Oil Prices'!$C$2:$C$900,'Sun Oil Monthly'!$C30) -> 763.95652 | J30: =AVERAGEIFS('Sunflower Oil Prices'!F$2:F$900,'Sunflower Oil Prices'!$B$2:$B$900,'Sun Oil Monthly'!$B30,'Sunflower Oil Prices'!$C$2:$C$900,'Sun Oil Monthly'!$C30) -> 812.28261 | M30: =AVERAGEIFS('Sunflower Oil Prices'!G$2:G$900,'Sunflower Oil Prices'!$B$2:$B$900,'Sun Oil Monthly'!$B30,'Sunflower Oil Prices'!$C$2:$C$900,'Sun Oil Monthly'!$C30) -> 759.52381 | Q30: =IF(D30="","",D30/2204.622*100) -> 35.058756 | R30: =IF(G30="","",G30/2204.622*100) -> 34.652495 | S30: =IF(J30="","",J30/2204.622*100) -> 36.84453 | T30: =IF(M30="","",M30/2204.622*100) -> 34.45143
A31: 44044 | B31: =MONTH(A31) -> 8 | C31: =YEAR(A31) -> 2020 | D31: =AVERAGEIFS('Sunflower Oil Prices'!D$2:D$900,'Sunflower Oil Prices'!$B$2:$B$900,'Sun Oil Monthly'!$B31,'Sunflower Oil Prices'!$C$2:$C$900,'Sun Oil Monthly'!$C31) -> 798.2 | G31: =AVERAGEIFS('Sunflower Oil Prices'!E$2:E$900,'Sunflower Oil Prices'!$B$2:$B$900,'Sun Oil Monthly'!$B31,'Sunflower Oil Prices'!$C$2:$C$900,'Sun Oil Monthly'!$C31) -> 789.8 | J31: =AVERAGEIFS('Sunflower Oil Prices'!F$2:F$900,'Sunflower Oil Prices'!$B$2:$B$900,'Sun Oil Monthly'!$B31,'Sunflower Oil Prices'!$C$2:$C$900,'Sun Oil Monthly'!$C31) -> 849 | M31: =AVERAGEIFS('Sunflower Oil Prices'!G$2:G$900,'Sunflower Oil Prices'!$B$2:$B$900,'Sun Oil Monthly'!$B31,'Sunflower Oil Prices'!$C$2:$C$900,'Sun Oil Monthly'!$C31) -> 784.73684 | Q31: =IF(D31="","",D31/2204.622*100) -> 36.205753 | R31: =IF(G31="","",G31/2204.622*100) -> 35.824735 | S31: =IF(J31="","",J31/2204.622*100) -> 38.510003 | T31: =IF(M31="","",M31/2204.622*100) -> 35.595074
A32: 44075 | B32: =MONTH(A32) -> 9 | C32: =YEAR(A32) -> 2020 | D32: =AVERAGEIFS('Sunflower Oil Prices'!D$2:D$900,'Sunflower Oil Prices'!$B$2:$B$900,'Sun Oil Monthly'!$B32,'Sunflower Oil Prices'!$C$2:$C$900,'Sun Oil Monthly'!$C32) -> 927.81818 | G32: =AVERAGEIFS('Sunflower Oil Prices'!E$2:E$900,'Sunflower Oil Prices'!$B$2:$B$900,'Sun Oil Monthly'!$B32,'Sunflower Oil Prices'!$C$2:$C$900,'Sun Oil Monthly'!$C32) -> 917.04545 | J32: =AVERAGEIFS('Sunflower Oil Prices'!F$2:F$900,'Sunflower Oil Prices'!$B$2:$B$900,'Sun Oil Monthly'!$B32,'Sunflower Oil Prices'!$C$2:$C$900,'Sun Oil Monthly'!$C32) -> 989.31818 | M32: =AVERAGEIFS('Sunflower Oil Prices'!G$2:G$900,'Sunflower Oil Prices'!$B$2:$B$900,'Sun Oil Monthly'!$B32,'Sunflower Oil Prices'!$C$2:$C$900,'Sun Oil Monthly'!$C32) -> 901.59091 | Q32: =IF(D32="","",D32/2204.622*100) -> 42.085137 | R32: =IF(G32="","",G32/2204.622*100) -> 41.596494 | S32: =IF(J32="","",J32/2204.622*100) -> 44.874731 | T32: =IF(M32="","",M32/2204.622*100) -> 40.895487
A33: 44105 | B33: =MONTH(A33) -> 10 | C33: =YEAR(A33) -> 2020 | D33: =AVERAGEIFS('Sunflower Oil Prices'!D$2:D$900,'Sunflower Oil Prices'!$B$2:$B$900,'Sun Oil Monthly'!$B33,'Sunflower Oil Prices'!$C$2:$C$900,'Sun Oil Monthly'!$C33) -> 964.36364 | G33: =AVERAGEIFS('Sunflower Oil Prices'!E$2:E$900,'Sunflower Oil Prices'!$B$2:$B$900,'Sun Oil Monthly'!$B33,'Sunflower Oil Prices'!$C$2:$C$900,'Sun Oil Monthly'!$C33) -> 950.72727 | J33: =AVERAGEIFS('Sunflower Oil Prices'!F$2:F$900,'Sunflower Oil Prices'!$B$2:$B$900,'Sun Oil Monthly'!$B33,'Sunflower Oil Prices'!$C$2:$C$900,'Sun Oil Monthly'!$C33) -> 987.72727 | M33: =AVERAGEIFS('Sunflower Oil Prices'!G$2:G$900,'Sunflower Oil Prices'!$B$2:$B$900,'Sun Oil Monthly'!$B33,'Sunflower Oil Prices'!$C$2:$C$900,'Sun Oil Monthly'!$C33) -> 955.71429 | Q33: =IF(D33="","",D33/2204.622*100) -> 43.742811 | R33: =IF(G33="","",G33/2204.622*100) -> 43.124276 | S33: =IF(J33="","",J33/2204.622*100) -> 44.802568 | T33: =IF(M33="","",M33/2204.622*100) -> 43.350483
A34: 44136 | B34: =MONTH(A34) -> 11 | C34: =YEAR(A34) -> 2020 | D34: =AVERAGEIFS('Sunflower Oil Prices'!D$2:D$900,'Sunflower Oil Prices'!$B$2:$B$900,'Sun Oil Monthly'!$B34,'Sunflower Oil Prices'!$C$2:$C$900,'Sun Oil Monthly'!$C34) -> 1082.6429 | G34: =AVERAGEIFS('Sunflower Oil Prices'!E$2:E$900,'Sunflower Oil Prices'!$B$2:$B$900,'Sun Oil Monthly'!$B34,'Sunflower Oil Prices'!$C$2:$C$900,'Sun Oil Monthly'!$C34) -> 1071.0952 | J34: =AVERAGEIFS('Sunflower Oil Prices'!F$2:F$900,'Sunflower Oil Prices'!$B$2:$B$900,'Sun Oil Monthly'!$B34,'Sunflower Oil Prices'!$C$2:$C$900,'Sun Oil Monthly'!$C34) -> 1111.6667 | M34: =AVERAGEIFS('Sunflower Oil Prices'!G$2:G$900,'Sunflower Oil Prices'!$B$2:$B$900,'Sun Oil Monthly'!$B34,'Sunflower Oil Prices'!$C$2:$C$900,'Sun Oil Monthly'!$C34) -> 1059.75 | Q34: =IF(D34="","",D34/2204.622*100) -> 49.107868 | R34: =IF(G34="","",G34/2204.622*100) -> 48.584076 | S34: =IF(J34="","",J34/2204.622*100) -> 50.424366 | T34: =IF(M34="","",M34/2204.622*100) -> 48.069465
A35: 44166 | B35: =MONTH(A35) -> 12 | C35: =YEAR(A35) -> 2020 | D35: =AVERAGEIFS('Sunflower Oil Prices'!D$2:D$900,'Sunflower Oil Prices'!$B$2:$B$900,'Sun Oil Monthly'!$B35,'Sunflower Oil Prices'!$C$2:$C$900,'Sun Oil Monthly'!$C35) -> 1147.8571 | G35: =AVERAGEIFS('Sunflower Oil Prices'!E$2:E$900,'Sunflower Oil Prices'!$B$2:$B$900,'Sun Oil Monthly'!$B35,'Sunflower Oil Prices'!$C$2:$C$900,'Sun Oil Monthly'!$C35) -> 1133.0476 | J35: =AVERAGEIFS('Sunflower Oil Prices'!F$2:F$900,'Sunflower Oil Prices'!$B$2:$B$900,'Sun Oil Monthly'!$B35,'Sunflower Oil Prices'!$C$2:$C$900,'Sun Oil Monthly'!$C35) -> 1181.0476 | M35: =AVERAGEIFS('Sunflower Oil Prices'!G$2:G$900,'Sunflower Oil Prices'!$B$2:$B$900,'Sun Oil Monthly'!$B35,'Sunflower Oil Prices'!$C$2:$C$900,'Sun Oil Monthly'!$C35) -> 1138.9474 | Q35: =IF(D35="","",D35/2204.622*100) -> 52.065939 | R35: =IF(G35="","",G35/2204.622*100) -> 51.39419 | S35: =IF(J35="","",J35/2204.622*100) -> 53.571434 | T35: =IF(M35="","",M35/2204.622*100) -> 51.661798
... A42: 44378 | B42: =MONTH(A42) -> 7 | C42: =YEAR(A42) -> 2021 | D42: =AVERAGEIFS('Sunflower Oil Prices'!D$2:D$900,'Sunflower Oil Prices'!$B$2:$B$900,'Sun Oil Monthly'!$B42,'Sunflower Oil Prices'!$C$2:$C$900,'Sun Oil Monthly'!$C42) -> 1195.1364 | G42: =AVERAGEIFS('Sunflower Oil Prices'!E$2:E$900,'Sunflower Oil Prices'!$B$2:$B$900,'Sun Oil Monthly'!$B42,'Sunflower Oil Prices'!$C$2:$C$900,'Sun Oil Monthly'!$C42) -> 1184.7727 | J42: =AVERAGEIFS('Sunflower Oil Prices'!F$2:F$900,'Sunflower Oil Prices'!$B$2:$B$900,'Sun Oil Monthly'!$B42,'Sunflower Oil Prices'!$C$2:$C$900,'Sun Oil Monthly'!$C42) -> 1277.9545 | M42: =AVERAGEIFS('Sunflower Oil Prices'!G$2:G$900,'Sunflower Oil Prices'!$B$2:$B$900,'Sun Oil Monthly'!$B42,'Sunflower Oil Prices'!$C$2:$C$900,'Sun Oil Monthly'!$C42) -> 1255 | Q42: =IF(D42="","",D42/2204.622*100) -> 54.210489 | R42: =IF(G42="","",G42/2204.622*100) -> 53.740402 | S42: =IF(J42="","",J42/2204.622*100) -> 57.967059 | T42: =IF(M42="","",M42/2204.622*100) -> 56.925858
A43: 44409 | B43: =MONTH(A43) -> 8 | C43: =YEAR(A43) -> 2021 | D43: =MROUND(Q43*2204.622/100,5) -> 1415 | E43: =MROUND(_xlfn.STDEV.P(D$3:D42)+D43,5) -> 1685 | F43: =MROUND(D43-_xlfn.STDEV.P(D$3:D42),5) -> 1145 | G43: =MROUND(R43*2204.622/100,5) -> 1385 | H43: =MROUND(_xlfn.STDEV.P(G$24:G$42)+G43,5) -> 1680 | I43: =MROUND(G43-_xlfn.STDEV.S(G$24:G$42),5) -> 1080 | J43: =MROUND(S43*2204.622/100,5) -> 1480 | K43: =MROUND(_xlfn.STDEV.P(J$6:J42)+J43,5) -> 1765 | L43: =MROUND(J43-_xlfn.STDEV.P(J$6:J42),5) -> 1195 | M43: =MROUND(T43*2204.622/100,5) -> 1405 | N43: =MROUND(_xlfn.STDEV.P(M$5:M42)+M43,5) -> 1675 | O43: =MROUND(M43-_xlfn.STDEV.P(M$5:M42),5) -> 1135 | Q43: =FORECAST([2]Prices!$L622,Q3:Q42,[2]Prices!$L$582:$L$621) -> 64.165304 | R43: =FORECAST([2]Prices!$L622,R3:R42,[2]Prices!$L$582:$L$621) -> 62.719278 | S43: =FORECAST([2]Prices!$L622,S3:S42,[2]Prices!$L$582:$L$621) -> 67.030385 | T43: =FORECAST([2]Prices!$L622,T3:T42,[2]Prices!$L$582:$L$621) -> 63.770732
A44: 44440 | B44: =MONTH(A44) -> 9 | C44: =YEAR(A44) -> 2021 | D44: =MROUND(Q44*2204.622/100,5) -> 1435 | E44: =MROUND(_xlfn.STDEV.P(D$3:D43)+D44,5) -> 1715 | F44: =MROUND(D44-_xlfn.STDEV.P(D$3:D43),5) -> 1155 | G44: =MROUND(R44*2204.622/100,5) -> 1395 | H44: =MROUND(_xlfn.STDEV.P(G$24:G$42)+G44,5) -> 1690 | I44: =MROUND(G44-_xlfn.STDEV.S(G$24:G$42),5) -> 1090 | J44: =MROUND(S44*2204.622/100,5) -> 1500 | K44: =MROUND(_xlfn.STDEV.P(J$6:J43)+J44,5) -> 1795 | L44: =MROUND(J44-_xlfn.STDEV.P(J$6:J43),5) -> 1205 | M44: =MROUND(T44*2204.622/100,5) -> 1435 | N44: =MROUND(_xlfn.STDEV.P(M$5:M43)+M44,5) -> 1720 | O44: =MROUND(M44-_xlfn.STDEV.P(M$5:M43),5) -> 1150 | Q44: =FORECAST([2]Prices!$L623,Q4:Q43,[2]Prices!$L$582:$L$621) -> 65.052345 | R44: =FORECAST([2]Prices!$L623,R4:R43,[2]Prices!$L$582:$L$621) -> 63.201163 | S44: =FORECAST([2]Prices!$L623,S4:S43,[2]Prices!$L$582:$L$621) -> 68.122035 | T44: =FORECAST([2]Prices!$L623,T4:T43,[2]Prices!$L$582:$L$621) -> 64.982497
A45: 44470 | B45: =MONTH(A45) -> 10 | C45: =YEAR(A45) -> 2021 | D45: =MROUND(Q45*2204.622/100,5) -> 1475 | E45: =MROUND(_xlfn.STDEV.P(D$3:D44)+D45,5) -> 1765 | F45: =MROUND(D45-_xlfn.STDEV.P(D$3:D44),5) -> 1185 | G45: =MROUND(R45*2204.622/100,5) -> 1420 | H45: =MROUND(_xlfn.STDEV.P(G$24:G$42)+G45,5) -> 1715 | I45: =MROUND(G45-_xlfn.STDEV.S(G$24:G$42),5) -> 1115 | J45: =MROUND(S45*2204.622/100,5) -> 1545 | K45: =MROUND(_xlfn.STDEV.P(J$6:J44)+J45,5) -> 1850 | L45: =MROUND(J45-_xlfn.STDEV.P(J$6:J44),5) -> 1240 | M45: =MROUND(T45*2204.622/100,5) -> 1480 | N45: =MROUND(_xlfn.STDEV.P(M$5:M44)+M45,5) -> 1775 | O45: =MROUND(M45-_xlfn.STDEV.P(M$5:M44),5) -> 1185 | Q45: =FORECAST([2]Prices!$L624,Q5:Q44,[2]Prices!$L$582:$L$621) -> 66.993019 | R45: =FORECAST([2]Prices!$L624,R5:R44,[2]Prices!$L$582:$L$621) -> 64.478764 | S45: =FORECAST([2]Prices!$L624,S5:S44,[2]Prices!$L$582:$L$621) -> 70.18558 | T45: =FORECAST([2]Prices!$L624,T5:T44,[2]Prices!$L$582:$L$621) -> 67.089919
A46: 44501 | B46: =MONTH(A46) -> 11 | C46: =YEAR(A46) -> 2021 | D46: =MROUND(Q46*2204.622/100,5) -> 1545 | E46: =MROUND(_xlfn.STDEV.P(D$3:D45)+D46,5) -> 1845 | F46: =MROUND(D46-_xlfn.STDEV.P(D$3:D45),5) -> 1245 | G46: =MROUND(R46*2204.622/100,5) -> 1470 | H46: =MROUND(_xlfn.STDEV.P(G$24:G$42)+G46,5) -> 1765 | I46: =MROUND(G46-_xlfn.STDEV.S(G$24:G$42),5) -> 1165 | J46: =MROUND(S46*2204.622/100,5) -> 1615 | K46: =MROUND(_xlfn.STDEV.P(J$6:J45)+J46,5) -> 1935 | L46: =MROUND(J46-_xlfn.STDEV.P(J$6:J45),5) -> 1295 | M46: =MROUND(T46*2204.622/100,5) -> 1545 | N46: =MROUND(_xlfn.STDEV.P(M$5:M45)+M46,5) -> 1850 | O46: =MROUND(M46-_xlfn.STDEV.P(M$5:M45),5) -> 1240 | Q46: =FORECAST([2]Prices!$L625,Q6:Q45,[2]Prices!$L$582:$L$621) -> 69.986938 | R46: =FORECAST([2]Prices!$L625,R6:R45,[2]Prices!$L$582:$L$621) -> 66.568377 | S46: =FORECAST([2]Prices!$L625,S6:S45,[2]Prices!$L$582:$L$621) -> 73.297947 | T46: =FORECAST([2]Prices!$L625,T6:T45,[2]Prices!$L$582:$L$621) -> 70.098087
A47: 44531 | B47: =MONTH(A47) -> 12 | C47: =YEAR(A47) -> 2021 | D47: =MROUND(Q47*2204.622/100,5) -> 1565 | E47: =MROUND(_xlfn.STDEV.P(D$3:D46)+D47,5) -> 1875 | F47: =MROUND(D47-_xlfn.STDEV.P(D$3:D46),5) -> 1255 | G47: =MROUND(R47*2204.622/100,5) -> 1480 | H47: =MROUND(_xlfn.STDEV.P(G$24:G$42)+G47,5) -> 1775 | I47: =MROUND(G47-_xlfn.STDEV.S(G$24:G$42),5) -> 1175 | J47: =MROUND(S47*2204.622/100,5) -> 1640 | K47: =MROUND(_xlfn.STDEV.P(J$6:J46)+J47,5) -> 1970 | L47: =MROUND(J47-_xlfn.STDEV.P(J$6:J46),5) -> 1310 | M47: =MROUND(T47*2204.622/100,5) -> 1565 | N47: =MROUND(_xlfn.STDEV.P(M$5:M46)+M47,5) -> 1880 | O47: =MROUND(M47-_xlfn.STDEV.P(M$5:M46),5) -> 1250 | Q47: =FORECAST([2]Prices!$L626,Q7:Q46,[2]Prices!$L$582:$L$621) -> 70.933355 | R47: =FORECAST([2]Prices!$L626,R7:R46,[2]Prices!$L$582:$L$621) -> 67.096986 | S47: =FORECAST([2]Prices!$L626,S7:S46,[2]Prices!$L$582:$L$621) -> 74.28199 | T47: =FORECAST([2]Prices!$L626,T7:T46,[2]Prices!$L$582:$L$621) -> 71.079827
A48: 44562 | B48: =MONTH(A48) -> 1 | C48: =YEAR(A48) -> 2022 | D48: =MROUND(Q48*2204.622/100,5) -> 1605 | E48: =MROUND(_xlfn.STDEV.P(D$3:D47)+D48,5) -> 1930 | F48: =MROUND(D48-_xlfn.STDEV.P(D$3:D47),5) -> 1280 | G48: =MROUND(R48*2204.622/100,5) -> 1505 | H48: =MROUND(_xlfn.STDEV.P(G$24:G$42)+G48,5) -> 1800 | I48: =MROUND(G48-_xlfn.STDEV.S(G$24:G$42),5) -> 1200 | J48: =MROUND(S48*2204.622/100,5) -> 1685 | K48: =MROUND(_xlfn.STDEV.P(J$6:J47)+J48,5) -> 2025 | L48: =MROUND(J48-_xlfn.STDEV.P(J$6:J47),5) -> 1345 | M48: =MROUND(T48*2204.622/100,5) -> 1610 | N48: =MROUND(_xlfn.STDEV.P(M$5:M47)+M48,5) -> 1935 | O48: =MROUND(M48-_xlfn.STDEV.P(M$5:M47),5) -> 1285 | Q48: =FORECAST([2]Prices!$L627,Q8:Q47,[2]Prices!$L$582:$L$621) -> 72.907447 | R48: =FORECAST([2]Prices!$L627,R8:R47,[2]Prices!$L$582:$L$621) -> 68.319526 | S48: =FORECAST([2]Prices!$L627,S8:S47,[2]Prices!$L$582:$L$621) -> 76.390777 | T48: =FORECAST([2]Prices!$L627,T8:T47,[2]Prices!$L$582:$L$621) -> 73.126043
A49: 44593 | B49: =MONTH(A49) -> 2 | C49: =YEAR(A49) -> 2022 | D49: =MROUND(Q49*2204.622/100,5) -> 1640 | E49: =MROUND(_xlfn.STDEV.P(D$3:D48)+D49,5) -> 1975 | F49: =MROUND(D49-_xlfn.STDEV.P(D$3:D48),5) -> 1305 | G49: =MROUND(R49*2204.622/100,5) -> 1525 | H49: =MROUND(_xlfn.STDEV.P(G$24:G$42)+G49,5) -> 1820 | I49: =MROUND(G49-_xlfn.STDEV.S(G$24:G$42),5) -> 1220 | J49: =MROUND(S49*2204.622/100,5) -> 1720 | K49: =MROUND(_xlfn.STDEV.P(J$6:J48)+J49,5) -> 2075 | L49: =MROUND(J49-_xlfn.STDEV.P(J$6:J48),5) -> 1365 | M49: =MROUND(T49*2204.622/100,5) -> 1645 | N49: =MROUND(_xlfn.STDEV.P(M$5:M48)+M49,5) -> 1985 | O49: =MROUND(M49-_xlfn.STDEV.P(M$5:M48),5) -> 1305 | Q49: =FORECAST([2]Prices!$L628,Q9:Q48,[2]Prices!$L$582:$L$621) -> 74.315654 | R49: =FORECAST([2]Prices!$L628,R9:R48,[2]Prices!$L$582:$L$621) -> 69.181535 | S49: =FORECAST([2]Prices!$L628,S9:S48,[2]Prices!$L$582:$L$621) -> 77.943097 | T49: =FORECAST([2]Prices!$L628,T9:T48,[2]Prices!$L$582:$L$621) -> 74.609363
A50: 44621 | B50: =MONTH(A50) -> 3 | C50: =YEAR(A50) -> 2022 | D50: =MROUND(Q50*2204.622/100,5) -> 1665 | E50: =MROUND(_xlfn.STDEV.P(D$3:D49)+D50,5) -> 2010 | F50: =MROUND(D50-_xlfn.STDEV.P(D$3:D49),5) -> 1320 | G50: =MROUND(R50*2204.622/100,5) -> 1540 | H50: =MROUND(_xlfn.STDEV.P(G$24:G$42)+G50,5) -> 1835 | I50: =MROUND(G50-_xlfn.STDEV.S(G$24:G$42),5) -> 1235 | J50: =MROUND(S50*2204.622/100,5) -> 1745 | K50: =MROUND(_xlfn.STDEV.P(J$6:J49)+J50,5) -> 2110 | L50: =MROUND(J50-_xlfn.STDEV.P(J$6:J49),5) -> 1380 | M50: =MROUND(T50*2204.622/100,5) -> 1670 | N50: =MROUND(_xlfn.STDEV.P(M$5:M49)+M50,5) -> 2020 | O50: =MROUND(M50-_xlfn.STDEV.P(M$5:M49),5) -> 1320 | Q50: =FORECAST([2]Prices!$L629,Q10:Q49,[2]Prices!$L$582:$L$621) -> 75.419072 | R50: =FORECAST([2]Prices!$L629,R10:R49,[2]Prices!$L$582:$L$621) -> 69.829033 | S50: =FORECAST([2]Prices!$L629,S10:S49,[2]Prices!$L$582:$L$621) -> 79.168492 | T50: =FORECAST([2]Prices!$L629,T10:T49,[2]Prices!$L$582:$L$621) -> 75.776686
A51: 44652 | B51: =MONTH(A51) -> 4 | C51: =YEAR(A51) -> 2022 | D51: =MROUND(Q51*2204.622/100,5) -> 1680 | E51: =MROUND(_xlfn.STDEV.P(D$3:D50)+D51,5) -> 2035 | F51: =MROUND(D51-_xlfn.STDEV.P(D$3:D50),5) -> 1325 | G51: =MROUND(R51*2204.622/100,5) -> 1550 | H51: =MROUND(_xlfn.STDEV.P(G$24:G$42)+G51,5) -> 1845 | I51: =MROUND(G51-_xlfn.STDEV.S(G$24:G$42),5) -> 1245 | J51: =MROUND(S51*2204.622/100,5) -> 1760 | K51: =MROUND(_xlfn.STDEV.P(J$6:J50)+J51,5) -> 2135 | L51: =MROUND(J51-_xlfn.STDEV.P(J$6:J50),5) -> 1385 | M51: =MROUND(T51*2204.622/100,5) -> 1685 | N51: =MROUND(_xlfn.STDEV.P(M$5:M50)+M51,5) -> 2045 | O51: =MROUND(M51-_xlfn.STDEV.P(M$5:M50),5) -> 1325 | Q51: =FORECAST([2]Prices!$L630,Q11:Q50,[2]Prices!$L$582:$L$621) -> 76.100781 | R51: =FORECAST([2]Prices!$L630,R11:R50,[2]Prices!$L$582:$L$621) -> 70.27367 | S51: =FORECAST([2]Prices!$L630,S11:S50,[2]Prices!$L$582:$L$621) -> 79.913784 | T51: =FORECAST([2]Prices!$L630,T11:T50,[2]Prices!$L$582:$L$621) -> 76.49462
A52: 44682 | B52: =MONTH(A52) -> 5 | C52: =YEAR(A52) -> 2022 | D52: =MROUND(Q52*2204.622/100,5) -> 1655 | E52: =MROUND(_xlfn.STDEV.P(D$3:D51)+D52,5) -> 2020 | F52: =MROUND(D52-_xlfn.STDEV.P(D$3:D51),5) -> 1290 | G52: =MROUND(R52*2204.622/100,5) -> 1530 | H52: =MROUND(_xlfn.STDEV.P(G$24:G$42)+G52,5) -> 1825 | I52: =MROUND(G52-_xlfn.STDEV.S(G$24:G$42),5) -> 1225 | J52: =MROUND(S52*2204.622/100,5) -> 1735 | K52: =MROUND(_xlfn.STDEV.P(J$6:J51)+J52,5) -> 2125 | L52: =MROUND(J52-_xlfn.STDEV.P(J$6:J51),5) -> 1345 | M52: =MROUND(T52*2204.622/100,5) -> 1660 | N52: =MROUND(_xlfn.STDEV.P(M$5:M51)+M52,5) -> 2035 | O52: =MROUND(M52-_xlfn.STDEV.P(M$5:M51),5) -> 1285 | Q52: =FORECAST([2]Prices!$L631,Q12:Q51,[2]Prices!$L$582:$L$621) -> 74.988999 | R52: =FORECAST([2]Prices!$L631,R12:R51,[2]Prices!$L$582:$L$621) -> 69.469308 | S52: =FORECAST([2]Prices!$L631,S12:S51,[2]Prices!$L$582:$L$621) -> 78.753816 | T52: =FORECAST([2]Prices!$L631,T12:T51,[2]Prices!$L$582:$L$621) -> 75.397588
A53: 44713 | B53: =MONTH(A53) -> 6 | C53: =YEAR(A53) -> 2022 | D53: =MROUND(Q53*2204.622/100,5) -> 1675 | E53: =MROUND(_xlfn.STDEV.P(D$3:D52)+D53,5) -> 2050 | F53: =MROUND(D53-_xlfn.STDEV.P(D$3:D52),5) -> 1300 | G53: =MROUND(R53*2204.622/100,5) -> 1545 | H53: =MROUND(_xlfn.STDEV.P(G$24:G$42)+G53,5) -> 1840 | I53: =MROUND(G53-_xlfn.STDEV.S(G$24:G$42),5) -> 1240 | J53: =MROUND(S53*2204.622/100,5) -> 1760 | K53: =MROUND(_xlfn.STDEV.P(J$6:J52)+J53,5) -> 2155 | L53: =MROUND(J53-_xlfn.STDEV.P(J$6:J52),5) -> 1365 | M53: =MROUND(T53*2204.622/100,5) -> 1685 | N53: =MROUND(_xlfn.STDEV.P(M$5:M52)+M53,5) -> 2065 | O53: =MROUND(M53-_xlfn.STDEV.P(M$5:M52),5) -> 1305 | Q53: =FORECAST([2]Prices!$L632,Q13:Q52,[2]Prices!$L$582:$L$621) -> 75.908126 | R53: =FORECAST([2]Prices!$L632,R13:R52,[2]Prices!$L$582:$L$621) -> 69.999024 | S53: =FORECAST([2]Prices!$L632,S13:S52,[2]Prices!$L$582:$L$621) -> 79.72578 | T53: =FORECAST([2]Prices!$L632,T13:T52,[2]Prices!$L$582:$L$621) -> 76.416591
A54: 44743 | B54: =MONTH(A54) -> 7 | C54: =YEAR(A54) -> 2022 | D54: =MROUND(Q54*2204.622/100,5) -> 1710 | E54: =MROUND(_xlfn.STDEV.P(D$3:D53)+D54,5) -> 2095 | F54: =MROUND(D54-_xlfn.STDEV.P(D$3:D53),5) -> 1325 | G54: =MROUND(R54*2204.622/100,5) -> 1565 | H54: =MROUND(_xlfn.STDEV.P(G$24:G$42)+G54,5) -> 1860 | I54: =MROUND(G54-_xlfn.STDEV.S(G$24:G$42),5) -> 1260 | J54: =MROUND(S54*2204.622/100,5) -> 1795 | K54: =MROUND(_xlfn.STDEV.P(J$6:J53)+J54,5) -> 2200 | L54: =MROUND(J54-_xlfn.STDEV.P(J$6:J53),5) -> 1390 | M54: =MROUND(T54*2204.622/100,5) -> 1720 | N54: =MROUND(_xlfn.STDEV.P(M$5:M53)+M54,5) -> 2110 | O54: =MROUND(M54-_xlfn.STDEV.P(M$5:M53),5) -> 1330 | Q54: =FORECAST([2]Prices!$L633,Q14:Q53,[2]Prices!$L$582:$L$621) -> 77.497911 | R54: =FORECAST([2]Prices!$L633,R14:R53,[2]Prices!$L$582:$L$621) -> 71.004621 | S54: =FORECAST([2]Prices!$L633,S14:S53,[2]Prices!$L$582:$L$621) -> 81.368105 | T54: =FORECAST([2]Prices!$L633,T14:T53,[2]Prices!$L$582:$L$621) -> 78.059976
A55: 44774 | B55: =MONTH(A55) -> 8 | C55: =YEAR(A55) -> 2022 | D55: =MROUND(Q55*2204.622/100,5) -> 1735 | E55: =MROUND(_xlfn.STDEV.P(D$3:D54)+D55,5) -> 2125 | F55: =MROUND(D55-_xlfn.STDEV.P(D$3:D54),5) -> 1345 | G55: =MROUND(R55*2204.622/100,5) -> 1585 | H55: =MROUND(_xlfn.STDEV.P(G$24:G$42)+G55,5) -> 1880 | I55: =MROUND(G55-_xlfn.STDEV.S(G$24:G$42),5) -> 1280 | J55: =MROUND(S55*2204.622/100,5) -> 1820 | K55: =MROUND(_xlfn.STDEV.P(J$6:J54)+J55,5) -> 2235 | L55: =MROUND(J55-_xlfn.STDEV.P(J$6:J54),5) -> 1405 | M55: =MROUND(T55*2204.622/100,5) -> 1750 | N55: =MROUND(_xlfn.STDEV.P(M$5:M54)+M55,5) -> 2150 | O55: =MROUND(M55-_xlfn.STDEV.P(M$5:M54),5) -> 1350 | Q55: =FORECAST([2]Prices!$L634,Q15:Q54,[2]Prices!$L$582:$L$621) -> 78.783985 | R55: =FORECAST([2]Prices!$L634,R15:R54,[2]Prices!$L$582:$L$621) -> 71.912386 | S55: =FORECAST([2]Prices!$L634,S15:S54,[2]Prices!$L$582:$L$621) -> 82.661832 | T55: =FORECAST([2]Prices!$L634,T15:T54,[2]Prices!$L$582:$L$621) -> 79.319673

Sheet Russian Taxes
B1: Reference Price | E1: Monthly Averages | F1: Monthly Tax Rate | K1: Month | L1: Year | M1: Month | N1: Year
A2: 44378 | B2: =_xll.RHistory("SUNF-EXTANK-P1","NDA_RAW.Nda_last","START:"&$A2&" END:"&$A2&" INTERVAL:1W",,,) -> #NAME? | D2: 44378 | E2: =MROUND(AVERAGEIFS(B$2:B50,K$2:K50,M2,L$2:L50,N2),0.1) -> #NAME? | F2: =((E2-50)-1000)*0.7 -> #NAME? | K2: =MONTH(A2) -> 7 | L2: =YEAR(A2) -> 2021 | M2: =MONTH(D2) -> 7 | N2: =YEAR(D2) -> 2021
A3: 44379 | B3: =_xll.RHistory("SUNF-EXTANK-P1","NDA_RAW.Nda_last","START:"&$A3&" END:"&$A3&" INTERVAL:1W",,,) -> #NAME? | D3: 44409 | E3: =MROUND(AVERAGEIFS(B$2:B51,K$2:K51,M3,L$2:L51,N3),0.1) -> #NAME? | F3: =((E3-50)-1000)*0.7 -> #NAME? | K3: =MONTH(A3) -> 7 | L3: =YEAR(A3) -> 2021 | M3: =MONTH(D3) -> 8 | N3: =YEAR(D3) -> 2021
A4: 44380 | B4: =_xll.RHistory("SUNF-EXTANK-P1","NDA_RAW.Nda_last","START:"&$A4&" END:"&$A4&" INTERVAL:1W",,,) -> #NAME? | K4: =MONTH(A4) -> 7 | L4: =YEAR(A4) -> 2021
A5: 44381 | B5: =_xll.RHistory("SUNF-EXTANK-P1","NDA_RAW.Nda_last","START:"&$A5&" END:"&$A5&" INTERVAL:1W",,,) -> #NAME? | K5: =MONTH(A5) -> 7 | L5: =YEAR(A5) -> 2021
A6: 44382 | B6: =_xll.RHistory("SUNF-EXTANK-P1","NDA_RAW.Nda_last","START:"&$A6&" END:"&$A6&" INTERVAL:1W",,,) -> #NAME? | K6: =MONTH(A6) -> 7 | L6: =YEAR(A6) -> 2021
A7: 44383 | B7: =_xll.RHistory("SUNF-EXTANK-P1","NDA_RAW.Nda_last","START:"&$A7&" END:"&$A7&" INTERVAL:1W",,,) -> #NAME? | K7: =MONTH(A7) -> 7 | L7: =YEAR(A7) -> 2021
A8: 44384 | B8: =_xll.RHistory("SUNF-EXTANK-P1","NDA_RAW.Nda_last","START:"&$A8&" END:"&$A8&" INTERVAL:1W",,,) -> #NAME? | K8: =MONTH(A8) -> 7 | L8: =YEAR(A8) -> 2021
A9: 44385 | B9: =_xll.RHistory("SUNF-EXTANK-P1","NDA_RAW.Nda_last","START:"&$A9&" END:"&$A9&" INTERVAL:1W",,,) -> #NAME? | K9: =MONTH(A9) -> 7 | L9: =YEAR(A9) -> 2021
A10: 44386 | B10: =_xll.RHistory("SUNF-EXTANK-P1","NDA_RAW.Nda_last","START:"&$A10&" END:"&$A10&" INTERVAL:1W",,,) -> #NAME? | K10: =MONTH(A10) -> 7 | L10: =YEAR(A10) -> 2021
A11: 44387 | B11: =_xll.RHistory("SUNF-EXTANK-P1","NDA_RAW.Nda_last","START:"&$A11&" END:"&$A11&" INTERVAL:1W",,,) -> #NAME? | K11: =MONTH(A11) -> 7 | L11: =YEAR(A11) -> 2021
A12: 44388 | B12: =_xll.RHistory("SUNF-EXTANK-P1","NDA_RAW.Nda_last","START:"&$A12&" END:"&$A12&" INTERVAL:1W",,,) -> #NAME? | K12: =MONTH(A12) -> 7 | L12: =YEAR(A12) -> 2021
A13: 44389 | B13: =_xll.RHistory("SUNF-EXTANK-P1","NDA_RAW.Nda_last","START:"&$A13&" END:"&$A13&" INTERVAL:1W",,,) -> #NAME? | K13: =MONTH(A13) -> 7 | L13: =YEAR(A13) -> 2021
A14: 44390 | B14: =_xll.RHistory("SUNF-EXTANK-P1","NDA_RAW.Nda_last","START:"&$A14&" END:"&$A14&" INTERVAL:1W",,,) -> #NAME? | K14: =MONTH(A14) -> 7 | L14: =YEAR(A14) -> 2021
A15: 44391 | B15: =_xll.RHistory("SUNF-EXTANK-P1","NDA_RAW.Nda_last","START:"&$A15&" END:"&$A15&" INTERVAL:1W",,,) -> #NAME? | K15: =MONTH(A15) -> 7 | L15: =YEAR(A15) -> 2021
... A38: 44414 | B38: =_xll.RHistory("SUNF-EXTANK-P1","NDA_RAW.Nda_last","START:"&$A38&" END:"&$A38&" INTERVAL:1W",,,) -> #NAME? | K38: =MONTH(A38) -> 8 | L38: =YEAR(A38) -> 2021
