Workbook

Sheet NOPA Crush
A1: Date | B1: Est. Industry Crush Capacity | C1: Non-NOPA Daily Crush Rate | D1: Census-NOPA | E1: Daily NOPA Capacity | F1: NOPA Crushing Capacity (Mil. Bushel) | G1: NOPA Crush (Mil. Bushel) | H1: NOPA Crush as a % of Capacity | I1: NOPA Soybean Meal Production (1,000 Short Tons) | J1: NOPA Soybean Meal Yield Per Bushel Crush (Pounds) | K1: Census-NOPA | L1: NOPA Soybean Meal Exports (1,000 Short Tons) | M1: Census-NOPA | N1: NOPA Soybean Oil Production (Mil. Pounds) | O1: NOPA Soybean Oil Yield Per Bushel Crushed (Pounds) | P1: Census-NOPA | Q1: NOPA Soybean Oil Stocks (Mil. Pounds) | R1: NOPA/Census | S1: Census-NOPA | V1: IL Crush | W1: IN,KY,OH, MI Crush | X1: SC,NC,DE,MD,VA,GA,AL,FL Crush | Y1: Southwest Crush | Z1: AR,MS,TN,LA,MO Crush | AA1: NE,KS,OK,TX,CA,WA,OR,MO Crush | AB1: IA Crush | AC1: MN,MT,ND,SD Crush | AD1: Dark Blue - Real totals - Black FM Pre-Report Prediction | AH1: Change in Iowa Crush | AI1: Combined Meal and Oil Yield | AJ1: IL Capacity | AK1: IN,KY,OH, MI Capacity | AL1: SC,NC,DE,MD,VA,GA,AL,FL Capacity | AM1: AR,MS,TN,LA,MO Capacity | AN1: NE,KS,OK,TX,CA,WA,OR,MO Capacity | AO1: IA Capacity | AP1: MN,MT,ND,SD Capacity | AQ1: Total Capacity | AR1: Pre-Report Oil Stocks Forecast | AS1: Delta to FM Forecast | AT1: IL | AU1: IN,KY,OH | AV1: SC,NC,DE,MD,VA,GA,AL,FL | AW1: AR,MS,TN,LA,MO | AX1: NE,KS,OK,TX,CA,WA,OR,MO | AY1: IA | AZ1: MN,MT,ND,SD | BB1: Census/NOPA | BE1: Average Daily Crush | BF1: Monthly Record | BG1: Months that are record large | BH1: 5-Year Average Change in Yield | BI1: Month-to-Month Change in Yield | BK1: Implied Industry Capacity | BL1: 5-Year Average Crush
A2: 29099 | D2: 0.37666667 | G2: 75.5 | J2: 47.3 | N2: 845.1 | O2: 11.2 | Q2: 215.4 | V2: 21.031 | W2: 7.972 | X2: 10.806 | Z2: 7.405 | AA2: 9.367 | AB2: 13.616 | AC2: 5.261 | AD2: 75.458 | AE2: 75.458 | AF2: 0 | AG2: 0.042 | AI2: =J2+O2 -> 58.5 | BD2: 58.5 | BE2: =G2/30 -> 2.5166667
A3: 29129 | D3: 0.31 | G3: 95.5 | J3: 47.3 | N3: 1017.6 | O3: 10.7 | Q3: 222.6 | V3: 23.078 | W3: 12.499 | X3: 15.588 | Z3: 11.177 | AA3: 11.727 | AB3: 15.836 | AC3: 5.642 | AD3: 95.547 | AE3: 95.547 | AF3: 0 | AG3: -0.047 | AH3: =AB3-AB2 -> 2.22 | AI3: =J3+O3 -> 58 | BD3: 58 | BE3: =G3/31 -> 3.0806452 | BI3: =O3-O2 -> -0.5
A4: 29160 | D4: 0.41 | G4: 101 | J4: 47.6 | N4: 1063.8 | O4: 10.5 | Q4: 246.3 | V4: 23.32 | W4: 12.557 | X4: 16.853 | Z4: 14.718 | AA4: 12.271 | AB4: 15.957 | AC4: 5.322 | AD4: 100.998 | AE4: 100.998 | AF4: 0 | AG4: 0.002 | AH4: =AB4-AB3 -> 0.121 | AI4: =J4+O4 -> 58.1 | BD4: 58.1 | BE4: =G4/30 -> 3.3666667 | BI4: =O4-O3 -> -0.2
A5: 29190 | D5: 0.29333333 | G5: 104.1 | J5: 47.6 | N5: 1097 | O5: 10.5 | Q5: 352.8 | V5: 23.366 | W5: 12.807 | X5: 16.686 | Z5: 15.309 | AA5: 12.675 | AB5: 17.6 | AC5: 5.615 | AD5: 104.058 | AE5: 104.058 | AF5: 0 | AG5: 0.042 | AH5: =AB5-AB4 -> 1.643 | AI5: =J5+O5 -> 58.1 | BD5: 58.1 | BE5: =G5/31 -> 3.3580645 | BI5: =O5-O4 -> 0
A6: 29221 | D6: 2.0233333 | G6: 104.6 | J6: 47.5 | N6: 1106 | O6: 10.6 | Q6: 356.7 | V6: 24.37 | W6: 13.615 | X6: 16.593 | Z6: 14.833 | AA6: 12.092 | AB6: 17.304 | AC6: 5.828 | AD6: 104.635 | AE6: =SUM(V6:AC6) -> 104.635 | AF6: =AE6-AD6 -> 0 | AG6: =AE6-G6 -> 0.035 | AH6: =AB6-AB5 -> -0.296 | AI6: =J6+O6 -> 58.1 | BE6: =G6/31 -> 3.3741935 | BI6: =O6-O5 -> 0.1
A7: 29252 | D7: 1.12 | G7: 98.9 | J7: 47.6 | N7: 1054.4 | O7: 10.7 | Q7: 391.8 | V7: 22.034 | W7: 12.41 | X7: 16.987 | Z7: 14.298 | AA7: 11.706 | AB7: 15.965 | AC7: 5.503 | AD7: 98.903 | AE7: =SUM(V7:AC7) -> 98.903 | AF7: =AE7-AD7 -> 0 | AG7: =AE7-G7 -> 0.003 | AH7: =AB7-AB6 -> -1.339 | AI7: =J7+O7 -> 58.3 | BE7: =G7/29 -> 3.4103448 | BI7: =O7-O6 -> 0.1
A8: 29281 | D8: 0.84666667 | G8: 101.4 | J8: 47.6 | N8: 1092.2 | O8: 10.8 | Q8: 447.5 | V8: 23.938 | W8: 13.261 | X8: 16.121 | Z8: 13.604 | AA8: 12.018 | AB8: 16.868 | AC8: 5.591 | AD8: 101.401 | AE8: =SUM(V8:AC8) -> 101.401 | AF8: =AE8-AD8 -> 0 | AG8: =AE8-G8 -> 0.001 | AH8: =AB8-AB7 -> 0.903 | AI8: =J8+O8 -> 58.4 | BE8: =G8/31 -> 3.2709677 | BI8: =O8-O7 -> 0.1
A9: 29312 | D9: 0.57333333 | G9: 91.4 | J9: 47.6 | N9: 988.8 | O9: 10.8 | Q9: 436.6 | V9: 20.274 | W9: 11.733 | X9: 14.851 | Z9: 13.357 | AA9: 10.585 | AB9: 15.879 | AC9: 4.674 | AD9: 91.353 | AE9: =SUM(V9:AC9) -> 91.353 | AF9: =AE9-AD9 -> 0 | AG9: =AE9-G9 -> -0.047 | AH9: =AB9-AB8 -> -0.989 | AI9: =J9+O9 -> 58.4 | BE9: =G9/30 -> 3.0466667 | BI9: =O9-O8 -> 0
A10: 29342 | D10: 0.63 | G10: 93.2 | J10: 47.6 | N10: 1012.5 | O10: 10.9 | Q10: 481.6 | V10: 22.301 | W10: 10.929 | X10: 15.629 | Z10: 13.244 | AA10: 11.015 | AB10: 15.111 | AC10: 4.953 | AD10: 93.182 | AE10: =SUM(V10:AC10) -> 93.182 | AF10: =AE10-AD10 -> 0 | AG10: =AE10-G10 -> -0.018 | AH10: =AB10-AB9 -> -0.768 | AI10: =J10+O10 -> 58.5 | BE10: =G10/31 -> 3.0064516 | BI10: =O10-O9 -> 0.1
A11: 29373 | D11: 0.76333333 | G11: 81.9 | J11: 47.8 | N11: 884.9 | O11: 10.8 | Q11: 521.5 | V11: 18.704 | W11: 10.409 | X11: 12.509 | Z11: 10.385 | AA11: 10.666 | AB11: 14.869 | AC11: 4.38 | AD11: 81.922 | AE11: =SUM(V11:AC11) -> 81.922 | AF11: =AE11-AD11 -> 0 | AG11: =AE11-G11 -> 0.022 | AH11: =AB11-AB10 -> -0.242 | AI11: =J11+O11 -> 58.6 | BE11: =G11/30 -> 2.73 | BI11: =O11-O10 -> -0.1
A12: 29403 | D12: 0.75666667 | G12: 84.1 | J12: 48 | N12: 919.6 | O12: 11 | Q12: 558.8 | V12: 18.323 | W12: 11.26 | X12: 14.643 | Z12: 8.933 | AA12: 11.44 | AB12: 15.165 | AC12: 4.347 | AD12: 84.111 | AE12: =SUM(V12:AC12) -> 84.111 | AF12: =AE12-AD12 -> 0 | AG12: =AE12-G12 -> 0.011 | AH12: =AB12-AB11 -> 0.296 | AI12: =J12+O12 -> 59 | BE12: =G12/31 -> 2.7129032 | BI12: =O12-O11 -> 0.2
A13: 29434 | D13: 1.5933333 | G13: 82.1 | J13: 48 | N13: 896 | O13: 11.1 | Q13: 578.1 | V13: 18.721 | W13: 10.13 | X13: 13.187 | Z13: 10.014 | AA13: 10.33 | AB13: 15.182 | AC13: 4.504 | AD13: 82.068 | AE13: =SUM(V13:AC13) -> 82.068 | AF13: =AE13-AD13 -> 0 | AG13: =AE13-G13 -> -0.032 | AH13: =AB13-AB12 -> 0.017 | AI13: =J13+O13 -> 59.1 | BE13: =G13/31 -> 2.6483871 | BI13: =O13-O12 -> 0.1
A14: 29465 | D14: 0.80333333 | G14: 80.8 | J14: 48 | N14: 886.3 | O14: 11 | Q14: 544.1 | V14: 20.605 | W14: 10.232 | X14: 12.405 | Z14: 7.886 | AA14: 10.321 | AB14: 14.542 | AC14: 4.774 | AD14: 80.765 | AE14: =SUM(V14:AC14) -> 80.765 | AF14: =AE14-AD14 -> 0 | AG14: =AE14-G14 -> -0.035 | AH14: =AB14-AB13 -> -0.64 | AI14: =J14+O14 -> 59 | BE14: =G14/30 -> 2.6933333 | BI14: =O14-O13 -> -0.1
A15: 29495 | D15: -1.1366667 | G15: 98.9 | J15: 47.4 | N15: 1067.6 | O15: 10.8 | Q15: 665.4 | V15: 25.29 | W15: 13.219 | X15: 14.889 | Z15: 12.192 | AA15: 12.007 | AB15: 16.493 | AC15: 4.784 | AD15: 98.874 | AE15: =SUM(V15:AC15) -> 98.874 | AF15: =AE15-AD15 -> 0 | AG15: =AE15-G15 -> -0.026 | AH15: =AB15-AB14 -> 1.951 | AI15: =J15+O15 -> 58.2 | BE15: =G15/31 -> 3.1903226 | BI15: =O15-O14 -> -0.2
A16: 29526 | D16: 1.7833333 | G16: 96.7 | J16: 47.6 | N16: 1054.4 | O16: 10.9 | Q16: 796.9 | V16: 24.643 | W16: 10.932 | X16: 15.496 | Z16: 12.786 | AA16: 12.065 | AB16: 16.175 | AC16: 4.609 | AD16: 96.706 | AE16: =SUM(V16:AC16) -> 96.706 | AF16: =AE16-AD16 -> 0 | AG16: =AE16-G16 -> 0.006 | AH16: =AB16-AB15 -> -0.318 | AI16: =J16+O16 -> 58.5 | BE16: =G16/30 -> 3.2233333 | BI16: =O16-O15 -> 0.1
A17: 29556 | D17: 1.0333333 | G17: 93.1 | J17: 47.6 | N17: 1014.7 | O17: 10.9 | Q17: 807.3 | V17: 21.936 | W17: 12.593 | X17: 14.632 | Z17: 11.607 | AA17: 11.541 | AB17: 15.395 | AC17: 5.413 | AD17: 93.117 | AE17: =SUM(V17:AC17) -> 93.117 | AF17: =AE17-AD17 -> 0 | AG17: =AE17-G17 -> 0.017 | AH17: =AB17-AB16 -> -0.78 | AI17: =J17+O17 -> 58.5 | BE17: =G17/31 -> 3.0032258 | BI17: =O17-O16 -> 0
A18: 29587 | D18: 0.45333333 | G18: 91.7 | J18: 47 | N18: 994.6 | O18: 10.9 | Q18: 945.8 | V18: 22.285 | W18: 12.949 | X18: 15.447 | Z18: 10.331 | AA18: 10.623 | AB18: 14.609 | AC18: 5.406 | AD18: 91.65 | AE18: =SUM(V18:AC18) -> 91.65 | AF18: =AE18-AD18 -> 0 | AG18: =AE18-G18 -> -0.05 | AH18: =AB18-AB17 -> -0.786 | AI18: =J18+O18 -> 57.9 | BE18: =G18/31 -> 2.9580645 | BI18: =O18-O17 -> 0
A19: 29618 | D19: 1.2 | G19: 78.4 | J19: 47.4 | N19: 872.7 | O19: 11.1 | Q19: 998.4 | V19: 18.607 | W19: 11.155 | X19: 13.999 | Z19: 7.844 | AA19: 9.095 | AB19: 12.868 | AC19: 4.866 | AD19: 78.434 | AE19: =SUM(V19:AC19) -> 78.434 | AF19: =AE19-AD19 -> 0 | AG19: =AE19-G19 -> 0.034 | AH19: =AB19-AB18 -> -1.741 | AI19: =J19+O19 -> 58.5 | BE19: =G19/28 -> 2.8 | BI19: =O19-O18 -> 0.2
A20: 29646 | D20: -0.4 | G20: 89.1 | J20: 47.5 | N20: 992.3 | O20: 11.1 | Q20: 1010.6 | V20: 21.172 | W20: 11.708 | X20: 14.314 | Z20: 11.317 | AA20: 10.338 | AB20: 15 | AC20: 5.223 | AD20: 89.072 | AE20: =SUM(V20:AC20) -> 89.072 | AF20: =AE20-AD20 -> 0 | AG20: =AE20-G20 -> -0.028 | AH20: =AB20-AB19 -> 2.132 | AI20: =J20+O20 -> 58.6 | BE20: =G20/31 -> 2.8741935 | BI20: =O20-O19 -> 0
A21: 29677 | D21: 0.87666667 | G21: 84.5 | J21: 47.5 | N21: 943 | O21: 11.2 | Q21: 1062.5 | V21: 20.578 | W21: 10.281 | X21: 14.638 | Z21: 10.789 | AA21: 9.116 | AB21: 13.422 | AC21: 5.659 | AD21: 84.483 | AE21: =SUM(V21:AC21) -> 84.483 | AF21: =AE21-AD21 -> 0 | AG21: =AE21-G21 -> -0.017 | AH21: =AB21-AB20 -> -1.578 | AI21: =J21+O21 -> 58.7 | BE21: =G21/30 -> 2.8166667 | BI21: =O21-O20 -> 0.1
A22: 29707 | D22: -0.013333333 | G22: 82.3 | J22: 47.3 | N22: 911.9 | O22: 11.1 | Q22: 1181.1 | V22: 17.238 | W22: 10.751 | X22: 14.257 | Z22: 9.42 | AA22: 10.215 | AB22: 14.242 | AC22: 6.136 | AD22: 82.259 | AE22: =SUM(V22:AC22) -> 82.259 | AF22: =AE22-AD22 -> 0 | AG22: =AE22-G22 -> -0.041 | AH22: =AB22-AB21 -> 0.82 | AI22: =J22+O22 -> 58.4 | BE22: =G22/31 -> 2.6548387 | BI22: =O22-O21 -> -0.1
A23: 29738 | D23: 1.1366667 | G23: 72.3 | J23: 47.6 | N23: 809.5 | O23: 11.2 | Q23: 1137.4 | V23: 16.668 | W23: 10.094 | X23: 11.07 | Z23: 6.616 | AA23: 10.064 | AB23: 11.982 | AC23: 5.823 | AD23: 72.317 | AE23: =SUM(V23:AC23) -> 72.317 | AF23: =AE23-AD23 -> 0 | AG23: =AE23-G23 -> 0.017 | AH23: =AB23-AB22 -> -2.26 | AI23: =J23+O23 -> 58.8 | BE23: =G23/30 -> 2.41 | BI23: =O23-O22 -> 0.1
A24: 29768 | D24: 0.03 | G24: 72.3 | J24: 47.5 | N24: 812.6 | O24: 11.2 | Q24: 1114.4 | V24: 15.783 | W24: 10.515 | X24: 13.251 | Z24: 5.51 | AA24: 7.7 | AB24: 13.828 | AC24: 5.712 | AD24: 72.299 | AE24: =SUM(V24:AC24) -> 72.299 | AF24: =AE24-AD24 -> 0 | AG24: =AE24-G24 -> -0.001 | AH24: =AB24-AB23 -> 1.846 | AI24: =J24+O24 -> 58.7 | BE24: =G24/31 -> 2.3322581 | BI24: =O24-O23 -> 0
A25: 29799 | D25: 0.83666667 | G25: 73.8 | J25: 47.7 | N25: 830 | O25: 11.3 | Q25: 1029.2 | V25: 11.393 | W25: 9.988 | X25: 12.347 | Z25: 9.533 | AA25: 9.668 | AB25: 14.977 | AC25: 5.879 | AD25: 73.785 | AE25: =SUM(V25:AC25) -> 73.785 | AF25: =AE25-AD25 -> 0 | AG25: =AE25-G25 -> -0.015 | AH25: =AB25-AB24 -> 1.149 | AI25: =J25+O25 -> 59 | BE25: =G25/31 -> 2.3806452 | BI25: =O25-O24 -> 0.1
A26: 29830 | D26: -0.66666667 | G26: 76.1 | J26: 47.8 | N26: 849.6 | O26: 11.2 | Q26: 1047.2 | V26: 18.067 | W26: 9.93 | X26: 12.759 | Z26: 7.209 | AA26: 9.392 | AB26: 13.108 | AC26: 5.818 | AD26: 76.283 | AE26: =SUM(V26:AC26) -> 76.283 | AF26: =AE26-AD26 -> 0 | AG26: =AE26-G26 -> 0.183 | AH26: =AB26-AB25 -> -1.869 | AI26: =J26+O26 -> 59 | BE26: =G26/30 -> 2.5366667 | BF26: =MAX(G14,G2) -> 80.8 | BG26: =IF(G26>BF26,"RECORD","") | BI26: =O26-O25 -> -0.1
A27: 29860 | D27: 0.16 | E27: 3.983871 | F27: =(A28-A27)*E27 -> 123.5 | G27: 104.3 | H27: =G27/F27 -> 0.84453441 | J27: 47.3 | N27: 1120.6 | O27: 10.7 | Q27: 1076.7 | V27: 26.042 | W27: 12.391 | X27: 16.052 | Z27: 13.802 | AA27: 12.698 | AB27: 16.572 | AC27: 6.745 | AD27: 104.302 | AE27: =SUM(V27:AC27) -> 104.302 | AF27: =AE27-AD27 -> 0 | AG27: =AE27-G27 -> 0.002 | AH27: =AB27-AB26 -> 3.464 | AI27: =J27+O27 -> 58 | BE27: =G27/31 -> 3.3645161 | BF27: =MAX(G15,G3) -> 98.9 | BG27: =IF(G27>BF27,"RECORD","") -> RECORD | BI27: =O27-O26 -> -0.5
A28: 29891 | D28: 1.5566667 | E28: 3.9833333 | F28: =(A29-A28)*E28 -> 119.5 | G28: 96 | H28: =G28/F28 -> 0.80334728 | J28: 47.4 | N28: 998.7 | O28: 10.4 | Q28: 1212.6 | V28: 22.303 | W28: 11.711 | X28: 16.182 | Z28: 14.482 | AA28: 11.609 | AB28: 14.01 | AC28: 5.733 | AD28: 96.03 | AE28: =SUM(V28:AC28) -> 96.03 | AF28: =AE28-AD28 -> 0 | AG28: =AE28-G28 -> 0.03 | AH28: =AB28-AB27 -> -2.562 | AI28: =J28+O28 -> 57.8 | BE28: =G28/30 -> 3.2 | BF28: =MAX(G16,G4) -> 101 | BG28: =IF(G28>BF28,"RECORD","") | BI28: =O28-O27 -> -0.3
A29: 29921 | D29: 0.086666667 | E29: 3.983871 | F29: =(A30-A29)*E29 -> 123.5 | G29: 102.4 | H29: =G29/F29 -> 0.8291498 | J29: 47.5 | N29: 1065 | O29: 10.4 | Q29: 1277.5 | V29: 24.998 | W29: 12.436 | X29: 16.701 | Z29: 13.943 | AA29: 12.848 | AB29: 15.784 | AC29: 5.727 | AD29: 102.437 | AE29: =SUM(V29:AC29) -> 102.437 | AF29: =AE29-AD29 -> 0 | AG29: =AE29-G29 -> 0.037 | AH29: =AB29-AB28 -> 1.774 | AI29: =J29+O29 -> 57.9 | BE29: =G29/31 -> 3.3032258 | BF29: =MAX(G17,G5) -> 104.1 | BG29: =IF(G29>BF29,"RECORD","") | BI29: =O29-O28 -> 0
A30: 29952 | D30: 0.70666667 | E30: 4.0612903 | F30: =(A31-A30)*E30 -> 125.9 | G30: 94.2 | H30: =G30/F30 -> 0.74821287 | J30: 47.5 | N30: 999.9 | O30: 10.6 | Q30: 1407.1 | V30: 21.83 | W30: 12.375 | X30: 16.495 | Z30: 11.565 | AA30: 12.429 | AB30: 13.971 | AC30: 5.502 | AD30: 94.167 | AE30: =SUM(V30:AC30) -> 94.167 | AF30: =AE30-AD30 -> 0 | AG30: =AE30-G30 -> -0.033 | AH30: =AB30-AB29 -> -1.813 | AI30: =J30+O30 -> 58.1 | BE30: =G30/31 -> 3.0387097 | BF30: =MAX(G18,G6) -> 104.6 | BG30: =IF(G30>BF30,"RECORD","") | BI30: =O30-O29 -> 0.2
A31: 29983 | D31: 0.92333333 | E31: 4.0607143 | F31: =(A32-A31)*E31 -> 113.7 | G31: 85.8 | H31: =G31/F31 -> 0.75461741 | J31: 47.3 | N31: 903.7 | O31: 10.5 | Q31: 1345.5 | V31: 19.257 | W31: 9.923 | X31: 15.378 | Z31: 11.498 | AA31: 10.594 | AB31: 13.991 | AC31: 5.119 | AD31: 85.76 | AE31: =SUM(V31:AC31) -> 85.76 | AF31: =AE31-AD31 -> 0 | AG31: =AE31-G31 -> -0.04 | AH31: =AB31-AB30 -> 0.02 | AI31: =J31+O31 -> 57.8 | BE31: =G31/28 -> 3.0642857 | BF31: =MAX(G19,G7) -> 98.9 | BG31: =IF(G31>BF31,"RECORD","") | BI31: =O31-O30 -> -0.1
A32: 30011 | D32: 0.51666667 | E32: 4.0612903 | F32: =(A33-A32)*E32 -> 125.9 | G32: 84.6 | H32: =G32/F32 -> 0.67196187 | J32: 47.7 | N32: 904.6 | O32: 10.7 | Q32: 1313.2 | V32: 19.317 | W32: 10.315 | X32: 13.897 | Z32: 10.723 | AA32: 11.172 | AB32: 13.606 | AC32: 5.588 | AD32: 84.618 | AE32: =SUM(V32:AC32) -> 84.618 | AF32: =AE32-AD32 -> 0 | AG32: =AE32-G32 -> 0.018 | AH32: =AB32-AB31 -> -0.385 | AI32: =J32+O32 -> 58.4 | BE32: =G32/31 -> 2.7290323 | BF32: =MAX(G20,G8) -> 101.4 | BG32: =IF(G32>BF32,"RECORD","") | BI32: =O32-O31 -> 0.2
A33: 30042 | D33: 1.17 | E33: 4.0466667 | F33: =(A34-A33)*E33 -> 121.4 | G33: 79.8 | H33: =G33/F33 -> 0.65733114 | J33: 47.4 | N33: 847.8 | O33: 10.6 | Q33: 1266 | V33: 18.399 | W33: 10.171 | X33: 14.916 | Z33: 8.103 | AA33: 9.837 | AB33: 12.621 | AC33: 5.792 | AD33: 79.839 | AE33: =SUM(V33:AC33) -> 79.839 | AF33: =AE33-AD33 -> 0 | AG33: =AE33-G33 -> 0.039 | AH33: =AB33-AB32 -> -0.985 | AI33: =J33+O33 -> 58 | BE33: =G33/30 -> 2.66 | BF33: =MAX(G21,G9) -> 91.4 | BG33: =IF(G33>BF33,"RECORD","") | BI33: =O33-O32 -> -0.1
A34: 30072 | D34: 0.17666667 | E34: 4.0451613 | F34: =(A35-A34)*E34 -> 125.4 | G34: 86.4 | H34: =G34/F34 -> 0.68899522 | J34: 47.8 | N34: 924 | O34: 10.7 | Q34: 1216 | V34: 20.269 | W34: 10.386 | X34: 14.899 | Z34: 9.878 | AA34: 11.308 | AB34: 13.083 | AC34: 6.586 | AD34: 86.409 | AE34: =SUM(V34:AC34) -> 86.409 | AF34: =AE34-AD34 -> 0 | AG34: =AE34-G34 -> 0.009 | AH34: =AB34-AB33 -> 0.462 | AI34: =J34+O34 -> 58.5 | BE34: =G34/31 -> 2.7870968 | BF34: =MAX(G22,G10) -> 93.2 | BG34: =IF(G34>BF34,"RECORD","") | BI34: =O34-O33 -> 0.1
A35: 30103 | D35: 0.8 | E35: 4.0466667 | F35: =(A36-A35)*E35 -> 121.4 | G35: 76.3 | H35: =G35/F35 -> 0.62850082 | J35: 47.6 | N35: 815 | O35: 10.7 | Q35: 1083.3 | V35: 18.02 | W35: 8.39 | X35: 13 | Z35: 8.05 | AA35: 9.2 | AB35: 13.32 | AC35: 6.62 | AD35: 76.6 | AE35: =SUM(V35:AC35) -> 76.6 | AF35: =AE35-AD35 -> 0 | AG35: =AE35-G35 -> 0.3 | AH35: =AB35-AB34 -> 0.237 | AI35: =J35+O35 -> 58.3 | BE35: =G35/30 -> 2.5433333 | BF35: =MAX(G23,G11) -> 81.9 | BG35: =IF(G35>BF35,"RECORD","") | BI35: =O35-O34 -> 0
A36: 30133 | D36: 0.65666667 | E36: 4.1064516 | F36: =(A37-A36)*E36 -> 127.3 | G36: 69.9 | H36: =G36/F36 -> 0.54909662 | J36: 47.3 | N36: 764.4 | O36: 10.9 | Q36: 878.9 | V36: 11.968 | W36: 8.968 | X36: 13.926 | Z36: 7.937 | AA36: 8.711 | AB36: 12.063 | AC36: 6.287 | AD36: 69.86 | AE36: =SUM(V36:AC36) -> 69.86 | AF36: =AE36-AD36 -> 0 | AG36: =AE36-G36 -> -0.04 | AH36: =AB36-AB35 -> -1.257 | AI36: =J36+O36 -> 58.2 | BE36: =G36/31 -> 2.2548387 | BF36: =MAX(G24,G12) -> 84.1 | BG36: =IF(G36>BF36,"RECORD","") | BI36: =O36-O35 -> 0.2
A37: 30164 | D37: 0.29 | E37: 4.0903226 | F37: =(A38-A37)*E37 -> 126.8 | G37: 67.5 | H37: =G37/F37 -> 0.53233438 | J37: 47.4 | N37: 732.3 | O37: 10.9 | Q37: 701.6 | V37: 13.173 | W37: 9.031 | X37: 12.356 | Z37: 7.032 | AA37: 7.414 | AB37: 12.606 | AC37: 5.892 | AD37: 67.504 | AE37: =SUM(V37:AC37) -> 67.504 | AF37: =AE37-AD37 -> 0 | AG37: =AE37-G37 -> 0.004 | AH37: =AB37-AB36 -> 0.543 | AI37: =J37+O37 -> 58.3 | BE37: =G37/31 -> 2.1774194 | BF37: =MAX(G25,G13) -> 82.1 | BG37: =IF(G37>BF37,"RECORD","") | BI37: =O37-O36 -> 0
A38: 30195 | D38: 0.96333333 | E38: 4.09 | F38: =(A39-A38)*E38 -> 122.7 | G38: 75 | H38: =G38/F38 -> 0.61124694 | J38: 47.5 | N38: 802.1 | O38: 10.7 | Q38: 573.8 | V38: 18.744 | W38: 9.465 | X38: 12.609 | Z38: 5.685 | AA38: 9.001 | AB38: 13.274 | AC38: 6.194 | AD38: 74.972 | AE38: =SUM(V38:AC38) -> 74.972 | AF38: =AE38-AD38 -> 0 | AG38: =AE38-G38 -> -0.028 | AH38: =AB38-AB37 -> 0.668 | AI38: =J38+O38 -> 58.2 | BE38: =G38/30 -> 2.5 | BF38: =MAX(G26,G14,G2) -> 80.8 | BG38: =IF(G38>BF38,"RECORD","") | BI38: =O38-O37 -> -0.2
A39: 30225 | D39: 1.8 | E39: 4.1129032 | F39: =(A40-A39)*E39 -> 127.5 | G39: 98.4 | H39: =G39/F39 -> 0.77176471 | J39: 48.1 | N39: 1075.2 | O39: 10.9 | Q39: 646.1 | V39: 26.381 | W39: 11.001 | X39: 15.855 | Z39: 12.201 | AA39: 11.805 | AB39: 17.158 | AC39: 5.004 | AD39: 99.405 | AE39: =SUM(V39:AC39) -> 99.405 | AF39: =AE39-AD39 -> 0 | AG39: =AE39-G39 -> 1.005 | AH39: =AB39-AB38 -> 3.884 | AI39: =J39+O39 -> 59 | BE39: =G39/31 -> 3.1741935 | BF39: =MAX(G27,G15,G3) -> 104.3 | BG39: =IF(G39>BF39,"RECORD","") | BI39: =O39-O38 -> 0.2
A40: 30256 | D40: 0.49333333 | E40: 4.06 | F40: =(A41-A40)*E40 -> 121.8 | G40: 107.6 | H40: =G40/F40 -> 0.88341544 | J40: 47.4 | N40: 1135.9 | O40: 10.6 | Q40: 702.4 | V40: 24.698 | W40: 11.433 | X40: 19.593 | Z40: 15.442 | AA40: 13.661 | AB40: 17.267 | AC40: 5.458 | AD40: 107.552 | AE40: =SUM(V40:AC40) -> 107.552 | AF40: =AE40-AD40 -> 0 | AG40: =AE40-G40 -> -0.048 | AH40: =AB40-AB39 -> 0.109 | AI40: =J40+O40 -> 58 | BE40: =G40/30 -> 3.5866667 | BF40: =MAX(G28,G16,G4) -> 101 | BG40: =IF(G40>BF40,"RECORD","") -> RECORD | BI40: =O40-O39 -> -0.3
A41: 30286 | D41: 0.26333333 | E41: 4.0870968 | F41: =(A42-A41)*E41 -> 126.7 | G41: 111.6 | H41: =G41/F41 -> 0.88082084 | J41: 47.5 | N41: 1183.2 | O41: 10.6 | Q41: 862.3 | V41: 25.858 | W41: 11.989 | X41: 20.443 | Z41: 15.788 | AA41: 14.129 | AB41: 16.917 | AC41: 6.433 | AD41: 111.557 | AE41: =SUM(V41:AC41) -> 111.557 | AF41: =AE41-AD41 -> 0 | AG41: =AE41-G41 -> -0.043 | AH41: =AB41-AB40 -> -0.35 | AI41: =J41+O41 -> 58.1 | BE41: =G41/31 -> 3.6 | BF41: =MAX(G29,G17,G5) -> 104.1 | BG41: =IF(G41>BF41,"RECORD","") -> RECORD | BI41: =O41-O40 -> 0
A42: 30317 | D42: 0.013333333 | E42: 4.1677419 | F42: =(A43-A42)*E42 -> 129.2 | G42: 110 | H42: =G42/F42 -> 0.85139319 | J42: 47.5 | N42: 1163.5 | O42: 10.6 | Q42: 936.7 | V42: 24.711 | W42: 11.491 | X42: 19.713 | Z42: 15.137 | AA42: 13.786 | AB42: 18.586 | AC42: 6.569 | AD42: 109.993 | AE42: =SUM(V42:AC42) -> 109.993 | AF42: =AE42-AD42 -> 0 | AG42: =AE42-G42 -> -0.007 | AH42: =AB42-AB41 -> 1.669 | AI42: =J42+O42 -> 58.1 | BE42: =G42/31 -> 3.5483871 | BF42: =MAX(G30,G18,G6) -> 104.6 | BG42: =IF(G42>BF42,"RECORD","") -> RECORD | BI42: =O42-O41 -> 0
A43: 30348 | D43: 0.17666667 | E43: 4.1678571 | F43: =(A44-A43)*E43 -> 116.7 | G43: 92.8 | H43: =G43/F43 -> 0.79520137 | J43: 47.5 | N43: 990.9 | O43: 10.7 | Q43: 1008.7 | V43: 20.244 | W43: 10.734 | X43: 17.543 | Z43: 11.296 | AA43: 11.884 | AB43: 15.931 | AC43: 5.207 | AD43: 92.839 | AE43: =SUM(V43:AC43) -> 92.839 | AF43: =AE43-AD43 -> 0 | AG43: =AE43-G43 -> 0.039 | AH43: =AB43-AB42 -> -2.655 | AI43: =J43+O43 -> 58.2 | BE43: =G43/28 -> 3.3142857 | BF43: =MAX(G31,G19,G7) -> 98.9 | BG43: =IF(G43>BF43,"RECORD","") | BI43: =O43-O42 -> 0.1
A44: 30376 | D44: 0.17666667 | E44: 4.1677419 | F44: =(A45-A44)*E44 -> 129.2 | G44: 94.4 | H44: =G44/F44 -> 0.73065015 | J44: 47.6 | N44: 1011.3 | O44: 10.7 | Q44: 1026.7 | V44: 20.854 | W44: 11.002 | X44: 18.416 | Z44: 11.616 | AA44: 11.451 | AB44: 15.235 | AC44: 5.808 | AD44: 94.382 | AE44: =SUM(V44:AC44) -> 94.382 | AF44: =AE44-AD44 -> 0 | AG44: =AE44-G44 -> -0.018 | AH44: =AB44-AB43 -> -0.696 | AI44: =J44+O44 -> 58.3 | BE44: =G44/31 -> 3.0451613 | BF44: =MAX(G32,G20,G8) -> 101.4 | BG44: =IF(G44>BF44,"RECORD","") | BI44: =O44-O43 -> 0
A45: 30407 | D45: 0.1 | E45: 4.09 | F45: =(A46-A45)*E45 -> 122.7 | G45: 81.7 | H45: =G45/F45 -> 0.66585167 | J45: 47.7 | N45: 882.1 | O45: 10.8 | Q45: 928 | V45: 17.193 | W45: 9.595 | X45: 15.99 | Z45: 10.429 | AA45: 8.96 | AB45: 13.485 | AC45: 6.083 | AD45: 81.735 | AE45: =SUM(V45:AC45) -> 81.735 | AF45: =AE45-AD45 -> 0 | AG45: =AE45-G45 -> 0.035 | AH45: =AB45-AB44 -> -1.75 | AI45: =J45+O45 -> 58.5 | BE45: =G45/30 -> 2.7233333 | BF45: =MAX(G33,G21,G9) -> 91.4 | BG45: =IF(G45>BF45,"RECORD","") | BI45: =O45-O44 -> 0.1
A46: 30437 | D46: 0.47666667 | E46: 4.1354839 | F46: =(A47-A46)*E46 -> 128.2 | G46: 83.2 | H46: =G46/F46 -> 0.64898596 | J46: 47.5 | N46: 898.3 | O46: 10.8 | Q46: 844 | V46: 18.014 | W46: 11.339 | X46: 16.16 | Z46: 9.296 | AA46: 8.505 | AB46: 14.151 | AC46: 5.738 | AD46: 83.203 | AE46: =SUM(V46:AC46) -> 83.203 | AF46: =AE46-AD46 -> 0 | AG46: =AE46-G46 -> 0.003 | AH46: =AB46-AB45 -> 0.666 | AI46: =J46+O46 -> 58.3 | BE46: =G46/31 -> 2.683871 | BF46: =MAX(G34,G22,G10) -> 93.2 | BG46: =IF(G46>BF46,"RECORD","") | BI46: =O46-O45 -> 0
A47: 30468 | D47: 0.036666667 | E47: 4.1366667 | F47: =(A48-A47)*E47 -> 124.1 | G47: 81.5 | H47: =G47/F47 -> 0.65672844 | J47: 47.7 | N47: 883.3 | O47: 10.8 | Q47: 811.8 | V47: 17.94 | W47: 10.739 | X47: 15.686 | Z47: 9.082 | AA47: 9.278 | AB47: 12.654 | AC47: 6.106 | AD47: 81.485 | AE47: =SUM(V47:AC47) -> 81.485 | AF47: =AE47-AD47 -> 0 | AG47: =AE47-G47 -> -0.015 | AH47: =AB47-AB46 -> -1.497 | AI47: =J47+O47 -> 58.5 | BE47: =G47/30 -> 2.7166667 | BF47: =MAX(G35,G23,G11) -> 81.9 | BG47: =IF(G47>BF47,"RECORD","") | BI47: =O47-O46 -> 0
A48: 30498 | D48: 0.0033333333 | E48: 4.1032258 | F48: =(A49-A48)*E48 -> 127.2 | G48: 81.6 | H48: =G48/F48 -> 0.64150943 | J48: 47.5 | N48: 886.1 | O48: 10.9 | Q48: 779.6 | V48: 18.497 | W48: 9.728 | X48: 15.405 | Z48: 8.971 | AA48: 9.987 | AB48: 12.967 | AC48: 6.001 | AD48: 81.556 | AE48: =SUM(V48:AC48) -> 81.556 | AF48: =AE48-AD48 -> 0 | AG48: =AE48-G48 -> -0.044 | AH48: =AB48-AB47 -> 0.313 | AI48: =J48+O48 -> 58.4 | BE48: =G48/31 -> 2.6322581 | BF48: =MAX(G36,G24,G12) -> 84.1 | BG48: =IF(G48>BF48,"RECORD","") | BI48: =O48-O47 -> 0.1
A49: 30529 | D49: 0.69 | E49: 4.1032258 | F49: =(A50-A49)*E49 -> 127.2 | G49: 85 | H49: =G49/F49 -> 0.66823899 | J49: 47.7 | N49: 921.4 | O49: 10.9 | Q49: 698.8 | V49: 19.577 | W49: 10.585 | X49: 14.423 | Z49: 9.964 | AA49: 9.994 | AB49: 14.148 | AC49: 6.263 | AD49: 84.954 | AE49: =SUM(V49:AC49) -> 84.954 | AF49: =AE49-AD49 -> 0 | AG49: =AE49-G49 -> -0.046 | AH49: =AB49-AB48 -> 1.181 | AI49: =J49+O49 -> 58.6 | BE49: =G49/31 -> 2.7419355 | BF49: =MAX(G37,G25,G13) -> 82.1 | BG49: =IF(G49>BF49,"RECORD","") -> RECORD | BI49: =O49-O48 -> 0
A50: 30560 | D50: 0.48666667 | E50: 4.1033333 | F50: =(A51-A50)*E50 -> 123.1 | G50: 86.1 | H50: =G50/F50 -> 0.69943136 | J50: 48 | N50: 941.6 | O50: 10.9 | Q50: 648.2 | V50: 21.907 | W50: 10.071 | X50: 12.971 | Z50: 9.201 | AA50: 11.24 | AB50: 15.156 | AC50: 5.574 | AD50: 86.12 | AE50: =SUM(V50:AC50) -> 86.12 | AF50: =AE50-AD50 -> 0 | AG50: =AE50-G50 -> 0.02 | AH50: =AB50-AB49 -> 1.008 | AI50: =J50+O50 -> 58.9 | BE50: =G50/30 -> 2.87 | BF50: =MAX(G38,G26,G14,G2) -> 80.8 | BG50: =IF(G50>BF50,"RECORD","") -> RECORD | BI50: =O50-O49 -> 0
A51: 30590 | D51: 0.75666667 | E51: 4.1322581 | F51: =(A52-A51)*E51 -> 128.1 | G51: 95.7 | H51: =G51/F51 -> 0.7470726 | J51: 47.4 | N51: 1072 | O51: 11.2 | Q51: 775.5 | V51: 22.269 | W51: 11.538 | X51: 15.936 | Z51: 11.902 | AA51: 10.836 | AB51: 17.473 | AC51: 5.789 | AD51: 95.743 | AE51: =SUM(V51:AC51) -> 95.743 | AF51: =AE51-AD51 -> 0 | AG51: =AE51-G51 -> 0.043 | AH51: =AB51-AB50 -> 2.317 | AI51: =J51+O51 -> 58.6 | BE51: =G51/31 -> 3.0870968 | BF51: =MAX(G39,G27,G15,G3) -> 104.3 | BG51: =IF(G51>BF51,"RECORD","") | BI51: =O51-O50 -> 0.3
A52: 30621 | D52: 0.36666667 | E52: 4.1333333 | F52: =(A53-A52)*E52 -> 124 | G52: 86.2 | H52: =G52/F52 -> 0.69516129 | J52: 46.9 | N52: 959.3 | O52: 11.1 | Q52: 880.8 | V52: 19.7 | W52: 11.092 | X52: 15.574 | Z52: 10.878 | AA52: 9.476 | AB52: 13.942 | AC52: 5.523 | AD52: 86.185 | AE52: =SUM(V52:AC52) -> 86.185 | AF52: =AE52-AD52 -> 0 | AG52: =AE52-G52 -> -0.015 | AH52: =AB52-AB51 -> -3.531 | AI52: =J52+O52 -> 58 | BE52: =G52/30 -> 2.8733333 | BF52: =MAX(G40,G28,G16,G4) -> 107.6 | BG52: =IF(G52>BF52,"RECORD","") | BI52: =O52-O51 -> -0.1
A53: 30651 | D53: -0.08 | E53: 4.1322581 | F53: =(A54-A53)*E53 -> 128.1 | G53: 89.5 | H53: =G53/F53 -> 0.69867291 | J53: 47.2 | N53: 990.8 | O53: 11.1 | Q53: 1026.8 | V53: 20.539 | W53: 12.372 | X53: 16.049 | Z53: 10.694 | AA53: 10.169 | AB53: 14.095 | AC53: 5.571 | AD53: 89.489 | AE53: =SUM(V53:AC53) -> 89.489 | AF53: =AE53-AD53 -> 0 | AG53: =AE53-G53 -> -0.011 | AH53: =AB53-AB52 -> 0.153 | AI53: =J53+O53 -> 58.3 | BE53: =G53/31 -> 2.8870968 | BF53: =MAX(G41,G29,G17,G5) -> 111.6 | BG53: =IF(G53>BF53,"RECORD","") | BI53: =O53-O52 -> 0
A54: 30682 | D54: -0.06 | E54: 4.1387097 | F54: =(A55-A54)*E54 -> 128.3 | G54: 93.9 | H54: =G54/F54 -> 0.73187841 | J54: 47.1 | N54: 1050.9 | O54: 11.2 | Q54: 1047.9 | V54: 20.966 | W54: 12.617 | X54: 17.522 | Z54: 10.167 | AA54: 11.377 | AB54: 15.136 | AC54: 6.081 | AD54: 93.866 | AE54: =SUM(V54:AC54) -> 93.866 | AF54: =AE54-AD54 -> 0 | AG54: =AE54-G54 -> -0.034 | AH54: =AB54-AB53 -> 1.041 | AI54: =J54+O54 -> 58.3 | BE54: =G54/31 -> 3.0290323 | BF54: =MAX(G42,G30,G18,G6) -> 110 | BG54: =IF(G54>BF54,"RECORD","") | BI54: =O54-O53 -> 0.1
A55: 30713 | D55: 0.11666667 | E55: 4.1413793 | F55: =(A56-A55)*E55 -> 120.1 | G55: 79.1 | H55: =G55/F55 -> 0.65861782 | J55: 47.4 | N55: 890 | O55: 11.3 | Q55: 884.5 | V55: 17.786 | W55: 10.807 | X55: 14.886 | Z55: 9.227 | AA55: 8.879 | AB55: 12.442 | AC55: 5.085 | AD55: 79.112 | AE55: =SUM(V55:AC55) -> 79.112 | AF55: =AE55-AD55 -> 0 | AG55: =AE55-G55 -> 0.012 | AH55: =AB55-AB54 -> -2.694 | AI55: =J55+O55 -> 58.7 | BE55: =G55/29 -> 2.7275862 | BF55: =MAX(G43,G31,G19,G7) -> 98.9 | BG55: =IF(G55>BF55,"RECORD","") | BI55: =O55-O54 -> 0.1
A56: 30742 | D56: -0.026666667 | E56: 4.1387097 | F56: =(A57-A56)*E56 -> 128.3 | G56: 86 | H56: =G56/F56 -> 0.67030398 | J56: 47 | N56: 966 | O56: 11.2 | Q56: 811.3 | V56: 20.068 | W56: 10.729 | X56: 15.092 | Z56: 10.918 | AA56: 10.099 | AB56: 13.122 | AC56: 5.999 | AD56: 86.027 | AE56: =SUM(V56:AC56) -> 86.027 | AF56: =AE56-AD56 -> 0 | AG56: =AE56-G56 -> 0.027 | AH56: =AB56-AB55 -> 0.68 | AI56: =J56+O56 -> 58.2 | BE56: =G56/31 -> 2.7741935 | BF56: =MAX(G44,G32,G20,G8) -> 101.4 | BG56: =IF(G56>BF56,"RECORD","") | BI56: =O56-O55 -> -0.1
A57: 30773 | D57: 0.0066666667 | E57: 4.0566667 | F57: =(A58-A57)*E57 -> 121.7 | G57: 74.6 | H57: =G57/F57 -> 0.61298274 | J57: 47.2 | N57: 838.9 | O57: 11.3 | Q57: 698.9 | V57: 14.068 | W57: 10.885 | X57: 15.107 | Z57: 7.537 | AA57: 9.623 | AB57: 11.864 | AC57: 5.478 | AD57: 74.562 | AE57: =SUM(V57:AC57) -> 74.562 | AF57: =AE57-AD57 -> 0 | AG57: =AE57-G57 -> -0.038 | AH57: =AB57-AB56 -> -1.258 | AI57: =J57+O57 -> 58.5 | BE57: =G57/30 -> 2.4866667 | BF57: =MAX(G45,G33,G21,G9) -> 91.4 | BG57: =IF(G57>BF57,"RECORD","") | BI57: =O57-O56 -> 0.1
A58: 30803 | D58: 0.20666667 | E58: 4.0580645 | F58: =(A59-A58)*E58 -> 125.8 | G58: 79.2 | H58: =G58/F58 -> 0.62957075 | J58: 47.2 | N58: 898.1 | O58: 11.3 | Q58: 593 | V58: 15.604 | W58: 11.407 | X58: 14.972 | Z58: 7.97 | AA58: 10.124 | AB58: 12.56 | AC58: 6.611 | AD58: 79.248 | AE58: =SUM(V58:AC58) -> 79.248 | AF58: =AE58-AD58 -> 0 | AG58: =AE58-G58 -> 0.048 | AH58: =AB58-AB57 -> 0.696 | AI58: =J58+O58 -> 58.5 | BE58: =G58/31 -> 2.5548387 | BF58: =MAX(G46,G34,G22,G10) -> 93.2 | BG58: =IF(G58>BF58,"RECORD","") | BI58: =O58-O57 -> 0
A59: 30834 | D59: 0.28666667 | E59: 4.0566667 | F59: =(A60-A59)*E59 -> 121.7 | G59: 70.3 | H59: =G59/F59 -> 0.57764996 | J59: 47.2 | N59: 795.7 | O59: 11.3 | Q59: 411.5 | V59: 14.564 | W59: 10.195 | X59: 12.753 | Z59: 6.506 | AA59: 7.622 | AB59: 12.426 | AC59: 6.197 | AD59: 70.263 | AE59: =SUM(V59:AC59) -> 70.263 | AF59: =AE59-AD59 -> 0 | AG59: =AE59-G59 -> -0.037 | AH59: =AB59-AB58 -> -0.134 | AI59: =J59+O59 -> 58.5 | BE59: =G59/30 -> 2.3433333 | BF59: =MAX(G47,G35,G23,G11) -> 81.9 | BG59: =IF(G59>BF59,"RECORD","") | BI59: =O59-O58 -> 0
A60: 30864 | D60: 0.073333333 | E60: 4.0548387 | F60: =(A61-A60)*E60 -> 125.7 | G60: 68.9 | H60: =G60/F60 -> 0.54813047 | J60: 47.2 | N60: 788.8 | O60: 11.4 | Q60: 408.1 | V60: 12.417 | W60: 9.47 | X60: 13.193 | Z60: 5.677 | AA60: 9.572 | AB60: 12.891 | AC60: 5.727 | AD60: 68.947 | AE60: =SUM(V60:AC60) -> 68.947 | AF60: =AE60-AD60 -> 0 | AG60: =AE60-G60 -> 0.047 | AH60: =AB60-AB59 -> 0.465 | AI60: =J60+O60 -> 58.6 | BE60: =G60/31 -> 2.2225806 | BF60: =MAX(G48,G36,G24,G12) -> 84.1 | BG60: =IF(G60>BF60,"RECORD","") | BI60: =O60-O59 -> 0.1
A61: 30895 | D61: 0.11 | E61: 4.0548387 | F61: =(A62-A61)*E61 -> 125.7 | G61: 71 | H61: =G61/F61 -> 0.56483691 | J61: 47.6 | N61: 812 | O61: 11.4 | Q61: 337.7 | V61: 13.257 | W61: 10.245 | X61: 13.751 | Z61: 5.807 | AA61: 8.785 | AB61: 14.435 | AC61: 4.675 | AD61: 70.955 | AE61: =SUM(V61:AC61) -> 70.955 | AF61: =AE61-AD61 -> 0 | AG61: =AE61-G61 -> -0.045 | AH61: =AB61-AB60 -> 1.544 | AI61: =J61+O61 -> 59 | BE61: =G61/31 -> 2.2903226 | BF61: =MAX(G49,G37,G25,G13) -> 85 | BG61: =IF(G61>BF61,"RECORD","") | BI61: =O61-O60 -> 0
A62: 30926 | D62: 0.15 | E62: 4.0533333 | F62: =(A63-A62)*E62 -> 121.6 | G62: 65.4 | H62: =G62/F62 -> 0.53782895 | J62: 47.4 | N62: 753.9 | O62: 11.5 | Q62: 272.4 | V62: 12.603 | W62: 9.689 | X62: 12.415 | Z62: 4.679 | AA62: 8.512 | AB62: 12.067 | AC62: 5.479 | AD62: 65.444 | AE62: =SUM(V62:AC62) -> 65.444 | AF62: =AE62-AD62 -> 0 | AG62: =AE62-G62 -> 0.044 | AH62: =AB62-AB61 -> -2.368 | AI62: =J62+O62 -> 58.9 | BE62: =G62/30 -> 2.18 | BF62: =MAX(G50,G38,G26,G14,G2) -> 86.1 | BG62: =IF(G62>BF62,"RECORD","") | BI62: =O62-O61 -> 0.1
A63: 30956 | D63: 13.21 | E63: 3.5645161 | F63: =(A64-A63)*E63 -> 110.5 | G63: 76 | H63: =G63/F63 -> 0.68778281 | J63: 46.9 | N63: 836.9 | O63: 11 | Q63: 163 | V63: 16.201 | W63: 12.364 | X63: 13.716 | Z63: 3.418 | AA63: 10.218 | AB63: 13.49 | AC63: 6.626 | AD63: 76.033 | AE63: =SUM(V63:AC63) -> 76.033 | AF63: =AE63-AD63 -> 0 | AG63: =AE63-G63 -> 0.033 | AH63: =AB63-AB62 -> 1.423 | AI63: =J63+O63 -> 57.9 | BE63: =G63/31 -> 2.4516129 | BF63: =MAX(G51,G39,G27,G15,G3) -> 104.3 | BG63: =IF(G63>BF63,"RECORD","") | BI63: =O63-O62 -> -0.5
A64: 30987 | D64: 14.65 | E64: 3.5666667 | F64: =(A65-A64)*E64 -> 107 | G64: 84.3 | H64: =G64/F64 -> 0.78785047 | J64: 47.1 | N64: 916.6 | O64: 10.9 | Q64: 168 | V64: 17.521 | W64: 13.051 | X64: 16.56 | Z64: 7.781 | AA64: 10.092 | AB64: 12.75 | AC64: 6.525 | AD64: 84.28 | AE64: =SUM(V64:AC64) -> 84.28 | AF64: =AE64-AD64 -> 0 | AG64: =AE64-G64 -> -0.02 | AH64: =AB64-AB63 -> -0.74 | AI64: =J64+O64 -> 58 | BE64: =G64/30 -> 2.81 | BF64: =MAX(G52,G40,G28,G16,G4) -> 107.6 | BG64: =IF(G64>BF64,"RECORD","") | BI64: =O64-O63 -> -0.1
A65: 31017 | D65: 14.783333 | E65: 3.5645161 | F65: =(A66-A65)*E65 -> 110.5 | G65: 86.3 | H65: =G65/F65 -> 0.78099548 | J65: 47.1 | N65: 938.3 | O65: 10.9 | Q65: 234 | V65: 17.722 | W65: 13.177 | X65: 16.96 | Z65: 8.377 | AA65: 9.877 | AB65: 13.653 | AC65: 6.518 | AD65: 86.284 | AE65: =SUM(V65:AC65) -> 86.284 | AF65: =AE65-AD65 -> 0 | AG65: =AE65-G65 -> -0.016 | AH65: =AB65-AB64 -> 0.903 | AI65: =J65+O65 -> 58 | BE65: =G65/31 -> 2.783871 | BF65: =MAX(G53,G41,G29,G17,G5) -> 111.6 | BG65: =IF(G65>BF65,"RECORD","") | BI65: =O65-O64 -> 0
A66: 31048 | D66: 11.92 | E66: 3.6 | F66: =(A67-A66)*E66 -> 111.6 | G66: 82.6 | H66: =G66/F66 -> 0.74014337 | J66: 47.1 | N66: 890.9 | O66: 10.8 | Q66: 256.9 | V66: 15.793 | W66: 13.334 | X66: 16.661 | Z66: 7.381 | AA66: 9.874 | AB66: 13.377 | AC66: 6.173 | AD66: 82.593 | AE66: =SUM(V66:AC66) -> 82.593 | AF66: =AE66-AD66 -> 0 | AG66: =AE66-G66 -> -0.007 | AH66: =AB66-AB65 -> -0.276 | AI66: =J66+O66 -> 57.9 | BE66: =G66/31 -> 2.6645161 | BF66: =MAX(G54,G42,G30,G18,G6) -> 110 | BG66: =IF(G66>BF66,"RECORD","") | BI66: =O66-O65 -> -0.1
A67: 31079 | D67: 12.493333 | E67: 3.6 | F67: =(A68-A67)*E67 -> 100.8 | G67: 68.3 | H67: =G67/F67 -> 0.67757937 | J67: 46.9 | N67: 745 | O67: 10.9 | Q67: 169.8 | V67: 11.348 | W67: 11.412 | X67: 14.187 | Z67: 7.264 | AA67: 6.999 | AB67: 11.378 | AC67: 5.759 | AD67: 68.347 | AE67: =SUM(V67:AC67) -> 68.347 | AF67: =AE67-AD67 -> 0 | AG67: =AE67-G67 -> 0.047 | AH67: =AB67-AB66 -> -1.999 | AI67: =J67+O67 -> 57.8 | BE67: =G67/28 -> 2.4392857 | BF67: =MAX(G55,G43,G31,G19,G7) -> 98.9 | BG67: =IF(G67>BF67,"RECORD","") | BI67: =O67-O66 -> 0.1
A68: 31107 | D68: 11.836667 | E68: 3.6 | F68: =(A69-A68)*E68 -> 111.6 | G68: 73.8 | H68: =G68/F68 -> 0.66129032 | J68: 47.1 | N68: 817.1 | O68: 11.1 | Q68: 197.3 | V68: 13.88 | W68: 12.94 | X68: 14.667 | Z68: 6.974 | AA68: 7.218 | AB68: 11.989 | AC68: 6.116 | AD68: 73.784 | AE68: =SUM(V68:AC68) -> 73.784 | AF68: =AE68-AD68 -> 0 | AG68: =AE68-G68 -> -0.016 | AH68: =AB68-AB67 -> 0.611 | AI68: =J68+O68 -> 58.2 | BE68: =G68/31 -> 2.3806452 | BF68: =MAX(G56,G44,G32,G20,G8) -> 101.4 | BG68: =IF(G68>BF68,"RECORD","") | BI68: =O68-O67 -> 0.2
A69: 31138 | D69: 9.1466667 | E69: 3.5766667 | F69: =(A70-A69)*E69 -> 107.3 | G69: 74.1 | H69: =G69/F69 -> 0.69058714 | J69: 47.1 | N69: 820.6 | O69: 11.1 | Q69: 167.5 | V69: 13.673 | W69: 12.211 | X69: 14.737 | Z69: 6.815 | AA69: 8.439 | AB69: 12.167 | AC69: 6.052 | AD69: 74.094 | AE69: =SUM(V69:AC69) -> 74.094 | AF69: =AE69-AD69 -> 0 | AG69: =AE69-G69 -> -0.006 | AH69: =AB69-AB68 -> 0.178 | AI69: =J69+O69 -> 58.2 | BE69: =G69/30 -> 2.47 | BF69: =MAX(G57,G45,G33,G21,G9) -> 91.4 | BG69: =IF(G69>BF69,"RECORD","") | BI69: =O69-O68 -> 0
A70: 31168 | D70: 10.12 | E70: 3.5774194 | F70: =(A71-A70)*E70 -> 110.9 | G70: 79.2 | H70: =G70/F70 -> 0.7141569 | J70: 47.3 | N70: 874.1 | O70: 11 | Q70: 177.9 | V70: 15.771 | W70: 13.253 | X70: 14.896 | Z70: 6.41 | AA70: 9.046 | AB70: 13.251 | AC70: 6.552 | AD70: 79.179 | AE70: =SUM(V70:AC70) -> 79.179 | AF70: =AE70-AD70 -> 0 | AG70: =AE70-G70 -> -0.021 | AH70: =AB70-AB69 -> 1.084 | AI70: =J70+O70 -> 58.3 | BE70: =G70/31 -> 2.5548387 | BF70: =MAX(G58,G46,G34,G22,G10) -> 93.2 | BG70: =IF(G70>BF70,"RECORD","") | BI70: =O70-O69 -> -0.1
A71: 31199 | D71: 11.126667 | E71: 3.5766667 | F71: =(A72-A71)*E71 -> 107.3 | G71: 71.6 | H71: =G71/F71 -> 0.66728798 | J71: 47.2 | N71: 784.8 | O71: 11 | Q71: 184.9 | V71: 13.237 | W71: 12.398 | X71: 13.159 | Z71: 5.789 | AA71: 8.167 | AB71: 12.253 | AC71: 6.638 | AD71: 71.641 | AE71: =SUM(V71:AC71) -> 71.641 | AF71: =AE71-AD71 -> 0 | AG71: =AE71-G71 -> 0.041 | AH71: =AB71-AB70 -> -0.998 | AI71: =J71+O71 -> 58.2 | BE71: =G71/30 -> 2.3866667 | BF71: =MAX(G59,G47,G35,G23,G11) -> 81.9 | BG71: =IF(G71>BF71,"RECORD","") | BI71: =O71-O70 -> 0
A72: 31229 | D72: 10.666667 | E72: 3.5806452 | F72: =(A73-A72)*E72 -> 111 | G72: 71.3 | H72: =G72/F72 -> 0.64234234 | J72: 47 | N72: 795 | O72: 11.1 | Q72: 211.4 | V72: 13.023 | W72: 11.159 | X72: 13.953 | Z72: 5.81 | AA72: 7.159 | AB72: 13.115 | AC72: 7.059 | AD72: 71.278 | AE72: =SUM(V72:AC72) -> 71.278 | AF72: =AE72-AD72 -> 0 | AG72: =AE72-G72 -> -0.022 | AH72: =AB72-AB71 -> 0.862 | AI72: =J72+O72 -> 58.1 | BE72: =G72/31 -> 2.3 | BF72: =MAX(G60,G48,G36,G24,G12) -> 84.1 | BG72: =IF(G72>BF72,"RECORD","") | BI72: =O72-O71 -> 0.1
A73: 31260 | D73: 9.7866667 | E73: 3.5806452 | F73: =(A74-A73)*E73 -> 111 | G73: 67.7 | H73: =G73/F73 -> 0.60990991 | J73: 47.1 | N73: 761.3 | O73: 11.2 | Q73: 191 | V73: 12.329 | W73: 10.612 | X73: 13.069 | Z73: 5.901 | AA73: 7.223 | AB73: 12.115 | AC73: 6.496 | AD73: 67.745 | AE73: =SUM(V73:AC73) -> 67.745 | AF73: =AE73-AD73 -> 0 | AG73: =AE73-G73 -> 0.045 | AH73: =AB73-AB72 -> -1 | AI73: =J73+O73 -> 58.3 | BE73: =G73/31 -> 2.183871 | BF73: =MAX(G61,G49,G37,G25,G13) -> 85 | BG73: =IF(G73>BF73,"RECORD","") | BI73: =O73-O72 -> 0.1
A74: 31291 | D74: 11.413333 | E74: 3.58 | F74: =(A75-A74)*E74 -> 107.4 | G74: 65.1 | H74: =G74/F74 -> 0.60614525 | J74: 47.2 | N74: 728.2 | O74: 11.2 | Q74: 175.6 | V74: 12.334 | W74: 10.59 | X74: 11.734 | Z74: 5.164 | AA74: 8.116 | AB74: 11.745 | AC74: 5.439 | AD74: 65.122 | AE74: =SUM(V74:AC74) -> 65.122 | AF74: =AE74-AD74 -> 0 | AG74: =AE74-G74 -> 0.022 | AH74: =AB74-AB73 -> -0.37 | AI74: =J74+O74 -> 58.4 | BE74: =G74/30 -> 2.17 | BF74: =MAX(G62,G50,G38,G26,G14,G2) -> 86.1 | BG74: =IF(G74>BF74,"RECORD","") | BI74: =O74-O73 -> 0
A75: 31321 | D75: 13.94 | E75: 3.6 | F75: =(A76-A75)*E75 -> 111.6 | G75: 80.4 | H75: =G75/F75 -> 0.72043011 | J75: 47.1 | N75: 886 | O75: 11 | Q75: 158.4 | V75: 16.557 | W75: 13.481 | X75: 14.718 | Z75: 6.789 | AA75: 9.531 | AB75: 12.991 | AC75: 6.338 | AD75: 80.405 | AE75: =SUM(V75:AC75) -> 80.405 | AF75: =AE75-AD75 -> 0 | AG75: =AE75-G75 -> 0.005 | AH75: =AB75-AB74 -> 1.246 | AI75: =J75+O75 -> 58.1 | BE75: =G75/31 -> 2.5935484 | BF75: =MAX(G63,G51,G39,G27,G15,G3) -> 104.3 | BG75: =IF(G75>BF75,"RECORD","") | BI75: =O75-O74 -> -0.2
A76: 31352 | D76: 13.856667 | E76: 3.6 | F76: =(A77-A76)*E76 -> 108 | G76: 82.8 | H76: =G76/F76 -> 0.76666667 | J76: 47.3 | N76: 902.4 | O76: 10.9 | Q76: 246 | V76: 16.279 | W76: 14.339 | X76: 15.62 | Z76: 7.378 | AA76: 10.111 | AB76: 12.564 | AC76: 6.484 | AD76: 82.775 | AE76: =SUM(V76:AC76) -> 82.775 | AF76: =AE76-AD76 -> 0 | AG76: =AE76-G76 -> -0.025 | AH76: =AB76-AB75 -> -0.427 | AI76: =J76+O76 -> 58.2 | BE76: =G76/30 -> 2.76 | BF76: =MAX(G64,G52,G40,G28,G16,G4) -> 107.6 | BG76: =IF(G76>BF76,"RECORD","") | BI76: =O76-O75 -> -0.1
A77: 31382 | D77: 15.171667 | E77: 3.5992903 | F77: =(A78-A77)*E77 -> 111.578 | G77: 85.675 | H77: =G77/F77 -> 0.7678485 | I77: 2020.01 | J77: 47.16 | L77: 473.554 | N77: 932.518 | O77: 10.88 | Q77: 326.371 | V77: 16.763 | W77: 14.859 | X77: 16.032 | Z77: 7.173 | AA77: 10.288 | AB77: 13.932 | AC77: 6.628 | AD77: 85.675 | AE77: =SUM(V77:AC77) -> 85.675 | AF77: =AE77-AD77 -> 0 | AG77: =AE77-G77 -> 0 | AH77: =AB77-AB76 -> 1.368 | AI77: =J77+O77 -> 58.04 | BE77: =G77/31 -> 2.7637097 | BF77: =MAX(G65,G53,G41,G29,G17,G5) -> 111.6 | BG77: =IF(G77>BF77,"RECORD","") | BI77: =O77-O76 -> -0.02
A78: 31413 | D78: 14.767 | E78: 3.6370323 | F78: =(A79-A78)*E78 -> 112.748 | G78: 84.853 | H78: =G78/F78 -> 0.75258985 | I78: 1996.871 | J78: 47.07 | L78: 397.472 | N78: 927.608 | O78: 10.93 | Q78: 371.24 | V78: 15.423 | W78: 15.164 | X78: 17.575 | Z78: 7.015 | AA78: 10.632 | AB78: 12.933 | AC78: 6.111 | AD78: 84.853 | AE78: =SUM(V78:AC78) -> 84.853 | AF78: =AE78-AD78 -> 0 | AG78: =AE78-G78 -> 0 | AH78: =AB78-AB77 -> -0.999 | AI78: =J78+O78 -> 58 | BE78: =G78/31 -> 2.7371935 | BF78: =MAX(G66,G54,G42,G30,G18,G6) -> 110 | BG78: =IF(G78>BF78,"RECORD","") | BH78: =AVERAGE(O66-O65,O54-O53,O42-O41,O30-O29,O18-O17) -> 0.04 | BI78: =O78-O77 -> 0.05
A79: 31444 | D79: 11.935667 | E79: 3.6370357 | F79: =(A80-A79)*E79 -> 101.837 | G79: 69.471 | H79: =G79/F79 -> 0.68217838 | I79: 1640.404 | J79: 47.23 | L79: 390.687 | N79: 762.377 | O79: 10.97 | Q79: 341.976 | V79: 11.875 | W79: 12.35 | X79: 13.077 | Z79: 6.688 | AA79: 8.365 | AB79: 11.299 | AC79: 5.819 | AD79: 69.473 | AE79: =SUM(V79:AC79) -> 69.473 | AF79: =AE79-AD79 -> 0 | AG79: =AE79-G79 -> 0.002 | AH79: =AB79-AB78 -> -1.634 | AI79: =J79+O79 -> 58.2 | BE79: =G79/28 -> 2.4811071 | BF79: =MAX(G67,G55,G43,G31,G19,G7) -> 98.9 | BG79: =IF(G79>BF79,"RECORD","") | BH79: =AVERAGE(O67-O66,O55-O54,O43-O42,O31-O30,O19-O18) -> 0.08 | BI79: =O79-O78 -> 0.04
A80: 31472 | D80: 13.263667 | E80: 3.6370323 | F80: =(A81-A80)*E80 -> 112.748 | G80: 78.363 | H80: =G80/F80 -> 0.69502785 | I80: 1845.92 | J80: 47.11 | L80: 323.444 | N80: 861.737 | O80: 11 | Q80: 392.905 | V80: 14.358 | W80: 14.285 | X80: 15.175 | Z80: 6.753 | AA80: 8.931 | AB80: 12.631 | AC80: 6.23 | AD80: 78.363 | AE80: =SUM(V80:AC80) -> 78.363 | AF80: =AE80-AD80 -> 0 | AG80: =AE80-G80 -> 0 | AH80: =AB80-AB79 -> 1.332 | AI80: =J80+O80 -> 58.11 | BE80: =G80/31 -> 2.5278387 | BF80: =MAX(G68,G56,G44,G32,G20,G8) -> 101.4 | BG80: =IF(G80>BF80,"RECORD","") | BH80: =AVERAGE(O68-O67,O56-O55,O44-O43,O32-O31,O20-O19) -> 0.06 | BI80: =O80-O79 -> 0.03
A81: 31503 | D81: 11.988 | E81: 3.6212667 | F81: =(A82-A81)*E81 -> 108.638 | G81: 72.442 | H81: =G81/F81 -> 0.66682008 | I81: 1722.072 | J81: 47.54 | L81: 312.976 | N81: 790.928 | O81: 10.92 | Q81: 366.113 | V81: 12.445 | W81: 14.021 | X81: 14.963 | Z81: 6.151 | AA81: 8.929 | AB81: 10.499 | AC81: 5.432 | AD81: 72.44 | AE81: =SUM(V81:AC81) -> 72.44 | AF81: =AE81-AD81 -> 0 | AG81: =AE81-G81 -> -0.002 | AH81: =AB81-AB80 -> -2.132 | AI81: =J81+O81 -> 58.46 | BE81: =G81/30 -> 2.4147333 | BF81: =MAX(G69,G57,G45,G33,G21,G9) -> 91.4 | BG81: =IF(G81>BF81,"RECORD","") | BH81: =AVERAGE(O69-O68,O57-O56,O45-O44,O33-O32,O21-O20) -> 0.04 | BI81: =O81-O80 -> -0.08
A82: 31533 | D82: 11.243 | E82: 3.6212581 | F82: =(A83-A82)*E82 -> 112.259 | G82: 75.027 | H82: =G82/F82 -> 0.6683384 | I82: 1775.059 | J82: 47.32 | L82: 297.91 | N82: 830.104 | O82: 11.06 | Q82: 498.344 | V82: 11.564 | W82: 14.794 | X82: 14.629 | Z82: 6.327 | AA82: 9.879 | AB82: 11.768 | AC82: 6.066 | AD82: 75.027 | AE82: =SUM(V82:AC82) -> 75.027 | AF82: =AE82-AD82 -> 0 | AG82: =AE82-G82 -> 0 | AH82: =AB82-AB81 -> 1.269 | AI82: =J82+O82 -> 58.38 | BE82: =G82/31 -> 2.4202258 | BF82: =MAX(G70,G58,G46,G34,G22,G10) -> 93.2 | BG82: =IF(G82>BF82,"RECORD","") | BH82: =AVERAGE(O70-O69,O58-O57,O46-O45,O34-O33,O22-O21) -> -0.02 | BI82: =O82-O81 -> 0.14
A83: 31564 | D83: 12.924667 | E83: 3.6212667 | F83: =(A84-A83)*E83 -> 108.638 | G83: 66.662 | H83: =G83/F83 -> 0.61361586 | I83: 1570.937 | J83: 47.13 | L83: 250.449 | N83: 755.117 | O83: 11.33 | Q83: 422.681 | V83: 10.83 | W83: 11.973 | X83: 12.501 | Z83: 4.475 | AA83: 9.433 | AB83: 11.383 | AC83: 5.968 | AD83: 66.563 | AE83: =SUM(V83:AC83) -> 66.563 | AF83: =AE83-AD83 -> 0 | AG83: =AE83-G83 -> -0.099 | AH83: =AB83-AB82 -> -0.385 | AI83: =J83+O83 -> 58.46 | BE83: =G83/30 -> 2.2220667 | BF83: =MAX(G71,G59,G47,G35,G23,G11) -> 81.9 | BG83: =IF(G83>BF83,"RECORD","") | BH83: =AVERAGE(O71-O70,O59-O58,O47-O46,O35-O34,O23-O22) -> 0.02 | BI83: =O83-O82 -> 0.27
A84: 31594 | D84: 10.280667 | E84: 3.6370645 | F84: =(A85-A84)*E84 -> 112.749 | G84: 72.816 | H84: =G84/F84 -> 0.64582391 | I84: 1720.821 | J84: 47.26 | L84: 297.641 | N84: 787.797 | O84: 10.81 | Q84: 455.936 | V84: 13.362 | W84: 12.329 | X84: 14.032 | Z84: 5.262 | AA84: 8.702 | AB84: 13.227 | AC84: 5.903 | AD84: 72.817 | AE84: =SUM(V84:AC84) -> 72.817 | AF84: =AE84-AD84 -> 0 | AG84: =AE84-G84 -> 0.001 | AH84: =AB84-AB83 -> 1.844 | AI84: =J84+O84 -> 58.07 | BE84: =G84/31 -> 2.3489032 | BF84: =MAX(G72,G60,G48,G36,G24,G12) -> 84.1 | BG84: =IF(G84>BF84,"RECORD","") | BH84: =AVERAGE(O72-O71,O60-O59,O48-O47,O36-O35,O24-O23) -> 0.1 | BI84: =O84-O83 -> -0.52
A85: 31625 | D85: 8.6173333 | E85: 3.6370645 | F85: =(A86-A85)*E85 -> 112.749 | G85: 69.816 | H85: =G85/F85 -> 0.61921613 | I85: 1658.531 | J85: 47.51 | L85: 207.668 | N85: 767.611 | O85: 10.99 | Q85: 383.873 | V85: 10.743 | W85: 13.675 | X85: 13.002 | Z85: 5.303 | AA85: 8.72 | AB85: 12.094 | AC85: 6.339 | AD85: 69.876 | AE85: =SUM(V85:AC85) -> 69.876 | AF85: =AE85-AD85 -> 0 | AG85: =AE85-G85 -> 0.06 | AH85: =AB85-AB84 -> -1.133 | AI85: =J85+O85 -> 58.5 | BE85: =G85/31 -> 2.252129 | BF85: =MAX(G73,G61,G49,G37,G25,G13) -> 85 | BG85: =IF(G85>BF85,"RECORD","") | BH85: =AVERAGE(O73-O72,O61-O60,O49-O48,O37-O36,O25-O24) -> 0.04 | BI85: =O85-O84 -> 0.18
A86: 31656 | D86: 10.115333 | E86: 3.6370667 | F86: =(A87-A86)*E86 -> 109.112 | G86: 69.298 | H86: =G86/F86 -> 0.63510888 | I86: 1637.948 | J86: 47.27 | L86: 222.688 | N86: 775.989 | O86: 11.19 | Q86: 303.118 | V86: 13.121 | W86: 11.604 | X86: 12.072 | Z86: 4.414 | AA86: 8.745 | AB86: 13.129 | AC86: 6.214 | AD86: 69.299 | AE86: =SUM(V86:AC86) -> 69.299 | AF86: =AE86-AD86 -> 0 | AG86: =AE86-G86 -> 0.001 | AH86: =AB86-AB85 -> 1.035 | AI86: =J86+O86 -> 58.46 | BE86: =G86/30 -> 2.3099333 | BF86: =MAX(G74,G62,G50,G38,G26,G14,G2) -> 86.1 | BG86: =IF(G86>BF86,"RECORD","") | BH86: =AVERAGE(O74-O73,O62-O61,O50-O49,O38-O37,O26-O25) -> -0.04 | BI86: =O86-O85 -> 0.2
A87: 31686 | D87: 14.333333 | E87: 3.6007097 | F87: =(A88-A87)*E87 -> 111.622 | G87: 92.69 | H87: =G87/F87 -> 0.83039186 | I87: 2163.98 | J87: 46.69 | L87: 433.421 | N87: 1009.196 | O87: 10.89 | Q87: 367.661 | V87: 17.018 | W87: 16.024 | X87: 17.527 | Z87: 8.876 | AA87: 9.898 | AB87: 16.505 | AC87: 6.842 | AD87: 92.69 | AE87: =SUM(V87:AC87) -> 92.69 | AF87: =AE87-AD87 -> 0 | AG87: =AE87-G87 -> 0 | AH87: =AB87-AB86 -> 3.376 | AI87: =J87+O87 -> 57.58 | BE87: =G87/31 -> 2.99 | BF87: =MAX(G75,G63,G51,G39,G27,G15,G3) -> 104.3 | BG87: =IF(G87>BF87,"RECORD","") | BH87: =AVERAGE(O75-O74,O63-O62,O51-O50,O39-O38,O27-O26) -> -0.14 | BI87: =O87-O86 -> -0.3
A88: 31717 | D88: 14.324 | E88: 3.6007 | F88: =(A89-A88)*E88 -> 108.021 | G88: 95.056 | H88: =G88/F88 -> 0.87997704 | I88: 2226.224 | J88: 46.84 | L88: 523.53 | N88: 1019.74 | O88: 10.72 | Q88: 537.169 | V88: 17.079 | W88: 15.683 | X88: 17.552 | Z88: 9.97 | AA88: 11.738 | AB88: 16.33 | AC88: 6.703 | AD88: 95.055 | AE88: =SUM(V88:AC88) -> 95.055 | AF88: =AE88-AD88 -> 0 | AG88: =AE88-G88 -> -0.001 | AH88: =AB88-AB87 -> -0.175 | AI88: =J88+O88 -> 57.56 | BE88: =G88/30 -> 3.1685333 | BF88: =MAX(G76,G64,G52,G40,G28,G16,G4) -> 107.6 | BG88: =IF(G88>BF88,"RECORD","") | BH88: =AVERAGE(O76-O75,O64-O63,O52-O51,O40-O39,O28-O27) -> -0.18 | BI88: =O88-O87 -> -0.17
A89: 31747 | D89: 14.518333 | E89: 3.6007097 | F89: =(A90-A89)*E89 -> 111.622 | G89: 93.115 | H89: =G89/F89 -> 0.83419935 | I89: 2173.639 | J89: 46.69 | L89: 468.102 | N89: 997.604 | O89: 10.71 | Q89: 605.658 | V89: 16.157 | W89: 15.395 | X89: 16.994 | Z89: 9.881 | AA89: 12.2 | AB89: 15.704 | AC89: 6.784 | AD89: 93.115 | AE89: =SUM(V89:AC89) -> 93.115 | AF89: =AE89-AD89 -> 0 | AG89: =AE89-G89 -> 0 | AH89: =AB89-AB88 -> -0.626 | AI89: =J89+O89 -> 57.4 | BE89: =G89/31 -> 3.0037097 | BF89: =MAX(G77,G65,G53,G41,G29,G17,G5) -> 111.6 | BG89: =IF(G89>BF89,"RECORD","") | BH89: =AVERAGE(O77-O76,O65-O64,O53-O52,O41-O40,O29-O28) -> -0.004 | BI89: =O89-O88 -> -0.01
A90: 31778 | D90: 14.397333 | E90: 3.6962581 | F90: =(A91-A90)*E90 -> 114.584 | G90: 95.866 | H90: =G90/F90 -> 0.83664386 | I90: 2253.549 | J90: 47.01 | L90: 496.496 | N90: 1033.348 | O90: 10.78 | Q90: 747.851 | V90: 16.028 | W90: 16.533 | X90: 17.502 | Z90: 10.541 | AA90: 11.82 | AB90: 15.517 | AC90: 7.926 | AD90: 95.867 | AE90: =SUM(V90:AC90) -> 95.867 | AF90: =AE90-AD90 -> 0 | AG90: =AE90-G90 -> 0.001 | AH90: =AB90-AB89 -> -0.187 | AI90: =J90+O90 -> 57.79 | BE90: =G90/31 -> 3.0924516 | BF90: =MAX(G78,G66,G54,G42,G30,G18,G6) -> 110 | BG90: =IF(G90>BF90,"RECORD","") | BH90: =AVERAGE(O78-O77,O66-O65,O54-O53,O42-O41,O30-O29) -> 0.05 | BI90: =O90-O89 -> 0.07
A91: 31809 | D91: 13.937 | E91: 3.6962857 | F91: =(A92-A91)*E91 -> 103.496 | G91: 88.333 | H91: =G91/F91 -> 0.85349192 | I91: 2081.76 | J91: 47.13 | L91: 587.959 | N91: 960.094 | O91: 10.87 | Q91: 864.138 | V91: 15.414 | W91: 14.738 | X91: 16.43 | Z91: 9.116 | AA91: 10.744 | AB91: 14.85 | AC91: 7.041 | AD91: 88.333 | AE91: =SUM(V91:AC91) -> 88.333 | AF91: =AE91-AD91 -> 0 | AG91: =AE91-G91 -> 0 | AH91: =AB91-AB90 -> -0.667 | AI91: =J91+O91 -> 58 | BE91: =G91/28 -> 3.15475 | BF91: =MAX(G79,G67,G55,G43,G31,G19,G7) -> 98.9 | BG91: =IF(G91>BF91,"RECORD","") | BH91: =AVERAGE(O79-O78,O67-O66,O55-O54,O43-O42,O31-O30) -> 0.048 | BI91: =O91-O90 -> 0.09
A92: 31837 | D92: 13.623 | E92: 3.6962581 | F92: =(A93-A92)*E92 -> 114.584 | G92: 92.367 | H92: =G92/F92 -> 0.80610731 | I92: 2167.316 | J92: 46.93 | L92: 496.997 | N92: 1002.444 | O92: 10.85 | Q92: 864.411 | V92: 15.737 | W92: 15.784 | X92: 17.803 | Z92: 9.127 | AA92: 11.037 | AB92: 15.372 | AC92: 7.507 | AD92: 92.367 | AE92: =SUM(V92:AC92) -> 92.367 | AF92: =AE92-AD92 -> 0 | AG92: =AE92-G92 -> 0 | AH92: =AB92-AB91 -> 0.522 | AI92: =J92+O92 -> 57.78 | BE92: =G92/31 -> 2.9795806 | BF92: =MAX(G80,G68,G56,G44,G32,G20,G8) -> 101.4 | BG92: =IF(G92>BF92,"RECORD","") | BH92: =AVERAGE(O80-O79,O68-O67,O56-O55,O44-O43,O32-O31) -> 0.066 | BI92: =O92-O91 -> -0.02
A93: 31868 | D93: 12.678 | E93: 3.7220333 | F93: =(A94-A93)*E93 -> 111.661 | G93: 83.232 | H93: =G93/F93 -> 0.74539902 | I93: 1964.562 | J93: 47.2 | L93: 334.671 | N93: 913.245 | O93: 10.97 | Q93: 923.365 | V93: 12.421 | W93: 14.55 | X93: 17.254 | Z93: 6.637 | AA93: 10.43 | AB93: 14.958 | AC93: 6.981 | AD93: 83.231 | AE93: =SUM(V93:AC93) -> 83.231 | AF93: =AE93-AD93 -> 0 | AG93: =AE93-G93 -> -0.001 | AH93: =AB93-AB92 -> -0.414 | AI93: =J93+O93 -> 58.17 | BE93: =G93/30 -> 2.7744 | BF93: =MAX(G81,G69,G57,G45,G33,G21,G9) -> 91.4 | BG93: =IF(G93>BF93,"RECORD","") | BH93: =AVERAGE(O81-O80,O69-O68,O57-O56,O45-O44,O33-O32) -> 0.004 | BI93: =O93-O92 -> 0.12
A94: 31898 | D94: 14.246 | E94: 3.7220645 | F94: =(A95-A94)*E94 -> 115.384 | G94: 81.074 | H94: =G94/F94 -> 0.70264508 | I94: 1908.635 | J94: 47.08 | L94: 320.228 | N94: 883.618 | O94: 10.9 | Q94: 946.659 | V94: 14.426 | W94: 13.092 | X94: 15.591 | Z94: 4.172 | AA94: 11.415 | AB94: 14.121 | AC94: 8.258 | AD94: 81.075 | AE94: =SUM(V94:AC94) -> 81.075 | AF94: =AE94-AD94 -> 0 | AG94: =AE94-G94 -> 0.001 | AH94: =AB94-AB93 -> -0.837 | AI94: =J94+O94 -> 57.98 | BE94: =G94/31 -> 2.6152903 | BF94: =MAX(G82,G70,G58,G46,G34,G22,G10) -> 93.2 | BG94: =IF(G94>BF94,"RECORD","") | BH94: =AVERAGE(O82-O81,O70-O69,O58-O57,O46-O45,O34-O33) -> 0.028 | BI94: =O94-O93 -> -0.07
A95: 31929 | D95: 14.683333 | E95: 3.7220333 | F95: =(A96-A95)*E95 -> 111.661 | G95: 75.92 | H95: =G95/F95 -> 0.6799151 | I95: 1763.07 | J95: 46.45 | L95: 265.556 | N95: 826.992 | O95: 10.89 | Q95: 965.616 | V95: 11.428 | W95: 14.077 | X95: 13.102 | Z95: 5.278 | AA95: 9.155 | AB95: 15.072 | AC95: 7.806 | AD95: 75.918 | AE95: =SUM(V95:AC95) -> 75.918 | AF95: =AE95-AD95 -> 0 | AG95: =AE95-G95 -> -0.002 | AH95: =AB95-AB94 -> 0.951 | AI95: =J95+O95 -> 57.34 | BE95: =G95/30 -> 2.5306667 | BF95: =MAX(G83,G71,G59,G47,G35,G23,G11) -> 81.9 | BG95: =IF(G95>BF95,"RECORD","") | BH95: =AVERAGE(O83-O82,O71-O70,O59-O58,O47-O46,O35-O34) -> 0.054 | BI95: =O95-O94 -> -0.01
A96: 31959 | D96: 11.735667 | E96: 3.7504839 | F96: =(A97-A96)*E96 -> 116.265 | G96: 80.851 | H96: =G96/F96 -> 0.69540274 | I96: 1901.205 | J96: 47.03 | L96: 256.219 | N96: 885.946 | O96: 10.96 | Q96: 910.043 | V96: 13.668 | W96: 14.261 | X96: 13.776 | Z96: 6.267 | AA96: 10.624 | AB96: 15.052 | AC96: 7.203 | AD96: 80.851 | AE96: =SUM(V96:AC96) -> 80.851 | AF96: =AE96-AD96 -> 0 | AG96: =AE96-G96 -> 0 | AH96: =AB96-AB95 -> -0.02 | AI96: =J96+O96 -> 57.99 | BE96: =G96/31 -> 2.6080968 | BF96: =MAX(G84,G72,G60,G48,G36,G24,G12) -> 84.1 | BG96: =IF(G96>BF96,"RECORD","") | BH96: =AVERAGE(O84-O83,O72-O71,O60-O59,O48-O47,O36-O35) -> -0.004 | BI96: =O96-O95 -> 0.07
A97: 31990 | D97: 6.7996667 | E97: 3.7504839 | F97: =(A98-A97)*E97 -> 116.265 | G97: 75.577 | H97: =G97/F97 -> 0.65004085 | I97: 1787.38 | J97: 47.29 | L97: 174.307 | N97: 832.449 | O97: 11.01 | Q97: 766.604 | V97: 11.338 | W97: 13.476 | X97: 12.651 | Z97: 5.711 | AA97: 10.583 | AB97: 14.9 | AC97: 6.918 | AD97: 75.577 | AE97: =SUM(V97:AC97) -> 75.577 | AF97: =AE97-AD97 -> 0 | AG97: =AE97-G97 -> 0 | AH97: =AB97-AB96 -> -0.152 | AI97: =J97+O97 -> 58.3 | BE97: =G97/31 -> 2.4379677 | BF97: =MAX(G85,G73,G61,G49,G37,G25,G13) -> 85 | BG97: =IF(G97>BF97,"RECORD","") | BH97: =AVERAGE(O85-O84,O73-O72,O61-O60,O49-O48,O37-O36) -> 0.056 | BI97: =O97-O96 -> 0.05
A98: 32021 | D98: 8.9933333 | E98: 3.7502 | F98: =(A99-A98)*E98 -> 112.506 | G98: 70.68 | H98: =G98/F98 -> 0.62823316 | I98: 1674.867 | J98: 47.39 | L98: 130.857 | N98: 782.52 | O98: 11.07 | Q98: 630.923 | V98: 12.292 | W98: 10.299 | X98: 11.856 | Z98: 4.692 | AA98: 9.602 | AB98: 15.18 | AC98: 6.758 | AD98: 70.679 | AE98: =SUM(V98:AC98) -> 70.679 | AF98: =AE98-AD98 -> 0 | AG98: =AE98-G98 -> -0.001 | AH98: =AB98-AB97 -> 0.28 | AI98: =J98+O98 -> 58.46 | BE98: =G98/30 -> 2.356 | BF98: =MAX(G86,G74,G62,G50,G38,G26,G14,G2) -> 86.1 | BG98: =IF(G98>BF98,"RECORD","") | BH98: =AVERAGE(O86-O85,O74-O73,O62-O61,O50-O49,O38-O37) -> 0.02 | BI98: =O98-O97 -> 0.06
A99: 32051 | D99: 15.136667 | E99: 3.8111935 | F99: =(A100-A99)*E99 -> 118.147 | G99: 87.36 | H99: =G99/F99 -> 0.73941784 | I99: 2076.469 | J99: 47.54 | L99: 365.138 | N99: 939.696 | O99: 10.76 | Q99: 650.028 | V99: 13.958 | W99: 15.702 | X99: 16.276 | Z99: 6.589 | AA99: 10.692 | AB99: 17.037 | AC99: 7.106 | AD99: 87.36 | AE99: =SUM(V99:AC99) -> 87.36 | AF99: =AE99-AD99 -> 0 | AG99: =AE99-G99 -> 0 | AH99: =AB99-AB98 -> 1.857 | AI99: =J99+O99 -> 58.3 | BE99: =G99/31 -> 2.8180645 | BF99: =MAX(G87,G75,G63,G51,G39,G27,G15,G3) -> 104.3 | BG99: =IF(G99>BF99,"RECORD","") | BH99: =AVERAGE(O87-O86,O75-O74,O63-O62,O51-O50,O39-O38) -> -0.1 | BI99: =O99-O98 -> -0.31
A100: 32082 | D100: 15.790333 | E100: 3.8112 | F100: =(A101-A100)*E100 -> 114.336 | G100: 95.403 | H100: =G100/F100 -> 0.83440911 | I100: 2275.133 | J100: 47.7 | L100: 578.75 | N100: 1041.613 | O100: 10.92 | Q100: 741.894 | V100: 16.531 | W100: 16.91 | X100: 15.232 | Z100: 8.56 | AA100: 13.285 | AB100: 18.109 | AC100: 6.775 | AD100: 95.402 | AE100: =SUM(V100:AC100) -> 95.402 | AF100: =AE100-AD100 -> 0 | AG100: =AE100-G100 -> -0.001 | AH100: =AB100-AB99 -> 1.072 | AI100: =J100+O100 -> 58.62 | BE100: =G100/30 -> 3.1801 | BF100: =MAX(G88,G76,G64,G52,G40,G28,G16,G4) -> 107.6 | BG100: =IF(G100>BF100,"RECORD","") | BH100: =AVERAGE(O88-O87,O76-O75,O64-O63,O52-O51,O40-O39) -> -0.154 | BI100: =O100-O99 -> 0.16
...

Sheet NASS Crush
B1: United States | AI1: Illinois | AT1: Iowa | BE1: North and East (Indiana, Kentucky, Maryland, Ohio, Pennsylvania & Virginia) | BP1: North Central (Michigan, Minnesota, North Dakota & South Dakota) | CA1: South, West & Pacific (Alabama, Arkansas, California, Georgia, Louisiana, North Carolina & South Carolina) | CL1: West Central (Kansas, Missouri & Nebraska) | CX1: Check | DE1: CANOLA | DT1: COTTONSEED
B2: Soybeans | F2: Soybean Meal | M2: Millfeed | O2: Soybean Oil | Y2: Meal + Oil | AI2: Soybeans | AK2: Soybean Meal | AO2: Soybean Oil | AS2: Meal + Oil | AT2: Soybeans | AV2: Soybean Meal | AZ2: Soybean Oil | BD2: Meal + Oil | BE2: Soybeans | BG2: Soybean Meal | BK2: Soybean Oil | BO2: Meal + Oil | BP2: Soybeans | BR2: Soybean Meal | BV2: Soybean Oil | BZ2: Meal + Oil | CA2: Soybeans | CC2: Soybean Meal | CG2: Soybean Oil | CK2: Meal + Oil | CL2: Soybeans | CN2: Soybean Meal | CR2: Soybean Oil | CV2: Meal + Oil | CX2: Soybeans | CY2: Soybean Meal | DA2: Soybean Oil | DE2: Canola | DF2: Canola Meal | DI2: Canola Oil | DR2: Meal + Oil | DT2: Cottonseed | DU2: Cottonseed Meal | DX2: Cottonseed Oil | EG2: Meal + Oil | EJ2: Avg Daily
B3: Crush | C3: Crush | D3: Difference w/ NOPA | E3: Non-NOPA Crush Percentage | F3: Soybean Meal Production | G3: Meal Used for Animal Feed | H3: Meal Used for Edible Protein Products | I3: Soybean Meal Stocks | J3: Yield | K3: Yield w/hulls | L3: less NOPA | M3: Soybean Millfeed Production | N3: Soybean Millfeed Stocks | O3: Soybean Oil Production | P3: Soybean Oil Crude Stocks | Q3: Soybean Oil Crusher Stocks | R3: Soybean Oil Refiner Stocks | S3: Soybean Oil Offsite Stocks | T3: Soybean Oil Refined Stocks | U3: Difference w/ NOPA | W3: Yield | X3: less NOPA | Y3: Yield | Z3: Soybean Oil Processed | AA3: Soybean Oil Refined Production | AB3: Refining Loss | AC3: Soybean Oil Inedible Crude Use | AD3: Soybean Oil Refined Processed | AE3: Soybean Oil Edible Refined Use | AF3: Soybean Oil Inedible Refined Use | AG3: Further Refined Percent | AI3: Crush | AJ3: Crush | AK3: Production | AL3: Stocks | AM3: Yield | AN3: less US | AO3: Production | AP3: Crude Stocks | AQ3: Yield | AR3: less US | AS3: Yield | AT3: Crush | AU3: Crush | AV3: Production | AW3: Stocks | AX3: Yield | AY3: less US | AZ3: Production | BA3: Crude Stocks | BB3: Yield | BC3: less US | BD3: Yield | BE3: Crush | BF3: Crush | BG3: Production | BH3: Stocks | BI3: Yield | BJ3: less US | BK3: Production | BL3: Crude Stocks | BM3: Yield | BN3: less US | BO3: Yield | BP3: Crush | BQ3: Crush | BR3: Production | BS3: Stocks | BT3: Yield | BU3: less US | BV3: Production | BW3: Crude Stocks | BX3: Yield | BY3: less US | BZ3: Yield | CA3: Crush | CB3: Crush | CC3: Production | CD3: Stocks | CE3: Yield | CF3: less US | CG3: Production | CH3: Crude Stocks | CI3: Yield | CJ3: less US | CK3: Yield | CL3: Crush | CM3: Crush | CN3: Production | CO3: Stocks | CP3: Yield | CQ3: less US | CR3: Production | CS3: Crude Stocks | CT3: Yield | CU3: less US | CV3: Yield | CX3: Crush | CY3: Production | CZ3: Stocks | DA3: Production | DB3: Crude Stocks | DC3: Total Stocks | DE3: Crush | DF3: Production | DG3: Stocks | DH3: Yield | DI3: Crude Production | DJ3: Yield | DK3: Processed | DL3: Refined Production | DM3: Refining Loss | DN3: Refined Usage | DO3: Crude Stocks | DP3: Refined Stocks | DQ3: Total Stocks | DR3: Yield | DS3: Processed/Production | DT3: Crush | DU3: Production | DV3: Stocks | DW3: Yield | DX3: Crude Production | DY3: Yield | DZ3: Processed | EA3: Refined Production | EB3: Refining Loss | EC3: Refined Usage | ED3: Crude Stocks | EE3: Refined Stocks | EF3: Total Stocks | EG3: Yield | EJ3: Average Daily Soybean Crush | EK3: Estimated Soy Capacity | EL3: Soybean Capacity Utilization | EM3: Average Daily Canola Crush | EN3: Average Daily Cottonseed Crush | EO3: Average Daily Combined Oilseed Crush
A4: 42095 | B4: 1,000 tons | C4: mil bu | D4: mil bu | E4: % | F4: tons | I4: tons | J4: lbs/bu | K4: lbs/bu | L4: lbs/bu | M4: short tons | N4: short tons | O4: mil lbs | P4: mil lbs | Q4: mil lbs | R4: mil lbs | S4: mil lbs | T4: mil lbs | U4: mil lbs | V4: % | W4: lbs/bu | X4: lbs/bu | Y4: lbs/bu | Z4: mil lbs | AA4: mil lbs | AB4: % | AC4: mil lbs | AD4: mil lbs | AE4: mil lbs | AF4: mil lbs | AI4: 1,000 tons | AJ4: mil bu | AK4: tons | AL4: tons | AM4: lbs/bu | AN4: lbs/bu | AO4: mil lbs | AP4: mil lbs | AQ4: lbs/bu | AR4: lbs/bu | AS4: lbs/bu | AT4: 1,000 tons | AU4: mil bu | AV4: tons | AW4: tons | AX4: lbs/bu | AY4: lbs/bu | AZ4: mil lbs | BA4: mil lbs | BB4: lbs/bu | BC4: lbs/bu | BD4: lbs/bu | BE4: 1,000 tons | BF4: mil bu | BG4: tons | BH4: tons | BI4: lbs/bu | BJ4: lbs/bu | BK4: mil lbs | BL4: mil lbs | BM4: lbs/bu | BN4: lbs/bu | BO4: lbs/bu | BP4: 1,000 tons | BQ4: mil bu | BR4: tons | BS4: tons | BT4: lbs/bu | BU4: lbs/bu | BV4: mil lbs | BW4: mil lbs | BX4: lbs/bu | BY4: lbs/bu | BZ4: lbs/bu | CA4: 1,000 tons | CB4: mil bu | CC4: tons | CD4: tons | CE4: lbs/bu | CF4: lbs/bu | CG4: mil lbs | CH4: mil lbs | CI4: lbs/bu | CJ4: lbs/bu | CK4: lbs/bu | CL4: 1,000 tons | CM4: mil bu | CN4: tons | CO4: tons | CP4: lbs/bu | CQ4: lbs/bu | CR4: mil lbs | CS4: mil lbs | CT4: lbs/bu | CU4: lbs/bu | CV4: lbs/bu | CX4: mil bu | CY4: tons | CZ4: tons | DA4: mil lbs | DB4: mil lbs | DC4: mil lbs | DE4: mil lbs | DF4: 1,000 tons | DG4: 1,000 tons | DH4: % | DI4: mil lbs | DJ4: % | DK4: mil lbs | DL4: mil lbs | DM4: % | DN4: mil lbs | DO4: mil lbs | DP4: mil lbs | DQ4: mil lbs | DR4: % | DT4: tons | DU4: tons | DV4: tons | DW4: % | DX4: mil lbs | DY4: % | DZ4: mil lbs | EA4: mil lbs | EB4: % | EC4: mil lbs | ED4: mil lbs | EE4: mil lbs | EF4: mil lbs | EG4: % | EO4: Combined
A5: 42125 | B5: 4682.322 | C5: =B5/30 -> 156.0774 | D5: =C5-'NOPA Crush'!G430 -> 7.6614 | E5: =C5/'NOPA Crush'!G430-1 -> 0.051621119 | F5: 3472.958 | G5: 3432.552 | H5: 40.406 | I5: 456.016 | J5: =F5*2/C5 -> 44.503022 | K5: =(F5+M5)*2/C5 -> 47.518577 | L5: =K5-'NOPA Crush'!J430 -> -0.14142268 | M5: 235.33 | N5: 51.724 | O5: 1754.179 | P5: 1812.875 | Q5: 1054.953 | R5: 254.724 | S5: 503.198 | T5: 376.449 | U5: =(P5+T5)-'NOPA Crush'!Q430 -> 611.521 | V5: =(P5+T5)/'NOPA Crush'!Q430-1 -> 0.38757754 | W5: =O5/C5 -> 11.239161 | X5: =W5-'NOPA Crush'!O430 -> -0.10083917 | Y5: =K5+W5 -> 58.757738 | Z5: 1439.683 | AA5: 1400.207 | AB5: =(Z5-AA5)/Z5 -> 0.027419925 | AC5: =FORECAST(S5,AC6:AC$87,S6:S$87) -> 105.2172 | AD5: 1348.234 | AE5: 1078.712 | AF5: 269.522 | AG5: =AD5/AA5-1 -> -0.037118083 | AI5: 527.05 | AJ5: =AI5/30 -> 17.568333 | AK5: 384.474 | AL5: 74.899 | AM5: =AK5*2/AJ5 -> 43.768978 | AN5: =AM5-J5 -> -0.73404394 | AO5: 199.753 | AP5: 263.758 | AQ5: =AO5/AJ5 -> 11.37006 | AR5: =AQ5-W5 -> 0.13089894 | AS5: =AM5+AQ5 -> 55.139038 | AT5: 999.851 | AU5: =AT5/30 -> 33.328367 | AV5: 741.843 | AW5: 93.268 | AX5: =AV5*2/AU5 -> 44.517213 | AY5: =AX5-J5 -> 0.014190846 | AZ5: 373.025 | BA5: 154.548 | BB5: =AZ5/AU5 -> 11.192418 | BC5: =BB5-W5 -> -0.046743156 | BD5: =AX5+BB5 -> 55.709631 | BE5: 1122.112 | BF5: =BE5/30 -> 37.403733 | BG5: 836.302 | BH5: 105.526 | BI5: =BG5*2/BF5 -> 44.717568 | BJ5: =BI5-J5 -> 0.21454608 | BK5: 411.841 | BL5: 233.055 | BM5: =BK5/BF5 -> 11.010692 | BN5: =BM5-W5 -> -0.22846849 | BO5: =BM5+BI5 -> 55.728261 | BP5: 586.822 | BQ5: =BP5/30 -> 19.560733 | BR5: 447.321 | BS5: 57.914 | BT5: =BR5*2/BQ5 -> 45.736629 | BU5: =BT5-J5 -> 1.2336066 | BV5: 221.107 | BW5: 220.252 | BX5: =BV5/BQ5 -> 11.303615 | BY5: =BX5-W5 -> 0.064454239 | BZ5: =BT5+BX5 -> 57.040244 | CA5: 630.186 | CB5: =CA5/30 -> 21.0062 | CC5: 458.922 | CD5: 50.768 | CE5: =CC5*2/CB5 -> 43.693957 | CF5: =CE5-J5 -> -0.8090652 | CG5: 235.004 | CH5: 52.299 | CI5: =CG5/CB5 -> 11.187364 | CJ5: =CI5-W5 -> -0.051797096 | CK5: =CI5+CE5 -> 54.881321 | CL5: 816.301 | CM5: =CL5/30 -> 27.210033 | CN5: 604.096 | CO5: 73.641 | CP5: =CN5*2/CM5 -> 44.402445 | CQ5: =CP5-J5 -> -0.10057753 | CR5: 313.449 | CS5: 131.041 | CT5: =CR5/CM5 -> 11.519611 | CU5: =CT5-W5 -> 0.2804502 | CV5: =CP5+CT5 -> 55.922056 | CX5: =C5-AJ5-AU5-BF5-BQ5-CB5-CM5 -> 0 | CY5: =F5-AK5-AV5-BG5-BR5-CC5-CN5 -> 0 | CZ5: =I5-AL5-AW5-BH5-BS5-CD5-CO5 -> 0 | DA5: =O5-AO5-AZ5-BK5-BV5-CG5-CR5 -> 0 | DB5: =Q5-AP5-BA5-BL5-BW5-CH5-CS5 -> 0 | DC5: =P5-Q5-R5-S5 -> 0 | DE5: 114.135 | DF5: 65.606 | DG5: 36 | DH5: =DF5/DE5 -> 0.57481053 | DI5: 96.026 | DJ5: =DI5/DE5/2 -> 0.42066851 | DK5: 141.22 | DL5: 137.706 | DM5: =1-DL5/DK5 -> 0.024883161 | DN5: 133.378 | DO5: 70.155 | DP5: 66.066 | DQ5: =DP5+DO5 -> 136.221 | DR5: =DJ5+DH5 -> 0.99547904 | DS5: =DK5/DI5 -> 1.4706434 | DT5: 141.846 | DU5: 64.958 | DV5: 53.074 | DW5: =DU5/DT5 -> 0.45794735 | DX5: 43.639 | DY5: =DX5/DT5/2 -> 0.15382528 | DZ5: 54.697 | EA5: 53.547 | EB5: =1-EA5/DZ5 -> 0.021024919 | EC5: 51.442 | ED5: 43.475 | EE5: 43.617 | EF5: =EE5+ED5 -> 87.092 | EG5: =DY5+DW5 -> 0.61177263 | EJ5: =(C5*2000/1000)/(A6-A5) -> 10.06951 | EK5: ='NOPA Crush'!B430*56/('NOPA Crush'!A430-'NOPA Crush'!A429) -> 10.735268 | EL5: =EJ5/EK5 -> 0.93798404 | EM5: =DE5/($A6-$A5) -> 3.6817742 | EN5: =(DT5*2000/1000000)/($A6-$A5) -> 0.0091513548 | EO5: =EJ5+EM5+EN5 -> 13.760435
A6: 42156 | B6: 4549.103 | C6: =B6/30 -> 151.63677 | D6: =C6-'NOPA Crush'!G431 -> 9.1637667 | E6: =C6/'NOPA Crush'!G431-1 -> 0.064319321 | F6: 3380.13 | G6: 3332.573 | H6: 47.557 | I6: 300.225 | J6: =F6*2/C6 -> 44.581932 | K6: =(F6+M6)*2/C6 -> 47.571352 | L6: =K6-'NOPA Crush'!J431 -> 0.021351979 | M6: 226.653 | N6: 34.4 | O6: 1708.286 | P6: 1773.201 | Q6: 1027.209 | R6: 266.861 | S6: 479.131 | T6: 380.046 | U6: =(P6+T6)-'NOPA Crush'!Q431 -> 579.321 | V6: =(P6+T6)/'NOPA Crush'!Q431-1 -> 0.36807385 | W6: =O6/C6 -> 11.265645 | X6: =W6-'NOPA Crush'!O431 -> -0.064354883 | Y6: =K6+W6 -> 58.836997 | Z6: 1499.818 | AA6: 1458.282 | AB6: =(Z6-AA6)/Z6 -> 0.027694027 | AC6: =FORECAST(S6,AC7:AC$87,S7:S$87) -> 102.74231 | AD6: 1448.372 | AE6: 1158.925 | AF6: 289.447 | AG6: =AD6/AA6-1 -> -0.0067956678 | AI6: 606.566 | AJ6: =AI6/30 -> 20.218867 | AK6: 443.421 | AL6: 61.107 | AM6: =AK6*2/AJ6 -> 43.862102 | AN6: =AM6-J6 -> -0.71982947 | AO6: 229.969 | AP6: 260.325 | AQ6: =AO6/AJ6 -> 11.373981 | AR6: =AQ6-W6 -> 0.10833562 | AS6: =AM6+AQ6 -> 55.236083 | AT6: 1042.505 | AU6: =AT6/30 -> 34.750167 | AV6: 771.184 | AW6: 62.259 | AX6: =AV6*2/AU6 -> 44.384478 | AY6: =AX6-J6 -> -0.19745409 | AZ6: 384.007 | BA6: 176.662 | BB6: =AZ6/AU6 -> 11.050508 | BC6: =BB6-W6 -> -0.21513697 | BD6: =AX6+BB6 -> 55.434986 | BE6: 1069.307 | BF6: =BE6/30 -> 35.643567 | BG6: 800.609 | BH6: 69.294 | BI6: =BG6*2/BF6 -> 44.923058 | BJ6: =BI6-J6 -> 0.34112578 | BK6: 395.927 | BL6: 210.258 | BM6: =BK6/BF6 -> 11.107951 | BN6: =BM6-W6 -> -0.15769389 | BO6: =BM6+BI6 -> 56.031009 | BP6: 515.011 | BQ6: =BP6/30 -> 17.167033 | BR6: 391.598 | BS6: 21.242 | BT6: =BR6*2/BQ6 -> 45.622094 | BU6: =BT6-J6 -> 1.0401616 | BV6: 198.012 | BW6: 177.279 | BX6: =BV6/BQ6 -> 11.534433 | BY6: =BX6-W6 -> 0.26878813 | BZ6: =BT6+BX6 -> 57.156527 | CA6: 551.19 | CB6: =CA6/30 -> 18.373 | CC6: 405.561 | CD6: 53.669 | CE6: =CC6*2/CB6 -> 44.147499 | CF6: =CE6-J6 -> -0.43443282 | CG6: 207.559 | CH6: 61.165 | CI6: =CG6/CB6 -> 11.296957 | CJ6: =CI6-W6 -> 0.031312375 | CK6: =CI6+CE6 -> 55.444457 | CL6: 764.524 | CM6: =CL6/30 -> 25.484133 | CN6: 567.757 | CO6: 32.654 | CP6: =CN6*2/CM6 -> 44.557686 | CQ6: =CP6-J6 -> -0.0242463 | CR6: 292.812 | CS6: 141.52 | CT6: =CR6/CM6 -> 11.489973 | CU6: =CT6-W6 -> 0.22432773 | CV6: =CP6+CT6 -> 56.047658 | CX6: =C6-AJ6-AU6-BF6-BQ6-CB6-CM6 -> 0 | CY6: =F6-AK6-AV6-BG6-BR6-CC6-CN6 -> 0 | CZ6: =I6-AL6-AW6-BH6-BS6-CD6-CO6 -> 0 | DA6: =O6-AO6-AZ6-BK6-BV6-CG6-CR6 -> 0 | DB6: =Q6-AP6-BA6-BL6-BW6-CH6-CS6 -> 0 | DC6: =P6-Q6-R6-S6 -> 0 | DE6: 104.149 | DF6: 60.068 | DG6: 35 | DH6: =DF6/DE6 -> 0.57675062 | DI6: 88.704 | DJ6: =DI6/DE6/2 -> 0.42585142 | DK6: 110.561 | DL6: 107.139 | DM6: =1-DL6/DK6 -> 0.03095124 | DN6: 121.328 | DO6: 52.991 | DP6: 73.802 | DQ6: =DP6+DO6 -> 126.793 | DR6: =DJ6+DH6 -> 1.002602 | DS6: =DK6/DI6 -> 1.2464038 | DT6: 125.787 | DU6: 55.528 | DV6: 56.31 | DW6: =DU6/DT6 -> 0.44144466 | DX6: 38.971 | DY6: =DX6/DT6/2 -> 0.15490869 | DZ6: 49.09 | EA6: 48.705 | EB6: =1-EA6/DZ6 -> 0.0078427378 | EC6: 55.723 | EE6: 43.662 | EF6: =EE6+ED6 -> 43.662 | EG6: =DY6+DW6 -> 0.59635336 | EJ6: =(C6*2000/1000)/(A7-A6) -> 10.109118 | EK6: ='NOPA Crush'!B431*56/('NOPA Crush'!A431-'NOPA Crush'!A430) -> 10.529958 | EL6: =EJ6/EK6 -> 0.96003399 | EM6: =DE6/($A7-$A6) -> 3.4716333 | EN6: =(DT6*2000/1000000)/($A7-$A6) -> 0.0083858 | EO6: =EJ6+EM6+EN6 -> 13.589137
A7: 42186 | B7: 4672.921 | C7: =B7/30 -> 155.76403 | D7: =C7-'NOPA Crush'!G432 -> 10.537033 | E7: =C7/'NOPA Crush'!G432-1 -> 0.072555608 | F7: 3468.95 | G7: 3412.727 | H7: 56.223 | I7: 310.185 | J7: =F7*2/C7 -> 44.541091 | K7: =(F7+M7)*2/C7 -> 47.568594 | L7: =K7-'NOPA Crush'!J432 -> 0.068593606 | M7: 235.788 | N7: 36.698 | O7: 1738.053 | P7: 1791.738 | Q7: 993.484 | R7: 255.926 | S7: 542.328 | T7: 354.715 | U7: =(P7+T7)-'NOPA Crush'!Q432 -> 522.141 | V7: =(P7+T7)/'NOPA Crush'!Q432-1 -> 0.32145364 | W7: =O7/C7 -> 11.158243 | X7: =W7-'NOPA Crush'!O432 -> -0.08175658 | Y7: =K7+W7 -> 58.726837 | Z7: 1462.35 | AA7: 1425.963 | AB7: =(Z7-AA7)/Z7 -> 0.024882552 | AC7: =FORECAST(S7,AC8:AC$87,S8:S$87) -> 109.24108 | AD7: 1410.582 | AE7: 1088.812 | AF7: 321.77 | AG7: =AD7/AA7-1 -> -0.010786395 | AI7: 553.006 | AJ7: =AI7/30 -> 18.433533 | AK7: 402.832 | AL7: 64.068 | AM7: =AK7*2/AJ7 -> 43.706434 | AN7: =AM7-J7 -> -0.83465754 | AO7: 210.218 | AP7: 235.709 | AQ7: =AO7/AJ7 -> 11.404108 | AR7: =AQ7-W7 -> 0.24586431 | AS7: =AM7+AQ7 -> 55.110541 | AT7: 963.713 | AU7: =AT7/30 -> 32.123767 | AV7: 713.971 | AW7: 54.557 | AX7: =AV7*2/AU7 -> 44.451263 | AY7: =AX7-J7 -> -0.089828128 | AZ7: 355.836 | BA7: 159.745 | BB7: =AZ7/AU7 -> 11.077032 | BC7: =BB7-W7 -> -0.08121115 | BD7: =AX7+BB7 -> 55.528295 | BE7: 1107.382 | BF7: =BE7/30 -> 36.912733 | BG7: 823.075 | BH7: 94.817 | BI7: =BG7*2/BF7 -> 44.595722 | BJ7: =BI7-J7 -> 0.054631055 | BK7: 405.282 | BL7: 193.378 | BM7: =BK7/BF7 -> 10.979463 | BN7: =BM7-W7 -> -0.17878015 | BO7: =BM7+BI7 -> 55.575185 | BP7: 662.728 | BQ7: =BP7/30 -> 22.090933 | BR7: 501.675 | BS7: 28.561 | BT7: =BR7*2/BQ7 -> 45.419086 | BU7: =BT7-J7 -> 0.87799485 | BV7: 244.417 | BW7: 185.604 | BX7: =BV7/BQ7 -> 11.064132 | BY7: =BX7-W7 -> -0.094111529 | BZ7: =BT7+BX7 -> 56.483218 | CA7: 607.366 | CB7: =CA7/30 -> 20.245533 | CC7: 445.672 | CD7: 45.137 | CE7: =CC7*2/CB7 -> 44.026699 | CF7: =CE7-J7 -> -0.51439221 | CG7: 228.211 | CH7: 67.866 | CI7: =CG7/CB7 -> 11.272165 | CJ7: =CI7-W7 -> 0.11392196 | CK7: =CI7+CE7 -> 55.298864 | CL7: 778.726 | CM7: =CL7/30 -> 25.957533 | CN7: 581.725 | CO7: 23.045 | CP7: =CN7*2/CM7 -> 44.821285 | CQ7: =CP7-J7 -> 0.28019391 | CR7: 294.089 | CS7: 151.182 | CT7: =CR7/CM7 -> 11.32962 | CU7: =CT7-W7 -> 0.17137701 | CV7: =CP7+CT7 -> 56.150905 | CX7: =C7-AJ7-AU7-BF7-BQ7-CB7-CM7 -> 0 | CY7: =F7-AK7-AV7-BG7-BR7-CC7-CN7 -> 0 | CZ7: =I7-AL7-AW7-BH7-BS7-CD7-CO7 -> 0 | DA7: =O7-AO7-AZ7-BK7-BV7-CG7-CR7 -> 0 | DB7: =Q7-AP7-BA7-BL7-BW7-CH7-CS7 -> 0 | DC7: =P7-Q7-R7-S7 -> 0 | DE7: 161.341 | DF7: 92.243 | DG7: 37.336 | DH7: =DF7/DE7 -> 0.57172696 | DI7: 134.932 | DJ7: =DI7/DE7/2 -> 0.41815781 | DK7: 145.288 | DL7: 133.466 | DM7: =1-DL7/DK7 -> 0.081369418 | DN7: 140.035 | DO7: 71.721 | DP7: 74.395 | DQ7: =DP7+DO7 -> 146.116 | DR7: =DJ7+DH7 -> 0.98988478 | DS7: =DK7/DI7 -> 1.0767498 | DT7: 110.345 | DU7: 49.101 | DV7: 58.23 | DW7: =DU7/DT7 -> 0.44497712 | DX7: 33.035 | DY7: =DX7/DT7/2 -> 0.14968961 | DZ7: 52.009 | EA7: 51.578 | EB7: =1-EA7/DZ7 -> 0.0082870272 | EC7: 59.45 | EE7: 36.572 | EF7: =EE7+ED7 -> 36.572 | EG7: =DY7+DW7 -> 0.59466673 | EJ7: =(C7*2000/1000)/(A8-A7) -> 10.049292 | EK7: ='NOPA Crush'!B432*56/('NOPA Crush'!A432-'NOPA Crush'!A431) -> 10.977587 | EL7: =EJ7/EK7 -> 0.91543733 | EM7: =DE7/($A8-$A7) -> 5.2045484 | EN7: =(DT7*2000/1000000)/($A8-$A7) -> 0.0071190323 | EO7: =EJ7+EM7+EN7 -> 15.26096
A8: 42217 | B8: 4337.34 | C8: =B8/30 -> 144.578 | D8: =C8-'NOPA Crush'!G433 -> 9.274 | E8: =C8/'NOPA Crush'!G433-1 -> 0.06854195 | F8: 3193.281 | G8: 3133.606 | H8: 59.675 | I8: 306.757 | J8: =F8*2/C8 -> 44.173816 | K8: =(F8+M8)*2/C8 -> 47.263788 | L8: =K8-'NOPA Crush'!J433 -> -0.1762116 | M8: 223.371 | N8: 32.48 | O8: 1626.655 | P8: 1661.276 | Q8: 823.426 | R8: 331.736 | S8: 506.114 | T8: 338.446 | U8: =(P8+T8)-'NOPA Crush'!Q433 -> 519.552 | V8: =(P8+T8)/'NOPA Crush'!Q433-1 -> 0.35100833 | W8: =O8/C8 -> 11.251055 | X8: =W8-'NOPA Crush'!O433 -> -0.078945206 | Y8: =K8+W8 -> 58.514843 | Z8: 1437.891 | AA8: 1406.585 | AB8: =(Z8-AA8)/Z8 -> 0.021772165 | AC8: 116.726 | AD8: 1394.52 | AE8: 1117.803 | AF8: 276.717 | AG8: =AD8/AA8-1 -> -0.0085775122 | AI8: 592.782 | AJ8: =AI8/30 -> 19.7594 | AK8: 437.569 | AL8: 57.547 | AM8: =AK8*2/AJ8 -> 44.289705 | AN8: =AM8-J8 -> 0.11588894 | AO8: 229.564 | AP8: 186.815 | AQ8: =AO8/AJ8 -> 11.617964 | AR8: =AQ8-W8 -> 0.36690931 | AS8: =AM8+AQ8 -> 55.907669 | AT8: 924.771 | AU8: =AT8/30 -> 30.8257 | AV8: 679.922 | AW8: 46.941 | AX8: =AV8*2/AU8 -> 44.11397 | AY8: =AX8-J8 -> -0.059846373 | AZ8: 343.825 | BA8: 148.111 | BB8: =AZ8/AU8 -> 11.153842 | BC8: =BB8-W8 -> -0.097212383 | BD8: =AX8+BB8 -> 55.267812 | BE8: 967.985 | BF8: =BE8/30 -> 32.266167 | BG8: 716.415 | BH8: 78.902 | BI8: =BG8*2/BF8 -> 44.406577 | BJ8: =BI8-J8 -> 0.23276034 | BK8: 356.274 | BL8: 161.482 | BM8: =BK8/BF8 -> 11.041721 | BN8: =BM8-W8 -> -0.20933411 | BO8: =BM8+BI8 -> 55.448297 | BP8: 644.551 | BQ8: =BP8/30 -> 21.485033 | BR8: 477.627 | BS8: 31.862 | BT8: =BR8*2/BQ8 -> 44.461369 | BU8: =BT8-J8 -> 0.28755302 | BV8: 240.608 | BW8: 193.973 | BX8: =BV8/BQ8 -> 11.198866 | BY8: =BX8-W8 -> -0.052189227 | BZ8: =BT8+BX8 -> 55.660235 | CA8: 535.207 | CB8: =CA8/30 -> 17.840233 | CC8: 390.476 | CD8: 42.426 | CE8: =CC8*2/CB8 -> 43.774764 | CF8: =CE8-J8 -> -0.39905243 | CG8: 200.663 | CH8: 43.847 | CI8: =CG8/CB8 -> 11.247779 | CJ8: =CI8-W8 -> -0.0032758972 | CK8: =CI8+CE8 -> 55.022543 | CL8: 672.044 | CM8: =CL8/30 -> 22.401467 | CN8: 491.272 | CO8: 49.079 | CP8: =CN8*2/CM8 -> 43.8607 | CQ8: =CP8-J8 -> -0.31311661 | CR8: 255.721 | CS8: 89.198 | CT8: =CR8/CM8 -> 11.415369 | CU8: =CT8-W8 -> 0.16431384 | CV8: =CP8+CT8 -> 55.276068 | CX8: =C8-AJ8-AU8-BF8-BQ8-CB8-CM8 -> 0 | CY8: =F8-AK8-AV8-BG8-BR8-CC8-CN8 -> 0 | CZ8: =I8-AL8-AW8-BH8-BS8-CD8-CO8 -> 0 | DA8: =O8-AO8-AZ8-BK8-BV8-CG8-CR8 -> 0 | DB8: =Q8-AP8-BA8-BL8-BW8-CH8-CS8 -> 1.2789769e-13 | DC8: =P8-Q8-R8-S8 -> 0 | DE8: 147.512 | DF8: 82.076 | DG8: =FORECAST(DF8,DG$5:DG7,DF$5:DF7) -> 36.730098 | DH8: =DF8/DE8 -> 0.55640219 | DI8: 120.026 | DJ8: =DI8/DE8/2 -> 0.4068347 | DK8: 132.503 | DL8: 128.794 | DM8: =1-DL8/DK8 -> 0.027991819 | DN8: 132.656 | DO8: 69.098 | DP8: 83.7 | DQ8: =DP8+DO8 -> 152.798 | DR8: =DJ8+DH8 -> 0.96323689 | DS8: =DK8/DI8 -> 1.1039525 | DT8: 97.738 | DU8: 44.806 | DV8: 46.45 | DW8: =DU8/DT8 -> 0.45842968 | DX8: 29.271 | DY8: =DX8/DT8/2 -> 0.14974217 | DZ8: 45.192 | EA8: 43.886 | EB8: =1-EA8/DZ8 -> 0.02889892 | EC8: 43.476 | EE8: 36.458 | EF8: =EE8+ED8 -> 36.458 | EG8: =DY8+DW8 -> 0.60817185 | EJ8: =(C8*2000/1000)/(A9-A8) -> 9.3276129 | EK8: ='NOPA Crush'!B433*56/('NOPA Crush'!A433-'NOPA Crush'!A432) -> 10.577694 | EL8: =EJ8/EK8 -> 0.88181911 | EM8: =DE8/($A9-$A8) -> 4.7584516 | EN8: =(DT8*2000/1000000)/($A9-$A8) -> 0.0063056774 | EO8: =EJ8+EM8+EN8 -> 14.09237
A9: 42248 | B9: 4036.896 | C9: =B9/30 -> 134.5632 | D9: =C9-'NOPA Crush'!G434 -> 7.8592 | E9: =C9/'NOPA Crush'!G434-1 -> 0.062028034 | F9: 2974.159 | G9: 2934.985 | H9: 39.174 | I9: 240.755 | J9: =F9*2/C9 -> 44.204641 | K9: =(F9+M9)*2/C9 -> 47.191996 | L9: =K9-'NOPA Crush'!J434 -> -0.11800397 | M9: 200.994 | N9: 19.709 | O9: 1531.282 | P9: 1516.385 | Q9: 736.754 | R9: 275.561 | S9: 504.07 | T9: 338.433 | U9: =(P9+T9)-'NOPA Crush'!Q434 -> 500.116 | V9: =(P9+T9)/'NOPA Crush'!Q434-1 -> 0.36917049 | W9: =O9/C9 -> 11.379649 | X9: =W9-'NOPA Crush'!O434 -> -0.070350883 | Y9: =K9+W9 -> 58.571645 | Z9: 1435.64 | AA9: 1396.101 | AB9: =(Z9-AA9)/Z9 -> 0.027541027 | AC9: =FORECAST(S9,AC10:AC$87,S10:S$87) -> 105.09314 | AD9: 1344.392 | AE9: 1098.75 | AF9: 245.642 | AG9: =AD9/AA9-1 -> -0.037038151 | AI9: 484.419 | AJ9: =AI9/30 -> 16.1473 | AK9: 355.56 | AL9: 44.165 | AM9: =AK9*2/AJ9 -> 44.039561 | AN9: =AM9-J9 -> -0.16508059 | AO9: 187.146 | AP9: 164.881 | AQ9: =AO9/AJ9 -> 11.589925 | AR9: =AQ9-W9 -> 0.21027613 | AS9: =AM9+AQ9 -> 55.629486 | AT9: 875.192 | AU9: =AT9/30 -> 29.173067 | AV9: 649.413 | AW9: 42.035 | AX9: =AV9*2/AU9 -> 44.521408 | AY9: =AX9-J9 -> 0.31676649 | AZ9: 327.503 | BA9: 103.783 | BB9: =AZ9/AU9 -> 11.226211 | BC9: =BB9-W9 -> -0.15343818 | BD9: =AX9+BB9 -> 55.747619 | BE9: 1016.594 | BF9: =BE9/30 -> 33.886467 | BG9: 746.864 | BH9: 53.217 | BI9: =BG9*2/BF9 -> 44.08037 | BJ9: =BI9-J9 -> -0.12427105 | BK9: 381.5 | BL9: 175.137 | BM9: =BK9/BF9 -> 11.258182 | BN9: =BM9-W9 -> -0.12146738 | BO9: =BM9+BI9 -> 55.338552 | BP9: 591.078 | BQ9: =BP9/30 -> 19.7026 | BR9: 441.511 | BS9: 26.602 | BT9: =BR9*2/BQ9 -> 44.817537 | BU9: =BT9-J9 -> 0.61289538 | BV9: 223.883 | BW9: 176.772 | BX9: =BV9/BQ9 -> 11.36312 | BY9: =BX9-W9 -> -0.016529528 | BZ9: =BT9+BX9 -> 56.180656 | CA9: 509.672 | CB9: =CA9/30 -> 16.989067 | CC9: 366.874 | CD9: 38.902 | CE9: =CC9*2/CB9 -> 43.189424 | CF9: =CE9-J9 -> -1.0152176 | CG9: 198.914 | CH9: 49.694 | CI9: =CG9/CB9 -> 11.708354 | CJ9: =CI9-W9 -> 0.32870449 | CK9: =CI9+CE9 -> 54.897777 | CL9: 559.941 | CM9: =CL9/30 -> 18.6647 | CN9: 413.937 | CO9: 35.834 | CP9: =CN9*2/CM9 -> 44.355066 | CQ9: =CP9-J9 -> 0.15042459 | CR9: 212.336 | CS9: 66.487 | CT9: =CR9/CM9 -> 11.376341 | CU9: =CT9-W9 -> -0.0033076806 | CV9: =CP9+CT9 -> 55.731407 | CX9: =C9-AJ9-AU9-BF9-BQ9-CB9-CM9 -> 0 | CY9: =F9-AK9-AV9-BG9-BR9-CC9-CN9 -> 0 | CZ9: =I9-AL9-AW9-BH9-BS9-CD9-CO9 -> 0 | DA9: =O9-AO9-AZ9-BK9-BV9-CG9-CR9 -> 0 | DB9: =Q9-AP9-BA9-BL9-BW9-CH9-CS9 -> 0 | DC9: =P9-Q9-R9-S9 -> 0 | DE9: 187.362 | DF9: 103.385 | DG9: =FORECAST(DF9,DG$5:DG8,DF$5:DF8) -> 38.125779 | DH9: =DF9/DE9 -> 0.55179279 | DI9: 157.247 | DJ9: =DI9/DE9/2 -> 0.41963418 | DK9: 141.649 | DL9: 134.121 | DM9: =1-DL9/DK9 -> 0.053145451 | DN9: 157.011 | DO9: =MROUND(FORECAST(DI9,DO$5:DO8,DI$5:DI8),1)+25 -> 105 | DP9: 67.337 | DQ9: =DP9+DO9 -> 172.337 | DR9: =DJ9+DH9 -> 0.97142697 | DS9: =DK9/DI9 -> 0.90080574 | DT9: 116.505 | DU9: 54.485 | DV9: 42.316 | DW9: =DU9/DT9 -> 0.46766233 | DX9: 36.021 | DY9: =DX9/DT9/2 -> 0.15458993 | DZ9: 49.427 | EA9: 47.255 | EB9: =1-EA9/DZ9 -> 0.043943594 | EC9: 39.487 | EE9: 48.635 | EF9: =EE9+ED9 -> 48.635 | EG9: =DY9+DW9 -> 0.62225226 | EJ9: =(C9*2000/1000)/(A10-A9) -> 8.97088 | EK9: ='NOPA Crush'!B434*56/('NOPA Crush'!A434-'NOPA Crush'!A433) -> 10.504236 | EL9: =EJ9/EK9 -> 0.85402502 | EM9: =DE9/($A10-$A9) -> 6.2454 | EN9: =(DT9*2000/1000000)/($A10-$A9) -> 0.007767 | EO9: =EJ9+EM9+EN9 -> 15.224047
A10: 42278 | B10: 5104.01 | C10: =B10/30 -> 170.13367 | D10: =C10-'NOPA Crush'!G435 -> 11.238667 | E10: =C10/'NOPA Crush'!G435-1 -> 0.070730147 | F10: 3742.412 | G10: 3684.955 | H10: 57.457 | I10: 360.253 | J10: =F10*2/C10 -> 43.993785 | K10: =(F10+M10)*2/C10 -> 47.03738 | L10: =K10-'NOPA Crush'!J435 -> 0.087380413 | M10: 258.909 | N10: 33.515 | O10: 1962.937 | P10: 1569.861 | Q10: 747.77 | R10: 270.002 | S10: 552.089 | T10: 370.508 | U10: =(P10+T10)-'NOPA Crush'!Q435 -> 532.554 | V10: =(P10+T10)/'NOPA Crush'!Q435-1 -> 0.37828408 | W10: =O10/C10 -> 11.537617 | X10: =W10-'NOPA Crush'!O435 -> -0.062383498 | Y10: =K10+W10 -> 58.574997 | Z10: 1610.904 | AA10: 1575.91 | AB10: =(Z10-AA10)/Z10 -> 0.021723206 | AC10: =FORECAST(S10,AC11:AC$87,S11:S$87) -> 110.0704 | AD10: 1530.33 | AE10: 1258.068 | AF10: 272.262 | AG10: =AD10/AA10-1 -> -0.028922971 | AI10: 555.931 | AJ10: =AI10/30 -> 18.531033 | AK10: 398.012 | AL10: 51.288 | AM10: =AK10*2/AJ10 -> 42.956266 | AN10: =AM10-J10 -> -1.0375191 | AO10: 215.171 | AP10: 83.246 | AQ10: =AO10/AJ10 -> 11.611387 | AR10: =AQ10-W10 -> 0.073770523 | AS10: =AM10+AQ10 -> 54.567653 | AT10: 1085.673 | AU10: =AT10/30 -> 36.1891 | AV10: 797.408 | AW10: 69.455 | AX10: =AV10*2/AU10 -> 44.06896 | AY10: =AX10-J10 -> 0.075174712 | AZ10: 414.237 | BA10: 109.952 | BB10: =AZ10/AU10 -> 11.446458 | BC10: =BB10-W10 -> -0.091158867 | BD10: =AX10+BB10 -> 55.515418 | BE10: 1251.197 | BF10: =BE10/30 -> 41.706567 | BG10: 917.687 | BH10: 95.336 | BI10: =BG10*2/BF10 -> 44.006835 | BJ10: =BI10-J10 -> 0.013049776 | BK10: 478.7 | BL10: 232.422 | BM10: =BK10/BF10 -> 11.477809 | BN10: =BM10-W10 -> -0.059807651 | BO10: =BM10+BI10 -> 55.484644 | BP10: 745.497 | BQ10: =BP10/30 -> 24.8499 | BR10: 556.667 | BS10: 31.603 | BT10: =BR10*2/BQ10 -> 44.802353 | BU10: =BT10-J10 -> 0.80856805 | BV10: 288.655 | BW10: 191.806 | BX10: =BV10/BQ10 -> 11.615942 | BY10: =BX10-W10 -> 0.078325615 | BZ10: =BT10+BX10 -> 56.418295 | CA10: 656.45 | CB10: =CA10/30 -> 21.881667 | CC10: 477.898 | CD10: 66.479 | CE10: =CC10*2/CB10 -> 43.680219 | CF10: =CE10-J10 -> -0.31356592 | CG10: 255.682 | CH10: 64.052 | CI10: =CG10/CB10 -> 11.684759 | CJ10: =CI10-W10 -> 0.14714243 | CK10: =CI10+CE10 -> 55.364978 | CL10: 809.262 | CM10: =CL10/30 -> 26.9754 | CN10: 594.74 | CO10: 46.092 | CP10: =CN10*2/CM10 -> 44.09499 | CQ10: =CP10-J10 -> 0.10120497 | CR10: 310.492 | CS10: 66.292 | CT10: =CR10/CM10 -> 11.510191 | CU10: =CT10-W10 -> -0.027425735 | CV10: =CP10+CT10 -> 55.605181 | CX10: =C10-AJ10-AU10-BF10-BQ10-CB10-CM10 -> 0 | CY10: =F10-AK10-AV10-BG10-BR10-CC10-CN10 -> 0 | CZ10: =I10-AL10-AW10-BH10-BS10-CD10-CO10 -> 0 | DA10: =O10-AO10-AZ10-BK10-BV10-CG10-CR10 -> 0 | DB10: =Q10-AP10-BA10-BL10-BW10-CH10-CS10 -> 0 | DC10: =P10-Q10-R10-S10 -> 0 | DE10: 99.117 | DF10: 55.587 | DG10: =FORECAST(DF10,DG$5:DG9,DF$5:DF9) -> 34.99514 | DH10: =DF10/DE10 -> 0.56082206 | DI10: 81.606 | DJ10: =DI10/DE10/2 -> 0.411665 | DK10: 85.389 | DL10: 82.822 | DM10: =1-DL10/DK10 -> 0.03006242 | DN10: 86.736 | DO10: =MROUND(FORECAST(DI10,DO$5:DO9,DI$5:DI9),1)+75 -> 126 | DP10: 57.349 | DQ10: =DP10+DO10 -> 183.349 | DR10: =DJ10+DH10 -> 0.97248706 | DS10: =DK10/DI10 -> 1.0463569 | DT10: 123.06 | DU10: 58.556 | DV10: 44.836 | DW10: =DU10/DT10 -> 0.47583293 | DX10: 37.719 | DY10: =DX10/DT10/2 -> 0.15325451 | DZ10: 50.383 | EA10: 48.556 | EB10: =1-EA10/DZ10 -> 0.036262231 | EC10: 50.839 | EE10: 46.67 | EF10: =EE10+ED10 -> 46.67 | EG10: =DY10+DW10 -> 0.62908744 | EJ10: =(C10*2000/1000)/(A11-A10) -> 10.976366 | EK10: ='NOPA Crush'!B435*56/('NOPA Crush'!A435-'NOPA Crush'!A434) -> 10.956022 | EL10: =EJ10/EK10 -> 1.0018568 | EM10: =DE10/($A11-$A10) -> 3.1973226 | EN10: =(DT10*2000/1000000)/($A11-$A10) -> 0.0079393548 | EO10: =EJ10+EM10+EN10 -> 14.181628
A11: 42309 | B11: 4973.534 | C11: =B11/30 -> 165.78447 | D11: =C11-'NOPA Crush'!G436 -> 9.6504667 | E11: =C11/'NOPA Crush'!G436-1 -> 0.061808874 | F11: 3655.75 | G11: 3600.752 | H11: 54.998 | I11: 342.962 | J11: =F11*2/C11 -> 44.102443 | K11: =(F11+M11)*2/C11 -> 47.142113 | L11: =K11-'NOPA Crush'!J436 -> -0.10788737 | M11: 251.965 | N11: 38.826 | O11: 1901.853 | P11: 1545.181 | Q11: 750.725 | R11: 267.049 | S11: 527.407 | T11: 420.677 | U11: =(P11+T11)-'NOPA Crush'!Q436 -> 488.869 | V11: =(P11+T11)/'NOPA Crush'!Q436-1 -> 0.33099028 | W11: =O11/C11 -> 11.471841 | X11: =W11-'NOPA Crush'!O436 -> -0.068159253 | Y11: =K11+W11 -> 58.613953 | Z11: 1461.965 | AA11: 1433.449 | AB11: =(Z11-AA11)/Z11 -> 0.019505255 | AC11: 90.941 | AD11: 1390.793 | AE11: 1121.11 | AF11: 269.683 | AG11: =AD11/AA11-1 -> -0.029757599 | AI11: 580.134 | AJ11: =AI11/30 -> 19.3378 | AK11: 418.043 | AL11: 79.993 | AM11: =AK11*2/AJ11 -> 43.235839 | AN11: =AM11-J11 -> -0.86660443 | AO11: 224.717 | AP11: 87.395 | AQ11: =AO11/AJ11 -> 11.620608 | AR11: =AQ11-W11 -> 0.14876759 | AS11: =AM11+AQ11 -> 54.856447 | AT11: 1117.349 | AU11: =AT11/30 -> 37.244967 | AV11: 835.465 | AW11: 64.965 | AX11: =AV11*2/AU11 -> 44.863243 | AY11: =AX11-J11 -> 0.76080021 | AZ11: 424.938 | BA11: 134.659 | BB11: =AZ11/AU11 -> 11.409273 | BC11: =BB11-W11 -> -0.062567548 | BD11: =AX11+BB11 -> 56.272516 | BE11: 1186.723 | BF11: =BE11/30 -> 39.557433 | BG11: 870.005 | BH11: 65.415 | BI11: =BG11*2/BF11 -> 43.986929 | BJ11: =BI11-J11 -> -0.11551434 | BK11: 449.049 | BL11: 203.856 | BM11: =BK11/BF11 -> 11.351823 | BN11: =BM11-W11 -> -0.12001728 | BO11: =BM11+BI11 -> 55.338752 | BP11: 675.509 | BQ11: =BP11/30 -> 22.516967 | BR11: 497.698 | BS11: 23.946 | BT11: =BR11*2/BQ11 -> 44.206487 | BU11: =BT11-J11 -> 0.1040442 | BV11: 261.263 | BW11: 204.776 | BX11: =BV11/BQ11 -> 11.602939 | BY11: =BX11-W11 -> 0.13109867 | BZ11: =BT11+BX11 -> 55.809427 | CA11: 653.803 | CB11: =CA11/30 -> 21.793433 | CC11: 472.62 | CD11: 65.399 | CE11: =CC11*2/CB11 -> 43.372698 | CF11: =CE11-J11 -> -0.72974516 | CG11: 251.126 | CH11: 62.928 | CI11: =CG11/CB11 -> 11.523012 | CJ11: =CI11-W11 -> 0.051171536 | CK11: =CI11+CE11 -> 54.89571 | CL11: 760.016 | CM11: =CL11/30 -> 25.333867 | CN11: 561.919 | CO11: 43.244 | CP11: =CN11*2/CM11 -> 44.361092 | CQ11: =CP11-J11 -> 0.25864935 | CR11: 290.76 | CS11: 57.111 | CT11: =CR11/CM11 -> 11.477127 | CU11: =CT11-W11 -> 0.0052860499 | CV11: =CP11+CT11 -> 55.838219 | CX11: =C11-AJ11-AU11-BF11-BQ11-CB11-CM11 -> 0 | CY11: =F11-AK11-AV11-BG11-BR11-CC11-CN11 -> 0 | CZ11: =I11-AL11-AW11-BH11-BS11-CD11-CO11 -> 0 | DA11: =O11-AO11-AZ11-BK11-BV11-CG11-CR11 -> 0 | DB11: =Q11-AP11-BA11-BL11-BW11-CH11-CS11 -> 0 | DC11: =P11-Q11-R11-S11 -> 0 | DE11: 128.925 | DF11: 71.958 | DG11: =FORECAST(DF11,DG$5:DG10,DF$5:DF10) -> 36.067396 | DH11: =DF11/DE11 -> 0.55813845 | DI11: 108.222 | DJ11: =DI11/DE11/2 -> 0.41970913 | DK11: 99.481 | DL11: 98.094 | DM11: =1-DL11/DK11 -> 0.013942361 | DN11: 91.462 | DO11: =MROUND(FORECAST(DI11,DO$5:DO10,DI$5:DI10),1)+75 -> 157 | DP11: 55.944 | DQ11: =DP11+DO11 -> 212.944 | DR11: =DJ11+DH11 -> 0.97784759 | DS11: =DK11/DI11 -> 0.91923084 | DT11: 135.714 | DU11: 61.007 | DV11: 43.407 | DW11: =DU11/DT11 -> 0.44952621 | DX11: 41.95 | DY11: =DX11/DT11/2 -> 0.15455296 | DZ11: 50.854 | EA11: 49.486 | EB11: =1-EA11/DZ11 -> 0.026900539 | EC11: 44.338 | EE11: 47.772 | EF11: =EE11+ED11 -> 47.772 | EG11: =DY11+DW11 -> 0.60407917 | EJ11: =(C11*2000/1000)/(A12-A11) -> 11.052298 | EK11: ='NOPA Crush'!B436*56/('NOPA Crush'!A436-'NOPA Crush'!A435) -> 10.501782 | EL11: =EJ11/EK11 -> 1.0524212 | EM11: =DE11/($A12-$A11) -> 4.2975 | EN11: =(DT11*2000/1000000)/($A12-$A11) -> 0.0090476 | EO11: =EJ11+EM11+EN11 -> 15.358845
A12: 42339 | B12: 5011.324 | C12: =B12/30 -> 167.04413 | D12: =C12-'NOPA Crush'!G437 -> 9.3331333 | E12: =C12/'NOPA Crush'!G437-1 -> 0.059178709 | F12: 3669.213 | G12: 3610.09 | H12: 59.123 | I12: 270.421 | J12: =F12*2/C12 -> 43.931061 | K12: =(F12+M12)*2/C12 -> 47.071141 | L12: =K12-'NOPA Crush'!J437 -> -0.088858721 | M12: 262.266 | N12: 31.927 | O12: 1929.027 | P12: 1576.849 | Q12: 778.789 | R12: 304.192 | S12: 493.868 | T12: 395.661 | U12: =(P12+T12)-'NOPA Crush'!Q437 -> 491.425 | V12: =(P12+T12)/'NOPA Crush'!Q437-1 -> 0.33180067 | W12: =O12/C12 -> 11.548008 | X12: =W12-'NOPA Crush'!O437 -> -0.081991929 | Y12: =K12+W12 -> 58.619149 | Z12: 1445.949 | AA12: 1401.107 | AB12: =(Z12-AA12)/Z12 -> 0.031012159 | AC12: 112.27 | AD12: 1337.705 | AE12: 1053.797 | AF12: 283.908 | AG12: =AD12/AA12-1 -> -0.045251362 | AI12: 587.325 | AJ12: =AI12/30 -> 19.5775 | AK12: 423.765 | AL12: 49.628 | AM12: =AK12*2/AJ12 -> 43.291023 | AN12: =AM12-J12 -> -0.64003808 | AO12: 232.176 | AP12: 91.653 | AQ12: =AO12/AJ12 -> 11.859328 | AR12: =AQ12-W12 -> 0.31132024 | AS12: =AM12+AQ12 -> 55.150351 | AT12: 1118.485 | AU12: =AT12/30 -> 37.282833 | AV12: 827.142 | AW12: 45.944 | AX12: =AV12*2/AU12 -> 44.371199 | AY12: =AX12-J12 -> 0.44013761 | AZ12: 427.106 | BA12: 147.848 | BB12: =AZ12/AU12 -> 11.455835 | BC12: =BB12-W12 -> -0.092172723 | BD12: =AX12+BB12 -> 55.827034 | BE12: 1105.04 | BF12: =BE12/30 -> 36.834667 | BG12: 816.299 | BH12: 77.279 | BI12: =BG12*2/BF12 -> 44.322323 | BJ12: =BI12-J12 -> 0.39126224 | BK12: 425.422 | BL12: 198.288 | BM12: =BK12/BF12 -> 11.5495 | BN12: =BM12-W12 -> 0.0014923993 | BO12: =BM12+BI12 -> 55.871824 | BP12: 709.052 | BQ12: =BP12/30 -> 23.635067 | BR12: 516.838 | BS12: 23.431 | BT12: =BR12*2/BQ12 -> 43.734846 | BU12: =BT12-J12 -> -0.19621497 | BV12: 275.314 | BW12: 227.072 | BX12: =BV12/BQ12 -> 11.648539 | BY12: =BX12-W12 -> 0.1005311 | BZ12: =BT12+BX12 -> 55.383385 | CA12: 665.297 | CB12: =CA12/30 -> 22.176567 | CC12: 475.881 | CD12: 35.663 | CE12: =CC12*2/CB12 -> 42.917464 | CF12: =CE12-J12 -> -1.013597 | CG12: 252.254 | CH12: 64.403 | CI12: =CG12/CB12 -> 11.3748 | CJ12: =CI12-W12 -> -0.17320855 | CK12: =CI12+CE12 -> 54.292263 | CL12: 826.125 | CM12: =CL12/30 -> 27.5375 | CN12: 609.288 | CO12: 38.476 | CP12: =CN12*2/CM12 -> 44.251512 | CQ12: =CP12-J12 -> 0.32045064 | CR12: 316.755 | CS12: 49.525 | CT12: =CR12/CM12 -> 11.502678 | CU12: =CT12-W12 -> -0.045329905 | CV12: =CP12+CT12 -> 55.75419 | CX12: =C12-AJ12-AU12-BF12-BQ12-CB12-CM12 -> 0 | CY12: =F12-AK12-AV12-BG12-BR12-CC12-CN12 -> 0 | CZ12: =I12-AL12-AW12-BH12-BS12-CD12-CO12 -> 0 | DA12: =O12-AO12-AZ12-BK12-BV12-CG12-CR12 -> 0 | DB12: =Q12-AP12-BA12-BL12-BW12-CH12-CS12 -> 0 | DC12: =P12-Q12-R12-S12 -> 0 | DE12: 165.762 | DF12: 91.746 | DG12: =FORECAST(DF12,DG$5:DG11,DF$5:DF11) -> 37.363457 | DH12: =DF12/DE12 -> 0.55348029 | DI12: 135.689 | DJ12: =DI12/DE12/2 -> 0.40928862 | DK12: 102.98 | DL12: 96.54 | DM12: =1-DL12/DK12 -> 0.062536415 | DN12: 98.205 | DO12: =MROUND(FORECAST(DI12,DO$5:DO11,DI$5:DI11),1)+75 -> 168 | DP12: 72.843 | DQ12: =DP12+DO12 -> 240.843 | DR12: =DJ12+DH12 -> 0.96276891 | DS12: =DK12/DI12 -> 0.7589414 | DT12: 149.644 | DU12: 70.04 | DV12: 47.977 | DW12: =DU12/DT12 -> 0.46804416 | DX12: 46.826 | DY12: =DX12/DT12/2 -> 0.15645799 | DZ12: 54.603 | EA12: 54.02 | EB12: =1-EA12/DZ12 -> 0.010677069 | EC12: 44.042 | EE12: 49.144 | EF12: =EE12+ED12 -> 49.144 | EG12: =DY12+DW12 -> 0.62450215 | EJ12: =(C12*2000/1000)/(A13-A12) -> 10.777041 | EK12: ='NOPA Crush'!B437*56/('NOPA Crush'!A437-'NOPA Crush'!A436) -> 10.821504 | EL12: =EJ12/EK12 -> 0.99589125 | EM12: =DE12/($A13-$A12) -> 5.3471613 | EN12: =(DT12*2000/1000000)/($A13-$A12) -> 0.0096544516 | EO12: =EJ12+EM12+EN12 -> 16.133857
A13: 42370 | B13: 4814.044 | C13: =B13/30 -> 160.46813 | D13: =C13-'NOPA Crush'!G438 -> 10.015133 | E13: =C13/'NOPA Crush'!G438-1 -> 0.066566525 | F13: 3539.791 | G13: 3476.488 | H13: 63.303 | I13: 368.063 | J13: =F13*2/C13 -> 44.118305 | K13: =(F13+M13)*2/C13 -> 47.319987 | L13: =K13-'NOPA Crush'!J438 -> -0.020012896 | M13: 256.884 | N13: 42.235 | O13: 1864.887 | P13: 1724.459 | Q13: 890.95 | R13: 341.226 | S13: 492.283 | T13: 386.338 | U13: =(P13+T13)-'NOPA Crush'!Q438 -> 529.161 | V13: =(P13+T13)/'NOPA Crush'!Q438-1 -> 0.3345656 | W13: =O13/C13 -> 11.621541 | X13: =W13-'NOPA Crush'!O438 -> -0.068458942 | Y13: =K13+W13 -> 58.941528 | Z13: 1277.782 | AA13: 1236.602 | AB13: =(Z13-AA13)/Z13 -> 0.03222772 | AC13: =FORECAST(S13,AC14:AC$87,S14:S$87) -> 104.00894 | AD13: 1283.248 | AE13: 1049.611 | AF13: 233.637 | AG13: =AD13/AA13-1 -> 0.03772111 | AI13: 514.261 | AJ13: =AI13/30 -> 17.142033 | AK13: 366.355 | AL13: 61.419 | AM13: =AK13*2/AJ13 -> 42.743471 | AN13: =AM13-J13 -> -1.374834 | AO13: 201.801 | AP13: 126.799 | AQ13: =AO13/AJ13 -> 11.772291 | AR13: =AQ13-W13 -> 0.15074967 | AS13: =AM13+AQ13 -> 54.515761 | AT13: 1064.253 | AU13: =AT13/30 -> 35.4751 | AV13: 787.211 | AW13: 69.767 | AX13: =AV13*2/AU13 -> 44.381045 | AY13: =AX13-J13 -> 0.26274004 | AZ13: 409.626 | BA13: 171.135 | BB13: =AZ13/AU13 -> 11.54686 | BC13: =BB13-W13 -> -0.074681429 | BD13: =AX13+BB13 -> 55.927904 | BE13: 1119.325 | BF13: =BE13/30 -> 37.310833 | BG13: 822.623 | BH13: 99.828 | BI13: =BG13*2/BF13 -> 44.095665 | BJ13: =BI13-J13 -> -0.022639896 | BK13: 428.442 | BL13: 226.634 | BM13: =BK13/BF13 -> 11.483046 | BN13: =BM13-W13 -> -0.13849547 | BO13: =BM13+BI13 -> 55.57871 | BP13: 654.555 | BQ13: =BP13/30 -> 21.8185 | BR13: 488.8 | BS13: 46.726 | BT13: =BR13*2/BQ13 -> 44.806013 | BU13: =BT13-J13 -> 0.68770855 | BV13: 258.811 | BW13: 247.46 | BX13: =BV13/BQ13 -> 11.861998 | BY13: =BX13-W13 -> 0.24045679 | BZ13: =BT13+BX13 -> 56.668011 | CA13: 670.757 | CB13: =CA13/30 -> 22.358567 | CC13: 487.459 | CD13: 39.001 | CE13: =CC13*2/CB13 -> 43.603779 | CF13: =CE13-J13 -> -0.51452568 | CG13: 257.934 | CH13: 60.469 | CI13: =CG13/CB13 -> 11.536249 | CJ13: =CI13-W13 -> -0.085291716 | CK13: =CI13+CE13 -> 55.140028 | CL13: 790.893 | CM13: =CL13/30 -> 26.3631 | CN13: 587.343 | CO13: 51.322 | CP13: =CN13*2/CM13 -> 44.557962 | CQ13: =CP13-J13 -> 0.439657 | CR13: 308.273 | CS13: 58.453 | CT13: =CR13/CM13 -> 11.693352 | CU13: =CT13-W13 -> 0.071810635 | CV13: =CP13+CT13 -> 56.251313 | CX13: =C13-AJ13-AU13-BF13-BQ13-CB13-CM13 -> 0 | CY13: =F13-AK13-AV13-BG13-BR13-CC13-CN13 -> 0 | CZ13: =I13-AL13-AW13-BH13-BS13-CD13-CO13 -> 0 | DA13: =O13-AO13-AZ13-BK13-BV13-CG13-CR13 -> 0 | DB13: =Q13-AP13-BA13-BL13-BW13-CH13-CS13 -> 0 | DC13: =P13-Q13-R13-S13 -> 0 | DE13: 148.424 | DF13: 82.05 | DG13: =FORECAST(DF13,DG$5:DG12,DF$5:DF12) -> 36.728395 | DH13: =DF13/DE13 -> 0.55280817 | DI13: 126.109 | DJ13: =DI13/DE13/2 -> 0.42482685 | DK13: 130.855 | DL13: 123.76 | DM13: =1-DL13/DK13 -> 0.05422032 | DN13: 117.275 | DO13: =MROUND(FORECAST(DI13,DO$5:DO12,DI$5:DI12),1)+75 -> 181 | DP13: 78.205 | DQ13: =DP13+DO13 -> 259.205 | DR13: =DJ13+DH13 -> 0.97763502 | DS13: =DK13/DI13 -> 1.0376341 | DT13: 131.639 | DU13: 65.905 | DV13: 43.756 | DW13: =DU13/DT13 -> 0.5006495 | DX13: 41.43 | DY13: =DX13/DT13/2 -> 0.15736218 | DZ13: 46.077 | EA13: 45.555 | EB13: =1-EA13/DZ13 -> 0.011328863 | EC13: 45.27 | EE13: 51.087 | EF13: =EE13+ED13 -> 51.087 | EG13: =DY13+DW13 -> 0.65801168 | EJ13: =(C13*2000/1000)/(A14-A13) -> 10.352783 | EK13: ='NOPA Crush'!B438*56/('NOPA Crush'!A438-'NOPA Crush'!A437) -> 10.555309 | EL13: =EJ13/EK13 -> 0.98081289 | EM13: =DE13/($A14-$A13) -> 4.787871 | EN13: =(DT13*2000/1000000)/($A14-$A13) -> 0.0084928387 | EO13: =EJ13+EM13+EN13 -> 15.149147
A14: 42401 | B14: 4638.663 | C14: =B14/30 -> 154.6221 | D14: =C14-'NOPA Crush'!G439 -> 8.4411 | E14: =C14/'NOPA Crush'!G439-1 -> 0.057744166 | F14: 3425.236 | G14: 3366.159 | H14: 59.077 | I14: 330.057 | J14: =F14*2/C14 -> 44.304611 | K14: =(F14+M14)*2/C14 -> 47.422898 | L14: =K14-'NOPA Crush'!J439 -> -0.1071025 | M14: 241.078 | N14: 32.295 | O14: 1795.866 | P14: 1880.21 | Q14: 976.8 | R14: 371.273 | S14: 532.137 | T14: 399.967 | U14: =(P14+T14)-'NOPA Crush'!Q439 -> 488.125 | V14: =(P14+T14)/'NOPA Crush'!Q439-1 -> 0.27238328 | W14: =O14/C14 -> 11.614549 | X14: =W14-'NOPA Crush'!O439 -> -0.065450721 | Y14: =K14+W14 -> 59.037447 | Z14: 1344.388 | AA14: 1306.085 | AB14: =(Z14-AA14)/Z14 -> 0.028491031 | AC14: 107.789 | AD14: 1336.284 | AE14: 1112.647 | AF14: 223.637 | AG14: =AD14/AA14-1 -> 0.023121772 | AI14: 546.695 | AJ14: =AI14/30 -> 18.223167 | AK14: 398.369 | AL14: 56.703 | AM14: =AK14*2/AJ14 -> 43.721161 | AN14: =AM14-J14 -> -0.58345025 | AO14: 212.594 | AP14: 155.453 | AQ14: =AO14/AJ14 -> 11.666139 | AR14: =AQ14-W14 -> 0.051589976 | AS14: =AM14+AQ14 -> 55.3873 | AT14: 1039.47 | AU14: =AT14/30 -> 34.649 | AV14: 769.939 | AW14: 65.265 | AX14: =AV14*2/AU14 -> 44.442206 | AY14: =AX14-J14 -> 0.13759508 | AZ14: 400.845 | BA14: 177.351 | BB14: =AZ14/AU14 -> 11.568732 | BC14: =BB14-W14 -> -0.045817136 | BD14: =AX14+BB14 -> 56.010938 | BE14: 1073.727 | BF14: =BE14/30 -> 35.7909 | BG14: 791.416 | BH14: 84.293 | BI14: =BG14*2/BF14 -> 44.224426 | BJ14: =BI14-J14 -> -0.080185287 | BK14: 412.264 | BL14: 268.007 | BM14: =BK14/BF14 -> 11.518682 | BN14: =BM14-W14 -> -0.095867155 | BO14: =BM14+BI14 -> 55.743108 | BP14: 613.96 | BQ14: =BP14/30 -> 20.465333 | BR14: 456.642 | BS14: 33.701 | BT14: =BR14*2/BQ14 -> 44.625904 | BU14: =BT14-J14 -> 0.32129292 | BV14: 245.853 | BW14: 264.508 | BX14: =BV14/BQ14 -> 12.013144 | BY14: =BX14-W14 -> 0.3985949 | BZ14: =BT14+BX14 -> 56.639048 | CA14: 619.304 | CB14: =CA14/30 -> 20.643467 | CC14: 451.372 | CD14: 30.537 | CE14: =CC14*2/CB14 -> 43.730252 | CF14: =CE14-J14 -> -0.57435902 | CG14: 238.075 | CH14: 57.244 | CI14: =CG14/CB14 -> 11.532704 | CJ14: =CI14-W14 -> -0.081844823 | CK14: =CI14+CE14 -> 55.262956 | CL14: 745.507 | CM14: =CL14/30 -> 24.850233 | CN14: 557.498 | CO14: 59.558 | CP14: =CN14*2/CM14 -> 44.868633 | CQ14: =CP14-J14 -> 0.56402198 | CR14: 286.235 | CS14: 54.237 | CT14: =CR14/CM14 -> 11.518403 | CU14: =CT14-W14 -> -0.096146366 | CV14: =CP14+CT14 -> 56.387036 | CX14: =C14-AJ14-AU14-BF14-BQ14-CB14-CM14 -> 0 | CY14: =F14-AK14-AV14-BG14-BR14-CC14-CN14 -> 0 | CZ14: =I14-AL14-AW14-BH14-BS14-CD14-CO14 -> 5.6843419e-14 | DA14: =O14-AO14-AZ14-BK14-BV14-CG14-CR14 -> 0 | DB14: =Q14-AP14-BA14-BL14-BW14-CH14-CS14 -> 0 | DC14: =P14-Q14-R14-S14 -> 0 | DE14: 137.631 | DF14: 76.448 | DG14: =FORECAST(DF14,DG$5:DG13,DF$5:DF13) -> 36.361479 | DH14: =DF14/DE14 -> 0.55545626 | DI14: 114.443 | DJ14: =DI14/DE14/2 -> 0.41576026 | DK14: 117.491 | DL14: 116.149 | DM14: =1-DL14/DK14 -> 0.011422151 | DN14: 125.7 | DO14: =MROUND(FORECAST(DI14,DO$5:DO13,DI$5:DI13),1)+75 -> 185 | DP14: 80.162 | DQ14: =DP14+DO14 -> 265.162 | DR14: =DJ14+DH14 -> 0.97121651 | DS14: =DK14/DI14 -> 1.0266333 | DT14: 125.631 | DU14: 57.608 | DV14: 35.916 | DW14: =DU14/DT14 -> 0.45854924 | DX14: 38.433 | DY14: =DX14/DT14/2 -> 0.15295986 | DZ14: 44.088 | EA14: 43.445 | EB14: =1-EA14/DZ14 -> 0.014584467 | EC14: 51.081 | EE14: 47.302 | EF14: =EE14+ED14 -> 47.302 | EG14: =DY14+DW14 -> 0.6115091 | EJ14: =(C14*2000/1000)/(A15-A14) -> 10.663593 | EK14: ='NOPA Crush'!B439*56/('NOPA Crush'!A439-'NOPA Crush'!A438) -> 10.456479 | EL14: =EJ14/EK14 -> 1.0198072 | EM14: =DE14/($A15-$A14) -> 4.7458966 | EN14: =(DT14*2000/1000000)/($A15-$A14) -> 0.0086642069 | EO14: =EJ14+EM14+EN14 -> 15.418154
A15: 42430 | B15: 4991.626 | C15: =B15/30 -> 166.38753 | D15: =C15-'NOPA Crush'!G440 -> 9.6975333 | E15: =C15/'NOPA Crush'!G440-1 -> 0.061889931 | F15: 3677.248 | G15: 3613.239 | H15: 64.009 | I15: 302.672 | J15: =F15*2/C15 -> 44.201004 | K15: =(F15+M15)*2/C15 -> 47.32982 | L15: =K15-'NOPA Crush'!J440 -> -0.070180017 | M15: 260.298 | N15: 35.426 | O15: 1943.537 | P15: 1956.599 | Q15: 1013.888 | R15: 420.583 | S15: 522.128 | T15: 368.327 | U15: =(P15+T15)-'NOPA Crush'!Q440 -> 466.112 | V15: =(P15+T15)/'NOPA Crush'!Q440-1 -> 0.25075774 | W15: =O15/C15 -> 11.680785 | X15: =W15-'NOPA Crush'!O440 -> -0.069215021 | Y15: =K15+W15 -> 59.010605 | Z15: 1438.379 | AA15: 1404.133 | AB15: =(Z15-AA15)/Z15 -> 0.023808746 | AC15: 116.869 | AD15: 1404.906 | AE15: 1139.437 | AF15: 265.469 | AG15: =AD15/AA15-1 -> 0.00055051765 | AI15: 607.194 | AJ15: =AI15/30 -> 20.2398 | AK15: 436.932 | AL15: 43.67 | AM15: =AK15*2/AJ15 -> 43.175525 | AN15: =AM15-J15 -> -1.0254784 | AO15: 243.082 | AP15: 201.541 | AQ15: =AO15/AJ15 -> 12.010099 | AR15: =AQ15-W15 -> 0.32931394 | AS15: =AM15+AQ15 -> 55.185624 | AT15: 1115.334 | AU15: =AT15/30 -> 37.1778 | AV15: 828.61 | AW15: 61.79 | AX15: =AV15*2/AU15 -> 44.575526 | AY15: =AX15-J15 -> 0.37452241 | AZ15: 429.053 | BA15: 183.787 | BB15: =AZ15/AU15 -> 11.54057 | BC15: =BB15-W15 -> -0.14021507 | BD15: =AX15+BB15 -> 56.116096 | BE15: 1114.512 | BF15: =BE15/30 -> 37.1504 | BG15: 818.269 | BH15: 57.727 | BI15: =BG15*2/BF15 -> 44.051693 | BJ15: =BI15-J15 -> -0.14931126 | BK15: 429.941 | BL15: 252.746 | BM15: =BK15/BF15 -> 11.572984 | BN15: =BM15-W15 -> -0.10780057 | BO15: =BM15+BI15 -> 55.624677 | BP15: 682.246 | BQ15: =BP15/30 -> 22.741533 | BR15: 506.058 | BS15: 25.074 | BT15: =BR15*2/BQ15 -> 44.505178 | BU15: =BT15-J15 -> 0.30417464 | BV15: 268.005 | BW15: 267.241 | BX15: =BV15/BQ15 -> 11.784825 | BY15: =BX15-W15 -> 0.10404044 | BZ15: =BT15+BX15 -> 56.290004 | CA15: 678.267 | CB15: =CA15/30 -> 22.6089 | CC15: 498.229 | CD15: 71.019 | CE15: =CC15*2/CB15 -> 44.073705 | CF15: =CE15-J15 -> -0.12729835 | CG15: 260.381 | CH15: 55.52 | CI15: =CG15/CB15 -> 11.516748 | CJ15: =CI15-W15 -> -0.16403715 | CK15: =CI15+CE15 -> 55.590453 | CL15: 794.073 | CM15: =CL15/30 -> 26.4691 | CN15: 589.15 | CO15: 43.392 | CP15: =CN15*2/CM15 -> 44.516058 | CQ15: =CP15-J15 -> 0.31505451 | CR15: 313.075 | CS15: 53.053 | CT15: =CR15/CM15 -> 11.827943 | CU15: =CT15-W15 -> 0.14715779 | CV15: =CP15+CT15 -> 56.344001 | CX15: =C15-AJ15-AU15-BF15-BQ15-CB15-CM15 -> 0 | CY15: =F15-AK15-AV15-BG15-BR15-CC15-CN15 -> 0 | CZ15: =I15-AL15-AW15-BH15-BS15-CD15-CO15 -> 0 | DA15: =O15-AO15-AZ15-BK15-BV15-CG15-CR15 -> 0 | DB15: =Q15-AP15-BA15-BL15-BW15-CH15-CS15 -> 0 | DC15: =P15-Q15-R15-S15 -> 0 | DE15: 149.882 | DF15: 84.758 | DG15: =FORECAST(DF15,DG$5:DG14,DF$5:DF14) -> 36.905762 | DH15: =DF15/DE15 -> 0.56549819 | DI15: 123.498 | DJ15: =DI15/DE15/2 -> 0.41198409 | DK15: 125.623 | DL15: 122.722 | DM15: =1-DL15/DK15 -> 0.023092905 | DN15: 142.659 | DO15: =MROUND(FORECAST(DI15,DO$5:DO14,DI$5:DI14),1)+75 -> 197 | DP15: 79.337 | DQ15: =DP15+DO15 -> 276.337 | DR15: =DJ15+DH15 -> 0.97748229 | DS15: =DK15/DI15 -> 1.0172068 | DT15: 142.679 | DU15: 68.728 | DV15: 42.423 | DW15: =DU15/DT15 -> 0.48169668 | DX15: 45.265 | DY15: =DX15/DT15/2 -> 0.15862531 | DZ15: 53.409 | EA15: 52.772 | EB15: =1-EA15/DZ15 -> 0.011926829 | EC15: 55.817 | EE15: 53.985 | EF15: =EE15+ED15 -> 53.985 | EG15: =DY15+DW15 -> 0.64032198 | EJ15: =(C15*2000/1000)/(A16-A15) -> 10.73468 | EK15: ='NOPA Crush'!B440*56/('NOPA Crush'!A440-'NOPA Crush'!A439) -> 11.227013 | EL15: =EJ15/EK15 -> 0.95614746 | EM15: =DE15/($A16-$A15) -> 4.8349032 | EN15: =(DT15*2000/1000000)/($A16-$A15) -> 0.0092050968 | EO15: =EJ15+EM15+EN15 -> 15.578788
A16: 42461 | B16: 4745.09 | C16: =B16/30 -> 158.16967 | D16: =C16-'NOPA Crush'!G441 -> 10.555667 | E16: =C16/'NOPA Crush'!G441-1 -> 0.071508574 | F16: 3502.911 | G16: 3445.72 | H16: 57.191 | I16: 365.653 | J16: =F16*2/C16 -> 44.293082 | K16: =(F16+M16)*2/C16 -> 47.375354 | L16: =K16-'NOPA Crush'!J441 -> -0.12464569 | M16: 243.761 | N16: 46.616 | O16: 1840.263 | P16: 2048.554 | Q16: 1033.659 | R16: 450.938 | S16: 563.957 | T16: 371.464 | U16: =(P16+T16)-'NOPA Crush'!Q441 -> 477.29 | V16: =(P16+T16)/'NOPA Crush'!Q441-1 -> 0.2456803 | W16: =O16/C16 -> 11.63474 | X16: =W16-'NOPA Crush'!O441 -> -0.085259668 | Y16: =K16+W16 -> 59.010095 | Z16: 1385.229 | AA16: 1352.235 | AB16: =(Z16-AA16)/Z16 -> 0.023818444 | AC16: 89.374 | AD16: 1359.441 | AE16: 1100.348 | AF16: 259.093 | AG16: =AD16/AA16-1 -> 0.0053289554 | AI16: 570.995 | AJ16: =AI16/30 -> 19.033167 | AK16: 411.628 | AL16: 53.514 | AM16: =AK16*2/AJ16 -> 43.253759 | AN16: =AM16-J16 -> -1.0393231 | AO16: 224.439 | AP16: 208.033 | AQ16: =AO16/AJ16 -> 11.791995 | AR16: =AQ16-W16 -> 0.15725434 | AS16: =AM16+AQ16 -> 55.045753 | AT16: 998.221 | AU16: =AT16/30 -> 33.274033 | AV16: 744.246 | AW16: 75.985 | AX16: =AV16*2/AU16 -> 44.734342 | AY16: =AX16-J16 -> 0.44126049 | AZ16: 386.076 | BA16: 179.767 | BB16: =AZ16/AU16 -> 11.602922 | BC16: =BB16-W16 -> -0.031818734 | BD16: =AX16+BB16 -> 56.337264 | BE16: 1082.465 | BF16: =BE16/30 -> 36.082167 | BG16: 798.843 | BH16: 86.303 | BI16: =BG16*2/BF16 -> 44.279104 | BJ16: =BI16-J16 -> -0.013978189 | BK16: 418.968 | BL16: 274.473 | BM16: =BK16/BF16 -> 11.611498 | BN16: =BM16-W16 -> -0.0232425 | BO16: =BM16+BI16 -> 55.890602 | BP16: 631.767 | BQ16: =BP16/30 -> 21.0589 | BR16: 466.2 | BS16: 42.366 | BT16: =BR16*2/BQ16 -> 44.275817 | BU16: =BT16-J16 -> -0.017265026 | BV16: 247.599 | BW16: 259.541 | BX16: =BV16/BQ16 -> 11.757452 | BY16: =BX16-W16 -> 0.12271139 | BZ16: =BT16+BX16 -> 56.033269 | CA16: 660.708 | CB16: =CA16/30 -> 22.0236 | CC16: 483.795 | CD16: 58.201 | CE16: =CC16*2/CB16 -> 43.934234 | CF16: =CE16-J16 -> -0.35884772 | CG16: 254.706 | CH16: 52.478 | CI16: =CG16/CB16 -> 11.565139 | CJ16: =CI16-W16 -> -0.069601117 | CK16: =CI16+CE16 -> 55.499373 | CL16: 800.934 | CM16: =CL16/30 -> 26.6978 | CN16: 598.199 | CO16: 49.284 | CP16: =CN16*2/CM16 -> 44.812606 | CQ16: =CP16-J16 -> 0.51952438 | CR16: 308.475 | CS16: 59.367 | CT16: =CR16/CM16 -> 11.554323 | CU16: =CT16-W16 -> -0.080417503 | CV16: =CP16+CT16 -> 56.366929 | CX16: =C16-AJ16-AU16-BF16-BQ16-CB16-CM16 -> 0 | CY16: =F16-AK16-AV16-BG16-BR16-CC16-CN16 -> 0 | CZ16: =I16-AL16-AW16-BH16-BS16-CD16-CO16 -> 0 | DA16: =O16-AO16-AZ16-BK16-BV16-CG16-CR16 -> 0 | DB16: =Q16-AP16-BA16-BL16-BW16-CH16-CS16 -> 1.4210855e-13 | DC16: =P16-Q16-R16-S16 -> 0 | DE16: 137.12 | DF16: 79.349 | DG16: 53.73 | DH16: =DF16/DE16 -> 0.57868291 | DI16: 119.826 | DJ16: =DI16/DE16/2 -> 0.43693845 | DK16: 119.36 | DL16: 115.695 | DM16: =1-DL16/DK16 -> 0.030705429 | DN16: 129.004 | DO16: =MROUND(FORECAST(DI16,DO$5:DO15,DI$5:DI15),1)+75 -> 202 | DP16: 75.588 | DQ16: =DP16+DO16 -> 277.588 | DR16: =DJ16+DH16 -> 1.0156214 | DS16: =DK16/DI16 -> 0.99611103 | DT16: 132.306 | DU16: 61.06 | DV16: 46.96 | DW16: =DU16/DT16 -> 0.4615059 | DX16: 39.194 | DY16: =DX16/DT16/2 -> 0.14811876 | DZ16: 42.81 | EA16: 42.199 | EB16: =1-EA16/DZ16 -> 0.014272366 | EC16: 55.278 | EE16: 48.199 | EF16: =EE16+ED16 -> 48.199 | EG16: =DY16+DW16 -> 0.60962466 | EJ16: =(C16*2000/1000)/(A17-A16) -> 10.544644 | EK16: ='NOPA Crush'!B441*56/('NOPA Crush'!A441-'NOPA Crush'!A440) -> 10.611491 | EL16: =EJ16/EK16 -> 0.99370054 | EM16: =DE16/($A17-$A16) -> 4.5706667 | EN16: =(DT16*2000/1000000)/($A17-$A16) -> 0.0088204 | EO16: =EJ16+EM16+EN16 -> 15.124132
A17: 42491 | B17: 4825.833 | C17: =B17/30 -> 160.8611 | D17: =C17-'NOPA Crush'!G442 -> 8.5811 | E17: =C17/'NOPA Crush'!G442-1 -> 0.056350801 | F17: 3561.181 | G17: 3503.877 | H17: 57.304 | I17: 343.411 | J17: =F17*2/C17 -> 44.276472 | K17: =(F17+M17)*2/C17 -> 47.339462 | L17: =K17-'NOPA Crush'!J442 -> -0.15053757 | M17: 246.358 | N17: 46.011 | O17: 1876.184 | P17: 2063.24 | Q17: 1001.7 | R17: 451.654 | S17: 609.886 | T17: 402.898 | U17: =(P17+T17)-'NOPA Crush'!Q442 -> 472.575 | V17: =(P17+T17)/'NOPA Crush'!Q442-1 -> 0.23705045 | W17: =O17/C17 -> 11.663379 | X17: =W17-'NOPA Crush'!O442 -> -0.066620849 | Y17: =K17+W17 -> 59.002842 | Z17: 1474.278 | AA17: 1439.174 | AB17: =(Z17-AA17)/Z17 -> 0.023810977 | AC17: 123.277 | AD17: 1418.293 | AE17: 1091.362 | AF17: 326.931 | AG17: =AD17/AA17-1 -> -0.014509017 | AI17: 597.271 | AJ17: =AI17/30 -> 19.909033 | AK17: 435.508 | AL17: 57.257 | AM17: =AK17*2/AJ17 -> 43.749789 | AN17: =AM17-J17 -> -0.52668344 | AO17: 236.503 | AP17: 195.936 | AQ17: =AO17/AJ17 -> 11.87918 | AR17: =AQ17-W17 -> 0.21580132 | AS17: =AM17+AQ17 -> 55.628969 | AT17: 1028.376 | AU17: =AT17/30 -> 34.2792 | AV17: 765.105 | AW17: 86.597 | AX17: =AV17*2/AU17 -> 44.639607 | AY17: =AX17-J17 -> 0.36313446 | AZ17: 397.548 | BA17: 168.873 | BB17: =AZ17/AU17 -> 11.597353 | BC17: =BB17-W17 -> -0.066025654 | BD17: =AX17+BB17 -> 56.23696 | BE17: 1098.826 | BF17: =BE17/30 -> 36.627533 | BG17: 809.399 | BH17: 65.641 | BI17: =BG17*2/BF17 -> 44.196206 | BJ17: =BI17-J17 -> -0.080266293 | BK17: 426.247 | BL17: 287.145 | BM17: =BK17/BF17 -> 11.637338 | BN17: =BM17-W17 -> -0.026040756 | BO17: =BM17+BI17 -> 55.833544 | BP17: 648.696 | BQ17: =BP17/30 -> 21.6232 | BR17: 476.754 | BS17: 44.241 | BT17: =BR17*2/BQ17 -> 44.096526 | BU17: =BT17-J17 -> -0.17994611 | BV17: 253.268 | BW17: 247.443 | BX17: =BV17/BQ17 -> 11.71279 | BY17: =BX17-W17 -> 0.049410815 | BZ17: =BT17+BX17 -> 55.809316 | CA17: 649.712 | CB17: =CA17/30 -> 21.657067 | CC17: 473.892 | CD17: 41.857 | CE17: =CC17*2/CB17 -> 43.763267 | CF17: =CE17-J17 -> -0.51320464 | CG17: 250.78 | CH17: 54.031 | CI17: =CG17/CB17 -> 11.579592 | CJ17: =CI17-W17 -> -0.083786963 | CK17: =CI17+CE17 -> 55.34286 | CL17: 802.952 | CM17: =CL17/30 -> 26.765067 | CN17: 600.523 | CO17: 47.818 | CP17: =CN17*2/CM17 -> 44.873641 | CQ17: =CP17-J17 -> 0.5971692 | CR17: 311.838 | CS17: 48.272 | CT17: =CR17/CM17 -> 11.650933 | CU17: =CT17-W17 -> -0.012446094 | CV17: =CP17+CT17 -> 56.524574 | CX17: =C17-AJ17-AU17-BF17-BQ17-CB17-CM17 -> 0 | CY17: =F17-AK17-AV17-BG17-BR17-CC17-CN17 -> 0 | CZ17: =I17-AL17-AW17-BH17-BS17-CD17-CO17 -> 0 | DA17: =O17-AO17-AZ17-BK17-BV17-CG17-CR17 -> 0 | DB17: =Q17-AP17-BA17-BL17-BW17-CH17-CS17 -> 8.5265128e-14 | DC17: =P17-Q17-R17-S17 -> 0 | DE17: 131.688 | DF17: 76.308 | DG17: 53.785 | DH17: =DF17/DE17 -> 0.57946054 | DI17: 112.422 | DJ17: =DI17/DE17/2 -> 0.42684983 | DK17: 140.461 | DL17: 136.502 | DM17: =1-DL17/DK17 -> 0.02818576 | DN17: 148.301 | DO17: =MROUND(FORECAST(DI17,DO$5:DO16,DI$5:DI16),1)+75 -> 204 | DP17: 66.343 | DQ17: =DP17+DO17 -> 270.343 | DR17: =DJ17+DH17 -> 1.0063104 | DS17: =DK17/DI17 -> 1.2494085 | DT17: 126.891 | DU17: 57.448 | DV17: 53.736 | DW17: =DU17/DT17 -> 0.45273502 | DX17: 38.434 | DY17: =DX17/DT17/2 -> 0.15144494 | DZ17: 44.374 | EA17: 43.917 | EB17: =1-EA17/DZ17 -> 0.010298824 | EC17: 44.018 | EE17: 54.869 | EF17: =EE17+ED17 -> 54.869 | EG17: =DY17+DW17 -> 0.60417997 | EJ17: =(C17*2000/1000)/(A18-A17) -> 10.378135 | EK17: ='NOPA Crush'!B442*56/('NOPA Crush'!A442-'NOPA Crush'!A441) -> 10.789074 | EL17: =EJ17/EK17 -> 0.9619116 | EM17: =DE17/($A18-$A17) -> 4.248 | EN17: =(DT17*2000/1000000)/($A18-$A17) -> 0.0081865161 | EO17: =EJ17+EM17+EN17 -> 14.634322
A18: 42522 | B18: 4623.752 | C18: =B18/30 -> 154.12507 | D18: =C18-'NOPA Crush'!G443 -> 9.0750667 | E18: =C18/'NOPA Crush'!G443-1 -> 0.062565092 | F18: 3411.099 | G18: 3355.519 | H18: 55.58 | I18: 281.038 | J18: =F18*2/C18 -> 44.264039 | K18: =(F18+M18)*2/C18 -> 47.317326 | L18: =K18-'NOPA Crush'!J443 -> -0.072674157 | M18: 235.294 | N18: 30.119 | O18: 1787.234 | P18: 2042.738 | Q18: 941.373 | R18: 425.779 | S18: 675.586 | T18: 381.396 | U18: =(P18+T18)-'NOPA Crush'!Q443 -> 439.158 | V18: =(P18+T18)/'NOPA Crush'!Q443-1 -> 0.22124096 | W18: =O18/C18 -> 11.595998 | X18: =W18-'NOPA Crush'!O443 -> -0.064001772 | Y18: =K18+W18 -> 58.913324 | Z18: 1407.282 | AA18: 1373.898 | AB18: =(Z18-AA18)/Z18 -> 0.023722324 | AC18: 130.024 | AD18: 1383.757 | AE18: 1060.22 | AF18: 323.537 | AG18: =AD18/AA18-1 -> 0.007175933 | AI18: 526.304 | AJ18: =AI18/30 -> 17.543467 | AK18: 377.885 | AL18: 33.058 | AM18: =AK18*2/AJ18 -> 43.079855 | AN18: =AM18-J18 -> -1.1841843 | AO18: 205.48 | AP18: 170.858 | AQ18: =AO18/AJ18 -> 11.712622 | AR18: =AQ18-W18 -> 0.11662413 | AS18: =AM18+AQ18 -> 54.792477 | AT18: 972.01 | AU18: =AT18/30 -> 32.400333 | AV18: 718.667 | AW18: 84.344 | AX18: =AV18*2/AU18 -> 44.361704 | AY18: =AX18-J18 -> 0.09766485 | AZ18: 370.618 | BA18: 183.051 | BB18: =AZ18/AU18 -> 11.438709 | BC18: =BB18-W18 -> -0.15728875 | BD18: =AX18+BB18 -> 55.800414 | BE18: 1077.584 | BF18: =BE18/30 -> 35.919467 | BG18: 801.865 | BH18: 81.716 | BI18: =BG18*2/BF18 -> 44.647935 | BJ18: =BI18-J18 -> 0.38389539 | BK18: 419.149 | BL18: 298.731 | BM18: =BK18/BF18 -> 11.669132 | BN18: =BM18-W18 -> 0.07313383 | BO18: =BM18+BI18 -> 56.317067 | BP18: 625.978 | BQ18: =BP18/30 -> 20.865933 | BR18: 464.391 | BS18: 26.267 | BT18: =BR18*2/BQ18 -> 44.511884 | BU18: =BT18-J18 -> 0.24784456 | BV18: 245.236 | BW18: 196.292 | BX18: =BV18/BQ18 -> 11.752937 | BY18: =BX18-W18 -> 0.15693878 | BZ18: =BT18+BX18 -> 56.264821 | CA18: 656.65 | CB18: =CA18/30 -> 21.888333 | CC18: 481.283 | CD18: 32.574 | CE18: =CC18*2/CB18 -> 43.976213 | CF18: =CE18-J18 -> -0.28782665 | CG18: 251.559 | CH18: 55.373 | CI18: =CG18/CB18 -> 11.492835 | CJ18: =CI18-W18 -> -0.10316338 | CK18: =CI18+CE18 -> 55.469047 | CL18: 765.226 | CM18: =CL18/30 -> 25.507533 | CN18: 567.008 | CO18: 23.079 | CP18: =CN18*2/CM18 -> 44.458082 | CQ18: =CP18-J18 -> 0.19404242 | CR18: 295.192 | CS18: 37.068 | CT18: =CR18/CM18 -> 11.572738 | CU18: =CT18-W18 -> -0.02326024 | CV18: =CP18+CT18 -> 56.03082 | CX18: =C18-AJ18-AU18-BF18-BQ18-CB18-CM18 -> 0 | CY18: =F18-AK18-AV18-BG18-BR18-CC18-CN18 -> 0 | CZ18: =I18-AL18-AW18-BH18-BS18-CD18-CO18 -> 3.5527137e-14 | DA18: =O18-AO18-AZ18-BK18-BV18-CG18-CR18 -> 0 | DB18: =Q18-AP18-BA18-BL18-BW18-CH18-CS18 -> 1.7763568e-13 | DC18: =P18-Q18-R18-S18 -> 0 | DE18: 202.415 | DF18: 116.628 | DG18: =FORECAST(DF18,DG$5:DG17,DF$5:DF17) -> 41.182432 | DH18: =DF18/DE18 -> 0.5761826 | DI18: 174.761 | DJ18: =DI18/DE18/2 -> 0.43168985 | DK18: 164.125 | DL18: 159.596 | DM18: =1-DL18/DK18 -> 0.027594821 | DN18: 168.648 | DO18: =MROUND(FORECAST(DI18,DO$5:DO17,DI$5:DI17),1)+75 -> 241 | DP18: 53.773 | DQ18: =DP18+DO18 -> 294.773 | DR18: =DJ18+DH18 -> 1.0078724 | DS18: =DK18/DI18 -> 0.93913974 | DT18: 114.374 | DU18: 51.992 | DV18: 50.106 | DW18: =DU18/DT18 -> 0.45457884 | DX18: 32.182 | DY18: =DX18/DT18/2 -> 0.14068757 | DZ18: 37.728 | EA18: 37.4 | EB18: =1-EA18/DZ18 -> 0.0086938083 | EC18: 46.009 | EE18: 47.026 | EF18: =EE18+ED18 -> 47.026 | EG18: =DY18+DW18 -> 0.59526641 | EJ18: =(C18*2000/1000)/(A19-A18) -> 10.275004 | EK18: ='NOPA Crush'!B443*56/('NOPA Crush'!A443-'NOPA Crush'!A442) -> 10.510253 | EL18: =EJ18/EK18 -> 0.97761719 | EM18: =DE18/($A19-$A18) -> 6.7471667 | EN18: =(DT18*2000/1000000)/($A19-$A18) -> 0.0076249333 | EO18: =EJ18+EM18+EN18 -> 17.029796
A19: 42552 | B19: 4603.543 | C19: =B19/30 -> 153.45143 | D19: =C19-'NOPA Crush'!G444 -> 9.7364333 | E19: =C19/'NOPA Crush'!G444-1 -> 0.067748205 | F19: 3403.386 | G19: 3344.078 | H19: 59.308 | I19: 419.802 | J19: =F19*2/C19 -> 44.357826 | K19: =(F19+M19)*2/C19 -> 47.496344 | L19: =K19-'NOPA Crush'!J444 -> -0.17365642 | M19: 240.805 | N19: 39.832 | O19: 1789.356 | P19: 1865.797 | Q19: 823.753 | R19: 379.435 | S19: 662.609 | T19: 348.481 | U19: =(P19+T19)-'NOPA Crush'!Q444 -> 471.094 | V19: =(P19+T19)/'NOPA Crush'!Q444-1 -> 0.27024915 | W19: =O19/C19 -> 11.660732 | X19: =W19-'NOPA Crush'!O444 -> -0.080268255 | Y19: =K19+W19 -> 59.157075 | Z19: 1469.747 | AA19: 1435.608 | AB19: =(Z19-AA19)/Z19 -> 0.023227807 | AC19: 125.305 | AD19: 1418.803 | AE19: 1061.181 | AF19: 357.622 | AG19: =AD19/AA19-1 -> -0.011705842 | AI19: 452.361 | AJ19: =AI19/30 -> 15.0787 | AK19: 325.903 | AL19: 51.325 | AM19: =AK19*2/AJ19 -> 43.226936 | AN19: =AM19-J19 -> -1.1308901 | AO19: 180.481 | AP19: 131.003 | AQ19: =AO19/AJ19 -> 11.969268 | AR19: =AQ19-W19 -> 0.30853616 | AS19: =AM19+AQ19 -> 55.196204 | AT19: 1049.756 | AU19: =AT19/30 -> 34.991867 | AV19: 784.157 | AW19: 78.619 | AX19: =AV19*2/AU19 -> 44.819387 | AY19: =AX19-J19 -> 0.46156047 | AZ19: 408.176 | BA19: 165.368 | BB19: =AZ19/AU19 -> 11.664882 | BC19: =BB19-W19 -> 0.0041503799 | BD19: =AX19+BB19 -> 56.484269 | BE19: 1050.197 | BF19: =BE19/30 -> 35.006567 | BG19: 771.938 | BH19: 106.52 | BI19: =BG19*2/BF19 -> 44.102468 | BJ19: =BI19-J19 -> -0.25535774 | BK19: 406.715 | BL19: 243.729 | BM19: =BK19/BF19 -> 11.618249 | BN19: =BM19-W19 -> -0.042482978 | BO19: =BM19+BI19 -> 55.720717 | BP19: 701.39 | BQ19: =BP19/30 -> 23.379667 | BR19: 519.443 | BS19: 46.051 | BT19: =BR19*2/BQ19 -> 44.43545 | BU19: =BT19-J19 -> 0.077623472 | BV19: 272.386 | BW19: 201.665 | BX19: =BV19/BQ19 -> 11.650551 | BY19: =BX19-W19 -> -0.010180696 | BZ19: =BT19+BX19 -> 56.086001 | CA19: 610.36 | CB19: =CA19/30 -> 20.345333 | CC19: 455.49 | CD19: 71.236 | CE19: =CC19*2/CB19 -> 44.77587 | CF19: =CE19-J19 -> 0.41804384 | CG19: 235.24 | CH19: 38.129 | CI19: =CG19/CB19 -> 11.562357 | CJ19: =CI19-W19 -> -0.098375103 | CK19: =CI19+CE19 -> 56.338227 | CL19: 739.479 | CM19: =CL19/30 -> 24.6493 | CN19: 546.455 | CO19: 66.051 | CP19: =CN19*2/CM19 -> 44.338379 | CQ19: =CP19-J19 -> -0.019447358 | CR19: 286.358 | CS19: 43.859 | CT19: =CR19/CM19 -> 11.617287 | CU19: =CT19-W19 -> -0.043444439 | CV19: =CP19+CT19 -> 55.955666 | CX19: =C19-AJ19-AU19-BF19-BQ19-CB19-CM19 -> 0 | CY19: =F19-AK19-AV19-BG19-BR19-CC19-CN19 -> 0 | CZ19: =I19-AL19-AW19-BH19-BS19-CD19-CO19 -> 0 | DA19: =O19-AO19-AZ19-BK19-BV19-CG19-CR19 -> 0 | DB19: =Q19-AP19-BA19-BL19-BW19-CH19-CS19 -> 0 | DC19: =P19-Q19-R19-S19 -> 0 | DE19: 201.506 | DF19: 110.072 | DG19: =FORECAST(DF19,DG$5:DG18,DF$5:DF18) -> 40.834563 | DH19: =DF19/DE19 -> 0.54624676 | DI19: 162.239 | DJ19: =DI19/DE19/2 -> 0.40256618 | DK19: 142.799 | DL19: 137.673 | DM19: =1-DL19/DK19 -> 0.03589661 | DN19: 153.088 | DO19: =MROUND(FORECAST(DI19,DO$5:DO18,DI$5:DI18),1)+75 -> 261 | DP19: 54.754 | DQ19: =DP19+DO19 -> 315.754 | DR19: =DJ19+DH19 -> 0.94881294 | DS19: =DK19/DI19 -> 0.88017678 | DT19: 104 | DU19: =DT19*DW19 -> 44.542628 | DV19: 34.109 | DW19: 0.4282945 | DX19: =DT19*DY19*2.2 -> 32.812439 | DY19: =AVERAGE(DY7,DY31) -> 0.14341101 | DZ19: 26.59 | EA19: 26.18 | EB19: =1-EA19/DZ19 -> 0.015419331 | EC19: 37.499 | EE19: 43.549 | EF19: =EE19+ED19 -> 43.549 | EG19: =DY19+DW19 -> 0.5717055 | EJ19: =(C19*2000/1000)/(A20-A19) -> 9.9000925 | EK19: ='NOPA Crush'!B444*56/('NOPA Crush'!A444-'NOPA Crush'!A443) -> 10.920978 | EL19: =EJ19/EK19 -> 0.90652071 | EM19: =DE19/($A20-$A19) -> 6.5001935 | EN19: =(DT19*2000/1000000)/($A20-$A19) -> 0.0067096774 | EO19: =EJ19+EM19+EN19 -> 16.406996
A20: 42583 | B20: 4218.789 | C20: =B20/30 -> 140.6263 | D20: =C20-'NOPA Crush'!G445 -> 8.8043 | E20: =C20/'NOPA Crush'!G445-1 -> 0.066789307 | F20: 3111.301 | G20: 3049.231 | H20: 62.07 | I20: 247.799 | J20: =F20*2/C20 -> 44.249205 | K20: =(F20+M20)*2/C20 -> 47.336224 | L20: =K20-'NOPA Crush'!J445 -> -0.20377626 | M20: 217.058 | N20: 26.866 | O20: 1642.478 | P20: 1666.531 | Q20: 705.836 | R20: 279.621 | S20: 681.074 | T20: 319.212 | U20: =(P20+T20)-'NOPA Crush'!Q445 -> 365.464 | V20: =(P20+T20)/'NOPA Crush'!Q445-1 -> 0.22555622 | W20: =O20/C20 -> 11.679736 | X20: =W20-'NOPA Crush'!O445 -> -0.13026442 | Y20: =K20+W20 -> 59.015959 | Z20: 1455.355 | AA20: 1426.954 | AB20: =(Z20-AA20)/Z20 -> 0.019514826 | AC20: 113.176 | AD20: 1535.765 | AE20: 1175.567 | AF20: 360.198 | AG20: =AD20/AA20-1 -> 0.076254035 | AI20: 472.761 | AJ20: =AI20/30 -> 15.7587 | AK20: 342.981 | AL20: 34.57 | AM20: =AK20*2/AJ20 -> 43.529098 | AN20: =AM20-J20 -> -0.72010695 | AO20: 188.449 | AP20: 128.644 | AQ20: =AO20/AJ20 -> 11.95841 | AR20: =AQ20-W20 -> 0.27867469 | AS20: =AM20+AQ20 -> 55.487508 | AT20: 1093.723 | AU20: =AT20/30 -> 36.457433 | AV20: 812.026 | AW20: 53.075 | AX20: =AV20*2/AU20 -> 44.546526 | AY20: =AX20-J20 -> 0.29732079 | AZ20: 420.591 | BA20: 151.834 | BB20: =AZ20/AU20 -> 11.536495 | BC20: =BB20-W20 -> -0.14324051 | BD20: =AX20+BB20 -> 56.083021 | BE20: 897.159 | BF20: =BE20/30 -> 29.9053 | BG20: 658.529 | BH20: 38.239 | BI20: =BG20*2/BF20 -> 44.040956 | BJ20: =BI20-J20 -> -0.20824921 | BK20: 348.789 | BL20: 184.115 | BM20: =BK20/BF20 -> 11.663117 | BN20: =BM20-W20 -> -0.016619012 | BO20: =BM20+BI20 -> 55.704073 | BP20: 653.307 | BQ20: =BP20/30 -> 21.7769 | BR20: 482.264 | BS20: 26.997 | BT20: =BR20*2/BQ20 -> 44.291336 | BU20: =BT20-J20 -> 0.04213107 | BV20: 255.972 | BW20: 156.947 | BX20: =BV20/BQ20 -> 11.75429 | BY20: =BX20-W20 -> 0.074554513 | BZ20: =BT20+BX20 -> 56.045626 | CA20: 483.971 | CB20: =CA20/30 -> 16.132367 | CC20: 355.686 | CD20: 46.089 | CE20: =CC20*2/CB20 -> 44.095948 | CF20: =CE20-J20 -> -0.15325727 | CG20: 188.67 | CH20: 36.478 | CI20: =CG20/CB20 -> 11.695122 | CJ20: =CI20-W20 -> 0.015386646 | CK20: =CI20+CE20 -> 55.79107 | CL20: 617.868 | CM20: =CL20/30 -> 20.5956 | CN20: 459.815 | CO20: 48.829 | CP20: =CN20*2/CM20 -> 44.65177 | CQ20: =CP20-J20 -> 0.40256512 | CR20: 240.007 | CS20: 47.818 | CT20: =CR20/CM20 -> 11.653314 | CU20: =CT20-W20 -> -0.026421283 | CV20: =CP20+CT20 -> 56.305085 | CX20: =C20-AJ20-AU20-BF20-BQ20-CB20-CM20 -> 0 | CY20: =F20-AK20-AV20-BG20-BR20-CC20-CN20 -> 0 | CZ20: =I20-AL20-AW20-BH20-BS20-CD20-CO20 -> 0 | DA20: =O20-AO20-AZ20-BK20-BV20-CG20-CR20 -> 0 | DB20: =Q20-AP20-BA20-BL20-BW20-CH20-CS20 -> 0 | DC20: =P20-Q20-R20-S20 -> 0 | DE20: 174.164 | DF20: 101.353 | DG20: =FORECAST(DF20,DG$5:DG19,DF$5:DF19) -> 40.371922 | DH20: =DF20/DE20 -> 0.58194001 | DI20: 146.06 | DJ20: =DI20/DE20/2 -> 0.41931742 | DK20: 118.238 | DL20: 114.497 | DM20: =1-DL20/DK20 -> 0.031639574 | DN20: 144.025 | DO20: 252.305 | DP20: 48.571 | DQ20: =DP20+DO20 -> 300.876 | DR20: =DJ20+DH20 -> 1.0012574 | DS20: =DK20/DI20 -> 0.80951664 | DT20: 109.126 | DU20: 47.094 | DV20: 22.364 | DW20: =DU20/DT20 -> 0.43155618 | DX20: 32.792 | DY20: =DX20/DT20/2 -> 0.15024834 | DZ20: 38.906 | EA20: 38.445 | EB20: =1-EA20/DZ20 -> 0.011849072 | EC20: 34.482 | EE20: 43.057 | EF20: =EE20+ED20 -> 43.057 | EG20: =DY20+DW20 -> 0.58180452 | EJ20: =(C20*2000/1000)/(A21-A20) -> 9.0726645 | EK20: ='NOPA Crush'!B445*56/('NOPA Crush'!A445-'NOPA Crush'!A444) -> 10.557829 | EL20: =EJ20/EK20 -> 0.85933054 | EM20: =DE20/($A21-$A20) -> 5.6181935 | EN20: =(DT20*2000/1000000)/($A21-$A20) -> 0.0070403871 | EO20: =EJ20+EM20+EN20 -> 14.697898
A21: 42614 | B21: 4148.008 | C21: =B21/30 -> 138.26693 | D21: =C21-'NOPA Crush'!G446 -> 8.0319333 | E21: =C21/'NOPA Crush'!G446-1 -> 0.061672617 | F21: 3042.315 | G21: 2999.215 | H21: 43.1 | I21: 233.715 | J21: =F21*2/C21 -> 44.0064 | K21: =(F21+M21)*2/C21 -> 47.118395 | L21: =K21-'NOPA Crush'!J446 -> -0.16160486 | M21: 215.143 | N21: 30.171 | O21: 1616.609 | P21: 1417.4 | Q21: 600.477 | R21: 259.927 | S21: 556.996 | T21: 269.413 | U21: =(P21+T21)-'NOPA Crush'!Q446 -> 310.86 | V21: =(P21+T21)/'NOPA Crush'!Q446-1 -> 0.22592341 | W21: =O21/C21 -> 11.691942 | X21: =W21-'NOPA Crush'!O446 -> -0.068057747 | Y21: =K21+W21 -> 58.810337 | Z21: 1397.555 | AA21: 1368.461 | AB21: =(Z21-AA21)/Z21 -> 0.020817785 | AC21: 132.793 | AD21: 1388.248 | AE21: 1101.371 | AF21: 286.877 | AG21: =AD21/AA21-1 -> 0.014459309 | AI21: 451.253 | AJ21: =AI21/30 -> 15.041767 | AK21: 327.487 | AL21: 43.807 | AM21: =AK21*2/AJ21 -> 43.543688 | AN21: =AM21-J21 -> -0.46271183 | AO21: 174.081 | AP21: 77.781 | AQ21: =AO21/AJ21 -> 11.573175 | AR21: =AQ21-W21 -> -0.11876712 | AS21: =AM21+AQ21 -> 55.116863 | AT21: 970.697 | AU21: =AT21/30 -> 32.356567 | AV21: 714.785 | AW21: 48.268 | AX21: =AV21*2/AU21 -> 44.181758 | AY21: =AX21-J21 -> 0.17535788 | AZ21: 372.202 | BA21: 112.59 | BB21: =AZ21/AU21 -> 11.503136 | BC21: =BB21-W21 -> -0.18880585 | BD21: =AX21+BB21 -> 55.684894 | BE21: 985.484 | BF21: =BE21/30 -> 32.849467 | BG21: 721.657 | BH21: 51.805 | BI21: =BG21*2/BF21 -> 43.937213 | BJ21: =BI21-J21 -> -0.069187603 | BK21: 384.123 | BL21: 155.045 | BM21: =BK21/BF21 -> 11.693432 | BN21: =BM21-W21 -> 0.0014896041 | BO21: =BM21+BI21 -> 55.630644 | BP21: 592.748 | BQ21: =BP21/30 -> 19.758267 | BR21: 436.066 | BS21: 23.354 | BT21: =BR21*2/BQ21 -> 44.140107 | BU21: =BT21-J21 -> 0.13370658 | BV21: 239.857 | BW21: 156.933 | BX21: =BV21/BQ21 -> 12.139577 | BY21: =BX21-W21 -> 0.44763477 | BZ21: =BT21+BX21 -> 56.279684 | CA21: 495.385 | CB21: =CA21/30 -> 16.512833 | CC21: 357.654 | CD21: 35.939 | CE21: =CC21*2/CB21 -> 43.318308 | CF21: =CE21-J21 -> -0.6880922 | CG21: 190.805 | CH21: 54.25 | CI21: =CG21/CB21 -> 11.554952 | CJ21: =CI21-W21 -> -0.13699004 | CK21: =CI21+CE21 -> 54.87326 | CL21: 652.441 | CM21: =CL21/30 -> 21.748033 | CN21: 484.666 | CO21: 30.542 | CP21: =CN21*2/CM21 -> 44.571019 | CQ21: =CP21-J21 -> 0.5646185 | CR21: 255.541 | CS21: 43.878 | CT21: =CR21/CM21 -> 11.750074 | CU21: =CT21-W21 -> 0.0581317 | CV21: =CP21+CT21 -> 56.321093 | CX21: =C21-AJ21-AU21-BF21-BQ21-CB21-CM21 -> 0 | CY21: =F21-AK21-AV21-BG21-BR21-CC21-CN21 -> 0 | CZ21: =I21-AL21-AW21-BH21-BS21-CD21-CO21 -> 0 | DA21: =O21-AO21-AZ21-BK21-BV21-CG21-CR21 -> 0 | DB21: =Q21-AP21-BA21-BL21-BW21-CH21-CS21 -> -9.9475983e-14 | DC21: =P21-Q21-R21-S21 -> 0 | DE21: 213.176 | DF21: 120.435 | DG21: =FORECAST(DF21,DG$5:DG20,DF$5:DF20) -> 41.384436 | DH21: =DF21/DE21 -> 0.56495572 | DI21: 183.019 | DJ21: =DI21/DE21/2 -> 0.42926737 | DK21: 176.68 | DL21: 173.184 | DM21: =1-DL21/DK21 -> 0.019787186 | DN21: 160.876 | DO21: =MROUND(FORECAST(DI21,DO$5:DO20,DI$5:DI20),1) -> 242 | DP21: 52.783 | DQ21: =DP21+DO21 -> 294.783 | DR21: =DJ21+DH21 -> 0.99422308 | DS21: =DK21/DI21 -> 0.96536425 | DT21: 119.113 | DU21: 54.805 | DV21: 19.676 | DW21: =DU21/DT21 -> 0.46010931 | DX21: 37.298 | DY21: =DX21/DT21/2 -> 0.15656561 | DZ21: 38.286 | EA21: 37.235 | EB21: =1-EA21/DZ21 -> 0.027451288 | EC21: 40.747 | EE21: 41.547 | EF21: =EE21+ED21 -> 41.547 | EG21: =DY21+DW21 -> 0.61667492 | EJ21: =(C21*2000/1000)/(A22-A21) -> 9.2177956 | EK21: ='NOPA Crush'!B446*56/('NOPA Crush'!A446-'NOPA Crush'!A445) -> 10.500257 | EL21: =EJ21/EK21 -> 0.87786382 | EM21: =DE21/($A22-$A21) -> 7.1058667 | EN21: =(DT21*2000/1000000)/($A22-$A21) -> 0.0079408667 | EO21: =EJ21+EM21+EN21 -> 16.331603
A22: 42644 | B22: 5276.415 | C22: =B22/30 -> 175.8805 | D22: =C22-'NOPA Crush'!G447 -> 11.2395 | E22: =C22/'NOPA Crush'!G447-1 -> 0.068266714 | F22: 3830.125 | G22: 3767.699 | H22: 62.426 | I22: 335.413 | J22: =F22*2/C22 -> 43.55372 | K22: =(F22+M22)*2/C22 -> 46.668528 | L22: =K22-'NOPA Crush'!J447 -> 0.0085277788 | M22: 273.917 | N22: 42.212 | O22: 2028.518 | P22: 1437.483 | Q22: 592.33 | R22: 317.449 | S22: 527.704 | T22: 357.828 | U22: =(P22+T22)-'NOPA Crush'!Q447 -> 452.242 | V22: =(P22+T22)/'NOPA Crush'!Q447-1 -> 0.33672283 | W22: =O22/C22 -> 11.533501 | X22: =W22-'NOPA Crush'!O447 -> -0.07649856 | Y22: =K22+W22 -> 58.202029 | Z22: 1580.814 | AA22: 1542.749 | AB22: =(Z22-AA22)/Z22 -> 0.024079367 | AC22: =FORECAST(S22,AC23:AC$87,S23:S$87) -> 107.36164 | AD22: 1579.541 | AE22: 1238.448 | AF22: 341.093 | AG22: =AD22/AA22-1 -> 0.023848338 | AI22: 635.958 | AJ22: =AI22/30 -> 21.1986 | AK22: 459.827 | AL22: 69.516 | AM22: =AK22*2/AJ22 -> 43.382771 | AN22: =AM22-J22 -> -0.17094915 | AO22: 251.934 | AP22: 99.942 | AQ22: =AO22/AJ22 -> 11.884464 | AR22: =AQ22-W22 -> 0.35096263 | AS22: =AM22+AQ22 -> 55.267235 | AT22: 1135.222 | AU22: =AT22/30 -> 37.840733 | AV22: 826.937 | AW22: 68.084 | AX22: =AV22*2/AU22 -> 43.706183 | AY22: =AX22-J22 -> 0.15246287 | AZ22: 432.983 | BA22: 98.398 | BB22: =AZ22/AU22 -> 11.442247 | BC22: =BB22-W22 -> -0.091254901 | BD22: =AX22+BB22 -> 55.148429 | BE22: 1260.422 | BF22: =BE22/30 -> 42.014067 | BG22: 914.44 | BH22: 62.601 | BI22: =BG22*2/BF22 -> 43.530183 | BJ22: =BI22-J22 -> -0.023536965 | BK22: 487.728 | BL22: 123.69 | BM22: =BK22/BF22 -> 11.608683 | BN22: =BM22-W22 -> 0.075182001 | BO22: =BM22+BI22 -> 55.138866 | BP22: 712.934 | BQ22: =BP22/30 -> 23.764467 | BR22: 524.593 | BS22: 35.37 | BT22: =BR22*2/BQ22 -> 44.14936 | BU22: =BT22-J22 -> 0.59564054 | BV22: 269.439 | BW22: 177.382 | BX22: =BV22/BQ22 -> 11.337894 | BY22: =BX22-W22 -> -0.19560761 | BZ22: =BT22+BX22 -> 55.487254 | CA22: 653.604 | CB22: =CA22/30 -> 21.7868 | CC22: 471.436 | CD22: 51.815 | CE22: =CC22*2/CB22 -> 43.277214 | CF22: =CE22-J22 -> -0.27650599 | CG22: 252.391 | CH22: 48.539 | CI22: =CG22/CB22 -> 11.584583 | CJ22: =CI22-W22 -> 0.051081886 | CK22: =CI22+CE22 -> 54.861797 | CL22: 878.275 | CM22: =CL22/30 -> 29.275833 | CN22: 632.892 | CO22: 48.027 | CP22: =CN22*2/CM22 -> 43.236481 | CQ22: =CP22-J22 -> -0.31723911 | CR22: 334.043 | CS22: 44.379 | CT22: =CR22/CM22 -> 11.410196 | CU22: =CT22-W22 -> -0.12330532 | CV22: =CP22+CT22 -> 54.646677 | CX22: =C22-AJ22-AU22-BF22-BQ22-CB22-CM22 -> 0 | CY22: =F22-AK22-AV22-BG22-BR22-CC22-CN22 -> 0 | CZ22: =I22-AL22-AW22-BH22-BS22-CD22-CO22 -> 0 | DA22: =O22-AO22-AZ22-BK22-BV22-CG22-CR22 -> 0 | DB22: =Q22-AP22-BA22-BL22-BW22-CH22-CS22 -> 0 | DC22: =P22-Q22-R22-S22 -> 0 | DE22: 213.23 | DF22: 121.184 | DG22: =FORECAST(DF22,DG$5:DG21,DF$5:DF21) -> 41.424179 | DH22: =DF22/DE22 -> 0.56832528 | DI22: 177.076 | DJ22: =DI22/DE22/2 -> 0.415223 | DK22: 171.639 | DL22: 166.881 | DM22: =1-DL22/DK22 -> 0.027720973 | DN22: 170.979 | DO22: =MROUND(FORECAST(DI22,DO$5:DO21,DI$5:DI21),1) -> 233 | DP22: 52.157 | DQ22: =DP22+DO22 -> 285.157 | DR22: =DJ22+DH22 -> 0.98354828 | DS22: =DK22/DI22 -> 0.96929567 | DT22: 141.59 | DU22: 63.853 | DV22: 29.753 | DW22: =DU22/DT22 -> 0.45097111 | DX22: 42.003 | DY22: =DX22/DT22/2 -> 0.14832615 | DZ22: 54.637 | EA22: 49.851 | EB22: =1-EA22/DZ22 -> 0.087596318 | EC22: 39.122 | EE22: 47.611 | EF22: =EE22+ED22 -> 47.611 | EG22: =DY22+DW22 -> 0.59929727 | EJ22: =(C22*2000/1000)/(A23-A22) -> 11.347129 | EK22: ='NOPA Crush'!B447*56/('NOPA Crush'!A447-'NOPA Crush'!A446) -> 10.961715 | EL22: =EJ22/EK22 -> 1.03516 | EM22: =DE22/($A23-$A22) -> 6.8783871 | EN22: =(DT22*2000/1000000)/($A23-$A22) -> 0.0091348387 | EO22: =EJ22+EM22+EN22 -> 18.234651
A23: 42675 | B23: 5122.038 | C23: =B23/30 -> 170.7346 | D23: =C23-'NOPA Crush'!G448 -> 9.9826 | E23: =C23/'NOPA Crush'!G448-1 -> 0.062099383 | F23: 3739.093 | G23: 3671.317 | H23: 67.776 | I23: 361.959 | J23: =F23*2/C23 -> 43.800062 | K23: =(F23+M23)*2/C23 -> 47.002857 | L23: =K23-'NOPA Crush'!J448 -> 0.14285707 | M23: 273.414 | N23: 46.074 | O23: 1961.256 | P23: 1473.201 | Q23: 618.32 | R23: 325.894 | S23: 528.987 | T23: 307.51 | U23: =(P23+T23)-'NOPA Crush'!Q448 -> 442.07 | V23: =(P23+T23)/'NOPA Crush'!Q448-1 -> 0.33023791 | W23: =O23/C23 -> 11.487162 | X23: =W23-'NOPA Crush'!O448 -> -0.062838054 | Y23: =K23+W23 -> 58.490019 | Z23: 1471.587 | AA23: 1438.84 | AB23: =(Z23-AA23)/Z23 -> 0.022252847 | AC23: 114.49 | AD23: 1463.62 | AE23: 1147.517 | AF23: 316.103 | AG23: =AD23/AA23-1 -> 0.017222207 | AI23: 653.259 | AJ23: =AI23/30 -> 21.7753 | AK23: 475.789 | AL23: 86.894 | AM23: =AK23*2/AJ23 -> 43.69988 | AN23: =AM23-J23 -> -0.10018148 | AO23: 255.081 | AP23: 126.853 | AQ23: =AO23/AJ23 -> 11.714236 | AR23: =AQ23-W23 -> 0.22707391 | AS23: =AM23+AQ23 -> 55.414116 | AT23: 1097.446 | AU23: =AT23/30 -> 36.581533 | AV23: 800.539 | AW23: 59.388 | AX23: =AV23*2/AU23 -> 43.767384 | AY23: =AX23-J23 -> -0.032678073 | AZ23: 415.128 | BA23: 99.653 | BB23: =AZ23/AU23 -> 11.348021 | BC23: =BB23-W23 -> -0.13914118 | BD23: =AX23+BB23 -> 55.115404 | BE23: 1177.106 | BF23: =BE23/30 -> 39.236867 | BG23: 854.893 | BH23: 96.25 | BI23: =BG23*2/BF23 -> 43.576008 | BJ23: =BI23-J23 -> -0.22405402 | BK23: 453.481 | BL23: 136.874 | BM23: =BK23/BF23 -> 11.557523 | BN23: =BM23-W23 -> 0.070361336 | BO23: =BM23+BI23 -> 55.133531 | BP23: 647.631 | BQ23: =BP23/30 -> 21.5877 | BR23: 480.77 | BS23: 26.602 | BT23: =BR23*2/BQ23 -> 44.541104 | BU23: =BT23-J23 -> 0.74104281 | BV23: 247.553 | BW23: 159.576 | BX23: =BV23/BQ23 -> 11.467317 | BY23: =BX23-W23 -> -0.019844909 | BZ23: =BT23+BX23 -> 56.008421 | CA23: 666.907 | CB23: =CA23/30 -> 22.230233 | CC23: 484.419 | CD23: 50.394 | CE23: =CC23*2/CB23 -> 43.581999 | CF23: =CE23-J23 -> -0.21806293 | CG23: 256.795 | CH23: 59.39 | CI23: =CG23/CB23 -> 11.551611 | CJ23: =CI23-W23 -> 0.064448698 | CK23: =CI23+CE23 -> 55.133609 | CL23: 879.689 | CM23: =CL23/30 -> 29.322967 | CN23: 642.683 | CO23: 42.431 | CP23: =CN23*2/CM23 -> 43.834787 | CQ23: =CP23-J23 -> 0.034725451 | CR23: 333.218 | CS23: 35.974 | CT23: =CR23/CM23 -> 11.363721 | CU23: =CT23-W23 -> -0.12344136 | CV23: =CP23+CT23 -> 55.198508 | CX23: =C23-AJ23-AU23-BF23-BQ23-CB23-CM23 -> 0 | CY23: =F23-AK23-AV23-BG23-BR23-CC23-CN23 -> 0 | CZ23: =I23-AL23-AW23-BH23-BS23-CD23-CO23 -> 0 | DA23: =O23-AO23-AZ23-BK23-BV23-CG23-CR23 -> 0 | DB23: =Q23-AP23-BA23-BL23-BW23-CH23-CS23 -> 0 | DC23: =P23-Q23-R23-S23 -> 0 | DE23: 209.432 | DF23: 117.056 | DG23: =FORECAST(DF23,DG4:DG22,DF4:DF22) -> 41.205142 | DH23: =DF23/DE23 -> 0.55892127 | DI23: 178.189 | DJ23: =DI23/DE23/2 -> 0.42541016 | DK23: 167.222 | DL23: 161.95 | DM23: =1-DL23/DK23 -> 0.031526952 | DN23: 160.326 | DO23: 239.673 | DP23: 66.466 | DQ23: =DP23+DO23 -> 306.139 | DR23: =DJ23+DH23 -> 0.98433143 | DS23: =DK23/DI23 -> 0.93845299 | DT23: 163.909 | DU23: 75.937 | DV23: 34.469 | DW23: =DU23/DT23 -> 0.46328756 | DX23: 51.141 | DY23: =DX23/DT23/2 -> 0.15600425 | DZ23: 50.007 | EA23: 48.776 | EB23: =1-EA23/DZ23 -> 0.024616554 | EC23: 48.018 | EE23: 48.432 | EF23: =EE23+ED23 -> 48.432 | EG23: =DY23+DW23 -> 0.6192918 | EJ23: =(C23*2000/1000)/(A24-A23) -> 11.382307 | EK23: ='NOPA Crush'!B448*56/('NOPA Crush'!A448-'NOPA Crush'!A447) -> 10.538355 | EL23: =EJ23/EK23 -> 1.0800838 | EM23: =DE23/($A24-$A23) -> 6.9810667 | EN23: =(DT23*2000/1000000)/($A24-$A23) -> 0.010927267 | EO23: =EJ23+EM23+EN23 -> 18.374301
A24: 42705 | B24: 5071.493 | C24: =B24/30 -> 169.04977 | D24: =C24-'NOPA Crush'!G449 -> 8.8737667 | E24: =C24/'NOPA Crush'!G449-1 -> 0.055400102 | F24: 3690.668 | G24: 3628.323 | H24: 62.345 | I24: 403.901 | J24: =F24*2/C24 -> 43.663686 | K24: =(F24+M24)*2/C24 -> 46.899172 | L24: =K24-'NOPA Crush'!J449 -> 0.059171506 | M24: 273.479 | N24: 42.509 | O24: 1950.176 | P24: 1505.351 | Q24: 632.124 | R24: 303.62 | S24: 569.607 | T24: 366.919 | U24: =(P24+T24)-'NOPA Crush'!Q449 -> 438.323 | V24: =(P24+T24)/'NOPA Crush'!Q449-1 -> 0.30567587 | W24: =O24/C24 -> 11.536106 | X24: =W24-'NOPA Crush'!O449 -> -0.083894163 | Y24: =K24+W24 -> 58.435277 | Z24: 1440.556 | AA24: 1406.505 | AB24: =(Z24-AA24)/Z24 -> 0.023637401 | AC24: 120.2 | AD24: 1376.935 | AE24: 1083.997 | AF24: 292.938 | AG24: =AD24/AA24-1 -> -0.021023743 | AI24: 641.988 | AJ24: =AI24/30 -> 21.3996 | AK24: 462.693 | AL24: 94.385 | AM24: =AK24*2/AJ24 -> 43.243145 | AN24: =AM24-J24 -> -0.42054168 | AO24: 252.51 | AP24: 118.626 | AQ24: =AO24/AJ24 -> 11.799753 | AR24: =AQ24-W24 -> 0.26364743 | AS24: =AM24+AQ24 -> 55.042898 | AT24: 1090.185 | AU24: =AT24/30 -> 36.3395 | AV24: 795.276 | AW24: 69.58 | AX24: =AV24*2/AU24 -> 43.769232 | AY24: =AX24-J24 -> 0.10554541 | AZ24: 414.879 | BA24: 122.691 | BB24: =AZ24/AU24 -> 11.41675 | BC24: =BB24-W24 -> -0.11935547 | BD24: =AX24+BB24 -> 55.185982 | BE24: 1102.2 | BF24: =BE24/30 -> 36.74 | BG24: 803.907 | BH24: 79.529 | BI24: =BG24*2/BF24 -> 43.761949 | BJ24: =BI24-J24 -> 0.098262416 | BK24: 428.512 | BL24: 117.929 | BM24: =BK24/BF24 -> 11.663364 | BN24: =BM24-W24 -> 0.12725834 | BO24: =BM24+BI24 -> 55.425313 | BP24: 690.151 | BQ24: =BP24/30 -> 23.005033 | BR24: 500.821 | BS24: 38.06 | BT24: =BR24*2/BQ24 -> 43.540124 | BU24: =BT24-J24 -> -0.12356259 | BV24: 260.797 | BW24: 147.289 | BX24: =BV24/BQ24 -> 11.336519 | BY24: =BX24-W24 -> -0.19958673 | BZ24: =BT24+BX24 -> 54.876643 | CA24: 660.057 | CB24: =CA24/30 -> 22.0019 | CC24: 478.293 | CD24: 65.333 | CE24: =CC24*2/CB24 -> 43.477427 | CF24: =CE24-J24 -> -0.18625946 | CG24: 255.052 | CH24: 82.32 | CI24: =CG24/CB24 -> 11.592272 | CJ24: =CI24-W24 -> 0.056165739 | CK24: =CI24+CE24 -> 55.069699 | CL24: 886.912 | CM24: =CL24/30 -> 29.563733 | CN24: 649.678 | CO24: 57.014 | CP24: =CN24*2/CM24 -> 43.951012 | CQ24: =CP24-J24 -> 0.28732564 | CR24: 338.426 | CS24: 43.269 | CT24: =CR24/CM24 -> 11.447336 | CU24: =CT24-W24 -> -0.088769461 | CV24: =CP24+CT24 -> 55.398348 | CX24: =C24-AJ24-AU24-BF24-BQ24-CB24-CM24 -> 0 | CY24: =F24-AK24-AV24-BG24-BR24-CC24-CN24 -> 0 | CZ24: =I24-AL24-AW24-BH24-BS24-CD24-CO24 -> 0 | DA24: =O24-AO24-AZ24-BK24-BV24-CG24-CR24 -> 0 | DB24: =Q24-AP24-BA24-BL24-BW24-CH24-CS24 -> 6.3948846e-14 | DC24: =P24-Q24-R24-S24 -> 0 | DE24: 178.637 | DF24: 103.139 | DG24: =FORECAST(DF24,DG5:DG23,DF5:DF23) -> 40.466689 | DH24: =DF24/DE24 -> 0.57736639 | DI24: 149.916 | DJ24: =DI24/DE24/2 -> 0.41961072 | DK24: 120.438 | DL24: 117.307 | DM24: =1-DL24/DK24 -> 0.025996778 | DN24: 138.866 | DO24: 237.622 | DP24: 68.912 | DQ24: =DP24+DO24 -> 306.534 | DR24: =DJ24+DH24 -> 0.99697711 | DS24: =DK24/DI24 -> 0.80336989 | DT24: 167.631 | DU24: 76.853 | DV24: 33.198 | DW24: =DU24/DT24 -> 0.45846532 | DX24: 50.386 | DY24: =DX24/DT24/2 -> 0.15028843 | DZ24: 53.081 | EA24: 51.498 | EB24: =1-EA24/DZ24 -> 0.029822347 | EC24: 53.464 | EE24: 48.385 | EF24: =EE24+ED24 -> 48.385 | EG24: =DY24+DW24 -> 0.60875375 | EJ24: =(C24*2000/1000)/(A25-A24) -> 10.906437 | EK24: ='NOPA Crush'!B449*56/('NOPA Crush'!A449-'NOPA Crush'!A448) -> 10.812403 | EL24: =EJ24/EK24 -> 1.0086969 | EM24: =DE24/($A25-$A24) -> 5.7624839 | EN24: =(DT24*2000/1000000)/($A25-$A24) -> 0.010814903 | EO24: =EJ24+EM24+EN24 -> 16.679735
A25: 42736 | B25: 5139.706 | C25: =B25/30 -> 171.32353 | D25: =C25-'NOPA Crush'!G450 -> 10.702533 | E25: =C25/'NOPA Crush'!G450-1 -> 0.066632217 | F25: 3763.462 | G25: 3698.782 | H25: 64.68 | I25: 394.425 | J25: =F25*2/C25 -> 43.933976 | K25: =(F25+M25)*2/C25 -> 46.98947 | L25: =K25-'NOPA Crush'!J450 -> 0.049469826 | M25: 261.739 | N25: 40.448 | O25: 1982.893 | P25: 1731.033 | Q25: 794.281 | R25: 324.801 | S25: 611.951 | T25: 394.664 | U25: =(P25+T25)-'NOPA Crush'!Q450 -> 496.903 | V25: =(P25+T25)/'NOPA Crush'!Q450-1 -> 0.30507418 | W25: =O25/C25 -> 11.573967 | X25: =W25-'NOPA Crush'!O450 -> -0.07603254 | Y25: =K25+W25 -> 58.563437 | Z25: 1370.226 | AA25: 1324.754 | AB25: =(Z25-AA25)/Z25 -> 0.033185766 | AC25: 89.685 | AD25: 1262.052 | AE25: 1066.162 | AF25: 195.89 | AG25: =AD25/AA25-1 -> -0.047331052 | AI25: 639.072 | AJ25: =AI25/30 -> 21.3024 | AK25: 459.075 | AL25: 76.612 | AM25: =AK25*2/AJ25 -> 43.100777 | AN25: =AM25-J25 -> -0.83319861 | AO25: 252.481 | AP25: 141.342 | AQ25: =AO25/AJ25 -> 11.852233 | AR25: =AQ25-W25 -> 0.27826515 | AS25: =AM25+AQ25 -> 54.95301 | AT25: 1084.773 | AU25: =AT25/30 -> 36.1591 | AV25: 792.645 | AW25: 74.009 | AX25: =AV25*2/AU25 -> 43.842076 | AY25: =AX25-J25 -> -0.091900275 | AZ25: 414.097 | BA25: 171.682 | BB25: =AZ25/AU25 -> 11.452083 | BC25: =BB25-W25 -> -0.12188486 | BD25: =AX25+BB25 -> 55.294158 | BE25: 1169.152 | BF25: =BE25/30 -> 38.971733 | BG25: 859.929 | BH25: 77.743 | BI25: =BG25*2/BF25 -> 44.130909 | BJ25: =BI25-J25 -> 0.19693257 | BK25: 455.529 | BL25: 169.843 | BM25: =BK25/BF25 -> 11.688703 | BN25: =BM25-W25 -> 0.11473512 | BO25: =BM25+BI25 -> 55.819611 | BP25: 689.401 | BQ25: =BP25/30 -> 22.980033 | BR25: 511.437 | BS25: 47.895 | BT25: =BR25*2/BQ25 -> 44.511424 | BU25: =BT25-J25 -> 0.5774477 | BV25: 260.212 | BW25: 195.986 | BX25: =BV25/BQ25 -> 11.323395 | BY25: =BX25-W25 -> -0.25057222 | BZ25: =BT25+BX25 -> 55.834819 | CA25: 689.113 | CB25: =CA25/30 -> 22.970433 | CC25: 490.946 | CD25: 63.032 | CE25: =CC25*2/CB25 -> 42.745907 | CF25: =CE25-J25 -> -1.1880693 | CG25: 260.472 | CH25: 75.278 | CI25: =CG25/CB25 -> 11.339447 | CJ25: =CI25-W25 -> -0.23452095 | CK25: =CI25+CE25 -> 54.085353 | CL25: 868.195 | CM25: =CL25/30 -> 28.939833 | CN25: 638.062 | CO25: 47.895 | CP25: =CN25*2/CM25 -> 44.095762 | CQ25: =CP25-J25 -> 0.16178591 | CR25: 334.418 | CS25: 36.924 | CT25: =CR25/CM25 -> 11.55563 | CU25: =CT25-W25 -> -0.018337677 | CV25: =CP25+CT25 -> 55.651392 | CX25: =C25-AJ25-AU25-BF25-BQ25-CB25-CM25 -> 0 | CY25: =F25-AK25-AV25-BG25-BR25-CC25-CN25 -> 11.368 | CZ25: =I25-AL25-AW25-BH25-BS25-CD25-CO25 -> 7.239 | DA25: =O25-AO25-AZ25-BK25-BV25-CG25-CR25 -> 5.684 | DB25: =Q25-AP25-BA25-BL25-BW25-CH25-CS25 -> 3.226 | DC25: =P25-Q25-R25-S25 -> 0 | DE25: 177.362 | DF25: 98.758 | DG25: =FORECAST(DF25,DG6:DG24,DF6:DF24) -> 40.302484 | DH25: =DF25/DE25 -> 0.556816 | DI25: 150.873 | DJ25: =DI25/DE25/2 -> 0.42532504 | DK25: 117.494 | DL25: 114.721 | DM25: =1-DL25/DK25 -> 0.023601205 | DN25: 132.805 | DO25: =MROUND(FORECAST(DI25,DO$5:DO24,DI$5:DI24),1) -> 199 | DP25: 82.693 | DQ25: =DP25+DO25 -> 281.693 | DR25: =DJ25+DH25 -> 0.98214104 | DS25: =DK25/DI25 -> 0.77876094 | DT25: 158.515 | DU25: 71.819 | DV25: 26.595 | DW25: =DU25/DT25 -> 0.45307384 | DX25: 47.923 | DY25: =DX25/DT25/2 -> 0.15116235 | DZ25: 45.298 | EA25: 44.279 | EB25: =1-EA25/DZ25 -> 0.022495474 | EC25: 47.831 | EE25: 41.301 | EF25: =EE25+ED25 -> 41.301 | EG25: =DY25+DW25 -> 0.60423619 | EJ25: =(C25*2000/1000)/(A26-A25) -> 11.053131 | EK25: ='NOPA Crush'!B450*56/('NOPA Crush'!A450-'NOPA Crush'!A449) -> 10.589534 | EL25: =EJ25/EK25 -> 1.0437788 | EM25: =DE25/($A26-$A25) -> 5.7213548 | EN25: =(DT25*2000/1000000)/($A26-$A25) -> 0.010226774 | EO25: =EJ25+EM25+EN25 -> 16.784713
A26: 42767 | B26: 4542.336 | C26: =B26/30 -> 151.4112 | D26: =C26-'NOPA Crush'!G451 -> 8.6192 | E26: =C26/'NOPA Crush'!G451-1 -> 0.060361925 | F26: 3331.018 | G26: 3274.552 | H26: 56.466 | I26: 372.404 | J26: =F26*2/C26 -> 43.999625 | K26: =(F26+M26)*2/C26 -> 47.013589 | L26: =K26-'NOPA Crush'!J451 -> 0.013589483 | M26: 228.174 | N26: 32.408 | O26: 1757.03 | P26: 1801.761 | Q26: 861.399 | R26: 345.05 | S26: 595.312 | T26: 411.556 | U26: =(P26+T26)-'NOPA Crush'!Q451 -> 443.257 | V26: =(P26+T26)/'NOPA Crush'!Q451-1 -> 0.25041919 | W26: =O26/C26 -> 11.60436 | X26: =W26-'NOPA Crush'!O451 -> -0.075640481 | Y26: =K26+W26 -> 58.617949 | Z26: 1301.503 | AA26: 1263.314 | AB26: =(Z26-AA26)/Z26 -> 0.02934223 | AC26: 75.1 | AD26: 1214.787 | AE26: 1008.534 | AF26: 206.253 | AG26: =AD26/AA26-1 -> -0.038412461 | AI26: 570.231 | AJ26: =AI26/30 -> 19.0077 | AK26: 410.026 | AL26: 96.483 | AM26: =AK26*2/AJ26 -> 43.143147 | AN26: =AM26-J26 -> -0.85647761 | AO26: 225.836 | AP26: 142.92 | AQ26: =AO26/AJ26 -> 11.88129 | AR26: =AQ26-W26 -> 0.27693069 | AS26: =AM26+AQ26 -> 55.024437 | AT26: 961.556 | AU26: =AT26/30 -> 32.051867 | AV26: 707.377 | AW26: 67.104 | AX26: =AV26*2/AU26 -> 44.13952 | AY26: =AX26-J26 -> 0.13989483 | AZ26: 362.039 | BA26: 164.941 | BB26: =AZ26/AU26 -> 11.295411 | BC26: =BB26-W26 -> -0.30894875 | BD26: =AX26+BB26 -> 55.43493 | BE26: 1012.452 | BF26: =BE26/30 -> 33.7484 | BG26: 747.598 | BH26: 77.987 | BI26: =BG26*2/BF26 -> 44.304204 | BJ26: =BI26-J26 -> 0.30457919 | BK26: 398.011 | BL26: 208.509 | BM26: =BK26/BF26 -> 11.793478 | BN26: =BM26-W26 -> 0.1891181 | BO26: =BM26+BI26 -> 56.097682 | BP26: 612.244 | BQ26: =BP26/30 -> 20.408133 | BR26: 456.569 | BS26: 31.006 | BT26: =BR26*2/BQ26 -> 44.743828 | BU26: =BT26-J26 -> 0.74420276 | BV26: 235.416 | BW26: 222.381 | BX26: =BV26/BQ26 -> 11.535401 | BY26: =BX26-W26 -> -0.0689586 | BZ26: =BT26+BX26 -> 56.279229 | CA26: 622.626 | CB26: =CA26/30 -> 20.7542 | CC26: 442.376 | CD26: 53.865 | CE26: =CC26*2/CB26 -> 42.630022 | CF26: =CE26-J26 -> -1.369603 | CG26: 237.035 | CH26: 76.331 | CI26: =CG26/CB26 -> 11.421062 | CJ26: =CI26-W26 -> -0.18329776 | CK26: =CI26+CE26 -> 54.051084 | CL26: 763.227 | CM26: =CL26/30 -> 25.4409 | CN26: 558.09 | CO26: 36.182 | CP26: =CN26*2/CM26 -> 43.873448 | CQ26: =CP26-J26 -> -0.12617699 | CR26: 294.202 | CS26: 43.087 | CT26: =CR26/CM26 -> 11.564135 | CU26: =CT26-W26 -> -0.040224602 | CV26: =CP26+CT26 -> 55.437583 | CX26: =C26-AJ26-AU26-BF26-BQ26-CB26-CM26 -> 0 | CY26: =F26-AK26-AV26-BG26-BR26-CC26-CN26 -> 8.982 | CZ26: =I26-AL26-AW26-BH26-BS26-CD26-CO26 -> 9.777 | DA26: =O26-AO26-AZ26-BK26-BV26-CG26-CR26 -> 4.491 | DB26: =Q26-AP26-BA26-BL26-BW26-CH26-CS26 -> 3.23 | DC26: =P26-Q26-R26-S26 -> 0 | DE26: 166.774 | DF26: 90.511 | DG26: =FORECAST(DF26,DG7:DG25,DF7:DF25) -> 40.196163 | DH26: =DF26/DE26 -> 0.54271649 | DI26: 139.943 | DJ26: =DI26/DE26/2 -> 0.4195588 | DK26: 120.579 | DL26: 117.142 | DM26: =1-DL26/DK26 -> 0.028504134 | DN26: 130.698 | DO26: =MROUND(FORECAST(DI26,DO$5:DO25,DI$5:DI25),1) -> 183 | DP26: 80.974 | DQ26: =DP26+DO26 -> 263.974 | DR26: =DJ26+DH26 -> 0.96227529 | DS26: =DK26/DI26 -> 0.86162938 | DT26: 152.859 | DU26: 67.63 | DV26: 18.465 | DW26: =DU26/DT26 -> 0.44243388 | DX26: 47.43 | DY26: =DX26/DT26/2 -> 0.15514297 | DZ26: 45.37 | EA26: 44.285 | EB26: =1-EA26/DZ26 -> 0.023914481 | EC26: 41.883 | EE26: 42.696 | EF26: =EE26+ED26 -> 42.696 | EG26: =DY26+DW26 -> 0.59757685 | EJ26: =(C26*2000/1000)/(A27-A26) -> 10.815086 | EK26: ='NOPA Crush'!B451*56/('NOPA Crush'!A451-'NOPA Crush'!A450) -> 10.518869 | EL26: =EJ26/EK26 -> 1.0281605 | EM26: =DE26/($A27-$A26) -> 5.9562143 | EN26: =(DT26*2000/1000000)/($A27-$A26) -> 0.0109185 | EO26: =EJ26+EM26+EN26 -> 16.782218
A27: 42795 | B27: 4822.961 | C27: =B27/30 -> 160.76537 | D27: =C27-'NOPA Crush'!G452 -> 7.7053667 | E27: =C27/'NOPA Crush'!G452-1 -> 0.050342132 | F27: 3528.733 | G27: 3473.584 | H27: 55.149 | I27: 318.123 | J27: =F27*2/C27 -> 43.899169 | K27: =(F27+M27)*2/C27 -> 46.946243 | L27: =K27-'NOPA Crush'!J452 -> -0.10375681 | M27: 244.932 | N27: 36.356 | O27: 1865.466 | P27: 1934.877 | Q27: 908.252 | R27: 378 | S27: 648.625 | T27: 408.959 | U27: =(P27+T27)-'NOPA Crush'!Q452 -> 528.676 | V27: =(P27+T27)/'NOPA Crush'!Q452-1 -> 0.29125587 | W27: =O27/C27 -> 11.603656 | X27: =W27-'NOPA Crush'!O452 -> -0.086344072 | Y27: =K27+W27 -> 58.549899 | Z27: 1442.235 | AA27: 1408.289 | AB27: =(Z27-AA27)/Z27 -> 0.02353708 | AC27: 69.857 | AD27: 1374.783 | AE27: 1148.936 | AF27: 225.847 | AG27: =AD27/AA27-1 -> -0.023791992 | AI27: 640.447 | AJ27: =AI27/30 -> 21.348233 | AK27: 468.578 | AL27: 55.693 | AM27: =AK27*2/AJ27 -> 43.898527 | AN27: =AM27-J27 -> -0.00064187351 | AO27: 254.539 | AP27: 206.014 | AQ27: =AO27/AJ27 -> 11.923188 | AR27: =AQ27-W27 -> 0.31953209 | AS27: =AM27+AQ27 -> 55.821715 | AT27: 1001.263 | AU27: =AT27/30 -> 33.375433 | AV27: 726.821 | AW27: 48.056 | AX27: =AV27*2/AU27 -> 43.554251 | AY27: =AX27-J27 -> -0.34491801 | AZ27: 384.611 | BA27: 146.726 | BB27: =AZ27/AU27 -> 11.523775 | BC27: =BB27-W27 -> -0.079880457 | BD27: =AX27+BB27 -> 55.078026 | BE27: 1041.351 | BF27: =BE27/30 -> 34.7117 | BG27: 763.467 | BH27: 67.01 | BI27: =BG27*2/BF27 -> 43.98903 | BJ27: =BI27-J27 -> 0.08986064 | BK27: 404.064 | BL27: 216.093 | BM27: =BK27/BF27 -> 11.640571 | BN27: =BM27-W27 -> 0.03691483 | BO27: =BM27+BI27 -> 55.6296 | BP27: 675.416 | BQ27: =BP27/30 -> 22.513867 | BR27: 498.532 | BS27: 30.702 | BT27: =BR27*2/BQ27 -> 44.286662 | BU27: =BT27-J27 -> 0.38749285 | BV27: 257.655 | BW27: 242.022 | BX27: =BV27/BQ27 -> 11.44428 | BY27: =BX27-W27 -> -0.15937566 | BZ27: =BT27+BX27 -> 55.730942 | CA27: 629.645 | CB27: =CA27/30 -> 20.988167 | CC27: 441.181 | CD27: 57.028 | CE27: =CC27*2/CB27 -> 42.040928 | CF27: =CE27-J27 -> -1.8582412 | CG27: 236.89 | CH27: 63.689 | CI27: =CG27/CB27 -> 11.286836 | CJ27: =CI27-W27 -> -0.3168197 | CK27: =CI27+CE27 -> 53.327764 | CL27: 834.839 | CM27: =CL27/30 -> 27.827967 | CN27: 613.354 | CO27: 42.449 | CP27: =CN27*2/CM27 -> 44.081841 | CQ27: =CP27-J27 -> 0.18267193 | CR27: 319.307 | CS27: 30.197 | CT27: =CR27/CM27 -> 11.47432 | CU27: =CT27-W27 -> -0.12933573 | CV27: =CP27+CT27 -> 55.556161 | CX27: =C27-AJ27-AU27-BF27-BQ27-CB27-CM27 -> 0 | CY27: =F27-AK27-AV27-BG27-BR27-CC27-CN27 -> 16.8 | CZ27: =I27-AL27-AW27-BH27-BS27-CD27-CO27 -> 17.185 | DA27: =O27-AO27-AZ27-BK27-BV27-CG27-CR27 -> 8.4 | DB27: =Q27-AP27-BA27-BL27-BW27-CH27-CS27 -> 3.511 | DC27: =P27-Q27-R27-S27 -> 0 | DE27: 184.516 | DF27: 101.917 | DG27: =FORECAST(DF27,DG8:DG26,DF8:DF26) -> 40.619689 | DH27: =DF27/DE27 -> 0.55234776 | DI27: 156.376 | DJ27: =DI27/DE27/2 -> 0.42374645 | DK27: 128.357 | DL27: 124.956 | DM27: =1-DL27/DK27 -> 0.026496412 | DN27: 150.601 | DO27: 254.348 | DP27: 83.95 | DQ27: =DP27+DO27 -> 338.298 | DR27: =DJ27+DH27 -> 0.97609421 | DS27: =DK27/DI27 -> 0.82082289 | DT27: 169.88 | DU27: 77.648 | DV27: 19.782 | DW27: =DU27/DT27 -> 0.45707558 | DX27: 51.568 | DY27: =DX27/DT27/2 -> 0.15177773 | DZ27: 50.515 | EA27: 49.354 | EB27: =1-EA27/DZ27 -> 0.022983272 | EC27: 42.057 | EE27: 49.277 | EF27: =EE27+ED27 -> 49.277 | EG27: =DY27+DW27 -> 0.60885331 | EJ27: =(C27*2000/1000)/(A28-A27) -> 10.371959 | EK27: ='NOPA Crush'!B452*56/('NOPA Crush'!A452-'NOPA Crush'!A451) -> 11.523016 | EL27: =EJ27/EK27 -> 0.90010804 | EM27: =DE27/($A28-$A27) -> 5.952129 | EN27: =(DT27*2000/1000000)/($A28-$A27) -> 0.01096 | EO27: =EJ27+EM27+EN27 -> 16.335048
A28: 42826 | B28: 4509.463 | C28: =B28/30 -> 150.31543 | D28: =C28-'NOPA Crush'!G453 -> 11.181433 | E28: =C28/'NOPA Crush'!G453-1 -> 0.080364493 | F28: 3300.745 | G28: 3249.314 | H28: 51.431 | I28: 387.207 | J28: =F28*2/C28 -> 43.91758 | K28: =(F28+M28)*2/C28 -> 46.8814 | L28: =K28-'NOPA Crush'!J453 -> -0.078599709 | M28: 222.754 | N28: 42.923 | O28: 1737.775 | P28: 1848.364 | Q28: 897.851 | R28: 347.857 | S28: 602.656 | T28: 391.625 | U28: =(P28+T28)-'NOPA Crush'!Q453 -> 514.586 | V28: =(P28+T28)/'NOPA Crush'!Q453-1 -> 0.29824105 | W28: =O28/C28 -> 11.560855 | X28: =W28-'NOPA Crush'!O453 -> -0.12914453 | Y28: =K28+W28 -> 58.442256 | Z28: 1334.313 | AA28: 1306.589 | AB28: =(Z28-AA28)/Z28 -> 0.020777734 | AC28: 73.685 | AD28: 1445.439 | AE28: 1173.21 | AF28: 272.229 | AG28: =AD28/AA28-1 -> 0.10626907 | AI28: 573.507 | AJ28: =AI28/30 -> 19.1169 | AK28: 417.359 | AL28: 61.435 | AM28: =AK28*2/AJ28 -> 43.663879 | AN28: =AM28-J28 -> -0.25370099 | AO28: 226.617 | AP28: 196.621 | AQ28: =AO28/AJ28 -> 11.854276 | AR28: =AQ28-W28 -> 0.29342006 | AS28: =AM28+AQ28 -> 55.518154 | AT28: 952.417 | AU28: =AT28/30 -> 31.747233 | AV28: 696.163 | AW28: 79.494 | AX28: =AV28*2/AU28 -> 43.856609 | AY28: =AX28-J28 -> -0.060970516 | AZ28: 361.116 | BA28: 175.273 | BB28: =AZ28/AU28 -> 11.374723 | BC28: =BB28-W28 -> -0.18613201 | BD28: =AX28+BB28 -> 55.231332 | BE28: 1034.64 | BF28: =BE28/30 -> 34.488 | BG28: 763.093 | BH28: 93.644 | BI28: =BG28*2/BF28 -> 44.252668 | BJ28: =BI28-J28 -> 0.33508805 | BK28: 406.268 | BL28: 201.587 | BM28: =BK28/BF28 -> 11.779981 | BN28: =BM28-W28 -> 0.21912597 | BO28: =BM28+BI28 -> 56.032649 | BP28: 637.805 | BQ28: =BP28/30 -> 21.260167 | BR28: 466.873 | BS28: 49.873 | BT28: =BR28*2/BQ28 -> 43.919976 | BU28: =BT28-J28 -> 0.0023959978 | BV28: 234.759 | BW28: 236.618 | BX28: =BV28/BQ28 -> 11.042199 | BY28: =BX28-W28 -> -0.51865605 | BZ28: =BT28+BX28 -> 54.962175 | CA28: 501.151 | CB28: =CA28/30 -> 16.705033 | CC28: 352.964 | CD28: 32.401 | CE28: =CC28*2/CB28 -> 42.258401 | CF28: =CE28-J28 -> -1.6591784 | CG28: 188.113 | CH28: 54.343 | CI28: =CG28/CB28 -> 11.260858 | CJ28: =CI28-W28 -> -0.29999797 | CK28: =CI28+CE28 -> 53.519259 | CL28: 809.943 | CM28: =CL28/30 -> 26.9981 | CN28: 592.151 | CO28: 50.839 | CP28: =CN28*2/CM28 -> 43.866124 | CQ28: =CP28-J28 -> -0.051455631 | CR28: 314.831 | CS28: 30.361 | CT28: =CR28/CM28 -> 11.661228 | CU28: =CT28-W28 -> 0.10037254 | CV28: =CP28+CT28 -> 55.527352 | CX28: =C28-AJ28-AU28-BF28-BQ28-CB28-CM28 -> 0 | CY28: =F28-AK28-AV28-BG28-BR28-CC28-CN28 -> 12.142 | CZ28: =I28-AL28-AW28-BH28-BS28-CD28-CO28 -> 19.521 | DA28: =O28-AO28-AZ28-BK28-BV28-CG28-CR28 -> 6.071 | DB28: =Q28-AP28-BA28-BL28-BW28-CH28-CS28 -> 3.048 | DC28: =P28-Q28-R28-S28 -> 0 | DE28: 164.103 | DF28: 92.811 | DG28: 47.695 | DH28: =DF28/DE28 -> 0.56556553 | DI28: 141.282 | DJ28: =DI28/DE28/2 -> 0.43046745 | DK28: 129.821 | DL28: 126.667 | DM28: =1-DL28/DK28 -> 0.024294991 | DN28: 148.682 | DO28: 252.57 | DP28: 70.452 | DQ28: =DP28+DO28 -> 323.022 | DR28: =DJ28+DH28 -> 0.99603298 | DS28: =DK28/DI28 -> 0.91887855 | DT28: 155.733 | DU28: 69.24 | DV28: 31.596 | DW28: =DU28/DT28 -> 0.44460712 | DX28: 47.395 | DY28: =DX28/DT28/2 -> 0.15216749 | DZ28: 49.667 | EA28: 48.058 | EB28: =1-EA28/DZ28 -> 0.032395756 | EC28: 45.355 | EE28: 56.61 | EF28: =EE28+ED28 -> 56.61 | EG28: =DY28+DW28 -> 0.59677461 | EJ28: =(C28*2000/1000)/(A29-A28) -> 10.021029 | EK28: ='NOPA Crush'!B453*56/('NOPA Crush'!A453-'NOPA Crush'!A452) -> 10.74766 | EL28: =EJ28/EK28 -> 0.93239166 | EM28: =DE28/($A29-$A28) -> 5.4701 | EN28: =(DT28*2000/1000000)/($A29-$A28) -> 0.0103822 | EO28: =EJ28+EM28+EN28 -> 15.501511
A29: 42856 | B29: 4739.387 | C29: =B29/30 -> 157.97957 | D29: =C29-'NOPA Crush'!G454 -> 8.7335667 | E29: =C29/'NOPA Crush'!G454-1 -> 0.058517928 | F29: 3491.318 | G29: 3439.981 | H29: 51.337 | I29: 375.156 | J29: =F29*2/C29 -> 44.199615 | K29: =(F29+M29)*2/C29 -> 47.246996 | L29: =K29-'NOPA Crush'!J454 -> 0.16699629 | M29: 240.712 | N29: 52.836 | O29: 1839.342 | P29: 1888.717 | Q29: 878.587 | R29: 400.412 | S29: 609.718 | T29: 380.538 | U29: =(P29+T29)-'NOPA Crush'!Q454 -> 520.159 | V29: =(P29+T29)/'NOPA Crush'!Q454-1 -> 0.29738734 | W29: =O29/C29 -> 11.642911 | X29: =W29-'NOPA Crush'!O454 -> -0.097089219 | Y29: =K29+W29 -> 58.889907 | Z29: 1483.689 | AA29: 1452.877 | AB29: =(Z29-AA29)/Z29 -> 0.020767155 | AC29: 104.473 | AD29: 1604.898 | AE29: 1287.746 | AF29: 317.152 | AG29: =AD29/AA29-1 -> 0.10463446 | AI29: 549.154 | AJ29: =AI29/30 -> 18.305133 | AK29: 398.152 | AL29: 49.202 | AM29: =AK29*2/AJ29 -> 43.501677 | AN29: =AM29-J29 -> -0.69793772 | AO29: 218.366 | AP29: 187.476 | AQ29: =AO29/AJ29 -> 11.929222 | AR29: =AQ29-W29 -> 0.28631126 | AS29: =AM29+AQ29 -> 55.430899 | AT29: 1051.302 | AU29: =AT29/30 -> 35.0434 | AV29: 772.359 | AW29: 90.568 | AX29: =AV29*2/AU29 -> 44.080141 | AY29: =AX29-J29 -> -0.11947422 | AZ29: 405.476 | BA29: 170.083 | BB29: =AZ29/AU29 -> 11.570681 | BC29: =BB29-W29 -> -0.072229854 | BD29: =AX29+BB29 -> 55.650822 | BE29: 1115.453 | BF29: =BE29/30 -> 37.181767 | BG29: 823.617 | BH29: 94.476 | BI29: =BG29*2/BF29 -> 44.302198 | BJ29: =BI29-J29 -> 0.10258345 | BK29: 436.505 | BL29: 225.011 | BM29: =BK29/BF29 -> 11.73976 | BN29: =BM29-W29 -> 0.09684876 | BO29: =BM29+BI29 -> 56.041958 | BP29: 607.298 | BQ29: =BP29/30 -> 20.243267 | BR29: 456.003 | BS29: 23.402 | BT29: =BR29*2/BQ29 -> 45.052314 | BU29: =BT29-J29 -> 0.85269885 | BV29: 233.084 | BW29: 219.011 | BX29: =BV29/BQ29 -> 11.51415 | BY29: =BX29-W29 -> -0.12876122 | BZ29: =BT29+BX29 -> 56.566463 | CA29: 561.974 | CB29: =CA29/30 -> 18.732467 | CC29: 413.623 | CD29: 78.37 | CE29: =CC29*2/CB29 -> 44.161082 | CF29: =CE29-J29 -> -0.038532659 | CG29: 216.981 | CH29: 49.779 | CI29: =CG29/CB29 -> 11.583152 | CJ29: =CI29-W29 -> -0.059759248 | CK29: =CI29+CE29 -> 55.744234 | CL29: 854.206 | CM29: =CL29/30 -> 28.473533 | CN29: 627.564 | CO29: 39.138 | CP29: =CN29*2/CM29 -> 44.080515 | CQ29: =CP29-J29 -> -0.11910031 | CR29: 328.93 | CS29: 27.227 | CT29: =CR29/CM29 -> 11.552131 | CU29: =CT29-W29 -> -0.090779328 | CV29: =CP29+CT29 -> 55.632646 | CX29: =C29-AJ29-AU29-BF29-BQ29-CB29-CM29 -> 0 | CY29: =F29-AK29-AV29-BG29-BR29-CC29-CN29 -> 0 | CZ29: =I29-AL29-AW29-BH29-BS29-CD29-CO29 -> 0 | DA29: =O29-AO29-AZ29-BK29-BV29-CG29-CR29 -> 0 | DB29: =Q29-AP29-BA29-BL29-BW29-CH29-CS29 -> 5.3290705e-14 | DC29: =P29-Q29-R29-S29 -> 0 | DE29: 113.599 | DF29: 69.499 | DG29: 43.789 | DH29: =DF29/DE29 -> 0.61179236 | DI29: 93.072 | DJ29: =DI29/DE29/2 -> 0.40965149 | DK29: 102.291 | DL29: 99.453 | DM29: =1-DL29/DK29 -> 0.027744376 | DN29: 132.287 | DO29: 218.989 | DP29: 75.32 | DQ29: =DP29+DO29 -> 294.309 | DR29: =DJ29+DH29 -> 1.0214439 | DS29: =DK29/DI29 -> 1.0990523 | DT29: 155.704 | DU29: 67.464 | DV29: 36.802 | DW29: =DU29/DT29 -> 0.43328367 | DX29: 46.922 | DY29: =DX29/DT29/2 -> 0.15067693 | DZ29: 35.68 | EA29: 34.898 | EB29: =1-EA29/DZ29 -> 0.02191704 | EC29: 50.11 | EE29: 44.537 | EF29: =EE29+ED29 -> 44.537 | EG29: =DY29+DW29 -> 0.58396059 | EJ29: =(C29*2000/1000)/(A30-A29) -> 10.19223 | EK29: ='NOPA Crush'!B454*56/('NOPA Crush'!A454-'NOPA Crush'!A453) -> 10.953292 | EL29: =EJ29/EK29 -> 0.93051755 | EM29: =DE29/($A30-$A29) -> 3.6644839 | EN29: =(DT29*2000/1000000)/($A30-$A29) -> 0.010045419 | EO29: =EJ29+EM29+EN29 -> 13.866759
A30: 42887 | B30: 4446.863 | C30: =B30/30 -> 148.22877 | D30: =C30-'NOPA Crush'!G455 -> 10.154767 | E30: =C30/'NOPA Crush'!G455-1 -> 0.073545828 | F30: 3268.397 | G30: 3216.471 | H30: 51.926 | I30: 314.965 | J30: =F30*2/C30 -> 44.099362 | K30: =(F30+M30)*2/C30 -> 47.082993 | L30: =K30-'NOPA Crush'!J455 -> 0.24299311 | M30: 221.13 | N30: 35.016 | O30: 1735.608 | P30: 1815.157 | Q30: 798.79 | R30: 426.57 | S30: 589.797 | T30: 327.721 | U30: =(P30+T30)-'NOPA Crush'!Q455 -> 439.473 | V30: =(P30+T30)/'NOPA Crush'!Q455-1 -> 0.25799678 | W30: =O30/C30 -> 11.708982 | X30: =W30-'NOPA Crush'!O455 -> -0.031017735 | Y30: =K30+W30 -> 58.791975 | Z30: 1399.831 | AA30: 1357.612 | AB30: =(Z30-AA30)/Z30 -> 0.030160069 | AC30: =FORECAST(S30,AC31:AC$87,S31:S$87) -> 116.44311 | AD30: 1370.353 | AE30: 1110.61 | AF30: 259.743 | AG30: =AD30/AA30-1 -> 0.0093848611 | AI30: 479.908 | AJ30: =AI30/30 -> 15.996933 | AK30: 346.68 | AL30: 49.924 | AM30: =AK30*2/AJ30 -> 43.343307 | AN30: =AM30-J30 -> -0.75605426 | AO30: 191.316 | AP30: 215.991 | AQ30: =AO30/AJ30 -> 11.959542 | AR30: =AQ30-W30 -> 0.25055998 | AS30: =AM30+AQ30 -> 55.30285 | AT30: 976.095 | AU30: =AT30/30 -> 32.5365 | AV30: 723.63 | AW30: 41.196 | AX30: =AV30*2/AU30 -> 44.481121 | AY30: =AX30-J30 -> 0.38175947 | AZ30: 374.006 | BA30: 156.463 | BB30: =AZ30/AU30 -> 11.494967 | BC30: =BB30-W30 -> -0.21401507 | BD30: =AX30+BB30 -> 55.976088 | BE30: 1042.782 | BF30: =BE30/30 -> 34.7594 | BG30: 769.159 | BH30: 85.505 | BI30: =BG30*2/BF30 -> 44.256172 | BJ30: =BI30-J30 -> 0.1568107 | BK30: 410.565 | BL30: 144.714 | BM30: =BK30/BF30 -> 11.811625 | BN30: =BM30-W30 -> 0.10264279 | BO30: =BM30+BI30 -> 56.067797 | BP30: 619.325 | BQ30: =BP30/30 -> 20.644167 | BR30: 458.784 | BS30: 18.412 | BT30: =BR30*2/BQ30 -> 44.446841 | BU30: =BT30-J30 -> 0.34747959 | BV30: 247.719 | BW30: 212.203 | BX30: =BV30/BQ30 -> 11.999467 | BY30: =BX30-W30 -> 0.2904849 | BZ30: =BT30+BX30 -> 56.446308 | CA30: 577.87 | CB30: =CA30/30 -> 19.262333 | CC30: 423.696 | CD30: 92.363 | CE30: =CC30*2/CB30 -> 43.992178 | CF30: =CE30-J30 -> -0.10718356 | CG30: 223.833 | CH30: 47.723 | CI30: =CG30/CB30 -> 11.620243 | CJ30: =CI30-W30 -> -0.088738957 | CK30: =CI30+CE30 -> 55.612421 | CL30: 750.883 | CM30: =CL30/30 -> 25.029433 | CN30: 546.448 | CO30: 27.565 | CP30: =CN30*2/CM30 -> 43.664432 | CQ30: =CP30-J30 -> -0.43492932 | CR30: 288.169 | CS30: 21.696 | CT30: =CR30/CM30 -> 11.513205 | CU30: =CT30-W30 -> -0.19577714 | CV30: =CP30+CT30 -> 55.177638 | CX30: =C30-AJ30-AU30-BF30-BQ30-CB30-CM30 -> 0 | CY30: =F30-AK30-AV30-BG30-BR30-CC30-CN30 -> 0 | CZ30: =I30-AL30-AW30-BH30-BS30-CD30-CO30 -> 0 | DA30: =O30-AO30-AZ30-BK30-BV30-CG30-CR30 -> 0 | DB30: =Q30-AP30-BA30-BL30-BW30-CH30-CS30 -> 0 | DC30: =P30-Q30-R30-S30 -> 0 | DE30: 167.442 | DF30: 97.232 | DG30: =FORECAST(DF30,DG11:DG29,DF11:DF29) -> 41.51583 | DH30: =DF30/DE30 -> 0.58069063 | DI30: 137.528 | DJ30: =DI30/DE30/2 -> 0.41067355 | DK30: 126.836 | DL30: 123.762 | DM30: =1-DL30/DK30 -> 0.024236021 | DN30: 131.335 | DO30: 228.934 | DP30: 77.373 | DQ30: =DP30+DO30 -> 306.307 | DR30: =DJ30+DH30 -> 0.99136417 | DS30: =DK30/DI30 -> 0.92225583 | DT30: 144.12 | DU30: 67.134 | DV30: 46.58 | DW30: =DU30/DT30 -> 0.46582015 | DX30: 43.706 | DY30: =DX30/DT30/2 -> 0.15163059 | DZ30: 47.933 | EA30: 46.38 | EB30: =1-EA30/DZ30 -> 0.032399391 | EC30: 42.694 | EE30: 49.43 | EF30: =EE30+ED30 -> 49.43 | EG30: =DY30+DW30 -> 0.61745074 | EJ30: =(C30*2000/1000)/(A31-A30) -> 9.8819178 | EK30: ='NOPA Crush'!B455*56/('NOPA Crush'!A455-'NOPA Crush'!A454) -> 10.7719 | EL30: =EJ30/EK30 -> 0.91737924 | EM30: =DE30/($A31-$A30) -> 5.5814 | EN30: =(DT30*2000/1000000)/($A31-$A30) -> 0.009608 | EO30: =EJ30+EM30+EN30 -> 15.472926
A31: 42917 | B31: 4668.68 | C31: =B31/30 -> 155.62267 | D31: =C31-'NOPA Crush'!G456 -> 10.904667 | E31: =C31/'NOPA Crush'!G456-1 -> 0.075351143 | F31: 3400.652 | G31: 3351.973 | H31: 48.679 | I31: 385.868 | J31: =F31*2/C31 -> 43.703813 | K31: =(F31+M31)*2/C31 -> 46.755194 | L31: =K31-'NOPA Crush'!J456 -> 0.32519419 | M31: 237.432 | N31: 37.831 | O31: 1801.376 | P31: 1627.909 | Q31: 719.632 | R31: 369.289 | S31: 538.988 | T31: 372.589 | U31: =(P31+T31)-'NOPA Crush'!Q456 -> 442.645 | V31: =(P31+T31)/'NOPA Crush'!Q456-1 -> 0.28413785 | W31: =O31/C31 -> 11.57528 | X31: =W31-'NOPA Crush'!O456 -> -0.084719621 | Y31: =K31+W31 -> 58.330475 | Z31: 1543.943 | AA31: 1496.418 | AB31: =(Z31-AA31)/Z31 -> 0.030781577 | AC31: 108.145 | AD31: 1349.73 | AE31: 984.31 | AF31: 365.42 | AG31: =AD31/AA31-1 -> -0.098026086 | AI31: 562.34 | AJ31: =AI31/30 -> 18.744667 | AK31: 402.919 | AL31: 51.264 | AM31: =AK31*2/AJ31 -> 42.990255 | AN31: =AM31-J31 -> -0.71355849 | AO31: 222.405 | AP31: 169.412 | AQ31: =AO31/AJ31 -> 11.864975 | AR31: =AQ31-W31 -> 0.28969455 | AS31: =AM31+AQ31 -> 54.85523 | AT31: 1050.41 | AU31: =AT31/30 -> 35.013667 | AV31: 764.091 | AW31: 73.213 | AX31: =AV31*2/AU31 -> 43.6453 | AY31: =AX31-J31 -> -0.058513091 | AZ31: 399.199 | BA31: 147.673 | BB31: =AZ31/AU31 -> 11.401234 | BC31: =BB31-W31 -> -0.17404658 | BD31: =AX31+BB31 -> 55.046534 | BE31: 1021.984 | BF31: =BE31/30 -> 34.066133 | BG31: 752.636 | BH31: 91.445 | BI31: =BG31*2/BF31 -> 44.186758 | BJ31: =BI31-J31 -> 0.48294481 | BK31: 399.501 | BL31: 135.408 | BM31: =BK31/BF31 -> 11.727219 | BN31: =BM31-W31 -> 0.15193844 | BO31: =BM31+BI31 -> 55.913977 | BP31: 631.139 | BQ31: =BP31/30 -> 21.037967 | BR31: 463.724 | BS31: 37.504 | BT31: =BR31*2/BQ31 -> 44.084489 | BU31: =BT31-J31 -> 0.38067502 | BV31: 242.369 | BW31: 196.186 | BX31: =BV31/BQ31 -> 11.520553 | BY31: =BX31-W31 -> -0.054727854 | BZ31: =BT31+BX31 -> 55.605041 | CA31: 594.805 | CB31: =CA31/30 -> 19.826833 | CC31: 427.193 | CD31: 94.25 | CE31: =CC31*2/CB31 -> 43.092408 | CF31: =CE31-J31 -> -0.61140506 | CG31: 226.519 | CH31: 45.687 | CI31: =CG31/CB31 -> 11.42487 | CJ31: =CI31-W31 -> -0.15041004 | CK31: =CI31+CE31 -> 54.517279 | CL31: 808.002 | CM31: =CL31/30 -> 26.9334 | CN31: 590.089 | CO31: 38.192 | CP31: =CN31*2/CM31 -> 43.818382 | CQ31: =CP31-J31 -> 0.11456814 | CR31: 311.383 | CS31: 25.266 | CT31: =CR31/CM31 -> 11.561221 | CU31: =CT31-W31 -> -0.014058996 | CV31: =CP31+CT31 -> 55.379603 | CX31: =C31-AJ31-AU31-BF31-BQ31-CB31-CM31 -> 0 | CY31: =F31-AK31-AV31-BG31-BR31-CC31-CN31 -> 0 | CZ31: =I31-AL31-AW31-BH31-BS31-CD31-CO31 -> 0 | DA31: =O31-AO31-AZ31-BK31-BV31-CG31-CR31 -> 0 | DB31: =Q31-AP31-BA31-BL31-BW31-CH31-CS31 -> -1.0658141e-13 | DC31: =P31-Q31-R31-S31 -> 0 | DE31: 160.717 | DF31: 91.111 | DG31: 51.336 | DH31: =DF31/DE31 -> 0.56690331 | DI31: 135.463 | DJ31: =DI31/DE31/2 -> 0.42143333 | DK31: 118.48 | DL31: 115.452 | DM31: =1-DL31/DK31 -> 0.025557056 | DN31: 144.772 | DO31: 224.794 | DP31: 82.269 | DQ31: =DP31+DO31 -> 307.063 | DR31: =DJ31+DH31 -> 0.98833664 | DS31: =DK31/DI31 -> 0.87462997 | DT31: 131.26 | DU31: 53.645 | DV31: 39.993 | DW31: =DU31/DT31 -> 0.40869267 | DX31: 36 | DY31: =DX31/DT31/2 -> 0.13713241 | DZ31: 40.735 | EA31: 39.141 | EB31: =1-EA31/DZ31 -> 0.039130968 | EC31: 51.001 | EE31: 41.942 | EF31: =EE31+ED31 -> 41.942 | EG31: =DY31+DW31 -> 0.54582508 | EJ31: =(C31*2000/1000)/(A32-A31) -> 10.040172 | EK31: ='NOPA Crush'!B456*56/('NOPA Crush'!A456-'NOPA Crush'!A455) -> 11.152696 | EL31: =EJ31/EK31 -> 0.90024618 | EM31: =DE31/($A32-$A31) -> 5.1844194 | EN31: =(DT31*2000/1000000)/($A32-$A31) -> 0.0084683871 | EO31: =EJ31+EM31+EN31 -> 15.23306
A32: 42948 | B32: 4548.592 | C32: =B32/30 -> 151.61973 | D32: =C32-'NOPA Crush'!G457 -> 9.1957333 | E32: =C32/'NOPA Crush'!G457-1 -> 0.064565897 | F32: 3319.155 | G32: 3269.643 | H32: 49.512 | I32: 290.921 | J32: =F32*2/C32 -> 43.782625 | K32: =(F32+M32)*2/C32 -> 46.913141 | L32: =K32-'NOPA Crush'!J457 -> 0.043141473 | M32: 237.324 | N32: 35.559 | O32: 1762.207 | P32: 1483.031 | Q32: 598.197 | R32: 329.392 | S32: 555.442 | T32: 327.31 | U32: =(P32+T32)-'NOPA Crush'!Q457 -> 393.325 | V32: =(P32+T32)/'NOPA Crush'!Q457-1 -> 0.27757273 | W32: =O32/C32 -> 11.622544 | X32: =W32-'NOPA Crush'!O457 -> -0.097456145 | Y32: =K32+W32 -> 58.535685 | Z32: 1550.365 | AA32: 1515.905 | AB32: =(Z32-AA32)/Z32 -> 0.022227024 | AC32: =FORECAST(S32,AC33:AC$87,S33:S$87) -> 112.80188 | AD32: 1452.042 | AE32: 1135.344 | AF32: 316.698 | AG32: =AD32/AA32-1 -> -0.042128629 | AI32: 551.513 | AJ32: =AI32/30 -> 18.383767 | AK32: 393.068 | AL32: 34.628 | AM32: =AK32*2/AJ32 -> 42.76251 | AN32: =AM32-J32 -> -1.0201158 | AO32: 217.969 | AP32: 116.293 | AQ32: =AO32/AJ32 -> 11.856602 | AR32: =AQ32-W32 -> 0.23405789 | AS32: =AM32+AQ32 -> 54.619111 | AT32: 1004.011 | AU32: =AT32/30 -> 33.467033 | AV32: 728.547 | AW32: 54.873 | AX32: =AV32*2/AU32 -> 43.538188 | AY32: =AX32-J32 -> -0.24443715 | AZ32: 382.373 | BA32: 117.235 | BB32: =AZ32/AU32 -> 11.425363 | BC32: =BB32-W32 -> -0.19718099 | BD32: =AX32+BB32 -> 54.963551 | BE32: 993.459 | BF32: =BE32/30 -> 33.1153 | BG32: 732.795 | BH32: 88.598 | BI32: =BG32*2/BF32 -> 44.257186 | BJ32: =BI32-J32 -> 0.47456077 | BK32: 389.552 | BL32: 123.299 | BM32: =BK32/BF32 -> 11.763505 | BN32: =BM32-W32 -> 0.14096123 | BO32: =BM32+BI32 -> 56.020691 | BP32: 599.953 | BQ32: =BP32/30 -> 19.998433 | BR32: 443.078 | BS32: 23.636 | BT32: =BR32*2/BQ32 -> 44.311271 | BU32: =BT32-J32 -> 0.52864557 | BV32: 230.828 | BW32: 162.898 | BX32: =BV32/BQ32 -> 11.542304 | BY32: =BX32-W32 -> -0.080239708 | BZ32: =BT32+BX32 -> 55.853575 | CA32: 613.328 | CB32: =CA32/30 -> 20.444267 | CC32: 445.349 | CD32: 48.451 | CE32: =CC32*2/CB32 -> 43.567129 | CF32: =CE32-J32 -> -0.21549664 | CG32: 239.134 | CH32: 53.528 | CI32: =CG32/CB32 -> 11.696873 | CJ32: =CI32-W32 -> 0.074329596 | CK32: =CI32+CE32 -> 55.264002 | CL32: 786.328 | CM32: =CL32/30 -> 26.210933 | CN32: 576.318 | CO32: 40.735 | CP32: =CN32*2/CM32 -> 43.975389 | CQ32: =CP32-J32 -> 0.19276392 | CR32: 302.351 | CS32: 24.944 | CT32: =CR32/CM32 -> 11.535301 | CU32: =CT32-W32 -> -0.087243065 | CV32: =CP32+CT32 -> 55.51069 | CX32: =C32-AJ32-AU32-BF32-BQ32-CB32-CM32 -> 0 | CY32: =F32-AK32-AV32-BG32-BR32-CC32-CN32 -> 0 | CZ32: =I32-AL32-AW32-BH32-BS32-CD32-CO32 -> 0 | DA32: =O32-AO32-AZ32-BK32-BV32-CG32-CR32 -> 0 | DB32: =Q32-AP32-BA32-BL32-BW32-CH32-CS32 -> 0 | DC32: =P32-Q32-R32-S32 -> 0 | DE32: 151.958 | DF32: 86.309 | DG32: =FORECAST(DF32,DG13:DG31,DF13:DF31) -> 43.514318 | DH32: =DF32/DE32 -> 0.56797931 | DI32: 126.81 | DJ32: =DI32/DE32/2 -> 0.41725345 | DK32: 140.437 | DL32: 136.389 | DM32: =1-DL32/DK32 -> 0.028824313 | DN32: 141.797 | DO32: 211.524 | DP32: 71.972 | DQ32: =DP32+DO32 -> 283.496 | DR32: =DJ32+DH32 -> 0.98523276 | DS32: =DK32/DI32 -> 1.10746 | DT32: 163.315 | DU32: 71.275 | DV32: 40.923 | DW32: =DU32/DT32 -> 0.43642654 | DX32: 46.502 | DY32: =DX32/DT32/2 -> 0.14236904 | DZ32: 52.069 | EA32: 50.362 | EB32: =1-EA32/DZ32 -> 0.032783422 | EC32: 46.475 | EE32: 46.644 | EF32: =EE32+ED32 -> 46.644 | EG32: =DY32+DW32 -> 0.57879558 | EJ32: =(C32*2000/1000)/(A33-A32) -> 9.7819183 | EK32: ='NOPA Crush'!B457*56/('NOPA Crush'!A457-'NOPA Crush'!A456) -> 10.668493 | EL32: =EJ32/EK32 -> 0.91689786 | EM32: =DE32/($A33-$A32) -> 4.901871 | EN32: =(DT32*2000/1000000)/($A33-$A32) -> 0.010536452 | EO32: =EJ32+EM32+EN32 -> 14.694326
A33: 42979 | B33: 4361.207 | C33: =B33/30 -> 145.37357 | D33: =C33-'NOPA Crush'!G458 -> 8.9545667 | E33: =C33/'NOPA Crush'!G458-1 -> 0.065640172 | F33: 3188.771 | G33: 3153.899 | H33: 34.872 | I33: 353.758 | J33: =F33*2/C33 -> 43.870025 | K33: =(F33+M33)*2/C33 -> 46.894963 | L33: =K33-'NOPA Crush'!J458 -> -0.045037206 | M33: 219.873 | N33: 46.872 | O33: 1701.762 | P33: 1400.918 | Q33: 601.211 | R33: 326.15 | S33: 473.557 | T33: 310.036 | U33: =(P33+T33)-'NOPA Crush'!Q458 -> 409.042 | V33: =(P33+T33)/'NOPA Crush'!Q458-1 -> 0.3141856 | W33: =O33/C33 -> 11.706131 | X33: =W33-'NOPA Crush'!O458 -> -0.073869106 | Y33: =K33+W33 -> 58.601094 | Z33: 1418.28 | AA33: 1389.339 | AB33: =(Z33-AA33)/Z33 -> 0.020405703 | AC33: 63.531 | AD33: 1377.546 | AE33: 1031.352 | AF33: 346.194 | AG33: =AD33/AA33-1 -> -0.0084882091 | AI33: 518.802 | AJ33: =AI33/30 -> 17.2934 | AK33: 374.253 | AL33: 46.886 | AM33: =AK33*2/AJ33 -> 43.282755 | AN33: =AM33-J33 -> -0.5872697 | AO33: 210.07 | AP33: 83.848 | AQ33: =AO33/AJ33 -> 12.147409 | AR33: =AQ33-W33 -> 0.44127794 | AS33: =AM33+AQ33 -> 55.430164 | AT33: 916.236 | AU33: =AT33/30 -> 30.5412 | AV33: 674.201 | AW33: 65.131 | AX33: =AV33*2/AU33 -> 44.150263 | AY33: =AX33-J33 -> 0.28023762 | AZ33: 349.997 | BA33: 98.407 | BB33: =AZ33/AU33 -> 11.459831 | BC33: =BB33-W33 -> -0.24629958 | BD33: =AX33+BB33 -> 55.610094 | BE33: 1046.125 | BF33: =BE33/30 -> 34.870833 | BG33: 764.112 | BH33: 88.543 | BI33: =BG33*2/BF33 -> 43.825279 | BJ33: =BI33-J33 -> -0.044745967 | BK33: 411.374 | BL33: 157.799 | BM33: =BK33/BF33 -> 11.79708 | BN33: =BM33-W33 -> 0.090948804 | BO33: =BM33+BI33 -> 55.622359 | BP33: 620.072 | BQ33: =BP33/30 -> 20.669067 | BR33: 458.424 | BS33: 35.006 | BT33: =BR33*2/BQ33 -> 44.358462 | BU33: =BT33-J33 -> 0.48843663 | BV33: 237.543 | BW33: 171.143 | BX33: =BV33/BQ33 -> 11.492681 | BY33: =BX33-W33 -> -0.2134494 | BZ33: =BT33+BX33 -> 55.851143 | CA33: 587.17 | CB33: =CA33/30 -> 19.572333 | CC33: 423.283 | CD33: 75.278 | CE33: =CC33*2/CB33 -> 43.253198 | CF33: =CE33-J33 -> -0.61682743 | CG33: 231.191 | CH33: 60.976 | CI33: =CG33/CB33 -> 11.812133 | CJ33: =CI33-W33 -> 0.10600188 | CK33: =CI33+CE33 -> 55.06533 | CL33: 672.802 | CM33: =CL33/30 -> 22.426733 | CN33: 494.498 | CO33: 42.914 | CP33: =CN33*2/CM33 -> 44.098977 | CQ33: =CP33-J33 -> 0.22895214 | CR33: 261.587 | CS33: 29.038 | CT33: =CR33/CM33 -> 11.664071 | CU33: =CT33-W33 -> -0.042060336 | CV33: =CP33+CT33 -> 55.763048 | CX33: =C33-AJ33-AU33-BF33-BQ33-CB33-CM33 -> 0 | CY33: =F33-AK33-AV33-BG33-BR33-CC33-CN33 -> 0 | CZ33: =I33-AL33-AW33-BH33-BS33-CD33-CO33 -> -5.6843419e-14 | DA33: =O33-AO33-AZ33-BK33-BV33-CG33-CR33 -> 0 | DB33: =Q33-AP33-BA33-BL33-BW33-CH33-CS33 -> 3.907985e-14 | DC33: =P33-Q33-R33-S33 -> 0 | DE33: 193.523 | DF33: 111.734 | DG33: =FORECAST(DF33,DG14:DG32,DF14:DF32) -> 41.279221 | DH33: =DF33/DE33 -> 0.57736806 | DI33: 165.119 | DJ33: =DI33/DE33/2 -> 0.42661337 | DK33: 154.565 | DL33: 149.992 | DM33: =1-DL33/DK33 -> 0.029586258 | DN33: 176.13 | DO33: =MROUND(FORECAST(DI33,DO$5:DO32,DI$5:DI32),1) -> 229 | DP33: 94.807 | DQ33: =DP33+DO33 -> 323.807 | DR33: =DJ33+DH33 -> 1.0039814 | DS33: =DK33/DI33 -> 0.93608246 | DT33: 110.881 | DU33: 42.795 | DV33: 27.736 | DW33: =DU33/DT33 -> 0.38595431 | DX33: 30.649 | DY33: =DX33/DT33/2 -> 0.13820673 | DZ33: 39.936 | EA33: 38.32 | EB33: =1-EA33/DZ33 -> 0.040464744 | EC33: 44.189 | EE33: 44.129 | EF33: =EE33+ED33 -> 44.129 | EG33: =DY33+DW33 -> 0.52416104 | EJ33: =(C33*2000/1000)/(A34-A33) -> 9.6915711 | EK33: ='NOPA Crush'!B458*56/('NOPA Crush'!A458-'NOPA Crush'!A457) -> 10.680759 | EL33: =EJ33/EK33 -> 0.907386 | EM33: =DE33/($A34-$A33) -> 6.4507667 | EN33: =(DT33*2000/1000000)/($A34-$A33) -> 0.0073920667 | EO33: =EJ33+EM33+EN33 -> 16.14973
A34: 43009 | B34: 5277.397 | C34: =B34/30 -> 175.91323 | D34: =C34-'NOPA Crush'!G459 -> 11.671233 | E34: =C34/'NOPA Crush'!G459-1 -> 0.071061198 | F34: 3847.77 | G34: 3804.878 | H34: 42.892 | I34: 350.935 | J34: =F34*2/C34 -> 43.746226 | K34: =(F34+M34)*2/C34 -> 46.884762 | L34: =K34-'NOPA Crush'!J459 -> 0.0047615595 | M34: 276.055 | N34: 42.368 | O34: 2016.888 | P34: 1300.36 | Q34: 567.67 | R34: 325.724 | S34: 406.966 | T34: 325.863 | U34: =(P34+T34)-'NOPA Crush'!Q459 -> 402.157 | V34: =(P34+T34)/'NOPA Crush'!Q459-1 -> 0.32854193 | W34: =O34/C34 -> 11.465243 | X34: =W34-'NOPA Crush'!O459 -> -0.074756813 | Y34: =K34+W34 -> 58.350005 | Z34: 1644.069 | AA34: 1601.067 | AB34: =(Z34-AA34)/Z34 -> 0.026155837 | AC34: 84.461 | AD34: 1554.132 | AE34: 1211.51 | AF34: 342.622 | AG34: =AD34/AA34-1 -> -0.029314826 | AI34: 606.907 | AJ34: =AI34/30 -> 20.230233 | AK34: 437.819 | AL34: 51.227 | AM34: =AK34*2/AJ34 -> 43.283633 | AN34: =AM34-J34 -> -0.46259241 | AO34: 238.937 | AP34: 76.958 | AQ34: =AO34/AJ34 -> 11.810887 | AR34: =AQ34-W34 -> 0.34564382 | AS34: =AM34+AQ34 -> 55.09452 | AT34: 1118.269 | AU34: =AT34/30 -> 37.275633 | AV34: 816.027 | AW34: 51.108 | AX34: =AV34*2/AU34 -> 43.783401 | AY34: =AX34-J34 -> 0.037175304 | AZ34: 428.144 | BA34: 86.277 | BB34: =AZ34/AU34 -> 11.485895 | BC34: =BB34-W34 -> 0.020651531 | BD34: =AX34+BB34 -> 55.269296 | BE34: 1249.228 | BF34: =BE34/30 -> 41.640933 | BG34: 915.499 | BH34: 114.752 | BI34: =BG34*2/BF34 -> 43.971109 | BJ34: =BI34-J34 -> 0.22488291 | BK34: 473.778 | BL34: 155.71 | BM34: =BK34/BF34 -> 11.377699 | BN34: =BM34-W34 -> -0.08754432 | BO34: =BM34+BI34 -> 55.348807 | BP34: 687.033 | BQ34: =BP34/30 -> 22.9011 | BR34: 505.026 | BS34: 33.417 | BT34: =BR34*2/BQ34 -> 44.104956 | BU34: =BT34-J34 -> 0.35873001 | BV34: 257.619 | BW34: 162.498 | BX34: =BV34/BQ34 -> 11.249198 | BY34: =BX34-W34 -> -0.21604555 | BZ34: =BT34+BX34 -> 55.354153 | CA34: 696.124 | CB34: =CA34/30 -> 23.204133 | CC34: 502.119 | CD34: 61.4 | CE34: =CC34*2/CB34 -> 43.27841 | CF34: =CE34-J34 -> -0.46781548 | CG34: 268.347 | CH34: 61.17 | CI34: =CG34/CB34 -> 11.564621 | CJ34: =CI34-W34 -> 0.099377484 | CK34: =CI34+CE34 -> 54.843031 | CL34: 919.836 | CM34: =CL34/30 -> 30.6612 | CN34: 671.28 | CO34: 39.031 | CP34: =CN34*2/CM34 -> 43.786936 | CQ34: =CP34-J34 -> 0.040710283 | CR34: 350.063 | CS34: 25.057 | CT34: =CR34/CM34 -> 11.417133 | CU34: =CT34-W34 -> -0.048110133 | CV34: =CP34+CT34 -> 55.204069 | CX34: =C34-AJ34-AU34-BF34-BQ34-CB34-CM34 -> 0 | CY34: =F34-AK34-AV34-BG34-BR34-CC34-CN34 -> 0 | CZ34: =I34-AL34-AW34-BH34-BS34-CD34-CO34 -> 0 | DA34: =O34-AO34-AZ34-BK34-BV34-CG34-CR34 -> 0 | DB34: =Q34-AP34-BA34-BL34-BW34-CH34-CS34 -> 0 | DC34: =P34-Q34-R34-S34 -> 0 | DE34: 184.463 | DF34: 102.579 | DG34: =FORECAST(DF34,DG15:DG33,DF15:DF33) -> 42.581035 | DH34: =DF34/DE34 -> 0.55609526 | DI34: 155.984 | DJ34: =DI34/DE34/2 -> 0.42280566 | DK34: 149.511 | DL34: 146.037 | DM34: =1-DL34/DK34 -> 0.023235749 | DN34: 162.986 | DO34: 166.734 | DP34: 88.706 | DQ34: =DP34+DO34 -> 255.44 | DR34: =DJ34+DH34 -> 0.97890092 | DS34: =DK34/DI34 -> 0.95850215 | DT34: 158.687 | DU34: 70.892 | DV34: 23.459 | DW34: =DU34/DT34 -> 0.44674107 | DX34: 47.196 | DY34: =DX34/DT34/2 -> 0.14870783 | DZ34: 55.356 | EA34: 53.329 | EB34: =1-EA34/DZ34 -> 0.03661753 | EC34: 45.295 | EE34: 56.158 | EF34: =EE34+ED34 -> 56.158 | EG34: =DY34+DW34 -> 0.5954489 | EJ34: =(C34*2000/1000)/(A35-A34) -> 11.349241 | EK34: ='NOPA Crush'!B459*56/('NOPA Crush'!A459-'NOPA Crush'!A458) -> 11.101192 | EL34: =EJ34/EK34 -> 1.0223444 | EM34: =DE34/($A35-$A34) -> 5.9504194 | EN34: =(DT34*2000/1000000)/($A35-$A34) -> 0.010237871 | EO34: =EJ34+EM34+EN34 -> 17.309898
A35: 43040 | B35: 5200.462 | C35: =B35/30 -> 173.34873 | D35: =C35-'NOPA Crush'!G460 -> 9.8027333 | E35: =C35/'NOPA Crush'!G460-1 -> 0.059938692 | F35: 3829.14 | G35: 3779.048 | H35: 50.092 | I35: 354.998 | J35: =F35*2/C35 -> 44.17846 | K35: =(F35+M35)*2/C35 -> 47.323011 | L35: =K35-'NOPA Crush'!J460 -> -0.056989083 | M35: 272.552 | N35: 34.11 | O35: 1977.005 | P35: 1379.223 | Q35: 651.572 | R35: 276.997 | S35: 450.654 | T35: 311.358 | U35: =(P35+T35)-'NOPA Crush'!Q460 -> 364.278 | V35: =(P35+T35)/'NOPA Crush'!Q460-1 -> 0.2746567 | W35: =O35/C35 -> 11.404785 | X35: =W35-'NOPA Crush'!O460 -> -0.055215194 | Y35: =K35+W35 -> 58.727796 | Z35: 1482.83 | AA35: 1455.439 | AB35: =(Z35-AA35)/Z35 -> 0.018472111 | AC35: =FORECAST(S35,AC36:AC$87,S36:S$87) -> 103.71001 | AD35: 1485.032 | AE35: 1173.519 | AF35: 311.513 | AG35: =AD35/AA35-1 -> 0.020332697 | AI35: 621.917 | AJ35: =AI35/30 -> 20.730567 | AK35: 452.066 | AL35: 55.418 | AM35: =AK35*2/AJ35 -> 43.613473 | AN35: =AM35-J35 -> -0.56498699 | AO35: 240.877 | AP35: 84.535 | AQ35: =AO35/AJ35 -> 11.619412 | AR35: =AQ35-W35 -> 0.21462743 | AS35: =AM35+AQ35 -> 55.232885 | AT35: 1110.239 | AU35: =AT35/30 -> 37.007967 | AV35: 828.782 | AW35: 53.873 | AX35: =AV35*2/AU35 -> 44.789383 | AY35: =AX35-J35 -> 0.61092366 | AZ35: 425.604 | BA35: 90.213 | BB35: =AZ35/AU35 -> 11.500335 | BC35: =BB35-W35 -> 0.095549807 | BD35: =AX35+BB35 -> 56.289718 | BE35: 1185.186 | BF35: =BE35/30 -> 39.5062 | BG35: 865.53 | BH35: 110.529 | BI35: =BG35*2/BF35 -> 43.817426 | BJ35: =BI35-J35 -> -0.3610334 | BK35: 445.371 | BL35: 203.449 | BM35: =BK35/BF35 -> 11.273446 | BN35: =BM35-W35 -> -0.13133912 | BO35: =BM35+BI35 -> 55.090872 | BP35: 667.253 | BQ35: =BP35/30 -> 22.241767 | BR35: 499.021 | BS35: 17.772 | BT35: =BR35*2/BQ35 -> 44.872425 | BU35: =BT35-J35 -> 0.69396517 | BV35: 250.328 | BW35: 166.333 | BX35: =BV35/BQ35 -> 11.254861 | BY35: =BX35-W35 -> -0.14992346 | BZ35: =BT35+BX35 -> 56.127286 | CA35: 707.525 | CB35: =CA35/30 -> 23.584167 | CC35: 513.025 | CD35: 74.789 | CE35: =CC35*2/CB35 -> 43.505883 | CF35: =CE35-J35 -> -0.67257634 | CG35: 268.217 | CH35: 64.557 | CI35: =CG35/CB35 -> 11.372757 | CJ35: =CI35-W35 -> -0.032027659 | CK35: =CI35+CE35 -> 54.87864 | CL35: 908.342 | CM35: =CL35/30 -> 30.278067 | CN35: 670.716 | CO35: 42.617 | CP35: =CN35*2/CM35 -> 44.303753 | CQ35: =CP35-J35 -> 0.1252939 | CR35: 346.608 | CS35: 42.485 | CT35: =CR35/CM35 -> 11.447494 | CU35: =CT35-W35 -> 0.04270964 | CV35: =CP35+CT35 -> 55.751248 | CX35: =C35-AJ35-AU35-BF35-BQ35-CB35-CM35 -> 0 | CY35: =F35-AK35-AV35-BG35-BR35-CC35-CN35 -> 0 | CZ35: =I35-AL35-AW35-BH35-BS35-CD35-CO35 -> 0 | DA35: =O35-AO35-AZ35-BK35-BV35-CG35-CR35 -> 0 | DB35: =Q35-AP35-BA35-BL35-BW35-CH35-CS35 -> 5.6843419e-14 | DC35: =P35-Q35-R35-S35 -> 0 | DE35: 151.301 | DF35: 84.801 | DG35: =FORECAST(DF35,DG16:DG34,DF16:DF34) -> 46.296497 | DH35: =DF35/DE35 -> 0.56047878 | DI35: 129.766 | DJ35: =DI35/DE35/2 -> 0.42883391 | DK35: 129.749 | DL35: 126.549 | DM35: =1-DL35/DK35 -> 0.024663003 | DN35: 155.3 | DO35: 179.148 | DP35: 81.801 | DQ35: =DP35+DO35 -> 260.949 | DR35: =DJ35+DH35 -> 0.98931269 | DS35: =DK35/DI35 -> 0.99986899 | DT35: 174.179 | DU35: 76.81 | DV35: 22.798 | DW35: =DU35/DT35 -> 0.44098313 | DX35: 52.356 | DY35: =DX35/DT35/2 -> 0.15029366 | DZ35: 46.813 | EA35: 45.544 | EB35: =1-EA35/DZ35 -> 0.027107855 | EC35: 44.463 | EE35: 54.426 | EF35: =EE35+ED35 -> 54.426 | EG35: =DY35+DW35 -> 0.59127679 | EJ35: =(C35*2000/1000)/(A36-A35) -> 11.556582 | EK35: ='NOPA Crush'!B460*56/('NOPA Crush'!A460-'NOPA Crush'!A459) -> 10.61598 | EL35: =EJ35/EK35 -> 1.0886025 | EM35: =DE35/($A36-$A35) -> 5.0433667 | EN35: =(DT35*2000/1000000)/($A36-$A35) -> 0.011611933 | EO35: =EJ35+EM35+EN35 -> 16.611561
A36: 43070 | B36: 5290.215 | C36: =B36/30 -> 176.3405 | D36: =C36-'NOPA Crush'!G461 -> 9.9585 | E36: =C36/'NOPA Crush'!G461-1 -> 0.059853229 | F36: 3904.161 | G36: 3854.973 | H36: 49.188 | I36: 506.203 | J36: =F36*2/C36 -> 44.2798 | K36: =(F36+M36)*2/C36 -> 47.329082 | L36: =K36-'NOPA Crush'!J461 -> -0.010917912 | M36: 268.856 | N36: 48.679 | O36: 2015.256 | P36: 1583.544 | Q36: 775.431 | R36: 336.582 | S36: 471.531 | T36: 367.13 | U36: =(P36+T36)-'NOPA Crush'!Q461 -> 412.183 | V36: =(P36+T36)/'NOPA Crush'!Q461-1 -> 0.26791382 | W36: =O36/C36 -> 11.428208 | X36: =W36-'NOPA Crush'!O461 -> -0.12179151 | Y36: =K36+W36 -> 58.757291 | Z36: 1405.035 | AA36: 1371.822 | AB36: =(Z36-AA36)/Z36 -> 0.023638557 | AC36: 75.616 | AD36: 1303.54 | AE36: 986.593 | AF36: 316.947 | AG36: =AD36/AA36-1 -> -0.049774679 | AI36: 638.819 | AJ36: =AI36/30 -> 21.293967 | AK36: 465.246 | AL36: 94.845 | AM36: =AK36*2/AJ36 -> 43.697448 | AN36: =AM36-J36 -> -0.58235165 | AO36: 249.755 | AP36: 106.505 | AQ36: =AO36/AJ36 -> 11.728909 | AR36: =AQ36-W36 -> 0.30070063 | AS36: =AM36+AQ36 -> 55.426357 | AT36: 1108.108 | AU36: =AT36/30 -> 36.936933 | AV36: 824.164 | AW36: 87.05 | AX36: =AV36*2/AU36 -> 44.62547 | AY36: =AX36-J36 -> 0.34567013 | AZ36: 423.928 | BA36: 130.202 | BB36: =AZ36/AU36 -> 11.477076 | BC36: =BB36-W36 -> 0.048867747 | BD36: =AX36+BB36 -> 56.102546 | BE36: 1227.815 | BF36: =BE36/30 -> 40.927167 | BG36: 890.477 | BH36: 136.304 | BI36: =BG36*2/BF36 -> 43.515204 | BJ36: =BI36-J36 -> -0.76459575 | BK36: 457.012 | BL36: 209.925 | BM36: =BK36/BF36 -> 11.166471 | BN36: =BM36-W36 -> -0.26173798 | BO36: =BM36+BI36 -> 54.681674 | BP36: 675.602 | BQ36: =BP36/30 -> 22.520067 | BR36: 516.719 | BS36: 39.521 | BT36: =BR36*2/BQ36 -> 45.889651 | BU36: =BT36-J36 -> 1.6098514 | BV36: 256.77 | BW36: 199.152 | BX36: =BV36/BQ36 -> 11.401831 | BY36: =BX36-W36 -> -0.026377239 | BZ36: =BT36+BX36 -> 57.291482 | CA36: 717.027 | CB36: =CA36/30 -> 23.9009 | CC36: 523.477 | CD36: 86.169 | CE36: =CC36*2/CB36 -> 43.803957 | CF36: =CE36-J36 -> -0.47584242 | CG36: 271.303 | CH36: 78.05 | CI36: =CG36/CB36 -> 11.351163 | CJ36: =CI36-W36 -> -0.077045986 | CK36: =CI36+CE36 -> 55.15512 | CL36: 922.844 | CM36: =CL36/30 -> 30.761467 | CN36: 684.078 | CO36: 62.314 | CP36: =CN36*2/CM36 -> 44.476293 | CQ36: =CP36-J36 -> 0.19649326 | CR36: 356.488 | CS36: 51.597 | CT36: =CR36/CM36 -> 11.588784 | CU36: =CT36-W36 -> 0.16057574 | CV36: =CP36+CT36 -> 56.065077 | CX36: =C36-AJ36-AU36-BF36-BQ36-CB36-CM36 -> 0 | CY36: =F36-AK36-AV36-BG36-BR36-CC36-CN36 -> 0 | CZ36: =I36-AL36-AW36-BH36-BS36-CD36-CO36 -> 0 | DA36: =O36-AO36-AZ36-BK36-BV36-CG36-CR36 -> 0 | DB36: =Q36-AP36-BA36-BL36-BW36-CH36-CS36 -> 0 | DC36: =P36-Q36-R36-S36 -> 0 | DE36: 172.013 | DF36: 95.613 | DG36: 63.175 | DH36: =DF36/DE36 -> 0.55584752 | DI36: 147.697 | DJ36: =DI36/DE36/2 -> 0.4293193 | DK36: 122.898 | DL36: 119.336 | DM36: =1-DL36/DK36 -> 0.028983385 | DN36: 144.051 | DO36: 158.512 | DP36: 94.774 | DQ36: =DP36+DO36 -> 253.286 | DR36: =DJ36+DH36 -> 0.98516682 | DS36: =DK36/DI36 -> 0.83209544 | DT36: 172.655 | DU36: 78.349 | DV36: 15.132 | DW36: =DU36/DT36 -> 0.45378935 | DX36: 50.621 | DY36: =DX36/DT36/2 -> 0.14659581 | DZ36: 56.65 | EA36: 54.747 | EB36: =1-EA36/DZ36 -> 0.033592233 | EC36: 54.325 | EE36: 53.755 | EF36: =EE36+ED36 -> 53.755 | EG36: =DY36+DW36 -> 0.60038516 | EJ36: =(C36*2000/1000)/(A37-A36) -> 11.376806 | EK36: ='NOPA Crush'!B461*56/('NOPA Crush'!A461-'NOPA Crush'!A460) -> 10.968849 | EL36: =EJ36/EK36 -> 1.0371924 | EM36: =DE36/($A37-$A36) -> 5.5488065 | EN36: =(DT36*2000/1000000)/($A37-$A36) -> 0.011139032 | EO36: =EJ36+EM36+EN36 -> 16.936752
A37: 43101 | B37: 5239.827 | C37: =B37/30 -> 174.6609 | D37: =C37-'NOPA Crush'!G462 -> 11.5499 | E37: =C37/'NOPA Crush'!G462-1 -> 0.070810062 | F37: 3859.849 | G37: 3812.768 | H37: 47.081 | I37: 379.359 | J37: =F37*2/C37 -> 44.198203 | K37: =(F37+M37)*2/C37 -> 47.272343 | L37: =K37-'NOPA Crush'!J462 -> -0.017656848 | M37: 268.466 | N37: 30.652 | O37: 1995.589 | P37: 1886.728 | Q37: 886.164 | R37: 368.744 | S37: 631.82 | T37: 353.056 | U37: =(P37+T37)-'NOPA Crush'!Q462 -> 511.37 | V37: =(P37+T37)/'NOPA Crush'!Q462-1 -> 0.29586083 | W37: =O37/C37 -> 11.425505 | X37: =W37-'NOPA Crush'!O462 -> -0.084494921 | Y37: =K37+W37 -> 58.697848 | Z37: 1291.424 | AA37: 1267.093 | AB37: =(Z37-AA37)/Z37 -> 0.018840443 | AC37: =FORECAST(S37,AC38:AC$87,S38:S$87) -> 122.32158 | AD37: 1330.992 | AE37: 1075.497 | AF37: 255.495 | AG37: =AD37/AA37-1 -> 0.050429605 | AI37: 606.516 | AJ37: =AI37/30 -> 20.2172 | AK37: 438.99 | AL37: 56.64 | AM37: =AK37*2/AJ37 -> 43.427379 | AN37: =AM37-J37 -> -0.77082482 | AO37: 235.228 | AP37: 130.828 | AQ37: =AO37/AJ37 -> 11.635043 | AR37: =AQ37-W37 -> 0.20953835 | AS37: =AM37+AQ37 -> 55.062422 | AT37: 1097.829 | AU37: =AT37/30 -> 36.5943 | AV37: 819.429 | AW37: 57.813 | AX37: =AV37*2/AU37 -> 44.784516 | AY37: =AX37-J37 -> 0.58631213 | AZ37: 420.867 | BA37: 168.44 | BB37: =AZ37/AU37 -> 11.500889 | BC37: =BB37-W37 -> 0.075384404 | BD37: =AX37+BB37 -> 56.285405 | BE37: 1199.435 | BF37: =BE37/30 -> 39.981167 | BG37: 879.903 | BH37: 115.398 | BI37: =BG37*2/BF37 -> 44.015874 | BJ37: =BI37-J37 -> -0.18232935 | BK37: 452.9 | BL37: 204.009 | BM37: =BK37/BF37 -> 11.327834 | BN37: =BM37-W37 -> -0.097671557 | BO37: =BM37+BI37 -> 55.343708 | BP37: 693.338 | BQ37: =BP37/30 -> 23.111267 | BR37: 514.202 | BS37: 53.008 | BT37: =BR37*2/BQ37 -> 44.49795 | BU37: =BT37-J37 -> 0.299747 | BV37: 257.544 | BW37: 251.126 | BX37: =BV37/BQ37 -> 11.143656 | BY37: =BX37-W37 -> -0.28184931 | BZ37: =BT37+BX37 -> 55.641606 | CA37: 710.716 | CB37: =CA37/30 -> 23.690533 | CC37: 516.908 | CD37: 57.014 | CE37: =CC37*2/CB37 -> 43.638359 | CF37: =CE37-J37 -> -0.55984443 | CG37: 269.726 | CH37: 74.98 | CI37: =CG37/CB37 -> 11.385392 | CJ37: =CI37-W37 -> -0.040113445 | CK37: =CI37+CE37 -> 55.023751 | CL37: 931.993 | CM37: =CL37/30 -> 31.066433 | CN37: 690.417 | CO37: 39.486 | CP37: =CN37*2/CM37 -> 44.44778 | CQ37: =CP37-J37 -> 0.2495767 | CR37: 359.324 | CS37: 56.781 | CT37: =CR37/CM37 -> 11.56631 | CU37: =CT37-W37 -> 0.14080497 | CV37: =CP37+CT37 -> 56.01409 | CX37: =C37-AJ37-AU37-BF37-BQ37-CB37-CM37 -> 0 | CY37: =F37-AK37-AV37-BG37-BR37-CC37-CN37 -> 0 | CZ37: =I37-AL37-AW37-BH37-BS37-CD37-CO37 -> 0 | DA37: =O37-AO37-AZ37-BK37-BV37-CG37-CR37 -> 0 | DB37: =Q37-AP37-BA37-BL37-BW37-CH37-CS37 -> -6.3948846e-14 | DC37: =P37-Q37-R37-S37 -> 0 | DE37: 156.705 | DF37: 86.774 | DG37: =FORECAST(DF37,DG18:DG36,DF18:DF36) -> 45.494004 | DH37: =DF37/DE37 -> 0.55374111 | DI37: 136.161 | DJ37: =DI37/DE37/2 -> 0.43445008 | DK37: 103.151 | DL37: 100.65 | DM37: =1-DL37/DK37 -> 0.024246008 | DN37: 127.564 | DO37: 168.87 | DP37: 107.267 | DQ37: =DP37+DO37 -> 276.137 | DR37: =DJ37+DH37 -> 0.98819119 | DS37: =DK37/DI37 -> 0.75756641 | DT37: 164.724 | DU37: 73.544 | DV37: 10.242 | DW37: =DU37/DT37 -> 0.44646803 | DX37: 47.16 | DY37: =DX37/DT37/2 -> 0.14314854 | DZ37: 43.259 | EA37: 42.078 | EB37: =1-EA37/DZ37 -> 0.027300677 | EC37: 47.285 | EE37: 54.15 | EF37: =EE37+ED37 -> 54.15 | EG37: =DY37+DW37 -> 0.58961657 | EJ37: =(C37*2000/1000)/(A38-A37) -> 11.268445 | EK37: ='NOPA Crush'!B462*56/('NOPA Crush'!A462-'NOPA Crush'!A461) -> 10.740185 | EL37: =EJ37/EK37 -> 1.0491854 | EM37: =DE37/($A38-$A37) -> 5.055 | EN37: =(DT37*2000/1000000)/($A38-$A37) -> 0.010627355 | EO37: =EJ37+EM37+EN37 -> 16.334073
A38: 43132 | B38: 4948.772 | C38: =B38/30 -> 164.95907 | D38: =C38-'NOPA Crush'!G463 -> 11.240067 | E38: =C38/'NOPA Crush'!G463-1 -> 0.073120868 | F38: 3651.786 | G38: 3610.407 | H38: 41.379 | I38: 415.077 | J38: =F38*2/C38 -> 44.275057 | K38: =(F38+M38)*2/C38 -> 47.279268 | L38: =K38-'NOPA Crush'!J463 -> -0.11073153 | M38: 247.786 | N38: 40.715 | O38: 1889.841 | P38: 2049.644 | Q38: 928.514 | R38: 386.79 | S38: 734.34 | T38: 375.738 | U38: =(P38+T38)-'NOPA Crush'!Q463 -> 569.684 | V38: =(P38+T38)/'NOPA Crush'!Q463-1 -> 0.30699176 | W38: =O38/C38 -> 11.456424 | X38: =W38-'NOPA Crush'!O463 -> -0.043576063 | Y38: =K38+W38 -> 58.735692 | Z38: 1288.769 | AA38: 1259.37 | AB38: =(Z38-AA38)/Z38 -> 0.022811691 | AC38: =FORECAST(S38,AC39:AC$87,S39:S$87) -> 132.12934 | AD38: 1302.608 | AE38: 1023.705 | AF38: 278.903 | AG38: =AD38/AA38-1 -> 0.03433304 | AI38: 580.214 | AJ38: =AI38/30 -> 19.340467 | AK38: 420.801 | AL38: 54.22 | AM38: =AK38*2/AJ38 -> 43.515082 | AN38: =AM38-J38 -> -0.75997415 | AO38: 227.3 | AP38: 151.934 | AQ38: =AO38/AJ38 -> 11.75256 | AR38: =AQ38-W38 -> 0.29613633 | AS38: =AM38+AQ38 -> 55.267643 | AT38: 1009.213 | AU38: =AT38/30 -> 33.640433 | AV38: 750.819 | AW38: 52.236 | AX38: =AV38*2/AU38 -> 44.637891 | AY38: =AX38-J38 -> 0.36283459 | AZ38: 386.772 | BA38: 178.885 | BB38: =AZ38/AU38 -> 11.497236 | BC38: =BB38-W38 -> 0.040812028 | BD38: =AX38+BB38 -> 56.135127 | BE38: 1158.157 | BF38: =BE38/30 -> 38.605233 | BG38: 855.836 | BH38: 104.916 | BI38: =BG38*2/BF38 -> 44.337823 | BJ38: =BI38-J38 -> 0.062766419 | BK38: 442.392 | BL38: 207.498 | BM38: =BK38/BF38 -> 11.459379 | BN38: =BM38-W38 -> 0.002955059 | BO38: =BM38+BI38 -> 55.797202 | BP38: 668.153 | BQ38: =BP38/30 -> 22.271767 | BR38: 497.062 | BS38: 67.739 | BT38: =BR38*2/BQ38 -> 44.636064 | BU38: =BT38-J38 -> 0.36100738 | BV38: 247.986 | BW38: 255.306 | BX38: =BV38/BQ38 -> 11.134546 | BY38: =BX38-W38 -> -0.32187841 | BZ38: =BT38+BX38 -> 55.770609 | CA38: 663.164 | CB38: =CA38/30 -> 22.105467 | CC38: 482.197 | CD38: 81.746 | CE38: =CC38*2/CB38 -> 43.626946 | CF38: =CE38-J38 -> -0.64811054 | CG38: 252.799 | CH38: 72.904 | CI38: =CG38/CB38 -> 11.43604 | CJ38: =CI38-W38 -> -0.020383983 | CK38: =CI38+CE38 -> 55.062986 | CL38: 869.871 | CM38: =CL38/30 -> 28.9957 | CN38: 645.071 | CO38: 54.22 | CP38: =CN38*2/CM38 -> 44.494253 | CQ38: =CP38-J38 -> 0.21919608 | CR38: 332.592 | CS38: 61.987 | CT38: =CR38/CM38 -> 11.47039 | CU38: =CT38-W38 -> 0.0139665 | CV38: =CP38+CT38 -> 55.964643 | CX38: =C38-AJ38-AU38-BF38-BQ38-CB38-CM38 -> 0 | CY38: =F38-AK38-AV38-BG38-BR38-CC38-CN38 -> 0 | CZ38: =I38-AL38-AW38-BH38-BS38-CD38-CO38 -> 0 | DA38: =O38-AO38-AZ38-BK38-BV38-CG38-CR38 -> 0 | DB38: =Q38-AP38-BA38-BL38-BW38-CH38-CS38 -> 0 | DC38: =P38-Q38-R38-S38 -> 0 | DE38: 151.591 | DF38: 84.671 | DG38: =FORECAST(DF38,DG19:DG37,DF19:DF37) -> 45.765594 | DH38: =DF38/DE38 -> 0.55854899 | DI38: 128.363 | DJ38: =DI38/DE38/2 -> 0.42338595 | DK38: 115.194 | DL38: 112.078 | DM38: =1-DL38/DK38 -> 0.02705002 | DN38: 133.776 | DO38: =MROUND(FORECAST(DI38,DO$5:DO37,DI$5:DI37),1) -> 177 | DP38: 92.84 | DQ38: =DP38+DO38 -> 269.84 | DR38: =DJ38+DH38 -> 0.98193494 | DS38: =DK38/DI38 -> 0.89740813 | DT38: 154.702 | DU38: 71.963 | DV38: 10.123 | DW38: =DU38/DT38 -> 0.46517175 | DX38: 48.252 | DY38: =DX38/DT38/2 -> 0.15595144 | DZ38: 50.576 | EA38: 49.024 | EB38: =1-EA38/DZ38 -> 0.030686492 | EC38: 47.407 | EE38: 57.187 | EF38: =EE38+ED38 -> 57.187 | EG38: =DY38+DW38 -> 0.62112319 | EJ38: =(C38*2000/1000)/(A39-A38) -> 11.78279 | EK38: ='NOPA Crush'!B463*56/('NOPA Crush'!A463-'NOPA Crush'!A462) -> 10.766962 | EL38: =EJ38/EK38 -> 1.0943468 | EM38: =DE38/($A39-$A38) -> 5.4139643 | EN38: =(DT38*2000/1000000)/($A39-$A38) -> 0.011050143 | EO38: =EJ38+EM38+EN38 -> 17.207805
A39: 43160 | B39: 5465.24 | C39: =B39/30 -> 182.17467 | D39: =C39-'NOPA Crush'!G464 -> 10.316667 | E39: =C39/'NOPA Crush'!G464-1 -> 0.06003018 | F39: 4029.272 | G39: 3976.961 | H39: 52.311 | I39: 492.224 | J39: =F39*2/C39 -> 44.235261 | K39: =(F39+M39)*2/C39 -> 47.27934 | L39: =K39-'NOPA Crush'!J464 -> -0.24066003 | M39: 277.277 | N39: 51.967 | O39: 2079.123 | P39: 2080.138 | Q39: 915.122 | R39: 362.84 | S39: 802.176 | T39: 364.344 | U39: =(P39+T39)-'NOPA Crush'!Q464 -> 498.359 | V39: =(P39+T39)/'NOPA Crush'!Q464-1 -> 0.25607785 | W39: =O39/C39 -> 11.4128 | X39: =W39-'NOPA Crush'!O464 -> -0.097200196 | Y39: =K39+W39 -> 58.69214 | Z39: 1519.782 | AA39: 1459.498 | AB39: =(Z39-AA39)/Z39 -> 0.039666215 | AC39: =FORECAST(S39,AC40:AC$87,S40:S$87) -> 138.61898 | AD39: 1427.523 | AE39: 1062.399 | AF39: 365.124 | AG39: =AD39/AA39-1 -> -0.021908218 | AI39: 618.612 | AJ39: =AI39/30 -> 20.6204 | AK39: 450.75 | AL39: 103.943 | AM39: =AK39*2/AJ39 -> 43.718842 | AN39: =AM39-J39 -> -0.51641986 | AO39: 243.725 | AP39: 154.913 | AQ39: =AO39/AJ39 -> 11.819606 | AR39: =AQ39-W39 -> 0.40680602 | AS39: =AM39+AQ39 -> 55.538447 | AT39: 1158.623 | AU39: =AT39/30 -> 38.620767 | AV39: 862.308 | AW39: 69.321 | AX39: =AV39*2/AU39 -> 44.655147 | AY39: =AX39-J39 -> 0.41988527 | AZ39: 442.506 | BA39: 173.914 | BB39: =AZ39/AU39 -> 11.457722 | BC39: =BB39-W39 -> 0.044921992 | BD39: =AX39+BB39 -> 56.112868 | BE39: 1263.566 | BF39: =BE39/30 -> 42.118867 | BG39: 933.877 | BH39: 112.525 | BI39: =BG39*2/BF39 -> 44.34483 | BJ39: =BI39-J39 -> 0.10956903 | BK39: 480.354 | BL39: 237.509 | BM39: =BK39/BF39 -> 11.404723 | BN39: =BM39-W39 -> -0.0080769797 | BO39: =BM39+BI39 -> 55.749553 | BP39: 751.088 | BQ39: =BP39/30 -> 25.036267 | BR39: 550.233 | BS39: 53.64 | BT39: =BR39*2/BQ39 -> 43.954876 | BU39: =BT39-J39 -> -0.28038527 | BV39: 272.083 | BW39: 246.586 | BX39: =BV39/BQ39 -> 10.867555 | BY39: =BX39-W39 -> -0.545245 | BZ39: =BT39+BX39 -> 54.822431 | CA39: 730.338 | CB39: =CA39/30 -> 24.3446 | CC39: 533.275 | CD39: 75.071 | CE39: =CC39*2/CB39 -> 43.810537 | CF39: =CE39-J39 -> -0.42472436 | CG39: 276.443 | CH39: 56.058 | CI39: =CG39/CB39 -> 11.355414 | CJ39: =CI39-W39 -> -0.057386283 | CK39: =CI39+CE39 -> 55.165951 | CL39: 943.013 | CM39: =CL39/30 -> 31.433767 | CN39: 698.829 | CO39: 77.724 | CP39: =CN39*2/CM39 -> 44.463586 | CQ39: =CP39-J39 -> 0.228325 | CR39: 364.012 | CS39: 46.142 | CT39: =CR39/CM39 -> 11.580286 | CU39: =CT39-W39 -> 0.16748594 | CV39: =CP39+CT39 -> 56.043872 | CX39: =C39-AJ39-AU39-BF39-BQ39-CB39-CM39 -> 0 | CY39: =F39-AK39-AV39-BG39-BR39-CC39-CN39 -> 0 | CZ39: =I39-AL39-AW39-BH39-BS39-CD39-CO39 -> 0 | DA39: =O39-AO39-AZ39-BK39-BV39-CG39-CR39 -> 0 | DB39: =Q39-AP39-BA39-BL39-BW39-CH39-CS39 -> -7.1054274e-14 | DC39: =P39-Q39-R39-S39 -> 0 | DE39: 164.1 | DF39: 90.656 | DG39: =FORECAST(DF39,DG20:DG38,DF20:DF38) -> 45.018822 | DH39: =DF39/DE39 -> 0.55244363 | DI39: 139.998 | DJ39: =DI39/DE39/2 -> 0.42656307 | DK39: 123.888 | DL39: 121.234 | DM39: =1-DL39/DK39 -> 0.021422575 | DN39: 145.358 | DO39: =MROUND(FORECAST(DI39,DO$5:DO38,DI$5:DI38),1) -> 191 | DP39: 82.562 | DQ39: =DP39+DO39 -> 273.562 | DR39: =DJ39+DH39 -> 0.9790067 | DS39: =DK39/DI39 -> 0.88492693 | DT39: 151.913 | DU39: 73.505 | DV39: 10.429 | DW39: =DU39/DT39 -> 0.48386247 | DX39: 48.788 | DY39: =DX39/DT39/2 -> 0.16057875 | DZ39: 50.364 | EA39: 48.78 | EB39: =1-EA39/DZ39 -> 0.031451036 | EC39: 49.363 | EE39: 59.02 | EF39: =EE39+ED39 -> 59.02 | EG39: =DY39+DW39 -> 0.64444123 | EJ39: =(C39*2000/1000)/(A40-A39) -> 11.753204 | EK39: ='NOPA Crush'!B464*56/('NOPA Crush'!A464-'NOPA Crush'!A463) -> 11.75455 | EL39: =EJ39/EK39 -> 0.99988549 | EM39: =DE39/($A40-$A39) -> 5.2935484 | EN39: =(DT39*2000/1000000)/($A40-$A39) -> 0.0098008387 | EO39: =EJ39+EM39+EN39 -> 17.056554
A40: 43191 | B40: 5149.147 | C40: =B40/30 -> 171.63823 | D40: =C40-'NOPA Crush'!G465 -> 10.622233 | E40: =C40/'NOPA Crush'!G465-1 -> 0.065970049 | F40: 3822.338 | G40: 3781.356 | H40: 40.982 | I40: 404.468 | J40: =F40*2/C40 -> 44.53947 | K40: =(F40+M40)*2/C40 -> 47.540958 | L40: =K40-'NOPA Crush'!J465 -> -0.069042245 | M40: 257.585 | N40: 47.658 | O40: 1964.922 | P40: 2316.192 | Q40: 924.045 | R40: 452.654 | S40: 939.493 | T40: 372.584 | U40: =(P40+T40)-'NOPA Crush'!Q465 -> 596.329 | V40: =(P40+T40)/'NOPA Crush'!Q465-1 -> 0.28499121 | W40: =O40/C40 -> 11.448044 | X40: =W40-'NOPA Crush'!O465 -> -0.091956275 | Y40: =K40+W40 -> 58.989001 | Z40: 1477.749 | AA40: 1437.977 | AB40: =(Z40-AA40)/Z40 -> 0.026913908 | AC40: 85.57 | AD40: 1430.438 | AE40: 1115.186 | AF40: 315.252 | AG40: =AD40/AA40-1 -> -0.005242782 | AI40: 615.746 | AJ40: =AI40/30 -> 20.524867 | AK40: 453.84 | AL40: 81.479 | AM40: =AK40*2/AJ40 -> 44.22343 | AN40: =AM40-J40 -> -0.31604053 | AO40: 236.412 | AP40: 139.509 | AQ40: =AO40/AJ40 -> 11.518321 | AR40: =AQ40-W40 -> 0.070277142 | AS40: =AM40+AQ40 -> 55.741751 | AT40: 1071.709 | AU40: =AT40/30 -> 35.723633 | AV40: 796.27 | AW40: 65.445 | AX40: =AV40*2/AU40 -> 44.579452 | AY40: =AX40-J40 -> 0.039981747 | AZ40: 411.345 | BA40: 164.705 | BB40: =AZ40/AU40 -> 11.514646 | BC40: =BB40-W40 -> 0.066602509 | BD40: =AX40+BB40 -> 56.094098 | BE40: 1224.411 | BF40: =BE40/30 -> 40.8137 | BG40: 911.12 | BH40: 100.661 | BI40: =BG40*2/BF40 -> 44.647753 | BJ40: =BI40-J40 -> 0.10828276 | BK40: 466.765 | BL40: 256.429 | BM40: =BK40/BF40 -> 11.436478 | BN40: =BM40-W40 -> -0.011565287 | BO40: =BM40+BI40 -> 56.084232 | BP40: 659.328 | BQ40: =BP40/30 -> 21.9776 | BR40: 496.024 | BS40: 31.721 | BT40: =BR40*2/BQ40 -> 45.139051 | BU40: =BT40-J40 -> 0.59958035 | BV40: 246.259 | BW40: 253.376 | BX40: =BV40/BQ40 -> 11.205 | BY40: =BX40-W40 -> -0.24304409 | BZ40: =BT40+BX40 -> 56.34405 | CA40: 684.371 | CB40: =CA40/30 -> 22.812367 | CC40: 501.127 | CD40: 68.616 | CE40: =CC40*2/CB40 -> 43.934679 | CF40: =CE40-J40 -> -0.60479162 | CG40: 260.451 | CH40: 68.031 | CI40: =CG40/CB40 -> 11.417097 | CJ40: =CI40-W40 -> -0.030946857 | CK40: =CI40+CE40 -> 55.351776 | CL40: 893.582 | CM40: =CL40/30 -> 29.786067 | CN40: 663.957 | CO40: 56.546 | CP40: =CN40*2/CM40 -> 44.581717 | CQ40: =CP40-J40 -> 0.042246855 | CR40: 343.69 | CS40: 41.995 | CT40: =CR40/CM40 -> 11.538616 | CU40: =CT40-W40 -> 0.090572765 | CV40: =CP40+CT40 -> 56.120334 | CX40: =C40-AJ40-AU40-BF40-BQ40-CB40-CM40 -> -2.8421709e-14 | CY40: =F40-AK40-AV40-BG40-BR40-CC40-CN40 -> 0 | CZ40: =I40-AL40-AW40-BH40-BS40-CD40-CO40 -> 0 | DA40: =O40-AO40-AZ40-BK40-BV40-CG40-CR40 -> 0 | DB40: =Q40-AP40-BA40-BL40-BW40-CH40-CS40 -> -7.8159701e-14 | DC40: =P40-Q40-R40-S40 -> 0 | DE40: 152.358 | DF40: 85.399 | DG40: =FORECAST(DF40,DG21:DG39,DF21:DF39) -> 45.802832 | DH40: =DF40/DE40 -> 0.56051537 | DI40: 131.216 | DJ40: =DI40/DE40/2 -> 0.43061736 | DK40: 112.715 | DL40: 108.678 | DM40: =1-DL40/DK40 -> 0.035815996 | DN40: 150.506 | DO40: 175.88 | DP40: 79.596 | DQ40: =DP40+DO40 -> 255.476 | DR40: =DJ40+DH40 -> 0.99113273 | DS40: =DK40/DI40 -> 0.85900348 | DT40: 141.895 | DU40: 61.531 | DV40: 12.053 | DW40: =DU40/DT40 -> 0.43363755 | DX40: 40.917 | DY40: =DX40/DT40/2 -> 0.14418056 | DZ40: 41.81 | EA40: 40.262 | EB40: =1-EA40/DZ40 -> 0.037024635 | EC40: 46.405 | EE40: 53.631 | EF40: =EE40+ED40 -> 53.631 | EG40: =DY40+DW40 -> 0.5778181 | EJ40: =(C40*2000/1000)/(A41-A40) -> 11.442549 | EK40: ='NOPA Crush'!B465*56/('NOPA Crush'!A465-'NOPA Crush'!A464) -> 10.684531 | EL40: =EJ40/EK40 -> 1.0709454 | EM40: =DE40/($A41-$A40) -> 5.0786 | EN40: =(DT40*2000/1000000)/($A41-$A40) -> 0.0094596667 | EO40: =EJ40+EM40+EN40 -> 16.530609
A41: 43221 | B41: 5174.04 | C41: =B41/30 -> 172.468 | D41: =C41-'NOPA Crush'!G466 -> 8.896 | E41: =C41/'NOPA Crush'!G466-1 -> 0.054385836 | F41: 3846.687 | G41: 3802.225 | H41: 44.462 | I41: 391.812 | J41: =F41*2/C41 -> 44.607545 | K41: =(F41+M41)*2/C41 -> 47.652446 | L41: =K41-'NOPA Crush'!J466 -> 0.072445671 | M41: 262.574 | N41: 41.315 | O41: 1966.511 | P41: 2002.934 | Q41: 834.579 | R41: 458.395 | S41: 709.96 | T41: 371.127 | U41: =(P41+T41)-'NOPA Crush'!Q466 -> 518.001 | V41: =(P41+T41)/'NOPA Crush'!Q466-1 -> 0.27908634 | W41: =O41/C41 -> 11.402179 | X41: =W41-'NOPA Crush'!O466 -> -0.11782105 | Y41: =K41+W41 -> 59.054625 | Z41: 1518.13 | AA41: 1460.035 | AB41: =(Z41-AA41)/Z41 -> 0.038267474 | AC41: 92.909 | AD41: 1531.29 | AE41: 1218.228 | AF41: 313.062 | AG41: =AD41/AA41-1 -> 0.048803625 | AI41: 618.675 | AJ41: =AI41/30 -> 20.6225 | AK41: 451.608 | AL41: 81.209 | AM41: =AK41*2/AJ41 -> 43.7976 | AN41: =AM41-J41 -> -0.80994488 | AO41: 241.685 | AP41: 119.597 | AQ41: =AO41/AJ41 -> 11.719481 | AR41: =AQ41-W41 -> 0.31730219 | AS41: =AM41+AQ41 -> 55.517081 | AT41: 1132.262 | AU41: =AT41/30 -> 37.742067 | AV41: 844.719 | AW41: 55.547 | AX41: =AV41*2/AU41 -> 44.762732 | AY41: =AX41-J41 -> 0.15518701 | AZ41: 433.983 | BA41: 139.987 | BB41: =AZ41/AU41 -> 11.498655 | BC41: =BB41-W41 -> 0.09647595 | BD41: =AX41+BB41 -> 56.261386 | BE41: 1214.147 | BF41: =BE41/30 -> 40.471567 | BG41: 904.003 | BH41: 114.294 | BI41: =BG41*2/BF41 -> 44.673487 | BJ41: =BI41-J41 -> 0.06594223 | BK41: 452.616 | BL41: 200.79 | BM41: =BK41/BF41 -> 11.183555 | BN41: =BM41-W41 -> -0.21862375 | BO41: =BM41+BI41 -> 55.857042 | BP41: 719.504 | BQ41: =BP41/30 -> 23.983467 | BR41: 543.481 | BS41: 40.229 | BT41: =BR41*2/BQ41 -> 45.321305 | BU41: =BT41-J41 -> 0.71376009 | BV41: 265.717 | BW41: 269.989 | BX41: =BV41/BQ41 -> 11.079174 | BY41: =BX41-W41 -> -0.32300497 | BZ41: =BT41+BX41 -> 56.400479 | CA41: 544.646 | CB41: =CA41/30 -> 18.154867 | CC41: 399.668 | CD41: 38.657 | CE41: =CC41*2/CB41 -> 44.028745 | CF41: =CE41-J41 -> -0.57879931 | CG41: 207.778 | CH41: 53.995 | CI41: =CG41/CB41 -> 11.444755 | CJ41: =CI41-W41 -> 0.042575987 | CK41: =CI41+CE41 -> 55.4735 | CL41: 944.806 | CM41: =CL41/30 -> 31.493533 | CN41: 703.208 | CO41: 61.876 | CP41: =CN41*2/CM41 -> 44.657295 | CQ41: =CP41-J41 -> 0.049750137 | CR41: 364.732 | CS41: 50.221 | CT41: =CR41/CM41 -> 11.581171 | CU41: =CT41-W41 -> 0.17899221 | CV41: =CP41+CT41 -> 56.238466 | CX41: =C41-AJ41-AU41-BF41-BQ41-CB41-CM41 -> 0 | CY41: =F41-AK41-AV41-BG41-BR41-CC41-CN41 -> 0 | CZ41: =I41-AL41-AW41-BH41-BS41-CD41-CO41 -> 0 | DA41: =O41-AO41-AZ41-BK41-BV41-CG41-CR41 -> 0 | DB41: =Q41-AP41-BA41-BL41-BW41-CH41-CS41 -> 7.1054274e-14 | DC41: =P41-Q41-R41-S41 -> 0 | DE41: 130.921 | DF41: 73.353 | DG41: =FORECAST(DF41,DG22:DG40,DF22:DF40) -> 47.23948 | DH41: =DF41/DE41 -> 0.56028445 | DI41: 115.066 | DJ41: =DI41/DE41/2 -> 0.43944822 | DK41: 86.73 | DL41: 84.077 | DM41: =1-DL41/DK41 -> 0.030589185 | DN41: 137.145 | DO41: 181.168 | DP41: 81.122 | DQ41: =DP41+DO41 -> 262.29 | DR41: =DJ41+DH41 -> 0.99973266 | DS41: =DK41/DI41 -> 0.75374133 | DT41: 166.3 | DU41: 70.946 | DV41: 21.899 | DW41: =DU41/DT41 -> 0.42661455 | DX41: 49.346 | DY41: =DX41/DT41/2 -> 0.1483644 | DZ41: 52.426 | EA41: 50.637 | EB41: =1-EA41/DZ41 -> 0.034124289 | EC41: 58.025 | EE41: 49.74 | EF41: =EE41+ED41 -> 49.74 | EG41: =DY41+DW41 -> 0.57497895 | EJ41: =(C41*2000/1000)/(A42-A41) -> 11.126968 | EK41: ='NOPA Crush'!B466*56/('NOPA Crush'!A466-'NOPA Crush'!A465) -> 10.905429 | EL41: =EJ41/EK41 -> 1.0203146 | EM41: =DE41/($A42-$A41) -> 4.2232581 | EN41: =(DT41*2000/1000000)/($A42-$A41) -> 0.010729032 | EO41: =EJ41+EM41+EN41 -> 15.360955
A42: 43252 | B42: 5086.941 | C42: =B42/30 -> 169.5647 | D42: =C42-'NOPA Crush'!G467 -> 10.3367 | E42: =C42/'NOPA Crush'!G467-1 -> 0.064917602 | F42: 3778.127 | G42: 3732.021 | H42: 46.106 | I42: 359.823 | J42: =F42*2/C42 -> 44.56266 | K42: =(F42+M42)*2/C42 -> 47.560831 | L42: =K42-'NOPA Crush'!J467 -> 0.00083076253 | M42: 254.192 | N42: 38.706 | O42: 1936.907 | P42: 1933.152 | Q42: 833.122 | R42: 331.493 | S42: 768.537 | T42: 371.656 | U42: =(P42+T42)-'NOPA Crush'!Q467 -> 538.863 | V42: =(P42+T42)/'NOPA Crush'!Q467-1 -> 0.30514144 | W42: =O42/C42 -> 11.42282 | X42: =W42-'NOPA Crush'!O467 -> -0.097180274 | Y42: =K42+W42 -> 58.98365 | Z42: 1466.7 | AA42: 1437.343 | AB42: =(Z42-AA42)/Z42 -> 0.020015681 | AC42: 140.802 | AD42: 1485.297 | AE42: 1104.67 | AF42: 380.627 | AG42: =AD42/AA42-1 -> 0.033362948 | AI42: 584.3 | AJ42: =AI42/30 -> 19.476667 | AK42: 429.717 | AL42: 57.052 | AM42: =AK42*2/AJ42 -> 44.126339 | AN42: =AM42-J42 -> -0.43632035 | AO42: 228.251 | AP42: 95.762 | AQ42: =AO42/AJ42 -> 11.719202 | AR42: =AQ42-W42 -> 0.29638274 | AS42: =AM42+AQ42 -> 55.845542 | AT42: 1114.775 | AU42: =AT42/30 -> 37.159167 | AV42: 828.824 | AW42: 68.332 | AX42: =AV42*2/AU42 -> 44.609397 | AY42: =AX42-J42 -> 0.046736952 | AZ42: 426.733 | BA42: 142.779 | BB42: =AZ42/AU42 -> 11.483923 | BC42: =BB42-W42 -> 0.061103039 | BD42: =AX42+BB42 -> 56.093319 | BE42: 1130.569 | BF42: =BE42/30 -> 37.685633 | BG42: 846.87 | BH42: 100.865 | BI42: =BG42*2/BF42 -> 44.943918 | BJ42: =BI42-J42 -> 0.38125806 | BK42: 427.222 | BL42: 209.529 | BM42: =BK42/BF42 -> 11.336469 | BN42: =BM42-W42 -> -0.086351098 | BO42: =BM42+BI42 -> 56.280386 | BP42: 721.43 | BQ42: =BP42/30 -> 24.047667 | BR42: 535.519 | BS42: 41.345 | BT42: =BR42*2/BQ42 -> 44.538126 | BU42: =BT42-J42 -> -0.024533896 | BV42: 268.434 | BW42: 292.798 | BX42: =BV42/BQ42 -> 11.16258 | BY42: =BX42-W42 -> -0.26023985 | BZ42: =BT42+BX42 -> 55.700706 | CA42: 638.075 | CB42: =CA42/30 -> 21.269167 | CC42: 467.505 | CD42: 46.891 | CE42: =CC42*2/CB42 -> 43.96082 | CF42: =CE42-J42 -> -0.60183991 | CG42: 242.674 | CH42: 50.722 | CI42: =CG42/CB42 -> 11.409662 | CJ42: =CI42-W42 -> -0.013157852 | CK42: =CI42+CE42 -> 55.370482 | CL42: 897.792 | CM42: =CL42/30 -> 29.9264 | CN42: 669.692 | CO42: 45.338 | CP42: =CN42*2/CM42 -> 44.755935 | CQ42: =CP42-J42 -> 0.193275 | CR42: 343.593 | CS42: 41.532 | CT42: =CR42/CM42 -> 11.481267 | CU42: =CT42-W42 -> 0.05844765 | CV42: =CP42+CT42 -> 56.237202 | CX42: =C42-AJ42-AU42-BF42-BQ42-CB42-CM42 -> 0 | CY42: =F42-AK42-AV42-BG42-BR42-CC42-CN42 -> 0 | CZ42: =I42-AL42-AW42-BH42-BS42-CD42-CO42 -> 0 | DA42: =O42-AO42-AZ42-BK42-BV42-CG42-CR42 -> 0 | DB42: =Q42-AP42-BA42-BL42-BW42-CH42-CS42 -> -9.2370556e-14 | DC42: =P42-Q42-R42-S42 -> 0 | DE42: 147.432 | DF42: 82.787 | DG42: =FORECAST(DF42,DG23:DG41,DF23:DF41) -> 46.104182 | DH42: =DF42/DE42 -> 0.56152667 | DI42: 129.663 | DJ42: =DI42/DE42/2 -> 0.43973832 | DK42: 128.341 | DL42: 124.48 | DM42: =1-DL42/DK42 -> 0.030083917 | DN42: 152.352 | DO42: 149.258 | DP42: 77.254 | DQ42: =DP42+DO42 -> 226.512 | DR42: =DJ42+DH42 -> 1.001265 | DS42: =DK42/DI42 -> 0.98980434 | DT42: 156.503 | DU42: 69.496 | DV42: 29.621 | DW42: =DU42/DT42 -> 0.44405539 | DX42: 46.28 | DY42: =DX42/DT42/2 -> 0.14785659 | DZ42: 48.971 | EA42: 47.313 | EB42: =1-EA42/DZ42 -> 0.033856772 | EC42: 48.342 | EE42: 50.319 | EF42: =EE42+ED42 -> 50.319 | EG42: =DY42+DW42 -> 0.59191198 | EJ42: =(C42*2000/1000)/(A43-A42) -> 11.304313 | EK42: ='NOPA Crush'!B467*56/('NOPA Crush'!A467-'NOPA Crush'!A466) -> 10.672505 | EL42: =EJ42/EK42 -> 1.0591996 | EM42: =DE42/($A43-$A42) -> 4.9144 | EN42: =(DT42*2000/1000000)/($A43-$A42) -> 0.010433533 | EO42: =EJ42+EM42+EN42 -> 16.229147
