Workbook

Sheet World Rapeseed
A1: MAJOR COUNTRY RAPESEED COMPLEX TABLE
B2: 93/94 | C2: 94/95 | D2: 95/96 | E2: 96/97 | F2: 97/98 | G2: 98/99 | H2: 99/00 | I2: 00/01 | J2: 01/02 | K2: 02/03 | L2: 03/04 | M2: 04/05 | N2: 05/06 | O2: 06/07 | P2: 07/08 | Q2: 08/09 | R2: 09/10 | S2: 10/11 | T2: 11/12 | U2: 12/13 | V2: 13/14 | W2: 14/15 | X2: 15/16 | Y2: 16/17 | Z2: 17/18 | AA2: 18/19 | AB2: 19/20 | AC2: 20/21
A3: MAJOR COUNTRY CANOLA SUPPLY AND DEMAND (1,000 Hectares/1,000 Tonnes)
A4: Planted Acres
A5: Harvested Acres
A6: Harvested Percent
A7: Yield (Bushels per Acre)
A8: Carryin (August 1)
A9: Production
A10: Imports
A11: Total Supply
A12: Crush
A13: Exports
A14: Seed and Other
... A38: Bold Numbers are The Jacobsen Forecasts and Estimates

Sheet Canada Rapeseed USDA Comp
B2: CANADA CANOLA COMPLEX COMPARISON
B3: CANADA CANOLA SUPPLY AND DEMAND (1,000 Hectares/1,000 Tonnes)
C4: ='[1]USDA Comp'!$F$3 -> 18/19 | D4: ='[1]USDA Comp'!$G$3 -> 19/20 | E4: ='[1]USDA Comp'!$H$3 -> 20/21 | F4: ='[1]USDA Comp'!$I$3 -> 21/22 | G4: 22/23 | H4: 23/24 | K4: 24/25
D5: ='[1]USDA Comp'!$J$4 -> Fastmarkets | E5: Fastmarkets | F5: Fastmarkets | G5: Fastmarkets | H5: USDA | I5: Change from January | J5: =G5 -> Fastmarkets | K5: =H5 -> USDA | L5: =I5 -> Change from January | M5: =J5 -> Fastmarkets
P6: 18/19 | Q6: =D4 -> 19/20 | R6: =E4 -> 20/21 | S6: =F4 -> 21/22 | T6: 22/23 | U6: =H4 -> 23/24 | V6: =K4 -> 24/25
B7: Harvested Area | C7: ='Canada Rapeseed'!AA5 -> 9119.7 | D7: ='Canada Rapeseed'!AB5 -> 8471.3 | E7: ='Canada Rapeseed'!AC5 -> 8325.4 | F7: ='Canada Rapeseed'!AD5 -> 8946.2 | G7: =MROUND('Canada Rapeseed'!AE5,25) -> 8600 | H7: 8857 | I7: =H7-U7 -> 0 | J7: ='Canada Rapeseed'!AF5 -> 8856.6 | K7: 8850 | L7: =K7-V7 -> 0 | M7: ='Canada Rapeseed'!AG5 -> 8845.9 | P7: 9119.7 | Q7: 8471.3 | R7: 8325.4 | S7: 8946 | T7: 8596 | U7: 8857 | V7: 8850
B8: Carryin (August 1) | C8: ='Canada Rapeseed'!AA8 -> 2635.6 | D8: ='Canada Rapeseed'!AB8 -> 4434.8 | E8: ='Canada Rapeseed'!AC8 -> 3434.6 | F8: ='Canada Rapeseed'!AD8 -> 1776 | G8: =F17 -> 1484.1 | H8: 1858 | I8: =H8-U8 -> 0 | J8: =G17 -> 1857.6 | K8: 2748 | L8: =K8-V8 -> 0 | M8: =J17 -> 2747.9 | P8: 2635.7 | Q8: 4434.8 | R8: 3434.6 | S8: 1776 | T8: 1325 | U8: 1858 | V8: 2748
B9: Production | C9: ='Canada Rapeseed'!AA9 -> 20723.5 | D9: ='Canada Rapeseed'!AB9 -> 19912.3 | E9: ='Canada Rapeseed'!AC9 -> 19484.7 | F9: ='Canada Rapeseed'!AD9 -> 14248.281 | G9: ='Canada Rapeseed'!AE9 -> 18849.801 | H9: 19192 | I9: =H9-U9 -> 0 | J9: ='Canada Rapeseed'!AF9 -> 19463.562 | K9: 18800 | L9: =K9-V9 -> 0 | M9: ='Canada Rapeseed'!AG9 -> 19239.463 | P9: 20724 | Q9: 19912.3 | R9: 19484.7 | S9: 13757 | T9: 18695 | U9: 19192 | V9: 18800
B10: Imports | C10: ='Canada Rapeseed'!AA10 -> 146.80353 | D10: ='Canada Rapeseed'!AB10 -> 154.98209 | E10: ='Canada Rapeseed'!AC10 -> 125.05228 | F10: ='Canada Rapeseed'!AD10 -> 104.73826 | G10: ='Canada Rapeseed'!AE10 -> 151.357 | H10: 276 | I10: =H10-U10 -> 0 | J10: ='Canada Rapeseed'!AF10 -> 275 | K10: 100 | L10: =K10-V10 -> 0 | M10: ='Canada Rapeseed'!AG10 -> 150 | P10: 146.43453 | Q10: 155.00338 | R10: 125.17946 | S10: 105 | T10: 151 | U10: 276 | V10: 100
B11: Total Supply | C11: ='Canada Rapeseed'!AA11 -> 23505.904 | D11: ='Canada Rapeseed'!AB11 -> 24502.082 | E11: ='Canada Rapeseed'!AC11 -> 23044.352 | F11: ='Canada Rapeseed'!AD11+1 -> 16130.019 | G11: =SUM(G8:G10) -> 20485.258 | H11: =H10+H9+H8 -> 21326 | I11: =H11-U11 -> 0 | J11: =SUM(J8:J10) -> 21596.162 | K11: =SUM(K8:K10) -> 21648 | L11: =K11-V11 -> 0 | M11: =SUM(M8:M10) -> 22137.363 | P11: 23506.135 | Q11: 24502.103 | R11: 23044.479 | S11: 15638 | T11: 20171 | U11: 21326 | V11: 21648
B12: Crush | C12: ='Canada Rapeseed'!AA12 -> 9295.384 | D12: ='Canada Rapeseed'!AB12 -> 10128.976 | E12: ='Canada Rapeseed'!AC12 -> 10424.753 | F12: ='Canada Rapeseed'!AD12 -> 8555.367 | G12: ='Canada Rapeseed'!AE12 -> 9961.429 | H12: 11033 | I12: =H12-U12 -> 0 | J12: ='Canada Rapeseed'!AF12 -> 11032.86 | K12: 12000 | L12: =K12-V12 -> 0 | M12: ='Canada Rapeseed'!AG12 -> 11700 | P12: 9295.4 | Q12: 10128.976 | R12: 10409.632 | S12: 8555 | T12: 9961 | U12: 11033 | V12: 12000
B13: Exports | C13: ='Canada Rapeseed'!AA13 -> 9201.8269 | D13: ='Canada Rapeseed'!AB13 -> 10041.143 | E13: ='Canada Rapeseed'!AC13 -> 10588.754 | F13: ='Canada Rapeseed'!AD13-4 -> 5241.7369 | G13: ='Canada Rapeseed'!AE13 -> 7950.618 | H13: 6747 | I13: =H13-U13 -> 0 | J13: ='Canada Rapeseed'!AF13 -> 6423.2373 | K13: 7250 | L13: =K13-V13 -> 0 | M13: ='Canada Rapeseed'!AG13 -> 9000 | P13: 9202 | Q13: 10043.696 | R13: 10572.712 | S13: 5233 | T13: 7954 | U13: 6747 | V13: 7250
B14: Seed and Other | C14: ='Canada Rapeseed'!AA14 -> 60.9 | D14: ='Canada Rapeseed'!AB14 -> 60.4 | E14: ='Canada Rapeseed'!AC14 -> 65.3 | F14: ='Canada Rapeseed'!AD14 -> 62 | G14: ='Canada Rapeseed'!AE14 -> 64 | H14: =J14 -> 64 | I14: =H14-U14 -> 0 | J14: ='Canada Rapeseed'!AF14 -> 64 | K14: 65 | L14: =K14-V14 -> 0 | M14: ='Canada Rapeseed'!AG14 -> 63 | P14: 60.9 | Q14: 60.4 | R14: 65.3 | S14: 62 | T14: 64 | U14: 64 | V14: 65
B15: Animal feed, waste, and dockage | C15: ='Canada Rapeseed'!AA15 -> 512.9926 | D15: ='Canada Rapeseed'!AB15 -> 836.96343 | E15: ='Canada Rapeseed'!AC15 -> 189.54487 | F15: ='Canada Rapeseed'!AD15+5 -> 786.81537 | G15: ='Canada Rapeseed'!AE15 -> 651.611 | H15: 798 | I15: =H15-U15 -> 0 | J15: ='Canada Rapeseed'!AF15 -> 1328.1647 | K15: 692 | L15: =K15-V15 -> 0 | M15: ='Canada Rapeseed'!AG15 -> -1125.637 | P15: 513.03453 | Q15: 834.43182 | R15: 220.83534 | S15: 913 | T15: 686 | U15: 798 | V15: 692
B16: Total Use | C16: ='Canada Rapeseed'!AA16 -> 19071.104 | D16: ='Canada Rapeseed'!AB16 -> 21067.482 | E16: ='Canada Rapeseed'!AC16 -> 21268.352 | F16: ='Canada Rapeseed'!AD16+1 -> 14645.919 | G16: =SUM(G12:G15) -> 18627.658 | H16: =H15+H14+H13+H12 -> 18642 | I16: =H16-U16 -> 0 | J16: =SUM(J12:J15) -> 18848.262 | K16: =K15+K14+K13+K12 -> 20007 | L16: =K16-V16 -> 0 | M16: =SUM(M12:M15) -> 19637.363 | P16: 19071.335 | Q16: 21067.503 | R16: 21268.479 | S16: 14763 | T16: 18665 | U16: 18642 | V16: 20007
B17: Carryout (July 31) | C17: ='Canada Rapeseed'!AA17 -> 4434.8 | D17: ='Canada Rapeseed'!AB17 -> 3434.6 | E17: ='Canada Rapeseed'!AC17 -> 1776 | F17: ='Canada Rapeseed'!AD17 -> 1484.1 | G17: =G11-G16 -> 1857.6 | H17: =H11-H16 -> 2684 | I17: =H17-U17 -> 0 | J17: =J11-J16 -> 2747.9 | K17: =K11-K16 -> 1641 | L17: =K17-V17 -> 0 | M17: =M11-M16 -> 2500 | P17: 4434.8 | Q17: 3434.6 | R17: 1776 | S17: 875 | T17: 1506 | U17: 2684 | V17: 1641
B18: Stocks-to-Usage | C18: ='Canada Rapeseed'!AA18 -> 0.23254029 | D18: ='Canada Rapeseed'!AB18 -> 0.1630285 | E18: ='Canada Rapeseed'!AC18 -> 0.083504353 | F18: ='Canada Rapeseed'!AD18 -> 0.1013389 | G18: =G17/G16 -> 0.099722681 | H18: =H17/H16 -> 0.14397597 | I18: =H18-U18 -> 0 | J18: =J17/J16 -> 0.14579063 | K18: =K17/K16 -> 0.082021293 | L18: =K18-V18 -> 0 | M18: =M17/M16 -> 0.12730834 | P18: 0.23253748 | Q18: 0.16302834 | R18: 0.083503854 | S18: 0.059271914 | T18: 0.080685776 | U18: 0.14397597 | V18: 0.082021293
B20: CANADA CANOLA MEAL SUPPLY AND DEMAND (1,000 Tonnes)
C21: =C4 -> 18/19 | D21: =D4 -> 19/20 | E21: =E4 -> 20/21 | F21: =F4 -> 21/22 | G21: =G4 -> 22/23 | H21: =H4 -> 23/24 | K21: =K4 -> 24/25
D22: =D5 -> Fastmarkets | E22: Fastmarkets | F22: =F5 -> Fastmarkets | G22: =G5 -> Fastmarkets | H22: =H5 -> USDA | I22: =I5 -> Change from January | J22: =G22 -> Fastmarkets | K22: =H22 -> USDA | L22: =I22 -> Change from January | M22: =J22 -> Fastmarkets
P23: =P6 -> 18/19 | Q23: =Q6 -> 19/20 | R23: =R6 -> 20/21 | S23: =S6 -> 21/22 | T23: =T6 -> 22/23 | U23: =U6 -> 23/24 | V23: =V6 -> 24/25
B24: Carryin (August 1) | C24: ='Canada Rapeseed'!AA22 -> 103 | D24: ='Canada Rapeseed'!AB22 -> 74.3 | E24: ='Canada Rapeseed'!AC22 -> 93.3 | F24: ='Canada Rapeseed'!AD22 -> 94.12 | G24: ='Canada Rapeseed'!AE22 -> 153.176 | H24: 134 | I24: =H24-U24 -> 0 | J24: ='Canada Rapeseed'!AF22 -> 89.135 | K24: =H31 -> 169 | L24: =K24-V24 -> 0 | M24: ='Canada Rapeseed'!AG22 -> 105.169 | P24: 103 | Q24: 74.3 | R24: 93.3 | S24: 125 | T24: 183 | U24: 134 | V24: 169
B25: Production | C25: ='Canada Rapeseed'!AA23+39 -> 5242.4 | D25: ='Canada Rapeseed'!AB23 -> 5653.726 | E25: ='Canada Rapeseed'!AC23 -> 5935.604 | F25: ='Canada Rapeseed'!AD23 -> 5092.441 | G25: ='Canada Rapeseed'!AE23 -> 5907.503 | H25: 6408 | I25: =H25-U25 -> 0 | J25: ='Canada Rapeseed'!AF23 -> 6407.687 | K25: 6908 | L25: =K25-V25 -> 0 | M25: ='Canada Rapeseed'!AG23 -> 6873.649 | P25: 5206.4 | Q25: 5688.288 | R25: 5935.604 | S25: 5092 | T25: 5841 | U25: 6408 | V25: 6908
B26: Imports | C26: ='Canada Rapeseed'!AA24 -> 5.910642 | D26: ='Canada Rapeseed'!AB24 -> 4.993707 | E26: ='Canada Rapeseed'!AC24 -> 5.160196 | F26: ='Canada Rapeseed'!AD24+5 -> 14.791463 | G26: ='Canada Rapeseed'!AE24 -> 6.373 | H26: 3 | I26: =H26-U26 -> 0 | J26: ='Canada Rapeseed'!AF24 -> 3 | K26: 10 | L26: =K26-V26 -> 0 | M26: ='Canada Rapeseed'!AG24 -> 10 | P26: 5.910642 | Q26: 4.993314 | R26: 8.453868 | S26: 11 | T26: 8 | U26: 3 | V26: 10
B27: Total Supply | C27: ='Canada Rapeseed'!AA25+39 -> 5351.3106 | D27: ='Canada Rapeseed'!AB25 -> 5733.0197 | E27: ='Canada Rapeseed'!AC25 -> 6034.0642 | F27: ='Canada Rapeseed'!AD25+5 -> 5201.3525 | G27: =SUM(G24:G26) -> 6067.052 | H27: =H26+H25+H24 -> 6545 | I27: =H27-U27 -> 0 | J27: =SUM(J24:J26) -> 6499.822 | K27: =SUM(K24:K26) -> 7087 | L27: =K27-V27 -> 0 | M27: =SUM(M24:M26) -> 6988.818 | P27: 5315.3106 | Q27: 5767.5813 | R27: 6037.3579 | S27: 5228 | T27: 6032 | U27: 6545 | V27: 7087
B28: Domestic Usage | C28: ='Canada Rapeseed'!AA26+36 -> 633.25419 | D28: ='Canada Rapeseed'!AB26 -> 742.99707 | E28: ='Canada Rapeseed'!AC26 -> 686.83151 | F28: ='Canada Rapeseed'!AD26 -> 530.18885 | G28: ='Canada Rapeseed'!AE26 -> 670.287 | H28: 740 | I28: =H28-U28 -> 0 | J28: ='Canada Rapeseed'!AF26 -> 869.653 | K28: 605 | L28: =K28-V28 -> 0 | M28: ='Canada Rapeseed'!AG26 -> 893.81801 | P28: 601.01805 | Q28: 775.6564 | R28: 628.50063 | S28: 650 | T28: 615 | U28: 740 | V28: 605
B29: Exports | C29: ='Canada Rapeseed'!AA27+3 -> 4643.7564 | D29: ='Canada Rapeseed'!AB27 -> 4896.7226 | E29: ='Canada Rapeseed'!AC27 -> 5253.1127 | F29: ='Canada Rapeseed'!AD27 -> 4512.9876 | G29: ='Canada Rapeseed'!AE27 -> 5307.63 | H29: 5636 | I29: =H29-U29 -> 0 | J29: ='Canada Rapeseed'!AF27 -> 5525 | K29: 6300 | L29: =K29-V29 -> 0 | M29: ='Canada Rapeseed'!AG27 -> 6000 | P29: 4639.9926 | Q29: 4898.6249 | R29: 5314.7372 | S29: 4395 | T29: 5280 | U29: 5636 | V29: 6300
B30: Total Use | C30: ='Canada Rapeseed'!AA28 -> 5238.0106 | D30: ='Canada Rapeseed'!AB28 -> 5639.7197 | E30: ='Canada Rapeseed'!AC28 -> 5939.9442 | F30: ='Canada Rapeseed'!AD28 -> 5043.1765 | G30: =G29+G28 -> 5977.917 | H30: =H29+H28 -> 6376 | I30: =H30-U30 -> 0 | J30: =J29+J28 -> 6394.653 | K30: =K29+K28 -> 6905 | L30: =K30-V30 -> 0 | M30: =M29+M28 -> 6893.818 | P30: 5241.0106 | Q30: 5674.2813 | R30: 5943.2379 | S30: 5045 | T30: 5895 | U30: 6376 | V30: 6905
B31: Carryout (July 31) | C31: ='Canada Rapeseed'!AA29 -> 74.3 | D31: ='Canada Rapeseed'!AB29 -> 93.3 | E31: ='Canada Rapeseed'!AC29 -> 94.12 | F31: ='Canada Rapeseed'!AD29 -> 153.176 | G31: =G27-G30 -> 89.135 | H31: =H27-H30 -> 169 | I31: =H31-U31 -> 0 | J31: =J27-J30 -> 105.169 | K31: =K27-K30 -> 182 | L31: =K31-V31 -> 0 | M31: =M27-M30 -> 95 | P31: 74.3 | Q31: 93.3 | R31: 94.12 | S31: 183 | T31: 137 | U31: 169 | V31: 182
B33: CANADA CANOLA OIL SUPPLY AND DEMAND (1,000 Tonnes)
C34: =C21 -> 18/19 | D34: =D21 -> 19/20 | E34: =E21 -> 20/21 | F34: =F21 -> 21/22 | H34: =H4 -> 23/24 | K34: =K4 -> 24/25
D35: =D22 -> Fastmarkets | E35: Fastmarkets | F35: =F22 -> Fastmarkets | G35: =G22 -> Fastmarkets | H35: =H5 -> USDA | I35: =I5 -> Change from January | J35: =J22 -> Fastmarkets | K35: =H35 -> USDA | L35: =I35 -> Change from January | M35: =J35 -> Fastmarkets
P36: =P6 -> 18/19 | Q36: =Q6 -> 19/20 | R36: =R6 -> 20/21 | S36: =S6 -> 21/22 | T36: =T6 -> 22/23 | U36: =U23 -> 23/24 | V36: =V6 -> 24/25
B37: Carryin (August 1) | C37: ='Canada Rapeseed'!AA32 -> 97.7 | D37: ='Canada Rapeseed'!AB32 -> 95.3 | E37: ='Canada Rapeseed'!AC32 -> 73.05 | F37: ='Canada Rapeseed'!AD32 -> 103.19 | G37: ='Canada Rapeseed'!AE32 -> 73.674 | H37: 629 | I37: =H37-U37 -> 0 | J37: ='Canada Rapeseed'!AF32 -> 84.98 | K37: 685 | L37: =K37-V37 -> 0 | M37: ='Canada Rapeseed'!AG32 -> 109.384 | P37: 97.7 | Q37: 95.3 | R37: 73.05 | S37: 551 | T37: 525 | U37: 629 | V37: 685
B38: Production | C38: ='Canada Rapeseed'!AA33+12 -> 4059.724 | D38: ='Canada Rapeseed'!AB33 -> 4433.87 | E38: ='Canada Rapeseed'!AC33 -> 4528.289 | F38: ='Canada Rapeseed'!AD33 -> 3572.486 | G38: ='Canada Rapeseed'!AE33 -> 4150.558 | H38: 4706 | I38: =H38-U38 -> 0 | J38: ='Canada Rapeseed'!AF33 -> 4705.983 | K38: 5092 | L38: =K38-V38 -> 0 | M38: ='Canada Rapeseed'!AG33 -> 4967.1256 | P38: 4047.724 | Q38: 4433.87 | R38: 4528.299 | S38: 3573 | T38: 4130 | U38: 4706 | V38: 5092
B39: Imports | C39: ='Canada Rapeseed'!AA34 -> 16.306812 | D39: ='Canada Rapeseed'!AB34 -> 19.638587 | E39: ='Canada Rapeseed'!AC34 -> 19.221738 | F39: ='Canada Rapeseed'!AD34 -> 18.105829 | G39: ='Canada Rapeseed'!AE34 -> 24.124 | H39: 19 | I39: =H39-U39 -> 0 | J39: ='Canada Rapeseed'!AF34 -> 17.686306 | K39: 20 | L39: =K39-V39 -> 0 | M39: ='Canada Rapeseed'!AG34 -> 25 | P39: 15.860619 | Q39: 19.272436 | R39: 19.219679 | S39: 19 | T39: 28 | U39: 19 | V39: 20
B40: Total Supply | C40: ='Canada Rapeseed'!AA35+12 -> 4173.7308 | D40: ='Canada Rapeseed'!AB35 -> 4548.8086 | E40: ='Canada Rapeseed'!AC35 -> 4620.5607 | F40: ='Canada Rapeseed'!AD35 -> 3693.7818 | G40: =SUM(G37:G39) -> 4248.356 | H40: =H39+H38+H37 -> 5354 | I40: =H40-U40 -> 0 | J40: =SUM(J37:J39) -> 4808.6493 | K40: =SUM(K37:K39) -> 5797 | L40: =K40-V40 -> 0 | M40: =SUM(M37:M39) -> 5101.5096 | P40: 4161.2846 | Q40: 4548.4424 | R40: 4620.5687 | S40: 4143 | T40: 4683 | U40: 5354 | V40: 5797
B41: Domestic Usage | C41: ='Canada Rapeseed'!AA36+19 -> 934.13635 | D41: ='Canada Rapeseed'!AB36 -> 1046.292 | E41: ='Canada Rapeseed'!AC36 -> 1069.8081 | F41: ='Canada Rapeseed'!AD36 -> 1060.334 | G41: ='Canada Rapeseed'!AE36 -> 1231.763 | H41: =H43-H42 -> 1250 | I41: =H41-U41 -> 0 | J41: ='Canada Rapeseed'!AF36 -> 1355.1328 | K41: =K43-K42 -> 1230 | L41: =K41-V41 -> 0 | M41: ='Canada Rapeseed'!AG36 -> 1286.5096 | P41: 903.64016 | Q41: 1059.3926 | R41: 1078.1882 | S41: 1025 | T41: 1055 | U41: 1250 | V41: 1230
B42: Exports | C42: ='Canada Rapeseed'!AA43-7 -> 3144.2945 | D42: ='Canada Rapeseed'!AB43 -> 3429.4665 | E42: ='Canada Rapeseed'!AC43 -> 3447.5626 | F42: ='Canada Rapeseed'!AD43 -> 2559.7739 | G42: ='Canada Rapeseed'!AE43 -> 2931.613 | H42: 3419 | I42: =H42-U42 -> 0 | J42: ='Canada Rapeseed'!AF43 -> 3344.1325 | K42: 4100 | L42: =K42-V42 -> 0 | M42: ='Canada Rapeseed'!AG43 -> 3700 | P42: 3162.3445 | Q42: 3415.9998 | R42: 3439.1905 | S42: 2573 | T42: 3100 | U42: 3419 | V42: 4100
B43: Total Use | C43: ='Canada Rapeseed'!AA44 -> 4066.4308 | D43: ='Canada Rapeseed'!AB44 -> 4475.7586 | E43: ='Canada Rapeseed'!AC44 -> 4517.3707 | F43: ='Canada Rapeseed'!AD44 -> 3620.1078 | G43: =G42+G41 -> 4163.376 | H43: =H40-H44 -> 4669 | I43: =H43-U43 -> 0 | J43: =J42+J41 -> 4699.2653 | K43: =K40-K44 -> 5330 | L43: =K43-V43 -> 0 | M43: =M42+M41 -> 4986.5096 | P43: 4065.9846 | Q43: 4475.3924 | R43: 4517.3787 | S43: 3598 | T43: 4155 | U43: 4669 | V43: 5330
B44: Carryout (July 31) | C44: ='Canada Rapeseed'!AA45 -> 95.3 | D44: ='Canada Rapeseed'!AB45 -> 73.05 | E44: ='Canada Rapeseed'!AC45 -> 103.19 | F44: ='Canada Rapeseed'!AD45 -> 73.674 | G44: =G40-G43 -> 84.98 | H44: 685 | I44: =H44-U44 -> 0 | J44: =J40-J43 -> 109.384 | K44: 467 | L44: =K44-V44 -> 0 | M44: =M40-M43 -> 115 | P44: 95.3 | Q44: 73.05 | R44: 103.19 | S44: 545 | T44: 528 | U44: 685 | V44: 467
C46: =C40-C44-C42-C41 -> 0
F47: =F25/F49 -> 0.59617647 | G47: =G25/G49 -> 0.57431406 | H47: =H25/H49 -> 0.62213592 | I47: =H47-U47 -> 0.0072815534 | J47: =J25/J49 -> 0.57910261 | K47: =K25/K49 -> 0.67067961 | L47: =K47-V47 -> 0.011165049 | M47: =M25/M49 -> 0.58483209 | S47: 0.59520748 | T47: 0.57831683 | U47: 0.61485437 | V47: 0.65951456
F48: =F38/F49 -> 0.41823402 | G48: =G38/G49 -> 0.40350785 | H48: =H38/H49 -> 0.4568932 | I48: =H48-U48 -> 0.0034951456 | J48: =J38/J49 -> 0.42530901 | K48: =K38/K49 -> 0.49436893 | L48: =K48-V48 -> 0.0082524272 | M48: =M38/M49 -> 0.42261896 | S48: 0.4176505 | T48: 0.40891089 | U48: 0.45339806 | V48: 0.4861165
E49: Oct-Sep Crush | F49: =SUM('Canada Rapeseed'!AD84:AD93,'Canada Rapeseed'!AE82:AE83) -> 8541.835 | G49: =SUM('Canada Rapeseed'!AE84:AE93,'Canada Rapeseed'!AF82:AF83) -> 10286.189 | H49: 10300 | I49: =H49-U49 -> 0 | J49: =SUM('Canada Rapeseed'!AF84:AF93,'Canada Rapeseed'!AG82:AG83) -> 11064.856 | K49: 10300 | L49: =K49-V49 -> 0 | M49: =SUM('Canada Rapeseed'!AG84:AG93,'Canada Rapeseed'!AH82:AH83) -> 11753.201 | S49: 8541.835 | T49: 10100 | U49: 10300 | V49: 10300

Sheet Canada Rapeseed
A1: CANADA CANOLA COMPLEX SUPPLY AND DEMAND
B2: ='[1]Soy Complex'!AI$3 -> 93/94 | C2: ='[1]Soy Complex'!AJ$3 -> 94/95 | D2: ='[1]Soy Complex'!AK$3 -> 95/96 | E2: ='[1]Soy Complex'!AL$3 -> 96/97 | F2: ='[1]Soy Complex'!AM$3 -> 97/98 | G2: ='[1]Soy Complex'!AN$3 -> 98/99 | H2: ='[1]Soy Complex'!AO$3 -> 99/00 | I2: ='[1]Soy Complex'!AP$3 -> 00/01 | ... BG2: ='[1]Soy Complex'!CN$3 -> 50/51 | BJ2: Outlook for Principal Field Crops Report | BR2: CANADA CANOLA COMPLEX SUPPLY AND DEMAND
A3: CANADA CANOLA SUPPLY AND DEMAND (1,000 hectares/1,000 yonnes) | BV3: =Y2 -> 16/17 | BW3: =Z2 -> 17/18 | BX3: =AA2 -> 18/19 | BY3: =AB2 -> 19/20 | BZ3: =AC2 -> 20/21 | CA3: =AD2 -> 21/22 | CB3: =AE2 -> 22/23 | CC3: =AF2 -> 23/24
A4: Planted Area | B4: 4172.3 | C4: 5797.1 | D4: 5344 | E4: 3540.311 | F4: 4905.9 | G4: 5477.4 | H4: 5598.7 | I4: 4937 | J4: 3826.8 | K4: 3876.8 | L4: 4735.7 | M4: 5218.2 | N4: 5369.9 | O4: 5283.3 | P4: 6382.2 | Q4: 6541.1 | R4: 6689.3 | S4: 7116.8 | T4: 7684.7 | U4: 8974.4 | V4: 8274.1 | W4: 8457.9 | X4: 8411.3 | Y4: 8410.9 | Z4: 9313.4 | AA4: 9232.2 | AB4: 8571.7 | AC4: 8410.4 | AD4: 9012.449 | AE4: 8658.6 | AF4: 8938.1 | AG4: 8907.5 | AH4: 8748.2 | AI4: =MROUND(FORECAST(AI47,J4:AH4,J47:AH47),25)-1000 -> 9200 | AJ4: =MROUND(FORECAST(AJ47,K4:AI4,K47:AI47),25)-925 -> 9250 | AK4: =MROUND(FORECAST(AK47,L4:AJ4,L47:AJ47),25)-800 -> 9300 | AL4: =MROUND(FORECAST(AL47,M4:AK4,M47:AK47),25)-650 -> 9400 | AM4: =MROUND(FORECAST(AM47,N4:AL4,N47:AL47),25)-500 -> 9525 | AN4: =MROUND(FORECAST(AN47,O4:AM4,O47:AM47),25)-400 -> 9575 | AO4: =MROUND(FORECAST(AO47,P4:AN4,P47:AN47),25)-200 -> 9700 | AP4: =MROUND(FORECAST(AP47,Q4:AO4,Q47:AO47),25)-200 -> 9700 | AQ4: =MROUND(FORECAST(AQ47,R4:AP4,R47:AP47),25)-100 -> 9775 | AR4: =MROUND(FORECAST(AR47,S4:AQ4,S47:AQ47),25) -> 9850 | AS4: =MROUND(FORECAST(AS47,T4:AR4,T47:AR47),25)+150 -> 10000 | AT4: =MROUND(FORECAST(AT47,U4:AS4,U47:AS47),25)+150 -> 10025 | AU4: =MROUND(FORECAST(AU47,V4:AT4,V47:AT47),25)+100 -> 10125 | AV4: =MROUND(FORECAST(AV47,W4:AU4,W47:AU47),25)+100 -> 10200 | AW4: =MROUND(FORECAST(AW47,X4:AV4,X47:AV47),25)+100 -> 10275 | AX4: =MROUND(FORECAST(AX47,Y4:AW4,Y47:AW47),25)+100 -> 10350 | AY4: =MROUND(FORECAST(AY47,Z4:AX4,Z47:AX47),25)+100 -> 10425 | AZ4: =MROUND(FORECAST(AZ47,AA4:AY4,AA47:AY47),25)+100 -> 10575 | BA4: =MROUND(FORECAST(BA47,AB4:AZ4,AB47:AZ47),25)+100 -> 10725 | BB4: =MROUND(FORECAST(BB47,AC4:BA4,AC47:BA47),25)+100 -> 10825 | ... BH4: =MROUND(FORECAST(BH47,AI4:BG4,AI47:BG47),25)+100 -> 11450 | BP4: Stats Canada | BU4: CANADA CANOLA SUPPLY AND DEMAND (1,000 Hectares/1,000 Tonnes)
A5: Harvested Area | B5: 4123.8 | C5: 5754.6 | D5: 5271 | E5: 3451 | F5: 4869.5 | G5: 5428.8 | H5: 5564.3 | I5: 4859.2 | J5: 3785.2 | K5: 3628 | L5: 4689.2 | M5: 4867 | N5: 5175.4 | O5: 5238.2 | P5: 6332.8 | Q5: 6495.9 | R5: 6516.1 | S5: 6857.9 | T5: 7589.4 | U5: 8860.1 | V5: 8233.4 | W5: 8392.4 | X5: 8364.4 | Y5: 8263.3 | Z5: 9273.1 | AA5: 9119.7 | AB5: 8471.3 | AC5: 8325.4 | AD5: 8946.2 | AE5: 8596.3 | AF5: 8856.6 | AG5: 8845.9 | AH5: 8669.6 | AI5: =AVERAGE(J6:AH6)*AI4 -> 9048.1378 | AJ5: =AVERAGE(K6:AI6)*AJ4 -> 9095.2271 | AK5: =AVERAGE(L6:AJ6)*AK4 -> 9162.0398 | AL5: =AVERAGE(M6:AK6)*AL4 -> 9258.6706 | AM5: =AVERAGE(N6:AL6)*AM4 -> 9401.7052 | AN5: =AVERAGE(O6:AM6)*AN4 -> 9459.9728 | AO5: =AVERAGE(P6:AN6)*AO4 -> 9582.122 | AP5: =AVERAGE(Q6:AO6)*AP4 -> 9580.4101 | ... BG5: =AVERAGE(AH6:BF6)*BG4 -> 11211.008 | BI5: =(AF5/AE5)-1 -> 0.03028047 | BP5: Customized Acreage and Production Report | BU5: Planted Acres | BV5: 8410.9 | BW5: 9313 | BX5: 9232 | BY5: 8481 | BZ5: 8410 | CA5: 8750 | CB5: 8750 | CC5: 8750
A6: Harvested Percent | B6: =B5/B4 -> 0.98837572 | C6: =C5/C4 -> 0.99266875 | D6: =D5/D4 -> 0.98633982 | E6: =E5/E4 -> 0.97477312 | F6: =F5/F4 -> 0.99258036 | G6: =G5/G4 -> 0.99112718 | H6: =H5/H4 -> 0.99385572 | I6: =I5/I4 -> 0.98424144 | ... BG6: =BG5/BG4 -> 0.98775398 | BU6: Harvested Acres | BV6: 8263.3 | BW6: 9273 | BX6: 9120 | BY6: 8456 | BZ6: 8320 | CA6: 8698 | CB6: 8698 | CC6: 8698
A7: Yield (Thousand Tonnes per Hectare) | B7: =B9/B5 -> 1.3397594 | C7: =C9/C5 -> 1.2568206 | D7: =D9/D5 -> 1.2206792 | E7: =E9/E5 -> 1.4669081 | F7: =F9/F5 -> 1.3128863 | G7: =G9/G5 -> 1.407917 | H7: =H9/H5 -> 1.5812052 | I7: =I9/I5 -> 1.4828161 | ... AH7: =AH9/AH5 -> 2.2996395 | AI7: =FORECAST(AI47,Y7:AH7,Y47:AH47)+0.2 -> 2.3034195 | AJ7: =FORECAST(AJ47,Z7:AI7,Z47:AI47)+0.15 -> 2.3334859 | AK7: =FORECAST(AK47,AA7:AJ7,AA47:AJ47)+0.1 -> 2.3647211 | AL7: =FORECAST(AL47,AB7:AK7,AB47:AK47)+0.05 -> 2.3960517 | AM7: =FORECAST(AM47,AC7:AL7,AC47:AL47) -> 2.4546048 | AN7: =FORECAST(AN47,AD7:AM7,AD47:AM47)-0.075 -> 2.5058349 | AO7: =FORECAST(AO47,AE7:AN7,AE47:AN47)-0.075 -> 2.4455485 | AP7: =FORECAST(AP47,AF7:AO7,AF47:AO47)-0.075 -> 2.4603007 | AQ7: =FORECAST(AQ47,AG7:AP7,AG47:AP47)-0.05 -> 2.4903968 | AR7: =FORECAST(AR47,AH7:AQ7,AH47:AQ47) -> 2.5339734 | AS7: =FORECAST(AS47,AI7:AR7,AI47:AR47) -> 2.5571998 | AT7: =FORECAST(AT47,AJ7:AS7,AJ47:AS47) -> 2.5751024 | AU7: =FORECAST(AU47,AK7:AT7,AK47:AT47) -> 2.591265 | AV7: =FORECAST(AV47,AL7:AU7,AL47:AU47) -> 2.6061144 | AW7: =FORECAST(AW47,AM7:AV7,AM47:AV47) -> 2.6201554 | AX7: =FORECAST(AX47,AN7:AW7,AN47:AW47) -> 2.6414228 | AY7: =FORECAST(AY47,AO7:AX7,AO47:AX47) -> 2.6738218 | ... BG7: =FORECAST(BG47,AW7:BF7,AW47:BF47) -> 2.8318099 | BI7: =(AF7/AE7)-1 -> 0.002213125 | BU7: Harvested Percent | BV7: =BV6/BV5 -> 0.98245134 | BW7: =BW6/BW5 -> 0.99570493 | BX7: =BX6/BX5 -> 0.98786828 | BY7: =BY6/BY5 -> 0.99705223 | BZ7: =BZ6/BZ5 -> 0.98929845 | CA7: =CA6/CA5 -> 0.99405714 | CB7: =CB6/CB5 -> 0.99405714 | CC7: =CC6/CC5 -> 0.99405714
A8: Carryin (August 1) | B8: 1545 | C8: =B17 -> 329 | D8: =C17 -> 589 | E8: =D17 -> 1030 | F8: =E17 -> 563 | G8: =F17 -> 363 | H8: =G17 -> 633 | I8: =H17 -> 2157 | J8: =I17 -> 1088.1 | ... BG8: =BF17 -> 3500 | BU8: Yield (Tonnes per Hectare) | BV8: =BV10/BV6 -> 2.3718369 | BW8: =BW10/BW6 -> 2.3000108 | BX8: =BX10/BX6 -> 2.2305373 | BY8: =BY10/BY6 -> 2.3187086 | BZ8: =BZ10/BZ6 -> 2.25 | CA8: =CA10/CA6 -> 2.3166245 | CB8: =CB10/CB6 -> 2.3166245 | CC8: =CC10/CC6 -> 2.3166245
A9: Production | B9: 5524.9 | C9: 7232.5 | D9: 6434.2 | E9: 5062.3 | F9: 6393.1 | G9: 7643.3 | H9: 8798.3 | I9: 7205.3 | J9: 5017.1 | K9: 4520.5 | L9: 6771.2 | M9: 7673.6 | N9: 9483.3 | O9: 9000.3 | P9: 9611.1 | Q9: 12644.9 | R9: 12898.1 | S9: 12788.6 | T9: 14608.1 | U9: 13868.5 | V9: 18551 | W9: 16410.1 | X9: 18376.5 | Y9: 19599.2 | Z9: 21458.1 | AA9: 20723.5 | AB9: 19912.3 | AC9: 19484.7 | AD9: 14248.281 | AE9: 18849.801 | AF9: 19463.562 | AG9: 19239.463 | AH9: 19936.955 | AI9: =MROUND(AI5*AI7,100) -> 20800 | AJ9: =MROUND(AJ5*AJ7,100) -> 21200 | AK9: =MROUND(AK5*AK7,100) -> 21700 | AL9: =MROUND(AL5*AL7,100) -> 22200 | AM9: =MROUND(AM5*AM7,100) -> 23100 | AN9: =MROUND(AN5*AN7,100) -> 23700 | AO9: =MROUND(AO5*AO7,100) -> 23400 | AP9: =MROUND(AP5*AP7,100) -> 23600 | ... BG9: =MROUND(BG5*BG7,100) -> 31700 | BI9: =(AG9/AF9)-1 -> -0.011513771 | BP9: Supply and Demand report | BU9: Carryin (August 1) | BV9: 2090.8 | BW9: =BV18 -> 1342 | BX9: =BW18 -> 2499 | BY9: =BX18 -> 4435 | BZ9: =BY18 -> 3131 | CA9: =BZ18 -> 700 | CB9: =CA18 -> 700 | CC9: =CB18 -> 701
A10: Imports | B10: =B62 -> 0 | C10: =C62 -> 14.385 | D10: =D62 -> 97.371 | E10: =E62 -> 103.952 | F10: =F62 -> 140.532 | G10: =G62 -> 158.061 | H10: =H62 -> 124.195 | I10: =I62 -> 224.362 | ... AE10: =AE62 -> 151.357 | AF10: =100+200-25 -> 275 | AG10: =100+50 -> 150 | AH10: =100+50 -> 150 | AI10: =100+50 -> 150 | AJ10: =100+50 -> 150 | AK10: =100+50 -> 150 | AL10: =100+50 -> 150 | AM10: =100+50 -> 150 | AN10: =100+50 -> 150 | ... BG10: =100+50 -> 150 | BU10: Production | BV10: 19599.2 | BW10: 21328 | BX10: 20342.5 | BY10: 19607 | BZ10: 18720 | CA10: 20150 | CB10: 20150 | CC10: 20150
A11: Total Supply | B11: =SUM(B8:B10) -> 7069.9 | C11: =SUM(C8:C10) -> 7575.885 | D11: =SUM(D8:D10) -> 7120.571 | E11: =SUM(E8:E10) -> 6196.252 | F11: =SUM(F8:F10) -> 7096.632 | G11: =SUM(G8:G10) -> 8164.361 | H11: =SUM(H8:H10) -> 9555.495 | I11: =SUM(I8:I10) -> 9586.662 | ... BG11: =SUM(BG8:BG10) -> 35350 | BU11: Imports | BV11: 94.45 | BW11: 108 | BX11: 146 | BY11: 155 | BZ11: 100 | CA11: 100 | CB11: 100 | CC11: 100
A12: Crush | B12: =B94 -> 2195.573 | C12: =C94 -> 2512.935 | D12: =D94 -> 2752.417 | E12: =E94 -> 2711.881 | F12: =F94 -> 3238.817 | G12: =G94 -> 3062.475 | H12: =H94 -> 2983.381 | I12: =I94 -> 3013.091 | ... AF12: =AF94 -> 11032.86 | AG12: =13500-1000+250-1050 -> 11700 | AH12: 11750 | AI12: 12000 | AJ12: 12500 | AK12: 12750 | AL12: 13000 | AM12: 13250 | AN12: 13250 | AO12: 13250 | AP12: 13500 | AQ12: 14000 | AR12: 14500 | AS12: 15000 | AT12: 15500 | AU12: 16250 | AV12: 16500 | AW12: 16750 | AX12: 17000 | AY12: 17250 | AZ12: 18000 | BA12: 18000 | BB12: 18500 | BC12: 18500 | BD12: 19000 | BE12: 19500 | BF12: 19500 | BG12: 20000 | BI12: =AG12/AF12-1 -> 0.060468455 | BJ12: =AE12+200 -> 10161.429 | BU12: Total Supply | BV12: 21784.45 | BW12: =SUM(BW9:BW11) -> 22778 | BX12: =SUM(BX9:BX11) -> 22987.5 | BY12: =SUM(BY9:BY11) -> 24197 | BZ12: =SUM(BZ9:BZ11) -> 21951 | CA12: =SUM(CA9:CA11) -> 20950 | CB12: =SUM(CB9:CB11) -> 20950 | CC12: =SUM(CC9:CC11) -> 20951
A13: Exports | B13: =B78 -> 3229.8 | C13: =C78 -> 3885.1 | D13: =D78 -> 2761.7 | E13: =E78 -> 2359 | F13: =F78 -> 2804.1 | G13: =G78 -> 3878.3 | H13: =H78 -> 3892.2 | I13: =I78 -> 4767.5 | ... AF13: =AF78 -> 6423.2373 | AG13: =7250-500+1500+750 -> 9000 | AH13: 9000 | AI13: 9000 | AJ13: 8500 | AK13: 9000 | AL13: 9000 | AM13: 9250 | AN13: 9250 | AO13: 9500 | AP13: 9500 | AQ13: 9500 | AR13: 9500 | AS13: 9750 | AT13: 9750 | AU13: 9500 | AV13: 9500 | AW13: 9500 | AX13: 9750 | AY13: 10000 | AZ13: 10500 | BA13: 11000 | BB13: 11500 | BC13: 12000 | BD13: 12750 | BE13: 13000 | BF13: 14000 | BG13: 14500 | BJ13: =AE13-400 -> 7550.618 | BU13: Crush | BV13: 9191.023 | BW13: 9269.224 | BX13: 9295 | BY13: 10129 | BZ13: 10200 | CA13: 9700 | CB13: 9700 | CC13: 9700
A14: Seed and Other | B14: 41.8 | C14: 38.6 | D14: 25.6 | E14: 35.4 | F14: 39.5 | G14: 40.4 | H14: 35.3 | I14: 27.5 | J14: 28 | K14: 34.1 | L14: 37.6 | M14: 38.6 | N14: 38 | O14: 45.9 | P14: 47 | Q14: 48.1 | R14: 51.2 | S14: 55.2 | T14: 64 | U14: 58.9 | V14: 60.4 | W14: 60.1 | X14: 59.1 | Y14: 66.8 | Z14: 66.3 | AA14: 60.9 | AB14: 60.4 | AC14: 65.3 | AD14: =ROUND(AE4*0.0072,0.1) -> 62 | AE14: =ROUND(AF4*0.0072,0.1) -> 64 | AF14: =ROUND(AG4*0.0072,0.1) -> 64 | AG14: =ROUND(AH4*0.0072,0.1) -> 63 | AH14: =ROUND(AI4*0.0072,0.1) -> 66 | AI14: =ROUND(AJ4*0.0072,0.1) -> 67 | AJ14: =ROUND(AK4*0.0072,0.1) -> 67 | AK14: =ROUND(AL4*0.0072,0.1) -> 68 | ... BG14: =ROUND(BH4*0.0072,0.1) -> 82 | BU14: Exports | BV14: 11056.786 | BW14: 10726 | BX14: 9141 | BY14: 10042 | BZ14: 10900 | CA14: 10400 | CB14: 10400 | CC14: 10400
A15: Residual | B15: =B16-SUM(B12:B14) -> 1273.727 | C15: =C16-SUM(C12:C14) -> 550.25 | D15: =D16-SUM(D12:D14) -> 550.854 | E15: =E16-SUM(E12:E14) -> 526.971 | F15: =F16-SUM(F12:F14) -> 651.215 | G15: =G16-SUM(G12:G14) -> 550.186 | H15: =H16-SUM(H12:H14) -> 487.614 | I15: =I16-SUM(I12:I14) -> 690.471 | ... BG15: =BG16-SUM(BG12:BG14) -> -2732 | BU15: Seed and Other | BV15: 66.8 | BW15: 67 | BX15: 60 | BY15: =FORECAST(BY5,BV15:BX15,BV5:BX5) -> 66.231812 | BZ15: =FORECAST(BZ5,BW15:BY15,BW5:BY5) -> 66.057552 | CA15: =FORECAST(CA5,BY15:BZ15,BY5:BZ5) -> 66.892036 | CB15: =FORECAST(CB5,BZ15:CA15,BZ5:CA5) -> 66.892036 | CC15: =FORECAST(CC5,BV15:CB15,BV5:CB5) -> 65.739361
A16: Total Use | B16: =B11-B17 -> 6740.9 | C16: =C11-C17 -> 6986.885 | D16: =D11-D17 -> 6090.571 | E16: =E11-E17 -> 5633.252 | F16: =F11-F17 -> 6733.632 | G16: =G11-G17 -> 7531.361 | H16: =H11-H17 -> 7398.495 | I16: =I11-I17 -> 8498.562 | ... BG16: =BG11-BG17 -> 31850 | BU16: Residual | BV16: 127.841 | BW16: =9552-BW15-BW13 -> 215.776 | BX16: =9961-BX15-BX13 -> 606 | BY16: =11025-BY15-BY13 -> 829.76819 | BZ16: =10350-BZ15-BZ13 -> 83.942448 | CA16: =9850-CA15-CA13 -> 83.107964 | CB16: =9850-CB15-CB13 -> 83.107964 | CC16: =9850-CC15-CC13 -> 84.260639
A17: Carryout (July 31) | B17: 329 | C17: 589 | D17: 1030 | E17: =E505 -> 563 | F17: =F505 -> 363 | G17: =G505 -> 633 | H17: =H505 -> 2157 | I17: =I505 -> 1088.1 | J17: =J505 -> 1249.6 | K17: =K505 -> 894.2 | L17: =L505 -> 608.6 | ... AC17: =AC505 -> 1776 | AD17: 1484.1 | AE17: 1857.6 | AF17: 2747.9 | AG17: 2500 | AH17: 2750 | AI17: 2500 | AJ17: 2250 | AK17: 2000 | AL17: 2000 | AM17: 2000 | AN17: 2250 | AO17: 2500 | AP17: 2500 | AQ17: 2500 | AR17: 2500 | AS17: 2500 | AT17: 2500 | AU17: 2500 | AV17: 2500 | AW17: 2750 | AX17: 2750 | AY17: 2750 | AZ17: 2750 | BA17: 3000 | BB17: 3250 | BC17: 3500 | BD17: 3500 | BE17: 3500 | BF17: 3500 | BG17: 3500 | BU17: Total Use | BV17: 20442.45 | BW17: =SUM(BW13:BW16) -> 20278 | BX17: =SUM(BX13:BX16) -> 19102 | BY17: =SUM(BY13:BY16) -> 21067 | BZ17: =SUM(BZ13:BZ16) -> 21250 | CA17: =SUM(CA13:CA16) -> 20250 | CB17: =SUM(CB13:CB16) -> 20250 | CC17: =SUM(CC13:CC16) -> 20250
A18: Stocks-to-Usage | B18: =B17/B16 -> 0.048806539 | C18: =C17/C16 -> 0.084300801 | D18: =D17/D16 -> 0.16911386 | E18: =E17/E16 -> 0.099942271 | F18: =F17/F16 -> 0.0539085 | G18: =G17/G16 -> 0.084048554 | H18: =H17/H16 -> 0.29154578 | I18: =I17/I16 -> 0.12803342 | ... BG18: =BG17/BG16 -> 0.10989011 | BU18: Carryout (July 31) | BV18: 1342 | BW18: 2499 | BX18: 4435 | BY18: 3131 | BZ18: 700 | CA18: 700 | CB18: 701 | CC18: 702
A19: Average Price (Dollars per Tonne) | B19: =B13/B9 -> 0.58458977 | C19: =C13/C9 -> 0.53717249 | D19: =D13/D9 -> 0.42922197 | E19: =E13/E9 -> 0.46599372 | F19: =F13/F9 -> 0.43861351 | G19: =G13/G9 -> 0.50741172 | H19: =H13/H9 -> 0.44238091 | I19: =I13/I9 -> 0.66166572 | ... BG19: =BG13/BG9 -> 0.45741325 | BU19: Bold Numbers are The Jacobsen Forecasts and Estimates
A20: CANADA CANOLA MEAL SUPPLY AND DEMAND (1,000 Tonnes) | BK20: Need to check against total acreage matrix
A21: Crush (October - September) | B21: =SUM(B84:B93,C82:C83) -> 2198.685 | C21: =SUM(C84:C93,D82:D83) -> 2560.78 | D21: =SUM(D84:D93,E82:E83) -> 2870.776 | E21: =SUM(E84:E93,F82:F83) -> 2715.024 | F21: =SUM(F84:F93,G82:G83) -> 3246.702 | G21: =SUM(G84:G93,H82:H83) -> 2993.746 | H21: =SUM(H84:H93,I82:I83) -> 3050.983 | I21: =SUM(I84:I93,J82:J83) -> 2912.156 | ... BG21: =SUM(BG84:BG93,BH82:BH83) -> 16902.516
A22: Carryin (August 1) | B22: 52 | C22: =B29 -> 35 | D22: =C29 -> 25 | E22: =D29 -> 33 | F22: =E29 -> 40 | G22: =F29 -> 17 | H22: =G29 -> 30 | I22: =H29 -> 25 | J22: =I29 -> 55 | ... BG22: =BF29 -> 95
A23: Production | B23: =B110 -> 1340.083 | C23: =C110 -> 1564.655 | D23: =D110 -> 1723.954 | E23: =E110 -> 1648.978 | F23: =F110 -> 2004.054 | G23: =G110 -> 1940.148 | H23: =H110 -> 1858.409 | I23: =I110 -> 1869.965 | ... BG23: =BG110 -> 10843.751 | BI23: =(AG23/AF23)-1 -> 0.072719221
A24: Imports | B24: =B142 -> 0 | C24: =C142 -> 0.05 | D24: =D142 -> 1.053 | E24: =E142 -> 4.912 | F24: =F142 -> 4.497 | G24: =G142 -> 3.825 | H24: =H142 -> 4.911 | I24: =I142 -> 2.76 | ... AE24: =AE142 -> 6.373 | AF24: =5+5-7 -> 3 | AG24: =5+5 -> 10 | AH24: =5+5 -> 10 | AI24: =5+5 -> 10 | AJ24: =5+5 -> 10 | AK24: =5+5 -> 10 | AL24: =5+5 -> 10 | AM24: =5+5 -> 10 | AN24: =5+5 -> 10 | ... BG24: =5+5 -> 10 | BL24: =AE5*AF7 -> 18891.518
A25: Total Supply | B25: =SUM(B22:B24) -> 1392.083 | C25: =SUM(C22:C24) -> 1599.705 | D25: =SUM(D22:D24) -> 1750.007 | E25: =SUM(E22:E24) -> 1686.89 | F25: =SUM(F22:F24) -> 2048.551 | G25: =SUM(G22:G24) -> 1960.973 | H25: =SUM(H22:H24) -> 1893.32 | I25: =SUM(I22:I24) -> 1897.725 | ... BG25: =SUM(BG22:BG24) -> 10948.751 | BI25: =AG27/AG25 -> 0.85851427
A26: Domestic Usage | B26: =B28-B27 -> 1357.083 | C26: =C28-C27 -> 952.125 | D26: =D28-D27 -> 502.273 | E26: =E28-E27 -> 559.534 | F26: =F28-F27 -> 612.458 | G26: =G28-G27 -> 672.089 | H26: =H28-H27 -> 729.254 | I26: =I28-I27 -> 707.569 | ... BG26: =BG28-BG27 -> 3853.7505 | BK26: Set close to long-term average of 140
A27: Exports | B27: =B158 -> 0 | C27: =C158 -> 622.58 | D27: =D158 -> 1214.734 | E27: =E158 -> 1087.356 | F27: =F158 -> 1419.093 | G27: =G158 -> 1258.884 | H27: =H158 -> 1139.066 | I27: =I158 -> 1135.156 | ... Y27: =Y158 -> 4613.1269 | Z27: =Z158+5 -> 4536.8072 | AA27: =AA158 -> 4640.7564 | AB27: =AB158 -> 4896.7226 | AC27: =AC158 -> 5253.1127 | AD27: =AD158 -> 4512.9876 | AE27: =AE158 -> 5307.63 | AF27: =5450-75+150 -> 5525 | AG27: 6000 | AH27: 5750 | AI27: 5750 | AJ27: 5750 | AK27: 5750 | AL27: 5750 | AM27: 5800 | AN27: 5900 | AO27: 6000 | AP27: 6100 | AQ27: 6200 | AR27: 6300 | AS27: 6500 | AT27: 6750 | AU27: 7000 | AV27: 7000 | AW27: 7000 | AX27: 7000 | AY27: 7000 | AZ27: 7000 | BA27: 7000 | BB27: 7000 | BC27: 7000 | BD27: 7000 | BE27: 7000 | BF27: 7000 | BG27: 7000
A28: Total Use | B28: =B25-B29 -> 1357.083 | C28: =C25-C29 -> 1574.705 | D28: =D25-D29 -> 1717.007 | E28: =E25-E29 -> 1646.89 | F28: =F25-F29 -> 2031.551 | G28: =G25-G29 -> 1930.973 | H28: =H25-H29 -> 1868.32 | I28: =I25-I29 -> 1842.725 | ... BG28: =BG25-BG29 -> 10853.751 | BK28: Set to grow with crush capacity and North American biofuel demand | BP28: =U2 -> 12/13 | BQ28: =V2 -> 13/14 | BR28: =W2 -> 14/15 | BS28: =X2 -> 15/16 | BT28: =Y2 -> 16/17 | BU28: =Z2 -> 17/18 | BV28: =AA2 -> 18/19
A29: Carryout (July 31) | B29: 35 | C29: 25 | D29: 33 | E29: 40 | F29: 17 | G29: 30 | H29: 25 | I29: 55 | J29: 61 | K29: 61 | L29: 67 | M29: 5 | N29: 11 | O29: 21 | P29: 32 | Q29: 29 | R29: 78 | S29: 74 | T29: 95 | U29: 70.5 | V29: 92.6 | W29: 52.7 | X29: 85.1 | Y29: 78.7 | Z29: 103 | AA29: 74.3 | AB29: 93.3 | AC29: 94.12 | AD29: 153.176 | AE29: 89.135 | AF29: 105.169 | AG29: =100-25+20 -> 95 | AH29: =100-25+20 -> 95 | AI29: =100-25+20 -> 95 | AJ29: =100-25+20 -> 95 | AK29: =100-25+20 -> 95 | AL29: =100-25+20 -> 95 | AM29: =100-25+20 -> 95 | AN29: =100-25+20 -> 95 | ... BG29: =100-25+20 -> 95 | BK29: Set to keep residual close to long-term average of 300 | BO29: Meal Stocks | BP29: 70.5 | BQ29: 92.6 | BR29: 52.7 | BS29: 85.1 | BT29: 78.7 | BU29: 103 | BV29: 74.3
A30: Average Price (50%, Dollars per Tonne) | BO30: Oil Stocks | BP30: 39.4 | BQ30: 53 | BR30: 31 | BS30: 71 | BT30: 82 | BU30: 51 | BX30: =Z2 -> 17/18 | BY30: =AA2 -> 18/19 | BZ30: =AB2 -> 19/20
A31: CANADA CANOLA OIL SUPPLY AND DEMAND (1,000 Tonnes)
A32: Carryin (August 1) | B32: 15 | C32: =B45 -> 29 | D32: =C45 -> 18 | E32: =D45 -> 29 | F32: =E45 -> 35 | G32: =F45 -> 20 | H32: =G45 -> 28 | I32: =H45 -> 93 | J32: =I45 -> 143 | ... BG32: =BF45 -> 185 | BJ32: Monthly Biofuel Report | BK32: =Z13/Z9 -> 0.50556015 | BL32: =AA13/AA9 -> 0.44402861 | BM32: =AB13/AB9 -> 0.50426835 | BN32: =AC13/AC9 -> 0.54343944 | BO32: =AD13/AD9 -> 0.3681663 | BP32: =AE13/AE9 -> 0.4217879 | BQ32: =AF13/AF9 -> 0.33001346 | BR32: =AG13/AG9 -> 0.46778852 | ... BT32: =AI13/AI9 -> 0.43269231 | BX32: 493 | BY32: 487 | BZ32: 433 | CA32: =AB32-BZ32 -> -337.7
A33: Production | B33: =B221 -> 912.59 | C33: =C221 -> 1062.535 | D33: =D221 -> 1156.116 | E33: =E221 -> 1136.828 | F33: =F221 -> 1363.566 | G33: =G221 -> 1283.086 | H33: =H221 -> 1242.939 | I33: =I221 -> 1265.731 | ... BG33: =BG221 -> 9269.2773 | BI33: =(AG33/AF33)-1 -> 0.055491609 | BK33: =Z13/Z16 -> 0.53513076 | BL33: =AA13/AA16 -> 0.48250102 | BM33: =AB13/AB16 -> 0.47661807 | BN33: =AC13/AC16 -> 0.49786435 | BO33: =AD13/AD16 -> 0.358195 | BP33: =AE13/AE16 -> 0.42681791 | BQ33: =AF13/AF16 -> 0.34078672 | BR33: =AG13/AG16 -> 0.45831001 | ... BT33: =AI13/AI16 -> 0.4245283 | BX33: 4120 | BY33: 4065 | BZ33: 4225 | CA33: =AB33-BZ33 -> 208.87
A34: Imports | B34: =B269 -> 98.576511 | C34: =C269 -> 2.6449462 | D34: =D269 -> 34.072 | E34: =E269 -> 51.997 | F34: =F269 -> 76.089 | G34: =G269 -> 9.359 | H34: =H269 -> 101.52 | I34: =I269 -> 56.034 | ... AF34: =AF269 -> 17.686306 | AG34: 25 | AH34: 25 | AI34: 25 | AJ34: 25 | AK34: 25 | AL34: 25 | AM34: 25 | AN34: 25 | AO34: 25 | AP34: 25 | AQ34: 25 | AR34: 25 | AS34: 25 | AT34: 25 | AU34: 25 | AV34: 25 | AW34: 25 | AX34: 26 | AY34: 27 | AZ34: 28 | BA34: 29 | BB34: 30 | BC34: 31 | BD34: 32 | BE34: 33 | BF34: 34 | BG34: 35 | BX34: 14 | BY34: 16 | BZ34: 16 | CA34: =AB34-BZ34 -> 3.638587
A35: Total Supply | B35: =SUM(B32:B34) -> 1026.1665 | C35: =SUM(C32:C34) -> 1094.1799 | D35: =SUM(D32:D34) -> 1208.188 | E35: =SUM(E32:E34) -> 1217.825 | F35: =SUM(F32:F34) -> 1474.655 | G35: =SUM(G32:G34) -> 1312.445 | H35: =SUM(H32:H34) -> 1372.459 | I35: =SUM(I32:I34) -> 1414.765 | ... BG35: =SUM(BG32:BG34) -> 9489.2773 | BK35: =Z12/Z9 -> 0.43196853 | BL35: =AA12/AA9 -> 0.44854315 | BM35: =AB12/AB9 -> 0.50867936 | BN35: =AC12/AC9 -> 0.5350225 | BO35: =AD12/AD9 -> 0.60044906 | BP35: =AE12/AE9 -> 0.52846335 | BQ35: =AF12/AF9 -> 0.56684691 | BR35: =AG12/AG9 -> 0.60812508 | BS35: =AH12/AH9 -> 0.5893578 | BX35: =SUM(BX32:BX34) -> 4627 | BY35: =SUM(BY32:BY34) -> 4568 | BZ35: =SUM(BZ32:BZ34) -> 4674 | CA35: =AB35-BZ35 -> -125.19141
A36: Domestic Usage | B36: =B44-B43 -> 997.16651 | C36: =C44-C43 -> 788.52695 | D36: =D44-D43 -> 545.529 | E36: =E44-E43 -> 384.096 | F36: =F44-F43 -> 457.232 | G36: =G44-G43 -> 395.374 | H36: =H44-H43 -> 418.323 | I36: =I44-I43 -> 429.243 | ... BG36: =BG44-BG43 -> 6549.2773 | BX36: 970 | BY36: 980 | BZ36: 995 | CA36: =AB36-BZ36 -> 51.29204
A37: Biomass-Based Feedstock | B37: =B317 -> 0 | C37: =C317 -> 0 | D37: =D317 -> 0 | E37: =E317 -> 0 | F37: =F317 -> 0 | G37: =G317 -> 0 | H37: =H317 -> 0 | I37: =I317 -> 0 | ... BG37: =BG317 -> 2844.333 | BI37: =(AF37/AE37)-1 -> 0.45725646 | BJ37: =(AG37/AF37)-1 -> 0.46688646 | BK37: =AF37*2.20462 -> 1370.1121 | BL37: =AG37*2.20462 -> 2009.7989 | BN37: Based on macro growth and assumptions of ev-powered tractor trailers
A38: Biodiesel | B38: =B333 -> 0 | C38: =C333 -> 0 | D38: =D333 -> 0 | E38: =E333 -> 0 | F38: =F333 -> 0 | G38: =G333 -> 0 | H38: =H333 -> 0 | I38: =I333 -> 0 | ... BG38: =BG333 -> 1186.9728
A39: Renewable Diesel | B39: =B349 -> 0 | C39: =C349 -> 0 | D39: =D349 -> 0 | E39: =E349 -> 0 | F39: =F349 -> 0 | G39: =G349 -> 0 | H39: =H349 -> 0 | I39: =I349 -> 0 | ... AF39: =AF349 -> 0 | AG39: =AG349+AG365 -> 1.9649627 | AH39: =AH349+AH365 -> 417.78958 | AI39: =AI349+AI365 -> 979.85233 | AJ39: =AJ349+AJ365 -> 1290.0907 | AK39: =AK349+AK365 -> 1405.0077 | AL39: =AL349+AL365 -> 1434.1455 | AM39: =AM349+AM365 -> 1498.2671 | AN39: =AN349+AN365 -> 1536.433 | ... BG39: =BG349+BG365 -> 1657.3602
A40: Non-Biofuel Demand | B40: =B36-B37 -> 997.16651 | C40: =C36-C37 -> 788.52695 | D40: =D36-D37 -> 545.529 | E40: =E36-E37 -> 384.096 | F40: =F36-F37 -> 457.232 | G40: =G36-G37 -> 395.374 | H40: =H36-H37 -> 418.323 | I40: =I36-I37 -> 429.243 | ... BG40: =BG36-BG37 -> 3704.9443
A41: Food | B41: 452 | C41: 501 | D41: 653 | E41: 626 | F41: 488 | G41: 561 | H41: 497 | I41: 507 | J41: 533 | K41: 505 | L41: 437 | M41: 435 | N41: 379 | O41: 443 | P41: 416 | Q41: 369 | R41: 414 | S41: 447 | T41: 478 | U41: 495 | V41: 525 | W41: 560 | X41: 578 | Y41: 617 | Z41: 639 | AA41: 655 | AB41: 670 | AC41: 680 | AD41: 690 | AE41: 715 | AF41: 716 | AG41: =(AVERAGE(AA41:AE41)*'[2]Canadian GDP'!$C$8)+AF41 -> 726.23 | AH41: =(AVERAGE(AB41:AF41)*'[2]Canadian GDP'!$C$9)+AG41 -> 736.9962 | AI41: =(AVERAGE(AC41:AG41)*'[2]Canadian GDP'!$C$10)+AH41 -> 747.80839 | AJ41: =(AVERAGE(AD41:AH41)*'[2]Canadian GDP'!$C$11)+AI41 -> 758.66668 | AK41: =(AVERAGE(AE41:AI41)*'[2]Canadian GDP'!$C$12)+AJ41 -> 769.56416 | AL41: =(AVERAGE(AF41:AJ41)*'[2]Canadian GDP'!$C$13)+AK41 -> 780.45547 | AM41: =(AVERAGE(AG41:AK41)*'[2]Canadian GDP'!$C$14)+AL41 -> 791.37563 | AN41: =(AVERAGE(AH41:AL41)*'[2]Canadian GDP'!$C$15)+AM41 -> 802.32473 | AO41: =(AVERAGE(AI41:AM41)*'[2]Canadian GDP'!$C$16)+AN41 -> 813.29173 | AP41: =(AVERAGE(AJ41:AN41)*'[2]Canadian GDP'!$C$17)+AO41 -> 824.26641 | AQ41: =(AVERAGE(AK41:AO41)*'[2]Canadian GDP'!$C$18)+AP41 -> 835.24897 | AR41: =(AVERAGE(AL41:AP41)*'[2]Canadian GDP'!$C$19)+AQ41 -> 846.25561 | AS41: =(AVERAGE(AM41:AQ41)*'[2]Canadian GDP'!$C$19)+AR41 -> 857.41258 | AT41: =(AVERAGE(AN41:AR41)*'[2]Canadian GDP'!$C$19)+AS41 -> 868.72012 | AU41: =(AVERAGE(AO41:AS41)*'[2]Canadian GDP'!$C$19)+AT41 -> 880.17881 | AV41: =(AVERAGE(AP41:AT41)*'[2]Canadian GDP'!$C$19)+AU41 -> 891.78956 | AW41: =(AVERAGE(AQ41:AU41)*'[2]Canadian GDP'!$C$19)+AV41 -> 903.55372 | AX41: =(AVERAGE(AR41:AV41)*'[2]Canadian GDP'!$C$19)+AW41 -> 915.47301 | AY41: =(AVERAGE(AS41:AW41)*'[2]Canadian GDP'!$C$19)+AX41 -> 927.5495 | ... BG41: =(AVERAGE(BA41:BE41)*'[2]Canadian GDP'!$C$19)+BF41 -> 1030.0764 | BL41: Based on per-capita GDP growth
A42: Feed & Residual | B42: =B40-B41 -> 545.16651 | C42: =C40-C41 -> 287.52695 | D42: =D40-D41 -> -107.471 | E42: =E40-E41 -> -241.904 | F42: =F40-F41 -> -30.768 | G42: =G40-G41 -> -165.626 | H42: =H40-H41 -> -78.677 | I42: =I40-I41 -> -77.757 | ... BG42: =BG40-BG41 -> 2674.8678
A43: Exports | B43: =B285 -> 0 | C43: =C285 -> 287.653 | D43: =D285 -> 633.659 | E43: =E285 -> 798.729 | F43: =F285 -> 997.423 | G43: =G285 -> 889.071 | H43: =H285 -> 861.136 | I43: =I285 -> 842.522 | ... AF43: =AF285 -> 3344.1325 | AG43: =3275-200-200+1000-175 -> 3700 | AH43: 3000 | AI43: 1500 | AJ43: 750 | AK43: 750 | AL43: 750 | AM43: 1350 | AN43: 1750 | AO43: 1750 | AP43: 1750 | AQ43: 2000 | AR43: 2100 | AS43: 2250 | AT43: 2500 | AU43: 2750 | AV43: 2750 | AW43: 2750 | AX43: 2750 | AY43: 2750 | AZ43: 2750 | BA43: 2750 | BB43: 2750 | BC43: 2750 | BD43: 2750 | BE43: 2750 | BF43: 2750 | BG43: 2750 | BI43: =AG43/AG35 -> 0.72527552 | BL43: Adjusted to keep feed minimal | BX43: 3170 | BY43: 3155 | BZ43: 3450 | CA43: =AB43-BZ43 -> -20.533453
A44: Total Use | B44: =B35-B45 -> 997.16651 | C44: =C35-C45 -> 1076.1799 | D44: =D35-D45 -> 1179.188 | E44: =E35-E45 -> 1182.825 | F44: =F35-F45 -> 1454.655 | G44: =G35-G45 -> 1284.445 | H44: =H35-H45 -> 1279.459 | I44: =I35-I45 -> 1271.765 | ... BG44: =BG35-BG45 -> 9299.2773 | BX44: =BX43+BX36 -> 4140 | BY44: =BY43+BY36 -> 4135 | BZ44: =BZ43+BZ36 -> 4445 | CA44: =AB44-BZ44 -> 30.758587
A45: Carryout (July 31) | B45: 29 | C45: 18 | D45: 29 | E45: 35 | F45: 20 | G45: 28 | H45: 93 | I45: 143 | J45: 103 | K45: 90 | L45: 106 | M45: 68 | N45: 34 | O45: 39.4 | P45: 53 | Q45: 31 | R45: 71 | S45: 82 | T45: 51 | U45: 66.7 | V45: 68.5 | W45: 79.5 | X45: 80.8 | Y45: 77.8 | Z45: 97.7 | AA45: 95.3 | AB45: 73.05 | AC45: 103.19 | AD45: 73.674 | AE45: 84.98 | AF45: 109.384 | AG45: 115 | AH45: 125 | AI45: 130 | AJ45: 135 | AK45: 135 | AL45: 135 | AM45: 135 | AN45: 135 | AO45: 140 | AP45: 140 | AQ45: 140 | AR45: 145 | AS45: 145 | AT45: 150 | AU45: 150 | AV45: 155 | AW45: 155 | AX45: 160 | AY45: 160 | AZ45: 165 | BA45: 165 | BB45: 170 | BC45: 170 | BD45: 175 | BE45: 180 | BF45: 185 | BG45: 190 | BX45: 487 | BY45: 433 | BZ45: 229 | CA45: =AB45-BZ45 -> -155.95
A46: Bold Numbers are The Jacobsen Forecasts and Estimates | P46: =P45/P44 -> 0.030102147 | Q46: =Q45/Q44 -> 0.015729501 | R46: =R45/R44 -> 0.031365809 | S46: =S45/S44 -> 0.028462844 | T46: =T45/T44 -> 0.015691846 | U46: =U45/U44 -> 0.021717436 | V46: =V45/V44 -> 0.021942095 | W46: =W45/W44 -> 0.024669272 | ... BG46: =BG45/BG44 -> 0.020431695
B47: 1993 | C47: 1994 | D47: 1995 | E47: 1996 | F47: 1997 | G47: 1998 | H47: 1999 | I47: 2000 | J47: 2001 | K47: 2002 | L47: 2003 | M47: 2004 | N47: 2005 | O47: 2006 | P47: 2007 | Q47: 2008 | R47: 2009 | S47: 2010 | T47: 2011 | U47: 2012 | V47: 2013 | W47: 2014 | X47: 2015 | Y47: 2016 | Z47: 2017 | AA47: 2018 | AB47: 2019 | AC47: 2020 | AD47: 2021 | AE47: 2022 | AF47: 2023 | AG47: 2024 | AH47: 2025 | AI47: 2026 | AJ47: 2027 | AK47: 2028 | AL47: 2029 | AM47: 2030 | AN47: 2031 | AO47: 2032 | AP47: 2033 | AQ47: 2034 | AR47: 2035 | AS47: 2036 | AT47: 2037 | AU47: 2038 | AV47: 2039 | AW47: 2040 | AX47: 2041 | AY47: 2042 | AZ47: 2043 | BA47: 2044 | BB47: 2045 | BC47: 2046 | BD47: 2047 | BE47: 2048 | BF47: 2049 | BG47: 2050 | BH47: 2051 | BI47: 2052
A48: CANOLA IMPORTS (1,000 Tonnes) | O48: 39.4 | P48: 53 | Q48: 31 | R48: 71 | S48: 82 | T48: 51 | U48: 66.7 | V48: 68.5 | W48: 79.5 | X48: 80.8 | Y48: 77.8 | Z48: 97.7 | AA48: 95.3
B49: =B$2 -> 93/94 | C49: =C$2 -> 94/95 | D49: =D$2 -> 95/96 | E49: =E$2 -> 96/97 | F49: =F$2 -> 97/98 | G49: =G$2 -> 98/99 | H49: =H$2 -> 99/00 | I49: =I$2 -> 00/01 | ... BG49: =BG$2 -> 50/51 | BJ49: HS Codes: | BK49: 12051, 12059 | BQ49: Oil Stocks - Old | BR49: Meal Stocks - Old
A50: August | B50: ='[3]Canada Seed Imports'!AB$290 -> 0 | C50: ='[3]Canada Seed Imports'!AN$290 -> 0 | D50: ='[3]Canada Seed Imports'!AZ$290 -> 4.269 | E50: ='[3]Canada Seed Imports'!BL$290 -> 2.982 | F50: ='[3]Canada Seed Imports'!BX$290 -> 23.58 | G50: ='[3]Canada Seed Imports'!CJ$290 -> 27.071 | H50: ='[3]Canada Seed Imports'!CV$290 -> 6.244 | I50: ='[3]Canada Seed Imports'!DH$290 -> 11.675 | J50: ='[3]Canada Seed Imports'!DT$290 -> 13.029 | K50: ='[3]Canada Seed Imports'!EF$290 -> 12.638078 | L50: ='[3]Canada Seed Imports'!ER$290 -> 18.828913 | M50: ='[3]Canada Seed Imports'!FD$290 -> 8.821028 | N50: ='[3]Canada Seed Imports'!FP$290 -> 8.993898 | O50: ='[3]Canada Seed Imports'!GB$290 -> 17.406288 | P50: ='[3]Canada Seed Imports'!GN$290 -> 14.90931 | Q50: ='[3]Canada Seed Imports'!GZ$290 -> 3.411993 | R50: ='[3]Canada Seed Imports'!HL$290 -> 22.772129 | S50: ='[3]Canada Seed Imports'!HX$290 -> 16.115829 | T50: ='[3]Canada Seed Imports'!IJ$290 -> 13.967323 | U50: ='[3]Canada Seed Imports'!IV$290 -> 9.675642 | V50: ='[3]Canada Seed Imports'!JH$290 -> 10.636317 | W50: ='[3]Canada Seed Imports'!JT$290 -> 1.31122 | X50: ='[3]Canada Seed Imports'!KF$290 -> 6.799518 | Y50: ='[3]Canada Seed Imports'!KR$290 -> 3.361534 | Z50: ='[3]Canada Seed Imports'!LD$290 -> 6.368 | AA50: ='[3]Canada Seed Imports'!LP$290 -> 6.697 | AB50: ='[3]Canada Seed Imports'!MB$290 -> 12.154588 | AC50: ='[3]Canada Seed Imports'!MN$290 -> 15.115287 | AD50: ='[3]Canada Seed Imports'!MZ$290 -> 9.161603 | AE50: ='[3]Canada Seed Imports'!NL$290 -> 6.529 | AF50: ='[3]Canada Seed Imports'!NX$290 -> 53.264 | AG50: ='[3]Canada Seed Imports'!OJ$290 -> 10.930508 | AH50: =(SUM(AB50:AF50)/SUM(AB$62:AF$62))*AH$62 -> 17.769727 | AI50: =(SUM(AC50:AG50)/SUM(AC$62:AG$62))*AI$62 -> 17.651947 | AJ50: =(SUM(AD50:AH50)/SUM(AD$62:AH$62))*AJ$62 -> 17.601227 | AK50: =(SUM(AE50:AI50)/SUM(AE$62:AI$62))*AK$62 -> 18.144698 | AL50: =(SUM(AF50:AJ50)/SUM(AF$62:AJ$62))*AL$62 -> 20.068444 | AM50: =(SUM(AG50:AK50)/SUM(AG$62:AK$62))*AM$62 -> 16.419621 | AN50: =(SUM(AH50:AL50)/SUM(AH$62:AL$62))*AN$62 -> 18.247209 | AO50: =(SUM(AI50:AM50)/SUM(AI$62:AM$62))*AO$62 -> 17.977188 | ... BG50: =(SUM(BA50:BE50)/SUM(BA$62:BE$62))*BG$62 -> 18.043988 | BP50: =O2 -> 06/07 | BQ50: 35 | BR50: 20
A51: September | B51: ='[3]Canada Seed Imports'!AC$290 -> 0 | C51: ='[3]Canada Seed Imports'!AO$290 -> 0 | D51: ='[3]Canada Seed Imports'!BA$290 -> 3.754 | E51: ='[3]Canada Seed Imports'!BM$290 -> 8.603 | F51: ='[3]Canada Seed Imports'!BY$290 -> 10.387 | G51: ='[3]Canada Seed Imports'!CK$290 -> 21.45 | H51: ='[3]Canada Seed Imports'!CW$290 -> 13.629 | I51: ='[3]Canada Seed Imports'!DI$290 -> 45.591 | J51: ='[3]Canada Seed Imports'!DU$290 -> 45.05 | K51: ='[3]Canada Seed Imports'!EG$290 -> 31.984366 | L51: ='[3]Canada Seed Imports'!ES$290 -> 36.593188 | M51: ='[3]Canada Seed Imports'!FE$290 -> 32.17663 | N51: ='[3]Canada Seed Imports'!FQ$290 -> 26.460455 | O51: ='[3]Canada Seed Imports'!GC$290 -> 22.033562 | P51: ='[3]Canada Seed Imports'!GO$290 -> 20.395521 | Q51: ='[3]Canada Seed Imports'!HA$290 -> 14.746702 | R51: ='[3]Canada Seed Imports'!HM$290 -> 18.39591 | S51: ='[3]Canada Seed Imports'!HY$290 -> 48.17449 | T51: ='[3]Canada Seed Imports'!IK$290 -> 15.580489 | U51: ='[3]Canada Seed Imports'!IW$290 -> 34.433681 | V51: ='[3]Canada Seed Imports'!JI$290 -> 5.800559 | W51: ='[3]Canada Seed Imports'!JU$290 -> 7.848683 | X51: ='[3]Canada Seed Imports'!KG$290 -> 20.64777 | Y51: ='[3]Canada Seed Imports'!KS$290 -> 7.617175 | Z51: ='[3]Canada Seed Imports'!LE$290 -> 9.951 | AA51: ='[3]Canada Seed Imports'!LQ$290 -> 25.669 | AB51: ='[3]Canada Seed Imports'!MC$290 -> 21.035772 | AC51: ='[3]Canada Seed Imports'!MO$290 -> 14.202941 | AD51: ='[3]Canada Seed Imports'!NA$290 -> 15.521325 | AE51: ='[3]Canada Seed Imports'!NM$290 -> 15.963 | AF51: ='[3]Canada Seed Imports'!NY$290 -> 20.872 | AG51: ='[3]Canada Seed Imports'!OK$290 -> 16.928084 | AH51: =(SUM(AB51:AF51)/SUM(AB$62:AF$62))*AH$62 -> 16.176133 | AI51: =(SUM(AC51:AG51)/SUM(AC$62:AG$62))*AI$62 -> 15.512717 | AJ51: =(SUM(AD51:AH51)/SUM(AD$62:AH$62))*AJ$62 -> 15.403337 | AK51: =(SUM(AE51:AI51)/SUM(AE$62:AI$62))*AK$62 -> 14.607347 | AL51: =(SUM(AF51:AJ51)/SUM(AF$62:AJ$62))*AL$62 -> 14.534153 | AM51: =(SUM(AG51:AK51)/SUM(AG$62:AK$62))*AM$62 -> 15.725524 | AN51: =(SUM(AH51:AL51)/SUM(AH$62:AL$62))*AN$62 -> 15.246737 | AO51: =(SUM(AI51:AM51)/SUM(AI$62:AM$62))*AO$62 -> 15.156616 | ... BG51: =(SUM(BA51:BE51)/SUM(BA$62:BE$62))*BG$62 -> 15.156915 | BP51: =P2 -> 07/08 | BQ51: 129 | BR51: 20
A52: October | B52: ='[3]Canada Seed Imports'!AD$290 -> 0 | C52: ='[3]Canada Seed Imports'!AP$290 -> 0 | D52: ='[3]Canada Seed Imports'!BB$290 -> 3.598 | E52: ='[3]Canada Seed Imports'!BN$290 -> 7.578 | F52: ='[3]Canada Seed Imports'!BZ$290 -> 10.972 | G52: ='[3]Canada Seed Imports'!CL$290 -> 11.684 | H52: ='[3]Canada Seed Imports'!CX$290 -> 19.53 | I52: ='[3]Canada Seed Imports'!DJ$290 -> 23.541 | J52: ='[3]Canada Seed Imports'!DV$290 -> 32.404 | K52: ='[3]Canada Seed Imports'!EH$290 -> 33.511616 | L52: ='[3]Canada Seed Imports'!ET$290 -> 24.012638 | M52: ='[3]Canada Seed Imports'!FF$290 -> 13.886004 | N52: ='[3]Canada Seed Imports'!FR$290 -> 12.913349 | O52: ='[3]Canada Seed Imports'!GD$290 -> 13.100763 | P52: ='[3]Canada Seed Imports'!GP$290 -> 16.804472 | Q52: ='[3]Canada Seed Imports'!HB$290 -> 16.831689 | R52: ='[3]Canada Seed Imports'!HN$290 -> 10.833079 | S52: ='[3]Canada Seed Imports'!HZ$290 -> 35.676442 | T52: ='[3]Canada Seed Imports'!IL$290 -> 8.683183 | U52: ='[3]Canada Seed Imports'!IX$290 -> 7.837756 | V52: ='[3]Canada Seed Imports'!JJ$290 -> 3.971886 | W52: ='[3]Canada Seed Imports'!JV$290 -> 8.838508 | X52: ='[3]Canada Seed Imports'!KH$290 -> 8.660318 | Y52: ='[3]Canada Seed Imports'!KT$290 -> 12.031726 | Z52: ='[3]Canada Seed Imports'!LF$290 -> 11.677 | AA52: ='[3]Canada Seed Imports'!LR$290 -> 27.054 | AB52: ='[3]Canada Seed Imports'!MD$290 -> 24.169176 | AC52: ='[3]Canada Seed Imports'!MP$290 -> 17.878342 | AD52: ='[3]Canada Seed Imports'!NB$290 -> 11.851336 | AE52: ='[3]Canada Seed Imports'!NN$290 -> 27.298 | AF52: ='[3]Canada Seed Imports'!NZ$290 -> 51.703 | AG52: ='[3]Canada Seed Imports'!OL$290 -> 31.084437 | AH52: =(SUM(AB52:AF52)/SUM(AB$62:AF$62))*AH$62 -> 24.542551 | AI52: =(SUM(AC52:AG52)/SUM(AC$62:AG$62))*AI$62 -> 25.978933 | AJ52: =(SUM(AD52:AH52)/SUM(AD$62:AH$62))*AJ$62 -> 26.401312 | AK52: =(SUM(AE52:AI52)/SUM(AE$62:AI$62))*AK$62 -> 27.454511 | AL52: =(SUM(AF52:AJ52)/SUM(AF$62:AJ$62))*AL$62 -> 27.343515 | AM52: =(SUM(AG52:AK52)/SUM(AG$62:AK$62))*AM$62 -> 27.092349 | AN52: =(SUM(AH52:AL52)/SUM(AH$62:AL$62))*AN$62 -> 26.344164 | AO52: =(SUM(AI52:AM52)/SUM(AI$62:AM$62))*AO$62 -> 26.854124 | ... BG52: =(SUM(BA52:BE52)/SUM(BA$62:BE$62))*BG$62 -> 26.886406 | BP52: =Q2 -> 08/09 | BQ52: 118 | BR52: 29
A53: November | B53: ='[3]Canada Seed Imports'!AE$290 -> 0 | C53: ='[3]Canada Seed Imports'!AQ$290 -> 0 | D53: ='[3]Canada Seed Imports'!BC$290 -> 10.212 | E53: ='[3]Canada Seed Imports'!BO$290 -> 10.431 | F53: ='[3]Canada Seed Imports'!CA$290 -> 29.901 | G53: ='[3]Canada Seed Imports'!CM$290 -> 9.298 | H53: ='[3]Canada Seed Imports'!CY$290 -> 16.221 | I53: ='[3]Canada Seed Imports'!DK$290 -> 19.578 | J53: ='[3]Canada Seed Imports'!DW$290 -> 16.388159 | K53: ='[3]Canada Seed Imports'!EI$290 -> 22.019358 | L53: ='[3]Canada Seed Imports'!EU$290 -> 28.411259 | M53: ='[3]Canada Seed Imports'!FG$290 -> 7.898175 | N53: ='[3]Canada Seed Imports'!FS$290 -> 9.540281 | O53: ='[3]Canada Seed Imports'!GE$290 -> 17.268354 | P53: ='[3]Canada Seed Imports'!GQ$290 -> 14.870041 | Q53: ='[3]Canada Seed Imports'!HC$290 -> 7.843197 | R53: ='[3]Canada Seed Imports'!HO$290 -> 10.751805 | S53: ='[3]Canada Seed Imports'!IA$290 -> 13.539558 | T53: ='[3]Canada Seed Imports'!IM$290 -> 6.604635 | U53: ='[3]Canada Seed Imports'!IY$290 -> 24.462958 | V53: ='[3]Canada Seed Imports'!JK$290 -> 4.109253 | W53: ='[3]Canada Seed Imports'!JW$290 -> 8.771883 | X53: ='[3]Canada Seed Imports'!KI$290 -> 3.598207 | Y53: ='[3]Canada Seed Imports'!KU$290 -> 5.523516 | Z53: ='[3]Canada Seed Imports'!LG$290 -> 5.12 | AA53: ='[3]Canada Seed Imports'!LS$290 -> 17.651 | AB53: ='[3]Canada Seed Imports'!ME$290 -> 16.729112 | AC53: ='[3]Canada Seed Imports'!MQ$290 -> 8.71651 | AD53: ='[3]Canada Seed Imports'!NC$290 -> 6.982 | AE53: ='[3]Canada Seed Imports'!NO$290 -> 17.443 | AF53: ='[3]Canada Seed Imports'!OA$290 -> 67.615 | AG53: ='[3]Canada Seed Imports'!OM$290 -> 14.514627 | AH53: =(SUM(AB53:AF53)/SUM(AB$62:AF$62))*AH$62 -> 21.696012 | AI53: =(SUM(AC53:AG53)/SUM(AC$62:AG$62))*AI$62 -> 21.418436 | AJ53: =(SUM(AD53:AH53)/SUM(AD$62:AH$62))*AJ$62 -> 23.115789 | AK53: =(SUM(AE53:AI53)/SUM(AE$62:AI$62))*AK$62 -> 24.391252 | AL53: =(SUM(AF53:AJ53)/SUM(AF$62:AJ$62))*AL$62 -> 25.400252 | AM53: =(SUM(AG53:AK53)/SUM(AG$62:AK$62))*AM$62 -> 21.027223 | AN53: =(SUM(AH53:AL53)/SUM(AH$62:AL$62))*AN$62 -> 23.204348 | AO53: =(SUM(AI53:AM53)/SUM(AI$62:AM$62))*AO$62 -> 23.07059 | ... BG53: =(SUM(BA53:BE53)/SUM(BA$62:BE$62))*BG$62 -> 23.178611 | BP53: =R2 -> 09/10 | BQ53: 139 | BR53: 207
A54: December | B54: ='[3]Canada Seed Imports'!AF$290 -> 0 | C54: ='[3]Canada Seed Imports'!AR$290 -> 0 | D54: ='[3]Canada Seed Imports'!BD$290 -> 19.382 | E54: ='[3]Canada Seed Imports'!BP$290 -> 29.211 | F54: ='[3]Canada Seed Imports'!CB$290 -> 8.667 | G54: ='[3]Canada Seed Imports'!CN$290 -> 7.855 | H54: ='[3]Canada Seed Imports'!CZ$290 -> 16.396 | I54: ='[3]Canada Seed Imports'!DL$290 -> 14.509 | J54: ='[3]Canada Seed Imports'!DX$290 -> 21.012142 | K54: ='[3]Canada Seed Imports'!EJ$290 -> 27.902022 | L54: ='[3]Canada Seed Imports'!EV$290 -> 31.635002 | M54: ='[3]Canada Seed Imports'!FH$290 -> 8.707522 | N54: ='[3]Canada Seed Imports'!FT$290 -> 8.337015 | O54: ='[3]Canada Seed Imports'!GF$290 -> 19.695363 | P54: ='[3]Canada Seed Imports'!GR$290 -> 21.560855 | Q54: ='[3]Canada Seed Imports'!HD$290 -> 5.715053 | R54: ='[3]Canada Seed Imports'!HP$290 -> 7.018192 | S54: ='[3]Canada Seed Imports'!IB$290 -> 14.680478 | T54: ='[3]Canada Seed Imports'!IN$290 -> 6.037735 | U54: ='[3]Canada Seed Imports'!IZ$290 -> 5.085934 | V54: ='[3]Canada Seed Imports'!JL$290 -> 4.672744 | W54: ='[3]Canada Seed Imports'!JX$290 -> 10.148668 | X54: ='[3]Canada Seed Imports'!KJ$290 -> 12.482828 | Y54: ='[3]Canada Seed Imports'!KV$290 -> 6.808561 | Z54: ='[3]Canada Seed Imports'!LH$290 -> 7.044 | AA54: ='[3]Canada Seed Imports'!LT$290 -> 10.528 | AB54: ='[3]Canada Seed Imports'!MF$290 -> 16.613559 | AC54: ='[3]Canada Seed Imports'!MR$290 -> 9.224563 | AD54: ='[3]Canada Seed Imports'!ND$290 -> 15.928 | AE54: ='[3]Canada Seed Imports'!NP$290 -> 15.926 | AF54: ='[3]Canada Seed Imports'!OB$290 -> 14.101686 | AG54: ='[3]Canada Seed Imports'!ON$290 -> 11.858972 | AH54: =(SUM(AB54:AF54)/SUM(AB$62:AF$62))*AH$62 -> 13.258127 | AI54: =(SUM(AC54:AG54)/SUM(AC$62:AG$62))*AI$62 -> 12.456503 | AJ54: =(SUM(AD54:AH54)/SUM(AD$62:AH$62))*AJ$62 -> 12.8101 | AK54: =(SUM(AE54:AI54)/SUM(AE$62:AI$62))*AK$62 -> 11.555917 | AL54: =(SUM(AF54:AJ54)/SUM(AF$62:AJ$62))*AL$62 -> 11.040352 | AM54: =(SUM(AG54:AK54)/SUM(AG$62:AK$62))*AM$62 -> 12.387924 | AN54: =(SUM(AH54:AL54)/SUM(AH$62:AL$62))*AN$62 -> 12.2242 | AO54: =(SUM(AI54:AM54)/SUM(AI$62:AM$62))*AO$62 -> 12.050159 | ... BG54: =(SUM(BA54:BE54)/SUM(BA$62:BE$62))*BG$62 -> 11.997813 | BP54: =S2 -> 10/11 | BQ54: 98 | BR54: 207
A55: January | B55: ='[3]Canada Seed Imports'!AG$290 -> 0 | C55: ='[3]Canada Seed Imports'!AS$290 -> 2.519 | D55: ='[3]Canada Seed Imports'!BE$290 -> 3.645 | E55: ='[3]Canada Seed Imports'!BQ$290 -> 3.436 | F55: ='[3]Canada Seed Imports'!CC$290 -> 9.97 | G55: ='[3]Canada Seed Imports'!CO$290 -> 6.104 | H55: ='[3]Canada Seed Imports'!DA$290 -> 16.775 | I55: ='[3]Canada Seed Imports'!DM$290 -> 52.34 | J55: ='[3]Canada Seed Imports'!DY$290 -> 21.823196 | K55: ='[3]Canada Seed Imports'!EK$290 -> 23.524591 | L55: ='[3]Canada Seed Imports'!EW$290 -> 28.524085 | M55: ='[3]Canada Seed Imports'!FI$290 -> 3.428107 | N55: ='[3]Canada Seed Imports'!FU$290 -> 11.507559 | O55: ='[3]Canada Seed Imports'!GG$290 -> 24.285286 | P55: ='[3]Canada Seed Imports'!GS$290 -> 18.239812 | Q55: ='[3]Canada Seed Imports'!HE$290 -> 4.73981 | R55: ='[3]Canada Seed Imports'!HQ$290 -> 7.757792 | S55: ='[3]Canada Seed Imports'!IC$290 -> 15.731253 | T55: ='[3]Canada Seed Imports'!IO$290 -> 9.030116 | U55: ='[3]Canada Seed Imports'!JA$290 -> 4.503246 | V55: ='[3]Canada Seed Imports'!JM$290 -> 4.286716 | W55: ='[3]Canada Seed Imports'!JY$290 -> 7.873505 | X55: ='[3]Canada Seed Imports'!KK$290 -> 3.932801 | Y55: ='[3]Canada Seed Imports'!KW$290 -> 4.341729 | Z55: ='[3]Canada Seed Imports'!LI$290 -> 9.143 | AA55: ='[3]Canada Seed Imports'!LU$290 -> 8.078708 | AB55: ='[3]Canada Seed Imports'!MG$290 -> 14.155555 | AC55: ='[3]Canada Seed Imports'!MS$290 -> 14.144049 | AD55: ='[3]Canada Seed Imports'!NE$290 -> 9.563 | AE55: ='[3]Canada Seed Imports'!NQ$290 -> 15.102 | AF55: ='[3]Canada Seed Imports'!OC$290 -> 16.524139 | AG55: ='[3]Canada Seed Imports'!OO$290 -> 13.424119 | AH55: =(SUM(AB55:AF55)/SUM(AB$62:AF$62))*AH$62 -> 12.832452 | AI55: =(SUM(AC55:AG55)/SUM(AC$62:AG$62))*AI$62 -> 12.775739 | AJ55: =(SUM(AD55:AH55)/SUM(AD$62:AH$62))*AJ$62 -> 12.156359 | AK55: =(SUM(AE55:AI55)/SUM(AE$62:AI$62))*AK$62 -> 12.078515 | AL55: =(SUM(AF55:AJ55)/SUM(AF$62:AJ$62))*AL$62 -> 11.592909 | AM55: =(SUM(AG55:AK55)/SUM(AG$62:AK$62))*AM$62 -> 12.653437 | AN55: =(SUM(AH55:AL55)/SUM(AH$62:AL$62))*AN$62 -> 12.287195 | AO55: =(SUM(AI55:AM55)/SUM(AI$62:AM$62))*AO$62 -> 12.251392 | ... BG55: =(SUM(BA55:BE55)/SUM(BA$62:BE$62))*BG$62 -> 12.219895 | BP55: =T2 -> 11/12 | BQ55: 39 | BR55: 256
A56: February | B56: ='[3]Canada Seed Imports'!AH$290 -> 0 | C56: ='[3]Canada Seed Imports'!AT$290 -> 1.972 | D56: ='[3]Canada Seed Imports'!BF$290 -> 2.393 | E56: ='[3]Canada Seed Imports'!BR$290 -> 4.673 | F56: ='[3]Canada Seed Imports'!CD$290 -> 3.119 | G56: ='[3]Canada Seed Imports'!CP$290 -> 8.706 | H56: ='[3]Canada Seed Imports'!DB$290 -> 7.76 | I56: ='[3]Canada Seed Imports'!DN$290 -> 13.985 | J56: ='[3]Canada Seed Imports'!DZ$290 -> 15.629034 | K56: ='[3]Canada Seed Imports'!EL$290 -> 16.884723 | L56: ='[3]Canada Seed Imports'!EX$290 -> 21.65086 | M56: ='[3]Canada Seed Imports'!FJ$290 -> 3.629916 | N56: ='[3]Canada Seed Imports'!FV$290 -> 10.632758 | O56: ='[3]Canada Seed Imports'!GH$290 -> 13.130158 | P56: ='[3]Canada Seed Imports'!GT$290 -> 12.9549 | Q56: ='[3]Canada Seed Imports'!HF$290 -> 6.960201 | R56: ='[3]Canada Seed Imports'!HR$290 -> 9.444083 | S56: ='[3]Canada Seed Imports'!ID$290 -> 13.460579 | T56: ='[3]Canada Seed Imports'!IP$290 -> 6.401274 | U56: ='[3]Canada Seed Imports'!JB$290 -> 5.398601 | V56: ='[3]Canada Seed Imports'!JN$290 -> 5.600895 | W56: ='[3]Canada Seed Imports'!JZ$290 -> 4.239923 | X56: ='[3]Canada Seed Imports'!KL$290 -> 5.48955 | Y56: ='[3]Canada Seed Imports'!KX$290 -> 9.608507 | Z56: ='[3]Canada Seed Imports'!LJ$290 -> 6.883 | AA56: ='[3]Canada Seed Imports'!LV$290 -> 6.396574 | AB56: ='[3]Canada Seed Imports'!MH$290 -> 12.393308 | AC56: ='[3]Canada Seed Imports'!MT$290 -> 6.509357 | AD56: ='[3]Canada Seed Imports'!NF$290 -> 8.027 | AE56: ='[3]Canada Seed Imports'!NR$290 -> 9.99 | AF56: ='[3]Canada Seed Imports'!OD$290 -> 9.309759 | AG56: =(SUM(AA56:AE56)/SUM(AA$62:AE$62))*AG$62 -> 9.5140144 | AH56: =(SUM(AB56:AF56)/SUM(AB$62:AF$62))*AH$62 -> 8.5371649 | AI56: =(SUM(AC56:AG56)/SUM(AC$62:AG$62))*AI$62 -> 8.0548524 | AJ56: =(SUM(AD56:AH56)/SUM(AD$62:AH$62))*AJ$62 -> 8.1788822 | AK56: =(SUM(AE56:AI56)/SUM(AE$62:AI$62))*AK$62 -> 7.7617687 | AL56: =(SUM(AF56:AJ56)/SUM(AF$62:AJ$62))*AL$62 -> 7.4637145 | AM56: =(SUM(AG56:AK56)/SUM(AG$62:AK$62))*AM$62 -> 8.4093365 | AN56: =(SUM(AH56:AL56)/SUM(AH$62:AL$62))*AN$62 -> 7.9992765 | ... BG56: =(SUM(BA56:BE56)/SUM(BA$62:BE$62))*BG$62 -> 7.9798773 | BP56: =U2 -> 12/13 | BQ56: 71 | BR56: 97
A57: March | B57: ='[3]Canada Seed Imports'!AI$290 -> 0 | C57: ='[3]Canada Seed Imports'!AU$290 -> 4.083 | D57: ='[3]Canada Seed Imports'!BG$290 -> 2.637 | E57: ='[3]Canada Seed Imports'!BS$290 -> 4.42 | F57: ='[3]Canada Seed Imports'!CE$290 -> 7.585 | G57: ='[3]Canada Seed Imports'!CQ$290 -> 12.597 | H57: ='[3]Canada Seed Imports'!DC$290 -> 7.151 | I57: ='[3]Canada Seed Imports'!DO$290 -> 19.186 | J57: ='[3]Canada Seed Imports'!EA$290 -> 15.233813 | K57: ='[3]Canada Seed Imports'!EM$290 -> 9.940177 | L57: ='[3]Canada Seed Imports'!EY$290 -> 19.266394 | M57: ='[3]Canada Seed Imports'!FK$290 -> 6.940331 | N57: ='[3]Canada Seed Imports'!FW$290 -> 13.179926 | O57: ='[3]Canada Seed Imports'!GI$290 -> 19.571555 | P57: ='[3]Canada Seed Imports'!GU$290 -> 17.388508 | Q57: ='[3]Canada Seed Imports'!HG$290 -> 10.559848 | R57: ='[3]Canada Seed Imports'!HS$290 -> 6.118797 | S57: ='[3]Canada Seed Imports'!IE$290 -> 21.793488 | T57: ='[3]Canada Seed Imports'!IQ$290 -> 7.655082 | U57: ='[3]Canada Seed Imports'!JC$290 -> 8.241874 | V57: ='[3]Canada Seed Imports'!JO$290 -> 6.480049 | W57: ='[3]Canada Seed Imports'!KA$290 -> 3.373623 | X57: ='[3]Canada Seed Imports'!KM$290 -> 12.055948 | Y57: ='[3]Canada Seed Imports'!KY$290 -> 8.847961 | Z57: ='[3]Canada Seed Imports'!LK$290 -> 6.314 | AA57: ='[3]Canada Seed Imports'!LW$290 -> 8.343906 | AB57: ='[3]Canada Seed Imports'!MI$290 -> 11.009278 | AC57: ='[3]Canada Seed Imports'!MU$290 -> 8.665929 | AD57: ='[3]Canada Seed Imports'!NG$290 -> 14.311 | AE57: ='[3]Canada Seed Imports'!NS$290 -> 17.409 | AF57: ='[3]Canada Seed Imports'!OE$290 -> 13.780491 | AG57: =(SUM(AA57:AE57)/SUM(AA$62:AE$62))*AG$62 -> 13.121148 | AH57: =(SUM(AB57:AF57)/SUM(AB$62:AF$62))*AH$62 -> 12.035964 | AI57: =(SUM(AC57:AG57)/SUM(AC$62:AG$62))*AI$62 -> 12.502648 | AJ57: =(SUM(AD57:AH57)/SUM(AD$62:AH$62))*AJ$62 -> 12.735268 | AK57: =(SUM(AE57:AI57)/SUM(AE$62:AI$62))*AK$62 -> 11.769247 | AL57: =(SUM(AF57:AJ57)/SUM(AF$62:AJ$62))*AL$62 -> 10.9873 | AM57: =(SUM(AG57:AK57)/SUM(AG$62:AK$62))*AM$62 -> 12.432855 | AN57: =(SUM(AH57:AL57)/SUM(AH$62:AL$62))*AN$62 -> 12.006085 | ... BG57: =(SUM(BA57:BE57)/SUM(BA$62:BE$62))*BG$62 -> 11.971075 | BP57: =V2 -> 13/14 | BQ57: 211 | BR57: 91
A58: April | B58: ='[3]Canada Seed Imports'!AJ$290 -> 0 | C58: ='[3]Canada Seed Imports'!AV$290 -> 2.02 | D58: ='[3]Canada Seed Imports'!BH$290 -> 21.879 | E58: ='[3]Canada Seed Imports'!BT$290 -> 3.422 | F58: ='[3]Canada Seed Imports'!CF$290 -> 15.931 | G58: ='[3]Canada Seed Imports'!CR$290 -> 21.731 | H58: ='[3]Canada Seed Imports'!DD$290 -> 6.112 | I58: ='[3]Canada Seed Imports'!DP$290 -> 6 | J58: ='[3]Canada Seed Imports'!EB$290 -> 15.703845 | K58: ='[3]Canada Seed Imports'!EN$290 -> 19.13783 | L58: ='[3]Canada Seed Imports'!EZ$290 -> 14.659291 | M58: ='[3]Canada Seed Imports'!FL$290 -> 5.767461 | N58: ='[3]Canada Seed Imports'!FX$290 -> 5.304709 | O58: ='[3]Canada Seed Imports'!GJ$290 -> 11.016045 | P58: ='[3]Canada Seed Imports'!GV$290 -> 15.40814 | Q58: ='[3]Canada Seed Imports'!HH$290 -> 11.330318 | R58: ='[3]Canada Seed Imports'!HT$290 -> 10.083093 | S58: ='[3]Canada Seed Imports'!IF$290 -> 10.569772 | T58: ='[3]Canada Seed Imports'!IR$290 -> 6.917975 | U58: ='[3]Canada Seed Imports'!JD$290 -> 5.438674 | V58: ='[3]Canada Seed Imports'!JP$290 -> 7.210286 | W58: ='[3]Canada Seed Imports'!KB$290 -> 4.826454 | X58: ='[3]Canada Seed Imports'!KN$290 -> 9.995698 | Y58: ='[3]Canada Seed Imports'!KZ$290 -> 7.170071 | Z58: ='[3]Canada Seed Imports'!LL$290 -> 7.323 | AA58: ='[3]Canada Seed Imports'!LX$290 -> 9.764291 | AB58: ='[3]Canada Seed Imports'!MJ$290 -> 4.930994 | AC58: ='[3]Canada Seed Imports'!MV$290 -> 5.278052 | AD58: ='[3]Canada Seed Imports'!NH$290 -> 4.066 | AE58: ='[3]Canada Seed Imports'!NT$290 -> 10.428 | AF58: ='[3]Canada Seed Imports'!OF$290 -> 5.978302 | AG58: =(SUM(AA58:AE58)/SUM(AA$62:AE$62))*AG$62 -> 7.5704343 | AH58: =(SUM(AB58:AF58)/SUM(AB$62:AF$62))*AH$62 -> 5.6659094 | AI58: =(SUM(AC58:AG58)/SUM(AC$62:AG$62))*AI$62 -> 6.1913085 | AJ58: =(SUM(AD58:AH58)/SUM(AD$62:AH$62))*AJ$62 -> 6.0756185 | AK58: =(SUM(AE58:AI58)/SUM(AE$62:AI$62))*AK$62 -> 6.1255373 | AL58: =(SUM(AF58:AJ58)/SUM(AF$62:AJ$62))*AL$62 -> 5.3898666 | AM58: =(SUM(AG58:AK58)/SUM(AG$62:AK$62))*AM$62 -> 6.3257616 | AN58: =(SUM(AH58:AL58)/SUM(AH$62:AL$62))*AN$62 -> 5.8896481 | ... BG58: =(SUM(BA58:BE58)/SUM(BA$62:BE$62))*BG$62 -> 5.9679894 | BP58: =W2 -> 14/15 | BQ58: 378 | BR58: 100
A59: May | B59: ='[3]Canada Seed Imports'!AK$290 -> 0 | C59: ='[3]Canada Seed Imports'!AW$290 -> 1.478 | D59: ='[3]Canada Seed Imports'!BI$290 -> 3.414 | E59: ='[3]Canada Seed Imports'!BU$290 -> 2.69 | F59: ='[3]Canada Seed Imports'!CG$290 -> 10.1 | G59: ='[3]Canada Seed Imports'!CS$290 -> 16.226 | H59: ='[3]Canada Seed Imports'!DE$290 -> 4.289 | I59: ='[3]Canada Seed Imports'!DQ$290 -> 6.969 | J59: ='[3]Canada Seed Imports'!EC$290 -> 5.266831 | K59: ='[3]Canada Seed Imports'!EO$290 -> 15.256613 | L59: ='[3]Canada Seed Imports'!FA$290 -> 5.383983 | M59: ='[3]Canada Seed Imports'!FM$290 -> 7.385268 | N59: ='[3]Canada Seed Imports'!FY$290 -> 5.771896 | O59: ='[3]Canada Seed Imports'!GK$290 -> 16.396761 | P59: ='[3]Canada Seed Imports'!GW$290 -> 6.407729 | Q59: ='[3]Canada Seed Imports'!HI$290 -> 4.800796 | R59: ='[3]Canada Seed Imports'!HU$290 -> 4.771665 | S59: ='[3]Canada Seed Imports'!IG$290 -> 10.357157 | T59: ='[3]Canada Seed Imports'!IS$290 -> 3.124426 | U59: ='[3]Canada Seed Imports'!JE$290 -> 4.810681 | V59: ='[3]Canada Seed Imports'!JQ$290 -> 3.73553 | W59: ='[3]Canada Seed Imports'!KC$290 -> 3.917768 | X59: ='[3]Canada Seed Imports'!KO$290 -> 9.315122 | Y59: ='[3]Canada Seed Imports'!LA$290 -> 11.896 | Z59: ='[3]Canada Seed Imports'!LM$290 -> 9.864 | AA59: ='[3]Canada Seed Imports'!LY$290 -> 5.52365 | AB59: ='[3]Canada Seed Imports'!MK$290 -> 2.890226 | AC59: ='[3]Canada Seed Imports'!MW$290 -> 4.285748 | AD59: ='[3]Canada Seed Imports'!NI$290 -> 2.12 | AE59: ='[3]Canada Seed Imports'!NU$290 -> 4.407 | AF59: ='[3]Canada Seed Imports'!OG$290 -> 5.229398 | AG59: =(SUM(AA59:AE59)/SUM(AA$62:AE$62))*AG$62 -> 4.2229515 | AH59: =(SUM(AB59:AF59)/SUM(AB$62:AF$62))*AH$62 -> 3.4962318 | AI59: =(SUM(AC59:AG59)/SUM(AC$62:AG$62))*AI$62 -> 3.7654413 | AJ59: =(SUM(AD59:AH59)/SUM(AD$62:AH$62))*AJ$62 -> 3.5102627 | AK59: =(SUM(AE59:AI59)/SUM(AE$62:AI$62))*AK$62 -> 3.6104755 | AL59: =(SUM(AF59:AJ59)/SUM(AF$62:AJ$62))*AL$62 -> 3.4625398 | AM59: =(SUM(AG59:AK59)/SUM(AG$62:AK$62))*AM$62 -> 3.7210725 | AN59: =(SUM(AH59:AL59)/SUM(AH$62:AL$62))*AN$62 -> 3.5689902 | ... BG59: =(SUM(BA59:BE59)/SUM(BA$62:BE$62))*BG$62 -> 3.5959715 | BP59: =X2 -> 15/16 | BQ59: 491 | BR59: 97
A60: June | B60: ='[3]Canada Seed Imports'!AL$290 -> 0 | C60: ='[3]Canada Seed Imports'!AX$290 -> 1.132 | D60: ='[3]Canada Seed Imports'!BJ$290 -> 20.183 | E60: ='[3]Canada Seed Imports'!BV$290 -> 2.803 | F60: ='[3]Canada Seed Imports'!CH$290 -> 1.057 | G60: ='[3]Canada Seed Imports'!CT$290 -> 8.493 | H60: ='[3]Canada Seed Imports'!DF$290 -> 2.488 | I60: ='[3]Canada Seed Imports'!DR$290 -> 3.987 | J60: ='[3]Canada Seed Imports'!ED$290 -> 9.921167 | K60: ='[3]Canada Seed Imports'!EP$290 -> 9.471196 | L60: ='[3]Canada Seed Imports'!FB$290 -> 6.61243 | M60: ='[3]Canada Seed Imports'!FN$290 -> 4.565093 | N60: ='[3]Canada Seed Imports'!FZ$290 -> 12.254907 | O60: ='[3]Canada Seed Imports'!GL$290 -> 12.271796 | P60: ='[3]Canada Seed Imports'!GX$290 -> 11.311438 | Q60: ='[3]Canada Seed Imports'!HJ$290 -> 15.827711 | R60: ='[3]Canada Seed Imports'!HV$290 -> 9.295389 | S60: ='[3]Canada Seed Imports'!IH$290 -> 12.338142 | T60: ='[3]Canada Seed Imports'!IT$290 -> 1.592976 | U60: ='[3]Canada Seed Imports'!JF$290 -> 6.112626 | V60: ='[3]Canada Seed Imports'!JR$290 -> 4.52627 | W60: ='[3]Canada Seed Imports'!KD$290 -> 4.60251 | X60: ='[3]Canada Seed Imports'!KP$290 -> 3.690139 | Y60: ='[3]Canada Seed Imports'!LB$290 -> 7.956 | Z60: ='[3]Canada Seed Imports'!LN$290 -> 12.912 | AA60: ='[3]Canada Seed Imports'!LZ$290 -> 7.932519 | AB60: ='[3]Canada Seed Imports'!ML$290 -> 7.430008 | AC60: ='[3]Canada Seed Imports'!MX$290 -> 11.666245 | AD60: ='[3]Canada Seed Imports'!NJ$290 -> 3.461 | AE60: ='[3]Canada Seed Imports'!NV$290 -> 0.516 | AF60: ='[3]Canada Seed Imports'!OH$290 -> 6.62812 | AG60: =(SUM(AA60:AE60)/SUM(AA$62:AE$62))*AG$62 -> 6.8101333 | AH60: =(SUM(AB60:AF60)/SUM(AB$62:AF$62))*AH$62 -> 5.4849379 | AI60: =(SUM(AC60:AG60)/SUM(AC$62:AG$62))*AI$62 -> 5.4036095 | AJ60: =(SUM(AD60:AH60)/SUM(AD$62:AH$62))*AJ$62 -> 4.1275116 | AK60: =(SUM(AE60:AI60)/SUM(AE$62:AI$62))*AK$62 -> 4.2466846 | AL60: =(SUM(AF60:AJ60)/SUM(AF$62:AJ$62))*AL$62 -> 4.8715783 | AM60: =(SUM(AG60:AK60)/SUM(AG$62:AK$62))*AM$62 -> 5.2145754 | AN60: =(SUM(AH60:AL60)/SUM(AH$62:AL$62))*AN$62 -> 4.8268644 | ... BG60: =(SUM(BA60:BE60)/SUM(BA$62:BE$62))*BG$62 -> 4.8047606 | BP60: =Y2 -> 16/17 | BQ60: 493 | BR60: 52
A61: July | B61: ='[3]Canada Seed Imports'!AM$290 -> 0 | C61: ='[3]Canada Seed Imports'!AY$290 -> 1.181 | D61: ='[3]Canada Seed Imports'!BK$290 -> 2.005 | E61: ='[3]Canada Seed Imports'!BW$290 -> 23.703 | F61: ='[3]Canada Seed Imports'!CI$290 -> 9.263 | G61: ='[3]Canada Seed Imports'!CU$290 -> 6.846 | H61: ='[3]Canada Seed Imports'!DG$290 -> 7.6 | I61: ='[3]Canada Seed Imports'!DS$290 -> 7.001 | J61: ='[3]Canada Seed Imports'!EE$290 -> 15.029641 | K61: ='[3]Canada Seed Imports'!EQ$290 -> 17.336451 | L61: ='[3]Canada Seed Imports'!FC$290 -> 7.057833 | M61: ='[3]Canada Seed Imports'!FO$290 -> 4.380709 | N61: ='[3]Canada Seed Imports'!GA$290 -> 14.642597 | O61: ='[3]Canada Seed Imports'!GM$290 -> 16.838812 | P61: ='[3]Canada Seed Imports'!GY$290 -> 8.566742 | Q61: ='[3]Canada Seed Imports'!HK$290 -> 17.756165 | R61: ='[3]Canada Seed Imports'!HW$290 -> 10.611498 | S61: ='[3]Canada Seed Imports'!II$290 -> 11.216016 | T61: ='[3]Canada Seed Imports'!IU$290 -> 10.979864 | U61: ='[3]Canada Seed Imports'!JG$290 -> 11.607048 | V61: ='[3]Canada Seed Imports'!JS$290 -> 5.051393 | W61: ='[3]Canada Seed Imports'!KE$290 -> 10.833013 | X61: ='[3]Canada Seed Imports'!KQ$290 -> 8.310635 | Y61: ='[3]Canada Seed Imports'!LC$290 -> 9.29 | Z61: ='[3]Canada Seed Imports'!LO$290 -> 15.455 | AA61: ='[3]Canada Seed Imports'!MA$290 -> 13.164881 | AB61: ='[3]Canada Seed Imports'!MM$290 -> 11.47051 | AC61: ='[3]Canada Seed Imports'!MY$290 -> 9.365253 | AD61: ='[3]Canada Seed Imports'!NK$290 -> 3.746 | AE61: ='[3]Canada Seed Imports'!NW$290 -> 10.346 | AF61: ='[3]Canada Seed Imports'!OI$290 -> 11.126353 | AG61: =AG62-SUM(AG50:AG60) -> 10.020572 | AH61: =AH62-SUM(AH50:AH60) -> 8.5047909 | AI61: =AI62-SUM(AI50:AI60) -> 8.2878659 | AJ61: =AJ62-SUM(AJ50:AJ60) -> 7.8843312 | AK61: =AK62-SUM(AK50:AK60) -> 8.2540467 | AL61: =AL62-SUM(AL50:AL60) -> 7.845376 | AM61: =AM62-SUM(AM50:AM60) -> 8.5903213 | AN61: =AN62-SUM(AN50:AN60) -> 8.1552821 | ... BG61: =BG62-SUM(BG50:BG60) -> 8.1966975 | BP61: =Z2 -> 17/18 | BQ61: 487 | BR61: 69
A62: Total | B62: =SUM(B50:B61) -> 0 | C62: =SUM(C50:C61) -> 14.385 | D62: =SUM(D50:D61) -> 97.371 | E62: =SUM(E50:E61) -> 103.952 | F62: =SUM(F50:F61) -> 140.532 | G62: =SUM(G50:G61) -> 158.061 | H62: =SUM(H50:H61) -> 124.195 | I62: =SUM(I50:I61) -> 224.362 | ... AF62: =SUM(AF50:AF61) -> 276.13225 | AG62: =AG10 -> 150 | AH62: =AH10 -> 150 | AI62: =AI10 -> 150 | AJ62: =AJ10 -> 150 | AK62: =AK10 -> 150 | AL62: =AL10 -> 150 | AM62: =AM10 -> 150 | AN62: =AN10 -> 150 | ... BG62: =BG10 -> 150 | BP62: =AA2 -> 18/19 | BR62: 75
A64: CANOLA EXPORTS (1,000 Tonnes) | BO64: Monthly Export Data
B65: =B$2 -> 93/94 | C65: =C$2 -> 94/95 | D65: =D$2 -> 95/96 | E65: =E$2 -> 96/97 | F65: =F$2 -> 97/98 | G65: =G$2 -> 98/99 | H65: =H$2 -> 99/00 | I65: =I$2 -> 00/01 | ... BG65: =BG$2 -> 50/51 | BJ65: 5-Yr Avg.
A66: August | B66: ='[3]Canada Seed Exports'!AG$290 -> 113.5 | C66: ='[3]Canada Seed Exports'!AS$290 -> 113.1 | D66: ='[3]Canada Seed Exports'!BE$290 -> 143.3 | E66: ='[3]Canada Seed Exports'!BQ$290 -> 201.4 | F66: ='[3]Canada Seed Exports'!CC$290 -> 148.9 | G66: ='[3]Canada Seed Exports'!CO$290 -> 152.6 | H66: ='[3]Canada Seed Exports'!DA$290 -> 134.5 | I66: ='[3]Canada Seed Exports'!DM$290 -> 275.5 | J66: ='[3]Canada Seed Exports'!DY$290 -> 110.6 | K66: ='[3]Canada Seed Exports'!EK$290 -> 110.12775 | L66: ='[3]Canada Seed Exports'!EW$290 -> 211.52705 | M66: ='[3]Canada Seed Exports'!FI$290 -> 184.7735 | N66: ='[3]Canada Seed Exports'!FU$290 -> 312.17253 | O66: ='[3]Canada Seed Exports'!GG$290 -> 424.32592 | P66: ='[3]Canada Seed Exports'!GS$290 -> 454.13488 | Q66: ='[3]Canada Seed Exports'!HE$290 -> 470.34474 | R66: ='[3]Canada Seed Exports'!HQ$290 -> 442.48648 | S66: ='[3]Canada Seed Exports'!IC$290 -> 508.36305 | T66: ='[3]Canada Seed Exports'!IO$290 -> 349.61062 | U66: ='[3]Canada Seed Exports'!JA$290 -> 368.87648 | V66: ='[3]Canada Seed Exports'!JM$290 -> 264.63721 | W66: ='[3]Canada Seed Exports'!JY$290 -> 847.1724 | X66: ='[3]Canada Seed Exports'!KK$290 -> 650.23563 | Y66: ='[3]Canada Seed Exports'!KW$290 -> 642.68273 | Z66: ='[3]Canada Seed Exports'!LI$290 -> 688.96866 | AA66: ='[3]Canada Seed Exports'!LU$290 -> 584.04986 | AB66: ='[3]Canada Seed Exports'!MG$290 -> 686.23253 | AC66: ='[3]Canada Seed Exports'!MS$290 -> 835.45419 | AD66: ='[3]Canada Seed Exports'!NE$290 -> 244.36441 | AE66: ='[3]Canada Seed Exports'!NQ$290 -> 111.411 | AF66: ='[3]Canada Seed Exports'!OC$290 -> 415.76 | AG66: ='[3]Canada Seed Exports'!ON$290 -> 579.14895 | AH66: =(SUM(AB66:AF66)/SUM(AB$78:AF$78))*AH$78 -> 512.77667 | AI66: =(SUM(AC66:AG66)/SUM(AC$78:AG$78))*AI$78 -> 501.81272 | AJ66: =(SUM(AD66:AH66)/SUM(AD$78:AH$78))*AJ$78 -> 421.04175 | AK66: =(SUM(AE66:AI66)/SUM(AE$78:AI$78))*AK$78 -> 461.3586 | AL66: =(SUM(AF66:AJ66)/SUM(AF$78:AJ$78))*AL$78 -> 521.78367 | AM66: =(SUM(AG66:AK66)/SUM(AG$78:AK$78))*AM$78 -> 514.70299 | AN66: =(SUM(AH66:AL66)/SUM(AH$78:AL$78))*AN$78 -> 502.77874 | AO66: =(SUM(AI66:AM66)/SUM(AI$78:AM$78))*AO$78 -> 513.89156 | ... BG66: =(SUM(BA66:BE66)/SUM(BA$78:BE$78))*BG$78 -> 790.92131 | BJ66: =AVERAGE(AA66:AE66) -> 492.3024 | BK66: =AF66-BJ66 -> -76.542398
A67: September | B67: ='[3]Canada Seed Exports'!AH$290 -> 146.2 | C67: ='[3]Canada Seed Exports'!AT$290 -> 390.1 | D67: ='[3]Canada Seed Exports'!BF$290 -> 167.2 | E67: ='[3]Canada Seed Exports'!BR$290 -> 194 | F67: ='[3]Canada Seed Exports'!CD$290 -> 215.1 | G67: ='[3]Canada Seed Exports'!CP$290 -> 492.2 | H67: ='[3]Canada Seed Exports'!DB$290 -> 309.4 | I67: ='[3]Canada Seed Exports'!DN$290 -> 517.5 | J67: ='[3]Canada Seed Exports'!DZ$290 -> 246.5 | K67: ='[3]Canada Seed Exports'!EL$290 -> 76.544205 | L67: ='[3]Canada Seed Exports'!EX$290 -> 298.39021 | M67: ='[3]Canada Seed Exports'!FJ$290 -> 101.70974 | N67: ='[3]Canada Seed Exports'!FV$290 -> 242.81326 | O67: ='[3]Canada Seed Exports'!GH$290 -> 565.64646 | P67: ='[3]Canada Seed Exports'!GT$290 -> 501.44621 | Q67: ='[3]Canada Seed Exports'!HF$290 -> 593.40474 | R67: ='[3]Canada Seed Exports'!HR$290 -> 422.53751 | S67: ='[3]Canada Seed Exports'!ID$290 -> 499.58695 | T67: ='[3]Canada Seed Exports'!IP$290 -> 746.49911 | U67: ='[3]Canada Seed Exports'!JB$290 -> 712.64385 | V67: ='[3]Canada Seed Exports'!JN$290 -> 504.34247 | W67: ='[3]Canada Seed Exports'!JZ$290 -> 760.51889 | X67: ='[3]Canada Seed Exports'!KL$290 -> 889.59222 | Y67: ='[3]Canada Seed Exports'!KX$290 -> 761.35581 | Z67: ='[3]Canada Seed Exports'!LJ$290 -> 861.79113 | AA67: ='[3]Canada Seed Exports'!LV$290 -> 583.30362 | AB67: ='[3]Canada Seed Exports'!MH$290 -> 400.93475 | AC67: ='[3]Canada Seed Exports'!MT$290 -> 966.67965 | AD67: ='[3]Canada Seed Exports'!NF$290 -> 270.80864 | AE67: ='[3]Canada Seed Exports'!NR$290 -> 230.668 | AF67: ='[3]Canada Seed Exports'!OD$290 -> 255.5 | AG67: ='[3]Canada Seed Exports'!OO$290 -> 978.95121 | AH67: =(SUM(AB67:AF67)/SUM(AB$78:AF$78))*AH$78 -> 475.06986 | AI67: =(SUM(AC67:AG67)/SUM(AC$78:AG$78))*AI$78 -> 620.36453 | AJ67: =(SUM(AD67:AH67)/SUM(AD$78:AH$78))*AJ$78 -> 499.5663 | AK67: =(SUM(AE67:AI67)/SUM(AE$78:AI$78))*AK$78 -> 556.99384 | AL67: =(SUM(AF67:AJ67)/SUM(AF$78:AJ$78))*AL$78 -> 607.42129 | AM67: =(SUM(AG67:AK67)/SUM(AG$78:AK$78))*AM$78 -> 650.81456 | AN67: =(SUM(AH67:AL67)/SUM(AH$78:AL$78))*AN$78 -> 573.58644 | AO67: =(SUM(AI67:AM67)/SUM(AI$78:AM$78))*AO$78 -> 623.1067 | ... BG67: =(SUM(BA67:BE67)/SUM(BA$78:BE$78))*BG$78 -> 946.07642 | BJ67: =AVERAGE(AA67:AE67) -> 490.47893 | BK67: =AF67-BJ67 -> -234.97893
A68: October | B68: ='[3]Canada Seed Exports'!AI$290 -> 277.6 | C68: ='[3]Canada Seed Exports'!AU$290 -> 558.8 | D68: ='[3]Canada Seed Exports'!BG$290 -> 465.9 | E68: ='[3]Canada Seed Exports'!BS$290 -> 251.8 | F68: ='[3]Canada Seed Exports'!CE$290 -> 352.5 | G68: ='[3]Canada Seed Exports'!CQ$290 -> 646 | H68: ='[3]Canada Seed Exports'!DC$290 -> 564.6 | I68: ='[3]Canada Seed Exports'!DO$290 -> 498.1 | J68: ='[3]Canada Seed Exports'!EA$290 -> 261.9 | K68: ='[3]Canada Seed Exports'!EM$290 -> 302.92152 | L68: ='[3]Canada Seed Exports'!EY$290 -> 515.68977 | M68: ='[3]Canada Seed Exports'!FK$290 -> 595.66784 | N68: ='[3]Canada Seed Exports'!FW$290 -> 587.0306 | O68: ='[3]Canada Seed Exports'!GI$290 -> 534.33499 | P68: ='[3]Canada Seed Exports'!GU$290 -> 446.03441 | Q68: ='[3]Canada Seed Exports'!HG$290 -> 716.45006 | R68: ='[3]Canada Seed Exports'!HS$290 -> 813.72669 | S68: ='[3]Canada Seed Exports'!IE$290 -> 783.05396 | T68: ='[3]Canada Seed Exports'!IQ$290 -> 1024.7289 | U68: ='[3]Canada Seed Exports'!JC$290 -> 1014.1143 | V68: ='[3]Canada Seed Exports'!JO$290 -> 1090.7438 | W68: ='[3]Canada Seed Exports'!KA$290 -> 878.22725 | X68: ='[3]Canada Seed Exports'!KM$290 -> 903.07666 | Y68: ='[3]Canada Seed Exports'!KY$290 -> 765.5562 | Z68: ='[3]Canada Seed Exports'!LK$290 -> 1296.87 | AA68: ='[3]Canada Seed Exports'!LW$290 -> 1432.3402 | AB68: ='[3]Canada Seed Exports'!$MI$290 -> 685.32882 | AC68: ='[3]Canada Seed Exports'!MU$290 -> 1130.1651 | AD68: ='[3]Canada Seed Exports'!NG$290 -> 1022.4138 | AE68: ='[3]Canada Seed Exports'!NS$290 -> 1162.202 | AF68: ='[3]Canada Seed Exports'!OD$290 -> 255.5 | AG68: ='[3]Canada Seed Exports'!OP$290 -> 708.80727 | AH68: =(SUM(AB68:AF68)/SUM(AB$78:AF$78))*AH$78 -> 951.57699 | AI68: =(SUM(AC68:AG68)/SUM(AC$78:AG$78))*AI$78 -> 982.23458 | AJ68: =(SUM(AD68:AH68)/SUM(AD$78:AH$78))*AJ$78 -> 926.49199 | AK68: =(SUM(AE68:AI68)/SUM(AE$78:AI$78))*AK$78 -> 883.23622 | AL68: =(SUM(AF68:AJ68)/SUM(AF$78:AJ$78))*AL$78 -> 821.0601 | AM68: =(SUM(AG68:AK68)/SUM(AG$78:AK$78))*AM$78 -> 925.48787 | AN68: =(SUM(AH68:AL68)/SUM(AH$78:AL$78))*AN$78 -> 948.82132 | AO68: =(SUM(AI68:AM68)/SUM(AI$78:AM$78))*AO$78 -> 963.48273 | ... BG68: =(SUM(BA68:BE68)/SUM(BA$78:BE$78))*BG$78 -> 1449.4444 | BJ68: =AVERAGE(AA68:AE68) -> 1086.49 | BK68: =AF68-BJ68 -> -830.99
A69: November | B69: ='[3]Canada Seed Exports'!AJ$290 -> 382.4 | C69: ='[3]Canada Seed Exports'!AV$290 -> 523.5 | D69: ='[3]Canada Seed Exports'!BH$290 -> 329.4 | E69: ='[3]Canada Seed Exports'!BT$290 -> 345.3 | F69: ='[3]Canada Seed Exports'!CF$290 -> 266.7 | G69: ='[3]Canada Seed Exports'!CR$290 -> 542.1 | H69: ='[3]Canada Seed Exports'!DD$290 -> 625.6 | I69: ='[3]Canada Seed Exports'!DP$290 -> 527.3 | J69: ='[3]Canada Seed Exports'!EB$290 -> 382.40948 | K69: ='[3]Canada Seed Exports'!EN$290 -> 271.65261 | L69: ='[3]Canada Seed Exports'!EZ$290 -> 492.86451 | M69: ='[3]Canada Seed Exports'!FL$290 -> 460.28235 | N69: ='[3]Canada Seed Exports'!FX$290 -> 451.32728 | O69: ='[3]Canada Seed Exports'!GJ$290 -> 435.16912 | P69: ='[3]Canada Seed Exports'!GV$290 -> 413.33985 | Q69: ='[3]Canada Seed Exports'!HH$290 -> 722.77943 | R69: ='[3]Canada Seed Exports'!HT$290 -> 770.44772 | S69: ='[3]Canada Seed Exports'!IF$290 -> 787.26696 | T69: ='[3]Canada Seed Exports'!IR$290 -> 893.60286 | U69: ='[3]Canada Seed Exports'!JD$290 -> 646.13954 | V69: ='[3]Canada Seed Exports'!JP$290 -> 834.03897 | W69: ='[3]Canada Seed Exports'!KB$290 -> 804.54065 | X69: ='[3]Canada Seed Exports'!KN$290 -> 792.46041 | Y69: ='[3]Canada Seed Exports'!KZ$290 -> 1077.4741 | Z69: ='[3]Canada Seed Exports'!LL$290 -> 889.3311 | AA69: ='[3]Canada Seed Exports'!LX$290 -> 831.8798 | AB69: ='[3]Canada Seed Exports'!$MJ$290 -> 914.16964 | AC69: ='[3]Canada Seed Exports'!MV$290 -> 1251.1823 | AD69: ='[3]Canada Seed Exports'!NH$290 -> 811.804 | AE69: ='[3]Canada Seed Exports'!NT$290 -> 1133.974 | AF69: ='[3]Canada Seed Exports'!OE$290 -> 895.212 | AG69: ='[3]Canada Seed Exports'!OQ$290 -> 1194.5053 | AH69: =(SUM(AB69:AF69)/SUM(AB$78:AF$78))*AH$78 -> 1119.4447 | AI69: =(SUM(AC69:AG69)/SUM(AC$78:AG$78))*AI$78 -> 1213.5196 | AJ69: =(SUM(AD69:AH69)/SUM(AD$78:AH$78))*AJ$78 -> 1164.7386 | AK69: =(SUM(AE69:AI69)/SUM(AE$78:AI$78))*AK$78 -> 1208.7319 | AL69: =(SUM(AF69:AJ69)/SUM(AF$78:AJ$78))*AL$78 -> 1199.4966 | AM69: =(SUM(AG69:AK69)/SUM(AG$78:AK$78))*AM$78 -> 1226.5999 | AN69: =(SUM(AH69:AL69)/SUM(AH$78:AL$78))*AN$78 -> 1227.6374 | AO69: =(SUM(AI69:AM69)/SUM(AI$78:AM$78))*AO$78 -> 1276.5212 | ... BG69: =(SUM(BA69:BE69)/SUM(BA$78:BE$78))*BG$78 -> 1936.6105 | BJ69: =AVERAGE(AA69:AE69) -> 988.60194 | BK69: =AF69-BJ69 -> -93.389941 | BN69: D:\Sb\Quarterly Crushings.xls
A70: December | B70: ='[3]Canada Seed Exports'!AK$290 -> 413.5 | C70: ='[3]Canada Seed Exports'!AW$290 -> 655.4 | D70: ='[3]Canada Seed Exports'!BI$290 -> 222 | E70: ='[3]Canada Seed Exports'!BU$290 -> 173.1 | F70: ='[3]Canada Seed Exports'!CG$290 -> 251.6 | G70: ='[3]Canada Seed Exports'!CS$290 -> 465.9 | H70: ='[3]Canada Seed Exports'!DE$290 -> 574 | I70: ='[3]Canada Seed Exports'!DQ$290 -> 319 | J70: ='[3]Canada Seed Exports'!EC$290 -> 250.97954 | K70: ='[3]Canada Seed Exports'!EO$290 -> 250.42851 | L70: ='[3]Canada Seed Exports'!FA$290 -> 315.16768 | M70: ='[3]Canada Seed Exports'!FM$290 -> 316.03582 | N70: ='[3]Canada Seed Exports'!FY$290 -> 573.59171 | O70: ='[3]Canada Seed Exports'!GK$290 -> 348.65935 | P70: ='[3]Canada Seed Exports'!GW$290 -> 434.68042 | Q70: ='[3]Canada Seed Exports'!HI$290 -> 606.51217 | R70: ='[3]Canada Seed Exports'!HU$290 -> 441.51812 | S70: ='[3]Canada Seed Exports'!IG$290 -> 611.29526 | T70: ='[3]Canada Seed Exports'!IS$290 -> 857.23701 | U70: ='[3]Canada Seed Exports'!JE$290 -> 774.07771 | V70: ='[3]Canada Seed Exports'!JQ$290 -> 680.25344 | W70: ='[3]Canada Seed Exports'!KC$290 -> 679.82888 | X70: ='[3]Canada Seed Exports'!KO$290 -> 730.15056 | Y70: ='[3]Canada Seed Exports'!LA$290 -> 1047.5006 | Z70: ='[3]Canada Seed Exports'!LM$290 -> 1176.1005 | AA70: ='[3]Canada Seed Exports'!LY$290 -> 943.112 | AB70: ='[3]Canada Seed Exports'!$MK$290 -> 736.73064 | AC70: ='[3]Canada Seed Exports'!MW$290 -> 979.80351 | AD70: ='[3]Canada Seed Exports'!NI$290 -> 580.619 | AE70: ='[3]Canada Seed Exports'!NU$290 -> 710.691 | AF70: ='[3]Canada Seed Exports'!OF$290 -> 505.079 | AG70: ='[3]Canada Seed Exports'!OR$290 -> 866.52446 | AH70: =(SUM(AB70:AF70)/SUM(AB$78:AF$78))*AH$78 -> 785.50831 | AI70: =(SUM(AC70:AG70)/SUM(AC$78:AG$78))*AI$78 -> 836.16004 | AJ70: =(SUM(AD70:AH70)/SUM(AD$78:AH$78))*AJ$78 -> 779.15744 | AK70: =(SUM(AE70:AI70)/SUM(AE$78:AI$78))*AK$78 -> 805.71813 | AL70: =(SUM(AF70:AJ70)/SUM(AF$78:AJ$78))*AL$78 -> 809.85786 | AM70: =(SUM(AG70:AK70)/SUM(AG$78:AK$78))*AM$78 -> 846.64905 | AN70: =(SUM(AH70:AL70)/SUM(AH$78:AL$78))*AN$78 -> 834.87003 | AO70: =(SUM(AI70:AM70)/SUM(AI$78:AM$78))*AO$78 -> 865.62355 | ... BG70: =(SUM(BA70:BE70)/SUM(BA$78:BE$78))*BG$78 -> 1314.9465 | BJ70: =AVERAGE(AA70:AE70) -> 790.19123 | BK70: =AF70-BJ70 -> -285.11223
A71: January | B71: ='[3]Canada Seed Exports'!AL$290 -> 304.4 | C71: ='[3]Canada Seed Exports'!AX$290 -> 324.4 | D71: ='[3]Canada Seed Exports'!BJ$290 -> 214.7 | E71: ='[3]Canada Seed Exports'!BV$290 -> 181.8 | F71: ='[3]Canada Seed Exports'!CH$290 -> 252.3 | G71: ='[3]Canada Seed Exports'!CT$290 -> 291.3 | H71: ='[3]Canada Seed Exports'!DF$290 -> 331 | I71: ='[3]Canada Seed Exports'!DR$290 -> 364 | J71: ='[3]Canada Seed Exports'!ED$290 -> 146.1674 | K71: ='[3]Canada Seed Exports'!EP$290 -> 121.78703 | L71: ='[3]Canada Seed Exports'!FB$290 -> 237.93714 | M71: ='[3]Canada Seed Exports'!FN$290 -> 215.27502 | N71: ='[3]Canada Seed Exports'!FZ$290 -> 354.79596 | O71: ='[3]Canada Seed Exports'!GL$290 -> 528.27322 | P71: ='[3]Canada Seed Exports'!GX$290 -> 565.79447 | Q71: ='[3]Canada Seed Exports'!HJ$290 -> 505.08567 | R71: ='[3]Canada Seed Exports'!HV$290 -> 500.82864 | S71: ='[3]Canada Seed Exports'!IH$290 -> 611.35977 | T71: ='[3]Canada Seed Exports'!IT$290 -> 1038.2077 | U71: ='[3]Canada Seed Exports'!JF$290 -> 598.11028 | V71: ='[3]Canada Seed Exports'!JR$290 -> 651.87021 | W71: ='[3]Canada Seed Exports'!KD$290 -> 589.29074 | X71: ='[3]Canada Seed Exports'!KP$290 -> 790.90723 | Y71: ='[3]Canada Seed Exports'!LB$290 -> 1422.7935 | Z71: ='[3]Canada Seed Exports'!LN$290 -> 1141.3004 | AA71: ='[3]Canada Seed Exports'!LZ$290 -> 772.27522 | AB71: ='[3]Canada Seed Exports'!$ML$290 -> 837.69108 | AC71: ='[3]Canada Seed Exports'!MX$290 -> 984.55371 | AD71: ='[3]Canada Seed Exports'!NJ$290 -> 492.052 | AE71: ='[3]Canada Seed Exports'!NV$290 -> 752.894 | AF71: ='[3]Canada Seed Exports'!OG$290 -> 414.74933 | AG71: ='[3]Canada Seed Exports'!OS$290 -> 654.34072 | AH71: =(SUM(AB71:AF71)/SUM(AB$78:AF$78))*AH$78-100 -> 678.58034 | AI71: =(SUM(AC71:AG71)/SUM(AC$78:AG$78))*AI$78-100 -> 657.16806 | AJ71: =(SUM(AD71:AH71)/SUM(AD$78:AH$78))*AJ$78-100 -> 576.16999 | AK71: =(SUM(AE71:AI71)/SUM(AE$78:AI$78))*AK$78-100 -> 586.89736 | AL71: =(SUM(AF71:AJ71)/SUM(AF$78:AJ$78))*AL$78-100 -> 539.95716 | AM71: =(SUM(AG71:AK71)/SUM(AG$78:AK$78))*AM$78-100 -> 555.4314 | AN71: =(SUM(AH71:AL71)/SUM(AH$78:AL$78))*AN$78-100 -> 531.65504 | AO71: =(SUM(AI71:AM71)/SUM(AI$78:AM$78))*AO$78-100 -> 518.95928 | ... BG71: =(SUM(BA71:BE71)/SUM(BA$78:BE$78))*BG$78-100 -> 193.05427 | BJ71: =AVERAGE(AA71:AE71) -> 767.8932 | BK71: =AF71-BJ71 -> -353.14387
A72: February | B72: ='[3]Canada Seed Exports'!AM$290 -> 265.6 | C72: ='[3]Canada Seed Exports'!AY$290 -> 283.7 | D72: ='[3]Canada Seed Exports'!BK$290 -> 229 | E72: ='[3]Canada Seed Exports'!BW$290 -> 174.5 | F72: ='[3]Canada Seed Exports'!CI$290 -> 258.7 | G72: ='[3]Canada Seed Exports'!CU$290 -> 309.5 | H72: ='[3]Canada Seed Exports'!DG$290 -> 290.6 | I72: ='[3]Canada Seed Exports'!DS$290 -> 358.4 | J72: ='[3]Canada Seed Exports'!EE$290 -> 261.21521 | K72: ='[3]Canada Seed Exports'!EQ$290 -> 172.51758 | L72: ='[3]Canada Seed Exports'!FC$290 -> 244.57435 | M72: ='[3]Canada Seed Exports'!FO$290 -> 224.9632 | N72: ='[3]Canada Seed Exports'!GA$290 -> 441.02782 | O72: ='[3]Canada Seed Exports'!GM$290 -> 362.07871 | P72: ='[3]Canada Seed Exports'!GY$290 -> 582.54881 | Q72: ='[3]Canada Seed Exports'!HK$290 -> 628.34973 | R72: ='[3]Canada Seed Exports'!HW$290 -> 567.93546 | S72: ='[3]Canada Seed Exports'!II$290 -> 687.32504 | T72: ='[3]Canada Seed Exports'!IU$290 -> 800.53861 | U72: ='[3]Canada Seed Exports'!JG$290 -> 571.29492 | V72: ='[3]Canada Seed Exports'!JS$290 -> 564.09025 | W72: ='[3]Canada Seed Exports'!KE$290 -> 532.23337 | X72: ='[3]Canada Seed Exports'!KQ$290 -> 754.20333 | Y72: ='[3]Canada Seed Exports'!LC$290 -> 735.87581 | Z72: ='[3]Canada Seed Exports'!LO$290 -> 558.79304 | AA72: ='[3]Canada Seed Exports'!MA$290 -> 533.13559 | AB72: ='[3]Canada Seed Exports'!$MM$290 -> 783.96323 | AC72: ='[3]Canada Seed Exports'!MY$290 -> 850.32173 | AD72: ='[3]Canada Seed Exports'!NK$290 -> 299.356 | AE72: ='[3]Canada Seed Exports'!NW$290 -> 773.821 | AF72: ='[3]Canada Seed Exports'!OH$290 -> 496.85025 | AG72: =(SUM(AA72:AE72)/SUM(AA$78:AE$78))*AG$78 -> 677.82199 | AH72: =(SUM(AB72:AF72)/SUM(AB$78:AF$78))*AH$78 -> 716.50126 | AI72: =(SUM(AC72:AG72)/SUM(AC$78:AG$78))*AI$78 -> 711.16334 | AJ72: =(SUM(AD72:AH72)/SUM(AD$78:AH$78))*AJ$78 -> 669.78342 | AK72: =(SUM(AE72:AI72)/SUM(AE$78:AI$78))*AK$78 -> 734.41115 | AL72: =(SUM(AF72:AJ72)/SUM(AF$78:AJ$78))*AL$78 -> 702.45249 | AM72: =(SUM(AG72:AK72)/SUM(AG$78:AK$78))*AM$78 -> 729.54047 | AN72: =(SUM(AH72:AL72)/SUM(AH$78:AL$78))*AN$78 -> 734.66029 | ... BG72: =(SUM(BA72:BE72)/SUM(BA$78:BE$78))*BG$78 -> 1149.2239 | BJ72: =AVERAGE(AA72:AE72) -> 648.11951 | BK72: =AF72-BJ72 -> -151.26926
A73: March | B73: ='[3]Canada Seed Exports'!AN$290 -> 385.9 | C73: ='[3]Canada Seed Exports'!AZ$290 -> 250.1 | D73: ='[3]Canada Seed Exports'!BL$290 -> 238.8 | E73: ='[3]Canada Seed Exports'!BX$290 -> 173.8 | F73: ='[3]Canada Seed Exports'!CJ$290 -> 244.7 | G73: ='[3]Canada Seed Exports'!CV$290 -> 292.4 | H73: ='[3]Canada Seed Exports'!DH$290 -> 210.2 | I73: ='[3]Canada Seed Exports'!DT$290 -> 562.6 | J73: ='[3]Canada Seed Exports'!EF$290 -> 189.92206 | K73: ='[3]Canada Seed Exports'!ER$290 -> 246.01044 | L73: ='[3]Canada Seed Exports'!FD$290 -> 341.28031 | M73: ='[3]Canada Seed Exports'!FP$290 -> 313.01376 | N73: ='[3]Canada Seed Exports'!GB$290 -> 610.96395 | O73: ='[3]Canada Seed Exports'!GN$290 -> 498.14145 | P73: ='[3]Canada Seed Exports'!GZ$290 -> 657.93508 | Q73: ='[3]Canada Seed Exports'!HL$290 -> 682.41798 | R73: ='[3]Canada Seed Exports'!HX$290 -> 848.43517 | S73: ='[3]Canada Seed Exports'!IJ$290 -> 484.7452 | T73: ='[3]Canada Seed Exports'!IV$290 -> 777.24618 | U73: ='[3]Canada Seed Exports'!JH$290 -> 694.25127 | V73: ='[3]Canada Seed Exports'!JT$290 -> 925.14317 | W73: ='[3]Canada Seed Exports'!KF$290 -> 763.91535 | X73: ='[3]Canada Seed Exports'!KR$290 -> 1088.4044 | Y73: ='[3]Canada Seed Exports'!LD$290 -> 1066.3148 | Z73: ='[3]Canada Seed Exports'!LP$290 -> 842.73286 | AA73: ='[3]Canada Seed Exports'!MB$290 -> 705.49571 | AB73: ='[3]Canada Seed Exports'!$MN$290 -> 1210.3519 | AC73: ='[3]Canada Seed Exports'!MZ$290 -> 975.94002 | AD73: ='[3]Canada Seed Exports'!NL$290 -> 315.015 | AE73: ='[3]Canada Seed Exports'!NX$290 -> 928.41 | AF73: ='[3]Canada Seed Exports'!OI$290 -> 368.01751 | AG73: =(SUM(AA73:AE73)/SUM(AA$78:AE$78))*AG$78-100 -> 764.94481 | AH73: =(SUM(AB73:AF73)/SUM(AB$78:AF$78))*AH$78-100 -> 749.19362 | AI73: =(SUM(AC73:AG73)/SUM(AC$78:AG$78))*AI$78-100 -> 669.50314 | AJ73: =(SUM(AD73:AH73)/SUM(AD$78:AH$78))*AJ$78-100 -> 606.21281 | AK73: =(SUM(AE73:AI73)/SUM(AE$78:AI$78))*AK$78-100 -> 657.01482 | AL73: =(SUM(AF73:AJ73)/SUM(AF$78:AJ$78))*AL$78-100 -> 577.92587 | AM73: =(SUM(AG73:AK73)/SUM(AG$78:AK$78))*AM$78-100 -> 616.48405 | AN73: =(SUM(AH73:AL73)/SUM(AH$78:AL$78))*AN$78-100 -> 577.60933 | ... BG73: =(SUM(BA73:BE73)/SUM(BA$78:BE$78))*BG$78-100 -> 270.46768 | BJ73: =AVERAGE(AA73:AE73) -> 827.04252 | BK73: =AF73-BJ73 -> -459.02501
A74: April | B74: ='[3]Canada Seed Exports'!AO$290 -> 352.1 | C74: ='[3]Canada Seed Exports'!BA$290 -> 298.6 | D74: ='[3]Canada Seed Exports'!BM$290 -> 224.7 | E74: ='[3]Canada Seed Exports'!BY$290 -> 168.4 | F74: ='[3]Canada Seed Exports'!CK$290 -> 253.4 | G74: ='[3]Canada Seed Exports'!CW$290 -> 185.9 | H74: ='[3]Canada Seed Exports'!DI$290 -> 144.5 | I74: ='[3]Canada Seed Exports'!DU$290 -> 523.8 | J74: ='[3]Canada Seed Exports'!EG$290 -> 134.69122 | K74: ='[3]Canada Seed Exports'!ES$290 -> 178.53847 | L74: ='[3]Canada Seed Exports'!FE$290 -> 238.94812 | M74: ='[3]Canada Seed Exports'!FQ$290 -> 287.7748 | N74: ='[3]Canada Seed Exports'!GC$290 -> 453.89651 | O74: ='[3]Canada Seed Exports'!GO$290 -> 378.43671 | P74: ='[3]Canada Seed Exports'!HA$290 -> 461.69853 | Q74: ='[3]Canada Seed Exports'!HM$290 -> 886.92845 | R74: ='[3]Canada Seed Exports'!HY$290 -> 549.16587 | S74: ='[3]Canada Seed Exports'!IK$290 -> 496.22864 | T74: ='[3]Canada Seed Exports'!IW$290 -> 596.18283 | U74: ='[3]Canada Seed Exports'!JI$290 -> 526.69472 | V74: ='[3]Canada Seed Exports'!JU$290 -> 975.46955 | W74: ='[3]Canada Seed Exports'!KG$290 -> 913.0595 | X74: ='[3]Canada Seed Exports'!KS$290 -> 1071.6846 | Y74: ='[3]Canada Seed Exports'!LE$290 -> 972.56633 | Z74: ='[3]Canada Seed Exports'!LQ$290 -> 926.31479 | AA74: ='[3]Canada Seed Exports'!MC$290 -> 540.32137 | AB74: ='[3]Canada Seed Exports'!$MO$290 -> 1083.0137 | AC74: ='[3]Canada Seed Exports'!NA$290 -> 658.03165 | AD74: ='[3]Canada Seed Exports'!NM$290 -> 252.544 | AE74: ='[3]Canada Seed Exports'!NY$290 -> 681.076 | AF74: ='[3]Canada Seed Exports'!OJ$290 -> 616.06556 | AG74: =(SUM(AA74:AE74)/SUM(AA$78:AE$78))*AG$78-100 -> 572.46508 | AH74: =(SUM(AB74:AF74)/SUM(AB$78:AF$78))*AH$78-100 -> 635.82495 | AI74: =(SUM(AC74:AG74)/SUM(AC$78:AG$78))*AI$78-100 -> 538.17128 | AJ74: =(SUM(AD74:AH74)/SUM(AD$78:AH$78))*AJ$78-100 -> 523.15382 | AK74: =(SUM(AE74:AI74)/SUM(AE$78:AI$78))*AK$78-100 -> 562.0709 | AL74: =(SUM(AF74:AJ74)/SUM(AF$78:AJ$78))*AL$78-100 -> 519.49238 | AM74: =(SUM(AG74:AK74)/SUM(AG$78:AK$78))*AM$78-100 -> 488.60889 | AN74: =(SUM(AH74:AL74)/SUM(AH$78:AL$78))*AN$78-100 -> 477.59771 | ... BG74: =(SUM(BA74:BE74)/SUM(BA$78:BE$78))*BG$78-100 -> 114.24122 | BJ74: =AVERAGE(AA74:AE74) -> 642.99735 | BK74: =AF74-BJ74 -> -26.931785
A75: May | B75: ='[3]Canada Seed Exports'!AP$290 -> 288.4 | C75: ='[3]Canada Seed Exports'!BB$290 -> 186.1 | D75: ='[3]Canada Seed Exports'!BN$290 -> 165.5 | E75: ='[3]Canada Seed Exports'!BZ$290 -> 186 | F75: ='[3]Canada Seed Exports'!CL$290 -> 206.4 | G75: ='[3]Canada Seed Exports'!CX$290 -> 164.3 | H75: ='[3]Canada Seed Exports'!DJ$290 -> 252.3 | I75: ='[3]Canada Seed Exports'!DV$290 -> 305.6 | J75: ='[3]Canada Seed Exports'!EH$290 -> 196.44756 | K75: ='[3]Canada Seed Exports'!ET$290 -> 223.58157 | L75: ='[3]Canada Seed Exports'!FF$290 -> 279.38703 | M75: ='[3]Canada Seed Exports'!FR$290 -> 201.37344 | N75: ='[3]Canada Seed Exports'!GD$290 -> 552.74603 | O75: ='[3]Canada Seed Exports'!GP$290 -> 522.48607 | P75: ='[3]Canada Seed Exports'!HB$290 -> 452.53728 | Q75: ='[3]Canada Seed Exports'!HN$290 -> 667.51485 | R75: ='[3]Canada Seed Exports'!HZ$290 -> 639.69403 | S75: ='[3]Canada Seed Exports'!IL$290 -> 626.78989 | T75: ='[3]Canada Seed Exports'!IX$290 -> 668.66015 | U75: ='[3]Canada Seed Exports'!JJ$290 -> 590.04106 | V75: ='[3]Canada Seed Exports'!JV$290 -> 960.72473 | W75: ='[3]Canada Seed Exports'!KH$290 -> 848.6426 | X75: ='[3]Canada Seed Exports'!KT$290 -> 931.27615 | Y75: ='[3]Canada Seed Exports'!LF$290 -> 1026.203 | Z75: ='[3]Canada Seed Exports'!LR$290 -> 818.06338 | AA75: ='[3]Canada Seed Exports'!MD$290 -> 865.49735 | AB75: ='[3]Canada Seed Exports'!$MP$290 -> 889.78653 | AC75: ='[3]Canada Seed Exports'!NB$290 -> 724.5427 | AD75: ='[3]Canada Seed Exports'!NN$290 -> 350.018 | AE75: ='[3]Canada Seed Exports'!NZ$290 -> 560.849 | AF75: ='[3]Canada Seed Exports'!OK$290 -> 524.25961 | AG75: =(SUM(AA75:AE75)/SUM(AA$78:AE$78))*AG$78-100 -> 609.21694 | AH75: =(SUM(AB75:AF75)/SUM(AB$78:AF$78))*AH$78-100 -> 581.87455 | AI75: =(SUM(AC75:AG75)/SUM(AC$78:AG$78))*AI$78-100 -> 535.57835 | AJ75: =(SUM(AD75:AH75)/SUM(AD$78:AH$78))*AJ$78-100 -> 493.38373 | AK75: =(SUM(AE75:AI75)/SUM(AE$78:AI$78))*AK$78-100 -> 511.64245 | AL75: =(SUM(AF75:AJ75)/SUM(AF$78:AJ$78))*AL$78-100 -> 489.14388 | AM75: =(SUM(AG75:AK75)/SUM(AG$78:AK$78))*AM$78-100 -> 467.82445 | AN75: =(SUM(AH75:AL75)/SUM(AH$78:AL$78))*AN$78-100 -> 442.86545 | ... BG75: =(SUM(BA75:BE75)/SUM(BA$78:BE$78))*BG$78-100 -> 65.339195 | BJ75: =AVERAGE(AA75:AE75) -> 678.13872 | BK75: =AF75-BJ75 -> -153.87911
A76: June | B76: ='[3]Canada Seed Exports'!AQ$290 -> 163.2 | C76: ='[3]Canada Seed Exports'!BC$290 -> 134.5 | D76: ='[3]Canada Seed Exports'!BO$290 -> 175.9 | E76: ='[3]Canada Seed Exports'!CA$290 -> 163 | F76: ='[3]Canada Seed Exports'!CM$290 -> 192.3 | G76: ='[3]Canada Seed Exports'!CY$290 -> 191.1 | H76: ='[3]Canada Seed Exports'!DK$290 -> 210.1 | I76: ='[3]Canada Seed Exports'!DW$290 -> 286.8 | J76: ='[3]Canada Seed Exports'!EI$290 -> 184.31985 | K76: ='[3]Canada Seed Exports'!EU$290 -> 242.75333 | L76: ='[3]Canada Seed Exports'!FG$290 -> 295.36246 | M76: ='[3]Canada Seed Exports'!FS$290 -> 379.35928 | N76: ='[3]Canada Seed Exports'!GE$290 -> 306.76844 | O76: ='[3]Canada Seed Exports'!GQ$290 -> 394.49078 | P76: ='[3]Canada Seed Exports'!HC$290 -> 474.13354 | Q76: ='[3]Canada Seed Exports'!HO$290 -> 857.08852 | R76: ='[3]Canada Seed Exports'!IA$290 -> 586.52567 | S76: ='[3]Canada Seed Exports'!IM$290 -> 425.43799 | T76: ='[3]Canada Seed Exports'!IY$290 -> 495.46884 | U76: ='[3]Canada Seed Exports'!JK$290 -> 248.3444 | V76: ='[3]Canada Seed Exports'!JW$290 -> 1004.8821 | W76: ='[3]Canada Seed Exports'!KI$290 -> 710.13463 | X76: ='[3]Canada Seed Exports'!KU$290 -> 848.88883 | Y76: ='[3]Canada Seed Exports'!LG$290 -> 741.6 | Z76: ='[3]Canada Seed Exports'!LS$290 -> 1024.7182 | AA76: ='[3]Canada Seed Exports'!ME$290 -> 747.7938 | AB76: ='[3]Canada Seed Exports'!$MQ$290 -> 822.59683 | AC76: ='[3]Canada Seed Exports'!NC$290 -> 708.49554 | AD76: ='[3]Canada Seed Exports'!NO$290 -> 294.953 | AE76: ='[3]Canada Seed Exports'!OA$290 -> 295.481 | AF76: ='[3]Canada Seed Exports'!OL$290 -> 860.24036 | AG76: =(SUM(AA76:AE76)/SUM(AA$78:AE$78))*AG$78 -> 600.16348 | AH76: =(SUM(AB76:AF76)/SUM(AB$78:AF$78))*AH$78 -> 666.73891 | AI76: =(SUM(AC76:AG76)/SUM(AC$78:AG$78))*AI$78 -> 633.38556 | AJ76: =(SUM(AD76:AH76)/SUM(AD$78:AH$78))*AJ$78 -> 614.02586 | AK76: =(SUM(AE76:AI76)/SUM(AE$78:AI$78))*AK$78 -> 664.76966 | AL76: =(SUM(AF76:AJ76)/SUM(AF$78:AJ$78))*AL$78 -> 724.4428 | AM76: =(SUM(AG76:AK76)/SUM(AG$78:AK$78))*AM$78 -> 660.82072 | AN76: =(SUM(AH76:AL76)/SUM(AH$78:AL$78))*AN$78 -> 686.65406 | ... BG76: =(SUM(BA76:BE76)/SUM(BA$78:BE$78))*BG$78 -> 1077.6762 | BJ76: =AVERAGE(AA76:AE76) -> 573.86403 | BK76: =AF76-BJ76 -> 286.37632
A77: July | B77: ='[3]Canada Seed Exports'!AR$290 -> 137 | C77: ='[3]Canada Seed Exports'!BD$290 -> 166.8 | D77: ='[3]Canada Seed Exports'!BP$290 -> 185.3 | E77: ='[3]Canada Seed Exports'!CB$290 -> 145.9 | F77: ='[3]Canada Seed Exports'!CN$290 -> 161.5 | G77: ='[3]Canada Seed Exports'!CZ$290 -> 145 | H77: ='[3]Canada Seed Exports'!DL$290 -> 245.4 | I77: ='[3]Canada Seed Exports'!DX$290 -> 228.9 | J77: ='[3]Canada Seed Exports'!EJ$290 -> 152.87166 | K77: ='[3]Canada Seed Exports'!EV$290 -> 224.64112 | L77: ='[3]Canada Seed Exports'!FH$290 -> 291.41342 | M77: ='[3]Canada Seed Exports'!FT$290 -> 212.51668 | N77: ='[3]Canada Seed Exports'!GF$290 -> 523.47266 | O77: ='[3]Canada Seed Exports'!GR$290 -> 468.08644 | P77: ='[3]Canada Seed Exports'!HD$290 -> 363.88686 | Q77: ='[3]Canada Seed Exports'!HP$290 -> 561.02302 | R77: ='[3]Canada Seed Exports'!IB$290 -> 588.48916 | S77: ='[3]Canada Seed Exports'!IN$290 -> 685.07818 | T77: ='[3]Canada Seed Exports'!IZ$290 -> 447.19653 | U77: ='[3]Canada Seed Exports'!JL$290 -> 365.23398 | V77: ='[3]Canada Seed Exports'!JX$290 -> 718.34368 | W77: ='[3]Canada Seed Exports'!KJ$290 -> 888.12853 | X77: ='[3]Canada Seed Exports'!KV$290 -> 831.56544 | Y77: ='[3]Canada Seed Exports'!LH$290 -> 660.68519 | Z77: ='[3]Canada Seed Exports'!LT$290 -> 623.37625 | AA77: ='[3]Canada Seed Exports'!MF$290 -> 662.62237 | AB77: ='[3]Canada Seed Exports'!MR$290 -> 990.34303 | AC77: ='[3]Canada Seed Exports'!ND$290 -> 523.58434 | AD77: ='[3]Canada Seed Exports'!NP$290 -> 311.789 | AE77: ='[3]Canada Seed Exports'!OB$290 -> 609.141 | AF77: ='[3]Canada Seed Exports'!OM$290 -> 816.00372 | AG77: =AG78-SUM(AG66:AG76) -> 793.10984 | AH77: =AH78-SUM(AH66:AH76) -> 1126.9098 | AI77: =AI78-SUM(AI66:AI76) -> 1100.9388 | AJ77: =AJ78-SUM(AJ66:AJ76) -> 1226.2743 | AK77: =AK78-SUM(AK66:AK76) -> 1367.1549 | AL77: =AL78-SUM(AL66:AL76) -> 1486.9659 | AM77: =AM78-SUM(AM66:AM76) -> 1567.0357 | AN77: =AN78-SUM(AN66:AN76) -> 1711.2642 | ... BG77: =BG78-SUM(BG66:BG76) -> 5191.9983 | BJ77: =AVERAGE(AA77:AE77) -> 619.49595 | BK77: =AF77-BJ77 -> 196.50777
A78: Total | B78: =SUM(B66:B77) -> 3229.8 | C78: =SUM(C66:C77) -> 3885.1 | D78: =SUM(D66:D77) -> 2761.7 | E78: =SUM(E66:E77) -> 2359 | F78: =SUM(F66:F77) -> 2804.1 | G78: =SUM(G66:G77) -> 3878.3 | H78: =SUM(H66:H77) -> 3892.2 | I78: =SUM(I66:I77) -> 4767.5 | ... AF78: =SUM(AF66:AF77) -> 6423.2373 | AG78: =AG13 -> 9000 | AH78: =AH13 -> 9000 | AI78: =AI13 -> 9000 | AJ78: =AJ13 -> 8500 | AK78: =AK13 -> 9000 | AL78: =AL13 -> 9000 | AM78: =AM13 -> 9250 | AN78: =AN13 -> 9250 | ... BG78: =BG13 -> 14500
AE79: =AE78-AD78 -> 2704.8811 | AF79: =AF78-AE78 -> -1527.3807 | BO79: https://www150.statcan.gc.ca/t1/tbl1/en/tv.action?pid=3210035201&pickMembers%5B0%5D=3.6&cubeTimeFrame.startMonth=01&cubeTimeFrame.startYear=2016&cubeTimeFrame.endMonth=04&cubeTimeFrame.endYear=2025&referencePeriods=20160101%2C20250401 | BQ79: Daily Average
A80: CANOLA CRUSH (1,000 Tonnes) | Z80: =SUM(Z87:Z93,AA82:AA86) -> 9286.423 | AA80: =SUM(AA87:AA93,AB82:AB86) -> 9608.64 | AB80: =SUM(AB87:AB93,AC82:AC86) -> 10290.286 | AC80: =SUM(AC87:AC93,AD82:AD86) -> 9857.362 | AD80: =SUM(AD87:AD93,AE82:AE86) -> 8769.088 | AE80: =SUM(AE87:AE93,AF82:AF86) -> 10522.947 | AF80: =SUM(AF87:AF93,AG82:AG86) -> 11374.523 | AG80: =AF80/AVERAGE(AA80:AE80)-1 -> 0.15952211 | BO80: Monthly Crush Data | BQ80: Crushing Volume
B81: =B$2 -> 93/94 | C81: =C$2 -> 94/95 | D81: =D$2 -> 95/96 | E81: =E$2 -> 96/97 | F81: =F$2 -> 97/98 | G81: =G$2 -> 98/99 | H81: =H$2 -> 99/00 | I81: =I$2 -> 00/01 | ... BG81: =BG$2 -> 50/51 | BI81: 5-Yr Avg. | BJ81: 5-Yr Avg. | BK81: MoM | BL81: YoY | BM81: =W81 -> 14/15 | BN81: =X81 -> 15/16 | BO81: =Y81 -> 16/17 | BP81: =Z81 -> 17/18 | BQ81: =AA81 -> 18/19 | BR81: =AB81 -> 19/20 | BS81: =AC81 -> 20/21 | BT81: =AD81 -> 21/22 | BU81: =AE81 -> 22/23 | BV81: Yr-Yr Chg | BX81: 5-Yr Avg
A82: August | B82: 165.176 | C82: 139.335 | D82: 169.116 | E82: 242.443 | F82: 207.588 | G82: 223.067 | H82: 167.548 | I82: 237.985 | J82: 197.758 | K82: 190.994 | L82: 209.845 | M82: 259.121 | N82: 239.125 | O82: 297.919 | P82: 329.3 | Q82: 303.277 | R82: 332.606 | S82: 438.878 | T82: 445.297 | U82: 489.884 | V82: 357.507 | W82: 553.932 | X82: 589.387 | Y82: 665.347 | Z82: 628.918 | AA82: 742.988 | AB82: 829.778 | AC82: 830.335 | AD82: 661.968 | AE82: 632.962 | AF82: 829.49 | AG82: 850.529 | AH82: =(SUM(AB82:AF82)/SUM(AB$94:AF$94))*AH$94 -> 887.53011 | AI82: =(SUM(AC82:AG82)/SUM(AC$94:AG$94))*AI$94 -> 883.67548 | AJ82: =(SUM(AD82:AH82)/SUM(AD$94:AH$94))*AJ$94 -> 910.96797 | AK82: =(SUM(AE82:AI82)/SUM(AE$94:AI$94))*AK$94 -> 922.5624 | AL82: =(SUM(AF82:AJ82)/SUM(AF$94:AJ$94))*AL$94 -> 961.44038 | AM82: =(SUM(AG82:AK82)/SUM(AG$94:AK$94))*AM$94 -> 972.52489 | AN82: =(SUM(AH82:AL82)/SUM(AH$94:AL$94))*AN$94 -> 975.83607 | AO82: =(SUM(AI82:AM82)/SUM(AI$94:AM$94))*AO$94 -> 970.51996 | ... BG82: =(SUM(BA82:BE82)/SUM(BA$94:BE$94))*BG$94 -> 1467.5897 | BI82: =AVERAGE(AB82:AF82) -> 756.9066 | BJ82: =AVERAGE(AD82-AC93,AC82-AB93,AB82-AA93,AA82-Z93,Z82-Y93) -> -76.8926 | BK82: =AE82-AD93 -> -141.036 | BL82: =AE82-AD82 -> -29.006 | BM82: =W82/31 -> 17.868774 | BN82: =X82/31 -> 19.012484 | BO82: =Y82/31 -> 21.462806 | BP82: =Z82/31 -> 20.287677 | BQ82: =AA82/31 -> 23.967355 | BR82: =AB82/31 -> 26.767032 | BS82: =AC82/31 -> 26.785 | BT82: =AD82/31 -> 21.353806 | BU82: =AE82/31 -> 20.418129 | BV82: =BU82/BT82-1 -> -0.043817828 | BW82: Aug | BX82: =AVERAGE(BP82:BT82) -> 23.832174 | BY82: =BU82-BX82 -> -3.4140452
A83: September | B83: 175.264 | C83: 204.217 | D83: 222.281 | E83: 267.313 | F83: 305.311 | G83: 297.717 | H83: 284.507 | I83: 281.672 | J83: 220.964 | K83: 216.504 | L83: 298.462 | M83: 223.777 | N83: 261.091 | O83: 269.076 | P83: 325.278 | Q83: 361.669 | R83: 334.542 | S83: 505.009 | T83: 590.938 | U83: 631.585 | V83: 558.91 | W83: 627.855 | X83: 611.691 | Y83: 779.251 | Z83: 748.629 | AA83: 698.377 | AB83: 767.666 | AC83: 785.725 | AD83: 778.402 | AE83: 793.876 | AF83: 922.108 | AG83: 933.065 | AH83: =(SUM(AB83:AF83)/SUM(AB$94:AF$94))*AH$94 -> 949.2648 | AI83: =(SUM(AC83:AG83)/SUM(AC$94:AG$94))*AI$94 -> 978.39749 | AJ83: =(SUM(AD83:AH83)/SUM(AD$94:AH$94))*AJ$94 -> 1032.251 | AK83: =(SUM(AE83:AI83)/SUM(AE$94:AI$94))*AK$94 -> 1033.8171 | AL83: =(SUM(AF83:AJ83)/SUM(AF$94:AJ$94))*AL$94 -> 1061.2595 | AM83: =(SUM(AG83:AK83)/SUM(AG$94:AK$94))*AM$94 -> 1075.4537 | AN83: =(SUM(AH83:AL83)/SUM(AH$94:AL$94))*AN$94 -> 1080.3003 | AO83: =(SUM(AI83:AM83)/SUM(AI$94:AM$94))*AO$94 -> 1081.1121 | ... BG83: =(SUM(BA83:BE83)/SUM(BA$94:BE$94))*BG$94 -> 1629.8943 | BI83: =AVERAGE(AB83:AF83) -> 809.5554 | BJ83: =(SUM(Z83:AD83)-SUM(Z82:AD82))/5 -> 16.9624 | BK83: =AE83-AE82 -> 160.914 | BL83: =AE83-AD83 -> 15.474 | BM83: =W83/30 -> 20.9285 | BN83: =X83/30 -> 20.3897 | BO83: =Y83/30 -> 25.975033 | BP83: =Z83/30 -> 24.9543 | BQ83: =AA83/30 -> 23.279233 | BR83: =AB83/30 -> 25.588867 | BS83: =AC83/30 -> 26.190833 | BT83: =AD83/30 -> 25.946733 | BU83: =AE83/30 -> 26.462533 | BV83: =BU83/BT83-1 -> 0.019879188 | BW83: Sep | BX83: =AVERAGE(BP83:BT83) -> 25.191993 | BY83: =BU83-BX83 -> 1.27054
A84: October | B84: 187.543 | C84: 229.168 | D84: 220.536 | E84: 247.922 | F84: 260.7 | G84: 325.303 | H84: 266.903 | I84: 294.098 | J84: 213.77 | K84: 192.778 | L84: 279.079 | M84: 288.74 | N84: 299.356 | O84: 324.892 | P84: 350.661 | Q84: 396.201 | R84: 309.411 | S84: 551.318 | T84: 589.444 | U84: 664.261 | V84: 639.261 | W84: 616.037 | X84: 719.71 | Y84: 808.721 | Z84: 870.998 | AA84: 786.77 | AB84: 882.301 | AC84: 931.06 | AD84: 876.127 | AE84: 885.331 | AF84: 974.376 | AG84: 1101.402 | AH84: =(SUM(AB84:AF84)/SUM(AB$94:AF$94))*AH$94 -> 1066.8549 | AI84: =(SUM(AC84:AG84)/SUM(AC$94:AG$94))*AI$94 -> 1107.3093 | AJ84: =(SUM(AD84:AH84)/SUM(AD$94:AH$94))*AJ$94 -> 1156.6327 | AK84: =(SUM(AE84:AI84)/SUM(AE$94:AI$94))*AK$94 -> 1159.9886 | AL84: =(SUM(AF84:AJ84)/SUM(AF$94:AJ$94))*AL$94 -> 1191.6254 | AM84: =(SUM(AG84:AK84)/SUM(AG$94:AK$94))*AM$94 -> 1220.6999 | AN84: =(SUM(AH84:AL84)/SUM(AH$94:AL$94))*AN$94 -> 1214.3862 | AO84: =(SUM(AI84:AM84)/SUM(AI$94:AM$94))*AO$94 -> 1217.8014 | ... BG84: =(SUM(BA84:BE84)/SUM(BA$94:BE$94))*BG$94 -> 1835.8156 | BI84: =AVERAGE(AB84:AF84) -> 909.839 | BJ84: =(SUM(Z84:AD84)-SUM(Z83:AD83))/5 -> 113.6914 | BK84: =AE84-AE83 -> 91.455 | BL84: =AE84-AD84 -> 9.204 | BM84: =W84/31 -> 19.872161 | BN84: =X84/31 -> 23.216452 | BO84: =Y84/31 -> 26.087774 | BP84: =Z84/31 -> 28.09671 | BQ84: =AA84/31 -> 25.379677 | BR84: =AB84/31 -> 28.461323 | BS84: =AC84/31 -> 30.034194 | BT84: =AD84/31 -> 28.262161 | BU84: =AE84/31 -> 28.559065 | BV84: =BU84/BT84-1 -> 0.010505326 | BW84: Oct | BX84: =AVERAGE(BP84:BT84) -> 28.046813 | BY84: =BU84-BX84 -> 0.51225161
A85: November | B85: 185.802 | C85: 234.048 | D85: 228.044 | E85: 210.029 | F85: 248.24 | G85: 287.124 | H85: 245.626 | I85: 290.402 | J85: 235.814 | K85: 167.7 | L85: 283.484 | M85: 274.977 | N85: 296.053 | O85: 324.914 | P85: 363.313 | Q85: 367.089 | R85: 374.278 | S85: 551.947 | T85: 602.501 | U85: 588.045 | V85: 614.566 | W85: 539.705 | X85: 691.136 | Y85: 804.948 | Z85: 805.945 | AA85: 820.507 | AB85: 829.303 | AC85: 917.992 | AD85: 781.105 | AE85: 877.405 | AF85: 908.261 | AG85: 1019.337 | AH85: =(SUM(AB85:AF85)/SUM(AB$94:AF$94))*AH$94 -> 1011.7136 | AI85: =(SUM(AC85:AG85)/SUM(AC$94:AG$94))*AI$94 -> 1045.9568 | AJ85: =(SUM(AD85:AH85)/SUM(AD$94:AH$94))*AJ$94 -> 1084.3989 | AK85: =(SUM(AE85:AI85)/SUM(AE$94:AI$94))*AK$94 -> 1098.412 | AL85: =(SUM(AF85:AJ85)/SUM(AF$94:AJ$94))*AL$94 -> 1117.3699 | AM85: =(SUM(AG85:AK85)/SUM(AG$94:AK$94))*AM$94 -> 1148.1482 | AN85: =(SUM(AH85:AL85)/SUM(AH$94:AL$94))*AN$94 -> 1145.0247 | AO85: =(SUM(AI85:AM85)/SUM(AI$94:AM$94))*AO$94 -> 1146.4455 | ... BG85: =(SUM(BA85:BE85)/SUM(BA$94:BE$94))*BG$94 -> 1728.2305 | BI85: =AVERAGE(AB85:AF85) -> 862.8132 | BJ85: =(SUM(Z85:AD85)-SUM(Z84:AD84))/5 -> -38.4808 | BK85: =AE85-AE84 -> -7.926 | BL85: =AE85-AD85 -> 96.3 | BM85: =W85/30 -> 17.990167 | BN85: =X85/30 -> 23.037867 | BO85: =Y85/30 -> 26.8316 | BP85: =Z85/30 -> 26.864833 | BQ85: =AA85/30 -> 27.350233 | BR85: =AB85/30 -> 27.643433 | BS85: =AC85/30 -> 30.599733 | BT85: =AD85/30 -> 26.036833 | BU85: =AE85/30 -> 29.246833 | BV85: =BU85/BT85-1 -> 0.12328688 | BW85: Nov | BX85: =AVERAGE(BP85:BT85) -> 27.699013 | BY85: =BU85-BX85 -> 1.54782
A86: December | B86: 197.632 | C86: 237.236 | D86: 237.503 | E86: 208.208 | F86: 289.983 | G86: 320.525 | H86: 293.479 | I86: 280.515 | J86: 203.357 | K86: 144.84 | L86: 289.053 | M86: 283.584 | N86: 291.883 | O86: 332.352 | P86: 373.714 | Q86: 387.297 | R86: 353.993 | S86: 553.561 | T86: 673.07 | U86: 658.729 | V86: 642.785 | W86: 640.924 | X86: 744.196 | Y86: 831.59 | Z86: 823.434 | AA86: 846.481 | AB86: 899.331 | AC86: 904.577 | AD86: 704.696 | AE86: 826.445 | AF86: 943.302 | AG86: 1014.867 | AH86: =(SUM(AB86:AF86)/SUM(AB$94:AF$94))*AH$94 -> 1003.3379 | AI86: =(SUM(AC86:AG86)/SUM(AC$94:AG$94))*AI$94 -> 1020.3628 | AJ86: =(SUM(AD86:AH86)/SUM(AD$94:AH$94))*AJ$94 -> 1059.5936 | AK86: =(SUM(AE86:AI86)/SUM(AE$94:AI$94))*AK$94 -> 1086.1331 | AL86: =(SUM(AF86:AJ86)/SUM(AF$94:AJ$94))*AL$94 -> 1111.1537 | AM86: =(SUM(AG86:AK86)/SUM(AG$94:AK$94))*AM$94 -> 1131.6623 | AN86: =(SUM(AH86:AL86)/SUM(AH$94:AL$94))*AN$94 -> 1128.5113 | AO86: =(SUM(AI86:AM86)/SUM(AI$94:AM$94))*AO$94 -> 1128.6299 | ... BG86: =(SUM(BA86:BE86)/SUM(BA$94:BE$94))*BG$94 -> 1704.979 | BI86: =AVERAGE(AB86:AF86) -> 855.6702 | BJ86: =(SUM(Z86:AD86)-SUM(Z85:AD85))/5 -> 4.7334 | BK86: =AE86-AE85 -> -50.96 | BL86: =AE86-AD86 -> 121.749 | BM86: =W86/31 -> 20.674968 | BN86: =X86/31 -> 24.006323 | BO86: =Y86/31 -> 26.825484 | BP86: =Z86/31 -> 26.562387 | BQ86: =AA86/31 -> 27.305839 | BR86: =AB86/31 -> 29.010677 | BS86: =AC86/31 -> 29.179903 | BT86: =AD86/31 -> 22.732129 | BU86: =AE86/31 -> 26.659516 | BV86: =BU86/BT86-1 -> 0.17276812 | BW86: Dec | BX86: =AVERAGE(BP86:BT86) -> 26.958187 | BY86: =BU86-BX86 -> -0.29867097
A87: January | B87: 193.14 | C87: 244.889 | D87: 256.404 | E87: 192.181 | F87: 289.047 | G87: 284.215 | H87: 273.365 | I87: 290.238 | J87: 213.233 | K87: 145.732 | L87: 300.216 | M87: 246.56 | N87: 290.836 | O87: 303.37 | P87: 354.296 | Q87: 360.02 | R87: 407.37 | S87: 508.42 | T87: 636.669 | U87: 560.835 | V87: 597.11 | W87: 652.073 | X87: 683.823 | Y87: 798.373 | Z87: 760.229 | AA87: 829.64 | AB87: 854.686 | AC87: 915.553 | AD87: 651.282 | AE87: 875.315 | AF87: 936.593 | AG87: 1010.532 | AH87: =(SUM(AB87:AF87)/SUM(AB$94:AF$94))*AH$94 -> 992.803 | AI87: =(SUM(AC87:AG87)/SUM(AC$94:AG$94))*AI$94 -> 1019.2918 | AJ87: =(SUM(AD87:AH87)/SUM(AD$94:AH$94))*AJ$94 -> 1053.4325 | AK87: =(SUM(AE87:AI87)/SUM(AE$94:AI$94))*AK$94 -> 1092.0559 | AL87: =(SUM(AF87:AJ87)/SUM(AF$94:AJ$94))*AL$94 -> 1104.8037 | AM87: =(SUM(AG87:AK87)/SUM(AG$94:AK$94))*AM$94 -> 1128.1306 | AN87: =(SUM(AH87:AL87)/SUM(AH$94:AL$94))*AN$94 -> 1124.623 | AO87: =(SUM(AI87:AM87)/SUM(AI$94:AM$94))*AO$94 -> 1126.2947 | ... BG87: =(SUM(BA87:BE87)/SUM(BA$94:BE$94))*BG$94 -> 1700.5179 | BI87: =AVERAGE(AB87:AF87) -> 846.6858 | BJ87: =(SUM(Z87:AD87)-SUM(Z86:AD86))/5 -> -33.4258 | BK87: =AE87-AE86 -> 48.87 | BL87: =AE87-AD87 -> 224.033 | BM87: =W87/31 -> 21.034613 | BN87: =X87/31 -> 22.058806 | BO87: =Y87/31 -> 25.753968 | BP87: =Z87/31 -> 24.523516 | BQ87: =AA87/31 -> 26.762581 | BR87: =AB87/31 -> 27.570516 | BS87: =AC87/31 -> 29.533968 | BT87: =AD87/31 -> 21.009097 | BU87: =AE87/31 -> 28.235968 | BV87: =BU87/BT87-1 -> 0.3439877 | BW87: Jan | BX87: =AVERAGE(BP87:BT87) -> 25.879935 | BY87: =BU87-BX87 -> 2.3560323
A88: February | B88: 167.109 | C88: 220.421 | D88: 232.102 | E88: 208.141 | F88: 281.128 | G88: 238.513 | H88: 231.914 | I88: 244.686 | J88: 182.328 | K88: 185.914 | L88: 267.181 | M88: 247.343 | N88: 282.814 | O88: 257.997 | P88: 340.271 | Q88: 345.917 | R88: 387.555 | S88: 489.871 | T88: 591.728 | U88: 527.914 | V88: 537.724 | W88: 557.27 | X88: 710.27 | Y88: 752.205 | Z88: 675.944 | AA88: 635.526 | AB88: 812.633 | AC88: 797.438 | AD88: 629.153 | AE88: 812.001 | AF88: 897.79 | AG88: 882.61 | AH88: =(SUM(AB88:AF88)/SUM(AB$94:AF$94))*AH$94 -> 926.10362 | AI88: =(SUM(AC88:AG88)/SUM(AC$94:AG$94))*AI$94 -> 933.30345 | AJ88: =(SUM(AD88:AH88)/SUM(AD$94:AH$94))*AJ$94 -> 978.22749 | AK88: =(SUM(AE88:AI88)/SUM(AE$94:AI$94))*AK$94 -> 1005.6031 | AL88: =(SUM(AF88:AJ88)/SUM(AF$94:AJ$94))*AL$94 -> 1017.8287 | AM88: =(SUM(AG88:AK88)/SUM(AG$94:AK$94))*AM$94 -> 1031.5895 | AN88: =(SUM(AH88:AL88)/SUM(AH$94:AL$94))*AN$94 -> 1038.8569 | AO88: =(SUM(AI88:AM88)/SUM(AI$94:AM$94))*AO$94 -> 1036.3278 | ... BG88: =(SUM(BA88:BE88)/SUM(BA$94:BE$94))*BG$94 -> 1565.352 | BI88: =AVERAGE(AB88:AF88) -> 789.803 | BJ88: =(SUM(Z88:AD88)-SUM(Z87:AD87))/5 -> -92.1392 | BK88: =AE88-AE87 -> -63.314 | BL88: =AE88-AD88 -> 182.848 | BM88: =W88/28 -> 19.9025 | BN88: =X88/29 -> 24.492069 | BO88: =Y88/28 -> 26.864464 | BP88: =Z88/28 -> 24.140857 | BQ88: =AA88/28 -> 22.697357 | BR88: =AB88/29 -> 28.021828 | BS88: =AC88/28 -> 28.479929 | BT88: =AD88/28 -> 22.46975 | BU88: =AE88/28 -> 29.000036 | BV88: =BU88/BT88-1 -> 0.29062565 | BW88: Feb | BX88: =AVERAGE(BP88:BT88) -> 25.161944 | BY88: =BU88-BX88 -> 3.8380916
A89: March | B89: 189.976 | C89: 228.2 | D89: 244.715 | E89: 234.16 | F89: 299.175 | G89: 268.798 | H89: 301.705 | I89: 278.975 | J89: 184.346 | K89: 192.041 | L89: 325.247 | M89: 274.913 | N89: 298.908 | O89: 283.754 | P89: 374.283 | Q89: 386.368 | R89: 470.11 | S89: 581.086 | T89: 667.847 | U89: 593.001 | V89: 618.15 | W89: 669.593 | X89: 751.258 | Y89: 821.99 | Z89: 820.712 | AA89: 722.433 | AB89: 881.384 | AC89: 957.952 | AD89: 739.879 | AE89: 922.944 | AF89: 961.355 | AG89: 1024.532 | AH89: =(SUM(AB89:AF89)/SUM(AB$94:AF$94))*AH$94 -> 1046.7614 | AI89: =(SUM(AC89:AG89)/SUM(AC$94:AG$94))*AI$94 -> 1069.7741 | AJ89: =(SUM(AD89:AH89)/SUM(AD$94:AH$94))*AJ$94 -> 1107.4297 | AK89: =(SUM(AE89:AI89)/SUM(AE$94:AI$94))*AK$94 -> 1135.1622 | AL89: =(SUM(AF89:AJ89)/SUM(AF$94:AJ$94))*AL$94 -> 1148.2671 | AM89: =(SUM(AG89:AK89)/SUM(AG$94:AK$94))*AM$94 -> 1175.181 | AN89: =(SUM(AH89:AL89)/SUM(AH$94:AL$94))*AN$94 -> 1176.9835 | AO89: =(SUM(AI89:AM89)/SUM(AI$94:AM$94))*AO$94 -> 1175.977 | ... BG89: =(SUM(BA89:BE89)/SUM(BA$94:BE$94))*BG$94 -> 1774.3171 | BI89: =AVERAGE(AB89:AF89) -> 892.7028 | BJ89: =(SUM(Z89:AD89)-SUM(Z88:AD88))/5 -> 114.3332 | BK89: =AE89-AE88 -> 110.943 | BL89: =AE89-AD89 -> 183.065 | BM89: =W89/31 -> 21.599774 | BN89: =X89/31 -> 24.234129 | BO89: =Y89/31 -> 26.515806 | BP89: =Z89/31 -> 26.474581 | BQ89: =AA89/31 -> 23.30429 | BR89: =AB89/31 -> 28.431742 | BS89: =AC89/31 -> 30.901677 | BT89: =AD89/31 -> 23.867065 | BU89: =AE89/31 -> 29.772387 | BV89: =BU89/BT89-1 -> 0.24742559 | BW89: Mar | BX89: =AVERAGE(BP89:BT89) -> 26.595871 | BY89: =BU89-BX89 -> 3.1765161
A90: April | B90: 192.008 | C90: 215.378 | D90: 244.634 | E90: 203.297 | F90: 297.076 | G90: 216.027 | H90: 205.655 | I90: 221.861 | J90: 166.053 | K90: 188.322 | L90: 307.567 | M90: 249.97 | N90: 293.783 | O90: 294.021 | P90: 323.25 | Q90: 352.896 | R90: 437.302 | S90: 544.17 | T90: 614.015 | U90: 577.811 | V90: 580.606 | W90: 598.907 | X90: 613.249 | Y90: 747.528 | Z90: 788.612 | AA90: 808.945 | AB90: 845.459 | AC90: 901.911 | AD90: 706.762 | AE90: 886.489 | AF90: 957.639 | AG90: 919.345 | AH90: =(SUM(AB90:AF90)/SUM(AB$94:AF$94))*AH$94 -> 1008.0068 | AI90: =(SUM(AC90:AG90)/SUM(AC$94:AG$94))*AI$94 -> 1015.314 | AJ90: =(SUM(AD90:AH90)/SUM(AD$94:AH$94))*AJ$94 -> 1056.196 | AK90: =(SUM(AE90:AI90)/SUM(AE$94:AI$94))*AK$94 -> 1081.2719 | AL90: =(SUM(AF90:AJ90)/SUM(AF$94:AJ$94))*AL$94 -> 1092.4277 | AM90: =(SUM(AG90:AK90)/SUM(AG$94:AK$94))*AM$94 -> 1108.9254 | AN90: =(SUM(AH90:AL90)/SUM(AH$94:AL$94))*AN$94 -> 1122.6632 | AO90: =(SUM(AI90:AM90)/SUM(AI$94:AM$94))*AO$94 -> 1117.2014 | ... BG90: =(SUM(BA90:BE90)/SUM(BA$94:BE$94))*BG$94 -> 1686.1465 | BI90: =AVERAGE(AB90:AF90) -> 859.652 | BJ90: =(SUM(Z90:AD90)-SUM(Z89:AD89))/5 -> -14.1342 | BK90: =AE90-AE89 -> -36.455 | BL90: =AE90-AD90 -> 179.727 | BM90: =W90/30 -> 19.963567 | BN90: =X90/30 -> 20.441633 | BO90: =Y90/30 -> 24.9176 | BP90: =Z90/30 -> 26.287067 | BQ90: =AA90/30 -> 26.964833 | BR90: =AB90/30 -> 28.181967 | BS90: =AC90/30 -> 30.0637 | BT90: =AD90/30 -> 23.558733 | BU90: =AE90/30 -> 29.549633 | BV90: =BU90/BT90-1 -> 0.25429635 | BW90: Apr | BX90: =AVERAGE(BP90:BT90) -> 27.01126 | BY90: =BU90-BX90 -> 2.5383733
A91: May | B91: 185.895 | C91: 189.193 | D91: 204.683 | E91: 238.266 | F91: 254.984 | G91: 224.357 | H91: 265.54 | I91: 168.194 | J91: 161.213 | K91: 181.151 | L91: 288 | M91: 221.362 | N91: 252.294 | O91: 296.695 | P91: 334.422 | Q91: 320.201 | R91: 432.364 | S91: 505.238 | T91: 523.548 | U91: 445.063 | V91: 577.176 | W91: 571.466 | X91: 707.325 | Y91: 703.352 | Z91: 765.216 | AA91: 815.509 | AB91: 855.008 | AC91: 820.25 | AD91: 591.78 | AE91: 769.942 | AF91: 920.432 | AG91: =(SUM(AA91:AE91)/SUM(AA$94:AE$94))*AG$94 -> 931.93992 | AH91: =(SUM(AB91:AF91)/SUM(AB$94:AF$94))*AH$94 -> 928.07284 | AI91: =(SUM(AC91:AG91)/SUM(AC$94:AG$94))*AI$94 -> 936.86852 | AJ91: =(SUM(AD91:AH91)/SUM(AD$94:AH$94))*AJ$94 -> 976.93246 | AK91: =(SUM(AE91:AI91)/SUM(AE$94:AI$94))*AK$94 -> 1013.6102 | AL91: =(SUM(AF91:AJ91)/SUM(AF$94:AJ$94))*AL$94 -> 1034.6259 | AM91: =(SUM(AG91:AK91)/SUM(AG$94:AK$94))*AM$94 -> 1045.0308 | AN91: =(SUM(AH91:AL91)/SUM(AH$94:AL$94))*AN$94 -> 1045.0638 | ... BG91: =(SUM(BA91:BE91)/SUM(BA$94:BE$94))*BG$94 -> 1580.0254 | BI91: =AVERAGE(AB91:AF91) -> 791.4824 | BJ91: =(SUM(Z91:AD91)-SUM(Z90:AD90))/5 -> -40.7852 | BK91: =AE91-AE90 -> -116.547 | BL91: =AE91-AD91 -> 178.162 | BM91: =W91/31 -> 18.434387 | BN91: =X91/31 -> 22.816935 | BO91: =Y91/31 -> 22.688774 | BP91: =Z91/31 -> 24.684387 | BQ91: =AA91/31 -> 26.306742 | BR91: =AB91/31 -> 27.580903 | BS91: =AC91/31 -> 26.459677 | BT91: =AD91/31 -> 19.089677 | BU91: =AE91/31 -> 24.836839 | BV91: =BU91/BT91-1 -> 0.30106121 | BW91: May | BX91: =AVERAGE(BP91:BT91) -> 24.824277 | BY91: =BU91-BX91 -> 0.01256129
A92: June | B92: 178.79 | C92: 205.003 | D92: 227.839 | E92: 242.504 | F92: 256.882 | G92: 193.204 | H92: 242.234 | I92: 216.606 | J92: 163.251 | K92: 197.774 | L92: 234.607 | M92: 201.577 | N92: 300.701 | O92: 293.813 | P92: 337.149 | Q92: 329 | R92: 451.129 | S92: 529.268 | T92: 479.145 | U92: 478.213 | V92: 574.816 | W92: 633.874 | X92: 702.716 | Y92: 731.124 | Z92: 742.573 | AA92: 733.698 | AB92: 864.559 | AC92: 829.846 | AD92: 660.215 | AE92: 717.036 | AF92: 776.354 | AG92: =(SUM(AA92:AE92)/SUM(AA$94:AE$94))*AG$94 -> 920.53768 | AH92: =(SUM(AB92:AF92)/SUM(AB$94:AF$94))*AH$94 -> 902.41642 | AI92: =(SUM(AC92:AG92)/SUM(AC$94:AG$94))*AI$94 -> 906.597 | AJ92: =(SUM(AD92:AH92)/SUM(AD$94:AH$94))*AJ$94 -> 937.8738 | AK92: =(SUM(AE92:AI92)/SUM(AE$94:AI$94))*AK$94 -> 953.90517 | AL92: =(SUM(AF92:AJ92)/SUM(AF$94:AJ$94))*AL$94 -> 979.42226 | AM92: =(SUM(AG92:AK92)/SUM(AG$94:AK$94))*AM$94 -> 1008.7747 | AN92: =(SUM(AH92:AL92)/SUM(AH$94:AL$94))*AN$94 -> 1000.2072 | ... BG92: =(SUM(BA92:BE92)/SUM(BA$94:BE$94))*BG$94 -> 1509.6351 | BI92: =AVERAGE(AB92:AF92) -> 769.602 | BJ92: =(SUM(Z92:AD92)-SUM(Z91:AD91))/5 -> -3.3744 | BK92: =AE92-AE91 -> -52.906 | BL92: =AE92-AD92 -> 56.821 | BM92: =W92/30 -> 21.129133 | BN92: =X92/30 -> 23.423867 | BO92: =Y92/30 -> 24.3708 | BP92: =Z92/30 -> 24.752433 | BQ92: =AA92/30 -> 24.4566 | BR92: =AB92/30 -> 28.818633 | BS92: =AC92/30 -> 27.661533 | BT92: =AD92/30 -> 22.007167 | BU92: =AE92/30 -> 23.9012 | BV92: =BU92/BT92-1 -> 0.086064388 | BW92: Jun | BX92: =AVERAGE(BP92:BT92) -> 25.539273 | BY92: =BU92-BX92 -> -1.6380733
A93: July | B93: 177.238 | C93: 165.847 | D93: 264.56 | E93: 217.417 | F93: 248.703 | G93: 183.625 | H93: 204.905 | I93: 207.859 | J93: 151.075 | K93: 221.133 | L93: 306.664 | M93: 259.005 | N93: 315.776 | O93: 300.276 | P93: 338.459 | Q93: 369.518 | R93: 497.174 | S93: 551.637 | T93: 585.113 | U93: 501.467 | V93: 680.808 | W93: 695.552 | X93: 790.59 | Y93: 746.944 | Z93: 838.014 | AA93: 854.51 | AB93: 806.868 | AC93: 832.114 | AD93: 773.998 | AE93: 961.683 | AF93: 1005.16 | AG93: =AG94-SUM(AG82:AG92) -> 1091.3034 | AH93: =AH94-SUM(AH82:AH92) -> 1027.1346 | AI93: =AI94-SUM(AI82:AI92) -> 1083.1493 | AJ93: =AJ94-SUM(AJ82:AJ92) -> 1146.0638 | AK93: =AK94-SUM(AK82:AK92) -> 1167.4784 | AL93: =AL94-SUM(AL82:AL92) -> 1179.7757 | AM93: =AM94-SUM(AM82:AM92) -> 1203.8792 | AN93: =AN94-SUM(AN82:AN92) -> 1197.5439 | ... BG93: =BG94-SUM(BG82:BG92) -> 1817.4967 | BI93: =AVERAGE(AB93:AF93) -> 875.9646 | BJ93: =(SUM(Z93:AD93)-SUM(Z92:AD92))/5 -> 54.9226 | BK93: =AE93-AE92 -> 244.647 | BL93: =AE93-AD93 -> 187.685 | BM93: =W93/31 -> 22.437161 | BN93: =X93/31 -> 25.502903 | BO93: =Y93/31 -> 24.094968 | BP93: =Z93/31 -> 27.03271 | BQ93: =AA93/31 -> 27.564839 | BR93: =AB93/31 -> 26.028 | BS93: =AC93/31 -> 26.842387 | BT93: =AD93/31 -> 24.967677 | BU93: =AE93/31 -> 31.022032 | BV93: =BU93/BT93-1 -> 0.24248771 | BW93: Jul | BX93: =AVERAGE(BP93:BT93) -> 26.487123 | BY93: =BU93-BX93 -> 4.5349097
A94: Total | B94: =SUM(B82:B93) -> 2195.573 | C94: =SUM(C82:C93) -> 2512.935 | D94: =SUM(D82:D93) -> 2752.417 | E94: =SUM(E82:E93) -> 2711.881 | F94: =SUM(F82:F93) -> 3238.817 | G94: =SUM(G82:G93) -> 3062.475 | H94: =SUM(H82:H93) -> 2983.381 | I94: =SUM(I82:I93) -> 3013.091 | ... AF94: =SUM(AF82:AF93) -> 11032.86 | AG94: =AG12 -> 11700 | AH94: =AH12 -> 11750 | AI94: =AI12 -> 12000 | AJ94: =AJ12 -> 12500 | AK94: =AK12 -> 12750 | AL94: =AL12 -> 13000 | AM94: =AM12 -> 13250 | AN94: =AN12 -> 13250 | ... BG94: =BG12 -> 20000 | BL94: =AE94-AD94 -> 1406.062 | BM94: =W94/365 -> 20.156679 | BN94: =X94/366 -> 22.719538 | BO94: =Y94/365 -> 25.181844 | BP94: =Z94/365 -> 25.395134 | BQ94: =AA94/365 -> 25.466805 | BR94: =AB94/366 -> 27.674798 | BS94: =AC94/366 -> 28.482932 | BT94: =AD94/366 -> 23.37532 | BU94: =AE94/366 -> 27.217019
N95: 3422.6 | O95: 3578.6 | P95: 4144.4 | Q95: 4279.9 | R95: 4787.8 | S95: 6310.4 | T95: 6999.3 | U95: 6716.8 | V95: 6979.4 | W95: 7360.4 | X95: 8315.4 | Y95: 9191.4 | Z95: 9269.2 | AA95: 9295.4 | AB95: 10129 | AC95: =AC94-AB94 -> 295.777 | AD95: =AD94-AC94 -> -1869.386 | AE95: =AE94-AD94 -> 1406.062 | AF95: =(AF94/AE94)-1 -> 0.10755796 | AG95: =(AG94/AF94)-1 -> 0.060468455
A96: CANOLA MEAL PRODUCTION (1,000 Tonnes) | AF96: =AF94/0.453592 -> 24323.313
B97: =B$2 -> 93/94 | C97: =C$2 -> 94/95 | D97: =D$2 -> 95/96 | E97: =E$2 -> 96/97 | F97: =F$2 -> 97/98 | G97: =G$2 -> 98/99 | H97: =H$2 -> 99/00 | I97: =I$2 -> 00/01 | ... BG97: =BG$2 -> 50/51
A98: August | B98: 100.319 | C98: 84.332 | D98: 104.669 | E98: 150.896 | F98: 127.476 | G98: 137.383 | H98: 107.067 | I98: 148.126 | J98: 122.702 | K98: 118.336 | L98: 130.917 | M98: 161.786 | N98: 152.287 | O98: 173.406 | P98: 193.507 | Q98: 184.332 | R98: 190.964 | S98: 243.201 | T98: 253.597 | U98: 278.954 | V98: 211.305 | W98: 315.976 | X98: 334.244 | Y98: 382.539 | Z98: 351.38 | AA98: 410.764 | AB98: 465.424 | AC98: 465.059 | AD98: 382.007 | AE98: 383.164 | AF98: 491.813 | AG98: 494.028 | AH98: =AH$126*AH82 -> 498.99644 | AI98: =AI$126*AI82 -> 496.55395 | AJ98: =AJ$126*AJ82 -> 511.42615 | AK98: =AK$126*AK82 -> 518.83816 | AL98: =AL$126*AL82 -> 539.17392 | AM98: =AM$126*AM82 -> 546.33733 | AN98: =AN$126*AN82 -> 547.87311 | AO98: =AO$126*AO82 -> 544.82122 | ... BG98: =BG$126*BG82 -> 795.70885
A99: September | B99: 107.093 | C99: 126.382 | D99: 140.268 | E99: 166.929 | F99: 189.418 | G99: 186.52 | H99: 177.531 | I99: 173.64 | J99: 137.932 | K99: 136.46 | L99: 187.895 | M99: 135.644 | N99: 158.833 | O99: 160.238 | P99: 195.326 | Q99: 212.356 | R99: 191.987 | S99: 280.403 | T99: 333.775 | U99: 372.296 | V99: 319.46 | W99: 356.335 | X99: 346.284 | Y99: 434.52 | Z99: 419.978 | AA99: 395.255 | AB99: 433.659 | AC99: 449.729 | AD99: 458.105 | AE99: 470.097 | AF99: 540.166 | AG99: 544.428 | AH99: =AH$126*AH83 -> 533.70556 | AI99: =AI$126*AI83 -> 549.78004 | AJ99: =AJ$126*AJ83 -> 579.5156 | AK99: =AK$126*AK83 -> 581.40646 | AL99: =AL$126*AL83 -> 595.15231 | AM99: =AM$126*AM83 -> 604.15985 | AN99: =AN$126*AN83 -> 606.52344 | AO99: =AO$126*AO83 -> 606.90438 | ... BG99: =BG$126*BG83 -> 883.70838
A100: October | B100: 115.732 | C100: 142.361 | D100: 140.229 | E100: 150.398 | F100: 162.537 | G100: 206.025 | H100: 167.379 | I100: 183.017 | J100: 132.574 | K100: 120.908 | L100: 175.734 | M100: 177.081 | N100: 176.854 | O100: 190.736 | P100: 211.373 | Q100: 230.506 | R100: 174.435 | S100: 306.559 | T100: 333.151 | U100: 397.717 | V100: 361.686 | W100: 344.392 | X100: 408.647 | Y100: 454.926 | Z100: 479.834 | AA100: 439.018 | AB100: 492.117 | AC100: 531.444 | AD100: 523.066 | AE100: 525.999 | AF100: 566.098 | AG100: 648.271 | AH100: =AH$126*AH84 -> 599.81829 | AI100: =AI$126*AI84 -> 622.218 | AJ100: =AJ$126*AJ84 -> 649.34469 | AK100: =AK$126*AK84 -> 652.36385 | AL100: =AL$126*AL84 -> 668.26123 | AM100: =AM$126*AM84 -> 685.75513 | AN100: =AN$126*AN84 -> 681.80461 | AO100: =AO$126*AO84 -> 683.63772 | ... BG100: =BG$126*BG84 -> 995.35633
A101: November | B101: 113.243 | C101: 146.705 | D101: 144.989 | E101: 127.943 | F101: 152.884 | G101: 183.015 | H101: 154.663 | I101: 181.508 | J101: 144.705 | K101: 105 | L101: 176.581 | M101: 174.711 | N101: 175.45 | O101: 190.923 | P101: 218.735 | Q101: 213.058 | R101: 207.501 | S101: 312.662 | T101: 342.708 | U101: 353.811 | V101: 349.817 | W101: 304.502 | X101: 387.333 | Y101: 445.698 | Z101: 447.709 | AA101: 457.319 | AB101: 460.318 | AC101: 523.14 | AD101: 464.977 | AE101: 516.072 | AF101: 526.448 | AG101: 595.085 | AH101: =AH$126*AH85 -> 568.81617 | AI101: =AI$126*AI85 -> 587.7429 | AJ101: =AJ$126*AJ85 -> 608.79195 | AK101: =AK$126*AK85 -> 617.7339 | AL101: =AL$126*AL85 -> 626.61893 | AM101: =AM$126*AM85 -> 644.99758 | AN101: =AN$126*AN85 -> 642.8623 | AO101: =AO$126*AO85 -> 643.5806 | ... BG101: =BG$126*BG85 -> 937.02502
...

Sheet Canada Canola Oil CY
A1: CANADA CANOLA OIL SUPPLY AND DEMAND (000 tonnes)
B2: 2020 | C2: 2021 | D2: 2022 | E2: 2023 | F2: 2024 | G2: 2025 | H2: 2026 | I2: 2027 | J2: 2028 | K2: 2029 | L2: 2030 | M2: 2031 | N2: 2032 | O2: 2033 | P2: 2034 | Q2: 2035 | R2: 2036 | S2: 2037 | T2: 2038 | U2: 2039 | V2: 2040 | W2: 2041 | X2: 2042 | Y2: 2043 | Z2: 2044 | AA2: 2045 | AB2: 2046 | AC2: 2047 | AD2: 2048 | AE2: 2049 | AF2: 2050 | AG2: 2051
A3: Carryin (January 1) | B3: ='Canada Rapeseed'!AB421 -> 86.742308 | C3: =B14 -> 84.642308 | D3: =C14 -> 91.837692 | E3: =D14 -> 78.022462 | F3: =E14 -> 94.366154 | G3: =F14 -> 111.544 | H3: =G14 -> 118.84615 | I3: =H14 -> 126.92308 | J3: =I14 -> 131.92308 | ... AG3: =AF14 -> 186.92308
A4: Production | B4: =SUM('Canada Rapeseed'!AB214:AB220,'Canada Rapeseed'!AC209:AC213) -> 4495.495 | C4: =SUM('Canada Rapeseed'!AC214:AC220,'Canada Rapeseed'!AD209:AD213) -> 4218.11 | D4: =SUM('Canada Rapeseed'!AD214:AD220,'Canada Rapeseed'!AE209:AE213) -> 3651.955 | E4: =SUM('Canada Rapeseed'!AE214:AE220,'Canada Rapeseed'!AF209:AF213) -> 4422.368 | F4: =SUM('Canada Rapeseed'!AF214:AF220,'Canada Rapeseed'!AG209:AG213) -> 4838.324 | G4: =SUM('Canada Rapeseed'!AG214:AG220,'Canada Rapeseed'!AH209:AH213) -> 5117.1037 | H4: =SUM('Canada Rapeseed'!AH214:AH220,'Canada Rapeseed'!AI209:AI213) -> 5261.9146 | I4: =SUM('Canada Rapeseed'!AI214:AI220,'Canada Rapeseed'!AJ209:AJ213) -> 5414.0668 | ... AG4: =SUM('Canada Rapeseed'!BG214:BG220,'Canada Rapeseed'!BH209:BH213) -> 9269.2773
A5: Imports | B5: =SUM('Canada Rapeseed'!AB262:AB268,'Canada Rapeseed'!AC257:AC261) -> 19.943074 | C5: =SUM('Canada Rapeseed'!AC262:AC268,'Canada Rapeseed'!AD257:AD261) -> 19.710888 | D5: =SUM('Canada Rapeseed'!AD262:AD268,'Canada Rapeseed'!AE257:AE261) -> 21.262 | E5: =SUM('Canada Rapeseed'!AE262:AE268,'Canada Rapeseed'!AF257:AF261) -> 20.077583 | F5: =SUM('Canada Rapeseed'!AF262:AF268,'Canada Rapeseed'!AG257:AG261) -> 21.106584 | G5: =SUM('Canada Rapeseed'!AG262:AG268,'Canada Rapeseed'!AH257:AH261) -> 24.925614 | H5: =SUM('Canada Rapeseed'!AH262:AH268,'Canada Rapeseed'!AI257:AI261) -> 24.843128 | I5: =SUM('Canada Rapeseed'!AI262:AI268,'Canada Rapeseed'!AJ257:AJ261) -> 24.921742 | ... AG5: =SUM('Canada Rapeseed'!BG262:BG268,'Canada Rapeseed'!BH257:BH261) -> 20.62354
A6: Total Supply | B6: =SUM(B3:B5) -> 4602.1804 | C6: =SUM(C3:C5) -> 4322.4632 | D6: =SUM(D3:D5) -> 3765.0547 | E6: =SUM(E3:E5) -> 4520.468 | F6: =SUM(F3:F5) -> 4953.7967 | G6: =SUM(G3:G5) -> 5253.5733 | H6: =SUM(H3:H5) -> 5405.6038 | I6: =SUM(I3:I5) -> 5565.9116 | ... AG6: =SUM(AG3:AG5) -> 9476.8239
A7: Domestic Use | B7: =B13-B12 -> 1107.4953 | C7: =C13-C12 -> 1087.3017 | D7: =D13-D12 -> 1069.6812 | E7: =E13-E12 -> 1274.8149 | F7: =F13-F12 -> 1304.2951 | G7: =G13-G12 -> 1740.9249 | H7: =H13-H12 -> 2902.6027 | I7: =I13-I12 -> 4243.3295 | ... AG7: =AG13-AG12 -> 6551.4393
A8: Biomas-Based Diesel | B8: =B9+B10 -> 323.44935 | C8: =C9+C10 -> 331.57525 | D8: =D9+D10 -> 335.48768 | E8: =E9+E10 -> 396.93745 | F8: =F9+F10 -> 933.26455 | G8: =G9+G10 -> 882.61598 | H8: =H9+H10 -> 1830.1911 | I8: =I9+I10 -> 2561.3884 | ... AG8: =AG9+AG10 -> 2708.8138
A9: Biodiesel | B9: =SUM('Canada Rapeseed'!AB326:AB332,'Canada Rapeseed'!AC321:AC325) -> 323.44935 | C9: =SUM('Canada Rapeseed'!AC326:AC332,'Canada Rapeseed'!AD321:AD325) -> 331.57525 | D9: =SUM('Canada Rapeseed'!AD326:AD332,'Canada Rapeseed'!AE321:AE325) -> 335.48768 | E9: =SUM('Canada Rapeseed'!AE326:AE332,'Canada Rapeseed'!AF321:AF325) -> 396.93745 | F9: =SUM('Canada Rapeseed'!AF326:AF332,'Canada Rapeseed'!AG321:AG325) -> 933.26455 | G9: =SUM('Canada Rapeseed'!AG326:AG332,'Canada Rapeseed'!AH321:AH325) -> 882.61598 | H9: =SUM('Canada Rapeseed'!AH326:AH332,'Canada Rapeseed'!AI321:AI325) -> 1092.1321 | I9: =SUM('Canada Rapeseed'!AI326:AI332,'Canada Rapeseed'!AJ321:AJ325) -> 1429.0765 | ... AG9: =SUM('Canada Rapeseed'!BG326:BG332,'Canada Rapeseed'!BH321:BH325) -> 1186.9728
A10: Renewable Biodiesel | B10: =SUM('Canada Rapeseed'!AB342:AB348,'Canada Rapeseed'!AC337:AC341,'Canada Rapeseed'!AB358:AB364,'Canada Rapeseed'!AC353:AC357) -> 0 | C10: =SUM('Canada Rapeseed'!AC342:AC348,'Canada Rapeseed'!AD337:AD341) -> 0 | D10: =SUM('Canada Rapeseed'!AD342:AD348,'Canada Rapeseed'!AE337:AE341) -> 0 | E10: =SUM('Canada Rapeseed'!AE342:AE348,'Canada Rapeseed'!AF337:AF341) -> 0 | F10: =SUM('Canada Rapeseed'!AF342:AF348,'Canada Rapeseed'!AG337:AG341) -> 0 | G10: =SUM('Canada Rapeseed'!AG342:AG348,'Canada Rapeseed'!AH337:AH341) -> 0 | H10: =SUM('Canada Rapeseed'!AH342:AH348,'Canada Rapeseed'!AI337:AI341) -> 738.05902 | I10: =SUM('Canada Rapeseed'!AI342:AI348,'Canada Rapeseed'!AJ337:AJ341) -> 1132.3119 | J10: =SUM('Canada Rapeseed'!AJ342:AJ348,'Canada Rapeseed'!AK337:AK341) -> 1309.902 | ... AG10: =SUM('Canada Rapeseed'!BG342:BG348,'Canada Rapeseed'!BH337:BH341) -> 1521.841
A11: Non-Biodiesel | B11: =B7-B8 -> 784.04595 | C11: =C7-C8 -> 755.72644 | D11: =D7-D8 -> 734.19355 | E11: =E7-E8 -> 877.87744 | F11: =F7-F8 -> 371.03052 | G11: =G7-G8 -> 858.30889 | H11: =H7-H8 -> 1072.4116 | I11: =I7-I8 -> 1681.9411 | ... AG11: =AG7-AG8 -> 3842.6255
A12: Exports | B12: =SUM('Canada Rapeseed'!AB278:AB284,'Canada Rapeseed'!AC273:AC277) -> 3410.0428 | C12: =SUM('Canada Rapeseed'!AC278:AC284,'Canada Rapeseed'!AD273:AD277) -> 3143.3238 | D12: =SUM('Canada Rapeseed'!AD278:AD284,'Canada Rapeseed'!AE273:AE277) -> 2617.351 | E12: =SUM('Canada Rapeseed'!AE278:AE284,'Canada Rapeseed'!AF273:AF277) -> 3151.287 | F12: =SUM('Canada Rapeseed'!AF278:AF284,'Canada Rapeseed'!AG273:AG277) -> 3537.9577 | G12: =SUM('Canada Rapeseed'!AG278:AG284,'Canada Rapeseed'!AH273:AH277) -> 3393.8022 | H12: =SUM('Canada Rapeseed'!AH278:AH284,'Canada Rapeseed'!AI273:AI277) -> 2376.0781 | I12: =SUM('Canada Rapeseed'!AI278:AI284,'Canada Rapeseed'!AJ273:AJ277) -> 1190.6591 | ... AG12: =SUM('Canada Rapeseed'!BG278:BG284,'Canada Rapeseed'!BH273:BH277) -> 2750
A13: Total Use | B13: =B6-B14 -> 4517.5381 | C13: =C6-C14 -> 4230.6255 | D13: =D6-D14 -> 3687.0322 | E13: =E6-E14 -> 4426.1019 | F13: =F6-F14 -> 4842.2527 | G13: =G6-G14 -> 5134.7271 | H13: =H6-H14 -> 5278.6808 | I13: =I6-I14 -> 5433.9885 | ... AG13: =AG6-AG14 -> 9301.4393
A14: Carryout (December 31) | B14: ='Canada Rapeseed'!AC421 -> 84.642308 | C14: ='Canada Rapeseed'!AD421 -> 91.837692 | D14: ='Canada Rapeseed'!AE421 -> 78.022462 | E14: ='Canada Rapeseed'!AF421 -> 94.366154 | F14: ='Canada Rapeseed'!AG421 -> 111.544 | G14: ='Canada Rapeseed'!AH421 -> 118.84615 | H14: ='Canada Rapeseed'!AI421 -> 126.92308 | I14: ='Canada Rapeseed'!AJ421 -> 131.92308 | ... AG14: ='Canada Rapeseed'!BH421 -> 175.38462

Sheet Australia Rapeseed
A1: AUSTRALIA RAPESEED COMPLEX SUPPLY AND DEMAND
B2: 93/94 | C2: 94/95 | D2: 95/96 | E2: 96/97 | F2: 97/98 | G2: 98/99 | H2: 99/00 | I2: 00/01 | J2: 01/02 | K2: 02/03 | L2: 03/04 | M2: 04/05 | N2: 05/06 | O2: 06/07 | P2: 07/08 | Q2: 08/09 | R2: 09/10 | S2: 10/11 | T2: 11/12 | U2: 12/13 | V2: 13/14 | W2: 14/15 | X2: 15/16 | Y2: 16/17 | Z2: 17/18 | AA2: 18/19 | AB2: 19/20 | AC2: 20/21 | AD2: 21/22 | AE2: 22/23 | AF2: 23/24 | AG2: 24/25 | AH2: 25/26
A3: AUSTRALIA RAPESEED SUPPLY AND DEMAND (1,000 Hectares/1,000 Tonnes)
A4: Planted Area | B4: =B5/0.985 -> 179.2203 | C4: =C5/0.985 -> 361.65888 | D4: =D5/0.985 -> 382.29239 | E4: =E5/0.985 -> 413.66091 | F4: =F5/0.985 -> 708.11269 | G4: =G5/0.985 -> 1266.201 | H4: =H5/0.985 -> 1938.6223 | I4: =I5/0.985 -> 1480.8254 | ... AH4: =AH5/0.985 -> 2394.8853 | AI4: =MROUND(FORECAST(AI42,H4:AH4,H42:AH42),50) -> 2850
A5: Harvested Area | B5: =B335 -> 176.532 | C5: =C335 -> 356.234 | D5: =D335 -> 376.558 | E5: =E335 -> 407.456 | F5: =F335 -> 697.491 | G5: =G335 -> 1247.208 | H5: =H335 -> 1909.543 | I5: =I335 -> 1458.613 | ... AH5: =AH335 -> 2358.962
A6: Harvested Percent | B6: =B5/B4 -> 0.985 | C6: =C5/C4 -> 0.985 | D6: =D5/D4 -> 0.985 | E6: =E5/E4 -> 0.985 | F6: =F5/F4 -> 0.985 | G6: =G5/G4 -> 0.985 | H6: =H5/H4 -> 0.985 | I6: =I5/I4 -> 0.985 | ... AH6: =AH5/AH4 -> 0.985
A7: Yield (Tonnes per Hectare) | B7: =B9/B4 -> 1.7019277 | C7: =C9/C4 -> 0.729671 | D7: =D9/D4 -> 1.4571412 | E7: =E9/E4 -> 1.5066422 | F7: =F9/F4 -> 1.2079433 | G7: =G9/G4 -> 1.3350629 | H7: =H9/H4 -> 1.2682584 | I7: =I9/I4 -> 1.1980609 | ... AC7: =AC9/AC4 -> 1.6782494 | AD7: =FORECAST(AD42,E7:AC7,E42:AC42) -> 1.3010319 | AE7: =FORECAST(AE42,F7:AD7,F42:AD42) -> 1.3394629 | AF7: =FORECAST(AF42,G7:AE7,G42:AE42) -> 1.359216 | AG7: =FORECAST(AG42,H7:AF7,H42:AF42) -> 1.3922552 | AH7: =FORECAST(AH42,I7:AG7,I42:AG42) -> 1.4243267
A8: Carryin (November 1) | B8: 0 | C8: =B17 -> 0 | D8: =C17 -> 0 | E8: =D17 -> 0 | F8: =E17 -> 0 | G8: =F17 -> 0 | H8: =G17 -> 0 | I8: =H17 -> 112 | J8: =I17 -> 83 | ... AH8: =AG17 -> 2050
A9: Production | B9: =B337 -> 305.02 | C9: =C337 -> 263.892 | D9: =D337 -> 557.054 | E9: =E337 -> 623.239 | F9: =F337 -> 855.36 | G9: =G337 -> 1690.458 | H9: =H337 -> 2458.674 | I9: =I337 -> 1774.119 | ... AC9: =AC337 -> 4050.8 | AD9: =AD5*AD7 -> 3523.2855 | AE9: =AE5*AE7 -> 3380.1467 | AF9: =AF5*AF7 -> 3288.6299 | AG9: =AG5*AG7 -> 3309.7748 | AH9: =AH5*AH7 -> 3359.9325
A10: Imports | B10: =B57 -> 0 | C10: =C57 -> 0.252 | D10: =D57 -> 0.141 | E10: =E57 -> 0.166 | F10: =F57 -> 0.173 | G10: =G57 -> 0.109 | H10: =H57 -> 0.098 | I10: =I57 -> 0.101 | ... AB10: =AB57 -> 1.375 | AC10: 1.6 | AD10: 1.5 | AE10: 1.5 | AF10: 1.5 | AG10: 1.5 | AH10: 1.5
A11: Total Supply | B11: =SUM(B8:B10) -> 305.02 | C11: =SUM(C8:C10) -> 264.144 | D11: =SUM(D8:D10) -> 557.195 | E11: =SUM(E8:E10) -> 623.405 | F11: =SUM(F8:F10) -> 855.533 | G11: =SUM(G8:G10) -> 1690.567 | H11: =SUM(H8:H10) -> 2458.772 | I11: =SUM(I8:I10) -> 1886.22 | ... AH11: =SUM(AH8:AH10) -> 5411.4325
A12: Crush | B12: =B89 -> 200 | C12: =C89 -> 209 | D12: =D89 -> 171 | E12: =E89 -> 243 | F12: =F89 -> 301 | G12: =G89 -> 153 | H12: =H89 -> 496 | I12: =I89 -> 365 | ... AB12: =AB89 -> 850 | AC12: =AC340 -> 1025 | AD12: =AD340 -> 950 | AE12: =AE340 -> 850 | AF12: =AF340 -> 800 | AG12: =AG340 -> 750 | AH12: =AH340 -> 775
A13: Exports | B13: =B73 -> 0 | C13: =C73 -> 83.964742 | D13: =D73 -> 384.43144 | E13: =E73 -> 329.56797 | F13: =F73 -> 553.94254 | G13: =G73 -> 1354.6435 | H13: =H73 -> 2033.9005 | I13: =I73 -> 1392.1321 | ... AB13: =AB73 -> 1523.8319 | AC13: =AC342-200 -> 2700 | AD13: =AD342 -> 2750 | AE13: =AE342 -> 2188.861 | AF13: =AF342 -> 2017.551 | AG13: =AG342 -> 1980.056 | AH13: =AH342 -> 1962.539
A14: Seed and Other | B14: =B339 -> 1.4 | C14: =C339 -> 1.5 | D14: =D339 -> 1.6 | E14: =E339 -> 2.8 | F14: =F339 -> 5 | G14: =G339 -> 10 | H14: =H339 -> 7 | I14: =I339 -> 7 | ... AH14: =AH339 -> 13.2
A15: Residual | B15: =B16-SUM(B12:B14) -> 103.62 | C15: =C16-SUM(C12:C14) -> -30.320742 | D15: =D16-SUM(D12:D14) -> 0.163562 | E15: =E16-SUM(E12:E14) -> 48.037032 | F15: =F16-SUM(F12:F14) -> -4.409541 | G15: =G16-SUM(G12:G14) -> 172.92351 | H15: =H16-SUM(H12:H14) -> -190.12846 | I15: =I16-SUM(I12:I14) -> 39.08786 | ... AH15: =AH16-SUM(AH12:AH14) -> 60.69352
A16: Total Use | B16: =B11-B17 -> 305.02 | C16: =C11-C17 -> 264.144 | D16: =D11-D17 -> 557.195 | E16: =E11-E17 -> 623.405 | F16: =F11-F17 -> 855.533 | G16: =G11-G17 -> 1690.567 | H16: =H11-H17 -> 2346.772 | I16: =I11-I17 -> 1803.22 | ... AH16: =AH11-AH17 -> 2811.4325
A17: Carryout (October 31) | B17: 0 | C17: 0 | D17: 0 | E17: 0 | F17: 0 | G17: 0 | H17: 112 | I17: 83 | J17: 80 | K17: 45 | L17: 83 | M17: 244 | N17: 334 | O17: 259 | P17: 366 | Q17: 451 | R17: 415 | S17: 430 | T17: 572 | U17: 244 | V17: 510 | W17: 413 | X17: 353 | Y17: 646 | Z17: 1167 | AA17: 1034 | AB17: 752 | AC17: 1035 | AD17: 1025 | AE17: 1250 | AF17: 1600 | AG17: 2050 | AH17: 2600
A18: Stocks-to-Usage
A19: Average Price (Dollars per Ton)
A20: AUSTRALIA RAPESEED MEAL SUPPLY AND DEMAND (1,000 Tonnes)
A21: Crush (October - September) | B21: =SUM(B77:B87)+17 -> 198.57051 | C21: =SUM(B88,C77:C87) -> 208.23972 | D21: =SUM(C88,D77:D87) -> 179.32493 | E21: =SUM(D88,E77:E87) -> 231.4241 | F21: =SUM(E88,F77:F87) -> 296.76985 | G21: =SUM(F88,G77:G87) -> 180.53222 | H21: =SUM(G88,H77:H87) -> 451.54019 | I21: =SUM(H88,I77:I87) -> 381.23871 | J21: =SUM(I88,J77:J87) -> 387.88352 | ... AH21: =SUM(AG88,AH77:AH87) -> 773.08559
A22: Carryin (November 1) | B22: 0 | C22: =B29 -> 0 | D22: =C29 -> 0 | E22: =D29 -> 0 | F22: =E29 -> 0 | G22: =F29 -> 0 | H22: =G29 -> 0 | I22: =H29 -> 0 | J22: =I29 -> 0 | ... AH22: =AG29 -> 15
A23: Production | B23: 113 | C23: 118 | D23: 99 | E23: 140 | F23: 172 | G23: 88 | H23: 285 | I23: 210 | J23: 225 | K23: 230 | L23: 250 | M23: 264 | N23: 280 | O23: 265 | P23: 351 | Q23: 369 | R23: 403 | S23: 403 | T23: 403 | U23: 403 | V23: 432 | W23: 430 | X23: 442 | Y23: 460 | Z23: 460 | AA23: 460 | AB23: 490 | AC23: 490 | AD23: =AD105 -> 546.74685 | AE23: =AE105 -> 489.30956 | AF23: =AF105 -> 460.31846 | AG23: =AG105 -> 431.54253 | AH23: =AH105 -> 445.87872
A24: Imports | B24: =B137 -> 0 | C24: =C137 -> 0 | D24: =D137 -> 0 | E24: =E137 -> 0 | F24: =F137 -> 0 | G24: =G137 -> 0 | H24: =H137 -> 0 | I24: =I137 -> 0 | ... AB24: =AB137 -> 0 | AC24: 0 | AD24: 0 | AE24: 0 | AF24: 0 | AG24: 0 | AH24: 0
A25: Total Supply | B25: =SUM(B22:B24) -> 113 | C25: =SUM(C22:C24) -> 118 | D25: =SUM(D22:D24) -> 99 | E25: =SUM(E22:E24) -> 140 | F25: =SUM(F22:F24) -> 172 | G25: =SUM(G22:G24) -> 88 | H25: =SUM(H22:H24) -> 285 | I25: =SUM(I22:I24) -> 210 | ... AH25: =SUM(AH22:AH24) -> 460.87872
A26: Domestic Usage | B26: =B28-B27 -> 113 | C26: =C28-C27 -> 118 | D26: =D28-D27 -> 99 | E26: =E28-E27 -> 140 | F26: =F28-F27 -> 172 | G26: =G28-G27 -> 87.820166 | H26: =H28-H27 -> 282.732 | I26: =I28-I27 -> 210 | ... AH26: =AH28-AH27 -> 445.87872
A27: Exports | B27: =B153 -> 0 | C27: =C153 -> 0 | D27: =D153 -> 0 | E27: =E153 -> 0 | F27: =F153 -> 0 | G27: =G153 -> 0.179834 | H27: =H153 -> 2.268 | I27: =I153 -> 0 | ... AB27: =AB153 -> 0.201 | AC27: 0.5 | AD27: 0 | AE27: 0 | AF27: 0 | AG27: 0 | AH27: 0
A28: Total Use | B28: =B25-B29 -> 113 | C28: =C25-C29 -> 118 | D28: =D25-D29 -> 99 | E28: =E25-E29 -> 140 | F28: =F25-F29 -> 172 | G28: =G25-G29 -> 88 | H28: =H25-H29 -> 285 | I28: =I25-I29 -> 210 | ... AH28: =AH25-AH29 -> 445.87872
A29: Carryout (October 31) | B29: 0 | C29: 0 | D29: 0 | E29: 0 | F29: 0 | G29: 0 | H29: 0 | I29: 0 | J29: 0 | K29: 0 | L29: 0 | M29: 0 | N29: 10 | O29: 0 | P29: 0 | Q29: 0 | R29: 10 | S29: 10 | T29: 21 | U29: 6 | V29: 6 | W29: 8 | X29: 4 | Y29: 24 | Z29: 24 | AA29: 19 | AB29: 19 | AC29: 19 | AD29: 15 | AE29: 15 | AF29: 15 | AG29: 15 | AH29: 15
A30: Average Price (50%, Dollars per Ton)
A31: AUSTRALIA RAPESEED OIL SUPPLY AND DEMAND (1,000 Tonnes)
A32: Carryin (November 1) | B32: 0 | C32: =B39 -> 10 | D32: =C39 -> 20 | E32: =D39 -> 10 | F32: =E39 -> 20 | G32: =F39 -> 40 | H32: =G39 -> 0 | I32: =H39 -> 38 | J32: =I39 -> 25 | ... AH32: =AG39 -> 45
A33: Production | B33: 80 | C33: 84 | D33: 69 | E33: 98 | F33: 121 | G33: 62 | H33: 199 | I33: 147 | J33: 157 | K33: 161 | L33: 175 | M33: 184 | N33: 194 | O33: 184 | P33: 244 | Q33: 256 | R33: 280 | S33: 280 | T33: 285 | U33: 290 | V33: 310 | W33: 310 | X33: 318 | Y33: 330 | Z33: 330 | AA33: 330 | AB33: 350 | AC33: 350 | AD33: =AD216 -> 392.14211 | AE33: =AE216 -> 351.65977 | AF33: =AF216 -> 331.67328 | AG33: =AG216 -> 311.83473 | AH33: =AH216 -> 322.94438
A34: Imports | B34: =B264 -> 0 | C34: =C264 -> 0.488 | D34: =D264 -> 1.275 | E34: =E264 -> 1.777 | F34: =F264 -> 1.79 | G34: =G264 -> 2.614 | H34: =H264 -> 3.505 | I34: =I264 -> 3.564 | ... AB34: =AB264 -> 14.419 | AC34: 15 | AD34: 26 | AE34: 27 | AF34: 28 | AG34: 29 | AH34: 30
A35: Total Supply | B35: =SUM(B32:B34) -> 80 | C35: =SUM(C32:C34) -> 94.488 | D35: =SUM(D32:D34) -> 90.275 | E35: =SUM(E32:E34) -> 109.777 | F35: =SUM(F32:F34) -> 142.79 | G35: =SUM(G32:G34) -> 104.614 | H35: =SUM(H32:H34) -> 202.505 | I35: =SUM(I32:I34) -> 188.564 | ... AH35: =SUM(AH32:AH34) -> 397.94438
A36: Domestic Usage | B36: =B38-B37 -> 70 | C36: =C38-C37 -> 74.038769 | D36: =D38-D37 -> 73.692494 | E36: =E38-E37 -> 75.080546 | F36: =F38-F37 -> 64.929719 | G36: =G38-G37 -> 54.998 | H36: =H38-H37 -> 123.96299 | I36: =I38-I37 -> 135.63339 | ... AH36: =AH38-AH37 -> 187.94438
A37: Exports | B37: =B280 -> 0 | C37: =C280 -> 0.44923115 | D37: =D280 -> 6.5825062 | E37: =E280 -> 14.696454 | F37: =F280 -> 37.860281 | G37: =G280 -> 49.616 | H37: =H280 -> 40.542012 | I37: =I280 -> 27.930608 | ... AB37: =AB280 -> 166.69975 | AC37: =150+15 -> 165 | AD37: =150+15 -> 165 | AE37: =150+15 -> 165 | AF37: =150+15 -> 165 | AG37: =150+15 -> 165 | AH37: =150+15 -> 165
A38: Total Use | B38: =B35-B39 -> 70 | C38: =C35-C39 -> 74.488 | D38: =D35-D39 -> 80.275 | E38: =E35-E39 -> 89.777 | F38: =F35-F39 -> 102.79 | G38: =G35-G39 -> 104.614 | H38: =H35-H39 -> 164.505 | I38: =I35-I39 -> 163.564 | ... AH38: =AH35-AH39 -> 352.94438
A39: Carryout (October 31) | B39: 10 | C39: 20 | D39: 10 | E39: 20 | F39: 40 | G39: 0 | H39: 38 | I39: 25 | J39: 17 | K39: 15 | L39: 8 | M39: 30 | N39: 52 | O39: 41 | P39: 40 | Q39: 58 | R39: 64 | S39: 50 | T39: 53 | U39: 51 | V39: 59 | W39: 41 | X39: 50 | Y39: 57 | Z39: 63 | AA39: 63 | AB39: 58 | AC39: 54 | AD39: 45 | AE39: 45 | AF39: 45 | AG39: 45 | AH39: 45
A40: Average Price (50%, Dollars per Ton)
A41: Bold Numbers are The Jacobsen Forecasts and Estimates
B42: 1993 | C42: 1994 | D42: 1995 | E42: 1996 | F42: 1997 | G42: 1998 | H42: 1999 | I42: 2000 | J42: 2001 | K42: 2002 | L42: 2003 | M42: 2004 | N42: 2005 | O42: 2006 | P42: 2007 | Q42: 2008 | R42: 2009 | S42: 2010 | T42: 2011 | U42: 2012 | V42: 2013 | W42: 2014 | X42: 2015 | Y42: 2016 | Z42: 2017 | AA42: 2018 | AB42: 2019 | AC42: 2020 | AD42: 2021 | AE42: 2022 | AF42: 2023 | AG42: 2024 | AH42: 2025 | AI42: 2026
A43: RAPESEED IMPORTS (1,000 Tonnes)
B44: =B$2 -> 93/94 | C44: =C$2 -> 94/95 | D44: =D$2 -> 95/96 | E44: =E$2 -> 96/97 | F44: =F$2 -> 97/98 | G44: =G$2 -> 98/99 | H44: =H$2 -> 99/00 | I44: =I$2 -> 00/01 | ... AH44: =AH$2 -> 25/26
A45: November | D45: 0.001 | E45: 0 | F45: 0 | G45: 0.001 | H45: 0 | I45: 0.02 | J45: 0.007 | K45: 0.01 | L45: 0.001 | M45: 0 | N45: 0.011 | O45: 0 | P45: 0 | Q45: 0 | R45: 0.018 | S45: 0 | T45: 0.049 | U45: 0.285 | V45: 0.015 | W45: 0 | X45: 0.035 | Y45: 0.02 | Z45: 0.047 | AA45: 0.016 | AB45: 0.156 | AC45: 0.023 | AD45: =(SUM(X45:AB45)/SUM(X$57:AB$57))*AD$57 -> 0.084585306 | AE45: =(SUM(Y45:AC45)/SUM(Y$57:AC$57))*AE$57 -> 0.067064846 | AF45: =(SUM(Z45:AD45)/SUM(Z$57:AD$57))*AF$57 -> 0.07165101 | AG45: =(SUM(AA45:AE45)/SUM(AA$57:AE$57))*AG$57 -> 0.071988817 | AH45: =(SUM(AB45:AF45)/SUM(AB$57:AF$57))*AH$57 -> 0.08072933
A46: December | D46: 0 | E46: 0 | F46: 0 | G46: 0 | H46: 0 | I46: 0 | J46: 0 | K46: 0 | L46: 0 | M46: 0 | N46: 0.003 | O46: 57.08 | P46: 0 | Q46: 0 | R46: 0.039 | S46: 0.027 | T46: 0 | U46: 0.145 | V46: 0.004 | W46: 0.083 | X46: 0.024 | Y46: 0 | Z46: 0.095 | AA46: 0.188 | AB46: 0.148 | AC46: 0.184 | AD46: =(SUM(X46:AB46)/SUM(X$57:AB$57))*AD$57 -> 0.140461 | AE46: =(SUM(Y46:AC46)/SUM(Y$57:AC$57))*AE$57 -> 0.15742321 | AF46: =(SUM(Z46:AD46)/SUM(Z$57:AD$57))*AF$57 -> 0.16574397 | AG46: =(SUM(AA46:AE46)/SUM(AA$57:AE$57))*AG$57 -> 0.16984997 | AH46: =(SUM(AB46:AF46)/SUM(AB$57:AF$57))*AH$57 -> 0.15965783
A47: January | C47: 0 | D47: 0 | E47: 0 | F47: 0 | G47: 0 | H47: 0 | I47: 0 | J47: 0 | K47: 0 | L47: 0 | M47: 0.009 | N47: 0 | O47: 0 | P47: 0 | Q47: 0.01 | R47: 0 | S47: 0 | T47: 0.118 | U47: 0.164 | V47: 0.162 | W47: 0.129 | X47: 0.026 | Y47: 0 | Z47: 0 | AA47: 0.268 | AB47: 0.443 | AC47: 0.733 | AD47: =(SUM(X47:AB47)/SUM(X$57:AB$57))*AD$57 -> 0.22751595 | AE47: =(SUM(Y47:AC47)/SUM(Y$57:AC$57))*AE$57 -> 0.36962457 | AF47: =(SUM(Z47:AD47)/SUM(Z$57:AD$57))*AF$57 -> 0.36672136 | AG47: =(SUM(AA47:AE47)/SUM(AA$57:AE$57))*AG$57 -> 0.42388354 | AH47: =(SUM(AB47:AF47)/SUM(AB$57:AF$57))*AH$57 -> 0.42940372
A48: February | C48: 0 | D48: 0 | E48: 0 | F48: 0 | G48: 0 | H48: 0.007 | I48: 0 | J48: 0 | K48: 0.005 | L48: 0.006 | M48: 0.014 | N48: 0 | O48: 0 | P48: 0 | Q48: 0.056 | R48: 0.006 | S48: 0.024 | T48: 0.047 | U48: 0.002 | V48: 0 | W48: 0.13 | X48: 0.078 | Y48: 0.019 | Z48: 0.108 | AA48: 0.103 | AB48: 0.219 | AC48: 0.12 | AD48: =(SUM(X48:AB48)/SUM(X$57:AB$57))*AD$57 -> 0.1626878 | AE48: =(SUM(Y48:AC48)/SUM(Y$57:AC$57))*AE$57 -> 0.14564846 | AF48: =(SUM(Z48:AD48)/SUM(Z$57:AD$57))*AF$57 -> 0.15635976 | AG48: =(SUM(AA48:AE48)/SUM(AA$57:AE$57))*AG$57 -> 0.15582229 | AH48: =(SUM(AB48:AF48)/SUM(AB$57:AF$57))*AH$57 -> 0.16127679
A49: March | C49: 0 | D49: 0 | E49: 0 | F49: 0 | G49: 0 | H49: 0 | I49: 0.003 | J49: 0.006 | K49: 0.005 | L49: 0 | M49: 0.001 | N49: 0.018 | O49: 0.006 | P49: 0.003 | Q49: 0 | R49: 0.031 | S49: 0.242 | T49: 0.058 | U49: 0.097 | V49: 0.037 | W49: 0.077 | X49: 0.07 | Y49: 0.112 | Z49: 0.115 | AA49: 0.229 | AB49: 0.092 | AC49: =(SUM(W49:AA49)/SUM(W$57:AA$57))*AC$57-0.15 -> 0.083494676 | AD49: =(SUM(X49:AB49)/SUM(X$57:AB$57))*AD$57 -> 0.19078 | AE49: =(SUM(Y49:AC49)/SUM(Y$57:AC$57))*AE$57 -> 0.16164539 | AF49: =(SUM(Z49:AD49)/SUM(Z$57:AD$57))*AF$57 -> 0.15583034 | AG49: =(SUM(AA49:AE49)/SUM(AA$57:AE$57))*AG$57 -> 0.15718955 | AH49: =(SUM(AB49:AF49)/SUM(AB$57:AF$57))*AH$57 -> 0.13720744
A50: April | C50: 0 | D50: 0.001 | E50: 0 | F50: 0.007 | G50: 0.012 | H50: 0.001 | I50: 0.006 | J50: 0.002 | K50: 0.011 | L50: 0 | M50: 0 | N50: 0.012 | O50: 0 | P50: 0.038 | Q50: 0.046 | R50: 0.028 | S50: 0.025 | T50: 0.082 | U50: 0.033 | V50: 0.153 | W50: 0.12 | X50: 0.07 | Y50: 0.01 | Z50: 0.013 | AA50: 0.054 | AB50: 0.026 | AC50: =(SUM(W50:AA50)/SUM(W$57:AA$57))*AC$57 -> 0.10338819 | AD50: =(SUM(X50:AB50)/SUM(X$57:AB$57))*AD$57 -> 0.053406051 | AE50: =(SUM(Y50:AC50)/SUM(Y$57:AC$57))*AE$57 -> 0.052829741 | AF50: =(SUM(Z50:AD50)/SUM(Z$57:AD$57))*AF$57 -> 0.054803475 | AG50: =(SUM(AA50:AE50)/SUM(AA$57:AE$57))*AG$57 -> 0.060146196 | AH50: =(SUM(AB50:AF50)/SUM(AB$57:AF$57))*AH$57 -> 0.058279757
A51: May | C51: 0 | D51: 0 | E51: 0.002 | F51: 0 | G51: 0 | H51: 0.019 | I51: 0.005 | J51: 0.006 | K51: 0.012 | L51: 0.003 | M51: 0 | N51: 0.008 | O51: 0.003 | P51: 0 | Q51: 0.026 | R51: 0.019 | S51: 0.027 | T51: 0.007 | U51: 0.098 | V51: 0.089 | W51: 0.029 | X51: 0.027 | Y51: 0.024 | Z51: 0.026 | AA51: 0.055 | AB51: 0.038 | AC51: =(SUM(W51:AA51)/SUM(W$57:AA$57))*AC$57 -> 0.062342691 | AD51: =(SUM(X51:AB51)/SUM(X$57:AB$57))*AD$57 -> 0.052479934 | AE51: =(SUM(Y51:AC51)/SUM(Y$57:AC$57))*AE$57 -> 0.052562122 | AF51: =(SUM(Z51:AD51)/SUM(Z$57:AD$57))*AF$57 -> 0.051299391 | AG51: =(SUM(AA51:AE51)/SUM(AA$57:AE$57))*AG$57 -> 0.054074086 | AH51: =(SUM(AB51:AF51)/SUM(AB$57:AF$57))*AH$57 -> 0.051508523
A52: June | C52: 0 | D52: 0 | E52: 0.019 | F52: 0.005 | G52: 0 | H52: 0.019 | I52: 0 | J52: 0 | K52: 0.016 | L52: 0.01 | M52: 0.039 | N52: 0 | O52: 0.024 | P52: 0.005 | Q52: 0.06 | R52: 0 | S52: 0.002 | T52: 0.003 | U52: 0.015 | V52: 0.036 | W52: 0 | X52: 0.046 | Y52: 0.037 | Z52: 0.386 | AA52: 0.02 | AB52: 0.074 | AC52: =(SUM(W52:AA52)/SUM(W$57:AA$57))*AC$57-0.1 -> 0.089351404 | AD52: =(SUM(X52:AB52)/SUM(X$57:AB$57))*AD$57 -> 0.17380119 | AE52: =(SUM(Y52:AC52)/SUM(Y$57:AC$57))*AE$57 -> 0.1552094 | AF52: =(SUM(Z52:AD52)/SUM(Z$57:AD$57))*AF$57 -> 0.16304357 | AG52: =(SUM(AA52:AE52)/SUM(AA$57:AE$57))*AG$57 -> 0.10640219 | AH52: =(SUM(AB52:AF52)/SUM(AB$57:AF$57))*AH$57 -> 0.13151951
A53: July | C53: 0.051 | D53: 0.045 | E53: 0.032 | F53: 0.05 | G53: 0.023 | H53: 0 | I53: 0 | J53: 0.028 | K53: 0.029 | L53: 0.049 | M53: 0.039 | N53: 0.053 | O53: 0.073 | P53: 0.04 | Q53: 0.083 | R53: 0.101 | S53: 0.003 | T53: 0.036 | U53: 0.029 | V53: 0 | W53: 0.038 | X53: 0.105 | Y53: 0.07 | Z53: 0.119 | AA53: 0.133 | AB53: 0.032 | AC53: =(SUM(W53:AA53)/SUM(W$57:AA$57))*AC$57-0.1 -> 0.080058083 | AD53: =(SUM(X53:AB53)/SUM(X$57:AB$57))*AD$57 -> 0.14169582 | AE53: =(SUM(Y53:AC53)/SUM(Y$57:AC$57))*AE$57 -> 0.11110702 | AF53: =(SUM(Z53:AD53)/SUM(Z$57:AD$57))*AF$57 -> 0.11095961 | AG53: =(SUM(AA53:AE53)/SUM(AA$57:AE$57))*AG$57 -> 0.10339075 | AH53: =(SUM(AB53:AF53)/SUM(AB$57:AF$57))*AH$57 -> 0.095482381
A54: August | C54: 0.122 | D54: 0.045 | E54: 0.075 | F54: 0.08 | G54: 0.012 | H54: 0.047 | I54: 0.048 | J54: 0.051 | K54: 0.103 | L54: 0.017 | M54: 0.024 | N54: 0.088 | O54: 0.106 | P54: 0.149 | Q54: 0.056 | R54: 0.061 | S54: 0.134 | T54: 0.19 | U54: 0.038 | V54: 0.058 | W54: 0.008 | X54: 0.062 | Y54: 0.161 | Z54: 0.053 | AA54: 0.026 | AB54: 0.045 | AC54: =(SUM(W54:AA54)/SUM(W$57:AA$57))*AC$57-0.07 -> 0.050038722 | AD54: =(SUM(X54:AB54)/SUM(X$57:AB$57))*AD$57 -> 0.10712081 | AE54: =(SUM(Y54:AC54)/SUM(Y$57:AC$57))*AE$57 -> 0.085760765 | AF54: =(SUM(Z54:AD54)/SUM(Z$57:AD$57))*AF$57 -> 0.061684846 | AG54: =(SUM(AA54:AE54)/SUM(AA$57:AE$57))*AG$57 -> 0.06519181 | AH54: =(SUM(AB54:AF54)/SUM(AB$57:AF$57))*AH$57 -> 0.070154878
A55: September | C55: 0.077 | D55: 0.039 | E55: 0.03 | F55: 0.031 | G55: 0.029 | H55: 0 | I55: 0.015 | J55: 0.05 | K55: 0.036 | L55: 0.001 | M55: 0.021 | N55: 0.012 | O55: 0.053 | P55: 0.049 | Q55: 0.078 | R55: 0.041 | S55: 0.103 | T55: 0.025 | U55: 0 | V55: 0.028 | W55: 0.012 | X55: 0.049 | Y55: 0.026 | Z55: 0.119 | AA55: 0.101 | AB55: 0.075 | AC55: =(SUM(W55:AA55)/SUM(W$57:AA$57))*AC$57-0.07 -> 0.048877057 | AD55: =(SUM(X55:AB55)/SUM(X$57:AB$57))*AD$57 -> 0.11422103 | AE55: =(SUM(Y55:AC55)/SUM(Y$57:AC$57))*AE$57 -> 0.094678428 | AF55: =(SUM(Z55:AD55)/SUM(Z$57:AD$57))*AF$57 -> 0.10050419 | AG55: =(SUM(AA55:AE55)/SUM(AA$57:AE$57))*AG$57 -> 0.090082345 | AH55: =(SUM(AB55:AF55)/SUM(AB$57:AF$57))*AH$57 -> 0.086945961
A56: October | C56: 0.002 | D56: 0.01 | E56: 0.008 | F56: 0 | G56: 0.032 | H56: 0.005 | I56: 0.004 | J56: 0.023 | K56: 0.042 | L56: 0.016 | M56: 0.004 | N56: 0 | O56: 0 | P56: 0 | Q56: 0.011 | R56: 0 | S56: 0.06 | T56: 0.011 | U56: 0.059 | V56: 0.01 | W56: 0.022 | X56: 0.007 | Y56: 0.044 | Z56: 0.033 | AA56: 0.055 | AB56: 0.027 | AC56: =AC57-SUM(AC45:AC55) -> 0.022449177 | AD56: =AD57-SUM(AD45:AD55) -> 0.051245112 | AE56: =AE57-SUM(AE45:AE55) -> 0.046446035 | AF56: =AF57-SUM(AF45:AF55) -> 0.041398484 | AG56: =AG57-SUM(AG45:AG55) -> 0.04197847 | AH56: =AH57-SUM(AH45:AH55) -> 0.037833875
A57: Total | C57: =SUM(C45:C56) -> 0.252 | D57: =SUM(D45:D56) -> 0.141 | E57: =SUM(E45:E56) -> 0.166 | F57: =SUM(F45:F56) -> 0.173 | G57: =SUM(G45:G56) -> 0.109 | H57: =SUM(H45:H56) -> 0.098 | I57: =SUM(I45:I56) -> 0.101 | J57: =SUM(J45:J56) -> 0.173 | ... AB57: =SUM(AB45:AB56) -> 1.375 | AC57: =AC10 -> 1.6 | AD57: =AD10 -> 1.5 | AE57: =AE10 -> 1.5 | AF57: =AF10 -> 1.5 | AG57: =AG10 -> 1.5 | AH57: =AH10 -> 1.5
A59: RAPESEED EXPORTS (1,000 Tonnes)
B60: =B$2 -> 93/94 | C60: =C$2 -> 94/95 | D60: =D$2 -> 95/96 | E60: =E$2 -> 96/97 | F60: =F$2 -> 97/98 | G60: =G$2 -> 98/99 | H60: =H$2 -> 99/00 | I60: =I$2 -> 00/01 | ... AH60: =AH$2 -> 25/26
A61: November | B61: ='[3]Australia Seed Exports'!AE$289 -> 0 | C61: ='[3]Australia Seed Exports'!AQ$289 -> 0 | D61: ='[3]Australia Seed Exports'!BC$289 -> 0.021 | E61: ='[3]Australia Seed Exports'!BO$289 -> 8.244 | F61: ='[3]Australia Seed Exports'!CA$289 -> 45.64441 | G61: ='[3]Australia Seed Exports'!CM$289 -> 23.2205 | H61: ='[3]Australia Seed Exports'!CY$289 -> 198.70896 | I61: ='[3]Australia Seed Exports'!DK$289 -> 6.442 | J61: ='[3]Australia Seed Exports'!DW$289 -> 0 | K61: ='[3]Australia Seed Exports'!EI$289 -> 0 | L61: ='[3]Australia Seed Exports'!EU$289 -> 0 | M61: ='[3]Australia Seed Exports'!FG$289 -> 0 | N61: ='[3]Australia Seed Exports'!FS$289 -> 13.20331 | O61: ='[3]Australia Seed Exports'!GE$289 -> 2.459585 | P61: ='[3]Australia Seed Exports'!GQ$289 -> 1.239 | Q61: ='[3]Australia Seed Exports'!HC$289 -> 1.21899 | R61: ='[3]Australia Seed Exports'!HO$289 -> 28.22941 | S61: ='[3]Australia Seed Exports'!IA$289 -> 55.542988 | T61: ='[3]Australia Seed Exports'!IM$289 -> 121.52311 | U61: ='[3]Australia Seed Exports'!IY$289 -> 100.42406 | V61: ='[3]Australia Seed Exports'!JK$289 -> 309.10375 | W61: ='[3]Australia Seed Exports'!JW$289 -> 182.53221 | X61: ='[3]Australia Seed Exports'!KI$289 -> 364.34977 | Y61: ='[3]Australia Seed Exports'!KU$289 -> 492.23691 | Z61: ='[3]Australia Seed Exports'!LG$289 -> 135.65735 | AA61: ='[3]Australia Seed Exports'!LS$289 -> 155.01345 | AB61: ='[3]Australia Seed Exports'!ME$289 -> 95.38927 | AC61: ='[3]Australia Seed Exports'!MQ$289 -> 233.93063 | AD61: =(SUM(X61:AB61)/SUM(X$73:AB$73))*AD$73 -> 315.39436 | AE61: =(SUM(Y61:AC61)/SUM(Y$73:AC$73))*AE$73 -> 208.4796 | AF61: =(SUM(Z61:AD61)/SUM(Z$73:AD$73))*AF$73 -> 172.02203 | AG61: =(SUM(AA61:AE61)/SUM(AA$73:AE$73))*AG$73 -> 185.63796 | AH61: =(SUM(AB61:AF61)/SUM(AB$73:AF$73))*AH$73 -> 179.96264
A62: December | B62: ='[3]Australia Seed Exports'!AF$289 -> 0 | C62: ='[3]Australia Seed Exports'!AR$289 -> 0 | D62: ='[3]Australia Seed Exports'!BD$289 -> 44.11665 | E62: ='[3]Australia Seed Exports'!BP$289 -> 4.3825 | F62: ='[3]Australia Seed Exports'!CB$289 -> 31.54015 | G62: ='[3]Australia Seed Exports'!CN$289 -> 218.5671 | H62: ='[3]Australia Seed Exports'!CZ$289 -> 259.69649 | I62: ='[3]Australia Seed Exports'!DL$289 -> 31.99055 | J62: ='[3]Australia Seed Exports'!DX$289 -> 0 | K62: ='[3]Australia Seed Exports'!EJ$289 -> 0 | L62: ='[3]Australia Seed Exports'!EV$289 -> 0 | M62: ='[3]Australia Seed Exports'!FH$289 -> 0 | N62: ='[3]Australia Seed Exports'!FT$289 -> 78.215925 | O62: ='[3]Australia Seed Exports'!GF$289 -> 22.68972 | P62: ='[3]Australia Seed Exports'!GR$289 -> 5.65741 | Q62: ='[3]Australia Seed Exports'!HD$289 -> 64.03025 | R62: ='[3]Australia Seed Exports'!HP$289 -> 192.70964 | S62: ='[3]Australia Seed Exports'!IB$289 -> 60.07036 | T62: ='[3]Australia Seed Exports'!IN$289 -> 298.02676 | U62: ='[3]Australia Seed Exports'!IZ$289 -> 438.78589 | V62: ='[3]Australia Seed Exports'!JL$289 -> 513.05597 | W62: ='[3]Australia Seed Exports'!JX$289 -> 333.68834 | X62: ='[3]Australia Seed Exports'!KJ$289 -> 276.68023 | Y62: ='[3]Australia Seed Exports'!KV$289 -> 473.31673 | Z62: ='[3]Australia Seed Exports'!LH$289 -> 333.74205 | AA62: ='[3]Australia Seed Exports'!LT$289 -> 168.92469 | AB62: ='[3]Australia Seed Exports'!MF$289 -> 253.43669 | AC62: ='[3]Australia Seed Exports'!MR$289 -> 261.98224 | AD62: =(SUM(X62:AB62)/SUM(X$73:AB$73))*AD$73 -> 382.26114 | AE62: =(SUM(Y62:AC62)/SUM(Y$73:AC$73))*AE$73 -> 279.55337 | AF62: =(SUM(Z62:AD62)/SUM(Z$73:AD$73))*AF$73 -> 257.53084 | AG62: =(SUM(AA62:AE62)/SUM(AA$73:AE$73))*AG$73 -> 247.86376 | AH62: =(SUM(AB62:AF62)/SUM(AB$73:AF$73))*AH$73 -> 251.85326
A63: January | B63: ='[3]Australia Seed Exports'!AG$289 -> 0 | C63: ='[3]Australia Seed Exports'!AS$289 -> 8.63586 | D63: ='[3]Australia Seed Exports'!BE$289 -> 56 | E63: ='[3]Australia Seed Exports'!BQ$289 -> 29.62304 | F63: ='[3]Australia Seed Exports'!CC$289 -> 84.0091 | G63: ='[3]Australia Seed Exports'!CO$289 -> 274.61618 | H63: ='[3]Australia Seed Exports'!DA$289 -> 341.38127 | I63: ='[3]Australia Seed Exports'!DM$289 -> 212.83162 | J63: ='[3]Australia Seed Exports'!DY$289 -> 0 | K63: ='[3]Australia Seed Exports'!EK$289 -> 0 | L63: ='[3]Australia Seed Exports'!EW$289 -> 0 | M63: ='[3]Australia Seed Exports'!FI$289 -> 55.882691 | N63: ='[3]Australia Seed Exports'!FU$289 -> 146.74693 | O63: ='[3]Australia Seed Exports'!GG$289 -> 22.48487 | P63: ='[3]Australia Seed Exports'!GS$289 -> 150.20077 | Q63: ='[3]Australia Seed Exports'!HE$289 -> 261.5662 | R63: ='[3]Australia Seed Exports'!HQ$289 -> 257.00417 | S63: ='[3]Australia Seed Exports'!IC$289 -> 243.19558 | T63: ='[3]Australia Seed Exports'!IO$289 -> 316.3337 | U63: ='[3]Australia Seed Exports'!JA$289 -> 367.78768 | V63: ='[3]Australia Seed Exports'!JM$289 -> 579.89736 | W63: ='[3]Australia Seed Exports'!JY$289 -> 488.79362 | X63: ='[3]Australia Seed Exports'!KK$289 -> 312.5735 | Y63: ='[3]Australia Seed Exports'!KW$289 -> 549.23487 | Z63: ='[3]Australia Seed Exports'!LI$289 -> 191.28316 | AA63: ='[3]Australia Seed Exports'!LU$289 -> 459.97239 | AB63: ='[3]Australia Seed Exports'!MG$289 -> 290.23576 | AC63: ='[3]Australia Seed Exports'!MS$289 -> 548.93506 | AD63: =(SUM(X63:AB63)/SUM(X$73:AB$73))*AD$73 -> 457.69285 | AE63: =(SUM(Y63:AC63)/SUM(Y$73:AC$73))*AE$73 -> 382.32081 | AF63: =(SUM(Z63:AD63)/SUM(Z$73:AD$73))*AF$73 -> 358.26895 | AG63: =(SUM(AA63:AE63)/SUM(AA$73:AE$73))*AG$73 -> 393.87606 | AH63: =(SUM(AB63:AF63)/SUM(AB$73:AF$73))*AH$73 -> 357.6471
A64: February | B64: ='[3]Australia Seed Exports'!AH$289 -> 0 | C64: ='[3]Australia Seed Exports'!AT$289 -> 15.75 | D64: ='[3]Australia Seed Exports'!BF$289 -> 18.825 | E64: ='[3]Australia Seed Exports'!BR$289 -> 40.66 | F64: ='[3]Australia Seed Exports'!CD$289 -> 126.724 | G64: ='[3]Australia Seed Exports'!CP$289 -> 321.47066 | H64: ='[3]Australia Seed Exports'!DB$289 -> 324.54495 | I64: ='[3]Australia Seed Exports'!DN$289 -> 304.69605 | J64: ='[3]Australia Seed Exports'!DZ$289 -> 0 | K64: ='[3]Australia Seed Exports'!EL$289 -> 0 | L64: ='[3]Australia Seed Exports'!EX$289 -> 0 | M64: ='[3]Australia Seed Exports'!FJ$289 -> 178.67533 | N64: ='[3]Australia Seed Exports'!FV$289 -> 235.45509 | O64: ='[3]Australia Seed Exports'!GH$289 -> 22.29368 | P64: ='[3]Australia Seed Exports'!GT$289 -> 52.639385 | Q64: ='[3]Australia Seed Exports'!HF$289 -> 109.24163 | R64: ='[3]Australia Seed Exports'!HR$289 -> 179.08711 | S64: ='[3]Australia Seed Exports'!ID$289 -> 171.06227 | T64: ='[3]Australia Seed Exports'!IP$289 -> 278.53518 | U64: ='[3]Australia Seed Exports'!JB$289 -> 464.06019 | V64: ='[3]Australia Seed Exports'!JN$289 -> 410.78256 | W64: ='[3]Australia Seed Exports'!JZ$289 -> 401.79895 | X64: ='[3]Australia Seed Exports'!KL$289 -> 267.50769 | Y64: ='[3]Australia Seed Exports'!KX$289 -> 471.27078 | Z64: ='[3]Australia Seed Exports'!LJ$289 -> 504.81699 | AA64: ='[3]Australia Seed Exports'!LV$289 -> 161.61753 | AB64: ='[3]Australia Seed Exports'!MH$289 -> 164.51409 | AC64: ='[3]Australia Seed Exports'!MT$289 -> 247.95 | AD64: =(SUM(X64:AB64)/SUM(X$73:AB$73))*AD$73 -> 398.41013 | AE64: =(SUM(Y64:AC64)/SUM(Y$73:AC$73))*AE$73 -> 290.56885 | AF64: =(SUM(Z64:AD64)/SUM(Z$73:AD$73))*AF$73 -> 271.68453 | AG64: =(SUM(AA64:AE64)/SUM(AA$73:AE$73))*AG$73 -> 232.56328 | AH64: =(SUM(AB64:AF64)/SUM(AB$73:AF$73))*AH$73 -> 241.03378
A65: March | B65: ='[3]Australia Seed Exports'!AI$289 -> 0 | C65: ='[3]Australia Seed Exports'!AU$289 -> 0.256229 | D65: ='[3]Australia Seed Exports'!BG$289 -> 49.810218 | E65: ='[3]Australia Seed Exports'!BS$289 -> 39.51878 | F65: ='[3]Australia Seed Exports'!CE$289 -> 134.82745 | G65: ='[3]Australia Seed Exports'!CQ$289 -> 141.37442 | H65: ='[3]Australia Seed Exports'!DC$289 -> 329.79545 | I65: ='[3]Australia Seed Exports'!DO$289 -> 357.88663 | J65: ='[3]Australia Seed Exports'!EA$289 -> 0 | K65: ='[3]Australia Seed Exports'!EM$289 -> 0 | L65: ='[3]Australia Seed Exports'!EY$289 -> 0 | M65: ='[3]Australia Seed Exports'!FK$289 -> 86.08506 | N65: ='[3]Australia Seed Exports'!FW$289 -> 56.145555 | O65: ='[3]Australia Seed Exports'!GI$289 -> 22.948933 | P65: ='[3]Australia Seed Exports'!GU$289 -> 132.39729 | Q65: ='[3]Australia Seed Exports'!HG$289 -> 219.82365 | R65: ='[3]Australia Seed Exports'!HS$289 -> 111.69894 | S65: ='[3]Australia Seed Exports'!IE$289 -> 177.29389 | T65: ='[3]Australia Seed Exports'!IQ$289 -> 447.97161 | U65: ='[3]Australia Seed Exports'!JC$289 -> 604.33804 | V65: ='[3]Australia Seed Exports'!JO$289 -> 465.17692 | W65: ='[3]Australia Seed Exports'!KA$289 -> 343.84862 | X65: ='[3]Australia Seed Exports'!KM$289 -> 161.33056 | Y65: ='[3]Australia Seed Exports'!KY$289 -> 596.20583 | Z65: ='[3]Australia Seed Exports'!LK$289 -> 404.02246 | AA65: ='[3]Australia Seed Exports'!LW$289 -> 293.77004 | AB65: ='[3]Australia Seed Exports'!MI$289 -> 338.39286 | AC65: =(SUM(W65:AA65)/SUM(W$73:AA$73))*AC$73 -> 406.95238 | AD65: =(SUM(X65:AB65)/SUM(X$73:AB$73))*AD$73 -> 455.26189 | AE65: =(SUM(Y65:AC65)/SUM(Y$73:AC$73))*AE$73 -> 382.26126 | AF65: =(SUM(Z65:AD65)/SUM(Z$73:AD$73))*AF$73 -> 349.12527 | AG65: =(SUM(AA65:AE65)/SUM(AA$73:AE$73))*AG$73 -> 345.53939 | AH65: =(SUM(AB65:AF65)/SUM(AB$73:AF$73))*AH$73 -> 339.13508
A66: April | B66: ='[3]Australia Seed Exports'!AJ$289 -> 0 | C66: ='[3]Australia Seed Exports'!AV$289 -> 19.052548 | D66: ='[3]Australia Seed Exports'!BH$289 -> 90.014485 | E66: ='[3]Australia Seed Exports'!BT$289 -> 64.041 | F66: ='[3]Australia Seed Exports'!CF$289 -> 24.92359 | G66: ='[3]Australia Seed Exports'!CR$289 -> 148.33874 | H66: ='[3]Australia Seed Exports'!DD$289 -> 208.4522 | I66: ='[3]Australia Seed Exports'!DP$289 -> 228.84628 | J66: ='[3]Australia Seed Exports'!EB$289 -> 0 | K66: ='[3]Australia Seed Exports'!EN$289 -> 0 | L66: ='[3]Australia Seed Exports'!EZ$289 -> 0 | M66: ='[3]Australia Seed Exports'!FL$289 -> 122.76031 | N66: ='[3]Australia Seed Exports'!FX$289 -> 72.858655 | O66: ='[3]Australia Seed Exports'!GJ$289 -> 43.117305 | P66: ='[3]Australia Seed Exports'!GV$289 -> 71.089575 | Q66: ='[3]Australia Seed Exports'!HH$289 -> 175.56512 | R66: ='[3]Australia Seed Exports'!HT$289 -> 87.00627 | S66: ='[3]Australia Seed Exports'!IF$289 -> 319.29693 | T66: ='[3]Australia Seed Exports'!IR$289 -> 271.52657 | U66: ='[3]Australia Seed Exports'!JD$289 -> 649.02146 | V66: ='[3]Australia Seed Exports'!JP$289 -> 274.54793 | W66: ='[3]Australia Seed Exports'!KB$289 -> 260.27479 | X66: ='[3]Australia Seed Exports'!KN$289 -> 227.14891 | Y66: ='[3]Australia Seed Exports'!KZ$289 -> 592.64911 | Z66: ='[3]Australia Seed Exports'!LL$289 -> 552.16798 | AA66: ='[3]Australia Seed Exports'!LX$289 -> 88.783913 | AB66: ='[3]Australia Seed Exports'!MJ$289 -> 139.14734 | AC66: =(SUM(W66:AA66)/SUM(W$73:AA$73))*AC$73 -> 389.27515 | AD66: =(SUM(X66:AB66)/SUM(X$73:AB$73))*AD$73 -> 406.06758 | AE66: =(SUM(Y66:AC66)/SUM(Y$73:AC$73))*AE$73 -> 330.27948 | AF66: =(SUM(Z66:AD66)/SUM(Z$73:AD$73))*AF$73 -> 289.73173 | AG66: =(SUM(AA66:AE66)/SUM(AA$73:AE$73))*AG$73 -> 249.22544 | AH66: =(SUM(AB66:AF66)/SUM(AB$73:AF$73))*AH$73 -> 272.87145
A67: May | B67: ='[3]Australia Seed Exports'!AK$289 -> 0 | C67: ='[3]Australia Seed Exports'!AW$289 -> 28.0122 | D67: ='[3]Australia Seed Exports'!BI$289 -> 63.95401 | E67: ='[3]Australia Seed Exports'!BU$289 -> 35.934418 | F67: ='[3]Australia Seed Exports'!CG$289 -> 46.569729 | G67: ='[3]Australia Seed Exports'!CS$289 -> 109.38366 | H67: ='[3]Australia Seed Exports'!DE$289 -> 95.368245 | I67: ='[3]Australia Seed Exports'!DQ$289 -> 48.001 | J67: ='[3]Australia Seed Exports'!EC$289 -> 0 | K67: ='[3]Australia Seed Exports'!EO$289 -> 0 | L67: ='[3]Australia Seed Exports'!FA$289 -> 0 | M67: ='[3]Australia Seed Exports'!FM$289 -> 135.9959 | N67: ='[3]Australia Seed Exports'!FY$289 -> 87.08844 | O67: ='[3]Australia Seed Exports'!GK$289 -> 2.425375 | P67: ='[3]Australia Seed Exports'!GW$289 -> 16.180964 | Q67: ='[3]Australia Seed Exports'!HI$289 -> 100.37613 | R67: ='[3]Australia Seed Exports'!HU$289 -> 182.24823 | S67: ='[3]Australia Seed Exports'!IG$289 -> 294.059 | T67: ='[3]Australia Seed Exports'!IS$289 -> 312.01734 | U67: ='[3]Australia Seed Exports'!JE$289 -> 222.21451 | V67: ='[3]Australia Seed Exports'!JQ$289 -> 133.22249 | W67: ='[3]Australia Seed Exports'!KC$289 -> 239.4139 | X67: ='[3]Australia Seed Exports'!KO$289 -> 61.337733 | Y67: ='[3]Australia Seed Exports'!LA$289 -> 223.64 | Z67: ='[3]Australia Seed Exports'!LM$289 -> 37.337946 | AA67: ='[3]Australia Seed Exports'!LY$289 -> 35.756323 | AB67: ='[3]Australia Seed Exports'!MK$289 -> 165.25761 | AC67: =(SUM(W67:AA67)/SUM(W$73:AA$73))*AC$73+125 -> 260.14415 | AD67: =(SUM(X67:AB67)/SUM(X$73:AB$73))*AD$73 -> 132.82552 | AE67: =(SUM(Y67:AC67)/SUM(Y$73:AC$73))*AE$73 -> 135.35955 | AF67: =(SUM(Z67:AD67)/SUM(Z$73:AD$73))*AF$73 -> 116.10322 | AG67: =(SUM(AA67:AE67)/SUM(AA$73:AE$73))*AG$73 -> 134.2916 | AH67: =(SUM(AB67:AF67)/SUM(AB$73:AF$73))*AH$73 -> 142.13002
A68: June | B68: ='[3]Australia Seed Exports'!AL$289 -> 0 | C68: ='[3]Australia Seed Exports'!AX$289 -> 12.128665 | D68: ='[3]Australia Seed Exports'!BJ$289 -> 24.90438 | E68: ='[3]Australia Seed Exports'!BV$289 -> 24.2482 | F68: ='[3]Australia Seed Exports'!CH$289 -> 12.121 | G68: ='[3]Australia Seed Exports'!CT$289 -> 34.667574 | H68: ='[3]Australia Seed Exports'!DF$289 -> 52.20657 | I68: ='[3]Australia Seed Exports'!DR$289 -> 64.59978 | J68: ='[3]Australia Seed Exports'!ED$289 -> 0 | K68: ='[3]Australia Seed Exports'!EP$289 -> 0 | L68: ='[3]Australia Seed Exports'!FB$289 -> 0 | M68: ='[3]Australia Seed Exports'!FN$289 -> 25.421884 | N68: ='[3]Australia Seed Exports'!FZ$289 -> 48.26507 | O68: ='[3]Australia Seed Exports'!GL$289 -> 6.436905 | P68: ='[3]Australia Seed Exports'!GX$289 -> 6.21399 | Q68: ='[3]Australia Seed Exports'!HJ$289 -> 4.886562 | R68: ='[3]Australia Seed Exports'!HV$289 -> 70.546339 | S68: ='[3]Australia Seed Exports'!IH$289 -> 71.93882 | T68: ='[3]Australia Seed Exports'!IT$289 -> 120.2538 | U68: ='[3]Australia Seed Exports'!JF$289 -> 250.12153 | V68: ='[3]Australia Seed Exports'!JR$289 -> 93.34329 | W68: ='[3]Australia Seed Exports'!KD$289 -> 110.24198 | X68: ='[3]Australia Seed Exports'!KP$289 -> 9.397035 | Y68: ='[3]Australia Seed Exports'!LB$289 -> 22.723 | Z68: ='[3]Australia Seed Exports'!LN$289 -> 57.809945 | AA68: ='[3]Australia Seed Exports'!LZ$289 -> 16.28912 | AB68: ='[3]Australia Seed Exports'!ML$289 -> 60.09578 | AC68: =(SUM(W68:AA68)/SUM(W$73:AA$73))*AC$73+100 -> 148.9609 | AD68: =(SUM(X68:AB68)/SUM(X$73:AB$73))*AD$73 -> 42.212136 | AE68: =(SUM(Y68:AC68)/SUM(Y$73:AC$73))*AE$73 -> 57.334918 | AF68: =(SUM(Z68:AD68)/SUM(Z$73:AD$73))*AF$73 -> 59.836795 | AG68: =(SUM(AA68:AE68)/SUM(AA$73:AE$73))*AG$73 -> 59.821475 | AH68: =(SUM(AB68:AF68)/SUM(AB$73:AF$73))*AH$73 -> 64.674699
A69: July | B69: ='[3]Australia Seed Exports'!AM$289 -> 0 | C69: ='[3]Australia Seed Exports'!AY$289 -> 0.10774 | D69: ='[3]Australia Seed Exports'!BK$289 -> 19.960005 | E69: ='[3]Australia Seed Exports'!BW$289 -> 60.61305 | F69: ='[3]Australia Seed Exports'!CI$289 -> 21.44949 | G69: ='[3]Australia Seed Exports'!CU$289 -> 24.5975 | H69: ='[3]Australia Seed Exports'!DG$289 -> 76.622 | I69: ='[3]Australia Seed Exports'!DS$289 -> 29.617 | J69: ='[3]Australia Seed Exports'!EE$289 -> 0 | K69: ='[3]Australia Seed Exports'!EQ$289 -> 0 | L69: ='[3]Australia Seed Exports'!FC$289 -> 0 | M69: ='[3]Australia Seed Exports'!FO$289 -> 4.151025 | N69: ='[3]Australia Seed Exports'!GA$289 -> 26.507995 | O69: ='[3]Australia Seed Exports'!GM$289 -> 22.762275 | P69: ='[3]Australia Seed Exports'!GY$289 -> 26.01145 | Q69: ='[3]Australia Seed Exports'!HK$289 -> 9.07799 | R69: ='[3]Australia Seed Exports'!HW$289 -> 42.338234 | S69: ='[3]Australia Seed Exports'!II$289 -> 1.009155 | T69: ='[3]Australia Seed Exports'!IU$289 -> 98.18807 | U69: ='[3]Australia Seed Exports'!JG$289 -> 209.87528 | V69: ='[3]Australia Seed Exports'!JS$289 -> 39.422641 | W69: ='[3]Australia Seed Exports'!KE$289 -> 4.2022 | X69: ='[3]Australia Seed Exports'!KQ$289 -> 9.048575 | Y69: ='[3]Australia Seed Exports'!LC$289 -> 5.73252 | Z69: ='[3]Australia Seed Exports'!LO$289 -> 46.409225 | AA69: ='[3]Australia Seed Exports'!MA$289 -> 38.75664 | AB69: ='[3]Australia Seed Exports'!MM$289 -> 2.35033 | AC69: =(SUM(W69:AA69)/SUM(W$73:AA$73))*AC$73+50 -> 73.557291 | AD69: =(SUM(X69:AB69)/SUM(X$73:AB$73))*AD$73 -> 25.963925 | AE69: =(SUM(Y69:AC69)/SUM(Y$73:AC$73))*AE$73 -> 31.266666 | AF69: =(SUM(Z69:AD69)/SUM(Z$73:AD$73))*AF$73 -> 34.397124 | AG69: =(SUM(AA69:AE69)/SUM(AA$73:AE$73))*AG$73 -> 31.650445 | AH69: =(SUM(AB69:AF69)/SUM(AB$73:AF$73))*AH$73 -> 29.408538
A70: August | B70: ='[3]Australia Seed Exports'!AN$289 -> 0 | C70: ='[3]Australia Seed Exports'!AZ$289 -> 0 | D70: ='[3]Australia Seed Exports'!BL$289 -> 0.2 | E70: ='[3]Australia Seed Exports'!BX$289 -> 0.103 | F70: ='[3]Australia Seed Exports'!CJ$289 -> 23.1118 | G70: ='[3]Australia Seed Exports'!CV$289 -> 30.29902 | H70: ='[3]Australia Seed Exports'!DH$289 -> 83.06828 | I70: ='[3]Australia Seed Exports'!DT$289 -> 64.1034 | J70: ='[3]Australia Seed Exports'!EF$289 -> 0 | K70: ='[3]Australia Seed Exports'!ER$289 -> 0 | L70: ='[3]Australia Seed Exports'!FD$289 -> 0 | M70: ='[3]Australia Seed Exports'!FP$289 -> 110.05717 | N70: ='[3]Australia Seed Exports'!GB$289 -> 33.7818 | O70: ='[3]Australia Seed Exports'!GN$289 -> 29.39336 | P70: ='[3]Australia Seed Exports'!GZ$289 -> 3.69115 | Q70: ='[3]Australia Seed Exports'!HL$289 -> 41.86014 | R70: ='[3]Australia Seed Exports'!HX$289 -> 31.549308 | S70: ='[3]Australia Seed Exports'!IJ$289 -> 114.95403 | T70: ='[3]Australia Seed Exports'!IV$289 -> 142.79976 | U70: ='[3]Australia Seed Exports'!JH$289 -> 137.92732 | V70: ='[3]Australia Seed Exports'!JT$289 -> 4.63417 | W70: ='[3]Australia Seed Exports'!KF$289 -> 33.98992 | X70: ='[3]Australia Seed Exports'!KR$289 -> 47.033355 | Y70: ='[3]Australia Seed Exports'!LD$289 -> 25.0067 | Z70: ='[3]Australia Seed Exports'!LP$289 -> 95.358355 | AA70: ='[3]Australia Seed Exports'!MB$289 -> 71.69866 | AB70: ='[3]Australia Seed Exports'!MN$289 -> 1.55242 | AC70: =(SUM(W70:AA70)/SUM(W$73:AA$73))*AC$73 -> 61.769002 | AD70: =(SUM(X70:AB70)/SUM(X$73:AB$73))*AD$73 -> 61.078895 | AE70: =(SUM(Y70:AC70)/SUM(Y$73:AC$73))*AE$73 -> 47.87023 | AF70: =(SUM(Z70:AD70)/SUM(Z$73:AD$73))*AF$73 -> 53.600474 | AG70: =(SUM(AA70:AE70)/SUM(AA$73:AE$73))*AG$73 -> 44.921264 | AH70: =(SUM(AB70:AF70)/SUM(AB$73:AF$73))*AH$73 -> 39.64857
A71: September | B71: ='[3]Australia Seed Exports'!AO$289 -> 0 | C71: ='[3]Australia Seed Exports'!BA$289 -> 0.0215 | D71: ='[3]Australia Seed Exports'!BM$289 -> 16.58557 | E71: ='[3]Australia Seed Exports'!BY$289 -> 7.51598 | F71: ='[3]Australia Seed Exports'!CK$289 -> 1.681039 | G71: ='[3]Australia Seed Exports'!CW$289 -> 20.18664 | H71: ='[3]Australia Seed Exports'!DI$289 -> 25.83 | I71: ='[3]Australia Seed Exports'!DU$289 -> 27.07473 | J71: ='[3]Australia Seed Exports'!EG$289 -> 0 | K71: ='[3]Australia Seed Exports'!ES$289 -> 0 | L71: ='[3]Australia Seed Exports'!FE$289 -> 0 | M71: ='[3]Australia Seed Exports'!FQ$289 -> 4.02017 | N71: ='[3]Australia Seed Exports'!GC$289 -> 0.641136 | O71: ='[3]Australia Seed Exports'!GO$289 -> 2.97262 | P71: ='[3]Australia Seed Exports'!HA$289 -> 3.621051 | Q71: ='[3]Australia Seed Exports'!HM$289 -> 76.70657 | R71: ='[3]Australia Seed Exports'!HY$289 -> 3.465755 | S71: ='[3]Australia Seed Exports'!IK$289 -> 16.57778 | T71: ='[3]Australia Seed Exports'!IW$289 -> 113.56058 | U71: ='[3]Australia Seed Exports'!JI$289 -> 3.177405 | V71: ='[3]Australia Seed Exports'!JU$289 -> 6.961505 | W71: ='[3]Australia Seed Exports'!KG$289 -> 66.825919 | X71: ='[3]Australia Seed Exports'!KS$289 -> 113.12424 | Y71: ='[3]Australia Seed Exports'!LE$289 -> 1.96227 | Z71: ='[3]Australia Seed Exports'!LQ$289 -> 39.2174 | AA71: ='[3]Australia Seed Exports'!MC$289 -> 63.55525 | AB71: ='[3]Australia Seed Exports'!MO$289 -> 11.997114 | AC71: =(SUM(W71:AA71)/SUM(W$73:AA$73))*AC$73 -> 64.392351 | AD71: =(SUM(X71:AB71)/SUM(X$73:AB$73))*AD$73 -> 58.339484 | AE71: =(SUM(Y71:AC71)/SUM(Y$73:AC$73))*AE$73 -> 33.95055 | AF71: =(SUM(Z71:AD71)/SUM(Z$73:AD$73))*AF$73 -> 43.677742 | AG71: =(SUM(AA71:AE71)/SUM(AA$73:AE$73))*AG$73 -> 42.760636 | AH71: =(SUM(AB71:AF71)/SUM(AB$73:AF$73))*AH$73 -> 37.276411
A72: October | B72: ='[3]Australia Seed Exports'!AP$289 -> 0 | C72: ='[3]Australia Seed Exports'!BB$289 -> 0 | D72: ='[3]Australia Seed Exports'!BN$289 -> 0.04012 | E72: ='[3]Australia Seed Exports'!BZ$289 -> 14.684 | F72: ='[3]Australia Seed Exports'!CL$289 -> 1.340787 | G72: ='[3]Australia Seed Exports'!CX$289 -> 7.9215 | H72: ='[3]Australia Seed Exports'!DJ$289 -> 38.22605 | I72: ='[3]Australia Seed Exports'!DV$289 -> 16.0431 | J72: ='[3]Australia Seed Exports'!EH$289 -> 0 | K72: ='[3]Australia Seed Exports'!ET$289 -> 0 | L72: ='[3]Australia Seed Exports'!FF$289 -> 0 | M72: ='[3]Australia Seed Exports'!FR$289 -> 28.05971 | N72: ='[3]Australia Seed Exports'!GD$289 -> 31.815245 | O72: ='[3]Australia Seed Exports'!GP$289 -> 28.389772 | P72: ='[3]Australia Seed Exports'!HB$289 -> 2.942254 | Q72: ='[3]Australia Seed Exports'!HN$289 -> 2.300969 | R72: ='[3]Australia Seed Exports'!HZ$289 -> 0.92242 | S72: ='[3]Australia Seed Exports'!IL$289 -> 24.10832 | T72: ='[3]Australia Seed Exports'!IX$289 -> 36.4949 | U72: ='[3]Australia Seed Exports'!JJ$289 -> 64.280845 | V72: ='[3]Australia Seed Exports'!JV$289 -> 33.257317 | W72: ='[3]Australia Seed Exports'!KH$289 -> 160.2548 | X72: ='[3]Australia Seed Exports'!KT$289 -> 7.95003 | Y72: ='[3]Australia Seed Exports'!LF$289 -> 2.86609 | Z72: ='[3]Australia Seed Exports'!LR$289 -> 7.88619 | AA72: ='[3]Australia Seed Exports'!MD$289 -> 36.93354 | AB72: ='[3]Australia Seed Exports'!MP$289 -> 1.462665 | AC72: =AC73-SUM(AC61:AC71) -> 2.1508435 | AD72: =AD73-SUM(AD61:AD71) -> 14.49209 | AE72: =AE73-SUM(AE61:AE71) -> 9.6157148 | AF72: =AF73-SUM(AF61:AF71) -> 11.572285 | AG72: =AG73-SUM(AG61:AG71) -> 11.90469 | AH72: =AH73-SUM(AH61:AH71) -> 6.8974542
A73: Total | B73: =SUM(B61:B72) -> 0 | C73: =SUM(C61:C72) -> 83.964742 | D73: =SUM(D61:D72) -> 384.43144 | E73: =SUM(E61:E72) -> 329.56797 | F73: =SUM(F61:F72) -> 553.94254 | G73: =SUM(G61:G72) -> 1354.6435 | H73: =SUM(H61:H72) -> 2033.9005 | I73: =SUM(I61:I72) -> 1392.1321 | ... AB73: =SUM(AB61:AB72) -> 1523.8319 | AC73: =AC13 -> 2700 | AD73: =AD13 -> 2750 | AE73: =AE13 -> 2188.861 | AF73: =AF13 -> 2017.551 | AG73: =AG13 -> 1980.056 | AH73: =AH13 -> 1962.539
A75: RAPESEED CRUSH (1,000 Tonnes)
B76: =B$2 -> 93/94 | C76: =C$2 -> 94/95 | D76: =D$2 -> 95/96 | E76: =E$2 -> 96/97 | F76: =F$2 -> 97/98 | G76: =G$2 -> 98/99 | H76: =H$2 -> 99/00 | I76: =I$2 -> 00/01 | ... AH76: =AH$2 -> 25/26
A77: November | B77: =B204/B$232 -> 16.50641 | C77: =C204/C$232 -> 17.265212 | D77: =D204/D$232 -> 13.197135 | E77: =E204/E$232 -> 17.151195 | F77: =F204/F$232 -> 24.557882 | G77: =G204/G$232 -> 14.422705 | H77: =H204/H$232 -> 43.611261 | I77: =I204/I$232 -> 33.282708 | ... Y77: =Y204/Y$232 -> 65.626186 | Z77: =(SUM(T77:X77)/SUM(T$89:X$89))*Z$89 -> 63.92272 | AA77: =(SUM(U77:Y77)/SUM(U$89:Y$89))*AA$89 -> 63.545249 | AB77: =(SUM(V77:Z77)/SUM(V$89:Z$89))*AB$89 -> 65.523741 | AC77: =(SUM(W77:AA77)/SUM(W$89:AA$89))*AC$89 -> 64.366256 | AD77: =(SUM(X77:AB77)/SUM(X$89:AB$89))*AD$89 -> 75.230672 | AE77: =(SUM(Y77:AC77)/SUM(Y$89:AC$89))*AE$89 -> 66.960129 | AF77: =(SUM(Z77:AD77)/SUM(Z$89:AD$89))*AF$89 -> 62.60492 | AG77: =(SUM(AA77:AE77)/SUM(AA$89:AE$89))*AG$89 -> 58.539427 | AH77: =(SUM(AB77:AF77)/SUM(AB$89:AF$89))*AH$89 -> 60.321263
A78: December | B78: =B205/B$232 -> 16.50641 | C78: =C205/C$232 -> 17.265212 | D78: =D205/D$232 -> 13.310269 | E78: =E205/E$232 -> 20.580471 | F78: =F205/F$232 -> 27.873251 | G78: =G205/G$232 -> 21.11393 | H78: =H205/H$232 -> 32.123736 | I78: =I205/I$232 -> 27.464956 | ... Y78: =Y205/Y$232 -> 52.06636 | Z78: =(SUM(T78:X78)/SUM(T$89:X$89))*Z$89 -> 68.921843 | AA78: =(SUM(U78:Y78)/SUM(U$89:Y$89))*AA$89 -> 66.566068 | AB78: =(SUM(V78:Z78)/SUM(V$89:Z$89))*AB$89 -> 75.551308 | AC78: =(SUM(W78:AA78)/SUM(W$89:AA$89))*AC$89 -> 73.414008 | AD78: =(SUM(X78:AB78)/SUM(X$89:AB$89))*AD$89 -> 78.098758 | AE78: =(SUM(Y78:AC78)/SUM(Y$89:AC$89))*AE$89 -> 69.766256 | AF78: =(SUM(Z78:AD78)/SUM(Z$89:AD$89))*AF$89 -> 68.24508 | AG78: =(SUM(AA78:AE78)/SUM(AA$89:AE$89))*AG$89 -> 63.383093 | AH78: =(SUM(AB78:AF78)/SUM(AB$89:AF$89))*AH$89 -> 65.798475
A79: January | B79: =B206/B$232 -> 16.50641 | C79: =C206/C$232 -> 17.155052 | D79: =D206/D$232 -> 13.045939 | E79: =E206/E$232 -> 24.522791 | F79: =F206/F$232 -> 27.796204 | G79: =G206/G$232 -> 28.508179 | H79: =H206/H$232 -> 41.514145 | I79: =I206/I$232 -> 35.172425 | ... Y79: =Y206/Y$232 -> 68.165303 | Z79: =(SUM(T79:X79)/SUM(T$89:X$89))*Z$89 -> 71.929101 | AA79: =(SUM(U79:Y79)/SUM(U$89:Y$89))*AA$89 -> 67.782842 | AB79: =(SUM(V79:Z79)/SUM(V$89:Z$89))*AB$89 -> 74.781803 | AC79: =(SUM(W79:AA79)/SUM(W$89:AA$89))*AC$89 -> 75.821859 | AD79: =(SUM(X79:AB79)/SUM(X$89:AB$89))*AD$89 -> 83.592076 | AE79: =(SUM(Y79:AC79)/SUM(Y$89:AC$89))*AE$89 -> 74.319213 | AF79: =(SUM(Z79:AD79)/SUM(Z$89:AD$89))*AF$89 -> 70.382622 | AG79: =(SUM(AA79:AE79)/SUM(AA$89:AE$89))*AG$89 -> 65.633336 | AH79: =(SUM(AB79:AF79)/SUM(AB$89:AF$89))*AH$89 -> 68.289679
A80: February | B80: =B207/B$232 -> 16.50641 | C80: =C207/C$232 -> 17.195545 | D80: =D207/D$232 -> 14.395911 | E80: =E207/E$232 -> 22.20441 | F80: =F207/F$232 -> 25.876654 | G80: =G207/G$232 -> 13.687955 | H80: =H207/H$232 -> 41.455971 | I80: =I207/I$232 -> 28.921651 | ... Y80: =Y207/Y$232 -> 62.530629 | Z80: =(SUM(T80:X80)/SUM(T$89:X$89))*Z$89 -> 68.539978 | AA80: =(SUM(U80:Y80)/SUM(U$89:Y$89))*AA$89 -> 69.082047 | AB80: =(SUM(V80:Z80)/SUM(V$89:Z$89))*AB$89 -> 69.711847 | AC80: =(SUM(W80:AA80)/SUM(W$89:AA$89))*AC$89 -> 68.936609 | AD80: =(SUM(X80:AB80)/SUM(X$89:AB$89))*AD$89 -> 78.586819 | AE80: =(SUM(Y80:AC80)/SUM(Y$89:AC$89))*AE$89 -> 70.239255 | AF80: =(SUM(Z80:AD80)/SUM(Z$89:AD$89))*AF$89 -> 66.796668 | AG80: =(SUM(AA80:AE80)/SUM(AA$89:AE$89))*AG$89 -> 62.190101 | AH80: =(SUM(AB80:AF80)/SUM(AB$89:AF$89))*AH$89 -> 63.851204
A81: March | B81: =B208/B$232 -> 16.50641 | C81: =C208/C$232 -> 17.321322 | D81: =D208/D$232 -> 13.277925 | E81: =E208/E$232 -> 16.877842 | F81: =F208/F$232 -> 28.596885 | G81: =G208/G$232 -> 11.974085 | H81: =H208/H$232 -> 43.65221 | I81: =I208/I$232 -> 28.817427 | ... Y81: =Y208/Y$232 -> 83.110399 | Z81: =(SUM(T81:X81)/SUM(T$89:X$89))*Z$89 -> 80.955869 | AA81: =(SUM(U81:Y81)/SUM(U$89:Y$89))*AA$89 -> 81.633615 | AB81: =(SUM(V81:Z81)/SUM(V$89:Z$89))*AB$89 -> 89.171124 | AC81: =(SUM(W81:AA81)/SUM(W$89:AA$89))*AC$89 -> 88.483124 | AD81: =(SUM(X81:AB81)/SUM(X$89:AB$89))*AD$89 -> 98.061597 | AE81: =(SUM(Y81:AC81)/SUM(Y$89:AC$89))*AE$89 -> 87.768539 | AF81: =(SUM(Z81:AD81)/SUM(Z$89:AD$89))*AF$89 -> 82.504532 | AG81: =(SUM(AA81:AE81)/SUM(AA$89:AE$89))*AG$89 -> 77.63686 | AH81: =(SUM(AB81:AF81)/SUM(AB$89:AF$89))*AH$89 -> 80.381723
A82: April | B82: =B209/B$232 -> 16.50641 | C82: =C209/C$232 -> 17.002119 | D82: =D209/D$232 -> 13.301491 | E82: =E209/E$232 -> 16.840525 | F82: =F209/F$232 -> 20.842911 | G82: =G209/G$232 -> 6.0391656 | H82: =H209/H$232 -> 41.226139 | I82: =I209/I$232 -> 30.306632 | ... Y82: =Y209/Y$232 -> 66.364224 | Z82: =(SUM(T82:X82)/SUM(T$89:X$89))*Z$89 -> 67.060478 | AA82: =(SUM(U82:Y82)/SUM(U$89:Y$89))*AA$89 -> 68.358782 | AB82: =(SUM(V82:Z82)/SUM(V$89:Z$89))*AB$89 -> 70.967705 | AC82: =(SUM(W82:AA82)/SUM(W$89:AA$89))*AC$89 -> 72.74441 | AD82: =(SUM(X82:AB82)/SUM(X$89:AB$89))*AD$89 -> 83.025177 | AE82: =(SUM(Y82:AC82)/SUM(Y$89:AC$89))*AE$89 -> 71.627136 | AF82: =(SUM(Z82:AD82)/SUM(Z$89:AD$89))*AF$89 -> 68.170645 | AG82: =(SUM(AA82:AE82)/SUM(AA$89:AE$89))*AG$89 -> 63.963351 | AH82: =(SUM(AB82:AF82)/SUM(AB$89:AF$89))*AH$89 -> 66.061554
A83: May | B83: =B210/B$232 -> 16.50641 | C83: =C210/C$232 -> 17.166693 | D83: =D210/D$232 -> 18.215664 | E83: =E210/E$232 -> 22.018634 | F83: =F210/F$232 -> 18.795051 | G83: =G210/G$232 -> 26.029114 | H83: =H210/H$232 -> 52.320949 | I83: =I210/I$232 -> 27.20522 | ... Y83: =Y210/Y$232 -> 66.213807 | Z83: =(SUM(T83:X83)/SUM(T$89:X$89))*Z$89 -> 70.499689 | AA83: =(SUM(U83:Y83)/SUM(U$89:Y$89))*AA$89 -> 68.071405 | AB83: =(SUM(V83:Z83)/SUM(V$89:Z$89))*AB$89 -> 73.121108 | AC83: =(SUM(W83:AA83)/SUM(W$89:AA$89))*AC$89 -> 69.718388 | AD83: =(SUM(X83:AB83)/SUM(X$89:AB$89))*AD$89 -> 78.624774 | AE83: =(SUM(Y83:AC83)/SUM(Y$89:AC$89))*AE$89 -> 72.068473 | AF83: =(SUM(Z83:AD83)/SUM(Z$89:AD$89))*AF$89 -> 67.771363 | AG83: =(SUM(AA83:AE83)/SUM(AA$89:AE$89))*AG$89 -> 63.070491 | AH83: =(SUM(AB83:AF83)/SUM(AB$89:AF$89))*AH$89 -> 65.118763
A84: June | B84: =B211/B$232 -> 16.50641 | C84: =C211/C$232 -> 17.087592 | D84: =D211/D$232 -> 23.169092 | E84: =E211/E$232 -> 17.221047 | F84: =F211/F$232 -> 17.399322 | G84: =G211/G$232 -> 5.443425 | H84: =H211/H$232 -> 37.661773 | I84: =I211/I$232 -> 32.053095 | ... Y84: =Y211/Y$232 -> 59.38645 | Z84: =(SUM(T84:X84)/SUM(T$89:X$89))*Z$89 -> 59.964627 | AA84: =(SUM(U84:Y84)/SUM(U$89:Y$89))*AA$89 -> 59.649785 | AB84: =(SUM(V84:Z84)/SUM(V$89:Z$89))*AB$89 -> 60.929017 | AC84: =(SUM(W84:AA84)/SUM(W$89:AA$89))*AC$89 -> 63.234123 | AD84: =(SUM(X84:AB84)/SUM(X$89:AB$89))*AD$89 -> 69.274786 | AE84: =(SUM(Y84:AC84)/SUM(Y$89:AC$89))*AE$89 -> 62.851074 | AF84: =(SUM(Z84:AD84)/SUM(Z$89:AD$89))*AF$89 -> 58.927499 | AG84: =(SUM(AA84:AE84)/SUM(AA$89:AE$89))*AG$89 -> 55.105602 | AH84: =(SUM(AB84:AF84)/SUM(AB$89:AF$89))*AH$89 -> 56.812276
A85: July | B85: =B212/B$232 -> 16.50641 | C85: =C212/C$232 -> 17.815575 | D85: =D212/D$232 -> 13.051351 | E85: =E212/E$232 -> 24.302159 | F85: =F212/F$232 -> 33.427753 | G85: =G212/G$232 -> 4.0991577 | H85: =H212/H$232 -> 43.771023 | I85: =I212/I$232 -> 31.522328 | ... Y85: =Y212/Y$232 -> 75.451979 | Z85: =(SUM(T85:X85)/SUM(T$89:X$89))*Z$89 -> 64.857003 | AA85: =(SUM(U85:Y85)/SUM(U$89:Y$89))*AA$89 -> 67.87939 | AB85: =(SUM(V85:Z85)/SUM(V$89:Z$89))*AB$89 -> 70.354714 | AC85: =(SUM(W85:AA85)/SUM(W$89:AA$89))*AC$89 -> 70.482169 | AD85: =(SUM(X85:AB85)/SUM(X$89:AB$89))*AD$89 -> 80.829274 | AE85: =(SUM(Y85:AC85)/SUM(Y$89:AC$89))*AE$89 -> 72.358894 | AF85: =(SUM(Z85:AD85)/SUM(Z$89:AD$89))*AF$89 -> 66.711068 | AG85: =(SUM(AA85:AE85)/SUM(AA$89:AE$89))*AG$89 -> 63.122868 | AH85: =(SUM(AB85:AF85)/SUM(AB$89:AF$89))*AH$89 -> 65.016394
A86: August | B86: =B213/B$232 -> 16.50641 | C86: =C213/C$232 -> 17.271774 | D86: =D213/D$232 -> 12.080498 | E86: =E213/E$232 -> 19.285703 | F86: =F213/F$232 -> 23.788122 | G86: =G213/G$232 -> 8.4298153 | H86: =H213/H$232 -> 35.54831 | I86: =I213/I$232 -> 33.59079 | ... Y86: =Y213/Y$232 -> 72.736476 | Z86: =(SUM(T86:X86)/SUM(T$89:X$89))*Z$89 -> 67.825376 | AA86: =(SUM(U86:Y86)/SUM(U$89:Y$89))*AA$89 -> 67.905998 | AB86: =(SUM(V86:Z86)/SUM(V$89:Z$89))*AB$89 -> 73.566266 | AC86: =(SUM(W86:AA86)/SUM(W$89:AA$89))*AC$89 -> 74.825653 | AD86: =(SUM(X86:AB86)/SUM(X$89:AB$89))*AD$89 -> 81.541913 | AE86: =(SUM(Y86:AC86)/SUM(Y$89:AC$89))*AE$89 -> 73.983123 | AF86: =(SUM(Z86:AD86)/SUM(Z$89:AD$89))*AF$89 -> 68.831098 | AG86: =(SUM(AA86:AE86)/SUM(AA$89:AE$89))*AG$89 -> 64.852841 | AH86: =(SUM(AB86:AF86)/SUM(AB$89:AF$89))*AH$89 -> 67.181335
A87: September | B87: =B214/B$232 -> 16.50641 | C87: =C214/C$232 -> 17.264136 | D87: =D214/D$232 -> 13.089887 | E87: =E214/E$232 -> 19.55449 | F87: =F214/F$232 -> 25.37508 | G87: =G214/G$232 -> 14.113807 | H87: =H214/H$232 -> 39.516011 | I87: =I214/I$232 -> 29.303009 | ... Y87: =Y214/Y$232 -> 63.406261 | Z87: =(SUM(T87:X87)/SUM(T$89:X$89))*Z$89 -> 59.058963 | AA87: =(SUM(U87:Y87)/SUM(U$89:Y$89))*AA$89 -> 60.643576 | AB87: =(SUM(V87:Z87)/SUM(V$89:Z$89))*AB$89 -> 62.851007 | AC87: =(SUM(W87:AA87)/SUM(W$89:AA$89))*AC$89 -> 64.656806 | AD87: =(SUM(X87:AB87)/SUM(X$89:AB$89))*AD$89 -> 71.103342 | AE87: =(SUM(Y87:AC87)/SUM(Y$89:AC$89))*AE$89 -> 64.396127 | AF87: =(SUM(Z87:AD87)/SUM(Z$89:AD$89))*AF$89 -> 59.917872 | AG87: =(SUM(AA87:AE87)/SUM(AA$89:AE$89))*AG$89 -> 56.450731 | AH87: =(SUM(AB87:AF87)/SUM(AB$89:AF$89))*AH$89 -> 58.201627
A88: October | B88: =B215/B$232 -> 18.429487 | C88: =C215/C$232 -> 19.189769 | D88: =D215/D$232 -> 10.864838 | E88: =E215/E$232 -> 22.440734 | F88: =F215/F$232 -> 26.670885 | G88: =G215/G$232 -> -0.86133939 | H88: =H215/H$232 -> 43.598472 | I88: =I215/I$232 -> 27.359761 | ... Y88: =Y215/Y$232 -> 64.941925 | Z88: =Z89-SUM(Z77:Z87) -> 56.464354 | AA88: =AA89-SUM(AA77:AA87) -> 58.881242 | AB88: =AB89-SUM(AB77:AB87) -> 63.470361 | AC88: =AC89-SUM(AC77:AC87) -> 63.316593 | AD88: =AD89-SUM(AD77:AD87) -> 72.030811 | AE88: =AE89-SUM(AE77:AE87) -> 63.661781 | AF88: =AF89-SUM(AF77:AF87) -> 59.136633 | AG88: =AG89-SUM(AG77:AG87) -> 56.0513 | AH88: =AH89-SUM(AH77:AH87) -> 57.965707
A89: Total | B89: 200 | C89: 209 | D89: 171 | E89: 243 | F89: 301 | G89: 153 | H89: 496 | I89: 365 | J89: 391 | K89: 400 | L89: 435 | M89: 460 | N89: 485 | O89: 460 | P89: 610 | Q89: 640 | R89: 700 | S89: 700 | T89: 700 | U89: 700 | V89: 750 | W89: 750 | X89: 770 | Y89: 800 | Z89: 800 | AA89: 800 | AB89: 850 | AC89: 850 | AD89: =AD12 -> 950 | AE89: =AE12 -> 850 | AF89: =AF12 -> 800 | AG89: =AG12 -> 750 | AH89: =AH12 -> 775
A91: RAPESEED MEAL PRODUCTION (1,000 Tonnes)
B92: =B$2 -> 93/94 | C92: =C$2 -> 94/95 | D92: =D$2 -> 95/96 | E92: =E$2 -> 96/97 | F92: =F$2 -> 97/98 | G92: =G$2 -> 98/99 | H92: =H$2 -> 99/00 | I92: =I$2 -> 00/01 | ... AH92: =AH$2 -> 25/26
A93: November | B93: =B77*B$121 -> 9.3261218 | C93: =C77*C$121 -> 9.7478229 | D93: =D77*D$121 -> 7.6404468 | E93: =E77*E$121 -> 9.8813471 | F93: =F77*F$121 -> 14.033075 | G93: =G77*G$121 -> 8.2954123 | H93: =H77*H$121 -> 25.05889 | I93: =I77*I$121 -> 19.148955 | ... AH93: =AH77*AH$121 -> 34.704474
A94: December | B94: =B78*B$121 -> 9.3261218 | C94: =C78*C$121 -> 9.7478229 | D94: =D78*D$121 -> 7.7059453 | E94: =E78*E$121 -> 11.857061 | F94: =F78*F$121 -> 15.927572 | G94: =G78*G$121 -> 12.14396 | H94: =H78*H$121 -> 18.458195 | I94: =I78*I$121 -> 15.801755 | ... AH94: =AH78*AH$121 -> 37.855664
A95: January | B95: =B79*B$121 -> 9.3261218 | C95: =C79*C$121 -> 9.6856274 | D95: =D79*D$121 -> 7.5529118 | E95: =E79*E$121 -> 14.128357 | F95: =F79*F$121 -> 15.883545 | G95: =G79*G$121 -> 16.396861 | H95: =H79*H$121 -> 23.853894 | I95: =I79*I$121 -> 20.23619 | ... AH95: =AH79*AH$121 -> 39.288922
A96: February | B96: =B80*B$121 -> 9.3261218 | C96: =C80*C$121 -> 9.7084896 | D96: =D80*D$121 -> 8.3344748 | E96: =E80*E$121 -> 12.792664 | F96: =F80*F$121 -> 14.786659 | G96: =G80*G$121 -> 7.8728108 | H96: =H80*H$121 -> 23.820467 | I96: =I80*I$121 -> 16.639854 | ... AH96: =AH80*AH$121 -> 36.735346
A97: March | B97: =B81*B$121 -> 9.3261218 | C97: =C81*C$121 -> 9.7795024 | D97: =D81*D$121 -> 7.6872195 | E97: =E81*E$121 -> 9.7238593 | F97: =F81*F$121 -> 16.341077 | G97: =G81*G$121 -> 6.8870554 | H97: =H81*H$121 -> 25.082419 | I97: =I81*I$121 -> 16.57989 | ... AH97: =AH81*AH$121 -> 46.245806
A98: April | B98: =B82*B$121 -> 9.3261218 | C98: =C82*C$121 -> 9.5992823 | D98: =D82*D$121 -> 7.7008632 | E98: =E82*E$121 -> 9.7023602 | F98: =F82*F$121 -> 11.910235 | G98: =G82*G$121 -> 3.473507 | H98: =H82*H$121 -> 23.688406 | I98: =I82*I$121 -> 17.436692 | ... AH98: =AH82*AH$121 -> 38.007021
A99: May | B99: =B83*B$121 -> 9.3261218 | C99: =C83*C$121 -> 9.6921999 | D99: =D83*D$121 -> 10.545911 | E99: =E83*E$121 -> 12.685633 | F99: =F83*F$121 -> 10.740029 | G99: =G83*G$121 -> 14.970993 | H99: =H83*H$121 -> 30.063448 | I99: =I83*I$121 -> 15.652318 | ... AH99: =AH83*AH$121 -> 37.464607
A100: June | B100: =B84*B$121 -> 9.3261218 | C100: =C84*C$121 -> 9.6475399 | D100: =D84*D$121 -> 13.413685 | E100: =E84*E$121 -> 9.9215909 | F100: =F84*F$121 -> 9.9424697 | G100: =G84*G$121 -> 3.1308589 | H100: =H84*H$121 -> 21.640333 | I100: =I84*I$121 -> 18.441507 | ... AH100: =AH84*AH$121 -> 32.685658
A101: July | B101: =B85*B$121 -> 9.3261218 | C101: =C85*C$121 -> 10.058554 | D101: =D85*D$121 -> 7.5560453 | E101: =E85*E$121 -> 14.001244 | F101: =F85*F$121 -> 19.101573 | G101: =G85*G$121 -> 2.3576855 | H101: =H85*H$121 -> 25.150688 | I101: =I85*I$121 -> 18.136134 | ... AH101: =AH85*AH$121 -> 37.405711
A102: August | B102: =B86*B$121 -> 9.3261218 | C102: =C86*C$121 -> 9.7515282 | D102: =D86*D$121 -> 6.9939726 | E102: =E86*E$121 -> 11.111105 | F102: =F86*F$121 -> 13.593212 | G102: =G86*G$121 -> 4.8485212 | H102: =H86*H$121 -> 20.425944 | I102: =I86*I$121 -> 19.326208 | ... AH102: =AH86*AH$121 -> 38.651261
A103: September | B103: =B87*B$121 -> 9.3261218 | C103: =C87*C$121 -> 9.7472153 | D103: =D87*D$121 -> 7.5783558 | E103: =E87*E$121 -> 11.265961 | F103: =F87*F$121 -> 14.500046 | G103: =G87*G$121 -> 8.1177454 | H103: =H87*H$121 -> 22.705772 | I103: =I87*I$121 -> 16.859265 | ... AH103: =AH87*AH$121 -> 33.484989
...

Sheet China Rapeseed
A1: CHINA RAPESEED COMPLEX SUPPLY AND DEMAND
B2: 93/94 | C2: 94/95 | D2: 95/96 | E2: 96/97 | F2: 97/98 | G2: 98/99 | H2: 99/00 | I2: 00/01 | J2: 01/02 | K2: 02/03 | L2: 03/04 | M2: 04/05 | N2: 05/06 | O2: 06/07 | P2: 07/08 | Q2: 08/09 | R2: 09/10 | S2: 10/11 | T2: 11/12 | U2: 12/13 | V2: 13/14 | W2: 14/15 | X2: 15/16 | Y2: 16/17 | Z2: 17/18 | AA2: 18/19 | AB2: 19/20 | AC2: 20/21 | AD2: 21/22 | AE2: 22/23 | AF2: 23/24 | AG2: 24/25 | AH2: 25/26
A3: CHINA RAPESEED SUPPLY AND DEMAND (1,000 Hectares/1,000 Tonnes)
A4: Planted Acres | B4: =B5/0.985 -> 5380.7107 | C4: =C5/0.985 -> 5871.066 | D4: =D5/0.985 -> 7012.1827 | E4: =E5/0.985 -> 6836.5482 | F4: =F5/0.985 -> 6573.6041 | G4: =G5/0.985 -> 6626.3959 | H4: =H5/0.985 -> 7004.0609 | I4: =I5/0.985 -> 7608.1218 | ... Z4: =Z5/0.985 -> 6754.3147 | AA4: =MROUND(FORECAST(AA5,B4:Z4,B5:Z5),25) -> 6650 | AB4: =MROUND(FORECAST(AB5,C4:AA4,C5:AA5),25) -> 6675 | AC4: =MROUND(FORECAST(AC5,D4:AB4,D5:AB5),25) -> 6875 | AD4: =MROUND(FORECAST(AD5,E4:AC4,E5:AC5),25) -> 7100 | AE4: =MROUND(FORECAST(AE5,F4:AD4,F5:AD5),25) -> 7375 | AF4: =MROUND(FORECAST(AF5,G4:AE4,G5:AE5),25) -> 7900 | AG4: =MROUND(FORECAST(AG5,H4:AF4,H5:AF5),25) -> 7525 | AH4: =MROUND(FORECAST(AH5,I4:AG4,I5:AG5),25)+500 -> 7650 | AI4: =MROUND(FORECAST(AI5,J4:AH4,J5:AH5),25) -> 7225
A5: Harvested Acres | B5: 5300 | C5: 5783 | D5: 6907 | E5: 6734 | F5: 6475 | G5: 6527 | H5: 6899 | I5: 7494 | J5: 7095 | K5: 7143 | L5: 7221 | M5: 7271 | N5: 7278 | O5: 5984 | P5: 5642 | Q5: 6594 | R5: 7278 | S5: 7370 | T5: 7347 | U5: 7432 | V5: 7193 | W5: 7158 | X5: 7028 | Y5: 6623 | Z5: 6653 | AA5: 6551 | AB5: 6583 | AC5: 6765 | AD5: 6992 | AE5: 7253 | AF5: 7790 | AG5: 7400 | AH5: =MROUND(FORECAST(AH42,S5:AG5,S42:AG42),50) -> 7050 | AI5: =MROUND(FORECAST(AI42,T5:AH5,T42:AH42),50) -> 7100
A6: Harvested Percent | B6: =B5/B4 -> 0.985 | C6: =C5/C4 -> 0.985 | D6: =D5/D4 -> 0.985 | E6: =E5/E4 -> 0.985 | F6: =F5/F4 -> 0.985 | G6: =G5/G4 -> 0.985 | H6: =H5/H4 -> 0.985 | I6: =I5/I4 -> 0.985 | ... AH6: =AH5/AH4 -> 0.92156863
A7: Yield (Tonnes per Hectare) | B7: =B9/B5 -> 1.309434 | C7: =C9/C5 -> 1.2955214 | D7: =D9/D5 -> 1.4155205 | E7: =E9/E5 -> 1.3662014 | F7: =F9/F5 -> 1.4792278 | G7: =G9/G5 -> 1.2716409 | H7: =H9/H5 -> 1.4686186 | I7: =I9/I5 -> 1.5186816 | ... AG7: =AG9/AG5 -> 2.1283784 | AH7: =FORECAST(AH42,X7:AG7,X42:AG42) -> 2.1633873
A8: Carryin (October 1) | B8: 0 | C8: =B17 -> 0 | D8: =C17 -> 0 | E8: =D17 -> 0 | F8: =E17 -> 0 | G8: =F17 -> 0 | H8: =G17 -> 0 | I8: =H17 -> 0 | J8: =I17 -> 0 | ... AH8: =AG17 -> 1750
A9: Production | B9: 6940 | C9: 7492 | D9: 9777 | E9: 9200 | F9: 9578 | G9: 8300 | H9: 10132 | I9: 11381 | J9: 11331 | K9: 10552 | L9: 11420 | M9: 13182 | N9: 13052 | O9: 10966 | P9: 10573 | Q9: 12102 | R9: 13657 | S9: 13082 | T9: 13426 | U9: 14007 | V9: 13523 | W9: 13914 | X9: 13859 | Y9: 13128 | Z9: 13274 | AA9: 13281 | AB9: 13485 | AC9: 14049 | AD9: 14714 | AE9: 15531 | AF9: 16321 | AG9: 15750 | AH9: =AH7*AH5 -> 15251.88
A10: Imports | B10: =B57 -> 0.41 | C10: =C57 -> 315.19235 | D10: =D57 -> 0.340552 | E10: =E57 -> 0.556115 | F10: =F57 -> 287.98585 | G10: =G57 -> 2194.743 | H10: =H57 -> 3677.8832 | I10: =I57 -> 2361.4393 | ... AC10: =AC57 -> 2785.0778 | AD10: =2400+1100-200-750-893 -> 1657 | AE10: 5335 | AF10: 4200 | AG10: 2750 | AH10: 3252
A11: Total Supply | B11: =SUM(B8:B10) -> 6940.41 | C11: =SUM(C8:C10) -> 7807.1924 | D11: =SUM(D8:D10) -> 9777.3406 | E11: =SUM(E8:E10) -> 9200.5561 | F11: =SUM(F8:F10) -> 9865.9858 | G11: =SUM(G8:G10) -> 10494.743 | H11: =SUM(H8:H10) -> 13809.883 | I11: =SUM(I8:I10) -> 13742.439 | ... AH11: =SUM(AH8:AH10) -> 20253.88
A12: Crush | B12: 6200 | C12: 6954 | D12: 8793 | E12: 8370 | F12: 8950 | G12: 9545 | H12: 12707 | I12: 12530 | J12: 11405 | K12: 10016 | L12: 11248 | M12: 12848 | N12: 13056 | O12: 11457 | P12: 10903 | Q12: 13240 | R12: 14564 | S12: 14170 | T12: 16100 | U12: 17000 | V12: 18000 | W12: 18000 | X12: 17500 | Y12: 16800 | Z12: 17300 | AA12: 16475 | AB12: 15485 | AC12: 16000 | AD12: 16500 | AE12: 18500 | AF12: 19800 | AG12: 18800 | AH12: 16500
A13: Exports | B13: =B73 -> 31.406 | C13: =C73 -> 0.1627 | D13: =D73 -> 7.259623 | E13: =E73 -> 0.024503 | F13: =F73 -> 0.72962 | G13: =G73 -> 0.554685 | H13: =H73 -> 1.054045 | I13: =I73 -> 0.125699 | ... AC13: =AC73 -> 0.177 | AD13: 0.2 | AE13: 0.2 | AF13: 0.2 | AG13: 0.2 | AH13: 0.2
A14: Seed and Other | B14: =ROUND(C5*0.0072,0) -> 42 | C14: =ROUND(D5*0.0072,0) -> 50 | D14: =ROUND(E5*0.0072,0) -> 48 | E14: =ROUND(F5*0.0072,0) -> 47 | F14: =ROUND(G5*0.0072,0) -> 47 | G14: =ROUND(H5*0.0072,0) -> 50 | H14: =ROUND(I5*0.0072,0) -> 54 | I14: =ROUND(J5*0.0072,0) -> 51 | ... AH14: =ROUND(AI5*0.0072,0) -> 51
A15: Residual | B15: =B16-SUM(B12:B14) -> 667.004 | C15: =C16-SUM(C12:C14) -> 803.02965 | D15: =D16-SUM(D12:D14) -> 929.08093 | E15: =E16-SUM(E12:E14) -> 783.53161 | F15: =F16-SUM(F12:F14) -> 868.25623 | G15: =G16-SUM(G12:G14) -> 899.18834 | H15: =H16-SUM(H12:H14) -> 1047.8291 | I15: =I16-SUM(I12:I14) -> 1161.3136 | ... AH15: =AH16-SUM(AH12:AH14) -> 2200.6802
A16: Total Use | B16: =B11-B17 -> 6940.41 | C16: =C11-C17 -> 7807.1924 | D16: =D11-D17 -> 9777.3406 | E16: =E11-E17 -> 9200.5561 | F16: =F11-F17 -> 9865.9858 | G16: =G11-G17 -> 10494.743 | H16: =H11-H17 -> 13809.883 | I16: =I11-I17 -> 13742.439 | ... AH16: =AH11-AH17 -> 18751.88
A17: Carryout (September 30) | B17: 0 | C17: 0 | D17: 0 | E17: 0 | F17: 0 | G17: 0 | H17: 0 | I17: 0 | J17: 0 | K17: 0 | L17: 0 | M17: 0 | N17: 0 | O17: 0 | P17: 0 | Q17: 1394 | R17: 2114 | S17: 1406 | T17: 804 | U17: 632 | V17: 1252 | W17: 1207 | X17: 1076 | Y17: 1165 | Z17: 1353 | AA17: 1145 | AB17: 1203 | AC17: 1522 | AD17: 868 | AE17: 2609 | AF17: 2630 | AG17: 1750 | AH17: 1502
A18: Stocks-to-Usage | Q18: =Q17/Q16 -> 0.10144052 | R18: =R17/R16 -> 0.13986862 | S18: =S17/S16 -> 0.095516957 | T18: =T17/T16 -> 0.048289322 | U18: =U17/U16 -> 0.035909999 | V18: =V17/V16 -> 0.069754822 | W18: =W17/W16 -> 0.065066863 | X18: =X17/X16 -> 0.059776009 | ... AH18: =AH17/AH16 -> 0.080098635
A19: Average Price (Dollars per Ton)
A20: CHINA RAPESEED MEAL SUPPLY AND DEMAND (1,000 Tonnes)
A21: Crush (October - September) | B21: =SUM(B77:B88) -> 6200 | C21: =SUM(C77:C88) -> 6954 | D21: =SUM(D77:D88) -> 8793 | E21: =SUM(E77:E88) -> 8370 | F21: =SUM(F77:F88) -> 8950 | G21: =SUM(G77:G88) -> 9545 | H21: =SUM(H77:H88) -> 12707 | I21: =SUM(I77:I88) -> 12530 | ... AH21: =SUM(AH77:AH88) -> 16500
A22: Carryin (October 1) | B22: 0 | C22: =B29 -> 0 | D22: =C29 -> 0 | E22: =D29 -> 0 | F22: =E29 -> 0 | G22: =F29 -> 0 | H22: =G29 -> 0 | I22: =H29 -> 0 | J22: =I29 -> 0 | ... AH22: =AG29 -> 1
A23: Production | B23: 3755 | C23: 4210 | D23: 5320 | E23: 5022 | F23: 5370 | G23: 5727 | H23: 7625 | I23: 7455 | J23: 6786 | K23: 5960 | L23: 6692 | M23: 7644 | N23: 7768 | O23: 6817 | P23: 6487 | Q23: 7878 | R23: 8666 | S23: 8431 | T23: 9580 | U23: 10115 | V23: 10622 | W23: 10622 | X23: 10327 | Y23: 9914 | Z23: 10209 | AA23: 9722 | AB23: 9138 | AC23: 9442 | AD23: =AD105 -> 9737.0873 | AE23: =AE105 -> 10928.282 | AF23: =AF105 -> 11690.939 | AG23: =AG105 -> 11099.149 | AH23: =AH105 -> 9737.3583
A24: Imports | B24: =B137 -> 0 | C24: =C137 -> 10.715 | D24: =D137 -> 0.086 | E24: =E137 -> 2.214 | F24: =F137 -> 150.876 | G24: =G137 -> 27.513 | H24: =H137 -> 65.503 | I24: =I137 -> 0.008 | ... AC24: =AC137 -> 1580.1409 | AD24: 1750 | AE24: 1750 | AF24: 1752 | AG24: 1753 | AH24: 1754
A25: Total Supply | B25: =SUM(B22:B24) -> 3755 | C25: =SUM(C22:C24) -> 4220.715 | D25: =SUM(D22:D24) -> 5320.086 | E25: =SUM(E22:E24) -> 5024.214 | F25: =SUM(F22:F24) -> 5520.876 | G25: =SUM(G22:G24) -> 5754.513 | H25: =SUM(H22:H24) -> 7690.503 | I25: =SUM(I22:I24) -> 7455.008 | ... AH25: =SUM(AH22:AH24) -> 11492.358
A26: Domestic Usage | B26: =B28-B27 -> 3755 | C26: =C28-C27 -> 4134.584 | D26: =D28-D27 -> 5013.408 | E26: =E28-E27 -> 4570.621 | F26: =F28-F27 -> 5506.658 | G26: =G28-G27 -> 5596.607 | H26: =H28-H27 -> 6692.451 | I26: =I28-I27 -> 6844.2396 | ... AH26: =AH28-AH27 -> 11483.358
A27: Exports | B27: =B153 -> 0 | C27: =C153 -> 86.131 | D27: =D153 -> 306.678 | E27: =E153 -> 453.593 | F27: =F153 -> 14.218 | G27: =G153 -> 157.906 | H27: =H153 -> 998.052 | I27: =I153 -> 610.76837 | ... AC27: =AC153 -> 3.17403 | AD27: 5 | AE27: 5 | AF27: 5 | AG27: 6 | AH27: 7
A28: Total Use | B28: =B25-B29 -> 3755 | C28: =C25-C29 -> 4220.715 | D28: =D25-D29 -> 5320.086 | E28: =E25-E29 -> 5024.214 | F28: =F25-F29 -> 5520.876 | G28: =G25-G29 -> 5754.513 | H28: =H25-H29 -> 7690.503 | I28: =I25-I29 -> 7455.008 | ... AH28: =AH25-AH29 -> 11490.358
A29: Carryout (September 30) | B29: 0 | C29: 0 | D29: 0 | E29: 0 | F29: 0 | G29: 0 | H29: 0 | I29: 0 | J29: 0 | K29: 0 | L29: 0 | M29: 0 | N29: 0 | O29: 0 | P29: 0 | Q29: 0 | R29: 0 | S29: 0 | T29: 0 | U29: 0 | V29: 0 | W29: 0 | X29: 0 | Y29: 0 | Z29: 0 | AA29: 0 | AB29: 0 | AC29: 0 | AD29: 0 | AE29: 0 | AF29: 0 | AG29: 1 | AH29: 2
A30: Average Price (50%, Dollars per Ton)
A31: CHINA RAPESEED OIL SUPPLY AND DEMAND (1,000 Tonnes)
A32: Carryin (October 1) | B32: 0 | C32: =B39 -> 0 | D32: =C39 -> 0 | E32: =D39 -> 0 | F32: =E39 -> 0 | G32: =F39 -> 0 | H32: =G39 -> 0 | I32: =H39 -> 176 | J32: =I39 -> 108 | ... AC32: =AB39 -> 1100 | AD32: 840 | AE32: 840 | AF32: 840 | AG32: 841 | AH32: 842
A33: Production | B33: 2230 | C33: 2505 | D33: 3165 | E33: 3015 | F33: 3220 | G33: 3580 | H33: 4765 | I33: 4700 | J33: 4277 | K33: 3806 | L33: 4274 | M33: 4882 | N33: 4961 | O33: 4411 | P33: 4198 | Q33: 5097 | R33: 5680 | S33: 5526 | T33: 6279 | U33: 6630 | V33: 7020 | W33: 7020 | X33: 6825 | Y33: 6552 | Z33: 6747 | AA33: 6425 | AB33: 6039 | AC33: 6240 | AD33: 6162 | AE33: =AE216 -> 7215.052 | AF33: =AF216 -> 7722.1376 | AG33: =AG216 -> 7332.0711 | AH33: =AH216 -> 6434.9351
A34: Imports | B34: =B264 -> 207.395 | C34: =C264 -> 944.1442 | D34: =D264 -> 298.293 | E34: =E264 -> 290.55151 | F34: =F264 -> 322.91152 | G34: =G264 -> 153.19272 | H34: =H264 -> 38.724451 | I34: =I264 -> 84.790927 | ... AC34: =AC264 -> 2822.4502 | AD34: 2750 | AE34: 2850 | AF34: 2900 | AG34: 2901 | AH34: 2902
A35: Total Supply | B35: =SUM(B32:B34) -> 2437.395 | C35: =SUM(C32:C34) -> 3449.1442 | D35: =SUM(D32:D34) -> 3463.293 | E35: =SUM(E32:E34) -> 3305.5515 | F35: =SUM(F32:F34) -> 3542.9115 | G35: =SUM(G32:G34) -> 3733.1927 | H35: =SUM(H32:H34) -> 4803.7245 | I35: =SUM(I32:I34) -> 4960.7909 | ... AH35: =SUM(AH32:AH34) -> 10178.935
A36: Domestic Usage | B36: =B38-B37 -> 2437.395 | C36: =C38-C37 -> 3206.7415 | D36: =D38-D37 -> 3343.9323 | E36: =E38-E37 -> 3130.1557 | F36: =F38-F37 -> 3443.1252 | G36: =G38-G37 -> 3710.1591 | H36: =H38-H37 -> 4588.2491 | I36: =I38-I37 -> 4785.0848 | ... AH36: =AH38-AH37 -> 8949.9351
A37: Exports | B37: =B280 -> 0 | C37: =C280 -> 242.40266 | D37: =D280 -> 119.36071 | E37: =E280 -> 175.39585 | F37: =F280 -> 99.786307 | G37: =G280 -> 23.033649 | H37: =H280 -> 39.475349 | I37: =I280 -> 67.706134 | ... AC37: =AC280 -> 106.11446 | AD37: 125 | AE37: 125 | AF37: 125 | AG37: 126 | AH37: 127
A38: Total Use | B38: =B35-B39 -> 2437.395 | C38: =C35-C39 -> 3449.1442 | D38: =D35-D39 -> 3463.293 | E38: =E35-E39 -> 3305.5515 | F38: =F35-F39 -> 3542.9115 | G38: =G35-G39 -> 3733.1927 | H38: =H35-H39 -> 4627.7245 | I38: =I35-I39 -> 4852.7909 | ... AH38: =AH35-AH39 -> 9076.9351
A39: Carryout (September 30) | B39: 0 | C39: 0 | D39: 0 | E39: 0 | F39: 0 | G39: 0 | H39: 176 | I39: 108 | J39: 118 | K39: 144 | L39: 131 | M39: 213 | N39: 234 | O39: 171 | P39: 188 | Q39: 429 | R39: 989 | S39: 959 | T39: 1818 | U39: 3340 | V39: 4771 | W39: 4717 | X39: 3807 | Y39: 2543 | Z39: 1741 | AA39: 1271 | AB39: 1100 | AC39: 1511 | AD39: 1100 | AE39: 1100 | AF39: 1100 | AG39: 1101 | AH39: 1102
A40: Average Price (50%, Dollars per Ton)
A41: Bold Numbers are The Jacobsen Forecasts and Estimates
B42: 1993 | C42: 1994 | D42: 1995 | E42: 1996 | F42: 1997 | G42: 1998 | H42: 1999 | I42: 2000 | J42: 2001 | K42: 2002 | L42: 2003 | M42: 2004 | N42: 2005 | O42: 2006 | P42: 2007 | Q42: 2008 | R42: 2009 | S42: 2010 | T42: 2011 | U42: 2012 | V42: 2013 | W42: 2014 | X42: 2015 | Y42: 2016 | Z42: 2017 | AA42: 2018 | AB42: 2019 | AC42: 2020 | AD42: 2021 | AE42: 2022 | AF42: 2023 | AG42: 2024 | AH42: 2025 | AI42: 2026
