Workbook

Sheet World Sun Bal
A1: MAJOR PRODUCING COUNTRIES SUNFLOWER SEED SUPPLY AND DEMAND (1,000 Hectares/1,000 Tonnes)
A2: (EU, Russia, Ukraine) | B2: ='EU Sun Complex'!B2 -> 93/94 | C2: ='EU Sun Complex'!C2 -> 94/95 | D2: ='EU Sun Complex'!D2 -> 95/96 | E2: ='EU Sun Complex'!E2 -> 96/97 | F2: ='EU Sun Complex'!F2 -> 97/98 | G2: ='EU Sun Complex'!G2 -> 98/99 | H2: ='EU Sun Complex'!H2 -> 99/00 | I2: ='EU Sun Complex'!I2 -> 00/01 | ... AD2: ='EU Sun Complex'!AD2 -> 21/22
A3: Harvested Area | B3: ='EU Sun Complex'!B5+'Ukraine Sun Complex'!B5+'Russia Sun Complex'!B5 -> 9048.8583 | C3: ='EU Sun Complex'!C5+'Ukraine Sun Complex'!C5+'Russia Sun Complex'!C5 -> 9521.1758 | D3: ='EU Sun Complex'!D5+'Ukraine Sun Complex'!D5+'Russia Sun Complex'!D5 -> 10310.085 | E3: ='EU Sun Complex'!E5+'Ukraine Sun Complex'!E5+'Russia Sun Complex'!E5 -> 9975.9048 | F3: ='EU Sun Complex'!F5+'Ukraine Sun Complex'!F5+'Russia Sun Complex'!F5 -> 9643.9565 | G3: ='EU Sun Complex'!G5+'Ukraine Sun Complex'!G5+'Russia Sun Complex'!G5 -> 10369.559 | H3: ='EU Sun Complex'!H5+'Ukraine Sun Complex'!H5+'Russia Sun Complex'!H5 -> 12361 | I3: ='EU Sun Complex'!I5+'Ukraine Sun Complex'!I5+'Russia Sun Complex'!I5 -> 11045.607 | ... AD3: ='EU Sun Complex'!AD5+'Ukraine Sun Complex'!AD5+'Russia Sun Complex'!AD5 -> 19323.77
A4: Yield | B4: =B6/B3 -> 1.1707554 | C4: =C6/C3 -> 1.1126399 | D4: =D6/D3 -> 1.1285068 | E4: =E6/E3 -> 1.165383 | F4: =F6/F3 -> 1.1854367 | G4: =G6/G3 -> 1.0867772 | H4: =H6/H3 -> 1.0761225 | I4: =I6/I3 -> 1.1342066 | ... AD4: =AD6/AD3 -> 2.1276837
A5: Beginning Stocks (September 1) | B5: ='EU Sun Complex'!B8+'Ukraine Sun Complex'!B8+'Russia Sun Complex'!B8 -> 188.058 | C5: ='EU Sun Complex'!C8+'Ukraine Sun Complex'!C8+'Russia Sun Complex'!C8 -> 214.823 | D5: ='EU Sun Complex'!D8+'Ukraine Sun Complex'!D8+'Russia Sun Complex'!D8 -> 118.219 | E5: ='EU Sun Complex'!E8+'Ukraine Sun Complex'!E8+'Russia Sun Complex'!E8 -> 598.995 | F5: ='EU Sun Complex'!F8+'Ukraine Sun Complex'!F8+'Russia Sun Complex'!F8 -> 159.433 | G5: ='EU Sun Complex'!G8+'Ukraine Sun Complex'!G8+'Russia Sun Complex'!G8 -> 123.243 | H5: ='EU Sun Complex'!H8+'Ukraine Sun Complex'!H8+'Russia Sun Complex'!H8 -> 93.85 | I5: ='EU Sun Complex'!I8+'Ukraine Sun Complex'!I8+'Russia Sun Complex'!I8 -> 327.598 | ... AD5: ='EU Sun Complex'!AD8+'Ukraine Sun Complex'!AD8+'Russia Sun Complex'!AD8 -> 737
A6: Production | B6: ='EU Sun Complex'!B9+'Ukraine Sun Complex'!B9+'Russia Sun Complex'!B9 -> 10594 | C6: ='EU Sun Complex'!C9+'Ukraine Sun Complex'!C9+'Russia Sun Complex'!C9 -> 10593.64 | D6: ='EU Sun Complex'!D9+'Ukraine Sun Complex'!D9+'Russia Sun Complex'!D9 -> 11635 | E6: ='EU Sun Complex'!E9+'Ukraine Sun Complex'!E9+'Russia Sun Complex'!E9 -> 11625.75 | F6: ='EU Sun Complex'!F9+'Ukraine Sun Complex'!F9+'Russia Sun Complex'!F9 -> 11432.3 | G6: ='EU Sun Complex'!G9+'Ukraine Sun Complex'!G9+'Russia Sun Complex'!G9 -> 11269.4 | H6: ='EU Sun Complex'!H9+'Ukraine Sun Complex'!H9+'Russia Sun Complex'!H9 -> 13301.95 | I6: ='EU Sun Complex'!I9+'Ukraine Sun Complex'!I9+'Russia Sun Complex'!I9 -> 12528 | ... AD6: ='EU Sun Complex'!AD9+'Ukraine Sun Complex'!AD9+'Russia Sun Complex'!AD9 -> 41114.87
A7: Imports | B7: ='EU Sun Complex'!B10+'Ukraine Sun Complex'!B10+'Russia Sun Complex'!B10 -> 1516 | C7: ='EU Sun Complex'!C10+'Ukraine Sun Complex'!C10+'Russia Sun Complex'!C10 -> 1620 | D7: ='EU Sun Complex'!D10+'Ukraine Sun Complex'!D10+'Russia Sun Complex'!D10 -> 2543 | E7: ='EU Sun Complex'!E10+'Ukraine Sun Complex'!E10+'Russia Sun Complex'!E10 -> 2422 | F7: ='EU Sun Complex'!F10+'Ukraine Sun Complex'!F10+'Russia Sun Complex'!F10 -> 1812.652 | G7: ='EU Sun Complex'!G10+'Ukraine Sun Complex'!G10+'Russia Sun Complex'!G10 -> 2211.181 | H7: ='EU Sun Complex'!H10+'Ukraine Sun Complex'!H10+'Russia Sun Complex'!H10 -> 1367.733 | I7: ='EU Sun Complex'!I10+'Ukraine Sun Complex'!I10+'Russia Sun Complex'!I10 -> 1763.036 | ... AD7: ='EU Sun Complex'!AD10+'Ukraine Sun Complex'!AD10+'Russia Sun Complex'!AD10 -> 1204.1401
A8: Total Supply | B8: =B7+B6+B5 -> 12298.058 | C8: =C7+C6+C5 -> 12428.463 | D8: =D7+D6+D5 -> 14296.219 | E8: =E7+E6+E5 -> 14646.745 | F8: =F7+F6+F5 -> 13404.385 | G8: =G7+G6+G5 -> 13603.824 | H8: =H7+H6+H5 -> 14763.533 | I8: =I7+I6+I5 -> 14618.634 | ... AD8: =AD7+AD6+AD5 -> 43056.01
A9: Crush | B9: ='EU Sun Complex'!B12+'Ukraine Sun Complex'!B12+'Russia Sun Complex'!B12 -> 9738.3545 | C9: ='EU Sun Complex'!C12+'Ukraine Sun Complex'!C12+'Russia Sun Complex'!C12 -> 9780.8879 | D9: ='EU Sun Complex'!D12+'Ukraine Sun Complex'!D12+'Russia Sun Complex'!D12 -> 11645.965 | E9: ='EU Sun Complex'!E12+'Ukraine Sun Complex'!E12+'Russia Sun Complex'!E12 -> 10686.807 | F9: ='EU Sun Complex'!F12+'Ukraine Sun Complex'!F12+'Russia Sun Complex'!F12 -> 9893.0392 | G9: ='EU Sun Complex'!G12+'Ukraine Sun Complex'!G12+'Russia Sun Complex'!G12 -> 10397.838 | H9: ='EU Sun Complex'!H12+'Ukraine Sun Complex'!H12+'Russia Sun Complex'!H12 -> 11899.757 | I9: ='EU Sun Complex'!I12+'Ukraine Sun Complex'!I12+'Russia Sun Complex'!I12 -> 11702.301 | ... AD9: ='EU Sun Complex'!AD12+'Ukraine Sun Complex'!AD12+'Russia Sun Complex'!AD12 -> 31559.843
A10: Exports | B10: ='EU Sun Complex'!B13+'Ukraine Sun Complex'!B13+'Russia Sun Complex'!B13 -> 990 | C10: ='EU Sun Complex'!C13+'Ukraine Sun Complex'!C13+'Russia Sun Complex'!C13 -> 1152.5 | D10: ='EU Sun Complex'!D13+'Ukraine Sun Complex'!D13+'Russia Sun Complex'!D13 -> 2166.1 | E10: ='EU Sun Complex'!E13+'Ukraine Sun Complex'!E13+'Russia Sun Complex'!E13 -> 2804.2695 | F10: ='EU Sun Complex'!F13+'Ukraine Sun Complex'!F13+'Russia Sun Complex'!F13 -> 1751.3116 | G10: ='EU Sun Complex'!G13+'Ukraine Sun Complex'!G13+'Russia Sun Complex'!G13 -> 1861.2628 | H10: ='EU Sun Complex'!H13+'Ukraine Sun Complex'!H13+'Russia Sun Complex'!H13 -> 1409.1113 | I10: ='EU Sun Complex'!I13+'Ukraine Sun Complex'!I13+'Russia Sun Complex'!I13 -> 1821.8467 | ... AD10: ='EU Sun Complex'!AD13+'Ukraine Sun Complex'!AD13+'Russia Sun Complex'!AD13 -> 2274.2311
A11: Seed | B11: ='EU Sun Complex'!B14+'Ukraine Sun Complex'!B14+'Russia Sun Complex'!B14 -> 66 | C11: ='EU Sun Complex'!C14+'Ukraine Sun Complex'!C14+'Russia Sun Complex'!C14 -> 72 | D11: ='EU Sun Complex'!D14+'Ukraine Sun Complex'!D14+'Russia Sun Complex'!D14 -> 71 | E11: ='EU Sun Complex'!E14+'Ukraine Sun Complex'!E14+'Russia Sun Complex'!E14 -> 67 | F11: ='EU Sun Complex'!F14+'Ukraine Sun Complex'!F14+'Russia Sun Complex'!F14 -> 73 | G11: ='EU Sun Complex'!G14+'Ukraine Sun Complex'!G14+'Russia Sun Complex'!G14 -> 87 | H11: ='EU Sun Complex'!H14+'Ukraine Sun Complex'!H14+'Russia Sun Complex'!H14 -> 78 | I11: ='EU Sun Complex'!I14+'Ukraine Sun Complex'!I14+'Russia Sun Complex'!I14 -> 69 | ... AD11: ='EU Sun Complex'!AD14+'Ukraine Sun Complex'!AD14+'Russia Sun Complex'!AD14 -> 137
A12: Residual | B12: =B13-SUM(B9:B11) -> 1288.8805 | C12: =C13-SUM(C9:C11) -> 1304.8561 | D12: =D13-SUM(D9:D11) -> -185.84105 | E12: =E13-SUM(E9:E11) -> 929.2357 | F12: =F13-SUM(F9:F11) -> 1563.7913 | G12: =G13-SUM(G9:G11) -> 1163.8731 | H12: =H13-SUM(H9:H11) -> 1049.0668 | I12: =I13-SUM(I9:I11) -> 449.99471 | ... AD12: =AD13-SUM(AD9:AD11) -> 2997.9364
A13: Total Use | B13: =B8-B14 -> 12083.235 | C13: =C8-C14 -> 12310.244 | D13: =D8-D14 -> 13697.224 | E13: =E8-E14 -> 14487.312 | F13: =F8-F14 -> 13281.142 | G13: =G8-G14 -> 13509.974 | H13: =H8-H14 -> 14435.935 | I13: =I8-I14 -> 14043.142 | ... AD13: =AD8-AD14 -> 36969.01
A14: Ending Stocks (August 31) | B14: ='EU Sun Complex'!B17+'Ukraine Sun Complex'!B17+'Russia Sun Complex'!B17 -> 214.823 | C14: ='EU Sun Complex'!C17+'Ukraine Sun Complex'!C17+'Russia Sun Complex'!C17 -> 118.219 | D14: ='EU Sun Complex'!D17+'Ukraine Sun Complex'!D17+'Russia Sun Complex'!D17 -> 598.995 | E14: ='EU Sun Complex'!E17+'Ukraine Sun Complex'!E17+'Russia Sun Complex'!E17 -> 159.433 | F14: ='EU Sun Complex'!F17+'Ukraine Sun Complex'!F17+'Russia Sun Complex'!F17 -> 123.243 | G14: ='EU Sun Complex'!G17+'Ukraine Sun Complex'!G17+'Russia Sun Complex'!G17 -> 93.85 | H14: ='EU Sun Complex'!H17+'Ukraine Sun Complex'!H17+'Russia Sun Complex'!H17 -> 327.598 | I14: ='EU Sun Complex'!I17+'Ukraine Sun Complex'!I17+'Russia Sun Complex'!I17 -> 575.492 | ... AD14: ='EU Sun Complex'!AD17+'Ukraine Sun Complex'!AD17+'Russia Sun Complex'!AD17 -> 6087
A15: Stocks/Use | B15: =B14/B13 -> 0.0177786 | C15: =C14/C13 -> 0.0096033027 | D15: =D14/D13 -> 0.043731124 | E15: =E14/E13 -> 0.011005009 | F15: =F14/F13 -> 0.0092795484 | G15: =G14/G13 -> 0.0069467195 | H15: =H14/H13 -> 0.02269323 | I15: =I14/I13 -> 0.040980288 | ... AD15: =AD14/AD13 -> 0.16465142
A17: MAJOR IMPORTING COUNTRIES SUNFLOWER SEED SUPPLY AND DEMAND (1,000 Hectares/1,000 Tonnes)
A18: (China, Turkey) | B18: =B2 -> 93/94 | C18: =C2 -> 94/95 | D18: =D2 -> 95/96 | E18: =E2 -> 96/97 | F18: =F2 -> 97/98 | G18: =G2 -> 98/99 | H18: =H2 -> 99/00 | I18: =I2 -> 00/01 | ... AD18: =AD2 -> 21/22
A19: Harvested Area | B19: ='China Sun Complex'!B5+'Turkey Sun Complex'!B5 -> 1303 | C19: ='China Sun Complex'!C5+'Turkey Sun Complex'!C5 -> 1355 | D19: ='China Sun Complex'!D5+'Turkey Sun Complex'!D5 -> 1438 | E19: ='China Sun Complex'!E5+'Turkey Sun Complex'!E5 -> 1230 | F19: ='China Sun Complex'!F5+'Turkey Sun Complex'!F5 -> 1236 | G19: ='China Sun Complex'!G5+'Turkey Sun Complex'!G5 -> 1410 | H19: ='China Sun Complex'!H5+'Turkey Sun Complex'!H5 -> 1671 | I19: ='China Sun Complex'!I5+'Turkey Sun Complex'!I5 -> 1769 | ... AD19: ='China Sun Complex'!AD5+'Turkey Sun Complex'!AD5 -> 1855
A20: Yield | B20: =B22/B19 -> 1.5211051 | C20: =C22/C19 -> 1.4538745 | D20: =D22/D19 -> 1.4047288 | E20: =E22/E19 -> 1.5203252 | F20: =F22/F19 -> 1.4773463 | G20: =G22/G19 -> 1.5 | H20: =H22/H19 -> 1.535009 | I20: =I22/I19 -> 1.4296213 | ... AD20: =AD22/AD19 -> 2.5067385
A21: Beginning Stocks (September 1) | B21: ='China Sun Complex'!B8+'Turkey Sun Complex'!B8 -> 35 | C21: ='China Sun Complex'!C8+'Turkey Sun Complex'!C8 -> 35 | D21: ='China Sun Complex'!D8+'Turkey Sun Complex'!D8 -> 70 | E21: ='China Sun Complex'!E8+'Turkey Sun Complex'!E8 -> 135 | F21: ='China Sun Complex'!F8+'Turkey Sun Complex'!F8 -> 80 | G21: ='China Sun Complex'!G8+'Turkey Sun Complex'!G8 -> 40 | H21: ='China Sun Complex'!H8+'Turkey Sun Complex'!H8 -> 30 | I21: ='China Sun Complex'!I8+'Turkey Sun Complex'!I8 -> 30 | ... AD21: ='China Sun Complex'!AD8+'Turkey Sun Complex'!AD8 -> 446
A22: Production | B22: ='China Sun Complex'!B9+'Turkey Sun Complex'!B9 -> 1982 | C22: ='China Sun Complex'!C9+'Turkey Sun Complex'!C9 -> 1970 | D22: ='China Sun Complex'!D9+'Turkey Sun Complex'!D9 -> 2020 | E22: ='China Sun Complex'!E9+'Turkey Sun Complex'!E9 -> 1870 | F22: ='China Sun Complex'!F9+'Turkey Sun Complex'!F9 -> 1826 | G22: ='China Sun Complex'!G9+'Turkey Sun Complex'!G9 -> 2115 | H22: ='China Sun Complex'!H9+'Turkey Sun Complex'!H9 -> 2565 | I22: ='China Sun Complex'!I9+'Turkey Sun Complex'!I9 -> 2529 | ... AD22: ='China Sun Complex'!AD9+'Turkey Sun Complex'!AD9 -> 4650
A23: Imports | B23: ='China Sun Complex'!B10+'Turkey Sun Complex'!B10 -> 100 | C23: ='China Sun Complex'!C10+'Turkey Sun Complex'!C10 -> 550.5 | D23: ='China Sun Complex'!D10+'Turkey Sun Complex'!D10 -> 500.58587 | E23: ='China Sun Complex'!E10+'Turkey Sun Complex'!E10 -> 361.89056 | F23: ='China Sun Complex'!F10+'Turkey Sun Complex'!F10 -> 591.4368 | G23: ='China Sun Complex'!G10+'Turkey Sun Complex'!G10 -> 608.42904 | H23: ='China Sun Complex'!H10+'Turkey Sun Complex'!H10 -> 442.48432 | I23: ='China Sun Complex'!I10+'Turkey Sun Complex'!I10 -> 322.37465 | ... AD23: ='China Sun Complex'!AD10+'Turkey Sun Complex'!AD10 -> 1185
A24: Total Supply | B24: =SUM(B21:B23) -> 2117 | C24: =SUM(C21:C23) -> 2555.5 | D24: =SUM(D21:D23) -> 2590.5859 | E24: =SUM(E21:E23) -> 2366.8906 | F24: =SUM(F21:F23) -> 2497.4368 | G24: =SUM(G21:G23) -> 2763.429 | H24: =SUM(H21:H23) -> 3037.4843 | I24: =SUM(I21:I23) -> 2881.3746 | ... AD24: =SUM(AD21:AD23) -> 6281
A25: Crush | B25: ='China Sun Complex'!B12+'Turkey Sun Complex'!B12 -> 1603 | C25: ='China Sun Complex'!C12+'Turkey Sun Complex'!C12 -> 1960.9591 | D25: ='China Sun Complex'!D12+'Turkey Sun Complex'!D12 -> 1930.1313 | E25: ='China Sun Complex'!E12+'Turkey Sun Complex'!E12 -> 1775.3328 | F25: ='China Sun Complex'!F12+'Turkey Sun Complex'!F12 -> 1962.3382 | G25: ='China Sun Complex'!G12+'Turkey Sun Complex'!G12 -> 2050.3153 | H25: ='China Sun Complex'!H12+'Turkey Sun Complex'!H12 -> 2063.3009 | I25: ='China Sun Complex'!I12+'Turkey Sun Complex'!I12 -> 1919.3181 | ... AD25: ='China Sun Complex'!AD12+'Turkey Sun Complex'!AD12 -> 4350
A26: Exports | B26: ='China Sun Complex'!B13+'Turkey Sun Complex'!B13 -> 2 | C26: ='China Sun Complex'!C13+'Turkey Sun Complex'!C13 -> 17 | D26: ='China Sun Complex'!D13+'Turkey Sun Complex'!D13 -> 11.594409 | E26: ='China Sun Complex'!E13+'Turkey Sun Complex'!E13 -> 22.883959 | F26: ='China Sun Complex'!F13+'Turkey Sun Complex'!F13 -> 7.1744 | G26: ='China Sun Complex'!G13+'Turkey Sun Complex'!G13 -> 15.682843 | H26: ='China Sun Complex'!H13+'Turkey Sun Complex'!H13 -> 36.671572 | I26: ='China Sun Complex'!I13+'Turkey Sun Complex'!I13 -> 36.075854 | ... AD26: ='China Sun Complex'!AD13+'Turkey Sun Complex'!AD13 -> 500
A27: Seed | B27: ='China Sun Complex'!B14+'Turkey Sun Complex'!B14 -> 10 | C27: ='China Sun Complex'!C14+'Turkey Sun Complex'!C14 -> 11 | D27: ='China Sun Complex'!D14+'Turkey Sun Complex'!D14 -> 9 | E27: ='China Sun Complex'!E14+'Turkey Sun Complex'!E14 -> 9 | F27: ='China Sun Complex'!F14+'Turkey Sun Complex'!F14 -> 10 | G27: ='China Sun Complex'!G14+'Turkey Sun Complex'!G14 -> 12 | H27: ='China Sun Complex'!H14+'Turkey Sun Complex'!H14 -> 13 | I27: ='China Sun Complex'!I14+'Turkey Sun Complex'!I14 -> 10 | ... AD27: ='China Sun Complex'!AD14+'Turkey Sun Complex'!AD14 -> 13
A28: Residual | B28: ='China Sun Complex'!B15+'Turkey Sun Complex'!B15 -> 467 | C28: ='China Sun Complex'!C15+'Turkey Sun Complex'!C15 -> 496.54093 | D28: ='China Sun Complex'!D15+'Turkey Sun Complex'!D15 -> 504.86015 | E28: ='China Sun Complex'!E15+'Turkey Sun Complex'!E15 -> 479.67379 | F28: ='China Sun Complex'!F15+'Turkey Sun Complex'!F15 -> 477.92417 | G28: ='China Sun Complex'!G15+'Turkey Sun Complex'!G15 -> 655.4309 | H28: ='China Sun Complex'!H15+'Turkey Sun Complex'!H15 -> 894.51188 | I28: ='China Sun Complex'!I15+'Turkey Sun Complex'!I15 -> 908.98065 | ... AD28: ='China Sun Complex'!AD15+'Turkey Sun Complex'!AD15 -> 1024
A29: Total Use | B29: =SUM(B25:B28) -> 2082 | C29: =SUM(C25:C28) -> 2485.5 | D29: =SUM(D25:D28) -> 2455.5859 | E29: =SUM(E25:E28) -> 2286.8906 | F29: =SUM(F25:F28) -> 2457.4368 | G29: =SUM(G25:G28) -> 2733.429 | H29: =SUM(H25:H28) -> 3007.4843 | I29: =SUM(I25:I28) -> 2874.3746 | ... AD29: =SUM(AD25:AD28) -> 5887
A30: Ending Stocks (August 31) | B30: =B24-B29 -> 35 | C30: =C24-C29 -> 70 | D30: =D24-D29 -> 135 | E30: =E24-E29 -> 80 | F30: =F24-F29 -> 40 | G30: =G24-G29 -> 30 | H30: =H24-H29 -> 30 | I30: =I24-I29 -> 7 | ... AD30: =AD24-AD29 -> 394
A31: Stocks/Use | B31: =B30/B29 -> 0.016810759 | C31: =C30/C29 -> 0.028163347 | D31: =D30/D29 -> 0.054976697 | E31: =E30/E29 -> 0.034981998 | F31: =F30/F29 -> 0.016277123 | G31: =G30/G29 -> 0.010975225 | H31: =H30/H29 -> 0.0099751144 | I31: =I30/I29 -> 0.0024353123 | ... AD31: =AD30/AD29 -> 0.066927128
A33: OTHER COUNTRIES SUNFLOWER SEED SUPPLY AND DEMAND (1,000 Hectares/1,000 Tonnes)
B34: =B2 -> 93/94 | C34: =C2 -> 94/95 | D34: =D2 -> 95/96 | E34: =E2 -> 96/97 | F34: =F2 -> 97/98 | G34: =G2 -> 98/99 | H34: =H2 -> 99/00 | I34: =I2 -> 00/01 | ... AD34: =AD2 -> 21/22
A35: Harvested Area | B35: =B51-B19-B3 -> 7374.1417 | C35: =C51-C19-C3 -> 7930.8242 | D35: =D51-D19-D3 -> 8746.9155 | E35: =E51-E19-E3 -> 7933.0952 | F35: =F51-F19-F3 -> 8265.0435 | G35: =G51-G19-G3 -> 9854.4409 | H35: =H51-H19-H3 -> 8997 | I35: =I51-I19-I3 -> 7095.3934 | ... AD35: =AD51-AD19-AD3 -> 6895.23
A36: Yield | B36: =B38/B35 -> 1.1087392 | C36: =C38/C35 -> 1.3495899 | D36: =D38/D35 -> 1.3788861 | E36: =E38/E35 -> 1.3130121 | F36: =F38/F35 -> 1.2259706 | G36: =G38/G35 -> 1.3504165 | H36: =H38/H35 -> 1.2603145 | I36: =I38/I35 -> 1.1094522 | ... AD36: =AD38/AD35 -> 1.628536
A37: Beginning Stocks (September 1) | B37: =B53-B21-B5 -> 382.942 | C37: =C53-C21-C5 -> 809.177 | D37: =D53-D21-D5 -> 975.781 | E37: =E53-E21-E5 -> 1112.005 | F37: =F53-F21-F5 -> 1091.567 | G37: =G53-G21-G5 -> 657.757 | H37: =H53-H21-H5 -> 1268.15 | I37: =I53-I21-I5 -> 1810.402 | ... AD37: =AD53-AD21-AD5 -> 763
A38: Production | B38: =B54-B22-B6 -> 8176 | C38: =C54-C22-C6 -> 10703.36 | D38: =D54-D22-D6 -> 12061 | E38: =E54-E22-E6 -> 10416.25 | F38: =F54-F22-F6 -> 10132.7 | G38: =G54-G22-G6 -> 13307.6 | H38: =H54-H22-H6 -> 11339.05 | I38: =I54-I22-I6 -> 7872 | ... AD38: =AD54-AD22-AD6 -> 11229.13
A39: Imports | B39: =B55-B23-B7 -> 272 | C39: =C55-C23-C7 -> 417.5 | D39: =D55-D23-D7 -> 352.41413 | E39: =E55-E23-E7 -> 422.10944 | F39: =F55-F23-F7 -> 766.9112 | G39: =G55-G23-G7 -> 920.38996 | H39: =H55-H23-H7 -> 225.78268 | I39: =I55-I23-I7 -> 116.58935 | ... AD39: =AD55-AD23-AD7 -> 1028.8599
A40: Total Supply | B40: =SUM(B37:B39) -> 8830.942 | C40: =SUM(C37:C39) -> 11930.037 | D40: =SUM(D37:D39) -> 13389.195 | E40: =SUM(E37:E39) -> 11950.364 | F40: =SUM(F37:F39) -> 11991.178 | G40: =SUM(G37:G39) -> 14885.747 | H40: =SUM(H37:H39) -> 12832.983 | I40: =SUM(I37:I39) -> 9798.9914 | ... AD40: =SUM(AD37:AD39) -> 13020.99
A41: Crush | B41: =B57-B25-B9 -> 6638.6455 | C41: =C57-C25-C9 -> 8924.153 | D41: =D57-D25-D9 -> 9131.9036 | E41: =E57-E25-E9 -> 9241.8604 | F41: =F57-F25-F9 -> 9567.6226 | G41: =G57-G25-G9 -> 10666.847 | H41: =H57-H25-H9 -> 9247.9422 | I41: =I57-I25-I9 -> 6211.3813 | ... AD41: =AD57-AD25-AD9 -> 15606.157
A42: Exports | B42: =B58-B26-B10 -> 922 | C42: =C58-C26-C10 -> 1362.5 | D42: =D58-D26-D10 -> 919.30559 | E42: =E58-E26-E10 -> 425.84651 | F42: =F58-F26-F10 -> 1253.514 | G42: =G58-G26-G10 -> 1827.0544 | H42: =H58-H26-H10 -> 801.21717 | I42: =I58-I26-I10 -> 545.0774 | ... AD42: =AD58-AD26-AD10 -> 946.76894
A43: Seed | B43: =B59-B27-B11 -> 50 | C43: =C59-C27-C11 -> 54 | D43: =D59-D27-D11 -> 48 | E43: =E59-E27-E11 -> 52 | F43: =F59-F27-F11 -> 62 | G43: =G59-G27-G11 -> 55 | H43: =H59-H27-H11 -> 42 | I43: =I59-I27-I11 -> 47 | ... AD43: =AD59-AD27-AD11 -> 45
A44: Residual | B44: =B60-B28-B12 -> 411.11948 | C44: =C60-C28-C12 -> 613.60302 | D44: =D60-D28-D12 -> 2177.9809 | E44: =E60-E28-E12 -> 1139.0905 | F44: =F60-F28-F12 -> 450.28456 | G44: =G60-G28-G12 -> 1068.696 | H44: =H60-H28-H12 -> 931.42134 | I44: =I60-I28-I12 -> 1570.0246 | ... AD44: =AD60-AD28-AD12 -> 74.063552
A45: Total Use | B45: =SUM(B41:B44) -> 8021.765 | C45: =SUM(C41:C44) -> 10954.256 | D45: =SUM(D41:D44) -> 12277.19 | E45: =SUM(E41:E44) -> 10858.797 | F45: =SUM(F41:F44) -> 11333.421 | G45: =SUM(G41:G44) -> 13617.597 | H45: =SUM(H41:H44) -> 11022.581 | I45: =SUM(I41:I44) -> 8373.4834 | ... AD45: =SUM(AD41:AD44) -> 16671.99
A46: Ending Stocks (August 31) | B46: =B40-B45 -> 809.177 | C46: =C40-C45 -> 975.781 | D46: =D40-D45 -> 1112.005 | E46: =E40-E45 -> 1091.567 | F46: =F40-F45 -> 657.757 | G46: =G40-G45 -> 1268.15 | H46: =H40-H45 -> 1810.402 | I46: =I40-I45 -> 1425.508 | ... AD46: =AD40-AD45 -> -3651
A47: Stocks/Use | B47: =B46/B45 -> 0.10087269 | C47: =C46/C45 -> 0.089077798 | D47: =D46/D45 -> 0.090574878 | E47: =E46/E45 -> 0.10052375 | F47: =F46/F45 -> 0.058036932 | G47: =G46/G45 -> 0.093125829 | H47: =H46/H45 -> 0.16424484 | I47: =I46/I45 -> 0.17024074 | ... AD47: =AD46/AD45 -> -0.21899006
A49: WORLD SUNFLOWER SEED SUPPLY AND DEMAND (1,000 Hectares/1,000 Tonnes)
B50: =B2 -> 93/94 | C50: =C2 -> 94/95 | D50: =D2 -> 95/96 | E50: =E2 -> 96/97 | F50: =F2 -> 97/98 | G50: =G2 -> 98/99 | H50: =H2 -> 99/00 | I50: =I2 -> 00/01 | ... AD50: =AD2 -> 21/22
A51: Harvested Area | B51: 17726 | C51: 18807 | D51: 20495 | E51: 19139 | F51: 19145 | G51: 21634 | H51: 23029 | I51: 19910 | J51: 18839 | K51: 20183 | L51: 23006 | M51: 20688 | N51: 22721 | O51: 23440 | P51: 21432 | Q51: 23888 | R51: 22969 | S51: 23084 | T51: 24637 | U51: 23588 | V51: 24010 | W51: 23096 | X51: 23489 | Y51: 25984 | Z51: 25983 | AA51: 25802 | AB51: 26350 | AC51: 26900 | AD51: 28074
A52: Yield | B52: =B54/B51 -> 1.1707097 | C52: =C54/C51 -> 1.2371457 | D52: =D54/D51 -> 1.2547451 | E52: =E54/E51 -> 1.2493861 | F52: =F54/F51 -> 1.2217811 | G52: =G54/G51 -> 1.2337987 | H52: =H54/H51 -> 1.18138 | I52: =I54/I51 -> 1.1516323 | ... AD52: =AD54/AD51 -> 2.0301346
A53: Beginning Stocks (September 1) | B53: 606 | C53: 1059 | D53: 1164 | E53: 1846 | F53: 1331 | G53: 821 | H53: 1392 | I53: 2168 | J53: 2008 | K53: 2045 | L53: 2628 | M53: 3375 | N53: 2959 | O53: 3480 | P53: 4024 | Q53: 3718 | R53: 3849 | S53: 2595 | T53: 2259 | U53: 2538 | V53: 2784 | W53: 3270 | X53: 2928 | Y53: 2785 | Z53: 3401 | AA53: 2673 | AB53: 2394 | AC53: 2476 | AD53: 1946
A54: Production | B54: 20752 | C54: 23267 | D54: 25716 | E54: 23912 | F54: 23391 | G54: 26692 | H54: 27206 | I54: 22929 | J54: 21262 | K54: 23731 | L54: 26592 | M54: 25389 | N54: 29923 | O54: 30080 | P54: 27619 | Q54: 33115 | R54: 31584 | S54: 32756 | T54: 38709 | U54: 34936 | V54: 41529 | W54: 39238 | X54: 40700 | Y54: 48356 | Z54: 47983 | AA54: 50632 | AB54: 54713 | AC54: 49723 | AD54: 56994
A55: Imports | B55: 1888 | C55: 2588 | D55: 3396 | E55: 3206 | F55: 3171 | G55: 3740 | H55: 2036 | I55: 2202 | J55: 1112 | K55: 1367 | L55: 2188 | M55: 1164 | N55: 1423 | O55: 1809 | P55: 1286 | Q55: 1918 | R55: 1563 | S55: 1624 | T55: 1702 | U55: 1353 | V55: 1626 | W55: 1559 | X55: 1977 | Y55: 2309 | Z55: 2291 | AA55: 2663 | AB55: 3329 | AC55: 2686 | AD55: 3418
A56: Total Supply | B56: =B55+B54+B53 -> 23246 | C56: =C55+C54+C53 -> 26914 | D56: =D55+D54+D53 -> 30276 | E56: =E55+E54+E53 -> 28964 | F56: =F55+F54+F53 -> 27893 | G56: =G55+G54+G53 -> 31253 | H56: =H55+H54+H53 -> 30634 | I56: =I55+I54+I53 -> 27299 | ... AD56: =AD55+AD54+AD53 -> 62358
A57: Crush | B57: 17980 | C57: 20666 | D57: 22708 | E57: 21704 | F57: 21423 | G57: 23115 | H57: 23211 | I57: 19833 | J57: 18183 | K57: 19731 | L57: 22412 | M57: 22449 | N57: 25686 | O57: 26112 | P57: 24851 | Q57: 28730 | R57: 29114 | S57: 28955 | T57: 34371 | U57: 30817 | V57: 36922 | W57: 35579 | X57: 36625 | Y57: 43130 | Z57: 44035 | AA57: 46273 | AB57: 50059 | AC57: 45475 | AD57: 51516
A58: Exports | B58: 1914 | C58: 2532 | D58: 3097 | E58: 3253 | F58: 3012 | G58: 3704 | H58: 2247 | I58: 2403 | J58: 1198 | K58: 1548 | L58: 2263 | M58: 1227 | N58: 1517 | O58: 1910 | P58: 1459 | Q58: 2146 | R58: 1552 | S58: 1782 | T58: 1927 | U58: 1464 | V58: 2010 | W58: 1675 | X58: 2132 | Y58: 2681 | Z58: 2747 | AA58: 3231 | AB58: 3638 | AC58: 3216 | AD58: 3721
A59: Seed | B59: =ROUND((C51/0.97)*0.0065,0) -> 126 | C59: =ROUND((D51/0.97)*0.0065,0) -> 137 | D59: =ROUND((E51/0.97)*0.0065,0) -> 128 | E59: =ROUND((F51/0.97)*0.0065,0) -> 128 | F59: =ROUND((G51/0.97)*0.0065,0) -> 145 | G59: =ROUND((H51/0.97)*0.0065,0) -> 154 | H59: =ROUND((I51/0.97)*0.0065,0) -> 133 | I59: =ROUND((J51/0.97)*0.0065,0) -> 126 | ... AC59: =ROUND((AD51/0.97)*0.0065,0) -> 188 | AD59: 195
A60: Residual | B60: =B68-B59 -> 2167 | C60: =C68-C59 -> 2415 | D60: =D68-D59 -> 2497 | E60: =E68-E59 -> 2548 | F60: =F68-F59 -> 2492 | G60: =G68-G59 -> 2888 | H60: =H68-H59 -> 2875 | I60: =I68-I59 -> 2929 | ... AD60: =AD68-AD59 -> 4096
A61: Total Use | B61: =SUM(B57:B60) -> 22187 | C61: =SUM(C57:C60) -> 25750 | D61: =SUM(D57:D60) -> 28430 | E61: =SUM(E57:E60) -> 27633 | F61: =SUM(F57:F60) -> 27072 | G61: =SUM(G57:G60) -> 29861 | H61: =SUM(H57:H60) -> 28466 | I61: =SUM(I57:I60) -> 25291 | ... AD61: =SUM(AD57:AD60) -> 59528
A62: Ending Stocks (August 31) | B62: =B56-B61 -> 1059 | C62: =C56-C61 -> 1164 | D62: =D56-D61 -> 1846 | E62: =E56-E61 -> 1331 | F62: =F56-F61 -> 821 | G62: =G56-G61 -> 1392 | H62: =H56-H61 -> 2168 | I62: =I56-I61 -> 2008 | ... AD62: =AD56-AD61 -> 2830
A63: Stocks/Use | B63: =B62/B61 -> 0.047730653 | C63: =C62/C61 -> 0.045203883 | D63: =D62/D61 -> 0.06493141 | E63: =E62/E61 -> 0.048167047 | F63: =F62/F61 -> 0.030326537 | G63: =G62/G61 -> 0.046615987 | H63: =H62/H61 -> 0.076161034 | I63: =I62/I61 -> 0.079395833 | ... AD63: =AD62/AD61 -> 0.047540653
A64: Bold numbers are Fastmarkets Forecasts
A65: Source: USDA, Fastmarkets
A68: World Food, Feed and Waste Domestic Use | B68: 2293 | C68: 2552 | D68: 2625 | E68: 2676 | F68: 2637 | G68: 3042 | H68: 3008 | I68: 3055 | J68: 2956 | K68: 3236 | L68: 3358 | M68: 3293 | N68: 3622 | O68: 3323 | P68: 2901 | Q68: 4026 | R68: 3735 | S68: 3979 | T68: 3834 | U68: 3762 | V68: 3737 | W68: 3885 | X68: 4062 | Y68: 4238 | Z68: 4220 | AA68: 4070 | AB68: 4263 | AC68: 4248 | AD68: 4291

Sheet World Sun Meal Bal
A1: MAJOR PRODUCING COUNTRIES SUNFLOWER MEAL SUPPLY AND DEMAND (1,000 Hectares/1,000 Tonnes)
A2: (EU, Russia, Ukraine) | B2: ='EU Sun Complex'!B2 -> 93/94 | C2: ='EU Sun Complex'!C2 -> 94/95 | D2: ='EU Sun Complex'!D2 -> 95/96 | E2: ='EU Sun Complex'!E2 -> 96/97 | F2: ='EU Sun Complex'!F2 -> 97/98 | G2: ='EU Sun Complex'!G2 -> 98/99 | H2: ='EU Sun Complex'!H2 -> 99/00 | I2: ='EU Sun Complex'!I2 -> 00/01 | ... AD2: ='EU Sun Complex'!AD2 -> 21/22
A3: Beginning Stocks (October 1) | B3: ='EU Sun Complex'!B22+'Ukraine Sun Complex'!B22+'Russia Sun Complex'!B22 -> 69 | C3: ='EU Sun Complex'!C22+'Ukraine Sun Complex'!C22+'Russia Sun Complex'!C22 -> 70 | D3: ='EU Sun Complex'!D22+'Ukraine Sun Complex'!D22+'Russia Sun Complex'!D22 -> 198 | E3: ='EU Sun Complex'!E22+'Ukraine Sun Complex'!E22+'Russia Sun Complex'!E22 -> 331 | F3: ='EU Sun Complex'!F22+'Ukraine Sun Complex'!F22+'Russia Sun Complex'!F22 -> 163 | G3: ='EU Sun Complex'!G22+'Ukraine Sun Complex'!G22+'Russia Sun Complex'!G22 -> 140 | H3: ='EU Sun Complex'!H22+'Ukraine Sun Complex'!H22+'Russia Sun Complex'!H22 -> 183 | I3: ='EU Sun Complex'!I22+'Ukraine Sun Complex'!I22+'Russia Sun Complex'!I22 -> 253 | ... AD3: ='EU Sun Complex'!AD22+'Ukraine Sun Complex'!AD22+'Russia Sun Complex'!AD22 -> 847
A4: Production | B4: ='EU Sun Complex'!B23+'Ukraine Sun Complex'!B23+'Russia Sun Complex'!B23 -> 4629.9244 | C4: ='EU Sun Complex'!C23+'Ukraine Sun Complex'!C23+'Russia Sun Complex'!C23 -> 4734.7247 | D4: ='EU Sun Complex'!D23+'Ukraine Sun Complex'!D23+'Russia Sun Complex'!D23 -> 5560.1235 | E4: ='EU Sun Complex'!E23+'Ukraine Sun Complex'!E23+'Russia Sun Complex'!E23 -> 5223.4395 | F4: ='EU Sun Complex'!F23+'Ukraine Sun Complex'!F23+'Russia Sun Complex'!F23 -> 4738.257 | G4: ='EU Sun Complex'!G23+'Ukraine Sun Complex'!G23+'Russia Sun Complex'!G23 -> 5045.8241 | H4: ='EU Sun Complex'!H23+'Ukraine Sun Complex'!H23+'Russia Sun Complex'!H23 -> 5735.0998 | I4: ='EU Sun Complex'!I23+'Ukraine Sun Complex'!I23+'Russia Sun Complex'!I23 -> 5488.9847 | ... AD4: ='EU Sun Complex'!AD23+'Ukraine Sun Complex'!AD23+'Russia Sun Complex'!AD23 -> 17582.461
A5: Imports | B5: ='EU Sun Complex'!B24+'Ukraine Sun Complex'!B24+'Russia Sun Complex'!B24 -> 1485 | C5: ='EU Sun Complex'!C24+'Ukraine Sun Complex'!C24+'Russia Sun Complex'!C24 -> 1764 | D5: ='EU Sun Complex'!D24+'Ukraine Sun Complex'!D24+'Russia Sun Complex'!D24 -> 1839 | E5: ='EU Sun Complex'!E24+'Ukraine Sun Complex'!E24+'Russia Sun Complex'!E24 -> 1942 | F5: ='EU Sun Complex'!F24+'Ukraine Sun Complex'!F24+'Russia Sun Complex'!F24 -> 1830.362 | G5: ='EU Sun Complex'!G24+'Ukraine Sun Complex'!G24+'Russia Sun Complex'!G24 -> 1984.404 | H5: ='EU Sun Complex'!H24+'Ukraine Sun Complex'!H24+'Russia Sun Complex'!H24 -> 1753.075 | I5: ='EU Sun Complex'!I24+'Ukraine Sun Complex'!I24+'Russia Sun Complex'!I24 -> 1754.615 | ... AD5: ='EU Sun Complex'!AD24+'Ukraine Sun Complex'!AD24+'Russia Sun Complex'!AD24 -> 2570.7168
A6: Total Supply | B6: =B3+B4+B5 -> 6183.9244 | C6: =C3+C4+C5 -> 6568.7247 | D6: =D3+D4+D5 -> 7597.1235 | E6: =E3+E4+E5 -> 7496.4395 | F6: =F3+F4+F5 -> 6731.619 | G6: =G3+G4+G5 -> 7170.2281 | H6: =H3+H4+H5 -> 7671.1748 | I6: =I3+I4+I5 -> 7496.5997 | ... AD6: =AD3+AD4+AD5 -> 21000.178
A7: Domestic Usage | B7: ='EU Sun Complex'!B26+'Ukraine Sun Complex'!B26+'Russia Sun Complex'!B26 -> 6064.9244 | C7: ='EU Sun Complex'!C26+'Ukraine Sun Complex'!C26+'Russia Sun Complex'!C26 -> 6301.7247 | D7: ='EU Sun Complex'!D26+'Ukraine Sun Complex'!D26+'Russia Sun Complex'!D26 -> 7227.1235 | E7: ='EU Sun Complex'!E26+'Ukraine Sun Complex'!E26+'Russia Sun Complex'!E26 -> 7244.4395 | F7: ='EU Sun Complex'!F26+'Ukraine Sun Complex'!F26+'Russia Sun Complex'!F26 -> 6422.7129 | G7: ='EU Sun Complex'!G26+'Ukraine Sun Complex'!G26+'Russia Sun Complex'!G26 -> 6682.13 | H7: ='EU Sun Complex'!H26+'Ukraine Sun Complex'!H26+'Russia Sun Complex'!H26 -> 6825.1193 | I7: ='EU Sun Complex'!I26+'Ukraine Sun Complex'!I26+'Russia Sun Complex'!I26 -> 6548.8217 | ... AD7: ='EU Sun Complex'!AD26+'Ukraine Sun Complex'!AD26+'Russia Sun Complex'!AD26 -> 14222.974
A8: Exports | B8: ='EU Sun Complex'!B27+'Ukraine Sun Complex'!B27+'Russia Sun Complex'!B27 -> 49 | C8: ='EU Sun Complex'!C27+'Ukraine Sun Complex'!C27+'Russia Sun Complex'!C27 -> 69 | D8: ='EU Sun Complex'!D27+'Ukraine Sun Complex'!D27+'Russia Sun Complex'!D27 -> 39 | E8: ='EU Sun Complex'!E27+'Ukraine Sun Complex'!E27+'Russia Sun Complex'!E27 -> 89 | F8: ='EU Sun Complex'!F27+'Ukraine Sun Complex'!F27+'Russia Sun Complex'!F27 -> 168.90606 | G8: ='EU Sun Complex'!G27+'Ukraine Sun Complex'!G27+'Russia Sun Complex'!G27 -> 305.09816 | H8: ='EU Sun Complex'!H27+'Ukraine Sun Complex'!H27+'Russia Sun Complex'!H27 -> 593.05555 | I8: ='EU Sun Complex'!I27+'Ukraine Sun Complex'!I27+'Russia Sun Complex'!I27 -> 733.77797 | ... AD8: ='EU Sun Complex'!AD27+'Ukraine Sun Complex'!AD27+'Russia Sun Complex'!AD27 -> 6015.2044
A9: Total Use | B9: =B6-B10 -> 6113.9244 | C9: =C6-C10 -> 6370.7247 | D9: =D6-D10 -> 7266.1235 | E9: =E6-E10 -> 7333.4395 | F9: =F6-F10 -> 6591.619 | G9: =G6-G10 -> 6987.2281 | H9: =H6-H10 -> 7418.1748 | I9: =I6-I10 -> 7282.5997 | ... AD9: =AD6-AD10 -> 20238.178
A10: Ending Stocks (September 30) | B10: ='EU Sun Complex'!B29+'Ukraine Sun Complex'!B29+'Russia Sun Complex'!B29 -> 70 | C10: ='EU Sun Complex'!C29+'Ukraine Sun Complex'!C29+'Russia Sun Complex'!C29 -> 198 | D10: ='EU Sun Complex'!D29+'Ukraine Sun Complex'!D29+'Russia Sun Complex'!D29 -> 331 | E10: ='EU Sun Complex'!E29+'Ukraine Sun Complex'!E29+'Russia Sun Complex'!E29 -> 163 | F10: ='EU Sun Complex'!F29+'Ukraine Sun Complex'!F29+'Russia Sun Complex'!F29 -> 140 | G10: ='EU Sun Complex'!G29+'Ukraine Sun Complex'!G29+'Russia Sun Complex'!G29 -> 183 | H10: ='EU Sun Complex'!H29+'Ukraine Sun Complex'!H29+'Russia Sun Complex'!H29 -> 253 | I10: ='EU Sun Complex'!I29+'Ukraine Sun Complex'!I29+'Russia Sun Complex'!I29 -> 214 | ... AD10: ='EU Sun Complex'!AD29+'Ukraine Sun Complex'!AD29+'Russia Sun Complex'!AD29 -> 762
A12: MAJOR IMPORTING COUNTRIES SUNFLOWER MEAL SUPPLY AND DEMAND (1,000 Hectares/1,000 Tonnes)
A13: (China, Turkey) | B13: =B2 -> 93/94 | C13: =C2 -> 94/95 | D13: =D2 -> 95/96 | E13: =E2 -> 96/97 | F13: =F2 -> 97/98 | G13: =G2 -> 98/99 | H13: =H2 -> 99/00 | I13: =I2 -> 00/01 | ... AD13: =AD2 -> 21/22
A14: Beginning Stocks (October 1) | B14: ='China Sun Complex'!B22+'Turkey Sun Complex'!B22 -> 0 | C14: ='China Sun Complex'!C22+'Turkey Sun Complex'!C22 -> 0 | D14: ='China Sun Complex'!D22+'Turkey Sun Complex'!D22 -> 0 | E14: ='China Sun Complex'!E22+'Turkey Sun Complex'!E22 -> 5 | F14: ='China Sun Complex'!F22+'Turkey Sun Complex'!F22 -> 0 | G14: ='China Sun Complex'!G22+'Turkey Sun Complex'!G22 -> 0 | H14: ='China Sun Complex'!H22+'Turkey Sun Complex'!H22 -> 0 | I14: ='China Sun Complex'!I22+'Turkey Sun Complex'!I22 -> 0 | ... AD14: ='China Sun Complex'!AD22+'Turkey Sun Complex'!AD22 -> 325
A15: Production | B15: ='China Sun Complex'!B23+'Turkey Sun Complex'!B23 -> 818 | C15: ='China Sun Complex'!C23+'Turkey Sun Complex'!C23 -> 992.66171 | D15: ='China Sun Complex'!D23+'Turkey Sun Complex'!D23 -> 991.04351 | E15: ='China Sun Complex'!E23+'Turkey Sun Complex'!E23 -> 901.03517 | F15: ='China Sun Complex'!F23+'Turkey Sun Complex'!F23 -> 1004.0209 | G15: ='China Sun Complex'!G23+'Turkey Sun Complex'!G23 -> 1059.5365 | H15: ='China Sun Complex'!H23+'Turkey Sun Complex'!H23 -> 1070.0931 | I15: ='China Sun Complex'!I23+'Turkey Sun Complex'!I23 -> 1012.5242 | ... AD15: ='China Sun Complex'!AD23+'Turkey Sun Complex'!AD23 -> 2369.7499
A16: Imports | B16: ='China Sun Complex'!B24+'Turkey Sun Complex'!B24 -> 52 | C16: ='China Sun Complex'!C24+'Turkey Sun Complex'!C24 -> 82 | D16: ='China Sun Complex'!D24+'Turkey Sun Complex'!D24 -> 50 | E16: ='China Sun Complex'!E24+'Turkey Sun Complex'!E24 -> 50 | F16: ='China Sun Complex'!F24+'Turkey Sun Complex'!F24 -> 32.153875 | G16: ='China Sun Complex'!G24+'Turkey Sun Complex'!G24 -> 94 | H16: ='China Sun Complex'!H24+'Turkey Sun Complex'!H24 -> 230.196 | I16: ='China Sun Complex'!I24+'Turkey Sun Complex'!I24 -> 146.295 | ... AD16: ='China Sun Complex'!AD24+'Turkey Sun Complex'!AD24 -> 2575
A17: Total Supply | B17: =B14+B15+B16 -> 870 | C17: =C14+C15+C16 -> 1074.6617 | D17: =D14+D15+D16 -> 1041.0435 | E17: =E14+E15+E16 -> 956.03517 | F17: =F14+F15+F16 -> 1036.1748 | G17: =G14+G15+G16 -> 1153.5365 | H17: =H14+H15+H16 -> 1300.2891 | I17: =I14+I15+I16 -> 1158.8192 | ... AD17: =AD14+AD15+AD16 -> 5269.7499
A18: Domestic Usage | B18: ='China Sun Complex'!B26+'Turkey Sun Complex'!B26 -> 810 | C18: ='China Sun Complex'!C26+'Turkey Sun Complex'!C26 -> 944.66171 | D18: ='China Sun Complex'!D26+'Turkey Sun Complex'!D26 -> 966.09755 | E18: ='China Sun Complex'!E26+'Turkey Sun Complex'!E26 -> 894.85286 | F18: ='China Sun Complex'!F26+'Turkey Sun Complex'!F26 -> 1031.1748 | G18: ='China Sun Complex'!G26+'Turkey Sun Complex'!G26 -> 1148.5365 | H18: ='China Sun Complex'!H26+'Turkey Sun Complex'!H26 -> 1289.9395 | I18: ='China Sun Complex'!I26+'Turkey Sun Complex'!I26 -> 1158.7932 | ... AD18: ='China Sun Complex'!AD26+'Turkey Sun Complex'!AD26 -> 4889.7499
A19: Exports | B19: ='China Sun Complex'!B27+'Turkey Sun Complex'!B27 -> 60 | C19: ='China Sun Complex'!C27+'Turkey Sun Complex'!C27 -> 130 | D19: ='China Sun Complex'!D27+'Turkey Sun Complex'!D27 -> 69.94596 | E19: ='China Sun Complex'!E27+'Turkey Sun Complex'!E27 -> 61.182306 | F19: ='China Sun Complex'!F27+'Turkey Sun Complex'!F27 -> 5 | G19: ='China Sun Complex'!G27+'Turkey Sun Complex'!G27 -> 5 | H19: ='China Sun Complex'!H27+'Turkey Sun Complex'!H27 -> 10.34957 | I19: ='China Sun Complex'!I27+'Turkey Sun Complex'!I27 -> 0.026 | ... AD19: ='China Sun Complex'!AD27+'Turkey Sun Complex'!AD27 -> 30
A20: Total Use | B20: =B17-B21 -> 870 | C20: =C17-C21 -> 1074.6617 | D20: =D17-D21 -> 1036.0435 | E20: =E17-E21 -> 956.03517 | F20: =F17-F21 -> 1036.1748 | G20: =G17-G21 -> 1153.5365 | H20: =H17-H21 -> 1300.2891 | I20: =I17-I21 -> 1158.8192 | ... AD20: =AD17-AD21 -> 4919.7499
A21: Ending Stocks (September 30) | B21: ='China Sun Complex'!B29+'Turkey Sun Complex'!B29 -> 0 | C21: ='China Sun Complex'!C29+'Turkey Sun Complex'!C29 -> 0 | D21: ='China Sun Complex'!D29+'Turkey Sun Complex'!D29 -> 5 | E21: ='China Sun Complex'!E29+'Turkey Sun Complex'!E29 -> 0 | F21: ='China Sun Complex'!F29+'Turkey Sun Complex'!F29 -> 0 | G21: ='China Sun Complex'!G29+'Turkey Sun Complex'!G29 -> 0 | H21: ='China Sun Complex'!H29+'Turkey Sun Complex'!H29 -> 0 | I21: ='China Sun Complex'!I29+'Turkey Sun Complex'!I29 -> 0 | ... AD21: ='China Sun Complex'!AD29+'Turkey Sun Complex'!AD29 -> 350
A23: OTHER COUNTRIES SUNFLOWER MEAL SUPPLY AND DEMAND (1,000 Hectares/1,000 Tonnes)
B24: =B2 -> 93/94 | C24: =C2 -> 94/95 | D24: =D2 -> 95/96 | E24: =E2 -> 96/97 | F24: =F2 -> 97/98 | G24: =G2 -> 98/99 | H24: =H2 -> 99/00 | I24: =I2 -> 00/01 | ... AD24: =AD2 -> 21/22
A25: Beginning Stocks (October 1) | B25: =B36-B14-B3 -> 150 | C25: =C36-C14-C3 -> 123 | D25: =D36-D14-D3 -> 100 | E25: =E36-E14-E3 -> 158 | F25: =F36-F14-F3 -> 105 | G25: =G36-G14-G3 -> 222 | H25: =H36-H14-H3 -> 207 | I25: =I36-I14-I3 -> 143 | ... AD25: =AD36-AD14-AD3 -> -257
A26: Production | B26: =B37-B15-B4 -> 2973.0756 | C26: =C37-C15-C4 -> 3960.6136 | D26: =D37-D15-D4 -> 3862.833 | E26: =E37-E15-E4 -> 4032.5254 | F26: =F37-F15-F4 -> 4187.7221 | G26: =G37-G15-G4 -> 4528.6394 | H26: =H37-H15-H4 -> 3841.8071 | I26: =I37-I15-I4 -> 2742.4911 | ... AD26: =AD37-AD15-AD4 -> 3274.7888
A27: Imports | B27: =B38-B16-B5 -> 98 | C27: =C38-C16-C5 -> 233 | D27: =D38-D16-D5 -> 274 | E27: =E38-E16-E5 -> 257 | F27: =F38-F16-F5 -> 460.48412 | G27: =G38-G16-G5 -> 492.596 | H27: =H38-H16-H5 -> 555.729 | I27: =I38-I16-I5 -> 329.09 | ... AD27: =AD38-AD16-AD5 -> 3379.2832
A28: Total Supply | B28: =SUM(B25:B27) -> 3221.0756 | C28: =SUM(C25:C27) -> 4316.6136 | D28: =SUM(D25:D27) -> 4236.833 | E28: =SUM(E25:E27) -> 4447.5254 | F28: =SUM(F25:F27) -> 4753.2062 | G28: =SUM(G25:G27) -> 5243.2354 | H28: =SUM(H25:H27) -> 4604.5361 | I28: =SUM(I25:I27) -> 3214.5811 | ... AD28: =SUM(AD25:AD27) -> 6397.0719
A29: Domestic Usage | B29: =B40-B18-B7 -> 1469.0756 | C29: =C40-C18-C7 -> 1982.6136 | D29: =D40-D18-D7 -> 1916.7789 | E29: =E40-E18-E7 -> 2100.7077 | F29: =F40-F18-F7 -> 2301.1123 | G29: =G40-G18-G7 -> 2498.3335 | H29: =H40-H18-H7 -> 2717.9412 | I29: =I40-I18-I7 -> 1750.3851 | ... AD29: =AD40-AD18-AD7 -> 3015.2763
A30: Exports | B30: =B41-B19-B8 -> 1629 | C30: =C41-C19-C8 -> 2234 | D30: =D41-D19-D8 -> 2162.054 | E30: =E41-E19-E8 -> 2241.8177 | F30: =F41-F19-F8 -> 2230.0939 | G30: =G41-G19-G8 -> 2537.9018 | H30: =H41-H19-H8 -> 1743.5949 | I30: =I41-I19-I8 -> 1267.196 | ... AD30: =AD41-AD19-AD8 -> 2867.7956
A31: Total Use | B31: =SUM(B29:B30) -> 3098.0756 | C31: =SUM(C29:C30) -> 4216.6136 | D31: =SUM(D29:D30) -> 4078.833 | E31: =SUM(E29:E30) -> 4342.5254 | F31: =SUM(F29:F30) -> 4531.2062 | G31: =SUM(G29:G30) -> 5036.2354 | H31: =SUM(H29:H30) -> 4461.5361 | I31: =SUM(I29:I30) -> 3017.5811 | ... AD31: =SUM(AD29:AD30) -> 5883.0719
A32: Ending Stocks (September 30) | B32: =B28-B31 -> 123 | C32: =C28-C31 -> 100 | D32: =D28-D31 -> 158 | E32: =E28-E31 -> 105 | F32: =F28-F31 -> 222 | G32: =G28-G31 -> 207 | H32: =H28-H31 -> 143 | I32: =I28-I31 -> 197 | ... AD32: =AD28-AD31 -> 514
A34: WORLD SUNFLOWER MEAL SUPPLY AND DEMAND (1,000 Hectares/1,000 Tonnes)
B35: =B2 -> 93/94 | C35: =C2 -> 94/95 | D35: =D2 -> 95/96 | E35: =E2 -> 96/97 | F35: =F2 -> 97/98 | G35: =G2 -> 98/99 | H35: =H2 -> 99/00 | I35: =I2 -> 00/01 | ... AD35: =AD2 -> 21/22
A36: Beginning Stocks (October 1) | B36: 219 | C36: 193 | D36: 298 | E36: 494 | F36: 268 | G36: 362 | H36: 390 | I36: 396 | J36: 411 | K36: 351 | L36: 169 | M36: 218 | N36: 221 | O36: 313 | P36: 235 | Q36: 302 | R36: 807 | S36: 998 | T36: 1072 | U36: 1695 | V36: 786 | W36: 1385 | X36: 1493 | Y36: 1420 | Z36: 1284 | AA36: 1489 | AB36: 1562 | AC36: 1532 | AD36: 915
A37: Production | B37: 8421 | C37: 9688 | D37: 10414 | E37: 10157 | F37: 9930 | G37: 10634 | H37: 10647 | I37: 9244 | J37: 8325 | K37: 9043 | L37: 10369 | M37: 10301 | N37: 11718 | O37: 11874 | P37: 11258 | Q37: 13083 | R37: 13418 | S37: 13305 | T37: 15602 | U37: 14135 | V37: 16809 | W37: 16136 | X37: 16528 | Y37: 19405 | Z37: 19959 | AA37: 20833 | AB37: 22150 | AC37: 20588 | AD37: 23227
A38: Imports | B38: 1635 | C38: 2079 | D38: 2163 | E38: 2249 | F38: 2323 | G38: 2571 | H38: 2539 | I38: 2230 | J38: 1915 | K38: 2204 | L38: 2653 | M38: 2552 | N38: 3354 | O38: 3441 | P38: 2959 | Q38: 4195 | R38: 3693 | S38: 4056 | T38: 6420 | U38: 4922 | V38: 5770 | W38: 5547 | X38: 5969 | Y38: 7102 | Z38: 6830 | AA38: 8067 | AB38: 8496 | AC38: 7375 | AD38: 8525
A39: Total Supply | B39: =B36+B37+B38 -> 10275 | C39: =C36+C37+C38 -> 11960 | D39: =D36+D37+D38 -> 12875 | E39: =E36+E37+E38 -> 12900 | F39: =F36+F37+F38 -> 12521 | G39: =G36+G37+G38 -> 13567 | H39: =H36+H37+H38 -> 13576 | I39: =I36+I37+I38 -> 11870 | ... AD39: =AD36+AD37+AD38 -> 32667
A40: Domestic Usage | B40: 8344 | C40: 9229 | D40: 10110 | E40: 10240 | F40: 9755 | G40: 10329 | H40: 10833 | I40: 9458 | J40: 8192 | K40: 9122 | L40: 10128 | M40: 10081 | N40: 11409 | O40: 11899 | P40: 10843 | Q40: 12474 | R40: 12829 | S40: 12720 | T40: 14599 | U40: 14833 | V40: 15753 | W40: 15704 | X40: 16328 | Y40: 19030 | Z40: 19423 | AA40: 20662 | AB40: 21849 | AC40: 20815 | AD40: 22128
A41: Exports | B41: 1738 | C41: 2433 | D41: 2271 | E41: 2392 | F41: 2404 | G41: 2848 | H41: 2347 | I41: 2001 | J41: 2108 | K41: 2307 | L41: 2845 | M41: 2769 | N41: 3571 | O41: 3494 | P41: 3307 | Q41: 4299 | R41: 4091 | S41: 4567 | T41: 6800 | U41: 5133 | V41: 6227 | W41: 5871 | X41: 6243 | Y41: 7613 | Z41: 7161 | AA41: 8165 | AB41: 8827 | AC41: 7765 | AD41: 8913
A42: Total Use | B42: =B40+B41 -> 10082 | C42: =C40+C41 -> 11662 | D42: =D40+D41 -> 12381 | E42: =E40+E41 -> 12632 | F42: =F40+F41 -> 12159 | G42: =G40+G41 -> 13177 | H42: =H40+H41 -> 13180 | I42: =I40+I41 -> 11459 | ... AD42: =AD40+AD41 -> 31041
A43: Ending Stocks (September 30) | B43: =B39-B42 -> 193 | C43: =C39-C42 -> 298 | D43: =D39-D42 -> 494 | E43: =E39-E42 -> 268 | F43: =F39-F42 -> 362 | G43: =G39-G42 -> 390 | H43: =H39-H42 -> 396 | I43: =I39-I42 -> 411 | ... AD43: =AD39-AD42 -> 1626
A44: Bold numbers are Fastmarkets Forecasts
A45: Source: USDA, Fastmarkets
A48: World Food, Feed and Waste Domestic Use | B48: 8269 | C48: 9152 | D48: 10030 | E48: 10162 | F48: 9689 | G48: 10247 | H48: 10752 | I48: 9377 | J48: 8116 | K48: 9040 | L48: 10046 | M48: 9998 | N48: 11325 | O48: 11855 | P48: 10799 | Q48: 12400 | R48: 12769 | S48: 12663 | T48: 14539 | U48: 14773 | V48: 15693 | W48: 15642 | X48: 16206 | Y48: 18908 | Z48: 19301 | AA48: 20540 | AB48: 21727 | AC48: 20693 | AD48: 22001

Sheet World Sun Oil Bal
A1: MAJOR PRODUCING COUNTRIES SUNFLOWER OIL SUPPLY AND DEMAND (1,000 Hectares/1,000 Tonnes)
A2: (EU, Russia, Ukraine) | B2: ='EU Sun Complex'!B2 -> 93/94 | C2: ='EU Sun Complex'!C2 -> 94/95 | D2: ='EU Sun Complex'!D2 -> 95/96 | E2: ='EU Sun Complex'!E2 -> 96/97 | F2: ='EU Sun Complex'!F2 -> 97/98 | G2: ='EU Sun Complex'!G2 -> 98/99 | H2: ='EU Sun Complex'!H2 -> 99/00 | I2: ='EU Sun Complex'!I2 -> 00/01 | ... AD2: ='EU Sun Complex'!AD2 -> 21/22
A3: Beginning Stocks (October 1) | B3: ='EU Sun Complex'!B32+'Ukraine Sun Complex'!B32+'Russia Sun Complex'!B32 -> 438 | C3: ='EU Sun Complex'!C32+'Ukraine Sun Complex'!C32+'Russia Sun Complex'!C32 -> 421 | D3: ='EU Sun Complex'!D32+'Ukraine Sun Complex'!D32+'Russia Sun Complex'!D32 -> 411 | E3: ='EU Sun Complex'!E32+'Ukraine Sun Complex'!E32+'Russia Sun Complex'!E32 -> 760 | F3: ='EU Sun Complex'!F32+'Ukraine Sun Complex'!F32+'Russia Sun Complex'!F32 -> 457 | G3: ='EU Sun Complex'!G32+'Ukraine Sun Complex'!G32+'Russia Sun Complex'!G32 -> 327 | H3: ='EU Sun Complex'!H32+'Ukraine Sun Complex'!H32+'Russia Sun Complex'!H32 -> 336 | I3: ='EU Sun Complex'!I32+'Ukraine Sun Complex'!I32+'Russia Sun Complex'!I32 -> 412 | ... AD3: ='EU Sun Complex'!AD32+'Ukraine Sun Complex'!AD32+'Russia Sun Complex'!AD32 -> 1040
A4: Production | B4: ='EU Sun Complex'!B33+'Ukraine Sun Complex'!B33+'Russia Sun Complex'!B33 -> 3933.0117 | C4: ='EU Sun Complex'!C33+'Ukraine Sun Complex'!C33+'Russia Sun Complex'!C33 -> 4051.6619 | D4: ='EU Sun Complex'!D33+'Ukraine Sun Complex'!D33+'Russia Sun Complex'!D33 -> 4913.4714 | E4: ='EU Sun Complex'!E33+'Ukraine Sun Complex'!E33+'Russia Sun Complex'!E33 -> 4308.1259 | F4: ='EU Sun Complex'!F33+'Ukraine Sun Complex'!F33+'Russia Sun Complex'!F33 -> 4073.568 | G4: ='EU Sun Complex'!G33+'Ukraine Sun Complex'!G33+'Russia Sun Complex'!G33 -> 4309.1773 | H4: ='EU Sun Complex'!H33+'Ukraine Sun Complex'!H33+'Russia Sun Complex'!H33 -> 4906.3614 | I4: ='EU Sun Complex'!I33+'Ukraine Sun Complex'!I33+'Russia Sun Complex'!I33 -> 4701.6234 | ... AD4: ='EU Sun Complex'!AD33+'Ukraine Sun Complex'!AD33+'Russia Sun Complex'!AD33 -> 14257.62
A5: Imports | B5: ='EU Sun Complex'!B34+'Ukraine Sun Complex'!B34+'Russia Sun Complex'!B34 -> 298 | C5: ='EU Sun Complex'!C34+'Ukraine Sun Complex'!C34+'Russia Sun Complex'!C34 -> 338 | D5: ='EU Sun Complex'!D34+'Ukraine Sun Complex'!D34+'Russia Sun Complex'!D34 -> 328 | E5: ='EU Sun Complex'!E34+'Ukraine Sun Complex'!E34+'Russia Sun Complex'!E34 -> 378 | F5: ='EU Sun Complex'!F34+'Ukraine Sun Complex'!F34+'Russia Sun Complex'!F34 -> 516.061 | G5: ='EU Sun Complex'!G34+'Ukraine Sun Complex'!G34+'Russia Sun Complex'!G34 -> 527.1 | H5: ='EU Sun Complex'!H34+'Ukraine Sun Complex'!H34+'Russia Sun Complex'!H34 -> 312.42 | I5: ='EU Sun Complex'!I34+'Ukraine Sun Complex'!I34+'Russia Sun Complex'!I34 -> 334.966 | ... AD5: ='EU Sun Complex'!AD34+'Ukraine Sun Complex'!AD34+'Russia Sun Complex'!AD34 -> 2105.283
A6: Total Supply | B6: =SUM(B3:B5) -> 4669.0117 | C6: =SUM(C3:C5) -> 4810.6619 | D6: =SUM(D3:D5) -> 5652.4714 | E6: =SUM(E3:E5) -> 5446.1259 | F6: =SUM(F3:F5) -> 5046.629 | G6: =SUM(G3:G5) -> 5163.2773 | H6: =SUM(H3:H5) -> 5554.7814 | I6: =SUM(I3:I5) -> 5448.5894 | ... AD6: =SUM(AD3:AD5) -> 17402.903
A7: Domestic Usage | B7: ='EU Sun Complex'!B36+'Ukraine Sun Complex'!B36+'Russia Sun Complex'!B36 -> 3701.0117 | C7: ='EU Sun Complex'!C36+'Ukraine Sun Complex'!C36+'Russia Sun Complex'!C36 -> 3997.6619 | D7: ='EU Sun Complex'!D36+'Ukraine Sun Complex'!D36+'Russia Sun Complex'!D36 -> 4366.4714 | E7: ='EU Sun Complex'!E36+'Ukraine Sun Complex'!E36+'Russia Sun Complex'!E36 -> 4332.0259 | F7: ='EU Sun Complex'!F36+'Ukraine Sun Complex'!F36+'Russia Sun Complex'!F36 -> 4266.0078 | G7: ='EU Sun Complex'!G36+'Ukraine Sun Complex'!G36+'Russia Sun Complex'!G36 -> 4300.7563 | H7: ='EU Sun Complex'!H36+'Ukraine Sun Complex'!H36+'Russia Sun Complex'!H36 -> 4253.6398 | I7: ='EU Sun Complex'!I36+'Ukraine Sun Complex'!I36+'Russia Sun Complex'!I36 -> 4204.9576 | ... AD7: ='EU Sun Complex'!AD36+'Ukraine Sun Complex'!AD36+'Russia Sun Complex'!AD36 -> 7100.9863
A8: Industrail Usage | B8: ='EU Sun Complex'!B37+'Ukraine Sun Complex'!B37+'Russia Sun Complex'!B37 -> 133 | C8: ='EU Sun Complex'!C37+'Ukraine Sun Complex'!C37+'Russia Sun Complex'!C37 -> 207 | D8: ='EU Sun Complex'!D37+'Ukraine Sun Complex'!D37+'Russia Sun Complex'!D37 -> 202 | E8: ='EU Sun Complex'!E37+'Ukraine Sun Complex'!E37+'Russia Sun Complex'!E37 -> 265 | F8: ='EU Sun Complex'!F37+'Ukraine Sun Complex'!F37+'Russia Sun Complex'!F37 -> 217 | G8: ='EU Sun Complex'!G37+'Ukraine Sun Complex'!G37+'Russia Sun Complex'!G37 -> 224 | H8: ='EU Sun Complex'!H37+'Ukraine Sun Complex'!H37+'Russia Sun Complex'!H37 -> 354 | I8: ='EU Sun Complex'!I37+'Ukraine Sun Complex'!I37+'Russia Sun Complex'!I37 -> 410 | ... AD8: ='EU Sun Complex'!AD37+'Ukraine Sun Complex'!AD37+'Russia Sun Complex'!AD37 -> 995
A9: Feed Usage | B9: ='EU Sun Complex'!B38+'Ukraine Sun Complex'!B38+'Russia Sun Complex'!B38 -> 0 | C9: ='EU Sun Complex'!C38+'Ukraine Sun Complex'!C38+'Russia Sun Complex'!C38 -> 0 | D9: ='EU Sun Complex'!D38+'Ukraine Sun Complex'!D38+'Russia Sun Complex'!D38 -> 9 | E9: ='EU Sun Complex'!E38+'Ukraine Sun Complex'!E38+'Russia Sun Complex'!E38 -> 10 | F9: ='EU Sun Complex'!F38+'Ukraine Sun Complex'!F38+'Russia Sun Complex'!F38 -> 10 | G9: ='EU Sun Complex'!G38+'Ukraine Sun Complex'!G38+'Russia Sun Complex'!G38 -> 12 | H9: ='EU Sun Complex'!H38+'Ukraine Sun Complex'!H38+'Russia Sun Complex'!H38 -> 32 | I9: ='EU Sun Complex'!I38+'Ukraine Sun Complex'!I38+'Russia Sun Complex'!I38 -> 46 | ... AD9: ='EU Sun Complex'!AD38+'Ukraine Sun Complex'!AD38+'Russia Sun Complex'!AD38 -> 63
A10: Food Usage | B10: ='EU Sun Complex'!B39+'Ukraine Sun Complex'!B39+'Russia Sun Complex'!B39 -> 3568.0117 | C10: ='EU Sun Complex'!C39+'Ukraine Sun Complex'!C39+'Russia Sun Complex'!C39 -> 3790.6619 | D10: ='EU Sun Complex'!D39+'Ukraine Sun Complex'!D39+'Russia Sun Complex'!D39 -> 4155.4714 | E10: ='EU Sun Complex'!E39+'Ukraine Sun Complex'!E39+'Russia Sun Complex'!E39 -> 4057.0259 | F10: ='EU Sun Complex'!F39+'Ukraine Sun Complex'!F39+'Russia Sun Complex'!F39 -> 4039.0078 | G10: ='EU Sun Complex'!G39+'Ukraine Sun Complex'!G39+'Russia Sun Complex'!G39 -> 4066.7563 | H10: ='EU Sun Complex'!H39+'Ukraine Sun Complex'!H39+'Russia Sun Complex'!H39 -> 3889.6398 | I10: ='EU Sun Complex'!I39+'Ukraine Sun Complex'!I39+'Russia Sun Complex'!I39 -> 3764.9576 | ... AD10: ='EU Sun Complex'!AD39+'Ukraine Sun Complex'!AD39+'Russia Sun Complex'!AD39 -> 6042.9863
A11: Exports | B11: ='EU Sun Complex'!B40+'Ukraine Sun Complex'!B40+'Russia Sun Complex'!B40 -> 547 | C11: ='EU Sun Complex'!C40+'Ukraine Sun Complex'!C40+'Russia Sun Complex'!C40 -> 402 | D11: ='EU Sun Complex'!D40+'Ukraine Sun Complex'!D40+'Russia Sun Complex'!D40 -> 526 | E11: ='EU Sun Complex'!E40+'Ukraine Sun Complex'!E40+'Russia Sun Complex'!E40 -> 657.1 | F11: ='EU Sun Complex'!F40+'Ukraine Sun Complex'!F40+'Russia Sun Complex'!F40 -> 453.62113 | G11: ='EU Sun Complex'!G40+'Ukraine Sun Complex'!G40+'Russia Sun Complex'!G40 -> 526.52102 | H11: ='EU Sun Complex'!H40+'Ukraine Sun Complex'!H40+'Russia Sun Complex'!H40 -> 889.14161 | I11: ='EU Sun Complex'!I40+'Ukraine Sun Complex'!I40+'Russia Sun Complex'!I40 -> 871.63186 | ... AD11: ='EU Sun Complex'!AD40+'Ukraine Sun Complex'!AD40+'Russia Sun Complex'!AD40 -> 8768.6167
A12: Total Use | B12: =B6-B13 -> 4248.0117 | C12: =C6-C13 -> 4399.6619 | D12: =D6-D13 -> 4892.4714 | E12: =E6-E13 -> 4989.1259 | F12: =F6-F13 -> 4719.629 | G12: =G6-G13 -> 4827.2773 | H12: =H6-H13 -> 5142.7814 | I12: =I6-I13 -> 5076.5894 | ... AD12: =AD6-AD13 -> 15869.603
A13: Ending Stocks (September 30) | B13: ='EU Sun Complex'!B42+'Ukraine Sun Complex'!B42+'Russia Sun Complex'!B42 -> 421 | C13: ='EU Sun Complex'!C42+'Ukraine Sun Complex'!C42+'Russia Sun Complex'!C42 -> 411 | D13: ='EU Sun Complex'!D42+'Ukraine Sun Complex'!D42+'Russia Sun Complex'!D42 -> 760 | E13: ='EU Sun Complex'!E42+'Ukraine Sun Complex'!E42+'Russia Sun Complex'!E42 -> 457 | F13: ='EU Sun Complex'!F42+'Ukraine Sun Complex'!F42+'Russia Sun Complex'!F42 -> 327 | G13: ='EU Sun Complex'!G42+'Ukraine Sun Complex'!G42+'Russia Sun Complex'!G42 -> 336 | H13: ='EU Sun Complex'!H42+'Ukraine Sun Complex'!H42+'Russia Sun Complex'!H42 -> 412 | I13: ='EU Sun Complex'!I42+'Ukraine Sun Complex'!I42+'Russia Sun Complex'!I42 -> 372 | ... AD13: ='EU Sun Complex'!AD42+'Ukraine Sun Complex'!AD42+'Russia Sun Complex'!AD42 -> 1533.3
A15: MAJOR IMPORTING COUNTRIES SUNFLOWER OIL SUPPLY AND DEMAND (1,000 Hectares/1,000 Tonnes)
A16: (India, China) | B16: =B2 -> 93/94 | C16: =C2 -> 94/95 | D16: =D2 -> 95/96 | E16: =E2 -> 96/97 | F16: =F2 -> 97/98 | G16: =G2 -> 98/99 | H16: =H2 -> 99/00 | I16: =I2 -> 00/01 | ... AD16: =AD2 -> 21/22
A17: Beginning Stocks (October 1) | B17: ='India Sun Complex'!B32+'China Sun Complex'!B32 -> 0 | C17: ='India Sun Complex'!C32+'China Sun Complex'!C32 -> 0 | D17: ='India Sun Complex'!D32+'China Sun Complex'!D32 -> 0 | E17: ='India Sun Complex'!E32+'China Sun Complex'!E32 -> 0 | F17: ='India Sun Complex'!F32+'China Sun Complex'!F32 -> 0 | G17: ='India Sun Complex'!G32+'China Sun Complex'!G32 -> 0 | H17: ='India Sun Complex'!H32+'China Sun Complex'!H32 -> 70 | I17: ='India Sun Complex'!I32+'China Sun Complex'!I32 -> 98 | ... AD17: ='India Sun Complex'!AD32+'China Sun Complex'!AD32 -> 105
A18: Production | B18: ='India Sun Complex'!B33+'China Sun Complex'!B33 -> 655 | C18: ='India Sun Complex'!C33+'China Sun Complex'!C33 -> 603.07376 | D18: ='India Sun Complex'!D33+'China Sun Complex'!D33 -> 638.12476 | E18: ='India Sun Complex'!E33+'China Sun Complex'!E33 -> 611.74081 | F18: ='India Sun Complex'!F33+'China Sun Complex'!F33 -> 538.67875 | G18: ='India Sun Complex'!G33+'China Sun Complex'!G33 -> 571.87967 | H18: ='India Sun Complex'!H33+'China Sun Complex'!H33 -> 623.82145 | I18: ='India Sun Complex'!I33+'China Sun Complex'!I33 -> 742.54601 | ... AD18: ='India Sun Complex'!AD33+'China Sun Complex'!AD33 -> 690.39173
A19: Imports | B19: ='India Sun Complex'!B34+'China Sun Complex'!B34 -> 0 | C19: ='India Sun Complex'!C34+'China Sun Complex'!C34 -> 71.3 | D19: ='India Sun Complex'!D34+'China Sun Complex'!D34 -> 86.008433 | E19: ='India Sun Complex'!E34+'China Sun Complex'!E34 -> 422.3658 | F19: ='India Sun Complex'!F34+'China Sun Complex'!F34 -> 125.67654 | G19: ='India Sun Complex'!G34+'China Sun Complex'!G34 -> 551.2054 | H19: ='India Sun Complex'!H34+'China Sun Complex'!H34 -> 503.2917 | I19: ='India Sun Complex'!I34+'China Sun Complex'!I34 -> 365.94259 | ... AD19: ='India Sun Complex'!AD34+'China Sun Complex'!AD34 -> 2886
A20: Total Supply | B20: =SUM(B17:B19) -> 655 | C20: =SUM(C17:C19) -> 674.37376 | D20: =SUM(D17:D19) -> 724.13319 | E20: =SUM(E17:E19) -> 1034.1066 | F20: =SUM(F17:F19) -> 664.35529 | G20: =SUM(G17:G19) -> 1123.0851 | H20: =SUM(H17:H19) -> 1197.1132 | I20: =SUM(I17:I19) -> 1206.4886 | ... AD20: =SUM(AD17:AD19) -> 3681.3917
A21: Domestic Usage | B21: ='India Sun Complex'!B36+'China Sun Complex'!B36 -> 655 | C21: ='India Sun Complex'!C36+'China Sun Complex'!C36 -> 674 | D21: ='India Sun Complex'!D36+'China Sun Complex'!D36 -> 723 | E21: ='India Sun Complex'!E36+'China Sun Complex'!E36 -> 1032 | F21: ='India Sun Complex'!F36+'China Sun Complex'!F36 -> 664 | G21: ='India Sun Complex'!G36+'China Sun Complex'!G36 -> 1053 | H21: ='India Sun Complex'!H36+'China Sun Complex'!H36 -> 1099 | I21: ='India Sun Complex'!I36+'China Sun Complex'!I36 -> 1135 | ... AD21: ='India Sun Complex'!AD36+'China Sun Complex'!AD36 -> 4890
A22: Industrail Usage | B22: ='India Sun Complex'!B37+'China Sun Complex'!B37 -> 0 | C22: ='India Sun Complex'!C37+'China Sun Complex'!C37 -> 0 | D22: ='India Sun Complex'!D37+'China Sun Complex'!D37 -> 0 | E22: ='India Sun Complex'!E37+'China Sun Complex'!E37 -> 0 | F22: ='India Sun Complex'!F37+'China Sun Complex'!F37 -> 0 | G22: ='India Sun Complex'!G37+'China Sun Complex'!G37 -> 0 | H22: ='India Sun Complex'!H37+'China Sun Complex'!H37 -> 0 | I22: ='India Sun Complex'!I37+'China Sun Complex'!I37 -> 0 | ... AD22: ='India Sun Complex'!AD37+'China Sun Complex'!AD37 -> 0
A23: Feed Usage | B23: ='India Sun Complex'!B38+'China Sun Complex'!B38 -> 0 | C23: ='India Sun Complex'!C38+'China Sun Complex'!C38 -> 0 | D23: ='India Sun Complex'!D38+'China Sun Complex'!D38 -> 0 | E23: ='India Sun Complex'!E38+'China Sun Complex'!E38 -> 0 | F23: ='India Sun Complex'!F38+'China Sun Complex'!F38 -> 0 | G23: ='India Sun Complex'!G38+'China Sun Complex'!G38 -> 0 | H23: ='India Sun Complex'!H38+'China Sun Complex'!H38 -> 0 | I23: ='India Sun Complex'!I38+'China Sun Complex'!I38 -> 0 | ... AD23: ='India Sun Complex'!AD38+'China Sun Complex'!AD38 -> 0
A24: Food Usage | B24: ='India Sun Complex'!B39+'China Sun Complex'!B39 -> 655 | C24: ='India Sun Complex'!C39+'China Sun Complex'!C39 -> 674 | D24: ='India Sun Complex'!D39+'China Sun Complex'!D39 -> 723 | E24: ='India Sun Complex'!E39+'China Sun Complex'!E39 -> 1032 | F24: ='India Sun Complex'!F39+'China Sun Complex'!F39 -> 664 | G24: ='India Sun Complex'!G39+'China Sun Complex'!G39 -> 1053 | H24: ='India Sun Complex'!H39+'China Sun Complex'!H39 -> 1099 | I24: ='India Sun Complex'!I39+'China Sun Complex'!I39 -> 1135 | ... AD24: ='India Sun Complex'!AD39+'China Sun Complex'!AD39 -> 4890
A25: Exports | B25: ='India Sun Complex'!B40+'China Sun Complex'!B40 -> 0 | C25: ='India Sun Complex'!C40+'China Sun Complex'!C40 -> 0.4 | D25: ='India Sun Complex'!D40+'China Sun Complex'!D40 -> 1.133193 | E25: ='India Sun Complex'!E40+'China Sun Complex'!E40 -> 2.106608 | F25: ='India Sun Complex'!F40+'China Sun Complex'!F40 -> 0.355287 | G25: ='India Sun Complex'!G40+'China Sun Complex'!G40 -> 6.9e-05 | H25: ='India Sun Complex'!H40+'China Sun Complex'!H40 -> 0.113154 | I25: ='India Sun Complex'!I40+'China Sun Complex'!I40 -> 0.4886 | ... AD25: ='India Sun Complex'!AD40+'China Sun Complex'!AD40 -> 9.4
A26: Total Use | B26: =B20-B27 -> 655 | C26: =C20-C27 -> 674.37376 | D26: =D20-D27 -> 724.13319 | E26: =E20-E27 -> 1034.1066 | F26: =F20-F27 -> 664.35529 | G26: =G20-G27 -> 1053.0851 | H26: =H20-H27 -> 1099.1132 | I26: =I20-I27 -> 1135.4886 | ... AD26: =AD20-AD27 -> 3571.3917
A27: Ending Stocks (September 30) | B27: ='India Sun Complex'!B42+'China Sun Complex'!B42 -> 0 | C27: ='India Sun Complex'!C42+'China Sun Complex'!C42 -> 0 | D27: ='India Sun Complex'!D42+'China Sun Complex'!D42 -> 0 | E27: ='India Sun Complex'!E42+'China Sun Complex'!E42 -> 0 | F27: ='India Sun Complex'!F42+'China Sun Complex'!F42 -> 0 | G27: ='India Sun Complex'!G42+'China Sun Complex'!G42 -> 70 | H27: ='India Sun Complex'!H42+'China Sun Complex'!H42 -> 98 | I27: ='India Sun Complex'!I42+'China Sun Complex'!I42 -> 71 | ... AD27: ='India Sun Complex'!AD42+'China Sun Complex'!AD42 -> 110
A29: OTHER COUNTRIES SUNFLOWER OIL SUPPLY AND DEMAND (1,000 Hectares/1,000 Tonnes)
B30: =B2 -> 93/94 | C30: =C2 -> 94/95 | D30: =D2 -> 95/96 | E30: =E2 -> 96/97 | F30: =F2 -> 97/98 | G30: =G2 -> 98/99 | H30: =H2 -> 99/00 | I30: =I2 -> 00/01 | ... AD30: =AD2 -> 21/22
A31: Beginning Stocks (October 1) | B31: =B45-B17-B3 -> 378 | C31: =C45-C17-C3 -> 253 | D31: =D45-D17-D3 -> 234 | E31: =E45-E17-E3 -> 534 | F31: =F45-F17-F3 -> 561 | G31: =G45-G17-G3 -> 514 | H31: =H45-H17-H3 -> 799 | I31: =I45-I17-I3 -> 766 | ... AD31: =AD45-AD17-AD3 -> 476
A32: Production | B32: =B46-B18-B4 -> 2560.9883 | C32: =C46-C18-C4 -> 3618.2643 | D32: =D46-D18-D4 -> 3532.4039 | E32: =E46-E18-E4 -> 3740.1333 | F32: =F46-F18-F4 -> 3853.7533 | G32: =G46-G18-G4 -> 4384.9431 | H32: =H46-H18-H4 -> 3722.8171 | I32: =I46-I18-I4 -> 2554.8305 | ... AD32: =AD46-AD18-AD4 -> 6840.9883
A33: Imports | B33: =B47-B19-B5 -> 1506 | C33: =C47-C19-C5 -> 2234.7 | D33: =D47-D19-D5 -> 2118.9916 | E33: =E47-E19-E5 -> 2245.6342 | F33: =F47-F19-F5 -> 1992.2625 | G33: =G47-G19-G5 -> 1823.6946 | H33: =H47-H19-H5 -> 1525.2883 | I33: =I47-I19-I5 -> 1206.0914 | ... AD33: =AD47-AD19-AD5 -> 6829.717
A34: Total Supply | B34: =SUM(B31:B33) -> 4444.9883 | C34: =SUM(C31:C33) -> 6105.9643 | D34: =SUM(D31:D33) -> 5885.3954 | E34: =SUM(E31:E33) -> 6519.7675 | F34: =SUM(F31:F33) -> 6407.0157 | G34: =SUM(G31:G33) -> 6722.6377 | H34: =SUM(H31:H33) -> 6047.1054 | I34: =SUM(I31:I33) -> 4526.922 | ... AD34: =SUM(AD31:AD33) -> 14146.705
A35: Domestic Usage | B35: =B49-B21-B7 -> 2956.9883 | C35: =C49-C21-C7 -> 3364.3381 | D35: =D49-D21-D7 -> 3309.5286 | E35: =E49-E21-E7 -> 3354.9741 | F35: =F49-F21-F7 -> 3292.9922 | G35: =G49-G21-G7 -> 3276.2437 | H35: =H49-H21-H7 -> 3274.3602 | I35: =I49-I21-I7 -> 2628.0424 | ... AD35: =AD49-AD21-AD7 -> 8109.0137
A36: Industrail Usage | B36: =B50-B22-B8 -> 156 | C36: =C50-C22-C8 -> 152 | D36: =D50-D22-D8 -> 153 | E36: =E50-E22-E8 -> 150 | F36: =F50-F22-F8 -> 126 | G36: =G50-G22-G8 -> 120 | H36: =H50-H22-H8 -> 24 | I36: =I50-I22-I8 -> 12 | ... AD36: =AD50-AD22-AD8 -> 18
A37: Feed Usage | B37: =B51-B23-B9 -> 30 | C37: =C51-C23-C9 -> 25 | D37: =D51-D23-D9 -> 27 | E37: =E51-E23-E9 -> 25 | F37: =F51-F23-F9 -> 30 | G37: =G51-G23-G9 -> 50 | H37: =H51-H23-H9 -> 40 | I37: =I51-I23-I9 -> 17 | ... AD37: =AD51-AD23-AD9 -> 20
A38: Food Usage | B38: =B52-B24-B10 -> 2770.9883 | C38: =C52-C24-C10 -> 3187.3381 | D38: =D52-D24-D10 -> 3129.5286 | E38: =E52-E24-E10 -> 3179.9741 | F38: =F52-F24-F10 -> 3136.9922 | G38: =G52-G24-G10 -> 3104.2437 | H38: =H52-H24-H10 -> 3188.3602 | I38: =I52-I24-I10 -> 2583.0424 | ... AD38: =AD52-AD24-AD10 -> 8071.0137
A39: Exports | B39: =B53-B25-B11 -> 1235 | C39: =C53-C25-C11 -> 2507.6 | D39: =D53-D25-D11 -> 2041.8668 | E39: =E53-E25-E11 -> 2603.7934 | F39: =F53-F25-F11 -> 2600.0236 | G39: =G53-G25-G11 -> 2607.4789 | H39: =H53-H25-H11 -> 2006.7452 | I39: =I53-I25-I11 -> 1363.8795 | ... AD39: =AD53-AD25-AD11 -> 4269.9833
A40: Total Use | B40: =B34-B41 -> 4191.9883 | C40: =C34-C41 -> 5871.9643 | D40: =D34-D41 -> 5351.3954 | E40: =E34-E41 -> 5958.7675 | F40: =F34-F41 -> 5893.0157 | G40: =G34-G41 -> 5883.6377 | H40: =H34-H41 -> 5281.1054 | I40: =I34-I41 -> 3991.922 | ... AD40: =AD34-AD41 -> 13707.005
A41: Ending Stocks (September 30) | B41: =B55-B27-B13 -> 253 | C41: =C55-C27-C13 -> 234 | D41: =D55-D27-D13 -> 534 | E41: =E55-E27-E13 -> 561 | F41: =F55-F27-F13 -> 514 | G41: =G55-G27-G13 -> 839 | H41: =H55-H27-H13 -> 766 | I41: =I55-I27-I13 -> 535 | ... AD41: =AD55-AD27-AD13 -> 439.7
A43: WORLD SUNFLOWER OIL SUPPLY AND DEMAND (1,000 Hectares/1,000 Tonnes)
B44: =B2 -> 93/94 | C44: =C2 -> 94/95 | D44: =D2 -> 95/96 | E44: =E2 -> 96/97 | F44: =F2 -> 97/98 | G44: =G2 -> 98/99 | H44: =H2 -> 99/00 | I44: =I2 -> 00/01 | ... AD44: =AD2 -> 21/22
A45: Beginning Stocks (October 1) | B45: 816 | C45: 674 | D45: 645 | E45: 1294 | F45: 1018 | G45: 841 | H45: 1205 | I45: 1276 | J45: 978 | K45: 733 | L45: 803 | M45: 825 | N45: 1023 | O45: 1207 | P45: 1206 | Q45: 1198 | R45: 1939 | S45: 1918 | T45: 1848 | U45: 3052 | V45: 2275 | W45: 2949 | X45: 2538 | Y45: 1975 | Z45: 2363 | AA45: 2268 | AB45: 1859 | AC45: 2447 | AD45: 1621
A46: Production | B46: 7149 | C46: 8273 | D46: 9084 | E46: 8660 | F46: 8466 | G46: 9266 | H46: 9253 | I46: 7999 | J46: 7339 | K46: 8011 | L46: 9107 | M46: 9185 | N46: 10562 | O46: 10742 | P46: 10257 | Q46: 11891 | R46: 12118 | S46: 12081 | T46: 14347 | U46: 12850 | V46: 15616 | W46: 14935 | X46: 15399 | Y46: 18217 | Z46: 18522 | AA46: 19494 | AB46: 21426 | AC46: 19191 | AD46: 21789
A47: Imports | B47: 1804 | C47: 2644 | D47: 2533 | E47: 3046 | F47: 2634 | G47: 2902 | H47: 2341 | I47: 1907 | J47: 1828 | K47: 1937 | L47: 1982 | M47: 2176 | N47: 3316 | O47: 3472 | P47: 2783 | Q47: 4181 | R47: 3835 | S47: 3717 | T47: 5879 | U47: 5090 | V47: 7047 | W47: 6333 | X47: 7187 | Y47: 9309 | Z47: 9149 | AA47: 9704 | AB47: 11697 | AC47: 10055 | AD47: 11821
A48: Total Supply | B48: =SUM(B45:B47) -> 9769 | C48: =SUM(C45:C47) -> 11591 | D48: =SUM(D45:D47) -> 12262 | E48: =SUM(E45:E47) -> 13000 | F48: =SUM(F45:F47) -> 12118 | G48: =SUM(G45:G47) -> 13009 | H48: =SUM(H45:H47) -> 12799 | I48: =SUM(I45:I47) -> 11182 | ... AD48: =SUM(AD45:AD47) -> 35231
A49: Domestic Usage | B49: 7313 | C49: 8036 | D49: 8399 | E49: 8719 | F49: 8223 | G49: 8630 | H49: 8627 | I49: 7968 | J49: 7482 | K49: 7563 | L49: 8388 | M49: 8586 | N49: 9773 | O49: 10167 | P49: 9520 | Q49: 10782 | R49: 11473 | S49: 11330 | T49: 12544 | U49: 13172 | V49: 14212 | W49: 14235 | X49: 15057 | Y49: 16383 | Z49: 17439 | AA49: 18104 | AB49: 19408 | AC49: 18954 | AD49: 20100
A50: Industrail Usage | B50: 289 | C50: 359 | D50: 355 | E50: 415 | F50: 343 | G50: 344 | H50: 378 | I50: 422 | J50: 333 | K50: 373 | L50: 440 | M50: 503 | N50: 496 | O50: 557 | P50: 660 | Q50: 589 | R50: 574 | S50: 608 | T50: 642 | U50: 712 | V50: 732 | W50: 732 | X50: 847 | Y50: 880 | Z50: 905 | AA50: 938 | AB50: 948 | AC50: 948 | AD50: 1013
A51: Feed Usage | B51: 30 | C51: 25 | D51: 36 | E51: 35 | F51: 40 | G51: 62 | H51: 72 | I51: 63 | J51: 26 | K51: 39 | L51: 52 | M51: 63 | N51: 47 | O51: 63 | P51: 74 | Q51: 81 | R51: 74 | S51: 73 | T51: 80 | U51: 80 | V51: 80 | W51: 71 | X51: 70 | Y51: 75 | Z51: 83 | AA51: 74 | AB51: 83 | AC51: 78 | AD51: 83
A52: Food Usage | B52: 6994 | C52: 7652 | D52: 8008 | E52: 8269 | F52: 7840 | G52: 8224 | H52: 8177 | I52: 7483 | J52: 7123 | K52: 7151 | L52: 7896 | M52: 8020 | N52: 9230 | O52: 9547 | P52: 8786 | Q52: 10112 | R52: 10825 | S52: 10649 | T52: 11822 | U52: 12380 | V52: 13400 | W52: 13432 | X52: 14140 | Y52: 15428 | Z52: 16451 | AA52: 17092 | AB52: 18377 | AC52: 17928 | AD52: 19004
A53: Exports | B53: 1782 | C53: 2910 | D53: 2569 | E53: 3263 | F53: 3054 | G53: 3134 | H53: 2896 | I53: 2236 | J53: 1930 | K53: 2315 | L53: 2679 | M53: 2577 | N53: 3921 | O53: 4048 | P53: 3528 | Q53: 4549 | R53: 4501 | S53: 4538 | T53: 6478 | U53: 5545 | V53: 7777 | W53: 7444 | X53: 8176 | Y53: 10755 | Z53: 10327 | AA53: 11503 | AB53: 13127 | AC53: 11118 | AD53: 13048
A54: Total Use | B54: =B48-B55 -> 9095 | C54: =C48-C55 -> 10946 | D54: =D48-D55 -> 10968 | E54: =E48-E55 -> 11982 | F54: =F48-F55 -> 11277 | G54: =G48-G55 -> 11764 | H54: =H48-H55 -> 11523 | I54: =I48-I55 -> 10204 | ... AD54: =AD48-AD55 -> 33148
A55: Ending Stocks (September 30) | B55: 674 | C55: 645 | D55: 1294 | E55: 1018 | F55: 841 | G55: 1245 | H55: 1276 | I55: 978 | J55: 733 | K55: 803 | L55: 825 | M55: 1023 | N55: 1207 | O55: 1206 | P55: 1198 | Q55: 1939 | R55: 1918 | S55: 1848 | T55: 3052 | U55: 2275 | V55: 2949 | W55: 2538 | X55: 1891 | Y55: 2363 | Z55: 2268 | AA55: 1859 | AB55: 2447 | AC55: 1621 | AD55: 2083
A56: Bold numbers are Fastmarkets Forecasts
A57: Source: USDA, Fastmarkets

Sheet Major Sunflower Exports
A1: EUROPE, RUSSIA, AND UKRAINE SUNFLOWER EXPORTS (1,000 Tonnes)
B2: Sep | C2: Oct | D2: Nov | E2: Dec | F2: Jan | G2: Feb | H2: Mar | I2: Apr | J2: May | K2: Jun | L2: Jul | M2: Aug | N2: Total | P2: SON | Q2: DJF | R2: MAM | S2: JJA
A3: EU SUNFLOWER EXPORTS TO CHINA
A5: 1994/95 | B5: ='[2]EU Sunflower Exports'!AQ$88 -> 0 | C5: ='[2]EU Sunflower Exports'!AR$88 -> 0 | D5: ='[2]EU Sunflower Exports'!AS$88 -> 0 | E5: ='[2]EU Sunflower Exports'!AT$88 -> 0 | F5: ='[2]EU Sunflower Exports'!AU$88 -> 0 | G5: ='[2]EU Sunflower Exports'!AV$88 -> 0 | H5: ='[2]EU Sunflower Exports'!AW$88 -> 0 | I5: ='[2]EU Sunflower Exports'!AX$88 -> 0 | ... M5: ='[2]EU Sunflower Exports'!BB$88 -> 0 | N5: =SUM(B5:M5) -> 0 | P5: =SUM(B5:D5) -> 0 | Q5: =SUM(E5:G5) -> 0 | R5: =SUM(H5:J5) -> 0 | S5: =SUM(K5:M5) -> 0
A6: 1995/96 | B6: ='[2]EU Sunflower Exports'!BC$88 -> 0 | C6: ='[2]EU Sunflower Exports'!BD$88 -> 0 | D6: ='[2]EU Sunflower Exports'!BE$88 -> 0 | E6: ='[2]EU Sunflower Exports'!BF$88 -> 0 | F6: ='[2]EU Sunflower Exports'!BG$88 -> 0 | G6: ='[2]EU Sunflower Exports'!BH$88 -> 0 | H6: ='[2]EU Sunflower Exports'!BI$88 -> 0 | I6: ='[2]EU Sunflower Exports'!BJ$88 -> 0 | ... M6: ='[2]EU Sunflower Exports'!BN$88 -> 0 | N6: =SUM(B6:M6) -> 0 | P6: =SUM(B6:D6) -> 0 | Q6: =SUM(E6:G6) -> 0 | R6: =SUM(H6:J6) -> 0 | S6: =SUM(K6:M6) -> 0
A7: 1996/97 | B7: ='[2]EU Sunflower Exports'!BO$88 -> 0 | C7: ='[2]EU Sunflower Exports'!BP$88 -> 0 | D7: ='[2]EU Sunflower Exports'!BQ$88 -> 0 | E7: ='[2]EU Sunflower Exports'!BR$88 -> 0 | F7: ='[2]EU Sunflower Exports'!BS$88 -> 0 | G7: ='[2]EU Sunflower Exports'!BT$88 -> 0 | H7: ='[2]EU Sunflower Exports'!BU$88 -> 0.001 | I7: ='[2]EU Sunflower Exports'!BV$88 -> 0 | ... M7: ='[2]EU Sunflower Exports'!BZ$88 -> 0 | N7: =SUM(B7:M7) -> 0.001 | P7: =SUM(B7:D7) -> 0 | Q7: =SUM(E7:G7) -> 0 | R7: =SUM(H7:J7) -> 0.001 | S7: =SUM(K7:M7) -> 0
A8: 1997/98 | B8: ='[2]EU Sunflower Exports'!CA$88 -> 0 | C8: ='[2]EU Sunflower Exports'!CB$88 -> 0 | D8: ='[2]EU Sunflower Exports'!CC$88 -> 0 | E8: ='[2]EU Sunflower Exports'!CD$88 -> 0 | F8: ='[2]EU Sunflower Exports'!CE$88 -> 0.058 | G8: ='[2]EU Sunflower Exports'!CF$88 -> 0 | H8: ='[2]EU Sunflower Exports'!CG$88 -> 0.001 | I8: ='[2]EU Sunflower Exports'!CH$88 -> 0 | ... M8: ='[2]EU Sunflower Exports'!CL$88 -> 0 | N8: =SUM(B8:M8) -> 0.059 | P8: =SUM(B8:D8) -> 0 | Q8: =SUM(E8:G8) -> 0.058 | R8: =SUM(H8:J8) -> 0.001 | S8: =SUM(K8:M8) -> 0
A9: 1998/99 | B9: ='[2]EU Sunflower Exports'!CM$88 -> 0 | C9: ='[2]EU Sunflower Exports'!CN$88 -> 0 | D9: ='[2]EU Sunflower Exports'!CO$88 -> 0 | E9: ='[2]EU Sunflower Exports'!CP$88 -> 0 | F9: ='[2]EU Sunflower Exports'!CQ$88 -> 0.04 | G9: ='[2]EU Sunflower Exports'!CR$88 -> 0.007 | H9: ='[2]EU Sunflower Exports'!CS$88 -> 0.002 | I9: ='[2]EU Sunflower Exports'!CT$88 -> 0 | ... M9: ='[2]EU Sunflower Exports'!CX$88 -> 0 | N9: =SUM(B9:M9) -> 0.049 | P9: =SUM(B9:D9) -> 0 | Q9: =SUM(E9:G9) -> 0.047 | R9: =SUM(H9:J9) -> 0.002 | S9: =SUM(K9:M9) -> 0
A10: 1999/00 | B10: ='[2]EU Sunflower Exports'!CY$88 -> 0 | C10: ='[2]EU Sunflower Exports'!CZ$88 -> 0 | D10: ='[2]EU Sunflower Exports'!DA$88 -> 0 | E10: ='[2]EU Sunflower Exports'!DB$88 -> 0 | F10: ='[2]EU Sunflower Exports'!DC$88 -> 0 | G10: ='[2]EU Sunflower Exports'!DD$88 -> 0 | H10: ='[2]EU Sunflower Exports'!DE$88 -> 0.021 | I10: ='[2]EU Sunflower Exports'!DF$88 -> 0 | ... M10: ='[2]EU Sunflower Exports'!DJ$88 -> 0 | N10: =SUM(B10:M10) -> 0.021 | P10: =SUM(B10:D10) -> 0 | Q10: =SUM(E10:G10) -> 0 | R10: =SUM(H10:J10) -> 0.021 | S10: =SUM(K10:M10) -> 0
A11: 2000/01 | B11: ='[2]EU Sunflower Exports'!DK$88 -> 0 | C11: ='[2]EU Sunflower Exports'!DL$88 -> 0 | D11: ='[2]EU Sunflower Exports'!DM$88 -> 0 | E11: ='[2]EU Sunflower Exports'!DN$88 -> 0 | F11: ='[2]EU Sunflower Exports'!DO$88 -> 0 | G11: ='[2]EU Sunflower Exports'!DP$88 -> 0.002 | H11: ='[2]EU Sunflower Exports'!DQ$88 -> 0.001 | I11: ='[2]EU Sunflower Exports'!DR$88 -> 0 | ... M11: ='[2]EU Sunflower Exports'!DV$88 -> 0 | N11: =SUM(B11:M11) -> 0.003 | P11: =SUM(B11:D11) -> 0 | Q11: =SUM(E11:G11) -> 0.002 | R11: =SUM(H11:J11) -> 0.001 | S11: =SUM(K11:M11) -> 0
A12: 2001/02 | B12: ='[2]EU Sunflower Exports'!DW$88 -> 0 | C12: ='[2]EU Sunflower Exports'!DX$88 -> 0 | D12: ='[2]EU Sunflower Exports'!DY$88 -> 0 | E12: ='[2]EU Sunflower Exports'!DZ$88 -> 0 | F12: ='[2]EU Sunflower Exports'!EA$88 -> 0 | G12: ='[2]EU Sunflower Exports'!EB$88 -> 0 | H12: ='[2]EU Sunflower Exports'!EC$88 -> 0.012 | I12: ='[2]EU Sunflower Exports'!ED$88 -> 0.002 | ... M12: ='[2]EU Sunflower Exports'!EH$88 -> 0.001 | N12: =SUM(B12:M12) -> 0.015 | P12: =SUM(B12:D12) -> 0 | Q12: =SUM(E12:G12) -> 0 | R12: =SUM(H12:J12) -> 0.014 | S12: =SUM(K12:M12) -> 0.001
A13: 2002/03 | B13: ='[2]EU Sunflower Exports'!EI$88 -> 0 | C13: ='[2]EU Sunflower Exports'!EJ$88 -> 0 | D13: ='[2]EU Sunflower Exports'!EK$88 -> 0 | E13: ='[2]EU Sunflower Exports'!EL$88 -> 0 | F13: ='[2]EU Sunflower Exports'!EM$88 -> 0.006 | G13: ='[2]EU Sunflower Exports'!EN$88 -> 0.015 | H13: ='[2]EU Sunflower Exports'!EO$88 -> 0.001 | I13: ='[2]EU Sunflower Exports'!EP$88 -> 0.017 | ... M13: ='[2]EU Sunflower Exports'!ET$88 -> 0.01 | N13: =SUM(B13:M13) -> 0.101 | P13: =SUM(B13:D13) -> 0 | Q13: =SUM(E13:G13) -> 0.021 | R13: =SUM(H13:J13) -> 0.052 | S13: =SUM(K13:M13) -> 0.028
A14: 2003/04 | B14: ='[2]EU Sunflower Exports'!EU$88 -> 0 | C14: ='[2]EU Sunflower Exports'!EV$88 -> 0 | D14: ='[2]EU Sunflower Exports'!EW$88 -> 0.008 | E14: ='[2]EU Sunflower Exports'!EX$88 -> 0 | F14: ='[2]EU Sunflower Exports'!EY$88 -> 0 | G14: ='[2]EU Sunflower Exports'!EZ$88 -> 0.032 | H14: ='[2]EU Sunflower Exports'!FA$88 -> 0.001 | I14: ='[2]EU Sunflower Exports'!FB$88 -> 0.001 | ... M14: ='[2]EU Sunflower Exports'!FF$88 -> 0 | N14: =SUM(B14:M14) -> 0.042 | P14: =SUM(B14:D14) -> 0.008 | Q14: =SUM(E14:G14) -> 0.032 | R14: =SUM(H14:J14) -> 0.002 | S14: =SUM(K14:M14) -> 0
A15: 2004/05 | B15: ='[2]EU Sunflower Exports'!FG$88 -> 0 | C15: ='[2]EU Sunflower Exports'!FH$88 -> 0 | D15: ='[2]EU Sunflower Exports'!FI$88 -> 0.01 | E15: ='[2]EU Sunflower Exports'!FJ$88 -> 0 | F15: ='[2]EU Sunflower Exports'!FK$88 -> 0.02 | G15: ='[2]EU Sunflower Exports'!FL$88 -> 0.001 | H15: ='[2]EU Sunflower Exports'!FM$88 -> 0.037 | I15: ='[2]EU Sunflower Exports'!FN$88 -> 0.058 | ... M15: ='[2]EU Sunflower Exports'!FR$88 -> 0 | N15: =SUM(B15:M15) -> 0.222 | P15: =SUM(B15:D15) -> 0.01 | Q15: =SUM(E15:G15) -> 0.021 | R15: =SUM(H15:J15) -> 0.167 | S15: =SUM(K15:M15) -> 0.024
A16: 2005/06 | B16: ='[2]EU Sunflower Exports'!FS$88 -> 0 | C16: ='[2]EU Sunflower Exports'!FT$88 -> 0.007 | D16: ='[2]EU Sunflower Exports'!FU$88 -> 0 | E16: ='[2]EU Sunflower Exports'!FV$88 -> 0 | F16: ='[2]EU Sunflower Exports'!FW$88 -> 0 | G16: ='[2]EU Sunflower Exports'!FX$88 -> 0.118 | H16: ='[2]EU Sunflower Exports'!FY$88 -> 0 | I16: ='[2]EU Sunflower Exports'!FZ$88 -> 0 | ... M16: ='[2]EU Sunflower Exports'!GD$88 -> 0 | N16: =SUM(B16:M16) -> 0.125 | P16: =SUM(B16:D16) -> 0.007 | Q16: =SUM(E16:G16) -> 0.118 | R16: =SUM(H16:J16) -> 0 | S16: =SUM(K16:M16) -> 0
A17: 2006/07 | B17: ='[2]EU Sunflower Exports'!GE$88 -> 0.018 | C17: ='[2]EU Sunflower Exports'!GF$88 -> 0 | D17: ='[2]EU Sunflower Exports'!GG$88 -> 0 | E17: ='[2]EU Sunflower Exports'!GH$88 -> 0 | F17: ='[2]EU Sunflower Exports'!GI$88 -> 0.01 | G17: ='[2]EU Sunflower Exports'!GJ$88 -> 0 | H17: ='[2]EU Sunflower Exports'!GK$88 -> 0.136 | I17: ='[2]EU Sunflower Exports'!GL$88 -> 0 | ... M17: ='[2]EU Sunflower Exports'!GP$88 -> 0 | N17: =SUM(B17:M17) -> 0.164 | P17: =SUM(B17:D17) -> 0.018 | Q17: =SUM(E17:G17) -> 0.01 | R17: =SUM(H17:J17) -> 0.136 | S17: =SUM(K17:M17) -> 0
A18: 2007/08 | B18: ='[2]EU Sunflower Exports'!GQ$88 -> 0 | C18: ='[2]EU Sunflower Exports'!GR$88 -> 0 | D18: ='[2]EU Sunflower Exports'!GS$88 -> 0 | E18: ='[2]EU Sunflower Exports'!GT$88 -> 0 | F18: ='[2]EU Sunflower Exports'!GU$88 -> 0 | G18: ='[2]EU Sunflower Exports'!GV$88 -> 0.036 | H18: ='[2]EU Sunflower Exports'!GW$88 -> 0.09 | I18: ='[2]EU Sunflower Exports'!GX$88 -> 0 | ... M18: ='[2]EU Sunflower Exports'!HB$88 -> 0 | N18: =SUM(B18:M18) -> 0.126 | P18: =SUM(B18:D18) -> 0 | Q18: =SUM(E18:G18) -> 0.036 | R18: =SUM(H18:J18) -> 0.09 | S18: =SUM(K18:M18) -> 0
A19: 2008/09 | B19: ='[2]EU Sunflower Exports'!HC$88 -> 0 | C19: ='[2]EU Sunflower Exports'!HD$88 -> 0.01 | D19: ='[2]EU Sunflower Exports'!HE$88 -> 0.002 | E19: ='[2]EU Sunflower Exports'!HF$88 -> 0.001 | F19: ='[2]EU Sunflower Exports'!HG$88 -> 0 | G19: ='[2]EU Sunflower Exports'!HH$88 -> 0.056 | H19: ='[2]EU Sunflower Exports'!HI$88 -> 0.003 | I19: ='[2]EU Sunflower Exports'!HJ$88 -> 0 | ... M19: ='[2]EU Sunflower Exports'!HN$88 -> 0 | N19: =SUM(B19:M19) -> 0.103 | P19: =SUM(B19:D19) -> 0.012 | Q19: =SUM(E19:G19) -> 0.057 | R19: =SUM(H19:J19) -> 0.016 | S19: =SUM(K19:M19) -> 0.018
A20: 2009/10 | B20: ='[2]EU Sunflower Exports'!HO$88 -> 0 | C20: ='[2]EU Sunflower Exports'!HP$88 -> 0.029 | D20: ='[2]EU Sunflower Exports'!HQ$88 -> 0 | E20: ='[2]EU Sunflower Exports'!HR$88 -> 0 | F20: ='[2]EU Sunflower Exports'!HS$88 -> 0.047 | G20: ='[2]EU Sunflower Exports'!HT$88 -> 0.194 | H20: ='[2]EU Sunflower Exports'!HU$88 -> 0.001 | I20: ='[2]EU Sunflower Exports'!HV$88 -> 0.004 | ... M20: ='[2]EU Sunflower Exports'!HZ$88 -> 0 | N20: =SUM(B20:M20) -> 0.293 | P20: =SUM(B20:D20) -> 0.029 | Q20: =SUM(E20:G20) -> 0.241 | R20: =SUM(H20:J20) -> 0.005 | S20: =SUM(K20:M20) -> 0.018
A21: 2010/11 | B21: ='[2]EU Sunflower Exports'!IA$88 -> 0 | C21: ='[2]EU Sunflower Exports'!IB$88 -> 0.001 | D21: ='[2]EU Sunflower Exports'!IC$88 -> 0 | E21: ='[2]EU Sunflower Exports'!ID$88 -> 0 | F21: ='[2]EU Sunflower Exports'!IE$88 -> 0.038 | G21: ='[2]EU Sunflower Exports'!IF$88 -> 0.006 | H21: ='[2]EU Sunflower Exports'!IG$88 -> 0.013 | I21: ='[2]EU Sunflower Exports'!IH$88 -> 0.001 | ... M21: ='[2]EU Sunflower Exports'!IL$88 -> 0 | N21: =SUM(B21:M21) -> 0.062 | P21: =SUM(B21:D21) -> 0.001 | Q21: =SUM(E21:G21) -> 0.044 | R21: =SUM(H21:J21) -> 0.015 | S21: =SUM(K21:M21) -> 0.002
A22: 2011/12 | B22: ='[2]EU Sunflower Exports'!IM$88 -> 0 | C22: ='[2]EU Sunflower Exports'!IN$88 -> 0 | D22: ='[2]EU Sunflower Exports'!IO$88 -> 0.041 | E22: ='[2]EU Sunflower Exports'!IP$88 -> 0 | F22: ='[2]EU Sunflower Exports'!IQ$88 -> 0 | G22: ='[2]EU Sunflower Exports'!IR$88 -> 0.009 | H22: ='[2]EU Sunflower Exports'!IS$88 -> 0 | I22: ='[2]EU Sunflower Exports'!IT$88 -> 0 | ... M22: ='[2]EU Sunflower Exports'!IX$88 -> 0 | N22: =SUM(B22:M22) -> 0.072 | P22: =SUM(B22:D22) -> 0.041 | Q22: =SUM(E22:G22) -> 0.009 | R22: =SUM(H22:J22) -> 0.022 | S22: =SUM(K22:M22) -> 0
A23: 2012/13 | B23: ='[2]EU Sunflower Exports'!IY$88 -> 0 | C23: ='[2]EU Sunflower Exports'!IZ$88 -> 0 | D23: ='[2]EU Sunflower Exports'!JA$88 -> 0 | E23: ='[2]EU Sunflower Exports'!JB$88 -> 0.02 | F23: ='[2]EU Sunflower Exports'!JC$88 -> 0 | G23: ='[2]EU Sunflower Exports'!JD$88 -> 0.001 | H23: ='[2]EU Sunflower Exports'!JE$88 -> 0.011 | I23: ='[2]EU Sunflower Exports'!JF$88 -> 0 | ... M23: ='[2]EU Sunflower Exports'!JJ$88 -> 0 | N23: =SUM(B23:M23) -> 0.038 | P23: =SUM(B23:D23) -> 0 | Q23: =SUM(E23:G23) -> 0.021 | R23: =SUM(H23:J23) -> 0.011 | S23: =SUM(K23:M23) -> 0.006
A24: 2013/14 | B24: ='[2]EU Sunflower Exports'!JK$88 -> 0.018 | C24: ='[2]EU Sunflower Exports'!JL$88 -> 0.365 | D24: ='[2]EU Sunflower Exports'!JM$88 -> 0.11 | E24: ='[2]EU Sunflower Exports'!JN$88 -> 0.217 | F24: ='[2]EU Sunflower Exports'!JO$88 -> 0 | G24: ='[2]EU Sunflower Exports'!JP$88 -> 0 | H24: ='[2]EU Sunflower Exports'!JQ$88 -> 0.008 | I24: ='[2]EU Sunflower Exports'!JR$88 -> 0.026 | ... M24: ='[2]EU Sunflower Exports'!JV$88 -> 0.005 | N24: =SUM(B24:M24) -> 0.75 | P24: =SUM(B24:D24) -> 0.493 | Q24: =SUM(E24:G24) -> 0.217 | R24: =SUM(H24:J24) -> 0.034 | S24: =SUM(K24:M24) -> 0.006
A25: 2014/15 | B25: ='[2]EU Sunflower Exports'!JW$88 -> 0.026 | C25: ='[2]EU Sunflower Exports'!JX$88 -> 0 | D25: ='[2]EU Sunflower Exports'!JY$88 -> 0 | E25: ='[2]EU Sunflower Exports'!JZ$88 -> 0 | F25: ='[2]EU Sunflower Exports'!KA$88 -> 0 | G25: ='[2]EU Sunflower Exports'!KB$88 -> 0.02 | H25: ='[2]EU Sunflower Exports'!KC$88 -> 0.003 | I25: ='[2]EU Sunflower Exports'!KD$88 -> 0 | ... M25: ='[2]EU Sunflower Exports'!KH$88 -> 0 | N25: =SUM(B25:M25) -> 0.049 | P25: =SUM(B25:D25) -> 0.026 | Q25: =SUM(E25:G25) -> 0.02 | R25: =SUM(H25:J25) -> 0.003 | S25: =SUM(K25:M25) -> 0
A26: 2015/16 | B26: ='[2]EU Sunflower Exports'!KI$88 -> 0 | C26: ='[2]EU Sunflower Exports'!KJ$88 -> 0 | D26: ='[2]EU Sunflower Exports'!KK$88 -> 0 | E26: ='[2]EU Sunflower Exports'!KL$88 -> 0.019 | F26: ='[2]EU Sunflower Exports'!KM$88 -> 0.003 | G26: ='[2]EU Sunflower Exports'!KN$88 -> 0.008 | H26: ='[2]EU Sunflower Exports'!KO$88 -> 0.001 | I26: ='[2]EU Sunflower Exports'!KP$88 -> 0 | ... M26: ='[2]EU Sunflower Exports'!KT$88 -> 0.032 | N26: =SUM(B26:M26) -> 0.063 | P26: =SUM(B26:D26) -> 0 | Q26: =SUM(E26:G26) -> 0.03 | R26: =SUM(H26:J26) -> 0.001 | S26: =SUM(K26:M26) -> 0.032
A27: 2016/17 | B27: ='[2]EU Sunflower Exports'!KU$88 -> 0 | C27: ='[2]EU Sunflower Exports'!KV$88 -> 0 | D27: ='[2]EU Sunflower Exports'!KW$88 -> 0.018 | E27: ='[2]EU Sunflower Exports'!KX$88 -> 0 | F27: ='[2]EU Sunflower Exports'!KY$88 | G27: ='[2]EU Sunflower Exports'!KZ$88 -> 0.01 | H27: ='[2]EU Sunflower Exports'!LA$88 -> 0.011 | I27: ='[2]EU Sunflower Exports'!LB$88 | ... M27: ='[2]EU Sunflower Exports'!LF$88 | N27: =SUM(B27:M27) -> 0.04 | P27: =SUM(B27:D27) -> 0.018 | Q27: =SUM(E27:G27) -> 0.01 | R27: =SUM(H27:J27) -> 0.011 | S27: =SUM(K27:M27) -> 0.001
A28: 2017/18 | B28: ='[2]EU Sunflower Exports'!LG$88 -> 0.063 | C28: ='[2]EU Sunflower Exports'!LH$88 | D28: ='[2]EU Sunflower Exports'!LI$88 | E28: ='[2]EU Sunflower Exports'!LJ$88 -> 0.019 | F28: ='[2]EU Sunflower Exports'!LK$88 | G28: ='[2]EU Sunflower Exports'!LL$88 | H28: ='[2]EU Sunflower Exports'!LM$88 -> 0.002 | I28: ='[2]EU Sunflower Exports'!LN$88 -> 0.006 | ... M28: ='[2]EU Sunflower Exports'!LR$88 | N28: =SUM(B28:M28) -> 0.307 | P28: =SUM(B28:D28) -> 0.063 | Q28: =SUM(E28:G28) -> 0.019 | R28: =SUM(H28:J28) -> 0.225 | S28: =SUM(K28:M28) -> 0
A29: 2018/19 | B29: ='[2]EU Sunflower Exports'!LS$88 -> 0.002 | C29: ='[2]EU Sunflower Exports'!LT$88 | D29: ='[2]EU Sunflower Exports'!LU$88 -> 1.548 | E29: ='[2]EU Sunflower Exports'!LV$88 -> 2.243 | F29: ='[2]EU Sunflower Exports'!LW$88 -> 2.609 | G29: ='[2]EU Sunflower Exports'!LX$88 -> 0.73 | H29: ='[2]EU Sunflower Exports'!LY$88 -> 1.099 | I29: ='[2]EU Sunflower Exports'!LZ$88 -> 0.274 | ... M29: ='[2]EU Sunflower Exports'!MD$88 -> 1.533 | N29: =SUM(B29:M29) -> 14.405 | P29: =SUM(B29:D29) -> 1.55 | Q29: =SUM(E29:G29) -> 5.582 | R29: =SUM(H29:J29) -> 3.263 | S29: =SUM(K29:M29) -> 4.01
A30: 2019/20 | B30: ='[2]EU Sunflower Exports'!ME$88 -> 2.757 | C30: ='[2]EU Sunflower Exports'!MF$88 -> 2.069 | D30: ='[2]EU Sunflower Exports'!MG$88 -> 1.996 | E30: ='[2]EU Sunflower Exports'!MH$88 -> 1.714 | F30: ='[2]EU Sunflower Exports'!MI$88 -> 5.463 | G30: ='[2]EU Sunflower Exports'!MJ$88 -> 1.348 | H30: ='[2]EU Sunflower Exports'!MK$88 -> 2.871 | I30: ='[2]EU Sunflower Exports'!ML$88 -> 5.098 | ... M30: ='[2]EU Sunflower Exports'!MP$88 -> 2.527 | N30: =SUM(B30:M30) -> 45.895 | P30: =SUM(B30:D30) -> 6.822 | Q30: =SUM(E30:G30) -> 8.525 | R30: =SUM(H30:J30) -> 14.984 | S30: =SUM(K30:M30) -> 15.564
A31: 2020/21 | B31: ='[2]EU Sunflower Exports'!MQ$88 -> 5.297 | C31: ='[2]EU Sunflower Exports'!MR$88 -> 4.95 | D31: ='[2]EU Sunflower Exports'!MS$88 -> 6.397 | E31: ='[2]EU Sunflower Exports'!MT$88 -> 4.896 | F31: ='[2]EU Sunflower Exports'!MU$88 -> 4.188 | G31: ='[2]EU Sunflower Exports'!MV$88 -> 2.298 | H31: ='[2]EU Sunflower Exports'!MW$88 -> 2.73 | I31: =(AVERAGE(I26:I30)/AVERAGE($N26:$N30))*$N31 -> 5.8911291 | J31: =(AVERAGE(J26:J30)/AVERAGE($N26:$N30))*$N31 -> 9.9923539 | K31: =(AVERAGE(K26:K30)/AVERAGE($N26:$N30))*$N31 -> 8.5091652 | L31: =(AVERAGE(L26:L30)/AVERAGE($N26:$N30))*$N31 -> 11.314882 | M31: =N31-SUM(B31:L31) -> -13.26153 | N31: ='Sun Matrix'!AC7 -> 53.202 | P31: =SUM(B31:D31) -> 16.644 | Q31: =SUM(E31:G31) -> 11.382 | R31: =SUM(H31:J31) -> 18.613483 | S31: =SUM(K31:M31) -> 6.562517
A32: RUSSIA SUNFLOWER EXPORTS TO CHINA
A33: 1993/94
A34: 1994/95 | B34: ='[2]Russia Sunflower Exports'!AQ$88 -> 0 | C34: ='[2]Russia Sunflower Exports'!AR$88 -> 0 | D34: ='[2]Russia Sunflower Exports'!AS$88 -> 0 | E34: ='[2]Russia Sunflower Exports'!AT$88 -> 0 | F34: ='[2]Russia Sunflower Exports'!AU$88 -> 0 | G34: ='[2]Russia Sunflower Exports'!AV$88 -> 0 | H34: ='[2]Russia Sunflower Exports'!AW$88 -> 0 | I34: ='[2]Russia Sunflower Exports'!AX$88 -> 0 | ... M34: ='[2]Russia Sunflower Exports'!BB$88 -> 0 | N34: =SUM(B34:M34) -> 0 | P34: =SUM(B34:D34) -> 0 | Q34: =SUM(E34:G34) -> 0 | R34: =SUM(H34:J34) -> 0 | S34: =SUM(K34:M34) -> 0
A35: 1995/96 | B35: ='[2]Russia Sunflower Exports'!BC$88 -> 0 | C35: ='[2]Russia Sunflower Exports'!BD$88 -> 0 | D35: ='[2]Russia Sunflower Exports'!BE$88 -> 0 | E35: ='[2]Russia Sunflower Exports'!BF$88 -> 0 | F35: ='[2]Russia Sunflower Exports'!BG$88 -> 0 | G35: ='[2]Russia Sunflower Exports'!BH$88 -> 0 | H35: ='[2]Russia Sunflower Exports'!BI$88 -> 0 | I35: ='[2]Russia Sunflower Exports'!BJ$88 -> 0 | ... M35: ='[2]Russia Sunflower Exports'!BN$88 -> 0 | N35: =SUM(B35:M35) -> 0 | P35: =SUM(B35:D35) -> 0 | Q35: =SUM(E35:G35) -> 0 | R35: =SUM(H35:J35) -> 0 | S35: =SUM(K35:M35) -> 0
A36: 1996/97 | B36: ='[2]Russia Sunflower Exports'!BO$88 -> 0 | C36: ='[2]Russia Sunflower Exports'!BP$88 -> 0 | D36: ='[2]Russia Sunflower Exports'!BQ$88 -> 0 | E36: ='[2]Russia Sunflower Exports'!BR$88 -> 0 | F36: ='[2]Russia Sunflower Exports'!BS$88 -> 0 | G36: ='[2]Russia Sunflower Exports'!BT$88 -> 0 | H36: ='[2]Russia Sunflower Exports'!BU$88 -> 0 | I36: ='[2]Russia Sunflower Exports'!BV$88 -> 0 | ... M36: ='[2]Russia Sunflower Exports'!BZ$88 -> 0 | N36: =SUM(B36:M36) -> 0 | P36: =SUM(B36:D36) -> 0 | Q36: =SUM(E36:G36) -> 0 | R36: =SUM(H36:J36) -> 0 | S36: =SUM(K36:M36) -> 0
A37: 1997/98 | B37: ='[2]Russia Sunflower Exports'!CA$88 -> 0 | C37: ='[2]Russia Sunflower Exports'!CB$88 -> 0 | D37: ='[2]Russia Sunflower Exports'!CC$88 -> 0 | E37: ='[2]Russia Sunflower Exports'!CD$88 -> 0 | F37: ='[2]Russia Sunflower Exports'!CE$88 -> 0 | G37: ='[2]Russia Sunflower Exports'!CF$88 -> 0 | H37: ='[2]Russia Sunflower Exports'!CG$88 -> 0 | I37: ='[2]Russia Sunflower Exports'!CH$88 -> 0 | ... M37: ='[2]Russia Sunflower Exports'!CL$88 -> 0 | N37: =SUM(B37:M37) -> 0 | P37: =SUM(B37:D37) -> 0 | Q37: =SUM(E37:G37) -> 0 | R37: =SUM(H37:J37) -> 0 | S37: =SUM(K37:M37) -> 0
A38: 1998/99 | B38: ='[2]Russia Sunflower Exports'!CM$88 -> 0 | C38: ='[2]Russia Sunflower Exports'!CN$88 -> 0 | D38: ='[2]Russia Sunflower Exports'!CO$88 -> 0 | E38: ='[2]Russia Sunflower Exports'!CP$88 -> 0 | F38: ='[2]Russia Sunflower Exports'!CQ$88 -> 0 | G38: ='[2]Russia Sunflower Exports'!CR$88 -> 0 | H38: ='[2]Russia Sunflower Exports'!CS$88 -> 0 | I38: ='[2]Russia Sunflower Exports'!CT$88 -> 0 | ... M38: ='[2]Russia Sunflower Exports'!CX$88 -> 0 | N38: =SUM(B38:M38) -> 0 | P38: =SUM(B38:D38) -> 0 | Q38: =SUM(E38:G38) -> 0 | R38: =SUM(H38:J38) -> 0 | S38: =SUM(K38:M38) -> 0
A39: 1999/00 | B39: ='[2]Russia Sunflower Exports'!CY$88 -> 0 | C39: ='[2]Russia Sunflower Exports'!CZ$88 -> 0 | D39: ='[2]Russia Sunflower Exports'!DA$88 -> 0 | E39: ='[2]Russia Sunflower Exports'!DB$88 -> 0 | F39: ='[2]Russia Sunflower Exports'!DC$88 -> 0 | G39: ='[2]Russia Sunflower Exports'!DD$88 -> 0 | H39: ='[2]Russia Sunflower Exports'!DE$88 -> 0 | I39: ='[2]Russia Sunflower Exports'!DF$88 -> 0 | ... M39: ='[2]Russia Sunflower Exports'!DJ$88 -> 0 | N39: =SUM(B39:M39) -> 0 | P39: =SUM(B39:D39) -> 0 | Q39: =SUM(E39:G39) -> 0 | R39: =SUM(H39:J39) -> 0 | S39: =SUM(K39:M39) -> 0
A40: 2000/01 | B40: ='[2]Russia Sunflower Exports'!DK$88 -> 0 | C40: ='[2]Russia Sunflower Exports'!DL$88 -> 0 | D40: ='[2]Russia Sunflower Exports'!DM$88 -> 0 | E40: ='[2]Russia Sunflower Exports'!DN$88 -> 0 | F40: ='[2]Russia Sunflower Exports'!DO$88 -> 0 | G40: ='[2]Russia Sunflower Exports'!DP$88 -> 0 | H40: ='[2]Russia Sunflower Exports'!DQ$88 -> 0 | I40: ='[2]Russia Sunflower Exports'!DR$88 -> 0 | ... M40: ='[2]Russia Sunflower Exports'!DV$88 -> 0 | N40: =SUM(B40:M40) -> 0 | P40: =SUM(B40:D40) -> 0 | Q40: =SUM(E40:G40) -> 0 | R40: =SUM(H40:J40) -> 0 | S40: =SUM(K40:M40) -> 0
A41: 2001/02 | B41: ='[2]Russia Sunflower Exports'!DW$88 -> 0 | C41: ='[2]Russia Sunflower Exports'!DX$88 -> 0 | D41: ='[2]Russia Sunflower Exports'!DY$88 -> 0 | E41: ='[2]Russia Sunflower Exports'!DZ$88 -> 0 | F41: ='[2]Russia Sunflower Exports'!EA$88 -> 0 | G41: ='[2]Russia Sunflower Exports'!EB$88 -> 0 | H41: ='[2]Russia Sunflower Exports'!EC$88 -> 0 | I41: ='[2]Russia Sunflower Exports'!ED$88 -> 0 | ... M41: ='[2]Russia Sunflower Exports'!EH$88 -> 0 | N41: =SUM(B41:M41) -> 0 | P41: =SUM(B41:D41) -> 0 | Q41: =SUM(E41:G41) -> 0 | R41: =SUM(H41:J41) -> 0 | S41: =SUM(K41:M41) -> 0
A42: 2002/03 | B42: ='[2]Russia Sunflower Exports'!EI$88 -> 0 | C42: ='[2]Russia Sunflower Exports'!EJ$88 -> 0 | D42: ='[2]Russia Sunflower Exports'!EK$88 -> 0 | E42: ='[2]Russia Sunflower Exports'!EL$88 -> 0 | F42: ='[2]Russia Sunflower Exports'!EM$88 -> 0 | G42: ='[2]Russia Sunflower Exports'!EN$88 -> 0 | H42: ='[2]Russia Sunflower Exports'!EO$88 -> 0 | I42: ='[2]Russia Sunflower Exports'!EP$88 -> 0 | ... M42: ='[2]Russia Sunflower Exports'!ET$88 -> 0 | N42: =SUM(B42:M42) -> 0 | P42: =SUM(B42:D42) -> 0 | Q42: =SUM(E42:G42) -> 0 | R42: =SUM(H42:J42) -> 0 | S42: =SUM(K42:M42) -> 0
A43: 2003/04 | B43: ='[2]Russia Sunflower Exports'!EU$88 -> 0 | C43: ='[2]Russia Sunflower Exports'!EV$88 -> 0 | D43: ='[2]Russia Sunflower Exports'!EW$88 -> 0 | E43: ='[2]Russia Sunflower Exports'!EX$88 -> 0 | F43: ='[2]Russia Sunflower Exports'!EY$88 -> 0 | G43: ='[2]Russia Sunflower Exports'!EZ$88 -> 0 | H43: ='[2]Russia Sunflower Exports'!FA$88 -> 0 | I43: ='[2]Russia Sunflower Exports'!FB$88 -> 0 | ... M43: ='[2]Russia Sunflower Exports'!FF$88 -> 0 | N43: =SUM(B43:M43) -> 0 | P43: =SUM(B43:D43) -> 0 | Q43: =SUM(E43:G43) -> 0 | R43: =SUM(H43:J43) -> 0 | S43: =SUM(K43:M43) -> 0
A44: 2004/05 | B44: ='[2]Russia Sunflower Exports'!FG$88 -> 0 | C44: ='[2]Russia Sunflower Exports'!FH$88 -> 0 | D44: ='[2]Russia Sunflower Exports'!FI$88 -> 0 | E44: ='[2]Russia Sunflower Exports'!FJ$88 -> 0 | F44: ='[2]Russia Sunflower Exports'!FK$88 -> 0 | G44: ='[2]Russia Sunflower Exports'!FL$88 -> 0 | H44: ='[2]Russia Sunflower Exports'!FM$88 -> 0 | I44: ='[2]Russia Sunflower Exports'!FN$88 -> 0 | ... M44: ='[2]Russia Sunflower Exports'!FR$88 -> 0 | N44: =SUM(B44:M44) -> 0 | P44: =SUM(B44:D44) -> 0 | Q44: =SUM(E44:G44) -> 0 | R44: =SUM(H44:J44) -> 0 | S44: =SUM(K44:M44) -> 0
A45: 2005/06 | B45: ='[2]Russia Sunflower Exports'!FS$88 -> 0 | C45: ='[2]Russia Sunflower Exports'!FT$88 -> 0 | D45: ='[2]Russia Sunflower Exports'!FU$88 -> 0 | E45: ='[2]Russia Sunflower Exports'!FV$88 -> 0 | F45: ='[2]Russia Sunflower Exports'!FW$88 -> 0 | G45: ='[2]Russia Sunflower Exports'!FX$88 -> 0 | H45: ='[2]Russia Sunflower Exports'!FY$88 -> 0 | I45: ='[2]Russia Sunflower Exports'!FZ$88 -> 0 | ... M45: ='[2]Russia Sunflower Exports'!GD$88 -> 0 | N45: =SUM(B45:M45) -> 0 | P45: =SUM(B45:D45) -> 0 | Q45: =SUM(E45:G45) -> 0 | R45: =SUM(H45:J45) -> 0 | S45: =SUM(K45:M45) -> 0
A46: 2006/07 | B46: ='[2]Russia Sunflower Exports'!GE$88 -> 0 | C46: ='[2]Russia Sunflower Exports'!GF$88 -> 0 | D46: ='[2]Russia Sunflower Exports'!GG$88 -> 0 | E46: ='[2]Russia Sunflower Exports'!GH$88 -> 0 | F46: ='[2]Russia Sunflower Exports'!GI$88 -> 0 | G46: ='[2]Russia Sunflower Exports'!GJ$88 -> 0 | H46: ='[2]Russia Sunflower Exports'!GK$88 -> 0 | I46: ='[2]Russia Sunflower Exports'!GL$88 -> 0 | ... M46: ='[2]Russia Sunflower Exports'!GP$88 -> 0 | N46: =SUM(B46:M46) -> 0 | P46: =SUM(B46:D46) -> 0 | Q46: =SUM(E46:G46) -> 0 | R46: =SUM(H46:J46) -> 0 | S46: =SUM(K46:M46) -> 0
A47: 2007/08 | B47: ='[2]Russia Sunflower Exports'!GQ$88 -> 0 | C47: ='[2]Russia Sunflower Exports'!GR$88 -> 0 | D47: ='[2]Russia Sunflower Exports'!GS$88 -> 0 | E47: ='[2]Russia Sunflower Exports'!GT$88 -> 0 | F47: ='[2]Russia Sunflower Exports'!GU$88 -> 0 | G47: ='[2]Russia Sunflower Exports'!GV$88 -> 0 | H47: ='[2]Russia Sunflower Exports'!GW$88 -> 0 | I47: ='[2]Russia Sunflower Exports'!GX$88 -> 0 | ... M47: ='[2]Russia Sunflower Exports'!HB$88 -> 0 | N47: =SUM(B47:M47) -> 0 | P47: =SUM(B47:D47) -> 0 | Q47: =SUM(E47:G47) -> 0 | R47: =SUM(H47:J47) -> 0 | S47: =SUM(K47:M47) -> 0
A48: 2008/09 | B48: ='[2]Russia Sunflower Exports'!HC$88 -> 0 | C48: ='[2]Russia Sunflower Exports'!HD$88 -> 0 | D48: ='[2]Russia Sunflower Exports'!HE$88 -> 0 | E48: ='[2]Russia Sunflower Exports'!HF$88 -> 0 | F48: ='[2]Russia Sunflower Exports'!HG$88 -> 0 | G48: ='[2]Russia Sunflower Exports'!HH$88 -> 0 | H48: ='[2]Russia Sunflower Exports'!HI$88 -> 0 | I48: ='[2]Russia Sunflower Exports'!HJ$88 -> 0 | ... M48: ='[2]Russia Sunflower Exports'!HN$88 -> 0 | N48: =SUM(B48:M48) -> 0 | P48: =SUM(B48:D48) -> 0 | Q48: =SUM(E48:G48) -> 0 | R48: =SUM(H48:J48) -> 0 | S48: =SUM(K48:M48) -> 0
A49: 2009/10 | B49: ='[2]Russia Sunflower Exports'!HO$88 -> 0 | C49: ='[2]Russia Sunflower Exports'!HP$88 -> 0 | D49: ='[2]Russia Sunflower Exports'!HQ$88 -> 0 | E49: ='[2]Russia Sunflower Exports'!HR$88 -> 0 | F49: ='[2]Russia Sunflower Exports'!HS$88 -> 0 | G49: ='[2]Russia Sunflower Exports'!HT$88 -> 0.048 | H49: ='[2]Russia Sunflower Exports'!HU$88 -> 0 | I49: ='[2]Russia Sunflower Exports'!HV$88 -> 0 | ... M49: ='[2]Russia Sunflower Exports'!HZ$88 -> 0 | N49: =SUM(B49:M49) -> 0.048 | P49: =SUM(B49:D49) -> 0 | Q49: =SUM(E49:G49) -> 0.048 | R49: =SUM(H49:J49) -> 0 | S49: =SUM(K49:M49) -> 0
A50: 2010/11 | B50: ='[2]Russia Sunflower Exports'!IA$88 -> 0 | C50: ='[2]Russia Sunflower Exports'!IB$88 -> 0 | D50: ='[2]Russia Sunflower Exports'!IC$88 -> 0 | E50: ='[2]Russia Sunflower Exports'!ID$88 -> 0 | F50: ='[2]Russia Sunflower Exports'!IE$88 -> 0 | G50: ='[2]Russia Sunflower Exports'!IF$88 -> 0 | H50: ='[2]Russia Sunflower Exports'!IG$88 -> 0 | I50: ='[2]Russia Sunflower Exports'!IH$88 -> 0 | ... M50: ='[2]Russia Sunflower Exports'!IL$88 -> 0 | N50: =SUM(B50:M50) -> 0 | P50: =SUM(B50:D50) -> 0 | Q50: =SUM(E50:G50) -> 0 | R50: =SUM(H50:J50) -> 0 | S50: =SUM(K50:M50) -> 0
A51: 2011/12 | B51: ='[2]Russia Sunflower Exports'!IM$88 -> 0 | C51: ='[2]Russia Sunflower Exports'!IN$88 -> 0 | D51: ='[2]Russia Sunflower Exports'!IO$88 -> 0 | E51: ='[2]Russia Sunflower Exports'!IP$88 -> 0 | F51: ='[2]Russia Sunflower Exports'!IQ$88 -> 0 | G51: ='[2]Russia Sunflower Exports'!IR$88 -> 0 | H51: ='[2]Russia Sunflower Exports'!IS$88 -> 0 | I51: ='[2]Russia Sunflower Exports'!IT$88 -> 0 | ... M51: ='[2]Russia Sunflower Exports'!IX$88 -> 0 | N51: =SUM(B51:M51) -> 0 | P51: =SUM(B51:D51) -> 0 | Q51: =SUM(E51:G51) -> 0 | R51: =SUM(H51:J51) -> 0 | S51: =SUM(K51:M51) -> 0
A52: 2012/13 | B52: ='[2]Russia Sunflower Exports'!IY$88 -> 0 | C52: ='[2]Russia Sunflower Exports'!IZ$88 -> 0 | D52: ='[2]Russia Sunflower Exports'!JA$88 -> 0 | E52: ='[2]Russia Sunflower Exports'!JB$88 -> 0 | F52: ='[2]Russia Sunflower Exports'!JC$88 -> 0 | G52: ='[2]Russia Sunflower Exports'!JD$88 -> 0 | H52: ='[2]Russia Sunflower Exports'!JE$88 -> 0 | I52: ='[2]Russia Sunflower Exports'!JF$88 -> 0 | ... M52: ='[2]Russia Sunflower Exports'!JJ$88 -> 0 | N52: =SUM(B52:M52) -> 0 | P52: =SUM(B52:D52) -> 0 | Q52: =SUM(E52:G52) -> 0 | R52: =SUM(H52:J52) -> 0 | S52: =SUM(K52:M52) -> 0
A53: 2013/14 | B53: ='[2]Russia Sunflower Exports'!JK$88 -> 0 | C53: ='[2]Russia Sunflower Exports'!JL$88 -> 0 | D53: ='[2]Russia Sunflower Exports'!JM$88 -> 0 | E53: ='[2]Russia Sunflower Exports'!JN$88 -> 0 | F53: ='[2]Russia Sunflower Exports'!JO$88 -> 0 | G53: ='[2]Russia Sunflower Exports'!JP$88 -> 0 | H53: ='[2]Russia Sunflower Exports'!JQ$88 -> 0 | I53: ='[2]Russia Sunflower Exports'!JR$88 -> 0.047 | ... M53: ='[2]Russia Sunflower Exports'!JV$88 -> 0 | N53: =SUM(B53:M53) -> 0.047 | P53: =SUM(B53:D53) -> 0 | Q53: =SUM(E53:G53) -> 0 | R53: =SUM(H53:J53) -> 0.047 | S53: =SUM(K53:M53) -> 0
A54: 2014/15 | B54: ='[2]Russia Sunflower Exports'!JW$88 -> 0 | C54: ='[2]Russia Sunflower Exports'!JX$88 -> 0 | D54: ='[2]Russia Sunflower Exports'!JY$88 -> 0 | E54: ='[2]Russia Sunflower Exports'!JZ$88 -> 0 | F54: ='[2]Russia Sunflower Exports'!KA$88 -> 0 | G54: ='[2]Russia Sunflower Exports'!KB$88 -> 0 | H54: ='[2]Russia Sunflower Exports'!KC$88 -> 0 | I54: ='[2]Russia Sunflower Exports'!KD$88 -> 0 | ... M54: ='[2]Russia Sunflower Exports'!KH$88 -> 0 | N54: =SUM(B54:M54) -> 0 | P54: =SUM(B54:D54) -> 0 | Q54: =SUM(E54:G54) -> 0 | R54: =SUM(H54:J54) -> 0 | S54: =SUM(K54:M54) -> 0
A55: 2015/16 | B55: ='[2]Russia Sunflower Exports'!KI$88 -> 0 | C55: ='[2]Russia Sunflower Exports'!KJ$88 -> 0 | D55: ='[2]Russia Sunflower Exports'!KK$88 -> 0 | E55: ='[2]Russia Sunflower Exports'!KL$88 -> 0.005 | F55: ='[2]Russia Sunflower Exports'!KM$88 -> 0 | G55: ='[2]Russia Sunflower Exports'!KN$88 -> 0 | H55: ='[2]Russia Sunflower Exports'!KO$88 -> 0 | I55: ='[2]Russia Sunflower Exports'!KP$88 -> 0 | ... M55: ='[2]Russia Sunflower Exports'!KT$88 -> 0 | N55: =SUM(B55:M55) -> 0.005 | P55: =SUM(B55:D55) -> 0 | Q55: =SUM(E55:G55) -> 0.005 | R55: =SUM(H55:J55) -> 0 | S55: =SUM(K55:M55) -> 0
A56: 2016/17 | B56: ='[2]Russia Sunflower Exports'!KU$88 -> 0 | C56: ='[2]Russia Sunflower Exports'!KV$88 -> 0 | D56: ='[2]Russia Sunflower Exports'!KW$88 -> 0 | E56: ='[2]Russia Sunflower Exports'!KX$88 -> 0 | F56: ='[2]Russia Sunflower Exports'!KY$88 -> 0.01 | G56: ='[2]Russia Sunflower Exports'!KZ$88 -> 0 | H56: ='[2]Russia Sunflower Exports'!LA$88 -> 0 | I56: ='[2]Russia Sunflower Exports'!LB$88 -> 0 | ... M56: ='[2]Russia Sunflower Exports'!LF$88 -> 0 | N56: =SUM(B56:M56) -> 0.232 | P56: =SUM(B56:D56) -> 0 | Q56: =SUM(E56:G56) -> 0.01 | R56: =SUM(H56:J56) -> 0 | S56: =SUM(K56:M56) -> 0.222
A57: 2017/18 | B57: ='[2]Russia Sunflower Exports'!LG$88 -> 0 | C57: ='[2]Russia Sunflower Exports'!LH$88 -> 0.02002 | D57: ='[2]Russia Sunflower Exports'!LI$88 -> 0.02002 | E57: ='[2]Russia Sunflower Exports'!LJ$88 -> 0.51846 | F57: ='[2]Russia Sunflower Exports'!LK$88 -> 0.38904 | G57: ='[2]Russia Sunflower Exports'!LL$88 -> 0.935535 | H57: ='[2]Russia Sunflower Exports'!LM$88 -> 0.324 | I57: ='[2]Russia Sunflower Exports'!LN$88 -> 0.1135 | ... M57: ='[2]Russia Sunflower Exports'!LR$88 -> 0 | N57: =SUM(B57:M57) -> 2.320575 | P57: =SUM(B57:D57) -> 0.04004 | Q57: =SUM(E57:G57) -> 1.843035 | R57: =SUM(H57:J57) -> 0.4375 | S57: =SUM(K57:M57) -> 0
A58: 2018/19 | B58: ='[2]Russia Sunflower Exports'!LS$88 -> 0 | C58: ='[2]Russia Sunflower Exports'!LT$88 -> 0 | D58: ='[2]Russia Sunflower Exports'!LU$88 -> 1.058829 | E58: ='[2]Russia Sunflower Exports'!LV$88 -> 3.40381 | F58: ='[2]Russia Sunflower Exports'!LW$88 -> 2.04824 | G58: ='[2]Russia Sunflower Exports'!LX$88 -> 1.473139 | H58: ='[2]Russia Sunflower Exports'!LY$88 -> 1.201096 | I58: ='[2]Russia Sunflower Exports'!LZ$88 -> 3.035595 | ... M58: ='[2]Russia Sunflower Exports'!MD$88 -> 0 | N58: =SUM(B58:M58) -> 14.666533 | P58: =SUM(B58:D58) -> 1.058829 | Q58: =SUM(E58:G58) -> 6.925189 | R58: =SUM(H58:J58) -> 6.242505 | S58: =SUM(K58:M58) -> 0.44001
A59: 2019/20 | B59: ='[2]Russia Sunflower Exports'!ME$88 -> 2.14176 | C59: ='[2]Russia Sunflower Exports'!MF$88 -> 9.16415 | D59: ='[2]Russia Sunflower Exports'!MG$88 -> 19.626126 | E59: ='[2]Russia Sunflower Exports'!MH$88 -> 16.893477 | F59: ='[2]Russia Sunflower Exports'!MI$88 -> 3.47959 | G59: ='[2]Russia Sunflower Exports'!MJ$88 -> 2.46018 | H59: ='[2]Russia Sunflower Exports'!MK$88 -> 2.889583 | I59: ='[2]Russia Sunflower Exports'!ML$88 -> 0.6558 | ... M59: ='[2]Russia Sunflower Exports'!MP$88 -> 0.125 | N59: =SUM(B59:M59) -> 57.435666 | P59: =SUM(B59:D59) -> 30.932036 | Q59: =SUM(E59:G59) -> 22.833247 | R59: =SUM(H59:J59) -> 3.545383 | S59: =SUM(K59:M59) -> 0.125
A60: 2020/21 | B60: ='[2]Russia Sunflower Exports'!MQ$88 -> 0.206528 | C60: ='[2]Russia Sunflower Exports'!MR$88 -> 5.30658 | D60: ='[2]Russia Sunflower Exports'!MS$88 -> 21.328924 | E60: ='[2]Russia Sunflower Exports'!MT$88 -> 21.929322 | F60: ='[2]Russia Sunflower Exports'!MU$88 -> 9.368 | G60: ='[2]Russia Sunflower Exports'!MV$88 -> 1.627 | H60: ='[2]Russia Sunflower Exports'!MW$88 -> 9.628 | I60: ='[2]Russia Sunflower Exports'!MX$88 -> 1.06 | J60: =(AVERAGE(J55:J59)/AVERAGE($N55:$N59))*$N60-1.2 -> 0.76577229 | K60: =(AVERAGE(K55:K59)/AVERAGE($N55:$N59))*$N60 -> 0.39300471 | L60: =(AVERAGE(L55:L59)/AVERAGE($N55:$N59))*$N60 -> 0.2557897 | M60: =N60-SUM(B60:L60) -> 1.3004333 | N60: ='Sun Matrix'!CI7 -> 73.169354 | P60: =SUM(B60:D60) -> 26.842032 | Q60: =SUM(E60:G60) -> 32.924322 | R60: =SUM(H60:J60) -> 11.453772 | S60: =SUM(K60:M60) -> 1.9492277
A61: UKRAINE SUNFLOWER EXPORTS TO CHINA
A62: 1993/94
A63: 1994/95 | B63: ='[2]Ukraine Sunflower Exports'!AR$88 -> 0 | C63: ='[2]Ukraine Sunflower Exports'!AS$88 -> 0 | D63: ='[2]Ukraine Sunflower Exports'!AT$88 -> 0 | E63: ='[2]Ukraine Sunflower Exports'!AU$88 -> 0 | F63: ='[2]Ukraine Sunflower Exports'!AV$88 -> 0 | G63: ='[2]Ukraine Sunflower Exports'!AW$88 -> 0 | H63: ='[2]Ukraine Sunflower Exports'!AX$88 -> 0 | I63: ='[2]Ukraine Sunflower Exports'!AY$88 -> 0 | ... M63: ='[2]Ukraine Sunflower Exports'!BC$88 -> 0 | N63: =SUM(B63:M63) -> 0 | P63: =SUM(B63:D63) -> 0 | Q63: =SUM(E63:G63) -> 0 | R63: =SUM(H63:J63) -> 0 | S63: =SUM(K63:M63) -> 0
A64: 1995/96 | B64: ='[2]Ukraine Sunflower Exports'!BD$88 -> 0 | C64: ='[2]Ukraine Sunflower Exports'!BE$88 -> 0 | D64: ='[2]Ukraine Sunflower Exports'!BF$88 -> 0 | E64: ='[2]Ukraine Sunflower Exports'!BG$88 -> 0 | F64: ='[2]Ukraine Sunflower Exports'!BH$88 -> 0 | G64: ='[2]Ukraine Sunflower Exports'!BI$88 -> 0 | H64: ='[2]Ukraine Sunflower Exports'!BJ$88 -> 0 | I64: ='[2]Ukraine Sunflower Exports'!BK$88 -> 0 | ... M64: ='[2]Ukraine Sunflower Exports'!BO$88 -> 0 | N64: =SUM(B64:M64) -> 0 | P64: =SUM(B64:D64) -> 0 | Q64: =SUM(E64:G64) -> 0 | R64: =SUM(H64:J64) -> 0 | S64: =SUM(K64:M64) -> 0
A65: 1996/97 | B65: ='[2]Ukraine Sunflower Exports'!BP$88 -> 0 | C65: ='[2]Ukraine Sunflower Exports'!BQ$88 -> 0 | D65: ='[2]Ukraine Sunflower Exports'!BR$88 -> 0 | E65: ='[2]Ukraine Sunflower Exports'!BS$88 -> 0 | F65: ='[2]Ukraine Sunflower Exports'!BT$88 -> 0 | G65: ='[2]Ukraine Sunflower Exports'!BU$88 -> 0 | H65: ='[2]Ukraine Sunflower Exports'!BV$88 -> 0 | I65: ='[2]Ukraine Sunflower Exports'!BW$88 -> 0 | ... M65: ='[2]Ukraine Sunflower Exports'!CA$88 -> 0 | N65: =SUM(B65:M65) -> 0 | P65: =SUM(B65:D65) -> 0 | Q65: =SUM(E65:G65) -> 0 | R65: =SUM(H65:J65) -> 0 | S65: =SUM(K65:M65) -> 0
A66: 1997/98 | B66: ='[2]Ukraine Sunflower Exports'!CB$88 -> 0 | C66: ='[2]Ukraine Sunflower Exports'!CC$88 -> 0 | D66: ='[2]Ukraine Sunflower Exports'!CD$88 -> 0 | E66: ='[2]Ukraine Sunflower Exports'!CE$88 -> 0 | F66: ='[2]Ukraine Sunflower Exports'!CF$88 -> 0 | G66: ='[2]Ukraine Sunflower Exports'!CG$88 -> 0 | H66: ='[2]Ukraine Sunflower Exports'!CH$88 -> 0 | I66: ='[2]Ukraine Sunflower Exports'!CI$88 -> 0 | ... M66: ='[2]Ukraine Sunflower Exports'!CM$88 -> 0 | N66: =SUM(B66:M66) -> 0 | P66: =SUM(B66:D66) -> 0 | Q66: =SUM(E66:G66) -> 0 | R66: =SUM(H66:J66) -> 0 | S66: =SUM(K66:M66) -> 0
A67: 1998/99 | B67: ='[2]Ukraine Sunflower Exports'!CN$88 -> 0 | C67: ='[2]Ukraine Sunflower Exports'!CO$88 -> 0 | D67: ='[2]Ukraine Sunflower Exports'!CP$88 -> 0 | E67: ='[2]Ukraine Sunflower Exports'!CQ$88 -> 0 | F67: ='[2]Ukraine Sunflower Exports'!CR$88 -> 0 | G67: ='[2]Ukraine Sunflower Exports'!CS$88 -> 0 | H67: ='[2]Ukraine Sunflower Exports'!CT$88 -> 0 | I67: ='[2]Ukraine Sunflower Exports'!CU$88 -> 0 | ... M67: ='[2]Ukraine Sunflower Exports'!CY$88 -> 0 | N67: =SUM(B67:M67) -> 0 | P67: =SUM(B67:D67) -> 0 | Q67: =SUM(E67:G67) -> 0 | R67: =SUM(H67:J67) -> 0 | S67: =SUM(K67:M67) -> 0
A68: 1999/00 | B68: ='[2]Ukraine Sunflower Exports'!CZ$88 -> 0 | C68: ='[2]Ukraine Sunflower Exports'!DA$88 -> 0 | D68: ='[2]Ukraine Sunflower Exports'!DB$88 -> 0 | E68: ='[2]Ukraine Sunflower Exports'!DC$88 -> 0 | F68: ='[2]Ukraine Sunflower Exports'!DD$88 -> 0 | G68: ='[2]Ukraine Sunflower Exports'!DE$88 -> 0 | H68: ='[2]Ukraine Sunflower Exports'!DF$88 -> 0 | I68: ='[2]Ukraine Sunflower Exports'!DG$88 -> 0 | ... M68: ='[2]Ukraine Sunflower Exports'!DK$88 -> 0 | N68: =SUM(B68:M68) -> 0 | P68: =SUM(B68:D68) -> 0 | Q68: =SUM(E68:G68) -> 0 | R68: =SUM(H68:J68) -> 0 | S68: =SUM(K68:M68) -> 0
A69: 2000/01 | B69: ='[2]Ukraine Sunflower Exports'!DL$88 -> 0 | C69: ='[2]Ukraine Sunflower Exports'!DM$88 -> 0 | D69: ='[2]Ukraine Sunflower Exports'!DN$88 -> 0 | E69: ='[2]Ukraine Sunflower Exports'!DO$88 -> 0 | F69: ='[2]Ukraine Sunflower Exports'!DP$88 -> 0 | G69: ='[2]Ukraine Sunflower Exports'!DQ$88 -> 0 | H69: ='[2]Ukraine Sunflower Exports'!DR$88 -> 0 | I69: ='[2]Ukraine Sunflower Exports'!DS$88 -> 0 | ... M69: ='[2]Ukraine Sunflower Exports'!DW$88 -> 0 | N69: =SUM(B69:M69) -> 0 | P69: =SUM(B69:D69) -> 0 | Q69: =SUM(E69:G69) -> 0 | R69: =SUM(H69:J69) -> 0 | S69: =SUM(K69:M69) -> 0
A70: 2001/02 | B70: ='[2]Ukraine Sunflower Exports'!DX$88 -> 0 | C70: ='[2]Ukraine Sunflower Exports'!DY$88 -> 0 | D70: ='[2]Ukraine Sunflower Exports'!DZ$88 -> 0 | E70: ='[2]Ukraine Sunflower Exports'!EA$88 -> 0 | F70: ='[2]Ukraine Sunflower Exports'!EB$88 -> 0 | G70: ='[2]Ukraine Sunflower Exports'!EC$88 -> 0 | H70: ='[2]Ukraine Sunflower Exports'!ED$88 -> 0 | I70: ='[2]Ukraine Sunflower Exports'!EE$88 -> 0 | ... M70: ='[2]Ukraine Sunflower Exports'!EI$88 -> 0 | N70: =SUM(B70:M70) -> 0 | P70: =SUM(B70:D70) -> 0 | Q70: =SUM(E70:G70) -> 0 | R70: =SUM(H70:J70) -> 0 | S70: =SUM(K70:M70) -> 0
A71: 2002/03 | B71: ='[2]Ukraine Sunflower Exports'!EJ$88 -> 0 | C71: ='[2]Ukraine Sunflower Exports'!EK$88 -> 0 | D71: ='[2]Ukraine Sunflower Exports'!EL$88 -> 0 | E71: ='[2]Ukraine Sunflower Exports'!EM$88 -> 0 | F71: ='[2]Ukraine Sunflower Exports'!EN$88 -> 0 | G71: ='[2]Ukraine Sunflower Exports'!EO$88 -> 0 | H71: ='[2]Ukraine Sunflower Exports'!EP$88 -> 0 | I71: ='[2]Ukraine Sunflower Exports'!EQ$88 -> 0 | ... M71: ='[2]Ukraine Sunflower Exports'!EU$88 -> 0 | N71: =SUM(B71:M71) -> 0 | P71: =SUM(B71:D71) -> 0 | Q71: =SUM(E71:G71) -> 0 | R71: =SUM(H71:J71) -> 0 | S71: =SUM(K71:M71) -> 0
A72: 2003/04 | B72: ='[2]Ukraine Sunflower Exports'!EV$88 -> 0 | C72: ='[2]Ukraine Sunflower Exports'!EW$88 -> 0 | D72: ='[2]Ukraine Sunflower Exports'!EX$88 -> 0 | E72: ='[2]Ukraine Sunflower Exports'!EY$88 -> 0 | F72: ='[2]Ukraine Sunflower Exports'!EZ$88 -> 0 | G72: ='[2]Ukraine Sunflower Exports'!FA$88 -> 0 | H72: ='[2]Ukraine Sunflower Exports'!FB$88 -> 0 | I72: ='[2]Ukraine Sunflower Exports'!FC$88 -> 0 | ... M72: ='[2]Ukraine Sunflower Exports'!FG$88 -> 0 | N72: =SUM(B72:M72) -> 0 | P72: =SUM(B72:D72) -> 0 | Q72: =SUM(E72:G72) -> 0 | R72: =SUM(H72:J72) -> 0 | S72: =SUM(K72:M72) -> 0
A73: 2004/05 | B73: ='[2]Ukraine Sunflower Exports'!FH$88 -> 0 | C73: ='[2]Ukraine Sunflower Exports'!FI$88 -> 0 | D73: ='[2]Ukraine Sunflower Exports'!FJ$88 -> 0 | E73: ='[2]Ukraine Sunflower Exports'!FK$88 -> 0 | F73: ='[2]Ukraine Sunflower Exports'!FL$88 -> 0 | G73: ='[2]Ukraine Sunflower Exports'!FM$88 -> 0 | H73: ='[2]Ukraine Sunflower Exports'!FN$88 -> 0 | I73: ='[2]Ukraine Sunflower Exports'!FO$88 -> 0 | ... M73: ='[2]Ukraine Sunflower Exports'!FS$88 -> 0 | N73: =SUM(B73:M73) -> 0 | P73: =SUM(B73:D73) -> 0 | Q73: =SUM(E73:G73) -> 0 | R73: =SUM(H73:J73) -> 0 | S73: =SUM(K73:M73) -> 0
A74: 2005/06 | B74: ='[2]Ukraine Sunflower Exports'!FT$88 -> 0 | C74: ='[2]Ukraine Sunflower Exports'!FU$88 -> 0 | D74: ='[2]Ukraine Sunflower Exports'!FV$88 -> 0 | E74: ='[2]Ukraine Sunflower Exports'!FW$88 -> 0 | F74: ='[2]Ukraine Sunflower Exports'!FX$88 -> 0 | G74: ='[2]Ukraine Sunflower Exports'!FY$88 -> 0 | H74: ='[2]Ukraine Sunflower Exports'!FZ$88 -> 0 | I74: ='[2]Ukraine Sunflower Exports'!GA$88 -> 0 | ... M74: ='[2]Ukraine Sunflower Exports'!GE$88 -> 0 | N74: =SUM(B74:M74) -> 0 | P74: =SUM(B74:D74) -> 0 | Q74: =SUM(E74:G74) -> 0 | R74: =SUM(H74:J74) -> 0 | S74: =SUM(K74:M74) -> 0
A75: 2006/07 | B75: ='[2]Ukraine Sunflower Exports'!GF$88 -> 0 | C75: ='[2]Ukraine Sunflower Exports'!GG$88 -> 0 | D75: ='[2]Ukraine Sunflower Exports'!GH$88 -> 0 | E75: ='[2]Ukraine Sunflower Exports'!GI$88 -> 0 | F75: ='[2]Ukraine Sunflower Exports'!GJ$88 -> 0 | G75: ='[2]Ukraine Sunflower Exports'!GK$88 -> 0 | H75: ='[2]Ukraine Sunflower Exports'!GL$88 -> 0 | I75: ='[2]Ukraine Sunflower Exports'!GM$88 -> 0 | ... M75: ='[2]Ukraine Sunflower Exports'!GQ$88 -> 0 | N75: =SUM(B75:M75) -> 0 | P75: =SUM(B75:D75) -> 0 | Q75: =SUM(E75:G75) -> 0 | R75: =SUM(H75:J75) -> 0 | S75: =SUM(K75:M75) -> 0
A76: 2007/08 | B76: ='[2]Ukraine Sunflower Exports'!GR$88 -> 0 | C76: ='[2]Ukraine Sunflower Exports'!GS$88 -> 0 | D76: ='[2]Ukraine Sunflower Exports'!GT$88 -> 0 | E76: ='[2]Ukraine Sunflower Exports'!GU$88 -> 0 | F76: ='[2]Ukraine Sunflower Exports'!GV$88 -> 0 | G76: ='[2]Ukraine Sunflower Exports'!GW$88 -> 0 | H76: ='[2]Ukraine Sunflower Exports'!GX$88 -> 0 | I76: ='[2]Ukraine Sunflower Exports'!GY$88 -> 0 | ... M76: ='[2]Ukraine Sunflower Exports'!HC$88 -> 0 | N76: =SUM(B76:M76) -> 0 | P76: =SUM(B76:D76) -> 0 | Q76: =SUM(E76:G76) -> 0 | R76: =SUM(H76:J76) -> 0 | S76: =SUM(K76:M76) -> 0
A77: 2008/09 | B77: ='[2]Ukraine Sunflower Exports'!HD$88 -> 0 | C77: ='[2]Ukraine Sunflower Exports'!HE$88 -> 0 | D77: ='[2]Ukraine Sunflower Exports'!HF$88 -> 0 | E77: ='[2]Ukraine Sunflower Exports'!HG$88 -> 0 | F77: ='[2]Ukraine Sunflower Exports'!HH$88 -> 0 | G77: ='[2]Ukraine Sunflower Exports'!HI$88 -> 0 | H77: ='[2]Ukraine Sunflower Exports'!HJ$88 -> 0 | I77: ='[2]Ukraine Sunflower Exports'!HK$88 -> 0 | ... M77: ='[2]Ukraine Sunflower Exports'!HO$88 -> 0 | N77: =SUM(B77:M77) -> 0 | P77: =SUM(B77:D77) -> 0 | Q77: =SUM(E77:G77) -> 0 | R77: =SUM(H77:J77) -> 0 | S77: =SUM(K77:M77) -> 0
A78: 2009/10 | B78: ='[2]Ukraine Sunflower Exports'!HP$88 -> 0 | C78: ='[2]Ukraine Sunflower Exports'!HQ$88 -> 0 | D78: ='[2]Ukraine Sunflower Exports'!HR$88 -> 0 | E78: ='[2]Ukraine Sunflower Exports'!HS$88 -> 0 | F78: ='[2]Ukraine Sunflower Exports'!HT$88 -> 0 | G78: ='[2]Ukraine Sunflower Exports'!HU$88 -> 0 | H78: ='[2]Ukraine Sunflower Exports'!HV$88 -> 0 | I78: ='[2]Ukraine Sunflower Exports'!HW$88 -> 0 | ... M78: ='[2]Ukraine Sunflower Exports'!IA$88 -> 0 | N78: =SUM(B78:M78) -> 0 | P78: =SUM(B78:D78) -> 0 | Q78: =SUM(E78:G78) -> 0 | R78: =SUM(H78:J78) -> 0 | S78: =SUM(K78:M78) -> 0
A79: 2010/11 | B79: ='[2]Ukraine Sunflower Exports'!IB$88 -> 0 | C79: ='[2]Ukraine Sunflower Exports'!IC$88 -> 0 | D79: ='[2]Ukraine Sunflower Exports'!ID$88 -> 0 | E79: ='[2]Ukraine Sunflower Exports'!IE$88 -> 0 | F79: ='[2]Ukraine Sunflower Exports'!IF$88 -> 0 | G79: ='[2]Ukraine Sunflower Exports'!IG$88 -> 0 | H79: ='[2]Ukraine Sunflower Exports'!IH$88 -> 0 | I79: ='[2]Ukraine Sunflower Exports'!II$88 -> 0 | ... M79: ='[2]Ukraine Sunflower Exports'!IM$88 -> 0 | N79: =SUM(B79:M79) -> 0 | P79: =SUM(B79:D79) -> 0 | Q79: =SUM(E79:G79) -> 0 | R79: =SUM(H79:J79) -> 0 | S79: =SUM(K79:M79) -> 0
A80: 2011/12 | B80: ='[2]Ukraine Sunflower Exports'!IN$88 -> 0 | C80: ='[2]Ukraine Sunflower Exports'!IO$88 -> 0 | D80: ='[2]Ukraine Sunflower Exports'!IP$88 -> 0 | E80: ='[2]Ukraine Sunflower Exports'!IQ$88 -> 0 | F80: ='[2]Ukraine Sunflower Exports'!IR$88 -> 0 | G80: ='[2]Ukraine Sunflower Exports'!IS$88 -> 0 | H80: ='[2]Ukraine Sunflower Exports'!IT$88 -> 0 | I80: ='[2]Ukraine Sunflower Exports'!IU$88 -> 0 | ... M80: ='[2]Ukraine Sunflower Exports'!IY$88 -> 0 | N80: =SUM(B80:M80) -> 0 | P80: =SUM(B80:D80) -> 0 | Q80: =SUM(E80:G80) -> 0 | R80: =SUM(H80:J80) -> 0 | S80: =SUM(K80:M80) -> 0
A81: 2012/13 | B81: ='[2]Ukraine Sunflower Exports'!IZ$88 -> 0 | C81: ='[2]Ukraine Sunflower Exports'!JA$88 -> 0 | D81: ='[2]Ukraine Sunflower Exports'!JB$88 -> 0 | E81: ='[2]Ukraine Sunflower Exports'!JC$88 -> 0 | F81: ='[2]Ukraine Sunflower Exports'!JD$88 -> 0 | G81: ='[2]Ukraine Sunflower Exports'!JE$88 -> 0 | H81: ='[2]Ukraine Sunflower Exports'!JF$88 -> 0 | I81: ='[2]Ukraine Sunflower Exports'!JG$88 -> 0 | ... M81: ='[2]Ukraine Sunflower Exports'!JK$88 -> 0 | N81: =SUM(B81:M81) -> 0 | P81: =SUM(B81:D81) -> 0 | Q81: =SUM(E81:G81) -> 0 | R81: =SUM(H81:J81) -> 0 | S81: =SUM(K81:M81) -> 0
A82: 2013/14 | B82: ='[2]Ukraine Sunflower Exports'!JL$88 -> 0 | C82: ='[2]Ukraine Sunflower Exports'!JM$88 -> 0 | D82: ='[2]Ukraine Sunflower Exports'!JN$88 -> 0 | E82: ='[2]Ukraine Sunflower Exports'!JO$88 -> 0.017 | F82: ='[2]Ukraine Sunflower Exports'!JP$88 -> 0 | G82: ='[2]Ukraine Sunflower Exports'!JQ$88 -> 0 | H82: ='[2]Ukraine Sunflower Exports'!JR$88 -> 0 | I82: ='[2]Ukraine Sunflower Exports'!JS$88 -> 0 | ... M82: ='[2]Ukraine Sunflower Exports'!JW$88 -> 0 | N82: =SUM(B82:M82) -> 0.017 | P82: =SUM(B82:D82) -> 0 | Q82: =SUM(E82:G82) -> 0.017 | R82: =SUM(H82:J82) -> 0 | S82: =SUM(K82:M82) -> 0
A83: 2014/15 | B83: ='[2]Ukraine Sunflower Exports'!JX$88 -> 0 | C83: ='[2]Ukraine Sunflower Exports'!JY$88 -> 0 | D83: ='[2]Ukraine Sunflower Exports'!JZ$88 -> 0 | E83: ='[2]Ukraine Sunflower Exports'!KA$88 -> 0 | F83: ='[2]Ukraine Sunflower Exports'!KB$88 -> 0 | G83: ='[2]Ukraine Sunflower Exports'!KC$88 -> 0 | H83: ='[2]Ukraine Sunflower Exports'!KD$88 -> 0 | I83: ='[2]Ukraine Sunflower Exports'!KE$88 -> 0 | ... M83: ='[2]Ukraine Sunflower Exports'!KI$88 -> 0 | N83: =SUM(B83:M83) -> 0 | P83: =SUM(B83:D83) -> 0 | Q83: =SUM(E83:G83) -> 0 | R83: =SUM(H83:J83) -> 0 | S83: =SUM(K83:M83) -> 0
A84: 2015/16 | B84: ='[2]Ukraine Sunflower Exports'!KJ$88 -> 0 | C84: ='[2]Ukraine Sunflower Exports'!KK$88 -> 0 | D84: ='[2]Ukraine Sunflower Exports'!KL$88 -> 0 | E84: ='[2]Ukraine Sunflower Exports'!KM$88 -> 0 | F84: ='[2]Ukraine Sunflower Exports'!KN$88 -> 0 | G84: ='[2]Ukraine Sunflower Exports'!KO$88 -> 0 | H84: ='[2]Ukraine Sunflower Exports'!KP$88 -> 0 | I84: ='[2]Ukraine Sunflower Exports'!KQ$88 -> 0 | ... M84: ='[2]Ukraine Sunflower Exports'!KU$88 -> 0 | N84: =SUM(B84:M84) -> 0 | P84: =SUM(B84:D84) -> 0 | Q84: =SUM(E84:G84) -> 0 | R84: =SUM(H84:J84) -> 0 | S84: =SUM(K84:M84) -> 0
A85: 2016/17 | B85: ='[2]Ukraine Sunflower Exports'!KV$88 -> 0 | C85: ='[2]Ukraine Sunflower Exports'!KW$88 -> 0 | D85: ='[2]Ukraine Sunflower Exports'!KX$88 -> 0 | E85: ='[2]Ukraine Sunflower Exports'!KY$88 -> 0 | F85: ='[2]Ukraine Sunflower Exports'!KZ$88 -> 0 | G85: ='[2]Ukraine Sunflower Exports'!LA$88 -> 0 | H85: ='[2]Ukraine Sunflower Exports'!LB$88 -> 0 | I85: ='[2]Ukraine Sunflower Exports'!LC$88 -> 0 | ... M85: ='[2]Ukraine Sunflower Exports'!LG$88 -> 0 | N85: =SUM(B85:M85) -> 0 | P85: =SUM(B85:D85) -> 0 | Q85: =SUM(E85:G85) -> 0 | R85: =SUM(H85:J85) -> 0 | S85: =SUM(K85:M85) -> 0
A86: 2017/18 | B86: ='[2]Ukraine Sunflower Exports'!LH$88 -> 0 | C86: ='[2]Ukraine Sunflower Exports'!LI$88 -> 0 | D86: ='[2]Ukraine Sunflower Exports'!LJ$88 -> 0 | E86: ='[2]Ukraine Sunflower Exports'!LK$88 -> 0 | F86: ='[2]Ukraine Sunflower Exports'!LL$88 -> 0 | G86: ='[2]Ukraine Sunflower Exports'!LM$88 -> 0 | H86: ='[2]Ukraine Sunflower Exports'!LN$88 -> 0 | I86: ='[2]Ukraine Sunflower Exports'!LO$88 -> 0 | ... M86: ='[2]Ukraine Sunflower Exports'!LS$88 -> 0 | N86: =SUM(B86:M86) -> 0 | P86: =SUM(B86:D86) -> 0 | Q86: =SUM(E86:G86) -> 0 | R86: =SUM(H86:J86) -> 0 | S86: =SUM(K86:M86) -> 0
A87: 2018/19 | B87: ='[2]Ukraine Sunflower Exports'!LT$88 -> 0 | C87: ='[2]Ukraine Sunflower Exports'!LU$88 -> 0 | D87: ='[2]Ukraine Sunflower Exports'!LV$88 -> 0 | E87: ='[2]Ukraine Sunflower Exports'!LW$88 -> 0.054 | F87: ='[2]Ukraine Sunflower Exports'!LX$88 -> 0.054 | G87: ='[2]Ukraine Sunflower Exports'!LY$88 -> 0.054 | H87: ='[2]Ukraine Sunflower Exports'!LZ$88 -> 0.02855 | I87: ='[2]Ukraine Sunflower Exports'!MA$88 -> 0.251652 | ... M87: ='[2]Ukraine Sunflower Exports'!ME$88 -> 0.025 | N87: =SUM(B87:M87) -> 0.571402 | P87: =SUM(B87:D87) -> 0 | Q87: =SUM(E87:G87) -> 0.162 | R87: =SUM(H87:J87) -> 0.335227 | S87: =SUM(K87:M87) -> 0.074175
A88: 2019/20 | B88: ='[2]Ukraine Sunflower Exports'!MF$88 -> 0.166 | C88: ='[2]Ukraine Sunflower Exports'!MG$88 -> 0.15505 | D88: ='[2]Ukraine Sunflower Exports'!MH$88 -> 0.114 | E88: ='[2]Ukraine Sunflower Exports'!MI$88 -> 0.1425 | F88: ='[2]Ukraine Sunflower Exports'!MJ$88 -> 0 | G88: ='[2]Ukraine Sunflower Exports'!MK$88 -> 0.244 | H88: ='[2]Ukraine Sunflower Exports'!ML$88 -> 0.0285 | I88: ='[2]Ukraine Sunflower Exports'!MM$88 -> 0.342 | ... M88: ='[2]Ukraine Sunflower Exports'!MQ$88 -> 0.057 | N88: =SUM(B88:M88) -> 1.602075 | P88: =SUM(B88:D88) -> 0.43505 | Q88: =SUM(E88:G88) -> 0.3865 | R88: =SUM(H88:J88) -> 0.524025 | S88: =SUM(K88:M88) -> 0.2565
A89: 2020/21 | B89: ='[2]Ukraine Sunflower Exports'!MR$88 -> 0.0285 | C89: ='[2]Ukraine Sunflower Exports'!MS$88 -> 0.33685 | D89: ='[2]Ukraine Sunflower Exports'!MT$88 -> 0.1086 | E89: ='[2]Ukraine Sunflower Exports'!MU$88 -> 0 | F89: ='[2]Ukraine Sunflower Exports'!MV$88 -> 0.052 | G89: ='[2]Ukraine Sunflower Exports'!MW$88 | H89: ='[2]Ukraine Sunflower Exports'!MX$88 | I89: ='[2]Ukraine Sunflower Exports'!MY$88 | J89: =(AVERAGE(J84:J88)/AVERAGE($N84:$N88))*$N89-0.05 -> 0.013899398 | K89: =(AVERAGE(K84:K88)/AVERAGE($N84:$N88))*$N89 -> 0.015067144 | L89: =(AVERAGE(L84:L88)/AVERAGE($N84:$N88))*$N89-0.05 -> 0.011126492 | M89: =N89-SUM(B89:L89) -> 0.099906965 | N89: ='Sun Matrix'!BF7 -> 0.66595 | P89: =SUM(B89:D89) -> 0.47395 | Q89: =SUM(E89:G89) -> 0.052 | R89: =SUM(H89:J89) -> 0.013899398 | S89: =SUM(K89:M89) -> 0.1261006
A90: EUROPE, RUSSIA, AND UKRAINE SUNFLOWER EXPORTS TO CHINA
A91: 1993/94
A92: 1994/95 | B92: =SUM(B5,B34,B63) -> 0 | C92: =SUM(C5,C34,C63) -> 0 | D92: =SUM(D5,D34,D63) -> 0 | E92: =SUM(E5,E34,E63) -> 0 | F92: =SUM(F5,F34,F63) -> 0 | G92: =SUM(G5,G34,G63) -> 0 | H92: =SUM(H5,H34,H63) -> 0 | I92: =SUM(I5,I34,I63) -> 0 | ... M92: =SUM(M5,M34,M63) -> 0 | N92: =SUM(B92:M92) -> 0 | P92: =SUM(B92:D92) -> 0 | Q92: =SUM(E92:G92) -> 0 | R92: =SUM(H92:J92) -> 0 | S92: =SUM(K92:M92) -> 0
A93: 1995/96 | B93: =SUM(B6,B35,B64) -> 0 | C93: =SUM(C6,C35,C64) -> 0 | D93: =SUM(D6,D35,D64) -> 0 | E93: =SUM(E6,E35,E64) -> 0 | F93: =SUM(F6,F35,F64) -> 0 | G93: =SUM(G6,G35,G64) -> 0 | H93: =SUM(H6,H35,H64) -> 0 | I93: =SUM(I6,I35,I64) -> 0 | ... M93: =SUM(M6,M35,M64) -> 0 | N93: =SUM(B93:M93) -> 0 | P93: =SUM(B93:D93) -> 0 | Q93: =SUM(E93:G93) -> 0 | R93: =SUM(H93:J93) -> 0 | S93: =SUM(K93:M93) -> 0
A94: 1996/97 | B94: =SUM(B7,B36,B65) -> 0 | C94: =SUM(C7,C36,C65) -> 0 | D94: =SUM(D7,D36,D65) -> 0 | E94: =SUM(E7,E36,E65) -> 0 | F94: =SUM(F7,F36,F65) -> 0 | G94: =SUM(G7,G36,G65) -> 0 | H94: =SUM(H7,H36,H65) -> 0.001 | I94: =SUM(I7,I36,I65) -> 0 | ... M94: =SUM(M7,M36,M65) -> 0 | N94: =SUM(B94:M94) -> 0.001 | P94: =SUM(B94:D94) -> 0 | Q94: =SUM(E94:G94) -> 0 | R94: =SUM(H94:J94) -> 0.001 | S94: =SUM(K94:M94) -> 0
A95: 1997/98 | B95: =SUM(B8,B37,B66) -> 0 | C95: =SUM(C8,C37,C66) -> 0 | D95: =SUM(D8,D37,D66) -> 0 | E95: =SUM(E8,E37,E66) -> 0 | F95: =SUM(F8,F37,F66) -> 0.058 | G95: =SUM(G8,G37,G66) -> 0 | H95: =SUM(H8,H37,H66) -> 0.001 | I95: =SUM(I8,I37,I66) -> 0 | ... M95: =SUM(M8,M37,M66) -> 0 | N95: =SUM(B95:M95) -> 0.059 | P95: =SUM(B95:D95) -> 0 | Q95: =SUM(E95:G95) -> 0.058 | R95: =SUM(H95:J95) -> 0.001 | S95: =SUM(K95:M95) -> 0
A96: 1998/99 | B96: =SUM(B9,B38,B67) -> 0 | C96: =SUM(C9,C38,C67) -> 0 | D96: =SUM(D9,D38,D67) -> 0 | E96: =SUM(E9,E38,E67) -> 0 | F96: =SUM(F9,F38,F67) -> 0.04 | G96: =SUM(G9,G38,G67) -> 0.007 | H96: =SUM(H9,H38,H67) -> 0.002 | I96: =SUM(I9,I38,I67) -> 0 | ... M96: =SUM(M9,M38,M67) -> 0 | N96: =SUM(B96:M96) -> 0.049 | P96: =SUM(B96:D96) -> 0 | Q96: =SUM(E96:G96) -> 0.047 | R96: =SUM(H96:J96) -> 0.002 | S96: =SUM(K96:M96) -> 0
A97: 1999/00 | B97: =SUM(B10,B39,B68) -> 0 | C97: =SUM(C10,C39,C68) -> 0 | D97: =SUM(D10,D39,D68) -> 0 | E97: =SUM(E10,E39,E68) -> 0 | F97: =SUM(F10,F39,F68) -> 0 | G97: =SUM(G10,G39,G68) -> 0 | H97: =SUM(H10,H39,H68) -> 0.021 | I97: =SUM(I10,I39,I68) -> 0 | ... M97: =SUM(M10,M39,M68) -> 0 | N97: =SUM(B97:M97) -> 0.021 | P97: =SUM(B97:D97) -> 0 | Q97: =SUM(E97:G97) -> 0 | R97: =SUM(H97:J97) -> 0.021 | S97: =SUM(K97:M97) -> 0
A98: 2000/01 | B98: =SUM(B11,B40,B69) -> 0 | C98: =SUM(C11,C40,C69) -> 0 | D98: =SUM(D11,D40,D69) -> 0 | E98: =SUM(E11,E40,E69) -> 0 | F98: =SUM(F11,F40,F69) -> 0 | G98: =SUM(G11,G40,G69) -> 0.002 | H98: =SUM(H11,H40,H69) -> 0.001 | I98: =SUM(I11,I40,I69) -> 0 | ... M98: =SUM(M11,M40,M69) -> 0 | N98: =SUM(B98:M98) -> 0.003 | P98: =SUM(B98:D98) -> 0 | Q98: =SUM(E98:G98) -> 0.002 | R98: =SUM(H98:J98) -> 0.001 | S98: =SUM(K98:M98) -> 0
A99: 2001/02 | B99: =SUM(B12,B41,B70) -> 0 | C99: =SUM(C12,C41,C70) -> 0 | D99: =SUM(D12,D41,D70) -> 0 | E99: =SUM(E12,E41,E70) -> 0 | F99: =SUM(F12,F41,F70) -> 0 | G99: =SUM(G12,G41,G70) -> 0 | H99: =SUM(H12,H41,H70) -> 0.012 | I99: =SUM(I12,I41,I70) -> 0.002 | ... M99: =SUM(M12,M41,M70) -> 0.001 | N99: =SUM(B99:M99) -> 0.015 | P99: =SUM(B99:D99) -> 0 | Q99: =SUM(E99:G99) -> 0 | R99: =SUM(H99:J99) -> 0.014 | S99: =SUM(K99:M99) -> 0.001
A100: 2002/03 | B100: =SUM(B13,B42,B71) -> 0 | C100: =SUM(C13,C42,C71) -> 0 | D100: =SUM(D13,D42,D71) -> 0 | E100: =SUM(E13,E42,E71) -> 0 | F100: =SUM(F13,F42,F71) -> 0.006 | G100: =SUM(G13,G42,G71) -> 0.015 | H100: =SUM(H13,H42,H71) -> 0.001 | I100: =SUM(I13,I42,I71) -> 0.017 | ... M100: =SUM(M13,M42,M71) -> 0.01 | N100: =SUM(B100:M100) -> 0.101 | P100: =SUM(B100:D100) -> 0 | Q100: =SUM(E100:G100) -> 0.021 | R100: =SUM(H100:J100) -> 0.052 | S100: =SUM(K100:M100) -> 0.028
A101: 2003/04 | B101: =SUM(B14,B43,B72) -> 0 | C101: =SUM(C14,C43,C72) -> 0 | D101: =SUM(D14,D43,D72) -> 0.008 | E101: =SUM(E14,E43,E72) -> 0 | F101: =SUM(F14,F43,F72) -> 0 | G101: =SUM(G14,G43,G72) -> 0.032 | H101: =SUM(H14,H43,H72) -> 0.001 | I101: =SUM(I14,I43,I72) -> 0.001 | ... M101: =SUM(M14,M43,M72) -> 0 | N101: =SUM(B101:M101) -> 0.042 | P101: =SUM(B101:D101) -> 0.008 | Q101: =SUM(E101:G101) -> 0.032 | R101: =SUM(H101:J101) -> 0.002 | S101: =SUM(K101:M101) -> 0
...

Sheet Major Sun Oil Exports
A1: EUROPE, RUSSIA, AND UKRAINE SUNFLOWER OIL EXPORTS (1,000 Tonnes) | P1: QUARTERLY SHIPMENTS
B2: Oct | C2: Nov | D2: Dec | E2: Jan | F2: Feb | G2: Mar | H2: Apr | I2: May | J2: Jun | K2: Jul | L2: Aug | M2: Sep | N2: Total | P2: OND | Q2: JFM | R2: APJ | S2: JAS
A3: EU SUNFLOWER OIL EXPORTS TO CHINA
A5: 1994/95 | B5: ='[2]EU Sun Oil Exports'!AR$88 -> 0 | C5: ='[2]EU Sun Oil Exports'!AS$88 -> 0 | D5: ='[2]EU Sun Oil Exports'!AT$88 -> 0 | E5: ='[2]EU Sun Oil Exports'!AU$88 -> 0 | F5: ='[2]EU Sun Oil Exports'!AV$88 -> 0 | G5: ='[2]EU Sun Oil Exports'!AW$88 -> 0 | H5: ='[2]EU Sun Oil Exports'!AX$88 -> 0 | I5: ='[2]EU Sun Oil Exports'!AY$88 -> 0 | ... M5: ='[2]EU Sun Oil Exports'!BC$88 -> 0 | N5: =SUM(B5:M5) -> 0 | P5: =D5+B5+C5 -> 0 | Q5: =SUM(E5:G5) -> 0 | R5: =SUM(H5:J5) -> 0 | S5: =SUM(K5:M5) -> 0
A6: 1995/96 | B6: ='[2]EU Sun Oil Exports'!BD$88 -> 0 | C6: ='[2]EU Sun Oil Exports'!BE$88 -> 0 | D6: ='[2]EU Sun Oil Exports'!BF$88 -> 0 | E6: ='[2]EU Sun Oil Exports'!BG$88 -> 0 | F6: ='[2]EU Sun Oil Exports'!BH$88 -> 0 | G6: ='[2]EU Sun Oil Exports'!BI$88 -> 0 | H6: ='[2]EU Sun Oil Exports'!BJ$88 -> 0 | I6: ='[2]EU Sun Oil Exports'!BK$88 -> 0 | ... M6: ='[2]EU Sun Oil Exports'!BO$88 -> 0 | N6: =SUM(B6:M6) -> 0 | P6: =D6+B6+C6 -> 0 | Q6: =SUM(E6:G6) -> 0 | R6: =SUM(H6:J6) -> 0 | S6: =SUM(K6:M6) -> 0
A7: 1996/97 | B7: ='[2]EU Sun Oil Exports'!BP$88 -> 0 | C7: ='[2]EU Sun Oil Exports'!BQ$88 -> 0 | D7: ='[2]EU Sun Oil Exports'!BR$88 -> 0 | E7: ='[2]EU Sun Oil Exports'!BS$88 -> 1.505 | F7: ='[2]EU Sun Oil Exports'!BT$88 -> 0.853 | G7: ='[2]EU Sun Oil Exports'!BU$88 -> 0 | H7: ='[2]EU Sun Oil Exports'!BV$88 -> 0 | I7: ='[2]EU Sun Oil Exports'!BW$88 -> 0 | ... M7: ='[2]EU Sun Oil Exports'!CA$88 -> 0 | N7: =SUM(B7:M7) -> 2.358 | P7: =D7+B7+C7 -> 0 | Q7: =SUM(E7:G7) -> 2.358 | R7: =SUM(H7:J7) -> 0 | S7: =SUM(K7:M7) -> 0
A8: 1997/98 | B8: ='[2]EU Sun Oil Exports'!CB$88 -> 0 | C8: ='[2]EU Sun Oil Exports'!CC$88 -> 0.019 | D8: ='[2]EU Sun Oil Exports'!CD$88 -> 0 | E8: ='[2]EU Sun Oil Exports'!CE$88 -> 0 | F8: ='[2]EU Sun Oil Exports'!CF$88 -> 0 | G8: ='[2]EU Sun Oil Exports'!CG$88 -> 0 | H8: ='[2]EU Sun Oil Exports'!CH$88 -> 0 | I8: ='[2]EU Sun Oil Exports'!CI$88 -> 0 | ... M8: ='[2]EU Sun Oil Exports'!CM$88 -> 0 | N8: =SUM(B8:M8) -> 0.019 | P8: =D8+B8+C8 -> 0.019 | Q8: =SUM(E8:G8) -> 0 | R8: =SUM(H8:J8) -> 0 | S8: =SUM(K8:M8) -> 0
A9: 1998/99 | B9: ='[2]EU Sun Oil Exports'!CN$88 -> 0 | C9: ='[2]EU Sun Oil Exports'!CO$88 -> 0 | D9: ='[2]EU Sun Oil Exports'!CP$88 -> 0 | E9: ='[2]EU Sun Oil Exports'!CQ$88 -> 0 | F9: ='[2]EU Sun Oil Exports'!CR$88 -> 0 | G9: ='[2]EU Sun Oil Exports'!CS$88 -> 0 | H9: ='[2]EU Sun Oil Exports'!CT$88 -> 0 | I9: ='[2]EU Sun Oil Exports'!CU$88 -> 0 | ... M9: ='[2]EU Sun Oil Exports'!CY$88 -> 0 | N9: =SUM(B9:M9) -> 0 | P9: =D9+B9+C9 -> 0 | Q9: =SUM(E9:G9) -> 0 | R9: =SUM(H9:J9) -> 0 | S9: =SUM(K9:M9) -> 0
A10: 1999/00 | B10: ='[2]EU Sun Oil Exports'!CZ$88 -> 0 | C10: ='[2]EU Sun Oil Exports'!DA$88 -> 0 | D10: ='[2]EU Sun Oil Exports'!DB$88 -> 0 | E10: ='[2]EU Sun Oil Exports'!DC$88 -> 0 | F10: ='[2]EU Sun Oil Exports'!DD$88 -> 0.004 | G10: ='[2]EU Sun Oil Exports'!DE$88 -> 0 | H10: ='[2]EU Sun Oil Exports'!DF$88 -> 0 | I10: ='[2]EU Sun Oil Exports'!DG$88 -> 0 | ... M10: ='[2]EU Sun Oil Exports'!DK$88 -> 0 | N10: =SUM(B10:M10) -> 0.004 | P10: =D10+B10+C10 -> 0 | Q10: =SUM(E10:G10) -> 0.004 | R10: =SUM(H10:J10) -> 0 | S10: =SUM(K10:M10) -> 0
A11: 2000/01 | B11: ='[2]EU Sun Oil Exports'!DL$88 -> 0 | C11: ='[2]EU Sun Oil Exports'!DM$88 -> 0 | D11: ='[2]EU Sun Oil Exports'!DN$88 -> 0 | E11: ='[2]EU Sun Oil Exports'!DO$88 -> 0 | F11: ='[2]EU Sun Oil Exports'!DP$88 -> 0 | G11: ='[2]EU Sun Oil Exports'!DQ$88 -> 0 | H11: ='[2]EU Sun Oil Exports'!DR$88 -> 0 | I11: ='[2]EU Sun Oil Exports'!DS$88 -> 0 | ... M11: ='[2]EU Sun Oil Exports'!DW$88 -> 0 | N11: =SUM(B11:M11) -> 0 | P11: =D11+B11+C11 -> 0 | Q11: =SUM(E11:G11) -> 0 | R11: =SUM(H11:J11) -> 0 | S11: =SUM(K11:M11) -> 0
A12: 2001/02 | B12: ='[2]EU Sun Oil Exports'!DX$88 -> 0 | C12: ='[2]EU Sun Oil Exports'!DY$88 -> 0.001 | D12: ='[2]EU Sun Oil Exports'!DZ$88 -> 0 | E12: ='[2]EU Sun Oil Exports'!EA$88 -> 0 | F12: ='[2]EU Sun Oil Exports'!EB$88 -> 0 | G12: ='[2]EU Sun Oil Exports'!EC$88 -> 0 | H12: ='[2]EU Sun Oil Exports'!ED$88 -> 0 | I12: ='[2]EU Sun Oil Exports'!EE$88 -> 0 | ... M12: ='[2]EU Sun Oil Exports'!EI$88 -> 0 | N12: =SUM(B12:M12) -> 0.001 | P12: =D12+B12+C12 -> 0.001 | Q12: =SUM(E12:G12) -> 0 | R12: =SUM(H12:J12) -> 0 | S12: =SUM(K12:M12) -> 0
A13: 2002/03 | B13: ='[2]EU Sun Oil Exports'!EJ$88 -> 0 | C13: ='[2]EU Sun Oil Exports'!EK$88 -> 0.002 | D13: ='[2]EU Sun Oil Exports'!EL$88 -> 0 | E13: ='[2]EU Sun Oil Exports'!EM$88 -> 0 | F13: ='[2]EU Sun Oil Exports'!EN$88 -> 0.001 | G13: ='[2]EU Sun Oil Exports'!EO$88 -> 0 | H13: ='[2]EU Sun Oil Exports'!EP$88 -> 0.001 | I13: ='[2]EU Sun Oil Exports'!EQ$88 -> 0.001 | ... M13: ='[2]EU Sun Oil Exports'!EU$88 -> 0.004 | N13: =SUM(B13:M13) -> 0.012 | P13: =D13+B13+C13 -> 0.002 | Q13: =SUM(E13:G13) -> 0.001 | R13: =SUM(H13:J13) -> 0.002 | S13: =SUM(K13:M13) -> 0.007
A14: 2003/04 | B14: ='[2]EU Sun Oil Exports'!EV$88 -> 0.063 | C14: ='[2]EU Sun Oil Exports'!EW$88 -> 0 | D14: ='[2]EU Sun Oil Exports'!EX$88 -> 0 | E14: ='[2]EU Sun Oil Exports'!EY$88 -> 0 | F14: ='[2]EU Sun Oil Exports'!EZ$88 -> 0 | G14: ='[2]EU Sun Oil Exports'!FA$88 -> 0.005 | H14: ='[2]EU Sun Oil Exports'!FB$88 -> 0 | I14: ='[2]EU Sun Oil Exports'!FC$88 -> 0.006 | ... M14: ='[2]EU Sun Oil Exports'!FG$88 -> 0 | N14: =SUM(B14:M14) -> 0.084 | P14: =D14+B14+C14 -> 0.063 | Q14: =SUM(E14:G14) -> 0.005 | R14: =SUM(H14:J14) -> 0.008 | S14: =SUM(K14:M14) -> 0.008
A15: 2004/05 | B15: ='[2]EU Sun Oil Exports'!FH$88 -> 0 | C15: ='[2]EU Sun Oil Exports'!FI$88 -> 0 | D15: ='[2]EU Sun Oil Exports'!FJ$88 -> 0 | E15: ='[2]EU Sun Oil Exports'!FK$88 -> 0 | F15: ='[2]EU Sun Oil Exports'!FL$88 -> 0 | G15: ='[2]EU Sun Oil Exports'!FM$88 -> 0 | H15: ='[2]EU Sun Oil Exports'!FN$88 -> 0.013 | I15: ='[2]EU Sun Oil Exports'!FO$88 -> 0.078 | ... M15: ='[2]EU Sun Oil Exports'!FS$88 -> 0 | N15: =SUM(B15:M15) -> 0.174 | P15: =D15+B15+C15 -> 0 | Q15: =SUM(E15:G15) -> 0 | R15: =SUM(H15:J15) -> 0.091 | S15: =SUM(K15:M15) -> 0.083
A16: 2005/06 | B16: ='[2]EU Sun Oil Exports'!FT$88 -> 0.075 | C16: ='[2]EU Sun Oil Exports'!FU$88 -> 0.001 | D16: ='[2]EU Sun Oil Exports'!FV$88 -> 0.001 | E16: ='[2]EU Sun Oil Exports'!FW$88 -> 0.064 | F16: ='[2]EU Sun Oil Exports'!FX$88 -> 0 | G16: ='[2]EU Sun Oil Exports'!FY$88 -> 0.006 | H16: ='[2]EU Sun Oil Exports'!FZ$88 -> 0.063 | I16: ='[2]EU Sun Oil Exports'!GA$88 -> 0.06 | ... M16: ='[2]EU Sun Oil Exports'!GE$88 -> 0.002 | N16: =SUM(B16:M16) -> 0.376 | P16: =D16+B16+C16 -> 0.077 | Q16: =SUM(E16:G16) -> 0.07 | R16: =SUM(H16:J16) -> 0.206 | S16: =SUM(K16:M16) -> 0.023
A17: 2006/07 | B17: ='[2]EU Sun Oil Exports'!GF$88 -> 0 | C17: ='[2]EU Sun Oil Exports'!GG$88 -> 0 | D17: ='[2]EU Sun Oil Exports'!GH$88 -> 0.004 | E17: ='[2]EU Sun Oil Exports'!GI$88 -> 0.001 | F17: ='[2]EU Sun Oil Exports'!GJ$88 -> 0.002 | G17: ='[2]EU Sun Oil Exports'!GK$88 -> 0.003 | H17: ='[2]EU Sun Oil Exports'!GL$88 -> 0.002 | I17: ='[2]EU Sun Oil Exports'!GM$88 -> 0 | ... M17: ='[2]EU Sun Oil Exports'!GQ$88 -> 0.002 | N17: =SUM(B17:M17) -> 0.034 | P17: =D17+B17+C17 -> 0.004 | Q17: =SUM(E17:G17) -> 0.006 | R17: =SUM(H17:J17) -> 0.01 | S17: =SUM(K17:M17) -> 0.014
A18: 2007/08 | B18: ='[2]EU Sun Oil Exports'!GR$88 -> 0.005 | C18: ='[2]EU Sun Oil Exports'!GS$88 -> 0.002 | D18: ='[2]EU Sun Oil Exports'!GT$88 -> 0.001 | E18: ='[2]EU Sun Oil Exports'!GU$88 -> 0.001 | F18: ='[2]EU Sun Oil Exports'!GV$88 -> 0 | G18: ='[2]EU Sun Oil Exports'!GW$88 -> 0.002 | H18: ='[2]EU Sun Oil Exports'!GX$88 -> 0.003 | I18: ='[2]EU Sun Oil Exports'!GY$88 -> 0.002 | ... M18: ='[2]EU Sun Oil Exports'!HC$88 -> 0.004 | N18: =SUM(B18:M18) -> 0.055 | P18: =D18+B18+C18 -> 0.008 | Q18: =SUM(E18:G18) -> 0.003 | R18: =SUM(H18:J18) -> 0.013 | S18: =SUM(K18:M18) -> 0.031
A19: 2008/09 | B19: ='[2]EU Sun Oil Exports'!HD$88 -> 0.038 | C19: ='[2]EU Sun Oil Exports'!HE$88 -> 0.004 | D19: ='[2]EU Sun Oil Exports'!HF$88 -> 0.002 | E19: ='[2]EU Sun Oil Exports'!HG$88 -> 0.002 | F19: ='[2]EU Sun Oil Exports'!HH$88 -> 0.043 | G19: ='[2]EU Sun Oil Exports'!HI$88 -> 0.007 | H19: ='[2]EU Sun Oil Exports'!HJ$88 -> 0 | I19: ='[2]EU Sun Oil Exports'!HK$88 -> 0.041 | ... M19: ='[2]EU Sun Oil Exports'!HO$88 -> 0.001 | N19: =SUM(B19:M19) -> 0.207 | P19: =D19+B19+C19 -> 0.044 | Q19: =SUM(E19:G19) -> 0.052 | R19: =SUM(H19:J19) -> 0.065 | S19: =SUM(K19:M19) -> 0.046
A20: 2009/10 | B20: ='[2]EU Sun Oil Exports'!HP$88 -> 0.021 | C20: ='[2]EU Sun Oil Exports'!HQ$88 -> 0.054 | D20: ='[2]EU Sun Oil Exports'!HR$88 -> 0.008 | E20: ='[2]EU Sun Oil Exports'!HS$88 -> 0.004 | F20: ='[2]EU Sun Oil Exports'!HT$88 -> 0.131 | G20: ='[2]EU Sun Oil Exports'!HU$88 -> 0.296 | H20: ='[2]EU Sun Oil Exports'!HV$88 -> 0.059 | I20: ='[2]EU Sun Oil Exports'!HW$88 -> 0.297 | ... M20: ='[2]EU Sun Oil Exports'!IA$88 -> 0.011 | N20: =SUM(B20:M20) -> 1.686 | P20: =D20+B20+C20 -> 0.083 | Q20: =SUM(E20:G20) -> 0.431 | R20: =SUM(H20:J20) -> 0.439 | S20: =SUM(K20:M20) -> 0.733
A21: 2010/11 | B21: ='[2]EU Sun Oil Exports'!IB$88 -> 0.104 | C21: ='[2]EU Sun Oil Exports'!IC$88 -> 0.367 | D21: ='[2]EU Sun Oil Exports'!ID$88 -> 0.151 | E21: ='[2]EU Sun Oil Exports'!IE$88 -> 0.465 | F21: ='[2]EU Sun Oil Exports'!IF$88 -> 0.009 | G21: ='[2]EU Sun Oil Exports'!IG$88 -> 0.768 | H21: ='[2]EU Sun Oil Exports'!IH$88 -> 0.381 | I21: ='[2]EU Sun Oil Exports'!II$88 -> 0.228 | ... M21: ='[2]EU Sun Oil Exports'!IM$88 -> 0.241 | N21: =SUM(B21:M21) -> 3.373 | P21: =D21+B21+C21 -> 0.622 | Q21: =SUM(E21:G21) -> 1.242 | R21: =SUM(H21:J21) -> 0.704 | S21: =SUM(K21:M21) -> 0.805
A22: 2011/12 | B22: ='[2]EU Sun Oil Exports'!IN$88 -> 0.434 | C22: ='[2]EU Sun Oil Exports'!IO$88 -> 0.406 | D22: ='[2]EU Sun Oil Exports'!IP$88 -> 0.114 | E22: ='[2]EU Sun Oil Exports'!IQ$88 -> 0.042 | F22: ='[2]EU Sun Oil Exports'!IR$88 -> 0.032 | G22: ='[2]EU Sun Oil Exports'!IS$88 -> 0.022 | H22: ='[2]EU Sun Oil Exports'!IT$88 -> 0.048 | I22: ='[2]EU Sun Oil Exports'!IU$88 -> 0.09 | ... M22: ='[2]EU Sun Oil Exports'!IY$88 -> 0.002 | N22: =SUM(B22:M22) -> 1.34 | P22: =D22+B22+C22 -> 0.954 | Q22: =SUM(E22:G22) -> 0.096 | R22: =SUM(H22:J22) -> 0.233 | S22: =SUM(K22:M22) -> 0.057
A23: 2012/13 | B23: ='[2]EU Sun Oil Exports'!IZ$88 -> 0.163 | C23: ='[2]EU Sun Oil Exports'!JA$88 -> 0.08 | D23: ='[2]EU Sun Oil Exports'!JB$88 -> 0.025 | E23: ='[2]EU Sun Oil Exports'!JC$88 -> 0.047 | F23: ='[2]EU Sun Oil Exports'!JD$88 -> 0.054 | G23: ='[2]EU Sun Oil Exports'!JE$88 -> 0.043 | H23: ='[2]EU Sun Oil Exports'!JF$88 -> 0.077 | I23: ='[2]EU Sun Oil Exports'!JG$88 -> 0.017 | ... M23: ='[2]EU Sun Oil Exports'!JK$88 -> 0.106 | N23: =SUM(B23:M23) -> 1.462 | P23: =D23+B23+C23 -> 0.268 | Q23: =SUM(E23:G23) -> 0.144 | R23: =SUM(H23:J23) -> 0.168 | S23: =SUM(K23:M23) -> 0.882
A24: 2013/14 | B24: ='[2]EU Sun Oil Exports'!JL$88 -> 0.104 | C24: ='[2]EU Sun Oil Exports'!JM$88 -> 0.476 | D24: ='[2]EU Sun Oil Exports'!JN$88 -> 0.097 | E24: ='[2]EU Sun Oil Exports'!JO$88 -> 0.313 | F24: ='[2]EU Sun Oil Exports'!JP$88 -> 0.311 | G24: ='[2]EU Sun Oil Exports'!JQ$88 -> 0.261 | H24: ='[2]EU Sun Oil Exports'!JR$88 -> 0.97 | I24: ='[2]EU Sun Oil Exports'!JS$88 -> 0.13 | ... M24: ='[2]EU Sun Oil Exports'!JW$88 -> 0.171 | N24: =SUM(B24:M24) -> 3.595 | P24: =D24+B24+C24 -> 0.677 | Q24: =SUM(E24:G24) -> 0.885 | R24: =SUM(H24:J24) -> 1.273 | S24: =SUM(K24:M24) -> 0.76
A25: 2014/15 | B25: ='[2]EU Sun Oil Exports'!JX$88 -> 0.34 | C25: ='[2]EU Sun Oil Exports'!JY$88 -> 0.308 | D25: ='[2]EU Sun Oil Exports'!JZ$88 -> 0.287 | E25: ='[2]EU Sun Oil Exports'!KA$88 -> 0.844 | F25: ='[2]EU Sun Oil Exports'!KB$88 -> 0.152 | G25: ='[2]EU Sun Oil Exports'!KC$88 -> 0.456 | H25: ='[2]EU Sun Oil Exports'!KD$88 -> 0.693 | I25: ='[2]EU Sun Oil Exports'!KE$88 -> 0.389 | ... M25: ='[2]EU Sun Oil Exports'!KI$88 -> 0.288 | N25: =SUM(B25:M25) -> 4.974 | P25: =D25+B25+C25 -> 0.935 | Q25: =SUM(E25:G25) -> 1.452 | R25: =SUM(H25:J25) -> 1.424 | S25: =SUM(K25:M25) -> 1.163
A26: 2015/16 | B26: ='[2]EU Sun Oil Exports'!KJ$88 -> 0.523 | C26: ='[2]EU Sun Oil Exports'!KK$88 -> 1.087 | D26: ='[2]EU Sun Oil Exports'!KL$88 -> 0.928 | E26: ='[2]EU Sun Oil Exports'!KM$88 -> 0.158 | F26: ='[2]EU Sun Oil Exports'!KN$88 -> 0.345 | G26: ='[2]EU Sun Oil Exports'!KO$88 -> 0.494 | H26: ='[2]EU Sun Oil Exports'!KP$88 -> 0.262 | I26: ='[2]EU Sun Oil Exports'!KQ$88 -> 0.563 | ... M26: ='[2]EU Sun Oil Exports'!KU$88 -> 0.486 | N26: =SUM(B26:M26) -> 6.574 | P26: =D26+B26+C26 -> 2.538 | Q26: =SUM(E26:G26) -> 0.997 | R26: =SUM(H26:J26) -> 1.329 | S26: =SUM(K26:M26) -> 1.71
A27: 2016/17 | B27: ='[2]EU Sun Oil Exports'!KV$88 -> 0.529 | C27: ='[2]EU Sun Oil Exports'!KW$88 -> 0.718 | D27: ='[2]EU Sun Oil Exports'!KX$88 -> 0.191 | E27: ='[2]EU Sun Oil Exports'!KY$88 -> 0.699 | F27: ='[2]EU Sun Oil Exports'!KZ$88 -> 0.378 | G27: ='[2]EU Sun Oil Exports'!LA$88 -> 0.578 | H27: ='[2]EU Sun Oil Exports'!LB$88 -> 0.285 | I27: ='[2]EU Sun Oil Exports'!LC$88 -> 0.234 | ... M27: ='[2]EU Sun Oil Exports'!LG$88 -> 0.363 | N27: =SUM(B27:M27) -> 5.438 | P27: =D27+B27+C27 -> 1.438 | Q27: =SUM(E27:G27) -> 1.655 | R27: =SUM(H27:J27) -> 0.825 | S27: =SUM(K27:M27) -> 1.52
A28: 2017/18 | B28: ='[2]EU Sun Oil Exports'!LH$88 -> 0.527 | C28: ='[2]EU Sun Oil Exports'!LI$88 -> 0.571 | D28: ='[2]EU Sun Oil Exports'!LJ$88 -> 0.317 | E28: ='[2]EU Sun Oil Exports'!LK$88 -> 0.126 | F28: ='[2]EU Sun Oil Exports'!LL$88 -> 0.27 | G28: ='[2]EU Sun Oil Exports'!LM$88 -> 0.357 | H28: ='[2]EU Sun Oil Exports'!LN$88 -> 0.24 | I28: ='[2]EU Sun Oil Exports'!LO$88 -> 0.715 | ... M28: ='[2]EU Sun Oil Exports'!LS$88 -> 0.161 | N28: =SUM(B28:M28) -> 4.333 | P28: =D28+B28+C28 -> 1.415 | Q28: =SUM(E28:G28) -> 0.753 | R28: =SUM(H28:J28) -> 1.32 | S28: =SUM(K28:M28) -> 0.845
A29: 2018/19 | B29: ='[2]EU Sun Oil Exports'!LT$88 -> 0.516 | C29: ='[2]EU Sun Oil Exports'!LU$88 -> 1.245 | D29: ='[2]EU Sun Oil Exports'!LV$88 -> 1.981 | E29: ='[2]EU Sun Oil Exports'!LW$88 -> 0.144 | F29: ='[2]EU Sun Oil Exports'!LX$88 -> 0.395 | G29: ='[2]EU Sun Oil Exports'!LY$88 -> 1.088 | H29: ='[2]EU Sun Oil Exports'!LZ$88 -> 0.337 | I29: ='[2]EU Sun Oil Exports'!MA$88 -> 0.459 | ... M29: ='[2]EU Sun Oil Exports'!ME$88 -> 0.29 | N29: =SUM(B29:M29) -> 7.225 | P29: =D29+B29+C29 -> 3.742 | Q29: =SUM(E29:G29) -> 1.627 | R29: =SUM(H29:J29) -> 1.061 | S29: =SUM(K29:M29) -> 0.795
A30: 2019/20 | B30: ='[2]EU Sun Oil Exports'!MF$88 -> 1.407 | C30: ='[2]EU Sun Oil Exports'!MG$88 -> 0.431 | D30: ='[2]EU Sun Oil Exports'!MH$88 -> 0.253 | E30: ='[2]EU Sun Oil Exports'!MI$88 -> 0.599 | F30: ='[2]EU Sun Oil Exports'!MJ$88 -> 0.711 | G30: ='[2]EU Sun Oil Exports'!MK$88 -> 1.519 | H30: ='[2]EU Sun Oil Exports'!ML$88 -> 0.427 | I30: ='[2]EU Sun Oil Exports'!MM$88 -> 0.672 | ... M30: ='[2]EU Sun Oil Exports'!MQ$88 -> 0.367 | N30: =SUM(B30:M30) -> 9.562 | P30: =D30+B30+C30 -> 2.091 | Q30: =SUM(E30:G30) -> 2.829 | R30: =SUM(H30:J30) -> 1.955 | S30: =SUM(K30:M30) -> 2.687
A31: 2020/21 | B31: ='[2]EU Sun Oil Exports'!MR$88 -> 0.332 | C31: ='[2]EU Sun Oil Exports'!MS$88 -> 1.274 | D31: ='[2]EU Sun Oil Exports'!MT$88 -> 1.732 | E31: ='[2]EU Sun Oil Exports'!MU$88 -> 2.186 | F31: ='[2]EU Sun Oil Exports'!MV$88 -> 1.155 | G31: ='[2]EU Sun Oil Exports'!MW$88 -> 1.07 | H31: ='[2]EU Sun Oil Exports'!MX$88 -> 1.316 | I31: ='[2]EU Sun Oil Exports'!MY$88 -> 0.247 | ... M31: ='[2]EU Sun Oil Exports'!NC$88 -> 0.13 | N31: =SUM(B31:M31) -> 10.839 | P31: =D31+B31+C31 -> 3.338 | Q31: =SUM(E31:G31) -> 4.411 | R31: =SUM(H31:J31) -> 2.4 | S31: =SUM(K31:M31) -> 0.69
A32: RUSSIA SUNFLOWER OIL EXPORTS TO CHINA
A34: 1994/95 | B34: ='[2]Russia Sun Oil Exports'!AR$88 -> 0 | C34: ='[2]Russia Sun Oil Exports'!AS$88 -> 0 | D34: ='[2]Russia Sun Oil Exports'!AT$88 -> 0 | E34: ='[2]Russia Sun Oil Exports'!AU$88 -> 0 | F34: ='[2]Russia Sun Oil Exports'!AV$88 -> 0 | G34: ='[2]Russia Sun Oil Exports'!AW$88 -> 0 | H34: ='[2]Russia Sun Oil Exports'!AX$88 -> 0 | I34: ='[2]Russia Sun Oil Exports'!AY$88 -> 0 | ... M34: ='[2]Russia Sun Oil Exports'!BC$88 -> 0 | N34: =SUM(B34:M34) -> 0 | P34: =D34+B34+C34 -> 0 | Q34: =SUM(E34:G34) -> 0 | R34: =SUM(H34:J34) -> 0 | S34: =SUM(K34:M34) -> 0
A35: 1995/96 | B35: ='[2]Russia Sun Oil Exports'!BD$88 -> 0 | C35: ='[2]Russia Sun Oil Exports'!BE$88 -> 0 | D35: ='[2]Russia Sun Oil Exports'!BF$88 -> 0 | E35: ='[2]Russia Sun Oil Exports'!BG$88 -> 0 | F35: ='[2]Russia Sun Oil Exports'!BH$88 -> 0 | G35: ='[2]Russia Sun Oil Exports'!BI$88 -> 0 | H35: ='[2]Russia Sun Oil Exports'!BJ$88 -> 0 | I35: ='[2]Russia Sun Oil Exports'!BK$88 -> 0 | ... M35: ='[2]Russia Sun Oil Exports'!BO$88 -> 0 | N35: =SUM(B35:M35) -> 0 | P35: =D35+B35+C35 -> 0 | Q35: =SUM(E35:G35) -> 0 | R35: =SUM(H35:J35) -> 0 | S35: =SUM(K35:M35) -> 0
A36: 1996/97 | B36: ='[2]Russia Sun Oil Exports'!BP$88 -> 0 | C36: ='[2]Russia Sun Oil Exports'!BQ$88 -> 0 | D36: ='[2]Russia Sun Oil Exports'!BR$88 -> 0 | E36: ='[2]Russia Sun Oil Exports'!BS$88 -> 0 | F36: ='[2]Russia Sun Oil Exports'!BT$88 -> 0 | G36: ='[2]Russia Sun Oil Exports'!BU$88 -> 0 | H36: ='[2]Russia Sun Oil Exports'!BV$88 -> 0 | I36: ='[2]Russia Sun Oil Exports'!BW$88 -> 0 | ... M36: ='[2]Russia Sun Oil Exports'!CA$88 -> 0 | N36: =SUM(B36:M36) -> 0 | P36: =D36+B36+C36 -> 0 | Q36: =SUM(E36:G36) -> 0 | R36: =SUM(H36:J36) -> 0 | S36: =SUM(K36:M36) -> 0
A37: 1997/98 | B37: ='[2]Russia Sun Oil Exports'!CB$88 -> 0 | C37: ='[2]Russia Sun Oil Exports'!CC$88 -> 0 | D37: ='[2]Russia Sun Oil Exports'!CD$88 -> 0 | E37: ='[2]Russia Sun Oil Exports'!CE$88 -> 0 | F37: ='[2]Russia Sun Oil Exports'!CF$88 -> 0 | G37: ='[2]Russia Sun Oil Exports'!CG$88 -> 0 | H37: ='[2]Russia Sun Oil Exports'!CH$88 -> 0 | I37: ='[2]Russia Sun Oil Exports'!CI$88 -> 0 | ... M37: ='[2]Russia Sun Oil Exports'!CM$88 -> 0 | N37: =SUM(B37:M37) -> 0 | P37: =D37+B37+C37 -> 0 | Q37: =SUM(E37:G37) -> 0 | R37: =SUM(H37:J37) -> 0 | S37: =SUM(K37:M37) -> 0
A38: 1998/99 | B38: ='[2]Russia Sun Oil Exports'!CN$88 -> 0 | C38: ='[2]Russia Sun Oil Exports'!CO$88 -> 0 | D38: ='[2]Russia Sun Oil Exports'!CP$88 -> 0 | E38: ='[2]Russia Sun Oil Exports'!CQ$88 -> 0 | F38: ='[2]Russia Sun Oil Exports'!CR$88 -> 0 | G38: ='[2]Russia Sun Oil Exports'!CS$88 -> 0 | H38: ='[2]Russia Sun Oil Exports'!CT$88 -> 0 | I38: ='[2]Russia Sun Oil Exports'!CU$88 -> 0 | ... M38: ='[2]Russia Sun Oil Exports'!CY$88 -> 0 | N38: =SUM(B38:M38) -> 0 | P38: =D38+B38+C38 -> 0 | Q38: =SUM(E38:G38) -> 0 | R38: =SUM(H38:J38) -> 0 | S38: =SUM(K38:M38) -> 0
A39: 1999/00 | B39: ='[2]Russia Sun Oil Exports'!CZ$88 -> 0 | C39: ='[2]Russia Sun Oil Exports'!DA$88 -> 0 | D39: ='[2]Russia Sun Oil Exports'!DB$88 -> 0 | E39: ='[2]Russia Sun Oil Exports'!DC$88 -> 0 | F39: ='[2]Russia Sun Oil Exports'!DD$88 -> 0 | G39: ='[2]Russia Sun Oil Exports'!DE$88 -> 0 | H39: ='[2]Russia Sun Oil Exports'!DF$88 -> 0 | I39: ='[2]Russia Sun Oil Exports'!DG$88 -> 0 | ... M39: ='[2]Russia Sun Oil Exports'!DK$88 -> 0 | N39: =SUM(B39:M39) -> 0 | P39: =D39+B39+C39 -> 0 | Q39: =SUM(E39:G39) -> 0 | R39: =SUM(H39:J39) -> 0 | S39: =SUM(K39:M39) -> 0
A40: 2000/01 | B40: ='[2]Russia Sun Oil Exports'!DL$88 -> 1.5e-05 | C40: ='[2]Russia Sun Oil Exports'!DM$88 -> 0 | D40: ='[2]Russia Sun Oil Exports'!DN$88 -> 0 | E40: ='[2]Russia Sun Oil Exports'!DO$88 -> 0 | F40: ='[2]Russia Sun Oil Exports'!DP$88 -> 0 | G40: ='[2]Russia Sun Oil Exports'!DQ$88 -> 0 | H40: ='[2]Russia Sun Oil Exports'!DR$88 -> 0 | I40: ='[2]Russia Sun Oil Exports'!DS$88 -> 0 | ... M40: ='[2]Russia Sun Oil Exports'!DW$88 -> 0 | N40: =SUM(B40:M40) -> 1.5e-05 | P40: =D40+B40+C40 -> 1.5e-05 | Q40: =SUM(E40:G40) -> 0 | R40: =SUM(H40:J40) -> 0 | S40: =SUM(K40:M40) -> 0
A41: 2001/02 | B41: ='[2]Russia Sun Oil Exports'!DX$88 -> 0 | C41: ='[2]Russia Sun Oil Exports'!DY$88 -> 0 | D41: ='[2]Russia Sun Oil Exports'!DZ$88 -> 0 | E41: ='[2]Russia Sun Oil Exports'!EA$88 -> 0 | F41: ='[2]Russia Sun Oil Exports'!EB$88 -> 0 | G41: ='[2]Russia Sun Oil Exports'!EC$88 -> 0 | H41: ='[2]Russia Sun Oil Exports'!ED$88 -> 0 | I41: ='[2]Russia Sun Oil Exports'!EE$88 -> 0 | ... M41: ='[2]Russia Sun Oil Exports'!EI$88 -> 0 | N41: =SUM(B41:M41) -> 0 | P41: =D41+B41+C41 -> 0 | Q41: =SUM(E41:G41) -> 0 | R41: =SUM(H41:J41) -> 0 | S41: =SUM(K41:M41) -> 0
A42: 2002/03 | B42: ='[2]Russia Sun Oil Exports'!EJ$88 -> 0 | C42: ='[2]Russia Sun Oil Exports'!EK$88 -> 0 | D42: ='[2]Russia Sun Oil Exports'!EL$88 -> 0 | E42: ='[2]Russia Sun Oil Exports'!EM$88 -> 0 | F42: ='[2]Russia Sun Oil Exports'!EN$88 -> 0 | G42: ='[2]Russia Sun Oil Exports'!EO$88 -> 0 | H42: ='[2]Russia Sun Oil Exports'!EP$88 -> 0 | I42: ='[2]Russia Sun Oil Exports'!EQ$88 -> 0 | ... M42: ='[2]Russia Sun Oil Exports'!EU$88 -> 0 | N42: =SUM(B42:M42) -> 0 | P42: =D42+B42+C42 -> 0 | Q42: =SUM(E42:G42) -> 0 | R42: =SUM(H42:J42) -> 0 | S42: =SUM(K42:M42) -> 0
A43: 2003/04 | B43: ='[2]Russia Sun Oil Exports'!EV$88 -> 0 | C43: ='[2]Russia Sun Oil Exports'!EW$88 -> 0 | D43: ='[2]Russia Sun Oil Exports'!EX$88 -> 0 | E43: ='[2]Russia Sun Oil Exports'!EY$88 -> 0 | F43: ='[2]Russia Sun Oil Exports'!EZ$88 -> 0 | G43: ='[2]Russia Sun Oil Exports'!FA$88 -> 0 | H43: ='[2]Russia Sun Oil Exports'!FB$88 -> 0 | I43: ='[2]Russia Sun Oil Exports'!FC$88 -> 0 | ... M43: ='[2]Russia Sun Oil Exports'!FG$88 -> 0 | N43: =SUM(B43:M43) -> 0 | P43: =D43+B43+C43 -> 0 | Q43: =SUM(E43:G43) -> 0 | R43: =SUM(H43:J43) -> 0 | S43: =SUM(K43:M43) -> 0
A44: 2004/05 | B44: ='[2]Russia Sun Oil Exports'!FH$88 -> 0 | C44: ='[2]Russia Sun Oil Exports'!FI$88 -> 0 | D44: ='[2]Russia Sun Oil Exports'!FJ$88 -> 0 | E44: ='[2]Russia Sun Oil Exports'!FK$88 -> 0 | F44: ='[2]Russia Sun Oil Exports'!FL$88 -> 0 | G44: ='[2]Russia Sun Oil Exports'!FM$88 -> 0 | H44: ='[2]Russia Sun Oil Exports'!FN$88 -> 0 | I44: ='[2]Russia Sun Oil Exports'!FO$88 -> 0 | ... M44: ='[2]Russia Sun Oil Exports'!FS$88 -> 0 | N44: =SUM(B44:M44) -> 0 | P44: =D44+B44+C44 -> 0 | Q44: =SUM(E44:G44) -> 0 | R44: =SUM(H44:J44) -> 0 | S44: =SUM(K44:M44) -> 0
A45: 2005/06 | B45: ='[2]Russia Sun Oil Exports'!FT$88 -> 0 | C45: ='[2]Russia Sun Oil Exports'!FU$88 -> 0 | D45: ='[2]Russia Sun Oil Exports'!FV$88 -> 0 | E45: ='[2]Russia Sun Oil Exports'!FW$88 -> 0 | F45: ='[2]Russia Sun Oil Exports'!FX$88 -> 0 | G45: ='[2]Russia Sun Oil Exports'!FY$88 -> 0 | H45: ='[2]Russia Sun Oil Exports'!FZ$88 -> 0 | I45: ='[2]Russia Sun Oil Exports'!GA$88 -> 0 | ... M45: ='[2]Russia Sun Oil Exports'!GE$88 -> 0 | N45: =SUM(B45:M45) -> 0 | P45: =D45+B45+C45 -> 0 | Q45: =SUM(E45:G45) -> 0 | R45: =SUM(H45:J45) -> 0 | S45: =SUM(K45:M45) -> 0
A46: 2006/07 | B46: ='[2]Russia Sun Oil Exports'!GF$88 -> 0 | C46: ='[2]Russia Sun Oil Exports'!GG$88 -> 0 | D46: ='[2]Russia Sun Oil Exports'!GH$88 -> 0 | E46: ='[2]Russia Sun Oil Exports'!GI$88 -> 0 | F46: ='[2]Russia Sun Oil Exports'!GJ$88 -> 0 | G46: ='[2]Russia Sun Oil Exports'!GK$88 -> 0 | H46: ='[2]Russia Sun Oil Exports'!GL$88 -> 0 | I46: ='[2]Russia Sun Oil Exports'!GM$88 -> 0 | ... M46: ='[2]Russia Sun Oil Exports'!GQ$88 -> 0 | N46: =SUM(B46:M46) -> 0 | P46: =D46+B46+C46 -> 0 | Q46: =SUM(E46:G46) -> 0 | R46: =SUM(H46:J46) -> 0 | S46: =SUM(K46:M46) -> 0
A47: 2007/08 | B47: ='[2]Russia Sun Oil Exports'!GR$88 -> 0 | C47: ='[2]Russia Sun Oil Exports'!GS$88 -> 0 | D47: ='[2]Russia Sun Oil Exports'!GT$88 -> 0 | E47: ='[2]Russia Sun Oil Exports'!GU$88 -> 0 | F47: ='[2]Russia Sun Oil Exports'!GV$88 -> 0 | G47: ='[2]Russia Sun Oil Exports'!GW$88 -> 0 | H47: ='[2]Russia Sun Oil Exports'!GX$88 -> 0 | I47: ='[2]Russia Sun Oil Exports'!GY$88 -> 0 | ... M47: ='[2]Russia Sun Oil Exports'!HC$88 -> 0 | N47: =SUM(B47:M47) -> 0 | P47: =D47+B47+C47 -> 0 | Q47: =SUM(E47:G47) -> 0 | R47: =SUM(H47:J47) -> 0 | S47: =SUM(K47:M47) -> 0
A48: 2008/09 | B48: ='[2]Russia Sun Oil Exports'!HD$88 -> 0 | C48: ='[2]Russia Sun Oil Exports'!HE$88 -> 0 | D48: ='[2]Russia Sun Oil Exports'!HF$88 -> 0 | E48: ='[2]Russia Sun Oil Exports'!HG$88 -> 0 | F48: ='[2]Russia Sun Oil Exports'!HH$88 -> 0 | G48: ='[2]Russia Sun Oil Exports'!HI$88 -> 0 | H48: ='[2]Russia Sun Oil Exports'!HJ$88 -> 0 | I48: ='[2]Russia Sun Oil Exports'!HK$88 -> 0 | ... M48: ='[2]Russia Sun Oil Exports'!HO$88 -> 0 | N48: =SUM(B48:M48) -> 0 | P48: =D48+B48+C48 -> 0 | Q48: =SUM(E48:G48) -> 0 | R48: =SUM(H48:J48) -> 0 | S48: =SUM(K48:M48) -> 0
A49: 2009/10 | B49: ='[2]Russia Sun Oil Exports'!HP$88 -> 0 | C49: ='[2]Russia Sun Oil Exports'!HQ$88 -> 0 | D49: ='[2]Russia Sun Oil Exports'!HR$88 -> 0 | E49: ='[2]Russia Sun Oil Exports'!HS$88 -> 0 | F49: ='[2]Russia Sun Oil Exports'!HT$88 -> 0 | G49: ='[2]Russia Sun Oil Exports'!HU$88 -> 0 | H49: ='[2]Russia Sun Oil Exports'!HV$88 -> 0 | I49: ='[2]Russia Sun Oil Exports'!HW$88 -> 0 | ... M49: ='[2]Russia Sun Oil Exports'!IA$88 -> 0 | N49: =SUM(B49:M49) -> 0 | P49: =D49+B49+C49 -> 0 | Q49: =SUM(E49:G49) -> 0 | R49: =SUM(H49:J49) -> 0 | S49: =SUM(K49:M49) -> 0
A50: 2010/11 | B50: ='[2]Russia Sun Oil Exports'!IB$88 -> 0 | C50: ='[2]Russia Sun Oil Exports'!IC$88 -> 0 | D50: ='[2]Russia Sun Oil Exports'!ID$88 -> 0 | E50: ='[2]Russia Sun Oil Exports'!IE$88 -> 0 | F50: ='[2]Russia Sun Oil Exports'!IF$88 -> 0 | G50: ='[2]Russia Sun Oil Exports'!IG$88 -> 0 | H50: ='[2]Russia Sun Oil Exports'!IH$88 -> 0 | I50: ='[2]Russia Sun Oil Exports'!II$88 -> 0 | ... M50: ='[2]Russia Sun Oil Exports'!IM$88 -> 0 | N50: =SUM(B50:M50) -> 0 | P50: =D50+B50+C50 -> 0 | Q50: =SUM(E50:G50) -> 0 | R50: =SUM(H50:J50) -> 0 | S50: =SUM(K50:M50) -> 0
A51: 2011/12 | B51: ='[2]Russia Sun Oil Exports'!IN$88 -> 0 | C51: ='[2]Russia Sun Oil Exports'!IO$88 -> 0 | D51: ='[2]Russia Sun Oil Exports'!IP$88 -> 0 | E51: ='[2]Russia Sun Oil Exports'!IQ$88 -> 0.014 | F51: ='[2]Russia Sun Oil Exports'!IR$88 -> 0 | G51: ='[2]Russia Sun Oil Exports'!IS$88 -> 0 | H51: ='[2]Russia Sun Oil Exports'!IT$88 -> 0 | I51: ='[2]Russia Sun Oil Exports'!IU$88 -> 0 | ... M51: ='[2]Russia Sun Oil Exports'!IY$88 -> 0 | N51: =SUM(B51:M51) -> 0.014 | P51: =D51+B51+C51 -> 0 | Q51: =SUM(E51:G51) -> 0.014 | R51: =SUM(H51:J51) -> 0 | S51: =SUM(K51:M51) -> 0
A52: 2012/13 | B52: ='[2]Russia Sun Oil Exports'!IZ$88 -> 0.025 | C52: ='[2]Russia Sun Oil Exports'!JA$88 -> 0 | D52: ='[2]Russia Sun Oil Exports'!JB$88 -> 0 | E52: ='[2]Russia Sun Oil Exports'!JC$88 -> 0.014 | F52: ='[2]Russia Sun Oil Exports'!JD$88 -> 0 | G52: ='[2]Russia Sun Oil Exports'!JE$88 -> 0 | H52: ='[2]Russia Sun Oil Exports'!JF$88 -> 0.026 | I52: ='[2]Russia Sun Oil Exports'!JG$88 -> 0 | ... M52: ='[2]Russia Sun Oil Exports'!JK$88 -> 0 | N52: =SUM(B52:M52) -> 2.217 | P52: =D52+B52+C52 -> 0.025 | Q52: =SUM(E52:G52) -> 0.014 | R52: =SUM(H52:J52) -> 0.643 | S52: =SUM(K52:M52) -> 1.535
A53: 2013/14 | B53: ='[2]Russia Sun Oil Exports'!JL$88 -> 0.996 | C53: ='[2]Russia Sun Oil Exports'!JM$88 -> 0.97 | D53: ='[2]Russia Sun Oil Exports'!JN$88 -> 0.045 | E53: ='[2]Russia Sun Oil Exports'!JO$88 -> 0.02 | F53: ='[2]Russia Sun Oil Exports'!JP$88 -> 0.025 | G53: ='[2]Russia Sun Oil Exports'!JQ$88 -> 0.028 | H53: ='[2]Russia Sun Oil Exports'!JR$88 -> 0.312 | I53: ='[2]Russia Sun Oil Exports'!JS$88 -> 2.401 | ... M53: ='[2]Russia Sun Oil Exports'!JW$88 -> 0.772 | N53: =SUM(B53:M53) -> 5.872 | P53: =D53+B53+C53 -> 2.011 | Q53: =SUM(E53:G53) -> 0.073 | R53: =SUM(H53:J53) -> 2.794 | S53: =SUM(K53:M53) -> 0.994
A54: 2014/15 | B54: ='[2]Russia Sun Oil Exports'!JX$88 -> 0.115 | C54: ='[2]Russia Sun Oil Exports'!JY$88 -> 2.647 | D54: ='[2]Russia Sun Oil Exports'!JZ$88 -> 3.38 | E54: ='[2]Russia Sun Oil Exports'!KA$88 -> 0.412 | F54: ='[2]Russia Sun Oil Exports'!KB$88 -> 3.236 | G54: ='[2]Russia Sun Oil Exports'!KC$88 -> 1.621 | H54: ='[2]Russia Sun Oil Exports'!KD$88 -> 3.277 | I54: ='[2]Russia Sun Oil Exports'!KE$88 -> 3.584 | ... M54: ='[2]Russia Sun Oil Exports'!KI$88 -> 0.223 | N54: =SUM(B54:M54) -> 23.164 | P54: =D54+B54+C54 -> 6.142 | Q54: =SUM(E54:G54) -> 5.269 | R54: =SUM(H54:J54) -> 7.624 | S54: =SUM(K54:M54) -> 4.129
A55: 2015/16 | B55: ='[2]Russia Sun Oil Exports'!KJ$88 -> 1.744 | C55: ='[2]Russia Sun Oil Exports'!KK$88 -> 7.481 | D55: ='[2]Russia Sun Oil Exports'!KL$88 -> 18.485 | E55: ='[2]Russia Sun Oil Exports'!KM$88 -> 11.706 | F55: ='[2]Russia Sun Oil Exports'!KN$88 -> 23.956 | G55: ='[2]Russia Sun Oil Exports'!KO$88 -> 14.077 | H55: ='[2]Russia Sun Oil Exports'!KP$88 -> 21.893 | I55: ='[2]Russia Sun Oil Exports'!KQ$88 -> 12.671 | ... M55: ='[2]Russia Sun Oil Exports'!KU$88 -> 2.179 | N55: =SUM(B55:M55) -> 134.481 | P55: =D55+B55+C55 -> 27.71 | Q55: =SUM(E55:G55) -> 49.739 | R55: =SUM(H55:J55) -> 43.239 | S55: =SUM(K55:M55) -> 13.793
A56: 2016/17 | B56: ='[2]Russia Sun Oil Exports'!KV$88 -> 7.299 | C56: ='[2]Russia Sun Oil Exports'!KW$88 -> 8.277 | D56: ='[2]Russia Sun Oil Exports'!KX$88 -> 7.232 | E56: ='[2]Russia Sun Oil Exports'!KY$88 -> 14.297 | F56: ='[2]Russia Sun Oil Exports'!KZ$88 -> 17.36 | G56: ='[2]Russia Sun Oil Exports'!LA$88 -> 4.311 | H56: ='[2]Russia Sun Oil Exports'!LB$88 -> 12.74 | I56: ='[2]Russia Sun Oil Exports'!LC$88 -> 3.161 | ... M56: ='[2]Russia Sun Oil Exports'!LG$88 -> 24.085128 | N56: =SUM(B56:M56) -> 126.51494 | P56: =D56+B56+C56 -> 22.808 | Q56: =SUM(E56:G56) -> 35.968 | R56: =SUM(H56:J56) -> 31.310669 | S56: =SUM(K56:M56) -> 36.428275
A57: 2017/18 | B57: ='[2]Russia Sun Oil Exports'!LH$88 -> 3.837667 | C57: ='[2]Russia Sun Oil Exports'!LI$88 -> 7.837426 | D57: ='[2]Russia Sun Oil Exports'!LJ$88 -> 32.368348 | E57: ='[2]Russia Sun Oil Exports'!LK$88 -> 2.499452 | F57: ='[2]Russia Sun Oil Exports'!LL$88 -> 30.60948 | G57: ='[2]Russia Sun Oil Exports'!LM$88 -> 17.762045 | H57: ='[2]Russia Sun Oil Exports'!LN$88 -> 1.739844 | I57: ='[2]Russia Sun Oil Exports'!LO$88 -> 26.574925 | ... M57: ='[2]Russia Sun Oil Exports'!LS$88 -> 11.555602 | N57: =SUM(B57:M57) -> 210.17817 | P57: =D57+B57+C57 -> 44.043441 | Q57: =SUM(E57:G57) -> 50.870977 | R57: =SUM(H57:J57) -> 65.028124 | S57: =SUM(K57:M57) -> 50.235628
A58: 2018/19 | B58: ='[2]Russia Sun Oil Exports'!LT$88 -> 3.182242 | C58: ='[2]Russia Sun Oil Exports'!LU$88 -> 5.741392 | D58: ='[2]Russia Sun Oil Exports'!LV$88 -> 27.527318 | E58: ='[2]Russia Sun Oil Exports'!LW$88 -> 8.196112 | F58: ='[2]Russia Sun Oil Exports'!LX$88 -> 15.457434 | G58: ='[2]Russia Sun Oil Exports'!LY$88 -> 12.801623 | H58: ='[2]Russia Sun Oil Exports'!LZ$88 -> 30.480912 | I58: ='[2]Russia Sun Oil Exports'!MA$88 -> 30.726984 | ... M58: ='[2]Russia Sun Oil Exports'!ME$88 -> 48.706209 | N58: =SUM(B58:M58) -> 279.62709 | P58: =D58+B58+C58 -> 36.450952 | Q58: =SUM(E58:G58) -> 36.455169 | R58: =SUM(H58:J58) -> 72.328895 | S58: =SUM(K58:M58) -> 134.39208
A59: 2019/20 | B59: ='[2]Russia Sun Oil Exports'!MF$88 -> 44.511987 | C59: ='[2]Russia Sun Oil Exports'!MG$88 -> 20.554194 | D59: ='[2]Russia Sun Oil Exports'!MH$88 -> 81.879011 | E59: ='[2]Russia Sun Oil Exports'!MI$88 -> 16.320573 | F59: ='[2]Russia Sun Oil Exports'!MJ$88 -> 71.140648 | G59: ='[2]Russia Sun Oil Exports'!MK$88 -> 100.52402 | H59: ='[2]Russia Sun Oil Exports'!ML$88 -> 64.654798 | I59: ='[2]Russia Sun Oil Exports'!MM$88 -> 66.90275 | ... M59: ='[2]Russia Sun Oil Exports'!MQ$88 -> 15.9804 | N59: =SUM(B59:M59) -> 741.88363 | P59: =D59+B59+C59 -> 146.94519 | Q59: =SUM(E59:G59) -> 187.98524 | R59: =SUM(H59:J59) -> 213.75567 | S59: =SUM(K59:M59) -> 193.19752
A60: 2020/21 | B60: ='[2]Russia Sun Oil Exports'!MR$88 -> 33.858013 | C60: ='[2]Russia Sun Oil Exports'!MS$88 -> 81.196948 | D60: ='[2]Russia Sun Oil Exports'!MT$88 -> 60.270864 | E60: ='[2]Russia Sun Oil Exports'!MU$88 -> 37.749 | F60: ='[2]Russia Sun Oil Exports'!MV$88 -> 18.911 | G60: ='[2]Russia Sun Oil Exports'!MW$88 -> 111.306 | H60: ='[2]Russia Sun Oil Exports'!MX$88 -> 49.785 | I60: ='[2]Russia Sun Oil Exports'!MY$88 -> 6.606 | ... M60: ='[2]Russia Sun Oil Exports'!NC$88 -> 0.25 | N60: =SUM(B60:M60) -> 421.78783 | P60: =D60+B60+C60 -> 175.32583 | Q60: =SUM(E60:G60) -> 167.966 | R60: =SUM(H60:J60) -> 64.2 | S60: =SUM(K60:M60) -> 14.296
A61: UKRAINE SUNFLOWER OIL EXPORTS TO CHINA
A62: 1993/94
A63: 1994/95 | B63: ='[2]Ukraine Sun Oil Exports'!AS$88 -> 0 | C63: ='[2]Ukraine Sun Oil Exports'!AT$88 -> 0 | D63: ='[2]Ukraine Sun Oil Exports'!AU$88 -> 0 | E63: ='[2]Ukraine Sun Oil Exports'!AV$88 -> 0 | F63: ='[2]Ukraine Sun Oil Exports'!AW$88 -> 0 | G63: ='[2]Ukraine Sun Oil Exports'!AX$88 -> 0 | H63: ='[2]Ukraine Sun Oil Exports'!AY$88 -> 0 | I63: ='[2]Ukraine Sun Oil Exports'!AZ$88 -> 0 | ... M63: ='[2]Ukraine Sun Oil Exports'!BD$88 -> 0 | N63: =SUM(B63:M63) -> 0 | P63: =D63+B63+C63 -> 0 | Q63: =SUM(E63:G63) -> 0 | R63: =SUM(H63:J63) -> 0 | S63: =SUM(K63:M63) -> 0
A64: 1995/96 | B64: ='[2]Ukraine Sun Oil Exports'!BE$88 -> 0 | C64: ='[2]Ukraine Sun Oil Exports'!BF$88 -> 0 | D64: ='[2]Ukraine Sun Oil Exports'!BG$88 -> 0 | E64: ='[2]Ukraine Sun Oil Exports'!BH$88 -> 0 | F64: ='[2]Ukraine Sun Oil Exports'!BI$88 -> 0 | G64: ='[2]Ukraine Sun Oil Exports'!BJ$88 -> 0 | H64: ='[2]Ukraine Sun Oil Exports'!BK$88 -> 0 | I64: ='[2]Ukraine Sun Oil Exports'!BL$88 -> 0 | ... M64: ='[2]Ukraine Sun Oil Exports'!BP$88 -> 0 | N64: =SUM(B64:M64) -> 0 | P64: =D64+B64+C64 -> 0 | Q64: =SUM(E64:G64) -> 0 | R64: =SUM(H64:J64) -> 0 | S64: =SUM(K64:M64) -> 0
A65: 1996/97 | B65: ='[2]Ukraine Sun Oil Exports'!BQ$88 -> 0 | C65: ='[2]Ukraine Sun Oil Exports'!BR$88 -> 0 | D65: ='[2]Ukraine Sun Oil Exports'!BS$88 -> 0 | E65: ='[2]Ukraine Sun Oil Exports'!BT$88 -> 0 | F65: ='[2]Ukraine Sun Oil Exports'!BU$88 -> 0 | G65: ='[2]Ukraine Sun Oil Exports'!BV$88 -> 0 | H65: ='[2]Ukraine Sun Oil Exports'!BW$88 -> 0 | I65: ='[2]Ukraine Sun Oil Exports'!BX$88 -> 0 | ... M65: ='[2]Ukraine Sun Oil Exports'!CB$88 -> 0 | N65: =SUM(B65:M65) -> 0 | P65: =D65+B65+C65 -> 0 | Q65: =SUM(E65:G65) -> 0 | R65: =SUM(H65:J65) -> 0 | S65: =SUM(K65:M65) -> 0
A66: 1997/98 | B66: ='[2]Ukraine Sun Oil Exports'!CC$88 -> 0 | C66: ='[2]Ukraine Sun Oil Exports'!CD$88 -> 0 | D66: ='[2]Ukraine Sun Oil Exports'!CE$88 -> 0 | E66: ='[2]Ukraine Sun Oil Exports'!CF$88 -> 0 | F66: ='[2]Ukraine Sun Oil Exports'!CG$88 -> 0 | G66: ='[2]Ukraine Sun Oil Exports'!CH$88 -> 0 | H66: ='[2]Ukraine Sun Oil Exports'!CI$88 -> 0 | I66: ='[2]Ukraine Sun Oil Exports'!CJ$88 -> 0 | ... M66: ='[2]Ukraine Sun Oil Exports'!CN$88 -> 0 | N66: =SUM(B66:M66) -> 0 | P66: =D66+B66+C66 -> 0 | Q66: =SUM(E66:G66) -> 0 | R66: =SUM(H66:J66) -> 0 | S66: =SUM(K66:M66) -> 0
A67: 1998/99 | B67: ='[2]Ukraine Sun Oil Exports'!CO$88 -> 0 | C67: ='[2]Ukraine Sun Oil Exports'!CP$88 -> 0 | D67: ='[2]Ukraine Sun Oil Exports'!CQ$88 -> 0 | E67: ='[2]Ukraine Sun Oil Exports'!CR$88 -> 0 | F67: ='[2]Ukraine Sun Oil Exports'!CS$88 -> 0 | G67: ='[2]Ukraine Sun Oil Exports'!CT$88 -> 0 | H67: ='[2]Ukraine Sun Oil Exports'!CU$88 -> 0 | I67: ='[2]Ukraine Sun Oil Exports'!CV$88 -> 0 | ... M67: ='[2]Ukraine Sun Oil Exports'!CZ$88 -> 0 | N67: =SUM(B67:M67) -> 0 | P67: =D67+B67+C67 -> 0 | Q67: =SUM(E67:G67) -> 0 | R67: =SUM(H67:J67) -> 0 | S67: =SUM(K67:M67) -> 0
A68: 1999/00 | B68: ='[2]Ukraine Sun Oil Exports'!DA$88 -> 0 | C68: ='[2]Ukraine Sun Oil Exports'!DB$88 -> 0 | D68: ='[2]Ukraine Sun Oil Exports'!DC$88 -> 0 | E68: ='[2]Ukraine Sun Oil Exports'!DD$88 -> 0 | F68: ='[2]Ukraine Sun Oil Exports'!DE$88 -> 0 | G68: ='[2]Ukraine Sun Oil Exports'!DF$88 -> 0 | H68: ='[2]Ukraine Sun Oil Exports'!DG$88 -> 0 | I68: ='[2]Ukraine Sun Oil Exports'!DH$88 -> 0 | ... M68: ='[2]Ukraine Sun Oil Exports'!DL$88 -> 0 | N68: =SUM(B68:M68) -> 0 | P68: =D68+B68+C68 -> 0 | Q68: =SUM(E68:G68) -> 0 | R68: =SUM(H68:J68) -> 0 | S68: =SUM(K68:M68) -> 0
A69: 2000/01 | B69: ='[2]Ukraine Sun Oil Exports'!DM$88 -> 0 | C69: ='[2]Ukraine Sun Oil Exports'!DN$88 -> 0 | D69: ='[2]Ukraine Sun Oil Exports'!DO$88 -> 0 | E69: ='[2]Ukraine Sun Oil Exports'!DP$88 -> 0 | F69: ='[2]Ukraine Sun Oil Exports'!DQ$88 -> 0 | G69: ='[2]Ukraine Sun Oil Exports'!DR$88 -> 0 | H69: ='[2]Ukraine Sun Oil Exports'!DS$88 -> 0 | I69: ='[2]Ukraine Sun Oil Exports'!DT$88 -> 0 | ... M69: ='[2]Ukraine Sun Oil Exports'!DX$88 -> 0 | N69: =SUM(B69:M69) -> 0 | P69: =D69+B69+C69 -> 0 | Q69: =SUM(E69:G69) -> 0 | R69: =SUM(H69:J69) -> 0 | S69: =SUM(K69:M69) -> 0
A70: 2001/02 | B70: ='[2]Ukraine Sun Oil Exports'!DY$88 -> 0 | C70: ='[2]Ukraine Sun Oil Exports'!DZ$88 -> 0 | D70: ='[2]Ukraine Sun Oil Exports'!EA$88 -> 0 | E70: ='[2]Ukraine Sun Oil Exports'!EB$88 -> 0 | F70: ='[2]Ukraine Sun Oil Exports'!EC$88 -> 0 | G70: ='[2]Ukraine Sun Oil Exports'!ED$88 -> 0 | H70: ='[2]Ukraine Sun Oil Exports'!EE$88 -> 0 | I70: ='[2]Ukraine Sun Oil Exports'!EF$88 -> 0 | ... M70: ='[2]Ukraine Sun Oil Exports'!EJ$88 -> 0 | N70: =SUM(B70:M70) -> 0 | P70: =D70+B70+C70 -> 0 | Q70: =SUM(E70:G70) -> 0 | R70: =SUM(H70:J70) -> 0 | S70: =SUM(K70:M70) -> 0
A71: 2002/03 | B71: ='[2]Ukraine Sun Oil Exports'!EK$88 -> 0 | C71: ='[2]Ukraine Sun Oil Exports'!EL$88 -> 0 | D71: ='[2]Ukraine Sun Oil Exports'!EM$88 -> 0 | E71: ='[2]Ukraine Sun Oil Exports'!EN$88 -> 0 | F71: ='[2]Ukraine Sun Oil Exports'!EO$88 -> 0 | G71: ='[2]Ukraine Sun Oil Exports'!EP$88 -> 0 | H71: ='[2]Ukraine Sun Oil Exports'!EQ$88 -> 0 | I71: ='[2]Ukraine Sun Oil Exports'!ER$88 -> 0 | ... M71: ='[2]Ukraine Sun Oil Exports'!EV$88 -> 0 | N71: =SUM(B71:M71) -> 0 | P71: =D71+B71+C71 -> 0 | Q71: =SUM(E71:G71) -> 0 | R71: =SUM(H71:J71) -> 0 | S71: =SUM(K71:M71) -> 0
A72: 2003/04 | B72: ='[2]Ukraine Sun Oil Exports'!EW$88 -> 0 | C72: ='[2]Ukraine Sun Oil Exports'!EX$88 -> 0 | D72: ='[2]Ukraine Sun Oil Exports'!EY$88 -> 0 | E72: ='[2]Ukraine Sun Oil Exports'!EZ$88 -> 0 | F72: ='[2]Ukraine Sun Oil Exports'!FA$88 -> 0 | G72: ='[2]Ukraine Sun Oil Exports'!FB$88 -> 0 | H72: ='[2]Ukraine Sun Oil Exports'!FC$88 -> 0 | I72: ='[2]Ukraine Sun Oil Exports'!FD$88 -> 0 | ... M72: ='[2]Ukraine Sun Oil Exports'!FH$88 -> 0 | N72: =SUM(B72:M72) -> 0 | P72: =D72+B72+C72 -> 0 | Q72: =SUM(E72:G72) -> 0 | R72: =SUM(H72:J72) -> 0 | S72: =SUM(K72:M72) -> 0
A73: 2004/05 | B73: ='[2]Ukraine Sun Oil Exports'!FI$88 -> 0 | C73: ='[2]Ukraine Sun Oil Exports'!FJ$88 -> 0 | D73: ='[2]Ukraine Sun Oil Exports'!FK$88 -> 0 | E73: ='[2]Ukraine Sun Oil Exports'!FL$88 -> 0 | F73: ='[2]Ukraine Sun Oil Exports'!FM$88 -> 0 | G73: ='[2]Ukraine Sun Oil Exports'!FN$88 -> 0 | H73: ='[2]Ukraine Sun Oil Exports'!FO$88 -> 0 | I73: ='[2]Ukraine Sun Oil Exports'!FP$88 -> 0 | ... M73: ='[2]Ukraine Sun Oil Exports'!FT$88 -> 0 | N73: =SUM(B73:M73) -> 0 | P73: =D73+B73+C73 -> 0 | Q73: =SUM(E73:G73) -> 0 | R73: =SUM(H73:J73) -> 0 | S73: =SUM(K73:M73) -> 0
A74: 2005/06 | B74: ='[2]Ukraine Sun Oil Exports'!FU$88 -> 0 | C74: ='[2]Ukraine Sun Oil Exports'!FV$88 -> 0 | D74: ='[2]Ukraine Sun Oil Exports'!FW$88 -> 0 | E74: ='[2]Ukraine Sun Oil Exports'!FX$88 -> 0 | F74: ='[2]Ukraine Sun Oil Exports'!FY$88 -> 0 | G74: ='[2]Ukraine Sun Oil Exports'!FZ$88 -> 0 | H74: ='[2]Ukraine Sun Oil Exports'!GA$88 -> 0 | I74: ='[2]Ukraine Sun Oil Exports'!GB$88 -> 0 | ... M74: ='[2]Ukraine Sun Oil Exports'!GF$88 -> 0 | N74: =SUM(B74:M74) -> 0 | P74: =D74+B74+C74 -> 0 | Q74: =SUM(E74:G74) -> 0 | R74: =SUM(H74:J74) -> 0 | S74: =SUM(K74:M74) -> 0
A75: 2006/07 | B75: ='[2]Ukraine Sun Oil Exports'!GG$88 -> 0 | C75: ='[2]Ukraine Sun Oil Exports'!GH$88 -> 0 | D75: ='[2]Ukraine Sun Oil Exports'!GI$88 -> 0 | E75: ='[2]Ukraine Sun Oil Exports'!GJ$88 -> 0 | F75: ='[2]Ukraine Sun Oil Exports'!GK$88 -> 0 | G75: ='[2]Ukraine Sun Oil Exports'!GL$88 -> 0 | H75: ='[2]Ukraine Sun Oil Exports'!GM$88 -> 0 | I75: ='[2]Ukraine Sun Oil Exports'!GN$88 -> 0 | ... M75: ='[2]Ukraine Sun Oil Exports'!GR$88 -> 0 | N75: =SUM(B75:M75) -> 0 | P75: =D75+B75+C75 -> 0 | Q75: =SUM(E75:G75) -> 0 | R75: =SUM(H75:J75) -> 0 | S75: =SUM(K75:M75) -> 0
A76: 2007/08 | B76: ='[2]Ukraine Sun Oil Exports'!GS$88 -> 0 | C76: ='[2]Ukraine Sun Oil Exports'!GT$88 -> 0 | D76: ='[2]Ukraine Sun Oil Exports'!GU$88 -> 0 | E76: ='[2]Ukraine Sun Oil Exports'!GV$88 -> 0 | F76: ='[2]Ukraine Sun Oil Exports'!GW$88 -> 0 | G76: ='[2]Ukraine Sun Oil Exports'!GX$88 -> 0 | H76: ='[2]Ukraine Sun Oil Exports'!GY$88 -> 0 | I76: ='[2]Ukraine Sun Oil Exports'!GZ$88 -> 0 | ... M76: ='[2]Ukraine Sun Oil Exports'!HD$88 -> 0 | N76: =SUM(B76:M76) -> 0 | P76: =D76+B76+C76 -> 0 | Q76: =SUM(E76:G76) -> 0 | R76: =SUM(H76:J76) -> 0 | S76: =SUM(K76:M76) -> 0
A77: 2008/09 | B77: ='[2]Ukraine Sun Oil Exports'!HE$88 -> 0 | C77: ='[2]Ukraine Sun Oil Exports'!HF$88 -> 0 | D77: ='[2]Ukraine Sun Oil Exports'!HG$88 -> 0 | E77: ='[2]Ukraine Sun Oil Exports'!HH$88 -> 0 | F77: ='[2]Ukraine Sun Oil Exports'!HI$88 -> 0 | G77: ='[2]Ukraine Sun Oil Exports'!HJ$88 -> 0.027 | H77: ='[2]Ukraine Sun Oil Exports'!HK$88 -> 0 | I77: ='[2]Ukraine Sun Oil Exports'!HL$88 -> 0.026 | ... M77: ='[2]Ukraine Sun Oil Exports'!HP$88 -> 0 | N77: =SUM(B77:M77) -> 0.079 | P77: =D77+B77+C77 -> 0 | Q77: =SUM(E77:G77) -> 0.027 | R77: =SUM(H77:J77) -> 0.026 | S77: =SUM(K77:M77) -> 0.026
A78: 2009/10 | B78: ='[2]Ukraine Sun Oil Exports'!HQ$88 -> 0.021 | C78: ='[2]Ukraine Sun Oil Exports'!HR$88 -> 0 | D78: ='[2]Ukraine Sun Oil Exports'!HS$88 -> 0.021 | E78: ='[2]Ukraine Sun Oil Exports'!HT$88 -> 0.387 | F78: ='[2]Ukraine Sun Oil Exports'!HU$88 -> 1.085 | G78: ='[2]Ukraine Sun Oil Exports'!HV$88 -> 1.064 | H78: ='[2]Ukraine Sun Oil Exports'!HW$88 -> 0.849 | I78: ='[2]Ukraine Sun Oil Exports'!HX$88 -> 0.304 | ... M78: ='[2]Ukraine Sun Oil Exports'!IB$88 -> 0 | N78: =SUM(B78:M78) -> 36.212 | P78: =D78+B78+C78 -> 0.042 | Q78: =SUM(E78:G78) -> 2.536 | R78: =SUM(H78:J78) -> 19.633 | S78: =SUM(K78:M78) -> 14.001
A79: 2010/11 | B79: ='[2]Ukraine Sun Oil Exports'!IC$88 -> 0 | C79: ='[2]Ukraine Sun Oil Exports'!ID$88 -> 0.563 | D79: ='[2]Ukraine Sun Oil Exports'!IE$88 -> 0.981 | E79: ='[2]Ukraine Sun Oil Exports'!IF$88 -> 0 | F79: ='[2]Ukraine Sun Oil Exports'!IG$88 -> 0.529 | G79: ='[2]Ukraine Sun Oil Exports'!IH$88 -> 1.027 | H79: ='[2]Ukraine Sun Oil Exports'!II$88 -> 2.585 | I79: ='[2]Ukraine Sun Oil Exports'!IJ$88 -> 3.133 | ... M79: ='[2]Ukraine Sun Oil Exports'!IN$88 -> 2.37 | N79: =SUM(B79:M79) -> 12.704 | P79: =D79+B79+C79 -> 1.544 | Q79: =SUM(E79:G79) -> 1.556 | R79: =SUM(H79:J79) -> 5.718 | S79: =SUM(K79:M79) -> 3.886
A80: 2011/12 | B80: ='[2]Ukraine Sun Oil Exports'!IO$88 -> 27.594 | C80: ='[2]Ukraine Sun Oil Exports'!IP$88 -> 16.763 | D80: ='[2]Ukraine Sun Oil Exports'!IQ$88 -> 28.616 | E80: ='[2]Ukraine Sun Oil Exports'!IR$88 -> 0.064 | F80: ='[2]Ukraine Sun Oil Exports'!IS$88 -> 1.51 | G80: ='[2]Ukraine Sun Oil Exports'!IT$88 -> 3.477 | H80: ='[2]Ukraine Sun Oil Exports'!IU$88 -> 1.998 | I80: ='[2]Ukraine Sun Oil Exports'!IV$88 -> 2.652 | ... M80: ='[2]Ukraine Sun Oil Exports'!IZ$88 -> 0.439 | N80: =SUM(B80:M80) -> 94.818 | P80: =D80+B80+C80 -> 72.973 | Q80: =SUM(E80:G80) -> 5.051 | R80: =SUM(H80:J80) -> 9.767 | S80: =SUM(K80:M80) -> 7.027
A81: 2012/13 | B81: ='[2]Ukraine Sun Oil Exports'!JA$88 -> 28.776 | C81: ='[2]Ukraine Sun Oil Exports'!JB$88 -> 6.122 | D81: ='[2]Ukraine Sun Oil Exports'!JC$88 -> 2.794 | E81: ='[2]Ukraine Sun Oil Exports'!JD$88 -> 4.866 | F81: ='[2]Ukraine Sun Oil Exports'!JE$88 -> 57.759 | G81: ='[2]Ukraine Sun Oil Exports'!JF$88 -> 39.269 | H81: ='[2]Ukraine Sun Oil Exports'!JG$88 -> 31.067 | I81: ='[2]Ukraine Sun Oil Exports'!JH$88 -> 33.229 | ... M81: ='[2]Ukraine Sun Oil Exports'!JL$88 -> 3.589 | N81: =SUM(B81:M81) -> 290.72 | P81: =D81+B81+C81 -> 37.692 | Q81: =SUM(E81:G81) -> 101.894 | R81: =SUM(H81:J81) -> 139.582 | S81: =SUM(K81:M81) -> 11.552
A82: 2013/14 | B82: ='[2]Ukraine Sun Oil Exports'!JM$88 -> 105.09 | C82: ='[2]Ukraine Sun Oil Exports'!JN$88 -> 49.985 | D82: ='[2]Ukraine Sun Oil Exports'!JO$88 -> 26.88 | E82: ='[2]Ukraine Sun Oil Exports'!JP$88 -> 26.852 | F82: ='[2]Ukraine Sun Oil Exports'!JQ$88 -> 16.372 | G82: ='[2]Ukraine Sun Oil Exports'!JR$88 -> 94.931 | H82: ='[2]Ukraine Sun Oil Exports'!JS$88 -> 59.05 | I82: ='[2]Ukraine Sun Oil Exports'!JT$88 -> 101.588 | ... M82: ='[2]Ukraine Sun Oil Exports'!JX$88 -> 3.647 | N82: =SUM(B82:M82) -> 500.77 | P82: =D82+B82+C82 -> 181.955 | Q82: =SUM(E82:G82) -> 138.155 | R82: =SUM(H82:J82) -> 171.08 | S82: =SUM(K82:M82) -> 9.58
A83: 2014/15 | B83: ='[2]Ukraine Sun Oil Exports'!JY$88 -> 9.791 | C83: ='[2]Ukraine Sun Oil Exports'!JZ$88 -> 37.226 | D83: ='[2]Ukraine Sun Oil Exports'!KA$88 -> 34.657 | E83: ='[2]Ukraine Sun Oil Exports'!KB$88 -> 87.78 | F83: ='[2]Ukraine Sun Oil Exports'!KC$88 -> 22.692 | G83: ='[2]Ukraine Sun Oil Exports'!KD$88 -> 95.765 | H83: ='[2]Ukraine Sun Oil Exports'!KE$88 -> 71.06 | I83: ='[2]Ukraine Sun Oil Exports'!KF$88 -> 13.493 | ... M83: ='[2]Ukraine Sun Oil Exports'!KJ$88 -> 18.795 | N83: =SUM(B83:M83) -> 466.614 | P83: =D83+B83+C83 -> 81.674 | Q83: =SUM(E83:G83) -> 206.237 | R83: =SUM(H83:J83) -> 123.315 | S83: =SUM(K83:M83) -> 55.388
A84: 2015/16 | B84: ='[2]Ukraine Sun Oil Exports'!KK$88 -> 52.852 | C84: ='[2]Ukraine Sun Oil Exports'!KL$88 -> 78.703 | D84: ='[2]Ukraine Sun Oil Exports'!KM$88 -> 62.564 | E84: ='[2]Ukraine Sun Oil Exports'!KN$88 -> 58.277 | F84: ='[2]Ukraine Sun Oil Exports'!KO$88 -> 17.18 | G84: ='[2]Ukraine Sun Oil Exports'!KP$88 -> 64.105 | H84: ='[2]Ukraine Sun Oil Exports'!KQ$88 -> 64.84 | I84: ='[2]Ukraine Sun Oil Exports'!KR$88 -> 44.196 | ... M84: ='[2]Ukraine Sun Oil Exports'!KV$88 -> 28.404 | N84: =SUM(B84:M84) -> 627.163 | P84: =D84+B84+C84 -> 194.119 | Q84: =SUM(E84:G84) -> 139.562 | R84: =SUM(H84:J84) -> 164.758 | S84: =SUM(K84:M84) -> 128.724
A85: 2016/17 | B85: ='[2]Ukraine Sun Oil Exports'!KW$88 -> 112.918 | C85: ='[2]Ukraine Sun Oil Exports'!KX$88 -> 42.856 | D85: ='[2]Ukraine Sun Oil Exports'!KY$88 -> 44.553 | E85: ='[2]Ukraine Sun Oil Exports'!KZ$88 -> 8.866 | F85: ='[2]Ukraine Sun Oil Exports'!LA$88 -> 58.229 | G85: ='[2]Ukraine Sun Oil Exports'!LB$88 -> 88.951 | H85: ='[2]Ukraine Sun Oil Exports'!LC$88 -> 41.77 | I85: ='[2]Ukraine Sun Oil Exports'!LD$88 -> 34.455 | ... M85: ='[2]Ukraine Sun Oil Exports'!LH$88 -> 73.052077 | N85: =SUM(B85:M85) -> 632.4859 | P85: =D85+B85+C85 -> 200.327 | Q85: =SUM(E85:G85) -> 156.046 | R85: =SUM(H85:J85) -> 114.67393 | S85: =SUM(K85:M85) -> 161.43897
A86: 2017/18 | B86: ='[2]Ukraine Sun Oil Exports'!LI$88 -> 94.07045 | C86: ='[2]Ukraine Sun Oil Exports'!LJ$88 -> 29.848236 | D86: ='[2]Ukraine Sun Oil Exports'!LK$88 -> 60.297917 | E86: ='[2]Ukraine Sun Oil Exports'!LL$88 -> 0.766755 | F86: ='[2]Ukraine Sun Oil Exports'!LM$88 -> 2.475994 | G86: ='[2]Ukraine Sun Oil Exports'!LN$88 -> 57.44435 | H86: ='[2]Ukraine Sun Oil Exports'!LO$88 -> 53.396074 | I86: ='[2]Ukraine Sun Oil Exports'!LP$88 -> 22.366932 | ... M86: ='[2]Ukraine Sun Oil Exports'!LT$88 -> 17.640275 | N86: =SUM(B86:M86) -> 425.91853 | P86: =D86+B86+C86 -> 184.2166 | Q86: =SUM(E86:G86) -> 60.687099 | R86: =SUM(H86:J86) -> 95.704408 | S86: =SUM(K86:M86) -> 85.31042
A87: 2018/19 | B87: ='[2]Ukraine Sun Oil Exports'!LU$88 -> 66.495492 | C87: ='[2]Ukraine Sun Oil Exports'!LV$88 -> 87.396906 | D87: ='[2]Ukraine Sun Oil Exports'!LW$88 -> 71.043999 | E87: ='[2]Ukraine Sun Oil Exports'!LX$88 -> 55.92259 | F87: ='[2]Ukraine Sun Oil Exports'!LY$88 -> 2.87506 | G87: ='[2]Ukraine Sun Oil Exports'!LZ$88 -> 102.67037 | H87: ='[2]Ukraine Sun Oil Exports'!MA$88 -> 79.750661 | I87: ='[2]Ukraine Sun Oil Exports'!MB$88 -> 98.734819 | ... M87: ='[2]Ukraine Sun Oil Exports'!MF$88 -> 27.516069 | N87: =SUM(B87:M87) -> 810.16552 | P87: =D87+B87+C87 -> 224.9364 | Q87: =SUM(E87:G87) -> 161.46802 | R87: =SUM(H87:J87) -> 248.90608 | S87: =SUM(K87:M87) -> 174.85503
A88: 2019/20 | B88: ='[2]Ukraine Sun Oil Exports'!MG$88 -> 140.78252 | C88: ='[2]Ukraine Sun Oil Exports'!MH$88 -> 86.061801 | D88: ='[2]Ukraine Sun Oil Exports'!MI$88 -> 55.235085 | E88: ='[2]Ukraine Sun Oil Exports'!MJ$88 -> 84.807394 | F88: ='[2]Ukraine Sun Oil Exports'!MK$88 -> 9.531296 | G88: ='[2]Ukraine Sun Oil Exports'!ML$88 -> 131.1985 | H88: ='[2]Ukraine Sun Oil Exports'!MM$88 -> 89.693644 | I88: ='[2]Ukraine Sun Oil Exports'!MN$88 -> 121.70476 | ... M88: ='[2]Ukraine Sun Oil Exports'!MR$88 -> 100.76227 | N88: =SUM(B88:M88) -> 1062.8664 | P88: =D88+B88+C88 -> 282.07941 | Q88: =SUM(E88:G88) -> 225.53719 | R88: =SUM(H88:J88) -> 300.82703 | S88: =SUM(K88:M88) -> 254.42273
A89: 2020/21 | B89: ='[2]Ukraine Sun Oil Exports'!MS$88 -> 89.610419 | C89: ='[2]Ukraine Sun Oil Exports'!MT$88 -> 313.15111 | D89: ='[2]Ukraine Sun Oil Exports'!MU$88 -> 71.0773 | E89: ='[2]Ukraine Sun Oil Exports'!MV$88 -> 126.91 | F89: ='[2]Ukraine Sun Oil Exports'!MW$88 -> 81.826 | G89: ='[2]Ukraine Sun Oil Exports'!MX$88 -> 58.439 | H89: ='[2]Ukraine Sun Oil Exports'!MY$88 -> 37.558 | I89: ='[2]Ukraine Sun Oil Exports'!MZ$88 -> 77.67 | ... M89: ='[2]Ukraine Sun Oil Exports'!ND$88 -> 17.782 | N89: =SUM(B89:M89) -> 977.20783 | P89: =D89+B89+C89 -> 473.83883 | Q89: =SUM(E89:G89) -> 267.175 | R89: =SUM(H89:J89) -> 169.662 | S89: =SUM(K89:M89) -> 66.532
A90: EUROPE, RUSSIA, AND UKRAINE SUNFLOWER OIL EXPORTS TO CHINA
A91: 1993/94
A92: 1994/95 | B92: =B5+B34+B63 -> 0 | C92: =C5+C34+C63 -> 0 | D92: =D5+D34+D63 -> 0 | E92: =E5+E34+E63 -> 0 | F92: =F5+F34+F63 -> 0 | G92: =G5+G34+G63 -> 0 | H92: =H5+H34+H63 -> 0 | I92: =I5+I34+I63 -> 0 | ... M92: =M5+M34+M63 -> 0 | N92: =SUM(B92:M92) -> 0 | P92: =D92+B92+C92 -> 0 | Q92: =SUM(E92:G92) -> 0 | R92: =SUM(H92:J92) -> 0 | S92: =SUM(K92:M92) -> 0
A93: 1995/96 | B93: =B6+B35+B64 -> 0 | C93: =C6+C35+C64 -> 0 | D93: =D6+D35+D64 -> 0 | E93: =E6+E35+E64 -> 0 | F93: =F6+F35+F64 -> 0 | G93: =G6+G35+G64 -> 0 | H93: =H6+H35+H64 -> 0 | I93: =I6+I35+I64 -> 0 | ... M93: =M6+M35+M64 -> 0 | N93: =SUM(B93:M93) -> 0 | P93: =D93+B93+C93 -> 0 | Q93: =SUM(E93:G93) -> 0 | R93: =SUM(H93:J93) -> 0 | S93: =SUM(K93:M93) -> 0
A94: 1996/97 | B94: =B7+B36+B65 -> 0 | C94: =C7+C36+C65 -> 0 | D94: =D7+D36+D65 -> 0 | E94: =E7+E36+E65 -> 1.505 | F94: =F7+F36+F65 -> 0.853 | G94: =G7+G36+G65 -> 0 | H94: =H7+H36+H65 -> 0 | I94: =I7+I36+I65 -> 0 | ... M94: =M7+M36+M65 -> 0 | N94: =SUM(B94:M94) -> 2.358 | P94: =D94+B94+C94 -> 0 | Q94: =SUM(E94:G94) -> 2.358 | R94: =SUM(H94:J94) -> 0 | S94: =SUM(K94:M94) -> 0
A95: 1997/98 | B95: =B8+B37+B66 -> 0 | C95: =C8+C37+C66 -> 0.019 | D95: =D8+D37+D66 -> 0 | E95: =E8+E37+E66 -> 0 | F95: =F8+F37+F66 -> 0 | G95: =G8+G37+G66 -> 0 | H95: =H8+H37+H66 -> 0 | I95: =I8+I37+I66 -> 0 | ... M95: =M8+M37+M66 -> 0 | N95: =SUM(B95:M95) -> 0.019 | P95: =D95+B95+C95 -> 0.019 | Q95: =SUM(E95:G95) -> 0 | R95: =SUM(H95:J95) -> 0 | S95: =SUM(K95:M95) -> 0
A96: 1998/99 | B96: =B9+B38+B67 -> 0 | C96: =C9+C38+C67 -> 0 | D96: =D9+D38+D67 -> 0 | E96: =E9+E38+E67 -> 0 | F96: =F9+F38+F67 -> 0 | G96: =G9+G38+G67 -> 0 | H96: =H9+H38+H67 -> 0 | I96: =I9+I38+I67 -> 0 | ... M96: =M9+M38+M67 -> 0 | N96: =SUM(B96:M96) -> 0 | P96: =D96+B96+C96 -> 0 | Q96: =SUM(E96:G96) -> 0 | R96: =SUM(H96:J96) -> 0 | S96: =SUM(K96:M96) -> 0
A97: 1999/00 | B97: =B10+B39+B68 -> 0 | C97: =C10+C39+C68 -> 0 | D97: =D10+D39+D68 -> 0 | E97: =E10+E39+E68 -> 0 | F97: =F10+F39+F68 -> 0.004 | G97: =G10+G39+G68 -> 0 | H97: =H10+H39+H68 -> 0 | I97: =I10+I39+I68 -> 0 | ... M97: =M10+M39+M68 -> 0 | N97: =SUM(B97:M97) -> 0.004 | P97: =D97+B97+C97 -> 0 | Q97: =SUM(E97:G97) -> 0.004 | R97: =SUM(H97:J97) -> 0 | S97: =SUM(K97:M97) -> 0
A98: 2000/01 | B98: =B11+B40+B69 -> 1.5e-05 | C98: =C11+C40+C69 -> 0 | D98: =D11+D40+D69 -> 0 | E98: =E11+E40+E69 -> 0 | F98: =F11+F40+F69 -> 0 | G98: =G11+G40+G69 -> 0 | H98: =H11+H40+H69 -> 0 | I98: =I11+I40+I69 -> 0 | ... M98: =M11+M40+M69 -> 0 | N98: =SUM(B98:M98) -> 1.5e-05 | P98: =D98+B98+C98 -> 1.5e-05 | Q98: =SUM(E98:G98) -> 0 | R98: =SUM(H98:J98) -> 0 | S98: =SUM(K98:M98) -> 0
A99: 2001/02 | B99: =B12+B41+B70 -> 0 | C99: =C12+C41+C70 -> 0.001 | D99: =D12+D41+D70 -> 0 | E99: =E12+E41+E70 -> 0 | F99: =F12+F41+F70 -> 0 | G99: =G12+G41+G70 -> 0 | H99: =H12+H41+H70 -> 0 | I99: =I12+I41+I70 -> 0 | ... M99: =M12+M41+M70 -> 0 | N99: =SUM(B99:M99) -> 0.001 | P99: =D99+B99+C99 -> 0.001 | Q99: =SUM(E99:G99) -> 0 | R99: =SUM(H99:J99) -> 0 | S99: =SUM(K99:M99) -> 0
A100: 2002/03 | B100: =B13+B42+B71 -> 0 | C100: =C13+C42+C71 -> 0.002 | D100: =D13+D42+D71 -> 0 | E100: =E13+E42+E71 -> 0 | F100: =F13+F42+F71 -> 0.001 | G100: =G13+G42+G71 -> 0 | H100: =H13+H42+H71 -> 0.001 | I100: =I13+I42+I71 -> 0.001 | ... M100: =M13+M42+M71 -> 0.004 | N100: =SUM(B100:M100) -> 0.012 | P100: =D100+B100+C100 -> 0.002 | Q100: =SUM(E100:G100) -> 0.001 | R100: =SUM(H100:J100) -> 0.002 | S100: =SUM(K100:M100) -> 0.007
A101: 2003/04 | B101: =B14+B43+B72 -> 0.063 | C101: =C14+C43+C72 -> 0 | D101: =D14+D43+D72 -> 0 | E101: =E14+E43+E72 -> 0 | F101: =F14+F43+F72 -> 0 | G101: =G14+G43+G72 -> 0.005 | H101: =H14+H43+H72 -> 0 | I101: =I14+I43+I72 -> 0.006 | ... M101: =M14+M43+M72 -> 0 | N101: =SUM(B101:M101) -> 0.084 | P101: =D101+B101+C101 -> 0.063 | Q101: =SUM(E101:G101) -> 0.005 | R101: =SUM(H101:J101) -> 0.008 | S101: =SUM(K101:M101) -> 0.008
A102: 2004/05 | B102: =B15+B44+B73 -> 0 | C102: =C15+C44+C73 -> 0 | D102: =D15+D44+D73 -> 0 | E102: =E15+E44+E73 -> 0 | F102: =F15+F44+F73 -> 0 | G102: =G15+G44+G73 -> 0 | H102: =H15+H44+H73 -> 0.013 | I102: =I15+I44+I73 -> 0.078 | ... M102: =M15+M44+M73 -> 0 | N102: =SUM(B102:M102) -> 0.174 | P102: =D102+B102+C102 -> 0 | Q102: =SUM(E102:G102) -> 0 | R102: =SUM(H102:J102) -> 0.091 | S102: =SUM(K102:M102) -> 0.083
...

Sheet Sun Matrix
A1: SUNFLOWER TRADE MATRIX (September - August) Marketing Year, 1,000 Tonnes)
AC2: European Union | BF2: Ukraine | CH2: Russia | DK2: United States | EP2: Total | ES2: Difference between Balance Sheet and Total
B3: 1993/94 | C3: 1994/95 | D3: 1995/96 | E3: 1996/97 | F3: 1997/98 | G3: 1998/99 | H3: 1999/00 | I3: 2000/01 | J3: 2001/02 | K3: 2002/03 | L3: 2003/04 | M3: 2004/05 | N3: 2005/06 | O3: 2006/07 | P3: 2007/08 | Q3: 2008/09 | R3: 2009/10 | S3: 2010/11 | T3: 2011/12 | U3: 2012/13 | V3: 2013/14 | W3: 2014/15 | X3: 2015/16 | Y3: 2016/17 | Z3: 2017/18 | AA3: 2018/19 | AB3: 2019/20 | AC3: 2020/21 | AD3: 2021/22 | AE3: 1993/94 | AF3: 1994/95 | AG3: 1995/96 | AH3: 1996/97 | AI3: 1997/98 | AJ3: 1998/99 | AK3: 1999/00 | AL3: 2000/01 | AM3: 2001/02 | AN3: 2002/03 | AO3: 2003/04 | AP3: 2004/05 | AQ3: 2005/06 | AR3: 2006/07 | AS3: 2007/08 | AT3: 2008/09 | AU3: 2009/10 | AV3: 2010/11 | AW3: 2011/12 | AX3: 2012/13 | AY3: 2013/14 | AZ3: 2014/15 | BA3: 2015/16 | BB3: 2016/17 | BC3: 2017/18 | BD3: 2018/19 | BE3: 2019/20 | BF3: 2020/21 | BG3: 2021/22 | BH3: 1993/94 | BI3: 1994/95 | BJ3: 1995/96 | BK3: 1996/97 | BL3: 1997/98 | BM3: 1998/99 | BN3: 1999/00 | BO3: 2000/01 | BP3: 2001/02 | BQ3: 2002/03 | BR3: 2003/04 | BS3: 2004/05 | BT3: 2005/06 | BU3: 2006/07 | BV3: 2007/08 | BW3: 2008/09 | BX3: 2009/10 | BY3: 2010/11 | BZ3: 2011/12 | CA3: 2012/13 | CB3: 2013/14 | CC3: 2014/15 | CD3: 2015/16 | CE3: 2016/17 | CF3: 2017/18 | CG3: 2018/19 | CH3: 2019/20 | CI3: 2020/21 | CJ3: 2021/22 | CK3: 1993/94 | CL3: 1994/95 | CM3: 1995/96 | CN3: 1996/97 | CO3: 1997/98 | CP3: 1998/99 | CQ3: 1999/00 | CR3: 2000/01 | CS3: 2001/02 | CT3: 2002/03 | CU3: 2003/04 | CV3: 2004/05 | CW3: 2005/06 | CX3: 2006/07 | CY3: 2007/08 | CZ3: 2008/09 | DA3: 2009/10 | DB3: 2010/11 | DC3: 2011/12 | DD3: 2012/13 | DE3: 2013/14 | DF3: 2014/15 | DG3: 2015/16 | DH3: 2016/17 | DI3: 2017/18 | DJ3: 2018/19 | DK3: 2019/20 | DL3: 2020/21 | DM3: 2021/22 | DN3: 1993/94 | DO3: 1994/95 | DP3: 1995/96 | DQ3: 1996/97 | DR3: 1997/98 | DS3: 1998/99 | DT3: 1999/00 | DU3: 2000/01 | DV3: 2001/02 | DW3: 2002/03 | DX3: 2003/04 | DY3: 2004/05 | DZ3: 2005/06 | EA3: 2006/07 | EB3: 2007/08 | EC3: 2008/09 | ED3: 2009/10 | EE3: 2010/11 | EF3: 2011/12 | EG3: 2012/13 | EH3: 2013/14 | EI3: 2014/15 | EJ3: 2015/16 | EK3: 2016/17 | EL3: 2017/18 | EM3: 2018/19 | EN3: 2019/20 | EO3: 2020/21 | EP3: 2021/22 | EQ3: 2022/23 | ES3: =EO3 -> 2020/21 | ET3: =EP3 -> 2021/22
A4: EU-28 | B4: N/A | C4: N/A | D4: N/A | E4: N/A | F4: N/A | G4: N/A | H4: N/A | I4: N/A | J4: N/A | K4: N/A | L4: N/A | M4: N/A | N4: N/A | O4: N/A | P4: N/A | Q4: N/A | R4: N/A | S4: N/A | T4: N/A | U4: N/A | V4: N/A | W4: N/A | X4: N/A | Y4: N/A | Z4: N/A | AA4: N/A | AB4: N/A | AC4: N/A | AD4: N/A | AE4: N/A | AF4: N/A | AG4: N/A | AH4: N/A | AI4: N/A | AJ4: N/A | AK4: N/A | AL4: N/A | AM4: N/A | AN4: N/A | AO4: N/A | AP4: N/A | AQ4: N/A | AR4: N/A | AS4: N/A | AT4: N/A | AU4: N/A | AV4: N/A | AW4: N/A | AX4: N/A | AY4: N/A | AZ4: N/A | BA4: N/A | BB4: N/A | BC4: ='[2]Ukraine Sunflower Exports'!Z$4 -> 30.812584 | BD4: ='[2]Ukraine Sunflower Exports'!AA$4 -> 26.869123 | BE4: ='[2]Ukraine Sunflower Exports'!AB$4 -> 27.195027 | BF4: ='[2]Ukraine Sunflower Exports'!AC$4 -> 134.49693 | BG4: ='[2]Ukraine Sunflower Exports'!AD$4-4 -> 1185.094 | BH4: ='[2]Russia Sunflower Exports'!B$4 -> 0 | BI4: ='[2]Russia Sunflower Exports'!C$4 -> 0 | BJ4: ='[2]Russia Sunflower Exports'!D$4 -> 0 | BK4: ='[2]Russia Sunflower Exports'!E$4 -> 267.42386 | BL4: ='[2]Russia Sunflower Exports'!F$4 -> 582.14835 | BM4: ='[2]Russia Sunflower Exports'!G$4 -> 492.24935 | BN4: ='[2]Russia Sunflower Exports'!H$4 -> 515.13035 | BO4: ='[2]Russia Sunflower Exports'!I$4 -> 387.58348 | ... CI4: ='[2]Russia Sunflower Exports'!AC$4 -> 282.24272 | CJ4: ='[2]Russia Sunflower Exports'!AD$4-0.7 -> 1.50322 | CK4: ='[3]Sunflower Exports'!B$4/2204.622*1000 -> 67.1978 | CL4: ='[3]Sunflower Exports'!C$4/2204.622*1000 -> 246.9917 | CM4: ='[3]Sunflower Exports'!D$4/2204.622*1000 -> 190.2781 | CN4: ='[3]Sunflower Exports'!E$4/2204.622*1000 -> 109.6313 | CO4: ='[3]Sunflower Exports'!F$4/2204.622*1000 -> 111.0137 | CP4: ='[3]Sunflower Exports'!G$4/2204.622*1000 -> 200.2214 | CQ4: ='[3]Sunflower Exports'!H$4/2204.622*1000 -> 148.6949 | CR4: ='[3]Sunflower Exports'!I$4/2204.622*1000 -> 127.3747 | ... DL4: ='[3]Sunflower Exports'!AC$4/2204.622*1000 -> 27.183125 | DM4: 29 | DN4: =SUM(B4,AE4,BH4,CK4) -> 67.1978 | DO4: =SUM(C4,AF4,BI4,CL4) -> 246.9917 | DP4: =SUM(D4,AG4,BJ4,CM4) -> 190.2781 | DQ4: =SUM(E4,AH4,BK4,CN4) -> 377.05516 | DR4: =SUM(F4,AI4,BL4,CO4) -> 693.16205 | DS4: =SUM(G4,AJ4,BM4,CP4) -> 692.47075 | DT4: =SUM(H4,AK4,BN4,CQ4) -> 663.82525 | DU4: =SUM(I4,AL4,BO4,CR4) -> 514.95818 | ... EO4: =SUM(AC4,BF4,CI4,DL4) -> 443.92278 | EP4: ='EU Sun Complex'!AD10-425-100 -> 622.93807 | EQ4: 25 | ES4: =SUM(BF4+CI4+DL4)-EO4 -> 0 | ET4: =SUM(BG4+CJ4+DM4)-EP4 -> 592.65915
A5: Other Europe | B5: ='[2]EU Sunflower Exports'!B$37 -> 0 | C5: ='[2]EU Sunflower Exports'!C$37 -> 0 | D5: ='[2]EU Sunflower Exports'!D$37 -> 0 | E5: ='[2]EU Sunflower Exports'!E$37 -> 4.559 | F5: ='[2]EU Sunflower Exports'!F$37 -> 10.733 | G5: ='[2]EU Sunflower Exports'!G$37 -> 18.755 | H5: ='[2]EU Sunflower Exports'!H$37 -> 47.06 | I5: ='[2]EU Sunflower Exports'!I$37 -> 13.096 | ... AC5: ='[2]EU Sunflower Exports'!AC$37 -> 82.083 | AD5: =55-5 -> 50 | AE5: 55 | AF5: 55 | AG5: 55 | AH5: 55 | AI5: 55 | AJ5: 55 | AK5: 55 | AL5: 55 | AM5: 55 | AN5: 55 | AO5: 55 | AP5: 55 | AQ5: 55 | AR5: 55 | AS5: 55 | AT5: 55 | AU5: 55 | AV5: 55 | AW5: 55 | AX5: 55 | AY5: 55 | AZ5: 55 | BA5: 55 | BB5: 55 | BC5: ='[2]Ukraine Sunflower Exports'!Z$37 -> 0.054 | BD5: ='[2]Ukraine Sunflower Exports'!AA$37 -> 0.054913 | BE5: ='[2]Ukraine Sunflower Exports'!AB$37 -> 0.01278 | BF5: ='[2]Ukraine Sunflower Exports'!AC$37 -> 0.01019 | BG5: ='[2]Ukraine Sunflower Exports'!AD$37 -> 5.163 | BH5: ='[2]Russia Sunflower Exports'!B$37 -> 0 | BI5: ='[2]Russia Sunflower Exports'!C$37 -> 0 | BJ5: ='[2]Russia Sunflower Exports'!D$37 -> 0 | BK5: ='[2]Russia Sunflower Exports'!E$37 -> 20.93205 | BL5: ='[2]Russia Sunflower Exports'!F$37 -> 8.72967 | BM5: ='[2]Russia Sunflower Exports'!G$37 -> 26.42994 | BN5: ='[2]Russia Sunflower Exports'!H$37 -> 10.417956 | BO5: ='[2]Russia Sunflower Exports'!I$37 -> 5.24445 | ... CJ5: ='[2]Russia Sunflower Exports'!AD$37 -> 0 | CK5: ='[3]Sunflower Exports'!B$37/2204.622*1000 -> 0.8628 | CL5: ='[3]Sunflower Exports'!C$37/2204.622*1000 -> 1.1918 | CM5: ='[3]Sunflower Exports'!D$37/2204.622*1000 -> 1.6365 | CN5: ='[3]Sunflower Exports'!E$37/2204.622*1000 -> 1.5111 | CO5: ='[3]Sunflower Exports'!F$37/2204.622*1000 -> 2.2146 | CP5: ='[3]Sunflower Exports'!G$37/2204.622*1000 -> 2.4767 | CQ5: ='[3]Sunflower Exports'!H$37/2204.622*1000 -> 1.9226 | CR5: ='[3]Sunflower Exports'!I$37/2204.622*1000 -> 1.9059 | ... DM5: ='[3]Sunflower Exports'!AD$37/2204.622*1000 -> 0 | DN5: =SUM(B5,AE5,BH5,CK5) -> 55.8628 | DO5: =SUM(C5,AF5,BI5,CL5) -> 56.1918 | DP5: =SUM(D5,AG5,BJ5,CM5) -> 56.6365 | DQ5: =SUM(E5,AH5,BK5,CN5) -> 82.00215 | DR5: =SUM(F5,AI5,BL5,CO5) -> 76.67727 | DS5: =SUM(G5,AJ5,BM5,CP5) -> 102.66164 | DT5: =SUM(H5,AK5,BN5,CQ5) -> 114.40056 | DU5: =SUM(I5,AL5,BO5,CR5) -> 75.24635 | ... EP5: =SUM(AD5,BG5,CJ5,DM5) -> 55.163 | EQ5: 50 | ES5: =SUM(BF5+CI5+DL5+AC5)-EO5 -> 0 | ET5: =SUM(BG5+CJ5+DM5+AD5)-EP5 -> 0
A6: FSU-12 | B6: ='[2]EU Sunflower Exports'!B$59 -> 0 | C6: ='[2]EU Sunflower Exports'!C$59 -> 0 | D6: ='[2]EU Sunflower Exports'!D$59 -> 0 | E6: ='[2]EU Sunflower Exports'!E$59 -> 0.871 | F6: ='[2]EU Sunflower Exports'!F$59 -> 1.243 | G6: ='[2]EU Sunflower Exports'!G$59 -> 12.129 | H6: ='[2]EU Sunflower Exports'!H$59 -> 3.318 | I6: ='[2]EU Sunflower Exports'!I$59 -> 0.944 | ... AC6: ='[2]EU Sunflower Exports'!AC$59 -> 37.112 | AD6: 0 | AE6: 40 | AF6: 40 | AG6: 40 | AH6: 40 | AI6: 40 | AJ6: 40 | AK6: 40 | AL6: 40 | AM6: 40 | AN6: 40 | AO6: 40 | AP6: 40 | AQ6: 40 | AR6: 40 | AS6: 40 | AT6: 40 | AU6: 40 | AV6: 40 | AW6: 40 | AX6: 40 | AY6: 40 | AZ6: 40 | BA6: 40 | BB6: 40 | BC6: ='[2]Ukraine Sunflower Exports'!Z$59 -> 1.244158 | BD6: ='[2]Ukraine Sunflower Exports'!AA$59 -> 7.553198 | BE6: ='[2]Ukraine Sunflower Exports'!AB$59 -> 4.543156 | BF6: ='[2]Ukraine Sunflower Exports'!AC$59 -> 5.841995 | BG6: 0 | BH6: ='[2]Russia Sunflower Exports'!B$59 -> 0 | BI6: ='[2]Russia Sunflower Exports'!C$59 -> 0 | BJ6: ='[2]Russia Sunflower Exports'!D$59 -> 0 | BK6: ='[2]Russia Sunflower Exports'!E$59 -> 3.244526 | BL6: ='[2]Russia Sunflower Exports'!F$59 -> 8.228669 | BM6: ='[2]Russia Sunflower Exports'!G$59 -> 4.021709 | BN6: ='[2]Russia Sunflower Exports'!H$59 -> 21.849074 | BO6: ='[2]Russia Sunflower Exports'!I$59 -> 35.665827 | ... CI6: ='[2]Russia Sunflower Exports'!AC$59 -> 62.335926 | CJ6: =150-81.1-10 -> 58.9 | CK6: ='[3]Sunflower Exports'!B$59/2204.622*1000 -> 0.1527 | CL6: ='[3]Sunflower Exports'!C$59/2204.622*1000 -> 1.0752 | CM6: ='[3]Sunflower Exports'!D$59/2204.622*1000 -> 0 | CN6: ='[3]Sunflower Exports'!E$59/2204.622*1000 -> 2.7552 | CO6: ='[3]Sunflower Exports'!F$59/2204.622*1000 -> 0.0327 | CP6: ='[3]Sunflower Exports'!G$59/2204.622*1000 -> 0 | CQ6: ='[3]Sunflower Exports'!H$59/2204.622*1000 -> 0.0362 | CR6: ='[3]Sunflower Exports'!I$59/2204.622*1000 -> 0.2522 | ... DL6: ='[3]Sunflower Exports'!AC$59/2204.622*1000 -> 6.2669237 | DM6: 6 | DN6: =SUM(B6,AE6,BH6,CK6) -> 40.1527 | DO6: =SUM(C6,AF6,BI6,CL6) -> 41.0752 | DP6: =SUM(D6,AG6,BJ6,CM6) -> 40 | DQ6: =SUM(E6,AH6,BK6,CN6) -> 46.870726 | DR6: =SUM(F6,AI6,BL6,CO6) -> 49.504369 | DS6: =SUM(G6,AJ6,BM6,CP6) -> 56.150709 | DT6: =SUM(H6,AK6,BN6,CQ6) -> 65.203274 | DU6: =SUM(I6,AL6,BO6,CR6) -> 76.862027 | ... EP6: =SUM(AD6,BG6,CJ6,DM6) -> 64.9 | EQ6: 100 | ES6: =SUM(BF6+CI6+DL6+AC6)-EO6 -> 0 | ET6: =SUM(BG6+CJ6+DM6+AD6)-EP6 -> 0
A7: China | B7: ='[2]EU Sunflower Exports'!B$88 -> 0 | C7: ='[2]EU Sunflower Exports'!C$88 -> 0 | D7: ='[2]EU Sunflower Exports'!D$88 -> 0 | E7: ='[2]EU Sunflower Exports'!E$88 -> 0.001 | F7: ='[2]EU Sunflower Exports'!F$88 -> 0.059 | G7: ='[2]EU Sunflower Exports'!G$88 -> 0.049 | H7: ='[2]EU Sunflower Exports'!H$88 -> 0.021 | I7: ='[2]EU Sunflower Exports'!I$88 -> 0.003 | ... AC7: ='[2]EU Sunflower Exports'!AC$88 -> 53.202 | AD7: =30-15 -> 15 | AE7: 30 | AF7: 30 | AG7: 30 | AH7: 30 | AI7: 30 | AJ7: 30 | AK7: 30 | AL7: 30 | AM7: 30 | AN7: 30 | AO7: 30 | AP7: 30 | AQ7: 30 | AR7: 30 | AS7: 30 | AT7: 30 | AU7: 30 | AV7: 30 | AW7: 30 | AX7: 30 | AY7: 30 | AZ7: 30 | BA7: 30 | BB7: 30 | BC7: ='[2]Ukraine Sunflower Exports'!Z$88 -> 0 | BD7: ='[2]Ukraine Sunflower Exports'!AA$88 -> 0.571402 | BE7: ='[2]Ukraine Sunflower Exports'!AB$88 -> 1.602075 | BF7: ='[2]Ukraine Sunflower Exports'!AC$88 -> 0.66595 | BG7: 0 | BH7: ='[2]Russia Sunflower Exports'!B$88 -> 0 | BI7: ='[2]Russia Sunflower Exports'!C$88 -> 0 | BJ7: ='[2]Russia Sunflower Exports'!D$88 -> 0 | BK7: ='[2]Russia Sunflower Exports'!E$88 -> 0 | BL7: ='[2]Russia Sunflower Exports'!F$88 -> 0 | BM7: ='[2]Russia Sunflower Exports'!G$88 -> 0 | BN7: ='[2]Russia Sunflower Exports'!H$88 -> 0 | BO7: ='[2]Russia Sunflower Exports'!I$88 -> 0 | ... CI7: ='[2]Russia Sunflower Exports'!AC$88 -> 73.169354 | CJ7: =75 -> 75 | CK7: ='[3]Sunflower Exports'!B$88/2204.622*1000 -> 0 | CL7: ='[3]Sunflower Exports'!C$88/2204.622*1000 -> 0 | CM7: ='[3]Sunflower Exports'!D$88/2204.622*1000 -> 0.078 | CN7: ='[3]Sunflower Exports'!E$88/2204.622*1000 -> 0.6255 | CO7: ='[3]Sunflower Exports'!F$88/2204.622*1000 -> 7.6672 | CP7: ='[3]Sunflower Exports'!G$88/2204.622*1000 -> 9.2775 | CQ7: ='[3]Sunflower Exports'!H$88/2204.622*1000 -> 7.946 | CR7: ='[3]Sunflower Exports'!I$88/2204.622*1000 -> 5.037 | ... DM7: ='[3]Sunflower Exports'!AD$88/2204.622*1000 -> 0 | DN7: =SUM(B7,AE7,BH7,CK7) -> 30 | DO7: =SUM(C7,AF7,BI7,CL7) -> 30 | DP7: =SUM(D7,AG7,BJ7,CM7) -> 30.078 | DQ7: =SUM(E7,AH7,BK7,CN7) -> 30.6265 | DR7: =SUM(F7,AI7,BL7,CO7) -> 37.7262 | DS7: =SUM(G7,AJ7,BM7,CP7) -> 39.3265 | DT7: =SUM(H7,AK7,BN7,CQ7) -> 37.967 | DU7: =SUM(I7,AL7,BO7,CR7) -> 35.04 | ... EO7: =SUM(AC7,BF7,CI7,DL7) -> 127.04124 | EP7: ='China Sun Complex'!AD10-100 -> 35 | EQ7: ='China Sun Complex'!AE10-100 -> 100 | ES7: =SUM(BF7+CI7+DL7+AC7)-EO7 -> 0 | ET7: =SUM(BG7+CJ7+DM7+AD7)-EP7 -> 55
A8: Indonesia | B8: ='[2]EU Sunflower Exports'!B$103 -> 0 | C8: ='[2]EU Sunflower Exports'!C$103 -> 0 | D8: ='[2]EU Sunflower Exports'!D$103 -> 0 | E8: ='[2]EU Sunflower Exports'!E$103 -> 0 | F8: ='[2]EU Sunflower Exports'!F$103 -> 0 | G8: ='[2]EU Sunflower Exports'!G$103 -> 0 | H8: ='[2]EU Sunflower Exports'!H$103 -> 0 | I8: ='[2]EU Sunflower Exports'!I$103 -> 0 | ... AC8: ='[2]EU Sunflower Exports'!AC$103 -> 0.131 | AD8: ='[2]EU Sunflower Exports'!BB$103 -> 0 | AE8: ='[2]EU Sunflower Exports'!AD$103 -> 0.957 | AF8: ='[2]EU Sunflower Exports'!AE$103 -> 0 | AG8: ='[2]EU Sunflower Exports'!AF$103 -> 0 | AH8: ='[2]EU Sunflower Exports'!AG$103 -> 0 | AI8: ='[2]EU Sunflower Exports'!AH$103 -> 0 | AJ8: ='[2]EU Sunflower Exports'!AI$103 -> 0 | AK8: ='[2]EU Sunflower Exports'!AJ$103 -> 0 | AL8: ='[2]EU Sunflower Exports'!AK$103 -> 0 | ... BB8: ='[2]EU Sunflower Exports'!BA$103 -> 0 | BC8: ='[2]Ukraine Sunflower Exports'!Z$103 -> 0.045429 | BD8: ='[2]Ukraine Sunflower Exports'!AA$103 -> 0 | BE8: ='[2]Ukraine Sunflower Exports'!AB$103 -> 0 | BF8: ='[2]Ukraine Sunflower Exports'!AC$103 -> 0.042 | BG8: ='[2]Ukraine Sunflower Exports'!AD$103 -> 0 | BH8: ='[2]Russia Sunflower Exports'!B$103 -> 0 | BI8: ='[2]Russia Sunflower Exports'!C$103 -> 0 | BJ8: ='[2]Russia Sunflower Exports'!D$103 -> 0 | BK8: ='[2]Russia Sunflower Exports'!E$103 -> 0 | BL8: ='[2]Russia Sunflower Exports'!F$103 -> 0 | BM8: ='[2]Russia Sunflower Exports'!G$103 -> 0 | BN8: ='[2]Russia Sunflower Exports'!H$103 -> 0 | BO8: ='[2]Russia Sunflower Exports'!I$103 -> 0 | ... CJ8: ='[2]Russia Sunflower Exports'!AD$103 -> 0 | CK8: ='[3]Sunflower Exports'!B$103/2204.622*1000 -> 0 | CL8: ='[3]Sunflower Exports'!C$103/2204.622*1000 -> 0 | CM8: ='[3]Sunflower Exports'!D$103/2204.622*1000 -> 0 | CN8: ='[3]Sunflower Exports'!E$103/2204.622*1000 -> 0.0955 | CO8: ='[3]Sunflower Exports'!F$103/2204.622*1000 -> 0 | CP8: ='[3]Sunflower Exports'!G$103/2204.622*1000 -> 0 | CQ8: ='[3]Sunflower Exports'!H$103/2204.622*1000 -> 0 | CR8: ='[3]Sunflower Exports'!I$103/2204.622*1000 -> 0 | ... DM8: ='[3]Sunflower Exports'!AD$103/2204.622*1000 -> 0 | DN8: =SUM(B8,AE8,BH8,CK8) -> 0.957 | DO8: =SUM(C8,AF8,BI8,CL8) -> 0 | DP8: =SUM(D8,AG8,BJ8,CM8) -> 0 | DQ8: =SUM(E8,AH8,BK8,CN8) -> 0.0955 | DR8: =SUM(F8,AI8,BL8,CO8) -> 0 | DS8: =SUM(G8,AJ8,BM8,CP8) -> 0 | DT8: =SUM(H8,AK8,BN8,CQ8) -> 0 | DU8: =SUM(I8,AL8,BO8,CR8) -> 0 | ... EP8: =SUM(AD8,BG8,CJ8,DM8) -> 0 | EQ8: 0 | ES8: =SUM(BF8+CI8+DL8+AC8)-EO8 -> 0 | ET8: =SUM(BG8+CJ8+DM8+AD8)-EP8 -> 0
A9: Iran | B9: ='[2]EU Sunflower Exports'!B$104 -> 0 | C9: ='[2]EU Sunflower Exports'!C$104 -> 0 | D9: ='[2]EU Sunflower Exports'!D$104 -> 0 | E9: ='[2]EU Sunflower Exports'!E$104 -> 0 | F9: ='[2]EU Sunflower Exports'!F$104 -> 0 | G9: ='[2]EU Sunflower Exports'!G$104 -> 0 | H9: ='[2]EU Sunflower Exports'!H$104 -> 0 | I9: ='[2]EU Sunflower Exports'!I$104 -> 0.027 | ... AC9: ='[2]EU Sunflower Exports'!AC$104 -> 0.045 | AD9: ='[2]EU Sunflower Exports'!BB$104 -> 0 | AE9: ='[2]EU Sunflower Exports'!AD$104 -> 0.278 | AF9: ='[2]EU Sunflower Exports'!AE$104 -> 0 | AG9: ='[2]EU Sunflower Exports'!AF$104 -> 0 | AH9: ='[2]EU Sunflower Exports'!AG$104 -> 0 | AI9: ='[2]EU Sunflower Exports'!AH$104 -> 0 | AJ9: ='[2]EU Sunflower Exports'!AI$104 -> 0 | AK9: ='[2]EU Sunflower Exports'!AJ$104 -> 0 | AL9: ='[2]EU Sunflower Exports'!AK$104 -> 0 | ... BB9: ='[2]EU Sunflower Exports'!BA$104 -> 0 | BC9: ='[2]Ukraine Sunflower Exports'!Z$104 -> 0.311 | BD9: ='[2]Ukraine Sunflower Exports'!AA$104 -> 0.374 | BE9: ='[2]Ukraine Sunflower Exports'!AB$104 -> 0.317 | BF9: ='[2]Ukraine Sunflower Exports'!AC$104 -> 0.14 | BG9: ='[2]Ukraine Sunflower Exports'!AD$104 -> 0.196 | BH9: ='[2]Ukraine Sunflower Exports'!AF$104 -> 0 | BI9: ='[2]Ukraine Sunflower Exports'!AG$104 -> 0 | BJ9: ='[2]Ukraine Sunflower Exports'!AH$104 -> 0 | BK9: ='[2]Ukraine Sunflower Exports'!AI$104 -> 0 | BL9: ='[2]Ukraine Sunflower Exports'!AJ$104 -> 0 | BM9: ='[2]Ukraine Sunflower Exports'!AK$104 -> 0 | BN9: ='[2]Ukraine Sunflower Exports'!AL$104 -> 0 | BO9: ='[2]Ukraine Sunflower Exports'!AM$104 -> 0 | ... CF9: ='[2]Ukraine Sunflower Exports'!BD$104 -> 0 | CG9: ='[2]Russia Sunflower Exports'!AA$104 -> 0.18565 | CH9: ='[2]Russia Sunflower Exports'!AB$104 -> 0 | CI9: ='[2]Russia Sunflower Exports'!AC$104 -> 0 | CJ9: ='[2]Russia Sunflower Exports'!AD$104 -> 0 | CK9: ='[3]Sunflower Exports'!B$104/2204.622*1000 -> 0 | CL9: ='[3]Sunflower Exports'!C$104/2204.622*1000 -> 0 | CM9: ='[3]Sunflower Exports'!D$104/2204.622*1000 -> 0 | CN9: ='[3]Sunflower Exports'!E$104/2204.622*1000 -> 0 | CO9: ='[3]Sunflower Exports'!F$104/2204.622*1000 -> 0 | CP9: ='[3]Sunflower Exports'!G$104/2204.622*1000 -> 0 | CQ9: ='[3]Sunflower Exports'!H$104/2204.622*1000 -> 0 | CR9: ='[3]Sunflower Exports'!I$104/2204.622*1000 -> 0 | ... DM9: ='[3]Sunflower Exports'!AD$104/2204.622*1000 -> 0 | DN9: =SUM(B9,AE9,BH9,CK9) -> 0.278 | DO9: =SUM(C9,AF9,BI9,CL9) -> 0 | DP9: =SUM(D9,AG9,BJ9,CM9) -> 0 | DQ9: =SUM(E9,AH9,BK9,CN9) -> 0 | DR9: =SUM(F9,AI9,BL9,CO9) -> 0 | DS9: =SUM(G9,AJ9,BM9,CP9) -> 0 | DT9: =SUM(H9,AK9,BN9,CQ9) -> 0 | DU9: =SUM(I9,AL9,BO9,CR9) -> 0.027 | ... EP9: =SUM(AD9,BG9,CJ9,DM9) -> 0.196 | EQ9: 0 | ES9: =SUM(BF9+CI9+DL9+AC9)-EO9 -> 0 | ET9: =SUM(BG9+CJ9+DM9+AD9)-EP9 -> 0
A10: Israel | B10: ='[2]EU Sunflower Exports'!B$107 -> 0 | C10: ='[2]EU Sunflower Exports'!C$107 -> 0 | D10: ='[2]EU Sunflower Exports'!D$107 -> 0 | E10: ='[2]EU Sunflower Exports'!E$107 -> 0.099 | F10: ='[2]EU Sunflower Exports'!F$107 -> 0.046 | G10: ='[2]EU Sunflower Exports'!G$107 -> 5.586 | H10: ='[2]EU Sunflower Exports'!H$107 -> 21.676 | I10: ='[2]EU Sunflower Exports'!I$107 -> 0.046 | ... AC10: ='[2]EU Sunflower Exports'!AC$107 -> 3.138 | AD10: ='[2]EU Sunflower Exports'!BB$107 -> 0 | AE10: ='[2]EU Sunflower Exports'!AD$107 -> 3.522 | AF10: ='[2]EU Sunflower Exports'!AE$107 -> 0 | AG10: ='[2]EU Sunflower Exports'!AF$107 -> 0 | AH10: ='[2]EU Sunflower Exports'!AG$107 -> 0 | AI10: ='[2]EU Sunflower Exports'!AH$107 -> 0 | AJ10: ='[2]EU Sunflower Exports'!AI$107 -> 0 | AK10: ='[2]EU Sunflower Exports'!AJ$107 -> 0 | AL10: ='[2]EU Sunflower Exports'!AK$107 -> 0 | ... BB10: ='[2]EU Sunflower Exports'!BA$107 -> 0 | BC10: ='[2]Ukraine Sunflower Exports'!Z$107 -> 0 | BD10: ='[2]Ukraine Sunflower Exports'!AA$107 -> 0.001785 | BE10: ='[2]Ukraine Sunflower Exports'!AB$107 -> 0.025538 | BF10: ='[2]Ukraine Sunflower Exports'!AC$107 -> 0 | BG10: ='[2]Ukraine Sunflower Exports'!AD$107 -> 0.108 | BH10: ='[2]Russia Sunflower Exports'!B$107 -> 0 | BI10: ='[2]Russia Sunflower Exports'!C$107 -> 0 | BJ10: ='[2]Russia Sunflower Exports'!D$107 -> 0 | BK10: ='[2]Russia Sunflower Exports'!E$107 -> 4.7831 | BL10: ='[2]Russia Sunflower Exports'!F$107 -> 23.51087 | BM10: ='[2]Russia Sunflower Exports'!G$107 -> 1.91565 | BN10: ='[2]Russia Sunflower Exports'!H$107 -> 8.449431 | BO10: ='[2]Russia Sunflower Exports'!I$107 -> 8.71303 | ... CJ10: ='[2]Russia Sunflower Exports'!AD$107 -> 0 | CK10: ='[3]Sunflower Exports'!B$107/2204.622*1000 -> 0 | CL10: ='[3]Sunflower Exports'!C$107/2204.622*1000 -> 1.7719 | CM10: ='[3]Sunflower Exports'!D$107/2204.622*1000 -> 0.7245 | CN10: ='[3]Sunflower Exports'!E$107/2204.622*1000 -> 0.8291 | CO10: ='[3]Sunflower Exports'!F$107/2204.622*1000 -> 0.9541 | CP10: ='[3]Sunflower Exports'!G$107/2204.622*1000 -> 2.2504 | CQ10: ='[3]Sunflower Exports'!H$107/2204.622*1000 -> 1.6136 | CR10: ='[3]Sunflower Exports'!I$107/2204.622*1000 -> 1.9633 | ... DL10: ='[3]Sunflower Exports'!AC$107/2204.622*1000 -> 1.9599393 | DM10: 2 | DN10: =SUM(B10,AE10,BH10,CK10) -> 3.522 | DO10: =SUM(C10,AF10,BI10,CL10) -> 1.7719 | DP10: =SUM(D10,AG10,BJ10,CM10) -> 0.7245 | DQ10: =SUM(E10,AH10,BK10,CN10) -> 5.7112 | DR10: =SUM(F10,AI10,BL10,CO10) -> 24.51097 | DS10: =SUM(G10,AJ10,BM10,CP10) -> 9.75205 | DT10: =SUM(H10,AK10,BN10,CQ10) -> 31.739031 | DU10: =SUM(I10,AL10,BO10,CR10) -> 10.72233 | ... EP10: =SUM(AD10,BG10,CJ10,DM10) -> 2.108 | EQ10: 2 | ES10: =SUM(BF10+CI10+DL10+AC10)-EO10 -> 0 | ET10: =SUM(BG10+CJ10+DM10+AD10)-EP10 -> 0
A11: Japan | B11: ='[2]EU Sunflower Exports'!B$108 -> 0 | C11: ='[2]EU Sunflower Exports'!C$108 -> 0 | D11: ='[2]EU Sunflower Exports'!D$108 -> 0 | E11: ='[2]EU Sunflower Exports'!E$108 -> 0.006 | F11: ='[2]EU Sunflower Exports'!F$108 -> 0.095 | G11: ='[2]EU Sunflower Exports'!G$108 -> 0.317 | H11: ='[2]EU Sunflower Exports'!H$108 -> 0.204 | I11: ='[2]EU Sunflower Exports'!I$108 -> 0.482 | ... AC11: ='[2]EU Sunflower Exports'!AC$108 -> 0.449 | AD11: ='[2]EU Sunflower Exports'!BB$108 -> 0 | AE11: ='[2]EU Sunflower Exports'!AD$108 -> 0.492 | AF11: ='[2]EU Sunflower Exports'!AE$108 -> 0 | AG11: ='[2]EU Sunflower Exports'!AF$108 -> 0 | AH11: ='[2]EU Sunflower Exports'!AG$108 -> 0 | AI11: ='[2]EU Sunflower Exports'!AH$108 -> 0 | AJ11: ='[2]EU Sunflower Exports'!AI$108 -> 0 | AK11: ='[2]EU Sunflower Exports'!AJ$108 -> 0 | AL11: ='[2]EU Sunflower Exports'!AK$108 -> 0 | ... BB11: ='[2]EU Sunflower Exports'!BA$108 -> 0 | BC11: ='[2]Ukraine Sunflower Exports'!Z$108 -> 0 | BD11: ='[2]Ukraine Sunflower Exports'!AA$108 -> 0 | BE11: ='[2]Ukraine Sunflower Exports'!AB$108 -> 0 | BF11: ='[2]Ukraine Sunflower Exports'!AC$108 -> 0 | BG11: ='[2]Ukraine Sunflower Exports'!AD$108 -> 0 | BH11: ='[2]Russia Sunflower Exports'!B$108 -> 0 | BI11: ='[2]Russia Sunflower Exports'!C$108 -> 0 | BJ11: ='[2]Russia Sunflower Exports'!D$108 -> 0 | BK11: ='[2]Russia Sunflower Exports'!E$108 -> 0 | BL11: ='[2]Russia Sunflower Exports'!F$108 -> 0 | BM11: ='[2]Russia Sunflower Exports'!G$108 -> 0 | BN11: ='[2]Russia Sunflower Exports'!H$108 -> 0 | BO11: ='[2]Russia Sunflower Exports'!I$108 -> 0 | ... CJ11: ='[2]Russia Sunflower Exports'!AD$108 -> 0 | CK11: ='[3]Sunflower Exports'!B$108/2204.622*1000 -> 0.658 | CL11: ='[3]Sunflower Exports'!C$108/2204.622*1000 -> 0.2848 | CM11: ='[3]Sunflower Exports'!D$108/2204.622*1000 -> 0.6538 | CN11: ='[3]Sunflower Exports'!E$108/2204.622*1000 -> 1.207 | CO11: ='[3]Sunflower Exports'!F$108/2204.622*1000 -> 1.6395 | CP11: ='[3]Sunflower Exports'!G$108/2204.622*1000 -> 1.1507 | CQ11: ='[3]Sunflower Exports'!H$108/2204.622*1000 -> 3.4109 | CR11: ='[3]Sunflower Exports'!I$108/2204.622*1000 -> 2.9554 | ... DL11: ='[3]Sunflower Exports'!AC$108/2204.622*1000 -> 0.95140926 | DM11: 0.5 | DN11: =SUM(B11,AE11,BH11,CK11) -> 1.15 | DO11: =SUM(C11,AF11,BI11,CL11) -> 0.2848 | DP11: =SUM(D11,AG11,BJ11,CM11) -> 0.6538 | DQ11: =SUM(E11,AH11,BK11,CN11) -> 1.213 | DR11: =SUM(F11,AI11,BL11,CO11) -> 1.7345 | DS11: =SUM(G11,AJ11,BM11,CP11) -> 1.4677 | DT11: =SUM(H11,AK11,BN11,CQ11) -> 3.6149 | DU11: =SUM(I11,AL11,BO11,CR11) -> 3.4374 | ... EP11: =SUM(AD11,BG11,CJ11,DM11) -> 0.5 | EQ11: 1 | ES11: =SUM(BF11+CI11+DL11+AC11)-EO11 -> 0 | ET11: =SUM(BG11+CJ11+DM11+AD11)-EP11 -> 0
A12: Jordan | B12: ='[2]EU Sunflower Exports'!B$109 -> 0 | C12: ='[2]EU Sunflower Exports'!C$109 -> 0 | D12: ='[2]EU Sunflower Exports'!D$109 -> 0 | E12: ='[2]EU Sunflower Exports'!E$109 -> 0 | F12: ='[2]EU Sunflower Exports'!F$109 -> 5.938 | G12: ='[2]EU Sunflower Exports'!G$109 -> 0 | H12: ='[2]EU Sunflower Exports'!H$109 -> 0.289 | I12: ='[2]EU Sunflower Exports'!I$109 -> 0.159 | ... AC12: ='[2]EU Sunflower Exports'!AC$109 -> 0.287 | AD12: ='[2]EU Sunflower Exports'!BB$109 -> 0 | AE12: ='[2]EU Sunflower Exports'!AD$109 -> 1.365 | AF12: ='[2]EU Sunflower Exports'!AE$109 -> 0 | AG12: ='[2]EU Sunflower Exports'!AF$109 -> 0 | AH12: ='[2]EU Sunflower Exports'!AG$109 -> 0 | AI12: ='[2]EU Sunflower Exports'!AH$109 -> 0 | AJ12: ='[2]EU Sunflower Exports'!AI$109 -> 0 | AK12: ='[2]EU Sunflower Exports'!AJ$109 -> 0 | AL12: ='[2]EU Sunflower Exports'!AK$109 -> 0 | ... BB12: ='[2]EU Sunflower Exports'!BA$109 -> 0 | BC12: ='[2]Ukraine Sunflower Exports'!Z$109 -> 0 | BD12: ='[2]Ukraine Sunflower Exports'!AA$109 -> 0 | BE12: ='[2]Ukraine Sunflower Exports'!AB$109 -> 0 | BF12: ='[2]Ukraine Sunflower Exports'!AC$109 -> 0 | BG12: ='[2]Ukraine Sunflower Exports'!AD$109 -> 0.069 | BH12: ='[2]Russia Sunflower Exports'!B$109 -> 0 | BI12: ='[2]Russia Sunflower Exports'!C$109 -> 0 | BJ12: ='[2]Russia Sunflower Exports'!D$109 -> 0 | BK12: ='[2]Russia Sunflower Exports'!E$109 -> 0 | BL12: ='[2]Russia Sunflower Exports'!F$109 -> 0 | BM12: ='[2]Russia Sunflower Exports'!G$109 -> 0 | BN12: ='[2]Russia Sunflower Exports'!H$109 -> 0 | BO12: ='[2]Russia Sunflower Exports'!I$109 -> 0 | ... CJ12: ='[2]Russia Sunflower Exports'!AD$109 -> 0 | CK12: ='[3]Sunflower Exports'!B$109/2204.622*1000 -> 0 | CL12: ='[3]Sunflower Exports'!C$109/2204.622*1000 -> 0 | CM12: ='[3]Sunflower Exports'!D$109/2204.622*1000 -> 0 | CN12: ='[3]Sunflower Exports'!E$109/2204.622*1000 -> 0.0446 | CO12: ='[3]Sunflower Exports'!F$109/2204.622*1000 -> 0 | CP12: ='[3]Sunflower Exports'!G$109/2204.622*1000 -> 0 | CQ12: ='[3]Sunflower Exports'!H$109/2204.622*1000 -> 0.6711 | CR12: ='[3]Sunflower Exports'!I$109/2204.622*1000 -> 5.7205 | ... DM12: ='[3]Sunflower Exports'!AD$109/2204.622*1000 -> 0 | DN12: =SUM(B12,AE12,BH12,CK12) -> 1.365 | DO12: =SUM(C12,AF12,BI12,CL12) -> 0 | DP12: =SUM(D12,AG12,BJ12,CM12) -> 0 | DQ12: =SUM(E12,AH12,BK12,CN12) -> 0.0446 | DR12: =SUM(F12,AI12,BL12,CO12) -> 5.938 | DS12: =SUM(G12,AJ12,BM12,CP12) -> 0 | DT12: =SUM(H12,AK12,BN12,CQ12) -> 0.9601 | DU12: =SUM(I12,AL12,BO12,CR12) -> 5.8795 | ... EP12: =SUM(AD12,BG12,CJ12,DM12) -> 0.069 | EQ12: 0 | ES12: =SUM(BF12+CI12+DL12+AC12)-EO12 -> 0 | ET12: =SUM(BG12+CJ12+DM12+AD12)-EP12 -> 0
A13: Malaysia | B13: ='[2]EU Sunflower Exports'!B$117 -> 0 | C13: ='[2]EU Sunflower Exports'!C$117 -> 0 | D13: ='[2]EU Sunflower Exports'!D$117 -> 0 | E13: ='[2]EU Sunflower Exports'!E$117 -> 0 | F13: ='[2]EU Sunflower Exports'!F$117 -> 0 | G13: ='[2]EU Sunflower Exports'!G$117 -> 0.016 | H13: ='[2]EU Sunflower Exports'!H$117 -> 0 | I13: ='[2]EU Sunflower Exports'!I$117 -> 0 | ... AC13: ='[2]EU Sunflower Exports'!AC$117 -> 0.168 | AD13: ='[2]EU Sunflower Exports'!BB$117 -> 0 | AE13: ='[2]EU Sunflower Exports'!AD$117 -> 0.124 | AF13: ='[2]EU Sunflower Exports'!AE$117 -> 0 | AG13: ='[2]EU Sunflower Exports'!AF$117 -> 0 | AH13: ='[2]EU Sunflower Exports'!AG$117 -> 0 | AI13: ='[2]EU Sunflower Exports'!AH$117 -> 0 | AJ13: ='[2]EU Sunflower Exports'!AI$117 -> 0 | AK13: ='[2]EU Sunflower Exports'!AJ$117 -> 0 | AL13: ='[2]EU Sunflower Exports'!AK$117 -> 0 | ... BB13: ='[2]EU Sunflower Exports'!BA$117 -> 0 | BC13: ='[2]Ukraine Sunflower Exports'!Z$117 -> 0 | BD13: ='[2]Ukraine Sunflower Exports'!AA$117 -> 0 | BE13: ='[2]Ukraine Sunflower Exports'!AB$117 -> 0 | BF13: ='[2]Ukraine Sunflower Exports'!AC$117 -> 0 | BG13: ='[2]Ukraine Sunflower Exports'!AD$117 -> 0 | BH13: ='[2]Russia Sunflower Exports'!B$117 -> 0 | BI13: ='[2]Russia Sunflower Exports'!C$117 -> 0 | BJ13: ='[2]Russia Sunflower Exports'!D$117 -> 0 | BK13: ='[2]Russia Sunflower Exports'!E$117 -> 0 | BL13: ='[2]Russia Sunflower Exports'!F$117 -> 0 | BM13: ='[2]Russia Sunflower Exports'!G$117 -> 0 | BN13: ='[2]Russia Sunflower Exports'!H$117 -> 0 | BO13: ='[2]Russia Sunflower Exports'!I$117 -> 0 | ... CJ13: ='[2]Russia Sunflower Exports'!AD$117 -> 0 | CK13: ='[3]Sunflower Exports'!B$117/2204.622*1000 -> 0 | CL13: ='[3]Sunflower Exports'!C$117/2204.622*1000 -> 0.0012 | CM13: ='[3]Sunflower Exports'!D$117/2204.622*1000 -> 0.002 | CN13: ='[3]Sunflower Exports'!E$117/2204.622*1000 -> 0.0637 | CO13: ='[3]Sunflower Exports'!F$117/2204.622*1000 -> 0.0925 | CP13: ='[3]Sunflower Exports'!G$117/2204.622*1000 -> 0.141 | CQ13: ='[3]Sunflower Exports'!H$117/2204.622*1000 -> 0.1773 | CR13: ='[3]Sunflower Exports'!I$117/2204.622*1000 -> 0.2144 | ... DM13: ='[3]Sunflower Exports'!AD$117/2204.622*1000 -> 0 | DN13: =SUM(B13,AE13,BH13,CK13) -> 0.124 | DO13: =SUM(C13,AF13,BI13,CL13) -> 0.0012 | DP13: =SUM(D13,AG13,BJ13,CM13) -> 0.002 | DQ13: =SUM(E13,AH13,BK13,CN13) -> 0.0637 | DR13: =SUM(F13,AI13,BL13,CO13) -> 0.0925 | DS13: =SUM(G13,AJ13,BM13,CP13) -> 0.157 | DT13: =SUM(H13,AK13,BN13,CQ13) -> 0.1773 | DU13: =SUM(I13,AL13,BO13,CR13) -> 0.2144 | ... EP13: =SUM(AD13,BG13,CJ13,DM13) -> 0 | EQ13: 0 | ES13: =SUM(BF13+CI13+DL13+AC13)-EO13 -> 0 | ET13: =SUM(BG13+CJ13+DM13+AD13)-EP13 -> 0
