Workbook

Sheet Malaysian Palm USDA Comp
B2: MALAYSIA PALM OIL SUPPLY AND DEMAND (1,000 Tonnes)
C3: ='[1]USDA Comp'!$F$3 -> 18/19 | D3: ='[1]USDA Comp'!$G$3 -> 19/20 | E3: ='[1]USDA Comp'!H$3 -> 20/21 | F3: ='[1]USDA Comp'!$I$3 -> 21/22 | G3: ='[1]USDA Comp'!$K$3 -> 23/24 | J3: ='[1]USDA Comp'!$N$3 -> 24/25
D4: MPOB | E4: MPOB | F4: RLC | G4: RLC | H4: ='[1]USDA Comp'!$K$4 -> USDA | I4: ='[1]USDA Comp'!$L$4 -> Change from July | J4: =G4 -> RLC | K4: =H4 -> USDA | L4: =I4 -> Change from July
O5: 18/19 | P5: =D3 -> 19/20 | Q5: =E3 -> 20/21 | R5: =F3 -> 21/22 | S5: =G3 -> 23/24 | T5: =J3 -> 24/25
B6: Beginning Stocks (October 1) | C6: ='Malaysia Palm Complex'!BH9 -> 2529.447 | D6: ='Malaysia Palm Complex'!BI9 -> 2448.448 | E6: ='Malaysia Palm Complex'!BJ9 -> 1722.087 | F6: =E14 -> 1756.404 | G6: 2318 | H6: 2312 | I6: =H6-S6 -> 0 | J6: 2314 | K6: 2014 | L6: =K6-T6 -> 0 | O6: 2529.447 | P6: 2448.448 | Q6: 1722.087 | R6: 1756 | S6: 2312 | T6: 2014
B7: Production | C7: ='Malaysia Palm Complex'!BH10 -> 20808.783 | D7: ='Malaysia Palm Complex'!BI10 -> 19254.981 | E7: ='Malaysia Palm Complex'!BJ10 -> 17850.997 | F7: ='Malaysia Palm Complex'!BK10 -> 18150.738 | G7: =19800-1000+200-400-200-13 -> 18387 | H7: 19710 | I7: =H7-S7 -> 0 | J7: =19300-300 -> 19000 | K7: 19200 | L7: =K7-T7 -> -100 | O7: 20808.783 | P7: 19254.981 | Q7: 17850.997 | R7: 18152 | S7: 19710 | T7: 19300
B8: Imports | C8: ='Malaysia Palm Complex'!BH11 -> 1054.596 | D8: ='Malaysia Palm Complex'!BI11 -> 789.544 | E8: ='Malaysia Palm Complex'!BJ11 -> 1362.743 | F8: ='Malaysia Palm Complex'!BK11 -> 1210.614 | G8: =1100+200-300-50-100+85 -> 935 | H8: 189 | I8: =H8-S8 -> 0 | J8: =1400 -> 1400 | K8: 250 | L8: =K8-T8 -> 0 | O8: 1054.596 | P8: 789.544 | Q8: 1362.743 | R8: 1237 | S8: 189 | T8: 250
B9: Total Supply | C9: ='Malaysia Palm Complex'!BH12 -> 24392.826 | D9: ='Malaysia Palm Complex'!BI12 -> 22492.973 | E9: =SUM(E6:E8) -> 20935.827 | F9: =SUM(F6:F8) -> 21117.756 | G9: =SUM(G6:G8) -> 21640 | H9: =SUM(H6:H8) -> 22211 | I9: =H9-S9 -> 0 | J9: =J8+J7+J6 -> 22714 | K9: =K8+K7+K6 -> 21464 | L9: =K9-T9 -> -100 | O9: 24392.826 | P9: 22492.973 | Q9: 20935.827 | R9: 21145 | S9: 22211 | T9: =T8+T7+T6 -> 21564
B10: Domestic Usage | C10: ='Malaysia Palm Complex'!BH13 -> 3581.912 | D10: ='Malaysia Palm Complex'!BI13 -> 3567.705 | E10: ='Malaysia Palm Complex'!BJ13 -> 3296.409 | F10: ='Malaysia Palm Complex'!BK13 -> 3255.191 | G10: =3605-45+70-15+10-25-50+50+371 -> 3971 | H10: 3667 | I10: =H10-S10 -> 0 | J10: 3970 | K10: 3715 | L10: =K10-T10 -> -255 | O10: 3581.912 | P10: 3567.705 | Q10: 3296.409 | R10: 3303 | S10: 3667 | T10: 3970
B11: Biodiesel | C11: 2766 | D11: =2500+200 -> 2700 | E11: ='Malaysia Palm Complex'!BJ14 -> 2402 | F11: ='Malaysia Palm Complex'!BK14 -> 2423 | G11: =2700-50+50+300 -> 3000 | H11: 2802 | I11: =H11-S11 -> 0 | J11: 3000 | K11: 2750 | L11: =K11-T11 -> -250 | O11: 2766 | P11: 2700 | Q11: 2600 | R11: 2423 | S11: 2802 | T11: 3000
B12: Exports | C12: ='Malaysia Palm Complex'!BH16 -> 18362.466 | D12: ='Malaysia Palm Complex'!BI16 -> 17203.181 | E12: ='Malaysia Palm Complex'!BJ16 -> 15883.014 | F12: ='Malaysia Palm Complex'!BK16 -> 15544.363 | G12: =16720-220+200-400-300-200-445 -> 15355 | H12: 16530 | I12: =H12-S12 -> 0 | J12: =16500-100 -> 16400 | K12: 15800 | L12: =K12-T12 -> -100 | O12: 18362.466 | P12: 17203.181 | Q12: 15883.014 | R12: 15527 | S12: 16530 | T12: 15900
B13: Total Use | C13: =C12+C10 -> 21944.378 | D13: =D12+D10 -> 20770.886 | E13: =E12+E10 -> 19179.423 | F13: =F12+F10 -> 18799.554 | G13: =G12+G10 -> 19326 | H13: =H9-H14 -> 20197 | I13: =H13-S13 -> 0 | J13: =J12+J10 -> 20370 | K13: =K9-K14 -> 19515 | L13: =K13-T13 -> 0 | O13: 21944.378 | P13: 20770.886 | Q13: 19179.423 | R13: 18830 | S13: 20197 | T13: =K9-K14 -> 19515
B14: Ending Stocks (September 30) | C14: =C9-C13 -> 2448.448 | D14: =D9-D13 -> 1722.087 | E14: =E9-E13 -> 1756.404 | F14: =F9-F13 -> 2318.202 | G14: =G9-G13 -> 2314 | H14: 2014 | I14: =H14-S14 -> 0 | J14: =J9-J13 -> 2344 | K14: 1949 | L14: =K14-T14 -> -295 | O14: 2448.448 | P14: 1722.087 | Q14: 1756.404 | R14: 2315 | S14: 2014 | T14: 2244

Sheet SE Asia Palm Complex
B2: SOUTHEASTERN ASIA PALM OIL COMPLEX
C3: 93/94 | D3: 94/95 | E3: 95/96 | F3: 96/97 | G3: 97/98 | H3: 98/99 | I3: 99/00 | J3: 00/01 | K3: 01/02 | L3: 02/03 | M3: 03/04 | N3: 04/05 | O3: 05/06 | P3: 06/07 | Q3: 07/08 | R3: 08/09 | S3: 09/10 | T3: 10/11 | U3: 11/12 | V3: 12/13 | W3: 13/14 | X3: 14/15 | Y3: 15/16 | Z3: 16/17 | AA3: 17/18 | AB3: 18/19 | AC3: 19/20 | AD3: 20/21 | AE3: 21/22 | AF3: 22/23 | AG3: 23/24
B4: SOUTHEASTERN ASIA PALM AREA AND YIELD (1,000 Hectares)
B5: Immature Planted Area
B6: Mature Planted Area | C6: ='Malaysia Palm Complex'!AI5+'Indonesia Palm Complex'!B5 -> #REF! | D6: ='Malaysia Palm Complex'!AJ5+'Indonesia Palm Complex'!C5 -> #REF! | E6: ='Malaysia Palm Complex'!AK5+'Indonesia Palm Complex'!D5 -> #REF! | F6: ='Malaysia Palm Complex'!AL5+'Indonesia Palm Complex'!E5 -> #REF! | G6: ='Malaysia Palm Complex'!AM5+'Indonesia Palm Complex'!F5 -> #REF! | H6: ='Malaysia Palm Complex'!AN5+'Indonesia Palm Complex'!G5 -> #REF! | I6: ='Malaysia Palm Complex'!AO5+'Indonesia Palm Complex'!H5 -> #REF! | J6: ='Malaysia Palm Complex'!AP5+'Indonesia Palm Complex'!I5 -> #REF! | ... AG6: ='Malaysia Palm Complex'!BM5+'Indonesia Palm Complex'!AF5 -> #REF!
B7: Total Planted Area | C7: =C6 -> #REF! | D7: =D6 -> #REF! | E7: =E6 -> #REF! | F7: =F6 -> #REF! | G7: =G6 -> #REF! | H7: =H6 -> #REF! | I7: =I6 -> #REF! | J7: =J6 -> #REF! | ... AG7: =AG6 -> #REF!
B8: Oil Yield (Tonnes/Hectare) | C8: =C11/C6 -> #REF! | D8: =D11/D6 -> #REF! | E8: =E11/E6 -> #REF! | F8: =F11/F6 -> #REF! | G8: =G11/G6 -> #REF! | H8: =H11/H6 -> #REF! | I8: =I11/I6 -> #REF! | J8: =J11/J6 -> #REF! | ... AG8: =AG11/AG6 -> #REF!
B9: SOUTHEASTERN ASIA PALM OIL SUPPLY AND DEMAND (1,000 Tonnes) | AJ9: Malaysia | AK9: Indonesia | AL9: Combined
B10: Beginning Stocks (October 1) | C10: 79 | D10: =C19 -> 640.288 | E10: =D19 -> 720.269 | F10: =E19 -> 1037.438 | G10: =F19 -> 1143.041 | H10: =G19 -> 967.79 | I10: =H19 -> 1410.103 | J10: =I19 -> 1759.066 | K10: =J19 -> 1870.889 | ... AG10: =AF19 -> 5415.329 | AJ10: ='Malaysia Palm Complex'!BL9 -> 2318.202 | AK10: ='Indonesia Palm Complex'!AE9 -> 4025 | AL10: =AK10+AJ10 -> 6343.202
B11: Production | C11: =#REF! -> #REF! | D11: =#REF! -> #REF! | E11: =#REF! -> #REF! | F11: =#REF! -> #REF! | G11: =#REF! -> #REF! | H11: =#REF! -> #REF! | I11: =#REF! -> #REF! | J11: =#REF! -> #REF! | ... X11: =#REF! -> #REF! | Y11: =Y69 -> 51237.153 | Z11: =Z69 -> 58885.009 | AA11: =AA69 -> 66894.132 | AB11: =AB69 -> 72696.783 | AC11: =AC69 -> 69334.981 | AD11: =AD69 -> 69875.997 | AE11: =AE69 -> 67899.738 | AF11: ='Malaysia Palm Complex'!BL10+'Indonesia Palm Complex'!AE10 -> 73947.23 | AG11: ='Malaysia Palm Complex'!BM10+'Indonesia Palm Complex'!AF10 -> #REF! | AJ11: ='Malaysia Palm Complex'!BL10 -> 18388.23 | AK11: ='Indonesia Palm Complex'!AE10 -> 55559 | AL11: =AK11+AJ11 -> 73947.23
B12: Imports | C12: 159 | D12: 49 | E12: 46 | F12: =F100 -> 16.360143 | G12: =G100 -> 24.761217 | H12: =H100 -> 29.016755 | I12: =I100 -> 5.0673407 | J12: =J100 -> 11.137188 | K12: =K100 -> 42.343203 | L12: =L100 -> 30.249879 | M12: =M100 -> 19.461931 | ... AG12: =AG100 -> 42.812823 | AI12: -845 | AJ12: ='Malaysia Palm Complex'!BL11 -> 949.562 | AK12: ='Indonesia Palm Complex'!AE11 -> 0.65 | AL12: =AK12+AJ12 -> 950.212
B13: Total Supply | C13: =SUM(C10:C12) -> #REF! | D13: =SUM(D10:D12) -> #REF! | E13: =SUM(E10:E12) -> #REF! | F13: =SUM(F10:F12) -> #REF! | G13: =SUM(G10:G12) -> #REF! | H13: =SUM(H10:H12) -> #REF! | I13: =SUM(I10:I12) -> #REF! | J13: =SUM(J10:J12) -> #REF! | ... AG13: =SUM(AG10:AG12) -> #REF! | AJ13: ='Malaysia Palm Complex'!BL12 -> 21655.994 | AK13: ='Indonesia Palm Complex'!AE12 -> 59584.65 | AL13: =AK13+AJ13 -> 81240.644
B14: Domestic Usage | C14: =C132 -> #REF! | D14: =D132 -> #REF! | E14: =E132 -> #REF! | F14: =F132 -> #REF! | G14: =G132 -> #REF! | H14: =H132 -> #REF! | I14: =I132 -> #REF! | J14: =J132 -> #REF! | ... Z14: =Z132 -> 15301.072 | AA14: =AA18-AA17 -> 24725.815 | AB14: =AB18-AB17 -> 31853.62 | AC14: =AC18-AC17 -> 26707.027 | AD14: =AD18-AD17 -> 29994.232 | AE14: =AE18-AE17 -> 32261.15 | AF14: =AF18-AF17 -> 34724.349 | AG14: =AG18-AG17 -> #REF! | AJ14: ='Malaysia Palm Complex'!BL13 -> 3966.738 | AK14: ='Indonesia Palm Complex'!AE13 -> 28404.795 | AL14: =AK14+AJ14 -> 32371.533
B15: Industrial Usage | C15: ='Malaysia Palm Complex'!AI14+'Indonesia Palm Complex'!B14 -> 1011 | D15: ='Malaysia Palm Complex'!AJ14+'Indonesia Palm Complex'!C14 -> 930 | E15: ='Malaysia Palm Complex'!AK14+'Indonesia Palm Complex'!D14 -> 1130 | F15: ='Malaysia Palm Complex'!AL14+'Indonesia Palm Complex'!E14 -> 1230 | G15: ='Malaysia Palm Complex'!AM14+'Indonesia Palm Complex'!F14 -> 1146 | H15: ='Malaysia Palm Complex'!AN14+'Indonesia Palm Complex'!G14 -> 1201 | I15: ='Malaysia Palm Complex'!AO14+'Indonesia Palm Complex'!H14 -> 1280 | J15: ='Malaysia Palm Complex'!AP14+'Indonesia Palm Complex'!I14 -> 1311 | ... AG15: ='Malaysia Palm Complex'!BM14+'Indonesia Palm Complex'!AF14 -> 12601 | AJ15: ='Malaysia Palm Complex'!BL14 -> 3100 | AK15: ='Indonesia Palm Complex'!AE14 -> 9601 | AL15: =AK15+AJ15 -> 12701
B16: Food, Feed & Waste Usage | C16: =C14-C15 -> #REF! | D16: =D14-D15 -> #REF! | E16: =E14-E15 -> #REF! | F16: =F14-F15 -> #REF! | G16: =G14-G15 -> #REF! | H16: =H14-H15 -> #REF! | I16: =I14-I15 -> #REF! | J16: =J14-J15 -> #REF! | ... AG16: =AG14-AG15 -> #REF! | AJ16: ='Malaysia Palm Complex'!BL15 -> 866.738 | AK16: ='Indonesia Palm Complex'!AE15 -> 18803.795 | AL16: =AK16+AJ16 -> 19670.533
B17: Exports | C17: =C116 -> 6666.312 | D17: =D116 -> 6570.581 | E17: =E116 -> 8778.5959 | F17: =F116 -> 9714.1072 | G17: =G116 -> 9085.3696 | H17: =H116 -> 10951.255 | I17: =I116 -> 12569.997 | J17: =J116 -> 15079.64 | ... AF17: =AF116 -> 40197.319 | AG17: ='Malaysia Palm Complex'!BM16+'Indonesia Palm Complex'!AF16 -> 40039.748 | AJ17: ='Malaysia Palm Complex'!BL16 -> 15376.927 | AK17: ='Indonesia Palm Complex'!AE16 -> 28076.855 | AL17: =AK17+AJ17 -> 43453.782
B18: Total Use | C18: =C17+C14 -> #REF! | D18: =D17+D14 -> #REF! | E18: =E17+E14 -> #REF! | F18: =F17+F14 -> #REF! | G18: =G17+G14 -> #REF! | H18: =H17+H14 -> #REF! | I18: =I17+I14 -> #REF! | J18: =J17+J14 -> #REF! | ... Z18: =Z17+Z14 -> 57727.846 | AA18: =AA13-AA19 -> 64784.318 | AB18: =AB13-AB19 -> 73738.065 | AC18: =AC13-AC19 -> 68580.05 | AD18: =AD13-AD19 -> 71620.734 | AE18: =AE13-AE19 -> 67059.362 | AF18: =AF13-AF19 -> 74921.668 | AG18: =AG13-AG19 -> #REF! | AJ18: ='Malaysia Palm Complex'!BL17 -> 19343.665 | AK18: ='Indonesia Palm Complex'!AE17 -> 56481.65 | AL18: =AK18+AJ18 -> 75825.315
B19: Ending Stocks (September 30) | C19: ='Malaysia Palm Complex'!AI18+'Indonesia Palm Complex'!B18 -> 640.288 | D19: ='Malaysia Palm Complex'!AJ18+'Indonesia Palm Complex'!C18 -> 720.269 | E19: ='Malaysia Palm Complex'!AK18+'Indonesia Palm Complex'!D18 -> 1037.438 | F19: ='Malaysia Palm Complex'!AL18+'Indonesia Palm Complex'!E18 -> 1143.041 | G19: ='Malaysia Palm Complex'!AM18+'Indonesia Palm Complex'!F18 -> 967.79 | H19: ='Malaysia Palm Complex'!AN18+'Indonesia Palm Complex'!G18 -> 1410.103 | I19: ='Malaysia Palm Complex'!AO18+'Indonesia Palm Complex'!H18 -> 1759.066 | J19: ='Malaysia Palm Complex'!AP18+'Indonesia Palm Complex'!I18 -> 1870.889 | ... AG19: ='Malaysia Palm Complex'!BM18+'Indonesia Palm Complex'!AF18 -> 6100 | AJ19: ='Malaysia Palm Complex'!BL18 -> 2312.329 | AK19: ='Indonesia Palm Complex'!AE18 -> 3103 | AL19: =AK19+AJ19 -> 5415.329
B20: Stocks/Use | C20: =C19/C18 -> #REF! | D20: =D19/D18 -> #REF! | E20: =E19/E18 -> #REF! | F20: =F19/F18 -> #REF! | G20: =G19/G18 -> #REF! | H20: =H19/H18 -> #REF! | I20: =I19/I18 -> #REF! | J20: =J19/J18 -> #REF! | ... AG20: =AG19/AG18 -> #REF!
B21: Futures Price (Ringgit/Tonne) | C21: =C163 -> 1113.6667 | D21: =D163 -> 1508.1667 | E21: =E163 -> 1220.5 | F21: =F163 -> 1267.5833 | G21: =G163 -> 2230.25 | H21: =H163 -> 1646.25 | I21: =I163 -> 1085.25 | J21: =J163 -> 848.91667 | ... Y21: =Y163 -> 2489.8333 | Z21: ='Malaysia Palm Complex'!BF20 -> 2489.583 | AA21: ='Malaysia Palm Complex'!BG20 -> 2765.9247 | AB21: ='Malaysia Palm Complex'!BH20 -> 2437.8111 | AC21: ='Malaysia Palm Complex'!BI20 -> 2123.1101 | AD21: ='Malaysia Palm Complex'!BJ20 -> 2536.9567 | AE21: ='Malaysia Palm Complex'!BK20 -> 3738.8059 | AF21: ='Malaysia Palm Complex'!BL20 -> 3858.6364 | AG21: ='Malaysia Palm Complex'!BM20 -> 3974
B22: SOUTHEASTERN ASIA PALM KERNEL SUPPLY AND DEMAND (1,000 Tonnes)
B23: Beginning Stocks (October 1) | C23: 10 | D23: =C30 -> 15 | E23: =D30 -> 75 | F23: =E30 -> 100 | G23: =F30 -> 70 | H23: =G30 -> 7 | I23: =H30 -> 3 | J23: =I30 -> 8 | K23: =J30 -> 10 | ... AG23: =AF30 -> 62
B24: Production | C24: 1030 | D24: 1175 | E24: 1410 | F24: 1590 | G24: 1475 | H24: 1710 | I24: 2120 | J24: 2440 | K24: 2640 | L24: 2950 | M24: 3300 | N24: 3850 | O24: 4235 | P24: 4450 | Q24: 4788 | R24: 5470 | S24: 5875 | T24: 6200 | U24: 6900 | V24: 7480 | W24: 8100 | X24: 8700 | Y24: 8500 | Z24: 9500 | AA24: =MROUND(AA11*AA195,250) -> #REF! | AB24: =MROUND(AB11*AB195,250) -> #REF! | AC24: =MROUND(AC11*AC195,250) -> #REF! | AD24: =MROUND(AD11*AD195,250) -> #REF! | AE24: =MROUND(AE11*AE195,250) -> #REF! | AF24: =MROUND(AF11*AF195,250) -> #REF! | AG24: =MROUND(AG11*AG195,250) -> #REF!
B25: Imports | C25: 0 | D25: 0 | E25: 0 | F25: =F211 -> 5.482757 | G25: =G211 -> 0.066252 | H25: =H211 -> 0.026275 | I25: =I211 -> 0.017722 | J25: =J211 -> 0.075281 | K25: =K211 -> 0.074686 | L25: =L211 -> 0.004392 | M25: =M211 -> 0.013117 | ... Z25: =Z211 -> 0.002 | AA25: 0 | AB25: 0 | AC25: 0 | AD25: 0 | AE25: 0 | AF25: 0 | AG25: 0
B26: Total Supply | C26: =SUM(C23:C25) -> 1040 | D26: =SUM(D23:D25) -> 1190 | E26: =SUM(E23:E25) -> 1485 | F26: =SUM(F23:F25) -> 1695.4828 | G26: =SUM(G23:G25) -> 1545.0663 | H26: =SUM(H23:H25) -> 1717.0263 | I26: =SUM(I23:I25) -> 2123.0177 | J26: =SUM(J23:J25) -> 2448.0753 | ... AG26: =SUM(AG23:AG25) -> #REF!
B27: Crush/Domestic Usage | C27: =C243 -> 1025 | D27: =D243 -> 1115 | E27: =E243 -> 1385.0671 | F27: =F243 -> 1625.3774 | G27: =G243 -> 1537.9983 | H27: =H243 -> 1704.9294 | I27: =I243 -> 2105.4207 | J27: =J243 -> 2437.0378 | ... Z27: =Z243 -> 9449.693 | AA27: =AA29-AA28 -> #REF! | AB27: =AB29-AB28 -> #REF! | AC27: =AC29-AC28 -> #REF! | AD27: =AD29-AD28 -> #REF! | AE27: =AE29-AE28 -> #REF! | AF27: =AF29-AF28 -> #REF! | AG27: =AG29-AG28 -> #REF!
B28: Exports | C28: 0 | D28: 0 | E28: 0 | F28: =F227 -> 0.105382 | G28: =G227 -> 0.068 | H28: =H227 -> 9.096831 | I28: =I227 -> 9.597012 | J28: =J227 -> 1.037478 | K28: =K227 -> 5.676203 | L28: =L227 -> 4.326389 | M28: =M227 -> 28.74802 | ... Z28: =Z227 -> 57.309 | AA28: 0 | AB28: 0 | AC28: 0 | AD28: 0 | AE28: 0 | AF28: 0 | AG28: 0
B29: Total Use | C29: =SUM(C27:C28) -> 1025 | D29: =SUM(D27:D28) -> 1115 | E29: =SUM(E27:E28) -> 1385.0671 | F29: =SUM(F27:F28) -> 1625.4828 | G29: =SUM(G27:G28) -> 1538.0663 | H29: =SUM(H27:H28) -> 1714.0263 | I29: =SUM(I27:I28) -> 2115.0177 | J29: =SUM(J27:J28) -> 2438.0753 | ... Z29: =SUM(Z27:Z28) -> 9507.002 | AA29: =AA26-AA30 -> #REF! | AB29: =AB26-AB30 -> #REF! | AC29: =AC26-AC30 -> #REF! | AD29: =AD26-AD30 -> #REF! | AE29: =AE26-AE30 -> #REF! | AF29: =AF26-AF30 -> #REF! | AG29: =AG26-AG30 -> #REF!
B30: Ending Stocks (September 30) | C30: 15 | D30: 75 | E30: 100 | F30: 70 | G30: 7 | H30: 3 | I30: 8 | J30: 10 | K30: 34 | L30: 38 | M30: 47 | N30: 49 | O30: 35 | P30: 115 | Q30: 20 | R30: 190 | S30: 40 | T30: 65 | U30: 60 | V30: 90 | W30: 70 | X30: 50 | Y30: 60 | Z30: 53 | AA30: 58 | AB30: 60 | AC30: 60 | AD30: 60 | AE30: 61 | AF30: 62 | AG30: 63
B31: Stocks/Use | C31: =C30/C29 -> 0.014634146 | D31: =D30/D29 -> 0.067264574 | E31: =E30/E29 -> 0.072198671 | F31: =F30/F29 -> 0.04306413 | G31: =G30/G29 -> 0.0045511694 | H31: =H30/H29 -> 0.0017502649 | I31: =I30/I29 -> 0.0037824742 | J31: =J30/J29 -> 0.0041015961 | ... AG31: =AG30/AG29 -> #REF!
B32: SOUTHEASTERN ASIA PALM KERNEL CAKE SUPPLY AND DEMAND (1,000 Tonnes)
B33: Beginning Stocks (October 1) | C33: 37 | D33: =C40 -> 39 | E33: =D40 -> 65 | F33: =E40 -> 68 | G33: =F40 -> 78 | H33: =G40 -> 54 | I33: =H40 -> 45 | J33: =I40 -> 50 | K33: =J40 -> 5 | ... AG33: =AF40 -> 272
B34: Production | C34: 530 | D34: 575 | E34: 715 | F34: 838 | G34: 795 | H34: 875 | I34: 1080 | J34: 1250 | K34: 1339 | L34: 1498 | M34: 1687 | N34: 1947 | O34: 2140 | P34: 2240 | Q34: 2550 | R34: 2740 | S34: 3115 | T34: 3195 | U34: 3572 | V34: 3920 | W34: 4250 | X34: 4550 | Y34: 4450 | Z34: 4900 | AA34: 5300 | AB34: =MROUND(AB243*AB290,100) -> #REF! | AC34: =MROUND(AC243*AC290,100) -> #REF! | AD34: =MROUND(AD243*AD290,100) -> #REF! | AE34: =MROUND(AE243*AE290,100) -> #REF! | AF34: =MROUND(AF243*AF290,100) -> #REF! | AG34: =MROUND(AG243*AG290,100) -> #REF!
B35: Imports | C35: 0 | D35: 0 | E35: 0 | F35: =F306 -> 0 | G35: =G306 -> 0 | H35: =H306 -> 0 | I35: =I306 -> 0 | J35: =J306 -> 0 | K35: =K306 -> 0.019 | L35: =L306 -> 0 | M35: =M306 -> 0.453 | ... Z35: =Z306 -> 0.072 | AA35: 0 | AB35: 0 | AC35: 0 | AD35: 0 | AE35: 0 | AF35: 0 | AG35: 0
B36: Total Supply | C36: =SUM(C33:C35) -> 567 | D36: =SUM(D33:D35) -> 614 | E36: =SUM(E33:E35) -> 780 | F36: =SUM(F33:F35) -> 906 | G36: =SUM(G33:G35) -> 873 | H36: =SUM(H33:H35) -> 929 | I36: =SUM(I33:I35) -> 1125 | J36: =SUM(J33:J35) -> 1300 | ... AG36: =SUM(AG33:AG35) -> #REF!
B37: Domestic Usage | C37: =C338 -> 65 | D37: =D338 -> 80 | E37: =E338 -> 110 | F37: =F338 -> 212.47943 | G37: =G338 -> 116.05304 | H37: =H338 -> 153.26795 | I37: =I338 -> 184.94475 | J37: =J338 -> 475.60622 | ... Z37: =Z338 -> 1993.677 | AA37: =AA39-AA38 -> 1300 | AB37: =AB39-AB38 -> #REF! | AC37: =AC39-AC38 -> #REF! | AD37: =AD39-AD38 -> #REF! | AE37: =AE39-AE38 -> #REF! | AF37: =AF39-AF38 -> #REF! | AG37: =AG39-AG38 -> #REF!
B38: Exports | C38: 463 | D38: 469 | E38: 602 | F38: =F322 -> 615.52057 | G38: =G322 -> 702.94696 | H38: =H322 -> 730.73205 | I38: =I322 -> 890.05525 | J38: =J322 -> 819.39378 | K38: =K322 -> 780.81969 | L38: =L322 -> 740.19228 | M38: =M322 -> 1193.3348 | ... Z38: =Z322 -> 2924.395 | AA38: 4000 | AB38: 4000 | AC38: 4000 | AD38: 4000 | AE38: 4001 | AF38: 4002 | AG38: 4003
B39: Total Use | C39: =SUM(C37:C38) -> 528 | D39: =SUM(D37:D38) -> 549 | E39: =SUM(E37:E38) -> 712 | F39: =SUM(F37:F38) -> 828 | G39: =SUM(G37:G38) -> 819 | H39: =SUM(H37:H38) -> 884 | I39: =SUM(I37:I38) -> 1075 | J39: =SUM(J37:J38) -> 1295 | ... Z39: =SUM(Z37:Z38) -> 4918.072 | AA39: =AA36-AA40 -> 5300 | AB39: =AB36-AB40 -> #REF! | AC39: =AC36-AC40 -> #REF! | AD39: =AD36-AD40 -> #REF! | AE39: =AE36-AE40 -> #REF! | AF39: =AF36-AF40 -> #REF! | AG39: =AG36-AG40 -> #REF!
B40: Ending Stocks (September 30) | C40: 39 | D40: 65 | E40: 68 | F40: 78 | G40: 54 | H40: 45 | I40: 50 | J40: 5 | K40: 6 | L40: 6 | M40: 20 | N40: 39 | O40: 29 | P40: 228 | Q40: 0 | R40: 19 | S40: 172 | T40: 84 | U40: 51 | V40: 90 | W40: 202 | X40: 261 | Y40: 288 | Z40: 270 | AA40: 270 | AB40: 270 | AC40: 270 | AD40: 270 | AE40: 271 | AF40: 272 | AG40: 273
B41: Stocks/Use | C41: =C40/C39 -> 0.073863636 | D41: =D40/D39 -> 0.11839709 | E41: =E40/E39 -> 0.095505618 | F41: =F40/F39 -> 0.094202899 | G41: =G40/G39 -> 0.065934066 | H41: =H40/H39 -> 0.050904977 | I41: =I40/I39 -> 0.046511628 | J41: =J40/J39 -> 0.0038610039 | ... AG41: =AG40/AG39 -> #REF!
B42: SOUTHEASTERN ASIA PALM KERNEL OIL SUPPLY AND DEMAND (1,000 Tonnes)
B43: Beginning Stocks (October 1) | C43: 17 | D43: =C50 -> 12 | E43: =D50 -> 46 | F43: =E50 -> 67 | G43: =F50 -> 65 | H43: =G50 -> 45 | I43: =H50 -> 66 | J43: =I50 -> 73 | K43: =J50 -> 75 | ... AG43: =AF50 -> 252
B44: Production | C44: 450 | D44: 490 | E44: 600 | F44: 700 | G44: 662 | H44: 737 | I44: 910 | J44: 1050 | K44: 1120 | L44: 1254 | M44: 1411 | N44: 1630 | O44: 1797 | P44: 1875 | Q44: 2110 | R44: 2290 | S44: 2605 | T44: 2680 | U44: 2996 | V44: 3231 | W44: 3530 | X44: 3780 | Y44: 3670 | Z44: 4100 | AA44: 4400 | AB44: =MROUND(AB243*AB385,100) -> #REF! | AC44: =MROUND(AC243*AC385,100) -> #REF! | AD44: =MROUND(AD243*AD385,100) -> #REF! | AE44: =MROUND(AE243*AE385,100) -> #REF! | AF44: =MROUND(AF243*AF385,100) -> #REF! | AG44: =MROUND(AG243*AG385,100) -> #REF!
B45: Imports | C45: 0 | D45: 0 | E45: 3 | F45: =F401 -> 3.224 | G45: =G401 -> 1.028 | H45: =H401 -> 1.144 | I45: =I401 -> 1.884 | J45: =J401 -> 6.4 | K45: =K401 -> 2.504 | L45: =L401 -> 1.676 | M45: =M401 -> 3.1 | ... Z45: =Z401 -> 0 | AA45: 0 | AB45: 0 | AC45: 0 | AD45: 0 | AE45: 1 | AF45: 2 | AG45: 3
B46: Total Supply | C46: =SUM(C43:C45) -> 467 | D46: =SUM(D43:D45) -> 502 | E46: =SUM(E43:E45) -> 649 | F46: =SUM(F43:F45) -> 770.224 | G46: =SUM(G43:G45) -> 728.028 | H46: =SUM(H43:H45) -> 783.144 | I46: =SUM(I43:I45) -> 977.884 | J46: =SUM(J43:J45) -> 1129.4 | ... AG46: =SUM(AG43:AG45) -> #REF!
B47: Domestic Usage | C47: =C433 -> 101.336 | D47: =D433 -> 186.191 | E47: =E433 -> 212.563 | F47: =F433 -> 242.945 | G47: =G433 -> 215.244 | H47: =H433 -> 270.282 | I47: =I433 -> 301.961 | J47: =J433 -> 338.089 | ... Z47: =Z433 -> 3324.1545 | AA47: =AA49-AA48 -> 2760 | AB47: =AB49-AB48 -> #REF! | AC47: =AC49-AC48 -> #REF! | AD47: =AD49-AD48 -> #REF! | AE47: =AE49-AE48 -> #REF! | AF47: =AF49-AF48 -> #REF! | AG47: =AG49-AG48 -> #REF!
B48: Exports | C48: 295 | D48: 294 | E48: 352 | F48: =F417 -> 435.407 | G48: =G417 -> 442.09 | H48: =H417 -> 513.74 | I48: =I417 -> 538.307 | J48: =J417 -> 578.257 | K48: =K417 -> 729.184 | L48: =L417 -> 656.55 | M48: =M417 -> 812.12 | ... Z48: =Z417 -> 780.67949 | AA48: 1500 | AB48: 1500 | AC48: 1500 | AD48: 1500 | AE48: 1501 | AF48: 1502 | AG48: 1503
B49: Total Use | C49: =SUM(C47:C48) -> 396.336 | D49: =SUM(D47:D48) -> 480.191 | E49: =SUM(E47:E48) -> 564.563 | F49: =SUM(F47:F48) -> 678.352 | G49: =SUM(G47:G48) -> 657.334 | H49: =SUM(H47:H48) -> 784.022 | I49: =SUM(I47:I48) -> 840.268 | J49: =SUM(J47:J48) -> 916.346 | ... Z49: =SUM(Z47:Z48) -> 4104.834 | AA49: =AA46-AA50 -> 4260 | AB49: =AB46-AB50 -> #REF! | AC49: =AC46-AC50 -> #REF! | AD49: =AD46-AD50 -> #REF! | AE49: =AE46-AE50 -> #REF! | AF49: =AF46-AF50 -> #REF! | AG49: =AG46-AG50 -> #REF!
B50: Ending Stocks (September 30) | C50: 12 | D50: 46 | E50: 67 | F50: 65 | G50: 45 | H50: 66 | I50: 73 | J50: 75 | K50: 45 | L50: 74 | M50: 77 | N50: 52 | O50: 14 | P50: 0 | Q50: 39 | R50: 41 | S50: 200 | T50: 295 | U50: 366 | V50: 293 | W50: 349 | X50: 248 | Y50: 155 | Z50: 243 | AA50: 383 | AB50: 300 | AC50: 275 | AD50: 250 | AE50: 251 | AF50: 252 | AG50: 253
B51: Stocks/Use | C51: =C50/C49 -> 0.03027734 | D51: =D50/D49 -> 0.095795215 | E51: =E50/E49 -> 0.11867586 | F51: =F50/F49 -> 0.095820459 | G51: =G50/G49 -> 0.068458348 | H51: =H50/H49 -> 0.084181311 | I51: =I50/I49 -> 0.086877044 | J51: =J50/J49 -> 0.081846813 | ... AG51: =AG50/AG49 -> #REF!
B52: Futures Price (Ringgit/Tonne) | N52: =N464 -> 2217.5833 | O52: =O464 -> 1953.75 | P52: =P464 -> 2455.8333 | Q52: =Q464 -> 3785.3333 | R52: =R464 -> 2210.3333 | S52: =S464 -> 3101.8333 | T52: =T464 -> 5179.8333 | U52: =U464 -> 3617.4167 | ... Z52: =Z464 -> 5619.5833
B53: Bold numbers are The Jacobsen forecasts and estimates
C54: 1993 | D54: 1994 | E54: 1995 | F54: 1996 | G54: 1997 | H54: 1998 | I54: 1999 | J54: 2000 | K54: 2001 | L54: 2002 | M54: 2003 | N54: 2004 | O54: 2005 | P54: 2006 | Q54: 2007 | R54: 2008 | S54: 2009 | T54: 2010 | U54: 2011 | V54: 2012 | W54: 2013 | X54: 2014 | Y54: 2015 | Z54: 2016 | AA54: 2017 | AB54: 2018 | AC54: 2019 | AD54: 2020 | AE54: 2021 | AF54: 2022 | AG54: 2023
B55: PALM OIL PRODUCTION (1,000 Tonnes)
C56: 93/94 | D56: 94/95 | E56: 95/96 | F56: 96/97 | G56: 97/98 | H56: 98/99 | I56: 99/00 | J56: 00/01 | K56: 01/02 | L56: 02/03 | M56: 03/04 | N56: 04/05 | O56: 05/06 | P56: 06/07 | Q56: 07/08 | R56: 08/09 | S56: 09/10 | T56: 10/11 | U56: 11/12 | V56: 12/13 | W56: 13/14 | X56: 14/15 | Y56: 15/16 | Z56: 16/17 | AA56: 17/18 | AB56: 18/19 | AC56: 19/20 | AD56: 20/21 | AE56: =AE3 -> 21/22 | AF56: =AF3 -> 22/23 | AG56: =AG3 -> 23/24 | AL56: =Z56 -> 16/17 | AM56: =AA56 -> 17/18 | AN56: =AB56 -> 18/19 | AO56: =AC56 -> 19/20 | AP56: =AD56 -> 20/21 | AQ56: =AE56 -> 21/22 | AR56: =AF56 -> 22/23 | AS56: =AG56 -> 23/24 | AT56: 5-Yr. Avg
B57: October | C57: ='Malaysia Palm Complex'!AI89+'Indonesia Palm Complex'!B56 -> #REF! | D57: ='Malaysia Palm Complex'!AJ89+'Indonesia Palm Complex'!C56 -> #REF! | E57: ='Malaysia Palm Complex'!AK89+'Indonesia Palm Complex'!D56 -> #REF! | F57: ='Malaysia Palm Complex'!AL89+'Indonesia Palm Complex'!E56 -> #REF! | G57: ='Malaysia Palm Complex'!AM89+'Indonesia Palm Complex'!F56 -> #REF! | H57: ='Malaysia Palm Complex'!AN89+'Indonesia Palm Complex'!G56 -> #REF! | I57: ='Malaysia Palm Complex'!AO89+'Indonesia Palm Complex'!H56 -> #REF! | J57: ='Malaysia Palm Complex'!AP89+'Indonesia Palm Complex'!I56 -> #REF! | ... AG57: ='Malaysia Palm Complex'!BM89+'Indonesia Palm Complex'!AF56 -> 6890.224 | AL57: =Z57/31 -> 168.64106 | AM57: =AA57/31 -> 198.86574 | AN57: =AB57/31 -> 208.90174 | AO57: =AC57/31 -> 203.70455 | AP57: =AD57/31 -> 224.72771 | AQ57: =AE57/31 -> 197.99474 | AR57: =AF57/31 -> 219.79342 | AS57: =AG57/31 -> 222.26529 | AT57: =AVERAGE(AM57:AQ57) -> 206.8389
B58: November | C58: ='Malaysia Palm Complex'!AI90+'Indonesia Palm Complex'!B57 -> #REF! | D58: ='Malaysia Palm Complex'!AJ90+'Indonesia Palm Complex'!C57 -> #REF! | E58: ='Malaysia Palm Complex'!AK90+'Indonesia Palm Complex'!D57 -> #REF! | F58: ='Malaysia Palm Complex'!AL90+'Indonesia Palm Complex'!E57 -> #REF! | G58: ='Malaysia Palm Complex'!AM90+'Indonesia Palm Complex'!F57 -> #REF! | H58: ='Malaysia Palm Complex'!AN90+'Indonesia Palm Complex'!G57 -> #REF! | I58: ='Malaysia Palm Complex'!AO90+'Indonesia Palm Complex'!H57 -> #REF! | J58: ='Malaysia Palm Complex'!AP90+'Indonesia Palm Complex'!I57 -> #REF! | ... AG58: ='Malaysia Palm Complex'!BM90+'Indonesia Palm Complex'!AF57 -> 6481.87 | AL58: =Z58/30 -> 167.09793 | AM58: =AA58/30 -> 203.6949 | AN58: =AB58/30 -> 200.27407 | AO58: =AC58/30 -> 185.16843 | AP58: =AD58/30 -> 202.6517 | AQ58: =AE58/30 -> 200.43107 | AR58: =AF58/30 -> 220.5247 | AS58: =AG58/30 -> 216.06233 | AT58: =AVERAGE(AM58:AQ58) -> 198.44403
B59: December | C59: ='Malaysia Palm Complex'!AI91+'Indonesia Palm Complex'!B58 -> #REF! | D59: ='Malaysia Palm Complex'!AJ91+'Indonesia Palm Complex'!C58 -> #REF! | E59: ='Malaysia Palm Complex'!AK91+'Indonesia Palm Complex'!D58 -> #REF! | F59: ='Malaysia Palm Complex'!AL91+'Indonesia Palm Complex'!E58 -> #REF! | G59: ='Malaysia Palm Complex'!AM91+'Indonesia Palm Complex'!F58 -> #REF! | H59: ='Malaysia Palm Complex'!AN91+'Indonesia Palm Complex'!G58 -> #REF! | I59: ='Malaysia Palm Complex'!AO91+'Indonesia Palm Complex'!H58 -> #REF! | J59: ='Malaysia Palm Complex'!AP91+'Indonesia Palm Complex'!I58 -> #REF! | ... AG59: ='Malaysia Palm Complex'!BM91+'Indonesia Palm Complex'!AF58 -> 5926.796 | AL59: =Z59/31 -> 149.21668 | AM59: =AA59/31 -> 181.84403 | AN59: =AB59/31 -> 177.00123 | AO59: =AC59/31 -> 165.51303 | AP59: =AD59/31 -> 173.60126 | AQ59: =AE59/31 -> 187.50706 | AR59: =AF59/31 -> 204.38171 | AS59: =AG59/31 -> 191.18697 | AT59: =AVERAGE(AM59:AQ59) -> 177.09332
B60: January | C60: ='Malaysia Palm Complex'!AI92+'Indonesia Palm Complex'!B59 -> #REF! | D60: ='Malaysia Palm Complex'!AJ92+'Indonesia Palm Complex'!C59 -> #REF! | E60: ='Malaysia Palm Complex'!AK92+'Indonesia Palm Complex'!D59 -> #REF! | F60: ='Malaysia Palm Complex'!AL92+'Indonesia Palm Complex'!E59 -> #REF! | G60: ='Malaysia Palm Complex'!AM92+'Indonesia Palm Complex'!F59 -> #REF! | H60: ='Malaysia Palm Complex'!AN92+'Indonesia Palm Complex'!G59 -> #REF! | I60: ='Malaysia Palm Complex'!AO92+'Indonesia Palm Complex'!H59 -> #REF! | J60: ='Malaysia Palm Complex'!AP92+'Indonesia Palm Complex'!I59 -> #REF! | ... AG60: ='Malaysia Palm Complex'!BM92+'Indonesia Palm Complex'!AF59 -> 6036.355 | AL60: =Z60/31 -> 133.41448 | AM60: =AA60/31 -> 161.21461 | AN60: =AB60/31 -> 197.30519 | AO60: =AC60/31 -> 160.69465 | AP60: =AD60/31 -> 157.46635 | AQ60: =AE60/31 -> 176.82519 | AR60: =AF60/31 -> 181.98097 | AS60: =AG60/31 -> 194.72113 | AT60: =AVERAGE(AM60:AQ60) -> 170.7012
B61: February | C61: ='Malaysia Palm Complex'!AI93+'Indonesia Palm Complex'!B60 -> #REF! | D61: ='Malaysia Palm Complex'!AJ93+'Indonesia Palm Complex'!C60 -> #REF! | E61: ='Malaysia Palm Complex'!AK93+'Indonesia Palm Complex'!D60 -> #REF! | F61: ='Malaysia Palm Complex'!AL93+'Indonesia Palm Complex'!E60 -> #REF! | G61: ='Malaysia Palm Complex'!AM93+'Indonesia Palm Complex'!F60 -> #REF! | H61: ='Malaysia Palm Complex'!AN93+'Indonesia Palm Complex'!G60 -> #REF! | I61: ='Malaysia Palm Complex'!AO93+'Indonesia Palm Complex'!H60 -> #REF! | J61: ='Malaysia Palm Complex'!AP93+'Indonesia Palm Complex'!I60 -> #REF! | ... AG61: ='Malaysia Palm Complex'!BM93+'Indonesia Palm Complex'!AF60 -> 5511.572 | AL61: =Z61/28 -> 138.91211 | AM61: =AA61/28 -> 167.67161 | AN61: =AB61/28 -> 193.73279 | AO61: =AC61/29 -> 168.84534 | AP61: =AD61/28 -> 160.29414 | AQ61: =AE61/28 -> 177.55221 | AR61: =AF61/28 -> 196.62761 | AS61: =AG61/29 -> 190.05421 | AT61: =AVERAGE(AM61:AQ61) -> 173.61922
B62: March | C62: ='Malaysia Palm Complex'!AI94+'Indonesia Palm Complex'!B61 -> #REF! | D62: ='Malaysia Palm Complex'!AJ94+'Indonesia Palm Complex'!C61 -> #REF! | E62: ='Malaysia Palm Complex'!AK94+'Indonesia Palm Complex'!D61 -> #REF! | F62: ='Malaysia Palm Complex'!AL94+'Indonesia Palm Complex'!E61 -> #REF! | G62: ='Malaysia Palm Complex'!AM94+'Indonesia Palm Complex'!F61 -> #REF! | H62: ='Malaysia Palm Complex'!AN94+'Indonesia Palm Complex'!G61 -> #REF! | I62: ='Malaysia Palm Complex'!AO94+'Indonesia Palm Complex'!H61 -> #REF! | J62: ='Malaysia Palm Complex'!AP94+'Indonesia Palm Complex'!I61 -> #REF! | ... AG62: ='Malaysia Palm Complex'!BM94+'Indonesia Palm Complex'!AF61 -> 5885.471 | AL62: =Z62/31 -> 141.35552 | AM62: =AA62/31 -> 168.51474 | AN62: =AB62/31 -> 193.06639 | AO62: =AC62/31 -> 160.462 | AP62: =AD62/31 -> 175.59623 | AQ62: =AE62/31 -> 179.39429 | AR62: =AF62/31 -> 197.23723 | AS62: =AG62/31 -> 189.8539 | AT62: =AVERAGE(AM62:AQ62) -> 175.40673
B63: April | C63: ='Malaysia Palm Complex'!AI95+'Indonesia Palm Complex'!B62 -> #REF! | D63: ='Malaysia Palm Complex'!AJ95+'Indonesia Palm Complex'!C62 -> #REF! | E63: ='Malaysia Palm Complex'!AK95+'Indonesia Palm Complex'!D62 -> #REF! | F63: ='Malaysia Palm Complex'!AL95+'Indonesia Palm Complex'!E62 -> #REF! | G63: ='Malaysia Palm Complex'!AM95+'Indonesia Palm Complex'!F62 -> #REF! | H63: ='Malaysia Palm Complex'!AN95+'Indonesia Palm Complex'!G62 -> #REF! | I63: ='Malaysia Palm Complex'!AO95+'Indonesia Palm Complex'!H62 -> #REF! | J63: ='Malaysia Palm Complex'!AP95+'Indonesia Palm Complex'!I62 -> #REF! | ... AG63: ='Malaysia Palm Complex'!BM95+'Indonesia Palm Complex'!AF62 -> 6009.995 | AL63: =Z63/30 -> 154.40087 | AM63: =AA63/30 -> 175.8777 | AN63: =AB63/30 -> 209.77893 | AO63: =AC63/30 -> 189.89237 | AP63: =AD63/30 -> 187.50403 | AQ63: =AE63/30 -> 190.56843 | AR63: =AF63/30 -> 190.6853 | AS63: =AG63/30 -> 200.33317 | AT63: =AVERAGE(AM63:AQ63) -> 190.72429
B64: May | C64: ='Malaysia Palm Complex'!AI96+'Indonesia Palm Complex'!B63 -> #REF! | D64: ='Malaysia Palm Complex'!AJ96+'Indonesia Palm Complex'!C63 -> #REF! | E64: ='Malaysia Palm Complex'!AK96+'Indonesia Palm Complex'!D63 -> #REF! | F64: ='Malaysia Palm Complex'!AL96+'Indonesia Palm Complex'!E63 -> #REF! | G64: ='Malaysia Palm Complex'!AM96+'Indonesia Palm Complex'!F63 -> #REF! | H64: ='Malaysia Palm Complex'!AN96+'Indonesia Palm Complex'!G63 -> #REF! | I64: ='Malaysia Palm Complex'!AO96+'Indonesia Palm Complex'!H63 -> #REF! | J64: ='Malaysia Palm Complex'!AP96+'Indonesia Palm Complex'!I63 -> #REF! | ... AG64: ='Malaysia Palm Complex'!BM96+'Indonesia Palm Complex'!AF63 -> 5957.495 | AL64: =Z64/31 -> 160.79013 | AM64: =AA64/31 -> 186.07758 | AN64: =AB64/31 -> 206.43442 | AO64: =AC64/31 -> 181.30119 | AP64: =AD64/31 -> 191.14597 | AQ64: =AE64/31 -> 157.259 | AR64: =AF64/31 -> 213.05271 | AS64: =AG64/31 -> 192.17726 | AT64: =AVERAGE(AM64:AQ64) -> 184.44363
B65: June | C65: ='Malaysia Palm Complex'!AI97+'Indonesia Palm Complex'!B64 -> #REF! | D65: ='Malaysia Palm Complex'!AJ97+'Indonesia Palm Complex'!C64 -> #REF! | E65: ='Malaysia Palm Complex'!AK97+'Indonesia Palm Complex'!D64 -> #REF! | F65: ='Malaysia Palm Complex'!AL97+'Indonesia Palm Complex'!E64 -> #REF! | G65: ='Malaysia Palm Complex'!AM97+'Indonesia Palm Complex'!F64 -> #REF! | H65: ='Malaysia Palm Complex'!AN97+'Indonesia Palm Complex'!G64 -> #REF! | I65: ='Malaysia Palm Complex'!AO97+'Indonesia Palm Complex'!H64 -> #REF! | J65: ='Malaysia Palm Complex'!AP97+'Indonesia Palm Complex'!I64 -> #REF! | ... AG65: ='Malaysia Palm Complex'!BM97+'Indonesia Palm Complex'!AF64 -> 5660.283 | AL65: =Z65/30 -> 161.37517 | AM65: =AA65/30 -> 176.0568 | AN65: =AB65/30 -> 183.0319 | AO65: =AC65/30 -> 213.15807 | AP65: =AD65/30 -> 217.13957 | AQ65: =AE65/30 -> 172.13703 | AR65: =AF65/30 -> 195.7899 | AS65: =AG65/30 -> 188.6761 | AT65: =AVERAGE(AM65:AQ65) -> 192.30467
B66: July | C66: ='Malaysia Palm Complex'!AI98+'Indonesia Palm Complex'!B65 -> #REF! | D66: ='Malaysia Palm Complex'!AJ98+'Indonesia Palm Complex'!C65 -> #REF! | E66: ='Malaysia Palm Complex'!AK98+'Indonesia Palm Complex'!D65 -> #REF! | F66: ='Malaysia Palm Complex'!AL98+'Indonesia Palm Complex'!E65 -> #REF! | G66: ='Malaysia Palm Complex'!AM98+'Indonesia Palm Complex'!F65 -> #REF! | H66: ='Malaysia Palm Complex'!AN98+'Indonesia Palm Complex'!G65 -> #REF! | I66: ='Malaysia Palm Complex'!AO98+'Indonesia Palm Complex'!H65 -> #REF! | J66: ='Malaysia Palm Complex'!AP98+'Indonesia Palm Complex'!I65 -> #REF! | ... AG66: ='Malaysia Palm Complex'!BM98+'Indonesia Palm Complex'!AF65 -> 5801.999 | AL66: =Z66/31 -> 179.96219 | AM66: =AA66/31 -> 186.68452 | AN66: =AB66/31 -> 195.41158 | AO66: =AC66/31 -> 194.69023 | AP66: =AD66/31 -> 192.39171 | AQ66: =AE66/31 -> 173.43752 | AR66: =AF66/31 -> 205.83635 | AS66: =AG66/31 -> 187.16126 | AT66: =AVERAGE(AM66:AQ66) -> 188.52311
B67: August | C67: ='Malaysia Palm Complex'!AI99+'Indonesia Palm Complex'!B66 -> #REF! | D67: ='Malaysia Palm Complex'!AJ99+'Indonesia Palm Complex'!C66 -> #REF! | E67: ='Malaysia Palm Complex'!AK99+'Indonesia Palm Complex'!D66 -> #REF! | F67: ='Malaysia Palm Complex'!AL99+'Indonesia Palm Complex'!E66 -> #REF! | G67: ='Malaysia Palm Complex'!AM99+'Indonesia Palm Complex'!F66 -> #REF! | H67: ='Malaysia Palm Complex'!AN99+'Indonesia Palm Complex'!G66 -> #REF! | I67: ='Malaysia Palm Complex'!AO99+'Indonesia Palm Complex'!H66 -> #REF! | J67: ='Malaysia Palm Complex'!AP99+'Indonesia Palm Complex'!I66 -> #REF! | ... AG67: ='Malaysia Palm Complex'!BM99+'Indonesia Palm Complex'!AF66 -> 6269.859 | AL67: =Z67/31 -> 185.82423 | AM67: =AA67/31 -> 183.27758 | AN67: =AB67/31 -> 210.43703 | AO67: =AC67/31 -> 215.23577 | AP67: =AD67/31 -> 204.17277 | AQ67: =AE67/31 -> 194.57377 | AR67: =AF67/31 -> 192.7249 | AS67: =AG67/31 -> 202.25352 | AT67: =AVERAGE(AM67:AQ67) -> 201.53939
B68: September | C68: ='Malaysia Palm Complex'!AI100+'Indonesia Palm Complex'!B67 -> #REF! | D68: ='Malaysia Palm Complex'!AJ100+'Indonesia Palm Complex'!C67 -> #REF! | E68: ='Malaysia Palm Complex'!AK100+'Indonesia Palm Complex'!D67 -> #REF! | F68: ='Malaysia Palm Complex'!AL100+'Indonesia Palm Complex'!E67 -> #REF! | G68: ='Malaysia Palm Complex'!AM100+'Indonesia Palm Complex'!F67 -> #REF! | H68: ='Malaysia Palm Complex'!AN100+'Indonesia Palm Complex'!G67 -> #REF! | I68: ='Malaysia Palm Complex'!AO100+'Indonesia Palm Complex'!H67 -> #REF! | J68: ='Malaysia Palm Complex'!AP100+'Indonesia Palm Complex'!I67 -> #REF! | ... AG68: ='Malaysia Palm Complex'!BM100+'Indonesia Palm Complex'!AF67 -> 6236.933 | AL68: =Z68/30 -> 193.79727 | AM68: =AA68/30 -> 208.98673 | AN68: =AB68/30 -> 214.4811 | AO68: =AC68/30 -> 235.40853 | AP68: =AD68/30 -> 209.22467 | AQ68: =AE68/30 -> 225.24803 | AR68: =AF68/30 -> 212.21447 | AS68: =AG68/30 -> 207.89777 | AT68: =AVERAGE(AM68:AQ68) -> 218.66981
B69: Total | C69: =SUM(C57:C68) -> #REF! | D69: =SUM(D57:D68) -> #REF! | E69: =SUM(E57:E68) -> #REF! | F69: =SUM(F57:F68) -> #REF! | G69: =SUM(G57:G68) -> #REF! | H69: =SUM(H57:H68) -> #REF! | I69: =SUM(I57:I68) -> #REF! | J69: =SUM(J57:J68) -> #REF! | ... AE69: =SUM(AE57:AE68) -> 67899.738 | AF69: =AF11 -> 73947.23 | AG69: =AG11 -> #REF! | AL69: =AVERAGE(AL57:AL68) -> 161.2323 | AM69: =AVERAGE(AM57:AM68) -> 183.23055 | AN69: =AVERAGE(AN57:AN68) -> 199.1547 | AO69: =AVERAGE(AO57:AO68) -> 189.50618 | AP69: =AVERAGE(AP57:AP68) -> 191.32634 | AQ69: =AVERAGE(AQ57:AQ68) -> 186.07736 | AR69: =AVERAGE(AR57:AR68) -> 202.57077 | AS69: =AVERAGE(AS57:AS68) -> 198.55357 | AT69: =AVERAGE(AM69:AQ69) -> 189.85903
AF70: =AF69/AE69-1 -> 0.089065027 | AG70: =AG69/AF69-1 -> #REF!
B71: PALM OIL MONTH-OVER-MONTH CHANGE IN PRODUCTION (Tonnes)
C72: 93/94 | D72: 94/95 | E72: 95/96 | F72: 96/97 | G72: 97/98 | H72: 98/99 | I72: 99/00 | J72: 00/01 | K72: 01/02 | L72: 02/03 | M72: 03/04 | N72: 04/05 | O72: 05/06 | P72: 06/07 | Q72: 07/08 | R72: 08/09 | S72: 09/10 | T72: 10/11 | U72: 11/12 | V72: 12/13 | W72: 13/14 | X72: 14/15 | Y72: 15/16 | Z72: 16/17 | AA72: 17/18 | AB72: 18/19 | AC72: 19/20 | AD72: 20/21 | AE72: =AE3 -> 21/22 | AF72: =AF3 -> 22/23 | AG72: =AG3 -> 23/24
B73: October | C73: =C57-380 -> #REF! | D73: =D57-C68 -> #REF! | E73: =E57-D68 -> #REF! | F73: =F57-E68 -> #REF! | G73: =G57-F68 -> #REF! | H73: =H57-G68 -> #REF! | I73: =I57-H68 -> #REF! | J73: =J57-I68 -> #REF! | K73: =K57-J68 -> #REF! | ... AG73: =AG57-AF68 -> 523.79
B74: November | C74: =C58-C57 -> #REF! | D74: =D58-D57 -> #REF! | E74: =E58-E57 -> #REF! | F74: =F58-F57 -> #REF! | G74: =G58-G57 -> #REF! | H74: =H58-H57 -> #REF! | I74: =I58-I57 -> #REF! | J74: =J58-J57 -> #REF! | ... AG74: =AG58-AG57 -> -408.354
B75: December | C75: =C59-C58 -> #REF! | D75: =D59-D58 -> #REF! | E75: =E59-E58 -> #REF! | F75: =F59-F58 -> #REF! | G75: =G59-G58 -> #REF! | H75: =H59-H58 -> #REF! | I75: =I59-I58 -> #REF! | J75: =J59-J58 -> #REF! | ... AG75: =AG59-AG58 -> -555.074
B76: January | C76: =C60-C59 -> #REF! | D76: =D60-D59 -> #REF! | E76: =E60-E59 -> #REF! | F76: =F60-F59 -> #REF! | G76: =G60-G59 -> #REF! | H76: =H60-H59 -> #REF! | I76: =I60-I59 -> #REF! | J76: =J60-J59 -> #REF! | ... AG76: =AG60-AG59 -> 109.559
B77: February | C77: =C61-C60 -> #REF! | D77: =D61-D60 -> #REF! | E77: =E61-E60 -> #REF! | F77: =F61-F60 -> #REF! | G77: =G61-G60 -> #REF! | H77: =H61-H60 -> #REF! | I77: =I61-I60 -> #REF! | J77: =J61-J60 -> #REF! | ... AG77: =AG61-AG60 -> -524.783
B78: March | C78: =C62-C61 -> #REF! | D78: =D62-D61 -> #REF! | E78: =E62-E61 -> #REF! | F78: =F62-F61 -> #REF! | G78: =G62-G61 -> #REF! | H78: =H62-H61 -> #REF! | I78: =I62-I61 -> #REF! | J78: =J62-J61 -> #REF! | ... AG78: =AG62-AG61 -> 373.899
B79: April | C79: =C63-C62 -> #REF! | D79: =D63-D62 -> #REF! | E79: =E63-E62 -> #REF! | F79: =F63-F62 -> #REF! | G79: =G63-G62 -> #REF! | H79: =H63-H62 -> #REF! | I79: =I63-I62 -> #REF! | J79: =J63-J62 -> #REF! | ... AG79: =AG63-AG62 -> 124.524
B80: May | C80: =C64-C63 -> #REF! | D80: =D64-D63 -> #REF! | E80: =E64-E63 -> #REF! | F80: =F64-F63 -> #REF! | G80: =G64-G63 -> #REF! | H80: =H64-H63 -> #REF! | I80: =I64-I63 -> #REF! | J80: =J64-J63 -> #REF! | ... AG80: =AG64-AG63 -> -52.5
B81: June | C81: =C65-C64 -> #REF! | D81: =D65-D64 -> #REF! | E81: =E65-E64 -> #REF! | F81: =F65-F64 -> #REF! | G81: =G65-G64 -> #REF! | H81: =H65-H64 -> #REF! | I81: =I65-I64 -> #REF! | J81: =J65-J64 -> #REF! | ... AG81: =AG65-AG64 -> -297.212
B82: July | C82: =C66-C65 -> #REF! | D82: =D66-D65 -> #REF! | E82: =E66-E65 -> #REF! | F82: =F66-F65 -> #REF! | G82: =G66-G65 -> #REF! | H82: =H66-H65 -> #REF! | I82: =I66-I65 -> #REF! | J82: =J66-J65 -> #REF! | ... AG82: =AG66-AG65 -> 141.716
B83: August | C83: =C67-C66 -> #REF! | D83: =D67-D66 -> #REF! | E83: =E67-E66 -> #REF! | F83: =F67-F66 -> #REF! | G83: =G67-G66 -> #REF! | H83: =H67-H66 -> #REF! | I83: =I67-I66 -> #REF! | J83: =J67-J66 -> #REF! | ... AG83: =AG67-AG66 -> 467.86
B84: September | C84: =C68-C67 -> #REF! | D84: =D68-D67 -> #REF! | E84: =E68-E67 -> #REF! | F84: =F68-F67 -> #REF! | G84: =G68-G67 -> #REF! | H84: =H68-H67 -> #REF! | I84: =I68-I67 -> #REF! | J84: =J68-J67 -> #REF! | ... AG84: =AG68-AG67 -> -32.926
B86: PALM OIL IMPORTS (1,000 Tonnes)
C87: 93/94 | D87: 94/95 | E87: 95/96 | F87: 96/97 | G87: 97/98 | H87: 98/99 | I87: 99/00 | J87: 00/01 | K87: 01/02 | L87: 02/03 | M87: 03/04 | N87: 04/05 | O87: 05/06 | P87: 06/07 | Q87: 07/08 | R87: 08/09 | S87: 09/10 | T87: 10/11 | U87: 11/12 | V87: 12/13 | W87: 13/14 | X87: 14/15 | Y87: 15/16 | Z87: 16/17 | AA87: 17/18 | AB87: 18/19 | AC87: 19/20 | AD87: 20/21 | AE87: =AE3 -> 21/22 | AF87: =AF3 -> 22/23 | AG87: =AG3 -> 23/24
B88: October | C88: ='Malaysia Palm Complex'!AI120+'Indonesia Palm Complex'!B87 -> 35.606387 | D88: ='Malaysia Palm Complex'!AJ120+'Indonesia Palm Complex'!C87 -> 12.330313 | E88: ='Malaysia Palm Complex'!AK120+'Indonesia Palm Complex'!D87 -> 1.0601528 | F88: ='[2]Malaysia Palm Oil Imports'!BQ$295 -> 0.054999 | G88: ='[2]Malaysia Palm Oil Imports'!CC$295 -> 0.37294427 | H88: ='[2]Malaysia Palm Oil Imports'!CO$295 -> 0.62025283 | I88: ='[2]Malaysia Palm Oil Imports'!DA$295 -> 0.12891103 | J88: ='[2]Malaysia Palm Oil Imports'!DM$295 -> 0.042084304 | K88: ='[2]Malaysia Palm Oil Imports'!DY$295 -> 2.4655425 | L88: ='[2]Malaysia Palm Oil Imports'!EK$295 -> 4.575366 | M88: ='[2]Malaysia Palm Oil Imports'!EW$295 -> 0.336287 | N88: ='[2]Malaysia Palm Oil Imports'!FI$295 -> 0.006009 | O88: ='[2]Malaysia Palm Oil Imports'!FU$295 -> 2.262237 | P88: ='[2]Malaysia Palm Oil Imports'!GG$295 -> 9.106 | Q88: ='[2]Malaysia Palm Oil Imports'!GS$295 -> 4.852 | R88: ='[2]Malaysia Palm Oil Imports'!HE$295 -> 13.824 | S88: ='[2]Malaysia Palm Oil Imports'!HQ$295 -> 7.709 | T88: ='[2]Malaysia Palm Oil Imports'!IC$295 -> 11.292 | U88: ='[2]Malaysia Palm Oil Imports'!IO$295 -> 15.073 | V88: ='[2]Malaysia Palm Oil Imports'!JA$295 -> 0.068 | W88: ='[2]Malaysia Palm Oil Imports'!JM$295 -> 0.524 | X88: ='[2]Malaysia Palm Oil Imports'!JY$295 -> 0.058 | Y88: ='[2]Malaysia Palm Oil Imports'!KK$295 -> 12.567 | Z88: ='[2]Malaysia Palm Oil Imports'!KW$295 -> 0.027 | AA88: ='[2]Malaysia Palm Oil Imports'!LI$295 -> 5.612 | AB88: ='[2]Malaysia Palm Oil Imports'!LU$295 -> 0.26 | AC88: ='[2]Malaysia Palm Oil Imports'!MG$295 -> 4.314599 | AD88: ='[2]Malaysia Palm Oil Imports'!MS$295 -> 6.530048 | AE88: ='[2]Malaysia Palm Oil Imports'!NE$295 -> 11.489477 | AF88: ='[2]Malaysia Palm Oil Imports'!NQ$295 -> 1.134 | AG88: ='[2]Malaysia Palm Oil Imports'!OC$295 -> 8.874
B89: November | C89: ='Malaysia Palm Complex'!AI121+'Indonesia Palm Complex'!B88 -> 28.675625 | D89: ='Malaysia Palm Complex'!AJ121+'Indonesia Palm Complex'!C88 -> 4.7596168 | E89: ='Malaysia Palm Complex'!AK121+'Indonesia Palm Complex'!D88 -> 1.110296 | F89: ='[2]Malaysia Palm Oil Imports'!BR$295 -> 0.058533 | G89: ='[2]Malaysia Palm Oil Imports'!CD$295 -> 0.21789722 | H89: ='[2]Malaysia Palm Oil Imports'!CP$295 -> 0.27644645 | I89: ='[2]Malaysia Palm Oil Imports'!DB$295 -> 0.028148617 | J89: ='[2]Malaysia Palm Oil Imports'!DN$295 -> 0.04266805 | K89: ='[2]Malaysia Palm Oil Imports'!DZ$295 -> 3.8125403 | L89: ='[2]Malaysia Palm Oil Imports'!EL$295 -> 1.679072 | M89: ='[2]Malaysia Palm Oil Imports'!EX$295 -> 0.181496 | N89: ='[2]Malaysia Palm Oil Imports'!FJ$295 -> 0.323 | O89: ='[2]Malaysia Palm Oil Imports'!FV$295 -> 1.093575 | P89: ='[2]Malaysia Palm Oil Imports'!GH$295 -> 28.045 | Q89: ='[2]Malaysia Palm Oil Imports'!GT$295 -> 1.404 | R89: ='[2]Malaysia Palm Oil Imports'!HF$295 -> 7.178 | S89: ='[2]Malaysia Palm Oil Imports'!HR$295 -> 3.99 | T89: ='[2]Malaysia Palm Oil Imports'!ID$295 -> 0.797 | U89: ='[2]Malaysia Palm Oil Imports'!IP$295 -> 23.863 | V89: ='[2]Malaysia Palm Oil Imports'!JB$295 -> 3.51 | W89: ='[2]Malaysia Palm Oil Imports'!JN$295 -> 2.437 | X89: ='[2]Malaysia Palm Oil Imports'!JZ$295 -> 2.407 | Y89: ='[2]Malaysia Palm Oil Imports'!KL$295 -> 0.014 | Z89: ='[2]Malaysia Palm Oil Imports'!KX$295 -> 3.007 | AA89: ='[2]Malaysia Palm Oil Imports'!LJ$295 -> 5.597 | AB89: ='[2]Malaysia Palm Oil Imports'!LV$295 -> 15.398803 | AC89: ='[2]Malaysia Palm Oil Imports'!MH$295 -> 7.07906 | AD89: ='[2]Malaysia Palm Oil Imports'!MT$295 -> 7.238013 | AE89: ='[2]Malaysia Palm Oil Imports'!NF$295 -> 1.994 | AF89: ='[2]Malaysia Palm Oil Imports'!NR$295 -> 0.221 | AG89: ='[2]Malaysia Palm Oil Imports'!OD$295 -> 0.523036
B90: December | C90: ='Malaysia Palm Complex'!AI122+'Indonesia Palm Complex'!B89 -> 38.238292 | D90: ='Malaysia Palm Complex'!AJ122+'Indonesia Palm Complex'!C89 -> 26.685171 | E90: ='Malaysia Palm Complex'!AK122+'Indonesia Palm Complex'!D89 -> 1.2304752 | F90: ='[2]Malaysia Palm Oil Imports'!BS$295 -> 5.13328 | G90: ='[2]Malaysia Palm Oil Imports'!CE$295 -> 2.800815 | H90: ='[2]Malaysia Palm Oil Imports'!CQ$295 -> 0.0059473599 | I90: ='[2]Malaysia Palm Oil Imports'!DC$295 -> 0.00028582321 | J90: ='[2]Malaysia Palm Oil Imports'!DO$295 -> 3.1434349 | K90: ='[2]Malaysia Palm Oil Imports'!EA$295 -> 0.75871802 | L90: ='[2]Malaysia Palm Oil Imports'!EM$295 -> 0.419155 | M90: ='[2]Malaysia Palm Oil Imports'!EY$295 -> 0.075877 | N90: ='[2]Malaysia Palm Oil Imports'!FK$295 -> 0.002033 | O90: ='[2]Malaysia Palm Oil Imports'!FW$295 -> 1.134159 | P90: ='[2]Malaysia Palm Oil Imports'!GI$295 -> 6.473 | Q90: ='[2]Malaysia Palm Oil Imports'!GU$295 -> 0.707 | R90: ='[2]Malaysia Palm Oil Imports'!HG$295 -> 3.627 | S90: ='[2]Malaysia Palm Oil Imports'!HS$295 -> 0.5 | T90: ='[2]Malaysia Palm Oil Imports'!IE$295 -> 7.161 | U90: ='[2]Malaysia Palm Oil Imports'!IQ$295 -> 19.964 | V90: ='[2]Malaysia Palm Oil Imports'!JC$295 -> 17.981 | W90: ='[2]Malaysia Palm Oil Imports'!JO$295 -> 7.234 | X90: ='[2]Malaysia Palm Oil Imports'!KA$295 -> 0.081 | Y90: ='[2]Malaysia Palm Oil Imports'!KM$295 -> 3.4 | Z90: ='[2]Malaysia Palm Oil Imports'!KY$295 -> 4.714 | AA90: ='[2]Malaysia Palm Oil Imports'!LK$295 -> 12.88 | AB90: ='[2]Malaysia Palm Oil Imports'!LW$295 -> 4.396003 | AC90: ='[2]Malaysia Palm Oil Imports'!MI$295 -> 12.333858 | AD90: ='[2]Malaysia Palm Oil Imports'!MU$295 -> 6.846046 | AE90: ='[2]Malaysia Palm Oil Imports'!NG$295 -> 2.268 | AF90: ='[2]Malaysia Palm Oil Imports'!NS$295 -> 9.069 | AG90: ='[2]Malaysia Palm Oil Imports'!OE$295 -> 11.765757
B91: January | C91: ='Malaysia Palm Complex'!AI123+'Indonesia Palm Complex'!B90 -> 38.087843 | D91: ='Malaysia Palm Complex'!AJ123+'Indonesia Palm Complex'!C90 -> 1.0440665 | E91: ='[2]Malaysia Palm Oil Imports'!BH$295 -> 0.1507 | F91: ='[2]Malaysia Palm Oil Imports'!BT$295 -> 9.1630335 | G91: ='[2]Malaysia Palm Oil Imports'!CF$295 -> 0.019388405 | H91: ='[2]Malaysia Palm Oil Imports'!CR$295 -> 0.0013427014 | I91: ='[2]Malaysia Palm Oil Imports'!DD$295 -> 0.030970124 | J91: ='[2]Malaysia Palm Oil Imports'!DP$295 -> 0.0017923368 | K91: ='[2]Malaysia Palm Oil Imports'!EB$295 -> 0.017079 | L91: ='[2]Malaysia Palm Oil Imports'!EN$295 -> 0.446284 | M91: ='[2]Malaysia Palm Oil Imports'!EZ$295 -> 0.284252 | N91: ='[2]Malaysia Palm Oil Imports'!FL$295 -> 0.195545 | O91: ='[2]Malaysia Palm Oil Imports'!FX$295 -> 1.183 | P91: ='[2]Malaysia Palm Oil Imports'!GJ$295 -> 25.237 | Q91: ='[2]Malaysia Palm Oil Imports'!GV$295 -> 1.719 | R91: ='[2]Malaysia Palm Oil Imports'!HH$295 -> 1.167 | S91: ='[2]Malaysia Palm Oil Imports'!HT$295 -> 0.385 | T91: ='[2]Malaysia Palm Oil Imports'!IF$295 -> 3.437 | U91: ='[2]Malaysia Palm Oil Imports'!IR$295 -> 4.702 | V91: ='[2]Malaysia Palm Oil Imports'!JD$295 -> 15.814 | W91: ='[2]Malaysia Palm Oil Imports'!JP$295 -> 2.395 | X91: ='[2]Malaysia Palm Oil Imports'!KB$295 -> 6.172 | Y91: ='[2]Malaysia Palm Oil Imports'!KN$295 -> 4.328 | Z91: ='[2]Malaysia Palm Oil Imports'!KZ$295 -> 13.394 | AA91: ='[2]Malaysia Palm Oil Imports'!LL$295 -> 8.40912 | AB91: ='[2]Malaysia Palm Oil Imports'!LX$295 -> 20.218706 | AC91: ='[2]Malaysia Palm Oil Imports'!MJ$295 -> 9.162585 | AD91: ='[2]Malaysia Palm Oil Imports'!MV$295 -> 12.542247 | AE91: ='[2]Malaysia Palm Oil Imports'!NH$295 -> 31.567 | AF91: ='[2]Malaysia Palm Oil Imports'!NT$295 -> 8.648 | AG91: ='[2]Malaysia Palm Oil Imports'!OF$295 -> 4.273275
B92: February | C92: ='Malaysia Palm Complex'!AI124+'Indonesia Palm Complex'!B91 -> 28.61679 | D92: ='Malaysia Palm Complex'!AJ124+'Indonesia Palm Complex'!C91 -> 14.282357 | E92: ='[2]Malaysia Palm Oil Imports'!BI$295 -> 0.11365 | F92: ='[2]Malaysia Palm Oil Imports'!BU$295 -> 0.10105921 | G92: ='[2]Malaysia Palm Oil Imports'!CG$295 -> 0.053037645 | H92: ='[2]Malaysia Palm Oil Imports'!CS$295 -> 0.0070396666 | I92: ='[2]Malaysia Palm Oil Imports'!DE$295 -> 0.010884061 | J92: ='[2]Malaysia Palm Oil Imports'!DQ$295 -> 0.014185048 | K92: ='[2]Malaysia Palm Oil Imports'!EC$295 -> 0.02603 | L92: ='[2]Malaysia Palm Oil Imports'!EO$295 -> 0.495393 | M92: ='[2]Malaysia Palm Oil Imports'!FA$295 -> 0.116104 | N92: ='[2]Malaysia Palm Oil Imports'!FM$295 -> 0.011091 | O92: ='[2]Malaysia Palm Oil Imports'!FY$295 -> 1.375 | P92: ='[2]Malaysia Palm Oil Imports'!GK$295 -> 1 | Q92: ='[2]Malaysia Palm Oil Imports'!GW$295 -> 11.148 | R92: ='[2]Malaysia Palm Oil Imports'!HI$295 -> 1.707 | S92: ='[2]Malaysia Palm Oil Imports'!HU$295 -> 3.063 | T92: ='[2]Malaysia Palm Oil Imports'!IG$295 -> 7.505 | U92: ='[2]Malaysia Palm Oil Imports'!IS$295 -> 28.836 | V92: ='[2]Malaysia Palm Oil Imports'!JE$295 -> 24.412 | W92: ='[2]Malaysia Palm Oil Imports'!JQ$295 -> 0.028 | X92: ='[2]Malaysia Palm Oil Imports'!KC$295 -> 8.256 | Y92: ='[2]Malaysia Palm Oil Imports'!KO$295 -> 0.3 | Z92: ='[2]Malaysia Palm Oil Imports'!LA$295 -> 2.52 | AA92: ='[2]Malaysia Palm Oil Imports'!LM$295 -> 2.540895 | AB92: ='[2]Malaysia Palm Oil Imports'!LY$295 -> 1.166175 | AC92: ='[2]Malaysia Palm Oil Imports'!MK$295 -> 3.592521 | AD92: ='[2]Malaysia Palm Oil Imports'!MW$295 -> 0.258394 | AE92: ='[2]Malaysia Palm Oil Imports'!NI$295 -> 0.386 | AF92: ='[2]Malaysia Palm Oil Imports'!NU$295 -> 1.067 | AG92: ='[2]Malaysia Palm Oil Imports'!OG$295 -> 4.177679
B93: March | C93: ='Malaysia Palm Complex'!AI125+'Indonesia Palm Complex'!B92 -> 19.105063 | D93: ='Malaysia Palm Complex'!AJ125+'Indonesia Palm Complex'!C92 -> 20.23647 | E93: ='[2]Malaysia Palm Oil Imports'!BJ$295 -> 0.10752 | F93: ='[2]Malaysia Palm Oil Imports'!BV$295 -> 0.09735 | G93: ='[2]Malaysia Palm Oil Imports'!CH$295 -> 0.22428199 | H93: ='[2]Malaysia Palm Oil Imports'!CT$295 -> 0.012357999 | I93: ='[2]Malaysia Palm Oil Imports'!DF$295 -> 0.001861079 | J93: ='[2]Malaysia Palm Oil Imports'!DR$295 -> 0.052943293 | K93: ='[2]Malaysia Palm Oil Imports'!ED$295 -> 0.054049 | L93: ='[2]Malaysia Palm Oil Imports'!EP$295 -> 0.611708 | M93: ='[2]Malaysia Palm Oil Imports'!FB$295 -> 0.017882 | N93: ='[2]Malaysia Palm Oil Imports'!FN$295 -> 1.259449 | O93: ='[2]Malaysia Palm Oil Imports'!FZ$295 -> 1.39 | P93: ='[2]Malaysia Palm Oil Imports'!GL$295 -> 1.199 | Q93: ='[2]Malaysia Palm Oil Imports'!GX$295 -> 6.684 | R93: ='[2]Malaysia Palm Oil Imports'!HJ$295 -> 14.431 | S93: ='[2]Malaysia Palm Oil Imports'!HV$295 -> 1.325 | T93: ='[2]Malaysia Palm Oil Imports'!IH$295 -> 1.338 | U93: ='[2]Malaysia Palm Oil Imports'!IT$295 -> 4.398 | V93: ='[2]Malaysia Palm Oil Imports'!JF$295 -> 17.425 | W93: ='[2]Malaysia Palm Oil Imports'!JR$295 -> 4.562 | X93: ='[2]Malaysia Palm Oil Imports'!KD$295 -> 16.348 | Y93: ='[2]Malaysia Palm Oil Imports'!KP$295 -> 3.319 | Z93: ='[2]Malaysia Palm Oil Imports'!LB$295 -> 2.605 | AA93: ='[2]Malaysia Palm Oil Imports'!LN$295 -> 2.590067 | AB93: ='[2]Malaysia Palm Oil Imports'!LZ$295 -> 13.902874 | AC93: ='[2]Malaysia Palm Oil Imports'!ML$295 -> 7.055348 | AD93: ='[2]Malaysia Palm Oil Imports'!MX$295 -> 0.253274 | AE93: ='[2]Malaysia Palm Oil Imports'!NJ$295 -> 21.987 | AF93: ='[2]Malaysia Palm Oil Imports'!NV$295 -> 0.928 | AG93: ='[2]Malaysia Palm Oil Imports'!OH$295 -> 9.272113
B94: April | C94: ='Malaysia Palm Complex'!AI126+'Indonesia Palm Complex'!B93 -> 34.570843 | D94: ='Malaysia Palm Complex'!AJ126+'Indonesia Palm Complex'!C93 -> 10.150292 | E94: ='[2]Malaysia Palm Oil Imports'!BK$295 -> 5.002546 | F94: ='[2]Malaysia Palm Oil Imports'!BW$295 -> 0.168901 | G94: ='[2]Malaysia Palm Oil Imports'!CI$295 -> 0.33859772 | H94: ='[2]Malaysia Palm Oil Imports'!CU$295 -> 0.81189708 | I94: ='[2]Malaysia Palm Oil Imports'!DG$295 -> 0.079547289 | J94: ='[2]Malaysia Palm Oil Imports'!DS$295 -> 0.31161563 | K94: ='[2]Malaysia Palm Oil Imports'!EE$295 -> 0.038982 | L94: ='[2]Malaysia Palm Oil Imports'!EQ$295 -> 3.410353 | M94: ='[2]Malaysia Palm Oil Imports'!FC$295 -> 2.881751 | N94: ='[2]Malaysia Palm Oil Imports'!FO$295 -> 0.918686 | O94: ='[2]Malaysia Palm Oil Imports'!GA$295 -> 1.38 | P94: ='[2]Malaysia Palm Oil Imports'!GM$295 -> 7.07 | Q94: ='[2]Malaysia Palm Oil Imports'!GY$295 -> 27.219 | R94: ='[2]Malaysia Palm Oil Imports'!HK$295 -> 6.752 | S94: ='[2]Malaysia Palm Oil Imports'!HW$295 -> 0.647 | T94: ='[2]Malaysia Palm Oil Imports'!II$295 -> 9.386 | U94: ='[2]Malaysia Palm Oil Imports'!IU$295 -> 0.147 | V94: ='[2]Malaysia Palm Oil Imports'!JG$295 -> 14.499 | W94: ='[2]Malaysia Palm Oil Imports'!JS$295 -> 6.073 | X94: ='[2]Malaysia Palm Oil Imports'!KE$295 -> 7.835 | Y94: ='[2]Malaysia Palm Oil Imports'!KQ$295 -> 0.058 | Z94: ='[2]Malaysia Palm Oil Imports'!LC$295 -> 11.425 | AA94: ='[2]Malaysia Palm Oil Imports'!LO$295 -> 19.619296 | AB94: ='[2]Malaysia Palm Oil Imports'!MA$295 -> 4.33815 | AC94: ='[2]Malaysia Palm Oil Imports'!MM$295 -> 6.757249 | AD94: ='[2]Malaysia Palm Oil Imports'!MY$295 -> 9.84334 | AE94: ='[2]Malaysia Palm Oil Imports'!NK$295 -> 7.987 | AF94: ='[2]Malaysia Palm Oil Imports'!NW$295 -> 7.007 | AG94: ='[2]Malaysia Palm Oil Imports'!OI$295 -> 0.035257
B95: May | C95: ='Malaysia Palm Complex'!AI127+'Indonesia Palm Complex'!B94 -> 44.681338 | D95: ='Malaysia Palm Complex'!AJ127+'Indonesia Palm Complex'!C94 -> 9.5547032 | E95: ='[2]Malaysia Palm Oil Imports'!BL$295 -> 7.799845 | F95: ='[2]Malaysia Palm Oil Imports'!BX$295 -> 0.0029195671 | G95: ='[2]Malaysia Palm Oil Imports'!CJ$295 -> 1.198851 | H95: ='[2]Malaysia Palm Oil Imports'!CV$295 -> 2.2209343 | I95: ='[2]Malaysia Palm Oil Imports'!DH$295 -> 0.68922778 | J95: ='[2]Malaysia Palm Oil Imports'!DT$295 -> 2.8806112 | K95: ='[2]Malaysia Palm Oil Imports'!EF$295 -> 0.019071 | L95: ='[2]Malaysia Palm Oil Imports'!ER$295 -> 7.717553 | M95: ='[2]Malaysia Palm Oil Imports'!FD$295 -> 7.752758 | N95: ='[2]Malaysia Palm Oil Imports'!FP$295 -> 1.585552 | O95: ='[2]Malaysia Palm Oil Imports'!GB$295 -> 6.063 | P95: ='[2]Malaysia Palm Oil Imports'!GN$295 -> 3.26 | Q95: ='[2]Malaysia Palm Oil Imports'!GZ$295 -> 14.915 | R95: ='[2]Malaysia Palm Oil Imports'!HL$295 -> 2.945 | S95: ='[2]Malaysia Palm Oil Imports'!HX$295 -> 3.496 | T95: ='[2]Malaysia Palm Oil Imports'!IJ$295 -> 2.341 | U95: ='[2]Malaysia Palm Oil Imports'!IV$295 -> 13.119 | V95: ='[2]Malaysia Palm Oil Imports'!JH$295 -> 13.027 | W95: ='[2]Malaysia Palm Oil Imports'!JT$295 -> 7.227 | X95: ='[2]Malaysia Palm Oil Imports'!KF$295 -> 0.193 | Y95: ='[2]Malaysia Palm Oil Imports'!KR$295 -> 15.853 | Z95: ='[2]Malaysia Palm Oil Imports'!LD$295 -> 3.778 | AA95: ='[2]Malaysia Palm Oil Imports'!LP$295 -> 12.414144 | AB95: ='[2]Malaysia Palm Oil Imports'!MB$295 -> 12.952173 | AC95: ='[2]Malaysia Palm Oil Imports'!MN$295 -> 17.194023 | AD95: ='[2]Malaysia Palm Oil Imports'!MZ$295 -> 0.774241 | AE95: ='[2]Malaysia Palm Oil Imports'!NL$295 -> 4.292 | AF95: ='[2]Malaysia Palm Oil Imports'!NX$295 -> 0.568 | AG95: ='[2]Malaysia Palm Oil Imports'!OJ$295 -> 0.400231
B96: June | C96: ='Malaysia Palm Complex'!AI128+'Indonesia Palm Complex'!B95 -> 31.303451 | D96: ='Malaysia Palm Complex'!AJ128+'Indonesia Palm Complex'!C95 -> 7.4119905 | E96: ='[2]Malaysia Palm Oil Imports'!BM$295 -> 0.133 | F96: ='[2]Malaysia Palm Oil Imports'!BY$295 -> 0.040553293 | G96: ='[2]Malaysia Palm Oil Imports'!CK$295 -> 3.3257569 | H96: ='[2]Malaysia Palm Oil Imports'!CW$295 -> 2.4263706 | I96: ='[2]Malaysia Palm Oil Imports'!DI$295 -> 1.9554021 | J96: ='[2]Malaysia Palm Oil Imports'!DU$295 -> 1.2575347 | K96: ='[2]Malaysia Palm Oil Imports'!EG$295 -> 5.839945 | L96: ='[2]Malaysia Palm Oil Imports'!ES$295 -> 1.504051 | M96: ='[2]Malaysia Palm Oil Imports'!FE$295 -> 6.37036 | N96: ='[2]Malaysia Palm Oil Imports'!FQ$295 -> 3.170597 | O96: ='[2]Malaysia Palm Oil Imports'!GC$295 -> 2.496 | P96: ='[2]Malaysia Palm Oil Imports'!GO$295 -> 10.911 | Q96: ='[2]Malaysia Palm Oil Imports'!HA$295 -> 1.538 | R96: ='[2]Malaysia Palm Oil Imports'!HM$295 -> 3.083 | S96: ='[2]Malaysia Palm Oil Imports'!HY$295 -> 9.102 | T96: ='[2]Malaysia Palm Oil Imports'!IK$295 -> 7.001 | U96: ='[2]Malaysia Palm Oil Imports'!IW$295 -> 4.569 | V96: ='[2]Malaysia Palm Oil Imports'!JI$295 -> 8.389 | W96: ='[2]Malaysia Palm Oil Imports'!JU$295 -> 0.045 | X96: ='[2]Malaysia Palm Oil Imports'!KG$295 -> 2.896 | Y96: ='[2]Malaysia Palm Oil Imports'!KS$295 -> 2.131 | Z96: ='[2]Malaysia Palm Oil Imports'!LE$295 -> 3.641 | AA96: ='[2]Malaysia Palm Oil Imports'!LQ$295 -> 6.847531 | AB96: ='[2]Malaysia Palm Oil Imports'!MC$295 -> 5.995191 | AC96: ='[2]Malaysia Palm Oil Imports'!MO$295 -> 7.5612 | AD96: ='[2]Malaysia Palm Oil Imports'!NA$295 -> 2.660242 | AE96: ='[2]Malaysia Palm Oil Imports'!NM$295 -> 7.054 | AF96: ='[2]Malaysia Palm Oil Imports'!NY$295 -> 9.13 | AG96: ='[2]Malaysia Palm Oil Imports'!OK$295 -> 0.628111
B97: July | C97: ='Malaysia Palm Complex'!AI129+'Indonesia Palm Complex'!B96 -> 28.150173 | D97: ='Malaysia Palm Complex'!AJ129+'Indonesia Palm Complex'!C96 -> 5.3650913 | E97: ='[2]Malaysia Palm Oil Imports'!BN$295 -> 0.0371 | F97: ='[2]Malaysia Palm Oil Imports'!BZ$295 -> 0.1296548 | G97: ='[2]Malaysia Palm Oil Imports'!CL$295 -> 6.1670376 | H97: ='[2]Malaysia Palm Oil Imports'!CX$295 -> 1.2697079 | I97: ='[2]Malaysia Palm Oil Imports'!DJ$295 -> 0.78503173 | J97: ='[2]Malaysia Palm Oil Imports'!DV$295 -> 0.11771304 | K97: ='[2]Malaysia Palm Oil Imports'!EH$295 -> 4.660277 | L97: ='[2]Malaysia Palm Oil Imports'!ET$295 -> 0.082 | M97: ='[2]Malaysia Palm Oil Imports'!FF$295 -> 0.780278 | N97: ='[2]Malaysia Palm Oil Imports'!FR$295 -> 2.016757 | O97: ='[2]Malaysia Palm Oil Imports'!GD$295 -> 1.445 | P97: ='[2]Malaysia Palm Oil Imports'!GP$295 -> 4.689 | Q97: ='[2]Malaysia Palm Oil Imports'!HB$295 -> 0.303 | R97: ='[2]Malaysia Palm Oil Imports'!HN$295 -> 1.539 | S97: ='[2]Malaysia Palm Oil Imports'!HZ$295 -> 0.333 | T97: ='[2]Malaysia Palm Oil Imports'!IL$295 -> 28.101 | U97: ='[2]Malaysia Palm Oil Imports'!IX$295 -> 5.834 | V97: ='[2]Malaysia Palm Oil Imports'!JJ$295 -> 7.224 | W97: ='[2]Malaysia Palm Oil Imports'!JV$295 -> 2.583 | X97: ='[2]Malaysia Palm Oil Imports'!KH$295 -> 5.489 | Y97: ='[2]Malaysia Palm Oil Imports'!KT$295 -> 10.737 | Z97: ='[2]Malaysia Palm Oil Imports'!LF$295 -> 3.718 | AA97: ='[2]Malaysia Palm Oil Imports'!LR$295 -> 0.490805 | AB97: ='[2]Malaysia Palm Oil Imports'!MD$295 -> 3.683304 | AC97: ='[2]Malaysia Palm Oil Imports'!MP$295 -> 7.190715 | AD97: ='[2]Malaysia Palm Oil Imports'!NB$295 -> 18.810156 | AE97: ='[2]Malaysia Palm Oil Imports'!NN$295 -> 0.678 | AF97: ='[2]Malaysia Palm Oil Imports'!NZ$295 -> 7.719 | AG97: ='[2]Malaysia Palm Oil Imports'!OL$295 -> 0.739415
B98: August | C98: ='Malaysia Palm Complex'!AI130+'Indonesia Palm Complex'!B97 -> 26.315416 | D98: ='Malaysia Palm Complex'!AJ130+'Indonesia Palm Complex'!C97 -> 1.6158771 | E98: ='[2]Malaysia Palm Oil Imports'!BO$295 -> 0.143001 | F98: ='[2]Malaysia Palm Oil Imports'!CA$295 -> 1.2849071 | G98: ='[2]Malaysia Palm Oil Imports'!CM$295 -> 4.7938963 | H98: ='[2]Malaysia Palm Oil Imports'!CY$295 -> 17.382227 | I98: ='[2]Malaysia Palm Oil Imports'!DK$295 -> 0.84711636 | J98: ='[2]Malaysia Palm Oil Imports'!DW$295 -> 1.3704873 | K98: ='[2]Malaysia Palm Oil Imports'!EI$295 -> 17.390066 | L98: ='[2]Malaysia Palm Oil Imports'!EU$295 -> 7.062192 | M98: ='[2]Malaysia Palm Oil Imports'!FG$295 -> 0.474731 | N98: ='[2]Malaysia Palm Oil Imports'!FS$295 -> 2.018904 | O98: ='[2]Malaysia Palm Oil Imports'!GE$295 -> 2.139 | P98: ='[2]Malaysia Palm Oil Imports'!GQ$295 -> 0.532 | Q98: ='[2]Malaysia Palm Oil Imports'!HC$295 -> 1.13 | R98: ='[2]Malaysia Palm Oil Imports'!HO$295 -> 0.799 | S98: ='[2]Malaysia Palm Oil Imports'!IA$295 -> 15.537 | T98: ='[2]Malaysia Palm Oil Imports'!IM$295 -> 26.773 | U98: ='[2]Malaysia Palm Oil Imports'!IY$295 -> 6.255 | V98: ='[2]Malaysia Palm Oil Imports'!JK$295 -> 3.517 | W98: ='[2]Malaysia Palm Oil Imports'!JW$295 -> 6.893 | X98: ='[2]Malaysia Palm Oil Imports'!KI$295 -> 3.4 | Y98: ='[2]Malaysia Palm Oil Imports'!KU$295 -> 4.709 | Z98: ='[2]Malaysia Palm Oil Imports'!LG$295 -> 7.374 | AA98: ='[2]Malaysia Palm Oil Imports'!LS$295 -> 9.710036 | AB98: ='[2]Malaysia Palm Oil Imports'!ME$295 -> 3.738216 | AC98: ='[2]Malaysia Palm Oil Imports'!MQ$295 -> 27.521744 | AD98: ='[2]Malaysia Palm Oil Imports'!NC$295 -> 14.273805 | AE98: ='[2]Malaysia Palm Oil Imports'!NO$295 -> 0.865 | AF98: ='[2]Malaysia Palm Oil Imports'!OA$295 -> 0.041 | AG98: ='[2]Malaysia Palm Oil Imports'!OM$295 -> 1.420158
B99: September | C99: ='Malaysia Palm Complex'!AI131+'Indonesia Palm Complex'!B98 -> 37.04878 | D99: ='Malaysia Palm Complex'!AJ131+'Indonesia Palm Complex'!C98 -> 1.3640521 | E99: ='[2]Malaysia Palm Oil Imports'!BP$295 -> 0.080373 | F99: ='[2]Malaysia Palm Oil Imports'!CB$295 -> 0.12495229 | G99: ='[2]Malaysia Palm Oil Imports'!CN$295 -> 5.2487134 | H99: ='[2]Malaysia Palm Oil Imports'!CZ$295 -> 3.9822309 | I99: ='[2]Malaysia Palm Oil Imports'!DL$295 -> 0.50995467 | J99: ='[2]Malaysia Palm Oil Imports'!DX$295 -> 1.9021179 | K99: ='[2]Malaysia Palm Oil Imports'!EJ$295 -> 7.260903 | L99: ='[2]Malaysia Palm Oil Imports'!EV$295 -> 2.246752 | M99: ='[2]Malaysia Palm Oil Imports'!FH$295 -> 0.190155 | N99: ='[2]Malaysia Palm Oil Imports'!FT$295 -> 2.034001 | O99: ='[2]Malaysia Palm Oil Imports'!GF$295 -> 4.227 | P99: ='[2]Malaysia Palm Oil Imports'!GR$295 -> 0.905 | Q99: ='[2]Malaysia Palm Oil Imports'!HD$295 -> 25.118 | R99: ='[2]Malaysia Palm Oil Imports'!HP$295 -> 0.808 | S99: ='[2]Malaysia Palm Oil Imports'!IB$295 -> 17.619 | T99: ='[2]Malaysia Palm Oil Imports'!IN$295 -> 23.554 | U99: ='[2]Malaysia Palm Oil Imports'!IZ$295 -> 14.505 | V99: ='[2]Malaysia Palm Oil Imports'!JL$295 -> 7.928 | W99: ='[2]Malaysia Palm Oil Imports'!JX$295 -> 4.06 | X99: ='[2]Malaysia Palm Oil Imports'!KJ$295 -> 0.018 | Y99: ='[2]Malaysia Palm Oil Imports'!KV$295 -> 3.4 | Z99: ='[2]Malaysia Palm Oil Imports'!LH$295 -> 0.798 | AA99: ='[2]Malaysia Palm Oil Imports'!LT$295 -> 0 | AB99: ='[2]Malaysia Palm Oil Imports'!MF$295 -> 5.233479 | AC99: ='[2]Malaysia Palm Oil Imports'!MR$295 -> 18.945434 | AD99: ='[2]Malaysia Palm Oil Imports'!ND$295 -> 5.024165 | AE99: ='[2]Malaysia Palm Oil Imports'!NP$295 -> 6.855 | AF99: ='[2]Malaysia Palm Oil Imports'!OB$295 -> 1.033 | AG99: ='[2]Malaysia Palm Oil Imports'!ON$295 -> 0.703791
B100: Total | C100: =SUM(C88:C99) -> 390.4 | D100: =SUM(D88:D99) -> 114.8 | E100: =SUM(E88:E99) -> 16.968659 | F100: =SUM(F88:F99) -> 16.360143 | G100: =SUM(G88:G99) -> 24.761217 | H100: =SUM(H88:H99) -> 29.016755 | I100: =SUM(I88:I99) -> 5.0673407 | J100: =SUM(J88:J99) -> 11.137188 | ... AG100: =SUM(AG88:AG99) -> 42.812823
B102: PALM OIL EXPORTS (1,000 Tonnes) | AL102: GAPKI EXPORTS | AU102: DELTA TO GAPKI EXPORTS
C103: 93/94 | D103: 94/95 | E103: 95/96 | F103: 96/97 | G103: 97/98 | H103: 98/99 | I103: 99/00 | J103: 00/01 | K103: 01/02 | L103: 02/03 | M103: 03/04 | N103: 04/05 | O103: 05/06 | P103: 06/07 | Q103: 07/08 | R103: 08/09 | S103: 09/10 | T103: 10/11 | U103: 11/12 | V103: 12/13 | W103: 13/14 | X103: 14/15 | Y103: 15/16 | Z103: 16/17 | AA103: 17/18 | AB103: 18/19 | AC103: 19/20 | AD103: 20/21 | AE103: =AE3 -> 21/22 | AF103: =AF3 -> 22/23 | AG103: =AG3 -> 23/24 | AL103: =Y103 -> 15/16 | AM103: =Z103 -> 16/17 | AN103: =AA103 -> 17/18 | AO103: =AB103 -> 18/19 | AP103: =AC103 -> 19/20 | AQ103: =AD103 -> 20/21 | AR103: =AE103 -> 21/22 | AS103: =AF103 -> 22/23 | AU103: =AL103 -> 15/16 | AV103: =AM103 -> 16/17 | AW103: =AN103 -> 17/18 | AX103: =AO103 -> 18/19 | AY103: =AP103 -> 19/20 | AZ103: =AQ103 -> 20/21 | BA103: =AR103 -> 21/22
...

Sheet Malaysia Palm Complex
A1: MALAYSIA PALM OIL COMPLEX
B2: 60/61 | C2: 61/62 | D2: 62/63 | E2: 63/64 | F2: 64/65 | G2: 65/66 | H2: 66/67 | I2: 67/68 | J2: 68/69 | K2: 69/70 | L2: 70/71 | M2: 71/72 | N2: 72/73 | O2: 73/74 | P2: 74/75 | Q2: 75/76 | R2: 76/77 | S2: 77/78 | T2: 78/79 | U2: 79/80 | V2: 80/81 | W2: 81/82 | X2: 82/83 | Y2: 83/84 | Z2: 84/85 | AA2: 85/86 | AB2: 86/87 | AC2: 87/88 | AD2: 88/89 | AE2: 89/90 | AF2: 90/91 | AG2: 91/92 | AH2: 92/93 | AI2: ='Indonesia Palm Complex'!B2 -> 93/94 | AJ2: ='Indonesia Palm Complex'!C2 -> 94/95 | AK2: ='Indonesia Palm Complex'!D2 -> 95/96 | AL2: ='Indonesia Palm Complex'!E2 -> 96/97 | AM2: ='Indonesia Palm Complex'!F2 -> 97/98 | AN2: ='Indonesia Palm Complex'!G2 -> 98/99 | AO2: ='Indonesia Palm Complex'!H2 -> 99/00 | AP2: ='Indonesia Palm Complex'!I2 -> 00/01 | ... BP2: ='Indonesia Palm Complex'!AI2 -> 26/27 | BR2: 5 Year Avg
A3: MALAYSIA PALM AREA AND YIELD (1,000 Hectares)
A4: Immature Planted Area | Q4: =[3]Malaysia!B$7 -> 256.125 | R4: =[3]Malaysia!C$7 -> 260.591 | S4: =[3]Malaysia!D$7 -> 260.328 | T4: =[3]Malaysia!E$7 -> 249.892 | U4: =[3]Malaysia!F$7 -> 268.564 | V4: =[3]Malaysia!G$7 -> 245.918 | W4: =[3]Malaysia!H$7 -> 259.72 | X4: =[3]Malaysia!I$7 -> 294.178 | ... BP4: =[3]Malaysia!BA$7 -> 295
A5: Mature Planted Area | Q5: =[3]Malaysia!B$3 -> 385.666 | R5: =[3]Malaysia!C$3 -> 454.009 | S5: =[3]Malaysia!D$3 -> 521.486 | T5: =[3]Malaysia!E$3 -> 603.087 | U5: =[3]Malaysia!F$3 -> 670.299 | V5: =[3]Malaysia!G$3 -> 777.388 | W5: =[3]Malaysia!H$3 -> 848.143 | X5: =[3]Malaysia!I$3 -> 888.619 | ... BP5: =[3]Malaysia!BA$3 -> 4970
A6: Total Planted Area | Q6: =[3]Malaysia!$AY$11 -> 5525 | R6: =[3]Malaysia!$AY$11 -> 5525 | S6: =[3]Malaysia!$AY$11 -> 5525 | T6: =[3]Malaysia!$AY$11 -> 5525 | U6: =[3]Malaysia!$AY$11 -> 5525 | V6: =[3]Malaysia!$AY$11 -> 5525 | W6: =[3]Malaysia!$AY$11 -> 5525 | X6: =[3]Malaysia!$AY$11 -> 5525 | ... BM6: =[3]Malaysia!$AY$11 -> 5525 | BN6: =[3]Malaysia!AY$11 -> 5525 | BO6: =[3]Malaysia!AZ$11 -> 5410 | BP6: =[3]Malaysia!BA$11 -> 5265
A7: Oil Yield (Tonnes/Hectare) | Q7: =Q10/Q5 -> 3.6093407 | R7: =R10/R5 -> 3.552793 | S7: =S10/S5 -> 3.4248283 | T7: =T10/T5 -> 3.6280006 | U7: =U10/U5 -> 3.7893537 | V7: =V10/V5 -> 3.460905 | W7: =W10/W5 -> 3.9475537 | X7: =X10/X5 -> 3.5803983 | ... BM7: =BM10/BM5 -> 3.8571139 | BN7: =FORECAST(BN54,AY7:BM7,AY54:BM54)+0.35 -> 3.7738758 | BO7: =FORECAST(BO54,AZ7:BN7,AZ54:BN54)+0.375 -> 3.8161608 | BP7: =FORECAST(BP54,BA7:BO7,BA54:BO54)+0.4 -> 3.8822942
A8: MALAYSIA PALM OIL SUPPLY AND DEMAND (1,000 Tonnes)
A9: Beginning Stocks (October 1) | Q9: 166 | R9: =Q18 -> 142 | S9: =R18 -> 193 | T9: =S18 -> 335 | U9: =T18 -> 409 | V9: =U18 -> 416 | W9: =V18 -> 258 | X9: =W18 -> 521 | Y9: =X18 -> 318.477 | ... BP9: =BO18 -> 1750
A10: Production | Q10: =Q101 -> 1392 | R10: =R101 -> 1613 | S10: =S101 -> 1786 | T10: =T101 -> 2188 | U10: =U101 -> 2540 | V10: =V101 -> 2690.466 | W10: =W101 -> 3348.09 | X10: =X101 -> 3181.61 | ... BM10: =BM101 -> 19709.852 | BN10: =MROUND(BN7*BN5,25)-100-200-400+750 -> 19250 | BO10: =MROUND(BO7*BO5,25) -> 19225 | BP10: =MROUND(BP7*BP5,25) -> 19300 | BT10: =BG10-BF10 -> 823.123 | BU10: =BH10-BG10 -> 1125.651 | BW10: =BE10/BD10-1 -> -0.11044275
A11: Imports | Q11: =Q132 -> 0 | R11: =R132 -> 0 | S11: =S132 -> 0 | T11: =T132 -> 0 | U11: =U132 -> 0 | V11: =V132 -> 0 | W11: =W132 -> 0 | X11: =X132 -> 7 | ... BM11: =BM132 -> 304.455 | BN11: 750 | BO11: 950 | BP11: 1100
A12: Total Supply | Q12: =SUM(Q9:Q11) -> 1558 | R12: =SUM(R9:R11) -> 1755 | S12: =SUM(S9:S11) -> 1979 | T12: =SUM(T9:T11) -> 2523 | U12: =SUM(U9:U11) -> 2949 | V12: =SUM(V9:V11) -> 3106.466 | W12: =SUM(W9:W11) -> 3606.09 | X12: =SUM(X9:X11) -> 3709.61 | ... BP12: =SUM(BP9:BP11) -> 22150
A13: Domestic Usage | Q13: =Q164 -> 81 | R13: =R164 -> 135 | S13: =S164 -> 130 | T13: =T164 -> 213 | U13: =U164 -> 359 | V13: =V164 -> 418.466 | W13: =W164 -> 431.09 | X13: =X164 -> 324.133 | ... BL13: =BL164 -> 3966.738 | BM13: =BM17-BM16 -> 3936.888 | BN13: =BN17-BN16 -> 4250 | BO13: =BO17-BO16 -> 4025 | BP13: =BP17-BP16 -> 4150 | BR13: =AVERAGE(BG13:BK13) -> 3388.1488 | BT13: =BG13-BF13 -> 523.775 | BU13: =BH13-BG13 -> 342.385
A14: Industrial Usage | AI14: 911 | AJ14: 815 | AK14: 980 | AL14: 1045 | AM14: 961 | AN14: 1001 | AO14: 1050 | AP14: 1051 | AQ14: 929 | AR14: 1085 | AS14: 1106 | AT14: 1326 | AU14: 1585 | AV14: 1694 | AW14: 2097 | AX14: 2068 | AY14: 1681 | AZ14: 1564 | BA14: 1500 | BB14: 1781 | BC14: 2170 | BD14: 2231 | BE14: 2033 | BF14: 1885 | BG14: 2465 | BH14: 2715 | BI14: 2720 | BJ14: 2402 | BK14: 2423 | BL14: 3100 | BM14: 3101 | BN14: 2850 | BO14: 2950 | BP14: 3000
A15: Food, Feed & Waste Usage | AI15: =AI13-AI14 -> 153.863 | AJ15: =AJ13-AJ14 -> 432.59 | AK15: =AK13-AK14 -> 195.498 | AL15: =AL13-AL14 -> 398.184 | AM15: =AM13-AM14 -> 423.153 | AN15: =AN13-AN14 -> 401.573 | AO15: =AO13-AO14 -> 519.9064 | AP15: =AP13-AP14 -> 559.861 | ... BP15: =BP13-BP14 -> 1150 | BS15: =BL15/AVERAGE(BG15:BK15)-1 -> 0.027977505 | BT15: =BG16-BF16 -> 162.325 | BU15: =BH16-BG16 -> 1892.516 | BW15: =BH16/BH17 -> 0.83677314
A16: Exports | Q16: =Q148 -> 1335 | R16: =R148 -> 1427 | S16: =S148 -> 1514 | T16: =T148 -> 1901 | U16: =U148 -> 2174 | V16: =V148 -> 2430 | W16: =W148 -> 2654 | X16: =X148 -> 3067 | ... BM16: =BM148 -> 16539.748 | BN16: =16250+250-750 -> 15750 | BO16: 16250 | BP16: 16250 | BT16: =BG17-BF17 -> 686.1 | BU16: =BH17-BG17 -> 2234.901
A17: Total Use | Q17: =Q16+Q13 -> 1416 | R17: =R16+R13 -> 1562 | S17: =S16+S13 -> 1644 | T17: =T16+T13 -> 2114 | U17: =U16+U13 -> 2533 | V17: =V16+V13 -> 2848.466 | W17: =W16+W13 -> 3085.09 | X17: =X16+X13 -> 3391.133 | ... BL17: =BL16+BL13 -> 19343.665 | BM17: =BM12-BM18 -> 20476.636 | BN17: =BN12-BN18 -> 20000 | BO17: =BO12-BO18 -> 20275 | BP17: =BP12-BP18 -> 20400 | BT17: =BG18-BF18 -> 513.525 | BU17: =BH18-BG18 -> -80.999
A18: Ending Stocks (September 30) | Q18: =Q12-Q17 -> 142 | R18: =R12-R17 -> 193 | S18: =S12-S17 -> 335 | T18: =T12-T17 -> 409 | U18: =U12-U17 -> 416 | V18: =V12-V17 -> 258 | W18: =W12-W17 -> 521 | X18: =X12-X17 -> 318.477 | ... BL18: =BL12-BL17 -> 2312.329 | BM18: 1850 | BN18: 1850 | BO18: 1750 | BP18: 1750 | BT18: =BI18-BJ18 -> -34.317 | BU18: =AK2 -> 95/96 | BV18: =AL2 -> 96/97 | BW18: =AM2 -> 97/98 | BX18: =AN2 -> 98/99 | BY18: =AO2 -> 99/00 | BZ18: =AP2 -> 00/01 | CA18: =AQ2 -> 01/02 | CB18: =AR2 -> 02/03 | ... CS18: =BI2 -> 19/20
A19: Stocks/Use | Q19: =Q18/Q17 -> 0.10028249 | R19: =R18/R17 -> 0.12355954 | S19: =S18/S17 -> 0.20377129 | T19: =T18/T17 -> 0.19347209 | U19: =U18/U17 -> 0.16423214 | V19: =V18/V17 -> 0.090575067 | W19: =W18/W17 -> 0.16887676 | X19: =X18/X17 -> 0.09391463 | ... BP19: =BP18/BP17 -> 0.085784314 | BS19: =BK18/BJ18-1 -> 0.31985693 | BU19: =AL17/365 -> 24.719052 | BV19: =AM17/365 -> 24.47911 | BW19: =AN17/365 -> 26.263175 | BX19: =AO17/365 -> 28.523304 | BY19: =AP17/365 -> 33.411658 | BZ19: =AQ17/365 -> 33.6164 | CA19: =AR17/365 -> 37.786227 | CB19: =AS17/365 -> 37.827981 | ... CS19: =BJ17/365 -> 52.546364
A20: Futures Price (Ringgit/Tonne) | AG20: =AG195 -> 884.75 | AH20: =AH195 -> 901.91667 | AI20: =AI195 -> 1113.6667 | AJ20: =AJ195 -> 1508.1667 | AK20: =AK195 -> 1220.5 | AL20: =AL195 -> 1267.5833 | AM20: =AM195 -> 2230.25 | AN20: =AN195 -> 1646.25 | ... BP20: =BP195 -> 0 | BU20: =AK18/BU19 -> 36.184155 | BV20: =AL18/BV19 -> 37.053676 | BW20: =AM18/BW19 -> 27.368739 | BX20: =AN18/BX19 -> 42.354946 | BY20: =AO18/BY19 -> 40.945769 | BZ20: =AP18/BZ19 -> 36.169518 | CA20: =AQ18/CA19 -> 30.412218 | CB20: =AR18/CB19 -> 25.781603 | ... CS20: =BI18/CS19 -> 32.772715
A21: MALAYSIA PALM KERNEL SUPPLY AND DEMAND (1,000 Tonnes) | BA21: =BA19-AZ19 -> 0.014896545 | BB21: =BB19-BA19 -> -0.042342626 | BC21: =BC19-BB19 -> 0.017838028 | BD21: =BD19-BC19 -> 0.025964103 | BE21: =BE19-BD19 -> -0.049806429 | BF21: =BF19-BE19 -> 0.025982264 | BG21: =BG19-BF19 -> 0.022365812 | BH21: =BH19-BG19 -> -0.016761403
A22: Beginning Stocks (October 1) | Q22: 14 | R22: =Q29 -> 20 | S22: =R29 -> 12 | T22: =S29 -> 29 | U22: =T29 -> 33 | V22: =U29 -> 53.898 | W22: =V29 -> 40.387 | X22: =W29 -> 104.565 | Y22: =X29 -> 42.531 | ... BP22: =BO29 -> 108.2
A23: Production | Q23: =Q211 -> 281 | R23: =R211 -> 335 | S23: =S211 -> 368 | T23: =T211 -> 475 | U23: =U211 -> 557 | V23: =V211 -> 553.857 | W23: =W211 -> 814.587 | X23: =X211 -> 882.1 | ... BP23: =BP211 -> 4630
A24: Imports | Q24: =Q259 -> 0 | R24: =R259 -> 0 | S24: =S259 -> 0 | T24: =T259 -> 0 | U24: =U259 -> 0 | V24: =V259 -> 0 | W24: =W259 -> 0 | X24: =X259 -> 0 | ... BL24: =BL259 -> 46.492 | BM24: =20+50+30-40-5 -> 55 | BN24: =20+50+30-40-5 -> 55 | BO24: =20+50+30-40-5 -> 55 | BP24: =20+50+30-40-5 -> 55
A25: Total Supply | Q25: =SUM(Q22:Q24) -> 295 | R25: =SUM(R22:R24) -> 355 | S25: =SUM(S22:S24) -> 380 | T25: =SUM(T22:T24) -> 504 | U25: =SUM(U22:U24) -> 590 | V25: =SUM(V22:V24) -> 607.755 | W25: =SUM(W22:W24) -> 854.974 | X25: =SUM(X22:X24) -> 986.665 | ... BI25: =SUM(BI22:BI24) -> 4995.078 | BJ25: =BJ29+BJ28 -> 4571.792 | BK25: =BK29+BK28 -> 4632.367 | BL25: =BL29+BL28 -> 4734.196 | BM25: =SUM(BM22:BM24) -> 4979.091 | BN25: =SUM(BN22:BN24) -> 4910.7 | BO25: =SUM(BO22:BO24) -> 4836.45 | BP25: =SUM(BP22:BP24) -> 4793.2
A26: Crush/Domestic Usage | Q26: =Q291 -> 275 | R26: =R291 -> 341 | S26: =S291 -> 349 | T26: =T291 -> 471 | U26: =U291 -> 536.102 | V26: =V291 -> 567.368 | W26: =W291 -> 750.409 | X26: =X291 -> 944.134 | ... BL26: =BL291 -> 4548.244 | BM26: 4718 | BN26: 4733 | BO26: 4727 | BP26: 4723
A27: Exports | Q27: =Q275 -> 0 | R27: =R275 -> 2 | S27: =S275 -> 2 | T27: =T275 -> 0 | U27: =U275 -> 0 | V27: =V275 -> 0 | W27: =W275 -> 0 | X27: =X275 -> 0 | ... BL27: =BL275 -> 1.197 | BM27: =2.5-1.5 -> 1 | BN27: 1.25 | BO27: 1.25 | BP27: 1.25
A28: Total Use | Q28: =SUM(Q26:Q27) -> 275 | R28: =SUM(R26:R27) -> 343 | S28: =SUM(S26:S27) -> 351 | T28: =SUM(T26:T27) -> 471 | U28: =SUM(U26:U27) -> 536.102 | V28: =SUM(V26:V27) -> 567.368 | W28: =SUM(W26:W27) -> 750.409 | X28: =SUM(X26:X27) -> 944.134 | ... BP28: =SUM(BP26:BP27) -> 4724.25
A29: Ending Stocks (September 30) | Q29: =Q306 -> 20 | R29: =R306 -> 12 | S29: =S306 -> 29 | T29: =T306 -> 33 | U29: =U306 -> 53.898 | V29: =V306 -> 40.387 | W29: =W306 -> 104.565 | X29: =X306 -> 42.531 | ... BL29: =BL306 -> 184.755 | BM29: =BM25-BM28 -> 260.091 | BN29: =BN25-BN28 -> 176.45 | BO29: =BO25-BO28 -> 108.2 | BP29: =BP25-BP28 -> 68.95 | BR29: 44.1 | BS29: =BR29/BR30-1 -> 0.020833333 | BV29: 18/19 | BW29: 19/20 | BX29: 20/21 | BY29: 21/22 | BZ29: 22/23 | CA29: 23/24
A30: Stocks/Use | Q30: =Q29/Q28 -> 0.072727273 | R30: =R29/R28 -> 0.034985423 | S30: =S29/S28 -> 0.082621083 | T30: =T29/T28 -> 0.070063694 | U30: =U29/U28 -> 0.10053684 | V30: =V29/V28 -> 0.071183077 | W30: =W29/W28 -> 0.13934401 | X30: =X29/X28 -> 0.045047631 | ... BP30: =BP29/BP28 -> 0.014594909 | BR30: 43.2 | BU30: Domestic Usage | BV30: 3581.912 | BW30: 3567.705 | BX30: 3296.409 | BY30: 3255.191 | BZ30: 3793.202 | CA30: 3625
A31: MALAYSIA PALM KERNEL CAKE SUPPLY AND DEMAND (1,000 Tonnes) | BU31: 5 Year Avg | BV31: 3388.1488 | BW31: 3388.1488 | BX31: 3388.1488 | BY31: 3388.1488 | BZ31: 3388.1488 | CA31: 3388.1488
A32: Beginning Stocks (October 1) | Q32: 0 | R32: =Q39 -> 11 | S32: =R39 -> 7 | T32: =S39 -> 20 | U32: =T39 -> 11 | V32: =U39 -> 20 | W32: =V39 -> 37.229 | X32: =W39 -> 20.85 | Y32: =X39 -> 29.337 | ... BP32: =BO39 -> 211.914
A33: Production | Q33: =Q322 -> 142 | R33: =R322 -> 177 | S33: =S322 -> 176 | T33: =T322 -> 245 | U33: =U322 -> 279 | V33: =V322 -> 293.378 | W33: =W322 -> 402.334 | X33: =X322 -> 513.644 | ... BP33: =BP322 -> 2420
A34: Imports | Q34: =Q354 -> 0 | R34: =R354 -> 0 | S34: =S354 -> 0 | T34: =T354 -> 0 | U34: =U354 -> 0 | V34: =V354 -> 0 | W34: =W354 -> 0 | X34: =X354 -> 0 | ... BL34: =BL354 -> 0.735 | BM34: 0.25 | BN34: 0.25 | BO34: 0.25 | BP34: 0.25
A35: Total Supply | Q35: =SUM(Q32:Q34) -> 142 | R35: =SUM(R32:R34) -> 188 | S35: =SUM(S32:S34) -> 183 | T35: =SUM(T32:T34) -> 265 | U35: =SUM(U32:U34) -> 290 | V35: =SUM(V32:V34) -> 313.378 | W35: =SUM(W32:W34) -> 439.563 | X35: =SUM(X32:X34) -> 534.494 | ... BP35: =SUM(BP32:BP34) -> 2632.164
A36: Domestic Usage | Q36: =Q386 -> 25 | R36: =R386 -> 20 | S36: =S386 -> 60 | T36: =T386 -> 33 | U36: =U386 -> 14 | V36: =V386 -> 21.091363 | W36: =W386 -> 80.58435 | X36: =X386 -> 26.551419 | ... BL36: =BL386 -> 146.119 | BM36: =75+100 -> 175 | BN36: 75 | BO36: 75 | BP36: 75
A37: Exports | Q37: =Q370 -> 106 | R37: =R370 -> 161 | S37: =S370 -> 103 | T37: =T370 -> 221 | U37: =U370 -> 256 | V37: =V370 -> 255.05764 | W37: =W370 -> 338.12865 | X37: =X370 -> 478.60558 | ... BL37: =BL370 -> 2211.27 | BM37: =2775-250-350+200-175 -> 2200 | BN37: =2775-250-350+200 -> 2375 | BO37: =2775-250-350+200 -> 2375 | BP37: =2775-250-350+200 -> 2375
A38: Total Use | Q38: =SUM(Q36:Q37) -> 131 | R38: =SUM(R36:R37) -> 181 | S38: =SUM(S36:S37) -> 163 | T38: =SUM(T36:T37) -> 254 | U38: =SUM(U36:U37) -> 270 | V38: =SUM(V36:V37) -> 276.149 | W38: =SUM(W36:W37) -> 418.713 | X38: =SUM(X36:X37) -> 505.157 | ... BP38: =SUM(BP36:BP37) -> 2450
A39: Ending Stocks (September 30) | Q39: =Q35-Q38 -> 11 | R39: =R35-R38 -> 7 | S39: =S35-S38 -> 20 | T39: =T35-T38 -> 11 | U39: =U35-U38 -> 20 | V39: =V35-V38 -> 37.229 | W39: =W35-W38 -> 20.85 | X39: =X35-X38 -> 29.337 | ... BP39: =BP35-BP38 -> 182.164
A40: Stocks/Use | Q40: =Q39/Q38 -> 0.083969466 | R40: =R39/R38 -> 0.038674033 | S40: =S39/S38 -> 0.12269939 | T40: =T39/T38 -> 0.043307087 | U40: =U39/U38 -> 0.074074074 | V40: =V39/V38 -> 0.1348149 | W40: =W39/W38 -> 0.049795445 | X40: =X39/X38 -> 0.058075014 | ... BP40: =BP39/BP38 -> 0.074352653
A41: MALAYSIA PALM KERNEL OIL SUPPLY AND DEMAND (1,000 Tonnes)
A42: Beginning Stocks (October 1) | Q42: 0 | R42: =Q49 -> 0 | S42: =R49 -> 10 | T42: =S49 -> 22 | U42: =T49 -> 20 | V42: =U49 -> 25.312 | W42: =V49 -> 25.197 | X42: =W49 -> 30.769 | Y42: =X49 -> 19.018 | ... BP42: =BO49 -> 438.739
A43: Production | Q43: =Q417 -> 117 | R43: =R417 -> 142 | S43: =S417 -> 142 | T43: =T417 -> 196 | U43: =U417 -> 222 | V43: =V417 -> 228.085 | W43: =W417 -> 298.982 | X43: =X417 -> 372.865 | ... BP43: =BP417 -> 2175
A44: Imports | Q44: =Q449 -> 0 | R44: =R449 -> 0 | S44: =S449 -> 0 | T44: =T449 -> 0 | U44: =U449 -> 0 | V44: =V449 -> 0 | W44: =W449 -> 0 | X44: =X449 -> 0 | ... BL44: =BL449 -> 215.199 | BM44: =200+50+75-50-100 -> 175 | BN44: =200+50+75-50 -> 275 | BO44: =200+50+75-50 -> 275 | BP44: =200+50+75-50 -> 275
A45: Total Supply | Q45: =SUM(Q42:Q44) -> 117 | R45: =SUM(R42:R44) -> 142 | S45: =SUM(S42:S44) -> 152 | T45: =SUM(T42:T44) -> 218 | U45: =SUM(U42:U44) -> 242 | V45: =SUM(V42:V44) -> 253.397 | W45: =SUM(W42:W44) -> 324.179 | X45: =SUM(X42:X44) -> 403.634 | ... BP45: =SUM(BP42:BP44) -> 2888.739
A46: Domestic Usage | Q46: =Q481 -> 1.7763568e-14 | R46: =R481 -> 27 | S46: =S481 -> 3.7303494e-14 | T46: =T481 -> 2.4868996e-14 | U46: =U481 -> 0.688 | V46: =V481 -> -7.8 | W46: =W481 -> 4.41 | X46: =X481 -> -11.384 | ... BL46: =BL481 -> 1269.866 | BM46: =1400-100 -> 1300 | BN46: 1350 | BO46: 1425 | BP46: 1450
A47: Exports | Q47: =Q465 -> 117 | R47: =R465 -> 105 | S47: =S465 -> 130 | T47: =T465 -> 198 | U47: =U465 -> 216 | V47: =V465 -> 236 | W47: =W465 -> 289 | X47: =X465 -> 396 | ... BL47: =BL465 -> 1012.159 | BM47: 1050 | BN47: 1050 | BO47: 1050 | BP47: 1050
A48: Total Use | Q48: =SUM(Q46:Q47) -> 117 | R48: =SUM(R46:R47) -> 132 | S48: =SUM(S46:S47) -> 130 | T48: =SUM(T46:T47) -> 198 | U48: =SUM(U46:U47) -> 216.688 | V48: =SUM(V46:V47) -> 228.2 | W48: =SUM(W46:W47) -> 293.41 | X48: =SUM(X46:X47) -> 384.616 | ... BP48: =SUM(BP46:BP47) -> 2500
A49: Ending Stocks (September 30) | Q49: =Q45-Q48 -> 0 | R49: =R45-R48 -> 10 | S49: =S45-S48 -> 22 | T49: =T45-T48 -> 20 | U49: =U45-U48 -> 25.312 | V49: =V45-V48 -> 25.197 | W49: =W45-W48 -> 30.769 | X49: =X45-X48 -> 19.018 | ... BP49: =BP45-BP48 -> 388.739
A50: Stocks/Use | Q50: =Q49/Q48 -> 0 | R50: =R49/R48 -> 0.075757576 | S50: =S49/S48 -> 0.16923077 | T50: =T49/T48 -> 0.1010101 | U50: =U49/U48 -> 0.11681311 | V50: =V49/V48 -> 0.1104163 | W50: =W49/W48 -> 0.10486691 | X50: =X49/X48 -> 0.049446721 | ... BP50: =BP49/BP48 -> 0.1554956
A51: Futures Price (Ringgit/Tonne) | AT51: =AT512 -> 2217.5833 | AU51: =AU512 -> 1953.75 | AV51: =AV512 -> 2455.8333 | AW51: =AW512 -> 3785.3333 | AX51: =AX512 -> 2210.3333 | AY51: =AY512 -> 3101.8333 | AZ51: =AZ512 -> 5179.8333 | BA51: =BA512 -> 3617.4167 | ... BP51: =BP512 -> 0
A52: Bold numbers are The Jacobsen forecasts and estimates
Q54: 1976 | R54: 1977 | S54: 1978 | T54: 1979 | U54: 1980 | V54: 1981 | W54: 1982 | X54: 1983 | Y54: 1984 | Z54: 1985 | AA54: 1986 | AB54: 1987 | AC54: 1988 | AD54: 1989 | AE54: 1990 | AF54: 1991 | AG54: 1992 | AH54: 1993 | AI54: 1994 | AJ54: 1995 | AK54: 1996 | AL54: 1997 | AM54: 1998 | AN54: 1999 | AO54: 2000 | AP54: 2001 | AQ54: 2002 | AR54: 2003 | AS54: 2004 | AT54: 2005 | AU54: 2006 | AV54: 2007 | AW54: 2008 | AX54: 2009 | AY54: 2010 | AZ54: 2011 | BA54: 2012 | BB54: 2013 | BC54: 2014 | BD54: 2015 | BE54: 2016 | BF54: 2017 | BG54: 2018 | BH54: 2019 | BI54: 2020 | BJ54: 2021 | BK54: 2022 | BL54: 2023 | BM54: 2024 | BN54: 2025 | BO54: 2026 | BP54: 2027
A55: IMPLIED FRESH FRUIT BUNCH PRODUCTION (1,000 Tonnes)
B56: 60/61 | C56: 61/62 | D56: 62/63 | E56: 63/64 | F56: 64/65 | G56: 65/66 | H56: 66/67 | I56: 67/68 | J56: 68/69 | K56: 69/70 | L56: 70/71 | M56: 71/72 | N56: 72/73 | O56: 73/74 | P56: 74/75 | Q56: 75/76 | R56: 76/77 | S56: 77/78 | T56: 78/79 | U56: 79/80 | V56: 80/81 | W56: 81/82 | X56: 82/83 | Y56: 83/84 | Z56: 84/85 | AA56: 85/86 | AB56: 86/87 | AC56: 87/88 | AD56: 88/89 | AE56: 89/90 | AF56: 90/91 | AG56: 91/92 | AH56: 92/93 | AI56: 93/94 | AJ56: 94/95 | AK56: 95/96 | AL56: 96/97 | AM56: 97/98 | AN56: 98/99 | AO56: 99/00 | AP56: 00/01 | AQ56: 01/02 | AR56: 02/03 | AS56: 03/04 | AT56: 04/05 | AU56: 05/06 | AV56: 06/07 | AW56: 07/08 | AX56: 08/09 | AY56: 09/10 | AZ56: 10/11 | BA56: 11/12 | BB56: 12/13 | BC56: 13/14 | BD56: 14/15 | BE56: 15/16 | BF56: 16/17 | BG56: 17/18 | BH56: 18/19 | BI56: 19/20 | BJ56: 20/21 | BK56: =BK2 -> 21/22 | BL56: =BL2 -> 22/23 | BM56: =BM2 -> 23/24 | BN56: =BN2 -> 24/25 | BO56: =BO2 -> 25/26 | BP56: =BP2 -> 26/27
A57: October | V57: =(V89/(V73/100)) -> 1161.2539 | W57: =(W89/(W73/100)) -> 1408.6182 | X57: =(X89/(X73/100)) -> 1965.1238 | Y57: =(Y89/(Y73/100)) -> 1461.803 | Z57: =(Z89/(Z73/100)) -> 2216.276 | AA57: =(AA89/(AA73/100)) -> 2823.2407 | AB57: =(AB89/(AB73/100)) -> 2437.7113 | AC57: =(AC89/(AC73/100)) -> 2386.2623 | ... BP57: =(BP89/(BP73/100)) -> 9426.992 | BT57: =BL57/AVERAGE(BG57:BK57)-1 -> 0.0078573362 | BU57: =(SUM(BC58:BG58)-SUM(BC57:BG57))/5 -> -626.8477
A58: November | V58: =(V90/(V74/100)) -> 1096.0073 | W58: =(W90/(W74/100)) -> 1400.6798 | X58: =(X90/(X74/100)) -> 1658.9529 | Y58: =(Y90/(Y74/100)) -> 1312.4223 | Z58: =(Z90/(Z74/100)) -> 2030.0304 | AA58: =(AA90/(AA74/100)) -> 2390.5307 | AB58: =(AB90/(AB74/100)) -> 2101.0894 | AC58: =(AC90/(AC74/100)) -> 1961.6822 | ... BP58: =(BP90/(BP74/100)) -> 8754.9791 | BT58: =BL58/AVERAGE(BG58:BK58)-1 -> 0.008327544 | BU58: =(SUM(BC59:BG59)-SUM(BC58:BG58))/5 -> -957.76145
A59: December | V59: =(V91/(V75/100)) -> 992.20179 | W59: =(W91/(W75/100)) -> 1127.072 | X59: =(X91/(X75/100)) -> 1158.8585 | Y59: =(Y91/(Y75/100)) -> 1007.577 | Z59: =(Z91/(Z75/100)) -> 1589.6771 | AA59: =(AA91/(AA75/100)) -> 2305.4783 | AB59: =(AB91/(AB75/100)) -> 1697.5615 | AC59: =(AC91/(AC75/100)) -> 1599.2839 | ... BP59: =(BP91/(BP75/100)) -> 8046.4455 | BT59: =BL59/AVERAGE(BG59:BK59)-1 -> 0.055131402 | BU59: =(SUM(BC60:BG60)-SUM(BC59:BG59))/5 -> -956.73922
A60: January | V60: =(V92/(V76/100)) -> 989.78976 | W60: =(W92/(W76/100)) -> 1010.8623 | X60: =(X92/(X76/100)) -> 1073.6663 | Y60: =(Y92/(Y76/100)) -> 891.2256 | Z60: =(Z92/(Z76/100)) -> 1350.2024 | AA60: =(AA92/(AA76/100)) -> 1936.2965 | AB60: =(AB92/(AB76/100)) -> 1395.8972 | AC60: =(AC92/(AC76/100)) -> 1304.7148 | ... BP60: =(BP92/(BP76/100)) -> 6846.9608 | BT60: =BL60/AVERAGE(BG60:BK60)-1 -> -0.0073103852 | BU60: =(SUM(BC61:BG61)-SUM(BC60:BG60))/5 -> -712.79956 | BV60: =BH61-BH60 -> -1105.5761
A61: February | V61: =(V93/(V77/100)) -> 916.21333 | W61: =(W93/(W77/100)) -> 1149.7895 | X61: =(X93/(X77/100)) -> 1018.6166 | Y61: =(Y93/(Y77/100)) -> 895.11123 | Z61: =(Z93/(Z77/100)) -> 1026.2653 | AA61: =(AA93/(AA77/100)) -> 1675.0252 | AB61: =(AB93/(AB77/100)) -> 1458.9693 | AC61: =(AC93/(AC77/100)) -> 1391.7599 | ... BP61: =(BP93/(BP77/100)) -> 6213.6563 | BT61: =BL61/AVERAGE(BG61:BK61)-1 -> 0.0048481921 | BU61: =(SUM(BC62:BG62)-SUM(BC61:BG61))/5 -> 1164.9432 | BV61: =BH62-BH61 -> 610.36368
A62: March | V62: =(V94/(V78/100)) -> 1030.2456 | W62: =(W94/(W78/100)) -> 1417.8555 | X62: =(X94/(X78/100)) -> 1294.6391 | Y62: =(Y94/(Y78/100)) -> 1198.6183 | Z62: =(Z94/(Z78/100)) -> 1173.1013 | AA62: =(AA94/(AA78/100)) -> 1686.7478 | AB62: =(AB94/(AB78/100)) -> 1453.0346 | AC62: =(AC94/(AC78/100)) -> 1730.4281 | ... BP62: =(BP94/(BP78/100)) -> 6924.9686 | BT62: =BL62/AVERAGE(BG62:BK62)-1 -> -0.12463962 | BU62: =(SUM(BC63:BG63)-SUM(BC62:BG62))/5 -> 393.01719 | BV62: =BH63-BH62 -> -30.852721
A63: April | V63: =(V95/(V79/100)) -> 1114.7173 | W63: =(W95/(W79/100)) -> 1483.7507 | X63: =(X95/(X79/100)) -> 1221.528 | Y63: =(Y95/(Y79/100)) -> 1468.1337 | Z63: =(Z95/(Z79/100)) -> 1185.3703 | AA63: =(AA95/(AA79/100)) -> 1633.1395 | AB63: =(AB95/(AB79/100)) -> 1572.847 | AC63: =(AC95/(AC79/100)) -> 1903.7302 | ... BP63: =(BP95/(BP79/100)) -> 7252.0027 | BT63: =BL63/AVERAGE(BG63:BK63)-1 -> -0.23996161 | BU63: =(SUM(BC64:BG64)-SUM(BC63:BG63))/5 -> 397.07219 | BV63: =BH64-BH63 -> 139.25827
A64: May | V64: =(V96/(V80/100)) -> 1068.6566 | W64: =(W96/(W80/100)) -> 1518.4784 | X64: =(X96/(X80/100)) -> 1233.3109 | Y64: =(Y96/(Y80/100)) -> 1663.9559 | Z64: =(Z96/(Z80/100)) -> 1272.3837 | AA64: =(AA96/(AA80/100)) -> 1648.0455 | AB64: =(AB96/(AB80/100)) -> 1629.5485 | AC64: =(AC96/(AC80/100)) -> 2001.3807 | ... BP64: =(BP96/(BP80/100)) -> 8208.23 | BT64: =BL64/AVERAGE(BG64:BK64)-1 -> -0.03882929 | BU64: =(SUM(BC65:BG65)-SUM(BC64:BG64))/5 -> -272.86921 | BV64: =BH65-BH64 -> -760.76889
A65: June | V65: =(V97/(V81/100)) -> 1214.5455 | W65: =(W97/(W81/100)) -> 1568.4934 | X65: =(X97/(X81/100)) -> 1224.0417 | Y65: =(Y97/(Y81/100)) -> 1615.4707 | Z65: =(Z97/(Z81/100)) -> 1339.4927 | AA65: =(AA97/(AA81/100)) -> 1677.0683 | AB65: =(AB97/(AB81/100)) -> 1972.2732 | AC65: =(AC97/(AC81/100)) -> 2433.9053 | ... BP65: =(BP97/(BP81/100)) -> 7983.8726 | BT65: =BL65/AVERAGE(BG65:BK65)-1 -> -0.08066023 | BU65: =(SUM(BC66:BG66)-SUM(BC65:BG65))/5 -> 651.17178 | BV65: =BH66-BH65 -> 1059.6199
A66: July | V66: =(V98/(V82/100)) -> 1455.2861 | W66: =(W98/(W82/100)) -> 1730.595 | X66: =(X98/(X82/100)) -> 1373.6309 | Y66: =(Y98/(Y82/100)) -> 1810.6747 | Z66: =(Z98/(Z82/100)) -> 1905.8511 | AA66: =(AA98/(AA82/100)) -> 2055.8114 | AB66: =(AB98/(AB82/100)) -> 2202.847 | AC66: =(AC98/(AC82/100)) -> 2447.0882 | ... BP66: =(BP98/(BP82/100)) -> 8576.0835 | BT66: =BL66/AVERAGE(BG66:BK66)-1 -> 0.0051168839 | BU66: =(SUM(BC67:BG67)-SUM(BC66:BG66))/5 -> 754.95496 | BV66: =BH67-BH66 -> 181.98967
A67: August | V67: =(V99/(V83/100)) -> 1386.1652 | W67: =(W99/(W83/100)) -> 2139.6535 | X67: =(X99/(X83/100)) -> 1598.4285 | Y67: =(Y99/(Y83/100)) -> 1913.1783 | Z67: =(Z99/(Z83/100)) -> 1955.592 | AA67: =(AA99/(AA83/100)) -> 2166.8133 | AB67: =(AB99/(AB83/100)) -> 2507.611 | AC67: =(AC99/(AC83/100)) -> 2688.1379 | ... BP67: =(BP99/(BP83/100)) -> 9281.2645 | BT67: =BL67/AVERAGE(BG67:BK67)-1 -> 0.015708152 | BU67: =(SUM(BC68:BG68)-SUM(BC67:BG67))/5 -> -72.381787 | BV67: =BH68-BH67 -> -14.262808
A68: September | V68: =(V100/(V84/100)) -> 1581.6641 | W68: =(W100/(W84/100)) -> 2095.2599 | X68: =(X100/(X84/100)) -> 1577.0331 | Y68: =(Y100/(Y84/100)) -> 2119.9333 | Z68: =(Z100/(Z84/100)) -> 2729.3042 | AA68: =(AA100/(AA84/100)) -> 2455.4745 | AB68: =(AB100/(AB84/100)) -> 2735.9366 | AC68: =(AC100/(AC84/100)) -> 2553.2985 | ... BP68: =(BP100/(BP84/100)) -> 9703.0837 | BT68: =BL68/AVERAGE(BG68:BK68)-1 -> 0.018187275
A69: Total | V69: =SUM(V57:V68) -> 14006.746 | W69: =SUM(W57:W68) -> 18051.108 | X69: =SUM(X57:X68) -> 16397.83 | Y69: =SUM(Y57:Y68) -> 17358.104 | Z69: =SUM(Z57:Z68) -> 19773.546 | AA69: =SUM(AA57:AA68) -> 24453.671 | AB69: =SUM(AB57:AB68) -> 23165.327 | AC69: =SUM(AC57:AC68) -> 24401.672 | ... BP69: =SUM(BP57:BP68) -> 97218.539 | BT69: =BL69/AVERAGE(BG69:BK69)-1 -> -0.029954267
BT70: Current vs. 5-Yr Avg | BU70: Current vs. Last Year | BV70: 5-Yr Avg Mo-Mo Change
A71: PALM OIL EXTRACTION RATE (%) | BQ71: Delta to 10-Yr. | BR71: 10 yr average
B72: 60/61 | C72: 61/62 | D72: 62/63 | E72: 63/64 | F72: 64/65 | G72: 65/66 | H72: 66/67 | I72: 67/68 | J72: 68/69 | K72: 69/70 | L72: 70/71 | M72: 71/72 | N72: 72/73 | O72: 73/74 | P72: 74/75 | Q72: 75/76 | R72: 76/77 | S72: 77/78 | T72: 78/79 | U72: 79/80 | V72: 80/81 | W72: 81/82 | X72: 82/83 | Y72: 83/84 | Z72: 84/85 | AA72: 85/86 | AB72: 86/87 | AC72: 87/88 | AD72: 88/89 | AE72: 89/90 | AF72: 90/91 | AG72: 91/92 | AH72: 92/93 | AI72: 93/94 | AJ72: 94/95 | AK72: 95/96 | AL72: 96/97 | AM72: 97/98 | AN72: 98/99 | AO72: 99/00 | AP72: 00/01 | AQ72: 01/02 | AR72: 02/03 | AS72: 03/04 | AT72: 04/05 | AU72: 05/06 | AV72: 06/07 | AW72: 07/08 | AX72: 08/09 | AY72: 09/10 | AZ72: 10/11 | BA72: 11/12 | BB72: 12/13 | BC72: 13/14 | BD72: 14/15 | BE72: 15/16 | BF72: 16/17 | BG72: 17/18 | BH72: 18/19 | BI72: 19/20 | BJ72: 20/21 | BK72: =BK2 -> 21/22 | BL72: =BL2 -> 22/23 | BM72: =BM2 -> 23/24 | BN72: =BN2 -> 24/25 | BO72: =BO2 -> 25/26 | BP72: =BP2 -> 26/27
A73: October | V73: 19.46 | W73: 19.25 | X73: 20.2 | Y73: 20.3 | Z73: 19.71 | AA73: 19.44 | AB73: 19.4 | AC73: 20.28 | AD73: 20.52 | AE73: 19.62 | AF73: 19.78 | AG73: 20.02 | AH73: 19.42 | AI73: 18.85 | AJ73: 18.87 | AK73: 18.74 | AL73: 18.96 | AM73: 19.13 | AN73: 19.47 | AO73: 18.92 | AP73: 18.72 | AQ73: 19.35 | AR73: 20.4 | AS73: 20.07 | AT73: 20.31 | AU73: 20.34 | AV73: 20.74 | AW73: 20.53 | AX73: 20.35 | AY73: 20.73 | AZ73: 20.71 | BA73: 20.67 | BB73: 20.61 | BC73: 20.57 | BD73: 20.95 | BE73: 21.31 | BF73: 20.64 | BG73: 19.99 | BH73: 20.14 | BI73: 20.35 | BJ73: 20.36 | BK73: 20.58 | BL73: 19.78 | BM73: 20.34 | BN73: =AVERAGE(BC73:BL73)-0.3 -> 20.167 | BO73: =AVERAGE(BD73:BM73)-0.2 -> 20.244 | BP73: =AVERAGE(BE73:BN73)-0.1 -> 20.2657 | BQ73: =(BN73/BR73)-1 -> -0.013549208 | BR73: =AVERAGE(BD73:BM73) -> 20.444 | BT73: =BN73-SUM(BI73:BM73)/5 -> -0.115 | BU73: =BN73-BM73 -> -0.173 | BV73: =(SUM(BH84:BL84)-SUM(BI73:BM73))/5 -> -0.068
A74: November | V74: 19.21 | W74: 19.27 | X74: 18.24 | Y74: 19.94 | Z74: 19.74 | AA74: 19.41 | AB74: 19.92 | AC74: 20.33 | AD74: 20.02 | AE74: 19.67 | AF74: 19.74 | AG74: 19.66 | AH74: 18.99 | AI74: 18.56 | AJ74: 18.23 | AK74: 18.36 | AL74: 19.36 | AM74: 19.15 | AN74: 19.1 | AO74: 19.14 | AP74: 19.13 | AQ74: 19.54 | AR74: 20.35 | AS74: 20.14 | AT74: 20.19 | AU74: 20.22 | AV74: 20.61 | AW74: 20.23 | AX74: 20.38 | AY74: 20.45 | AZ74: 20.48 | BA74: 20.59 | BB74: 20.18 | BC74: 20.5 | BD74: 20.8 | BE74: 20.62 | BF74: 20.06 | BG74: 19.7 | BH74: 19.97 | BI74: 20.33 | BJ74: 20.09 | BK74: 20.22 | BL74: 19.76 | BM74: 20.11 | BN74: =AVERAGE(BC74:BL74)-0.3 -> 19.905 | BO74: =AVERAGE(BD74:BM74)-0.2 -> 19.966 | BP74: =AVERAGE(BE74:BN74)-0.1 -> 19.9765 | BQ74: =(BN74/BR74)-1 -> -0.012942577 | BR74: =AVERAGE(BD74:BM74) -> 20.166 | BT74: =BN74-SUM(BI74:BM74)/5 -> -0.197 | BU74: =BN74-BM74 -> -0.205 | BV74: =(SUM(BI73:BM73)-SUM(BI74:BM74))/5 -> 0.18
A75: December | V75: 19.03 | W75: 19.16 | X75: 19.01 | Y75: 19.48 | Z75: 19.51 | AA75: 19.55 | AB75: 19.93 | AC75: 19.83 | AD75: 19.82 | AE75: 19.84 | AF75: 19.66 | AG75: 18.78 | AH75: 18.68 | AI75: 18.63 | AJ75: 18.42 | AK75: 18.33 | AL75: 18.77 | AM75: 18.83 | AN75: 18.9 | AO75: 18.93 | AP75: 19.25 | AQ75: 19.51 | AR75: 19.92 | AS75: 19.49 | AT75: 20.06 | AU75: 20.05 | AV75: 20.16 | AW75: 19.81 | AX75: 20.38 | AY75: 20.44 | AZ75: 20.28 | BA75: 20.25 | BB75: 20.26 | BC75: 20.19 | BD75: 20.6 | BE75: 20.56 | BF75: 19.98 | BG75: 19.58 | BH75: 19.83 | BI75: 19.71 | BJ75: 19.72 | BK75: 20.07 | BL75: 19.55 | BM75: 19.7 | BN75: =AVERAGE(BC75:BL75)-0.3 -> 19.679 | BO75: =AVERAGE(BD75:BM75)-0.2 -> 19.73 | BP75: =AVERAGE(BE75:BN75)-0.1 -> 19.7379 | BQ75: =(BN75/BR75)-1 -> -0.012594079 | BR75: =AVERAGE(BD75:BM75) -> 19.93 | BT75: =BN75-SUM(BI75:BM75)/5 -> -0.071 | BU75: =BN75-BM75 -> -0.021 | BV75: =(SUM(BI74:BM74)-SUM(BI75:BM75))/5 -> 0.352
A76: January | V76: 18.55 | W76: 17.86 | X76: 19.12 | Y76: 18.44 | Z76: 19.76 | AA76: 19.63 | AB76: 19.45 | AC76: 20.34 | AD76: 19.83 | AE76: 19.62 | AF76: 19.51 | AG76: 19.33 | AH76: 18.72 | AI76: 18.75 | AJ76: 18.46 | AK76: 18.38 | AL76: 19.38 | AM76: 18.83 | AN76: 18.28 | AO76: 18.62 | AP76: 18.99 | AQ76: 19.41 | AR76: 19.5 | AS76: 19.69 | AT76: 19.87 | AU76: 19.48 | AV76: 19.23 | AW76: 20 | AX76: 20.15 | AY76: 20.49 | AZ76: 19.7 | BA76: 20.17 | BB76: 20.17 | BC76: 20.16 | BD76: 19.85 | BE76: 20.53 | BF76: 19.72 | BG76: 19.01 | BH76: 19.87 | BI76: 19.88 | BJ76: 19.02 | BK76: 19.68 | BL76: 19.71 | BM76: 19.37 | BN76: =AVERAGE(BC76:BL76)-0.3 -> 19.443 | BO76: =AVERAGE(BD76:BM76)-0.2 -> 19.464 | BP76: =AVERAGE(BE76:BN76)-0.1 -> 19.5233 | BQ76: =(BN76/BR76)-1 -> -0.011238812 | BR76: =AVERAGE(BD76:BM76) -> 19.664 | BT76: =BN76-SUM(BI76:BM76)/5 -> -0.089 | BU76: =BN76-BM76 -> 0.073 | BV76: =(SUM(BI75:BM75)-SUM(BI76:BM76))/5 -> 0.218
A77: February | V77: 18.75 | W77: 17.58 | X77: 19.3 | Y77: 17.98 | Z77: 19.6 | AA77: 19.88 | AB77: 19.89 | AC77: 19.66 | AD77: 20.43 | AE77: 19.94 | AF77: 19.54 | AG77: 19.65 | AH77: 19.13 | AI77: 18.79 | AJ77: 18.6 | AK77: 18.22 | AL77: 18.92 | AM77: 19.31 | AN77: 18.3 | AO77: 18.65 | AP77: 18.86 | AQ77: 19.82 | AR77: 19.57 | AS77: 19.63 | AT77: 20.55 | AU77: 19.22 | AV77: 19.98 | AW77: 20.16 | AX77: 20.31 | AY77: 20.91 | AZ77: 19.62 | BA77: 20.36 | BB77: 20.1 | BC77: 20.83 | BD77: 20.25 | BE77: 19.98 | BF77: 19.54 | BG77: 19.84 | BH77: 20.22 | BI77: 19.81 | BJ77: 19.64 | BK77: 19.39 | BL77: 19.24 | BM77: =AVERAGE(BB77:BK77)-0.4 -> 19.56 | BN77: =AVERAGE(BC77:BL77)-0.3 -> 19.574 | BO77: =AVERAGE(BD77:BM77)-0.2 -> 19.547 | BP77: =AVERAGE(BE77:BN77)-0.1 -> 19.5794 | BQ77: =(BN77/BR77)-1 -> -0.0087608244 | BR77: =AVERAGE(BD77:BM77) -> 19.747 | BT77: =BN77-SUM(BI77:BM77)/5 -> 0.046 | BU77: =BN77-BM77 -> 0.014 | BV77: =(SUM(BI76:BM76)-SUM(BI77:BM77))/5 -> 0.004
A78: March | V78: 19.54 | W78: 17.72 | X78: 19.12 | Y78: 18.6 | Z78: 19.25 | AA78: 19.31 | AB78: 19.97 | AC78: 19.62 | AD78: 19.82 | AE78: 20.14 | AF78: 19.42 | AG78: 19.53 | AH78: 18.59 | AI78: 18.57 | AJ78: 18.92 | AK78: 19.09 | AL78: 19.13 | AM78: 19.13 | AN78: 18.14 | AO78: 18.93 | AP78: 19.2 | AQ78: 20.08 | AR78: 19.63 | AS78: 19.86 | AT78: 20.19 | AU78: 19.93 | AV78: 20.23 | AW78: 19.59 | AX78: 20.13 | AY78: 20.74 | AZ78: 19.67 | BA78: 20.23 | BB78: 20.65 | BC78: 20.71 | BD78: 20.49 | BE78: 20.15 | BF78: 19.59 | BG78: 20.01 | BH78: 20.27 | BI78: 20.01 | BJ78: 19.67 | BK78: 19.57 | BL78: 19.6 | BM78: =AVERAGE(BB78:BK78)-0.4 -> 19.712 | BN78: =AVERAGE(BC78:BL78)-0.3 -> 19.707 | BO78: =AVERAGE(BD78:BM78)-0.2 -> 19.7072 | BP78: =AVERAGE(BE78:BN78)-0.1 -> 19.7289 | BQ78: =(BN78/BR78)-1 -> -0.010056663 | BR78: =AVERAGE(BD78:BM78) -> 19.9072 | BT78: =BN78-SUM(BI78:BM78)/5 -> -0.0054 | BU78: =BN78-BM78 -> -0.005 | BV78: =(SUM(BI77:BM77)-SUM(BI78:BM78))/5 -> -0.1844
A79: April | V79: 19.1 | W79: 18.45 | X79: 19.11 | Y79: 18.7 | Z79: 19.31 | AA79: 19.78 | AB79: 19.81 | AC79: 19.57 | AD79: 19.77 | AE79: 19.48 | AF79: 19.31 | AG79: 19.61 | AH79: 18.8 | AI79: 18.82 | AJ79: 19.03 | AK79: 18.72 | AL79: 18.86 | AM79: 18.87 | AN79: 18.32 | AO79: 18.98 | AP79: 19.24 | AQ79: 19.98 | AR79: 19.54 | AS79: 20.16 | AT79: 20.08 | AU79: 19.74 | AV79: 20.36 | AW79: 20.21 | AX79: 20.46 | AY79: 20.46 | AZ79: 20.31 | BA79: 20.34 | BB79: 20.51 | BC79: 20.74 | BD79: 20.18 | BE79: 20.23 | BF79: 19.72 | BG79: 20.22 | BH79: 20.07 | BI79: 19.94 | BJ79: 19.83 | BK79: 19.83 | BL79: 20 | BM79: =AVERAGE(BB79:BK79)-0.4 -> 19.727 | BN79: =AVERAGE(BC79:BL79)-0.3 -> 19.776 | BO79: =AVERAGE(BD79:BM79)-0.2 -> 19.7747 | BP79: =AVERAGE(BE79:BN79)-0.1 -> 19.8343 | BQ79: =(BN79/BR79)-1 -> -0.0099475837 | BR79: =AVERAGE(BD79:BM79) -> 19.9747 | BT79: =BN79-SUM(BI79:BM79)/5 -> -0.0894 | BU79: =BN79-BM79 -> 0.049 | BV79: =(SUM(BI78:BM78)-SUM(BI79:BM79))/5 -> -0.153
A80: May | V80: 19.28 | W80: 18.27 | X80: 19.3 | Y80: 19.06 | Z80: 19.34 | AA80: 19.8 | AB80: 19.49 | AC80: 19.7 | AD80: 19.82 | AE80: 19.33 | AF80: 19.11 | AG80: 19.06 | AH80: 18.86 | AI80: 18.67 | AJ80: 18.62 | AK80: 18.65 | AL80: 19.19 | AM80: 18.26 | AN80: 18.36 | AO80: 19.26 | AP80: 19.41 | AQ80: 19.84 | AR80: 19.64 | AS80: 20 | AT80: 20.08 | AU80: 19.79 | AV80: 20.31 | AW80: 20.54 | AX80: 20.72 | AY80: 20.44 | AZ80: 20.56 | BA80: 20.48 | BB80: 20.18 | BC80: 20.63 | BD80: 20.23 | BE80: 19.7 | BF80: 19.82 | BG80: 20.04 | BH80: 20 | BI80: 19.87 | BJ80: 19.99 | BK80: 19.98 | BL80: 20.01 | BM80: =AVERAGE(BB80:BK80)-0.4 -> 19.644 | BN80: =AVERAGE(BC80:BL80)-0.3 -> 19.727 | BO80: =AVERAGE(BD80:BM80)-0.2 -> 19.7284 | BP80: =AVERAGE(BE80:BN80)-0.1 -> 19.7781 | BQ80: =(BN80/BR80)-1 -> -0.01010618 | BR80: =AVERAGE(BD80:BM80) -> 19.9284 | BT80: =BN80-SUM(BI80:BM80)/5 -> -0.1718 | BU80: =BN80-BM80 -> 0.083 | BV80: =(SUM(BI79:BM79)-SUM(BI80:BM80))/5 -> -0.0334
A81: June | V81: 19.14 | W81: 18.32 | X81: 19.67 | Y81: 18.59 | Z81: 19.12 | AA81: 19.34 | AB81: 19.84 | AC81: 19.64 | AD81: 19.83 | AE81: 19.67 | AF81: 19.36 | AG81: 18.75 | AH81: 18.52 | AI81: 18.42 | AJ81: 18.3 | AK81: 18.52 | AL81: 18.86 | AM81: 18.35 | AN81: 18.58 | AO81: 18.79 | AP81: 19.24 | AQ81: 19.58 | AR81: 19.7 | AS81: 19.82 | AT81: 19.96 | AU81: 19.64 | AV81: 20.07 | AW81: 20.19 | AX81: 20.83 | AY81: 20.19 | AZ81: 20.52 | BA81: 20.5 | BB81: 19.96 | BC81: 20.6 | BD81: 20.14 | BE81: 19.64 | BF81: 19.71 | BG81: 20.07 | BH81: 19.89 | BI81: 19.47 | BJ81: 20.27 | BK81: 19.66 | BL81: 19.83 | BM81: =AVERAGE(BB81:BK81) -> 19.941 | BN81: =AVERAGE(BC81:BL81)-0.3 -> 19.628 | BO81: =AVERAGE(BD81:BM81)-0.2 -> 19.6621 | BP81: =AVERAGE(BE81:BN81)-0.1 -> 19.7109 | BQ81: =(BN81/BR81)-1 -> -0.011786266 | BR81: =AVERAGE(BD81:BM81) -> 19.8621 | BT81: =BN81-SUM(BI81:BM81)/5 -> -0.2062 | BU81: =BN81-BM81 -> -0.313 | BV81: =(SUM(BI80:BM80)-SUM(BI81:BM81))/5 -> 0.0646
A82: July | V82: 19.05 | W82: 18.15 | X82: 19.94 | Y82: 18.97 | Z82: 18.8 | AA82: 19.72 | AB82: 19.81 | AC82: 19.61 | AD82: 19.54 | AE82: 19.25 | AF82: 19.46 | AG82: 18.66 | AH82: 18.14 | AI82: 18.51 | AJ82: 18.17 | AK82: 18.37 | AL82: 18.56 | AM82: 18.57 | AN82: 18.46 | AO82: 18.75 | AP82: 19.06 | AQ82: 19.66 | AR82: 19.31 | AS82: 19.64 | AT82: 19.68 | AU82: 20.05 | AV82: 19.86 | AW82: 19.91 | AX82: 20.34 | AY82: 19.79 | AZ82: 20.59 | BA82: 20.03 | BB82: 19.9 | BC82: 20.33 | BD82: 20.43 | BE82: 20.13 | BF82: 19.71 | BG82: 19.95 | BH82: 20.11 | BI82: 19.6 | BJ82: 19.91 | BK82: 19.86 | BL82: 19.54 | BM82: =AVERAGE(BB82:BK82) -> 19.993 | BN82: =AVERAGE(BC82:BL82)-0.3 -> 19.657 | BO82: =AVERAGE(BD82:BM82)-0.2 -> 19.7233 | BP82: =AVERAGE(BE82:BN82)-0.1 -> 19.746 | BQ82: =(BN82/BR82)-1 -> -0.01336626 | BR82: =AVERAGE(BD82:BM82) -> 19.9233 | BT82: =BN82-SUM(BI82:BM82)/5 -> -0.1236 | BU82: =BN82-BM82 -> -0.336 | BV82: =(SUM(BI81:BM81)-SUM(BI82:BM82))/5 -> 0.0536
A83: August | V83: 19.61 | W83: 18.76 | X83: 19.79 | Y83: 19.35 | Z83: 18.92 | AA83: 19.55 | AB83: 19.59 | AC83: 19.87 | AD83: 19.62 | AE83: 19.44 | AF83: 19.7 | AG83: 19.44 | AH83: 18.62 | AI83: 18.69 | AJ83: 17.99 | AK83: 18.52 | AL83: 18.98 | AM83: 18.87 | AN83: 18.87 | AO83: 18.38 | AP83: 18.82 | AQ83: 19.76 | AR83: 20.14 | AS83: 20.48 | AT83: 20.41 | AU83: 20.24 | AV83: 20.28 | AW83: 20.39 | AX83: 20.67 | AY83: 20.48 | AZ83: 20.6 | BA83: 20.54 | BB83: 20.01 | BC83: 20.41 | BD83: 20.19 | BE83: 20.57 | BF83: 19.74 | BG83: 20.32 | BH83: 20.61 | BI83: 20.12 | BJ83: 20.16 | BK83: 19.67 | BL83: 19.92 | BM83: =AVERAGE(BB83:BK83) -> 20.18 | BN83: =AVERAGE(BC83:BL83)-0.3 -> 19.871 | BO83: =AVERAGE(BD83:BM83)-0.2 -> 19.948 | BP83: =AVERAGE(BE83:BN83)-0.1 -> 20.0161 | BQ83: =(BN83/BR83)-1 -> -0.013748263 | BR83: =AVERAGE(BD83:BM83) -> 20.148 | BT83: =BN83-SUM(BI83:BM83)/5 -> -0.139 | BU83: =BN83-BM83 -> -0.309 | BV83: =(SUM(BI82:BM82)-SUM(BI83:BM83))/5 -> -0.2294
A84: September | V84: 19.47 | W84: 19.24 | X84: 19.65 | Y84: 19.49 | Z84: 18.97 | AA84: 19.18 | AB84: 20.18 | AC84: 20.07 | AD84: 19.55 | AE84: 19.58 | AF84: 19.82 | AG84: 19.38 | AH84: 18.67 | AI84: 18.78 | AJ84: 18.64 | AK84: 19.01 | AL84: 19.33 | AM84: 19.35 | AN84: 18.95 | AO84: 18.83 | AP84: 19.35 | AQ84: 20.02 | AR84: 20.18 | AS84: 20.21 | AT84: 20.42 | AU84: 20.38 | AV84: 20.46 | AW84: 20.33 | AX84: 20.56 | AY84: 20.56 | AZ84: 20.54 | BA84: 20.42 | BB84: 20.21 | BC84: 20.71 | BD84: 20.96 | BE84: 20.44 | BF84: 19.7 | BG84: 20.06 | BH84: 20.88 | BI84: 20.14 | BJ84: 20.32 | BK84: 19.65 | BL84: 20.08 | BM84: =AVERAGE(BB84:BK84) -> 20.307 | BN84: =AVERAGE(BC84:BL84)-0.3 -> 19.994 | BO84: =AVERAGE(BD84:BM84)-0.2 -> 20.0537 | BP84: =AVERAGE(BE84:BN84)-0.1 -> 20.0571 | BQ84: =(BN84/BR84)-1 -> -0.012822349 | BR84: =AVERAGE(BD84:BM84) -> 20.2537 | BT84: =BN84-SUM(BI84:BM84)/5 -> -0.1054 | BU84: =BN84-BM84 -> -0.313 | BV84: =(SUM(BI83:BM83)-SUM(BI84:BM84))/5 -> -0.0894
A85: Average | V85: =AVERAGE(V73:V84) -> 19.1825 | W85: =AVERAGE(W73:W84) -> 18.5025 | X85: =AVERAGE(X73:X84) -> 19.370833 | Y85: =AVERAGE(Y73:Y84) -> 19.075 | Z85: =AVERAGE(Z73:Z84) -> 19.335833 | AA85: =AVERAGE(AA73:AA84) -> 19.549167 | AB85: =AVERAGE(AB73:AB84) -> 19.773333 | AC85: =AVERAGE(AC73:AC84) -> 19.876667 | ... BP85: =AVERAGE(BP73:BP84) -> 19.829517 | BQ85: =(BN85/BR85)-1 -> -0.011754194 | BR85: =AVERAGE(BD85:BM85) -> 19.9957 | BT85: =BN85-SUM(BI85:BM85)/5 -> -0.10556667
CS86: Change from 5-Yr Avg
A87: PALM OIL PRODUCTION (1,000 Tonnes) | BQ87: Delta to 10-Yr. | BR87: 10 yr average | BS87: Mo/Mo Chg | BV87: Daily Production Rates | CU87: Do not erase!
B88: 60/61 | C88: 61/62 | D88: 62/63 | E88: 63/64 | F88: 64/65 | G88: 65/66 | H88: 66/67 | I88: 67/68 | J88: 68/69 | K88: 69/70 | L88: 70/71 | M88: 71/72 | N88: 72/73 | O88: 73/74 | P88: 74/75 | Q88: 75/76 | R88: 76/77 | S88: 77/78 | T88: 78/79 | U88: 79/80 | V88: 80/81 | W88: 81/82 | X88: 82/83 | Y88: 83/84 | Z88: 84/85 | AA88: 85/86 | AB88: 86/87 | AC88: 87/88 | AD88: 88/89 | AE88: 89/90 | AF88: 90/91 | AG88: 91/92 | AH88: 92/93 | AI88: 93/94 | AJ88: 94/95 | AK88: 95/96 | AL88: 96/97 | AM88: 97/98 | AN88: 98/99 | AO88: 99/00 | AP88: 00/01 | AQ88: 01/02 | AR88: 02/03 | AS88: 03/04 | AT88: 04/05 | AU88: 05/06 | AV88: 06/07 | AW88: 07/08 | AX88: 08/09 | AY88: 09/10 | AZ88: 10/11 | BA88: 11/12 | BB88: 12/13 | BC88: 13/14 | BD88: 14/15 | BE88: 15/16 | BF88: 16/17 | BG88: 17/18 | BH88: 18/19 | BI88: 19/20 | BJ88: 20/21 | BK88: =BK2 -> 21/22 | BL88: =BL2 -> 22/23 | BM88: =BM2 -> 23/24 | BN88: =BN2 -> 24/25 | BO88: =BO2 -> 25/26 | BP88: =BP2 -> 26/27 | BV88: =AR88 -> 02/03 | BW88: =AS88 -> 03/04 | BX88: =AT88 -> 04/05 | BY88: =AU88 -> 05/06 | BZ88: =AV88 -> 06/07 | CA88: =AW88 -> 07/08 | CB88: =AX88 -> 08/09 | CC88: =AY88 -> 09/10 | ... CQ88: =BM88 -> 23/24
A89: October | Q89: =(SUM($V89:$Z89)/SUM($V$101:$Z$101))*Q$101 -> 138.48614 | R89: =(SUM($V89:$Z89)/SUM($V$101:$Z$101))*R$101 -> 160.4728 | S89: =(SUM($V89:$Z89)/SUM($V$101:$Z$101))*S$101 -> 177.68409 | T89: =(SUM($V89:$Z89)/SUM($V$101:$Z$101))*T$101 -> 217.67793 | U89: =(SUM($V89:$Z89)/SUM($V$101:$Z$101))*U$101 -> 252.69741 | V89: 225.98 | W89: 271.159 | X89: 396.955 | Y89: 296.746 | Z89: 436.828 | AA89: 548.838 | AB89: 472.916 | AC89: 483.934 | AD89: 504.771 | AE89: 627.644 | AF89: 572.717 | AG89: 662.696 | AH89: 641.655 | AI89: 771.242 | AJ89: 790.047 | AK89: 768.44 | AL89: 884.887 | AM89: 917.66 | AN89: 794.307 | AO89: 1047.841 | AP89: 1183.21 | AQ89: 1141.074 | AR89: 1224.856 | AS89: 1192.684 | AT89: 1362.323 | AU89: 1400.713 | AV89: 1400.136 | AW89: 1579.809 | AX89: 1652.071 | AY89: 1984.036 | AZ89: 1636.486 | BA89: 1908.564 | BB89: 1938.43 | BC89: 1972.278 | BD89: 1892.961 | BE89: 2037.466 | BF89: 1677.873 | BG89: 2008.838 | BH89: 1964.954 | BI89: 1795.841 | BJ89: 1724.559 | BK89: 1725.837 | BL89: 1813.596 | BM89: 1937.224 | BN89: 1797.348 | BO89: =(SUM(BI89:BM89)/SUM(BI$101:BM$101))*BO$101+50 -> 1902.807 | BP89: =(SUM(BJ89:BN89)/SUM(BJ$101:BN$101))*BP$101+50 -> 1910.4459 | BQ89: =(BN89/BR89)-1 -> -0.032599394 | BR89: =AVERAGE(BD89:BM89) -> 1857.9149 | BS89: =BM89/BL100-1 -> 0.058919863 | BV89: =AR89/31 -> 39.511484 | BW89: =AS89/31 -> 38.473677 | BX89: =AT89/31 -> 43.945903 | BY89: =AU89/31 -> 45.18429 | BZ89: =AV89/31 -> 45.165677 | CA89: =AW89/31 -> 50.961581 | CB89: =AX89/31 -> 53.292613 | CC89: =AY89/31 -> 64.001161 | ... CQ89: =BM89/31 -> 62.491097 | CS89: =CQ89/AVERAGE(CL89:CP89)-1 -> 0.073279624 | CU89: Oct
A90: November | Q90: =(SUM($V90:$Z90)/SUM($V$101:$Z$101))*Q$101 -> 122.98444 | R90: =(SUM($V90:$Z90)/SUM($V$101:$Z$101))*R$101 -> 142.50999 | S90: =(SUM($V90:$Z90)/SUM($V$101:$Z$101))*S$101 -> 157.79469 | T90: =(SUM($V90:$Z90)/SUM($V$101:$Z$101))*T$101 -> 193.31175 | U90: =(SUM($V90:$Z90)/SUM($V$101:$Z$101))*U$101 -> 224.41126 | V90: 210.543 | W90: 269.911 | X90: 302.593 | Y90: 261.697 | Z90: 400.728 | AA90: 464.002 | AB90: 418.537 | AC90: 398.81 | AD90: 457.156 | AE90: 638.054 | AF90: 493.907 | AG90: 503.755 | AH90: 594.348 | AI90: 668.658 | AJ90: 675.201 | AK90: 743.251 | AL90: 762.539 | AM90: 800.723 | AN90: 735.198 | AO90: 988.838 | AP90: 1165.051 | AQ90: 1064.704 | AR90: 1058.678 | AS90: 1054.692 | AT90: 1259.896 | AU90: 1226.121 | AV90: 1551.684 | AW90: 1650.004 | AX90: 1658.417 | AY90: 1595.592 | AZ90: 1459.021 | BA90: 1627.699 | BB90: 1891.132 | BC90: 1861.084 | BD90: 1750.567 | BE90: 1653.946 | BF90: 1574.938 | BG90: 1942.847 | BH90: 1845.222 | BI90: 1538.053 | BJ90: 1491.551 | BK90: 1634.932 | BL90: 1680.741 | BM90: 1788.87 | BN90: 1621.294 | BO90: =(SUM(BI90:BM90)/SUM(BI$101:BM$101))*BO$101+50 -> 1725.1038 | BP90: =(SUM(BJ90:BN90)/SUM(BJ$101:BN$101))*BP$101+50 -> 1748.9384 | BQ90: =(BN90/BR90)-1 -> -0.040749057 | BR90: =AVERAGE(BD90:BM90) -> 1690.1667 | BS90: =BM90/BM89-1 -> -0.076580715 | BV90: =AR90/30 -> 35.289267 | BW90: =AS90/30 -> 35.1564 | BX90: =AT90/30 -> 41.996533 | BY90: =AU90/30 -> 40.8707 | BZ90: =AV90/30 -> 51.7228 | CA90: =AW90/30 -> 55.000133 | CB90: =AX90/30 -> 55.280567 | CC90: =AY90/30 -> 53.1864 | ... CQ90: =BM90/30 -> 59.629 | CS90: =CQ90/AVERAGE(CL90:CP90)-1 -> 0.092039691 | CU90: Nov
A91: December | Q91: =(SUM($V91:$Z91)/SUM($V$101:$Z$101))*Q$101 -> 96.269542 | R91: =(SUM($V91:$Z91)/SUM($V$101:$Z$101))*R$101 -> 111.55371 | S91: =(SUM($V91:$Z91)/SUM($V$101:$Z$101))*S$101 -> 123.51825 | T91: =(SUM($V91:$Z91)/SUM($V$101:$Z$101))*T$101 -> 151.32023 | U91: =(SUM($V91:$Z91)/SUM($V$101:$Z$101))*U$101 -> 175.66425 | V91: 188.816 | W91: 215.947 | X91: 220.299 | Y91: 196.276 | Z91: 310.146 | AA91: 450.721 | AB91: 338.324 | AC91: 317.138 | AD91: 415.755 | AE91: 530.913 | AF91: 404.81 | AG91: 410.294 | AH91: 490.091 | AI91: 565.118 | AJ91: 659.242 | AK91: 651.993 | AL91: 638.045 | AM91: 623.759 | AN91: 623.695 | AO91: 905.867 | AP91: 942.711 | AQ91: 948.704 | AR91: 922.325 | AS91: 1132.059 | AT91: 1313.679 | AU91: 1074.778 | AV91: 1144.378 | AW91: 1396.134 | AX91: 1482.769 | AY91: 1520.063 | AZ91: 1232.752 | BA91: 1494.374 | BB91: 1780.153 | BC91: 1668.668 | BD91: 1364.864 | BE91: 1399.383 | BF91: 1473.717 | BG91: 1834.165 | BH91: 1808.038 | BI91: 1333.904 | BJ91: 1333.639 | BK91: 1449.719 | BL91: 1618.833 | BM91: 1550.796 | BN91: 1486.942 | BO91: =(SUM(BI91:BM91)/SUM(BI$101:BM$101))*BO$101+50 -> 1550.6243 | BP91: =(SUM(BJ91:BN91)/SUM(BJ$101:BN$101))*BP$101+50 -> 1588.1994 | BQ91: =(BN91/BR91)-1 -> -0.019623977 | BR91: =AVERAGE(BD91:BM91) -> 1516.7058 | BS91: =BM91/BM90-1 -> -0.13308625 | BV91: =AR91/31 -> 29.752419 | BW91: =AS91/31 -> 36.518032 | BX91: =AT91/31 -> 42.376742 | BY91: =AU91/31 -> 34.670258 | BZ91: =AV91/31 -> 36.915419 | CA91: =AW91/31 -> 45.036581 | CB91: =AX91/31 -> 47.831258 | CC91: =AY91/31 -> 49.03429 | ... CQ91: =BM91/31 -> 50.025677 | CS91: =CQ91/AVERAGE(CL91:CP91)-1 -> 0.02781592 | CU91: Dec
A92: January | Q92: =(SUM($V92:$Z92)/SUM($V$101:$Z$101))*Q$101 -> 85.1313 | R92: =(SUM($V92:$Z92)/SUM($V$101:$Z$101))*R$101 -> 98.647117 | S92: =(SUM($V92:$Z92)/SUM($V$101:$Z$101))*S$101 -> 109.22737 | T92: =(SUM($V92:$Z92)/SUM($V$101:$Z$101))*T$101 -> 133.8127 | U92: =(SUM($V92:$Z92)/SUM($V$101:$Z$101))*U$101 -> 155.34016 | V92: 183.606 | W92: 180.54 | X92: 205.285 | Y92: 164.342 | Z92: 266.8 | AA92: 380.095 | AB92: 271.502 | AC92: 265.379 | AD92: 364.08 | AE92: 444.594 | AF92: 331.406 | AG92: 395.777 | AH92: 424.602 | AI92: 533.933 | AJ92: 617.293 | AK92: 566.447 | AL92: 579.366 | AM92: 513.716 | AN92: 505.764 | AO92: 769.32 | AP92: 1062.491 | AQ92: 935.387 | AR92: 863.307 | AS92: 876.496 | AT92: 1153.175 | AU92: 936.593 | AV92: 1115.34 | AW92: 1424.244 | AX92: 1330.195 | AY92: 1321.244 | AZ92: 1057.917 | BA92: 1288.294 | BB92: 1602.493 | BC92: 1508.98 | BD92: 1160.687 | BE92: 1129.747 | BF92: 1276.849 | BG92: 1586.653 | BH92: 1737.461 | BI92: 1171.534 | BJ92: 1126.457 | BK92: 1253.581 | BL92: 1380.41 | BM92: 1402.355 | BN92: 1239.895 | BO92: =(SUM(BI92:BM92)/SUM(BI$101:BM$101))*BO$101+138-125 -> 1317.4603 | BP92: =(SUM(BJ92:BN92)/SUM(BJ$101:BN$101))*BP$101+138-125 -> 1336.7527 | BQ92: =(BN92/BR92)-1 -> -0.062513279 | BR92: =AVERAGE(BD92:BM92) -> 1322.5734 | BS92: =BM92/BM91-1 -> -0.095719231 | BT92: =BN92/BN91-1 -> -0.16614434 | BV92: =AR92/31 -> 27.848613 | BW92: =AS92/31 -> 28.274065 | BX92: =AT92/31 -> 37.199194 | BY92: =AU92/31 -> 30.212677 | BZ92: =AV92/31 -> 35.97871 | CA92: =AW92/31 -> 45.943355 | CB92: =AX92/31 -> 42.909516 | CC92: =AY92/31 -> 42.620774 | ... CQ92: =BM92/31 -> 45.237258 | CS92: =CQ92/AVERAGE(CL92:CP92)-1 -> 0.051328424 | CU92: Jan
A93: February | Q93: =(SUM($V93:$Z93)/SUM($V$101:$Z$101))*Q$101 -> 79.348409 | R93: =(SUM($V93:$Z93)/SUM($V$101:$Z$101))*R$101 -> 91.94611 | S93: =(SUM($V93:$Z93)/SUM($V$101:$Z$101))*S$101 -> 101.80766 | T93: =(SUM($V93:$Z93)/SUM($V$101:$Z$101))*T$101 -> 124.72293 | U93: =(SUM($V93:$Z93)/SUM($V$101:$Z$101))*U$101 -> 144.78805 | V93: 171.79 | W93: 202.133 | X93: 196.593 | Y93: 160.941 | Z93: 201.148 | AA93: 332.995 | AB93: 290.189 | AC93: 273.62 | AD93: 341.574 | AE93: 419.768 | AF93: 331.926 | AG93: 382.86 | AH93: 441.641 | AI93: 448.444 | AJ93: 529.512 | AK93: 428.014 | AL93: 503.78 | AM93: 601.251 | AN93: 563.073 | AO93: 712.662 | AP93: 888.767 | AQ93: 774.012 | AR93: 765.576 | AS93: 862.554 | AT93: 1048.181 | AU93: 1051.904 | AV93: 989.681 | AW93: 1227.969 | AX93: 1187.381 | AY93: 1156.814 | AZ93: 1094.308 | BA93: 1188.356 | BB93: 1296.824 | BC93: 1275.812 | BD93: 1121.628 | BE93: 1042.904 | BF93: 1258.539 | BG93: 1342.805 | BH93: 1544.518 | BI93: 1288.515 | BJ93: 1108.236 | BK93: 1137.462 | BL93: 1253.573 | BM93: 1259.572 | BN93: 1188.443 | BO93: =(SUM(BI93:BM93)/SUM(BI$101:BM$101))*BO$101+162-175 -> 1232.3614 | BP93: =(SUM(BJ93:BN93)/SUM(BJ$101:BN$101))*BP$101+162-175 -> 1216.5966 | BQ93: =(BN93/BR93)-1 -> -0.038301626 | BR93: =AVERAGE(BD93:BM93) -> 1235.7752 | BS93: =BM93/BM92-1 -> -0.10181659 | BV93: =AR93/28 -> 27.342 | BW93: =AS93/28 -> 30.8055 | BX93: =AT93/28 -> 37.435036 | BY93: =AU93/28 -> 37.568 | BZ93: =AV93/28 -> 35.34575 | CA93: =AW93/28 -> 43.856036 | CB93: =AX93/28 -> 42.406464 | CC93: =AY93/28 -> 41.314786 | CD93: =AZ93/28 -> 39.082429 | CE93: =BA93/29 -> 40.977793 | CF93: =BB93/28 -> 46.315143 | CG93: =BC93/28 -> 45.564714 | CH93: =BD93/28 -> 40.058143 | CI93: =BE93/29 -> 35.962207 | CJ93: =BF93/28 -> 44.947821 | CK93: =BG93/28 -> 47.957321 | CL93: =BH93/28 -> 55.161357 | CM93: =BI93/29 -> 44.431552 | CN93: =BJ93/28 -> 39.579857 | CO93: =BK93/28 -> 40.623643 | CP93: =BL93/28 -> 44.770464 | CQ93: =BM93/29 -> 43.433517 | CR93: =CR94*31 -> 1265.6527 | CS93: =CQ93/AVERAGE(CL93:CP93)-1 -> -0.032949147 | CU93: Feb
A94: March | Q94: =(SUM($V94:$Z94)/SUM($V$101:$Z$101))*Q$101 -> 97.747425 | R94: =(SUM($V94:$Z94)/SUM($V$101:$Z$101))*R$101 -> 113.26623 | S94: =(SUM($V94:$Z94)/SUM($V$101:$Z$101))*S$101 -> 125.41444 | T94: =(SUM($V94:$Z94)/SUM($V$101:$Z$101))*T$101 -> 153.64322 | U94: =(SUM($V94:$Z94)/SUM($V$101:$Z$101))*U$101 -> 178.36096 | V94: 201.31 | W94: 251.244 | X94: 247.535 | Y94: 222.943 | Z94: 225.822 | AA94: 325.711 | AB94: 290.171 | AC94: 339.51 | AD94: 368.99 | AE94: 454.098 | AF94: 432.213 | AG94: 442.459 | AH94: 444.052 | AI94: 474.587 | AJ94: 572.2 | AK94: 643.586 | AL94: 684.949 | AM94: 598.693 | AN94: 703.903 | AO94: 743.43 | AP94: 887.518 | AQ94: 893.639 | AR94: 985.106 | AS94: 940.75 | AT94: 1215.904 | AU94: 1243.204 | AV94: 1080.853 | AW94: 1294.71 | AX94: 1275.822 | AY94: 1387.234 | AZ94: 1416.37 | BA94: 1211.257 | BB94: 1325.101 | BC94: 1497.142 | BD94: 1495.151 | BE94: 1219.483 | BF94: 1464.021 | BG94: 1573.957 | BH94: 1672.058 | BI94: 1397.322 | BJ94: 1423.483 | BK94: 1411.223 | BL94: 1288.354 | BM94: 1392.471 | BN94: 1387.616 | BO94: =(SUM(BI94:BM94)/SUM(BI$101:BM$101))*BO$101-175+314-200 -> 1362.5969 | BP94: =(SUM(BJ94:BN94)/SUM(BJ$101:BN$101))*BP$101-175+314-200 -> 1366.2201 | BQ94: =(BN94/BR94)-1 -> -0.03217871 | BR94: =AVERAGE(BD94:BM94) -> 1433.7523 | BS94: =BM94/BM93-1 -> 0.10551124 | BV94: =AR94/31 -> 31.777613 | BW94: =AS94/31 -> 30.346774 | BX94: =AT94/31 -> 39.22271 | BY94: =AU94/31 -> 40.103355 | BZ94: =AV94/31 -> 34.866226 | CA94: =AW94/31 -> 41.764839 | CB94: =AX94/31 -> 41.155548 | CC94: =AY94/31 -> 44.749484 | ... CQ94: =BM94/31 -> 44.918419 | CR94: =CQ93*0.94 -> 40.827506 | CS94: =CQ94/AVERAGE(CL94:CP94)-1 -> -0.031989839 | CU94: Mar
A95: April | Q95: =(SUM($V95:$Z95)/SUM($V$101:$Z$101))*Q$101 -> 104.1013 | R95: =(SUM($V95:$Z95)/SUM($V$101:$Z$101))*R$101 -> 120.62888 | S95: =(SUM($V95:$Z95)/SUM($V$101:$Z$101))*S$101 -> 133.56676 | T95: =(SUM($V95:$Z95)/SUM($V$101:$Z$101))*T$101 -> 163.6305 | U95: =(SUM($V95:$Z95)/SUM($V$101:$Z$101))*U$101 -> 189.95497 | V95: 212.911 | W95: 273.752 | X95: 233.434 | Y95: 274.541 | Z95: 228.895 | AA95: 323.035 | AB95: 311.581 | AC95: 372.56 | AD95: 392.065 | AE95: 412.302 | AF95: 468.533 | AG95: 493.139 | AH95: 612.716 | AI95: 511.126 | AJ95: 581.098 | AK95: 616.17 | AL95: 738.077 | AM95: 618.289 | AN95: 894.51 | AO95: 779.333 | AP95: 921.709 | AQ95: 864.368 | AR95: 1089.673 | AS95: 1008.722 | AT95: 1246.938 | AU95: 1310.806 | AV95: 1125.726 | AW95: 1327.591 | AX95: 1281.852 | AY95: 1306.228 | AZ95: 1529.951 | BA95: 1272.622 | BB95: 1366.544 | BC95: 1555.777 | BD95: 1693.425 | BE95: 1301.291 | BF95: 1548.026 | BG95: 1558.331 | BH95: 1649.368 | BI95: 1652.771 | BJ95: 1528.121 | BK95: 1462.053 | BL95: 1194.559 | BM95: 1501.995 | BN95: 1686.379 | BO95: =(SUM(BI95:BM95)/SUM(BI$101:BM$101))*BO$101-300+214 -> 1425.4581 | BP95: =(SUM(BJ95:BN95)/SUM(BJ$101:BN$101))*BP$101-300+214 -> 1438.384 | BQ95: =(BN95/BR95)-1 -> 0.11755183 | BR95: =AVERAGE(BD95:BM95) -> 1508.994 | BS95: =BM95/BM94-1 -> 0.078654421 | BV95: =AR95/30 -> 36.322433 | BW95: =AS95/30 -> 33.624067 | BX95: =AT95/30 -> 41.5646 | BY95: =AU95/30 -> 43.693533 | BZ95: =AV95/30 -> 37.5242 | CA95: =AW95/30 -> 44.253033 | CB95: =AX95/30 -> 42.7284 | CC95: =AY95/30 -> 43.540933 | ... CQ95: =BM95/30 -> 50.0665 | CS95: =CQ95/AVERAGE(CL95:CP95)-1 -> 0.0030858014 | CU95: Apr
A96: May | Q96: =(SUM($V96:$Z96)/SUM($V$101:$Z$101))*Q$101 -> 109.30734 | R96: =(SUM($V96:$Z96)/SUM($V$101:$Z$101))*R$101 -> 126.66145 | S96: =(SUM($V96:$Z96)/SUM($V$101:$Z$101))*S$101 -> 140.24634 | T96: =(SUM($V96:$Z96)/SUM($V$101:$Z$101))*T$101 -> 171.81354 | U96: =(SUM($V96:$Z96)/SUM($V$101:$Z$101))*U$101 -> 199.45448 | V96: 206.037 | W96: 277.426 | X96: 238.029 | Y96: 317.15 | Z96: 246.079 | AA96: 326.313 | AB96: 317.599 | AC96: 394.272 | AD96: 444.756 | AE96: 553.461 | AF96: 547.921 | AG96: 507.491 | AH96: 610.76 | AI96: 517.323 | AJ96: 579.553 | AK96: 722.096 | AL96: 792.767 | AM96: 642.676 | AN96: 1006.599 | AO96: 818.9 | AP96: 985.061 | AQ96: 925.362 | AR96: 1173.426 | AS96: 1099.298 | AT96: 1299.467 | AU96: 1391.347 | AV96: 1201.255 | AW96: 1457.878 | AX96: 1395.275 | AY96: 1385.854 | AZ96: 1741.796 | BA96: 1383.735 | BB96: 1384.33 | BC96: 1656.957 | BD96: 1810.53 | BE96: 1364.575 | BF96: 1654.494 | BG96: 1525.405 | BH96: 1671.467 | BI96: 1651.337 | BJ96: 1571.525 | BK96: 1461.029 | BL96: 1517.634 | BM96: 1704.495 | BN96: 1771.621 | BO96: =(SUM(BI96:BM96)/SUM(BI$101:BM$101))*BO$101+139-175 -> 1592.1245 | BP96: =(SUM(BJ96:BN96)/SUM(BJ$101:BN$101))*BP$101+139-175 -> 1623.4319 | BQ96: =(BN96/BR96)-1 -> 0.11195481 | BR96: =AVERAGE(BD96:BM96) -> 1593.2491 | BS96: =BM96/BM95-1 -> 0.13482069 | BV96: =AR96/31 -> 37.852452 | BW96: =AS96/31 -> 35.461226 | BX96: =AT96/31 -> 41.91829 | BY96: =AU96/31 -> 44.882161 | BZ96: =AV96/31 -> 38.750161 | CA96: =AW96/31 -> 47.028323 | CB96: =AX96/31 -> 45.008871 | CC96: =AY96/31 -> 44.704968 | ... CQ96: =BM96/31 -> 54.98371 | CS96: =CQ96/AVERAGE(CL96:CP96)-1 -> 0.082495067 | CU96: May
A97: June | Q97: =(SUM($V97:$Z97)/SUM($V$101:$Z$101))*Q$101 -> 112.0544 | R97: =(SUM($V97:$Z97)/SUM($V$101:$Z$101))*R$101 -> 129.84464 | S97: =(SUM($V97:$Z97)/SUM($V$101:$Z$101))*S$101 -> 143.77094 | T97: =(SUM($V97:$Z97)/SUM($V$101:$Z$101))*T$101 -> 176.13148 | U97: =(SUM($V97:$Z97)/SUM($V$101:$Z$101))*U$101 -> 204.46707 | V97: 232.464 | W97: 287.348 | X97: 240.769 | Y97: 300.316 | Z97: 256.111 | AA97: 324.345 | AB97: 391.299 | AC97: 478.019 | AD97: 502.814 | AE97: 519.632 | AF97: 498.732 | AG97: 502.123 | AH97: 629.429 | AI97: 559.737 | AJ97: 610.81 | AK97: 721.544 | AL97: 791.426 | AM97: 701.169 | AN97: 964.21 | AO97: 817.414 | AP97: 924.855 | AQ97: 943.44 | AR97: 1219.028 | AS97: 1170.656 | AT97: 1206.718 | AU97: 1328.397 | AV97: 1166.184 | AW97: 1468.921 | AX97: 1447.926 | AY97: 1419.856 | AZ97: 1753.137 | BA97: 1470.648 | BB97: 1416.826 | BC97: 1569.684 | BD97: 1763.667 | BE97: 1532.613 | BF97: 1514.255 | BG97: 1332.704 | BH97: 1510.957 | BI97: 1885.742 | BJ97: 1606.187 | BK97: 1545.111 | BL97: 1447.697 | BM97: 1615.283 | BN97: 1692.37 | BO97: =(SUM(BI97:BM97)/SUM(BI$101:BM$101))*BO$101-61 -> 1607.0759 | BP97: =(SUM(BJ97:BN97)/SUM(BJ$101:BN$101))*BP$101-61 -> 1573.6931 | BQ97: =(BN97/BR97)-1 -> 0.074233081 | BR97: =AVERAGE(BD97:BM97) -> 1575.4216 | BS97: =BM97/BM96-1 -> -0.052339256 | BV97: =AR97/30 -> 40.634267 | BW97: =AS97/30 -> 39.021867 | BX97: =AT97/30 -> 40.223933 | BY97: =AU97/30 -> 44.2799 | BZ97: =AV97/30 -> 38.8728 | CA97: =AW97/30 -> 48.964033 | CB97: =AX97/30 -> 48.2642 | CC97: =AY97/30 -> 47.328533 | ... CQ97: =BM97/30 -> 53.842767 | CS97: =CQ97/AVERAGE(CL97:CP97)-1 -> 0.010095559 | CU97: Jun
A98: July | Q98: =(SUM($V98:$Z98)/SUM($V$101:$Z$101))*Q$101 -> 133.32622 | R98: =(SUM($V98:$Z98)/SUM($V$101:$Z$101))*R$101 -> 154.49368 | S98: =(SUM($V98:$Z98)/SUM($V$101:$Z$101))*S$101 -> 171.06368 | T98: =(SUM($V98:$Z98)/SUM($V$101:$Z$101))*T$101 -> 209.56737 | U98: =(SUM($V98:$Z98)/SUM($V$101:$Z$101))*U$101 -> 243.28205 | V98: 277.232 | W98: 314.103 | X98: 273.902 | Y98: 343.485 | Z98: 358.3 | AA98: 405.406 | AB98: 436.384 | AC98: 479.874 | AD98: 559.939 | AE98: 562.282 | AF98: 604.639 | AG98: 596.36 | AH98: 677.414 | AI98: 612.267 | AJ98: 677.293 | AK98: 722.382 | AL98: 833.302 | AM98: 772.517 | AN98: 960.401 | AO98: 847.145 | AP98: 897.067 | AQ98: 1009.499 | AR98: 1283.646 | AS98: 1271.456 | AT98: 1292.189 | AU98: 1375.061 | AV98: 1356.955 | AW98: 1560.215 | AX98: 1492.958 | AY98: 1518.896 | AZ98: 1751.188 | BA98: 1691.916 | BB98: 1674.852 | BC98: 1665.661 | BD98: 1815.634 | BE98: 1585.341 | BF98: 1826.828 | BG98: 1503.22 | BH98: 1740.759 | BI98: 1807.397 | BJ98: 1523.143 | BK98: 1573.563 | BL98: 1609.927 | BM98: 1840.999 | BN98: 1812.417 | BO98: =(SUM(BI98:BM98)/SUM(BI$101:BM$101))*BO$101+100-285+150 -> 1685.5911 | BP98: =(SUM(BJ98:BN98)/SUM(BJ$101:BN$101))*BP$101+100-285+150 -> 1693.4334 | BQ98: =(BN98/BR98)-1 -> 0.077100706 | BR98: =AVERAGE(BD98:BM98) -> 1682.6811 | BS98: =BM98/BM97-1 -> 0.13973774 | BV98: =AR98/31 -> 41.407935 | BW98: =AS98/31 -> 41.01471 | BX98: =AT98/31 -> 41.683516 | BY98: =AU98/31 -> 44.356806 | BZ98: =AV98/31 -> 43.772742 | CA98: =AW98/31 -> 50.329516 | CB98: =AX98/31 -> 48.159935 | CC98: =AY98/31 -> 48.996645 | ... CQ98: =BM98/31 -> 59.387065 | CS98: =CQ98/AVERAGE(CL98:CP98)-1 -> 0.11510967 | CU98: Jul
A99: August | Q99: =(SUM($V99:$Z99)/SUM($V$101:$Z$101))*Q$101 -> 147.17179 | R99: =(SUM($V99:$Z99)/SUM($V$101:$Z$101))*R$101 -> 170.53743 | S99: =(SUM($V99:$Z99)/SUM($V$101:$Z$101))*S$101 -> 188.82818 | T99: =(SUM($V99:$Z99)/SUM($V$101:$Z$101))*T$101 -> 231.33037 | U99: =(SUM($V99:$Z99)/SUM($V$101:$Z$101))*U$101 -> 268.54623 | V99: 271.827 | W99: 401.399 | X99: 316.329 | Y99: 370.2 | Z99: 369.998 | AA99: 423.612 | AB99: 491.241 | AC99: 534.133 | AD99: 638.132 | AE99: 622.389 | AF99: 658.118 | AG99: 629.69 | AH99: 737.504 | AI99: 688.71 | AJ99: 702.085 | AK99: 815.446 | AL99: 865.225 | AM99: 843.062 | AN99: 969.942 | AO99: 952.195 | AP99: 981.103 | AQ99: 1116.772 | AR99: 1298.539 | AS99: 1322.137 | AT99: 1365.816 | AU99: 1537.236 | AV99: 1559.362 | AW99: 1600.214 | AX99: 1496.073 | AY99: 1606.42 | AZ99: 1667.146 | BA99: 1664.249 | BB99: 1735.284 | BC99: 2031.754 | BD99: 2051 | BE99: 1701.833 | BF99: 1810.551 | BG99: 1620.605 | BH99: 1821.548 | BI99: 1863.309 | BJ99: 1710.356 | BK99: 1725.787 | BL99: 1753.472 | BM99: 1893.859 | BN99: =(SUM(BH99:BL99)/SUM(BH$101:BL$101))*BN$101-284+300 -> 1824.6484 | BO99: =(SUM(BI99:BM99)/SUM(BI$101:BM$101))*BO$101-284+300 -> 1858.4538 | BP99: =(SUM(BJ99:BN99)/SUM(BJ$101:BN$101))*BP$101-284+300 -> 1857.7472 | BQ99: =(BN99/BR99)-1 -> 0.01638585 | BR99: =AVERAGE(BD99:BM99) -> 1795.232 | BS99: =BM99/BM98-1 -> 0.028712672 | BV99: =AR99/31 -> 41.888355 | BW99: =AS99/31 -> 42.649581 | BX99: =AT99/31 -> 44.058581 | BY99: =AU99/31 -> 49.588258 | BZ99: =AV99/31 -> 50.302 | CA99: =AW99/31 -> 51.619806 | CB99: =AX99/31 -> 48.260419 | CC99: =AY99/31 -> 51.82 | ... CQ99: =BM99/31 -> 61.092226 | CS99: =CQ99/AVERAGE(CL99:CP99)-1 -> 0.067026297 | CU99: Aug
A100: September | Q100: =(SUM($V100:$Z100)/SUM($V$101:$Z$101))*Q$101 -> 166.07169 | R100: =(SUM($V100:$Z100)/SUM($V$101:$Z$101))*R$101 -> 192.43796 | S100: =(SUM($V100:$Z100)/SUM($V$101:$Z$101))*S$101 -> 213.07761 | T100: =(SUM($V100:$Z100)/SUM($V$101:$Z$101))*T$101 -> 261.03797 | U100: =(SUM($V100:$Z100)/SUM($V$101:$Z$101))*U$101 -> 303.03311 | V100: 307.95 | W100: 403.128 | X100: 309.887 | Y100: 413.175 | Z100: 517.749 | AA100: 470.96 | AB100: 552.112 | AC100: 512.447 | AD100: 647.54 | AE100: 634.662 | AF100: 691.12 | AG100: 697.468 | AH100: 820.362 | AI100: 750.014 | AJ100: 777.018 | AK100: 864.73 | AL100: 937.694 | AM100: 875.109 | AN100: 1042.97 | AO100: 1110.724 | AP100: 1100.735 | AQ100: 1240.96 | AR100: 1297.033 | AS100: 1488.215 | AT100: 1431.654 | AU100: 1610.04 | AV100: 1602.065 | AW100: 1579.442 | AX100: 1557.764 | AY100: 1562.912 | AZ100: 1869.07 | BA100: 2004.238 | BB100: 1912.175 | BC100: 1896.861 | BD100: 1959.064 | BE100: 1715.085 | BF100: 1779.918 | BG100: 1853.602 | BH100: 1842.433 | BI100: 1869.256 | BJ100: 1703.74 | BK100: 1770.441 | BL100: 1829.434 | BM100: 1821.933 | BN100: =BN101-SUM(BN89:BN99) -> 1741.0266 | BO100: =BO101-SUM(BO89:BO99) -> 1965.343 | BP100: =BP101-SUM(BP89:BP99) -> 1946.1572 | BQ100: =(BN100/BR100)-1 -> -0.040487397 | BR100: =AVERAGE(BD100:BM100) -> 1814.4906 | BS100: =BM100/BM99-1 -> -0.03797854 | BV100: =AR100/30 -> 43.234433 | BW100: =AS100/30 -> 49.607167 | BX100: =AT100/30 -> 47.7218 | BY100: =AU100/30 -> 53.668 | BZ100: =AV100/30 -> 53.402167 | CA100: =AW100/30 -> 52.648067 | CB100: =AX100/30 -> 51.925467 | CC100: =AY100/30 -> 52.097067 | ... CQ100: =BM100/30 -> 60.7311 | CS100: =CQ100/AVERAGE(CL100:CP100)-1 -> 0.010466757 | CU100: Sep
A101: Total | Q101: 1392 | R101: 1613 | S101: 1786 | T101: 2188 | U101: 2540 | V101: =SUM(V89:V100) -> 2690.466 | W101: =SUM(W89:W100) -> 3348.09 | X101: =SUM(X89:X100) -> 3181.61 | Y101: =SUM(Y89:Y100) -> 3321.812 | Z101: =SUM(Z89:Z100) -> 3818.604 | AA101: =SUM(AA89:AA100) -> 4776.033 | AB101: =SUM(AB89:AB100) -> 4581.855 | AC101: =SUM(AC89:AC100) -> 4849.696 | ... BM101: =SUM(BM89:BM100) -> 19709.852 | BN101: =BN10 -> 19250 | BO101: =BO10 -> 19225 | BP101: =BP10 -> 19300 | BS101: =BN101/BM101-1 -> -0.023331073 | BT101: Yr/Yr Chg
...

Sheet Malaysian Cargo Surveys
B1: SGS Estimates (tonnes) | C1: SGS RBD Palm Oil Export Estimates (tonnes) | D1: SGS PalmOlein Export Estimates (tonnes) | E1: SGS Palm Sterin Export Estimates (tonnes) | F1: SGS Crude Palm Oil Export Estimates (tonnes) | G1: SGS Palm Subtotal Export Estimates (tonnes) | H1: SGS Palm Oleochemical Export Estimates (tonnes) | I1: SGS Refined Palm Kernel Oil Export Estimates (tonnes) | J1: SGS Palm Acids Export Estimates (tonnes) | K1: SGS Palm Fatty Acid Export Estimates (tonnes) | L1: SGS Palm Other Products Export Estimates (tonnes) | M1: SGS Palm Subtotal Export Estimates (tonnes) | N1: SGS Palm Total Export Estimates (tonnes) | R1: SGS Palm Export Estimates to India (tonnes) | S1: SGS Palm Export Estimates to Pakistan (tonnes) | T1: SGS Palm Export Estimates to China (tonnes) | U1: SGS Palm Export Estimates to United States (tonnes) | V1: SGS Palm Export Estimates to Singapore (tonnes) | W1: SGS Palm Export Estimates to Indonesia (tonnes) | X1: SGS Palm Export Estimates to Japan (tonnes) | Y1: SGS Palm Export Estimates to Korea (tonnes) | Z1: SGS Palm Export Estimates to Taiwan (tonnes) | AA1: SGS Palm Export Estimates to Bangladesh (tonnes) | AB1: SGS Palm Export Estimates to Saudi Arabia (tonnes) | AC1: SGS Palm Export Estimates to Turkey (tonnes) | AD1: SGS Palm Export Estimates to Kenya (tonnes) | AE1: SGS Palm Export Estimates to Egypt (tonnes) | AF1: SGS Palm Export Estimates to South Africa (tonnes)
A2: 36529
A3: 36530
A4: 36531
A5: 36532
A6: 36535
A7: 36536
A8: 36537
A9: 36538
A10: 36539
A11: 36543
A12: 36544
A13: 36545
... A1273: 38379
A1274: 38380 | C1274: 80989 | D1274: 257279 | E1274: 85501 | H1274: 37105 | I1274: 46001 | J1274: 50141 | K1274: 17410 | L1274: 7463 | R1274: 125448 | S1274: 60050 | T1274: 82852 | U1274: 86421 | V1274: 600 | W1274: 500 | X1274: 26198 | Y1274: 16700 | Z1274: 5930 | AA1274: 20200 | AC1274: 12350 | AD1274: 8260 | AE1274: 45650 | AF1274: 21030
A1275: 38383 | C1275: 96757 | D1275: 359787 | E1275: 113386 | H1275: 39955 | I1275: 50368 | J1275: 58196 | K1275: 17910 | L1275: 8750 | R1275: 158148 | S1275: 69050 | T1275: 138627 | U1275: 95776 | V1275: 1250 | W1275: 500 | X1275: 41310 | Y1275: 19600 | Z1275: 8264 | AA1275: 31700 | AB1275: 11424 | AC1275: 1230 | AD1275: 8260 | AE1275: 56692 | AF1275: 21030
A1276: 38384 | C1276: 96757 | D1276: 359787 | E1276: 113386 | H1276: 39955 | I1276: 50368 | J1276: 58196 | K1276: 17910 | L1276: 8750 | R1276: 158148 | S1276: 69050 | T1276: 138627 | U1276: 95776 | V1276: 1250 | W1276: 500 | X1276: 41310 | Y1276: 19600 | Z1276: 8264 | AA1276: 31700 | AB1276: 11424 | AC1276: 1230 | AD1276: 8260 | AE1276: 56692 | AF1276: 21030
A1277: 38385 | C1277: 96757 | D1277: 359787 | E1277: 113386 | H1277: 39955 | I1277: 50368 | J1277: 58196 | K1277: 17910 | L1277: 8750 | R1277: 158148 | S1277: 69050 | T1277: 138627 | U1277: 95776 | V1277: 1250 | W1277: 500 | X1277: 41310 | Y1277: 19600 | Z1277: 8264 | AA1277: 31700 | AB1277: 11424 | AC1277: 1230 | AD1277: 8260 | AE1277: 56692 | AF1277: 21030
A1278: 38386 | C1278: 96757 | D1278: 359787 | E1278: 113386 | H1278: 39955 | I1278: 50368 | J1278: 58196 | K1278: 17910 | L1278: 8750 | R1278: 158148 | S1278: 69050 | T1278: 138627 | U1278: 95776 | V1278: 1250 | W1278: 500 | X1278: 41310 | Y1278: 19600 | Z1278: 8264 | AA1278: 31700 | AB1278: 11424 | AC1278: 1230 | AD1278: 8260 | AE1278: 56692 | AF1278: 21030
A1279: 38387 | C1279: 96757 | D1279: 359787 | E1279: 113386 | H1279: 39955 | I1279: 50368 | J1279: 58196 | K1279: 17910 | L1279: 8750 | R1279: 158148 | S1279: 69050 | T1279: 138627 | U1279: 95776 | V1279: 1250 | W1279: 500 | X1279: 41310 | Y1279: 19600 | Z1279: 8264 | AA1279: 31700 | AB1279: 11424 | AC1279: 1230 | AD1279: 8260 | AE1279: 56692 | AF1279: 21030
A1280: 38390 | C1280: 96757 | D1280: 359787 | E1280: 113386 | H1280: 39955 | I1280: 50368 | J1280: 58196 | K1280: 17910 | L1280: 8750 | R1280: 158148 | S1280: 69050 | T1280: 138627 | U1280: 95776 | V1280: 1250 | W1280: 500 | X1280: 41310 | Y1280: 19600 | Z1280: 8264 | AA1280: 31700 | AB1280: 11424 | AC1280: 1230 | AD1280: 8260 | AE1280: 56692 | AF1280: 21030
A1281: 38391 | C1281: 96757 | D1281: 359787 | E1281: 113386 | H1281: 39955 | I1281: 50368 | J1281: 58196 | K1281: 17910 | L1281: 8750 | R1281: 158148 | S1281: 69050 | T1281: 138627 | U1281: 95776 | V1281: 1250 | W1281: 500 | X1281: 41310 | Y1281: 19600 | Z1281: 8264 | AA1281: 31700 | AB1281: 11424 | AC1281: 1230 | AD1281: 8260 | AE1281: 56692 | AF1281: 21030
A1282: 38392 | C1282: 96757 | D1282: 359787 | E1282: 113386 | H1282: 39955 | I1282: 50368 | J1282: 58196 | K1282: 17910 | L1282: 8750 | R1282: 158148 | S1282: 69050 | T1282: 138627 | U1282: 95776 | V1282: 1250 | W1282: 500 | X1282: 41310 | Y1282: 19600 | Z1282: 8264 | AA1282: 31700 | AB1282: 11424 | AC1282: 1230 | AD1282: 8260 | AE1282: 56692 | AF1282: 21030
A1283: 38393 | C1283: 96757 | D1283: 359787 | E1283: 113386 | H1283: 39955 | I1283: 50368 | J1283: 58196 | K1283: 17910 | L1283: 8750 | R1283: 158148 | S1283: 69050 | T1283: 138627 | U1283: 95776 | V1283: 1250 | W1283: 500 | X1283: 41310 | Y1283: 19600 | Z1283: 8264 | AA1283: 31700 | AB1283: 11424 | AC1283: 1230 | AD1283: 8260 | AE1283: 56692 | AF1283: 21030
A1284: 38394 | C1284: 96757 | D1284: 359787 | E1284: 113386 | H1284: 39955 | I1284: 50368 | J1284: 58196 | K1284: 17910 | L1284: 8750 | R1284: 158148 | S1284: 69050 | T1284: 138627 | U1284: 95776 | V1284: 1250 | W1284: 500 | X1284: 41310 | Y1284: 19600 | Z1284: 8264 | AA1284: 31700 | AB1284: 11424 | AC1284: 1230 | AD1284: 8260 | AE1284: 56692 | AF1284: 21030
A1285: 38397 | C1285: 52330 | D1285: 135728 | E1285: 37617 | H1285: 18253 | I1285: 14243 | J1285: 28547 | K1285: 6220 | L1285: 3330 | R1285: 17900 | S1285: 7500 | T1285: 46430 | U1285: 21855 | V1285: 1100 | W1285: 500 | X1285: 27034 | Y1285: #N/A | Z1285: 400 | AA1285: 13200 | AB1285: #N/A | AC1285: 19970 | AD1285: #N/A | AE1285: 12400 | AF1285: 9924
A1286: 38398 | C1286: 60230 | D1286: 216750 | E1286: 80019 | H1286: 24963 | I1286: 15810 | J1286: 32047 | K1286: 10555 | L1286: 3330 | R1286: 29650 | S1286: 27150 | T1286: 126034 | U1286: 31172 | V1286: 1100 | W1286: 500 | X1286: 32944 | Y1286: #N/A | Z1286: 400 | AA1286: 24700 | AB1286: #N/A | AC1286: 19970 | AD1286: #N/A | AE1286: 12400 | AF1286: 9924
A1287: 38399 | C1287: 60230 | D1287: 216750 | E1287: 80019 | H1287: 24963 | I1287: 15810 | J1287: 32047 | K1287: 10555 | L1287: 3330 | R1287: 29650 | S1287: 27150 | T1287: 126034 | U1287: 31172 | V1287: 1100 | W1287: 500 | X1287: 32944 | Y1287: #N/A | Z1287: 400 | AA1287: 24700 | AB1287: #N/A | AC1287: 19970 | AD1287: #N/A | AE1287: 12400 | AF1287: 9924
A1288: 38400 | C1288: 60230 | D1288: 216750 | E1288: 80019 | H1288: 24963 | I1288: 15810 | J1288: 32047 | K1288: 10555 | L1288: 3330 | R1288: 29650 | S1288: 27150 | T1288: 126034 | U1288: 31172 | V1288: 1100 | W1288: 500 | X1288: 32944 | Y1288: #N/A | Z1288: 400 | AA1288: 24700 | AB1288: #N/A | AC1288: 19970 | AD1288: #N/A | AE1288: 12400 | AF1288: 9924
A1289: 38401 | C1289: 60230 | D1289: 216750 | E1289: 80019 | H1289: 24963 | I1289: 15810 | J1289: 32047 | K1289: 10555 | L1289: 3330 | R1289: 29650 | S1289: 27150 | T1289: 126034 | U1289: 31172 | V1289: 1100 | W1289: 500 | X1289: 32944 | Y1289: #N/A | Z1289: 400 | AA1289: 24700 | AB1289: #N/A | AC1289: 19970 | AD1289: #N/A | AE1289: 12400 | AF1289: 9924
A1290: 38405 | C1290: 76699 | D1290: 255948 | E1290: 111790 | H1290: 24963 | I1290: 18265 | J1290: 37372 | K1290: 14855 | L1290: 5080 | R1290: 29650 | S1290: 41400 | T1290: 158772 | U1290: 31172 | V1290: 1100 | W1290: 500 | X1290: 41764 | Y1290: 10600 | Z1290: 5088 | AA1290: 35200 | AB1290: #N/A | AC1290: 19970 | AD1290: #N/A | AE1290: 12400 | AF1290: 9924
A1291: 38406 | C1291: 76699 | D1291: 255948 | E1291: 111790 | H1291: 24963 | I1291: 18265 | J1291: 37372 | K1291: 14855 | L1291: 5080 | R1291: 29650 | S1291: 41400 | T1291: 158772 | U1291: 31172 | V1291: 1100 | W1291: 500 | X1291: 41764 | Y1291: 10600 | Z1291: 5088 | AA1291: 35200 | AB1291: #N/A | AC1291: 19970 | AD1291: #N/A | AE1291: 12400 | AF1291: 9924
A1292: 38407 | C1292: 76699 | D1292: 255948 | E1292: 111790 | H1292: 24963 | I1292: 18265 | J1292: 37372 | K1292: 14855 | L1292: 5080 | R1292: 29650 | S1292: 41400 | T1292: 158772 | U1292: 31172 | V1292: 1100 | W1292: 500 | X1292: 41764 | Y1292: 10600 | Z1292: 5088 | AA1292: 35200 | AB1292: #N/A | AC1292: 19970 | AD1292: #N/A | AE1292: 12400 | AF1292: 9924
A1293: 38408 | C1293: 92299 | D1293: 342784 | E1293: 131618 | H1293: 34078 | I1293: 25015 | J1293: 45324 | K1293: 23505 | L1293: 8680 | R1293: 32650 | S1293: 72290 | T1293: 196390 | U1293: 40892 | V1293: 1850 | W1293: 500 | X1293: 53464 | Y1293: 14300 | Z1293: 12138 | AA1293: 37900 | AB1293: #N/A | AC1293: 19970 | AD1293: 8500 | AE1293: 31900 | AF1293: 9924
A1294: 38411 | C1294: 106299 | D1294: 368384 | E1294: 135618 | H1294: 36728 | I1294: 28215 | J1294: 45324 | K1294: 23505 | L1294: 8680 | R1294: 46150 | S1294: 87290 | T1294: 196390 | U1294: 40892 | V1294: 2500 | W1294: 500 | X1294: 58114 | Y1294: 14300 | Z1294: 13188 | AA1294: 43900 | AB1294: #N/A | AC1294: 35620 | AD1294: 8500 | AE1294: 31900 | AF1294: 9924
A1295: 38412 | C1295: 106299 | D1295: 368384 | E1295: 135618 | H1295: 36728 | I1295: 28215 | J1295: 45324 | K1295: 23505 | L1295: 8680 | R1295: 46150 | S1295: 87290 | T1295: 196390 | U1295: 40892 | V1295: 2500 | W1295: 500 | X1295: 58114 | Y1295: 14300 | Z1295: 13188 | AA1295: 43900 | AB1295: #N/A | AC1295: 35620 | AD1295: 8500 | AE1295: 31900 | AF1295: 9924
A1296: 38413 | C1296: 106299 | D1296: 368384 | E1296: 135618 | H1296: 36728 | I1296: 28215 | J1296: 45324 | K1296: 23505 | L1296: 8680 | R1296: 46150 | S1296: 87290 | T1296: 196390 | U1296: 40892 | V1296: 2500 | W1296: 500 | X1296: 58114 | Y1296: 14300 | Z1296: 13188 | AA1296: 43900 | AB1296: #N/A | AC1296: 35620 | AD1296: 8500 | AE1296: 31900 | AF1296: 9924
A1297: 38414 | C1297: 106299 | D1297: 368384 | E1297: 135618 | H1297: 36728 | I1297: 28215 | J1297: 45324 | K1297: 23505 | L1297: 8680 | R1297: 46150 | S1297: 87290 | T1297: 196390 | U1297: 40892 | V1297: 2500 | W1297: 500 | X1297: 58114 | Y1297: 14300 | Z1297: 13188 | AA1297: 43900 | AB1297: #N/A | AC1297: 35620 | AD1297: 8500 | AE1297: 31900 | AF1297: 9924
A1298: 38415 | C1298: 106299 | D1298: 368384 | E1298: 135618 | H1298: 36728 | I1298: 28215 | J1298: 45324 | K1298: 23505 | L1298: 8680 | R1298: 46150 | S1298: 87290 | T1298: 196390 | U1298: 40892 | V1298: 2500 | W1298: 500 | X1298: 58114 | Y1298: 14300 | Z1298: 13188 | AA1298: 43900 | AB1298: #N/A | AC1298: 35620 | AD1298: 8500 | AE1298: 31900 | AF1298: 9924
A1299: 38418 | C1299: 106299 | D1299: 368384 | E1299: 135618 | H1299: 36728 | I1299: 28215 | J1299: 45324 | K1299: 23505 | L1299: 8680 | R1299: 46150 | S1299: 87290 | T1299: 196390 | U1299: 40892 | V1299: 2500 | W1299: 500 | X1299: 58114 | Y1299: 14300 | Z1299: 13188 | AA1299: 43900 | AB1299: #N/A | AC1299: 35620 | AD1299: 8500 | AE1299: 31900 | AF1299: 9924
A1300: 38419 | C1300: 106299 | D1300: 368384 | E1300: 135618 | H1300: 36728 | I1300: 28215 | J1300: 45324 | K1300: 23505 | L1300: 8680 | R1300: 46150 | S1300: 87290 | T1300: 196390 | U1300: 40892 | V1300: 2500 | W1300: 500 | X1300: 58114 | Y1300: 14300 | Z1300: 13188 | AA1300: 43900 | AB1300: #N/A | AC1300: 35620 | AD1300: 8500 | AE1300: 31900 | AF1300: 9924
A1301: 38420 | C1301: 106299 | D1301: 368384 | E1301: 135618 | H1301: 36728 | I1301: 28215 | J1301: 45324 | K1301: 23505 | L1301: 8680 | R1301: 46150 | S1301: 87290 | T1301: 196390 | U1301: 40892 | V1301: 2500 | W1301: 500 | X1301: 58114 | Y1301: 14300 | Z1301: 13188 | AA1301: 43900 | AB1301: #N/A | AC1301: 35620 | AD1301: 8500 | AE1301: 31900 | AF1301: 9924
A1302: 38421 | C1302: 25485 | D1302: 159686 | E1302: 34980 | H1302: 14103 | I1302: 15483 | J1302: 6330 | K1302: 10360 | L1302: 950 | R1302: 9000 | S1302: 36150 | T1302: 80265 | U1302: 15770 | V1302: #N/A | W1302: #N/A | X1302: 10800 | Y1302: #N/A | Z1302: #N/A | AA1302: 15100 | AB1302: 6900 | AC1302: 1050 | AD1302: #N/A | AE1302: 11500 | AF1302: 14090
A1303: 38422 | C1303: 25485 | D1303: 159686 | E1303: 34980 | H1303: 14103 | I1303: 15483 | J1303: 6330 | K1303: 10360 | L1303: 950 | R1303: 9000 | S1303: 36150 | T1303: 80265 | U1303: 15770 | V1303: #N/A | W1303: #N/A | X1303: 10800 | Y1303: #N/A | Z1303: #N/A | AA1303: 15100 | AB1303: 6900 | AC1303: 1050 | AD1303: #N/A | AE1303: 11500 | AF1303: 14090
A1304: 38425 | C1304: 25485 | D1304: 159686 | E1304: 34980 | H1304: 14103 | I1304: 15483 | J1304: 6330 | K1304: 10360 | L1304: 950 | R1304: 9000 | S1304: 36150 | T1304: 80265 | U1304: 15770 | V1304: #N/A | W1304: #N/A | X1304: 10800 | Y1304: #N/A | Z1304: #N/A | AA1304: 15100 | AB1304: 6900 | AC1304: 1050 | AD1304: #N/A | AE1304: 11500 | AF1304: 14090
A1305: 38426 | C1305: 48269 | D1305: 233978 | E1305: 40980 | H1305: 24285 | I1305: 15783 | J1305: 6330 | K1305: 10360 | L1305: 2320 | R1305: 23600 | S1305: 56350 | T1305: 104275 | U1305: 16840 | V1305: #N/A | W1305: #N/A | X1305: 22058 | Y1305: 1600 | Z1305: 460 | AA1305: 27300 | AB1305: 6900 | AC1305: 1050 | AD1305: #N/A | AE1305: 11500 | AF1305: 14090
A1306: 38427 | C1306: 48269 | D1306: 233978 | E1306: 40980 | H1306: 24285 | I1306: 15783 | J1306: 6330 | K1306: 10360 | L1306: 2320 | R1306: 23600 | S1306: 56350 | T1306: 104275 | U1306: 16840 | V1306: #N/A | W1306: #N/A | X1306: 22058 | Y1306: 1600 | Z1306: 460 | AA1306: 27300 | AB1306: 6900 | AC1306: 1050 | AD1306: #N/A | AE1306: 11500 | AF1306: 14090
A1307: 38428 | C1307: 48269 | D1307: 233978 | E1307: 40980 | H1307: 24285 | I1307: 15783 | J1307: 6330 | K1307: 10360 | L1307: 2320 | R1307: 23600 | S1307: 56350 | T1307: 104275 | U1307: 16840 | V1307: #N/A | W1307: #N/A | X1307: 22058 | Y1307: 1600 | Z1307: 460 | AA1307: 27300 | AB1307: 6900 | AC1307: 1050 | AD1307: #N/A | AE1307: 11500 | AF1307: 14090
A1308: 38429 | C1308: 48269 | D1308: 233978 | E1308: 40980 | H1308: 24285 | I1308: 15783 | J1308: 6330 | K1308: 10360 | L1308: 2320 | R1308: 23600 | S1308: 56350 | T1308: 104275 | U1308: 16840 | V1308: #N/A | W1308: #N/A | X1308: 22058 | Y1308: 1600 | Z1308: 460 | AA1308: 27300 | AB1308: 6900 | AC1308: 1050 | AD1308: #N/A | AE1308: 11500 | AF1308: 14090
A1309: 38432 | C1309: 62525 | D1309: 308793 | E1309: 54576 | H1309: 31165 | I1309: 23533 | J1309: 28810 | K1309: 15363 | L1309: 6120 | R1309: 23600 | S1309: 70260 | T1309: 132296 | U1309: 30440 | V1309: #N/A | W1309: 200 | X1309: 25638 | Y1309: 13100 | Z1309: 460 | AA1309: 30220 | AB1309: 12950 | AC1309: 6090 | AD1309: 5000 | AE1309: 23450 | AF1309: 20300
A1310: 38433 | C1310: 62525 | D1310: 308793 | E1310: 54576 | H1310: 31165 | I1310: 23533 | J1310: 28810 | K1310: 15363 | L1310: 6120 | R1310: 23600 | S1310: 70260 | T1310: 132296 | U1310: 30440 | V1310: #N/A | W1310: 200 | X1310: 25638 | Y1310: 13100 | Z1310: 460 | AA1310: 30220 | AB1310: 12950 | AC1310: 6090 | AD1310: 5000 | AE1310: 23450 | AF1310: 20300
A1311: 38434 | C1311: 62525 | D1311: 308793 | E1311: 54576 | H1311: 31165 | I1311: 23533 | J1311: 28810 | K1311: 15363 | L1311: 6120 | R1311: 23600 | S1311: 70260 | T1311: 132296 | U1311: 30440 | V1311: #N/A | W1311: 200 | X1311: 25638 | Y1311: 13100 | Z1311: 460 | AA1311: 30220 | AB1311: 12950 | AC1311: 6090 | AD1311: 5000 | AE1311: 23450 | AF1311: 20300
A1312: 38435 | C1312: 62525 | D1312: 308793 | E1312: 54576 | H1312: 31165 | I1312: 23533 | J1312: 28810 | K1312: 15363 | L1312: 6120 | R1312: 23600 | S1312: 70260 | T1312: 132296 | U1312: 30440 | V1312: #N/A | W1312: 200 | X1312: 25638 | Y1312: 13100 | Z1312: 460 | AA1312: 30220 | AB1312: 12950 | AC1312: 6090 | AD1312: 5000 | AE1312: 23450 | AF1312: 20300
A1313: 38439 | C1313: 79292 | D1313: 369717 | E1313: 73647 | H1313: 33215 | I1313: 37268 | J1313: 31810 | K1313: 21251 | L1313: 6370 | R1313: 28600 | S1313: 71498 | T1313: 158775 | U1313: 39240 | V1313: #N/A | W1313: 200 | X1313: 35488 | Y1313: 13100 | Z1313: 4722 | AA1313: 39920 | AB1313: 17690 | AC1313: 40545 | AD1313: 5000 | AE1313: 26450 | AF1313: 20300
A1314: 38440 | C1314: 79292 | D1314: 369717 | E1314: 73647 | H1314: 33215 | I1314: 37268 | J1314: 31810 | K1314: 21251 | L1314: 6370 | R1314: 28600 | S1314: 71498 | T1314: 158775 | U1314: 39240 | V1314: #N/A | W1314: 200 | X1314: 35488 | Y1314: 13100 | Z1314: 4722 | AA1314: 39920 | AB1314: 17690 | AC1314: 40545 | AD1314: 5000 | AE1314: 26450 | AF1314: 20300
A1315: 38441 | C1315: 79292 | D1315: 369717 | E1315: 73647 | H1315: 33215 | I1315: 37268 | J1315: 31810 | K1315: 21251 | L1315: 6370 | R1315: 28600 | S1315: 71498 | T1315: 158775 | U1315: 39240 | V1315: #N/A | W1315: 200 | X1315: 35488 | Y1315: 13100 | Z1315: 4722 | AA1315: 39920 | AB1315: 17690 | AC1315: 40545 | AD1315: 5000 | AE1315: 26450 | AF1315: 20300
A1316: 38442 | C1316: 122812 | D1316: 470968 | E1316: 117561 | H1316: 42465 | I1316: 44501 | J1316: 47328 | K1316: 21251 | L1316: 8260 | R1316: 66000 | S1316: 71498 | T1316: 208808 | U1316: 68673 | V1316: 600 | W1316: 200 | X1316: 48574 | Y1316: 18800 | Z1316: 9492 | AA1316: 51420 | AB1316: 17690 | AC1316: 40545 | AD1316: 5000 | AE1316: 26450 | AF1316: #N/A
A1317: 38443 | C1317: 122812 | D1317: 470968 | E1317: 117561 | H1317: 42465 | I1317: 44501 | J1317: 47328 | K1317: 21251 | L1317: 8260 | R1317: 66000 | S1317: 71498 | T1317: 208808 | U1317: 68673 | V1317: 600 | W1317: 200 | X1317: 48574 | Y1317: 18800 | Z1317: 9492 | AA1317: 51420 | AB1317: 17690 | AC1317: 40545 | AD1317: 5000 | AE1317: 26450 | AF1317: #N/A
A1318: 38446 | C1318: 122812 | D1318: 470968 | E1318: 117561 | H1318: 42465 | I1318: 44501 | J1318: 47328 | K1318: 21251 | L1318: 8260 | R1318: 66000 | S1318: 71498 | T1318: 208808 | U1318: 68673 | V1318: 600 | W1318: 200 | X1318: 48574 | Y1318: 18800 | Z1318: 9492 | AA1318: 51420 | AB1318: 17690 | AC1318: 40545 | AD1318: 5000 | AE1318: 26450 | AF1318: #N/A
A1319: 38447 | C1319: 122812 | D1319: 470968 | E1319: 117561 | H1319: 42465 | I1319: 44501 | J1319: 47328 | K1319: 21251 | L1319: 8260 | R1319: 66000 | S1319: 71498 | T1319: 208808 | U1319: 68673 | V1319: 600 | W1319: 200 | X1319: 48574 | Y1319: 18800 | Z1319: 9492 | AA1319: 51420 | AB1319: 17690 | AC1319: 40545 | AD1319: 5000 | AE1319: 26450 | AF1319: #N/A
A1320: 38448 | C1320: 122812 | D1320: 470968 | E1320: 117561 | H1320: 42465 | I1320: 44501 | J1320: 47328 | K1320: 21251 | L1320: 8260 | R1320: 66000 | S1320: 71498 | T1320: 208808 | U1320: 68673 | V1320: 600 | W1320: 200 | X1320: 48574 | Y1320: 18800 | Z1320: 9492 | AA1320: 51420 | AB1320: 17690 | AC1320: 40545 | AD1320: 5000 | AE1320: 26450 | AF1320: #N/A
A1321: 38449 | C1321: 122812 | D1321: 470968 | E1321: 117561 | H1321: 42465 | I1321: 44501 | J1321: 47328 | K1321: 21251 | L1321: 8260 | R1321: 66000 | S1321: 71498 | T1321: 208808 | U1321: 68673 | V1321: 600 | W1321: 200 | X1321: 48574 | Y1321: 18800 | Z1321: 9492 | AA1321: 51420 | AB1321: 17690 | AC1321: 40545 | AD1321: 5000 | AE1321: 26450 | AF1321: #N/A
A1322: 38450 | C1322: 122812 | D1322: 470968 | E1322: 117561 | H1322: 42465 | I1322: 44501 | J1322: 47328 | K1322: 21251 | L1322: 8260 | R1322: 66000 | S1322: 71498 | T1322: 208808 | U1322: 68673 | V1322: 600 | W1322: 200 | X1322: 48574 | Y1322: 18800 | Z1322: 9492 | AA1322: 51420 | AB1322: 17690 | AC1322: 40545 | AD1322: 5000 | AE1322: 26450 | AF1322: #N/A
A1323: 38453 | C1323: 41038 | D1323: 91348 | E1323: 66704 | H1323: 18265 | I1323: 18949 | J1323: 34811 | K1323: 13955 | L1323: 2300 | R1323: 27250 | S1323: 16700 | T1323: 75457 | U1323: 42359 | V1323: 2250 | W1323: #N/A | X1323: 34054 | Y1323: #N/A | Z1323: 460 | AA1323: 4750 | AB1323: #N/A | AC1323: #N/A | AD1323: 9500 | AE1323: 11400 | AF1323: 19329
A1324: 38454 | C1324: 41038 | D1324: 91348 | E1324: 66704 | H1324: 18265 | I1324: 18949 | J1324: 34811 | K1324: 13955 | L1324: 2300 | R1324: 27250 | S1324: 16700 | T1324: 75457 | U1324: 42359 | V1324: 2250 | W1324: #N/A | X1324: 34054 | Y1324: #N/A | Z1324: 460 | AA1324: 4750 | AB1324: #N/A | AC1324: #N/A | AD1324: 9500 | AE1324: 11400 | AF1324: 19329
A1325: 38455 | C1325: 41038 | D1325: 91348 | E1325: 66704 | H1325: 18265 | I1325: 18949 | J1325: 34811 | K1325: 13955 | L1325: 2300 | R1325: 27250 | S1325: 16700 | T1325: 75457 | U1325: 42359 | V1325: 2250 | W1325: #N/A | X1325: 34054 | Y1325: #N/A | Z1325: 460 | AA1325: 4750 | AB1325: #N/A | AC1325: #N/A | AD1325: 9500 | AE1325: 11400 | AF1325: 19329
A1326: 38456 | C1326: 41038 | D1326: 91348 | E1326: 66704 | H1326: 18265 | I1326: 18949 | J1326: 34811 | K1326: 13955 | L1326: 2300 | R1326: 27250 | S1326: 16700 | T1326: 75457 | U1326: 42359 | V1326: 2250 | W1326: #N/A | X1326: 34054 | Y1326: #N/A | Z1326: 460 | AA1326: 4750 | AB1326: #N/A | AC1326: #N/A | AD1326: 9500 | AE1326: 11400 | AF1326: 19329
A1327: 38457 | C1327: 68368 | D1327: 180787 | E1327: 88665 | H1327: 31022 | I1327: 31310 | J1327: 43261 | K1327: 23035 | L1327: 2300 | R1327: 30250 | S1327: 26750 | T1327: 114932 | U1327: 74754 | V1327: 2250 | W1327: 2500 | X1327: 38054 | Y1327: 9250 | Z1327: 460 | AA1327: 14630 | AB1327: 2000 | AC1327: #N/A | AD1327: 9500 | AE1327: 27900 | AF1327: 23229
A1328: 38460 | C1328: 68368 | D1328: 180787 | E1328: 88665 | H1328: 31022 | I1328: 31310 | J1328: 43261 | K1328: 23035 | L1328: 2300 | R1328: 30250 | S1328: 26750 | T1328: 114932 | U1328: 74754 | V1328: 2250 | W1328: 2500 | X1328: 38054 | Y1328: 9250 | Z1328: 460 | AA1328: 14630 | AB1328: 2000 | AC1328: #N/A | AD1328: 9500 | AE1328: 27900 | AF1328: 23229
A1329: 38461 | C1329: 68368 | D1329: 180787 | E1329: 88665 | H1329: 31022 | I1329: 31310 | J1329: 43261 | K1329: 23035 | L1329: 2300 | R1329: 30250 | S1329: 26750 | T1329: 114932 | U1329: 74754 | V1329: 2250 | W1329: 2500 | X1329: 38054 | Y1329: 9250 | Z1329: 460 | AA1329: 14630 | AB1329: 2000 | AC1329: #N/A | AD1329: 9500 | AE1329: 27900 | AF1329: 23229
A1330: 38462 | C1330: 74318 | D1330: 237053 | E1330: 115757 | H1330: 36922 | I1330: 37325 | J1330: 45261 | K1330: 27785 | L1330: 3150 | R1330: 30250 | S1330: 26750 | T1330: 155391 | U1330: 91159 | V1330: 2250 | W1330: 2500 | X1330: 42304 | Y1330: 9250 | Z1330: 2910 | AA1330: 19330 | AB1330: 6000 | AC1330: #N/A | AD1330: 9500 | AE1330: 35650 | AF1330: 23229
A1331: 38463 | C1331: 74318 | D1331: 237053 | E1331: 115757 | H1331: 36922 | I1331: 37325 | J1331: 45261 | K1331: 27785 | L1331: 3150 | R1331: 30250 | S1331: 26750 | T1331: 155391 | U1331: 91159 | V1331: 2250 | W1331: 2500 | X1331: 42304 | Y1331: 9250 | Z1331: 2910 | AA1331: 19330 | AB1331: 6000 | AC1331: #N/A | AD1331: 9500 | AE1331: 35650 | AF1331: 23229
A1332: 38464 | C1332: 74318 | D1332: 237053 | E1332: 115757 | H1332: 36922 | I1332: 37325 | J1332: 45261 | K1332: 27785 | L1332: 3150 | R1332: 30250 | S1332: 26750 | T1332: 155391 | U1332: 91159 | V1332: 2250 | W1332: 2500 | X1332: 42304 | Y1332: 9250 | Z1332: 2910 | AA1332: 19330 | AB1332: 6000 | AC1332: #N/A | AD1332: 9500 | AE1332: 35650 | AF1332: 23229
A1333: 38467 | C1333: 89877 | D1333: 334310 | E1333: 133481 | H1333: 41772 | I1333: 40344 | J1333: 50946 | K1333: 29785 | L1333: 5150 | R1333: 60860 | S1333: 34170 | T1333: 211124 | U1333: 103879 | V1333: 2850 | W1333: 2500 | X1333: 46481 | Y1333: 12850 | Z1333: 9599 | AA1333: 25880 | AB1333: 8850 | AC1333: #N/A | AD1333: 9500 | AE1333: 48440 | AF1333: 29579
A1334: 38468 | C1334: 89877 | D1334: 334310 | E1334: 133481 | H1334: 41772 | I1334: 40344 | J1334: 50946 | K1334: 29785 | L1334: 5150 | R1334: 60860 | S1334: 34170 | T1334: 211124 | U1334: 103879 | V1334: 2850 | W1334: 2500 | X1334: 46481 | Y1334: 12850 | Z1334: 9599 | AA1334: 25880 | AB1334: 8850 | AC1334: #N/A | AD1334: 9500 | AE1334: 48440 | AF1334: 29579
A1335: 38469 | C1335: 89877 | D1335: 334310 | E1335: 133481 | H1335: 41772 | I1335: 40344 | J1335: 50946 | K1335: 29785 | L1335: 5150 | R1335: 60860 | S1335: 34170 | T1335: 211124 | U1335: 103879 | V1335: 2850 | W1335: 2500 | X1335: 46481 | Y1335: 12850 | Z1335: 9599 | AA1335: 25880 | AB1335: 8850 | AC1335: #N/A | AD1335: 9500 | AE1335: 48440 | AF1335: 29579
A1336: 38470 | C1336: 89877 | D1336: 334310 | E1336: 133481 | H1336: 41772 | I1336: 40344 | J1336: 50946 | K1336: 29785 | L1336: 5150 | R1336: 60860 | S1336: 34170 | T1336: 211124 | U1336: 103879 | V1336: 2850 | W1336: 2500 | X1336: 46481 | Y1336: 12850 | Z1336: 9599 | AA1336: 25880 | AB1336: 8850 | AC1336: #N/A | AD1336: 9500 | AE1336: 48440 | AF1336: 29579
A1337: 38471 | C1337: 89877 | D1337: 334310 | E1337: 133481 | H1337: 41772 | I1337: 40344 | J1337: 50946 | K1337: 29785 | L1337: 5150 | R1337: 60860 | S1337: 34170 | T1337: 211124 | U1337: 103879 | V1337: 2850 | W1337: 2500 | X1337: 46481 | Y1337: 12850 | Z1337: 9599 | AA1337: 25880 | AB1337: 8850 | AC1337: #N/A | AD1337: 9500 | AE1337: 48440 | AF1337: 29579
A1338: 38474 | C1338: 89877 | D1338: 334310 | E1338: 133481 | H1338: 41772 | I1338: 40344 | J1338: 50946 | K1338: 29785 | L1338: 5150 | R1338: 60860 | S1338: 34170 | T1338: 211124 | U1338: 103879 | V1338: 2850 | W1338: 2500 | X1338: 46481 | Y1338: 12850 | Z1338: 9599 | AA1338: 25880 | AB1338: 8850 | AC1338: #N/A | AD1338: 9500 | AE1338: 48440 | AF1338: 29579
... A1343: 38481 | C1343: 118765 | D1343: 455474 | E1343: 161782 | H1343: 42372 | I1343: 49184 | J1343: 59021 | K1343: 34435 | L1343: 7000 | R1343: 98115 | S1343: 62170 | T1343: 291361 | U1343: 117259 | V1343: 2850 | W1343: 2500 | X1343: 60063 | Y1343: 19500 | Z1343: 12421 | AA1343: 30380 | AB1343: 13850 | AC1343: #N/A | AD1343: 9500 | AE1343: 53971 | AF1343: 29579
A1344: 38482 | C1344: 51553 | D1344: 190032 | E1344: 40417 | H1344: 29580 | I1344: 8940 | J1344: 8245 | K1344: 4100 | L1344: 3400 | R1344: 27700 | S1344: 40500 | T1344: 109359 | U1344: 11250 | V1344: 2200 | W1344: 500 | X1344: 32300 | Y1344: 1960 | Z1344: 460 | AA1344: 3500 | AB1344: #N/A | AC1344: 8350 | AD1344: #N/A | AE1344: 18900 | AF1344: 7910
A1345: 38483 | C1345: 51553 | D1345: 190032 | E1345: 40417 | H1345: 29580 | I1345: 8940 | J1345: 8245 | K1345: 4100 | L1345: 3400 | R1345: 27700 | S1345: 40500 | T1345: 109359 | U1345: 11250 | V1345: 2200 | W1345: 500 | X1345: 32300 | Y1345: 1960 | Z1345: 460 | AA1345: 3500 | AB1345: #N/A | AC1345: 8350 | AD1345: #N/A | AE1345: 18900 | AF1345: 7910
A1346: 38484 | C1346: 51553 | D1346: 190032 | E1346: 40417 | H1346: 29580 | I1346: 8940 | J1346: 8245 | K1346: 4100 | L1346: 3400 | R1346: 27700 | S1346: 40500 | T1346: 109359 | U1346: 11250 | V1346: 2200 | W1346: 500 | X1346: 32300 | Y1346: 1960 | Z1346: 460 | AA1346: 3500 | AB1346: #N/A | AC1346: 8350 | AD1346: #N/A | AE1346: 18900 | AF1346: 7910
A1347: 38485 | C1347: 51553 | D1347: 190032 | E1347: 40417 | H1347: 29580 | I1347: 8940 | J1347: 8245 | K1347: 4100 | L1347: 3400 | R1347: 27700 | S1347: 40500 | T1347: 109359 | U1347: 11250 | V1347: 2200 | W1347: 500 | X1347: 32300 | Y1347: 1960 | Z1347: 460 | AA1347: 3500 | AB1347: #N/A | AC1347: 8350 | AD1347: #N/A | AE1347: 18900 | AF1347: 7910
A1348: 38488 | C1348: 94943 | D1348: 314259 | E1348: 93987 | H1348: 32030 | I1348: 14715 | J1348: 20845 | K1348: 7080 | L1348: 3400 | R1348: 42880 | S1348: 54500 | T1348: 210779 | U1348: 17235 | V1348: 2200 | W1348: 500 | X1348: 37650 | Y1348: 9400 | Z1348: 460 | AA1348: 12150 | AB1348: #N/A | AC1348: 12150 | AD1348: #N/A | AE1348: 55355 | AF1348: 12660
A1349: 38489 | C1349: 94943 | D1349: 314259 | E1349: 93987 | H1349: 32030 | I1349: 14715 | J1349: 20845 | K1349: 7080 | L1349: 3400 | R1349: 42880 | S1349: 54500 | T1349: 210779 | U1349: 17235 | V1349: 2200 | W1349: 500 | X1349: 37650 | Y1349: 9400 | Z1349: 460 | AA1349: 12150 | AB1349: #N/A | AC1349: 12150 | AD1349: #N/A | AE1349: 55355 | AF1349: 12660
A1350: 38490 | C1350: 94943 | D1350: 314259 | E1350: 93987 | H1350: 32030 | I1350: 14715 | J1350: 20845 | K1350: 7080 | L1350: 3400 | R1350: 42880 | S1350: 54500 | T1350: 210779 | U1350: 17235 | V1350: 2200 | W1350: 500 | X1350: 37650 | Y1350: 9400 | Z1350: 460 | AA1350: 12150 | AB1350: #N/A | AC1350: 12150 | AD1350: #N/A | AE1350: 55355 | AF1350: 12660
A1351: 38491 | C1351: 94943 | D1351: 314259 | E1351: 93987 | H1351: 32030 | I1351: 14715 | J1351: 20845 | K1351: 7080 | L1351: 3400 | R1351: 42880 | S1351: 54500 | T1351: 210779 | U1351: 17235 | V1351: 2200 | W1351: 500 | X1351: 37650 | Y1351: 9400 | Z1351: 460 | AA1351: 12150 | AB1351: #N/A | AC1351: 12150 | AD1351: #N/A | AE1351: 55355 | AF1351: 12660
A1352: 38492 | C1352: 116014 | D1352: 419459 | E1352: 113766 | H1352: 32780 | I1352: 22915 | J1352: 22875 | K1352: 10580 | L1352: 3400 | R1352: 46500 | S1352: 65500 | T1352: 263638 | U1352: 20185 | V1352: 2200 | W1352: 500 | X1352: 42198 | Y1352: 19000 | Z1352: 460 | AA1352: 28650 | AB1352: #N/A | AC1352: 57400 | AD1352: #N/A | AE1352: 56355 | AF1352: 14690
A1353: 38495 | C1353: 116014 | D1353: 419459 | E1353: 113766 | H1353: 32780 | I1353: 22915 | J1353: 22875 | K1353: 10580 | L1353: 3400 | R1353: 46500 | S1353: 65500 | T1353: 263638 | U1353: 20185 | V1353: 2200 | W1353: 500 | X1353: 42198 | Y1353: 19000 | Z1353: 460 | AA1353: 28650 | AB1353: #N/A | AC1353: 57400 | AD1353: #N/A | AE1353: 56355 | AF1353: 14690
A1354: 38496 | C1354: 116014 | D1354: 419459 | E1354: 113766 | H1354: 32780 | I1354: 22915 | J1354: 22875 | K1354: 10580 | L1354: 3400 | R1354: 46500 | S1354: 65500 | T1354: 263638 | U1354: 20185 | V1354: 2200 | W1354: 500 | X1354: 42198 | Y1354: 19000 | Z1354: 460 | AA1354: 28650 | AB1354: #N/A | AC1354: 57400 | AD1354: #N/A | AE1354: 56355 | AF1354: 14690
A1355: 38497 | C1355: 125430 | D1355: 538706 | E1355: 145261 | H1355: 41147 | I1355: 28790 | J1355: 35860 | K1355: 11080 | L1355: 3400 | R1355: 59750 | S1355: 74835 | T1355: 354090 | U1355: 33052 | V1355: 2200 | W1355: 500 | X1355: 48524 | Y1355: 21300 | Z1355: 4240 | AA1355: 28650 | AB1355: 7500 | AC1355: 57400 | AD1355: #N/A | AE1355: 69675 | AF1355: 15240
A1356: 38498 | C1356: 125430 | D1356: 538706 | E1356: 145261 | H1356: 41147 | I1356: 28790 | J1356: 35860 | K1356: 11080 | L1356: 3400 | R1356: 59750 | S1356: 74835 | T1356: 354090 | U1356: 33052 | V1356: 2200 | W1356: 500 | X1356: 48524 | Y1356: 21300 | Z1356: 4240 | AA1356: 28650 | AB1356: 7500 | AC1356: 57400 | AD1356: #N/A | AE1356: 69675 | AF1356: 15240
A1357: 38499 | C1357: 125430 | D1357: 538706 | E1357: 145261 | H1357: 41147 | I1357: 28790 | J1357: 35860 | K1357: 11080 | L1357: 3400 | R1357: 59750 | S1357: 74835 | T1357: 354090 | U1357: 33052 | V1357: 2200 | W1357: 500 | X1357: 48524 | Y1357: 21300 | Z1357: 4240 | AA1357: 28650 | AB1357: 7500 | AC1357: 57400 | AD1357: #N/A | AE1357: 69675 | AF1357: 15240
A1358: 38503 | C1358: 150084 | D1358: 620318 | E1358: 163587 | H1358: 60722 | I1358: 39390 | J1358: 53184 | K1358: 14030 | L1358: 3700 | R1358: 69750 | S1358: 74835 | T1358: 410457 | U1358: 51852 | V1358: 2200 | W1358: 500 | X1358: 64324 | Y1358: 21300 | Z1358: 6230 | AA1358: 34150 | AB1358: 7500 | AC1358: 57400 | AD1358: #N/A | AE1358: 69675 | AF1358: 2914
A1359: 38504 | C1359: 150084 | D1359: 620318 | E1359: 163587 | H1359: 60722 | I1359: 39390 | J1359: 53184 | K1359: 14030 | L1359: 3700 | R1359: 69750 | S1359: 74835 | T1359: 410457 | U1359: 51852 | V1359: 2200 | W1359: 500 | X1359: 64324 | Y1359: 21300 | Z1359: 6230 | AA1359: 34150 | AB1359: 7500 | AC1359: 57400 | AD1359: #N/A | AE1359: 69675 | AF1359: 2914
A1360: 38505 | C1360: 150084 | D1360: 620318 | E1360: 163587 | H1360: 60722 | I1360: 39390 | J1360: 53184 | K1360: 14030 | L1360: 3700 | R1360: 69750 | S1360: 74835 | T1360: 410457 | U1360: 51852 | V1360: 2200 | W1360: 500 | X1360: 64324 | Y1360: 21300 | Z1360: 6230 | AA1360: 34150 | AB1360: 7500 | AC1360: 57400 | AD1360: #N/A | AE1360: 69675 | AF1360: 2914
A1361: 38506 | C1361: 150084 | D1361: 620318 | E1361: 163587 | H1361: 60722 | I1361: 39390 | J1361: 53184 | K1361: 14030 | L1361: 3700 | R1361: 69750 | S1361: 74835 | T1361: 410457 | U1361: 51852 | V1361: 2200 | W1361: 500 | X1361: 64324 | Y1361: 21300 | Z1361: 6230 | AA1361: 34150 | AB1361: 7500 | AC1361: 57400 | AD1361: #N/A | AE1361: 69675 | AF1361: 2914
A1362: 38509 | C1362: 150084 | D1362: 620318 | E1362: 163587 | H1362: 60722 | I1362: 39390 | J1362: 53184 | K1362: 14030 | L1362: 3700 | R1362: 69750 | S1362: 74835 | T1362: 410457 | U1362: 51852 | V1362: 2200 | W1362: 500 | X1362: 64324 | Y1362: 21300 | Z1362: 6230 | AA1362: 34150 | AB1362: 7500 | AC1362: 57400 | AD1362: #N/A | AE1362: 69675 | AF1362: 2914
A1363: 38510 | C1363: 150084 | D1363: 620318 | E1363: 163587 | H1363: 60722 | I1363: 39390 | J1363: 53184 | K1363: 14030 | L1363: 3700 | R1363: 69750 | S1363: 74835 | T1363: 410457 | U1363: 51852 | V1363: 2200 | W1363: 500 | X1363: 64324 | Y1363: 21300 | Z1363: 6230 | AA1363: 34150 | AB1363: 7500 | AC1363: 57400 | AD1363: #N/A | AE1363: 69675 | AF1363: 2914
...

Sheet Indonesia Palm Complex
A1: INDONESIA PALM OIL COMPLEX
B2: 93/94 | C2: 94/95 | D2: 95/96 | E2: 96/97 | F2: 97/98 | G2: 98/99 | H2: 99/00 | I2: 00/01 | J2: 01/02 | K2: 02/03 | L2: 03/04 | M2: 04/05 | N2: 05/06 | O2: 06/07 | P2: 07/08 | Q2: 08/09 | R2: 09/10 | S2: 10/11 | T2: 11/12 | U2: 12/13 | V2: 13/14 | W2: 14/15 | X2: 15/16 | Y2: 16/17 | Z2: 17/18 | AA2: 18/19 | AB2: 19/20 | AC2: 20/21 | AD2: 21/22 | AE2: 22/23 | AF2: 23/24 | AG2: 24/25 | AH2: 25/26 | AI2: 26/27
A3: INDONESIA PALM AREA AND YIELD (1,000 Hectares)
A4: Immature Planted Area
A5: Mature Planted Area | B5: =#REF! -> #REF! | C5: =#REF! -> #REF! | D5: =#REF! -> #REF! | E5: =#REF! -> #REF! | F5: =#REF! -> #REF! | G5: =#REF! -> #REF! | H5: =#REF! -> #REF! | I5: =#REF! -> #REF! | ... AI5: =#REF! -> #REF!
A6: Total Planted Area | B6: =B5 -> #REF! | C6: =C5 -> #REF! | D6: =D5 -> #REF! | E6: =E5 -> #REF! | F6: =F5 -> #REF! | G6: =G5 -> #REF! | H6: =H5 -> #REF! | I6: =I5 -> #REF! | ... AI6: =AI5 -> #REF!
A7: Oil Yield (Tonnes/Hectare) | B7: =B10/B5 -> #REF! | C7: =C10/C5 -> #REF! | D7: =D10/D5 -> #REF! | E7: =E10/E5 -> #REF! | F7: =F10/F5 -> #REF! | G7: =G10/G5 -> #REF! | H7: =H10/H5 -> #REF! | I7: =I10/I5 -> #REF! | ... AI7: =AI10/AI5 -> #REF!
A8: INDONESIA PALM OIL SUPPLY AND DEMAND (1,000 Tonnes)
A9: Beginning Stocks (October 1) | B9: 79 | C9: =B18 -> 13 | D9: =C18 -> 74 | E9: =D18 -> 143 | F9: =E18 -> 236 | G9: =F18 -> 249 | H9: =G18 -> 202 | I9: =H18 -> 391 | J9: =I18 -> 655 | ... AI9: =AH18 -> 4250
A10: Production | B10: =#REF! -> #REF! | C10: =#REF! -> #REF! | D10: =#REF! -> #REF! | E10: =#REF! -> #REF! | F10: =#REF! -> #REF! | G10: =#REF! -> #REF! | H10: =#REF! -> #REF! | I10: =#REF! -> #REF! | ... W10: =#REF! -> #REF! | X10: =X68 -> 33553.486 | Y10: =Y68 -> 40025 | Z10: =Z68 -> 47211 | AA10: =AA68 -> 51888 | AB10: =AB68 -> 50080 | AC10: =AC68 -> 52025 | AD10: =AD68 -> 49749 | AE10: =AE68 -> 55559 | AF10: =MROUND(#REF!*AF5,250)-3000 -> #REF! | AG10: =MROUND(#REF!*AG5,250) -> #REF! | AH10: =MROUND(#REF!*AH5,250) -> #REF! | AI10: =MROUND(#REF!*AI5,250) -> #REF!
A11: Imports | B11: 159 | C11: 49 | D11: 46 | E11: =E99 -> 143.25119 | F11: =F99 -> 30.516807 | G11: =G99 -> 2.110706 | H11: =H99 -> 0.660016 | I11: =I99 -> 3.174593 | J11: =J99 -> 8.18843 | K11: =K99 -> 4.798529 | L11: =L99 -> 4.641539 | ... AE11: =AE99 -> 0.65 | AF11: 0.449 | AG11: 0.449 | AH11: 0.449 | AI11: 0.449
A12: Total Supply | B12: =SUM(B9:B11) -> #REF! | C12: =SUM(C9:C11) -> #REF! | D12: =SUM(D9:D11) -> #REF! | E12: =SUM(E9:E11) -> #REF! | F12: =SUM(F9:F11) -> #REF! | G12: =SUM(G9:G11) -> #REF! | H12: =SUM(H9:H11) -> #REF! | I12: =SUM(I9:I11) -> #REF! | ... AI12: =SUM(AI9:AI11) -> #REF!
A13: Domestic Usage | B13: =B131 -> #REF! | C13: =C131 -> #REF! | D13: =D131 -> #REF! | E13: =E131 -> #REF! | F13: =F131 -> #REF! | G13: =G131 -> #REF! | H13: =H131 -> #REF! | I13: =I131 -> #REF! | ... Y13: =Y131 -> 11651.645 | Z13: =Z17-Z16 -> 18561.617 | AA13: =AA17-AA16 -> 24556.536 | AB13: =AB17-AB16 -> 22229.669 | AC13: =AC17-AC16 -> 26428.534 | AD13: =AD17-AD16 -> 27052.145 | AE13: =AE17-AE16 -> 28404.795 | AF13: =AF17-AF16 -> #REF! | AG13: =AG17-AG16 -> #REF! | ... AI13: =AI17-AI16 -> #REF!
A14: Industrial Usage | B14: 100 | C14: 115 | D14: 150 | E14: 185 | F14: 185 | G14: 200 | H14: 230 | I14: 260 | J14: 280 | K14: 430 | L14: 470 | M14: 510 | N14: 300 | O14: 400 | P14: 650 | Q14: 800 | R14: 1250 | S14: 1800 | T14: 2300 | U14: 3000 | V14: 4000 | W14: 1850 | X14: 3700 | Y14: 3500 | Z14: 5725 | AA14: 7450 | AB14: 8300 | AC14: 8800 | AD14: 9600 | AE14: 9601 | AF14: 9500 | AG14: 9600 | AH14: 9650 | AI14: 9750
A15: Food, Feed & Waste Usage | B15: =B13-B14 -> #REF! | C15: =C13-C14 -> #REF! | D15: =D13-D14 -> #REF! | E15: =E13-E14 -> #REF! | F15: =F13-F14 -> #REF! | G15: =G13-G14 -> #REF! | H15: =H13-H14 -> #REF! | I15: =I13-I14 -> #REF! | ... AI15: =AI13-AI14 -> #REF!
A16: Exports | B16: =B115 -> 0 | C16: =C115 -> 0 | D16: =D115 -> 0 | E16: =E115 -> 2400.9235 | F16: =F115 -> 1821.5882 | G16: =G115 -> 3057.5648 | H16: =H115 -> 3870.6772 | I16: =I115 -> 4543.5836 | ... AE16: =AE115 -> 28076.855 | AF16: =23000+500 -> 23500 | AG16: 23000 | AH16: 24750 | AI16: 25000 | AJ16: =AF16/AE16-1 -> -0.16301167
A17: Total Use | B17: =B16+B13 -> #REF! | C17: =C16+C13 -> #REF! | D17: =D16+D13 -> #REF! | E17: =E16+E13 -> #REF! | F17: =F16+F13 -> #REF! | G17: =G16+G13 -> #REF! | H17: =H16+H13 -> #REF! | I17: =I16+I13 -> #REF! | ... Y17: =Y16+Y13 -> 39285.007 | Z17: =Z12-Z18 -> 45528.56 | AA17: =AA12-AA18 -> 52840.838 | AB17: =AB12-AB18 -> 48480.504 | AC17: =AC12-AC18 -> 53719.403 | AD17: =AD12-AD18 -> 49373.415 | AE17: =AE12-AE18 -> 56481.65 | AF17: =AF12-AF18 -> #REF! | AG17: =AG12-AG18 -> #REF! | ... AI17: =AI12-AI18 -> #REF!
A18: Ending Stocks (September 30) | B18: 13 | C18: 74 | D18: 143 | E18: 236 | F18: 249 | G18: 202 | H18: 391 | I18: 655 | J18: 503 | K18: 710 | L18: 948 | M18: 851 | N18: 1075 | O18: 2069 | P18: 1457 | Q18: 1179 | R18: 1459 | S18: 2390 | T18: 2792 | U18: 3122 | V18: 2910 | W18: 2889 | X18: =X146 -> 2174 | Y18: =Y146 -> 2919 | Z18: =Z146 -> 4602 | AA18: =AA146 -> 3733 | AB18: =AB146 -> 5343 | AC18: =AC146 -> 3649 | AD18: =AD146 -> 4025 | AE18: =AE146 -> 3103 | AF18: =2500+1750 -> 4250 | AG18: =2500+1750 -> 4250 | AH18: =2500+1750 -> 4250 | AI18: =2500+1750 -> 4250
A19: Stocks/Use | B19: =B18/B17 -> #REF! | C19: =C18/C17 -> #REF! | D19: =D18/D17 -> #REF! | E19: =E18/E17 -> #REF! | F19: =F18/F17 -> #REF! | G19: =G18/G17 -> #REF! | H19: =H18/H17 -> #REF! | I19: =I18/I17 -> #REF! | ... AI19: =AI18/AI17 -> #REF!
A20: Futures Price (Ringgit/Tonne) | B20: =B162 -> 1113.6667 | C20: =C162 -> 1508.1667 | D20: =D162 -> 1220.5 | E20: =E162 -> 1267.5833 | F20: =F162 -> 2230.25 | G20: =G162 -> 1646.25 | H20: =H162 -> 1085.25 | I20: =I162 -> 848.91667 | ... Y20: =Y162 -> 2846.5 | Z20: 2400
A21: INDONESIA PALM KERNEL SUPPLY AND DEMAND (1,000 Tonnes)
A22: Beginning Stocks (October 1) | B22: 10 | C22: =B29 -> 15 | D22: =C29 -> 75 | E22: =D29 -> 100 | F22: =E29 -> 70 | G22: =F29 -> 7 | H22: =G29 -> 3 | I22: =H29 -> 8 | J22: =I29 -> 10 | ... AI22: =AH29 -> 62
A23: Production | B23: 1030 | C23: 1175 | D23: 1410 | E23: 1590 | F23: 1475 | G23: 1710 | H23: 2120 | I23: 2440 | J23: 2640 | K23: 2950 | L23: 3300 | M23: 3850 | N23: 4235 | O23: 4450 | P23: 4788 | Q23: 5470 | R23: 5875 | S23: 6200 | T23: 6900 | U23: 7480 | V23: 8100 | W23: 8700 | X23: 8500 | Y23: 9500 | Z23: =MROUND(Z10*Z194,250) -> #REF! | AA23: =MROUND(AA10*AA194,250) -> #REF! | AB23: =MROUND(AB10*AB194,250) -> #REF! | AC23: =MROUND(AC10*AC194,250) -> #REF! | AD23: =MROUND(AD10*AD194,250) -> #REF! | AE23: =MROUND(AE10*AE194,250) -> #REF! | AF23: =MROUND(AF10*AF194,250) -> #REF! | AG23: =MROUND(AG10*AG194,250) -> #REF! | ... AI23: =MROUND(AI10*AI194,250) -> #REF!
A24: Imports | B24: 0 | C24: 0 | D24: 0 | E24: =E210 -> 5.482757 | F24: =F210 -> 0.066252 | G24: =G210 -> 0.026275 | H24: =H210 -> 0.017722 | I24: =I210 -> 0.075281 | J24: =J210 -> 0.074686 | K24: =K210 -> 0.004392 | L24: =L210 -> 0.013117 | ... Y24: =Y210 -> 0.002 | Z24: 0 | AA24: 0 | AB24: 0 | AC24: 0 | AD24: 0 | AE24: 0 | AF24: 0 | AG24: 1 | AH24: 2 | AI24: 3
A25: Total Supply | B25: =SUM(B22:B24) -> 1040 | C25: =SUM(C22:C24) -> 1190 | D25: =SUM(D22:D24) -> 1485 | E25: =SUM(E22:E24) -> 1695.4828 | F25: =SUM(F22:F24) -> 1545.0663 | G25: =SUM(G22:G24) -> 1717.0263 | H25: =SUM(H22:H24) -> 2123.0177 | I25: =SUM(I22:I24) -> 2448.0753 | ... AI25: =SUM(AI22:AI24) -> #REF!
A26: Crush/Domestic Usage | B26: =B242 -> 1025 | C26: =C242 -> 1115 | D26: =D242 -> 1385.0671 | E26: =E242 -> 1625.3774 | F26: =F242 -> 1537.9983 | G26: =G242 -> 1704.9294 | H26: =H242 -> 2105.4207 | I26: =I242 -> 2437.0378 | ... Y26: =Y242 -> 9449.693 | Z26: =Z28-Z27 -> #REF! | AA26: =AA28-AA27 -> #REF! | AB26: =AB28-AB27 -> #REF! | AC26: =AC28-AC27 -> #REF! | AD26: =AD28-AD27 -> #REF! | AE26: =AE28-AE27 -> #REF! | AF26: =AF28-AF27 -> #REF! | AG26: =AG28-AG27 -> #REF! | ... AI26: =AI28-AI27 -> #REF!
A27: Exports | B27: 0 | C27: 0 | D27: 0 | E27: =E226 -> 0.105382 | F27: =F226 -> 0.068 | G27: =G226 -> 9.096831 | H27: =H226 -> 9.597012 | I27: =I226 -> 1.037478 | J27: =J226 -> 5.676203 | K27: =K226 -> 4.326389 | L27: =L226 -> 28.74802 | ... Y27: =Y226 -> 57.309 | Z27: 0 | AA27: 0 | AB27: 0 | AC27: 0 | AD27: 0 | AE27: 0 | AF27: 0 | AG27: 1 | AH27: 2 | AI27: 3
A28: Total Use | B28: =SUM(B26:B27) -> 1025 | C28: =SUM(C26:C27) -> 1115 | D28: =SUM(D26:D27) -> 1385.0671 | E28: =SUM(E26:E27) -> 1625.4828 | F28: =SUM(F26:F27) -> 1538.0663 | G28: =SUM(G26:G27) -> 1714.0263 | H28: =SUM(H26:H27) -> 2115.0177 | I28: =SUM(I26:I27) -> 2438.0753 | ... Y28: =SUM(Y26:Y27) -> 9507.002 | Z28: =Z25-Z29 -> #REF! | AA28: =AA25-AA29 -> #REF! | AB28: =AB25-AB29 -> #REF! | AC28: =AC25-AC29 -> #REF! | AD28: =AD25-AD29 -> #REF! | AE28: =AE25-AE29 -> #REF! | AF28: =AF25-AF29 -> #REF! | AG28: =AG25-AG29 -> #REF! | ... AI28: =AI25-AI29 -> #REF!
A29: Ending Stocks (September 30) | B29: 15 | C29: 75 | D29: 100 | E29: 70 | F29: 7 | G29: 3 | H29: 8 | I29: 10 | J29: 34 | K29: 38 | L29: 47 | M29: 49 | N29: 35 | O29: 115 | P29: 20 | Q29: 190 | R29: 40 | S29: 65 | T29: 60 | U29: 90 | V29: 70 | W29: 50 | X29: 60 | Y29: 53 | Z29: 58 | AA29: 60 | AB29: 60 | AC29: 60 | AD29: 60 | AE29: 60 | AF29: 60 | AG29: 61 | AH29: 62 | AI29: 63
A30: Stocks/Use | B30: =B29/B28 -> 0.014634146 | C30: =C29/C28 -> 0.067264574 | D30: =D29/D28 -> 0.072198671 | E30: =E29/E28 -> 0.04306413 | F30: =F29/F28 -> 0.0045511694 | G30: =G29/G28 -> 0.0017502649 | H30: =H29/H28 -> 0.0037824742 | I30: =I29/I28 -> 0.0041015961 | ... AI30: =AI29/AI28 -> #REF!
A31: INDONESIA PALM KERNEL CAKE SUPPLY AND DEMAND (1,000 Tonnes)
A32: Beginning Stocks (October 1) | B32: 37 | C32: =B39 -> 39 | D32: =C39 -> 65 | E32: =D39 -> 68 | F32: =E39 -> 78 | G32: =F39 -> 54 | H32: =G39 -> 45 | I32: =H39 -> 50 | J32: =I39 -> 5 | ... AI32: =AH39 -> 272
A33: Production | B33: 530 | C33: 575 | D33: 715 | E33: 838 | F33: 795 | G33: 875 | H33: 1080 | I33: 1250 | J33: 1339 | K33: 1498 | L33: 1687 | M33: 1947 | N33: 2140 | O33: 2240 | P33: 2550 | Q33: 2740 | R33: 3115 | S33: 3195 | T33: 3572 | U33: 3920 | V33: 4250 | W33: 4550 | X33: 4450 | Y33: 4900 | Z33: 5300 | AA33: =MROUND(AA242*AA289,100) -> #REF! | AB33: =MROUND(AB242*AB289,100) -> #REF! | AC33: =MROUND(AC242*AC289,100) -> #REF! | AD33: =MROUND(AD242*AD289,100) -> #REF! | AE33: =MROUND(AE242*AE289,100) -> #REF! | AF33: =MROUND(AF242*AF289,100) -> #REF! | AG33: =MROUND(AG242*AG289,100) -> #REF! | AH33: =MROUND(AH242*AH289,100) -> #REF! | AI33: =MROUND(AI242*AI289,100) -> #REF!
A34: Imports | B34: 0 | C34: 0 | D34: 0 | E34: =E305 -> 0 | F34: =F305 -> 0 | G34: =G305 -> 0 | H34: =H305 -> 0 | I34: =I305 -> 0 | J34: =J305 -> 0.019 | K34: =K305 -> 0 | L34: =L305 -> 0.453 | ... Y34: =Y305 -> 0.072 | Z34: 0 | AA34: 0 | AB34: 0 | AC34: 0 | AD34: 0 | AE34: 0 | AF34: 0 | AG34: 1 | AH34: 2 | AI34: 3
A35: Total Supply | B35: =SUM(B32:B34) -> 567 | C35: =SUM(C32:C34) -> 614 | D35: =SUM(D32:D34) -> 780 | E35: =SUM(E32:E34) -> 906 | F35: =SUM(F32:F34) -> 873 | G35: =SUM(G32:G34) -> 929 | H35: =SUM(H32:H34) -> 1125 | I35: =SUM(I32:I34) -> 1300 | ... AI35: =SUM(AI32:AI34) -> #REF!
A36: Domestic Usage | B36: =B337 -> 65 | C36: =C337 -> 80 | D36: =D337 -> 110 | E36: =E337 -> 212.47943 | F36: =F337 -> 116.05304 | G36: =G337 -> 153.26795 | H36: =H337 -> 184.94475 | I36: =I337 -> 475.60622 | ... Y36: =Y337 -> 1993.677 | Z36: =Z38-Z37 -> 1300 | AA36: =AA38-AA37 -> #REF! | AB36: =AB38-AB37 -> #REF! | AC36: =AC38-AC37 -> #REF! | AD36: =AD38-AD37 -> #REF! | AE36: =AE38-AE37 -> #REF! | AF36: =AF38-AF37 -> #REF! | AG36: =AG38-AG37 -> #REF! | ... AI36: =AI38-AI37 -> #REF!
A37: Exports | B37: 463 | C37: 469 | D37: 602 | E37: =E321 -> 615.52057 | F37: =F321 -> 702.94696 | G37: =G321 -> 730.73205 | H37: =H321 -> 890.05525 | I37: =I321 -> 819.39378 | J37: =J321 -> 780.81969 | K37: =K321 -> 740.19228 | L37: =L321 -> 1193.3348 | ... Y37: =Y321 -> 2924.395 | Z37: 4000 | AA37: 4000 | AB37: 4000 | AC37: 4000 | AD37: 4001 | AE37: 4002 | AF37: 4003 | AG37: 4004 | AH37: 4005 | AI37: 4006
A38: Total Use | B38: =SUM(B36:B37) -> 528 | C38: =SUM(C36:C37) -> 549 | D38: =SUM(D36:D37) -> 712 | E38: =SUM(E36:E37) -> 828 | F38: =SUM(F36:F37) -> 819 | G38: =SUM(G36:G37) -> 884 | H38: =SUM(H36:H37) -> 1075 | I38: =SUM(I36:I37) -> 1295 | ... Y38: =SUM(Y36:Y37) -> 4918.072 | Z38: =Z35-Z39 -> 5300 | AA38: =AA35-AA39 -> #REF! | AB38: =AB35-AB39 -> #REF! | AC38: =AC35-AC39 -> #REF! | AD38: =AD35-AD39 -> #REF! | AE38: =AE35-AE39 -> #REF! | AF38: =AF35-AF39 -> #REF! | AG38: =AG35-AG39 -> #REF! | ... AI38: =AI35-AI39 -> #REF!
A39: Ending Stocks (September 30) | B39: 39 | C39: 65 | D39: 68 | E39: 78 | F39: 54 | G39: 45 | H39: 50 | I39: 5 | J39: 6 | K39: 6 | L39: 20 | M39: 39 | N39: 29 | O39: 228 | P39: 0 | Q39: 19 | R39: 172 | S39: 84 | T39: 51 | U39: 90 | V39: 202 | W39: 261 | X39: 288 | Y39: 270 | Z39: 270 | AA39: 270 | AB39: 270 | AC39: 270 | AD39: 270 | AE39: 270 | AF39: 270 | AG39: 271 | AH39: 272 | AI39: 273
A40: Stocks/Use | B40: =B39/B38 -> 0.073863636 | C40: =C39/C38 -> 0.11839709 | D40: =D39/D38 -> 0.095505618 | E40: =E39/E38 -> 0.094202899 | F40: =F39/F38 -> 0.065934066 | G40: =G39/G38 -> 0.050904977 | H40: =H39/H38 -> 0.046511628 | I40: =I39/I38 -> 0.0038610039 | ... AI40: =AI39/AI38 -> #REF!
A41: INDONESIA PALM KERNEL OIL SUPPLY AND DEMAND (1,000 Tonnes)
A42: Beginning Stocks (October 1) | B42: 17 | C42: =B49 -> 12 | D42: =C49 -> 46 | E42: =D49 -> 67 | F42: =E49 -> 65 | G42: =F49 -> 45 | H42: =G49 -> 66 | I42: =H49 -> 73 | J42: =I49 -> 75 | ... AI42: =AH49 -> 255
A43: Production | B43: 450 | C43: 490 | D43: 600 | E43: 700 | F43: 662 | G43: 737 | H43: 910 | I43: 1050 | J43: 1120 | K43: 1254 | L43: 1411 | M43: 1630 | N43: 1797 | O43: 1875 | P43: 2110 | Q43: 2290 | R43: 2605 | S43: 2680 | T43: 2996 | U43: 3231 | V43: 3530 | W43: 3780 | X43: 3670 | Y43: 4100 | Z43: 4400 | AA43: =MROUND(AA242*AA384,100) -> #REF! | AB43: =MROUND(AB242*AB384,100) -> #REF! | AC43: =MROUND(AC242*AC384,100) -> #REF! | AD43: =MROUND(AD242*AD384,100) -> #REF! | AE43: =MROUND(AE242*AE384,100) -> #REF! | AF43: =MROUND(AF242*AF384,100) -> #REF! | AG43: =MROUND(AG242*AG384,100) -> #REF! | AH43: =MROUND(AH242*AH384,100) -> #REF! | AI43: =MROUND(AI242*AI384,100) -> #REF!
A44: Imports | B44: 0 | C44: 0 | D44: 3 | E44: =E400 -> 3.224 | F44: =F400 -> 1.028 | G44: =G400 -> 1.144 | H44: =H400 -> 1.884 | I44: =I400 -> 6.4 | J44: =J400 -> 2.504 | K44: =K400 -> 1.676 | L44: =L400 -> 3.1 | ... Y44: =Y400 -> 0 | Z44: 0 | AA44: 0 | AB44: 0 | AC44: 0 | AD44: 1 | AE44: 2 | AF44: 3 | AG44: 4 | AH44: 5 | AI44: 6
A45: Total Supply | B45: =SUM(B42:B44) -> 467 | C45: =SUM(C42:C44) -> 502 | D45: =SUM(D42:D44) -> 649 | E45: =SUM(E42:E44) -> 770.224 | F45: =SUM(F42:F44) -> 728.028 | G45: =SUM(G42:G44) -> 783.144 | H45: =SUM(H42:H44) -> 977.884 | I45: =SUM(I42:I44) -> 1129.4 | ... AI45: =SUM(AI42:AI44) -> #REF!
A46: Domestic Usage | B46: =B432 -> 101.336 | C46: =C432 -> 186.191 | D46: =D432 -> 212.563 | E46: =E432 -> 242.945 | F46: =F432 -> 215.244 | G46: =G432 -> 270.282 | H46: =H432 -> 301.961 | I46: =I432 -> 338.089 | ... Y46: =Y432 -> 3324.1545 | Z46: =Z48-Z47 -> 2760 | AA46: =AA48-AA47 -> #REF! | AB46: =AB48-AB47 -> #REF! | AC46: =AC48-AC47 -> #REF! | AD46: =AD48-AD47 -> #REF! | AE46: =AE48-AE47 -> #REF! | AF46: =AF48-AF47 -> #REF! | AG46: =AG48-AG47 -> #REF! | ... AI46: =AI48-AI47 -> #REF!
A47: Exports | B47: 295 | C47: 294 | D47: 352 | E47: =E416 -> 435.407 | F47: =F416 -> 442.09 | G47: =G416 -> 513.74 | H47: =H416 -> 538.307 | I47: =I416 -> 578.257 | J47: =J416 -> 729.184 | K47: =K416 -> 656.55 | L47: =L416 -> 812.12 | ... Y47: =Y416 -> 780.67949 | Z47: 1500 | AA47: 1500 | AB47: 1500 | AC47: 1500 | AD47: 1501 | AE47: 1502 | AF47: 1503 | AG47: 1504 | AH47: 1505 | AI47: 1506
A48: Total Use | B48: =SUM(B46:B47) -> 396.336 | C48: =SUM(C46:C47) -> 480.191 | D48: =SUM(D46:D47) -> 564.563 | E48: =SUM(E46:E47) -> 678.352 | F48: =SUM(F46:F47) -> 657.334 | G48: =SUM(G46:G47) -> 784.022 | H48: =SUM(H46:H47) -> 840.268 | I48: =SUM(I46:I47) -> 916.346 | ... Y48: =SUM(Y46:Y47) -> 4104.834 | Z48: =Z45-Z49 -> 4260 | AA48: =AA45-AA49 -> #REF! | AB48: =AB45-AB49 -> #REF! | AC48: =AC45-AC49 -> #REF! | AD48: =AD45-AD49 -> #REF! | AE48: =AE45-AE49 -> #REF! | AF48: =AF45-AF49 -> #REF! | AG48: =AG45-AG49 -> #REF! | ... AI48: =AI45-AI49 -> #REF!
A49: Ending Stocks (September 30) | B49: 12 | C49: 46 | D49: 67 | E49: 65 | F49: 45 | G49: 66 | H49: 73 | I49: 75 | J49: 45 | K49: 74 | L49: 77 | M49: 52 | N49: 14 | O49: 0 | P49: 39 | Q49: 41 | R49: 200 | S49: 295 | T49: 366 | U49: 293 | V49: 349 | W49: 248 | X49: 155 | Y49: 243 | Z49: 383 | AA49: 300 | AB49: 275 | AC49: 250 | AD49: 251 | AE49: 252 | AF49: 253 | AG49: 254 | AH49: 255 | AI49: 256
A50: Stocks/Use | B50: =B49/B48 -> 0.03027734 | C50: =C49/C48 -> 0.095795215 | D50: =D49/D48 -> 0.11867586 | E50: =E49/E48 -> 0.095820459 | F50: =F49/F48 -> 0.068458348 | G50: =G49/G48 -> 0.084181311 | H50: =H49/H48 -> 0.086877044 | I50: =I49/I48 -> 0.081846813 | ... AI50: =AI49/AI48 -> #REF!
A51: Futures Price (Ringgit/Tonne) | M51: =M463 -> 2217.5833 | N51: =N463 -> 1953.75 | O51: =O463 -> 2455.8333 | P51: =P463 -> 3785.3333 | Q51: =Q463 -> 2210.3333 | R51: =R463 -> 3101.8333 | S51: =S463 -> 5179.8333 | T51: =T463 -> 3617.4167 | ... Y51: =Y463 -> 5619.5833
A52: Bold numbers are The Jacobsen forecasts and estimates
B53: 1993 | C53: 1994 | D53: 1995 | E53: 1996 | F53: 1997 | G53: 1998 | H53: 1999 | I53: 2000 | J53: 2001 | K53: 2002 | L53: 2003 | M53: 2004 | N53: 2005 | O53: 2006 | P53: 2007 | Q53: 2008 | R53: 2009 | S53: 2010 | T53: 2011 | U53: 2012 | V53: 2013 | W53: 2014 | X53: 2015 | Y53: 2016 | Z53: 2017 | AA53: 2018 | AB53: 2019 | AC53: 2020 | AD53: 2021 | AE53: 2022 | AF53: 2023 | AG53: 2024 | AH53: 2025 | AI53: 2026
A54: PALM OIL PRODUCTION (1,000 Tonnes) | AE54: =SUM(AE59:AE67,AF56:AF57) -> 50553 | AF54: =SUM(AF59:AF67,AG56:AG57) -> 48525 | AG54: =AF54/AE54-1 -> -0.040116314
B55: 93/94 | C55: 94/95 | D55: 95/96 | E55: 96/97 | F55: 97/98 | G55: 98/99 | H55: 99/00 | I55: 00/01 | J55: 01/02 | K55: 02/03 | L55: 03/04 | M55: 04/05 | N55: 05/06 | O55: 06/07 | P55: 07/08 | Q55: 08/09 | R55: 09/10 | S55: 10/11 | T55: 11/12 | U55: 12/13 | V55: 13/14 | W55: 14/15 | X55: 15/16 | Y55: 16/17 | Z55: 17/18 | AA55: 18/19 | AB55: 19/20 | AC55: 20/21 | AD55: =AD2 -> 21/22 | AE55: =AE2 -> 22/23 | AF55: =AF2 -> 23/24 | AG55: =AG2 -> 24/25 | AH55: =AH2 -> 25/26 | AI55: =AI2 -> 26/27 | AO55: =Y55 -> 16/17 | AP55: =Z55 -> 17/18 | AQ55: =AA55 -> 18/19 | AR55: =AB55 -> 19/20 | AS55: =AC55 -> 20/21 | AT55: =AD55 -> 21/22 | AU55: =AE55 -> 22/23 | AV55: =AF55 -> 23/24 | AW55: 5-Yr. Avg
A56: October | B56: =AO56/AO$68*(B$10/12) -> #REF! | C56: =AP56/AP$68*(C$10/12) -> #REF! | D56: =AQ56/AQ$68*(D$10/12) -> #REF! | E56: =AR56/AR$68*(E$10/12) -> #REF! | F56: =AS56/AS$68*(F$10/12) -> #REF! | G56: =AT56/AT$68*(G$10/12) -> #REF! | H56: =AU56/AU$68*(H$10/12) -> #REF! | I56: =AV56/AV$68*(I$10/12) -> #REF! | J56: =AW56/AW$68*(J$10/12) -> #REF! | K56: =K$68*(SUM(L56:P56)/SUM(L$68:P$68)) -> #REF! | L56: =L$68*(SUM(M56:Q56)/SUM(M$68:Q$68)) -> #REF! | M56: =M$68*(SUM(N56:R56)/SUM(N$68:R$68)) -> #REF! | N56: =N$68*(SUM(O56:S56)/SUM(O$68:S$68)) -> #REF! | O56: =O$68*(SUM(P56:T56)/SUM(P$68:T$68)) -> #REF! | P56: =P$68*(SUM(Q56:U56)/SUM(Q$68:U$68)) -> #REF! | Q56: =Q$68*(SUM(R56:V56)/SUM(R$68:V$68)) -> #REF! | R56: =R$68*(SUM(S56:W56)/SUM(S$68:W$68)) -> #REF! | ... W56: =W$68*(SUM(X56:AB56)/SUM(X$68:AB$68)) -> #REF! | X56: 3629.7528 | Y56: 3550 | Z56: 4156 | AA56: 4511 | AB56: 4519 | AC56: 5242 | AD56: 4412 | AE56: 5000 | AF56: 4953 | AG56: 4843 | AH56: =AH$68*(SUM(AB56:AF56)/SUM(AB$68:AF$68)) -> #REF! | AI56: =AI$68*(SUM(AC56:AG56)/SUM(AC$68:AG$68)) -> #REF! | AK56: =AF56 -> 4953 | AN56: Oct | AO56: =Y56/31 -> 114.51613 | AP56: =Z56/31 -> 134.06452 | AQ56: =AA56/31 -> 145.51613 | AR56: =AB56/31 -> 145.77419 | AS56: =AC56/31 -> 169.09677 | AT56: =AD56/31 -> 142.32258 | AU56: =AE56/31 -> 161.29032 | AV56: =AF56/31 -> 159.77419 | AW56: =AVERAGE(AP56:AT56) -> 147.35484
A57: November | B57: =AO57/AO$68*(B$10/12) -> #REF! | C57: =AP57/AP$68*(C$10/12) -> #REF! | D57: =AQ57/AQ$68*(D$10/12) -> #REF! | E57: =AR57/AR$68*(E$10/12) -> #REF! | F57: =AS57/AS$68*(F$10/12) -> #REF! | G57: =AT57/AT$68*(G$10/12) -> #REF! | H57: =AU57/AU$68*(H$10/12) -> #REF! | I57: =AV57/AV$68*(I$10/12) -> #REF! | J57: =AW57/AW$68*(J$10/12) -> #REF! | K57: =K$68*(SUM(L57:P57)/SUM(L$68:P$68)) -> #REF! | L57: =L$68*(SUM(M57:Q57)/SUM(M$68:Q$68)) -> #REF! | M57: =M$68*(SUM(N57:R57)/SUM(N$68:R$68)) -> #REF! | N57: =N$68*(SUM(O57:S57)/SUM(O$68:S$68)) -> #REF! | O57: =O$68*(SUM(P57:T57)/SUM(P$68:T$68)) -> #REF! | P57: =P$68*(SUM(Q57:U57)/SUM(Q$68:U$68)) -> #REF! | Q57: =Q$68*(SUM(R57:V57)/SUM(R$68:V$68)) -> #REF! | R57: =R$68*(SUM(S57:W57)/SUM(S$68:W$68)) -> #REF! | ... W57: =W$68*(SUM(X57:AB57)/SUM(X$68:AB$68)) -> #REF! | X57: 3044.7276 | Y57: 3438 | Z57: 4168 | AA57: 4163 | AB57: 4017 | AC57: 4588 | AD57: 4378 | AE57: 4935 | AF57: 4693 | AG57: 4745 | AH57: =AH$68*(SUM(AB57:AF57)/SUM(AB$68:AF$68)) -> #REF! | AI57: =AI$68*(SUM(AC57:AG57)/SUM(AC$68:AG$68)) -> #REF! | AK57: =AF57 -> 4693 | AN57: Nov | AO57: =Y57/30 -> 114.6 | AP57: =Z57/30 -> 138.93333 | AQ57: =AA57/30 -> 138.76667 | AR57: =AB57/30 -> 133.9 | AS57: =AC57/30 -> 152.93333 | AT57: =AD57/30 -> 145.93333 | AU57: =AE57/30 -> 164.5 | AV57: =AF57/30 -> 156.43333 | AW57: =AVERAGE(AP57:AT57) -> 142.09333
A58: December | B58: =AO58/AO$68*(B$10/12) -> #REF! | C58: =AP58/AP$68*(C$10/12) -> #REF! | D58: =AQ58/AQ$68*(D$10/12) -> #REF! | E58: =AR58/AR$68*(E$10/12) -> #REF! | F58: =AS58/AS$68*(F$10/12) -> #REF! | G58: =AT58/AT$68*(G$10/12) -> #REF! | H58: =AU58/AU$68*(H$10/12) -> #REF! | I58: =AV58/AV$68*(I$10/12) -> #REF! | J58: =AW58/AW$68*(J$10/12) -> #REF! | K58: =K$68*(SUM(L58:P58)/SUM(L$68:P$68)) -> #REF! | L58: =L$68*(SUM(M58:Q58)/SUM(M$68:Q$68)) -> #REF! | M58: =M$68*(SUM(N58:R58)/SUM(N$68:R$68)) -> #REF! | N58: =N$68*(SUM(O58:S58)/SUM(O$68:S$68)) -> #REF! | O58: =O$68*(SUM(P58:T58)/SUM(P$68:T$68)) -> #REF! | P58: =P$68*(SUM(Q58:U58)/SUM(Q$68:U$68)) -> #REF! | Q58: =Q$68*(SUM(R58:V58)/SUM(R$68:V$68)) -> #REF! | R58: =R$68*(SUM(S58:W58)/SUM(S$68:W$68)) -> #REF! | ... W58: =W$68*(SUM(X58:AB58)/SUM(X$68:AB$68)) -> #REF! | X58: 2493.0057 | Y58: 3152 | Z58: 3803 | AA58: 3679 | AB58: 3797 | AC58: 4048 | AD58: 4363 | AE58: 4717 | AF58: 4376 | AG58: =AG$68*(SUM(AA58:AE58)/SUM(AA$68:AE$68)) -> #REF! | AH58: =AH$68*(SUM(AB58:AF58)/SUM(AB$68:AF$68)) -> #REF! | AI58: =AI$68*(SUM(AC58:AG58)/SUM(AC$68:AG$68)) -> #REF! | AJ58: =AG57/AG56-1 -> -0.020235391 | AK58: =AF58 -> 4376 | AN58: Dec | AO58: =Y58/31 -> 101.67742 | AP58: =Z58/31 -> 122.67742 | AQ58: =AA58/31 -> 118.67742 | AR58: =AB58/31 -> 122.48387 | AS58: =AC58/31 -> 130.58065 | AT58: =AD58/31 -> 140.74194 | AU58: =AE58/31 -> 152.16129 | AV58: =AF58/31 -> 141.16129 | AW58: =AVERAGE(AP58:AT58) -> 127.03226
A59: January | B59: =AO59/AO$68*(B$10/12) -> #REF! | C59: =AP59/AP$68*(C$10/12) -> #REF! | D59: =AQ59/AQ$68*(D$10/12) -> #REF! | E59: =AR59/AR$68*(E$10/12) -> #REF! | F59: =AS59/AS$68*(F$10/12) -> #REF! | G59: =AT59/AT$68*(G$10/12) -> #REF! | H59: =AU59/AU$68*(H$10/12) -> #REF! | I59: =AV59/AV$68*(I$10/12) -> #REF! | J59: =AW59/AW$68*(J$10/12) -> #REF! | K59: =K$68*(SUM(L59:P59)/SUM(L$68:P$68)) -> #REF! | L59: =L$68*(SUM(M59:Q59)/SUM(M$68:Q$68)) -> #REF! | M59: =M$68*(SUM(N59:R59)/SUM(N$68:R$68)) -> #REF! | N59: =N$68*(SUM(O59:S59)/SUM(O$68:S$68)) -> #REF! | O59: =O$68*(SUM(P59:T59)/SUM(P$68:T$68)) -> #REF! | P59: =P$68*(SUM(Q59:U59)/SUM(Q$68:U$68)) -> #REF! | Q59: =Q$68*(SUM(R59:V59)/SUM(R$68:V$68)) -> #REF! | R59: =R$68*(SUM(S59:W59)/SUM(S$68:W$68)) -> #REF! | ... W59: =W$68*(SUM(X59:AB59)/SUM(X$68:AB$68)) -> #REF! | X59: 2991 | Y59: 2859 | Z59: 3411 | AA59: 4379 | AB59: 3810 | AC59: 3755 | AD59: 4228 | AE59: 4261 | AF59: 4634 | AG59: =AG$68*(SUM(AA59:AE59)/SUM(AA$68:AE$68)) -> #REF! | AH59: =AH$68*(SUM(AB59:AF59)/SUM(AB$68:AF$68)) -> #REF! | AI59: =AI$68*(SUM(AC59:AG59)/SUM(AC$68:AG$68)) -> #REF! | AN59: Jan | AO59: =Y59/31 -> 92.225806 | AP59: =Z59/31 -> 110.03226 | AQ59: =AA59/31 -> 141.25806 | AR59: =AB59/31 -> 122.90323 | AS59: =AC59/31 -> 121.12903 | AT59: =AD59/31 -> 136.3871 | AU59: =AE59/31 -> 137.45161 | AV59: =AF59/31 -> 149.48387 | AW59: =AVERAGE(AP59:AT59) -> 126.34194
A60: February | B60: =AO60/AO$68*(B$10/12) -> #REF! | C60: =AP60/AP$68*(C$10/12) -> #REF! | D60: =AQ60/AQ$68*(D$10/12) -> #REF! | E60: =AR60/AR$68*(E$10/12) -> #REF! | F60: =AS60/AS$68*(F$10/12) -> #REF! | G60: =AT60/AT$68*(G$10/12) -> #REF! | H60: =AU60/AU$68*(H$10/12) -> #REF! | I60: =AV60/AV$68*(I$10/12) -> #REF! | J60: =AW60/AW$68*(J$10/12) -> #REF! | K60: =K$68*(SUM(L60:P60)/SUM(L$68:P$68)) -> #REF! | L60: =L$68*(SUM(M60:Q60)/SUM(M$68:Q$68)) -> #REF! | M60: =M$68*(SUM(N60:R60)/SUM(N$68:R$68)) -> #REF! | N60: =N$68*(SUM(O60:S60)/SUM(O$68:S$68)) -> #REF! | O60: =O$68*(SUM(P60:T60)/SUM(P$68:T$68)) -> #REF! | P60: =P$68*(SUM(Q60:U60)/SUM(Q$68:U$68)) -> #REF! | Q60: =Q$68*(SUM(R60:V60)/SUM(R$68:V$68)) -> #REF! | R60: =R$68*(SUM(S60:W60)/SUM(S$68:W$68)) -> #REF! | ... W60: =W$68*(SUM(X60:AB60)/SUM(X$68:AB$68)) -> #REF! | X60: 2473 | Y60: 2631 | Z60: 3352 | AA60: 3880 | AB60: 3608 | AC60: 3380 | AD60: 3834 | AE60: 4252 | AF60: 4252 | AG60: =AG$68*(SUM(AA60:AE60)/SUM(AA$68:AE$68)) -> #REF! | AH60: =AH$68*(SUM(AB60:AF60)/SUM(AB$68:AF$68)) -> #REF! | AI60: =AI$68*(SUM(AC60:AG60)/SUM(AC$68:AG$68)) -> #REF! | AN60: Feb | AO60: =Y60/28 -> 93.964286 | AP60: =Z60/28 -> 119.71429 | AQ60: =AA60/28 -> 138.57143 | AR60: =AB60/29 -> 124.41379 | AS60: =AC60/28 -> 120.71429 | AT60: =AD60/28 -> 136.92857 | AU60: =AE60/28 -> 151.85714 | AV60: =AF60/28 -> 151.85714 | AW60: =AVERAGE(AP60:AT60) -> 128.06847
A61: March | B61: =AO61/AO$68*(B$10/12) -> #REF! | C61: =AP61/AP$68*(C$10/12) -> #REF! | D61: =AQ61/AQ$68*(D$10/12) -> #REF! | E61: =AR61/AR$68*(E$10/12) -> #REF! | F61: =AS61/AS$68*(F$10/12) -> #REF! | G61: =AT61/AT$68*(G$10/12) -> #REF! | H61: =AU61/AU$68*(H$10/12) -> #REF! | I61: =AV61/AV$68*(I$10/12) -> #REF! | J61: =AW61/AW$68*(J$10/12) -> #REF! | K61: =K$68*(SUM(L61:P61)/SUM(L$68:P$68)) -> #REF! | L61: =L$68*(SUM(M61:Q61)/SUM(M$68:Q$68)) -> #REF! | M61: =M$68*(SUM(N61:R61)/SUM(N$68:R$68)) -> #REF! | N61: =N$68*(SUM(O61:S61)/SUM(O$68:S$68)) -> #REF! | O61: =O$68*(SUM(P61:T61)/SUM(P$68:T$68)) -> #REF! | P61: =P$68*(SUM(Q61:U61)/SUM(Q$68:U$68)) -> #REF! | Q61: =Q$68*(SUM(R61:V61)/SUM(R$68:V$68)) -> #REF! | R61: =R$68*(SUM(S61:W61)/SUM(S$68:W$68)) -> #REF! | ... W61: =W$68*(SUM(X61:AB61)/SUM(X$68:AB$68)) -> #REF! | X61: 2317 | Y61: 2918 | Z61: 3650 | AA61: 4313 | AB61: 3577 | AC61: 4020 | AD61: 4150 | AE61: 4826 | AF61: 4493 | AG61: =AG$68*(SUM(AA61:AE61)/SUM(AA$68:AE$68)) -> #REF! | AH61: =AH$68*(SUM(AB61:AF61)/SUM(AB$68:AF$68)) -> #REF! | AI61: =AI$68*(SUM(AC61:AG61)/SUM(AC$68:AG$68)) -> #REF! | AN61: Mar | AO61: =Y61/31 -> 94.129032 | AP61: =Z61/31 -> 117.74194 | AQ61: =AA61/31 -> 139.12903 | AR61: =AB61/31 -> 115.3871 | AS61: =AC61/31 -> 129.67742 | AT61: =AD61/31 -> 133.87097 | AU61: =AE61/31 -> 155.67742 | AV61: =AF61/31 -> 144.93548 | AW61: =AVERAGE(AP61:AT61) -> 127.16129
A62: April | B62: =AO62/AO$68*(B$10/12) -> #REF! | C62: =AP62/AP$68*(C$10/12) -> #REF! | D62: =AQ62/AQ$68*(D$10/12) -> #REF! | E62: =AR62/AR$68*(E$10/12) -> #REF! | F62: =AS62/AS$68*(F$10/12) -> #REF! | G62: =AT62/AT$68*(G$10/12) -> #REF! | H62: =AU62/AU$68*(H$10/12) -> #REF! | I62: =AV62/AV$68*(I$10/12) -> #REF! | J62: =AW62/AW$68*(J$10/12) -> #REF! | K62: =K$68*(SUM(L62:P62)/SUM(L$68:P$68)) -> #REF! | L62: =L$68*(SUM(M62:Q62)/SUM(M$68:Q$68)) -> #REF! | M62: =M$68*(SUM(N62:R62)/SUM(N$68:R$68)) -> #REF! | N62: =N$68*(SUM(O62:S62)/SUM(O$68:S$68)) -> #REF! | O62: =O$68*(SUM(P62:T62)/SUM(P$68:T$68)) -> #REF! | P62: =P$68*(SUM(Q62:U62)/SUM(Q$68:U$68)) -> #REF! | Q62: =Q$68*(SUM(R62:V62)/SUM(R$68:V$68)) -> #REF! | R62: =R$68*(SUM(S62:W62)/SUM(S$68:W$68)) -> #REF! | ... W62: =W$68*(SUM(X62:AB62)/SUM(X$68:AB$68)) -> #REF! | X62: 2335 | Y62: 3084 | Z62: 3718 | AA62: 4644 | AB62: 4044 | AC62: 4097 | AD62: 4255 | AE62: 4526 | AF62: 4508 | AG62: =AG$68*(SUM(AA62:AE62)/SUM(AA$68:AE$68)) -> #REF! | AH62: =AH$68*(SUM(AB62:AF62)/SUM(AB$68:AF$68)) -> #REF! | AI62: =AI$68*(SUM(AC62:AG62)/SUM(AC$68:AG$68)) -> #REF! | AN62: Apr | AO62: =Y62/30 -> 102.8 | AP62: =Z62/30 -> 123.93333 | AQ62: =AA62/30 -> 154.8 | AR62: =AB62/30 -> 134.8 | AS62: =AC62/30 -> 136.56667 | AT62: =AD62/30 -> 141.83333 | AU62: =AE62/30 -> 150.86667 | AV62: =AF62/30 -> 150.26667 | AW62: =AVERAGE(AP62:AT62) -> 138.38667
A63: May | B63: =AO63/AO$68*(B$10/12) -> #REF! | C63: =AP63/AP$68*(C$10/12) -> #REF! | D63: =AQ63/AQ$68*(D$10/12) -> #REF! | E63: =AR63/AR$68*(E$10/12) -> #REF! | F63: =AS63/AS$68*(F$10/12) -> #REF! | G63: =AT63/AT$68*(G$10/12) -> #REF! | H63: =AU63/AU$68*(H$10/12) -> #REF! | I63: =AV63/AV$68*(I$10/12) -> #REF! | J63: =AW63/AW$68*(J$10/12) -> #REF! | K63: =K$68*(SUM(L63:P63)/SUM(L$68:P$68)) -> #REF! | L63: =L$68*(SUM(M63:Q63)/SUM(M$68:Q$68)) -> #REF! | M63: =M$68*(SUM(N63:R63)/SUM(N$68:R$68)) -> #REF! | N63: =N$68*(SUM(O63:S63)/SUM(O$68:S$68)) -> #REF! | O63: =O$68*(SUM(P63:T63)/SUM(P$68:T$68)) -> #REF! | P63: =P$68*(SUM(Q63:U63)/SUM(Q$68:U$68)) -> #REF! | Q63: =Q$68*(SUM(R63:V63)/SUM(R$68:V$68)) -> #REF! | R63: =R$68*(SUM(S63:W63)/SUM(S$68:W$68)) -> #REF! | ... W63: =W$68*(SUM(X63:AB63)/SUM(X$68:AB$68)) -> #REF! | X63: 2495 | Y63: 3330 | Z63: 4243 | AA63: 4728 | AB63: 3969 | AC63: 4354 | AD63: 3414 | AE63: 5087 | AF63: 4253 | AG63: =AG$68*(SUM(AA63:AE63)/SUM(AA$68:AE$68)) -> #REF! | AH63: =AH$68*(SUM(AB63:AF63)/SUM(AB$68:AF$68)) -> #REF! | AI63: =AI$68*(SUM(AC63:AG63)/SUM(AC$68:AG$68)) -> #REF! | AL63: 4587.7494 | AM63: =AE63-AL63 -> 499.2506 | AN63: May | AO63: =Y63/31 -> 107.41935 | AP63: =Z63/31 -> 136.87097 | AQ63: =AA63/31 -> 152.51613 | AR63: =AB63/31 -> 128.03226 | AS63: =AC63/31 -> 140.45161 | AT63: =AD63/31 -> 110.12903 | AU63: =AE63/31 -> 164.09677 | AV63: =AF63/31 -> 137.19355 | AW63: =AVERAGE(AP63:AT63) -> 133.6
A64: June | B64: =AO64/AO$68*(B$10/12) -> #REF! | C64: =AP64/AP$68*(C$10/12) -> #REF! | D64: =AQ64/AQ$68*(D$10/12) -> #REF! | E64: =AR64/AR$68*(E$10/12) -> #REF! | F64: =AS64/AS$68*(F$10/12) -> #REF! | G64: =AT64/AT$68*(G$10/12) -> #REF! | H64: =AU64/AU$68*(H$10/12) -> #REF! | I64: =AV64/AV$68*(I$10/12) -> #REF! | J64: =AW64/AW$68*(J$10/12) -> #REF! | K64: =K$68*(SUM(L64:P64)/SUM(L$68:P$68)) -> #REF! | L64: =L$68*(SUM(M64:Q64)/SUM(M$68:Q$68)) -> #REF! | M64: =M$68*(SUM(N64:R64)/SUM(N$68:R$68)) -> #REF! | N64: =N$68*(SUM(O64:S64)/SUM(O$68:S$68)) -> #REF! | O64: =O$68*(SUM(P64:T64)/SUM(P$68:T$68)) -> #REF! | P64: =P$68*(SUM(Q64:U64)/SUM(Q$68:U$68)) -> #REF! | Q64: =Q$68*(SUM(R64:V64)/SUM(R$68:V$68)) -> #REF! | R64: =R$68*(SUM(S64:W64)/SUM(S$68:W$68)) -> #REF! | ... W64: =W$68*(SUM(X64:AB64)/SUM(X$68:AB$68)) -> #REF! | X64: 2687 | Y64: 3327 | Z64: 3949 | AA64: 3980 | AB64: 4509 | AC64: 4908 | AD64: 3619 | AE64: 4426 | AF64: 4045 | AG64: =AG$68*(SUM(AA64:AE64)/SUM(AA$68:AE$68)) -> #REF! | AH64: =AH$68*(SUM(AB64:AF64)/SUM(AB$68:AF$68)) -> #REF! | AI64: =AI$68*(SUM(AC64:AG64)/SUM(AC$68:AG$68)) -> #REF! | AL64: 4624.1245 | AM64: =AE64-AL64 -> -198.12448 | AN64: Jun | AO64: =Y64/30 -> 110.9 | AP64: =Z64/30 -> 131.63333 | AQ64: =AA64/30 -> 132.66667 | AR64: =AB64/30 -> 150.3 | AS64: =AC64/30 -> 163.6 | AT64: =AD64/30 -> 120.63333 | AU64: =AE64/30 -> 147.53333 | AV64: =AF64/30 -> 134.83333 | AW64: =AVERAGE(AP64:AT64) -> 139.76667
A65: July | B65: =AO65/AO$68*(B$10/12) -> #REF! | C65: =AP65/AP$68*(C$10/12) -> #REF! | D65: =AQ65/AQ$68*(D$10/12) -> #REF! | E65: =AR65/AR$68*(E$10/12) -> #REF! | F65: =AS65/AS$68*(F$10/12) -> #REF! | G65: =AT65/AT$68*(G$10/12) -> #REF! | H65: =AU65/AU$68*(H$10/12) -> #REF! | I65: =AV65/AV$68*(I$10/12) -> #REF! | J65: =AW65/AW$68*(J$10/12) -> #REF! | K65: =K$68*(SUM(L65:P65)/SUM(L$68:P$68)) -> #REF! | L65: =L$68*(SUM(M65:Q65)/SUM(M$68:Q$68)) -> #REF! | M65: =M$68*(SUM(N65:R65)/SUM(N$68:R$68)) -> #REF! | N65: =N$68*(SUM(O65:S65)/SUM(O$68:S$68)) -> #REF! | O65: =O$68*(SUM(P65:T65)/SUM(P$68:T$68)) -> #REF! | P65: =P$68*(SUM(Q65:U65)/SUM(Q$68:U$68)) -> #REF! | Q65: =Q$68*(SUM(R65:V65)/SUM(R$68:V$68)) -> #REF! | R65: =R$68*(SUM(S65:W65)/SUM(S$68:W$68)) -> #REF! | ... W65: =W$68*(SUM(X65:AB65)/SUM(X$68:AB$68)) -> #REF! | X65: 2779 | Y65: 3752 | Z65: 4284 | AA65: 4317 | AB65: 4228 | AC65: 4441 | AD65: 3803 | AE65: 4771 | AF65: 3961 | AG65: =AG$68*(SUM(AA65:AE65)/SUM(AA$68:AE$68)) -> #REF! | AH65: =AH$68*(SUM(AB65:AF65)/SUM(AB$68:AF$68)) -> #REF! | AI65: =AI$68*(SUM(AC65:AG65)/SUM(AC$68:AG$68)) -> #REF! | AL65: 4730.1429 | AM65: =AE65-AL65 -> 40.857065 | AN65: Jul | AO65: =Y65/31 -> 121.03226 | AP65: =Z65/31 -> 138.19355 | AQ65: =AA65/31 -> 139.25806 | AR65: =AB65/31 -> 136.3871 | AS65: =AC65/31 -> 143.25806 | AT65: =AD65/31 -> 122.67742 | AU65: =AE65/31 -> 153.90323 | AV65: =AF65/31 -> 127.77419 | AW65: =AVERAGE(AP65:AT65) -> 135.95484
A66: August | B66: =AO66/AO$68*(B$10/12) -> #REF! | C66: =AP66/AP$68*(C$10/12) -> #REF! | D66: =AQ66/AQ$68*(D$10/12) -> #REF! | E66: =AR66/AR$68*(E$10/12) -> #REF! | F66: =AS66/AS$68*(F$10/12) -> #REF! | G66: =AT66/AT$68*(G$10/12) -> #REF! | H66: =AU66/AU$68*(H$10/12) -> #REF! | I66: =AV66/AV$68*(I$10/12) -> #REF! | J66: =AW66/AW$68*(J$10/12) -> #REF! | K66: =K$68*(SUM(L66:P66)/SUM(L$68:P$68)) -> #REF! | L66: =L$68*(SUM(M66:Q66)/SUM(M$68:Q$68)) -> #REF! | M66: =M$68*(SUM(N66:R66)/SUM(N$68:R$68)) -> #REF! | N66: =N$68*(SUM(O66:S66)/SUM(O$68:S$68)) -> #REF! | O66: =O$68*(SUM(P66:T66)/SUM(P$68:T$68)) -> #REF! | P66: =P$68*(SUM(Q66:U66)/SUM(Q$68:U$68)) -> #REF! | Q66: =Q$68*(SUM(R66:V66)/SUM(R$68:V$68)) -> #REF! | R66: =R$68*(SUM(S66:W66)/SUM(S$68:W$68)) -> #REF! | ... W66: =W$68*(SUM(X66:AB66)/SUM(X$68:AB$68)) -> #REF! | X66: 2976 | Y66: 3950 | Z66: 4061 | AA66: 4702 | AB66: 4809 | AC66: 4619 | AD66: 4306 | AE66: 4221 | AF66: 4376 | AG66: =AG$68*(SUM(AA66:AE66)/SUM(AA$68:AE$68)) -> #REF! | AH66: =AH$68*(SUM(AB66:AF66)/SUM(AB$68:AF$68)) -> #REF! | AI66: =AI$68*(SUM(AC66:AG66)/SUM(AC$68:AG$68)) -> #REF! | AL66: 4939.9127 | AM66: =AE66-AL66 -> -718.9127 | AN66: Aug | AO66: =Y66/31 -> 127.41935 | AP66: =Z66/31 -> 131 | AQ66: =AA66/31 -> 151.67742 | AR66: =AB66/31 -> 155.12903 | AS66: =AC66/31 -> 149 | AT66: =AD66/31 -> 138.90323 | AU66: =AE66/31 -> 136.16129 | AV66: =AF66/31 -> 141.16129 | AW66: =AVERAGE(AP66:AT66) -> 145.14194
A67: September | B67: =AO67/AO$68*(B$10/12) -> #REF! | C67: =AP67/AP$68*(C$10/12) -> #REF! | D67: =AQ67/AQ$68*(D$10/12) -> #REF! | E67: =AR67/AR$68*(E$10/12) -> #REF! | F67: =AS67/AS$68*(F$10/12) -> #REF! | G67: =AT67/AT$68*(G$10/12) -> #REF! | H67: =AU67/AU$68*(H$10/12) -> #REF! | I67: =AV67/AV$68*(I$10/12) -> #REF! | J67: =AW67/AW$68*(J$10/12) -> #REF! | K67: =K$68*(SUM(L67:P67)/SUM(L$68:P$68)) -> #REF! | L67: =L$68*(SUM(M67:Q67)/SUM(M$68:Q$68)) -> #REF! | M67: =M$68*(SUM(N67:R67)/SUM(N$68:R$68)) -> #REF! | N67: =N$68*(SUM(O67:S67)/SUM(O$68:S$68)) -> #REF! | O67: =O$68*(SUM(P67:T67)/SUM(P$68:T$68)) -> #REF! | P67: =P$68*(SUM(Q67:U67)/SUM(Q$68:U$68)) -> #REF! | Q67: =Q$68*(SUM(R67:V67)/SUM(R$68:V$68)) -> #REF! | R67: =R$68*(SUM(S67:W67)/SUM(S$68:W$68)) -> #REF! | ... W67: =W$68*(SUM(X67:AB67)/SUM(X$68:AB$68)) -> #REF! | X67: 3333 | Y67: 4034 | Z67: 4416 | AA67: 4592 | AB67: 5193 | AC67: 4573 | AD67: 4987 | AE67: 4537 | AF67: 4415 | AG67: =AG68-SUM(AG56:AG66) -> #REF! | AH67: =AH68-SUM(AH56:AH66) -> #REF! | AI67: =AI68-SUM(AI56:AI66) -> #REF! | AN67: Sep | AO67: =Y67/30 -> 134.46667 | AP67: =Z67/30 -> 147.2 | AQ67: =AA67/30 -> 153.06667 | AR67: =AB67/30 -> 173.1 | AS67: =AC67/30 -> 152.43333 | AT67: =AD67/30 -> 166.23333 | AU67: =AE67/30 -> 151.23333 | AV67: =AF67/30 -> 147.16667 | AW67: =AVERAGE(AP67:AT67) -> 158.40667
A68: Total | B68: =SUM(B56:B67) -> #REF! | C68: =SUM(C56:C67) -> #REF! | D68: =SUM(D56:D67) -> #REF! | E68: =SUM(E56:E67) -> #REF! | F68: =SUM(F56:F67) -> #REF! | G68: =SUM(G56:G67) -> #REF! | H68: =SUM(H56:H67) -> #REF! | I68: =SUM(I56:I67) -> #REF! | J68: =SUM(J56:J67) -> #REF! | K68: =K10 -> #REF! | L68: =L10 -> #REF! | M68: =M10 -> #REF! | N68: =N10 -> #REF! | O68: =O10 -> #REF! | P68: =P10 -> #REF! | Q68: =Q10 -> #REF! | R68: =R10 -> #REF! | ... W68: =W10 -> #REF! | X68: =SUM(X56:X67) -> 33553.486 | Y68: =SUM(Y56:Y67) -> 40025 | Z68: =SUM(Z56:Z67) -> 47211 | AA68: =SUM(AA56:AA67) -> 51888 | AB68: =SUM(AB56:AB67) -> 50080 | AC68: =SUM(AC56:AC67) -> 52025 | AD68: =SUM(AD56:AD67) -> 49749 | AE68: =SUM(AE56:AE67) -> 55559 | AF68: =AF10 -> #REF! | AG68: =AG10 -> #REF! | AH68: =AH10 -> #REF! | AI68: =AI10 -> #REF! | AN68: Average | AO68: =Y68/365 -> 109.65753 | AP68: =Z68/365 -> 129.34521 | AQ68: =AA68/365 -> 142.1589 | AR68: =AB68/365 -> 137.20548 | AS68: =AC68/365 -> 142.53425 | AT68: =AD68/365 -> 136.29863 | AU68: =AE68/365 -> 152.21644 | AV68: =AF68/365 -> #REF! | AW68: =AVERAGE(AP68:AT68) -> 137.50849
AE69: =SUM(AE59:AE67,AF56:AF58) -> 54929 | AF69: =AF68/AE68-1 -> #REF!
A70: PALM OIL MONTH-OVER-MONTH CHANGE IN PRODUCTION (Tonnes) | AF70: =AF69/AE69-1 -> #REF!
B71: 93/94 | C71: 94/95 | D71: 95/96 | E71: 96/97 | F71: 97/98 | G71: 98/99 | H71: 99/00 | I71: 00/01 | J71: 01/02 | K71: 02/03 | L71: 03/04 | M71: 04/05 | N71: 05/06 | O71: 06/07 | P71: 07/08 | Q71: 08/09 | R71: 09/10 | S71: 10/11 | T71: 11/12 | U71: 12/13 | V71: 13/14 | W71: 14/15 | X71: 15/16 | Y71: 16/17 | Z71: 17/18 | AA71: 18/19 | AB71: 19/20 | AC71: 20/21 | AD71: =AD2 -> 21/22 | AE71: =AE2 -> 22/23 | AF71: =AF2 -> 23/24 | AG71: =AG2 -> 24/25 | AH71: =AH2 -> 25/26 | AI71: =AI2 -> 26/27
A72: October | B72: =B56-380 -> #REF! | C72: =C56-B67 -> #REF! | D72: =D56-C67 -> #REF! | E72: =E56-D67 -> #REF! | F72: =F56-E67 -> #REF! | G72: =G56-F67 -> #REF! | H72: =H56-G67 -> #REF! | I72: =I56-H67 -> #REF! | J72: =J56-I67 -> #REF! | ... AI72: =AI56-AH67 -> #REF!
A73: November | B73: =B57-B56 -> #REF! | C73: =C57-C56 -> #REF! | D73: =D57-D56 -> #REF! | E73: =E57-E56 -> #REF! | F73: =F57-F56 -> #REF! | G73: =G57-G56 -> #REF! | H73: =H57-H56 -> #REF! | I73: =I57-I56 -> #REF! | ... AI73: =AI57-AI56 -> #REF!
A74: December | B74: =B58-B57 -> #REF! | C74: =C58-C57 -> #REF! | D74: =D58-D57 -> #REF! | E74: =E58-E57 -> #REF! | F74: =F58-F57 -> #REF! | G74: =G58-G57 -> #REF! | H74: =H58-H57 -> #REF! | I74: =I58-I57 -> #REF! | ... AI74: =AI58-AI57 -> #REF!
A75: January | B75: =B59-B58 -> #REF! | C75: =C59-C58 -> #REF! | D75: =D59-D58 -> #REF! | E75: =E59-E58 -> #REF! | F75: =F59-F58 -> #REF! | G75: =G59-G58 -> #REF! | H75: =H59-H58 -> #REF! | I75: =I59-I58 -> #REF! | ... AI75: =AI59-AI58 -> #REF!
A76: February | B76: =B60-B59 -> #REF! | C76: =C60-C59 -> #REF! | D76: =D60-D59 -> #REF! | E76: =E60-E59 -> #REF! | F76: =F60-F59 -> #REF! | G76: =G60-G59 -> #REF! | H76: =H60-H59 -> #REF! | I76: =I60-I59 -> #REF! | ... AI76: =AI60-AI59 -> #REF!
A77: March | B77: =B61-B60 -> #REF! | C77: =C61-C60 -> #REF! | D77: =D61-D60 -> #REF! | E77: =E61-E60 -> #REF! | F77: =F61-F60 -> #REF! | G77: =G61-G60 -> #REF! | H77: =H61-H60 -> #REF! | I77: =I61-I60 -> #REF! | ... AI77: =AI61-AI60 -> #REF!
A78: April | B78: =B62-B61 -> #REF! | C78: =C62-C61 -> #REF! | D78: =D62-D61 -> #REF! | E78: =E62-E61 -> #REF! | F78: =F62-F61 -> #REF! | G78: =G62-G61 -> #REF! | H78: =H62-H61 -> #REF! | I78: =I62-I61 -> #REF! | ... AI78: =AI62-AI61 -> #REF!
A79: May | B79: =B63-B62 -> #REF! | C79: =C63-C62 -> #REF! | D79: =D63-D62 -> #REF! | E79: =E63-E62 -> #REF! | F79: =F63-F62 -> #REF! | G79: =G63-G62 -> #REF! | H79: =H63-H62 -> #REF! | I79: =I63-I62 -> #REF! | ... AI79: =AI63-AI62 -> #REF!
A80: June | B80: =B64-B63 -> #REF! | C80: =C64-C63 -> #REF! | D80: =D64-D63 -> #REF! | E80: =E64-E63 -> #REF! | F80: =F64-F63 -> #REF! | G80: =G64-G63 -> #REF! | H80: =H64-H63 -> #REF! | I80: =I64-I63 -> #REF! | ... AI80: =AI64-AI63 -> #REF!
A81: July | B81: =B65-B64 -> #REF! | C81: =C65-C64 -> #REF! | D81: =D65-D64 -> #REF! | E81: =E65-E64 -> #REF! | F81: =F65-F64 -> #REF! | G81: =G65-G64 -> #REF! | H81: =H65-H64 -> #REF! | I81: =I65-I64 -> #REF! | ... AI81: =AI65-AI64 -> #REF!
A82: August | B82: =B66-B65 -> #REF! | C82: =C66-C65 -> #REF! | D82: =D66-D65 -> #REF! | E82: =E66-E65 -> #REF! | F82: =F66-F65 -> #REF! | G82: =G66-G65 -> #REF! | H82: =H66-H65 -> #REF! | I82: =I66-I65 -> #REF! | ... AI82: =AI66-AI65 -> #REF!
A83: September | B83: =B67-B66 -> #REF! | C83: =C67-C66 -> #REF! | D83: =D67-D66 -> #REF! | E83: =E67-E66 -> #REF! | F83: =F67-F66 -> #REF! | G83: =G67-G66 -> #REF! | H83: =H67-H66 -> #REF! | I83: =I67-I66 -> #REF! | ... AI83: =AI67-AI66 -> #REF!
A85: PALM OIL IMPORTS (1,000 Tonnes)
B86: 93/94 | C86: 94/95 | D86: 95/96 | E86: 96/97 | F86: 97/98 | G86: 98/99 | H86: 99/00 | I86: 00/01 | J86: 01/02 | K86: 02/03 | L86: 03/04 | M86: 04/05 | N86: 05/06 | O86: 06/07 | P86: 07/08 | Q86: 08/09 | R86: 09/10 | S86: 10/11 | T86: 11/12 | U86: 12/13 | V86: 13/14 | W86: 14/15 | X86: 15/16 | Y86: 16/17 | Z86: 17/18 | AA86: 18/19 | AB86: 19/20 | AC86: 20/21 | AD86: =AD2 -> 21/22 | AE86: =AE2 -> 22/23 | AF86: =AF2 -> 23/24 | AG86: =AG2 -> 24/25 | AH86: =AH2 -> 25/26 | AI86: =AI2 -> 26/27 | AL86: HS Codes: | AM86: 151190, 151110
A87: October | B87: =(SUM(E87:I87)/SUM(E$99:I$99))*B$99 -> 22.606387 | C87: =(SUM(F87:J87)/SUM(F$99:J$99))*C$99 -> 7.3303127 | D87: 1.0601528 | E87: ='[2]Indonesia Palm Oil Imports'!BQ$290 -> 18.916991 | F87: ='[2]Indonesia Palm Oil Imports'!CC$290 -> 6.506679 | G87: ='[2]Indonesia Palm Oil Imports'!CO$290 -> 0.115802 | H87: ='[2]Indonesia Palm Oil Imports'!DA$290 -> 1.9e-05 | I87: ='[2]Indonesia Palm Oil Imports'!DM$290 -> 0.011884 | J87: ='[2]Indonesia Palm Oil Imports'!DY$290 -> 0.045259 | K87: ='[2]Indonesia Palm Oil Imports'!EK$290 -> 0.602366 | L87: ='[2]Indonesia Palm Oil Imports'!EW$290 -> 0.414789 | M87: ='[2]Indonesia Palm Oil Imports'!FI$290 -> 0.039629 | N87: ='[2]Indonesia Palm Oil Imports'!FU$290 -> 0.946031 | O87: ='[2]Indonesia Palm Oil Imports'!GG$290 -> 0.761 | P87: ='[2]Indonesia Palm Oil Imports'!GS$290 -> 0.085 | Q87: ='[2]Indonesia Palm Oil Imports'!HE$290 -> 0.007 | R87: ='[2]Indonesia Palm Oil Imports'!HQ$290 -> 0.002 | S87: ='[2]Indonesia Palm Oil Imports'!IC$290 -> 0.051 | T87: ='[2]Indonesia Palm Oil Imports'!IO$290 -> 0.013 | U87: ='[2]Indonesia Palm Oil Imports'!JA$290 -> 0.025 | V87: ='[2]Indonesia Palm Oil Imports'!JM$290 -> 5.26 | W87: ='[2]Indonesia Palm Oil Imports'!JY$290 -> 0.014 | X87: ='[2]Indonesia Palm Oil Imports'!KK$290 -> 0 | Y87: ='[2]Indonesia Palm Oil Imports'!KW$290 -> 0.016 | Z87: ='[2]Indonesia Palm Oil Imports'!LI$290 -> 0.022 | AA87: ='[2]Indonesia Palm Oil Imports'!LU$290 -> 0.109 | AB87: ='[2]Indonesia Palm Oil Imports'!MG$290 -> 0.084206 | AC87: ='[2]Indonesia Palm Oil Imports'!MS$290 -> 0.035143 | AD87: ='[2]Indonesia Palm Oil Imports'!NE$290 -> 0.051501 | AE87: ='[2]Indonesia Palm Oil Imports'!NQ$290 -> 0.036 | AF87: ='[2]Indonesia Palm Oil Imports'!OC$290 -> 0.136 | AG87: ='[2]Indonesia Palm Oil Imports'!OD$290 -> 0.028624 | AH87: ='[2]Indonesia Palm Oil Imports'!OE$290 -> 0.041225 | AI87: ='[2]Indonesia Palm Oil Imports'!OF$290 -> 0.079325
