Workbook

Sheet Summary
A1: Energy — build progress summary
A2: 7 country × complex tabs. Each cell = COUNTIF of ✓ on that tab. Fill the checkboxes on the country tabs; this rolls up automatically.
A4: Complex | B4: Country | C4: Tier / note | D4: 1 | E4: 2 | F4: 3 | G4: 4 | H4: 5 | I4: 6 | J4: 7 | K4: 8 | L4: 9 | M4: 10 | N4: Overall
A5: GROUP TOTAL | D5: =IFERROR(AVERAGE(D6:D12),0) | E5: =IFERROR(AVERAGE(E6:E12),0) | F5: =IFERROR(AVERAGE(F6:F12),0) | G5: =IFERROR(AVERAGE(G6:G12),0) | H5: =IFERROR(AVERAGE(H6:H12),0) | I5: =IFERROR(AVERAGE(I6:I12),0) | J5: =IFERROR(AVERAGE(J6:J12),0) | K5: =IFERROR(AVERAGE(K6:K12),0) | ... N5: =IFERROR(AVERAGE(N6:N12),0)
A6: Ethanol | B6: US | C6: starter — prune | D6: ='US Ethanol'!B7 | E6: ='US Ethanol'!C7 | F6: ='US Ethanol'!D7 | G6: ='US Ethanol'!E7 | H6: ='US Ethanol'!F7 | I6: ='US Ethanol'!G7 | J6: ='US Ethanol'!H7 | K6: ='US Ethanol'!I7 | ... M6: ='US Ethanol'!K7 | N6: ='US Ethanol'!C2
A7: Biodiesel | B7: US | C7: starter — prune | D7: ='US Biodiesel'!B7 | E7: ='US Biodiesel'!C7 | F7: ='US Biodiesel'!D7 | G7: ='US Biodiesel'!E7 | H7: ='US Biodiesel'!F7 | I7: ='US Biodiesel'!G7 | J7: ='US Biodiesel'!H7 | K7: ='US Biodiesel'!I7 | ... M7: ='US Biodiesel'!K7 | N7: ='US Biodiesel'!C2
A8: Renewable Diesel | B8: US | C8: starter — prune | D8: ='US Renewable Diesel'!B7 | E8: ='US Renewable Diesel'!C7 | F8: ='US Renewable Diesel'!D7 | G8: ='US Renewable Diesel'!E7 | H8: ='US Renewable Diesel'!F7 | I8: ='US Renewable Diesel'!G7 | J8: ='US Renewable Diesel'!H7 | K8: ='US Renewable Diesel'!I7 | ... M8: ='US Renewable Diesel'!K7 | N8: ='US Renewable Diesel'!C2
A9: SAF | B9: US | C9: starter — prune | D9: ='US SAF'!B7 | E9: ='US SAF'!C7 | F9: ='US SAF'!D7 | G9: ='US SAF'!E7 | H9: ='US SAF'!F7 | I9: ='US SAF'!G7 | J9: ='US SAF'!H7 | K9: ='US SAF'!I7 | ... M9: ='US SAF'!K7 | N9: ='US SAF'!C2
A10: Petroleum | B10: US | C10: starter — prune | D10: ='US Petroleum'!B7 | E10: ='US Petroleum'!C7 | F10: ='US Petroleum'!D7 | G10: ='US Petroleum'!E7 | H10: ='US Petroleum'!F7 | I10: ='US Petroleum'!G7 | J10: ='US Petroleum'!H7 | K10: ='US Petroleum'!I7 | ... M10: ='US Petroleum'!K7 | N10: ='US Petroleum'!C2
A11: Ethanol | B11: Brazil | C11: starter — prune | D11: ='Brazil Ethanol'!B7 | E11: ='Brazil Ethanol'!C7 | F11: ='Brazil Ethanol'!D7 | G11: ='Brazil Ethanol'!E7 | H11: ='Brazil Ethanol'!F7 | I11: ='Brazil Ethanol'!G7 | J11: ='Brazil Ethanol'!H7 | K11: ='Brazil Ethanol'!I7 | ... M11: ='Brazil Ethanol'!K7 | N11: ='Brazil Ethanol'!C2
A12: Biodiesel | B12: EU | C12: starter — prune | D12: ='EU Biodiesel'!B7 | E12: ='EU Biodiesel'!C7 | F12: ='EU Biodiesel'!D7 | G12: ='EU Biodiesel'!E7 | H12: ='EU Biodiesel'!F7 | I12: ='EU Biodiesel'!G7 | J12: ='EU Biodiesel'!H7 | K12: ='EU Biodiesel'!I7 | ... M12: ='EU Biodiesel'!K7 | N12: ='EU Biodiesel'!C2

Sheet US Ethanol
A1: US ETHANOL — build progress
A2: Overall: | C2: =IF(2=0,0,COUNTIF(B5:K6,"✓")/(2*10)) | D2: mark cells with ✓ as each step completes
A4: Balance Sheet | B4: 1 | C4: 2 | D4: 3 | E4: 4 | F4: 5 | G4: 6 | H4: 7 | I4: 8 | J4: 9 | K4: 10 | L4: %
A5: Balance (S&D) | L5: =COUNTIF(B5:K5,"✓")/10
A6: Feedstock / Trade | L6: =COUNTIF(B6:K6,"✓")/10
A7: TAB TOTAL | B7: =IF(2=0,0,COUNTIF(B5:B6,"✓")/2) | C7: =IF(2=0,0,COUNTIF(C5:C6,"✓")/2) | D7: =IF(2=0,0,COUNTIF(D5:D6,"✓")/2) | E7: =IF(2=0,0,COUNTIF(E5:E6,"✓")/2) | F7: =IF(2=0,0,COUNTIF(F5:F6,"✓")/2) | G7: =IF(2=0,0,COUNTIF(G5:G6,"✓")/2) | H7: =IF(2=0,0,COUNTIF(H5:H6,"✓")/2) | I7: =IF(2=0,0,COUNTIF(I5:I6,"✓")/2) | ... K7: =IF(2=0,0,COUNTIF(K5:K6,"✓")/2) | L7: =C2

Sheet US Biodiesel
A1: US BIODIESEL — build progress
A2: Overall: | C2: =IF(2=0,0,COUNTIF(B5:K6,"✓")/(2*10)) | D2: mark cells with ✓ as each step completes
A4: Balance Sheet | B4: 1 | C4: 2 | D4: 3 | E4: 4 | F4: 5 | G4: 6 | H4: 7 | I4: 8 | J4: 9 | K4: 10 | L4: %
A5: Balance (S&D) | L5: =COUNTIF(B5:K5,"✓")/10
A6: Feedstock / Trade | L6: =COUNTIF(B6:K6,"✓")/10
A7: TAB TOTAL | B7: =IF(2=0,0,COUNTIF(B5:B6,"✓")/2) | C7: =IF(2=0,0,COUNTIF(C5:C6,"✓")/2) | D7: =IF(2=0,0,COUNTIF(D5:D6,"✓")/2) | E7: =IF(2=0,0,COUNTIF(E5:E6,"✓")/2) | F7: =IF(2=0,0,COUNTIF(F5:F6,"✓")/2) | G7: =IF(2=0,0,COUNTIF(G5:G6,"✓")/2) | H7: =IF(2=0,0,COUNTIF(H5:H6,"✓")/2) | I7: =IF(2=0,0,COUNTIF(I5:I6,"✓")/2) | ... K7: =IF(2=0,0,COUNTIF(K5:K6,"✓")/2) | L7: =C2

Sheet US Renewable Diesel
A1: US RENEWABLE DIESEL — build progress
A2: Overall: | C2: =IF(2=0,0,COUNTIF(B5:K6,"✓")/(2*10)) | D2: mark cells with ✓ as each step completes
A4: Balance Sheet | B4: 1 | C4: 2 | D4: 3 | E4: 4 | F4: 5 | G4: 6 | H4: 7 | I4: 8 | J4: 9 | K4: 10 | L4: %
A5: Balance (S&D) | L5: =COUNTIF(B5:K5,"✓")/10
A6: Feedstock / Trade | L6: =COUNTIF(B6:K6,"✓")/10
A7: TAB TOTAL | B7: =IF(2=0,0,COUNTIF(B5:B6,"✓")/2) | C7: =IF(2=0,0,COUNTIF(C5:C6,"✓")/2) | D7: =IF(2=0,0,COUNTIF(D5:D6,"✓")/2) | E7: =IF(2=0,0,COUNTIF(E5:E6,"✓")/2) | F7: =IF(2=0,0,COUNTIF(F5:F6,"✓")/2) | G7: =IF(2=0,0,COUNTIF(G5:G6,"✓")/2) | H7: =IF(2=0,0,COUNTIF(H5:H6,"✓")/2) | I7: =IF(2=0,0,COUNTIF(I5:I6,"✓")/2) | ... K7: =IF(2=0,0,COUNTIF(K5:K6,"✓")/2) | L7: =C2

Sheet US SAF
A1: US SAF — build progress
A2: Overall: | C2: =IF(2=0,0,COUNTIF(B5:K6,"✓")/(2*10)) | D2: mark cells with ✓ as each step completes
A4: Balance Sheet | B4: 1 | C4: 2 | D4: 3 | E4: 4 | F4: 5 | G4: 6 | H4: 7 | I4: 8 | J4: 9 | K4: 10 | L4: %
A5: Balance (S&D) | L5: =COUNTIF(B5:K5,"✓")/10
A6: Feedstock / Trade | L6: =COUNTIF(B6:K6,"✓")/10
A7: TAB TOTAL | B7: =IF(2=0,0,COUNTIF(B5:B6,"✓")/2) | C7: =IF(2=0,0,COUNTIF(C5:C6,"✓")/2) | D7: =IF(2=0,0,COUNTIF(D5:D6,"✓")/2) | E7: =IF(2=0,0,COUNTIF(E5:E6,"✓")/2) | F7: =IF(2=0,0,COUNTIF(F5:F6,"✓")/2) | G7: =IF(2=0,0,COUNTIF(G5:G6,"✓")/2) | H7: =IF(2=0,0,COUNTIF(H5:H6,"✓")/2) | I7: =IF(2=0,0,COUNTIF(I5:I6,"✓")/2) | ... K7: =IF(2=0,0,COUNTIF(K5:K6,"✓")/2) | L7: =C2

Sheet US Petroleum
A1: US PETROLEUM — build progress
A2: Overall: | C2: =IF(2=0,0,COUNTIF(B5:K6,"✓")/(2*10)) | D2: mark cells with ✓ as each step completes
A4: Balance Sheet | B4: 1 | C4: 2 | D4: 3 | E4: 4 | F4: 5 | G4: 6 | H4: 7 | I4: 8 | J4: 9 | K4: 10 | L4: %
A5: Balance (S&D) | L5: =COUNTIF(B5:K5,"✓")/10
A6: Feedstock / Trade | L6: =COUNTIF(B6:K6,"✓")/10
A7: TAB TOTAL | B7: =IF(2=0,0,COUNTIF(B5:B6,"✓")/2) | C7: =IF(2=0,0,COUNTIF(C5:C6,"✓")/2) | D7: =IF(2=0,0,COUNTIF(D5:D6,"✓")/2) | E7: =IF(2=0,0,COUNTIF(E5:E6,"✓")/2) | F7: =IF(2=0,0,COUNTIF(F5:F6,"✓")/2) | G7: =IF(2=0,0,COUNTIF(G5:G6,"✓")/2) | H7: =IF(2=0,0,COUNTIF(H5:H6,"✓")/2) | I7: =IF(2=0,0,COUNTIF(I5:I6,"✓")/2) | ... K7: =IF(2=0,0,COUNTIF(K5:K6,"✓")/2) | L7: =C2

Sheet Brazil Ethanol
A1: BRAZIL ETHANOL — build progress
A2: Overall: | C2: =IF(2=0,0,COUNTIF(B5:K6,"✓")/(2*10)) | D2: mark cells with ✓ as each step completes
A4: Balance Sheet | B4: 1 | C4: 2 | D4: 3 | E4: 4 | F4: 5 | G4: 6 | H4: 7 | I4: 8 | J4: 9 | K4: 10 | L4: %
A5: Balance (S&D) | L5: =COUNTIF(B5:K5,"✓")/10
A6: Feedstock / Trade | L6: =COUNTIF(B6:K6,"✓")/10
A7: TAB TOTAL | B7: =IF(2=0,0,COUNTIF(B5:B6,"✓")/2) | C7: =IF(2=0,0,COUNTIF(C5:C6,"✓")/2) | D7: =IF(2=0,0,COUNTIF(D5:D6,"✓")/2) | E7: =IF(2=0,0,COUNTIF(E5:E6,"✓")/2) | F7: =IF(2=0,0,COUNTIF(F5:F6,"✓")/2) | G7: =IF(2=0,0,COUNTIF(G5:G6,"✓")/2) | H7: =IF(2=0,0,COUNTIF(H5:H6,"✓")/2) | I7: =IF(2=0,0,COUNTIF(I5:I6,"✓")/2) | ... K7: =IF(2=0,0,COUNTIF(K5:K6,"✓")/2) | L7: =C2

Sheet EU Biodiesel
A1: EU BIODIESEL — build progress
A2: Overall: | C2: =IF(2=0,0,COUNTIF(B5:K6,"✓")/(2*10)) | D2: mark cells with ✓ as each step completes
A4: Balance Sheet | B4: 1 | C4: 2 | D4: 3 | E4: 4 | F4: 5 | G4: 6 | H4: 7 | I4: 8 | J4: 9 | K4: 10 | L4: %
A5: Balance (S&D) | L5: =COUNTIF(B5:K5,"✓")/10
A6: Feedstock / Trade | L6: =COUNTIF(B6:K6,"✓")/10
A7: TAB TOTAL | B7: =IF(2=0,0,COUNTIF(B5:B6,"✓")/2) | C7: =IF(2=0,0,COUNTIF(C5:C6,"✓")/2) | D7: =IF(2=0,0,COUNTIF(D5:D6,"✓")/2) | E7: =IF(2=0,0,COUNTIF(E5:E6,"✓")/2) | F7: =IF(2=0,0,COUNTIF(F5:F6,"✓")/2) | G7: =IF(2=0,0,COUNTIF(G5:G6,"✓")/2) | H7: =IF(2=0,0,COUNTIF(H5:H6,"✓")/2) | I7: =IF(2=0,0,COUNTIF(I5:I6,"✓")/2) | ... K7: =IF(2=0,0,COUNTIF(K5:K6,"✓")/2) | L7: =C2
