Workbook

Sheet Summary
A1: Oilseeds — build progress summary
A2: 36 country × complex tabs. Each cell = COUNTIF of ✓ on that tab. Fill the checkboxes on the country tabs; this rolls up automatically.
A4: Complex | B4: Country | C4: Tier / note | D4: 1 | E4: 2 | F4: 3 | G4: 4 | H4: 5 | I4: 6 | J4: 7 | K4: 8 | L4: 9 | M4: 10 | N4: Overall
A5: GROUP TOTAL | D5: =IFERROR(AVERAGE(D6:D41),0) | E5: =IFERROR(AVERAGE(E6:E41),0) | F5: =IFERROR(AVERAGE(F6:F41),0) | G5: =IFERROR(AVERAGE(G6:G41),0) | H5: =IFERROR(AVERAGE(H6:H41),0) | I5: =IFERROR(AVERAGE(I6:I41),0) | J5: =IFERROR(AVERAGE(J6:J41),0) | K5: =IFERROR(AVERAGE(K6:K41),0) | ... N5: =IFERROR(AVERAGE(N6:N41),0)
A6: Palm | B6: Malaysia | C6: A — exporter | D6: ='Malaysia Palm'!B13 | E6: ='Malaysia Palm'!C13 | F6: ='Malaysia Palm'!D13 | G6: ='Malaysia Palm'!E13 | H6: ='Malaysia Palm'!F13 | I6: ='Malaysia Palm'!G13 | J6: ='Malaysia Palm'!H13 | K6: ='Malaysia Palm'!I13 | ... M6: ='Malaysia Palm'!K13 | N6: ='Malaysia Palm'!C2
A7: Palm | B7: Indonesia | C7: A — exporter | D7: ='Indonesia Palm'!B13 | E7: ='Indonesia Palm'!C13 | F7: ='Indonesia Palm'!D13 | G7: ='Indonesia Palm'!E13 | H7: ='Indonesia Palm'!F13 | I7: ='Indonesia Palm'!G13 | J7: ='Indonesia Palm'!H13 | K7: ='Indonesia Palm'!I13 | ... M7: ='Indonesia Palm'!K13 | N7: ='Indonesia Palm'!C2
A8: Palm | B8: India | C8: B — importer | D8: ='India Palm'!B8 | E8: ='India Palm'!C8 | F8: ='India Palm'!D8 | G8: ='India Palm'!E8 | H8: ='India Palm'!F8 | I8: ='India Palm'!G8 | J8: ='India Palm'!H8 | K8: ='India Palm'!I8 | ... M8: ='India Palm'!K8 | N8: ='India Palm'!C2
A9: Palm | B9: China | C9: B — importer | D9: ='China Palm'!B8 | E9: ='China Palm'!C8 | F9: ='China Palm'!D8 | G9: ='China Palm'!E8 | H9: ='China Palm'!F8 | I9: ='China Palm'!G8 | J9: ='China Palm'!H8 | K9: ='China Palm'!I8 | ... M9: ='China Palm'!K8 | N9: ='China Palm'!C2
A10: Palm | B10: Europe | C10: B — importer | D10: ='EU Palm'!B8 | E10: ='EU Palm'!C8 | F10: ='EU Palm'!D8 | G10: ='EU Palm'!E8 | H10: ='EU Palm'!F8 | I10: ='EU Palm'!G8 | J10: ='EU Palm'!H8 | K10: ='EU Palm'!I8 | ... M10: ='EU Palm'!K8 | N10: ='EU Palm'!C2
A11: Palm | B11: Colombia | C11: D — scenario | D11: ='Colombia Palm'!B13 | E11: ='Colombia Palm'!C13 | F11: ='Colombia Palm'!D13 | G11: ='Colombia Palm'!E13 | H11: ='Colombia Palm'!F13 | I11: ='Colombia Palm'!G13 | J11: ='Colombia Palm'!H13 | K11: ='Colombia Palm'!I13 | ... M11: ='Colombia Palm'!K13 | N11: ='Colombia Palm'!C2
A12: Palm | B12: Guatemala | C12: D — scenario | D12: ='Guatemala Palm'!B13 | E12: ='Guatemala Palm'!C13 | F12: ='Guatemala Palm'!D13 | G12: ='Guatemala Palm'!E13 | H12: ='Guatemala Palm'!F13 | I12: ='Guatemala Palm'!G13 | J12: ='Guatemala Palm'!H13 | K12: ='Guatemala Palm'!I13 | ... M12: ='Guatemala Palm'!K13 | N12: ='Guatemala Palm'!C2
A13: Palm | B13: Mexico | C13: D — scenario | D13: ='Mexico Palm'!B8 | E13: ='Mexico Palm'!C8 | F13: ='Mexico Palm'!D8 | G13: ='Mexico Palm'!E8 | H13: ='Mexico Palm'!F8 | I13: ='Mexico Palm'!G8 | J13: ='Mexico Palm'!H8 | K13: ='Mexico Palm'!I8 | ... M13: ='Mexico Palm'!K8 | N13: ='Mexico Palm'!C2
A14: Rapeseed / Canola | B14: Europe | C14: A — exporter | D14: ='EU Canola'!B10 | E14: ='EU Canola'!C10 | F14: ='EU Canola'!D10 | G14: ='EU Canola'!E10 | H14: ='EU Canola'!F10 | I14: ='EU Canola'!G10 | J14: ='EU Canola'!H10 | K14: ='EU Canola'!I10 | ... M14: ='EU Canola'!K10 | N14: ='EU Canola'!C2
A15: Rapeseed / Canola | B15: Canada | C15: A — exporter | D15: ='Canada Canola'!B10 | E15: ='Canada Canola'!C10 | F15: ='Canada Canola'!D10 | G15: ='Canada Canola'!E10 | H15: ='Canada Canola'!F10 | I15: ='Canada Canola'!G10 | J15: ='Canada Canola'!H10 | K15: ='Canada Canola'!I10 | ... M15: ='Canada Canola'!K10 | N15: ='Canada Canola'!C2
A16: Rapeseed / Canola | B16: Australia | C16: A — exporter | D16: ='Australia Canola'!B10 | E16: ='Australia Canola'!C10 | F16: ='Australia Canola'!D10 | G16: ='Australia Canola'!E10 | H16: ='Australia Canola'!F10 | I16: ='Australia Canola'!G10 | J16: ='Australia Canola'!H10 | K16: ='Australia Canola'!I10 | ... M16: ='Australia Canola'!K10 | N16: ='Australia Canola'!C2
A17: Rapeseed / Canola | B17: Russia | C17: A — exporter | D17: ='Russia Canola'!B10 | E17: ='Russia Canola'!C10 | F17: ='Russia Canola'!D10 | G17: ='Russia Canola'!E10 | H17: ='Russia Canola'!F10 | I17: ='Russia Canola'!G10 | J17: ='Russia Canola'!H10 | K17: ='Russia Canola'!I10 | ... M17: ='Russia Canola'!K10 | N17: ='Russia Canola'!C2
A18: Rapeseed / Canola | B18: China | C18: B — importer | D18: ='China Canola'!B10 | E18: ='China Canola'!C10 | F18: ='China Canola'!D10 | G18: ='China Canola'!E10 | H18: ='China Canola'!F10 | I18: ='China Canola'!G10 | J18: ='China Canola'!H10 | K18: ='China Canola'!I10 | ... M18: ='China Canola'!K10 | N18: ='China Canola'!C2
A19: Rapeseed / Canola | B19: India | C19: B — importer | D19: ='India Canola'!B10 | E19: ='India Canola'!C10 | F19: ='India Canola'!D10 | G19: ='India Canola'!E10 | H19: ='India Canola'!F10 | I19: ='India Canola'!G10 | J19: ='India Canola'!H10 | K19: ='India Canola'!I10 | ... M19: ='India Canola'!K10 | N19: ='India Canola'!C2
A20: Rapeseed / Canola | B20: Turkey | C20: B — importer | D20: ='Turkey Canola'!B10 | E20: ='Turkey Canola'!C10 | F20: ='Turkey Canola'!D10 | G20: ='Turkey Canola'!E10 | H20: ='Turkey Canola'!F10 | I20: ='Turkey Canola'!G10 | J20: ='Turkey Canola'!H10 | K20: ='Turkey Canola'!I10 | ... M20: ='Turkey Canola'!K10 | N20: ='Turkey Canola'!C2
A21: Rapeseed / Canola | B21: Brazil | C21: D — scenario | D21: ='Brazil Canola'!B10 | E21: ='Brazil Canola'!C10 | F21: ='Brazil Canola'!D10 | G21: ='Brazil Canola'!E10 | H21: ='Brazil Canola'!F10 | I21: ='Brazil Canola'!G10 | J21: ='Brazil Canola'!H10 | K21: ='Brazil Canola'!I10 | ... M21: ='Brazil Canola'!K10 | N21: ='Brazil Canola'!C2
A22: Rapeseed / Canola | B22: Mexico | C22: D — scenario | D22: ='Mexico Canola'!B10 | E22: ='Mexico Canola'!C10 | F22: ='Mexico Canola'!D10 | G22: ='Mexico Canola'!E10 | H22: ='Mexico Canola'!F10 | I22: ='Mexico Canola'!G10 | J22: ='Mexico Canola'!H10 | K22: ='Mexico Canola'!I10 | ... M22: ='Mexico Canola'!K10 | N22: ='Mexico Canola'!C2
A23: Sunflower | B23: Ukraine | C23: A — exporter | D23: ='Ukraine Sun'!B10 | E23: ='Ukraine Sun'!C10 | F23: ='Ukraine Sun'!D10 | G23: ='Ukraine Sun'!E10 | H23: ='Ukraine Sun'!F10 | I23: ='Ukraine Sun'!G10 | J23: ='Ukraine Sun'!H10 | K23: ='Ukraine Sun'!I10 | ... M23: ='Ukraine Sun'!K10 | N23: ='Ukraine Sun'!C2
A24: Sunflower | B24: Russia | C24: A — exporter | D24: ='Russia Sun'!B10 | E24: ='Russia Sun'!C10 | F24: ='Russia Sun'!D10 | G24: ='Russia Sun'!E10 | H24: ='Russia Sun'!F10 | I24: ='Russia Sun'!G10 | J24: ='Russia Sun'!H10 | K24: ='Russia Sun'!I10 | ... M24: ='Russia Sun'!K10 | N24: ='Russia Sun'!C2
A25: Sunflower | B25: Argentina | C25: A — exporter | D25: ='Argentina Sun'!B10 | E25: ='Argentina Sun'!C10 | F25: ='Argentina Sun'!D10 | G25: ='Argentina Sun'!E10 | H25: ='Argentina Sun'!F10 | I25: ='Argentina Sun'!G10 | J25: ='Argentina Sun'!H10 | K25: ='Argentina Sun'!I10 | ... M25: ='Argentina Sun'!K10 | N25: ='Argentina Sun'!C2
A26: Sunflower | B26: Europe | C26: B — importer | D26: ='EU Sun'!B10 | E26: ='EU Sun'!C10 | F26: ='EU Sun'!D10 | G26: ='EU Sun'!E10 | H26: ='EU Sun'!F10 | I26: ='EU Sun'!G10 | J26: ='EU Sun'!H10 | K26: ='EU Sun'!I10 | ... M26: ='EU Sun'!K10 | N26: ='EU Sun'!C2
A27: Sunflower | B27: Turkey | C27: B — importer | D27: ='Turkey Sun'!B10 | E27: ='Turkey Sun'!C10 | F27: ='Turkey Sun'!D10 | G27: ='Turkey Sun'!E10 | H27: ='Turkey Sun'!F10 | I27: ='Turkey Sun'!G10 | J27: ='Turkey Sun'!H10 | K27: ='Turkey Sun'!I10 | ... M27: ='Turkey Sun'!K10 | N27: ='Turkey Sun'!C2
A28: Sunflower | B28: India | C28: B — importer | D28: ='India Sun'!B10 | E28: ='India Sun'!C10 | F28: ='India Sun'!D10 | G28: ='India Sun'!E10 | H28: ='India Sun'!F10 | I28: ='India Sun'!G10 | J28: ='India Sun'!H10 | K28: ='India Sun'!I10 | ... M28: ='India Sun'!K10 | N28: ='India Sun'!C2
A29: Sunflower | B29: China | C29: B — importer | D29: ='China Sun'!B10 | E29: ='China Sun'!C10 | F29: ='China Sun'!D10 | G29: ='China Sun'!E10 | H29: ='China Sun'!F10 | I29: ='China Sun'!G10 | J29: ='China Sun'!H10 | K29: ='China Sun'!I10 | ... M29: ='China Sun'!K10 | N29: ='China Sun'!C2
A30: Sunflower | B30: Colombia | C30: D — scenario | D30: ='Colombia Sun'!B10 | E30: ='Colombia Sun'!C10 | F30: ='Colombia Sun'!D10 | G30: ='Colombia Sun'!E10 | H30: ='Colombia Sun'!F10 | I30: ='Colombia Sun'!G10 | J30: ='Colombia Sun'!H10 | K30: ='Colombia Sun'!I10 | ... M30: ='Colombia Sun'!K10 | N30: ='Colombia Sun'!C2
A31: Sunflower | B31: Mexico | C31: D — scenario | D31: ='Mexico Sun'!B10 | E31: ='Mexico Sun'!C10 | F31: ='Mexico Sun'!D10 | G31: ='Mexico Sun'!E10 | H31: ='Mexico Sun'!F10 | I31: ='Mexico Sun'!G10 | J31: ='Mexico Sun'!H10 | K31: ='Mexico Sun'!I10 | ... M31: ='Mexico Sun'!K10 | N31: ='Mexico Sun'!C2
A32: Soybean | B32: United States | C32: A — exporter · US template built | D32: ='US Soybean'!B10 | E32: ='US Soybean'!C10 | F32: ='US Soybean'!D10 | G32: ='US Soybean'!E10 | H32: ='US Soybean'!F10 | I32: ='US Soybean'!G10 | J32: ='US Soybean'!H10 | K32: ='US Soybean'!I10 | ... M32: ='US Soybean'!K10 | N32: ='US Soybean'!C2
A33: Soybean | B33: Brazil | C33: A — exporter | D33: ='Brazil Soybean'!B10 | E33: ='Brazil Soybean'!C10 | F33: ='Brazil Soybean'!D10 | G33: ='Brazil Soybean'!E10 | H33: ='Brazil Soybean'!F10 | I33: ='Brazil Soybean'!G10 | J33: ='Brazil Soybean'!H10 | K33: ='Brazil Soybean'!I10 | ... M33: ='Brazil Soybean'!K10 | N33: ='Brazil Soybean'!C2
A34: Soybean | B34: Argentina | C34: A — exporter | D34: ='Argentina Soybean'!B10 | E34: ='Argentina Soybean'!C10 | F34: ='Argentina Soybean'!D10 | G34: ='Argentina Soybean'!E10 | H34: ='Argentina Soybean'!F10 | I34: ='Argentina Soybean'!G10 | J34: ='Argentina Soybean'!H10 | K34: ='Argentina Soybean'!I10 | ... M34: ='Argentina Soybean'!K10 | N34: ='Argentina Soybean'!C2
A35: Soybean | B35: China | C35: B — importer | D35: ='China Soybean'!B10 | E35: ='China Soybean'!C10 | F35: ='China Soybean'!D10 | G35: ='China Soybean'!E10 | H35: ='China Soybean'!F10 | I35: ='China Soybean'!G10 | J35: ='China Soybean'!H10 | K35: ='China Soybean'!I10 | ... M35: ='China Soybean'!K10 | N35: ='China Soybean'!C2
A36: Soybean | B36: India | C36: B — importer | D36: ='India Soybean'!B10 | E36: ='India Soybean'!C10 | F36: ='India Soybean'!D10 | G36: ='India Soybean'!E10 | H36: ='India Soybean'!F10 | I36: ='India Soybean'!G10 | J36: ='India Soybean'!H10 | K36: ='India Soybean'!I10 | ... M36: ='India Soybean'!K10 | N36: ='India Soybean'!C2
A37: Soybean | B37: Europe | C37: B — importer | D37: ='EU Soybean'!B10 | E37: ='EU Soybean'!C10 | F37: ='EU Soybean'!D10 | G37: ='EU Soybean'!E10 | H37: ='EU Soybean'!F10 | I37: ='EU Soybean'!G10 | J37: ='EU Soybean'!H10 | K37: ='EU Soybean'!I10 | ... M37: ='EU Soybean'!K10 | N37: ='EU Soybean'!C2
A38: Soybean | B38: Mexico | C38: D — scenario | D38: ='Mexico Soybean'!B10 | E38: ='Mexico Soybean'!C10 | F38: ='Mexico Soybean'!D10 | G38: ='Mexico Soybean'!E10 | H38: ='Mexico Soybean'!F10 | I38: ='Mexico Soybean'!G10 | J38: ='Mexico Soybean'!H10 | K38: ='Mexico Soybean'!I10 | ... M38: ='Mexico Soybean'!K10 | N38: ='Mexico Soybean'!C2
A39: Corn Oil | B39: United States | C39: A — exporter · US template built | D39: ='US Corn Oil'!B7 | E39: ='US Corn Oil'!C7 | F39: ='US Corn Oil'!D7 | G39: ='US Corn Oil'!E7 | H39: ='US Corn Oil'!F7 | I39: ='US Corn Oil'!G7 | J39: ='US Corn Oil'!H7 | K39: ='US Corn Oil'!I7 | ... M39: ='US Corn Oil'!K7 | N39: ='US Corn Oil'!C2
A40: Corn Oil | B40: Brazil | C40: A — exporter | D40: ='Brazil Corn Oil'!B7 | E40: ='Brazil Corn Oil'!C7 | F40: ='Brazil Corn Oil'!D7 | G40: ='Brazil Corn Oil'!E7 | H40: ='Brazil Corn Oil'!F7 | I40: ='Brazil Corn Oil'!G7 | J40: ='Brazil Corn Oil'!H7 | K40: ='Brazil Corn Oil'!I7 | ... M40: ='Brazil Corn Oil'!K7 | N40: ='Brazil Corn Oil'!C2
A41: Corn Oil | B41: Mexico | C41: D — scenario | D41: ='Mexico Corn Oil'!B7 | E41: ='Mexico Corn Oil'!C7 | F41: ='Mexico Corn Oil'!D7 | G41: ='Mexico Corn Oil'!E7 | H41: ='Mexico Corn Oil'!F7 | I41: ='Mexico Corn Oil'!G7 | J41: ='Mexico Corn Oil'!H7 | K41: ='Mexico Corn Oil'!I7 | ... M41: ='Mexico Corn Oil'!K7 | N41: ='Mexico Corn Oil'!C2

Sheet Malaysia Palm
A1: MALAYSIA PALM — build progress
A2: Overall: | C2: =IF(8=0,0,COUNTIF(B5:K12,"✓")/(8*10)) | D2: mark cells with ✓ as each step completes
A4: Balance Sheet | B4: 1 | C4: 2 | D4: 3 | E4: 4 | F4: 5 | G4: 6 | H4: 7 | I4: 8 | J4: 9 | K4: 10 | L4: %
A5: Plantation | L5: =COUNTIF(B5:K5,"✓")/10
A6: Seed S&D | L6: =COUNTIF(B6:K6,"✓")/10
A7: Crush | L7: =COUNTIF(B7:K7,"✓")/10
A8: Oil S&D | L8: =COUNTIF(B8:K8,"✓")/10
A9: Kernel Oil S&D | L9: =COUNTIF(B9:K9,"✓")/10
A10: Meal S&D | L10: =COUNTIF(B10:K10,"✓")/10
A11: Trade | L11: =COUNTIF(B11:K11,"✓")/10
A12: Stocks | L12: =COUNTIF(B12:K12,"✓")/10
A13: TAB TOTAL | B13: =IF(8=0,0,COUNTIF(B5:B12,"✓")/8) | C13: =IF(8=0,0,COUNTIF(C5:C12,"✓")/8) | D13: =IF(8=0,0,COUNTIF(D5:D12,"✓")/8) | E13: =IF(8=0,0,COUNTIF(E5:E12,"✓")/8) | F13: =IF(8=0,0,COUNTIF(F5:F12,"✓")/8) | G13: =IF(8=0,0,COUNTIF(G5:G12,"✓")/8) | H13: =IF(8=0,0,COUNTIF(H5:H12,"✓")/8) | I13: =IF(8=0,0,COUNTIF(I5:I12,"✓")/8) | ... K13: =IF(8=0,0,COUNTIF(K5:K12,"✓")/8) | L13: =C2

Sheet Indonesia Palm
A1: INDONESIA PALM — build progress
A2: Overall: | C2: =IF(8=0,0,COUNTIF(B5:K12,"✓")/(8*10)) | D2: mark cells with ✓ as each step completes
A4: Balance Sheet | B4: 1 | C4: 2 | D4: 3 | E4: 4 | F4: 5 | G4: 6 | H4: 7 | I4: 8 | J4: 9 | K4: 10 | L4: %
A5: Plantation | L5: =COUNTIF(B5:K5,"✓")/10
A6: Seed S&D | L6: =COUNTIF(B6:K6,"✓")/10
A7: Crush | L7: =COUNTIF(B7:K7,"✓")/10
A8: Oil S&D | L8: =COUNTIF(B8:K8,"✓")/10
A9: Kernel Oil S&D | L9: =COUNTIF(B9:K9,"✓")/10
A10: Meal S&D | L10: =COUNTIF(B10:K10,"✓")/10
A11: Trade | L11: =COUNTIF(B11:K11,"✓")/10
A12: Stocks | L12: =COUNTIF(B12:K12,"✓")/10
A13: TAB TOTAL | B13: =IF(8=0,0,COUNTIF(B5:B12,"✓")/8) | C13: =IF(8=0,0,COUNTIF(C5:C12,"✓")/8) | D13: =IF(8=0,0,COUNTIF(D5:D12,"✓")/8) | E13: =IF(8=0,0,COUNTIF(E5:E12,"✓")/8) | F13: =IF(8=0,0,COUNTIF(F5:F12,"✓")/8) | G13: =IF(8=0,0,COUNTIF(G5:G12,"✓")/8) | H13: =IF(8=0,0,COUNTIF(H5:H12,"✓")/8) | I13: =IF(8=0,0,COUNTIF(I5:I12,"✓")/8) | ... K13: =IF(8=0,0,COUNTIF(K5:K12,"✓")/8) | L13: =C2

Sheet India Palm
A1: INDIA PALM — build progress
A2: Overall: | C2: =IF(3=0,0,COUNTIF(B5:K7,"✓")/(3*10)) | D2: mark cells with ✓ as each step completes
A4: Balance Sheet | B4: 1 | C4: 2 | D4: 3 | E4: 4 | F4: 5 | G4: 6 | H4: 7 | I4: 8 | J4: 9 | K4: 10 | L4: %
A5: Oil S&D | L5: =COUNTIF(B5:K5,"✓")/10
A6: Kernel Oil S&D | L6: =COUNTIF(B6:K6,"✓")/10
A7: Trade | L7: =COUNTIF(B7:K7,"✓")/10
A8: TAB TOTAL | B8: =IF(3=0,0,COUNTIF(B5:B7,"✓")/3) | C8: =IF(3=0,0,COUNTIF(C5:C7,"✓")/3) | D8: =IF(3=0,0,COUNTIF(D5:D7,"✓")/3) | E8: =IF(3=0,0,COUNTIF(E5:E7,"✓")/3) | F8: =IF(3=0,0,COUNTIF(F5:F7,"✓")/3) | G8: =IF(3=0,0,COUNTIF(G5:G7,"✓")/3) | H8: =IF(3=0,0,COUNTIF(H5:H7,"✓")/3) | I8: =IF(3=0,0,COUNTIF(I5:I7,"✓")/3) | ... K8: =IF(3=0,0,COUNTIF(K5:K7,"✓")/3) | L8: =C2

Sheet China Palm
A1: CHINA PALM — build progress
A2: Overall: | C2: =IF(3=0,0,COUNTIF(B5:K7,"✓")/(3*10)) | D2: mark cells with ✓ as each step completes
A4: Balance Sheet | B4: 1 | C4: 2 | D4: 3 | E4: 4 | F4: 5 | G4: 6 | H4: 7 | I4: 8 | J4: 9 | K4: 10 | L4: %
A5: Oil S&D | L5: =COUNTIF(B5:K5,"✓")/10
A6: Kernel Oil S&D | L6: =COUNTIF(B6:K6,"✓")/10
A7: Trade | L7: =COUNTIF(B7:K7,"✓")/10
A8: TAB TOTAL | B8: =IF(3=0,0,COUNTIF(B5:B7,"✓")/3) | C8: =IF(3=0,0,COUNTIF(C5:C7,"✓")/3) | D8: =IF(3=0,0,COUNTIF(D5:D7,"✓")/3) | E8: =IF(3=0,0,COUNTIF(E5:E7,"✓")/3) | F8: =IF(3=0,0,COUNTIF(F5:F7,"✓")/3) | G8: =IF(3=0,0,COUNTIF(G5:G7,"✓")/3) | H8: =IF(3=0,0,COUNTIF(H5:H7,"✓")/3) | I8: =IF(3=0,0,COUNTIF(I5:I7,"✓")/3) | ... K8: =IF(3=0,0,COUNTIF(K5:K7,"✓")/3) | L8: =C2

Sheet EU Palm
A1: EUROPE PALM — build progress
A2: Overall: | C2: =IF(3=0,0,COUNTIF(B5:K7,"✓")/(3*10)) | D2: mark cells with ✓ as each step completes
A4: Balance Sheet | B4: 1 | C4: 2 | D4: 3 | E4: 4 | F4: 5 | G4: 6 | H4: 7 | I4: 8 | J4: 9 | K4: 10 | L4: %
A5: Oil S&D | L5: =COUNTIF(B5:K5,"✓")/10
A6: Kernel Oil S&D | L6: =COUNTIF(B6:K6,"✓")/10
A7: Trade | L7: =COUNTIF(B7:K7,"✓")/10
A8: TAB TOTAL | B8: =IF(3=0,0,COUNTIF(B5:B7,"✓")/3) | C8: =IF(3=0,0,COUNTIF(C5:C7,"✓")/3) | D8: =IF(3=0,0,COUNTIF(D5:D7,"✓")/3) | E8: =IF(3=0,0,COUNTIF(E5:E7,"✓")/3) | F8: =IF(3=0,0,COUNTIF(F5:F7,"✓")/3) | G8: =IF(3=0,0,COUNTIF(G5:G7,"✓")/3) | H8: =IF(3=0,0,COUNTIF(H5:H7,"✓")/3) | I8: =IF(3=0,0,COUNTIF(I5:I7,"✓")/3) | ... K8: =IF(3=0,0,COUNTIF(K5:K7,"✓")/3) | L8: =C2

Sheet Colombia Palm
A1: COLOMBIA PALM — build progress
A2: Overall: | C2: =IF(8=0,0,COUNTIF(B5:K12,"✓")/(8*10)) | D2: mark cells with ✓ as each step completes
A4: Balance Sheet | B4: 1 | C4: 2 | D4: 3 | E4: 4 | F4: 5 | G4: 6 | H4: 7 | I4: 8 | J4: 9 | K4: 10 | L4: %
A5: Plantation | L5: =COUNTIF(B5:K5,"✓")/10
A6: Seed S&D | L6: =COUNTIF(B6:K6,"✓")/10
A7: Crush | L7: =COUNTIF(B7:K7,"✓")/10
A8: Oil S&D | L8: =COUNTIF(B8:K8,"✓")/10
A9: Kernel Oil S&D | L9: =COUNTIF(B9:K9,"✓")/10
A10: Meal S&D | L10: =COUNTIF(B10:K10,"✓")/10
A11: Trade | L11: =COUNTIF(B11:K11,"✓")/10
A12: Stocks | L12: =COUNTIF(B12:K12,"✓")/10
A13: TAB TOTAL | B13: =IF(8=0,0,COUNTIF(B5:B12,"✓")/8) | C13: =IF(8=0,0,COUNTIF(C5:C12,"✓")/8) | D13: =IF(8=0,0,COUNTIF(D5:D12,"✓")/8) | E13: =IF(8=0,0,COUNTIF(E5:E12,"✓")/8) | F13: =IF(8=0,0,COUNTIF(F5:F12,"✓")/8) | G13: =IF(8=0,0,COUNTIF(G5:G12,"✓")/8) | H13: =IF(8=0,0,COUNTIF(H5:H12,"✓")/8) | I13: =IF(8=0,0,COUNTIF(I5:I12,"✓")/8) | ... K13: =IF(8=0,0,COUNTIF(K5:K12,"✓")/8) | L13: =C2

Sheet Guatemala Palm
A1: GUATEMALA PALM — build progress
A2: Overall: | C2: =IF(8=0,0,COUNTIF(B5:K12,"✓")/(8*10)) | D2: mark cells with ✓ as each step completes
A4: Balance Sheet | B4: 1 | C4: 2 | D4: 3 | E4: 4 | F4: 5 | G4: 6 | H4: 7 | I4: 8 | J4: 9 | K4: 10 | L4: %
A5: Plantation | L5: =COUNTIF(B5:K5,"✓")/10
A6: Seed S&D | L6: =COUNTIF(B6:K6,"✓")/10
A7: Crush | L7: =COUNTIF(B7:K7,"✓")/10
A8: Oil S&D | L8: =COUNTIF(B8:K8,"✓")/10
A9: Kernel Oil S&D | L9: =COUNTIF(B9:K9,"✓")/10
A10: Meal S&D | L10: =COUNTIF(B10:K10,"✓")/10
A11: Trade | L11: =COUNTIF(B11:K11,"✓")/10
A12: Stocks | L12: =COUNTIF(B12:K12,"✓")/10
A13: TAB TOTAL | B13: =IF(8=0,0,COUNTIF(B5:B12,"✓")/8) | C13: =IF(8=0,0,COUNTIF(C5:C12,"✓")/8) | D13: =IF(8=0,0,COUNTIF(D5:D12,"✓")/8) | E13: =IF(8=0,0,COUNTIF(E5:E12,"✓")/8) | F13: =IF(8=0,0,COUNTIF(F5:F12,"✓")/8) | G13: =IF(8=0,0,COUNTIF(G5:G12,"✓")/8) | H13: =IF(8=0,0,COUNTIF(H5:H12,"✓")/8) | I13: =IF(8=0,0,COUNTIF(I5:I12,"✓")/8) | ... K13: =IF(8=0,0,COUNTIF(K5:K12,"✓")/8) | L13: =C2

Sheet Mexico Palm
A1: MEXICO PALM — build progress
A2: Overall: | C2: =IF(3=0,0,COUNTIF(B5:K7,"✓")/(3*10)) | D2: mark cells with ✓ as each step completes
A4: Balance Sheet | B4: 1 | C4: 2 | D4: 3 | E4: 4 | F4: 5 | G4: 6 | H4: 7 | I4: 8 | J4: 9 | K4: 10 | L4: %
A5: Oil S&D | L5: =COUNTIF(B5:K5,"✓")/10
A6: Kernel Oil S&D | L6: =COUNTIF(B6:K6,"✓")/10
A7: Trade | L7: =COUNTIF(B7:K7,"✓")/10
A8: TAB TOTAL | B8: =IF(3=0,0,COUNTIF(B5:B7,"✓")/3) | C8: =IF(3=0,0,COUNTIF(C5:C7,"✓")/3) | D8: =IF(3=0,0,COUNTIF(D5:D7,"✓")/3) | E8: =IF(3=0,0,COUNTIF(E5:E7,"✓")/3) | F8: =IF(3=0,0,COUNTIF(F5:F7,"✓")/3) | G8: =IF(3=0,0,COUNTIF(G5:G7,"✓")/3) | H8: =IF(3=0,0,COUNTIF(H5:H7,"✓")/3) | I8: =IF(3=0,0,COUNTIF(I5:I7,"✓")/3) | ... K8: =IF(3=0,0,COUNTIF(K5:K7,"✓")/3) | L8: =C2

Sheet EU Canola
A1: EUROPE RAPESEED / CANOLA — build progress
A2: Overall: | C2: =IF(5=0,0,COUNTIF(B5:K9,"✓")/(5*10)) | D2: mark cells with ✓ as each step completes
A4: Balance Sheet | B4: 1 | C4: 2 | D4: 3 | E4: 4 | F4: 5 | G4: 6 | H4: 7 | I4: 8 | J4: 9 | K4: 10 | L4: %
A5: Seed S&D | L5: =COUNTIF(B5:K5,"✓")/10
A6: Crush | L6: =COUNTIF(B6:K6,"✓")/10
A7: Oil S&D | L7: =COUNTIF(B7:K7,"✓")/10
A8: Meal S&D | L8: =COUNTIF(B8:K8,"✓")/10
A9: Trade | L9: =COUNTIF(B9:K9,"✓")/10
A10: TAB TOTAL | B10: =IF(5=0,0,COUNTIF(B5:B9,"✓")/5) | C10: =IF(5=0,0,COUNTIF(C5:C9,"✓")/5) | D10: =IF(5=0,0,COUNTIF(D5:D9,"✓")/5) | E10: =IF(5=0,0,COUNTIF(E5:E9,"✓")/5) | F10: =IF(5=0,0,COUNTIF(F5:F9,"✓")/5) | G10: =IF(5=0,0,COUNTIF(G5:G9,"✓")/5) | H10: =IF(5=0,0,COUNTIF(H5:H9,"✓")/5) | I10: =IF(5=0,0,COUNTIF(I5:I9,"✓")/5) | ... K10: =IF(5=0,0,COUNTIF(K5:K9,"✓")/5) | L10: =C2

Sheet Canada Canola
A1: CANADA RAPESEED / CANOLA — build progress
A2: Overall: | C2: =IF(5=0,0,COUNTIF(B5:K9,"✓")/(5*10)) | D2: mark cells with ✓ as each step completes
A4: Balance Sheet | B4: 1 | C4: 2 | D4: 3 | E4: 4 | F4: 5 | G4: 6 | H4: 7 | I4: 8 | J4: 9 | K4: 10 | L4: %
A5: Seed S&D | L5: =COUNTIF(B5:K5,"✓")/10
A6: Crush | L6: =COUNTIF(B6:K6,"✓")/10
A7: Oil S&D | L7: =COUNTIF(B7:K7,"✓")/10
A8: Meal S&D | L8: =COUNTIF(B8:K8,"✓")/10
A9: Trade | L9: =COUNTIF(B9:K9,"✓")/10
A10: TAB TOTAL | B10: =IF(5=0,0,COUNTIF(B5:B9,"✓")/5) | C10: =IF(5=0,0,COUNTIF(C5:C9,"✓")/5) | D10: =IF(5=0,0,COUNTIF(D5:D9,"✓")/5) | E10: =IF(5=0,0,COUNTIF(E5:E9,"✓")/5) | F10: =IF(5=0,0,COUNTIF(F5:F9,"✓")/5) | G10: =IF(5=0,0,COUNTIF(G5:G9,"✓")/5) | H10: =IF(5=0,0,COUNTIF(H5:H9,"✓")/5) | I10: =IF(5=0,0,COUNTIF(I5:I9,"✓")/5) | ... K10: =IF(5=0,0,COUNTIF(K5:K9,"✓")/5) | L10: =C2

Sheet Australia Canola
A1: AUSTRALIA RAPESEED / CANOLA — build progress
A2: Overall: | C2: =IF(5=0,0,COUNTIF(B5:K9,"✓")/(5*10)) | D2: mark cells with ✓ as each step completes
A4: Balance Sheet | B4: 1 | C4: 2 | D4: 3 | E4: 4 | F4: 5 | G4: 6 | H4: 7 | I4: 8 | J4: 9 | K4: 10 | L4: %
A5: Seed S&D | L5: =COUNTIF(B5:K5,"✓")/10
A6: Crush | L6: =COUNTIF(B6:K6,"✓")/10
A7: Oil S&D | L7: =COUNTIF(B7:K7,"✓")/10
A8: Meal S&D | L8: =COUNTIF(B8:K8,"✓")/10
A9: Trade | L9: =COUNTIF(B9:K9,"✓")/10
A10: TAB TOTAL | B10: =IF(5=0,0,COUNTIF(B5:B9,"✓")/5) | C10: =IF(5=0,0,COUNTIF(C5:C9,"✓")/5) | D10: =IF(5=0,0,COUNTIF(D5:D9,"✓")/5) | E10: =IF(5=0,0,COUNTIF(E5:E9,"✓")/5) | F10: =IF(5=0,0,COUNTIF(F5:F9,"✓")/5) | G10: =IF(5=0,0,COUNTIF(G5:G9,"✓")/5) | H10: =IF(5=0,0,COUNTIF(H5:H9,"✓")/5) | I10: =IF(5=0,0,COUNTIF(I5:I9,"✓")/5) | ... K10: =IF(5=0,0,COUNTIF(K5:K9,"✓")/5) | L10: =C2

Sheet Russia Canola
A1: RUSSIA RAPESEED / CANOLA — build progress
A2: Overall: | C2: =IF(5=0,0,COUNTIF(B5:K9,"✓")/(5*10)) | D2: mark cells with ✓ as each step completes
A4: Balance Sheet | B4: 1 | C4: 2 | D4: 3 | E4: 4 | F4: 5 | G4: 6 | H4: 7 | I4: 8 | J4: 9 | K4: 10 | L4: %
A5: Seed S&D | L5: =COUNTIF(B5:K5,"✓")/10
A6: Crush | L6: =COUNTIF(B6:K6,"✓")/10
A7: Oil S&D | L7: =COUNTIF(B7:K7,"✓")/10
A8: Meal S&D | L8: =COUNTIF(B8:K8,"✓")/10
A9: Trade | L9: =COUNTIF(B9:K9,"✓")/10
A10: TAB TOTAL | B10: =IF(5=0,0,COUNTIF(B5:B9,"✓")/5) | C10: =IF(5=0,0,COUNTIF(C5:C9,"✓")/5) | D10: =IF(5=0,0,COUNTIF(D5:D9,"✓")/5) | E10: =IF(5=0,0,COUNTIF(E5:E9,"✓")/5) | F10: =IF(5=0,0,COUNTIF(F5:F9,"✓")/5) | G10: =IF(5=0,0,COUNTIF(G5:G9,"✓")/5) | H10: =IF(5=0,0,COUNTIF(H5:H9,"✓")/5) | I10: =IF(5=0,0,COUNTIF(I5:I9,"✓")/5) | ... K10: =IF(5=0,0,COUNTIF(K5:K9,"✓")/5) | L10: =C2

Sheet China Canola
A1: CHINA RAPESEED / CANOLA — build progress
A2: Overall: | C2: =IF(5=0,0,COUNTIF(B5:K9,"✓")/(5*10)) | D2: mark cells with ✓ as each step completes
A4: Balance Sheet | B4: 1 | C4: 2 | D4: 3 | E4: 4 | F4: 5 | G4: 6 | H4: 7 | I4: 8 | J4: 9 | K4: 10 | L4: %
A5: Seed S&D | L5: =COUNTIF(B5:K5,"✓")/10
A6: Crush | L6: =COUNTIF(B6:K6,"✓")/10
A7: Oil S&D | L7: =COUNTIF(B7:K7,"✓")/10
A8: Meal S&D | L8: =COUNTIF(B8:K8,"✓")/10
A9: Trade | L9: =COUNTIF(B9:K9,"✓")/10
A10: TAB TOTAL | B10: =IF(5=0,0,COUNTIF(B5:B9,"✓")/5) | C10: =IF(5=0,0,COUNTIF(C5:C9,"✓")/5) | D10: =IF(5=0,0,COUNTIF(D5:D9,"✓")/5) | E10: =IF(5=0,0,COUNTIF(E5:E9,"✓")/5) | F10: =IF(5=0,0,COUNTIF(F5:F9,"✓")/5) | G10: =IF(5=0,0,COUNTIF(G5:G9,"✓")/5) | H10: =IF(5=0,0,COUNTIF(H5:H9,"✓")/5) | I10: =IF(5=0,0,COUNTIF(I5:I9,"✓")/5) | ... K10: =IF(5=0,0,COUNTIF(K5:K9,"✓")/5) | L10: =C2

Sheet India Canola
A1: INDIA RAPESEED / CANOLA — build progress
A2: Overall: | C2: =IF(5=0,0,COUNTIF(B5:K9,"✓")/(5*10)) | D2: mark cells with ✓ as each step completes
A4: Balance Sheet | B4: 1 | C4: 2 | D4: 3 | E4: 4 | F4: 5 | G4: 6 | H4: 7 | I4: 8 | J4: 9 | K4: 10 | L4: %
A5: Seed S&D | L5: =COUNTIF(B5:K5,"✓")/10
A6: Crush | L6: =COUNTIF(B6:K6,"✓")/10
A7: Oil S&D | L7: =COUNTIF(B7:K7,"✓")/10
A8: Meal S&D | L8: =COUNTIF(B8:K8,"✓")/10
A9: Trade | L9: =COUNTIF(B9:K9,"✓")/10
A10: TAB TOTAL | B10: =IF(5=0,0,COUNTIF(B5:B9,"✓")/5) | C10: =IF(5=0,0,COUNTIF(C5:C9,"✓")/5) | D10: =IF(5=0,0,COUNTIF(D5:D9,"✓")/5) | E10: =IF(5=0,0,COUNTIF(E5:E9,"✓")/5) | F10: =IF(5=0,0,COUNTIF(F5:F9,"✓")/5) | G10: =IF(5=0,0,COUNTIF(G5:G9,"✓")/5) | H10: =IF(5=0,0,COUNTIF(H5:H9,"✓")/5) | I10: =IF(5=0,0,COUNTIF(I5:I9,"✓")/5) | ... K10: =IF(5=0,0,COUNTIF(K5:K9,"✓")/5) | L10: =C2

Sheet Turkey Canola
A1: TURKEY RAPESEED / CANOLA — build progress
A2: Overall: | C2: =IF(5=0,0,COUNTIF(B5:K9,"✓")/(5*10)) | D2: mark cells with ✓ as each step completes
A4: Balance Sheet | B4: 1 | C4: 2 | D4: 3 | E4: 4 | F4: 5 | G4: 6 | H4: 7 | I4: 8 | J4: 9 | K4: 10 | L4: %
A5: Seed S&D | L5: =COUNTIF(B5:K5,"✓")/10
A6: Crush | L6: =COUNTIF(B6:K6,"✓")/10
A7: Oil S&D | L7: =COUNTIF(B7:K7,"✓")/10
A8: Meal S&D | L8: =COUNTIF(B8:K8,"✓")/10
A9: Trade | L9: =COUNTIF(B9:K9,"✓")/10
A10: TAB TOTAL | B10: =IF(5=0,0,COUNTIF(B5:B9,"✓")/5) | C10: =IF(5=0,0,COUNTIF(C5:C9,"✓")/5) | D10: =IF(5=0,0,COUNTIF(D5:D9,"✓")/5) | E10: =IF(5=0,0,COUNTIF(E5:E9,"✓")/5) | F10: =IF(5=0,0,COUNTIF(F5:F9,"✓")/5) | G10: =IF(5=0,0,COUNTIF(G5:G9,"✓")/5) | H10: =IF(5=0,0,COUNTIF(H5:H9,"✓")/5) | I10: =IF(5=0,0,COUNTIF(I5:I9,"✓")/5) | ... K10: =IF(5=0,0,COUNTIF(K5:K9,"✓")/5) | L10: =C2

Sheet Brazil Canola
A1: BRAZIL RAPESEED / CANOLA — build progress
A2: Overall: | C2: =IF(5=0,0,COUNTIF(B5:K9,"✓")/(5*10)) | D2: mark cells with ✓ as each step completes
A4: Balance Sheet | B4: 1 | C4: 2 | D4: 3 | E4: 4 | F4: 5 | G4: 6 | H4: 7 | I4: 8 | J4: 9 | K4: 10 | L4: %
A5: Seed S&D | L5: =COUNTIF(B5:K5,"✓")/10
A6: Crush | L6: =COUNTIF(B6:K6,"✓")/10
A7: Oil S&D | L7: =COUNTIF(B7:K7,"✓")/10
A8: Meal S&D | L8: =COUNTIF(B8:K8,"✓")/10
A9: Trade | L9: =COUNTIF(B9:K9,"✓")/10
A10: TAB TOTAL | B10: =IF(5=0,0,COUNTIF(B5:B9,"✓")/5) | C10: =IF(5=0,0,COUNTIF(C5:C9,"✓")/5) | D10: =IF(5=0,0,COUNTIF(D5:D9,"✓")/5) | E10: =IF(5=0,0,COUNTIF(E5:E9,"✓")/5) | F10: =IF(5=0,0,COUNTIF(F5:F9,"✓")/5) | G10: =IF(5=0,0,COUNTIF(G5:G9,"✓")/5) | H10: =IF(5=0,0,COUNTIF(H5:H9,"✓")/5) | I10: =IF(5=0,0,COUNTIF(I5:I9,"✓")/5) | ... K10: =IF(5=0,0,COUNTIF(K5:K9,"✓")/5) | L10: =C2

Sheet Mexico Canola
A1: MEXICO RAPESEED / CANOLA — build progress
A2: Overall: | C2: =IF(5=0,0,COUNTIF(B5:K9,"✓")/(5*10)) | D2: mark cells with ✓ as each step completes
A4: Balance Sheet | B4: 1 | C4: 2 | D4: 3 | E4: 4 | F4: 5 | G4: 6 | H4: 7 | I4: 8 | J4: 9 | K4: 10 | L4: %
A5: Seed S&D | L5: =COUNTIF(B5:K5,"✓")/10
A6: Crush | L6: =COUNTIF(B6:K6,"✓")/10
A7: Oil S&D | L7: =COUNTIF(B7:K7,"✓")/10
A8: Meal S&D | L8: =COUNTIF(B8:K8,"✓")/10
A9: Trade | L9: =COUNTIF(B9:K9,"✓")/10
A10: TAB TOTAL | B10: =IF(5=0,0,COUNTIF(B5:B9,"✓")/5) | C10: =IF(5=0,0,COUNTIF(C5:C9,"✓")/5) | D10: =IF(5=0,0,COUNTIF(D5:D9,"✓")/5) | E10: =IF(5=0,0,COUNTIF(E5:E9,"✓")/5) | F10: =IF(5=0,0,COUNTIF(F5:F9,"✓")/5) | G10: =IF(5=0,0,COUNTIF(G5:G9,"✓")/5) | H10: =IF(5=0,0,COUNTIF(H5:H9,"✓")/5) | I10: =IF(5=0,0,COUNTIF(I5:I9,"✓")/5) | ... K10: =IF(5=0,0,COUNTIF(K5:K9,"✓")/5) | L10: =C2

Sheet Ukraine Sun
A1: UKRAINE SUNFLOWER — build progress
A2: Overall: | C2: =IF(5=0,0,COUNTIF(B5:K9,"✓")/(5*10)) | D2: mark cells with ✓ as each step completes
A4: Balance Sheet | B4: 1 | C4: 2 | D4: 3 | E4: 4 | F4: 5 | G4: 6 | H4: 7 | I4: 8 | J4: 9 | K4: 10 | L4: %
A5: Seed S&D | L5: =COUNTIF(B5:K5,"✓")/10
A6: Crush | L6: =COUNTIF(B6:K6,"✓")/10
A7: Oil S&D | L7: =COUNTIF(B7:K7,"✓")/10
A8: Meal S&D | L8: =COUNTIF(B8:K8,"✓")/10
A9: Trade | L9: =COUNTIF(B9:K9,"✓")/10
A10: TAB TOTAL | B10: =IF(5=0,0,COUNTIF(B5:B9,"✓")/5) | C10: =IF(5=0,0,COUNTIF(C5:C9,"✓")/5) | D10: =IF(5=0,0,COUNTIF(D5:D9,"✓")/5) | E10: =IF(5=0,0,COUNTIF(E5:E9,"✓")/5) | F10: =IF(5=0,0,COUNTIF(F5:F9,"✓")/5) | G10: =IF(5=0,0,COUNTIF(G5:G9,"✓")/5) | H10: =IF(5=0,0,COUNTIF(H5:H9,"✓")/5) | I10: =IF(5=0,0,COUNTIF(I5:I9,"✓")/5) | ... K10: =IF(5=0,0,COUNTIF(K5:K9,"✓")/5) | L10: =C2

Sheet Russia Sun
A1: RUSSIA SUNFLOWER — build progress
A2: Overall: | C2: =IF(5=0,0,COUNTIF(B5:K9,"✓")/(5*10)) | D2: mark cells with ✓ as each step completes
A4: Balance Sheet | B4: 1 | C4: 2 | D4: 3 | E4: 4 | F4: 5 | G4: 6 | H4: 7 | I4: 8 | J4: 9 | K4: 10 | L4: %
A5: Seed S&D | L5: =COUNTIF(B5:K5,"✓")/10
A6: Crush | L6: =COUNTIF(B6:K6,"✓")/10
A7: Oil S&D | L7: =COUNTIF(B7:K7,"✓")/10
A8: Meal S&D | L8: =COUNTIF(B8:K8,"✓")/10
A9: Trade | L9: =COUNTIF(B9:K9,"✓")/10
A10: TAB TOTAL | B10: =IF(5=0,0,COUNTIF(B5:B9,"✓")/5) | C10: =IF(5=0,0,COUNTIF(C5:C9,"✓")/5) | D10: =IF(5=0,0,COUNTIF(D5:D9,"✓")/5) | E10: =IF(5=0,0,COUNTIF(E5:E9,"✓")/5) | F10: =IF(5=0,0,COUNTIF(F5:F9,"✓")/5) | G10: =IF(5=0,0,COUNTIF(G5:G9,"✓")/5) | H10: =IF(5=0,0,COUNTIF(H5:H9,"✓")/5) | I10: =IF(5=0,0,COUNTIF(I5:I9,"✓")/5) | ... K10: =IF(5=0,0,COUNTIF(K5:K9,"✓")/5) | L10: =C2

Sheet Argentina Sun
A1: ARGENTINA SUNFLOWER — build progress
A2: Overall: | C2: =IF(5=0,0,COUNTIF(B5:K9,"✓")/(5*10)) | D2: mark cells with ✓ as each step completes
A4: Balance Sheet | B4: 1 | C4: 2 | D4: 3 | E4: 4 | F4: 5 | G4: 6 | H4: 7 | I4: 8 | J4: 9 | K4: 10 | L4: %
A5: Seed S&D | L5: =COUNTIF(B5:K5,"✓")/10
A6: Crush | L6: =COUNTIF(B6:K6,"✓")/10
A7: Oil S&D | L7: =COUNTIF(B7:K7,"✓")/10
A8: Meal S&D | L8: =COUNTIF(B8:K8,"✓")/10
A9: Trade | L9: =COUNTIF(B9:K9,"✓")/10
A10: TAB TOTAL | B10: =IF(5=0,0,COUNTIF(B5:B9,"✓")/5) | C10: =IF(5=0,0,COUNTIF(C5:C9,"✓")/5) | D10: =IF(5=0,0,COUNTIF(D5:D9,"✓")/5) | E10: =IF(5=0,0,COUNTIF(E5:E9,"✓")/5) | F10: =IF(5=0,0,COUNTIF(F5:F9,"✓")/5) | G10: =IF(5=0,0,COUNTIF(G5:G9,"✓")/5) | H10: =IF(5=0,0,COUNTIF(H5:H9,"✓")/5) | I10: =IF(5=0,0,COUNTIF(I5:I9,"✓")/5) | ... K10: =IF(5=0,0,COUNTIF(K5:K9,"✓")/5) | L10: =C2

Sheet EU Sun
A1: EUROPE SUNFLOWER — build progress
A2: Overall: | C2: =IF(5=0,0,COUNTIF(B5:K9,"✓")/(5*10)) | D2: mark cells with ✓ as each step completes
A4: Balance Sheet | B4: 1 | C4: 2 | D4: 3 | E4: 4 | F4: 5 | G4: 6 | H4: 7 | I4: 8 | J4: 9 | K4: 10 | L4: %
A5: Seed S&D | L5: =COUNTIF(B5:K5,"✓")/10
A6: Crush | L6: =COUNTIF(B6:K6,"✓")/10
A7: Oil S&D | L7: =COUNTIF(B7:K7,"✓")/10
A8: Meal S&D | L8: =COUNTIF(B8:K8,"✓")/10
A9: Trade | L9: =COUNTIF(B9:K9,"✓")/10
A10: TAB TOTAL | B10: =IF(5=0,0,COUNTIF(B5:B9,"✓")/5) | C10: =IF(5=0,0,COUNTIF(C5:C9,"✓")/5) | D10: =IF(5=0,0,COUNTIF(D5:D9,"✓")/5) | E10: =IF(5=0,0,COUNTIF(E5:E9,"✓")/5) | F10: =IF(5=0,0,COUNTIF(F5:F9,"✓")/5) | G10: =IF(5=0,0,COUNTIF(G5:G9,"✓")/5) | H10: =IF(5=0,0,COUNTIF(H5:H9,"✓")/5) | I10: =IF(5=0,0,COUNTIF(I5:I9,"✓")/5) | ... K10: =IF(5=0,0,COUNTIF(K5:K9,"✓")/5) | L10: =C2

Sheet Turkey Sun
A1: TURKEY SUNFLOWER — build progress
A2: Overall: | C2: =IF(5=0,0,COUNTIF(B5:K9,"✓")/(5*10)) | D2: mark cells with ✓ as each step completes
A4: Balance Sheet | B4: 1 | C4: 2 | D4: 3 | E4: 4 | F4: 5 | G4: 6 | H4: 7 | I4: 8 | J4: 9 | K4: 10 | L4: %
A5: Seed S&D | L5: =COUNTIF(B5:K5,"✓")/10
A6: Crush | L6: =COUNTIF(B6:K6,"✓")/10
A7: Oil S&D | L7: =COUNTIF(B7:K7,"✓")/10
A8: Meal S&D | L8: =COUNTIF(B8:K8,"✓")/10
A9: Trade | L9: =COUNTIF(B9:K9,"✓")/10
A10: TAB TOTAL | B10: =IF(5=0,0,COUNTIF(B5:B9,"✓")/5) | C10: =IF(5=0,0,COUNTIF(C5:C9,"✓")/5) | D10: =IF(5=0,0,COUNTIF(D5:D9,"✓")/5) | E10: =IF(5=0,0,COUNTIF(E5:E9,"✓")/5) | F10: =IF(5=0,0,COUNTIF(F5:F9,"✓")/5) | G10: =IF(5=0,0,COUNTIF(G5:G9,"✓")/5) | H10: =IF(5=0,0,COUNTIF(H5:H9,"✓")/5) | I10: =IF(5=0,0,COUNTIF(I5:I9,"✓")/5) | ... K10: =IF(5=0,0,COUNTIF(K5:K9,"✓")/5) | L10: =C2

Sheet India Sun
A1: INDIA SUNFLOWER — build progress
A2: Overall: | C2: =IF(5=0,0,COUNTIF(B5:K9,"✓")/(5*10)) | D2: mark cells with ✓ as each step completes
A4: Balance Sheet | B4: 1 | C4: 2 | D4: 3 | E4: 4 | F4: 5 | G4: 6 | H4: 7 | I4: 8 | J4: 9 | K4: 10 | L4: %
A5: Seed S&D | L5: =COUNTIF(B5:K5,"✓")/10
A6: Crush | L6: =COUNTIF(B6:K6,"✓")/10
A7: Oil S&D | L7: =COUNTIF(B7:K7,"✓")/10
A8: Meal S&D | L8: =COUNTIF(B8:K8,"✓")/10
A9: Trade | L9: =COUNTIF(B9:K9,"✓")/10
A10: TAB TOTAL | B10: =IF(5=0,0,COUNTIF(B5:B9,"✓")/5) | C10: =IF(5=0,0,COUNTIF(C5:C9,"✓")/5) | D10: =IF(5=0,0,COUNTIF(D5:D9,"✓")/5) | E10: =IF(5=0,0,COUNTIF(E5:E9,"✓")/5) | F10: =IF(5=0,0,COUNTIF(F5:F9,"✓")/5) | G10: =IF(5=0,0,COUNTIF(G5:G9,"✓")/5) | H10: =IF(5=0,0,COUNTIF(H5:H9,"✓")/5) | I10: =IF(5=0,0,COUNTIF(I5:I9,"✓")/5) | ... K10: =IF(5=0,0,COUNTIF(K5:K9,"✓")/5) | L10: =C2

Sheet China Sun
A1: CHINA SUNFLOWER — build progress
A2: Overall: | C2: =IF(5=0,0,COUNTIF(B5:K9,"✓")/(5*10)) | D2: mark cells with ✓ as each step completes
A4: Balance Sheet | B4: 1 | C4: 2 | D4: 3 | E4: 4 | F4: 5 | G4: 6 | H4: 7 | I4: 8 | J4: 9 | K4: 10 | L4: %
A5: Seed S&D | L5: =COUNTIF(B5:K5,"✓")/10
A6: Crush | L6: =COUNTIF(B6:K6,"✓")/10
A7: Oil S&D | L7: =COUNTIF(B7:K7,"✓")/10
A8: Meal S&D | L8: =COUNTIF(B8:K8,"✓")/10
A9: Trade | L9: =COUNTIF(B9:K9,"✓")/10
A10: TAB TOTAL | B10: =IF(5=0,0,COUNTIF(B5:B9,"✓")/5) | C10: =IF(5=0,0,COUNTIF(C5:C9,"✓")/5) | D10: =IF(5=0,0,COUNTIF(D5:D9,"✓")/5) | E10: =IF(5=0,0,COUNTIF(E5:E9,"✓")/5) | F10: =IF(5=0,0,COUNTIF(F5:F9,"✓")/5) | G10: =IF(5=0,0,COUNTIF(G5:G9,"✓")/5) | H10: =IF(5=0,0,COUNTIF(H5:H9,"✓")/5) | I10: =IF(5=0,0,COUNTIF(I5:I9,"✓")/5) | ... K10: =IF(5=0,0,COUNTIF(K5:K9,"✓")/5) | L10: =C2

Sheet Colombia Sun
A1: COLOMBIA SUNFLOWER — build progress
A2: Overall: | C2: =IF(5=0,0,COUNTIF(B5:K9,"✓")/(5*10)) | D2: mark cells with ✓ as each step completes
A4: Balance Sheet | B4: 1 | C4: 2 | D4: 3 | E4: 4 | F4: 5 | G4: 6 | H4: 7 | I4: 8 | J4: 9 | K4: 10 | L4: %
A5: Seed S&D | L5: =COUNTIF(B5:K5,"✓")/10
A6: Crush | L6: =COUNTIF(B6:K6,"✓")/10
A7: Oil S&D | L7: =COUNTIF(B7:K7,"✓")/10
A8: Meal S&D | L8: =COUNTIF(B8:K8,"✓")/10
A9: Trade | L9: =COUNTIF(B9:K9,"✓")/10
A10: TAB TOTAL | B10: =IF(5=0,0,COUNTIF(B5:B9,"✓")/5) | C10: =IF(5=0,0,COUNTIF(C5:C9,"✓")/5) | D10: =IF(5=0,0,COUNTIF(D5:D9,"✓")/5) | E10: =IF(5=0,0,COUNTIF(E5:E9,"✓")/5) | F10: =IF(5=0,0,COUNTIF(F5:F9,"✓")/5) | G10: =IF(5=0,0,COUNTIF(G5:G9,"✓")/5) | H10: =IF(5=0,0,COUNTIF(H5:H9,"✓")/5) | I10: =IF(5=0,0,COUNTIF(I5:I9,"✓")/5) | ... K10: =IF(5=0,0,COUNTIF(K5:K9,"✓")/5) | L10: =C2

Sheet Mexico Sun
A1: MEXICO SUNFLOWER — build progress
A2: Overall: | C2: =IF(5=0,0,COUNTIF(B5:K9,"✓")/(5*10)) | D2: mark cells with ✓ as each step completes
A4: Balance Sheet | B4: 1 | C4: 2 | D4: 3 | E4: 4 | F4: 5 | G4: 6 | H4: 7 | I4: 8 | J4: 9 | K4: 10 | L4: %
A5: Seed S&D | L5: =COUNTIF(B5:K5,"✓")/10
A6: Crush | L6: =COUNTIF(B6:K6,"✓")/10
A7: Oil S&D | L7: =COUNTIF(B7:K7,"✓")/10
A8: Meal S&D | L8: =COUNTIF(B8:K8,"✓")/10
A9: Trade | L9: =COUNTIF(B9:K9,"✓")/10
A10: TAB TOTAL | B10: =IF(5=0,0,COUNTIF(B5:B9,"✓")/5) | C10: =IF(5=0,0,COUNTIF(C5:C9,"✓")/5) | D10: =IF(5=0,0,COUNTIF(D5:D9,"✓")/5) | E10: =IF(5=0,0,COUNTIF(E5:E9,"✓")/5) | F10: =IF(5=0,0,COUNTIF(F5:F9,"✓")/5) | G10: =IF(5=0,0,COUNTIF(G5:G9,"✓")/5) | H10: =IF(5=0,0,COUNTIF(H5:H9,"✓")/5) | I10: =IF(5=0,0,COUNTIF(I5:I9,"✓")/5) | ... K10: =IF(5=0,0,COUNTIF(K5:K9,"✓")/5) | L10: =C2

Sheet US Soybean
A1: UNITED STATES SOYBEAN — build progress
A2: Overall: | C2: =IF(5=0,0,COUNTIF(B5:K9,"✓")/(5*10)) | D2: mark cells with ✓ as each step completes
A4: Balance Sheet | B4: 1 | C4: 2 | D4: 3 | E4: 4 | F4: 5 | G4: 6 | H4: 7 | I4: 8 | J4: 9 | K4: 10 | L4: %
A5: Seed S&D | L5: =COUNTIF(B5:K5,"✓")/10
A6: Crush | L6: =COUNTIF(B6:K6,"✓")/10
A7: Oil S&D | L7: =COUNTIF(B7:K7,"✓")/10
A8: Meal S&D | L8: =COUNTIF(B8:K8,"✓")/10
A9: Trade | L9: =COUNTIF(B9:K9,"✓")/10
A10: TAB TOTAL | B10: =IF(5=0,0,COUNTIF(B5:B9,"✓")/5) | C10: =IF(5=0,0,COUNTIF(C5:C9,"✓")/5) | D10: =IF(5=0,0,COUNTIF(D5:D9,"✓")/5) | E10: =IF(5=0,0,COUNTIF(E5:E9,"✓")/5) | F10: =IF(5=0,0,COUNTIF(F5:F9,"✓")/5) | G10: =IF(5=0,0,COUNTIF(G5:G9,"✓")/5) | H10: =IF(5=0,0,COUNTIF(H5:H9,"✓")/5) | I10: =IF(5=0,0,COUNTIF(I5:I9,"✓")/5) | ... K10: =IF(5=0,0,COUNTIF(K5:K9,"✓")/5) | L10: =C2

Sheet Brazil Soybean
A1: BRAZIL SOYBEAN — build progress
A2: Overall: | C2: =IF(5=0,0,COUNTIF(B5:K9,"✓")/(5*10)) | D2: mark cells with ✓ as each step completes
A4: Balance Sheet | B4: 1 | C4: 2 | D4: 3 | E4: 4 | F4: 5 | G4: 6 | H4: 7 | I4: 8 | J4: 9 | K4: 10 | L4: %
A5: Seed S&D | L5: =COUNTIF(B5:K5,"✓")/10
A6: Crush | L6: =COUNTIF(B6:K6,"✓")/10
A7: Oil S&D | L7: =COUNTIF(B7:K7,"✓")/10
A8: Meal S&D | L8: =COUNTIF(B8:K8,"✓")/10
A9: Trade | L9: =COUNTIF(B9:K9,"✓")/10
A10: TAB TOTAL | B10: =IF(5=0,0,COUNTIF(B5:B9,"✓")/5) | C10: =IF(5=0,0,COUNTIF(C5:C9,"✓")/5) | D10: =IF(5=0,0,COUNTIF(D5:D9,"✓")/5) | E10: =IF(5=0,0,COUNTIF(E5:E9,"✓")/5) | F10: =IF(5=0,0,COUNTIF(F5:F9,"✓")/5) | G10: =IF(5=0,0,COUNTIF(G5:G9,"✓")/5) | H10: =IF(5=0,0,COUNTIF(H5:H9,"✓")/5) | I10: =IF(5=0,0,COUNTIF(I5:I9,"✓")/5) | ... K10: =IF(5=0,0,COUNTIF(K5:K9,"✓")/5) | L10: =C2

Sheet Argentina Soybean
A1: ARGENTINA SOYBEAN — build progress
A2: Overall: | C2: =IF(5=0,0,COUNTIF(B5:K9,"✓")/(5*10)) | D2: mark cells with ✓ as each step completes
A4: Balance Sheet | B4: 1 | C4: 2 | D4: 3 | E4: 4 | F4: 5 | G4: 6 | H4: 7 | I4: 8 | J4: 9 | K4: 10 | L4: %
A5: Seed S&D | L5: =COUNTIF(B5:K5,"✓")/10
A6: Crush | L6: =COUNTIF(B6:K6,"✓")/10
A7: Oil S&D | L7: =COUNTIF(B7:K7,"✓")/10
A8: Meal S&D | L8: =COUNTIF(B8:K8,"✓")/10
A9: Trade | L9: =COUNTIF(B9:K9,"✓")/10
A10: TAB TOTAL | B10: =IF(5=0,0,COUNTIF(B5:B9,"✓")/5) | C10: =IF(5=0,0,COUNTIF(C5:C9,"✓")/5) | D10: =IF(5=0,0,COUNTIF(D5:D9,"✓")/5) | E10: =IF(5=0,0,COUNTIF(E5:E9,"✓")/5) | F10: =IF(5=0,0,COUNTIF(F5:F9,"✓")/5) | G10: =IF(5=0,0,COUNTIF(G5:G9,"✓")/5) | H10: =IF(5=0,0,COUNTIF(H5:H9,"✓")/5) | I10: =IF(5=0,0,COUNTIF(I5:I9,"✓")/5) | ... K10: =IF(5=0,0,COUNTIF(K5:K9,"✓")/5) | L10: =C2

Sheet China Soybean
A1: CHINA SOYBEAN — build progress
A2: Overall: | C2: =IF(5=0,0,COUNTIF(B5:K9,"✓")/(5*10)) | D2: mark cells with ✓ as each step completes
A4: Balance Sheet | B4: 1 | C4: 2 | D4: 3 | E4: 4 | F4: 5 | G4: 6 | H4: 7 | I4: 8 | J4: 9 | K4: 10 | L4: %
A5: Seed S&D | L5: =COUNTIF(B5:K5,"✓")/10
A6: Crush | L6: =COUNTIF(B6:K6,"✓")/10
A7: Oil S&D | L7: =COUNTIF(B7:K7,"✓")/10
A8: Meal S&D | L8: =COUNTIF(B8:K8,"✓")/10
A9: Trade | L9: =COUNTIF(B9:K9,"✓")/10
A10: TAB TOTAL | B10: =IF(5=0,0,COUNTIF(B5:B9,"✓")/5) | C10: =IF(5=0,0,COUNTIF(C5:C9,"✓")/5) | D10: =IF(5=0,0,COUNTIF(D5:D9,"✓")/5) | E10: =IF(5=0,0,COUNTIF(E5:E9,"✓")/5) | F10: =IF(5=0,0,COUNTIF(F5:F9,"✓")/5) | G10: =IF(5=0,0,COUNTIF(G5:G9,"✓")/5) | H10: =IF(5=0,0,COUNTIF(H5:H9,"✓")/5) | I10: =IF(5=0,0,COUNTIF(I5:I9,"✓")/5) | ... K10: =IF(5=0,0,COUNTIF(K5:K9,"✓")/5) | L10: =C2

Sheet India Soybean
A1: INDIA SOYBEAN — build progress
A2: Overall: | C2: =IF(5=0,0,COUNTIF(B5:K9,"✓")/(5*10)) | D2: mark cells with ✓ as each step completes
A4: Balance Sheet | B4: 1 | C4: 2 | D4: 3 | E4: 4 | F4: 5 | G4: 6 | H4: 7 | I4: 8 | J4: 9 | K4: 10 | L4: %
A5: Seed S&D | L5: =COUNTIF(B5:K5,"✓")/10
A6: Crush | L6: =COUNTIF(B6:K6,"✓")/10
A7: Oil S&D | L7: =COUNTIF(B7:K7,"✓")/10
A8: Meal S&D | L8: =COUNTIF(B8:K8,"✓")/10
A9: Trade | L9: =COUNTIF(B9:K9,"✓")/10
A10: TAB TOTAL | B10: =IF(5=0,0,COUNTIF(B5:B9,"✓")/5) | C10: =IF(5=0,0,COUNTIF(C5:C9,"✓")/5) | D10: =IF(5=0,0,COUNTIF(D5:D9,"✓")/5) | E10: =IF(5=0,0,COUNTIF(E5:E9,"✓")/5) | F10: =IF(5=0,0,COUNTIF(F5:F9,"✓")/5) | G10: =IF(5=0,0,COUNTIF(G5:G9,"✓")/5) | H10: =IF(5=0,0,COUNTIF(H5:H9,"✓")/5) | I10: =IF(5=0,0,COUNTIF(I5:I9,"✓")/5) | ... K10: =IF(5=0,0,COUNTIF(K5:K9,"✓")/5) | L10: =C2

Sheet EU Soybean
A1: EUROPE SOYBEAN — build progress
A2: Overall: | C2: =IF(5=0,0,COUNTIF(B5:K9,"✓")/(5*10)) | D2: mark cells with ✓ as each step completes
A4: Balance Sheet | B4: 1 | C4: 2 | D4: 3 | E4: 4 | F4: 5 | G4: 6 | H4: 7 | I4: 8 | J4: 9 | K4: 10 | L4: %
A5: Seed S&D | L5: =COUNTIF(B5:K5,"✓")/10
A6: Crush | L6: =COUNTIF(B6:K6,"✓")/10
A7: Oil S&D | L7: =COUNTIF(B7:K7,"✓")/10
A8: Meal S&D | L8: =COUNTIF(B8:K8,"✓")/10
A9: Trade | L9: =COUNTIF(B9:K9,"✓")/10
A10: TAB TOTAL | B10: =IF(5=0,0,COUNTIF(B5:B9,"✓")/5) | C10: =IF(5=0,0,COUNTIF(C5:C9,"✓")/5) | D10: =IF(5=0,0,COUNTIF(D5:D9,"✓")/5) | E10: =IF(5=0,0,COUNTIF(E5:E9,"✓")/5) | F10: =IF(5=0,0,COUNTIF(F5:F9,"✓")/5) | G10: =IF(5=0,0,COUNTIF(G5:G9,"✓")/5) | H10: =IF(5=0,0,COUNTIF(H5:H9,"✓")/5) | I10: =IF(5=0,0,COUNTIF(I5:I9,"✓")/5) | ... K10: =IF(5=0,0,COUNTIF(K5:K9,"✓")/5) | L10: =C2

Sheet Mexico Soybean
A1: MEXICO SOYBEAN — build progress
A2: Overall: | C2: =IF(5=0,0,COUNTIF(B5:K9,"✓")/(5*10)) | D2: mark cells with ✓ as each step completes
A4: Balance Sheet | B4: 1 | C4: 2 | D4: 3 | E4: 4 | F4: 5 | G4: 6 | H4: 7 | I4: 8 | J4: 9 | K4: 10 | L4: %
A5: Seed S&D | L5: =COUNTIF(B5:K5,"✓")/10
A6: Crush | L6: =COUNTIF(B6:K6,"✓")/10
A7: Oil S&D | L7: =COUNTIF(B7:K7,"✓")/10
A8: Meal S&D | L8: =COUNTIF(B8:K8,"✓")/10
A9: Trade | L9: =COUNTIF(B9:K9,"✓")/10
A10: TAB TOTAL | B10: =IF(5=0,0,COUNTIF(B5:B9,"✓")/5) | C10: =IF(5=0,0,COUNTIF(C5:C9,"✓")/5) | D10: =IF(5=0,0,COUNTIF(D5:D9,"✓")/5) | E10: =IF(5=0,0,COUNTIF(E5:E9,"✓")/5) | F10: =IF(5=0,0,COUNTIF(F5:F9,"✓")/5) | G10: =IF(5=0,0,COUNTIF(G5:G9,"✓")/5) | H10: =IF(5=0,0,COUNTIF(H5:H9,"✓")/5) | I10: =IF(5=0,0,COUNTIF(I5:I9,"✓")/5) | ... K10: =IF(5=0,0,COUNTIF(K5:K9,"✓")/5) | L10: =C2

Sheet US Corn Oil
A1: UNITED STATES CORN OIL — build progress
A2: Overall: | C2: =IF(2=0,0,COUNTIF(B5:K6,"✓")/(2*10)) | D2: mark cells with ✓ as each step completes
A4: Balance Sheet | B4: 1 | C4: 2 | D4: 3 | E4: 4 | F4: 5 | G4: 6 | H4: 7 | I4: 8 | J4: 9 | K4: 10 | L4: %
A5: Oil S&D | L5: =COUNTIF(B5:K5,"✓")/10
A6: Trade | L6: =COUNTIF(B6:K6,"✓")/10
A7: TAB TOTAL | B7: =IF(2=0,0,COUNTIF(B5:B6,"✓")/2) | C7: =IF(2=0,0,COUNTIF(C5:C6,"✓")/2) | D7: =IF(2=0,0,COUNTIF(D5:D6,"✓")/2) | E7: =IF(2=0,0,COUNTIF(E5:E6,"✓")/2) | F7: =IF(2=0,0,COUNTIF(F5:F6,"✓")/2) | G7: =IF(2=0,0,COUNTIF(G5:G6,"✓")/2) | H7: =IF(2=0,0,COUNTIF(H5:H6,"✓")/2) | I7: =IF(2=0,0,COUNTIF(I5:I6,"✓")/2) | ... K7: =IF(2=0,0,COUNTIF(K5:K6,"✓")/2) | L7: =C2

Sheet Brazil Corn Oil
A1: BRAZIL CORN OIL — build progress
A2: Overall: | C2: =IF(2=0,0,COUNTIF(B5:K6,"✓")/(2*10)) | D2: mark cells with ✓ as each step completes
A4: Balance Sheet | B4: 1 | C4: 2 | D4: 3 | E4: 4 | F4: 5 | G4: 6 | H4: 7 | I4: 8 | J4: 9 | K4: 10 | L4: %
A5: Oil S&D | L5: =COUNTIF(B5:K5,"✓")/10
A6: Trade | L6: =COUNTIF(B6:K6,"✓")/10
A7: TAB TOTAL | B7: =IF(2=0,0,COUNTIF(B5:B6,"✓")/2) | C7: =IF(2=0,0,COUNTIF(C5:C6,"✓")/2) | D7: =IF(2=0,0,COUNTIF(D5:D6,"✓")/2) | E7: =IF(2=0,0,COUNTIF(E5:E6,"✓")/2) | F7: =IF(2=0,0,COUNTIF(F5:F6,"✓")/2) | G7: =IF(2=0,0,COUNTIF(G5:G6,"✓")/2) | H7: =IF(2=0,0,COUNTIF(H5:H6,"✓")/2) | I7: =IF(2=0,0,COUNTIF(I5:I6,"✓")/2) | ... K7: =IF(2=0,0,COUNTIF(K5:K6,"✓")/2) | L7: =C2

Sheet Mexico Corn Oil
A1: MEXICO CORN OIL — build progress
A2: Overall: | C2: =IF(2=0,0,COUNTIF(B5:K6,"✓")/(2*10)) | D2: mark cells with ✓ as each step completes
A4: Balance Sheet | B4: 1 | C4: 2 | D4: 3 | E4: 4 | F4: 5 | G4: 6 | H4: 7 | I4: 8 | J4: 9 | K4: 10 | L4: %
A5: Oil S&D | L5: =COUNTIF(B5:K5,"✓")/10
A6: Trade | L6: =COUNTIF(B6:K6,"✓")/10
A7: TAB TOTAL | B7: =IF(2=0,0,COUNTIF(B5:B6,"✓")/2) | C7: =IF(2=0,0,COUNTIF(C5:C6,"✓")/2) | D7: =IF(2=0,0,COUNTIF(D5:D6,"✓")/2) | E7: =IF(2=0,0,COUNTIF(E5:E6,"✓")/2) | F7: =IF(2=0,0,COUNTIF(F5:F6,"✓")/2) | G7: =IF(2=0,0,COUNTIF(G5:G6,"✓")/2) | H7: =IF(2=0,0,COUNTIF(H5:H6,"✓")/2) | I7: =IF(2=0,0,COUNTIF(I5:I6,"✓")/2) | ... K7: =IF(2=0,0,COUNTIF(K5:K6,"✓")/2) | L7: =C2
