Workbook

Sheet Summary
A1: Food Grains — build progress summary
A2: 14 country × complex tabs. Each cell = COUNTIF of ✓ on that tab. Fill the checkboxes on the country tabs; this rolls up automatically.
A4: Complex | B4: Country | C4: Tier / note | D4: 1 | E4: 2 | F4: 3 | G4: 4 | H4: 5 | I4: 6 | J4: 7 | K4: 8 | L4: 9 | M4: 10 | N4: Overall
A5: GROUP TOTAL | D5: =IFERROR(AVERAGE(D6:D19),0) | E5: =IFERROR(AVERAGE(E6:E19),0) | F5: =IFERROR(AVERAGE(F6:F19),0) | G5: =IFERROR(AVERAGE(G6:G19),0) | H5: =IFERROR(AVERAGE(H6:H19),0) | I5: =IFERROR(AVERAGE(I6:I19),0) | J5: =IFERROR(AVERAGE(J6:J19),0) | K5: =IFERROR(AVERAGE(K6:K19),0) | ... N5: =IFERROR(AVERAGE(N6:N19),0)
A6: Wheat | B6: United States | C6: starter — prune | D6: ='US Wheat'!B8 | E6: ='US Wheat'!C8 | F6: ='US Wheat'!D8 | G6: ='US Wheat'!E8 | H6: ='US Wheat'!F8 | I6: ='US Wheat'!G8 | J6: ='US Wheat'!H8 | K6: ='US Wheat'!I8 | ... M6: ='US Wheat'!K8 | N6: ='US Wheat'!C2
A7: Wheat | B7: Europe | C7: starter — prune | D7: ='EU Wheat'!B8 | E7: ='EU Wheat'!C8 | F7: ='EU Wheat'!D8 | G7: ='EU Wheat'!E8 | H7: ='EU Wheat'!F8 | I7: ='EU Wheat'!G8 | J7: ='EU Wheat'!H8 | K7: ='EU Wheat'!I8 | ... M7: ='EU Wheat'!K8 | N7: ='EU Wheat'!C2
A8: Wheat | B8: Russia | C8: starter — prune | D8: ='Russia Wheat'!B8 | E8: ='Russia Wheat'!C8 | F8: ='Russia Wheat'!D8 | G8: ='Russia Wheat'!E8 | H8: ='Russia Wheat'!F8 | I8: ='Russia Wheat'!G8 | J8: ='Russia Wheat'!H8 | K8: ='Russia Wheat'!I8 | ... M8: ='Russia Wheat'!K8 | N8: ='Russia Wheat'!C2
A9: Wheat | B9: Canada | C9: starter — prune | D9: ='Canada Wheat'!B8 | E9: ='Canada Wheat'!C8 | F9: ='Canada Wheat'!D8 | G9: ='Canada Wheat'!E8 | H9: ='Canada Wheat'!F8 | I9: ='Canada Wheat'!G8 | J9: ='Canada Wheat'!H8 | K9: ='Canada Wheat'!I8 | ... M9: ='Canada Wheat'!K8 | N9: ='Canada Wheat'!C2
A10: Wheat | B10: Australia | C10: starter — prune | D10: ='Australia Wheat'!B8 | E10: ='Australia Wheat'!C8 | F10: ='Australia Wheat'!D8 | G10: ='Australia Wheat'!E8 | H10: ='Australia Wheat'!F8 | I10: ='Australia Wheat'!G8 | J10: ='Australia Wheat'!H8 | K10: ='Australia Wheat'!I8 | ... M10: ='Australia Wheat'!K8 | N10: ='Australia Wheat'!C2
A11: Wheat | B11: Argentina | C11: starter — prune | D11: ='Argentina Wheat'!B8 | E11: ='Argentina Wheat'!C8 | F11: ='Argentina Wheat'!D8 | G11: ='Argentina Wheat'!E8 | H11: ='Argentina Wheat'!F8 | I11: ='Argentina Wheat'!G8 | J11: ='Argentina Wheat'!H8 | K11: ='Argentina Wheat'!I8 | ... M11: ='Argentina Wheat'!K8 | N11: ='Argentina Wheat'!C2
A12: Wheat | B12: Ukraine | C12: starter — prune | D12: ='Ukraine Wheat'!B8 | E12: ='Ukraine Wheat'!C8 | F12: ='Ukraine Wheat'!D8 | G12: ='Ukraine Wheat'!E8 | H12: ='Ukraine Wheat'!F8 | I12: ='Ukraine Wheat'!G8 | J12: ='Ukraine Wheat'!H8 | K12: ='Ukraine Wheat'!I8 | ... M12: ='Ukraine Wheat'!K8 | N12: ='Ukraine Wheat'!C2
A13: Wheat | B13: India | C13: starter — prune | D13: ='India Wheat'!B8 | E13: ='India Wheat'!C8 | F13: ='India Wheat'!D8 | G13: ='India Wheat'!E8 | H13: ='India Wheat'!F8 | I13: ='India Wheat'!G8 | J13: ='India Wheat'!H8 | K13: ='India Wheat'!I8 | ... M13: ='India Wheat'!K8 | N13: ='India Wheat'!C2
A14: Wheat | B14: China | C14: starter — prune | D14: ='China Wheat'!B8 | E14: ='China Wheat'!C8 | F14: ='China Wheat'!D8 | G14: ='China Wheat'!E8 | H14: ='China Wheat'!F8 | I14: ='China Wheat'!G8 | J14: ='China Wheat'!H8 | K14: ='China Wheat'!I8 | ... M14: ='China Wheat'!K8 | N14: ='China Wheat'!C2
A15: Rice | B15: India | C15: starter — prune | D15: ='India Rice'!B8 | E15: ='India Rice'!C8 | F15: ='India Rice'!D8 | G15: ='India Rice'!E8 | H15: ='India Rice'!F8 | I15: ='India Rice'!G8 | J15: ='India Rice'!H8 | K15: ='India Rice'!I8 | ... M15: ='India Rice'!K8 | N15: ='India Rice'!C2
A16: Rice | B16: Thailand | C16: starter — prune | D16: ='Thailand Rice'!B8 | E16: ='Thailand Rice'!C8 | F16: ='Thailand Rice'!D8 | G16: ='Thailand Rice'!E8 | H16: ='Thailand Rice'!F8 | I16: ='Thailand Rice'!G8 | J16: ='Thailand Rice'!H8 | K16: ='Thailand Rice'!I8 | ... M16: ='Thailand Rice'!K8 | N16: ='Thailand Rice'!C2
A17: Rice | B17: Vietnam | C17: starter — prune | D17: ='Vietnam Rice'!B8 | E17: ='Vietnam Rice'!C8 | F17: ='Vietnam Rice'!D8 | G17: ='Vietnam Rice'!E8 | H17: ='Vietnam Rice'!F8 | I17: ='Vietnam Rice'!G8 | J17: ='Vietnam Rice'!H8 | K17: ='Vietnam Rice'!I8 | ... M17: ='Vietnam Rice'!K8 | N17: ='Vietnam Rice'!C2
A18: Rice | B18: United States | C18: starter — prune | D18: ='US Rice'!B8 | E18: ='US Rice'!C8 | F18: ='US Rice'!D8 | G18: ='US Rice'!E8 | H18: ='US Rice'!F8 | I18: ='US Rice'!G8 | J18: ='US Rice'!H8 | K18: ='US Rice'!I8 | ... M18: ='US Rice'!K8 | N18: ='US Rice'!C2
A19: Rice | B19: China | C19: starter — prune | D19: ='China Rice'!B8 | E19: ='China Rice'!C8 | F19: ='China Rice'!D8 | G19: ='China Rice'!E8 | H19: ='China Rice'!F8 | I19: ='China Rice'!G8 | J19: ='China Rice'!H8 | K19: ='China Rice'!I8 | ... M19: ='China Rice'!K8 | N19: ='China Rice'!C2

Sheet US Wheat
A1: UNITED STATES WHEAT — build progress
A2: Overall: | C2: =IF(3=0,0,COUNTIF(B5:K7,"✓")/(3*10)) | D2: mark cells with ✓ as each step completes
A4: Balance Sheet | B4: 1 | C4: 2 | D4: 3 | E4: 4 | F4: 5 | G4: 6 | H4: 7 | I4: 8 | J4: 9 | K4: 10 | L4: %
A5: S&D | L5: =COUNTIF(B5:K5,"✓")/10
A6: Trade | L6: =COUNTIF(B6:K6,"✓")/10
A7: Stocks | L7: =COUNTIF(B7:K7,"✓")/10
A8: TAB TOTAL | B8: =IF(3=0,0,COUNTIF(B5:B7,"✓")/3) | C8: =IF(3=0,0,COUNTIF(C5:C7,"✓")/3) | D8: =IF(3=0,0,COUNTIF(D5:D7,"✓")/3) | E8: =IF(3=0,0,COUNTIF(E5:E7,"✓")/3) | F8: =IF(3=0,0,COUNTIF(F5:F7,"✓")/3) | G8: =IF(3=0,0,COUNTIF(G5:G7,"✓")/3) | H8: =IF(3=0,0,COUNTIF(H5:H7,"✓")/3) | I8: =IF(3=0,0,COUNTIF(I5:I7,"✓")/3) | ... K8: =IF(3=0,0,COUNTIF(K5:K7,"✓")/3) | L8: =C2

Sheet EU Wheat
A1: EUROPE WHEAT — build progress
A2: Overall: | C2: =IF(3=0,0,COUNTIF(B5:K7,"✓")/(3*10)) | D2: mark cells with ✓ as each step completes
A4: Balance Sheet | B4: 1 | C4: 2 | D4: 3 | E4: 4 | F4: 5 | G4: 6 | H4: 7 | I4: 8 | J4: 9 | K4: 10 | L4: %
A5: S&D | L5: =COUNTIF(B5:K5,"✓")/10
A6: Trade | L6: =COUNTIF(B6:K6,"✓")/10
A7: Stocks | L7: =COUNTIF(B7:K7,"✓")/10
A8: TAB TOTAL | B8: =IF(3=0,0,COUNTIF(B5:B7,"✓")/3) | C8: =IF(3=0,0,COUNTIF(C5:C7,"✓")/3) | D8: =IF(3=0,0,COUNTIF(D5:D7,"✓")/3) | E8: =IF(3=0,0,COUNTIF(E5:E7,"✓")/3) | F8: =IF(3=0,0,COUNTIF(F5:F7,"✓")/3) | G8: =IF(3=0,0,COUNTIF(G5:G7,"✓")/3) | H8: =IF(3=0,0,COUNTIF(H5:H7,"✓")/3) | I8: =IF(3=0,0,COUNTIF(I5:I7,"✓")/3) | ... K8: =IF(3=0,0,COUNTIF(K5:K7,"✓")/3) | L8: =C2

Sheet Russia Wheat
A1: RUSSIA WHEAT — build progress
A2: Overall: | C2: =IF(3=0,0,COUNTIF(B5:K7,"✓")/(3*10)) | D2: mark cells with ✓ as each step completes
A4: Balance Sheet | B4: 1 | C4: 2 | D4: 3 | E4: 4 | F4: 5 | G4: 6 | H4: 7 | I4: 8 | J4: 9 | K4: 10 | L4: %
A5: S&D | L5: =COUNTIF(B5:K5,"✓")/10
A6: Trade | L6: =COUNTIF(B6:K6,"✓")/10
A7: Stocks | L7: =COUNTIF(B7:K7,"✓")/10
A8: TAB TOTAL | B8: =IF(3=0,0,COUNTIF(B5:B7,"✓")/3) | C8: =IF(3=0,0,COUNTIF(C5:C7,"✓")/3) | D8: =IF(3=0,0,COUNTIF(D5:D7,"✓")/3) | E8: =IF(3=0,0,COUNTIF(E5:E7,"✓")/3) | F8: =IF(3=0,0,COUNTIF(F5:F7,"✓")/3) | G8: =IF(3=0,0,COUNTIF(G5:G7,"✓")/3) | H8: =IF(3=0,0,COUNTIF(H5:H7,"✓")/3) | I8: =IF(3=0,0,COUNTIF(I5:I7,"✓")/3) | ... K8: =IF(3=0,0,COUNTIF(K5:K7,"✓")/3) | L8: =C2

Sheet Canada Wheat
A1: CANADA WHEAT — build progress
A2: Overall: | C2: =IF(3=0,0,COUNTIF(B5:K7,"✓")/(3*10)) | D2: mark cells with ✓ as each step completes
A4: Balance Sheet | B4: 1 | C4: 2 | D4: 3 | E4: 4 | F4: 5 | G4: 6 | H4: 7 | I4: 8 | J4: 9 | K4: 10 | L4: %
A5: S&D | L5: =COUNTIF(B5:K5,"✓")/10
A6: Trade | L6: =COUNTIF(B6:K6,"✓")/10
A7: Stocks | L7: =COUNTIF(B7:K7,"✓")/10
A8: TAB TOTAL | B8: =IF(3=0,0,COUNTIF(B5:B7,"✓")/3) | C8: =IF(3=0,0,COUNTIF(C5:C7,"✓")/3) | D8: =IF(3=0,0,COUNTIF(D5:D7,"✓")/3) | E8: =IF(3=0,0,COUNTIF(E5:E7,"✓")/3) | F8: =IF(3=0,0,COUNTIF(F5:F7,"✓")/3) | G8: =IF(3=0,0,COUNTIF(G5:G7,"✓")/3) | H8: =IF(3=0,0,COUNTIF(H5:H7,"✓")/3) | I8: =IF(3=0,0,COUNTIF(I5:I7,"✓")/3) | ... K8: =IF(3=0,0,COUNTIF(K5:K7,"✓")/3) | L8: =C2

Sheet Australia Wheat
A1: AUSTRALIA WHEAT — build progress
A2: Overall: | C2: =IF(3=0,0,COUNTIF(B5:K7,"✓")/(3*10)) | D2: mark cells with ✓ as each step completes
A4: Balance Sheet | B4: 1 | C4: 2 | D4: 3 | E4: 4 | F4: 5 | G4: 6 | H4: 7 | I4: 8 | J4: 9 | K4: 10 | L4: %
A5: S&D | L5: =COUNTIF(B5:K5,"✓")/10
A6: Trade | L6: =COUNTIF(B6:K6,"✓")/10
A7: Stocks | L7: =COUNTIF(B7:K7,"✓")/10
A8: TAB TOTAL | B8: =IF(3=0,0,COUNTIF(B5:B7,"✓")/3) | C8: =IF(3=0,0,COUNTIF(C5:C7,"✓")/3) | D8: =IF(3=0,0,COUNTIF(D5:D7,"✓")/3) | E8: =IF(3=0,0,COUNTIF(E5:E7,"✓")/3) | F8: =IF(3=0,0,COUNTIF(F5:F7,"✓")/3) | G8: =IF(3=0,0,COUNTIF(G5:G7,"✓")/3) | H8: =IF(3=0,0,COUNTIF(H5:H7,"✓")/3) | I8: =IF(3=0,0,COUNTIF(I5:I7,"✓")/3) | ... K8: =IF(3=0,0,COUNTIF(K5:K7,"✓")/3) | L8: =C2

Sheet Argentina Wheat
A1: ARGENTINA WHEAT — build progress
A2: Overall: | C2: =IF(3=0,0,COUNTIF(B5:K7,"✓")/(3*10)) | D2: mark cells with ✓ as each step completes
A4: Balance Sheet | B4: 1 | C4: 2 | D4: 3 | E4: 4 | F4: 5 | G4: 6 | H4: 7 | I4: 8 | J4: 9 | K4: 10 | L4: %
A5: S&D | L5: =COUNTIF(B5:K5,"✓")/10
A6: Trade | L6: =COUNTIF(B6:K6,"✓")/10
A7: Stocks | L7: =COUNTIF(B7:K7,"✓")/10
A8: TAB TOTAL | B8: =IF(3=0,0,COUNTIF(B5:B7,"✓")/3) | C8: =IF(3=0,0,COUNTIF(C5:C7,"✓")/3) | D8: =IF(3=0,0,COUNTIF(D5:D7,"✓")/3) | E8: =IF(3=0,0,COUNTIF(E5:E7,"✓")/3) | F8: =IF(3=0,0,COUNTIF(F5:F7,"✓")/3) | G8: =IF(3=0,0,COUNTIF(G5:G7,"✓")/3) | H8: =IF(3=0,0,COUNTIF(H5:H7,"✓")/3) | I8: =IF(3=0,0,COUNTIF(I5:I7,"✓")/3) | ... K8: =IF(3=0,0,COUNTIF(K5:K7,"✓")/3) | L8: =C2

Sheet Ukraine Wheat
A1: UKRAINE WHEAT — build progress
A2: Overall: | C2: =IF(3=0,0,COUNTIF(B5:K7,"✓")/(3*10)) | D2: mark cells with ✓ as each step completes
A4: Balance Sheet | B4: 1 | C4: 2 | D4: 3 | E4: 4 | F4: 5 | G4: 6 | H4: 7 | I4: 8 | J4: 9 | K4: 10 | L4: %
A5: S&D | L5: =COUNTIF(B5:K5,"✓")/10
A6: Trade | L6: =COUNTIF(B6:K6,"✓")/10
A7: Stocks | L7: =COUNTIF(B7:K7,"✓")/10
A8: TAB TOTAL | B8: =IF(3=0,0,COUNTIF(B5:B7,"✓")/3) | C8: =IF(3=0,0,COUNTIF(C5:C7,"✓")/3) | D8: =IF(3=0,0,COUNTIF(D5:D7,"✓")/3) | E8: =IF(3=0,0,COUNTIF(E5:E7,"✓")/3) | F8: =IF(3=0,0,COUNTIF(F5:F7,"✓")/3) | G8: =IF(3=0,0,COUNTIF(G5:G7,"✓")/3) | H8: =IF(3=0,0,COUNTIF(H5:H7,"✓")/3) | I8: =IF(3=0,0,COUNTIF(I5:I7,"✓")/3) | ... K8: =IF(3=0,0,COUNTIF(K5:K7,"✓")/3) | L8: =C2

Sheet India Wheat
A1: INDIA WHEAT — build progress
A2: Overall: | C2: =IF(3=0,0,COUNTIF(B5:K7,"✓")/(3*10)) | D2: mark cells with ✓ as each step completes
A4: Balance Sheet | B4: 1 | C4: 2 | D4: 3 | E4: 4 | F4: 5 | G4: 6 | H4: 7 | I4: 8 | J4: 9 | K4: 10 | L4: %
A5: S&D | L5: =COUNTIF(B5:K5,"✓")/10
A6: Trade | L6: =COUNTIF(B6:K6,"✓")/10
A7: Stocks | L7: =COUNTIF(B7:K7,"✓")/10
A8: TAB TOTAL | B8: =IF(3=0,0,COUNTIF(B5:B7,"✓")/3) | C8: =IF(3=0,0,COUNTIF(C5:C7,"✓")/3) | D8: =IF(3=0,0,COUNTIF(D5:D7,"✓")/3) | E8: =IF(3=0,0,COUNTIF(E5:E7,"✓")/3) | F8: =IF(3=0,0,COUNTIF(F5:F7,"✓")/3) | G8: =IF(3=0,0,COUNTIF(G5:G7,"✓")/3) | H8: =IF(3=0,0,COUNTIF(H5:H7,"✓")/3) | I8: =IF(3=0,0,COUNTIF(I5:I7,"✓")/3) | ... K8: =IF(3=0,0,COUNTIF(K5:K7,"✓")/3) | L8: =C2

Sheet China Wheat
A1: CHINA WHEAT — build progress
A2: Overall: | C2: =IF(3=0,0,COUNTIF(B5:K7,"✓")/(3*10)) | D2: mark cells with ✓ as each step completes
A4: Balance Sheet | B4: 1 | C4: 2 | D4: 3 | E4: 4 | F4: 5 | G4: 6 | H4: 7 | I4: 8 | J4: 9 | K4: 10 | L4: %
A5: S&D | L5: =COUNTIF(B5:K5,"✓")/10
A6: Trade | L6: =COUNTIF(B6:K6,"✓")/10
A7: Stocks | L7: =COUNTIF(B7:K7,"✓")/10
A8: TAB TOTAL | B8: =IF(3=0,0,COUNTIF(B5:B7,"✓")/3) | C8: =IF(3=0,0,COUNTIF(C5:C7,"✓")/3) | D8: =IF(3=0,0,COUNTIF(D5:D7,"✓")/3) | E8: =IF(3=0,0,COUNTIF(E5:E7,"✓")/3) | F8: =IF(3=0,0,COUNTIF(F5:F7,"✓")/3) | G8: =IF(3=0,0,COUNTIF(G5:G7,"✓")/3) | H8: =IF(3=0,0,COUNTIF(H5:H7,"✓")/3) | I8: =IF(3=0,0,COUNTIF(I5:I7,"✓")/3) | ... K8: =IF(3=0,0,COUNTIF(K5:K7,"✓")/3) | L8: =C2

Sheet India Rice
A1: INDIA RICE — build progress
A2: Overall: | C2: =IF(3=0,0,COUNTIF(B5:K7,"✓")/(3*10)) | D2: mark cells with ✓ as each step completes
A4: Balance Sheet | B4: 1 | C4: 2 | D4: 3 | E4: 4 | F4: 5 | G4: 6 | H4: 7 | I4: 8 | J4: 9 | K4: 10 | L4: %
A5: S&D | L5: =COUNTIF(B5:K5,"✓")/10
A6: Trade | L6: =COUNTIF(B6:K6,"✓")/10
A7: Stocks | L7: =COUNTIF(B7:K7,"✓")/10
A8: TAB TOTAL | B8: =IF(3=0,0,COUNTIF(B5:B7,"✓")/3) | C8: =IF(3=0,0,COUNTIF(C5:C7,"✓")/3) | D8: =IF(3=0,0,COUNTIF(D5:D7,"✓")/3) | E8: =IF(3=0,0,COUNTIF(E5:E7,"✓")/3) | F8: =IF(3=0,0,COUNTIF(F5:F7,"✓")/3) | G8: =IF(3=0,0,COUNTIF(G5:G7,"✓")/3) | H8: =IF(3=0,0,COUNTIF(H5:H7,"✓")/3) | I8: =IF(3=0,0,COUNTIF(I5:I7,"✓")/3) | ... K8: =IF(3=0,0,COUNTIF(K5:K7,"✓")/3) | L8: =C2

Sheet Thailand Rice
A1: THAILAND RICE — build progress
A2: Overall: | C2: =IF(3=0,0,COUNTIF(B5:K7,"✓")/(3*10)) | D2: mark cells with ✓ as each step completes
A4: Balance Sheet | B4: 1 | C4: 2 | D4: 3 | E4: 4 | F4: 5 | G4: 6 | H4: 7 | I4: 8 | J4: 9 | K4: 10 | L4: %
A5: S&D | L5: =COUNTIF(B5:K5,"✓")/10
A6: Trade | L6: =COUNTIF(B6:K6,"✓")/10
A7: Stocks | L7: =COUNTIF(B7:K7,"✓")/10
A8: TAB TOTAL | B8: =IF(3=0,0,COUNTIF(B5:B7,"✓")/3) | C8: =IF(3=0,0,COUNTIF(C5:C7,"✓")/3) | D8: =IF(3=0,0,COUNTIF(D5:D7,"✓")/3) | E8: =IF(3=0,0,COUNTIF(E5:E7,"✓")/3) | F8: =IF(3=0,0,COUNTIF(F5:F7,"✓")/3) | G8: =IF(3=0,0,COUNTIF(G5:G7,"✓")/3) | H8: =IF(3=0,0,COUNTIF(H5:H7,"✓")/3) | I8: =IF(3=0,0,COUNTIF(I5:I7,"✓")/3) | ... K8: =IF(3=0,0,COUNTIF(K5:K7,"✓")/3) | L8: =C2

Sheet Vietnam Rice
A1: VIETNAM RICE — build progress
A2: Overall: | C2: =IF(3=0,0,COUNTIF(B5:K7,"✓")/(3*10)) | D2: mark cells with ✓ as each step completes
A4: Balance Sheet | B4: 1 | C4: 2 | D4: 3 | E4: 4 | F4: 5 | G4: 6 | H4: 7 | I4: 8 | J4: 9 | K4: 10 | L4: %
A5: S&D | L5: =COUNTIF(B5:K5,"✓")/10
A6: Trade | L6: =COUNTIF(B6:K6,"✓")/10
A7: Stocks | L7: =COUNTIF(B7:K7,"✓")/10
A8: TAB TOTAL | B8: =IF(3=0,0,COUNTIF(B5:B7,"✓")/3) | C8: =IF(3=0,0,COUNTIF(C5:C7,"✓")/3) | D8: =IF(3=0,0,COUNTIF(D5:D7,"✓")/3) | E8: =IF(3=0,0,COUNTIF(E5:E7,"✓")/3) | F8: =IF(3=0,0,COUNTIF(F5:F7,"✓")/3) | G8: =IF(3=0,0,COUNTIF(G5:G7,"✓")/3) | H8: =IF(3=0,0,COUNTIF(H5:H7,"✓")/3) | I8: =IF(3=0,0,COUNTIF(I5:I7,"✓")/3) | ... K8: =IF(3=0,0,COUNTIF(K5:K7,"✓")/3) | L8: =C2

Sheet US Rice
A1: UNITED STATES RICE — build progress
A2: Overall: | C2: =IF(3=0,0,COUNTIF(B5:K7,"✓")/(3*10)) | D2: mark cells with ✓ as each step completes
A4: Balance Sheet | B4: 1 | C4: 2 | D4: 3 | E4: 4 | F4: 5 | G4: 6 | H4: 7 | I4: 8 | J4: 9 | K4: 10 | L4: %
A5: S&D | L5: =COUNTIF(B5:K5,"✓")/10
A6: Trade | L6: =COUNTIF(B6:K6,"✓")/10
A7: Stocks | L7: =COUNTIF(B7:K7,"✓")/10
A8: TAB TOTAL | B8: =IF(3=0,0,COUNTIF(B5:B7,"✓")/3) | C8: =IF(3=0,0,COUNTIF(C5:C7,"✓")/3) | D8: =IF(3=0,0,COUNTIF(D5:D7,"✓")/3) | E8: =IF(3=0,0,COUNTIF(E5:E7,"✓")/3) | F8: =IF(3=0,0,COUNTIF(F5:F7,"✓")/3) | G8: =IF(3=0,0,COUNTIF(G5:G7,"✓")/3) | H8: =IF(3=0,0,COUNTIF(H5:H7,"✓")/3) | I8: =IF(3=0,0,COUNTIF(I5:I7,"✓")/3) | ... K8: =IF(3=0,0,COUNTIF(K5:K7,"✓")/3) | L8: =C2

Sheet China Rice
A1: CHINA RICE — build progress
A2: Overall: | C2: =IF(3=0,0,COUNTIF(B5:K7,"✓")/(3*10)) | D2: mark cells with ✓ as each step completes
A4: Balance Sheet | B4: 1 | C4: 2 | D4: 3 | E4: 4 | F4: 5 | G4: 6 | H4: 7 | I4: 8 | J4: 9 | K4: 10 | L4: %
A5: S&D | L5: =COUNTIF(B5:K5,"✓")/10
A6: Trade | L6: =COUNTIF(B6:K6,"✓")/10
A7: Stocks | L7: =COUNTIF(B7:K7,"✓")/10
A8: TAB TOTAL | B8: =IF(3=0,0,COUNTIF(B5:B7,"✓")/3) | C8: =IF(3=0,0,COUNTIF(C5:C7,"✓")/3) | D8: =IF(3=0,0,COUNTIF(D5:D7,"✓")/3) | E8: =IF(3=0,0,COUNTIF(E5:E7,"✓")/3) | F8: =IF(3=0,0,COUNTIF(F5:F7,"✓")/3) | G8: =IF(3=0,0,COUNTIF(G5:G7,"✓")/3) | H8: =IF(3=0,0,COUNTIF(H5:H7,"✓")/3) | I8: =IF(3=0,0,COUNTIF(I5:I7,"✓")/3) | ... K8: =IF(3=0,0,COUNTIF(K5:K7,"✓")/3) | L8: =C2
