Workbook

Sheet Summary
A1: Feed Grains — build progress summary
A2: 12 country × complex tabs. Each cell = COUNTIF of ✓ on that tab. Fill the checkboxes on the country tabs; this rolls up automatically.
A4: Complex | B4: Country | C4: Tier / note | D4: 1 | E4: 2 | F4: 3 | G4: 4 | H4: 5 | I4: 6 | J4: 7 | K4: 8 | L4: 9 | M4: 10 | N4: Overall
A5: GROUP TOTAL | D5: =IFERROR(AVERAGE(D6:D17),0) | E5: =IFERROR(AVERAGE(E6:E17),0) | F5: =IFERROR(AVERAGE(F6:F17),0) | G5: =IFERROR(AVERAGE(G6:G17),0) | H5: =IFERROR(AVERAGE(H6:H17),0) | I5: =IFERROR(AVERAGE(I6:I17),0) | J5: =IFERROR(AVERAGE(J6:J17),0) | K5: =IFERROR(AVERAGE(K6:K17),0) | ... N5: =IFERROR(AVERAGE(N6:N17),0)
A6: Corn | B6: United States | C6: starter — prune | D6: ='US Corn'!B9 | E6: ='US Corn'!C9 | F6: ='US Corn'!D9 | G6: ='US Corn'!E9 | H6: ='US Corn'!F9 | I6: ='US Corn'!G9 | J6: ='US Corn'!H9 | K6: ='US Corn'!I9 | ... M6: ='US Corn'!K9 | N6: ='US Corn'!C2
A7: Corn | B7: Brazil | C7: starter — prune | D7: ='Brazil Corn'!B9 | E7: ='Brazil Corn'!C9 | F7: ='Brazil Corn'!D9 | G7: ='Brazil Corn'!E9 | H7: ='Brazil Corn'!F9 | I7: ='Brazil Corn'!G9 | J7: ='Brazil Corn'!H9 | K7: ='Brazil Corn'!I9 | ... M7: ='Brazil Corn'!K9 | N7: ='Brazil Corn'!C2
A8: Corn | B8: Argentina | C8: starter — prune | D8: ='Argentina Corn'!B9 | E8: ='Argentina Corn'!C9 | F8: ='Argentina Corn'!D9 | G8: ='Argentina Corn'!E9 | H8: ='Argentina Corn'!F9 | I8: ='Argentina Corn'!G9 | J8: ='Argentina Corn'!H9 | K8: ='Argentina Corn'!I9 | ... M8: ='Argentina Corn'!K9 | N8: ='Argentina Corn'!C2
A9: Corn | B9: Ukraine | C9: starter — prune | D9: ='Ukraine Corn'!B9 | E9: ='Ukraine Corn'!C9 | F9: ='Ukraine Corn'!D9 | G9: ='Ukraine Corn'!E9 | H9: ='Ukraine Corn'!F9 | I9: ='Ukraine Corn'!G9 | J9: ='Ukraine Corn'!H9 | K9: ='Ukraine Corn'!I9 | ... M9: ='Ukraine Corn'!K9 | N9: ='Ukraine Corn'!C2
A10: Corn | B10: China | C10: starter — prune | D10: ='China Corn'!B9 | E10: ='China Corn'!C9 | F10: ='China Corn'!D9 | G10: ='China Corn'!E9 | H10: ='China Corn'!F9 | I10: ='China Corn'!G9 | J10: ='China Corn'!H9 | K10: ='China Corn'!I9 | ... M10: ='China Corn'!K9 | N10: ='China Corn'!C2
A11: Corn | B11: Europe | C11: starter — prune | D11: ='EU Corn'!B9 | E11: ='EU Corn'!C9 | F11: ='EU Corn'!D9 | G11: ='EU Corn'!E9 | H11: ='EU Corn'!F9 | I11: ='EU Corn'!G9 | J11: ='EU Corn'!H9 | K11: ='EU Corn'!I9 | ... M11: ='EU Corn'!K9 | N11: ='EU Corn'!C2
A12: Sorghum | B12: United States | C12: starter — prune | D12: ='US Sorghum'!B8 | E12: ='US Sorghum'!C8 | F12: ='US Sorghum'!D8 | G12: ='US Sorghum'!E8 | H12: ='US Sorghum'!F8 | I12: ='US Sorghum'!G8 | J12: ='US Sorghum'!H8 | K12: ='US Sorghum'!I8 | ... M12: ='US Sorghum'!K8 | N12: ='US Sorghum'!C2
A13: Sorghum | B13: Argentina | C13: starter — prune | D13: ='Argentina Sorghum'!B8 | E13: ='Argentina Sorghum'!C8 | F13: ='Argentina Sorghum'!D8 | G13: ='Argentina Sorghum'!E8 | H13: ='Argentina Sorghum'!F8 | I13: ='Argentina Sorghum'!G8 | J13: ='Argentina Sorghum'!H8 | K13: ='Argentina Sorghum'!I8 | ... M13: ='Argentina Sorghum'!K8 | N13: ='Argentina Sorghum'!C2
A14: Barley | B14: Europe | C14: starter — prune | D14: ='EU Barley'!B8 | E14: ='EU Barley'!C8 | F14: ='EU Barley'!D8 | G14: ='EU Barley'!E8 | H14: ='EU Barley'!F8 | I14: ='EU Barley'!G8 | J14: ='EU Barley'!H8 | K14: ='EU Barley'!I8 | ... M14: ='EU Barley'!K8 | N14: ='EU Barley'!C2
A15: Barley | B15: Russia | C15: starter — prune | D15: ='Russia Barley'!B8 | E15: ='Russia Barley'!C8 | F15: ='Russia Barley'!D8 | G15: ='Russia Barley'!E8 | H15: ='Russia Barley'!F8 | I15: ='Russia Barley'!G8 | J15: ='Russia Barley'!H8 | K15: ='Russia Barley'!I8 | ... M15: ='Russia Barley'!K8 | N15: ='Russia Barley'!C2
A16: Barley | B16: Australia | C16: starter — prune | D16: ='Australia Barley'!B8 | E16: ='Australia Barley'!C8 | F16: ='Australia Barley'!D8 | G16: ='Australia Barley'!E8 | H16: ='Australia Barley'!F8 | I16: ='Australia Barley'!G8 | J16: ='Australia Barley'!H8 | K16: ='Australia Barley'!I8 | ... M16: ='Australia Barley'!K8 | N16: ='Australia Barley'!C2
A17: Barley | B17: Canada | C17: starter — prune | D17: ='Canada Barley'!B8 | E17: ='Canada Barley'!C8 | F17: ='Canada Barley'!D8 | G17: ='Canada Barley'!E8 | H17: ='Canada Barley'!F8 | I17: ='Canada Barley'!G8 | J17: ='Canada Barley'!H8 | K17: ='Canada Barley'!I8 | ... M17: ='Canada Barley'!K8 | N17: ='Canada Barley'!C2

Sheet US Corn
A1: UNITED STATES CORN — build progress
A2: Overall: | C2: =IF(4=0,0,COUNTIF(B5:K8,"✓")/(4*10)) | D2: mark cells with ✓ as each step completes
A4: Balance Sheet | B4: 1 | C4: 2 | D4: 3 | E4: 4 | F4: 5 | G4: 6 | H4: 7 | I4: 8 | J4: 9 | K4: 10 | L4: %
A5: S&D | L5: =COUNTIF(B5:K5,"✓")/10
A6: Trade | L6: =COUNTIF(B6:K6,"✓")/10
A7: Stocks | L7: =COUNTIF(B7:K7,"✓")/10
A8: Ethanol / DDGS | L8: =COUNTIF(B8:K8,"✓")/10
A9: TAB TOTAL | B9: =IF(4=0,0,COUNTIF(B5:B8,"✓")/4) | C9: =IF(4=0,0,COUNTIF(C5:C8,"✓")/4) | D9: =IF(4=0,0,COUNTIF(D5:D8,"✓")/4) | E9: =IF(4=0,0,COUNTIF(E5:E8,"✓")/4) | F9: =IF(4=0,0,COUNTIF(F5:F8,"✓")/4) | G9: =IF(4=0,0,COUNTIF(G5:G8,"✓")/4) | H9: =IF(4=0,0,COUNTIF(H5:H8,"✓")/4) | I9: =IF(4=0,0,COUNTIF(I5:I8,"✓")/4) | ... K9: =IF(4=0,0,COUNTIF(K5:K8,"✓")/4) | L9: =C2

Sheet Brazil Corn
A1: BRAZIL CORN — build progress
A2: Overall: | C2: =IF(4=0,0,COUNTIF(B5:K8,"✓")/(4*10)) | D2: mark cells with ✓ as each step completes
A4: Balance Sheet | B4: 1 | C4: 2 | D4: 3 | E4: 4 | F4: 5 | G4: 6 | H4: 7 | I4: 8 | J4: 9 | K4: 10 | L4: %
A5: S&D | L5: =COUNTIF(B5:K5,"✓")/10
A6: Trade | L6: =COUNTIF(B6:K6,"✓")/10
A7: Stocks | L7: =COUNTIF(B7:K7,"✓")/10
A8: Ethanol / DDGS | L8: =COUNTIF(B8:K8,"✓")/10
A9: TAB TOTAL | B9: =IF(4=0,0,COUNTIF(B5:B8,"✓")/4) | C9: =IF(4=0,0,COUNTIF(C5:C8,"✓")/4) | D9: =IF(4=0,0,COUNTIF(D5:D8,"✓")/4) | E9: =IF(4=0,0,COUNTIF(E5:E8,"✓")/4) | F9: =IF(4=0,0,COUNTIF(F5:F8,"✓")/4) | G9: =IF(4=0,0,COUNTIF(G5:G8,"✓")/4) | H9: =IF(4=0,0,COUNTIF(H5:H8,"✓")/4) | I9: =IF(4=0,0,COUNTIF(I5:I8,"✓")/4) | ... K9: =IF(4=0,0,COUNTIF(K5:K8,"✓")/4) | L9: =C2

Sheet Argentina Corn
A1: ARGENTINA CORN — build progress
A2: Overall: | C2: =IF(4=0,0,COUNTIF(B5:K8,"✓")/(4*10)) | D2: mark cells with ✓ as each step completes
A4: Balance Sheet | B4: 1 | C4: 2 | D4: 3 | E4: 4 | F4: 5 | G4: 6 | H4: 7 | I4: 8 | J4: 9 | K4: 10 | L4: %
A5: S&D | L5: =COUNTIF(B5:K5,"✓")/10
A6: Trade | L6: =COUNTIF(B6:K6,"✓")/10
A7: Stocks | L7: =COUNTIF(B7:K7,"✓")/10
A8: Ethanol / DDGS | L8: =COUNTIF(B8:K8,"✓")/10
A9: TAB TOTAL | B9: =IF(4=0,0,COUNTIF(B5:B8,"✓")/4) | C9: =IF(4=0,0,COUNTIF(C5:C8,"✓")/4) | D9: =IF(4=0,0,COUNTIF(D5:D8,"✓")/4) | E9: =IF(4=0,0,COUNTIF(E5:E8,"✓")/4) | F9: =IF(4=0,0,COUNTIF(F5:F8,"✓")/4) | G9: =IF(4=0,0,COUNTIF(G5:G8,"✓")/4) | H9: =IF(4=0,0,COUNTIF(H5:H8,"✓")/4) | I9: =IF(4=0,0,COUNTIF(I5:I8,"✓")/4) | ... K9: =IF(4=0,0,COUNTIF(K5:K8,"✓")/4) | L9: =C2

Sheet Ukraine Corn
A1: UKRAINE CORN — build progress
A2: Overall: | C2: =IF(4=0,0,COUNTIF(B5:K8,"✓")/(4*10)) | D2: mark cells with ✓ as each step completes
A4: Balance Sheet | B4: 1 | C4: 2 | D4: 3 | E4: 4 | F4: 5 | G4: 6 | H4: 7 | I4: 8 | J4: 9 | K4: 10 | L4: %
A5: S&D | L5: =COUNTIF(B5:K5,"✓")/10
A6: Trade | L6: =COUNTIF(B6:K6,"✓")/10
A7: Stocks | L7: =COUNTIF(B7:K7,"✓")/10
A8: Ethanol / DDGS | L8: =COUNTIF(B8:K8,"✓")/10
A9: TAB TOTAL | B9: =IF(4=0,0,COUNTIF(B5:B8,"✓")/4) | C9: =IF(4=0,0,COUNTIF(C5:C8,"✓")/4) | D9: =IF(4=0,0,COUNTIF(D5:D8,"✓")/4) | E9: =IF(4=0,0,COUNTIF(E5:E8,"✓")/4) | F9: =IF(4=0,0,COUNTIF(F5:F8,"✓")/4) | G9: =IF(4=0,0,COUNTIF(G5:G8,"✓")/4) | H9: =IF(4=0,0,COUNTIF(H5:H8,"✓")/4) | I9: =IF(4=0,0,COUNTIF(I5:I8,"✓")/4) | ... K9: =IF(4=0,0,COUNTIF(K5:K8,"✓")/4) | L9: =C2

Sheet China Corn
A1: CHINA CORN — build progress
A2: Overall: | C2: =IF(4=0,0,COUNTIF(B5:K8,"✓")/(4*10)) | D2: mark cells with ✓ as each step completes
A4: Balance Sheet | B4: 1 | C4: 2 | D4: 3 | E4: 4 | F4: 5 | G4: 6 | H4: 7 | I4: 8 | J4: 9 | K4: 10 | L4: %
A5: S&D | L5: =COUNTIF(B5:K5,"✓")/10
A6: Trade | L6: =COUNTIF(B6:K6,"✓")/10
A7: Stocks | L7: =COUNTIF(B7:K7,"✓")/10
A8: Ethanol / DDGS | L8: =COUNTIF(B8:K8,"✓")/10
A9: TAB TOTAL | B9: =IF(4=0,0,COUNTIF(B5:B8,"✓")/4) | C9: =IF(4=0,0,COUNTIF(C5:C8,"✓")/4) | D9: =IF(4=0,0,COUNTIF(D5:D8,"✓")/4) | E9: =IF(4=0,0,COUNTIF(E5:E8,"✓")/4) | F9: =IF(4=0,0,COUNTIF(F5:F8,"✓")/4) | G9: =IF(4=0,0,COUNTIF(G5:G8,"✓")/4) | H9: =IF(4=0,0,COUNTIF(H5:H8,"✓")/4) | I9: =IF(4=0,0,COUNTIF(I5:I8,"✓")/4) | ... K9: =IF(4=0,0,COUNTIF(K5:K8,"✓")/4) | L9: =C2

Sheet EU Corn
A1: EUROPE CORN — build progress
A2: Overall: | C2: =IF(4=0,0,COUNTIF(B5:K8,"✓")/(4*10)) | D2: mark cells with ✓ as each step completes
A4: Balance Sheet | B4: 1 | C4: 2 | D4: 3 | E4: 4 | F4: 5 | G4: 6 | H4: 7 | I4: 8 | J4: 9 | K4: 10 | L4: %
A5: S&D | L5: =COUNTIF(B5:K5,"✓")/10
A6: Trade | L6: =COUNTIF(B6:K6,"✓")/10
A7: Stocks | L7: =COUNTIF(B7:K7,"✓")/10
A8: Ethanol / DDGS | L8: =COUNTIF(B8:K8,"✓")/10
A9: TAB TOTAL | B9: =IF(4=0,0,COUNTIF(B5:B8,"✓")/4) | C9: =IF(4=0,0,COUNTIF(C5:C8,"✓")/4) | D9: =IF(4=0,0,COUNTIF(D5:D8,"✓")/4) | E9: =IF(4=0,0,COUNTIF(E5:E8,"✓")/4) | F9: =IF(4=0,0,COUNTIF(F5:F8,"✓")/4) | G9: =IF(4=0,0,COUNTIF(G5:G8,"✓")/4) | H9: =IF(4=0,0,COUNTIF(H5:H8,"✓")/4) | I9: =IF(4=0,0,COUNTIF(I5:I8,"✓")/4) | ... K9: =IF(4=0,0,COUNTIF(K5:K8,"✓")/4) | L9: =C2

Sheet US Sorghum
A1: UNITED STATES SORGHUM — build progress
A2: Overall: | C2: =IF(3=0,0,COUNTIF(B5:K7,"✓")/(3*10)) | D2: mark cells with ✓ as each step completes
A4: Balance Sheet | B4: 1 | C4: 2 | D4: 3 | E4: 4 | F4: 5 | G4: 6 | H4: 7 | I4: 8 | J4: 9 | K4: 10 | L4: %
A5: S&D | L5: =COUNTIF(B5:K5,"✓")/10
A6: Trade | L6: =COUNTIF(B6:K6,"✓")/10
A7: Stocks | L7: =COUNTIF(B7:K7,"✓")/10
A8: TAB TOTAL | B8: =IF(3=0,0,COUNTIF(B5:B7,"✓")/3) | C8: =IF(3=0,0,COUNTIF(C5:C7,"✓")/3) | D8: =IF(3=0,0,COUNTIF(D5:D7,"✓")/3) | E8: =IF(3=0,0,COUNTIF(E5:E7,"✓")/3) | F8: =IF(3=0,0,COUNTIF(F5:F7,"✓")/3) | G8: =IF(3=0,0,COUNTIF(G5:G7,"✓")/3) | H8: =IF(3=0,0,COUNTIF(H5:H7,"✓")/3) | I8: =IF(3=0,0,COUNTIF(I5:I7,"✓")/3) | ... K8: =IF(3=0,0,COUNTIF(K5:K7,"✓")/3) | L8: =C2

Sheet Argentina Sorghum
A1: ARGENTINA SORGHUM — build progress
A2: Overall: | C2: =IF(3=0,0,COUNTIF(B5:K7,"✓")/(3*10)) | D2: mark cells with ✓ as each step completes
A4: Balance Sheet | B4: 1 | C4: 2 | D4: 3 | E4: 4 | F4: 5 | G4: 6 | H4: 7 | I4: 8 | J4: 9 | K4: 10 | L4: %
A5: S&D | L5: =COUNTIF(B5:K5,"✓")/10
A6: Trade | L6: =COUNTIF(B6:K6,"✓")/10
A7: Stocks | L7: =COUNTIF(B7:K7,"✓")/10
A8: TAB TOTAL | B8: =IF(3=0,0,COUNTIF(B5:B7,"✓")/3) | C8: =IF(3=0,0,COUNTIF(C5:C7,"✓")/3) | D8: =IF(3=0,0,COUNTIF(D5:D7,"✓")/3) | E8: =IF(3=0,0,COUNTIF(E5:E7,"✓")/3) | F8: =IF(3=0,0,COUNTIF(F5:F7,"✓")/3) | G8: =IF(3=0,0,COUNTIF(G5:G7,"✓")/3) | H8: =IF(3=0,0,COUNTIF(H5:H7,"✓")/3) | I8: =IF(3=0,0,COUNTIF(I5:I7,"✓")/3) | ... K8: =IF(3=0,0,COUNTIF(K5:K7,"✓")/3) | L8: =C2

Sheet EU Barley
A1: EUROPE BARLEY — build progress
A2: Overall: | C2: =IF(3=0,0,COUNTIF(B5:K7,"✓")/(3*10)) | D2: mark cells with ✓ as each step completes
A4: Balance Sheet | B4: 1 | C4: 2 | D4: 3 | E4: 4 | F4: 5 | G4: 6 | H4: 7 | I4: 8 | J4: 9 | K4: 10 | L4: %
A5: S&D | L5: =COUNTIF(B5:K5,"✓")/10
A6: Trade | L6: =COUNTIF(B6:K6,"✓")/10
A7: Stocks | L7: =COUNTIF(B7:K7,"✓")/10
A8: TAB TOTAL | B8: =IF(3=0,0,COUNTIF(B5:B7,"✓")/3) | C8: =IF(3=0,0,COUNTIF(C5:C7,"✓")/3) | D8: =IF(3=0,0,COUNTIF(D5:D7,"✓")/3) | E8: =IF(3=0,0,COUNTIF(E5:E7,"✓")/3) | F8: =IF(3=0,0,COUNTIF(F5:F7,"✓")/3) | G8: =IF(3=0,0,COUNTIF(G5:G7,"✓")/3) | H8: =IF(3=0,0,COUNTIF(H5:H7,"✓")/3) | I8: =IF(3=0,0,COUNTIF(I5:I7,"✓")/3) | ... K8: =IF(3=0,0,COUNTIF(K5:K7,"✓")/3) | L8: =C2

Sheet Russia Barley
A1: RUSSIA BARLEY — build progress
A2: Overall: | C2: =IF(3=0,0,COUNTIF(B5:K7,"✓")/(3*10)) | D2: mark cells with ✓ as each step completes
A4: Balance Sheet | B4: 1 | C4: 2 | D4: 3 | E4: 4 | F4: 5 | G4: 6 | H4: 7 | I4: 8 | J4: 9 | K4: 10 | L4: %
A5: S&D | L5: =COUNTIF(B5:K5,"✓")/10
A6: Trade | L6: =COUNTIF(B6:K6,"✓")/10
A7: Stocks | L7: =COUNTIF(B7:K7,"✓")/10
A8: TAB TOTAL | B8: =IF(3=0,0,COUNTIF(B5:B7,"✓")/3) | C8: =IF(3=0,0,COUNTIF(C5:C7,"✓")/3) | D8: =IF(3=0,0,COUNTIF(D5:D7,"✓")/3) | E8: =IF(3=0,0,COUNTIF(E5:E7,"✓")/3) | F8: =IF(3=0,0,COUNTIF(F5:F7,"✓")/3) | G8: =IF(3=0,0,COUNTIF(G5:G7,"✓")/3) | H8: =IF(3=0,0,COUNTIF(H5:H7,"✓")/3) | I8: =IF(3=0,0,COUNTIF(I5:I7,"✓")/3) | ... K8: =IF(3=0,0,COUNTIF(K5:K7,"✓")/3) | L8: =C2

Sheet Australia Barley
A1: AUSTRALIA BARLEY — build progress
A2: Overall: | C2: =IF(3=0,0,COUNTIF(B5:K7,"✓")/(3*10)) | D2: mark cells with ✓ as each step completes
A4: Balance Sheet | B4: 1 | C4: 2 | D4: 3 | E4: 4 | F4: 5 | G4: 6 | H4: 7 | I4: 8 | J4: 9 | K4: 10 | L4: %
A5: S&D | L5: =COUNTIF(B5:K5,"✓")/10
A6: Trade | L6: =COUNTIF(B6:K6,"✓")/10
A7: Stocks | L7: =COUNTIF(B7:K7,"✓")/10
A8: TAB TOTAL | B8: =IF(3=0,0,COUNTIF(B5:B7,"✓")/3) | C8: =IF(3=0,0,COUNTIF(C5:C7,"✓")/3) | D8: =IF(3=0,0,COUNTIF(D5:D7,"✓")/3) | E8: =IF(3=0,0,COUNTIF(E5:E7,"✓")/3) | F8: =IF(3=0,0,COUNTIF(F5:F7,"✓")/3) | G8: =IF(3=0,0,COUNTIF(G5:G7,"✓")/3) | H8: =IF(3=0,0,COUNTIF(H5:H7,"✓")/3) | I8: =IF(3=0,0,COUNTIF(I5:I7,"✓")/3) | ... K8: =IF(3=0,0,COUNTIF(K5:K7,"✓")/3) | L8: =C2

Sheet Canada Barley
A1: CANADA BARLEY — build progress
A2: Overall: | C2: =IF(3=0,0,COUNTIF(B5:K7,"✓")/(3*10)) | D2: mark cells with ✓ as each step completes
A4: Balance Sheet | B4: 1 | C4: 2 | D4: 3 | E4: 4 | F4: 5 | G4: 6 | H4: 7 | I4: 8 | J4: 9 | K4: 10 | L4: %
A5: S&D | L5: =COUNTIF(B5:K5,"✓")/10
A6: Trade | L6: =COUNTIF(B6:K6,"✓")/10
A7: Stocks | L7: =COUNTIF(B7:K7,"✓")/10
A8: TAB TOTAL | B8: =IF(3=0,0,COUNTIF(B5:B7,"✓")/3) | C8: =IF(3=0,0,COUNTIF(C5:C7,"✓")/3) | D8: =IF(3=0,0,COUNTIF(D5:D7,"✓")/3) | E8: =IF(3=0,0,COUNTIF(E5:E7,"✓")/3) | F8: =IF(3=0,0,COUNTIF(F5:F7,"✓")/3) | G8: =IF(3=0,0,COUNTIF(G5:G7,"✓")/3) | H8: =IF(3=0,0,COUNTIF(H5:H7,"✓")/3) | I8: =IF(3=0,0,COUNTIF(I5:I7,"✓")/3) | ... K8: =IF(3=0,0,COUNTIF(K5:K7,"✓")/3) | L8: =C2
