Workbook

Sheet Relative Prices
B1: ='[2]Spreads to Corn'!B$1 -> CWG (Missouri River) /Corn (CME Futures) | C1: ='[2]Spreads to Corn'!C$1 -> Poultry Fat (Stabzlized, Mid-South) / Corn (CME Futures) | D1: ='[2]Spreads to Corn'!D$1 -> Poultry Fat (Stabzlized, AL/GA) / Corn (CME Futures) | E1: ='[2]Spreads to Corn'!E$1 -> Poultry Fat (Stabzlized, Carolinas - delivered) / Corn (CME Futures) | F1: ='[2]Spreads to Corn'!F$1 -> Yellow Grease (Illinois) / Corn (CME Futures) | G1: ='[2]Spreads to Corn'!G$1 -> Yellow Grease (Missouri River) / Corn (CME Futures) | H1: ='[2]Spreads to Corn'!H$1 -> Yellow Grease (Carolinas - delivered) / Corn (CME Futures) | I1: ='[2]Spreads to SBO'!B$1 -> CWG (Missouri River) / SBO (CME Futures) | J1: ='[2]Spreads to SBO'!C$1 -> Tech Tallow (Chicago) /SBO (CME Futures) | K1: ='[2]Spreads to SBO'!D$1 -> BFT (Chicago - Packer) /SBO (CME Futures) | L1: ='[2]Spreads to Palm Stearin'!$B$1 -> BFT (Chicago -Packer) /Palm Stearin (Malaysia)
B2: History / Forecast | C2: History / Forecast | D2: History / Forecast | E2: History / Forecast | F2: History/Forecast | G2: History/Forecast | H2: History/Forecast | I2: History/Forecast | J2: History/Forecast | K2: History/Forecast | L2: History/Forecast | P2: CWG/Corn
A3: ='[1]YG IL'!A2 -> 43344 | B3: ='[2]Spreads to Corn'!$B10 -> 3.837899 | C3: ='[2]Spreads to Corn'!C10 -> 4.0049553 | D3: ='[2]Spreads to Corn'!D10 -> 3.1698154 | E3: ='[2]Spreads to Corn'!E10 -> 3.7289447 | F3: ='[2]Spreads to Corn'!F10 -> 3.5455082 | G3: ='[2]Spreads to Corn'!G10 -> 3.1492556 | H3: ='[2]Spreads to Corn'!H10 -> 3.6446589 | I3: ='[2]Spreads to SBO'!$B10 -> 0.86927813 | K3: ='[2]Spreads to SBO'!$D10 -> 0.80399851 | L3: ='[2]Spreads to Palm Stearin'!$B10 -> 0.99428331 | P3: PF/Corn
A4: ='[1]YG IL'!A3 -> 43374 | B4: ='[2]Spreads to Corn'!$B11 -> 3.5398819 | C4: ='[2]Spreads to Corn'!$C11 -> 3.6610737 | D4: ='[2]Spreads to Corn'!D11 -> 2.7082301 | E4: ='[2]Spreads to Corn'!E11 -> 3.0455211 | F4: ='[2]Spreads to Corn'!$F11 -> 3.1965357 | G4: ='[2]Spreads to Corn'!G11 -> 2.5974629 | H4: ='[2]Spreads to Corn'!H11 -> 3.0372614 | I4: ='[2]Spreads to SBO'!$B11 -> 0.80104327 | J4: ='[2]Spreads to SBO'!$C11 -> 1.0588368 | K4: ='[2]Spreads to SBO'!$D11 -> 0.73849746 | L4: ='[2]Spreads to Palm Stearin'!$B11 -> 0.98372138 | P4: YG/Corn
A5: ='[1]YG IL'!A4 -> 43405 | B5: ='[2]Spreads to Corn'!$B12 -> 3.7167407 | C5: ='[2]Spreads to Corn'!$C12 -> 3.7771261 | D5: ='[2]Spreads to Corn'!D12 -> 2.7952988 | E5: ='[2]Spreads to Corn'!E12 -> 3.3508741 | F5: ='[2]Spreads to Corn'!$F12 -> 3.2475073 | G5: ='[2]Spreads to Corn'!G12 -> 2.6288198 | H5: ='[2]Spreads to Corn'!H12 -> 3.2347259 | I5: ='[2]Spreads to SBO'!$B12 -> 0.86673889 | J5: ='[2]Spreads to SBO'!$C12 -> 1.1050126 | K5: ='[2]Spreads to SBO'!$D12 -> 0.82085621 | L5: ='[2]Spreads to Palm Stearin'!$B12 -> 1.2042451 | P5: CWG/SBO
A6: ='[1]YG IL'!A5 -> 43435 | B6: ='[2]Spreads to Corn'!$B13 -> 3.5647242 | C6: ='[2]Spreads to Corn'!$C13 -> 3.9048452 | D6: ='[2]Spreads to Corn'!D13 -> 2.9963682 | E6: ='[2]Spreads to Corn'!E13 -> 3.6091819 | F6: ='[2]Spreads to Corn'!$F13 -> 3.2325288 | G6: ='[2]Spreads to Corn'!G13 -> 2.7702012 | H6: ='[2]Spreads to Corn'!H13 -> 3.4989927 | I6: ='[2]Spreads to SBO'!$B13 -> 0.85675141 | J6: ='[2]Spreads to SBO'!$C13 -> 1.1846751 | K6: ='[2]Spreads to SBO'!$D13 -> 0.81575025 | L6: ='[2]Spreads to Palm Stearin'!$B13 -> 1.2330408 | P6: Tech Tallow/SBO
A7: ='[1]YG IL'!A6 -> 43466 | B7: ='[2]Spreads to Corn'!$B14 -> 3.6969506 | C7: ='[2]Spreads to Corn'!$C14 -> 4.0711685 | D7: ='[2]Spreads to Corn'!D14 -> 3.5279408 | E7: ='[2]Spreads to Corn'!E14 -> 3.8553872 | F7: ='[2]Spreads to Corn'!$F14 -> 3.2865236 | G7: ='[2]Spreads to Corn'!G14 -> 2.9434825 | H7: ='[2]Spreads to Corn'!H14 -> 3.7779287 | I7: ='[2]Spreads to SBO'!$B14 -> 0.86204066 | J7: ='[2]Spreads to SBO'!$C14 -> 1.1369868 | K7: ='[2]Spreads to SBO'!$D14 -> 0.80451519 | L7: ='[2]Spreads to Palm Stearin'!$B14 -> 1.0659496 | P7: BFT/SBO
A8: ='[1]YG IL'!A7 -> 43497 | B8: ='[2]Spreads to Corn'!$B15 -> 3.7388724 | C8: ='[2]Spreads to Corn'!$C15 -> 4.1611111 | D8: ='[2]Spreads to Corn'!D15 -> 3.6601617 | E8: ='[2]Spreads to Corn'!E15 -> 3.9632047 | F8: ='[2]Spreads to Corn'!$F15 -> 3.2421044 | G8: ='[2]Spreads to Corn'!G15 -> 2.9576425 | H8: ='[2]Spreads to Corn'!H15 -> 3.8766274 | I8: ='[2]Spreads to SBO'!$B15 -> 0.82699305 | J8: ='[2]Spreads to SBO'!$C15 -> 1.0420112 | K8: ='[2]Spreads to SBO'!$D15 -> 0.79016068 | L8: ='[2]Spreads to Palm Stearin'!$B15 -> 1.0416865 | P8: BFT/Palm Stearin
A9: ='[1]YG IL'!A8 -> 43525 | B9: ='[2]Spreads to Corn'!$B16 -> 3.7724954 | C9: ='[2]Spreads to Corn'!$C16 -> 4.1495845 | D9: ='[2]Spreads to Corn'!D16 -> 3.5748921 | E9: ='[2]Spreads to Corn'!E16 -> 3.9988452 | F9: ='[2]Spreads to Corn'!$F16 -> 3.1689795 | G9: ='[2]Spreads to Corn'!G16 -> 2.9048215 | H9: ='[2]Spreads to Corn'!H16 -> 3.8479453 | I9: ='[2]Spreads to SBO'!$B16 -> 0.85091899 | J9: ='[2]Spreads to SBO'!$C16 -> 1.0120252 | K9: ='[2]Spreads to SBO'!$D16 -> 0.81936458 | L9: ='[2]Spreads to Palm Stearin'!$B16 -> 1.1073714
A10: ='[1]YG IL'!A9 -> 43556 | B10: ='[2]Spreads to Corn'!$B17 -> 3.9138683 | C10: ='[2]Spreads to Corn'!$C17 -> 4.2436261 | D10: ='[2]Spreads to Corn'!D17 -> 3.5933068 | E10: ='[2]Spreads to Corn'!E17 -> 4.1487004 | F10: ='[2]Spreads to Corn'!$F17 -> 3.3673292 | G10: ='[2]Spreads to Corn'!G17 -> 3.0360502 | H10: ='[2]Spreads to Corn'!H17 -> 4.061108 | I10: ='[2]Spreads to SBO'!$B17 -> 0.87545232 | J10: ='[2]Spreads to SBO'!$C17 -> 1.0680518 | K10: ='[2]Spreads to SBO'!$D17 -> 0.89166594 | L10: ='[2]Spreads to Palm Stearin'!$B17 -> 1.2103821
A11: ='[1]YG IL'!A10 -> 43586 | B11: ='[2]Spreads to Corn'!$B18 -> 3.7641992 | C11: ='[2]Spreads to Corn'!$C18 -> 4.1214612 | D11: ='[2]Spreads to Corn'!D18 -> 3.2110891 | E11: ='[2]Spreads to Corn'!E18 -> 3.8679027 | F11: ='[2]Spreads to Corn'!$F18 -> 3.4588099 | G11: ='[2]Spreads to Corn'!G18 -> 3.1231782 | H11: ='[2]Spreads to Corn'!H18 -> 3.8679027 | I11: ='[2]Spreads to SBO'!$B18 -> 0.94708298 | J11: ='[2]Spreads to SBO'!$C18 -> 1.1637889 | K11: ='[2]Spreads to SBO'!$D18 -> 0.93869186 | L11: ='[2]Spreads to Palm Stearin'!$B18 -> 1.3193812
A12: ='[1]YG IL'!A11 -> 43617 | B12: ='[2]Spreads to Corn'!$B19 -> 3.5255328 | C12: ='[2]Spreads to Corn'!$C19 -> 3.7339196 | D12: ='[2]Spreads to Corn'!D19 -> 2.8307197 | E12: ='[2]Spreads to Corn'!E19 -> 3.4386811 | F12: ='[2]Spreads to Corn'!$F19 -> 3.3082915 | G12: ='[2]Spreads to Corn'!G19 -> 2.9609972 | H12: ='[2]Spreads to Corn'!H19 -> 3.4611982 | I12: ='[2]Spreads to SBO'!$B19 -> 0.98384201 | J12: ='[2]Spreads to SBO'!$C19 -> 1.2045063 | K12: ='[2]Spreads to SBO'!$D19 -> 0.93181058 | L12: ='[2]Spreads to Palm Stearin'!$B19 -> 1.361165
A13: ='[1]YG IL'!A12 -> 43647 | B13: ='[2]Spreads to Corn'!$B20 -> 3.728873 | C13: ='[2]Spreads to Corn'!$C20 -> 3.4372827 | D13: ='[2]Spreads to Corn'!D20 -> 2.7654369 | E13: ='[2]Spreads to Corn'!E20 -> 3.5653259 | F13: ='[2]Spreads to Corn'!$F20 -> 3.3470231 | G13: ='[2]Spreads to Corn'!G20 -> 3.1921377 | H13: ='[2]Spreads to Corn'!H20 -> 3.5980353 | I13: ='[2]Spreads to SBO'!$B20 -> 1.0158617 | J13: ='[2]Spreads to SBO'!$C20 -> 1.2119052 | K13: ='[2]Spreads to SBO'!$D20 -> 0.9655573 | L13: ='[2]Spreads to Palm Stearin'!$B20 -> 1.3935462
A14: ='[1]YG IL'!A13 -> 43678 | B14: ='[2]Spreads to Corn'!$B21 -> 4.1579695 | C14: ='[2]Spreads to Corn'!$C21 -> 3.6335878 | D14: ='[2]Spreads to Corn'!D21 -> 3.266976 | E14: ='[2]Spreads to Corn'!E21 -> 4.0803491 | F14: ='[2]Spreads to Corn'!$F21 -> 3.5550595 | G14: ='[2]Spreads to Corn'!G21 -> 3.6626959 | H14: ='[2]Spreads to Corn'!H21 -> 4.0769633 | I14: ='[2]Spreads to SBO'!$B21 -> 0.980049 | J14: ='[2]Spreads to SBO'!$C21 -> 1.2123346 | K14: ='[2]Spreads to SBO'!$D21 -> 0.9769867 | L14: ='[2]Spreads to Palm Stearin'!$B21 -> 1.2671334
A15: ='[1]YG IL'!A14 -> 43709 | B15: ='[2]Spreads to Corn'!$B22 -> 3.9298579 | C15: ='[2]Spreads to Corn'!$C22 -> 3.6878947 | D15: ='[2]Spreads to Corn'!D22 -> 3.2047849 | E15: ='[2]Spreads to Corn'!E22 -> 4.0402365 | F15: ='[2]Spreads to Corn'!$F22 -> 3.4613158 | G15: ='[2]Spreads to Corn'!G22 -> 3.4531443 | H15: ='[2]Spreads to Corn'!H22 -> 3.931761 | I15: ='[2]Spreads to SBO'!$B22 -> 0.88815676 | J15: ='[2]Spreads to SBO'!$C22 -> 1.2042804 | K15: ='[2]Spreads to SBO'!$D22 -> 0.87131996 | L15: ='[2]Spreads to Palm Stearin'!$B22 -> 1.1325566
A16: ='[1]YG IL'!A15 -> 43739 | B16: ='[2]Spreads to Corn'!$B23 -> 3.4091358 | C16: ='[2]Spreads to Corn'!$C23 -> 3.5857745 | D16: ='[2]Spreads to Corn'!D23 -> 2.9984154 | E16: ='[2]Spreads to Corn'!E23 -> 3.6980352 | F16: ='[2]Spreads to Corn'!$F23 -> 3.1027636 | G16: ='[2]Spreads to Corn'!G23 -> 2.932814 | H16: ='[2]Spreads to Corn'!H23 -> 3.5809123 | I16: ='[2]Spreads to SBO'!$B23 -> 0.78362946 | J16: ='[2]Spreads to SBO'!$C23 -> 1.130284 | K16: ='[2]Spreads to SBO'!$D23 -> 0.77333922 | L16: ='[2]Spreads to Palm Stearin'!$B23 -> 1.0459708
A17: ='[1]YG IL'!A16 -> 43770 | B17: ='[2]Spreads to Corn'!$B24 -> 3.295468 | C17: ='[2]Spreads to Corn'!$C24 -> 3.6041174 | D17: ='[2]Spreads to Corn'!D24 -> 2.9851741 | E17: ='[2]Spreads to Corn'!E24 -> 3.7216464 | F17: ='[2]Spreads to Corn'!$F24 -> 3.0054348 | G17: ='[2]Spreads to Corn'!G24 -> 2.8663492 | H17: ='[2]Spreads to Corn'!H24 -> 3.5448942 | I17: ='[2]Spreads to SBO'!$B24 -> 0.71318884 | J17: ='[2]Spreads to SBO'!$C24 -> 1.0550644 | K17: ='[2]Spreads to SBO'!$D24 -> 0.68894318 | L17: ='[2]Spreads to Palm Stearin'!$B24 -> 0.81305352
A18: ='[1]YG IL'!A17 -> 43800 | B18: ='[2]Spreads to Corn'!$B25 -> 3.4811675 | C18: ='[2]Spreads to Corn'!$C25 -> 3.5435774 | D18: ='[2]Spreads to Corn'!D25 -> 2.9850936 | E18: ='[2]Spreads to Corn'!E25 -> 3.7087545 | F18: ='[2]Spreads to Corn'!$F25 -> 3.0170717 | G18: ='[2]Spreads to Corn'!G25 -> 2.8737623 | H18: ='[2]Spreads to Corn'!H25 -> 3.5626312 | I18: ='[2]Spreads to SBO'!$B25 -> 0.72878088 | J18: ='[2]Spreads to SBO'!$C25 -> 1.0298926 | K18: ='[2]Spreads to SBO'!$D25 -> 0.71195001 | L18: ='[2]Spreads to Palm Stearin'!$B25 -> 0.78641005
A19: ='[1]YG IL'!A18 -> 43831 | B19: ='[2]Spreads to Corn'!$B26 -> 3.7469257 | C19: ='[2]Spreads to Corn'!$C26 -> 3.7994744 | D19: ='[2]Spreads to Corn'!D26 -> 3.2007873 | E19: ='[2]Spreads to Corn'!E26 -> 3.8471699 | F19: ='[2]Spreads to Corn'!$F26 -> 3.2436264 | G19: ='[2]Spreads to Corn'!G26 -> 3.1057404 | H19: ='[2]Spreads to Corn'!H26 -> 3.7296498 | I19: ='[2]Spreads to SBO'!$B26 -> 0.77854475 | K19: ='[2]Spreads to SBO'!$D26 -> 0.84306332 | L19: ='[2]Spreads to Palm Stearin'!$B26 -> 0.89041934
A20: ='[1]YG IL'!A19 -> 43862 | B20: ='[2]Spreads to Corn'!$B27 -> 4.3141407 | C20: ='[2]Spreads to Corn'!$C27 -> 3.9259259 | D20: ='[2]Spreads to Corn'!D27 -> 3.4061032 | E20: ='[2]Spreads to Corn'!E27 -> 3.9244233 | F20: ='[2]Spreads to Corn'!$F27 -> 3.5886963 | G20: ='[2]Spreads to Corn'!G27 -> 3.409998 | H20: ='[2]Spreads to Corn'!H27 -> 3.8386931 | I20: ='[2]Spreads to SBO'!$B27 -> 0.96307837 | J20: ='[2]Spreads to SBO'!$C27 -> 1.090966 | K20: ='[2]Spreads to SBO'!$D27 -> 1.0256307 | L20: ='[2]Spreads to Palm Stearin'!$B27 -> 1.1095499
A21: ='[1]YG IL'!A20 -> 43891 | B21: ='[2]Spreads to Corn'!$B28 -> 4.1139905 | C21: ='[2]Spreads to Corn'!$C28 -> 3.8890783 | D21: ='[2]Spreads to Corn'!D28 -> 3.511083 | E21: ='[2]Spreads to Corn'!E28 -> 4.1069059 | F21: ='[2]Spreads to Corn'!$F28 -> 3.4585022 | G21: ='[2]Spreads to Corn'!G28 -> 3.4011471 | H21: ='[2]Spreads to Corn'!H28 -> 4.0927212 | I21: ='[2]Spreads to SBO'!$B28 -> 0.97578896 | J21: ='[2]Spreads to SBO'!$C28 -> 1.3104285 | K21: ='[2]Spreads to SBO'!$D28 -> 1.0227592 | L21: ='[2]Spreads to Palm Stearin'!$B28 -> 1.136842
A22: ='[1]YG IL'!A21 -> 43922 | B22: ='[2]Spreads to Corn'!$B29 -> 4.5845289 | C22: ='[2]Spreads to Corn'!$C29 -> 4.182366 | D22: ='[2]Spreads to Corn'!D29 -> 3.6379905 | E22: ='[2]Spreads to Corn'!E29 -> 4.5598466 | F22: ='[2]Spreads to Corn'!$F29 -> 3.5177362 | G22: ='[2]Spreads to Corn'!G29 -> 3.3252259 | H22: ='[2]Spreads to Corn'!H29 -> 4.5968701 | I22: ='[2]Spreads to SBO'!$B29 -> 1.0122484 | J22: ='[2]Spreads to SBO'!$C29 -> 1.4472124 | K22: ='[2]Spreads to SBO'!$D29 -> 1.0684688 | L22: ='[2]Spreads to Palm Stearin'!$B29 -> 1.1504175
A23: ='[1]YG IL'!A22 -> 43952 | B23: ='[2]Spreads to Corn'!$B30 -> 4.7249247 | C23: ='[2]Spreads to Corn'!$C30 -> 4.19125 | D23: ='[2]Spreads to Corn'!D30 -> 3.3486479 | E23: ='[2]Spreads to Corn'!E30 -> 4.4356436 | F23: ='[2]Spreads to Corn'!$F30 -> 3.810625 | G23: ='[2]Spreads to Corn'!G30 -> 3.5546511 | H23: ='[2]Spreads to Corn'!H30 -> 4.3151098 | I23: ='[2]Spreads to SBO'!$B30 -> 1.0090232 | J23: ='[2]Spreads to SBO'!$C30 -> 1.3624846 | K23: ='[2]Spreads to SBO'!$D30 -> 1.1840878 | L23: ='[2]Spreads to Palm Stearin'!$B30 -> 1.3944649
A24: ='[1]YG IL'!A23 -> 43983 | B24: ='[2]Spreads to Corn'!$B31 -> 3.8865408 | C24: ='[2]Spreads to Corn'!$C31 -> 3.9309519 | D24: ='[2]Spreads to Corn'!D31 -> 3.0797653 | E24: ='[2]Spreads to Corn'!E31 -> 3.9253333 | F24: ='[2]Spreads to Corn'!$F31 -> 3.2482658 | G24: ='[2]Spreads to Corn'!G31 -> 2.9585408 | H24: ='[2]Spreads to Corn'!H31 -> 3.8438741 | I24: ='[2]Spreads to SBO'!$B31 -> 0.81647855 | J24: ='[2]Spreads to SBO'!$C31 -> 1.3009654 | K24: ='[2]Spreads to SBO'!$D31 -> 0.83840936 | L24: ='[2]Spreads to Palm Stearin'!$B31 -> 0.94931984
A25: ='[1]YG IL'!A24 -> 44013 | B25: ='[2]Spreads to Corn'!$B32 -> 3.4638016 | C25: ='[2]Spreads to Corn'!$C32 -> 3.849904 | D25: ='[2]Spreads to Corn'!D32 -> 2.9689728 | E25: ='[2]Spreads to Corn'!E32 -> 3.5800039 | F25: ='[2]Spreads to Corn'!$F32 -> 3.0708062 | G25: ='[2]Spreads to Corn'!G32 -> 2.6278378 | H25: ='[2]Spreads to Corn'!H32 -> 3.3325895 | I25: ='[2]Spreads to SBO'!$B32 -> 0.71901019 | J25: ='[2]Spreads to SBO'!$C32 -> 1.4131974 | K25: ='[2]Spreads to SBO'!$D32 -> 0.73756165 | L25: ='[2]Spreads to Palm Stearin'!$B32 -> 0.84387901
A26: ='[1]YG IL'!A25 -> 44044 | B26: ='[2]Spreads to Corn'!$B33 -> 4.4218943 | C26: ='[2]Spreads to Corn'!$C33 -> 4.1367487 | D26: ='[2]Spreads to Corn'!D33 -> 3.1000622 | E26: ='[2]Spreads to Corn'!E33 -> 3.9427453 | F26: ='[2]Spreads to Corn'!$F33 -> 3.3504333 | G26: ='[2]Spreads to Corn'!G33 -> 2.9934545 | H26: ='[2]Spreads to Corn'!H33 -> 3.7971629 | I26: ='[2]Spreads to SBO'!$B33 -> 0.81269595 | J26: ='[2]Spreads to SBO'!$C33 -> 1.2812013 | K26: ='[2]Spreads to SBO'!$D33 -> 0.85636644 | L26: ='[2]Spreads to Palm Stearin'!$B33 -> 0.95662163
A27: ='[1]YG IL'!A26 -> 44075 | B27: ='[2]Spreads to Corn'!$B34 -> 4.2930135 | C27: ='[2]Spreads to Corn'!$C34 -> 3.9784962 | D27: ='[2]Spreads to Corn'!D34 -> 2.9558892 | E27: ='[2]Spreads to Corn'!E34 -> 3.7167058 | F27: ='[2]Spreads to Corn'!$F34 -> 3.6735015 | G27: ='[2]Spreads to Corn'!G34 -> 3.2835195 | H27: ='[2]Spreads to Corn'!H34 -> 3.6184274 | I27: ='[2]Spreads to SBO'!$B34 -> 0.83791409 | J27: ='[2]Spreads to SBO'!$C34 -> 1.0085055 | K27: ='[2]Spreads to SBO'!$D34 -> 0.83741832 | L27: ='[2]Spreads to Palm Stearin'!$B34 -> 0.92376869
A28: ='[1]YG IL'!A27 -> 44105 | B28: ='[2]Spreads to Corn'!$B35 -> 4.0744058 | C28: ='[2]Spreads to Corn'!$C35 -> 4.0297197 | D28: ='[2]Spreads to Corn'!D35 -> 2.995982 | E28: ='[2]Spreads to Corn'!E35 -> 3.7138642 | F28: ='[2]Spreads to Corn'!$F35 -> 3.7617729 | G28: ='[2]Spreads to Corn'!G35 -> 3.2639945 | H28: ='[2]Spreads to Corn'!H35 -> 3.5415815 | I28: ='[2]Spreads to SBO'!$B35 -> 0.87215971 | J28: ='[2]Spreads to SBO'!$C35 -> 1.0849084 | K28: ='[2]Spreads to SBO'!$D35 -> 0.85441896 | L28: ='[2]Spreads to Palm Stearin'!$B35 -> 0.90888115
A29: ='[1]YG IL'!A28 -> 44136 | B29: ='[2]Spreads to Corn'!$B36 -> 3.8724499 | C29: ='[2]Spreads to Corn'!$C36 -> 4.2033098 | D29: ='[2]Spreads to Corn'!D36 -> 3.3610588 | E29: ='[2]Spreads to Corn'!E36 -> 3.8160278 | F29: ='[2]Spreads to Corn'!$F36 -> 3.6531061 | G29: ='[2]Spreads to Corn'!G36 -> 3.1847294 | H29: ='[2]Spreads to Corn'!H36 -> 3.6890578 | I29: ='[2]Spreads to SBO'!$B36 -> 0.7838508 | J29: ='[2]Spreads to SBO'!$C36 -> 0.90606985 | K29: ='[2]Spreads to SBO'!$D36 -> 0.77854145 | L29: ='[2]Spreads to Palm Stearin'!$B36 -> 0.81446768
A30: ='[1]YG IL'!A29 -> 44166 | B30: ='[2]Spreads to Corn'!$B37 -> 3.9600086 | C30: ='[2]Spreads to Corn'!$C37 -> 4.4417169 | D30: ='[2]Spreads to Corn'!D37 -> 3.5077624 | E30: ='[2]Spreads to Corn'!E37 -> 4.0005839 | F30: ='[2]Spreads to Corn'!$F37 -> 3.6995688 | G30: ='[2]Spreads to Corn'!G37 -> 3.2888908 | H30: ='[2]Spreads to Corn'!H37 -> 3.7802709 | I30: ='[2]Spreads to SBO'!$B37 -> 0.78454461 | J30: ='[2]Spreads to SBO'!$C37 -> 0.95454633 | K30: ='[2]Spreads to SBO'!$D37 -> 0.77747593 | L30: ='[2]Spreads to Palm Stearin'!$B37 -> 0.85147135
A31: ='[1]YG IL'!A30 -> 44197 | B31: ='[2]Spreads to Corn'!$B38 -> 3.9344368 | C31: ='[2]Spreads to Corn'!$C38 -> 4.5618208 | D31: ='[2]Spreads to Corn'!D38 -> 3.2339081 | E31: ='[2]Spreads to Corn'!E38 -> 3.7428679 | F31: ='[2]Spreads to Corn'!$F38 -> 3.8319321 | G31: ='[2]Spreads to Corn'!G38 -> 3.0623425 | H31: ='[2]Spreads to Corn'!H38 -> 3.5598718 | I31: ='[2]Spreads to SBO'!$B38 -> 0.83909541 | J31: ='[2]Spreads to SBO'!$C38 -> 1.0244261 | K31: ='[2]Spreads to SBO'!$D38 -> 0.80410544 | L31: ='[2]Spreads to Palm Stearin'!$B38 -> 0.90436722
... A88: ='[1]YG IL'!A87 -> 45931 | B88: ='[2]Spreads to Corn'!$B95 -> 5.7291157 | C88: ='[2]Spreads to Corn'!$C95 -> 5.1092624 | D88: ='[2]Spreads to Corn'!D95 -> 4.8536553 | E88: ='[2]Spreads to Corn'!E95 -> 5.3106972 | F88: ='[2]Spreads to Corn'!$F95 -> 4.8724091 | G88: ='[2]Spreads to Corn'!G95 -> 4.5060461 | H88: ='[2]Spreads to Corn'!H95 -> 5.1497669 | I88: ='[2]Spreads to SBO'!$B95 -> 0.9726776 | J88: ='[2]Spreads to SBO'!$C95 -> 1.2604877 | K88: ='[2]Spreads to SBO'!$D95 -> 0.92432432 | L88: ='[2]Spreads to Palm Stearin'!$B95 -> 1.1930075

Sheet Upload Sheet
A1: VEGETABLE OILS/FATS AND GREASES
A2: Yellow Grease Illinois | F2: Yellow Grease Missouri River | K2: UCO Illinois | P2: UCO Gulf (del) | U2: Poultry Fat Mid-South | Z2: Poultry Fat Carolinas | AE2: Poultry Fat Alabama | AJ2: Choice White Grease Missouri River | AO2: Choice White Grease Chicago | AT2: Bleachable Fancy Tallow - Packer Chicago | AY2: Bleachable Fancy Tallow - Renderer Chicago | BD2: Bleachable Fancy Tallow - Renderer Missouri River | BI2: Technical Tallow Chicago | BN2: DCO - Illinois/Wisconsin | BS2: DCO Mo River | BX2: DCO Indiana/Ohio | CC2: Organic Soybean Meal Midwest | CH2: Organic Feed Corn Midwest | CM2: Organic Feed Soybean Midwest | CR2: Palm Kernel Oil NY/NOLA | CW2: Palm Stearin Malaysia | DB2: Soybean Oil Argentina | DG2: Soybean Oil Crude Degummed Central Illinois | DL2: Soybean Oil Crude Degummed US Gulf | DQ2: Soybean Oil RBD Central Illinois | DV2: Canola Oil Los Angeles | EA2: D4 RINs | EF2: D4 RINs | EK2: D6 RINs | EP2: D6 RINs | EU2: SME New York | EZ2: SME US Gulf
A3: Symbol | B3: AG-GRS-0007.F24M | F3: Symbol | G3: AG-GRS-0008.F24M | K3: Symbol | L3: AG-UCO-0003.F24M | P3: Symbol | Q3: AG-UCO-0007.F24M | U3: Symbol | V3: AG-PF-0006.F24M | Z3: Symbol | AA3: AG-PF-0004.F24M | AE3: Symbol | AF3: AG-PF-0003.F24M | AJ3: Symbol | AK3: AG-GRS-0001.F24M | AO3: Symbol | AP3: AG-GRS-0004.F24M | AT3: Symbol | AU3: AG-TLW-0001.F24M | AY3: Symbol | AZ3: AG-TLW-0003.F24M | BD3: Symbol | BE3: AG-TLW-0004.F24M | BI3: Symbol | BJ3: AG-TLW-0006.F24M | BN3: Symbol | BO3: AG-CRN-0004.F24M | BS3: Symbol | BT3: AG-CRN-0007.F24M | BX3: Symbol | BY3: AG-CRN-0010.F24M | CC3: Symbol | CD3: AG-SYB-0052.F24M | CH3: Symbol | CI3: AG-CRN-0081.F24M | CM3: Symbol | CN3: AG-SYB-0050.F24M | CR3: Symbol | CS3: AG-PLM-0002.F24M | CW3: Symbol | CX3: AG-PLM-0006.F24M | DB3: Symbol | DC3: AG-SYB-0026.F24M | DG3: Symbol | DH3: AG-SYB-0045.F24M | DL3: Symbol | DM3: AG-SYB-0047.F24M | DQ3: Symbol | DR3: AG-SYB-0048.F24M | DV3: Symbol | DW3: AG-RPS-0001.F24M | EA3: Symbol | EB3: EN-BD-0057.F24M | EF3: Symbol | EG3: EN-BD-0057.F24M | EK3: Symbol | EL3: EN-BD-0040.F24M | EP3: Symbol | EQ3: EN-BD-0040.F24M | EU3: Symbol | EV3: EN-BD-0016.F24M | EZ3: Symbol | FA3: EN-BD-0016.F24M
A4: Date | B4: Low | C4: Mid | D4: High | F4: Date | G4: Low | H4: Mid | I4: High | K4: Date | L4: Low | M4: Mid | N4: High | P4: Date | Q4: Low | R4: Mid | S4: High | U4: Date | V4: Low | W4: Mid | X4: High | Z4: Date | AA4: Low | AB4: Mid | AC4: High | AE4: Date | AF4: Low | AG4: Mid | AH4: High | AJ4: Date | AK4: Low | AL4: Mid | AM4: High | AO4: Date | AP4: Low | AQ4: Mid | AR4: High | AT4: Date | AU4: Low | AV4: Mid | AW4: High | AY4: Date | AZ4: Low | BA4: Mid | BB4: High | BD4: Date | BE4: Low | BF4: Mid | BG4: High | BI4: Date | BJ4: Low | BK4: Mid | BL4: High | BN4: Date | BO4: Low | BP4: Mid | BQ4: High | BS4: Date | BT4: Low | BU4: Mid | BV4: High | BX4: Date | BY4: Low | BZ4: Mid | CA4: High | CC4: Date | CD4: Low | CE4: Mid | CF4: High | CH4: Date | CI4: Low | CJ4: Mid | CK4: High | CM4: Date | CN4: Low | CO4: Mid | CP4: High | CR4: Date | CS4: Low | CT4: Mid | CU4: High | CW4: Date | CX4: Low | CY4: Mid | CZ4: High | DB4: Date | DC4: Low | DD4: Mid | DE4: High | DG4: Date | DH4: Low | DI4: Mid | DJ4: High | DL4: Date | DM4: Low | DN4: Mid | DO4: High | DQ4: Date | DR4: Low | DS4: Mid | DT4: High | DV4: Date | DW4: Low | DX4: Mid | DY4: High | EA4: Date | EB4: Low | EC4: Mid | ED4: High | EF4: Date | EG4: Low | EH4: Mid | EI4: High | EK4: Date | EL4: Low | EM4: Mid | EN4: High | EP4: Date | EQ4: Low | ER4: Mid | ES4: High | EU4: Date | EV4: Low | EW4: Mid | EX4: High | EZ4: Date | FA4: Low | FB4: Mid | FC4: High
A5: ='[3]Monthly Prices'!$A307 -> 45778 | B5: ='[3]Monthly Prices'!$K307 -> 36.25 | C5: ='[3]Monthly Prices'!$I307 -> 37 | D5: ='[3]Monthly Prices'!$J307 -> 37.5 | F5: =A5 -> 45778 | G5: ='[3]Monthly Prices'!$F307 -> 35.391472 | H5: ='[3]Monthly Prices'!$D307 -> 36 | I5: ='[3]Monthly Prices'!$E307 -> 36.5 | K5: =$A5 -> 45778 | L5: ='[4]Monthly Prices'!$AO307 -> 37.25 | M5: ='[4]Monthly Prices'!$AM307 -> 37.75 | N5: ='[4]Monthly Prices'!$AN307 -> 38.75 | P5: =$A5 -> 45778 | Q5: ='[4]Monthly Prices'!$F307 -> 46.059996 | R5: ='[4]Monthly Prices'!$D307 -> 49.25 | S5: ='[4]Monthly Prices'!$E307 -> 50.859996 | U5: =$A5 -> 45778 | V5: ='[5]Monthly Prices'!$F307 -> 43 | W5: ='[5]Monthly Prices'!$E307 -> 44.5 | X5: ='[5]Monthly Prices'!$E307 -> 44.5 | Z5: =$A5 -> 45778 | AA5: ='[5]Monthly Prices'!$K307 -> 43 | AB5: ='[5]Monthly Prices'!$I307 -> 44 | AC5: ='[5]Monthly Prices'!$J307 -> 44.75 | AE5: =$A5 -> 45778 | AF5: ='[5]Monthly Prices'!$U307 -> 42.75 | AG5: ='[5]Monthly Prices'!$S307 -> 43.75 | AH5: ='[5]Monthly Prices'!$T307 -> 44.25 | AJ5: =$A5 -> 45778 | AK5: ='[6]Monthly Prices'!$F307 -> 52.25 | AL5: ='[6]Monthly Prices'!$D307 -> 54 | AM5: ='[6]Monthly Prices'!$E307 -> 55 | AO5: =$A5 -> 45778 | AP5: ='[6]Monthly Prices'!$P307 -> 51.25 | AQ5: ='[6]Monthly Prices'!$N307 -> 53.5 | AR5: ='[6]Monthly Prices'!$O307 -> 55.5 | AT5: =$A5 -> 45778 | AU5: ='[7]Monthly Prices'!$F307 -> 62 | AV5: ='[7]Monthly Prices'!$D307 -> 63 | AW5: ='[7]Monthly Prices'!$E307 -> 63.75 | AY5: =$A5 -> 45778 | AZ5: ='[7]Monthly Prices'!$P307 -> 57.75 | BA5: ='[7]Monthly Prices'!$N307 -> 58 | BB5: ='[7]Monthly Prices'!$O307 -> 58.5 | BD5: =$A5 -> 45778 | BE5: ='[7]Monthly Prices'!$U307 -> 54.75 | BF5: ='[7]Monthly Prices'!$S307 -> 55 | BG5: ='[7]Monthly Prices'!$T307 -> 55.5 | BI5: =$A5 -> 45778 | BJ5: ='[7]Monthly Prices'!$AE307 -> 54.75 | BK5: ='[7]Monthly Prices'!$AC307 -> 56 | BL5: ='[7]Monthly Prices'!$AD307 -> 57.25 | BN5: =$A5 -> 45778 | BO5: ='[8]Monthly Prices'!$K307 -> 51.25 | BP5: ='[8]Monthly Prices'!$I307 -> 54 | BQ5: ='[8]Monthly Prices'!$J307 -> 56.5 | BS5: =$A5 -> 45778 | BT5: ='[8]Monthly Prices'!$P307 -> 50.5 | BU5: ='[8]Monthly Prices'!$N307 -> 54 | BV5: ='[8]Monthly Prices'!$O307 -> 57.25 | BX5: =$A5 -> 45778 | BY5: ='[8]Monthly Prices'!$U307 -> 49.25 | BZ5: ='[8]Monthly Prices'!$S307 -> 52 | CA5: ='[8]Monthly Prices'!$T307 -> 54.75 | CC5: =$A5 -> 45778 | CD5: =[9]Sheet1!$B68 -> 800 | CE5: =[9]Sheet1!$B68 -> 800 | CF5: =[9]Sheet1!$B68 -> 800 | CH5: =$A5 -> 45778 | CI5: ='[10]organic corn price forecast'!$B114 -> 7 | CJ5: ='[10]organic corn price forecast'!$B114 -> 7 | CK5: ='[10]organic corn price forecast'!$B114 -> 7 | CM5: =$A5 -> 45778 | CN5: ='[11]organic soybean price forecast'!$B114 -> 22 | CO5: ='[11]organic soybean price forecast'!$B114 -> 22 | CP5: ='[11]organic soybean price forecast'!$B114 -> 22 | CR5: =$A5 -> 45778 | CS5: ='[12]Monthly Prices'!$F308 -> 100.5 | CT5: ='[12]Monthly Prices'!$D307 -> 100 | CU5: ='[12]Monthly Prices'!$E307 -> 103.25 | CW5: =$A5 -> 45778 | CX5: ='[12]Monthly Prices'!$CW307 -> 935 | CY5: ='[12]Monthly Prices'!$CU307 -> 1010 | CZ5: ='[12]Monthly Prices'!$CV307 -> 1080 | DB5: =$A5 -> 45778 | DC5: ='[13]Monthly Prices'!$Z307 -> 905 | DD5: ='[13]Monthly Prices'!$X307 -> 985 | DE5: ='[13]Monthly Prices'!$Y307 -> 1055 | DG5: =$A5 -> 45778 | DH5: ='[13]Monthly Prices'!$U307 -> 42.25 | DI5: ='[13]Monthly Prices'!$S307 -> 44.75 | DJ5: ='[13]Monthly Prices'!$T307 -> 47.25 | DL5: =$A5 -> 45778 | DM5: ='[13]Monthly Prices'!$P307 -> 46.5 | DN5: ='[13]Monthly Prices'!$N307 -> 49 | DO5: ='[13]Monthly Prices'!$O307 -> 51.5 | DQ5: =$A5 -> 45778 | DR5: ='[13]Monthly Prices'!$K307 -> 49 | DS5: ='[13]Monthly Prices'!$I307 -> 52.75 | DT5: ='[13]Monthly Prices'!$J307 -> 56 | DV5: =$A5 -> 45778 | DW5: ='[14]Monthly Prices'!$K307 -> 59.25 | DX5: ='[14]Monthly Prices'!$I307 -> 63.75 | DY5: ='[14]Monthly Prices'!$J307 -> 67.5 | EF5: =DQ5 -> 45778 | EG5: =EH5-5 -> 95 | EH5: ='[15]RINs and HOBO Forecast'!$C$102 -> 100 | EI5: =EH5+5 -> 105 | EP5: =EF5 -> 45778 | EQ5: =ER5-5 -> 87 | ER5: ='[15]RINs and HOBO Forecast'!$B$102 -> 92 | ES5: =ER5+5 -> 97 | EU5: =[16]Forecasts!$A66 -> 45778 | EV5: =EW5-150 -> 270 | EW5: =[16]Forecasts!$B65-20 -> 420 | EX5: =EW5+150 -> 570 | EZ5: =[16]Forecasts!$A66 -> 45778 | FA5: =FB5-125 -> 280 | FB5: =[16]Forecasts!$B65-35 -> 405 | FC5: =FB5+125 -> 530
A6: ='[3]Monthly Prices'!$A308 -> 45809 | B6: ='[3]Monthly Prices'!$K308 -> 34.75 | C6: ='[3]Monthly Prices'!$I308 -> 36 | D6: ='[3]Monthly Prices'!$J308 -> 37 | F6: =A6 -> 45809 | G6: ='[3]Monthly Prices'!$F308 -> 33.769843 | H6: ='[3]Monthly Prices'!$D308 -> 35 | I6: ='[3]Monthly Prices'!$E308 -> 36 | K6: =$A6 -> 45809 | L6: ='[4]Monthly Prices'!$AO308 -> 39 | M6: ='[4]Monthly Prices'!$AM308 -> 41 | N6: ='[4]Monthly Prices'!$AN308 -> 42.5 | P6: =$A6 -> 45809 | Q6: ='[4]Monthly Prices'!$F308 -> 46.52999 | R6: ='[4]Monthly Prices'!$D308 -> 48.25 | S6: ='[4]Monthly Prices'!$E308 -> 50.57999 | U6: =$A6 -> 45809 | V6: ='[5]Monthly Prices'!$F308 -> 47.25 | W6: ='[5]Monthly Prices'!$E308 -> 49 | X6: ='[5]Monthly Prices'!$E308 -> 49 | Z6: =$A6 -> 45809 | AA6: ='[5]Monthly Prices'!$K308 -> 46.5 | AB6: ='[5]Monthly Prices'!$I308 -> 47.5 | AC6: ='[5]Monthly Prices'!$J308 -> 48.25 | AE6: =$A6 -> 45809 | AF6: ='[5]Monthly Prices'!$U308 -> 46.75 | AG6: ='[5]Monthly Prices'!$S308 -> 47.75 | AH6: ='[5]Monthly Prices'!$T308 -> 48.75 | AJ6: =$A6 -> 45809 | AK6: ='[6]Monthly Prices'!$F308 -> 49 | AL6: ='[6]Monthly Prices'!$D308 -> 51.25 | AM6: ='[6]Monthly Prices'!$E308 -> 53 | AO6: =$A6 -> 45809 | AP6: ='[6]Monthly Prices'!$P308 -> 52.75 | AQ6: ='[6]Monthly Prices'!$N308 -> 54.5 | AR6: ='[6]Monthly Prices'!$O308 -> 56.5 | AT6: =$A6 -> 45809 | AU6: ='[7]Monthly Prices'!$F308 -> 55.75 | AV6: ='[7]Monthly Prices'!$D308 -> 58 | AW6: ='[7]Monthly Prices'!$E308 -> 61 | AY6: =$A6 -> 45809 | AZ6: ='[7]Monthly Prices'!$P308 -> 54.5 | BA6: ='[7]Monthly Prices'!$N308 -> 57 | BB6: ='[7]Monthly Prices'!$O308 -> 59.25 | BD6: =$A6 -> 45809 | BE6: ='[7]Monthly Prices'!$U308 -> 53.5 | BF6: ='[7]Monthly Prices'!$S308 -> 56 | BG6: ='[7]Monthly Prices'!$T308 -> 58.25 | BI6: =$A6 -> 45809 | BJ6: ='[7]Monthly Prices'!$AE308 -> 54.25 | BK6: ='[7]Monthly Prices'!$AC308 -> 57 | BL6: ='[7]Monthly Prices'!$AD308 -> 59.5 | BN6: =$A6 -> 45809 | BO6: ='[8]Monthly Prices'!$K308 -> 50.75 | BP6: ='[8]Monthly Prices'!$I308 -> 53.75 | BQ6: ='[8]Monthly Prices'!$J308 -> 56 | BS6: =$A6 -> 45809 | BT6: ='[8]Monthly Prices'!$P308 -> 51.25 | BU6: ='[8]Monthly Prices'!$N308 -> 54.25 | BV6: ='[8]Monthly Prices'!$O308 -> 57 | BX6: =$A6 -> 45809 | BY6: ='[8]Monthly Prices'!$U308 -> 48.5 | BZ6: ='[8]Monthly Prices'!$S308 -> 52 | CA6: ='[8]Monthly Prices'!$T308 -> 54.75 | CR6: =$A6 -> 45809 | CS6: ='[12]Monthly Prices'!$F309 -> 105.25 | CT6: ='[12]Monthly Prices'!$D308 -> 103.75 | CU6: ='[12]Monthly Prices'!$E308 -> 107.25 | CW6: =$A6 -> 45809 | CX6: ='[12]Monthly Prices'!$CW308 -> 875 | CY6: ='[12]Monthly Prices'!$CU308 -> 960 | CZ6: ='[12]Monthly Prices'!$CV308 -> 1055 | DB6: =$A6 -> 45809 | DC6: ='[13]Monthly Prices'!$Z308 -> 930 | DD6: ='[13]Monthly Prices'!$X308 -> 980 | DE6: ='[13]Monthly Prices'!$Y308 -> 1040 | DG6: =$A6 -> 45809 | DH6: ='[13]Monthly Prices'!$U308 -> 41 | DI6: ='[13]Monthly Prices'!$S308 -> 46.5 | DJ6: ='[13]Monthly Prices'!$T308 -> 52 | DL6: =$A6 -> 45809 | DM6: ='[13]Monthly Prices'!$P308 -> 43.25 | DN6: ='[13]Monthly Prices'!$N308 -> 49.5 | DO6: ='[13]Monthly Prices'!$O308 -> 55.5 | DQ6: =$A6 -> 45809 | DR6: ='[13]Monthly Prices'!$K308 -> 47.75 | DS6: ='[13]Monthly Prices'!$I308 -> 53.75 | DT6: ='[13]Monthly Prices'!$J308 -> 58.75 | DV6: =$A6 -> 45809 | DW6: ='[14]Monthly Prices'!$K308 -> 54.5 | DX6: ='[14]Monthly Prices'!$I308 -> 62.25 | DY6: ='[14]Monthly Prices'!$J308 -> 67.5 | EF6: =DQ6 -> 45809 | EG6: =EH6-5 -> 95 | EH6: ='[15]RINs and HOBO Forecast'!$C$102 -> 100 | EI6: =EH6+5 -> 105 | EP6: =EF6 -> 45809 | EQ6: =ER6-5 -> 87 | ER6: ='[15]RINs and HOBO Forecast'!$B$102 -> 92 | ES6: =ER6+5 -> 97 | EU6: =[16]Forecasts!$A67 -> 45809 | EV6: =EW6-150 -> 272.74 | EW6: =[16]Forecasts!$B66-20 -> 422.74 | EX6: =EW6+150 -> 572.74 | EZ6: =[16]Forecasts!$A67 -> 45809 | FA6: =FB6-125 -> 282.74 | FB6: =[16]Forecasts!$B66-35 -> 407.74 | FC6: =FB6+125 -> 532.74
A7: ='[3]Monthly Prices'!$A309 -> 45839 | B7: ='[3]Monthly Prices'!$K309 -> 36 | C7: ='[3]Monthly Prices'!$I309 -> 37 | D7: ='[3]Monthly Prices'!$J309 -> 38.25 | F7: =A7 -> 45839 | G7: ='[3]Monthly Prices'!$F309 -> 34.322446 | H7: ='[3]Monthly Prices'!$D309 -> 35 | I7: ='[3]Monthly Prices'!$E309 -> 36.5 | K7: =$A7 -> 45839 | L7: ='[4]Monthly Prices'!$AO309 -> 40 | M7: ='[4]Monthly Prices'!$AM309 -> 40.5 | N7: ='[4]Monthly Prices'!$AN309 -> 41 | P7: =$A7 -> 45839 | Q7: ='[4]Monthly Prices'!$F309 -> 47.410028 | R7: ='[4]Monthly Prices'!$D309 -> 49.5 | S7: ='[4]Monthly Prices'!$E309 -> 51.510028 | U7: =$A7 -> 45839 | V7: ='[5]Monthly Prices'!$F309 -> 47 | W7: ='[5]Monthly Prices'!$E309 -> 52 | X7: ='[5]Monthly Prices'!$E309 -> 52 | Z7: =$A7 -> 45839 | AA7: ='[5]Monthly Prices'!$K309 -> 48.25 | AB7: ='[5]Monthly Prices'!$I309 -> 49.25 | AC7: ='[5]Monthly Prices'!$J309 -> 50.5 | AE7: =$A7 -> 45839 | AF7: ='[5]Monthly Prices'!$U309 -> 46.75 | AG7: ='[5]Monthly Prices'!$S309 -> 49 | AH7: ='[5]Monthly Prices'!$T309 -> 50.75 | AJ7: =$A7 -> 45839 | AK7: ='[6]Monthly Prices'!$F309 -> 48.75 | AL7: ='[6]Monthly Prices'!$D309 -> 50.75 | AM7: ='[6]Monthly Prices'!$E309 -> 54 | AO7: =$A7 -> 45839 | AP7: ='[6]Monthly Prices'!$P309 -> 51.75 | AQ7: ='[6]Monthly Prices'!$N309 -> 54.25 | AR7: ='[6]Monthly Prices'!$O309 -> 56.5 | AT7: =$A7 -> 45839 | AU7: ='[7]Monthly Prices'!$F309 -> 57.75 | AV7: ='[7]Monthly Prices'!$D309 -> 59 | AW7: ='[7]Monthly Prices'!$E309 -> 61 | AY7: =$A7 -> 45839 | AZ7: ='[7]Monthly Prices'!$P309 -> 57.75 | BA7: ='[7]Monthly Prices'!$N309 -> 59 | BB7: ='[7]Monthly Prices'!$O309 -> 60.25 | BD7: =$A7 -> 45839 | BE7: ='[7]Monthly Prices'!$U309 -> 55.75 | BF7: ='[7]Monthly Prices'!$S309 -> 57 | BG7: ='[7]Monthly Prices'!$T309 -> 58.25 | BI7: =$A7 -> 45839 | BJ7: ='[7]Monthly Prices'!$AE309 -> 53.75 | BK7: ='[7]Monthly Prices'!$AC309 -> 56 | BL7: ='[7]Monthly Prices'!$AD309 -> 57.75 | BN7: =$A7 -> 45839 | BO7: ='[8]Monthly Prices'!$K309 -> 50 | BP7: ='[8]Monthly Prices'!$I309 -> 54 | BQ7: ='[8]Monthly Prices'!$J309 -> 57.25 | BS7: =$A7 -> 45839 | BT7: ='[8]Monthly Prices'!$P309 -> 50.75 | BU7: ='[8]Monthly Prices'!$N309 -> 54 | BV7: ='[8]Monthly Prices'!$O309 -> 57.25 | BX7: =$A7 -> 45839 | BY7: ='[8]Monthly Prices'!$U309 -> 48.5 | BZ7: ='[8]Monthly Prices'!$S309 -> 52 | CA7: ='[8]Monthly Prices'!$T309 -> 54.75 | CR7: =$A7 -> 45839 | CS7: ='[12]Monthly Prices'!$F310 -> 106.75 | CT7: ='[12]Monthly Prices'!$D309 -> 108 | CU7: ='[12]Monthly Prices'!$E309 -> 112.75 | CW7: =$A7 -> 45839 | CX7: ='[12]Monthly Prices'!$CW309 -> 915 | CY7: ='[12]Monthly Prices'!$CU309 -> 965 | CZ7: ='[12]Monthly Prices'!$CV309 -> 1045 | DB7: =$A7 -> 45839 | DC7: ='[13]Monthly Prices'!$Z309 -> 895 | DD7: ='[13]Monthly Prices'!$X309 -> 985 | DE7: ='[13]Monthly Prices'!$Y309 -> 1050 | DG7: =$A7 -> 45839 | DH7: ='[13]Monthly Prices'!$U309 -> 43.25 | DI7: ='[13]Monthly Prices'!$S309 -> 46.75 | DJ7: ='[13]Monthly Prices'!$T309 -> 51.5 | DL7: =$A7 -> 45839 | DM7: ='[13]Monthly Prices'!$P309 -> 45.5 | DN7: ='[13]Monthly Prices'!$N309 -> 49.5 | DO7: ='[13]Monthly Prices'!$O309 -> 54.75 | DQ7: =$A7 -> 45839 | DR7: ='[13]Monthly Prices'!$K309 -> 49.5 | DS7: ='[13]Monthly Prices'!$I309 -> 52.75 | DT7: ='[13]Monthly Prices'!$J309 -> 57.75 | DV7: =$A7 -> 45839 | DW7: ='[14]Monthly Prices'!$K309 -> 57.25 | DX7: ='[14]Monthly Prices'!$I309 -> 62.25 | DY7: ='[14]Monthly Prices'!$J309 -> 68.25 | EF7: =DQ7 -> 45839 | EG7: =EH7-5 -> 93 | EH7: ='[15]RINs and HOBO Forecast'!$C$103 -> 98 | EI7: =EH7+5 -> 103 | EP7: =EF7 -> 45839 | EQ7: =ER7-5 -> 84 | ER7: ='[15]RINs and HOBO Forecast'!$B$103 -> 89 | ES7: =ER7+5 -> 94 | EU7: =[16]Forecasts!$A68 -> 45839 | EV7: =EW7-150 -> 281.33 | EW7: =[16]Forecasts!$B67-20 -> 431.33 | EX7: =EW7+150 -> 581.33 | EZ7: =[16]Forecasts!$A68 -> 45839 | FA7: =FB7-125 -> 291.33 | FB7: =[16]Forecasts!$B67-35 -> 416.33 | FC7: =FB7+125 -> 541.33
A8: ='[3]Monthly Prices'!$A310 -> 45870 | B8: ='[3]Monthly Prices'!$K310 -> 35.75 | C8: ='[3]Monthly Prices'!$I310 -> 37 | D8: ='[3]Monthly Prices'!$J310 -> 38.25 | F8: =A8 -> 45870 | G8: ='[3]Monthly Prices'!$F310 -> 33.696932 | H8: ='[3]Monthly Prices'!$D310 -> 35 | I8: ='[3]Monthly Prices'!$E310 -> 36.25 | K8: =$A8 -> 45870 | L8: ='[4]Monthly Prices'!$AO310 -> 37.25 | M8: ='[4]Monthly Prices'!$AM310 -> 39.75 | N8: ='[4]Monthly Prices'!$AN310 -> 41.25 | P8: =$A8 -> 45870 | Q8: ='[4]Monthly Prices'!$F310 -> 48.626703 | R8: ='[4]Monthly Prices'!$D310 -> 50.5 | S8: ='[4]Monthly Prices'!$E310 -> 51.826703 | U8: =$A8 -> 45870 | V8: ='[5]Monthly Prices'!$F310 -> 49.75 | W8: ='[5]Monthly Prices'!$E310 -> 51.75 | X8: ='[5]Monthly Prices'!$E310 -> 51.75 | Z8: =$A8 -> 45870 | AA8: ='[5]Monthly Prices'!$K310 -> 49.25 | AB8: ='[5]Monthly Prices'!$I310 -> 50 | AC8: ='[5]Monthly Prices'!$J310 -> 50.5 | AE8: =$A8 -> 45870 | AF8: ='[5]Monthly Prices'!$U310 -> 49 | AG8: ='[5]Monthly Prices'!$S310 -> 49.75 | AH8: ='[5]Monthly Prices'!$T310 -> 50.75 | AJ8: =$A8 -> 45870 | AK8: ='[6]Monthly Prices'!$F310 -> 48 | AL8: ='[6]Monthly Prices'!$D310 -> 50.5 | AM8: ='[6]Monthly Prices'!$E310 -> 52 | AO8: =$A8 -> 45870 | AP8: ='[6]Monthly Prices'!$P310 -> 50.25 | AQ8: ='[6]Monthly Prices'!$N310 -> 51.5 | AR8: ='[6]Monthly Prices'!$O310 -> 53 | AT8: =$A8 -> 45870 | AU8: ='[7]Monthly Prices'!$F310 -> 54.25 | AV8: ='[7]Monthly Prices'!$D310 -> 56 | AW8: ='[7]Monthly Prices'!$E310 -> 57.5 | AY8: =$A8 -> 45870 | AZ8: ='[7]Monthly Prices'!$P310 -> 55.25 | BA8: ='[7]Monthly Prices'!$N310 -> 56 | BB8: ='[7]Monthly Prices'!$O310 -> 57.75 | BD8: =$A8 -> 45870 | BE8: ='[7]Monthly Prices'!$U310 -> 51.25 | BF8: ='[7]Monthly Prices'!$S310 -> 52 | BG8: ='[7]Monthly Prices'!$T310 -> 53.75 | BI8: =$A8 -> 45870 | BJ8: ='[7]Monthly Prices'!$AE310 -> 53.25 | BK8: ='[7]Monthly Prices'!$AC310 -> 56 | BL8: ='[7]Monthly Prices'!$AD310 -> 58.5 | BN8: =$A8 -> 45870 | BO8: ='[8]Monthly Prices'!$K310 -> 50.5 | BP8: ='[8]Monthly Prices'!$I310 -> 52.75 | BQ8: ='[8]Monthly Prices'!$J310 -> 55 | BS8: =$A8 -> 45870 | BT8: ='[8]Monthly Prices'!$P310 -> 50.75 | BU8: ='[8]Monthly Prices'!$N310 -> 53.25 | BV8: ='[8]Monthly Prices'!$O310 -> 55.25 | BX8: =$A8 -> 45870 | BY8: ='[8]Monthly Prices'!$U310 -> 49.25 | BZ8: ='[8]Monthly Prices'!$S310 -> 51 | CA8: ='[8]Monthly Prices'!$T310 -> 53.25 | CR8: =$A8 -> 45870 | CS8: ='[12]Monthly Prices'!$F311 -> 100.5 | CT8: ='[12]Monthly Prices'!$D310 -> 109 | CU8: ='[12]Monthly Prices'!$E310 -> 111.75 | CW8: =$A8 -> 45870 | CX8: ='[12]Monthly Prices'!$CW310 -> 1020 | CY8: ='[12]Monthly Prices'!$CU310 -> 1050 | CZ8: ='[12]Monthly Prices'!$CV310 -> 1100 | DB8: =$A8 -> 45870 | DC8: ='[13]Monthly Prices'!$Z310 -> 845 | DD8: ='[13]Monthly Prices'!$X310 -> 920 | DE8: ='[13]Monthly Prices'!$Y310 -> 995 | DG8: =$A8 -> 45870 | DH8: ='[13]Monthly Prices'!$U310 -> 42.25 | DI8: ='[13]Monthly Prices'!$S310 -> 45 | DJ8: ='[13]Monthly Prices'!$T310 -> 48 | DL8: =$A8 -> 45870 | DM8: ='[13]Monthly Prices'!$P310 -> 45.75 | DN8: ='[13]Monthly Prices'!$N310 -> 48.75 | DO8: ='[13]Monthly Prices'!$O310 -> 52 | DQ8: =$A8 -> 45870 | DR8: ='[13]Monthly Prices'!$K310 -> 44.75 | DS8: ='[13]Monthly Prices'!$I310 -> 48.5 | DT8: ='[13]Monthly Prices'!$J310 -> 52 | DV8: =$A8 -> 45870 | DW8: ='[14]Monthly Prices'!$K310 -> 54 | DX8: ='[14]Monthly Prices'!$I310 -> 57.5 | DY8: ='[14]Monthly Prices'!$J310 -> 61.75 | EF8: =DQ8 -> 45870 | EG8: =EH8-5 -> 93 | EH8: ='[15]RINs and HOBO Forecast'!$C$103 -> 98 | EI8: =EH8+5 -> 103 | EP8: =EF8 -> 45870 | EQ8: =ER8-5 -> 84 | ER8: ='[15]RINs and HOBO Forecast'!$B$103 -> 89 | ES8: =ER8+5 -> 94 | EU8: =[16]Forecasts!$A69 -> 45870 | EV8: =EW8-150 -> 276.3 | EW8: =[16]Forecasts!$B68-20 -> 426.3 | EX8: =EW8+150 -> 576.3 | EZ8: =[16]Forecasts!$A69 -> 45870 | FA8: =FB8-125 -> 286.3 | FB8: =[16]Forecasts!$B68-35 -> 411.3 | FC8: =FB8+125 -> 536.3
A9: ='[3]Monthly Prices'!$A311 -> 45901 | B9: ='[3]Monthly Prices'!$K311 -> 35 | C9: ='[3]Monthly Prices'!$I311 -> 36 | D9: ='[3]Monthly Prices'!$J311 -> 37.75 | F9: =A9 -> 45901 | G9: ='[3]Monthly Prices'!$F311 -> 32.972619 | H9: ='[3]Monthly Prices'!$D311 -> 34 | I9: ='[3]Monthly Prices'!$E311 -> 35.75 | K9: =$A9 -> 45901 | L9: ='[4]Monthly Prices'!$AO311 -> 38.25 | M9: ='[4]Monthly Prices'!$AM311 -> 39 | N9: ='[4]Monthly Prices'!$AN311 -> 41 | P9: =$A9 -> 45901 | Q9: ='[4]Monthly Prices'!$F311 -> 44.98621 | R9: ='[4]Monthly Prices'!$D311 -> 47.25 | S9: ='[4]Monthly Prices'!$E311 -> 49.53621 | U9: =$A9 -> 45901 | V9: ='[5]Monthly Prices'!$F311 -> 49.25 | W9: ='[5]Monthly Prices'!$E311 -> 52.25 | X9: ='[5]Monthly Prices'!$E311 -> 52.25 | Z9: =$A9 -> 45901 | AA9: ='[5]Monthly Prices'!$K311 -> 49.5 | AB9: ='[5]Monthly Prices'!$I311 -> 50 | AC9: ='[5]Monthly Prices'!$J311 -> 50.75 | AE9: =$A9 -> 45901 | AF9: ='[5]Monthly Prices'!$U311 -> 47.75 | AG9: ='[5]Monthly Prices'!$S311 -> 49.5 | AH9: ='[5]Monthly Prices'!$T311 -> 50.75 | AJ9: =$A9 -> 45901 | AK9: ='[6]Monthly Prices'!$F311 -> 42.75 | AL9: ='[6]Monthly Prices'!$D311 -> 45.25 | AM9: ='[6]Monthly Prices'!$E311 -> 48.5 | AO9: =$A9 -> 45901 | AP9: ='[6]Monthly Prices'!$P311 -> 46.25 | AQ9: ='[6]Monthly Prices'!$N311 -> 47 | AR9: ='[6]Monthly Prices'!$O311 -> 50.5 | AT9: =$A9 -> 45901 | AU9: ='[7]Monthly Prices'!$F311 -> 49 | AV9: ='[7]Monthly Prices'!$D311 -> 51 | AW9: ='[7]Monthly Prices'!$E311 -> 53 | AY9: =$A9 -> 45901 | AZ9: ='[7]Monthly Prices'!$P311 -> 51 | BA9: ='[7]Monthly Prices'!$N311 -> 52 | BB9: ='[7]Monthly Prices'!$O311 -> 53.25 | BD9: =$A9 -> 45901 | BE9: ='[7]Monthly Prices'!$U311 -> 48 | BF9: ='[7]Monthly Prices'!$S311 -> 49 | BG9: ='[7]Monthly Prices'!$T311 -> 50.25 | BI9: =$A9 -> 45901 | BJ9: ='[7]Monthly Prices'!$AE311 -> 51.25 | BK9: ='[7]Monthly Prices'!$AC311 -> 53 | BL9: ='[7]Monthly Prices'!$AD311 -> 54.25 | BN9: =$A9 -> 45901 | BO9: ='[8]Monthly Prices'!$K311 -> 46 | BP9: ='[8]Monthly Prices'!$I311 -> 47.5 | BQ9: ='[8]Monthly Prices'!$J311 -> 50 | BS9: =$A9 -> 45901 | BT9: ='[8]Monthly Prices'!$P311 -> 46.25 | BU9: ='[8]Monthly Prices'!$N311 -> 48.25 | BV9: ='[8]Monthly Prices'!$O311 -> 51.5 | BX9: =$A9 -> 45901 | BY9: ='[8]Monthly Prices'!$U311 -> 45.25 | BZ9: ='[8]Monthly Prices'!$S311 -> 46.75 | CA9: ='[8]Monthly Prices'!$T311 -> 49 | CR9: =$A9 -> 45901 | CS9: ='[12]Monthly Prices'!$F312 -> 97.75 | CT9: ='[12]Monthly Prices'!$D311 -> 103.75 | CU9: ='[12]Monthly Prices'!$E311 -> 106.25 | CW9: =$A9 -> 45901 | CX9: ='[12]Monthly Prices'!$CW311 -> 990 | CY9: ='[12]Monthly Prices'!$CU311 -> 1035 | CZ9: ='[12]Monthly Prices'!$CV311 -> 1095 | DB9: =$A9 -> 45901 | DC9: ='[13]Monthly Prices'!$Z311 -> 980 | DD9: ='[13]Monthly Prices'!$X311 -> 1030 | DE9: ='[13]Monthly Prices'!$Y311 -> 1085 | DG9: =$A9 -> 45901 | DH9: ='[13]Monthly Prices'!$U311 -> 39 | DI9: ='[13]Monthly Prices'!$S311 -> 42 | DJ9: ='[13]Monthly Prices'!$T311 -> 44.75 | DL9: =$A9 -> 45901 | DM9: ='[13]Monthly Prices'!$P311 -> 42 | DN9: ='[13]Monthly Prices'!$N311 -> 44.5 | DO9: ='[13]Monthly Prices'!$O311 -> 47.5 | DQ9: =$A9 -> 45901 | DR9: ='[13]Monthly Prices'!$K311 -> 42.25 | DS9: ='[13]Monthly Prices'!$I311 -> 45 | DT9: ='[13]Monthly Prices'!$J311 -> 47.75 | DV9: =$A9 -> 45901 | DW9: ='[14]Monthly Prices'!$K311 -> 50 | DX9: ='[14]Monthly Prices'!$I311 -> 54.25 | DY9: ='[14]Monthly Prices'!$J311 -> 59 | EF9: =DQ9 -> 45901 | EG9: =EH9-5 -> 81 | EH9: ='[15]RINs and HOBO Forecast'!$C$104 -> 86 | EI9: =EH9+5 -> 91 | EP9: =EF9 -> 45901 | EQ9: =ER9-5 -> 74 | ER9: ='[15]RINs and HOBO Forecast'!$B$104 -> 79 | ES9: =ER9+5 -> 84 | EU9: =[16]Forecasts!$A70 -> 45901 | EV9: =EW9-150 -> 271.85 | EW9: =[16]Forecasts!$B69-20 -> 421.85 | EX9: =EW9+150 -> 571.85 | EZ9: =[16]Forecasts!$A70 -> 45901 | FA9: =FB9-125 -> 281.85 | FB9: =[16]Forecasts!$B69-35 -> 406.85 | FC9: =FB9+125 -> 531.85
A10: ='[3]Monthly Prices'!$A312 -> 45931 | B10: ='[3]Monthly Prices'!$K312 -> 32.5 | C10: ='[3]Monthly Prices'!$I312 -> 35 | D10: ='[3]Monthly Prices'!$J312 -> 37.25 | F10: =A10 -> 45931 | G10: ='[3]Monthly Prices'!$F312 -> 31.028571 | H10: ='[3]Monthly Prices'!$D312 -> 33 | I10: ='[3]Monthly Prices'!$E312 -> 35.25 | K10: =$A10 -> 45931 | L10: ='[4]Monthly Prices'!$AO312 -> 36.5 | M10: ='[4]Monthly Prices'!$AM312 -> 39.25 | N10: ='[4]Monthly Prices'!$AN312 -> 42 | P10: =$A10 -> 45931 | Q10: ='[4]Monthly Prices'!$F312 -> 45.337868 | R10: ='[4]Monthly Prices'!$D312 -> 49 | S10: ='[4]Monthly Prices'!$E312 -> 51.761868 | U10: =$A10 -> 45931 | V10: ='[5]Monthly Prices'!$F312 -> 45.5 | W10: ='[5]Monthly Prices'!$E312 -> 51.5 | X10: ='[5]Monthly Prices'!$E312 -> 51.5 | Z10: =$A10 -> 45931 | AA10: ='[5]Monthly Prices'!$K312 -> 47.25 | AB10: ='[5]Monthly Prices'!$I312 -> 49.25 | AC10: ='[5]Monthly Prices'!$J312 -> 51 | AE10: =$A10 -> 45931 | AF10: ='[5]Monthly Prices'!$U312 -> 45.75 | AG10: ='[5]Monthly Prices'!$S312 -> 49 | AH10: ='[5]Monthly Prices'!$T312 -> 51.75 | AJ10: =$A10 -> 45931 | AK10: ='[6]Monthly Prices'!$F312 -> 40.75 | AL10: ='[6]Monthly Prices'!$D312 -> 43.25 | AM10: ='[6]Monthly Prices'!$E312 -> 46.25 | AO10: =$A10 -> 45931 | AP10: ='[6]Monthly Prices'!$P312 -> 42.75 | AQ10: ='[6]Monthly Prices'!$N312 -> 46.25 | AR10: ='[6]Monthly Prices'!$O312 -> 49.5 | AT10: =$A10 -> 45931 | AU10: ='[7]Monthly Prices'!$F312 -> 46.5 | AV10: ='[7]Monthly Prices'!$D312 -> 50 | AW10: ='[7]Monthly Prices'!$E312 -> 52.5 | AY10: =$A10 -> 45931 | AZ10: ='[7]Monthly Prices'!$P312 -> 46.5 | BA10: ='[7]Monthly Prices'!$N312 -> 49 | BB10: ='[7]Monthly Prices'!$O312 -> 51.5 | BD10: =$A10 -> 45931 | BE10: ='[7]Monthly Prices'!$U312 -> 44.5 | BF10: ='[7]Monthly Prices'!$S312 -> 47 | BG10: ='[7]Monthly Prices'!$T312 -> 49.5 | BI10: =$A10 -> 45931 | BJ10: ='[7]Monthly Prices'!$AE312 -> 46.75 | BK10: ='[7]Monthly Prices'!$AC312 -> 50 | BL10: ='[7]Monthly Prices'!$AD312 -> 54.25 | BN10: =$A10 -> 45931 | BO10: ='[8]Monthly Prices'!$K312 -> 47 | BP10: ='[8]Monthly Prices'!$I312 -> 50 | BQ10: ='[8]Monthly Prices'!$J312 -> 53.75 | BS10: =$A10 -> 45931 | BT10: ='[8]Monthly Prices'!$P312 -> 46.75 | BU10: ='[8]Monthly Prices'!$N312 -> 50 | BV10: ='[8]Monthly Prices'!$O312 -> 53.5 | BX10: =$A10 -> 45931 | BY10: ='[8]Monthly Prices'!$U312 -> 45.75 | BZ10: ='[8]Monthly Prices'!$S312 -> 48.75 | CA10: ='[8]Monthly Prices'!$T312 -> 52 | CR10: =$A10 -> 45931 | CS10: ='[12]Monthly Prices'!$F313 -> 102.25 | CT10: ='[12]Monthly Prices'!$D312 -> 102.25 | CU10: ='[12]Monthly Prices'!$E312 -> 106 | CW10: =$A10 -> 45931 | CX10: ='[12]Monthly Prices'!$CW312 -> 1065 | CY10: ='[12]Monthly Prices'!$CU312 -> 1115 | CZ10: ='[12]Monthly Prices'!$CV312 -> 1155 | DB10: =$A10 -> 45931 | DC10: ='[13]Monthly Prices'!$Z312 -> 930 | DD10: ='[13]Monthly Prices'!$X312 -> 995 | DE10: ='[13]Monthly Prices'!$Y312 -> 1070 | DG10: =$A10 -> 45931 | DH10: ='[13]Monthly Prices'!$U312 -> 40 | DI10: ='[13]Monthly Prices'!$S312 -> 42.5 | DJ10: ='[13]Monthly Prices'!$T312 -> 45.25 | DL10: =$A10 -> 45931 | DM10: ='[13]Monthly Prices'!$P312 -> 43.25 | DN10: ='[13]Monthly Prices'!$N312 -> 46.75 | DO10: ='[13]Monthly Prices'!$O312 -> 50 | DQ10: =$A10 -> 45931 | DR10: ='[13]Monthly Prices'!$K312 -> 43.75 | DS10: ='[13]Monthly Prices'!$I312 -> 46.75 | DT10: ='[13]Monthly Prices'!$J312 -> 50 | DV10: =$A10 -> 45931 | DW10: ='[14]Monthly Prices'!$K312 -> 51.5 | DX10: ='[14]Monthly Prices'!$I312 -> 54.5 | DY10: ='[14]Monthly Prices'!$J312 -> 58 | EF10: =DQ10 -> 45931 | EG10: =EH10-5 -> 81 | EH10: ='[15]RINs and HOBO Forecast'!$C$104 -> 86 | EI10: =EH10+5 -> 91 | EP10: =EF10 -> 45931 | EQ10: =ER10-5 -> 74 | ER10: ='[15]RINs and HOBO Forecast'!$B$104 -> 79 | ES10: =ER10+5 -> 84 | EU10: =[16]Forecasts!$A71 -> 45931 | EV10: =EW10-150 -> 262.51 | EW10: =[16]Forecasts!$B70-20 -> 412.51 | EX10: =EW10+150 -> 562.51 | EZ10: =[16]Forecasts!$A71 -> 45931 | FA10: =FB10-125 -> 272.51 | FB10: =[16]Forecasts!$B70-35 -> 397.51 | FC10: =FB10+125 -> 522.51
A11: ='[3]Monthly Prices'!$A313 -> 45962 | B11: ='[3]Monthly Prices'!$K313 -> 33 | C11: ='[3]Monthly Prices'!$I313 -> 34 | D11: ='[3]Monthly Prices'!$J313 -> 34.75 | F11: =A11 -> 45962 | G11: ='[3]Monthly Prices'!$F313 -> 31.7175 | H11: ='[3]Monthly Prices'!$D313 -> 33 | I11: ='[3]Monthly Prices'!$E313 -> 33.5 | K11: =$A11 -> 45962 | L11: ='[4]Monthly Prices'!$AO313 -> 39 | M11: ='[4]Monthly Prices'!$AM313 -> 40 | N11: ='[4]Monthly Prices'!$AN313 -> 40.75 | P11: =$A11 -> 45962 | Q11: ='[4]Monthly Prices'!$F313 -> 47.614333 | R11: ='[4]Monthly Prices'!$D313 -> 49 | S11: ='[4]Monthly Prices'!$E313 -> 50.140333 | U11: =$A11 -> 45962 | V11: ='[5]Monthly Prices'!$F313 -> 48 | W11: ='[5]Monthly Prices'!$E313 -> 49.5 | X11: ='[5]Monthly Prices'!$E313 -> 49.5 | Z11: =$A11 -> 45962 | AA11: ='[5]Monthly Prices'!$K313 -> 48 | AB11: ='[5]Monthly Prices'!$I313 -> 48.5 | AC11: ='[5]Monthly Prices'!$J313 -> 49.25 | AE11: =$A11 -> 45962 | AF11: ='[5]Monthly Prices'!$U313 -> 49.75 | AG11: ='[5]Monthly Prices'!$S313 -> 50.25 | AH11: ='[5]Monthly Prices'!$T313 -> 50.75 | AJ11: =$A11 -> 45962 | AK11: ='[6]Monthly Prices'!$F313 -> 42.75 | AL11: ='[6]Monthly Prices'!$D313 -> 45 | AM11: ='[6]Monthly Prices'!$E313 -> 47.75 | AO11: =$A11 -> 45962 | AP11: ='[6]Monthly Prices'!$P313 -> 45 | AQ11: ='[6]Monthly Prices'!$N313 -> 47 | AR11: ='[6]Monthly Prices'!$O313 -> 48.75 | AT11: =$A11 -> 45962 | AU11: ='[7]Monthly Prices'!$F313 -> 48.75 | AV11: ='[7]Monthly Prices'!$D313 -> 51 | AW11: ='[7]Monthly Prices'!$E313 -> 53 | AY11: =$A11 -> 45962 | AZ11: ='[7]Monthly Prices'!$P313 -> 48.75 | BA11: ='[7]Monthly Prices'!$N313 -> 51 | BB11: ='[7]Monthly Prices'!$O313 -> 52.25 | BD11: =$A11 -> 45962 | BE11: ='[7]Monthly Prices'!$U313 -> 52.75 | BF11: ='[7]Monthly Prices'!$S313 -> 55 | BG11: ='[7]Monthly Prices'!$T313 -> 56.25 | BI11: =$A11 -> 45962 | BJ11: ='[7]Monthly Prices'!$AE313 -> 47.25 | BK11: ='[7]Monthly Prices'!$AC313 -> 50 | BL11: ='[7]Monthly Prices'!$AD313 -> 52 | BN11: =$A11 -> 45962 | BO11: ='[8]Monthly Prices'!$K313 -> 48.75 | BP11: ='[8]Monthly Prices'!$I313 -> 51 | BQ11: ='[8]Monthly Prices'!$J313 -> 52.75 | BS11: =$A11 -> 45962 | BT11: ='[8]Monthly Prices'!$P313 -> 49 | BU11: ='[8]Monthly Prices'!$N313 -> 51.25 | BV11: ='[8]Monthly Prices'!$O313 -> 53 | BX11: =$A11 -> 45962 | BY11: ='[8]Monthly Prices'!$U313 -> 47.75 | BZ11: ='[8]Monthly Prices'!$S313 -> 49.25 | CA11: ='[8]Monthly Prices'!$T313 -> 51 | CR11: =$A11 -> 45962 | CS11: ='[12]Monthly Prices'!$F314 -> 100.25 | CT11: ='[12]Monthly Prices'!$D313 -> 104.5 | CU11: ='[12]Monthly Prices'!$E313 -> 107.25 | CW11: =$A11 -> 45962 | CX11: ='[12]Monthly Prices'!$CW313 -> 1125 | CY11: ='[12]Monthly Prices'!$CU313 -> 1165 | CZ11: ='[12]Monthly Prices'!$CV313 -> 1205 | DB11: =$A11 -> 45962 | DC11: ='[13]Monthly Prices'!$Z313 -> 955 | DD11: ='[13]Monthly Prices'!$X313 -> 1040 | DE11: ='[13]Monthly Prices'!$Y313 -> 1115 | DG11: =$A11 -> 45962 | DH11: ='[13]Monthly Prices'!$U313 -> 42.25 | DI11: ='[13]Monthly Prices'!$S313 -> 45.75 | DJ11: ='[13]Monthly Prices'!$T313 -> 48.5 | DL11: =$A11 -> 45962 | DM11: ='[13]Monthly Prices'!$P313 -> 45.75 | DN11: ='[13]Monthly Prices'!$N313 -> 49.25 | DO11: ='[13]Monthly Prices'!$O313 -> 52 | DQ11: =$A11 -> 45962 | DR11: ='[13]Monthly Prices'!$K313 -> 47.75 | DS11: ='[13]Monthly Prices'!$I313 -> 51.25 | DT11: ='[13]Monthly Prices'!$J313 -> 54 | DV11: =$A11 -> 45962 | DW11: ='[14]Monthly Prices'!$K313 -> 57.25 | DX11: ='[14]Monthly Prices'!$I313 -> 60 | DY11: ='[14]Monthly Prices'!$J313 -> 62.75 | EF11: =DQ11 -> 45962 | EG11: =EH11-5 -> 81 | EH11: ='[15]RINs and HOBO Forecast'!$C$104 -> 86 | EI11: =EH11+5 -> 91 | EP11: =EF11 -> 45962 | EQ11: =ER11-5 -> 74 | ER11: ='[15]RINs and HOBO Forecast'!$B$104 -> 79 | ES11: =ER11+5 -> 84 | EU11: =[16]Forecasts!$A72 -> 45962 | EV11: =EW11-150 -> 252.79 | EW11: =[16]Forecasts!$B71-20 -> 402.79 | EX11: =EW11+150 -> 552.79 | EZ11: =[16]Forecasts!$A72 -> 45962 | FA11: =FB11-125 -> 262.79 | FB11: =[16]Forecasts!$B71-35 -> 387.79 | FC11: =FB11+125 -> 512.79
A12: ='[3]Monthly Prices'!$A314 -> 45992 | B12: ='[3]Monthly Prices'!$K314 -> 31.75 | C12: ='[3]Monthly Prices'!$I314 -> 33 | D12: ='[3]Monthly Prices'!$J314 -> 35.25 | F12: =A12 -> 45992 | G12: ='[3]Monthly Prices'!$F314 -> 29.98648 | H12: ='[3]Monthly Prices'!$D314 -> 31 | I12: ='[3]Monthly Prices'!$E314 -> 33 | K12: =$A12 -> 45992 | L12: ='[4]Monthly Prices'!$AO314 -> 38.75 | M12: ='[4]Monthly Prices'!$AM314 -> 39.5 | N12: ='[4]Monthly Prices'!$AN314 -> 41.25 | P12: =$A12 -> 45992 | Q12: ='[4]Monthly Prices'!$F314 -> 34.159704 | R12: ='[4]Monthly Prices'!$D314 -> 35.5 | S12: ='[4]Monthly Prices'!$E314 -> 37.472204 | U12: =$A12 -> 45992 | V12: ='[5]Monthly Prices'!$F314 -> 47.75 | W12: ='[5]Monthly Prices'!$E314 -> 49.75 | X12: ='[5]Monthly Prices'!$E314 -> 49.75 | Z12: =$A12 -> 45992 | AA12: ='[5]Monthly Prices'!$K314 -> 47.5 | AB12: ='[5]Monthly Prices'!$I314 -> 48.5 | AC12: ='[5]Monthly Prices'!$J314 -> 49.25 | AE12: =$A12 -> 45992 | AF12: ='[5]Monthly Prices'!$U314 -> 48.25 | AG12: ='[5]Monthly Prices'!$S314 -> 49 | AH12: ='[5]Monthly Prices'!$T314 -> 50.5 | AJ12: =$A12 -> 45992 | AK12: ='[6]Monthly Prices'!$F314 -> 40.75 | AL12: ='[6]Monthly Prices'!$D314 -> 42.75 | AM12: ='[6]Monthly Prices'!$E314 -> 45.75 | AO12: =$A12 -> 45992 | AP12: ='[6]Monthly Prices'!$P314 -> 43.75 | AQ12: ='[6]Monthly Prices'!$N314 -> 46 | AR12: ='[6]Monthly Prices'!$O314 -> 48.75 | AT12: =$A12 -> 45992 | AU12: ='[7]Monthly Prices'!$F314 -> 48.5 | AV12: ='[7]Monthly Prices'!$D314 -> 50 | AW12: ='[7]Monthly Prices'!$E314 -> 53 | AY12: =$A12 -> 45992 | AZ12: ='[7]Monthly Prices'!$P314 -> 49 | BA12: ='[7]Monthly Prices'!$N314 -> 50 | BB12: ='[7]Monthly Prices'!$O314 -> 53 | BD12: =$A12 -> 45992 | BE12: ='[7]Monthly Prices'!$U314 -> 47 | BF12: ='[7]Monthly Prices'!$S314 -> 48 | BG12: ='[7]Monthly Prices'!$T314 -> 51 | BI12: =$A12 -> 45992 | BJ12: ='[7]Monthly Prices'!$AE314 -> 48 | BK12: ='[7]Monthly Prices'!$AC314 -> 49 | BL12: ='[7]Monthly Prices'!$AD314 -> 51.75 | BN12: =$A12 -> 45992 | BO12: ='[8]Monthly Prices'!$K314 -> 44.5 | BP12: ='[8]Monthly Prices'!$I314 -> 46.25 | BQ12: ='[8]Monthly Prices'!$J314 -> 50.25 | BS12: =$A12 -> 45992 | BT12: ='[8]Monthly Prices'!$P314 -> 45.5 | BU12: ='[8]Monthly Prices'!$N314 -> 47 | BV12: ='[8]Monthly Prices'!$O314 -> 52 | BX12: =$A12 -> 45992 | BY12: ='[8]Monthly Prices'!$U314 -> 43.75 | BZ12: ='[8]Monthly Prices'!$S314 -> 45.25 | CA12: ='[8]Monthly Prices'!$T314 -> 49.5 | CR12: =$A12 -> 45992 | CS12: ='[12]Monthly Prices'!$F315 -> 95.75 | CT12: ='[12]Monthly Prices'!$D314 -> 102 | CU12: ='[12]Monthly Prices'!$E314 -> 104.75 | CW12: =$A12 -> 45992 | CX12: ='[12]Monthly Prices'!$CW314 -> 1045 | CY12: ='[12]Monthly Prices'!$CU314 -> 1090 | CZ12: ='[12]Monthly Prices'!$CV314 -> 1135 | DB12: =$A12 -> 45992 | DC12: ='[13]Monthly Prices'!$Z314 -> 970 | DD12: ='[13]Monthly Prices'!$X314 -> 1030 | DE12: ='[13]Monthly Prices'!$Y314 -> 1090 | DG12: =$A12 -> 45992 | DH12: ='[13]Monthly Prices'!$U314 -> 38 | DI12: ='[13]Monthly Prices'!$S314 -> 41 | DJ12: ='[13]Monthly Prices'!$T314 -> 44.25 | DL12: =$A12 -> 45992 | DM12: ='[13]Monthly Prices'!$P314 -> 41.25 | DN12: ='[13]Monthly Prices'!$N314 -> 44 | DO12: ='[13]Monthly Prices'!$O314 -> 47 | DQ12: =$A12 -> 45992 | DR12: ='[13]Monthly Prices'!$K314 -> 43.5 | DS12: ='[13]Monthly Prices'!$I314 -> 46.25 | DT12: ='[13]Monthly Prices'!$J314 -> 49.5 | DV12: =$A12 -> 45992 | DW12: ='[14]Monthly Prices'!$K314 -> 51.5 | DX12: ='[14]Monthly Prices'!$I314 -> 54.75 | DY12: ='[14]Monthly Prices'!$J314 -> 59.5 | EF12: =DQ12 -> 45992 | EG12: =EH12-5 -> 81 | EH12: ='[15]RINs and HOBO Forecast'!$C$104 -> 86 | EI12: =EH12+5 -> 91 | EP12: =EF12 -> 45992 | EQ12: =ER12-5 -> 74 | ER12: ='[15]RINs and HOBO Forecast'!$B$104 -> 79 | ES12: =ER12+5 -> 84 | EU12: =[16]Forecasts!$A73 -> 45992 | EV12: =EW12-150 -> 247.92 | EW12: =[16]Forecasts!$B72-20 -> 397.92 | EX12: =EW12+150 -> 547.92 | EZ12: =[16]Forecasts!$A73 -> 45992 | FA12: =FB12-125 -> 257.92 | FB12: =[16]Forecasts!$B72-35 -> 382.92 | FC12: =FB12+125 -> 507.92
A13: ='[3]Monthly Prices'!$A315 -> 46023 | B13: ='[3]Monthly Prices'!$K315 -> 34.5 | C13: ='[3]Monthly Prices'!$I315 -> 36 | D13: ='[3]Monthly Prices'!$J315 -> 38.5 | F13: =A13 -> 46023 | G13: ='[3]Monthly Prices'!$F315 -> 32.099348 | H13: ='[3]Monthly Prices'!$D315 -> 34 | I13: ='[3]Monthly Prices'!$E315 -> 36.75 | K13: =$A13 -> 46023 | L13: ='[4]Monthly Prices'!$AO315 -> 38.75 | M13: ='[4]Monthly Prices'!$AM315 -> 40.75 | N13: ='[4]Monthly Prices'!$AN315 -> 42.75 | P13: =$A13 -> 46023 | Q13: ='[4]Monthly Prices'!$F315 -> 46.053791 | R13: ='[4]Monthly Prices'!$D315 -> 49 | S13: ='[4]Monthly Prices'!$E315 -> 50.553791 | U13: =$A13 -> 46023 | V13: ='[5]Monthly Prices'!$F315 -> 47.25 | W13: ='[5]Monthly Prices'!$E315 -> 49.75 | X13: ='[5]Monthly Prices'!$E315 -> 49.75 | Z13: =$A13 -> 46023 | AA13: ='[5]Monthly Prices'!$K315 -> 47.75 | AB13: ='[5]Monthly Prices'!$I315 -> 48.5 | AC13: ='[5]Monthly Prices'!$J315 -> 49.25 | AE13: =$A13 -> 46023 | AF13: ='[5]Monthly Prices'!$U315 -> 47.25 | AG13: ='[5]Monthly Prices'!$S315 -> 48.5 | AH13: ='[5]Monthly Prices'!$T315 -> 49.5 | AJ13: =$A13 -> 46023 | AK13: ='[6]Monthly Prices'!$F315 -> 45.5 | AL13: ='[6]Monthly Prices'!$D315 -> 49.75 | AM13: ='[6]Monthly Prices'!$E315 -> 53.5 | AO13: =$A13 -> 46023 | AP13: ='[6]Monthly Prices'!$P315 -> 48 | AQ13: ='[6]Monthly Prices'!$N315 -> 52.75 | AR13: ='[6]Monthly Prices'!$O315 -> 55.5 | AT13: =$A13 -> 46023 | AU13: ='[7]Monthly Prices'!$F315 -> 53.75 | AV13: ='[7]Monthly Prices'!$D315 -> 58 | AW13: ='[7]Monthly Prices'!$E315 -> 60 | AY13: =$A13 -> 46023 | AZ13: ='[7]Monthly Prices'!$P315 -> 53.5 | BA13: ='[7]Monthly Prices'!$N315 -> 57 | BB13: ='[7]Monthly Prices'!$O315 -> 59.25 | BD13: =$A13 -> 46023 | BE13: ='[7]Monthly Prices'!$U315 -> 51.5 | BF13: ='[7]Monthly Prices'!$S315 -> 55 | BG13: ='[7]Monthly Prices'!$T315 -> 57.25 | BI13: =$A13 -> 46023 | BJ13: ='[7]Monthly Prices'!$AE315 -> 47.75 | BK13: ='[7]Monthly Prices'!$AC315 -> 52.5 | BL13: ='[7]Monthly Prices'!$AD315 -> 55.25 | BN13: =$A13 -> 46023 | BO13: ='[8]Monthly Prices'!$K315 -> 50.75 | BP13: ='[8]Monthly Prices'!$I315 -> 54.25 | BQ13: ='[8]Monthly Prices'!$J315 -> 57.25 | BS13: =$A13 -> 46023 | BT13: ='[8]Monthly Prices'!$P315 -> 51 | BU13: ='[8]Monthly Prices'!$N315 -> 54.25 | BV13: ='[8]Monthly Prices'!$O315 -> 57.5 | BX13: =$A13 -> 46023 | BY13: ='[8]Monthly Prices'!$U315 -> 49 | BZ13: ='[8]Monthly Prices'!$S315 -> 52 | CA13: ='[8]Monthly Prices'!$T315 -> 54.75 | CR13: =$A13 -> 46023 | CS13: ='[12]Monthly Prices'!$F316 -> 97.25 | CT13: ='[12]Monthly Prices'!$D315 -> 97.75 | CU13: ='[12]Monthly Prices'!$E315 -> 100.25 | CW13: =$A13 -> 46023 | CX13: ='[12]Monthly Prices'!$CW315 -> 1075 | CY13: ='[12]Monthly Prices'!$CU315 -> 1105 | CZ13: ='[12]Monthly Prices'!$CV315 -> 1155 | DB13: =$A13 -> 46023 | DC13: ='[13]Monthly Prices'!$Z315 -> 895 | DD13: ='[13]Monthly Prices'!$X315 -> 950 | DE13: ='[13]Monthly Prices'!$Y315 -> 1020 | DG13: =$A13 -> 46023 | DH13: ='[13]Monthly Prices'!$U315 -> 42 | DI13: ='[13]Monthly Prices'!$S315 -> 44.75 | DJ13: ='[13]Monthly Prices'!$T315 -> 46.75 | DL13: =$A13 -> 46023 | DM13: ='[13]Monthly Prices'!$P315 -> 45.25 | DN13: ='[13]Monthly Prices'!$N315 -> 48.25 | DO13: ='[13]Monthly Prices'!$O315 -> 50.75 | DQ13: =$A13 -> 46023 | DR13: ='[13]Monthly Prices'!$K315 -> 47.75 | DS13: ='[13]Monthly Prices'!$I315 -> 50.25 | DT13: ='[13]Monthly Prices'!$J315 -> 52.5 | DV13: =$A13 -> 46023 | DW13: ='[14]Monthly Prices'!$K315 -> 56.75 | DX13: ='[14]Monthly Prices'!$I315 -> 59.75 | DY13: ='[14]Monthly Prices'!$J315 -> 63.25 | EF13: =DQ13 -> 46023 | EG13: =EH13-5 -> 81 | EH13: ='[15]RINs and HOBO Forecast'!$C$104 -> 86 | EI13: =EH13+5 -> 91 | EP13: =EF13 -> 46023 | EQ13: =ER13-5 -> 74 | ER13: ='[15]RINs and HOBO Forecast'!$B$104 -> 79 | ES13: =ER13+5 -> 84 | EU13: =[16]Forecasts!$A74 -> 46023 | EV13: =EW13-150 -> 243.29 | EW13: =[16]Forecasts!$B73-20 -> 393.29 | EX13: =EW13+150 -> 543.29 | EZ13: =[16]Forecasts!$A74 -> 46023 | FA13: =FB13-125 -> 253.29 | FB13: =[16]Forecasts!$B73-35 -> 378.29 | FC13: =FB13+125 -> 503.29
A14: ='[3]Monthly Prices'!$A316 -> 46054 | B14: ='[3]Monthly Prices'!$K316 -> 35 | C14: ='[3]Monthly Prices'!$I316 -> 36 | D14: ='[3]Monthly Prices'!$J316 -> 38 | F14: =A14 -> 46054 | G14: ='[3]Monthly Prices'!$F316 -> 33.528947 | H14: ='[3]Monthly Prices'!$D316 -> 35 | I14: ='[3]Monthly Prices'!$E316 -> 37 | K14: =$A14 -> 46054 | L14: ='[4]Monthly Prices'!$AO316 -> 39.25 | M14: ='[4]Monthly Prices'!$AM316 -> 40.5 | N14: ='[4]Monthly Prices'!$AN316 -> 43.25 | P14: =$A14 -> 46054 | Q14: ='[4]Monthly Prices'!$F316 -> 62.835362 | R14: ='[4]Monthly Prices'!$D316 -> 64.75 | S14: ='[4]Monthly Prices'!$E316 -> 68.085362 | U14: =$A14 -> 46054 | V14: ='[5]Monthly Prices'!$F316 -> 46.75 | W14: ='[5]Monthly Prices'!$E316 -> 50.5 | X14: ='[5]Monthly Prices'!$E316 -> 50.5 | Z14: =$A14 -> 46054 | AA14: ='[5]Monthly Prices'!$K316 -> 46.5 | AB14: ='[5]Monthly Prices'!$I316 -> 48.5 | AC14: ='[5]Monthly Prices'!$J316 -> 50 | AE14: =$A14 -> 46054 | AF14: ='[5]Monthly Prices'!$U316 -> 46.5 | AG14: ='[5]Monthly Prices'!$S316 -> 48.5 | AH14: ='[5]Monthly Prices'!$T316 -> 49.75 | AJ14: =$A14 -> 46054 | AK14: ='[6]Monthly Prices'!$F316 -> 46.5 | AL14: ='[6]Monthly Prices'!$D316 -> 48.75 | AM14: ='[6]Monthly Prices'!$E316 -> 51.5 | AO14: =$A14 -> 46054 | AP14: ='[6]Monthly Prices'!$P316 -> 48.25 | AQ14: ='[6]Monthly Prices'!$N316 -> 50.25 | AR14: ='[6]Monthly Prices'!$O316 -> 52.5 | AT14: =$A14 -> 46054 | AU14: ='[7]Monthly Prices'!$F316 -> 51.25 | AV14: ='[7]Monthly Prices'!$D316 -> 53 | AW14: ='[7]Monthly Prices'!$E316 -> 55.75 | AY14: =$A14 -> 46054 | AZ14: ='[7]Monthly Prices'!$P316 -> 51.75 | BA14: ='[7]Monthly Prices'!$N316 -> 54 | BB14: ='[7]Monthly Prices'!$O316 -> 56.25 | BD14: =$A14 -> 46054 | BE14: ='[7]Monthly Prices'!$U316 -> 49.75 | BF14: ='[7]Monthly Prices'!$S316 -> 52 | BG14: ='[7]Monthly Prices'!$T316 -> 54.25 | BI14: =$A14 -> 46054 | BJ14: ='[7]Monthly Prices'!$AE316 -> 52.75 | BK14: ='[7]Monthly Prices'!$AC316 -> 54 | BL14: ='[7]Monthly Prices'!$AD316 -> 56.25 | BN14: =$A14 -> 46054 | BO14: ='[8]Monthly Prices'!$K316 -> 48.5 | BP14: ='[8]Monthly Prices'!$I316 -> 51.25 | BQ14: ='[8]Monthly Prices'!$J316 -> 55.25 | BS14: =$A14 -> 46054 | BT14: ='[8]Monthly Prices'!$P316 -> 48 | BU14: ='[8]Monthly Prices'!$N316 -> 51.75 | BV14: ='[8]Monthly Prices'!$O316 -> 55.75 | BX14: =$A14 -> 46054 | BY14: ='[8]Monthly Prices'!$U316 -> 47.5 | BZ14: ='[8]Monthly Prices'!$S316 -> 49.5 | CA14: ='[8]Monthly Prices'!$T316 -> 53 | CR14: =$A14 -> 46054 | CS14: ='[12]Monthly Prices'!$F317 -> 104 | CT14: ='[12]Monthly Prices'!$D316 -> 99.75 | CU14: ='[12]Monthly Prices'!$E316 -> 105.5 | CW14: =$A14 -> 46054 | CX14: ='[12]Monthly Prices'!$CW316 -> 1100 | CY14: ='[12]Monthly Prices'!$CU316 -> 1145 | CZ14: ='[12]Monthly Prices'!$CV316 -> 1230 | DB14: =$A14 -> 46054 | DC14: ='[13]Monthly Prices'!$Z316 -> 750 | DD14: ='[13]Monthly Prices'!$X316 -> 980 | DE14: ='[13]Monthly Prices'!$Y316 -> 1030 | DG14: =$A14 -> 46054 | DH14: ='[13]Monthly Prices'!$U316 -> 33 | DI14: ='[13]Monthly Prices'!$S316 -> 43.5 | DJ14: ='[13]Monthly Prices'!$T316 -> 47 | DL14: =$A14 -> 46054 | DM14: ='[13]Monthly Prices'!$P316 -> 35.5 | DN14: ='[13]Monthly Prices'!$N316 -> 46.5 | DO14: ='[13]Monthly Prices'!$O316 -> 50 | DQ14: =$A14 -> 46054 | DR14: ='[13]Monthly Prices'!$K316 -> 37 | DS14: ='[13]Monthly Prices'!$I316 -> 48.25 | DT14: ='[13]Monthly Prices'!$J316 -> 52.5 | DV14: =$A14 -> 46054 | DW14: ='[14]Monthly Prices'!$K316 -> 54.75 | DX14: ='[14]Monthly Prices'!$I316 -> 57.5 | DY14: ='[14]Monthly Prices'!$J316 -> 60.25 | EF14: =DQ14 -> 46054 | EG14: =EH14-5 -> 81 | EH14: ='[15]RINs and HOBO Forecast'!$C$104 -> 86 | EI14: =EH14+5 -> 91 | EP14: =EF14 -> 46054 | EQ14: =ER14-5 -> 74 | ER14: ='[15]RINs and HOBO Forecast'!$B$104 -> 79 | ES14: =ER14+5 -> 84 | EU14: =[16]Forecasts!$A75 -> 46054 | EV14: =EW14-150 -> 236.06 | EW14: =[16]Forecasts!$B74-20 -> 386.06 | EX14: =EW14+150 -> 536.06 | EZ14: =[16]Forecasts!$A75 -> 46054 | FA14: =FB14-125 -> 246.06 | FB14: =[16]Forecasts!$B74-35 -> 371.06 | FC14: =FB14+125 -> 496.06
A15: ='[3]Monthly Prices'!$A317 -> 46082 | B15: ='[3]Monthly Prices'!$K317 -> 35.5 | C15: ='[3]Monthly Prices'!$I317 -> 37 | D15: ='[3]Monthly Prices'!$J317 -> 38 | F15: =A15 -> 46082 | G15: ='[3]Monthly Prices'!$F317 -> 32.304803 | H15: ='[3]Monthly Prices'!$D317 -> 34 | I15: ='[3]Monthly Prices'!$E317 -> 34.75 | K15: =$A15 -> 46082 | L15: ='[4]Monthly Prices'!$AO317 -> 41 | M15: ='[4]Monthly Prices'!$AM317 -> 41.5 | N15: ='[4]Monthly Prices'!$AN317 -> 43.75 | P15: =$A15 -> 46082 | Q15: ='[4]Monthly Prices'!$F317 -> 64.255918 | R15: ='[4]Monthly Prices'!$D317 -> 67.25 | S15: ='[4]Monthly Prices'!$E317 -> 69.130918 | U15: =$A15 -> 46082 | V15: ='[5]Monthly Prices'!$F317 -> 47.25 | W15: ='[5]Monthly Prices'!$E317 -> 49.5 | X15: ='[5]Monthly Prices'!$E317 -> 49.5 | Z15: =$A15 -> 46082 | AA15: ='[5]Monthly Prices'!$K317 -> 46.75 | AB15: ='[5]Monthly Prices'!$I317 -> 48.25 | AC15: ='[5]Monthly Prices'!$J317 -> 49.5 | AE15: =$A15 -> 46082 | AF15: ='[5]Monthly Prices'!$U317 -> 47.5 | AG15: ='[5]Monthly Prices'!$S317 -> 48.25 | AH15: ='[5]Monthly Prices'!$T317 -> 49.25 | AJ15: =$A15 -> 46082 | AK15: ='[6]Monthly Prices'!$F317 -> 44.5 | AL15: ='[6]Monthly Prices'!$D317 -> 47.75 | AM15: ='[6]Monthly Prices'!$E317 -> 50.75 | AO15: =$A15 -> 46082 | AP15: ='[6]Monthly Prices'!$P317 -> 48.75 | AQ15: ='[6]Monthly Prices'!$N317 -> 50.75 | AR15: ='[6]Monthly Prices'!$O317 -> 53.25 | AT15: =$A15 -> 46082 | AU15: ='[7]Monthly Prices'!$F317 -> 51.25 | AV15: ='[7]Monthly Prices'!$D317 -> 53 | AW15: ='[7]Monthly Prices'!$E317 -> 55 | AY15: =$A15 -> 46082 | AZ15: ='[7]Monthly Prices'!$P317 -> 51.5 | BA15: ='[7]Monthly Prices'!$N317 -> 54 | BB15: ='[7]Monthly Prices'!$O317 -> 55.5 | BD15: =$A15 -> 46082 | BE15: ='[7]Monthly Prices'!$U317 -> 49.5 | BF15: ='[7]Monthly Prices'!$S317 -> 52 | BG15: ='[7]Monthly Prices'!$T317 -> 53.5 | BI15: =$A15 -> 46082 | BJ15: ='[7]Monthly Prices'!$AE317 -> 52 | BK15: ='[7]Monthly Prices'!$AC317 -> 53 | BL15: ='[7]Monthly Prices'!$AD317 -> 54.5 | BN15: =$A15 -> 46082 | BO15: ='[8]Monthly Prices'!$K317 -> 48.75 | BP15: ='[8]Monthly Prices'!$I317 -> 51.5 | BQ15: ='[8]Monthly Prices'!$J317 -> 54.75 | BS15: =$A15 -> 46082 | BT15: ='[8]Monthly Prices'!$P317 -> 48.75 | BU15: ='[8]Monthly Prices'!$N317 -> 51.75 | BV15: ='[8]Monthly Prices'!$O317 -> 55 | BX15: =$A15 -> 46082 | BY15: ='[8]Monthly Prices'!$U317 -> 49.25 | BZ15: ='[8]Monthly Prices'!$S317 -> 50.75 | CA15: ='[8]Monthly Prices'!$T317 -> 52.5 | CR15: =$A15 -> 46082 | CS15: ='[12]Monthly Prices'!$F318 -> 98 | CT15: ='[12]Monthly Prices'!$D317 -> 108.5 | CU15: ='[12]Monthly Prices'!$E317 -> 112.5 | CW15: =$A15 -> 46082 | CX15: ='[12]Monthly Prices'!$CW317 -> 1155 | CY15: ='[12]Monthly Prices'!$CU317 -> 1220 | CZ15: ='[12]Monthly Prices'!$CV317 -> 1295 | DB15: =$A15 -> 46082 | DC15: ='[13]Monthly Prices'!$Z317 -> 975 | DD15: ='[13]Monthly Prices'!$X317 -> 1040 | DE15: ='[13]Monthly Prices'!$Y317 -> 1110 | DG15: =$A15 -> 46082 | DH15: ='[13]Monthly Prices'!$U317 -> 40.75 | DI15: ='[13]Monthly Prices'!$S317 -> 45.25 | DJ15: ='[13]Monthly Prices'!$T317 -> 48.75 | DL15: =$A15 -> 46082 | DM15: ='[13]Monthly Prices'!$P317 -> 42.5 | DN15: ='[13]Monthly Prices'!$N317 -> 46.5 | DO15: ='[13]Monthly Prices'!$O317 -> 51.25 | DQ15: =$A15 -> 46082 | DR15: ='[13]Monthly Prices'!$K317 -> 47.25 | DS15: ='[13]Monthly Prices'!$I317 -> 51.5 | DT15: ='[13]Monthly Prices'!$J317 -> 55.25 | DV15: =$A15 -> 46082 | DW15: ='[14]Monthly Prices'!$K317 -> 56 | DX15: ='[14]Monthly Prices'!$I317 -> 59.75 | DY15: ='[14]Monthly Prices'!$J317 -> 64 | EF15: =DQ15 -> 46082 | EG15: =EH15-5 -> 81 | EH15: ='[15]RINs and HOBO Forecast'!$C$104 -> 86 | EI15: =EH15+5 -> 91 | EP15: =EF15 -> 46082 | EQ15: =ER15-5 -> 74 | ER15: ='[15]RINs and HOBO Forecast'!$B$104 -> 79 | ES15: =ER15+5 -> 84 | EU15: =[16]Forecasts!$A76 -> 46082 | EV15: =EW15-150 -> 232.12 | EW15: =[16]Forecasts!$B75-20 -> 382.12 | EX15: =EW15+150 -> 532.12 | EZ15: =[16]Forecasts!$A76 -> 46082 | FA15: =FB15-125 -> 242.12 | FB15: =[16]Forecasts!$B75-35 -> 367.12 | FC15: =FB15+125 -> 492.12
A16: ='[3]Monthly Prices'!$A318 -> 46113 | B16: ='[3]Monthly Prices'!$K318 -> 36 | C16: ='[3]Monthly Prices'!$I318 -> 37 | D16: ='[3]Monthly Prices'!$J318 -> 38.25 | F16: =A16 -> 46113 | G16: ='[3]Monthly Prices'!$F318 -> 34.900836 | H16: ='[3]Monthly Prices'!$D318 -> 36 | I16: ='[3]Monthly Prices'!$E318 -> 37.75 | K16: =$A16 -> 46113 | L16: ='[4]Monthly Prices'!$AO318 -> 39.5 | M16: ='[4]Monthly Prices'!$AM318 -> 40.5 | N16: ='[4]Monthly Prices'!$AN318 -> 42 | P16: =$A16 -> 46113 | Q16: ='[4]Monthly Prices'!$F318 -> 66.501517 | R16: ='[4]Monthly Prices'!$D318 -> 68.75 | S16: ='[4]Monthly Prices'!$E318 -> 71.314017 | U16: =$A16 -> 46113 | V16: ='[5]Monthly Prices'!$F318 -> 48 | W16: ='[5]Monthly Prices'!$E318 -> 48.75 | X16: ='[5]Monthly Prices'!$E318 -> 48.75 | Z16: =$A16 -> 46113 | AA16: ='[5]Monthly Prices'!$K318 -> 47.25 | AB16: ='[5]Monthly Prices'!$I318 -> 48.25 | AC16: ='[5]Monthly Prices'!$J318 -> 49.5 | AE16: =$A16 -> 46113 | AF16: ='[5]Monthly Prices'!$U318 -> 47.5 | AG16: ='[5]Monthly Prices'!$S318 -> 48.25 | AH16: ='[5]Monthly Prices'!$T318 -> 48.75 | AJ16: =$A16 -> 46113 | AK16: ='[6]Monthly Prices'!$F318 -> 53 | AL16: ='[6]Monthly Prices'!$D318 -> 55.75 | AM16: ='[6]Monthly Prices'!$E318 -> 57.75 | AO16: =$A16 -> 46113 | AP16: ='[6]Monthly Prices'!$P318 -> 56 | AQ16: ='[6]Monthly Prices'!$N318 -> 57.25 | AR16: ='[6]Monthly Prices'!$O318 -> 58.25 | AT16: =$A16 -> 46113 | AU16: ='[7]Monthly Prices'!$F318 -> 63.5 | AV16: ='[7]Monthly Prices'!$D318 -> 65 | AW16: ='[7]Monthly Prices'!$E318 -> 68 | AY16: =$A16 -> 46113 | AZ16: ='[7]Monthly Prices'!$P318 -> 60 | BA16: ='[7]Monthly Prices'!$N318 -> 61 | BB16: ='[7]Monthly Prices'!$O318 -> 64 | BD16: =$A16 -> 46113 | BE16: ='[7]Monthly Prices'!$U318 -> 58 | BF16: ='[7]Monthly Prices'!$S318 -> 59 | BG16: ='[7]Monthly Prices'!$T318 -> 62 | BI16: =$A16 -> 46113 | BJ16: ='[7]Monthly Prices'!$AE318 -> 57.25 | BK16: ='[7]Monthly Prices'!$AC318 -> 58 | BL16: ='[7]Monthly Prices'!$AD318 -> 59.75 | BN16: =$A16 -> 46113 | BO16: ='[8]Monthly Prices'!$K318 -> 53 | BP16: ='[8]Monthly Prices'!$I318 -> 56.5 | BQ16: ='[8]Monthly Prices'!$J318 -> 59.25 | BS16: =$A16 -> 46113 | BT16: ='[8]Monthly Prices'!$P318 -> 52.25 | BU16: ='[8]Monthly Prices'!$N318 -> 56.75 | BV16: ='[8]Monthly Prices'!$O318 -> 60.25 | BX16: =$A16 -> 46113 | BY16: ='[8]Monthly Prices'!$U318 -> 50.75 | BZ16: ='[8]Monthly Prices'!$S318 -> 53.5 | CA16: ='[8]Monthly Prices'!$T318 -> 56.25 | CR16: =$A16 -> 46113 | CS16: ='[12]Monthly Prices'!$F319 -> 98.25 | CT16: ='[12]Monthly Prices'!$D318 -> 102.25 | CU16: ='[12]Monthly Prices'!$E318 -> 105.5 | CW16: =$A16 -> 46113 | CX16: ='[12]Monthly Prices'!$CW318 -> 1065 | CY16: ='[12]Monthly Prices'!$CU318 -> 1120 | CZ16: ='[12]Monthly Prices'!$CV318 -> 1180 | DB16: =$A16 -> 46113 | DC16: ='[13]Monthly Prices'!$Z318 -> 955 | DD16: ='[13]Monthly Prices'!$X318 -> 1045 | DE16: ='[13]Monthly Prices'!$Y318 -> 1110 | DG16: =$A16 -> 46113 | DH16: ='[13]Monthly Prices'!$U318 -> 40.75 | DI16: ='[13]Monthly Prices'!$S318 -> 46 | DJ16: ='[13]Monthly Prices'!$T318 -> 52.75 | DL16: =$A16 -> 46113 | DM16: ='[13]Monthly Prices'!$P318 -> 43.25 | DN16: ='[13]Monthly Prices'!$N318 -> 48.25 | DO16: ='[13]Monthly Prices'!$O318 -> 54 | DQ16: =$A16 -> 46113 | DR16: ='[13]Monthly Prices'!$K318 -> 46 | DS16: ='[13]Monthly Prices'!$I318 -> 52.25 | DT16: ='[13]Monthly Prices'!$J318 -> 59.75 | DV16: =$A16 -> 46113 | DW16: ='[14]Monthly Prices'!$K318 -> 64.25 | DX16: ='[14]Monthly Prices'!$I318 -> 68.25 | DY16: ='[14]Monthly Prices'!$J318 -> 73 | EF16: =DQ16 -> 46113 | EG16: =EH16-5 -> 81 | EH16: ='[15]RINs and HOBO Forecast'!$C$104 -> 86 | EI16: =EH16+5 -> 91 | EP16: =EF16 -> 46113 | EQ16: =ER16-5 -> 74 | ER16: ='[15]RINs and HOBO Forecast'!$B$104 -> 79 | ES16: =ER16+5 -> 84 | EU16: =[16]Forecasts!$A77 -> 46113 | EV16: =EW16-150 -> 235 | EW16: =[16]Forecasts!$B76-20 -> 385 | EX16: =EW16+150 -> 535 | EZ16: =[16]Forecasts!$A77 -> 46113 | FA16: =FB16-125 -> 245 | FB16: =[16]Forecasts!$B76-35 -> 370 | FC16: =FB16+125 -> 495

Sheet Spread Comp
B1: BFT - CWG | E1: Avg Diff for the month | F1: Chng Forecast by Avg Diff | G1: CWG - YG | J1: Avg Diff for the month | K1: Chng Forecast by Avg Diff | L1: YG - PF | O1: Avg Diff for the month | P1: Chng Forecast by Avg Diff | Q1: BFT - DCO | T1: Avg Diff for the month | U1: Chng Forecast by Avg Diff | V1: UCO - DCO | Y1: Avg Diff for the month | Z1: Chng Forecast by Avg Diff | AA1: UCO - YG | AD1: Avg Diff for the month | AE1: Chng Forecast by Avg Diff | AF1: RBD SBO - DCO
B2: High | C2: Avg | D2: Low | G2: High | H2: Avg | I2: Low | L2: High | M2: Avg | N2: Low | Q2: High | R2: Avg | S2: Low | V2: High | W2: Avg | X2: Low | AA2: High | AB2: Avg | AC2: Low
A3: 43770 | C3: ='BFT Packer Chicago'!C18-'CWG Chicago'!C18 -> 1.1211 | H3: ='CWG Mo River'!C18-'YG Mo River'!C16 -> 1.2161 | M3: ='YG Mo River'!C16-'PF Mid South'!C16 -> -4.2961 | R3: ='BFT Packer Chicago'!C18-'DCO IL WI'!C18 -> 0.7987 | W3: ='UCO-IL'!C16-'DCO IL WI'!C18 -> 1.4087 | AB3: ='UCO-IL'!C16-'YG IL'!C16 -> 4.06 | AF3: =[17]Prices!AB601-'[18]Distillers'' Corn Oil Complex'!$AB199 -> 11.361763
A4: 43800 | C4: ='BFT Packer Chicago'!C19-'CWG Chicago'!C19 -> 1.3665 | H4: ='CWG Mo River'!C19-'YG Mo River'!C17 -> 3.4598 | M4: ='YG Mo River'!C17-'PF Mid South'!C17 -> -4.68 | R4: ='BFT Packer Chicago'!C19-'DCO IL WI'!C19 -> 2.11 | W4: ='UCO-IL'!C17-'DCO IL WI'!C19 -> 0.92 | AB4: ='UCO-IL'!C17-'YG IL'!C17 -> 4.025 | AF4: =[17]Prices!AB602-'[18]Distillers'' Corn Oil Complex'!$AB200 -> 12.299067
A5: 43831 | C5: ='BFT Packer Chicago'!C20-'CWG Chicago'!C20 -> 4.33 | H5: ='CWG Mo River'!C20-'YG Mo River'!C18 -> 4.43 | M5: ='YG Mo River'!C18-'PF Mid South'!C18 -> -4.32 | R5: ='BFT Packer Chicago'!C20-'DCO IL WI'!C20 -> 5.38 | W5: ='UCO-IL'!C18-'DCO IL WI'!C20 -> -0.8 | AB5: ='UCO-IL'!C18-'YG IL'!C18 -> 2.3 | AF5: =[17]Prices!AB603-'[18]Distillers'' Corn Oil Complex'!$AB201 -> 11.037662
A6: 43862 | C6: ='BFT Packer Chicago'!C21-'CWG Chicago'!C21 -> 5.1579 | H6: ='CWG Mo River'!C21-'YG Mo River'!C19 -> 4.0132 | M6: ='YG Mo River'!C19-'PF Mid South'!C19 -> -3.4737 | R6: ='BFT Packer Chicago'!C21-'DCO IL WI'!C21 -> 6.25 | W6: ='UCO-IL'!C19-'DCO IL WI'!C21 -> -3.0132 | AB6: ='UCO-IL'!C19-'YG IL'!C19 -> 0.8026 | AF6: =[17]Prices!AB604-'[18]Distillers'' Corn Oil Complex'!$AB202 -> 5.3931263
A7: 43891 | C7: ='BFT Packer Chicago'!C22-'CWG Chicago'!C22 -> 4.5036 | H7: ='CWG Mo River'!C22-'YG Mo River'!C20 -> 1.19 | M7: ='YG Mo River'!C20-'PF Mid South'!C20 -> -3.76 | R7: ='BFT Packer Chicago'!C22-'DCO IL WI'!C22 -> 3.1636 | W7: ='UCO-IL'!C20-'DCO IL WI'!C22 -> -1.7 | AB7: ='UCO-IL'!C20-'YG IL'!C20 -> 3.28 | AF7: =[17]Prices!AB605-'[18]Distillers'' Corn Oil Complex'!$AB203 -> 2.4722545
A8: 43922 | C8: ='BFT Packer Chicago'!C23-'CWG Chicago'!C23 -> 4.2512 | H8: ='CWG Mo River'!C23-'YG Mo River'!C21 -> 3.4743 | M8: ='YG Mo River'!C21-'PF Mid South'!C21 -> -5.33 | R8: ='BFT Packer Chicago'!C23-'DCO IL WI'!C23 -> 1.7393 | W8: ='UCO-IL'!C21-'DCO IL WI'!C23 -> -3.0357 | AB8: ='UCO-IL'!C21-'YG IL'!C21 -> 5.33 | AF8: =[17]Prices!AB606-'[18]Distillers'' Corn Oil Complex'!$AB204 -> -0.23281429
A9: 43952 | C9: ='BFT Packer Chicago'!C24-'CWG Chicago'!C24 -> 6.7 | H9: ='CWG Mo River'!C24-'YG Mo River'!C22 -> 2.155 | M9: ='YG Mo River'!C22-'PF Mid South'!C22 -> -3.675 | R9: ='BFT Packer Chicago'!C24-'DCO IL WI'!C24 -> 7.58 | W9: ='UCO-IL'!C22-'DCO IL WI'!C24 -> -0.07 | AB9: ='UCO-IL'!C22-'YG IL'!C22 -> 4.225 | AF9: =[17]Prices!AB607-'[18]Distillers'' Corn Oil Complex'!$AB205 -> 1.4435
A10: 43983 | C10: ='BFT Packer Chicago'!C25-'CWG Chicago'!C25 -> 2.1818 | H10: ='CWG Mo River'!C25-'YG Mo River'!C23 -> 2.0739 | M10: ='YG Mo River'!C23-'PF Mid South'!C23 -> -4.8448 | R10: ='BFT Packer Chicago'!C25-'DCO IL WI'!C25 -> 1.875 | W10: ='UCO-IL'!C23-'DCO IL WI'!C25 -> 2.4205 | AB10: ='UCO-IL'!C23-'YG IL'!C23 -> 7.1705 | AF10: =[17]Prices!AB608-'[18]Distillers'' Corn Oil Complex'!$AB206 -> 6.6841
A11: 44013 | C11: ='BFT Packer Chicago'!C26-'CWG Chicago'!C26 -> 2.4625 | H11: ='CWG Mo River'!C26-'YG Mo River'!C24 -> 3.4282 | M11: ='YG Mo River'!C24-'PF Mid South'!C24 -> -6.1364 | R11: ='BFT Packer Chicago'!C26-'DCO IL WI'!C26 -> 1.8943 | W11: ='UCO-IL'!C24-'DCO IL WI'!C26 -> 4.4318 | AB11: ='UCO-IL'!C24-'YG IL'!C24 -> 8.3977 | AF11: =[17]Prices!AB609-'[18]Distillers'' Corn Oil Complex'!$AB207 -> 10.242718
A12: 44044 | C12: ='BFT Packer Chicago'!C27-'CWG Chicago'!C27 -> 4.4184 | H12: ='CWG Mo River'!C27-'YG Mo River'!C25 -> 5.37 | M12: ='YG Mo River'!C25-'PF Mid South'!C25 -> -5.725 | R12: ='BFT Packer Chicago'!C27-'DCO IL WI'!C27 -> 5.55 | W12: ='UCO-IL'!C25-'DCO IL WI'!C27 -> 0.4125 | AB12: ='UCO-IL'!C25-'YG IL'!C25 -> 6.3125 | AF12: =[17]Prices!AB610-'[18]Distillers'' Corn Oil Complex'!$AB208 -> 10.6429
A13: 44075 | C13: ='BFT Packer Chicago'!C28-'CWG Chicago'!C28 -> 3.09 | H13: ='CWG Mo River'!C28-'YG Mo River'!C26 -> 5.23 | M13: ='YG Mo River'!C26-'PF Mid South'!C26 -> -2.74 | R13: ='BFT Packer Chicago'!C28-'DCO IL WI'!C28 -> 2.79 | W13: ='UCO-IL'!C26-'DCO IL WI'!C28 -> -2.48 | AB13: ='UCO-IL'!C26-'YG IL'!C26 -> 3.53 | AF13: =[17]Prices!AB611-'[18]Distillers'' Corn Oil Complex'!$AB209 -> 8.8366476
A14: 44105 | C14: ='BFT Packer Chicago'!C29-'CWG Chicago'!C29 -> 2.6087 | H14: ='CWG Mo River'!C29-'YG Mo River'!C27 -> 3.2045 | M14: ='YG Mo River'!C27-'PF Mid South'!C27 -> -2.7273 | R14: ='BFT Packer Chicago'!C29-'DCO IL WI'!C29 -> 0.7046 | W14: ='UCO-IL'!C27-'DCO IL WI'!C29 -> -3.9659 | AB14: ='UCO-IL'!C27-'YG IL'!C27 -> 2.7159 | AF14: =[17]Prices!AB612-'[18]Distillers'' Corn Oil Complex'!$AC198 -> 6.0949818
A15: 44136 | C15: ='BFT Packer Chicago'!C30-'CWG Chicago'!C30 -> 3.11 | H15: ='CWG Mo River'!C30-'YG Mo River'!C28 -> 2.27 | M15: ='YG Mo River'!C28-'PF Mid South'!C28 -> -4.66 | R15: ='BFT Packer Chicago'!C30-'DCO IL WI'!C30 -> -0.96 | W15: ='UCO-IL'!C28-'DCO IL WI'!C30 -> -3.18 | AB15: ='UCO-IL'!C28-'YG IL'!C28 -> 5.09 | AF15: =[17]Prices!AB613-'[18]Distillers'' Corn Oil Complex'!$AC199 -> 7.94
A16: 44166 | C16: ='BFT Packer Chicago'!C31-'CWG Chicago'!C31 -> 4.5 | H16: ='CWG Mo River'!C31-'YG Mo River'!C29 -> 3.4375 | M16: ='YG Mo River'!C29-'PF Mid South'!C29 -> -5.7045 | R16: ='BFT Packer Chicago'!C31-'DCO IL WI'!C31 -> 0.2841 | W16: ='UCO-IL'!C29-'DCO IL WI'!C31 -> -3.6705 | AB16: ='UCO-IL'!C29-'YG IL'!C29 -> 5.3636 | AF16: =[17]Prices!AB614-'[18]Distillers'' Corn Oil Complex'!$AC200 -> 10.436491
A17: 44197 | C17: ='BFT Packer Chicago'!C32-'CWG Chicago'!C32 -> 3.5195 | H17: ='CWG Mo River'!C32-'YG Mo River'!C30 -> 5.0658 | M17: ='YG Mo River'!C30-'PF Mid South'!C30 -> -6.3553 | R17: ='BFT Packer Chicago'!C32-'DCO IL WI'!C32 -> -0.1911 | W17: ='UCO-IL'!C30-'DCO IL WI'!C32 -> -5.2369 | AB17: ='UCO-IL'!C30-'YG IL'!C30 -> 5.671 | AF17: =[17]Prices!AB615-'[18]Distillers'' Corn Oil Complex'!$AC201 -> 9.4963474
A18: 44228 | C18: ='BFT Packer Chicago'!C33-'CWG Chicago'!C33 -> 4.579 | H18: ='CWG Mo River'!C33-'YG Mo River'!C31 -> 4.8355 | M18: ='YG Mo River'!C31-'PF Mid South'!C31 -> -3.8026 | R18: ='BFT Packer Chicago'!C33-'DCO IL WI'!C33 -> 0.4474 | W18: ='UCO-IL'!C31-'DCO IL WI'!C33 -> -4.3947 | AB18: ='UCO-IL'!C31-'YG IL'!C31 -> 4.5753 | AF18: =[17]Prices!AB616-'[18]Distillers'' Corn Oil Complex'!$AC202 -> 9.1042
A19: 44256 | C19: ='BFT Packer Chicago'!C34-'CWG Chicago'!C34 -> 0.0062 | H19: ='CWG Mo River'!C34-'YG Mo River'!C32 -> 7.2934 | M19: ='YG Mo River'!C32-'PF Mid South'!C32 -> -4.2391 | R19: ='BFT Packer Chicago'!C34-'DCO IL WI'!C34 -> -0.8152 | W19: ='UCO-IL'!C32-'DCO IL WI'!C34 -> -8.837 | AB19: ='UCO-IL'!C32-'YG IL'!C32 -> 3.3913 | AF19: =[17]Prices!AB617-'[18]Distillers'' Corn Oil Complex'!$AC203 -> 11.3591
A20: 44287 | C20: ='BFT Packer Chicago'!C35-'CWG Chicago'!C35 -> 2.4286 | H20: ='CWG Mo River'!C35-'YG Mo River'!C33 -> 8.7143 | M20: ='YG Mo River'!C33-'PF Mid South'!C33 -> -6.7857 | R20: ='BFT Packer Chicago'!C35-'DCO IL WI'!C35 -> 4.3452 | W20: ='UCO-IL'!C33-'DCO IL WI'!C35 -> -5.5358 | AB20: ='UCO-IL'!C33-'YG IL'!C33 -> 3.8095 | AF20: =[17]Prices!AB618-'[18]Distillers'' Corn Oil Complex'!$AC204 -> 22.635748
A21: 44317 | C21: ='BFT Packer Chicago'!C36-'CWG Chicago'!C36 -> 2.925 | H21: ='CWG Mo River'!C36-'YG Mo River'!C34 -> 7.65 | M21: ='YG Mo River'!C34-'PF Mid South'!C34 -> -6.2 | R21: ='BFT Packer Chicago'!C36-'DCO IL WI'!C36 -> 3.4625 | W21: ='UCO-IL'!C34-'DCO IL WI'!C36 -> -5.1375 | AB21: ='UCO-IL'!C34-'YG IL'!C34 -> 3.325 | AF21: =[17]Prices!AB619-'[18]Distillers'' Corn Oil Complex'!$AC205 -> 41.302
A22: 44348 | C22: ='BFT Packer Chicago'!C37-'CWG Chicago'!C37 -> 1.1817 | H22: ='CWG Mo River'!C37-'YG Mo River'!C35 -> 10.5445 | M22: ='YG Mo River'!C35-'PF Mid South'!C35 -> -6.9885 | R22: ='BFT Packer Chicago'!C37-'DCO IL WI'!C37 -> 2.9885 | W22: ='UCO-IL'!C35-'DCO IL WI'!C37 -> -3.8296 | AB22: ='UCO-IL'!C35-'YG IL'!C35 -> 7.4318 | AF22: =[17]Prices!AB620-'[18]Distillers'' Corn Oil Complex'!$AC206 -> 41.936345
A23: 44378 | C23: ='BFT Packer Chicago'!C38-'CWG Chicago'!C38 -> 1.16 | H23: ='CWG Mo River'!C38-'YG Mo River'!C36 -> 13.919 | M23: ='YG Mo River'!C36-'PF Mid South'!C36 -> -7.179 | R23: ='BFT Packer Chicago'!C38-'DCO IL WI'!C38 -> 1.9148 | W23: ='UCO-IL'!C36-'DCO IL WI'!C38 -> -7.3452 | AB23: ='UCO-IL'!C36-'YG IL'!C36 -> 8.23 | AF23: =[17]Prices!AB621-'[18]Distillers'' Corn Oil Complex'!$AC207 -> 32.948062
A24: 44409 | C24: ='BFT Packer Chicago'!C39-'CWG Chicago'!C39 -> 1.7955 | H24: ='CWG Mo River'!C39-'YG Mo River'!C37 -> 16.3181 | M24: ='YG Mo River'!C37-'PF Mid South'!C37 -> -5.3181 | R24: ='BFT Packer Chicago'!C39-'DCO IL WI'!C39 -> 2.1932 | W24: ='UCO-IL'!C37-'DCO IL WI'!C39 -> -8.2841 | AB24: ='UCO-IL'!C37-'YG IL'!C37 -> 9.0114 | AF24: =[17]Prices!AB622-'[18]Distillers'' Corn Oil Complex'!$AC208 -> 18.725427
A25: 44440 | C25: ='BFT Packer Chicago'!C40-'CWG Chicago'!C40 -> 6.87 | H25: ='CWG Mo River'!C40-'YG Mo River'!C38 -> 7.9881 | M25: ='YG Mo River'!C38-'PF Mid South'!C38 -> -8.2262 | R25: ='BFT Packer Chicago'!C40-'DCO IL WI'!C40 -> 8.551 | W25: ='UCO-IL'!C38-'DCO IL WI'!C40 -> -2.2738 | AB25: ='UCO-IL'!C38-'YG IL'!C38 -> 9.0952 | AF25: =[17]Prices!AB623-'[18]Distillers'' Corn Oil Complex'!$AC209 -> 21.288052
A26: 44470 | C26: ='BFT Packer Chicago'!C41-'CWG Chicago'!C41 -> 9.2857 | H26: ='CWG Mo River'!C41-'YG Mo River'!C39 -> 5.9524 | M26: ='YG Mo River'!C39-'PF Mid South'!C39 -> -3.881 | R26: ='BFT Packer Chicago'!C41-'DCO IL WI'!C41 -> 7.2857 | W26: ='UCO-IL'!C39-'DCO IL WI'!C41 -> -6.7381 | AB26: ='UCO-IL'!C39-'YG IL'!C39 -> 7.7619 | AF26: =[17]Prices!AB624-'[18]Distillers'' Corn Oil Complex'!$AD198 -> 18.746238
A27: 44501 | C27: ='BFT Packer Chicago'!C42-'CWG Chicago'!C42 -> 7.2 | H27: ='CWG Mo River'!C42-'YG Mo River'!C40 -> 3.475 | M27: ='YG Mo River'!C40-'PF Mid South'!C40 -> -7.4 | R27: ='BFT Packer Chicago'!C42-'DCO IL WI'!C42 -> 6.425 | W27: ='UCO-IL'!C40-'DCO IL WI'!C42 -> -2.7 | AB27: ='UCO-IL'!C40-'YG IL'!C40 -> 9.875 | AF27: =[17]Prices!AB625-'[18]Distillers'' Corn Oil Complex'!$AD199 -> 18.7026
A28: 44531 | C28: ='BFT Packer Chicago'!C43-'CWG Chicago'!C43 -> 4.5952 | H28: ='CWG Mo River'!C43-'YG Mo River'!C41 -> 2.3393 | M28: ='YG Mo River'!C41-'PF Mid South'!C41 -> -10.5477 | R28: ='BFT Packer Chicago'!C43-'DCO IL WI'!C43 -> 1.8095 | W28: ='UCO-IL'!C41-'DCO IL WI'!C43 -> 2.0476 | AB28: ='UCO-IL'!C41-'YG IL'!C41 -> 15.2143 | AF28: =[17]Prices!AB626-'[18]Distillers'' Corn Oil Complex'!$AD200 -> 19.300505
A29: 44562 | C29: ='BFT Packer Chicago'!C44-'CWG Chicago'!C44 -> 5.7875 | H29: ='CWG Mo River'!C44-'YG Mo River'!C42 -> 8.175 | M29: ='YG Mo River'!C42-'PF Mid South'!C42 -> -7.625 | R29: ='BFT Packer Chicago'!C44-'DCO IL WI'!C44 -> 1.625 | W29: ='UCO-IL'!C42-'DCO IL WI'!C44 -> -5.5625 | AB29: ='UCO-IL'!C42-'YG IL'!C42 -> 13.825 | AF29: =[17]Prices!AB627-'[18]Distillers'' Corn Oil Complex'!$AD201 -> 10.805
A30: 44593 | C30: ='BFT Packer Chicago'!C45-'CWG Chicago'!C45 -> 2.1184 | H30: ='CWG Mo River'!C45-'YG Mo River'!C43 -> 9.5 | M30: ='YG Mo River'!C43-'PF Mid South'!C43 -> -0.5 | R30: ='BFT Packer Chicago'!C45-'DCO IL WI'!C45 -> -3.4869 | W30: ='UCO-IL'!C43-'DCO IL WI'!C45 -> -10.2895 | AB30: ='UCO-IL'!C43-'YG IL'!C43 -> 7.9737 | AF30: =[17]Prices!AB628-'[18]Distillers'' Corn Oil Complex'!$AD202 -> 5.8942421
A31: 44621 | C31: ='BFT Packer Chicago'!C46-'CWG Chicago'!C46 -> 3.1584 | H31: ='CWG Mo River'!C46-'YG Mo River'!C44 -> 10.2608 | M31: ='YG Mo River'!C44-'PF Mid South'!C44 -> -3.3695 | R31: ='BFT Packer Chicago'!C46-'DCO IL WI'!C46 -> -6.4565 | W31: ='UCO-IL'!C44-'DCO IL WI'!C46 -> -12.0218 | AB31: ='UCO-IL'!C44-'YG IL'!C44 -> 8 | AF31: =[17]Prices!AB629-'[18]Distillers'' Corn Oil Complex'!$AD203 -> 11.245622
A32: 44652 | C32: ='BFT Packer Chicago'!C47-'CWG Chicago'!C47 -> 2.875 | H32: ='CWG Mo River'!C47-'YG Mo River'!C45 -> 10.5 | M32: ='YG Mo River'!C45-'PF Mid South'!C45 -> -9.2875 | R32: ='BFT Packer Chicago'!C47-'DCO IL WI'!C47 -> -4.4 | W32: ='UCO-IL'!C45-'DCO IL WI'!C47 -> -9.725 | AB32: ='UCO-IL'!C45-'YG IL'!C45 -> 11 | AF32: =[17]Prices!AB630-'[18]Distillers'' Corn Oil Complex'!$AD204 -> 17.777
A33: 44682 | C33: ='BFT Packer Chicago'!C48-'CWG Chicago'!C48 -> 5.1905 | H33: ='CWG Mo River'!C48-'YG Mo River'!C46 -> 13.8571 | M33: ='YG Mo River'!C46-'PF Mid South'!C46 -> -10.9643 | R33: ='BFT Packer Chicago'!C48-'DCO IL WI'!C48 -> -0.1071 | W33: ='UCO-IL'!C46-'DCO IL WI'!C48 -> -11.1071 | AB33: ='UCO-IL'!C46-'YG IL'!C46 -> 8.5 | AF33: =[17]Prices!AB631-'[18]Distillers'' Corn Oil Complex'!$AD205 -> 23.921457
A34: 44713 | C34: ='BFT Packer Chicago'!C49-'CWG Chicago'!C49 -> 2.7143 | H34: ='CWG Mo River'!C49-'YG Mo River'!C47 -> 12.631 | M34: ='YG Mo River'!C47-'PF Mid South'!C47 -> -13.0357 | R34: ='BFT Packer Chicago'!C49-'DCO IL WI'!C49 -> 6.6786 | W34: ='UCO-IL'!C47-'DCO IL WI'!C49 -> -5.2738 | AB34: ='UCO-IL'!C47-'YG IL'!C47 -> 7.2619 | AF34: =[17]Prices!AB632-'[18]Distillers'' Corn Oil Complex'!$AD206 -> 24.50859
A35: 44743 | C35: ='BFT Packer Chicago'!C50-'CWG Chicago'!C50 -> 3.0816 | H35: ='CWG Mo River'!C50-'YG Mo River'!C48 -> 5.75 | M35: ='YG Mo River'!C48-'PF Mid South'!C48 -> -6.475 | R35: ='BFT Packer Chicago'!C50-'DCO IL WI'!C50 -> 13.4 | W35: ='UCO-IL'!C48-'DCO IL WI'!C50 -> 0.825 | AB35: ='UCO-IL'!C48-'YG IL'!C48 -> 5.375 | AF35: =[17]Prices!AB633-'[18]Distillers'' Corn Oil Complex'!$AD207 -> 16.448
A36: 44774 | C36: ='BFT Packer Chicago'!C51-'CWG Chicago'!C51 -> 6 | H36: ='CWG Mo River'!C51-'YG Mo River'!C49 -> 8.2174 | M36: ='YG Mo River'!C49-'PF Mid South'!C49 -> -2.8478 | R36: ='BFT Packer Chicago'!C51-'DCO IL WI'!C51 -> 8.1739 | W36: ='UCO-IL'!C49-'DCO IL WI'!C51 -> -7.8261 | AB36: ='UCO-IL'!C49-'YG IL'!C49 -> 3.1522 | AF36: =[17]Prices!AB634-'[18]Distillers'' Corn Oil Complex'!$AD208 -> 13.583013
A37: 44805 | C37: ='BFT Packer Chicago'!C52-'CWG Chicago'!C52 -> 2.9762 | H37: ='CWG Mo River'!C52-'YG Mo River'!C50 -> 10.0833 | M37: ='YG Mo River'!C50-'PF Mid South'!C50 -> -3.2857 | R37: ='BFT Packer Chicago'!C52-'DCO IL WI'!C52 -> 4.2143 | W37: ='UCO-IL'!C50-'DCO IL WI'!C52 -> -7.1429 | AB37: ='UCO-IL'!C50-'YG IL'!C50 -> 3.6666 | AF37: =[17]Prices!AB635-'[18]Distillers'' Corn Oil Complex'!$AD209 -> 11.349519
A38: 44835 | C38: ='BFT Packer Chicago'!C53-'CWG Chicago'!C53 -> 1.0238 | H38: ='CWG Mo River'!C53-'YG Mo River'!C51 -> 6.5119 | M38: ='YG Mo River'!C51-'PF Mid South'!C51 -> 1.1309 | R38: ='BFT Packer Chicago'!C53-'DCO IL WI'!C53 -> -0.1429 | W38: ='UCO-IL'!C51-'DCO IL WI'!C53 -> -9.5358 | AB38: ='UCO-IL'!C51-'YG IL'!C51 -> 1.7976 | AF38: =[17]Prices!AB636-'[18]Distillers'' Corn Oil Complex'!$AE198 -> 10.03
A39: 44866 | C39: ='BFT Packer Chicago'!C54-'CWG Chicago'!C54 -> 1.5 | E39: =AVERAGE(C27,C15,C3) -> 3.8103667 | F39: =C39-E39 -> -2.3103667 | H39: ='CWG Mo River'!C54-'YG Mo River'!C52 -> 5.8 | J39: =AVERAGE(H27,H15,H3) -> 2.3203667 | K39: =J39-H39 -> -3.4796333 | M39: ='YG Mo River'!C52-'PF Mid South'!C52 -> -0.1875 | O39: =AVERAGE(M27,M15,M3) -> -5.4520333 | P39: =O39-M39 -> -5.2645333 | R39: ='BFT Packer Chicago'!C54-'DCO IL WI'!C54 -> -3.4625 | T39: =AVERAGE(R27,R15,R3) -> 2.0879 | U39: =R39-T39 -> -5.5504 | W39: ='UCO-IL'!C52-'DCO IL WI'!C54 -> -10.7125 | Y39: =AVERAGE(W27,W15,W3) -> -1.4904333 | Z39: =Y39-W39 -> 9.2220667 | AB39: ='UCO-IL'!C52-'YG IL'!C52 -> 3.525 | AD39: =AVERAGE(AB27,AB15,AB3) -> 6.3416667 | AE39: =AD39-AB39 -> 2.8166667 | AF39: =[17]Prices!AB637-'[18]Distillers'' Corn Oil Complex'!$AE199 -> 13.976548 | AG39: =AVERAGE(AF27,AF15,AF3) -> 12.668121
A40: 44896 | C40: ='BFT Packer Chicago'!C55-'CWG Chicago'!C55 -> 1.1191 | E40: =AVERAGE(C28,C16,C4) -> 3.4872333 | F40: =C40-E40 -> -2.3681333 | H40: ='CWG Mo River'!C55-'YG Mo River'!C53 -> 5.4762 | J40: =AVERAGE(H28,H16,H4) -> 3.0788667 | K40: =J40-H40 -> -2.3973333 | M40: ='YG Mo River'!C53-'PF Mid South'!C53 -> -3.5 | O40: =AVERAGE(M28,M16,M4) -> -6.9774 | P40: =O40-M40 -> -3.4774 | R40: ='BFT Packer Chicago'!C55-'DCO IL WI'!C55 -> 0.75 | T40: =AVERAGE(R28,R16,R4) -> 1.4012 | U40: =R40-T40 -> -0.6512 | W40: ='UCO-IL'!C53-'DCO IL WI'!C55 -> -4.9881 | Y40: =AVERAGE(W28,W16,W4) -> -0.2343 | Z40: =Y40-W40 -> 4.7538 | AB40: ='UCO-IL'!C53-'YG IL'!C53 -> 2.8453 | AD40: =AVERAGE(AB28,AB16,AB4) -> 8.2009667 | AE40: =AD40-AB40 -> 5.3556667 | AF40: =[17]Prices!AB638-'[18]Distillers'' Corn Oil Complex'!$AE200 -> 10.787143 | AG40: =AVERAGE(AF28,AF16,AF4) -> 14.012021
A41: 44927 | C41: ='BFT Packer Chicago'!C56-'CWG Chicago'!C56 -> 2.025 | E41: =AVERAGE(C29,C17,C5) -> 4.5456667 | F41: =C41-E41 -> -2.5206667 | H41: ='CWG Mo River'!C56-'YG Mo River'!C54 -> 4.4 | J41: =AVERAGE(H29,H17,H5) -> 5.8902667 | K41: =J41-H41 -> 1.4902667 | M41: ='YG Mo River'!C54-'PF Mid South'!C54 -> -2.2 | O41: =AVERAGE(M29,M17,M5) -> -6.1001 | P41: =O41-M41 -> -3.9001 | R41: ='BFT Packer Chicago'!C56-'DCO IL WI'!C56 -> 0.5125 | T41: =AVERAGE(R29,R17,R5) -> 2.2713 | U41: =R41-T41 -> -1.7588 | W41: ='UCO-IL'!C54-'DCO IL WI'!C56 -> -4.5125 | Y41: =AVERAGE(W29,W17,W5) -> -3.8664667 | Z41: =Y41-W41 -> 0.64603333 | AB41: ='UCO-IL'!C54-'YG IL'!C54 -> 3.3 | AD41: =AVERAGE(AB29,AB17,AB5) -> 7.2653333 | AE41: =AD41-AB41 -> 3.9653333 | AF41: =[17]Prices!AB639-'[18]Distillers'' Corn Oil Complex'!$AE201 -> 8.384 | AG41: =AVERAGE(AF29,AF17,AF5) -> 10.446336
A42: 44958 | C42: ='BFT Packer Chicago'!C57-'CWG Chicago'!C57 -> 1.5263 | E42: =AVERAGE(C30,C18,C6) -> 3.9517667 | F42: =C42-E42 -> -2.4254667 | H42: ='CWG Mo River'!C57-'YG Mo River'!C55 -> 6.079 | J42: =AVERAGE(H30,H18,H6) -> 6.1162333 | K42: =J42-H42 -> 0.037233333 | M42: ='YG Mo River'!C55-'PF Mid South'!C55 -> -5.7369 | O42: =AVERAGE(M30,M18,M6) -> -2.5921 | P42: =O42-M42 -> 3.1448 | R42: ='BFT Packer Chicago'!C57-'DCO IL WI'!C57 -> 2.7106 | T42: =AVERAGE(R30,R18,R6) -> 1.0701667 | U42: =R42-T42 -> 1.6404333 | W42: ='UCO-IL'!C55-'DCO IL WI'!C57 -> -4.8684 | Y42: =AVERAGE(W30,W18,W6) -> -5.8991333 | Z42: =Y42-W42 -> -1.0307333 | AB42: ='UCO-IL'!C55-'YG IL'!C55 -> 2.4605 | AD42: =AVERAGE(AB30,AB18,AB6) -> 4.4505333 | AE42: =AD42-AB42 -> 1.9900333 | AF42: =[17]Prices!AB640-'[18]Distillers'' Corn Oil Complex'!$AE202 -> 15.347895 | AG42: =AVERAGE(AF30,AF18,AF6) -> 6.7971895
A43: 44986 | C43: ='BFT Packer Chicago'!C58-'CWG Chicago'!C58 -> 1.5218 | E43: =AVERAGE(C31,C19,C7) -> 2.5560667 | F43: =C43-E43 -> -1.0342667 | H43: ='CWG Mo River'!C58-'YG Mo River'!C56 -> 3.1739 | J43: =AVERAGE(H31,H19,H7) -> 6.2480667 | K43: =J43-H43 -> 3.0741667 | M43: ='YG Mo River'!C56-'PF Mid South'!C56 -> -4.1087 | O43: =AVERAGE(M31,M19,M7) -> -3.7895333 | P43: =O43-M43 -> 0.31916667 | R43: ='BFT Packer Chicago'!C58-'DCO IL WI'!C58 -> 2.4837 | T43: =AVERAGE(R31,R19,R7) -> -1.3693667 | U43: =R43-T43 -> 3.8530667 | W43: ='UCO-IL'!C56-'DCO IL WI'!C58 -> -3.4946 | Y43: =AVERAGE(W31,W19,W7) -> -7.5196 | Z43: =Y43-W43 -> -4.025 | AB43: ='UCO-IL'!C56-'YG IL'!C56 -> 1.8696 | AD43: =AVERAGE(AB31,AB19,AB7) -> 4.8904333 | AE43: =AD43-AB43 -> 3.0208333 | AF43: =[17]Prices!AB641-'[18]Distillers'' Corn Oil Complex'!$AE203 -> 16.547826 | AG43: =AVERAGE(AF31,AF19,AF7) -> 8.3589921
A44: 45017 | C44: ='BFT Packer Chicago'!C59-'CWG Chicago'!C59 -> 3.1579 | E44: =AVERAGE(C32,C20,C8) -> 3.1849333 | F44: =C44-E44 -> -0.027033333 | H44: ='CWG Mo River'!C59-'YG Mo River'!C57 -> 4.4079 | J44: =AVERAGE(H32,H20,H8) -> 7.5628667 | K44: =J44-H44 -> 3.1549667 | M44: ='YG Mo River'!C57-'PF Mid South'!C57 -> -4.8947 | O44: =AVERAGE(M32,M20,M8) -> -7.1344 | P44: =O44-M44 -> -2.2397 | R44: ='BFT Packer Chicago'!C59-'DCO IL WI'!C59 -> -0.9737 | T44: =AVERAGE(R32,R20,R8) -> 0.5615 | U44: =R44-T44 -> -1.5352 | W44: ='UCO-IL'!C57-'DCO IL WI'!C59 -> -5.3421 | Y44: =AVERAGE(W32,W20,W8) -> -6.0988333 | Z44: =Y44-W44 -> -0.75673333 | AB44: ='UCO-IL'!C57-'YG IL'!C57 -> 3.7368 | AD44: =AVERAGE(AB32,AB20,AB8) -> 6.7131667 | AE44: =AD44-AB44 -> 2.9763667 | AF44: =[17]Prices!AB642-'[18]Distillers'' Corn Oil Complex'!$AE204 -> 12.707368 | AG44: =AVERAGE(AF32,AF20,AF8) -> 13.393311
A45: 45047 | C45: ='BFT Packer Chicago'!C60-'CWG Chicago'!C60 -> 2.5563 | E45: =AVERAGE(C33,C21,C9) -> 4.9385 | F45: =C45-E45 -> -2.3822 | H45: ='CWG Mo River'!C60-'YG Mo River'!C58 -> 4.7955 | J45: =AVERAGE(H33,H21,H9) -> 7.8873667 | K45: =J45-H45 -> 3.0918667 | M45: ='YG Mo River'!C58-'PF Mid South'!C58 -> -1.3182 | O45: =AVERAGE(M33,M21,M9) -> -6.9464333 | P45: =O45-M45 -> -5.6282333 | R45: ='BFT Packer Chicago'!C60-'DCO IL WI'!C60 -> 0.6818 | T45: =AVERAGE(R33,R21,R9) -> 3.6451333 | U45: =R45-T45 -> -2.9633333 | W45: ='UCO-IL'!C58-'DCO IL WI'!C60 -> -7.6364 | Y45: =AVERAGE(W33,W21,W9) -> -5.4382 | Z45: =Y45-W45 -> 2.1982 | AB45: ='UCO-IL'!C58-'YG IL'!C58 -> 0.5682 | AD45: =AVERAGE(AB33,AB21,AB9) -> 5.35 | AE45: =AD45-AB45 -> 4.7818 | AF45: =[17]Prices!AB643-'[18]Distillers'' Corn Oil Complex'!$AE205 -> 7.4927273 | AG45: =AVERAGE(AF33,AF21,AF9) -> 22.222319
A46: 45078 | C46: ='BFT Packer Chicago'!C61-'CWG Chicago'!C61 -> 3 | E46: =AVERAGE(C34,C22,C10) -> 2.0259333 | F46: =C46-E46 -> 0.97406667 | H46: ='CWG Mo River'!C61-'YG Mo River'!C59 -> 7.8928 | J46: =AVERAGE(H34,H22,H10) -> 8.4164667 | K46: =J46-H46 -> 0.52366667 | M46: ='YG Mo River'!C59-'PF Mid South'!C59 -> -3.8333 | O46: =AVERAGE(M34,M22,M10) -> -8.2896667 | P46: =O46-M46 -> -4.4563667 | R46: ='BFT Packer Chicago'!C61-'DCO IL WI'!C61 -> 0.1548 | T46: =AVERAGE(R34,R22,R10) -> 3.8473667 | U46: =R46-T46 -> -3.6925667 | W46: ='UCO-IL'!C59-'DCO IL WI'!C61 -> -9.4405 | Y46: =AVERAGE(W34,W22,W10) -> -2.2276333 | Z46: =Y46-W46 -> 7.2128667 | AB46: ='UCO-IL'!C59-'YG IL'!C59 -> 3.0476 | AD46: =AVERAGE(AB34,AB22,AB10) -> 7.2880667 | AE46: =AD46-AB46 -> 4.2404667 | AF46: =[17]Prices!AB644-'[18]Distillers'' Corn Oil Complex'!$AE206 -> 13.170476 | AG46: =AVERAGE(AF34,AF22,AF10) -> 24.376345 | AH46: =A46 -> 45078
A47: 45108 | C47: ='BFT Packer Chicago'!C62-'CWG Chicago'!C62 -> 4.4778 | E47: =AVERAGE(C35,C23,C11) -> 2.2347 | F47: =C47-E47 -> 2.2431 | H47: ='CWG Mo River'!C62-'YG Mo River'!C60 -> 11.8125 | J47: =AVERAGE(H35,H23,H11) -> 7.6990667 | K47: =J47-H47 -> -4.1134333 | M47: ='YG Mo River'!C60-'PF Mid South'!C60 -> -4.425 | O47: =AVERAGE(M35,M23,M11) -> -6.5968 | P47: =O47-M47 -> -2.1718 | R47: ='BFT Packer Chicago'!C62-'DCO IL WI'!C62 -> -1.4375 | T47: =AVERAGE(R35,R23,R11) -> 5.7363667 | U47: =R47-T47 -> -7.1738667 | W47: ='UCO-IL'!C60-'DCO IL WI'!C62 -> -14.9375 | Y47: =AVERAGE(W35,W23,W11) -> -0.69613333 | Z47: =Y47-W47 -> 14.241367 | AB47: ='UCO-IL'!C60-'YG IL'!C60 -> 3.125 | AD47: =AVERAGE(AB35,AB23,AB11) -> 7.3342333 | AE47: =AD47-AB47 -> 4.2092333 | AF47: =[17]Prices!AB645-'[18]Distillers'' Corn Oil Complex'!$AE207 -> 16.0775 | AG47: =AVERAGE(AF35,AF23,AF11) -> 19.879593 | AH47: =A47 -> 45108
A48: 45139 | C48: ='BFT Packer Chicago'!C63-'CWG Chicago'!C63 -> 2.9861 | E48: =AVERAGE(C36,C24,C12) -> 4.0713 | F48: =C48-E48 -> -1.0852 | H48: ='CWG Mo River'!C63-'YG Mo River'!C61 -> 12.0434 | J48: =AVERAGE(H36,H24,H12) -> 9.9685 | K48: =J48-H48 -> -2.0749 | M48: ='YG Mo River'!C61-'PF Mid South'!C61 -> -1.5652 | O48: =AVERAGE(M36,M24,M12) -> -4.6303 | P48: =O48-M48 -> -3.0651 | R48: ='BFT Packer Chicago'!C63-'DCO IL WI'!C63 -> 0.0434 | T48: =AVERAGE(R36,R24,R12) -> 5.3057 | U48: =R48-T48 -> -5.2623 | W48: ='UCO-IL'!C61-'DCO IL WI'!C63 -> -12.5435 | Y48: =AVERAGE(W36,W24,W12) -> -5.2325667 | Z48: =Y48-W48 -> 7.3109333 | AB48: ='UCO-IL'!C61-'YG IL'!C61 -> 2.7391 | AD48: =AVERAGE(AB36,AB24,AB12) -> 6.1587 | AE48: =AD48-AB48 -> 3.4196 | AF48: =[17]Prices!AB646-'[18]Distillers'' Corn Oil Complex'!$AE208 -> 11.563913 | AG48: =AVERAGE(AF36,AF24,AF12) -> 14.317113 | AH48: =A48 -> 45139
A49: 45170 | C49: ='BFT Packer Chicago'!C64-'CWG Chicago'!C64 -> 2.575 | E49: =AVERAGE(C37,C25,C13) -> 4.3120667 | F49: =C49-E49 -> -1.7370667 | H49: ='CWG Mo River'!C64-'YG Mo River'!C62 -> 11.2875 | J49: =AVERAGE(H37,H25,H13) -> 7.7671333 | K49: =J49-H49 -> -3.5203667 | M49: ='YG Mo River'!C62-'PF Mid South'!C62 -> -1.8 | O49: =AVERAGE(M37,M25,M13) -> -4.7506333 | P49: =O49-M49 -> -2.9506333 | R49: ='BFT Packer Chicago'!C64-'DCO IL WI'!C64 -> 2.5125 | T49: =AVERAGE(R37,R25,R13) -> 5.1851 | U49: =R49-T49 -> -2.6726 | W49: ='UCO-IL'!C62-'DCO IL WI'!C64 -> -10.4875 | Y49: =AVERAGE(W37,W25,W13) -> -3.9655667 | Z49: =Y49-W49 -> 6.5219333 | AB49: ='UCO-IL'!C62-'YG IL'!C62 -> 1.1 | AD49: =AVERAGE(AB37,AB25,AB13) -> 5.4306 | AE49: =AD49-AB49 -> 4.3306 | AF49: =[17]Prices!AB647-'[18]Distillers'' Corn Oil Complex'!$AE209 -> 7.904 | AG49: =AVERAGE(AF37,AF25,AF13) -> 13.82474 | AH49: =A49 -> 45170
A50: 45200 | C50: ='BFT Packer Chicago'!C65-'CWG Chicago'!C65 -> 3.5227 | E50: =AVERAGE(C38,C26,C14) -> 4.3060667 | F50: =C50-E50 -> -0.78336667 | H50: ='CWG Mo River'!C65-'YG Mo River'!C63 -> 7.7955 | J50: =AVERAGE(H38,H26,H14) -> 5.2229333 | K50: =J50-H50 -> -2.5725667 | M50: ='YG Mo River'!C63-'PF Mid South'!C63 -> -3.5795 | O50: =AVERAGE(M38,M26,M14) -> -1.8258 | P50: =O50-M50 -> 1.7537 | R50: ='BFT Packer Chicago'!C65-'DCO IL WI'!C65 -> 0.75 | T50: =AVERAGE(R38,R26,R14) -> 2.6158 | U50: =R50-T50 -> -1.8658 | W50: ='UCO-IL'!C63-'DCO IL WI'!C65 -> -9.8863 | Y50: =AVERAGE(W38,W26,W14) -> -6.7466 | Z50: =Y50-W50 -> 3.1397 | AB50: ='UCO-IL'!C63-'YG IL'!C63 -> 2.0682 | AD50: =AVERAGE(AB38,AB26,AB14) -> 4.0918 | AE50: =AD50-AB50 -> 2.0236 | AF50: =[17]Prices!AB648-'[18]Distillers'' Corn Oil Complex'!$AF198 -> 7.0272727 | AG50: =AVERAGE(AF38,AF26,AF14) -> 11.62374 | AH50: =A50 -> 45200
A51: 45231 | C51: ='BFT Packer Chicago'!C66-'CWG Chicago'!C66 -> 5.625 | E51: =AVERAGE(C39,C27,C15) -> 3.9366667 | F51: =C51-E51 -> 1.6883333 | H51: ='CWG Mo River'!C66-'YG Mo River'!C64 -> 4.3 | J51: =AVERAGE(H39,H27,H15) -> 3.8483333 | K51: =J51-H51 -> -0.45166667 | M51: ='YG Mo River'!C64-'PF Mid South'!C64 -> 0.5625 | O51: =AVERAGE(M39,M27,M15) -> -4.0825 | P51: =O51-M51 -> -4.645 | R51: ='BFT Packer Chicago'!C66-'DCO IL WI'!C66 -> -2.775 | T51: =AVERAGE(R39,R27,R15) -> 0.6675 | U51: =R51-T51 -> -3.4425 | W51: ='UCO-IL'!C64-'DCO IL WI'!C66 -> -12.275 | Y51: =AVERAGE(W39,W27,W15) -> -5.5308333 | Z51: =Y51-W51 -> 6.7441667 | AB51: ='UCO-IL'!C64-'YG IL'!C64 -> 1.55 | AD51: =AVERAGE(AB39,AB27,AB15) -> 6.1633333 | AE51: =AD51-AB51 -> 4.6133333 | AF51: =[17]Prices!AB649-'[18]Distillers'' Corn Oil Complex'!$AF199 -> 9.622619 | AG51: =AVERAGE(AF39,AF27,AF15,AF3) -> 12.995228 | AH51: =A51 -> 45231
A52: 45261 | C52: ='BFT Packer Chicago'!C67-'CWG Chicago'!C67 -> 5.2 | E52: =AVERAGE(C40,C28,C16) -> 3.4047667 | F52: =C52-E52 -> 1.7952333 | H52: ='CWG Mo River'!C67-'YG Mo River'!C65 -> 1.9 | J52: =AVERAGE(H40,H28,H16) -> 3.751 | K52: =J52-H52 -> 1.851 | M52: ='YG Mo River'!C65-'PF Mid South'!C65 -> -3.9 | O52: =AVERAGE(M40,M28,M16) -> -6.5840667 | P52: =O52-M52 -> -2.6840667 | R52: ='BFT Packer Chicago'!C67-'DCO IL WI'!C67 -> -3.575 | T52: =AVERAGE(R40,R28,R16) -> 0.94786667 | U52: =R52-T52 -> -4.5228667 | W52: ='UCO-IL'!C65-'DCO IL WI'!C67 -> -9.4 | Y52: =AVERAGE(W40,W28,W16) -> -2.2036667 | Z52: =Y52-W52 -> 7.1963333 | AB52: ='UCO-IL'!C65-'YG IL'!C65 -> 4.35 | AD52: =AVERAGE(AB40,AB28,AB16) -> 7.8077333 | AE52: =AD52-AB52 -> 3.4577333 | AF52: =[17]Prices!AB650-'[18]Distillers'' Corn Oil Complex'!$AF200 -> 11.698 | AG52: =AVERAGE(AF40,AF28,AF16,AF4) -> 13.205801 | AH52: =A52 -> 45261
A53: 45292 | C53: ='BFT Packer Chicago'!C68-'CWG Chicago'!C68 -> 4.7857 | E53: =AVERAGE(C5,C41,C29,C17) -> 3.9155 | F53: =C53-E53 -> 0.8702 | H53: ='CWG Mo River'!C68-'YG Mo River'!C66 -> 2.33 | J53: =AVERAGE(H5,H41,H29,H17) -> 5.5177 | K53: =J53-H53 -> 3.1877 | M53: ='YG Mo River'!C66-'PF Mid South'!C66 -> -5.1871 | O53: =AVERAGE(M5,M41,M29,M17) -> -5.125075 | P53: =O53-M53 -> 0.062025 | R53: ='BFT Packer Chicago'!C68-'DCO IL WI'!C68 -> -4.2143 | T53: =AVERAGE(R5,R41,R29,R17) -> 1.8316 | U53: =R53-T53 -> -6.0459 | W53: ='UCO-IL'!C66-'DCO IL WI'!C68 -> -11.5029 | Y53: =AVERAGE(W5,W41,W29,W17) -> -4.027975 | Z53: =Y53-W53 -> 7.474925 | AB53: ='UCO-IL'!C66-'YG IL'!C66 -> 2.54 | AD53: =AVERAGE(AB5,AB41,AB29,AB17) -> 6.274 | AE53: =AD53-AB53 -> 3.734 | AF53: =[17]Prices!AB651-'[18]Distillers'' Corn Oil Complex'!$AF201 -> 10.492857 | AG53: =AVERAGE(AF41,AF29,AF17,AF5) -> 9.9307523 | AH53: =A53 -> 45292
A54: 45323 | C54: ='BFT Packer Chicago'!C69-'CWG Chicago'!C69 -> 4.775 | E54: =AVERAGE(C6,C42,C30,C18) -> 3.3454 | F54: =C54-E54 -> 1.4296 | H54: ='CWG Mo River'!C69-'YG Mo River'!C67 -> 3.03 | J54: =AVERAGE(H6,H42,H30,H18) -> 6.106925 | K54: =J54-H54 -> 3.076925 | M54: ='YG Mo River'!C67-'PF Mid South'!C67 -> -4.15 | O54: =AVERAGE(M6,M42,M30,M18) -> -3.3783 | P54: =O54-M54 -> 0.7717 | R54: ='BFT Packer Chicago'!C69-'DCO IL WI'!C69 -> -3.025 | T54: =AVERAGE(R6,R42,R30,R18) -> 1.480275 | U54: =R54-T54 -> -4.505275 | W54: ='UCO-IL'!C67-'DCO IL WI'!C69 -> -11.375 | Y54: =AVERAGE(W6,W42,W30,W18) -> -5.64145 | Z54: =Y54-W54 -> 5.73355 | AB54: ='UCO-IL'!C67-'YG IL'!C67 -> 0.75 | AD54: =AVERAGE(AB6,AB42,AB30,AB18) -> 3.953025 | AE54: =AD54-AB54 -> 3.203025 | AF54: =[17]Prices!AB652-'[18]Distillers'' Corn Oil Complex'!$AF202 -> 9.465 | AG54: =AVERAGE(AF42,AF30,AF18,AF6) -> 8.9348658 | AH54: =A54 -> 45323
A55: 45352 | C55: ='BFT Packer Chicago'!C70-'CWG Chicago'!C70 -> 3.45 | E55: =AVERAGE(C7,C43,C31,C19) -> 2.2975 | F55: =C55-E55 -> 1.1525 | H55: ='CWG Mo River'!C70-'YG Mo River'!C68 -> 4.56 | J55: =AVERAGE(H7,H43,H31,H19) -> 5.479525 | K55: =J55-H55 -> 0.919525 | M55: ='YG Mo River'!C68-'PF Mid South'!C68 -> -3.525 | O55: =AVERAGE(M7,M43,M31,M19) -> -3.869325 | P55: =O55-M55 -> -0.344325 | R55: ='BFT Packer Chicago'!C70-'DCO IL WI'!C70 -> -1.0563 | T55: =AVERAGE(R7,R43,R31,R19) -> -0.4061 | U55: =R55-T55 -> -0.6502 | W55: ='UCO-IL'!C68-'DCO IL WI'!C70 -> -10.4563 | Y55: =AVERAGE(W7,W43,W31,W19) -> -6.51335 | Z55: =Y55-W55 -> 3.94295 | AB55: ='UCO-IL'!C68-'YG IL'!C68 -> 0.2 | AD55: =AVERAGE(AB7,AB43,AB31,AB19) -> 4.135225 | AE55: =AD55-AB55 -> 3.935225 | AF55: =[17]Prices!AB653-'[18]Distillers'' Corn Oil Complex'!$AF203 -> 10.598 | AG55: =AVERAGE(AF43,AF31,AF19,AF7) -> 10.406201 | AH55: =A55 -> 45352
A56: 45383 | C56: ='BFT Packer Chicago'!C71-'CWG Chicago'!C71 -> 1.0909 | E56: =AVERAGE(C8,C44,C32,C20) -> 3.178175 | F56: =C56-E56 -> -2.087275 | H56: ='CWG Mo River'!C71-'YG Mo River'!C69 -> 4.37 | J56: =AVERAGE(H8,H44,H32,H20) -> 6.774125 | K56: =J56-H56 -> 2.404125 | M56: ='YG Mo River'!C69-'PF Mid South'!C69 -> -1.17 | O56: =AVERAGE(M8,M44,M32,M20) -> -6.574475 | P56: =O56-M56 -> -5.404475 | R56: ='BFT Packer Chicago'!C71-'DCO IL WI'!C71 -> 0.4318 | T56: =AVERAGE(R8,R44,R32,R20) -> 0.1777 | U56: =R56-T56 -> 0.2541 | W56: ='UCO-IL'!C69-'DCO IL WI'!C71 -> -7.0755 | Y56: =AVERAGE(W8,W44,W32,W20) -> -5.90965 | Z56: =Y56-W56 -> 1.16585 | AB56: ='UCO-IL'!C69-'YG IL'!C69 -> -0.05 | AD56: =AVERAGE(AB8,AB44,AB32,AB20) -> 5.969075 | AE56: =AD56-AB56 -> 6.019075 | AF56: =[17]Prices!AB654-'[18]Distillers'' Corn Oil Complex'!$AF204 -> 9.5013636 | AG56: =AVERAGE(AF44,AF32,AF20,AF8) -> 13.221825 | AH56: =A56 -> 45383
A57: 45413 | C57: ='BFT Packer Chicago'!C72-'CWG Chicago'!C72 -> 1.5 | E57: =AVERAGE(C9,C45,C33,C21) -> 4.34295 | F57: =C57-E57 -> -2.84295 | H57: ='CWG Mo River'!C72-'YG Mo River'!C70 -> 4.01 | J57: =AVERAGE(H9,H45,H33,H21) -> 7.1144 | K57: =J57-H57 -> 3.1044 | M57: ='YG Mo River'!C70-'PF Mid South'!C70 -> 0.02 | O57: =AVERAGE(M9,M45,M33,M21) -> -5.539375 | P57: =O57-M57 -> -5.559375 | R57: ='BFT Packer Chicago'!C72-'DCO IL WI'!C72 -> 0.841 | T57: =AVERAGE(R9,R45,R33,R21) -> 2.9043 | U57: =R57-T57 -> -2.0633 | W57: ='UCO-IL'!C70-'DCO IL WI'!C72 -> -4.9545 | Y57: =AVERAGE(W9,W45,W33,W21) -> -5.98775 | Z57: =Y57-W57 -> -1.03325 | AB57: ='UCO-IL'!C70-'YG IL'!C70 -> 0.64 | AD57: =AVERAGE(AB9,AB45,AB33,AB21) -> 4.15455 | AE57: =AD57-AB57 -> 3.51455 | AF57: =[17]Prices!AB655-'[18]Distillers'' Corn Oil Complex'!$AF205 -> 7.635 | AG57: =AVERAGE(AF45,AF33,AF21,AF9) -> 18.539921 | AH57: =A57 -> 45413
A58: 45444 | C58: ='BFT Packer Chicago'!C73-'CWG Chicago'!C73 -> 3.2987 | E58: =AVERAGE(C10,C46,C34,C22) -> 2.26945 | F58: =C58-E58 -> 1.02925 | H58: ='CWG Mo River'!C73-'YG Mo River'!C71 -> 5.78 | J58: =AVERAGE(H10,H46,H34,H22) -> 8.28555 | K58: =J58-H58 -> 2.50555 | M58: ='YG Mo River'!C71-'PF Mid South'!C71 -> 1.8695 | O58: =AVERAGE(M10,M46,M34,M22) -> -7.175575 | P58: =O58-M58 -> -9.045075 | R58: ='BFT Packer Chicago'!C73-'DCO IL WI'!C73 -> 2.6052 | T58: =AVERAGE(R10,R46,R34,R22) -> 2.924225 | U58: =R58-T58 -> -0.319025 | W58: ='UCO-IL'!C71-'DCO IL WI'!C73 -> -6.8453 | Y58: =AVERAGE(W10,W46,W34,W22) -> -4.03085 | Z58: =Y58-W58 -> 2.81445 | AB58: ='UCO-IL'!C71-'YG IL'!C71 -> -0.24 | AD58: =AVERAGE(AB10,AB46,AB34,AB22) -> 6.22795 | AE58: =AD58-AB58 -> 6.46795 | AF58: =[17]Prices!AB656-'[18]Distillers'' Corn Oil Complex'!$AF206 -> 3.9963158 | AG58: =AVERAGE(AF46,AF34,AF22,AF10) -> 21.574878 | AH58: =A58 -> 45444
A59: 45474 | C59: ='BFT Packer Chicago'!C74-'CWG Chicago'!C74 -> 2.23 | E59: =AVERAGE(C11,C47,C35,C23) -> 2.795475 | F59: =C59-E59 -> -0.565475 | H59: ='CWG Mo River'!C74-'YG Mo River'!C72 -> 6.77 | J59: =AVERAGE(H11,H47,H35,H23) -> 8.727425 | K59: =J59-H59 -> 1.957425 | M59: ='YG Mo River'!C72-'PF Mid South'!C72 -> 1.86 | O59: =AVERAGE(M11,M47,M35,M23) -> -6.05385 | P59: =O59-M59 -> -7.91385 | R59: ='BFT Packer Chicago'!C74-'DCO IL WI'!C74 -> 3.89 | T59: =AVERAGE(R11,R47,R35,R23) -> 3.9429 | U59: =R59-T59 -> -0.0529 | W59: ='UCO-IL'!C72-'DCO IL WI'!C74 -> -6.61 | Y59: =AVERAGE(W11,W47,W35,W23) -> -4.256475 | Z59: =Y59-W59 -> 2.353525 | AB59: ='UCO-IL'!C72-'YG IL'!C72 -> 1 | AD59: =AVERAGE(AB11,AB47,AB35,AB23) -> 6.281925 | AE59: =AD59-AB59 -> 5.281925 | AF59: =[17]Prices!AB657-'[18]Distillers'' Corn Oil Complex'!$AF207 -> 6.6209091 | AG59: =AVERAGE(AF47,AF35,AF23,AF11) -> 18.92907 | AH59: =A59 -> 45474
A60: 45505 | C60: ='BFT Packer Chicago'!C75-'CWG Chicago'!C75 -> 0.91 | E60: =AVERAGE(C12,C48,C36,C24) -> 3.8 | F60: =C60-E60 -> -2.89 | H60: ='CWG Mo River'!C75-'YG Mo River'!C73 -> 7.45 | J60: =AVERAGE(H12,H48,H36,H24) -> 10.487225 | K60: =J60-H60 -> 3.037225 | M60: ='YG Mo River'!C73-'PF Mid South'!C73 -> -2.88 | O60: =AVERAGE(M12,M48,M36,M24) -> -3.864025 | P60: =O60-M60 -> -0.984025 | R60: ='BFT Packer Chicago'!C75-'DCO IL WI'!C75 -> 3.66 | T60: =AVERAGE(R12,R48,R36,R24) -> 3.990125 | U60: =R60-T60 -> -0.330125 | W60: ='UCO-IL'!C73-'DCO IL WI'!C75 -> -5.4 | Y60: =AVERAGE(W12,W48,W36,W24) -> -7.0603 | Z60: =Y60-W60 -> -1.6603 | AB60: ='UCO-IL'!C73-'YG IL'!C73 -> 1.22 | AD60: =AVERAGE(AB12,AB48,AB36,AB24) -> 5.3038 | AE60: =AD60-AB60 -> 4.0838 | AF60: =[17]Prices!AB658-'[18]Distillers'' Corn Oil Complex'!$AF208 -> 5.5912987 | AG60: =AVERAGE(AF48,AF36,AF24,AF12) -> 13.628813 | AH60: =A60 -> 45505
A61: 45536 | C61: ='BFT Packer Chicago'!C76-'CWG Chicago'!C76 -> 0.75 | E61: =AVERAGE(C13,C49,C37,C25) -> 3.8778 | F61: =C61-E61 -> -3.1278 | H61: ='CWG Mo River'!C76-'YG Mo River'!C74 -> 9.0375 | J61: =AVERAGE(H13,H49,H37,H25) -> 8.647225 | K61: =J61-H61 -> -0.390275 | M61: ='YG Mo River'!C74-'PF Mid South'!C74 -> -2.5 | O61: =AVERAGE(M13,M49,M37,M25) -> -4.012975 | P61: =O61-M61 -> -1.512975 | R61: ='BFT Packer Chicago'!C76-'DCO IL WI'!C76 -> 3.5312 | T61: =AVERAGE(R13,R49,R37,R25) -> 4.51695 | U61: =R61-T61 -> -0.98575 | W61: ='UCO-IL'!C74-'DCO IL WI'!C76 -> -6.2188 | Y61: =AVERAGE(W13,W49,W37,W25) -> -5.59605 | Z61: =Y61-W61 -> 0.62275 | AB61: ='UCO-IL'!C74-'YG IL'!C74 -> 1 | AD61: =AVERAGE(AB13,AB49,AB37,AB25) -> 4.34795 | AE61: =AD61-AB61 -> 3.34795 | AF61: =[17]Prices!AB659-'[18]Distillers'' Corn Oil Complex'!$AF209 -> 6.3303 | AG61: =AVERAGE(AF49,AF37,AF25,AF13) -> 12.344555 | AH61: =A61 -> 45536
A62: 45566 | C62: ='BFT Packer Chicago'!C77-'CWG Chicago'!C77 -> 1.5 | E62: =AVERAGE(C14,C50,C38,C26) -> 4.110225 | F62: =C62-E62 -> -2.610225 | H62: ='CWG Mo River'!C77-'YG Mo River'!C75 -> 9.5326 | J62: =AVERAGE(H14,H50,H38,H26) -> 5.866075 | K62: =J62-H62 -> -3.666525 | M62: ='YG Mo River'!C75-'PF Mid South'!C75 -> -2.39 | O62: =AVERAGE(M14,M50,M38,M26) -> -2.264225 | P62: =O62-M62 -> 0.125775 | R62: ='BFT Packer Chicago'!C77-'DCO IL WI'!C77 -> 1.2772 | T62: =AVERAGE(R14,R50,R38,R26) -> 2.14935 | U62: =R62-T62 -> -0.87215 | W62: ='UCO-IL'!C75-'DCO IL WI'!C77 -> -6.1359 | Y62: =AVERAGE(W14,W50,W38,W26) -> -7.531525 | Z62: =Y62-W62 -> -1.395625 | AB62: ='UCO-IL'!C75-'YG IL'!C75 -> 2.1739 | AD62: =AVERAGE(AB14,AB50,AB38,AB26) -> 3.5859 | AE62: =AD62-AB62 -> 1.412 | AF62: =[17]Prices!AB660-'[18]Distillers'' Corn Oil Complex'!$AG198 -> 6.6041609 | AG62: =AVERAGE(AF50,AF38,AF26,AF14) -> 10.474623 | AH62: =A62 -> 45566
A63: 45597 | C63: ='BFT Packer Chicago'!C78-'CWG Chicago'!C78 -> 2.3421 | E63: =AVERAGE(C3,C15,C51,C39,C27) -> 3.71122 | F63: =C63-E63 -> -1.36912 | H63: ='CWG Mo River'!C78-'YG Mo River'!C76 -> 9.0658 | J63: =AVERAGE(H3,H15,H51,H39,H27) -> 3.41222 | K63: =J63-H63 -> -5.65358 | M63: ='YG Mo River'!C76-'PF Mid South'!D74 -> 33.5 | O63: =AVERAGE(M3,M15,M51,M39,M27) -> -3.19622 | P63: =O63-M63 -> -36.69622 | R63: ='BFT Packer Chicago'!C78-'DCO IL WI'!C78 -> -2.6579 | T63: =AVERAGE(R3,R15,R51,R39,R27) -> 0.00524 | U63: =R63-T63 -> -2.66314 | W63: ='UCO-IL'!C76-'DCO IL WI'!C78 -> -7.9737 | Y63: =AVERAGE(W3,W15,W51,W39,W27) -> -5.49176 | Z63: =Y63-W63 -> 2.48194 | AB63: ='UCO-IL'!C76-'YG IL'!C76 -> 2.5 | AD63: =AVERAGE(AB3,AB15,AB51,AB39,AB27) -> 4.82 | AE63: =AD63-AB63 -> 2.32 | AF63: =[17]Prices!AB661-'[18]Distillers'' Corn Oil Complex'!$AG199 -> 5.4448158 | AG63: =AVERAGE(AF51,AF39,AF27,AF15,AF3) -> 12.320706 | AH63: =A63 -> 45597
A64: 45627 | C64: ='BFT Packer Chicago'!C79-'CWG Chicago'!C79 -> 2.79 | E64: =AVERAGE(C4,C16,C52,C40,C28) -> 3.35616 | F64: =C64-E64 -> -0.56616 | H64: ='CWG Mo River'!C79-'YG Mo River'!C77 -> 6.7933 | J64: =AVERAGE(H4,H16,H52,H40,H28) -> 3.32256 | K64: =J64-H64 -> -3.47074 | M64: ='YG Mo River'!C77-'PF Mid South'!C77 -> -2.9733 | O64: =AVERAGE(M4,M16,M52,M40,M28) -> -5.66644 | P64: =O64-M64 -> -2.69314 | R64: ='BFT Packer Chicago'!C79-'DCO IL WI'!C79 -> 0.81 | T64: =AVERAGE(R4,R16,R52,R40,R28) -> 0.27572 | U64: =R64-T64 -> 0.53428 | W64: ='UCO-IL'!C77-'DCO IL WI'!C79 -> -5.05 | Y64: =AVERAGE(W4,W16,W52,W40,W28) -> -3.0182 | Z64: =Y64-W64 -> 2.0318 | AB64: ='UCO-IL'!C77-'YG IL'!C77 -> 2.881 | AD64: =AVERAGE(AB4,AB16,AB52,AB40,AB28) -> 6.35964 | AE64: =AD64-AB64 -> 3.47864 | AF64: =[17]Prices!AB662-'[18]Distillers'' Corn Oil Complex'!$AG200 -> 4.0623905 | AG64: =AVERAGE(AF52,AF40,AF28,AF16,AF4) -> 12.904241 | AH64: =A64 -> 45627
A65: 45658 | C65: ='BFT Packer Chicago'!C80-'CWG Chicago'!C80 -> 4.26 | E65: =AVERAGE(C5,C17,C53,C41,C29) -> 4.08954 | F65: =C65-E65 -> 0.17046 | H65: ='CWG Mo River'!C80-'YG Mo River'!C78 -> 5.28 | J65: =AVERAGE(H5,H17,H53,H41,H29) -> 4.88016 | K65: =J65-H65 -> -0.39984 | M65: ='YG Mo River'!C78-'PF Mid South'!C78 -> -4.05 | O65: =AVERAGE(M5,M17,M53,M41,M29) -> -5.13748 | P65: =O65-M65 -> -1.08748 | R65: ='BFT Packer Chicago'!C80-'DCO IL WI'!C80 -> 2.18 | T65: =AVERAGE(R5,R17,R53,R41,R29) -> 0.62242 | U65: =R65-T65 -> 1.55758 | W65: ='UCO-IL'!C78-'DCO IL WI'!C80 -> -3.72 | Y65: =AVERAGE(W5,W17,W53,W41,W29) -> -5.52296 | Z65: =Y65-W65 -> -1.80296 | AB65: ='UCO-IL'!C78-'YG IL'!C78 -> 6.86 | AD65: =AVERAGE(AB5,AB17,AB53,AB41,AB29) -> 5.5272 | AE65: =AD65-AB65 -> -1.3328 | AF65: =[17]Prices!AB663-'[18]Distillers'' Corn Oil Complex'!$AG201 -> 4.3466667 | AG65: =AVERAGE(AF53,AF41,AF29,AF17,AF5) -> 10.043173 | AH65: =A65 -> 45658
A66: 45689 | C66: ='BFT Packer Chicago'!C81-'CWG Chicago'!C81 -> 2.95 | E66: =AVERAGE(C6,C18,C54,C42,C30) -> 3.63132 | F66: =C66-E66 -> -0.68132 | H66: ='CWG Mo River'!C81-'YG Mo River'!C79 -> 10.53 | J66: =AVERAGE(H6,H18,H54,H42,H30) -> 5.49154 | K66: =J66-H66 -> -5.03846 | M66: ='YG Mo River'!C79-'PF Mid South'!C79 -> -4.63 | O66: =AVERAGE(M6,M18,M54,M42,M30) -> -3.53264 | P66: =O66-M66 -> 1.09736 | R66: ='BFT Packer Chicago'!C81-'DCO IL WI'!C81 -> 2.07 | T66: =AVERAGE(R6,R18,R54,R42,R30) -> 0.57922 | U66: =R66-T66 -> 1.49078 | W66: ='UCO-IL'!C79-'DCO IL WI'!C81 -> -7.38 | Y66: =AVERAGE(W6,W18,W54,W42,W30) -> -6.78816 | Z66: =Y66-W66 -> 0.59184 | AB66: ='UCO-IL'!C79-'YG IL'!C79 -> 8.11 | AD66: =AVERAGE(AB6,AB18,AB54,AB42,AB30) -> 3.31242 | AE66: =AD66-AB66 -> -4.79758 | AF66: =[17]Prices!AB664-'[18]Distillers'' Corn Oil Complex'!$AG202 -> 0.28789474 | AG66: =AVERAGE(AF54,AF42,AF30,AF18,AF6) -> 9.0408926 | AH66: =A66 -> 45689
A67: 45717 | B67: ='BFT Packer Chicago'!B82-'CWG Chicago'!B82 -> -5.2318296 | C67: ='BFT Packer Chicago'!C82-'CWG Chicago'!C82 -> -5.2318296 | D67: ='BFT Packer Chicago'!D82-'CWG Chicago'!D82 -> -5.2318296 | E67: =AVERAGE(C7,C19,C55,C43,C31) -> 2.528 | F67: =C67-E67 -> -7.7598296 | G67: ='CWG Mo River'!B82-'YG Mo River'!B80 -> 9.047619 | H67: ='CWG Mo River'!C82-'YG Mo River'!C80 -> 9.047619 | I67: ='CWG Mo River'!D82-'YG Mo River'!D80 -> 9.047619 | J67: =AVERAGE(H7,H19,H55,H43,H31) -> 5.29562 | K67: =J67-H67 -> -3.751999 | L67: ='YG Mo River'!B80-'PF Mid South'!B80 -> 0 | M67: ='YG Mo River'!C80-'PF Mid South'!C80 -> 0 | N67: ='YG Mo River'!D80-'PF Mid South'!D80 -> 0 | O67: =AVERAGE(M7,M19,M55,M43,M31) -> -3.80046 | P67: =O67-M67 -> -3.80046 | Q67: ='BFT Packer Chicago'!B82-'DCO IL WI'!B82 -> -5.1365915 | R67: ='BFT Packer Chicago'!C82-'DCO IL WI'!C82 -> -5.1365915 | S67: ='BFT Packer Chicago'!D82-'DCO IL WI'!D82 -> -5.1365915 | T67: =AVERAGE(R7,R19,R55,R43,R31) -> -0.53614 | U67: =R67-T67 -> -4.6004515 | V67: ='UCO-IL'!B80-'DCO IL WI'!B82 -> -4.6190476 | W67: ='UCO-IL'!C80-'DCO IL WI'!C82 -> -4.6190476 | X67: ='UCO-IL'!D80-'DCO IL WI'!D82 -> -4.6190476 | Y67: =AVERAGE(W7,W19,W55,W43,W31) -> -7.30194 | Z67: =Y67-W67 -> -2.6828924 | AA67: ='UCO-IL'!B80-'YG IL'!B80 -> 7.0833333 | AB67: ='UCO-IL'!C80-'YG IL'!C80 -> 7.0833333 | AC67: ='UCO-IL'!D80-'YG IL'!D80 -> 7.0833333 | AD67: =AVERAGE(AB7,AB19,AB55,AB43,AB31) -> 3.34818 | AE67: =AD67-AB67 -> -3.7351533 | AF67: =[17]Prices!AB665-'[18]Distillers'' Corn Oil Complex'!$AG203 -> -1.202381 | AG67: =AVERAGE(AF55,AF43,AF31,AF19,AF7) -> 10.44456 | AH67: =A67 -> 45717
A68: 45748 | B68: ='BFT Packer Chicago'!B83-'CWG Chicago'!B83 -> -7.6428571 | C68: ='BFT Packer Chicago'!C83-'CWG Chicago'!C83 -> -7.6428571 | D68: ='BFT Packer Chicago'!D83-'CWG Chicago'!D83 -> -7.6428571 | E68: =AVERAGE(C8,C20,C56,C44,C32) -> 2.76072 | F68: =C68-E68 -> -10.403577 | G68: ='CWG Mo River'!B83-'YG Mo River'!B81 -> 10.75 | H68: ='CWG Mo River'!C83-'YG Mo River'!C81 -> 10.75 | I68: ='CWG Mo River'!D83-'YG Mo River'!D81 -> 10.75 | J68: =AVERAGE(H8,H20,H56,H44,H32) -> 6.2933 | K68: =J68-H68 -> -4.4567 | L68: ='YG Mo River'!B81-'PF Mid South'!B81 -> -1.25 | M68: ='YG Mo River'!C81-'PF Mid South'!C81 -> -1.25 | N68: ='YG Mo River'!D81-'PF Mid South'!D81 -> -1.25 | O68: =AVERAGE(M8,M20,M56,M44,M32) -> -5.49358 | P68: =O68-M68 -> -4.24358 | Q68: ='BFT Packer Chicago'!B83-'DCO IL WI'!B83 -> -9.8928571 | R68: ='BFT Packer Chicago'!C83-'DCO IL WI'!C83 -> -9.8928571 | S68: ='BFT Packer Chicago'!D83-'DCO IL WI'!D83 -> -9.8928571 | T68: =AVERAGE(R8,R20,R56,R44,R32) -> 0.22852 | U68: =R68-T68 -> -10.121377 | V68: ='UCO-IL'!B81-'DCO IL WI'!B83 -> -10.75 | W68: ='UCO-IL'!C81-'DCO IL WI'!C83 -> -10.75 | X68: ='UCO-IL'!D81-'DCO IL WI'!D83 -> -10.75 | Y68: =AVERAGE(W8,W20,W56,W44,W32) -> -6.14282 | Z68: =Y68-W68 -> 4.60718 | AA68: ='UCO-IL'!B81-'YG IL'!B81 -> 5 | AB68: ='UCO-IL'!C81-'YG IL'!C81 -> 5 | AC68: ='UCO-IL'!D81-'YG IL'!D81 -> 5 | AD68: =AVERAGE(AB8,AB20,AB56,AB44,AB32) -> 4.76526 | AE68: =AD68-AB68 -> -0.23474 | AF68: =[17]Prices!AB666-'[18]Distillers'' Corn Oil Complex'!$AG204 -> -2.75 | AG68: =AVERAGE(AF56,AF44,AF32,AF20,AF8) -> 12.477733 | AH68: =A68 -> 45748
A69: 45778 | B69: ='BFT Packer Chicago'!B84-'CWG Chicago'!B84 -> -7.2380952 | C69: ='BFT Packer Chicago'!C84-'CWG Chicago'!C84 -> -7.2380952 | D69: ='BFT Packer Chicago'!D84-'CWG Chicago'!D84 -> -7.2380952 | E69: =AVERAGE(C9,C21,C57,C45,C33) -> 3.77436 | F69: =C69-E69 -> -11.012455 | G69: ='CWG Mo River'!B84-'YG Mo River'!B82 -> 12.75 | H69: ='CWG Mo River'!C84-'YG Mo River'!C82 -> 12.75 | I69: ='CWG Mo River'!D84-'YG Mo River'!D82 -> 12.75 | J69: =AVERAGE(H9,H21,H57,H45,H33) -> 6.49352 | K69: =J69-H69 -> -6.25648 | L69: ='YG Mo River'!B82-'PF Mid South'!B82 -> -0.5 | M69: ='YG Mo River'!C82-'PF Mid South'!C82 -> -0.5 | N69: ='YG Mo River'!D82-'PF Mid South'!D82 -> -0.5 | O69: =AVERAGE(M9,M21,M57,M45,M33) -> -4.4275 | P69: =O69-M69 -> -3.9275 | Q69: ='BFT Packer Chicago'!B84-'DCO IL WI'!B84 -> -7.7380952 | R69: ='BFT Packer Chicago'!C84-'DCO IL WI'!C84 -> -7.7380952 | S69: ='BFT Packer Chicago'!D84-'DCO IL WI'!D84 -> -7.7380952 | T69: =AVERAGE(R9,R21,R57,R45,R33) -> 2.49164 | U69: =R69-T69 -> -10.229735 | V69: ='UCO-IL'!B82-'DCO IL WI'!B84 -> -14.25 | W69: ='UCO-IL'!C82-'DCO IL WI'!C84 -> -14.25 | X69: ='UCO-IL'!D82-'DCO IL WI'!D84 -> -14.25 | Y69: =AVERAGE(W9,W21,W57,W45,W33) -> -5.7811 | Z69: =Y69-W69 -> 8.4689 | AA69: ='UCO-IL'!B82-'YG IL'!B82 -> 1.75 | AB69: ='UCO-IL'!C82-'YG IL'!C82 -> 1.75 | AC69: ='UCO-IL'!D82-'YG IL'!D82 -> 1.75 | AD69: =AVERAGE(AB9,AB21,AB57,AB45,AB33) -> 3.45164 | AE69: =AD69-AB69 -> 1.70164 | AF69: =[17]Prices!AB667-'[18]Distillers'' Corn Oil Complex'!$AG205 -> -3.75 | AG69: =AVERAGE(AF57,AF45,AF33,AF21,AF9) -> 16.358937 | AH69: =A69 -> 45778
A70: 45809 | B70: ='BFT Packer Chicago'!B85-'CWG Chicago'!B85 -> -2.5526316 | C70: ='BFT Packer Chicago'!C85-'CWG Chicago'!C85 -> -2.5526316 | D70: ='BFT Packer Chicago'!D85-'CWG Chicago'!D85 -> -2.5526316 | E70: =AVERAGE(C10,C22,C58,C46,C34) -> 2.4753 | F70: =C70-E70 -> -5.0279316 | G70: ='CWG Mo River'!B85-'YG Mo River'!B83 -> 13.5 | H70: ='CWG Mo River'!C85-'YG Mo River'!C83 -> 13.5 | I70: ='CWG Mo River'!D85-'YG Mo River'!D83 -> 13.5 | J70: =AVERAGE(H10,H22,H58,H46,H34) -> 7.78444 | K70: =J70-H70 -> -5.71556 | L70: ='YG Mo River'!B83-'PF Mid South'!B83 -> -1.5 | M70: ='YG Mo River'!C83-'PF Mid South'!C83 -> -1.5 | N70: ='YG Mo River'!D83-'PF Mid South'!D83 -> -1.5 | O70: =AVERAGE(M10,M22,M58,M46,M34) -> -5.36656 | P70: =O70-M70 -> -3.86656 | Q70: ='BFT Packer Chicago'!B85-'DCO IL WI'!B85 -> -1.8026316 | R70: ='BFT Packer Chicago'!C85-'DCO IL WI'!C85 -> -1.8026316 | S70: ='BFT Packer Chicago'!D85-'DCO IL WI'!D85 -> -1.8026316 | T70: =AVERAGE(R10,R22,R58,R46,R34) -> 2.86042 | U70: =R70-T70 -> -4.6630516 | V70: ='UCO-IL'!B83-'DCO IL WI'!B85 -> -11.5 | W70: ='UCO-IL'!C83-'DCO IL WI'!C85 -> -11.5 | X70: ='UCO-IL'!D83-'DCO IL WI'!D85 -> -11.5 | Y70: =AVERAGE(W10,W22,W58,W46,W34) -> -4.59374 | Z70: =Y70-W70 -> 6.90626 | AA70: ='UCO-IL'!B83-'YG IL'!B83 -> 4 | AB70: ='UCO-IL'!C83-'YG IL'!C83 -> 4 | AC70: ='UCO-IL'!D83-'YG IL'!D83 -> 4 | AD70: =AVERAGE(AB10,AB22,AB58,AB46,AB34) -> 4.93436 | AE70: =AD70-AB70 -> 0.93436 | AF70: =[17]Prices!AB668-'[18]Distillers'' Corn Oil Complex'!$AG206 -> -2.75 | AG70: =AVERAGE(AF58,AF46,AF34,AF22,AF10) -> 18.059166 | AH70: =A70 -> 45809
A71: 45839 | B71: ='BFT Packer Chicago'!B86-'CWG Chicago'!B86 -> -4.797619 | C71: ='BFT Packer Chicago'!C86-'CWG Chicago'!C86 -> -4.797619 | D71: ='BFT Packer Chicago'!D86-'CWG Chicago'!D86 -> -4.797619 | E71: =AVERAGE(C11,C23,C59,C47,C35) -> 2.68238 | F71: =C71-E71 -> -7.479999 | G71: ='CWG Mo River'!B86-'YG Mo River'!B84 -> 13.25 | H71: ='CWG Mo River'!C86-'YG Mo River'!C84 -> 13.25 | I71: ='CWG Mo River'!D86-'YG Mo River'!D84 -> 13.25 | J71: =AVERAGE(H11,H23,H59,H47,H35) -> 8.33594 | K71: =J71-H71 -> -4.91406 | L71: ='YG Mo River'!B84-'PF Mid South'!B84 -> -1 | M71: ='YG Mo River'!C84-'PF Mid South'!C84 -> -1 | N71: ='YG Mo River'!D84-'PF Mid South'!D84 -> -1 | O71: =AVERAGE(M11,M23,M59,M47,M35) -> -4.47108 | P71: =O71-M71 -> -3.47108 | Q71: ='BFT Packer Chicago'!B86-'DCO IL WI'!B86 -> -4.547619 | R71: ='BFT Packer Chicago'!C86-'DCO IL WI'!C86 -> -4.547619 | S71: ='BFT Packer Chicago'!D86-'DCO IL WI'!D86 -> -4.547619 | T71: =AVERAGE(R11,R23,R59,R47,R35) -> 3.93232 | U71: =R71-T71 -> -8.479939 | V71: ='UCO-IL'!B84-'DCO IL WI'!B86 -> -13 | W71: ='UCO-IL'!C84-'DCO IL WI'!C86 -> -13 | X71: ='UCO-IL'!D84-'DCO IL WI'!D86 -> -13 | Y71: =AVERAGE(W11,W23,W59,W47,W35) -> -4.72718 | Z71: =Y71-W71 -> 8.27282 | AA71: ='UCO-IL'!B84-'YG IL'!B84 -> 2.75 | AB71: ='UCO-IL'!C84-'YG IL'!C84 -> 2.75 | AC71: ='UCO-IL'!D84-'YG IL'!D84 -> 2.75 | AD71: =AVERAGE(AB11,AB23,AB59,AB47,AB35) -> 5.22554 | AE71: =AD71-AB71 -> 2.47554 | AF71: =[17]Prices!AB669-'[18]Distillers'' Corn Oil Complex'!$AG207 -> -1.75 | AG71: =AVERAGE(AF59,AF47,AF35,AF23,AF11) -> 16.467438 | AH71: =A71 -> 45839
A72: 45870 | B72: ='BFT Packer Chicago'!B87-'CWG Chicago'!B87 -> 1.5 | C72: ='BFT Packer Chicago'!C87-'CWG Chicago'!C87 -> 1.5 | D72: ='BFT Packer Chicago'!D87-'CWG Chicago'!D87 -> 1.5 | E72: =AVERAGE(C12,C24,C60,C48,C36) -> 3.222 | F72: =C72-E72 -> -1.722 | G72: ='CWG Mo River'!B87-'YG Mo River'!B85 -> 11 | H72: ='CWG Mo River'!C87-'YG Mo River'!C85 -> 11 | I72: ='CWG Mo River'!D87-'YG Mo River'!D85 -> 11 | J72: =AVERAGE(H12,H24,H60,H48,H36) -> 9.87978 | K72: =J72-H72 -> -1.12022 | L72: ='YG Mo River'!B85-'PF Mid South'!B85 -> -0.75 | M72: ='YG Mo River'!C85-'PF Mid South'!C85 -> -0.75 | N72: ='YG Mo River'!D85-'PF Mid South'!D85 -> -0.75 | O72: =AVERAGE(M12,M24,M60,M48,M36) -> -3.66722 | P72: =O72-M72 -> -2.91722 | Q72: ='BFT Packer Chicago'!B87-'DCO IL WI'!B87 -> 0.25 | R72: ='BFT Packer Chicago'!C87-'DCO IL WI'!C87 -> 0.25 | S72: ='BFT Packer Chicago'!D87-'DCO IL WI'!D87 -> 0.25 | T72: =AVERAGE(R12,R24,R60,R48,R36) -> 3.9241 | U72: =R72-T72 -> -3.6741 | V72: ='UCO-IL'!B85-'DCO IL WI'!B87 -> -12.25 | W72: ='UCO-IL'!C85-'DCO IL WI'!C87 -> -12.25 | X72: ='UCO-IL'!D85-'DCO IL WI'!D87 -> -12.25 | Y72: =AVERAGE(W12,W24,W60,W48,W36) -> -6.72824 | Z72: =Y72-W72 -> 5.52176 | AA72: ='UCO-IL'!B85-'YG IL'!B85 -> 2.75 | AB72: ='UCO-IL'!C85-'YG IL'!C85 -> 2.75 | AC72: ='UCO-IL'!D85-'YG IL'!D85 -> 2.75 | AD72: =AVERAGE(AB12,AB24,AB60,AB48,AB36) -> 4.48704 | AE72: =AD72-AB72 -> 1.73704 | AF72: =[17]Prices!AB670-'[18]Distillers'' Corn Oil Complex'!$AG208 -> -1.75 | AG72: =AVERAGE(AF60,AF48,AF36,AF24,AF12) -> 12.02131 | AH72: =A72 -> 45870
A73: 45901 | B73: ='BFT Packer Chicago'!B88-'CWG Chicago'!B88 -> 16 | C73: ='BFT Packer Chicago'!C88-'CWG Chicago'!C88 -> 16 | D73: ='BFT Packer Chicago'!D88-'CWG Chicago'!D88 -> 16 | E73: =AVERAGE(C13,C25,C61,C49,C37) -> 3.25224 | F73: =C73-E73 -> 12.74776 | G73: ='CWG Mo River'!B88-'YG Mo River'!B86 -> 6.5 | H73: ='CWG Mo River'!C88-'YG Mo River'!C86 -> 6.5 | I73: ='CWG Mo River'!D88-'YG Mo River'!D86 -> 6.5 | J73: =AVERAGE(H13,H25,H61,H49,H37) -> 8.72528 | K73: =J73-H73 -> 2.22528 | L73: ='YG Mo River'!B86-'PF Mid South'!B86 -> 0 | M73: ='YG Mo River'!C86-'PF Mid South'!C86 -> 0 | N73: ='YG Mo River'!D86-'PF Mid South'!D86 -> 0 | O73: =AVERAGE(M13,M25,M61,M49,M37) -> -3.71038 | P73: =O73-M73 -> -3.71038 | Q73: ='BFT Packer Chicago'!B88-'DCO IL WI'!B88 -> 15.5 | R73: ='BFT Packer Chicago'!C88-'DCO IL WI'!C88 -> 15.5 | S73: ='BFT Packer Chicago'!D88-'DCO IL WI'!D88 -> 15.5 | T73: =AVERAGE(R13,R25,R61,R49,R37) -> 4.3198 | U73: =R73-T73 -> 11.1802 | V73: ='UCO-IL'!B86-'DCO IL WI'!B88 -> -8 | W73: ='UCO-IL'!C86-'DCO IL WI'!C88 -> -8 | X73: ='UCO-IL'!D86-'DCO IL WI'!D88 -> -8 | Y73: =AVERAGE(W13,W25,W61,W49,W37) -> -5.7206 | Z73: =Y73-W73 -> 2.2794 | AA73: ='UCO-IL'!B86-'YG IL'!B86 -> 1.75 | AB73: ='UCO-IL'!C86-'YG IL'!C86 -> 1.75 | AC73: ='UCO-IL'!D86-'YG IL'!D86 -> 1.75 | AD73: =AVERAGE(AB13,AB25,AB61,AB49,AB37) -> 3.67836 | AE73: =AD73-AB73 -> 1.92836 | AF73: =[17]Prices!AB671-'[18]Distillers'' Corn Oil Complex'!$AG209 -> 2.5 | AG73: =AVERAGE(AF61,AF49,AF37,AF25,AF13) -> 11.141704 | AH73: =A73 -> 45901
A74: 45931 | B74: ='BFT Packer Chicago'!B89-'CWG Chicago'!B89 -> 3.25 | C74: ='BFT Packer Chicago'!C89-'CWG Chicago'!C89 -> 3.25 | D74: ='BFT Packer Chicago'!D89-'CWG Chicago'!D89 -> 3.25 | E74: =AVERAGE(C14,C26,C62,C50,C38) -> 3.58818 | F74: =C74-E74 -> -0.33818 | G74: ='CWG Mo River'!B89-'YG Mo River'!B87 -> 10.25 | H74: ='CWG Mo River'!C89-'YG Mo River'!C87 -> 10.25 | I74: ='CWG Mo River'!D89-'YG Mo River'!D87 -> 10.25 | J74: =AVERAGE(H14,H26,H62,H50,H38) -> 6.59938 | K74: =J74-H74 -> -3.65062 | L74: ='YG Mo River'!B87-'PF Mid South'!B87 -> -2.5 | M74: ='YG Mo River'!C87-'PF Mid South'!C87 -> -2.5 | N74: ='YG Mo River'!D87-'PF Mid South'!D87 -> -2.5 | O74: =AVERAGE(M14,M26,M62,M50,M38) -> -2.28938 | P74: =O74-M74 -> 0.21062 | Q74: ='BFT Packer Chicago'!B89-'DCO IL WI'!B89 -> 6.5 | R74: ='BFT Packer Chicago'!C89-'DCO IL WI'!C89 -> 6.5 | S74: ='BFT Packer Chicago'!D89-'DCO IL WI'!D89 -> 6.5 | T74: =AVERAGE(R14,R26,R62,R50,R38) -> 1.97492 | U74: =R74-T74 -> 4.52508 | V74: ='UCO-IL'!B87-'DCO IL WI'!B89 -> 2.75 | W74: ='UCO-IL'!C87-'DCO IL WI'!C89 -> 2.75 | X74: ='UCO-IL'!D87-'DCO IL WI'!D89 -> 2.75 | Y74: =AVERAGE(W14,W26,W62,W50,W38) -> -7.2524 | Z74: =Y74-W74 -> -10.0024 | AA74: ='UCO-IL'!B87-'YG IL'!B87 -> 12.5 | AB74: ='UCO-IL'!C87-'YG IL'!C87 -> 12.5 | AC74: ='UCO-IL'!D87-'YG IL'!D87 -> 12.5 | AD74: =AVERAGE(AB14,AB26,AB62,AB50,AB38) -> 3.3035 | AE74: =AD74-AB74 -> -9.1965 | AF74: =[17]Prices!AB672-'[18]Distillers'' Corn Oil Complex'!$AH198 -> 6.75 | AG74: =AVERAGE(AF62,AF50,AF38,AF26,AF14) -> 9.7005307 | AH74: =A74 -> 45931
A75: 45962 | C75: ='BFT Packer Chicago'!C90-'CWG Chicago'!C90 -> 3.5 | D75: ='BFT Packer Chicago'!D90-'CWG Chicago'!D90 -> 3.5 | E75: =AVERAGE(C15,C27,C63,C51,C39) -> 3.95542 | F75: =C75-E75 -> -0.45542 | G75: ='CWG Mo River'!B90-'YG Mo River'!B88 -> 13.75 | H75: ='CWG Mo River'!C90-'YG Mo River'!C88 -> 13.75 | I75: ='CWG Mo River'!D90-'YG Mo River'!D88 -> 13.75 | J75: =AVERAGE(H15,H27,H63,H51,H39) -> 4.98216 | K75: =J75-H75 -> -8.76784 | L75: ='YG Mo River'!B88-'PF Mid South'!B88 -> -3 | M75: ='YG Mo River'!C88-'PF Mid South'!C88 -> -3 | N75: ='YG Mo River'!D88-'PF Mid South'!D88 -> -3 | O75: =AVERAGE(M15,M27,M63,M51,M39) -> 4.363 | P75: =O75-M75 -> 7.363 | Q75: ='BFT Packer Chicago'!B90-'DCO IL WI'!B90 -> 9.25 | R75: ='BFT Packer Chicago'!C90-'DCO IL WI'!C90 -> 9.25 | S75: ='BFT Packer Chicago'!D90-'DCO IL WI'!D90 -> 9.25 | T75: =AVERAGE(R15,R27,R63,R51,R39) -> -0.68608 | U75: =R75-T75 -> 9.93608 | V75: ='UCO-IL'!B88-'DCO IL WI'!B90 -> 1.75 | W75: ='UCO-IL'!C88-'DCO IL WI'!C90 -> 1.75 | X75: ='UCO-IL'!D88-'DCO IL WI'!D90 -> 1.75 | Y75: =AVERAGE(W15,W27,W63,W51,W39) -> -7.36824 | Z75: =Y75-W75 -> -9.11824 | AA75: ='UCO-IL'!B88-'YG IL'!B88 -> 12.5 | AB75: ='UCO-IL'!C88-'YG IL'!C88 -> 12.5 | AC75: ='UCO-IL'!D88-'YG IL'!D88 -> 12.5 | AD75: =AVERAGE(AB15,AB27,AB63,AB51,AB39) -> 4.508 | AE75: =AD75-AB75 -> -7.992 | AF75: =[17]Prices!AB673-'[18]Distillers'' Corn Oil Complex'!$AH199 -> 7.5 | AG75: =AVERAGE(AF63,AF51,AF39,AF27,AF15) -> 11.137316 | AH75: =A75 -> 45962
A76: 45992 | C76: ='BFT Packer Chicago'!C91-'CWG Chicago'!C91 -> 4.5 | D76: ='BFT Packer Chicago'!D91-'CWG Chicago'!D91 -> 4.5 | E76: =AVERAGE(C16,C28,C64,C52,C40) -> 3.64086 | F76: =C76-E76 -> 0.85914 | G76: ='CWG Mo River'!B91-'YG Mo River'!B89 -> 14 | H76: ='CWG Mo River'!C91-'YG Mo River'!C89 -> 14 | I76: ='CWG Mo River'!D91-'YG Mo River'!D89 -> 14 | J76: =AVERAGE(H16,H28,H64,H52,H40) -> 3.98926 | K76: =J76-H76 -> -10.01074 | L76: ='YG Mo River'!B89-'PF Mid South'!B89 -> -5.25 | M76: ='YG Mo River'!C89-'PF Mid South'!C89 -> -5.25 | N76: ='YG Mo River'!D89-'PF Mid South'!D89 -> -5.25 | O76: =AVERAGE(M16,M28,M64,M52,M40) -> -5.3251 | P76: =O76-M76 -> -0.0751 | Q76: ='BFT Packer Chicago'!B91-'DCO IL WI'!B91 -> 11 | R76: ='BFT Packer Chicago'!C91-'DCO IL WI'!C91 -> 11 | S76: ='BFT Packer Chicago'!D91-'DCO IL WI'!D91 -> 11 | T76: =AVERAGE(R16,R28,R64,R52,R40) -> 0.01572 | U76: =R76-T76 -> 10.98428 | V76: ='UCO-IL'!B89-'DCO IL WI'!B91 -> 4 | W76: ='UCO-IL'!C89-'DCO IL WI'!C91 -> 4 | X76: ='UCO-IL'!D89-'DCO IL WI'!D91 -> 4 | Y76: =AVERAGE(W16,W28,W64,W52,W40) -> -4.2122 | Z76: =Y76-W76 -> -8.2122 | AA76: ='UCO-IL'!B89-'YG IL'!B89 -> 14.25 | AB76: ='UCO-IL'!C89-'YG IL'!C89 -> 14.25 | AC76: ='UCO-IL'!D89-'YG IL'!D89 -> 14.25 | AD76: =AVERAGE(AB16,AB28,AB64,AB52,AB40) -> 6.13084 | AE76: =AD76-AB76 -> -8.11916 | AF76: =[17]Prices!AB674-'[18]Distillers'' Corn Oil Complex'!$AH200 -> 8 | AG76: =AVERAGE(AF64,AF52,AF40,AF28,AF16) -> 11.256906 | AH76: =A76 -> 45992
A77: 46023 | C77: ='BFT Packer Chicago'!C92-'CWG Chicago'!C92 -> 7.5 | D77: ='BFT Packer Chicago'!D92-'CWG Chicago'!D92 -> 7.5 | E77: =AVERAGE(C17,C29,C65,C53,C41) -> 4.07554 | F77: =C77-E77 -> 3.42446 | G77: ='CWG Mo River'!B92-'YG Mo River'!B90 -> 12.5 | H77: ='CWG Mo River'!C92-'YG Mo River'!C90 -> 12.5 | I77: ='CWG Mo River'!D92-'YG Mo River'!D90 -> 12.5 | J77: =AVERAGE(H17,H29,H65,H53,H41) -> 5.05016 | K77: =J77-H77 -> -7.44984 | L77: ='YG Mo River'!B90-'PF Mid South'!B90 -> -4 | M77: ='YG Mo River'!C90-'PF Mid South'!C90 -> -4 | N77: ='YG Mo River'!D90-'PF Mid South'!D90 -> -4 | O77: =AVERAGE(M17,M29,M65,M53,M41) -> -5.08348 | P77: =O77-M77 -> -1.08348 | Q77: ='BFT Packer Chicago'!B92-'DCO IL WI'!B92 -> 57 | R77: ='BFT Packer Chicago'!C92-'DCO IL WI'!C92 -> 56 | S77: ='BFT Packer Chicago'!D92-'DCO IL WI'!D92 -> 55 | T77: =AVERAGE(R17,R29,R65,R53,R41) -> -0.01758 | U77: =R77-T77 -> 56.01758 | V77: ='UCO-IL'!B90-'DCO IL WI'!B92 -> 46.75 | W77: ='UCO-IL'!C90-'DCO IL WI'!C92 -> 45.75 | X77: ='UCO-IL'!D90-'DCO IL WI'!D92 -> 44.75 | Y77: =AVERAGE(W17,W29,W65,W53,W41) -> -6.10696 | Z77: =Y77-W77 -> -51.85696 | AA77: ='UCO-IL'!B90-'YG IL'!B90 -> 12.5 | AB77: ='UCO-IL'!C90-'YG IL'!C90 -> 12.5 | AC77: ='UCO-IL'!D90-'YG IL'!D90 -> 12.5 | AD77: =AVERAGE(AB17,AB29,AB65,AB53,AB41) -> 6.4392 | AE77: =AD77-AB77 -> -6.0608 | AF77: =[17]Prices!AB675-'[18]Distillers'' Corn Oil Complex'!$AH201 -> 7.75 | AG77: =AVERAGE(AF65,AF53,AF41,AF29,AF17) -> 8.7049742 | AH77: =A77 -> 46023
A78: 46054 | C78: ='BFT Packer Chicago'!C93-'CWG Chicago'!C93 -> 0 | D78: ='BFT Packer Chicago'!D93-'CWG Chicago'!D93 -> 0 | E78: =AVERAGE(C18,C30,C66,C54,C42) -> 3.18974 | F78: =C78-E78 -> -3.18974 | G78: ='CWG Mo River'!B93-'YG Mo River'!B91 -> 0 | H78: ='CWG Mo River'!C93-'YG Mo River'!C91 -> 0 | I78: ='CWG Mo River'!D93-'YG Mo River'!D91 -> 0 | J78: =AVERAGE(H18,H30,H66,H54,H42) -> 6.7949 | K78: =J78-H78 -> 6.7949 | L78: ='YG Mo River'!B91-'PF Mid South'!B91 -> 0 | M78: ='YG Mo River'!C91-'PF Mid South'!C91 -> 0 | N78: ='YG Mo River'!D91-'PF Mid South'!D91 -> 0 | O78: =AVERAGE(M18,M30,M66,M54,M42) -> -3.7639 | P78: =O78-M78 -> -3.7639 | Q78: ='BFT Packer Chicago'!B93-'DCO IL WI'!B93 -> 0 | R78: ='BFT Packer Chicago'!C93-'DCO IL WI'!C93 -> 0 | S78: ='BFT Packer Chicago'!D93-'DCO IL WI'!D93 -> 0 | T78: =AVERAGE(R18,R30,R66,R54,R42) -> -0.25678 | U78: =R78-T78 -> 0.25678 | V78: ='UCO-IL'!B91-'DCO IL WI'!B93 -> 0 | W78: ='UCO-IL'!C91-'DCO IL WI'!C93 -> 0 | X78: ='UCO-IL'!D91-'DCO IL WI'!D93 -> 0 | Y78: =AVERAGE(W18,W30,W66,W54,W42) -> -7.66152 | Z78: =Y78-W78 -> -7.66152 | AA78: ='UCO-IL'!B91-'YG IL'!B91 -> 0 | AB78: ='UCO-IL'!C91-'YG IL'!C91 -> 0 | AC78: ='UCO-IL'!D91-'YG IL'!D91 -> 0 | AD78: =AVERAGE(AB18,AB30,AB66,AB54,AB42) -> 4.7739 | AE78: =AD78-AB78 -> 4.7739 | AF78: =[17]Prices!AB676-'[18]Distillers'' Corn Oil Complex'!$AH202 -> 7.25 | AG78: =AVERAGE(AF66,AF54,AF42,AF30,AF18) -> 8.0198463 | AH78: =A78 -> 46054
A79: 46082 | C79: ='BFT Packer Chicago'!C94-'CWG Chicago'!C94 -> 0 | D79: ='BFT Packer Chicago'!D94-'CWG Chicago'!D94 -> 0 | E79: =AVERAGE(C19,C31,C67,C55,C43) -> 0.58091409 | F79: =C79-E79 -> -0.58091409 | G79: ='CWG Mo River'!B94-'YG Mo River'!B92 -> 0 | H79: ='CWG Mo River'!C94-'YG Mo River'!C92 -> 0 | I79: ='CWG Mo River'!D94-'YG Mo River'!D92 -> 0 | J79: =AVERAGE(H19,H31,H67,H55,H43) -> 6.8671438 | K79: =J79-H79 -> 6.8671438 | L79: ='YG Mo River'!B92-'PF Mid South'!B92 -> 0 | M79: ='YG Mo River'!C92-'PF Mid South'!C92 -> 0 | N79: ='YG Mo River'!D92-'PF Mid South'!D92 -> 0 | O79: =AVERAGE(M19,M31,M67,M55,M43) -> -3.04846 | P79: =O79-M79 -> -3.04846 | Q79: ='BFT Packer Chicago'!B94-'DCO IL WI'!B94 -> 0 | R79: ='BFT Packer Chicago'!C94-'DCO IL WI'!C94 -> 0 | S79: ='BFT Packer Chicago'!D94-'DCO IL WI'!D94 -> 0 | T79: =AVERAGE(R19,R31,R67,R55,R43) -> -2.1961783 | U79: =R79-T79 -> 2.1961783 | V79: ='UCO-IL'!B92-'DCO IL WI'!B94 -> 0 | W79: ='UCO-IL'!C92-'DCO IL WI'!C94 -> 0 | X79: ='UCO-IL'!D92-'DCO IL WI'!D94 -> 0 | Y79: =AVERAGE(W19,W31,W67,W55,W43) -> -7.8857495 | Z79: =Y79-W79 -> -7.8857495 | AA79: ='UCO-IL'!B92-'YG IL'!B92 -> 0 | AB79: ='UCO-IL'!C92-'YG IL'!C92 -> 0 | AC79: ='UCO-IL'!D92-'YG IL'!D92 -> 0 | AD79: =AVERAGE(AB19,AB31,AB67,AB55,AB43) -> 4.1088467 | AE79: =AD79-AB79 -> 4.1088467 | AF79: =[17]Prices!AB677-'[18]Distillers'' Corn Oil Complex'!$AH203 -> 7.25 | AG79: =AVERAGE(AF67,AF55,AF43,AF31,AF19) -> 9.7096334 | AH79: =A79 -> 46082
E82: Hist Diff | F82: Fcst Diff | J82: Hist Diff | K82: Fcst Diff | O82: Hist Diff | P82: Fcst Diff | T82: Hist Diff | U82: Fcst Diff | Y82: Hist Diff | Z82: Fcst Diff | AD82: Hist Diff | AE82: Fcst Diff
C87: YOU SHOULD TRY TO BALANCE THEM IN THIS ORDER, IT DOES NOT REALLY MATTER WHAT ORDER YOU DO THEM IN, BUT I HAVE FOUND THIS TO BE THE EASIEST
C88: Balance
C89: UCO
C90: YG
C91: BFT
C92: DCO
C93: CWG
C94: PF | F94: Central Illinois Price Forecasts
G95: March | H95: April | I95: Current Average
F96: UCO | G96: ='[18]Used Cooking Oil Complex'!$AF$187 -> 32.25 | H96: ='[18]Used Cooking Oil Complex'!$AF$188 -> 34.215909 | I96: 32.25
F97: YG | G97: ='[18]Yellow Grease Complex'!$AF$187 -> 32.05 | H97: ='[18]Yellow Grease Complex'!$AF$188 -> 34.27 | I97: 32
F98: BFT | G98: ='[18]Inedible Tallow Complex'!$AF$218 -> 50.875 | H98: ='[18]Inedible Tallow Complex'!$AF$219 -> 45.05 | I98: 41.5
F99: DCO | G99: ='[18]Distillers'' Corn Oil Complex'!$AF$203 -> 42.7085 | H99: ='[18]Distillers'' Corn Oil Complex'!$AF$204 -> 41.295455 | I99: 42.75
F100: CWG | G100: ='[18]CWG Complex'!$AF$221 -> 38.2 | H100: ='[18]CWG Complex'!$AF$222 -> 40.636364 | I100: 38.75
F101: PF | G101: ='[18]Poultry Byproduct Complex'!$AF$326 -> 34.575 | H101: ='[18]Poultry Byproduct Complex'!$AF$327 -> 35 | I101: 34.75
F103: California Price Forecasts
G104: March | H104: April | I104: Current Average
F105: UCO | G105: ='[18]Used Cooking Oil Complex'!$AF$203 -> 32 | H105: ='[18]Used Cooking Oil Complex'!$AF$204 -> 32.2273 | I105: 32
F106: YG | G106: ='[18]Yellow Grease Complex'!$AF$219 -> 30 | H106: ='[18]Yellow Grease Complex'!$AF$220 -> 30.2273 | I106: 30

Sheet YG IL
A1: Year | B1: High | C1: Forecast | D1: Low
A2: 43344 | C2: 21.5263
A3: 43374 | C3: 19.5217
A4: 43405 | C4: 19.775
A5: 43435 | C5: 20.4342
A6: 43466 | C6: 20.8929
A7: 43497 | C7: 20.8421
A8: 43525 | C8: 20.4286
A9: 43556 | C9: 21.2262
A10: 43586 | C10: 22.4205
A11: 43617 | C11: 23.5125
A12: 43647 | C12: 24.8636
A13: 43678 | C13: 24.9489
... A28: 44136 | C28: 24.69
A29: 44166 | C29: 26.2273 | O29: Corn | P29: RP Hist
A30: 44197 | C30: 29.0132 | N30: 44197 | P30: 3.3104495 | S30: 0.66690439
A31: 44228 | C31: 34.53 | N31: 44228 | P31: 3.2377107 | S31: 0.66708193
A32: 44256 | C32: 39.0217 | N32: 44256 | O32: 5.4 | P32: 3.1892696 | Q32: =(O32/56)*P32*110 -> 33.829039 | R32: 53.25 | S32: 0.68132979 | T32: =R32*S32 -> 36.280811 | U32: =(T32*0.67+Q32*0.33) -> 35.471726 | V32: =U32*1.1 -> 39.018899
A33: 44287 | C33: 39.7857 | N33: 44287 | O33: 5.6 | P33: 3.2920463 | Q33: =(O33/56)*P33*110 -> 36.21251 | R33: 54.35 | S33: 0.7098117 | T33: =R33*S33 -> 38.578266 | U33: =(T33*0.67+Q33*0.33) -> 37.797566 | V33: =U33*1.1 -> 41.577323
A34: 44317 | C34: 43.025 | N34: 44317 | O34: 5.75 | P34: 3.3632657 | Q34: =(O34/56)*P34*110 -> 37.986885 | R34: 55.5 | S34: 0.75691573 | T34: =R34*S34 -> 42.008823 | U34: =(T34*0.67+Q34*0.33) -> 40.681583 | V34: =U34*1.1 -> 44.749742
A35: 44348 | C35: 44.1591 | N35: 44348 | O35: 6 | P35: 3.491486 | Q35: =(O35/56)*P35*110 -> 41.149656 | R35: 55.4 | S35: 0.80769266 | T35: =R35*S35 -> 44.746173 | U35: =(T35*0.67+Q35*0.33) -> 43.559323 | V35: =U35*1.1 -> 47.915255
A36: 44378 | C36: 44.27 | N36: 44378 | O36: 6.6 | P36: 3.5939959 | Q36: =(O36/56)*P36*110 -> 46.59359 | R36: 56 | S36: 0.82822573 | T36: =R36*S36 -> 46.380641 | U36: =(T36*0.67+Q36*0.33) -> 46.450914 | V36: =U36*1.1 -> 51.096005
A37: 44409 | C37: 46.8068 | N37: 44409 | O37: 6.2 | P37: 3.8970747 | Q37: =(O37/56)*P37*110 -> 47.460803 | R37: 57.3 | S37: 0.83130731 | T37: =R37*S37 -> 47.633909 | U37: =(T37*0.67+Q37*0.33) -> 47.576784 | V37: =U37*1.1 -> 52.334462
A38: 44440 | C38: 42.5 | N38: 44440 | O38: 6 | P38: 3.7404272 | Q38: =(O38/56)*P38*110 -> 44.083607 | R38: 57.65 | S38: 0.79307975 | T38: =R38*S38 -> 45.721047 | U38: =(T38*0.67+Q38*0.33) -> 45.180692 | V38: =U38*1.1 -> 49.698761
A39: 44470 | C39: 46.4048 | M39: 46.233892 | N39: 44470 | O39: 6 | P39: 3.2809441 | Q39: =(O39/56)*P39*110 -> 38.668269 | R39: 59.5 | S39: 0.70368206 | T39: =R39*S39 -> 41.869083 | U39: =(T39*0.67+Q39*0.33) -> 40.812814 | V39: =U39*1.15 -> 46.934737
A40: 44501 | C40: 46.1 | M40: 46.155415 | N40: 44501 | O40: 6 | P40: 3.2226211 | Q40: =(O40/56)*P40*110 -> 37.980891 | R40: 61.75 | S40: 0.67041183 | T40: =R40*S40 -> 41.397931 | U40: =(T40*0.67+Q40*0.33) -> 40.270308 | V40: =U40*1.15 -> 46.310854
A41: 44531 | C41: 40.5714 | M41: 46.368392 | N41: 44531 | O41: 5.6 | P41: 3.1369537 | Q41: =(O41/56)*P41*110 -> 34.50649 | R41: 61 | S41: 0.66394543 | T41: =R41*S41 -> 40.500671 | U41: =(T41*0.67+Q41*0.33) -> 38.522592 | V41: =U41*1.15 -> 44.30098
A42: 44562 | C42: 45.375 | M42: 46.261791 | N42: 44562 | O42: 5.7 | P42: 3.1892696 | Q42: =(O42/56)*P42*110 -> 35.70843 | R42: 59 | S42: 0.66690439 | T42: =R42*S42 -> 39.347359 | U42: =(T42*0.67+Q42*0.33) -> 38.146512 | V42: =U42*1.15 -> 43.868489
A43: 44593 | C43: 55.5 | M43: 46.385604 | N43: 44593 | O43: 5.7 | P43: 3.2920463 | Q43: =(O43/56)*P43*110 -> 36.859161 | R43: 59.75 | S43: 0.66708193 | T43: =R43*S43 -> 39.858145 | U43: =(T43*0.67+Q43*0.33) -> 38.868481 | V43: =U43*1.15 -> 44.698753
A44: 44621 | C44: 60.0217 | M44: 46.241137 | N44: 44621 | O44: 5.7 | P44: 3.3632 | Q44: =(O44/56)*P44*110 -> 37.655829 | R44: 58.75 | S44: 0.68132979 | T44: =R44*S44 -> 40.028125 | U44: =(T44*0.67+Q44*0.33) -> 39.245267 | V44: =U44*1.15 -> 45.132057
A45: 44652 | C45: 58 | M45: 46.139381
A46: 44682 | C46: 60.5 | M46: 46.226898
A47: 44713 | C47: 61.7381 | M47: 46.277804
A48: 44743 | C48: 60.5 | M48: 46.323951
A49: 44774 | C49: 60.8478 | M49: 46.396547
A50: 44805 | C50: 61.6429 | M50: 46.467444
A51: 44835 | C51: 62.8095 | M51: 46.50627
A52: 44866 | C52: 63.225
A53: 44896 | C53: 60.0833
A54: 44927 | C54: 58.575
A55: 44958 | C55: 49.25
A56: 44986 | C56: 46.1304
A57: 45017 | C57: 44.2632
A58: 45047 | C58: 47.4318
A59: 45078 | C59: 46.2619
A60: 45108 | C60: 49.075
A61: 45139 | C61: 52.9783
A62: 45170 | C62: 54.85
A63: 45200 | C63: 46.7273
... A79: 45689 | C79: 34.39
A80: 45717 | B80: =C80+1 -> 37.25 | C80: ='[18]Yellow Grease Complex'!$AG187 -> 36.25 | D80: =C80-1 -> 35.25
A81: 45748 | B81: =C81+1 -> 38.5 | C81: ='[18]Yellow Grease Complex'!$AG188 -> 37.5 | D81: =C81-1 -> 36.5
A82: 45778 | B82: =C82+1 -> 39 | C82: ='[18]Yellow Grease Complex'!$AG189 -> 38 | D82: =C82-1 -> 37
A83: 45809 | B83: =C83+1 -> 39.25 | C83: ='[18]Yellow Grease Complex'!$AG190 -> 38.25 | D83: =C83-1 -> 37.25
A84: 45839 | B84: =C84+1 -> 39.25 | C84: ='[18]Yellow Grease Complex'!$AG191 -> 38.25 | D84: =C84-1 -> 37.25
A85: 45870 | B85: =C85+1 -> 38.75 | C85: ='[18]Yellow Grease Complex'!$AG192 -> 37.75 | D85: =C85-1 -> 36.75
A86: 45901 | B86: =C86+1 -> 38.75 | C86: ='[18]Yellow Grease Complex'!$AG193 -> 37.75 | D86: =C86-1 -> 36.75
A87: 45931 | B87: =C87+1 -> 34.5 | C87: ='[18]Yellow Grease Complex'!$AH182 -> 33.5 | D87: =C87-1 -> 32.5
A88: 45962 | B88: =C88+1 -> 34 | C88: ='[18]Yellow Grease Complex'!$AH183 -> 33 | D88: =C88-1 -> 32
A89: 45992 | B89: =C89+1 -> 34.25 | C89: ='[18]Yellow Grease Complex'!$AH184 -> 33.25 | D89: =C89-1 -> 32.25
A90: 46023 | B90: =C90+1 -> 34.25 | C90: ='[18]Yellow Grease Complex'!$AH185 -> 33.25 | D90: =C90-1 -> 32.25

Sheet YG Gulf
A1: Date | B1: High | C1: Forecast | D1: Low
A2: 43496 | C2: 28.25 | E2: =C2-'YG IL'!C6 -> 7.3571
A3: 43524 | C3: 27.8026 | E3: =C3-'YG IL'!C7 -> 6.9605
A4: 43555 | C4: 26.1429 | E4: =C4-'YG IL'!C8 -> 5.7143
A5: 43585 | C5: 26.631 | E5: =C5-'YG IL'!C9 -> 5.4048
A6: 43616 | C6: 28.1477 | E6: =C6-'YG IL'!C10 -> 5.7272
A7: 43646 | C7: 28.25 | E7: =C7-'YG IL'!C11 -> 4.7375
A8: 43677 | C8: 28.9659 | E8: =C8-'YG IL'!C12 -> 4.1023
A9: 43708 | C9: 29.5 | E9: =C9-'YG IL'!C13 -> 4.5511
A10: 43738 | C10: 29.5 | E10: =C10-'YG IL'!C14 -> 6.0125
A11: 43769 | C11: 27.7826 | E11: =C11-'YG IL'!C15 -> 6.4511
A12: 43799 | C12: 26.3158 | E12: =C12-'YG IL'!C16 -> 6.5658
A13: 43830 | C13: 27.2143 | E13: =C13-'YG IL'!C17 -> 7.2393
... A75: 45716 | C75: 47.42 | E75: =C75-'YG IL'!C79 -> 13.03
A76: 45747 | B76: =C76-1 -> 44.75 | C76: ='YG IL'!C80+7.5+2 -> 45.75 | D76: =C76+1 -> 46.75 | E76: =C76-'YG IL'!C80 -> 9.5
A77: 45777 | B77: =C77-1 -> 46 | C77: ='YG IL'!C81+7.5+2 -> 47 | D77: =C77+1 -> 48 | E77: =C77-'YG IL'!C81 -> 9.5
A78: 45808 | B78: =C78-1 -> 46.5 | C78: ='YG IL'!C82+7.5+2 -> 47.5 | D78: =C78+1 -> 48.5 | E78: =C78-'YG IL'!C82 -> 9.5
A79: 45838 | B79: =C79-1 -> 46.75 | C79: ='YG IL'!C83+7.5+2 -> 47.75 | D79: =C79+1 -> 48.75 | E79: =C79-'YG IL'!C83 -> 9.5
A80: 45869 | B80: =C80-1 -> 46 | C80: ='YG IL'!C84+7.75+1 -> 47 | D80: =C80+1 -> 48 | E80: =C80-'YG IL'!C84 -> 8.75
A81: 45900 | B81: =C81-1 -> 45.5 | C81: ='YG IL'!C85+7.75+1 -> 46.5 | D81: =C81+1 -> 47.5 | E81: =C81-'YG IL'!C85 -> 8.75
A82: 45930 | B82: =C82-1 -> 45.5 | C82: ='YG IL'!C86+7.75+1 -> 46.5 | D82: =C82+1 -> 47.5 | E82: =C82-'YG IL'!C86 -> 8.75
A83: 45961 | B83: =C83-1 -> 41.25 | C83: ='YG IL'!C87+7.75+1 -> 42.25 | D83: =C83+1 -> 43.25 | E83: =C83-'YG IL'!C87 -> 8.75
A84: 45962 | B84: =C84-1 -> 40.75 | C84: ='YG IL'!C88+7.75+1 -> 41.75 | D84: =C84+1 -> 42.75 | E84: =C84-'YG IL'!C88 -> 8.75
A85: 45992 | B85: =C85-1 -> 41 | C85: ='YG IL'!C89+7.75+1 -> 42 | D85: =C85+1 -> 43 | E85: =C85-'YG IL'!C89 -> 8.75
A86: 46023 | B86: =C86-1 -> 42 | C86: ='YG IL'!C90+7.75+2 -> 43 | D86: =C86+1 -> 44 | E86: =C86-'YG IL'!C90 -> 9.75

Sheet YG Mo River
A1: Date | B1: High | C1: Forecast | D1: Low | F1: Delta to IL Market
A2: 43344 | C2: 20.1579 | F2: =C2-'YG IL'!C2 -> -1.3684
A3: 43374 | C3: 17.0761 | F3: =C3-'YG IL'!C3 -> -2.4456
A4: 43405 | C4: 16.975 | F4: =C4-'YG IL'!C4 -> -2.8
A5: 43435 | C5: 18.8553 | F5: =C5-'YG IL'!C5 -> -1.5789
A6: 43466 | C6: 19.9048 | F6: =C6-'YG IL'!C6 -> -0.9881
A7: 43497 | C7: 19.7763 | F7: =C7-'YG IL'!C7 -> -1.0658
A8: 43525 | C8: 19.25 | F8: =C8-'YG IL'!C8 -> -1.1786
A9: 43556 | C9: 19.39 | F9: =C9-'YG IL'!C9 -> -1.8362
A10: 43586 | C10: 21.3977 | F10: =C10-'YG IL'!C10 -> -1.0228
A11: 43617 | C11: 23.0125 | F11: =C11-'YG IL'!C11 -> -0.5
A12: 43647 | C12: 24.3977 | F12: =C12-'YG IL'!C12 -> -0.4659
A13: 43678 | C13: 24.6648 | F13: =C13-'YG IL'!C13 -> -0.2841
... A73: 45505 | C73: 35.8 | F73: =C73-'YG IL'!C73 -> -0.68
A74: ='YG IL'!A74 -> 45536 | C74: 34.5 | F74: =C74-'YG IL'!C74 -> -0.5
A75: ='YG IL'!A75 -> 45566 | C75: 33.5 | F75: =C75-'YG IL'!C75 -> -1.5
A76: ='YG IL'!A76 -> 45597 | C76: 33.5 | F76: =C76-'YG IL'!C76 -> -1.5
A77: ='YG IL'!A77 -> 45627 | C77: 32.6667 | F77: =C77-'YG IL'!C77 -> -1.9523
A78: ='YG IL'!A78 -> 45658 | C78: 31.45 | F78: =C78-'YG IL'!C78 -> -2.05
A79: ='YG IL'!A79 -> 45689 | C79: 33.29 | F79: =C79-'YG IL'!C79 -> -1.1
A80: ='YG IL'!A80 -> 45717 | B80: =C80+1 -> 36.5 | C80: ='YG IL'!C80-1.5-1.25+0.5+1+0.5 -> 35.5 | D80: =C80-1 -> 34.5 | F80: =C80-'YG IL'!C80 -> -0.75
A81: ='YG IL'!A81 -> 45748 | B81: =C81+1 -> 37.75 | C81: ='YG IL'!C81-1.5-1.25+0.5+1+0.5 -> 36.75 | D81: =C81-1 -> 35.75 | F81: =C81-'YG IL'!C81 -> -0.75
A82: ='YG IL'!A82 -> 45778 | B82: =C82+1 -> 38.25 | C82: ='YG IL'!C82-1.5-1.25+0.5+1+0.5 -> 37.25 | D82: =C82-1 -> 36.25 | F82: =C82-'YG IL'!C82 -> -0.75
A83: ='YG IL'!A83 -> 45809 | B83: =C83+1 -> 38.5 | C83: ='YG IL'!C83-1.5-1.25+0.5+1+0.5 -> 37.5 | D83: =C83-1 -> 36.5 | F83: =C83-'YG IL'!C83 -> -0.75
A84: ='YG IL'!A84 -> 45839 | B84: =C84+1 -> 38.5 | C84: ='YG IL'!C84-1.5-1.25+0.5+1+0.5 -> 37.5 | D84: =C84-1 -> 36.5 | F84: =C84-'YG IL'!C84 -> -0.75
A85: ='YG IL'!A85 -> 45870 | B85: =C85+1 -> 38 | C85: ='YG IL'!C85-1.5-1.25+0.5+1+0.5 -> 37 | D85: =C85-1 -> 36 | F85: =C85-'YG IL'!C85 -> -0.75
A86: ='YG IL'!A86 -> 45901 | B86: =C86+1 -> 38 | C86: ='YG IL'!C86-1.5-1.25+0.5+1+0.5 -> 37 | D86: =C86-1 -> 36 | F86: =C86-'YG IL'!C86 -> -0.75
A87: ='YG IL'!A87 -> 45931 | B87: =C87+1 -> 33.75 | C87: ='YG IL'!C87-1.5-1.25+0.5+1+0.5 -> 32.75 | D87: =C87-1 -> 31.75 | F87: =C87-'YG IL'!C87 -> -0.75
A88: ='YG IL'!A88 -> 45962 | B88: =C88+1 -> 33.25 | C88: ='YG IL'!C88-1.5-1.25+0.5+1+0.5 -> 32.25 | D88: =C88-1 -> 31.25 | F88: =C88-'YG IL'!C88 -> -0.75
A89: ='YG IL'!A89 -> 45992 | B89: =C89+1 -> 33.5 | C89: ='YG IL'!C89-1.5-1.25+0.5+1+0.5 -> 32.5 | D89: =C89-1 -> 31.5 | F89: =C89-'YG IL'!C89 -> -0.75
A90: ='YG IL'!A90 -> 46023 | B90: =C90+1 -> 33.5 | C90: ='YG IL'!C90-1.5-1.25+0.5+1+0.5 -> 32.5 | D90: =C90-1 -> 31.5 | F90: =C90-'YG IL'!C90 -> -0.75

Sheet UCO-IL
A1: Year | B1: High | C1: Forecast | D1: Low | E1: Forecast | F1: Realized
A2: 43344 | C2: 24.5 | F2: =C2 -> 24.5
A3: 43374 | C3: 24.5 | F3: =C3 -> 24.5
A4: 43405 | C4: 24.5 | F4: =C4 -> 24.5
A5: 43435 | C5: 24.5 | F5: =C5 -> 24.5
A6: 43466 | C6: 24.6667 | F6: =C6 -> 24.6667
A7: 43497 | C7: 24.5526 | F7: =C7 -> 24.5526
A8: 43525 | C8: 24.5 | F8: =C8 -> 24.5
A9: 43556 | C9: 24.5 | F9: =C9 -> 24.5
A10: 43586 | C10: 24.5 | F10: =C10 -> 24.5
A11: =DATE(YEAR(A10),MONTH(A10)+1,DAY(A10)) -> 43617 | C11: 24.6375 | F11: =C11 -> 24.6375
A12: =DATE(YEAR(A11),MONTH(A11)+1,DAY(A11)) -> 43647 | C12: 25.1818 | F12: =C12 -> 25.1818
A13: =DATE(YEAR(A12),MONTH(A12)+1,DAY(A12)) -> 43678 | C13: 25.1818 | F13: =C13 -> 25.1818
A14: =DATE(YEAR(A13),MONTH(A13)+1,DAY(A13)) -> 43709 | C14: 24.5 | F14: =C14 -> 24.5
A15: =DATE(YEAR(A14),MONTH(A14)+1,DAY(A14)) -> 43739 | C15: 24.4565 | F15: =C15 -> 24.4565
A16: =DATE(YEAR(A15),MONTH(A15)+1,DAY(A15)) -> 43770 | C16: 23.81 | F16: =C16 -> 23.81
A17: 43800 | C17: 24 | F17: =C17 -> 24
A18: 43831 | C18: 24.25 | F18: =C18 -> 24.25
A19: 43862 | C19: 25.0263 | F19: =C19 -> 25.0263
A20: 43891 | C20: 26 | F20: =C20 -> 26
A21: 43922 | C21: 26 | F21: =C21 -> 26
A22: 43952 | C22: 26 | F22: =C22 -> 26
A23: 43983 | C23: 25.5 | F23: =C23 -> 25.5
A24: 44013 | C24: 26 | F24: =C24 -> 26
A25: 44044 | C25: 24.9125 | F25: =C25 -> 24.9125
A26: 44075 | C26: 25.9 | F26: =C26 -> 25.9
A27: 44105 | C27: 26.9659 | F27: =C27 -> 26.9659
A28: 44136 | C28: 29.78 | F28: =C28 -> 29.78
... A73: 45505 | C73: 37.7 | F73: =C73 -> 37.7
A74: ='YG IL'!A74 -> 45536 | C74: 36 | F74: 36
A75: ='YG IL'!A75 -> 45566 | C75: 37.1739 | F75: 36
A76: ='YG IL'!A76 -> 45597 | C76: 37.5 | F76: 36
A77: ='YG IL'!A77 -> 45627 | C77: 37.5 | F77: 36
A78: ='YG IL'!A78 -> 45658 | C78: 40.36 | E78: 38.25
A79: ='YG IL'!A79 -> 45689 | C79: 42.5 | E79: 37.75
A80: ='YG IL'!A80 -> 45717 | B80: =C80+1 -> 44.333333 | C80: ='[18]Used Cooking Oil Complex'!$AG187 -> 43.333333 | D80: =C80-1 -> 42.333333 | E80: =C80 -> 43.333333
A81: ='YG IL'!A81 -> 45748 | B81: =C81+1 -> 43.5 | C81: ='[18]Used Cooking Oil Complex'!$AG188 -> 42.5 | D81: =C81-1 -> 41.5 | E81: =C81 -> 42.5
A82: ='YG IL'!A82 -> 45778 | B82: =C82+1 -> 40.75 | C82: ='[18]Used Cooking Oil Complex'!$AG189 -> 39.75 | D82: =C82-1 -> 38.75 | E82: =C82 -> 39.75
A83: ='YG IL'!A83 -> 45809 | B83: =C83+1 -> 43.25 | C83: ='[18]Used Cooking Oil Complex'!$AG190 -> 42.25 | D83: =C83-1 -> 41.25 | E83: =C83 -> 42.25
A84: ='YG IL'!A84 -> 45839 | B84: =C84+1 -> 42 | C84: ='[18]Used Cooking Oil Complex'!$AG191 -> 41 | D84: =C84-1 -> 40 | E84: =C84 -> 41
A85: ='YG IL'!A85 -> 45870 | B85: =C85+1 -> 41.5 | C85: ='[18]Used Cooking Oil Complex'!$AG192 -> 40.5 | D85: =C85-1 -> 39.5 | E85: =C85 -> 40.5
A86: ='YG IL'!A86 -> 45901 | B86: =C86+1 -> 40.5 | C86: ='[18]Used Cooking Oil Complex'!$AG193 -> 39.5 | D86: =C86-1 -> 38.5 | E86: =C86 -> 39.5
A87: ='YG IL'!A87 -> 45931 | B87: =C87+1 -> 47 | C87: ='[18]Used Cooking Oil Complex'!$AH182 -> 46 | D87: =C87-1 -> 45 | E87: =C87 -> 46
A88: 45962 | B88: =C88+1 -> 46.5 | C88: ='[18]Used Cooking Oil Complex'!$AH183 -> 45.5 | D88: =C88-1 -> 44.5 | E88: =C88 -> 45.5
A89: 45992 | B89: =C89+1 -> 48.5 | C89: ='[18]Used Cooking Oil Complex'!$AH184 -> 47.5 | D89: =C89-1 -> 46.5 | E89: =C89 -> 47.5
A90: ='YG IL'!A90 -> 46023 | B90: =C90+1 -> 46.75 | C90: ='[18]Used Cooking Oil Complex'!$AH185 -> 45.75 | D90: =C90-1 -> 44.75 | E90: =C90 -> 45.75

Sheet UCO- GULF (DEL)
A1: Year | B1: High | C1: Forecast | D1: Low | F1: Delta to IL Market
A2: 43344 | C2: 30.5 | F2: =C2-'UCO-IL'!C2 -> 6
A3: 43374 | C3: 30.5 | F3: =C3-'UCO-IL'!C3 -> 6
A4: 43405 | C4: 30.5 | F4: =C4-'UCO-IL'!C4 -> 6
A5: 43435 | C5: 30.5 | F5: =C5-'UCO-IL'!C5 -> 6
A6: 43466 | C6: 30.5 | F6: =C6-'UCO-IL'!C6 -> 5.8333
A7: 43497 | C7: 31 | F7: =C7-'UCO-IL'!C7 -> 6.4474
A8: 43525 | C8: 31 | F8: =C8-'UCO-IL'!C8 -> 6.5
A9: 43556 | C9: 30.5 | F9: =C9-'UCO-IL'!C9 -> 6
A10: 43586 | C10: 31.5 | F10: =C10-'UCO-IL'!C10 -> 7
A11: =DATE(YEAR(A10),MONTH(A10)+1,DAY(A10)) -> 43617 | C11: 32 | F11: =C11-'UCO-IL'!C11 -> 7.3625
A12: =DATE(YEAR(A11),MONTH(A11)+1,DAY(A11)) -> 43647 | C12: 32.5 | F12: =C12-'UCO-IL'!C12 -> 7.3182
A13: =DATE(YEAR(A12),MONTH(A12)+1,DAY(A12)) -> 43678 | C13: 32.3295 | F13: =C13-'UCO-IL'!C13 -> 7.1477
A14: =DATE(YEAR(A13),MONTH(A13)+1,DAY(A13)) -> 43709 | C14: 31.5 | F14: =C14-'UCO-IL'!C14 -> 7
A15: =DATE(YEAR(A14),MONTH(A14)+1,DAY(A14)) -> 43739 | C15: 30.75 | F15: =C15-'UCO-IL'!C15 -> 6.2935
A16: =DATE(YEAR(A15),MONTH(A15)+1,DAY(A15)) -> 43770 | C16: 30.75 | F16: =C16-'UCO-IL'!C16 -> 6.94
A17: 43800 | C17: 31 | F17: =C17-'UCO-IL'!C17 -> 7
A18: 43831 | C18: 32.1 | F18: =C18-'UCO-IL'!C18 -> 7.85
A19: 43862 | C19: 33.22 | F19: =C19-'UCO-IL'!C19 -> 8.1937
A20: 43891 | C20: 33.5 | F20: =C20-'UCO-IL'!C20 -> 7.5
A21: 43922 | C21: 32 | F21: =C21-'UCO-IL'!C21 -> 6
A22: 43952 | C22: 30.8 | F22: =C22-'UCO-IL'!C22 -> 4.8
A23: 43983 | C23: 30.5455 | F23: =C23-'UCO-IL'!C23 -> 5.0455
A24: 44013 | C24: 30.5 | F24: =C24-'UCO-IL'!C24 -> 4.5
A25: 44044 | C25: 30 | F25: =C25-'UCO-IL'!C25 -> 5.0875
A26: 44075 | C26: 32.79 | F26: =C26-'UCO-IL'!C26 -> 6.89
A27: 44105 | C27: 34.5455 | F27: =C27-'UCO-IL'!C27 -> 7.5796
A28: 44136 | C28: 36.46 | F28: =C28-'UCO-IL'!C28 -> 6.68
... A73: 45505 | C73: 45.45 | F73: =C73-'UCO-IL'!C73 -> 7.75
A74: ='YG IL'!A74 -> 45536 | C74: 44.95 | F74: =C74-'UCO-IL'!C74 -> 8.95
A75: ='YG IL'!A75 -> 45566 | C75: 45.4076 | F75: =C75-'UCO-IL'!C75 -> 8.2337
A76: ='YG IL'!A76 -> 45597 | C76: 45.3553 | F76: =C76-'UCO-IL'!C76 -> 7.8553
A77: ='YG IL'!A77 -> 45627 | C77: 45.5298 | F77: =C77-'UCO-IL'!C77 -> 8.0298
A78: ='YG IL'!A78 -> 45658 | C78: 47.67 | F78: =C78-'UCO-IL'!C78 -> 7.31
A79: ='YG IL'!A79 -> 45689 | C79: 52.51 | F79: =C79-'UCO-IL'!C79 -> 10.01
A80: ='YG IL'!A80 -> 45717 | B80: =C80+1 -> 52.333333 | C80: ='UCO-IL'!C80+8 -> 51.333333 | D80: =C80-1 -> 50.333333 | F80: =C80-'UCO-IL'!C80 -> 8
A81: ='YG IL'!A81 -> 45748 | B81: =C81+1 -> 51.5 | C81: ='UCO-IL'!C81+8 -> 50.5 | D81: =C81-1 -> 49.5 | F81: =C81-'UCO-IL'!C81 -> 8
A82: ='YG IL'!A82 -> 45778 | B82: =C82+1 -> 48.75 | C82: ='UCO-IL'!C82+8 -> 47.75 | D82: =C82-1 -> 46.75 | F82: =C82-'UCO-IL'!C82 -> 8
A83: ='YG IL'!A83 -> 45809 | B83: =C83+1 -> 51.25 | C83: ='UCO-IL'!C83+8 -> 50.25 | D83: =C83-1 -> 49.25 | F83: =C83-'UCO-IL'!C83 -> 8
A84: ='YG IL'!A84 -> 45839 | B84: =C84+1 -> 50 | C84: ='UCO-IL'!C84+8 -> 49 | D84: =C84-1 -> 48 | F84: =C84-'UCO-IL'!C84 -> 8
A85: ='YG IL'!A85 -> 45870 | B85: =C85+1 -> 49.5 | C85: ='UCO-IL'!C85+8 -> 48.5 | D85: =C85-1 -> 47.5 | F85: =C85-'UCO-IL'!C85 -> 8
A86: ='YG IL'!A86 -> 45901 | B86: =C86+1 -> 48.5 | C86: ='UCO-IL'!C86+8 -> 47.5 | D86: =C86-1 -> 46.5 | F86: =C86-'UCO-IL'!C86 -> 8
A87: ='YG IL'!A87 -> 45931 | B87: =C87+1 -> 55 | C87: ='UCO-IL'!C87+8 -> 54 | D87: =C87-1 -> 53 | F87: =C87-'UCO-IL'!C87 -> 8
A88: 45962 | B88: =C88+1 -> 54.5 | C88: ='UCO-IL'!C88+8 -> 53.5 | D88: =C88-1 -> 52.5 | F88: =C88-'UCO-IL'!C88 -> 8
A89: 45992 | B89: =C89+1 -> 56.5 | C89: ='UCO-IL'!C89+8 -> 55.5 | D89: =C89-1 -> 54.5 | F89: =C89-'UCO-IL'!C89 -> 8

Sheet PF Mid South
A1: Year | B1: High | C1: Forecast | D1: Low
A2: 43344 | C2: 24.3158
A3: 43374 | C3: 22.3587
A4: 43405 | C4: 23
A5: 43435 | C5: 24.6842
A6: 43466 | C6: 25.881
A7: 43497 | C7: 26.75
A8: 43525 | C8: 26.75
A9: 43556 | C9: 26.75
A10: 43586 | C10: 26.7159
A11: 43617 | C11: 26.5375
A12: 43647 | C12: 25.5341
A13: 43678 | C13: 25.5
... A71: 45444 | C71: 35.2105
A72: 45474 | C72: 36.64 | E72: 31.340253
A73: 45505 | C73: 38.68 | E73: 38.75
A74: ='YG IL'!A74 -> 45536 | C74: 37 | E74: 42.25
A75: ='YG IL'!A75 -> 45566 | C75: 35.89 | E75: 36
A76: ='YG IL'!A76 -> 45597 | C76: 36 | E76: 38.25
A77: ='YG IL'!A77 -> 45627 | C77: 35.64 | E77: 40.25
A78: ='YG IL'!A78 -> 45658 | C78: 35.5 | E78: 41
A79: ='YG IL'!A79 -> 45689 | C79: 37.92 | E79: 43.75
A80: ='YG IL'!A80 -> 45717 | B80: =C80+1 -> 36.5 | C80: ='[18]Poultry Byproduct Complex'!$AG326 -> 35.5 | D80: =C80-1 -> 34.5 | E80: 45
A81: ='YG IL'!A81 -> 45748 | B81: =C81+1 -> 39 | C81: ='[18]Poultry Byproduct Complex'!$AG327 -> 38 | D81: =C81-1 -> 37 | E81: 45
A82: ='YG IL'!A82 -> 45778 | B82: =C82+1 -> 38.75 | C82: ='[18]Poultry Byproduct Complex'!$AG328 -> 37.75 | D82: =C82-1 -> 36.75 | E82: 47
A83: ='YG IL'!A83 -> 45809 | B83: =C83+1 -> 40 | C83: ='[18]Poultry Byproduct Complex'!$AG329 -> 39 | D83: =C83-1 -> 38 | E83: 48
A84: ='YG IL'!A84 -> 45839 | B84: =C84+1 -> 39.5 | C84: ='[18]Poultry Byproduct Complex'!$AG330 -> 38.5 | D84: =C84-1 -> 37.5 | E84: 46.25
A85: ='YG IL'!A85 -> 45870 | B85: =C85+1 -> 38.75 | C85: ='[18]Poultry Byproduct Complex'!$AG331 -> 37.75 | D85: =C85-1 -> 36.75 | E85: 45.25
A86: ='YG IL'!A86 -> 45901 | B86: =C86+1 -> 38 | C86: ='[18]Poultry Byproduct Complex'!$AG332 -> 37 | D86: =C86-1 -> 36 | E86: 44.75
A87: ='YG IL'!A87 -> 45931 | B87: =C87+1 -> 36.25 | C87: ='[18]Poultry Byproduct Complex'!$AH321 -> 35.25 | D87: =C87-1 -> 34.25 | E87: 42.5
A88: ='YG IL'!A88 -> 45962 | B88: =C88+1 -> 36.25 | C88: ='[18]Poultry Byproduct Complex'!$AH322 -> 35.25 | D88: =C88-1 -> 34.25 | E88: 43.5
A89: ='YG IL'!A89 -> 45992 | B89: =C89+1 -> 38.75 | C89: ='[18]Poultry Byproduct Complex'!$AH323 -> 37.75 | D89: =C89-1 -> 36.75 | E89: 44.5
A90: ='YG IL'!A90 -> 46023 | B90: =C90+1 -> 37.5 | C90: ='[18]Poultry Byproduct Complex'!$AH324 -> 36.5 | D90: =C90-1 -> 35.5 | E90: 45.5

Sheet PF Carolinas
A1: Year | B1: High | C1: Forecast | D1: Low
A2: 43344 | C2: 23.8684 | F2: =C2-'PF Mid South'!C2 -> -0.4474
A3: 43374 | C3: 20.0217 | F3: =C3-'PF Mid South'!C3 -> -2.337
A4: 43405 | C4: 21.6375 | F4: =C4-'PF Mid South'!C4 -> -1.3625
A5: 43435 | C5: 24.5658 | F5: =C5-'PF Mid South'!C5 -> -0.1184
A6: 43466 | C6: 26.0714 | F6: =C6-'PF Mid South'!C6 -> 0.1904
A7: 43497 | C7: 26.5 | F7: =C7-'PF Mid South'!C7 -> -0.25
A8: 43525 | C8: 26.5 | F8: =C8-'PF Mid South'!C8 -> -0.25
A9: 43556 | C9: 26.5 | F9: =C9-'PF Mid South'!C9 -> -0.25
A10: 43586 | C10: 26.5 | F10: =C10-'PF Mid South'!C10 -> -0.2159
A11: 43617 | C11: 26.725 | F11: =C11-'PF Mid South'!C11 -> 0.1875
A12: 43647 | C12: 27.25 | F12: =C12-'PF Mid South'!C12 -> 1.7159
A13: 43678 | C13: 27.4773 | F13: =C13-'PF Mid South'!C13 -> 1.9773
... A59: 45078 | C59: 53.2381 | F59: =C59-'PF Mid South'!C59 -> 4
A60: 45108 | C60: 54.5 | F60: =C60-'PF Mid South'!C60+1.25 -> 3.975
A61: 45139 | C61: 54.8478 | F61: =C61-'PF Mid South'!C61+2 -> 3.3043
A62: 45170 | C62: 56.25 | F62: =C62-'PF Mid South'!C62+2 -> 2.5
A63: 45200 | C63: 51.3409 | F63: =C63-'PF Mid South'!C63+1 -> 3.0114
A64: 45231 | C64: 40.975 | F64: =C64-'PF Mid South'!C64 -> 2.3375
A65: 45261 | C65: 39.65 | F65: =C65-'PF Mid South'!C65 -> 1.95
A66: 45292 | C66: 39.33 | F66: =C66-'PF Mid South'!C66 -> 3.4729
A67: 45323 | C67: 39.8 | F67: =C67-'PF Mid South'!C67 -> 5.15
A68: 45352 | C68: 39.5 | F68: =C68-'PF Mid South'!C68 -> 4.925
A69: 45383 | C69: 38.08 | F69: =C69-'PF Mid South'!C69 -> 3.08
A70: 45413 | C70: 39.02 | F70: =C70-'PF Mid South'!C70 -> 4.02
A71: 45444 | C71: 40.32 | F71: =C71-'PF Mid South'!C71 -> 5.1095
A72: 45474 | C72: 41.05 | F72: =C72-'PF Mid South'!C72 -> 4.41
A73: 45505 | C73: 40.66 | F73: =C73-'PF Mid South'!C73 -> 1.98
A74: ='YG IL'!A74 -> 45536 | C74: 39.5 | F74: =C74-'PF Mid South'!C74 -> 2.5
A75: ='YG IL'!A75 -> 45566 | C75: 44.5 | F75: =C75-'PF Mid South'!C75-0.75 -> 7.86
A76: ='YG IL'!A76 -> 45597 | C76: 39.5 | F76: =C76-'PF Mid South'!D74+0.25 -> 39.75
A77: ='YG IL'!A77 -> 45627 | C77: 39.5 | F77: =C77-'PF Mid South'!C77 -> 3.86
A78: ='YG IL'!A78 -> 45658 | C78: 39.5 | F78: =C78-'PF Mid South'!C78 -> 4
A79: ='YG IL'!A79 -> 45689 | C79: 41.42 | F79: =C79-'PF Mid South'!C79 -> 3.5
A80: ='YG IL'!A80 -> 45717 | B80: =C80+1 -> 40.75 | C80: ='PF Mid South'!C80+1.25+1+0.5-0.5+2 -> 39.75 | D80: =C80-1 -> 38.75 | F80: =C80-'PF Mid South'!C80 -> 4.25
A81: ='YG IL'!A81 -> 45748 | B81: =C81+1 -> 43.25 | C81: ='PF Mid South'!C81+1.25+1+0.5-0.5+2 -> 42.25 | D81: =C81-1 -> 41.25 | F81: =C81-'PF Mid South'!C81 -> 4.25
A82: ='YG IL'!A82 -> 45778 | B82: =C82+1 -> 43.5 | C82: ='PF Mid South'!C82+1.25+1+0.5-0.5+2.5 -> 42.5 | D82: =C82-1 -> 41.5 | F82: =C82-'PF Mid South'!C82 -> 4.75
A83: ='YG IL'!A83 -> 45809 | B83: =C83+1 -> 44.75 | C83: ='PF Mid South'!C83+1.25+1+0.5-0.5+2.5 -> 43.75 | D83: =C83-1 -> 42.75 | F83: =C83-'PF Mid South'!C83 -> 4.75
A84: ='YG IL'!A84 -> 45839 | B84: =C84+1 -> 44.25 | C84: ='PF Mid South'!C84+1.25+1+0.5-0.5+2.5 -> 43.25 | D84: =C84-1 -> 42.25 | F84: =C84-'PF Mid South'!C84 -> 4.75
A85: ='YG IL'!A85 -> 45870 | B85: =C85+1 -> 43.5 | C85: ='PF Mid South'!C85+1.25+1+0.5-0.5+2.5 -> 42.5 | D85: =C85-1 -> 41.5 | F85: =C85-'PF Mid South'!C85 -> 4.75
A86: ='YG IL'!A86 -> 45901 | B86: =C86+1 -> 42.75 | C86: ='PF Mid South'!C86+1.25+1+0.5-0.5+2.5 -> 41.75 | D86: =C86-1 -> 40.75 | F86: =C86-'PF Mid South'!C86 -> 4.75
A87: ='YG IL'!A87 -> 45931 | B87: =C87+1 -> 41 | C87: ='PF Mid South'!C87+1.25+1+0.5-0.5+2.5 -> 40 | D87: =C87-1 -> 39 | F87: =C87-'PF Mid South'!C87 -> 4.75
A88: ='YG IL'!A88 -> 45962 | B88: =C88+1 -> 41 | C88: ='PF Mid South'!C88+1.25+1+0.5-0.5+2.5 -> 40 | D88: =C88-1 -> 39 | F88: =C88-'PF Mid South'!C88 -> 4.75
A89: ='YG IL'!A89 -> 45992 | B89: =C89+1 -> 43.5 | C89: ='PF Mid South'!C89+1.25+1+0.5-0.5+2.5 -> 42.5 | D89: =C89-1 -> 41.5 | F89: =C89-'PF Mid South'!C89 -> 4.75

Sheet CWG Mo River
A1: Year | B1: High | C1: Forecast | D1: Low
A2: 43282 | C2: 24.5 | F2: ='CWG Mo River'!$C2-'CWG Chicago'!C2 -> -2
A3: 43313 | C3: 24 | F3: ='CWG Mo River'!$C3-'CWG Chicago'!C3 -> -2.1304
A4: 43344 | C4: 22 | F4: ='CWG Mo River'!$C4-'CWG Chicago'!C4 -> -2.5658
A5: 43374 | C5: 21 | F5: ='CWG Mo River'!$C5-'CWG Chicago'!C5 -> -2.2717
A6: 43405 | C6: 19.5 | F6: ='CWG Mo River'!$C6-'CWG Chicago'!C6 -> -4.5
A7: 43435 | C7: 20.5 | F7: ='CWG Mo River'!$C7-'CWG Chicago'!C7 -> -3.7632
A8: 43466 | C8: 21.7 | F8: ='CWG Mo River'!$C8-'CWG Chicago'!C8 -> -3.3
A9: 43497 | C9: 21.82 | F9: ='CWG Mo River'!$C9-'CWG Chicago'!C9 -> -3.18
A10: 43525 | C10: 20.5119 | F10: ='CWG Mo River'!$C10-'CWG Chicago'!C10 -> -4.4881
A11: 43556 | C11: 21.39 | F11: ='CWG Mo River'!$C11-'CWG Chicago'!C11 -> -3.61
A12: 43586 | C12: 24.3125 | F12: ='CWG Mo River'!$C12-'CWG Chicago'!C12 -> -1.477
A13: 43617 | C13: 25.93 | F13: ='CWG Mo River'!$C13-'CWG Chicago'!C13 -> -1.47
... A75: 45505 | C75: 43.25 | F75: ='CWG Mo River'!$C75-'CWG Chicago'!C75 -> -2.6
A76: ='YG IL'!A74 -> 45536 | C76: 43.5375 | F76: ='CWG Mo River'!$C76-'CWG Chicago'!C76 -> -1.4625
A77: ='YG IL'!A75 -> 45566 | C77: 43.0326 | F77: ='CWG Mo River'!$C77-'CWG Chicago'!C77 -> -0.0544
A78: ='YG IL'!A76 -> 45597 | C78: 42.5658 | F78: ='CWG Mo River'!$C78-'CWG Chicago'!C78 -> 2.0921
A79: ='YG IL'!A77 -> 45627 | C79: 39.46 | F79: ='CWG Mo River'!$C79-'CWG Chicago'!C79 -> -1.11
A80: ='YG IL'!A78 -> 45658 | C80: 36.73 | F80: ='CWG Mo River'!$C80-'CWG Chicago'!C80 -> -5.27
A81: ='YG IL'!A79 -> 45689 | C81: 43.82 | F81: ='CWG Mo River'!$C81-'CWG Chicago'!C81 -> -5.18
A82: ='YG IL'!A80 -> 45717 | B82: =C82+1 -> 45.547619 | C82: ='CWG Chicago'!C82-2-4.5+3 -> 44.547619 | D82: =C82-1 -> 43.547619 | F82: ='CWG Mo River'!$C82-'CWG Chicago'!C82 -> -3.5
A83: ='YG IL'!A81 -> 45748 | B83: =C83+1 -> 48.5 | C83: ='CWG Chicago'!C83-2-4.5+3 -> 47.5 | D83: =C83-1 -> 46.5 | F83: ='CWG Mo River'!$C83-'CWG Chicago'!C83 -> -3.5
A84: ='YG IL'!A82 -> 45778 | B84: =C84+1 -> 51 | C84: ='CWG Chicago'!C84-2-4.5+3 -> 50 | D84: =C84-1 -> 49 | F84: ='CWG Mo River'!$C84-'CWG Chicago'!C84 -> -3.5
A85: ='YG IL'!A83 -> 45809 | B85: =C85+1 -> 52 | C85: ='CWG Chicago'!C85-2-4.5+3 -> 51 | D85: =C85-1 -> 50 | F85: ='CWG Mo River'!$C85-'CWG Chicago'!C85 -> -3.5
A86: ='YG IL'!A84 -> 45839 | B86: =C86+1 -> 51.75 | C86: ='CWG Chicago'!C86-2-4.5+3 -> 50.75 | D86: =C86-1 -> 49.75 | F86: ='CWG Mo River'!$C86-'CWG Chicago'!C86 -> -3.5
A87: ='YG IL'!A85 -> 45870 | B87: =C87+1 -> 49 | C87: ='CWG Chicago'!C87-2-4.5+3 -> 48 | D87: =C87-1 -> 47 | F87: ='CWG Mo River'!$C87-'CWG Chicago'!C87 -> -3.5
A88: ='YG IL'!A86 -> 45901 | B88: =C88+1 -> 44.5 | C88: ='CWG Chicago'!C88-2-4.5+3 -> 43.5 | D88: =C88-1 -> 42.5 | F88: ='CWG Mo River'!$C88-'CWG Chicago'!C88 -> -3.5
A89: ='YG IL'!A87 -> 45931 | B89: =C89+1 -> 44 | C89: ='CWG Chicago'!C89-2-4.5+3 -> 43 | D89: =C89-1 -> 42 | F89: ='CWG Mo River'!$C89-'CWG Chicago'!C89 -> -3.5
A90: ='YG IL'!A88 -> 45962 | B90: =C90+1 -> 47 | C90: ='CWG Chicago'!C90-2-4.5+3 -> 46 | D90: =C90-1 -> 45 | F90: ='CWG Mo River'!$C90-'CWG Chicago'!C90 -> -3.5
A91: ='YG IL'!A89 -> 45992 | B91: =C91+1 -> 47.5 | C91: ='CWG Chicago'!C91-2-4.5+3 -> 46.5 | D91: =C91-1 -> 45.5 | F91: ='CWG Mo River'!$C91-'CWG Chicago'!C91 -> -3.5
A92: ='YG IL'!A90 -> 46023 | B92: =C92+1 -> 46 | C92: ='CWG Chicago'!C92-2-4.5+3 -> 45 | D92: =C92-1 -> 44 | F92: ='CWG Mo River'!$C92-'CWG Chicago'!C92 -> -3.5

Sheet CWG Chicago
A1: Year | B1: High | C1: Forecast | D1: Low
A2: 43282 | C2: 26.5
A3: 43313 | C3: 26.1304
A4: 43344 | C4: 24.5658
A5: 43374 | C5: 23.2717
A6: 43405 | C6: 24
A7: 43435 | C7: 24.2632
A8: 43466 | C8: 25
A9: 43497 | C9: 25
A10: 43525 | C10: 25
A11: 43556 | C11: 25
A12: 43586 | C12: 25.7895
A13: 43617 | C13: 27.4
... A70: 45352 | C70: 38.2
A71: 45383 | C71: 40.6364 | E71: 32.493299
A72: 45413 | C72: 40.2955 | E72: 33.054778
A73: 45444 | C73: 43.9118 | E73: 33.382766
A74: 45474 | C74: 48.77 | E74: 34.056888
A75: 45505 | C75: 45.85 | E75: 35.731224
A76: ='YG IL'!A74 -> 45536 | C76: 45 | E76: 48.75
A77: ='YG IL'!A75 -> 45566 | C77: 43.087 | E77: 44
A78: ='YG IL'!A76 -> 45597 | C78: 40.4737 | E78: 43
A79: ='YG IL'!A77 -> 45627 | C79: 40.57 | E79: 46.75
A80: ='YG IL'!A78 -> 45658 | C80: 42 | E80: 50.5
A81: ='YG IL'!A79 -> 45689 | C81: 49 | E81: 52.75
A82: ='YG IL'!A80 -> 45717 | B82: =C82+1 -> 49.047619 | C82: ='[18]CWG Complex'!$AG221 -> 48.047619 | D82: =C82-1 -> 47.047619 | E82: 54
A83: ='YG IL'!A81 -> 45748 | B83: =C83+1 -> 52 | C83: ='[18]CWG Complex'!$AG222 -> 51 | D83: =C83-1 -> 50 | E83: 52.75
A84: ='YG IL'!A82 -> 45778 | B84: =C84+1 -> 54.5 | C84: ='[18]CWG Complex'!$AG223 -> 53.5 | D84: =C84-1 -> 52.5 | E84: 54
A85: ='YG IL'!A83 -> 45809 | B85: =C85+1 -> 55.5 | C85: ='[18]CWG Complex'!$AG224 -> 54.5 | D85: =C85-1 -> 53.5 | E85: 55
A86: ='YG IL'!A84 -> 45839 | B86: =C86+1 -> 55.25 | C86: ='[18]CWG Complex'!$AG225 -> 54.25 | D86: =C86-1 -> 53.25 | E86: 54.5
A87: ='YG IL'!A85 -> 45870 | B87: =C87+1 -> 52.5 | C87: ='[18]CWG Complex'!$AG226 -> 51.5 | D87: =C87-1 -> 50.5 | E87: 53.25
A88: ='YG IL'!A86 -> 45901 | B88: =C88+1 -> 48 | C88: ='[18]CWG Complex'!$AG227 -> 47 | D88: =C88-1 -> 46 | E88: 52.5
A89: ='YG IL'!A87 -> 45931 | B89: =C89+1 -> 47.5 | C89: ='[18]CWG Complex'!$AH216 -> 46.5 | D89: =C89-1 -> 45.5 | E89: 53.5
A90: ='YG IL'!A88 -> 45962 | B90: =C90+1 -> 50.5 | C90: ='[18]CWG Complex'!$AH217 -> 49.5 | D90: =C90-1 -> 48.5 | E90: 54.5
A91: ='YG IL'!A89 -> 45992 | B91: =C91+1 -> 51 | C91: ='[18]CWG Complex'!$AH218 -> 50 | D91: =C91-1 -> 49 | E91: 55.5
A92: ='YG IL'!A90 -> 46023 | B92: =C92+1 -> 49.5 | C92: ='[18]CWG Complex'!$AH219 -> 48.5 | D92: =C92-1 -> 47.5 | E92: 56.5

Sheet BFT Packer Chicago
A1: Year | B1: Forecast Range | C1: Forecast | D1: Low | E1: Historical data
A2: 43282 | C2: 27.5238
A3: 43313 | C3: 27.3696
A4: 43344 | C4: 24.3421
A5: 43374 | C5: 23.2174
A6: 43405 | C6: 25.4
A7: 43435 | C7: 26
A8: 43466 | C8: 26
A9: 43497 | C9: 26
A10: 43525 | C10: 26.0476
A11: 43556 | C11: 27.667
A12: 43586 | C12: 28.2841
A13: 43617 | C13: 29.25
... A31: 44166 | C31: 35.5455
A32: 44197 | C32: 39.73 | E32: =C32 -> 39.73
A33: 44228 | C33: 43.9474 | E33: =C33 -> 43.9474
A34: 44256 | C34: 50.4348 | E34: =C34 -> 50.4348
A35: 44287 | C35: 53.4762 | E35: =C35 -> 53.4762
A36: 44317 | C36: 54.95 | E36: =C36 -> 54.95
A37: 44348 | C37: 58.409 | E37: =C37 -> 58.409
A38: 44378 | C38: 61.76 | E38: =C38 -> 61.76
A39: 44409 | C39: 66.2955 | E39: =C39 -> 66.2955
A40: 44440 | C40: 62.42 | E40: =C40 -> 62.42
A41: 44470 | C41: 68.1905 | E41: =C41 -> 68.1905
A42: 44501 | C42: 65.1 | E42: =C42 -> 65.1
A43: 44531 | C43: 55.5476 | E43: =C43 -> 55.5476
... A75: 45505 | C75: 46.76 | E75: =C75 -> 46.76
A76: ='YG IL'!A74 -> 45536 | C76: 45.75 | E76: =C76 -> 45.75
A77: ='YG IL'!A75 -> 45566 | C77: 44.587 | F77: =C77 -> 44.587
A78: ='YG IL'!A76 -> 45597 | C78: 42.8158 | F78: =C78 -> 42.8158
A79: ='YG IL'!A77 -> 45627 | C79: 43.36 | F79: =C79 -> 43.36
A80: ='YG IL'!A78 -> 45658 | C80: 46.26 | F80: =C80 -> 46.26
A81: ='YG IL'!A79 -> 45689 | C81: 51.95 | F81: =C81 -> 51.95
A82: ='YG IL'!A80 -> 45717 | B82: =C82+1 -> 43.815789 | C82: ='[18]Inedible Tallow Complex'!$AG218 -> 42.815789 | D82: =C82-1 -> 41.815789 | F82: =C82 -> 42.815789
A83: ='YG IL'!A81 -> 45748 | B83: =C83+1 -> 44.357143 | C83: ='[18]Inedible Tallow Complex'!$AG219 -> 43.357143 | D83: =C83-1 -> 42.357143 | F83: =C83 -> 43.357143
A84: ='YG IL'!A82 -> 45778 | B84: =C84+1 -> 47.261905 | C84: ='[18]Inedible Tallow Complex'!$AG220 -> 46.261905 | D84: =C84-1 -> 45.261905 | F84: =C84 -> 46.261905
A85: ='YG IL'!A83 -> 45809 | B85: =C85+1 -> 52.947368 | C85: ='[18]Inedible Tallow Complex'!$AG221 -> 51.947368 | D85: =C85-1 -> 50.947368 | F85: =C85 -> 51.947368
A86: ='YG IL'!A84 -> 45839 | B86: =C86+1 -> 50.452381 | C86: ='[18]Inedible Tallow Complex'!$AG222 -> 49.452381 | D86: =C86-1 -> 48.452381 | F86: =C86 -> 49.452381
A87: ='YG IL'!A85 -> 45870 | B87: =C87+1 -> 54 | C87: ='[18]Inedible Tallow Complex'!$AG223 -> 53 | D87: =C87-1 -> 52 | F87: =C87 -> 53
A88: ='YG IL'!A86 -> 45901 | B88: =C88+1 -> 64 | C88: ='[18]Inedible Tallow Complex'!$AG224 -> 63 | D88: =C88-1 -> 62 | F88: =C88 -> 63
A89: ='YG IL'!A87 -> 45931 | B89: =C89+1 -> 50.75 | C89: ='[18]Inedible Tallow Complex'!$AH213 -> 49.75 | D89: =C89-1 -> 48.75 | F89: =C89 -> 49.75
A90: 45962 | B90: =C90+1 -> 54 | C90: ='[18]Inedible Tallow Complex'!$AH214 -> 53 | D90: =C90-1 -> 52 | F90: =C90 -> 53
A91: 45992 | B91: =C91+1 -> 55.5 | C91: ='[18]Inedible Tallow Complex'!$AH215 -> 54.5 | D91: =C91-1 -> 53.5 | F91: =C91 -> 54.5
A92: 46023 | B92: =C92+1 -> 57 | C92: ='[18]Inedible Tallow Complex'!$AH216 -> 56 | D92: =C92-1 -> 55 | F92: =C92 -> 56
B1048574: =C1048574+1 -> 1

Sheet BFT Tallow Gulf
B1: Low | C1: Mid | D1: High
A2: ='BFT Packer Chicago'!A55 -> 44896 | C2: 70.1905 | E2: =C2-'BFT Packer Chicago'!C55 -> 1.5238
A3: ='BFT Packer Chicago'!A56 -> 44927 | C3: 70.05 | E3: =C3-'BFT Packer Chicago'!C56 -> 3.15
A4: ='BFT Packer Chicago'!A57 -> 44958 | C4: 57.5526 | E4: =C4-'BFT Packer Chicago'!C57 -> -1.7369
A5: ='BFT Packer Chicago'!A58 -> 44986 | C5: 52.9565 | E5: =C5-'BFT Packer Chicago'!C58 -> -1.0218
A6: ='BFT Packer Chicago'!A59 -> 45017 | C6: 53.1053 | E6: =C6-'BFT Packer Chicago'!C59 -> 0.7369
A7: ='BFT Packer Chicago'!A60 -> 45047 | C7: 57.0795 | E7: =C7-'BFT Packer Chicago'!C60 -> 0.7613
A8: ='BFT Packer Chicago'!A61 -> 45078 | C8: 58.7381 | E8: =C8-'BFT Packer Chicago'!C61 -> -0.1667
A9: ='BFT Packer Chicago'!A62 -> 45108 | C9: 65.55 | E9: =C9-'BFT Packer Chicago'!C62 -> -0.15
A10: ='BFT Packer Chicago'!A63 -> 45139 | C10: 68.8261 | E10: =C10-'BFT Packer Chicago'!C63 -> 0.5218
A11: ='BFT Packer Chicago'!A64 -> 45170 | C11: 68.9625 | E11: =C11-'BFT Packer Chicago'!C64 -> 0.0125
A12: ='BFT Packer Chicago'!A65 -> 45200 | C12: 57.4205 | E12: =C12-'BFT Packer Chicago'!C65 -> -2.0113
A13: ='BFT Packer Chicago'!A66 -> 45231 | C13: 51.95 | E13: =C13-'BFT Packer Chicago'!C66 -> 1.075
... A23: ='BFT Packer Chicago'!A76 -> 45536 | C23: 46.125 | E23: =C23-'BFT Packer Chicago'!C76 -> 0.375
A24: ='BFT Packer Chicago'!A77 -> 45566 | C24: ='BFT Packer Chicago'!C77+3 -> 47.587 | E24: =C24-'BFT Packer Chicago'!C77 -> 3
A25: ='BFT Packer Chicago'!A78 -> 45597 | C25: ='BFT Packer Chicago'!C78-1.5 -> 41.3158 | E25: =C25-'BFT Packer Chicago'!C78 -> -1.5
A26: ='BFT Packer Chicago'!A79 -> 45627 | C26: 47.1744 | E26: =C26-'BFT Packer Chicago'!C79 -> 3.8144
A27: ='BFT Packer Chicago'!A80 -> 45658 | C27: 48.89808 | E27: =C27-'BFT Packer Chicago'!C80 -> 2.63808
A28: ='BFT Packer Chicago'!A81 -> 45689 | C28: 54.999 | E28: =C28-'BFT Packer Chicago'!C81 -> 3.049
A29: ='BFT Packer Chicago'!A82 -> 45717 | B29: =C29-1 -> 41.565789 | C29: ='BFT Packer Chicago'!C82-0.25 -> 42.565789 | D29: =C29+1 -> 43.565789 | E29: =C29-'BFT Packer Chicago'!C82 -> -0.25
A30: ='BFT Packer Chicago'!A83 -> 45748 | B30: =C30-1 -> 42.107143 | C30: ='BFT Packer Chicago'!C83-0.25 -> 43.107143 | D30: =C30+1 -> 44.107143 | E30: =C30-'BFT Packer Chicago'!C83 -> -0.25
A31: ='BFT Packer Chicago'!A84 -> 45778 | B31: =C31-1 -> 44.761905 | C31: ='BFT Packer Chicago'!C84-0.5 -> 45.761905 | D31: =C31+1 -> 46.761905 | E31: =C31-'BFT Packer Chicago'!C84 -> -0.5
A32: ='BFT Packer Chicago'!A85 -> 45809 | B32: =C32-1 -> 50.197368 | C32: ='BFT Packer Chicago'!C85-0.75 -> 51.197368 | D32: =C32+1 -> 52.197368 | E32: =C32-'BFT Packer Chicago'!C85 -> -0.75
A33: ='BFT Packer Chicago'!A86 -> 45839 | B33: =C33-1 -> 47.702381 | C33: ='BFT Packer Chicago'!C86-0.75 -> 48.702381 | D33: =C33+1 -> 49.702381 | E33: =C33-'BFT Packer Chicago'!C86 -> -0.75
A34: ='BFT Packer Chicago'!A87 -> 45870 | B34: =C34-1 -> 51.25 | C34: ='BFT Packer Chicago'!C87-0.75 -> 52.25 | D34: =C34+1 -> 53.25 | E34: =C34-'BFT Packer Chicago'!C87 -> -0.75
A35: ='BFT Packer Chicago'!A88 -> 45901 | B35: =C35-1 -> 61.25 | C35: ='BFT Packer Chicago'!C88-0.75 -> 62.25 | D35: =C35+1 -> 63.25 | E35: =C35-'BFT Packer Chicago'!C88 -> -0.75
A36: ='BFT Packer Chicago'!A89 -> 45931 | B36: =C36-1 -> 48 | C36: ='BFT Packer Chicago'!C89-0.75 -> 49 | D36: =C36+1 -> 50 | E36: =C36-'BFT Packer Chicago'!C89 -> -0.75
A37: ='BFT Packer Chicago'!A90 -> 45962 | B37: =C37-1 -> 51.25 | C37: ='BFT Packer Chicago'!C90-0.75 -> 52.25 | D37: =C37+1 -> 53.25 | E37: =C37-'BFT Packer Chicago'!C90 -> -0.75
A38: ='BFT Packer Chicago'!A91 -> 45992 | B38: =C38-1 -> 52.75 | C38: ='BFT Packer Chicago'!C91-0.75 -> 53.75 | D38: =C38+1 -> 54.75 | E38: =C38-'BFT Packer Chicago'!C91 -> -0.75
A39: ='BFT Packer Chicago'!A92 -> 46023 | B39: =C39-1 -> 54.25 | C39: ='BFT Packer Chicago'!C92-0.75 -> 55.25 | D39: =C39+1 -> 56.25 | E39: =C39-'BFT Packer Chicago'!C92 -> -0.75

Sheet BFT Ren Chi
A1: Year | B1: High | C1: Forecast | D1: Low
A2: 43282 | C2: 28.6429 | F2: =C2-'BFT Packer Chicago'!C2 -> 1.1191
A3: 43313 | C3: 28.3913 | F3: =C3-'BFT Packer Chicago'!C3 -> 1.0217
A4: 43344 | C4: 25.8158 | F4: =C4-'BFT Packer Chicago'!C4 -> 1.4737
A5: 43374 | C5: 24.3261 | F5: =C5-'BFT Packer Chicago'!C5 -> 1.1087
A6: 43405 | C6: 26.275 | F6: =C6-'BFT Packer Chicago'!C6 -> 0.875
A7: 43435 | C7: 27 | F7: =C7-'BFT Packer Chicago'!C7 -> 1
A8: 43466 | C8: 27 | F8: =C8-'BFT Packer Chicago'!C8 -> 1
A9: 43497 | C9: 27 | F9: =C9-'BFT Packer Chicago'!C9 -> 1
A10: 43525 | C10: 27 | F10: =C10-'BFT Packer Chicago'!C10 -> 0.9524
A11: 43556 | C11: 28.54 | F11: =C11-'BFT Packer Chicago'!C11 -> 0.873
A12: 43586 | C12: 29 | F12: =C12-'BFT Packer Chicago'!C12 -> 0.7159
A13: 43617 | C13: 30 | F13: =C13-'BFT Packer Chicago'!C13 -> 0.75
... A75: 45505 | C75: 49.77 | F75: =C75-'BFT Packer Chicago'!C75 -> 3.01
A76: ='YG IL'!A74 -> 45536 | C76: 48.75 | F76: =C76-'BFT Packer Chicago'!C76 -> 3
A77: ='YG IL'!A75 -> 45566 | C77: 46.087 | F77: =C77-'BFT Packer Chicago'!C77 -> 1.5
A78: ='YG IL'!A76 -> 45597 | C78: 43.8289 | F78: =C78-'BFT Packer Chicago'!C78 -> 1.0131
A79: ='YG IL'!A77 -> 45627 | C79: 43 | F79: =C79-'BFT Packer Chicago'!C79 -> -0.36
A80: ='YG IL'!A78 -> 45658 | C80: 47.95 | F80: =C80-'BFT Packer Chicago'!C80 -> 1.69
A81: ='YG IL'!A79 -> 45689 | C81: 54.11 | F81: =C81-'BFT Packer Chicago'!C81 -> 2.16
A82: ='YG IL'!A80 -> 45717 | B82: =C82+1 -> 46.065789 | C82: ='BFT Packer Chicago'!C82+1+0.5-1+3-0.75-0.75-1.25+1.5 -> 45.065789 | D82: =C82-1 -> 44.065789 | F82: =C82-'BFT Packer Chicago'!C82 -> 2.25
A83: ='YG IL'!A81 -> 45748 | B83: =C83+1 -> 46.607143 | C83: ='BFT Packer Chicago'!C83+1+0.5-1+3-0.75-0.75-1.25+1.25+0.25 -> 45.607143 | D83: =C83-1 -> 44.607143 | F83: =C83-'BFT Packer Chicago'!C83 -> 2.25
A84: ='YG IL'!A82 -> 45778 | B84: =C84+1 -> 49.511905 | C84: ='BFT Packer Chicago'!C84+1+0.5-1+3-0.75-0.75-1.25+1+0.5 -> 48.511905 | D84: =C84-1 -> 47.511905 | F84: =C84-'BFT Packer Chicago'!C84 -> 2.25
A85: ='YG IL'!A83 -> 45809 | B85: =C85+1 -> 55.197368 | C85: ='BFT Packer Chicago'!C85+1+0.5-1+3-0.75-0.75-1.25+1.5 -> 54.197368 | D85: =C85-1 -> 53.197368 | F85: =C85-'BFT Packer Chicago'!C85 -> 2.25
A86: ='YG IL'!A84 -> 45839 | B86: =C86+1 -> 52.702381 | C86: ='BFT Packer Chicago'!C86+1+0.5-1+3-0.75-0.75-1.25+1.75-0.25 -> 51.702381 | D86: =C86-1 -> 50.702381 | F86: =C86-'BFT Packer Chicago'!C86 -> 2.25
A87: ='YG IL'!A85 -> 45870 | B87: =C87+1 -> 56.25 | C87: ='BFT Packer Chicago'!C87+1+0.5-1+3-0.75-0.75-1.25+1.75-0.25 -> 55.25 | D87: =C87-1 -> 54.25 | F87: =C87-'BFT Packer Chicago'!C87 -> 2.25
A88: ='YG IL'!A86 -> 45901 | B88: =C88+1 -> 66.25 | C88: ='BFT Packer Chicago'!C88+1+0.5-1+3-0.75-0.75-1.25+1.75-0.25 -> 65.25 | D88: =C88-1 -> 64.25 | F88: =C88-'BFT Packer Chicago'!C88 -> 2.25
A89: ='YG IL'!A87 -> 45931 | B89: =C89+1 -> 53 | C89: ='BFT Packer Chicago'!C89+1+0.5-1+3-0.75-0.75-1.25+1.75-0.25 -> 52 | D89: =C89-1 -> 51 | F89: =C89-'BFT Packer Chicago'!C89 -> 2.25
A90: ='YG IL'!A88 -> 45962 | B90: =C90+1 -> 56.25 | C90: ='BFT Packer Chicago'!C90+1+0.5-1+3-0.75-0.75-1.25+1.75-0.25 -> 55.25 | D90: =C90-1 -> 54.25 | F90: =C90-'BFT Packer Chicago'!C90 -> 2.25
A91: ='YG IL'!A89 -> 45992 | B91: =C91+1 -> 57.75 | C91: ='BFT Packer Chicago'!C91+1+0.5-1+3-0.75-0.75-1.25+1.75-0.25 -> 56.75 | D91: =C91-1 -> 55.75 | F91: =C91-'BFT Packer Chicago'!C91 -> 2.25
A92: ='YG IL'!A90 -> 46023 | B92: =C92+1 -> 59.25 | C92: ='BFT Packer Chicago'!C92+1+0.5-1+3-0.75-0.75-1.25+1.75-0.25 -> 58.25 | D92: =C92-1 -> 57.25 | F92: =C92-'BFT Packer Chicago'!C92 -> 2.25

Sheet BFT Ren River
A1: Year | B1: High | C1: Forecast | D1: Low
A2: 43282 | C2: 26.1429 | F2: =C2-'BFT Ren Chi'!C2 -> -2.5
A3: 43313 | C3: 25.8913 | F3: =C3-'BFT Ren Chi'!C3 -> -2.5
A4: 43344 | C4: 23.3158 | F4: =C4-'BFT Ren Chi'!C4 -> -2.5
A5: 43374 | C5: 21.8261 | F5: =C5-'BFT Ren Chi'!C5 -> -2.5
A6: 43405 | C6: 23.775 | F6: =C6-'BFT Ren Chi'!C6 -> -2.5
A7: 43435 | C7: 24.5 | F7: =C7-'BFT Ren Chi'!C7 -> -2.5
A8: 43466 | C8: 24.5 | F8: =C8-'BFT Ren Chi'!C8 -> -2.5
A9: 43497 | C9: 24.5 | F9: =C9-'BFT Ren Chi'!C9 -> -2.5
A10: 43525 | C10: 24.5 | F10: =C10-'BFT Ren Chi'!C10 -> -2.5
A11: 43556 | C11: 26.0476 | F11: =C11-'BFT Ren Chi'!C11 -> -2.4924
A12: 43586 | C12: 26.5227 | F12: =C12-'BFT Ren Chi'!C12 -> -2.4773
A13: 43617 | C13: 27.5 | F13: =C13-'BFT Ren Chi'!C13 -> -2.5
... A35: 44287 | C35: 51.5952 | F35: =C35-'BFT Ren Chi'!C35 -> -2.5
A36: 44317 | C36: ='BFT Ren Chi'!C36-2.5 -> 52.8 | F36: =C36-'BFT Ren Chi'!C36 -> -2.5
A37: 44348 | C37: ='BFT Ren Chi'!C37-2.5 -> 57.2273 | F37: =C37-'BFT Ren Chi'!C37 -> -2.5
A38: 44378 | C38: 58.83 | F38: =C38-'BFT Ren Chi'!C38 -> -3.65
A39: 44409 | C39: ='BFT Ren Chi'!C39-2.5 -> 64.75 | F39: =C39-'BFT Ren Chi'!C39 -> -2.5
A40: 44440 | C40: ='BFT Ren Chi'!C40-2.5 -> 67.62 | F40: =C40-'BFT Ren Chi'!C40 -> -2.5
A41: 44470 | C41: 67.4286 | F41: =C41-'BFT Ren Chi'!C41 -> -2.5
A42: 44501 | C42: 66.725 | F42: =C42-'BFT Ren Chi'!C42 -> -2.5
A43: 44531 | C43: 57.2143 | F43: =C43-'BFT Ren Chi'!C43 -> -2.5
A44: 44562 | C44: 64.5 | F44: =C44-'BFT Ren Chi'!C44 -> -2.5
A45: 44593 | C45: 69.5263 | F45: =C45-'BFT Ren Chi'!C45 -> -2.5
A46: 44621 | C46: 72.1739 | F46: =C46-'BFT Ren Chi'!C46 -> -2.5
A47: 44652 | C47: 73.1 | F47: =C47-'BFT Ren Chi'!C47 -> -2.5
A48: 44682 | C48: 78.5 | F48: =C48-'BFT Ren Chi'!C48 -> -2.5
A49: 44713 | C49: 79.2619 | F49: =C49-'BFT Ren Chi'!C49 -> -2.5
A50: 44743 | C50: 79.5 | F50: =C50-'BFT Ren Chi'!C50 -> -2.5
A51: 44774 | C51: 79.5 | F51: =C51-'BFT Ren Chi'!C51 -> -2.5
A52: 44805 | C52: 75.119 | F52: =C52-'BFT Ren Chi'!C52 -> -2.5
... A60: 45047 | C60: 54.5 | F60: =C60-'BFT Ren Chi'!C60 -> -2.5
A61: 45078 | C61: 56.7857 | F61: =C61-'BFT Ren Chi'!C61-0.5 -> -3
A62: 45108 | C62: 63.6 | F62: =C62-'BFT Ren Chi'!C62 -> -2.5
A63: 45139 | C63: 66.5435 | F63: =C63-'BFT Ren Chi'!C63 -> -2.5
A64: 45170 | C64: 67.775 | F64: =C64-'BFT Ren Chi'!C64 -> -2.5
A65: 45200 | C65: 59.8636 | F65: =C65-'BFT Ren Chi'!C65 -> -2.5
A66: 45231 | C66: 50.4 | F66: =C66-'BFT Ren Chi'!C66 -> -2.5
A67: 45261 | C67: 44.3947 | F67: =C67-'BFT Ren Chi'!C67 -> -2.5
A68: 45292 | C68: 40.9286 | F68: =C68-'BFT Ren Chi'!C68 -> -2.5
A69: 45323 | C69: 39.5375 | F69: =C69-'BFT Ren Chi'!C69 -> -2.5
A70: 45352 | C70: 41.7625 | F70: =C70-'BFT Ren Chi'!C70 -> -2.5
A71: 45383 | C71: 42.5 | F71: =C71-'BFT Ren Chi'!C71 -> -2.5
A72: 45413 | C72: 42.5 | F72: =C72-'BFT Ren Chi'!C72 -> -2.5
A73: 45444 | C73: 46.6053 | F73: =C73-'BFT Ren Chi'!C73 -> -2.5
... A75: 45505 | C75: 47.27 | F75: =C75-'BFT Ren Chi'!C75 -> -2.5
A76: ='YG IL'!A74 -> 45536 | C76: 46.25 | F76: =C76-'BFT Ren Chi'!C76 -> -2.5
A77: ='YG IL'!A75 -> 45566 | C77: 43.587 | F77: =C77-'BFT Ren Chi'!C77 -> -2.5
A78: ='YG IL'!A76 -> 45597 | C78: 41.3289 | F78: =C78-'BFT Ren Chi'!C78 -> -2.5
A79: ='YG IL'!A77 -> 45627 | C79: 40.5 | F79: =C79-'BFT Ren Chi'!C79 -> -2.5
A80: ='YG IL'!A78 -> 45658 | C80: 45.45 | F80: =C80-'BFT Ren Chi'!C80 -> -2.5
A81: ='YG IL'!A79 -> 45689 | C81: 51.61 | F81: =C81-'BFT Ren Chi'!C81 -> -2.5
A82: ='YG IL'!A80 -> 45717 | B82: =C82+1 -> 43.565789 | C82: ='BFT Ren Chi'!C82-2.5+1-0.5-0.5-0.5+0.5+1.5-1.5 -> 42.565789 | D82: =C82-1 -> 41.565789 | F82: =C82-'BFT Ren Chi'!C82 -> -2.5
A83: ='YG IL'!A81 -> 45748 | B83: =C83+1 -> 44.107143 | C83: ='BFT Ren Chi'!C83-2.5+1-0.5-0.5-0.5+0.5+0.5-0.5 -> 43.107143 | D83: =C83-1 -> 42.107143 | F83: =C83-'BFT Ren Chi'!C83 -> -2.5
A84: ='YG IL'!A82 -> 45778 | B84: =C84+1 -> 47.011905 | C84: ='BFT Ren Chi'!C84-2.5+1-0.5-0.5-0.5+0.5+0.5-0.5 -> 46.011905 | D84: =C84-1 -> 45.011905 | F84: =C84-'BFT Ren Chi'!C84 -> -2.5
A85: ='YG IL'!A83 -> 45809 | B85: =C85+1 -> 52.697368 | C85: ='BFT Ren Chi'!C85-2.5+1-0.5-0.5-0.5+0.5+0.5-0.5 -> 51.697368 | D85: =C85-1 -> 50.697368 | F85: =C85-'BFT Ren Chi'!C85 -> -2.5
A86: ='YG IL'!A84 -> 45839 | B86: =C86+1 -> 50.202381 | C86: ='BFT Ren Chi'!C86-2.5+1-0.5-0.5-0.5+0.5+0.5-0.5 -> 49.202381 | D86: =C86-1 -> 48.202381 | F86: =C86-'BFT Ren Chi'!C86 -> -2.5
A87: ='YG IL'!A85 -> 45870 | B87: =C87+1 -> 53.75 | C87: ='BFT Ren Chi'!C87-2.5+1-0.5-0.5-0.5+0.5+0.5-0.5 -> 52.75 | D87: =C87-1 -> 51.75 | F87: =C87-'BFT Ren Chi'!C87 -> -2.5
A88: ='YG IL'!A86 -> 45901 | B88: =C88+1 -> 63.75 | C88: ='BFT Ren Chi'!C88-2.5+1-0.5-0.5-0.5+0.5+0.5-0.5 -> 62.75 | D88: =C88-1 -> 61.75 | F88: =C88-'BFT Ren Chi'!C88 -> -2.5
A89: ='YG IL'!A87 -> 45931 | B89: =C89+1 -> 50.5 | C89: ='BFT Ren Chi'!C89-2.5+1-0.5-0.5-0.5+0.5+0.5-0.5 -> 49.5 | D89: =C89-1 -> 48.5 | F89: =C89-'BFT Ren Chi'!C89 -> -2.5
A90: ='YG IL'!A88 -> 45962 | B90: =C90+1 -> 53.75 | C90: ='BFT Ren Chi'!C90-2.5+1-0.5-0.5-0.5+0.5+0.5-0.5 -> 52.75 | D90: =C90-1 -> 51.75 | F90: =C90-'BFT Ren Chi'!C90 -> -2.5
A91: ='YG IL'!A89 -> 45992 | B91: =C91+1 -> 55.25 | C91: ='BFT Ren Chi'!C91-2.5+1-0.5-0.5-0.5+0.5+0.5-0.5 -> 54.25 | D91: =C91-1 -> 53.25 | F91: =C91-'BFT Ren Chi'!C91 -> -2.5
A92: ='YG IL'!A90 -> 46023 | B92: =C92+1 -> 56.75 | C92: ='BFT Ren Chi'!C92-2.5+1-0.5-0.5-0.5+0.5+0.5-0.5 -> 55.75 | D92: =C92-1 -> 54.75 | F92: =C92-'BFT Ren Chi'!C92 -> -2.5

Sheet Tech Tallow Chi
A1: Year | B1: High | C1: Forecast | D1: Low | F1: BFT Packer | G1: BFT Ren
A2: 43282 | C2: 32.2647 | F2: =C2-'BFT Packer Chicago'!C2 -> 4.7409 | G2: =C2-'BFT Ren Chi'!C2 -> 3.6218 | H2: =F2-G2 -> 1.1191
A3: 43313 | C3: 32 | F3: =C3-'BFT Packer Chicago'!C3 -> 4.6304 | G3: =C3-'BFT Ren Chi'!C3 -> 3.6087 | H3: =F3-G3 -> 1.0217
A4: 43344 | C4: 31.1053 | F4: =C4-'BFT Packer Chicago'!C4 -> 6.7632 | G4: =C4-'BFT Ren Chi'!C4 -> 5.2895 | H4: =F4-G4 -> 1.4737
A5: 43374 | C5: 30.5978 | F5: =C5-'BFT Packer Chicago'!C5 -> 7.3804 | G5: =C5-'BFT Ren Chi'!C5 -> 6.2717 | H5: =F5-G5 -> 1.1087
A6: 43405 | C6: 33.5 | F6: =C6-'BFT Packer Chicago'!C6 -> 8.1 | G6: =C6-'BFT Ren Chi'!C6 -> 7.225 | H6: =F6-G6 -> 0.875
A7: 43435 | C7: 32.97 | F7: =C7-'BFT Packer Chicago'!C7 -> 6.97 | G7: =C7-'BFT Ren Chi'!C7 -> 5.97 | H7: =F7-G7 -> 1
A8: 43466 | C8: 31.5 | F8: =C8-'BFT Packer Chicago'!C8 -> 5.5 | G8: =C8-'BFT Ren Chi'!C8 -> 4.5 | H8: =F8-G8 -> 1
A9: 43497 | C9: 29.375 | F9: =C9-'BFT Packer Chicago'!C9 -> 3.375 | G9: =C9-'BFT Ren Chi'!C9 -> 2.375 | H9: =F9-G9 -> 1
A10: 43525 | C10: 30.5 | F10: =C10-'BFT Packer Chicago'!C10 -> 4.4524 | G10: =C10-'BFT Ren Chi'!C10 -> 3.5 | H10: =F10-G10 -> 0.9524
A11: 43556 | C11: 31.69 | F11: =C11-'BFT Packer Chicago'!C11 -> 4.023 | G11: =C11-'BFT Ren Chi'!C11 -> 3.15 | H11: =F11-G11 -> 0.873
A12: 43586 | C12: 33.55 | F12: =C12-'BFT Packer Chicago'!C12 -> 5.2659 | G12: =C12-'BFT Ren Chi'!C12 -> 4.55 | H12: =F12-G12 -> 0.7159
A13: 43617 | C13: 34 | F13: =C13-'BFT Packer Chicago'!C13 -> 4.75 | G13: =C13-'BFT Ren Chi'!C13 -> 4 | H13: =F13-G13 -> 0.75
... A67: 45261 | C67: 49.5375 | F67: =C67-'BFT Packer Chicago'!C67 -> 4.4875 | G67: =C67-'BFT Ren Chi'!C67 -> 2.6428 | H67: =F67-G67 -> 1.8447
A68: 45292 | C68: 48 | F68: =C68-'BFT Packer Chicago'!C68 -> 6.5714 | G68: =C68-'BFT Ren Chi'!C68 -> 4.5714 | H68: =F68-G68 -> 2 | J68: ='BFT Packer Chicago'!C68 -> 41.4286 | K68: =C68-J68 -> 6.5714 | M68: ='BFT Ren Chi'!C68 -> 43.4286 | N68: =C68-M68 -> 4.5714 | P68: ='BFT Ren River'!C68 -> 40.9286 | Q68: =C68-P68 -> 7.0714
A69: 45323 | C69: 49.7 | F69: =C69-'BFT Packer Chicago'!C69 -> 9.1 | G69: =C69-'BFT Ren Chi'!C69 -> 7.6625 | H69: =F69-G69 -> 1.4375 | J69: ='BFT Packer Chicago'!C69 -> 40.6 | K69: =C69-J69 -> 9.1 | M69: ='BFT Ren Chi'!C69 -> 42.0375 | N69: =C69-M69 -> 7.6625 | P69: ='BFT Ren River'!C69 -> 39.5375 | Q69: =C69-P69 -> 10.1625
A70: 45352 | C70: 50.25 | F70: =C70-'BFT Packer Chicago'!C70 -> 8.6 | G70: =C70-'BFT Ren Chi'!C70 -> 5.9875 | H70: =F70-G70 -> 2.6125 | J70: ='BFT Packer Chicago'!C70 -> 41.65 | K70: =C70-J70 -> 8.6 | M70: ='BFT Ren Chi'!C70 -> 44.2625 | N70: =C70-M70 -> 5.9875 | P70: ='BFT Ren River'!C70 -> 41.7625 | Q70: =C70-P70 -> 8.4875
A71: 45383 | C71: 50.5 | F71: =C71-'BFT Packer Chicago'!C71 -> 8.7727 | G71: =C71-'BFT Ren Chi'!C71 -> 5.5 | H71: =F71-G71 -> 3.2727 | J71: ='BFT Packer Chicago'!C71 -> 41.7273 | K71: =C71-J71 -> 8.7727 | M71: ='BFT Ren Chi'!C71 -> 45 | N71: =C71-M71 -> 5.5 | P71: ='BFT Ren River'!C71 -> 42.5 | Q71: =C71-P71 -> 8
A72: 45413 | C72: 47.66 | F72: =C72-'BFT Packer Chicago'!C72 -> 5.8645 | G72: =C72-'BFT Ren Chi'!C72 -> 2.66 | H72: =F72-G72 -> 3.2045 | J72: ='BFT Packer Chicago'!C72 -> 41.7955 | K72: =C72-J72 -> 5.8645 | M72: ='BFT Ren Chi'!C72 -> 45 | N72: =C72-M72 -> 2.66 | P72: ='BFT Ren River'!C72 -> 42.5 | Q72: =C72-P72 -> 5.16
A73: 45444 | C73: 50.85 | F73: =C73-'BFT Packer Chicago'!C73 -> 3.6395 | G73: =C73-'BFT Ren Chi'!C73 -> 1.7447 | H73: =F73-G73 -> 1.8948 | J73: ='BFT Packer Chicago'!C73 -> 47.2105 | K73: =C73-J73 -> 3.6395 | M73: ='BFT Ren Chi'!C73 -> 49.1053 | N73: =C73-M73 -> 1.7447 | P73: ='BFT Ren River'!C73 -> 46.6053 | Q73: =C73-P73 -> 4.2447
A74: 45474 | C74: 54.98 | F74: =C74-'BFT Packer Chicago'!C74 -> 3.98 | G74: =C74-'BFT Ren Chi'!C74 -> 1.98 | H74: =F74-G74 -> 2 | I74: Pack - Chi | J74: ='BFT Packer Chicago'!C74 -> 51 | K74: =C74-J74 -> 3.98 | L74: Ren - Chi | M74: ='BFT Ren Chi'!C74 -> 53 | N74: =C74-M74 -> 1.98 | O74: BFT Ren Riv | P74: ='BFT Ren River'!C74 -> 50.5 | Q74: =C74-P74 -> 4.48
A75: 45505 | C75: 51.48 | F75: =C75-'BFT Packer Chicago'!C75 -> 4.72 | G75: =C75-'BFT Ren Chi'!C75 -> 1.71 | H75: =F75-G75 -> 3.01 | J75: ='BFT Packer Chicago'!C75 -> 46.76 | K75: =C75-J75 -> 4.72 | M75: ='BFT Ren Chi'!C75 -> 49.77 | N75: =C75-M75 -> 1.71 | P75: ='BFT Ren River'!C75 -> 47.27 | Q75: =C75-P75 -> 4.21
A76: ='YG IL'!A74 -> 45536 | C76: 51 | F76: =C76-'BFT Packer Chicago'!C76 -> 5.25 | G76: =C76-'BFT Ren Chi'!C76 -> 2.25 | H76: =F76-G76 -> 3 | J76: ='BFT Packer Chicago'!C76 -> 45.75 | K76: =C76-J76 -> 5.25 | M76: ='BFT Ren Chi'!C76 -> 48.75 | N76: =C76-M76 -> 2.25 | P76: ='BFT Ren River'!C76 -> 46.25 | Q76: =C76-P76 -> 4.75
A77: ='YG IL'!A75 -> 45566 | C77: 49.413 | F77: =C77-'BFT Packer Chicago'!C77 -> 4.826 | G77: =C77-'BFT Ren Chi'!C77 -> 3.326 | H77: =F77-G77 -> 1.5 | J77: ='BFT Packer Chicago'!C77 -> 44.587 | K77: =C77-J77 -> 4.826 | M77: ='BFT Ren Chi'!C77 -> 46.087 | N77: =C77-M77 -> 3.326 | P77: ='BFT Ren River'!C77 -> 43.587 | Q77: =C77-P77 -> 5.826
A78: ='YG IL'!A76 -> 45597 | C78: 48 | F78: =C78-'BFT Packer Chicago'!C78 -> 5.1842 | G78: =C78-'BFT Ren Chi'!C78 -> 4.1711 | H78: =F78-G78 -> 1.0131 | J78: ='BFT Packer Chicago'!C78 -> 42.8158 | K78: =C78-J78 -> 5.1842 | M78: ='BFT Ren Chi'!C78 -> 43.8289 | N78: =C78-M78 -> 4.1711 | P78: ='BFT Ren River'!C78 -> 41.3289 | Q78: =C78-P78 -> 6.6711
A79: ='YG IL'!A77 -> 45627 | C79: 48 | F79: =C79-'BFT Packer Chicago'!C79 -> 4.64 | G79: =C79-'BFT Ren Chi'!C79 -> 5 | H79: =F79-G79 -> -0.36 | J79: ='BFT Packer Chicago'!C79 -> 43.36 | K79: =C79-J79 -> 4.64 | M79: ='BFT Ren Chi'!C79 -> 43 | N79: =C79-M79 -> 5 | P79: ='BFT Ren River'!C79 -> 40.5 | Q79: =C79-P79 -> 7.5
A80: ='YG IL'!A78 -> 45658 | C80: 49.71 | F80: =C80-'BFT Packer Chicago'!C80 -> 3.45 | G80: =C80-'BFT Ren Chi'!C80 -> 1.76 | H80: =F80-G80 -> 1.69 | J80: ='BFT Packer Chicago'!C80 -> 46.26 | K80: =C80-J80 -> 3.45 | M80: ='BFT Ren Chi'!C80 -> 47.95 | N80: =C80-M80 -> 1.76 | P80: ='BFT Ren River'!C80 -> 45.45 | Q80: =C80-P80 -> 4.26
A81: ='YG IL'!A79 -> 45689 | C81: 54.11 | F81: =C81-'BFT Packer Chicago'!C81 -> 2.16 | G81: =C81-'BFT Ren Chi'!C81 -> 0 | H81: =F81-G81 -> 2.16 | J81: ='BFT Packer Chicago'!C81 -> 51.95 | K81: =C81-J81 -> 2.16 | M81: ='BFT Ren Chi'!C81 -> 54.11 | N81: =C81-M81 -> 0 | P81: ='BFT Ren River'!C81 -> 51.61 | Q81: =C81-P81 -> 2.5
A82: ='YG IL'!A80 -> 45717 | B82: =C82+1 -> 50.315789 | C82: ='BFT Packer Chicago'!C82+6.5+5-2-2+2.5-3+0.5-1 -> 49.315789 | D82: =C82-1 -> 48.315789 | F82: =C82-'BFT Packer Chicago'!C82 -> 6.5 | G82: =C82-'BFT Ren Chi'!C82 -> 4.25 | H82: =F82-G82 -> 2.25 | J82: ='BFT Packer Chicago'!C82 -> 42.815789 | K82: =C82-J82 -> 6.5 | M82: ='BFT Ren Chi'!C82 -> 45.065789 | N82: =C82-M82 -> 4.25 | P82: ='BFT Ren River'!C82 -> 42.565789 | Q82: =C82-P82 -> 6.75
A83: ='YG IL'!A81 -> 45748 | B83: =C83+1 -> 51.607143 | C83: ='BFT Packer Chicago'!C83+6.5+5-2-2+2.5-2-0.25-0.5 -> 50.607143 | D83: =C83-1 -> 49.607143 | F83: =C83-'BFT Packer Chicago'!C83 -> 7.25 | G83: =C83-'BFT Ren Chi'!C83 -> 5 | H83: =F83-G83 -> 2.25 | J83: ='BFT Packer Chicago'!C83 -> 43.357143 | K83: =C83-J83 -> 7.25 | M83: ='BFT Ren Chi'!C83 -> 45.607143 | N83: =C83-M83 -> 5 | P83: ='BFT Ren River'!C83 -> 43.107143 | Q83: =C83-P83 -> 7.5
A84: ='YG IL'!A82 -> 45778 | B84: =C84+1 -> 55.011905 | C84: ='BFT Packer Chicago'!C84+6.5+5-2-2+2.5+3-4-2+0.75 -> 54.011905 | D84: =C84-1 -> 53.011905 | F84: =C84-'BFT Packer Chicago'!C84 -> 7.75 | G84: =C84-'BFT Ren Chi'!C84 -> 5.5 | H84: =F84-G84 -> 2.25 | J84: ='BFT Packer Chicago'!C84 -> 46.261905 | K84: =C84-J84 -> 7.75 | M84: ='BFT Ren Chi'!C84 -> 48.511905 | N84: =C84-M84 -> 5.5 | P84: ='BFT Ren River'!C84 -> 46.011905 | Q84: =C84-P84 -> 8
A85: ='YG IL'!A83 -> 45809 | B85: =C85+1 -> 60.697368 | C85: ='BFT Packer Chicago'!C85+6.5+5-2-2+2.5-3+0.75 -> 59.697368 | D85: =C85-1 -> 58.697368 | F85: =C85-'BFT Packer Chicago'!C85 -> 7.75 | G85: =C85-'BFT Ren Chi'!C85 -> 5.5 | H85: =F85-G85 -> 2.25 | J85: ='BFT Packer Chicago'!C85 -> 51.947368 | K85: =C85-J85 -> 7.75 | M85: ='BFT Ren Chi'!C85 -> 54.197368 | N85: =C85-M85 -> 5.5 | P85: ='BFT Ren River'!C85 -> 51.697368 | Q85: =C85-P85 -> 8
A86: ='YG IL'!A84 -> 45839 | B86: =C86+1 -> 58.202381 | C86: ='BFT Packer Chicago'!C86+6.5+5-2-2+2.5-3+0.75 -> 57.202381 | D86: =C86-1 -> 56.202381 | F86: =C86-'BFT Packer Chicago'!C86 -> 7.75 | G86: =C86-'BFT Ren Chi'!C86 -> 5.5 | H86: =F86-G86 -> 2.25 | J86: ='BFT Packer Chicago'!C86 -> 49.452381 | K86: =C86-J86 -> 7.75 | M86: ='BFT Ren Chi'!C86 -> 51.702381 | N86: =C86-M86 -> 5.5 | P86: ='BFT Ren River'!C86 -> 49.202381 | Q86: =C86-P86 -> 8
A87: ='YG IL'!A85 -> 45870 | B87: =C87+1 -> 61.75 | C87: ='BFT Packer Chicago'!C87+6.5+5-2-2+2.5-3+0.75 -> 60.75 | D87: =C87-1 -> 59.75 | F87: =C87-'BFT Packer Chicago'!C87 -> 7.75 | G87: =C87-'BFT Ren Chi'!C87 -> 5.5 | H87: =F87-G87 -> 2.25 | J87: ='BFT Packer Chicago'!C87 -> 53 | K87: =C87-J87 -> 7.75 | M87: ='BFT Ren Chi'!C87 -> 55.25 | N87: =C87-M87 -> 5.5 | P87: ='BFT Ren River'!C87 -> 52.75 | Q87: =C87-P87 -> 8
A88: ='YG IL'!A86 -> 45901 | B88: =C88+1 -> 71.75 | C88: ='BFT Packer Chicago'!C88+6.5+5-2-2+2.5-3+0.75 -> 70.75 | D88: =C88-1 -> 69.75 | F88: =C88-'BFT Packer Chicago'!C88 -> 7.75 | G88: =C88-'BFT Ren Chi'!C88 -> 5.5 | H88: =F88-G88 -> 2.25 | J88: ='BFT Packer Chicago'!C88 -> 63 | K88: =C88-J88 -> 7.75 | M88: ='BFT Ren Chi'!C88 -> 65.25 | N88: =C88-M88 -> 5.5 | P88: ='BFT Ren River'!C88 -> 62.75 | Q88: =C88-P88 -> 8
A89: ='YG IL'!A87 -> 45931 | B89: =C89+1 -> 58.5 | C89: ='BFT Packer Chicago'!C89+6.5+5-2-2+2.5-3+0.75 -> 57.5 | D89: =C89-1 -> 56.5 | F89: =C89-'BFT Packer Chicago'!C89 -> 7.75 | G89: =C89-'BFT Ren Chi'!C89 -> 5.5 | H89: =F89-G89 -> 2.25 | J89: ='BFT Packer Chicago'!C89 -> 49.75 | K89: =C89-J89 -> 7.75 | M89: ='BFT Ren Chi'!C89 -> 52 | N89: =C89-M89 -> 5.5 | P89: ='BFT Ren River'!C89 -> 49.5 | Q89: =C89-P89 -> 8
A90: 45962 | B90: =C90+1 -> 61.75 | C90: ='BFT Packer Chicago'!C90+6.5+5-2-2+2.5-3+0.75 -> 60.75 | D90: =C90-1 -> 59.75 | F90: =C90-'BFT Packer Chicago'!C90 -> 7.75 | G90: =C90-'BFT Ren Chi'!C90 -> 5.5 | H90: =F90-G90 -> 2.25 | J90: ='BFT Packer Chicago'!C90 -> 53 | K90: =C90-J90 -> 7.75 | M90: ='BFT Ren Chi'!C90 -> 55.25 | N90: =C90-M90 -> 5.5 | P90: ='BFT Ren River'!C90 -> 52.75 | Q90: =C90-P90 -> 8
A91: 45992 | B91: =C91+1 -> 63.25 | C91: ='BFT Packer Chicago'!C91+6.5+5-2-2+2.5-3+0.75 -> 62.25 | D91: =C91-1 -> 61.25 | F91: =C91-'BFT Packer Chicago'!C91 -> 7.75 | G91: =C91-'BFT Ren Chi'!C91 -> 5.5 | H91: =F91-G91 -> 2.25 | J91: ='BFT Packer Chicago'!C91 -> 54.5 | K91: =C91-J91 -> 7.75 | M91: ='BFT Ren Chi'!C91 -> 56.75 | N91: =C91-M91 -> 5.5 | P91: ='BFT Ren River'!C91 -> 54.25 | Q91: =C91-P91 -> 8
A92: 46023 | B92: =C92+1 -> 64.75 | C92: ='BFT Packer Chicago'!C92+6.5+5-2-2+2.5-3+0.75 -> 63.75 | D92: =C92-1 -> 62.75 | F92: =C92-'BFT Packer Chicago'!C92 -> 7.75 | G92: =C92-'BFT Ren Chi'!C92 -> 5.5 | H92: =F92-G92 -> 2.25 | J92: ='BFT Packer Chicago'!C92 -> 56 | K92: =C92-J92 -> 7.75 | M92: ='BFT Ren Chi'!C92 -> 58.25 | N92: =C92-M92 -> 5.5 | P92: ='BFT Ren River'!C92 -> 55.75 | Q92: =C92-P92 -> 8

Sheet DCO IL WI
A1: Year | B1: High | C1: Forecast | D1: Low
A2: 43282 | C2: 23.4286
A3: 43313 | C3: 23.587
A4: 43344 | C4: 24.7303
A5: 43374 | C5: 24.4674
A6: 43405 | C6: 24.9625
A7: 43435 | C7: 25.3553
A8: 43466 | C8: 24.9167
A9: 43497 | C9: 24.4737
A10: 43525 | C10: 23.7143
A11: 43556 | C11: 24.72
A12: 43586 | C12: 25.2042
A13: 43617 | C13: 25.46
... A70: 45352 | C70: 42.7063
A71: 45383 | C71: 41.2955 | E71: 42.772791
A72: 45413 | C72: 40.9545 | E72: 42.710402
A73: 45444 | C73: 44.6053 | E73: 42.903221
A74: 45474 | C74: 47.11 | E74: 41.916561
A75: 45505 | C75: 43.1 | E75: 39.236507
A76: ='YG IL'!A74 -> 45536 | C76: 42.2188 | E76: 41.25
A77: ='YG IL'!A75 -> 45566 | C77: 43.3098 | E77: 43.5
A78: ='YG IL'!A76 -> 45597 | C78: 45.4737 | E78: 45
A79: ='YG IL'!A77 -> 45627 | C79: 42.55 | E79: 49.25
A80: ='YG IL'!A78 -> 45658 | C80: 44.08 | E80: 53
A81: ='YG IL'!A79 -> 45689 | C81: 49.88 | E81: 55
A82: ='YG IL'!A80 -> 45717 | B82: =C82+1 -> 48.952381 | C82: ='[18]Distillers'' Corn Oil Complex'!$AG203 -> 47.952381 | D82: =C82-1 -> 46.952381 | E82: 57.75
A83: ='YG IL'!A81 -> 45748 | B83: =C83+1 -> 54.25 | C83: ='[18]Distillers'' Corn Oil Complex'!$AG204 -> 53.25 | D83: =C83-1 -> 52.25 | E83: 56.25
A84: ='YG IL'!A82 -> 45778 | B84: =C84+1 -> 55 | C84: ='[18]Distillers'' Corn Oil Complex'!$AG205 -> 54 | D84: =C84-1 -> 53 | E84: 55
A85: ='YG IL'!A83 -> 45809 | B85: =C85+1 -> 54.75 | C85: ='[18]Distillers'' Corn Oil Complex'!$AG206 -> 53.75 | D85: =C85-1 -> 52.75 | E85: 54
A86: ='YG IL'!A84 -> 45839 | B86: =C86+1 -> 55 | C86: ='[18]Distillers'' Corn Oil Complex'!$AG207 -> 54 | D86: =C86-1 -> 53 | E86: 55
A87: ='YG IL'!A85 -> 45870 | B87: =C87+1 -> 53.75 | C87: ='[18]Distillers'' Corn Oil Complex'!$AG208 -> 52.75 | D87: =C87-1 -> 51.75 | E87: 53
A88: ='YG IL'!A86 -> 45901 | B88: =C88+1 -> 48.5 | C88: ='[18]Distillers'' Corn Oil Complex'!$AG209 -> 47.5 | D88: =C88-1 -> 46.5 | E88: 53.5
A89: ='YG IL'!A87 -> 45931 | B89: =C89+1 -> 44.25 | C89: ='[18]Distillers'' Corn Oil Complex'!$AH198 -> 43.25 | D89: =C89-1 -> 42.25 | E89: 53.5
A90: 45962 | B90: =C90+1 -> 44.75 | C90: ='[18]Distillers'' Corn Oil Complex'!$AH199 -> 43.75 | D90: =C90-1 -> 42.75 | E90: 53.5
A91: 45992 | B91: =C91+1 -> 44.5 | C91: ='[18]Distillers'' Corn Oil Complex'!$AH200 -> 43.5 | D91: =C91-1 -> 42.5 | E91: 53.5
D1048576: =C1048576-1 -> -1

Sheet DCO Gulf
B1: Low | C1: Mid | D1: Hgh
C4: 46.11 | E4: =C4-'DCO IL WI'!C76 -> 3.8912
A5: ='DCO IL WI'!A77 -> 45566 | C5: 47.24 | E5: =C5-'DCO IL WI'!C77 -> 3.9302
A6: ='DCO IL WI'!A78 -> 45597 | C6: 49.38 | E6: =C6-'DCO IL WI'!C78 -> 3.9063
A7: ='DCO IL WI'!A79 -> 45627 | C7: 47.96 | E7: =C7-'DCO IL WI'!C79 -> 5.41
A8: ='DCO IL WI'!A80 -> 45658 | C8: 49.13 | E8: =C8-'DCO IL WI'!C80 -> 5.05
A9: ='DCO IL WI'!A81 -> 45689 | C9: 52.95 | E9: =C9-'DCO IL WI'!C81 -> 3.07
A10: ='DCO IL WI'!A82 -> 45717 | B10: =C10-1 -> 47.452381 | C10: ='DCO IL WI'!C82+0.5 -> 48.452381 | D10: =C10+1 -> 49.452381 | E10: =C10-'DCO IL WI'!C82 -> 0.5
A11: ='DCO IL WI'!A83 -> 45748 | B11: =C11-1 -> 52.75 | C11: ='DCO IL WI'!C83+0.5 -> 53.75 | D11: =C11+1 -> 54.75 | E11: =C11-'DCO IL WI'!C83 -> 0.5
A12: ='DCO IL WI'!A84 -> 45778 | B12: =C12-1 -> 53.5 | C12: ='DCO IL WI'!C84+0.5 -> 54.5 | D12: =C12+1 -> 55.5 | E12: =C12-'DCO IL WI'!C84 -> 0.5
A13: ='DCO IL WI'!A85 -> 45809 | B13: =C13-1 -> 53.25 | C13: ='DCO IL WI'!C85+0.5 -> 54.25 | D13: =C13+1 -> 55.25 | E13: =C13-'DCO IL WI'!C85 -> 0.5
A14: ='DCO IL WI'!A86 -> 45839 | B14: =C14-1 -> 53.5 | C14: ='DCO IL WI'!C86+0.5 -> 54.5 | D14: =C14+1 -> 55.5 | E14: =C14-'DCO IL WI'!C86 -> 0.5
A15: ='DCO IL WI'!A87 -> 45870 | B15: =C15-1 -> 52.25 | C15: ='DCO IL WI'!C87+0.5 -> 53.25 | D15: =C15+1 -> 54.25 | E15: =C15-'DCO IL WI'!C87 -> 0.5
A16: ='DCO IL WI'!A88 -> 45901 | B16: =C16-1 -> 47 | C16: ='DCO IL WI'!C88+0.5 -> 48 | D16: =C16+1 -> 49 | E16: =C16-'DCO IL WI'!C88 -> 0.5
A17: ='DCO IL WI'!A89 -> 45931 | B17: =C17-1 -> 42.75 | C17: ='DCO IL WI'!C89+0.5 -> 43.75 | D17: =C17+1 -> 44.75 | E17: =C17-'DCO IL WI'!C89 -> 0.5
A18: 45962 | B18: =C18-1 -> 43.25 | C18: ='DCO IL WI'!C90+0.5 -> 44.25 | D18: =C18+1 -> 45.25 | E18: =C18-'DCO IL WI'!C90 -> 0.5
A19: 45992 | B19: =C19-1 -> 43 | C19: ='DCO IL WI'!C91+0.5 -> 44 | D19: =C19+1 -> 45 | E19: =C19-'DCO IL WI'!C91 -> 0.5

Sheet DCO Miss R
A1: Year | B1: High | C1: Forecast | D1: Low
A2: 43282 | C2: 22.9286 | F2: =C2-'DCO IL WI'!C2 -> -0.5
A3: 43313 | C3: 22.9457 | F3: =C3-'DCO IL WI'!C3 -> -0.6413
A4: 43344 | C4: 24.4 | F4: =C4-'DCO IL WI'!C4 -> -0.3303
A5: 43374 | C5: 24.25 | F5: =C5-'DCO IL WI'!C5 -> -0.2174
A6: 43405 | C6: 24.25 | F6: =C6-'DCO IL WI'!C6 -> -0.7125
A7: 43435 | C7: 24.8553 | F7: =C7-'DCO IL WI'!C7 -> -0.5
A8: 43466 | C8: 24.881 | F8: =C8-'DCO IL WI'!C8 -> -0.0357
A9: 43497 | C9: 24.3882 | F9: =C9-'DCO IL WI'!C9 -> -0.0855
A10: 43525 | C10: 24 | F10: =C10-'DCO IL WI'!C10 -> 0.2857
A11: 43556 | C11: 24.6131 | F11: =C11-'DCO IL WI'!C11 -> -0.1069
A12: 43586 | C12: 25.0625 | F12: =C12-'DCO IL WI'!C12 -> -0.1417
A13: 43617 | C13: 25.275 | F13: =C13-'DCO IL WI'!C13 -> -0.185
A14: =DATE(YEAR(A13),MONTH(A13)+1,DAY(A13)) -> 43647 | C14: 24.0568 | F14: =C14-'DCO IL WI'!C14 -> -1.5532
A15: =DATE(YEAR(A14),MONTH(A14)+1,DAY(A14)) -> 43678 | C15: 23.3977 | F15: =C15-'DCO IL WI'!C15 -> -1.46866
A16: =DATE(YEAR(A15),MONTH(A15)+1,DAY(A15)) -> 43709 | C16: 23.0625 | F16: =C16-'DCO IL WI'!C16 -> -0.7813
A17: =DATE(YEAR(A16),MONTH(A16)+1,DAY(A16)) -> 43739 | C17: 22.1522 | F17: =C17-'DCO IL WI'!C17 -> -0.4568
A18: =DATE(YEAR(A17),MONTH(A17)+1,DAY(A17)) -> 43770 | C18: 21.4737 | F18: =C18-'DCO IL WI'!C18 -> -0.9276
A19: =DATE(YEAR(A18),MONTH(A18)+1,DAY(A18)) -> 43800 | C19: 21.631 | F19: =C19-'DCO IL WI'!C19 -> -1.449
A20: 43831 | C20: 24.31 | F20: =C20-'DCO IL WI'!C20 -> -0.74
A21: 43862 | C21: 27.3947 | F21: =C21-'DCO IL WI'!C21 -> -0.6448
A22: 43891 | C22: 27.34 | F22: =C22-'DCO IL WI'!C22 -> -0.36
A23: 43922 | C23: 28.9405 | F23: =C23-'DCO IL WI'!C23 -> -0.0952
A24: 43952 | C24: 26.3625 | F24: =C24-'DCO IL WI'!C24 -> 0.2925
A25: 43983 | C25: 22.83 | F25: =C25-'DCO IL WI'!C25 -> -0.2495
A26: 44013 | C26: 21.4091 | F26: =C26-'DCO IL WI'!C26 -> -0.1591
A27: 44044 | C27: 24.3929 | F27: =C27-'DCO IL WI'!C27 -> -0.1071
A28: 44075 | C28: 28.26 | F28: =C28-'DCO IL WI'!C28 -> -0.12
A29: 44105 | C29: 30.7045 | F29: =C29-'DCO IL WI'!C29 -> -0.2273
A30: 44136 | C30: 32.65 | F30: =C30-'DCO IL WI'!C30 -> -0.31
A31: 44166 | C31: 35.2614 | F31: =C31-'DCO IL WI'!C31 -> 0
... A67: 45261 | C67: 49.95 | F67: =C67-'DCO IL WI'!C67 -> 1.325
A68: 45292 | C68: 45.6429 | F68: =C68-'DCO IL WI'!C68+1.25 -> 1.25
A69: 45323 | C69: 43.875 | F69: =C69-'DCO IL WI'!C69+1.75 -> 2
A70: 45352 | C70: 43.1313 | F70: =C70-'DCO IL WI'!C70+1.5 -> 1.925
A71: 45383 | C71: 41.1932 | F71: =C71-'DCO IL WI'!C71+1.25 -> 1.1477
A72: 45413 | C72: 41.0625 | F72: =C72-'DCO IL WI'!C72+1 -> 1.108
A73: 45444 | C73: 44.6711 | F73: =C73-'DCO IL WI'!C73+0.75 -> 0.8158
A74: 45474 | C74: 47.19 | F74: =C74-'DCO IL WI'!C74+0.5 -> 0.58
A75: 45505 | C75: 43.19 | F75: =C75-'DCO IL WI'!C75+0.25 -> 0.34
A76: ='YG IL'!A74 -> 45536 | C76: 42.7125 | F76: =C76-'DCO IL WI'!C76+0.5 -> 0.9937
A77: ='YG IL'!A75 -> 45566 | C77: 43.8696 | F77: =C77-'DCO IL WI'!C77+0.75 -> 1.3098
A78: ='YG IL'!A76 -> 45597 | C78: 45.5526 | F78: =C78-'DCO IL WI'!C78+1 -> 1.0789
A79: ='YG IL'!A77 -> 45627 | C79: 43.29 | F79: =C79-'DCO IL WI'!C79+1.25 -> 1.99
A80: ='YG IL'!A78 -> 45658 | C80: 44.02 | F80: =C80-'DCO IL WI'!C80+1.25 -> 1.19
A81: ='YG IL'!A79 -> 45689 | C81: 50.26 | F81: =C81-'DCO IL WI'!C81+1.25 -> 1.63
A82: ='YG IL'!A80 -> 45717 | B82: =C82+1 -> 48.702381 | C82: ='DCO IL WI'!C82-0.25+1.5-0.75-0.75 -> 47.702381 | D82: =C82-1 -> 46.702381 | F82: =C82-'DCO IL WI'!C82+1.25 -> 1
A83: ='YG IL'!A81 -> 45748 | B83: =C83+1 -> 54.25 | C83: ='DCO IL WI'!C83-0.25+1.5-0.75-0.5 -> 53.25 | D83: =C83-1 -> 52.25 | F83: =C83-'DCO IL WI'!C83+1.25 -> 1.25
A84: ='YG IL'!A82 -> 45778 | B84: =C84+1 -> 55 | C84: ='DCO IL WI'!C84-0.25+1.5-0.75-0.5 -> 54 | D84: =C84-1 -> 53 | F84: =C84-'DCO IL WI'!C84+1.25 -> 1.25
A85: ='YG IL'!A83 -> 45809 | B85: =C85+1 -> 54.75 | C85: ='DCO IL WI'!C85-0.25+1.5-0.75-0.5 -> 53.75 | D85: =C85-1 -> 52.75 | F85: =C85-'DCO IL WI'!C85+1.25 -> 1.25
A86: ='YG IL'!A84 -> 45839 | B86: =C86+1 -> 55 | C86: ='DCO IL WI'!C86-0.25+1.5-0.75-0.5 -> 54 | D86: =C86-1 -> 53 | F86: =C86-'DCO IL WI'!C86+1.25 -> 1.25
A87: ='YG IL'!A85 -> 45870 | B87: =C87+1 -> 53.75 | C87: ='DCO IL WI'!C87-0.25+1.5-0.75-0.5 -> 52.75 | D87: =C87-1 -> 51.75 | F87: =C87-'DCO IL WI'!C87+1.25 -> 1.25
A88: ='YG IL'!A86 -> 45901 | B88: =C88+1 -> 48.5 | C88: ='DCO IL WI'!C88-0.25+1.5-0.75-0.5 -> 47.5 | D88: =C88-1 -> 46.5 | F88: =C88-'DCO IL WI'!C88+1.25 -> 1.25
A89: ='YG IL'!A87 -> 45931 | B89: =C89+1 -> 44.25 | C89: ='DCO IL WI'!C89-0.25+1.5-1.25 -> 43.25 | D89: =C89-1 -> 42.25 | F89: =C89-'DCO IL WI'!C89+1.25 -> 1.25

Sheet DCO IN OH
A1: Year | B1: High | C1: Forecast | D1: Low
A2: 43282 | C2: 23.5 | F2: =C2-'DCO IL WI'!C2 -> 0.0714
A3: 43313 | C3: 23.6413 | F3: =C3-'DCO IL WI'!C3 -> 0.0543
A4: 43344 | C4: 25.4737 | F4: =C4-'DCO IL WI'!C4 -> 0.7434
A5: 43374 | C5: 25.8804 | F5: =C5-'DCO IL WI'!C5 -> 1.413
A6: 43405 | C6: 26.5 | F6: =C6-'DCO IL WI'!C6 -> 1.5375
A7: 43435 | C7: 26.4145 | F7: =C7-'DCO IL WI'!C7 -> 1.0592
A8: 43466 | C8: 25.0952 | F8: =C8-'DCO IL WI'!C8 -> 0.1785
A9: 43497 | C9: 24.6711 | F9: =C9-'DCO IL WI'!C9 -> 0.1974
A10: 43525 | C10: 24.25 | F10: =C10-'DCO IL WI'!C10 -> 0.5357
A11: 43556 | C11: 25.0238 | F11: =C11-'DCO IL WI'!C11 -> 0.3038
A12: 43586 | C12: 25.6818 | F12: =C12-'DCO IL WI'!C12 -> 0.4776
A13: 43617 | C13: 25.6 | F13: =C13-'DCO IL WI'!C13 -> 0.14
... A60: 45047 | C60: 55.2273 | F60: =C60-'DCO IL WI'!C60 -> -0.4091
A61: 45078 | C61: 57.7619 | F61: =C61-'DCO IL WI'!C61-0.75 -> -1.7381
A62: 45108 | C62: 67.2875 | F62: =C62-'DCO IL WI'!C62-0.25 -> -0.1
A63: 45139 | C63: 67.8261 | F63: =C63-'DCO IL WI'!C63 -> -0.4348
A64: 45170 | C64: 66.925 | F64: =C64-'DCO IL WI'!C64 -> 0.4875
A65: 45200 | C65: 59.6023 | F65: =C65-'DCO IL WI'!C65 -> 0.9205
A66: 45231 | C66: 54.6125 | F66: =C66-'DCO IL WI'!C66 -> 0.9625
A67: 45261 | C67: 50.625 | F67: =C67-'DCO IL WI'!C67 -> 2
A68: 45292 | C68: 45.8333 | F68: =C68-'DCO IL WI'!C68 -> 0.1904
A69: 45323 | C69: 44.425 | F69: =C69-'DCO IL WI'!C69 -> 0.8
A70: 45352 | C70: 42.8375 | F70: =C70-'DCO IL WI'!C70 -> 0.1312
A71: 45383 | C71: 42.1818 | F71: =C71-'DCO IL WI'!C71 -> 0.8863
A72: 45413 | C72: 40.3864 | F72: =C72-'DCO IL WI'!C72 -> -0.5681
A73: 45444 | C73: 44.1842 | F73: =C73-'DCO IL WI'!C73 -> -0.4211
A74: 45474 | C74: 46.64 | F74: =C74-'DCO IL WI'!C74 -> -0.47
... A78: 45597 | C78: 44.8684 | F78: =C78-'DCO IL WI'!C78 -> -0.6053
A79: ='YG IL'!A77 -> 45627 | C79: 42.83 | F79: =C79-'DCO IL WI'!C79 -> 0.28
A80: ='YG IL'!A78 -> 45658 | C80: 42.93 | F80: =C80-'DCO IL WI'!C80 -> -1.15
A81: ='YG IL'!A79 -> 45689 | C81: 47.24 | F81: =C81-'DCO IL WI'!C81 -> -2.64
A82: ='YG IL'!A80 -> 45717 | B82: =C82+1 -> 48.952381 | C82: ='DCO IL WI'!C82+0.5+0.5-1+1-1 -> 47.952381 | D82: =C82-1 -> 46.952381 | F82: =C82-'DCO IL WI'!C82 -> 0
A83: ='YG IL'!A81 -> 45748 | B83: =C83+1 -> 54.25 | C83: ='DCO IL WI'!C83+0.5+0.5-1+1-1 -> 53.25 | D83: =C83-1 -> 52.25 | F83: =C83-'DCO IL WI'!C83 -> 0
A84: ='YG IL'!A82 -> 45778 | B84: =C84+1 -> 55 | C84: ='DCO IL WI'!C84+0.5+0.5-1+1-1 -> 54 | D84: =C84-1 -> 53 | F84: =C84-'DCO IL WI'!C84 -> 0
A85: ='YG IL'!A83 -> 45809 | B85: =C85+1 -> 54.75 | C85: ='DCO IL WI'!C85+0.5+0.5-1+1-1 -> 53.75 | D85: =C85-1 -> 52.75 | F85: =C85-'DCO IL WI'!C85 -> 0
