Workbook

Sheet Corn
B1: Corn
A2: 40909 | B2: =[1]Prices!$G499 -> 6.25
A3: 40940 | B3: =[1]Prices!$G500 -> 6.41
A4: 40969 | B4: =[1]Prices!$G501 -> 6.46
A5: 41000 | B5: =[1]Prices!$G502 -> 6.34
A6: 41030 | B6: =[1]Prices!$G503 -> 6.27
A7: 41061 | B7: =[1]Prices!$G504 -> 6.3
A8: 41091 | B8: =[1]Prices!$G505 -> 7.85
A9: 41122 | B9: =[1]Prices!$G506 -> 8.15
A10: 41153 | B10: =[1]Prices!$G507 -> 7.7
A11: 41183 | B11: =[1]Prices!$G508 -> 7.48
A12: 41214 | B12: =[1]Prices!$G509 -> 7.39
A13: 41244 | B13: =[1]Prices!$G510 -> 7.23
... A106: 44075 | B106: =[1]Prices!$G603 -> 3.4
A107: 44105
A108: 44136
A109: 44166
A110: 44197
A111: 44228
A112: 44256
A113: 44287
A114: 44317
A115: 44348
A116: 44378
A117: 44409
A118: 44440
... A121: 44531

Sheet SBO
B1: SBO | C1: Corn | D1: UCO | E1: Projected
A2: 40909 | B2: =[2]Prices!$L507 -> 50.99 | C2: =Corn!B2/56*100 -> 11.160714 | D2: =UCO!B2 -> 37.31 | E2: =UCO!$I$75+(B2*UCO!$I$76)+(C2*UCO!$I$77) -> 39.092998
A3: 40940 | B3: =[2]Prices!$L508 -> 52.36 | C3: =Corn!B3/56*100 -> 11.446429 | D3: =UCO!B3 -> 43.38 | E3: =UCO!$I$75+(B3*UCO!$I$76)+(C3*UCO!$I$77) -> 40.004897
A4: 40969 | B4: =[2]Prices!$L509 -> 53.43 | C4: =Corn!B4/56*100 -> 11.535714 | D4: =UCO!B4 -> 44.82 | E4: =UCO!$I$75+(B4*UCO!$I$76)+(C4*UCO!$I$77) -> 40.762941
A5: 41000 | B5: =[2]Prices!$L510 -> 54.96 | C5: =Corn!B5/56*100 -> 11.321429 | D5: =UCO!B5 -> 42.18 | E5: =UCO!$I$75+(B5*UCO!$I$76)+(C5*UCO!$I$77) -> 41.963947
A6: 41030 | B6: =[2]Prices!$L511 -> 50.69 | C6: =Corn!B6/56*100 -> 11.196429 | D6: =UCO!B6 -> 42.48 | E6: =UCO!$I$75+(B6*UCO!$I$76)+(C6*UCO!$I$77) -> 38.859665
A7: 41061 | B7: =[2]Prices!$L512 -> 48.65 | C7: =Corn!B7/56*100 -> 11.25 | D7: =UCO!B7 -> 37.76 | E7: =UCO!$I$75+(B7*UCO!$I$76)+(C7*UCO!$I$77) -> 37.337801
A8: 41091 | B8: =[2]Prices!$L513 -> 51.96 | C8: =Corn!B8/56*100 -> 14.017857 | D8: =UCO!B8 -> 36.48 | E8: =UCO!$I$75+(B8*UCO!$I$76)+(C8*UCO!$I$77) -> 38.829713
A9: 41122 | B9: =[2]Prices!$L514 -> 52.65 | C9: =Corn!B9/56*100 -> 14.553571 | D9: =UCO!B9 -> 37.17 | E9: =UCO!$I$75+(B9*UCO!$I$76)+(C9*UCO!$I$77) -> 39.154845
A10: 41153 | B10: =[2]Prices!$L515 -> 53.81 | C10: =Corn!B10/56*100 -> 13.75 | D10: =UCO!B10 -> 39.76 | E10: =UCO!$I$75+(B10*UCO!$I$76)+(C10*UCO!$I$77) -> 40.284907
A11: 41183 | B11: =[2]Prices!$L516 -> 49.31 | C11: =Corn!B11/56*100 -> 13.357143 | D11: =UCO!B11 -> 36.07 | E11: =UCO!$I$75+(B11*UCO!$I$76)+(C11*UCO!$I$77) -> 37.102815
A12: 41214 | B12: =[2]Prices!$L517 -> 46.27 | C12: =Corn!B12/56*100 -> 13.196429 | D12: =UCO!B12 -> 29.99 | E12: =UCO!$I$75+(B12*UCO!$I$76)+(C12*UCO!$I$77) -> 34.917296
A13: 41244 | B13: =[2]Prices!$L518 -> 47.16 | C13: =Corn!B13/56*100 -> 12.910714 | D13: =UCO!B13 -> 34.6 | E13: =UCO!$I$75+(B13*UCO!$I$76)+(C13*UCO!$I$77) -> 35.671064
... A101: 43922 | B101: =[2]Prices!$L606 -> 25.69 | C101: =Corn!B101/56*100 -> 5.875 | D101: =UCO!B101 -> 0 | E101: =UCO!$I$75+(B101*UCO!$I$76)+(C101*UCO!$I$77) -> 22.256035

Sheet UCO
B1: UCO | C1: SBO | D1: Corn | E1: Projected | H1: SUMMARY OUTPUT
A2: 40909 | B2: 37.31 | C2: =SBO!$B2 -> 50.99 | D2: =Corn!B2/56*100 -> 11.160714 | E2: =$I$75+($I$76*C2)+($I$77*D2) -> 39.092998
A3: 40940 | B3: 43.38 | C3: =SBO!$B3 -> 52.36 | D3: =Corn!B3/56*100 -> 11.446429 | E3: =$I$75+($I$76*C3)+($I$77*D3) -> 40.004897 | H3: Regression Statistics
A4: 40969 | B4: 44.82 | C4: =SBO!$B4 -> 53.43 | D4: =Corn!B4/56*100 -> 11.535714 | E4: =$I$75+($I$76*C4)+($I$77*D4) -> 40.762941 | H4: Multiple R | I4: 0.18767241
A5: 41000 | B5: 42.18 | C5: =SBO!$B5 -> 54.96 | D5: =Corn!B5/56*100 -> 11.321429 | E5: =$I$75+($I$76*C5)+($I$77*D5) -> 41.963947 | H5: R Square | I5: 0.035220934
A6: 41030 | B6: 42.48 | C6: =SBO!$B6 -> 50.69 | D6: =Corn!B6/56*100 -> 11.196429 | E6: =$I$75+($I$76*C6)+($I$77*D6) -> 38.859665 | H6: Adjusted R Square | I6: 0.011399228
A7: 41061 | B7: 37.76 | C7: =SBO!$B7 -> 48.65 | D7: =Corn!B7/56*100 -> 11.25 | E7: =$I$75+($I$76*C7)+($I$77*D7) -> 37.337801 | H7: Standard Error | I7: 5.6418921
A8: 41091 | B8: 36.48 | C8: =SBO!$B8 -> 51.96 | D8: =Corn!B8/56*100 -> 14.017857 | E8: =$I$75+($I$76*C8)+($I$77*D8) -> 38.829713 | H8: Observations | I8: 84
A9: 41122 | B9: 37.17 | C9: =SBO!$B9 -> 52.65 | D9: =Corn!B9/56*100 -> 14.553571 | E9: =$I$75+($I$76*C9)+($I$77*D9) -> 39.154845
A10: 41153 | B10: 39.76 | C10: =SBO!$B10 -> 53.81 | D10: =Corn!B10/56*100 -> 13.75 | E10: =$I$75+($I$76*C10)+($I$77*D10) -> 40.284907 | H10: ANOVA
A11: 41183 | B11: 36.07 | C11: =SBO!$B11 -> 49.31 | D11: =Corn!B11/56*100 -> 13.357143 | E11: =$I$75+($I$76*C11)+($I$77*D11) -> 37.102815 | I11: df | J11: SS | K11: MS | L11: F | M11: Significance F
A12: 41214 | B12: 29.99 | C12: =SBO!$B12 -> 46.27 | D12: =Corn!B12/56*100 -> 13.196429 | E12: =$I$75+($I$76*C12)+($I$77*D12) -> 34.917296 | H12: Regression | I12: 2 | J12: 94.125559 | K12: 47.062779 | L12: 1.4785228 | M12: 0.23406086
A13: 41244 | B13: 34.6 | C13: =SBO!$B13 -> 47.16 | D13: =Corn!B13/56*100 -> 12.910714 | E13: =$I$75+($I$76*C13)+($I$77*D13) -> 35.671064 | H13: Residual | I13: 81 | J13: 2578.3067 | K13: 31.830947
A14: 41275 | B14: 36 | C14: =SBO!$B14 -> 48.85 | D14: =Corn!B14/56*100 -> 12.803571 | E14: =$I$75+($I$76*C14)+($I$77*D14) -> 36.953311 | H14: Total | I14: 83 | J14: 2672.4322
A15: 41306 | B15: 36.75 | C15: =SBO!$B15 -> 49.33 | D15: =Corn!B15/56*100 -> 12.767857 | E15: =$I$75+($I$76*C15)+($I$77*D15) -> 37.319309
A16: 41334 | B16: 36.84 | C16: =SBO!$B16 -> 48.62 | D16: =Corn!B16/56*100 -> 13.089286 | E16: =$I$75+($I$76*C16)+($I$77*D16) -> 36.685977 | I16: Coefficients | J16: Standard Error | K16: t Stat | L16: P-value | M16: Lower 95% | N16: Upper 95% | O16: Lower 95.0% | P16: Upper 95.0%
A17: 41365 | B17: 36.72 | C17: =SBO!$B17 -> 49.28 | D17: =Corn!B17/56*100 -> 11.732143 | E17: =$I$75+($I$76*C17)+($I$77*D17) -> 37.637054 | H17: Intercept | I17: 35.065384 | J17: 7.5179643 | K17: 4.6642126 | L17: 1.2061935e-05 | M17: 20.106993 | N17: 50.023775 | O17: 20.106993 | P17: 50.023775
A18: 41395 | B18: 36.06 | C18: =SBO!$B18 -> 49.31 | D18: =Corn!B18/56*100 -> 12.196429 | E18: =$I$75+($I$76*C18)+($I$77*D18) -> 37.500208 | H18: Relative Price to SBO | I18: 3.8109673 | J18: 13.473225 | K18: 0.28285488 | L18: 0.77800967 | M18: -22.996524 | N18: 30.618458 | O18: -22.996524 | P18: 30.618458
A19: 41426 | B19: 35.4 | C19: =SBO!$B19 -> 47.84 | D19: =Corn!B19/56*100 -> 12.392857 | E19: =$I$75+($I$76*C19)+($I$77*D19) -> 36.349536 | H19: Relative to Corn | I19: -2.2498332 | J19: 1.6533924 | K19: -1.3607376 | L19: 0.17737089 | M19: -5.5395655 | N19: 1.039899 | O19: -5.5395655 | P19: 1.039899
A20: 41456 | B20: 37.02 | C20: =SBO!$B20 -> 45.19 | D20: =Corn!B20/56*100 -> 11.803571 | E20: =$I$75+($I$76*C20)+($I$77*D20) -> 34.598184
A21: 41487 | B21: 37.55 | C21: =SBO!$B21 -> 42.33 | D21: =Corn!B21/56*100 -> 10.678571 | E21: =$I$75+($I$76*C21)+($I$77*D21) -> 32.875469 | H21: SUMMARY OUTPUT
A22: 41518 | B22: 36.74 | C22: =SBO!$B22 -> 42.12 | D22: =Corn!B22/56*100 -> 8.5357143 | E22: =$I$75+($I$76*C22)+($I$77*D22) -> 33.454341
A23: 41548 | B23: 29.26 | C23: =SBO!$B23 -> 39.66 | D23: =Corn!B23/56*100 -> 7.5 | E23: =$I$75+($I$76*C23)+($I$77*D23) -> 31.995866 | H23: Regression Statistics
A24: 41579 | B24: 27.59 | C24: =SBO!$B24 -> 39.58 | D24: =Corn!B24/56*100 -> 7.3214286 | E24: =$I$75+($I$76*C24)+($I$77*D24) -> 31.998042 | H24: Multiple R | I24: 0.11474632
A25: 41609 | B25: 29.57 | C25: =SBO!$B25 -> 37.63 | D25: =Corn!B25/56*100 -> 7.375 | E25: =$I$75+($I$76*C25)+($I$77*D25) -> 30.54251 | H25: R Square | I25: 0.013166717
A26: 41640 | B26: 29.1 | C26: =SBO!$B26 -> 34.95 | D26: =Corn!B26/56*100 -> 7.375 | E26: =$I$75+($I$76*C26)+($I$77*D26) -> 28.567294 | H26: Adjusted R Square | I26: 0.0011321652
A27: 41671 | B27: 30.97 | C27: =SBO!$B27 -> 37.11 | D27: =Corn!B27/56*100 -> 7.7321429 | E27: =$I$75+($I$76*C27)+($I$77*D27) -> 30.036985 | H27: Standard Error | I27: 5.6711132
A28: 41699 | B28: 33.95 | C28: =SBO!$B28 -> 40.82 | D28: =Corn!B28/56*100 -> 8.2857143 | E28: =$I$75+($I$76*C28)+($I$77*D28) -> 32.581807 | H28: Observations | I28: 84
A29: 41730 | B29: 34.93 | C29: =SBO!$B29 -> 41.87 | D29: =Corn!B29/56*100 -> 8.8928571 | E29: =$I$75+($I$76*C29)+($I$77*D29) -> 33.147812
A30: 41760 | B30: 35.5 | C30: =SBO!$B30 -> 40.68 | D30: =Corn!B30/56*100 -> 8.4285714 | E30: =$I$75+($I$76*C30)+($I$77*D30) -> 32.429714 | H30: ANOVA
A31: 41791 | B31: 34.19 | C31: =SBO!$B31 -> 39.84 | D31: =Corn!B31/56*100 -> 7.8035714 | E31: =$I$75+($I$76*C31)+($I$77*D31) -> 32.024597 | I31: df | J31: SS | K31: MS | L31: F | M31: Significance F
A32: 41821 | B32: 31.63 | C32: =SBO!$B32 -> 37.6 | D32: =Corn!B32/56*100 -> 6.6785714 | E32: =$I$75+($I$76*C32)+($I$77*D32) -> 30.758835 | H32: Regression | I32: 1 | J32: 35.18716 | K32: 35.18716 | L32: 1.0940762 | M32: 0.29864337
A33: 41852 | B33: 27.85 | C33: =SBO!$B33 -> 35.04 | D33: =Corn!B33/56*100 -> 6.4107143 | E33: =$I$75+($I$76*C33)+($I$77*D33) -> 28.963767 | H33: Residual | I33: 82 | J33: 2637.2451 | K33: 32.161525
A34: 41883 | B34: 27 | C34: =SBO!$B34 -> 33.99 | D34: =Corn!B34/56*100 -> 5.6428571 | E34: =$I$75+($I$76*C34)+($I$77*D34) -> 28.452786 | H34: Total | I34: 83 | J34: 2672.4322
A35: 41913 | B35: 28.57 | C35: =SBO!$B35 -> 34.1 | D35: =Corn!B35/56*100 -> 5.5178571 | E35: =$I$75+($I$76*C35)+($I$77*D35) -> 28.576654
A36: 41944 | B36: 29.89 | C36: =SBO!$B36 -> 33.45 | D36: =Corn!B36/56*100 -> 6.1607143 | E36: =$I$75+($I$76*C36)+($I$77*D36) -> 27.877497 | I36: Coefficients | J36: Standard Error | K36: t Stat | L36: P-value | M36: Lower 95% | N36: Upper 95% | O36: Lower 95.0% | P36: Upper 95.0%
A37: 41974 | B37: 28.43 | C37: =SBO!$B37 -> 32.56 | D37: =Corn!B37/56*100 -> 6.6964286 | E37: =$I$75+($I$76*C37)+($I$77*D37) -> 27.038136 | H37: Intercept | I37: 37.263127 | J37: 7.3804535 | K37: 5.0488939 | L37: 2.6360251e-06 | M37: 22.581054 | N37: 51.9452 | O37: 22.581054 | P37: 51.9452
A38: 42005 | B38: 26.3 | C38: =SBO!$B38 -> 32.33 | D38: =Corn!B38/56*100 -> 6.5535714 | E38: =$I$75+($I$76*C38)+($I$77*D38) -> 26.917531 | H38: Relative Price to SBO | I38: -9.6321036 | J38: 9.2086795 | K38: -1.045981 | L38: 0.29864337 | M38: -27.951101 | N38: 8.6868933 | O38: -27.951101 | P38: 8.6868933
A39: 42036 | B39: 26.74 | C39: =SBO!$B39 -> 31.57 | D39: =Corn!B39/56*100 -> 6.5178571 | E39: =$I$75+($I$76*C39)+($I$77*D39) -> 26.369623
A40: 42064 | B40: 27.9 | C40: =SBO!$B40 -> 30.89 | D40: =Corn!B40/56*100 -> 6.5357143 | E40: =$I$75+($I$76*C40)+($I$77*D40) -> 25.862335 | H40: SUMMARY OUTPUT
A41: 42095 | B41: 25.43 | C41: =SBO!$B41 -> 31.13 | D41: =Corn!B41/56*100 -> 6.4107143 | E41: =$I$75+($I$76*C41)+($I$77*D41) -> 26.082016
A42: 42125 | B42: 26.85 | C42: =SBO!$B42 -> 32.65 | D42: =Corn!B42/56*100 -> 6.2321429 | E42: =$I$75+($I$76*C42)+($I$77*D42) -> 27.263425 | H42: Regression Statistics
A43: 42156 | B43: 27.34 | C43: =SBO!$B43 -> 33.73 | D43: =Corn!B43/56*100 -> 6.2857143 | E43: =$I$75+($I$76*C43)+($I$77*D43) -> 28.041066 | H43: Multiple R | I43: 0.18511614
A44: 42186 | B44: 24.16 | C44: =SBO!$B44 -> 31.54 | D44: =Corn!B44/56*100 -> 6.875 | E44: =$I$75+($I$76*C44)+($I$77*D44) -> 26.225238 | H44: R Square | I44: 0.034267983
A45: 42217 | B45: 22.77 | C45: =SBO!$B45 -> 28.87 | D45: =Corn!B45/56*100 -> 6.2678571 | E45: =$I$75+($I$76*C45)+($I$77*D45) -> 24.465259 | H45: Adjusted R Square | I45: 0.022490764
A46: 42248 | B46: 21.76 | C46: =SBO!$B46 -> 26.43 | D46: =Corn!B46/56*100 -> 6.3392857 | E46: =$I$75+($I$76*C46)+($I$77*D46) -> 22.642473 | H46: Standard Error | I46: 5.6101535
A47: 42278 | B47: 22.65 | C47: =SBO!$B47 -> 27.14 | D47: =Corn!B47/56*100 -> 6.5535714 | E47: =$I$75+($I$76*C47)+($I$77*D47) -> 23.092394 | H47: Observations | I47: 84
A48: 42309 | B48: 22.81 | C48: =SBO!$B48 -> 26.42 | D48: =Corn!B48/56*100 -> 6.4642857 | E48: =$I$75+($I$76*C48)+($I$77*D48) -> 22.592307
A49: 42339 | B49: 21.78 | C49: =SBO!$B49 -> 29.72 | D49: =Corn!B49/56*100 -> 6.4642857 | E49: =$I$75+($I$76*C49)+($I$77*D49) -> 25.024476 | H49: ANOVA
A50: 42370 | B50: 24.09 | C50: =SBO!$B50 -> 28.89 | D50: =Corn!B50/56*100 -> 6.3392857 | E50: =$I$75+($I$76*C50)+($I$77*D50) -> 24.455545 | I50: df | J50: SS | K50: MS | L50: F | M50: Significance F
A51: 42401 | B51: 25.76 | C51: =SBO!$B51 -> 29.79 | D51: =Corn!B51/56*100 -> 6.3571429 | E51: =$I$75+($I$76*C51)+($I$77*D51) -> 25.11275 | H51: Regression | I51: 1 | J51: 91.578864 | K51: 91.578864 | L51: 2.9096836 | M51: 0.091834457
A52: 42430 | B52: 29.06 | C52: =SBO!$B52 -> 30.86 | D52: =Corn!B52/56*100 -> 6.3214286 | E52: =$I$75+($I$76*C52)+($I$77*D52) -> 25.913589 | H52: Residual | I52: 82 | J52: 2580.8534 | K52: 31.473822
A53: 42461 | B53: 30.52 | C53: =SBO!$B53 -> 32.45 | D53: =Corn!B53/56*100 -> 6.4464286 | E53: =$I$75+($I$76*C53)+($I$77*D53) -> 27.042656 | H53: Total | I53: 83 | J53: 2672.4322
A54: 42491 | B54: 30.83 | C54: =SBO!$B54 -> 30.76 | D54: =Corn!B54/56*100 -> 6.6785714 | E54: =$I$75+($I$76*C54)+($I$77*D54) -> 25.717613
A55: 42522 | B55: 27.13 | C55: =SBO!$B55 -> 30.35 | D55: =Corn!B55/56*100 -> 6.9821429 | E55: =$I$75+($I$76*C55)+($I$77*D55) -> 25.311501 | I55: Coefficients | J55: Standard Error | K55: t Stat | L55: P-value | M55: Lower 95% | N55: Upper 95% | O55: Lower 95.0% | P55: Upper 95.0%
A56: 42552 | B56: 25.53 | C56: =SBO!$B56 -> 28.75 | D56: =Corn!B56/56*100 -> 5.8571429 | E56: =$I$75+($I$76*C56)+($I$77*D56) -> 24.517432 | H56: Intercept | I56: 36.807557 | J56: 4.2866031 | K56: 8.5866492 | L56: 4.7812207e-13 | M56: 28.280138 | N56: 45.334976 | O56: 28.280138 | P56: 45.334976
A57: 42583 | B57: 25.67 | C57: =SBO!$B57 -> 31.21 | D57: =Corn!B57/56*100 -> 5.5178571 | E57: =$I$75+($I$76*C57)+($I$77*D57) -> 26.446664 | H57: Relative to Corn | I57: -1.9069137 | J57: 1.1179134 | K57: -1.7057795 | L57: 0.091834457 | M57: -4.1307996 | N57: 0.31697214 | O57: -4.1307996 | P57: 0.31697214
A58: 42614 | B58: 27.65 | C58: =SBO!$B58 -> 31.99 | D58: =Corn!B58/56*100 -> 5.5178571 | E58: =$I$75+($I$76*C58)+($I$77*D58) -> 27.02154
A59: 42644 | B59: 28.48 | C59: =SBO!$B59 -> 33.86 | D59: =Corn!B59/56*100 -> 5.8392857 | E59: =$I$75+($I$76*C59)+($I$77*D59) -> 28.289722 | H59: SUMMARY OUTPUT
A60: 42675 | B60: 27.85 | C60: =SBO!$B60 -> 34.52 | D60: =Corn!B60/56*100 -> 5.8571429 | E60: =$I$75+($I$76*C60)+($I$77*D60) -> 28.770042
A61: 42705 | B61: 26.04 | C61: =SBO!$B61 -> 35.57 | D61: =Corn!B61/56*100 -> 5.9642857 | E61: =$I$75+($I$76*C61)+($I$77*D61) -> 29.507232 | H61: Regression Statistics
A62: 42736 | B62: 24.95 | C62: =SBO!$B62 -> 33.58 | D62: =Corn!B62/56*100 -> 6.1607143 | E62: =$I$75+($I$76*C62)+($I$77*D62) -> 27.973309 | H62: Multiple R | I62: 0.93531979
A63: 42767 | B63: 25.5395 | C63: =SBO!$B63 -> 32 | D63: =Corn!B63/56*100 -> 6.2678571 | E63: =$I$75+($I$76*C63)+($I$77*D63) -> 26.772134 | H63: R Square | I63: 0.87482311
A64: 42795 | B64: 26.0978 | C64: =SBO!$B64 -> 30.86 | D64: =Corn!B64/56*100 -> 6.0714286 | E64: =$I$75+($I$76*C64)+($I$77*D64) -> 25.999181 | H64: Adjusted R Square | I64: 0.87213113
A65: 42826 | B65: 26.75 | C65: =SBO!$B65 -> 29.57 | D65: =Corn!B65/56*100 -> 6.0892857 | E65: =$I$75+($I$76*C65)+($I$77*D65) -> 25.042311 | H65: Standard Error | I65: 1.9891059
A66: 42856 | B66: 27.2955 | C66: =SBO!$B66 -> 30.6 | D66: =Corn!B66/56*100 -> 6.1964286 | E66: =$I$75+($I$76*C66)+($I$77*D66) -> 25.76476 | H66: Observations | I66: 96
A67: 42887 | B67: 28.3068 | C67: =SBO!$B67 -> 30.74 | D67: =Corn!B67/56*100 -> 6.2321429 | E67: =$I$75+($I$76*C67)+($I$77*D67) -> 25.855715
A68: 42917 | B68: 28.5 | C68: =SBO!$B68 -> 32.82 | D68: =Corn!B68/56*100 -> 6.2678571 | E68: =$I$75+($I$76*C68)+($I$77*D68) -> 27.376491 | H68: ANOVA
A69: 42948 | B69: 28.25 | C69: =SBO!$B69 -> 33.17 | D69: =Corn!B69/56*100 -> 5.8392857 | E69: =$I$75+($I$76*C69)+($I$77*D69) -> 27.781178 | I69: df | J69: SS | K69: MS | L69: F | M69: Significance F
A70: 42979 | B70: 28.8875 | C70: =SBO!$B70 -> 33.28 | D70: =Corn!B70/56*100 -> 5.625 | E70: =$I$75+($I$76*C70)+($I$77*D70) -> 27.935615 | H70: Regression | I70: 2 | J70: 2571.5493 | K70: 1285.7746 | L70: 324.97431 | M70: 1.0836123e-42
A71: 43009 | B71: 26.9716 | C71: =SBO!$B71 -> 32.35 | D71: =Corn!B71/56*100 -> 5.625 | E71: =$I$75+($I$76*C71)+($I$77*D71) -> 27.250185 | H71: Residual | I71: 93 | J71: 367.95845 | K71: 3.9565424
A72: 43040 | B72: 26.2875 | C72: =SBO!$B72 -> 33.43 | D72: =Corn!B72/56*100 -> 5.6071429 | E72: =$I$75+($I$76*C72)+($I$77*D72) -> 28.052282 | H72: Total | I72: 95 | J72: 2939.5077
A73: 43070 | B73: 24.95 | C73: =SBO!$B73 -> 32.27 | D73: =Corn!B73/56*100 -> 5.7321429 | E73: =$I$75+($I$76*C73)+($I$77*D73) -> 27.154541
A74: 43101 | B74: 23.4405 | C74: =SBO!$B74 -> 31.61 | D74: =Corn!B74/56*100 -> 5.875 | E74: =$I$75+($I$76*C74)+($I$77*D74) -> 26.619198 | I74: Coefficients | J74: Standard Error | K74: t Stat | L74: P-value | M74: Lower 95% | N74: Upper 95% | O74: Lower 95.0% | P74: Upper 95.0%
A75: 43132 | B75: 23.3947 | C75: =SBO!$B75 -> 30.63 | D75: =Corn!B75/56*100 -> 6.0357143 | E75: =$I$75+($I$76*C75)+($I$77*D75) -> 25.841894 | H75: Intercept | I75: 5.3333861 | J75: 1.0550675 | K75: 5.0550187 | L75: 2.1475474e-06 | M75: 3.2382311 | N75: 7.4285412 | O75: 3.2382311 | P75: 7.4285412
A76: 43160 | B76: 22.5833 | C76: =SBO!$B76 -> 30.28 | D76: =Corn!B76/56*100 -> 6.2678571 | E76: =$I$75+($I$76*C76)+($I$77*D76) -> 25.504458 | H76: SBO | I76: 0.73702078 | J76: 0.062148172 | K76: 11.85909 | L76: 2.6360997e-20 | M76: 0.61360682 | N76: 0.86043473 | O76: 0.61360682 | P76: 0.86043473
A77: 43191 | B77: 22.75 | C77: =SBO!$B77 -> 29.7 | D77: =Corn!B77/56*100 -> 6.3928571 | E77: =$I$75+($I$76*C77)+($I$77*D77) -> 25.03419 | H77: Corn | I77: -0.34236852 | J77: 0.19665919 | K77: -1.740923 | L77: 0.085004238 | M77: -0.73289469 | N77: 0.048157664 | O77: -0.73289469 | P77: 0.048157664
A78: 43221 | B78: 23.0114 | C78: =SBO!$B78 -> 29.4 | D78: =Corn!B78/56*100 -> 6.5714286 | E78: =$I$75+($I$76*C78)+($I$77*D78) -> 24.751947
A79: 43252 | B79: 24.3452 | C79: =SBO!$B79 -> 28.3 | D79: =Corn!B79/56*100 -> 6.3928571 | E79: =$I$75+($I$76*C79)+($I$77*D79) -> 24.002361
A80: 43282 | B80: 24.5 | C80: =SBO!$B80 -> 27.21 | D80: =Corn!B80/56*100 -> 6.1964286 | E80: =$I$75+($I$76*C80)+($I$77*D80) -> 23.266259
A81: 43313 | B81: 24.5 | C81: =SBO!$B81 -> 27.6 | D81: =Corn!B81/56*100 -> 6 | E81: =$I$75+($I$76*C81)+($I$77*D81) -> 23.620948
A82: 43344 | B82: 24.5 | C82: =SBO!$B82 -> 27.73 | D82: =Corn!B82/56*100 -> 6.0714286 | E82: =$I$75+($I$76*C82)+($I$77*D82) -> 23.692306
A83: 43374 | B83: 24.5 | C83: =SBO!$B83 -> 28.89 | D83: =Corn!B83/56*100 -> 6.1071429 | E83: =$I$75+($I$76*C83)+($I$77*D83) -> 24.535023
A84: 43405 | B84: 24.5 | C84: =SBO!$B84 -> 27.49 | D84: =Corn!B84/56*100 -> 6.0892857 | E84: =$I$75+($I$76*C84)+($I$77*D84) -> 23.509308
A85: 43435 | B85: 24.5 | C85: =SBO!$B85 -> 28.14 | D85: =Corn!B85/56*100 -> 6.3214286 | E85: =$I$75+($I$76*C85)+($I$77*D85) -> 23.908893
A86: 43466 | B86: 24.6667 | C86: =SBO!$B86 -> 28.44 | D86: =Corn!B86/56*100 -> 6.3571429 | E86: =$I$75+($I$76*C86)+($I$77*D86) -> 24.117771
A87: 43497 | B87: 24.5526 | C87: =SBO!$B87 -> 29.58 | D87: =Corn!B87/56*100 -> 6.4285714 | E87: =$I$75+($I$76*C87)+($I$77*D87) -> 24.93352
A88: 43525 | B88: 24.5 | C88: =SBO!$B88 -> 28.62 | D88: =Corn!B88/56*100 -> 6.4464286 | E88: =$I$75+($I$76*C88)+($I$77*D88) -> 24.219867
A89: 43556 | B89: 24.5 | C89: =SBO!$B89 -> 27.86 | D89: =Corn!B89/56*100 -> 6.3035714 | E89: =$I$75+($I$76*C89)+($I$77*D89) -> 23.708641
... A97: 43800 | B97: 24.0119 | C97: =SBO!$B97 -> 32.27 | D97: =Corn!B97/56*100 -> 6.625 | E97: =$I$75+($I$76*C97)+($I$77*D97) -> 26.848855
A98: 43831
A99: 43862
A100: 43891
A101: 43922

Sheet White Grease
B1: White Grease | C1: SBO | D1: Corn | E1: Projected | G1: SUMMARY OUTPUT
A2: 40909 | B2: 37.75 | C2: =SBO!$B2 -> 50.99 | D2: =Corn!B2/56*100 -> 11.160714 | E2: =$H$17+(C2*$H$18)+($H$19*D2) -> 43.03737
A3: 40940 | B3: 45.2 | C3: =SBO!$B3 -> 52.36 | D3: =Corn!B3/56*100 -> 11.446429 | E3: =$H$17+(C3*$H$18)+($H$19*D3) -> 44.313486 | G3: Regression Statistics
A4: 40969 | B4: 47.7386 | C4: =SBO!$B4 -> 53.43 | D4: =Corn!B4/56*100 -> 11.535714 | E4: =$H$17+(C4*$H$18)+($H$19*D4) -> 45.270226 | G4: Multiple R | H4: 0.92232513
A5: 41000 | B5: 45.9687 | C5: =SBO!$B5 -> 54.96 | D5: =Corn!B5/56*100 -> 11.321429 | E5: =$H$17+(C5*$H$18)+($H$19*D5) -> 46.536262 | G5: R Square | H5: 0.85068364
A6: 41030 | B6: 47.3125 | C6: =SBO!$B6 -> 50.69 | D6: =Corn!B6/56*100 -> 11.196429 | E6: =$H$17+(C6*$H$18)+($H$19*D6) -> 42.787248 | G6: Adjusted R Square | H6: 0.84747254
A7: 41061 | B7: 42.1202 | C7: =SBO!$B7 -> 48.65 | D7: =Corn!B7/56*100 -> 11.25 | E7: =$H$17+(C7*$H$18)+($H$19*D7) -> 41.029947 | G7: Standard Error | H7: 3.2941918
A8: 41091 | B8: 42.2738 | C8: =SBO!$B8 -> 51.96 | D8: =Corn!B8/56*100 -> 14.017857 | E8: =$H$17+(C8*$H$18)+($H$19*D8) -> 44.732901 | G8: Observations | H8: 96
A9: 41122 | B9: 45.6576 | C9: =SBO!$B9 -> 52.65 | D9: =Corn!B9/56*100 -> 14.553571 | E9: =$H$17+(C9*$H$18)+($H$19*D9) -> 45.492504
A10: 41153 | B10: 43.6776 | C10: =SBO!$B10 -> 53.81 | D10: =Corn!B10/56*100 -> 13.75 | E10: =$H$17+(C10*$H$18)+($H$19*D10) -> 46.261117 | G10: ANOVA
A11: 41183 | B11: 36.5707 | C11: =SBO!$B11 -> 49.31 | D11: =Corn!B11/56*100 -> 13.357143 | E11: =$H$17+(C11*$H$18)+($H$19*D11) -> 42.232266 | H11: df | I11: SS | J11: MS | K11: F | L11: Significance F
A12: 41214 | B12: 33.5188 | C12: =SBO!$B12 -> 46.27 | D12: =Corn!B12/56*100 -> 13.196429 | E12: =$H$17+(C12*$H$18)+($H$19*D12) -> 39.541783 | G12: Regression | H12: 2 | I12: 5749.6498 | J12: 2874.8249 | K12: 264.91933 | L12: 3.9445161e-39
A13: 41244 | B13: 36.475 | C13: =SBO!$B13 -> 47.16 | D13: =Corn!B13/56*100 -> 12.910714 | E13: =$H$17+(C13*$H$18)+($H$19*D13) -> 40.230185 | G13: Residual | H13: 93 | I13: 1009.208 | J13: 10.851699
A14: 41275 | B14: 40.4702 | C14: =SBO!$B14 -> 48.85 | D14: =Corn!B14/56*100 -> 12.803571 | E14: =$H$17+(C14*$H$18)+($H$19*D14) -> 41.667265 | G14: Total | H14: 95 | I14: 6758.8578
A15: 41306 | B15: 41.6447 | C15: =SBO!$B15 -> 49.33 | D15: =Corn!B15/56*100 -> 12.767857 | E15: =$H$17+(C15*$H$18)+($H$19*D15) -> 42.073854
A16: 41334 | B16: 43.4075 | C16: =SBO!$B16 -> 48.62 | D16: =Corn!B16/56*100 -> 13.089286 | E16: =$H$17+(C16*$H$18)+($H$19*D16) -> 41.552571 | H16: Coefficients | I16: Standard Error | J16: t Stat | K16: P-value | L16: Lower 95% | M16: Upper 95% | N16: Lower 95.0% | O16: Upper 95.0%
A17: 41365 | B17: 41.8239 | C17: =SBO!$B17 -> 49.28 | D17: =Corn!B17/56*100 -> 11.732143 | E17: =$H$17+(C17*$H$18)+($H$19*D17) -> 41.721413 | G17: Intercept | H17: -4.6155001 | I17: 1.7473151 | J17: -2.6414813 | K17: 0.009683459 | L17: -8.0853215 | M17: -1.1456786 | N17: -8.0853215 | O17: -1.1456786
A18: 41395 | B18: 40.3807 | C18: =SBO!$B18 -> 49.31 | D18: =Corn!B18/56*100 -> 12.196429 | E18: =$H$17+(C18*$H$18)+($H$19*D18) -> 41.885998 | G18: SBO | H18: 0.86925609 | I18: 0.10292463 | J18: 8.4455593 | K18: 3.9438357e-13 | L18: 0.66486817 | M18: 1.073644 | N18: 0.66486817 | O18: 1.073644
A19: 41426 | B19: 45.3313 | C19: =SBO!$B19 -> 47.84 | D19: =Corn!B19/56*100 -> 12.392857 | E19: =$H$17+(C19*$H$18)+($H$19*D19) -> 40.666791 | G19: Corn | H19: 0.29832342 | I19: 0.32569059 | J19: 0.91597188 | K19: 0.3620507 | L19: -0.34843354 | M19: 0.94508039 | N19: -0.34843354 | O19: 0.94508039
A20: 41456 | B20: 44.608 | C20: =SBO!$B20 -> 45.19 | D20: =Corn!B20/56*100 -> 11.803571 | E20: =$H$17+(C20*$H$18)+($H$19*D20) -> 38.187464
A21: 41487 | B21: 38.1307 | C21: =SBO!$B21 -> 42.33 | D21: =Corn!B21/56*100 -> 10.678571 | E21: =$H$17+(C21*$H$18)+($H$19*D21) -> 35.365778
A22: 41518 | B22: 37.7213 | C22: =SBO!$B22 -> 42.12 | D22: =Corn!B22/56*100 -> 8.5357143 | E22: =$H$17+(C22*$H$18)+($H$19*D22) -> 34.54397
A23: 41548 | B23: 29.3478 | C23: =SBO!$B23 -> 39.66 | D23: =Corn!B23/56*100 -> 7.5 | E23: =$H$17+(C23*$H$18)+($H$19*D23) -> 32.096622
A24: 41579 | B24: 27.7368 | C24: =SBO!$B24 -> 39.58 | D24: =Corn!B24/56*100 -> 7.3214286 | E24: =$H$17+(C24*$H$18)+($H$19*D24) -> 31.973809
A25: 41609 | B25: 29.75 | C25: =SBO!$B25 -> 37.63 | D25: =Corn!B25/56*100 -> 7.375 | E25: =$H$17+(C25*$H$18)+($H$19*D25) -> 30.294742
A26: 41640 | B26: 25.1012 | C26: =SBO!$B26 -> 34.95 | D26: =Corn!B26/56*100 -> 7.375 | E26: =$H$17+(C26*$H$18)+($H$19*D26) -> 27.965135
A27: 41671 | B27: 29.3092 | C27: =SBO!$B27 -> 37.11 | D27: =Corn!B27/56*100 -> 7.7321429 | E27: =$H$17+(C27*$H$18)+($H$19*D27) -> 29.949273
A28: 41699 | B28: 35.9821 | C28: =SBO!$B28 -> 40.82 | D28: =Corn!B28/56*100 -> 8.2857143 | E28: =$H$17+(C28*$H$18)+($H$19*D28) -> 33.339356
A29: 41730 | B29: 35.8333 | C29: =SBO!$B29 -> 41.87 | D29: =Corn!B29/56*100 -> 8.8928571 | E29: =$H$17+(C29*$H$18)+($H$19*D29) -> 34.4332
A30: 41760 | B30: 39.7083 | C30: =SBO!$B30 -> 40.68 | D30: =Corn!B30/56*100 -> 8.4285714 | E30: =$H$17+(C30*$H$18)+($H$19*D30) -> 33.260278
A31: 41791 | B31: 38.2262 | C31: =SBO!$B31 -> 39.84 | D31: =Corn!B31/56*100 -> 7.8035714 | E31: =$H$17+(C31*$H$18)+($H$19*D31) -> 32.343651
... A97: 43800 | B97: 23.0298 | C97: =SBO!$B97 -> 32.27 | D97: =Corn!B97/56*100 -> 6.625 | E97: =$H$17+(C97*$H$18)+($H$19*D97) -> 25.411787
A98: 43831 | E98: =$H$17+(C98*$H$18)+($H$19*D98) -> -4.6155001
A99: 43862 | E99: =$H$17+(C99*$H$18)+($H$19*D99) -> -4.6155001
A100: 43891 | E100: =$H$17+(C100*$H$18)+($H$19*D100) -> -4.6155001
A101: 43922 | E101: =$H$17+(C101*$H$18)+($H$19*D101) -> -4.6155001

Sheet White Grease (2)
B1: White Grease | C1: SBO | D1: Corn | E1: production | F1: import | G1: year | H1: dummy1 | I1: dummy2 | J1: dummy3 | K1: dummy4 | L1: dummy5 | M1: dummy6 | N1: dummy7 | O1: dummy8 | P1: dummy9 | Q1: dummy10 | R1: dummy11 | S1: dummy12 | T1: month | U1: Projected
A2: 40909 | B2: 37.75 | C2: =SBO!$B2 -> 50.99 | D2: =Corn!B2/56*100 -> 11.160714 | E2: 105.54897 | F2: 1.241738 | G2: 2012 | H2: =IF($T2="January",1,0) -> 1 | I2: =IF($T2="February",1,0) -> 0 | J2: =IF($T2="March",1,0) -> 0 | K2: =IF($T2="April",1,0) -> 0 | L2: =IF($T2="May",1,0) -> 0 | M2: =IF($T2="June",1,0) -> 0 | N2: =IF($T2="July",1,0) -> 0 | O2: =IF($T2="August",1,0) -> 0 | P2: =IF($T2="September",1,0) -> 0 | Q2: =IF($T2="October",1,0) -> 0 | R2: =IF($T2="November",1,0) -> 0 | S2: =IF($T2="December",1,0) -> 0 | T2: January | U2: =$X$33+$X$34*C2+$X$35*D2+$X$36*E2+$X$37*F2+$X$38*G2+$X$39*H2+$X$40*I2+$X$41*J2+$X$42*K2+$X$43*L2+$X$44*M2+$X$45*N2+$X$46*O2+$X$47*P2+$X$48*Q2+$X$49*R2+$X$50*S2 -> 40.125627 | V2: =$X105+C2*$X106+D2*$X107+E2*$X108+F2*$X109+G2*$X110+H2*$X111 -> #NAME?
A3: 40940 | B3: 45.2 | C3: =SBO!$B3 -> 52.36 | D3: =Corn!B3/56*100 -> 11.446429 | E3: 109.75864 | F3: 2.216312 | G3: 2012 | H3: =IF($T3="January",1,0) -> 0 | I3: =IF($T3="February",1,0) -> 1 | J3: =IF($T3="March",1,0) -> 0 | K3: =IF($T3="April",1,0) -> 0 | L3: =IF($T3="May",1,0) -> 0 | M3: =IF($T3="June",1,0) -> 0 | N3: =IF($T3="July",1,0) -> 0 | O3: =IF($T3="August",1,0) -> 0 | P3: =IF($T3="September",1,0) -> 0 | Q3: =IF($T3="October",1,0) -> 0 | R3: =IF($T3="November",1,0) -> 0 | S3: =IF($T3="December",1,0) -> 0 | T3: February | U3: =$X$33+$X$34*C3+$X$35*D3+$X$36*E3+$X$37*F3+$X$38*G3+$X$39*H3+$X$40*I3+$X$41*J3+$X$42*K3+$X$43*L3+$X$44*M3+$X$45*N3+$X$46*O3+$X$47*P3+$X$48*Q3+$X$49*R3+$X$50*S3 -> 42.859252 | V3: =$X$105+C3*$X$106+D3*$X$107+E3*$X$108+F3*$X$109+G3*$X$110+I3*$X$112 -> #NAME?
A4: 40969 | B4: 47.7386 | C4: =SBO!$B4 -> 53.43 | D4: =Corn!B4/56*100 -> 11.535714 | E4: 100.48921 | F4: 2.111025 | G4: 2012 | H4: =IF($T4="January",1,0) -> 0 | I4: =IF($T4="February",1,0) -> 0 | J4: =IF($T4="March",1,0) -> 1 | K4: =IF($T4="April",1,0) -> 0 | L4: =IF($T4="May",1,0) -> 0 | M4: =IF($T4="June",1,0) -> 0 | N4: =IF($T4="July",1,0) -> 0 | O4: =IF($T4="August",1,0) -> 0 | P4: =IF($T4="September",1,0) -> 0 | Q4: =IF($T4="October",1,0) -> 0 | R4: =IF($T4="November",1,0) -> 0 | S4: =IF($T4="December",1,0) -> 0 | T4: March | U4: =$X$33+$X$34*C4+$X$35*D4+$X$36*E4+$X$37*F4+$X$38*G4+$X$39*H4+$X$40*I4+$X$41*J4+$X$42*K4+$X$43*L4+$X$44*M4+$X$45*N4+$X$46*O4+$X$47*P4+$X$48*Q4+$X$49*R4+$X$50*S4 -> 45.447204
A5: 41000 | B5: 45.9687 | C5: =SBO!$B5 -> 54.96 | D5: =Corn!B5/56*100 -> 11.321429 | E5: 97.839239 | F5: 1.838087 | G5: 2012 | H5: =IF($T5="January",1,0) -> 0 | I5: =IF($T5="February",1,0) -> 0 | J5: =IF($T5="March",1,0) -> 0 | K5: =IF($T5="April",1,0) -> 1 | L5: =IF($T5="May",1,0) -> 0 | M5: =IF($T5="June",1,0) -> 0 | N5: =IF($T5="July",1,0) -> 0 | O5: =IF($T5="August",1,0) -> 0 | P5: =IF($T5="September",1,0) -> 0 | Q5: =IF($T5="October",1,0) -> 0 | R5: =IF($T5="November",1,0) -> 0 | S5: =IF($T5="December",1,0) -> 0 | T5: April | U5: =$X$33+$X$34*C5+$X$35*D5+$X$36*E5+$X$37*F5+$X$38*G5+$X$39*H5+$X$40*I5+$X$41*J5+$X$42*K5+$X$43*L5+$X$44*M5+$X$45*N5+$X$46*O5+$X$47*P5+$X$48*Q5+$X$49*R5+$X$50*S5 -> 46.683918
A6: 41030 | B6: 47.3125 | C6: =SBO!$B6 -> 50.69 | D6: =Corn!B6/56*100 -> 11.196429 | E6: 107.5178 | F6: 2.152611 | G6: 2012 | H6: =IF($T6="January",1,0) -> 0 | I6: =IF($T6="February",1,0) -> 0 | J6: =IF($T6="March",1,0) -> 0 | K6: =IF($T6="April",1,0) -> 0 | L6: =IF($T6="May",1,0) -> 1 | M6: =IF($T6="June",1,0) -> 0 | N6: =IF($T6="July",1,0) -> 0 | O6: =IF($T6="August",1,0) -> 0 | P6: =IF($T6="September",1,0) -> 0 | Q6: =IF($T6="October",1,0) -> 0 | R6: =IF($T6="November",1,0) -> 0 | S6: =IF($T6="December",1,0) -> 0 | T6: May | U6: =$X$33+$X$34*C6+$X$35*D6+$X$36*E6+$X$37*F6+$X$38*G6+$X$39*H6+$X$40*I6+$X$41*J6+$X$42*K6+$X$43*L6+$X$44*M6+$X$45*N6+$X$46*O6+$X$47*P6+$X$48*Q6+$X$49*R6+$X$50*S6 -> 45.028158
A7: 41061 | B7: 42.1202 | C7: =SBO!$B7 -> 48.65 | D7: =Corn!B7/56*100 -> 11.25 | E7: 100.77625 | F7: 1.55788 | G7: 2012 | H7: =IF($T7="January",1,0) -> 0 | I7: =IF($T7="February",1,0) -> 0 | J7: =IF($T7="March",1,0) -> 0 | K7: =IF($T7="April",1,0) -> 0 | L7: =IF($T7="May",1,0) -> 0 | M7: =IF($T7="June",1,0) -> 1 | N7: =IF($T7="July",1,0) -> 0 | O7: =IF($T7="August",1,0) -> 0 | P7: =IF($T7="September",1,0) -> 0 | Q7: =IF($T7="October",1,0) -> 0 | R7: =IF($T7="November",1,0) -> 0 | S7: =IF($T7="December",1,0) -> 0 | T7: June | U7: =$X$33+$X$34*C7+$X$35*D7+$X$36*E7+$X$37*F7+$X$38*G7+$X$39*H7+$X$40*I7+$X$41*J7+$X$42*K7+$X$43*L7+$X$44*M7+$X$45*N7+$X$46*O7+$X$47*P7+$X$48*Q7+$X$49*R7+$X$50*S7 -> 44.50667
A8: 41091 | B8: 42.2738 | C8: =SBO!$B8 -> 51.96 | D8: =Corn!B8/56*100 -> 14.017857 | E8: 86.292328 | F8: 2.109733 | G8: 2012 | H8: =IF($T8="January",1,0) -> 0 | I8: =IF($T8="February",1,0) -> 0 | J8: =IF($T8="March",1,0) -> 0 | K8: =IF($T8="April",1,0) -> 0 | L8: =IF($T8="May",1,0) -> 0 | M8: =IF($T8="June",1,0) -> 0 | N8: =IF($T8="July",1,0) -> 1 | O8: =IF($T8="August",1,0) -> 0 | P8: =IF($T8="September",1,0) -> 0 | Q8: =IF($T8="October",1,0) -> 0 | R8: =IF($T8="November",1,0) -> 0 | S8: =IF($T8="December",1,0) -> 0 | T8: July | U8: =$X$33+$X$34*C8+$X$35*D8+$X$36*E8+$X$37*F8+$X$38*G8+$X$39*H8+$X$40*I8+$X$41*J8+$X$42*K8+$X$43*L8+$X$44*M8+$X$45*N8+$X$46*O8+$X$47*P8+$X$48*Q8+$X$49*R8+$X$50*S8 -> 47.242061
A9: 41122 | B9: 45.6576 | C9: =SBO!$B9 -> 52.65 | D9: =Corn!B9/56*100 -> 14.553571 | E9: 103.82082 | F9: 2.485008 | G9: 2012 | H9: =IF($T9="January",1,0) -> 0 | I9: =IF($T9="February",1,0) -> 0 | J9: =IF($T9="March",1,0) -> 0 | K9: =IF($T9="April",1,0) -> 0 | L9: =IF($T9="May",1,0) -> 0 | M9: =IF($T9="June",1,0) -> 0 | N9: =IF($T9="July",1,0) -> 0 | O9: =IF($T9="August",1,0) -> 1 | P9: =IF($T9="September",1,0) -> 0 | Q9: =IF($T9="October",1,0) -> 0 | R9: =IF($T9="November",1,0) -> 0 | S9: =IF($T9="December",1,0) -> 0 | T9: August | U9: =$X$33+$X$34*C9+$X$35*D9+$X$36*E9+$X$37*F9+$X$38*G9+$X$39*H9+$X$40*I9+$X$41*J9+$X$42*K9+$X$43*L9+$X$44*M9+$X$45*N9+$X$46*O9+$X$47*P9+$X$48*Q9+$X$49*R9+$X$50*S9 -> 46.244827
A10: 41153 | B10: 43.6776 | C10: =SBO!$B10 -> 53.81 | D10: =Corn!B10/56*100 -> 13.75 | E10: 96.192544 | F10: 2.216235 | G10: 2012 | H10: =IF($T10="January",1,0) -> 0 | I10: =IF($T10="February",1,0) -> 0 | J10: =IF($T10="March",1,0) -> 0 | K10: =IF($T10="April",1,0) -> 0 | L10: =IF($T10="May",1,0) -> 0 | M10: =IF($T10="June",1,0) -> 0 | N10: =IF($T10="July",1,0) -> 0 | O10: =IF($T10="August",1,0) -> 0 | P10: =IF($T10="September",1,0) -> 1 | Q10: =IF($T10="October",1,0) -> 0 | R10: =IF($T10="November",1,0) -> 0 | S10: =IF($T10="December",1,0) -> 0 | T10: September | U10: =$X$33+$X$34*C10+$X$35*D10+$X$36*E10+$X$37*F10+$X$38*G10+$X$39*H10+$X$40*I10+$X$41*J10+$X$42*K10+$X$43*L10+$X$44*M10+$X$45*N10+$X$46*O10+$X$47*P10+$X$48*Q10+$X$49*R10+$X$50*S10 -> 46.943146
A11: 41183 | B11: 36.5707 | C11: =SBO!$B11 -> 49.31 | D11: =Corn!B11/56*100 -> 13.357143 | E11: 110.76117 | F11: 2.140204 | G11: 2012 | H11: =IF($T11="January",1,0) -> 0 | I11: =IF($T11="February",1,0) -> 0 | J11: =IF($T11="March",1,0) -> 0 | K11: =IF($T11="April",1,0) -> 0 | L11: =IF($T11="May",1,0) -> 0 | M11: =IF($T11="June",1,0) -> 0 | N11: =IF($T11="July",1,0) -> 0 | O11: =IF($T11="August",1,0) -> 0 | P11: =IF($T11="September",1,0) -> 0 | Q11: =IF($T11="October",1,0) -> 1 | R11: =IF($T11="November",1,0) -> 0 | S11: =IF($T11="December",1,0) -> 0 | T11: October | U11: =$X$33+$X$34*C11+$X$35*D11+$X$36*E11+$X$37*F11+$X$38*G11+$X$39*H11+$X$40*I11+$X$41*J11+$X$42*K11+$X$43*L11+$X$44*M11+$X$45*N11+$X$46*O11+$X$47*P11+$X$48*Q11+$X$49*R11+$X$50*S11 -> 37.762054
A12: 41214 | B12: 33.5188 | C12: =SBO!$B12 -> 46.27 | D12: =Corn!B12/56*100 -> 13.196429 | E12: 113.43889 | F12: 2.140376 | G12: 2012 | H12: =IF($T12="January",1,0) -> 0 | I12: =IF($T12="February",1,0) -> 0 | J12: =IF($T12="March",1,0) -> 0 | K12: =IF($T12="April",1,0) -> 0 | L12: =IF($T12="May",1,0) -> 0 | M12: =IF($T12="June",1,0) -> 0 | N12: =IF($T12="July",1,0) -> 0 | O12: =IF($T12="August",1,0) -> 0 | P12: =IF($T12="September",1,0) -> 0 | Q12: =IF($T12="October",1,0) -> 0 | R12: =IF($T12="November",1,0) -> 1 | S12: =IF($T12="December",1,0) -> 0 | T12: November | U12: =$X$33+$X$34*C12+$X$35*D12+$X$36*E12+$X$37*F12+$X$38*G12+$X$39*H12+$X$40*I12+$X$41*J12+$X$42*K12+$X$43*L12+$X$44*M12+$X$45*N12+$X$46*O12+$X$47*P12+$X$48*Q12+$X$49*R12+$X$50*S12 -> 35.326759
A13: 41244 | B13: 36.475 | C13: =SBO!$B13 -> 47.16 | D13: =Corn!B13/56*100 -> 12.910714 | E13: 105.7272 | F13: 2.414046 | G13: 2012 | H13: =IF($T13="January",1,0) -> 0 | I13: =IF($T13="February",1,0) -> 0 | J13: =IF($T13="March",1,0) -> 0 | K13: =IF($T13="April",1,0) -> 0 | L13: =IF($T13="May",1,0) -> 0 | M13: =IF($T13="June",1,0) -> 0 | N13: =IF($T13="July",1,0) -> 0 | O13: =IF($T13="August",1,0) -> 0 | P13: =IF($T13="September",1,0) -> 0 | Q13: =IF($T13="October",1,0) -> 0 | R13: =IF($T13="November",1,0) -> 0 | S13: =IF($T13="December",1,0) -> 1 | T13: December | U13: =$X$33+$X$34*C13+$X$35*D13+$X$36*E13+$X$37*F13+$X$38*G13+$X$39*H13+$X$40*I13+$X$41*J13+$X$42*K13+$X$43*L13+$X$44*M13+$X$45*N13+$X$46*O13+$X$47*P13+$X$48*Q13+$X$49*R13+$X$50*S13 -> 36.831898
A14: 41275 | B14: 40.4702 | C14: =SBO!$B14 -> 48.85 | D14: =Corn!B14/56*100 -> 12.803571 | E14: 109.76891 | F14: 2.929103 | G14: 2013 | H14: =IF($T14="January",1,0) -> 1 | I14: =IF($T14="February",1,0) -> 0 | J14: =IF($T14="March",1,0) -> 0 | K14: =IF($T14="April",1,0) -> 0 | L14: =IF($T14="May",1,0) -> 0 | M14: =IF($T14="June",1,0) -> 0 | N14: =IF($T14="July",1,0) -> 0 | O14: =IF($T14="August",1,0) -> 0 | P14: =IF($T14="September",1,0) -> 0 | Q14: =IF($T14="October",1,0) -> 0 | R14: =IF($T14="November",1,0) -> 0 | S14: =IF($T14="December",1,0) -> 0 | T14: January | U14: =$X$33+$X$34*C14+$X$35*D14+$X$36*E14+$X$37*F14+$X$38*G14+$X$39*H14+$X$40*I14+$X$41*J14+$X$42*K14+$X$43*L14+$X$44*M14+$X$45*N14+$X$46*O14+$X$47*P14+$X$48*Q14+$X$49*R14+$X$50*S14 -> 37.411039
A15: 41306 | B15: 41.6447 | C15: =SBO!$B15 -> 49.33 | D15: =Corn!B15/56*100 -> 12.767857 | E15: 103.88034 | F15: 3.99086 | G15: 2013 | H15: =IF($T15="January",1,0) -> 0 | I15: =IF($T15="February",1,0) -> 1 | J15: =IF($T15="March",1,0) -> 0 | K15: =IF($T15="April",1,0) -> 0 | L15: =IF($T15="May",1,0) -> 0 | M15: =IF($T15="June",1,0) -> 0 | N15: =IF($T15="July",1,0) -> 0 | O15: =IF($T15="August",1,0) -> 0 | P15: =IF($T15="September",1,0) -> 0 | Q15: =IF($T15="October",1,0) -> 0 | R15: =IF($T15="November",1,0) -> 0 | S15: =IF($T15="December",1,0) -> 0 | T15: February | U15: =$X$33+$X$34*C15+$X$35*D15+$X$36*E15+$X$37*F15+$X$38*G15+$X$39*H15+$X$40*I15+$X$41*J15+$X$42*K15+$X$43*L15+$X$44*M15+$X$45*N15+$X$46*O15+$X$47*P15+$X$48*Q15+$X$49*R15+$X$50*S15 -> 40.601799
A16: 41334 | B16: 43.4075 | C16: =SBO!$B16 -> 48.62 | D16: =Corn!B16/56*100 -> 13.089286 | E16: 97.625866 | F16: 4.12461 | G16: 2013 | H16: =IF($T16="January",1,0) -> 0 | I16: =IF($T16="February",1,0) -> 0 | J16: =IF($T16="March",1,0) -> 1 | K16: =IF($T16="April",1,0) -> 0 | L16: =IF($T16="May",1,0) -> 0 | M16: =IF($T16="June",1,0) -> 0 | N16: =IF($T16="July",1,0) -> 0 | O16: =IF($T16="August",1,0) -> 0 | P16: =IF($T16="September",1,0) -> 0 | Q16: =IF($T16="October",1,0) -> 0 | R16: =IF($T16="November",1,0) -> 0 | S16: =IF($T16="December",1,0) -> 0 | T16: March | U16: =$X$33+$X$34*C16+$X$35*D16+$X$36*E16+$X$37*F16+$X$38*G16+$X$39*H16+$X$40*I16+$X$41*J16+$X$42*K16+$X$43*L16+$X$44*M16+$X$45*N16+$X$46*O16+$X$47*P16+$X$48*Q16+$X$49*R16+$X$50*S16 -> 41.249869
A17: 41365 | B17: 41.8239 | C17: =SBO!$B17 -> 49.28 | D17: =Corn!B17/56*100 -> 11.732143 | E17: 103.35392 | F17: 1.298882 | G17: 2013 | H17: =IF($T17="January",1,0) -> 0 | I17: =IF($T17="February",1,0) -> 0 | J17: =IF($T17="March",1,0) -> 0 | K17: =IF($T17="April",1,0) -> 1 | L17: =IF($T17="May",1,0) -> 0 | M17: =IF($T17="June",1,0) -> 0 | N17: =IF($T17="July",1,0) -> 0 | O17: =IF($T17="August",1,0) -> 0 | P17: =IF($T17="September",1,0) -> 0 | Q17: =IF($T17="October",1,0) -> 0 | R17: =IF($T17="November",1,0) -> 0 | S17: =IF($T17="December",1,0) -> 0 | T17: April | U17: =$X$33+$X$34*C17+$X$35*D17+$X$36*E17+$X$37*F17+$X$38*G17+$X$39*H17+$X$40*I17+$X$41*J17+$X$42*K17+$X$43*L17+$X$44*M17+$X$45*N17+$X$46*O17+$X$47*P17+$X$48*Q17+$X$49*R17+$X$50*S17 -> 41.01878 | W17: Regression Analysis
A18: 41395 | B18: 40.3807 | C18: =SBO!$B18 -> 49.31 | D18: =Corn!B18/56*100 -> 12.196429 | E18: 106.26892 | F18: 1.923268 | G18: 2013 | H18: =IF($T18="January",1,0) -> 0 | I18: =IF($T18="February",1,0) -> 0 | J18: =IF($T18="March",1,0) -> 0 | K18: =IF($T18="April",1,0) -> 0 | L18: =IF($T18="May",1,0) -> 1 | M18: =IF($T18="June",1,0) -> 0 | N18: =IF($T18="July",1,0) -> 0 | O18: =IF($T18="August",1,0) -> 0 | P18: =IF($T18="September",1,0) -> 0 | Q18: =IF($T18="October",1,0) -> 0 | R18: =IF($T18="November",1,0) -> 0 | S18: =IF($T18="December",1,0) -> 0 | T18: May | U18: =$X$33+$X$34*C18+$X$35*D18+$X$36*E18+$X$37*F18+$X$38*G18+$X$39*H18+$X$40*I18+$X$41*J18+$X$42*K18+$X$43*L18+$X$44*M18+$X$45*N18+$X$46*O18+$X$47*P18+$X$48*Q18+$X$49*R18+$X$50*S18 -> 43.851756
A19: 41426 | B19: 45.3313 | C19: =SBO!$B19 -> 47.84 | D19: =Corn!B19/56*100 -> 12.392857 | E19: 96.620805 | F19: 2.326279 | G19: 2013 | H19: =IF($T19="January",1,0) -> 0 | I19: =IF($T19="February",1,0) -> 0 | J19: =IF($T19="March",1,0) -> 0 | K19: =IF($T19="April",1,0) -> 0 | L19: =IF($T19="May",1,0) -> 0 | M19: =IF($T19="June",1,0) -> 1 | N19: =IF($T19="July",1,0) -> 0 | O19: =IF($T19="August",1,0) -> 0 | P19: =IF($T19="September",1,0) -> 0 | Q19: =IF($T19="October",1,0) -> 0 | R19: =IF($T19="November",1,0) -> 0 | S19: =IF($T19="December",1,0) -> 0 | T19: June | U19: =$X$33+$X$34*C19+$X$35*D19+$X$36*E19+$X$37*F19+$X$38*G19+$X$39*H19+$X$40*I19+$X$41*J19+$X$42*K19+$X$43*L19+$X$44*M19+$X$45*N19+$X$46*O19+$X$47*P19+$X$48*Q19+$X$49*R19+$X$50*S19 -> 44.070578 | W19: OVERALL FIT
A20: 41456 | B20: 44.608 | C20: =SBO!$B20 -> 45.19 | D20: =Corn!B20/56*100 -> 11.803571 | E20: 92.120734 | F20: 1.92338 | G20: 2013 | H20: =IF($T20="January",1,0) -> 0 | I20: =IF($T20="February",1,0) -> 0 | J20: =IF($T20="March",1,0) -> 0 | K20: =IF($T20="April",1,0) -> 0 | L20: =IF($T20="May",1,0) -> 0 | M20: =IF($T20="June",1,0) -> 0 | N20: =IF($T20="July",1,0) -> 1 | O20: =IF($T20="August",1,0) -> 0 | P20: =IF($T20="September",1,0) -> 0 | Q20: =IF($T20="October",1,0) -> 0 | R20: =IF($T20="November",1,0) -> 0 | S20: =IF($T20="December",1,0) -> 0 | T20: July | U20: =$X$33+$X$34*C20+$X$35*D20+$X$36*E20+$X$37*F20+$X$38*G20+$X$39*H20+$X$40*I20+$X$41*J20+$X$42*K20+$X$43*L20+$X$44*M20+$X$45*N20+$X$46*O20+$X$47*P20+$X$48*Q20+$X$49*R20+$X$50*S20 -> 40.664106 | W20: Multiple R | X20: =SQRT(X21) -> #NAME? | Z20: AIC | AA20: =X24*LN(Y29/X24)+2*(X28+1) -> #NAME?
A21: 41487 | B21: 38.1307 | C21: =SBO!$B21 -> 42.33 | D21: =Corn!B21/56*100 -> 10.678571 | E21: 100.51037 | F21: 2.978827 | G21: 2013 | H21: =IF($T21="January",1,0) -> 0 | I21: =IF($T21="February",1,0) -> 0 | J21: =IF($T21="March",1,0) -> 0 | K21: =IF($T21="April",1,0) -> 0 | L21: =IF($T21="May",1,0) -> 0 | M21: =IF($T21="June",1,0) -> 0 | N21: =IF($T21="July",1,0) -> 0 | O21: =IF($T21="August",1,0) -> 1 | P21: =IF($T21="September",1,0) -> 0 | Q21: =IF($T21="October",1,0) -> 0 | R21: =IF($T21="November",1,0) -> 0 | S21: =IF($T21="December",1,0) -> 0 | T21: August | U21: =$X$33+$X$34*C21+$X$35*D21+$X$36*E21+$X$37*F21+$X$38*G21+$X$39*H21+$X$40*I21+$X$41*J21+$X$42*K21+$X$43*L21+$X$44*M21+$X$45*N21+$X$46*O21+$X$47*P21+$X$48*Q21+$X$49*R21+$X$50*S21 -> 37.698276 | W21: R Square | X21: =Y28/Y30 -> #NAME? | Z21: AICc | AA21: =AA20+2*(X28+2)*(X28+3)/(X24-X28-3) -> #NAME?
A22: 41518 | B22: 37.7213 | C22: =SBO!$B22 -> 42.12 | D22: =Corn!B22/56*100 -> 8.5357143 | E22: 92.484192 | F22: 3.035792 | G22: 2013 | H22: =IF($T22="January",1,0) -> 0 | I22: =IF($T22="February",1,0) -> 0 | J22: =IF($T22="March",1,0) -> 0 | K22: =IF($T22="April",1,0) -> 0 | L22: =IF($T22="May",1,0) -> 0 | M22: =IF($T22="June",1,0) -> 0 | N22: =IF($T22="July",1,0) -> 0 | O22: =IF($T22="August",1,0) -> 0 | P22: =IF($T22="September",1,0) -> 1 | Q22: =IF($T22="October",1,0) -> 0 | R22: =IF($T22="November",1,0) -> 0 | S22: =IF($T22="December",1,0) -> 0 | T22: September | U22: =$X$33+$X$34*C22+$X$35*D22+$X$36*E22+$X$37*F22+$X$38*G22+$X$39*H22+$X$40*I22+$X$41*J22+$X$42*K22+$X$43*L22+$X$44*M22+$X$45*N22+$X$46*O22+$X$47*P22+$X$48*Q22+$X$49*R22+$X$50*S22 -> 37.279144 | W22: Adjusted R Square | X22: =1-(1-X21)*(X24-1)/(X24-X28-1) -> #NAME? | Z22: SBC | AA22: =X24*LN(Y29/X24)+(X28+1)*LN(X24) -> #NAME?
A23: 41548 | B23: 29.3478 | C23: =SBO!$B23 -> 39.66 | D23: =Corn!B23/56*100 -> 7.5 | E23: 107.8618 | F23: 3.04952 | G23: 2013 | H23: =IF($T23="January",1,0) -> 0 | I23: =IF($T23="February",1,0) -> 0 | J23: =IF($T23="March",1,0) -> 0 | K23: =IF($T23="April",1,0) -> 0 | L23: =IF($T23="May",1,0) -> 0 | M23: =IF($T23="June",1,0) -> 0 | N23: =IF($T23="July",1,0) -> 0 | O23: =IF($T23="August",1,0) -> 0 | P23: =IF($T23="September",1,0) -> 0 | Q23: =IF($T23="October",1,0) -> 1 | R23: =IF($T23="November",1,0) -> 0 | S23: =IF($T23="December",1,0) -> 0 | T23: October | U23: =$X$33+$X$34*C23+$X$35*D23+$X$36*E23+$X$37*F23+$X$38*G23+$X$39*H23+$X$40*I23+$X$41*J23+$X$42*K23+$X$43*L23+$X$44*M23+$X$45*N23+$X$46*O23+$X$47*P23+$X$48*Q23+$X$49*R23+$X$50*S23 -> 29.783106 | W23: Standard Error | X23: =SQRT(Z29) -> #NAME?
A24: 41579 | B24: 27.7368 | C24: =SBO!$B24 -> 39.58 | D24: =Corn!B24/56*100 -> 7.3214286 | E24: 110.94885 | F24: 2.152788 | G24: 2013 | H24: =IF($T24="January",1,0) -> 0 | I24: =IF($T24="February",1,0) -> 0 | J24: =IF($T24="March",1,0) -> 0 | K24: =IF($T24="April",1,0) -> 0 | L24: =IF($T24="May",1,0) -> 0 | M24: =IF($T24="June",1,0) -> 0 | N24: =IF($T24="July",1,0) -> 0 | O24: =IF($T24="August",1,0) -> 0 | P24: =IF($T24="September",1,0) -> 0 | Q24: =IF($T24="October",1,0) -> 0 | R24: =IF($T24="November",1,0) -> 1 | S24: =IF($T24="December",1,0) -> 0 | T24: November | U24: =$X$33+$X$34*C24+$X$35*D24+$X$36*E24+$X$37*F24+$X$38*G24+$X$39*H24+$X$40*I24+$X$41*J24+$X$42*K24+$X$43*L24+$X$44*M24+$X$45*N24+$X$46*O24+$X$47*P24+$X$48*Q24+$X$49*R24+$X$50*S24 -> 29.951824 | W24: Observations | X24: =COUNT(B2:B97) -> 96
A25: 41609 | B25: 29.75 | C25: =SBO!$B25 -> 37.63 | D25: =Corn!B25/56*100 -> 7.375 | E25: 111.39679 | F25: 4.083101 | G25: 2013 | H25: =IF($T25="January",1,0) -> 0 | I25: =IF($T25="February",1,0) -> 0 | J25: =IF($T25="March",1,0) -> 0 | K25: =IF($T25="April",1,0) -> 0 | L25: =IF($T25="May",1,0) -> 0 | M25: =IF($T25="June",1,0) -> 0 | N25: =IF($T25="July",1,0) -> 0 | O25: =IF($T25="August",1,0) -> 0 | P25: =IF($T25="September",1,0) -> 0 | Q25: =IF($T25="October",1,0) -> 0 | R25: =IF($T25="November",1,0) -> 0 | S25: =IF($T25="December",1,0) -> 1 | T25: December | U25: =$X$33+$X$34*C25+$X$35*D25+$X$36*E25+$X$37*F25+$X$38*G25+$X$39*H25+$X$40*I25+$X$41*J25+$X$42*K25+$X$43*L25+$X$44*M25+$X$45*N25+$X$46*O25+$X$47*P25+$X$48*Q25+$X$49*R25+$X$50*S25 -> 27.829633
A26: 41640 | B26: 25.1012 | C26: =SBO!$B26 -> 34.95 | D26: =Corn!B26/56*100 -> 7.375 | E26: 110.66194 | F26: 3.030666 | G26: 2014 | H26: =IF($T26="January",1,0) -> 1 | I26: =IF($T26="February",1,0) -> 0 | J26: =IF($T26="March",1,0) -> 0 | K26: =IF($T26="April",1,0) -> 0 | L26: =IF($T26="May",1,0) -> 0 | M26: =IF($T26="June",1,0) -> 0 | N26: =IF($T26="July",1,0) -> 0 | O26: =IF($T26="August",1,0) -> 0 | P26: =IF($T26="September",1,0) -> 0 | Q26: =IF($T26="October",1,0) -> 0 | R26: =IF($T26="November",1,0) -> 0 | S26: =IF($T26="December",1,0) -> 0 | T26: January | U26: =$X$33+$X$34*C26+$X$35*D26+$X$36*E26+$X$37*F26+$X$38*G26+$X$39*H26+$X$40*I26+$X$41*J26+$X$42*K26+$X$43*L26+$X$44*M26+$X$45*N26+$X$46*O26+$X$47*P26+$X$48*Q26+$X$49*R26+$X$50*S26 -> 25.356056 | W26: ANOVA | AA26: Alpha | AB26: 0.05
A27: 41671 | B27: 29.3092 | C27: =SBO!$B27 -> 37.11 | D27: =Corn!B27/56*100 -> 7.7321429 | E27: 107.07549 | F27: 2.20569 | G27: 2014 | H27: =IF($T27="January",1,0) -> 0 | I27: =IF($T27="February",1,0) -> 1 | J27: =IF($T27="March",1,0) -> 0 | K27: =IF($T27="April",1,0) -> 0 | L27: =IF($T27="May",1,0) -> 0 | M27: =IF($T27="June",1,0) -> 0 | N27: =IF($T27="July",1,0) -> 0 | O27: =IF($T27="August",1,0) -> 0 | P27: =IF($T27="September",1,0) -> 0 | Q27: =IF($T27="October",1,0) -> 0 | R27: =IF($T27="November",1,0) -> 0 | S27: =IF($T27="December",1,0) -> 0 | T27: February | U27: =$X$33+$X$34*C27+$X$35*D27+$X$36*E27+$X$37*F27+$X$38*G27+$X$39*H27+$X$40*I27+$X$41*J27+$X$42*K27+$X$43*L27+$X$44*M27+$X$45*N27+$X$46*O27+$X$47*P27+$X$48*Q27+$X$49*R27+$X$50*S27 -> 29.895756 | X27: df | Y27: SS | Z27: MS | AA27: F | AB27: p-value | AC27: sig
A28: 41699 | B28: 35.9821 | C28: =SBO!$B28 -> 40.82 | D28: =Corn!B28/56*100 -> 8.2857143 | E28: 93.518081 | F28: 3.44646 | G28: 2014 | H28: =IF($T28="January",1,0) -> 0 | I28: =IF($T28="February",1,0) -> 0 | J28: =IF($T28="March",1,0) -> 1 | K28: =IF($T28="April",1,0) -> 0 | L28: =IF($T28="May",1,0) -> 0 | M28: =IF($T28="June",1,0) -> 0 | N28: =IF($T28="July",1,0) -> 0 | O28: =IF($T28="August",1,0) -> 0 | P28: =IF($T28="September",1,0) -> 0 | Q28: =IF($T28="October",1,0) -> 0 | R28: =IF($T28="November",1,0) -> 0 | S28: =IF($T28="December",1,0) -> 0 | T28: March | U28: =$X$33+$X$34*C28+$X$35*D28+$X$36*E28+$X$37*F28+$X$38*G28+$X$39*H28+$X$40*I28+$X$41*J28+$X$42*K28+$X$43*L28+$X$44*M28+$X$45*N28+$X$46*O28+$X$47*P28+$X$48*Q28+$X$49*R28+$X$50*S28 -> 35.136282 | W28: Regression | X28: =COUNT(C2:S2) -> 17 | Y28: #NAME? | Z28: =Y28/X28 -> #NAME? | AA28: =Z28/Z29 -> #NAME? | AB28: =_xlfn.F.DIST.RT(AA28,X28,X29) -> #NAME? | AC28: =IF(AB28<AB26,"yes","no") -> #NAME?
A29: 41730 | B29: 35.8333 | C29: =SBO!$B29 -> 41.87 | D29: =Corn!B29/56*100 -> 8.8928571 | E29: 101.36142 | F29: 3.694001 | G29: 2014 | H29: =IF($T29="January",1,0) -> 0 | I29: =IF($T29="February",1,0) -> 0 | J29: =IF($T29="March",1,0) -> 0 | K29: =IF($T29="April",1,0) -> 1 | L29: =IF($T29="May",1,0) -> 0 | M29: =IF($T29="June",1,0) -> 0 | N29: =IF($T29="July",1,0) -> 0 | O29: =IF($T29="August",1,0) -> 0 | P29: =IF($T29="September",1,0) -> 0 | Q29: =IF($T29="October",1,0) -> 0 | R29: =IF($T29="November",1,0) -> 0 | S29: =IF($T29="December",1,0) -> 0 | T29: April | U29: =$X$33+$X$34*C29+$X$35*D29+$X$36*E29+$X$37*F29+$X$38*G29+$X$39*H29+$X$40*I29+$X$41*J29+$X$42*K29+$X$43*L29+$X$44*M29+$X$45*N29+$X$46*O29+$X$47*P29+$X$48*Q29+$X$49*R29+$X$50*S29 -> 34.600973 | W29: Residual | X29: =X30-X28 -> 78 | Y29: =Y30-Y28 -> #NAME? | Z29: =Y29/X29 -> #NAME?
A30: 41760 | B30: 39.7083 | C30: =SBO!$B30 -> 40.68 | D30: =Corn!B30/56*100 -> 8.4285714 | E30: 103.40159 | F30: 1.461666 | G30: 2014 | H30: =IF($T30="January",1,0) -> 0 | I30: =IF($T30="February",1,0) -> 0 | J30: =IF($T30="March",1,0) -> 0 | K30: =IF($T30="April",1,0) -> 0 | L30: =IF($T30="May",1,0) -> 1 | M30: =IF($T30="June",1,0) -> 0 | N30: =IF($T30="July",1,0) -> 0 | O30: =IF($T30="August",1,0) -> 0 | P30: =IF($T30="September",1,0) -> 0 | Q30: =IF($T30="October",1,0) -> 0 | R30: =IF($T30="November",1,0) -> 0 | S30: =IF($T30="December",1,0) -> 0 | T30: May | U30: =$X$33+$X$34*C30+$X$35*D30+$X$36*E30+$X$37*F30+$X$38*G30+$X$39*H30+$X$40*I30+$X$41*J30+$X$42*K30+$X$43*L30+$X$44*M30+$X$45*N30+$X$46*O30+$X$47*P30+$X$48*Q30+$X$49*R30+$X$50*S30 -> 36.806269 | W30: Total | X30: =X24-1 -> 95 | Y30: =DEVSQ(B2:B97) -> 6758.8578
A31: 41791 | B31: 38.2262 | C31: =SBO!$B31 -> 39.84 | D31: =Corn!B31/56*100 -> 7.8035714 | E31: 99.298091 | F31: 1.712672 | G31: 2014 | H31: =IF($T31="January",1,0) -> 0 | I31: =IF($T31="February",1,0) -> 0 | J31: =IF($T31="March",1,0) -> 0 | K31: =IF($T31="April",1,0) -> 0 | L31: =IF($T31="May",1,0) -> 0 | M31: =IF($T31="June",1,0) -> 1 | N31: =IF($T31="July",1,0) -> 0 | O31: =IF($T31="August",1,0) -> 0 | P31: =IF($T31="September",1,0) -> 0 | Q31: =IF($T31="October",1,0) -> 0 | R31: =IF($T31="November",1,0) -> 0 | S31: =IF($T31="December",1,0) -> 0 | T31: June | U31: =$X$33+$X$34*C31+$X$35*D31+$X$36*E31+$X$37*F31+$X$38*G31+$X$39*H31+$X$40*I31+$X$41*J31+$X$42*K31+$X$43*L31+$X$44*M31+$X$45*N31+$X$46*O31+$X$47*P31+$X$48*Q31+$X$49*R31+$X$50*S31 -> 36.946573
A32: 41821 | B32: 37.7699 | C32: =SBO!$B32 -> 37.6 | D32: =Corn!B32/56*100 -> 6.6785714 | E32: 89.65578 | F32: 1.615135 | G32: 2014 | H32: =IF($T32="January",1,0) -> 0 | I32: =IF($T32="February",1,0) -> 0 | J32: =IF($T32="March",1,0) -> 0 | K32: =IF($T32="April",1,0) -> 0 | L32: =IF($T32="May",1,0) -> 0 | M32: =IF($T32="June",1,0) -> 0 | N32: =IF($T32="July",1,0) -> 1 | O32: =IF($T32="August",1,0) -> 0 | P32: =IF($T32="September",1,0) -> 0 | Q32: =IF($T32="October",1,0) -> 0 | R32: =IF($T32="November",1,0) -> 0 | S32: =IF($T32="December",1,0) -> 0 | T32: July | U32: =$X$33+$X$34*C32+$X$35*D32+$X$36*E32+$X$37*F32+$X$38*G32+$X$39*H32+$X$40*I32+$X$41*J32+$X$42*K32+$X$43*L32+$X$44*M32+$X$45*N32+$X$46*O32+$X$47*P32+$X$48*Q32+$X$49*R32+$X$50*S32 -> 34.509049 | X32: coef number | Y32: coeff | Z32: std err | AA32: t stat | AB32: p-value | AC32: lower | AD32: upper | AE32: vif
A33: 41852 | B33: 34.3006 | C33: =SBO!$B33 -> 35.04 | D33: =Corn!B33/56*100 -> 6.4107143 | E33: 90.51168 | F33: 2.008417 | G33: 2014 | H33: =IF($T33="January",1,0) -> 0 | I33: =IF($T33="February",1,0) -> 0 | J33: =IF($T33="March",1,0) -> 0 | K33: =IF($T33="April",1,0) -> 0 | L33: =IF($T33="May",1,0) -> 0 | M33: =IF($T33="June",1,0) -> 0 | N33: =IF($T33="July",1,0) -> 0 | O33: =IF($T33="August",1,0) -> 1 | P33: =IF($T33="September",1,0) -> 0 | Q33: =IF($T33="October",1,0) -> 0 | R33: =IF($T33="November",1,0) -> 0 | S33: =IF($T33="December",1,0) -> 0 | T33: August | U33: =$X$33+$X$34*C33+$X$35*D33+$X$36*E33+$X$37*F33+$X$38*G33+$X$39*H33+$X$40*I33+$X$41*J33+$X$42*K33+$X$43*L33+$X$44*M33+$X$45*N33+$X$46*O33+$X$47*P33+$X$48*Q33+$X$49*R33+$X$50*S33 -> 32.748149 | W33: Intercept | X33: 243.01961 | Y33: #NAME? | Z33: #NAME? | AA33: =Y33/Z33 -> #NAME? | AB33: =_xlfn.T.DIST.2T(ABS(AA33),$X$29) -> #NAME? | AC33: =Y33-_xlfn.T.INV.2T(AB$26,$X$29)*Z33 -> #NAME? | AD33: =Y33+_xlfn.T.INV.2T(AB$26,$X$29)*Z33 -> #NAME?
A34: 41883 | B34: 31.3631 | C34: =SBO!$B34 -> 33.99 | D34: =Corn!B34/56*100 -> 5.6428571 | E34: 93.803356 | F34: 2.224086 | G34: 2014 | H34: =IF($T34="January",1,0) -> 0 | I34: =IF($T34="February",1,0) -> 0 | J34: =IF($T34="March",1,0) -> 0 | K34: =IF($T34="April",1,0) -> 0 | L34: =IF($T34="May",1,0) -> 0 | M34: =IF($T34="June",1,0) -> 0 | N34: =IF($T34="July",1,0) -> 0 | O34: =IF($T34="August",1,0) -> 0 | P34: =IF($T34="September",1,0) -> 1 | Q34: =IF($T34="October",1,0) -> 0 | R34: =IF($T34="November",1,0) -> 0 | S34: =IF($T34="December",1,0) -> 0 | T34: September | U34: =$X$33+$X$34*C34+$X$35*D34+$X$36*E34+$X$37*F34+$X$38*G34+$X$39*H34+$X$40*I34+$X$41*J34+$X$42*K34+$X$43*L34+$X$44*M34+$X$45*N34+$X$46*O34+$X$47*P34+$X$48*Q34+$X$49*R34+$X$50*S34 -> 30.15952 | W34: {=TRANSPOSE(C1:S1)} -> SBO | X34: 0.86593587 | Y34: #NAME? | Z34: #NAME? | AA34: =Y34/Z34 -> #NAME? | AB34: =_xlfn.T.DIST.2T(ABS(AA34),$X$29) -> #NAME? | AC34: =Y34-_xlfn.T.INV.2T(AB$26,$X$29)*Z34 -> #NAME? | AD34: =Y34+_xlfn.T.INV.2T(AB$26,$X$29)*Z34 -> #NAME? | AE34: #NAME?
A35: 41913 | B35: 25.875 | C35: =SBO!$B35 -> 34.1 | D35: =Corn!B35/56*100 -> 5.5178571 | E35: 105.97547 | F35: 2.406058 | G35: 2014 | H35: =IF($T35="January",1,0) -> 0 | I35: =IF($T35="February",1,0) -> 0 | J35: =IF($T35="March",1,0) -> 0 | K35: =IF($T35="April",1,0) -> 0 | L35: =IF($T35="May",1,0) -> 0 | M35: =IF($T35="June",1,0) -> 0 | N35: =IF($T35="July",1,0) -> 0 | O35: =IF($T35="August",1,0) -> 0 | P35: =IF($T35="September",1,0) -> 0 | Q35: =IF($T35="October",1,0) -> 1 | R35: =IF($T35="November",1,0) -> 0 | S35: =IF($T35="December",1,0) -> 0 | T35: October | U35: =$X$33+$X$34*C35+$X$35*D35+$X$36*E35+$X$37*F35+$X$38*G35+$X$39*H35+$X$40*I35+$X$41*J35+$X$42*K35+$X$43*L35+$X$44*M35+$X$45*N35+$X$46*O35+$X$47*P35+$X$48*Q35+$X$49*R35+$X$50*S35 -> 25.22435 | W35: Corn | X35: -0.039761975 | Y35: #NAME? | Z35: #NAME? | AA35: =Y35/Z35 -> #NAME? | AB35: =_xlfn.T.DIST.2T(ABS(AA35),$X$29) -> #NAME? | AC35: =Y35-_xlfn.T.INV.2T(AB$26,$X$29)*Z35 -> #NAME? | AD35: =Y35+_xlfn.T.INV.2T(AB$26,$X$29)*Z35 -> #NAME? | AE35: #NAME?
A36: 41944 | B36: 27.0694 | C36: =SBO!$B36 -> 33.45 | D36: =Corn!B36/56*100 -> 6.1607143 | E36: 102.45386 | F36: 2.330913 | G36: 2014 | H36: =IF($T36="January",1,0) -> 0 | I36: =IF($T36="February",1,0) -> 0 | J36: =IF($T36="March",1,0) -> 0 | K36: =IF($T36="April",1,0) -> 0 | L36: =IF($T36="May",1,0) -> 0 | M36: =IF($T36="June",1,0) -> 0 | N36: =IF($T36="July",1,0) -> 0 | O36: =IF($T36="August",1,0) -> 0 | P36: =IF($T36="September",1,0) -> 0 | Q36: =IF($T36="October",1,0) -> 0 | R36: =IF($T36="November",1,0) -> 1 | S36: =IF($T36="December",1,0) -> 0 | T36: November | U36: =$X$33+$X$34*C36+$X$35*D36+$X$36*E36+$X$37*F36+$X$38*G36+$X$39*H36+$X$40*I36+$X$41*J36+$X$42*K36+$X$43*L36+$X$44*M36+$X$45*N36+$X$46*O36+$X$47*P36+$X$48*Q36+$X$49*R36+$X$50*S36 -> 25.585495 | W36: production | X36: -0.12118547 | Y36: #NAME? | Z36: #NAME? | AA36: =Y36/Z36 -> #NAME? | AB36: =_xlfn.T.DIST.2T(ABS(AA36),$X$29) -> #NAME? | AC36: =Y36-_xlfn.T.INV.2T(AB$26,$X$29)*Z36 -> #NAME? | AD36: =Y36+_xlfn.T.INV.2T(AB$26,$X$29)*Z36 -> #NAME? | AE36: #NAME?
A37: 41974 | B37: 25.5536 | C37: =SBO!$B37 -> 32.56 | D37: =Corn!B37/56*100 -> 6.6964286 | E37: 113.96839 | F37: 3.563617 | G37: 2014 | H37: =IF($T37="January",1,0) -> 0 | I37: =IF($T37="February",1,0) -> 0 | J37: =IF($T37="March",1,0) -> 0 | K37: =IF($T37="April",1,0) -> 0 | L37: =IF($T37="May",1,0) -> 0 | M37: =IF($T37="June",1,0) -> 0 | N37: =IF($T37="July",1,0) -> 0 | O37: =IF($T37="August",1,0) -> 0 | P37: =IF($T37="September",1,0) -> 0 | Q37: =IF($T37="October",1,0) -> 0 | R37: =IF($T37="November",1,0) -> 0 | S37: =IF($T37="December",1,0) -> 1 | T37: December | U37: =$X$33+$X$34*C37+$X$35*D37+$X$36*E37+$X$37*F37+$X$38*G37+$X$39*H37+$X$40*I37+$X$41*J37+$X$42*K37+$X$43*L37+$X$44*M37+$X$45*N37+$X$46*O37+$X$47*P37+$X$48*Q37+$X$49*R37+$X$50*S37 -> 23.090713 | W37: import | X37: -0.10005267 | Y37: #NAME? | Z37: #NAME? | AA37: =Y37/Z37 -> #NAME? | AB37: =_xlfn.T.DIST.2T(ABS(AA37),$X$29) -> #NAME? | AC37: =Y37-_xlfn.T.INV.2T(AB$26,$X$29)*Z37 -> #NAME? | AD37: =Y37+_xlfn.T.INV.2T(AB$26,$X$29)*Z37 -> #NAME? | AE37: #NAME?
A38: 42005 | B38: 24.025 | C38: =SBO!$B38 -> 32.33 | D38: =Corn!B38/56*100 -> 6.5535714 | E38: 111.47565 | F38: 2.659199 | G38: 2015 | H38: =IF($T38="January",1,0) -> 1 | I38: =IF($T38="February",1,0) -> 0 | J38: =IF($T38="March",1,0) -> 0 | K38: =IF($T38="April",1,0) -> 0 | L38: =IF($T38="May",1,0) -> 0 | M38: =IF($T38="June",1,0) -> 0 | N38: =IF($T38="July",1,0) -> 0 | O38: =IF($T38="August",1,0) -> 0 | P38: =IF($T38="September",1,0) -> 0 | Q38: =IF($T38="October",1,0) -> 0 | R38: =IF($T38="November",1,0) -> 0 | S38: =IF($T38="December",1,0) -> 0 | T38: January | U38: =$X$33+$X$34*C38+$X$35*D38+$X$36*E38+$X$37*F38+$X$38*G38+$X$39*H38+$X$40*I38+$X$41*J38+$X$42*K38+$X$43*L38+$X$44*M38+$X$45*N38+$X$46*O38+$X$47*P38+$X$48*Q38+$X$49*R38+$X$50*S38 -> 22.942581 | W38: year | X38: -0.1159412 | Y38: #NAME? | Z38: #NAME? | AA38: =Y38/Z38 -> #NAME? | AB38: =_xlfn.T.DIST.2T(ABS(AA38),$X$29) -> #NAME? | AC38: =Y38-_xlfn.T.INV.2T(AB$26,$X$29)*Z38 -> #NAME? | AD38: =Y38+_xlfn.T.INV.2T(AB$26,$X$29)*Z38 -> #NAME? | AE38: #NAME?
A39: 42036 | B39: 26.0987 | C39: =SBO!$B39 -> 31.57 | D39: =Corn!B39/56*100 -> 6.5178571 | E39: 112.92543 | F39: 4.001803 | G39: 2015 | H39: =IF($T39="January",1,0) -> 0 | I39: =IF($T39="February",1,0) -> 1 | J39: =IF($T39="March",1,0) -> 0 | K39: =IF($T39="April",1,0) -> 0 | L39: =IF($T39="May",1,0) -> 0 | M39: =IF($T39="June",1,0) -> 0 | N39: =IF($T39="July",1,0) -> 0 | O39: =IF($T39="August",1,0) -> 0 | P39: =IF($T39="September",1,0) -> 0 | Q39: =IF($T39="October",1,0) -> 0 | R39: =IF($T39="November",1,0) -> 0 | S39: =IF($T39="December",1,0) -> 0 | T39: February | U39: =$X$33+$X$34*C39+$X$35*D39+$X$36*E39+$X$37*F39+$X$38*G39+$X$39*H39+$X$40*I39+$X$41*J39+$X$42*K39+$X$43*L39+$X$44*M39+$X$45*N39+$X$46*O39+$X$47*P39+$X$48*Q39+$X$49*R39+$X$50*S39 -> 24.142179 | W39: dummy1 | X39: -0.4153487 | Y39: #NAME? | Z39: #NAME? | AA39: =Y39/Z39 -> #NAME? | AB39: =_xlfn.T.DIST.2T(ABS(AA39),$X$29) -> #NAME? | AC39: =Y39-_xlfn.T.INV.2T(AB$26,$X$29)*Z39 -> #NAME? | AD39: =Y39+_xlfn.T.INV.2T(AB$26,$X$29)*Z39 -> #NAME? | AE39: #NAME?
A40: 42064 | B40: 24.8807 | C40: =SBO!$B40 -> 30.89 | D40: =Corn!B40/56*100 -> 6.5357143 | E40: 106.60503 | F40: 6.487526 | G40: 2015 | H40: =IF($T40="January",1,0) -> 0 | I40: =IF($T40="February",1,0) -> 0 | J40: =IF($T40="March",1,0) -> 1 | K40: =IF($T40="April",1,0) -> 0 | L40: =IF($T40="May",1,0) -> 0 | M40: =IF($T40="June",1,0) -> 0 | N40: =IF($T40="July",1,0) -> 0 | O40: =IF($T40="August",1,0) -> 0 | P40: =IF($T40="September",1,0) -> 0 | Q40: =IF($T40="October",1,0) -> 0 | R40: =IF($T40="November",1,0) -> 0 | S40: =IF($T40="December",1,0) -> 0 | T40: March | U40: =$X$33+$X$34*C40+$X$35*D40+$X$36*E40+$X$37*F40+$X$38*G40+$X$39*H40+$X$40*I40+$X$41*J40+$X$42*K40+$X$43*L40+$X$44*M40+$X$45*N40+$X$46*O40+$X$47*P40+$X$48*Q40+$X$49*R40+$X$50*S40 -> 24.600966 | W40: dummy2 | X40: 1.7509644 | Y40: #NAME? | Z40: #NAME? | AA40: =Y40/Z40 -> #NAME? | AB40: =_xlfn.T.DIST.2T(ABS(AA40),$X$29) -> #NAME? | AC40: =Y40-_xlfn.T.INV.2T(AB$26,$X$29)*Z40 -> #NAME? | AD40: =Y40+_xlfn.T.INV.2T(AB$26,$X$29)*Z40 -> #NAME? | AE40: #NAME?
A41: 42095 | B41: 23.3929 | C41: =SBO!$B41 -> 31.13 | D41: =Corn!B41/56*100 -> 6.4107143 | E41: 109.57219 | F41: 4.908821 | G41: 2015 | H41: =IF($T41="January",1,0) -> 0 | I41: =IF($T41="February",1,0) -> 0 | J41: =IF($T41="March",1,0) -> 0 | K41: =IF($T41="April",1,0) -> 1 | L41: =IF($T41="May",1,0) -> 0 | M41: =IF($T41="June",1,0) -> 0 | N41: =IF($T41="July",1,0) -> 0 | O41: =IF($T41="August",1,0) -> 0 | P41: =IF($T41="September",1,0) -> 0 | Q41: =IF($T41="October",1,0) -> 0 | R41: =IF($T41="November",1,0) -> 0 | S41: =IF($T41="December",1,0) -> 0 | T41: April | U41: =$X$33+$X$34*C41+$X$35*D41+$X$36*E41+$X$37*F41+$X$38*G41+$X$39*H41+$X$40*I41+$X$41*J41+$X$42*K41+$X$43*L41+$X$44*M41+$X$45*N41+$X$46*O41+$X$47*P41+$X$48*Q41+$X$49*R41+$X$50*S41 -> 24.167005 | W41: dummy3 | X41: 2.2820601 | Y41: #NAME? | Z41: #NAME? | AA41: =Y41/Z41 -> #NAME? | AB41: =_xlfn.T.DIST.2T(ABS(AA41),$X$29) -> #NAME? | AC41: =Y41-_xlfn.T.INV.2T(AB$26,$X$29)*Z41 -> #NAME? | AD41: =Y41+_xlfn.T.INV.2T(AB$26,$X$29)*Z41 -> #NAME? | AE41: #NAME?
A42: 42125 | B42: 25.0563 | C42: =SBO!$B42 -> 32.65 | D42: =Corn!B42/56*100 -> 6.2321429 | E42: 118.849 | F42: 5.606693 | G42: 2015 | H42: =IF($T42="January",1,0) -> 0 | I42: =IF($T42="February",1,0) -> 0 | J42: =IF($T42="March",1,0) -> 0 | K42: =IF($T42="April",1,0) -> 0 | L42: =IF($T42="May",1,0) -> 1 | M42: =IF($T42="June",1,0) -> 0 | N42: =IF($T42="July",1,0) -> 0 | O42: =IF($T42="August",1,0) -> 0 | P42: =IF($T42="September",1,0) -> 0 | Q42: =IF($T42="October",1,0) -> 0 | R42: =IF($T42="November",1,0) -> 0 | S42: =IF($T42="December",1,0) -> 0 | T42: May | U42: =$X$33+$X$34*C42+$X$35*D42+$X$36*E42+$X$37*F42+$X$38*G42+$X$39*H42+$X$40*I42+$X$41*J42+$X$42*K42+$X$43*L42+$X$44*M42+$X$45*N42+$X$46*O42+$X$47*P42+$X$48*Q42+$X$49*R42+$X$50*S42 -> 27.537474 | W42: dummy4 | X42: 1.8369263 | Y42: #NAME? | Z42: #NAME? | AA42: =Y42/Z42 -> #NAME? | AB42: =_xlfn.T.DIST.2T(ABS(AA42),$X$29) -> #NAME? | AC42: =Y42-_xlfn.T.INV.2T(AB$26,$X$29)*Z42 -> #NAME? | AD42: =Y42+_xlfn.T.INV.2T(AB$26,$X$29)*Z42 -> #NAME? | AE42: #NAME?
A43: 42156 | B43: 26.7898 | C43: =SBO!$B43 -> 33.73 | D43: =Corn!B43/56*100 -> 6.2857143 | E43: 116.705 | F43: 9.574087 | G43: 2015 | H43: =IF($T43="January",1,0) -> 0 | I43: =IF($T43="February",1,0) -> 0 | J43: =IF($T43="March",1,0) -> 0 | K43: =IF($T43="April",1,0) -> 0 | L43: =IF($T43="May",1,0) -> 0 | M43: =IF($T43="June",1,0) -> 1 | N43: =IF($T43="July",1,0) -> 0 | O43: =IF($T43="August",1,0) -> 0 | P43: =IF($T43="September",1,0) -> 0 | Q43: =IF($T43="October",1,0) -> 0 | R43: =IF($T43="November",1,0) -> 0 | S43: =IF($T43="December",1,0) -> 0 | T43: June | U43: =$X$33+$X$34*C43+$X$35*D43+$X$36*E43+$X$37*F43+$X$38*G43+$X$39*H43+$X$40*I43+$X$41*J43+$X$42*K43+$X$43*L43+$X$44*M43+$X$45*N43+$X$46*O43+$X$47*P43+$X$48*Q43+$X$49*R43+$X$50*S43 -> 28.704097 | W43: dummy5 | X43: 5.0781117 | Y43: #NAME? | Z43: #NAME? | AA43: =Y43/Z43 -> #NAME? | AB43: =_xlfn.T.DIST.2T(ABS(AA43),$X$29) -> #NAME? | AC43: =Y43-_xlfn.T.INV.2T(AB$26,$X$29)*Z43 -> #NAME? | AD43: =Y43+_xlfn.T.INV.2T(AB$26,$X$29)*Z43 -> #NAME? | AE43: #NAME?
A44: 42186 | B44: 25.0625 | C44: =SBO!$B44 -> 31.54 | D44: =Corn!B44/56*100 -> 6.875 | E44: 107.58 | F44: 3.340058 | G44: 2015 | H44: =IF($T44="January",1,0) -> 0 | I44: =IF($T44="February",1,0) -> 0 | J44: =IF($T44="March",1,0) -> 0 | K44: =IF($T44="April",1,0) -> 0 | L44: =IF($T44="May",1,0) -> 0 | M44: =IF($T44="June",1,0) -> 0 | N44: =IF($T44="July",1,0) -> 1 | O44: =IF($T44="August",1,0) -> 0 | P44: =IF($T44="September",1,0) -> 0 | Q44: =IF($T44="October",1,0) -> 0 | R44: =IF($T44="November",1,0) -> 0 | S44: =IF($T44="December",1,0) -> 0 | T44: July | U44: =$X$33+$X$34*C44+$X$35*D44+$X$36*E44+$X$37*F44+$X$38*G44+$X$39*H44+$X$40*I44+$X$41*J44+$X$42*K44+$X$43*L44+$X$44*M44+$X$45*N44+$X$46*O44+$X$47*P44+$X$48*Q44+$X$49*R44+$X$50*S44 -> 26.792987 | W44: dummy6 | X44: 5.4487809 | Y44: #NAME? | Z44: #NAME? | AA44: =Y44/Z44 -> #NAME? | AB44: =_xlfn.T.DIST.2T(ABS(AA44),$X$29) -> #NAME? | AC44: =Y44-_xlfn.T.INV.2T(AB$26,$X$29)*Z44 -> #NAME? | AD44: =Y44+_xlfn.T.INV.2T(AB$26,$X$29)*Z44 -> #NAME? | AE44: #NAME?
A45: 42217 | B45: 22.631 | C45: =SBO!$B45 -> 28.87 | D45: =Corn!B45/56*100 -> 6.2678571 | E45: 107.163 | F45: 1.318217 | G45: 2015 | H45: =IF($T45="January",1,0) -> 0 | I45: =IF($T45="February",1,0) -> 0 | J45: =IF($T45="March",1,0) -> 0 | K45: =IF($T45="April",1,0) -> 0 | L45: =IF($T45="May",1,0) -> 0 | M45: =IF($T45="June",1,0) -> 0 | N45: =IF($T45="July",1,0) -> 0 | O45: =IF($T45="August",1,0) -> 1 | P45: =IF($T45="September",1,0) -> 0 | Q45: =IF($T45="October",1,0) -> 0 | R45: =IF($T45="November",1,0) -> 0 | S45: =IF($T45="December",1,0) -> 0 | T45: August | U45: =$X$33+$X$34*C45+$X$35*D45+$X$36*E45+$X$37*F45+$X$38*G45+$X$39*H45+$X$40*I45+$X$41*J45+$X$42*K45+$X$43*L45+$X$44*M45+$X$45*N45+$X$46*O45+$X$47*P45+$X$48*Q45+$X$49*R45+$X$50*S45 -> 25.346222 | W45: dummy7 | X45: 3.7279534 | Y45: #NAME? | Z45: #NAME? | AA45: =Y45/Z45 -> #NAME? | AB45: =_xlfn.T.DIST.2T(ABS(AA45),$X$29) -> #NAME? | AC45: =Y45-_xlfn.T.INV.2T(AB$26,$X$29)*Z45 -> #NAME? | AD45: =Y45+_xlfn.T.INV.2T(AB$26,$X$29)*Z45 -> #NAME? | AE45: #NAME?
A46: 42248 | B46: 20.8512 | C46: =SBO!$B46 -> 26.43 | D46: =Corn!B46/56*100 -> 6.3392857 | E46: 118.144 | F46: 9.697573 | G46: 2015 | H46: =IF($T46="January",1,0) -> 0 | I46: =IF($T46="February",1,0) -> 0 | J46: =IF($T46="March",1,0) -> 0 | K46: =IF($T46="April",1,0) -> 0 | L46: =IF($T46="May",1,0) -> 0 | M46: =IF($T46="June",1,0) -> 0 | N46: =IF($T46="July",1,0) -> 0 | O46: =IF($T46="August",1,0) -> 0 | P46: =IF($T46="September",1,0) -> 1 | Q46: =IF($T46="October",1,0) -> 0 | R46: =IF($T46="November",1,0) -> 0 | S46: =IF($T46="December",1,0) -> 0 | T46: September | U46: =$X$33+$X$34*C46+$X$35*D46+$X$36*E46+$X$37*F46+$X$38*G46+$X$39*H46+$X$40*I46+$X$41*J46+$X$42*K46+$X$43*L46+$X$44*M46+$X$45*N46+$X$46*O46+$X$47*P46+$X$48*Q46+$X$49*R46+$X$50*S46 -> 19.771937 | W46: dummy8 | X46: 4.3162705 | Y46: #NAME? | Z46: #NAME? | AA46: =Y46/Z46 -> #NAME? | AB46: =_xlfn.T.DIST.2T(ABS(AA46),$X$29) -> #NAME? | AC46: =Y46-_xlfn.T.INV.2T(AB$26,$X$29)*Z46 -> #NAME? | AD46: =Y46+_xlfn.T.INV.2T(AB$26,$X$29)*Z46 -> #NAME? | AE46: #NAME?
... A50: 42370 | B50: 18.0197 | C50: =SBO!$B50 -> 28.89 | D50: =Corn!B50/56*100 -> 6.3392857 | E50: 111.92 | F50: 6.39752 | G50: 2016 | H50: =IF($T50="January",1,0) -> 1 | I50: =IF($T50="February",1,0) -> 0 | J50: =IF($T50="March",1,0) -> 0 | K50: =IF($T50="April",1,0) -> 0 | L50: =IF($T50="May",1,0) -> 0 | M50: =IF($T50="June",1,0) -> 0 | N50: =IF($T50="July",1,0) -> 0 | O50: =IF($T50="August",1,0) -> 0 | P50: =IF($T50="September",1,0) -> 0 | Q50: =IF($T50="October",1,0) -> 0 | R50: =IF($T50="November",1,0) -> 0 | S50: =IF($T50="December",1,0) -> 0 | T50: January | U50: =$X$33+$X$34*C50+$X$35*D50+$X$36*E50+$X$37*F50+$X$38*G50+$X$39*H50+$X$40*I50+$X$41*J50+$X$42*K50+$X$43*L50+$X$44*M50+$X$45*N50+$X$46*O50+$X$47*P50+$X$48*Q50+$X$49*R50+$X$50*S50 -> 19.428463 | W50: dummy12 | X50: -0.18406915 | Y50: #NAME? | Z50: #NAME? | AA50: =Y50/Z50 -> #NAME? | AB50: =_xlfn.T.DIST.2T(ABS(AA50),$X$29) -> #NAME? | AC50: =Y50-_xlfn.T.INV.2T(AB$26,$X$29)*Z50 -> #NAME? | AD50: =Y50+_xlfn.T.INV.2T(AB$26,$X$29)*Z50 -> #NAME? | AE50: #NAME?
A51: 42401 | B51: 20.0938 | C51: =SBO!$B51 -> 29.79 | D51: =Corn!B51/56*100 -> 6.3571429 | E51: 111.901 | F51: 4.152686 | G51: 2016 | H51: =IF($T51="January",1,0) -> 0 | I51: =IF($T51="February",1,0) -> 1 | J51: =IF($T51="March",1,0) -> 0 | K51: =IF($T51="April",1,0) -> 0 | L51: =IF($T51="May",1,0) -> 0 | M51: =IF($T51="June",1,0) -> 0 | N51: =IF($T51="July",1,0) -> 0 | O51: =IF($T51="August",1,0) -> 0 | P51: =IF($T51="September",1,0) -> 0 | Q51: =IF($T51="October",1,0) -> 0 | R51: =IF($T51="November",1,0) -> 0 | S51: =IF($T51="December",1,0) -> 0 | T51: February | U51: =$X$33+$X$34*C51+$X$35*D51+$X$36*E51+$X$37*F51+$X$38*G51+$X$39*H51+$X$40*I51+$X$41*J51+$X$42*K51+$X$43*L51+$X$44*M51+$X$45*N51+$X$46*O51+$X$47*P51+$X$48*Q51+$X$49*R51+$X$50*S51 -> 22.600313
A52: 42430 | B52: 24.233 | C52: =SBO!$B52 -> 30.86 | D52: =Corn!B52/56*100 -> 6.3214286 | E52: 112.681 | F52: 4.922254 | G52: 2016 | H52: =IF($T52="January",1,0) -> 0 | I52: =IF($T52="February",1,0) -> 0 | J52: =IF($T52="March",1,0) -> 1 | K52: =IF($T52="April",1,0) -> 0 | L52: =IF($T52="May",1,0) -> 0 | M52: =IF($T52="June",1,0) -> 0 | N52: =IF($T52="July",1,0) -> 0 | O52: =IF($T52="August",1,0) -> 0 | P52: =IF($T52="September",1,0) -> 0 | Q52: =IF($T52="October",1,0) -> 0 | R52: =IF($T52="November",1,0) -> 0 | S52: =IF($T52="December",1,0) -> 0 | T52: March | U52: =$X$33+$X$34*C52+$X$35*D52+$X$36*E52+$X$37*F52+$X$38*G52+$X$39*H52+$X$40*I52+$X$41*J52+$X$42*K52+$X$43*L52+$X$44*M52+$X$45*N52+$X$46*O52+$X$47*P52+$X$48*Q52+$X$49*R52+$X$50*S52 -> 23.887858
A53: 42461 | B53: 28.131 | C53: =SBO!$B53 -> 32.45 | D53: =Corn!B53/56*100 -> 6.4464286 | E53: 111.103 | F53: 3.41103 | G53: 2016 | H53: =IF($T53="January",1,0) -> 0 | I53: =IF($T53="February",1,0) -> 0 | J53: =IF($T53="March",1,0) -> 0 | K53: =IF($T53="April",1,0) -> 1 | L53: =IF($T53="May",1,0) -> 0 | M53: =IF($T53="June",1,0) -> 0 | N53: =IF($T53="July",1,0) -> 0 | O53: =IF($T53="August",1,0) -> 0 | P53: =IF($T53="September",1,0) -> 0 | Q53: =IF($T53="October",1,0) -> 0 | R53: =IF($T53="November",1,0) -> 0 | S53: =IF($T53="December",1,0) -> 0 | T53: April | U53: =$X$33+$X$34*C53+$X$35*D53+$X$36*E53+$X$37*F53+$X$38*G53+$X$39*H53+$X$40*I53+$X$41*J53+$X$42*K53+$X$43*L53+$X$44*M53+$X$45*N53+$X$46*O53+$X$47*P53+$X$48*Q53+$X$49*R53+$X$50*S53 -> 25.157024
A54: 42491 | B54: 28.2976 | C54: =SBO!$B54 -> 30.76 | D54: =Corn!B54/56*100 -> 6.6785714 | E54: 116.462 | F54: 2.928867 | G54: 2016 | H54: =IF($T54="January",1,0) -> 0 | I54: =IF($T54="February",1,0) -> 0 | J54: =IF($T54="March",1,0) -> 0 | K54: =IF($T54="April",1,0) -> 0 | L54: =IF($T54="May",1,0) -> 1 | M54: =IF($T54="June",1,0) -> 0 | N54: =IF($T54="July",1,0) -> 0 | O54: =IF($T54="August",1,0) -> 0 | P54: =IF($T54="September",1,0) -> 0 | Q54: =IF($T54="October",1,0) -> 0 | R54: =IF($T54="November",1,0) -> 0 | S54: =IF($T54="December",1,0) -> 0 | T54: May | U54: =$X$33+$X$34*C54+$X$35*D54+$X$36*E54+$X$37*F54+$X$38*G54+$X$39*H54+$X$40*I54+$X$41*J54+$X$42*K54+$X$43*L54+$X$44*M54+$X$45*N54+$X$46*O54+$X$47*P54+$X$48*Q54+$X$49*R54+$X$50*S54 -> 26.324356
A55: 42522 | B55: 26.5682 | C55: =SBO!$B55 -> 30.35 | D55: =Corn!B55/56*100 -> 6.9821429 | E55: 115.558 | F55: 4.021647 | G55: 2016 | H55: =IF($T55="January",1,0) -> 0 | I55: =IF($T55="February",1,0) -> 0 | J55: =IF($T55="March",1,0) -> 0 | K55: =IF($T55="April",1,0) -> 0 | L55: =IF($T55="May",1,0) -> 0 | M55: =IF($T55="June",1,0) -> 1 | N55: =IF($T55="July",1,0) -> 0 | O55: =IF($T55="August",1,0) -> 0 | P55: =IF($T55="September",1,0) -> 0 | Q55: =IF($T55="October",1,0) -> 0 | R55: =IF($T55="November",1,0) -> 0 | S55: =IF($T55="December",1,0) -> 0 | T55: June | U55: =$X$33+$X$34*C55+$X$35*D55+$X$36*E55+$X$37*F55+$X$38*G55+$X$39*H55+$X$40*I55+$X$41*J55+$X$42*K55+$X$43*L55+$X$44*M55+$X$45*N55+$X$46*O55+$X$47*P55+$X$48*Q55+$X$49*R55+$X$50*S55 -> 26.328137
A56: 42552 | B56: 25.0125 | C56: =SBO!$B56 -> 28.75 | D56: =Corn!B56/56*100 -> 5.8571429 | E56: 95.777 | F56: 3.002097 | G56: 2016 | H56: =IF($T56="January",1,0) -> 0 | I56: =IF($T56="February",1,0) -> 0 | J56: =IF($T56="March",1,0) -> 0 | K56: =IF($T56="April",1,0) -> 0 | L56: =IF($T56="May",1,0) -> 0 | M56: =IF($T56="June",1,0) -> 0 | N56: =IF($T56="July",1,0) -> 1 | O56: =IF($T56="August",1,0) -> 0 | P56: =IF($T56="September",1,0) -> 0 | Q56: =IF($T56="October",1,0) -> 0 | R56: =IF($T56="November",1,0) -> 0 | S56: =IF($T56="December",1,0) -> 0 | T56: July | U56: =$X$33+$X$34*C56+$X$35*D56+$X$36*E56+$X$37*F56+$X$38*G56+$X$39*H56+$X$40*I56+$X$41*J56+$X$42*K56+$X$43*L56+$X$44*M56+$X$45*N56+$X$46*O56+$X$47*P56+$X$48*Q56+$X$49*R56+$X$50*S56 -> 25.765723
A57: 42583 | B57: 24.6739 | C57: =SBO!$B57 -> 31.21 | D57: =Corn!B57/56*100 -> 5.5178571 | E57: 114.603 | F57: 5.545288 | G57: 2016 | H57: =IF($T57="January",1,0) -> 0 | I57: =IF($T57="February",1,0) -> 0 | J57: =IF($T57="March",1,0) -> 0 | K57: =IF($T57="April",1,0) -> 0 | L57: =IF($T57="May",1,0) -> 0 | M57: =IF($T57="June",1,0) -> 0 | N57: =IF($T57="July",1,0) -> 0 | O57: =IF($T57="August",1,0) -> 1 | P57: =IF($T57="September",1,0) -> 0 | Q57: =IF($T57="October",1,0) -> 0 | R57: =IF($T57="November",1,0) -> 0 | S57: =IF($T57="December",1,0) -> 0 | T57: August | U57: =$X$33+$X$34*C57+$X$35*D57+$X$36*E57+$X$37*F57+$X$38*G57+$X$39*H57+$X$40*I57+$X$41*J57+$X$42*K57+$X$43*L57+$X$44*M57+$X$45*N57+$X$46*O57+$X$47*P57+$X$48*Q57+$X$49*R57+$X$50*S57 -> 25.961843
A58: 42614 | B58: 25.0774 | C58: =SBO!$B58 -> 31.99 | D58: =Corn!B58/56*100 -> 5.5178571 | E58: 112.216 | F58: 3.886666 | G58: 2016 | H58: =IF($T58="January",1,0) -> 0 | I58: =IF($T58="February",1,0) -> 0 | J58: =IF($T58="March",1,0) -> 0 | K58: =IF($T58="April",1,0) -> 0 | L58: =IF($T58="May",1,0) -> 0 | M58: =IF($T58="June",1,0) -> 0 | N58: =IF($T58="July",1,0) -> 0 | O58: =IF($T58="August",1,0) -> 0 | P58: =IF($T58="September",1,0) -> 1 | Q58: =IF($T58="October",1,0) -> 0 | R58: =IF($T58="November",1,0) -> 0 | S58: =IF($T58="December",1,0) -> 0 | T58: September | U58: =$X$33+$X$34*C58+$X$35*D58+$X$36*E58+$X$37*F58+$X$38*G58+$X$39*H58+$X$40*I58+$X$41*J58+$X$42*K58+$X$43*L58+$X$44*M58+$X$45*N58+$X$46*O58+$X$47*P58+$X$48*Q58+$X$49*R58+$X$50*S58 -> 25.803045
A59: 42644 | B59: 24.1667 | C59: =SBO!$B59 -> 33.86 | D59: =Corn!B59/56*100 -> 5.8392857 | E59: 116.183 | F59: 3.123746 | G59: 2016 | H59: =IF($T59="January",1,0) -> 0 | I59: =IF($T59="February",1,0) -> 0 | J59: =IF($T59="March",1,0) -> 0 | K59: =IF($T59="April",1,0) -> 0 | L59: =IF($T59="May",1,0) -> 0 | M59: =IF($T59="June",1,0) -> 0 | N59: =IF($T59="July",1,0) -> 0 | O59: =IF($T59="August",1,0) -> 0 | P59: =IF($T59="September",1,0) -> 0 | Q59: =IF($T59="October",1,0) -> 1 | R59: =IF($T59="November",1,0) -> 0 | S59: =IF($T59="December",1,0) -> 0 | T59: October | U59: =$X$33+$X$34*C59+$X$35*D59+$X$36*E59+$X$37*F59+$X$38*G59+$X$39*H59+$X$40*I59+$X$41*J59+$X$42*K59+$X$43*L59+$X$44*M59+$X$45*N59+$X$46*O59+$X$47*P59+$X$48*Q59+$X$49*R59+$X$50*S59 -> 23.463052
A60: 42675 | B60: 23.95 | C60: =SBO!$B60 -> 34.52 | D60: =Corn!B60/56*100 -> 5.8571429 | E60: 127.696 | F60: 5.267052 | G60: 2016 | H60: =IF($T60="January",1,0) -> 0 | I60: =IF($T60="February",1,0) -> 0 | J60: =IF($T60="March",1,0) -> 0 | K60: =IF($T60="April",1,0) -> 0 | L60: =IF($T60="May",1,0) -> 0 | M60: =IF($T60="June",1,0) -> 0 | N60: =IF($T60="July",1,0) -> 0 | O60: =IF($T60="August",1,0) -> 0 | P60: =IF($T60="September",1,0) -> 0 | Q60: =IF($T60="October",1,0) -> 0 | R60: =IF($T60="November",1,0) -> 1 | S60: =IF($T60="December",1,0) -> 0 | T60: November | U60: =$X$33+$X$34*C60+$X$35*D60+$X$36*E60+$X$37*F60+$X$38*G60+$X$39*H60+$X$40*I60+$X$41*J60+$X$42*K60+$X$43*L60+$X$44*M60+$X$45*N60+$X$46*O60+$X$47*P60+$X$48*Q60+$X$49*R60+$X$50*S60 -> 22.939486
A61: 42705 | B61: 23.6905 | C61: =SBO!$B61 -> 35.57 | D61: =Corn!B61/56*100 -> 5.9642857 | E61: 121.4 | F61: 6.500353 | G61: 2016 | H61: =IF($T61="January",1,0) -> 0 | I61: =IF($T61="February",1,0) -> 0 | J61: =IF($T61="March",1,0) -> 0 | K61: =IF($T61="April",1,0) -> 0 | L61: =IF($T61="May",1,0) -> 0 | M61: =IF($T61="June",1,0) -> 0 | N61: =IF($T61="July",1,0) -> 0 | O61: =IF($T61="August",1,0) -> 0 | P61: =IF($T61="September",1,0) -> 0 | Q61: =IF($T61="October",1,0) -> 0 | R61: =IF($T61="November",1,0) -> 0 | S61: =IF($T61="December",1,0) -> 1 | T61: December | U61: =$X$33+$X$34*C61+$X$35*D61+$X$36*E61+$X$37*F61+$X$38*G61+$X$39*H61+$X$40*I61+$X$41*J61+$X$42*K61+$X$43*L61+$X$44*M61+$X$45*N61+$X$46*O61+$X$47*P61+$X$48*Q61+$X$49*R61+$X$50*S61 -> 24.299978
A62: 42736 | B62: 22.9563 | C62: =SBO!$B62 -> 33.58 | D62: =Corn!B62/56*100 -> 6.1607143 | E62: 113.025 | F62: 4.465504 | G62: 2017 | H62: =IF($T62="January",1,0) -> 1 | I62: =IF($T62="February",1,0) -> 0 | J62: =IF($T62="March",1,0) -> 0 | K62: =IF($T62="April",1,0) -> 0 | L62: =IF($T62="May",1,0) -> 0 | M62: =IF($T62="June",1,0) -> 0 | N62: =IF($T62="July",1,0) -> 0 | O62: =IF($T62="August",1,0) -> 0 | P62: =IF($T62="September",1,0) -> 0 | Q62: =IF($T62="October",1,0) -> 0 | R62: =IF($T62="November",1,0) -> 0 | S62: =IF($T62="December",1,0) -> 0 | T62: January | U62: =$X$33+$X$34*C62+$X$35*D62+$X$36*E62+$X$37*F62+$X$38*G62+$X$39*H62+$X$40*I62+$X$41*J62+$X$42*K62+$X$43*L62+$X$44*M62+$X$45*N62+$X$46*O62+$X$47*P62+$X$48*Q62+$X$49*R62+$X$50*S62 -> 23.440255
... A73: 43070 | B73: 19.35 | C73: =SBO!$B73 -> 32.27 | D73: =Corn!B73/56*100 -> 5.7321429 | E73: 103.689 | F73: 3.157836 | G73: 2017 | H73: =IF($T73="January",1,0) -> 0 | I73: =IF($T73="February",1,0) -> 0 | J73: =IF($T73="March",1,0) -> 0 | K73: =IF($T73="April",1,0) -> 0 | L73: =IF($T73="May",1,0) -> 0 | M73: =IF($T73="June",1,0) -> 0 | N73: =IF($T73="July",1,0) -> 0 | O73: =IF($T73="August",1,0) -> 0 | P73: =IF($T73="September",1,0) -> 0 | Q73: =IF($T73="October",1,0) -> 0 | R73: =IF($T73="November",1,0) -> 0 | S73: =IF($T73="December",1,0) -> 1 | T73: December | U73: =$X$33+$X$34*C73+$X$35*D73+$X$36*E73+$X$37*F73+$X$38*G73+$X$39*H73+$X$40*I73+$X$41*J73+$X$42*K73+$X$43*L73+$X$44*M73+$X$45*N73+$X$46*O73+$X$47*P73+$X$48*Q73+$X$49*R73+$X$50*S73 -> 23.816422
A74: 43101 | B74: 19.1786 | C74: =SBO!$B74 -> 31.61 | D74: =Corn!B74/56*100 -> 5.875 | E74: =106.903 -> 106.903 | F74: 2.392116 | G74: 2018 | H74: =IF($T74="January",1,0) -> 1 | I74: =IF($T74="February",1,0) -> 0 | J74: =IF($T74="March",1,0) -> 0 | K74: =IF($T74="April",1,0) -> 0 | L74: =IF($T74="May",1,0) -> 0 | M74: =IF($T74="June",1,0) -> 0 | N74: =IF($T74="July",1,0) -> 0 | O74: =IF($T74="August",1,0) -> 0 | P74: =IF($T74="September",1,0) -> 0 | Q74: =IF($T74="October",1,0) -> 0 | R74: =IF($T74="November",1,0) -> 0 | S74: =IF($T74="December",1,0) -> 0 | T74: January | U74: =$X$33+$X$34*C74+$X$35*D74+$X$36*E74+$X$37*F74+$X$38*G74+$X$39*H74+$X$40*I74+$X$41*J74+$X$42*K74+$X$43*L74+$X$44*M74+$X$45*N74+$X$46*O74+$X$47*P74+$X$48*Q74+$X$49*R74+$X$50*S74 -> 22.579126
A75: 43132 | B75: 18.1053 | C75: =SBO!$B75 -> 30.63 | D75: =Corn!B75/56*100 -> 6.0357143 | E75: 113.874 | F75: 4.0967 | G75: 2018 | H75: =IF($T75="January",1,0) -> 0 | I75: =IF($T75="February",1,0) -> 1 | J75: =IF($T75="March",1,0) -> 0 | K75: =IF($T75="April",1,0) -> 0 | L75: =IF($T75="May",1,0) -> 0 | M75: =IF($T75="June",1,0) -> 0 | N75: =IF($T75="July",1,0) -> 0 | O75: =IF($T75="August",1,0) -> 0 | P75: =IF($T75="September",1,0) -> 0 | Q75: =IF($T75="October",1,0) -> 0 | R75: =IF($T75="November",1,0) -> 0 | S75: =IF($T75="December",1,0) -> 0 | T75: February | U75: =$X$33+$X$34*C75+$X$35*D75+$X$36*E75+$X$37*F75+$X$38*G75+$X$39*H75+$X$40*I75+$X$41*J75+$X$42*K75+$X$43*L75+$X$44*M75+$X$45*N75+$X$46*O75+$X$47*P75+$X$48*Q75+$X$49*R75+$X$50*S75 -> 22.8751
A76: 43160 | B76: 17.8929 | C76: =SBO!$B76 -> 30.28 | D76: =Corn!B76/56*100 -> 6.2678571 | E76: 109.976 | F76: 4.845598 | G76: 2018 | H76: =IF($T76="January",1,0) -> 0 | I76: =IF($T76="February",1,0) -> 0 | J76: =IF($T76="March",1,0) -> 1 | K76: =IF($T76="April",1,0) -> 0 | L76: =IF($T76="May",1,0) -> 0 | M76: =IF($T76="June",1,0) -> 0 | N76: =IF($T76="July",1,0) -> 0 | O76: =IF($T76="August",1,0) -> 0 | P76: =IF($T76="September",1,0) -> 0 | Q76: =IF($T76="October",1,0) -> 0 | R76: =IF($T76="November",1,0) -> 0 | S76: =IF($T76="December",1,0) -> 0 | T76: March | U76: =$X$33+$X$34*C76+$X$35*D76+$X$36*E76+$X$37*F76+$X$38*G76+$X$39*H76+$X$40*I76+$X$41*J76+$X$42*K76+$X$43*L76+$X$44*M76+$X$45*N76+$X$46*O76+$X$47*P76+$X$48*Q76+$X$49*R76+$X$50*S76 -> 23.491339
A77: 43191 | B77: 19.5952 | C77: =SBO!$B77 -> 29.7 | D77: =Corn!B77/56*100 -> 6.3928571 | E77: 104.166 | F77: 2.981979 | G77: 2018 | H77: =IF($T77="January",1,0) -> 0 | I77: =IF($T77="February",1,0) -> 0 | J77: =IF($T77="March",1,0) -> 0 | K77: =IF($T77="April",1,0) -> 1 | L77: =IF($T77="May",1,0) -> 0 | M77: =IF($T77="June",1,0) -> 0 | N77: =IF($T77="July",1,0) -> 0 | O77: =IF($T77="August",1,0) -> 0 | P77: =IF($T77="September",1,0) -> 0 | Q77: =IF($T77="October",1,0) -> 0 | R77: =IF($T77="November",1,0) -> 0 | S77: =IF($T77="December",1,0) -> 0 | T77: April | U77: =$X$33+$X$34*C77+$X$35*D77+$X$36*E77+$X$37*F77+$X$38*G77+$X$39*H77+$X$40*I77+$X$41*J77+$X$42*K77+$X$43*L77+$X$44*M77+$X$45*N77+$X$46*O77+$X$47*P77+$X$48*Q77+$X$49*R77+$X$50*S77 -> 23.42954
A78: 43221 | B78: 22.7841 | C78: =SBO!$B78 -> 29.4 | D78: =Corn!B78/56*100 -> 6.5714286 | E78: 113.594 | F78: 10.734293 | G78: 2018 | H78: =IF($T78="January",1,0) -> 0 | I78: =IF($T78="February",1,0) -> 0 | J78: =IF($T78="March",1,0) -> 0 | K78: =IF($T78="April",1,0) -> 0 | L78: =IF($T78="May",1,0) -> 1 | M78: =IF($T78="June",1,0) -> 0 | N78: =IF($T78="July",1,0) -> 0 | O78: =IF($T78="August",1,0) -> 0 | P78: =IF($T78="September",1,0) -> 0 | Q78: =IF($T78="October",1,0) -> 0 | R78: =IF($T78="November",1,0) -> 0 | S78: =IF($T78="December",1,0) -> 0 | T78: May | U78: =$X$33+$X$34*C78+$X$35*D78+$X$36*E78+$X$37*F78+$X$38*G78+$X$39*H78+$X$40*I78+$X$41*J78+$X$42*K78+$X$43*L78+$X$44*M78+$X$45*N78+$X$46*O78+$X$47*P78+$X$48*Q78+$X$49*R78+$X$50*S78 -> 24.485668
A79: 43252 | B79: 25.5417 | C79: =SBO!$B79 -> 28.3 | D79: =Corn!B79/56*100 -> 6.3928571 | E79: 99.298 | F79: 2.335285 | G79: 2018 | H79: =IF($T79="January",1,0) -> 0 | I79: =IF($T79="February",1,0) -> 0 | J79: =IF($T79="March",1,0) -> 0 | K79: =IF($T79="April",1,0) -> 0 | L79: =IF($T79="May",1,0) -> 0 | M79: =IF($T79="June",1,0) -> 1 | N79: =IF($T79="July",1,0) -> 0 | O79: =IF($T79="August",1,0) -> 0 | P79: =IF($T79="September",1,0) -> 0 | Q79: =IF($T79="October",1,0) -> 0 | R79: =IF($T79="November",1,0) -> 0 | S79: =IF($T79="December",1,0) -> 0 | T79: June | U79: =$X$33+$X$34*C79+$X$35*D79+$X$36*E79+$X$37*F79+$X$38*G79+$X$39*H79+$X$40*I79+$X$41*J79+$X$42*K79+$X$43*L79+$X$44*M79+$X$45*N79+$X$46*O79+$X$47*P79+$X$48*Q79+$X$49*R79+$X$50*S79 -> 26.483718
A80: 43282 | B80: 24.8929 | C80: =SBO!$B80 -> 27.21 | D80: =Corn!B80/56*100 -> 6.1964286 | E80: 90.095 | F80: 3.26621 | G80: 2018 | H80: =IF($T80="January",1,0) -> 0 | I80: =IF($T80="February",1,0) -> 0 | J80: =IF($T80="March",1,0) -> 0 | K80: =IF($T80="April",1,0) -> 0 | L80: =IF($T80="May",1,0) -> 0 | M80: =IF($T80="June",1,0) -> 0 | N80: =IF($T80="July",1,0) -> 1 | O80: =IF($T80="August",1,0) -> 0 | P80: =IF($T80="September",1,0) -> 0 | Q80: =IF($T80="October",1,0) -> 0 | R80: =IF($T80="November",1,0) -> 0 | S80: =IF($T80="December",1,0) -> 0 | T80: July | U80: =$X$33+$X$34*C80+$X$35*D80+$X$36*E80+$X$37*F80+$X$38*G80+$X$39*H80+$X$40*I80+$X$41*J80+$X$42*K80+$X$43*L80+$X$44*M80+$X$45*N80+$X$46*O80+$X$47*P80+$X$48*Q80+$X$49*R80+$X$50*S80 -> 24.84896
A81: 43313 | B81: 23.1957 | C81: =SBO!$B81 -> 27.6 | D81: =Corn!B81/56*100 -> 6 | E81: 113.405 | F81: 3.192246 | G81: 2018 | H81: =IF($T81="January",1,0) -> 0 | I81: =IF($T81="February",1,0) -> 0 | J81: =IF($T81="March",1,0) -> 0 | K81: =IF($T81="April",1,0) -> 0 | L81: =IF($T81="May",1,0) -> 0 | M81: =IF($T81="June",1,0) -> 0 | N81: =IF($T81="July",1,0) -> 0 | O81: =IF($T81="August",1,0) -> 1 | P81: =IF($T81="September",1,0) -> 0 | Q81: =IF($T81="October",1,0) -> 0 | R81: =IF($T81="November",1,0) -> 0 | S81: =IF($T81="December",1,0) -> 0 | T81: August | U81: =$X$33+$X$34*C81+$X$35*D81+$X$36*E81+$X$37*F81+$X$38*G81+$X$39*H81+$X$40*I81+$X$41*J81+$X$42*K81+$X$43*L81+$X$44*M81+$X$45*N81+$X$46*O81+$X$47*P81+$X$48*Q81+$X$49*R81+$X$50*S81 -> 22.965369
A82: 43344 | B82: 22.6447 | C82: =SBO!$B82 -> 27.73 | D82: =Corn!B82/56*100 -> 6.0714286 | E82: 103.973 | F82: 14.495994 | G82: 2018 | H82: =IF($T82="January",1,0) -> 0 | I82: =IF($T82="February",1,0) -> 0 | J82: =IF($T82="March",1,0) -> 0 | K82: =IF($T82="April",1,0) -> 0 | L82: =IF($T82="May",1,0) -> 0 | M82: =IF($T82="June",1,0) -> 0 | N82: =IF($T82="July",1,0) -> 0 | O82: =IF($T82="August",1,0) -> 0 | P82: =IF($T82="September",1,0) -> 1 | Q82: =IF($T82="October",1,0) -> 0 | R82: =IF($T82="November",1,0) -> 0 | S82: =IF($T82="December",1,0) -> 0 | T82: September | U82: =$X$33+$X$34*C82+$X$35*D82+$X$36*E82+$X$37*F82+$X$38*G82+$X$39*H82+$X$40*I82+$X$41*J82+$X$42*K82+$X$43*L82+$X$44*M82+$X$45*N82+$X$46*O82+$X$47*P82+$X$48*Q82+$X$49*R82+$X$50*S82 -> 21.797705
A83: 43374 | B83: 18.3913 | C83: =SBO!$B83 -> 28.89 | D83: =Corn!B83/56*100 -> 6.1071429 | E83: 104.61 | F83: 3.25365 | G83: 2018 | H83: =IF($T83="January",1,0) -> 0 | I83: =IF($T83="February",1,0) -> 0 | J83: =IF($T83="March",1,0) -> 0 | K83: =IF($T83="April",1,0) -> 0 | L83: =IF($T83="May",1,0) -> 0 | M83: =IF($T83="June",1,0) -> 0 | N83: =IF($T83="July",1,0) -> 0 | O83: =IF($T83="August",1,0) -> 0 | P83: =IF($T83="September",1,0) -> 0 | Q83: =IF($T83="October",1,0) -> 1 | R83: =IF($T83="November",1,0) -> 0 | S83: =IF($T83="December",1,0) -> 0 | T83: October | U83: =$X$33+$X$34*C83+$X$35*D83+$X$36*E83+$X$37*F83+$X$38*G83+$X$39*H83+$X$40*I83+$X$41*J83+$X$42*K83+$X$43*L83+$X$44*M83+$X$45*N83+$X$46*O83+$X$47*P83+$X$48*Q83+$X$49*R83+$X$50*S83 -> 20.3063
A84: 43405 | B84: 19.025 | C84: =SBO!$B84 -> 27.49 | D84: =Corn!B84/56*100 -> 6.0892857 | E84: 116.736 | F84: 2.178022 | G84: 2018 | H84: =IF($T84="January",1,0) -> 0 | I84: =IF($T84="February",1,0) -> 0 | J84: =IF($T84="March",1,0) -> 0 | K84: =IF($T84="April",1,0) -> 0 | L84: =IF($T84="May",1,0) -> 0 | M84: =IF($T84="June",1,0) -> 0 | N84: =IF($T84="July",1,0) -> 0 | O84: =IF($T84="August",1,0) -> 0 | P84: =IF($T84="September",1,0) -> 0 | Q84: =IF($T84="October",1,0) -> 0 | R84: =IF($T84="November",1,0) -> 1 | S84: =IF($T84="December",1,0) -> 0 | T84: November | U84: =$X$33+$X$34*C84+$X$35*D84+$X$36*E84+$X$37*F84+$X$38*G84+$X$39*H84+$X$40*I84+$X$41*J84+$X$42*K84+$X$43*L84+$X$44*M84+$X$45*N84+$X$46*O84+$X$47*P84+$X$48*Q84+$X$49*R84+$X$50*S84 -> 18.248102
A85: 43435 | B85: 20.4605 | C85: =SBO!$B85 -> 28.14 | D85: =Corn!B85/56*100 -> 6.3214286 | E85: 118.323 | F85: 10.038877 | G85: 2018 | H85: =IF($T85="January",1,0) -> 0 | I85: =IF($T85="February",1,0) -> 0 | J85: =IF($T85="March",1,0) -> 0 | K85: =IF($T85="April",1,0) -> 0 | L85: =IF($T85="May",1,0) -> 0 | M85: =IF($T85="June",1,0) -> 0 | N85: =IF($T85="July",1,0) -> 0 | O85: =IF($T85="August",1,0) -> 0 | P85: =IF($T85="September",1,0) -> 0 | Q85: =IF($T85="October",1,0) -> 0 | R85: =IF($T85="November",1,0) -> 0 | S85: =IF($T85="December",1,0) -> 1 | T85: December | U85: =$X$33+$X$34*C85+$X$35*D85+$X$36*E85+$X$37*F85+$X$38*G85+$X$39*H85+$X$40*I85+$X$41*J85+$X$42*K85+$X$43*L85+$X$44*M85+$X$45*N85+$X$46*O85+$X$47*P85+$X$48*Q85+$X$49*R85+$X$50*S85 -> 17.63884
A86: 43466 | B86: 21.8214 | C86: =SBO!$B86 -> 28.44 | D86: =Corn!B86/56*100 -> 6.3571429 | E86: 111.538 | F86: 1.694636 | G86: 2019 | H86: =IF($T86="January",1,0) -> 1 | I86: =IF($T86="February",1,0) -> 0 | J86: =IF($T86="March",1,0) -> 0 | K86: =IF($T86="April",1,0) -> 0 | L86: =IF($T86="May",1,0) -> 0 | M86: =IF($T86="June",1,0) -> 0 | N86: =IF($T86="July",1,0) -> 0 | O86: =IF($T86="August",1,0) -> 0 | P86: =IF($T86="September",1,0) -> 0 | Q86: =IF($T86="October",1,0) -> 0 | R86: =IF($T86="November",1,0) -> 0 | S86: =IF($T86="December",1,0) -> 0 | T86: January | U86: =$X$33+$X$34*C86+$X$35*D86+$X$36*E86+$X$37*F86+$X$38*G86+$X$39*H86+$X$40*I86+$X$41*J86+$X$42*K86+$X$43*L86+$X$44*M86+$X$45*N86+$X$46*O86+$X$47*P86+$X$48*Q86+$X$49*R86+$X$50*S86 -> 19.207087
... A88: 43525 | B88: 20.5119 | C88: =SBO!$B88 -> 28.62 | D88: =Corn!B88/56*100 -> 6.4464286 | E88: 120.988 | F88: 4.234692 | G88: 2019 | H88: =IF($T88="January",1,0) -> 0 | I88: =IF($T88="February",1,0) -> 0 | J88: =IF($T88="March",1,0) -> 1 | K88: =IF($T88="April",1,0) -> 0 | L88: =IF($T88="May",1,0) -> 0 | M88: =IF($T88="June",1,0) -> 0 | N88: =IF($T88="July",1,0) -> 0 | O88: =IF($T88="August",1,0) -> 0 | P88: =IF($T88="September",1,0) -> 0 | Q88: =IF($T88="October",1,0) -> 0 | R88: =IF($T88="November",1,0) -> 0 | S88: =IF($T88="December",1,0) -> 0 | T88: March | U88: =$X$33+$X$34*C88+$X$35*D88+$X$36*E88+$X$37*F88+$X$38*G88+$X$39*H88+$X$40*I88+$X$41*J88+$X$42*K88+$X$43*L88+$X$44*M88+$X$45*N88+$X$46*O88+$X$47*P88+$X$48*Q88+$X$49*R88+$X$50*S88 -> 20.657472
A89: 43556 | B89: 21.3929 | C89: =SBO!$B89 -> 27.86 | D89: =Corn!B89/56*100 -> 6.3035714 | E89: 105.546 | F89: 2.946059 | G89: 2019 | H89: =IF($T89="January",1,0) -> 0 | I89: =IF($T89="February",1,0) -> 0 | J89: =IF($T89="March",1,0) -> 0 | K89: =IF($T89="April",1,0) -> 1 | L89: =IF($T89="May",1,0) -> 0 | M89: =IF($T89="June",1,0) -> 0 | N89: =IF($T89="July",1,0) -> 0 | O89: =IF($T89="August",1,0) -> 0 | P89: =IF($T89="September",1,0) -> 0 | Q89: =IF($T89="October",1,0) -> 0 | R89: =IF($T89="November",1,0) -> 0 | S89: =IF($T89="December",1,0) -> 0 | T89: April | U89: =$X$33+$X$34*C89+$X$35*D89+$X$36*E89+$X$37*F89+$X$38*G89+$X$39*H89+$X$40*I89+$X$41*J89+$X$42*K89+$X$43*L89+$X$44*M89+$X$45*N89+$X$46*O89+$X$47*P89+$X$48*Q89+$X$49*R89+$X$50*S89 -> 21.560185 | W89: Regression Analysis
A90: 43586 | B90: 24.3125 | C90: =SBO!$B90 -> 26.93 | D90: =Corn!B90/56*100 -> 6.4821429 | E90: 114.886 | F90: 3.635483 | G90: 2019 | H90: =IF($T90="January",1,0) -> 0 | I90: =IF($T90="February",1,0) -> 0 | J90: =IF($T90="March",1,0) -> 0 | K90: =IF($T90="April",1,0) -> 0 | L90: =IF($T90="May",1,0) -> 1 | M90: =IF($T90="June",1,0) -> 0 | N90: =IF($T90="July",1,0) -> 0 | O90: =IF($T90="August",1,0) -> 0 | P90: =IF($T90="September",1,0) -> 0 | Q90: =IF($T90="October",1,0) -> 0 | R90: =IF($T90="November",1,0) -> 0 | S90: =IF($T90="December",1,0) -> 0 | T90: May | U90: =$X$33+$X$34*C90+$X$35*D90+$X$36*E90+$X$37*F90+$X$38*G90+$X$39*H90+$X$40*I90+$X$41*J90+$X$42*K90+$X$43*L90+$X$44*M90+$X$45*N90+$X$46*O90+$X$47*P90+$X$48*Q90+$X$49*R90+$X$50*S90 -> 22.788098
A91: 43617 | B91: 25.9313 | C91: =SBO!$B91 -> 28.24 | D91: =Corn!B91/56*100 -> 7.1071429 | E91: 110.237 | F91: 3.244609 | G91: 2019 | H91: =IF($T91="January",1,0) -> 0 | I91: =IF($T91="February",1,0) -> 0 | J91: =IF($T91="March",1,0) -> 0 | K91: =IF($T91="April",1,0) -> 0 | L91: =IF($T91="May",1,0) -> 0 | M91: =IF($T91="June",1,0) -> 1 | N91: =IF($T91="July",1,0) -> 0 | O91: =IF($T91="August",1,0) -> 0 | P91: =IF($T91="September",1,0) -> 0 | Q91: =IF($T91="October",1,0) -> 0 | R91: =IF($T91="November",1,0) -> 0 | S91: =IF($T91="December",1,0) -> 0 | T91: June | U91: =$X$33+$X$34*C91+$X$35*D91+$X$36*E91+$X$37*F91+$X$38*G91+$X$39*H91+$X$40*I91+$X$41*J91+$X$42*K91+$X$43*L91+$X$44*M91+$X$45*N91+$X$46*O91+$X$47*P91+$X$48*Q91+$X$49*R91+$X$50*S91 -> 24.870792 | W91: OVERALL FIT
A92: 43647 | B92: 27.5398 | C92: =SBO!$B92 -> 27.68 | D92: =Corn!B92/56*100 -> 7.4285714 | E92: 93.335 | F92: 2.417192 | G92: 2019 | H92: =IF($T92="January",1,0) -> 0 | I92: =IF($T92="February",1,0) -> 0 | J92: =IF($T92="March",1,0) -> 0 | K92: =IF($T92="April",1,0) -> 0 | L92: =IF($T92="May",1,0) -> 0 | M92: =IF($T92="June",1,0) -> 0 | N92: =IF($T92="July",1,0) -> 1 | O92: =IF($T92="August",1,0) -> 0 | P92: =IF($T92="September",1,0) -> 0 | Q92: =IF($T92="October",1,0) -> 0 | R92: =IF($T92="November",1,0) -> 0 | S92: =IF($T92="December",1,0) -> 0 | T92: July | U92: =$X$33+$X$34*C92+$X$35*D92+$X$36*E92+$X$37*F92+$X$38*G92+$X$39*H92+$X$40*I92+$X$41*J92+$X$42*K92+$X$43*L92+$X$44*M92+$X$45*N92+$X$46*O92+$X$47*P92+$X$48*Q92+$X$49*R92+$X$50*S92 -> 24.783321 | W92: Multiple R | X92: =SQRT(X93) -> #NAME? | Z92: AIC | AA92: =X96*LN(Y101/X96)+2*(X100+1) -> #NAME?
A93: 43678 | B93: 26.8239 | C93: =SBO!$B93 -> 28.41 | D93: =Corn!B93/56*100 -> 7.0178571 | E93: 107.277 | F93: 2.761626 | G93: 2019 | H93: =IF($T93="January",1,0) -> 0 | I93: =IF($T93="February",1,0) -> 0 | J93: =IF($T93="March",1,0) -> 0 | K93: =IF($T93="April",1,0) -> 0 | L93: =IF($T93="May",1,0) -> 0 | M93: =IF($T93="June",1,0) -> 0 | N93: =IF($T93="July",1,0) -> 0 | O93: =IF($T93="August",1,0) -> 1 | P93: =IF($T93="September",1,0) -> 0 | Q93: =IF($T93="October",1,0) -> 0 | R93: =IF($T93="November",1,0) -> 0 | S93: =IF($T93="December",1,0) -> 0 | T93: August | U93: =$X$33+$X$34*C93+$X$35*D93+$X$36*E93+$X$37*F93+$X$38*G93+$X$39*H93+$X$40*I93+$X$41*J93+$X$42*K93+$X$43*L93+$X$44*M93+$X$45*N93+$X$46*O93+$X$47*P93+$X$48*Q93+$X$49*R93+$X$50*S93 -> 24.296073 | W93: R Square | X93: =Y100/Y102 -> #NAME? | Z93: AICc | AA93: =AA92+2*(X100+2)*(X100+3)/(X96-X100-3) -> #NAME?
A94: 43709 | B94: 23.95 | C94: =SBO!$B94 -> 28.81 | D94: =Corn!B94/56*100 -> 6.7857143 | E94: 106.205 | F94: 2.587647 | G94: 2019 | H94: =IF($T94="January",1,0) -> 0 | I94: =IF($T94="February",1,0) -> 0 | J94: =IF($T94="March",1,0) -> 0 | K94: =IF($T94="April",1,0) -> 0 | L94: =IF($T94="May",1,0) -> 0 | M94: =IF($T94="June",1,0) -> 0 | N94: =IF($T94="July",1,0) -> 0 | O94: =IF($T94="August",1,0) -> 0 | P94: =IF($T94="September",1,0) -> 1 | Q94: =IF($T94="October",1,0) -> 0 | R94: =IF($T94="November",1,0) -> 0 | S94: =IF($T94="December",1,0) -> 0 | T94: September | U94: =$X$33+$X$34*C94+$X$35*D94+$X$36*E94+$X$37*F94+$X$38*G94+$X$39*H94+$X$40*I94+$X$41*J94+$X$42*K94+$X$43*L94+$X$44*M94+$X$45*N94+$X$46*O94+$X$47*P94+$X$48*Q94+$X$49*R94+$X$50*S94 -> 23.509549 | W94: Adjusted R Square | X94: =1-(1-X93)*(X96-1)/(X96-X100-1) -> #NAME? | Z94: SBC | AA94: =X96*LN(Y101/X96)+(X100+1)*LN(X96) -> #NAME?
A95: 43739 | B95: 21.1467 | C95: =SBO!$B95 -> 30.14 | D95: =Corn!B95/56*100 -> 6.875 | E95: 114.003 | F95: 4.085696 | G95: 2019 | H95: =IF($T95="January",1,0) -> 0 | I95: =IF($T95="February",1,0) -> 0 | J95: =IF($T95="March",1,0) -> 0 | K95: =IF($T95="April",1,0) -> 0 | L95: =IF($T95="May",1,0) -> 0 | M95: =IF($T95="June",1,0) -> 0 | N95: =IF($T95="July",1,0) -> 0 | O95: =IF($T95="August",1,0) -> 0 | P95: =IF($T95="September",1,0) -> 0 | Q95: =IF($T95="October",1,0) -> 1 | R95: =IF($T95="November",1,0) -> 0 | S95: =IF($T95="December",1,0) -> 0 | T95: October | U95: =$X$33+$X$34*C95+$X$35*D95+$X$36*E95+$X$37*F95+$X$38*G95+$X$39*H95+$X$40*I95+$X$41*J95+$X$42*K95+$X$43*L95+$X$44*M95+$X$45*N95+$X$46*O95+$X$47*P95+$X$48*Q95+$X$49*R95+$X$50*S95 -> 20.020704 | W95: Standard Error | X95: =SQRT(Z101) -> #NAME?
A96: 43770 | B96: 20.4211 | C96: =SBO!$B96 -> 30.62 | D96: =Corn!B96/56*100 -> 6.5714286 | E96: 121.381 | F96: 2.389868 | G96: 2019 | H96: =IF($T96="January",1,0) -> 0 | I96: =IF($T96="February",1,0) -> 0 | J96: =IF($T96="March",1,0) -> 0 | K96: =IF($T96="April",1,0) -> 0 | L96: =IF($T96="May",1,0) -> 0 | M96: =IF($T96="June",1,0) -> 0 | N96: =IF($T96="July",1,0) -> 0 | O96: =IF($T96="August",1,0) -> 0 | P96: =IF($T96="September",1,0) -> 0 | Q96: =IF($T96="October",1,0) -> 0 | R96: =IF($T96="November",1,0) -> 1 | S96: =IF($T96="December",1,0) -> 0 | T96: November | U96: =$X$33+$X$34*C96+$X$35*D96+$X$36*E96+$X$37*F96+$X$38*G96+$X$39*H96+$X$40*I96+$X$41*J96+$X$42*K96+$X$43*L96+$X$44*M96+$X$45*N96+$X$46*O96+$X$47*P96+$X$48*Q96+$X$49*R96+$X$50*S96 -> 20.239267 | W96: Observations | X96: =COUNT(B2:B97) -> 96
A97: 43800 | B97: 23.0298 | C97: =SBO!$B97 -> 32.27 | D97: =Corn!B97/56*100 -> 6.625 | E97: 112.592 | F97: 7.935596 | G97: 2019 | H97: =IF($T97="January",1,0) -> 0 | I97: =IF($T97="February",1,0) -> 0 | J97: =IF($T97="March",1,0) -> 0 | K97: =IF($T97="April",1,0) -> 0 | L97: =IF($T97="May",1,0) -> 0 | M97: =IF($T97="June",1,0) -> 0 | N97: =IF($T97="July",1,0) -> 0 | O97: =IF($T97="August",1,0) -> 0 | P97: =IF($T97="September",1,0) -> 0 | Q97: =IF($T97="October",1,0) -> 0 | R97: =IF($T97="November",1,0) -> 0 | S97: =IF($T97="December",1,0) -> 1 | T97: December | U97: =$X$33+$X$34*C97+$X$35*D97+$X$36*E97+$X$37*F97+$X$38*G97+$X$39*H97+$X$40*I97+$X$41*J97+$X$42*K97+$X$43*L97+$X$44*M97+$X$45*N97+$X$46*O97+$X$47*P97+$X$48*Q97+$X$49*R97+$X$50*S97 -> 21.992096
A98: 43831 | B98: 25.6488 | C98: =[2]Prices!$L603 -> 33.04 | D98: =Corn!B98/56*100 -> 6.7678571 | E98: 115.706 | F98: 4.1660947 | G98: 2020 | H98: =IF($T98="January",1,0) -> 1 | I98: =IF($T98="February",1,0) -> 0 | J98: =IF($T98="March",1,0) -> 0 | K98: =IF($T98="April",1,0) -> 0 | L98: =IF($T98="May",1,0) -> 0 | M98: =IF($T98="June",1,0) -> 0 | N98: =IF($T98="July",1,0) -> 0 | O98: =IF($T98="August",1,0) -> 0 | P98: =IF($T98="September",1,0) -> 0 | Q98: =IF($T98="October",1,0) -> 0 | R98: =IF($T98="November",1,0) -> 0 | S98: =IF($T98="December",1,0) -> 0 | T98: January | U98: =$X$33+$X$34*C98+$X$35*D98+$X$36*E98+$X$37*F98+$X$38*G98+$X$39*H98+$X$40*I98+$X$41*J98+$X$42*K98+$X$43*L98+$X$44*M98+$X$45*N98+$X$46*O98+$X$47*P98+$X$48*Q98+$X$49*R98+$X$50*S98 -> 22.305743 | W98: ANOVA | AA98: Alpha | AB98: 0.05
A99: 43862 | B99: 27.0395 | C99: =[2]Prices!$L604 -> 30.26 | D99: =Corn!B99/56*100 -> 6.75 | E99: 125.112 | F99: 3.432805 | G99: 2020 | H99: =IF($T99="January",1,0) -> 0 | I99: =IF($T99="February",1,0) -> 1 | J99: =IF($T99="March",1,0) -> 0 | K99: =IF($T99="April",1,0) -> 0 | L99: =IF($T99="May",1,0) -> 0 | M99: =IF($T99="June",1,0) -> 0 | N99: =IF($T99="July",1,0) -> 0 | O99: =IF($T99="August",1,0) -> 0 | P99: =IF($T99="September",1,0) -> 0 | Q99: =IF($T99="October",1,0) -> 0 | R99: =IF($T99="November",1,0) -> 0 | S99: =IF($T99="December",1,0) -> 0 | T99: February | U99: =$X$33+$X$34*C99+$X$35*D99+$X$36*E99+$X$37*F99+$X$38*G99+$X$39*H99+$X$40*I99+$X$41*J99+$X$42*K99+$X$43*L99+$X$44*M99+$X$45*N99+$X$46*O99+$X$47*P99+$X$48*Q99+$X$49*R99+$X$50*S99 -> 20.998962 | X99: df | Y99: SS | Z99: MS | AA99: F | AB99: p-value | AC99: sig
A100: 43891 | B100: 22.9886 | C100: =[2]Prices!$L605 -> 27.04 | D100: =Corn!B100/56*100 -> 6.5714286 | E100: 126.508 | F100: 2.7578936 | G100: 2020 | H100: =IF($T100="January",1,0) -> 0 | I100: =IF($T100="February",1,0) -> 0 | J100: =IF($T100="March",1,0) -> 1 | K100: =IF($T100="April",1,0) -> 0 | L100: =IF($T100="May",1,0) -> 0 | M100: =IF($T100="June",1,0) -> 0 | N100: =IF($T100="July",1,0) -> 0 | O100: =IF($T100="August",1,0) -> 0 | P100: =IF($T100="September",1,0) -> 0 | Q100: =IF($T100="October",1,0) -> 0 | R100: =IF($T100="November",1,0) -> 0 | S100: =IF($T100="December",1,0) -> 0 | T100: March | U100: =$X$33+$X$34*C100+$X$35*D100+$X$36*E100+$X$37*F100+$X$38*G100+$X$39*H100+$X$40*I100+$X$41*J100+$X$42*K100+$X$43*L100+$X$44*M100+$X$45*N100+$X$46*O100+$X$47*P100+$X$48*Q100+$X$49*R100+$X$50*S100 -> 18.647196 | W100: Regression | X100: =COUNT(C2:S2) -> 17 | Y100: #NAME? | Z100: =Y100/X100 -> #NAME? | AA100: =Z100/Z101 -> #NAME? | AB100: =_xlfn.F.DIST.RT(AA100,X100,X101) -> #NAME? | AC100: =IF(AB100<AB98,"yes","no") -> #NAME?
A101: 43922 | B101: 22.7143 | C101: =[2]Prices!$L606 -> 25.69 | D101: =Corn!B101/56*100 -> 5.875 | E101: 88.974 | F101: 3.8954357 | G101: 2020 | H101: =IF($T101="January",1,0) -> 0 | I101: =IF($T101="February",1,0) -> 0 | J101: =IF($T101="March",1,0) -> 0 | K101: =IF($T101="April",1,0) -> 1 | L101: =IF($T101="May",1,0) -> 0 | M101: =IF($T101="June",1,0) -> 0 | N101: =IF($T101="July",1,0) -> 0 | O101: =IF($T101="August",1,0) -> 0 | P101: =IF($T101="September",1,0) -> 0 | Q101: =IF($T101="October",1,0) -> 0 | R101: =IF($T101="November",1,0) -> 0 | S101: =IF($T101="December",1,0) -> 0 | T101: April | U101: =$X$33+$X$34*C101+$X$35*D101+$X$36*E101+$X$37*F101+$X$38*G101+$X$39*H101+$X$40*I101+$X$41*J101+$X$42*K101+$X$43*L101+$X$44*M101+$X$45*N101+$X$46*O101+$X$47*P101+$X$48*Q101+$X$49*R101+$X$50*S101 -> 21.495501 | W101: Residual | X101: =X102-X100 -> 78 | Y101: =Y102-Y100 -> #NAME? | Z101: =Y101/X101 -> #NAME?
A102: 43952 | B102: 22.4313 | C102: =[2]Prices!$L607 -> 25.27 | D102: =Corn!B102/56*100 -> 5.7142857 | E102: 99.635329 | G102: 2020 | H102: =IF($T102="January",1,0) -> 0 | I102: =IF($T102="February",1,0) -> 0 | J102: =IF($T102="March",1,0) -> 0 | K102: =IF($T102="April",1,0) -> 0 | L102: =IF($T102="May",1,0) -> 1 | M102: =IF($T102="June",1,0) -> 0 | N102: =IF($T102="July",1,0) -> 0 | O102: =IF($T102="August",1,0) -> 0 | P102: =IF($T102="September",1,0) -> 0 | Q102: =IF($T102="October",1,0) -> 0 | R102: =IF($T102="November",1,0) -> 0 | S102: =IF($T102="December",1,0) -> 0 | T102: May | U102: =$X$33+$X$34*C102+$X$35*D102+$X$36*E102+$X$37*F102+$X$38*G102+$X$39*H102+$X$40*I102+$X$41*J102+$X$42*K102+$X$43*L102+$X$44*M102+$X$45*N102+$X$46*O102+$X$47*P102+$X$48*Q102+$X$49*R102+$X$50*S102 -> 23.477135 | W102: Total | X102: =X96-1 -> 95 | Y102: =DEVSQ(B2:B97) -> 6758.8578
A103: 43983 | G103: 2020 | H103: =IF($T103="January",1,0) -> 0 | I103: =IF($T103="February",1,0) -> 0 | J103: =IF($T103="March",1,0) -> 0 | K103: =IF($T103="April",1,0) -> 0 | L103: =IF($T103="May",1,0) -> 0 | M103: =IF($T103="June",1,0) -> 1 | N103: =IF($T103="July",1,0) -> 0 | O103: =IF($T103="August",1,0) -> 0 | P103: =IF($T103="September",1,0) -> 0 | Q103: =IF($T103="October",1,0) -> 0 | R103: =IF($T103="November",1,0) -> 0 | S103: =IF($T103="December",1,0) -> 0 | T103: June | U103: =$X$33+$X$34*C103+$X$35*D103+$X$36*E103+$X$37*F103+$X$38*G103+$X$39*H103+$X$40*I103+$X$41*J103+$X$42*K103+$X$43*L103+$X$44*M103+$X$45*N103+$X$46*O103+$X$47*P103+$X$48*Q103+$X$49*R103+$X$50*S103 -> 14.26717
A104: 44013 | G104: 2020 | H104: =IF($T104="January",1,0) -> 0 | I104: =IF($T104="February",1,0) -> 0 | J104: =IF($T104="March",1,0) -> 0 | K104: =IF($T104="April",1,0) -> 0 | L104: =IF($T104="May",1,0) -> 0 | M104: =IF($T104="June",1,0) -> 0 | N104: =IF($T104="July",1,0) -> 1 | O104: =IF($T104="August",1,0) -> 0 | P104: =IF($T104="September",1,0) -> 0 | Q104: =IF($T104="October",1,0) -> 0 | R104: =IF($T104="November",1,0) -> 0 | S104: =IF($T104="December",1,0) -> 0 | T104: July | U104: =$X$33+$X$34*C104+$X$35*D104+$X$36*E104+$X$37*F104+$X$38*G104+$X$39*H104+$X$40*I104+$X$41*J104+$X$42*K104+$X$43*L104+$X$44*M104+$X$45*N104+$X$46*O104+$X$47*P104+$X$48*Q104+$X$49*R104+$X$50*S104 -> 12.546342 | X104: coeff | Y104: std err | Z104: t stat | AA104: p-value | AB104: lower | AC104: upper | AD104: vif
A105: 44044 | G105: 2020 | H105: =IF($T105="January",1,0) -> 0 | I105: =IF($T105="February",1,0) -> 0 | J105: =IF($T105="March",1,0) -> 0 | K105: =IF($T105="April",1,0) -> 0 | L105: =IF($T105="May",1,0) -> 0 | M105: =IF($T105="June",1,0) -> 0 | N105: =IF($T105="July",1,0) -> 0 | O105: =IF($T105="August",1,0) -> 1 | P105: =IF($T105="September",1,0) -> 0 | Q105: =IF($T105="October",1,0) -> 0 | R105: =IF($T105="November",1,0) -> 0 | S105: =IF($T105="December",1,0) -> 0 | T105: August | U105: =$X$33+$X$34*C105+$X$35*D105+$X$36*E105+$X$37*F105+$X$38*G105+$X$39*H105+$X$40*I105+$X$41*J105+$X$42*K105+$X$43*L105+$X$44*M105+$X$45*N105+$X$46*O105+$X$47*P105+$X$48*Q105+$X$49*R105+$X$50*S105 -> 13.134659 | W105: Intercept | X105: #NAME? | Y105: #NAME? | Z105: =X105/Y105 -> #NAME? | AA105: =_xlfn.T.DIST.2T(ABS(Z105),$X$101) -> #NAME? | AB105: =X105-_xlfn.T.INV.2T(AB$98,$X$101)*Y105 -> #NAME? | AC105: =X105+_xlfn.T.INV.2T(AB$98,$X$101)*Y105 -> #NAME?
A106: 44075 | G106: 2020 | H106: =IF($T106="January",1,0) -> 0 | I106: =IF($T106="February",1,0) -> 0 | J106: =IF($T106="March",1,0) -> 0 | K106: =IF($T106="April",1,0) -> 0 | L106: =IF($T106="May",1,0) -> 0 | M106: =IF($T106="June",1,0) -> 0 | N106: =IF($T106="July",1,0) -> 0 | O106: =IF($T106="August",1,0) -> 0 | P106: =IF($T106="September",1,0) -> 1 | Q106: =IF($T106="October",1,0) -> 0 | R106: =IF($T106="November",1,0) -> 0 | S106: =IF($T106="December",1,0) -> 0 | T106: September | U106: =$X$33+$X$34*C106+$X$35*D106+$X$36*E106+$X$37*F106+$X$38*G106+$X$39*H106+$X$40*I106+$X$41*J106+$X$42*K106+$X$43*L106+$X$44*M106+$X$45*N106+$X$46*O106+$X$47*P106+$X$48*Q106+$X$49*R106+$X$50*S106 -> 11.845213 | W106: {=TRANSPOSE(C1:S1)} -> SBO | X106: #NAME? | Y106: #NAME? | Z106: =X106/Y106 -> #NAME? | AA106: =_xlfn.T.DIST.2T(ABS(Z106),$X$101) -> #NAME? | AB106: =X106-_xlfn.T.INV.2T(AB$98,$X$101)*Y106 -> #NAME? | AC106: =X106+_xlfn.T.INV.2T(AB$98,$X$101)*Y106 -> #NAME? | AD106: #NAME?
A107: 44105 | G107: 2020 | H107: =IF($T107="January",1,0) -> 0 | I107: =IF($T107="February",1,0) -> 0 | J107: =IF($T107="March",1,0) -> 0 | K107: =IF($T107="April",1,0) -> 0 | L107: =IF($T107="May",1,0) -> 0 | M107: =IF($T107="June",1,0) -> 0 | N107: =IF($T107="July",1,0) -> 0 | O107: =IF($T107="August",1,0) -> 0 | P107: =IF($T107="September",1,0) -> 0 | Q107: =IF($T107="October",1,0) -> 1 | R107: =IF($T107="November",1,0) -> 0 | S107: =IF($T107="December",1,0) -> 0 | T107: October | U107: =$X$33+$X$34*C107+$X$35*D107+$X$36*E107+$X$37*F107+$X$38*G107+$X$39*H107+$X$40*I107+$X$41*J107+$X$42*K107+$X$43*L107+$X$44*M107+$X$45*N107+$X$46*O107+$X$47*P107+$X$48*Q107+$X$49*R107+$X$50*S107 -> 8.3031111 | W107: Corn | X107: #NAME? | Y107: #NAME? | Z107: =X107/Y107 -> #NAME? | AA107: =_xlfn.T.DIST.2T(ABS(Z107),$X$101) -> #NAME? | AB107: =X107-_xlfn.T.INV.2T(AB$98,$X$101)*Y107 -> #NAME? | AC107: =X107+_xlfn.T.INV.2T(AB$98,$X$101)*Y107 -> #NAME? | AD107: #NAME?
A108: 44136 | G108: 2020 | H108: =IF($T108="January",1,0) -> 0 | I108: =IF($T108="February",1,0) -> 0 | J108: =IF($T108="March",1,0) -> 0 | K108: =IF($T108="April",1,0) -> 0 | L108: =IF($T108="May",1,0) -> 0 | M108: =IF($T108="June",1,0) -> 0 | N108: =IF($T108="July",1,0) -> 0 | O108: =IF($T108="August",1,0) -> 0 | P108: =IF($T108="September",1,0) -> 0 | Q108: =IF($T108="October",1,0) -> 0 | R108: =IF($T108="November",1,0) -> 1 | S108: =IF($T108="December",1,0) -> 0 | T108: November | U108: =$X$33+$X$34*C108+$X$35*D108+$X$36*E108+$X$37*F108+$X$38*G108+$X$39*H108+$X$40*I108+$X$41*J108+$X$42*K108+$X$43*L108+$X$44*M108+$X$45*N108+$X$46*O108+$X$47*P108+$X$48*Q108+$X$49*R108+$X$50*S108 -> 8.8183889 | W108: production | X108: #NAME? | Y108: #NAME? | Z108: =X108/Y108 -> #NAME? | AA108: =_xlfn.T.DIST.2T(ABS(Z108),$X$101) -> #NAME? | AB108: =X108-_xlfn.T.INV.2T(AB$98,$X$101)*Y108 -> #NAME? | AC108: =X108+_xlfn.T.INV.2T(AB$98,$X$101)*Y108 -> #NAME? | AD108: #NAME?
A109: 44166 | G109: 2020 | H109: =IF($T109="January",1,0) -> 0 | I109: =IF($T109="February",1,0) -> 0 | J109: =IF($T109="March",1,0) -> 0 | K109: =IF($T109="April",1,0) -> 0 | L109: =IF($T109="May",1,0) -> 0 | M109: =IF($T109="June",1,0) -> 0 | N109: =IF($T109="July",1,0) -> 0 | O109: =IF($T109="August",1,0) -> 0 | P109: =IF($T109="September",1,0) -> 0 | Q109: =IF($T109="October",1,0) -> 0 | R109: =IF($T109="November",1,0) -> 0 | S109: =IF($T109="December",1,0) -> 1 | T109: December | U109: =$X$33+$X$34*C109+$X$35*D109+$X$36*E109+$X$37*F109+$X$38*G109+$X$39*H109+$X$40*I109+$X$41*J109+$X$42*K109+$X$43*L109+$X$44*M109+$X$45*N109+$X$46*O109+$X$47*P109+$X$48*Q109+$X$49*R109+$X$50*S109 -> 8.6343198 | W109: import | X109: #NAME? | Y109: #NAME? | Z109: =X109/Y109 -> #NAME? | AA109: =_xlfn.T.DIST.2T(ABS(Z109),$X$101) -> #NAME? | AB109: =X109-_xlfn.T.INV.2T(AB$98,$X$101)*Y109 -> #NAME? | AC109: =X109+_xlfn.T.INV.2T(AB$98,$X$101)*Y109 -> #NAME? | AD109: #NAME?
A110: 44197 | G110: 2021 | H110: =IF($T110="January",1,0) -> 1 | I110: =IF($T110="February",1,0) -> 0 | J110: =IF($T110="March",1,0) -> 0 | K110: =IF($T110="April",1,0) -> 0 | L110: =IF($T110="May",1,0) -> 0 | M110: =IF($T110="June",1,0) -> 0 | N110: =IF($T110="July",1,0) -> 0 | O110: =IF($T110="August",1,0) -> 0 | P110: =IF($T110="September",1,0) -> 0 | Q110: =IF($T110="October",1,0) -> 0 | R110: =IF($T110="November",1,0) -> 0 | S110: =IF($T110="December",1,0) -> 0 | T110: January | U110: =$X$33+$X$34*C110+$X$35*D110+$X$36*E110+$X$37*F110+$X$38*G110+$X$39*H110+$X$40*I110+$X$41*J110+$X$42*K110+$X$43*L110+$X$44*M110+$X$45*N110+$X$46*O110+$X$47*P110+$X$48*Q110+$X$49*R110+$X$50*S110 -> 8.287099 | W110: year | X110: #NAME? | Y110: #NAME? | Z110: =X110/Y110 -> #NAME? | AA110: =_xlfn.T.DIST.2T(ABS(Z110),$X$101) -> #NAME? | AB110: =X110-_xlfn.T.INV.2T(AB$98,$X$101)*Y110 -> #NAME? | AC110: =X110+_xlfn.T.INV.2T(AB$98,$X$101)*Y110 -> #NAME? | AD110: #NAME?
A111: 44228 | G111: 2021 | H111: =IF($T111="January",1,0) -> 0 | I111: =IF($T111="February",1,0) -> 1 | J111: =IF($T111="March",1,0) -> 0 | K111: =IF($T111="April",1,0) -> 0 | L111: =IF($T111="May",1,0) -> 0 | M111: =IF($T111="June",1,0) -> 0 | N111: =IF($T111="July",1,0) -> 0 | O111: =IF($T111="August",1,0) -> 0 | P111: =IF($T111="September",1,0) -> 0 | Q111: =IF($T111="October",1,0) -> 0 | R111: =IF($T111="November",1,0) -> 0 | S111: =IF($T111="December",1,0) -> 0 | T111: February | U111: =$X$33+$X$34*C111+$X$35*D111+$X$36*E111+$X$37*F111+$X$38*G111+$X$39*H111+$X$40*I111+$X$41*J111+$X$42*K111+$X$43*L111+$X$44*M111+$X$45*N111+$X$46*O111+$X$47*P111+$X$48*Q111+$X$49*R111+$X$50*S111 -> 10.453412 | W111: dummy1 | X111: #NAME? | Y111: #NAME? | Z111: =X111/Y111 -> #NAME? | AA111: =_xlfn.T.DIST.2T(ABS(Z111),$X$101) -> #NAME? | AB111: =X111-_xlfn.T.INV.2T(AB$98,$X$101)*Y111 -> #NAME? | AC111: =X111+_xlfn.T.INV.2T(AB$98,$X$101)*Y111 -> #NAME? | AD111: #NAME?
A112: 44256 | G112: 2021 | H112: =IF($T112="January",1,0) -> 0 | I112: =IF($T112="February",1,0) -> 0 | J112: =IF($T112="March",1,0) -> 1 | K112: =IF($T112="April",1,0) -> 0 | L112: =IF($T112="May",1,0) -> 0 | M112: =IF($T112="June",1,0) -> 0 | N112: =IF($T112="July",1,0) -> 0 | O112: =IF($T112="August",1,0) -> 0 | P112: =IF($T112="September",1,0) -> 0 | Q112: =IF($T112="October",1,0) -> 0 | R112: =IF($T112="November",1,0) -> 0 | S112: =IF($T112="December",1,0) -> 0 | T112: March | U112: =$X$33+$X$34*C112+$X$35*D112+$X$36*E112+$X$37*F112+$X$38*G112+$X$39*H112+$X$40*I112+$X$41*J112+$X$42*K112+$X$43*L112+$X$44*M112+$X$45*N112+$X$46*O112+$X$47*P112+$X$48*Q112+$X$49*R112+$X$50*S112 -> 10.984508 | W112: dummy2 | X112: #NAME? | Y112: #NAME? | Z112: =X112/Y112 -> #NAME? | AA112: =_xlfn.T.DIST.2T(ABS(Z112),$X$101) -> #NAME? | AB112: =X112-_xlfn.T.INV.2T(AB$98,$X$101)*Y112 -> #NAME? | AC112: =X112+_xlfn.T.INV.2T(AB$98,$X$101)*Y112 -> #NAME? | AD112: #NAME?
A113: 44287 | W113: dummy3 | X113: #NAME? | Y113: #NAME? | Z113: =X113/Y113 -> #NAME? | AA113: =_xlfn.T.DIST.2T(ABS(Z113),$X$101) -> #NAME? | AB113: =X113-_xlfn.T.INV.2T(AB$98,$X$101)*Y113 -> #NAME? | AC113: =X113+_xlfn.T.INV.2T(AB$98,$X$101)*Y113 -> #NAME? | AD113: #NAME?
A114: 44317 | W114: dummy4 | X114: #NAME? | Y114: #NAME? | Z114: =X114/Y114 -> #NAME? | AA114: =_xlfn.T.DIST.2T(ABS(Z114),$X$101) -> #NAME? | AB114: =X114-_xlfn.T.INV.2T(AB$98,$X$101)*Y114 -> #NAME? | AC114: =X114+_xlfn.T.INV.2T(AB$98,$X$101)*Y114 -> #NAME? | AD114: #NAME?
...

Sheet DCO
B1: DCO | C1: SBO | D1: Corn | E1: Projected | G1: SUMMARY OUTPUT
A2: 40909 | B2: 37.3125 | C2: =SBO!$B2 -> 50.99 | D2: =Corn!B2/56*100 -> 11.160714 | E2: =$H$17+($H$18*C2)+($H$19*D2) -> 39.008043
A3: 40940 | B3: 43.375 | C3: =SBO!$B3 -> 52.36 | D3: =Corn!B3/56*100 -> 11.446429 | E3: =$H$17+($H$18*C3)+($H$19*D3) -> 39.92103 | G3: Regression Statistics
A4: 40969 | B4: 44.8181 | C4: =SBO!$B4 -> 53.43 | D4: =Corn!B4/56*100 -> 11.535714 | E4: =$H$17+($H$18*C4)+($H$19*D4) -> 40.669328 | G4: Multiple R | H4: 0.91796915
A5: 41000 | B5: 42.175 | C5: =SBO!$B5 -> 54.96 | D5: =Corn!B5/56*100 -> 11.321429 | E5: =$H$17+($H$18*C5)+($H$19*D5) -> 41.82933 | G5: R Square | H5: 0.84266735
A6: 41030 | B6: 42.4773 | C6: =SBO!$B6 -> 50.69 | D6: =Corn!B6/56*100 -> 11.196429 | E6: =$H$17+($H$18*C6)+($H$19*D6) -> 38.782251 | G6: Adjusted R Square | H6: 0.83928386
A7: 41061 | B7: 37.7619 | C7: =SBO!$B7 -> 48.65 | D7: =Corn!B7/56*100 -> 11.25 | E7: =$H$17+($H$18*C7)+($H$19*D7) -> 37.296683 | G7: Standard Error | H7: 2.2954333
A8: 41091 | B8: 36.4762 | C8: =SBO!$B8 -> 51.96 | D8: =Corn!B8/56*100 -> 14.017857 | E8: =$H$17+($H$18*C8)+($H$19*D8) -> 38.955674 | G8: Observations | H8: 96
A9: 41122 | B9: 37.1739 | C9: =SBO!$B9 -> 52.65 | D9: =Corn!B9/56*100 -> 14.553571 | E9: =$H$17+($H$18*C9)+($H$19*D9) -> 39.312369
A10: 41153 | B10: 39.7632 | C10: =SBO!$B10 -> 53.81 | D10: =Corn!B10/56*100 -> 13.75 | E10: =$H$17+($H$18*C10)+($H$19*D10) -> 40.360596 | G10: ANOVA
A11: 41183 | B11: 36.0652 | C11: =SBO!$B11 -> 49.31 | D11: =Corn!B11/56*100 -> 13.357143 | E11: =$H$17+($H$18*C11)+($H$19*D11) -> 37.218119 | H11: df | I11: SS | J11: MS | K11: F | L11: Significance F
A12: 41214 | B12: 29.9875 | C12: =SBO!$B12 -> 46.27 | D12: =Corn!B12/56*100 -> 13.196429 | E12: =$H$17+($H$18*C12)+($H$19*D12) -> 35.067648 | G12: Regression | H12: 2 | I12: 2624.5185 | J12: 1312.2593 | K12: 249.05214 | L12: 4.4882424e-38
A13: 41244 | B13: 34.6 | C13: =SBO!$B13 -> 47.16 | D13: =Corn!B13/56*100 -> 12.910714 | E13: =$H$17+($H$18*C13)+($H$19*D13) -> 35.784815 | G13: Residual | H13: 93 | I13: 490.01832 | J13: 5.2690142
A14: 41275 | B14: 36 | C14: =SBO!$B14 -> 48.85 | D14: =Corn!B14/56*100 -> 12.803571 | E14: =$H$17+($H$18*C14)+($H$19*D14) -> 37.032025 | G14: Total | H14: 95 | I14: 3114.5369
A15: 41306 | B15: 36.75 | C15: =SBO!$B15 -> 49.33 | D15: =Corn!B15/56*100 -> 12.767857 | E15: =$H$17+($H$18*C15)+($H$19*D15) -> 37.387653
A16: 41334 | B16: 36.8375 | C16: =SBO!$B16 -> 48.62 | D16: =Corn!B16/56*100 -> 13.089286 | E16: =$H$17+($H$18*C16)+($H$19*D16) -> 36.790921 | H16: Coefficients | I16: Standard Error | J16: t Stat | K16: P-value | L16: Lower 95% | M16: Upper 95% | N16: Lower 95.0% | O16: Upper 95.0%
A17: 41365 | B17: 36.7159 | C17: =SBO!$B17 -> 49.28 | D17: =Corn!B17/56*100 -> 11.732143 | E17: =$H$17+($H$18*C17)+($H$19*D17) -> 37.624201 | G17: Intercept | H17: 5.1662379 | I17: 1.2175506 | J17: 4.2431401 | K17: 5.2071394e-05 | L17: 2.7484237 | M17: 7.5840522 | N17: 2.7484237 | O17: 7.5840522
A18: 41395 | B18: 36.0568 | C18: =SBO!$B18 -> 49.31 | D18: =Corn!B18/56*100 -> 12.196429 | E18: =$H$17+($H$18*C18)+($H$19*D18) -> 37.523634 | G18: SBO | H18: 0.72130709 | I18: 0.07171915 | J18: 10.057385 | K18: 1.5487206e-16 | L18: 0.57888707 | M18: 0.8637271 | N18: 0.57888707 | O18: 0.8637271
A19: 41426 | B19: 35.4 | C19: =SBO!$B19 -> 47.84 | D19: =Corn!B19/56*100 -> 12.392857 | E19: =$H$17+($H$18*C19)+($H$19*D19) -> 36.41161 | G19: Corn | H19: -0.26321282 | I19: 0.22694521 | J19: -1.1598078 | K19: 0.24909604 | L19: -0.71388103 | M19: 0.1874554 | N19: -0.71388103 | O19: 0.1874554
A20: 41456 | B20: 37.0227 | C20: =SBO!$B20 -> 45.19 | D20: =Corn!B20/56*100 -> 11.803571 | E20: =$H$17+($H$18*C20)+($H$19*D20) -> 34.655254
A21: 41487 | B21: 37.5455 | C21: =SBO!$B21 -> 42.33 | D21: =Corn!B21/56*100 -> 10.678571 | E21: =$H$17+($H$18*C21)+($H$19*D21) -> 32.88843
A22: 41518 | B22: 36.7375 | C22: =SBO!$B22 -> 42.12 | D22: =Corn!B22/56*100 -> 8.5357143 | E22: =$H$17+($H$18*C22)+($H$19*D22) -> 33.300983
A23: 41548 | B23: 29.2609 | C23: =SBO!$B23 -> 39.66 | D23: =Corn!B23/56*100 -> 7.5 | E23: =$H$17+($H$18*C23)+($H$19*D23) -> 31.799181
A24: 41579 | B24: 27.5921 | C24: =SBO!$B24 -> 39.58 | D24: =Corn!B24/56*100 -> 7.3214286 | E24: =$H$17+($H$18*C24)+($H$19*D24) -> 31.788479
A25: 41609 | B25: 29.5658 | C25: =SBO!$B25 -> 37.63 | D25: =Corn!B25/56*100 -> 7.375 | E25: =$H$17+($H$18*C25)+($H$19*D25) -> 30.367829
A26: 41640 | B26: 29.0952 | C26: =SBO!$B26 -> 34.95 | D26: =Corn!B26/56*100 -> 7.375 | E26: =$H$17+($H$18*C26)+($H$19*D26) -> 28.434726
A27: 41671 | B27: 30.9737 | C27: =SBO!$B27 -> 37.11 | D27: =Corn!B27/56*100 -> 7.7321429 | E27: =$H$17+($H$18*C27)+($H$19*D27) -> 29.898745
A28: 41699 | B28: 33.9524 | C28: =SBO!$B28 -> 40.82 | D28: =Corn!B28/56*100 -> 8.2857143 | E28: =$H$17+($H$18*C28)+($H$19*D28) -> 32.429087
A29: 41730 | B29: 34.9286 | C29: =SBO!$B29 -> 41.87 | D29: =Corn!B29/56*100 -> 8.8928571 | E29: =$H$17+($H$18*C29)+($H$19*D29) -> 33.026652
A30: 41760 | B30: 35.5 | C30: =SBO!$B30 -> 40.68 | D30: =Corn!B30/56*100 -> 8.4285714 | E30: =$H$17+($H$18*C30)+($H$19*D30) -> 32.290502
A31: 41791 | B31: 34.1905 | C31: =SBO!$B31 -> 39.84 | D31: =Corn!B31/56*100 -> 7.8035714 | E31: =$H$17+($H$18*C31)+($H$19*D31) -> 31.849112
... A97: 43800 | B97: 23.0833 | C97: =SBO!$B97 -> 32.27 | D97: =Corn!B97/56*100 -> 6.625 | E97: =$H$17+($H$18*C97)+($H$19*D97) -> 26.699033
A98: 43831 | E98: =$H$17+($H$18*C98)+($H$19*D98) -> 5.1662379
A99: 43862 | E99: =$H$17+($H$18*C99)+($H$19*D99) -> 5.1662379
A100: 43891 | E100: =$H$17+($H$18*C100)+($H$19*D100) -> 5.1662379
A101: 43922 | E101: =$H$17+($H$18*C101)+($H$19*D101) -> 5.1662379

Sheet DCO (2)
B1: DCO | C1: SBO | D1: Corn | E1: Projected | G1: SUMMARY OUTPUT
A2: 40909 | B2: 37.3125 | C2: =SBO!$B2 -> 50.99 | D2: =Corn!B2/56*100 -> 11.160714 | E2: =$H$17+($H$18*C2)+($H$19*D2) -> 39.008043 | R2: Yongbo corn oil analysis report:
A3: 40940 | B3: 43.375 | C3: =SBO!$B3 -> 52.36 | D3: =Corn!B3/56*100 -> 11.446429 | E3: =$H$17+($H$18*C3)+($H$19*D3) -> 39.92103 | G3: Regression Statistics | R3: 43928
A4: 40969 | B4: 44.8181 | C4: =SBO!$B4 -> 53.43 | D4: =Corn!B4/56*100 -> 11.535714 | E4: =$H$17+($H$18*C4)+($H$19*D4) -> 40.669328 | G4: Multiple R | H4: 0.91796915 | R4: Based on the data we have right now (all predictors & response update to Dec 2019), it's very hard to construct a forecasting model for DCO pricing.
A5: 41000 | B5: 42.175 | C5: =SBO!$B5 -> 54.96 | D5: =Corn!B5/56*100 -> 11.321429 | E5: =$H$17+($H$18*C5)+($H$19*D5) -> 41.82933 | G5: R Square | H5: 0.84266735 | R5: Some reasons:
A6: 41030 | B6: 42.4773 | C6: =SBO!$B6 -> 50.69 | D6: =Corn!B6/56*100 -> 11.196429 | E6: =$H$17+($H$18*C6)+($H$19*D6) -> 38.782251 | G6: Adjusted R Square | H6: 0.83928386 | R6: 1. Corn oil monthly pricing is relatively "short" which narrows down the entire dataset
A7: 41061 | B7: 37.7619 | C7: =SBO!$B7 -> 48.65 | D7: =Corn!B7/56*100 -> 11.25 | E7: =$H$17+($H$18*C7)+($H$19*D7) -> 37.296683 | G7: Standard Error | H7: 2.2954333 | R7: 2. Some of the predictors that we think might have an impact on predicting corn oil pricing are not performing well by now.
A8: 41091 | B8: 36.4762 | C8: =SBO!$B8 -> 51.96 | D8: =Corn!B8/56*100 -> 14.017857 | E8: =$H$17+($H$18*C8)+($H$19*D8) -> 38.955674 | G8: Observations | H8: 96 | R8: It might because we have "made-up" numbers for these predictors within 2009-2017 time window
A9: 41122 | B9: 37.1739 | C9: =SBO!$B9 -> 52.65 | D9: =Corn!B9/56*100 -> 14.553571 | E9: =$H$17+($H$18*C9)+($H$19*D9) -> 39.312369 | R9: 3. yield is 1.6 all the time, sd is 0, which means not helpful at all
A10: 41153 | B10: 39.7632 | C10: =SBO!$B10 -> 53.81 | D10: =Corn!B10/56*100 -> 13.75 | E10: =$H$17+($H$18*C10)+($H$19*D10) -> 40.360596 | G10: ANOVA | R10: 4. feedstock commodity should have seasonality, but we didn't find it here
A11: 41183 | B11: 36.0652 | C11: =SBO!$B11 -> 49.31 | D11: =Corn!B11/56*100 -> 13.357143 | E11: =$H$17+($H$18*C11)+($H$19*D11) -> 37.218119 | H11: df | I11: SS | J11: MS | K11: F | L11: Significance F
A12: 41214 | B12: 29.9875 | C12: =SBO!$B12 -> 46.27 | D12: =Corn!B12/56*100 -> 13.196429 | E12: =$H$17+($H$18*C12)+($H$19*D12) -> 35.067648 | G12: Regression | H12: 2 | I12: 2624.5185 | J12: 1312.2593 | K12: 249.05214 | L12: 4.4882424e-38 | R12: Some of the predictors that I found have significant impacts:
A13: 41244 | B13: 34.6 | C13: =SBO!$B13 -> 47.16 | D13: =Corn!B13/56*100 -> 12.910714 | E13: =$H$17+($H$18*C13)+($H$19*D13) -> 35.784815 | G13: Residual | H13: 93 | I13: 490.01832 | J13: 5.2690142 | R13: corn pricing, SBO, CWG, ending stocks, pet food, chemical & soap, non-bio diesel, wet mill share | AA13: red marked variables are those that do well either in t tests or show a relatively larger correlation
A14: 41275 | B14: 36 | C14: =SBO!$B14 -> 48.85 | D14: =Corn!B14/56*100 -> 12.803571 | E14: =$H$17+($H$18*C14)+($H$19*D14) -> 37.032025 | G14: Total | H14: 95 | I14: 3114.5369
A15: 41306 | B15: 36.75 | C15: =SBO!$B15 -> 49.33 | D15: =Corn!B15/56*100 -> 12.767857 | E15: =$H$17+($H$18*C15)+($H$19*D15) -> 37.387653 | R15: Model Comparison:
A16: 41334 | B16: 36.8375 | C16: =SBO!$B16 -> 48.62 | D16: =Corn!B16/56*100 -> 13.089286 | E16: =$H$17+($H$18*C16)+($H$19*D16) -> 36.790921 | H16: Coefficients | I16: Standard Error | J16: t Stat | K16: P-value | L16: Lower 95% | M16: Upper 95% | N16: Lower 95.0% | O16: Upper 95.0% | R16: * Training dataset: before 2019; Test dataset: after Dec 2018
A17: 41365 | B17: 36.7159 | C17: =SBO!$B17 -> 49.28 | D17: =Corn!B17/56*100 -> 11.732143 | E17: =$H$17+($H$18*C17)+($H$19*D17) -> 37.624201 | G17: Intercept | H17: 5.1662379 | I17: 1.2175506 | J17: 4.2431401 | K17: 5.2071394e-05 | L17: 2.7484237 | M17: 7.5840522 | N17: 2.7484237 | O17: 7.5840522 | R17: Linear model shows mean squared error around 37 | X17: possible improvements: try log transformation on response/ ethanol | AE17: these two are pretty left-skewed
A18: 41395 | B18: 36.0568 | C18: =SBO!$B18 -> 49.31 | D18: =Corn!B18/56*100 -> 12.196429 | E18: =$H$17+($H$18*C18)+($H$19*D18) -> 37.523634 | G18: SBO | H18: 0.72130709 | I18: 0.07171915 | J18: 10.057385 | K18: 1.5487206e-16 | L18: 0.57888707 | M18: 0.8637271 | N18: 0.57888707 | O18: 0.8637271 | R18: random forest went above 100;
A19: 41426 | B19: 35.4 | C19: =SBO!$B19 -> 47.84 | D19: =Corn!B19/56*100 -> 12.392857 | E19: =$H$17+($H$18*C19)+($H$19*D19) -> 36.41161 | G19: Corn | H19: -0.26321282 | I19: 0.22694521 | J19: -1.1598078 | K19: 0.24909604 | L19: -0.71388103 | M19: 0.1874554 | N19: -0.71388103 | O19: 0.1874554 | R19: neural network completely failed and went over 40k+;
A20: 41456 | B20: 37.0227 | C20: =SBO!$B20 -> 45.19 | D20: =Corn!B20/56*100 -> 11.803571 | E20: =$H$17+($H$18*C20)+($H$19*D20) -> 34.655254
A21: 41487 | B21: 37.5455 | C21: =SBO!$B21 -> 42.33 | D21: =Corn!B21/56*100 -> 10.678571 | E21: =$H$17+($H$18*C21)+($H$19*D21) -> 32.88843 | R21: Possible future improvements:
A22: 41518 | B22: 36.7375 | C22: =SBO!$B22 -> 42.12 | D22: =Corn!B22/56*100 -> 8.5357143 | E22: =$H$17+($H$18*C22)+($H$19*D22) -> 33.300983 | R22: 1. Redo t tests/ siginificance tests after collect more actual data and redetermine significant predictors
A23: 41548 | B23: 29.2609 | C23: =SBO!$B23 -> 39.66 | D23: =Corn!B23/56*100 -> 7.5 | E23: =$H$17+($H$18*C23)+($H$19*D23) -> 31.799181 | R23: 2. Try log transformation linear model after collect more actual data
A24: 41579 | B24: 27.5921 | C24: =SBO!$B24 -> 39.58 | D24: =Corn!B24/56*100 -> 7.3214286 | E24: =$H$17+($H$18*C24)+($H$19*D24) -> 31.788479
A25: 41609 | B25: 29.5658 | C25: =SBO!$B25 -> 37.63 | D25: =Corn!B25/56*100 -> 7.375 | E25: =$H$17+($H$18*C25)+($H$19*D25) -> 30.367829
A26: 41640 | B26: 29.0952 | C26: =SBO!$B26 -> 34.95 | D26: =Corn!B26/56*100 -> 7.375 | E26: =$H$17+($H$18*C26)+($H$19*D26) -> 28.434726
A27: 41671 | B27: 30.9737 | C27: =SBO!$B27 -> 37.11 | D27: =Corn!B27/56*100 -> 7.7321429 | E27: =$H$17+($H$18*C27)+($H$19*D27) -> 29.898745
A28: 41699 | B28: 33.9524 | C28: =SBO!$B28 -> 40.82 | D28: =Corn!B28/56*100 -> 8.2857143 | E28: =$H$17+($H$18*C28)+($H$19*D28) -> 32.429087
A29: 41730 | B29: 34.9286 | C29: =SBO!$B29 -> 41.87 | D29: =Corn!B29/56*100 -> 8.8928571 | E29: =$H$17+($H$18*C29)+($H$19*D29) -> 33.026652
A30: 41760 | B30: 35.5 | C30: =SBO!$B30 -> 40.68 | D30: =Corn!B30/56*100 -> 8.4285714 | E30: =$H$17+($H$18*C30)+($H$19*D30) -> 32.290502
A31: 41791 | B31: 34.1905 | C31: =SBO!$B31 -> 39.84 | D31: =Corn!B31/56*100 -> 7.8035714 | E31: =$H$17+($H$18*C31)+($H$19*D31) -> 31.849112
A32: 41821 | B32: 31.625 | C32: =SBO!$B32 -> 37.6 | D32: =Corn!B32/56*100 -> 6.6785714 | E32: =$H$17+($H$18*C32)+($H$19*D32) -> 30.529499
A33: 41852 | B33: 27.8452 | C33: =SBO!$B33 -> 35.04 | D33: =Corn!B33/56*100 -> 6.4107143 | E33: =$H$17+($H$18*C33)+($H$19*D33) -> 28.753456
A34: 41883 | B34: 27 | C34: =SBO!$B34 -> 33.99 | D34: =Corn!B34/56*100 -> 5.6428571 | E34: =$H$17+($H$18*C34)+($H$19*D34) -> 28.198193
A35: 41913 | B35: 28.5652 | C35: =SBO!$B35 -> 34.1 | D35: =Corn!B35/56*100 -> 5.5178571 | E35: =$H$17+($H$18*C35)+($H$19*D35) -> 28.310439
... A97: 43800 | B97: 23.0833 | C97: =SBO!$B97 -> 32.27 | D97: =Corn!B97/56*100 -> 6.625 | E97: =$H$17+($H$18*C97)+($H$19*D97) -> 26.699033
A98: 43831 | E98: =$H$17+($H$18*C98)+($H$19*D98) -> 5.1662379
A99: 43862 | E99: =$H$17+($H$18*C99)+($H$19*D99) -> 5.1662379
A100: 43891 | E100: =$H$17+($H$18*C100)+($H$19*D100) -> 5.1662379
A101: 43922 | E101: =$H$17+($H$18*C101)+($H$19*D101) -> 5.1662379

Sheet Tallow
B1: BFT Packer - Chicago | C1: SBO | D1: Corn | E1: Projected | G1: SUMMARY OUTPUT
A2: 40909 | B2: ='[4]Inedible Tallow Complex'!$T216 -> 44.3375 | C2: =SBO!$B2 -> 50.99 | D2: =Corn!B2/56*100 -> 11.160714 | E2: =$H$17+($H$18*C2)+($H$19*D2) -> 45.354094
A3: 40940 | B3: ='[4]Inedible Tallow Complex'!$T217 -> 45.85 | C3: =SBO!$B3 -> 52.36 | D3: =Corn!B3/56*100 -> 11.446429 | E3: =$H$17+($H$18*C3)+($H$19*D3) -> 46.4623 | G3: Regression Statistics
A4: 40969 | B4: ='[4]Inedible Tallow Complex'!$T218 -> 48.0795 | C4: =SBO!$B4 -> 53.43 | D4: =Corn!B4/56*100 -> 11.535714 | E4: =$H$17+($H$18*C4)+($H$19*D4) -> 47.394646 | G4: Multiple R | H4: 0.88991257
A5: 41000 | B5: ='[4]Inedible Tallow Complex'!$T219 -> 47.625 | C5: =SBO!$B5 -> 54.96 | D5: =Corn!B5/56*100 -> 11.321429 | E5: =$H$17+($H$18*C5)+($H$19*D5) -> 48.898487 | G5: R Square | H5: 0.79194437
A6: 41030 | B6: ='[4]Inedible Tallow Complex'!$T220 -> 48.8409 | C6: =SBO!$B6 -> 50.69 | D6: =Corn!B6/56*100 -> 11.196429 | E6: =$H$17+($H$18*C6)+($H$19*D6) -> 45.062369 | G6: Adjusted R Square | H6: 0.78747006
A7: 41061 | B7: ='[4]Inedible Tallow Complex'!$T221 -> 45.0238 | C7: =SBO!$B7 -> 48.65 | D7: =Corn!B7/56*100 -> 11.25 | E7: =$H$17+($H$18*C7)+($H$19*D7) -> 43.173112 | G7: Standard Error | H7: 3.2507067
A8: 41091 | B8: ='[4]Inedible Tallow Complex'!$T222 -> 45.1667 | C8: =SBO!$B8 -> 51.96 | D8: =Corn!B8/56*100 -> 14.017857 | E8: =$H$17+($H$18*C8)+($H$19*D8) -> 44.813679 | G8: Observations | H8: 96
A9: 41122 | B9: ='[4]Inedible Tallow Complex'!$T223 -> 44.7174 | C9: =SBO!$B9 -> 52.65 | D9: =Corn!B9/56*100 -> 14.553571 | E9: =$H$17+($H$18*C9)+($H$19*D9) -> 45.176269
A10: 41153 | B10: ='[4]Inedible Tallow Complex'!$T224 -> 45.3684 | C10: =SBO!$B10 -> 53.81 | D10: =Corn!B10/56*100 -> 13.75 | E10: =$H$17+($H$18*C10)+($H$19*D10) -> 46.636417 | G10: ANOVA
A11: 41183 | B11: ='[4]Inedible Tallow Complex'!$U213 -> 39.5978 | C11: =SBO!$B11 -> 49.31 | D11: =Corn!B11/56*100 -> 13.357143 | E11: =$H$17+($H$18*C11)+($H$19*D11) -> 42.723999 | H11: df | I11: SS | J11: MS | K11: F | L11: Significance F
A12: 41214 | B12: ='[4]Inedible Tallow Complex'!$U214 -> 33.95 | C12: =SBO!$B12 -> 46.27 | D12: =Corn!B12/56*100 -> 13.196429 | E12: =$H$17+($H$18*C12)+($H$19*D12) -> 40.028695 | G12: Regression | H12: 2 | I12: 3740.7073 | J12: 1870.3537 | K12: 176.99792 | L12: 1.9739907e-32
A13: 41244 | B13: ='[4]Inedible Tallow Complex'!$U215 -> 35.85 | C13: =SBO!$B13 -> 47.16 | D13: =Corn!B13/56*100 -> 12.910714 | E13: =$H$17+($H$18*C13)+($H$19*D13) -> 40.983867 | G13: Residual | H13: 93 | I13: 982.73974 | J13: 10.567094
A14: 41275 | B14: ='[4]Inedible Tallow Complex'!$U216 -> 40.0952 | C14: =SBO!$B14 -> 48.85 | D14: =Corn!B14/56*100 -> 12.803571 | E14: =$H$17+($H$18*C14)+($H$19*D14) -> 42.580311 | G14: Total | H14: 95 | I14: 4723.4471
A15: 41306 | B15: ='[4]Inedible Tallow Complex'!$U217 -> 40.0132 | C15: =SBO!$B15 -> 49.33 | D15: =Corn!B15/56*100 -> 12.767857 | E15: =$H$17+($H$18*C15)+($H$19*D15) -> 43.036376
A16: 41334 | B16: ='[4]Inedible Tallow Complex'!$U218 -> 42.075 | C16: =SBO!$B16 -> 48.62 | D16: =Corn!B16/56*100 -> 13.089286 | E16: =$H$17+($H$18*C16)+($H$19*D16) -> 42.227719 | H16: Coefficients | I16: Standard Error | J16: t Stat | K16: P-value | L16: Lower 95% | M16: Upper 95% | N16: Lower 95.0% | O16: Upper 95.0%
A17: 41365 | B17: ='[4]Inedible Tallow Complex'!$U219 -> 42.5952 | C17: =SBO!$B17 -> 49.28 | D17: =Corn!B17/56*100 -> 11.732143 | E17: =$H$17+($H$18*C17)+($H$19*D17) -> 43.50766 | G17: Intercept | H17: 4.3706663 | I17: 1.7242496 | J17: 2.5348223 | K17: 0.012920543 | L17: 0.94664834 | M17: 7.7946843 | N17: 0.94664834 | O17: 7.7946843
A18: 41395 | B18: ='[4]Inedible Tallow Complex'!$U220 -> 41.6818 | C18: =SBO!$B18 -> 49.31 | D18: =Corn!B18/56*100 -> 12.196429 | E18: =$H$17+($H$18*C18)+($H$19*D18) -> 43.303321 | G18: SBO | H18: 0.91299931 | I18: 0.10156597 | J18: 8.9892243 | K18: 2.8129044e-14 | L18: 0.71130942 | M18: 1.1146892 | N18: 0.71130942 | O18: 1.1146892
A19: 41426 | B19: ='[4]Inedible Tallow Complex'!$U221 -> 45.2 | C19: =SBO!$B19 -> 47.84 | D19: =Corn!B19/56*100 -> 12.392857 | E19: =$H$17+($H$18*C19)+($H$19*D19) -> 41.863173 | G19: Corn | H19: -0.49910849 | I19: 0.3213913 | J19: -1.552962 | K19: 0.12382878 | L19: -1.1373279 | M19: 0.13911094 | N19: -1.1373279 | O19: 0.13911094
A20: 41456 | B20: ='[4]Inedible Tallow Complex'!$U222 -> 45.3636 | C20: =SBO!$B20 -> 45.19 | D20: =Corn!B20/56*100 -> 11.803571 | E20: =$H$17+($H$18*C20)+($H$19*D20) -> 39.737842
A21: 41487 | B21: ='[4]Inedible Tallow Complex'!$U223 -> 42.5795 | C21: =SBO!$B21 -> 42.33 | D21: =Corn!B21/56*100 -> 10.678571 | E21: =$H$17+($H$18*C21)+($H$19*D21) -> 37.688161
A22: 41518 | B22: ='[4]Inedible Tallow Complex'!$U224 -> 40.25 | C22: =SBO!$B22 -> 42.12 | D22: =Corn!B22/56*100 -> 8.5357143 | E22: =$H$17+($H$18*C22)+($H$19*D22) -> 38.56595
A23: 41548 | B23: ='[4]Inedible Tallow Complex'!$V213 -> 32.8913 | C23: =SBO!$B23 -> 39.66 | D23: =Corn!B23/56*100 -> 7.5 | E23: =$H$17+($H$18*C23)+($H$19*D23) -> 36.836905
A24: 41579 | B24: ='[4]Inedible Tallow Complex'!$V214 -> 35.0263 | C24: =SBO!$B24 -> 39.58 | D24: =Corn!B24/56*100 -> 7.3214286 | E24: =$H$17+($H$18*C24)+($H$19*D24) -> 36.852992
A25: 41609 | B25: ='[4]Inedible Tallow Complex'!$V215 -> 34.8289 | C25: =SBO!$B25 -> 37.63 | D25: =Corn!B25/56*100 -> 7.375 | E25: =$H$17+($H$18*C25)+($H$19*D25) -> 35.045905
A26: 41640 | B26: ='[4]Inedible Tallow Complex'!$V216 -> 31.4762 | C26: =SBO!$B26 -> 34.95 | D26: =Corn!B26/56*100 -> 7.375 | E26: =$H$17+($H$18*C26)+($H$19*D26) -> 32.599067
A27: 41671 | B27: ='[4]Inedible Tallow Complex'!$V217 -> 31.3026 | C27: =SBO!$B27 -> 37.11 | D27: =Corn!B27/56*100 -> 7.7321429 | E27: =$H$17+($H$18*C27)+($H$19*D27) -> 34.392893
A28: 41699 | B28: ='[4]Inedible Tallow Complex'!$V218 -> 38.6667 | C28: =SBO!$B28 -> 40.82 | D28: =Corn!B28/56*100 -> 8.2857143 | E28: =$H$17+($H$18*C28)+($H$19*D28) -> 37.503828
A29: 41730 | B29: ='[4]Inedible Tallow Complex'!$V219 -> 42.5952 | C29: =SBO!$B29 -> 41.87 | D29: =Corn!B29/56*100 -> 8.8928571 | E29: =$H$17+($H$18*C29)+($H$19*D29) -> 38.159447
A30: 41760 | B30: ='[4]Inedible Tallow Complex'!$V220 -> 44.5476 | C30: =SBO!$B30 -> 40.68 | D30: =Corn!B30/56*100 -> 8.4285714 | E30: =$H$17+($H$18*C30)+($H$19*D30) -> 37.304707
A31: 41791 | B31: ='[4]Inedible Tallow Complex'!$V221 -> 41.0119 | C31: =SBO!$B31 -> 39.84 | D31: =Corn!B31/56*100 -> 7.8035714 | E31: =$H$17+($H$18*C31)+($H$19*D31) -> 36.84973
A32: 41821 | B32: ='[4]Inedible Tallow Complex'!$V222 -> 39.75 | C32: =SBO!$B32 -> 37.6 | D32: =Corn!B32/56*100 -> 6.6785714 | E32: =$H$17+($H$18*C32)+($H$19*D32) -> 35.366109
A33: 41852 | B33: ='[4]Inedible Tallow Complex'!$V223 -> 38.9881 | C33: =SBO!$B33 -> 35.04 | D33: =Corn!B33/56*100 -> 6.4107143 | E33: =$H$17+($H$18*C33)+($H$19*D33) -> 33.16252
A34: 41883 | B34: ='[4]Inedible Tallow Complex'!$V224 -> 34.5238 | C34: =SBO!$B34 -> 33.99 | D34: =Corn!B34/56*100 -> 5.6428571 | E34: =$H$17+($H$18*C34)+($H$19*D34) -> 32.587115
A35: 41913 | B35: ='[4]Inedible Tallow Complex'!$W213 -> 28.7609 | C35: =SBO!$B35 -> 34.1 | D35: =Corn!B35/56*100 -> 5.5178571 | E35: =$H$17+($H$18*C35)+($H$19*D35) -> 32.749933
A36: 41944 | B36: ='[4]Inedible Tallow Complex'!$W214 -> 32.2222 | C36: =SBO!$B36 -> 33.45 | D36: =Corn!B36/56*100 -> 6.1607143 | E36: =$H$17+($H$18*C36)+($H$19*D36) -> 31.835628
A37: 41974 | B37: ='[4]Inedible Tallow Complex'!$W215 -> 31.4524 | C37: =SBO!$B37 -> 32.56 | D37: =Corn!B37/56*100 -> 6.6964286 | E37: =$H$17+($H$18*C37)+($H$19*D37) -> 30.755679
A38: 42005 | B38: ='[4]Inedible Tallow Complex'!$W216 -> 28.2 | C38: =SBO!$B38 -> 32.33 | D38: =Corn!B38/56*100 -> 6.5535714 | E38: =$H$17+($H$18*C38)+($H$19*D38) -> 30.616991
A39: 42036 | B39: ='[4]Inedible Tallow Complex'!$W217 -> 28.4803 | C39: =SBO!$B39 -> 31.57 | D39: =Corn!B39/56*100 -> 6.5178571 | E39: =$H$17+($H$18*C39)+($H$19*D39) -> 29.940937
A40: 42064 | B40: ='[4]Inedible Tallow Complex'!$W218 -> 30.2045 | C40: =SBO!$B40 -> 30.89 | D40: =Corn!B40/56*100 -> 6.5357143 | E40: =$H$17+($H$18*C40)+($H$19*D40) -> 29.311184
A41: 42095 | B41: ='[4]Inedible Tallow Complex'!$W219 -> 27.7262 | C41: =SBO!$B41 -> 31.13 | D41: =Corn!B41/56*100 -> 6.4107143 | E41: =$H$17+($H$18*C41)+($H$19*D41) -> 29.592693
A42: 42125 | B42: ='[4]Inedible Tallow Complex'!$W220 -> 27.75 | C42: =SBO!$B42 -> 32.65 | D42: =Corn!B42/56*100 -> 6.2321429 | E42: =$H$17+($H$18*C42)+($H$19*D42) -> 31.069578
A43: 42156 | B43: ='[4]Inedible Tallow Complex'!$W221 -> 29.5682 | C43: =SBO!$B43 -> 33.73 | D43: =Corn!B43/56*100 -> 6.2857143 | E43: =$H$17+($H$18*C43)+($H$19*D43) -> 32.02888
A44: 42186 | B44: ='[4]Inedible Tallow Complex'!$W222 -> 28 | C44: =SBO!$B44 -> 31.54 | D44: =Corn!B44/56*100 -> 6.875 | E44: =$H$17+($H$18*C44)+($H$19*D44) -> 29.735294
A45: 42217 | B45: ='[4]Inedible Tallow Complex'!$W223 -> 28.7976 | C45: =SBO!$B45 -> 28.87 | D45: =Corn!B45/56*100 -> 6.2678571 | E45: =$H$17+($H$18*C45)+($H$19*D45) -> 27.600616
A46: 42248 | B46: ='[4]Inedible Tallow Complex'!$W224 -> 27.7619 | C46: =SBO!$B46 -> 26.43 | D46: =Corn!B46/56*100 -> 6.3392857 | E46: =$H$17+($H$18*C46)+($H$19*D46) -> 25.337247
A47: 42278 | B47: ='[4]Inedible Tallow Complex'!$X213 -> 21.6591 | C47: =SBO!$B47 -> 27.14 | D47: =Corn!B47/56*100 -> 6.5535714 | E47: =$H$17+($H$18*C47)+($H$19*D47) -> 25.878524
A48: 42309 | B48: ='[4]Inedible Tallow Complex'!$X214 -> 19 | C48: =SBO!$B48 -> 26.42 | D48: =Corn!B48/56*100 -> 6.4642857 | E48: =$H$17+($H$18*C48)+($H$19*D48) -> 25.265728
A49: 42339 | B49: ='[4]Inedible Tallow Complex'!$X215 -> 19 | C49: =SBO!$B49 -> 29.72 | D49: =Corn!B49/56*100 -> 6.4642857 | E49: =$H$17+($H$18*C49)+($H$19*D49) -> 28.278626
A50: 42370 | B50: ='[4]Inedible Tallow Complex'!$X216 -> 22.9211 | C50: =SBO!$B50 -> 28.89 | D50: =Corn!B50/56*100 -> 6.3392857 | E50: =$H$17+($H$18*C50)+($H$19*D50) -> 27.583225
A51: 42401 | B51: ='[4]Inedible Tallow Complex'!$X217 -> 26.1375 | C51: =SBO!$B51 -> 29.79 | D51: =Corn!B51/56*100 -> 6.3571429 | E51: =$H$17+($H$18*C51)+($H$19*D51) -> 28.396012
A52: 42430 | B52: ='[4]Inedible Tallow Complex'!$X218 -> 29.5455 | C52: =SBO!$B52 -> 30.86 | D52: =Corn!B52/56*100 -> 6.3214286 | E52: =$H$17+($H$18*C52)+($H$19*D52) -> 29.390746
A53: 42461 | B53: ='[4]Inedible Tallow Complex'!$X219 -> 33 | C53: =SBO!$B53 -> 32.45 | D53: =Corn!B53/56*100 -> 6.4464286 | E53: =$H$17+($H$18*C53)+($H$19*D53) -> 30.780027
A54: 42491 | B54: ='[4]Inedible Tallow Complex'!$X220 -> 32.4286 | C54: =SBO!$B54 -> 30.76 | D54: =Corn!B54/56*100 -> 6.6785714 | E54: =$H$17+($H$18*C54)+($H$19*D54) -> 29.121193
A55: 42522 | B55: ='[4]Inedible Tallow Complex'!$X221 -> 31.0227 | C55: =SBO!$B55 -> 30.35 | D55: =Corn!B55/56*100 -> 6.9821429 | E55: =$H$17+($H$18*C55)+($H$19*D55) -> 28.595349
A56: 42552 | B56: ='[4]Inedible Tallow Complex'!$X222 -> 28 | C56: =SBO!$B56 -> 28.75 | D56: =Corn!B56/56*100 -> 5.8571429 | E56: =$H$17+($H$18*C56)+($H$19*D56) -> 27.696047
A57: 42583 | B57: ='[4]Inedible Tallow Complex'!$X223 -> 27 | C57: =SBO!$B57 -> 31.21 | D57: =Corn!B57/56*100 -> 5.5178571 | E57: =$H$17+($H$18*C57)+($H$19*D57) -> 30.111365
A58: 42614 | B58: ='[4]Inedible Tallow Complex'!$X224 -> 27 | C58: =SBO!$B58 -> 31.99 | D58: =Corn!B58/56*100 -> 5.5178571 | E58: =$H$17+($H$18*C58)+($H$19*D58) -> 30.823505
A59: 42644 | B59: ='[4]Inedible Tallow Complex'!$Y213 -> 27.4762 | C59: =SBO!$B59 -> 33.86 | D59: =Corn!B59/56*100 -> 5.8392857 | E59: =$H$17+($H$18*C59)+($H$19*D59) -> 32.370386
A60: 42675 | B60: ='[4]Inedible Tallow Complex'!$Y214 -> 30.875 | C60: =SBO!$B60 -> 34.52 | D60: =Corn!B60/56*100 -> 5.8571429 | E60: =$H$17+($H$18*C60)+($H$19*D60) -> 32.964053
A61: 42705 | B61: ='[4]Inedible Tallow Complex'!$Y215 -> 31.2381 | C61: =SBO!$B61 -> 35.57 | D61: =Corn!B61/56*100 -> 5.9642857 | E61: =$H$17+($H$18*C61)+($H$19*D61) -> 33.869226
A62: 42736 | B62: ='[4]Inedible Tallow Complex'!$Y216 -> 30.7 | C62: =SBO!$B62 -> 33.58 | D62: =Corn!B62/56*100 -> 6.1607143 | E62: =$H$17+($H$18*C62)+($H$19*D62) -> 31.954318
A63: 42767 | B63: ='[4]Inedible Tallow Complex'!$Y217 -> 30.4474 | C63: =SBO!$B63 -> 32 | D63: =Corn!B63/56*100 -> 6.2678571 | E63: =$H$17+($H$18*C63)+($H$19*D63) -> 30.458303
A64: 42795 | B64: ='[4]Inedible Tallow Complex'!$Y218 -> 29.7065 | C64: =SBO!$B64 -> 30.86 | D64: =Corn!B64/56*100 -> 6.0714286 | E64: =$H$17+($H$18*C64)+($H$19*D64) -> 29.515523
A65: 42826 | B65: ='[4]Inedible Tallow Complex'!$Y219 -> 30.0921 | C65: =SBO!$B65 -> 29.57 | D65: =Corn!B65/56*100 -> 6.0892857 | E65: =$H$17+($H$18*C65)+($H$19*D65) -> 28.328842
A66: 42856 | B66: ='[4]Inedible Tallow Complex'!$Y220 -> 33.2045 | C66: =SBO!$B66 -> 30.6 | D66: =Corn!B66/56*100 -> 6.1964286 | E66: =$H$17+($H$18*C66)+($H$19*D66) -> 29.215755
A67: 42887 | B67: ='[4]Inedible Tallow Complex'!$Y221 -> 34.9091 | C67: =SBO!$B67 -> 30.74 | D67: =Corn!B67/56*100 -> 6.2321429 | E67: =$H$17+($H$18*C67)+($H$19*D67) -> 29.32575
A68: 42917 | B68: ='[4]Inedible Tallow Complex'!$Y222 -> 35 | C68: =SBO!$B68 -> 32.82 | D68: =Corn!B68/56*100 -> 6.2678571 | E68: =$H$17+($H$18*C68)+($H$19*D68) -> 31.206963
A69: 42948 | B69: ='[4]Inedible Tallow Complex'!$Y223 -> 34.7391 | C69: =SBO!$B69 -> 33.17 | D69: =Corn!B69/56*100 -> 5.8392857 | E69: =$H$17+($H$18*C69)+($H$19*D69) -> 31.740416
A70: 42979 | B70: ='[4]Inedible Tallow Complex'!$Y224 -> 33.5375 | C70: =SBO!$B70 -> 33.28 | D70: =Corn!B70/56*100 -> 5.625 | E70: =$H$17+($H$18*C70)+($H$19*D70) -> 31.947798
A71: 43009 | B71: ='[4]Inedible Tallow Complex'!$Z213 -> 26.9318 | C71: =SBO!$B71 -> 32.35 | D71: =Corn!B71/56*100 -> 5.625 | E71: =$H$17+($H$18*C71)+($H$19*D71) -> 31.098709
A72: 43040 | B72: ='[4]Inedible Tallow Complex'!$Z214 -> 25.75 | C72: =SBO!$B72 -> 33.43 | D72: =Corn!B72/56*100 -> 5.6071429 | E72: =$H$17+($H$18*C72)+($H$19*D72) -> 32.093661
A73: 43070 | B73: ='[4]Inedible Tallow Complex'!$Z215 -> 26 | C73: =SBO!$B73 -> 32.27 | D73: =Corn!B73/56*100 -> 5.7321429 | E73: =$H$17+($H$18*C73)+($H$19*D73) -> 30.972193
A74: 43101 | B74: ='[4]Inedible Tallow Complex'!$Z216 -> 26.0476 | C74: =SBO!$B74 -> 31.61 | D74: =Corn!B74/56*100 -> 5.875 | E74: =$H$17+($H$18*C74)+($H$19*D74) -> 30.298312
A75: 43132 | B75: ='[4]Inedible Tallow Complex'!$Z217 -> 24.4079 | C75: =SBO!$B75 -> 30.63 | D75: =Corn!B75/56*100 -> 6.0357143 | E75: =$H$17+($H$18*C75)+($H$19*D75) -> 29.323359
A76: 43160 | B76: ='[4]Inedible Tallow Complex'!$Z218 -> 25.0119 | C76: =SBO!$B76 -> 30.28 | D76: =Corn!B76/56*100 -> 6.2678571 | E76: =$H$17+($H$18*C76)+($H$19*D76) -> 28.887945
A77: 43191 | B77: ='[4]Inedible Tallow Complex'!$Z219 -> 23.8571 | C77: =SBO!$B77 -> 29.7 | D77: =Corn!B77/56*100 -> 6.3928571 | E77: =$H$17+($H$18*C77)+($H$19*D77) -> 28.296017
A78: 43221 | B78: ='[4]Inedible Tallow Complex'!$Z220 -> 23.6818 | C78: =SBO!$B78 -> 29.4 | D78: =Corn!B78/56*100 -> 6.5714286 | E78: =$H$17+($H$18*C78)+($H$19*D78) -> 27.93299
A79: 43252 | B79: ='[4]Inedible Tallow Complex'!$Z221 -> 25.6071 | C79: =SBO!$B79 -> 28.3 | D79: =Corn!B79/56*100 -> 6.3928571 | E79: =$H$17+($H$18*C79)+($H$19*D79) -> 27.017817
A80: 43282 | B80: ='[4]Inedible Tallow Complex'!$Z222 -> 27.5238 | C80: =SBO!$B80 -> 27.21 | D80: =Corn!B80/56*100 -> 6.1964286 | E80: =$H$17+($H$18*C80)+($H$19*D80) -> 26.120687
A81: 43313 | B81: ='[4]Inedible Tallow Complex'!$Z223 -> 27.3696 | C81: =SBO!$B81 -> 27.6 | D81: =Corn!B81/56*100 -> 6 | E81: =$H$17+($H$18*C81)+($H$19*D81) -> 26.574796
A82: 43344 | B82: ='[4]Inedible Tallow Complex'!$Z224 -> 24.3421 | C82: =SBO!$B82 -> 27.73 | D82: =Corn!B82/56*100 -> 6.0714286 | E82: =$H$17+($H$18*C82)+($H$19*D82) -> 26.657836
A83: 43374 | B83: ='[4]Inedible Tallow Complex'!$AA213 -> 23.2174 | C83: =SBO!$B83 -> 28.89 | D83: =Corn!B83/56*100 -> 6.1071429 | E83: =$H$17+($H$18*C83)+($H$19*D83) -> 27.699089
A84: 43405 | B84: ='[4]Inedible Tallow Complex'!$AA214 -> 25.4 | C84: =SBO!$B84 -> 27.49 | D84: =Corn!B84/56*100 -> 6.0892857 | E84: =$H$17+($H$18*C84)+($H$19*D84) -> 26.429803
A85: 43435 | B85: ='[4]Inedible Tallow Complex'!$AA215 -> 26 | C85: =SBO!$B85 -> 28.14 | D85: =Corn!B85/56*100 -> 6.3214286 | E85: =$H$17+($H$18*C85)+($H$19*D85) -> 26.907388
A86: 43466 | B86: ='[4]Inedible Tallow Complex'!$AA216 -> 26 | C86: =SBO!$B86 -> 28.44 | D86: =Corn!B86/56*100 -> 6.3571429 | E86: =$H$17+($H$18*C86)+($H$19*D86) -> 27.163463
A87: 43497 | B87: ='[4]Inedible Tallow Complex'!$AA217 -> 26 | C87: =SBO!$B87 -> 29.58 | D87: =Corn!B87/56*100 -> 6.4285714 | E87: =$H$17+($H$18*C87)+($H$19*D87) -> 28.168631
A88: 43525 | B88: ='[4]Inedible Tallow Complex'!$AA218 -> 26.0476 | C88: =SBO!$B88 -> 28.62 | D88: =Corn!B88/56*100 -> 6.4464286 | E88: =$H$17+($H$18*C88)+($H$19*D88) -> 27.283239
A89: 43556 | B89: ='[4]Inedible Tallow Complex'!$AA219 -> 27.6667 | C89: =SBO!$B89 -> 27.86 | D89: =Corn!B89/56*100 -> 6.3035714 | E89: =$H$17+($H$18*C89)+($H$19*D89) -> 26.660661
A90: 43586 | B90: ='[4]Inedible Tallow Complex'!$AA220 -> 28.2841 | C90: =SBO!$B90 -> 26.93 | D90: =Corn!B90/56*100 -> 6.4821429 | E90: =$H$17+($H$18*C90)+($H$19*D90) -> 25.722445
A91: 43617 | B91: ='[4]Inedible Tallow Complex'!$AA221 -> 29.25 | C91: =SBO!$B91 -> 28.24 | D91: =Corn!B91/56*100 -> 7.1071429 | E91: =$H$17+($H$18*C91)+($H$19*D91) -> 26.606531
A92: 43647 | B92: ='[4]Inedible Tallow Complex'!$AA222 -> 30.3409 | C92: =SBO!$B92 -> 27.68 | D92: =Corn!B92/56*100 -> 7.4285714 | E92: =$H$17+($H$18*C92)+($H$19*D92) -> 25.934824
A93: 43678 | B93: ='[4]Inedible Tallow Complex'!$AA223 -> 30.7955 | C93: =SBO!$B93 -> 28.41 | D93: =Corn!B93/56*100 -> 7.0178571 | E93: =$H$17+($H$18*C93)+($H$19*D93) -> 26.806305
A94: 43709 | B94: ='[4]Inedible Tallow Complex'!$AA224 -> 27.85 | C94: =SBO!$B94 -> 28.81 | D94: =Corn!B94/56*100 -> 6.7857143 | E94: =$H$17+($H$18*C94)+($H$19*D94) -> 27.287369
A95: 43739 | B95: ='[4]Inedible Tallow Complex'!$AB213 -> 25.7283 | C95: =SBO!$B95 -> 30.14 | D95: =Corn!B95/56*100 -> 6.875 | E95: =$H$17+($H$18*C95)+($H$19*D95) -> 28.457095
A96: 43770 | B96: ='[4]Inedible Tallow Complex'!$AB214 -> 23.2632 | C96: =SBO!$B96 -> 30.62 | D96: =Corn!B96/56*100 -> 6.5714286 | E96: =$H$17+($H$18*C96)+($H$19*D96) -> 29.046849
A97: 43800 | B97: ='[4]Inedible Tallow Complex'!$AB215 -> 25.1905 | C97: =SBO!$B97 -> 32.27 | D97: =Corn!B97/56*100 -> 6.625 | E97: =$H$17+($H$18*C97)+($H$19*D97) -> 30.52656

Sheet Tallow (2)
B1: BFT Packer - Chicago | C1: SBO | D1: Corn | E1: production | F1: imports | G1: exports | H1: domestic usage | I1: biomass-diesel | J1: biodiesel | K1: renewable diesel | L1: coprocessing | M1: non-bio | N1: chemical | O1: petfood | P1: EOM Stocks | Q1: cattleS | R1: cattleS-nextM | S1: beef production | T1: yield | U1: price?
A2: 40909 | B2: ='[4]Inedible Tallow Complex'!$T216 -> 44.3375 | C2: =SBO!$B2 -> 50.99 | D2: =Corn!B2/56*100 -> 11.160714 | E2: 285.16822 | F2: 8.912666 | G2: 136.40863 | H2: 152.67226 | I2: 58.88125 | J2: 26 | K2: 31.266667 | L2: 1.6145833 | M2: 93.791013 | N2: 57.940376 | O2: 35.850637 | P2: 190 | Q2: 2714.7 | R2: 2557.6 | S2: 2113.1 | T2: 0.13495254 | U2: 0
A3: 40940 | B3: ='[4]Inedible Tallow Complex'!$T217 -> 45.85 | C3: =SBO!$B3 -> 52.36 | D3: =Corn!B3/56*100 -> 11.446429 | E3: 286.16004 | F3: 12.667735 | G3: 101.58897 | H3: 172.2388 | I3: 52.88125 | J3: 20 | K3: 31.266667 | L3: 1.6145833 | M3: 119.35755 | N3: 80.065565 | O3: 39.291988 | P3: 215 | Q3: 2557.6 | R3: 2753.4 | S3: 2008.9 | T3: 0.14244613 | U3: 0
A4: 40969 | B4: ='[4]Inedible Tallow Complex'!$T218 -> 48.0795 | C4: =SBO!$B4 -> 53.43 | D4: =Corn!B4/56*100 -> 11.535714 | E4: 303.36833 | F4: 10.579891 | G4: 94.848123 | H4: 214.1001 | I4: 72.514583 | J4: 24 | K4: 46.9 | L4: 1.6145833 | M4: 141.58551 | N4: 91.064342 | O4: 50.521172 | P4: 220 | Q4: 2753.4 | R4: 2569.5 | S4: 2159.5 | T4: 0.14048082 | U4: 0
A5: 41000 | B5: ='[4]Inedible Tallow Complex'!$T219 -> 47.625 | C5: =SBO!$B5 -> 54.96 | D5: =Corn!B5/56*100 -> 11.321429 | E5: 251.68692 | F5: 7.80106 | G5: 124.09205 | H5: 175.39593 | I5: 93.514583 | J5: 45 | K5: 46.9 | L5: 1.6145833 | M5: 81.881347 | N5: 57.477229 | O5: 24.404118 | P5: 180 | Q5: 2569.5 | R5: 2875.6 | S5: 1990.6 | T5: 0.12643772 | U5: 0
A6: 41030 | B6: ='[4]Inedible Tallow Complex'!$T220 -> 48.8409 | C6: =SBO!$B6 -> 50.69 | D6: =Corn!B6/56*100 -> 11.196429 | E6: 298.56859 | F6: 10.305357 | G6: 84.225138 | H6: 259.64881 | I6: 98.514583 | J6: 50 | K6: 46.9 | L6: 1.6145833 | M6: 161.13422 | N6: 118.40909 | O6: 42.725129 | P6: 145 | Q6: 2875.6 | R6: 2864.1 | S6: 2231.9 | T6: 0.13377328 | U6: 0
A7: 41061 | B7: ='[4]Inedible Tallow Complex'!$T221 -> 45.0238 | C7: =SBO!$B7 -> 48.65 | D7: =Corn!B7/56*100 -> 11.25 | E7: 274.65528 | F7: 12.956406 | G7: 96.013491 | H7: 176.59819 | I7: 92.147917 | J7: 28 | K7: 62.533333 | L7: 1.6145833 | M7: 84.450277 | N7: 61.929219 | O7: 22.521058 | P7: 160 | Q7: 2864.1 | R7: 2792.8 | S7: 2250.7 | T7: 0.12203105 | U7: 0
A8: 41091 | B8: ='[4]Inedible Tallow Complex'!$T222 -> 45.1667 | C8: =SBO!$B8 -> 51.96 | D8: =Corn!B8/56*100 -> 14.017857 | E8: 271.66079 | F8: 11.604548 | G8: 87.053148 | H8: 196.21219 | I8: 94.147917 | J8: 30 | K8: 62.533333 | L8: 1.6145833 | M8: 102.06428 | N8: 73.223069 | O8: 28.841207 | P8: 160 | Q8: 2792.8 | R8: 2997.7 | S8: 2201.4 | T8: 0.12340365 | U8: 0
A9: 41122 | B9: ='[4]Inedible Tallow Complex'!$T223 -> 44.7174 | C9: =SBO!$B9 -> 52.65 | D9: =Corn!B9/56*100 -> 14.553571 | E9: 304.82486 | F9: 17.95969 | G9: 107.17499 | H9: 215.60956 | I9: 108.14792 | J9: 44 | K9: 62.533333 | L9: 1.6145833 | M9: 107.46164 | N9: 64.91739 | O9: 42.544251 | P9: 160 | Q9: 2997.7 | R9: 2542.7 | S9: 2368.6 | T9: 0.12869411 | U9: 0
A10: 41153 | B10: ='[4]Inedible Tallow Complex'!$T224 -> 45.3684 | C10: =SBO!$B10 -> 53.81 | D10: =Corn!B10/56*100 -> 13.75 | E10: 238.45429 | F10: 11.910538 | G10: 85.616716 | H10: 174.74811 | I10: 113.14792 | J10: 49 | K10: 62.533333 | L10: 1.6145833 | M10: 61.600194 | N10: 42.099281 | O10: 19.500912 | P10: 150 | Q10: 2542.7 | R10: 2954.7 | S10: 2015.5 | T10: 0.11831024 | U10: 0
A11: 41183 | B11: ='[4]Inedible Tallow Complex'!$U213 -> 39.5978 | C11: =SBO!$B11 -> 49.31 | D11: =Corn!B11/56*100 -> 13.357143 | E11: 308.09083 | F11: 13.348744 | G11: 108.37391 | H11: 183.06566 | I11: 108.14792 | J11: 44 | K11: 62.533333 | L11: 1.6145833 | M11: 74.917748 | N11: 56.317292 | O11: 18.600456 | P11: 180 | Q11: 2954.7 | R11: 2785 | S11: 2344.8 | T11: 0.13139322 | U11: 0
A12: 41214 | B12: ='[4]Inedible Tallow Complex'!$U214 -> 33.95 | C12: =SBO!$B12 -> 46.27 | D12: =Corn!B12/56*100 -> 13.196429 | E12: 306.09648 | F12: 9.62588 | G12: 111.52191 | H12: 209.20045 | I12: 86.147917 | J12: 22 | K12: 62.533333 | L12: 1.6145833 | M12: 123.05253 | N12: 93.485757 | O12: 29.566772 | P12: 175 | Q12: 2785 | R12: 2543 | S12: 2207.5 | T12: 0.13866205 | U12: 0
A13: 41244 | B13: ='[4]Inedible Tallow Complex'!$U215 -> 35.85 | C13: =SBO!$B13 -> 47.16 | D13: =Corn!B13/56*100 -> 12.910714 | E13: 260.74463 | F13: 10.034679 | G13: 102.38234 | H13: 158.39697 | I13: 67.147917 | J13: 3 | K13: 62.533333 | L13: 1.6145833 | M13: 91.249054 | N13: 63.927417 | O13: 27.321636 | P13: 185 | Q13: 2543 | R13: 2835.9 | S13: 2020.1 | T13: 0.12907511 | U13: 0
A14: 41275 | B14: ='[4]Inedible Tallow Complex'!$U216 -> 40.0952 | C14: =SBO!$B14 -> 48.85 | D14: =Corn!B14/56*100 -> 12.803571 | E14: 317.56991 | F14: 8.737419 | G14: 111.47361 | H14: 209.83372 | I14: 79.147917 | J14: 15 | K14: 62.533333 | L14: 1.6145833 | M14: 130.68581 | N14: 87.342863 | O14: 43.342943 | P14: 190 | Q14: 2835.9 | R14: 2358.1 | S14: 2261.3 | T14: 0.14043688 | U14: 0
A15: 41306 | B15: ='[4]Inedible Tallow Complex'!$U217 -> 40.0132 | C15: =SBO!$B15 -> 49.33 | D15: =Corn!B15/56*100 -> 12.767857 | E15: 241.21178 | F15: 10.157034 | G15: 58.914989 | H15: 167.45383 | I15: 92.147917 | J15: 28 | K15: 62.533333 | L15: 1.6145833 | M15: 75.30591 | N15: 53.541725 | O15: 21.764185 | P15: 215 | Q15: 2358.1 | R15: 2586.9 | S15: 1873.4 | T15: 0.12875616 | U15: 0
A16: 41334 | B16: ='[4]Inedible Tallow Complex'!$U218 -> 42.075 | C16: =SBO!$B16 -> 48.62 | D16: =Corn!B16/56*100 -> 13.089286 | E16: 263.89542 | F16: 13.096936 | G16: 110.67893 | H16: 161.31342 | I16: 117.14792 | J16: 53 | K16: 62.533333 | L16: 1.6145833 | M16: 44.165504 | N16: 30.364005 | O16: 13.801499 | P16: 220 | Q16: 2586.9 | R16: 2731.1 | S16: 2039.8 | T16: 0.12937318 | U16: 0
A17: 41365 | B17: ='[4]Inedible Tallow Complex'!$U219 -> 42.5952 | C17: =SBO!$B17 -> 49.28 | D17: =Corn!B17/56*100 -> 11.732143 | E17: 278.6669 | F17: 10.798073 | G17: 69.017727 | H17: 260.44725 | I17: 120.14792 | J17: 56 | K17: 62.533333 | L17: 1.6145833 | M17: 140.29933 | N17: 104.25461 | O17: 36.044721 | P17: 180 | Q17: 2731.1 | R17: 2863 | S17: 2128.6 | T17: 0.13091558 | U17: 0
A18: 41395 | B18: ='[4]Inedible Tallow Complex'!$U220 -> 41.6818 | C18: =SBO!$B18 -> 49.31 | D18: =Corn!B18/56*100 -> 12.196429 | E18: 294.3764 | F18: 13.305866 | G18: 66.047016 | H18: 276.63525 | I18: 125.14792 | J18: 61 | K18: 62.533333 | L18: 1.6145833 | M18: 151.48733 | N18: 111.60193 | O18: 39.885395 | P18: 145 | Q18: 2863 | R18: 2730.9 | S18: 2227.6 | T18: 0.13214958 | U18: 0
A19: 41426 | B19: ='[4]Inedible Tallow Complex'!$U221 -> 45.2 | C19: =SBO!$B19 -> 47.84 | D19: =Corn!B19/56*100 -> 12.392857 | E19: 248.41062 | F19: 12.286649 | G19: 54.353943 | H19: 191.34332 | I19: 122.14792 | J19: 58 | K19: 62.533333 | L19: 1.6145833 | M19: 69.195406 | N19: 53.792881 | O19: 15.402525 | P19: 160 | Q19: 2730.9 | R19: 2894.9 | S19: 2157 | T19: 0.11516487 | U19: 0
A20: 41456 | B20: ='[4]Inedible Tallow Complex'!$U222 -> 45.3636 | C20: =SBO!$B20 -> 45.19 | D20: =Corn!B20/56*100 -> 11.803571 | E20: 289.9196 | F20: 7.535051 | G20: 72.955213 | H20: 224.49944 | I20: 114.14792 | J20: 50 | K20: 62.533333 | L20: 1.6145833 | M20: 110.35152 | N20: 82.635597 | O20: 27.715927 | P20: 160 | Q20: 2894.9 | R20: 2817.3 | S20: 2294.1 | T20: 0.12637618 | U20: 0
A21: 41487 | B21: ='[4]Inedible Tallow Complex'!$U223 -> 42.5795 | C21: =SBO!$B21 -> 42.33 | D21: =Corn!B21/56*100 -> 10.678571 | E21: 272.84343 | F21: 10.459328 | G21: 78.652464 | H21: 204.6503 | I21: 115.14792 | J21: 51 | K21: 62.533333 | L21: 1.6145833 | M21: 89.502379 | N21: 59.860549 | O21: 29.64183 | P21: 160 | Q21: 2817.3 | R21: 2608.9 | S21: 2241.2 | T21: 0.12173989 | U21: 0
A22: 41518 | B22: ='[4]Inedible Tallow Complex'!$U224 -> 40.25 | C22: =SBO!$B22 -> 42.12 | D22: =Corn!B22/56*100 -> 8.5357143 | E22: 248.40547 | F22: 9.538587 | G22: 77.11358 | H22: 190.83047 | I22: 114.14792 | J22: 50 | K22: 62.533333 | L22: 1.6145833 | M22: 76.682558 | N22: 56.429488 | O22: 20.25307 | P22: 150 | Q22: 2608.9 | R22: 2904.3 | S22: 2073.8 | T22: 0.11978275 | U22: 0
A23: 41548 | B23: ='[4]Inedible Tallow Complex'!$V213 -> 32.8913 | C23: =SBO!$B23 -> 39.66 | D23: =Corn!B23/56*100 -> 7.5 | E23: 301.82215 | F23: 13.89821 | G23: 105.95752 | H23: 179.76284 | I23: 87.147917 | J23: 23 | K23: 62.533333 | L23: 1.6145833 | M23: 92.614925 | N23: 70.082012 | O23: 22.532913 | P23: 180 | Q23: 2904.3 | R23: 2569.1 | S23: 2318.2 | T23: 0.13019677 | U23: 0
A24: 41579 | B24: ='[4]Inedible Tallow Complex'!$V214 -> 35.0263 | C24: =SBO!$B24 -> 39.58 | D24: =Corn!B24/56*100 -> 7.3214286 | E24: 265.52933 | F24: 12.067821 | G24: 102.208 | H24: 180.38915 | I24: 76.147917 | J24: 12 | K24: 62.533333 | L24: 1.6145833 | M24: 104.24123 | N24: 82.634586 | O24: 21.606649 | P24: 175 | Q24: 2569.1 | R24: 2561.9 | S24: 2057.6 | T24: 0.12904808 | U24: 0
A25: 41609 | B25: ='[4]Inedible Tallow Complex'!$V215 -> 34.8289 | C25: =SBO!$B25 -> 37.63 | D25: =Corn!B25/56*100 -> 7.375 | E25: 259.6326 | F25: 9.189841 | G25: 92.231859 | H25: 166.59058 | I25: 72.147917 | J25: 8 | K25: 62.533333 | L25: 1.6145833 | M25: 94.442664 | N25: 67.231684 | O25: 27.21098 | P25: 185 | Q25: 2561.9 | R25: 2679 | S25: 2047.3 | T25: 0.12681708 | U25: 0
A26: 41640 | B26: ='[4]Inedible Tallow Complex'!$V216 -> 31.4762 | C26: =SBO!$B26 -> 34.95 | D26: =Corn!B26/56*100 -> 7.375 | E26: 285.59099 | F26: 9.743196 | G26: 139.2706 | H26: 151.06359 | I26: 69.147917 | J26: 5 | K26: 62.533333 | L26: 1.6145833 | M26: 81.915669 | N26: 53.340175 | O26: 28.575494 | P26: 190 | Q26: 2679 | R26: 2244.1 | S26: 2140.9 | T26: 0.13339763 | U26: 0
A27: 41671 | B27: ='[4]Inedible Tallow Complex'!$V217 -> 31.3026 | C27: =SBO!$B27 -> 37.11 | D27: =Corn!B27/56*100 -> 7.7321429 | E27: 217.33803 | F27: 9.995282 | G27: 51.351088 | H27: 150.98223 | I27: 85.147917 | J27: 21 | K27: 62.533333 | L27: 1.6145833 | M27: 65.83431 | N27: 48.120084 | O27: 17.714226 | P27: 215 | Q27: 2244.1 | R27: 2451.1 | S27: 1788.4 | T27: 0.12152652 | U27: 0
A28: 41699 | B28: ='[4]Inedible Tallow Complex'!$V218 -> 38.6667 | C28: =SBO!$B28 -> 40.82 | D28: =Corn!B28/56*100 -> 8.2857143 | E28: 233.23468 | F28: 10.176301 | G28: 120.32024 | H28: 118.09074 | I28: 107.14792 | J28: 43 | K28: 62.533333 | L28: 1.6145833 | M28: 10.942826 | N28: 7.9289435 | O28: 3.0138821 | P28: 220 | Q28: 2451.1 | R28: 2595.3 | S28: 1937 | T28: 0.12041026 | U28: 0
A29: 41730 | B29: ='[4]Inedible Tallow Complex'!$V219 -> 42.5952 | C29: =SBO!$B29 -> 41.87 | D29: =Corn!B29/56*100 -> 8.8928571 | E29: 256.89934 | F29: 11.788382 | G29: 51.140749 | H29: 257.54698 | I29: 97.147917 | J29: 33 | K29: 62.533333 | L29: 1.6145833 | M29: 160.39906 | N29: 123.13815 | O29: 37.260911 | P29: 180 | Q29: 2595.3 | R29: 2635.6 | S29: 2043.1 | T29: 0.12573998 | U29: 0
A30: 41760 | B30: ='[4]Inedible Tallow Complex'!$V220 -> 44.5476 | C30: =SBO!$B30 -> 40.68 | D30: =Corn!B30/56*100 -> 8.4285714 | E30: 259.25779 | F30: 11.689049 | G30: 112.06904 | H30: 193.8778 | I30: 112.14792 | J30: 48 | K30: 62.533333 | L30: 1.6145833 | M30: 81.729882 | N30: 63.187423 | O30: 18.542459 | P30: 145 | Q30: 2635.6 | R30: 2606.4 | S30: 2071.7 | T30: 0.12514254 | U30: 0
A31: 41791 | B31: ='[4]Inedible Tallow Complex'!$V221 -> 41.0119 | C31: =SBO!$B31 -> 39.84 | D31: =Corn!B31/56*100 -> 7.8035714 | E31: 226.58305 | F31: 12.148306 | G31: 75.448514 | H31: 148.28284 | I31: 84.957917 | J31: 20.81 | K31: 62.533333 | L31: 1.6145833 | M31: 63.324926 | N31: 50.246602 | O31: 13.078324 | P31: 160 | Q31: 2606.4 | R31: 2601.7 | S31: 2069 | T31: 0.10951332 | U31: 0
A32: 41821 | B32: ='[4]Inedible Tallow Complex'!$V222 -> 39.75 | C32: =SBO!$B32 -> 37.6 | D32: =Corn!B32/56*100 -> 6.6785714 | E32: 242.41265 | F32: 9.680705 | G32: 73.845016 | H32: 178.24834 | I32: 105.92792 | J32: 41.78 | K32: 62.533333 | L32: 1.6145833 | M32: 72.320426 | N32: 55.019095 | O32: 17.301331 | P32: 160 | Q32: 2601.7 | R32: 2499.6 | S32: 2087.4 | T32: 0.11613139 | U32: 0
A33: 41852 | B33: ='[4]Inedible Tallow Complex'!$V223 -> 38.9881 | C33: =SBO!$B33 -> 35.04 | D33: =Corn!B33/56*100 -> 6.4107143 | E33: 222.66618 | F33: 13.146787 | G33: 58.189368 | H33: 177.6236 | I33: 99.507917 | J33: 35.36 | K33: 62.533333 | L33: 1.6145833 | M33: 78.115681 | N33: 50.866838 | O33: 27.248843 | P33: 160 | Q33: 2499.6 | R33: 2531.1 | S33: 2023.5 | T33: 0.11004012 | U33: 0
A34: 41883 | B34: ='[4]Inedible Tallow Complex'!$V224 -> 34.5238 | C34: =SBO!$B34 -> 33.99 | D34: =Corn!B34/56*100 -> 5.6428571 | E34: 246.57298 | F34: 12.106883 | G34: 60.65394 | H34: 208.02593 | I34: 110.09792 | J34: 45.95 | K34: 62.533333 | L34: 1.6145833 | M34: 97.928009 | N34: 69.556844 | O34: 28.371165 | P34: 150 | Q34: 2531.1 | R34: 2639.9 | S34: 2068.4 | T34: 0.11920953 | U34: 0
A35: 41913 | B35: ='[4]Inedible Tallow Complex'!$W213 -> 28.7609 | C35: =SBO!$B35 -> 34.1 | D35: =Corn!B35/56*100 -> 5.5178571 | E35: 264.95667 | F35: 12.555976 | G35: 71.67964 | H35: 175.83301 | I35: 92.887917 | J35: 28.74 | K35: 62.533333 | L35: 1.6145833 | M35: 82.945091 | N35: 61.295352 | O35: 21.649739 | P35: 180 | Q35: 2639.9 | R35: 2246.8 | S35: 2171.1 | T35: 0.12203799 | U35: 0
A36: 41944 | B36: ='[4]Inedible Tallow Complex'!$W214 -> 32.2222 | C36: =SBO!$B36 -> 33.45 | D36: =Corn!B36/56*100 -> 6.1607143 | E36: 209.42256 | F36: 12.717697 | G36: 88.667594 | H36: 138.47266 | I36: 76.447917 | J36: 12.3 | K36: 62.533333 | L36: 1.6145833 | M36: 62.024746 | N36: 48.833179 | O36: 13.191568 | P36: 175 | Q36: 2246.8 | R36: 2439.3 | S36: 1849.5 | T36: 0.11323199 | U36: 0
A37: 41974 | B37: ='[4]Inedible Tallow Complex'!$W215 -> 31.4524 | C37: =SBO!$B37 -> 32.56 | D37: =Corn!B37/56*100 -> 6.6964286 | E37: 245.92168 | F37: 12.263683 | G37: 74.923978 | H37: 173.26139 | I37: 85.147917 | J37: 21 | K37: 62.533333 | L37: 1.6145833 | M37: 88.113472 | N37: 61.06107 | O37: 27.052403 | P37: 185 | Q37: 2439.3 | R37: 2417.6 | S37: 2000.2 | T37: 0.12294855 | U37: 0
A38: 42005 | B38: ='[4]Inedible Tallow Complex'!$W216 -> 28.2 | C38: =SBO!$B38 -> 32.33 | D38: =Corn!B38/56*100 -> 6.5535714 | E38: 239.52412 | F38: 9.851022 | G38: 78.545389 | H38: 165.82975 | I38: 83.147917 | J38: 19 | K38: 62.533333 | L38: 1.6145833 | M38: 82.681834 | N38: 55.012209 | O38: 27.669625 | P38: 190 | Q38: 2417.6 | R38: 2170.2 | S38: 1963.5 | T38: 0.12198835 | U38: 0
A39: 42036 | B39: ='[4]Inedible Tallow Complex'!$W217 -> 28.4803 | C39: =SBO!$B39 -> 31.57 | D39: =Corn!B39/56*100 -> 6.5178571 | E39: 211.35809 | F39: 9.754556 | G39: 79.307249 | H39: 116.80539 | I39: 73.147917 | J39: 9 | K39: 62.533333 | L39: 1.6145833 | M39: 43.657476 | N39: 32.437527 | O39: 11.219949 | P39: 215 | Q39: 2170.2 | R39: 2381 | S39: 1768.1 | T39: 0.11953967 | U39: 0
A40: 42064 | B40: ='[4]Inedible Tallow Complex'!$W218 -> 30.2045 | C40: =SBO!$B40 -> 30.89 | D40: =Corn!B40/56*100 -> 6.5357143 | E40: 230.8413 | F40: 14.590252 | G40: 79.440315 | H40: 160.99124 | I40: 98.147917 | J40: 34 | K40: 62.533333 | L40: 1.6145833 | M40: 62.843321 | N40: 46.775037 | O40: 16.068285 | P40: 220 | Q40: 2381 | R40: 2383.3 | S40: 1933.3 | T40: 0.11940273 | U40: 0
A41: 42095 | B41: ='[4]Inedible Tallow Complex'!$W219 -> 27.7262 | C41: =SBO!$B41 -> 31.13 | D41: =Corn!B41/56*100 -> 6.4107143 | E41: 227.95036 | F41: 11.181889 | G41: 49.572687 | H41: 229.55956 | I41: 95.147917 | J41: 31 | K41: 62.533333 | L41: 1.6145833 | M41: 134.41164 | N41: 103.66845 | O41: 30.743189 | P41: 180 | Q41: 2383.3 | R41: 2379.4 | S41: 1928.8 | T41: 0.11818247 | U41: 0
A42: 42125 | B42: ='[4]Inedible Tallow Complex'!$W220 -> 27.75 | C42: =SBO!$B42 -> 32.65 | D42: =Corn!B42/56*100 -> 6.2321429 | E42: 296.905 | F42: 10.013254 | G42: 62.030646 | H42: 325.97861 | I42: 113.14792 | J42: 49 | K42: 62.533333 | L42: 1.6145833 | M42: 212.83069 | N42: 168.68543 | O42: 44.145262 | P42: 98.909 | Q42: 2379.4 | R42: 2466 | S42: 1925.5 | T42: 0.15419631 | U42: 27.75
A43: 42156 | B43: ='[4]Inedible Tallow Complex'!$W221 -> 29.5682 | C43: =SBO!$B43 -> 33.73 | D43: =Corn!B43/56*100 -> 6.2857143 | E43: 284.102 | F43: 10.780377 | G43: 69.268181 | H43: 232.4442 | I43: 121.14792 | J43: 57 | K43: 62.533333 | L43: 1.6145833 | M43: 111.29628 | N43: 88.732826 | O43: 22.563454 | P43: 92.079 | Q43: 2466 | R43: 2493.3 | S43: 2001.6 | T43: 0.14193745 | U43: 29.5682
A44: 42186 | B44: ='[4]Inedible Tallow Complex'!$W222 -> 28 | C44: =SBO!$B44 -> 31.54 | D44: =Corn!B44/56*100 -> 6.875 | E44: 251.53 | F44: 9.783181 | G44: 47.288044 | H44: 220.44414 | I44: 111.14792 | J44: 47 | K44: 62.533333 | L44: 1.6145833 | M44: 109.29622 | N44: 85.425058 | O44: 23.871162 | P44: 85.66 | Q44: 2493.3 | R44: 2323.3 | S44: 2046.8 | T44: 0.12288939 | U44: 28
A45: 42217 | B45: ='[4]Inedible Tallow Complex'!$W223 -> 28.7976 | C45: =SBO!$B45 -> 28.87 | D45: =Corn!B45/56*100 -> 6.2678571 | E45: 267.221 | F45: 10.393606 | G45: 60.603548 | H45: 194.17006 | I45: 108.14792 | J45: 44 | K45: 62.533333 | L45: 1.6145833 | M45: 86.022141 | N45: 53.682543 | O45: 32.339599 | P45: 108.501 | Q45: 2323.3 | R45: 2474.6 | S45: 1934.9 | T45: 0.13810585 | U45: 28.7976
A46: 42248 | B46: ='[4]Inedible Tallow Complex'!$W224 -> 27.7619 | C46: =SBO!$B46 -> 26.43 | D46: =Corn!B46/56*100 -> 6.3392857 | E46: 270.022 | F46: 14.654434 | G46: 92.764784 | H46: 206.68065 | I46: 104.14792 | J46: 40 | K46: 62.533333 | L46: 1.6145833 | M46: 102.53273 | N46: 73.974203 | O46: 28.55853 | P46: 93.732 | Q46: 2474.6 | R46: 2514.3 | S46: 2086.6 | T46: 0.12940765 | U46: 27.7619
A47: 42278 | B47: ='[4]Inedible Tallow Complex'!$X213 -> 21.6591 | C47: =SBO!$B47 -> 27.14 | D47: =Corn!B47/56*100 -> 6.5535714 | E47: 275.016 | F47: 11.433107 | G47: 81.032397 | H47: 204.67071 | I47: 106.14792 | J47: 42 | K47: 62.533333 | L47: 1.6145833 | M47: 98.522793 | N47: 73.574222 | O47: 24.948571 | P47: 94.478 | Q47: 2514.3 | R47: 2296.2 | S47: 2126.3 | T47: 0.12934017 | U47: 21.6591
A48: 42309 | B48: ='[4]Inedible Tallow Complex'!$X214 -> 19 | C48: =SBO!$B48 -> 26.42 | D48: =Corn!B48/56*100 -> 6.4642857 | E48: 303.999 | F48: 13.744644 | G48: 114.07233 | H48: 205.81331 | I48: 88.147917 | J48: 24 | K48: 62.533333 | L48: 1.6145833 | M48: 117.6654 | N48: 93.345574 | O48: 24.319823 | P48: 92.336 | Q48: 2296.2 | R48: 2452.4 | S48: 1936.1 | T48: 0.15701617 | U48: 19
A49: 42339 | B49: ='[4]Inedible Tallow Complex'!$X215 -> 19 | C49: =SBO!$B49 -> 29.72 | D49: =Corn!B49/56*100 -> 6.4642857 | E49: 287.203 | F49: 14.776562 | G49: 85.295399 | H49: 218.15416 | I49: 97.147917 | J49: 33 | K49: 62.533333 | L49: 1.6145833 | M49: 121.00625 | N49: 83.663113 | O49: 37.343133 | P49: 90.866 | Q49: 2452.4 | R49: 2359.2 | S49: 2046.3 | T49: 0.14035234 | U49: 19
A50: 42370 | B50: ='[4]Inedible Tallow Complex'!$X216 -> 22.9211 | C50: =SBO!$B50 -> 28.89 | D50: =Corn!B50/56*100 -> 6.3392857 | E50: 276.798 | F50: 12.099367 | G50: 95.046035 | H50: 196.91333 | I50: 91.03625 | J50: 22.98 | K50: 66.441667 | L50: 1.6145833 | M50: 105.87708 | N50: 69.894376 | O50: 35.982706 | P50: 87.804 | Q50: 2359.2 | R50: 2290.9 | S50: 1954.2 | T50: 0.14164262 | U50: 22.9211
A51: 42401 | B51: ='[4]Inedible Tallow Complex'!$X217 -> 26.1375 | C51: =SBO!$B51 -> 29.79 | D51: =Corn!B51/56*100 -> 6.3571429 | E51: 281.038 | F51: 11.828217 | G51: 94.260412 | H51: 201.78681 | I51: 87.15625 | J51: 19.1 | K51: 66.441667 | L51: 1.6145833 | M51: 114.63056 | N51: 83.753691 | O51: 30.876864 | P51: 84.623 | Q51: 2290.9 | R51: 2534.1 | S51: 1886 | T51: 0.14901273 | U51: 26.1375
A52: 42430 | B52: ='[4]Inedible Tallow Complex'!$X218 -> 29.5455 | C52: =SBO!$B52 -> 30.86 | D52: =Corn!B52/56*100 -> 6.3214286 | E52: 287.102 | F52: 15.745883 | G52: 53.493154 | H52: 252.37673 | I52: 83.19625 | J52: 15.14 | K52: 66.441667 | L52: 1.6145833 | M52: 169.18048 | N52: 124.66445 | O52: 44.516033 | P52: 81.601 | Q52: 2534.1 | R52: 2409.1 | S52: 2097.3 | T52: 0.13689124 | U52: 29.5455
A53: 42461 | B53: ='[4]Inedible Tallow Complex'!$X219 -> 33 | C53: =SBO!$B53 -> 32.45 | D53: =Corn!B53/56*100 -> 6.4464286 | E53: 275.434 | F53: 12.964496 | G53: 68.501116 | H53: 224.52438 | I53: 110.00458 | J53: 38.04 | K53: 70.35 | L53: 1.6145833 | M53: 114.5198 | N53: 88.602105 | O53: 25.917692 | P53: 76.974 | Q53: 2409.1 | R53: 2515.4 | S53: 1964 | T53: 0.14024134 | U53: 33
A54: 42491 | B54: ='[4]Inedible Tallow Complex'!$X220 -> 32.4286 | C54: =SBO!$B54 -> 30.76 | D54: =Corn!B54/56*100 -> 6.6785714 | E54: 291.743 | F54: 15.299014 | G54: 51.198726 | H54: 261.46329 | I54: 95.964583 | J54: 24 | K54: 70.35 | L54: 1.6145833 | M54: 165.4987 | N54: 130.2957 | O54: 35.203 | P54: 71.354 | Q54: 2515.4 | R54: 2706 | S54: 2030.2 | T54: 0.14370161 | U54: 32.4286
A55: 42522 | B55: ='[4]Inedible Tallow Complex'!$X221 -> 31.0227 | C55: =SBO!$B55 -> 30.35 | D55: =Corn!B55/56*100 -> 6.9821429 | E55: 290.235 | F55: 12.746004 | G55: 54.761859 | H55: 241.51215 | I55: 107.71458 | J55: 35.75 | K55: 70.35 | L55: 1.6145833 | M55: 133.79756 | N55: 107.70105 | O55: 26.096515 | P55: 78.061 | Q55: 2706 | R55: 2474.9 | S55: 2193 | T55: 0.1323461 | U55: 31.0227
A56: 42552 | B56: ='[4]Inedible Tallow Complex'!$X222 -> 28 | C56: =SBO!$B56 -> 28.75 | D56: =Corn!B56/56*100 -> 5.8571429 | E56: 267.045 | F56: 16.413759 | G56: 57.249625 | H56: 223.16913 | I56: 112.31292 | J56: 36.44 | K56: 74.258333 | L56: 1.6145833 | M56: 110.85622 | N56: 85.666743 | O56: 25.189474 | P56: 81.101 | Q56: 2474.9 | R56: 2750.6 | S56: 2024.2 | T56: 0.13192619 | U56: 28
A57: 42583 | B57: ='[4]Inedible Tallow Complex'!$X223 -> 27 | C57: =SBO!$B57 -> 31.21 | D57: =Corn!B57/56*100 -> 5.5178571 | E57: 304.113 | F57: 17.301735 | G57: 82.722227 | H57: 236.88951 | I57: 107.53292 | J57: 31.66 | K57: 74.258333 | L57: 1.6145833 | M57: 129.35659 | N57: 79.652838 | O57: 49.703754 | P57: 82.904 | Q57: 2750.6 | R57: 2619.3 | S57: 2265.8 | T57: 0.13421882 | U57: 27
A58: 42614 | B58: ='[4]Inedible Tallow Complex'!$X224 -> 27 | C58: =SBO!$B58 -> 31.99 | D58: =Corn!B58/56*100 -> 5.5178571 | E58: 310.898 | F58: 18.614433 | G58: 86.013197 | H58: 241.49224 | I58: 104.94292 | J58: 29.07 | K58: 74.258333 | L58: 1.6145833 | M58: 136.54932 | N58: 94.571618 | O58: 41.977701 | P58: 84.911 | Q58: 2619.3 | R58: 2637.7 | S58: 2181.5 | T58: 0.1425157 | U58: 27
A59: 42644 | B59: ='[4]Inedible Tallow Complex'!$Y213 -> 27.4762 | C59: =SBO!$B59 -> 33.86 | D59: =Corn!B59/56*100 -> 5.8392857 | E59: 284.782 | F59: 13.375899 | G59: 83.426272 | H59: 207.07263 | I59: 111.22125 | J59: 31.44 | K59: 78.166667 | L59: 1.6145833 | M59: 95.851377 | N59: 70.660487 | O59: 25.19089 | P59: 92.57 | Q59: 2637.7 | R59: 2669 | S59: 2211.2 | T59: 0.1287907 | U59: 27.4762
A60: 42675 | B60: ='[4]Inedible Tallow Complex'!$Y214 -> 30.875 | C60: =SBO!$B60 -> 34.52 | D60: =Corn!B60/56*100 -> 5.8571429 | E60: 316.296 | F60: 17.751018 | G60: 90.01501 | H60: 250.70501 | I60: 104.71125 | J60: 24.93 | K60: 78.166667 | L60: 1.6145833 | M60: 145.99376 | N60: 112.3502 | O60: 33.643561 | P60: 85.897 | Q60: 2669 | R60: 2612 | S60: 2240.2 | T60: 0.14119097 | U60: 30.875
A61: 42705 | B61: ='[4]Inedible Tallow Complex'!$Y215 -> 31.2381 | C61: =SBO!$B61 -> 35.57 | D61: =Corn!B61/56*100 -> 5.9642857 | E61: 314.08 | F61: 9.545947 | G61: 72.725805 | H61: 246.99714 | I61: 103.09125 | J61: 23.31 | K61: 78.166667 | L61: 1.6145833 | M61: 143.90589 | N61: 99.536702 | O61: 44.36919 | P61: 89.8 | Q61: 2612 | R61: 2576.9 | S61: 2173.3 | T61: 0.14451755 | U61: 31.2381
A62: 42736 | B62: ='[4]Inedible Tallow Complex'!$Y216 -> 30.7 | C62: =SBO!$B62 -> 33.58 | D62: =Corn!B62/56*100 -> 6.1607143 | E62: 301.826 | F62: 11.93542 | G62: 92.767878 | H62: 207.67554 | I62: 106.78125 | J62: 27 | K62: 78.166667 | L62: 1.6145833 | M62: 100.89429 | N62: 65.950576 | O62: 34.943716 | P62: 103.118 | Q62: 2576.9 | R62: 2369.2 | S62: 2119.3 | T62: 0.14241778 | U62: 30.7
A63: 42767 | B63: ='[4]Inedible Tallow Complex'!$Y217 -> 30.4474 | C63: =SBO!$B63 -> 32 | D63: =Corn!B63/56*100 -> 6.2678571 | E63: 333.887 | F63: 9.845134 | G63: 76.889313 | H63: 281.52082 | I63: 94.91125 | J63: 15.13 | K63: 78.166667 | L63: 1.6145833 | M63: 186.60957 | N63: 132.75154 | O63: 53.85803 | P63: 88.44 | Q63: 2369.2 | R63: 2768.3 | S63: 1933.9 | T63: 0.17264957 | U63: 30.4474
A64: 42795 | B64: ='[4]Inedible Tallow Complex'!$Y218 -> 29.7065 | C64: =SBO!$B64 -> 30.86 | D64: =Corn!B64/56*100 -> 6.0714286 | E64: 321.43 | F64: 15.534899 | G64: 91.14928 | H64: 255.98562 | I64: 99.78125 | J64: 20 | K64: 78.166667 | L64: 1.6145833 | M64: 156.20437 | N64: 109.59607 | O64: 46.608296 | P64: 78.27 | Q64: 2768.3 | R64: 2463.3 | S64: 2249.7 | T64: 0.14287683 | U64: 29.7065
A65: 42826 | B65: ='[4]Inedible Tallow Complex'!$Y219 -> 30.0921 | C65: =SBO!$B65 -> 29.57 | D65: =Corn!B65/56*100 -> 6.0892857 | E65: 289.604 | F65: 13.535234 | G65: 84.356484 | H65: 225.92775 | I65: 124.38125 | J65: 44.6 | K65: 78.166667 | L65: 1.6145833 | M65: 101.5465 | N65: 76.723824 | O65: 24.822676 | P65: 71.125 | Q65: 2463.3 | R65: 2753.8 | S65: 1963.1 | T65: 0.14752381 | U65: 30.0921
A66: 42856 | B66: ='[4]Inedible Tallow Complex'!$Y220 -> 33.2045 | C66: =SBO!$B66 -> 30.6 | D66: =Corn!B66/56*100 -> 6.1964286 | E66: 321.31 | F66: 12.863732 | G66: 74.030399 | H66: 257.65633 | I66: 120.64125 | J66: 40.86 | K66: 78.166667 | L66: 1.6145833 | M66: 137.01508 | N66: 105.00783 | O66: 32.007256 | P66: 73.612 | Q66: 2753.8 | R66: 2859 | S66: 2163.4 | T66: 0.14852085 | U66: 33.2045
A67: 42887 | B67: ='[4]Inedible Tallow Complex'!$Y221 -> 34.9091 | C67: =SBO!$B67 -> 30.74 | D67: =Corn!B67/56*100 -> 6.2321429 | E67: 297.59 | F67: 13.360766 | G67: 71.649692 | H67: 237.76107 | I67: 114.21125 | J67: 34.43 | K67: 78.166667 | L67: 1.6145833 | M67: 123.54982 | N67: 96.901578 | O67: 26.648246 | P67: 75.152 | Q67: 2859 | R67: 2612 | S67: 2280.3 | T67: 0.13050476 | U67: 34.9091
A68: 42917 | B68: ='[4]Inedible Tallow Complex'!$Y222 -> 35 | C68: =SBO!$B68 -> 32.82 | D68: =Corn!B68/56*100 -> 6.2678571 | E68: 269.553 | F68: 15.269355 | G68: 70.388732 | H68: 208.80562 | I68: 115.87125 | J68: 36.09 | K68: 78.166667 | L68: 1.6145833 | M68: 92.934373 | N68: 70.308772 | O68: 22.625601 | P68: 80.78 | Q68: 2612 | R68: 2943.5 | S68: 2107.9 | T68: 0.12787751 | U68: 35
A69: 42948 | B69: ='[4]Inedible Tallow Complex'!$Y223 -> 34.7391 | C69: =SBO!$B69 -> 33.17 | D69: =Corn!B69/56*100 -> 5.8392857 | E69: 315.213 | F69: 24.142957 | G69: 40.706611 | H69: 295.10035 | I69: 118.37125 | J69: 38.59 | K69: 78.166667 | L69: 1.6145833 | M69: 176.7291 | N69: 111.33621 | O69: 65.392885 | P69: 84.329 | Q69: 2943.5 | R69: 2698.9 | S69: 2402.1 | T69: 0.13122393 | U69: 34.7391
A70: 42979 | B70: ='[4]Inedible Tallow Complex'!$Y224 -> 33.5375 | C70: =SBO!$B70 -> 33.28 | D70: =Corn!B70/56*100 -> 5.625 | E70: 297.599 | F70: 15.167149 | G70: 66.85277 | H70: 241.59938 | I70: 112.66125 | J70: 32.88 | K70: 78.166667 | L70: 1.6145833 | M70: 128.93813 | N70: 91.321868 | O70: 37.616261 | P70: 88.643 | Q70: 2698.9 | R70: 2801.3 | S70: 2225.6 | T70: 0.1337163 | U70: 33.5375
A71: 43009 | B71: ='[4]Inedible Tallow Complex'!$Z213 -> 26.9318 | C71: =SBO!$B71 -> 32.35 | D71: =Corn!B71/56*100 -> 5.625 | E71: 273.846 | F71: 22.657717 | G71: 68.533892 | H71: 220.83783 | I71: 117.38125 | J71: 37.6 | K71: 78.166667 | L71: 1.6145833 | M71: 103.45658 | N71: 77.194843 | O71: 26.261732 | P71: 95.775 | Q71: 2801.3 | R71: 2762.8 | S71: 2303 | T71: 0.11890838 | U71: 26.9318
A72: 43040 | B72: ='[4]Inedible Tallow Complex'!$Z214 -> 25.75 | C72: =SBO!$B72 -> 33.43 | D72: =Corn!B72/56*100 -> 5.6071429 | E72: 322.079 | F72: 12.024434 | G72: 75.689911 | H72: 259.38552 | I72: 113.29125 | J72: 33.51 | K72: 78.166667 | L72: 1.6145833 | M72: 146.09427 | N72: 113.77565 | O72: 32.318619 | P72: 94.803 | Q72: 2762.8 | R72: 2580.4 | S72: 2290.6 | T72: 0.14060901 | U72: 25.75
A73: 43070 | B73: ='[4]Inedible Tallow Complex'!$Z215 -> 26 | C73: =SBO!$B73 -> 32.27 | D73: =Corn!B73/56*100 -> 5.7321429 | E73: 324.103 | F73: 13.067845 | G73: 73.853606 | H73: 261.96224 | I73: 110.05125 | J73: 30.27 | K73: 78.166667 | L73: 1.6145833 | M73: 151.91099 | N73: 105.86335 | O73: 46.047638 | P73: 96.158 | Q73: 2580.4 | R73: 2757.5 | S73: 2148.4 | T73: 0.13208151 | U73: 26
A74: 43101 | B74: ='[4]Inedible Tallow Complex'!$Z216 -> 26.0476 | C74: =SBO!$B74 -> 31.61 | D74: =Corn!B74/56*100 -> 5.875 | E74: 295.053 | F74: 13.717806 | G74: 97.543893 | H74: 199.47091 | I74: 100.85065 | J74: 21.069397 | K74: 78.166667 | L74: 1.6145833 | M74: 98.620266 | N74: 65.125541 | O74: 33.494725 | P74: 107.914 | Q74: 2757.5 | R74: 2417.1 | S74: 2279 | T74: 0.13849238 | U74: 27.232017
A75: 43132 | B75: ='[4]Inedible Tallow Complex'!$Z217 -> 24.4079 | C75: =SBO!$B75 -> 30.63 | D75: =Corn!B75/56*100 -> 6.0357143 | E75: 322.935 | F75: 22.936919 | G75: 58.547086 | H75: 294.02883 | I75: 90.850647 | J75: 11.069397 | K75: 78.166667 | L75: 1.6145833 | M75: 203.17819 | N75: 146.56308 | O75: 56.615106 | P75: 101.21 | Q75: 2417.1 | R75: 2702 | S75: 1983.9 | T75: 0.13309847 | U75: 31.087211
A76: 43160 | B76: ='[4]Inedible Tallow Complex'!$Z218 -> 25.0119 | C76: =SBO!$B76 -> 30.28 | D76: =Corn!B76/56*100 -> 6.2678571 | E76: 342.024 | F76: 22.974153 | G76: 61.499361 | H76: 315.39779 | I76: 102.70125 | J76: 22.92 | K76: 78.166667 | L76: 1.6145833 | M76: 212.69654 | N76: 153.20207 | O76: 59.494474 | P76: 89.311 | Q76: 2702 | R76: 2638 | S76: 2203.5 | T76: 0.12889156 | U76: 27.582002
A77: 43191 | B77: ='[4]Inedible Tallow Complex'!$Z219 -> 23.8571 | C77: =SBO!$B77 -> 29.7 | D77: =Corn!B77/56*100 -> 6.3928571 | E77: 305.011 | F77: 9.497159 | G77: 73.68503 | H77: 239.35513 | I77: 127.79719 | J77: 42.93 | K77: 78.166667 | L77: 6.7005208 | M77: 111.55794 | N77: 85.039835 | O77: 26.518107 | P77: 90.779 | Q77: 2638 | R77: 2907.5 | S77: 2117.7 | T77: 0.13229897 | U77: 28.241373
A78: 43221 | B78: ='[4]Inedible Tallow Complex'!$Z220 -> 23.6818 | C78: =SBO!$B78 -> 29.4 | D78: =Corn!B78/56*100 -> 6.5714286 | E78: 328.252 | F78: 7.5981942 | G78: 59.411762 | H78: 282.02443 | I78: 133.91719 | J78: 49.05 | K78: 78.166667 | L78: 6.7005208 | M78: 148.10724 | N78: 114.51463 | O78: 33.592619 | P78: 85.193 | Q78: 2907.5 | R78: 2878.5 | S78: 2307 | T78: 0.14145734 | U78: 24.698783
A79: 43252 | B79: ='[4]Inedible Tallow Complex'!$Z221 -> 25.6071 | C79: =SBO!$B79 -> 28.3 | D79: =Corn!B79/56*100 -> 6.3928571 | E79: 310.869 | F79: 21.248467 | G79: 54.015392 | H79: 282.55407 | I79: 135.92719 | J79: 51.06 | K79: 78.166667 | L79: 6.7005208 | M79: 146.62689 | N79: 116.26104 | O79: 30.365843 | P79: 80.741 | Q79: 2878.5 | R79: 2766.4 | S79: 2300.9 | T79: 0.12600524 | U79: 25.467918
A80: 43282 | B80: ='[4]Inedible Tallow Complex'!$Z222 -> 27.5238 | C80: =SBO!$B80 -> 27.21 | D80: =Corn!B80/56*100 -> 6.1964286 | E80: 296.252 | F80: 24.702783 | G80: 61.258085 | H80: 240.5497 | I80: 83.789792 | J80: 56.37 | K80: 15.633333 | L80: 11.786458 | M80: 156.75991 | N80: 119.85803 | O80: 36.901877 | P80: 99.888 | Q80: 2766.4 | R80: 2978.2 | S80: 2231.6 | T80: 0.12571436 | U80: 27.5009
A81: 43313 | B81: ='[4]Inedible Tallow Complex'!$Z223 -> 27.3696 | C81: =SBO!$B81 -> 27.6 | D81: =Corn!B81/56*100 -> 6 | E81: 332.618 | F81: 29.812095 | G81: 39.483507 | H81: 320.59559 | I81: 155.32958 | J81: 54.14 | K81: 89.403125 | L81: 11.786458 | M81: 165.266 | N81: 104.93595 | O81: 60.330052 | P81: 102.239 | Q81: 2978.2 | R81: 2618.3 | S81: 2429.6 | T81: 0.12906088 | U81: 24.954845
A82: 43344 | B82: ='[4]Inedible Tallow Complex'!$Z224 -> 24.3421 | C82: =SBO!$B82 -> 27.73 | D82: =Corn!B82/56*100 -> 6.0714286 | E82: 330.273 | F82: 26.213829 | G82: 56.617794 | H82: 288.46303 | I82: 150.46958 | J82: 49.28 | K82: 89.403125 | L82: 11.786458 | M82: 137.99345 | N82: 98.124421 | O82: 39.86903 | P82: 113.645 | Q82: 2618.3 | R82: 2957.6 | S82: 2157.5 | T82: 0.12763557 | U82: 30.623835
A83: 43374 | B83: ='[4]Inedible Tallow Complex'!$AA213 -> 23.2174 | C83: =SBO!$B83 -> 28.89 | D83: =Corn!B83/56*100 -> 6.1071429 | E83: 322.771 | F83: 35.43118 | G83: 49.253482 | H83: 312.1787 | I83: 165.59552 | J83: 59.32 | K83: 89.403125 | L83: 16.872396 | M83: 146.58318 | N83: 109.24497 | O83: 37.338209 | P83: 110.415 | Q83: 2957.6 | R83: 2800.8 | S83: 2430.6 | T83: 0.12672295 | U83: 29.469817
A84: 43405 | B84: ='[4]Inedible Tallow Complex'!$AA214 -> 25.4 | C84: =SBO!$B84 -> 27.49 | D84: =Corn!B84/56*100 -> 6.0892857 | E84: 350.948 | F84: 31.907066 | G84: 68.098853 | H84: 323.60421 | I84: 147.88198 | J84: 30.37 | K84: 100.63958 | L84: 16.872396 | M84: 175.72223 | N84: 137.56488 | O84: 38.157353 | P84: 101.567 | Q84: 2800.8 | R84: 2580.2 | S84: 2315.1 | T84: 0.13694935 | U84: 31.935029
A85: 43435 | B85: ='[4]Inedible Tallow Complex'!$AA215 -> 26 | C85: =SBO!$B85 -> 28.14 | D85: =Corn!B85/56*100 -> 6.3214286 | E85: 338.137 | F85: 25.003193 | G85: 74.340558 | H85: 284.15263 | I85: 138.87198 | J85: 21.36 | K85: 100.63958 | L85: 16.872396 | M85: 145.28066 | N85: 101.16089 | O85: 44.119763 | P85: 106.214 | Q85: 2580.2 | R85: 2830.2 | S85: 2116 | T85: 0.13308364 | U85: 34.742555
A86: 43466 | B86: ='[4]Inedible Tallow Complex'!$AA216 -> 26 | C86: =SBO!$B86 -> 28.44 | D86: =Corn!B86/56*100 -> 6.3571429 | E86: 320.826 | F86: 28.897445 | G86: 59.816934 | H86: 284.55251 | I86: 146.97792 | J86: 24.38 | K86: 100.63958 | L86: 21.958333 | M86: 137.57459 | N86: 90.544579 | O86: 47.030015 | P86: 111.568 | Q86: 2830.2 | R86: 2454.7 | S86: 2308.9 | T86: 0.13784421 | U86: 34.480934
A87: 43497 | B87: ='[4]Inedible Tallow Complex'!$AA217 -> 26 | C87: =SBO!$B87 -> 29.58 | D87: =Corn!B87/56*100 -> 6.4285714 | E87: 333.574 | F87: 27.202295 | G87: 41.31963 | H87: 332.32967 | I87: 154.21438 | J87: 20.38 | K87: 111.87604 | L87: 21.958333 | M87: 178.11529 | N87: 128.71031 | O87: 49.404979 | P87: 98.695 | Q87: 2454.7 | R87: 2649.5 | S87: 1987.6 | T87: 0.13454591 | U87: 36.680664
A88: 43525 | B88: ='[4]Inedible Tallow Complex'!$AA218 -> 26.0476 | C88: =SBO!$B88 -> 28.62 | D88: =Corn!B88/56*100 -> 6.4464286 | E88: 335.972 | F88: 47.335101 | G88: 69.232365 | H88: 330.76374 | I88: 157.77438 | J88: 23.94 | K88: 111.87604 | L88: 21.958333 | M88: 172.98936 | N88: 125.0109 | O88: 47.97846 | P88: 82.006 | Q88: 2649.5 | R88: 2829.2 | S88: 2117.7 | T88: 0.12873102 | U88: 36.303447
A89: 43556 | B89: ='[4]Inedible Tallow Complex'!$AA219 -> 27.6667 | C89: =SBO!$B89 -> 27.86 | D89: =Corn!B89/56*100 -> 6.3035714 | E89: 306.534 | F89: 27.694399 | G89: 62.907641 | H89: 267.36176 | I89: 159.71438 | J89: 25.88 | K89: 111.87604 | L89: 21.958333 | M89: 107.64738 | N89: 82.52486 | O89: 25.122523 | P89: 85.965 | Q89: 2829.2 | R89: 2939 | S89: 2261.5 | T89: 0.1327601 | U89: 36.134785
A90: 43586 | B90: ='[4]Inedible Tallow Complex'!$AA220 -> 28.2841 | C90: =SBO!$B90 -> 26.93 | D90: =Corn!B90/56*100 -> 6.4821429 | E90: 334.671 | F90: 36.180682 | G90: 52.658129 | H90: 327.48655 | I90: 174.42083 | J90: 29.35 | K90: 123.1125 | L90: 21.958333 | M90: 153.06572 | N90: 119.48356 | O90: 33.582157 | P90: 76.672 | Q90: 2939 | R90: 2804.8 | S90: 2327.9 | T90: 0.14455993 | U90: 32.44857
A91: 43617 | B91: ='[4]Inedible Tallow Complex'!$AA221 -> 29.25 | C91: =SBO!$B91 -> 28.24 | D91: =Corn!B91/56*100 -> 7.1071429 | E91: 340.145 | F91: 54.962204 | G91: 53.426728 | H91: 333.50248 | I91: 167.57083 | J91: 22.5 | K91: 123.1125 | L91: 21.958333 | M91: 165.93164 | N91: 131.87542 | O91: 34.056225 | P91: 84.85 | Q91: 2804.8 | R91: 2938.3 | S91: 2224.6 | T91: 0.1296187 | U91: 31.664211
A92: 43647 | B92: ='[4]Inedible Tallow Complex'!$AA222 -> 30.3409 | C92: =SBO!$B92 -> 27.68 | D92: =Corn!B92/56*100 -> 7.4285714 | E92: 310.193 | F92: 51.163999 | G92: 49.074411 | H92: 306.79359 | I92: 166.67083 | J92: 21.6 | K92: 123.1125 | L92: 21.958333 | M92: 140.12275 | N92: 107.58671 | O92: 32.536047 | P92: 90.339 | Q92: 2938.3 | R92: 2926.2 | S92: 2359.9 | T92: 0.12549375 | U92: 31.170499
A93: 43678 | B93: ='[4]Inedible Tallow Complex'!$AA223 -> 30.7955 | C93: =SBO!$B93 -> 28.41 | D93: =Corn!B93/56*100 -> 7.0178571 | E93: 314.554 | F93: 29.132204 | G93: 42.189449 | H93: 302.28775 | I93: 169.01083 | J93: 23.94 | K93: 123.1125 | L93: 21.958333 | M93: 133.27692 | N93: 83.988786 | O93: 49.288135 | P93: 89.548 | Q93: 2926.2 | R93: 2676.7 | S93: 2373.5 | T93: 0.13150121 | U93: 29.011519
A94: 43709 | B94: ='[4]Inedible Tallow Complex'!$AA224 -> 27.85 | C94: =SBO!$B94 -> 28.81 | D94: =Corn!B94/56*100 -> 6.7857143 | E94: 299.506 | F94: 34.523714 | G94: 43.009411 | H94: 282.9753 | I94: 169.32083 | J94: 24.25 | K94: 123.1125 | L94: 21.958333 | M94: 113.65447 | N94: 80.459512 | O94: 33.194958 | P94: 97.593 | Q94: 2676.7 | R94: 2976.3 | S94: 2189.3 | T94: 0.13025317 | U94: 30.596548
A95: 43739 | B95: ='[4]Inedible Tallow Complex'!$AB213 -> 25.7283 | C95: =SBO!$B95 -> 30.14 | D95: =Corn!B95/56*100 -> 6.875 | E95: 294.442 | F95: 7.977671 | G95: 54.71647 | H95: 241.7092 | I95: 173.62083 | J95: 28.55 | K95: 123.1125 | L95: 21.958333 | M95: 68.088367 | N95: 50.608007 | O95: 17.48036 | P95: 103.587 | Q95: 2976.3 | R95: 2774.3 | S95: 2438.1 | T95: 0.12585055 | U95: 31.250254
A96: 43770 | B96: ='[4]Inedible Tallow Complex'!$AB214 -> 23.2632 | C96: =SBO!$B96 -> 30.62 | D96: =Corn!B96/56*100 -> 6.5714286 | E96: 340.603 | F96: 32.476224 | G96: 74.885029 | H96: 296.6132 | I96: 171.40083 | J96: 26.33 | K96: 123.1125 | L96: 21.958333 | M96: 125.21236 | N96: 97.824051 | O96: 27.388311 | P96: 105.168 | Q96: 2774.3 | R96: 2750.9 | S96: 2297 | T96: 0.13958311 | U96: 32.164073
A97: 43800 | B97: ='[4]Inedible Tallow Complex'!$AB215 -> 25.1905 | C97: =SBO!$B97 -> 32.27 | D97: =Corn!B97/56*100 -> 6.625 | E97: 318.05 | F97: 31.446726 | G97: 84.050664 | H97: 269.83206 | I97: 166.38083 | J97: 21.31 | K97: 123.1125 | L97: 21.958333 | M97: 103.45123 | N97: 71.800619 | O97: 31.650611 | P97: 100.782 | Q97: 2750.9 | R97: 2899.4 | S97: 2265 | T97: 0.1351725 | U97: 33.039332
A98: 43831 | B98: ='[4]Inedible Tallow Complex'!$AB216 -> 30.4286 | C98: =SBO!$B98 -> 33.04 | D98: =Corn!B98/56*100 -> 6.7678571 | E98: 295.633
A99: 43862 | B99: ='[4]Inedible Tallow Complex'!$AB217 -> 34.2895 | C99: =SBO!$B99 -> 30.26 | D99: =Corn!B99/56*100 -> 6.75 | E99: 325.764
A100: 43891 | B100: ='[4]Inedible Tallow Complex'!$AB218 -> 30.8636 | C100: =SBO!$B100 -> 27.04 | D100: =Corn!B100/56*100 -> 6.5714286 | E100: 336.65
...

Sheet Sheet1
