Workbook

Sheet Mexico Choice White Grease 
A1: MEXICO CHOICE WHITE GREASE SUPPLY AND DEMAND (000 lb)
B2: 1992 | C2: 1993 | D2: 1994 | E2: 1995 | F2: 1996 | G2: 1997 | H2: 1998 | I2: 1999 | J2: 2000 | K2: 2001 | L2: 2002 | M2: 2003 | N2: 2004 | O2: 2005 | P2: 2006 | Q2: 2007 | R2: 2008 | S2: 2009 | T2: 2010 | U2: 2011 | V2: 2012 | W2: 2013 | X2: 2014 | Y2: 2015 | Z2: 2016 | AA2: 2017 | AB2: 2018 | AC2: 2019 | AD2: 2020 | AE2: 2021 | AF2: 2022 | AG2: 2023 | AH2: 2024 | AI2: 2025 | AJ2: 2026 | AK2: 2027 | AL2: 2028 | AM2: 2029 | AN2: 2030 | AO2: 2031 | AP2: 2032 | AQ2: 2033 | AR2: 2034 | AS2: 2035 | AT2: 2036 | AU2: 2037 | AV2: 2038 | AW2: 2039 | AX2: 2040 | AY2: 2041 | AZ2: 2042 | BA2: 2043 | BB2: 2044 | BC2: 2045 | BD2: 2046 | BE2: 2047 | BF2: 2048 | BG2: 2049 | BH2: 2050
A3: Carryin (January 1) | C3: =B14 -> 0 | D3: =C14 -> 0 | E3: =D14 -> 0 | F3: =E14 -> 0 | G3: =F14 -> 0 | H3: =G14 -> 0 | I3: =H14 -> 0 | J3: =I14 -> 0 | ... BH3: =BG14 -> 0
A4: Production | C4: =C33/1000 -> #REF! | D4: =D33/1000 -> #REF! | E4: =E33/1000 -> #REF! | F4: =F33/1000 -> #REF! | G4: =G33/1000 -> #REF! | H4: =H33/1000 -> #REF! | I4: =I33/1000 -> #REF! | J4: =J33 -> 60 | K4: =K33 -> 62 | L4: =L33 -> 65 | M4: =M33 -> 68 | N4: =N33 -> 70 | O4: =O33 -> 73 | P4: =P33 -> 75 | Q4: =Q33 -> 78 | ... BH4: =BH33 -> 174.54545
A5: Imports | C5: =C49 -> 0 | D5: =D49 -> 0 | E5: =E49 -> 0 | F5: =F49 -> 0 | G5: =G49 -> 0 | H5: =H49 -> 0 | I5: =I49 -> 0 | J5: =J49 -> 0 | ... AH5: =AH49 -> 0 | AI5: 0.05 | AJ5: 0.05 | AK5: 0.05 | AL5: 0.05 | AM5: 0.05 | AN5: 0.05 | AO5: 0.05 | AP5: 0.05 | AQ5: 0.05 | AR5: 0.05 | AS5: 0.05 | AT5: 0.05 | AU5: 0.05 | AV5: 0.05 | AW5: 0.05 | AX5: 0.05 | AY5: 0.05 | AZ5: 0.05 | BA5: 0.05 | BB5: 0.05 | BC5: 0.05 | BD5: 0.05 | BE5: 0.05 | BF5: 0.05 | BG5: 0.05 | BH5: 0.05 | BL5: =AW4*2204.622 -> 340714.31
A6: Total Supply | C6: =SUM(C3:C5) -> #REF! | D6: =SUM(D3:D5) -> #REF! | E6: =SUM(E3:E5) -> #REF! | F6: =SUM(F3:F5) -> #REF! | G6: =SUM(G3:G5) -> #REF! | H6: =SUM(H3:H5) -> #REF! | I6: =SUM(I3:I5) -> #REF! | J6: =SUM(J3:J5) -> 60 | ... BH6: =SUM(BH3:BH5) -> 174.59545
A7: Domestic Use | C7: =C13-C12 -> #REF! | D7: =D13-D12 -> #REF! | E7: =E13-E12 -> #REF! | F7: =F13-F12 -> #REF! | G7: =G13-G12 -> #REF! | H7: =H13-H12 -> #REF! | I7: =I13-I12 -> #REF! | J7: =J13-J12 -> 60 | ... BH7: =BH13-BH12 -> 164.34545
A8: Biomas-Based Diesel | C8: =C9+C10+#REF! -> #REF! | D8: =D9+D10+#REF! -> #REF! | E8: =E9+E10+#REF! -> #REF! | F8: =F9+F10+#REF! -> #REF! | G8: =G9+G10 -> 0 | H8: =H9+H10 -> 0 | I8: =I9+I10 -> 0 | J8: =J9+J10 -> 0 | K8: =K9+K10 -> 0 | L8: =L9+L10 -> 0 | M8: =M9+M10 -> 0 | N8: =N9+N10 -> 0 | ... BH8: =BH9+BH10 -> 13.636364
A9: Biodiesel | C9: =C113 -> 0 | D9: =D113 -> 0 | E9: =E113 -> 0 | F9: =F113 -> 0 | G9: =G113 -> 0 | H9: =H113 -> 0 | I9: =I113 -> 0 | J9: =J113 -> 0 | ... BH9: =BH113 -> 13.636364
A10: Renewable Biodiesel/SAF | C10: =C129 -> 0 | D10: =D129 -> 0 | E10: =E129 -> 0 | F10: =F129 -> 0 | G10: =G129 -> 0 | H10: =H129 -> 0 | I10: =I129 -> 0 | J10: =J129 -> 0 | ... BH10: =BH129 -> 0
A11: Non-Biodiesel | C11: =C7-C8 -> #REF! | D11: =D7-D8 -> #REF! | E11: =E7-E8 -> #REF! | F11: =F7-F8 -> #REF! | G11: =G7-G8 -> #REF! | H11: =H7-H8 -> #REF! | I11: =I7-I8 -> #REF! | J11: =J7-J8 -> 60 | ... BH11: =BH7-BH8 -> 150.70909
A12: Exports | C12: =C65 -> 0 | D12: =D65 -> 0 | E12: =E65 -> 0 | F12: =F65 -> 0 | G12: =G65 -> 0 | H12: =H65 -> 0 | I12: =I65 -> 0 | J12: =J65 -> 0 | ... AH12: =AH65 -> 0 | AI12: 0.25 | AJ12: 0.25 | AK12: 0.25 | AL12: 0.25 | AM12: 0.25 | AN12: 0.25 | AO12: 0.25 | AP12: 0.25 | AQ12: 0.25 | AR12: 0.25 | AS12: 0.25 | AT12: 0.25 | AU12: 0.25 | AV12: 0.25 | AW12: 0.25 | AX12: 0.25 | AY12: 1.25 | AZ12: 2.25 | BA12: 3.25 | BB12: 4.25 | BC12: 5.25 | BD12: 6.25 | BE12: 7.25 | BF12: 8.25 | BG12: 9.25 | BH12: 10.25
A13: Total Use | C13: =C6-C14 -> #REF! | D13: =D6-D14 -> #REF! | E13: =E6-E14 -> #REF! | F13: =F6-F14 -> #REF! | G13: =G6-G14 -> #REF! | H13: =H6-H14 -> #REF! | I13: =I6-I14 -> #REF! | J13: =J6-J14 -> 60 | ... BH13: =BH6-BH14 -> 174.59545
A14: Carryout (December 31) | C14: =C208 -> 0 | D14: =D208 -> 0 | E14: =E208 -> 0 | F14: =F208 -> 0 | G14: =G208 -> 0 | H14: =H208 -> 0 | I14: =I208 -> 0 | J14: =J208 -> 0 | ... BH14: =BH208 -> 0
A15: Stocks-to-Usage | C15: =C14/C13 -> #REF! | D15: =D14/D13 -> #REF! | E15: =E14/E13 -> #REF! | F15: =F14/F13 -> #REF! | G15: =G14/G13 -> #REF! | H15: =H14/H13 -> #REF! | I15: =I14/I13 -> #REF! | J15: =J14/J13 -> 0 | ... BH15: =BH14/BH13 -> 0
A16: Average Price (cents per pound)
A17: Bold Numbers are The Jacobsen Estimates and Forecasts
C18: =C34*2204.622 -> 27216059 | D18: =D34*2204.622 -> 29910107 | E18: =E34*2204.622 -> 32826822 | F18: =F34*2204.622 -> 35743536 | G18: =G34*2204.622 -> 38660251 | H18: =H34*2204.622 -> 41576966 | I18: =I34*2204.622 -> 44493681 | J18: =J34*2204.622 -> 47410396 | ... AE18: =AE34*2204.622 -> 1.0876944e+08
A19: CHOICE WHITE GREASE PRODUCTION (000 tonnes)
B20: =B2 -> 1992 | C20: =C2 -> 1993 | D20: =D2 -> 1994 | E20: =E2 -> 1995 | F20: =F2 -> 1996 | G20: =G2 -> 1997 | H20: =H2 -> 1998 | I20: =I2 -> 1999 | ... BH20: =BH2 -> 2050
A21: January | C21: =C212*C308/1000 -> #REF! | D21: =D212*D308/1000 -> #REF! | E21: =E212*E308/1000 -> #REF! | F21: =F212*F308/1000 -> #REF! | G21: =G212*G308/1000 -> #REF! | H21: =H212*H308/1000 -> #REF! | I21: =I212*I308/1000 -> #REF! | J21: =J$33*SUM('Canada Choice White Grease'!J21:N21)/SUM('Canada Choice White Grease'!J$33:N$33) -> 5.1617247 | K21: =K$33*SUM('Canada Choice White Grease'!K21:O21)/SUM('Canada Choice White Grease'!K$33:O$33) -> 5.2376823 | L21: =L$33*SUM('Canada Choice White Grease'!L21:P21)/SUM('Canada Choice White Grease'!L$33:P$33) -> 5.3623377 | M21: =M$33*SUM('Canada Choice White Grease'!M21:Q21)/SUM('Canada Choice White Grease'!M$33:Q$33) -> 5.5468117 | N21: =N$33*SUM('Canada Choice White Grease'!N21:R21)/SUM('Canada Choice White Grease'!N$33:R$33) -> 5.7735733 | O21: =O$33*SUM('Canada Choice White Grease'!O21:S21)/SUM('Canada Choice White Grease'!O$33:S$33) -> 6.0314351 | P21: =P$33*SUM('Canada Choice White Grease'!P21:T21)/SUM('Canada Choice White Grease'!P$33:T$33) -> 6.2679077 | Q21: =Q$33*SUM('Canada Choice White Grease'!Q21:U21)/SUM('Canada Choice White Grease'!Q$33:U$33) -> 6.6474913 | ... BH21: =BH$33*SUM('Canada Choice White Grease'!BH21:BL21)/SUM('Canada Choice White Grease'!BH$33:BL$33) -> 13.049199
A22: February | C22: =C213*C309/1000 -> #REF! | D22: =D213*D309/1000 -> #REF! | E22: =E213*E309/1000 -> #REF! | F22: =F213*F309/1000 -> #REF! | G22: =G213*G309/1000 -> #REF! | H22: =H213*H309/1000 -> #REF! | I22: =I213*I309/1000 -> #REF! | J22: =J$33*SUM('Canada Choice White Grease'!J22:N22)/SUM('Canada Choice White Grease'!J$33:N$33) -> 4.974948 | K22: =K$33*SUM('Canada Choice White Grease'!K22:O22)/SUM('Canada Choice White Grease'!K$33:O$33) -> 5.0910813 | L22: =L$33*SUM('Canada Choice White Grease'!L22:P22)/SUM('Canada Choice White Grease'!L$33:P$33) -> 5.2569801 | M22: =M$33*SUM('Canada Choice White Grease'!M22:Q22)/SUM('Canada Choice White Grease'!M$33:Q$33) -> 5.4441633 | N22: =N$33*SUM('Canada Choice White Grease'!N22:R22)/SUM('Canada Choice White Grease'!N$33:R$33) -> 5.6537907 | O22: =O$33*SUM('Canada Choice White Grease'!O22:S22)/SUM('Canada Choice White Grease'!O$33:S$33) -> 5.8899417 | P22: =P$33*SUM('Canada Choice White Grease'!P22:T22)/SUM('Canada Choice White Grease'!P$33:T$33) -> 6.0844508 | Q22: =Q$33*SUM('Canada Choice White Grease'!Q22:U22)/SUM('Canada Choice White Grease'!Q$33:U$33) -> 6.391216 | ... BH22: =BH$33*SUM('Canada Choice White Grease'!BH22:BL22)/SUM('Canada Choice White Grease'!BH$33:BL$33) -> 15.964571
A23: March | C23: =C214*C310/1000 -> #REF! | D23: =D214*D310/1000 -> #REF! | E23: =E214*E310/1000 -> #REF! | F23: =F214*F310/1000 -> #REF! | G23: =G214*G310/1000 -> #REF! | H23: =H214*H310/1000 -> #REF! | I23: =I214*I310/1000 -> #REF! | J23: =J$33*SUM('Canada Choice White Grease'!J23:N23)/SUM('Canada Choice White Grease'!J$33:N$33) -> 5.372804 | K23: =K$33*SUM('Canada Choice White Grease'!K23:O23)/SUM('Canada Choice White Grease'!K$33:O$33) -> 5.4608689 | L23: =L$33*SUM('Canada Choice White Grease'!L23:P23)/SUM('Canada Choice White Grease'!L$33:P$33) -> 5.6190753 | M23: =M$33*SUM('Canada Choice White Grease'!M23:Q23)/SUM('Canada Choice White Grease'!M$33:Q$33) -> 5.6949036 | N23: =N$33*SUM('Canada Choice White Grease'!N23:R23)/SUM('Canada Choice White Grease'!N$33:R$33) -> 5.7813526 | O23: =O$33*SUM('Canada Choice White Grease'!O23:S23)/SUM('Canada Choice White Grease'!O$33:S$33) -> 5.9235526 | P23: =P$33*SUM('Canada Choice White Grease'!P23:T23)/SUM('Canada Choice White Grease'!P$33:T$33) -> 6.053832 | Q23: =Q$33*SUM('Canada Choice White Grease'!Q23:U23)/SUM('Canada Choice White Grease'!Q$33:U$33) -> 6.289811 | ... BH23: =BH$33*SUM('Canada Choice White Grease'!BH23:BL23)/SUM('Canada Choice White Grease'!BH$33:BL$33) -> 14.507161
A24: April | C24: =C215*C311/1000 -> #REF! | D24: =D215*D311/1000 -> #REF! | E24: =E215*E311/1000 -> #REF! | F24: =F215*F311/1000 -> #REF! | G24: =G215*G311/1000 -> #REF! | H24: =H215*H311/1000 -> #REF! | I24: =I215*I311/1000 -> #REF! | J24: =J$33*SUM('Canada Choice White Grease'!J24:N24)/SUM('Canada Choice White Grease'!J$33:N$33) -> 4.8083335 | K24: =K$33*SUM('Canada Choice White Grease'!K24:O24)/SUM('Canada Choice White Grease'!K$33:O$33) -> 5.0232806 | L24: =L$33*SUM('Canada Choice White Grease'!L24:P24)/SUM('Canada Choice White Grease'!L$33:P$33) -> 5.3454056 | M24: =M$33*SUM('Canada Choice White Grease'!M24:Q24)/SUM('Canada Choice White Grease'!M$33:Q$33) -> 5.6816297 | N24: =N$33*SUM('Canada Choice White Grease'!N24:R24)/SUM('Canada Choice White Grease'!N$33:R$33) -> 5.8309843 | O24: =O$33*SUM('Canada Choice White Grease'!O24:S24)/SUM('Canada Choice White Grease'!O$33:S$33) -> 6.0813838 | P24: =P$33*SUM('Canada Choice White Grease'!P24:T24)/SUM('Canada Choice White Grease'!P$33:T$33) -> 6.2463995 | Q24: =Q$33*SUM('Canada Choice White Grease'!Q24:U24)/SUM('Canada Choice White Grease'!Q$33:U$33) -> 6.4733915 | ... BH24: =BH$33*SUM('Canada Choice White Grease'!BH24:BL24)/SUM('Canada Choice White Grease'!BH$33:BL$33) -> 14.83419
A25: May | C25: =C216*C312/1000 -> #REF! | D25: =D216*D312/1000 -> #REF! | E25: =E216*E312/1000 -> #REF! | F25: =F216*F312/1000 -> #REF! | G25: =G216*G312/1000 -> #REF! | H25: =H216*H312/1000 -> #REF! | I25: =I216*I312/1000 -> #REF! | J25: =J$33*SUM('Canada Choice White Grease'!J25:N25)/SUM('Canada Choice White Grease'!J$33:N$33) -> 4.6234242 | K25: =K$33*SUM('Canada Choice White Grease'!K25:O25)/SUM('Canada Choice White Grease'!K$33:O$33) -> 4.8070534 | L25: =L$33*SUM('Canada Choice White Grease'!L25:P25)/SUM('Canada Choice White Grease'!L$33:P$33) -> 5.0979433 | M25: =M$33*SUM('Canada Choice White Grease'!M25:Q25)/SUM('Canada Choice White Grease'!M$33:Q$33) -> 5.3640515 | N25: =N$33*SUM('Canada Choice White Grease'!N25:R25)/SUM('Canada Choice White Grease'!N$33:R$33) -> 5.5031224 | O25: =O$33*SUM('Canada Choice White Grease'!O25:S25)/SUM('Canada Choice White Grease'!O$33:S$33) -> 5.7482087 | P25: =P$33*SUM('Canada Choice White Grease'!P25:T25)/SUM('Canada Choice White Grease'!P$33:T$33) -> 5.8755827 | Q25: =Q$33*SUM('Canada Choice White Grease'!Q25:U25)/SUM('Canada Choice White Grease'!Q$33:U$33) -> 6.0612316 | ... BH25: =BH$33*SUM('Canada Choice White Grease'!BH25:BL25)/SUM('Canada Choice White Grease'!BH$33:BL$33) -> 16.380999
A26: June | C26: =C217*C313/1000 -> #REF! | D26: =D217*D313/1000 -> #REF! | E26: =E217*E313/1000 -> #REF! | F26: =F217*F313/1000 -> #REF! | G26: =G217*G313/1000 -> #REF! | H26: =H217*H313/1000 -> #REF! | I26: =I217*I313/1000 -> #REF! | J26: =J$33*SUM('Canada Choice White Grease'!J26:N26)/SUM('Canada Choice White Grease'!J$33:N$33) -> 4.9654977 | K26: =K$33*SUM('Canada Choice White Grease'!K26:O26)/SUM('Canada Choice White Grease'!K$33:O$33) -> 5.1580683 | L26: =L$33*SUM('Canada Choice White Grease'!L26:P26)/SUM('Canada Choice White Grease'!L$33:P$33) -> 5.4559939 | M26: =M$33*SUM('Canada Choice White Grease'!M26:Q26)/SUM('Canada Choice White Grease'!M$33:Q$33) -> 5.7385118 | N26: =N$33*SUM('Canada Choice White Grease'!N26:R26)/SUM('Canada Choice White Grease'!N$33:R$33) -> 5.9011668 | O26: =O$33*SUM('Canada Choice White Grease'!O26:S26)/SUM('Canada Choice White Grease'!O$33:S$33) -> 6.1691843 | P26: =P$33*SUM('Canada Choice White Grease'!P26:T26)/SUM('Canada Choice White Grease'!P$33:T$33) -> 6.3758614 | Q26: =Q$33*SUM('Canada Choice White Grease'!Q26:U26)/SUM('Canada Choice White Grease'!Q$33:U$33) -> 6.6568145 | ... BH26: =BH$33*SUM('Canada Choice White Grease'!BH26:BL26)/SUM('Canada Choice White Grease'!BH$33:BL$33) -> 15.042586
A27: July | C27: =C218*C314/1000 -> #REF! | D27: =D218*D314/1000 -> #REF! | E27: =E218*E314/1000 -> #REF! | F27: =F218*F314/1000 -> #REF! | G27: =G218*G314/1000 -> #REF! | H27: =H218*H314/1000 -> #REF! | I27: =I218*I314/1000 -> #REF! | J27: =J$33*SUM('Canada Choice White Grease'!J27:N27)/SUM('Canada Choice White Grease'!J$33:N$33) -> 4.9018131 | K27: =K$33*SUM('Canada Choice White Grease'!K27:O27)/SUM('Canada Choice White Grease'!K$33:O$33) -> 5.104001 | L27: =L$33*SUM('Canada Choice White Grease'!L27:P27)/SUM('Canada Choice White Grease'!L$33:P$33) -> 5.4041249 | M27: =M$33*SUM('Canada Choice White Grease'!M27:Q27)/SUM('Canada Choice White Grease'!M$33:Q$33) -> 5.6869683 | N27: =N$33*SUM('Canada Choice White Grease'!N27:R27)/SUM('Canada Choice White Grease'!N$33:R$33) -> 5.8551677 | O27: =O$33*SUM('Canada Choice White Grease'!O27:S27)/SUM('Canada Choice White Grease'!O$33:S$33) -> 6.1162781 | P27: =P$33*SUM('Canada Choice White Grease'!P27:T27)/SUM('Canada Choice White Grease'!P$33:T$33) -> 6.2633036 | Q27: =Q$33*SUM('Canada Choice White Grease'!Q27:U27)/SUM('Canada Choice White Grease'!Q$33:U$33) -> 6.4738723 | ... BH27: =BH$33*SUM('Canada Choice White Grease'!BH27:BL27)/SUM('Canada Choice White Grease'!BH$33:BL$33) -> 13.93536
A28: August | C28: =C219*C315/1000 -> #REF! | D28: =D219*D315/1000 -> #REF! | E28: =E219*E315/1000 -> #REF! | F28: =F219*F315/1000 -> #REF! | G28: =G219*G315/1000 -> #REF! | H28: =H219*H315/1000 -> #REF! | I28: =I219*I315/1000 -> #REF! | J28: =J$33*SUM('Canada Choice White Grease'!J28:N28)/SUM('Canada Choice White Grease'!J$33:N$33) -> 5.1732607 | K28: =K$33*SUM('Canada Choice White Grease'!K28:O28)/SUM('Canada Choice White Grease'!K$33:O$33) -> 5.3759151 | L28: =L$33*SUM('Canada Choice White Grease'!L28:P28)/SUM('Canada Choice White Grease'!L$33:P$33) -> 5.6670838 | M28: =M$33*SUM('Canada Choice White Grease'!M28:Q28)/SUM('Canada Choice White Grease'!M$33:Q$33) -> 5.9060045 | N28: =N$33*SUM('Canada Choice White Grease'!N28:R28)/SUM('Canada Choice White Grease'!N$33:R$33) -> 6.0382609 | O28: =O$33*SUM('Canada Choice White Grease'!O28:S28)/SUM('Canada Choice White Grease'!O$33:S$33) -> 6.2485681 | P28: =P$33*SUM('Canada Choice White Grease'!P28:T28)/SUM('Canada Choice White Grease'!P$33:T$33) -> 6.3091609 | Q28: =Q$33*SUM('Canada Choice White Grease'!Q28:U28)/SUM('Canada Choice White Grease'!Q$33:U$33) -> 6.4512531 | ... BH28: =BH$33*SUM('Canada Choice White Grease'!BH28:BL28)/SUM('Canada Choice White Grease'!BH$33:BL$33) -> 15.727711
A29: September | C29: =C220*C316/1000 -> #REF! | D29: =D220*D316/1000 -> #REF! | E29: =E220*E316/1000 -> #REF! | F29: =F220*F316/1000 -> #REF! | G29: =G220*G316/1000 -> #REF! | H29: =H220*H316/1000 -> #REF! | I29: =I220*I316/1000 -> #REF! | J29: =J$33*SUM('Canada Choice White Grease'!J29:N29)/SUM('Canada Choice White Grease'!J$33:N$33) -> 5.0597492 | K29: =K$33*SUM('Canada Choice White Grease'!K29:O29)/SUM('Canada Choice White Grease'!K$33:O$33) -> 5.2451485 | L29: =L$33*SUM('Canada Choice White Grease'!L29:P29)/SUM('Canada Choice White Grease'!L$33:P$33) -> 5.5391724 | M29: =M$33*SUM('Canada Choice White Grease'!M29:Q29)/SUM('Canada Choice White Grease'!M$33:Q$33) -> 5.8257966 | N29: =N$33*SUM('Canada Choice White Grease'!N29:R29)/SUM('Canada Choice White Grease'!N$33:R$33) -> 6.011784 | O29: =O$33*SUM('Canada Choice White Grease'!O29:S29)/SUM('Canada Choice White Grease'!O$33:S$33) -> 6.2886983 | P29: =P$33*SUM('Canada Choice White Grease'!P29:T29)/SUM('Canada Choice White Grease'!P$33:T$33) -> 6.4379023 | Q29: =Q$33*SUM('Canada Choice White Grease'!Q29:U29)/SUM('Canada Choice White Grease'!Q$33:U$33) -> 6.6075152 | ... BH29: =BH$33*SUM('Canada Choice White Grease'!BH29:BL29)/SUM('Canada Choice White Grease'!BH$33:BL$33) -> 14.225642
A30: October | C30: =C221*C317/1000 -> #REF! | D30: =D221*D317/1000 -> #REF! | E30: =E221*E317/1000 -> #REF! | F30: =F221*F317/1000 -> #REF! | G30: =G221*G317/1000 -> #REF! | H30: =H221*H317/1000 -> #REF! | I30: =I221*I317/1000 -> #REF! | J30: =J$33*SUM('Canada Choice White Grease'!J30:N30)/SUM('Canada Choice White Grease'!J$33:N$33) -> 4.9451991 | K30: =K$33*SUM('Canada Choice White Grease'!K30:O30)/SUM('Canada Choice White Grease'!K$33:O$33) -> 5.1008832 | L30: =L$33*SUM('Canada Choice White Grease'!L30:P30)/SUM('Canada Choice White Grease'!L$33:P$33) -> 5.3388337 | M30: =M$33*SUM('Canada Choice White Grease'!M30:Q30)/SUM('Canada Choice White Grease'!M$33:Q$33) -> 5.6091201 | N30: =N$33*SUM('Canada Choice White Grease'!N30:R30)/SUM('Canada Choice White Grease'!N$33:R$33) -> 5.7664984 | O30: =O$33*SUM('Canada Choice White Grease'!O30:S30)/SUM('Canada Choice White Grease'!O$33:S$33) -> 6.0108711 | P30: =P$33*SUM('Canada Choice White Grease'!P30:T30)/SUM('Canada Choice White Grease'!P$33:T$33) -> 6.1958547 | Q30: =Q$33*SUM('Canada Choice White Grease'!Q30:U30)/SUM('Canada Choice White Grease'!Q$33:U$33) -> 6.4630575 | ... BH30: =BH$33*SUM('Canada Choice White Grease'!BH30:BL30)/SUM('Canada Choice White Grease'!BH$33:BL$33) -> 11.939113
A31: November | C31: =C222*C318/1000 -> #REF! | D31: =D222*D318/1000 -> #REF! | E31: =E222*E318/1000 -> #REF! | F31: =F222*F318/1000 -> #REF! | G31: =G222*G318/1000 -> #REF! | H31: =H222*H318/1000 -> #REF! | I31: =I222*I318/1000 -> #REF! | J31: =J$33*SUM('Canada Choice White Grease'!J31:N31)/SUM('Canada Choice White Grease'!J$33:N$33) -> 5.1073307 | K31: =K$33*SUM('Canada Choice White Grease'!K31:O31)/SUM('Canada Choice White Grease'!K$33:O$33) -> 5.2960151 | L31: =L$33*SUM('Canada Choice White Grease'!L31:P31)/SUM('Canada Choice White Grease'!L$33:P$33) -> 5.539134 | M31: =M$33*SUM('Canada Choice White Grease'!M31:Q31)/SUM('Canada Choice White Grease'!M$33:Q$33) -> 5.8160163 | N31: =N$33*SUM('Canada Choice White Grease'!N31:R31)/SUM('Canada Choice White Grease'!N$33:R$33) -> 5.9682071 | O31: =O$33*SUM('Canada Choice White Grease'!O31:S31)/SUM('Canada Choice White Grease'!O$33:S$33) -> 6.2137949 | P31: =P$33*SUM('Canada Choice White Grease'!P31:T31)/SUM('Canada Choice White Grease'!P$33:T$33) -> 6.4199856 | Q31: =Q$33*SUM('Canada Choice White Grease'!Q31:U31)/SUM('Canada Choice White Grease'!Q$33:U$33) -> 6.7277246 | ... BH31: =BH$33*SUM('Canada Choice White Grease'!BH31:BL31)/SUM('Canada Choice White Grease'!BH$33:BL$33) -> 14.369675
A32: December | C32: =C223*C319/1000 -> #REF! | D32: =D223*D319/1000 -> #REF! | E32: =E223*E319/1000 -> #REF! | F32: =F223*F319/1000 -> #REF! | G32: =G223*G319/1000 -> #REF! | H32: =H223*H319/1000 -> #REF! | I32: =I223*I319/1000 -> #REF! | J32: =J$33*SUM('Canada Choice White Grease'!J32:N32)/SUM('Canada Choice White Grease'!J$33:N$33) -> 4.9059152 | K32: =K$33*SUM('Canada Choice White Grease'!K32:O32)/SUM('Canada Choice White Grease'!K$33:O$33) -> 5.1000024 | L32: =L$33*SUM('Canada Choice White Grease'!L32:P32)/SUM('Canada Choice White Grease'!L$33:P$33) -> 5.3739153 | M32: =M$33*SUM('Canada Choice White Grease'!M32:Q32)/SUM('Canada Choice White Grease'!M$33:Q$33) -> 5.6860226 | N32: =N$33*SUM('Canada Choice White Grease'!N32:R32)/SUM('Canada Choice White Grease'!N$33:R$33) -> 5.9160918 | O32: =O$33*SUM('Canada Choice White Grease'!O32:S32)/SUM('Canada Choice White Grease'!O$33:S$33) -> 6.2780833 | P32: =P$33*SUM('Canada Choice White Grease'!P32:T32)/SUM('Canada Choice White Grease'!P$33:T$33) -> 6.4697587 | Q32: =Q$33*SUM('Canada Choice White Grease'!Q32:U32)/SUM('Canada Choice White Grease'!Q$33:U$33) -> 6.7566215 | ... BH32: =BH$33*SUM('Canada Choice White Grease'!BH32:BL32)/SUM('Canada Choice White Grease'!BH$33:BL$33) -> 14.569247
A33: Total | C33: =SUM(C21:C32) -> #REF! | D33: =SUM(D21:D32) -> #REF! | E33: =SUM(E21:E32) -> #REF! | F33: =SUM(F21:F32) -> #REF! | G33: =SUM(G21:G32) -> #REF! | H33: =SUM(H21:H32) -> #REF! | I33: =SUM(I21:I32) -> #REF! | J33: 60 | K33: 62 | L33: 65 | M33: 68 | N33: 70 | O33: 73 | P33: 75 | Q33: 78 | R33: 80 | S33: 82 | T33: 85 | U33: 88 | V33: 92 | W33: 95 | X33: 98 | Y33: 100 | Z33: 103 | AA33: 106 | AB33: 110 | AC33: 113 | AD33: 116 | AE33: 118 | AF33: 120 | AG33: 122 | AH33: 125 | AI33: 128 | AJ33: 130 | AK33: 132 | AL33: 134 | AM33: 136 | AN33: 138 | AO33: 140 | AP33: 141.81818 | AQ33: 143.63636 | AR33: 145.45455 | AS33: 147.27273 | AT33: 149.09091 | AU33: 150.90909 | AV33: 152.72727 | AW33: 154.54545 | AX33: 156.36364 | AY33: 158.18182 | AZ33: 160 | BA33: 161.81818 | BB33: 163.63636 | BC33: 165.45455 | BD33: 167.27273 | BE33: 169.09091 | BF33: 170.90909 | BG33: 172.72727 | BH33: 174.54545
C34: =C355 -> 12345 | D34: =D355 -> 13567 | E34: =E355 -> 14890 | F34: =F355 -> 16213 | G34: =G355 -> 17536 | H34: =H355 -> 18859 | I34: =I355 -> 20182 | J34: =J355 -> 21505 | ... BH34: =BH355 -> 0
A35: CHOICE WHITE GREASE IMPORTS (tonnes) | I35: =I34-I33 -> #REF! | J35: =J34-J33 -> 21445 | K35: =K34-K33 -> 22766 | L35: =L34-L33 -> 24086 | M35: =M34-M33 -> 25406 | N35: =N34-N33 -> 26727 | O35: =O34-O33 -> 28047 | P35: =P34-P33 -> 29368 | ... AB35: =AB34-AB33 -> 45228
B36: =B20 -> 1992 | C36: =C20 -> 1993 | D36: =D20 -> 1994 | E36: =E20 -> 1995 | F36: =F20 -> 1996 | G36: =G20 -> 1997 | H36: =H20 -> 1998 | I36: =I20 -> 1999 | ... BH36: =BH20 -> 2050
A37: January | D37: ='[1]Mexico CWG Imports'!AW$290/1000 -> 0 | E37: ='[1]Mexico CWG Imports'!BI$290/1000 -> 0 | F37: ='[1]Mexico CWG Imports'!BU$290/1000 -> 0 | G37: ='[1]Mexico CWG Imports'!CG$290/1000 -> 0 | H37: ='[1]Mexico CWG Imports'!CS$290/1000 -> 0 | I37: ='[1]Mexico CWG Imports'!DE$290/1000 -> 0 | J37: ='[1]Mexico CWG Imports'!DQ$290/1000 -> 0 | K37: ='[1]Mexico CWG Imports'!EC$290/1000 -> 0 | L37: ='[1]Mexico CWG Imports'!EO$290/1000 -> 0 | M37: ='[1]Mexico CWG Imports'!FA$290/1000 -> 0 | N37: ='[1]Mexico CWG Imports'!FM$290/1000 -> 0 | O37: ='[1]Mexico CWG Imports'!FY$290/1000 -> 0 | P37: ='[1]Mexico CWG Imports'!GK$290/1000 -> 0 | Q37: ='[1]Mexico CWG Imports'!GW$290/1000 -> 0 | R37: ='[1]Mexico CWG Imports'!HI$290/1000 -> 0 | S37: ='[1]Mexico CWG Imports'!HU$290/1000 -> 0 | T37: ='[1]Mexico CWG Imports'!IG$290/1000 -> 0 | U37: ='[1]Mexico CWG Imports'!IS$290/1000 -> 0 | V37: ='[1]Mexico CWG Imports'!JE$290/1000 -> 0 | W37: ='[1]Mexico CWG Imports'!JQ$290/1000 -> 0.105 | X37: ='[1]Mexico CWG Imports'!KC$290/1000 -> 0.105 | Y37: ='[1]Mexico CWG Imports'!KO$290/1000 -> 0.105 | Z37: ='[1]Mexico CWG Imports'!LA$290/1000 -> 0.105 | AA37: ='[1]Mexico CWG Imports'!LM$290/1000 -> 0.21 | AB37: ='[1]Mexico CWG Imports'!LY$290/1000 -> 0.21 | AC37: ='[1]Mexico CWG Imports'!MK$290/1000 -> 0.001 | AD37: ='[1]Mexico CWG Imports'!MW$290/1000 -> 0 | AE37: ='[1]Mexico CWG Imports'!NI$290/1000 -> 0.001 | AF37: ='[1]Mexico CWG Imports'!NU$290/1000 -> 0 | AG37: ='[1]Mexico CWG Imports'!$OG$290/1000 -> 0 | AH37: ='[1]Mexico CWG Imports'!OS$290/1000 -> 0 | AI37: ='[1]Mexico CWG Imports'!PE$290/1000 -> 0 | AJ37: =AJ$49*(SUM(AE37:AI37)/SUM(AE$49:AI$49)) -> 0.00043859649 | AK37: =AK$49*(SUM(AF37:AJ37)/SUM(AF$49:AJ$49)) -> 0.00021929825 | AL37: =AL$49*(SUM(AG37:AK37)/SUM(AG$49:AK$49)) -> 0.00021929825 | AM37: =AM$49*(SUM(AH37:AL37)/SUM(AH$49:AL$49)) -> 0.00021929825 | AN37: =AN$49*(SUM(AI37:AM37)/SUM(AI$49:AM$49)) -> 0.00021929825 | AO37: =AO$49*(SUM(AJ37:AN37)/SUM(AJ$49:AN$49)) -> 0.00026315789 | AP37: =AP$49*(SUM(AK37:AO37)/SUM(AK$49:AO$49)) -> 0.00022807018 | AQ37: =AQ$49*(SUM(AL37:AP37)/SUM(AL$49:AP$49)) -> 0.00022982456 | ... BH37: =BH$49*(SUM(BC37:BG37)/SUM(BC$49:BG$49)) -> 0.00023392582
A38: February | D38: ='[1]Mexico CWG Imports'!AX$290/1000 -> 0 | E38: ='[1]Mexico CWG Imports'!BJ$290/1000 -> 0 | F38: ='[1]Mexico CWG Imports'!BV$290/1000 -> 0 | G38: ='[1]Mexico CWG Imports'!CH$290/1000 -> 0 | H38: ='[1]Mexico CWG Imports'!CT$290/1000 -> 0 | I38: ='[1]Mexico CWG Imports'!DF$290/1000 -> 0 | J38: ='[1]Mexico CWG Imports'!DR$290/1000 -> 0 | K38: ='[1]Mexico CWG Imports'!ED$290/1000 -> 0 | L38: ='[1]Mexico CWG Imports'!EP$290/1000 -> 0 | M38: ='[1]Mexico CWG Imports'!FB$290/1000 -> 0 | N38: ='[1]Mexico CWG Imports'!FN$290/1000 -> 0 | O38: ='[1]Mexico CWG Imports'!FZ$290/1000 -> 0 | P38: ='[1]Mexico CWG Imports'!GL$290/1000 -> 0 | Q38: ='[1]Mexico CWG Imports'!GX$290/1000 -> 0 | R38: ='[1]Mexico CWG Imports'!HJ$290/1000 -> 0 | S38: ='[1]Mexico CWG Imports'!HV$290/1000 -> 0 | T38: ='[1]Mexico CWG Imports'!IH$290/1000 -> 0 | U38: ='[1]Mexico CWG Imports'!IT$290/1000 -> 0 | V38: ='[1]Mexico CWG Imports'!JF$290/1000 -> 0 | W38: ='[1]Mexico CWG Imports'!JR$290/1000 -> 0.105 | X38: ='[1]Mexico CWG Imports'!KD$290/1000 -> 0.126 | Y38: ='[1]Mexico CWG Imports'!KP$290/1000 -> 0.084 | Z38: ='[1]Mexico CWG Imports'!LB$290/1000 -> 0.168 | AA38: ='[1]Mexico CWG Imports'!LN$290/1000 -> 0.189 | AB38: ='[1]Mexico CWG Imports'!LZ$290/1000 -> 0.21 | AC38: ='[1]Mexico CWG Imports'!ML$290/1000 -> 0 | AD38: ='[1]Mexico CWG Imports'!MX$290/1000 -> 0.001 | AE38: ='[1]Mexico CWG Imports'!NJ$290/1000 -> 0.001 | AF38: ='[1]Mexico CWG Imports'!NV$290/1000 -> 0 | AG38: ='[1]Mexico CWG Imports'!$OH$290/1000 -> 0 | AH38: ='[1]Mexico CWG Imports'!OT$290/1000 -> 0 | AI38: ='[1]Mexico CWG Imports'!PF$290/1000 -> 0 | AJ38: =AJ$49*(SUM(AE38:AI38)/SUM(AE$49:AI$49)) -> 0.00043859649 | AK38: =AK$49*(SUM(AF38:AJ38)/SUM(AF$49:AJ$49)) -> 0.00021929825 | AL38: =AL$49*(SUM(AG38:AK38)/SUM(AG$49:AK$49)) -> 0.00021929825 | AM38: =AM$49*(SUM(AH38:AL38)/SUM(AH$49:AL$49)) -> 0.00021929825 | AN38: =AN$49*(SUM(AI38:AM38)/SUM(AI$49:AM$49)) -> 0.00021929825 | AO38: =AO$49*(SUM(AJ38:AN38)/SUM(AJ$49:AN$49)) -> 0.00026315789 | AP38: =AP$49*(SUM(AK38:AO38)/SUM(AK$49:AO$49)) -> 0.00022807018 | AQ38: =AQ$49*(SUM(AL38:AP38)/SUM(AL$49:AP$49)) -> 0.00022982456 | ... BH38: =BH$49*(SUM(BC38:BG38)/SUM(BC$49:BG$49)) -> 0.00023392582
A39: March | D39: ='[1]Mexico CWG Imports'!AY$290/1000 -> 0 | E39: ='[1]Mexico CWG Imports'!BK$290/1000 -> 0 | F39: ='[1]Mexico CWG Imports'!BW$290/1000 -> 0 | G39: ='[1]Mexico CWG Imports'!CI$290/1000 -> 0 | H39: ='[1]Mexico CWG Imports'!CU$290/1000 -> 0 | I39: ='[1]Mexico CWG Imports'!DG$290/1000 -> 0 | J39: ='[1]Mexico CWG Imports'!DS$290/1000 -> 0 | K39: ='[1]Mexico CWG Imports'!EE$290/1000 -> 0 | L39: ='[1]Mexico CWG Imports'!EQ$290/1000 -> 0 | M39: ='[1]Mexico CWG Imports'!FC$290/1000 -> 0 | N39: ='[1]Mexico CWG Imports'!FO$290/1000 -> 0 | O39: ='[1]Mexico CWG Imports'!GA$290/1000 -> 0 | P39: ='[1]Mexico CWG Imports'!GM$290/1000 -> 0 | Q39: ='[1]Mexico CWG Imports'!GY$290/1000 -> 0 | R39: ='[1]Mexico CWG Imports'!HK$290/1000 -> 0 | S39: ='[1]Mexico CWG Imports'!HW$290/1000 -> 0 | T39: ='[1]Mexico CWG Imports'!II$290/1000 -> 0 | U39: ='[1]Mexico CWG Imports'!IU$290/1000 -> 0 | V39: ='[1]Mexico CWG Imports'!JG$290/1000 -> 0 | W39: ='[1]Mexico CWG Imports'!JS$290/1000 -> 0.126 | X39: ='[1]Mexico CWG Imports'!KE$290/1000 -> 0.105 | Y39: ='[1]Mexico CWG Imports'!KQ$290/1000 -> 0.105 | Z39: ='[1]Mexico CWG Imports'!LC$290/1000 -> 0.21 | AA39: ='[1]Mexico CWG Imports'!LO$290/1000 -> 0.273 | AB39: ='[1]Mexico CWG Imports'!MA$290/1000 -> 0.21 | AC39: ='[1]Mexico CWG Imports'!MM$290/1000 -> 0 | AD39: ='[1]Mexico CWG Imports'!MY$290/1000 -> 0.001 | AE39: ='[1]Mexico CWG Imports'!NK$290/1000 -> 0 | AF39: ='[1]Mexico CWG Imports'!NW$290/1000 -> 0 | AG39: ='[1]Mexico CWG Imports'!$OI$290/1000 -> 0 | AH39: ='[1]Mexico CWG Imports'!OU$290/1000 -> 0 | AI39: ='[1]Mexico CWG Imports'!PG$290/1000 -> 0 | AJ39: =AJ$49*(SUM(AE39:AI39)/SUM(AE$49:AI$49)) -> 0 | AK39: =AK$49*(SUM(AF39:AJ39)/SUM(AF$49:AJ$49)) -> 0 | AL39: =AL$49*(SUM(AG39:AK39)/SUM(AG$49:AK$49)) -> 0 | AM39: =AM$49*(SUM(AH39:AL39)/SUM(AH$49:AL$49)) -> 0 | AN39: =AN$49*(SUM(AI39:AM39)/SUM(AI$49:AM$49)) -> 0 | AO39: =AO$49*(SUM(AJ39:AN39)/SUM(AJ$49:AN$49)) -> 0 | AP39: =AP$49*(SUM(AK39:AO39)/SUM(AK$49:AO$49)) -> 0 | AQ39: =AQ$49*(SUM(AL39:AP39)/SUM(AL$49:AP$49)) -> 0 | ... BH39: =BH$49*(SUM(BC39:BG39)/SUM(BC$49:BG$49)) -> 0
A40: April | D40: ='[1]Mexico CWG Imports'!AZ$290/1000 -> 0 | E40: ='[1]Mexico CWG Imports'!BL$290/1000 -> 0 | F40: ='[1]Mexico CWG Imports'!BX$290/1000 -> 0 | G40: ='[1]Mexico CWG Imports'!CJ$290/1000 -> 0 | H40: ='[1]Mexico CWG Imports'!CV$290/1000 -> 0 | I40: ='[1]Mexico CWG Imports'!DH$290/1000 -> 0 | J40: ='[1]Mexico CWG Imports'!DT$290/1000 -> 0 | K40: ='[1]Mexico CWG Imports'!EF$290/1000 -> 0 | L40: ='[1]Mexico CWG Imports'!ER$290/1000 -> 0 | M40: ='[1]Mexico CWG Imports'!FD$290/1000 -> 0 | N40: ='[1]Mexico CWG Imports'!FP$290/1000 -> 0 | O40: ='[1]Mexico CWG Imports'!GB$290/1000 -> 0 | P40: ='[1]Mexico CWG Imports'!GN$290/1000 -> 0 | Q40: ='[1]Mexico CWG Imports'!GZ$290/1000 -> 0 | R40: ='[1]Mexico CWG Imports'!HL$290/1000 -> 0 | S40: ='[1]Mexico CWG Imports'!HX$290/1000 -> 0 | T40: ='[1]Mexico CWG Imports'!IJ$290/1000 -> 0 | U40: ='[1]Mexico CWG Imports'!IV$290/1000 -> 0 | V40: ='[1]Mexico CWG Imports'!JH$290/1000 -> 0 | W40: ='[1]Mexico CWG Imports'!JT$290/1000 -> 0.105 | X40: ='[1]Mexico CWG Imports'!KF$290/1000 -> 0.147 | Y40: ='[1]Mexico CWG Imports'!KR$290/1000 -> 0.147 | Z40: ='[1]Mexico CWG Imports'!LD$290/1000 -> 0.168 | AA40: ='[1]Mexico CWG Imports'!LP$290/1000 -> 0.189 | AB40: ='[1]Mexico CWG Imports'!MB$290/1000 -> 0.21 | AC40: ='[1]Mexico CWG Imports'!MN$290/1000 -> 0.001 | AD40: ='[1]Mexico CWG Imports'!MZ$290/1000 -> 0.002 | AE40: ='[1]Mexico CWG Imports'!NL$290/1000 -> 0.001 | AF40: ='[1]Mexico CWG Imports'!NX$290/1000 -> 0 | AG40: ='[1]Mexico CWG Imports'!$OJ$290/1000 -> 0 | AH40: ='[1]Mexico CWG Imports'!OV$290/1000 -> 0 | AI40: =AI$49*(SUM(AD40:AH40)/SUM(AD$49:AH$49)) -> 0.002 | AJ40: =AJ$49*(SUM(AE40:AI40)/SUM(AE$49:AI$49)) -> 0.0013157895 | AK40: =AK$49*(SUM(AF40:AJ40)/SUM(AF$49:AJ$49)) -> 0.0016578947 | AL40: =AL$49*(SUM(AG40:AK40)/SUM(AG$49:AK$49)) -> 0.0016578947 | AM40: =AM$49*(SUM(AH40:AL40)/SUM(AH$49:AL$49)) -> 0.0016578947 | AN40: =AN$49*(SUM(AI40:AM40)/SUM(AI$49:AM$49)) -> 0.0016578947 | AO40: =AO$49*(SUM(AJ40:AN40)/SUM(AJ$49:AN$49)) -> 0.0015894737 | AP40: =AP$49*(SUM(AK40:AO40)/SUM(AK$49:AO$49)) -> 0.0016442105 | ... BH40: =BH$49*(SUM(BC40:BG40)/SUM(BC$49:BG$49)) -> 0.0016350757
A41: May | D41: ='[1]Mexico CWG Imports'!BA$290/1000 -> 0 | E41: ='[1]Mexico CWG Imports'!BM$290/1000 -> 0 | F41: ='[1]Mexico CWG Imports'!BY$290/1000 -> 0 | G41: ='[1]Mexico CWG Imports'!CK$290/1000 -> 0 | H41: ='[1]Mexico CWG Imports'!CW$290/1000 -> 0 | I41: ='[1]Mexico CWG Imports'!DI$290/1000 -> 0 | J41: ='[1]Mexico CWG Imports'!DU$290/1000 -> 0 | K41: ='[1]Mexico CWG Imports'!EG$290/1000 -> 0 | L41: ='[1]Mexico CWG Imports'!ES$290/1000 -> 0 | M41: ='[1]Mexico CWG Imports'!FE$290/1000 -> 0 | N41: ='[1]Mexico CWG Imports'!FQ$290/1000 -> 0 | O41: ='[1]Mexico CWG Imports'!GC$290/1000 -> 0 | P41: ='[1]Mexico CWG Imports'!GO$290/1000 -> 0 | Q41: ='[1]Mexico CWG Imports'!HA$290/1000 -> 0 | R41: ='[1]Mexico CWG Imports'!HM$290/1000 -> 0 | S41: ='[1]Mexico CWG Imports'!HY$290/1000 -> 0 | T41: ='[1]Mexico CWG Imports'!IK$290/1000 -> 0 | U41: ='[1]Mexico CWG Imports'!IW$290/1000 -> 0 | V41: ='[1]Mexico CWG Imports'!JI$290/1000 -> 0 | W41: ='[1]Mexico CWG Imports'!JU$290/1000 -> 0.126 | X41: ='[1]Mexico CWG Imports'!KG$290/1000 -> 0.105 | Y41: ='[1]Mexico CWG Imports'!KS$290/1000 -> 0.126 | Z41: ='[1]Mexico CWG Imports'!LE$290/1000 -> 0.168 | AA41: ='[1]Mexico CWG Imports'!LQ$290/1000 -> 0.231 | AB41: ='[1]Mexico CWG Imports'!MC$290/1000 -> 0.294 | AC41: ='[1]Mexico CWG Imports'!MO$290/1000 -> 0 | AD41: ='[1]Mexico CWG Imports'!NA$290/1000 -> 0.001 | AE41: ='[1]Mexico CWG Imports'!NM$290/1000 -> 0.001 | AF41: ='[1]Mexico CWG Imports'!NY$290/1000 -> 0 | AG41: ='[1]Mexico CWG Imports'!$OK$290/1000 -> 0 | AH41: ='[1]Mexico CWG Imports'!OW$290/1000 -> 0 | AI41: =AI$49*(SUM(AD41:AH41)/SUM(AD$49:AH$49)) -> 0.0013333333 | AJ41: =AJ$49*(SUM(AE41:AI41)/SUM(AE$49:AI$49)) -> 0.0010233918 | AK41: =AK$49*(SUM(AF41:AJ41)/SUM(AF$49:AJ$49)) -> 0.0011783626 | AL41: =AL$49*(SUM(AG41:AK41)/SUM(AG$49:AK$49)) -> 0.0011783626 | AM41: =AM$49*(SUM(AH41:AL41)/SUM(AH$49:AL$49)) -> 0.0011783626 | AN41: =AN$49*(SUM(AI41:AM41)/SUM(AI$49:AM$49)) -> 0.0011783626 | AO41: =AO$49*(SUM(AJ41:AN41)/SUM(AJ$49:AN$49)) -> 0.0011473684 | AP41: =AP$49*(SUM(AK41:AO41)/SUM(AK$49:AO$49)) -> 0.0011721637 | ... BH41: =BH$49*(SUM(BC41:BG41)/SUM(BC$49:BG$49)) -> 0.0011680258
A42: June | D42: ='[1]Mexico CWG Imports'!BB$290/1000 -> 0 | E42: ='[1]Mexico CWG Imports'!BN$290/1000 -> 0 | F42: ='[1]Mexico CWG Imports'!BZ$290/1000 -> 0 | G42: ='[1]Mexico CWG Imports'!CL$290/1000 -> 0 | H42: ='[1]Mexico CWG Imports'!CX$290/1000 -> 0 | I42: ='[1]Mexico CWG Imports'!DJ$290/1000 -> 0 | J42: ='[1]Mexico CWG Imports'!DV$290/1000 -> 0 | K42: ='[1]Mexico CWG Imports'!EH$290/1000 -> 0 | L42: ='[1]Mexico CWG Imports'!ET$290/1000 -> 0 | M42: ='[1]Mexico CWG Imports'!FF$290/1000 -> 0 | N42: ='[1]Mexico CWG Imports'!FR$290/1000 -> 0 | O42: ='[1]Mexico CWG Imports'!GD$290/1000 -> 0 | P42: ='[1]Mexico CWG Imports'!GP$290/1000 -> 0 | Q42: ='[1]Mexico CWG Imports'!HB$290/1000 -> 0 | R42: ='[1]Mexico CWG Imports'!HN$290/1000 -> 0 | S42: ='[1]Mexico CWG Imports'!HZ$290/1000 -> 0 | T42: ='[1]Mexico CWG Imports'!IL$290/1000 -> 0 | U42: ='[1]Mexico CWG Imports'!IX$290/1000 -> 0 | V42: ='[1]Mexico CWG Imports'!JJ$290/1000 -> 0 | W42: ='[1]Mexico CWG Imports'!JV$290/1000 -> 0.084 | X42: ='[1]Mexico CWG Imports'!KH$290/1000 -> 0.126 | Y42: ='[1]Mexico CWG Imports'!KT$290/1000 -> 0.126 | Z42: ='[1]Mexico CWG Imports'!LF$290/1000 -> 0.231 | AA42: ='[1]Mexico CWG Imports'!LR$290/1000 -> 0.168 | AB42: ='[1]Mexico CWG Imports'!MD$290/1000 -> 0.209 | AC42: ='[1]Mexico CWG Imports'!MP$290/1000 -> 0.003 | AD42: ='[1]Mexico CWG Imports'!NB$290/1000 -> 0.001 | AE42: ='[1]Mexico CWG Imports'!NN$290/1000 -> 0.001 | AF42: ='[1]Mexico CWG Imports'!NZ$290/1000 -> 0 | AG42: ='[1]Mexico CWG Imports'!$OL$290/1000 -> 0 | AH42: ='[1]Mexico CWG Imports'!OX$290/1000 -> 0 | AI42: =AI$49*(SUM(AD42:AH42)/SUM(AD$49:AH$49)) -> 0.0013333333 | AJ42: =AJ$49*(SUM(AE42:AI42)/SUM(AE$49:AI$49)) -> 0.0010233918 | AK42: =AK$49*(SUM(AF42:AJ42)/SUM(AF$49:AJ$49)) -> 0.0011783626 | AL42: =AL$49*(SUM(AG42:AK42)/SUM(AG$49:AK$49)) -> 0.0011783626 | AM42: =AM$49*(SUM(AH42:AL42)/SUM(AH$49:AL$49)) -> 0.0011783626 | AN42: =AN$49*(SUM(AI42:AM42)/SUM(AI$49:AM$49)) -> 0.0011783626 | AO42: =AO$49*(SUM(AJ42:AN42)/SUM(AJ$49:AN$49)) -> 0.0011473684 | AP42: =AP$49*(SUM(AK42:AO42)/SUM(AK$49:AO$49)) -> 0.0011721637 | ... BH42: =BH$49*(SUM(BC42:BG42)/SUM(BC$49:BG$49)) -> 0.0011680258
A43: July | D43: ='[1]Mexico CWG Imports'!BC$290/1000 -> 0 | E43: ='[1]Mexico CWG Imports'!BO$290/1000 -> 0 | F43: ='[1]Mexico CWG Imports'!CA$290/1000 -> 0 | G43: ='[1]Mexico CWG Imports'!CM$290/1000 -> 0 | H43: ='[1]Mexico CWG Imports'!CY$290/1000 -> 0 | I43: ='[1]Mexico CWG Imports'!DK$290/1000 -> 0 | J43: ='[1]Mexico CWG Imports'!DW$290/1000 -> 0 | K43: ='[1]Mexico CWG Imports'!EI$290/1000 -> 0 | L43: ='[1]Mexico CWG Imports'!EU$290/1000 -> 0 | M43: ='[1]Mexico CWG Imports'!FG$290/1000 -> 0 | N43: ='[1]Mexico CWG Imports'!FS$290/1000 -> 0 | O43: ='[1]Mexico CWG Imports'!GE$290/1000 -> 0 | P43: ='[1]Mexico CWG Imports'!GQ$290/1000 -> 0 | Q43: ='[1]Mexico CWG Imports'!HC$290/1000 -> 0 | R43: ='[1]Mexico CWG Imports'!HO$290/1000 -> 0 | S43: ='[1]Mexico CWG Imports'!IA$290/1000 -> 0 | T43: ='[1]Mexico CWG Imports'!IM$290/1000 -> 0 | U43: ='[1]Mexico CWG Imports'!IY$290/1000 -> 0 | V43: ='[1]Mexico CWG Imports'!JK$290/1000 -> 0 | W43: ='[1]Mexico CWG Imports'!JW$290/1000 -> 0.146 | X43: ='[1]Mexico CWG Imports'!KI$290/1000 -> 0.105 | Y43: ='[1]Mexico CWG Imports'!KU$290/1000 -> 0.126 | Z43: ='[1]Mexico CWG Imports'!LG$290/1000 -> 0.189 | AA43: ='[1]Mexico CWG Imports'!LS$290/1000 -> 0.21 | AB43: ='[1]Mexico CWG Imports'!ME$290/1000 -> 0.273 | AC43: ='[1]Mexico CWG Imports'!MQ$290/1000 -> 0 | AD43: ='[1]Mexico CWG Imports'!NC$290/1000 -> 0.002 | AE43: ='[1]Mexico CWG Imports'!NO$290/1000 -> 0.054 | AF43: ='[1]Mexico CWG Imports'!OA$290/1000 -> 0 | AG43: ='[1]Mexico CWG Imports'!$OM$290/1000 -> 0 | AH43: ='[1]Mexico CWG Imports'!OY$290/1000 -> 0 | AI43: =AI$49*(SUM(AD43:AH43)/SUM(AD$49:AH$49)) -> 0.037333333 | AJ43: =AJ$49*(SUM(AE43:AI43)/SUM(AE$49:AI$49)) -> 0.04005848 | AK43: =AK$49*(SUM(AF43:AJ43)/SUM(AF$49:AJ$49)) -> 0.038695906 | AL43: =AL$49*(SUM(AG43:AK43)/SUM(AG$49:AK$49)) -> 0.038695906 | AM43: =AM$49*(SUM(AH43:AL43)/SUM(AH$49:AL$49)) -> 0.038695906 | AN43: =AN$49*(SUM(AI43:AM43)/SUM(AI$49:AM$49)) -> 0.038695906 | AO43: =AO$49*(SUM(AJ43:AN43)/SUM(AJ$49:AN$49)) -> 0.038968421 | AP43: =AP$49*(SUM(AK43:AO43)/SUM(AK$49:AO$49)) -> 0.038750409 | ... BH43: =BH$49*(SUM(BC43:BG43)/SUM(BC$49:BG$49)) -> 0.038786792
A44: August | D44: ='[1]Mexico CWG Imports'!BD$290/1000 -> 0 | E44: ='[1]Mexico CWG Imports'!BP$290/1000 -> 0 | F44: ='[1]Mexico CWG Imports'!CB$290/1000 -> 0 | G44: ='[1]Mexico CWG Imports'!CN$290/1000 -> 0 | H44: ='[1]Mexico CWG Imports'!CZ$290/1000 -> 0 | I44: ='[1]Mexico CWG Imports'!DL$290/1000 -> 0 | J44: ='[1]Mexico CWG Imports'!DX$290/1000 -> 0 | K44: ='[1]Mexico CWG Imports'!EJ$290/1000 -> 0 | L44: ='[1]Mexico CWG Imports'!EV$290/1000 -> 0 | M44: ='[1]Mexico CWG Imports'!FH$290/1000 -> 0 | N44: ='[1]Mexico CWG Imports'!FT$290/1000 -> 0 | O44: ='[1]Mexico CWG Imports'!GF$290/1000 -> 0 | P44: ='[1]Mexico CWG Imports'!GR$290/1000 -> 0 | Q44: ='[1]Mexico CWG Imports'!HD$290/1000 -> 0 | R44: ='[1]Mexico CWG Imports'!HP$290/1000 -> 0 | S44: ='[1]Mexico CWG Imports'!IB$290/1000 -> 0 | T44: ='[1]Mexico CWG Imports'!IN$290/1000 -> 0 | U44: ='[1]Mexico CWG Imports'!IZ$290/1000 -> 0 | V44: ='[1]Mexico CWG Imports'!JL$290/1000 -> 0 | W44: ='[1]Mexico CWG Imports'!JX$290/1000 -> 0.126 | X44: ='[1]Mexico CWG Imports'!KJ$290/1000 -> 0.105 | Y44: ='[1]Mexico CWG Imports'!KV$290/1000 -> 0.105 | Z44: ='[1]Mexico CWG Imports'!LH$290/1000 -> 0.168 | AA44: ='[1]Mexico CWG Imports'!LT$290/1000 -> 0.21 | AB44: ='[1]Mexico CWG Imports'!MF$290/1000 -> 0.231 | AC44: ='[1]Mexico CWG Imports'!MR$290/1000 -> 0.002 | AD44: ='[1]Mexico CWG Imports'!ND$290/1000 -> 0.001 | AE44: ='[1]Mexico CWG Imports'!NP$290/1000 -> 0.002 | AF44: ='[1]Mexico CWG Imports'!OB$290/1000 -> 0 | AG44: ='[1]Mexico CWG Imports'!$ON$290/1000 -> 0 | AH44: ='[1]Mexico CWG Imports'!OZ$290/1000 -> 0 | AI44: =AI$49*(SUM(AD44:AH44)/SUM(AD$49:AH$49)) -> 0.002 | AJ44: =AJ$49*(SUM(AE44:AI44)/SUM(AE$49:AI$49)) -> 0.001754386 | AK44: =AK$49*(SUM(AF44:AJ44)/SUM(AF$49:AJ$49)) -> 0.001877193 | AL44: =AL$49*(SUM(AG44:AK44)/SUM(AG$49:AK$49)) -> 0.001877193 | AM44: =AM$49*(SUM(AH44:AL44)/SUM(AH$49:AL$49)) -> 0.001877193 | AN44: =AN$49*(SUM(AI44:AM44)/SUM(AI$49:AM$49)) -> 0.001877193 | AO44: =AO$49*(SUM(AJ44:AN44)/SUM(AJ$49:AN$49)) -> 0.0018526316 | AP44: =AP$49*(SUM(AK44:AO44)/SUM(AK$49:AO$49)) -> 0.0018722807 | ... BH44: =BH$49*(SUM(BC44:BG44)/SUM(BC$49:BG$49)) -> 0.0018690015
A45: September | D45: ='[1]Mexico CWG Imports'!BE$290/1000 -> 0 | E45: ='[1]Mexico CWG Imports'!BQ$290/1000 -> 0 | F45: ='[1]Mexico CWG Imports'!CC$290/1000 -> 0 | G45: ='[1]Mexico CWG Imports'!CO$290/1000 -> 0 | H45: ='[1]Mexico CWG Imports'!DA$290/1000 -> 0 | I45: ='[1]Mexico CWG Imports'!DM$290/1000 -> 0 | J45: ='[1]Mexico CWG Imports'!DY$290/1000 -> 0 | K45: ='[1]Mexico CWG Imports'!EK$290/1000 -> 0 | L45: ='[1]Mexico CWG Imports'!EW$290/1000 -> 0 | M45: ='[1]Mexico CWG Imports'!FI$290/1000 -> 0 | N45: ='[1]Mexico CWG Imports'!FU$290/1000 -> 0 | O45: ='[1]Mexico CWG Imports'!GG$290/1000 -> 0 | P45: ='[1]Mexico CWG Imports'!GS$290/1000 -> 0 | Q45: ='[1]Mexico CWG Imports'!HE$290/1000 -> 0 | R45: ='[1]Mexico CWG Imports'!HQ$290/1000 -> 0 | S45: ='[1]Mexico CWG Imports'!IC$290/1000 -> 0 | T45: ='[1]Mexico CWG Imports'!IO$290/1000 -> 0 | U45: ='[1]Mexico CWG Imports'!JA$290/1000 -> 0 | V45: ='[1]Mexico CWG Imports'!JM$290/1000 -> 0.042 | W45: ='[1]Mexico CWG Imports'!JY$290/1000 -> 0.147 | X45: ='[1]Mexico CWG Imports'!KK$290/1000 -> 0.147 | Y45: ='[1]Mexico CWG Imports'!KW$290/1000 -> 0.126 | Z45: ='[1]Mexico CWG Imports'!LI$290/1000 -> 0.231 | AA45: ='[1]Mexico CWG Imports'!LU$290/1000 -> 0.189 | AB45: ='[1]Mexico CWG Imports'!MG$290/1000 -> 0.209 | AC45: ='[1]Mexico CWG Imports'!MS$290/1000 -> 0.001 | AD45: ='[1]Mexico CWG Imports'!NE$290/1000 -> 0 | AE45: ='[1]Mexico CWG Imports'!NQ$290/1000 -> 0 | AF45: ='[1]Mexico CWG Imports'!OC$290/1000 -> 0 | AG45: ='[1]Mexico CWG Imports'!$OO$290/1000 -> 0 | AH45: ='[1]Mexico CWG Imports'!PA$290/1000 -> 0 | AI45: =AI$49*(SUM(AD45:AH45)/SUM(AD$49:AH$49)) -> 0 | AJ45: =AJ$49*(SUM(AE45:AI45)/SUM(AE$49:AI$49)) -> 0 | AK45: =AK$49*(SUM(AF45:AJ45)/SUM(AF$49:AJ$49)) -> 0 | AL45: =AL$49*(SUM(AG45:AK45)/SUM(AG$49:AK$49)) -> 0 | AM45: =AM$49*(SUM(AH45:AL45)/SUM(AH$49:AL$49)) -> 0 | AN45: =AN$49*(SUM(AI45:AM45)/SUM(AI$49:AM$49)) -> 0 | AO45: =AO$49*(SUM(AJ45:AN45)/SUM(AJ$49:AN$49)) -> 0 | AP45: =AP$49*(SUM(AK45:AO45)/SUM(AK$49:AO$49)) -> 0 | ... BH45: =BH$49*(SUM(BC45:BG45)/SUM(BC$49:BG$49)) -> 0
A46: October | C46: ='[1]Mexico CWG Imports'!AT$290 -> 0 | D46: ='[1]Mexico CWG Imports'!BF$290/1000 -> 0 | E46: ='[1]Mexico CWG Imports'!BR$290/1000 -> 0 | F46: ='[1]Mexico CWG Imports'!CD$290/1000 -> 0 | G46: ='[1]Mexico CWG Imports'!CP$290/1000 -> 0 | H46: ='[1]Mexico CWG Imports'!DB$290/1000 -> 0 | I46: ='[1]Mexico CWG Imports'!DN$290/1000 -> 0 | J46: ='[1]Mexico CWG Imports'!DZ$290/1000 -> 0 | K46: ='[1]Mexico CWG Imports'!EL$290/1000 -> 0 | L46: ='[1]Mexico CWG Imports'!EX$290/1000 -> 0 | M46: ='[1]Mexico CWG Imports'!FJ$290/1000 -> 0 | N46: ='[1]Mexico CWG Imports'!FV$290/1000 -> 0 | O46: ='[1]Mexico CWG Imports'!GH$290/1000 -> 0 | P46: ='[1]Mexico CWG Imports'!GT$290/1000 -> 0 | Q46: ='[1]Mexico CWG Imports'!HF$290/1000 -> 0 | R46: ='[1]Mexico CWG Imports'!HR$290/1000 -> 0 | S46: ='[1]Mexico CWG Imports'!ID$290/1000 -> 0 | T46: ='[1]Mexico CWG Imports'!IP$290/1000 -> 0 | U46: ='[1]Mexico CWG Imports'!JB$290/1000 -> 0 | V46: ='[1]Mexico CWG Imports'!JN$290/1000 -> 0.084 | W46: ='[1]Mexico CWG Imports'!JZ$290/1000 -> 0.126 | X46: ='[1]Mexico CWG Imports'!KL$290/1000 -> 0.167 | Y46: ='[1]Mexico CWG Imports'!KX$290/1000 -> 0.147 | Z46: ='[1]Mexico CWG Imports'!LJ$290/1000 -> 0.21 | AA46: ='[1]Mexico CWG Imports'!LV$290/1000 -> 0.21 | AB46: ='[1]Mexico CWG Imports'!MH$290/1000 -> 0.21 | AC46: ='[1]Mexico CWG Imports'!MT$290/1000 -> 0 | AD46: ='[1]Mexico CWG Imports'!NF$290/1000 -> 0 | AE46: ='[1]Mexico CWG Imports'!NR$290/1000 -> 0 | AF46: ='[1]Mexico CWG Imports'!OD$290/1000 -> 0 | AG46: ='[1]Mexico CWG Imports'!$OP$290/1000 -> 0 | AH46: ='[1]Mexico CWG Imports'!PB$290/1000 -> 0 | AI46: =AI$49*(SUM(AD46:AH46)/SUM(AD$49:AH$49)) -> 0 | AJ46: =AJ$49*(SUM(AE46:AI46)/SUM(AE$49:AI$49)) -> 0 | AK46: =AK$49*(SUM(AF46:AJ46)/SUM(AF$49:AJ$49)) -> 0 | AL46: =AL$49*(SUM(AG46:AK46)/SUM(AG$49:AK$49)) -> 0 | AM46: =AM$49*(SUM(AH46:AL46)/SUM(AH$49:AL$49)) -> 0 | AN46: =AN$49*(SUM(AI46:AM46)/SUM(AI$49:AM$49)) -> 0 | AO46: =AO$49*(SUM(AJ46:AN46)/SUM(AJ$49:AN$49)) -> 0 | AP46: =AP$49*(SUM(AK46:AO46)/SUM(AK$49:AO$49)) -> 0 | ... BH46: =BH$49*(SUM(BC46:BG46)/SUM(BC$49:BG$49)) -> 0
A47: November | C47: ='[1]Mexico CWG Imports'!AU$290 -> 0 | D47: ='[1]Mexico CWG Imports'!BG$290/1000 -> 0 | E47: ='[1]Mexico CWG Imports'!BS$290/1000 -> 0 | F47: ='[1]Mexico CWG Imports'!CE$290/1000 -> 0 | G47: ='[1]Mexico CWG Imports'!CQ$290/1000 -> 0 | H47: ='[1]Mexico CWG Imports'!DC$290/1000 -> 0 | I47: ='[1]Mexico CWG Imports'!DO$290/1000 -> 0 | J47: ='[1]Mexico CWG Imports'!EA$290/1000 -> 0 | K47: ='[1]Mexico CWG Imports'!EM$290/1000 -> 0 | L47: ='[1]Mexico CWG Imports'!EY$290/1000 -> 0 | M47: ='[1]Mexico CWG Imports'!FK$290/1000 -> 0 | N47: ='[1]Mexico CWG Imports'!FW$290/1000 -> 0 | O47: ='[1]Mexico CWG Imports'!GI$290/1000 -> 0 | P47: ='[1]Mexico CWG Imports'!GU$290/1000 -> 0 | Q47: ='[1]Mexico CWG Imports'!HG$290/1000 -> 0 | R47: ='[1]Mexico CWG Imports'!HS$290/1000 -> 0 | S47: ='[1]Mexico CWG Imports'!IE$290/1000 -> 0 | T47: ='[1]Mexico CWG Imports'!IQ$290/1000 -> 0 | U47: ='[1]Mexico CWG Imports'!JC$290/1000 -> 0 | V47: ='[1]Mexico CWG Imports'!JO$290/1000 -> 0.086 | W47: ='[1]Mexico CWG Imports'!KA$290/1000 -> 0.126 | X47: ='[1]Mexico CWG Imports'!KM$290/1000 -> 0.125 | Y47: ='[1]Mexico CWG Imports'!KY$290/1000 -> 0.042 | Z47: ='[1]Mexico CWG Imports'!LK$290/1000 -> 0.232 | AA47: ='[1]Mexico CWG Imports'!LW$290/1000 -> 0.147 | AB47: ='[1]Mexico CWG Imports'!MI$290/1000 -> 0.272 | AC47: ='[1]Mexico CWG Imports'!MU$290/1000 -> 0 | AD47: ='[1]Mexico CWG Imports'!NG$290/1000 -> 0.002 | AE47: ='[1]Mexico CWG Imports'!NS$290/1000 -> 0.003 | AF47: ='[1]Mexico CWG Imports'!OE$290/1000 -> 0 | AG47: ='[1]Mexico CWG Imports'!$OQ$290/1000 -> 0 | AH47: ='[1]Mexico CWG Imports'!PC$290/1000 -> 0 | AI47: =AI$49*(SUM(AD47:AH47)/SUM(AD$49:AH$49)) -> 0.0033333333 | AJ47: =AJ$49*(SUM(AE47:AI47)/SUM(AE$49:AI$49)) -> 0.0027777778 | AK47: =AK$49*(SUM(AF47:AJ47)/SUM(AF$49:AJ$49)) -> 0.0030555556 | AL47: =AL$49*(SUM(AG47:AK47)/SUM(AG$49:AK$49)) -> 0.0030555556 | AM47: =AM$49*(SUM(AH47:AL47)/SUM(AH$49:AL$49)) -> 0.0030555556 | AN47: =AN$49*(SUM(AI47:AM47)/SUM(AI$49:AM$49)) -> 0.0030555556 | AO47: =AO$49*(SUM(AJ47:AN47)/SUM(AJ$49:AN$49)) -> 0.003 | AP47: =AP$49*(SUM(AK47:AO47)/SUM(AK$49:AO$49)) -> 0.0030444444 | ... BH47: =BH$49*(SUM(BC47:BG47)/SUM(BC$49:BG$49)) -> 0.0030370273
A48: December | C48: ='[1]Mexico CWG Imports'!AV$290 -> 0 | D48: ='[1]Mexico CWG Imports'!BH$290/1000 -> 0 | E48: ='[1]Mexico CWG Imports'!BT$290/1000 -> 0 | F48: ='[1]Mexico CWG Imports'!CF$290/1000 -> 0 | G48: ='[1]Mexico CWG Imports'!CR$290/1000 -> 0 | H48: ='[1]Mexico CWG Imports'!DD$290/1000 -> 0 | I48: ='[1]Mexico CWG Imports'!DP$290/1000 -> 0 | J48: ='[1]Mexico CWG Imports'!EB$290/1000 -> 0 | K48: ='[1]Mexico CWG Imports'!EN$290/1000 -> 0 | L48: ='[1]Mexico CWG Imports'!EZ$290/1000 -> 0 | M48: ='[1]Mexico CWG Imports'!FL$290/1000 -> 0 | N48: ='[1]Mexico CWG Imports'!FX$290/1000 -> 0 | O48: ='[1]Mexico CWG Imports'!GJ$290/1000 -> 0 | P48: ='[1]Mexico CWG Imports'!GV$290/1000 -> 0 | Q48: ='[1]Mexico CWG Imports'!HH$290/1000 -> 0 | R48: ='[1]Mexico CWG Imports'!HT$290/1000 -> 0 | S48: ='[1]Mexico CWG Imports'!IF$290/1000 -> 0 | T48: ='[1]Mexico CWG Imports'!IR$290/1000 -> 0 | U48: ='[1]Mexico CWG Imports'!JD$290/1000 -> 0 | V48: ='[1]Mexico CWG Imports'!JP$290/1000 -> 0.063 | W48: ='[1]Mexico CWG Imports'!KB$290/1000 -> 0.188 | X48: ='[1]Mexico CWG Imports'!KN$290/1000 -> 0.168 | Y48: ='[1]Mexico CWG Imports'!KZ$290/1000 -> 0.126 | Z48: ='[1]Mexico CWG Imports'!LL$290/1000 -> 0.273 | AA48: ='[1]Mexico CWG Imports'!LX$290/1000 -> 0.189 | AB48: ='[1]Mexico CWG Imports'!MJ$290/1000 -> 0.23 | AC48: ='[1]Mexico CWG Imports'!MV$290/1000 -> 0.001 | AD48: ='[1]Mexico CWG Imports'!NH$290/1000 -> 0 | AE48: ='[1]Mexico CWG Imports'!NT$290/1000 -> 0 | AF48: ='[1]Mexico CWG Imports'!OF$290/1000 -> 0 | AG48: ='[1]Mexico CWG Imports'!OR$290/1000 -> 0 | AH48: ='[1]Mexico CWG Imports'!PD$290/1000 -> 0 | AI48: =AI49-SUM(AI37:AI47) -> 0.0026666667 | AJ48: =AJ49-SUM(AJ37:AJ47) -> 0.0011695906 | AK48: =AK49-SUM(AK37:AK47) -> 0.0019181287 | AL48: =AL49-SUM(AL37:AL47) -> 0.0019181287 | AM48: =AM49-SUM(AM37:AM47) -> 0.0019181287 | AN48: =AN49-SUM(AN37:AN47) -> 0.0019181287 | AO48: =AO49-SUM(AO37:AO47) -> 0.0017684211 | AP48: =AP49-SUM(AP37:AP47) -> 0.0018881871 | ... BH48: =BH49-SUM(BH37:BH47) -> 0.0018681999
A49: Total | C49: =SUM(C37:C48) -> 0 | D49: =SUM(D37:D48) -> 0 | E49: =SUM(E37:E48) -> 0 | F49: =SUM(F37:F48) -> 0 | G49: =SUM(G37:G48) -> 0 | H49: =SUM(H37:H48) -> 0 | I49: =SUM(I37:I48) -> 0 | J49: =SUM(J37:J48) -> 0 | ... AH49: =SUM(AH37:AH48) -> 0 | AI49: =AI5 -> 0.05 | AJ49: =AJ5 -> 0.05 | AK49: =AK5 -> 0.05 | AL49: =AL5 -> 0.05 | AM49: =AM5 -> 0.05 | AN49: =AN5 -> 0.05 | AO49: =AO5 -> 0.05 | AP49: =AP5 -> 0.05 | ... BH49: =BH5 -> 0.05
A51: CHOICE WHITE GREASE EXPORTS (tonnes)
B52: =B2 -> 1992 | C52: =C2 -> 1993 | D52: =D2 -> 1994 | E52: =E2 -> 1995 | F52: =F2 -> 1996 | G52: =G2 -> 1997 | H52: =H2 -> 1998 | I52: =I2 -> 1999 | ... BH52: =BH2 -> 2050
A53: January | D53: ='[1]Mexico CWG Exports'!AW$290 -> 0 | E53: ='[1]Mexico CWG Exports'!BI$290 -> 0 | F53: ='[1]Mexico CWG Exports'!BU$290 -> 0 | G53: ='[1]Mexico CWG Exports'!CG$290 -> 0 | H53: ='[1]Mexico CWG Exports'!CS$290 -> 0 | I53: ='[1]Mexico CWG Exports'!DE$290 -> 0 | J53: ='[1]Mexico CWG Exports'!DQ$290/1000 -> 0 | K53: ='[1]Mexico CWG Exports'!EC$290/1000 -> 0 | L53: ='[1]Mexico CWG Exports'!EO$290/1000 -> 0 | M53: ='[1]Mexico CWG Exports'!FA$290/1000 -> 0 | N53: ='[1]Mexico CWG Exports'!FM$290/1000 -> 0 | O53: ='[1]Mexico CWG Exports'!FY$290/1000 -> 0 | P53: ='[1]Mexico CWG Exports'!GK$290/1000 -> 0 | Q53: ='[1]Mexico CWG Exports'!GW$290/1000 -> 0 | R53: ='[1]Mexico CWG Exports'!HI$290/1000 -> 0 | S53: ='[1]Mexico CWG Exports'!HU$290/1000 -> 0 | T53: ='[1]Mexico CWG Exports'!IG$290/1000 -> 0 | U53: ='[1]Mexico CWG Exports'!IS$290/1000 -> 0 | V53: ='[1]Mexico CWG Exports'!JE$290/1000 -> 0 | W53: ='[1]Mexico CWG Exports'!JQ$290/1000 -> 0 | X53: ='[1]Mexico CWG Exports'!KC$290/1000 -> 0 | Y53: ='[1]Mexico CWG Exports'!KO$290/1000 -> 0.003 | Z53: ='[1]Mexico CWG Exports'!LA$290/1000 -> 0 | AA53: ='[1]Mexico CWG Exports'!LM$290/1000 -> 0 | AB53: ='[1]Mexico CWG Exports'!LY$290/1000 -> 0.001 | AC53: ='[1]Mexico CWG Exports'!MK$290/1000 -> 0.338 | AD53: ='[1]Mexico CWG Exports'!MW$290/1000 -> 0.232 | AE53: ='[1]Mexico CWG Exports'!NI$290/1000 -> 0.127 | AF53: ='[1]Mexico CWG Exports'!NU$290/1000 -> 0 | AG53: ='[1]Mexico CWG Exports'!OG$290/1000 -> 0 | AH53: ='[1]Mexico CWG Exports'!OS$290/1000 -> 0 | AI53: ='[1]Mexico CWG Exports'!PE$290/1000 -> 0 | AJ53: =AJ$65*(SUM(AE53:AI53)/SUM(AE$65:AI$65)) -> 0.0051467012 | AK53: =AK$65*(SUM(AF53:AJ53)/SUM(AF$65:AJ$65)) -> 0.00032126724 | AL53: =AL$65*(SUM(AG53:AK53)/SUM(AG$65:AK$65)) -> 0.00082547834 | AM53: =AM$65*(SUM(AH53:AL53)/SUM(AH$65:AL$65)) -> 0.0015733617 | AN53: =AN$65*(SUM(AI53:AM53)/SUM(AI$65:AM$65)) -> 0.0015733617 | AO53: =AO$65*(SUM(AJ53:AN53)/SUM(AJ$65:AN$65)) -> 0.001888034 | AP53: =AP$65*(SUM(AK53:AO53)/SUM(AK$65:AO$65)) -> 0.0012363006 | AQ53: =AQ$65*(SUM(AL53:AP53)/SUM(AL$65:AP$65)) -> 0.0014193073 | ... BH53: =BH$65*(SUM(BC53:BG53)/SUM(BC$65:BG$65)) -> 0.061221633
A54: February | D54: ='[1]Mexico CWG Exports'!AX$290 -> 0 | E54: ='[1]Mexico CWG Exports'!BJ$290 -> 0 | F54: ='[1]Mexico CWG Exports'!BV$290 -> 0 | G54: ='[1]Mexico CWG Exports'!CH$290 -> 0 | H54: ='[1]Mexico CWG Exports'!CT$290 -> 0 | I54: ='[1]Mexico CWG Exports'!DF$290 -> 0 | J54: ='[1]Mexico CWG Exports'!DR$290/1000 -> 0 | K54: ='[1]Mexico CWG Exports'!ED$290/1000 -> 0 | L54: ='[1]Mexico CWG Exports'!EP$290/1000 -> 0 | M54: ='[1]Mexico CWG Exports'!FB$290/1000 -> 0 | N54: ='[1]Mexico CWG Exports'!FN$290/1000 -> 0 | O54: ='[1]Mexico CWG Exports'!FZ$290/1000 -> 0 | P54: ='[1]Mexico CWG Exports'!GL$290/1000 -> 0 | Q54: ='[1]Mexico CWG Exports'!GX$290/1000 -> 0 | R54: ='[1]Mexico CWG Exports'!HJ$290/1000 -> 0 | S54: ='[1]Mexico CWG Exports'!HV$290/1000 -> 0 | T54: ='[1]Mexico CWG Exports'!IH$290/1000 -> 0 | U54: ='[1]Mexico CWG Exports'!IT$290/1000 -> 0 | V54: ='[1]Mexico CWG Exports'!JF$290/1000 -> 0 | W54: ='[1]Mexico CWG Exports'!JR$290/1000 -> 0 | X54: ='[1]Mexico CWG Exports'!KD$290/1000 -> 0 | Y54: ='[1]Mexico CWG Exports'!KP$290/1000 -> 0.001 | Z54: ='[1]Mexico CWG Exports'!LB$290/1000 -> 0 | AA54: ='[1]Mexico CWG Exports'!LN$290/1000 -> 0.001 | AB54: ='[1]Mexico CWG Exports'!LZ$290/1000 -> 0.001 | AC54: ='[1]Mexico CWG Exports'!ML$290/1000 -> 0.251 | AD54: ='[1]Mexico CWG Exports'!MX$290/1000 -> 0.316 | AE54: ='[1]Mexico CWG Exports'!NJ$290/1000 -> 0.169 | AF54: ='[1]Mexico CWG Exports'!NV$290/1000 -> 0 | AG54: ='[1]Mexico CWG Exports'!OH$290/1000 -> 0 | AH54: ='[1]Mexico CWG Exports'!OT$290/1000 -> 0 | AI54: ='[1]Mexico CWG Exports'!PF$290/1000 -> 0 | AJ54: =AJ$65*(SUM(AE54:AI54)/SUM(AE$65:AI$65)) -> 0.0068487599 | AK54: =AK$65*(SUM(AF54:AJ54)/SUM(AF$65:AJ$65)) -> 0.0004275131 | AL54: =AL$65*(SUM(AG54:AK54)/SUM(AG$65:AK$65)) -> 0.0010984712 | AM54: =AM$65*(SUM(AH54:AL54)/SUM(AH$65:AL$65)) -> 0.0020936861 | AN54: =AN$65*(SUM(AI54:AM54)/SUM(AI$65:AM$65)) -> 0.0020936861 | AO54: =AO$65*(SUM(AJ54:AN54)/SUM(AJ$65:AN$65)) -> 0.0025124233 | AP54: =AP$65*(SUM(AK54:AO54)/SUM(AK$65:AO$65)) -> 0.0016451559 | AQ54: =AQ$65*(SUM(AL54:AP54)/SUM(AL$65:AP$65)) -> 0.0018886845 | ... BH54: =BH$65*(SUM(BC54:BG54)/SUM(BC$65:BG$65)) -> 0.081468158
A55: March | D55: ='[1]Mexico CWG Exports'!AY$290 -> 0 | E55: ='[1]Mexico CWG Exports'!BK$290 -> 0 | F55: ='[1]Mexico CWG Exports'!BW$290 -> 0 | G55: ='[1]Mexico CWG Exports'!CI$290 -> 0 | H55: ='[1]Mexico CWG Exports'!CU$290 -> 0 | I55: ='[1]Mexico CWG Exports'!DG$290 -> 0 | J55: ='[1]Mexico CWG Exports'!DS$290/1000 -> 0 | K55: ='[1]Mexico CWG Exports'!EE$290/1000 -> 0 | L55: ='[1]Mexico CWG Exports'!EQ$290/1000 -> 0 | M55: ='[1]Mexico CWG Exports'!FC$290/1000 -> 0 | N55: ='[1]Mexico CWG Exports'!FO$290/1000 -> 0 | O55: ='[1]Mexico CWG Exports'!GA$290/1000 -> 0 | P55: ='[1]Mexico CWG Exports'!GM$290/1000 -> 0 | Q55: ='[1]Mexico CWG Exports'!GY$290/1000 -> 0 | R55: ='[1]Mexico CWG Exports'!HK$290/1000 -> 0 | S55: ='[1]Mexico CWG Exports'!HW$290/1000 -> 0 | T55: ='[1]Mexico CWG Exports'!II$290/1000 -> 0 | U55: ='[1]Mexico CWG Exports'!IU$290/1000 -> 0 | V55: ='[1]Mexico CWG Exports'!JG$290/1000 -> 0 | W55: ='[1]Mexico CWG Exports'!JS$290/1000 -> 0 | X55: ='[1]Mexico CWG Exports'!KE$290/1000 -> 0.005 | Y55: ='[1]Mexico CWG Exports'!KQ$290/1000 -> 0.001 | Z55: ='[1]Mexico CWG Exports'!LC$290/1000 -> 0 | AA55: ='[1]Mexico CWG Exports'!LO$290/1000 -> 0.001 | AB55: ='[1]Mexico CWG Exports'!MA$290/1000 -> 0.002 | AC55: ='[1]Mexico CWG Exports'!MM$290/1000 -> 0.234 | AD55: ='[1]Mexico CWG Exports'!MY$290/1000 -> 0.253 | AE55: ='[1]Mexico CWG Exports'!NK$290/1000 -> 0.274 | AF55: ='[1]Mexico CWG Exports'!NW$290/1000 -> 0 | AG55: ='[1]Mexico CWG Exports'!OI$290/1000 -> 0.531 | AH55: ='[1]Mexico CWG Exports'!OU$290/1000 -> 0 | AI55: ='[1]Mexico CWG Exports'!PG$290/1000 -> 0 | AJ55: =AJ$65*(SUM(AE55:AI55)/SUM(AE$65:AI$65)) -> 0.032622791 | AK55: =AK$65*(SUM(AF55:AJ55)/SUM(AF$65:AJ$65)) -> 0.035182446 | AL55: =AL$65*(SUM(AG55:AK55)/SUM(AG$65:AK$65)) -> 0.090399341 | AM55: =AM$65*(SUM(AH55:AL55)/SUM(AH$65:AL$65)) -> 0.039551145 | AN55: =AN$65*(SUM(AI55:AM55)/SUM(AI$65:AM$65)) -> 0.039551145 | AO55: =AO$65*(SUM(AJ55:AN55)/SUM(AJ$65:AN$65)) -> 0.047461374 | AP55: =AP$65*(SUM(AK55:AO55)/SUM(AK$65:AO$65)) -> 0.05042909 | AQ55: =AQ$65*(SUM(AL55:AP55)/SUM(AL$65:AP$65)) -> 0.053478419 | ... BH55: =BH$65*(SUM(BC55:BG55)/SUM(BC$65:BG$65)) -> 1.9991585
A56: April | D56: ='[1]Mexico CWG Exports'!AZ$290 -> 0 | E56: ='[1]Mexico CWG Exports'!BL$290 -> 0 | F56: ='[1]Mexico CWG Exports'!BX$290 -> 0 | G56: ='[1]Mexico CWG Exports'!CJ$290 -> 0 | H56: ='[1]Mexico CWG Exports'!CV$290 -> 0 | I56: ='[1]Mexico CWG Exports'!DH$290 -> 0 | J56: ='[1]Mexico CWG Exports'!DT$290/1000 -> 0 | K56: ='[1]Mexico CWG Exports'!EF$290/1000 -> 0 | L56: ='[1]Mexico CWG Exports'!ER$290/1000 -> 0 | M56: ='[1]Mexico CWG Exports'!FD$290/1000 -> 0 | N56: ='[1]Mexico CWG Exports'!FP$290/1000 -> 0 | O56: ='[1]Mexico CWG Exports'!GB$290/1000 -> 0 | P56: ='[1]Mexico CWG Exports'!GN$290/1000 -> 0 | Q56: ='[1]Mexico CWG Exports'!GZ$290/1000 -> 0 | R56: ='[1]Mexico CWG Exports'!HL$290/1000 -> 0 | S56: ='[1]Mexico CWG Exports'!HX$290/1000 -> 0 | T56: ='[1]Mexico CWG Exports'!IJ$290/1000 -> 0 | U56: ='[1]Mexico CWG Exports'!IV$290/1000 -> 0 | V56: ='[1]Mexico CWG Exports'!JH$290/1000 -> 0 | W56: ='[1]Mexico CWG Exports'!JT$290/1000 -> 0.003 | X56: ='[1]Mexico CWG Exports'!KF$290/1000 -> 0 | Y56: ='[1]Mexico CWG Exports'!KR$290/1000 -> 0.002 | Z56: ='[1]Mexico CWG Exports'!LD$290/1000 -> 0.002 | AA56: ='[1]Mexico CWG Exports'!LP$290/1000 -> 0.001 | AB56: ='[1]Mexico CWG Exports'!MB$290/1000 -> 0 | AC56: ='[1]Mexico CWG Exports'!MN$290/1000 -> 0.275 | AD56: ='[1]Mexico CWG Exports'!MZ$290/1000 -> 0.358 | AE56: ='[1]Mexico CWG Exports'!NL$290/1000 -> 0.161 | AF56: ='[1]Mexico CWG Exports'!NX$290/1000 -> 0 | AG56: ='[1]Mexico CWG Exports'!OJ$290/1000 -> 0 | AH56: ='[1]Mexico CWG Exports'!OV$290/1000 -> 0 | AI56: =AI$65*(SUM(AD56:AH56)/SUM(AD$65:AH$65)) -> 0.015518479 | AJ56: =AJ$65*(SUM(AE56:AI56)/SUM(AE$65:AI$65)) -> 0.0071534478 | AK56: =AK$65*(SUM(AF56:AJ56)/SUM(AF$65:AJ$65)) -> 0.0014152264 | AL56: =AL$65*(SUM(AG56:AK56)/SUM(AG$65:AK$65)) -> 0.0036363455 | AM56: =AM$65*(SUM(AH56:AL56)/SUM(AH$65:AL$65)) -> 0.0069308746 | AN56: =AN$65*(SUM(AI56:AM56)/SUM(AI$65:AM$65)) -> 0.0069308746 | AO56: =AO$65*(SUM(AJ56:AN56)/SUM(AJ$65:AN$65)) -> 0.0052133538 | AP56: =AP$65*(SUM(AK56:AO56)/SUM(AK$65:AO$65)) -> 0.004825335 | ... BH56: =BH$65*(SUM(BC56:BG56)/SUM(BC$65:BG$65)) -> 0.22705497
A57: May | D57: ='[1]Mexico CWG Exports'!BA$290 -> 0 | E57: ='[1]Mexico CWG Exports'!BM$290 -> 0 | F57: ='[1]Mexico CWG Exports'!BY$290 -> 0 | G57: ='[1]Mexico CWG Exports'!CK$290 -> 0 | H57: ='[1]Mexico CWG Exports'!CW$290 -> 0 | I57: ='[1]Mexico CWG Exports'!DI$290 -> 0 | J57: ='[1]Mexico CWG Exports'!DU$290/1000 -> 0 | K57: ='[1]Mexico CWG Exports'!EG$290/1000 -> 0 | L57: ='[1]Mexico CWG Exports'!ES$290/1000 -> 0 | M57: ='[1]Mexico CWG Exports'!FE$290/1000 -> 0 | N57: ='[1]Mexico CWG Exports'!FQ$290/1000 -> 0 | O57: ='[1]Mexico CWG Exports'!GC$290/1000 -> 0 | P57: ='[1]Mexico CWG Exports'!GO$290/1000 -> 0 | Q57: ='[1]Mexico CWG Exports'!HA$290/1000 -> 0 | R57: ='[1]Mexico CWG Exports'!HM$290/1000 -> 0 | S57: ='[1]Mexico CWG Exports'!HY$290/1000 -> 0 | T57: ='[1]Mexico CWG Exports'!IK$290/1000 -> 0 | U57: ='[1]Mexico CWG Exports'!IW$290/1000 -> 0 | V57: ='[1]Mexico CWG Exports'!JI$290/1000 -> 0 | W57: ='[1]Mexico CWG Exports'!JU$290/1000 -> 0 | X57: ='[1]Mexico CWG Exports'!KG$290/1000 -> 0 | Y57: ='[1]Mexico CWG Exports'!KS$290/1000 -> 0.002 | Z57: ='[1]Mexico CWG Exports'!LE$290/1000 -> 0.001 | AA57: ='[1]Mexico CWG Exports'!LQ$290/1000 -> 0 | AB57: ='[1]Mexico CWG Exports'!MC$290/1000 -> 0.001 | AC57: ='[1]Mexico CWG Exports'!MO$290/1000 -> 0.36 | AD57: ='[1]Mexico CWG Exports'!NA$290/1000 -> 0.065 | AE57: ='[1]Mexico CWG Exports'!NM$290/1000 -> 0.19 | AF57: ='[1]Mexico CWG Exports'!NY$290/1000 -> 0 | AG57: ='[1]Mexico CWG Exports'!OK$290/1000 -> 0 | AH57: ='[1]Mexico CWG Exports'!OW$290/1000 -> 0 | AI57: =AI$65*(SUM(AD57:AH57)/SUM(AD$65:AH$65)) -> 0.007624686 | AJ57: =AJ$65*(SUM(AE57:AI57)/SUM(AE$65:AI$65)) -> 0.0080087812 | AK57: =AK$65*(SUM(AF57:AJ57)/SUM(AF$65:AJ$65)) -> 0.00097587187 | AL57: =AL$65*(SUM(AG57:AK57)/SUM(AG$65:AK$65)) -> 0.0025074485 | AM57: =AM$65*(SUM(AH57:AL57)/SUM(AH$65:AL$65)) -> 0.0047791969 | AN57: =AN$65*(SUM(AI57:AM57)/SUM(AI$65:AM$65)) -> 0.0047791969 | AO57: =AO$65*(SUM(AJ57:AN57)/SUM(AJ$65:AN$65)) -> 0.0042100991 | AP57: =AP$65*(SUM(AK57:AO57)/SUM(AK$65:AO$65)) -> 0.0034503627 | ... BH57: =BH$65*(SUM(BC57:BG57)/SUM(BC$65:BG$65)) -> 0.16501732
A58: June | D58: ='[1]Mexico CWG Exports'!BB$290 -> 0 | E58: ='[1]Mexico CWG Exports'!BN$290 -> 0 | F58: ='[1]Mexico CWG Exports'!BZ$290 -> 0 | G58: ='[1]Mexico CWG Exports'!CL$290 -> 0 | H58: ='[1]Mexico CWG Exports'!CX$290 -> 0 | I58: ='[1]Mexico CWG Exports'!DJ$290 -> 0 | J58: ='[1]Mexico CWG Exports'!DV$290/1000 -> 0 | K58: ='[1]Mexico CWG Exports'!EH$290/1000 -> 0 | L58: ='[1]Mexico CWG Exports'!ET$290/1000 -> 0 | M58: ='[1]Mexico CWG Exports'!FF$290/1000 -> 0 | N58: ='[1]Mexico CWG Exports'!FR$290/1000 -> 0 | O58: ='[1]Mexico CWG Exports'!GD$290/1000 -> 0 | P58: ='[1]Mexico CWG Exports'!GP$290/1000 -> 0 | Q58: ='[1]Mexico CWG Exports'!HB$290/1000 -> 0 | R58: ='[1]Mexico CWG Exports'!HN$290/1000 -> 0 | S58: ='[1]Mexico CWG Exports'!HZ$290/1000 -> 0 | T58: ='[1]Mexico CWG Exports'!IL$290/1000 -> 0 | U58: ='[1]Mexico CWG Exports'!IX$290/1000 -> 0 | V58: ='[1]Mexico CWG Exports'!JJ$290/1000 -> 0 | W58: ='[1]Mexico CWG Exports'!JV$290/1000 -> 0.001 | X58: ='[1]Mexico CWG Exports'!KH$290/1000 -> 0 | Y58: ='[1]Mexico CWG Exports'!KT$290/1000 -> 0.002 | Z58: ='[1]Mexico CWG Exports'!LF$290/1000 -> 0 | AA58: ='[1]Mexico CWG Exports'!LR$290/1000 -> 0.001 | AB58: ='[1]Mexico CWG Exports'!MD$290/1000 -> 0 | AC58: ='[1]Mexico CWG Exports'!MP$290/1000 -> 0.234 | AD58: ='[1]Mexico CWG Exports'!NB$290/1000 -> 0.232 | AE58: ='[1]Mexico CWG Exports'!NN$290/1000 -> 0.315 | AF58: ='[1]Mexico CWG Exports'!NZ$290/1000 -> 0.199 | AG58: ='[1]Mexico CWG Exports'!OL$290/1000 -> 0 | AH58: ='[1]Mexico CWG Exports'!OX$290/1000 -> 0 | AI58: =AI$65*(SUM(AD58:AH58)/SUM(AD$65:AH$65)) -> 0.022305944 | AJ58: =AJ$65*(SUM(AE58:AI58)/SUM(AE$65:AI$65)) -> 0.021733909 | AK58: =AK$65*(SUM(AF58:AJ58)/SUM(AF$65:AJ$65)) -> 0.015171027 | AL58: =AL$65*(SUM(AG58:AK58)/SUM(AG$65:AK$65)) -> 0.0089388407 | AM58: =AM$65*(SUM(AH58:AL58)/SUM(AH$65:AL$65)) -> 0.01703743 | AN58: =AN$65*(SUM(AI58:AM58)/SUM(AI$65:AM$65)) -> 0.01703743 | AO58: =AO$65*(SUM(AJ58:AN58)/SUM(AJ$65:AN$65)) -> 0.015983728 | AP58: =AP$65*(SUM(AK58:AO58)/SUM(AK$65:AO$65)) -> 0.014833691 | ... BH58: =BH$65*(SUM(BC58:BG58)/SUM(BC$65:BG$65)) -> 0.63412057
A59: July | D59: ='[1]Mexico CWG Exports'!BC$290 -> 0 | E59: ='[1]Mexico CWG Exports'!BO$290 -> 0 | F59: ='[1]Mexico CWG Exports'!CA$290 -> 0 | G59: ='[1]Mexico CWG Exports'!CM$290 -> 0 | H59: ='[1]Mexico CWG Exports'!CY$290 -> 0 | I59: ='[1]Mexico CWG Exports'!DK$290 -> 0 | J59: ='[1]Mexico CWG Exports'!DW$290/1000 -> 0 | K59: ='[1]Mexico CWG Exports'!EI$290/1000 -> 0 | L59: ='[1]Mexico CWG Exports'!EU$290/1000 -> 0 | M59: ='[1]Mexico CWG Exports'!FG$290/1000 -> 0 | N59: ='[1]Mexico CWG Exports'!FS$290/1000 -> 0 | O59: ='[1]Mexico CWG Exports'!GE$290/1000 -> 0 | P59: ='[1]Mexico CWG Exports'!GQ$290/1000 -> 0 | Q59: ='[1]Mexico CWG Exports'!HC$290/1000 -> 0 | R59: ='[1]Mexico CWG Exports'!HO$290/1000 -> 0 | S59: ='[1]Mexico CWG Exports'!IA$290/1000 -> 0 | T59: ='[1]Mexico CWG Exports'!IM$290/1000 -> 0 | U59: ='[1]Mexico CWG Exports'!IY$290/1000 -> 0 | V59: ='[1]Mexico CWG Exports'!JK$290/1000 -> 0.002 | W59: ='[1]Mexico CWG Exports'!JW$290/1000 -> 0.001 | X59: ='[1]Mexico CWG Exports'!KI$290/1000 -> 0 | Y59: ='[1]Mexico CWG Exports'!KU$290/1000 -> 0.003 | Z59: ='[1]Mexico CWG Exports'!LG$290/1000 -> 0 | AA59: ='[1]Mexico CWG Exports'!LS$290/1000 -> 0.001 | AB59: ='[1]Mexico CWG Exports'!ME$290/1000 -> 0.001 | AC59: ='[1]Mexico CWG Exports'!MQ$290/1000 -> 0.194 | AD59: ='[1]Mexico CWG Exports'!NC$290/1000 -> 0.19 | AE59: ='[1]Mexico CWG Exports'!NO$290/1000 -> 0.211 | AF59: ='[1]Mexico CWG Exports'!OA$290/1000 -> 0 | AG59: ='[1]Mexico CWG Exports'!OM$290/1000 -> 0 | AH59: ='[1]Mexico CWG Exports'!OY$290/1000 -> 0 | AI59: =AI$65*(SUM(AD59:AH59)/SUM(AD$65:AH$65)) -> 0.011990193 | AJ59: =AJ$65*(SUM(AE59:AI59)/SUM(AE$65:AI$65)) -> 0.0090367236 | AK59: =AK$65*(SUM(AF59:AJ59)/SUM(AF$65:AJ$65)) -> 0.0013125416 | AL59: =AL$65*(SUM(AG59:AK59)/SUM(AG$65:AK$65)) -> 0.0033725027 | AM59: =AM$65*(SUM(AH59:AL59)/SUM(AH$65:AL$65)) -> 0.0064279901 | AN59: =AN$65*(SUM(AI59:AM59)/SUM(AI$65:AM$65)) -> 0.0064279901 | AO59: =AO$65*(SUM(AJ59:AN59)/SUM(AJ$65:AN$65)) -> 0.0053155496 | AP59: =AP$65*(SUM(AK59:AO59)/SUM(AK$65:AO$65)) -> 0.0045713148 | ... BH59: =BH$65*(SUM(BC59:BG59)/SUM(BC$65:BG$65)) -> 0.2171805
A60: August | D60: ='[1]Mexico CWG Exports'!BD$290 -> 0 | E60: ='[1]Mexico CWG Exports'!BP$290 -> 0 | F60: ='[1]Mexico CWG Exports'!CB$290 -> 0 | G60: ='[1]Mexico CWG Exports'!CN$290 -> 0 | H60: ='[1]Mexico CWG Exports'!CZ$290 -> 0 | I60: ='[1]Mexico CWG Exports'!DL$290 -> 0 | J60: ='[1]Mexico CWG Exports'!DX$290/1000 -> 0 | K60: ='[1]Mexico CWG Exports'!EJ$290/1000 -> 0 | L60: ='[1]Mexico CWG Exports'!EV$290/1000 -> 0 | M60: ='[1]Mexico CWG Exports'!FH$290/1000 -> 0 | N60: ='[1]Mexico CWG Exports'!FT$290/1000 -> 0 | O60: ='[1]Mexico CWG Exports'!GF$290/1000 -> 0 | P60: ='[1]Mexico CWG Exports'!GR$290/1000 -> 0 | Q60: ='[1]Mexico CWG Exports'!HD$290/1000 -> 0 | R60: ='[1]Mexico CWG Exports'!HP$290/1000 -> 0 | S60: ='[1]Mexico CWG Exports'!IB$290/1000 -> 0 | T60: ='[1]Mexico CWG Exports'!IN$290/1000 -> 0 | U60: ='[1]Mexico CWG Exports'!IZ$290/1000 -> 0 | V60: ='[1]Mexico CWG Exports'!JL$290/1000 -> 0.002 | W60: ='[1]Mexico CWG Exports'!JX$290/1000 -> 0.002 | X60: ='[1]Mexico CWG Exports'!KJ$290/1000 -> 0 | Y60: ='[1]Mexico CWG Exports'!KV$290/1000 -> 0.002 | Z60: ='[1]Mexico CWG Exports'!LH$290/1000 -> 0.003 | AA60: ='[1]Mexico CWG Exports'!LT$290/1000 -> 0.003 | AB60: ='[1]Mexico CWG Exports'!MF$290/1000 -> 0 | AC60: ='[1]Mexico CWG Exports'!MR$290/1000 -> 0.278 | AD60: ='[1]Mexico CWG Exports'!ND$290/1000 -> 0.174 | AE60: ='[1]Mexico CWG Exports'!NP$290/1000 -> 0.295 | AF60: ='[1]Mexico CWG Exports'!OB$290/1000 -> 0.925 | AG60: ='[1]Mexico CWG Exports'!ON$290/1000 -> 0 | AH60: ='[1]Mexico CWG Exports'!OZ$290/1000 -> 0 | AI60: =AI$65*(SUM(AD60:AH60)/SUM(AD$65:AH$65)) -> 0.041681617 | AJ60: =AJ$65*(SUM(AE60:AI60)/SUM(AE$65:AI$65)) -> 0.051129908 | AK60: =AK$65*(SUM(AF60:AJ60)/SUM(AF$65:AJ$65)) -> 0.063533803 | AL60: =AL$65*(SUM(AG60:AK60)/SUM(AG$65:AK$65)) -> 0.023602858 | AM60: =AM$65*(SUM(AH60:AL60)/SUM(AH$65:AL$65)) -> 0.044987046 | AN60: =AN$65*(SUM(AI60:AM60)/SUM(AI$65:AM$65)) -> 0.044987046 | AO60: =AO$65*(SUM(AJ60:AN60)/SUM(AJ$65:AN$65)) -> 0.045648132 | AP60: =AP$65*(SUM(AK60:AO60)/SUM(AK$65:AO$65)) -> 0.044551777 | ... BH60: =BH$65*(SUM(BC60:BG60)/SUM(BC$65:BG$65)) -> 1.786844
A61: September | D61: ='[1]Mexico CWG Exports'!BE$290 -> 0 | E61: ='[1]Mexico CWG Exports'!BQ$290 -> 0 | F61: ='[1]Mexico CWG Exports'!CC$290 -> 0 | G61: ='[1]Mexico CWG Exports'!CO$290 -> 0 | H61: ='[1]Mexico CWG Exports'!DA$290 -> 0 | I61: ='[1]Mexico CWG Exports'!DM$290 -> 0 | J61: ='[1]Mexico CWG Exports'!DY$290/1000 -> 0 | K61: ='[1]Mexico CWG Exports'!EK$290/1000 -> 0 | L61: ='[1]Mexico CWG Exports'!EW$290/1000 -> 0 | M61: ='[1]Mexico CWG Exports'!FI$290/1000 -> 0 | N61: ='[1]Mexico CWG Exports'!FU$290/1000 -> 0 | O61: ='[1]Mexico CWG Exports'!GG$290/1000 -> 0 | P61: ='[1]Mexico CWG Exports'!GS$290/1000 -> 0 | Q61: ='[1]Mexico CWG Exports'!HE$290/1000 -> 0 | R61: ='[1]Mexico CWG Exports'!HQ$290/1000 -> 0 | S61: ='[1]Mexico CWG Exports'!IC$290/1000 -> 0 | T61: ='[1]Mexico CWG Exports'!IO$290/1000 -> 0 | U61: ='[1]Mexico CWG Exports'!JA$290/1000 -> 0 | V61: ='[1]Mexico CWG Exports'!JM$290/1000 -> 0.001 | W61: ='[1]Mexico CWG Exports'!JY$290/1000 -> 0.005 | X61: ='[1]Mexico CWG Exports'!KK$290/1000 -> 0.004 | Y61: ='[1]Mexico CWG Exports'!KW$290/1000 -> 0.001 | Z61: ='[1]Mexico CWG Exports'!LI$290/1000 -> 0.001 | AA61: ='[1]Mexico CWG Exports'!LU$290/1000 -> 0 | AB61: ='[1]Mexico CWG Exports'!MG$290/1000 -> 0.001 | AC61: ='[1]Mexico CWG Exports'!MS$290/1000 -> 0.212 | AD61: ='[1]Mexico CWG Exports'!NE$290/1000 -> 0.141 | AE61: ='[1]Mexico CWG Exports'!NQ$290/1000 -> 0.231 | AF61: ='[1]Mexico CWG Exports'!OC$290/1000 -> 0.662 | AG61: ='[1]Mexico CWG Exports'!OO$290/1000 -> 0.375 | AH61: ='[1]Mexico CWG Exports'!PA$290/1000 -> 0 | AI61: =AI$65*(SUM(AD61:AH61)/SUM(AD$65:AH$65)) -> 0.042130128 | AJ61: =AJ$65*(SUM(AE61:AI61)/SUM(AE$65:AI$65)) -> 0.053093294 | AK61: =AK$65*(SUM(AF61:AJ61)/SUM(AF$65:AJ$65)) -> 0.070675619 | AL61: =AL$65*(SUM(AG61:AK61)/SUM(AG$65:AK$65)) -> 0.081657464 | AM61: =AM$65*(SUM(AH61:AL61)/SUM(AH$65:AL$65)) -> 0.061889126 | AN61: =AN$65*(SUM(AI61:AM61)/SUM(AI$65:AM$65)) -> 0.061889126 | AO61: =AO$65*(SUM(AJ61:AN61)/SUM(AJ$65:AN$65)) -> 0.065840926 | AP61: =AP$65*(SUM(AK61:AO61)/SUM(AK$65:AO$65)) -> 0.068390452 | ... BH61: =BH$65*(SUM(BC61:BG61)/SUM(BC$65:BG$65)) -> 2.7253827
A62: October | C62: ='[1]Mexico CWG Exports'!AT$290 -> 0 | D62: ='[1]Mexico CWG Exports'!BF$290 -> 0 | E62: ='[1]Mexico CWG Exports'!BR$290 -> 0 | F62: ='[1]Mexico CWG Exports'!CD$290 -> 0 | G62: ='[1]Mexico CWG Exports'!CP$290 -> 0 | H62: ='[1]Mexico CWG Exports'!DB$290 -> 0 | I62: ='[1]Mexico CWG Exports'!DN$290 -> 0 | J62: ='[1]Mexico CWG Exports'!DZ$290/1000 -> 0 | K62: ='[1]Mexico CWG Exports'!EL$290/1000 -> 0 | L62: ='[1]Mexico CWG Exports'!EX$290/1000 -> 0 | M62: ='[1]Mexico CWG Exports'!FJ$290/1000 -> 0 | N62: ='[1]Mexico CWG Exports'!FV$290/1000 -> 0 | O62: ='[1]Mexico CWG Exports'!GH$290/1000 -> 0 | P62: ='[1]Mexico CWG Exports'!GT$290/1000 -> 0 | Q62: ='[1]Mexico CWG Exports'!HF$290/1000 -> 0 | R62: ='[1]Mexico CWG Exports'!HR$290/1000 -> 0 | S62: ='[1]Mexico CWG Exports'!ID$290/1000 -> 0 | T62: ='[1]Mexico CWG Exports'!IP$290/1000 -> 0 | U62: ='[1]Mexico CWG Exports'!JB$290/1000 -> 0 | V62: ='[1]Mexico CWG Exports'!JN$290/1000 -> 0 | W62: ='[1]Mexico CWG Exports'!JZ$290/1000 -> 0.002 | X62: ='[1]Mexico CWG Exports'!KL$290/1000 -> 0 | Y62: ='[1]Mexico CWG Exports'!KX$290/1000 -> 0.001 | Z62: ='[1]Mexico CWG Exports'!LJ$290/1000 -> 0.001 | AA62: ='[1]Mexico CWG Exports'!LV$290/1000 -> 0 | AB62: ='[1]Mexico CWG Exports'!MH$290/1000 -> 0 | AC62: ='[1]Mexico CWG Exports'!MT$290/1000 -> 0.32 | AD62: ='[1]Mexico CWG Exports'!NF$290/1000 -> 0.168 | AE62: ='[1]Mexico CWG Exports'!NR$290/1000 -> 0.21 | AF62: ='[1]Mexico CWG Exports'!OD$290/1000 -> 0.468 | AG62: ='[1]Mexico CWG Exports'!OP$290/1000 -> 0 | AH62: ='[1]Mexico CWG Exports'!PB$290/1000 -> 0 | AI62: =AI$65*(SUM(AD62:AH62)/SUM(AD$65:AH$65)) -> 0.025296017 | AJ62: =AJ$65*(SUM(AE62:AI62)/SUM(AE$65:AI$65)) -> 0.028501216 | AK62: =AK$65*(SUM(AF62:AJ62)/SUM(AF$65:AJ$65)) -> 0.032571613 | AL62: =AL$65*(SUM(AG62:AK62)/SUM(AG$65:AK$65)) -> 0.013038775 | AM62: =AM$65*(SUM(AH62:AL62)/SUM(AH$65:AL$65)) -> 0.024851905 | AN62: =AN$65*(SUM(AI62:AM62)/SUM(AI$65:AM$65)) -> 0.024851905 | AO62: =AO$65*(SUM(AJ62:AN62)/SUM(AJ$65:AN$65)) -> 0.024763083 | AP62: =AP$65*(SUM(AK62:AO62)/SUM(AK$65:AO$65)) -> 0.024015456 | ... BH62: =BH$65*(SUM(BC62:BG62)/SUM(BC$65:BG$65)) -> 0.97384675
A63: November | C63: ='[1]Mexico CWG Exports'!AU$290 -> 0 | D63: ='[1]Mexico CWG Exports'!BG$290 -> 0 | E63: ='[1]Mexico CWG Exports'!BS$290 -> 0 | F63: ='[1]Mexico CWG Exports'!CE$290 -> 0 | G63: ='[1]Mexico CWG Exports'!CQ$290 -> 0 | H63: ='[1]Mexico CWG Exports'!DC$290 -> 0 | I63: ='[1]Mexico CWG Exports'!DO$290 -> 0 | J63: ='[1]Mexico CWG Exports'!EA$290/1000 -> 0 | K63: ='[1]Mexico CWG Exports'!EM$290/1000 -> 0 | L63: ='[1]Mexico CWG Exports'!EY$290/1000 -> 0 | M63: ='[1]Mexico CWG Exports'!FK$290/1000 -> 0 | N63: ='[1]Mexico CWG Exports'!FW$290/1000 -> 0 | O63: ='[1]Mexico CWG Exports'!GI$290/1000 -> 0 | P63: ='[1]Mexico CWG Exports'!GU$290/1000 -> 0 | Q63: ='[1]Mexico CWG Exports'!HG$290/1000 -> 0 | R63: ='[1]Mexico CWG Exports'!HS$290/1000 -> 0 | S63: ='[1]Mexico CWG Exports'!IE$290/1000 -> 0 | T63: ='[1]Mexico CWG Exports'!IQ$290/1000 -> 0 | U63: ='[1]Mexico CWG Exports'!JC$290/1000 -> 0 | V63: ='[1]Mexico CWG Exports'!JO$290/1000 -> 0 | W63: ='[1]Mexico CWG Exports'!KA$290/1000 -> 0 | X63: ='[1]Mexico CWG Exports'!KM$290/1000 -> 0 | Y63: ='[1]Mexico CWG Exports'!KY$290/1000 -> 0 | Z63: ='[1]Mexico CWG Exports'!LK$290/1000 -> 0.001 | AA63: ='[1]Mexico CWG Exports'!LW$290/1000 -> 0.002 | AB63: ='[1]Mexico CWG Exports'!MI$290/1000 -> 0 | AC63: ='[1]Mexico CWG Exports'!MU$290/1000 -> 0.231 | AD63: ='[1]Mexico CWG Exports'!NG$290/1000 -> 0.168 | AE63: ='[1]Mexico CWG Exports'!NS$290/1000 -> 0.231 | AF63: ='[1]Mexico CWG Exports'!OE$290/1000 -> 0.345 | AG63: ='[1]Mexico CWG Exports'!OQ$290/1000 -> 0 | AH63: ='[1]Mexico CWG Exports'!PC$290/1000 -> 0 | AI63: =AI$65*(SUM(AD63:AH63)/SUM(AD$65:AH$65)) -> 0.022246143 | AJ63: =AJ$65*(SUM(AE63:AI63)/SUM(AE$65:AI$65)) -> 0.024244049 | AK63: =AK$65*(SUM(AF63:AJ63)/SUM(AF$65:AJ$65)) -> 0.02443759 | AL63: =AL$65*(SUM(AG63:AK63)/SUM(AG$65:AK$65)) -> 0.010707696 | AM63: =AM$65*(SUM(AH63:AL63)/SUM(AH$65:AL$65)) -> 0.020408869 | AN63: =AN$65*(SUM(AI63:AM63)/SUM(AI$65:AM$65)) -> 0.020408869 | AO63: =AO$65*(SUM(AJ63:AN63)/SUM(AJ$65:AN$65)) -> 0.020041415 | AP63: =AP$65*(SUM(AK63:AO63)/SUM(AK$65:AO$65)) -> 0.019200888 | ... BH63: =BH$65*(SUM(BC63:BG63)/SUM(BC$65:BG$65)) -> 0.78928216
A64: December | C64: ='[1]Mexico CWG Exports'!AV$290 -> 0 | D64: ='[1]Mexico CWG Exports'!BH$290 -> 0 | E64: ='[1]Mexico CWG Exports'!BT$290 -> 0 | F64: ='[1]Mexico CWG Exports'!CF$290 -> 0 | G64: ='[1]Mexico CWG Exports'!CR$290 -> 0 | H64: ='[1]Mexico CWG Exports'!DD$290 -> 0 | I64: ='[1]Mexico CWG Exports'!DP$290 -> 0 | J64: ='[1]Mexico CWG Exports'!EB$290/1000 -> 0 | K64: ='[1]Mexico CWG Exports'!EN$290/1000 -> 0 | L64: ='[1]Mexico CWG Exports'!EZ$290/1000 -> 0 | M64: ='[1]Mexico CWG Exports'!FL$290/1000 -> 0 | N64: ='[1]Mexico CWG Exports'!FX$290/1000 -> 0 | O64: ='[1]Mexico CWG Exports'!GJ$290/1000 -> 0 | P64: ='[1]Mexico CWG Exports'!GV$290/1000 -> 0 | Q64: ='[1]Mexico CWG Exports'!HH$290/1000 -> 0 | R64: ='[1]Mexico CWG Exports'!HT$290/1000 -> 0 | S64: ='[1]Mexico CWG Exports'!IF$290/1000 -> 0 | T64: ='[1]Mexico CWG Exports'!IR$290/1000 -> 0 | U64: ='[1]Mexico CWG Exports'!JD$290/1000 -> 0 | V64: ='[1]Mexico CWG Exports'!JP$290/1000 -> 0 | W64: ='[1]Mexico CWG Exports'!KB$290/1000 -> 0.002 | X64: ='[1]Mexico CWG Exports'!KN$290/1000 -> 0 | Y64: ='[1]Mexico CWG Exports'!KZ$290/1000 -> 0 | Z64: ='[1]Mexico CWG Exports'!LL$290/1000 -> 0 | AA64: ='[1]Mexico CWG Exports'!LX$290/1000 -> 0 | AB64: ='[1]Mexico CWG Exports'!MJ$290/1000 -> 0.002 | AC64: ='[1]Mexico CWG Exports'!MV$290/1000 -> 0.274 | AD64: ='[1]Mexico CWG Exports'!NH$290/1000 -> 0.145 | AE64: ='[1]Mexico CWG Exports'!NT$290/1000 -> 0 | AF64: ='[1]Mexico CWG Exports'!OF$290/1000 -> 0 | AG64: ='[1]Mexico CWG Exports'!OR$290/1000 -> 0 | AH64: ='[1]Mexico CWG Exports'!PD$290/1000 -> 0 | AI64: =AI65-SUM(AI53:AI63) -> 0.061206793 | AJ64: =AJ65-SUM(AJ53:AJ63) -> 0.002480418 | AK64: =AK65-SUM(AK53:AK63) -> 0.0039754814 | AL64: =AL65-SUM(AL53:AL63) -> 0.010214778 | AM64: =AM65-SUM(AM53:AM63) -> 0.019469368 | AN64: =AN65-SUM(AN53:AN63) -> 0.019469368 | AO64: =AO65-SUM(AO53:AO63) -> 0.011121883 | AP64: =AP65-SUM(AP53:AP63) -> 0.012850176 | ... BH64: =BH65-SUM(BH53:BH63) -> 0.58942278
A65: Total | C65: =SUM(C53:C64) -> 0 | D65: =SUM(D53:D64) -> 0 | E65: =SUM(E53:E64) -> 0 | F65: =SUM(F53:F64) -> 0 | G65: =SUM(G53:G64) -> 0 | H65: =SUM(H53:H64) -> 0 | I65: =SUM(I53:I64) -> 0 | J65: =SUM(J53:J64) -> 0 | ... AH65: =SUM(AH53:AH64) -> 0 | AI65: =AI12 -> 0.25 | AJ65: =AJ12 -> 0.25 | AK65: =AK12 -> 0.25 | AL65: =AL12 -> 0.25 | AM65: =AM12 -> 0.25 | AN65: =AN12 -> 0.25 | AO65: =AO12 -> 0.25 | AP65: =AP12 -> 0.25 | ... BH65: =BH12 -> 10.25
A67: CHOICE WHITE GREASE DOMESTIC USAGE (tonnes)
B68: =B2 -> 1992 | C68: =C2 -> 1993 | D68: =D2 -> 1994 | E68: =E2 -> 1995 | F68: =F2 -> 1996 | G68: =G2 -> 1997 | H68: =H2 -> 1998 | I68: =I2 -> 1999 | ... BH68: =BH2 -> 2050
A69: January | C69: =B208+C21+C37-C53-C197 -> #REF! | D69: =C208+D21+D37-D53-D197 -> #REF! | E69: =D208+E21+E37-E53-E197 -> #REF! | F69: =E208+F21+F37-F53-F197 -> #REF! | G69: =F208+G21+G37-G53-G197 -> #REF! | H69: =G208+H21+H37-H53-H197 -> #REF! | I69: =H208+I21+I37-I53-I197 -> #REF! | J69: =I208+J21+J37-J53-J197 -> 5.1617247 | ... BH69: =BG208+BH21+BH37-BH53-BH197 -> 12.988212
A70: February | C70: =C197+C22+C38-C54-C198 -> #REF! | D70: =D197+D22+D38-D54-D198 -> #REF! | E70: =E197+E22+E38-E54-E198 -> #REF! | F70: =F197+F22+F38-F54-F198 -> #REF! | G70: =G197+G22+G38-G54-G198 -> #REF! | H70: =H197+H22+H38-H54-H198 -> #REF! | I70: =I197+I22+I38-I54-I198 -> #REF! | J70: =J197+J22+J38-J54-J198 -> 4.974948 | ... BH70: =BH197+BH22+BH38-BH54-BH198 -> 15.883337
A71: March | C71: =C198+C23+C39-C55-C199 -> #REF! | D71: =D198+D23+D39-D55-D199 -> #REF! | E71: =E198+E23+E39-E55-E199 -> #REF! | F71: =F198+F23+F39-F55-F199 -> #REF! | G71: =G198+G23+G39-G55-G199 -> #REF! | H71: =H198+H23+H39-H55-H199 -> #REF! | I71: =I198+I23+I39-I55-I199 -> #REF! | J71: =J198+J23+J39-J55-J199 -> 5.372804 | ... BH71: =BH198+BH23+BH39-BH55-BH199 -> 12.508002
A72: April | C72: =C199+C24+C40-C56-C200 -> #REF! | D72: =D199+D24+D40-D56-D200 -> #REF! | E72: =E199+E24+E40-E56-E200 -> #REF! | F72: =F199+F24+F40-F56-F200 -> #REF! | G72: =G199+G24+G40-G56-G200 -> #REF! | H72: =H199+H24+H40-H56-H200 -> #REF! | I72: =I199+I24+I40-I56-I200 -> #REF! | J72: =J199+J24+J40-J56-J200 -> 4.8083335 | ... BH72: =BH199+BH24+BH40-BH56-BH200 -> 14.60877
A73: May | C73: =C200+C25+C41-C57-C201 -> #REF! | D73: =D200+D25+D41-D57-D201 -> #REF! | E73: =E200+E25+E41-E57-E201 -> #REF! | F73: =F200+F25+F41-F57-F201 -> #REF! | G73: =G200+G25+G41-G57-G201 -> #REF! | H73: =H200+H25+H41-H57-H201 -> #REF! | I73: =I200+I25+I41-I57-I201 -> #REF! | J73: =J200+J25+J41-J57-J201 -> 4.6234242 | ... BH73: =BH200+BH25+BH41-BH57-BH201 -> 16.21715
A74: June | C74: =C201+C26+C42-C58-C202 -> #REF! | D74: =D201+D26+D42-D58-D202 -> #REF! | E74: =E201+E26+E42-E58-E202 -> #REF! | F74: =F201+F26+F42-F58-F202 -> #REF! | G74: =G201+G26+G42-G58-G202 -> #REF! | H74: =H201+H26+H42-H58-H202 -> #REF! | I74: =I201+I26+I42-I58-I202 -> #REF! | J74: =J201+J26+J42-J58-J202 -> 4.9654977 | ... BH74: =BH201+BH26+BH42-BH58-BH202 -> 14.409633
A75: July | C75: =C202+C27+C43-C59-C203 -> #REF! | D75: =D202+D27+D43-D59-D203 -> #REF! | E75: =E202+E27+E43-E59-E203 -> #REF! | F75: =F202+F27+F43-F59-F203 -> #REF! | G75: =G202+G27+G43-G59-G203 -> #REF! | H75: =H202+H27+H43-H59-H203 -> #REF! | I75: =I202+I27+I43-I59-I203 -> #REF! | J75: =J202+J27+J43-J59-J203 -> 4.9018131 | ... BH75: =BH202+BH27+BH43-BH59-BH203 -> 13.756967
A76: August | C76: =C203+C28+C44-C60-C204 -> #REF! | D76: =D203+D28+D44-D60-D204 -> #REF! | E76: =E203+E28+E44-E60-E204 -> #REF! | F76: =F203+F28+F44-F60-F204 -> #REF! | G76: =G203+G28+G44-G60-G204 -> #REF! | H76: =H203+H28+H44-H60-H204 -> #REF! | I76: =I203+I28+I44-I60-I204 -> #REF! | J76: =J203+J28+J44-J60-J204 -> 5.1732607 | ... BH76: =BH203+BH28+BH44-BH60-BH204 -> 13.942736
A77: September | C77: =C204+C29+C45-C61-C205 -> #REF! | D77: =D204+D29+D45-D61-D205 -> #REF! | E77: =E204+E29+E45-E61-E205 -> #REF! | F77: =F204+F29+F45-F61-F205 -> #REF! | G77: =G204+G29+G45-G61-G205 -> #REF! | H77: =H204+H29+H45-H61-H205 -> #REF! | I77: =I204+I29+I45-I61-I205 -> #REF! | J77: =J204+J29+J45-J61-J205 -> 5.0597492 | ... BH77: =BH204+BH29+BH45-BH61-BH205 -> 11.50026
A78: October | C78: =C205+C30+C46-C62-C206 -> #REF! | D78: =D205+D30+D46-D62-D206 -> #REF! | E78: =E205+E30+E46-E62-E206 -> #REF! | F78: =F205+F30+F46-F62-F206 -> #REF! | G78: =G205+G30+G46-G62-G206 -> #REF! | H78: =H205+H30+H46-H62-H206 -> #REF! | I78: =I205+I30+I46-I62-I206 -> #REF! | J78: =J205+J30+J46-J62-J206 -> 4.9451991 | ... BH78: =BH205+BH30+BH46-BH62-BH206 -> 10.965267
A79: November | C79: =C206+C31+C47-C63-C207 -> #REF! | D79: =D206+D31+D47-D63-D207 -> #REF! | E79: =E206+E31+E47-E63-E207 -> #REF! | F79: =F206+F31+F47-F63-F207 -> #REF! | G79: =G206+G31+G47-G63-G207 -> #REF! | H79: =H206+H31+H47-H63-H207 -> #REF! | I79: =I206+I31+I47-I63-I207 -> #REF! | J79: =J206+J31+J47-J63-J207 -> 5.1073307 | ... BH79: =BH206+BH31+BH47-BH63-BH207 -> 13.583429
A80: December | C80: =C207+C32+C48-C64-C208 -> #REF! | D80: =D207+D32+D48-D64-D208 -> #REF! | E80: =E207+E32+E48-E64-E208 -> #REF! | F80: =F207+F32+F48-F64-F208 -> #REF! | G80: =G207+G32+G48-G64-G208 -> #REF! | H80: =H207+H32+H48-H64-H208 -> #REF! | I80: =I207+I32+I48-I64-I208 -> #REF! | J80: =J207+J32+J48-J64-J208 -> 4.9059152 | ... BH80: =BH207+BH32+BH48-BH64-BH208 -> 13.981693
A81: Total | C81: =SUM(C69:C80) -> #REF! | D81: =SUM(D69:D80) -> #REF! | E81: =SUM(E69:E80) -> #REF! | F81: =SUM(F69:F80) -> #REF! | G81: =SUM(G69:G80) -> #REF! | H81: =SUM(H69:H80) -> #REF! | I81: =SUM(I69:I80) -> #REF! | J81: =SUM(J69:J80) -> 60 | ... BH81: =SUM(BH69:BH80) -> 164.34545
A83: CHOICE WHITE GREASE TOTAL BIOMASS-BASED DIESEL USAGE (tonnes)
B84: =B2 -> 1992 | C84: =C2 -> 1993 | D84: =D2 -> 1994 | E84: =E2 -> 1995 | F84: =F2 -> 1996 | G84: =G2 -> 1997 | H84: =H2 -> 1998 | I84: =I2 -> 1999 | ... BH84: =BH2 -> 2050
A85: January | C85: =C101+C117+C133 -> 0 | D85: =D101+D117+D133 -> 0 | E85: =E101+E117+E133 -> 0 | F85: =F101+F117+F133 -> 0 | G85: =G101+G117+G133 -> 0 | H85: =H101+H117+H133 -> 0 | I85: =I101+I117+I133 -> 0 | J85: =J101+J117+J133 -> 0 | ... BH85: =BH101+BH117+BH133 -> 1.1363636
A86: February | C86: =C102+C118+C134 -> 0 | D86: =D102+D118+D134 -> 0 | E86: =E102+E118+E134 -> 0 | F86: =F102+F118+F134 -> 0 | G86: =G102+G118+G134 -> 0 | H86: =H102+H118+H134 -> 0 | I86: =I102+I118+I134 -> 0 | J86: =J102+J118+J134 -> 0 | ... BH86: =BH102+BH118+BH134 -> 1.1363636
A87: March | C87: =C103+C119+C135 -> 0 | D87: =D103+D119+D135 -> 0 | E87: =E103+E119+E135 -> 0 | F87: =F103+F119+F135 -> 0 | G87: =G103+G119+G135 -> 0 | H87: =H103+H119+H135 -> 0 | I87: =I103+I119+I135 -> 0 | J87: =J103+J119+J135 -> 0 | ... BH87: =BH103+BH119+BH135 -> 1.1363636
A88: April | C88: =C104+C120+C136 -> 0 | D88: =D104+D120+D136 -> 0 | E88: =E104+E120+E136 -> 0 | F88: =F104+F120+F136 -> 0 | G88: =G104+G120+G136 -> 0 | H88: =H104+H120+H136 -> 0 | I88: =I104+I120+I136 -> 0 | J88: =J104+J120+J136 -> 0 | ... BH88: =BH104+BH120+BH136 -> 1.1363636
A89: May | C89: =C105+C121+C137 -> 0 | D89: =D105+D121+D137 -> 0 | E89: =E105+E121+E137 -> 0 | F89: =F105+F121+F137 -> 0 | G89: =G105+G121+G137 -> 0 | H89: =H105+H121+H137 -> 0 | I89: =I105+I121+I137 -> 0 | J89: =J105+J121+J137 -> 0 | ... BH89: =BH105+BH121+BH137 -> 1.1363636
A90: June | C90: =C106+C122+C138 -> 0 | D90: =D106+D122+D138 -> 0 | E90: =E106+E122+E138 -> 0 | F90: =F106+F122+F138 -> 0 | G90: =G106+G122+G138 -> 0 | H90: =H106+H122+H138 -> 0 | I90: =I106+I122+I138 -> 0 | J90: =J106+J122+J138 -> 0 | ... BH90: =BH106+BH122+BH138 -> 1.1363636
A91: July | C91: =C107+C123+C139 -> 0 | D91: =D107+D123+D139 -> 0 | E91: =E107+E123+E139 -> 0 | F91: =F107+F123+F139 -> 0 | G91: =G107+G123+G139 -> 0 | H91: =H107+H123+H139 -> 0 | I91: =I107+I123+I139 -> 0 | J91: =J107+J123+J139 -> 0 | ... BH91: =BH107+BH123+BH139 -> 1.1363636
A92: August | C92: =C108+C124+C140 -> 0 | D92: =D108+D124+D140 -> 0 | E92: =E108+E124+E140 -> 0 | F92: =F108+F124+F140 -> 0 | G92: =G108+G124+G140 -> 0 | H92: =H108+H124+H140 -> 0 | I92: =I108+I124+I140 -> 0 | J92: =J108+J124+J140 -> 0 | ... BH92: =BH108+BH124+BH140 -> 1.1363636
A93: September | C93: =C109+C125+C141 -> 0 | D93: =D109+D125+D141 -> 0 | E93: =E109+E125+E141 -> 0 | F93: =F109+F125+F141 -> 0 | G93: =G109+G125+G141 -> 0 | H93: =H109+H125+H141 -> 0 | I93: =I109+I125+I141 -> 0 | J93: =J109+J125+J141 -> 0 | ... BH93: =BH109+BH125+BH141 -> 1.1363636
A94: October | C94: =C110+C126+C142 -> 0 | D94: =D110+D126+D142 -> 0 | E94: =E110+E126+E142 -> 0 | F94: =F110+F126+F142 -> 0 | G94: =G110+G126+G142 -> 0 | H94: =H110+H126+H142 -> 0 | I94: =I110+I126+I142 -> 0 | J94: =J110+J126+J142 -> 0 | ... BH94: =BH110+BH126+BH142 -> 1.1363636
A95: November | C95: =C111+C127+C143 -> 0 | D95: =D111+D127+D143 -> 0 | E95: =E111+E127+E143 -> 0 | F95: =F111+F127+F143 -> 0 | G95: =G111+G127+G143 -> 0 | H95: =H111+H127+H143 -> 0 | I95: =I111+I127+I143 -> 0 | J95: =J111+J127+J143 -> 0 | ... BH95: =BH111+BH127+BH143 -> 1.1363636
A96: December | C96: =C112+C128+C144 -> 0 | D96: =D112+D128+D144 -> 0 | E96: =E112+E128+E144 -> 0 | F96: =F112+F128+F144 -> 0 | G96: =G112+G128+G144 -> 0 | H96: =H112+H128+H144 -> 0 | I96: =I112+I128+I144 -> 0 | J96: =J112+J128+J144 -> 0 | ... BH96: =BH112+BH128+BH144 -> 1.1363636
A97: Total | C97: =SUM(C85:C96) -> 0 | D97: =SUM(D85:D96) -> 0 | E97: =SUM(E85:E96) -> 0 | F97: =SUM(F85:F96) -> 0 | G97: =SUM(G85:G96) -> 0 | H97: =SUM(H85:H96) -> 0 | I97: =SUM(I85:I96) -> 0 | J97: =SUM(J85:J96) -> 0 | ... BH97: =SUM(BH85:BH96) -> 13.636364
A99: CHOICE WHITE GREASE BIODIESEL USAGE (tonnes)
B100: =B2 -> 1992 | C100: =C2 -> 1993 | D100: =D2 -> 1994 | E100: =E2 -> 1995 | F100: =F2 -> 1996 | G100: =G2 -> 1997 | H100: =H2 -> 1998 | I100: =I2 -> 1999 | ... BH100: =BH2 -> 2050
A101: January | J101: =J$113/12 -> 0 | K101: =K$113/12 -> 0 | L101: =L$113/12 -> 0 | M101: =M$113/12 -> 0 | N101: =N$113/12 -> 0 | O101: =O$113/12 -> 0 | P101: =P$113/12 -> 0 | Q101: =Q$113/12 -> 0 | ... BH101: =BH$113/12 -> 1.1363636
A102: February | J102: =J$113/12 -> 0 | K102: =K$113/12 -> 0 | L102: =L$113/12 -> 0 | M102: =M$113/12 -> 0 | N102: =N$113/12 -> 0 | O102: =O$113/12 -> 0 | P102: =P$113/12 -> 0 | Q102: =Q$113/12 -> 0 | ... BH102: =BH$113/12 -> 1.1363636
A103: March | J103: =J$113/12 -> 0 | K103: =K$113/12 -> 0 | L103: =L$113/12 -> 0 | M103: =M$113/12 -> 0 | N103: =N$113/12 -> 0 | O103: =O$113/12 -> 0 | P103: =P$113/12 -> 0 | Q103: =Q$113/12 -> 0 | ... BH103: =BH$113/12 -> 1.1363636
A104: April | J104: =J$113/12 -> 0 | K104: =K$113/12 -> 0 | L104: =L$113/12 -> 0 | M104: =M$113/12 -> 0 | N104: =N$113/12 -> 0 | O104: =O$113/12 -> 0 | P104: =P$113/12 -> 0 | Q104: =Q$113/12 -> 0 | ... BH104: =BH$113/12 -> 1.1363636
...

Sheet Mexico Used Cooking Oil
A1: MEXICO USED COOKING OIL SUPPLY AND DEMAND (000 tonnes)
B2: 1992 | C2: 1993 | D2: 1994 | E2: 1995 | F2: 1996 | G2: 1997 | H2: 1998 | I2: 1999 | J2: 2000 | K2: 2001 | L2: 2002 | M2: 2003 | N2: 2004 | O2: 2005 | P2: 2006 | Q2: 2007 | R2: 2008 | S2: 2009 | T2: 2010 | U2: 2011 | V2: 2012 | W2: 2013 | X2: 2014 | Y2: 2015 | Z2: 2016 | AA2: 2017 | AB2: 2018 | AC2: 2019 | AD2: 2020 | AE2: 2021 | AF2: 2022 | AG2: 2023 | AH2: 2024 | AI2: 2025 | AJ2: 2026 | AK2: 2027 | AL2: 2028 | AM2: 2029 | AN2: 2030 | AO2: 2031 | AP2: 2032 | AQ2: 2033 | AR2: 2034 | AS2: 2035 | AT2: 2036 | AU2: 2037 | AV2: 2038 | AW2: 2039 | AX2: 2040 | AY2: 2041 | AZ2: 2042 | BA2: 2043 | BB2: 2044 | BC2: 2045 | BD2: 2046 | BE2: 2047 | BF2: 2048 | BG2: 2049 | BH2: 2050
A3: Carryin (January 1) | W3: =V14 -> 0 | X3: =W14 -> 27.54 | Y3: =X14 -> 28.330416 | Z3: =Y14 -> 29.248817 | AA3: =Z14 -> 28.802722 | AB3: =AA14 -> 29.678285 | AC3: =AB14 -> 30.502467 | AD3: =AC14 -> 31.075798 | ... BH3: =BG14 -> 0.11781183
A4: Production | W4: =1080*0.85 -> 918 | X4: =W4+(W4*(X22/W22-1)) -> 944.34719 | Y4: =X4+(X4*(Y22/X22-1)) -> 974.96058 | Z4: =Y4+(Y4*(Z22/Y22-1)) -> 960.09075 | AA4: =Z4+(Z4*(AA22/Z22-1)) -> 989.27618 | AB4: =AA4+(AA4*(AB22/AA22-1)) -> 1016.7489 | AC4: =AB4+(AB4*(AC22/AB22-1)) -> 1035.8599 | AD4: =AC4+(AC4*(AD22/AC22-1)) -> 981.65286 | AE4: =AD4+(AD4*(AE22/AD22-1)) -> 1026.2282 | ... BH4: =BG4+(BG4*(BH22/BG22-1)) -> 1546.9572
A5: Imports | C5: =C54 -> 0 | D5: =D54 -> 0 | E5: =E54 -> 0 | F5: =F54 -> 0 | G5: =G54 -> 0 | H5: =H54 -> 72.042 | I5: =I54 -> 100.337 | J5: =J54 -> 114.238 | ... AF5: =AF54 -> 112.491 | AG5: 85 | AH5: 100 | AI5: 100 | AJ5: 100 | AK5: 100 | AL5: 100 | AM5: 100 | AN5: 101 | AO5: 102 | AP5: 103 | AQ5: 104 | AR5: 105 | AS5: 106 | AT5: 107 | AU5: 108 | AV5: 109 | AW5: 100 | AX5: 100 | AY5: 100 | AZ5: 100 | BA5: 100 | BB5: 100 | BC5: 100 | BD5: 100 | BE5: 100 | BF5: 100 | BG5: 100 | BH5: 100
A6: Total Supply | W6: =SUM(W3:W5) -> 1010.832 | X6: =SUM(X3:X5) -> 1093.0752 | Y6: =SUM(Y3:Y5) -> 1108.766 | Z6: =SUM(Z3:Z5) -> 1073.5616 | AA6: =SUM(AA3:AA5) -> 1120.2289 | AB6: =SUM(AB3:AB5) -> 1120.1642 | AC6: =SUM(AC3:AC5) -> 1138.1124 | AD6: =SUM(AD3:AD5) -> 1094.3067 | ... BH6: =SUM(BH3:BH5) -> 1647.0751
A7: Domestic Use | W7: =W13-W12 -> 976.248 | X7: =X13-X12 -> 1062.7138 | Y7: =Y13-Y12 -> 1078.8962 | Z7: =Z13-Z12 -> 1044.1288 | AA7: =AA13-AA12 -> 1088.8496 | AB7: =AB13-AB12 -> 1085.1747 | AC7: =AC13-AC12 -> 1104.9466 | AD7: =AD13-AD12 -> 1090.6552 | ... BH7: =BH13-BH12 -> 1121.9597
A8: Biomas-Based Diesel | W8: =W9+W10+#REF! -> #REF! | X8: =X9+X10+#REF! -> #REF! | Y8: =Y9+Y10+#REF! -> #REF! | Z8: =Z9+Z10+#REF! -> #REF! | AA8: =AA9+AA10+#REF! -> #REF! | AB8: =AB9+AB10+#REF! -> #REF! | AC8: =AC9+AC10 -> 31.885639 | AD8: =AD9+AD10 -> 0.040800504 | AE8: =AE9+AE10 -> 0.063688096 | AF8: =AF9+AF10 -> 0.028106054 | AG8: =AG9+AG10 -> 0.020602397 | AH8: =AH9+AH10 -> 0.020573379 | AI8: =AI9+AI10 -> 0.060778612 | AJ8: =AJ9+AJ10 -> 0.072746782 | ... BH8: =BH9+BH10 -> 0.28049397
A9: Biodiesel | W9: =W176 -> 0 | X9: =X176 -> 29.068711 | Y9: =Y176 -> 30.011046 | Z9: =Z176 -> 29.553326 | AA9: =AA176 -> 30.451706 | AB9: =AB176 -> 31.297367 | AC9: =AC176 -> 31.885639 | AD9: =AD176 -> 0.040800504 | ... BH9: =BH176 -> 0.28049397
A10: Renewable Diesel/SAF | W10: =W251 -> 0 | X10: =X251 -> 0 | Y10: =Y251 -> 0 | Z10: =Z251 -> 0 | AA10: =AA251 -> 0 | AB10: =AB251 -> 0 | AC10: =AC251 -> 0 | AD10: =AD251 -> 0 | ... BH10: =BH251 -> 0
A11: Non-Biodiesel | W11: =W7-W8 -> #REF! | X11: =X7-X8 -> #REF! | Y11: =Y7-Y8 -> #REF! | Z11: =Z7-Z8 -> #REF! | AA11: =AA7-AA8 -> #REF! | AB11: =AB7-AB8 -> #REF! | AC11: =AC7-AC8 -> 1073.061 | AD11: =AD7-AD8 -> 1090.6144 | ... BH11: =BH7-BH8 -> 1121.6792
A12: Exports | C12: =C70 -> 0 | D12: =D70 -> 0 | E12: =E70 -> 0 | F12: =F70 -> 0 | G12: =G70 -> 0 | H12: =H70 -> 0.569 | I12: =I70 -> 8.287 | J12: =J70 -> 0.847 | ... AF12: =AF70 -> 10.13 | AG12: 15 | AH12: 20 | AI12: 50 | AJ12: 75 | AK12: 100 | AL12: 150 | AM12: 200 | AN12: 200 | AO12: 200 | AP12: 200 | AQ12: 250 | AR12: 250 | AS12: 275 | AT12: 275 | AU12: 300 | AV12: 325 | AW12: 325 | AX12: 350 | AY12: 375 | AZ12: 375 | BA12: 400 | BB12: 425 | BC12: 425 | BD12: 450 | BE12: 475 | BF12: 500 | BG12: 500 | BH12: 525
A13: Total Use | W13: =W6-W14 -> 983.292 | X13: =X6-X14 -> 1064.7448 | Y13: =Y6-Y14 -> 1079.5172 | Z13: =Z6-Z14 -> 1044.7588 | AA13: =AA6-AA14 -> 1090.5506 | AB13: =AB6-AB14 -> 1089.6617 | AC13: =AC6-AC14 -> 1107.0366 | AD13: =AD6-AD14 -> 1094.2622 | ... BH13: =BH6-BH14 -> 1646.9597
A14: Carryout (December 31) | W14: =W4*0.03 -> 27.54 | X14: =X4*0.03 -> 28.330416 | Y14: =Y4*0.03 -> 29.248817 | Z14: =Z4*0.03 -> 28.802722 | AA14: =AA4*0.03 -> 29.678285 | AB14: =AB4*0.03 -> 30.502467 | AC14: =AC4*0.03 -> 31.075798 | AD14: =AD178 -> 0.044489747 | AE14: =AE178 -> 0.043729663 | AF14: =AF178 -> 0.027630641 | AG14: =AG178 -> 0.02183463 | AH14: =AH178 -> 0.021045837 | AI14: =AI178 -> 0.1267318 | AJ14: =AJ178 -> 0.2139092 | AK14: =AK178 -> 0.15885466 | ... BH14: =BH178 -> 0.11537906
A18: Stocks-to-Usage
A19: Average Price (cents per pound)
A20: Bold Numbers are The Jacobsen Estimates and Forecasts
A22: GDP | V22: 1471342 | W22: 1505611 | X22: 1548823 | Y22: 1599032 | Z22: 1574644 | AA22: 1622511 | AB22: 1667569 | AC22: 1698913 | AD22: ='[3]Canadian GDP'!$B$3 -> 1610008 | AE22: ='[3]Canadian GDP'!$B$4 -> 1683116 | AF22: ='[3]Canadian GDP'!$B$5 -> 1737807 | AG22: ='[3]Canadian GDP'!$B$6 -> 1755761 | AH22: ='[3]Canadian GDP'!$B$7 -> 1779192 | AI22: ='[3]Canadian GDP'!$B$8 -> 1805879.9 | AJ22: ='[3]Canadian GDP'!$B$9 -> 1833886.9 | AK22: ='[3]Canadian GDP'!$B$10 -> 1861994.4 | AL22: ='[3]Canadian GDP'!$B$11 -> 1890198.6 | AM22: ='[3]Canadian GDP'!$B$12 -> 1918477.3 | AN22: ='[3]Canadian GDP'!$B$13 -> 1946823 | AO22: ='[3]Canadian GDP'!$B$14 -> 1975250.5 | AP22: ='[3]Canadian GDP'!$B$15 -> 2003756.2 | AQ22: ='[3]Canadian GDP'!$B$16 -> 2032311.2 | AR22: ='[3]Canadian GDP'!$B$17 -> 2060888.6 | AS22: ='[3]Canadian GDP'!$B$18 -> 2089488.2 | AT22: ='[3]Canadian GDP'!$B$19 -> 2118152.1 | AU22: ='[3]Canadian GDP'!$B$20 -> 2146929.5 | AV22: ='[3]Canadian GDP'!$B$21 -> 2175859.4 | AW22: ='[3]Canadian GDP'!$B$22 -> 2204971.7 | AX22: ='[3]Canadian GDP'!$B$23 -> 2234290.6 | AY22: ='[3]Canadian GDP'!$B$24 -> 2263841.1 | AZ22: ='[3]Canadian GDP'!$B$25 -> 2293610.2 | BA22: ='[3]Canadian GDP'!$B$26 -> 2323551.5 | BB22: ='[3]Canadian GDP'!$B$27 -> 2353612.7 | BC22: ='[3]Canadian GDP'!$B$28 -> 2383773.6 | BD22: ='[3]Canadian GDP'!$B$29 -> 2414079.5 | BE22: ='[3]Canadian GDP'!$B$30 -> 2444551.1 | BF22: ='[3]Canadian GDP'!$B$31 -> 2475204.1 | BG22: ='[3]Canadian GDP'!$B$32 -> 2506060.9 | BH22: ='[3]Canadian GDP'!$B$33 -> 2537163.2
A24: USED COOKING OIL PRODUCTION (000 tonnes)
B25: =B2 -> 1992 | C25: =C2 -> 1993 | D25: =D2 -> 1994 | E25: =E2 -> 1995 | F25: =F2 -> 1996 | G25: =G2 -> 1997 | H25: =H2 -> 1998 | I25: =I2 -> 1999 | ... BH25: =BH2 -> 2050
A26: January | W26: =W$38*$CA26 -> 75.389928 | X26: =X$38*$CA26 -> 77.553667 | Y26: =Y$38*$CA26 -> 80.067765 | Z26: =Z$38*$CA26 -> 78.846593 | AA26: =AA$38*$CA26 -> 81.24342 | AB26: =AB$38*$CA26 -> 83.499594 | AC26: =AC$38*$CA26 -> 85.069071 | AD26: =AD$38*$CA26 -> 80.617362 | ... BH26: =BH$38*$CA26 -> 127.04248 | CA26: 0.082124104
A27: February | W27: =W$38*$CA27 -> 73.787202 | X27: =X$38*$CA27 -> 75.904942 | Y27: =Y$38*$CA27 -> 78.365592 | Z27: =Z$38*$CA27 -> 77.170381 | AA27: =AA$38*$CA27 -> 79.516254 | AB27: =AB$38*$CA27 -> 81.724463 | AC27: =AC$38*$CA27 -> 83.260575 | AD27: =AD$38*$CA27 -> 78.903505 | ... BH27: =BH$38*$CA27 -> 124.34166 | CA27: 0.080378216
A28: March | W28: =W$38*$CA28 -> 78.960751 | X28: =X$38*$CA28 -> 81.226975 | Y28: =Y$38*$CA28 -> 83.860152 | Z28: =Z$38*$CA28 -> 82.58114 | AA28: =AA$38*$CA28 -> 85.091492 | AB28: =AB$38*$CA28 -> 87.454529 | AC28: =AC$38*$CA28 -> 89.098343 | AD28: =AD$38*$CA28 -> 84.435781 | ... BH28: =BH$38*$CA28 -> 133.05981 | CA28: 0.08601389
A29: April | W29: =W$38*$CA29 -> 72.193662 | X29: =X$38*$CA29 -> 74.265666 | Y29: =Y$38*$CA29 -> 76.673175 | Z29: =Z$38*$CA29 -> 75.503777 | AA29: =AA$38*$CA29 -> 77.798987 | AB29: =AB$38*$CA29 -> 79.959507 | AC29: =AC$38*$CA29 -> 81.462443 | AD29: =AD$38*$CA29 -> 77.199471 | ... BH29: =BH$38*$CA29 -> 121.65633 | CA29: 0.078642333
A30: May | W30: =W$38*$CA30 -> 70.892156 | X30: =X$38*$CA30 -> 72.926806 | Y30: =Y$38*$CA30 -> 75.290912 | Z30: =Z$38*$CA30 -> 74.142596 | AA30: =AA$38*$CA30 -> 76.396428 | AB30: =AB$38*$CA30 -> 78.517998 | AC30: =AC$38*$CA30 -> 79.99384 | AD30: =AD$38*$CA30 -> 75.80772 | ... BH30: =BH$38*$CA30 -> 119.46311 | CA30: 0.07722457
A31: June | W31: =W$38*$CA31 -> 79.918465 | X31: =X$38*$CA31 -> 82.212176 | Y31: =Y$38*$CA31 -> 84.877291 | Z31: =Z$38*$CA31 -> 83.582766 | AA31: =AA$38*$CA31 -> 86.123566 | AB31: =AB$38*$CA31 -> 88.515264 | AC31: =AC$38*$CA31 -> 90.179017 | AD31: =AD$38*$CA31 -> 85.459902 | ... BH31: =BH$38*$CA31 -> 134.67369 | CA31: 0.087057151
A32: July | W32: =W$38*$CA32 -> 74.791481 | X32: =X$38*$CA32 -> 76.938045 | Y32: =Y$38*$CA32 -> 79.432185 | Z32: =Z$38*$CA32 -> 78.220707 | AA32: =AA$38*$CA32 -> 80.598508 | AB32: =AB$38*$CA32 -> 82.836772 | AC32: =AC$38*$CA32 -> 84.393791 | AD32: =AD$38*$CA32 -> 79.97742 | ... BH32: =BH$38*$CA32 -> 126.03401 | CA32: 0.081472202
A33: August | W33: =W$38*$CA33 -> 78.064915 | X33: =X$38*$CA33 -> 80.305428 | Y33: =Y$38*$CA33 -> 82.908731 | Z33: =Z$38*$CA33 -> 81.64423 | AA33: =AA$38*$CA33 -> 84.126101 | AB33: =AB$38*$CA33 -> 86.462328 | AC33: =AC$38*$CA33 -> 88.087494 | AD33: =AD$38*$CA33 -> 83.477829 | ... BH33: =BH$38*$CA33 -> 131.5502 | CA33: 0.085038034
A34: September | W34: =W$38*$CA34 -> 79.813795 | X34: =X$38*$CA34 -> 82.104502 | Y34: =Y$38*$CA34 -> 84.766126 | Z34: =Z$38*$CA34 -> 83.473297 | AA34: =AA$38*$CA34 -> 86.010769 | AB34: =AB$38*$CA34 -> 88.399335 | AC34: =AC$38*$CA34 -> 90.060908 | AD34: =AD$38*$CA34 -> 85.347974 | ... BH34: =BH$38*$CA34 -> 134.49731 | CA34: 0.086943132
A35: October | W35: =W$38*$CA35 -> 78.493602 | X35: =X$38*$CA35 -> 80.746419 | Y35: =Y$38*$CA35 -> 83.364018 | Z35: =Z$38*$CA35 -> 82.092572 | AA35: =AA$38*$CA35 -> 84.588073 | AB35: =AB$38*$CA35 -> 86.937129 | AC35: =AC$38*$CA35 -> 88.571219 | AD35: =AD$38*$CA35 -> 83.936241 | ... BH35: =BH$38*$CA35 -> 132.2726 | CA35: 0.085505014
A36: November | W36: =W$38*$CA36 -> 78.584785 | X36: =X$38*$CA36 -> 80.840219 | Y36: =Y$38*$CA36 -> 83.460858 | Z36: =Z$38*$CA36 -> 82.187936 | AA36: =AA$38*$CA36 -> 84.686335 | AB36: =AB$38*$CA36 -> 87.03812 | AC36: =AC$38*$CA36 -> 88.674108 | AD36: =AD$38*$CA36 -> 84.033746 | ... BH36: =BH$38*$CA36 -> 132.42626 | CA36: 0.085604341
A37: December | W37: =W$38*$CA37 -> 77.109258 | X37: =X$38*$CA37 -> 79.322343 | Y37: =Y$38*$CA37 -> 81.893776 | Z37: =Z$38*$CA37 -> 80.644755 | AA37: =AA$38*$CA37 -> 83.096244 | AB37: =AB$38*$CA37 -> 85.403871 | AC37: =AC$38*$CA37 -> 87.009141 | AD37: =AD$38*$CA37 -> 82.455908 | ... BH37: =BH$38*$CA37 -> 129.93979 | CA37: 0.083997013
A38: Total | W38: =W4 -> 918 | X38: =X4 -> 944.34719 | Y38: =Y4 -> 974.96058 | Z38: =Z4 -> 960.09075 | AA38: =AA4 -> 989.27618 | AB38: =AB4 -> 1016.7489 | AC38: =AC4 -> 1035.8599 | AD38: =AD4 -> 981.65286 | ... BH38: =BH4 -> 1546.9572
A40: USED COOKING OIL IMPORTS (tonnes)
B41: =B2 -> 1992 | C41: =C2 -> 1993 | D41: =D2 -> 1994 | E41: =E2 -> 1995 | F41: =F2 -> 1996 | G41: =G2 -> 1997 | H41: =H2 -> 1998 | I41: =I2 -> 1999 | ... BH41: =BH2 -> 2050
A42: January | D42: ='[1]Mexico YG-UCO Imports'!AW$290/1000 -> 0 | E42: ='[1]Mexico YG-UCO Imports'!BI$290/1000 -> 0 | F42: ='[1]Mexico YG-UCO Imports'!BU$290/1000 -> 0 | G42: ='[1]Mexico YG-UCO Imports'!CG$290/1000 -> 0 | H42: ='[1]Mexico YG-UCO Imports'!CS$290/1000 -> 4.906 | I42: ='[1]Mexico YG-UCO Imports'!DE$290/1000 -> 7.456 | J42: ='[1]Mexico YG-UCO Imports'!DQ$290/1000 -> 9.354 | K42: ='[1]Mexico YG-UCO Imports'!EC$290/1000 -> 7.887 | L42: ='[1]Mexico YG-UCO Imports'!EO$290/1000 -> 11.712 | M42: ='[1]Mexico YG-UCO Imports'!FA$290/1000 -> 9.523 | N42: ='[1]Mexico YG-UCO Imports'!FM$290/1000 -> 14.452 | O42: ='[1]Mexico YG-UCO Imports'!FY$290/1000 -> 12.774 | P42: ='[1]Mexico YG-UCO Imports'!GK$290/1000 -> 11.494 | Q42: ='[1]Mexico YG-UCO Imports'!GW$290/1000 -> 5.811 | R42: ='[1]Mexico YG-UCO Imports'!HI$290/1000 -> 29.658 | S42: ='[1]Mexico YG-UCO Imports'!HU$290/1000 -> 13.452 | T42: ='[1]Mexico YG-UCO Imports'!IG$290/1000 -> 12.376 | U42: ='[1]Mexico YG-UCO Imports'!IS$290/1000 -> 11.859 | V42: ='[1]Mexico YG-UCO Imports'!JE$290/1000 -> 9.957 | W42: ='[1]Mexico YG-UCO Imports'!JQ$290/1000 -> 6.578 | X42: ='[1]Mexico YG-UCO Imports'!KC$290/1000 -> 12.143 | Y42: ='[1]Mexico YG-UCO Imports'!KO$290/1000 -> 12.807 | Z42: ='[1]Mexico YG-UCO Imports'!LA$290/1000 -> 7.615 | AA42: ='[1]Mexico YG-UCO Imports'!LM$290/1000 -> 8.586 | AB42: ='[1]Mexico YG-UCO Imports'!LY$290/1000 -> 10.994 | AC42: ='[1]Mexico YG-UCO Imports'!MK$290/1000 -> 6.394 | AD42: ='[1]Mexico YG-UCO Imports'!MW$290/1000 -> 6.819 | AE42: ='[1]Mexico YG-UCO Imports'!NI$290/1000 -> 7.11 | AF42: ='[1]Mexico YG-UCO Imports'!NU$290/1000 -> 9.232 | AG42: ='[1]Mexico YG-UCO Imports'!OG$290/1000 -> 7.876 | AH42: ='[1]Mexico YG-UCO Imports'!OS$290/1000 -> 6.331 | AI42: =(SUM(AD42:AH42)/SUM(AD$54:AH$54))*AI$54 -> 7.9524487 | AJ42: =(SUM(AE42:AI42)/SUM(AE$54:AI$54))*AJ$54 -> 7.8845517 | AK42: =(SUM(AF42:AJ42)/SUM(AF$54:AJ$54))*AK$54 -> 8.2783566 | AL42: =(SUM(AG42:AK42)/SUM(AG$54:AK$54))*AL$54 -> 8.2957623 | AM42: =(SUM(AH42:AL42)/SUM(AH$54:AL$54))*AM$54 -> 8.1424193 | AN42: =(SUM(AI42:AM42)/SUM(AI$54:AM$54))*AN$54 -> 8.1918148 | AO42: =(SUM(AJ42:AN42)/SUM(AJ$54:AN$54))*AO$54 -> 8.3051423 | AP42: =(SUM(AK42:AO42)/SUM(AK$54:AO$54))*AP$54 -> 8.439344 | ... BH42: =(SUM(BC42:BG42)/SUM(BC$54:BG$54))*BH$54 -> 8.1634704
A43: February | D43: ='[1]Mexico YG-UCO Imports'!AX$290/1000 -> 0 | E43: ='[1]Mexico YG-UCO Imports'!BJ$290/1000 -> 0 | F43: ='[1]Mexico YG-UCO Imports'!BV$290/1000 -> 0 | G43: ='[1]Mexico YG-UCO Imports'!CH$290/1000 -> 0 | H43: ='[1]Mexico YG-UCO Imports'!CT$290/1000 -> 4.038 | I43: ='[1]Mexico YG-UCO Imports'!DF$290/1000 -> 7.809 | J43: ='[1]Mexico YG-UCO Imports'!DR$290/1000 -> 8.79 | K43: ='[1]Mexico YG-UCO Imports'!ED$290/1000 -> 8.288 | L43: ='[1]Mexico YG-UCO Imports'!EP$290/1000 -> 11.488 | M43: ='[1]Mexico YG-UCO Imports'!FB$290/1000 -> 5.385 | N43: ='[1]Mexico YG-UCO Imports'!FN$290/1000 -> 12.789 | O43: ='[1]Mexico YG-UCO Imports'!FZ$290/1000 -> 11.191 | P43: ='[1]Mexico YG-UCO Imports'!GL$290/1000 -> 6.61 | Q43: ='[1]Mexico YG-UCO Imports'!GX$290/1000 -> 8.728 | R43: ='[1]Mexico YG-UCO Imports'!HJ$290/1000 -> 12.538 | S43: ='[1]Mexico YG-UCO Imports'!HV$290/1000 -> 13.249 | T43: ='[1]Mexico YG-UCO Imports'!IH$290/1000 -> 14.315 | U43: ='[1]Mexico YG-UCO Imports'!IT$290/1000 -> 9.737 | V43: ='[1]Mexico YG-UCO Imports'!JF$290/1000 -> 10.115 | W43: ='[1]Mexico YG-UCO Imports'!JR$290/1000 -> 7.297 | X43: ='[1]Mexico YG-UCO Imports'!KD$290/1000 -> 8.851 | Y43: ='[1]Mexico YG-UCO Imports'!KP$290/1000 -> 10.601 | Z43: ='[1]Mexico YG-UCO Imports'!LB$290/1000 -> 9.95 | AA43: ='[1]Mexico YG-UCO Imports'!LN$290/1000 -> 7.579 | AB43: ='[1]Mexico YG-UCO Imports'!LZ$290/1000 -> 7.317 | AC43: ='[1]Mexico YG-UCO Imports'!ML$290/1000 -> 4.709 | AD43: ='[1]Mexico YG-UCO Imports'!MX$290/1000 -> 7.083 | AE43: ='[1]Mexico YG-UCO Imports'!NJ$290/1000 -> 6.678 | AF43: ='[1]Mexico YG-UCO Imports'!NV$290/1000 -> 8.035 | AG43: ='[1]Mexico YG-UCO Imports'!OH$290/1000 -> 7.983 | AH43: ='[1]Mexico YG-UCO Imports'!OT$290/1000 -> 7.24 | AI43: =(SUM(AD43:AH43)/SUM(AD$54:AH$54))*AI$54 -> 7.8781765 | AJ43: =(SUM(AE43:AI43)/SUM(AE$54:AI$54))*AJ$54 -> 7.7438081 | AK43: =(SUM(AF43:AJ43)/SUM(AF$54:AJ$54))*AK$54 -> 8.1948868 | AL43: =(SUM(AG43:AK43)/SUM(AG$54:AK$54))*AL$54 -> 8.4510849 | AM43: =(SUM(AH43:AL43)/SUM(AH$54:AL$54))*AM$54 -> 8.303375 | AN43: =(SUM(AI43:AM43)/SUM(AI$54:AM$54))*AN$54 -> 8.1954089 | AO43: =(SUM(AJ43:AN43)/SUM(AJ$54:AN$54))*AO$54 -> 8.3246178 | AP43: =(SUM(AK43:AO43)/SUM(AK$54:AO$54))*AP$54 -> 8.4917405 | ... BH43: =(SUM(BC43:BG43)/SUM(BC$54:BG$54))*BH$54 -> 8.2179328
A44: March | D44: ='[1]Mexico YG-UCO Imports'!AY$290/1000 -> 0 | E44: ='[1]Mexico YG-UCO Imports'!BK$290/1000 -> 0 | F44: ='[1]Mexico YG-UCO Imports'!BW$290/1000 -> 0 | G44: ='[1]Mexico YG-UCO Imports'!CI$290/1000 -> 0 | H44: ='[1]Mexico YG-UCO Imports'!CU$290/1000 -> 7.06 | I44: ='[1]Mexico YG-UCO Imports'!DG$290/1000 -> 9.019 | J44: ='[1]Mexico YG-UCO Imports'!DS$290/1000 -> 8.461 | K44: ='[1]Mexico YG-UCO Imports'!EE$290/1000 -> 6.683 | L44: ='[1]Mexico YG-UCO Imports'!EQ$290/1000 -> 9.519 | M44: ='[1]Mexico YG-UCO Imports'!FC$290/1000 -> 7.558 | N44: ='[1]Mexico YG-UCO Imports'!FO$290/1000 -> 17.388 | O44: ='[1]Mexico YG-UCO Imports'!GA$290/1000 -> 10.483 | P44: ='[1]Mexico YG-UCO Imports'!GM$290/1000 -> 8.962 | Q44: ='[1]Mexico YG-UCO Imports'!GY$290/1000 -> 5.764 | R44: ='[1]Mexico YG-UCO Imports'!HK$290/1000 -> 11.449 | S44: ='[1]Mexico YG-UCO Imports'!HW$290/1000 -> 13.479 | T44: ='[1]Mexico YG-UCO Imports'!II$290/1000 -> 16.214 | U44: ='[1]Mexico YG-UCO Imports'!IU$290/1000 -> 12.053 | V44: ='[1]Mexico YG-UCO Imports'!JG$290/1000 -> 5.423 | W44: ='[1]Mexico YG-UCO Imports'!JS$290/1000 -> 6.311 | X44: ='[1]Mexico YG-UCO Imports'!KE$290/1000 -> 7.734 | Y44: ='[1]Mexico YG-UCO Imports'!KQ$290/1000 -> 7.98 | Z44: ='[1]Mexico YG-UCO Imports'!LC$290/1000 -> 6.918 | AA44: ='[1]Mexico YG-UCO Imports'!LO$290/1000 -> 10.561 | AB44: ='[1]Mexico YG-UCO Imports'!MA$290/1000 -> 8.542 | AC44: ='[1]Mexico YG-UCO Imports'!MM$290/1000 -> 5.051 | AD44: ='[1]Mexico YG-UCO Imports'!MY$290/1000 -> 7.071 | AE44: ='[1]Mexico YG-UCO Imports'!NK$290/1000 -> 8.343 | AF44: ='[1]Mexico YG-UCO Imports'!NW$290/1000 -> 10.12 | AG44: ='[1]Mexico YG-UCO Imports'!OI$290/1000 -> 7.58 | AH44: ='[1]Mexico YG-UCO Imports'!OU$290/1000 -> 6.889 | AI44: =(SUM(AD44:AH44)/SUM(AD$54:AH$54))*AI$54 -> 8.5132147 | AJ44: =(SUM(AE44:AI44)/SUM(AE$54:AI$54))*AJ$54 -> 8.4873933 | AK44: =(SUM(AF44:AJ44)/SUM(AF$54:AJ$54))*AK$54 -> 8.7660047 | AL44: =(SUM(AG44:AK44)/SUM(AG$54:AK$54))*AL$54 -> 8.7099309 | AM44: =(SUM(AH44:AL44)/SUM(AH$54:AL$54))*AM$54 -> 8.6937835 | AN44: =(SUM(AI44:AM44)/SUM(AI$54:AM$54))*AN$54 -> 8.7204061 | AO44: =(SUM(AJ44:AN44)/SUM(AJ$54:AN$54))*AO$54 -> 8.8313511 | AP44: =(SUM(AK44:AO44)/SUM(AK$54:AO$54))*AP$54 -> 8.9529067 | ... BH44: =(SUM(BC44:BG44)/SUM(BC$54:BG$54))*BH$54 -> 8.6729426
A45: April | D45: ='[1]Mexico YG-UCO Imports'!AZ$290/1000 -> 0 | E45: ='[1]Mexico YG-UCO Imports'!BL$290/1000 -> 0 | F45: ='[1]Mexico YG-UCO Imports'!BX$290/1000 -> 0 | G45: ='[1]Mexico YG-UCO Imports'!CJ$290/1000 -> 0 | H45: ='[1]Mexico YG-UCO Imports'!CV$290/1000 -> 6.25 | I45: ='[1]Mexico YG-UCO Imports'!DH$290/1000 -> 5.602 | J45: ='[1]Mexico YG-UCO Imports'!DT$290/1000 -> 9.404 | K45: ='[1]Mexico YG-UCO Imports'!EF$290/1000 -> 9.518 | L45: ='[1]Mexico YG-UCO Imports'!ER$290/1000 -> 10.071 | M45: ='[1]Mexico YG-UCO Imports'!FD$290/1000 -> 10.923 | N45: ='[1]Mexico YG-UCO Imports'!FP$290/1000 -> 14.052 | O45: ='[1]Mexico YG-UCO Imports'!GB$290/1000 -> 9.379 | P45: ='[1]Mexico YG-UCO Imports'!GN$290/1000 -> 8.72 | Q45: ='[1]Mexico YG-UCO Imports'!GZ$290/1000 -> 7.58 | R45: ='[1]Mexico YG-UCO Imports'!HL$290/1000 -> 9.171 | S45: ='[1]Mexico YG-UCO Imports'!HX$290/1000 -> 16.96 | T45: ='[1]Mexico YG-UCO Imports'!IJ$290/1000 -> 12.998 | U45: ='[1]Mexico YG-UCO Imports'!IV$290/1000 -> 9.141 | V45: ='[1]Mexico YG-UCO Imports'!JH$290/1000 -> 10.709 | W45: ='[1]Mexico YG-UCO Imports'!JT$290/1000 -> 7.765 | X45: ='[1]Mexico YG-UCO Imports'!KF$290/1000 -> 8.675 | Y45: ='[1]Mexico YG-UCO Imports'!KR$290/1000 -> 8.348 | Z45: ='[1]Mexico YG-UCO Imports'!LD$290/1000 -> 3.795 | AA45: ='[1]Mexico YG-UCO Imports'!LP$290/1000 -> 7.599 | AB45: ='[1]Mexico YG-UCO Imports'!MB$290/1000 -> 5.829 | AC45: ='[1]Mexico YG-UCO Imports'!MN$290/1000 -> 5.271 | AD45: ='[1]Mexico YG-UCO Imports'!MZ$290/1000 -> 7.46 | AE45: ='[1]Mexico YG-UCO Imports'!NL$290/1000 -> 8.323 | AF45: ='[1]Mexico YG-UCO Imports'!NX$290/1000 -> 9.239 | AG45: ='[1]Mexico YG-UCO Imports'!OJ$290/1000 -> 5.599 | AH45: ='[1]Mexico YG-UCO Imports'!OV$290/1000 -> 6.364 | AI45: =(SUM(AD45:AH45)/SUM(AD$54:AH$54))*AI$54 -> 7.8709408 | AJ45: =(SUM(AE45:AI45)/SUM(AE$54:AI$54))*AJ$54 -> 7.6581594 | AK45: =(SUM(AF45:AJ45)/SUM(AF$54:AJ$54))*AK$54 -> 7.741958 | AL45: =(SUM(AG45:AK45)/SUM(AG$54:AK$54))*AL$54 -> 7.6272285 | AM45: =(SUM(AH45:AL45)/SUM(AH$54:AL$54))*AM$54 -> 7.8314033 | AN45: =(SUM(AI45:AM45)/SUM(AI$54:AM$54))*AN$54 -> 7.8233974 | AO45: =(SUM(AJ45:AN45)/SUM(AJ$54:AN$54))*AO$54 -> 7.875407 | AP45: =(SUM(AK45:AO45)/SUM(AK$54:AO$54))*AP$54 -> 7.9654823 | ... BH45: =(SUM(BC45:BG45)/SUM(BC$54:BG$54))*BH$54 -> 7.7384624
A46: May | D46: ='[1]Mexico YG-UCO Imports'!BA$290/1000 -> 0 | E46: ='[1]Mexico YG-UCO Imports'!BM$290/1000 -> 0 | F46: ='[1]Mexico YG-UCO Imports'!BY$290/1000 -> 0 | G46: ='[1]Mexico YG-UCO Imports'!CK$290/1000 -> 0 | H46: ='[1]Mexico YG-UCO Imports'!CW$290/1000 -> 4.181 | I46: ='[1]Mexico YG-UCO Imports'!DI$290/1000 -> 8.264 | J46: ='[1]Mexico YG-UCO Imports'!DU$290/1000 -> 8.847 | K46: ='[1]Mexico YG-UCO Imports'!EG$290/1000 -> 7.044 | L46: ='[1]Mexico YG-UCO Imports'!ES$290/1000 -> 12.573 | M46: ='[1]Mexico YG-UCO Imports'!FE$290/1000 -> 11.016 | N46: ='[1]Mexico YG-UCO Imports'!FQ$290/1000 -> 10.271 | O46: ='[1]Mexico YG-UCO Imports'!GC$290/1000 -> 7.9 | P46: ='[1]Mexico YG-UCO Imports'!GO$290/1000 -> 14.101 | Q46: ='[1]Mexico YG-UCO Imports'!HA$290/1000 -> 9.092 | R46: ='[1]Mexico YG-UCO Imports'!HM$290/1000 -> 11.412 | S46: ='[1]Mexico YG-UCO Imports'!HY$290/1000 -> 11.113 | T46: ='[1]Mexico YG-UCO Imports'!IK$290/1000 -> 14.626 | U46: ='[1]Mexico YG-UCO Imports'!IW$290/1000 -> 10.426 | V46: ='[1]Mexico YG-UCO Imports'!JI$290/1000 -> 7.239 | W46: ='[1]Mexico YG-UCO Imports'!JU$290/1000 -> 8.195 | X46: ='[1]Mexico YG-UCO Imports'!KG$290/1000 -> 7.665 | Y46: ='[1]Mexico YG-UCO Imports'!KS$290/1000 -> 6.421 | Z46: ='[1]Mexico YG-UCO Imports'!LE$290/1000 -> 3.81 | AA46: ='[1]Mexico YG-UCO Imports'!LQ$290/1000 -> 9.397 | AB46: ='[1]Mexico YG-UCO Imports'!MC$290/1000 -> 6.019 | AC46: ='[1]Mexico YG-UCO Imports'!MO$290/1000 -> 5.758 | AD46: ='[1]Mexico YG-UCO Imports'!NA$290/1000 -> 5.434 | AE46: ='[1]Mexico YG-UCO Imports'!NM$290/1000 -> 9.217 | AF46: ='[1]Mexico YG-UCO Imports'!NY$290/1000 -> 8.82 | AG46: ='[1]Mexico YG-UCO Imports'!OK$290/1000 -> 6.858 | AH46: ='[1]Mexico YG-UCO Imports'!OW$290/1000 -> 7.78 | AI46: =(SUM(AD46:AH46)/SUM(AD$54:AH$54))*AI$54 -> 8.1101442 | AJ46: =(SUM(AE46:AI46)/SUM(AE$54:AI$54))*AJ$54 -> 8.3522202 | AK46: =(SUM(AF46:AJ46)/SUM(AF$54:AJ$54))*AK$54 -> 8.4141717 | AL46: =(SUM(AG46:AK46)/SUM(AG$54:AK$54))*AL$54 -> 8.5538371 | AM46: =(SUM(AH46:AL46)/SUM(AH$54:AL$54))*AM$54 -> 8.6611714 | AN46: =(SUM(AI46:AM46)/SUM(AI$54:AM$54))*AN$54 -> 8.502492 | AO46: =(SUM(AJ46:AN46)/SUM(AJ$54:AN$54))*AO$54 -> 8.6494152 | AP46: =(SUM(AK46:AO46)/SUM(AK$54:AO$54))*AP$54 -> 8.760342 | ... BH46: =(SUM(BC46:BG46)/SUM(BC$54:BG$54))*BH$54 -> 8.5049637
A47: June | D47: ='[1]Mexico YG-UCO Imports'!BB$290/1000 -> 0 | E47: ='[1]Mexico YG-UCO Imports'!BN$290/1000 -> 0 | F47: ='[1]Mexico YG-UCO Imports'!BZ$290/1000 -> 0 | G47: ='[1]Mexico YG-UCO Imports'!CL$290/1000 -> 0 | H47: ='[1]Mexico YG-UCO Imports'!CX$290/1000 -> 5.415 | I47: ='[1]Mexico YG-UCO Imports'!DJ$290/1000 -> 6.833 | J47: ='[1]Mexico YG-UCO Imports'!DV$290/1000 -> 6.351 | K47: ='[1]Mexico YG-UCO Imports'!EH$290/1000 -> 5.488 | L47: ='[1]Mexico YG-UCO Imports'!ET$290/1000 -> 6.187 | M47: ='[1]Mexico YG-UCO Imports'!FF$290/1000 -> 5.447 | N47: ='[1]Mexico YG-UCO Imports'!FR$290/1000 -> 13.272 | O47: ='[1]Mexico YG-UCO Imports'!GD$290/1000 -> 8.286 | P47: ='[1]Mexico YG-UCO Imports'!GP$290/1000 -> 10.791 | Q47: ='[1]Mexico YG-UCO Imports'!HB$290/1000 -> 12.635 | R47: ='[1]Mexico YG-UCO Imports'!HN$290/1000 -> 12.354 | S47: ='[1]Mexico YG-UCO Imports'!HZ$290/1000 -> 17.692 | T47: ='[1]Mexico YG-UCO Imports'!IL$290/1000 -> 11.853 | U47: ='[1]Mexico YG-UCO Imports'!IX$290/1000 -> 9.361 | V47: ='[1]Mexico YG-UCO Imports'!JJ$290/1000 -> 8.571 | W47: ='[1]Mexico YG-UCO Imports'!JV$290/1000 -> 5.155 | X47: ='[1]Mexico YG-UCO Imports'!KH$290/1000 -> 5.06 | Y47: ='[1]Mexico YG-UCO Imports'!KT$290/1000 -> 8.043 | Z47: ='[1]Mexico YG-UCO Imports'!LF$290/1000 -> 3.889 | AA47: ='[1]Mexico YG-UCO Imports'!LR$290/1000 -> 7.727 | AB47: ='[1]Mexico YG-UCO Imports'!MD$290/1000 -> 5.771 | AC47: ='[1]Mexico YG-UCO Imports'!MP$290/1000 -> 5.006 | AD47: ='[1]Mexico YG-UCO Imports'!NB$290/1000 -> 6.192 | AE47: ='[1]Mexico YG-UCO Imports'!NN$290/1000 -> 9.472 | AF47: ='[1]Mexico YG-UCO Imports'!NZ$290/1000 -> 9.465 | AG47: ='[1]Mexico YG-UCO Imports'!OL$290/1000 -> 8.416 | AH47: ='[1]Mexico YG-UCO Imports'!OX$290/1000 -> 5.713 | AI47: =(SUM(AD47:AH47)/SUM(AD$54:AH$54))*AI$54 -> 8.354668 | AJ47: =(SUM(AE47:AI47)/SUM(AE$54:AI$54))*AJ$54 -> 8.4823665 | AK47: =(SUM(AF47:AJ47)/SUM(AF$54:AJ$54))*AK$54 -> 8.5218076 | AL47: =(SUM(AG47:AK47)/SUM(AG$54:AK$54))*AL$54 -> 8.5480586 | AM47: =(SUM(AH47:AL47)/SUM(AH$54:AL$54))*AM$54 -> 8.3269023 | AN47: =(SUM(AI47:AM47)/SUM(AI$54:AM$54))*AN$54 -> 8.5312282 | AO47: =(SUM(AJ47:AN47)/SUM(AJ$54:AN$54))*AO$54 -> 8.6344452 | AP47: =(SUM(AK47:AO47)/SUM(AK$54:AO$54))*AP$54 -> 8.7155696 | ... BH47: =(SUM(BC47:BG47)/SUM(BC$54:BG$54))*BH$54 -> 8.4476279
A48: July | D48: ='[1]Mexico YG-UCO Imports'!BC$290/1000 -> 0 | E48: ='[1]Mexico YG-UCO Imports'!BO$290/1000 -> 0 | F48: ='[1]Mexico YG-UCO Imports'!CA$290/1000 -> 0 | G48: ='[1]Mexico YG-UCO Imports'!CM$290/1000 -> 0 | H48: ='[1]Mexico YG-UCO Imports'!CY$290/1000 -> 5.959 | I48: ='[1]Mexico YG-UCO Imports'!DK$290/1000 -> 8.038 | J48: ='[1]Mexico YG-UCO Imports'!DW$290/1000 -> 9.406 | K48: ='[1]Mexico YG-UCO Imports'!EI$290/1000 -> 14.203 | L48: ='[1]Mexico YG-UCO Imports'!EU$290/1000 -> 9.456 | M48: ='[1]Mexico YG-UCO Imports'!FG$290/1000 -> 3.836 | N48: ='[1]Mexico YG-UCO Imports'!FS$290/1000 -> 13.454 | O48: ='[1]Mexico YG-UCO Imports'!GE$290/1000 -> 12.63 | P48: ='[1]Mexico YG-UCO Imports'!GQ$290/1000 -> 8.418 | Q48: ='[1]Mexico YG-UCO Imports'!HC$290/1000 -> 13.077 | R48: ='[1]Mexico YG-UCO Imports'!HO$290/1000 -> 10.359 | S48: ='[1]Mexico YG-UCO Imports'!IA$290/1000 -> 14.32 | T48: ='[1]Mexico YG-UCO Imports'!IM$290/1000 -> 16.666 | U48: ='[1]Mexico YG-UCO Imports'!IY$290/1000 -> 9.909 | V48: ='[1]Mexico YG-UCO Imports'!JK$290/1000 -> 7.115 | W48: ='[1]Mexico YG-UCO Imports'!JW$290/1000 -> 7.67 | X48: ='[1]Mexico YG-UCO Imports'!KI$290/1000 -> 8.528 | Y48: ='[1]Mexico YG-UCO Imports'!KU$290/1000 -> 5.23 | Z48: ='[1]Mexico YG-UCO Imports'!LG$290/1000 -> 6.107 | AA48: ='[1]Mexico YG-UCO Imports'!LS$290/1000 -> 6.543 | AB48: ='[1]Mexico YG-UCO Imports'!ME$290/1000 -> 4.228 | AC48: ='[1]Mexico YG-UCO Imports'!MQ$290/1000 -> 5.66 | AD48: ='[1]Mexico YG-UCO Imports'!NC$290/1000 -> 6.672 | AE48: ='[1]Mexico YG-UCO Imports'!NO$290/1000 -> 9.637 | AF48: ='[1]Mexico YG-UCO Imports'!OA$290/1000 -> 10.8 | AG48: ='[1]Mexico YG-UCO Imports'!OM$290/1000 -> 6.511 | AH48: ='[1]Mexico YG-UCO Imports'!OY$290/1000 -> 6.455 | AI48: =(SUM(AD48:AH48)/SUM(AD$54:AH$54))*AI$54 -> 8.5285373 | AJ48: =(SUM(AE48:AI48)/SUM(AE$54:AI$54))*AJ$54 -> 8.5869853 | AK48: =(SUM(AF48:AJ48)/SUM(AF$54:AJ$54))*AK$54 -> 8.6167588 | AL48: =(SUM(AG48:AK48)/SUM(AG$54:AK$54))*AL$54 -> 8.3771399 | AM48: =(SUM(AH48:AL48)/SUM(AH$54:AL$54))*AM$54 -> 8.5254119 | AN48: =(SUM(AI48:AM48)/SUM(AI$54:AM$54))*AN$54 -> 8.6122363 | AO48: =(SUM(AJ48:AN48)/SUM(AJ$54:AN$54))*AO$54 -> 8.6971862 | AP48: =(SUM(AK48:AO48)/SUM(AK$54:AO$54))*AP$54 -> 8.7700984 | ... BH48: =(SUM(BC48:BG48)/SUM(BC$54:BG$54))*BH$54 -> 8.5125674
A49: August | D49: ='[1]Mexico YG-UCO Imports'!BD$290/1000 -> 0 | E49: ='[1]Mexico YG-UCO Imports'!BP$290/1000 -> 0 | F49: ='[1]Mexico YG-UCO Imports'!CB$290/1000 -> 0 | G49: ='[1]Mexico YG-UCO Imports'!CN$290/1000 -> 0 | H49: ='[1]Mexico YG-UCO Imports'!CZ$290/1000 -> 6.907 | I49: ='[1]Mexico YG-UCO Imports'!DL$290/1000 -> 9.112 | J49: ='[1]Mexico YG-UCO Imports'!DX$290/1000 -> 14.027 | K49: ='[1]Mexico YG-UCO Imports'!EJ$290/1000 -> 8.776 | L49: ='[1]Mexico YG-UCO Imports'!EV$290/1000 -> 14.887 | M49: ='[1]Mexico YG-UCO Imports'!FH$290/1000 -> 11.081 | N49: ='[1]Mexico YG-UCO Imports'!FT$290/1000 -> 13.556 | O49: ='[1]Mexico YG-UCO Imports'!GF$290/1000 -> 8.534 | P49: ='[1]Mexico YG-UCO Imports'!GR$290/1000 -> 9.365 | Q49: ='[1]Mexico YG-UCO Imports'!HD$290/1000 -> 12.017 | R49: ='[1]Mexico YG-UCO Imports'!HP$290/1000 -> 14.05 | S49: ='[1]Mexico YG-UCO Imports'!IB$290/1000 -> 13.872 | T49: ='[1]Mexico YG-UCO Imports'!IN$290/1000 -> 15.625 | U49: ='[1]Mexico YG-UCO Imports'!IZ$290/1000 -> 12.71 | V49: ='[1]Mexico YG-UCO Imports'!JL$290/1000 -> 8.345 | W49: ='[1]Mexico YG-UCO Imports'!JX$290/1000 -> 8.551 | X49: ='[1]Mexico YG-UCO Imports'!KJ$290/1000 -> 11.501 | Y49: ='[1]Mexico YG-UCO Imports'!KV$290/1000 -> 8.873 | Z49: ='[1]Mexico YG-UCO Imports'!LH$290/1000 -> 7.22 | AA49: ='[1]Mexico YG-UCO Imports'!LT$290/1000 -> 7.407 | AB49: ='[1]Mexico YG-UCO Imports'!MF$290/1000 -> 4.816 | AC49: ='[1]Mexico YG-UCO Imports'!MR$290/1000 -> 6.823 | AD49: ='[1]Mexico YG-UCO Imports'!ND$290/1000 -> 7.096 | AE49: ='[1]Mexico YG-UCO Imports'!NP$290/1000 -> 12.518 | AF49: ='[1]Mexico YG-UCO Imports'!OB$290/1000 -> 9.591 | AG49: ='[1]Mexico YG-UCO Imports'!ON$290/1000 -> 7.758 | AH49: ='[1]Mexico YG-UCO Imports'!OZ$290/1000 -> 7.302 | AI49: =(SUM(AD49:AH49)/SUM(AD$54:AH$54))*AI$54 -> 9.4202297 | AJ49: =(SUM(AE49:AI49)/SUM(AE$54:AI$54))*AJ$54 -> 9.5408148 | AK49: =(SUM(AF49:AJ49)/SUM(AF$54:AJ$54))*AK$54 -> 9.1922816 | AL49: =(SUM(AG49:AK49)/SUM(AG$54:AK$54))*AL$54 -> 9.3545259 | AM49: =(SUM(AH49:AL49)/SUM(AH$54:AL$54))*AM$54 -> 9.4176727 | AN49: =(SUM(AI49:AM49)/SUM(AI$54:AM$54))*AN$54 -> 9.478956 | AO49: =(SUM(AJ49:AN49)/SUM(AJ$54:AN$54))*AO$54 -> 9.5656559 | AP49: =(SUM(AK49:AO49)/SUM(AK$54:AO$54))*AP$54 -> 9.6261163 | ... BH49: =(SUM(BC49:BG49)/SUM(BC$54:BG$54))*BH$54 -> 9.3722675
A50: September | D50: ='[1]Mexico YG-UCO Imports'!BE$290/1000 -> 0 | E50: ='[1]Mexico YG-UCO Imports'!BQ$290/1000 -> 0 | F50: ='[1]Mexico YG-UCO Imports'!CC$290/1000 -> 0 | G50: ='[1]Mexico YG-UCO Imports'!CO$290/1000 -> 0 | H50: ='[1]Mexico YG-UCO Imports'!DA$290/1000 -> 7.011 | I50: ='[1]Mexico YG-UCO Imports'!DM$290/1000 -> 10.375 | J50: ='[1]Mexico YG-UCO Imports'!DY$290/1000 -> 8.222 | K50: ='[1]Mexico YG-UCO Imports'!EK$290/1000 -> 12.122 | L50: ='[1]Mexico YG-UCO Imports'!EW$290/1000 -> 12.814 | M50: ='[1]Mexico YG-UCO Imports'!FI$290/1000 -> 12.736 | N50: ='[1]Mexico YG-UCO Imports'!FU$290/1000 -> 15.26 | O50: ='[1]Mexico YG-UCO Imports'!GG$290/1000 -> 10.439 | P50: ='[1]Mexico YG-UCO Imports'!GS$290/1000 -> 9.683 | Q50: ='[1]Mexico YG-UCO Imports'!HE$290/1000 -> 14.603 | R50: ='[1]Mexico YG-UCO Imports'!HQ$290/1000 -> 11.528 | S50: ='[1]Mexico YG-UCO Imports'!IC$290/1000 -> 16.569 | T50: ='[1]Mexico YG-UCO Imports'!IO$290/1000 -> 13.432 | U50: ='[1]Mexico YG-UCO Imports'!JA$290/1000 -> 14.919 | V50: ='[1]Mexico YG-UCO Imports'!JM$290/1000 -> 12.967 | W50: ='[1]Mexico YG-UCO Imports'!JY$290/1000 -> 5.254 | X50: ='[1]Mexico YG-UCO Imports'!KK$290/1000 -> 12.583 | Y50: ='[1]Mexico YG-UCO Imports'!KW$290/1000 -> 9.099 | Z50: ='[1]Mexico YG-UCO Imports'!LI$290/1000 -> 10.064 | AA50: ='[1]Mexico YG-UCO Imports'!LU$290/1000 -> 8.551 | AB50: ='[1]Mexico YG-UCO Imports'!MG$290/1000 -> 3.914 | AC50: ='[1]Mexico YG-UCO Imports'!MS$290/1000 -> 5.967 | AD50: ='[1]Mexico YG-UCO Imports'!NE$290/1000 -> 5.938 | AE50: ='[1]Mexico YG-UCO Imports'!NQ$290/1000 -> 10.565 | AF50: ='[1]Mexico YG-UCO Imports'!OC$290/1000 -> 11.189 | AG50: ='[1]Mexico YG-UCO Imports'!OO$290/1000 -> 7.01 | AH50: ='[1]Mexico YG-UCO Imports'!PA$290/1000 -> 4.774 | AI50: =(SUM(AD50:AH50)/SUM(AD$54:AH$54))*AI$54 -> 8.4010615 | AJ50: =(SUM(AE50:AI50)/SUM(AE$54:AI$54))*AJ$54 -> 8.5885262 | AK50: =(SUM(AF50:AJ50)/SUM(AF$54:AJ$54))*AK$54 -> 8.4230712 | AL50: =(SUM(AG50:AK50)/SUM(AG$54:AK$54))*AL$54 -> 8.0520789 | AM50: =(SUM(AH50:AL50)/SUM(AH$54:AL$54))*AM$54 -> 8.0366237 | AN50: =(SUM(AI50:AM50)/SUM(AI$54:AM$54))*AN$54 -> 8.383275 | AO50: =(SUM(AJ50:AN50)/SUM(AJ$54:AN$54))*AO$54 -> 8.4457578 | AP50: =(SUM(AK50:AO50)/SUM(AK$54:AO$54))*AP$54 -> 8.4654137 | ... BH50: =(SUM(BC50:BG50)/SUM(BC$54:BG$54))*BH$54 -> 8.2162512
A51: October | C51: ='[1]Mexico YG-UCO Imports'!AT$290/1000 -> 0 | D51: ='[1]Mexico YG-UCO Imports'!BF$290/1000 -> 0 | E51: ='[1]Mexico YG-UCO Imports'!BR$290/1000 -> 0 | F51: ='[1]Mexico YG-UCO Imports'!CD$290/1000 -> 0 | G51: ='[1]Mexico YG-UCO Imports'!CP$290/1000 -> 0 | H51: ='[1]Mexico YG-UCO Imports'!DB$290/1000 -> 6.557 | I51: ='[1]Mexico YG-UCO Imports'!DN$290/1000 -> 8.491 | J51: ='[1]Mexico YG-UCO Imports'!DZ$290/1000 -> 12.535 | K51: ='[1]Mexico YG-UCO Imports'!EL$290/1000 -> 15.791 | L51: ='[1]Mexico YG-UCO Imports'!EX$290/1000 -> 6.833 | M51: ='[1]Mexico YG-UCO Imports'!FJ$290/1000 -> 14.304 | N51: ='[1]Mexico YG-UCO Imports'!FV$290/1000 -> 14.313 | O51: ='[1]Mexico YG-UCO Imports'!GH$290/1000 -> 8.669 | P51: ='[1]Mexico YG-UCO Imports'!GT$290/1000 -> 10.383 | Q51: ='[1]Mexico YG-UCO Imports'!HF$290/1000 -> 8.169 | R51: ='[1]Mexico YG-UCO Imports'!HR$290/1000 -> 13.533 | S51: ='[1]Mexico YG-UCO Imports'!ID$290/1000 -> 20.251 | T51: ='[1]Mexico YG-UCO Imports'!IP$290/1000 -> 15.223 | U51: ='[1]Mexico YG-UCO Imports'!JB$290/1000 -> 11.813 | V51: ='[1]Mexico YG-UCO Imports'!JN$290/1000 -> 15.318 | W51: ='[1]Mexico YG-UCO Imports'!JZ$290/1000 -> 11.452 | X51: ='[1]Mexico YG-UCO Imports'!KL$290/1000 -> 13.79 | Y51: ='[1]Mexico YG-UCO Imports'!KX$290/1000 -> 8.958 | Z51: ='[1]Mexico YG-UCO Imports'!LJ$290/1000 -> 9.875 | AA51: ='[1]Mexico YG-UCO Imports'!LV$290/1000 -> 8.522 | AB51: ='[1]Mexico YG-UCO Imports'!MH$290/1000 -> 5.044 | AC51: ='[1]Mexico YG-UCO Imports'!MT$290/1000 -> 7.774 | AD51: ='[1]Mexico YG-UCO Imports'!NF$290/1000 -> 6.828 | AE51: ='[1]Mexico YG-UCO Imports'!NR$290/1000 -> 11.245 | AF51: ='[1]Mexico YG-UCO Imports'!OD$290/1000 -> 9.236 | AG51: ='[1]Mexico YG-UCO Imports'!OP$290/1000 -> 6.935 | AH51: ='[1]Mexico YG-UCO Imports'!PB$290/1000 -> 5.506 | AI51: =(SUM(AD51:AH51)/SUM(AD$54:AH$54))*AI$54 -> 8.4593727 | AJ51: =(SUM(AE51:AI51)/SUM(AE$54:AI$54))*AJ$54 -> 8.4743194 | AK51: =(SUM(AF51:AJ51)/SUM(AF$54:AJ$54))*AK$54 -> 8.1381269 | AL51: =(SUM(AG51:AK51)/SUM(AG$54:AK$54))*AL$54 -> 8.120519 | AM51: =(SUM(AH51:AL51)/SUM(AH$54:AL$54))*AM$54 -> 8.1332177 | AN51: =(SUM(AI51:AM51)/SUM(AI$54:AM$54))*AN$54 -> 8.3477623 | AO51: =(SUM(AJ51:AN51)/SUM(AJ$54:AN$54))*AO$54 -> 8.3908631 | AP51: =(SUM(AK51:AO51)/SUM(AK$54:AO$54))*AP$54 -> 8.4223467 | ... BH51: =(SUM(BC51:BG51)/SUM(BC$54:BG$54))*BH$54 -> 8.1981505
A52: November | C52: ='[1]Mexico YG-UCO Imports'!AU$290/1000 -> 0 | D52: ='[1]Mexico YG-UCO Imports'!BG$290/1000 -> 0 | E52: ='[1]Mexico YG-UCO Imports'!BS$290/1000 -> 0 | F52: ='[1]Mexico YG-UCO Imports'!CE$290/1000 -> 0 | G52: ='[1]Mexico YG-UCO Imports'!CQ$290/1000 -> 0 | H52: ='[1]Mexico YG-UCO Imports'!DC$290/1000 -> 6.838 | I52: ='[1]Mexico YG-UCO Imports'!DO$290/1000 -> 8.323 | J52: ='[1]Mexico YG-UCO Imports'!EA$290/1000 -> 8.024 | K52: ='[1]Mexico YG-UCO Imports'!EM$290/1000 -> 11.911 | L52: ='[1]Mexico YG-UCO Imports'!EY$290/1000 -> 10.005 | M52: ='[1]Mexico YG-UCO Imports'!FK$290/1000 -> 10.489 | N52: ='[1]Mexico YG-UCO Imports'!FW$290/1000 -> 12.714 | O52: ='[1]Mexico YG-UCO Imports'!GI$290/1000 -> 12.147 | P52: ='[1]Mexico YG-UCO Imports'!GU$290/1000 -> 7.442 | Q52: ='[1]Mexico YG-UCO Imports'!HG$290/1000 -> 7.978 | R52: ='[1]Mexico YG-UCO Imports'!HS$290/1000 -> 10.924 | S52: ='[1]Mexico YG-UCO Imports'!IE$290/1000 -> 12.004 | T52: ='[1]Mexico YG-UCO Imports'!IQ$290/1000 -> 11.379 | U52: ='[1]Mexico YG-UCO Imports'!JC$290/1000 -> 12.019 | V52: ='[1]Mexico YG-UCO Imports'!JO$290/1000 -> 12.093 | W52: ='[1]Mexico YG-UCO Imports'!KA$290/1000 -> 9.757 | X52: ='[1]Mexico YG-UCO Imports'!KM$290/1000 -> 13.315 | Y52: ='[1]Mexico YG-UCO Imports'!KY$290/1000 -> 9.855 | Z52: ='[1]Mexico YG-UCO Imports'!LK$290/1000 -> 6.617 | AA52: ='[1]Mexico YG-UCO Imports'!LW$290/1000 -> 9.595 | AB52: ='[1]Mexico YG-UCO Imports'!MI$290/1000 -> 6.104 | AC52: ='[1]Mexico YG-UCO Imports'!MU$290/1000 -> 6.59 | AD52: ='[1]Mexico YG-UCO Imports'!NG$290/1000 -> 6.774 | AE52: ='[1]Mexico YG-UCO Imports'!NS$290/1000 -> 10.248 | AF52: ='[1]Mexico YG-UCO Imports'!OE$290/1000 -> 8.635 | AG52: ='[1]Mexico YG-UCO Imports'!OQ$290/1000 -> 6.34 | AH52: ='[1]Mexico YG-UCO Imports'!PC$290/1000 -> 4.751 | AI52: =(SUM(AD52:AH52)/SUM(AD$54:AH$54))*AI$54 -> 7.8205038 | AJ52: =(SUM(AE52:AI52)/SUM(AE$54:AI$54))*AJ$54 -> 7.7397794 | AK52: =(SUM(AF52:AJ52)/SUM(AF$54:AJ$54))*AK$54 -> 7.4374282 | AL52: =(SUM(AG52:AK52)/SUM(AG$54:AK$54))*AL$54 -> 7.3792916 | AM52: =(SUM(AH52:AL52)/SUM(AH$54:AL$54))*AM$54 -> 7.3828416 | AN52: =(SUM(AI52:AM52)/SUM(AI$54:AM$54))*AN$54 -> 7.6274886 | AO52: =(SUM(AJ52:AN52)/SUM(AJ$54:AN$54))*AO$54 -> 7.6483365 | AP52: =(SUM(AK52:AO52)/SUM(AK$54:AO$54))*AP$54 -> 7.6738863 | ... BH52: =(SUM(BC52:BG52)/SUM(BC$54:BG$54))*BH$54 -> 7.4697304
A53: December | C53: ='[1]Mexico YG-UCO Imports'!AV$290/1000 -> 0 | D53: ='[1]Mexico YG-UCO Imports'!BH$290/1000 -> 0 | E53: ='[1]Mexico YG-UCO Imports'!BT$290/1000 -> 0 | F53: ='[1]Mexico YG-UCO Imports'!CF$290/1000 -> 0 | G53: ='[1]Mexico YG-UCO Imports'!CR$290/1000 -> 0 | H53: ='[1]Mexico YG-UCO Imports'!DD$290/1000 -> 6.92 | I53: ='[1]Mexico YG-UCO Imports'!DP$290/1000 -> 11.015 | J53: ='[1]Mexico YG-UCO Imports'!EB$290/1000 -> 10.817 | K53: ='[1]Mexico YG-UCO Imports'!EN$290/1000 -> 10.004 | L53: ='[1]Mexico YG-UCO Imports'!EZ$290/1000 -> 4.618 | M53: ='[1]Mexico YG-UCO Imports'!FL$290/1000 -> 13.26 | N53: ='[1]Mexico YG-UCO Imports'!FX$290/1000 -> 10.384 | O53: ='[1]Mexico YG-UCO Imports'!GJ$290/1000 -> 11.83 | P53: ='[1]Mexico YG-UCO Imports'!GV$290/1000 -> 13.393 | Q53: ='[1]Mexico YG-UCO Imports'!HH$290/1000 -> 14.038 | R53: ='[1]Mexico YG-UCO Imports'!HT$290/1000 -> 17.08 | S53: ='[1]Mexico YG-UCO Imports'!IF$290/1000 -> 14.207 | T53: ='[1]Mexico YG-UCO Imports'!IR$290/1000 -> 15.151 | U53: ='[1]Mexico YG-UCO Imports'!JD$290/1000 -> 7.445 | V53: ='[1]Mexico YG-UCO Imports'!JP$290/1000 -> 11.668 | W53: ='[1]Mexico YG-UCO Imports'!KB$290/1000 -> 8.847 | X53: ='[1]Mexico YG-UCO Imports'!KN$290/1000 -> 11.343 | Y53: ='[1]Mexico YG-UCO Imports'!KZ$290/1000 -> 9.26 | Z53: ='[1]Mexico YG-UCO Imports'!LL$290/1000 -> 8.362 | AA53: ='[1]Mexico YG-UCO Imports'!LX$290/1000 -> 10.083 | AB53: ='[1]Mexico YG-UCO Imports'!MJ$290/1000 -> 5.159 | AC53: ='[1]Mexico YG-UCO Imports'!MV$290/1000 -> 6.747 | AD53: ='[1]Mexico YG-UCO Imports'!NH$290/1000 -> 8.211 | AE53: ='[1]Mexico YG-UCO Imports'!NT$290/1000 -> 10.517 | AF53: ='[1]Mexico YG-UCO Imports'!OF$290/1000 -> 8.129 | AG53: ='[1]Mexico YG-UCO Imports'!OR$290/1000 -> 7.279 | AH53: ='[1]Mexico YG-UCO Imports'!PD$290/1000 -> 6.701 | AI53: =(SUM(AD53:AH53)/SUM(AD$54:AH$54))*AI$54 -> 8.6907019 | AJ53: =(SUM(AE53:AI53)/SUM(AE$54:AI$54))*AJ$54 -> 8.4610757 | AK53: =(SUM(AF53:AJ53)/SUM(AF$54:AJ$54))*AK$54 -> 8.275148 | AL53: =(SUM(AG53:AK53)/SUM(AG$54:AK$54))*AL$54 -> 8.5305423 | AM53: =(SUM(AH53:AL53)/SUM(AH$54:AL$54))*AM$54 -> 8.5451777 | AN53: =(SUM(AI53:AM53)/SUM(AI$54:AM$54))*AN$54 -> 8.5855344 | AO53: =(SUM(AJ53:AN53)/SUM(AJ$54:AN$54))*AO$54 -> 8.6318219 | AP53: =(SUM(AK53:AO53)/SUM(AK$54:AO$54))*AP$54 -> 8.7167537 | ... BH53: =(SUM(BC53:BG53)/SUM(BC$54:BG$54))*BH$54 -> 8.4856333
A54: Total | C54: =SUM(C42:C53) -> 0 | D54: =SUM(D42:D53) -> 0 | E54: =SUM(E42:E53) -> 0 | F54: =SUM(F42:F53) -> 0 | G54: =SUM(G42:G53) -> 0 | H54: =SUM(H42:H53) -> 72.042 | I54: =SUM(I42:I53) -> 100.337 | J54: =SUM(J42:J53) -> 114.238 | ... AH54: =SUM(AH42:AH53) -> 75.806 | AI54: =AI5 -> 100 | AJ54: =AJ5 -> 100 | AK54: =AK5 -> 100 | AL54: =AL5 -> 100 | AM54: =AM5 -> 100 | AN54: =AN5 -> 101 | AO54: =AO5 -> 102 | AP54: =AP5 -> 103 | ... BH54: =BH5 -> 100
A56: USED COOKING OIL EXPORTS (tonnes)
B57: =B2 -> 1992 | C57: =C2 -> 1993 | D57: =D2 -> 1994 | E57: =E2 -> 1995 | F57: =F2 -> 1996 | G57: =G2 -> 1997 | H57: =H2 -> 1998 | I57: =I2 -> 1999 | ... BH57: =BH2 -> 2050
A58: January | D58: ='[1]Mexico YG-UCO Exports'!AW$290/1000 -> 0 | E58: ='[1]Mexico YG-UCO Exports'!BI$290/1000 -> 0 | F58: ='[1]Mexico YG-UCO Exports'!BU$290/1000 -> 0 | G58: ='[1]Mexico YG-UCO Exports'!CG$290/1000 -> 0 | H58: ='[1]Mexico YG-UCO Exports'!CS$290/1000 -> 0.039 | I58: ='[1]Mexico YG-UCO Exports'!DE$290/1000 -> 0.101 | J58: ='[1]Mexico YG-UCO Exports'!DQ$290/1000 -> 0.104 | K58: ='[1]Mexico YG-UCO Exports'!EC$290/1000 -> 0.098 | L58: ='[1]Mexico YG-UCO Exports'!EO$290/1000 -> 0.081 | M58: ='[1]Mexico YG-UCO Exports'!FA$290/1000 -> 0.038 | N58: ='[1]Mexico YG-UCO Exports'!FM$290/1000 -> 0.155 | O58: ='[1]Mexico YG-UCO Exports'!FY$290/1000 -> 0.048 | P58: ='[1]Mexico YG-UCO Exports'!GK$290/1000 -> 0.147 | Q58: ='[1]Mexico YG-UCO Exports'!GW$290/1000 -> 0.003 | R58: ='[1]Mexico YG-UCO Exports'!HI$290/1000 -> 0.052 | S58: ='[1]Mexico YG-UCO Exports'!HU$290/1000 -> 0.053 | T58: ='[1]Mexico YG-UCO Exports'!IG$290/1000 -> 0.041 | U58: ='[1]Mexico YG-UCO Exports'!IS$290/1000 -> 0.221 | V58: ='[1]Mexico YG-UCO Exports'!JE$290/1000 -> 0.124 | W58: ='[1]Mexico YG-UCO Exports'!JQ$290/1000 -> 0.91 | X58: ='[1]Mexico YG-UCO Exports'!KC$290/1000 -> 0.7 | Y58: ='[1]Mexico YG-UCO Exports'!KO$290/1000 -> 0.012 | Z58: ='[1]Mexico YG-UCO Exports'!LA$290/1000 -> 0 | AA58: ='[1]Mexico YG-UCO Exports'!LM$290/1000 -> 0.042 | AB58: ='[1]Mexico YG-UCO Exports'!LY$290/1000 -> 0.266 | AC58: ='[1]Mexico YG-UCO Exports'!MK$290/1000 -> 0.149 | AD58: ='[1]Mexico YG-UCO Exports'!MW$290/1000 -> 0.335 | AE58: ='[1]Mexico YG-UCO Exports'!NI$290/1000 -> 0.284 | AF58: ='[1]Mexico YG-UCO Exports'!NU$290/1000 -> 0 | AG58: ='[1]Mexico YG-UCO Exports'!OG$290/1000 -> 1.775 | AH58: ='[1]Mexico YG-UCO Exports'!OS$290/1000 -> 1.073 | AI58: =(SUM(AD58:AH58)/SUM(AD$70:AH$70))*AI$70 -> 3.0889716 | AJ58: =(SUM(AE58:AI58)/SUM(AE$70:AI$70))*AJ$70 -> 4.5513976 | AK58: =(SUM(AF58:AJ58)/SUM(AF$70:AJ$70))*AK$70 -> 6.1113198 | AL58: =(SUM(AG58:AK58)/SUM(AG$70:AK$70))*AL$70 -> 9.5221015 | AM58: =(SUM(AH58:AL58)/SUM(AH$70:AL$70))*AM$70 -> 12.152675 | AN58: =(SUM(AI58:AM58)/SUM(AI$70:AM$70))*AN$70 -> 12.322249 | AO58: =(SUM(AJ58:AN58)/SUM(AJ$70:AN$70))*AO$70 -> 12.319929 | AP58: =(SUM(AK58:AO58)/SUM(AK$70:AO$70))*AP$70 -> 12.336065 | ... BH58: =(SUM(BC58:BG58)/SUM(BC$70:BG$70))*BH$70 -> 32.34928
A59: February | D59: ='[1]Mexico YG-UCO Exports'!AX$290/1000 -> 0 | E59: ='[1]Mexico YG-UCO Exports'!BJ$290/1000 -> 0 | F59: ='[1]Mexico YG-UCO Exports'!BV$290/1000 -> 0 | G59: ='[1]Mexico YG-UCO Exports'!CH$290/1000 -> 0 | H59: ='[1]Mexico YG-UCO Exports'!CT$290/1000 -> 0.009 | I59: ='[1]Mexico YG-UCO Exports'!DF$290/1000 -> 0.022 | J59: ='[1]Mexico YG-UCO Exports'!DR$290/1000 -> 0.021 | K59: ='[1]Mexico YG-UCO Exports'!ED$290/1000 -> 0.024 | L59: ='[1]Mexico YG-UCO Exports'!EP$290/1000 -> 0.068 | M59: ='[1]Mexico YG-UCO Exports'!FB$290/1000 -> 0.076 | N59: ='[1]Mexico YG-UCO Exports'!FN$290/1000 -> 0.058 | O59: ='[1]Mexico YG-UCO Exports'!FZ$290/1000 -> 0.05 | P59: ='[1]Mexico YG-UCO Exports'!GL$290/1000 -> 0.016 | Q59: ='[1]Mexico YG-UCO Exports'!GX$290/1000 -> 0.01 | R59: ='[1]Mexico YG-UCO Exports'!HJ$290/1000 -> 0.017 | S59: ='[1]Mexico YG-UCO Exports'!HV$290/1000 -> 0.054 | T59: ='[1]Mexico YG-UCO Exports'!IH$290/1000 -> 0.079 | U59: ='[1]Mexico YG-UCO Exports'!IT$290/1000 -> 0.119 | V59: ='[1]Mexico YG-UCO Exports'!JF$290/1000 -> 0.132 | W59: ='[1]Mexico YG-UCO Exports'!JR$290/1000 -> 0.788 | X59: ='[1]Mexico YG-UCO Exports'!KD$290/1000 -> 0.56 | Y59: ='[1]Mexico YG-UCO Exports'!KP$290/1000 -> 0.02 | Z59: ='[1]Mexico YG-UCO Exports'!LB$290/1000 -> 0.169 | AA59: ='[1]Mexico YG-UCO Exports'!LN$290/1000 -> 0.157 | AB59: ='[1]Mexico YG-UCO Exports'!LZ$290/1000 -> 0.248 | AC59: ='[1]Mexico YG-UCO Exports'!ML$290/1000 -> 0.126 | AD59: ='[1]Mexico YG-UCO Exports'!MX$290/1000 -> 0.201 | AE59: ='[1]Mexico YG-UCO Exports'!NJ$290/1000 -> 0.322 | AF59: ='[1]Mexico YG-UCO Exports'!NV$290/1000 -> 0.279 | AG59: ='[1]Mexico YG-UCO Exports'!OH$290/1000 -> 0 | AH59: ='[1]Mexico YG-UCO Exports'!OT$290/1000 -> 0.265 | AI59: =(SUM(AD59:AH59)/SUM(AD$70:AH$70))*AI$70 -> 0.95065842 | AJ59: =(SUM(AE59:AI59)/SUM(AE$70:AI$70))*AJ$70 -> 1.3291067 | AK59: =(SUM(AF59:AJ59)/SUM(AF$70:AJ$70))*AK$70 -> 1.6453398 | AL59: =(SUM(AG59:AK59)/SUM(AG$70:AK$70))*AL$70 -> 2.4035754 | AM59: =(SUM(AH59:AL59)/SUM(AH$70:AL$70))*AM$70 -> 3.2912286 | AN59: =(SUM(AI59:AM59)/SUM(AI$70:AM$70))*AN$70 -> 3.3460553 | AO59: =(SUM(AJ59:AN59)/SUM(AJ$70:AN$70))*AO$70 -> 3.3145671 | AP59: =(SUM(AK59:AO59)/SUM(AK$70:AO$70))*AP$70 -> 3.2942979 | ... BH59: =(SUM(BC59:BG59)/SUM(BC$70:BG$70))*BH$70 -> 8.6751751
A60: March | D60: ='[1]Mexico YG-UCO Exports'!AY$290/1000 -> 0 | E60: ='[1]Mexico YG-UCO Exports'!BK$290/1000 -> 0 | F60: ='[1]Mexico YG-UCO Exports'!BW$290/1000 -> 0 | G60: ='[1]Mexico YG-UCO Exports'!CI$290/1000 -> 0 | H60: ='[1]Mexico YG-UCO Exports'!CU$290/1000 -> 0.068 | I60: ='[1]Mexico YG-UCO Exports'!DG$290/1000 -> 0.086 | J60: ='[1]Mexico YG-UCO Exports'!DS$290/1000 -> 0.057 | K60: ='[1]Mexico YG-UCO Exports'!EE$290/1000 -> 0.087 | L60: ='[1]Mexico YG-UCO Exports'!EQ$290/1000 -> 0.083 | M60: ='[1]Mexico YG-UCO Exports'!FC$290/1000 -> 0.058 | N60: ='[1]Mexico YG-UCO Exports'!FO$290/1000 -> 0.232 | O60: ='[1]Mexico YG-UCO Exports'!GA$290/1000 -> 0.029 | P60: ='[1]Mexico YG-UCO Exports'!GM$290/1000 -> 0.002 | Q60: ='[1]Mexico YG-UCO Exports'!GY$290/1000 -> 0.006 | R60: ='[1]Mexico YG-UCO Exports'!HK$290/1000 -> 0 | S60: ='[1]Mexico YG-UCO Exports'!HW$290/1000 -> 0.129 | T60: ='[1]Mexico YG-UCO Exports'!II$290/1000 -> 0.051 | U60: ='[1]Mexico YG-UCO Exports'!IU$290/1000 -> 0.162 | V60: ='[1]Mexico YG-UCO Exports'!JG$290/1000 -> 0.117 | W60: ='[1]Mexico YG-UCO Exports'!JS$290/1000 -> 1.083 | X60: ='[1]Mexico YG-UCO Exports'!KE$290/1000 -> 0.078 | Y60: ='[1]Mexico YG-UCO Exports'!KQ$290/1000 -> 0.023 | Z60: ='[1]Mexico YG-UCO Exports'!LC$290/1000 -> 0.105 | AA60: ='[1]Mexico YG-UCO Exports'!LO$290/1000 -> 0.285 | AB60: ='[1]Mexico YG-UCO Exports'!MA$290/1000 -> 0.082 | AC60: ='[1]Mexico YG-UCO Exports'!MM$290/1000 -> 0.104 | AD60: ='[1]Mexico YG-UCO Exports'!MY$290/1000 -> 0.337 | AE60: ='[1]Mexico YG-UCO Exports'!NK$290/1000 -> 0.532 | AF60: ='[1]Mexico YG-UCO Exports'!NW$290/1000 -> 0 | AG60: ='[1]Mexico YG-UCO Exports'!OI$290/1000 -> 1.984 | AH60: ='[1]Mexico YG-UCO Exports'!OU$290/1000 -> 0.759 | AI60: =(SUM(AD60:AH60)/SUM(AD$70:AH$70))*AI$70 -> 3.2181614 | AJ60: =(SUM(AE60:AI60)/SUM(AE$70:AI$70))*AJ$70 -> 4.7505376 | AK60: =(SUM(AF60:AJ60)/SUM(AF$70:AJ$70))*AK$70 -> 6.2414486 | AL60: =(SUM(AG60:AK60)/SUM(AG$70:AK$70))*AL$70 -> 9.7248564 | AM60: =(SUM(AH60:AL60)/SUM(AH$70:AL$70))*AM$70 -> 12.325986 | AN60: =(SUM(AI60:AM60)/SUM(AI$70:AM$70))*AN$70 -> 12.612518 | AO60: =(SUM(AJ60:AN60)/SUM(AJ$70:AN$70))*AO$70 -> 12.594578 | AP60: =(SUM(AK60:AO60)/SUM(AK$70:AO$70))*AP$70 -> 12.588091 | ... BH60: =(SUM(BC60:BG60)/SUM(BC$70:BG$70))*BH$70 -> 33.0207
A61: April | D61: ='[1]Mexico YG-UCO Exports'!AZ$290/1000 -> 0 | E61: ='[1]Mexico YG-UCO Exports'!BL$290/1000 -> 0 | F61: ='[1]Mexico YG-UCO Exports'!BX$290/1000 -> 0 | G61: ='[1]Mexico YG-UCO Exports'!CJ$290/1000 -> 0 | H61: ='[1]Mexico YG-UCO Exports'!CV$290/1000 -> 0.061 | I61: ='[1]Mexico YG-UCO Exports'!DH$290/1000 -> 7.653 | J61: ='[1]Mexico YG-UCO Exports'!DT$290/1000 -> 0.091 | K61: ='[1]Mexico YG-UCO Exports'!EF$290/1000 -> 0.02 | L61: ='[1]Mexico YG-UCO Exports'!ER$290/1000 -> 0.084 | M61: ='[1]Mexico YG-UCO Exports'!FD$290/1000 -> 0.073 | N61: ='[1]Mexico YG-UCO Exports'!FP$290/1000 -> 0.079 | O61: ='[1]Mexico YG-UCO Exports'!GB$290/1000 -> 0.069 | P61: ='[1]Mexico YG-UCO Exports'!GN$290/1000 -> 0.005 | Q61: ='[1]Mexico YG-UCO Exports'!GZ$290/1000 -> 0.016 | R61: ='[1]Mexico YG-UCO Exports'!HL$290/1000 -> 0.162 | S61: ='[1]Mexico YG-UCO Exports'!HX$290/1000 -> 0.051 | T61: ='[1]Mexico YG-UCO Exports'!IJ$290/1000 -> 0.049 | U61: ='[1]Mexico YG-UCO Exports'!IV$290/1000 -> 0.107 | V61: ='[1]Mexico YG-UCO Exports'!JH$290/1000 -> 0.151 | W61: ='[1]Mexico YG-UCO Exports'!JT$290/1000 -> 0.586 | X61: ='[1]Mexico YG-UCO Exports'!KF$290/1000 -> 0.002 | Y61: ='[1]Mexico YG-UCO Exports'!KR$290/1000 -> 0.02 | Z61: ='[1]Mexico YG-UCO Exports'!LD$290/1000 -> 0.028 | AA61: ='[1]Mexico YG-UCO Exports'!LP$290/1000 -> 0.065 | AB61: ='[1]Mexico YG-UCO Exports'!MB$290/1000 -> 0.287 | AC61: ='[1]Mexico YG-UCO Exports'!MN$290/1000 -> 0.175 | AD61: ='[1]Mexico YG-UCO Exports'!MZ$290/1000 -> 0.182 | AE61: ='[1]Mexico YG-UCO Exports'!NL$290/1000 -> 0.363 | AF61: ='[1]Mexico YG-UCO Exports'!NX$290/1000 -> 0.757 | AG61: ='[1]Mexico YG-UCO Exports'!OJ$290/1000 -> 1.525 | AH61: ='[1]Mexico YG-UCO Exports'!OV$290/1000 -> 0.23 | AI61: =(SUM(AD61:AH61)/SUM(AD$70:AH$70))*AI$70 -> 2.7236765 | AJ61: =(SUM(AE61:AI61)/SUM(AE$70:AI$70))*AJ$70 -> 4.096113 | AK61: =(SUM(AF61:AJ61)/SUM(AF$70:AJ$70))*AK$70 -> 5.4374086 | AL61: =(SUM(AG61:AK61)/SUM(AG$70:AK$70))*AL$70 -> 8.0378356 | AM61: =(SUM(AH61:AL61)/SUM(AH$70:AL$70))*AM$70 -> 10.245049 | AN61: =(SUM(AI61:AM61)/SUM(AI$70:AM$70))*AN$70 -> 10.622638 | AO61: =(SUM(AJ61:AN61)/SUM(AJ$70:AN$70))*AO$70 -> 10.603874 | AP61: =(SUM(AK61:AO61)/SUM(AK$70:AO$70))*AP$70 -> 10.575719 | ... BH61: =(SUM(BC61:BG61)/SUM(BC$70:BG$70))*BH$70 -> 27.703403
A62: May | D62: ='[1]Mexico YG-UCO Exports'!BA$290/1000 -> 0 | E62: ='[1]Mexico YG-UCO Exports'!BM$290/1000 -> 0 | F62: ='[1]Mexico YG-UCO Exports'!BY$290/1000 -> 0 | G62: ='[1]Mexico YG-UCO Exports'!CK$290/1000 -> 0 | H62: ='[1]Mexico YG-UCO Exports'!CW$290/1000 -> 0.029 | I62: ='[1]Mexico YG-UCO Exports'!DI$290/1000 -> 0.057 | J62: ='[1]Mexico YG-UCO Exports'!DU$290/1000 -> 0.098 | K62: ='[1]Mexico YG-UCO Exports'!EG$290/1000 -> 0.047 | L62: ='[1]Mexico YG-UCO Exports'!ES$290/1000 -> 0.05 | M62: ='[1]Mexico YG-UCO Exports'!FE$290/1000 -> 0.061 | N62: ='[1]Mexico YG-UCO Exports'!FQ$290/1000 -> 0.069 | O62: ='[1]Mexico YG-UCO Exports'!GC$290/1000 -> 0.051 | P62: ='[1]Mexico YG-UCO Exports'!GO$290/1000 -> 0.009 | Q62: ='[1]Mexico YG-UCO Exports'!HA$290/1000 -> 0.007 | R62: ='[1]Mexico YG-UCO Exports'!HM$290/1000 -> 0.155 | S62: ='[1]Mexico YG-UCO Exports'!HY$290/1000 -> 0.021 | T62: ='[1]Mexico YG-UCO Exports'!IK$290/1000 -> 0.093 | U62: ='[1]Mexico YG-UCO Exports'!IW$290/1000 -> 0.223 | V62: ='[1]Mexico YG-UCO Exports'!JI$290/1000 -> 0.767 | W62: ='[1]Mexico YG-UCO Exports'!JU$290/1000 -> 0.401 | X62: ='[1]Mexico YG-UCO Exports'!KG$290/1000 -> 0.043 | Y62: ='[1]Mexico YG-UCO Exports'!KS$290/1000 -> 0.022 | Z62: ='[1]Mexico YG-UCO Exports'!LE$290/1000 -> 0.066 | AA62: ='[1]Mexico YG-UCO Exports'!LQ$290/1000 -> 0 | AB62: ='[1]Mexico YG-UCO Exports'!MC$290/1000 -> 0.697 | AC62: ='[1]Mexico YG-UCO Exports'!MO$290/1000 -> 0.089 | AD62: ='[1]Mexico YG-UCO Exports'!NA$290/1000 -> 0.143 | AE62: ='[1]Mexico YG-UCO Exports'!NM$290/1000 -> 0.532 | AF62: ='[1]Mexico YG-UCO Exports'!NY$290/1000 -> 0.938 | AG62: ='[1]Mexico YG-UCO Exports'!OK$290/1000 -> 0 | AH62: ='[1]Mexico YG-UCO Exports'!OW$290/1000 -> 0.268 | AI62: =(SUM(AD62:AH62)/SUM(AD$70:AH$70))*AI$70 -> 1.675903 | AJ62: =(SUM(AE62:AI62)/SUM(AE$70:AI$70))*AJ$70 -> 2.4976854 | AK62: =(SUM(AF62:AJ62)/SUM(AF$70:AJ$70))*AK$70 -> 3.1345564 | AL62: =(SUM(AG62:AK62)/SUM(AG$70:AK$70))*AL$70 -> 4.3459139 | AM62: =(SUM(AH62:AL62)/SUM(AH$70:AL$70))*AM$70 -> 5.9508831 | AN62: =(SUM(AI62:AM62)/SUM(AI$70:AM$70))*AN$70 -> 6.123458 | AO62: =(SUM(AJ62:AN62)/SUM(AJ$70:AN$70))*AO$70 -> 6.0834474 | AP62: =(SUM(AK62:AO62)/SUM(AK$70:AO$70))*AP$70 -> 6.0325315 | ... BH62: =(SUM(BC62:BG62)/SUM(BC$70:BG$70))*BH$70 -> 15.853454
A63: June | D63: ='[1]Mexico YG-UCO Exports'!BB$290/1000 -> 0 | E63: ='[1]Mexico YG-UCO Exports'!BN$290/1000 -> 0 | F63: ='[1]Mexico YG-UCO Exports'!BZ$290/1000 -> 0 | G63: ='[1]Mexico YG-UCO Exports'!CL$290/1000 -> 0 | H63: ='[1]Mexico YG-UCO Exports'!CX$290/1000 -> 0.022 | I63: ='[1]Mexico YG-UCO Exports'!DJ$290/1000 -> 0.041 | J63: ='[1]Mexico YG-UCO Exports'!DV$290/1000 -> 0.047 | K63: ='[1]Mexico YG-UCO Exports'!EH$290/1000 -> 0.027 | L63: ='[1]Mexico YG-UCO Exports'!ET$290/1000 -> 0.046 | M63: ='[1]Mexico YG-UCO Exports'!FF$290/1000 -> 0.051 | N63: ='[1]Mexico YG-UCO Exports'!FR$290/1000 -> 0.069 | O63: ='[1]Mexico YG-UCO Exports'!GD$290/1000 -> 0.062 | P63: ='[1]Mexico YG-UCO Exports'!GP$290/1000 -> 0.002 | Q63: ='[1]Mexico YG-UCO Exports'!HB$290/1000 -> 0.019 | R63: ='[1]Mexico YG-UCO Exports'!HN$290/1000 -> 0.212 | S63: ='[1]Mexico YG-UCO Exports'!HZ$290/1000 -> 0.009 | T63: ='[1]Mexico YG-UCO Exports'!IL$290/1000 -> 0.009 | U63: ='[1]Mexico YG-UCO Exports'!IX$290/1000 -> 0.114 | V63: ='[1]Mexico YG-UCO Exports'!JJ$290/1000 -> 0.383 | W63: ='[1]Mexico YG-UCO Exports'!JV$290/1000 -> 0.687 | X63: ='[1]Mexico YG-UCO Exports'!KH$290/1000 -> 0.445 | Y63: ='[1]Mexico YG-UCO Exports'!KT$290/1000 -> 0.167 | Z63: ='[1]Mexico YG-UCO Exports'!LF$290/1000 -> 0.104 | AA63: ='[1]Mexico YG-UCO Exports'!LR$290/1000 -> 0.197 | AB63: ='[1]Mexico YG-UCO Exports'!MD$290/1000 -> 0.235 | AC63: ='[1]Mexico YG-UCO Exports'!MP$290/1000 -> 0.2 | AD63: ='[1]Mexico YG-UCO Exports'!NB$290/1000 -> 0.337 | AE63: ='[1]Mexico YG-UCO Exports'!NN$290/1000 -> 0.527 | AF63: ='[1]Mexico YG-UCO Exports'!NZ$290/1000 -> 0 | AG63: ='[1]Mexico YG-UCO Exports'!OL$290/1000 -> 2.241 | AH63: ='[1]Mexico YG-UCO Exports'!OX$290/1000 -> 1.912 | AI63: =(SUM(AD63:AH63)/SUM(AD$70:AH$70))*AI$70 -> 4.4699656 | AJ63: =(SUM(AE63:AI63)/SUM(AE$70:AI$70))*AJ$70 -> 6.6943131 | AK63: =(SUM(AF63:AJ63)/SUM(AF$70:AJ$70))*AK$70 -> 8.9250088 | AL63: =(SUM(AG63:AK63)/SUM(AG$70:AK$70))*AL$70 -> 13.906135 | AM63: =(SUM(AH63:AL63)/SUM(AH$70:AL$70))*AM$70 -> 17.923152 | AN63: =(SUM(AI63:AM63)/SUM(AI$70:AM$70))*AN$70 -> 18.058635 | AO63: =(SUM(AJ63:AN63)/SUM(AJ$70:AN$70))*AO$70 -> 18.070964 | AP63: =(SUM(AK63:AO63)/SUM(AK$70:AO$70))*AP$70 -> 18.090328 | ... BH63: =(SUM(BC63:BG63)/SUM(BC$70:BG$70))*BH$70 -> 47.462284
A64: July | D64: ='[1]Mexico YG-UCO Exports'!BC$290/1000 -> 0 | E64: ='[1]Mexico YG-UCO Exports'!BO$290/1000 -> 0 | F64: ='[1]Mexico YG-UCO Exports'!CA$290/1000 -> 0 | G64: ='[1]Mexico YG-UCO Exports'!CM$290/1000 -> 0 | H64: ='[1]Mexico YG-UCO Exports'!CY$290/1000 -> 0.063 | I64: ='[1]Mexico YG-UCO Exports'!DK$290/1000 -> 0.017 | J64: ='[1]Mexico YG-UCO Exports'!DW$290/1000 -> 0.126 | K64: ='[1]Mexico YG-UCO Exports'!EI$290/1000 -> 0.032 | L64: ='[1]Mexico YG-UCO Exports'!EU$290/1000 -> 0.079 | M64: ='[1]Mexico YG-UCO Exports'!FG$290/1000 -> 0.037 | N64: ='[1]Mexico YG-UCO Exports'!FS$290/1000 -> 0.08 | O64: ='[1]Mexico YG-UCO Exports'!GE$290/1000 -> 0.031 | P64: ='[1]Mexico YG-UCO Exports'!GQ$290/1000 -> 0.002 | Q64: ='[1]Mexico YG-UCO Exports'!HC$290/1000 -> 0.091 | R64: ='[1]Mexico YG-UCO Exports'!HO$290/1000 -> 0.181 | S64: ='[1]Mexico YG-UCO Exports'!IA$290/1000 -> 0.004 | T64: ='[1]Mexico YG-UCO Exports'!IM$290/1000 -> 0.026 | U64: ='[1]Mexico YG-UCO Exports'!IY$290/1000 -> 0.134 | V64: ='[1]Mexico YG-UCO Exports'!JK$290/1000 -> 0.485 | W64: ='[1]Mexico YG-UCO Exports'!JW$290/1000 -> 0.066 | X64: ='[1]Mexico YG-UCO Exports'!KI$290/1000 -> 0.002 | Y64: ='[1]Mexico YG-UCO Exports'!KU$290/1000 -> 0.104 | Z64: ='[1]Mexico YG-UCO Exports'!LG$290/1000 -> 0 | AA64: ='[1]Mexico YG-UCO Exports'!LS$290/1000 -> 0.134 | AB64: ='[1]Mexico YG-UCO Exports'!ME$290/1000 -> 0.678 | AC64: ='[1]Mexico YG-UCO Exports'!MQ$290/1000 -> 0.214 | AD64: ='[1]Mexico YG-UCO Exports'!NC$290/1000 -> 0.223 | AE64: ='[1]Mexico YG-UCO Exports'!NO$290/1000 -> 0.372 | AF64: ='[1]Mexico YG-UCO Exports'!OA$290/1000 -> 0.942 | AG64: ='[1]Mexico YG-UCO Exports'!OM$290/1000 -> 0 | AH64: ='[1]Mexico YG-UCO Exports'!OY$290/1000 -> 4.583 | AI64: =(SUM(AD64:AH64)/SUM(AD$70:AH$70))*AI$70 -> 5.4526987 | AJ64: =(SUM(AE64:AI64)/SUM(AE$70:AI$70))*AJ$70 -> 8.3036855 | AK64: =(SUM(AF64:AJ64)/SUM(AF$70:AJ$70))*AK$70 -> 11.234798 | AL64: =(SUM(AG64:AK64)/SUM(AG$70:AK$70))*AL$70 -> 16.964677 | AM64: =(SUM(AH64:AL64)/SUM(AH$70:AL$70))*AM$70 -> 23.229822 | AN64: =(SUM(AI64:AM64)/SUM(AI$70:AM$70))*AN$70 -> 22.67328 | AO64: =(SUM(AJ64:AN64)/SUM(AJ$70:AN$70))*AO$70 -> 22.732762 | AP64: =(SUM(AK64:AO64)/SUM(AK$70:AO$70))*AP$70 -> 22.784786 | ... BH64: =(SUM(BC64:BG64)/SUM(BC$70:BG$70))*BH$70 -> 59.855391
A65: August | D65: ='[1]Mexico YG-UCO Exports'!BD$290/1000 -> 0 | E65: ='[1]Mexico YG-UCO Exports'!BP$290/1000 -> 0 | F65: ='[1]Mexico YG-UCO Exports'!CB$290/1000 -> 0 | G65: ='[1]Mexico YG-UCO Exports'!CN$290/1000 -> 0 | H65: ='[1]Mexico YG-UCO Exports'!CZ$290/1000 -> 0.038 | I65: ='[1]Mexico YG-UCO Exports'!DL$290/1000 -> 0.06 | J65: ='[1]Mexico YG-UCO Exports'!DX$290/1000 -> 0.11 | K65: ='[1]Mexico YG-UCO Exports'!EJ$290/1000 -> 0.036 | L65: ='[1]Mexico YG-UCO Exports'!EV$290/1000 -> 0.08 | M65: ='[1]Mexico YG-UCO Exports'!FH$290/1000 -> 0.082 | N65: ='[1]Mexico YG-UCO Exports'!FT$290/1000 -> 0.057 | O65: ='[1]Mexico YG-UCO Exports'!GF$290/1000 -> 0.061 | P65: ='[1]Mexico YG-UCO Exports'!GR$290/1000 -> 0.01 | Q65: ='[1]Mexico YG-UCO Exports'!HD$290/1000 -> 0.032 | R65: ='[1]Mexico YG-UCO Exports'!HP$290/1000 -> 0.148 | S65: ='[1]Mexico YG-UCO Exports'!IB$290/1000 -> 0.002 | T65: ='[1]Mexico YG-UCO Exports'!IN$290/1000 -> 0.004 | U65: ='[1]Mexico YG-UCO Exports'!IZ$290/1000 -> 0.146 | V65: ='[1]Mexico YG-UCO Exports'!JL$290/1000 -> 0.803 | W65: ='[1]Mexico YG-UCO Exports'!JX$290/1000 -> 0.662 | X65: ='[1]Mexico YG-UCO Exports'!KJ$290/1000 -> 0.001 | Y65: ='[1]Mexico YG-UCO Exports'!KV$290/1000 -> 0.022 | Z65: ='[1]Mexico YG-UCO Exports'!LH$290/1000 -> 0.127 | AA65: ='[1]Mexico YG-UCO Exports'!LT$290/1000 -> 0.219 | AB65: ='[1]Mexico YG-UCO Exports'!MF$290/1000 -> 0.192 | AC65: ='[1]Mexico YG-UCO Exports'!MR$290/1000 -> 0.366 | AD65: ='[1]Mexico YG-UCO Exports'!ND$290/1000 -> 0.34 | AE65: ='[1]Mexico YG-UCO Exports'!NP$290/1000 -> 0.554 | AF65: ='[1]Mexico YG-UCO Exports'!OB$290/1000 -> 1.008 | AG65: ='[1]Mexico YG-UCO Exports'!ON$290/1000 -> 0 | AH65: ='[1]Mexico YG-UCO Exports'!OZ$290/1000 -> 5.726 | AI65: =(SUM(AD65:AH65)/SUM(AD$70:AH$70))*AI$70 -> 6.7962722 | AJ65: =(SUM(AE65:AI65)/SUM(AE$70:AI$70))*AJ$70 -> 10.304359 | AK65: =(SUM(AF65:AJ65)/SUM(AF$70:AJ$70))*AK$70 -> 13.887865 | AL65: =(SUM(AG65:AK65)/SUM(AG$70:AK$70))*AL$70 -> 21.060584 | AM65: =(SUM(AH65:AL65)/SUM(AH$70:AL$70))*AM$70 -> 28.83837 | AN65: =(SUM(AI65:AM65)/SUM(AI$70:AM$70))*AN$70 -> 28.134765 | AO65: =(SUM(AJ65:AN65)/SUM(AJ$70:AN$70))*AO$70 -> 28.20026 | AP65: =(SUM(AK65:AO65)/SUM(AK$70:AO$70))*AP$70 -> 28.263963 | ... BH65: =(SUM(BC65:BG65)/SUM(BC$70:BG$70))*BH$70 -> 74.266504
A66: September | D66: ='[1]Mexico YG-UCO Exports'!BE$290/1000 -> 0 | E66: ='[1]Mexico YG-UCO Exports'!BQ$290/1000 -> 0 | F66: ='[1]Mexico YG-UCO Exports'!CC$290/1000 -> 0 | G66: ='[1]Mexico YG-UCO Exports'!CO$290/1000 -> 0 | H66: ='[1]Mexico YG-UCO Exports'!DA$290/1000 -> 0.087 | I66: ='[1]Mexico YG-UCO Exports'!DM$290/1000 -> 0.069 | J66: ='[1]Mexico YG-UCO Exports'!DY$290/1000 -> 0.04 | K66: ='[1]Mexico YG-UCO Exports'!EK$290/1000 -> 0.06 | L66: ='[1]Mexico YG-UCO Exports'!EW$290/1000 -> 0.03 | M66: ='[1]Mexico YG-UCO Exports'!FI$290/1000 -> 0.027 | N66: ='[1]Mexico YG-UCO Exports'!FU$290/1000 -> 0.062 | O66: ='[1]Mexico YG-UCO Exports'!GG$290/1000 -> 0.021 | P66: ='[1]Mexico YG-UCO Exports'!GS$290/1000 -> 0.003 | Q66: ='[1]Mexico YG-UCO Exports'!HE$290/1000 -> 0.075 | R66: ='[1]Mexico YG-UCO Exports'!HQ$290/1000 -> 0.155 | S66: ='[1]Mexico YG-UCO Exports'!IC$290/1000 -> 0.009 | T66: ='[1]Mexico YG-UCO Exports'!IO$290/1000 -> 0.026 | U66: ='[1]Mexico YG-UCO Exports'!JA$290/1000 -> 0.152 | V66: ='[1]Mexico YG-UCO Exports'!JM$290/1000 -> 0.485 | W66: ='[1]Mexico YG-UCO Exports'!JY$290/1000 -> 1.24 | X66: ='[1]Mexico YG-UCO Exports'!KK$290/1000 -> 0 | Y66: ='[1]Mexico YG-UCO Exports'!KW$290/1000 -> 0.001 | Z66: ='[1]Mexico YG-UCO Exports'!LI$290/1000 -> 0.022 | AA66: ='[1]Mexico YG-UCO Exports'!LU$290/1000 -> 0.132 | AB66: ='[1]Mexico YG-UCO Exports'!MG$290/1000 -> 0.608 | AC66: ='[1]Mexico YG-UCO Exports'!MS$290/1000 -> 0.179 | AD66: ='[1]Mexico YG-UCO Exports'!NE$290/1000 -> 0.226 | AE66: ='[1]Mexico YG-UCO Exports'!NQ$290/1000 -> 0.486 | AF66: ='[1]Mexico YG-UCO Exports'!OC$290/1000 -> 1.423 | AG66: ='[1]Mexico YG-UCO Exports'!OO$290/1000 -> 0 | AH66: ='[1]Mexico YG-UCO Exports'!PA$290/1000 -> 4.401 | AI66: =(SUM(AD66:AH66)/SUM(AD$70:AH$70))*AI$70 -> 5.8233397 | AJ66: =(SUM(AE66:AI66)/SUM(AE$70:AI$70))*AJ$70 -> 8.8770142 | AK66: =(SUM(AF66:AJ66)/SUM(AF$70:AJ$70))*AK$70 -> 11.959046 | AL66: =(SUM(AG66:AK66)/SUM(AG$70:AK$70))*AL$70 -> 17.817218 | AM66: =(SUM(AH66:AL66)/SUM(AH$70:AL$70))*AM$70 -> 24.397212 | AN66: =(SUM(AI66:AM66)/SUM(AI$70:AM$70))*AN$70 -> 23.956115 | AO66: =(SUM(AJ66:AN66)/SUM(AJ$70:AN$70))*AO$70 -> 24.001822 | AP66: =(SUM(AK66:AO66)/SUM(AK$70:AO$70))*AP$70 -> 24.030921 | ... BH66: =(SUM(BC66:BG66)/SUM(BC$70:BG$70))*BH$70 -> 63.116085
A67: October | C67: ='[1]Mexico YG-UCO Exports'!AT$290/1000 -> 0 | D67: ='[1]Mexico YG-UCO Exports'!BF$290/1000 -> 0 | E67: ='[1]Mexico YG-UCO Exports'!BR$290/1000 -> 0 | F67: ='[1]Mexico YG-UCO Exports'!CD$290/1000 -> 0 | G67: ='[1]Mexico YG-UCO Exports'!CP$290/1000 -> 0 | H67: ='[1]Mexico YG-UCO Exports'!DB$290/1000 -> 0.067 | I67: ='[1]Mexico YG-UCO Exports'!DN$290/1000 -> 0.021 | J67: ='[1]Mexico YG-UCO Exports'!DZ$290/1000 -> 0.01 | K67: ='[1]Mexico YG-UCO Exports'!EL$290/1000 -> 0.02 | L67: ='[1]Mexico YG-UCO Exports'!EX$290/1000 -> 0.077 | M67: ='[1]Mexico YG-UCO Exports'!FJ$290/1000 -> 0.074 | N67: ='[1]Mexico YG-UCO Exports'!FV$290/1000 -> 0.04 | O67: ='[1]Mexico YG-UCO Exports'!GH$290/1000 -> 0.044 | P67: ='[1]Mexico YG-UCO Exports'!GT$290/1000 -> 0.011 | Q67: ='[1]Mexico YG-UCO Exports'!HF$290/1000 -> 0.052 | R67: ='[1]Mexico YG-UCO Exports'!HR$290/1000 -> 0.036 | S67: ='[1]Mexico YG-UCO Exports'!ID$290/1000 -> 0.014 | T67: ='[1]Mexico YG-UCO Exports'!IP$290/1000 -> 0.002 | U67: ='[1]Mexico YG-UCO Exports'!JB$290/1000 -> 0.164 | V67: ='[1]Mexico YG-UCO Exports'!JN$290/1000 -> 0.082 | W67: ='[1]Mexico YG-UCO Exports'!JZ$290/1000 -> 0.018 | X67: ='[1]Mexico YG-UCO Exports'!KL$290/1000 -> 0 | Y67: ='[1]Mexico YG-UCO Exports'!KX$290/1000 -> 0.023 | Z67: ='[1]Mexico YG-UCO Exports'!LJ$290/1000 -> 0.006 | AA67: ='[1]Mexico YG-UCO Exports'!LV$290/1000 -> 0.172 | AB67: ='[1]Mexico YG-UCO Exports'!MH$290/1000 -> 0.37 | AC67: ='[1]Mexico YG-UCO Exports'!MT$290/1000 -> 0.328 | AD67: ='[1]Mexico YG-UCO Exports'!NF$290/1000 -> 0.445 | AE67: ='[1]Mexico YG-UCO Exports'!NR$290/1000 -> 0.63 | AF67: ='[1]Mexico YG-UCO Exports'!OD$290/1000 -> 1.833 | AG67: ='[1]Mexico YG-UCO Exports'!OP$290/1000 -> 0 | AH67: ='[1]Mexico YG-UCO Exports'!PB$290/1000 -> 1.382 | AI67: =(SUM(AD67:AH67)/SUM(AD$70:AH$70))*AI$70 -> 3.8222349 | AJ67: =(SUM(AE67:AI67)/SUM(AE$70:AI$70))*AJ$70 -> 5.6095151 | AK67: =(SUM(AF67:AJ67)/SUM(AF$70:AJ$70))*AK$70 -> 7.3689562 | AL67: =(SUM(AG67:AK67)/SUM(AG$70:AK$70))*AL$70 -> 10.43017 | AM67: =(SUM(AH67:AL67)/SUM(AH$70:AL$70))*AM$70 -> 14.282087 | AN67: =(SUM(AI67:AM67)/SUM(AI$70:AM$70))*AN$70 -> 14.439291 | AO67: =(SUM(AJ67:AN67)/SUM(AJ$70:AN$70))*AO$70 -> 14.380695 | AP67: =(SUM(AK67:AO67)/SUM(AK$70:AO$70))*AP$70 -> 14.329694 | ... BH67: =(SUM(BC67:BG67)/SUM(BC$70:BG$70))*BH$70 -> 37.628285
A68: November | C68: ='[1]Mexico YG-UCO Exports'!AU$290/1000 -> 0 | D68: ='[1]Mexico YG-UCO Exports'!BG$290/1000 -> 0 | E68: ='[1]Mexico YG-UCO Exports'!BS$290/1000 -> 0 | F68: ='[1]Mexico YG-UCO Exports'!CE$290/1000 -> 0 | G68: ='[1]Mexico YG-UCO Exports'!CQ$290/1000 -> 0 | H68: ='[1]Mexico YG-UCO Exports'!DC$290/1000 -> 0.043 | I68: ='[1]Mexico YG-UCO Exports'!DO$290/1000 -> 0.112 | J68: ='[1]Mexico YG-UCO Exports'!EA$290/1000 -> 0.115 | K68: ='[1]Mexico YG-UCO Exports'!EM$290/1000 -> 0.037 | L68: ='[1]Mexico YG-UCO Exports'!EY$290/1000 -> 0.047 | M68: ='[1]Mexico YG-UCO Exports'!FK$290/1000 -> 0.049 | N68: ='[1]Mexico YG-UCO Exports'!FW$290/1000 -> 0.051 | O68: ='[1]Mexico YG-UCO Exports'!GI$290/1000 -> 0.008 | P68: ='[1]Mexico YG-UCO Exports'!GU$290/1000 -> 0.006 | Q68: ='[1]Mexico YG-UCO Exports'!HG$290/1000 -> 0.057 | R68: ='[1]Mexico YG-UCO Exports'!HS$290/1000 -> 0.098 | S68: ='[1]Mexico YG-UCO Exports'!IE$290/1000 -> 0.01 | T68: ='[1]Mexico YG-UCO Exports'!IQ$290/1000 -> 0.069 | U68: ='[1]Mexico YG-UCO Exports'!JC$290/1000 -> 0.164 | V68: ='[1]Mexico YG-UCO Exports'!JO$290/1000 -> 0.023 | W68: ='[1]Mexico YG-UCO Exports'!KA$290/1000 -> 0.283 | X68: ='[1]Mexico YG-UCO Exports'!KM$290/1000 -> 0 | Y68: ='[1]Mexico YG-UCO Exports'!KY$290/1000 -> 0.102 | Z68: ='[1]Mexico YG-UCO Exports'!LK$290/1000 -> 0.001 | AA68: ='[1]Mexico YG-UCO Exports'!LW$290/1000 -> 0.15 | AB68: ='[1]Mexico YG-UCO Exports'!MI$290/1000 -> 0.507 | AC68: ='[1]Mexico YG-UCO Exports'!MU$290/1000 -> 0.073 | AD68: ='[1]Mexico YG-UCO Exports'!NG$290/1000 -> 0.459 | AE68: ='[1]Mexico YG-UCO Exports'!NS$290/1000 -> 0.578 | AF68: ='[1]Mexico YG-UCO Exports'!OE$290/1000 -> 0 | AG68: ='[1]Mexico YG-UCO Exports'!OQ$290/1000 -> 2.132 | AH68: ='[1]Mexico YG-UCO Exports'!PC$290/1000 -> 2.067 | AI68: =(SUM(AD68:AH68)/SUM(AD$70:AH$70))*AI$70 -> 4.6650867 | AJ68: =(SUM(AE68:AI68)/SUM(AE$70:AI$70))*AJ$70 -> 6.9080352 | AK68: =(SUM(AF68:AJ68)/SUM(AF$70:AJ$70))*AK$70 -> 9.190035 | AL68: =(SUM(AG68:AK68)/SUM(AG$70:AK$70))*AL$70 -> 14.319075 | AM68: =(SUM(AH68:AL68)/SUM(AH$70:AL$70))*AM$70 -> 18.543 | AN68: =(SUM(AI68:AM68)/SUM(AI$70:AM$70))*AN$70 -> 18.652255 | AO68: =(SUM(AJ68:AN68)/SUM(AJ$70:AN$70))*AO$70 -> 18.651696 | AP68: =(SUM(AK68:AO68)/SUM(AK$70:AO$70))*AP$70 -> 18.672014 | ... BH68: =(SUM(BC68:BG68)/SUM(BC$70:BG$70))*BH$70 -> 49.004733
A69: December | C69: ='[1]Mexico YG-UCO Exports'!AV$290/1000 -> 0 | D69: ='[1]Mexico YG-UCO Exports'!BH$290/1000 -> 0 | E69: ='[1]Mexico YG-UCO Exports'!BT$290/1000 -> 0 | F69: ='[1]Mexico YG-UCO Exports'!CF$290/1000 -> 0 | G69: ='[1]Mexico YG-UCO Exports'!CR$290/1000 -> 0 | H69: ='[1]Mexico YG-UCO Exports'!DD$290/1000 -> 0.043 | I69: ='[1]Mexico YG-UCO Exports'!DP$290/1000 -> 0.048 | J69: ='[1]Mexico YG-UCO Exports'!EB$290/1000 -> 0.028 | K69: ='[1]Mexico YG-UCO Exports'!EN$290/1000 -> 0.023 | L69: ='[1]Mexico YG-UCO Exports'!EZ$290/1000 -> 0.078 | M69: ='[1]Mexico YG-UCO Exports'!FL$290/1000 -> 0.052 | N69: ='[1]Mexico YG-UCO Exports'!FX$290/1000 -> 0.057 | O69: ='[1]Mexico YG-UCO Exports'!GJ$290/1000 -> 0.012 | P69: ='[1]Mexico YG-UCO Exports'!GV$290/1000 -> 0.003 | Q69: ='[1]Mexico YG-UCO Exports'!HH$290/1000 -> 0.007 | R69: ='[1]Mexico YG-UCO Exports'!HT$290/1000 -> 0.003 | S69: ='[1]Mexico YG-UCO Exports'!IF$290/1000 -> 0.002 | T69: ='[1]Mexico YG-UCO Exports'!IR$290/1000 -> 0.115 | U69: ='[1]Mexico YG-UCO Exports'!JD$290/1000 -> 0.159 | V69: ='[1]Mexico YG-UCO Exports'!JP$290/1000 -> 0.8 | W69: ='[1]Mexico YG-UCO Exports'!KB$290/1000 -> 0.32 | X69: ='[1]Mexico YG-UCO Exports'!KN$290/1000 -> 0.2 | Y69: ='[1]Mexico YG-UCO Exports'!KZ$290/1000 -> 0.105 | Z69: ='[1]Mexico YG-UCO Exports'!LL$290/1000 -> 0.002 | AA69: ='[1]Mexico YG-UCO Exports'!LX$290/1000 -> 0.148 | AB69: ='[1]Mexico YG-UCO Exports'!MJ$290/1000 -> 0.317 | AC69: ='[1]Mexico YG-UCO Exports'!MV$290/1000 -> 0.087 | AD69: ='[1]Mexico YG-UCO Exports'!NH$290/1000 -> 0.379 | AE69: ='[1]Mexico YG-UCO Exports'!NT$290/1000 -> 0.71 | AF69: ='[1]Mexico YG-UCO Exports'!OF$290/1000 -> 2.95 | AG69: ='[1]Mexico YG-UCO Exports'!OR$290/1000 -> 1.153 | AH69: ='[1]Mexico YG-UCO Exports'!PD$290/1000 -> 3.016 | AI69: =AI70-SUM(AI58:AI68) -> 7.3130312 | AJ69: =AJ70-SUM(AJ58:AJ68) -> 11.078238 | AK69: =AK70-SUM(AK58:AK68) -> 14.864219 | AL69: =AL70-SUM(AL58:AL68) -> 21.467858 | AM69: =AM70-SUM(AM58:AM68) -> 28.820534 | AN69: =AN70-SUM(AN58:AN68) -> 29.058741 | AO69: =AO70-SUM(AO58:AO68) -> 29.045404 | AP69: =AP70-SUM(AP58:AP68) -> 29.00159 | ... BH69: =BH70-SUM(BH58:BH68) -> 76.064708
A70: Total | C70: =SUM(C58:C69) -> 0 | D70: =SUM(D58:D69) -> 0 | E70: =SUM(E58:E69) -> 0 | F70: =SUM(F58:F69) -> 0 | G70: =SUM(G58:G69) -> 0 | H70: =SUM(H58:H69) -> 0.569 | I70: =SUM(I58:I69) -> 8.287 | J70: =SUM(J58:J69) -> 0.847 | ... AH70: =SUM(AH58:AH69) -> 25.682 | AI70: =AI12 -> 50 | AJ70: =AJ12 -> 75 | AK70: =AK12 -> 100 | AL70: =AL12 -> 150 | AM70: =AM12 -> 200 | AN70: =AN12 -> 200 | AO70: =AO12 -> 200 | AP70: =AP12 -> 200 | ... BH70: =BH12 -> 525
A72: USED COOKING OIL DOMESTIC USE (tonnes)
B73: =B2 -> 1992 | C73: =C2 -> 1993 | D73: =D2 -> 1994 | E73: =E2 -> 1995 | F73: =F2 -> 1996 | G73: =G2 -> 1997 | H73: =H2 -> 1998 | I73: =I2 -> 1999 | ... BH73: =BH2 -> 2050
A74: January | W74: =V178+W26+W42-W58-W167 -> 81.057928 | X74: =W178+X26+X42-X58-X167 -> 88.617347 | Y74: =X178+Y26+Y42-Y58-Y167 -> 92.368785 | Z74: =Y178+Z26+Z42-Z58-Z167 -> 87.325637 | AA74: =Z178+AA26+AA42-AA58-AA167 -> 89.342511 | AB74: =AA178+AB26+AB42-AB58-AB167 -> 93.846025 | AC74: =AB178+AC26+AC42-AC58-AC167 -> 91.191673 | AD74: =AC178+AD26+AD42-AD58-AD167 -> 118.13872 | ... AH74: =AG178+AH26+AH42-AH58-AH167 -> 94.238584 | AI74: =AI136+AI151 -> 95.133196 | AJ74: =AJ136+AJ151 -> 91.562753 | AK74: =AK136+AK151 -> 92.444045 | AL74: =AL136+AL151 -> 93.618864 | AM74: =AM136+AM151 -> 93.908562 | AN74: =AN136+AN151 -> 94.452742 | AO74: =AO136+AO151 -> 94.718269 | AP74: =AP136+AP151 -> 123.21074 | ... BH74: =BH136+BH151 -> 108.35991
A75: February | W75: =W167+W27+W43-W59-W168 -> 80.296202 | X75: =X167+X27+X43-X59-X168 -> 84.789483 | Y75: =Y167+Y27+Y43-Y59-Y168 -> 89.559374 | Z75: =Z167+Z27+Z43-Z59-Z168 -> 87.554818 | AA75: =AA167+AA27+AA43-AA59-AA168 -> 87.560034 | AB75: =AB167+AB27+AB43-AB59-AB168 -> 89.43251 | AC75: =AC167+AC27+AC43-AC59-AC168 -> 88.494633 | AD75: =AD167+AD27+AD43-AD59-AD168 -> 85.779175 | ... AH75: =AH167+AH27+AH43-AH59-AH168 -> 94.234916 | AI75: =AI137+AI152 -> 88.402938 | AJ75: =AJ137+AJ152 -> 88.968841 | AK75: =AK137+AK152 -> 90.024812 | AL75: =AL137+AL152 -> 90.9641 | AM75: =AM137+AM152 -> 90.753547 | AN75: =AN137+AN152 -> 90.927219 | AO75: =AO137+AO152 -> 91.757786 | AP75: =AP137+AP152 -> 119.12679 | ... BH75: =BH137+BH152 -> 104.21126
A76: March | W76: =W168+W28+W44-W60-W169 -> 84.188751 | X76: =X168+X28+X44-X60-X169 -> 86.967043 | Y76: =Y168+Y28+Y44-Y60-Y169 -> 89.83911 | Z76: =Z168+Z28+Z44-Z60-Z169 -> 87.446267 | AA76: =AA168+AA28+AA44-AA60-AA169 -> 93.360407 | AB76: =AB168+AB28+AB44-AB60-AB169 -> 93.851705 | AC76: =AC168+AC28+AC44-AC60-AC169 -> 91.943747 | AD76: =AD168+AD28+AD44-AD60-AD169 -> 91.155713 | ... AH76: =AH168+AH28+AH44-AH60-AH169 -> 99.373556 | AI76: =AI138+AI153 -> 97.281438 | AJ76: =AJ138+AJ153 -> 95.456211 | AK76: =AK138+AK153 -> 96.509119 | AL76: =AL138+AL153 -> 96.687311 | AM76: =AM138+AM153 -> 96.657886 | AN76: =AN138+AN153 -> 97.351314 | AO76: =AO138+AO153 -> 98.179879 | AP76: =AP138+AP153 -> 126.81539 | ... BH76: =BH138+BH153 -> 112.00136
A77: April | W77: =W169+W29+W45-W61-W170 -> 79.372662 | X77: =X169+X29+X45-X61-X170 -> 85.444737 | Y77: =Y169+Y29+Y45-Y61-Y170 -> 87.588487 | Z77: =Z169+Z29+Z45-Z61-Z170 -> 81.818627 | AA77: =AA169+AA29+AA45-AA61-AA170 -> 87.958289 | AB77: =AB169+AB29+AB45-AB61-AB170 -> 88.199714 | AC77: =AC169+AC29+AC45-AC61-AC170 -> 89.307367 | AD77: =AD169+AD29+AD45-AD61-AD170 -> 84.505336 | ... AH77: =AH169+AH29+AH45-AH61-AH170 -> 91.497808 | AI77: =AI139+AI154 -> 88.933433 | AJ77: =AJ139+AJ154 -> 87.048689 | AK77: =AK139+AK154 -> 87.913169 | AL77: =AL139+AL154 -> 88.327314 | AM77: =AM139+AM154 -> 88.474564 | AN77: =AN139+AN154 -> 89.174803 | AO77: =AO139+AO154 -> 89.827804 | AP77: =AP139+AP154 -> 118.7089 | ... BH77: =BH139+BH154 -> 103.8985
A78: May | W78: =W170+W30+W46-W62-W171 -> 78.686156 | X78: =X170+X30+X46-X62-X171 -> 81.030796 | Y78: =Y170+Y30+Y46-Y62-Y171 -> 82.187527 | Z78: =Z170+Z30+Z46-Z62-Z171 -> 78.376621 | AA78: =AA170+AA30+AA46-AA62-AA171 -> 86.298349 | AB78: =AB170+AB30+AB46-AB62-AB171 -> 84.358941 | AC78: =AC170+AC30+AC46-AC62-AC171 -> 86.191537 | AD78: =AD170+AD30+AD46-AD62-AD171 -> 81.086089 | ... AH78: =AH170+AH30+AH46-AH62-AH171 -> 91.335076 | AI78: =AI140+AI155 -> 87.916477 | AJ78: =AJ140+AJ155 -> 86.285322 | AK78: =AK140+AK155 -> 87.10817 | AL78: =AL140+AL155 -> 87.614522 | AM78: =AM140+AM155 -> 87.674422 | AN78: =AN140+AN155 -> 88.439793 | AO78: =AO140+AO155 -> 88.958105 | AP78: =AP140+AP155 -> 117.50813 | ... BH78: =BH140+BH155 -> 102.68094
A79: June | W79: =W171+W31+W47-W63-W172 -> 84.386465 | X79: =X171+X31+X47-X63-X172 -> 83.484443 | Y79: =Y171+Y31+Y47-Y63-Y172 -> 89.302195 | Z79: =Z171+Z31+Z47-Z63-Z172 -> 83.969304 | AA79: =AA171+AA31+AA47-AA63-AA172 -> 90.151796 | AB79: =AB171+AB31+AB47-AB63-AB172 -> 90.452248 | AC79: =AC171+AC31+AC47-AC63-AC172 -> 91.318353 | AD79: =AD171+AD31+AD47-AD63-AD172 -> 91.306346 | ... AH79: =AH171+AH31+AH47-AH63-AH172 -> 98.150722 | AI79: =AI141+AI156 -> 97.811466 | AJ79: =AJ141+AJ156 -> 95.608516 | AK79: =AK141+AK156 -> 96.316076 | AL79: =AL141+AL156 -> 96.258553 | AM79: =AM141+AM156 -> 96.275097 | AN79: =AN141+AN156 -> 97.784066 | AO79: =AO141+AO156 -> 98.174309 | AP79: =AP141+AP156 -> 128.1471 | ... BH79: =BH141+BH156 -> 113.40477
A80: July | W80: =W172+W32+W48-W64-W173 -> 82.395481 | X80: =X172+X32+X48-X64-X173 -> 87.362732 | Y80: =Y172+Y32+Y48-Y64-Y173 -> 86.518423 | Z80: =Z172+Z32+Z48-Z64-Z173 -> 86.258048 | AA80: =AA172+AA32+AA48-AA64-AA173 -> 88.996529 | AB80: =AB172+AB32+AB48-AB64-AB173 -> 88.431029 | AC80: =AC172+AC32+AC48-AC64-AC173 -> 91.922472 | AD80: =AD172+AD32+AD48-AD64-AD173 -> 86.427046 | ... AH80: =AH172+AH32+AH48-AH64-AH173 -> 90.253664 | AI80: =AI142+AI157 -> 91.676872 | AJ80: =AJ142+AJ157 -> 89.736593 | AK80: =AK142+AK157 -> 90.345975 | AL80: =AL142+AL157 -> 90.203599 | AM80: =AM142+AM157 -> 90.070674 | AN80: =AN142+AN157 -> 91.958709 | AO80: =AO142+AO157 -> 92.162805 | AP80: =AP142+AP157 -> 122.50003 | ... BH80: =BH142+BH157 -> 107.72647
A81: August | W81: =W173+W33+W49-W65-W174 -> 85.953915 | X81: =X173+X33+X49-X65-X174 -> 90.59317 | Y81: =Y173+Y33+Y49-Y65-Y174 -> 90.508175 | Z81: =Z173+Z33+Z49-Z65-Z174 -> 87.504762 | AA81: =AA173+AA33+AA49-AA65-AA174 -> 90.044168 | AB81: =AB173+AB33+AB49-AB65-AB174 -> 89.781128 | AC81: =AC173+AC33+AC49-AC65-AC174 -> 93.214761 | AD81: =AD173+AD33+AD49-AD65-AD174 -> 90.238783 | ... AH81: =AH173+AH33+AH49-AH65-AH174 -> 93.945213 | AI81: =AI143+AI158 -> 95.555921 | AJ81: =AJ143+AJ158 -> 93.960748 | AK81: =AK143+AK158 -> 94.144943 | AL81: =AL143+AL158 -> 94.372992 | AM81: =AM143+AM158 -> 94.173143 | AN81: =AN143+AN158 -> 96.06528 | AO81: =AO143+AO158 -> 120.62235 | AP81: =AP143+AP158 -> 125.55607 | ... BH81: =BH143+BH158 -> 110.77951
A82: September | W82: =W174+W34+W50-W66-W175 -> 83.827795 | X82: =X174+X34+X50-X66-X175 -> 94.039836 | Y82: =Y174+Y34+Y50-Y66-Y175 -> 93.195464 | Z82: =Z174+Z34+Z50-Z66-Z175 -> 92.856833 | AA82: =AA174+AA34+AA50-AA66-AA175 -> 93.751289 | AB82: =AB174+AB34+AB50-AB66-AB175 -> 91.008012 | AC82: =AC174+AC34+AC50-AC66-AC175 -> 95.138479 | AD82: =AD174+AD34+AD50-AD66-AD175 -> 91.057565 | ... AH82: =AH174+AH34+AH50-AH66-AH175 -> 94.668975 | AI82: =AI144+AI159 -> 97.21073 | AJ82: =AJ144+AJ159 -> 95.514049 | AK82: =AK144+AK159 -> 96.012813 | AL82: =AL144+AL159 -> 95.907674 | AM82: =AM144+AM159 -> 95.614373 | AN82: =AN144+AN159 -> 97.947932 | AO82: =AO144+AO159 -> 123.65353 | AP82: =AP144+AP159 -> 128.57972 | ... BH82: =BH144+BH159 -> 113.76221
A83: October | W83: =W175+W35+W51-W67-W176 -> 89.927602 | X83: =X175+X35+X51-X67-X176 -> 95.025329 | Y83: =Y175+Y35+Y51-Y67-Y176 -> 92.803777 | Z83: =Z175+Z35+Z51-Z67-Z176 -> 92.458633 | AA83: =AA175+AA35+AA51-AA67-AA176 -> 93.450244 | AB83: =AB175+AB35+AB51-AB67-AB176 -> 92.137523 | AC83: =AC175+AC35+AC51-AC67-AC176 -> 96.553507 | AD83: =AD175+AD35+AD51-AD67-AD176 -> 90.327429 | ... AH83: =AH175+AH35+AH51-AH67-AH176 -> 96.88051 | AI83: =AI145+AI160 -> 95.93217 | AJ83: =AJ145+AJ160 -> 94.804156 | AK83: =AK145+AK160 -> 95.431296 | AL83: =AL145+AL160 -> 95.96187 | AM83: =AM145+AM160 -> 95.967744 | AN83: =AN145+AN160 -> 97.773734 | AO83: =AO145+AO160 -> 124.1891 | AP83: =AP145+AP160 -> 114.2147 | ... BH83: =BH145+BH160 -> 114.3545
A84: November | W84: =W176+W36+W52-W68-W177 -> 88.058785 | X84: =X176+X36+X52-X68-X177 -> 94.121451 | Y84: =Y176+Y36+Y52-Y68-Y177 -> 93.178996 | Z84: =Z176+Z36+Z52-Z68-Z177 -> 88.769605 | AA84: =AA176+AA36+AA52-AA68-AA177 -> 94.095961 | AB84: =AB176+AB36+AB52-AB68-AB177 -> 92.598764 | AC84: =AC176+AC36+AC52-AC68-AC177 -> 95.154068 | AD84: =AD176+AD36+AD52-AD68-AD177 -> 90.345714 | ... AH84: =AH176+AH36+AH52-AH68-AH177 -> 95.548068 | AI84: =AI146+AI161 -> 96.148229 | AJ84: =AJ146+AJ161 -> 94.231754 | AK84: =AK146+AK161 -> 94.855136 | AL84: =AL146+AL161 -> 94.897608 | AM84: =AM146+AM161 -> 95.179286 | AN84: =AN146+AN161 -> 96.935729 | AO84: =AO146+AO161 -> 114.87921 | AP84: =AP146+AP161 -> 114.90804 | ... BH84: =BH146+BH161 -> 115.08939
A85: December | W85: =W177+W37+W53-W69-W178 -> 58.096258 | X85: =X177+X37+X53-X69-X178 -> 91.237406 | Y85: =Y177+Y37+Y53-Y69-Y178 -> 91.845868 | Z85: =Z177+Z37+Z53-Z69-Z178 -> 89.789689 | AA85: =AA177+AA37+AA53-AA69-AA178 -> 93.840039 | AB85: =AB177+AB37+AB53-AB69-AB178 -> 91.077127 | AC85: =AC177+AC37+AC53-AC69-AC178 -> 94.516022 | AD85: =AD177+AD37+AD53-AD69-AD178 -> 90.28725 | ... AH85: =AH177+AH37+AH53-AH69-AH178 -> 94.805297 | AI85: =AI147+AI162 -> 99.811991 | AJ85: =AJ147+AJ162 -> 93.185278 | AK85: =AK147+AK162 -> 93.72747 | AL85: =AL147+AL162 -> 94.687469 | AM85: =AM147+AM162 -> 94.598375 | AN85: =AN147+AN162 -> 96.274142 | AO85: =AO147+AO162 -> 112.55742 | AP85: =AP147+AP162 -> 112.56914 | ... BH85: =BH147+BH162 -> 112.87584
A86: Total | B86: =SUM(B74:B85) -> 0 | C86: =SUM(C74:C85) -> 0 | D86: =SUM(D74:D85) -> 0 | E86: =SUM(E74:E85) -> 0 | F86: =SUM(F74:F85) -> 0 | G86: =SUM(G74:G85) -> 0 | H86: =SUM(H74:H85) -> 0 | I86: =SUM(I74:I85) -> 0 | ... BH86: =SUM(BH74:BH85) -> 1319.1447
A88: BIODIESEL PRODUCTION | B88: =B2 -> 1992 | C88: =C2 -> 1993 | D88: =D2 -> 1994 | E88: =E2 -> 1995 | F88: =F2 -> 1996 | G88: =G2 -> 1997 | H88: =H2 -> 1998 | I88: =I2 -> 1999 | ... BH88: =BH2 -> 2050
A89: January | AD89: ='[4]BD Plant List'!$AY138/1000 -> 3.6474709 | AE89: ='[4]BD Plant List'!$AY150/1000 -> 2.2810061 | AF89: ='[4]BD Plant List'!$AY162/1000 -> 1.5534871 | AG89: ='[4]BD Plant List'!$AY174/1000 -> 1.5228924 | AH89: ='[4]BD Plant List'!$AY186/1000 -> 1.8770702 | AI89: ='[4]BD Plant List'!$AY198/1000 -> 0.6511256 | AJ89: ='[4]BD Plant List'!$AY210/1000 -> 1.0660902 | AK89: ='[4]BD Plant List'!$AY222/1000 -> 2.1871232 | AL89: ='[4]BD Plant List'!$AY234/1000 -> 3.1281657 | AM89: ='[4]BD Plant List'!$AY246/1000 -> 3.0491444 | AN89: ='[4]BD Plant List'!$AY258/1000 -> 3.5385262 | AO89: ='[4]BD Plant List'!$AY270/1000 -> 4.3369247 | AP89: ='[4]BD Plant List'!$AY282/1000 -> 32.596107 | AQ89: ='[4]BD Plant List'!$AY294/1000 -> 32.687667 | AR89: ='[4]BD Plant List'!$AY306/1000 -> 32.604655 | AS89: ='[4]BD Plant List'!$AY318/1000 -> 17.59651 | AT89: ='[4]BD Plant List'!$AY330/1000 -> 17.599026 | AU89: ='[4]BD Plant List'!$AY342/1000 -> 17.616793 | AV89: ='[4]BD Plant List'!$AY354/1000 -> 17.62093 | AW89: ='[4]BD Plant List'!$AY366/1000 -> 17.607583 | AX89: ='[4]BD Plant List'!$AY378/1000 -> 17.608168 | AY89: ='[4]BD Plant List'!$AY390/1000 -> 17.6105 | AZ89: ='[4]BD Plant List'!$AY402/1000 -> 17.612795 | BA89: ='[4]BD Plant List'!$AY414/1000 -> 17.611995 | BB89: ='[4]BD Plant List'!$AY426/1000 -> 17.610208 | BC89: ='[4]BD Plant List'!$AY438/1000 -> 17.610733 | BD89: ='[4]BD Plant List'!$AY450/1000 -> 17.611246 | BE89: ='[4]BD Plant List'!$AY462/1000 -> 17.611396 | BF89: ='[4]BD Plant List'!$AY474/1000 -> 17.611116 | BG89: ='[4]BD Plant List'!$AY486/1000 -> 17.61094 | BH89: ='[4]BD Plant List'!$AY498/1000 -> 17.611086
A90: February | AD90: ='[4]BD Plant List'!$AY139/1000 -> 3.2017611 | AE90: ='[4]BD Plant List'!$AY151/1000 -> 2.5822497 | AF90: ='[4]BD Plant List'!$AY163/1000 -> 0.8674476 | AG90: ='[4]BD Plant List'!$AY175/1000 -> 1.2086677 | AH90: ='[4]BD Plant List'!$AY187/1000 -> 1.753252 | AI90: ='[4]BD Plant List'!$AY199/1000 -> 1.1676349 | AJ90: ='[4]BD Plant List'!$AY211/1000 -> 1.5000694 | AK90: ='[4]BD Plant List'!$AY223/1000 -> 2.0052733 | AL90: ='[4]BD Plant List'!$AY235/1000 -> 2.8499073 | AM90: ='[4]BD Plant List'!$AY247/1000 -> 2.8364523 | AN90: ='[4]BD Plant List'!$AY259/1000 -> 3.3976434 | AO90: ='[4]BD Plant List'!$AY271/1000 -> 4.0356436 | AP90: ='[4]BD Plant List'!$AY283/1000 -> 31.230691 | AQ90: ='[4]BD Plant List'!$AY295/1000 -> 31.333505 | AR90: ='[4]BD Plant List'!$AY307/1000 -> 31.301717 | AS90: ='[4]BD Plant List'!$AY319/1000 -> 16.279154 | AT90: ='[4]BD Plant List'!$AY331/1000 -> 16.270779 | AU90: ='[4]BD Plant List'!$AY343/1000 -> 16.283169 | AV90: ='[4]BD Plant List'!$AY355/1000 -> 16.293665 | AW90: ='[4]BD Plant List'!$AY367/1000 -> 16.285697 | AX90: ='[4]BD Plant List'!$AY379/1000 -> 16.282493 | AY90: ='[4]BD Plant List'!$AY391/1000 -> 16.28316 | AZ90: ='[4]BD Plant List'!$AY403/1000 -> 16.285637 | BA90: ='[4]BD Plant List'!$AY415/1000 -> 16.28613 | BB90: ='[4]BD Plant List'!$AY427/1000 -> 16.284623 | BC90: ='[4]BD Plant List'!$AY439/1000 -> 16.284409 | BD90: ='[4]BD Plant List'!$AY451/1000 -> 16.284792 | BE90: ='[4]BD Plant List'!$AY463/1000 -> 16.285118 | BF90: ='[4]BD Plant List'!$AY475/1000 -> 16.285014 | BG90: ='[4]BD Plant List'!$AY487/1000 -> 16.284791 | BH90: ='[4]BD Plant List'!$AY499/1000 -> 16.284825
A91: March | AD91: ='[4]BD Plant List'!$AY140/1000 -> 4.1315086 | AE91: ='[4]BD Plant List'!$AY152/1000 -> 2.2817602 | AF91: ='[4]BD Plant List'!$AY164/1000 -> 1.3227676 | AG91: ='[4]BD Plant List'!$AY176/1000 -> 1.5239723 | AH91: ='[4]BD Plant List'!$AY188/1000 -> 1.6218751 | AI91: ='[4]BD Plant List'!$AY200/1000 -> 1.9351496 | AJ91: ='[4]BD Plant List'!$AY212/1000 -> 2.3165047 | AK91: ='[4]BD Plant List'!$AY224/1000 -> 2.2626504 | AL91: ='[4]BD Plant List'!$AY236/1000 -> 3.1417675 | AM91: ='[4]BD Plant List'!$AY248/1000 -> 3.1371338 | AN91: ='[4]BD Plant List'!$AY260/1000 -> 3.8243027 | AO91: ='[4]BD Plant List'!$AY272/1000 -> 4.5060213 | AP91: ='[4]BD Plant List'!$AY284/1000 -> 33.0553 | AQ91: ='[4]BD Plant List'!$AY296/1000 -> 33.119484 | AR91: ='[4]BD Plant List'!$AY308/1000 -> 33.107103 | AS91: ='[4]BD Plant List'!$AY320/1000 -> 18.097609 | AT91: ='[4]BD Plant List'!$AY332/1000 -> 18.092653 | AU91: ='[4]BD Plant List'!$AY344/1000 -> 18.09443 | AV91: ='[4]BD Plant List'!$AY356/1000 -> 18.102256 | AW91: ='[4]BD Plant List'!$AY368/1000 -> 18.09881 | AX91: ='[4]BD Plant List'!$AY380/1000 -> 18.097152 | AY91: ='[4]BD Plant List'!$AY392/1000 -> 18.09706 | AZ91: ='[4]BD Plant List'!$AY404/1000 -> 18.097941 | BA91: ='[4]BD Plant List'!$AY416/1000 -> 18.098644 | BB91: ='[4]BD Plant List'!$AY428/1000 -> 18.097921 | BC91: ='[4]BD Plant List'!$AY440/1000 -> 18.097744 | BD91: ='[4]BD Plant List'!$AY452/1000 -> 18.097862 | BE91: ='[4]BD Plant List'!$AY464/1000 -> 18.098022 | BF91: ='[4]BD Plant List'!$AY476/1000 -> 18.098039 | BG91: ='[4]BD Plant List'!$AY488/1000 -> 18.097918 | BH91: ='[4]BD Plant List'!$AY500/1000 -> 18.097917
A92: April | AD92: ='[4]BD Plant List'!$AY141/1000 -> 2.9860186 | AE92: ='[4]BD Plant List'!$AY153/1000 -> 2.9754876 | AF92: ='[4]BD Plant List'!$AY165/1000 -> 1.2219853 | AG92: ='[4]BD Plant List'!$AY177/1000 -> 1.2421418 | AH92: ='[4]BD Plant List'!$AY189/1000 -> 2.1391042 | AI92: ='[4]BD Plant List'!$AY201/1000 -> 1.7688962 | AJ92: ='[4]BD Plant List'!$AY213/1000 -> 2.3454724 | AK92: ='[4]BD Plant List'!$AY225/1000 -> 2.4800674 | AL92: ='[4]BD Plant List'!$AY237/1000 -> 3.2025855 | AM92: ='[4]BD Plant List'!$AY249/1000 -> 3.195056 | AN92: ='[4]BD Plant List'!$AY261/1000 -> 3.9995711 | AO92: ='[4]BD Plant List'!$AY273/1000 -> 4.5685633 | AP92: ='[4]BD Plant List'!$AY285/1000 -> 33.364697 | AQ92: ='[4]BD Plant List'!$AY297/1000 -> 33.440021 | AR92: ='[4]BD Plant List'!$AY309/1000 -> 33.421363 | AS92: ='[4]BD Plant List'!$AY321/1000 -> 18.407682 | AT92: ='[4]BD Plant List'!$AY333/1000 -> 18.401715 | AU92: ='[4]BD Plant List'!$AY345/1000 -> 18.407096 | AV92: ='[4]BD Plant List'!$AY357/1000 -> 18.415575 | AW92: ='[4]BD Plant List'!$AY369/1000 -> 18.410686 | AX92: ='[4]BD Plant List'!$AY381/1000 -> 18.408551 | AY92: ='[4]BD Plant List'!$AY393/1000 -> 18.408725 | AZ92: ='[4]BD Plant List'!$AY405/1000 -> 18.410126 | BA92: ='[4]BD Plant List'!$AY417/1000 -> 18.410733 | BB92: ='[4]BD Plant List'!$AY429/1000 -> 18.409764 | BC92: ='[4]BD Plant List'!$AY441/1000 -> 18.40958 | BD92: ='[4]BD Plant List'!$AY453/1000 -> 18.409786 | BE92: ='[4]BD Plant List'!$AY465/1000 -> 18.409998 | BF92: ='[4]BD Plant List'!$AY477/1000 -> 18.409972 | BG92: ='[4]BD Plant List'!$AY489/1000 -> 18.40982 | BH92: ='[4]BD Plant List'!$AY501/1000 -> 18.409831
A93: May | AD93: ='[4]BD Plant List'!$AY142/1000 -> 3.0788748 | AE93: ='[4]BD Plant List'!$AY154/1000 -> 2.5302202 | AF93: ='[4]BD Plant List'!$AY166/1000 -> 0.87572615 | AG93: ='[4]BD Plant List'!$AY178/1000 -> 1.9699339 | AH93: ='[4]BD Plant List'!$AY190/1000 -> 2.2618426 | AI93: ='[4]BD Plant List'!$AY202/1000 -> 1.7522543 | AJ93: ='[4]BD Plant List'!$AY214/1000 -> 2.2245752 | AK93: ='[4]BD Plant List'!$AY226/1000 -> 2.7843415 | AL93: ='[4]BD Plant List'!$AY238/1000 -> 3.1220316 | AM93: ='[4]BD Plant List'!$AY250/1000 -> 3.1092379 | AN93: ='[4]BD Plant List'!$AY262/1000 -> 4.0300354 | AO93: ='[4]BD Plant List'!$AY274/1000 -> 4.3964473 | AP93: ='[4]BD Plant List'!$AY286/1000 -> 32.867481 | AQ93: ='[4]BD Plant List'!$AY298/1000 -> 32.925964 | AR93: ='[4]BD Plant List'!$AY310/1000 -> 32.897725 | AS93: ='[4]BD Plant List'!$AY322/1000 -> 17.878642 | AT93: ='[4]BD Plant List'!$AY334/1000 -> 17.873508 | AU93: ='[4]BD Plant List'!$AY346/1000 -> 17.888664 | AV93: ='[4]BD Plant List'!$AY358/1000 -> 17.8929 | AW93: ='[4]BD Plant List'!$AY370/1000 -> 17.886288 | AX93: ='[4]BD Plant List'!$AY382/1000 -> 17.884 | AY93: ='[4]BD Plant List'!$AY394/1000 -> 17.885072 | AZ93: ='[4]BD Plant List'!$AY406/1000 -> 17.887385 | BA93: ='[4]BD Plant List'!$AY418/1000 -> 17.887129 | BB93: ='[4]BD Plant List'!$AY430/1000 -> 17.885975 | BC93: ='[4]BD Plant List'!$AY442/1000 -> 17.885912 | BD93: ='[4]BD Plant List'!$AY454/1000 -> 17.886295 | BE93: ='[4]BD Plant List'!$AY466/1000 -> 17.886539 | BF93: ='[4]BD Plant List'!$AY478/1000 -> 17.88637 | BG93: ='[4]BD Plant List'!$AY490/1000 -> 17.886218 | BH93: ='[4]BD Plant List'!$AY502/1000 -> 17.886267
A94: June | AD94: ='[4]BD Plant List'!$AY143/1000 -> 4.2713856 | AE94: ='[4]BD Plant List'!$AY155/1000 -> 3.200195 | AF94: ='[4]BD Plant List'!$AY167/1000 -> 0.97974787 | AG94: ='[4]BD Plant List'!$AY179/1000 -> 2.2514045 | AH94: ='[4]BD Plant List'!$AY191/1000 -> 2.0728758 | AI94: ='[4]BD Plant List'!$AY203/1000 -> 2.123204 | AJ94: ='[4]BD Plant List'!$AY215/1000 -> 2.5677701 | AK94: ='[4]BD Plant List'!$AY227/1000 -> 3.3458252 | AL94: ='[4]BD Plant List'!$AY239/1000 -> 3.4760216 | AM94: ='[4]BD Plant List'!$AY251/1000 -> 3.4672039 | AN94: ='[4]BD Plant List'!$AY263/1000 -> 4.6182196 | AO94: ='[4]BD Plant List'!$AY275/1000 -> 4.9385332 | AP94: ='[4]BD Plant List'!$AY287/1000 -> 34.895085 | AQ94: ='[4]BD Plant List'!$AY299/1000 -> 35.001779 | AR94: ='[4]BD Plant List'!$AY311/1000 -> 34.978991 | AS94: ='[4]BD Plant List'!$AY323/1000 -> 19.961853 | AT94: ='[4]BD Plant List'!$AY335/1000 -> 19.953534 | AU94: ='[4]BD Plant List'!$AY347/1000 -> 19.958248 | AV94: ='[4]BD Plant List'!$AY359/1000 -> 19.970881 | AW94: ='[4]BD Plant List'!$AY371/1000 -> 19.964701 | AX94: ='[4]BD Plant List'!$AY383/1000 -> 19.961843 | AY94: ='[4]BD Plant List'!$AY395/1000 -> 19.961842 | AZ94: ='[4]BD Plant List'!$AY407/1000 -> 19.963503 | BA94: ='[4]BD Plant List'!$AY419/1000 -> 19.964554 | BB94: ='[4]BD Plant List'!$AY431/1000 -> 19.963289 | BC94: ='[4]BD Plant List'!$AY443/1000 -> 19.963006 | BD94: ='[4]BD Plant List'!$AY455/1000 -> 19.963239 | BE94: ='[4]BD Plant List'!$AY467/1000 -> 19.963518 | BF94: ='[4]BD Plant List'!$AY479/1000 -> 19.963521 | BG94: ='[4]BD Plant List'!$AY491/1000 -> 19.963315 | BH94: ='[4]BD Plant List'!$AY503/1000 -> 19.96332
A95: July | AD95: ='[4]BD Plant List'!$AY144/1000 -> 6.0502734 | AE95: ='[4]BD Plant List'!$AY156/1000 -> 2.8997055 | AF95: ='[4]BD Plant List'!$AY168/1000 -> 0.94627375 | AG95: ='[4]BD Plant List'!$AY180/1000 -> 2.2118114 | AH95: ='[4]BD Plant List'!$AY192/1000 -> 2.4151757 | AI95: ='[4]BD Plant List'!$AY204/1000 -> 2.1655476 | AJ95: ='[4]BD Plant List'!$AY216/1000 -> 2.5783242 | AK95: ='[4]BD Plant List'!$AY228/1000 -> 3.4216929 | AL95: ='[4]BD Plant List'!$AY240/1000 -> 3.5898565 | AM95: ='[4]BD Plant List'!$AY252/1000 -> 3.5717813 | AN95: ='[4]BD Plant List'!$AY264/1000 -> 4.9284099 | AO95: ='[4]BD Plant List'!$AY276/1000 -> 5.0619935 | AP95: ='[4]BD Plant List'!$AY288/1000 -> 35.436745 | AQ95: ='[4]BD Plant List'!$AY300/1000 -> 35.563827 | AR95: ='[4]BD Plant List'!$AY312/1000 -> 35.521694 | AS95: ='[4]BD Plant List'!$AY324/1000 -> 20.492058 | AT95: ='[4]BD Plant List'!$AY336/1000 -> 20.481603 | AU95: ='[4]BD Plant List'!$AY348/1000 -> 20.499185 | AV95: ='[4]BD Plant List'!$AY360/1000 -> 20.511673 | AW95: ='[4]BD Plant List'!$AY372/1000 -> 20.501243 | AX95: ='[4]BD Plant List'!$AY384/1000 -> 20.497153 | AY95: ='[4]BD Plant List'!$AY396/1000 -> 20.498171 | AZ95: ='[4]BD Plant List'!$AY408/1000 -> 20.501485 | BA95: ='[4]BD Plant List'!$AY420/1000 -> 20.501945 | BB95: ='[4]BD Plant List'!$AY432/1000 -> 20.499999 | BC95: ='[4]BD Plant List'!$AY444/1000 -> 20.499751 | BD95: ='[4]BD Plant List'!$AY456/1000 -> 20.50027 | BE95: ='[4]BD Plant List'!$AY468/1000 -> 20.50069 | BF95: ='[4]BD Plant List'!$AY480/1000 -> 20.500531 | BG95: ='[4]BD Plant List'!$AY492/1000 -> 20.500248 | BH95: ='[4]BD Plant List'!$AY504/1000 -> 20.500298
A96: August | AD96: ='[4]BD Plant List'!$AY145/1000 -> 5.2836396 | AE96: ='[4]BD Plant List'!$AY157/1000 -> 2.4582082 | AF96: ='[4]BD Plant List'!$AY169/1000 -> 1.0610936 | AG96: ='[4]BD Plant List'!$AY181/1000 -> 2.2258489 | AH96: ='[4]BD Plant List'!$AY193/1000 -> 1.9339402 | AI96: ='[4]BD Plant List'!$AY205/1000 -> 1.99138 | AJ96: ='[4]BD Plant List'!$AY217/1000 -> 2.4675987 | AK96: ='[4]BD Plant List'!$AY229/1000 -> 3.2599569 | AL96: ='[4]BD Plant List'!$AY241/1000 -> 3.368627 | AM96: ='[4]BD Plant List'!$AY253/1000 -> 3.3595727 | AN96: ='[4]BD Plant List'!$AY265/1000 -> 4.8020536 | AO96: ='[4]BD Plant List'!$AY277/1000 -> 29.303481 | AP96: ='[4]BD Plant List'!$AY289/1000 -> 34.296847 | AQ96: ='[4]BD Plant List'!$AY301/1000 -> 34.383064 | AR96: ='[4]BD Plant List'!$AY313/1000 -> 34.360831 | AS96: ='[4]BD Plant List'!$AY325/1000 -> 19.344633 | AT96: ='[4]BD Plant List'!$AY337/1000 -> 19.337771 | AU96: ='[4]BD Plant List'!$AY349/1000 -> 19.344629 | AV96: ='[4]BD Plant List'!$AY361/1000 -> 19.354186 | AW96: ='[4]BD Plant List'!$AY373/1000 -> 19.34841 | AX96: ='[4]BD Plant List'!$AY385/1000 -> 19.345926 | AY96: ='[4]BD Plant List'!$AY397/1000 -> 19.346184 | AZ96: ='[4]BD Plant List'!$AY409/1000 -> 19.347867 | BA96: ='[4]BD Plant List'!$AY421/1000 -> 19.348514 | BB96: ='[4]BD Plant List'!$AY433/1000 -> 19.34738 | BC96: ='[4]BD Plant List'!$AY445/1000 -> 19.347174 | BD96: ='[4]BD Plant List'!$AY457/1000 -> 19.347424 | BE96: ='[4]BD Plant List'!$AY469/1000 -> 19.347672 | BF96: ='[4]BD Plant List'!$AY481/1000 -> 19.347633 | BG96: ='[4]BD Plant List'!$AY493/1000 -> 19.347457 | BH96: ='[4]BD Plant List'!$AY505/1000 -> 19.347472
A97: September | AD97: ='[4]BD Plant List'!$AY146/1000 -> 4.1714135 | AE97: ='[4]BD Plant List'!$AY158/1000 -> 2.0257596 | AF97: ='[4]BD Plant List'!$AY170/1000 -> 1.6499501 | AG97: ='[4]BD Plant List'!$AY182/1000 -> 2.0361623 | AH97: ='[4]BD Plant List'!$AY194/1000 -> 1.9224223 | AI97: ='[4]BD Plant List'!$AY206/1000 -> 1.9913033 | AJ97: ='[4]BD Plant List'!$AY218/1000 -> 2.683079 | AK97: ='[4]BD Plant List'!$AY230/1000 -> 3.608065 | AL97: ='[4]BD Plant List'!$AY242/1000 -> 3.6264071 | AM97: ='[4]BD Plant List'!$AY254/1000 -> 3.6258533 | AN97: ='[4]BD Plant List'!$AY266/1000 -> 5.2957861 | AO97: ='[4]BD Plant List'!$AY278/1000 -> 30.974338 | AP97: ='[4]BD Plant List'!$AY290/1000 -> 35.960429 | AQ97: ='[4]BD Plant List'!$AY302/1000 -> 35.976498 | AR97: ='[4]BD Plant List'!$AY314/1000 -> 35.9746 | AS97: ='[4]BD Plant List'!$AY326/1000 -> 20.972963 | AT97: ='[4]BD Plant List'!$AY338/1000 -> 20.971766 | AU97: ='[4]BD Plant List'!$AY350/1000 -> 20.971251 | AV97: ='[4]BD Plant List'!$AY362/1000 -> 20.973416 | AW97: ='[4]BD Plant List'!$AY374/1000 -> 20.972799 | AX97: ='[4]BD Plant List'!$AY386/1000 -> 20.972439 | AY97: ='[4]BD Plant List'!$AY398/1000 -> 20.972334 | AZ97: ='[4]BD Plant List'!$AY410/1000 -> 20.972448 | BA97: ='[4]BD Plant List'!$AY422/1000 -> 20.972687 | BB97: ='[4]BD Plant List'!$AY434/1000 -> 20.972541 | BC97: ='[4]BD Plant List'!$AY446/1000 -> 20.97249 | BD97: ='[4]BD Plant List'!$AY458/1000 -> 20.9725 | BE97: ='[4]BD Plant List'!$AY470/1000 -> 20.972533 | BF97: ='[4]BD Plant List'!$AY482/1000 -> 20.97255 | BG97: ='[4]BD Plant List'!$AY494/1000 -> 20.972523 | BH97: ='[4]BD Plant List'!$AY506/1000 -> 20.972519
A98: October | AD98: ='[4]BD Plant List'!$AY147/1000 -> 4.0922381 | AE98: ='[4]BD Plant List'!$AY159/1000 -> 1.8866371 | AF98: ='[4]BD Plant List'!$AY171/1000 -> 1.3792777 | AG98: ='[4]BD Plant List'!$AY183/1000 -> 1.5844416 | AH98: ='[4]BD Plant List'!$AY195/1000 -> 1.8774302 | AI98: ='[4]BD Plant List'!$AY207/1000 -> 1.7534139 | AJ98: ='[4]BD Plant List'!$AY219/1000 -> 2.7932298 | AK98: ='[4]BD Plant List'!$AY231/1000 -> 3.8264376 | AL98: ='[4]BD Plant List'!$AY243/1000 -> 3.7868789 | AM98: ='[4]BD Plant List'!$AY255/1000 -> 3.7893028 | AN98: ='[4]BD Plant List'!$AY267/1000 -> 5.6681915 | AO98: ='[4]BD Plant List'!$AY279/1000 -> 31.965717 | AP98: ='[4]BD Plant List'!$AY291/1000 -> 21.979592 | AQ98: ='[4]BD Plant List'!$AY303/1000 -> 36.946825 | AR98: ='[4]BD Plant List'!$AY315/1000 -> 36.953263 | AS98: ='[4]BD Plant List'!$AY327/1000 -> 21.958181 | AT98: ='[4]BD Plant List'!$AY339/1000 -> 21.960716 | AU98: ='[4]BD Plant List'!$AY351/1000 -> 21.959715 | AV98: ='[4]BD Plant List'!$AY363/1000 -> 21.95574 | AW98: ='[4]BD Plant List'!$AY375/1000 -> 21.957523 | AX98: ='[4]BD Plant List'!$AY387/1000 -> 21.958375 | AY98: ='[4]BD Plant List'!$AY399/1000 -> 21.958414 | AZ98: ='[4]BD Plant List'!$AY411/1000 -> 21.957954 | BA98: ='[4]BD Plant List'!$AY423/1000 -> 21.957601 | BB98: ='[4]BD Plant List'!$AY435/1000 -> 21.957973 | BC98: ='[4]BD Plant List'!$AY447/1000 -> 21.958063 | BD98: ='[4]BD Plant List'!$AY459/1000 -> 21.958001 | BE98: ='[4]BD Plant List'!$AY471/1000 -> 21.957918 | BF98: ='[4]BD Plant List'!$AY483/1000 -> 21.957911 | BG98: ='[4]BD Plant List'!$AY495/1000 -> 21.957974 | BH98: ='[4]BD Plant List'!$AY507/1000 -> 21.957974
A99: November | AD99: ='[4]BD Plant List'!$AY148/1000 -> 4.9186786 | AE99: ='[4]BD Plant List'!$AY160/1000 -> 2.1111004 | AF99: ='[4]BD Plant List'!$AY172/1000 -> 1.4519849 | AG99: ='[4]BD Plant List'!$AY184/1000 -> 1.6657873 | AH99: ='[4]BD Plant List'!$AY196/1000 -> 1.6798249 | AI99: ='[4]BD Plant List'!$AY208/1000 -> 2.1571193 | AJ99: ='[4]BD Plant List'!$AY220/1000 -> 2.9774055 | AK99: ='[4]BD Plant List'!$AY232/1000 -> 4.1061719 | AL99: ='[4]BD Plant List'!$AY244/1000 -> 4.0850784 | AM99: ='[4]BD Plant List'!$AY256/1000 -> 4.0829289 | AN99: ='[4]BD Plant List'!$AY268/1000 -> 5.7236454 | AO99: ='[4]BD Plant List'!$AY280/1000 -> 23.595045 | AP99: ='[4]BD Plant List'!$AY292/1000 -> 23.647681 | AQ99: ='[4]BD Plant List'!$AY304/1000 -> 23.624777 | AR99: ='[4]BD Plant List'!$AY316/1000 -> 23.621668 | AS99: ='[4]BD Plant List'!$AY328/1000 -> 23.620425 | AT99: ='[4]BD Plant List'!$AY340/1000 -> 23.621919 | AU99: ='[4]BD Plant List'!$AY352/1000 -> 23.627294 | AV99: ='[4]BD Plant List'!$AY364/1000 -> 23.623217 | AW99: ='[4]BD Plant List'!$AY376/1000 -> 23.622905 | AX99: ='[4]BD Plant List'!$AY388/1000 -> 23.623152 | AY99: ='[4]BD Plant List'!$AY400/1000 -> 23.623697 | AZ99: ='[4]BD Plant List'!$AY412/1000 -> 23.624053 | BA99: ='[4]BD Plant List'!$AY424/1000 -> 23.623405 | BB99: ='[4]BD Plant List'!$AY436/1000 -> 23.623442 | BC99: ='[4]BD Plant List'!$AY448/1000 -> 23.62355 | BD99: ='[4]BD Plant List'!$AY460/1000 -> 23.623629 | BE99: ='[4]BD Plant List'!$AY472/1000 -> 23.623616 | BF99: ='[4]BD Plant List'!$AY484/1000 -> 23.623529 | BG99: ='[4]BD Plant List'!$AY496/1000 -> 23.623553 | BH99: ='[4]BD Plant List'!$AY508/1000 -> 23.623575
A100: December | AD100: ='[4]BD Plant List'!$AY149/1000 -> 3.4965373 | AE100: ='[4]BD Plant List'!$AY161/1000 -> 2.0749226 | AF100: ='[4]BD Plant List'!$AY173/1000 -> 1.3087301 | AG100: ='[4]BD Plant List'!$AY185/1000 -> 1.9256617 | AH100: ='[4]BD Plant List'!$AY197/1000 -> 0.7900612 | AI100: ='[4]BD Plant List'!$AY209/1000 -> 3.4977967 | AJ100: ='[4]BD Plant List'!$AY221/1000 -> 2.7482181 | AK100: ='[4]BD Plant List'!$AY233/1000 -> 3.699626 | AL100: ='[4]BD Plant List'!$AY245/1000 -> 3.7142759 | AM100: ='[4]BD Plant List'!$AY257/1000 -> 3.7137367 | AN100: ='[4]BD Plant List'!$AY269/1000 -> 5.2704574 | AO100: ='[4]BD Plant List'!$AY281/1000 -> 21.483126 | AP100: ='[4]BD Plant List'!$AY293/1000 -> 21.473254 | AQ100: ='[4]BD Plant List'!$AY305/1000 -> 21.485973 | AR100: ='[4]BD Plant List'!$AY317/1000 -> 21.484269 | AS100: ='[4]BD Plant List'!$AY329/1000 -> 21.482849 | AT100: ='[4]BD Plant List'!$AY341/1000 -> 21.481894 | AU100: ='[4]BD Plant List'!$AY353/1000 -> 21.481648 | AV100: ='[4]BD Plant List'!$AY365/1000 -> 21.483327 | AW100: ='[4]BD Plant List'!$AY377/1000 -> 21.482797 | AX100: ='[4]BD Plant List'!$AY389/1000 -> 21.482503 | AY100: ='[4]BD Plant List'!$AY401/1000 -> 21.482434 | AZ100: ='[4]BD Plant List'!$AY413/1000 -> 21.482542 | BA100: ='[4]BD Plant List'!$AY425/1000 -> 21.482721 | BB100: ='[4]BD Plant List'!$AY437/1000 -> 21.482599 | BC100: ='[4]BD Plant List'!$AY449/1000 -> 21.48256 | BD100: ='[4]BD Plant List'!$AY461/1000 -> 21.482571 | BE100: ='[4]BD Plant List'!$AY473/1000 -> 21.482598 | BF100: ='[4]BD Plant List'!$AY485/1000 -> 21.48261 | BG100: ='[4]BD Plant List'!$AY497/1000 -> 21.482588 | BH100: ='[4]BD Plant List'!$AY509/1000 -> 21.482585
A101: Total | AD101: =SUM(AD89:AD100) -> 49.3298 | AE101: =SUM(AE89:AE100) -> 29.307252 | AF101: =SUM(AF89:AF100) -> 14.618472 | AG101: =SUM(AG89:AG100) -> 21.368726 | AH101: =SUM(AH89:AH100) -> 22.344874 | AI101: =SUM(AI89:AI100) -> 22.954826 | AJ101: =SUM(AJ89:AJ100) -> 28.268337 | AK101: =SUM(AK89:AK100) -> 36.987231 | ... BH101: =SUM(BH89:BH100) -> 236.13767
A104: RENEWABLE DIESEL PRODUCTION | B104: =B2 -> 1992 | C104: =C2 -> 1993 | D104: =D2 -> 1994 | E104: =E2 -> 1995 | F104: =F2 -> 1996 | G104: =G2 -> 1997 | H104: =H2 -> 1998 | I104: =I2 -> 1999 | ... BH104: =BH2 -> 2050
A105: January | AD105: ='[4]RD Plant List'!$AV6/1000 -> 0 | AE105: ='[4]RD Plant List'!$AV18/1000 -> 0 | AF105: ='[4]RD Plant List'!$AV30/1000 -> 0 | AG105: ='[4]RD Plant List'!$AV42/1000 -> 0 | AH105: ='[4]RD Plant List'!$AV54/1000 -> 2.322218 | AI105: ='[4]RD Plant List'!$AV66/1000 -> 1.9716877 | AJ105: ='[4]RD Plant List'!$AV78/1000 -> 2.3578753 | AK105: ='[4]RD Plant List'!$AV90/1000 -> 1.3557963 | AL105: ='[4]RD Plant List'!$AV102/1000 -> 1.1086017 | AM105: ='[4]RD Plant List'!$AV114/1000 -> 1.1423473 | AN105: ='[4]RD Plant List'!$AV126/1000 -> 1.1843231 | AO105: ='[4]RD Plant List'!$AV138/1000 -> 1.2075502 | AP105: ='[4]RD Plant List'!$AV150/1000 -> 1.2338404 | AQ105: ='[4]RD Plant List'!$AV162/1000 -> 1.2502461 | AR105: ='[4]RD Plant List'!$AV174/1000 -> 1.272259 | AS105: ='[4]RD Plant List'!$AV186/1000 -> 1.2938523 | AT105: ='[4]RD Plant List'!$AV198/1000 -> 1.3034007 | AU105: ='[4]RD Plant List'!$AV210/1000 -> 1.3037439 | AV105: ='[4]RD Plant List'!$AV222/1000 -> 1.3038092 | AW105: ='[4]RD Plant List'!$AV234/1000 -> 1.3036513 | AX105: ='[4]RD Plant List'!$AV246/1000 -> 1.3037348 | AY105: ='[4]RD Plant List'!$AV258/1000 -> 1.3037317 | AZ105: ='[4]RD Plant List'!$AV270/1000 -> 1.3037059 | BA105: ='[4]RD Plant List'!$AV282/1000 -> 1.3086693 | BB105: ='[4]RD Plant List'!$AV294/1000 -> 1.3086657 | BC105: ='[4]RD Plant List'!$AV306/1000 -> 1.308662 | BD105: ='[4]RD Plant List'!$AV318/1000 -> 1.3086657 | BE105: ='[4]RD Plant List'!$AV330/1000 -> 1.3086645 | BF105: ='[4]RD Plant List'!$AV342/1000 -> 1.308664 | BG105: ='[4]RD Plant List'!$AV354/1000 -> 1.3086647 | BH105: ='[4]RD Plant List'!$AV366/1000 -> 1.3086644
A106: February | AD106: ='[4]RD Plant List'!$AV7/1000 -> 0 | AE106: ='[4]RD Plant List'!$AV19/1000 -> 0 | AF106: ='[4]RD Plant List'!$AV31/1000 -> 0 | AG106: ='[4]RD Plant List'!$AV43/1000 -> 0 | AH106: ='[4]RD Plant List'!$AV55/1000 -> 3.3425033 | AI106: ='[4]RD Plant List'!$AV67/1000 -> 1.9848009 | AJ106: ='[4]RD Plant List'!$AV79/1000 -> 1.8398713 | AK106: ='[4]RD Plant List'!$AV91/1000 -> 1.6422828 | AL106: ='[4]RD Plant List'!$AV103/1000 -> 1.2764601 | AM106: ='[4]RD Plant List'!$AV115/1000 -> 1.3449431 | AN106: ='[4]RD Plant List'!$AV127/1000 -> 1.3962672 | AO106: ='[4]RD Plant List'!$AV139/1000 -> 1.412272 | AP106: ='[4]RD Plant List'!$AV151/1000 -> 1.4500323 | AQ106: ='[4]RD Plant List'!$AV163/1000 -> 1.4684729 | AR106: ='[4]RD Plant List'!$AV175/1000 -> 1.4925278 | AS106: ='[4]RD Plant List'!$AV187/1000 -> 1.5193558 | AT106: ='[4]RD Plant List'!$AV199/1000 -> 1.5301764 | AU106: ='[4]RD Plant List'!$AV211/1000 -> 1.5303437 | AV106: ='[4]RD Plant List'!$AV223/1000 -> 1.5307072 | AW106: ='[4]RD Plant List'!$AV235/1000 -> 1.5304091 | AX106: ='[4]RD Plant List'!$AV247/1000 -> 1.5304866 | AY106: ='[4]RD Plant List'!$AV259/1000 -> 1.5305343 | AZ106: ='[4]RD Plant List'!$AV271/1000 -> 1.5304767 | BA106: ='[4]RD Plant List'!$AV283/1000 -> 1.5363045 | BB106: ='[4]RD Plant List'!$AV295/1000 -> 1.5363087 | BC106: ='[4]RD Plant List'!$AV307/1000 -> 1.5362983 | BD106: ='[4]RD Plant List'!$AV319/1000 -> 1.5363038 | BE106: ='[4]RD Plant List'!$AV331/1000 -> 1.5363036 | BF106: ='[4]RD Plant List'!$AV343/1000 -> 1.5363019 | BG106: ='[4]RD Plant List'!$AV355/1000 -> 1.5363031 | BH106: ='[4]RD Plant List'!$AV367/1000 -> 1.5363029
A107: March | AD107: ='[4]RD Plant List'!$AV8/1000 -> 0 | AE107: ='[4]RD Plant List'!$AV20/1000 -> 0 | AF107: ='[4]RD Plant List'!$AV32/1000 -> 0 | AG107: ='[4]RD Plant List'!$AV44/1000 -> 0 | AH107: ='[4]RD Plant List'!$AV56/1000 -> 5.738891 | AI107: ='[4]RD Plant List'!$AV68/1000 -> 5.0866347 | AJ107: ='[4]RD Plant List'!$AV80/1000 -> 2.4015224 | AK107: ='[4]RD Plant List'!$AV92/1000 -> 3.1804322 | AL107: ='[4]RD Plant List'!$AV104/1000 -> 2.5640264 | AM107: ='[4]RD Plant List'!$AV116/1000 -> 2.5874317 | AN107: ='[4]RD Plant List'!$AV128/1000 -> 2.7312689 | AO107: ='[4]RD Plant List'!$AV140/1000 -> 2.770898 | AP107: ='[4]RD Plant List'!$AV152/1000 -> 2.8241794 | AQ107: ='[4]RD Plant List'!$AV164/1000 -> 2.8711539 | AR107: ='[4]RD Plant List'!$AV176/1000 -> 2.9177407 | AS107: ='[4]RD Plant List'!$AV188/1000 -> 2.9667255 | AT107: ='[4]RD Plant List'!$AV200/1000 -> 2.9903074 | AU107: ='[4]RD Plant List'!$AV212/1000 -> 2.9901528 | AV107: ='[4]RD Plant List'!$AV224/1000 -> 2.9903696 | AW107: ='[4]RD Plant List'!$AV236/1000 -> 2.9902766 | AX107: ='[4]RD Plant List'!$AV248/1000 -> 2.9902663 | AY107: ='[4]RD Plant List'!$AV260/1000 -> 2.9903042 | AZ107: ='[4]RD Plant List'!$AV272/1000 -> 2.9902824 | BA107: ='[4]RD Plant List'!$AV284/1000 -> 3.0016266 | BB107: ='[4]RD Plant List'!$AV296/1000 -> 3.0016326 | BC107: ='[4]RD Plant List'!$AV308/1000 -> 3.001628 | BD107: ='[4]RD Plant List'!$AV320/1000 -> 3.0016291 | BE107: ='[4]RD Plant List'!$AV332/1000 -> 3.0016299 | BF107: ='[4]RD Plant List'!$AV344/1000 -> 3.001629 | BG107: ='[4]RD Plant List'!$AV356/1000 -> 3.0016293 | BH107: ='[4]RD Plant List'!$AV368/1000 -> 3.0016294
A108: April | AD108: ='[4]RD Plant List'!$AV9/1000 -> 0 | AE108: ='[4]RD Plant List'!$AV21/1000 -> 0 | AF108: ='[4]RD Plant List'!$AV33/1000 -> 0 | AG108: ='[4]RD Plant List'!$AV45/1000 -> 0.4827385 | AH108: ='[4]RD Plant List'!$AV57/1000 -> 4.7887843 | AI108: ='[4]RD Plant List'!$AV69/1000 -> 4.5887575 | AJ108: ='[4]RD Plant List'!$AV81/1000 -> 2.0555058 | AK108: ='[4]RD Plant List'!$AV93/1000 -> 2.5379148 | AL108: ='[4]RD Plant List'!$AV105/1000 -> 2.2310963 | AM108: ='[4]RD Plant List'!$AV117/1000 -> 2.234584 | AN108: ='[4]RD Plant List'!$AV129/1000 -> 2.3637852 | AO108: ='[4]RD Plant List'!$AV141/1000 -> 2.4006606 | AP108: ='[4]RD Plant List'!$AV153/1000 -> 2.4434483 | AQ108: ='[4]RD Plant List'!$AV165/1000 -> 2.4854807 | AR108: ='[4]RD Plant List'!$AV177/1000 -> 2.5260168 | AS108: ='[4]RD Plant List'!$AV189/1000 -> 2.5678146 | AT108: ='[4]RD Plant List'!$AV201/1000 -> 2.5885629 | AU108: ='[4]RD Plant List'!$AV213/1000 -> 2.5884078 | AV108: ='[4]RD Plant List'!$AV225/1000 -> 2.5884978 | AW108: ='[4]RD Plant List'!$AV237/1000 -> 2.5884895 | AX108: ='[4]RD Plant List'!$AV249/1000 -> 2.588465 | AY108: ='[4]RD Plant List'!$AV261/1000 -> 2.5884841 | AZ108: ='[4]RD Plant List'!$AV273/1000 -> 2.5884795 | BA108: ='[4]RD Plant List'!$AV285/1000 -> 2.5982945 | BB108: ='[4]RD Plant List'!$AV297/1000 -> 2.5982982 | BC108: ='[4]RD Plant List'!$AV309/1000 -> 2.5982968 | BD108: ='[4]RD Plant List'!$AV321/1000 -> 2.5982965 | BE108: ='[4]RD Plant List'!$AV333/1000 -> 2.5982972 | BF108: ='[4]RD Plant List'!$AV345/1000 -> 2.5982968 | BG108: ='[4]RD Plant List'!$AV357/1000 -> 2.5982968 | BH108: ='[4]RD Plant List'!$AV369/1000 -> 2.5982969
A109: May | AD109: ='[4]RD Plant List'!$AV10/1000 -> 0 | AE109: ='[4]RD Plant List'!$AV22/1000 -> 0 | AF109: ='[4]RD Plant List'!$AV34/1000 -> 0 | AG109: ='[4]RD Plant List'!$AV46/1000 -> 1.3884846 | AH109: ='[4]RD Plant List'!$AV58/1000 -> 5.1240246 | AI109: ='[4]RD Plant List'!$AV70/1000 -> 4.8517373 | AJ109: ='[4]RD Plant List'!$AV82/1000 -> 2.2421049 | AK109: ='[4]RD Plant List'!$AV94/1000 -> 2.3716608 | AL109: ='[4]RD Plant List'!$AV106/1000 -> 2.3984497 | AM109: ='[4]RD Plant List'!$AV118/1000 -> 2.4106297 | AN109: ='[4]RD Plant List'!$AV130/1000 -> 2.5433798 | AO109: ='[4]RD Plant List'!$AV142/1000 -> 2.5845008 | AP109: ='[4]RD Plant List'!$AV154/1000 -> 2.6317877 | AQ109: ='[4]RD Plant List'!$AV166/1000 -> 2.6757477 | AR109: ='[4]RD Plant List'!$AV178/1000 -> 2.7198543 | AS109: ='[4]RD Plant List'!$AV190/1000 -> 2.7649898 | AT109: ='[4]RD Plant List'!$AV202/1000 -> 2.7870874 | AU109: ='[4]RD Plant List'!$AV214/1000 -> 2.7870389 | AV109: ='[4]RD Plant List'!$AV226/1000 -> 2.7871377 | AW109: ='[4]RD Plant List'!$AV238/1000 -> 2.787088 | AX109: ='[4]RD Plant List'!$AV250/1000 -> 2.7870882 | AY109: ='[4]RD Plant List'!$AV262/1000 -> 2.7871046 | AZ109: ='[4]RD Plant List'!$AV274/1000 -> 2.7870936 | BA109: ='[4]RD Plant List'!$AV286/1000 -> 2.7976671 | BB109: ='[4]RD Plant List'!$AV298/1000 -> 2.7976695 | BC109: ='[4]RD Plant List'!$AV310/1000 -> 2.7976673 | BD109: ='[4]RD Plant List'!$AV322/1000 -> 2.797668 | BE109: ='[4]RD Plant List'!$AV334/1000 -> 2.7976683 | BF109: ='[4]RD Plant List'!$AV346/1000 -> 2.7976679 | BG109: ='[4]RD Plant List'!$AV358/1000 -> 2.797668 | BH109: ='[4]RD Plant List'!$AV370/1000 -> 2.7976681
A110: June | AD110: ='[4]RD Plant List'!$AV11/1000 -> 0 | AE110: ='[4]RD Plant List'!$AV23/1000 -> 0 | AF110: ='[4]RD Plant List'!$AV35/1000 -> 0 | AG110: ='[4]RD Plant List'!$AV47/1000 -> 2.4682767 | AH110: ='[4]RD Plant List'!$AV59/1000 -> 6.838788 | AI110: ='[4]RD Plant List'!$AV71/1000 -> 5.8339908 | AJ110: ='[4]RD Plant List'!$AV83/1000 -> 2.7872822 | AK110: ='[4]RD Plant List'!$AV95/1000 -> 2.7392283 | AL110: ='[4]RD Plant List'!$AV107/1000 -> 2.9739684 | AM110: ='[4]RD Plant List'!$AV119/1000 -> 3.007957 | AN110: ='[4]RD Plant List'!$AV131/1000 -> 3.1763947 | AO110: ='[4]RD Plant List'!$AV143/1000 -> 3.2192883 | AP110: ='[4]RD Plant List'!$AV155/1000 -> 3.2829275 | AQ110: ='[4]RD Plant List'!$AV167/1000 -> 3.3374519 | AR110: ='[4]RD Plant List'!$AV179/1000 -> 3.3910719 | AS110: ='[4]RD Plant List'!$AV191/1000 -> 3.4483888 | AT110: ='[4]RD Plant List'!$AV203/1000 -> 3.4757215 | AU110: ='[4]RD Plant List'!$AV215/1000 -> 3.4754657 | AV110: ='[4]RD Plant List'!$AV227/1000 -> 3.4757941 | AW110: ='[4]RD Plant List'!$AV239/1000 -> 3.4756604 | AX110: ='[4]RD Plant List'!$AV251/1000 -> 3.4756401 | AY110: ='[4]RD Plant List'!$AV263/1000 -> 3.4756982 | AZ110: ='[4]RD Plant List'!$AV275/1000 -> 3.4756662 | BA110: ='[4]RD Plant List'!$AV287/1000 -> 3.4888516 | BB110: ='[4]RD Plant List'!$AV299/1000 -> 3.488861 | BC110: ='[4]RD Plant List'!$AV311/1000 -> 3.4888541 | BD110: ='[4]RD Plant List'!$AV323/1000 -> 3.4888556 | BE110: ='[4]RD Plant List'!$AV335/1000 -> 3.4888569 | BF110: ='[4]RD Plant List'!$AV347/1000 -> 3.4888555 | BG110: ='[4]RD Plant List'!$AV359/1000 -> 3.488856 | BH110: ='[4]RD Plant List'!$AV371/1000 -> 3.4888562
A111: July | AD111: ='[4]RD Plant List'!$AV12/1000 -> 0 | AE111: ='[4]RD Plant List'!$AV24/1000 -> 0 | AF111: ='[4]RD Plant List'!$AV36/1000 -> 0 | AG111: ='[4]RD Plant List'!$AV48/1000 -> 2.3921893 | AH111: ='[4]RD Plant List'!$AV60/1000 -> 5.5443707 | AI111: ='[4]RD Plant List'!$AV72/1000 -> 5.3924213 | AJ111: ='[4]RD Plant List'!$AV84/1000 -> 2.4537016 | AK111: ='[4]RD Plant List'!$AV96/1000 -> 2.3818707 | AL111: ='[4]RD Plant List'!$AV108/1000 -> 2.636415 | AM111: ='[4]RD Plant List'!$AV120/1000 -> 2.6436467 | AN111: ='[4]RD Plant List'!$AV132/1000 -> 2.790608 | AO111: ='[4]RD Plant List'!$AV144/1000 -> 2.8369627 | AP111: ='[4]RD Plant List'!$AV156/1000 -> 2.8875847 | AQ111: ='[4]RD Plant List'!$AV168/1000 -> 2.9362605 | AR111: ='[4]RD Plant List'!$AV180/1000 -> 2.9847982 | AS111: ='[4]RD Plant List'!$AV192/1000 -> 3.0340883 | AT111: ='[4]RD Plant List'!$AV204/1000 -> 3.0584518 | AU111: ='[4]RD Plant List'!$AV216/1000 -> 3.0584024 | AV111: ='[4]RD Plant List'!$AV228/1000 -> 3.0584701 | AW111: ='[4]RD Plant List'!$AV240/1000 -> 3.0584414 | AX111: ='[4]RD Plant List'!$AV252/1000 -> 3.058438 | AY111: ='[4]RD Plant List'!$AV264/1000 -> 3.0584498 | AZ111: ='[4]RD Plant List'!$AV276/1000 -> 3.0584431 | BA111: ='[4]RD Plant List'!$AV288/1000 -> 3.0700445 | BB111: ='[4]RD Plant List'!$AV300/1000 -> 3.0700464 | BC111: ='[4]RD Plant List'!$AV312/1000 -> 3.070045 | BD111: ='[4]RD Plant List'!$AV324/1000 -> 3.0700453 | BE111: ='[4]RD Plant List'!$AV336/1000 -> 3.0700455 | BF111: ='[4]RD Plant List'!$AV348/1000 -> 3.0700453 | BG111: ='[4]RD Plant List'!$AV360/1000 -> 3.0700454 | BH111: ='[4]RD Plant List'!$AV372/1000 -> 3.0700454
...

Sheet Mexico Yellow Grease
A1: CANADA YELLOW GREASE SUPPLY AND DEMAND (000 tonnes)
B2: ='Canada Choice White Grease'!B2 -> 1992 | C2: ='Canada Choice White Grease'!C2 -> 93/94 | D2: ='Canada Choice White Grease'!D2 -> 94/95 | E2: ='Canada Choice White Grease'!E2 -> 95/96 | F2: ='Canada Choice White Grease'!F2 -> 96/97 | G2: ='Canada Choice White Grease'!G2 -> 97/98 | H2: ='Canada Choice White Grease'!H2 -> 98/99 | I2: ='Canada Choice White Grease'!I2 -> 99/00 | ... AX2: ='Canada Choice White Grease'!AX2 -> 40/41
A3: Carryin (January 1) | C3: =('[2]Yellow Grease Complex'!B$4/'[2]Used Cooking Oil Complex'!B$4)*'Mexico Used Cooking Oil'!C3 -> 0 | D3: =('[2]Yellow Grease Complex'!C$4/'[2]Used Cooking Oil Complex'!C$4)*'Mexico Used Cooking Oil'!D3 -> 0 | E3: =('[2]Yellow Grease Complex'!D$4/'[2]Used Cooking Oil Complex'!D$4)*'Mexico Used Cooking Oil'!E3 -> 0 | F3: =('[2]Yellow Grease Complex'!E$4/'[2]Used Cooking Oil Complex'!E$4)*'Mexico Used Cooking Oil'!F3 -> 0 | G3: =('[2]Yellow Grease Complex'!F$4/'[2]Used Cooking Oil Complex'!F$4)*'Mexico Used Cooking Oil'!G3 -> 0 | H3: =('[2]Yellow Grease Complex'!G$4/'[2]Used Cooking Oil Complex'!G$4)*'Mexico Used Cooking Oil'!H3 -> 0 | I3: =('[2]Yellow Grease Complex'!H$4/'[2]Used Cooking Oil Complex'!H$4)*'Mexico Used Cooking Oil'!I3 -> 0 | J3: =('[2]Yellow Grease Complex'!I$4/'[2]Used Cooking Oil Complex'!I$4)*'Mexico Used Cooking Oil'!J3 -> 0 | ... AV3: =('[2]Yellow Grease Complex'!AU$4/'[2]Used Cooking Oil Complex'!AU$4)*'Mexico Used Cooking Oil'!AV3 -> 0.0056041945
A4: Production | C4: =('[2]Yellow Grease Complex'!B$4/'[2]Used Cooking Oil Complex'!B$4)*'Mexico Used Cooking Oil'!C4 -> 0 | D4: =('[2]Yellow Grease Complex'!C$4/'[2]Used Cooking Oil Complex'!C$4)*'Mexico Used Cooking Oil'!D4 -> 0 | E4: =('[2]Yellow Grease Complex'!D$4/'[2]Used Cooking Oil Complex'!D$4)*'Mexico Used Cooking Oil'!E4 -> 0 | F4: =('[2]Yellow Grease Complex'!E$4/'[2]Used Cooking Oil Complex'!E$4)*'Mexico Used Cooking Oil'!F4 -> 0 | G4: =('[2]Yellow Grease Complex'!F$4/'[2]Used Cooking Oil Complex'!F$4)*'Mexico Used Cooking Oil'!G4 -> 0 | H4: =('[2]Yellow Grease Complex'!G$4/'[2]Used Cooking Oil Complex'!G$4)*'Mexico Used Cooking Oil'!H4 -> 0 | I4: =('[2]Yellow Grease Complex'!H$4/'[2]Used Cooking Oil Complex'!H$4)*'Mexico Used Cooking Oil'!I4 -> 0 | J4: =('[2]Yellow Grease Complex'!I$4/'[2]Used Cooking Oil Complex'!I$4)*'Mexico Used Cooking Oil'!J4 -> 0 | ... AV4: =('[2]Yellow Grease Complex'!AU$4/'[2]Used Cooking Oil Complex'!AU$4)*'Mexico Used Cooking Oil'!AV4 -> 36.032121
A5: Imports | C5: =('[2]Yellow Grease Complex'!B$4/'[2]Used Cooking Oil Complex'!B$4)*'Mexico Used Cooking Oil'!C5 -> 0 | D5: =('[2]Yellow Grease Complex'!C$4/'[2]Used Cooking Oil Complex'!C$4)*'Mexico Used Cooking Oil'!D5 -> 0 | E5: =('[2]Yellow Grease Complex'!D$4/'[2]Used Cooking Oil Complex'!D$4)*'Mexico Used Cooking Oil'!E5 -> 0 | F5: =('[2]Yellow Grease Complex'!E$4/'[2]Used Cooking Oil Complex'!E$4)*'Mexico Used Cooking Oil'!F5 -> 0 | G5: =('[2]Yellow Grease Complex'!F$4/'[2]Used Cooking Oil Complex'!F$4)*'Mexico Used Cooking Oil'!G5 -> 0 | H5: =('[2]Yellow Grease Complex'!G$4/'[2]Used Cooking Oil Complex'!G$4)*'Mexico Used Cooking Oil'!H5 -> 8.0046667 | I5: =('[2]Yellow Grease Complex'!H$4/'[2]Used Cooking Oil Complex'!H$4)*'Mexico Used Cooking Oil'!I5 -> 11.148556 | J5: =('[2]Yellow Grease Complex'!I$4/'[2]Used Cooking Oil Complex'!I$4)*'Mexico Used Cooking Oil'!J5 -> 12.693111 | ... AV5: =('[2]Yellow Grease Complex'!AU$4/'[2]Used Cooking Oil Complex'!AU$4)*'Mexico Used Cooking Oil'!AV5 -> 2.9604354
A6: Total Supply | C6: =SUM(C3:C5) -> 0 | D6: =SUM(D3:D5) -> 0 | E6: =SUM(E3:E5) -> 0 | F6: =SUM(F3:F5) -> 0 | G6: =SUM(G3:G5) -> 0 | H6: =SUM(H3:H5) -> 8.0046667 | I6: =SUM(I3:I5) -> 11.148556 | J6: =SUM(J3:J5) -> 12.693111 | ... AV6: =SUM(AV3:AV5) -> 38.998161
A7: Domestic Use | C7: =C13-C12 -> 0 | D7: =D13-D12 -> 0 | E7: =E13-E12 -> 0 | F7: =F13-F12 -> 0 | G7: =G13-G12 -> 0 | H7: =H13-H12 -> 4.0810876 | I7: =I13-I12 -> -57.698799 | J7: =J13-J12 -> 6.2668536 | ... AV7: =AV13-AV12 -> 38.986719
A8: Biomas-Based Diesel | C8: =C9+C10 -> #DIV/0! | D8: =D9+D10 -> #DIV/0! | E8: =E9+E10 -> #DIV/0! | F8: =F9+F10 -> #DIV/0! | G8: =G9+G10 -> #DIV/0! | H8: =H9+H10 -> #DIV/0! | I8: =I9+I10 -> #DIV/0! | J8: =J9+J10 -> #DIV/0! | ... AV8: =AV9+AV10 -> 0
A9: Biodiesel | C9: =('[2]Yellow Grease Complex'!B$10/'[2]Used Cooking Oil Complex'!B$10)*'Mexico Used Cooking Oil'!C9 -> #DIV/0! | D9: =('[2]Yellow Grease Complex'!C$10/'[2]Used Cooking Oil Complex'!C$10)*'Mexico Used Cooking Oil'!D9 -> #DIV/0! | E9: =('[2]Yellow Grease Complex'!D$10/'[2]Used Cooking Oil Complex'!D$10)*'Mexico Used Cooking Oil'!E9 -> #DIV/0! | F9: =('[2]Yellow Grease Complex'!E$10/'[2]Used Cooking Oil Complex'!E$10)*'Mexico Used Cooking Oil'!F9 -> #DIV/0! | G9: =('[2]Yellow Grease Complex'!F$10/'[2]Used Cooking Oil Complex'!F$10)*'Mexico Used Cooking Oil'!G9 -> #DIV/0! | H9: =('[2]Yellow Grease Complex'!G$10/'[2]Used Cooking Oil Complex'!G$10)*'Mexico Used Cooking Oil'!H9 -> #DIV/0! | I9: =('[2]Yellow Grease Complex'!H$10/'[2]Used Cooking Oil Complex'!H$10)*'Mexico Used Cooking Oil'!I9 -> #DIV/0! | J9: =('[2]Yellow Grease Complex'!I$10/'[2]Used Cooking Oil Complex'!I$10)*'Mexico Used Cooking Oil'!J9 -> #DIV/0! | ... W9: =('[2]Yellow Grease Complex'!V$10/'[2]Used Cooking Oil Complex'!V$10)*'Mexico Used Cooking Oil'!W9 -> 0 | X9: =('[2]Yellow Grease Complex'!W$10/'[2]Used Cooking Oil Complex'!W$10)*'Mexico Used Cooking Oil'!X9*0 -> 0 | Y9: =('[2]Yellow Grease Complex'!X$10/'[2]Used Cooking Oil Complex'!X$10)*'Mexico Used Cooking Oil'!Y9*0 -> 0 | Z9: =('[2]Yellow Grease Complex'!Y$10/'[2]Used Cooking Oil Complex'!Y$10)*'Mexico Used Cooking Oil'!Z9*0 -> 0 | AA9: =('[2]Yellow Grease Complex'!Z$10/'[2]Used Cooking Oil Complex'!Z$10)*'Mexico Used Cooking Oil'!AA9*0 -> 0 | AB9: =('[2]Yellow Grease Complex'!AA$10/'[2]Used Cooking Oil Complex'!AA$10)*'Mexico Used Cooking Oil'!AB9*0 -> 0 | AC9: =('[2]Yellow Grease Complex'!AB$10/'[2]Used Cooking Oil Complex'!AB$10)*'Mexico Used Cooking Oil'!AC9*0 -> 0 | AD9: =('[2]Yellow Grease Complex'!AC$10/'[2]Used Cooking Oil Complex'!AC$10)*'Mexico Used Cooking Oil'!AD9*0 -> 0 | AE9: =('[2]Yellow Grease Complex'!AD$10/'[2]Used Cooking Oil Complex'!AD$10)*'Mexico Used Cooking Oil'!AE9*0 -> 0 | ... AV9: =('[2]Yellow Grease Complex'!AU$10/'[2]Used Cooking Oil Complex'!AU$10)*'Mexico Used Cooking Oil'!AV9*0 -> 0
