Workbook

Sheet China UCO
A1: CHINA USED COOKING OIL SUPPLY AND DEMAND (tonnes)
B2: 2000 | C2: 2001 | D2: 2002 | E2: 2003 | F2: 2004 | G2: 2005 | H2: 2006 | I2: 2007 | J2: 2008 | K2: 2009 | L2: 2010 | M2: 2011 | N2: 2012 | O2: 2013 | P2: 2014 | Q2: 2015 | R2: 2016 | S2: 2017 | T2: 2018 | U2: 2019 | V2: 2020 | W2: 2021 | X2: 2022 | Y2: 2023 | Z2: 2024 | AA2: 2025 | AB2: 2026 | AC2: 2027 | AD2: 2028 | AE2: 2029 | AF2: 2030 | AG2: 2031 | AH2: 2032 | AI2: 2033 | AJ2: 2034 | AK2: 2035 | AL2: 2036 | AM2: 2037 | AN2: 2038 | AO2: 2039 | AP2: 2040
A3: Carryin (October 1)
A4: Production | T4: 472.95415 | U4: 560.3279 | V4: 648.06602 | W4: 736.06016 | X4: 824.20474 | Y4: 912.41085 | Z4: 1000.6047 | AA4: 1088.7165 | AB4: 1176.6657 | AC4: 1264.3685 | AD4: 1351.757 | AE4: 1438.7703 | AF4: 1525.3504 | AG4: 1611.4382 | AH4: 1696.9752 | AI4: 1781.9092 | AJ4: 1866.1907 | AK4: 1949.7728 | AL4: 2032.6076 | AM4: 2114.6505 | AN4: 2195.8638 | AO4: 2276.2139 | AP4: 2526.7482
A5: Imports
A6: Total Supply
A7: Domestic Use
A8: Biodiesel
A9: Renewable Biodiesel
A10: Biodiesel
A11: Non-Biodiesel
A12: Exports | N12: ='[1]China UCO Exports'!T$290 -> 0.033259 | O12: ='[1]China UCO Exports'!U$290 -> 0.04243 | P12: ='[1]China UCO Exports'!V$290 -> 0.063117 | Q12: ='[1]China UCO Exports'!W$290 -> 0.054899 | R12: ='[1]China UCO Exports'!X$290 -> 0.109505 | S12: ='[1]China UCO Exports'!Y$290 -> 0.343712 | T12: =T4*0.75 -> 354.71561 | U12: =U4*0.75 -> 420.24592 | V12: =V4*0.75 -> 486.04951 | W12: =W4*0.75 -> 552.04512 | X12: =X4*0.75 -> 618.15356 | Y12: =Y4*0.75 -> 684.30814 | Z12: =Z4*0.75 -> 750.45355 | AA12: =AA4*0.75 -> 816.53739 | ... AP12: =AP4*0.75 -> 1895.0612
A13: Total Use
A14: Carryout (September 30)
A15: Stocks-to-Usage
A16: Average Price (cents per pound)
A17: Bold Numbers are The Jacobsen Estimates and Forecasts
A19: USED COOKING OIL PRODUCTION (000 tonnes)
B20: =B2 -> 2000 | C20: =C2 -> 2001 | D20: =D2 -> 2002 | E20: =E2 -> 2003 | F20: =F2 -> 2004 | G20: =G2 -> 2005 | H20: =H2 -> 2006 | I20: =I2 -> 2007 | ... AP20: =AP2 -> 2040
A21: October
A22: November
A23: December
A24: January
A25: February
A26: March
A27: April
A28: May
A29: June
A30: July
A31: August
A32: September
... A35: USED COOKING OIL IMPORTS (000 tonnes)
B36: =B20 -> 2000 | C36: =C20 -> 2001 | D36: =D20 -> 2002 | E36: =E20 -> 2003 | F36: =F20 -> 2004 | G36: =G20 -> 2005 | H36: =H20 -> 2006 | I36: =I20 -> 2007 | ... AP36: =AP20 -> 2040
A37: October
A38: November
A39: December
A40: January
A41: February
A42: March
A43: April
A44: May
A45: June
A46: July
A47: August
A48: September
... A51: USED COOKING OIL EXPORTS (000 tonnes)
B52: =B36 -> 2000 | C52: =C36 -> 2001 | D52: =D36 -> 2002 | E52: =E36 -> 2003 | F52: =F36 -> 2004 | G52: =G36 -> 2005 | H52: =H36 -> 2006 | I52: =I36 -> 2007 | ... AP52: =AP36 -> 2040
A53: October
A54: November
A55: December
A56: January
A57: February
A58: March
A59: April
A60: May
A61: June
A62: July
A63: August
A64: September
... A67: USED COOKING OIL DOMESTIC USAGE (000 tonnes)
B68: =B52 -> 2000 | C68: =C52 -> 2001 | D68: =D52 -> 2002 | E68: =E52 -> 2003 | F68: =F52 -> 2004 | G68: =G52 -> 2005 | H68: =H52 -> 2006 | I68: =I52 -> 2007 | ... AP68: =AP52 -> 2040
A69: October
A70: November
A71: December
A72: January
A73: February
A74: March
A75: April
A76: May
A77: June
A78: July
A79: August
A80: September
... A83: USED COOKING OIL TOTAL BIODIESEL USAGE (000 tonnes)
B84: =B68 -> 2000 | C84: =C68 -> 2001 | D84: =D68 -> 2002 | E84: =E68 -> 2003 | F84: =F68 -> 2004 | G84: =G68 -> 2005 | H84: =H68 -> 2006 | I84: =I68 -> 2007 | ... AP84: =AP68 -> 2040
A85: October
A86: November
A87: December
A88: January
A89: February
A90: March
A91: April
A92: May
A93: June
A94: July
A95: August
A96: September
... A99: USED COOKING OIL RENEWABLE BIODIESEL USAGE (000 tonnes)
B100: =B84 -> 2000 | C100: =C84 -> 2001 | D100: =D84 -> 2002 | E100: =E84 -> 2003 | F100: =F84 -> 2004 | G100: =G84 -> 2005 | H100: =H84 -> 2006 | I100: =I84 -> 2007 | ... AP100: =AP84 -> 2040
A101: October
A102: November
A103: December
A104: January
A105: February
A106: March
A107: April
A108: May
A109: June
A110: July
A111: August
...

Sheet Indonesia UCO
A1: INDONESIA USED COOKING OIL SUPPLY AND DEMAND (000 tonnes)
B2: 2000 | C2: 2001 | D2: 2002 | E2: 2003 | F2: 2004 | G2: 2005 | H2: 2006 | I2: 2007 | J2: 2008 | K2: 2009 | L2: 2010 | M2: 2011 | N2: 2012 | O2: 2013 | P2: 2014 | Q2: 2015 | R2: 2016 | S2: 2017 | T2: 2018 | U2: 2019 | V2: 2020 | W2: 2021 | X2: 2022 | Y2: 2023 | Z2: 2024 | AA2: 2025 | AB2: 2026 | AC2: 2027 | AD2: 2028 | AE2: 2029 | AF2: 2030 | AG2: 2031 | AH2: 2032 | AI2: 2033 | AJ2: 2034 | AK2: 2035 | AL2: 2036 | AM2: 2037 | AN2: 2038 | AO2: 2039 | AP2: 2040
A3: Carryin (October 1)
A4: Production | T4: 121.0162 | U4: 127.35388 | V4: 133.76816 | W4: 140.25577 | X4: 146.81102 | Y4: 153.4292 | Z4: 160.10487 | AA4: 166.83288 | AB4: 173.6086 | AC4: 180.42829 | AD4: 187.28862 | AE4: 194.18679 | AF4: 201.11967 | AG4: 208.08365 | AH4: 215.07421 | AI4: 222.08637 | AJ4: 229.11458 | AK4: 236.15355 | AL4: 243.19866 | AM4: 250.24597 | AN4: 257.29172 | AO4: 264.33256 | AP4: 283.16345
A5: Imports
A6: Total Supply
A7: Domestic Use
A8: Biodiesel
A9: Renewable Biodiesel
A10: Biodiesel
A11: Non-Biodiesel
A12: Exports | N12: ='[1]Indonesia UCO Exports'!T$290 -> 0 | O12: ='[1]Indonesia UCO Exports'!U$290 -> 0 | P12: ='[1]Indonesia UCO Exports'!V$290 -> 0 | Q12: ='[1]Indonesia UCO Exports'!W$290 -> 0 | R12: ='[1]Indonesia UCO Exports'!X$290 -> 0 | S12: ='[1]Indonesia UCO Exports'!Y$290 -> 73.281 | T12: =T4*0.6 -> 72.609721 | U12: =U4*0.6 -> 76.412329 | V12: =V4*0.6 -> 80.260898 | W12: =W4*0.6 -> 84.153463 | X12: =X4*0.6 -> 88.086615 | Y12: =Y4*0.6 -> 92.05752 | Z12: =Z4*0.6 -> 96.062923 | AA12: =AA4*0.6 -> 100.09973 | ... AP12: =AP4*0.6 -> 169.89807
A13: Total Use
A14: Carryout (September 30)
A15: Stocks-to-Usage
A16: Average Price (cents per pound)
A17: Bold Numbers are The Jacobsen Estimates and Forecasts
A19: USED COOKING OIL PRODUCTION (000 tonnes)
B20: =B2 -> 2000 | C20: =C2 -> 2001 | D20: =D2 -> 2002 | E20: =E2 -> 2003 | F20: =F2 -> 2004 | G20: =G2 -> 2005 | H20: =H2 -> 2006 | I20: =I2 -> 2007 | ... AP20: =AP2 -> 2040
A21: October
A22: November
A23: December
A24: January
A25: February
A26: March
A27: April
A28: May
A29: June
A30: July
A31: August
A32: September
... A35: USED COOKING OIL IMPORTS (000 tonnes)
B36: =B20 -> 2000 | C36: =C20 -> 2001 | D36: =D20 -> 2002 | E36: =E20 -> 2003 | F36: =F20 -> 2004 | G36: =G20 -> 2005 | H36: =H20 -> 2006 | I36: =I20 -> 2007 | ... AP36: =AP20 -> 2040
A37: October
A38: November
A39: December
A40: January
A41: February
A42: March
A43: April
A44: May
A45: June
A46: July
A47: August
A48: September
... A51: USED COOKING OIL EXPORTS (000 tonnes)
B52: =B36 -> 2000 | C52: =C36 -> 2001 | D52: =D36 -> 2002 | E52: =E36 -> 2003 | F52: =F36 -> 2004 | G52: =G36 -> 2005 | H52: =H36 -> 2006 | I52: =I36 -> 2007 | ... AP52: =AP36 -> 2040
A53: October
A54: November
A55: December
A56: January
A57: February
A58: March
A59: April
A60: May
A61: June
A62: July
A63: August
A64: September
... A67: USED COOKING OIL DOMESTIC USAGE (000 tonnes)
B68: =B52 -> 2000 | C68: =C52 -> 2001 | D68: =D52 -> 2002 | E68: =E52 -> 2003 | F68: =F52 -> 2004 | G68: =G52 -> 2005 | H68: =H52 -> 2006 | I68: =I52 -> 2007 | ... AP68: =AP52 -> 2040
A69: October
A70: November
A71: December
A72: January
A73: February
A74: March
A75: April
A76: May
A77: June
A78: July
A79: August
A80: September
... A83: USED COOKING OIL TOTAL BIODIESEL USAGE (000 tonnes)
B84: =B68 -> 2000 | C84: =C68 -> 2001 | D84: =D68 -> 2002 | E84: =E68 -> 2003 | F84: =F68 -> 2004 | G84: =G68 -> 2005 | H84: =H68 -> 2006 | I84: =I68 -> 2007 | ... AP84: =AP68 -> 2040
A85: October
A86: November
A87: December
A88: January
A89: February
A90: March
A91: April
A92: May
A93: June
A94: July
A95: August
A96: September
... A99: USED COOKING OIL RENEWABLE BIODIESEL USAGE (000 tonnes)
B100: =B84 -> 2000 | C100: =C84 -> 2001 | D100: =D84 -> 2002 | E100: =E84 -> 2003 | F100: =F84 -> 2004 | G100: =G84 -> 2005 | H100: =H84 -> 2006 | I100: =I84 -> 2007 | ... AP100: =AP84 -> 2040
A101: October
A102: November
A103: December
A104: January
A105: February
A106: March
A107: April
A108: May
A109: June
A110: July
A111: August
...

Sheet India UCO
A1: INDIA USED COOKING OIL SUPPLY AND DEMAND (000 tonnes)
B2: 2000 | C2: 2001 | D2: 2002 | E2: 2003 | F2: 2004 | G2: 2005 | H2: 2006 | I2: 2007 | J2: 2008 | K2: 2009 | L2: 2010 | M2: 2011 | N2: 2012 | O2: 2013 | P2: 2014 | Q2: 2015 | R2: 2016 | S2: 2017 | T2: 2018 | U2: 2019 | V2: 2020 | W2: 2021 | X2: 2022 | Y2: 2023 | Z2: 2024 | AA2: 2025 | AB2: 2026 | AC2: 2027 | AD2: 2028 | AE2: 2029 | AF2: 2030 | AG2: 2031 | AH2: 2032 | AI2: 2033 | AJ2: 2034 | AK2: 2035 | AL2: 2036 | AM2: 2037 | AN2: 2038 | AO2: 2039 | AP2: 2040
A3: Carryin (October 1)
A4: Production | T4: 307.09388 | U4: 349.2276 | V4: 392.13008 | W4: 435.77916 | X4: 480.15554 | Y4: 525.23347 | Z4: 570.98493 | AA4: 617.38007 | AB4: 664.38877 | AC4: 711.97855 | AD4: 760.11225 | AE4: 808.74933 | AF4: 857.84842 | AG4: 907.3721 | AH4: 957.28207 | AI4: 1007.5333 | AJ4: 1058.0781 | AK4: 1108.8708 | AL4: 1159.8679 | AM4: 1211.0343 | AN4: 1262.3449 | AO4: 1313.7834 | AP4: 1456.3545
A5: Imports
A6: Total Supply
A7: Domestic Use
A8: Biodiesel
A9: Renewable Biodiesel
A10: Biodiesel
A11: Non-Biodiesel
A12: Exports | I12: ='[1]India UCO Exports'!O$290 -> 2.445 | J12: ='[1]India UCO Exports'!P$290 -> 9.8 | K12: ='[1]India UCO Exports'!Q$290 -> 0.12 | L12: ='[1]India UCO Exports'!R$290 -> 0.168 | M12: ='[1]India UCO Exports'!S$290 -> 0.256 | N12: ='[1]India UCO Exports'!T$290 -> 4.059 | O12: ='[1]India UCO Exports'!U$290 -> 12.222 | P12: ='[1]India UCO Exports'!V$290 -> 7.506 | ... S12: ='[1]India UCO Exports'!Y$290 -> 15.836 | T12: =T4*0.05 -> 15.354694 | U12: =U4*0.05 -> 17.46138 | V12: =V4*0.05 -> 19.606504 | W12: =W4*0.05 -> 21.788958 | X12: =X4*0.05 -> 24.007777 | Y12: =Y4*0.05 -> 26.261674 | Z12: =Z4*0.1 -> 57.098493 | AA12: =AA4*0.1 -> 61.738007 | AB12: =AB4*0.2 -> 132.87775 | AC12: =AC4*0.2 -> 142.39571 | AD12: =AD4*0.3 -> 228.03367 | AE12: =AE4*0.4 -> 323.49973 | AF12: =AF4*0.4 -> 343.13937 | AG12: =AG4*0.45 -> 408.31744 | AH12: =AH4*0.45 -> 430.77693 | AI12: =AI4*0.5 -> 503.76667 | AJ12: =AJ4*0.5 -> 529.03903 | AK12: =AK4*0.5 -> 554.4354 | AL12: =AL4*0.5 -> 579.93396 | AM12: =AM4*0.5 -> 605.51713 | AN12: =AN4*0.5 -> 631.17244 | AO12: =AO4*0.5 -> 656.89171 | AP12: =AP4*0.5 -> 728.17724
A13: Total Use
A14: Carryout (September 30)
A15: Stocks-to-Usage
A16: Average Price (cents per pound)
A17: Bold Numbers are The Jacobsen Estimates and Forecasts
A19: USED COOKING OIL PRODUCTION (000 tonnes)
B20: =B2 -> 2000 | C20: =C2 -> 2001 | D20: =D2 -> 2002 | E20: =E2 -> 2003 | F20: =F2 -> 2004 | G20: =G2 -> 2005 | H20: =H2 -> 2006 | I20: =I2 -> 2007 | ... AP20: =AP2 -> 2040
A21: October
A22: November
A23: December
A24: January
A25: February
A26: March
A27: April
A28: May
A29: June
A30: July
A31: August
A32: September
... A35: USED COOKING OIL IMPORTS (000 tonnes)
B36: =B20 -> 2000 | C36: =C20 -> 2001 | D36: =D20 -> 2002 | E36: =E20 -> 2003 | F36: =F20 -> 2004 | G36: =G20 -> 2005 | H36: =H20 -> 2006 | I36: =I20 -> 2007 | ... AP36: =AP20 -> 2040
A37: October
A38: November
A39: December
A40: January
A41: February
A42: March
A43: April
A44: May
A45: June
A46: July
A47: August
A48: September
... A51: USED COOKING OIL EXPORTS (000 tonnes)
B52: =B36 -> 2000 | C52: =C36 -> 2001 | D52: =D36 -> 2002 | E52: =E36 -> 2003 | F52: =F36 -> 2004 | G52: =G36 -> 2005 | H52: =H36 -> 2006 | I52: =I36 -> 2007 | ... AP52: =AP36 -> 2040
A53: October
A54: November
A55: December
A56: January
A57: February
A58: March
A59: April
A60: May
A61: June
A62: July
A63: August
A64: September
... A67: USED COOKING OIL DOMESTIC USAGE (000 tonnes)
B68: =B52 -> 2000 | C68: =C52 -> 2001 | D68: =D52 -> 2002 | E68: =E52 -> 2003 | F68: =F52 -> 2004 | G68: =G52 -> 2005 | H68: =H52 -> 2006 | I68: =I52 -> 2007 | ... AP68: =AP52 -> 2040
A69: October
A70: November
A71: December
A72: January
A73: February
A74: March
A75: April
A76: May
A77: June
A78: July
A79: August
A80: September
... A83: USED COOKING OIL TOTAL BIODIESEL USAGE (000 tonnes)
B84: =B68 -> 2000 | C84: =C68 -> 2001 | D84: =D68 -> 2002 | E84: =E68 -> 2003 | F84: =F68 -> 2004 | G84: =G68 -> 2005 | H84: =H68 -> 2006 | I84: =I68 -> 2007 | ... AP84: =AP68 -> 2040
A85: October
A86: November
A87: December
A88: January
A89: February
A90: March
A91: April
A92: May
A93: June
A94: July
A95: August
A96: September
... A99: USED COOKING OIL RENEWABLE BIODIESEL USAGE (000 tonnes)
B100: =B84 -> 2000 | C100: =C84 -> 2001 | D100: =D84 -> 2002 | E100: =E84 -> 2003 | F100: =F84 -> 2004 | G100: =G84 -> 2005 | H100: =H84 -> 2006 | I100: =I84 -> 2007 | ... AP100: =AP84 -> 2040
A101: October
A102: November
A103: December
A104: January
A105: February
A106: March
A107: April
A108: May
A109: June
A110: July
A111: August
...

Sheet Mexico UCO
A1: MEXICO USED COOKING OIL SUPPLY AND DEMAND (000 tonnes)
B2: 2000 | C2: 2001 | D2: 2002 | E2: 2003 | F2: 2004 | G2: 2005 | H2: 2006 | I2: 2007 | J2: 2008 | K2: 2009 | L2: 2010 | M2: 2011 | N2: 2012 | O2: 2013 | P2: 2014 | Q2: 2015 | R2: 2016 | S2: 2017 | T2: 2018 | U2: 2019 | V2: 2020 | W2: 2021 | X2: 2022 | Y2: 2023 | Z2: 2024 | AA2: 2025 | AB2: 2026 | AC2: 2027 | AD2: 2028 | AE2: 2029 | AF2: 2030 | AG2: 2031 | AH2: 2032 | AI2: 2033 | AJ2: 2034 | AK2: 2035 | AL2: 2036 | AM2: 2037 | AN2: 2038 | AO2: 2039 | AP2: 2040
A3: Carryin (October 1)
A4: Production | T4: 2.9655668 | U4: 7.8780193 | V4: 12.903518 | W4: 18.038971 | X4: 23.281038 | Y4: 28.626156 | Z4: 34.070482 | AA4: 39.610018 | AB4: 45.24072 | AC4: 50.958609 | AD4: 56.759723 | AE4: 62.6402 | AF4: 68.596172 | AG4: 74.623604 | AH4: 80.718396 | AI4: 86.876591 | AJ4: 93.094293 | AK4: 99.367598 | AL4: 105.69249 | AM4: 112.06498 | AN4: 118.48128 | AO4: 124.93773 | AP4: 143.0537
A5: Imports
A6: Total Supply
A7: Domestic Use
A8: Biodiesel
A9: Renewable Biodiesel
A10: Biodiesel
A11: Non-Biodiesel
A12: Exports | T12: =T4*0.5 -> 1.4827834 | U12: =U4*0.75 -> 5.9085145 | V12: =V4*0.75 -> 9.6776389 | W12: =W4*0.75 -> 13.529228 | X12: =X4*0.9 -> 20.952934 | Y12: =Y4*0.9 -> 25.76354 | Z12: =Z4*0.9 -> 30.663434 | AA12: =AA4*0.9 -> 35.649016 | AB12: =AB4*0.9 -> 40.716648 | AC12: =AC4*0.9 -> 45.862748 | AD12: =AD4*0.9 -> 51.083751 | AE12: =AE4*0.9 -> 56.37618 | ... AP12: =AP4*0.9 -> 128.74833
A13: Total Use
A14: Carryout (September 30)
A15: Stocks-to-Usage
A16: Average Price (cents per pound)
A17: Bold Numbers are The Jacobsen Estimates and Forecasts
A19: USED COOKING OIL PRODUCTION (000 tonnes)
B20: =B2 -> 2000 | C20: =C2 -> 2001 | D20: =D2 -> 2002 | E20: =E2 -> 2003 | F20: =F2 -> 2004 | G20: =G2 -> 2005 | H20: =H2 -> 2006 | I20: =I2 -> 2007 | ... AP20: =AP2 -> 2040
A21: October
A22: November
A23: December
A24: January
A25: February
A26: March
A27: April
A28: May
A29: June
A30: July
A31: August
A32: September
... A35: USED COOKING OIL IMPORTS (000 tonnes)
B36: =B20 -> 2000 | C36: =C20 -> 2001 | D36: =D20 -> 2002 | E36: =E20 -> 2003 | F36: =F20 -> 2004 | G36: =G20 -> 2005 | H36: =H20 -> 2006 | I36: =I20 -> 2007 | ... AP36: =AP20 -> 2040
A37: October
A38: November
A39: December
A40: January
A41: February
A42: March
A43: April
A44: May
A45: June
A46: July
A47: August
A48: September
... A51: USED COOKING OIL EXPORTS (000 tonnes)
B52: =B36 -> 2000 | C52: =C36 -> 2001 | D52: =D36 -> 2002 | E52: =E36 -> 2003 | F52: =F36 -> 2004 | G52: =G36 -> 2005 | H52: =H36 -> 2006 | I52: =I36 -> 2007 | ... AP52: =AP36 -> 2040
A53: October
A54: November
A55: December
A56: January
A57: February
A58: March
A59: April
A60: May
A61: June
A62: July
A63: August
A64: September
... A67: USED COOKING OIL DOMESTIC USAGE (000 tonnes)
B68: =B52 -> 2000 | C68: =C52 -> 2001 | D68: =D52 -> 2002 | E68: =E52 -> 2003 | F68: =F52 -> 2004 | G68: =G52 -> 2005 | H68: =H52 -> 2006 | I68: =I52 -> 2007 | ... AP68: =AP52 -> 2040
A69: October
A70: November
A71: December
A72: January
A73: February
A74: March
A75: April
A76: May
A77: June
A78: July
A79: August
A80: September
... A83: USED COOKING OIL TOTAL BIODIESEL USAGE (000 tonnes)
B84: =B68 -> 2000 | C84: =C68 -> 2001 | D84: =D68 -> 2002 | E84: =E68 -> 2003 | F84: =F68 -> 2004 | G84: =G68 -> 2005 | H84: =H68 -> 2006 | I84: =I68 -> 2007 | ... AP84: =AP68 -> 2040
A85: October
A86: November
A87: December
A88: January
A89: February
A90: March
A91: April
A92: May
A93: June
A94: July
A95: August
A96: September
... A99: USED COOKING OIL RENEWABLE BIODIESEL USAGE (000 tonnes)
B100: =B84 -> 2000 | C100: =C84 -> 2001 | D100: =D84 -> 2002 | E100: =E84 -> 2003 | F100: =F84 -> 2004 | G100: =G84 -> 2005 | H100: =H84 -> 2006 | I100: =I84 -> 2007 | ... AP100: =AP84 -> 2040
A101: October
A102: November
A103: December
A104: January
A105: February
A106: March
A107: April
A108: May
A109: June
A110: July
A111: August
...

Sheet EU-28 UCO
A1: EUROPEAN UNION USED COOKING OIL SUPPLY AND DEMAND (000 tonnes)
B2: 2000 | C2: 2001 | D2: 2002 | E2: 2003 | F2: 2004 | G2: 2005 | H2: 2006 | I2: 2007 | J2: 2008 | K2: 2009 | L2: 2010 | M2: 2011 | N2: 2012 | O2: 2013 | P2: 2014 | Q2: 2015 | R2: 2016 | S2: 2017 | T2: 2018 | U2: 2019 | V2: 2020 | W2: 2021 | X2: 2022 | Y2: 2023
A3: Carryin (October 1)
A4: Production
A5: Imports
A6: Total Supply
A7: Domestic Use
A8: Biodiesel
A9: Renewable Biodiesel
A10: Biodiesel
A11: Non-Biodiesel
A12: Exports
A13: Total Use
A14: Carryout (September 30)
... A19: USED COOKING OIL PRODUCTION (000 tonnes)
B20: =B2 -> 2000 | C20: =C2 -> 2001 | D20: =D2 -> 2002 | E20: =E2 -> 2003 | F20: =F2 -> 2004 | G20: =G2 -> 2005 | H20: =H2 -> 2006 | I20: =I2 -> 2007 | ... Y20: =Y2 -> 2023
A21: October
A22: November
A23: December
A24: January
A25: February
A26: March
A27: April
A28: May
A29: June
A30: July
A31: August
A32: September
... A35: USED COOKING OIL IMPORTS (000 tonnes)
B36: =B20 -> 2000 | C36: =C20 -> 2001 | D36: =D20 -> 2002 | E36: =E20 -> 2003 | F36: =F20 -> 2004 | G36: =G20 -> 2005 | H36: =H20 -> 2006 | I36: =I20 -> 2007 | ... Y36: =Y20 -> 2023
A37: October
A38: November
A39: December
A40: January
A41: February
A42: March
A43: April
A44: May
A45: June
A46: July
A47: August
A48: September
... A51: USED COOKING OIL EXPORTS (000 tonnes)
B52: =B36 -> 2000 | C52: =C36 -> 2001 | D52: =D36 -> 2002 | E52: =E36 -> 2003 | F52: =F36 -> 2004 | G52: =G36 -> 2005 | H52: =H36 -> 2006 | I52: =I36 -> 2007 | ... Y52: =Y36 -> 2023
A53: October
A54: November
A55: December
A56: January
A57: February
A58: March
A59: April
A60: May
A61: June
A62: July
A63: August
A64: September
... A67: USED COOKING OIL DOMESTIC USAGE (000 tonnes)
B68: =B52 -> 2000 | C68: =C52 -> 2001 | D68: =D52 -> 2002 | E68: =E52 -> 2003 | F68: =F52 -> 2004 | G68: =G52 -> 2005 | H68: =H52 -> 2006 | I68: =I52 -> 2007 | ... Y68: =Y52 -> 2023
A69: October
A70: November
A71: December
A72: January
A73: February
A74: March
A75: April
A76: May
A77: June
A78: July
A79: August
A80: September
... A83: USED COOKING OIL TOTAL BIODIESEL USAGE (000 tonnes)
B84: =B68 -> 2000 | C84: =C68 -> 2001 | D84: =D68 -> 2002 | E84: =E68 -> 2003 | F84: =F68 -> 2004 | G84: =G68 -> 2005 | H84: =H68 -> 2006 | I84: =I68 -> 2007 | ... Y84: =Y68 -> 2023
A85: October
A86: November
A87: December
A88: January
A89: February
A90: March
A91: April
A92: May
A93: June
A94: July
A95: August
A96: September
... A99: USED COOKING OIL RENEWABLE BIODIESEL USAGE (000 tonnes)
B100: =B84 -> 2000 | C100: =C84 -> 2001 | D100: =D84 -> 2002 | E100: =E84 -> 2003 | F100: =F84 -> 2004 | G100: =G84 -> 2005 | H100: =H84 -> 2006 | I100: =I84 -> 2007 | ... Y100: =Y84 -> 2023
A101: October
A102: November
A103: December
A104: January
A105: February
A106: March
A107: April
A108: May
A109: June
A110: July
A111: August
A112: September
... A115: USED COOKING OIL BIODIESEL USAGE (000 tonnes)
B116: =B100 -> 2000 | C116: =C100 -> 2001 | D116: =D100 -> 2002 | E116: =E100 -> 2003 | F116: =F100 -> 2004 | G116: =G100 -> 2005 | H116: =H100 -> 2006 | I116: =I100 -> 2007 | ... Y116: =Y100 -> 2023
...

Sheet Japan UCO
A1: JAPAN USED COOKING OIL SUPPLY AND DEMAND (000 tonnes)
B2: 2000 | C2: 2001 | D2: 2002 | E2: 2003 | F2: 2004 | G2: 2005 | H2: 2006 | I2: 2007 | J2: 2008 | K2: 2009 | L2: 2010 | M2: 2011 | N2: 2012 | O2: 2013 | P2: 2014 | Q2: 2015 | R2: 2016 | S2: 2017 | T2: 2018 | U2: 2019 | V2: 2020 | W2: 2021 | X2: 2022 | Y2: 2023
A3: Carryin (October 1)
A4: Production
A5: Imports
A6: Total Supply
A7: Domestic Use
A8: Biodiesel
A9: Renewable Biodiesel
A10: Biodiesel
A11: Non-Biodiesel
A12: Exports
A13: Total Use
A14: Carryout (September 30)
... A19: USED COOKING OIL PRODUCTION (000 tonnes)
B20: =B2 -> 2000 | C20: =C2 -> 2001 | D20: =D2 -> 2002 | E20: =E2 -> 2003 | F20: =F2 -> 2004 | G20: =G2 -> 2005 | H20: =H2 -> 2006 | I20: =I2 -> 2007 | ... Y20: =Y2 -> 2023
A21: October
A22: November
A23: December
A24: January
A25: February
A26: March
A27: April
A28: May
A29: June
A30: July
A31: August
A32: September
... A35: USED COOKING OIL IMPORTS (000 tonnes)
B36: =B20 -> 2000 | C36: =C20 -> 2001 | D36: =D20 -> 2002 | E36: =E20 -> 2003 | F36: =F20 -> 2004 | G36: =G20 -> 2005 | H36: =H20 -> 2006 | I36: =I20 -> 2007 | ... Y36: =Y20 -> 2023
A37: October
A38: November
A39: December
A40: January
A41: February
A42: March
A43: April
A44: May
A45: June
A46: July
A47: August
A48: September
... A51: USED COOKING OIL EXPORTS (000 tonnes)
B52: =B36 -> 2000 | C52: =C36 -> 2001 | D52: =D36 -> 2002 | E52: =E36 -> 2003 | F52: =F36 -> 2004 | G52: =G36 -> 2005 | H52: =H36 -> 2006 | I52: =I36 -> 2007 | ... Y52: =Y36 -> 2023
A53: October
A54: November
A55: December
A56: January
A57: February
A58: March
A59: April
A60: May
A61: June
A62: July
A63: August
A64: September
... A67: USED COOKING OIL DOMESTIC USAGE (000 tonnes)
B68: =B52 -> 2000 | C68: =C52 -> 2001 | D68: =D52 -> 2002 | E68: =E52 -> 2003 | F68: =F52 -> 2004 | G68: =G52 -> 2005 | H68: =H52 -> 2006 | I68: =I52 -> 2007 | ... Y68: =Y52 -> 2023
A69: October
A70: November
A71: December
A72: January
A73: February
A74: March
A75: April
A76: May
A77: June
A78: July
A79: August
A80: September
... A83: USED COOKING OIL TOTAL BIODIESEL USAGE (000 tonnes)
B84: =B68 -> 2000 | C84: =C68 -> 2001 | D84: =D68 -> 2002 | E84: =E68 -> 2003 | F84: =F68 -> 2004 | G84: =G68 -> 2005 | H84: =H68 -> 2006 | I84: =I68 -> 2007 | ... Y84: =Y68 -> 2023
A85: October
A86: November
A87: December
A88: January
A89: February
A90: March
A91: April
A92: May
A93: June
A94: July
A95: August
A96: September
... A99: USED COOKING OIL RENEWABLE BIODIESEL USAGE (000 tonnes)
B100: =B84 -> 2000 | C100: =C84 -> 2001 | D100: =D84 -> 2002 | E100: =E84 -> 2003 | F100: =F84 -> 2004 | G100: =G84 -> 2005 | H100: =H84 -> 2006 | I100: =I84 -> 2007 | ... Y100: =Y84 -> 2023
A101: October
A102: November
A103: December
A104: January
A105: February
A106: March
A107: April
A108: May
A109: June
A110: July
A111: August
A112: September
... A115: USED COOKING OIL BIODIESEL USAGE (000 tonnes)
B116: =B100 -> 2000 | C116: =C100 -> 2001 | D116: =D100 -> 2002 | E116: =E100 -> 2003 | F116: =F100 -> 2004 | G116: =G100 -> 2005 | H116: =H100 -> 2006 | I116: =I100 -> 2007 | ... Y116: =Y100 -> 2023
...

Sheet Canada UCO
A1: CANADA USED COOKING OIL SUPPLY AND DEMAND (000 tonnes)
B2: 2000 | C2: 2001 | D2: 2002 | E2: 2003 | F2: 2004 | G2: 2005 | H2: 2006 | I2: 2007 | J2: 2008 | K2: 2009 | L2: 2010 | M2: 2011 | N2: 2012 | O2: 2013 | P2: 2014 | Q2: 2015 | R2: 2016 | S2: 2017 | T2: 2018 | U2: 2019 | V2: 2020 | W2: 2021 | X2: 2022 | Y2: 2023
A3: Carryin (October 1)
A4: Production
A5: Imports
A6: Total Supply
A7: Domestic Use
A8: Biodiesel
A9: Renewable Biodiesel
A10: Biodiesel
A11: Non-Biodiesel
A12: Exports
A13: Total Use
A14: Carryout (September 30)
... A19: USED COOKING OIL PRODUCTION (000 tonnes)
B20: =B2 -> 2000 | C20: =C2 -> 2001 | D20: =D2 -> 2002 | E20: =E2 -> 2003 | F20: =F2 -> 2004 | G20: =G2 -> 2005 | H20: =H2 -> 2006 | I20: =I2 -> 2007 | ... Y20: =Y2 -> 2023
A21: October
A22: November
A23: December
A24: January
A25: February
A26: March
A27: April
A28: May
A29: June
A30: July
A31: August
A32: September
... A35: USED COOKING OIL IMPORTS (000 tonnes)
B36: =B20 -> 2000 | C36: =C20 -> 2001 | D36: =D20 -> 2002 | E36: =E20 -> 2003 | F36: =F20 -> 2004 | G36: =G20 -> 2005 | H36: =H20 -> 2006 | I36: =I20 -> 2007 | ... Y36: =Y20 -> 2023
A37: October
A38: November
A39: December
A40: January
A41: February
A42: March
A43: April
A44: May
A45: June
A46: July
A47: August
A48: September
... A51: USED COOKING OIL EXPORTS (000 tonnes)
B52: =B36 -> 2000 | C52: =C36 -> 2001 | D52: =D36 -> 2002 | E52: =E36 -> 2003 | F52: =F36 -> 2004 | G52: =G36 -> 2005 | H52: =H36 -> 2006 | I52: =I36 -> 2007 | ... Y52: =Y36 -> 2023
A53: October
A54: November
A55: December
A56: January
A57: February
A58: March
A59: April
A60: May
A61: June
A62: July
A63: August
A64: September
... A67: USED COOKING OIL DOMESTIC USAGE (000 tonnes)
B68: =B52 -> 2000 | C68: =C52 -> 2001 | D68: =D52 -> 2002 | E68: =E52 -> 2003 | F68: =F52 -> 2004 | G68: =G52 -> 2005 | H68: =H52 -> 2006 | I68: =I52 -> 2007 | ... Y68: =Y52 -> 2023
A69: October
A70: November
A71: December
A72: January
A73: February
A74: March
A75: April
A76: May
A77: June
A78: July
A79: August
A80: September
... A83: USED COOKING OIL TOTAL BIODIESEL USAGE (000 tonnes)
B84: =B68 -> 2000 | C84: =C68 -> 2001 | D84: =D68 -> 2002 | E84: =E68 -> 2003 | F84: =F68 -> 2004 | G84: =G68 -> 2005 | H84: =H68 -> 2006 | I84: =I68 -> 2007 | ... Y84: =Y68 -> 2023
A85: October
A86: November
A87: December
A88: January
A89: February
A90: March
A91: April
A92: May
A93: June
A94: July
A95: August
A96: September
... A99: USED COOKING OIL RENEWABLE BIODIESEL USAGE (000 tonnes)
B100: =B84 -> 2000 | C100: =C84 -> 2001 | D100: =D84 -> 2002 | E100: =E84 -> 2003 | F100: =F84 -> 2004 | G100: =G84 -> 2005 | H100: =H84 -> 2006 | I100: =I84 -> 2007 | ... Y100: =Y84 -> 2023
A101: October
A102: November
A103: December
A104: January
A105: February
A106: March
A107: April
A108: May
A109: June
A110: July
A111: August
A112: September
... A115: USED COOKING OIL BIODIESEL USAGE (000 tonnes)
B116: =B100 -> 2000 | C116: =C100 -> 2001 | D116: =D100 -> 2002 | E116: =E100 -> 2003 | F116: =F100 -> 2004 | G116: =G100 -> 2005 | H116: =H100 -> 2006 | I116: =I100 -> 2007 | ... Y116: =Y100 -> 2023
...

Sheet New Zealand UCO
A1: INDONESIA USED COOKING OIL SUPPLY AND DEMAND (000 tonnes)
B2: 2000 | C2: 2001 | D2: 2002 | E2: 2003 | F2: 2004 | G2: 2005 | H2: 2006 | I2: 2007 | J2: 2008 | K2: 2009 | L2: 2010 | M2: 2011 | N2: 2012 | O2: 2013 | P2: 2014 | Q2: 2015 | R2: 2016 | S2: 2017 | T2: 2018 | U2: 2019 | V2: 2020 | W2: 2021 | X2: 2022 | Y2: 2023
A3: Carryin (October 1)
A4: Production
A5: Imports
A6: Total Supply
A7: Domestic Use
A8: Biodiesel
A9: Renewable Biodiesel
A10: Biodiesel
A11: Non-Biodiesel
A12: Exports | N12: ='[1]New Zealand UCO Exports'!T$290 -> 7.049 | O12: ='[1]New Zealand UCO Exports'!U$290 -> 0.003 | P12: ='[1]New Zealand UCO Exports'!V$290 -> 0.004 | Q12: ='[1]New Zealand UCO Exports'!W$290 -> 0.004 | R12: ='[1]New Zealand UCO Exports'!X$290 -> 0.006 | S12: ='[1]New Zealand UCO Exports'!Y$290 -> 0.003 | T12: ='[1]New Zealand UCO Exports'!Z$290 -> 0.006
A13: Total Use
A14: Carryout (September 30)
A15: Stocks-to-Usage
A16: Average Price (cents per pound)
A17: Bold Numbers are The Jacobsen Estimates and Forecasts
A19: USED COOKING OIL PRODUCTION (000 tonnes)
B20: =B2 -> 2000 | C20: =C2 -> 2001 | D20: =D2 -> 2002 | E20: =E2 -> 2003 | F20: =F2 -> 2004 | G20: =G2 -> 2005 | H20: =H2 -> 2006 | I20: =I2 -> 2007 | ... Y20: =Y2 -> 2023
A21: October
A22: November
A23: December
A24: January
A25: February
A26: March
A27: April
A28: May
A29: June
A30: July
A31: August
A32: September
... A35: USED COOKING OIL IMPORTS (000 tonnes)
B36: =B20 -> 2000 | C36: =C20 -> 2001 | D36: =D20 -> 2002 | E36: =E20 -> 2003 | F36: =F20 -> 2004 | G36: =G20 -> 2005 | H36: =H20 -> 2006 | I36: =I20 -> 2007 | ... Y36: =Y20 -> 2023
A37: October
A38: November
A39: December
A40: January
A41: February
A42: March
A43: April
A44: May
A45: June
A46: July
A47: August
A48: September
... A51: USED COOKING OIL EXPORTS (000 tonnes)
B52: =B36 -> 2000 | C52: =C36 -> 2001 | D52: =D36 -> 2002 | E52: =E36 -> 2003 | F52: =F36 -> 2004 | G52: =G36 -> 2005 | H52: =H36 -> 2006 | I52: =I36 -> 2007 | ... Y52: =Y36 -> 2023
A53: October
A54: November
A55: December
A56: January
A57: February
A58: March
A59: April
A60: May
A61: June
A62: July
A63: August
A64: September
... A67: USED COOKING OIL DOMESTIC USAGE (000 tonnes)
B68: =B52 -> 2000 | C68: =C52 -> 2001 | D68: =D52 -> 2002 | E68: =E52 -> 2003 | F68: =F52 -> 2004 | G68: =G52 -> 2005 | H68: =H52 -> 2006 | I68: =I52 -> 2007 | ... Y68: =Y52 -> 2023
A69: October
A70: November
A71: December
A72: January
A73: February
A74: March
A75: April
A76: May
A77: June
A78: July
A79: August
A80: September
... A83: USED COOKING OIL TOTAL BIODIESEL USAGE (000 tonnes)
B84: =B68 -> 2000 | C84: =C68 -> 2001 | D84: =D68 -> 2002 | E84: =E68 -> 2003 | F84: =F68 -> 2004 | G84: =G68 -> 2005 | H84: =H68 -> 2006 | I84: =I68 -> 2007 | ... Y84: =Y68 -> 2023
A85: October
A86: November
A87: December
A88: January
A89: February
A90: March
A91: April
A92: May
A93: June
A94: July
A95: August
A96: September
... A99: USED COOKING OIL RENEWABLE BIODIESEL USAGE (000 tonnes)
B100: =B84 -> 2000 | C100: =C84 -> 2001 | D100: =D84 -> 2002 | E100: =E84 -> 2003 | F100: =F84 -> 2004 | G100: =G84 -> 2005 | H100: =H84 -> 2006 | I100: =I84 -> 2007 | ... Y100: =Y84 -> 2023
A101: October
A102: November
A103: December
A104: January
A105: February
A106: March
A107: April
A108: May
A109: June
A110: July
A111: August
...

Sheet UCO Trade Matrix
A1: USED COOKING OIL TRADE MATRIX (000 tonnes)
W2: CHINA | AQ2: INDONESIA | BK2: INDIA | CE2: TOTAL
B3: 2000 | C3: 2001 | D3: 2002 | E3: 2003 | F3: 2004 | G3: 2005 | H3: 2006 | I3: 2007 | J3: 2008 | K3: 2009 | L3: 2010 | M3: 2011 | N3: 2012 | O3: 2013 | P3: 2014 | Q3: 2015 | R3: 2016 | S3: 2017 | T3: 2018 | U3: 2019 | V3: 2020 | W3: 2021 | X3: 2022 | Y3: 2023 | Z3: 2000 | AA3: 2001 | AB3: 2002 | AC3: 2003 | AD3: 2004 | AE3: 2005 | AF3: 2006 | AG3: 2007 | AH3: 2008 | AI3: 2009 | AJ3: 2010 | AK3: 2011 | AL3: 2012 | AM3: 2013 | AN3: 2014 | AO3: 2015 | AP3: 2016 | AQ3: 2017 | AR3: 2018 | AS3: 2019 | AT3: 2000 | AU3: 2001 | AV3: 2002 | AW3: 2003 | AX3: 2004 | AY3: 2005 | AZ3: 2006 | BA3: 2007 | BB3: 2008 | BC3: 2009 | BD3: 2010 | BE3: 2011 | BF3: 2012 | BG3: 2013 | BH3: 2014 | BI3: 2015 | BJ3: 2016 | BK3: 2017 | BL3: 2018 | BM3: 2019 | BN3: 2000 | BO3: 2001 | BP3: 2002 | BQ3: 2003 | BR3: 2004 | BS3: 2005 | BT3: 2006 | BU3: 2007 | BV3: 2008 | BW3: 2009 | BX3: 2010 | BY3: 2011 | BZ3: 2012 | CA3: 2013 | CB3: 2014 | CC3: 2015 | CD3: 2016 | CE3: 2017 | CF3: 2018 | CG3: 2019 | CH3: 2020 | CI3: 2021 | CJ3: 2022 | CK3: 2023 | CL3: 2024 | CM3: 2025 | CN3: 2026 | CO3: 2027 | CP3: 2028 | CQ3: 2029 | CR3: 2030 | CS3: 2031 | CT3: 2032 | CU3: 2033 | CV3: 2034 | CW3: 2035 | CX3: 2036 | CY3: 2037 | CZ3: 2038 | DA3: 2039 | DB3: 2040
A4: EU-28 | N4: ='[1]China UCO Exports'!T$4 -> 0.001293 | O4: ='[1]China UCO Exports'!U$4 -> 0.003421 | P4: ='[1]China UCO Exports'!V$4 -> 0.018859 | Q4: ='[1]China UCO Exports'!W$4 -> 0.012646 | R4: ='[1]China UCO Exports'!X$4 -> 0.040421 | S4: ='[1]China UCO Exports'!Y$4 -> 0.246413 | T4: =T$41*AVERAGE(O4:S4)/AVERAGE(O$41:S$41) -> 185.98693 | U4: =U$41*AVERAGE(P4:T4)/AVERAGE(P$41:T$41) -> 220.3685 | AL4: ='[1]Indonesia UCO Exports'!T$4 -> 0 | AM4: ='[1]Indonesia UCO Exports'!U$4 -> 0 | AN4: ='[1]Indonesia UCO Exports'!V$4 -> 0 | AO4: ='[1]Indonesia UCO Exports'!W$4 -> 0 | AP4: ='[1]Indonesia UCO Exports'!X$4 -> 0 | AQ4: ='[1]Indonesia UCO Exports'!Y$4 -> 10.993 | AR4: =AR$41*AVERAGE(AM4:AQ4)/AVERAGE(AM$41:AQ$41) -> 10.8923 | AS4: =AS$41*AVERAGE(AN4:AR4)/AVERAGE(AN$41:AR$41) -> 11.462736 | BA4: ='[1]India UCO Exports'!O$4 -> 1.004 | BB4: ='[1]India UCO Exports'!P$4 -> 2.627 | BC4: ='[1]India UCO Exports'!Q$4 -> 0.041 | BD4: ='[1]India UCO Exports'!R$4 -> 0 | BE4: ='[1]India UCO Exports'!S$4 -> 0.051 | BF4: ='[1]India UCO Exports'!T$4 -> 1.362 | BG4: ='[1]India UCO Exports'!U$4 -> 9.417 | BH4: ='[1]India UCO Exports'!V$4 -> 3.257 | ... BK4: ='[1]India UCO Exports'!Y$4 -> 4.807 | BL4: =BL$41*AVERAGE(BG4:BK4)/AVERAGE(BG$41:BK$41) -> 7.4301104 | BM4: =BM$41*AVERAGE(BH4:BL4)/AVERAGE(BH$41:BL$41) -> 7.3141957 | BZ4: =N4+AL4+BF4 -> 1.363293 | CA4: =O4+AM4+BG4 -> 9.420421 | CB4: =P4+AN4+BH4 -> 3.275859 | CC4: =Q4+AO4+BI4 -> 4.122646 | CD4: =R4+AP4+BJ4 -> 3.002421 | CE4: =S4+AQ4+BK4 -> 16.046413 | CF4: =T4+AR4+BL4 -> 204.30934 | CG4: =U4+AS4+BM4 -> 239.14543 | CH4: =(SUM(CB4:CF4)/SUM(CB$41:CF$41))*CH$41 -> 247.61257 | CI4: =(SUM(CC4:CG4)/SUM(CC$41:CG$41))*CI$41 -> 295.16496 | CJ4: =(SUM(CD4:CH4)/SUM(CD$41:CH$41))*CJ$41 -> 323.46306 | CK4: =(SUM(CE4:CI4)/SUM(CE$41:CI$41))*CK$41 -> 358.90408 | CL4: =(SUM(CF4:CJ4)/SUM(CF$41:CJ$41))*CL$41 -> 411.2854 | CM4: =(SUM(CG4:CK4)/SUM(CG$41:CK$41))*CM$41 -> 441.80418 | CN4: =(SUM(CH4:CL4)/SUM(CH$41:CL$41))*CN$41 -> 502.16656 | CO4: =(SUM(CI4:CM4)/SUM(CI$41:CM$41))*CO$41 -> 542.63392 | ... DB4: =(SUM(CV4:CZ4)/SUM(CV$41:CZ$41))*DB$41 -> 1271.5772
A5: Other Europe | N5: ='[1]China UCO Exports'!T$37 -> 0 | O5: ='[1]China UCO Exports'!U$37 -> 0 | P5: ='[1]China UCO Exports'!V$37 -> 0 | Q5: ='[1]China UCO Exports'!W$37 -> 0 | R5: ='[1]China UCO Exports'!X$37 -> 0.003581 | S5: ='[1]China UCO Exports'!Y$37 -> 0 | T5: =T$41*AVERAGE(O5:S5)/AVERAGE(O$41:S$41) -> 2.0699254 | U5: =U$41*AVERAGE(P5:T5)/AVERAGE(P$41:T$41) -> 2.4526171 | AL5: ='[1]Indonesia UCO Exports'!T$37 -> 0 | AM5: ='[1]Indonesia UCO Exports'!U$37 -> 0 | AN5: ='[1]Indonesia UCO Exports'!V$37 -> 0 | AO5: ='[1]Indonesia UCO Exports'!W$37 -> 0 | AP5: ='[1]Indonesia UCO Exports'!X$37 -> 0 | AQ5: ='[1]Indonesia UCO Exports'!Y$37 -> 0 | AR5: =AR$41*AVERAGE(AM5:AQ5)/AVERAGE(AM$41:AQ$41) -> 0 | AS5: =AS$41*AVERAGE(AN5:AR5)/AVERAGE(AN$41:AR$41) -> 0 | BA5: ='[1]India UCO Exports'!O$37 -> 0 | BB5: ='[1]India UCO Exports'!P$37 -> 0.001 | BC5: ='[1]India UCO Exports'!Q$37 -> 0 | BD5: ='[1]India UCO Exports'!R$37 -> 0 | BE5: ='[1]India UCO Exports'!S$37 -> 0 | BF5: ='[1]India UCO Exports'!T$37 -> 0 | BG5: ='[1]India UCO Exports'!U$37 -> 0 | BH5: ='[1]India UCO Exports'!V$37 -> 0 | ... BK5: ='[1]India UCO Exports'!Y$37 -> 0 | BL5: =BL$41*AVERAGE(BG5:BK5)/AVERAGE(BG$41:BK$41) -> 0 | BM5: =BM$41*AVERAGE(BH5:BL5)/AVERAGE(BH$41:BL$41) -> 0 | BZ5: =N5+AL5+BF5 -> 0 | CA5: =O5+AM5+BG5 -> 0 | CB5: =P5+AN5+BH5 -> 0 | CC5: =Q5+AO5+BI5 -> 0 | CD5: =R5+AP5+BJ5 -> 0.003581 | CE5: =S5+AQ5+BK5 -> 0 | CF5: =T5+AR5+BL5 -> 2.0699254 | CG5: =U5+AS5+BM5 -> 2.4526171 | CH5: =(SUM(CB5:CF5)/SUM(CB$41:CF$41))*CH$41 -> 2.2249681 | CI5: =(SUM(CC5:CG5)/SUM(CC$41:CG$41))*CI$41 -> 2.8630045 | CJ5: =(SUM(CD5:CH5)/SUM(CD$41:CH$41))*CJ$41 -> 3.0751711 | CK5: =(SUM(CE5:CI5)/SUM(CE$41:CI$41))*CK$41 -> 3.4414111 | CL5: =(SUM(CF5:CJ5)/SUM(CF$41:CJ$41))*CL$41 -> 3.9837031 | CM5: =(SUM(CG5:CK5)/SUM(CG$41:CK$41))*CM$41 -> 4.2413161 | CN5: =(SUM(CH5:CL5)/SUM(CH$41:CL$41))*CN$41 -> 4.7835236 | CO5: =(SUM(CI5:CM5)/SUM(CI$41:CM$41))*CO$41 -> 5.2183673 | ... DB5: =(SUM(CV5:CZ5)/SUM(CV$41:CZ$41))*DB$41 -> 12.196944
A6: FSU-12 | N6: ='[1]China UCO Exports'!T$59 -> 0.001428 | O6: ='[1]China UCO Exports'!U$59 -> 0.001051 | P6: ='[1]China UCO Exports'!V$59 -> 0.00163 | Q6: ='[1]China UCO Exports'!W$59 -> 0.001566 | R6: ='[1]China UCO Exports'!X$59 -> 0.002482 | S6: ='[1]China UCO Exports'!Y$59 -> 0.002187 | T6: =T$41*AVERAGE(O6:S6)/AVERAGE(O$41:S$41) -> 5.1537153 | U6: =U$41*AVERAGE(P6:T6)/AVERAGE(P$41:T$41) -> 6.1053009 | AL6: ='[1]Indonesia UCO Exports'!T$59 -> 0 | AM6: ='[1]Indonesia UCO Exports'!U$59 -> 0 | AN6: ='[1]Indonesia UCO Exports'!V$59 -> 0 | AO6: ='[1]Indonesia UCO Exports'!W$59 -> 0 | AP6: ='[1]Indonesia UCO Exports'!X$59 -> 0 | AQ6: ='[1]Indonesia UCO Exports'!Y$59 -> 0 | AR6: =AR$41*AVERAGE(AM6:AQ6)/AVERAGE(AM$41:AQ$41) -> 0 | AS6: =AS$41*AVERAGE(AN6:AR6)/AVERAGE(AN$41:AR$41) -> 0 | BA6: ='[1]India UCO Exports'!O$59 -> 0 | BB6: ='[1]India UCO Exports'!P$59 -> 0 | BC6: ='[1]India UCO Exports'!Q$59 -> 0 | BD6: ='[1]India UCO Exports'!R$59 -> 0 | BE6: ='[1]India UCO Exports'!S$59 -> 0.001 | BF6: ='[1]India UCO Exports'!T$59 -> 0 | BG6: ='[1]India UCO Exports'!U$59 -> 0.04 | BH6: ='[1]India UCO Exports'!V$59 -> 0 | ... BK6: ='[1]India UCO Exports'!Y$59 -> 0.1 | BL6: =BL$41*AVERAGE(BG6:BK6)/AVERAGE(BG$41:BK$41) -> 0.26630136 | BM6: =BM$41*AVERAGE(BH6:BL6)/AVERAGE(BH$41:BL$41) -> 0.35857773 | BZ6: =N6+AL6+BF6 -> 0.001428 | CA6: =O6+AM6+BG6 -> 0.041051 | CB6: =P6+AN6+BH6 -> 0.00163 | CC6: =Q6+AO6+BI6 -> 0.341566 | CD6: =R6+AP6+BJ6 -> 0.402482 | CE6: =S6+AQ6+BK6 -> 0.102187 | CF6: =T6+AR6+BL6 -> 5.4200166 | CG6: =U6+AS6+BM6 -> 6.4638786 | CH6: =(SUM(CB6:CF6)/SUM(CB$41:CF$41))*CH$41 -> 6.7257264 | CI6: =(SUM(CC6:CG6)/SUM(CC$41:CG$41))*CI$41 -> 8.0524583 | CJ6: =(SUM(CD6:CH6)/SUM(CD$41:CH$41))*CJ$41 -> 8.7066979 | CK6: =(SUM(CE6:CI6)/SUM(CE$41:CI$41))*CK$41 -> 9.5839655 | CL6: =(SUM(CF6:CJ6)/SUM(CF$41:CJ$41))*CL$41 -> 11.106905 | CM6: =(SUM(CG6:CK6)/SUM(CG$41:CK$41))*CM$41 -> 11.927776 | CN6: =(SUM(CH6:CL6)/SUM(CH$41:CL$41))*CN$41 -> 13.556086 | CO6: =(SUM(CI6:CM6)/SUM(CI$41:CM$41))*CO$41 -> 14.636596 | ... DB6: =(SUM(CV6:CZ6)/SUM(CV$41:CZ$41))*DB$41 -> 34.284337
A7: China | N7: N/A | O7: N/A | P7: N/A | Q7: N/A | R7: N/A | S7: N/A | T7: N/A | U7: N/A | AL7: ='[1]Indonesia UCO Exports'!T$88 -> 0 | AM7: ='[1]Indonesia UCO Exports'!U$88 -> 0 | AN7: ='[1]Indonesia UCO Exports'!V$88 -> 0 | AO7: ='[1]Indonesia UCO Exports'!W$88 -> 0 | AP7: ='[1]Indonesia UCO Exports'!X$88 -> 0 | AQ7: ='[1]Indonesia UCO Exports'!Y$88 -> 0 | AR7: =AR$41*AVERAGE(AM7:AQ7)/AVERAGE(AM$41:AQ$41) -> 0 | AS7: =AS$41*AVERAGE(AN7:AR7)/AVERAGE(AN$41:AR$41) -> 0 | BA7: ='[1]India UCO Exports'!O$88 -> 0 | BB7: ='[1]India UCO Exports'!P$88 -> 0 | BC7: ='[1]India UCO Exports'!Q$88 -> 0 | BD7: ='[1]India UCO Exports'!R$88 -> 0 | BE7: ='[1]India UCO Exports'!S$88 -> 0 | BF7: ='[1]India UCO Exports'!T$88 -> 0 | BG7: ='[1]India UCO Exports'!U$88 -> 0 | BH7: ='[1]India UCO Exports'!V$88 -> 0 | ... BK7: ='[1]India UCO Exports'!Y$88 -> 0.192 | BL7: =BL$41*AVERAGE(BG7:BK7)/AVERAGE(BG$41:BK$41) -> 0.064457033 | BM7: =BM$41*AVERAGE(BH7:BL7)/AVERAGE(BH$41:BL$41) -> 0.08993021 | BZ7: =AL7+BF7 -> 0 | CA7: =AM7+BG7 -> 0 | CB7: =AN7+BH7 -> 0 | CC7: =AO7+BI7 -> 0.001 | CD7: =AP7+BJ7 -> 0.02 | CE7: =AQ7+BK7 -> 0.192 | CF7: =AR7+BL7 -> 0.064457033 | CG7: =AS7+BM7 -> 0.08993021 | CH7: =(SUM(CB7:CF7)/SUM(CB$41:CF$41))*CH$41 -> 0.29772421 | CI7: =(SUM(CC7:CG7)/SUM(CC$41:CG$41))*CI$41 -> 0.23239122 | CJ7: =(SUM(CD7:CH7)/SUM(CD$41:CH$41))*CJ$41 -> 0.30250758 | CK7: =(SUM(CE7:CI7)/SUM(CE$41:CI$41))*CK$41 -> 0.31386517 | CL7: =(SUM(CF7:CJ7)/SUM(CF$41:CJ$41))*CL$41 -> 0.30995216 | CM7: =(SUM(CG7:CK7)/SUM(CG$41:CK$41))*CM$41 -> 0.37305095 | CN7: =(SUM(CH7:CL7)/SUM(CH$41:CL$41))*CN$41 -> 0.44693363 | CO7: =(SUM(CI7:CM7)/SUM(CI$41:CM$41))*CO$41 -> 0.45404727 | ... DB7: =(SUM(CV7:CZ7)/SUM(CV$41:CZ$41))*DB$41 -> 1.0781828
A8: Indonesia | N8: ='[1]China UCO Exports'!T$103 -> 0.002828 | O8: ='[1]China UCO Exports'!U$103 -> 0.004201 | P8: ='[1]China UCO Exports'!V$103 -> 0.00685 | Q8: ='[1]China UCO Exports'!W$103 -> 0.004274 | R8: ='[1]China UCO Exports'!X$103 -> 0.003968 | S8: ='[1]China UCO Exports'!Y$103 -> 0.005509 | T8: =T$41*AVERAGE(O8:S8)/AVERAGE(O$41:S$41) -> 14.3363 | U8: =U$41*AVERAGE(P8:T8)/AVERAGE(P$41:T$41) -> 16.981853 | AL8: N/A | AM8: N/A | AN8: N/A | AO8: N/A | AP8: N/A | AQ8: N/A | AR8: N/A | AS8: N/A | BA8: ='[1]India UCO Exports'!O$103 -> 0 | BB8: ='[1]India UCO Exports'!P$103 -> 0.81 | BC8: ='[1]India UCO Exports'!Q$103 -> 0 | BD8: ='[1]India UCO Exports'!R$103 -> 0 | BE8: ='[1]India UCO Exports'!S$103 -> 0.01 | BF8: ='[1]India UCO Exports'!T$103 -> 0.015 | BG8: ='[1]India UCO Exports'!U$103 -> 0.433 | BH8: ='[1]India UCO Exports'!V$103 -> 0.218 | ... BK8: ='[1]India UCO Exports'!Y$103 -> 0.1 | BL8: =BL$41*AVERAGE(BG8:BK8)/AVERAGE(BG$41:BK$41) -> 0.26660397 | BM8: =BM$41*AVERAGE(BH8:BL8)/AVERAGE(BH$41:BL$41) -> 0.23161959 | BZ8: =N8+BF8 -> 0.017828 | CA8: =O8+BG8 -> 0.437201 | CB8: =P8+BH8 -> 0.22485 | CC8: =Q8+BI8 -> 0.034274 | CD8: =R8+BJ8 -> 0.103968 | CE8: =S8+BK8 -> 0.105509 | CF8: =T8+BL8 -> 14.602904 | CG8: =U8+BM8 -> 17.213472 | CH8: =(SUM(CB8:CF8)/SUM(CB$41:CF$41))*CH$41*0.25 -> 4.0431051 | CI8: =(SUM(CC8:CG8)/SUM(CC$41:CG$41))*CI$41*0.25 -> 5.0699174 | CJ8: =(SUM(CD8:CH8)/SUM(CD$41:CH$41))*CJ$41*0.25 -> 4.1074179 | CK8: =(SUM(CE8:CI8)/SUM(CE$41:CI$41))*CK$41*0.25 -> 3.673528 | CL8: =(SUM(CF8:CJ8)/SUM(CF$41:CJ$41))*CL$41*0.25 -> 3.5357431 | CM8: =(SUM(CG8:CK8)/SUM(CG$41:CK$41))*CM$41*0.25 -> 2.5727159 | CN8: =(SUM(CH8:CL8)/SUM(CH$41:CL$41))*CN$41*0.25 -> 1.5673016 | CO8: =(SUM(CI8:CM8)/SUM(CI$41:CM$41))*CO$41*0.25 -> 1.4049833 | ... DB8: =(SUM(CV8:CZ8)/SUM(CV$41:CZ$41))*DB$41*0.25 -> 0.046379837
A9: Iran | N9: =IF('[1]China UCO Exports'!T$104="",0,'[1]China UCO Exports'!T$104) -> 0 | O9: =IF('[1]China UCO Exports'!U$104="",0,'[1]China UCO Exports'!U$104) -> 0.000124 | P9: =IF('[1]China UCO Exports'!V$104="",0,'[1]China UCO Exports'!V$104) -> 3e-05 | Q9: =IF('[1]China UCO Exports'!W$104="",0,'[1]China UCO Exports'!W$104) -> 5.3e-05 | R9: =IF('[1]China UCO Exports'!X$104="",0,'[1]China UCO Exports'!X$104) -> 0.000128 | S9: =IF('[1]China UCO Exports'!Y$104="",0,'[1]China UCO Exports'!Y$104) -> 0.000102 | T9: =T$41*AVERAGE(O9:S9)/AVERAGE(O$41:S$41) -> 0.2525991 | U9: =U$41*AVERAGE(P9:T9)/AVERAGE(P$41:T$41) -> 0.29915343 | AL9: ='[1]Indonesia UCO Exports'!T$104 -> 0 | AM9: ='[1]Indonesia UCO Exports'!U$104 -> 0 | AN9: ='[1]Indonesia UCO Exports'!V$104 -> 0 | AO9: ='[1]Indonesia UCO Exports'!W$104 -> 0 | AP9: ='[1]Indonesia UCO Exports'!X$104 -> 0 | AQ9: ='[1]Indonesia UCO Exports'!Y$104 -> 0 | AR9: =AR$41*AVERAGE(AM9:AQ9)/AVERAGE(AM$41:AQ$41) -> 0 | AS9: =AS$41*AVERAGE(AN9:AR9)/AVERAGE(AN$41:AR$41) -> 0 | BA9: ='[1]India UCO Exports'!O$104 -> 0 | BB9: ='[1]India UCO Exports'!P$104 -> 0 | BC9: ='[1]India UCO Exports'!Q$104 -> 0 | BD9: ='[1]India UCO Exports'!R$104 -> 0 | BE9: ='[1]India UCO Exports'!S$104 -> 0.029 | BF9: ='[1]India UCO Exports'!T$104 -> 0.034 | BG9: ='[1]India UCO Exports'!U$104 -> 0.256 | BH9: ='[1]India UCO Exports'!V$104 -> 0.111 | ... BK9: ='[1]India UCO Exports'!Y$104 -> 0.123 | BL9: =BL$41*AVERAGE(BG9:BK9)/AVERAGE(BG$41:BK$41) -> 0.2611569 | BM9: =BM$41*AVERAGE(BH9:BL9)/AVERAGE(BH$41:BL$41) -> 0.28138963 | BZ9: =N9+AL9+BF9 -> 0.034 | CA9: =O9+AM9+BG9 -> 0.256124 | CB9: =P9+AN9+BH9 -> 0.11103 | CC9: =Q9+AO9+BI9 -> 0.160053 | CD9: =R9+AP9+BJ9 -> 0.213128 | CE9: =S9+AQ9+BK9 -> 0.123102 | CF9: =T9+AR9+BL9 -> 0.513756 | CG9: =U9+AS9+BM9 -> 0.58054306 | CH9: =(SUM(CB9:CF9)/SUM(CB$41:CF$41))*CH$41 -> 1.2029588 | CI9: =(SUM(CC9:CG9)/SUM(CC$41:CG$41))*CI$41 -> 1.0061245 | CJ9: =(SUM(CD9:CH9)/SUM(CD$41:CH$41))*CJ$41 -> 1.1995728 | CK9: =(SUM(CE9:CI9)/SUM(CE$41:CI$41))*CK$41 -> 1.2269833 | CL9: =(SUM(CF9:CJ9)/SUM(CF$41:CJ$41))*CL$41 -> 1.4140691 | CM9: =(SUM(CG9:CK9)/SUM(CG$41:CK$41))*CM$41 -> 1.5738215 | CN9: =(SUM(CH9:CL9)/SUM(CH$41:CL$41))*CN$41 -> 1.8564565 | CO9: =(SUM(CI9:CM9)/SUM(CI$41:CM$41))*CO$41 -> 1.9031893 | ... DB9: =(SUM(CV9:CZ9)/SUM(CV$41:CZ$41))*DB$41 -> 4.5262076
A10: Israel | N10: =IF('[1]China UCO Exports'!T$107="",0,'[1]China UCO Exports'!T$107) -> 0.00023 | O10: =IF('[1]China UCO Exports'!U$107="",0,'[1]China UCO Exports'!U$107) -> 0.000456 | P10: =IF('[1]China UCO Exports'!V$107="",0,'[1]China UCO Exports'!V$107) -> 0.000365 | Q10: =IF('[1]China UCO Exports'!W$107="",0,'[1]China UCO Exports'!W$107) -> 0.000803 | R10: =IF('[1]China UCO Exports'!X$107="",0,'[1]China UCO Exports'!X$107) -> 0.000419 | S10: =IF('[1]China UCO Exports'!Y$107="",0,'[1]China UCO Exports'!Y$107) -> 0.000421 | T10: =T$41*AVERAGE(O10:S10)/AVERAGE(O$41:S$41) -> 1.4242659 | U10: =U$41*AVERAGE(P10:T10)/AVERAGE(P$41:T$41) -> 1.6870475 | AL10: ='[1]Indonesia UCO Exports'!T$107 -> 0 | AM10: ='[1]Indonesia UCO Exports'!U$107 -> 0 | AN10: ='[1]Indonesia UCO Exports'!V$107 -> 0 | AO10: ='[1]Indonesia UCO Exports'!W$107 -> 0 | AP10: ='[1]Indonesia UCO Exports'!X$107 -> 0 | AQ10: ='[1]Indonesia UCO Exports'!Y$107 -> 0 | AR10: =AR$41*AVERAGE(AM10:AQ10)/AVERAGE(AM$41:AQ$41) -> 0 | AS10: =AS$41*AVERAGE(AN10:AR10)/AVERAGE(AN$41:AR$41) -> 0 | BA10: ='[1]India UCO Exports'!O$107 -> 0 | BB10: ='[1]India UCO Exports'!P$107 -> 0 | BC10: ='[1]India UCO Exports'!Q$107 -> 0 | BD10: ='[1]India UCO Exports'!R$107 -> 0 | BE10: ='[1]India UCO Exports'!S$107 -> 0 | BF10: ='[1]India UCO Exports'!T$107 -> 0 | BG10: ='[1]India UCO Exports'!U$107 -> 0 | BH10: ='[1]India UCO Exports'!V$107 -> 0 | ... BK10: ='[1]India UCO Exports'!Y$107 -> 0 | BL10: =BL$41*AVERAGE(BG10:BK10)/AVERAGE(BG$41:BK$41) -> 0 | BM10: =BM$41*AVERAGE(BH10:BL10)/AVERAGE(BH$41:BL$41) -> 0 | BZ10: =N10+AL10+BF10 -> 0.00023 | CA10: =O10+AM10+BG10 -> 0.000456 | CB10: =P10+AN10+BH10 -> 0.000365 | CC10: =Q10+AO10+BI10 -> 0.000803 | CD10: =R10+AP10+BJ10 -> 0.000419 | CE10: =S10+AQ10+BK10 -> 0.000421 | CF10: =T10+AR10+BL10 -> 1.4242659 | CG10: =U10+AS10+BM10 -> 1.6870475 | CH10: =(SUM(CB10:CF10)/SUM(CB$41:CF$41))*CH$41 -> 1.5304577 | CI10: =(SUM(CC10:CG10)/SUM(CC$41:CG$41))*CI$41 -> 1.9691041 | CJ10: =(SUM(CD10:CH10)/SUM(CD$41:CH$41))*CJ$41 -> 2.114743 | CK10: =(SUM(CE10:CI10)/SUM(CE$41:CI$41))*CK$41 -> 2.3674265 | CL10: =(SUM(CF10:CJ10)/SUM(CF$41:CJ$41))*CL$41 -> 2.7401176 | CM10: =(SUM(CG10:CK10)/SUM(CG$41:CK$41))*CM$41 -> 2.9172545 | CN10: =(SUM(CH10:CL10)/SUM(CH$41:CL$41))*CN$41 -> 3.2901828 | CO10: =(SUM(CI10:CM10)/SUM(CI$41:CM$41))*CO$41 -> 3.5892516 | ... DB10: =(SUM(CV10:CZ10)/SUM(CV$41:CZ$41))*DB$41 -> 8.3893222
A11: Japan | N11: =IF('[1]China UCO Exports'!T$108="",0,'[1]China UCO Exports'!T$108) -> 0.000258 | O11: =IF('[1]China UCO Exports'!U$108="",0,'[1]China UCO Exports'!U$108) -> 0.000291 | P11: =IF('[1]China UCO Exports'!V$108="",0,'[1]China UCO Exports'!V$108) -> 0.000385 | Q11: =IF('[1]China UCO Exports'!W$108="",0,'[1]China UCO Exports'!W$108) -> 0.000167 | R11: =IF('[1]China UCO Exports'!X$108="",0,'[1]China UCO Exports'!X$108) -> 0.00019 | S11: =IF('[1]China UCO Exports'!Y$108="",0,'[1]China UCO Exports'!Y$108) -> 0.000324 | T11: =T$41*AVERAGE(O11:S11)/AVERAGE(O$41:S$41) -> 0.78438668 | U11: =U$41*AVERAGE(P11:T11)/AVERAGE(P$41:T$41) -> 0.92906138 | AL11: ='[1]Indonesia UCO Exports'!T$108 -> 0 | AM11: ='[1]Indonesia UCO Exports'!U$108 -> 0 | AN11: ='[1]Indonesia UCO Exports'!V$108 -> 0 | AO11: ='[1]Indonesia UCO Exports'!W$108 -> 0 | AP11: ='[1]Indonesia UCO Exports'!X$108 -> 0 | AQ11: ='[1]Indonesia UCO Exports'!Y$108 -> 0.001 | AR11: =AR$41*AVERAGE(AM11:AQ11)/AVERAGE(AM$41:AQ$41) -> 0.00099083966 | AS11: =AS$41*AVERAGE(AN11:AR11)/AVERAGE(AN$41:AR$41) -> 0.0010427304 | BA11: ='[1]India UCO Exports'!O$108 -> 0.212 | BB11: ='[1]India UCO Exports'!P$108 -> 0.239 | BC11: ='[1]India UCO Exports'!Q$108 -> 0.017 | BD11: ='[1]India UCO Exports'!R$108 -> 0.002 | BE11: ='[1]India UCO Exports'!S$108 -> 0 | BF11: ='[1]India UCO Exports'!T$108 -> 1.717 | BG11: ='[1]India UCO Exports'!U$108 -> 0.951 | BH11: ='[1]India UCO Exports'!V$108 -> 1.818 | ... BK11: ='[1]India UCO Exports'!Y$108 -> 2.422 | BL11: =BL$41*AVERAGE(BG11:BK11)/AVERAGE(BG$41:BK$41) -> 3.1653547 | BM11: =BM$41*AVERAGE(BH11:BL11)/AVERAGE(BH$41:BL$41) -> 4.1080501 | BZ11: =N11+AL11+BF11 -> 1.717258 | CA11: =O11+AM11+BG11 -> 0.951291 | CB11: =P11+AN11+BH11 -> 1.818385 | CC11: =Q11+AO11+BI11 -> 2.596167 | CD11: =R11+AP11+BJ11 -> 2.67319 | CE11: =S11+AQ11+BK11 -> 2.423324 | CF11: =T11+AR11+BL11 -> 3.9507323 | CG11: =U11+AS11+BM11 -> 5.0381542 | CH11: =(SUM(CB11:CF11)/SUM(CB$41:CF$41))*CH$41 -> 14.445131 | CI11: =(SUM(CC11:CG11)/SUM(CC$41:CG$41))*CI$41 -> 10.551944 | CJ11: =(SUM(CD11:CH11)/SUM(CD$41:CH$41))*CJ$41 -> 12.995864 | CK11: =(SUM(CE11:CI11)/SUM(CE$41:CI$41))*CK$41 -> 13.037732 | CL11: =(SUM(CF11:CJ11)/SUM(CF$41:CJ$41))*CL$41 -> 14.753766 | CM11: =(SUM(CG11:CK11)/SUM(CG$41:CK$41))*CM$41 -> 16.917031 | CN11: =(SUM(CH11:CL11)/SUM(CH$41:CL$41))*CN$41 -> 20.18708 | CO11: =(SUM(CI11:CM11)/SUM(CI$41:CM$41))*CO$41 -> 20.232582 | ... DB11: =(SUM(CV11:CZ11)/SUM(CV$41:CZ$41))*DB$41 -> 48.44274
A12: Jordan | N12: =IF('[1]China UCO Exports'!T$109="",0,'[1]China UCO Exports'!T$109) -> 0.000129 | O12: =IF('[1]China UCO Exports'!U$109="",0,'[1]China UCO Exports'!U$109) -> 0.000134 | P12: =IF('[1]China UCO Exports'!V$109="",0,'[1]China UCO Exports'!V$109) -> 0.000131 | Q12: =IF('[1]China UCO Exports'!W$109="",0,'[1]China UCO Exports'!W$109) -> 8e-05 | R12: =IF('[1]China UCO Exports'!X$109="",0,'[1]China UCO Exports'!X$109) -> 0.000163 | S12: =IF('[1]China UCO Exports'!Y$109="",0,'[1]China UCO Exports'!Y$109) -> 0.000113 | T12: =T$41*AVERAGE(O12:S12)/AVERAGE(O$41:S$41) -> 0.35895662 | U12: =U$41*AVERAGE(P12:T12)/AVERAGE(P$41:T$41) -> 0.4251627 | AL12: ='[1]Indonesia UCO Exports'!T$109 -> 0 | AM12: ='[1]Indonesia UCO Exports'!U$109 -> 0 | AN12: ='[1]Indonesia UCO Exports'!V$109 -> 0 | AO12: ='[1]Indonesia UCO Exports'!W$109 -> 0 | AP12: ='[1]Indonesia UCO Exports'!X$109 -> 0 | AQ12: ='[1]Indonesia UCO Exports'!Y$109 -> 0 | AR12: =AR$41*AVERAGE(AM12:AQ12)/AVERAGE(AM$41:AQ$41) -> 0 | AS12: =AS$41*AVERAGE(AN12:AR12)/AVERAGE(AN$41:AR$41) -> 0 | BA12: ='[1]India UCO Exports'!O$109 -> 0.002 | BB12: ='[1]India UCO Exports'!P$109 -> 0.001 | BC12: ='[1]India UCO Exports'!Q$109 -> 0.001 | BD12: ='[1]India UCO Exports'!R$109 -> 0.003 | BE12: ='[1]India UCO Exports'!S$109 -> 0.004 | BF12: ='[1]India UCO Exports'!T$109 -> 0.002 | BG12: ='[1]India UCO Exports'!U$109 -> 0.002 | BH12: ='[1]India UCO Exports'!V$109 -> 0.003 | ... BK12: ='[1]India UCO Exports'!Y$109 -> 0.168 | BL12: =BL$41*AVERAGE(BG12:BK12)/AVERAGE(BG$41:BK$41) -> 0.060523035 | BM12: =BM$41*AVERAGE(BH12:BL12)/AVERAGE(BH$41:BL$41) -> 0.083793266 | BZ12: =N12+AL12+BF12 -> 0.002129 | CA12: =O12+AM12+BG12 -> 0.002134 | CB12: =P12+AN12+BH12 -> 0.003131 | CC12: =Q12+AO12+BI12 -> 0.00208 | CD12: =R12+AP12+BJ12 -> 0.025163 | CE12: =S12+AQ12+BK12 -> 0.168113 | CF12: =T12+AR12+BL12 -> 0.41947965 | CG12: =U12+AS12+BM12 -> 0.50895597 | CH12: =(SUM(CB12:CF12)/SUM(CB$41:CF$41))*CH$41 -> 0.66310675 | CI12: =(SUM(CC12:CG12)/SUM(CC$41:CG$41))*CI$41 -> 0.71085566 | CJ12: =(SUM(CD12:CH12)/SUM(CD$41:CH$41))*CJ$41 -> 0.8129977 | CK12: =(SUM(CE12:CI12)/SUM(CE$41:CI$41))*CK$41 -> 0.8846606 | CL12: =(SUM(CF12:CJ12)/SUM(CF$41:CJ$41))*CL$41 -> 0.97833193 | CM12: =(SUM(CG12:CK12)/SUM(CG$41:CK$41))*CM$41 -> 1.0803281 | CN12: =(SUM(CH12:CL12)/SUM(CH$41:CL$41))*CN$41 -> 1.2427973 | CO12: =(SUM(CI12:CM12)/SUM(CI$41:CM$41))*CO$41 -> 1.3241623 | ... DB12: =(SUM(CV12:CZ12)/SUM(CV$41:CZ$41))*DB$41 -> 3.1113041
A13: Malaysia | N13: =IF('[1]China UCO Exports'!T$117="",0,'[1]China UCO Exports'!T$117) -> 0.002351 | O13: =IF('[1]China UCO Exports'!U$117="",0,'[1]China UCO Exports'!U$117) -> 0.003062 | P13: =IF('[1]China UCO Exports'!V$117="",0,'[1]China UCO Exports'!V$117) -> 0.003981 | Q13: =IF('[1]China UCO Exports'!W$117="",0,'[1]China UCO Exports'!W$117) -> 0.004866 | R13: =IF('[1]China UCO Exports'!X$117="",0,'[1]China UCO Exports'!X$117) -> 0.003908 | S13: =IF('[1]China UCO Exports'!Y$117="",0,'[1]China UCO Exports'!Y$117) -> 0.019875 | T13: =T$41*AVERAGE(O13:S13)/AVERAGE(O$41:S$41) -> 20.631046 | U13: =U$41*AVERAGE(P13:T13)/AVERAGE(P$41:T$41) -> 24.441731 | AL13: ='[1]Indonesia UCO Exports'!T$117 -> 0 | AM13: ='[1]Indonesia UCO Exports'!U$117 -> 0 | AN13: ='[1]Indonesia UCO Exports'!V$117 -> 0 | AO13: ='[1]Indonesia UCO Exports'!W$117 -> 0 | AP13: ='[1]Indonesia UCO Exports'!X$117 -> 0 | AQ13: ='[1]Indonesia UCO Exports'!Y$117 -> 2.814 | AR13: =AR$41*AVERAGE(AM13:AQ13)/AVERAGE(AM$41:AQ$41) -> 2.7882228 | AS13: =AS$41*AVERAGE(AN13:AR13)/AVERAGE(AN$41:AR$41) -> 2.9342434 | BA13: ='[1]India UCO Exports'!O$117 -> 1.095 | BB13: ='[1]India UCO Exports'!P$117 -> 5.717 | BC13: ='[1]India UCO Exports'!Q$117 -> 0.022 | BD13: ='[1]India UCO Exports'!R$117 -> 0.008 | BE13: ='[1]India UCO Exports'!S$117 -> 0.007 | BF13: ='[1]India UCO Exports'!T$117 -> 0.821 | BG13: ='[1]India UCO Exports'!U$117 -> 0.703 | BH13: ='[1]India UCO Exports'!V$117 -> 1.599 | ... BK13: ='[1]India UCO Exports'!Y$117 -> 6.148 | BL13: =BL$41*AVERAGE(BG13:BK13)/AVERAGE(BG$41:BK$41) -> 2.6493959 | BM13: =BM$41*AVERAGE(BH13:BL13)/AVERAGE(BH$41:BL$41) -> 3.4685687 | BZ13: =N13+AL13+BF13 -> 0.823351 | CA13: =O13+AM13+BG13 -> 0.706062 | CB13: =P13+AN13+BH13 -> 1.602981 | CC13: =Q13+AO13+BI13 -> 0.308866 | CD13: =R13+AP13+BJ13 -> 0.004908 | CE13: =S13+AQ13+BK13 -> 8.981875 | CF13: =T13+AR13+BL13 -> 26.068665 | CG13: =U13+AS13+BM13 -> 30.844543 | CH13: =(SUM(CB13:CF13)/SUM(CB$41:CF$41))*CH$41*0.25 -> 9.9169035 | CI13: =(SUM(CC13:CG13)/SUM(CC$41:CG$41))*CI$41*0.25 -> 10.470122 | CJ13: =(SUM(CD13:CH13)/SUM(CD$41:CH$41))*CJ$41*0.25 -> 8.6337862 | CK13: =(SUM(CE13:CI13)/SUM(CE$41:CI$41))*CK$41*0.25 -> 7.7241491 | CL13: =(SUM(CF13:CJ13)/SUM(CF$41:CJ$41))*CL$41*0.25 -> 6.7464941 | CM13: =(SUM(CG13:CK13)/SUM(CG$41:CK$41))*CM$41*0.25 -> 5.0982598 | CN13: =(SUM(CH13:CL13)/SUM(CH$41:CL$41))*CN$41*0.25 -> 3.3365242 | CO13: =(SUM(CI13:CM13)/SUM(CI$41:CM$41))*CO$41*0.25 -> 2.8658542 | ... DB13: =(SUM(CV13:CZ13)/SUM(CV$41:CZ$41))*DB$41*0.25 -> 0.094019018
A14: Philippines | N14: =IF('[1]China UCO Exports'!T$136="",0,'[1]China UCO Exports'!T$136) -> 0.000564 | O14: =IF('[1]China UCO Exports'!U$136="",0,'[1]China UCO Exports'!U$136) -> 0.000458 | P14: =IF('[1]China UCO Exports'!V$136="",0,'[1]China UCO Exports'!V$136) -> 0.000662 | Q14: =IF('[1]China UCO Exports'!W$136="",0,'[1]China UCO Exports'!W$136) -> 0.000553 | R14: =IF('[1]China UCO Exports'!X$136="",0,'[1]China UCO Exports'!X$136) -> 0.00055 | S14: =IF('[1]China UCO Exports'!Y$136="",0,'[1]China UCO Exports'!Y$136) -> 0.000638 | T14: =T$41*AVERAGE(O14:S14)/AVERAGE(O$41:S$41) -> 1.6537438 | U14: =U$41*AVERAGE(P14:T14)/AVERAGE(P$41:T$41) -> 1.9589493 | AL14: ='[1]Indonesia UCO Exports'!T$136 -> 0 | AM14: ='[1]Indonesia UCO Exports'!U$136 -> 0 | AN14: ='[1]Indonesia UCO Exports'!V$136 -> 0 | AO14: ='[1]Indonesia UCO Exports'!W$136 -> 0 | AP14: ='[1]Indonesia UCO Exports'!X$136 -> 0 | AQ14: ='[1]Indonesia UCO Exports'!Y$136 -> 0.001 | AR14: =AR$41*AVERAGE(AM14:AQ14)/AVERAGE(AM$41:AQ$41) -> 0.00099083966 | AS14: =AS$41*AVERAGE(AN14:AR14)/AVERAGE(AN$41:AR$41) -> 0.0010427304 | BA14: ='[1]India UCO Exports'!O$136 -> 0 | BB14: ='[1]India UCO Exports'!P$136 -> 0 | BC14: ='[1]India UCO Exports'!Q$136 -> 0 | BD14: ='[1]India UCO Exports'!R$136 -> 0 | BE14: ='[1]India UCO Exports'!S$136 -> 0 | BF14: ='[1]India UCO Exports'!T$136 -> 0 | BG14: ='[1]India UCO Exports'!U$136 -> 0 | BH14: ='[1]India UCO Exports'!V$136 -> 0 | ... BK14: ='[1]India UCO Exports'!Y$136 -> 0.213 | BL14: =BL$41*AVERAGE(BG14:BK14)/AVERAGE(BG$41:BK$41) -> 0.064457033 | BM14: =BM$41*AVERAGE(BH14:BL14)/AVERAGE(BH$41:BL$41) -> 0.08993021 | BZ14: =N14+AL14+BF14 -> 0.000564 | CA14: =O14+AM14+BG14 -> 0.000458 | CB14: =P14+AN14+BH14 -> 0.000662 | CC14: =Q14+AO14+BI14 -> 0.000553 | CD14: =R14+AP14+BJ14 -> 0.00055 | CE14: =S14+AQ14+BK14 -> 0.214638 | CF14: =T14+AR14+BL14 -> 1.7191916 | CG14: =U14+AS14+BM14 -> 2.0499223 | CH14: =(SUM(CB14:CF14)/SUM(CB$41:CF$41))*CH$41 -> 2.0769824 | CI14: =(SUM(CC14:CG14)/SUM(CC$41:CG$41))*CI$41 -> 2.5206245 | CJ14: =(SUM(CD14:CH14)/SUM(CD$41:CH$41))*CJ$41 -> 2.7609589 | CK14: =(SUM(CE14:CI14)/SUM(CE$41:CI$41))*CK$41 -> 3.0728825 | CL14: =(SUM(CF14:CJ14)/SUM(CF$41:CJ$41))*CL$41 -> 3.4944403 | CM14: =(SUM(CG14:CK14)/SUM(CG$41:CK$41))*CM$41 -> 3.7658669 | CN14: =(SUM(CH14:CL14)/SUM(CH$41:CL$41))*CN$41 -> 4.2733972 | CO14: =(SUM(CI14:CM14)/SUM(CI$41:CM$41))*CO$41 -> 4.6285399 | ... DB14: =(SUM(CV14:CZ14)/SUM(CV$41:CZ$41))*DB$41 -> 10.835721
A15: Saudi Arabia | N15: =IF('[1]China UCO Exports'!T$140="",0,'[1]China UCO Exports'!T$140) -> 0.000384 | O15: =IF('[1]China UCO Exports'!U$140="",0,'[1]China UCO Exports'!U$140) -> 0.000513 | P15: =IF('[1]China UCO Exports'!V$140="",0,'[1]China UCO Exports'!V$140) -> 0.000256 | Q15: =IF('[1]China UCO Exports'!W$140="",0,'[1]China UCO Exports'!W$140) -> 0.000586 | R15: =IF('[1]China UCO Exports'!X$140="",0,'[1]China UCO Exports'!X$140) -> 0.000658 | S15: =IF('[1]China UCO Exports'!Y$140="",0,'[1]China UCO Exports'!Y$140) -> 0.000763 | T15: =T$41*AVERAGE(O15:S15)/AVERAGE(O$41:S$41) -> 1.6046112 | U15: =U$41*AVERAGE(P15:T15)/AVERAGE(P$41:T$41) -> 1.900668 | AL15: ='[1]Indonesia UCO Exports'!T$140 -> 0 | AM15: ='[1]Indonesia UCO Exports'!U$140 -> 0 | AN15: ='[1]Indonesia UCO Exports'!V$140 -> 0 | AO15: ='[1]Indonesia UCO Exports'!W$140 -> 0 | AP15: ='[1]Indonesia UCO Exports'!X$140 -> 0 | AQ15: ='[1]Indonesia UCO Exports'!Y$140 -> 0 | AR15: =AR$41*AVERAGE(AM15:AQ15)/AVERAGE(AM$41:AQ$41) -> 0 | AS15: =AS$41*AVERAGE(AN15:AR15)/AVERAGE(AN$41:AR$41) -> 0 | BA15: ='[1]India UCO Exports'!O$140 -> 0.003 | BB15: ='[1]India UCO Exports'!P$140 -> 0.004 | BC15: ='[1]India UCO Exports'!Q$140 -> 0.001 | BD15: ='[1]India UCO Exports'!R$140 -> 0.005 | BE15: ='[1]India UCO Exports'!S$140 -> 0.004 | BF15: ='[1]India UCO Exports'!T$140 -> 0.004 | BG15: ='[1]India UCO Exports'!U$140 -> 0.019 | BH15: ='[1]India UCO Exports'!V$140 -> 0.017 | ... BK15: ='[1]India UCO Exports'!Y$140 -> 0.115 | BL15: =BL$41*AVERAGE(BG15:BK15)/AVERAGE(BG$41:BK$41) -> 0.051747195 | BM15: =BM$41*AVERAGE(BH15:BL15)/AVERAGE(BH$41:BL$41) -> 0.066039155 | BZ15: =N15+AL15+BF15 -> 0.004384 | CA15: =O15+AM15+BG15 -> 0.019513 | CB15: =P15+AN15+BH15 -> 0.017256 | CC15: =Q15+AO15+BI15 -> 0.015586 | CD15: =R15+AP15+BJ15 -> 0.005658 | CE15: =S15+AQ15+BK15 -> 0.115763 | CF15: =T15+AR15+BL15 -> 1.6563584 | CG15: =U15+AS15+BM15 -> 1.9667072 | CH15: =(SUM(CB15:CF15)/SUM(CB$41:CF$41))*CH$41 -> 1.9428804 | CI15: =(SUM(CC15:CG15)/SUM(CC$41:CG$41))*CI$41 -> 2.3784382 | CJ15: =(SUM(CD15:CH15)/SUM(CD$41:CH$41))*CJ$41 -> 2.5906369 | CK15: =(SUM(CE15:CI15)/SUM(CE$41:CI$41))*CK$41 -> 2.8862428 | CL15: =(SUM(CF15:CJ15)/SUM(CF$41:CJ$41))*CL$41 -> 3.3083269 | CM15: =(SUM(CG15:CK15)/SUM(CG$41:CK$41))*CM$41 -> 3.5496957 | CN15: =(SUM(CH15:CL15)/SUM(CH$41:CL$41))*CN$41 -> 4.0219614 | CO15: =(SUM(CI15:CM15)/SUM(CI$41:CM$41))*CO$41 -> 4.3613367 | ... DB15: =(SUM(CV15:CZ15)/SUM(CV$41:CZ$41))*DB$41 -> 10.210001
A16: South Korea | N16: =IF('[1]China UCO Exports'!T$112="",0,'[1]China UCO Exports'!T$112) -> 0.002739 | O16: =IF('[1]China UCO Exports'!U$112="",0,'[1]China UCO Exports'!U$112) -> 0.004917 | P16: =IF('[1]China UCO Exports'!V$112="",0,'[1]China UCO Exports'!V$112) -> 0.004507 | Q16: =IF('[1]China UCO Exports'!W$112="",0,'[1]China UCO Exports'!W$112) -> 0.007475 | R16: =IF('[1]China UCO Exports'!X$112="",0,'[1]China UCO Exports'!X$112) -> 0.024328 | S16: =IF('[1]China UCO Exports'!Y$112="",0,'[1]China UCO Exports'!Y$112) -> 0.034844 | T16: =T$41*AVERAGE(O16:S16)/AVERAGE(O$41:S$41) -> 43.971319 | U16: =U$41*AVERAGE(P16:T16)/AVERAGE(P$41:T$41) -> 52.095004 | AL16: ='[1]Indonesia UCO Exports'!T$112 -> 0 | AM16: ='[1]Indonesia UCO Exports'!U$112 -> 0 | AN16: ='[1]Indonesia UCO Exports'!V$112 -> 0 | AO16: ='[1]Indonesia UCO Exports'!W$112 -> 0 | AP16: ='[1]Indonesia UCO Exports'!X$112 -> 0 | AQ16: ='[1]Indonesia UCO Exports'!Y$112 -> 0.76 | AR16: =AR$41*AVERAGE(AM16:AQ16)/AVERAGE(AM$41:AQ$41) -> 0.75303814 | AS16: =AS$41*AVERAGE(AN16:AR16)/AVERAGE(AN$41:AR$41) -> 0.79247513 | BA16: ='[1]India UCO Exports'!O$112 -> 0 | BB16: ='[1]India UCO Exports'!P$112 -> 0.018 | BC16: ='[1]India UCO Exports'!Q$112 -> 0 | BD16: ='[1]India UCO Exports'!R$112 -> 0 | BE16: ='[1]India UCO Exports'!S$112 -> 0 | BF16: ='[1]India UCO Exports'!T$112 -> 0 | BG16: ='[1]India UCO Exports'!U$112 -> 0.13 | BH16: ='[1]India UCO Exports'!V$112 -> 0 | ... BK16: ='[1]India UCO Exports'!Y$112 -> 0.189 | BL16: =BL$41*AVERAGE(BG16:BK16)/AVERAGE(BG$41:BK$41) -> 0.096534241 | BM16: =BM$41*AVERAGE(BH16:BL16)/AVERAGE(BH$41:BL$41) -> 0.092548219 | BZ16: =N16+AL16+BF16 -> 0.002739 | CA16: =O16+AM16+BG16 -> 0.134917 | CB16: =P16+AN16+BH16 -> 0.004507 | CC16: =Q16+AO16+BI16 -> 0.007475 | CD16: =R16+AP16+BJ16 -> 0.024328 | CE16: =S16+AQ16+BK16 -> 0.983844 | CF16: =T16+AR16+BL16 -> 44.820891 | CG16: =U16+AS16+BM16 -> 52.980027 | CH16: =(SUM(CB16:CF16)/SUM(CB$41:CF$41))*CH$41 -> 49.189558 | CI16: =(SUM(CC16:CG16)/SUM(CC$41:CG$41))*CI$41 -> 62.50653 | CJ16: =(SUM(CD16:CH16)/SUM(CD$41:CH$41))*CJ$41 -> 67.414457 | CK16: =(SUM(CE16:CI16)/SUM(CE$41:CI$41))*CK$41 -> 75.370687 | CL16: =(SUM(CF16:CJ16)/SUM(CF$41:CJ$41))*CL$41 -> 86.95888 | CM16: =(SUM(CG16:CK16)/SUM(CG$41:CK$41))*CM$41 -> 92.766911 | CN16: =(SUM(CH16:CL16)/SUM(CH$41:CL$41))*CN$41 -> 104.77674 | CO16: =(SUM(CI16:CM16)/SUM(CI$41:CM$41))*CO$41 -> 114.1271 | ... DB16: =(SUM(CV16:CZ16)/SUM(CV$41:CZ$41))*DB$41 -> 266.84887
A17: Singapore | N17: =IF('[1]China UCO Exports'!T$141="",0,'[1]China UCO Exports'!T$141) -> 0.000236 | O17: =IF('[1]China UCO Exports'!U$141="",0,'[1]China UCO Exports'!U$141) -> 0.000837 | P17: =IF('[1]China UCO Exports'!V$141="",0,'[1]China UCO Exports'!V$141) -> 0.000517 | Q17: =IF('[1]China UCO Exports'!W$141="",0,'[1]China UCO Exports'!W$141) -> 0.000662 | R17: =IF('[1]China UCO Exports'!X$141="",0,'[1]China UCO Exports'!X$141) -> 0.000546 | S17: =IF('[1]China UCO Exports'!Y$141="",0,'[1]China UCO Exports'!Y$141) -> 0.000795 | T17: =T$41*AVERAGE(O17:S17)/AVERAGE(O$41:S$41) -> 1.9404466 | U17: =U$41*AVERAGE(P17:T17)/AVERAGE(P$41:T$41) -> 2.2982101 | AL17: ='[1]Indonesia UCO Exports'!T$141 -> 0 | AM17: ='[1]Indonesia UCO Exports'!U$141 -> 0 | AN17: ='[1]Indonesia UCO Exports'!V$141 -> 0 | AO17: ='[1]Indonesia UCO Exports'!W$141 -> 0 | AP17: ='[1]Indonesia UCO Exports'!X$141 -> 0 | AQ17: ='[1]Indonesia UCO Exports'!Y$141 -> 58.712 | AR17: =AR$41*AVERAGE(AM17:AQ17)/AVERAGE(AM$41:AQ$41) -> 58.174178 | AS17: =AS$41*AVERAGE(AN17:AR17)/AVERAGE(AN$41:AR$41) -> 61.220789 | BA17: ='[1]India UCO Exports'!O$141 -> 0 | BB17: ='[1]India UCO Exports'!P$141 -> 0.022 | BC17: ='[1]India UCO Exports'!Q$141 -> 0.005 | BD17: ='[1]India UCO Exports'!R$141 -> 0.004 | BE17: ='[1]India UCO Exports'!S$141 -> 0.011 | BF17: ='[1]India UCO Exports'!T$141 -> 0.002 | BG17: ='[1]India UCO Exports'!U$141 -> 0.053 | BH17: ='[1]India UCO Exports'!V$141 -> 0.078 | ... BK17: ='[1]India UCO Exports'!Y$141 -> 0.384 | BL17: =BL$41*AVERAGE(BG17:BK17)/AVERAGE(BG$41:BK$41) -> 0.18792402 | BM17: =BM$41*AVERAGE(BH17:BL17)/AVERAGE(BH$41:BL$41) -> 0.24501237 | BZ17: =N17+AL17+BF17 -> 0.002236 | CA17: =O17+AM17+BG17 -> 0.053837 | CB17: =P17+AN17+BH17 -> 0.078517 | CC17: =Q17+AO17+BI17 -> 0.099662 | CD17: =R17+AP17+BJ17 -> 0.007546 | CE17: =S17+AQ17+BK17 -> 59.096795 | CF17: =T17+AR17+BL17 -> 60.302549 | CG17: =U17+AS17+BM17 -> 63.764012 | CH17: =(SUM(CB17:CF17)/SUM(CB$41:CF$41))*CH$41 -> 128.3203 | CI17: =(SUM(CC17:CG17)/SUM(CC$41:CG$41))*CI$41 -> 115.928 | CJ17: =(SUM(CD17:CH17)/SUM(CD$41:CH$41))*CJ$41 -> 141.8865 | CK17: =(SUM(CE17:CI17)/SUM(CE$41:CI$41))*CK$41 -> 153.05103 | CL17: =(SUM(CF17:CJ17)/SUM(CF$41:CJ$41))*CL$41 -> 160.21922 | CM17: =(SUM(CG17:CK17)/SUM(CG$41:CK$41))*CM$41 -> 181.92144 | CN17: =(SUM(CH17:CL17)/SUM(CH$41:CL$41))*CN$41 -> 214.62441 | CO17: =(SUM(CI17:CM17)/SUM(CI$41:CM$41))*CO$41 -> 223.20652 | ... DB17: =(SUM(CV17:CZ17)/SUM(CV$41:CZ$41))*DB$41 -> 527.76815
A18: Taiwan | N18: =IF('[1]China UCO Exports'!T$147="",0,'[1]China UCO Exports'!T$147) -> 0.000725 | O18: =IF('[1]China UCO Exports'!U$147="",0,'[1]China UCO Exports'!U$147) -> 0.001054 | P18: =IF('[1]China UCO Exports'!V$147="",0,'[1]China UCO Exports'!V$147) -> 0.002056 | Q18: =IF('[1]China UCO Exports'!W$147="",0,'[1]China UCO Exports'!W$147) -> 0.001818 | R18: =IF('[1]China UCO Exports'!X$147="",0,'[1]China UCO Exports'!X$147) -> 0.001664 | S18: =IF('[1]China UCO Exports'!Y$147="",0,'[1]China UCO Exports'!Y$147) -> 0.000971 | T18: =T$41*AVERAGE(O18:S18)/AVERAGE(O$41:S$41) -> 4.3716407 | U18: =U$41*AVERAGE(P18:T18)/AVERAGE(P$41:T$41) -> 5.1786313 | AL18: ='[1]Indonesia UCO Exports'!T$147 -> 0 | AM18: ='[1]Indonesia UCO Exports'!U$147 -> 0 | AN18: ='[1]Indonesia UCO Exports'!V$147 -> 0 | AO18: ='[1]Indonesia UCO Exports'!W$147 -> 0 | AP18: ='[1]Indonesia UCO Exports'!X$147 -> 0 | AQ18: ='[1]Indonesia UCO Exports'!Y$147 -> 0 | AR18: =AR$41*AVERAGE(AM18:AQ18)/AVERAGE(AM$41:AQ$41) -> 0 | AS18: =AS$41*AVERAGE(AN18:AR18)/AVERAGE(AN$41:AR$41) -> 0 | BA18: ='[1]India UCO Exports'!O$147 -> 0 | BB18: ='[1]India UCO Exports'!P$147 -> 0 | BC18: ='[1]India UCO Exports'!Q$147 -> 0 | BD18: ='[1]India UCO Exports'!R$147 -> 0.008 | BE18: ='[1]India UCO Exports'!S$147 -> 0 | BF18: ='[1]India UCO Exports'!T$147 -> 0 | BG18: ='[1]India UCO Exports'!U$147 -> 0 | BH18: ='[1]India UCO Exports'!V$147 -> 0 | ... BK18: ='[1]India UCO Exports'!Y$147 -> 0.078 | BL18: =BL$41*AVERAGE(BG18:BK18)/AVERAGE(BG$41:BK$41) -> 0.029051057 | BM18: =BM$41*AVERAGE(BH18:BL18)/AVERAGE(BH$41:BL$41) -> 0.040531926 | BZ18: =N18+AL18+BF18 -> 0.000725 | CA18: =O18+AM18+BG18 -> 0.001054 | CB18: =P18+AN18+BH18 -> 0.002056 | CC18: =Q18+AO18+BI18 -> 0.001818 | CD18: =R18+AP18+BJ18 -> 0.019664 | CE18: =S18+AQ18+BK18 -> 0.078971 | CF18: =T18+AR18+BL18 -> 4.4006918 | CG18: =U18+AS18+BM18 -> 5.2191632 | CH18: =(SUM(CB18:CF18)/SUM(CB$41:CF$41))*CH$41*0.25 -> 1.2080356 | CI18: =(SUM(CC18:CG18)/SUM(CC$41:CG$41))*CI$41*0.25 -> 1.537148 | CJ18: =(SUM(CD18:CH18)/SUM(CD$41:CH$41))*CJ$41*0.25 -> 1.2442779 | CK18: =(SUM(CE18:CI18)/SUM(CE$41:CI$41))*CK$41*0.25 -> 1.1140129 | CL18: =(SUM(CF18:CJ18)/SUM(CF$41:CJ$41))*CL$41*0.25 -> 1.068438 | CM18: =(SUM(CG18:CK18)/SUM(CG$41:CK$41))*CM$41*0.25 -> 0.77863403 | CN18: =(SUM(CH18:CL18)/SUM(CH$41:CL$41))*CN$41*0.25 -> 0.47348923 | CO18: =(SUM(CI18:CM18)/SUM(CI$41:CM$41))*CO$41*0.25 -> 0.42554958 | ... DB18: =(SUM(CV18:CZ18)/SUM(CV$41:CZ$41))*DB$41*0.25 -> 0.014034038
A19: Thailand | N19: =IF('[1]China UCO Exports'!T$148="",0,'[1]China UCO Exports'!T$148) -> 0.008548 | O19: =IF('[1]China UCO Exports'!U$148="",0,'[1]China UCO Exports'!U$148) -> 0.006311 | P19: =IF('[1]China UCO Exports'!V$148="",0,'[1]China UCO Exports'!V$148) -> 0.006253 | Q19: =IF('[1]China UCO Exports'!W$148="",0,'[1]China UCO Exports'!W$148) -> 0.005056 | R19: =IF('[1]China UCO Exports'!X$148="",0,'[1]China UCO Exports'!X$148) -> 0.004861 | S19: =IF('[1]China UCO Exports'!Y$148="",0,'[1]China UCO Exports'!Y$148) -> 0.005521 | T19: =T$41*AVERAGE(O19:S19)/AVERAGE(O$41:S$41) -> 16.185995 | U19: =U$41*AVERAGE(P19:T19)/AVERAGE(P$41:T$41) -> 19.171028 | AL19: ='[1]Indonesia UCO Exports'!T$148 -> 0 | AM19: ='[1]Indonesia UCO Exports'!U$148 -> 0 | AN19: ='[1]Indonesia UCO Exports'!V$148 -> 0 | AO19: ='[1]Indonesia UCO Exports'!W$148 -> 0 | AP19: ='[1]Indonesia UCO Exports'!X$148 -> 0 | AQ19: ='[1]Indonesia UCO Exports'!Y$148 -> 0 | AR19: =AR$41*AVERAGE(AM19:AQ19)/AVERAGE(AM$41:AQ$41) -> 0 | AS19: =AS$41*AVERAGE(AN19:AR19)/AVERAGE(AN$41:AR$41) -> 0 | BA19: ='[1]India UCO Exports'!O$148 -> 0.033 | BB19: ='[1]India UCO Exports'!P$148 -> 0.002 | BC19: ='[1]India UCO Exports'!Q$148 -> 0.002 | BD19: ='[1]India UCO Exports'!R$148 -> 0 | BE19: ='[1]India UCO Exports'!S$148 -> 0 | BF19: ='[1]India UCO Exports'!T$148 -> 0 | BG19: ='[1]India UCO Exports'!U$148 -> 0 | BH19: ='[1]India UCO Exports'!V$148 -> 0 | ... BK19: ='[1]India UCO Exports'!Y$148 -> 0 | BL19: =BL$41*AVERAGE(BG19:BK19)/AVERAGE(BG$41:BK$41) -> 0 | BM19: =BM$41*AVERAGE(BH19:BL19)/AVERAGE(BH$41:BL$41) -> 0 | BZ19: =N19+AL19+BF19 -> 0.008548 | CA19: =O19+AM19+BG19 -> 0.006311 | CB19: =P19+AN19+BH19 -> 0.006253 | CC19: =Q19+AO19+BI19 -> 0.005056 | CD19: =R19+AP19+BJ19 -> 0.004861 | CE19: =S19+AQ19+BK19 -> 0.005521 | CF19: =T19+AR19+BL19 -> 16.185995 | CG19: =U19+AS19+BM19 -> 19.171028 | CH19: =(SUM(CB19:CF19)/SUM(CB$41:CF$41))*CH$41*0.25 -> 4.347899 | CI19: =(SUM(CC19:CG19)/SUM(CC$41:CG$41))*CI$41*0.25 -> 5.5937227 | CJ19: =(SUM(CD19:CH19)/SUM(CD$41:CH$41))*CJ$41*0.25 -> 4.5226523 | CK19: =(SUM(CE19:CI19)/SUM(CE$41:CI$41))*CK$41*0.25 -> 4.0557207 | CL19: =(SUM(CF19:CJ19)/SUM(CF$41:CJ$41))*CL$41*0.25 -> 3.9113624 | CM19: =(SUM(CG19:CK19)/SUM(CG$41:CK$41))*CM$41*0.25 -> 2.8430247 | CN19: =(SUM(CH19:CL19)/SUM(CH$41:CL$41))*CN$41*0.25 -> 1.7208614 | CO19: =(SUM(CI19:CM19)/SUM(CI$41:CM$41))*CO$41*0.25 -> 1.55076 | ... DB19: =(SUM(CV19:CZ19)/SUM(CV$41:CZ$41))*DB$41*0.25 -> 0.051174858
A20: Turkey | N20: =IF('[1]China UCO Exports'!T$151="",0,'[1]China UCO Exports'!T$151) -> 0.002068 | O20: =IF('[1]China UCO Exports'!U$151="",0,'[1]China UCO Exports'!U$151) -> 0.003505 | P20: =IF('[1]China UCO Exports'!V$151="",0,'[1]China UCO Exports'!V$151) -> 0.003131 | Q20: =IF('[1]China UCO Exports'!W$151="",0,'[1]China UCO Exports'!W$151) -> 0.002208 | R20: =IF('[1]China UCO Exports'!X$151="",0,'[1]China UCO Exports'!X$151) -> 0.002506 | S20: =IF('[1]China UCO Exports'!Y$151="",0,'[1]China UCO Exports'!Y$151) -> 0.003176 | T20: =T$41*AVERAGE(O20:S20)/AVERAGE(O$41:S$41) -> 8.3964635 | U20: =U$41*AVERAGE(P20:T20)/AVERAGE(P$41:T$41) -> 9.9446718 | AL20: ='[1]Indonesia UCO Exports'!T$151 -> 0 | AM20: ='[1]Indonesia UCO Exports'!U$151 -> 0 | AN20: ='[1]Indonesia UCO Exports'!V$151 -> 0 | AO20: ='[1]Indonesia UCO Exports'!W$151 -> 0 | AP20: ='[1]Indonesia UCO Exports'!X$151 -> 0 | AQ20: ='[1]Indonesia UCO Exports'!Y$151 -> 0 | AR20: =AR$41*AVERAGE(AM20:AQ20)/AVERAGE(AM$41:AQ$41) -> 0 | AS20: =AS$41*AVERAGE(AN20:AR20)/AVERAGE(AN$41:AR$41) -> 0 | BA20: ='[1]India UCO Exports'!O$151 -> 0 | BB20: ='[1]India UCO Exports'!P$151 -> 0 | BC20: ='[1]India UCO Exports'!Q$151 -> 0 | BD20: ='[1]India UCO Exports'!R$151 -> 0 | BE20: ='[1]India UCO Exports'!S$151 -> 0 | BF20: ='[1]India UCO Exports'!T$151 -> 0.011 | BG20: ='[1]India UCO Exports'!U$151 -> 0.036 | BH20: ='[1]India UCO Exports'!V$151 -> 0.053 | ... BK20: ='[1]India UCO Exports'!Y$151 -> 0.055 | BL20: =BL$41*AVERAGE(BG20:BK20)/AVERAGE(BG$41:BK$41) -> 0.049023659 | BM20: =BM$41*AVERAGE(BH20:BL20)/AVERAGE(BH$41:BL$41) -> 0.056729196 | BZ20: =N20+AL20+BF20 -> 0.013068 | CA20: =O20+AM20+BG20 -> 0.039505 | CB20: =P20+AN20+BH20 -> 0.056131 | CC20: =Q20+AO20+BI20 -> 0.002208 | CD20: =R20+AP20+BJ20 -> 0.020506 | CE20: =S20+AQ20+BK20 -> 0.058176 | CF20: =T20+AR20+BL20 -> 8.4454871 | CG20: =U20+AS20+BM20 -> 10.001401 | CH20: =(SUM(CB20:CF20)/SUM(CB$41:CF$41))*CH$41*0.25 -> 2.3023569 | CI20: =(SUM(CC20:CG20)/SUM(CC$41:CG$41))*CI$41*0.25 -> 2.9299418 | CJ20: =(SUM(CD20:CH20)/SUM(CD$41:CH$41))*CJ$41*0.25 -> 2.3718179 | CK20: =(SUM(CE20:CI20)/SUM(CE$41:CI$41))*CK$41*0.25 -> 2.1250168 | CL20: =(SUM(CF20:CJ20)/SUM(CF$41:CJ$41))*CL$41*0.25 -> 2.045208 | CM20: =(SUM(CG20:CK20)/SUM(CG$41:CK$41))*CM$41*0.25 -> 1.4882694 | CN20: =(SUM(CH20:CL20)/SUM(CH$41:CL$41))*CN$41*0.25 -> 0.90328952 | CO20: =(SUM(CI20:CM20)/SUM(CI$41:CM$41))*CO$41*0.25 -> 0.81221118 | ... DB20: =(SUM(CV20:CZ20)/SUM(CV$41:CZ$41))*DB$41*0.25 -> 0.026804719
A21: Vietnam | N21: =IF('[1]China UCO Exports'!T$156="",0,'[1]China UCO Exports'!T$156) -> 0.001394 | O21: =IF('[1]China UCO Exports'!U$156="",0,'[1]China UCO Exports'!U$156) -> 0.001941 | P21: =IF('[1]China UCO Exports'!V$156="",0,'[1]China UCO Exports'!V$156) -> 0.002021 | Q21: =IF('[1]China UCO Exports'!W$156="",0,'[1]China UCO Exports'!W$156) -> 0.001853 | R21: =IF('[1]China UCO Exports'!X$156="",0,'[1]China UCO Exports'!X$156) -> 0.001876 | S21: =IF('[1]China UCO Exports'!Y$156="",0,'[1]China UCO Exports'!Y$156) -> 0.00225 | T21: =T$41*AVERAGE(O21:S21)/AVERAGE(O$41:S$41) -> 5.746196 | U21: =U$41*AVERAGE(P21:T21)/AVERAGE(P$41:T$41) -> 6.8062678 | AL21: ='[1]Indonesia UCO Exports'!T$156 -> 0 | AM21: ='[1]Indonesia UCO Exports'!U$156 -> 0 | AN21: ='[1]Indonesia UCO Exports'!V$156 -> 0 | AO21: ='[1]Indonesia UCO Exports'!W$156 -> 0 | AP21: ='[1]Indonesia UCO Exports'!X$156 -> 0 | AQ21: ='[1]Indonesia UCO Exports'!Y$156 -> 0 | AR21: =AR$41*AVERAGE(AM21:AQ21)/AVERAGE(AM$41:AQ$41) -> 0 | AS21: =AS$41*AVERAGE(AN21:AR21)/AVERAGE(AN$41:AR$41) -> 0 | BA21: ='[1]India UCO Exports'!O$156 -> 0 | BB21: ='[1]India UCO Exports'!P$156 -> 0 | BC21: ='[1]India UCO Exports'!Q$156 -> 0 | BD21: ='[1]India UCO Exports'!R$156 -> 0 | BE21: ='[1]India UCO Exports'!S$156 -> 0 | BF21: ='[1]India UCO Exports'!T$156 -> 0 | BG21: ='[1]India UCO Exports'!U$156 -> 0 | BH21: ='[1]India UCO Exports'!V$156 -> 0 | ... BK21: ='[1]India UCO Exports'!Y$156 -> 0.116 | BL21: =BL$41*AVERAGE(BG21:BK21)/AVERAGE(BG$41:BK$41) -> 0.047207968 | BM21: =BM$41*AVERAGE(BH21:BL21)/AVERAGE(BH$41:BL$41) -> 0.065864379 | BZ21: =N21+AL21+BF21 -> 0.001394 | CA21: =O21+AM21+BG21 -> 0.001941 | CB21: =P21+AN21+BH21 -> 0.002021 | CC21: =Q21+AO21+BI21 -> 0.001853 | CD21: =R21+AP21+BJ21 -> 0.041876 | CE21: =S21+AQ21+BK21 -> 0.11825 | CF21: =T21+AR21+BL21 -> 5.793404 | CG21: =U21+AS21+BM21 -> 6.8721322 | CH21: =(SUM(CB21:CF21)/SUM(CB$41:CF$41))*CH$41*0.25 -> 1.5981424 | CI21: =(SUM(CC21:CG21)/SUM(CC$41:CG$41))*CI$41*0.25 -> 2.0285148 | CJ21: =(SUM(CD21:CH21)/SUM(CD$41:CH$41))*CJ$41*0.25 -> 1.6425369 | CK21: =(SUM(CE21:CI21)/SUM(CE$41:CI$41))*CK$41*0.25 -> 1.4690961 | CL21: =(SUM(CF21:CJ21)/SUM(CF$41:CJ$41))*CL$41*0.25 -> 1.4080169 | CM21: =(SUM(CG21:CK21)/SUM(CG$41:CK$41))*CM$41*0.25 -> 1.0266308 | CN21: =(SUM(CH21:CL21)/SUM(CH$41:CL$41))*CN$41*0.25 -> 0.62495842 | CO21: =(SUM(CI21:CM21)/SUM(CI$41:CM$41))*CO$41*0.25 -> 0.5613313 | ... DB21: =(SUM(CV21:CZ21)/SUM(CV$41:CZ$41))*DB$41*0.25 -> 0.018508768
A22: Other Asia | N22: ='[1]China UCO Exports'!T$74-SUM(N8:N21) -> 0.006545 | O22: ='[1]China UCO Exports'!U$74-SUM(O8:O21) -> 0.007858 | P22: ='[1]China UCO Exports'!V$74-SUM(P8:P21) -> 0.008402 | Q22: ='[1]China UCO Exports'!W$74-SUM(Q8:Q21) -> 0.007081 | R22: ='[1]China UCO Exports'!X$74-SUM(R8:R21) -> 0.014641 | S22: ='[1]China UCO Exports'!Y$74-SUM(S8:S21) -> 0.017457 | T22: =T$41*AVERAGE(O22:S22)/AVERAGE(O$41:S$41) -> 32.045404 | U22: =U$41*AVERAGE(P22:T22)/AVERAGE(P$41:T$41) -> 37.960725 | AL22: ='[1]Indonesia UCO Exports'!T$74-SUM(AL7:AL21) -> 0 | AM22: ='[1]Indonesia UCO Exports'!U$74-SUM(AM7:AM21) -> 0 | AN22: ='[1]Indonesia UCO Exports'!V$74-SUM(AN7:AN21) -> 0 | AO22: ='[1]Indonesia UCO Exports'!W$74-SUM(AO7:AO21) -> 0 | AP22: ='[1]Indonesia UCO Exports'!X$74-SUM(AP7:AP21) -> 0 | AQ22: ='[1]Indonesia UCO Exports'!Y$74-SUM(AQ7:AQ21) -> 0 | AR22: =AR$41*AVERAGE(AM22:AQ22)/AVERAGE(AM$41:AQ$41) -> 0 | AS22: =AS$41*AVERAGE(AN22:AR22)/AVERAGE(AN$41:AR$41) -> 0 | BA22: ='[1]India UCO Exports'!O$74-SUM(BA7:BA21) -> 0.091 | BB22: ='[1]India UCO Exports'!P$74-SUM(BB7:BB21) -> 0.348 | BC22: ='[1]India UCO Exports'!Q$74-SUM(BC7:BC21) -> 0.015 | BD22: ='[1]India UCO Exports'!R$74-SUM(BD7:BD21) -> 0.125 | BE22: ='[1]India UCO Exports'!S$74-SUM(BE7:BE21) -> 0.104 | BF22: ='[1]India UCO Exports'!T$74-SUM(BF7:BF21) -> 0.082 | BG22: ='[1]India UCO Exports'!U$74-SUM(BG7:BG21) -> 0.127 | BH22: ='[1]India UCO Exports'!V$74-SUM(BH7:BH21) -> 0.114 | ... BK22: ='[1]India UCO Exports'!Y$74-SUM(BK7:BK21) -> 0.511 | BL22: =BL$41*AVERAGE(BG22:BK22)/AVERAGE(BG$41:BK$41) -> 0.43879201 | BM22: =BM$41*AVERAGE(BH22:BL22)/AVERAGE(BH$41:BL$41) -> 0.57103734 | BZ22: =N22+AL22+BF22 -> 0.088545 | CA22: =O22+AM22+BG22 -> 0.134858 | CB22: =P22+AN22+BH22 -> 0.122402 | CC22: =Q22+AO22+BI22 -> 0.167081 | CD22: =R22+AP22+BJ22 -> 0.552641 | CE22: =S22+AQ22+BK22 -> 0.528457 | CF22: =T22+AR22+BL22 -> 32.484196 | CG22: =U22+AS22+BM22 -> 38.531762 | CH22: =(SUM(CB22:CF22)/SUM(CB$41:CF$41))*CH$41*0.5 -> 18.163869 | CI22: =(SUM(CC22:CG22)/SUM(CC$41:CG$41))*CI$41*0.5 -> 22.855381 | CJ22: =(SUM(CD22:CH22)/SUM(CD$41:CH$41))*CJ$41*0.5 -> 20.557253 | CK22: =(SUM(CE22:CI22)/SUM(CE$41:CI$41))*CK$41*0.5 -> 20.153854 | CL22: =(SUM(CF22:CJ22)/SUM(CF$41:CJ$41))*CL$41*0.5 -> 20.819095 | CM22: =(SUM(CG22:CK22)/SUM(CG$41:CK$41))*CM$41*0.5 -> 18.142685 | CN22: =(SUM(CH22:CL22)/SUM(CH$41:CL$41))*CN$41*0.5 -> 15.734527 | CO22: =(SUM(CI22:CM22)/SUM(CI$41:CM$41))*CO$41*0.5 -> 15.195744 | ... DB22: =(SUM(CV22:CZ22)/SUM(CV$41:CZ$41))*DB$41*0.5 -> 3.8194211
A23: Algeria | N23: =IF('[1]China UCO Exports'!T$165="",0,'[1]China UCO Exports'!T$165) -> 3.2e-05 | O23: =IF('[1]China UCO Exports'!U$165="",0,'[1]China UCO Exports'!U$165) -> 4.8e-05 | P23: =IF('[1]China UCO Exports'!V$165="",0,'[1]China UCO Exports'!V$165) -> 3.2e-05 | Q23: =IF('[1]China UCO Exports'!W$165="",0,'[1]China UCO Exports'!W$165) -> 3.2e-05 | R23: =IF('[1]China UCO Exports'!X$165="",0,'[1]China UCO Exports'!X$165) -> 0 | S23: =IF('[1]China UCO Exports'!Y$165="",0,'[1]China UCO Exports'!Y$165) -> 0 | T23: =T$41*AVERAGE(O23:S23)/AVERAGE(O$41:S$41) -> 0.064739358 | U23: =U$41*AVERAGE(P23:T23)/AVERAGE(P$41:T$41) -> 0.076651718 | AL23: ='[1]Indonesia UCO Exports'!T$165 -> 0 | AM23: ='[1]Indonesia UCO Exports'!U$165 -> 0 | AN23: ='[1]Indonesia UCO Exports'!V$165 -> 0 | AO23: ='[1]Indonesia UCO Exports'!W$165 -> 0 | AP23: ='[1]Indonesia UCO Exports'!X$165 -> 0 | AQ23: ='[1]Indonesia UCO Exports'!Y$165 -> 0 | AR23: =AR$41*AVERAGE(AM23:AQ23)/AVERAGE(AM$41:AQ$41) -> 0 | AS23: =AS$41*AVERAGE(AN23:AR23)/AVERAGE(AN$41:AR$41) -> 0 | BA23: ='[1]India UCO Exports'!O$165 -> 0 | BB23: ='[1]India UCO Exports'!P$165 -> 0 | BC23: ='[1]India UCO Exports'!Q$165 -> 0 | BD23: ='[1]India UCO Exports'!R$165 -> 0 | BE23: ='[1]India UCO Exports'!S$165 -> 0 | BF23: ='[1]India UCO Exports'!T$165 -> 0 | BG23: ='[1]India UCO Exports'!U$165 -> 0 | BH23: ='[1]India UCO Exports'!V$165 -> 0 | ... BK23: ='[1]India UCO Exports'!Y$165 -> 0 | BL23: =BL$41*AVERAGE(BG23:BK23)/AVERAGE(BG$41:BK$41) -> 0 | BM23: =BM$41*AVERAGE(BH23:BL23)/AVERAGE(BH$41:BL$41) -> 0 | BZ23: =N23+AL23+BF23 -> 3.2e-05 | CA23: =O23+AM23+BG23 -> 4.8e-05 | CB23: =P23+AN23+BH23 -> 3.2e-05 | CC23: =Q23+AO23+BI23 -> 3.2e-05 | CD23: =R23+AP23+BJ23 -> 0 | CE23: =S23+AQ23+BK23 -> 0 | CF23: =T23+AR23+BL23 -> 0.064739358 | CG23: =U23+AS23+BM23 -> 0.076651718 | CH23: =(SUM(CB23:CF23)/SUM(CB$41:CF$41))*CH$41 -> 0.069536995 | CI23: =(SUM(CC23:CG23)/SUM(CC$41:CG$41))*CI$41 -> 0.089457326 | CJ23: =(SUM(CD23:CH23)/SUM(CD$41:CH$41))*CJ$41 -> 0.096079264 | CK23: =(SUM(CE23:CI23)/SUM(CE$41:CI$41))*CK$41 -> 0.10756444 | CL23: =(SUM(CF23:CJ23)/SUM(CF$41:CJ$41))*CL$41 -> 0.12450233 | CM23: =(SUM(CG23:CK23)/SUM(CG$41:CK$41))*CM$41 -> 0.13254207 | CN23: =(SUM(CH23:CL23)/SUM(CH$41:CL$41))*CN$41 -> 0.14948735 | CO23: =(SUM(CI23:CM23)/SUM(CI$41:CM$41))*CO$41 -> 0.16307442 | ... DB23: =(SUM(CV23:CZ23)/SUM(CV$41:CZ$41))*DB$41 -> 0.38116534
A24: Egypt | N24: =IF('[1]China UCO Exports'!T$184="",0,'[1]China UCO Exports'!T$184) -> 0.00027 | O24: =IF('[1]China UCO Exports'!U$184="",0,'[1]China UCO Exports'!U$184) -> 0.000161 | P24: =IF('[1]China UCO Exports'!V$184="",0,'[1]China UCO Exports'!V$184) -> 0.000313 | Q24: =IF('[1]China UCO Exports'!W$184="",0,'[1]China UCO Exports'!W$184) -> 0.000439 | R24: =IF('[1]China UCO Exports'!X$184="",0,'[1]China UCO Exports'!X$184) -> 0.000898 | S24: =IF('[1]China UCO Exports'!Y$184="",0,'[1]China UCO Exports'!Y$184) -> 0.000994 | T24: =T$41*AVERAGE(O24:S24)/AVERAGE(O$41:S$41) -> 1.6213741 | U24: =U$41*AVERAGE(P24:T24)/AVERAGE(P$41:T$41) -> 1.9209464 | AL24: ='[1]Indonesia UCO Exports'!T$184 -> 0 | AM24: ='[1]Indonesia UCO Exports'!U$184 -> 0 | AN24: ='[1]Indonesia UCO Exports'!V$184 -> 0 | AO24: ='[1]Indonesia UCO Exports'!W$184 -> 0 | AP24: ='[1]Indonesia UCO Exports'!X$184 -> 0 | AQ24: ='[1]Indonesia UCO Exports'!Y$184 -> 0 | AR24: =AR$41*AVERAGE(AM24:AQ24)/AVERAGE(AM$41:AQ$41) -> 0 | AS24: =AS$41*AVERAGE(AN24:AR24)/AVERAGE(AN$41:AR$41) -> 0 | BA24: ='[1]India UCO Exports'!O$184 -> 0.001 | BB24: ='[1]India UCO Exports'!P$184 -> 0.003 | BC24: ='[1]India UCO Exports'!Q$184 -> 0.002 | BD24: ='[1]India UCO Exports'!R$184 -> 0.004 | BE24: ='[1]India UCO Exports'!S$184 -> 0.008 | BF24: ='[1]India UCO Exports'!T$184 -> 0.008 | BG24: ='[1]India UCO Exports'!U$184 -> 0.006 | BH24: ='[1]India UCO Exports'!V$184 -> 0.032 | ... BK24: ='[1]India UCO Exports'!Y$184 -> 0.005 | BL24: =BL$41*AVERAGE(BG24:BK24)/AVERAGE(BG$41:BK$41) -> 0.032379824 | BM24: =BM$41*AVERAGE(BH24:BL24)/AVERAGE(BH$41:BL$41) -> 0.043231471 | BZ24: =N24+AL24+BF24 -> 0.00827 | CA24: =O24+AM24+BG24 -> 0.006161 | CB24: =P24+AN24+BH24 -> 0.032313 | CC24: =Q24+AO24+BI24 -> 0.064439 | CD24: =R24+AP24+BJ24 -> 0.000898 | CE24: =S24+AQ24+BK24 -> 0.005994 | CF24: =T24+AR24+BL24 -> 1.6537539 | CG24: =U24+AS24+BM24 -> 1.9641779 | CH24: =(SUM(CB24:CF24)/SUM(CB$41:CF$41))*CH$41 -> 1.8857691 | CI24: =(SUM(CC24:CG24)/SUM(CC$41:CG$41))*CI$41 -> 2.3336473 | CJ24: =(SUM(CD24:CH24)/SUM(CD$41:CH$41))*CJ$41 -> 2.510115 | CK24: =(SUM(CE24:CI24)/SUM(CE$41:CI$41))*CK$41 -> 2.8086075 | CL24: =(SUM(CF24:CJ24)/SUM(CF$41:CJ$41))*CL$41 -> 3.2494278 | CM24: =(SUM(CG24:CK24)/SUM(CG$41:CK$41))*CM$41 -> 3.4704678 | CN24: =(SUM(CH24:CL24)/SUM(CH$41:CL$41))*CN$41 -> 3.9240836 | CO24: =(SUM(CI24:CM24)/SUM(CI$41:CM$41))*CO$41 -> 4.2602351 | ... DB24: =(SUM(CV24:CZ24)/SUM(CV$41:CZ$41))*DB$41 -> 9.9731886
A25: Morocco | N25: =IF('[1]China UCO Exports'!T$207="",0,'[1]China UCO Exports'!T$207) -> 0 | O25: =IF('[1]China UCO Exports'!U$207="",0,'[1]China UCO Exports'!U$207) -> 1e-06 | P25: =IF('[1]China UCO Exports'!V$207="",0,'[1]China UCO Exports'!V$207) -> 1.4e-05 | Q25: =IF('[1]China UCO Exports'!W$207="",0,'[1]China UCO Exports'!W$207) -> 6.8e-05 | R25: =IF('[1]China UCO Exports'!X$207="",0,'[1]China UCO Exports'!X$207) -> 0.00011 | S25: =IF('[1]China UCO Exports'!Y$207="",0,'[1]China UCO Exports'!Y$207) -> 0.000176 | T25: =T$41*AVERAGE(O25:S25)/AVERAGE(O$41:S$41) -> 0.21329306 | U25: =U$41*AVERAGE(P25:T25)/AVERAGE(P$41:T$41) -> 0.25272591 | AL25: ='[1]Indonesia UCO Exports'!T$207 -> 0 | AM25: ='[1]Indonesia UCO Exports'!U$207 -> 0 | AN25: ='[1]Indonesia UCO Exports'!V$207 -> 0 | AO25: ='[1]Indonesia UCO Exports'!W$207 -> 0 | AP25: ='[1]Indonesia UCO Exports'!X$207 -> 0 | AQ25: ='[1]Indonesia UCO Exports'!Y$207 -> 0 | AR25: =AR$41*AVERAGE(AM25:AQ25)/AVERAGE(AM$41:AQ$41) -> 0 | AS25: =AS$41*AVERAGE(AN25:AR25)/AVERAGE(AN$41:AR$41) -> 0 | BA25: ='[1]India UCO Exports'!O$207 -> 0 | BB25: ='[1]India UCO Exports'!P$207 -> 0 | BC25: ='[1]India UCO Exports'!Q$207 -> 0 | BD25: ='[1]India UCO Exports'!R$207 -> 0 | BE25: ='[1]India UCO Exports'!S$207 -> 0 | BF25: ='[1]India UCO Exports'!T$207 -> 0 | BG25: ='[1]India UCO Exports'!U$207 -> 0 | BH25: ='[1]India UCO Exports'!V$207 -> 0 | ... BK25: ='[1]India UCO Exports'!Y$207 -> 0 | BL25: =BL$41*AVERAGE(BG25:BK25)/AVERAGE(BG$41:BK$41) -> 0 | BM25: =BM$41*AVERAGE(BH25:BL25)/AVERAGE(BH$41:BL$41) -> 0 | BZ25: =N25+AL25+BF25 -> 0 | CA25: =O25+AM25+BG25 -> 1e-06 | CB25: =P25+AN25+BH25 -> 1.4e-05 | CC25: =Q25+AO25+BI25 -> 6.8e-05 | CD25: =R25+AP25+BJ25 -> 0.00011 | CE25: =S25+AQ25+BK25 -> 0.000176 | CF25: =T25+AR25+BL25 -> 0.21329306 | CG25: =U25+AS25+BM25 -> 0.25272591 | CH25: =(SUM(CB25:CF25)/SUM(CB$41:CF$41))*CH$41 -> 0.22926818 | CI25: =(SUM(CC25:CG25)/SUM(CC$41:CG$41))*CI$41 -> 0.29500475 | CJ25: =(SUM(CD25:CH25)/SUM(CD$41:CH$41))*CJ$41 -> 0.31683861 | CK25: =(SUM(CE25:CI25)/SUM(CE$41:CI$41))*CK$41 -> 0.35467477 | CL25: =(SUM(CF25:CJ25)/SUM(CF$41:CJ$41))*CL$41 -> 0.41047996 | CM25: =(SUM(CG25:CK25)/SUM(CG$41:CK$41))*CM$41 -> 0.43704369 | CN25: =(SUM(CH25:CL25)/SUM(CH$41:CL$41))*CN$41 -> 0.49291029 | CO25: =(SUM(CI25:CM25)/SUM(CI$41:CM$41))*CO$41 -> 0.5377193 | ... DB25: =(SUM(CV25:CZ25)/SUM(CV$41:CZ$41))*DB$41 -> 1.2568238
A26: South Africa | N26: =IF('[1]China UCO Exports'!T$219="",0,'[1]China UCO Exports'!T$219) -> 0.000305 | O26: =IF('[1]China UCO Exports'!U$219="",0,'[1]China UCO Exports'!U$219) -> 0.000617 | P26: =IF('[1]China UCO Exports'!V$219="",0,'[1]China UCO Exports'!V$219) -> 0.000916 | Q26: =IF('[1]China UCO Exports'!W$219="",0,'[1]China UCO Exports'!W$219) -> 0.000559 | R26: =IF('[1]China UCO Exports'!X$219="",0,'[1]China UCO Exports'!X$219) -> 0.000458 | S26: =IF('[1]China UCO Exports'!Y$219="",0,'[1]China UCO Exports'!Y$219) -> 0.000239 | T26: =T$41*AVERAGE(O26:S26)/AVERAGE(O$41:S$41) -> 1.6121256 | U26: =U$41*AVERAGE(P26:T26)/AVERAGE(P$41:T$41) -> 1.9094487 | AL26: ='[1]Indonesia UCO Exports'!T$219 -> 0 | AM26: ='[1]Indonesia UCO Exports'!U$219 -> 0 | AN26: ='[1]Indonesia UCO Exports'!V$219 -> 0 | AO26: ='[1]Indonesia UCO Exports'!W$219 -> 0 | AP26: ='[1]Indonesia UCO Exports'!X$219 -> 0 | AQ26: ='[1]Indonesia UCO Exports'!Y$219 -> 0 | AR26: =AR$41*AVERAGE(AM26:AQ26)/AVERAGE(AM$41:AQ$41) -> 0 | AS26: =AS$41*AVERAGE(AN26:AR26)/AVERAGE(AN$41:AR$41) -> 0 | BA26: ='[1]India UCO Exports'!O$219 -> 0 | BB26: ='[1]India UCO Exports'!P$219 -> 0 | BC26: ='[1]India UCO Exports'!Q$219 -> 0.004 | BD26: ='[1]India UCO Exports'!R$219 -> 0.007 | BE26: ='[1]India UCO Exports'!S$219 -> 0.004 | BF26: ='[1]India UCO Exports'!T$219 -> 0 | BG26: ='[1]India UCO Exports'!U$219 -> 0 | BH26: ='[1]India UCO Exports'!V$219 -> 0 | ... BK26: ='[1]India UCO Exports'!Y$219 -> 0.025 | BL26: =BL$41*AVERAGE(BG26:BK26)/AVERAGE(BG$41:BK$41) -> 0.0075653794 | BM26: =BM$41*AVERAGE(BH26:BL26)/AVERAGE(BH$41:BL$41) -> 0.010555189 | BZ26: =N26+AL26+BF26 -> 0.000305 | CA26: =O26+AM26+BG26 -> 0.000617 | CB26: =P26+AN26+BH26 -> 0.000916 | CC26: =Q26+AO26+BI26 -> 0.000559 | CD26: =R26+AP26+BJ26 -> 0.000458 | CE26: =S26+AQ26+BK26 -> 0.025239 | CF26: =T26+AR26+BL26 -> 1.619691 | CG26: =U26+AS26+BM26 -> 1.9200039 | CH26: =(SUM(CB26:CF26)/SUM(CB$41:CF$41))*CH$41 -> 1.76716 | CI26: =(SUM(CC26:CG26)/SUM(CC$41:CG$41))*CI$41 -> 2.2556462 | CJ26: =(SUM(CD26:CH26)/SUM(CD$41:CH$41))*CJ$41 -> 2.429016 | CK26: =(SUM(CE26:CI26)/SUM(CE$41:CI$41))*CK$41 -> 2.7170794 | CL26: =(SUM(CF26:CJ26)/SUM(CF$41:CJ$41))*CL$41 -> 3.1376496 | CM26: =(SUM(CG26:CK26)/SUM(CG$41:CK$41))*CM$41 -> 3.3457337 | CN26: =(SUM(CH26:CL26)/SUM(CH$41:CL$41))*CN$41 -> 3.7764758 | CO26: =(SUM(CI26:CM26)/SUM(CI$41:CM$41))*CO$41 -> 4.1158367 | ... DB26: =(SUM(CV26:CZ26)/SUM(CV$41:CZ$41))*DB$41 -> 9.6222235
A27: Tunisia | N27: =IF('[1]China UCO Exports'!T$225="",0,'[1]China UCO Exports'!T$225) -> 0 | O27: =IF('[1]China UCO Exports'!U$225="",0,'[1]China UCO Exports'!U$225) -> 0 | P27: =IF('[1]China UCO Exports'!V$225="",0,'[1]China UCO Exports'!V$225) -> 0 | Q27: =IF('[1]China UCO Exports'!W$225="",0,'[1]China UCO Exports'!W$225) -> 0 | R27: =IF('[1]China UCO Exports'!X$225="",0,'[1]China UCO Exports'!X$225) -> 0 | S27: =IF('[1]China UCO Exports'!Y$225="",0,'[1]China UCO Exports'!Y$225) -> 0 | T27: =T$41*AVERAGE(O27:S27)/AVERAGE(O$41:S$41) -> 0 | U27: =U$41*AVERAGE(P27:T27)/AVERAGE(P$41:T$41) -> 0 | AL27: ='[1]Indonesia UCO Exports'!T$225 -> 0 | AM27: ='[1]Indonesia UCO Exports'!U$225 -> 0 | AN27: ='[1]Indonesia UCO Exports'!V$225 -> 0 | AO27: ='[1]Indonesia UCO Exports'!W$225 -> 0 | AP27: ='[1]Indonesia UCO Exports'!X$225 -> 0 | AQ27: ='[1]Indonesia UCO Exports'!Y$225 -> 0 | AR27: =AR$41*AVERAGE(AM27:AQ27)/AVERAGE(AM$41:AQ$41) -> 0 | AS27: =AS$41*AVERAGE(AN27:AR27)/AVERAGE(AN$41:AR$41) -> 0 | BA27: ='[1]India UCO Exports'!O$225 -> 0 | BB27: ='[1]India UCO Exports'!P$225 -> 0 | BC27: ='[1]India UCO Exports'!Q$225 -> 0 | BD27: ='[1]India UCO Exports'!R$225 -> 0 | BE27: ='[1]India UCO Exports'!S$225 -> 0 | BF27: ='[1]India UCO Exports'!T$225 -> 0 | BG27: ='[1]India UCO Exports'!U$225 -> 0 | BH27: ='[1]India UCO Exports'!V$225 -> 0 | ... BK27: ='[1]India UCO Exports'!Y$225 -> 0 | BL27: =BL$41*AVERAGE(BG27:BK27)/AVERAGE(BG$41:BK$41) -> 0.0054470732 | BM27: =BM$41*AVERAGE(BH27:BL27)/AVERAGE(BH$41:BL$41) -> 0.0075997361 | BZ27: =N27+AL27+BF27 -> 0 | CA27: =O27+AM27+BG27 -> 0 | CB27: =P27+AN27+BH27 -> 0 | CC27: =Q27+AO27+BI27 -> 0 | CD27: =R27+AP27+BJ27 -> 0.018 | CE27: =S27+AQ27+BK27 -> 0 | CF27: =T27+AR27+BL27 -> 0.0054470732 | CG27: =U27+AS27+BM27 -> 0.0075997361 | CH27: =(SUM(CB27:CF27)/SUM(CB$41:CF$41))*CH$41 -> 0.025159792 | CI27: =(SUM(CC27:CG27)/SUM(CC$41:CG$41))*CI$41 -> 0.019638694 | CJ27: =(SUM(CD27:CH27)/SUM(CD$41:CH$41))*CJ$41 -> 0.025602514 | CK27: =(SUM(CE27:CI27)/SUM(CE$41:CI$41))*CK$41 -> 0.020713712 | CL27: =(SUM(CF27:CJ27)/SUM(CF$41:CJ$41))*CL$41 -> 0.026205228 | CM27: =(SUM(CG27:CK27)/SUM(CG$41:CK$41))*CM$41 -> 0.029784027 | CN27: =(SUM(CH27:CL27)/SUM(CH$41:CL$41))*CN$41 -> 0.036001631 | CO27: =(SUM(CI27:CM27)/SUM(CI$41:CM$41))*CO$41 -> 0.036146762 | ... DB27: =(SUM(CV27:CZ27)/SUM(CV$41:CZ$41))*DB$41 -> 0.085750426
A28: Other Africa | N28: ='[1]China UCO Exports'!T$164-SUM(N23:N27) -> 0.000112 | O28: ='[1]China UCO Exports'!U$164-SUM(O23:O27) -> 0.000118 | P28: ='[1]China UCO Exports'!V$164-SUM(P23:P27) -> 0.000327 | Q28: ='[1]China UCO Exports'!W$164-SUM(Q23:Q27) -> 0.000384 | R28: ='[1]China UCO Exports'!X$164-SUM(R23:R27) -> 0.000293 | S28: ='[1]China UCO Exports'!Y$164-SUM(S23:S27) -> 0.000192 | T28: =T$41*AVERAGE(O28:S28)/AVERAGE(O$41:S$41) -> 0.75953139 | U28: =U$41*AVERAGE(P28:T28)/AVERAGE(P$41:T$41) -> 0.89981543 | AL28: ='[1]Indonesia UCO Exports'!T$164-SUM(AL23:AL27) -> 0 | AM28: ='[1]Indonesia UCO Exports'!U$164-SUM(AM23:AM27) -> 0 | AN28: ='[1]Indonesia UCO Exports'!V$164-SUM(AN23:AN27) -> 0 | AO28: ='[1]Indonesia UCO Exports'!W$164-SUM(AO23:AO27) -> 0 | AP28: ='[1]Indonesia UCO Exports'!X$164-SUM(AP23:AP27) -> 0 | AQ28: ='[1]Indonesia UCO Exports'!Y$164-SUM(AQ23:AQ27) -> 0 | AR28: =AR$41*AVERAGE(AM28:AQ28)/AVERAGE(AM$41:AQ$41) -> 0 | AS28: =AS$41*AVERAGE(AN28:AR28)/AVERAGE(AN$41:AR$41) -> 0 | BA28: ='[1]India UCO Exports'!O$164-SUM(BA23:BA27) -> 0.003 | BB28: ='[1]India UCO Exports'!P$164-SUM(BB23:BB27) -> 0.006 | BC28: ='[1]India UCO Exports'!Q$164-SUM(BC23:BC27) -> 0.001 | BD28: ='[1]India UCO Exports'!R$164-SUM(BD23:BD27) -> 0 | BE28: ='[1]India UCO Exports'!S$164-SUM(BE23:BE27) -> 0.009 | BF28: ='[1]India UCO Exports'!T$164-SUM(BF23:BF27) -> 0.001 | BG28: ='[1]India UCO Exports'!U$164-SUM(BG23:BG27) -> 0.038 | BH28: ='[1]India UCO Exports'!V$164-SUM(BH23:BH27) -> 0.161 | ... BK28: ='[1]India UCO Exports'!Y$164-SUM(BK23:BK27) -> 0.077 | BL28: =BL$41*AVERAGE(BG28:BK28)/AVERAGE(BG$41:BK$41) -> 0.15403112 | BM28: =BM$41*AVERAGE(BH28:BL28)/AVERAGE(BH$41:BL$41) -> 0.20258697 | BZ28: =N28+AL28+BF28 -> 0.001112 | CA28: =O28+AM28+BG28 -> 0.038118 | CB28: =P28+AN28+BH28 -> 0.161327 | CC28: =Q28+AO28+BI28 -> 0.098384 | CD28: =R28+AP28+BJ28 -> 0.135293 | CE28: =S28+AQ28+BK28 -> 0.077192 | CF28: =T28+AR28+BL28 -> 0.91356252 | CG28: =U28+AS28+BM28 -> 1.1024024 | CH28: =(SUM(CB28:CF28)/SUM(CB$41:CF$41))*CH$41 -> 1.4869829 | CI28: =(SUM(CC28:CG28)/SUM(CC$41:CG$41))*CI$41 -> 1.4718414 | CJ28: =(SUM(CD28:CH28)/SUM(CD$41:CH$41))*CJ$41 -> 1.6924066 | CK28: =(SUM(CE28:CI28)/SUM(CE$41:CI$41))*CK$41 -> 1.8090544 | CL28: =(SUM(CF28:CJ28)/SUM(CF$41:CJ$41))*CL$41 -> 2.0937085 | CM28: =(SUM(CG28:CK28)/SUM(CG$41:CK$41))*CM$41 -> 2.2818067 | CN28: =(SUM(CH28:CL28)/SUM(CH$41:CL$41))*CN$41 -> 2.6249393 | CO28: =(SUM(CI28:CM28)/SUM(CI$41:CM$41))*CO$41 -> 2.7711818 | ... DB28: =(SUM(CV28:CZ28)/SUM(CV$41:CZ$41))*DB$41 -> 6.5456419
A29: Argentina | N29: =IF('[1]China UCO Exports'!T$234="",0,'[1]China UCO Exports'!T$234) -> 0 | O29: =IF('[1]China UCO Exports'!U$234="",0,'[1]China UCO Exports'!U$234) -> 0 | P29: =IF('[1]China UCO Exports'!V$234="",0,'[1]China UCO Exports'!V$234) -> 0 | Q29: =IF('[1]China UCO Exports'!W$234="",0,'[1]China UCO Exports'!W$234) -> 0 | R29: =IF('[1]China UCO Exports'!X$234="",0,'[1]China UCO Exports'!X$234) -> 0 | S29: =IF('[1]China UCO Exports'!Y$234="",0,'[1]China UCO Exports'!Y$234) -> 0 | T29: =T$41*AVERAGE(O29:S29)/AVERAGE(O$41:S$41) -> 0 | U29: =U$41*AVERAGE(P29:T29)/AVERAGE(P$41:T$41) -> 0 | AL29: ='[1]Indonesia UCO Exports'!T$234 -> 0 | AM29: ='[1]Indonesia UCO Exports'!U$234 -> 0 | AN29: ='[1]Indonesia UCO Exports'!V$234 -> 0 | AO29: ='[1]Indonesia UCO Exports'!W$234 -> 0 | AP29: ='[1]Indonesia UCO Exports'!X$234 -> 0 | AQ29: ='[1]Indonesia UCO Exports'!Y$234 -> 0 | AR29: =AR$41*AVERAGE(AM29:AQ29)/AVERAGE(AM$41:AQ$41) -> 0 | AS29: =AS$41*AVERAGE(AN29:AR29)/AVERAGE(AN$41:AR$41) -> 0 | BA29: ='[1]India UCO Exports'!O$234 -> 0 | BB29: ='[1]India UCO Exports'!P$234 -> 0 | BC29: ='[1]India UCO Exports'!Q$234 -> 0 | BD29: ='[1]India UCO Exports'!R$234 -> 0 | BE29: ='[1]India UCO Exports'!S$234 -> 0 | BF29: ='[1]India UCO Exports'!T$234 -> 0 | BG29: ='[1]India UCO Exports'!U$234 -> 0 | BH29: ='[1]India UCO Exports'!V$234 -> 0 | ... BK29: ='[1]India UCO Exports'!Y$234 -> 0 | BL29: =BL$41*AVERAGE(BG29:BK29)/AVERAGE(BG$41:BK$41) -> 0 | BM29: =BM$41*AVERAGE(BH29:BL29)/AVERAGE(BH$41:BL$41) -> 0 | BZ29: =N29+AL29+BF29 -> 0 | CA29: =O29+AM29+BG29 -> 0 | CB29: =P29+AN29+BH29 -> 0 | CC29: =Q29+AO29+BI29 -> 0 | CD29: =R29+AP29+BJ29 -> 0 | CE29: =S29+AQ29+BK29 -> 0 | CF29: =T29+AR29+BL29 -> 0 | CG29: =U29+AS29+BM29 -> 0 | CH29: =(SUM(CB29:CF29)/SUM(CB$41:CF$41))*CH$41 -> 0 | CI29: =(SUM(CC29:CG29)/SUM(CC$41:CG$41))*CI$41 -> 0 | CJ29: =(SUM(CD29:CH29)/SUM(CD$41:CH$41))*CJ$41 -> 0 | CK29: =(SUM(CE29:CI29)/SUM(CE$41:CI$41))*CK$41 -> 0 | CL29: =(SUM(CF29:CJ29)/SUM(CF$41:CJ$41))*CL$41 -> 0 | CM29: =(SUM(CG29:CK29)/SUM(CG$41:CK$41))*CM$41 -> 0 | CN29: =(SUM(CH29:CL29)/SUM(CH$41:CL$41))*CN$41 -> 0 | CO29: =(SUM(CI29:CM29)/SUM(CI$41:CM$41))*CO$41 -> 0 | ... DB29: =(SUM(CV29:CZ29)/SUM(CV$41:CZ$41))*DB$41 -> 0
A30: Brazil | N30: =IF('[1]China UCO Exports'!T$241="",0,'[1]China UCO Exports'!T$241) -> 8.7e-05 | O30: =IF('[1]China UCO Exports'!U$241="",0,'[1]China UCO Exports'!U$241) -> 1.2e-05 | P30: =IF('[1]China UCO Exports'!V$241="",0,'[1]China UCO Exports'!V$241) -> 1e-05 | Q30: =IF('[1]China UCO Exports'!W$241="",0,'[1]China UCO Exports'!W$241) -> 2e-06 | R30: =IF('[1]China UCO Exports'!X$241="",0,'[1]China UCO Exports'!X$241) -> 0 | S30: =IF('[1]China UCO Exports'!Y$241="",0,'[1]China UCO Exports'!Y$241) -> 0 | T30: =T$41*AVERAGE(O30:S30)/AVERAGE(O$41:S$41) -> 0.013872719 | U30: =U$41*AVERAGE(P30:T30)/AVERAGE(P$41:T$41) -> 0.01642334 | AL30: ='[1]Indonesia UCO Exports'!T$241 -> 0 | AM30: ='[1]Indonesia UCO Exports'!U$241 -> 0 | AN30: ='[1]Indonesia UCO Exports'!V$241 -> 0 | AO30: ='[1]Indonesia UCO Exports'!W$241 -> 0 | AP30: ='[1]Indonesia UCO Exports'!X$241 -> 0 | AQ30: ='[1]Indonesia UCO Exports'!Y$241 -> 0 | AR30: =AR$41*AVERAGE(AM30:AQ30)/AVERAGE(AM$41:AQ$41) -> 0 | AS30: =AS$41*AVERAGE(AN30:AR30)/AVERAGE(AN$41:AR$41) -> 0 | BA30: ='[1]India UCO Exports'!O$241 -> 0 | BB30: ='[1]India UCO Exports'!P$241 -> 0 | BC30: ='[1]India UCO Exports'!Q$241 -> 0 | BD30: ='[1]India UCO Exports'!R$241 -> 0 | BE30: ='[1]India UCO Exports'!S$241 -> 0 | BF30: ='[1]India UCO Exports'!T$241 -> 0 | BG30: ='[1]India UCO Exports'!U$241 -> 0 | BH30: ='[1]India UCO Exports'!V$241 -> 0 | ... BK30: ='[1]India UCO Exports'!Y$241 -> 0 | BL30: =BL$41*AVERAGE(BG30:BK30)/AVERAGE(BG$41:BK$41) -> 0 | BM30: =BM$41*AVERAGE(BH30:BL30)/AVERAGE(BH$41:BL$41) -> 0 | BZ30: =N30+AL30+BF30 -> 8.7e-05 | CA30: =O30+AM30+BG30 -> 1.2e-05 | CB30: =P30+AN30+BH30 -> 1e-05 | CC30: =Q30+AO30+BI30 -> 2e-06 | CD30: =R30+AP30+BJ30 -> 0 | CE30: =S30+AQ30+BK30 -> 0 | CF30: =T30+AR30+BL30 -> 0.013872719 | CG30: =U30+AS30+BM30 -> 0.01642334 | CH30: =(SUM(CB30:CF30)/SUM(CB$41:CF$41))*CH$41 -> 0.014898945 | CI30: =(SUM(CC30:CG30)/SUM(CC$41:CG$41))*CI$41 -> 0.019165072 | CJ30: =(SUM(CD30:CH30)/SUM(CD$41:CH$41))*CJ$41 -> 0.020586652 | CK30: =(SUM(CE30:CI30)/SUM(CE$41:CI$41))*CK$41 -> 0.023046578 | CL30: =(SUM(CF30:CJ30)/SUM(CF$41:CJ$41))*CL$41 -> 0.026675936 | CM30: =(SUM(CG30:CK30)/SUM(CG$41:CK$41))*CM$41 -> 0.028397972 | CN30: =(SUM(CH30:CL30)/SUM(CH$41:CL$41))*CN$41 -> 0.032028697 | CO30: =(SUM(CI30:CM30)/SUM(CI$41:CM$41))*CO$41 -> 0.034939747 | ... DB30: =(SUM(CV30:CZ30)/SUM(CV$41:CZ$41))*DB$41 -> 0.081667637
A31: Canada | N31: =IF('[1]China UCO Exports'!T$243="",0,'[1]China UCO Exports'!T$243) -> 6.5e-05 | O31: =IF('[1]China UCO Exports'!U$243="",0,'[1]China UCO Exports'!U$243) -> 9.7e-05 | P31: =IF('[1]China UCO Exports'!V$243="",0,'[1]China UCO Exports'!V$243) -> 4.8e-05 | Q31: =IF('[1]China UCO Exports'!W$243="",0,'[1]China UCO Exports'!W$243) -> 1.6e-05 | R31: =IF('[1]China UCO Exports'!X$243="",0,'[1]China UCO Exports'!X$243) -> 0 | S31: =IF('[1]China UCO Exports'!Y$243="",0,'[1]China UCO Exports'!Y$243) -> 0 | T31: =T$41*AVERAGE(O31:S31)/AVERAGE(O$41:S$41) -> 0.093062827 | U31: =U$41*AVERAGE(P31:T31)/AVERAGE(P$41:T$41) -> 0.11015372 | AL31: ='[1]Indonesia UCO Exports'!T$243 -> 0 | AM31: ='[1]Indonesia UCO Exports'!U$243 -> 0 | AN31: ='[1]Indonesia UCO Exports'!V$243 -> 0 | AO31: ='[1]Indonesia UCO Exports'!W$243 -> 0 | AP31: ='[1]Indonesia UCO Exports'!X$243 -> 0 | AQ31: ='[1]Indonesia UCO Exports'!Y$243 -> 0 | AR31: =AR$41*AVERAGE(AM31:AQ31)/AVERAGE(AM$41:AQ$41) -> 0 | AS31: =AS$41*AVERAGE(AN31:AR31)/AVERAGE(AN$41:AR$41) -> 0 | BA31: ='[1]India UCO Exports'!O$243 -> 0 | BB31: ='[1]India UCO Exports'!P$243 -> 0.002 | BC31: ='[1]India UCO Exports'!Q$243 -> 0 | BD31: ='[1]India UCO Exports'!R$243 -> 0.001 | BE31: ='[1]India UCO Exports'!S$243 -> 0 | BF31: ='[1]India UCO Exports'!T$243 -> 0 | BG31: ='[1]India UCO Exports'!U$243 -> 0 | BH31: ='[1]India UCO Exports'!V$243 -> 0 | ... BK31: ='[1]India UCO Exports'!Y$243 -> 0 | BL31: =BL$41*AVERAGE(BG31:BK31)/AVERAGE(BG$41:BK$41) -> 0 | BM31: =BM$41*AVERAGE(BH31:BL31)/AVERAGE(BH$41:BL$41) -> 0 | BZ31: =N31+AL31+BF31 -> 6.5e-05 | CA31: =O31+AM31+BG31 -> 9.7e-05 | CB31: =P31+AN31+BH31 -> 4.8e-05 | CC31: =Q31+AO31+BI31 -> 1.6e-05 | CD31: =R31+AP31+BJ31 -> 0 | CE31: =S31+AQ31+BK31 -> 0 | CF31: =T31+AR31+BL31 -> 0.093062827 | CG31: =U31+AS31+BM31 -> 0.11015372 | CH31: =(SUM(CB31:CF31)/SUM(CB$41:CF$41))*CH$41 -> 0.099929385 | CI31: =(SUM(CC31:CG31)/SUM(CC$41:CG$41))*CI$41 -> 0.12855498 | CJ31: =(SUM(CD31:CH31)/SUM(CD$41:CH$41))*CJ$41 -> 0.13808517 | CK31: =(SUM(CE31:CI31)/SUM(CE$41:CI$41))*CK$41 -> 0.15458696 | CL31: =(SUM(CF31:CJ31)/SUM(CF$41:CJ$41))*CL$41 -> 0.17893069 | CM31: =(SUM(CG31:CK31)/SUM(CG$41:CK$41))*CM$41 -> 0.1904783 | CN31: =(SUM(CH31:CL31)/SUM(CH$41:CL$41))*CN$41 -> 0.21483373 | CO31: =(SUM(CI31:CM31)/SUM(CI$41:CM$41))*CO$41 -> 0.23436081 | ... DB31: =(SUM(CV31:CZ31)/SUM(CV$41:CZ$41))*DB$41 -> 0.54778888
A32: Chile | N32: =IF('[1]China UCO Exports'!T$245="",0,'[1]China UCO Exports'!T$245) -> 0 | O32: =IF('[1]China UCO Exports'!U$245="",0,'[1]China UCO Exports'!U$245) -> 0 | P32: =IF('[1]China UCO Exports'!V$245="",0,'[1]China UCO Exports'!V$245) -> 2e-06 | Q32: =IF('[1]China UCO Exports'!W$245="",0,'[1]China UCO Exports'!W$245) -> 0 | R32: =IF('[1]China UCO Exports'!X$245="",0,'[1]China UCO Exports'!X$245) -> 2e-06 | S32: =IF('[1]China UCO Exports'!Y$245="",0,'[1]China UCO Exports'!Y$245) -> 2e-06 | T32: =T$41*AVERAGE(O32:S32)/AVERAGE(O$41:S$41) -> 0.0034681799 | U32: =U$41*AVERAGE(P32:T32)/AVERAGE(P$41:T$41) -> 0.0041093836 | AL32: ='[1]Indonesia UCO Exports'!T$245 -> 0 | AM32: ='[1]Indonesia UCO Exports'!U$245 -> 0 | AN32: ='[1]Indonesia UCO Exports'!V$245 -> 0 | AO32: ='[1]Indonesia UCO Exports'!W$245 -> 0 | AP32: ='[1]Indonesia UCO Exports'!X$245 -> 0 | AQ32: ='[1]Indonesia UCO Exports'!Y$245 -> 0 | AR32: =AR$41*AVERAGE(AM32:AQ32)/AVERAGE(AM$41:AQ$41) -> 0 | AS32: =AS$41*AVERAGE(AN32:AR32)/AVERAGE(AN$41:AR$41) -> 0 | BA32: ='[1]India UCO Exports'!O$245 -> 0 | BB32: ='[1]India UCO Exports'!P$245 -> 0 | BC32: ='[1]India UCO Exports'!Q$245 -> 0 | BD32: ='[1]India UCO Exports'!R$245 -> 0 | BE32: ='[1]India UCO Exports'!S$245 -> 0 | BF32: ='[1]India UCO Exports'!T$245 -> 0 | BG32: ='[1]India UCO Exports'!U$245 -> 0 | BH32: ='[1]India UCO Exports'!V$245 -> 0 | ... BK32: ='[1]India UCO Exports'!Y$245 -> 0 | BL32: =BL$41*AVERAGE(BG32:BK32)/AVERAGE(BG$41:BK$41) -> 0 | BM32: =BM$41*AVERAGE(BH32:BL32)/AVERAGE(BH$41:BL$41) -> 0 | BZ32: =N32+AL32+BF32 -> 0 | CA32: =O32+AM32+BG32 -> 0 | CB32: =P32+AN32+BH32 -> 2e-06 | CC32: =Q32+AO32+BI32 -> 0 | CD32: =R32+AP32+BJ32 -> 2e-06 | CE32: =S32+AQ32+BK32 -> 2e-06 | CF32: =T32+AR32+BL32 -> 0.0034681799 | CG32: =U32+AS32+BM32 -> 0.0041093836 | CH32: =(SUM(CB32:CF32)/SUM(CB$41:CF$41))*CH$41 -> 0.0037279554 | CI32: =(SUM(CC32:CG32)/SUM(CC$41:CG$41))*CI$41 -> 0.0047957265 | CJ32: =(SUM(CD32:CH32)/SUM(CD$41:CH$41))*CJ$41 -> 0.0051515678 | CK32: =(SUM(CE32:CI32)/SUM(CE$41:CI$41))*CK$41 -> 0.0057663805 | CL32: =(SUM(CF32:CJ32)/SUM(CF$41:CJ$41))*CL$41 -> 0.0066740496 | CM32: =(SUM(CG32:CK32)/SUM(CG$41:CK$41))*CM$41 -> 0.0071057889 | CN32: =(SUM(CH32:CL32)/SUM(CH$41:CL$41))*CN$41 -> 0.0080140432 | CO32: =(SUM(CI32:CM32)/SUM(CI$41:CM$41))*CO$41 -> 0.008742484 | ... DB32: =(SUM(CV32:CZ32)/SUM(CV$41:CZ$41))*DB$41 -> 0.02043429
A33: Colombia | N33: =IF('[1]China UCO Exports'!T$246="",0,'[1]China UCO Exports'!T$246) -> 5e-06 | O33: =IF('[1]China UCO Exports'!U$246="",0,'[1]China UCO Exports'!U$246) -> 0.000251 | P33: =IF('[1]China UCO Exports'!V$246="",0,'[1]China UCO Exports'!V$246) -> 0.0001 | Q33: =IF('[1]China UCO Exports'!W$246="",0,'[1]China UCO Exports'!W$246) -> 0 | R33: =IF('[1]China UCO Exports'!X$246="",0,'[1]China UCO Exports'!X$246) -> 0 | S33: =IF('[1]China UCO Exports'!Y$246="",0,'[1]China UCO Exports'!Y$246) -> 0 | T33: =T$41*AVERAGE(O33:S33)/AVERAGE(O$41:S$41) -> 0.20288852 | U33: =U$41*AVERAGE(P33:T33)/AVERAGE(P$41:T$41) -> 0.24010205 | AL33: ='[1]Indonesia UCO Exports'!T$246 -> 0 | AM33: ='[1]Indonesia UCO Exports'!U$246 -> 0 | AN33: ='[1]Indonesia UCO Exports'!V$246 -> 0 | AO33: ='[1]Indonesia UCO Exports'!W$246 -> 0 | AP33: ='[1]Indonesia UCO Exports'!X$246 -> 0 | AQ33: ='[1]Indonesia UCO Exports'!Y$246 -> 0 | AR33: =AR$41*AVERAGE(AM33:AQ33)/AVERAGE(AM$41:AQ$41) -> 0 | AS33: =AS$41*AVERAGE(AN33:AR33)/AVERAGE(AN$41:AR$41) -> 0 | BA33: ='[1]India UCO Exports'!O$246 -> 0 | BB33: ='[1]India UCO Exports'!P$246 -> 0 | BC33: ='[1]India UCO Exports'!Q$246 -> 0 | BD33: ='[1]India UCO Exports'!R$246 -> 0 | BE33: ='[1]India UCO Exports'!S$246 -> 0 | BF33: ='[1]India UCO Exports'!T$246 -> 0 | BG33: ='[1]India UCO Exports'!U$246 -> 0 | BH33: ='[1]India UCO Exports'!V$246 -> 0.031 | ... BK33: ='[1]India UCO Exports'!Y$246 -> 0.001 | BL33: =BL$41*AVERAGE(BG33:BK33)/AVERAGE(BG$41:BK$41) -> 0.010894146 | BM33: =BM$41*AVERAGE(BH33:BL33)/AVERAGE(BH$41:BL$41) -> 0.015199472 | BZ33: =N33+AL33+BF33 -> 5e-06 | CA33: =O33+AM33+BG33 -> 0.000251 | CB33: =P33+AN33+BH33 -> 0.0311 | CC33: =Q33+AO33+BI33 -> 0 | CD33: =R33+AP33+BJ33 -> 0.004 | CE33: =S33+AQ33+BK33 -> 0.001 | CF33: =T33+AR33+BL33 -> 0.21378267 | CG33: =U33+AS33+BM33 -> 0.25530152 | CH33: =(SUM(CB33:CF33)/SUM(CB$41:CF$41))*CH$41 -> 0.26813564 | CI33: =(SUM(CC33:CG33)/SUM(CC$41:CG$41))*CI$41 -> 0.29988249 | CJ33: =(SUM(CD33:CH33)/SUM(CD$41:CH$41))*CJ$41 -> 0.33808651 | CK33: =(SUM(CE33:CI33)/SUM(CE$41:CI$41))*CK$41 -> 0.37173209 | CL33: =(SUM(CF33:CJ33)/SUM(CF$41:CJ$41))*CL$41 -> 0.43185241 | CM33: =(SUM(CG33:CK33)/SUM(CG$41:CK$41))*CM$41 -> 0.46257697 | CN33: =(SUM(CH33:CL33)/SUM(CH$41:CL$41))*CN$41 -> 0.52464736 | CO33: =(SUM(CI33:CM33)/SUM(CI$41:CM$41))*CO$41 -> 0.56442344 | ... DB33: =(SUM(CV33:CZ33)/SUM(CV$41:CZ$41))*DB$41 -> 1.3275584
A34: Cuba | N34: =IF('[1]China UCO Exports'!T$248="",0,'[1]China UCO Exports'!T$248) -> 0 | O34: =IF('[1]China UCO Exports'!U$248="",0,'[1]China UCO Exports'!U$248) -> 0 | P34: =IF('[1]China UCO Exports'!V$248="",0,'[1]China UCO Exports'!V$248) -> 0 | Q34: =IF('[1]China UCO Exports'!W$248="",0,'[1]China UCO Exports'!W$248) -> 0 | R34: =IF('[1]China UCO Exports'!X$248="",0,'[1]China UCO Exports'!X$248) -> 0 | S34: =IF('[1]China UCO Exports'!Y$248="",0,'[1]China UCO Exports'!Y$248) -> 0 | T34: =T$41*AVERAGE(O34:S34)/AVERAGE(O$41:S$41) -> 0 | U34: =U$41*AVERAGE(P34:T34)/AVERAGE(P$41:T$41) -> 0 | AL34: ='[1]Indonesia UCO Exports'!T$248 -> 0 | AM34: ='[1]Indonesia UCO Exports'!U$248 -> 0 | AN34: ='[1]Indonesia UCO Exports'!V$248 -> 0 | AO34: ='[1]Indonesia UCO Exports'!W$248 -> 0 | AP34: ='[1]Indonesia UCO Exports'!X$248 -> 0 | AQ34: ='[1]Indonesia UCO Exports'!Y$248 -> 0 | AR34: =AR$41*AVERAGE(AM34:AQ34)/AVERAGE(AM$41:AQ$41) -> 0 | AS34: =AS$41*AVERAGE(AN34:AR34)/AVERAGE(AN$41:AR$41) -> 0 | BA34: ='[1]India UCO Exports'!O$248 -> 0 | BB34: ='[1]India UCO Exports'!P$248 -> 0 | BC34: ='[1]India UCO Exports'!Q$248 -> 0 | BD34: ='[1]India UCO Exports'!R$248 -> 0 | BE34: ='[1]India UCO Exports'!S$248 -> 0 | BF34: ='[1]India UCO Exports'!T$248 -> 0 | BG34: ='[1]India UCO Exports'!U$248 -> 0 | BH34: ='[1]India UCO Exports'!V$248 -> 0 | ... BK34: ='[1]India UCO Exports'!Y$248 -> 0 | BL34: =BL$41*AVERAGE(BG34:BK34)/AVERAGE(BG$41:BK$41) -> 0 | BM34: =BM$41*AVERAGE(BH34:BL34)/AVERAGE(BH$41:BL$41) -> 0 | BZ34: =N34+AL34+BF34 -> 0 | CA34: =O34+AM34+BG34 -> 0 | CB34: =P34+AN34+BH34 -> 0 | CC34: =Q34+AO34+BI34 -> 0 | CD34: =R34+AP34+BJ34 -> 0 | CE34: =S34+AQ34+BK34 -> 0 | CF34: =T34+AR34+BL34 -> 0 | CG34: =U34+AS34+BM34 -> 0 | CH34: =(SUM(CB34:CF34)/SUM(CB$41:CF$41))*CH$41 -> 0 | CI34: =(SUM(CC34:CG34)/SUM(CC$41:CG$41))*CI$41 -> 0 | CJ34: =(SUM(CD34:CH34)/SUM(CD$41:CH$41))*CJ$41 -> 0 | CK34: =(SUM(CE34:CI34)/SUM(CE$41:CI$41))*CK$41 -> 0 | CL34: =(SUM(CF34:CJ34)/SUM(CF$41:CJ$41))*CL$41 -> 0 | CM34: =(SUM(CG34:CK34)/SUM(CG$41:CK$41))*CM$41 -> 0 | CN34: =(SUM(CH34:CL34)/SUM(CH$41:CL$41))*CN$41 -> 0 | CO34: =(SUM(CI34:CM34)/SUM(CI$41:CM$41))*CO$41 -> 0 | ... DB34: =(SUM(CV34:CZ34)/SUM(CV$41:CZ$41))*DB$41 -> 0
A35: Dominican Rep. | N35: =IF('[1]China UCO Exports'!T$250="",0,'[1]China UCO Exports'!T$250) -> 0 | O35: =IF('[1]China UCO Exports'!U$250="",0,'[1]China UCO Exports'!U$250) -> 0 | P35: =IF('[1]China UCO Exports'!V$250="",0,'[1]China UCO Exports'!V$250) -> 0 | Q35: =IF('[1]China UCO Exports'!W$250="",0,'[1]China UCO Exports'!W$250) -> 0 | R35: =IF('[1]China UCO Exports'!X$250="",0,'[1]China UCO Exports'!X$250) -> 0 | S35: =IF('[1]China UCO Exports'!Y$250="",0,'[1]China UCO Exports'!Y$250) -> 0 | T35: =T$41*AVERAGE(O35:S35)/AVERAGE(O$41:S$41) -> 0 | U35: =U$41*AVERAGE(P35:T35)/AVERAGE(P$41:T$41) -> 0 | AL35: ='[1]Indonesia UCO Exports'!T$250 -> 0 | AM35: ='[1]Indonesia UCO Exports'!U$250 -> 0 | AN35: ='[1]Indonesia UCO Exports'!V$250 -> 0 | AO35: ='[1]Indonesia UCO Exports'!W$250 -> 0 | AP35: ='[1]Indonesia UCO Exports'!X$250 -> 0 | AQ35: ='[1]Indonesia UCO Exports'!Y$250 -> 0 | AR35: =AR$41*AVERAGE(AM35:AQ35)/AVERAGE(AM$41:AQ$41) -> 0 | AS35: =AS$41*AVERAGE(AN35:AR35)/AVERAGE(AN$41:AR$41) -> 0 | BA35: ='[1]India UCO Exports'!O$250 -> 0 | BB35: ='[1]India UCO Exports'!P$250 -> 0 | BC35: ='[1]India UCO Exports'!Q$250 -> 0 | BD35: ='[1]India UCO Exports'!R$250 -> 0 | BE35: ='[1]India UCO Exports'!S$250 -> 0 | BF35: ='[1]India UCO Exports'!T$250 -> 0 | BG35: ='[1]India UCO Exports'!U$250 -> 0 | BH35: ='[1]India UCO Exports'!V$250 -> 0 | ... BK35: ='[1]India UCO Exports'!Y$250 -> 0 | BL35: =BL$41*AVERAGE(BG35:BK35)/AVERAGE(BG$41:BK$41) -> 0 | BM35: =BM$41*AVERAGE(BH35:BL35)/AVERAGE(BH$41:BL$41) -> 0 | BZ35: =N35+AL35+BF35 -> 0 | CA35: =O35+AM35+BG35 -> 0 | CB35: =P35+AN35+BH35 -> 0 | CC35: =Q35+AO35+BI35 -> 0 | CD35: =R35+AP35+BJ35 -> 0 | CE35: =S35+AQ35+BK35 -> 0 | CF35: =T35+AR35+BL35 -> 0 | CG35: =U35+AS35+BM35 -> 0 | CH35: =(SUM(CB35:CF35)/SUM(CB$41:CF$41))*CH$41 -> 0 | CI35: =(SUM(CC35:CG35)/SUM(CC$41:CG$41))*CI$41 -> 0 | CJ35: =(SUM(CD35:CH35)/SUM(CD$41:CH$41))*CJ$41 -> 0 | CK35: =(SUM(CE35:CI35)/SUM(CE$41:CI$41))*CK$41 -> 0 | CL35: =(SUM(CF35:CJ35)/SUM(CF$41:CJ$41))*CL$41 -> 0 | CM35: =(SUM(CG35:CK35)/SUM(CG$41:CK$41))*CM$41 -> 0 | CN35: =(SUM(CH35:CL35)/SUM(CH$41:CL$41))*CN$41 -> 0 | CO35: =(SUM(CI35:CM35)/SUM(CI$41:CM$41))*CO$41 -> 0 | ... DB35: =(SUM(CV35:CZ35)/SUM(CV$41:CZ$41))*DB$41 -> 0
A36: Mexico | N36: =IF('[1]China UCO Exports'!T$266="",0,'[1]China UCO Exports'!T$266) -> 2e-05 | O36: =IF('[1]China UCO Exports'!U$266="",0,'[1]China UCO Exports'!U$266) -> 0.0005 | P36: =IF('[1]China UCO Exports'!V$266="",0,'[1]China UCO Exports'!V$266) -> 0.000755 | Q36: =IF('[1]China UCO Exports'!W$266="",0,'[1]China UCO Exports'!W$266) -> 0.000831 | R36: =IF('[1]China UCO Exports'!X$266="",0,'[1]China UCO Exports'!X$266) -> 0.000146 | S36: =IF('[1]China UCO Exports'!Y$266="",0,'[1]China UCO Exports'!Y$266) -> 0.000166 | T36: =T$41*AVERAGE(O36:S36)/AVERAGE(O$41:S$41) -> 1.3861159 | U36: =U$41*AVERAGE(P36:T36)/AVERAGE(P$41:T$41) -> 1.6417922 | AL36: ='[1]Indonesia UCO Exports'!T$266 -> 0 | AM36: ='[1]Indonesia UCO Exports'!U$266 -> 0 | AN36: ='[1]Indonesia UCO Exports'!V$266 -> 0 | AO36: ='[1]Indonesia UCO Exports'!W$266 -> 0 | AP36: ='[1]Indonesia UCO Exports'!X$266 -> 0 | AQ36: ='[1]Indonesia UCO Exports'!Y$266 -> 0 | AR36: =AR$41*AVERAGE(AM36:AQ36)/AVERAGE(AM$41:AQ$41) -> 0 | AS36: =AS$41*AVERAGE(AN36:AR36)/AVERAGE(AN$41:AR$41) -> 0 | BA36: ='[1]India UCO Exports'!O$266 -> 0 | BB36: ='[1]India UCO Exports'!P$266 -> 0 | BC36: ='[1]India UCO Exports'!Q$266 -> 0 | BD36: ='[1]India UCO Exports'!R$266 -> 0 | BE36: ='[1]India UCO Exports'!S$266 -> 0 | BF36: ='[1]India UCO Exports'!T$266 -> 0 | BG36: ='[1]India UCO Exports'!U$266 -> 0 | BH36: ='[1]India UCO Exports'!V$266 -> 0 | ... BK36: ='[1]India UCO Exports'!Y$266 -> 0 | BL36: =BL$41*AVERAGE(BG36:BK36)/AVERAGE(BG$41:BK$41) -> 0 | BM36: =BM$41*AVERAGE(BH36:BL36)/AVERAGE(BH$41:BL$41) -> 0 | BZ36: =N36+AL36+BF36 -> 2e-05 | CA36: =O36+AM36+BG36 -> 0.0005 | CB36: =P36+AN36+BH36 -> 0.000755 | CC36: =Q36+AO36+BI36 -> 0.000831 | CD36: =R36+AP36+BJ36 -> 0.000146 | CE36: =S36+AQ36+BK36 -> 0.000166 | CF36: =T36+AR36+BL36 -> 1.3861159 | CG36: =U36+AS36+BM36 -> 1.6417922 | CH36: =(SUM(CB36:CF36)/SUM(CB$41:CF$41))*CH$41 -> 1.489403 | CI36: =(SUM(CC36:CG36)/SUM(CC$41:CG$41))*CI$41 -> 1.9160297 | CJ36: =(SUM(CD36:CH36)/SUM(CD$41:CH$41))*CJ$41 -> 2.0578101 | CK36: =(SUM(CE36:CI36)/SUM(CE$41:CI$41))*CK$41 -> 2.3037622 | CL36: =(SUM(CF36:CJ36)/SUM(CF$41:CJ$41))*CL$41 -> 2.6664876 | CM36: =(SUM(CG36:CK36)/SUM(CG$41:CK$41))*CM$41 -> 2.8388131 | CN36: =(SUM(CH36:CL36)/SUM(CH$41:CL$41))*CN$41 -> 3.2016957 | CO36: =(SUM(CI36:CM36)/SUM(CI$41:CM$41))*CO$41 -> 3.4926947 | ... DB36: =(SUM(CV36:CZ36)/SUM(CV$41:CZ$41))*DB$41 -> 8.163712
A37: Peru | N37: =IF('[1]China UCO Exports'!T$274="",0,'[1]China UCO Exports'!T$274) -> 4e-05 | O37: =IF('[1]China UCO Exports'!U$274="",0,'[1]China UCO Exports'!U$274) -> 8e-05 | P37: =IF('[1]China UCO Exports'!V$274="",0,'[1]China UCO Exports'!V$274) -> 7.8e-05 | Q37: =IF('[1]China UCO Exports'!W$274="",0,'[1]China UCO Exports'!W$274) -> 0.000164 | R37: =IF('[1]China UCO Exports'!X$274="",0,'[1]China UCO Exports'!X$274) -> 6.4e-05 | S37: =IF('[1]China UCO Exports'!Y$274="",0,'[1]China UCO Exports'!Y$274) -> 0 | T37: =T$41*AVERAGE(O37:S37)/AVERAGE(O$41:S$41) -> 0.22311957 | U37: =U$41*AVERAGE(P37:T37)/AVERAGE(P$41:T$41) -> 0.26427572 | AL37: ='[1]Indonesia UCO Exports'!T$274 -> 0 | AM37: ='[1]Indonesia UCO Exports'!U$274 -> 0 | AN37: ='[1]Indonesia UCO Exports'!V$274 -> 0 | AO37: ='[1]Indonesia UCO Exports'!W$274 -> 0 | AP37: ='[1]Indonesia UCO Exports'!X$274 -> 0 | AQ37: ='[1]Indonesia UCO Exports'!Y$274 -> 0 | AR37: =AR$41*AVERAGE(AM37:AQ37)/AVERAGE(AM$41:AQ$41) -> 0 | AS37: =AS$41*AVERAGE(AN37:AR37)/AVERAGE(AN$41:AR$41) -> 0 | BA37: ='[1]India UCO Exports'!O$274 -> 0 | BB37: ='[1]India UCO Exports'!P$274 -> 0 | BC37: ='[1]India UCO Exports'!Q$274 -> 0 | BD37: ='[1]India UCO Exports'!R$274 -> 0 | BE37: ='[1]India UCO Exports'!S$274 -> 0 | BF37: ='[1]India UCO Exports'!T$274 -> 0 | BG37: ='[1]India UCO Exports'!U$274 -> 0 | BH37: ='[1]India UCO Exports'!V$274 -> 0 | ... BK37: ='[1]India UCO Exports'!Y$274 -> 0 | BL37: =BL$41*AVERAGE(BG37:BK37)/AVERAGE(BG$41:BK$41) -> 0 | BM37: =BM$41*AVERAGE(BH37:BL37)/AVERAGE(BH$41:BL$41) -> 0 | BZ37: =N37+AL37+BF37 -> 4e-05 | CA37: =O37+AM37+BG37 -> 8e-05 | CB37: =P37+AN37+BH37 -> 7.8e-05 | CC37: =Q37+AO37+BI37 -> 0.000164 | CD37: =R37+AP37+BJ37 -> 6.4e-05 | CE37: =S37+AQ37+BK37 -> 0 | CF37: =T37+AR37+BL37 -> 0.22311957 | CG37: =U37+AS37+BM37 -> 0.26427572 | CH37: =(SUM(CB37:CF37)/SUM(CB$41:CF$41))*CH$41 -> 0.23974595 | CI37: =(SUM(CC37:CG37)/SUM(CC$41:CG$41))*CI$41 -> 0.30844666 | CJ37: =(SUM(CD37:CH37)/SUM(CD$41:CH$41))*CJ$41 -> 0.33124726 | CK37: =(SUM(CE37:CI37)/SUM(CE$41:CI$41))*CK$41 -> 0.3708317 | CL37: =(SUM(CF37:CJ37)/SUM(CF$41:CJ$41))*CL$41 -> 0.42922909 | CM37: =(SUM(CG37:CK37)/SUM(CG$41:CK$41))*CM$41 -> 0.45696773 | CN37: =(SUM(CH37:CL37)/SUM(CH$41:CL$41))*CN$41 -> 0.51538352 | CO37: =(SUM(CI37:CM37)/SUM(CI$41:CM$41))*CO$41 -> 0.56222755 | ... DB37: =(SUM(CV37:CZ37)/SUM(CV$41:CZ$41))*DB$41 -> 1.3141253
A38: US | N38: =IF('[1]China UCO Exports'!T$284="",0,'[1]China UCO Exports'!T$284) -> 0.000327 | O38: =IF('[1]China UCO Exports'!U$284="",0,'[1]China UCO Exports'!U$284) -> 0.000261 | P38: =IF('[1]China UCO Exports'!V$284="",0,'[1]China UCO Exports'!V$284) -> 0.000354 | Q38: =IF('[1]China UCO Exports'!W$284="",0,'[1]China UCO Exports'!W$284) -> 0.000487 | R38: =IF('[1]China UCO Exports'!X$284="",0,'[1]China UCO Exports'!X$284) -> 0.000461 | S38: =IF('[1]China UCO Exports'!Y$284="",0,'[1]China UCO Exports'!Y$284) -> 0.000584 | T38: =T$41*AVERAGE(O38:S38)/AVERAGE(O$41:S$41) -> 1.2410304 | U38: =U$41*AVERAGE(P38:T38)/AVERAGE(P$41:T$41) -> 1.4701657 | AL38: ='[1]Indonesia UCO Exports'!T$284 -> 0 | AM38: ='[1]Indonesia UCO Exports'!U$284 -> 0 | AN38: ='[1]Indonesia UCO Exports'!V$284 -> 0 | AO38: ='[1]Indonesia UCO Exports'!W$284 -> 0 | AP38: ='[1]Indonesia UCO Exports'!X$284 -> 0 | AQ38: ='[1]Indonesia UCO Exports'!Y$284 -> 0 | AR38: =AR$41*AVERAGE(AM38:AQ38)/AVERAGE(AM$41:AQ$41) -> 0 | AS38: =AS$41*AVERAGE(AN38:AR38)/AVERAGE(AN$41:AR$41) -> 0 | BA38: ='[1]India UCO Exports'!O$284 -> 0.001 | BB38: ='[1]India UCO Exports'!P$284 -> 0 | BC38: ='[1]India UCO Exports'!Q$284 -> 0.009 | BD38: ='[1]India UCO Exports'!R$284 -> 0.001 | BE38: ='[1]India UCO Exports'!S$284 -> 0.014 | BF38: ='[1]India UCO Exports'!T$284 -> 0 | BG38: ='[1]India UCO Exports'!U$284 -> 0.011 | BH38: ='[1]India UCO Exports'!V$284 -> 0.014 | ... BK38: ='[1]India UCO Exports'!Y$284 -> 0.007 | BL38: =BL$41*AVERAGE(BG38:BK38)/AVERAGE(BG$41:BK$41) -> 0.015735989 | BM38: =BM$41*AVERAGE(BH38:BL38)/AVERAGE(BH$41:BL$41) -> 0.01838944 | BZ38: =N38+AL38+BF38 -> 0.000327 | CA38: =O38+AM38+BG38 -> 0.011261 | CB38: =P38+AN38+BH38 -> 0.014354 | CC38: =Q38+AO38+BI38 -> 0.009487 | CD38: =R38+AP38+BJ38 -> 0.011461 | CE38: =S38+AQ38+BK38 -> 0.007584 | CF38: =T38+AR38+BL38 -> 1.2567664 | CG38: =U38+AS38+BM38 -> 1.4885551 | CH38: =CH41-SUM(CH39:CH40,CH4:CH37) -> 89.807784 | CI38: =CI41-SUM(CI39:CI40,CI4:CI37) -> 107.49808 | CJ38: =CJ41-SUM(CJ39:CJ40,CJ4:CJ37) -> 130.29201 | CK38: =CK41-SUM(CK39:CK40,CK4:CK37) -> 152.27709 | CL38: =CL41-SUM(CL39:CL40,CL4:CL37) -> 180.703 | CM38: =CM41-SUM(CM39:CM40,CM4:CM37) -> 204.80182 | CN38: =CN41-SUM(CN39:CN40,CN4:CN37) -> 244.32345 | CO38: =CO41-SUM(CO39:CO40,CO4:CO37) -> 267.95331 | ... DB38: =DB41-SUM(DB39:DB40,DB4:DB37) -> 677.06358
A39: Venezuela | N39: =IF('[1]China UCO Exports'!T$286="",0,'[1]China UCO Exports'!T$286) -> 0.00021 | O39: =IF('[1]China UCO Exports'!U$286="",0,'[1]China UCO Exports'!U$286) -> 0 | P39: =IF('[1]China UCO Exports'!V$286="",0,'[1]China UCO Exports'!V$286) -> 3.2e-05 | Q39: =IF('[1]China UCO Exports'!W$286="",0,'[1]China UCO Exports'!W$286) -> 1e-06 | R39: =IF('[1]China UCO Exports'!X$286="",0,'[1]China UCO Exports'!X$286) -> 0 | S39: =IF('[1]China UCO Exports'!Y$286="",0,'[1]China UCO Exports'!Y$286) -> 0 | T39: =T$41*AVERAGE(O39:S39)/AVERAGE(O$41:S$41) -> 0.019074989 | U39: =U$41*AVERAGE(P39:T39)/AVERAGE(P$41:T$41) -> 0.02260161 | AL39: ='[1]Indonesia UCO Exports'!T$286 -> 0 | AM39: ='[1]Indonesia UCO Exports'!U$286 -> 0 | AN39: ='[1]Indonesia UCO Exports'!V$286 -> 0 | AO39: ='[1]Indonesia UCO Exports'!W$286 -> 0 | AP39: ='[1]Indonesia UCO Exports'!X$286 -> 0 | AQ39: ='[1]Indonesia UCO Exports'!Y$286 -> 0 | AR39: =AR$41*AVERAGE(AM39:AQ39)/AVERAGE(AM$41:AQ$41) -> 0 | AS39: =AS$41*AVERAGE(AN39:AR39)/AVERAGE(AN$41:AR$41) -> 0 | BA39: ='[1]India UCO Exports'!O$286 -> 0 | BB39: ='[1]India UCO Exports'!P$286 -> 0 | BC39: ='[1]India UCO Exports'!Q$286 -> 0 | BD39: ='[1]India UCO Exports'!R$286 -> 0 | BE39: ='[1]India UCO Exports'!S$286 -> 0 | BF39: ='[1]India UCO Exports'!T$286 -> 0 | BG39: ='[1]India UCO Exports'!U$286 -> 0 | BH39: ='[1]India UCO Exports'!V$286 -> 0 | ... BK39: ='[1]India UCO Exports'!Y$286 -> 0 | BL39: =BL$41*AVERAGE(BG39:BK39)/AVERAGE(BG$41:BK$41) -> 0 | BM39: =BM$41*AVERAGE(BH39:BL39)/AVERAGE(BH$41:BL$41) -> 0 | BZ39: =N39+AL39+BF39 -> 0.00021 | CA39: =O39+AM39+BG39 -> 0 | CB39: =P39+AN39+BH39 -> 3.2e-05 | CC39: =Q39+AO39+BI39 -> 1e-06 | CD39: =R39+AP39+BJ39 -> 0 | CE39: =S39+AQ39+BK39 -> 0 | CF39: =T39+AR39+BL39 -> 0.019074989 | CG39: =U39+AS39+BM39 -> 0.02260161 | CH39: =(SUM(CB39:CF39)/SUM(CB$41:CF$41))*CH$41 -> 0.020503755 | CI39: =(SUM(CC39:CG39)/SUM(CC$41:CG$41))*CI$41 -> 0.026363212 | CJ39: =(SUM(CD39:CH39)/SUM(CD$41:CH$41))*CJ$41 -> 0.028323602 | CK39: =(SUM(CE39:CI39)/SUM(CE$41:CI$41))*CK$41 -> 0.031706397 | CL39: =(SUM(CF39:CJ39)/SUM(CF$41:CJ$41))*CL$41 -> 0.036699955 | CM39: =(SUM(CG39:CK39)/SUM(CG$41:CK$41))*CM$41 -> 0.039072184 | CN39: =(SUM(CH39:CL39)/SUM(CH$41:CL$41))*CN$41 -> 0.044065172 | CO39: =(SUM(CI39:CM39)/SUM(CI$41:CM$41))*CO$41 -> 0.048069145 | ... DB39: =(SUM(CV39:CZ39)/SUM(CV$41:CZ$41))*DB$41 -> 0.11235849
A40: Other West Hemis. | N40: ='[1]China UCO Exports'!T$231-SUM(N29:N39) -> 6.6e-05 | O40: ='[1]China UCO Exports'!U$231-SUM(O29:O39) -> 0.00015 | P40: ='[1]China UCO Exports'!V$231-SUM(P29:P39) -> 0.0001 | Q40: ='[1]China UCO Exports'!W$231-SUM(Q29:Q39) -> 0.000169 | R40: ='[1]China UCO Exports'!X$231-SUM(R29:R39) -> 0.000183 | S40: ='[1]China UCO Exports'!Y$231-SUM(S29:S39) -> 0 | T40: =T$41*AVERAGE(O40:S40)/AVERAGE(O$41:S$41) -> 0.34797405 | U40: =U$41*AVERAGE(P40:T40)/AVERAGE(P$41:T$41) -> 0.41213073 | AL40: ='[1]Indonesia UCO Exports'!T$231-SUM(AL29:AL39) -> 0 | AM40: ='[1]Indonesia UCO Exports'!U$231-SUM(AM29:AM39) -> 0 | AN40: ='[1]Indonesia UCO Exports'!V$231-SUM(AN29:AN39) -> 0 | AO40: ='[1]Indonesia UCO Exports'!W$231-SUM(AO29:AO39) -> 0 | AP40: ='[1]Indonesia UCO Exports'!X$231-SUM(AP29:AP39) -> 0 | AQ40: ='[1]Indonesia UCO Exports'!Y$231-SUM(AQ29:AQ39) -> 0 | AR40: =AR$41*AVERAGE(AM40:AQ40)/AVERAGE(AM$41:AQ$41) -> 0 | AS40: =AS$41*AVERAGE(AN40:AR40)/AVERAGE(AN$41:AR$41) -> 0 | BA40: ='[1]India UCO Exports'!O$231-SUM(BA29:BA39) -> 0 | BB40: ='[1]India UCO Exports'!P$231-SUM(BB29:BB39) -> 0 | BC40: ='[1]India UCO Exports'!Q$231-SUM(BC29:BC39) -> 0 | BD40: ='[1]India UCO Exports'!R$231-SUM(BD29:BD39) -> 0 | BE40: ='[1]India UCO Exports'!S$231-SUM(BE29:BE39) -> 0 | BF40: ='[1]India UCO Exports'!T$231-SUM(BF29:BF39) -> 0 | BG40: ='[1]India UCO Exports'!U$231-SUM(BG29:BG39) -> 0 | BH40: ='[1]India UCO Exports'!V$231-SUM(BH29:BH39) -> 0 | ... BK40: ='[1]India UCO Exports'!Y$231-SUM(BK29:BK39) -> 0 | BL40: =BL$41*AVERAGE(BG40:BK40)/AVERAGE(BG$41:BK$41) -> 0 | BM40: =BM$41*AVERAGE(BH40:BL40)/AVERAGE(BH$41:BL$41) -> 0 | BZ40: =N40+AL40+BF40 -> 6.6e-05 | CA40: =O40+AM40+BG40 -> 0.00015 | CB40: =P40+AN40+BH40 -> 0.0001 | CC40: =Q40+AO40+BI40 -> 0.000169 | CD40: =R40+AP40+BJ40 -> 0.000183 | CE40: =S40+AQ40+BK40 -> 0 | CF40: =T40+AR40+BL40 -> 0.34797405 | CG40: =U40+AS40+BM40 -> 0.41213073 | CH40: =(SUM(CB40:CF40)/SUM(CB$41:CF$41))*CH$41 -> 0.37387724 | CI40: =(SUM(CC40:CG40)/SUM(CC$41:CG$41))*CI$41 -> 0.48102779 | CJ40: =(SUM(CD40:CH40)/SUM(CD$41:CH$41))*CJ$41 -> 0.51662038 | CK40: =(SUM(CE40:CI40)/SUM(CE$41:CI$41))*CK$41 -> 0.57831579 | CL40: =(SUM(CF40:CJ40)/SUM(CF$41:CJ$41))*CL$41 -> 0.66939871 | CM40: =(SUM(CG40:CK40)/SUM(CG$41:CK$41))*CM$41 -> 0.71265186 | CN40: =(SUM(CH40:CL40)/SUM(CH$41:CL$41))*CN$41 -> 0.80375858 | CO40: =(SUM(CI40:CM40)/SUM(CI$41:CM$41))*CO$41 -> 0.87681635 | ... DB40: =(SUM(CV40:CZ40)/SUM(CV$41:CZ$41))*DB$41 -> 2.0494251
A41: Total | N41: ='[1]China UCO Exports'!T$290 -> 0.033259 | O41: ='[1]China UCO Exports'!U$290 -> 0.04243 | P41: ='[1]China UCO Exports'!V$290 -> 0.063117 | Q41: ='[1]China UCO Exports'!W$290 -> 0.054899 | R41: ='[1]China UCO Exports'!X$290 -> 0.109505 | S41: ='[1]China UCO Exports'!Y$290 -> 0.343712 | T41: ='China UCO'!T12 -> 354.71561 | U41: ='China UCO'!U12 -> 420.24592 | AL41: ='[1]Indonesia UCO Exports'!T$290 -> 0 | AM41: ='[1]Indonesia UCO Exports'!U$290 -> 0 | AN41: ='[1]Indonesia UCO Exports'!V$290 -> 0 | AO41: ='[1]Indonesia UCO Exports'!W$290 -> 0 | AP41: ='[1]Indonesia UCO Exports'!X$290 -> 0 | AQ41: ='[1]Indonesia UCO Exports'!Y$290 -> 73.281 | AR41: ='Indonesia UCO'!T12 -> 72.609721 | AS41: ='Indonesia UCO'!U12 -> 76.412329 | BA41: ='[1]India UCO Exports'!O$290 -> 2.445 | BB41: ='[1]India UCO Exports'!P$290 -> 9.8 | BC41: ='[1]India UCO Exports'!Q$290 -> 0.12 | BD41: ='[1]India UCO Exports'!R$290 -> 0.168 | BE41: ='[1]India UCO Exports'!S$290 -> 0.256 | BF41: ='[1]India UCO Exports'!T$290 -> 4.059 | BG41: ='[1]India UCO Exports'!U$290 -> 12.222 | BH41: ='[1]India UCO Exports'!V$290 -> 7.506 | ... BK41: ='[1]India UCO Exports'!Y$290 -> 15.836 | BL41: ='India UCO'!T12 -> 15.354694 | BM41: ='India UCO'!U12 -> 17.46138 | BZ41: =N41+AL41+BF41 -> 4.092259 | CA41: =O41+AM41+BG41 -> 12.26443 | CB41: =P41+AN41+BH41 -> 7.569117 | CC41: =Q41+AO41+BI41 -> 8.042899 | CD41: =R41+AP41+BJ41 -> 7.297505 | CE41: =S41+AQ41+BK41 -> 89.460712 | CF41: =T41+AR41+BL41 -> 442.68003 | CG41: =U41+AS41+BM41 -> 514.11963 | CH41: ='China UCO'!V12+'Indonesia UCO'!V12+'India UCO'!V12+'Mexico UCO'!V12 -> 595.59456 | CI41: ='China UCO'!W12+'Indonesia UCO'!W12+'India UCO'!W12+'Mexico UCO'!W12 -> 671.51677 | CJ41: ='China UCO'!X12+'Indonesia UCO'!X12+'India UCO'!X12+'Mexico UCO'!X12 -> 751.20088 | CK41: ='China UCO'!Y12+'Indonesia UCO'!Y12+'India UCO'!Y12+'Mexico UCO'!Y12 -> 828.39087 | CL41: ='China UCO'!Z12+'Indonesia UCO'!Z12+'India UCO'!Z12+'Mexico UCO'!Z12 -> 934.2784 | CM41: ='China UCO'!AA12+'Indonesia UCO'!AA12+'India UCO'!AA12+'Mexico UCO'!AA12 -> 1014.0241 | CN41: ='China UCO'!AB12+'Indonesia UCO'!AB12+'India UCO'!AB12+'Mexico UCO'!AB12 -> 1160.2589 | CO41: ='China UCO'!AC12+'Indonesia UCO'!AC12+'India UCO'!AC12+'Mexico UCO'!AC12 -> 1244.7918 | ... DB41: ='China UCO'!AP12+'Indonesia UCO'!AP12+'India UCO'!AP12+'Mexico UCO'!AP12 -> 2921.8848
CE46: US Imports (million pounds) | CF46: =CF38*2204.622*1000/1000000 -> 2.7706948 | CG46: =CG38*2204.622*1000/1000000 -> 3.2817014 | CH46: =CH38*2204.622*1000/1000000 -> 197.99222 | CI46: =CI38*2204.622*1000/1000000 -> 236.99264 | CJ46: =CJ38*2204.622*1000/1000000 -> 287.24462 | CK46: =CK38*2204.622*1000/1000000 -> 335.71343 | CL46: =CL38*2204.622*1000/1000000 -> 398.38181 | CM46: =CM38*2204.622*1000/1000000 -> 451.5106 | ... DB46: =DB38*2204.622*1000/1000000 -> 1492.6693
