Workbook

Sheet Canada Tallow
A1: CANADA INEDIBLE TALLOW SUPPLY AND DEMAND (tonnes)
B2: ='[1]Mexico Rapeseed'!F$2 -> 97/98 | C2: ='[1]Mexico Rapeseed'!G$2 -> 98/99 | D2: ='[1]Mexico Rapeseed'!H$2 -> 99/00 | E2: ='[1]Mexico Rapeseed'!I$2 -> 00/01 | F2: ='[1]Mexico Rapeseed'!J$2 -> 01/02 | G2: ='[1]Mexico Rapeseed'!K$2 -> 02/03 | H2: ='[1]Mexico Rapeseed'!L$2 -> 03/04 | I2: ='[1]Mexico Rapeseed'!M$2 -> 04/05 | ... BC2: ='[1]Mexico Rapeseed'!BG$2 -> 50/51
A3: Carryin (October 1)
A4: Production | E4: =E208*E224 -> 295542 | F4: =F208*F224 -> 295308 | G4: =G208*G224 -> 303732 | H4: =H208*H224 -> 281736 | I4: =I208*I224 -> 351000 | J4: =J208*J224 -> 343980 | K4: =K208*K224 -> 310986 | L4: =L208*L224 -> 299052 | ... N4: =N208*N224 -> 289926 | O4: 297605.01 | P4: 309443.89 | Q4: 255719.86 | R4: 248453.23 | S4: 258577.52 | T4: 237267.53 | U4: 252453.96 | V4: 269436.63 | W4: 271477.82 | X4: =X224*X208 -> 314028 | Y4: =Y224*Y208 -> 307476 | Z4: =Z224*Z208 -> 332280 | AA4: =AA12/$Z$17 -> 360211.08 | AB4: =AB12/$Z$17 -> 380095.41 | AC4: =AC12/$Z$17 -> 404918.54 | AD4: =AD12/$Z$17 -> 428780.29 | AE4: =AE12/$Z$17 -> 456960.97 | AF4: =AF12/$Z$17 -> 484451.25 | AG4: =AG12/$Z$17 -> 517330.25 | AH4: =AH12/$Z$17 -> 558849 | ... BC4: =BC12/$Z$17 -> 924961.03
A5: Imports
A6: Total Supply
A7: Domestic Use
A8: Biodiesel
A9: Renewable Biodiesel
A10: Biodiesel
A11: Non-Biodiesel
A12: Exports | E12: ='[2]Canada Tallow Exports'!I$289 -> 227098 | F12: ='[2]Canada Tallow Exports'!J$289 -> 252480 | G12: ='[2]Canada Tallow Exports'!K$289 -> 245241 | H12: ='[2]Canada Tallow Exports'!L$289 -> 173435 | I12: ='[2]Canada Tallow Exports'!M$289 -> 289432 | J12: ='[2]Canada Tallow Exports'!N$289 -> 230654 | K12: ='[2]Canada Tallow Exports'!O$289 -> 237722 | L12: ='[2]Canada Tallow Exports'!P$289 -> 207846 | ... Z12: ='[2]Canada Tallow Exports'!AD$289 -> 237072 | AA12: 257000 | AB12: 271186.89 | AC12: 288897.46 | AD12: 305922.12 | AE12: 326028.2 | AF12: 345641.71 | AG12: 369099.91 | AH12: 398722.32 | AI12: 420429.38 | AJ12: 442727.17 | AK12: 465965.97 | AL12: 489685.34 | AM12: 514097.5 | AN12: 538667.32 | AO12: 562375.37 | AP12: 586419 | AQ12: 610754.88 | AR12: 635272.91 | AS12: 659922.47 | AT12: 659923.47 | AU12: 659924.47 | AV12: 659925.47 | AW12: 659926.47 | AX12: 659927.47 | AY12: 659928.47 | AZ12: 659929.47 | BA12: 659930.47 | BB12: 659931.47 | BC12: 659932.47
A13: Total Use
A14: Carryout (September 30)
A15: Stocks-to-Usage
A16: Average Price (cents per pound)
A17: Bold Numbers are The Jacobsen Estimates and Forecasts | Q17: =Q12/Q4 -> 0.63302866 | R17: =R12/R4 -> 0.55657154 | S17: =S12/S4 -> 0.49927387 | T17: =T12/T4 -> 0.54285557 | U17: =U12/U4 -> 0.62628845 | V17: =V12/V4 -> 0.54155591 | W17: =W12/W4 -> 0.62538811 | X17: =X12/X4 -> 0.62671482 | ... BC17: =BC12/BC4 -> 0.71347057
A19: INEDIBLE TALLOW PRODUCTION (tonnes)
B20: =B2 -> 97/98 | C20: =C2 -> 98/99 | D20: =D2 -> 99/00 | E20: =E2 -> 00/01 | F20: =F2 -> 01/02 | G20: =G2 -> 02/03 | H20: =H2 -> 03/04 | I20: =I2 -> 04/05 | ... BC20: =BC2 -> 50/51
A21: October | B21: ='[3]Canada Inedible Tallow'!G30 -> 16.437482 | C21: ='[3]Canada Inedible Tallow'!H30 -> 17.200028 | D21: ='[3]Canada Inedible Tallow'!I30 -> 16.145835 | E21: ='[3]Canada Inedible Tallow'!J30 -> 17.324518 | F21: ='[3]Canada Inedible Tallow'!K30 -> 18.969421 | G21: ='[3]Canada Inedible Tallow'!L30 -> 17.683829 | H21: ='[3]Canada Inedible Tallow'!M30 -> 18.465742 | I21: ='[3]Canada Inedible Tallow'!N30 -> 18.820609 | ... BC21: ='[3]Canada Inedible Tallow'!BH30 -> 29.834835
A22: November | B22: ='[3]Canada Inedible Tallow'!G31 -> 15.50278 | C22: ='[3]Canada Inedible Tallow'!H31 -> 15.731273 | D22: ='[3]Canada Inedible Tallow'!I31 -> 15.584377 | E22: ='[3]Canada Inedible Tallow'!J31 -> 17.004582 | F22: ='[3]Canada Inedible Tallow'!K31 -> 17.71248 | G22: ='[3]Canada Inedible Tallow'!L31 -> 16.645563 | H22: ='[3]Canada Inedible Tallow'!M31 -> 17.100357 | I22: ='[3]Canada Inedible Tallow'!N31 -> 15.201484 | ... BC22: ='[3]Canada Inedible Tallow'!BH31 -> 29.818614
A23: December | B23: ='[3]Canada Inedible Tallow'!G32 -> 15.535965 | C23: ='[3]Canada Inedible Tallow'!H32 -> 15.994896 | D23: ='[3]Canada Inedible Tallow'!I32 -> 15.31152 | E23: ='[3]Canada Inedible Tallow'!J32 -> 17.94306 | F23: ='[3]Canada Inedible Tallow'!K32 -> 16.461306 | G23: ='[3]Canada Inedible Tallow'!L32 -> 16.401265 | H23: ='[3]Canada Inedible Tallow'!M32 -> 15.982722 | I23: ='[3]Canada Inedible Tallow'!N32 -> 17.132844 | ... BC23: ='[3]Canada Inedible Tallow'!BH32 -> 29.181875
A24: January | B24: ='[3]Canada Inedible Tallow'!H21 -> 15.795834 | C24: ='[3]Canada Inedible Tallow'!I21 -> 16.124846 | D24: ='[3]Canada Inedible Tallow'!J21 -> 15.682181 | E24: ='[3]Canada Inedible Tallow'!K21 -> 17.107073 | F24: ='[3]Canada Inedible Tallow'!L21 -> 18.033619 | G24: ='[3]Canada Inedible Tallow'!M21 -> 17.672938 | H24: ='[3]Canada Inedible Tallow'!N21 -> 17.370639 | I24: ='[3]Canada Inedible Tallow'!O21 -> 17.5862 | ... BC24: ='[3]Canada Inedible Tallow'!BI21 -> 0
A25: February | B25: ='[3]Canada Inedible Tallow'!H22 -> 15.499931 | C25: ='[3]Canada Inedible Tallow'!I22 -> 15.647345 | D25: ='[3]Canada Inedible Tallow'!J22 -> 16.641988 | E25: ='[3]Canada Inedible Tallow'!K22 -> 15.694457 | F25: ='[3]Canada Inedible Tallow'!L22 -> 17.017562 | G25: ='[3]Canada Inedible Tallow'!M22 -> 15.674409 | H25: ='[3]Canada Inedible Tallow'!N22 -> 17.237242 | I25: ='[3]Canada Inedible Tallow'!O22 -> 16.831452 | ... BC25: ='[3]Canada Inedible Tallow'!BI22 -> 0
A26: March | B26: ='[3]Canada Inedible Tallow'!H23 -> 17.070906 | C26: ='[3]Canada Inedible Tallow'!I23 -> 17.226771 | D26: ='[3]Canada Inedible Tallow'!J23 -> 17.276527 | E26: ='[3]Canada Inedible Tallow'!K23 -> 16.063467 | F26: ='[3]Canada Inedible Tallow'!L23 -> 16.018162 | G26: ='[3]Canada Inedible Tallow'!M23 -> 16.764516 | H26: ='[3]Canada Inedible Tallow'!N23 -> 19.464396 | I26: ='[3]Canada Inedible Tallow'!O23 -> 18.567941 | ... BC26: ='[3]Canada Inedible Tallow'!BI23 -> 0
A27: April | B27: ='[3]Canada Inedible Tallow'!H24 -> 16.640502 | C27: ='[3]Canada Inedible Tallow'!I24 -> 16.917183 | D27: ='[3]Canada Inedible Tallow'!J24 -> 14.210477 | E27: ='[3]Canada Inedible Tallow'!K24 -> 14.800761 | F27: ='[3]Canada Inedible Tallow'!L24 -> 16.556728 | G27: ='[3]Canada Inedible Tallow'!M24 -> 16.714965 | H27: ='[3]Canada Inedible Tallow'!N24 -> 17.011047 | I27: ='[3]Canada Inedible Tallow'!O24 -> 16.905225 | ... BC27: ='[3]Canada Inedible Tallow'!BI24 -> 0
A28: May | B28: ='[3]Canada Inedible Tallow'!H25 -> 16.005656 | C28: ='[3]Canada Inedible Tallow'!I25 -> 17.022128 | D28: ='[3]Canada Inedible Tallow'!J25 -> 17.500482 | E28: ='[3]Canada Inedible Tallow'!K25 -> 17.032118 | F28: ='[3]Canada Inedible Tallow'!L25 -> 17.828187 | G28: ='[3]Canada Inedible Tallow'!M25 -> 17.639904 | H28: ='[3]Canada Inedible Tallow'!N25 -> 18.240621 | I28: ='[3]Canada Inedible Tallow'!O25 -> 17.5862 | ... BC28: ='[3]Canada Inedible Tallow'!BI25 -> 0
A29: June | B29: ='[3]Canada Inedible Tallow'!H26 -> 17.017106 | C29: ='[3]Canada Inedible Tallow'!I26 -> 16.927677 | D29: ='[3]Canada Inedible Tallow'!J26 -> 16.508682 | E29: ='[3]Canada Inedible Tallow'!K26 -> 15.394636 | F29: ='[3]Canada Inedible Tallow'!L26 -> 15.524014 | G29: ='[3]Canada Inedible Tallow'!M26 -> 17.634399 | H29: ='[3]Canada Inedible Tallow'!N26 -> 18.060825 | I29: ='[3]Canada Inedible Tallow'!O26 -> 18.953827 | ... BC29: ='[3]Canada Inedible Tallow'!BI26 -> 0
A30: July | B30: ='[3]Canada Inedible Tallow'!H27 -> 16.489861 | C30: ='[3]Canada Inedible Tallow'!I27 -> 16.974903 | D30: ='[3]Canada Inedible Tallow'!J27 -> 15.436897 | E30: ='[3]Canada Inedible Tallow'!K27 -> 16.265269 | F30: ='[3]Canada Inedible Tallow'!L27 -> 17.51171 | G30: ='[3]Canada Inedible Tallow'!M27 -> 18.597877 | H30: ='[3]Canada Inedible Tallow'!N27 -> 17.190843 | I30: ='[3]Canada Inedible Tallow'!O27 -> 17.495404 | ... BC30: ='[3]Canada Inedible Tallow'!BI27 -> 0
A31: August | B31: ='[3]Canada Inedible Tallow'!H28 -> 15.41923 | C31: ='[3]Canada Inedible Tallow'!I28 -> 17.273997 | D31: ='[3]Canada Inedible Tallow'!J28 -> 17.415166 | E31: ='[3]Canada Inedible Tallow'!K28 -> 17.695183 | F31: ='[3]Canada Inedible Tallow'!L28 -> 17.989201 | G31: ='[3]Canada Inedible Tallow'!M28 -> 16.885639 | H31: ='[3]Canada Inedible Tallow'!N28 -> 18.049225 | I31: ='[3]Canada Inedible Tallow'!O28 -> 20.338478 | ... BC31: ='[3]Canada Inedible Tallow'!BI28 -> 0
A32: September | B32: ='[3]Canada Inedible Tallow'!H29 -> 16.134777 | C32: ='[3]Canada Inedible Tallow'!I29 -> 16.943419 | D32: ='[3]Canada Inedible Tallow'!J29 -> 16.055439 | E32: ='[3]Canada Inedible Tallow'!K29 -> 16.103827 | F32: ='[3]Canada Inedible Tallow'!L29 -> 16.390161 | G32: ='[3]Canada Inedible Tallow'!M29 -> 17.766533 | H32: ='[3]Canada Inedible Tallow'!N29 -> 18.020226 | I32: ='[3]Canada Inedible Tallow'!O29 -> 19.544006 | ... BC32: ='[3]Canada Inedible Tallow'!BI29 -> 0
A33: Total | B33: =SUM(B21:B32) -> 193.55003 | C33: =SUM(C21:C32) -> 199.98446 | D33: =SUM(D21:D32) -> 193.76957 | E33: =SUM(E21:E32) -> 198.42895 | F33: =SUM(F21:F32) -> 206.01255 | G33: =SUM(G21:G32) -> 206.08184 | H33: =SUM(H21:H32) -> 212.19388 | I33: =SUM(I21:I32) -> 214.96367 | ... BC33: =SUM(BC21:BC32) -> 88.835324
E34: =E4/E33 -> 1489.4097 | F34: =F4/F33 -> 1433.4467 | G34: =G4/G33 -> 1473.8417 | H34: =H4/H33 -> 1327.7291 | I34: =I4/I33 -> 1632.8341 | J34: =J4/J33 -> 1580.658 | K34: =K4/K33 -> 1372.2162 | L34: =L4/L33 -> 1321.6227 | ... V34: =V4/V33 -> 877.936
A35: INEDIBLE TALLOW IMPORTS (tonnes)
B36: =B20 -> 97/98 | C36: =C20 -> 98/99 | D36: =D20 -> 99/00 | E36: =E20 -> 00/01 | F36: =F20 -> 01/02 | G36: =G20 -> 02/03 | H36: =H20 -> 03/04 | I36: =I20 -> 04/05 | ... BC36: =BC20 -> 50/51
A37: October | B37: ='[3]Canada Inedible Tallow'!$G$44 -> 2.69
A38: November
A39: December
A40: January
A41: February
A42: March
A43: April
A44: May
A45: June
A46: July
A47: August
A48: September
A49: Total
A51: INEDIBLE TALLOW EXPORTS (tonnes)
B52: =B36 -> 97/98 | C52: =C36 -> 98/99 | D52: =D36 -> 99/00 | E52: =E36 -> 00/01 | F52: =F36 -> 01/02 | G52: =G36 -> 02/03 | H52: =H36 -> 03/04 | I52: =I36 -> 04/05 | ... BC52: =BC36 -> 50/51
A53: October | B53: ='[3]Canada Inedible Tallow'!G62 -> 14.168 | C53: ='[3]Canada Inedible Tallow'!H62 -> 13.2 | D53: ='[3]Canada Inedible Tallow'!I62 -> 22.948 | E53: ='[3]Canada Inedible Tallow'!J62 -> 28.877 | F53: ='[3]Canada Inedible Tallow'!K62 -> 19.081 | G53: ='[3]Canada Inedible Tallow'!L62 -> 9.34 | H53: ='[3]Canada Inedible Tallow'!M62 -> 6.721 | I53: ='[3]Canada Inedible Tallow'!N62 -> 20.962 | ... AJ53: ='[3]Canada Inedible Tallow'!AO62 -> 7.1485064
A54: November | B54: ='[3]Canada Inedible Tallow'!G63 -> 21.594 | C54: ='[3]Canada Inedible Tallow'!H63 -> 24.048 | D54: ='[3]Canada Inedible Tallow'!I63 -> 10.693 | E54: ='[3]Canada Inedible Tallow'!J63 -> 17.355 | F54: ='[3]Canada Inedible Tallow'!K63 -> 20.749 | G54: ='[3]Canada Inedible Tallow'!L63 -> 10.543 | H54: ='[3]Canada Inedible Tallow'!M63 -> 22.789 | I54: ='[3]Canada Inedible Tallow'!N63 -> 17.258 | ... AJ54: ='[3]Canada Inedible Tallow'!AO63 -> 7.8715052
A55: December | B55: ='[3]Canada Inedible Tallow'!G64 -> 12.805 | C55: ='[3]Canada Inedible Tallow'!H64 -> 24.959 | D55: ='[3]Canada Inedible Tallow'!I64 -> 24.955 | E55: ='[3]Canada Inedible Tallow'!J64 -> 13.337 | F55: ='[3]Canada Inedible Tallow'!K64 -> 23.518 | G55: ='[3]Canada Inedible Tallow'!L64 -> 27.479 | H55: ='[3]Canada Inedible Tallow'!M64 -> 0.372 | I55: ='[3]Canada Inedible Tallow'!N64 -> 13.005 | ... AJ55: ='[3]Canada Inedible Tallow'!AO64 -> 7.5539686
A56: January | B56: ='[3]Canada Inedible Tallow'!H53 -> 7.679 | C56: ='[3]Canada Inedible Tallow'!I53 -> 13.535 | D56: ='[3]Canada Inedible Tallow'!J53 -> 12.3 | E56: ='[3]Canada Inedible Tallow'!K53 -> 17.048 | F56: ='[3]Canada Inedible Tallow'!L53 -> 17.886 | G56: ='[3]Canada Inedible Tallow'!M53 -> 14.336 | H56: ='[3]Canada Inedible Tallow'!N53 -> 29.174 | I56: ='[3]Canada Inedible Tallow'!O53 -> 12.453 | ... AJ56: ='[3]Canada Inedible Tallow'!AP53 -> 5.3490258
A57: February | B57: ='[3]Canada Inedible Tallow'!H54 -> 16.966 | C57: ='[3]Canada Inedible Tallow'!I54 -> 24.12 | D57: ='[3]Canada Inedible Tallow'!J54 -> 21.38 | E57: ='[3]Canada Inedible Tallow'!K54 -> 11.214 | F57: ='[3]Canada Inedible Tallow'!L54 -> 19.032 | G57: ='[3]Canada Inedible Tallow'!M54 -> 15.087 | H57: ='[3]Canada Inedible Tallow'!N54 -> 9.131 | I57: ='[3]Canada Inedible Tallow'!O54 -> 16.57 | ... AJ57: ='[3]Canada Inedible Tallow'!AP54 -> 7.4757474
A58: March | B58: ='[3]Canada Inedible Tallow'!H55 -> 27.807 | C58: ='[3]Canada Inedible Tallow'!I55 -> 21.989 | D58: ='[3]Canada Inedible Tallow'!J55 -> 11.979 | E58: ='[3]Canada Inedible Tallow'!K55 -> 28.958 | F58: ='[3]Canada Inedible Tallow'!L55 -> 15.372 | G58: ='[3]Canada Inedible Tallow'!M55 -> 25.824 | H58: ='[3]Canada Inedible Tallow'!N55 -> 24.568 | I58: ='[3]Canada Inedible Tallow'!O55 -> 7.817 | ... AJ58: ='[3]Canada Inedible Tallow'!AP55 -> 6.3988396
A59: April | B59: ='[3]Canada Inedible Tallow'!H56 -> 22.176 | C59: ='[3]Canada Inedible Tallow'!I56 -> 11.385 | D59: ='[3]Canada Inedible Tallow'!J56 -> 24.501 | E59: ='[3]Canada Inedible Tallow'!K56 -> 22.477 | F59: ='[3]Canada Inedible Tallow'!L56 -> 28.402 | G59: ='[3]Canada Inedible Tallow'!M56 -> 15.483 | H59: ='[3]Canada Inedible Tallow'!N56 -> 24.745 | I59: ='[3]Canada Inedible Tallow'!O56 -> 19.433 | ... AJ59: ='[3]Canada Inedible Tallow'!AP56 -> 4.7377676
A60: May | B60: ='[3]Canada Inedible Tallow'!H57 -> 17.813 | C60: ='[3]Canada Inedible Tallow'!I57 -> 25.761 | D60: ='[3]Canada Inedible Tallow'!J57 -> 22.963 | E60: ='[3]Canada Inedible Tallow'!K57 -> 17.718 | F60: ='[3]Canada Inedible Tallow'!L57 -> 19.768 | G60: ='[3]Canada Inedible Tallow'!M57 -> 5.93 | H60: ='[3]Canada Inedible Tallow'!N57 -> 22.912 | I60: ='[3]Canada Inedible Tallow'!O57 -> 16.604 | ... AJ60: ='[3]Canada Inedible Tallow'!AP57 -> 4.6614015
A61: June | B61: ='[3]Canada Inedible Tallow'!H58 -> 19.417 | C61: ='[3]Canada Inedible Tallow'!I58 -> 30.379 | D61: ='[3]Canada Inedible Tallow'!J58 -> 25.101 | E61: ='[3]Canada Inedible Tallow'!K58 -> 20.58 | F61: ='[3]Canada Inedible Tallow'!L58 -> 21.205 | G61: ='[3]Canada Inedible Tallow'!M58 -> 14.445 | H61: ='[3]Canada Inedible Tallow'!N58 -> 28.794 | I61: ='[3]Canada Inedible Tallow'!O58 -> 25.498 | ... AJ61: ='[3]Canada Inedible Tallow'!AP58 -> 5.5251881
A62: July | B62: ='[3]Canada Inedible Tallow'!H59 -> 15.124 | C62: ='[3]Canada Inedible Tallow'!I59 -> 22.929 | D62: ='[3]Canada Inedible Tallow'!J59 -> 11.021 | E62: ='[3]Canada Inedible Tallow'!K59 -> 13.266 | F62: ='[3]Canada Inedible Tallow'!L59 -> 21.302 | G62: ='[3]Canada Inedible Tallow'!M59 -> 16.038 | H62: ='[3]Canada Inedible Tallow'!N59 -> 27.006 | I62: ='[3]Canada Inedible Tallow'!O59 -> 31.844 | ... AJ62: ='[3]Canada Inedible Tallow'!AP59 -> 4.9503697
A63: August | B63: ='[3]Canada Inedible Tallow'!H60 -> 19.039 | C63: ='[3]Canada Inedible Tallow'!I60 -> 14.285 | D63: ='[3]Canada Inedible Tallow'!J60 -> 19.807 | E63: ='[3]Canada Inedible Tallow'!K60 -> 29.912 | F63: ='[3]Canada Inedible Tallow'!L60 -> 15.611 | G63: ='[3]Canada Inedible Tallow'!M60 -> 21.279 | H63: ='[3]Canada Inedible Tallow'!N60 -> 15.492 | I63: ='[3]Canada Inedible Tallow'!O60 -> 15.959 | ... AJ63: ='[3]Canada Inedible Tallow'!AP60 -> 5.5380053
A64: September | B64: ='[3]Canada Inedible Tallow'!H61 -> 15.405 | C64: ='[3]Canada Inedible Tallow'!I61 -> 31.308 | D64: ='[3]Canada Inedible Tallow'!J61 -> 18.476 | E64: ='[3]Canada Inedible Tallow'!K61 -> 27.961 | F64: ='[3]Canada Inedible Tallow'!L61 -> 39.301 | G64: ='[3]Canada Inedible Tallow'!M61 -> 15.128 | H64: ='[3]Canada Inedible Tallow'!N61 -> 56.384 | I64: ='[3]Canada Inedible Tallow'!O61 -> 20.383 | ... AJ64: ='[3]Canada Inedible Tallow'!AP61 -> 5.3305452
A65: Total | B65: =SUM(B53:B64) -> 209.993 | C65: =SUM(C53:C64) -> 257.898 | D65: =SUM(D53:D64) -> 226.124 | E65: =SUM(E53:E64) -> 248.703 | F65: =SUM(F53:F64) -> 261.227 | G65: =SUM(G53:G64) -> 190.912 | H65: =SUM(H53:H64) -> 268.088 | I65: =SUM(I53:I64) -> 217.786 | ... AJ65: =SUM(AJ53:AJ64) -> 72.54087
A67: INEDIBLE TALLOW DOMESTIC USAGE (tonnes)
B68: =B52 -> 97/98 | C68: =C52 -> 98/99 | D68: =D52 -> 99/00 | E68: =E52 -> 00/01 | F68: =F52 -> 01/02 | G68: =G52 -> 02/03 | H68: =H52 -> 03/04 | I68: =I52 -> 04/05 | ... BC68: =BC52 -> 50/51
A69: October
A70: November
A71: December
A72: January
A73: February
A74: March
A75: April
A76: May
A77: June
A78: July
A79: August
A80: September
... A83: INEDIBLE TALLOW TOTAL BIODIESEL USAGE (tonnes)
B84: =B68 -> 97/98 | C84: =C68 -> 98/99 | D84: =D68 -> 99/00 | E84: =E68 -> 00/01 | F84: =F68 -> 01/02 | G84: =G68 -> 02/03 | H84: =H68 -> 03/04 | I84: =I68 -> 04/05 | ... BC84: =BC68 -> 50/51
A85: October
A86: November
A87: December
A88: January
A89: February
A90: March
A91: April
A92: May
A93: June
A94: July
A95: August
A96: September
... A99: INEDIBLE TALLOW RENEWABLE BIODIESEL USAGE (tonnes)
B100: =B84 -> 97/98 | C100: =C84 -> 98/99 | D100: =D84 -> 99/00 | E100: =E84 -> 00/01 | F100: =F84 -> 01/02 | G100: =G84 -> 02/03 | H100: =H84 -> 03/04 | I100: =I84 -> 04/05 | ... BC100: =BC84 -> 50/51
A101: October
A102: November
A103: December
A104: January
A105: February
A106: March
A107: April
...

Sheet Australia Tallow
A1: AUSTRALIA INEDIBLE TALLOW SUPPLY AND DEMAND (tonnes)
B2: 2000 | C2: 2001 | D2: 2002 | E2: 2003 | F2: 2004 | G2: 2005 | H2: 2006 | I2: 2007 | J2: 2008 | K2: 2009 | L2: 2010 | M2: 2011 | N2: 2012 | O2: 2013 | P2: 2014 | Q2: 2015 | R2: 2016 | S2: 2017 | T2: 2018 | U2: 2019 | V2: 2020 | W2: 2021 | X2: 2022 | Y2: 2023 | Z2: 2024 | AA2: 2025 | AB2: 2026 | AC2: 2027 | AD2: 2028 | AE2: 2029 | AF2: 2030 | AG2: 2031 | AH2: 2032 | AI2: 2033 | AJ2: 2034 | AK2: 2035 | AL2: 2036 | AM2: 2037 | AN2: 2038 | AO2: 2039 | AP2: 2040 | AQ2: 2041
A3: Carryin (October 1)
A4: Production | B4: =B208*B224 -> 482455 | C4: =C208*C224 -> 488565 | D4: =D208*D224 -> 491150 | E4: =E208*E224 -> 469530 | F4: =F208*F224 -> 496555 | G4: =G208*G224 -> 491150 | H4: =H208*H224 -> 514180 | I4: =I208*I224 -> 509715 | ... K4: =K208*K224 -> 494910 | L4: 526351.5 | M4: 523875 | N4: 506539.5 | O4: 546100 | P4: 629539 | Q4: 614362.5 | R4: 497141.5 | S4: 481012.5 | T4: 501650 | U4: =U224*U208 -> 571520 | V4: =V224*V208 -> 499375 | W4: =W224*W208 -> 443680 | X4: =X224*X208 -> 497025 | Y4: =Y224*Y208 -> 533920 | Z4: =Z224*Z208 -> 535330 | AA4: =AA224*AA208 -> 537680 | AB4: =AB224*AB208 -> 539325 | ... AQ4: =AQ224*AQ208 -> 582800
A5: Imports
A6: Total Supply
A7: Domestic Use
A8: Biodiesel
A9: Renewable Biodiesel
A10: Biodiesel
A11: Non-Biodiesel
A12: Exports | B12: 384099 | C12: 414962 | D12: 340901 | E12: 384758 | F12: 396129 | G12: ='[2]Australia Tallow Exports'!N$289 -> 375786 | H12: ='[2]Australia Tallow Exports'!O$289 -> 364206 | I12: ='[2]Australia Tallow Exports'!P$289 -> 361858 | J12: ='[2]Australia Tallow Exports'!Q$289 -> 372400 | K12: ='[2]Australia Tallow Exports'!R$289 -> 344354 | L12: ='[2]Australia Tallow Exports'!S$289 -> 352354 | M12: ='[2]Australia Tallow Exports'!T$289 -> 364578 | N12: ='[2]Australia Tallow Exports'!U$289 -> 360842 | ... X12: ='[2]Australia Tallow Exports'!AE$289 -> 447604 | Y12: =(SUM(S12:X12)/SUM(S4:X4))*Y4 -> 451682.4 | Z12: =(SUM(T12:Y12)/SUM(T4:Y4))*Z4 -> 450427.29 | AA12: =(SUM(U12:Z12)/SUM(U4:Z4))*AA4 -> 449105.55 | AB12: =(SUM(V12:AA12)/SUM(V4:AA4))*AB4 -> 463920.33 | AC12: =(SUM(W12:AB12)/SUM(W4:AB4))*AC4 -> 467062.47 | AD12: =(SUM(X12:AC12)/SUM(X4:AC4))*AD4 -> 468454.96 | AE12: =(SUM(Y12:AD12)/SUM(Y4:AD4))*AE4 -> 466564.43 | AF12: =(SUM(Z12:AE12)/SUM(Z4:AE4))*AF4 -> 467918.29 | ... AQ12: =(SUM(AK12:AP12)/SUM(AK4:AP4))*AQ4 -> 497101.87
A13: Total Use
A14: Carryout (September 30)
A15: Stocks-to-Usage
A16: Average Price (cents per pound)
A17: Bold Numbers are The Jacobsen Estimates and Forecasts | N17: =N12/N4 -> 0.71236695 | O17: =O12/O4 -> 0.78510529 | P17: =P12/P4 -> 0.72978481 | Q17: =Q12/Q4 -> 0.76516714 | R17: =R12/R4 -> 0.87443515 | S17: =S12/S4 -> 0.87494192 | T17: =T12/T4 -> 0.87908303 | U17: =U12/U4 -> 0.70239887 | ... AQ17: =AQ12/AQ4 -> 0.85295448
A19: INEDIBLE TALLOW PRODUCTION (tonnes)
B20: =B2 -> 2000 | C20: =C2 -> 2001 | D20: =D2 -> 2002 | E20: =E2 -> 2003 | F20: =F2 -> 2004 | G20: =G2 -> 2005 | H20: =H2 -> 2006 | I20: =I2 -> 2007 | ... AQ20: =AQ2 -> 2041
A21: October
A22: November
A23: December
A24: January
A25: February
A26: March
A27: April
A28: May
A29: June
A30: July
A31: August
A32: September
... A35: INEDIBLE TALLOW IMPORTS (tonnes)
B36: =B20 -> 2000 | C36: =C20 -> 2001 | D36: =D20 -> 2002 | E36: =E20 -> 2003 | F36: =F20 -> 2004 | G36: =G20 -> 2005 | H36: =H20 -> 2006 | I36: =I20 -> 2007 | ... AQ36: =AQ20 -> 2041
A37: October
A38: November
A39: December
A40: January
A41: February
A42: March
A43: April
A44: May
A45: June
A46: July
A47: August
A48: September
... A51: INEDIBLE TALLOW EXPORTS (tonnes)
B52: =B36 -> 2000 | C52: =C36 -> 2001 | D52: =D36 -> 2002 | E52: =E36 -> 2003 | F52: =F36 -> 2004 | G52: =G36 -> 2005 | H52: =H36 -> 2006 | I52: =I36 -> 2007 | ... AQ52: =AQ36 -> 2041
A53: October
A54: November
A55: December
A56: January
A57: February
A58: March
A59: April
A60: May
A61: June
A62: July
A63: August
A64: September
... A67: INEDIBLE TALLOW DOMESTIC USAGE (tonnes)
B68: =B52 -> 2000 | C68: =C52 -> 2001 | D68: =D52 -> 2002 | E68: =E52 -> 2003 | F68: =F52 -> 2004 | G68: =G52 -> 2005 | H68: =H52 -> 2006 | I68: =I52 -> 2007 | ... AQ68: =AQ52 -> 2041
A69: October
A70: November
A71: December
A72: January
A73: February
A74: March
A75: April
A76: May
A77: June
A78: July
A79: August
A80: September
... A83: INEDIBLE TALLOW TOTAL BIODIESEL USAGE (tonnes)
B84: =B68 -> 2000 | C84: =C68 -> 2001 | D84: =D68 -> 2002 | E84: =E68 -> 2003 | F84: =F68 -> 2004 | G84: =G68 -> 2005 | H84: =H68 -> 2006 | I84: =I68 -> 2007 | ... AQ84: =AQ68 -> 2041
A85: October
A86: November
A87: December
A88: January
A89: February
A90: March
A91: April
A92: May
A93: June
A94: July
A95: August
A96: September
... A99: INEDIBLE TALLOW RENEWABLE BIODIESEL USAGE (tonnes)
B100: =B84 -> 2000 | C100: =C84 -> 2001 | D100: =D84 -> 2002 | E100: =E84 -> 2003 | F100: =F84 -> 2004 | G100: =G84 -> 2005 | H100: =H84 -> 2006 | I100: =I84 -> 2007 | ... AQ100: =AQ84 -> 2041
A101: October
A102: November
A103: December
A104: January
A105: February
A106: March
A107: April
A108: May
A109: June
A110: July
A111: August
...

Sheet New Zealand Tallow
A1: NEW ZEALAND INEDIBLE TALLOW SUPPLY AND DEMAND (tonnes)
B2: 2000 | C2: 2001 | D2: 2002 | E2: 2003 | F2: 2004 | G2: 2005 | H2: 2006 | I2: 2007 | J2: 2008 | K2: 2009 | L2: 2010 | M2: 2011 | N2: 2012 | O2: 2013 | P2: 2014 | Q2: 2015 | R2: 2016 | S2: 2017 | T2: 2018 | U2: 2019 | V2: 2020 | W2: 2021 | X2: 2022 | Y2: 2023 | Z2: 2024 | AA2: 2025 | AB2: 2026 | AC2: 2027 | AD2: 2028 | AE2: 2029 | AF2: 2030 | AG2: 2031 | AH2: 2032 | AI2: 2033 | AJ2: 2034 | AK2: 2035 | AL2: 2036 | AM2: 2037 | AN2: 2038 | AO2: 2039 | AP2: 2040 | AQ2: 2041
A3: Carryin (October 1)
A4: Production | B4: =B208*B224 -> 244601 | C4: =C208*C224 -> 242917 | D4: =D208*D224 -> 247548 | E4: =E208*E224 -> 286701 | F4: =F208*F224 -> 293437 | G4: =G208*G224 -> 278281 | H4: =H208*H224 -> 272808 | I4: =I208*I224 -> 255547 | ... K4: =K208*K224 -> 262283 | L4: 253428.5 | M4: 250126.5 | N4: 251269.5 | O4: 272478.5 | P4: 293751 | Q4: 307276.5 | R4: 279400 | S4: 267335 | T4: 269875 | U4: =U208*U224 -> 276176 | V4: =V208*V224 -> 281649 | W4: =W208*W224 -> 280807 | X4: =X208*X224 -> 279544 | Y4: =Y208*Y224 -> 277860 | Z4: =Z208*Z224 -> 279544 | AA4: =AA208*AA224 -> 282070 | AB4: =AB208*AB224 -> 283754 | ... AQ4: =AQ208*AQ224 -> 293437
A5: Imports
A6: Total Supply
A7: Domestic Use
A8: Biodiesel
A9: Renewable Biodiesel
A10: Biodiesel
A11: Non-Biodiesel
A12: Exports | B12: 117421 | C12: 125045 | D12: ='[2]New Zealand Tallow Exports'!K$289 -> 115185 | E12: ='[2]New Zealand Tallow Exports'!L$289 -> 137665 | F12: ='[2]New Zealand Tallow Exports'!M$289 -> 145189 | G12: ='[2]New Zealand Tallow Exports'!N$289 -> 145309 | H12: ='[2]New Zealand Tallow Exports'!O$289 -> 165059 | I12: ='[2]New Zealand Tallow Exports'!P$289 -> 136746 | J12: ='[2]New Zealand Tallow Exports'!Q$289 -> 159791 | K12: ='[2]New Zealand Tallow Exports'!R$289 -> 136637 | ... T12: ='[2]New Zealand Tallow Exports'!AA$289 -> 147531 | U12: ='[2]New Zealand Tallow Exports'!AB$290 -> 116716 | V12: ='[2]New Zealand Tallow Exports'!AC$290 -> 115560 | W12: ='[2]New Zealand Tallow Exports'!AD$290 -> 149906 | X12: ='[2]New Zealand Tallow Exports'!AE$290 -> 117494 | Y12: =(SUM(O12:X12)/SUM(O4:X4)*Y4)+20000 -> 151864.8 | Z12: =(SUM(P12:Y12)/SUM(P4:Y4)*Z4)+15000 -> 150327.89 | AA12: =(SUM(Q12:Z12)/SUM(Q4:Z4)*AA4)+10000 -> 148850.9 | AB12: =(SUM(R12:AA12)/SUM(R4:AA4)*AB4)+10000 -> 151792.17 | AC12: =(SUM(S12:AB12)/SUM(S4:AB4)*AC4)+10000 -> 151021.34 | AD12: =(SUM(T12:AC12)/SUM(T4:AC4)*AD4)+10000 -> 153016.67 | AE12: =(SUM(U12:AD12)/SUM(U4:AD4)*AE4)+5000 -> 148413.74 | AF12: =(SUM(V12:AE12)/SUM(V4:AE4)*AF4)+5000 -> 151313.37 | AG12: =(SUM(W12:AF12)/SUM(W4:AF4)*AG4) -> 150318.68 | AH12: =(SUM(X12:AG12)/SUM(X4:AG4)*AH4) -> 149521.08 | AI12: =(SUM(Y12:AH12)/SUM(Y4:AH4)*AI4) -> 152339.2 | AJ12: =(SUM(Z12:AI12)/SUM(Z4:AI4)*AJ4) -> 151425.28 | AK12: =(SUM(AA12:AJ12)/SUM(AA4:AJ4)*AK4) -> 151378.35 | AL12: =(SUM(AB12:AK12)/SUM(AB4:AK4)*AL4) -> 152474.42 | AM12: =(SUM(AC12:AL12)/SUM(AC4:AL4)*AM4) -> 152474.09 | AN12: =(SUM(AD12:AM12)/SUM(AD4:AM4)*AN4) -> 152596.34 | ... AQ12: =(SUM(AG12:AP12)/SUM(AG4:AP4)*AQ4) -> 154258.86
A13: Total Use
A14: Carryout (September 30)
A15: Stocks-to-Usage
A16: Average Price (cents per pound)
A17: Bold Numbers are The Jacobsen Estimates and Forecasts | L17: =L12/L4 -> 0.56918223 | M17: =M12/M4 -> 0.4829996 | N17: =N12/N4 -> 0.51177322 | O17: =O12/O4 -> 0.44956942 | P17: =P12/P4 -> 0.45745206 | Q17: =Q12/Q4 -> 0.45759113 | R17: =R12/R4 -> 0.58440945 | S17: =S12/S4 -> 0.46670283 | ... AQ17: =AQ12/AQ4 -> 0.52569668
A19: INEDIBLE TALLOW PRODUCTION (Million Pounds)
B20: =B2 -> 2000 | C20: =C2 -> 2001 | D20: =D2 -> 2002 | E20: =E2 -> 2003 | F20: =F2 -> 2004 | G20: =G2 -> 2005 | H20: =H2 -> 2006 | I20: =I2 -> 2007 | ... AQ20: =AQ2 -> 2041
A21: October
A22: November
A23: December
A24: January
A25: February
A26: March
A27: April
A28: May
A29: June
A30: July
A31: August
A32: September
... A35: INEDIBLE TALLOW IMPORTS (Million Pounds)
B36: =B20 -> 2000 | C36: =C20 -> 2001 | D36: =D20 -> 2002 | E36: =E20 -> 2003 | F36: =F20 -> 2004 | G36: =G20 -> 2005 | H36: =H20 -> 2006 | I36: =I20 -> 2007 | ... AQ36: =AQ20 -> 2041
A37: October
A38: November
A39: December
A40: January
A41: February
A42: March
A43: April
A44: May
A45: June
A46: July
A47: August
A48: September
... A51: INEDIBLE TALLOW EXPORTS (Million Pounds)
B52: =B36 -> 2000 | C52: =C36 -> 2001 | D52: =D36 -> 2002 | E52: =E36 -> 2003 | F52: =F36 -> 2004 | G52: =G36 -> 2005 | H52: =H36 -> 2006 | I52: =I36 -> 2007 | ... AQ52: =AQ36 -> 2041
A53: October
A54: November
A55: December
A56: January
A57: February
A58: March
A59: April
A60: May
A61: June
A62: July
A63: August
A64: September
... A67: INEDIBLE TALLOW DOMESTIC USAGE (Million Pounds)
B68: =B52 -> 2000 | C68: =C52 -> 2001 | D68: =D52 -> 2002 | E68: =E52 -> 2003 | F68: =F52 -> 2004 | G68: =G52 -> 2005 | H68: =H52 -> 2006 | I68: =I52 -> 2007 | ... AQ68: =AQ52 -> 2041
A69: October
A70: November
A71: December
A72: January
A73: February
A74: March
A75: April
A76: May
A77: June
A78: July
A79: August
A80: September
... A83: INEDIBLE TALLOW TOTAL BIODIESEL USAGE (Million Pounds)
B84: =B68 -> 2000 | C84: =C68 -> 2001 | D84: =D68 -> 2002 | E84: =E68 -> 2003 | F84: =F68 -> 2004 | G84: =G68 -> 2005 | H84: =H68 -> 2006 | I84: =I68 -> 2007 | ... AQ84: =AQ68 -> 2041
A85: October
A86: November
A87: December
A88: January
A89: February
A90: March
A91: April
A92: May
A93: June
A94: July
A95: August
A96: September
... A99: INEDIBLE TALLOW RENEWABLE BIODIESEL USAGE (Million Pounds)
B100: =B84 -> 2000 | C100: =C84 -> 2001 | D100: =D84 -> 2002 | E100: =E84 -> 2003 | F100: =F84 -> 2004 | G100: =G84 -> 2005 | H100: =H84 -> 2006 | I100: =I84 -> 2007 | ... AQ100: =AQ84 -> 2041
A101: October
A102: November
A103: December
A104: January
A105: February
A106: March
A107: April
A108: May
A109: June
A110: July
A111: August
...

Sheet Paraguay Tallow
A1: PARAGUAY INEDIBLE TALLOW SUPPLY AND DEMAND (tonnes)
B2: 2000 | C2: 2001 | D2: 2002 | E2: 2003 | F2: 2004 | G2: 2005 | H2: 2006 | I2: 2007 | J2: 2008 | K2: 2009 | L2: 2010 | M2: 2011 | N2: 2012 | O2: 2013 | P2: 2014 | Q2: 2015 | R2: 2016 | S2: 2017 | T2: 2018 | U2: 2019 | V2: 2020 | W2: 2021 | X2: 2022 | Y2: 2023 | Z2: 2024 | AA2: 2025 | AB2: 2026 | AC2: 2027 | AD2: 2028 | AE2: 2029 | AF2: 2030 | AG2: 2031 | AH2: 2032 | AI2: 2033 | AJ2: 2034 | AK2: 2035 | AL2: 2036 | AM2: 2037 | AN2: 2038 | AO2: 2039 | AP2: 2040 | AQ2: 2041
A3: Carryin (October 1)
A4: Production | B4: =B208*B224 -> 32982 | C4: =C208*C224 -> 33396 | D4: =D208*D224 -> 36156 | E4: =E208*E224 -> 39330 | F4: =F208*F224 -> 44850 | G4: =G208*G224 -> 51060 | H4: =H208*H224 -> 55200 | I4: =I208*I224 -> 52440 | ... K4: =K208*K224 -> 69000 | L4: 75366.189 | M4: 67797.224 | N4: 69543.908 | O4: 69220.448 | P4: 72778.509 | Q4: 74557.539 | R4: 73748.889 | S4: 74395.809 | T4: 71161.208 | U4: =U224*U208 -> 77970 | V4: =V224*V208 -> 79626 | W4: =W224*W208 -> 80316 | X4: =X224*X208 -> 80868 | Y4: =Y224*Y208 -> 81420 | Z4: =Z224*Z208 -> 81972 | AA4: =AA224*AA208 -> 82524 | AB4: =AB224*AB208 -> 83490 | ... AQ4: =AQ224*AQ208 -> 97152
A5: Imports
A6: Total Supply
A7: Domestic Use
A8: Biodiesel
A9: Renewable Biodiesel
A10: Biodiesel
A11: Non-Biodiesel
A12: Exports | D12: ='[2]Paraguay Tallow Exports'!K$289 -> 694 | E12: ='[2]Paraguay Tallow Exports'!L$289 -> 0 | F12: ='[2]Paraguay Tallow Exports'!M$289 -> 607 | G12: ='[2]Paraguay Tallow Exports'!N$289 -> 3308 | H12: ='[2]Paraguay Tallow Exports'!O$289 -> 4819 | I12: ='[2]Paraguay Tallow Exports'!P$289 -> 1556 | J12: ='[2]Paraguay Tallow Exports'!Q$289 -> 6037 | K12: ='[2]Paraguay Tallow Exports'!R$289 -> 6010 | ... W12: ='[2]Paraguay Tallow Exports'!AD$289 -> 55558 | X12: =(SUM(R12:W12)/SUM(R4:W4)*X4)+10000 -> 56396.817 | Y12: =(SUM(S12:X12)/SUM(S4:X4)*Y4)+7500 -> 56873.412 | Z12: =(SUM(T12:Y12)/SUM(T4:Y4)*Z4)+5000 -> 56290.319 | AA12: =(SUM(U12:Z12)/SUM(U4:Z4)*AA4)+5000 -> 58462.731 | AB12: =(SUM(V12:AA12)/SUM(V4:AA4)*AB4)+2500 -> 58824.57 | AC12: =(SUM(W12:AB12)/SUM(W4:AB4)*AC4) -> 59234.767 | AD12: =(SUM(X12:AC12)/SUM(X4:AC4)*AD4) -> 59513.092 | AE12: =(SUM(Y12:AD12)/SUM(Y4:AD4)*AE4) -> 60017.052 | AF12: =(SUM(Z12:AE12)/SUM(Z4:AE4)*AF4) -> 61956.698 | AG12: =(SUM(AA12:AF12)/SUM(AA4:AF4)*AG4) -> 63587.958 | AH12: =(SUM(AB12:AG12)/SUM(AB4:AG4)*AH4) -> 63002.517 | AI12: =(SUM(AC12:AH12)/SUM(AC4:AH4)*AI4) -> 62457.534 | AJ12: =(SUM(AD12:AI12)/SUM(AD4:AI4)*AJ4) -> 62769.782 | ... AQ12: =(SUM(AK12:AP12)/SUM(AK4:AP4)*AQ4) -> 68003.23
A13: Total Use
A14: Carryout (September 30)
A15: Stocks-to-Usage
A16: Average Price (cents per pound)
A17: Bold Numbers are The Jacobsen Estimates and Forecasts | E17: =E12/E4 -> 0 | F17: =F12/F4 -> 0.013534002 | G17: =G12/G4 -> 0.064786526 | H17: =H12/H4 -> 0.087300725 | I17: =I12/I4 -> 0.029672006 | J17: =J12/J4 -> 0.097214171 | K17: =K12/K4 -> 0.087101449 | L17: =L12/L4 -> 0.16405234 | ... AQ17: =AQ12/AQ4 -> 0.69996737
A19: INEDIBLE TALLOW PRODUCTION (tonnes)
B20: =B2 -> 2000 | C20: =C2 -> 2001 | D20: =D2 -> 2002 | E20: =E2 -> 2003 | F20: =F2 -> 2004 | G20: =G2 -> 2005 | H20: =H2 -> 2006 | I20: =I2 -> 2007 | ... AQ20: =AQ2 -> 2041
A21: October
A22: November
A23: December
A24: January
A25: February
A26: March
A27: April
A28: May
A29: June
A30: July
A31: August
A32: September
... A35: INEDIBLE TALLOW IMPORTS (tonnes)
B36: =B20 -> 2000 | C36: =C20 -> 2001 | D36: =D20 -> 2002 | E36: =E20 -> 2003 | F36: =F20 -> 2004 | G36: =G20 -> 2005 | H36: =H20 -> 2006 | I36: =I20 -> 2007 | ... AQ36: =AQ20 -> 2041
A37: October
A38: November
A39: December
A40: January
A41: February
A42: March
A43: April
A44: May
A45: June
A46: July
A47: August
A48: September
... A51: INEDIBLE TALLOW EXPORTS (tonnes)
B52: =B36 -> 2000 | C52: =C36 -> 2001 | D52: =D36 -> 2002 | E52: =E36 -> 2003 | F52: =F36 -> 2004 | G52: =G36 -> 2005 | H52: =H36 -> 2006 | I52: =I36 -> 2007 | ... AQ52: =AQ36 -> 2041
A53: October
A54: November
A55: December
A56: January
A57: February
A58: March
A59: April
A60: May
A61: June
A62: July
A63: August
A64: September
... A67: INEDIBLE TALLOW DOMESTIC USAGE (tonnes)
B68: =B52 -> 2000 | C68: =C52 -> 2001 | D68: =D52 -> 2002 | E68: =E52 -> 2003 | F68: =F52 -> 2004 | G68: =G52 -> 2005 | H68: =H52 -> 2006 | I68: =I52 -> 2007 | ... AQ68: =AQ52 -> 2041
A69: October
A70: November
A71: December
A72: January
A73: February
A74: March
A75: April
A76: May
A77: June
A78: July
A79: August
A80: September
... A83: INEDIBLE TALLOW TOTAL BIODIESEL USAGE (tonnes)
B84: =B68 -> 2000 | C84: =C68 -> 2001 | D84: =D68 -> 2002 | E84: =E68 -> 2003 | F84: =F68 -> 2004 | G84: =G68 -> 2005 | H84: =H68 -> 2006 | I84: =I68 -> 2007 | ... AQ84: =AQ68 -> 2041
A85: October
A86: November
A87: December
A88: January
A89: February
A90: March
A91: April
A92: May
A93: June
A94: July
A95: August
A96: September
... A99: INEDIBLE TALLOW RENEWABLE BIODIESEL USAGE (tonnes)
B100: =B84 -> 2000 | C100: =C84 -> 2001 | D100: =D84 -> 2002 | E100: =E84 -> 2003 | F100: =F84 -> 2004 | G100: =G84 -> 2005 | H100: =H84 -> 2006 | I100: =I84 -> 2007 | ... AQ100: =AQ84 -> 2041
A101: October
A102: November
A103: December
A104: January
A105: February
A106: March
A107: April
A108: May
A109: June
A110: July
A111: August
...

Sheet Brazil Tallow
A1: BRAZIL INEDIBLE TALLOW SUPPLY AND DEMAND (tonnes)
B2: 2000 | C2: 2001 | D2: 2002 | E2: 2003 | F2: 2004 | G2: 2005 | H2: 2006 | I2: 2007 | J2: 2008 | K2: 2009 | L2: 2010 | M2: 2011 | N2: 2012 | O2: 2013 | P2: 2014 | Q2: 2015 | R2: 2016 | S2: 2017 | T2: 2018 | U2: 2019 | V2: 2020 | W2: 2021 | X2: 2022 | Y2: 2023 | Z2: 2024 | AA2: 2025 | AB2: 2026 | AC2: 2027 | AD2: 2028 | AE2: 2029 | AF2: 2030 | AG2: 2031 | AH2: 2032 | AI2: 2033 | AJ2: 2034 | AK2: 2035 | AL2: 2036 | AM2: 2037 | AN2: 2038 | AO2: 2039 | AP2: 2040 | AQ2: 2041 | AR2: 2042 | AS2: 2043 | AT2: 2044 | AU2: 2045 | AV2: 2046 | AW2: 2047 | AX2: 2048 | AY2: 2049 | AZ2: 2050
A3: Carryin (October 1)
A4: Production | B4: =B224*B208 -> 886720 | C4: =C224*C208 -> 937720 | D4: =D224*D208 -> 984640 | E4: =E224*E208 -> 1004360 | F4: =F224*F208 -> 1084600 | G4: =G224*G208 -> 1168512 | H4: =H224*H208 -> 1227400 | I4: =I224*I208 -> 1265208 | ... K4: =K224*K208 -> 1215160 | L4: 1255024.9 | M4: 1264728.7 | N4: 1300471.1 | O4: 1326509.6 | P4: 1353033.3 | Q4: 1240954.4 | R4: 1251790.3 | S4: 1234323.5 | T4: 1290120.4 | U4: =U224*U208 -> 1387200 | V4: =V224*V208 -> 1373600 | W4: =W224*W208 -> 1292000 | X4: =X224*X208 -> 1339600 | Y4: =Y224*Y208 -> 1451392 | Z4: =Z224*Z208 -> 1459552 | AA4: =AA224*AA208 -> 1470432 | AB4: =AB224*AB208 -> 1487432 | ... AZ4: =AZ224*AZ208 -> 2142817.2
A5: Imports
A6: Total Supply
A7: Domestic Use
A8: Biodiesel
A9: Renewable Biodiesel
A10: Biodiesel
A11: Non-Biodiesel
A12: Exports | B12: 146 | C12: 22974 | D12: ='[2]Brazil Tallow Exports'!K$289 -> 13352 | E12: ='[2]Brazil Tallow Exports'!L$289 -> 4260 | F12: ='[2]Brazil Tallow Exports'!M$289 -> 46348 | G12: ='[2]Brazil Tallow Exports'!N$289 -> 44546 | H12: ='[2]Brazil Tallow Exports'!O$289 -> 12443 | I12: ='[2]Brazil Tallow Exports'!P$289 -> 18517 | J12: ='[2]Brazil Tallow Exports'!Q$289 -> 632 | K12: ='[2]Brazil Tallow Exports'!R$289 -> 3400 | ... T12: ='[2]Brazil Tallow Exports'!AA$289 -> 2050 | U12: ='[2]Brazil Tallow Exports'!AB$290 -> 10429 | V12: ='[2]Brazil Tallow Exports'!AC$290 -> 12239.842 | W12: ='[2]Brazil Tallow Exports'!AD$290 -> 49500.043 | X12: ='[2]Brazil Tallow Exports'!AE$290 -> 179342.05 | Y12: ='[2]Brazil Tallow Exports'!AF$290 -> 540398.89 | Z12: =(SUM(T12:Y12)/SUM(T4:Y4))*Z4*2.5*2.5 -> 890427.63 | AA12: =(SUM(U12:Z12)/SUM(U4:Z4))*AA4*3.5 -> 1042732.9 | AB12: =(SUM(V12:AA12)/SUM(V4:AA4))*AB4*2.25 -> 1083296.7 | AC12: =(SUM(W12:AB12)/SUM(W4:AB4))*AC4*1.63 -> 1097934.8 | AD12: =(SUM(X12:AC12)/SUM(X4:AC4))*AD4*1.3 -> 1111555.1 | AE12: =(SUM(Y12:AD12)/SUM(Y4:AD4))*AE4*1.1 -> 1114101 | AF12: =(SUM(Z12:AE12)/SUM(Z4:AE4))*AF4 -> 1117799.6 | AG12: =(SUM(AA12:AF12)/SUM(AA4:AF4))*AG4 -> 1163045.6 | AH12: =(SUM(AB12:AG12)/SUM(AB4:AG4))*AH4 -> 1202894.9 | AI12: =(SUM(AC12:AH12)/SUM(AC4:AH4))*AI4 -> 1230065.9 | AJ12: =(SUM(AD12:AI12)/SUM(AD4:AI4))*AJ4 -> 1256004.2 | AK12: =(SUM(AE12:AJ12)/SUM(AE4:AJ4))*AK4 -> 1282153.2 | AL12: =(SUM(AF12:AK12)/SUM(AF4:AK4))*AL4 -> 1314574 | AM12: =(SUM(AG12:AL12)/SUM(AG4:AL4))*AM4 -> 1355155 | ... AZ12: =(SUM(AT12:AY12)/SUM(AT4:AY4))*AZ4 -> 1529176.7
A13: Total Use
A14: Carryout (September 30)
A15: Stocks-to-Usage
A16: Average Price (cents per pound)
A17: Bold Numbers are The Jacobsen Estimates and Forecasts | J17: =J12/J4 -> 0.00051496662 | K17: =K12/K4 -> 0.0027979855 | L17: =L12/L4 -> 0.0042859706 | M17: =M12/M4 -> 0.00020636836 | N17: =N12/N4 -> 0.0031173319 | O17: =O12/O4 -> 0.010452242 | P17: =P12/P4 -> 0.0003636274 | Q17: =Q12/Q4 -> 0.00067931584 | ... AZ17: =AZ12/AZ4 -> 0.71362909
A19: INEDIBLE TALLOW PRODUCTION (tonnes)
B20: =B2 -> 2000 | C20: =C2 -> 2001 | D20: =D2 -> 2002 | E20: =E2 -> 2003 | F20: =F2 -> 2004 | G20: =G2 -> 2005 | H20: =H2 -> 2006 | I20: =I2 -> 2007 | ... AZ20: =AZ2 -> 2050
A21: October
A22: November
A23: December
A24: January
A25: February
A26: March
A27: April
A28: May
A29: June
A30: July
A31: August
A32: September
... A35: INEDIBLE TALLOW IMPORTS (tonnes)
B36: =B20 -> 2000 | C36: =C20 -> 2001 | D36: =D20 -> 2002 | E36: =E20 -> 2003 | F36: =F20 -> 2004 | G36: =G20 -> 2005 | H36: =H20 -> 2006 | I36: =I20 -> 2007 | ... AZ36: =AZ20 -> 2050
A37: October
A38: November
A39: December
A40: January
A41: February
A42: March
A43: April
A44: May
A45: June
A46: July
A47: August
A48: September
... A51: INEDIBLE TALLOW EXPORTS (tonnes)
B52: =B36 -> 2000 | C52: =C36 -> 2001 | D52: =D36 -> 2002 | E52: =E36 -> 2003 | F52: =F36 -> 2004 | G52: =G36 -> 2005 | H52: =H36 -> 2006 | I52: =I36 -> 2007 | ... AZ52: =AZ36 -> 2050
A53: October
A54: November
A55: December
A56: January
A57: February
A58: March
A59: April
A60: May
A61: June
A62: July
A63: August
A64: September
... A67: INEDIBLE TALLOW DOMESTIC USAGE (tonnes)
B68: =B52 -> 2000 | C68: =C52 -> 2001 | D68: =D52 -> 2002 | E68: =E52 -> 2003 | F68: =F52 -> 2004 | G68: =G52 -> 2005 | H68: =H52 -> 2006 | I68: =I52 -> 2007 | ... AZ68: =AZ52 -> 2050
A69: October
A70: November
A71: December
A72: January
A73: February
A74: March
A75: April
A76: May
A77: June
A78: July
A79: August
A80: September
... A83: INEDIBLE TALLOW TOTAL BIODIESEL USAGE (tonnes)
B84: =B68 -> 2000 | C84: =C68 -> 2001 | D84: =D68 -> 2002 | E84: =E68 -> 2003 | F84: =F68 -> 2004 | G84: =G68 -> 2005 | H84: =H68 -> 2006 | I84: =I68 -> 2007 | ... AZ84: =AZ68 -> 2050
A85: October
A86: November
A87: December
A88: January
A89: February
A90: March
A91: April
A92: May
A93: June
A94: July
A95: August
A96: September
... A99: INEDIBLE TALLOW RENEWABLE BIODIESEL USAGE (tonnes)
B100: =B84 -> 2000 | C100: =C84 -> 2001 | D100: =D84 -> 2002 | E100: =E84 -> 2003 | F100: =F84 -> 2004 | G100: =G84 -> 2005 | H100: =H84 -> 2006 | I100: =I84 -> 2007 | ... AZ100: =AZ84 -> 2050
A101: October
A102: November
A103: December
A104: January
A105: February
A106: March
A107: April
A108: May
A109: June
A110: July
A111: August
...

Sheet Uruguay Tallow
A1: URUGUAY INEDIBLE TALLOW SUPPLY AND DEMAND (Million Pounds)
B2: 2000 | C2: 2001 | D2: 2002 | E2: 2003 | F2: 2004 | G2: 2005 | H2: 2006 | I2: 2007 | J2: 2008 | K2: 2009 | L2: 2010 | M2: 2011 | N2: 2012 | O2: 2013 | P2: 2014 | Q2: 2015 | R2: 2016 | S2: 2017 | T2: 2018 | U2: 2019 | V2: 2020 | W2: 2021 | X2: 2022 | Y2: 2023 | Z2: 2024 | AA2: 2025 | AB2: 2026 | AC2: 2027 | AD2: 2028 | AE2: 2029 | AF2: 2030 | AG2: 2031 | AH2: 2032 | AI2: 2033 | AJ2: 2034 | AK2: 2035 | AL2: 2036 | AM2: 2037 | AN2: 2038 | AO2: 2039 | AP2: 2040 | AQ2: 2041 | AR2: 2042 | AS2: 2043 | AT2: 2044 | AU2: 2045 | AV2: 2046 | AW2: 2047 | AX2: 2048 | AY2: 2049 | AZ2: 2050
A3: Carryin (October 1)
A4: Production
A5: Imports
A6: Total Supply
A7: Domestic Use
A8: Biodiesel
A9: Renewable Biodiesel
A10: Biodiesel
A11: Non-Biodiesel
A12: Exports | N12: ='[2]Uruguay Tallow Exports'!U$289 -> 76035 | O12: ='[2]Uruguay Tallow Exports'!V$289 -> 58492 | P12: ='[2]Uruguay Tallow Exports'!W$289 -> 42411 | Q12: ='[2]Uruguay Tallow Exports'!X$289 -> 64435 | R12: ='[2]Uruguay Tallow Exports'!Y$289 -> 63065 | S12: ='[2]Uruguay Tallow Exports'!Z$289 -> 62242 | T12: ='[2]Uruguay Tallow Exports'!AA$289 -> 63172 | U12: ='[2]Uruguay Tallow Exports'!AB$289 -> 67566 | ... AZ12: ='[2]Uruguay Tallow Exports'!BG$289 -> 0
A13: Total Use
A14: Carryout (September 30)
A15: Stocks-to-Usage
A16: Average Price (cents per pound)
A17: Bold Numbers are The Jacobsen Estimates and Forecasts
A19: INEDIBLE TALLOW PRODUCTION (Million Pounds)
B20: =B2 -> 2000 | C20: =C2 -> 2001 | D20: =D2 -> 2002 | E20: =E2 -> 2003 | F20: =F2 -> 2004 | G20: =G2 -> 2005 | H20: =H2 -> 2006 | I20: =I2 -> 2007 | ... AZ20: =AZ2 -> 2050
A21: October
A22: November
A23: December
A24: January
A25: February
A26: March
A27: April
A28: May
A29: June
A30: July
A31: August
A32: September
... A35: INEDIBLE TALLOW IMPORTS (Million Pounds)
B36: =B20 -> 2000 | C36: =C20 -> 2001 | D36: =D20 -> 2002 | E36: =E20 -> 2003 | F36: =F20 -> 2004 | G36: =G20 -> 2005 | H36: =H20 -> 2006 | I36: =I20 -> 2007 | ... AZ36: =AZ20 -> 2050
A37: October
A38: November
A39: December
A40: January
A41: February
A42: March
A43: April
A44: May
A45: June
A46: July
A47: August
A48: September
... A51: INEDIBLE TALLOW EXPORTS (Million Pounds)
B52: =B36 -> 2000 | C52: =C36 -> 2001 | D52: =D36 -> 2002 | E52: =E36 -> 2003 | F52: =F36 -> 2004 | G52: =G36 -> 2005 | H52: =H36 -> 2006 | I52: =I36 -> 2007 | ... AZ52: =AZ36 -> 2050
A53: October
A54: November
A55: December
A56: January
A57: February
A58: March
A59: April
A60: May
A61: June
A62: July
A63: August
A64: September
... A67: INEDIBLE TALLOW DOMESTIC USAGE (Million Pounds)
B68: =B52 -> 2000 | C68: =C52 -> 2001 | D68: =D52 -> 2002 | E68: =E52 -> 2003 | F68: =F52 -> 2004 | G68: =G52 -> 2005 | H68: =H52 -> 2006 | I68: =I52 -> 2007 | ... AZ68: =AZ52 -> 2050
A69: October
A70: November
A71: December
A72: January
A73: February
A74: March
A75: April
A76: May
A77: June
A78: July
A79: August
A80: September
... A83: INEDIBLE TALLOW TOTAL BIODIESEL USAGE (Million Pounds)
B84: =B68 -> 2000 | C84: =C68 -> 2001 | D84: =D68 -> 2002 | E84: =E68 -> 2003 | F84: =F68 -> 2004 | G84: =G68 -> 2005 | H84: =H68 -> 2006 | I84: =I68 -> 2007 | ... AZ84: =AZ68 -> 2050
A85: October
A86: November
A87: December
A88: January
A89: February
A90: March
A91: April
A92: May
A93: June
A94: July
A95: August
A96: September
... A99: INEDIBLE TALLOW RENEWABLE BIODIESEL USAGE (Million Pounds)
B100: =B84 -> 2000 | C100: =C84 -> 2001 | D100: =D84 -> 2002 | E100: =E84 -> 2003 | F100: =F84 -> 2004 | G100: =G84 -> 2005 | H100: =H84 -> 2006 | I100: =I84 -> 2007 | ... AZ100: =AZ84 -> 2050
A101: October
A102: November
A103: December
A104: January
A105: February
A106: March
A107: April
A108: May
A109: June
A110: July
A111: August
...

Sheet Mexico Tallow
A1: MEXICO INEDIBLE TALLOW SUPPLY AND DEMAND (Million Pounds)
B2: 2000 | C2: 2001 | D2: 2002 | E2: 2003 | F2: 2004 | G2: 2005 | H2: 2006 | I2: 2007 | J2: 2008 | K2: 2009 | L2: 2010 | M2: 2011 | N2: 2012 | O2: 2013 | P2: 2014 | Q2: 2015 | R2: 2016 | S2: 2017 | T2: 2018 | U2: 2019 | V2: 2020 | W2: 2021 | X2: 2022 | Y2: 2023 | Z2: 2024 | AA2: 2025 | AB2: 2026 | AC2: 2027 | AD2: 2028 | AE2: 2029 | AF2: 2030 | AG2: 2031 | AH2: 2032 | AI2: 2033 | AJ2: 2034 | AK2: 2035 | AL2: 2036 | AM2: 2037 | AN2: 2038 | AO2: 2039 | AP2: 2040 | AQ2: 2041 | AR2: 2042 | AS2: 2043 | AT2: 2044 | AU2: 2045 | AV2: 2046 | AW2: 2047 | AX2: 2048 | AY2: 2049 | AZ2: 2050
A3: Carryin (October 1)
A4: Production | B4: =B208*B224/1000 -> 253.39687 | C4: =C208*C224/1000 -> 261.37575 | D4: =D208*D224/1000 -> 239.67723 | E4: =E208*E224/1000 -> 291.55789 | F4: =F208*F224/1000 -> 295.42822 | G4: =G208*G224/1000 -> 258.58283 | H4: =H208*H224/1000 -> 224.59704 | I4: =I208*I224/1000 -> 217.17437 | ... AZ4: =AZ208*AZ224/1000 -> 522.88634
A5: Imports
A6: Total Supply
A7: Domestic Use
A8: Biodiesel
A9: Renewable Biodiesel
A10: Biodiesel
A11: Non-Biodiesel
A12: Exports
A13: Total Use
A14: Carryout (September 30)
A15: Stocks-to-Usage
A16: Average Price (cents per pound)
... A19: INEDIBLE TALLOW PRODUCTION (Million Pounds)
B20: =B2 -> 2000 | C20: =C2 -> 2001 | D20: =D2 -> 2002 | E20: =E2 -> 2003 | F20: =F2 -> 2004 | G20: =G2 -> 2005 | H20: =H2 -> 2006 | I20: =I2 -> 2007 | ... AZ20: =AZ2 -> 2050
A21: October
A22: November
A23: December
A24: January
A25: February
A26: March
A27: April
A28: May
A29: June
A30: July
A31: August
A32: September
... A35: INEDIBLE TALLOW IMPORTS (Million Pounds)
B36: =B20 -> 2000 | C36: =C20 -> 2001 | D36: =D20 -> 2002 | E36: =E20 -> 2003 | F36: =F20 -> 2004 | G36: =G20 -> 2005 | H36: =H20 -> 2006 | I36: =I20 -> 2007 | ... AZ36: =AZ20 -> 2050
A37: October
A38: November
A39: December
A40: January
A41: February
A42: March
A43: April
A44: May
A45: June
A46: July
A47: August
A48: September
... A51: INEDIBLE TALLOW EXPORTS (Million Pounds)
B52: =B36 -> 2000 | C52: =C36 -> 2001 | D52: =D36 -> 2002 | E52: =E36 -> 2003 | F52: =F36 -> 2004 | G52: =G36 -> 2005 | H52: =H36 -> 2006 | I52: =I36 -> 2007 | ... AZ52: =AZ36 -> 2050
A53: October
A54: November
A55: December
A56: January
A57: February
A58: March
A59: April
A60: May
A61: June
A62: July
A63: August
A64: September
... A67: INEDIBLE TALLOW DOMESTIC USAGE (Million Pounds)
B68: =B52 -> 2000 | C68: =C52 -> 2001 | D68: =D52 -> 2002 | E68: =E52 -> 2003 | F68: =F52 -> 2004 | G68: =G52 -> 2005 | H68: =H52 -> 2006 | I68: =I52 -> 2007 | ... AZ68: =AZ52 -> 2050
A69: October
A70: November
A71: December
A72: January
A73: February
A74: March
A75: April
A76: May
A77: June
A78: July
A79: August
A80: September
... A83: INEDIBLE TALLOW TOTAL BIODIESEL USAGE (Million Pounds)
B84: =B68 -> 2000 | C84: =C68 -> 2001 | D84: =D68 -> 2002 | E84: =E68 -> 2003 | F84: =F68 -> 2004 | G84: =G68 -> 2005 | H84: =H68 -> 2006 | I84: =I68 -> 2007 | ... AZ84: =AZ68 -> 2050
A85: October
A86: November
A87: December
A88: January
A89: February
A90: March
A91: April
A92: May
A93: June
A94: July
A95: August
A96: September
... A99: INEDIBLE TALLOW RENEWABLE BIODIESEL USAGE (Million Pounds)
B100: =B84 -> 2000 | C100: =C84 -> 2001 | D100: =D84 -> 2002 | E100: =E84 -> 2003 | F100: =F84 -> 2004 | G100: =G84 -> 2005 | H100: =H84 -> 2006 | I100: =I84 -> 2007 | ... AZ100: =AZ84 -> 2050
A101: October
A102: November
A103: December
A104: January
A105: February
A106: March
A107: April
A108: May
A109: June
A110: July
A111: August
A112: September
...

Sheet China Tallow
A1: URUGUAY INEDIBLE TALLOW SUPPLY AND DEMAND (Million Pounds)
B2: 2000 | C2: 2001 | D2: 2002 | E2: 2003 | F2: 2004 | G2: 2005 | H2: 2006 | I2: 2007 | J2: 2008 | K2: 2009 | L2: 2010 | M2: 2011 | N2: 2012 | O2: 2013 | P2: 2014 | Q2: 2015 | R2: 2016 | S2: 2017 | T2: 2018 | U2: 2019 | V2: 2020 | W2: 2021 | X2: 2022 | Y2: 2023 | Z2: 2024 | AA2: 2025 | AB2: 2026 | AC2: 2027 | AD2: 2028 | AE2: 2029 | AF2: 2030 | AG2: 2031 | AH2: 2032 | AI2: 2033 | AJ2: 2034 | AK2: 2035 | AL2: 2036 | AM2: 2037 | AN2: 2038 | AO2: 2039 | AP2: 2040 | AQ2: 2041 | AR2: 2042 | AS2: 2043 | AT2: 2044 | AU2: 2045 | AV2: 2046 | AW2: 2047 | AX2: 2048 | AY2: 2049 | AZ2: 2050
A3: Carryin (October 1)
A4: Production
A5: Imports
A6: Total Supply
A7: Domestic Use
A8: Biodiesel
A9: Renewable Biodiesel
A10: Biodiesel
A11: Non-Biodiesel
A12: Exports
A13: Total Use
A14: Carryout (September 30)
... A19: INEDIBLE TALLOW PRODUCTION (Million Pounds)
B20: =B2 -> 2000 | C20: =C2 -> 2001 | D20: =D2 -> 2002 | E20: =E2 -> 2003 | F20: =F2 -> 2004 | G20: =G2 -> 2005 | H20: =H2 -> 2006 | I20: =I2 -> 2007 | ... AZ20: =AZ2 -> 2050
A21: October
A22: November
A23: December
A24: January
A25: February
A26: March
A27: April
A28: May
A29: June
A30: July
A31: August
A32: September
... A35: INEDIBLE TALLOW IMPORTS (Million Pounds)
B36: =B20 -> 2000 | C36: =C20 -> 2001 | D36: =D20 -> 2002 | E36: =E20 -> 2003 | F36: =F20 -> 2004 | G36: =G20 -> 2005 | H36: =H20 -> 2006 | I36: =I20 -> 2007 | ... AZ36: =AZ20 -> 2050
A37: October
A38: November
A39: December
A40: January
A41: February
A42: March
A43: April
A44: May
A45: June
A46: July
A47: August
A48: September
... A51: INEDIBLE TALLOW EXPORTS (Million Pounds)
B52: =B36 -> 2000 | C52: =C36 -> 2001 | D52: =D36 -> 2002 | E52: =E36 -> 2003 | F52: =F36 -> 2004 | G52: =G36 -> 2005 | H52: =H36 -> 2006 | I52: =I36 -> 2007 | ... AZ52: =AZ36 -> 2050
A53: October
A54: November
A55: December
A56: January
A57: February
A58: March
A59: April
A60: May
A61: June
A62: July
A63: August
A64: September
... A67: INEDIBLE TALLOW DOMESTIC USAGE (Million Pounds)
B68: =B52 -> 2000 | C68: =C52 -> 2001 | D68: =D52 -> 2002 | E68: =E52 -> 2003 | F68: =F52 -> 2004 | G68: =G52 -> 2005 | H68: =H52 -> 2006 | I68: =I52 -> 2007 | ... AZ68: =AZ52 -> 2050
A69: October
A70: November
A71: December
A72: January
A73: February
A74: March
A75: April
A76: May
A77: June
A78: July
A79: August
A80: September
... A83: INEDIBLE TALLOW TOTAL BIODIESEL USAGE (Million Pounds)
B84: =B68 -> 2000 | C84: =C68 -> 2001 | D84: =D68 -> 2002 | E84: =E68 -> 2003 | F84: =F68 -> 2004 | G84: =G68 -> 2005 | H84: =H68 -> 2006 | I84: =I68 -> 2007 | ... AZ84: =AZ68 -> 2050
A85: October
A86: November
A87: December
A88: January
A89: February
A90: March
A91: April
A92: May
A93: June
A94: July
A95: August
A96: September
... A99: INEDIBLE TALLOW RENEWABLE BIODIESEL USAGE (Million Pounds)
B100: =B84 -> 2000 | C100: =C84 -> 2001 | D100: =D84 -> 2002 | E100: =E84 -> 2003 | F100: =F84 -> 2004 | G100: =G84 -> 2005 | H100: =H84 -> 2006 | I100: =I84 -> 2007 | ... AZ100: =AZ84 -> 2050
A101: October
A102: November
A103: December
A104: January
A105: February
A106: March
A107: April
A108: May
A109: June
A110: July
A111: August
A112: September
... A115: INEDIBLE TALLOW BIODIESEL USAGE (Million Pounds)
B116: =B100 -> 2000 | C116: =C100 -> 2001 | D116: =D100 -> 2002 | E116: =E100 -> 2003 | F116: =F100 -> 2004 | G116: =G100 -> 2005 | H116: =H100 -> 2006 | I116: =I100 -> 2007 | ... AZ116: =AZ100 -> 2050
...

Sheet EU-28 Tallow
A1: MEXICO INEDIBLE TALLOW SUPPLY AND DEMAND (Million Pounds)
B2: 2000 | C2: 2001 | D2: 2002 | E2: 2003 | F2: 2004 | G2: 2005 | H2: 2006 | I2: 2007 | J2: 2008 | K2: 2009 | L2: 2010 | M2: 2011 | N2: 2012 | O2: 2013 | P2: 2014 | Q2: 2015 | R2: 2016 | S2: 2017 | T2: 2018 | U2: 2019 | V2: 2020 | W2: 2021 | X2: 2022 | Y2: 2023 | Z2: 2024 | AA2: 2025 | AB2: 2026 | AC2: 2027 | AD2: 2028 | AE2: 2029 | AF2: 2030 | AG2: 2031 | AH2: 2032 | AI2: 2033 | AJ2: 2034 | AK2: 2035 | AL2: 2036 | AM2: 2037 | AN2: 2038 | AO2: 2039 | AP2: 2040 | AQ2: 2041 | AR2: 2042 | AS2: 2043 | AT2: 2044 | AU2: 2045 | AV2: 2046 | AW2: 2047 | AX2: 2048 | AY2: 2049 | AZ2: 2050
A3: Carryin (October 1)
A4: Production
A5: Imports
A6: Total Supply
A7: Domestic Use
A8: Biodiesel
A9: Renewable Biodiesel
A10: Biodiesel
A11: Non-Biodiesel
A12: Exports
A13: Total Use
A14: Carryout (September 30)
... A19: INEDIBLE TALLOW PRODUCTION (Million Pounds)
B20: =B2 -> 2000 | C20: =C2 -> 2001 | D20: =D2 -> 2002 | E20: =E2 -> 2003 | F20: =F2 -> 2004 | G20: =G2 -> 2005 | H20: =H2 -> 2006 | I20: =I2 -> 2007 | ... AZ20: =AZ2 -> 2050
A21: October
A22: November
A23: December
A24: January
A25: February
A26: March
A27: April
A28: May
A29: June
A30: July
A31: August
A32: September
... A35: INEDIBLE TALLOW IMPORTS (Million Pounds)
B36: =B20 -> 2000 | C36: =C20 -> 2001 | D36: =D20 -> 2002 | E36: =E20 -> 2003 | F36: =F20 -> 2004 | G36: =G20 -> 2005 | H36: =H20 -> 2006 | I36: =I20 -> 2007 | ... AZ36: =AZ20 -> 2050
A37: October
A38: November
A39: December
A40: January
A41: February
A42: March
A43: April
A44: May
A45: June
A46: July
A47: August
A48: September
... A51: INEDIBLE TALLOW EXPORTS (Million Pounds)
B52: =B36 -> 2000 | C52: =C36 -> 2001 | D52: =D36 -> 2002 | E52: =E36 -> 2003 | F52: =F36 -> 2004 | G52: =G36 -> 2005 | H52: =H36 -> 2006 | I52: =I36 -> 2007 | ... AZ52: =AZ36 -> 2050
A53: October
A54: November
A55: December
A56: January
A57: February
A58: March
A59: April
A60: May
A61: June
A62: July
A63: August
A64: September
... A67: INEDIBLE TALLOW DOMESTIC USAGE (Million Pounds)
B68: =B52 -> 2000 | C68: =C52 -> 2001 | D68: =D52 -> 2002 | E68: =E52 -> 2003 | F68: =F52 -> 2004 | G68: =G52 -> 2005 | H68: =H52 -> 2006 | I68: =I52 -> 2007 | ... AZ68: =AZ52 -> 2050
A69: October
A70: November
A71: December
A72: January
A73: February
A74: March
A75: April
A76: May
A77: June
A78: July
A79: August
A80: September
... A83: INEDIBLE TALLOW TOTAL BIODIESEL USAGE (Million Pounds)
B84: =B68 -> 2000 | C84: =C68 -> 2001 | D84: =D68 -> 2002 | E84: =E68 -> 2003 | F84: =F68 -> 2004 | G84: =G68 -> 2005 | H84: =H68 -> 2006 | I84: =I68 -> 2007 | ... AZ84: =AZ68 -> 2050
A85: October
A86: November
A87: December
A88: January
A89: February
A90: March
A91: April
A92: May
A93: June
A94: July
A95: August
A96: September
... A99: INEDIBLE TALLOW RENEWABLE BIODIESEL USAGE (Million Pounds)
B100: =B84 -> 2000 | C100: =C84 -> 2001 | D100: =D84 -> 2002 | E100: =E84 -> 2003 | F100: =F84 -> 2004 | G100: =G84 -> 2005 | H100: =H84 -> 2006 | I100: =I84 -> 2007 | ... AZ100: =AZ84 -> 2050
A101: October
A102: November
A103: December
A104: January
A105: February
A106: March
A107: April
A108: May
A109: June
A110: July
A111: August
A112: September
... A115: INEDIBLE TALLOW BIODIESEL USAGE (Million Pounds)
B116: =B100 -> 2000 | C116: =C100 -> 2001 | D116: =D100 -> 2002 | E116: =E100 -> 2003 | F116: =F100 -> 2004 | G116: =G100 -> 2005 | H116: =H100 -> 2006 | I116: =I100 -> 2007 | ... AZ116: =AZ100 -> 2050
...

Sheet Tallow Trade Matrix
A1: TALLOW TRADE MATRIX (tonnes)
W2: CANADA | AU2: AUSTRALIA | BS2: NEW ZEALAND | CP2: PARAGUAY | DN2: BRAZIL | EK2: TOTAL
B3: 2000 | C3: 2001 | D3: 2002 | E3: 2003 | F3: 2004 | G3: 2005 | H3: 2006 | I3: 2007 | J3: 2008 | K3: 2009 | L3: 2010 | M3: 2011 | N3: 2012 | O3: 2013 | P3: 2014 | Q3: 2015 | R3: 2016 | S3: 2017 | T3: 2018 | U3: 2019 | V3: 2020 | W3: 2021 | X3: 2022 | Y3: 2023 | Z3: 2000 | AA3: 2001 | AB3: 2002 | AC3: 2003 | AD3: 2004 | AE3: 2005 | AF3: 2006 | AG3: 2007 | AH3: 2008 | AI3: 2009 | AJ3: 2010 | AK3: 2011 | AL3: 2012 | AM3: 2013 | AN3: 2014 | AO3: 2015 | AP3: 2016 | AQ3: 2017 | AR3: 2018 | AS3: 2019 | AT3: 2020 | AU3: 2021 | AV3: 2022 | AW3: 2023 | AX3: 2000 | AY3: 2001 | AZ3: 2002 | BA3: 2003 | BB3: 2004 | BC3: 2005 | BD3: 2006 | BE3: 2007 | BF3: 2008 | BG3: 2009 | BH3: 2010 | BI3: 2011 | BJ3: 2012 | BK3: 2013 | BL3: 2014 | BM3: 2015 | BN3: 2016 | BO3: 2017 | BP3: 2018 | BQ3: 2019 | BR3: 2020 | BS3: 2021 | BT3: 2022 | BU3: 2023 | BV3: 2000 | BW3: 2001 | BX3: 2002 | BY3: 2003 | BZ3: 2004 | CA3: 2005 | CB3: 2006 | CC3: 2007 | CD3: 2008 | CE3: 2009 | CF3: 2010 | CG3: 2011 | CH3: 2012 | CI3: 2013 | CJ3: 2014 | CK3: 2015 | CL3: 2016 | CM3: 2017 | CN3: 2018 | CO3: 2019 | CP3: 2020 | CQ3: 2021 | CR3: 2022 | CS3: 2000 | CT3: 2001 | CU3: 2002 | CV3: 2003 | CW3: 2004 | CX3: 2005 | CY3: 2006 | CZ3: 2007 | DA3: 2008 | DB3: 2009 | DC3: 2010 | DD3: 2011 | DE3: 2012 | DF3: 2013 | DG3: 2014 | DH3: 2015 | DI3: 2016 | DJ3: 2017 | DK3: 2018 | DL3: 2019 | DM3: 2020 | DN3: 2021 | DO3: 2022 | DP3: 2023 | DQ3: 2001 | DR3: 2002 | DS3: 2003 | DT3: 2004 | DU3: 2005 | DV3: 2006 | DW3: 2007 | DX3: 2008 | DY3: 2009 | DZ3: 2010 | EA3: 2011 | EB3: 2012 | EC3: 2013 | ED3: 2014 | EE3: 2015 | EF3: 2016 | EG3: 2017 | EH3: 2018 | EI3: 2019 | EJ3: 2020 | EK3: 2021 | EL3: 2022 | EM3: 2023 | EN3: 2024 | EO3: 2025 | EP3: 2026 | EQ3: 2027 | ER3: 2028 | ES3: 2029 | ET3: 2030 | EU3: 2031 | EV3: 2032 | EW3: 2033 | EX3: 2034 | EY3: 2035 | EZ3: 2036 | FA3: 2037 | FB3: 2038 | FC3: 2039 | FD3: 2040 | FE3: 2041 | FF3: 2042 | FG3: 2043 | FH3: 2044 | FI3: 2045 | FJ3: 2046 | FK3: 2047 | FL3: 2048 | FM3: 2049 | FN3: 2050
A4: EU-28 | B4: ='[2]Canada Tallow Exports'!I$4 -> 57673 | C4: ='[2]Canada Tallow Exports'!J$4 -> 60115 | D4: ='[2]Canada Tallow Exports'!K$4 -> 41082 | E4: ='[2]Canada Tallow Exports'!L$4 -> 2030 | F4: ='[2]Canada Tallow Exports'!M$4 -> 7494 | G4: ='[2]Canada Tallow Exports'!N$4 -> 98 | H4: ='[2]Canada Tallow Exports'!O$4 -> 9040 | I4: ='[2]Canada Tallow Exports'!P$4 -> 85 | ... Y4: ='[2]Canada Tallow Exports'!AF$4 -> 0 | AE4: ='[2]Australia Tallow Exports'!N$4 -> 190 | AF4: ='[2]Australia Tallow Exports'!O$4 -> 0 | AG4: ='[2]Australia Tallow Exports'!P$4 -> 0 | AH4: ='[2]Australia Tallow Exports'!Q$4 -> 0 | AI4: ='[2]Australia Tallow Exports'!R$4 -> 3576 | AJ4: ='[2]Australia Tallow Exports'!S$4 -> 1910 | AK4: ='[2]Australia Tallow Exports'!T$4 -> 1314 | AL4: ='[2]Australia Tallow Exports'!U$4 -> 675 | ... AW4: ='[2]Australia Tallow Exports'!AF$4 -> 0 | BC4: ='[2]New Zealand Tallow Exports'!N$4 -> 398 | BD4: ='[2]New Zealand Tallow Exports'!O$4 -> 181 | BE4: ='[2]New Zealand Tallow Exports'!P$4 -> 110 | BF4: ='[2]New Zealand Tallow Exports'!Q$4 -> 106 | BG4: ='[2]New Zealand Tallow Exports'!R$4 -> 327 | BH4: ='[2]New Zealand Tallow Exports'!S$4 -> 224 | BI4: ='[2]New Zealand Tallow Exports'!T$4 -> 142 | BJ4: ='[2]New Zealand Tallow Exports'!U$4 -> 14 | ... BU4: ='[2]New Zealand Tallow Exports'!AF$4 -> 0 | BX4: ='[2]Paraguay Tallow Exports'!K$4 -> 0 | BY4: ='[2]Paraguay Tallow Exports'!L$4 -> 0 | BZ4: ='[2]Paraguay Tallow Exports'!M$4 -> 0 | CA4: ='[2]Paraguay Tallow Exports'!N$4 -> 0 | CB4: ='[2]Paraguay Tallow Exports'!O$4 -> 0 | CC4: ='[2]Paraguay Tallow Exports'!P$4 -> 0 | CD4: ='[2]Paraguay Tallow Exports'!Q$4 -> 0 | CE4: ='[2]Paraguay Tallow Exports'!R$4 -> 0 | ... CQ4: ='[2]Paraguay Tallow Exports'!AD$4 -> 0 | CR4: 0 | DE4: ='[2]Brazil Tallow Exports'!U$4 -> 0 | DF4: ='[2]Brazil Tallow Exports'!V$4 -> 0 | DG4: ='[2]Brazil Tallow Exports'!W$4 -> 0 | DH4: ='[2]Brazil Tallow Exports'!X$4 -> 0 | DI4: ='[2]Brazil Tallow Exports'!Y$4 -> 0 | DJ4: ='[2]Brazil Tallow Exports'!Z$4 -> 3627 | DK4: ='[2]Brazil Tallow Exports'!AA$4 -> 0 | DL4: ='[2]Brazil Tallow Exports'!AB$4 -> 0 | ... DP4: ='[2]Brazil Tallow Exports'!AF$4 -> 0 | EB4: =N4+AL4+CH4+DE4+BJ4 -> 689 | EC4: =O4+AM4+CI4+DF4+BK4 -> 671 | ED4: =P4+AN4+CJ4+DG4+BL4 -> 471 | EE4: =Q4+AO4+CK4+DH4+BM4 -> 49 | EF4: =R4+AP4+CL4+DI4+BN4 -> 149 | EG4: =S4+AQ4+CM4+DJ4+BO4 -> 4223 | EH4: =T4+AR4+CN4+DK4+BP4 -> 1439 | EI4: =U4+AS4+CO4+DL4+BQ4 -> 481 | ... EM4: =Y4+AW4+CS4+DP4+BU4 -> 0 | EN4: =IF(FORECAST(EN$41,EI4:EM4,EI$41:EM$41)<0,0,FORECAST(EN$41,EI4:EM4,EI$41:EM$41))*0.99 -> 0 | EO4: =IF(FORECAST(EO$41,EJ4:EN4,EJ$41:EN$41)<0,0,FORECAST(EO$41,EJ4:EN4,EJ$41:EN$41))*0.99 -> 0 | EP4: =IF(FORECAST(EP$41,EK4:EO4,EK$41:EO$41)<0,0,FORECAST(EP$41,EK4:EO4,EK$41:EO$41))*0.99 -> 0 | EQ4: =IF(FORECAST(EQ$41,EL4:EP4,EL$41:EP$41)<0,0,FORECAST(EQ$41,EL4:EP4,EL$41:EP$41))*0.99 -> 0 | ER4: =IF(FORECAST(ER$41,EM4:EQ4,EM$41:EQ$41)<0,0,FORECAST(ER$41,EM4:EQ4,EM$41:EQ$41))*0.99 -> 0 | ES4: =IF(FORECAST(ES$41,EN4:ER4,EN$41:ER$41)<0,0,FORECAST(ES$41,EN4:ER4,EN$41:ER$41))*0.99 -> 0 | ET4: =IF(FORECAST(ET$41,EO4:ES4,EO$41:ES$41)<0,0,FORECAST(ET$41,EO4:ES4,EO$41:ES$41))*0.99 -> 0 | EU4: =IF(FORECAST(EU$41,EP4:ET4,EP$41:ET$41)<0,0,FORECAST(EU$41,EP4:ET4,EP$41:ET$41))*0.99 -> 0 | ... FN4: =IF(FORECAST(FN$41,FI4:FM4,FI$41:FM$41)<0,0,FORECAST(FN$41,FI4:FM4,FI$41:FM$41))*0.99 -> 0
A5: Other Europe | B5: ='[2]Canada Tallow Exports'!I$37 -> 0 | C5: ='[2]Canada Tallow Exports'!J$37 -> 0 | D5: ='[2]Canada Tallow Exports'!K$37 -> 0 | E5: ='[2]Canada Tallow Exports'!L$37 -> 0 | F5: ='[2]Canada Tallow Exports'!M$37 -> 0 | G5: ='[2]Canada Tallow Exports'!N$37 -> 0 | H5: ='[2]Canada Tallow Exports'!O$37 -> 0 | I5: ='[2]Canada Tallow Exports'!P$37 -> 0 | ... Y5: ='[2]Canada Tallow Exports'!AF$37 -> 0 | AE5: ='[2]Australia Tallow Exports'!N$37 -> 0 | AF5: ='[2]Australia Tallow Exports'!O$37 -> 0 | AG5: ='[2]Australia Tallow Exports'!P$37 -> 0 | AH5: ='[2]Australia Tallow Exports'!Q$37 -> 170 | AI5: ='[2]Australia Tallow Exports'!R$37 -> 0 | AJ5: ='[2]Australia Tallow Exports'!S$37 -> 0 | AK5: ='[2]Australia Tallow Exports'!T$37 -> 0 | AL5: ='[2]Australia Tallow Exports'!U$37 -> 0 | ... AW5: ='[2]Australia Tallow Exports'!AF$37 -> 0 | BC5: ='[2]New Zealand Tallow Exports'!N$37 -> 0 | BD5: ='[2]New Zealand Tallow Exports'!O$37 -> 0 | BE5: ='[2]New Zealand Tallow Exports'!P$37 -> 0 | BF5: ='[2]New Zealand Tallow Exports'!Q$37 -> 0 | BG5: ='[2]New Zealand Tallow Exports'!R$37 -> 0 | BH5: ='[2]New Zealand Tallow Exports'!S$37 -> 43 | BI5: ='[2]New Zealand Tallow Exports'!T$37 -> 0 | BJ5: ='[2]New Zealand Tallow Exports'!U$37 -> 0 | ... BU5: ='[2]New Zealand Tallow Exports'!AF$37 -> 0 | BX5: ='[2]Paraguay Tallow Exports'!K$37 -> 0 | BY5: ='[2]Paraguay Tallow Exports'!L$37 -> 0 | BZ5: ='[2]Paraguay Tallow Exports'!M$37 -> 0 | CA5: ='[2]Paraguay Tallow Exports'!N$37 -> 0 | CB5: ='[2]Paraguay Tallow Exports'!O$37 -> 0 | CC5: ='[2]Paraguay Tallow Exports'!P$37 -> 0 | CD5: ='[2]Paraguay Tallow Exports'!Q$37 -> 0 | CE5: ='[2]Paraguay Tallow Exports'!R$37 -> 0 | ... CQ5: ='[2]Paraguay Tallow Exports'!AD$37 -> 0 | CR5: 0 | DE5: ='[2]Brazil Tallow Exports'!U$37 -> 0 | DF5: ='[2]Brazil Tallow Exports'!V$37 -> 0 | DG5: ='[2]Brazil Tallow Exports'!W$37 -> 0 | DH5: ='[2]Brazil Tallow Exports'!X$37 -> 0 | DI5: ='[2]Brazil Tallow Exports'!Y$37 -> 0 | DJ5: ='[2]Brazil Tallow Exports'!Z$37 -> 0 | DK5: ='[2]Brazil Tallow Exports'!AA$37 -> 164 | DL5: ='[2]Brazil Tallow Exports'!AB$37 -> 401 | ... DP5: ='[2]Brazil Tallow Exports'!AF$37 -> 350 | EB5: =N5+AL5+CH5+DE5+BJ5 -> 0 | EC5: =O5+AM5+CI5+DF5+BK5 -> 296 | ED5: =P5+AN5+CJ5+DG5+BL5 -> 250 | EE5: =Q5+AO5+CK5+DH5+BM5 -> 0 | EF5: =R5+AP5+CL5+DI5+BN5 -> 80 | EG5: =S5+AQ5+CM5+DJ5+BO5 -> 1 | EH5: =T5+AR5+CN5+DK5+BP5 -> 167 | EI5: =U5+AS5+CO5+DL5+BQ5 -> 711 | ... EM5: =Y5+AW5+CS5+DP5+BU5 -> 350 | EN5: =IF(FORECAST(EN$41,EI5:EM5,EI$41:EM$41)<0,0,FORECAST(EN$41,EI5:EM5,EI$41:EM$41)) -> 191.83658 | EO5: =IF(FORECAST(EO$41,EJ5:EN5,EJ$41:EN$41)<0,0,FORECAST(EO$41,EJ5:EN5,EJ$41:EN$41))*0.5 -> 139.22857 | EP5: =IF(FORECAST(EP$41,EK5:EO5,EK$41:EO$41)<0,0,FORECAST(EP$41,EK5:EO5,EK$41:EO$41))*0.5 -> 99.95962 | EQ5: =IF(FORECAST(EQ$41,EL5:EP5,EL$41:EP$41)<0,0,FORECAST(EQ$41,EL5:EP5,EL$41:EP$41))*0.5 -> 67.334705 | ER5: =IF(FORECAST(ER$41,EM5:EQ5,EM$41:EQ$41)<0,0,FORECAST(ER$41,EM5:EQ5,EM$41:EQ$41))*0.5 -> 35.158513 | ES5: =IF(FORECAST(ES$41,EN5:ER5,EN$41:ER$41)<0,0,FORECAST(ES$41,EN5:ER5,EN$41:ER$41))*0.5 -> 19.354921 | ET5: =IF(FORECAST(ET$41,EO5:ES5,EO$41:ES$41)<0,0,FORECAST(ET$41,EO5:ES5,EO$41:ES$41))*0.5 -> 0 | EU5: =IF(FORECAST(EU$41,EP5:ET5,EP$41:ET$41)<0,0,FORECAST(EU$41,EP5:ET5,EP$41:ET$41))*0.5 -> 0 | EV5: =IF(FORECAST(EV$41,EQ5:EU5,EQ$41:EU$41)<0,0,FORECAST(EV$41,EQ5:EU5,EQ$41:EU$41))*0.5 -> 0 | ... FN5: =IF(FORECAST(FN$41,FI5:FM5,FI$41:FM$41)<0,0,FORECAST(FN$41,FI5:FM5,FI$41:FM$41))*0.5 -> 0
A6: FSU-12 | B6: ='[2]Canada Tallow Exports'!I$59 -> 0 | C6: ='[2]Canada Tallow Exports'!J$59 -> 0 | D6: ='[2]Canada Tallow Exports'!K$59 -> 0 | E6: ='[2]Canada Tallow Exports'!L$59 -> 0 | F6: ='[2]Canada Tallow Exports'!M$59 -> 0 | G6: ='[2]Canada Tallow Exports'!N$59 -> 0 | H6: ='[2]Canada Tallow Exports'!O$59 -> 0 | I6: ='[2]Canada Tallow Exports'!P$59 -> 0 | ... Y6: ='[2]Canada Tallow Exports'!AF$59 -> 0 | AE6: ='[2]Australia Tallow Exports'!N$59 -> 0 | AF6: ='[2]Australia Tallow Exports'!O$59 -> 0 | AG6: ='[2]Australia Tallow Exports'!P$59 -> 122 | AH6: ='[2]Australia Tallow Exports'!Q$59 -> 295 | AI6: ='[2]Australia Tallow Exports'!R$59 -> 0 | AJ6: ='[2]Australia Tallow Exports'!S$59 -> 0 | AK6: ='[2]Australia Tallow Exports'!T$59 -> 0 | AL6: ='[2]Australia Tallow Exports'!U$59 -> 0 | ... AW6: ='[2]Australia Tallow Exports'!AF$59 -> 0 | BC6: ='[2]New Zealand Tallow Exports'!N$59 -> 0 | BD6: ='[2]New Zealand Tallow Exports'!O$59 -> 0 | BE6: ='[2]New Zealand Tallow Exports'!P$59 -> 0 | BF6: ='[2]New Zealand Tallow Exports'!Q$59 -> 0 | BG6: ='[2]New Zealand Tallow Exports'!R$59 -> 0 | BH6: ='[2]New Zealand Tallow Exports'!S$59 -> 0 | BI6: ='[2]New Zealand Tallow Exports'!T$59 -> 0 | BJ6: ='[2]New Zealand Tallow Exports'!U$59 -> 0 | ... BU6: ='[2]New Zealand Tallow Exports'!AF$59 -> 0 | BX6: ='[2]Paraguay Tallow Exports'!K$59 -> 0 | BY6: ='[2]Paraguay Tallow Exports'!L$59 -> 0 | BZ6: ='[2]Paraguay Tallow Exports'!M$59 -> 0 | CA6: ='[2]Paraguay Tallow Exports'!N$59 -> 0 | CB6: ='[2]Paraguay Tallow Exports'!O$59 -> 0 | CC6: ='[2]Paraguay Tallow Exports'!P$59 -> 0 | CD6: ='[2]Paraguay Tallow Exports'!Q$59 -> 29 | CE6: ='[2]Paraguay Tallow Exports'!R$59 -> 0 | ... CQ6: ='[2]Paraguay Tallow Exports'!AD$59 -> 2518 | CR6: =FORECAST(CR$41,CM6:CQ6,CM$41:CQ$41) -> 2656.1391 | DE6: ='[2]Brazil Tallow Exports'!U$59 -> 0 | DF6: ='[2]Brazil Tallow Exports'!V$59 -> 0 | DG6: ='[2]Brazil Tallow Exports'!W$59 -> 0 | DH6: ='[2]Brazil Tallow Exports'!X$59 -> 0 | DI6: ='[2]Brazil Tallow Exports'!Y$59 -> 0 | DJ6: ='[2]Brazil Tallow Exports'!Z$59 -> 0 | DK6: ='[2]Brazil Tallow Exports'!AA$59 -> 0 | DL6: ='[2]Brazil Tallow Exports'!AB$59 -> 25 | ... DP6: ='[2]Brazil Tallow Exports'!AF$59 -> 125 | EB6: =N6+AL6+CH6+DE6+BJ6 -> 313 | EC6: =O6+AM6+CI6+DF6+BK6 -> 1080 | ED6: =P6+AN6+CJ6+DG6+BL6 -> 1831 | EE6: =Q6+AO6+CK6+DH6+BM6 -> 2420 | EF6: =R6+AP6+CL6+DI6+BN6 -> 1265 | EG6: =S6+AQ6+CM6+DJ6+BO6 -> 2479 | EH6: =T6+AR6+CN6+DK6+BP6 -> 2677 | EI6: =U6+AS6+CO6+DL6+BQ6 -> 3067 | ... EM6: =Y6+AW6+CS6+DP6+BU6 -> 125 | EN6: =IF(FORECAST(EN$41,EI6:EM6,EI$41:EM$41)<0,0,FORECAST(EN$41,EI6:EM6,EI$41:EM$41)) -> 0 | EO6: =IF(FORECAST(EO$41,EJ6:EN6,EJ$41:EN$41)<0,0,FORECAST(EO$41,EJ6:EN6,EJ$41:EN$41)) -> 0 | EP6: =IF(FORECAST(EP$41,EK6:EO6,EK$41:EO$41)<0,0,FORECAST(EP$41,EK6:EO6,EK$41:EO$41)) -> 0 | EQ6: =IF(FORECAST(EQ$41,EL6:EP6,EL$41:EP$41)<0,0,FORECAST(EQ$41,EL6:EP6,EL$41:EP$41)) -> 0 | ER6: =IF(FORECAST(ER$41,EM6:EQ6,EM$41:EQ$41)<0,0,FORECAST(ER$41,EM6:EQ6,EM$41:EQ$41)) -> 0 | ES6: =IF(FORECAST(ES$41,EN6:ER6,EN$41:ER$41)<0,0,FORECAST(ES$41,EN6:ER6,EN$41:ER$41)) -> 0 | ET6: =IF(FORECAST(ET$41,EO6:ES6,EO$41:ES$41)<0,0,FORECAST(ET$41,EO6:ES6,EO$41:ES$41)) -> 0 | EU6: =IF(FORECAST(EU$41,EP6:ET6,EP$41:ET$41)<0,0,FORECAST(EU$41,EP6:ET6,EP$41:ET$41)) -> 0 | ... FN6: =IF(FORECAST(FN$41,FI6:FM6,FI$41:FM$41)<0,0,FORECAST(FN$41,FI6:FM6,FI$41:FM$41)) -> 0
A7: China | B7: ='[2]Canada Tallow Exports'!I$88 -> 68983 | C7: ='[2]Canada Tallow Exports'!J$88 -> 42854 | D7: ='[2]Canada Tallow Exports'!K$88 -> 82237 | E7: ='[2]Canada Tallow Exports'!L$88 -> 33000 | F7: ='[2]Canada Tallow Exports'!M$88 -> 0 | G7: ='[2]Canada Tallow Exports'!N$88 -> 0 | H7: ='[2]Canada Tallow Exports'!O$88 -> 0 | I7: ='[2]Canada Tallow Exports'!P$88 -> 0 | ... Y7: ='[2]Canada Tallow Exports'!AF$88 -> 0 | AE7: ='[2]Australia Tallow Exports'!N$88 -> 207459 | AF7: ='[2]Australia Tallow Exports'!O$88 -> 199454 | AG7: ='[2]Australia Tallow Exports'!P$88 -> 242266 | AH7: ='[2]Australia Tallow Exports'!Q$88 -> 253296 | AI7: ='[2]Australia Tallow Exports'!R$88 -> 228605 | AJ7: ='[2]Australia Tallow Exports'!S$88 -> 216692 | AK7: ='[2]Australia Tallow Exports'!T$88 -> 181102 | AL7: ='[2]Australia Tallow Exports'!U$88 -> 108799 | ... AW7: ='[2]Australia Tallow Exports'!AF$88 -> 20000 | BC7: ='[2]New Zealand Tallow Exports'!N$88 -> 99548 | BD7: ='[2]New Zealand Tallow Exports'!O$88 -> 116521 | BE7: ='[2]New Zealand Tallow Exports'!P$88 -> 95738 | BF7: ='[2]New Zealand Tallow Exports'!Q$88 -> 122580 | BG7: ='[2]New Zealand Tallow Exports'!R$88 -> 103899 | BH7: ='[2]New Zealand Tallow Exports'!S$88 -> 106189 | BI7: ='[2]New Zealand Tallow Exports'!T$88 -> 71105 | BJ7: ='[2]New Zealand Tallow Exports'!U$88 -> 80115 | ... BU7: ='[2]New Zealand Tallow Exports'!AF$88 -> 150 | BX7: ='[2]Paraguay Tallow Exports'!K$88 -> 0 | BY7: ='[2]Paraguay Tallow Exports'!L$88 -> 0 | BZ7: ='[2]Paraguay Tallow Exports'!M$88 -> 0 | CA7: ='[2]Paraguay Tallow Exports'!N$88 -> 0 | CB7: ='[2]Paraguay Tallow Exports'!O$88 -> 0 | CC7: ='[2]Paraguay Tallow Exports'!P$88 -> 0 | CD7: ='[2]Paraguay Tallow Exports'!Q$88 -> 0 | CE7: ='[2]Paraguay Tallow Exports'!R$88 -> 0 | ... CQ7: ='[2]Paraguay Tallow Exports'!AD$88 -> 0 | CR7: =FORECAST(CR$41,CM7:CQ7,CM$41:CQ$41) -> 0 | DE7: ='[2]Brazil Tallow Exports'!U$88 -> 0 | DF7: ='[2]Brazil Tallow Exports'!V$88 -> 0 | DG7: ='[2]Brazil Tallow Exports'!W$88 -> 0 | DH7: ='[2]Brazil Tallow Exports'!X$88 -> 0 | DI7: ='[2]Brazil Tallow Exports'!Y$88 -> 0 | DJ7: ='[2]Brazil Tallow Exports'!Z$88 -> 0 | DK7: ='[2]Brazil Tallow Exports'!AA$88 -> 0 | DL7: ='[2]Brazil Tallow Exports'!AB$88 -> 399 | ... DP7: ='[2]Brazil Tallow Exports'!AF$88 -> 12500 | EB7: =N7+AL7+CH7+DE7+BJ7 -> 188914 | EC7: =O7+AM7+CI7+DF7+BK7 -> 101474 | ED7: =P7+AN7+CJ7+DG7+BL7 -> 145151 | EE7: =Q7+AO7+CK7+DH7+BM7 -> 130013 | EF7: =R7+AP7+CL7+DI7+BN7 -> 68142 | EG7: =S7+AQ7+CM7+DJ7+BO7 -> 93613 | EH7: =T7+AR7+CN7+DK7+BP7 -> 114108 | EI7: =U7+AS7+CO7+DL7+BQ7 -> 107081 | ... EM7: =Y7+AW7+CS7+DP7+BU7 -> 32650 | EN7: =IF(FORECAST(EN$41,EI7:EM7,EI$41:EM$41)<0,0,FORECAST(EN$41,EI7:EM7,EI$41:EM$41))+25000 -> 25000 | EO7: =IF(FORECAST(EO$41,EJ7:EN7,EJ$41:EN$41)<0,0,FORECAST(EO$41,EJ7:EN7,EJ$41:EN$41)) -> 7546.2251 | EP7: =IF(FORECAST(EP$41,EK7:EO7,EK$41:EO$41)<0,0,FORECAST(EP$41,EK7:EO7,EK$41:EO$41)) -> 8560.4823 | EQ7: =IF(FORECAST(EQ$41,EL7:EP7,EL$41:EP$41)<0,0,FORECAST(EQ$41,EL7:EP7,EL$41:EP$41)) -> 11022.912 | ER7: =IF(FORECAST(ER$41,EM7:EQ7,EM$41:EQ$41)<0,0,FORECAST(ER$41,EM7:EQ7,EM$41:EQ$41)) -> 7680.303 | ES7: =IF(FORECAST(ES$41,EN7:ER7,EN$41:ER$41)<0,0,FORECAST(ES$41,EN7:ER7,EN$41:ER$41)) -> 4760.6925 | ET7: =IF(FORECAST(ET$41,EO7:ES7,EO$41:ES$41)<0,0,FORECAST(ET$41,EO7:ES7,EO$41:ES$41)) -> 6855.6863 | EU7: =IF(FORECAST(EU$41,EP7:ET7,EP$41:ET$41)<0,0,FORECAST(EU$41,EP7:ET7,EP$41:ET$41)) -> 3979.4969 | EV7: =IF(FORECAST(EV$41,EQ7:EU7,EQ$41:EU$41)<0,0,FORECAST(EV$41,EQ7:EU7,EQ$41:EU$41)) -> 955.07045 | ... FN7: =IF(FORECAST(FN$41,FI7:FM7,FI$41:FM$41)<0,0,FORECAST(FN$41,FI7:FM7,FI$41:FM$41)) -> 0
A8: Indonesia | B8: ='[2]Canada Tallow Exports'!I$103 -> 0 | C8: ='[2]Canada Tallow Exports'!J$103 -> 0 | D8: ='[2]Canada Tallow Exports'!K$103 -> 0 | E8: ='[2]Canada Tallow Exports'!L$103 -> 0 | F8: ='[2]Canada Tallow Exports'!M$103 -> 0 | G8: ='[2]Canada Tallow Exports'!N$103 -> 0 | H8: ='[2]Canada Tallow Exports'!O$103 -> 0 | I8: ='[2]Canada Tallow Exports'!P$103 -> 0 | ... Y8: ='[2]Canada Tallow Exports'!AF$103 -> 0 | AE8: ='[2]Australia Tallow Exports'!N$103 -> 213 | AF8: ='[2]Australia Tallow Exports'!O$103 -> 477 | AG8: ='[2]Australia Tallow Exports'!P$103 -> 2119 | AH8: ='[2]Australia Tallow Exports'!Q$103 -> 1701 | AI8: ='[2]Australia Tallow Exports'!R$103 -> 860 | AJ8: ='[2]Australia Tallow Exports'!S$103 -> 955 | AK8: ='[2]Australia Tallow Exports'!T$103 -> 863 | AL8: ='[2]Australia Tallow Exports'!U$103 -> 304 | ... AW8: ='[2]Australia Tallow Exports'!AF$103 -> 0 | BC8: ='[2]New Zealand Tallow Exports'!N$103 -> 181 | BD8: ='[2]New Zealand Tallow Exports'!O$103 -> 305 | BE8: ='[2]New Zealand Tallow Exports'!P$103 -> 168 | BF8: ='[2]New Zealand Tallow Exports'!Q$103 -> 216 | BG8: ='[2]New Zealand Tallow Exports'!R$103 -> 0 | BH8: ='[2]New Zealand Tallow Exports'!S$103 -> 12 | BI8: ='[2]New Zealand Tallow Exports'!T$103 -> 53 | BJ8: ='[2]New Zealand Tallow Exports'!U$103 -> 74 | ... BU8: ='[2]New Zealand Tallow Exports'!AF$103 -> 0 | BX8: ='[2]Paraguay Tallow Exports'!K$103 -> 0 | BY8: ='[2]Paraguay Tallow Exports'!L$103 -> 0 | BZ8: ='[2]Paraguay Tallow Exports'!M$103 -> 0 | CA8: ='[2]Paraguay Tallow Exports'!N$103 -> 0 | CB8: ='[2]Paraguay Tallow Exports'!O$103 -> 0 | CC8: ='[2]Paraguay Tallow Exports'!P$103 -> 0 | CD8: ='[2]Paraguay Tallow Exports'!Q$103 -> 0 | CE8: ='[2]Paraguay Tallow Exports'!R$103 -> 0 | ... CQ8: ='[2]Paraguay Tallow Exports'!AD$103 -> 0 | CR8: =FORECAST(CR$41,CM8:CQ8,CM$41:CQ$41) -> 0 | DE8: ='[2]Brazil Tallow Exports'!U$103 -> 0 | DF8: ='[2]Brazil Tallow Exports'!V$103 -> 0 | DG8: ='[2]Brazil Tallow Exports'!W$103 -> 0 | DH8: ='[2]Brazil Tallow Exports'!X$103 -> 0 | DI8: ='[2]Brazil Tallow Exports'!Y$103 -> 0 | DJ8: ='[2]Brazil Tallow Exports'!Z$103 -> 0 | DK8: ='[2]Brazil Tallow Exports'!AA$103 -> 0 | DL8: ='[2]Brazil Tallow Exports'!AB$103 -> 0 | ... DP8: ='[2]Brazil Tallow Exports'!AF$103 -> 0 | EB8: =N8+AL8+CH8+DE8+BJ8 -> 378 | EC8: =O8+AM8+CI8+DF8+BK8 -> 171 | ED8: =P8+AN8+CJ8+DG8+BL8 -> 82 | EE8: =Q8+AO8+CK8+DH8+BM8 -> 756 | EF8: =R8+AP8+CL8+DI8+BN8 -> 472 | EG8: =S8+AQ8+CM8+DJ8+BO8 -> 404 | EH8: =T8+AR8+CN8+DK8+BP8 -> 528 | EI8: =U8+AS8+CO8+DL8+BQ8 -> 607 | ... EM8: =Y8+AW8+CS8+DP8+BU8 -> 0 | EN8: =IF(FORECAST(EN$41,EI8:EM8,EI$41:EM$41)<0,0,FORECAST(EN$41,EI8:EM8,EI$41:EM$41))*0.5 -> 0 | EO8: =IF(FORECAST(EO$41,EJ8:EN8,EJ$41:EN$41)<0,0,FORECAST(EO$41,EJ8:EN8,EJ$41:EN$41))*0.5 -> 0 | EP8: =IF(FORECAST(EP$41,EK8:EO8,EK$41:EO$41)<0,0,FORECAST(EP$41,EK8:EO8,EK$41:EO$41))*0.5 -> 0 | EQ8: =IF(FORECAST(EQ$41,EL8:EP8,EL$41:EP$41)<0,0,FORECAST(EQ$41,EL8:EP8,EL$41:EP$41))*0.5 -> 0 | ER8: =IF(FORECAST(ER$41,EM8:EQ8,EM$41:EQ$41)<0,0,FORECAST(ER$41,EM8:EQ8,EM$41:EQ$41))*0.5 -> 0 | ES8: =IF(FORECAST(ES$41,EN8:ER8,EN$41:ER$41)<0,0,FORECAST(ES$41,EN8:ER8,EN$41:ER$41))*0.5 -> 0 | ET8: =IF(FORECAST(ET$41,EO8:ES8,EO$41:ES$41)<0,0,FORECAST(ET$41,EO8:ES8,EO$41:ES$41))*0.5 -> 0 | EU8: =IF(FORECAST(EU$41,EP8:ET8,EP$41:ET$41)<0,0,FORECAST(EU$41,EP8:ET8,EP$41:ET$41))*0.5 -> 0 | ... FN8: =IF(FORECAST(FN$41,FI8:FM8,FI$41:FM$41)<0,0,FORECAST(FN$41,FI8:FM8,FI$41:FM$41))*0.5 -> 0
A9: Iran | B9: ='[2]Canada Tallow Exports'!I$104 -> 0 | C9: ='[2]Canada Tallow Exports'!J$104 -> 0 | D9: ='[2]Canada Tallow Exports'!K$104 -> 0 | E9: ='[2]Canada Tallow Exports'!L$104 -> 0 | F9: ='[2]Canada Tallow Exports'!M$104 -> 0 | G9: ='[2]Canada Tallow Exports'!N$104 -> 14 | H9: ='[2]Canada Tallow Exports'!O$104 -> 0 | I9: ='[2]Canada Tallow Exports'!P$104 -> 0 | ... Y9: ='[2]Canada Tallow Exports'!AF$104 -> 0 | AE9: ='[2]Australia Tallow Exports'!N$104 -> 7615 | AF9: ='[2]Australia Tallow Exports'!O$104 -> 4518 | AG9: ='[2]Australia Tallow Exports'!P$104 -> 2010 | AH9: ='[2]Australia Tallow Exports'!Q$104 -> 4111 | AI9: ='[2]Australia Tallow Exports'!R$104 -> 819 | AJ9: ='[2]Australia Tallow Exports'!S$104 -> 450 | AK9: ='[2]Australia Tallow Exports'!T$104 -> 20 | AL9: ='[2]Australia Tallow Exports'!U$104 -> 0 | ... AW9: ='[2]Australia Tallow Exports'!AF$104 -> 0 | BC9: ='[2]New Zealand Tallow Exports'!N$104 -> 0 | BD9: ='[2]New Zealand Tallow Exports'!O$104 -> 0 | BE9: ='[2]New Zealand Tallow Exports'!P$104 -> 0 | BF9: ='[2]New Zealand Tallow Exports'!Q$104 -> 0 | BG9: ='[2]New Zealand Tallow Exports'!R$104 -> 0 | BH9: ='[2]New Zealand Tallow Exports'!S$104 -> 0 | BI9: ='[2]New Zealand Tallow Exports'!T$104 -> 0 | BJ9: ='[2]New Zealand Tallow Exports'!U$104 -> 0 | ... BU9: ='[2]New Zealand Tallow Exports'!AF$104 -> 0 | BX9: ='[2]Paraguay Tallow Exports'!K$104 -> 0 | BY9: ='[2]Paraguay Tallow Exports'!L$104 -> 0 | BZ9: ='[2]Paraguay Tallow Exports'!M$104 -> 0 | CA9: ='[2]Paraguay Tallow Exports'!N$104 -> 0 | CB9: ='[2]Paraguay Tallow Exports'!O$104 -> 0 | CC9: ='[2]Paraguay Tallow Exports'!P$104 -> 0 | CD9: ='[2]Paraguay Tallow Exports'!Q$104 -> 0 | CE9: ='[2]Paraguay Tallow Exports'!R$104 -> 0 | ... CQ9: ='[2]Paraguay Tallow Exports'!AD$104 -> 0 | CR9: 0 | DE9: ='[2]Brazil Tallow Exports'!U$104 -> 0 | DF9: ='[2]Brazil Tallow Exports'!V$104 -> 0 | DG9: ='[2]Brazil Tallow Exports'!W$104 -> 0 | DH9: ='[2]Brazil Tallow Exports'!X$104 -> 0 | DI9: ='[2]Brazil Tallow Exports'!Y$104 -> 0 | DJ9: ='[2]Brazil Tallow Exports'!Z$104 -> 0 | DK9: ='[2]Brazil Tallow Exports'!AA$104 -> 0 | DL9: ='[2]Brazil Tallow Exports'!AB$104 -> 0 | ... DP9: ='[2]Brazil Tallow Exports'!AF$104 -> 0 | EB9: =N9+AL9+CH9+DE9+BJ9 -> 0 | EC9: =O9+AM9+CI9+DF9+BK9 -> 0 | ED9: =P9+AN9+CJ9+DG9+BL9 -> 0 | EE9: =Q9+AO9+CK9+DH9+BM9 -> 0 | EF9: =R9+AP9+CL9+DI9+BN9 -> 101 | EG9: =S9+AQ9+CM9+DJ9+BO9 -> 0 | EH9: =T9+AR9+CN9+DK9+BP9 -> 0 | EI9: =U9+AS9+CO9+DL9+BQ9 -> 0 | ... EM9: =Y9+AW9+CS9+DP9+BU9 -> 0 | EN9: =IF(FORECAST(EN$41,EI9:EM9,EI$41:EM$41)<0,0,FORECAST(EN$41,EI9:EM9,EI$41:EM$41))*0 -> 0 | EO9: =IF(FORECAST(EO$41,EJ9:EN9,EJ$41:EN$41)<0,0,FORECAST(EO$41,EJ9:EN9,EJ$41:EN$41))*0 -> 0 | EP9: =IF(FORECAST(EP$41,EK9:EO9,EK$41:EO$41)<0,0,FORECAST(EP$41,EK9:EO9,EK$41:EO$41))*0 -> 0 | EQ9: =IF(FORECAST(EQ$41,EL9:EP9,EL$41:EP$41)<0,0,FORECAST(EQ$41,EL9:EP9,EL$41:EP$41))*0 -> 0 | ER9: =IF(FORECAST(ER$41,EM9:EQ9,EM$41:EQ$41)<0,0,FORECAST(ER$41,EM9:EQ9,EM$41:EQ$41))*0 -> 0 | ES9: =IF(FORECAST(ES$41,EN9:ER9,EN$41:ER$41)<0,0,FORECAST(ES$41,EN9:ER9,EN$41:ER$41))*0 -> 0 | ET9: =IF(FORECAST(ET$41,EO9:ES9,EO$41:ES$41)<0,0,FORECAST(ET$41,EO9:ES9,EO$41:ES$41))*0 -> 0 | EU9: =IF(FORECAST(EU$41,EP9:ET9,EP$41:ET$41)<0,0,FORECAST(EU$41,EP9:ET9,EP$41:ET$41))*0 -> 0 | ... FN9: =IF(FORECAST(FN$41,FI9:FM9,FI$41:FM$41)<0,0,FORECAST(FN$41,FI9:FM9,FI$41:FM$41))*0 -> 0
A10: Israel | B10: ='[2]Canada Tallow Exports'!I$107 -> 0 | C10: ='[2]Canada Tallow Exports'!J$107 -> 0 | D10: ='[2]Canada Tallow Exports'!K$107 -> 83 | E10: ='[2]Canada Tallow Exports'!L$107 -> 160 | F10: ='[2]Canada Tallow Exports'!M$107 -> 0 | G10: ='[2]Canada Tallow Exports'!N$107 -> 0 | H10: ='[2]Canada Tallow Exports'!O$107 -> 0 | I10: ='[2]Canada Tallow Exports'!P$107 -> 0 | ... Y10: ='[2]Canada Tallow Exports'!AF$107 -> 0 | AE10: ='[2]Australia Tallow Exports'!N$107 -> 0 | AF10: ='[2]Australia Tallow Exports'!O$107 -> 0 | AG10: ='[2]Australia Tallow Exports'!P$107 -> 0 | AH10: ='[2]Australia Tallow Exports'!Q$107 -> 0 | AI10: ='[2]Australia Tallow Exports'!R$107 -> 0 | AJ10: ='[2]Australia Tallow Exports'!S$107 -> 0 | AK10: ='[2]Australia Tallow Exports'!T$107 -> 0 | AL10: ='[2]Australia Tallow Exports'!U$107 -> 0 | ... AW10: ='[2]Australia Tallow Exports'!AF$107 -> 0 | BC10: ='[2]New Zealand Tallow Exports'!N$107 -> 0 | BD10: ='[2]New Zealand Tallow Exports'!O$107 -> 0 | BE10: ='[2]New Zealand Tallow Exports'!P$107 -> 0 | BF10: ='[2]New Zealand Tallow Exports'!Q$107 -> 0 | BG10: ='[2]New Zealand Tallow Exports'!R$107 -> 0 | BH10: ='[2]New Zealand Tallow Exports'!S$107 -> 0 | BI10: ='[2]New Zealand Tallow Exports'!T$107 -> 0 | BJ10: ='[2]New Zealand Tallow Exports'!U$107 -> 0 | ... BU10: ='[2]New Zealand Tallow Exports'!AF$107 -> 0 | BX10: ='[2]Paraguay Tallow Exports'!K$107 -> 0 | BY10: ='[2]Paraguay Tallow Exports'!L$107 -> 0 | BZ10: ='[2]Paraguay Tallow Exports'!M$107 -> 0 | CA10: ='[2]Paraguay Tallow Exports'!N$107 -> 44 | CB10: ='[2]Paraguay Tallow Exports'!O$107 -> 89 | CC10: ='[2]Paraguay Tallow Exports'!P$107 -> 28 | CD10: ='[2]Paraguay Tallow Exports'!Q$107 -> 112 | CE10: ='[2]Paraguay Tallow Exports'!R$107 -> 164 | ... CQ10: ='[2]Paraguay Tallow Exports'!AD$107 -> 477 | CR10: =FORECAST(CR$41,CM10:CQ10,CM$41:CQ$41) -> 539.79429 | DE10: ='[2]Brazil Tallow Exports'!U$107 -> 69 | DF10: ='[2]Brazil Tallow Exports'!V$107 -> 99 | DG10: ='[2]Brazil Tallow Exports'!W$107 -> 79 | DH10: ='[2]Brazil Tallow Exports'!X$107 -> 171 | DI10: ='[2]Brazil Tallow Exports'!Y$107 -> 229 | DJ10: ='[2]Brazil Tallow Exports'!Z$107 -> 264 | DK10: ='[2]Brazil Tallow Exports'!AA$107 -> 138 | DL10: ='[2]Brazil Tallow Exports'!AB$107 -> 371 | ... DP10: ='[2]Brazil Tallow Exports'!AF$107 -> 500 | EB10: =N10+AL10+CH10+DE10+BJ10 -> 206 | EC10: =O10+AM10+CI10+DF10+BK10 -> 719 | ED10: =P10+AN10+CJ10+DG10+BL10 -> 592 | EE10: =Q10+AO10+CK10+DH10+BM10 -> 672 | EF10: =R10+AP10+CL10+DI10+BN10 -> 856 | EG10: =S10+AQ10+CM10+DJ10+BO10 -> 799 | EH10: =T10+AR10+CN10+DK10+BP10 -> 584 | EI10: =U10+AS10+CO10+DL10+BQ10 -> 1263 | ... EM10: =Y10+AW10+CS10+DP10+BU10 -> 500 | EN10: =IF(FORECAST(EN$41,EI10:EM10,EI$41:EM$41)<0,0,FORECAST(EN$41,EI10:EM10,EI$41:EM$41))*1.25 -> 109.84089 | EO10: =IF(FORECAST(EO$41,EJ10:EN10,EJ$41:EN$41)<0,0,FORECAST(EO$41,EJ10:EN10,EJ$41:EN$41)) -> 0 | EP10: =IF(FORECAST(EP$41,EK10:EO10,EK$41:EO$41)<0,0,FORECAST(EP$41,EK10:EO10,EK$41:EO$41)) -> 0 | EQ10: =IF(FORECAST(EQ$41,EL10:EP10,EL$41:EP$41)<0,0,FORECAST(EQ$41,EL10:EP10,EL$41:EP$41)) -> 0 | ER10: =IF(FORECAST(ER$41,EM10:EQ10,EM$41:EQ$41)<0,0,FORECAST(ER$41,EM10:EQ10,EM$41:EQ$41)) -> 0 | ES10: =IF(FORECAST(ES$41,EN10:ER10,EN$41:ER$41)<0,0,FORECAST(ES$41,EN10:ER10,EN$41:ER$41)) -> 0 | ET10: =IF(FORECAST(ET$41,EO10:ES10,EO$41:ES$41)<0,0,FORECAST(ET$41,EO10:ES10,EO$41:ES$41)) -> 0 | EU10: =IF(FORECAST(EU$41,EP10:ET10,EP$41:ET$41)<0,0,FORECAST(EU$41,EP10:ET10,EP$41:ET$41)) -> 0 | EV10: =IF(FORECAST(EV$41,EQ10:EU10,EQ$41:EU$41)<0,0,FORECAST(EV$41,EQ10:EU10,EQ$41:EU$41)) -> 0 | ... FN10: =IF(FORECAST(FN$41,FI10:FM10,FI$41:FM$41)<0,0,FORECAST(FN$41,FI10:FM10,FI$41:FM$41)) -> 0
A11: Japan | B11: ='[2]Canada Tallow Exports'!I$108 -> 31744 | C11: ='[2]Canada Tallow Exports'!J$108 -> 44674 | D11: ='[2]Canada Tallow Exports'!K$108 -> 35863 | E11: ='[2]Canada Tallow Exports'!L$108 -> 48973 | F11: ='[2]Canada Tallow Exports'!M$108 -> 57152 | G11: ='[2]Canada Tallow Exports'!N$108 -> 45713 | H11: ='[2]Canada Tallow Exports'!O$108 -> 48141 | I11: ='[2]Canada Tallow Exports'!P$108 -> 42517 | ... Y11: ='[2]Canada Tallow Exports'!AF$108 -> 0 | AE11: ='[2]Australia Tallow Exports'!N$108 -> 2987 | AF11: ='[2]Australia Tallow Exports'!O$108 -> 8325 | AG11: ='[2]Australia Tallow Exports'!P$108 -> 1189 | AH11: ='[2]Australia Tallow Exports'!Q$108 -> 305 | AI11: ='[2]Australia Tallow Exports'!R$108 -> 580 | AJ11: ='[2]Australia Tallow Exports'!S$108 -> 87 | AK11: ='[2]Australia Tallow Exports'!T$108 -> 105 | AL11: ='[2]Australia Tallow Exports'!U$108 -> 3466 | ... AW11: ='[2]Australia Tallow Exports'!AF$108 -> 50 | BC11: ='[2]New Zealand Tallow Exports'!N$108 -> 0 | BD11: ='[2]New Zealand Tallow Exports'!O$108 -> 4 | BE11: ='[2]New Zealand Tallow Exports'!P$108 -> 7 | BF11: ='[2]New Zealand Tallow Exports'!Q$108 -> 57 | BG11: ='[2]New Zealand Tallow Exports'!R$108 -> 29 | BH11: ='[2]New Zealand Tallow Exports'!S$108 -> 24 | BI11: ='[2]New Zealand Tallow Exports'!T$108 -> 12 | BJ11: ='[2]New Zealand Tallow Exports'!U$108 -> 16 | ... BU11: ='[2]New Zealand Tallow Exports'!AF$108 -> 0 | BX11: ='[2]Paraguay Tallow Exports'!K$108 -> 0 | BY11: ='[2]Paraguay Tallow Exports'!L$108 -> 0 | BZ11: ='[2]Paraguay Tallow Exports'!M$108 -> 0 | CA11: ='[2]Paraguay Tallow Exports'!N$108 -> 0 | CB11: ='[2]Paraguay Tallow Exports'!O$108 -> 0 | CC11: ='[2]Paraguay Tallow Exports'!P$108 -> 0 | CD11: ='[2]Paraguay Tallow Exports'!Q$108 -> 0 | CE11: ='[2]Paraguay Tallow Exports'!R$108 -> 0 | ... CQ11: ='[2]Paraguay Tallow Exports'!AD$108 -> 0 | CR11: =FORECAST(CR$41,CM11:CQ11,CM$41:CQ$41) -> 0 | DE11: ='[2]Brazil Tallow Exports'!U$108 -> 0 | DF11: ='[2]Brazil Tallow Exports'!V$108 -> 0 | DG11: ='[2]Brazil Tallow Exports'!W$108 -> 0 | DH11: ='[2]Brazil Tallow Exports'!X$108 -> 0 | DI11: ='[2]Brazil Tallow Exports'!Y$108 -> 0 | DJ11: ='[2]Brazil Tallow Exports'!Z$108 -> 0 | DK11: ='[2]Brazil Tallow Exports'!AA$108 -> 0 | DL11: ='[2]Brazil Tallow Exports'!AB$108 -> 0 | ... DP11: ='[2]Brazil Tallow Exports'!AF$108 -> 0 | EB11: =N11+AL11+CH11+DE11+BJ11 -> 50078 | EC11: =O11+AM11+CI11+DF11+BK11 -> 41789 | ED11: =P11+AN11+CJ11+DG11+BL11 -> 41261 | EE11: =Q11+AO11+CK11+DH11+BM11 -> 34874 | EF11: =R11+AP11+CL11+DI11+BN11 -> 26461 | EG11: =S11+AQ11+CM11+DJ11+BO11 -> 19370 | EH11: =T11+AR11+CN11+DK11+BP11 -> 20902 | EI11: =U11+AS11+CO11+DL11+BQ11 -> 18150 | ... EM11: =Y11+AW11+CS11+DP11+BU11 -> 50 | EN11: =IF(FORECAST(EN$41,EI11:EM11,EI$41:EM$41)<0,0,FORECAST(EN$41,EI11:EM11,EI$41:EM$41))*0.5 -> 0 | EO11: =IF(FORECAST(EO$41,EJ11:EN11,EJ$41:EN$41)<0,0,FORECAST(EO$41,EJ11:EN11,EJ$41:EN$41))*0.5 -> 0 | EP11: =IF(FORECAST(EP$41,EK11:EO11,EK$41:EO$41)<0,0,FORECAST(EP$41,EK11:EO11,EK$41:EO$41))*0.5 -> 0 | EQ11: =IF(FORECAST(EQ$41,EL11:EP11,EL$41:EP$41)<0,0,FORECAST(EQ$41,EL11:EP11,EL$41:EP$41))*0.5 -> 0 | ER11: =IF(FORECAST(ER$41,EM11:EQ11,EM$41:EQ$41)<0,0,FORECAST(ER$41,EM11:EQ11,EM$41:EQ$41))*0.5 -> 0 | ES11: =IF(FORECAST(ES$41,EN11:ER11,EN$41:ER$41)<0,0,FORECAST(ES$41,EN11:ER11,EN$41:ER$41))*0.5 -> 0 | ET11: =IF(FORECAST(ET$41,EO11:ES11,EO$41:ES$41)<0,0,FORECAST(ET$41,EO11:ES11,EO$41:ES$41))*0.5 -> 0 | EU11: =IF(FORECAST(EU$41,EP11:ET11,EP$41:ET$41)<0,0,FORECAST(EU$41,EP11:ET11,EP$41:ET$41))*0.5 -> 0 | ... FN11: =IF(FORECAST(FN$41,FI11:FM11,FI$41:FM$41)<0,0,FORECAST(FN$41,FI11:FM11,FI$41:FM$41))*0.5 -> 0
A12: Jordan | B12: ='[2]Canada Tallow Exports'!I$109 -> 0 | C12: ='[2]Canada Tallow Exports'!J$109 -> 0 | D12: ='[2]Canada Tallow Exports'!K$109 -> 0 | E12: ='[2]Canada Tallow Exports'!L$109 -> 0 | F12: ='[2]Canada Tallow Exports'!M$109 -> 0 | G12: ='[2]Canada Tallow Exports'!N$109 -> 0 | H12: ='[2]Canada Tallow Exports'!O$109 -> 0 | I12: ='[2]Canada Tallow Exports'!P$109 -> 0 | ... Y12: ='[2]Canada Tallow Exports'!AF$109 -> 0 | AE12: ='[2]Australia Tallow Exports'!N$109 -> 0 | AF12: ='[2]Australia Tallow Exports'!O$109 -> 0 | AG12: ='[2]Australia Tallow Exports'!P$109 -> 0 | AH12: ='[2]Australia Tallow Exports'!Q$109 -> 0 | AI12: ='[2]Australia Tallow Exports'!R$109 -> 0 | AJ12: ='[2]Australia Tallow Exports'!S$109 -> 25 | AK12: ='[2]Australia Tallow Exports'!T$109 -> 99 | AL12: ='[2]Australia Tallow Exports'!U$109 -> 25 | ... AW12: ='[2]Australia Tallow Exports'!AF$109 -> 0 | BC12: ='[2]New Zealand Tallow Exports'!N$109 -> 32 | BD12: ='[2]New Zealand Tallow Exports'!O$109 -> 0 | BE12: ='[2]New Zealand Tallow Exports'!P$109 -> 0 | BF12: ='[2]New Zealand Tallow Exports'!Q$109 -> 0 | BG12: ='[2]New Zealand Tallow Exports'!R$109 -> 0 | BH12: ='[2]New Zealand Tallow Exports'!S$109 -> 0 | BI12: ='[2]New Zealand Tallow Exports'!T$109 -> 0 | BJ12: ='[2]New Zealand Tallow Exports'!U$109 -> 0 | ... BU12: ='[2]New Zealand Tallow Exports'!AF$109 -> 0 | BX12: ='[2]Paraguay Tallow Exports'!K$109 -> 0 | BY12: ='[2]Paraguay Tallow Exports'!L$109 -> 0 | BZ12: ='[2]Paraguay Tallow Exports'!M$109 -> 0 | CA12: ='[2]Paraguay Tallow Exports'!N$109 -> 120 | CB12: ='[2]Paraguay Tallow Exports'!O$109 -> 60 | CC12: ='[2]Paraguay Tallow Exports'!P$109 -> 29 | CD12: ='[2]Paraguay Tallow Exports'!Q$109 -> 314 | CE12: ='[2]Paraguay Tallow Exports'!R$109 -> 349 | ... CQ12: ='[2]Paraguay Tallow Exports'!AD$109 -> 91 | CR12: =FORECAST(CR$41,CM12:CQ12,CM$41:CQ$41) -> 65.305824 | DE12: ='[2]Brazil Tallow Exports'!U$109 -> 0 | DF12: ='[2]Brazil Tallow Exports'!V$109 -> 80 | DG12: ='[2]Brazil Tallow Exports'!W$109 -> 0 | DH12: ='[2]Brazil Tallow Exports'!X$109 -> 54 | DI12: ='[2]Brazil Tallow Exports'!Y$109 -> 0 | DJ12: ='[2]Brazil Tallow Exports'!Z$109 -> 0 | DK12: ='[2]Brazil Tallow Exports'!AA$109 -> 0 | DL12: ='[2]Brazil Tallow Exports'!AB$109 -> 196 | ... DP12: ='[2]Brazil Tallow Exports'!AF$109 -> 500 | EB12: =N12+AL12+CH12+DE12+BJ12 -> 25 | EC12: =O12+AM12+CI12+DF12+BK12 -> 298 | ED12: =P12+AN12+CJ12+DG12+BL12 -> 0 | EE12: =Q12+AO12+CK12+DH12+BM12 -> 54 | EF12: =R12+AP12+CL12+DI12+BN12 -> 249 | EG12: =S12+AQ12+CM12+DJ12+BO12 -> 269 | EH12: =T12+AR12+CN12+DK12+BP12 -> 468 | EI12: =U12+AS12+CO12+DL12+BQ12 -> 523 | ... EM12: =Y12+AW12+CS12+DP12+BU12 -> 500 | EN12: =IF(FORECAST(EN$41,EI12:EM12,EI$41:EM$41)<0,0,FORECAST(EN$41,EI12:EM12,EI$41:EM$41)) -> 491.15926 | EO12: =IF(FORECAST(EO$41,EJ12:EN12,EJ$41:EN$41)<0,0,FORECAST(EO$41,EJ12:EN12,EJ$41:EN$41)) -> 477.34109 | EP12: =IF(FORECAST(EP$41,EK12:EO12,EK$41:EO$41)<0,0,FORECAST(EP$41,EK12:EO12,EK$41:EO$41)) -> 472.21484 | EQ12: =IF(FORECAST(EQ$41,EL12:EP12,EL$41:EP$41)<0,0,FORECAST(EQ$41,EL12:EP12,EL$41:EP$41)) -> 467.02966 | ER12: =IF(FORECAST(ER$41,EM12:EQ12,EM$41:EQ$41)<0,0,FORECAST(ER$41,EM12:EQ12,EM$41:EQ$41)) -> 470.02484 | ES12: =IF(FORECAST(ES$41,EN12:ER12,EN$41:ER$41)<0,0,FORECAST(ES$41,EN12:ER12,EN$41:ER$41)) -> 465.02109 | ET12: =IF(FORECAST(ET$41,EO12:ES12,EO$41:ES$41)<0,0,FORECAST(ET$41,EO12:ES12,EO$41:ES$41)) -> 463.77451 | EU12: =IF(FORECAST(EU$41,EP12:ET12,EP$41:ET$41)<0,0,FORECAST(EU$41,EP12:ET12,EP$41:ET$41)) -> 460.33557 | ... FN12: =IF(FORECAST(FN$41,FI12:FM12,FI$41:FM$41)<0,0,FORECAST(FN$41,FI12:FM12,FI$41:FM$41)) -> 465.60806
A13: Malaysia | B13: ='[2]Canada Tallow Exports'!I$117 -> 0 | C13: ='[2]Canada Tallow Exports'!J$117 -> 0 | D13: ='[2]Canada Tallow Exports'!K$117 -> 0 | E13: ='[2]Canada Tallow Exports'!L$117 -> 0 | F13: ='[2]Canada Tallow Exports'!M$117 -> 6399 | G13: ='[2]Canada Tallow Exports'!N$117 -> 0 | H13: ='[2]Canada Tallow Exports'!O$117 -> 0 | I13: ='[2]Canada Tallow Exports'!P$117 -> 0 | ... Y13: ='[2]Canada Tallow Exports'!AF$117 -> 0 | AE13: ='[2]Australia Tallow Exports'!N$117 -> 295 | AF13: ='[2]Australia Tallow Exports'!O$117 -> 471 | AG13: ='[2]Australia Tallow Exports'!P$117 -> 1441 | AH13: ='[2]Australia Tallow Exports'!Q$117 -> 2259 | AI13: ='[2]Australia Tallow Exports'!R$117 -> 36 | AJ13: ='[2]Australia Tallow Exports'!S$117 -> 127 | AK13: ='[2]Australia Tallow Exports'!T$117 -> 154 | AL13: ='[2]Australia Tallow Exports'!U$117 -> 0 | ... AW13: ='[2]Australia Tallow Exports'!AF$117 -> 750 | BC13: ='[2]New Zealand Tallow Exports'!N$117 -> 167 | BD13: ='[2]New Zealand Tallow Exports'!O$117 -> 0 | BE13: ='[2]New Zealand Tallow Exports'!P$117 -> 0 | BF13: ='[2]New Zealand Tallow Exports'!Q$117 -> 0 | BG13: ='[2]New Zealand Tallow Exports'!R$117 -> 0 | BH13: ='[2]New Zealand Tallow Exports'!S$117 -> 117 | BI13: ='[2]New Zealand Tallow Exports'!T$117 -> 328 | BJ13: ='[2]New Zealand Tallow Exports'!U$117 -> 993 | ... BU13: ='[2]New Zealand Tallow Exports'!AF$117 -> 1750 | BX13: ='[2]Paraguay Tallow Exports'!K$117 -> 0 | BY13: ='[2]Paraguay Tallow Exports'!L$117 -> 0 | BZ13: ='[2]Paraguay Tallow Exports'!M$117 -> 0 | CA13: ='[2]Paraguay Tallow Exports'!N$117 -> 0 | CB13: ='[2]Paraguay Tallow Exports'!O$117 -> 0 | CC13: ='[2]Paraguay Tallow Exports'!P$117 -> 0 | CD13: ='[2]Paraguay Tallow Exports'!Q$117 -> 0 | CE13: ='[2]Paraguay Tallow Exports'!R$117 -> 0 | ... CQ13: ='[2]Paraguay Tallow Exports'!AD$117 -> 0 | CR13: =FORECAST(CR$41,CM13:CQ13,CM$41:CQ$41) -> 0 | DE13: ='[2]Brazil Tallow Exports'!U$117 -> 0 | DF13: ='[2]Brazil Tallow Exports'!V$117 -> 0 | DG13: ='[2]Brazil Tallow Exports'!W$117 -> 8 | DH13: ='[2]Brazil Tallow Exports'!X$117 -> 27 | DI13: ='[2]Brazil Tallow Exports'!Y$117 -> 56 | DJ13: ='[2]Brazil Tallow Exports'!Z$117 -> 0 | DK13: ='[2]Brazil Tallow Exports'!AA$117 -> 28 | DL13: ='[2]Brazil Tallow Exports'!AB$117 -> 524 | ... DP13: ='[2]Brazil Tallow Exports'!AF$117 -> 2000 | EB13: =N13+AL13+CH13+DE13+BJ13 -> 993 | EC13: =O13+AM13+CI13+DF13+BK13 -> 1146 | ED13: =P13+AN13+CJ13+DG13+BL13 -> 1141 | EE13: =Q13+AO13+CK13+DH13+BM13 -> 1914 | EF13: =R13+AP13+CL13+DI13+BN13 -> 944 | EG13: =S13+AQ13+CM13+DJ13+BO13 -> 709 | EH13: =T13+AR13+CN13+DK13+BP13 -> 4111 | EI13: =U13+AS13+CO13+DL13+BQ13 -> 1786 | ... EM13: =Y13+AW13+CS13+DP13+BU13 -> 4500 | EN13: =IF(FORECAST(EN$41,EI13:EM13,EI$41:EM$41)<0,0,FORECAST(EN$41,EI13:EM13,EI$41:EM$41)) -> 11225.507 | EO13: =IF(FORECAST(EO$41,EJ13:EN13,EJ$41:EN$41)<0,0,FORECAST(EO$41,EJ13:EN13,EJ$41:EN$41)) -> 11851.469 | EP13: =IF(FORECAST(EP$41,EK13:EO13,EK$41:EO$41)<0,0,FORECAST(EP$41,EK13:EO13,EK$41:EO$41)) -> 11793.564 | EQ13: =IF(FORECAST(EQ$41,EL13:EP13,EL$41:EP$41)<0,0,FORECAST(EQ$41,EL13:EP13,EL$41:EP$41)) -> 11151.766 | ER13: =IF(FORECAST(ER$41,EM13:EQ13,EM$41:EQ$41)<0,0,FORECAST(ER$41,EM13:EQ13,EM$41:EQ$41)) -> 12766.288 | ES13: =IF(FORECAST(ES$41,EN13:ER13,EN$41:ER$41)<0,0,FORECAST(ES$41,EN13:ER13,EN$41:ER$41)) -> 12157.711 | ET13: =IF(FORECAST(ET$41,EO13:ES13,EO$41:ES$41)<0,0,FORECAST(ET$41,EO13:ES13,EO$41:ES$41)) -> 12280.217 | EU13: =IF(FORECAST(EU$41,EP13:ET13,EP$41:ET$41)<0,0,FORECAST(EU$41,EP13:ET13,EP$41:ET$41)) -> 12869.548 | ... FN13: =IF(FORECAST(FN$41,FI13:FM13,FI$41:FM$41)<0,0,FORECAST(FN$41,FI13:FM13,FI$41:FM$41)) -> 12205.941
A14: Philippines | B14: ='[2]Canada Tallow Exports'!I$136 -> 0 | C14: ='[2]Canada Tallow Exports'!J$136 -> 0 | D14: ='[2]Canada Tallow Exports'!K$136 -> 0 | E14: ='[2]Canada Tallow Exports'!L$136 -> 49 | F14: ='[2]Canada Tallow Exports'!M$136 -> 0 | G14: ='[2]Canada Tallow Exports'!N$136 -> 0 | H14: ='[2]Canada Tallow Exports'!O$136 -> 0 | I14: ='[2]Canada Tallow Exports'!P$136 -> 0 | ... Y14: ='[2]Canada Tallow Exports'!AF$136 -> 0 | AE14: ='[2]Australia Tallow Exports'!N$136 -> 1350 | AF14: ='[2]Australia Tallow Exports'!O$136 -> 1290 | AG14: ='[2]Australia Tallow Exports'!P$136 -> 1045 | AH14: ='[2]Australia Tallow Exports'!Q$136 -> 1460 | AI14: ='[2]Australia Tallow Exports'!R$136 -> 815 | AJ14: ='[2]Australia Tallow Exports'!S$136 -> 705 | AK14: ='[2]Australia Tallow Exports'!T$136 -> 777 | AL14: ='[2]Australia Tallow Exports'!U$136 -> 0 | ... AW14: ='[2]Australia Tallow Exports'!AF$136 -> 175 | BC14: ='[2]New Zealand Tallow Exports'!N$136 -> 1716 | BD14: ='[2]New Zealand Tallow Exports'!O$136 -> 2917 | BE14: ='[2]New Zealand Tallow Exports'!P$136 -> 4108 | BF14: ='[2]New Zealand Tallow Exports'!Q$136 -> 3349 | BG14: ='[2]New Zealand Tallow Exports'!R$136 -> 2994 | BH14: ='[2]New Zealand Tallow Exports'!S$136 -> 4690 | BI14: ='[2]New Zealand Tallow Exports'!T$136 -> 4443 | BJ14: ='[2]New Zealand Tallow Exports'!U$136 -> 2932 | ... BU14: ='[2]New Zealand Tallow Exports'!AF$136 -> 1200 | BX14: ='[2]Paraguay Tallow Exports'!K$136 -> 0 | BY14: ='[2]Paraguay Tallow Exports'!L$136 -> 0 | BZ14: ='[2]Paraguay Tallow Exports'!M$136 -> 0 | CA14: ='[2]Paraguay Tallow Exports'!N$136 -> 0 | CB14: ='[2]Paraguay Tallow Exports'!O$136 -> 0 | CC14: ='[2]Paraguay Tallow Exports'!P$136 -> 0 | CD14: ='[2]Paraguay Tallow Exports'!Q$136 -> 0 | CE14: ='[2]Paraguay Tallow Exports'!R$136 -> 0 | ... CQ14: ='[2]Paraguay Tallow Exports'!AD$136 -> 0 | CR14: =FORECAST(CR$41,CM14:CQ14,CM$41:CQ$41) -> 0 | DE14: ='[2]Brazil Tallow Exports'!U$136 -> 7 | DF14: ='[2]Brazil Tallow Exports'!V$136 -> 534 | DG14: ='[2]Brazil Tallow Exports'!W$136 -> 0 | DH14: ='[2]Brazil Tallow Exports'!X$136 -> 0 | DI14: ='[2]Brazil Tallow Exports'!Y$136 -> 0 | DJ14: ='[2]Brazil Tallow Exports'!Z$136 -> 0 | DK14: ='[2]Brazil Tallow Exports'!AA$136 -> 0 | DL14: ='[2]Brazil Tallow Exports'!AB$136 -> 0 | ... DP14: ='[2]Brazil Tallow Exports'!AF$136 -> 0 | EB14: =N14+AL14+CH14+DE14+BJ14 -> 2939 | EC14: =O14+AM14+CI14+DF14+BK14 -> 1923 | ED14: =P14+AN14+CJ14+DG14+BL14 -> 1434 | EE14: =Q14+AO14+CK14+DH14+BM14 -> 2431 | EF14: =R14+AP14+CL14+DI14+BN14 -> 2998 | EG14: =S14+AQ14+CM14+DJ14+BO14 -> 1664 | EH14: =T14+AR14+CN14+DK14+BP14 -> 2901 | EI14: =U14+AS14+CO14+DL14+BQ14 -> 2699 | ... EM14: =Y14+AW14+CS14+DP14+BU14 -> 1375 | EN14: =IF(FORECAST(EN$41,EI14:EM14,EI$41:EM$41)<0,0,FORECAST(EN$41,EI14:EM14,EI$41:EM$41)) -> 0 | EO14: =IF(FORECAST(EO$41,EJ14:EN14,EJ$41:EN$41)<0,0,FORECAST(EO$41,EJ14:EN14,EJ$41:EN$41)) -> 0 | EP14: =IF(FORECAST(EP$41,EK14:EO14,EK$41:EO$41)<0,0,FORECAST(EP$41,EK14:EO14,EK$41:EO$41)) -> 0 | EQ14: =IF(FORECAST(EQ$41,EL14:EP14,EL$41:EP$41)<0,0,FORECAST(EQ$41,EL14:EP14,EL$41:EP$41)) -> 0 | ER14: =IF(FORECAST(ER$41,EM14:EQ14,EM$41:EQ$41)<0,0,FORECAST(ER$41,EM14:EQ14,EM$41:EQ$41)) -> 0 | ES14: =IF(FORECAST(ES$41,EN14:ER14,EN$41:ER$41)<0,0,FORECAST(ES$41,EN14:ER14,EN$41:ER$41)) -> 0 | ET14: =IF(FORECAST(ET$41,EO14:ES14,EO$41:ES$41)<0,0,FORECAST(ET$41,EO14:ES14,EO$41:ES$41)) -> 0 | EU14: =IF(FORECAST(EU$41,EP14:ET14,EP$41:ET$41)<0,0,FORECAST(EU$41,EP14:ET14,EP$41:ET$41)) -> 0 | ... FN14: =IF(FORECAST(FN$41,FI14:FM14,FI$41:FM$41)<0,0,FORECAST(FN$41,FI14:FM14,FI$41:FM$41)) -> 0
A15: Saudi Arabia | B15: ='[2]Canada Tallow Exports'!I$140 -> 0 | C15: ='[2]Canada Tallow Exports'!J$140 -> 0 | D15: ='[2]Canada Tallow Exports'!K$140 -> 0 | E15: ='[2]Canada Tallow Exports'!L$140 -> 0 | F15: ='[2]Canada Tallow Exports'!M$140 -> 0 | G15: ='[2]Canada Tallow Exports'!N$140 -> 0 | H15: ='[2]Canada Tallow Exports'!O$140 -> 0 | I15: ='[2]Canada Tallow Exports'!P$140 -> 0 | ... Y15: ='[2]Canada Tallow Exports'!AF$140 -> 0 | AE15: ='[2]Australia Tallow Exports'!N$140 -> 1645 | AF15: ='[2]Australia Tallow Exports'!O$140 -> 0 | AG15: ='[2]Australia Tallow Exports'!P$140 -> 55 | AH15: ='[2]Australia Tallow Exports'!Q$140 -> 42 | AI15: ='[2]Australia Tallow Exports'!R$140 -> 0 | AJ15: ='[2]Australia Tallow Exports'!S$140 -> 0 | AK15: ='[2]Australia Tallow Exports'!T$140 -> 51 | AL15: ='[2]Australia Tallow Exports'!U$140 -> 0 | ... AW15: ='[2]Australia Tallow Exports'!AF$140 -> 10 | BC15: ='[2]New Zealand Tallow Exports'!N$140 -> 0 | BD15: ='[2]New Zealand Tallow Exports'!O$140 -> 0 | BE15: ='[2]New Zealand Tallow Exports'!P$140 -> 0 | BF15: ='[2]New Zealand Tallow Exports'!Q$140 -> 0 | BG15: ='[2]New Zealand Tallow Exports'!R$140 -> 0 | BH15: ='[2]New Zealand Tallow Exports'!S$140 -> 0 | BI15: ='[2]New Zealand Tallow Exports'!T$140 -> 50 | BJ15: ='[2]New Zealand Tallow Exports'!U$140 -> 0 | ... BU15: ='[2]New Zealand Tallow Exports'!AF$140 -> 0 | BX15: ='[2]Paraguay Tallow Exports'!K$140 -> 0 | BY15: ='[2]Paraguay Tallow Exports'!L$140 -> 0 | BZ15: ='[2]Paraguay Tallow Exports'!M$140 -> 0 | CA15: ='[2]Paraguay Tallow Exports'!N$140 -> 171 | CB15: ='[2]Paraguay Tallow Exports'!O$140 -> 110 | CC15: ='[2]Paraguay Tallow Exports'!P$140 -> 0 | CD15: ='[2]Paraguay Tallow Exports'!Q$140 -> 166 | CE15: ='[2]Paraguay Tallow Exports'!R$140 -> 201 | ... CQ15: ='[2]Paraguay Tallow Exports'!AD$140 -> 297 | CR15: =FORECAST(CR$41,CM15:CQ15,CM$41:CQ$41) -> 294.05755 | DE15: ='[2]Brazil Tallow Exports'!U$140 -> 207 | DF15: ='[2]Brazil Tallow Exports'!V$140 -> 0 | DG15: ='[2]Brazil Tallow Exports'!W$140 -> 0 | DH15: ='[2]Brazil Tallow Exports'!X$140 -> 0 | DI15: ='[2]Brazil Tallow Exports'!Y$140 -> 359 | DJ15: ='[2]Brazil Tallow Exports'!Z$140 -> 25 | DK15: ='[2]Brazil Tallow Exports'!AA$140 -> 270 | DL15: ='[2]Brazil Tallow Exports'!AB$140 -> 411 | ... DP15: ='[2]Brazil Tallow Exports'!AF$140 -> 1250 | EB15: =N15+AL15+CH15+DE15+BJ15 -> 207 | EC15: =O15+AM15+CI15+DF15+BK15 -> 0 | ED15: =P15+AN15+CJ15+DG15+BL15 -> 0 | EE15: =Q15+AO15+CK15+DH15+BM15 -> 0 | EF15: =R15+AP15+CL15+DI15+BN15 -> 359 | EG15: =S15+AQ15+CM15+DJ15+BO15 -> 25 | EH15: =T15+AR15+CN15+DK15+BP15 -> 270 | EI15: =U15+AS15+CO15+DL15+BQ15 -> 413 | ... EM15: =Y15+AW15+CS15+DP15+BU15 -> 1260 | EN15: =IF(FORECAST(EN$41,EI15:EM15,EI$41:EM$41)<0,0,FORECAST(EN$41,EI15:EM15,EI$41:EM$41)) -> 2208.3003 | EO15: =IF(FORECAST(EO$41,EJ15:EN15,EJ$41:EN$41)<0,0,FORECAST(EO$41,EJ15:EN15,EJ$41:EN$41)) -> 2377.9677 | EP15: =IF(FORECAST(EP$41,EK15:EO15,EK$41:EO$41)<0,0,FORECAST(EP$41,EK15:EO15,EK$41:EO$41)) -> 2394.1473 | EQ15: =IF(FORECAST(EQ$41,EL15:EP15,EL$41:EP$41)<0,0,FORECAST(EQ$41,EL15:EP15,EL$41:EP$41)) -> 2428.1959 | ER15: =IF(FORECAST(ER$41,EM15:EQ15,EM$41:EQ$41)<0,0,FORECAST(ER$41,EM15:EQ15,EM$41:EQ$41)) -> 2571.7069 | ES15: =IF(FORECAST(ES$41,EN15:ER15,EN$41:ER$41)<0,0,FORECAST(ES$41,EN15:ER15,EN$41:ER$41)) -> 2535.2385 | ET15: =IF(FORECAST(ET$41,EO15:ES15,EO$41:ES$41)<0,0,FORECAST(ET$41,EO15:ES15,EO$41:ES$41)) -> 2574.6496 | EU15: =IF(FORECAST(EU$41,EP15:ET15,EP$41:ET$41)<0,0,FORECAST(EU$41,EP15:ET15,EP$41:ET$41)) -> 2692.3686 | ... FN15: =IF(FORECAST(FN$41,FI15:FM15,FI$41:FM$41)<0,0,FORECAST(FN$41,FI15:FM15,FI$41:FM$41)) -> 2549.9676
A16: South Korea | B16: ='[2]Canada Tallow Exports'!I$112 -> 5485 | C16: ='[2]Canada Tallow Exports'!J$112 -> 11825 | D16: ='[2]Canada Tallow Exports'!K$112 -> 33837 | E16: ='[2]Canada Tallow Exports'!L$112 -> 8936 | F16: ='[2]Canada Tallow Exports'!M$112 -> 44045 | G16: ='[2]Canada Tallow Exports'!N$112 -> 43246 | H16: ='[2]Canada Tallow Exports'!O$112 -> 74406 | I16: ='[2]Canada Tallow Exports'!P$112 -> 46284 | ... Y16: ='[2]Canada Tallow Exports'!AF$112 -> 0 | AE16: ='[2]Australia Tallow Exports'!N$112 -> 11072 | AF16: ='[2]Australia Tallow Exports'!O$112 -> 15632 | AG16: ='[2]Australia Tallow Exports'!P$112 -> 12570 | AH16: ='[2]Australia Tallow Exports'!Q$112 -> 14266 | AI16: ='[2]Australia Tallow Exports'!R$112 -> 8695 | AJ16: ='[2]Australia Tallow Exports'!S$112 -> 17220 | AK16: ='[2]Australia Tallow Exports'!T$112 -> 11551 | AL16: ='[2]Australia Tallow Exports'!U$112 -> 21196 | ... AW16: ='[2]Australia Tallow Exports'!AF$112 -> 5000 | BC16: ='[2]New Zealand Tallow Exports'!N$112 -> 1378 | BD16: ='[2]New Zealand Tallow Exports'!O$112 -> 4768 | BE16: ='[2]New Zealand Tallow Exports'!P$112 -> 5083 | BF16: ='[2]New Zealand Tallow Exports'!Q$112 -> 3981 | BG16: ='[2]New Zealand Tallow Exports'!R$112 -> 3855 | BH16: ='[2]New Zealand Tallow Exports'!S$112 -> 2000 | BI16: ='[2]New Zealand Tallow Exports'!T$112 -> 1500 | BJ16: ='[2]New Zealand Tallow Exports'!U$112 -> 3558 | ... BU16: ='[2]New Zealand Tallow Exports'!AF$112 -> 0 | BX16: ='[2]Paraguay Tallow Exports'!K$112 -> 0 | BY16: ='[2]Paraguay Tallow Exports'!L$112 -> 0 | BZ16: ='[2]Paraguay Tallow Exports'!M$112 -> 0 | CA16: ='[2]Paraguay Tallow Exports'!N$112 -> 0 | CB16: ='[2]Paraguay Tallow Exports'!O$112 -> 0 | CC16: ='[2]Paraguay Tallow Exports'!P$112 -> 0 | CD16: ='[2]Paraguay Tallow Exports'!Q$112 -> 0 | CE16: ='[2]Paraguay Tallow Exports'!R$112 -> 0 | ... CQ16: ='[2]Paraguay Tallow Exports'!AD$112 -> 0 | CR16: =FORECAST(CR$41,CM16:CQ16,CM$41:CQ$41) -> 0 | DE16: ='[2]Brazil Tallow Exports'!U$112 -> 0 | DF16: ='[2]Brazil Tallow Exports'!V$112 -> 0 | DG16: ='[2]Brazil Tallow Exports'!W$112 -> 0 | DH16: ='[2]Brazil Tallow Exports'!X$112 -> 0 | DI16: ='[2]Brazil Tallow Exports'!Y$112 -> 0 | DJ16: ='[2]Brazil Tallow Exports'!Z$112 -> 0 | DK16: ='[2]Brazil Tallow Exports'!AA$112 -> 0 | DL16: ='[2]Brazil Tallow Exports'!AB$112 -> 0 | ... DP16: ='[2]Brazil Tallow Exports'!AF$112 -> 0 | EB16: =N16+AL16+CH16+DE16+BJ16 -> 30356 | EC16: =O16+AM16+CI16+DF16+BK16 -> 13766 | ED16: =P16+AN16+CJ16+DG16+BL16 -> 31040 | EE16: =Q16+AO16+CK16+DH16+BM16 -> 13736 | EF16: =R16+AP16+CL16+DI16+BN16 -> 11342 | EG16: =S16+AQ16+CM16+DJ16+BO16 -> 14933 | EH16: =T16+AR16+CN16+DK16+BP16 -> 22339 | EI16: =U16+AS16+CO16+DL16+BQ16 -> 11720 | ... EM16: =Y16+AW16+CS16+DP16+BU16 -> 5000 | EN16: =IF(FORECAST(EN$41,EI16:EM16,EI$41:EM$41)<0,0,FORECAST(EN$41,EI16:EM16,EI$41:EM$41))*0.5 -> 263.21605 | EO16: =IF(FORECAST(EO$41,EJ16:EN16,EJ$41:EN$41)<0,0,FORECAST(EO$41,EJ16:EN16,EJ$41:EN$41))*0.5 -> 0 | EP16: =IF(FORECAST(EP$41,EK16:EO16,EK$41:EO$41)<0,0,FORECAST(EP$41,EK16:EO16,EK$41:EO$41))*0.5 -> 0 | EQ16: =IF(FORECAST(EQ$41,EL16:EP16,EL$41:EP$41)<0,0,FORECAST(EQ$41,EL16:EP16,EL$41:EP$41))*0.5 -> 0 | ER16: =IF(FORECAST(ER$41,EM16:EQ16,EM$41:EQ$41)<0,0,FORECAST(ER$41,EM16:EQ16,EM$41:EQ$41))*0.5 -> 0 | ES16: =IF(FORECAST(ES$41,EN16:ER16,EN$41:ER$41)<0,0,FORECAST(ES$41,EN16:ER16,EN$41:ER$41))*0.5 -> 0 | ET16: =IF(FORECAST(ET$41,EO16:ES16,EO$41:ES$41)<0,0,FORECAST(ET$41,EO16:ES16,EO$41:ES$41))*0.5 -> 0 | EU16: =IF(FORECAST(EU$41,EP16:ET16,EP$41:ET$41)<0,0,FORECAST(EU$41,EP16:ET16,EP$41:ET$41))*0.5 -> 0 | ... FN16: =IF(FORECAST(FN$41,FI16:FM16,FI$41:FM$41)<0,0,FORECAST(FN$41,FI16:FM16,FI$41:FM$41))*0.5 -> 0
A17: Singapore | B17: ='[2]Canada Tallow Exports'!I$141 -> 0 | C17: ='[2]Canada Tallow Exports'!J$141 -> 0 | D17: ='[2]Canada Tallow Exports'!K$141 -> 0 | E17: ='[2]Canada Tallow Exports'!L$141 -> 0 | F17: ='[2]Canada Tallow Exports'!M$141 -> 0 | G17: ='[2]Canada Tallow Exports'!N$141 -> 0 | H17: ='[2]Canada Tallow Exports'!O$141 -> 0 | I17: ='[2]Canada Tallow Exports'!P$141 -> 0 | ... Y17: ='[2]Canada Tallow Exports'!AF$141 -> 0 | AE17: ='[2]Australia Tallow Exports'!N$141 -> 440 | AF17: ='[2]Australia Tallow Exports'!O$141 -> 128 | AG17: ='[2]Australia Tallow Exports'!P$141 -> 543 | AH17: ='[2]Australia Tallow Exports'!Q$141 -> 706 | AI17: ='[2]Australia Tallow Exports'!R$141 -> 39 | AJ17: ='[2]Australia Tallow Exports'!S$141 -> 36 | AK17: ='[2]Australia Tallow Exports'!T$141 -> 96945 | AL17: ='[2]Australia Tallow Exports'!U$141 -> 122890 | ... AW17: ='[2]Australia Tallow Exports'!AF$141 -> 225000 | BC17: ='[2]New Zealand Tallow Exports'!N$141 -> 3 | BD17: ='[2]New Zealand Tallow Exports'!O$141 -> 7 | BE17: ='[2]New Zealand Tallow Exports'!P$141 -> 0 | BF17: ='[2]New Zealand Tallow Exports'!Q$141 -> 0 | BG17: ='[2]New Zealand Tallow Exports'!R$141 -> 0 | BH17: ='[2]New Zealand Tallow Exports'!S$141 -> 7 | BI17: ='[2]New Zealand Tallow Exports'!T$141 -> 23694 | BJ17: ='[2]New Zealand Tallow Exports'!U$141 -> 26607 | ... BU17: ='[2]New Zealand Tallow Exports'!AF$141 -> 30000 | BX17: ='[2]Paraguay Tallow Exports'!K$141 -> 0 | BY17: ='[2]Paraguay Tallow Exports'!L$141 -> 0 | BZ17: ='[2]Paraguay Tallow Exports'!M$141 -> 0 | CA17: ='[2]Paraguay Tallow Exports'!N$141 -> 0 | CB17: ='[2]Paraguay Tallow Exports'!O$141 -> 0 | CC17: ='[2]Paraguay Tallow Exports'!P$141 -> 0 | CD17: ='[2]Paraguay Tallow Exports'!Q$141 -> 0 | CE17: ='[2]Paraguay Tallow Exports'!R$141 -> 0 | ... CQ17: ='[2]Paraguay Tallow Exports'!AD$141 -> 0 | CR17: =FORECAST(CR$41,CM17:CQ17,CM$41:CQ$41) -> 0 | DE17: ='[2]Brazil Tallow Exports'!U$141 -> 3363 | DF17: ='[2]Brazil Tallow Exports'!V$141 -> 6280 | DG17: ='[2]Brazil Tallow Exports'!W$141 -> 0 | DH17: ='[2]Brazil Tallow Exports'!X$141 -> 0 | DI17: ='[2]Brazil Tallow Exports'!Y$141 -> 0 | DJ17: ='[2]Brazil Tallow Exports'!Z$141 -> 0 | DK17: ='[2]Brazil Tallow Exports'!AA$141 -> 0 | DL17: ='[2]Brazil Tallow Exports'!AB$141 -> 0 | ... DP17: ='[2]Brazil Tallow Exports'!AF$141 -> 0 | EB17: =N17+AL17+CH17+DE17+BJ17 -> 167097 | EC17: =O17+AM17+CI17+DF17+BK17 -> 407768 | ED17: =P17+AN17+CJ17+DG17+BL17 -> 344568 | EE17: =Q17+AO17+CK17+DH17+BM17 -> 375202 | EF17: =R17+AP17+CL17+DI17+BN17 -> 525462 | EG17: =S17+AQ17+CM17+DJ17+BO17 -> 401205 | EH17: =T17+AR17+CN17+DK17+BP17 -> 398617 | EI17: =U17+AS17+CO17+DL17+BQ17 -> 354835 | ... EM17: =Y17+AW17+CS17+DP17+BU17 -> 255000 | EN17: =IF(FORECAST(EN$41,EI17:EM17,EI$41:EM$41)<0,0,FORECAST(EN$41,EI17:EM17,EI$41:EM$41))*3 -> 352459.28 | EO17: =IF(FORECAST(EO$41,EJ17:EN17,EJ$41:EN$41)<0,0,FORECAST(EO$41,EJ17:EN17,EJ$41:EN$41)) -> 307987.21 | EP17: =IF(FORECAST(EP$41,EK17:EO17,EK$41:EO$41)<0,0,FORECAST(EP$41,EK17:EO17,EK$41:EO$41)) -> 325142.02 | EQ17: =IF(FORECAST(EQ$41,EL17:EP17,EL$41:EP$41)<0,0,FORECAST(EQ$41,EL17:EP17,EL$41:EP$41)) -> 343713.66 | ER17: =IF(FORECAST(ER$41,EM17:EQ17,EM$41:EQ$41)<0,0,FORECAST(ER$41,EM17:EQ17,EM$41:EQ$41)) -> 344101.22 | ES17: =IF(FORECAST(ES$41,EN17:ER17,EN$41:ER$41)<0,0,FORECAST(ES$41,EN17:ER17,EN$41:ER$41)) -> 331953.14 | ET17: =IF(FORECAST(ET$41,EO17:ES17,EO$41:ES$41)<0,0,FORECAST(ET$41,EO17:ES17,EO$41:ES$41)) -> 348723.5 | EU17: =IF(FORECAST(EU$41,EP17:ET17,EP$41:ET$41)<0,0,FORECAST(EU$41,EP17:ET17,EP$41:ET$41)) -> 353352.6 | EV17: =IF(FORECAST(EV$41,EQ17:EU17,EQ$41:EU$41)<0,0,FORECAST(EV$41,EQ17:EU17,EQ$41:EU$41)) -> 355314.99 | ... FC17: =IF(FORECAST(FC$41,EX17:FB17,EX$41:FB$41)<0,0,FORECAST(FC$41,EX17:FB17,EX$41:FB$41)) -> 394711.79 | FD17: =IF(FORECAST(FD$41,EY17:FC17,EY$41:FC$41)<0,0,FORECAST(FD$41,EY17:FC17,EY$41:FC$41))*0.9 -> 361726.17 | FE17: =IF(FORECAST(FE$41,EZ17:FD17,EZ$41:FD$41)<0,0,FORECAST(FE$41,EZ17:FD17,EZ$41:FD$41))*0.9 -> 339064.36 | FF17: =IF(FORECAST(FF$41,FA17:FE17,FA$41:FE$41)<0,0,FORECAST(FF$41,FA17:FE17,FA$41:FE$41))*0.9 -> 431820.91 | FG17: =IF(FORECAST(FG$41,FB17:FF17,FB$41:FF$41)<0,0,FORECAST(FG$41,FB17:FF17,FB$41:FF$41))*0.9 -> 390344.68 | FH17: =IF(FORECAST(FH$41,FC17:FG17,FC$41:FG$41)<0,0,FORECAST(FH$41,FC17:FG17,FC$41:FG$41))*0.9 -> 370843.23 | FI17: =IF(FORECAST(FI$41,FD17:FH17,FD$41:FH$41)<0,0,FORECAST(FI$41,FD17:FH17,FD$41:FH$41))*0.9 -> 357758.35 | FJ17: =IF(FORECAST(FJ$41,FE17:FI17,FE$41:FI$41)<0,0,FORECAST(FJ$41,FE17:FI17,FE$41:FI$41))*0.9 -> 348868.41 | FK17: =IF(FORECAST(FK$41,FF17:FJ17,FF$41:FJ$41)<0,0,FORECAST(FK$41,FF17:FJ17,FF$41:FJ$41))*0.9 -> 330546.49 | ... FN17: =IF(FORECAST(FN$41,FI17:FM17,FI$41:FM$41)<0,0,FORECAST(FN$41,FI17:FM17,FI$41:FM$41))*0.9 -> 295235.39
A18: Taiwan | B18: ='[2]Canada Tallow Exports'!I$147 -> 3101 | C18: ='[2]Canada Tallow Exports'!J$147 -> 1003 | D18: ='[2]Canada Tallow Exports'!K$147 -> 2990 | E18: ='[2]Canada Tallow Exports'!L$147 -> 2241 | F18: ='[2]Canada Tallow Exports'!M$147 -> 0 | G18: ='[2]Canada Tallow Exports'!N$147 -> 0 | H18: ='[2]Canada Tallow Exports'!O$147 -> 0 | I18: ='[2]Canada Tallow Exports'!P$147 -> 0 | ... Y18: ='[2]Canada Tallow Exports'!AF$147 -> 0 | AE18: ='[2]Australia Tallow Exports'!N$147 -> 55588 | AF18: ='[2]Australia Tallow Exports'!O$147 -> 47437 | AG18: ='[2]Australia Tallow Exports'!P$147 -> 44393 | AH18: ='[2]Australia Tallow Exports'!Q$147 -> 52373 | AI18: ='[2]Australia Tallow Exports'!R$147 -> 49159 | AJ18: ='[2]Australia Tallow Exports'!S$147 -> 38072 | AK18: ='[2]Australia Tallow Exports'!T$147 -> 39460 | AL18: ='[2]Australia Tallow Exports'!U$147 -> 45647 | ... AW18: ='[2]Australia Tallow Exports'!AF$147 -> 2500 | BC18: ='[2]New Zealand Tallow Exports'!N$147 -> 22890 | BD18: ='[2]New Zealand Tallow Exports'!O$147 -> 16674 | BE18: ='[2]New Zealand Tallow Exports'!P$147 -> 12465 | BF18: ='[2]New Zealand Tallow Exports'!Q$147 -> 12611 | BG18: ='[2]New Zealand Tallow Exports'!R$147 -> 5540 | BH18: ='[2]New Zealand Tallow Exports'!S$147 -> 12223 | BI18: ='[2]New Zealand Tallow Exports'!T$147 -> 2267 | BJ18: ='[2]New Zealand Tallow Exports'!U$147 -> 0 | ... BU18: ='[2]New Zealand Tallow Exports'!AF$147 -> 0 | BX18: ='[2]Paraguay Tallow Exports'!K$147 -> 0 | BY18: ='[2]Paraguay Tallow Exports'!L$147 -> 0 | BZ18: ='[2]Paraguay Tallow Exports'!M$147 -> 0 | CA18: ='[2]Paraguay Tallow Exports'!N$147 -> 0 | CB18: ='[2]Paraguay Tallow Exports'!O$147 -> 0 | CC18: ='[2]Paraguay Tallow Exports'!P$147 -> 0 | CD18: ='[2]Paraguay Tallow Exports'!Q$147 -> 0 | CE18: ='[2]Paraguay Tallow Exports'!R$147 -> 0 | ... CQ18: ='[2]Paraguay Tallow Exports'!AD$147 -> 0 | CR18: =FORECAST(CR$41,CM18:CQ18,CM$41:CQ$41) -> 0 | DE18: ='[2]Brazil Tallow Exports'!U$147 -> 0 | DF18: ='[2]Brazil Tallow Exports'!V$147 -> 0 | DG18: ='[2]Brazil Tallow Exports'!W$147 -> 0 | DH18: ='[2]Brazil Tallow Exports'!X$147 -> 0 | DI18: ='[2]Brazil Tallow Exports'!Y$147 -> 0 | DJ18: ='[2]Brazil Tallow Exports'!Z$147 -> 0 | DK18: ='[2]Brazil Tallow Exports'!AA$147 -> 0 | DL18: ='[2]Brazil Tallow Exports'!AB$147 -> 0 | ... DP18: ='[2]Brazil Tallow Exports'!AF$147 -> 0 | EB18: =N18+AL18+CH18+DE18+BJ18 -> 45647 | EC18: =O18+AM18+CI18+DF18+BK18 -> 23446 | ED18: =P18+AN18+CJ18+DG18+BL18 -> 30912 | EE18: =Q18+AO18+CK18+DH18+BM18 -> 45199 | EF18: =R18+AP18+CL18+DI18+BN18 -> 22911 | EG18: =S18+AQ18+CM18+DJ18+BO18 -> 21997 | EH18: =T18+AR18+CN18+DK18+BP18 -> 22783 | EI18: =U18+AS18+CO18+DL18+BQ18 -> 17899 | ... EM18: =Y18+AW18+CS18+DP18+BU18 -> 2500 | EN18: =IF(FORECAST(EN$41,EI18:EM18,EI$41:EM$41)<0,0,FORECAST(EN$41,EI18:EM18,EI$41:EM$41))*0.85 -> 0 | EO18: =IF(FORECAST(EO$41,EJ18:EN18,EJ$41:EN$41)<0,0,FORECAST(EO$41,EJ18:EN18,EJ$41:EN$41))*0.85 -> 0 | EP18: =IF(FORECAST(EP$41,EK18:EO18,EK$41:EO$41)<0,0,FORECAST(EP$41,EK18:EO18,EK$41:EO$41))*0.85 -> 0 | EQ18: =IF(FORECAST(EQ$41,EL18:EP18,EL$41:EP$41)<0,0,FORECAST(EQ$41,EL18:EP18,EL$41:EP$41))*0.85 -> 0 | ER18: =IF(FORECAST(ER$41,EM18:EQ18,EM$41:EQ$41)<0,0,FORECAST(ER$41,EM18:EQ18,EM$41:EQ$41))*0.85 -> 0 | ES18: =IF(FORECAST(ES$41,EN18:ER18,EN$41:ER$41)<0,0,FORECAST(ES$41,EN18:ER18,EN$41:ER$41))*0.85 -> 0 | ET18: =IF(FORECAST(ET$41,EO18:ES18,EO$41:ES$41)<0,0,FORECAST(ET$41,EO18:ES18,EO$41:ES$41))*0.85 -> 0 | EU18: =IF(FORECAST(EU$41,EP18:ET18,EP$41:ET$41)<0,0,FORECAST(EU$41,EP18:ET18,EP$41:ET$41))*0.85 -> 0 | ... FN18: =IF(FORECAST(FN$41,FI18:FM18,FI$41:FM$41)<0,0,FORECAST(FN$41,FI18:FM18,FI$41:FM$41))*0.85 -> 0
A19: Thailand | B19: ='[2]Canada Tallow Exports'!I$148 -> 0 | C19: ='[2]Canada Tallow Exports'!J$148 -> 0 | D19: ='[2]Canada Tallow Exports'!K$148 -> 0 | E19: ='[2]Canada Tallow Exports'!L$148 -> 0 | F19: ='[2]Canada Tallow Exports'!M$148 -> 0 | G19: ='[2]Canada Tallow Exports'!N$148 -> 0 | H19: ='[2]Canada Tallow Exports'!O$148 -> 0 | I19: ='[2]Canada Tallow Exports'!P$148 -> 0 | ... Y19: ='[2]Canada Tallow Exports'!AF$148 -> 0 | AE19: ='[2]Australia Tallow Exports'!N$148 -> 20 | AF19: ='[2]Australia Tallow Exports'!O$148 -> 99 | AG19: ='[2]Australia Tallow Exports'!P$148 -> 93 | AH19: ='[2]Australia Tallow Exports'!Q$148 -> 70 | AI19: ='[2]Australia Tallow Exports'!R$148 -> 50 | AJ19: ='[2]Australia Tallow Exports'!S$148 -> 197 | AK19: ='[2]Australia Tallow Exports'!T$148 -> 610 | AL19: ='[2]Australia Tallow Exports'!U$148 -> 820 | ... AW19: ='[2]Australia Tallow Exports'!AF$148 -> 1750 | BC19: ='[2]New Zealand Tallow Exports'!N$148 -> 719 | BD19: ='[2]New Zealand Tallow Exports'!O$148 -> 1067 | BE19: ='[2]New Zealand Tallow Exports'!P$148 -> 1399 | BF19: ='[2]New Zealand Tallow Exports'!Q$148 -> 1436 | BG19: ='[2]New Zealand Tallow Exports'!R$148 -> 675 | BH19: ='[2]New Zealand Tallow Exports'!S$148 -> 1388 | BI19: ='[2]New Zealand Tallow Exports'!T$148 -> 1598 | BJ19: ='[2]New Zealand Tallow Exports'!U$148 -> 797 | ... BU19: ='[2]New Zealand Tallow Exports'!AF$148 -> 0 | BX19: ='[2]Paraguay Tallow Exports'!K$148 -> 0 | BY19: ='[2]Paraguay Tallow Exports'!L$148 -> 0 | BZ19: ='[2]Paraguay Tallow Exports'!M$148 -> 0 | CA19: ='[2]Paraguay Tallow Exports'!N$148 -> 0 | CB19: ='[2]Paraguay Tallow Exports'!O$148 -> 0 | CC19: ='[2]Paraguay Tallow Exports'!P$148 -> 0 | CD19: ='[2]Paraguay Tallow Exports'!Q$148 -> 0 | CE19: ='[2]Paraguay Tallow Exports'!R$148 -> 0 | ... CQ19: ='[2]Paraguay Tallow Exports'!AD$148 -> 0 | CR19: =FORECAST(CR$41,CM19:CQ19,CM$41:CQ$41) -> 0 | DE19: ='[2]Brazil Tallow Exports'!U$148 -> 0 | DF19: ='[2]Brazil Tallow Exports'!V$148 -> 0 | DG19: ='[2]Brazil Tallow Exports'!W$148 -> 0 | DH19: ='[2]Brazil Tallow Exports'!X$148 -> 0 | DI19: ='[2]Brazil Tallow Exports'!Y$148 -> 0 | DJ19: ='[2]Brazil Tallow Exports'!Z$148 -> 0 | DK19: ='[2]Brazil Tallow Exports'!AA$148 -> 0 | DL19: ='[2]Brazil Tallow Exports'!AB$148 -> 0 | ... DP19: ='[2]Brazil Tallow Exports'!AF$148 -> 5 | EB19: =N19+AL19+CH19+DE19+BJ19 -> 1617 | EC19: =O19+AM19+CI19+DF19+BK19 -> 1204 | ED19: =P19+AN19+CJ19+DG19+BL19 -> 1015 | EE19: =Q19+AO19+CK19+DH19+BM19 -> 1040 | EF19: =R19+AP19+CL19+DI19+BN19 -> 790 | EG19: =S19+AQ19+CM19+DJ19+BO19 -> 609 | EH19: =T19+AR19+CN19+DK19+BP19 -> 583 | EI19: =U19+AS19+CO19+DL19+BQ19 -> 1828 | ... EM19: =Y19+AW19+CS19+DP19+BU19 -> 1755 | EN19: =IF(FORECAST(EN$41,EI19:EM19,EI$41:EM$41)<0,0,FORECAST(EN$41,EI19:EM19,EI$41:EM$41)) -> 1560.0455 | EO19: =IF(FORECAST(EO$41,EJ19:EN19,EJ$41:EN$41)<0,0,FORECAST(EO$41,EJ19:EN19,EJ$41:EN$41)) -> 1619.0023 | EP19: =IF(FORECAST(EP$41,EK19:EO19,EK$41:EO$41)<0,0,FORECAST(EP$41,EK19:EO19,EK$41:EO$41)) -> 1611.4665 | EQ19: =IF(FORECAST(EQ$41,EL19:EP19,EL$41:EP$41)<0,0,FORECAST(EQ$41,EL19:EP19,EL$41:EP$41)) -> 1671.7322 | ER19: =IF(FORECAST(ER$41,EM19:EQ19,EM$41:EQ$41)<0,0,FORECAST(ER$41,EM19:EQ19,EM$41:EQ$41)) -> 1602.1121 | ES19: =IF(FORECAST(ES$41,EN19:ER19,EN$41:ER$41)<0,0,FORECAST(ES$41,EN19:ER19,EN$41:ER$41)) -> 1643.7778 | ET19: =IF(FORECAST(ET$41,EO19:ES19,EO$41:ES$41)<0,0,FORECAST(ET$41,EO19:ES19,EO$41:ES$41)) -> 1638.6808 | EU19: =IF(FORECAST(EU$41,EP19:ET19,EP$41:ET$41)<0,0,FORECAST(EU$41,EP19:ET19,EP$41:ET$41)) -> 1642.0264 | ... FN19: =IF(FORECAST(FN$41,FI19:FM19,FI$41:FM$41)<0,0,FORECAST(FN$41,FI19:FM19,FI$41:FM$41)) -> 1638.6311
A20: Turkey | B20: ='[2]Canada Tallow Exports'!I$151 -> 0 | C20: ='[2]Canada Tallow Exports'!J$151 -> 0 | D20: ='[2]Canada Tallow Exports'!K$151 -> 0 | E20: ='[2]Canada Tallow Exports'!L$151 -> 701 | F20: ='[2]Canada Tallow Exports'!M$151 -> 0 | G20: ='[2]Canada Tallow Exports'!N$151 -> 0 | H20: ='[2]Canada Tallow Exports'!O$151 -> 0 | I20: ='[2]Canada Tallow Exports'!P$151 -> 0 | ... Y20: ='[2]Canada Tallow Exports'!AF$151 -> 0 | AE20: ='[2]Australia Tallow Exports'!N$151 -> 0 | AF20: ='[2]Australia Tallow Exports'!O$151 -> 0 | AG20: ='[2]Australia Tallow Exports'!P$151 -> 0 | AH20: ='[2]Australia Tallow Exports'!Q$151 -> 0 | AI20: ='[2]Australia Tallow Exports'!R$151 -> 0 | AJ20: ='[2]Australia Tallow Exports'!S$151 -> 0 | AK20: ='[2]Australia Tallow Exports'!T$151 -> 0 | AL20: ='[2]Australia Tallow Exports'!U$151 -> 14000 | ... AW20: ='[2]Australia Tallow Exports'!AF$151 -> 0 | BC20: ='[2]New Zealand Tallow Exports'!N$151 -> 0 | BD20: ='[2]New Zealand Tallow Exports'!O$151 -> 0 | BE20: ='[2]New Zealand Tallow Exports'!P$151 -> 0 | BF20: ='[2]New Zealand Tallow Exports'!Q$151 -> 0 | BG20: ='[2]New Zealand Tallow Exports'!R$151 -> 0 | BH20: ='[2]New Zealand Tallow Exports'!S$151 -> 0 | BI20: ='[2]New Zealand Tallow Exports'!T$151 -> 63 | BJ20: ='[2]New Zealand Tallow Exports'!U$151 -> 0 | ... BU20: ='[2]New Zealand Tallow Exports'!AF$151 -> 0 | BX20: ='[2]Paraguay Tallow Exports'!K$151 -> 0 | BY20: ='[2]Paraguay Tallow Exports'!L$151 -> 0 | BZ20: ='[2]Paraguay Tallow Exports'!M$151 -> 0 | CA20: ='[2]Paraguay Tallow Exports'!N$151 -> 0 | CB20: ='[2]Paraguay Tallow Exports'!O$151 -> 0 | CC20: ='[2]Paraguay Tallow Exports'!P$151 -> 0 | CD20: ='[2]Paraguay Tallow Exports'!Q$151 -> 0 | CE20: ='[2]Paraguay Tallow Exports'!R$151 -> 0 | ... CQ20: ='[2]Paraguay Tallow Exports'!AD$151 -> 0 | CR20: =FORECAST(CR$41,CM20:CQ20,CM$41:CQ$41) -> 0 | DE20: ='[2]Brazil Tallow Exports'!U$151 -> 0 | DF20: ='[2]Brazil Tallow Exports'!V$151 -> 0 | DG20: ='[2]Brazil Tallow Exports'!W$151 -> 0 | DH20: ='[2]Brazil Tallow Exports'!X$151 -> 0 | DI20: ='[2]Brazil Tallow Exports'!Y$151 -> 0 | DJ20: ='[2]Brazil Tallow Exports'!Z$151 -> 0 | DK20: ='[2]Brazil Tallow Exports'!AA$151 -> 0 | DL20: ='[2]Brazil Tallow Exports'!AB$151 -> 0 | ... DP20: ='[2]Brazil Tallow Exports'!AF$151 -> 0 | EB20: =N20+AL20+CH20+DE20+BJ20 -> 14000 | EC20: =O20+AM20+CI20+DF20+BK20 -> 7056 | ED20: =P20+AN20+CJ20+DG20+BL20 -> 0 | EE20: =Q20+AO20+CK20+DH20+BM20 -> 26 | EF20: =R20+AP20+CL20+DI20+BN20 -> 0 | EG20: =S20+AQ20+CM20+DJ20+BO20 -> 0 | EH20: =T20+AR20+CN20+DK20+BP20 -> 0 | EI20: =U20+AS20+CO20+DL20+BQ20 -> 0 | ... EM20: =Y20+AW20+CS20+DP20+BU20 -> 0 | EN20: =IF(FORECAST(EN$41,EI20:EM20,EI$41:EM$41)<0,0,FORECAST(EN$41,EI20:EM20,EI$41:EM$41)) -> 0 | EO20: =IF(FORECAST(EO$41,EJ20:EN20,EJ$41:EN$41)<0,0,FORECAST(EO$41,EJ20:EN20,EJ$41:EN$41)) -> 0 | EP20: =IF(FORECAST(EP$41,EK20:EO20,EK$41:EO$41)<0,0,FORECAST(EP$41,EK20:EO20,EK$41:EO$41)) -> 0 | EQ20: =IF(FORECAST(EQ$41,EL20:EP20,EL$41:EP$41)<0,0,FORECAST(EQ$41,EL20:EP20,EL$41:EP$41)) -> 0 | ER20: =IF(FORECAST(ER$41,EM20:EQ20,EM$41:EQ$41)<0,0,FORECAST(ER$41,EM20:EQ20,EM$41:EQ$41)) -> 0 | ES20: =IF(FORECAST(ES$41,EN20:ER20,EN$41:ER$41)<0,0,FORECAST(ES$41,EN20:ER20,EN$41:ER$41)) -> 0 | ET20: =IF(FORECAST(ET$41,EO20:ES20,EO$41:ES$41)<0,0,FORECAST(ET$41,EO20:ES20,EO$41:ES$41)) -> 0 | EU20: =IF(FORECAST(EU$41,EP20:ET20,EP$41:ET$41)<0,0,FORECAST(EU$41,EP20:ET20,EP$41:ET$41)) -> 0 | ... FN20: =IF(FORECAST(FN$41,FI20:FM20,FI$41:FM$41)<0,0,FORECAST(FN$41,FI20:FM20,FI$41:FM$41)) -> 0
A21: Vietnam | B21: ='[2]Canada Tallow Exports'!I$156 -> 0 | C21: ='[2]Canada Tallow Exports'!J$156 -> 0 | D21: ='[2]Canada Tallow Exports'!K$156 -> 0 | E21: ='[2]Canada Tallow Exports'!L$156 -> 0 | F21: ='[2]Canada Tallow Exports'!M$156 -> 0 | G21: ='[2]Canada Tallow Exports'!N$156 -> 0 | H21: ='[2]Canada Tallow Exports'!O$156 -> 0 | I21: ='[2]Canada Tallow Exports'!P$156 -> 0 | ... Y21: ='[2]Canada Tallow Exports'!AF$156 -> 0 | AE21: ='[2]Australia Tallow Exports'!N$156 -> 0 | AF21: ='[2]Australia Tallow Exports'!O$156 -> 100 | AG21: ='[2]Australia Tallow Exports'!P$156 -> 0 | AH21: ='[2]Australia Tallow Exports'!Q$156 -> 0 | AI21: ='[2]Australia Tallow Exports'!R$156 -> 0 | AJ21: ='[2]Australia Tallow Exports'!S$156 -> 0 | AK21: ='[2]Australia Tallow Exports'!T$156 -> 0 | AL21: ='[2]Australia Tallow Exports'!U$156 -> 0 | ... AW21: ='[2]Australia Tallow Exports'!AF$156 -> 0 | BC21: ='[2]New Zealand Tallow Exports'!N$156 -> 0 | BD21: ='[2]New Zealand Tallow Exports'!O$156 -> 74 | BE21: ='[2]New Zealand Tallow Exports'!P$156 -> 41 | BF21: ='[2]New Zealand Tallow Exports'!Q$156 -> 19 | BG21: ='[2]New Zealand Tallow Exports'!R$156 -> 52 | BH21: ='[2]New Zealand Tallow Exports'!S$156 -> 0 | BI21: ='[2]New Zealand Tallow Exports'!T$156 -> 126 | BJ21: ='[2]New Zealand Tallow Exports'!U$156 -> 0 | ... BU21: ='[2]New Zealand Tallow Exports'!AF$156 -> 0 | BX21: ='[2]Paraguay Tallow Exports'!K$156 -> 0 | BY21: ='[2]Paraguay Tallow Exports'!L$156 -> 0 | BZ21: ='[2]Paraguay Tallow Exports'!M$156 -> 0 | CA21: ='[2]Paraguay Tallow Exports'!N$156 -> 0 | CB21: ='[2]Paraguay Tallow Exports'!O$156 -> 0 | CC21: ='[2]Paraguay Tallow Exports'!P$156 -> 0 | CD21: ='[2]Paraguay Tallow Exports'!Q$156 -> 0 | CE21: ='[2]Paraguay Tallow Exports'!R$156 -> 0 | ... CQ21: ='[2]Paraguay Tallow Exports'!AD$156 -> 0 | CR21: 0 | DE21: ='[2]Brazil Tallow Exports'!U$156 -> 0 | DF21: ='[2]Brazil Tallow Exports'!V$156 -> 0 | DG21: ='[2]Brazil Tallow Exports'!W$156 -> 0 | DH21: ='[2]Brazil Tallow Exports'!X$156 -> 0 | DI21: ='[2]Brazil Tallow Exports'!Y$156 -> 0 | DJ21: ='[2]Brazil Tallow Exports'!Z$156 -> 0 | DK21: ='[2]Brazil Tallow Exports'!AA$156 -> 0 | DL21: ='[2]Brazil Tallow Exports'!AB$156 -> 0 | ... DP21: ='[2]Brazil Tallow Exports'!AF$156 -> 0 | EB21: =N21+AL21+CH21+DE21+BJ21 -> 0 | EC21: =O21+AM21+CI21+DF21+BK21 -> 32 | ED21: =P21+AN21+CJ21+DG21+BL21 -> 0 | EE21: =Q21+AO21+CK21+DH21+BM21 -> 0 | EF21: =R21+AP21+CL21+DI21+BN21 -> 0 | EG21: =S21+AQ21+CM21+DJ21+BO21 -> 68 | EH21: =T21+AR21+CN21+DK21+BP21 -> 175 | EI21: =U21+AS21+CO21+DL21+BQ21 -> 199 | ... EM21: =Y21+AW21+CS21+DP21+BU21 -> 0 | EN21: =IF(FORECAST(EN$41,EI21:EM21,EI$41:EM$41)<0,0,FORECAST(EN$41,EI21:EM21,EI$41:EM$41)) -> 0 | EO21: =IF(FORECAST(EO$41,EJ21:EN21,EJ$41:EN$41)<0,0,FORECAST(EO$41,EJ21:EN21,EJ$41:EN$41)) -> 0 | EP21: =IF(FORECAST(EP$41,EK21:EO21,EK$41:EO$41)<0,0,FORECAST(EP$41,EK21:EO21,EK$41:EO$41)) -> 0 | EQ21: =IF(FORECAST(EQ$41,EL21:EP21,EL$41:EP$41)<0,0,FORECAST(EQ$41,EL21:EP21,EL$41:EP$41)) -> 0 | ER21: =IF(FORECAST(ER$41,EM21:EQ21,EM$41:EQ$41)<0,0,FORECAST(ER$41,EM21:EQ21,EM$41:EQ$41)) -> 0 | ES21: =IF(FORECAST(ES$41,EN21:ER21,EN$41:ER$41)<0,0,FORECAST(ES$41,EN21:ER21,EN$41:ER$41)) -> 0 | ET21: =IF(FORECAST(ET$41,EO21:ES21,EO$41:ES$41)<0,0,FORECAST(ET$41,EO21:ES21,EO$41:ES$41)) -> 0 | EU21: =IF(FORECAST(EU$41,EP21:ET21,EP$41:ET$41)<0,0,FORECAST(EU$41,EP21:ET21,EP$41:ET$41)) -> 0 | ... FN21: =IF(FORECAST(FN$41,FI21:FM21,FI$41:FM$41)<0,0,FORECAST(FN$41,FI21:FM21,FI$41:FM$41)) -> 0
A22: Other Asia | B22: ='[2]Canada Tallow Exports'!I$74-SUM(B7:B21) -> 43 | C22: ='[2]Canada Tallow Exports'!J$74-SUM(C7:C21) -> 0 | D22: ='[2]Canada Tallow Exports'!K$74-SUM(D7:D21) -> 0 | E22: ='[2]Canada Tallow Exports'!L$74-SUM(E7:E21) -> 43516 | F22: ='[2]Canada Tallow Exports'!M$74-SUM(F7:F21) -> 17009 | G22: ='[2]Canada Tallow Exports'!N$74-SUM(G7:G21) -> 3030 | H22: ='[2]Canada Tallow Exports'!O$74-SUM(H7:H21) -> 0 | I22: ='[2]Canada Tallow Exports'!P$74-SUM(I7:I21) -> 19 | ... Y22: ='[2]Canada Tallow Exports'!AF$74-SUM(Y7:Y21) -> 0 | AE22: ='[2]Australia Tallow Exports'!N$74-SUM(AE7:AE21) -> 61021 | AF22: ='[2]Australia Tallow Exports'!O$74-SUM(AF7:AF21) -> 54041 | AG22: ='[2]Australia Tallow Exports'!P$74-SUM(AG7:AG21) -> 38553 | AH22: ='[2]Australia Tallow Exports'!Q$74-SUM(AH7:AH21) -> 30406 | AI22: ='[2]Australia Tallow Exports'!R$74-SUM(AI7:AI21) -> 27511 | AJ22: ='[2]Australia Tallow Exports'!S$74-SUM(AJ7:AJ21) -> 56953 | AK22: ='[2]Australia Tallow Exports'!T$74-SUM(AK7:AK21) -> 26558 | AL22: ='[2]Australia Tallow Exports'!U$74-SUM(AL7:AL21) -> 30046 | ... AW22: ='[2]Australia Tallow Exports'!AF$74-SUM(AW7:AW21) -> 750 | BC22: ='[2]New Zealand Tallow Exports'!N$74-SUM(BC7:BC21) -> 16463 | BD22: ='[2]New Zealand Tallow Exports'!O$74-SUM(BD7:BD21) -> 18237 | BE22: ='[2]New Zealand Tallow Exports'!P$74-SUM(BE7:BE21) -> 15769 | BF22: ='[2]New Zealand Tallow Exports'!Q$74-SUM(BF7:BF21) -> 13731 | BG22: ='[2]New Zealand Tallow Exports'!R$74-SUM(BG7:BG21) -> 18229 | BH22: ='[2]New Zealand Tallow Exports'!S$74-SUM(BH7:BH21) -> 15268 | BI22: ='[2]New Zealand Tallow Exports'!T$74-SUM(BI7:BI21) -> 14865 | BJ22: ='[2]New Zealand Tallow Exports'!U$74-SUM(BJ7:BJ21) -> 13062 | ... BU22: ='[2]New Zealand Tallow Exports'!AF$74-SUM(BU7:BU21) -> 802 | BX22: ='[2]Paraguay Tallow Exports'!K$74-SUM(BX7:BX21) -> 0 | BY22: ='[2]Paraguay Tallow Exports'!L$74-SUM(BY7:BY21) -> 0 | BZ22: ='[2]Paraguay Tallow Exports'!M$74-SUM(BZ7:BZ21) -> 0 | CA22: ='[2]Paraguay Tallow Exports'!N$74-SUM(CA7:CA21) -> 1 | CB22: ='[2]Paraguay Tallow Exports'!O$74-SUM(CB7:CB21) -> 0 | CC22: ='[2]Paraguay Tallow Exports'!P$74-SUM(CC7:CC21) -> 0 | CD22: ='[2]Paraguay Tallow Exports'!Q$74-SUM(CD7:CD21) -> 328 | CE22: ='[2]Paraguay Tallow Exports'!R$74-SUM(CE7:CE21) -> 93 | ... CQ22: ='[2]Paraguay Tallow Exports'!AD$74-SUM(CQ7:CQ21) -> 362 | CR22: =FORECAST(CR$41,CM22:CQ22,CM$41:CQ$41) -> 397.76813 | DE22: ='[2]Brazil Tallow Exports'!U$74-SUM(DE7:DE21) -> 216 | DF22: ='[2]Brazil Tallow Exports'!V$74-SUM(DF7:DF21) -> 6701 | DG22: ='[2]Brazil Tallow Exports'!W$74-SUM(DG7:DG21) -> 151 | DH22: ='[2]Brazil Tallow Exports'!X$74-SUM(DH7:DH21) -> 224 | DI22: ='[2]Brazil Tallow Exports'!Y$74-SUM(DI7:DI21) -> 247 | DJ22: ='[2]Brazil Tallow Exports'!Z$74-SUM(DJ7:DJ21) -> 716 | DK22: ='[2]Brazil Tallow Exports'!AA$74-SUM(DK7:DK21) -> 692 | DL22: ='[2]Brazil Tallow Exports'!AB$74-SUM(DL7:DL21) -> 1118 | ... DP22: ='[2]Brazil Tallow Exports'!AF$74-SUM(DP7:DP21) -> 900 | EB22: =N22+AL22+CH22+DE22+BJ22 -> 43376 | EC22: =O22+AM22+CI22+DF22+BK22 -> 31303 | ED22: =P22+AN22+CJ22+DG22+BL22 -> 28768 | EE22: =Q22+AO22+CK22+DH22+BM22 -> 31049 | EF22: =R22+AP22+CL22+DI22+BN22 -> 12708 | EG22: =S22+AQ22+CM22+DJ22+BO22 -> 22233 | EH22: =T22+AR22+CN22+DK22+BP22 -> 10403 | EI22: =U22+AS22+CO22+DL22+BQ22 -> 6093 | ... EM22: =Y22+AW22+CS22+DP22+BU22 -> 2452 | EN22: =IF(FORECAST(EN$41,EI22:EM22,EI$41:EM$41)<0,0,FORECAST(EN$41,EI22:EM22,EI$41:EM$41)) -> 0 | EO22: =IF(FORECAST(EO$41,EJ22:EN22,EJ$41:EN$41)<0,0,FORECAST(EO$41,EJ22:EN22,EJ$41:EN$41)) -> 0 | EP22: =IF(FORECAST(EP$41,EK22:EO22,EK$41:EO$41)<0,0,FORECAST(EP$41,EK22:EO22,EK$41:EO$41)) -> 0 | EQ22: =IF(FORECAST(EQ$41,EL22:EP22,EL$41:EP$41)<0,0,FORECAST(EQ$41,EL22:EP22,EL$41:EP$41)) -> 0 | ER22: =IF(FORECAST(ER$41,EM22:EQ22,EM$41:EQ$41)<0,0,FORECAST(ER$41,EM22:EQ22,EM$41:EQ$41)) -> 0 | ES22: =IF(FORECAST(ES$41,EN22:ER22,EN$41:ER$41)<0,0,FORECAST(ES$41,EN22:ER22,EN$41:ER$41)) -> 0 | ET22: =IF(FORECAST(ET$41,EO22:ES22,EO$41:ES$41)<0,0,FORECAST(ET$41,EO22:ES22,EO$41:ES$41)) -> 0 | EU22: =IF(FORECAST(EU$41,EP22:ET22,EP$41:ET$41)<0,0,FORECAST(EU$41,EP22:ET22,EP$41:ET$41)) -> 0 | ... FN22: =IF(FORECAST(FN$41,FI22:FM22,FI$41:FM$41)<0,0,FORECAST(FN$41,FI22:FM22,FI$41:FM$41)) -> 0
A23: Algeria | B23: ='[2]Canada Tallow Exports'!I$165 -> 6006 | C23: ='[2]Canada Tallow Exports'!J$165 -> 0 | D23: ='[2]Canada Tallow Exports'!K$165 -> 0 | E23: ='[2]Canada Tallow Exports'!L$165 -> 0 | F23: ='[2]Canada Tallow Exports'!M$165 -> 0 | G23: ='[2]Canada Tallow Exports'!N$165 -> 0 | H23: ='[2]Canada Tallow Exports'!O$165 -> 0 | I23: ='[2]Canada Tallow Exports'!P$165 -> 0 | ... Y23: ='[2]Canada Tallow Exports'!AF$165 -> 0 | AE23: ='[2]Australia Tallow Exports'!N$165 -> 0 | AF23: ='[2]Australia Tallow Exports'!O$165 -> 0 | AG23: ='[2]Australia Tallow Exports'!P$165 -> 0 | AH23: ='[2]Australia Tallow Exports'!Q$165 -> 0 | AI23: ='[2]Australia Tallow Exports'!R$165 -> 0 | AJ23: ='[2]Australia Tallow Exports'!S$165 -> 0 | AK23: ='[2]Australia Tallow Exports'!T$165 -> 0 | AL23: ='[2]Australia Tallow Exports'!U$165 -> 0 | ... AW23: ='[2]Australia Tallow Exports'!AF$165 -> 0 | BC23: ='[2]New Zealand Tallow Exports'!N$165 -> 0 | BD23: ='[2]New Zealand Tallow Exports'!O$165 -> 0 | BE23: ='[2]New Zealand Tallow Exports'!P$165 -> 0 | BF23: ='[2]New Zealand Tallow Exports'!Q$165 -> 0 | BG23: ='[2]New Zealand Tallow Exports'!R$165 -> 0 | BH23: ='[2]New Zealand Tallow Exports'!S$165 -> 0 | BI23: ='[2]New Zealand Tallow Exports'!T$165 -> 0 | BJ23: ='[2]New Zealand Tallow Exports'!U$165 -> 0 | ... BU23: ='[2]New Zealand Tallow Exports'!AF$165 -> 0 | BX23: ='[2]Paraguay Tallow Exports'!K$165 -> 0 | BY23: ='[2]Paraguay Tallow Exports'!L$165 -> 0 | BZ23: ='[2]Paraguay Tallow Exports'!M$165 -> 0 | CA23: ='[2]Paraguay Tallow Exports'!N$165 -> 0 | CB23: ='[2]Paraguay Tallow Exports'!O$165 -> 0 | CC23: ='[2]Paraguay Tallow Exports'!P$165 -> 0 | CD23: ='[2]Paraguay Tallow Exports'!Q$165 -> 0 | CE23: ='[2]Paraguay Tallow Exports'!R$165 -> 0 | ... CQ23: ='[2]Paraguay Tallow Exports'!AD$165 -> 0 | CR23: =FORECAST(CR$41,CM23:CQ23,CM$41:CQ$41) -> 0 | DE23: ='[2]Brazil Tallow Exports'!U$165 -> 0 | DF23: ='[2]Brazil Tallow Exports'!V$165 -> 0 | DG23: ='[2]Brazil Tallow Exports'!W$165 -> 0 | DH23: ='[2]Brazil Tallow Exports'!X$165 -> 0 | DI23: ='[2]Brazil Tallow Exports'!Y$165 -> 0 | DJ23: ='[2]Brazil Tallow Exports'!Z$165 -> 0 | DK23: ='[2]Brazil Tallow Exports'!AA$165 -> 0 | DL23: ='[2]Brazil Tallow Exports'!AB$165 -> 0 | ... DP23: ='[2]Brazil Tallow Exports'!AF$165 -> 0 | EB23: =N23+AL23+CH23+DE23+BJ23 -> 0 | EC23: =O23+AM23+CI23+DF23+BK23 -> 0 | ED23: =P23+AN23+CJ23+DG23+BL23 -> 0 | EE23: =Q23+AO23+CK23+DH23+BM23 -> 0 | EF23: =R23+AP23+CL23+DI23+BN23 -> 0 | EG23: =S23+AQ23+CM23+DJ23+BO23 -> 0 | EH23: =T23+AR23+CN23+DK23+BP23 -> 0 | EI23: =U23+AS23+CO23+DL23+BQ23 -> 0 | ... EM23: =Y23+AW23+CS23+DP23+BU23 -> 0 | EN23: =IF(FORECAST(EN$41,EI23:EM23,EI$41:EM$41)<0,0,FORECAST(EN$41,EI23:EM23,EI$41:EM$41)) -> 0 | EO23: =IF(FORECAST(EO$41,EJ23:EN23,EJ$41:EN$41)<0,0,FORECAST(EO$41,EJ23:EN23,EJ$41:EN$41)) -> 0 | EP23: =IF(FORECAST(EP$41,EK23:EO23,EK$41:EO$41)<0,0,FORECAST(EP$41,EK23:EO23,EK$41:EO$41)) -> 0 | EQ23: =IF(FORECAST(EQ$41,EL23:EP23,EL$41:EP$41)<0,0,FORECAST(EQ$41,EL23:EP23,EL$41:EP$41)) -> 0 | ER23: =IF(FORECAST(ER$41,EM23:EQ23,EM$41:EQ$41)<0,0,FORECAST(ER$41,EM23:EQ23,EM$41:EQ$41)) -> 0 | ES23: =IF(FORECAST(ES$41,EN23:ER23,EN$41:ER$41)<0,0,FORECAST(ES$41,EN23:ER23,EN$41:ER$41)) -> 0 | ET23: =IF(FORECAST(ET$41,EO23:ES23,EO$41:ES$41)<0,0,FORECAST(ET$41,EO23:ES23,EO$41:ES$41)) -> 0 | EU23: =IF(FORECAST(EU$41,EP23:ET23,EP$41:ET$41)<0,0,FORECAST(EU$41,EP23:ET23,EP$41:ET$41)) -> 0 | ... FN23: =IF(FORECAST(FN$41,FI23:FM23,FI$41:FM$41)<0,0,FORECAST(FN$41,FI23:FM23,FI$41:FM$41)) -> 0
A24: Egypt | B24: ='[2]Canada Tallow Exports'!I$184 -> 0 | C24: ='[2]Canada Tallow Exports'!J$184 -> 0 | D24: ='[2]Canada Tallow Exports'!K$184 -> 0 | E24: ='[2]Canada Tallow Exports'!L$184 -> 0 | F24: ='[2]Canada Tallow Exports'!M$184 -> 0 | G24: ='[2]Canada Tallow Exports'!N$184 -> 0 | H24: ='[2]Canada Tallow Exports'!O$184 -> 0 | I24: ='[2]Canada Tallow Exports'!P$184 -> 0 | ... Y24: ='[2]Canada Tallow Exports'!AF$184 -> 0 | AE24: ='[2]Australia Tallow Exports'!N$184 -> 0 | AF24: ='[2]Australia Tallow Exports'!O$184 -> 0 | AG24: ='[2]Australia Tallow Exports'!P$184 -> 0 | AH24: ='[2]Australia Tallow Exports'!Q$184 -> 0 | AI24: ='[2]Australia Tallow Exports'!R$184 -> 0 | AJ24: ='[2]Australia Tallow Exports'!S$184 -> 0 | AK24: ='[2]Australia Tallow Exports'!T$184 -> 0 | AL24: ='[2]Australia Tallow Exports'!U$184 -> 0 | ... AW24: ='[2]Australia Tallow Exports'!AF$184 -> 0 | BC24: ='[2]New Zealand Tallow Exports'!N$184 -> 0 | BD24: ='[2]New Zealand Tallow Exports'!O$184 -> 0 | BE24: ='[2]New Zealand Tallow Exports'!P$184 -> 0 | BF24: ='[2]New Zealand Tallow Exports'!Q$184 -> 0 | BG24: ='[2]New Zealand Tallow Exports'!R$184 -> 0 | BH24: ='[2]New Zealand Tallow Exports'!S$184 -> 0 | BI24: ='[2]New Zealand Tallow Exports'!T$184 -> 69 | BJ24: ='[2]New Zealand Tallow Exports'!U$184 -> 0 | ... BU24: ='[2]New Zealand Tallow Exports'!AF$184 -> 0 | BX24: ='[2]Paraguay Tallow Exports'!K$184 -> 0 | BY24: ='[2]Paraguay Tallow Exports'!L$184 -> 0 | BZ24: ='[2]Paraguay Tallow Exports'!M$184 -> 0 | CA24: ='[2]Paraguay Tallow Exports'!N$184 -> 0 | CB24: ='[2]Paraguay Tallow Exports'!O$184 -> 0 | CC24: ='[2]Paraguay Tallow Exports'!P$184 -> 0 | CD24: ='[2]Paraguay Tallow Exports'!Q$184 -> 0 | CE24: ='[2]Paraguay Tallow Exports'!R$184 -> 0 | ... CQ24: ='[2]Paraguay Tallow Exports'!AD$184 -> 1929 | CR24: =FORECAST(CR$41,CM24:CQ24,CM$41:CQ$41) -> 2134.9404 | DE24: ='[2]Brazil Tallow Exports'!U$184 -> 0 | DF24: ='[2]Brazil Tallow Exports'!V$184 -> 0 | DG24: ='[2]Brazil Tallow Exports'!W$184 -> 0 | DH24: ='[2]Brazil Tallow Exports'!X$184 -> 0 | DI24: ='[2]Brazil Tallow Exports'!Y$184 -> 0 | DJ24: ='[2]Brazil Tallow Exports'!Z$184 -> 0 | DK24: ='[2]Brazil Tallow Exports'!AA$184 -> 285 | DL24: ='[2]Brazil Tallow Exports'!AB$184 -> 532 | ... DP24: ='[2]Brazil Tallow Exports'!AF$184 -> 2500 | EB24: =N24+AL24+CH24+DE24+BJ24 -> 0 | EC24: =O24+AM24+CI24+DF24+BK24 -> 0 | ED24: =P24+AN24+CJ24+DG24+BL24 -> 0 | EE24: =Q24+AO24+CK24+DH24+BM24 -> 0 | EF24: =R24+AP24+CL24+DI24+BN24 -> 0 | EG24: =S24+AQ24+CM24+DJ24+BO24 -> 36 | EH24: =T24+AR24+CN24+DK24+BP24 -> 453 | EI24: =U24+AS24+CO24+DL24+BQ24 -> 1706 | ... EM24: =Y24+AW24+CS24+DP24+BU24 -> 2500 | EN24: =IF(FORECAST(EN$41,EI24:EM24,EI$41:EM$41)<0,0,FORECAST(EN$41,EI24:EM24,EI$41:EM$41))*1.15 -> 3881.34 | EO24: =IF(FORECAST(EO$41,EJ24:EN24,EJ$41:EN$41)<0,0,FORECAST(EO$41,EJ24:EN24,EJ$41:EN$41))*1.15 -> 4441.6856 | EP24: =IF(FORECAST(EP$41,EK24:EO24,EK$41:EO$41)<0,0,FORECAST(EP$41,EK24:EO24,EK$41:EO$41)) -> 4245.1843 | EQ24: =IF(FORECAST(EQ$41,EL24:EP24,EL$41:EP$41)<0,0,FORECAST(EQ$41,EL24:EP24,EL$41:EP$41)) -> 4310.3708 | ER24: =IF(FORECAST(ER$41,EM24:EQ24,EM$41:EQ$41)<0,0,FORECAST(ER$41,EM24:EQ24,EM$41:EQ$41)) -> 4574.2279 | ES24: =IF(FORECAST(ES$41,EN24:ER24,EN$41:ER$41)<0,0,FORECAST(ES$41,EN24:ER24,EN$41:ER$41)) -> 4539.3568 | ET24: =IF(FORECAST(ET$41,EO24:ES24,EO$41:ES$41)<0,0,FORECAST(ET$41,EO24:ES24,EO$41:ES$41)) -> 4518.2717 | EU24: =IF(FORECAST(EU$41,EP24:ET24,EP$41:ET$41)<0,0,FORECAST(EU$41,EP24:ET24,EP$41:ET$41)) -> 4757.9665 | EV24: =IF(FORECAST(EV$41,EQ24:EU24,EQ$41:EU$41)<0,0,FORECAST(EV$41,EQ24:EU24,EQ$41:EU$41)) -> 4897.6237 | EW24: =IF(FORECAST(EW$41,ER24:EV24,ER$41:EV$41)<0,0,FORECAST(EW$41,ER24:EV24,ER$41:EV$41)) -> 4991.7349 | ... FN24: =IF(FORECAST(FN$41,FI24:FM24,FI$41:FM$41)<0,0,FORECAST(FN$41,FI24:FM24,FI$41:FM$41)) -> 4520.8135
A25: Morocco | B25: ='[2]Canada Tallow Exports'!I$207 -> 0 | C25: ='[2]Canada Tallow Exports'!J$207 -> 0 | D25: ='[2]Canada Tallow Exports'!K$207 -> 0 | E25: ='[2]Canada Tallow Exports'!L$207 -> 0 | F25: ='[2]Canada Tallow Exports'!M$207 -> 0 | G25: ='[2]Canada Tallow Exports'!N$207 -> 0 | H25: ='[2]Canada Tallow Exports'!O$207 -> 0 | I25: ='[2]Canada Tallow Exports'!P$207 -> 0 | ... Y25: ='[2]Canada Tallow Exports'!AF$207 -> 0 | AE25: ='[2]Australia Tallow Exports'!N$207 -> 0 | AF25: ='[2]Australia Tallow Exports'!O$207 -> 0 | AG25: ='[2]Australia Tallow Exports'!P$207 -> 0 | AH25: ='[2]Australia Tallow Exports'!Q$207 -> 0 | AI25: ='[2]Australia Tallow Exports'!R$207 -> 0 | AJ25: ='[2]Australia Tallow Exports'!S$207 -> 0 | AK25: ='[2]Australia Tallow Exports'!T$207 -> 0 | AL25: ='[2]Australia Tallow Exports'!U$207 -> 0 | ... AW25: ='[2]Australia Tallow Exports'!AF$207 -> 0 | BC25: ='[2]New Zealand Tallow Exports'!N$207 -> 0 | BD25: ='[2]New Zealand Tallow Exports'!O$207 -> 0 | BE25: ='[2]New Zealand Tallow Exports'!P$207 -> 0 | BF25: ='[2]New Zealand Tallow Exports'!Q$207 -> 0 | BG25: ='[2]New Zealand Tallow Exports'!R$207 -> 0 | BH25: ='[2]New Zealand Tallow Exports'!S$207 -> 0 | BI25: ='[2]New Zealand Tallow Exports'!T$207 -> 0 | BJ25: ='[2]New Zealand Tallow Exports'!U$207 -> 0 | ... BU25: ='[2]New Zealand Tallow Exports'!AF$207 -> 0 | BX25: ='[2]Paraguay Tallow Exports'!K$207 -> 0 | BY25: ='[2]Paraguay Tallow Exports'!L$207 -> 0 | BZ25: ='[2]Paraguay Tallow Exports'!M$207 -> 0 | CA25: ='[2]Paraguay Tallow Exports'!N$207 -> 0 | CB25: ='[2]Paraguay Tallow Exports'!O$207 -> 0 | CC25: ='[2]Paraguay Tallow Exports'!P$207 -> 0 | CD25: ='[2]Paraguay Tallow Exports'!Q$207 -> 0 | CE25: ='[2]Paraguay Tallow Exports'!R$207 -> 0 | ... CQ25: ='[2]Paraguay Tallow Exports'!AD$207 -> 0 | CR25: =FORECAST(CR$41,CM25:CQ25,CM$41:CQ$41) -> 0 | DE25: ='[2]Brazil Tallow Exports'!U$207 -> 0 | DF25: ='[2]Brazil Tallow Exports'!V$207 -> 0 | DG25: ='[2]Brazil Tallow Exports'!W$207 -> 0 | DH25: ='[2]Brazil Tallow Exports'!X$207 -> 0 | DI25: ='[2]Brazil Tallow Exports'!Y$207 -> 0 | DJ25: ='[2]Brazil Tallow Exports'!Z$207 -> 0 | DK25: ='[2]Brazil Tallow Exports'!AA$207 -> 0 | DL25: ='[2]Brazil Tallow Exports'!AB$207 -> 0 | ... DP25: ='[2]Brazil Tallow Exports'!AF$207 -> 0 | EB25: =N25+AL25+CH25+DE25+BJ25 -> 0 | EC25: =O25+AM25+CI25+DF25+BK25 -> 0 | ED25: =P25+AN25+CJ25+DG25+BL25 -> 0 | EE25: =Q25+AO25+CK25+DH25+BM25 -> 0 | EF25: =R25+AP25+CL25+DI25+BN25 -> 0 | EG25: =S25+AQ25+CM25+DJ25+BO25 -> 0 | EH25: =T25+AR25+CN25+DK25+BP25 -> 0 | EI25: =U25+AS25+CO25+DL25+BQ25 -> 0 | ... EM25: =Y25+AW25+CS25+DP25+BU25 -> 0 | EN25: =IF(FORECAST(EN$41,EI25:EM25,EI$41:EM$41)<0,0,FORECAST(EN$41,EI25:EM25,EI$41:EM$41)) -> 0 | EO25: =IF(FORECAST(EO$41,EJ25:EN25,EJ$41:EN$41)<0,0,FORECAST(EO$41,EJ25:EN25,EJ$41:EN$41)) -> 0 | EP25: =IF(FORECAST(EP$41,EK25:EO25,EK$41:EO$41)<0,0,FORECAST(EP$41,EK25:EO25,EK$41:EO$41)) -> 0 | EQ25: =IF(FORECAST(EQ$41,EL25:EP25,EL$41:EP$41)<0,0,FORECAST(EQ$41,EL25:EP25,EL$41:EP$41)) -> 0 | ER25: =IF(FORECAST(ER$41,EM25:EQ25,EM$41:EQ$41)<0,0,FORECAST(ER$41,EM25:EQ25,EM$41:EQ$41)) -> 0 | ES25: =IF(FORECAST(ES$41,EN25:ER25,EN$41:ER$41)<0,0,FORECAST(ES$41,EN25:ER25,EN$41:ER$41)) -> 0 | ET25: =IF(FORECAST(ET$41,EO25:ES25,EO$41:ES$41)<0,0,FORECAST(ET$41,EO25:ES25,EO$41:ES$41)) -> 0 | EU25: =IF(FORECAST(EU$41,EP25:ET25,EP$41:ET$41)<0,0,FORECAST(EU$41,EP25:ET25,EP$41:ET$41)) -> 0 | ... FN25: =IF(FORECAST(FN$41,FI25:FM25,FI$41:FM$41)<0,0,FORECAST(FN$41,FI25:FM25,FI$41:FM$41)) -> 0
A26: South Africa | B26: ='[2]Canada Tallow Exports'!I$219 -> 0 | C26: ='[2]Canada Tallow Exports'!J$219 -> 0 | D26: ='[2]Canada Tallow Exports'!K$219 -> 0 | E26: ='[2]Canada Tallow Exports'!L$219 -> 0 | F26: ='[2]Canada Tallow Exports'!M$219 -> 0 | G26: ='[2]Canada Tallow Exports'!N$219 -> 0 | H26: ='[2]Canada Tallow Exports'!O$219 -> 0 | I26: ='[2]Canada Tallow Exports'!P$219 -> 0 | ... Y26: ='[2]Canada Tallow Exports'!AF$219 -> 0 | AE26: ='[2]Australia Tallow Exports'!N$219 -> 2859 | AF26: ='[2]Australia Tallow Exports'!O$219 -> 2386 | AG26: ='[2]Australia Tallow Exports'!P$219 -> 3040 | AH26: ='[2]Australia Tallow Exports'!Q$219 -> 6691 | AI26: ='[2]Australia Tallow Exports'!R$219 -> 7150 | AJ26: ='[2]Australia Tallow Exports'!S$219 -> 10698 | AK26: ='[2]Australia Tallow Exports'!T$219 -> 2501 | AL26: ='[2]Australia Tallow Exports'!U$219 -> 2683 | ... AW26: ='[2]Australia Tallow Exports'!AF$219 -> 0 | BC26: ='[2]New Zealand Tallow Exports'!N$219 -> 309 | BD26: ='[2]New Zealand Tallow Exports'!O$219 -> 556 | BE26: ='[2]New Zealand Tallow Exports'!P$219 -> 247 | BF26: ='[2]New Zealand Tallow Exports'!Q$219 -> 212 | BG26: ='[2]New Zealand Tallow Exports'!R$219 -> 412 | BH26: ='[2]New Zealand Tallow Exports'!S$219 -> 86 | BI26: ='[2]New Zealand Tallow Exports'!T$219 -> 65 | BJ26: ='[2]New Zealand Tallow Exports'!U$219 -> 0 | ... BU26: ='[2]New Zealand Tallow Exports'!AF$219 -> 0 | BX26: ='[2]Paraguay Tallow Exports'!K$219 -> 0 | BY26: ='[2]Paraguay Tallow Exports'!L$219 -> 0 | BZ26: ='[2]Paraguay Tallow Exports'!M$219 -> 0 | CA26: ='[2]Paraguay Tallow Exports'!N$219 -> 240 | CB26: ='[2]Paraguay Tallow Exports'!O$219 -> 0 | CC26: ='[2]Paraguay Tallow Exports'!P$219 -> 0 | CD26: ='[2]Paraguay Tallow Exports'!Q$219 -> 88 | CE26: ='[2]Paraguay Tallow Exports'!R$219 -> 29 | ... CQ26: ='[2]Paraguay Tallow Exports'!AD$219 -> 0 | CR26: =FORECAST(CR$41,CM26:CQ26,CM$41:CQ$41) -> 0 | DE26: ='[2]Brazil Tallow Exports'!U$219 -> 0 | DF26: ='[2]Brazil Tallow Exports'!V$219 -> 0 | DG26: ='[2]Brazil Tallow Exports'!W$219 -> 0 | DH26: ='[2]Brazil Tallow Exports'!X$219 -> 7 | DI26: ='[2]Brazil Tallow Exports'!Y$219 -> 0 | DJ26: ='[2]Brazil Tallow Exports'!Z$219 -> 2 | DK26: ='[2]Brazil Tallow Exports'!AA$219 -> 0 | DL26: ='[2]Brazil Tallow Exports'!AB$219 -> 611 | ... DP26: ='[2]Brazil Tallow Exports'!AF$219 -> 2500 | EB26: =N26+AL26+CH26+DE26+BJ26 -> 2683 | EC26: =O26+AM26+CI26+DF26+BK26 -> 66 | ED26: =P26+AN26+CJ26+DG26+BL26 -> 0 | EE26: =Q26+AO26+CK26+DH26+BM26 -> 155 | EF26: =R26+AP26+CL26+DI26+BN26 -> 160 | EG26: =S26+AQ26+CM26+DJ26+BO26 -> 113 | EH26: =T26+AR26+CN26+DK26+BP26 -> 26 | EI26: =U26+AS26+CO26+DL26+BQ26 -> 611 | ... EM26: =Y26+AW26+CS26+DP26+BU26 -> 2500 | EN26: =IF(FORECAST(EN$41,EI26:EM26,EI$41:EM$41)<0,0,FORECAST(EN$41,EI26:EM26,EI$41:EM$41))*1.05 -> 3956.1018 | EO26: =IF(FORECAST(EO$41,EJ26:EN26,EJ$41:EN$41)<0,0,FORECAST(EO$41,EJ26:EN26,EJ$41:EN$41))*1.05 -> 4416.4291 | EP26: =IF(FORECAST(EP$41,EK26:EO26,EK$41:EO$41)<0,0,FORECAST(EP$41,EK26:EO26,EK$41:EO$41))*1 -> 4441.0062 | EQ26: =IF(FORECAST(EQ$41,EL26:EP26,EL$41:EP$41)<0,0,FORECAST(EQ$41,EL26:EP26,EL$41:EP$41))*1 -> 4650.3642 | ER26: =IF(FORECAST(ER$41,EM26:EQ26,EM$41:EQ$41)<0,0,FORECAST(ER$41,EM26:EQ26,EM$41:EQ$41))*1 -> 4774.1847 | ES26: =IF(FORECAST(ES$41,EN26:ER26,EN$41:ER$41)<0,0,FORECAST(ES$41,EN26:ER26,EN$41:ER$41))*1 -> 4795.8749 | ET26: =IF(FORECAST(ET$41,EO26:ES26,EO$41:ES$41)<0,0,FORECAST(ET$41,EO26:ES26,EO$41:ES$41))*1 -> 4867.5243 | EU26: =IF(FORECAST(EU$41,EP26:ET26,EP$41:ET$41)<0,0,FORECAST(EU$41,EP26:ET26,EP$41:ET$41))*1 -> 5108.9344 | EV26: =IF(FORECAST(EV$41,EQ26:EU26,EQ$41:EU$41)<0,0,FORECAST(EV$41,EQ26:EU26,EQ$41:EU$41))*1 -> 5263.6159 | EW26: =IF(FORECAST(EW$41,ER26:EV26,ER$41:EV$41)<0,0,FORECAST(EW$41,ER26:EV26,ER$41:EV$41))*1 -> 5428.9173 | ... FN26: =IF(FORECAST(FN$41,FI26:FM26,FI$41:FM$41)<0,0,FORECAST(FN$41,FI26:FM26,FI$41:FM$41))*1 -> 4816.0744
A27: Tunisia | B27: ='[2]Canada Tallow Exports'!I$225 -> 0 | C27: ='[2]Canada Tallow Exports'!J$225 -> 0 | D27: ='[2]Canada Tallow Exports'!K$225 -> 0 | E27: ='[2]Canada Tallow Exports'!L$225 -> 0 | F27: ='[2]Canada Tallow Exports'!M$225 -> 0 | G27: ='[2]Canada Tallow Exports'!N$225 -> 0 | H27: ='[2]Canada Tallow Exports'!O$225 -> 0 | I27: ='[2]Canada Tallow Exports'!P$225 -> 0 | ... Y27: ='[2]Canada Tallow Exports'!AF$225 -> 0 | AE27: ='[2]Australia Tallow Exports'!N$225 -> 0 | AF27: ='[2]Australia Tallow Exports'!O$225 -> 0 | AG27: ='[2]Australia Tallow Exports'!P$225 -> 0 | AH27: ='[2]Australia Tallow Exports'!Q$225 -> 0 | AI27: ='[2]Australia Tallow Exports'!R$225 -> 0 | AJ27: ='[2]Australia Tallow Exports'!S$225 -> 0 | AK27: ='[2]Australia Tallow Exports'!T$225 -> 0 | AL27: ='[2]Australia Tallow Exports'!U$225 -> 0 | ... AW27: ='[2]Australia Tallow Exports'!AF$225 -> 0 | BC27: ='[2]New Zealand Tallow Exports'!N$225 -> 0 | BD27: ='[2]New Zealand Tallow Exports'!O$225 -> 0 | BE27: ='[2]New Zealand Tallow Exports'!P$225 -> 0 | BF27: ='[2]New Zealand Tallow Exports'!Q$225 -> 0 | BG27: ='[2]New Zealand Tallow Exports'!R$225 -> 0 | BH27: ='[2]New Zealand Tallow Exports'!S$225 -> 0 | BI27: ='[2]New Zealand Tallow Exports'!T$225 -> 0 | BJ27: ='[2]New Zealand Tallow Exports'!U$225 -> 0 | ... BU27: ='[2]New Zealand Tallow Exports'!AF$225 -> 0 | BX27: ='[2]Paraguay Tallow Exports'!K$225 -> 0 | BY27: ='[2]Paraguay Tallow Exports'!L$225 -> 0 | BZ27: ='[2]Paraguay Tallow Exports'!M$225 -> 0 | CA27: ='[2]Paraguay Tallow Exports'!N$225 -> 0 | CB27: ='[2]Paraguay Tallow Exports'!O$225 -> 0 | CC27: ='[2]Paraguay Tallow Exports'!P$225 -> 0 | CD27: ='[2]Paraguay Tallow Exports'!Q$225 -> 0 | CE27: ='[2]Paraguay Tallow Exports'!R$225 -> 0 | ... CQ27: ='[2]Paraguay Tallow Exports'!AD$225 -> 0 | CR27: =FORECAST(CR$41,CM27:CQ27,CM$41:CQ$41) -> 0 | DE27: ='[2]Brazil Tallow Exports'!U$225 -> 0 | DF27: ='[2]Brazil Tallow Exports'!V$225 -> 0 | DG27: ='[2]Brazil Tallow Exports'!W$225 -> 0 | DH27: ='[2]Brazil Tallow Exports'!X$225 -> 0 | DI27: ='[2]Brazil Tallow Exports'!Y$225 -> 0 | DJ27: ='[2]Brazil Tallow Exports'!Z$225 -> 0 | DK27: ='[2]Brazil Tallow Exports'!AA$225 -> 0 | DL27: ='[2]Brazil Tallow Exports'!AB$225 -> 0 | ... DP27: ='[2]Brazil Tallow Exports'!AF$225 -> 0 | EB27: =N27+AL27+CH27+DE27+BJ27 -> 0 | EC27: =O27+AM27+CI27+DF27+BK27 -> 0 | ED27: =P27+AN27+CJ27+DG27+BL27 -> 0 | EE27: =Q27+AO27+CK27+DH27+BM27 -> 0 | EF27: =R27+AP27+CL27+DI27+BN27 -> 0 | EG27: =S27+AQ27+CM27+DJ27+BO27 -> 0 | EH27: =T27+AR27+CN27+DK27+BP27 -> 0 | EI27: =U27+AS27+CO27+DL27+BQ27 -> 0 | ... EM27: =Y27+AW27+CS27+DP27+BU27 -> 0 | EN27: =IF(FORECAST(EN$41,EI27:EM27,EI$41:EM$41)<0,0,FORECAST(EN$41,EI27:EM27,EI$41:EM$41)) -> 0 | EO27: =IF(FORECAST(EO$41,EJ27:EN27,EJ$41:EN$41)<0,0,FORECAST(EO$41,EJ27:EN27,EJ$41:EN$41)) -> 0 | EP27: =IF(FORECAST(EP$41,EK27:EO27,EK$41:EO$41)<0,0,FORECAST(EP$41,EK27:EO27,EK$41:EO$41)) -> 0 | EQ27: =IF(FORECAST(EQ$41,EL27:EP27,EL$41:EP$41)<0,0,FORECAST(EQ$41,EL27:EP27,EL$41:EP$41)) -> 0 | ER27: =IF(FORECAST(ER$41,EM27:EQ27,EM$41:EQ$41)<0,0,FORECAST(ER$41,EM27:EQ27,EM$41:EQ$41)) -> 0 | ES27: =IF(FORECAST(ES$41,EN27:ER27,EN$41:ER$41)<0,0,FORECAST(ES$41,EN27:ER27,EN$41:ER$41)) -> 0 | ET27: =IF(FORECAST(ET$41,EO27:ES27,EO$41:ES$41)<0,0,FORECAST(ET$41,EO27:ES27,EO$41:ES$41)) -> 0 | EU27: =IF(FORECAST(EU$41,EP27:ET27,EP$41:ET$41)<0,0,FORECAST(EU$41,EP27:ET27,EP$41:ET$41)) -> 0 | ... FN27: =IF(FORECAST(FN$41,FI27:FM27,FI$41:FM$41)<0,0,FORECAST(FN$41,FI27:FM27,FI$41:FM$41)) -> 0
A28: Other Africa | B28: ='[2]Canada Tallow Exports'!I$164-SUM(B23:B27) -> 0 | C28: ='[2]Canada Tallow Exports'!J$164-SUM(C23:C27) -> 0 | D28: ='[2]Canada Tallow Exports'!K$164-SUM(D23:D27) -> 0 | E28: ='[2]Canada Tallow Exports'!L$164-SUM(E23:E27) -> 0 | F28: ='[2]Canada Tallow Exports'!M$164-SUM(F23:F27) -> 27995 | G28: ='[2]Canada Tallow Exports'!N$164-SUM(G23:G27) -> 36591 | H28: ='[2]Canada Tallow Exports'!O$164-SUM(H23:H27) -> 48750 | I28: ='[2]Canada Tallow Exports'!P$164-SUM(I23:I27) -> 52500 | ... Y28: ='[2]Canada Tallow Exports'!AF$164-SUM(Y23:Y27) -> 0 | AE28: ='[2]Australia Tallow Exports'!N$164-SUM(AE23:AE27) -> 22884 | AF28: ='[2]Australia Tallow Exports'!O$164-SUM(AF23:AF27) -> 29848 | AG28: ='[2]Australia Tallow Exports'!P$164-SUM(AG23:AG27) -> 12418 | AH28: ='[2]Australia Tallow Exports'!Q$164-SUM(AH23:AH27) -> 4240 | AI28: ='[2]Australia Tallow Exports'!R$164-SUM(AI23:AI27) -> 10459 | AJ28: ='[2]Australia Tallow Exports'!S$164-SUM(AJ23:AJ27) -> 8199 | AK28: ='[2]Australia Tallow Exports'!T$164-SUM(AK23:AK27) -> 2439 | AL28: ='[2]Australia Tallow Exports'!U$164-SUM(AL23:AL27) -> 10291 | ... AW28: ='[2]Australia Tallow Exports'!AF$164-SUM(AW23:AW27) -> 500 | BC28: ='[2]New Zealand Tallow Exports'!N$164-SUM(BC23:BC27) -> 1241 | BD28: ='[2]New Zealand Tallow Exports'!O$164-SUM(BD23:BD27) -> 3626 | BE28: ='[2]New Zealand Tallow Exports'!P$164-SUM(BE23:BE27) -> 1534 | BF28: ='[2]New Zealand Tallow Exports'!Q$164-SUM(BF23:BF27) -> 1342 | BG28: ='[2]New Zealand Tallow Exports'!R$164-SUM(BG23:BG27) -> 470 | BH28: ='[2]New Zealand Tallow Exports'!S$164-SUM(BH23:BH27) -> 1740 | BI28: ='[2]New Zealand Tallow Exports'!T$164-SUM(BI23:BI27) -> 153 | BJ28: ='[2]New Zealand Tallow Exports'!U$164-SUM(BJ23:BJ27) -> 390 | ... BU28: ='[2]New Zealand Tallow Exports'!AF$164-SUM(BU23:BU27) -> 0 | BX28: ='[2]Paraguay Tallow Exports'!K$164-SUM(BX23:BX27) -> 0 | BY28: ='[2]Paraguay Tallow Exports'!L$164-SUM(BY23:BY27) -> 0 | BZ28: ='[2]Paraguay Tallow Exports'!M$164-SUM(BZ23:BZ27) -> 0 | CA28: ='[2]Paraguay Tallow Exports'!N$164-SUM(CA23:CA27) -> 16 | CB28: ='[2]Paraguay Tallow Exports'!O$164-SUM(CB23:CB27) -> 0 | CC28: ='[2]Paraguay Tallow Exports'!P$164-SUM(CC23:CC27) -> 0 | CD28: ='[2]Paraguay Tallow Exports'!Q$164-SUM(CD23:CD27) -> 0 | CE28: ='[2]Paraguay Tallow Exports'!R$164-SUM(CE23:CE27) -> 0 | ... CQ28: ='[2]Paraguay Tallow Exports'!AD$164-SUM(CQ23:CQ27) -> 0 | CR28: 0 | DE28: ='[2]Brazil Tallow Exports'!U$164-SUM(DE23:DE27) -> 0 | DF28: ='[2]Brazil Tallow Exports'!V$164-SUM(DF23:DF27) -> 0 | DG28: ='[2]Brazil Tallow Exports'!W$164-SUM(DG23:DG27) -> 0 | DH28: ='[2]Brazil Tallow Exports'!X$164-SUM(DH23:DH27) -> 0 | DI28: ='[2]Brazil Tallow Exports'!Y$164-SUM(DI23:DI27) -> 0 | DJ28: ='[2]Brazil Tallow Exports'!Z$164-SUM(DJ23:DJ27) -> 3871 | DK28: ='[2]Brazil Tallow Exports'!AA$164-SUM(DK23:DK27) -> 0 | DL28: ='[2]Brazil Tallow Exports'!AB$164-SUM(DL23:DL27) -> 0 | ... DP28: ='[2]Brazil Tallow Exports'!AF$164-SUM(DP23:DP27) -> 52 | EB28: =N28+AL28+CH28+DE28+BJ28 -> 29181 | EC28: =O28+AM28+CI28+DF28+BK28 -> 5230 | ED28: =P28+AN28+CJ28+DG28+BL28 -> 25470 | EE28: =Q28+AO28+CK28+DH28+BM28 -> 24788 | EF28: =R28+AP28+CL28+DI28+BN28 -> 1143 | EG28: =S28+AQ28+CM28+DJ28+BO28 -> 16128 | EH28: =T28+AR28+CN28+DK28+BP28 -> 15479 | EI28: =U28+AS28+CO28+DL28+BQ28 -> 1277 | ... EM28: =Y28+AW28+CS28+DP28+BU28 -> 552 | EN28: =IF(FORECAST(EN$41,EI28:EM28,EI$41:EM$41)<0,0,FORECAST(EN$41,EI28:EM28,EI$41:EM$41))*0.5 -> 0 | EO28: =IF(FORECAST(EO$41,EJ28:EN28,EJ$41:EN$41)<0,0,FORECAST(EO$41,EJ28:EN28,EJ$41:EN$41))*0.5 -> 0 | EP28: =IF(FORECAST(EP$41,EK28:EO28,EK$41:EO$41)<0,0,FORECAST(EP$41,EK28:EO28,EK$41:EO$41))*0.5 -> 0 | EQ28: =IF(FORECAST(EQ$41,EL28:EP28,EL$41:EP$41)<0,0,FORECAST(EQ$41,EL28:EP28,EL$41:EP$41))*0.5 -> 0 | ER28: =IF(FORECAST(ER$41,EM28:EQ28,EM$41:EQ$41)<0,0,FORECAST(ER$41,EM28:EQ28,EM$41:EQ$41))*0.5 -> 0 | ES28: =IF(FORECAST(ES$41,EN28:ER28,EN$41:ER$41)<0,0,FORECAST(ES$41,EN28:ER28,EN$41:ER$41))*0.5 -> 0 | ET28: =IF(FORECAST(ET$41,EO28:ES28,EO$41:ES$41)<0,0,FORECAST(ET$41,EO28:ES28,EO$41:ES$41))*0.5 -> 0 | EU28: =IF(FORECAST(EU$41,EP28:ET28,EP$41:ET$41)<0,0,FORECAST(EU$41,EP28:ET28,EP$41:ET$41))*0.5 -> 0 | ... FN28: =IF(FORECAST(FN$41,FI28:FM28,FI$41:FM$41)<0,0,FORECAST(FN$41,FI28:FM28,FI$41:FM$41))*0.5 -> 0
A29: Argentina | B29: ='[2]Canada Tallow Exports'!I$234 -> 0 | C29: ='[2]Canada Tallow Exports'!J$234 -> 0 | D29: ='[2]Canada Tallow Exports'!K$234 -> 0 | E29: ='[2]Canada Tallow Exports'!L$234 -> 0 | F29: ='[2]Canada Tallow Exports'!M$234 -> 0 | G29: ='[2]Canada Tallow Exports'!N$234 -> 0 | H29: ='[2]Canada Tallow Exports'!O$234 -> 0 | I29: ='[2]Canada Tallow Exports'!P$234 -> 0 | ... Y29: ='[2]Canada Tallow Exports'!AF$234 -> 0 | AE29: ='[2]Australia Tallow Exports'!N$234 -> 0 | AF29: ='[2]Australia Tallow Exports'!O$234 -> 0 | AG29: ='[2]Australia Tallow Exports'!P$234 -> 0 | AH29: ='[2]Australia Tallow Exports'!Q$234 -> 0 | AI29: ='[2]Australia Tallow Exports'!R$234 -> 0 | AJ29: ='[2]Australia Tallow Exports'!S$234 -> 0 | AK29: ='[2]Australia Tallow Exports'!T$234 -> 0 | AL29: ='[2]Australia Tallow Exports'!U$234 -> 0 | ... AW29: ='[2]Australia Tallow Exports'!AF$234 -> 0 | BC29: ='[2]New Zealand Tallow Exports'!N$234 -> 0 | BD29: ='[2]New Zealand Tallow Exports'!O$234 -> 0 | BE29: ='[2]New Zealand Tallow Exports'!P$234 -> 0 | BF29: ='[2]New Zealand Tallow Exports'!Q$234 -> 0 | BG29: ='[2]New Zealand Tallow Exports'!R$234 -> 0 | BH29: ='[2]New Zealand Tallow Exports'!S$234 -> 0 | BI29: ='[2]New Zealand Tallow Exports'!T$234 -> 0 | BJ29: ='[2]New Zealand Tallow Exports'!U$234 -> 0 | ... BU29: ='[2]New Zealand Tallow Exports'!AF$234 -> 0 | BX29: ='[2]Paraguay Tallow Exports'!K$234 -> 0 | BY29: ='[2]Paraguay Tallow Exports'!L$234 -> 0 | BZ29: ='[2]Paraguay Tallow Exports'!M$234 -> 0 | CA29: ='[2]Paraguay Tallow Exports'!N$234 -> 0 | CB29: ='[2]Paraguay Tallow Exports'!O$234 -> 0 | CC29: ='[2]Paraguay Tallow Exports'!P$234 -> 0 | CD29: ='[2]Paraguay Tallow Exports'!Q$234 -> 0 | CE29: ='[2]Paraguay Tallow Exports'!R$234 -> 150 | ... CQ29: ='[2]Paraguay Tallow Exports'!AD$234 -> 0 | CR29: =FORECAST(CR$41,CM29:CQ29,CM$41:CQ$41)*0 -> 0 | DE29: ='[2]Brazil Tallow Exports'!U$234 -> 0 | DF29: ='[2]Brazil Tallow Exports'!V$234 -> 0 | DG29: ='[2]Brazil Tallow Exports'!W$234 -> 0 | DH29: ='[2]Brazil Tallow Exports'!X$234 -> 0 | DI29: ='[2]Brazil Tallow Exports'!Y$234 -> 0 | DJ29: ='[2]Brazil Tallow Exports'!Z$234 -> 0 | DK29: ='[2]Brazil Tallow Exports'!AA$234 -> 0 | DL29: ='[2]Brazil Tallow Exports'!AB$234 -> 0 | ... DP29: ='[2]Brazil Tallow Exports'!AF$234 -> 0 | EB29: =N29+AL29+CH29+DE29+BJ29 -> 150 | EC29: =O29+AM29+CI29+DF29+BK29 -> 100 | ED29: =P29+AN29+CJ29+DG29+BL29 -> 150 | EE29: =Q29+AO29+CK29+DH29+BM29 -> 100 | EF29: =R29+AP29+CL29+DI29+BN29 -> 0 | EG29: =S29+AQ29+CM29+DJ29+BO29 -> 0 | EH29: =T29+AR29+CN29+DK29+BP29 -> 0 | EI29: =U29+AS29+CO29+DL29+BQ29 -> 0 | ... EM29: =Y29+AW29+CS29+DP29+BU29 -> 0 | EN29: =IF(FORECAST(EN$41,EI29:EM29,EI$41:EM$41)<0,0,FORECAST(EN$41,EI29:EM29,EI$41:EM$41)) -> 0 | EO29: =IF(FORECAST(EO$41,EJ29:EN29,EJ$41:EN$41)<0,0,FORECAST(EO$41,EJ29:EN29,EJ$41:EN$41)) -> 0 | EP29: =IF(FORECAST(EP$41,EK29:EO29,EK$41:EO$41)<0,0,FORECAST(EP$41,EK29:EO29,EK$41:EO$41)) -> 0 | EQ29: =IF(FORECAST(EQ$41,EL29:EP29,EL$41:EP$41)<0,0,FORECAST(EQ$41,EL29:EP29,EL$41:EP$41)) -> 0 | ER29: =IF(FORECAST(ER$41,EM29:EQ29,EM$41:EQ$41)<0,0,FORECAST(ER$41,EM29:EQ29,EM$41:EQ$41)) -> 0 | ES29: =IF(FORECAST(ES$41,EN29:ER29,EN$41:ER$41)<0,0,FORECAST(ES$41,EN29:ER29,EN$41:ER$41)) -> 0 | ET29: =IF(FORECAST(ET$41,EO29:ES29,EO$41:ES$41)<0,0,FORECAST(ET$41,EO29:ES29,EO$41:ES$41)) -> 0 | EU29: =IF(FORECAST(EU$41,EP29:ET29,EP$41:ET$41)<0,0,FORECAST(EU$41,EP29:ET29,EP$41:ET$41)) -> 0 | ... FN29: =IF(FORECAST(FN$41,FI29:FM29,FI$41:FM$41)<0,0,FORECAST(FN$41,FI29:FM29,FI$41:FM$41)) -> 0
A30: Brazil | B30: ='[2]Canada Tallow Exports'!I$241 -> 0 | C30: ='[2]Canada Tallow Exports'!J$241 -> 0 | D30: ='[2]Canada Tallow Exports'!K$241 -> 0 | E30: ='[2]Canada Tallow Exports'!L$241 -> 0 | F30: ='[2]Canada Tallow Exports'!M$241 -> 0 | G30: ='[2]Canada Tallow Exports'!N$241 -> 0 | H30: ='[2]Canada Tallow Exports'!O$241 -> 0 | I30: ='[2]Canada Tallow Exports'!P$241 -> 0 | ... Y30: ='[2]Canada Tallow Exports'!AF$241 -> 0 | AE30: ='[2]Australia Tallow Exports'!N$241 -> 0 | AF30: ='[2]Australia Tallow Exports'!O$241 -> 0 | AG30: ='[2]Australia Tallow Exports'!P$241 -> 0 | AH30: ='[2]Australia Tallow Exports'!Q$241 -> 0 | AI30: ='[2]Australia Tallow Exports'!R$241 -> 6000 | AJ30: ='[2]Australia Tallow Exports'!S$241 -> 0 | AK30: ='[2]Australia Tallow Exports'!T$241 -> 0 | AL30: ='[2]Australia Tallow Exports'!U$241 -> 0 | ... AW30: ='[2]Australia Tallow Exports'!AF$241 -> 0 | BC30: ='[2]New Zealand Tallow Exports'!N$241 -> 0 | BD30: ='[2]New Zealand Tallow Exports'!O$241 -> 0 | BE30: ='[2]New Zealand Tallow Exports'!P$241 -> 0 | BF30: ='[2]New Zealand Tallow Exports'!Q$241 -> 0 | BG30: ='[2]New Zealand Tallow Exports'!R$241 -> 0 | BH30: ='[2]New Zealand Tallow Exports'!S$241 -> 0 | BI30: ='[2]New Zealand Tallow Exports'!T$241 -> 0 | BJ30: ='[2]New Zealand Tallow Exports'!U$241 -> 0 | ... BU30: ='[2]New Zealand Tallow Exports'!AF$241 -> 0 | BX30: ='[2]Paraguay Tallow Exports'!K$241 -> 694 | BY30: ='[2]Paraguay Tallow Exports'!L$241 -> 0 | BZ30: ='[2]Paraguay Tallow Exports'!M$241 -> 557 | CA30: ='[2]Paraguay Tallow Exports'!N$241 -> 1941 | CB30: ='[2]Paraguay Tallow Exports'!O$241 -> 3310 | CC30: ='[2]Paraguay Tallow Exports'!P$241 -> 850 | CD30: ='[2]Paraguay Tallow Exports'!Q$241 -> 3300 | CE30: ='[2]Paraguay Tallow Exports'!R$241 -> 4475 | ... CQ30: ='[2]Paraguay Tallow Exports'!AD$241 -> 46032 | CR30: =FORECAST(CR$41,CM30:CQ30,CM$41:CQ$41) -> 46323.455 | DE30: N/A | DF30: N/A | DG30: N/A | DH30: N/A | DI30: N/A | DJ30: N/A | DK30: N/A | DL30: N/A | DM30: N/A | DN30: N/A | DO30: N/A | DP30: N/A | EB30: =N30+AL30+CH30+BJ30 -> 13040 | EC30: =O30+AM30+CI30+BK30 -> 24958 | ED30: =P30+AN30+CJ30+BL30 -> 33066 | EE30: =Q30+AO30+CK30+BM30 -> 38473 | EF30: =R30+AP30+CL30+BN30 -> 34429 | EG30: =S30+AQ30+CM30+BO30 -> 39796 | EH30: =T30+AR30+CN30+BP30 -> 34961 | EI30: =U30+AS30+CO30+BQ30 -> 35877 | ... EM30: =Y30+AW30+CS30+BU30 -> 0 | EN30: =IF(FORECAST(EN$41,EI30:EM30,EI$41:EM$41)<0,0,FORECAST(EN$41,EI30:EM30,EI$41:EM$41))*0.5 -> 0 | EO30: =IF(FORECAST(EO$41,EJ30:EN30,EJ$41:EN$41)<0,0,FORECAST(EO$41,EJ30:EN30,EJ$41:EN$41)) -> 0 | EP30: =IF(FORECAST(EP$41,EK30:EO30,EK$41:EO$41)<0,0,FORECAST(EP$41,EK30:EO30,EK$41:EO$41)) -> 0 | EQ30: =IF(FORECAST(EQ$41,EL30:EP30,EL$41:EP$41)<0,0,FORECAST(EQ$41,EL30:EP30,EL$41:EP$41)) -> 0 | ER30: =IF(FORECAST(ER$41,EM30:EQ30,EM$41:EQ$41)<0,0,FORECAST(ER$41,EM30:EQ30,EM$41:EQ$41)) -> 0 | ES30: =IF(FORECAST(ES$41,EN30:ER30,EN$41:ER$41)<0,0,FORECAST(ES$41,EN30:ER30,EN$41:ER$41)) -> 0 | ET30: =IF(FORECAST(ET$41,EO30:ES30,EO$41:ES$41)<0,0,FORECAST(ET$41,EO30:ES30,EO$41:ES$41)) -> 0 | EU30: =IF(FORECAST(EU$41,EP30:ET30,EP$41:ET$41)<0,0,FORECAST(EU$41,EP30:ET30,EP$41:ET$41)) -> 0 | EV30: =IF(FORECAST(EV$41,EQ30:EU30,EQ$41:EU$41)<0,0,FORECAST(EV$41,EQ30:EU30,EQ$41:EU$41)) -> 0 | ... FN30: =IF(FORECAST(FN$41,FI30:FM30,FI$41:FM$41)<0,0,FORECAST(FN$41,FI30:FM30,FI$41:FM$41)) -> 0
A31: Canada | B31: N/A | C31: N/A | D31: N/A | E31: N/A | F31: N/A | G31: N/A | H31: N/A | I31: N/A | J31: N/A | K31: N/A | L31: N/A | M31: N/A | N31: N/A | O31: N/A | P31: N/A | Q31: N/A | R31: N/A | S31: N/A | T31: N/A | U31: N/A | V31: N/A | W31: N/A | X31: N/A | Y31: N/A | AE31: ='[2]Australia Tallow Exports'!N$243 -> 0 | AF31: ='[2]Australia Tallow Exports'!O$243 -> 0 | AG31: ='[2]Australia Tallow Exports'!P$243 -> 0 | AH31: ='[2]Australia Tallow Exports'!Q$243 -> 0 | AI31: ='[2]Australia Tallow Exports'!R$243 -> 0 | AJ31: ='[2]Australia Tallow Exports'!S$243 -> 0 | AK31: ='[2]Australia Tallow Exports'!T$243 -> 0 | AL31: ='[2]Australia Tallow Exports'!U$243 -> 0 | ... AW31: ='[2]Australia Tallow Exports'!AF$243 -> 0 | BC31: ='[2]New Zealand Tallow Exports'!N$243 -> 52 | BD31: ='[2]New Zealand Tallow Exports'!O$243 -> 17 | BE31: ='[2]New Zealand Tallow Exports'!P$243 -> 42 | BF31: ='[2]New Zealand Tallow Exports'!Q$243 -> 0 | BG31: ='[2]New Zealand Tallow Exports'!R$243 -> 0 | BH31: ='[2]New Zealand Tallow Exports'!S$243 -> 0 | BI31: ='[2]New Zealand Tallow Exports'!T$243 -> 0 | BJ31: ='[2]New Zealand Tallow Exports'!U$243 -> 0 | ... BU31: ='[2]New Zealand Tallow Exports'!AF$243 -> 75 | BX31: ='[2]Paraguay Tallow Exports'!K$243 -> 0 | BY31: ='[2]Paraguay Tallow Exports'!L$243 -> 0 | BZ31: ='[2]Paraguay Tallow Exports'!M$243 -> 0 | CA31: ='[2]Paraguay Tallow Exports'!N$243 -> 0 | CB31: ='[2]Paraguay Tallow Exports'!O$243 -> 0 | CC31: ='[2]Paraguay Tallow Exports'!P$243 -> 0 | CD31: ='[2]Paraguay Tallow Exports'!Q$243 -> 0 | CE31: ='[2]Paraguay Tallow Exports'!R$243 -> 0 | ... CQ31: ='[2]Paraguay Tallow Exports'!AD$243 -> 0 | CR31: =FORECAST(CR$41,CM31:CQ31,CM$41:CQ$41) -> 0 | DE31: ='[2]Brazil Tallow Exports'!U$243 -> 0 | DF31: ='[2]Brazil Tallow Exports'!V$243 -> 0 | DG31: ='[2]Brazil Tallow Exports'!W$243 -> 0 | DH31: ='[2]Brazil Tallow Exports'!X$243 -> 0 | DI31: ='[2]Brazil Tallow Exports'!Y$243 -> 0 | DJ31: ='[2]Brazil Tallow Exports'!Z$243 -> 0 | DK31: ='[2]Brazil Tallow Exports'!AA$243 -> 0 | DL31: ='[2]Brazil Tallow Exports'!AB$243 -> 0 | ... DP31: ='[2]Brazil Tallow Exports'!AF$243 -> 0 | EB31: =AL31+CH31+DE31+BJ31 -> 0 | EC31: =AM31+CI31+DF31+BK31 -> 0 | ED31: =AN31+CJ31+DG31+BL31 -> 0 | EE31: =AO31+CK31+DH31+BM31 -> 0 | EF31: =AP31+CL31+DI31+BN31 -> 34 | EG31: =AQ31+CM31+DJ31+BO31 -> 331 | EH31: =AR31+CN31+DK31+BP31 -> 0 | EI31: =AS31+CO31+DL31+BQ31 -> 355 | ... EM31: =AW31+CS31+DP31+BU31 -> 75 | EN31: =IF(FORECAST(EN$41,EI31:EM31,EI$41:EM$41)<0,0,FORECAST(EN$41,EI31:EM31,EI$41:EM$41)) -> 0 | EO31: =IF(FORECAST(EO$41,EJ31:EN31,EJ$41:EN$41)<0,0,FORECAST(EO$41,EJ31:EN31,EJ$41:EN$41)) -> 11.11247 | EP31: =IF(FORECAST(EP$41,EK31:EO31,EK$41:EO$41)<0,0,FORECAST(EP$41,EK31:EO31,EK$41:EO$41)) -> 0 | EQ31: =IF(FORECAST(EQ$41,EL31:EP31,EL$41:EP$41)<0,0,FORECAST(EQ$41,EL31:EP31,EL$41:EP$41)) -> 0 | ER31: =IF(FORECAST(ER$41,EM31:EQ31,EM$41:EQ$41)<0,0,FORECAST(ER$41,EM31:EQ31,EM$41:EQ$41)) -> 0 | ES31: =IF(FORECAST(ES$41,EN31:ER31,EN$41:ER$41)<0,0,FORECAST(ES$41,EN31:ER31,EN$41:ER$41)) -> 1.3229886 | ET31: =IF(FORECAST(ET$41,EO31:ES31,EO$41:ES$41)<0,0,FORECAST(ET$41,EO31:ES31,EO$41:ES$41)) -> 0 | EU31: =IF(FORECAST(EU$41,EP31:ET31,EP$41:ET$41)<0,0,FORECAST(EU$41,EP31:ET31,EP$41:ET$41)) -> 0.77536254 | ... FN31: =IF(FORECAST(FN$41,FI31:FM31,FI$41:FM$41)<0,0,FORECAST(FN$41,FI31:FM31,FI$41:FM$41)) -> 0.38478423
A32: Chile | B32: ='[2]Canada Tallow Exports'!I$245 -> 0 | C32: ='[2]Canada Tallow Exports'!J$245 -> 0 | D32: ='[2]Canada Tallow Exports'!K$245 -> 0 | E32: ='[2]Canada Tallow Exports'!L$245 -> 0 | F32: ='[2]Canada Tallow Exports'!M$245 -> 0 | G32: ='[2]Canada Tallow Exports'!N$245 -> 0 | H32: ='[2]Canada Tallow Exports'!O$245 -> 0 | I32: ='[2]Canada Tallow Exports'!P$245 -> 0 | ... Y32: ='[2]Canada Tallow Exports'!AF$245 -> 0 | AE32: ='[2]Australia Tallow Exports'!N$245 -> 0 | AF32: ='[2]Australia Tallow Exports'!O$245 -> 0 | AG32: ='[2]Australia Tallow Exports'!P$245 -> 0 | AH32: ='[2]Australia Tallow Exports'!Q$245 -> 0 | AI32: ='[2]Australia Tallow Exports'!R$245 -> 0 | AJ32: ='[2]Australia Tallow Exports'!S$245 -> 0 | AK32: ='[2]Australia Tallow Exports'!T$245 -> 0 | AL32: ='[2]Australia Tallow Exports'!U$245 -> 0 | ... AW32: ='[2]Australia Tallow Exports'!AF$245 -> 0 | BC32: ='[2]New Zealand Tallow Exports'!N$245 -> 0 | BD32: ='[2]New Zealand Tallow Exports'!O$245 -> 0 | BE32: ='[2]New Zealand Tallow Exports'!P$245 -> 0 | BF32: ='[2]New Zealand Tallow Exports'!Q$245 -> 0 | BG32: ='[2]New Zealand Tallow Exports'!R$245 -> 0 | BH32: ='[2]New Zealand Tallow Exports'!S$245 -> 0 | BI32: ='[2]New Zealand Tallow Exports'!T$245 -> 0 | BJ32: ='[2]New Zealand Tallow Exports'!U$245 -> 0 | ... BU32: ='[2]New Zealand Tallow Exports'!AF$245 -> 0 | BX32: ='[2]Paraguay Tallow Exports'!K$245 -> 0 | BY32: ='[2]Paraguay Tallow Exports'!L$245 -> 0 | BZ32: ='[2]Paraguay Tallow Exports'!M$245 -> 0 | CA32: ='[2]Paraguay Tallow Exports'!N$245 -> 0 | CB32: ='[2]Paraguay Tallow Exports'!O$245 -> 0 | CC32: ='[2]Paraguay Tallow Exports'!P$245 -> 0 | CD32: ='[2]Paraguay Tallow Exports'!Q$245 -> 0 | CE32: ='[2]Paraguay Tallow Exports'!R$245 -> 0 | ... CQ32: ='[2]Paraguay Tallow Exports'!AD$245 -> 1571 | CR32: =FORECAST(CR$41,CM32:CQ32,CM$41:CQ$41) -> 1503.4793 | DE32: ='[2]Brazil Tallow Exports'!U$245 -> 0 | DF32: ='[2]Brazil Tallow Exports'!V$245 -> 0 | DG32: ='[2]Brazil Tallow Exports'!W$245 -> 0 | DH32: ='[2]Brazil Tallow Exports'!X$245 -> 0 | DI32: ='[2]Brazil Tallow Exports'!Y$245 -> 0 | DJ32: ='[2]Brazil Tallow Exports'!Z$245 -> 0 | DK32: ='[2]Brazil Tallow Exports'!AA$245 -> 0 | DL32: ='[2]Brazil Tallow Exports'!AB$245 -> 0 | ... DP32: ='[2]Brazil Tallow Exports'!AF$245 -> 1 | EB32: =N32+AL32+CH32+DE32+BJ32 -> 56 | EC32: =O32+AM32+CI32+DF32+BK32 -> 357 | ED32: =P32+AN32+CJ32+DG32+BL32 -> 416 | EE32: =Q32+AO32+CK32+DH32+BM32 -> 0 | EF32: =R32+AP32+CL32+DI32+BN32 -> 0 | EG32: =S32+AQ32+CM32+DJ32+BO32 -> 1 | EH32: =T32+AR32+CN32+DK32+BP32 -> 5 | EI32: =U32+AS32+CO32+DL32+BQ32 -> 5 | ... EM32: =Y32+AW32+CS32+DP32+BU32 -> 1 | EN32: =IF(FORECAST(EN$41,EI32:EM32,EI$41:EM$41)<0,0,FORECAST(EN$41,EI32:EM32,EI$41:EM$41)) -> 407.08145 | EO32: =IF(FORECAST(EO$41,EJ32:EN32,EJ$41:EN$41)<0,0,FORECAST(EO$41,EJ32:EN32,EJ$41:EN$41)) -> 173.37437 | EP32: =IF(FORECAST(EP$41,EK32:EO32,EK$41:EO$41)<0,0,FORECAST(EP$41,EK32:EO32,EK$41:EO$41)) -> 0 | EQ32: =IF(FORECAST(EQ$41,EL32:EP32,EL$41:EP$41)<0,0,FORECAST(EQ$41,EL32:EP32,EL$41:EP$41)) -> 0 | ER32: =IF(FORECAST(ER$41,EM32:EQ32,EM$41:EQ$41)<0,0,FORECAST(ER$41,EM32:EQ32,EM$41:EQ$41)) -> 118.31484 | ES32: =IF(FORECAST(ES$41,EN32:ER32,EN$41:ER$41)<0,0,FORECAST(ES$41,EN32:ER32,EN$41:ER$41)) -> 0 | ET32: =IF(FORECAST(ET$41,EO32:ES32,EO$41:ES$41)<0,0,FORECAST(ET$41,EO32:ES32,EO$41:ES$41)) -> 0 | EU32: =IF(FORECAST(EU$41,EP32:ET32,EP$41:ET$41)<0,0,FORECAST(EU$41,EP32:ET32,EP$41:ET$41)) -> 33.205372 | ... FN32: =IF(FORECAST(FN$41,FI32:FM32,FI$41:FM$41)<0,0,FORECAST(FN$41,FI32:FM32,FI$41:FM$41)) -> 14.6166
A33: Colombia | B33: ='[2]Canada Tallow Exports'!I$246 -> 0 | C33: ='[2]Canada Tallow Exports'!J$246 -> 0 | D33: ='[2]Canada Tallow Exports'!K$246 -> 0 | E33: ='[2]Canada Tallow Exports'!L$246 -> 0 | F33: ='[2]Canada Tallow Exports'!M$246 -> 0 | G33: ='[2]Canada Tallow Exports'!N$246 -> 6986 | H33: ='[2]Canada Tallow Exports'!O$246 -> 9900 | I33: ='[2]Canada Tallow Exports'!P$246 -> 5000 | ... Y33: ='[2]Canada Tallow Exports'!AF$246 -> 0 | AE33: ='[2]Australia Tallow Exports'!N$246 -> 0 | AF33: ='[2]Australia Tallow Exports'!O$246 -> 0 | AG33: ='[2]Australia Tallow Exports'!P$246 -> 0 | AH33: ='[2]Australia Tallow Exports'!Q$246 -> 0 | AI33: ='[2]Australia Tallow Exports'!R$246 -> 0 | AJ33: ='[2]Australia Tallow Exports'!S$246 -> 0 | AK33: ='[2]Australia Tallow Exports'!T$246 -> 0 | AL33: ='[2]Australia Tallow Exports'!U$246 -> 0 | ... AW33: ='[2]Australia Tallow Exports'!AF$246 -> 0 | BC33: ='[2]New Zealand Tallow Exports'!N$246 -> 0 | BD33: ='[2]New Zealand Tallow Exports'!O$246 -> 0 | BE33: ='[2]New Zealand Tallow Exports'!P$246 -> 0 | BF33: ='[2]New Zealand Tallow Exports'!Q$246 -> 0 | BG33: ='[2]New Zealand Tallow Exports'!R$246 -> 0 | BH33: ='[2]New Zealand Tallow Exports'!S$246 -> 0 | BI33: ='[2]New Zealand Tallow Exports'!T$246 -> 0 | BJ33: ='[2]New Zealand Tallow Exports'!U$246 -> 0 | ... BU33: ='[2]New Zealand Tallow Exports'!AF$246 -> 0 | BX33: ='[2]Paraguay Tallow Exports'!K$246 -> 0 | BY33: ='[2]Paraguay Tallow Exports'!L$246 -> 0 | BZ33: ='[2]Paraguay Tallow Exports'!M$246 -> 0 | CA33: ='[2]Paraguay Tallow Exports'!N$246 -> 0 | CB33: ='[2]Paraguay Tallow Exports'!O$246 -> 0 | CC33: ='[2]Paraguay Tallow Exports'!P$246 -> 0 | CD33: ='[2]Paraguay Tallow Exports'!Q$246 -> 0 | CE33: ='[2]Paraguay Tallow Exports'!R$246 -> 0 | ... CQ33: ='[2]Paraguay Tallow Exports'!AD$246 -> 0 | CR33: =FORECAST(CR$41,CM33:CQ33,CM$41:CQ$41) -> 0 | DE33: ='[2]Brazil Tallow Exports'!U$246 -> 0 | DF33: ='[2]Brazil Tallow Exports'!V$246 -> 0 | DG33: ='[2]Brazil Tallow Exports'!W$246 -> 0 | DH33: ='[2]Brazil Tallow Exports'!X$246 -> 0 | DI33: ='[2]Brazil Tallow Exports'!Y$246 -> 0 | DJ33: ='[2]Brazil Tallow Exports'!Z$246 -> 0 | DK33: ='[2]Brazil Tallow Exports'!AA$246 -> 0 | DL33: ='[2]Brazil Tallow Exports'!AB$246 -> 0 | ... DP33: ='[2]Brazil Tallow Exports'!AF$246 -> 1 | EB33: =N33+AL33+CH33+DE33+BJ33 -> 7500 | EC33: =O33+AM33+CI33+DF33+BK33 -> 5000 | ED33: =P33+AN33+CJ33+DG33+BL33 -> 2500 | EE33: =Q33+AO33+CK33+DH33+BM33 -> 2500 | EF33: =R33+AP33+CL33+DI33+BN33 -> 2000 | EG33: =S33+AQ33+CM33+DJ33+BO33 -> 2000 | EH33: =T33+AR33+CN33+DK33+BP33 -> 0 | EI33: =U33+AS33+CO33+DL33+BQ33 -> 0 | ... EM33: =Y33+AW33+CS33+DP33+BU33 -> 1 | EN33: =IF(FORECAST(EN$41,EI33:EM33,EI$41:EM$41)<0,0,FORECAST(EN$41,EI33:EM33,EI$41:EM$41))*0.25 -> 0.31951987 | EO33: =IF(FORECAST(EO$41,EJ33:EN33,EJ$41:EN$41)<0,0,FORECAST(EO$41,EJ33:EN33,EJ$41:EN$41))*0.25 -> 0.12048554 | EP33: =IF(FORECAST(EP$41,EK33:EO33,EK$41:EO$41)<0,0,FORECAST(EP$41,EK33:EO33,EK$41:EO$41))*0.25 -> 0.096018049 | EQ33: =IF(FORECAST(EQ$41,EL33:EP33,EL$41:EP$41)<0,0,FORECAST(EQ$41,EL33:EP33,EL$41:EP$41))*0.25 -> 0.052855145 | ER33: =IF(FORECAST(ER$41,EM33:EQ33,EM$41:EQ$41)<0,0,FORECAST(ER$41,EM33:EQ33,EM$41:EQ$41))*0.25 -> 0 | ES33: =IF(FORECAST(ES$41,EN33:ER33,EN$41:ER$41)<0,0,FORECAST(ES$41,EN33:ER33,EN$41:ER$41))*0.25 -> 0 | ET33: =IF(FORECAST(ET$41,EO33:ES33,EO$41:ES$41)<0,0,FORECAST(ET$41,EO33:ES33,EO$41:ES$41))*0.25 -> 0 | EU33: =IF(FORECAST(EU$41,EP33:ET33,EP$41:ET$41)<0,0,FORECAST(EU$41,EP33:ET33,EP$41:ET$41))*0.25 -> 0 | ... FN33: =IF(FORECAST(FN$41,FI33:FM33,FI$41:FM$41)<0,0,FORECAST(FN$41,FI33:FM33,FI$41:FM$41))*0.25 -> 0
A34: Cuba | B34: ='[2]Canada Tallow Exports'!I$248 -> 0 | C34: ='[2]Canada Tallow Exports'!J$248 -> 5001 | D34: ='[2]Canada Tallow Exports'!K$248 -> 1998 | E34: ='[2]Canada Tallow Exports'!L$248 -> 0 | F34: ='[2]Canada Tallow Exports'!M$248 -> 0 | G34: ='[2]Canada Tallow Exports'!N$248 -> 0 | H34: ='[2]Canada Tallow Exports'!O$248 -> 0 | I34: ='[2]Canada Tallow Exports'!P$248 -> 3995 | ... Y34: ='[2]Canada Tallow Exports'!AF$248 -> 0 | AE34: ='[2]Australia Tallow Exports'!N$248 -> 0 | AF34: ='[2]Australia Tallow Exports'!O$248 -> 0 | AG34: ='[2]Australia Tallow Exports'!P$248 -> 0 | AH34: ='[2]Australia Tallow Exports'!Q$248 -> 0 | AI34: ='[2]Australia Tallow Exports'!R$248 -> 0 | AJ34: ='[2]Australia Tallow Exports'!S$248 -> 0 | AK34: ='[2]Australia Tallow Exports'!T$248 -> 0 | AL34: ='[2]Australia Tallow Exports'!U$248 -> 0 | ... AW34: ='[2]Australia Tallow Exports'!AF$248 -> 0 | BC34: ='[2]New Zealand Tallow Exports'!N$248 -> 0 | BD34: ='[2]New Zealand Tallow Exports'!O$248 -> 0 | BE34: ='[2]New Zealand Tallow Exports'!P$248 -> 0 | BF34: ='[2]New Zealand Tallow Exports'!Q$248 -> 0 | BG34: ='[2]New Zealand Tallow Exports'!R$248 -> 0 | BH34: ='[2]New Zealand Tallow Exports'!S$248 -> 0 | BI34: ='[2]New Zealand Tallow Exports'!T$248 -> 0 | BJ34: ='[2]New Zealand Tallow Exports'!U$248 -> 0 | ... BU34: ='[2]New Zealand Tallow Exports'!AF$248 -> 0 | BX34: ='[2]Paraguay Tallow Exports'!K$248 -> 0 | BY34: ='[2]Paraguay Tallow Exports'!L$248 -> 0 | BZ34: ='[2]Paraguay Tallow Exports'!M$248 -> 0 | CA34: ='[2]Paraguay Tallow Exports'!N$248 -> 0 | CB34: ='[2]Paraguay Tallow Exports'!O$248 -> 0 | CC34: ='[2]Paraguay Tallow Exports'!P$248 -> 0 | CD34: ='[2]Paraguay Tallow Exports'!Q$248 -> 0 | CE34: ='[2]Paraguay Tallow Exports'!R$248 -> 0 | ... CQ34: ='[2]Paraguay Tallow Exports'!AD$248 -> 0 | CR34: =FORECAST(CR$41,CM34:CQ34,CM$41:CQ$41) -> 0 | DE34: ='[2]Brazil Tallow Exports'!U$248 -> 0 | DF34: ='[2]Brazil Tallow Exports'!V$248 -> 0 | DG34: ='[2]Brazil Tallow Exports'!W$248 -> 0 | DH34: ='[2]Brazil Tallow Exports'!X$248 -> 0 | DI34: ='[2]Brazil Tallow Exports'!Y$248 -> 0 | DJ34: ='[2]Brazil Tallow Exports'!Z$248 -> 0 | DK34: ='[2]Brazil Tallow Exports'!AA$248 -> 0 | DL34: ='[2]Brazil Tallow Exports'!AB$248 -> 0 | ... DP34: ='[2]Brazil Tallow Exports'!AF$248 -> 0 | EB34: =N34+AL34+CH34+DE34+BJ34 -> 4929 | EC34: =O34+AM34+CI34+DF34+BK34 -> 0 | ED34: =P34+AN34+CJ34+DG34+BL34 -> 0 | EE34: =Q34+AO34+CK34+DH34+BM34 -> 0 | EF34: =R34+AP34+CL34+DI34+BN34 -> 0 | EG34: =S34+AQ34+CM34+DJ34+BO34 -> 0 | EH34: =T34+AR34+CN34+DK34+BP34 -> 0 | EI34: =U34+AS34+CO34+DL34+BQ34 -> 0 | ... EM34: =Y34+AW34+CS34+DP34+BU34 -> 0 | EN34: =IF(FORECAST(EN$41,EI34:EM34,EI$41:EM$41)<0,0,FORECAST(EN$41,EI34:EM34,EI$41:EM$41)) -> 0 | EO34: =IF(FORECAST(EO$41,EJ34:EN34,EJ$41:EN$41)<0,0,FORECAST(EO$41,EJ34:EN34,EJ$41:EN$41)) -> 0 | EP34: =IF(FORECAST(EP$41,EK34:EO34,EK$41:EO$41)<0,0,FORECAST(EP$41,EK34:EO34,EK$41:EO$41)) -> 0 | EQ34: =IF(FORECAST(EQ$41,EL34:EP34,EL$41:EP$41)<0,0,FORECAST(EQ$41,EL34:EP34,EL$41:EP$41)) -> 0 | ER34: =IF(FORECAST(ER$41,EM34:EQ34,EM$41:EQ$41)<0,0,FORECAST(ER$41,EM34:EQ34,EM$41:EQ$41)) -> 0 | ES34: =IF(FORECAST(ES$41,EN34:ER34,EN$41:ER$41)<0,0,FORECAST(ES$41,EN34:ER34,EN$41:ER$41)) -> 0 | ET34: =IF(FORECAST(ET$41,EO34:ES34,EO$41:ES$41)<0,0,FORECAST(ET$41,EO34:ES34,EO$41:ES$41)) -> 0 | EU34: =IF(FORECAST(EU$41,EP34:ET34,EP$41:ET$41)<0,0,FORECAST(EU$41,EP34:ET34,EP$41:ET$41)) -> 0 | ... FN34: =IF(FORECAST(FN$41,FI34:FM34,FI$41:FM$41)<0,0,FORECAST(FN$41,FI34:FM34,FI$41:FM$41)) -> 0
A35: Dominican Rep. | B35: ='[2]Canada Tallow Exports'!I$250 -> 0 | C35: ='[2]Canada Tallow Exports'!J$250 -> 0 | D35: ='[2]Canada Tallow Exports'!K$250 -> 0 | E35: ='[2]Canada Tallow Exports'!L$250 -> 0 | F35: ='[2]Canada Tallow Exports'!M$250 -> 0 | G35: ='[2]Canada Tallow Exports'!N$250 -> 0 | H35: ='[2]Canada Tallow Exports'!O$250 -> 2500 | I35: ='[2]Canada Tallow Exports'!P$250 -> 0 | ... Y35: ='[2]Canada Tallow Exports'!AF$250 -> 0 | AE35: ='[2]Australia Tallow Exports'!N$250 -> 0 | AF35: ='[2]Australia Tallow Exports'!O$250 -> 0 | AG35: ='[2]Australia Tallow Exports'!P$250 -> 0 | AH35: ='[2]Australia Tallow Exports'!Q$250 -> 0 | AI35: ='[2]Australia Tallow Exports'!R$250 -> 0 | AJ35: ='[2]Australia Tallow Exports'!S$250 -> 0 | AK35: ='[2]Australia Tallow Exports'!T$250 -> 0 | AL35: ='[2]Australia Tallow Exports'!U$250 -> 0 | ... AW35: ='[2]Australia Tallow Exports'!AF$250 -> 0 | BC35: ='[2]New Zealand Tallow Exports'!N$250 -> 0 | BD35: ='[2]New Zealand Tallow Exports'!O$250 -> 0 | BE35: ='[2]New Zealand Tallow Exports'!P$250 -> 0 | BF35: ='[2]New Zealand Tallow Exports'!Q$250 -> 0 | BG35: ='[2]New Zealand Tallow Exports'!R$250 -> 0 | BH35: ='[2]New Zealand Tallow Exports'!S$250 -> 0 | BI35: ='[2]New Zealand Tallow Exports'!T$250 -> 0 | BJ35: ='[2]New Zealand Tallow Exports'!U$250 -> 0 | ... BU35: ='[2]New Zealand Tallow Exports'!AF$250 -> 0 | BX35: ='[2]Paraguay Tallow Exports'!K$250 -> 0 | BY35: ='[2]Paraguay Tallow Exports'!L$250 -> 0 | BZ35: ='[2]Paraguay Tallow Exports'!M$250 -> 0 | CA35: ='[2]Paraguay Tallow Exports'!N$250 -> 0 | CB35: ='[2]Paraguay Tallow Exports'!O$250 -> 0 | CC35: ='[2]Paraguay Tallow Exports'!P$250 -> 0 | CD35: ='[2]Paraguay Tallow Exports'!Q$250 -> 0 | CE35: ='[2]Paraguay Tallow Exports'!R$250 -> 0 | ... CQ35: ='[2]Paraguay Tallow Exports'!AD$250 -> 0 | CR35: =FORECAST(CR$41,CM35:CQ35,CM$41:CQ$41) -> 0 | DE35: ='[2]Brazil Tallow Exports'!U$250 -> 0 | DF35: ='[2]Brazil Tallow Exports'!V$250 -> 2 | DG35: ='[2]Brazil Tallow Exports'!W$250 -> 0 | DH35: ='[2]Brazil Tallow Exports'!X$250 -> 2 | DI35: ='[2]Brazil Tallow Exports'!Y$250 -> 0 | DJ35: ='[2]Brazil Tallow Exports'!Z$250 -> 0 | DK35: ='[2]Brazil Tallow Exports'!AA$250 -> 0 | DL35: ='[2]Brazil Tallow Exports'!AB$250 -> 0 | ... DP35: ='[2]Brazil Tallow Exports'!AF$250 -> 0 | EB35: =N35+AL35+CH35+DE35+BJ35 -> 0 | EC35: =O35+AM35+CI35+DF35+BK35 -> 2 | ED35: =P35+AN35+CJ35+DG35+BL35 -> 96 | EE35: =Q35+AO35+CK35+DH35+BM35 -> 89 | EF35: =R35+AP35+CL35+DI35+BN35 -> 91 | EG35: =S35+AQ35+CM35+DJ35+BO35 -> 177 | EH35: =T35+AR35+CN35+DK35+BP35 -> 92 | EI35: =U35+AS35+CO35+DL35+BQ35 -> 95 | ... EM35: =Y35+AW35+CS35+DP35+BU35 -> 0 | EN35: =IF(FORECAST(EN$41,EI35:EM35,EI$41:EM$41)<0,0,FORECAST(EN$41,EI35:EM35,EI$41:EM$41))*0.5 -> 0 | EO35: =IF(FORECAST(EO$41,EJ35:EN35,EJ$41:EN$41)<0,0,FORECAST(EO$41,EJ35:EN35,EJ$41:EN$41))*0.5 -> 0 | EP35: =IF(FORECAST(EP$41,EK35:EO35,EK$41:EO$41)<0,0,FORECAST(EP$41,EK35:EO35,EK$41:EO$41))*0.5 -> 0 | EQ35: =IF(FORECAST(EQ$41,EL35:EP35,EL$41:EP$41)<0,0,FORECAST(EQ$41,EL35:EP35,EL$41:EP$41))*0.5 -> 0 | ER35: =IF(FORECAST(ER$41,EM35:EQ35,EM$41:EQ$41)<0,0,FORECAST(ER$41,EM35:EQ35,EM$41:EQ$41))*0.5 -> 0 | ES35: =IF(FORECAST(ES$41,EN35:ER35,EN$41:ER$41)<0,0,FORECAST(ES$41,EN35:ER35,EN$41:ER$41))*0.5 -> 0 | ET35: =IF(FORECAST(ET$41,EO35:ES35,EO$41:ES$41)<0,0,FORECAST(ET$41,EO35:ES35,EO$41:ES$41))*0.5 -> 0 | EU35: =IF(FORECAST(EU$41,EP35:ET35,EP$41:ET$41)<0,0,FORECAST(EU$41,EP35:ET35,EP$41:ET$41))*0.5 -> 0 | ... FN35: =IF(FORECAST(FN$41,FI35:FM35,FI$41:FM$41)<0,0,FORECAST(FN$41,FI35:FM35,FI$41:FM$41))*0.5 -> 0
A36: Mexico | B36: ='[2]Canada Tallow Exports'!I$266 -> 2501 | C36: ='[2]Canada Tallow Exports'!J$266 -> 1995 | D36: ='[2]Canada Tallow Exports'!K$266 -> 0 | E36: ='[2]Canada Tallow Exports'!L$266 -> 5959 | F36: ='[2]Canada Tallow Exports'!M$266 -> 43737 | G36: ='[2]Canada Tallow Exports'!N$266 -> 28822 | H36: ='[2]Canada Tallow Exports'!O$266 -> 5082 | I36: ='[2]Canada Tallow Exports'!P$266 -> 14319 | ... Y36: ='[2]Canada Tallow Exports'!AF$266 -> 1150 | AE36: ='[2]Australia Tallow Exports'!N$266 -> 0 | AF36: ='[2]Australia Tallow Exports'!O$266 -> 0 | AG36: ='[2]Australia Tallow Exports'!P$266 -> 0 | AH36: ='[2]Australia Tallow Exports'!Q$266 -> 0 | AI36: ='[2]Australia Tallow Exports'!R$266 -> 0 | AJ36: ='[2]Australia Tallow Exports'!S$266 -> 0 | AK36: ='[2]Australia Tallow Exports'!T$266 -> 0 | AL36: ='[2]Australia Tallow Exports'!U$266 -> 0 | ... AW36: ='[2]Australia Tallow Exports'!AF$266 -> 0 | BC36: ='[2]New Zealand Tallow Exports'!N$266 -> 0 | BD36: ='[2]New Zealand Tallow Exports'!O$266 -> 0 | BE36: ='[2]New Zealand Tallow Exports'!P$266 -> 0 | BF36: ='[2]New Zealand Tallow Exports'!Q$266 -> 0 | BG36: ='[2]New Zealand Tallow Exports'!R$266 -> 0 | BH36: ='[2]New Zealand Tallow Exports'!S$266 -> 0 | BI36: ='[2]New Zealand Tallow Exports'!T$266 -> 0 | BJ36: ='[2]New Zealand Tallow Exports'!U$266 -> 0 | ... BU36: ='[2]New Zealand Tallow Exports'!AF$266 -> 0 | BX36: ='[2]Paraguay Tallow Exports'!K$266 -> 0 | BY36: ='[2]Paraguay Tallow Exports'!L$266 -> 0 | BZ36: ='[2]Paraguay Tallow Exports'!M$266 -> 0 | CA36: ='[2]Paraguay Tallow Exports'!N$266 -> 0 | CB36: ='[2]Paraguay Tallow Exports'!O$266 -> 0 | CC36: ='[2]Paraguay Tallow Exports'!P$266 -> 0 | CD36: ='[2]Paraguay Tallow Exports'!Q$266 -> 0 | CE36: ='[2]Paraguay Tallow Exports'!R$266 -> 0 | ... CQ36: ='[2]Paraguay Tallow Exports'!AD$266 -> 0 | CR36: =FORECAST(CR$41,CM36:CQ36,CM$41:CQ$41) -> 0 | DE36: ='[2]Brazil Tallow Exports'!U$266 -> 0 | DF36: ='[2]Brazil Tallow Exports'!V$266 -> 0 | DG36: ='[2]Brazil Tallow Exports'!W$266 -> 0 | DH36: ='[2]Brazil Tallow Exports'!X$266 -> 0 | DI36: ='[2]Brazil Tallow Exports'!Y$266 -> 0 | DJ36: ='[2]Brazil Tallow Exports'!Z$266 -> 0 | DK36: ='[2]Brazil Tallow Exports'!AA$266 -> 0 | DL36: ='[2]Brazil Tallow Exports'!AB$266 -> 0 | ... DP36: ='[2]Brazil Tallow Exports'!AF$266 -> 0 | EB36: =N36+AL36+CH36+DE36+BJ36 -> 0 | EC36: =O36+AM36+CI36+DF36+BK36 -> 0 | ED36: =P36+AN36+CJ36+DG36+BL36 -> 5080 | EE36: =Q36+AO36+CK36+DH36+BM36 -> 12087 | EF36: =R36+AP36+CL36+DI36+BN36 -> 0 | EG36: =S36+AQ36+CM36+DJ36+BO36 -> 0 | EH36: =T36+AR36+CN36+DK36+BP36 -> 445 | EI36: =U36+AS36+CO36+DL36+BQ36 -> 237 | ... EM36: =Y36+AW36+CS36+DP36+BU36 -> 1150 | EN36: =IF(FORECAST(EN$41,EI36:EM36,EI$41:EM$41)<0,0,FORECAST(EN$41,EI36:EM36,EI$41:EM$41)) -> 2417.3274 | EO36: =IF(FORECAST(EO$41,EJ36:EN36,EJ$41:EN$41)<0,0,FORECAST(EO$41,EJ36:EN36,EJ$41:EN$41))*0.5 -> 1373.2664 | EP36: =IF(FORECAST(EP$41,EK36:EO36,EK$41:EO$41)<0,0,FORECAST(EP$41,EK36:EO36,EK$41:EO$41))*0.5 -> 999.24283 | EQ36: =IF(FORECAST(EQ$41,EL36:EP36,EL$41:EP$41)<0,0,FORECAST(EQ$41,EL36:EP36,EL$41:EP$41))*0.5 -> 740.97426 | ER36: =IF(FORECAST(ER$41,EM36:EQ36,EM$41:EQ$41)<0,0,FORECAST(ER$41,EM36:EQ36,EM$41:EQ$41))*0.5 -> 611.18376 | ES36: =IF(FORECAST(ES$41,EN36:ER36,EN$41:ER$41)<0,0,FORECAST(ES$41,EN36:ER36,EN$41:ER$41))*0.5 -> 201.9539 | ET36: =IF(FORECAST(ET$41,EO36:ES36,EO$41:ES$41)<0,0,FORECAST(ET$41,EO36:ES36,EO$41:ES$41))*0.5 -> 72.458741 | EU36: =IF(FORECAST(EU$41,EP36:ET36,EP$41:ET$41)<0,0,FORECAST(EU$41,EP36:ET36,EP$41:ET$41))*0.5 -> 0 | EV36: =IF(FORECAST(EV$41,EQ36:EU36,EQ$41:EU$41)<0,0,FORECAST(EV$41,EQ36:EU36,EQ$41:EU$41))*0.5 -> 0 | ... FN36: =IF(FORECAST(FN$41,FI36:FM36,FI$41:FM$41)<0,0,FORECAST(FN$41,FI36:FM36,FI$41:FM$41))*0.5 -> 0
A37: Peru | B37: ='[2]Canada Tallow Exports'!I$274 -> 0 | C37: ='[2]Canada Tallow Exports'!J$274 -> 8203 | D37: ='[2]Canada Tallow Exports'!K$274 -> 0 | E37: ='[2]Canada Tallow Exports'!L$274 -> 0 | F37: ='[2]Canada Tallow Exports'!M$274 -> 1206 | G37: ='[2]Canada Tallow Exports'!N$274 -> 2002 | H37: ='[2]Canada Tallow Exports'!O$274 -> 0 | I37: ='[2]Canada Tallow Exports'!P$274 -> 0 | ... Y37: ='[2]Canada Tallow Exports'!AF$274 -> 0 | AE37: ='[2]Australia Tallow Exports'!N$274 -> 0 | AF37: ='[2]Australia Tallow Exports'!O$274 -> 0 | AG37: ='[2]Australia Tallow Exports'!P$274 -> 0 | AH37: ='[2]Australia Tallow Exports'!Q$274 -> 0 | AI37: ='[2]Australia Tallow Exports'!R$274 -> 0 | AJ37: ='[2]Australia Tallow Exports'!S$274 -> 0 | AK37: ='[2]Australia Tallow Exports'!T$274 -> 0 | AL37: ='[2]Australia Tallow Exports'!U$274 -> 0 | ... AW37: ='[2]Australia Tallow Exports'!AF$274 -> 0 | BC37: ='[2]New Zealand Tallow Exports'!N$274 -> 0 | BD37: ='[2]New Zealand Tallow Exports'!O$274 -> 0 | BE37: ='[2]New Zealand Tallow Exports'!P$274 -> 0 | BF37: ='[2]New Zealand Tallow Exports'!Q$274 -> 0 | BG37: ='[2]New Zealand Tallow Exports'!R$274 -> 0 | BH37: ='[2]New Zealand Tallow Exports'!S$274 -> 0 | BI37: ='[2]New Zealand Tallow Exports'!T$274 -> 0 | BJ37: ='[2]New Zealand Tallow Exports'!U$274 -> 0 | ... BU37: ='[2]New Zealand Tallow Exports'!AF$274 -> 0 | BX37: ='[2]Paraguay Tallow Exports'!K$274 -> 0 | BY37: ='[2]Paraguay Tallow Exports'!L$274 -> 0 | BZ37: ='[2]Paraguay Tallow Exports'!M$274 -> 0 | CA37: ='[2]Paraguay Tallow Exports'!N$274 -> 0 | CB37: ='[2]Paraguay Tallow Exports'!O$274 -> 0 | CC37: ='[2]Paraguay Tallow Exports'!P$274 -> 0 | CD37: ='[2]Paraguay Tallow Exports'!Q$274 -> 0 | CE37: ='[2]Paraguay Tallow Exports'!R$274 -> 0 | ... CQ37: ='[2]Paraguay Tallow Exports'!AD$274 -> 0 | CR37: =FORECAST(CR$41,CM37:CQ37,CM$41:CQ$41)*0 -> 0 | DE37: ='[2]Brazil Tallow Exports'!U$274 -> 0 | DF37: ='[2]Brazil Tallow Exports'!V$274 -> 0 | DG37: ='[2]Brazil Tallow Exports'!W$274 -> 0 | DH37: ='[2]Brazil Tallow Exports'!X$274 -> 0 | DI37: ='[2]Brazil Tallow Exports'!Y$274 -> 0 | DJ37: ='[2]Brazil Tallow Exports'!Z$274 -> 0 | DK37: ='[2]Brazil Tallow Exports'!AA$274 -> 0 | DL37: ='[2]Brazil Tallow Exports'!AB$274 -> 0 | ... DP37: ='[2]Brazil Tallow Exports'!AF$274 -> 0 | EB37: =N37+AL37+CH37+DE37+BJ37 -> 0 | EC37: =O37+AM37+CI37+DF37+BK37 -> 0 | ED37: =P37+AN37+CJ37+DG37+BL37 -> 0 | EE37: =Q37+AO37+CK37+DH37+BM37 -> 70 | EF37: =R37+AP37+CL37+DI37+BN37 -> 68 | EG37: =S37+AQ37+CM37+DJ37+BO37 -> 34 | EH37: =T37+AR37+CN37+DK37+BP37 -> 0 | EI37: =U37+AS37+CO37+DL37+BQ37 -> 0 | ... EM37: =Y37+AW37+CS37+DP37+BU37 -> 0 | EN37: =IF(FORECAST(EN$41,EI37:EM37,EI$41:EM$41)<0,0,FORECAST(EN$41,EI37:EM37,EI$41:EM$41))*0.5 -> 0 | EO37: =IF(FORECAST(EO$41,EJ37:EN37,EJ$41:EN$41)<0,0,FORECAST(EO$41,EJ37:EN37,EJ$41:EN$41))*0.5 -> 0 | EP37: =IF(FORECAST(EP$41,EK37:EO37,EK$41:EO$41)<0,0,FORECAST(EP$41,EK37:EO37,EK$41:EO$41))*0.5 -> 0 | EQ37: =IF(FORECAST(EQ$41,EL37:EP37,EL$41:EP$41)<0,0,FORECAST(EQ$41,EL37:EP37,EL$41:EP$41))*0.5 -> 0 | ER37: =IF(FORECAST(ER$41,EM37:EQ37,EM$41:EQ$41)<0,0,FORECAST(ER$41,EM37:EQ37,EM$41:EQ$41))*0.5 -> 0 | ES37: =IF(FORECAST(ES$41,EN37:ER37,EN$41:ER$41)<0,0,FORECAST(ES$41,EN37:ER37,EN$41:ER$41))*0.5 -> 0 | ET37: =IF(FORECAST(ET$41,EO37:ES37,EO$41:ES$41)<0,0,FORECAST(ET$41,EO37:ES37,EO$41:ES$41))*0.5 -> 0 | EU37: =IF(FORECAST(EU$41,EP37:ET37,EP$41:ET$41)<0,0,FORECAST(EU$41,EP37:ET37,EP$41:ET$41))*0.5 -> 0 | ... FN37: =IF(FORECAST(FN$41,FI37:FM37,FI$41:FM$41)<0,0,FORECAST(FN$41,FI37:FM37,FI$41:FM$41))*0.5 -> 0
A38: US | B38: ='[2]Canada Tallow Exports'!I$284 -> 42540 | C38: ='[2]Canada Tallow Exports'!J$284 -> 55054 | D38: ='[2]Canada Tallow Exports'!K$284 -> 39780 | E38: ='[2]Canada Tallow Exports'!L$284 -> 14723 | F38: ='[2]Canada Tallow Exports'!M$284 -> 26198 | G38: ='[2]Canada Tallow Exports'!N$284 -> 33215 | H38: ='[2]Canada Tallow Exports'!O$284 -> 29578 | I38: ='[2]Canada Tallow Exports'!P$284 -> 34230 | ... Y38: ='[2]Canada Tallow Exports'!AF$284 -> 248850 | AE38: ='[2]Australia Tallow Exports'!N$284 -> 111 | AF38: ='[2]Australia Tallow Exports'!O$284 -> 0 | AG38: ='[2]Australia Tallow Exports'!P$284 -> 1 | AH38: ='[2]Australia Tallow Exports'!Q$284 -> 9 | AI38: ='[2]Australia Tallow Exports'!R$284 -> 0 | AJ38: ='[2]Australia Tallow Exports'!S$284 -> 28 | AK38: ='[2]Australia Tallow Exports'!T$284 -> 29 | AL38: ='[2]Australia Tallow Exports'!U$284 -> 0 | ... AW38: ='[2]Australia Tallow Exports'!AF$284 -> 195197.4 | BC38: ='[2]New Zealand Tallow Exports'!N$284 -> 0 | BD38: ='[2]New Zealand Tallow Exports'!O$284 -> 0 | BE38: ='[2]New Zealand Tallow Exports'!P$284 -> 0 | BF38: ='[2]New Zealand Tallow Exports'!Q$284 -> 0 | BG38: ='[2]New Zealand Tallow Exports'!R$284 -> 14 | BH38: ='[2]New Zealand Tallow Exports'!S$284 -> 0 | BI38: ='[2]New Zealand Tallow Exports'!T$284 -> 15 | BJ38: ='[2]New Zealand Tallow Exports'!U$284 -> 0 | ... BU38: ='[2]New Zealand Tallow Exports'!AF$284 -> 117887.8 | BX38: ='[2]Paraguay Tallow Exports'!K$284 -> 0 | BY38: ='[2]Paraguay Tallow Exports'!L$284 -> 0 | BZ38: ='[2]Paraguay Tallow Exports'!M$284 -> 0 | CA38: ='[2]Paraguay Tallow Exports'!N$284 -> 0 | CB38: ='[2]Paraguay Tallow Exports'!O$284 -> 0 | CC38: ='[2]Paraguay Tallow Exports'!P$284 -> 0 | CD38: ='[2]Paraguay Tallow Exports'!Q$284 -> 0 | CE38: ='[2]Paraguay Tallow Exports'!R$284 -> 0 | ... CQ38: ='[2]Paraguay Tallow Exports'!AD$284 -> 0 | CR38: =FORECAST(CR$41,CM38:CQ38,CM$41:CQ$41) -> 0 | DE38: ='[2]Brazil Tallow Exports'!U$284 -> 0 | DF38: ='[2]Brazil Tallow Exports'!V$284 -> 0 | DG38: ='[2]Brazil Tallow Exports'!W$284 -> 0 | DH38: ='[2]Brazil Tallow Exports'!X$284 -> 0 | DI38: ='[2]Brazil Tallow Exports'!Y$284 -> 0 | DJ38: ='[2]Brazil Tallow Exports'!Z$284 -> 0 | DK38: ='[2]Brazil Tallow Exports'!AA$284 -> 42 | DL38: ='[2]Brazil Tallow Exports'!AB$284 -> 0 | ... DP38: ='[2]Brazil Tallow Exports'!AF$284 -> 481928.97 | EB38: =N38+AL38+CH38+DE38+BJ38 -> 62460 | EC38: =O38+AM38+CI38+DF38+BK38 -> 59436 | ED38: =P38+AN38+CJ38+DG38+BL38 -> 62592 | EE38: =Q38+AO38+CK38+DH38+BM38 -> 63918 | EF38: =R38+AP38+CL38+DI38+BN38 -> 78654 | EG38: =S38+AQ38+CM38+DJ38+BO38 -> 96406 | EH38: =T38+AR38+CN38+DK38+BP38 -> 142255 | EI38: =U38+AS38+CO38+DL38+BQ38 -> 192470 | ... EM38: =Y38+AW38+CS38+DP38+BU38 -> 1043864.2 | EN38: =EN41-SUM(EN39:EN40,EN4:EN37) -> 1432199.2 | EO38: =EO41-SUM(EO39:EO40,EO4:EO37) -> 1662659.8 | EP38: =EP41-SUM(EP39:EP40,EP4:EP37) -> 1724102.6 | EQ38: =EQ41-SUM(EQ39:EQ40,EQ4:EQ37) -> 1740670.7 | ER38: =ER41-SUM(ER39:ER40,ER4:ER37) -> 1782335 | ES38: =ES41-SUM(ES39:ES40,ES4:ES37) -> 1824745.1 | ET38: =ET41-SUM(ET39:ET40,ET4:ET37) -> 1837422.6 | EU38: =EU41-SUM(EU39:EU40,EU4:EU37) -> 1903925.9 | ... FO38: =FO41-SUM(FO39:FO40,FO4:FO37) -> 659930.47
A39: Venezuela | B39: ='[2]Canada Tallow Exports'!I$286 -> 0 | C39: ='[2]Canada Tallow Exports'!J$286 -> 0 | D39: ='[2]Canada Tallow Exports'!K$286 -> 0 | E39: ='[2]Canada Tallow Exports'!L$286 -> 0 | F39: ='[2]Canada Tallow Exports'!M$286 -> 0 | G39: ='[2]Canada Tallow Exports'!N$286 -> 0 | H39: ='[2]Canada Tallow Exports'!O$286 -> 0 | I39: ='[2]Canada Tallow Exports'!P$286 -> 0 | ... Y39: ='[2]Canada Tallow Exports'!AF$286 -> 0 | AE39: ='[2]Australia Tallow Exports'!N$286 -> 0 | AF39: ='[2]Australia Tallow Exports'!O$286 -> 0 | AG39: ='[2]Australia Tallow Exports'!P$286 -> 0 | AH39: ='[2]Australia Tallow Exports'!Q$286 -> 0 | AI39: ='[2]Australia Tallow Exports'!R$286 -> 0 | AJ39: ='[2]Australia Tallow Exports'!S$286 -> 0 | AK39: ='[2]Australia Tallow Exports'!T$286 -> 0 | AL39: ='[2]Australia Tallow Exports'!U$286 -> 0 | ... AW39: ='[2]Australia Tallow Exports'!AF$286 -> 0 | BC39: ='[2]New Zealand Tallow Exports'!N$286 -> 0 | BD39: ='[2]New Zealand Tallow Exports'!O$286 -> 0 | BE39: ='[2]New Zealand Tallow Exports'!P$286 -> 0 | BF39: ='[2]New Zealand Tallow Exports'!Q$286 -> 0 | BG39: ='[2]New Zealand Tallow Exports'!R$286 -> 0 | BH39: ='[2]New Zealand Tallow Exports'!S$286 -> 0 | BI39: ='[2]New Zealand Tallow Exports'!T$286 -> 0 | BJ39: ='[2]New Zealand Tallow Exports'!U$286 -> 0 | ... BU39: ='[2]New Zealand Tallow Exports'!AF$286 -> 0 | BX39: ='[2]Paraguay Tallow Exports'!K$286 -> 0 | BY39: ='[2]Paraguay Tallow Exports'!L$286 -> 0 | BZ39: ='[2]Paraguay Tallow Exports'!M$286 -> 0 | CA39: ='[2]Paraguay Tallow Exports'!N$286 -> 0 | CB39: ='[2]Paraguay Tallow Exports'!O$286 -> 0 | CC39: ='[2]Paraguay Tallow Exports'!P$286 -> 0 | CD39: ='[2]Paraguay Tallow Exports'!Q$286 -> 0 | CE39: ='[2]Paraguay Tallow Exports'!R$286 -> 0 | ... CQ39: ='[2]Paraguay Tallow Exports'!AD$286 -> 0 | CR39: =FORECAST(CR$41,CM39:CQ39,CM$41:CQ$41) -> 0 | DE39: ='[2]Brazil Tallow Exports'!U$286 -> 0 | DF39: ='[2]Brazil Tallow Exports'!V$286 -> 0 | DG39: ='[2]Brazil Tallow Exports'!W$286 -> 0 | DH39: ='[2]Brazil Tallow Exports'!X$286 -> 0 | DI39: ='[2]Brazil Tallow Exports'!Y$286 -> 0 | DJ39: ='[2]Brazil Tallow Exports'!Z$286 -> 0 | DK39: ='[2]Brazil Tallow Exports'!AA$286 -> 0 | DL39: ='[2]Brazil Tallow Exports'!AB$286 -> 0 | ... DP39: ='[2]Brazil Tallow Exports'!AF$286 -> 0 | EB39: =N39+AL39+CH39+DE39+BJ39 -> 0 | EC39: =O39+AM39+CI39+DF39+BK39 -> 0 | ED39: =P39+AN39+CJ39+DG39+BL39 -> 0 | EE39: =Q39+AO39+CK39+DH39+BM39 -> 0 | EF39: =R39+AP39+CL39+DI39+BN39 -> 0 | EG39: =S39+AQ39+CM39+DJ39+BO39 -> 0 | EH39: =T39+AR39+CN39+DK39+BP39 -> 0 | EI39: =U39+AS39+CO39+DL39+BQ39 -> 0 | ... EM39: =Y39+AW39+CS39+DP39+BU39 -> 0 | EN39: =IF(FORECAST(EN$41,EI39:EM39,EI$41:EM$41)<0,0,FORECAST(EN$41,EI39:EM39,EI$41:EM$41)) -> 0 | EO39: =IF(FORECAST(EO$41,EJ39:EN39,EJ$41:EN$41)<0,0,FORECAST(EO$41,EJ39:EN39,EJ$41:EN$41)) -> 0 | EP39: =IF(FORECAST(EP$41,EK39:EO39,EK$41:EO$41)<0,0,FORECAST(EP$41,EK39:EO39,EK$41:EO$41)) -> 0 | EQ39: =IF(FORECAST(EQ$41,EL39:EP39,EL$41:EP$41)<0,0,FORECAST(EQ$41,EL39:EP39,EL$41:EP$41)) -> 0 | ER39: =IF(FORECAST(ER$41,EM39:EQ39,EM$41:EQ$41)<0,0,FORECAST(ER$41,EM39:EQ39,EM$41:EQ$41)) -> 0 | ES39: =IF(FORECAST(ES$41,EN39:ER39,EN$41:ER$41)<0,0,FORECAST(ES$41,EN39:ER39,EN$41:ER$41)) -> 0 | ET39: =IF(FORECAST(ET$41,EO39:ES39,EO$41:ES$41)<0,0,FORECAST(ET$41,EO39:ES39,EO$41:ES$41)) -> 0 | EU39: =IF(FORECAST(EU$41,EP39:ET39,EP$41:ET$41)<0,0,FORECAST(EU$41,EP39:ET39,EP$41:ET$41)) -> 0 | ... FN39: =IF(FORECAST(FN$41,FI39:FM39,FI$41:FM$41)<0,0,FORECAST(FN$41,FI39:FM39,FI$41:FM$41)) -> 0
A40: Other West Hemis. | B40: ='[2]Canada Tallow Exports'!I$231-SUM(B29:B39) -> 9022 | C40: ='[2]Canada Tallow Exports'!J$231-SUM(C29:C39) -> 21756 | D40: ='[2]Canada Tallow Exports'!K$231-SUM(D29:D39) -> 7371 | E40: ='[2]Canada Tallow Exports'!L$231-SUM(E29:E39) -> 13147 | F40: ='[2]Canada Tallow Exports'!M$231-SUM(F29:F39) -> 58197 | G40: ='[2]Canada Tallow Exports'!N$231-SUM(G29:G39) -> 30937 | H40: ='[2]Canada Tallow Exports'!O$231-SUM(H29:H39) -> 10325 | I40: ='[2]Canada Tallow Exports'!P$231-SUM(I29:I39) -> 8897 | ... Y40: ='[2]Canada Tallow Exports'!AF$231-SUM(Y29:Y39) -> 0 | AE40: ='[2]Australia Tallow Exports'!N$231-SUM(AE29:AE39) -> 37 | AF40: ='[2]Australia Tallow Exports'!O$231-SUM(AF29:AF39) -> 0 | AG40: ='[2]Australia Tallow Exports'!P$231-SUM(AG29:AG39) -> 0 | AH40: ='[2]Australia Tallow Exports'!Q$231-SUM(AH29:AH39) -> 0 | AI40: ='[2]Australia Tallow Exports'!R$231-SUM(AI29:AI39) -> 0 | AJ40: ='[2]Australia Tallow Exports'!S$231-SUM(AJ29:AJ39) -> 0 | AK40: ='[2]Australia Tallow Exports'!T$231-SUM(AK29:AK39) -> 0 | AL40: ='[2]Australia Tallow Exports'!U$231-SUM(AL29:AL39) -> 0 | ... AW40: ='[2]Australia Tallow Exports'!AF$231-SUM(AW29:AW39) -> 0 | BC40: ='[2]New Zealand Tallow Exports'!N$231-SUM(BC29:BC39) -> 212 | BD40: ='[2]New Zealand Tallow Exports'!O$231-SUM(BD29:BD39) -> 105 | BE40: ='[2]New Zealand Tallow Exports'!P$231-SUM(BE29:BE39) -> 35 | BF40: ='[2]New Zealand Tallow Exports'!Q$231-SUM(BF29:BF39) -> 151 | BG40: ='[2]New Zealand Tallow Exports'!R$231-SUM(BG29:BG39) -> 141 | BH40: ='[2]New Zealand Tallow Exports'!S$231-SUM(BH29:BH39) -> 236 | BI40: ='[2]New Zealand Tallow Exports'!T$231-SUM(BI29:BI39) -> 263 | BJ40: ='[2]New Zealand Tallow Exports'!U$231-SUM(BJ29:BJ39) -> 35 | ... BU40: ='[2]New Zealand Tallow Exports'!AF$231-SUM(BU29:BU39) -> 0 | BX40: ='[2]Paraguay Tallow Exports'!K$231-SUM(BX29:BX39) -> 0 | BY40: ='[2]Paraguay Tallow Exports'!L$231-SUM(BY29:BY39) -> 0 | BZ40: ='[2]Paraguay Tallow Exports'!M$231-SUM(BZ29:BZ39) -> 50 | CA40: ='[2]Paraguay Tallow Exports'!N$231-SUM(CA29:CA39) -> 775 | CB40: ='[2]Paraguay Tallow Exports'!O$231-SUM(CB29:CB39) -> 1250 | CC40: ='[2]Paraguay Tallow Exports'!P$231-SUM(CC29:CC39) -> 649 | CD40: ='[2]Paraguay Tallow Exports'!Q$231-SUM(CD29:CD39) -> 1700 | CE40: ='[2]Paraguay Tallow Exports'!R$231-SUM(CE29:CE39) -> 549 | ... CQ40: ='[2]Paraguay Tallow Exports'!AD$231-SUM(CQ29:CQ39) -> 2281 | CR40: =CR41-SUM(CR4:CR39) -> 2481.8771 | DE40: ='[2]Brazil Tallow Exports'!U$231-SUM(DE29:DE39) -> 192 | DF40: ='[2]Brazil Tallow Exports'!V$231-SUM(DF29:DF39) -> 169 | DG40: ='[2]Brazil Tallow Exports'!W$231-SUM(DG29:DG39) -> 254 | DH40: ='[2]Brazil Tallow Exports'!X$231-SUM(DH29:DH39) -> 358 | DI40: ='[2]Brazil Tallow Exports'!Y$231-SUM(DI29:DI39) -> 432 | DJ40: ='[2]Brazil Tallow Exports'!Z$231-SUM(DJ29:DJ39) -> 582 | DK40: ='[2]Brazil Tallow Exports'!AA$231-SUM(DK29:DK39) -> 431 | DL40: ='[2]Brazil Tallow Exports'!AB$231-SUM(DL29:DL39) -> 564 | ... DP40: ='[2]Brazil Tallow Exports'!AF$231-SUM(DP29:DP39) -> 300 | EB40: =N40+AL40+CH40+DE40+BJ40 -> 2925 | EC40: =O40+AM40+CI40+DF40+BK40 -> 3241 | ED40: =P40+AN40+CJ40+DG40+BL40 -> 4712 | EE40: =Q40+AO40+CK40+DH40+BM40 -> 358 | EF40: =R40+AP40+CL40+DI40+BN40 -> 2709 | EG40: =S40+AQ40+CM40+DJ40+BO40 -> 4519 | EH40: =T40+AR40+CN40+DK40+BP40 -> 2432 | EI40: =U40+AS40+CO40+DL40+BQ40 -> 1294 | ... EM40: =Y40+AW40+CS40+DP40+BU40 -> 300 | EN40: =IF(FORECAST(EN$41,EI40:EM40,EI$41:EM$41)<0,0,FORECAST(EN$41,EI40:EM40,EI$41:EM$41))*0.5 -> 0 | EO40: =IF(FORECAST(EO$41,EJ40:EN40,EJ$41:EN$41)<0,0,FORECAST(EO$41,EJ40:EN40,EJ$41:EN$41))*0.5 -> 0 | EP40: =IF(FORECAST(EP$41,EK40:EO40,EK$41:EO$41)<0,0,FORECAST(EP$41,EK40:EO40,EK$41:EO$41))*0.5 -> 0 | EQ40: =IF(FORECAST(EQ$41,EL40:EP40,EL$41:EP$41)<0,0,FORECAST(EQ$41,EL40:EP40,EL$41:EP$41))*0.5 -> 0 | ER40: =IF(FORECAST(ER$41,EM40:EQ40,EM$41:EQ$41)<0,0,FORECAST(ER$41,EM40:EQ40,EM$41:EQ$41))*0.5 -> 0 | ES40: =IF(FORECAST(ES$41,EN40:ER40,EN$41:ER$41)<0,0,FORECAST(ES$41,EN40:ER40,EN$41:ER$41))*0.5 -> 0 | ET40: =IF(FORECAST(ET$41,EO40:ES40,EO$41:ES$41)<0,0,FORECAST(ET$41,EO40:ES40,EO$41:ES$41))*0.5 -> 0 | EU40: =IF(FORECAST(EU$41,EP40:ET40,EP$41:ET$41)<0,0,FORECAST(EU$41,EP40:ET40,EP$41:ET$41))*0.5 -> 0 | ... FN40: =IF(FORECAST(FN$41,FI40:FM40,FI$41:FM$41)<0,0,FORECAST(FN$41,FI40:FM40,FI$41:FM$41))*0.5 -> 0
A41: Total | B41: ='[2]Canada Tallow Exports'!I$289 -> 227098 | C41: ='[2]Canada Tallow Exports'!J$289 -> 252480 | D41: ='[2]Canada Tallow Exports'!K$289 -> 245241 | E41: ='[2]Canada Tallow Exports'!L$289 -> 173435 | F41: ='[2]Canada Tallow Exports'!M$289 -> 289432 | G41: ='[2]Canada Tallow Exports'!N$289 -> 230654 | H41: ='[2]Canada Tallow Exports'!O$289 -> 237722 | I41: ='[2]Canada Tallow Exports'!P$289 -> 207846 | ... X41: ='[2]Canada Tallow Exports'!AE$289 -> 259930 | Y41: =SUM(Y4:Y40) -> 250000 | AE41: ='[2]Australia Tallow Exports'!N$289 -> 375786 | AF41: ='[2]Australia Tallow Exports'!O$289 -> 364206 | AG41: ='[2]Australia Tallow Exports'!P$289 -> 361858 | AH41: ='[2]Australia Tallow Exports'!Q$289 -> 372400 | AI41: ='[2]Australia Tallow Exports'!R$289 -> 344354 | AJ41: ='[2]Australia Tallow Exports'!S$289 -> 352354 | AK41: ='[2]Australia Tallow Exports'!T$289 -> 364578 | AL41: ='[2]Australia Tallow Exports'!U$289 -> 360842 | ... AW41: ='[2]Australia Tallow Exports'!AF$289 -> 451682.4 | BC41: ='[2]New Zealand Tallow Exports'!N$290 -> 145309 | BD41: ='[2]New Zealand Tallow Exports'!O$290 -> 165059 | BE41: ='[2]New Zealand Tallow Exports'!P$290 -> 136746 | BF41: ='[2]New Zealand Tallow Exports'!Q$290 -> 159791 | BG41: ='[2]New Zealand Tallow Exports'!R$290 -> 136637 | BH41: ='[2]New Zealand Tallow Exports'!S$290 -> 144247 | BI41: ='[2]New Zealand Tallow Exports'!T$290 -> 120811 | BJ41: ='[2]New Zealand Tallow Exports'!U$290 -> 128593 | ... BU41: ='[2]New Zealand Tallow Exports'!AF$290 -> 151864.8 | BX41: ='[2]Paraguay Tallow Exports'!K$289 -> 694 | BY41: ='[2]Paraguay Tallow Exports'!L$289 -> 0 | BZ41: ='[2]Paraguay Tallow Exports'!M$289 -> 607 | CA41: ='[2]Paraguay Tallow Exports'!N$289 -> 3308 | CB41: ='[2]Paraguay Tallow Exports'!O$289 -> 4819 | CC41: ='[2]Paraguay Tallow Exports'!P$289 -> 1556 | CD41: ='[2]Paraguay Tallow Exports'!Q$289 -> 6037 | CE41: ='[2]Paraguay Tallow Exports'!R$289 -> 6010 | ... CQ41: ='[2]Paraguay Tallow Exports'!AD$289 -> 55558 | CR41: ='Paraguay Tallow'!X12 -> 56396.817 | DE41: ='[2]Brazil Tallow Exports'!U$289 -> 4054 | DF41: ='[2]Brazil Tallow Exports'!V$289 -> 13865 | DG41: ='[2]Brazil Tallow Exports'!W$289 -> 492 | DH41: ='[2]Brazil Tallow Exports'!X$289 -> 843 | DI41: ='[2]Brazil Tallow Exports'!Y$289 -> 1323 | DJ41: ='[2]Brazil Tallow Exports'!Z$289 -> 9087 | DK41: ='[2]Brazil Tallow Exports'!AA$289 -> 2050 | DL41: ='[2]Brazil Tallow Exports'!AB$289 -> 5152 | ... DP41: ='[2]Brazil Tallow Exports'!AF$289 -> 505412.97 | EB41: =N41+AL41+CH41+DE41+BJ41 -> 669759 | EC41: =O41+AM41+CI41+DF41+BK41 -> 732532 | ED41: =P41+AN41+CJ41+DG41+BL41 -> 762598 | EE41: =Q41+AO41+CK41+DH41+BM41 -> 781973 | EF41: =R41+AP41+CL41+DI41+BN41 -> 794577 | EG41: =S41+AQ41+CM41+DJ41+BO41 -> 743271 | EH41: =T41+AR41+CN41+DK41+BP41 -> 799340 | EI41: =U41+AS41+CO41+DL41+BQ41 -> 762586 | ... EM41: =Y41+AW41+CS41+DP41+BU41 -> 1358960.2 | EN41: ='Brazil Tallow'!Z12+'Paraguay Tallow'!Z12+'New Zealand Tallow'!Z12+'Australia Tallow'!Z12+'Canada Tallow'!AC12 -> 1836370.6 | EO41: ='Brazil Tallow'!AA12+'Paraguay Tallow'!AA12+'New Zealand Tallow'!AA12+'Australia Tallow'!AA12+'Canada Tallow'!AD12 -> 2005074.2 | EP41: ='Brazil Tallow'!AB12+'Paraguay Tallow'!AB12+'New Zealand Tallow'!AB12+'Australia Tallow'!AB12+'Canada Tallow'!AE12 -> 2083861.9 | EQ41: ='Brazil Tallow'!AC12+'Paraguay Tallow'!AC12+'New Zealand Tallow'!AC12+'Australia Tallow'!AC12+'Canada Tallow'!AF12 -> 2120895.1 | ER41: ='Brazil Tallow'!AD12+'Paraguay Tallow'!AD12+'New Zealand Tallow'!AD12+'Australia Tallow'!AD12+'Canada Tallow'!AG12 -> 2161639.7 | ES41: ='Brazil Tallow'!AE12+'Paraguay Tallow'!AE12+'New Zealand Tallow'!AE12+'Australia Tallow'!AE12+'Canada Tallow'!AH12 -> 2187818.6 | ET41: ='Brazil Tallow'!AF12+'Paraguay Tallow'!AF12+'New Zealand Tallow'!AF12+'Australia Tallow'!AF12+'Canada Tallow'!AI12 -> 2219417.4 | EU41: ='Brazil Tallow'!AG12+'Paraguay Tallow'!AG12+'New Zealand Tallow'!AG12+'Australia Tallow'!AG12+'Canada Tallow'!AJ12 -> 2288823.2 | ... FD41: ='Brazil Tallow'!AP12+'Paraguay Tallow'!AP12+'New Zealand Tallow'!AP12+'Australia Tallow'!AP12+'Canada Tallow'!AS12 -> 2856830.4 | FE41: ='Brazil Tallow'!AQ12+'Paraguay Tallow'!AQ12+'New Zealand Tallow'!AQ12+'Australia Tallow'!AQ12+'Canada Tallow'!AQ12 -> 2858909.3 | FF41: ='Brazil Tallow'!AR12+'Paraguay Tallow'!AR12+'New Zealand Tallow'!AR12+'Australia Tallow'!AR12+'Canada Tallow'!AR12 -> 2164410.4 | FG41: ='Brazil Tallow'!AS12+'Paraguay Tallow'!AS12+'New Zealand Tallow'!AS12+'Australia Tallow'!AS12+'Canada Tallow'!AS12 -> 2189380.5 | FH41: ='Brazil Tallow'!AT12+'Paraguay Tallow'!AT12+'New Zealand Tallow'!AT12+'Australia Tallow'!AT12+'Canada Tallow'!AT12 -> 2189191.6 | FI41: ='Brazil Tallow'!AU12+'Paraguay Tallow'!AU12+'New Zealand Tallow'!AU12+'Australia Tallow'!AU12+'Canada Tallow'!AU12 -> 2189047.8 | FJ41: ='Brazil Tallow'!AV12+'Paraguay Tallow'!AV12+'New Zealand Tallow'!AV12+'Australia Tallow'!AV12+'Canada Tallow'!AV12 -> 2189023.6 | FK41: ='Brazil Tallow'!AW12+'Paraguay Tallow'!AW12+'New Zealand Tallow'!AW12+'Australia Tallow'!AW12+'Canada Tallow'!AW12 -> 2189072.7 | FL41: ='Brazil Tallow'!AX12+'Paraguay Tallow'!AX12+'New Zealand Tallow'!AX12+'Australia Tallow'!AX12+'Canada Tallow'!AX12 -> 2189133 | ... FO41: ='Brazil Tallow'!BA12+'Paraguay Tallow'!BA12+'New Zealand Tallow'!BA12+'Australia Tallow'!BA12+'Canada Tallow'!BA12 -> 659930.47
Y43: =SUM('Canada Tallow'!AA56:AA64,'Canada Tallow'!AB53:AB55) -> 211.455 | EG43: US imports (million pounds)
EG44: Forecast Total US Imports | EM44: =FORECAST(EM41,EI45:EL45,EI41:EL41) -> 2025.3973 | EN44: =FORECAST(EN41,EJ45:EM45,EJ41:EM41) -> 2755.3264 | EO44: =FORECAST(EO41,EK45:EN45,EK41:EN41) -> 2281.9777 | EP44: =FORECAST(EP41,EL45:EO45,EL41:EO41) -> 2338.2726 | EQ44: =FORECAST(EQ41,EM45:EP45,EM41:EP41) -> 2353.8232 | ER44: =FORECAST(ER41,EN45:EQ45,EN41:EQ41) -> 2466.5345 | ES44: =FORECAST(ES41,EO45:ER45,EO41:ER41) -> 2432.3286 | ET44: =FORECAST(ET41,EP45:ES45,EP41:ES41) -> 2493.1762 | ... EX44: =FORECAST(EX41,ET45:EW45,ET41:EW41) -> 2767.0247
EG45: US Balance Sheet/Forecast | EH45: =SUM('[4]Inedible Tallow Complex'!Z$41:Z$49,'[4]Inedible Tallow Complex'!AA$38:AA$40) -> 271.04284 | EI45: =SUM('[4]Inedible Tallow Complex'!AA$41:AA$49,'[4]Inedible Tallow Complex'!AB$38:AB$40) -> 408.99266 | EJ45: =SUM('[4]Inedible Tallow Complex'!AB$41:AB$49,'[4]Inedible Tallow Complex'!AC$38:AC$40) -> 511.70586 | EK45: =SUM('[4]Inedible Tallow Complex'!AC$41:AC$49,'[4]Inedible Tallow Complex'!AD$38:AD$40) -> 702.44172 | EL45: =SUM('[4]Inedible Tallow Complex'!AD$41:AD$49,'[4]Inedible Tallow Complex'!AE$38:AE$40) -> 1148.6836 | EM45: =SUM('[4]Inedible Tallow Complex'!AE$41:AE$49,'[4]Inedible Tallow Complex'!AF$38:AF$40) -> 1698.3578 | EN45: =FORECAST(EN46,EJ45:EM45,EJ46:EM46)-300 -> 1948.5595 | EO45: =FORECAST(EO46,EK45:EN45,EK46:EN46) -> 2311.4133 | EP45: =FORECAST(EP46,EL45:EO45,EL46:EO46) -> 2358.4 | EQ45: =FORECAST(EQ46,EM45:EP45,EM46:EP46) -> 2352.4847 | ER45: =FORECAST(ER46,EN45:EQ45,EN46:EQ46) -> 2437.9003 | ES45: =FORECAST(ES46,EO45:ER45,EO46:ER46) -> 2461.4782 | ET45: =FORECAST(ET46,EP45:ES45,EP46:ES46) -> 2484.0688 | EU45: =FORECAST(EU46,EQ45:ET45,EQ46:ET46) -> 2570.0753 | EV45: =FORECAST(EV46,ER45:EU45,ER46:EU46) -> 2639.0342 | ... FO45: =FORECAST(FO46,FK45:FN45,FK46:FN46) -> 2653.8746
EG46: Sum of US imports from country trade sheets | EH46: =EH38*2204.622/1000000 -> 313.6185 | EI46: =EI38*2204.622/1000000 -> 424.3236 | EJ46: =EJ38*2204.622/1000000 -> 514.6183 | EK46: =EK38*2204.622/1000000 -> 814.79456 | EL46: =EL38*2204.622/1000000 -> 1536.1328 | EM46: =EM38*2204.622/1000000 -> 2301.3259 | EN46: =EN38*2204.622/1000000 -> 3157.4579 | EO46: =EO38*2204.622/1000000 -> 3665.5363 | ... FN46: =FN38*2204.622/1000000 -> 4117.4816 | FO46: =FO38*2204.622/1000000*3 -> 4364.6917
EH47: =EH46-EH45 -> 42.575658 | EI47: =EI46-EI45 -> 15.330933 | EJ47: =EJ46-EJ45 -> 2.9124436 | EK47: =EK46-EK45 -> 112.35283 | EL47: =EL46-EL45 -> 387.44923 | EM47: =EM46-EM45 -> 602.96808
EF48: 0.065900552 | EG48: Jan | EH48: ='[4]Inedible Tallow Complex'!Z41 -> 13.717806 | EI48: ='[4]Inedible Tallow Complex'!AA41 -> 28.897445 | EJ48: ='[4]Inedible Tallow Complex'!AB41 -> 47.857404 | EK48: ='[4]Inedible Tallow Complex'!AC41 -> 35.786749 | EL48: ='[4]Inedible Tallow Complex'!AD41 -> 71.860951 | EM48: ='[4]Inedible Tallow Complex'!AE41 -> 103.96646 | EN48: ='[4]Inedible Tallow Complex'!AF41 -> 193.62886 | EO48: =EO$46*$EF48*(1+EO$61) -> 301.95108 | EP48: =EP$46*$EF48*(1+EP$61) -> 313.10954 | EQ48: =EQ$46*$EF48*(1+EQ$61) -> 316.11844 | ER48: =ER$46*$EF48*(1+ER$61) -> 323.68497 | ES48: =ES$46*$EF48*(1+ES$61) -> 331.38696 | ET48: =ET$46*$EF48*(1+ET$61) -> 333.68928 | EU48: =EU$46*$EF48*(1+EU$61) -> 345.76677 | EV48: =EV$46*$EF48*(1+EV$61) -> 372.31423 | ... FO48: =FO$46*$EF48*(1+FO$61) -> 3183.603
