Workbook

Sheet Monthly Prices
B1: Month | C1: Year | D1: ='Fat and Grease Data'!D1 -> #NAME? | I1: ='Fat and Grease Data'!E1 -> #NAME? | N1: ='Fat and Grease Data'!F1 -> #NAME? | S1: ='Fat and Grease Data'!G1 -> #NAME? | X1: ='Fat and Grease Data'!H1 -> #NAME? | AC1: ='Fat and Grease Data'!I1 -> #NAME? | AH1: ='Fat and Grease Data'!J1 -> #NAME? | AM1: ='Fat and Grease Data'!K1 -> #NAME? | AR1: ='Fat and Grease Data'!L1 -> #NAME? | AW1: ='Fat and Grease Data'!M1 -> #NAME? | BB1: ='[1]Monthly Prices'!$D$1 -> Soybean oil, crude/de-gummed, fob Central Illinois, US cents/lb
D2: Mid | E2: High | F2: Low | G2: High-Mid | H2: Low-Mid | I2: Mid | J2: High | K2: Low | L2: High-Mid | M2: Low-Mid | N2: Mid | O2: High | P2: Low | Q2: High-Mid | R2: Low-Mid | S2: Mid | T2: High | U2: Low | V2: High-Mid | W2: Low-Mid | X2: Mid | Y2: High | Z2: Low | AA2: High-Mid | AB2: Low-Mid | AC2: Mid | AD2: High | AE2: Low | AF2: High-Mid | AG2: Low-Mid | AH2: Mid | AI2: High | AJ2: Low | AK2: High-Mid | AL2: Low-Mid | AM2: Mid | AN2: High | AO2: Low | AP2: High-Mid | AQ2: Low-Mid | AR2: Mid | AS2: High | AT2: Low | AU2: High-Mid | AV2: Low-Mid | AW2: Mid | AX2: High | AY2: Low | AZ2: High-Mid | BA2: Low-Mid | BB2: Mid | BC2: High | BD2: Low | BE2: High-Mid | BF2: Low-Mid
A3: 36526 | B3: =MONTH(A3) -> 1 | C3: =YEAR(A3) -> 2000 | D3: =AVERAGEIFS('Fat and Grease Data'!D$2:D$9000,'Fat and Grease Data'!$B$2:$B$9000,'Monthly Prices'!$B3,'Fat and Grease Data'!$C$2:$C$9000,'Monthly Prices'!$C3) -> #DIV/0! | E3: =_xlfn.MAXIFS('Fat and Grease Data'!$D$2:$D$9000,'Fat and Grease Data'!$B$2:$B$9000,'Monthly Prices'!$B3,'Fat and Grease Data'!$C$2:$C$9000,'Monthly Prices'!$C3) -> 0 | F3: =_xlfn.MINIFS('Fat and Grease Data'!$D$2:$D$9000,'Fat and Grease Data'!$B$2:$B$9000,'Monthly Prices'!$B3,'Fat and Grease Data'!$C$2:$C$9000,'Monthly Prices'!$C3) -> 0 | G3: =E3-D3 -> #DIV/0! | BB3: =[2]Prices!$D355 -> 2.15965 | BC3: =[2]Prices!$B355 -> 2.282 | BD3: =[2]Prices!$C355 -> 2.005 | BE3: =BC3-BB3 -> 0.12235 | BF3: =BD3-BB3 -> -0.15465
A4: 36557 | B4: =MONTH(A4) -> 2 | C4: =YEAR(A4) -> 2000 | D4: =AVERAGEIFS('Fat and Grease Data'!D$2:D$9000,'Fat and Grease Data'!$B$2:$B$9000,'Monthly Prices'!$B4,'Fat and Grease Data'!$C$2:$C$9000,'Monthly Prices'!$C4) -> #DIV/0! | E4: =_xlfn.MAXIFS('Fat and Grease Data'!$D$2:$D$9000,'Fat and Grease Data'!$B$2:$B$9000,'Monthly Prices'!$B4,'Fat and Grease Data'!$C$2:$C$9000,'Monthly Prices'!$C4) -> 0 | F4: =_xlfn.MINIFS('Fat and Grease Data'!$D$2:$D$9000,'Fat and Grease Data'!$B$2:$B$9000,'Monthly Prices'!$B4,'Fat and Grease Data'!$C$2:$C$9000,'Monthly Prices'!$C4) -> 0 | G4: =E4-D4 -> #DIV/0! | BB4: =[2]Prices!$D356 -> 2.19635 | BC4: =[2]Prices!$B356 -> 2.265 | BD4: =[2]Prices!$C356 -> 2.115 | BE4: =BC4-BB4 -> 0.06865 | BF4: =BD4-BB4 -> -0.08135
A5: 36586 | B5: =MONTH(A5) -> 3 | C5: =YEAR(A5) -> 2000 | D5: =AVERAGEIFS('Fat and Grease Data'!D$2:D$9000,'Fat and Grease Data'!$B$2:$B$9000,'Monthly Prices'!$B5,'Fat and Grease Data'!$C$2:$C$9000,'Monthly Prices'!$C5) -> #DIV/0! | E5: =_xlfn.MAXIFS('Fat and Grease Data'!$D$2:$D$9000,'Fat and Grease Data'!$B$2:$B$9000,'Monthly Prices'!$B5,'Fat and Grease Data'!$C$2:$C$9000,'Monthly Prices'!$C5) -> 0 | F5: =_xlfn.MINIFS('Fat and Grease Data'!$D$2:$D$9000,'Fat and Grease Data'!$B$2:$B$9000,'Monthly Prices'!$B5,'Fat and Grease Data'!$C$2:$C$9000,'Monthly Prices'!$C5) -> 0 | G5: =E5-D5 -> #DIV/0! | BB5: =[2]Prices!$D357 -> 2.3066087 | BC5: =[2]Prices!$B357 -> 2.417 | BD5: =[2]Prices!$C357 -> 2.22 | BE5: =BC5-BB5 -> 0.1103913 | BF5: =BD5-BB5 -> -0.086608696
A6: 36617 | B6: =MONTH(A6) -> 4 | C6: =YEAR(A6) -> 2000 | D6: =AVERAGEIFS('Fat and Grease Data'!D$2:D$9000,'Fat and Grease Data'!$B$2:$B$9000,'Monthly Prices'!$B6,'Fat and Grease Data'!$C$2:$C$9000,'Monthly Prices'!$C6) -> #DIV/0! | E6: =_xlfn.MAXIFS('Fat and Grease Data'!$D$2:$D$9000,'Fat and Grease Data'!$B$2:$B$9000,'Monthly Prices'!$B6,'Fat and Grease Data'!$C$2:$C$9000,'Monthly Prices'!$C6) -> 0 | F6: =_xlfn.MINIFS('Fat and Grease Data'!$D$2:$D$9000,'Fat and Grease Data'!$B$2:$B$9000,'Monthly Prices'!$B6,'Fat and Grease Data'!$C$2:$C$9000,'Monthly Prices'!$C6) -> 0 | G6: =E6-D6 -> #DIV/0! | BB6: =[2]Prices!$D358 -> 2.2745263 | BC6: =[2]Prices!$B358 -> 2.395 | BD6: =[2]Prices!$C358 -> 2.225 | BE6: =BC6-BB6 -> 0.12047368 | BF6: =BD6-BB6 -> -0.049526316
A7: 36647 | B7: =MONTH(A7) -> 5 | C7: =YEAR(A7) -> 2000 | D7: =AVERAGEIFS('Fat and Grease Data'!D$2:D$9000,'Fat and Grease Data'!$B$2:$B$9000,'Monthly Prices'!$B7,'Fat and Grease Data'!$C$2:$C$9000,'Monthly Prices'!$C7) -> #DIV/0! | E7: =_xlfn.MAXIFS('Fat and Grease Data'!$D$2:$D$9000,'Fat and Grease Data'!$B$2:$B$9000,'Monthly Prices'!$B7,'Fat and Grease Data'!$C$2:$C$9000,'Monthly Prices'!$C7) -> 0 | F7: =_xlfn.MINIFS('Fat and Grease Data'!$D$2:$D$9000,'Fat and Grease Data'!$B$2:$B$9000,'Monthly Prices'!$B7,'Fat and Grease Data'!$C$2:$C$9000,'Monthly Prices'!$C7) -> 0 | G7: =E7-D7 -> #DIV/0! | BB7: =[2]Prices!$D359 -> 2.3948636 | BC7: =[2]Prices!$B359 -> 2.582 | BD7: =[2]Prices!$C359 -> 2.225 | BE7: =BC7-BB7 -> 0.18713636 | BF7: =BD7-BB7 -> -0.16986364
A8: 36678 | B8: =MONTH(A8) -> 6 | C8: =YEAR(A8) -> 2000 | D8: =AVERAGEIFS('Fat and Grease Data'!D$2:D$9000,'Fat and Grease Data'!$B$2:$B$9000,'Monthly Prices'!$B8,'Fat and Grease Data'!$C$2:$C$9000,'Monthly Prices'!$C8) -> #DIV/0! | E8: =_xlfn.MAXIFS('Fat and Grease Data'!$D$2:$D$9000,'Fat and Grease Data'!$B$2:$B$9000,'Monthly Prices'!$B8,'Fat and Grease Data'!$C$2:$C$9000,'Monthly Prices'!$C8) -> 0 | F8: =_xlfn.MINIFS('Fat and Grease Data'!$D$2:$D$9000,'Fat and Grease Data'!$B$2:$B$9000,'Monthly Prices'!$B8,'Fat and Grease Data'!$C$2:$C$9000,'Monthly Prices'!$C8) -> 0 | G8: =E8-D8 -> #DIV/0! | BB8: =[2]Prices!$D360 -> 2.0788636 | BC8: =[2]Prices!$B360 -> 2.327 | BD8: =[2]Prices!$C360 -> 1.865 | BE8: =BC8-BB8 -> 0.24813636 | BF8: =BD8-BB8 -> -0.21386364
A9: 36708 | B9: =MONTH(A9) -> 7 | C9: =YEAR(A9) -> 2000 | D9: =AVERAGEIFS('Fat and Grease Data'!D$2:D$9000,'Fat and Grease Data'!$B$2:$B$9000,'Monthly Prices'!$B9,'Fat and Grease Data'!$C$2:$C$9000,'Monthly Prices'!$C9) -> #DIV/0! | E9: =_xlfn.MAXIFS('Fat and Grease Data'!$D$2:$D$9000,'Fat and Grease Data'!$B$2:$B$9000,'Monthly Prices'!$B9,'Fat and Grease Data'!$C$2:$C$9000,'Monthly Prices'!$C9) -> 0 | F9: =_xlfn.MINIFS('Fat and Grease Data'!$D$2:$D$9000,'Fat and Grease Data'!$B$2:$B$9000,'Monthly Prices'!$B9,'Fat and Grease Data'!$C$2:$C$9000,'Monthly Prices'!$C9) -> 0 | G9: =E9-D9 -> #DIV/0! | BB9: =[2]Prices!$D361 -> 1.8465 | BC9: =[2]Prices!$B361 -> 1.97 | BD9: =[2]Prices!$C361 -> 1.77 | BE9: =BC9-BB9 -> 0.1235 | BF9: =BD9-BB9 -> -0.0765
A10: 36739 | B10: =MONTH(A10) -> 8 | C10: =YEAR(A10) -> 2000 | D10: =AVERAGEIFS('Fat and Grease Data'!D$2:D$9000,'Fat and Grease Data'!$B$2:$B$9000,'Monthly Prices'!$B10,'Fat and Grease Data'!$C$2:$C$9000,'Monthly Prices'!$C10) -> #DIV/0! | E10: =_xlfn.MAXIFS('Fat and Grease Data'!$D$2:$D$9000,'Fat and Grease Data'!$B$2:$B$9000,'Monthly Prices'!$B10,'Fat and Grease Data'!$C$2:$C$9000,'Monthly Prices'!$C10) -> 0 | F10: =_xlfn.MINIFS('Fat and Grease Data'!$D$2:$D$9000,'Fat and Grease Data'!$B$2:$B$9000,'Monthly Prices'!$B10,'Fat and Grease Data'!$C$2:$C$9000,'Monthly Prices'!$C10) -> 0 | G10: =E10-D10 -> #DIV/0! | BB10: =[2]Prices!$D362 -> 1.7826522 | BC10: =[2]Prices!$B362 -> 1.85 | BD10: =[2]Prices!$C362 -> 1.74 | BE10: =BC10-BB10 -> 0.067347826 | BF10: =BD10-BB10 -> -0.042652174
A11: 36770 | B11: =MONTH(A11) -> 9 | C11: =YEAR(A11) -> 2000 | D11: =AVERAGEIFS('Fat and Grease Data'!D$2:D$9000,'Fat and Grease Data'!$B$2:$B$9000,'Monthly Prices'!$B11,'Fat and Grease Data'!$C$2:$C$9000,'Monthly Prices'!$C11) -> 6.25 | E11: =_xlfn.MAXIFS('Fat and Grease Data'!$D$2:$D$9000,'Fat and Grease Data'!$B$2:$B$9000,'Monthly Prices'!$B11,'Fat and Grease Data'!$C$2:$C$9000,'Monthly Prices'!$C11) -> 6.25 | F11: =_xlfn.MINIFS('Fat and Grease Data'!$D$2:$D$9000,'Fat and Grease Data'!$B$2:$B$9000,'Monthly Prices'!$B11,'Fat and Grease Data'!$C$2:$C$9000,'Monthly Prices'!$C11) -> 6.25 | G11: =E11-D11 -> 0 | H11: =F11-D11 -> 0 | I11: =AVERAGEIFS('Fat and Grease Data'!E$2:E$9000,'Fat and Grease Data'!$B$2:$B$9000,'Monthly Prices'!$B11,'Fat and Grease Data'!$C$2:$C$9000,'Monthly Prices'!$C11) -> 6.5 | J11: =_xlfn.MAXIFS('Fat and Grease Data'!$E$2:$E$9000,'Fat and Grease Data'!$B$2:$B$9000,'Monthly Prices'!$B11,'Fat and Grease Data'!$C$2:$C$9000,'Monthly Prices'!$C11) -> 6.5 | K11: =_xlfn.MINIFS('Fat and Grease Data'!$E$2:$E$9000,'Fat and Grease Data'!$B$2:$B$9000,'Monthly Prices'!$B11,'Fat and Grease Data'!$C$2:$C$9000,'Monthly Prices'!$C11) -> 6.5 | L11: =J11-I11 -> 0 | M11: =K11-I11 -> 0 | AM11: =AVERAGEIFS('Fat and Grease Data'!K$2:K$9000,'Fat and Grease Data'!$B$2:$B$9000,'Monthly Prices'!$B11,'Fat and Grease Data'!$C$2:$C$9000,'Monthly Prices'!$C11) -> 7 | AN11: =_xlfn.MAXIFS('Fat and Grease Data'!$K$2:$K$9000,'Fat and Grease Data'!$B$2:$B$9000,'Monthly Prices'!$B11,'Fat and Grease Data'!$C$2:$C$9000,'Monthly Prices'!$C11) -> 7 | AO11: =_xlfn.MINIFS('Fat and Grease Data'!$K$2:$K$9000,'Fat and Grease Data'!$B$2:$B$9000,'Monthly Prices'!$B11,'Fat and Grease Data'!$C$2:$C$9000,'Monthly Prices'!$C11) -> 7 | AP11: =AN11-AM11 -> 0 | AQ11: =AO11-AM11 -> 0 | BB11: =[2]Prices!$D363 -> 1.92925 | BC11: =[2]Prices!$B363 -> 1.997 | BD11: =[2]Prices!$C363 -> 1.867 | BE11: =BC11-BB11 -> 0.06775 | BF11: =BD11-BB11 -> -0.06225
A12: 36800 | B12: =MONTH(A12) -> 10 | C12: =YEAR(A12) -> 2000 | D12: =AVERAGEIFS('Fat and Grease Data'!D$2:D$9000,'Fat and Grease Data'!$B$2:$B$9000,'Monthly Prices'!$B12,'Fat and Grease Data'!$C$2:$C$9000,'Monthly Prices'!$C12) -> 7.2916667 | E12: =_xlfn.MAXIFS('Fat and Grease Data'!$D$2:$D$9000,'Fat and Grease Data'!$B$2:$B$9000,'Monthly Prices'!$B12,'Fat and Grease Data'!$C$2:$C$9000,'Monthly Prices'!$C12) -> 8.5 | F12: =_xlfn.MINIFS('Fat and Grease Data'!$D$2:$D$9000,'Fat and Grease Data'!$B$2:$B$9000,'Monthly Prices'!$B12,'Fat and Grease Data'!$C$2:$C$9000,'Monthly Prices'!$C12) -> 7 | G12: =E12-D12 -> 1.2083333 | H12: =F12-D12 -> -0.29166667 | I12: =AVERAGEIFS('Fat and Grease Data'!E$2:E$9000,'Fat and Grease Data'!$B$2:$B$9000,'Monthly Prices'!$B12,'Fat and Grease Data'!$C$2:$C$9000,'Monthly Prices'!$C12) -> 7.3566667 | J12: =_xlfn.MAXIFS('Fat and Grease Data'!$E$2:$E$9000,'Fat and Grease Data'!$B$2:$B$9000,'Monthly Prices'!$B12,'Fat and Grease Data'!$C$2:$C$9000,'Monthly Prices'!$C12) -> 7.5 | K12: =_xlfn.MINIFS('Fat and Grease Data'!$E$2:$E$9000,'Fat and Grease Data'!$B$2:$B$9000,'Monthly Prices'!$B12,'Fat and Grease Data'!$C$2:$C$9000,'Monthly Prices'!$C12) -> 7 | L12: =J12-I12 -> 0.14333333 | M12: =K12-I12 -> -0.35666667 | AM12: =AVERAGEIFS('Fat and Grease Data'!K$2:K$9000,'Fat and Grease Data'!$B$2:$B$9000,'Monthly Prices'!$B12,'Fat and Grease Data'!$C$2:$C$9000,'Monthly Prices'!$C12) -> 7.125 | AN12: =_xlfn.MAXIFS('Fat and Grease Data'!$K$2:$K$9000,'Fat and Grease Data'!$B$2:$B$9000,'Monthly Prices'!$B12,'Fat and Grease Data'!$C$2:$C$9000,'Monthly Prices'!$C12) -> 8.5 | AO12: =_xlfn.MINIFS('Fat and Grease Data'!$K$2:$K$9000,'Fat and Grease Data'!$B$2:$B$9000,'Monthly Prices'!$B12,'Fat and Grease Data'!$C$2:$C$9000,'Monthly Prices'!$C12) -> 7 | AP12: =AN12-AM12 -> 1.375 | AQ12: =AO12-AM12 -> -0.125 | BB12: =[2]Prices!$D364 -> 2.0414545 | BC12: =[2]Prices!$B364 -> 2.11 | BD12: =[2]Prices!$C364 -> 1.967 | BE12: =BC12-BB12 -> 0.068545455 | BF12: =BD12-BB12 -> -0.074454545
A13: 36831 | B13: =MONTH(A13) -> 11 | C13: =YEAR(A13) -> 2000 | D13: =AVERAGEIFS('Fat and Grease Data'!D$2:D$9000,'Fat and Grease Data'!$B$2:$B$9000,'Monthly Prices'!$B13,'Fat and Grease Data'!$C$2:$C$9000,'Monthly Prices'!$C13) -> 7.269 | E13: =_xlfn.MAXIFS('Fat and Grease Data'!$D$2:$D$9000,'Fat and Grease Data'!$B$2:$B$9000,'Monthly Prices'!$B13,'Fat and Grease Data'!$C$2:$C$9000,'Monthly Prices'!$C13) -> 7.5 | F13: =_xlfn.MINIFS('Fat and Grease Data'!$D$2:$D$9000,'Fat and Grease Data'!$B$2:$B$9000,'Monthly Prices'!$B13,'Fat and Grease Data'!$C$2:$C$9000,'Monthly Prices'!$C13) -> 7.25 | G13: =E13-D13 -> 0.231 | H13: =F13-D13 -> -0.019 | I13: =AVERAGEIFS('Fat and Grease Data'!E$2:E$9000,'Fat and Grease Data'!$B$2:$B$9000,'Monthly Prices'!$B13,'Fat and Grease Data'!$C$2:$C$9000,'Monthly Prices'!$C13) -> 7.3385 | J13: =_xlfn.MAXIFS('Fat and Grease Data'!$E$2:$E$9000,'Fat and Grease Data'!$B$2:$B$9000,'Monthly Prices'!$B13,'Fat and Grease Data'!$C$2:$C$9000,'Monthly Prices'!$C13) -> 7.5 | K13: =_xlfn.MINIFS('Fat and Grease Data'!$E$2:$E$9000,'Fat and Grease Data'!$B$2:$B$9000,'Monthly Prices'!$B13,'Fat and Grease Data'!$C$2:$C$9000,'Monthly Prices'!$C13) -> 7.25 | L13: =J13-I13 -> 0.1615 | M13: =K13-I13 -> -0.0885 | AM13: =AVERAGEIFS('Fat and Grease Data'!K$2:K$9000,'Fat and Grease Data'!$B$2:$B$9000,'Monthly Prices'!$B13,'Fat and Grease Data'!$C$2:$C$9000,'Monthly Prices'!$C13) -> 7.1052632 | AN13: =_xlfn.MAXIFS('Fat and Grease Data'!$K$2:$K$9000,'Fat and Grease Data'!$B$2:$B$9000,'Monthly Prices'!$B13,'Fat and Grease Data'!$C$2:$C$9000,'Monthly Prices'!$C13) -> 8 | AO13: =_xlfn.MINIFS('Fat and Grease Data'!$K$2:$K$9000,'Fat and Grease Data'!$B$2:$B$9000,'Monthly Prices'!$B13,'Fat and Grease Data'!$C$2:$C$9000,'Monthly Prices'!$C13) -> 7 | AP13: =AN13-AM13 -> 0.89473684 | AQ13: =AO13-AM13 -> -0.10526316 | BB13: =[2]Prices!$D365 -> 2.106381 | BC13: =[2]Prices!$B365 -> 2.165 | BD13: =[2]Prices!$C365 -> 2.042 | BE13: =BC13-BB13 -> 0.058619048 | BF13: =BD13-BB13 -> -0.064380952
A14: 36861 | B14: =MONTH(A14) -> 12 | C14: =YEAR(A14) -> 2000 | D14: =AVERAGEIFS('Fat and Grease Data'!D$2:D$9000,'Fat and Grease Data'!$B$2:$B$9000,'Monthly Prices'!$B14,'Fat and Grease Data'!$C$2:$C$9000,'Monthly Prices'!$C14) -> 8.182 | E14: =_xlfn.MAXIFS('Fat and Grease Data'!$D$2:$D$9000,'Fat and Grease Data'!$B$2:$B$9000,'Monthly Prices'!$B14,'Fat and Grease Data'!$C$2:$C$9000,'Monthly Prices'!$C14) -> 9 | F14: =_xlfn.MINIFS('Fat and Grease Data'!$D$2:$D$9000,'Fat and Grease Data'!$B$2:$B$9000,'Monthly Prices'!$B14,'Fat and Grease Data'!$C$2:$C$9000,'Monthly Prices'!$C14) -> 7.38 | G14: =E14-D14 -> 0.818 | H14: =F14-D14 -> -0.802 | I14: =AVERAGEIFS('Fat and Grease Data'!E$2:E$9000,'Fat and Grease Data'!$B$2:$B$9000,'Monthly Prices'!$B14,'Fat and Grease Data'!$C$2:$C$9000,'Monthly Prices'!$C14) -> 8.3325 | J14: =_xlfn.MAXIFS('Fat and Grease Data'!$E$2:$E$9000,'Fat and Grease Data'!$B$2:$B$9000,'Monthly Prices'!$B14,'Fat and Grease Data'!$C$2:$C$9000,'Monthly Prices'!$C14) -> 9.25 | K14: =_xlfn.MINIFS('Fat and Grease Data'!$E$2:$E$9000,'Fat and Grease Data'!$B$2:$B$9000,'Monthly Prices'!$B14,'Fat and Grease Data'!$C$2:$C$9000,'Monthly Prices'!$C14) -> 7.63 | L14: =J14-I14 -> 0.9175 | M14: =K14-I14 -> -0.7025 | AM14: =AVERAGEIFS('Fat and Grease Data'!K$2:K$9000,'Fat and Grease Data'!$B$2:$B$9000,'Monthly Prices'!$B14,'Fat and Grease Data'!$C$2:$C$9000,'Monthly Prices'!$C14) -> 8.325 | AN14: =_xlfn.MAXIFS('Fat and Grease Data'!$K$2:$K$9000,'Fat and Grease Data'!$B$2:$B$9000,'Monthly Prices'!$B14,'Fat and Grease Data'!$C$2:$C$9000,'Monthly Prices'!$C14) -> 10 | AO14: =_xlfn.MINIFS('Fat and Grease Data'!$K$2:$K$9000,'Fat and Grease Data'!$B$2:$B$9000,'Monthly Prices'!$B14,'Fat and Grease Data'!$C$2:$C$9000,'Monthly Prices'!$C14) -> 7 | AP14: =AN14-AM14 -> 1.675 | AQ14: =AO14-AM14 -> -1.325 | BB14: =[2]Prices!$D366 -> 2.22265 | BC14: =[2]Prices!$B366 -> 2.32 | BD14: =[2]Prices!$C366 -> 2.142 | BE14: =BC14-BB14 -> 0.09735 | BF14: =BD14-BB14 -> -0.08065
A15: 36892 | B15: =MONTH(A15) -> 1 | C15: =YEAR(A15) -> 2001 | D15: =AVERAGEIFS('Fat and Grease Data'!D$2:D$9000,'Fat and Grease Data'!$B$2:$B$9000,'Monthly Prices'!$B15,'Fat and Grease Data'!$C$2:$C$9000,'Monthly Prices'!$C15) -> 9.702381 | E15: =_xlfn.MAXIFS('Fat and Grease Data'!$D$2:$D$9000,'Fat and Grease Data'!$B$2:$B$9000,'Monthly Prices'!$B15,'Fat and Grease Data'!$C$2:$C$9000,'Monthly Prices'!$C15) -> 10 | F15: =_xlfn.MINIFS('Fat and Grease Data'!$D$2:$D$9000,'Fat and Grease Data'!$B$2:$B$9000,'Monthly Prices'!$B15,'Fat and Grease Data'!$C$2:$C$9000,'Monthly Prices'!$C15) -> 9 | G15: =E15-D15 -> 0.29761905 | H15: =F15-D15 -> -0.70238095 | I15: =AVERAGEIFS('Fat and Grease Data'!E$2:E$9000,'Fat and Grease Data'!$B$2:$B$9000,'Monthly Prices'!$B15,'Fat and Grease Data'!$C$2:$C$9000,'Monthly Prices'!$C15) -> 9.717619 | J15: =_xlfn.MAXIFS('Fat and Grease Data'!$E$2:$E$9000,'Fat and Grease Data'!$B$2:$B$9000,'Monthly Prices'!$B15,'Fat and Grease Data'!$C$2:$C$9000,'Monthly Prices'!$C15) -> 10 | K15: =_xlfn.MINIFS('Fat and Grease Data'!$E$2:$E$9000,'Fat and Grease Data'!$B$2:$B$9000,'Monthly Prices'!$B15,'Fat and Grease Data'!$C$2:$C$9000,'Monthly Prices'!$C15) -> 8.88 | L15: =J15-I15 -> 0.28238095 | M15: =K15-I15 -> -0.83761905 | AM15: =AVERAGEIFS('Fat and Grease Data'!K$2:K$9000,'Fat and Grease Data'!$B$2:$B$9000,'Monthly Prices'!$B15,'Fat and Grease Data'!$C$2:$C$9000,'Monthly Prices'!$C15) -> 10 | AN15: =_xlfn.MAXIFS('Fat and Grease Data'!$K$2:$K$9000,'Fat and Grease Data'!$B$2:$B$9000,'Monthly Prices'!$B15,'Fat and Grease Data'!$C$2:$C$9000,'Monthly Prices'!$C15) -> 10 | AO15: =_xlfn.MINIFS('Fat and Grease Data'!$K$2:$K$9000,'Fat and Grease Data'!$B$2:$B$9000,'Monthly Prices'!$B15,'Fat and Grease Data'!$C$2:$C$9000,'Monthly Prices'!$C15) -> 10 | AP15: =AN15-AM15 -> 0 | AQ15: =AO15-AM15 -> 0 | BB15: =[2]Prices!$D367 -> 2.1897143 | BC15: =[2]Prices!$B367 -> 2.32 | BD15: =[2]Prices!$C367 -> 2.065 | BE15: =BC15-BB15 -> 0.13028571 | BF15: =BD15-BB15 -> -0.12471429
A16: 36923 | B16: =MONTH(A16) -> 2 | C16: =YEAR(A16) -> 2001 | D16: =AVERAGEIFS('Fat and Grease Data'!D$2:D$9000,'Fat and Grease Data'!$B$2:$B$9000,'Monthly Prices'!$B16,'Fat and Grease Data'!$C$2:$C$9000,'Monthly Prices'!$C16) -> 7.7178947 | E16: =_xlfn.MAXIFS('Fat and Grease Data'!$D$2:$D$9000,'Fat and Grease Data'!$B$2:$B$9000,'Monthly Prices'!$B16,'Fat and Grease Data'!$C$2:$C$9000,'Monthly Prices'!$C16) -> 8.75 | F16: =_xlfn.MINIFS('Fat and Grease Data'!$D$2:$D$9000,'Fat and Grease Data'!$B$2:$B$9000,'Monthly Prices'!$B16,'Fat and Grease Data'!$C$2:$C$9000,'Monthly Prices'!$C16) -> 7 | G16: =E16-D16 -> 1.0321053 | H16: =F16-D16 -> -0.71789474 | I16: =AVERAGEIFS('Fat and Grease Data'!E$2:E$9000,'Fat and Grease Data'!$B$2:$B$9000,'Monthly Prices'!$B16,'Fat and Grease Data'!$C$2:$C$9000,'Monthly Prices'!$C16) -> 7.6784211 | J16: =_xlfn.MAXIFS('Fat and Grease Data'!$E$2:$E$9000,'Fat and Grease Data'!$B$2:$B$9000,'Monthly Prices'!$B16,'Fat and Grease Data'!$C$2:$C$9000,'Monthly Prices'!$C16) -> 8.88 | K16: =_xlfn.MINIFS('Fat and Grease Data'!$E$2:$E$9000,'Fat and Grease Data'!$B$2:$B$9000,'Monthly Prices'!$B16,'Fat and Grease Data'!$C$2:$C$9000,'Monthly Prices'!$C16) -> 7 | L16: =J16-I16 -> 1.2015789 | M16: =K16-I16 -> -0.67842105 | S16: =AVERAGEIFS('Fat and Grease Data'!G$2:G$9000,'Fat and Grease Data'!$B$2:$B$9000,'Monthly Prices'!$B16,'Fat and Grease Data'!$C$2:$C$9000,'Monthly Prices'!$C16) -> 8.3125 | T16: =_xlfn.MAXIFS('Fat and Grease Data'!$G$2:$G$9000,'Fat and Grease Data'!$B$2:$B$9000,'Monthly Prices'!$B16,'Fat and Grease Data'!$C$2:$C$9000,'Monthly Prices'!$C16) -> 8.5 | U16: =_xlfn.MINIFS('Fat and Grease Data'!$G$2:$G$9000,'Fat and Grease Data'!$B$2:$B$9000,'Monthly Prices'!$B16,'Fat and Grease Data'!$C$2:$C$9000,'Monthly Prices'!$C16) -> 8 | V16: =T16-S16 -> 0.1875 | W16: =U16-S16 -> -0.3125 | X16: =AVERAGEIFS('Fat and Grease Data'!H$2:H$9000,'Fat and Grease Data'!$B$2:$B$9000,'Monthly Prices'!$B16,'Fat and Grease Data'!$C$2:$C$9000,'Monthly Prices'!$C16) -> 10 | Y16: =_xlfn.MAXIFS('Fat and Grease Data'!$H$2:$H$9000,'Fat and Grease Data'!$B$2:$B$9000,'Monthly Prices'!$B16,'Fat and Grease Data'!$C$2:$C$9000,'Monthly Prices'!$C16) -> 10 | Z16: =_xlfn.MINIFS('Fat and Grease Data'!$H$2:$H$9000,'Fat and Grease Data'!$B$2:$B$9000,'Monthly Prices'!$B16,'Fat and Grease Data'!$C$2:$C$9000,'Monthly Prices'!$C16) -> 10 | AA16: =Y16-X16 -> 0 | AB16: =Z16-X16 -> 0 | AM16: =AVERAGEIFS('Fat and Grease Data'!K$2:K$9000,'Fat and Grease Data'!$B$2:$B$9000,'Monthly Prices'!$B16,'Fat and Grease Data'!$C$2:$C$9000,'Monthly Prices'!$C16) -> 8.9078947 | AN16: =_xlfn.MAXIFS('Fat and Grease Data'!$K$2:$K$9000,'Fat and Grease Data'!$B$2:$B$9000,'Monthly Prices'!$B16,'Fat and Grease Data'!$C$2:$C$9000,'Monthly Prices'!$C16) -> 10 | AO16: =_xlfn.MINIFS('Fat and Grease Data'!$K$2:$K$9000,'Fat and Grease Data'!$B$2:$B$9000,'Monthly Prices'!$B16,'Fat and Grease Data'!$C$2:$C$9000,'Monthly Prices'!$C16) -> 8.25 | AP16: =AN16-AM16 -> 1.0921053 | AQ16: =AO16-AM16 -> -0.65789474 | BB16: =[2]Prices!$D368 -> 2.1127895 | BC16: =[2]Prices!$B368 -> 2.155 | BD16: =[2]Prices!$C368 -> 2.085 | BE16: =BC16-BB16 -> 0.042210526 | BF16: =BD16-BB16 -> -0.027789474
A17: 36951 | B17: =MONTH(A17) -> 3 | C17: =YEAR(A17) -> 2001 | D17: =AVERAGEIFS('Fat and Grease Data'!D$2:D$9000,'Fat and Grease Data'!$B$2:$B$9000,'Monthly Prices'!$B17,'Fat and Grease Data'!$C$2:$C$9000,'Monthly Prices'!$C17) -> 7.145 | E17: =_xlfn.MAXIFS('Fat and Grease Data'!$D$2:$D$9000,'Fat and Grease Data'!$B$2:$B$9000,'Monthly Prices'!$B17,'Fat and Grease Data'!$C$2:$C$9000,'Monthly Prices'!$C17) -> 7.38 | F17: =_xlfn.MINIFS('Fat and Grease Data'!$D$2:$D$9000,'Fat and Grease Data'!$B$2:$B$9000,'Monthly Prices'!$B17,'Fat and Grease Data'!$C$2:$C$9000,'Monthly Prices'!$C17) -> 6.75 | G17: =E17-D17 -> 0.235 | H17: =F17-D17 -> -0.395 | I17: =AVERAGEIFS('Fat and Grease Data'!E$2:E$9000,'Fat and Grease Data'!$B$2:$B$9000,'Monthly Prices'!$B17,'Fat and Grease Data'!$C$2:$C$9000,'Monthly Prices'!$C17) -> 7.0295455 | J17: =_xlfn.MAXIFS('Fat and Grease Data'!$E$2:$E$9000,'Fat and Grease Data'!$B$2:$B$9000,'Monthly Prices'!$B17,'Fat and Grease Data'!$C$2:$C$9000,'Monthly Prices'!$C17) -> 7.25 | K17: =_xlfn.MINIFS('Fat and Grease Data'!$E$2:$E$9000,'Fat and Grease Data'!$B$2:$B$9000,'Monthly Prices'!$B17,'Fat and Grease Data'!$C$2:$C$9000,'Monthly Prices'!$C17) -> 6.75 | L17: =J17-I17 -> 0.22045455 | M17: =K17-I17 -> -0.27954545 | S17: =AVERAGEIFS('Fat and Grease Data'!G$2:G$9000,'Fat and Grease Data'!$B$2:$B$9000,'Monthly Prices'!$B17,'Fat and Grease Data'!$C$2:$C$9000,'Monthly Prices'!$C17) -> 7.9545455 | T17: =_xlfn.MAXIFS('Fat and Grease Data'!$G$2:$G$9000,'Fat and Grease Data'!$B$2:$B$9000,'Monthly Prices'!$B17,'Fat and Grease Data'!$C$2:$C$9000,'Monthly Prices'!$C17) -> 8 | U17: =_xlfn.MINIFS('Fat and Grease Data'!$G$2:$G$9000,'Fat and Grease Data'!$B$2:$B$9000,'Monthly Prices'!$B17,'Fat and Grease Data'!$C$2:$C$9000,'Monthly Prices'!$C17) -> 7.5 | V17: =T17-S17 -> 0.045454545 | W17: =U17-S17 -> -0.45454545 | X17: =AVERAGEIFS('Fat and Grease Data'!H$2:H$9000,'Fat and Grease Data'!$B$2:$B$9000,'Monthly Prices'!$B17,'Fat and Grease Data'!$C$2:$C$9000,'Monthly Prices'!$C17) -> 9.5454545 | Y17: =_xlfn.MAXIFS('Fat and Grease Data'!$H$2:$H$9000,'Fat and Grease Data'!$B$2:$B$9000,'Monthly Prices'!$B17,'Fat and Grease Data'!$C$2:$C$9000,'Monthly Prices'!$C17) -> 10 | Z17: =_xlfn.MINIFS('Fat and Grease Data'!$H$2:$H$9000,'Fat and Grease Data'!$B$2:$B$9000,'Monthly Prices'!$B17,'Fat and Grease Data'!$C$2:$C$9000,'Monthly Prices'!$C17) -> 9.5 | AA17: =Y17-X17 -> 0.45454545 | AB17: =Z17-X17 -> -0.045454545 | AM17: =AVERAGEIFS('Fat and Grease Data'!K$2:K$9000,'Fat and Grease Data'!$B$2:$B$9000,'Monthly Prices'!$B17,'Fat and Grease Data'!$C$2:$C$9000,'Monthly Prices'!$C17) -> 8.2336364 | AN17: =_xlfn.MAXIFS('Fat and Grease Data'!$K$2:$K$9000,'Fat and Grease Data'!$B$2:$B$9000,'Monthly Prices'!$B17,'Fat and Grease Data'!$C$2:$C$9000,'Monthly Prices'!$C17) -> 8.25 | AO17: =_xlfn.MINIFS('Fat and Grease Data'!$K$2:$K$9000,'Fat and Grease Data'!$B$2:$B$9000,'Monthly Prices'!$B17,'Fat and Grease Data'!$C$2:$C$9000,'Monthly Prices'!$C17) -> 8.13 | AP17: =AN17-AM17 -> 0.016363636 | AQ17: =AO17-AM17 -> -0.10363636 | BB17: =[2]Prices!$D369 -> 2.1424091 | BC17: =[2]Prices!$B369 -> 2.257 | BD17: =[2]Prices!$C369 -> 2.025 | BE17: =BC17-BB17 -> 0.11459091 | BF17: =BD17-BB17 -> -0.11740909
A18: 36982 | B18: =MONTH(A18) -> 4 | C18: =YEAR(A18) -> 2001 | D18: =AVERAGEIFS('Fat and Grease Data'!D$2:D$9000,'Fat and Grease Data'!$B$2:$B$9000,'Monthly Prices'!$B18,'Fat and Grease Data'!$C$2:$C$9000,'Monthly Prices'!$C18) -> 6.7655 | E18: =_xlfn.MAXIFS('Fat and Grease Data'!$D$2:$D$9000,'Fat and Grease Data'!$B$2:$B$9000,'Monthly Prices'!$B18,'Fat and Grease Data'!$C$2:$C$9000,'Monthly Prices'!$C18) -> 7 | F18: =_xlfn.MINIFS('Fat and Grease Data'!$D$2:$D$9000,'Fat and Grease Data'!$B$2:$B$9000,'Monthly Prices'!$B18,'Fat and Grease Data'!$C$2:$C$9000,'Monthly Prices'!$C18) -> 6.63 | G18: =E18-D18 -> 0.2345 | H18: =F18-D18 -> -0.1355 | I18: =AVERAGEIFS('Fat and Grease Data'!E$2:E$9000,'Fat and Grease Data'!$B$2:$B$9000,'Monthly Prices'!$B18,'Fat and Grease Data'!$C$2:$C$9000,'Monthly Prices'!$C18) -> 6.663 | J18: =_xlfn.MAXIFS('Fat and Grease Data'!$E$2:$E$9000,'Fat and Grease Data'!$B$2:$B$9000,'Monthly Prices'!$B18,'Fat and Grease Data'!$C$2:$C$9000,'Monthly Prices'!$C18) -> 7 | K18: =_xlfn.MINIFS('Fat and Grease Data'!$E$2:$E$9000,'Fat and Grease Data'!$B$2:$B$9000,'Monthly Prices'!$B18,'Fat and Grease Data'!$C$2:$C$9000,'Monthly Prices'!$C18) -> 6.5 | L18: =J18-I18 -> 0.337 | M18: =K18-I18 -> -0.163 | S18: =AVERAGEIFS('Fat and Grease Data'!G$2:G$9000,'Fat and Grease Data'!$B$2:$B$9000,'Monthly Prices'!$B18,'Fat and Grease Data'!$C$2:$C$9000,'Monthly Prices'!$C18) -> 7.5 | T18: =_xlfn.MAXIFS('Fat and Grease Data'!$G$2:$G$9000,'Fat and Grease Data'!$B$2:$B$9000,'Monthly Prices'!$B18,'Fat and Grease Data'!$C$2:$C$9000,'Monthly Prices'!$C18) -> 7.5 | U18: =_xlfn.MINIFS('Fat and Grease Data'!$G$2:$G$9000,'Fat and Grease Data'!$B$2:$B$9000,'Monthly Prices'!$B18,'Fat and Grease Data'!$C$2:$C$9000,'Monthly Prices'!$C18) -> 7.5 | V18: =T18-S18 -> 0 | W18: =U18-S18 -> 0 | X18: =AVERAGEIFS('Fat and Grease Data'!H$2:H$9000,'Fat and Grease Data'!$B$2:$B$9000,'Monthly Prices'!$B18,'Fat and Grease Data'!$C$2:$C$9000,'Monthly Prices'!$C18) -> 9.475 | Y18: =_xlfn.MAXIFS('Fat and Grease Data'!$H$2:$H$9000,'Fat and Grease Data'!$B$2:$B$9000,'Monthly Prices'!$B18,'Fat and Grease Data'!$C$2:$C$9000,'Monthly Prices'!$C18) -> 9.5 | Z18: =_xlfn.MINIFS('Fat and Grease Data'!$H$2:$H$9000,'Fat and Grease Data'!$B$2:$B$9000,'Monthly Prices'!$B18,'Fat and Grease Data'!$C$2:$C$9000,'Monthly Prices'!$C18) -> 9.25 | AA18: =Y18-X18 -> 0.025 | AB18: =Z18-X18 -> -0.225 | AM18: =AVERAGEIFS('Fat and Grease Data'!K$2:K$9000,'Fat and Grease Data'!$B$2:$B$9000,'Monthly Prices'!$B18,'Fat and Grease Data'!$C$2:$C$9000,'Monthly Prices'!$C18) -> 8.0195 | AN18: =_xlfn.MAXIFS('Fat and Grease Data'!$K$2:$K$9000,'Fat and Grease Data'!$B$2:$B$9000,'Monthly Prices'!$B18,'Fat and Grease Data'!$C$2:$C$9000,'Monthly Prices'!$C18) -> 8.13 | AO18: =_xlfn.MINIFS('Fat and Grease Data'!$K$2:$K$9000,'Fat and Grease Data'!$B$2:$B$9000,'Monthly Prices'!$B18,'Fat and Grease Data'!$C$2:$C$9000,'Monthly Prices'!$C18) -> 8 | AP18: =AN18-AM18 -> 0.1105 | AQ18: =AO18-AM18 -> -0.0195 | BB18: =[2]Prices!$D370 -> 2.05575 | BC18: =[2]Prices!$B370 -> 2.147 | BD18: =[2]Prices!$C370 -> 1.932 | BE18: =BC18-BB18 -> 0.09125 | BF18: =BD18-BB18 -> -0.12375
A19: 37012 | B19: =MONTH(A19) -> 5 | C19: =YEAR(A19) -> 2001 | D19: =AVERAGEIFS('Fat and Grease Data'!D$2:D$9000,'Fat and Grease Data'!$B$2:$B$9000,'Monthly Prices'!$B19,'Fat and Grease Data'!$C$2:$C$9000,'Monthly Prices'!$C19) -> 7.15 | E19: =_xlfn.MAXIFS('Fat and Grease Data'!$D$2:$D$9000,'Fat and Grease Data'!$B$2:$B$9000,'Monthly Prices'!$B19,'Fat and Grease Data'!$C$2:$C$9000,'Monthly Prices'!$C19) -> 7.5 | F19: =_xlfn.MINIFS('Fat and Grease Data'!$D$2:$D$9000,'Fat and Grease Data'!$B$2:$B$9000,'Monthly Prices'!$B19,'Fat and Grease Data'!$C$2:$C$9000,'Monthly Prices'!$C19) -> 6.63 | G19: =E19-D19 -> 0.35 | H19: =F19-D19 -> -0.52 | I19: =AVERAGEIFS('Fat and Grease Data'!E$2:E$9000,'Fat and Grease Data'!$B$2:$B$9000,'Monthly Prices'!$B19,'Fat and Grease Data'!$C$2:$C$9000,'Monthly Prices'!$C19) -> 7.1777273 | J19: =_xlfn.MAXIFS('Fat and Grease Data'!$E$2:$E$9000,'Fat and Grease Data'!$B$2:$B$9000,'Monthly Prices'!$B19,'Fat and Grease Data'!$C$2:$C$9000,'Monthly Prices'!$C19) -> 7.5 | K19: =_xlfn.MINIFS('Fat and Grease Data'!$E$2:$E$9000,'Fat and Grease Data'!$B$2:$B$9000,'Monthly Prices'!$B19,'Fat and Grease Data'!$C$2:$C$9000,'Monthly Prices'!$C19) -> 6.75 | L19: =J19-I19 -> 0.32227273 | M19: =K19-I19 -> -0.42772727 | S19: =AVERAGEIFS('Fat and Grease Data'!G$2:G$9000,'Fat and Grease Data'!$B$2:$B$9000,'Monthly Prices'!$B19,'Fat and Grease Data'!$C$2:$C$9000,'Monthly Prices'!$C19) -> 7.5 | T19: =_xlfn.MAXIFS('Fat and Grease Data'!$G$2:$G$9000,'Fat and Grease Data'!$B$2:$B$9000,'Monthly Prices'!$B19,'Fat and Grease Data'!$C$2:$C$9000,'Monthly Prices'!$C19) -> 7.5 | U19: =_xlfn.MINIFS('Fat and Grease Data'!$G$2:$G$9000,'Fat and Grease Data'!$B$2:$B$9000,'Monthly Prices'!$B19,'Fat and Grease Data'!$C$2:$C$9000,'Monthly Prices'!$C19) -> 7.5 | V19: =T19-S19 -> 0 | W19: =U19-S19 -> 0 | X19: =AVERAGEIFS('Fat and Grease Data'!H$2:H$9000,'Fat and Grease Data'!$B$2:$B$9000,'Monthly Prices'!$B19,'Fat and Grease Data'!$C$2:$C$9000,'Monthly Prices'!$C19) -> 9.5 | Y19: =_xlfn.MAXIFS('Fat and Grease Data'!$H$2:$H$9000,'Fat and Grease Data'!$B$2:$B$9000,'Monthly Prices'!$B19,'Fat and Grease Data'!$C$2:$C$9000,'Monthly Prices'!$C19) -> 9.5 | Z19: =_xlfn.MINIFS('Fat and Grease Data'!$H$2:$H$9000,'Fat and Grease Data'!$B$2:$B$9000,'Monthly Prices'!$B19,'Fat and Grease Data'!$C$2:$C$9000,'Monthly Prices'!$C19) -> 9.5 | AA19: =Y19-X19 -> 0 | AB19: =Z19-X19 -> 0 | AM19: =AVERAGEIFS('Fat and Grease Data'!K$2:K$9000,'Fat and Grease Data'!$B$2:$B$9000,'Monthly Prices'!$B19,'Fat and Grease Data'!$C$2:$C$9000,'Monthly Prices'!$C19) -> 7.9618182 | AN19: =_xlfn.MAXIFS('Fat and Grease Data'!$K$2:$K$9000,'Fat and Grease Data'!$B$2:$B$9000,'Monthly Prices'!$B19,'Fat and Grease Data'!$C$2:$C$9000,'Monthly Prices'!$C19) -> 8 | AO19: =_xlfn.MINIFS('Fat and Grease Data'!$K$2:$K$9000,'Fat and Grease Data'!$B$2:$B$9000,'Monthly Prices'!$B19,'Fat and Grease Data'!$C$2:$C$9000,'Monthly Prices'!$C19) -> 7.88 | AP19: =AN19-AM19 -> 0.038181818 | AQ19: =AO19-AM19 -> -0.081818182 | BB19: =[2]Prices!$D371 -> 1.9940455 | BC19: =[2]Prices!$B371 -> 2.115 | BD19: =[2]Prices!$C371 -> 1.877 | BE19: =BC19-BB19 -> 0.12095455 | BF19: =BD19-BB19 -> -0.11704545
A20: 37043 | B20: =MONTH(A20) -> 6 | C20: =YEAR(A20) -> 2001 | D20: =AVERAGEIFS('Fat and Grease Data'!D$2:D$9000,'Fat and Grease Data'!$B$2:$B$9000,'Monthly Prices'!$B20,'Fat and Grease Data'!$C$2:$C$9000,'Monthly Prices'!$C20) -> 7.877619 | E20: =_xlfn.MAXIFS('Fat and Grease Data'!$D$2:$D$9000,'Fat and Grease Data'!$B$2:$B$9000,'Monthly Prices'!$B20,'Fat and Grease Data'!$C$2:$C$9000,'Monthly Prices'!$C20) -> 8.38 | F20: =_xlfn.MINIFS('Fat and Grease Data'!$D$2:$D$9000,'Fat and Grease Data'!$B$2:$B$9000,'Monthly Prices'!$B20,'Fat and Grease Data'!$C$2:$C$9000,'Monthly Prices'!$C20) -> 7.5 | G20: =E20-D20 -> 0.50238095 | H20: =F20-D20 -> -0.37761905 | I20: =AVERAGEIFS('Fat and Grease Data'!E$2:E$9000,'Fat and Grease Data'!$B$2:$B$9000,'Monthly Prices'!$B20,'Fat and Grease Data'!$C$2:$C$9000,'Monthly Prices'!$C20) -> 7.9971429 | J20: =_xlfn.MAXIFS('Fat and Grease Data'!$E$2:$E$9000,'Fat and Grease Data'!$B$2:$B$9000,'Monthly Prices'!$B20,'Fat and Grease Data'!$C$2:$C$9000,'Monthly Prices'!$C20) -> 8.38 | K20: =_xlfn.MINIFS('Fat and Grease Data'!$E$2:$E$9000,'Fat and Grease Data'!$B$2:$B$9000,'Monthly Prices'!$B20,'Fat and Grease Data'!$C$2:$C$9000,'Monthly Prices'!$C20) -> 7.5 | L20: =J20-I20 -> 0.38285714 | M20: =K20-I20 -> -0.49714286 | S20: =AVERAGEIFS('Fat and Grease Data'!G$2:G$9000,'Fat and Grease Data'!$B$2:$B$9000,'Monthly Prices'!$B20,'Fat and Grease Data'!$C$2:$C$9000,'Monthly Prices'!$C20) -> 7.6547619 | T20: =_xlfn.MAXIFS('Fat and Grease Data'!$G$2:$G$9000,'Fat and Grease Data'!$B$2:$B$9000,'Monthly Prices'!$B20,'Fat and Grease Data'!$C$2:$C$9000,'Monthly Prices'!$C20) -> 7.75 | U20: =_xlfn.MINIFS('Fat and Grease Data'!$G$2:$G$9000,'Fat and Grease Data'!$B$2:$B$9000,'Monthly Prices'!$B20,'Fat and Grease Data'!$C$2:$C$9000,'Monthly Prices'!$C20) -> 7.5 | V20: =T20-S20 -> 0.095238095 | W20: =U20-S20 -> -0.1547619 | X20: =AVERAGEIFS('Fat and Grease Data'!H$2:H$9000,'Fat and Grease Data'!$B$2:$B$9000,'Monthly Prices'!$B20,'Fat and Grease Data'!$C$2:$C$9000,'Monthly Prices'!$C20) -> 9.1071429 | Y20: =_xlfn.MAXIFS('Fat and Grease Data'!$H$2:$H$9000,'Fat and Grease Data'!$B$2:$B$9000,'Monthly Prices'!$B20,'Fat and Grease Data'!$C$2:$C$9000,'Monthly Prices'!$C20) -> 9.5 | Z20: =_xlfn.MINIFS('Fat and Grease Data'!$H$2:$H$9000,'Fat and Grease Data'!$B$2:$B$9000,'Monthly Prices'!$B20,'Fat and Grease Data'!$C$2:$C$9000,'Monthly Prices'!$C20) -> 9 | AA20: =Y20-X20 -> 0.39285714 | AB20: =Z20-X20 -> -0.10714286 | AC20: =AVERAGEIFS('Fat and Grease Data'!I$2:I$9000,'Fat and Grease Data'!$B$2:$B$9000,'Monthly Prices'!$B20,'Fat and Grease Data'!$C$2:$C$9000,'Monthly Prices'!$C20) -> 9.6010526 | AD20: =_xlfn.MAXIFS('Fat and Grease Data'!$I$2:$I$9000,'Fat and Grease Data'!$B$2:$B$9000,'Monthly Prices'!$B20,'Fat and Grease Data'!$C$2:$C$9000,'Monthly Prices'!$C20) -> 9.75 | AE20: =_xlfn.MINIFS('Fat and Grease Data'!$I$2:$I$9000,'Fat and Grease Data'!$B$2:$B$9000,'Monthly Prices'!$B20,'Fat and Grease Data'!$C$2:$C$9000,'Monthly Prices'!$C20) -> 9.5 | AF20: =AD20-AC20 -> 0.14894737 | AG20: =AE20-AC20 -> -0.10105263 | AM20: =AVERAGEIFS('Fat and Grease Data'!K$2:K$9000,'Fat and Grease Data'!$B$2:$B$9000,'Monthly Prices'!$B20,'Fat and Grease Data'!$C$2:$C$9000,'Monthly Prices'!$C20) -> 8.042381 | AN20: =_xlfn.MAXIFS('Fat and Grease Data'!$K$2:$K$9000,'Fat and Grease Data'!$B$2:$B$9000,'Monthly Prices'!$B20,'Fat and Grease Data'!$C$2:$C$9000,'Monthly Prices'!$C20) -> 8.5 | AO20: =_xlfn.MINIFS('Fat and Grease Data'!$K$2:$K$9000,'Fat and Grease Data'!$B$2:$B$9000,'Monthly Prices'!$B20,'Fat and Grease Data'!$C$2:$C$9000,'Monthly Prices'!$C20) -> 7.88 | AP20: =AN20-AM20 -> 0.45761905 | AQ20: =AO20-AM20 -> -0.16238095 | AR20: =AVERAGEIFS('Fat and Grease Data'!L$2:L$9000,'Fat and Grease Data'!$B$2:$B$9000,'Monthly Prices'!$B20,'Fat and Grease Data'!$C$2:$C$9000,'Monthly Prices'!$C20) -> 7.4342105 | AS20: =_xlfn.MAXIFS('Fat and Grease Data'!$L$2:$L$9000,'Fat and Grease Data'!$B$2:$B$9000,'Monthly Prices'!$B20,'Fat and Grease Data'!$C$2:$C$9000,'Monthly Prices'!$C20) -> 7.5 | AT20: =_xlfn.MINIFS('Fat and Grease Data'!$L$2:$L$9000,'Fat and Grease Data'!$B$2:$B$9000,'Monthly Prices'!$B20,'Fat and Grease Data'!$C$2:$C$9000,'Monthly Prices'!$C20) -> 7.25 | AU20: =AS20-AR20 -> 0.065789474 | AV20: =AT20-AR20 -> -0.18421053 | AW20: =AVERAGEIFS('Fat and Grease Data'!M$2:M$9000,'Fat and Grease Data'!$B$2:$B$9000,'Monthly Prices'!$B20,'Fat and Grease Data'!$C$2:$C$9000,'Monthly Prices'!$C20) -> 9.6184211 | AX20: =_xlfn.MAXIFS('Fat and Grease Data'!$M$2:$M$9000,'Fat and Grease Data'!$B$2:$B$9000,'Monthly Prices'!$B20,'Fat and Grease Data'!$C$2:$C$9000,'Monthly Prices'!$C20) -> 10.25 | AY20: =_xlfn.MINIFS('Fat and Grease Data'!$M$2:$M$9000,'Fat and Grease Data'!$B$2:$B$9000,'Monthly Prices'!$B20,'Fat and Grease Data'!$C$2:$C$9000,'Monthly Prices'!$C20) -> 9 | AZ20: =AX20-AW20 -> 0.63157895 | BA20: =AY20-AW20 -> -0.61842105 | BB20: =[2]Prices!$D372 -> 1.9268571 | BC20: =[2]Prices!$B372 -> 2.015 | BD20: =[2]Prices!$C372 -> 1.84 | BE20: =BC20-BB20 -> 0.088142857 | BF20: =BD20-BB20 -> -0.086857143
A21: 37073 | B21: =MONTH(A21) -> 7 | C21: =YEAR(A21) -> 2001 | D21: =AVERAGEIFS('Fat and Grease Data'!D$2:D$9000,'Fat and Grease Data'!$B$2:$B$9000,'Monthly Prices'!$B21,'Fat and Grease Data'!$C$2:$C$9000,'Monthly Prices'!$C21) -> 8.817619 | E21: =_xlfn.MAXIFS('Fat and Grease Data'!$D$2:$D$9000,'Fat and Grease Data'!$B$2:$B$9000,'Monthly Prices'!$B21,'Fat and Grease Data'!$C$2:$C$9000,'Monthly Prices'!$C21) -> 9.25 | F21: =_xlfn.MINIFS('Fat and Grease Data'!$D$2:$D$9000,'Fat and Grease Data'!$B$2:$B$9000,'Monthly Prices'!$B21,'Fat and Grease Data'!$C$2:$C$9000,'Monthly Prices'!$C21) -> 8.38 | G21: =E21-D21 -> 0.43238095 | H21: =F21-D21 -> -0.43761905 | I21: =AVERAGEIFS('Fat and Grease Data'!E$2:E$9000,'Fat and Grease Data'!$B$2:$B$9000,'Monthly Prices'!$B21,'Fat and Grease Data'!$C$2:$C$9000,'Monthly Prices'!$C21) -> 9.0190476 | J21: =_xlfn.MAXIFS('Fat and Grease Data'!$E$2:$E$9000,'Fat and Grease Data'!$B$2:$B$9000,'Monthly Prices'!$B21,'Fat and Grease Data'!$C$2:$C$9000,'Monthly Prices'!$C21) -> 9.75 | K21: =_xlfn.MINIFS('Fat and Grease Data'!$E$2:$E$9000,'Fat and Grease Data'!$B$2:$B$9000,'Monthly Prices'!$B21,'Fat and Grease Data'!$C$2:$C$9000,'Monthly Prices'!$C21) -> 8.44 | L21: =J21-I21 -> 0.73095238 | M21: =K21-I21 -> -0.57904762 | S21: =AVERAGEIFS('Fat and Grease Data'!G$2:G$9000,'Fat and Grease Data'!$B$2:$B$9000,'Monthly Prices'!$B21,'Fat and Grease Data'!$C$2:$C$9000,'Monthly Prices'!$C21) -> 8.6190476 | T21: =_xlfn.MAXIFS('Fat and Grease Data'!$G$2:$G$9000,'Fat and Grease Data'!$B$2:$B$9000,'Monthly Prices'!$B21,'Fat and Grease Data'!$C$2:$C$9000,'Monthly Prices'!$C21) -> 9 | U21: =_xlfn.MINIFS('Fat and Grease Data'!$G$2:$G$9000,'Fat and Grease Data'!$B$2:$B$9000,'Monthly Prices'!$B21,'Fat and Grease Data'!$C$2:$C$9000,'Monthly Prices'!$C21) -> 8 | V21: =T21-S21 -> 0.38095238 | W21: =U21-S21 -> -0.61904762 | X21: =AVERAGEIFS('Fat and Grease Data'!H$2:H$9000,'Fat and Grease Data'!$B$2:$B$9000,'Monthly Prices'!$B21,'Fat and Grease Data'!$C$2:$C$9000,'Monthly Prices'!$C21) -> 9.9166667 | Y21: =_xlfn.MAXIFS('Fat and Grease Data'!$H$2:$H$9000,'Fat and Grease Data'!$B$2:$B$9000,'Monthly Prices'!$B21,'Fat and Grease Data'!$C$2:$C$9000,'Monthly Prices'!$C21) -> 10.75 | Z21: =_xlfn.MINIFS('Fat and Grease Data'!$H$2:$H$9000,'Fat and Grease Data'!$B$2:$B$9000,'Monthly Prices'!$B21,'Fat and Grease Data'!$C$2:$C$9000,'Monthly Prices'!$C21) -> 9.5 | AA21: =Y21-X21 -> 0.83333333 | AB21: =Z21-X21 -> -0.41666667 | AC21: =AVERAGEIFS('Fat and Grease Data'!I$2:I$9000,'Fat and Grease Data'!$B$2:$B$9000,'Monthly Prices'!$B21,'Fat and Grease Data'!$C$2:$C$9000,'Monthly Prices'!$C21) -> 10.472381 | AD21: =_xlfn.MAXIFS('Fat and Grease Data'!$I$2:$I$9000,'Fat and Grease Data'!$B$2:$B$9000,'Monthly Prices'!$B21,'Fat and Grease Data'!$C$2:$C$9000,'Monthly Prices'!$C21) -> 12.25 | AE21: =_xlfn.MINIFS('Fat and Grease Data'!$I$2:$I$9000,'Fat and Grease Data'!$B$2:$B$9000,'Monthly Prices'!$B21,'Fat and Grease Data'!$C$2:$C$9000,'Monthly Prices'!$C21) -> 9.63 | AF21: =AD21-AC21 -> 1.777619 | AG21: =AE21-AC21 -> -0.84238095 | AM21: =AVERAGEIFS('Fat and Grease Data'!K$2:K$9000,'Fat and Grease Data'!$B$2:$B$9000,'Monthly Prices'!$B21,'Fat and Grease Data'!$C$2:$C$9000,'Monthly Prices'!$C21) -> 9.2042857 | AN21: =_xlfn.MAXIFS('Fat and Grease Data'!$K$2:$K$9000,'Fat and Grease Data'!$B$2:$B$9000,'Monthly Prices'!$B21,'Fat and Grease Data'!$C$2:$C$9000,'Monthly Prices'!$C21) -> 10.44 | AO21: =_xlfn.MINIFS('Fat and Grease Data'!$K$2:$K$9000,'Fat and Grease Data'!$B$2:$B$9000,'Monthly Prices'!$B21,'Fat and Grease Data'!$C$2:$C$9000,'Monthly Prices'!$C21) -> 8.5 | AP21: =AN21-AM21 -> 1.2357143 | AQ21: =AO21-AM21 -> -0.70428571 | AR21: =AVERAGEIFS('Fat and Grease Data'!L$2:L$9000,'Fat and Grease Data'!$B$2:$B$9000,'Monthly Prices'!$B21,'Fat and Grease Data'!$C$2:$C$9000,'Monthly Prices'!$C21) -> 8.4880952 | AS21: =_xlfn.MAXIFS('Fat and Grease Data'!$L$2:$L$9000,'Fat and Grease Data'!$B$2:$B$9000,'Monthly Prices'!$B21,'Fat and Grease Data'!$C$2:$C$9000,'Monthly Prices'!$C21) -> 9.25 | AT21: =_xlfn.MINIFS('Fat and Grease Data'!$L$2:$L$9000,'Fat and Grease Data'!$B$2:$B$9000,'Monthly Prices'!$B21,'Fat and Grease Data'!$C$2:$C$9000,'Monthly Prices'!$C21) -> 7.5 | AU21: =AS21-AR21 -> 0.76190476 | AV21: =AT21-AR21 -> -0.98809524 | AW21: =AVERAGEIFS('Fat and Grease Data'!M$2:M$9000,'Fat and Grease Data'!$B$2:$B$9000,'Monthly Prices'!$B21,'Fat and Grease Data'!$C$2:$C$9000,'Monthly Prices'!$C21) -> 10.690476 | AX21: =_xlfn.MAXIFS('Fat and Grease Data'!$M$2:$M$9000,'Fat and Grease Data'!$B$2:$B$9000,'Monthly Prices'!$B21,'Fat and Grease Data'!$C$2:$C$9000,'Monthly Prices'!$C21) -> 11 | AY21: =_xlfn.MINIFS('Fat and Grease Data'!$M$2:$M$9000,'Fat and Grease Data'!$B$2:$B$9000,'Monthly Prices'!$B21,'Fat and Grease Data'!$C$2:$C$9000,'Monthly Prices'!$C21) -> 10.25 | AZ21: =AX21-AW21 -> 0.30952381 | BA21: =AY21-AW21 -> -0.44047619 | BB21: =[2]Prices!$D373 -> 2.1551905 | BC21: =[2]Prices!$B373 -> 2.36 | BD21: =[2]Prices!$C373 -> 1.94 | BE21: =BC21-BB21 -> 0.20480952 | BF21: =BD21-BB21 -> -0.21519048
A22: 37104 | B22: =MONTH(A22) -> 8 | C22: =YEAR(A22) -> 2001 | D22: =AVERAGEIFS('Fat and Grease Data'!D$2:D$9000,'Fat and Grease Data'!$B$2:$B$9000,'Monthly Prices'!$B22,'Fat and Grease Data'!$C$2:$C$9000,'Monthly Prices'!$C22) -> 9.4708696 | E22: =_xlfn.MAXIFS('Fat and Grease Data'!$D$2:$D$9000,'Fat and Grease Data'!$B$2:$B$9000,'Monthly Prices'!$B22,'Fat and Grease Data'!$C$2:$C$9000,'Monthly Prices'!$C22) -> 9.88 | F22: =_xlfn.MINIFS('Fat and Grease Data'!$D$2:$D$9000,'Fat and Grease Data'!$B$2:$B$9000,'Monthly Prices'!$B22,'Fat and Grease Data'!$C$2:$C$9000,'Monthly Prices'!$C22) -> 9.25 | G22: =E22-D22 -> 0.40913043 | H22: =F22-D22 -> -0.22086957 | I22: =AVERAGEIFS('Fat and Grease Data'!E$2:E$9000,'Fat and Grease Data'!$B$2:$B$9000,'Monthly Prices'!$B22,'Fat and Grease Data'!$C$2:$C$9000,'Monthly Prices'!$C22) -> 9.5256522 | J22: =_xlfn.MAXIFS('Fat and Grease Data'!$E$2:$E$9000,'Fat and Grease Data'!$B$2:$B$9000,'Monthly Prices'!$B22,'Fat and Grease Data'!$C$2:$C$9000,'Monthly Prices'!$C22) -> 9.63 | K22: =_xlfn.MINIFS('Fat and Grease Data'!$E$2:$E$9000,'Fat and Grease Data'!$B$2:$B$9000,'Monthly Prices'!$B22,'Fat and Grease Data'!$C$2:$C$9000,'Monthly Prices'!$C22) -> 9.25 | L22: =J22-I22 -> 0.10434783 | M22: =K22-I22 -> -0.27565217 | S22: =AVERAGEIFS('Fat and Grease Data'!G$2:G$9000,'Fat and Grease Data'!$B$2:$B$9000,'Monthly Prices'!$B22,'Fat and Grease Data'!$C$2:$C$9000,'Monthly Prices'!$C22) -> 9.9130435 | T22: =_xlfn.MAXIFS('Fat and Grease Data'!$G$2:$G$9000,'Fat and Grease Data'!$B$2:$B$9000,'Monthly Prices'!$B22,'Fat and Grease Data'!$C$2:$C$9000,'Monthly Prices'!$C22) -> 10 | U22: =_xlfn.MINIFS('Fat and Grease Data'!$G$2:$G$9000,'Fat and Grease Data'!$B$2:$B$9000,'Monthly Prices'!$B22,'Fat and Grease Data'!$C$2:$C$9000,'Monthly Prices'!$C22) -> 9 | V22: =T22-S22 -> 0.086956522 | W22: =U22-S22 -> -0.91304348 | X22: =AVERAGEIFS('Fat and Grease Data'!H$2:H$9000,'Fat and Grease Data'!$B$2:$B$9000,'Monthly Prices'!$B22,'Fat and Grease Data'!$C$2:$C$9000,'Monthly Prices'!$C22) -> 10.75 | Y22: =_xlfn.MAXIFS('Fat and Grease Data'!$H$2:$H$9000,'Fat and Grease Data'!$B$2:$B$9000,'Monthly Prices'!$B22,'Fat and Grease Data'!$C$2:$C$9000,'Monthly Prices'!$C22) -> 10.75 | Z22: =_xlfn.MINIFS('Fat and Grease Data'!$H$2:$H$9000,'Fat and Grease Data'!$B$2:$B$9000,'Monthly Prices'!$B22,'Fat and Grease Data'!$C$2:$C$9000,'Monthly Prices'!$C22) -> 10.75 | AA22: =Y22-X22 -> 0 | AB22: =Z22-X22 -> 0 | AC22: =AVERAGEIFS('Fat and Grease Data'!I$2:I$9000,'Fat and Grease Data'!$B$2:$B$9000,'Monthly Prices'!$B22,'Fat and Grease Data'!$C$2:$C$9000,'Monthly Prices'!$C22) -> 12.413043 | AD22: =_xlfn.MAXIFS('Fat and Grease Data'!$I$2:$I$9000,'Fat and Grease Data'!$B$2:$B$9000,'Monthly Prices'!$B22,'Fat and Grease Data'!$C$2:$C$9000,'Monthly Prices'!$C22) -> 12.5 | AE22: =_xlfn.MINIFS('Fat and Grease Data'!$I$2:$I$9000,'Fat and Grease Data'!$B$2:$B$9000,'Monthly Prices'!$B22,'Fat and Grease Data'!$C$2:$C$9000,'Monthly Prices'!$C22) -> 12.25 | AF22: =AD22-AC22 -> 0.086956522 | AG22: =AE22-AC22 -> -0.16304348 | AM22: =AVERAGEIFS('Fat and Grease Data'!K$2:K$9000,'Fat and Grease Data'!$B$2:$B$9000,'Monthly Prices'!$B22,'Fat and Grease Data'!$C$2:$C$9000,'Monthly Prices'!$C22) -> 11.054348 | AN22: =_xlfn.MAXIFS('Fat and Grease Data'!$K$2:$K$9000,'Fat and Grease Data'!$B$2:$B$9000,'Monthly Prices'!$B22,'Fat and Grease Data'!$C$2:$C$9000,'Monthly Prices'!$C22) -> 11.25 | AO22: =_xlfn.MINIFS('Fat and Grease Data'!$K$2:$K$9000,'Fat and Grease Data'!$B$2:$B$9000,'Monthly Prices'!$B22,'Fat and Grease Data'!$C$2:$C$9000,'Monthly Prices'!$C22) -> 11 | AP22: =AN22-AM22 -> 0.19565217 | AQ22: =AO22-AM22 -> -0.054347826 | AR22: =AVERAGEIFS('Fat and Grease Data'!L$2:L$9000,'Fat and Grease Data'!$B$2:$B$9000,'Monthly Prices'!$B22,'Fat and Grease Data'!$C$2:$C$9000,'Monthly Prices'!$C22) -> 9.4891304 | AS22: =_xlfn.MAXIFS('Fat and Grease Data'!$L$2:$L$9000,'Fat and Grease Data'!$B$2:$B$9000,'Monthly Prices'!$B22,'Fat and Grease Data'!$C$2:$C$9000,'Monthly Prices'!$C22) -> 9.5 | AT22: =_xlfn.MINIFS('Fat and Grease Data'!$L$2:$L$9000,'Fat and Grease Data'!$B$2:$B$9000,'Monthly Prices'!$B22,'Fat and Grease Data'!$C$2:$C$9000,'Monthly Prices'!$C22) -> 9.25 | AU22: =AS22-AR22 -> 0.010869565 | AV22: =AT22-AR22 -> -0.23913043 | AW22: =AVERAGEIFS('Fat and Grease Data'!M$2:M$9000,'Fat and Grease Data'!$B$2:$B$9000,'Monthly Prices'!$B22,'Fat and Grease Data'!$C$2:$C$9000,'Monthly Prices'!$C22) -> 11.473478 | AX22: =_xlfn.MAXIFS('Fat and Grease Data'!$M$2:$M$9000,'Fat and Grease Data'!$B$2:$B$9000,'Monthly Prices'!$B22,'Fat and Grease Data'!$C$2:$C$9000,'Monthly Prices'!$C22) -> 11.75 | AY22: =_xlfn.MINIFS('Fat and Grease Data'!$M$2:$M$9000,'Fat and Grease Data'!$B$2:$B$9000,'Monthly Prices'!$B22,'Fat and Grease Data'!$C$2:$C$9000,'Monthly Prices'!$C22) -> 11 | AZ22: =AX22-AW22 -> 0.27652174 | BA22: =AY22-AW22 -> -0.47347826 | BB22: =[2]Prices!$D374 -> 2.1695217 | BC22: =[2]Prices!$B374 -> 2.255 | BD22: =[2]Prices!$C374 -> 2.087 | BE22: =BC22-BB22 -> 0.085478261 | BF22: =BD22-BB22 -> -0.082521739
A23: 37135 | B23: =MONTH(A23) -> 9 | C23: =YEAR(A23) -> 2001 | D23: =AVERAGEIFS('Fat and Grease Data'!D$2:D$9000,'Fat and Grease Data'!$B$2:$B$9000,'Monthly Prices'!$B23,'Fat and Grease Data'!$C$2:$C$9000,'Monthly Prices'!$C23) -> 10.772222 | E23: =_xlfn.MAXIFS('Fat and Grease Data'!$D$2:$D$9000,'Fat and Grease Data'!$B$2:$B$9000,'Monthly Prices'!$B23,'Fat and Grease Data'!$C$2:$C$9000,'Monthly Prices'!$C23) -> 11.75 | F23: =_xlfn.MINIFS('Fat and Grease Data'!$D$2:$D$9000,'Fat and Grease Data'!$B$2:$B$9000,'Monthly Prices'!$B23,'Fat and Grease Data'!$C$2:$C$9000,'Monthly Prices'!$C23) -> 9.88 | G23: =E23-D23 -> 0.97777778 | H23: =F23-D23 -> -0.89222222 | I23: =AVERAGEIFS('Fat and Grease Data'!E$2:E$9000,'Fat and Grease Data'!$B$2:$B$9000,'Monthly Prices'!$B23,'Fat and Grease Data'!$C$2:$C$9000,'Monthly Prices'!$C23) -> 10.602222 | J23: =_xlfn.MAXIFS('Fat and Grease Data'!$E$2:$E$9000,'Fat and Grease Data'!$B$2:$B$9000,'Monthly Prices'!$B23,'Fat and Grease Data'!$C$2:$C$9000,'Monthly Prices'!$C23) -> 11 | K23: =_xlfn.MINIFS('Fat and Grease Data'!$E$2:$E$9000,'Fat and Grease Data'!$B$2:$B$9000,'Monthly Prices'!$B23,'Fat and Grease Data'!$C$2:$C$9000,'Monthly Prices'!$C23) -> 9.63 | L23: =J23-I23 -> 0.39777778 | M23: =K23-I23 -> -0.97222222 | S23: =AVERAGEIFS('Fat and Grease Data'!G$2:G$9000,'Fat and Grease Data'!$B$2:$B$9000,'Monthly Prices'!$B23,'Fat and Grease Data'!$C$2:$C$9000,'Monthly Prices'!$C23) -> 9.5 | T23: =_xlfn.MAXIFS('Fat and Grease Data'!$G$2:$G$9000,'Fat and Grease Data'!$B$2:$B$9000,'Monthly Prices'!$B23,'Fat and Grease Data'!$C$2:$C$9000,'Monthly Prices'!$C23) -> 9.5 | U23: =_xlfn.MINIFS('Fat and Grease Data'!$G$2:$G$9000,'Fat and Grease Data'!$B$2:$B$9000,'Monthly Prices'!$B23,'Fat and Grease Data'!$C$2:$C$9000,'Monthly Prices'!$C23) -> 9.5 | V23: =T23-S23 -> 0 | W23: =U23-S23 -> 0 | X23: =AVERAGEIFS('Fat and Grease Data'!H$2:H$9000,'Fat and Grease Data'!$B$2:$B$9000,'Monthly Prices'!$B23,'Fat and Grease Data'!$C$2:$C$9000,'Monthly Prices'!$C23) -> 10.75 | Y23: =_xlfn.MAXIFS('Fat and Grease Data'!$H$2:$H$9000,'Fat and Grease Data'!$B$2:$B$9000,'Monthly Prices'!$B23,'Fat and Grease Data'!$C$2:$C$9000,'Monthly Prices'!$C23) -> 10.75 | Z23: =_xlfn.MINIFS('Fat and Grease Data'!$H$2:$H$9000,'Fat and Grease Data'!$B$2:$B$9000,'Monthly Prices'!$B23,'Fat and Grease Data'!$C$2:$C$9000,'Monthly Prices'!$C23) -> 10.75 | AA23: =Y23-X23 -> 0 | AB23: =Z23-X23 -> 0 | AC23: =AVERAGEIFS('Fat and Grease Data'!I$2:I$9000,'Fat and Grease Data'!$B$2:$B$9000,'Monthly Prices'!$B23,'Fat and Grease Data'!$C$2:$C$9000,'Monthly Prices'!$C23) -> 12.138889 | AD23: =_xlfn.MAXIFS('Fat and Grease Data'!$I$2:$I$9000,'Fat and Grease Data'!$B$2:$B$9000,'Monthly Prices'!$B23,'Fat and Grease Data'!$C$2:$C$9000,'Monthly Prices'!$C23) -> 12.25 | AE23: =_xlfn.MINIFS('Fat and Grease Data'!$I$2:$I$9000,'Fat and Grease Data'!$B$2:$B$9000,'Monthly Prices'!$B23,'Fat and Grease Data'!$C$2:$C$9000,'Monthly Prices'!$C23) -> 11.75 | AF23: =AD23-AC23 -> 0.11111111 | AG23: =AE23-AC23 -> -0.38888889 | AM23: =AVERAGEIFS('Fat and Grease Data'!K$2:K$9000,'Fat and Grease Data'!$B$2:$B$9000,'Monthly Prices'!$B23,'Fat and Grease Data'!$C$2:$C$9000,'Monthly Prices'!$C23) -> 10.942308 | AN23: =_xlfn.MAXIFS('Fat and Grease Data'!$K$2:$K$9000,'Fat and Grease Data'!$B$2:$B$9000,'Monthly Prices'!$B23,'Fat and Grease Data'!$C$2:$C$9000,'Monthly Prices'!$C23) -> 11.25 | AO23: =_xlfn.MINIFS('Fat and Grease Data'!$K$2:$K$9000,'Fat and Grease Data'!$B$2:$B$9000,'Monthly Prices'!$B23,'Fat and Grease Data'!$C$2:$C$9000,'Monthly Prices'!$C23) -> 10.25 | AP23: =AN23-AM23 -> 0.30769231 | AQ23: =AO23-AM23 -> -0.69230769 | AR23: =AVERAGEIFS('Fat and Grease Data'!L$2:L$9000,'Fat and Grease Data'!$B$2:$B$9000,'Monthly Prices'!$B23,'Fat and Grease Data'!$C$2:$C$9000,'Monthly Prices'!$C23) -> 9.5 | AS23: =_xlfn.MAXIFS('Fat and Grease Data'!$L$2:$L$9000,'Fat and Grease Data'!$B$2:$B$9000,'Monthly Prices'!$B23,'Fat and Grease Data'!$C$2:$C$9000,'Monthly Prices'!$C23) -> 9.5 | AT23: =_xlfn.MINIFS('Fat and Grease Data'!$L$2:$L$9000,'Fat and Grease Data'!$B$2:$B$9000,'Monthly Prices'!$B23,'Fat and Grease Data'!$C$2:$C$9000,'Monthly Prices'!$C23) -> 9.5 | AU23: =AS23-AR23 -> 0 | AV23: =AT23-AR23 -> 0 | AW23: =AVERAGEIFS('Fat and Grease Data'!M$2:M$9000,'Fat and Grease Data'!$B$2:$B$9000,'Monthly Prices'!$B23,'Fat and Grease Data'!$C$2:$C$9000,'Monthly Prices'!$C23) -> 11.403333 | AX23: =_xlfn.MAXIFS('Fat and Grease Data'!$M$2:$M$9000,'Fat and Grease Data'!$B$2:$B$9000,'Monthly Prices'!$B23,'Fat and Grease Data'!$C$2:$C$9000,'Monthly Prices'!$C23) -> 11.5 | AY23: =_xlfn.MINIFS('Fat and Grease Data'!$M$2:$M$9000,'Fat and Grease Data'!$B$2:$B$9000,'Monthly Prices'!$B23,'Fat and Grease Data'!$C$2:$C$9000,'Monthly Prices'!$C23) -> 10.88 | AZ23: =AX23-AW23 -> 0.096666667 | BA23: =AY23-AW23 -> -0.52333333 | BB23: =[2]Prices!$D375 -> 2.2166667 | BC23: =[2]Prices!$B375 -> 2.325 | BD23: =[2]Prices!$C375 -> 2.137 | BE23: =BC23-BB23 -> 0.10833333 | BF23: =BD23-BB23 -> -0.079666667
A24: 37165 | B24: =MONTH(A24) -> 10 | C24: =YEAR(A24) -> 2001 | D24: =AVERAGEIFS('Fat and Grease Data'!D$2:D$9000,'Fat and Grease Data'!$B$2:$B$9000,'Monthly Prices'!$B24,'Fat and Grease Data'!$C$2:$C$9000,'Monthly Prices'!$C24) -> 8.735 | E24: =_xlfn.MAXIFS('Fat and Grease Data'!$D$2:$D$9000,'Fat and Grease Data'!$B$2:$B$9000,'Monthly Prices'!$B24,'Fat and Grease Data'!$C$2:$C$9000,'Monthly Prices'!$C24) -> 10.63 | F24: =_xlfn.MINIFS('Fat and Grease Data'!$D$2:$D$9000,'Fat and Grease Data'!$B$2:$B$9000,'Monthly Prices'!$B24,'Fat and Grease Data'!$C$2:$C$9000,'Monthly Prices'!$C24) -> 8 | G24: =E24-D24 -> 1.895 | H24: =F24-D24 -> -0.735 | I24: =AVERAGEIFS('Fat and Grease Data'!E$2:E$9000,'Fat and Grease Data'!$B$2:$B$9000,'Monthly Prices'!$B24,'Fat and Grease Data'!$C$2:$C$9000,'Monthly Prices'!$C24) -> 8.715 | J24: =_xlfn.MAXIFS('Fat and Grease Data'!$E$2:$E$9000,'Fat and Grease Data'!$B$2:$B$9000,'Monthly Prices'!$B24,'Fat and Grease Data'!$C$2:$C$9000,'Monthly Prices'!$C24) -> 10.25 | K24: =_xlfn.MINIFS('Fat and Grease Data'!$E$2:$E$9000,'Fat and Grease Data'!$B$2:$B$9000,'Monthly Prices'!$B24,'Fat and Grease Data'!$C$2:$C$9000,'Monthly Prices'!$C24) -> 7.94 | L24: =J24-I24 -> 1.535 | M24: =K24-I24 -> -0.775 | S24: =AVERAGEIFS('Fat and Grease Data'!G$2:G$9000,'Fat and Grease Data'!$B$2:$B$9000,'Monthly Prices'!$B24,'Fat and Grease Data'!$C$2:$C$9000,'Monthly Prices'!$C24) -> 9.1363636 | T24: =_xlfn.MAXIFS('Fat and Grease Data'!$G$2:$G$9000,'Fat and Grease Data'!$B$2:$B$9000,'Monthly Prices'!$B24,'Fat and Grease Data'!$C$2:$C$9000,'Monthly Prices'!$C24) -> 9.5 | U24: =_xlfn.MINIFS('Fat and Grease Data'!$G$2:$G$9000,'Fat and Grease Data'!$B$2:$B$9000,'Monthly Prices'!$B24,'Fat and Grease Data'!$C$2:$C$9000,'Monthly Prices'!$C24) -> 9 | V24: =T24-S24 -> 0.36363636 | W24: =U24-S24 -> -0.13636364 | X24: =AVERAGEIFS('Fat and Grease Data'!H$2:H$9000,'Fat and Grease Data'!$B$2:$B$9000,'Monthly Prices'!$B24,'Fat and Grease Data'!$C$2:$C$9000,'Monthly Prices'!$C24) -> 10.625 | Y24: =_xlfn.MAXIFS('Fat and Grease Data'!$H$2:$H$9000,'Fat and Grease Data'!$B$2:$B$9000,'Monthly Prices'!$B24,'Fat and Grease Data'!$C$2:$C$9000,'Monthly Prices'!$C24) -> 10.75 | Z24: =_xlfn.MINIFS('Fat and Grease Data'!$H$2:$H$9000,'Fat and Grease Data'!$B$2:$B$9000,'Monthly Prices'!$B24,'Fat and Grease Data'!$C$2:$C$9000,'Monthly Prices'!$C24) -> 10.5 | AA24: =Y24-X24 -> 0.125 | AB24: =Z24-X24 -> -0.125 | AC24: =AVERAGEIFS('Fat and Grease Data'!I$2:I$9000,'Fat and Grease Data'!$B$2:$B$9000,'Monthly Prices'!$B24,'Fat and Grease Data'!$C$2:$C$9000,'Monthly Prices'!$C24) -> 10.097273 | AD24: =_xlfn.MAXIFS('Fat and Grease Data'!$I$2:$I$9000,'Fat and Grease Data'!$B$2:$B$9000,'Monthly Prices'!$B24,'Fat and Grease Data'!$C$2:$C$9000,'Monthly Prices'!$C24) -> 11.75 | AE24: =_xlfn.MINIFS('Fat and Grease Data'!$I$2:$I$9000,'Fat and Grease Data'!$B$2:$B$9000,'Monthly Prices'!$B24,'Fat and Grease Data'!$C$2:$C$9000,'Monthly Prices'!$C24) -> 9.63 | AF24: =AD24-AC24 -> 1.6527273 | AG24: =AE24-AC24 -> -0.46727273 | AM24: =AVERAGEIFS('Fat and Grease Data'!K$2:K$9000,'Fat and Grease Data'!$B$2:$B$9000,'Monthly Prices'!$B24,'Fat and Grease Data'!$C$2:$C$9000,'Monthly Prices'!$C24) -> 8.9318182 | AN24: =_xlfn.MAXIFS('Fat and Grease Data'!$K$2:$K$9000,'Fat and Grease Data'!$B$2:$B$9000,'Monthly Prices'!$B24,'Fat and Grease Data'!$C$2:$C$9000,'Monthly Prices'!$C24) -> 10.25 | AO24: =_xlfn.MINIFS('Fat and Grease Data'!$K$2:$K$9000,'Fat and Grease Data'!$B$2:$B$9000,'Monthly Prices'!$B24,'Fat and Grease Data'!$C$2:$C$9000,'Monthly Prices'!$C24) -> 8.25 | AP24: =AN24-AM24 -> 1.3181818 | AQ24: =AO24-AM24 -> -0.68181818 | AR24: =AVERAGEIFS('Fat and Grease Data'!L$2:L$9000,'Fat and Grease Data'!$B$2:$B$9000,'Monthly Prices'!$B24,'Fat and Grease Data'!$C$2:$C$9000,'Monthly Prices'!$C24) -> 9.1704545 | AS24: =_xlfn.MAXIFS('Fat and Grease Data'!$L$2:$L$9000,'Fat and Grease Data'!$B$2:$B$9000,'Monthly Prices'!$B24,'Fat and Grease Data'!$C$2:$C$9000,'Monthly Prices'!$C24) -> 9.5 | AT24: =_xlfn.MINIFS('Fat and Grease Data'!$L$2:$L$9000,'Fat and Grease Data'!$B$2:$B$9000,'Monthly Prices'!$B24,'Fat and Grease Data'!$C$2:$C$9000,'Monthly Prices'!$C24) -> 9 | AU24: =AS24-AR24 -> 0.32954545 | AV24: =AT24-AR24 -> -0.17045455 | AW24: =AVERAGEIFS('Fat and Grease Data'!M$2:M$9000,'Fat and Grease Data'!$B$2:$B$9000,'Monthly Prices'!$B24,'Fat and Grease Data'!$C$2:$C$9000,'Monthly Prices'!$C24) -> 10.177273 | AX24: =_xlfn.MAXIFS('Fat and Grease Data'!$M$2:$M$9000,'Fat and Grease Data'!$B$2:$B$9000,'Monthly Prices'!$B24,'Fat and Grease Data'!$C$2:$C$9000,'Monthly Prices'!$C24) -> 10.88 | AY24: =_xlfn.MINIFS('Fat and Grease Data'!$M$2:$M$9000,'Fat and Grease Data'!$B$2:$B$9000,'Monthly Prices'!$B24,'Fat and Grease Data'!$C$2:$C$9000,'Monthly Prices'!$C24) -> 9.5 | AZ24: =AX24-AW24 -> 0.70272727 | BA24: =AY24-AW24 -> -0.67727273 | BB24: =[2]Prices!$D376 -> 2.0841304 | BC24: =[2]Prices!$B376 -> 2.167 | BD24: =[2]Prices!$C376 -> 2.02 | BE24: =BC24-BB24 -> 0.082869565 | BF24: =BD24-BB24 -> -0.064130435
A25: 37196 | B25: =MONTH(A25) -> 11 | C25: =YEAR(A25) -> 2001 | D25: =AVERAGEIFS('Fat and Grease Data'!D$2:D$9000,'Fat and Grease Data'!$B$2:$B$9000,'Monthly Prices'!$B25,'Fat and Grease Data'!$C$2:$C$9000,'Monthly Prices'!$C25) -> 7.5419048 | E25: =_xlfn.MAXIFS('Fat and Grease Data'!$D$2:$D$9000,'Fat and Grease Data'!$B$2:$B$9000,'Monthly Prices'!$B25,'Fat and Grease Data'!$C$2:$C$9000,'Monthly Prices'!$C25) -> 8 | F25: =_xlfn.MINIFS('Fat and Grease Data'!$D$2:$D$9000,'Fat and Grease Data'!$B$2:$B$9000,'Monthly Prices'!$B25,'Fat and Grease Data'!$C$2:$C$9000,'Monthly Prices'!$C25) -> 7.25 | G25: =E25-D25 -> 0.45809524 | H25: =F25-D25 -> -0.29190476 | I25: =AVERAGEIFS('Fat and Grease Data'!E$2:E$9000,'Fat and Grease Data'!$B$2:$B$9000,'Monthly Prices'!$B25,'Fat and Grease Data'!$C$2:$C$9000,'Monthly Prices'!$C25) -> 7.6361905 | J25: =_xlfn.MAXIFS('Fat and Grease Data'!$E$2:$E$9000,'Fat and Grease Data'!$B$2:$B$9000,'Monthly Prices'!$B25,'Fat and Grease Data'!$C$2:$C$9000,'Monthly Prices'!$C25) -> 7.94 | K25: =_xlfn.MINIFS('Fat and Grease Data'!$E$2:$E$9000,'Fat and Grease Data'!$B$2:$B$9000,'Monthly Prices'!$B25,'Fat and Grease Data'!$C$2:$C$9000,'Monthly Prices'!$C25) -> 7.44 | L25: =J25-I25 -> 0.30380952 | M25: =K25-I25 -> -0.19619048 | S25: =AVERAGEIFS('Fat and Grease Data'!G$2:G$9000,'Fat and Grease Data'!$B$2:$B$9000,'Monthly Prices'!$B25,'Fat and Grease Data'!$C$2:$C$9000,'Monthly Prices'!$C25) -> 8.2380952 | T25: =_xlfn.MAXIFS('Fat and Grease Data'!$G$2:$G$9000,'Fat and Grease Data'!$B$2:$B$9000,'Monthly Prices'!$B25,'Fat and Grease Data'!$C$2:$C$9000,'Monthly Prices'!$C25) -> 9 | U25: =_xlfn.MINIFS('Fat and Grease Data'!$G$2:$G$9000,'Fat and Grease Data'!$B$2:$B$9000,'Monthly Prices'!$B25,'Fat and Grease Data'!$C$2:$C$9000,'Monthly Prices'!$C25) -> 8 | V25: =T25-S25 -> 0.76190476 | W25: =U25-S25 -> -0.23809524 | X25: =AVERAGEIFS('Fat and Grease Data'!H$2:H$9000,'Fat and Grease Data'!$B$2:$B$9000,'Monthly Prices'!$B25,'Fat and Grease Data'!$C$2:$C$9000,'Monthly Prices'!$C25) -> 10.464286 | Y25: =_xlfn.MAXIFS('Fat and Grease Data'!$H$2:$H$9000,'Fat and Grease Data'!$B$2:$B$9000,'Monthly Prices'!$B25,'Fat and Grease Data'!$C$2:$C$9000,'Monthly Prices'!$C25) -> 10.5 | Z25: =_xlfn.MINIFS('Fat and Grease Data'!$H$2:$H$9000,'Fat and Grease Data'!$B$2:$B$9000,'Monthly Prices'!$B25,'Fat and Grease Data'!$C$2:$C$9000,'Monthly Prices'!$C25) -> 10.25 | AA25: =Y25-X25 -> 0.035714286 | AB25: =Z25-X25 -> -0.21428571 | AC25: =AVERAGEIFS('Fat and Grease Data'!I$2:I$9000,'Fat and Grease Data'!$B$2:$B$9000,'Monthly Prices'!$B25,'Fat and Grease Data'!$C$2:$C$9000,'Monthly Prices'!$C25) -> 8.8942857 | AD25: =_xlfn.MAXIFS('Fat and Grease Data'!$I$2:$I$9000,'Fat and Grease Data'!$B$2:$B$9000,'Monthly Prices'!$B25,'Fat and Grease Data'!$C$2:$C$9000,'Monthly Prices'!$C25) -> 9.63 | AE25: =_xlfn.MINIFS('Fat and Grease Data'!$I$2:$I$9000,'Fat and Grease Data'!$B$2:$B$9000,'Monthly Prices'!$B25,'Fat and Grease Data'!$C$2:$C$9000,'Monthly Prices'!$C25) -> 8.5 | AF25: =AD25-AC25 -> 0.73571429 | AG25: =AE25-AC25 -> -0.39428571 | AM25: =AVERAGEIFS('Fat and Grease Data'!K$2:K$9000,'Fat and Grease Data'!$B$2:$B$9000,'Monthly Prices'!$B25,'Fat and Grease Data'!$C$2:$C$9000,'Monthly Prices'!$C25) -> 8.1142857 | AN25: =_xlfn.MAXIFS('Fat and Grease Data'!$K$2:$K$9000,'Fat and Grease Data'!$B$2:$B$9000,'Monthly Prices'!$B25,'Fat and Grease Data'!$C$2:$C$9000,'Monthly Prices'!$C25) -> 9 | AO25: =_xlfn.MINIFS('Fat and Grease Data'!$K$2:$K$9000,'Fat and Grease Data'!$B$2:$B$9000,'Monthly Prices'!$B25,'Fat and Grease Data'!$C$2:$C$9000,'Monthly Prices'!$C25) -> 8 | AP25: =AN25-AM25 -> 0.88571429 | AQ25: =AO25-AM25 -> -0.11428571 | AR25: =AVERAGEIFS('Fat and Grease Data'!L$2:L$9000,'Fat and Grease Data'!$B$2:$B$9000,'Monthly Prices'!$B25,'Fat and Grease Data'!$C$2:$C$9000,'Monthly Prices'!$C25) -> 8.5952381 | AS25: =_xlfn.MAXIFS('Fat and Grease Data'!$L$2:$L$9000,'Fat and Grease Data'!$B$2:$B$9000,'Monthly Prices'!$B25,'Fat and Grease Data'!$C$2:$C$9000,'Monthly Prices'!$C25) -> 9 | AT25: =_xlfn.MINIFS('Fat and Grease Data'!$L$2:$L$9000,'Fat and Grease Data'!$B$2:$B$9000,'Monthly Prices'!$B25,'Fat and Grease Data'!$C$2:$C$9000,'Monthly Prices'!$C25) -> 8.5 | AU25: =AS25-AR25 -> 0.4047619 | AV25: =AT25-AR25 -> -0.095238095 | AW25: =AVERAGEIFS('Fat and Grease Data'!M$2:M$9000,'Fat and Grease Data'!$B$2:$B$9000,'Monthly Prices'!$B25,'Fat and Grease Data'!$C$2:$C$9000,'Monthly Prices'!$C25) -> 9.5 | AX25: =_xlfn.MAXIFS('Fat and Grease Data'!$M$2:$M$9000,'Fat and Grease Data'!$B$2:$B$9000,'Monthly Prices'!$B25,'Fat and Grease Data'!$C$2:$C$9000,'Monthly Prices'!$C25) -> 9.5 | AY25: =_xlfn.MINIFS('Fat and Grease Data'!$M$2:$M$9000,'Fat and Grease Data'!$B$2:$B$9000,'Monthly Prices'!$B25,'Fat and Grease Data'!$C$2:$C$9000,'Monthly Prices'!$C25) -> 9.5 | AZ25: =AX25-AW25 -> 0 | BA25: =AY25-AW25 -> 0 | BB25: =[2]Prices!$D377 -> 2.0487619 | BC25: =[2]Prices!$B377 -> 2.1 | BD25: =[2]Prices!$C377 -> 1.982 | BE25: =BC25-BB25 -> 0.051238095 | BF25: =BD25-BB25 -> -0.066761905
A26: 37226 | B26: =MONTH(A26) -> 12 | C26: =YEAR(A26) -> 2001 | D26: =AVERAGEIFS('Fat and Grease Data'!D$2:D$9000,'Fat and Grease Data'!$B$2:$B$9000,'Monthly Prices'!$B26,'Fat and Grease Data'!$C$2:$C$9000,'Monthly Prices'!$C26) -> 8.2105263 | E26: =_xlfn.MAXIFS('Fat and Grease Data'!$D$2:$D$9000,'Fat and Grease Data'!$B$2:$B$9000,'Monthly Prices'!$B26,'Fat and Grease Data'!$C$2:$C$9000,'Monthly Prices'!$C26) -> 8.5 | F26: =_xlfn.MINIFS('Fat and Grease Data'!$D$2:$D$9000,'Fat and Grease Data'!$B$2:$B$9000,'Monthly Prices'!$B26,'Fat and Grease Data'!$C$2:$C$9000,'Monthly Prices'!$C26) -> 7.5 | G26: =E26-D26 -> 0.28947368 | H26: =F26-D26 -> -0.71052632 | I26: =AVERAGEIFS('Fat and Grease Data'!E$2:E$9000,'Fat and Grease Data'!$B$2:$B$9000,'Monthly Prices'!$B26,'Fat and Grease Data'!$C$2:$C$9000,'Monthly Prices'!$C26) -> 8.3036842 | J26: =_xlfn.MAXIFS('Fat and Grease Data'!$E$2:$E$9000,'Fat and Grease Data'!$B$2:$B$9000,'Monthly Prices'!$B26,'Fat and Grease Data'!$C$2:$C$9000,'Monthly Prices'!$C26) -> 8.75 | K26: =_xlfn.MINIFS('Fat and Grease Data'!$E$2:$E$9000,'Fat and Grease Data'!$B$2:$B$9000,'Monthly Prices'!$B26,'Fat and Grease Data'!$C$2:$C$9000,'Monthly Prices'!$C26) -> 7.75 | L26: =J26-I26 -> 0.44631579 | M26: =K26-I26 -> -0.55368421 | S26: =AVERAGEIFS('Fat and Grease Data'!G$2:G$9000,'Fat and Grease Data'!$B$2:$B$9000,'Monthly Prices'!$B26,'Fat and Grease Data'!$C$2:$C$9000,'Monthly Prices'!$C26) -> 8.5 | T26: =_xlfn.MAXIFS('Fat and Grease Data'!$G$2:$G$9000,'Fat and Grease Data'!$B$2:$B$9000,'Monthly Prices'!$B26,'Fat and Grease Data'!$C$2:$C$9000,'Monthly Prices'!$C26) -> 8.5 | U26: =_xlfn.MINIFS('Fat and Grease Data'!$G$2:$G$9000,'Fat and Grease Data'!$B$2:$B$9000,'Monthly Prices'!$B26,'Fat and Grease Data'!$C$2:$C$9000,'Monthly Prices'!$C26) -> 8.5 | V26: =T26-S26 -> 0 | W26: =U26-S26 -> 0 | X26: =AVERAGEIFS('Fat and Grease Data'!H$2:H$9000,'Fat and Grease Data'!$B$2:$B$9000,'Monthly Prices'!$B26,'Fat and Grease Data'!$C$2:$C$9000,'Monthly Prices'!$C26) -> 10.5 | Y26: =_xlfn.MAXIFS('Fat and Grease Data'!$H$2:$H$9000,'Fat and Grease Data'!$B$2:$B$9000,'Monthly Prices'!$B26,'Fat and Grease Data'!$C$2:$C$9000,'Monthly Prices'!$C26) -> 10.5 | Z26: =_xlfn.MINIFS('Fat and Grease Data'!$H$2:$H$9000,'Fat and Grease Data'!$B$2:$B$9000,'Monthly Prices'!$B26,'Fat and Grease Data'!$C$2:$C$9000,'Monthly Prices'!$C26) -> 10.5 | AA26: =Y26-X26 -> 0 | AB26: =Z26-X26 -> 0 | AC26: =AVERAGEIFS('Fat and Grease Data'!I$2:I$9000,'Fat and Grease Data'!$B$2:$B$9000,'Monthly Prices'!$B26,'Fat and Grease Data'!$C$2:$C$9000,'Monthly Prices'!$C26) -> 9.5773684 | AD26: =_xlfn.MAXIFS('Fat and Grease Data'!$I$2:$I$9000,'Fat and Grease Data'!$B$2:$B$9000,'Monthly Prices'!$B26,'Fat and Grease Data'!$C$2:$C$9000,'Monthly Prices'!$C26) -> 10.13 | AE26: =_xlfn.MINIFS('Fat and Grease Data'!$I$2:$I$9000,'Fat and Grease Data'!$B$2:$B$9000,'Monthly Prices'!$B26,'Fat and Grease Data'!$C$2:$C$9000,'Monthly Prices'!$C26) -> 8.88 | AF26: =AD26-AC26 -> 0.55263158 | AG26: =AE26-AC26 -> -0.69736842 | AM26: =AVERAGEIFS('Fat and Grease Data'!K$2:K$9000,'Fat and Grease Data'!$B$2:$B$9000,'Monthly Prices'!$B26,'Fat and Grease Data'!$C$2:$C$9000,'Monthly Prices'!$C26) -> 8.9805263 | AN26: =_xlfn.MAXIFS('Fat and Grease Data'!$K$2:$K$9000,'Fat and Grease Data'!$B$2:$B$9000,'Monthly Prices'!$B26,'Fat and Grease Data'!$C$2:$C$9000,'Monthly Prices'!$C26) -> 9 | AO26: =_xlfn.MINIFS('Fat and Grease Data'!$K$2:$K$9000,'Fat and Grease Data'!$B$2:$B$9000,'Monthly Prices'!$B26,'Fat and Grease Data'!$C$2:$C$9000,'Monthly Prices'!$C26) -> 8.63 | AP26: =AN26-AM26 -> 0.019473684 | AQ26: =AO26-AM26 -> -0.35052632 | AR26: =AVERAGEIFS('Fat and Grease Data'!L$2:L$9000,'Fat and Grease Data'!$B$2:$B$9000,'Monthly Prices'!$B26,'Fat and Grease Data'!$C$2:$C$9000,'Monthly Prices'!$C26) -> 8.6136842 | AS26: =_xlfn.MAXIFS('Fat and Grease Data'!$L$2:$L$9000,'Fat and Grease Data'!$B$2:$B$9000,'Monthly Prices'!$B26,'Fat and Grease Data'!$C$2:$C$9000,'Monthly Prices'!$C26) -> 8.75 | AT26: =_xlfn.MINIFS('Fat and Grease Data'!$L$2:$L$9000,'Fat and Grease Data'!$B$2:$B$9000,'Monthly Prices'!$B26,'Fat and Grease Data'!$C$2:$C$9000,'Monthly Prices'!$C26) -> 8.5 | AU26: =AS26-AR26 -> 0.13631579 | AV26: =AT26-AR26 -> -0.11368421 | AW26: =AVERAGEIFS('Fat and Grease Data'!M$2:M$9000,'Fat and Grease Data'!$B$2:$B$9000,'Monthly Prices'!$B26,'Fat and Grease Data'!$C$2:$C$9000,'Monthly Prices'!$C26) -> 9.5 | AX26: =_xlfn.MAXIFS('Fat and Grease Data'!$M$2:$M$9000,'Fat and Grease Data'!$B$2:$B$9000,'Monthly Prices'!$B26,'Fat and Grease Data'!$C$2:$C$9000,'Monthly Prices'!$C26) -> 9.5 | AY26: =_xlfn.MINIFS('Fat and Grease Data'!$M$2:$M$9000,'Fat and Grease Data'!$B$2:$B$9000,'Monthly Prices'!$B26,'Fat and Grease Data'!$C$2:$C$9000,'Monthly Prices'!$C26) -> 9.5 | AZ26: =AX26-AW26 -> 0 | BA26: =AY26-AW26 -> 0 | BB26: =[2]Prices!$D378 -> 2.1523158 | BC26: =[2]Prices!$B378 -> 2.23 | BD26: =[2]Prices!$C378 -> 2.08 | BE26: =BC26-BB26 -> 0.077684211 | BF26: =BD26-BB26 -> -0.072315789
A27: 37257 | B27: =MONTH(A27) -> 1 | C27: =YEAR(A27) -> 2002 | D27: =AVERAGEIFS('Fat and Grease Data'!D$2:D$9000,'Fat and Grease Data'!$B$2:$B$9000,'Monthly Prices'!$B27,'Fat and Grease Data'!$C$2:$C$9000,'Monthly Prices'!$C27) -> 7.56 | E27: =_xlfn.MAXIFS('Fat and Grease Data'!$D$2:$D$9000,'Fat and Grease Data'!$B$2:$B$9000,'Monthly Prices'!$B27,'Fat and Grease Data'!$C$2:$C$9000,'Monthly Prices'!$C27) -> 8.5 | F27: =_xlfn.MINIFS('Fat and Grease Data'!$D$2:$D$9000,'Fat and Grease Data'!$B$2:$B$9000,'Monthly Prices'!$B27,'Fat and Grease Data'!$C$2:$C$9000,'Monthly Prices'!$C27) -> 7.13 | G27: =E27-D27 -> 0.94 | H27: =F27-D27 -> -0.43 | I27: =AVERAGEIFS('Fat and Grease Data'!E$2:E$9000,'Fat and Grease Data'!$B$2:$B$9000,'Monthly Prices'!$B27,'Fat and Grease Data'!$C$2:$C$9000,'Monthly Prices'!$C27) -> 7.5722727 | J27: =_xlfn.MAXIFS('Fat and Grease Data'!$E$2:$E$9000,'Fat and Grease Data'!$B$2:$B$9000,'Monthly Prices'!$B27,'Fat and Grease Data'!$C$2:$C$9000,'Monthly Prices'!$C27) -> 8.31 | K27: =_xlfn.MINIFS('Fat and Grease Data'!$E$2:$E$9000,'Fat and Grease Data'!$B$2:$B$9000,'Monthly Prices'!$B27,'Fat and Grease Data'!$C$2:$C$9000,'Monthly Prices'!$C27) -> 6.94 | L27: =J27-I27 -> 0.73772727 | M27: =K27-I27 -> -0.63227273 | S27: =AVERAGEIFS('Fat and Grease Data'!G$2:G$9000,'Fat and Grease Data'!$B$2:$B$9000,'Monthly Prices'!$B27,'Fat and Grease Data'!$C$2:$C$9000,'Monthly Prices'!$C27) -> 8.3845455 | T27: =_xlfn.MAXIFS('Fat and Grease Data'!$G$2:$G$9000,'Fat and Grease Data'!$B$2:$B$9000,'Monthly Prices'!$B27,'Fat and Grease Data'!$C$2:$C$9000,'Monthly Prices'!$C27) -> 8.5 | U27: =_xlfn.MINIFS('Fat and Grease Data'!$G$2:$G$9000,'Fat and Grease Data'!$B$2:$B$9000,'Monthly Prices'!$B27,'Fat and Grease Data'!$C$2:$C$9000,'Monthly Prices'!$C27) -> 8.13 | V27: =T27-S27 -> 0.11545455 | W27: =U27-S27 -> -0.25454545 | X27: =AVERAGEIFS('Fat and Grease Data'!H$2:H$9000,'Fat and Grease Data'!$B$2:$B$9000,'Monthly Prices'!$B27,'Fat and Grease Data'!$C$2:$C$9000,'Monthly Prices'!$C27) -> 10.5 | Y27: =_xlfn.MAXIFS('Fat and Grease Data'!$H$2:$H$9000,'Fat and Grease Data'!$B$2:$B$9000,'Monthly Prices'!$B27,'Fat and Grease Data'!$C$2:$C$9000,'Monthly Prices'!$C27) -> 10.5 | Z27: =_xlfn.MINIFS('Fat and Grease Data'!$H$2:$H$9000,'Fat and Grease Data'!$B$2:$B$9000,'Monthly Prices'!$B27,'Fat and Grease Data'!$C$2:$C$9000,'Monthly Prices'!$C27) -> 10.5 | AA27: =Y27-X27 -> 0 | AB27: =Z27-X27 -> 0 | AC27: =AVERAGEIFS('Fat and Grease Data'!I$2:I$9000,'Fat and Grease Data'!$B$2:$B$9000,'Monthly Prices'!$B27,'Fat and Grease Data'!$C$2:$C$9000,'Monthly Prices'!$C27) -> 9.8277273 | AD27: =_xlfn.MAXIFS('Fat and Grease Data'!$I$2:$I$9000,'Fat and Grease Data'!$B$2:$B$9000,'Monthly Prices'!$B27,'Fat and Grease Data'!$C$2:$C$9000,'Monthly Prices'!$C27) -> 10.13 | AE27: =_xlfn.MINIFS('Fat and Grease Data'!$I$2:$I$9000,'Fat and Grease Data'!$B$2:$B$9000,'Monthly Prices'!$B27,'Fat and Grease Data'!$C$2:$C$9000,'Monthly Prices'!$C27) -> 9.38 | AF27: =AD27-AC27 -> 0.30227273 | AG27: =AE27-AC27 -> -0.44772727 | AM27: =AVERAGEIFS('Fat and Grease Data'!K$2:K$9000,'Fat and Grease Data'!$B$2:$B$9000,'Monthly Prices'!$B27,'Fat and Grease Data'!$C$2:$C$9000,'Monthly Prices'!$C27) -> 8.3586364 | AN27: =_xlfn.MAXIFS('Fat and Grease Data'!$K$2:$K$9000,'Fat and Grease Data'!$B$2:$B$9000,'Monthly Prices'!$B27,'Fat and Grease Data'!$C$2:$C$9000,'Monthly Prices'!$C27) -> 8.63 | AO27: =_xlfn.MINIFS('Fat and Grease Data'!$K$2:$K$9000,'Fat and Grease Data'!$B$2:$B$9000,'Monthly Prices'!$B27,'Fat and Grease Data'!$C$2:$C$9000,'Monthly Prices'!$C27) -> 8.25 | AP27: =AN27-AM27 -> 0.27136364 | AQ27: =AO27-AM27 -> -0.10863636 | AR27: =AVERAGEIFS('Fat and Grease Data'!L$2:L$9000,'Fat and Grease Data'!$B$2:$B$9000,'Monthly Prices'!$B27,'Fat and Grease Data'!$C$2:$C$9000,'Monthly Prices'!$C27) -> 8.5295455 | AS27: =_xlfn.MAXIFS('Fat and Grease Data'!$L$2:$L$9000,'Fat and Grease Data'!$B$2:$B$9000,'Monthly Prices'!$B27,'Fat and Grease Data'!$C$2:$C$9000,'Monthly Prices'!$C27) -> 8.63 | AT27: =_xlfn.MINIFS('Fat and Grease Data'!$L$2:$L$9000,'Fat and Grease Data'!$B$2:$B$9000,'Monthly Prices'!$B27,'Fat and Grease Data'!$C$2:$C$9000,'Monthly Prices'!$C27) -> 8.5 | AU27: =AS27-AR27 -> 0.10045455 | AV27: =AT27-AR27 -> -0.029545455 | AW27: =AVERAGEIFS('Fat and Grease Data'!M$2:M$9000,'Fat and Grease Data'!$B$2:$B$9000,'Monthly Prices'!$B27,'Fat and Grease Data'!$C$2:$C$9000,'Monthly Prices'!$C27) -> 9.5952381 | AX27: =_xlfn.MAXIFS('Fat and Grease Data'!$M$2:$M$9000,'Fat and Grease Data'!$B$2:$B$9000,'Monthly Prices'!$B27,'Fat and Grease Data'!$C$2:$C$9000,'Monthly Prices'!$C27) -> 10 | AY27: =_xlfn.MINIFS('Fat and Grease Data'!$M$2:$M$9000,'Fat and Grease Data'!$B$2:$B$9000,'Monthly Prices'!$B27,'Fat and Grease Data'!$C$2:$C$9000,'Monthly Prices'!$C27) -> 9.5 | AZ27: =AX27-AW27 -> 0.4047619 | BA27: =AY27-AW27 -> -0.095238095 | BB27: =[2]Prices!$D379 -> 2.1000476 | BC27: =[2]Prices!$B379 -> 2.162 | BD27: =[2]Prices!$C379 -> 2.052 | BE27: =BC27-BB27 -> 0.061952381 | BF27: =BD27-BB27 -> -0.048047619
A28: 37288 | B28: =MONTH(A28) -> 2 | C28: =YEAR(A28) -> 2002 | D28: =AVERAGEIFS('Fat and Grease Data'!D$2:D$9000,'Fat and Grease Data'!$B$2:$B$9000,'Monthly Prices'!$B28,'Fat and Grease Data'!$C$2:$C$9000,'Monthly Prices'!$C28) -> 7.1878947 | E28: =_xlfn.MAXIFS('Fat and Grease Data'!$D$2:$D$9000,'Fat and Grease Data'!$B$2:$B$9000,'Monthly Prices'!$B28,'Fat and Grease Data'!$C$2:$C$9000,'Monthly Prices'!$C28) -> 7.38 | F28: =_xlfn.MINIFS('Fat and Grease Data'!$D$2:$D$9000,'Fat and Grease Data'!$B$2:$B$9000,'Monthly Prices'!$B28,'Fat and Grease Data'!$C$2:$C$9000,'Monthly Prices'!$C28) -> 7.13 | G28: =E28-D28 -> 0.19210526 | H28: =F28-D28 -> -0.057894737 | I28: =AVERAGEIFS('Fat and Grease Data'!E$2:E$9000,'Fat and Grease Data'!$B$2:$B$9000,'Monthly Prices'!$B28,'Fat and Grease Data'!$C$2:$C$9000,'Monthly Prices'!$C28) -> 7.0626316 | J28: =_xlfn.MAXIFS('Fat and Grease Data'!$E$2:$E$9000,'Fat and Grease Data'!$B$2:$B$9000,'Monthly Prices'!$B28,'Fat and Grease Data'!$C$2:$C$9000,'Monthly Prices'!$C28) -> 7.13 | K28: =_xlfn.MINIFS('Fat and Grease Data'!$E$2:$E$9000,'Fat and Grease Data'!$B$2:$B$9000,'Monthly Prices'!$B28,'Fat and Grease Data'!$C$2:$C$9000,'Monthly Prices'!$C28) -> 6.94 | L28: =J28-I28 -> 0.067368421 | M28: =K28-I28 -> -0.12263158 | S28: =AVERAGEIFS('Fat and Grease Data'!G$2:G$9000,'Fat and Grease Data'!$B$2:$B$9000,'Monthly Prices'!$B28,'Fat and Grease Data'!$C$2:$C$9000,'Monthly Prices'!$C28) -> 8.13 | T28: =_xlfn.MAXIFS('Fat and Grease Data'!$G$2:$G$9000,'Fat and Grease Data'!$B$2:$B$9000,'Monthly Prices'!$B28,'Fat and Grease Data'!$C$2:$C$9000,'Monthly Prices'!$C28) -> 8.13 | U28: =_xlfn.MINIFS('Fat and Grease Data'!$G$2:$G$9000,'Fat and Grease Data'!$B$2:$B$9000,'Monthly Prices'!$B28,'Fat and Grease Data'!$C$2:$C$9000,'Monthly Prices'!$C28) -> 8.13 | V28: =T28-S28 -> 0 | W28: =U28-S28 -> 0 | X28: =AVERAGEIFS('Fat and Grease Data'!H$2:H$9000,'Fat and Grease Data'!$B$2:$B$9000,'Monthly Prices'!$B28,'Fat and Grease Data'!$C$2:$C$9000,'Monthly Prices'!$C28) -> 10.5 | Y28: =_xlfn.MAXIFS('Fat and Grease Data'!$H$2:$H$9000,'Fat and Grease Data'!$B$2:$B$9000,'Monthly Prices'!$B28,'Fat and Grease Data'!$C$2:$C$9000,'Monthly Prices'!$C28) -> 10.5 | Z28: =_xlfn.MINIFS('Fat and Grease Data'!$H$2:$H$9000,'Fat and Grease Data'!$B$2:$B$9000,'Monthly Prices'!$B28,'Fat and Grease Data'!$C$2:$C$9000,'Monthly Prices'!$C28) -> 10.5 | AA28: =Y28-X28 -> 0 | AB28: =Z28-X28 -> 0 | AC28: =AVERAGEIFS('Fat and Grease Data'!I$2:I$9000,'Fat and Grease Data'!$B$2:$B$9000,'Monthly Prices'!$B28,'Fat and Grease Data'!$C$2:$C$9000,'Monthly Prices'!$C28) -> 9.2763158 | AD28: =_xlfn.MAXIFS('Fat and Grease Data'!$I$2:$I$9000,'Fat and Grease Data'!$B$2:$B$9000,'Monthly Prices'!$B28,'Fat and Grease Data'!$C$2:$C$9000,'Monthly Prices'!$C28) -> 9.5 | AE28: =_xlfn.MINIFS('Fat and Grease Data'!$I$2:$I$9000,'Fat and Grease Data'!$B$2:$B$9000,'Monthly Prices'!$B28,'Fat and Grease Data'!$C$2:$C$9000,'Monthly Prices'!$C28) -> 9.25 | AF28: =AD28-AC28 -> 0.22368421 | AG28: =AE28-AC28 -> -0.026315789 | AM28: =AVERAGEIFS('Fat and Grease Data'!K$2:K$9000,'Fat and Grease Data'!$B$2:$B$9000,'Monthly Prices'!$B28,'Fat and Grease Data'!$C$2:$C$9000,'Monthly Prices'!$C28) -> 8.25 | AN28: =_xlfn.MAXIFS('Fat and Grease Data'!$K$2:$K$9000,'Fat and Grease Data'!$B$2:$B$9000,'Monthly Prices'!$B28,'Fat and Grease Data'!$C$2:$C$9000,'Monthly Prices'!$C28) -> 8.25 | AO28: =_xlfn.MINIFS('Fat and Grease Data'!$K$2:$K$9000,'Fat and Grease Data'!$B$2:$B$9000,'Monthly Prices'!$B28,'Fat and Grease Data'!$C$2:$C$9000,'Monthly Prices'!$C28) -> 8.25 | AP28: =AN28-AM28 -> 0 | AQ28: =AO28-AM28 -> 0 | AR28: =AVERAGEIFS('Fat and Grease Data'!L$2:L$9000,'Fat and Grease Data'!$B$2:$B$9000,'Monthly Prices'!$B28,'Fat and Grease Data'!$C$2:$C$9000,'Monthly Prices'!$C28) -> 8.5 | AS28: =_xlfn.MAXIFS('Fat and Grease Data'!$L$2:$L$9000,'Fat and Grease Data'!$B$2:$B$9000,'Monthly Prices'!$B28,'Fat and Grease Data'!$C$2:$C$9000,'Monthly Prices'!$C28) -> 8.5 | AT28: =_xlfn.MINIFS('Fat and Grease Data'!$L$2:$L$9000,'Fat and Grease Data'!$B$2:$B$9000,'Monthly Prices'!$B28,'Fat and Grease Data'!$C$2:$C$9000,'Monthly Prices'!$C28) -> 8.5 | AU28: =AS28-AR28 -> 0 | AV28: =AT28-AR28 -> 0 | AW28: =AVERAGEIFS('Fat and Grease Data'!M$2:M$9000,'Fat and Grease Data'!$B$2:$B$9000,'Monthly Prices'!$B28,'Fat and Grease Data'!$C$2:$C$9000,'Monthly Prices'!$C28) -> 8.8752632 | AX28: =_xlfn.MAXIFS('Fat and Grease Data'!$M$2:$M$9000,'Fat and Grease Data'!$B$2:$B$9000,'Monthly Prices'!$B28,'Fat and Grease Data'!$C$2:$C$9000,'Monthly Prices'!$C28) -> 9.5 | AY28: =_xlfn.MINIFS('Fat and Grease Data'!$M$2:$M$9000,'Fat and Grease Data'!$B$2:$B$9000,'Monthly Prices'!$B28,'Fat and Grease Data'!$C$2:$C$9000,'Monthly Prices'!$C28) -> 8.75 | AZ28: =AX28-AW28 -> 0.62473684 | BA28: =AY28-AW28 -> -0.12526316 | BB28: =[2]Prices!$D380 -> 2.0455789 | BC28: =[2]Prices!$B380 -> 2.097 | BD28: =[2]Prices!$C380 -> 1.985 | BE28: =BC28-BB28 -> 0.051421053 | BF28: =BD28-BB28 -> -0.060578947
A29: 37316 | B29: =MONTH(A29) -> 3 | C29: =YEAR(A29) -> 2002 | D29: =AVERAGEIFS('Fat and Grease Data'!D$2:D$9000,'Fat and Grease Data'!$B$2:$B$9000,'Monthly Prices'!$B29,'Fat and Grease Data'!$C$2:$C$9000,'Monthly Prices'!$C29) -> 7.827 | E29: =_xlfn.MAXIFS('Fat and Grease Data'!$D$2:$D$9000,'Fat and Grease Data'!$B$2:$B$9000,'Monthly Prices'!$B29,'Fat and Grease Data'!$C$2:$C$9000,'Monthly Prices'!$C29) -> 8.13 | F29: =_xlfn.MINIFS('Fat and Grease Data'!$D$2:$D$9000,'Fat and Grease Data'!$B$2:$B$9000,'Monthly Prices'!$B29,'Fat and Grease Data'!$C$2:$C$9000,'Monthly Prices'!$C29) -> 7.38 | G29: =E29-D29 -> 0.303 | H29: =F29-D29 -> -0.447 | I29: =AVERAGEIFS('Fat and Grease Data'!E$2:E$9000,'Fat and Grease Data'!$B$2:$B$9000,'Monthly Prices'!$B29,'Fat and Grease Data'!$C$2:$C$9000,'Monthly Prices'!$C29) -> 7.797 | J29: =_xlfn.MAXIFS('Fat and Grease Data'!$E$2:$E$9000,'Fat and Grease Data'!$B$2:$B$9000,'Monthly Prices'!$B29,'Fat and Grease Data'!$C$2:$C$9000,'Monthly Prices'!$C29) -> 8.38 | K29: =_xlfn.MINIFS('Fat and Grease Data'!$E$2:$E$9000,'Fat and Grease Data'!$B$2:$B$9000,'Monthly Prices'!$B29,'Fat and Grease Data'!$C$2:$C$9000,'Monthly Prices'!$C29) -> 7.13 | L29: =J29-I29 -> 0.583 | M29: =K29-I29 -> -0.667 | S29: =AVERAGEIFS('Fat and Grease Data'!G$2:G$9000,'Fat and Grease Data'!$B$2:$B$9000,'Monthly Prices'!$B29,'Fat and Grease Data'!$C$2:$C$9000,'Monthly Prices'!$C29) -> 8.232 | T29: =_xlfn.MAXIFS('Fat and Grease Data'!$G$2:$G$9000,'Fat and Grease Data'!$B$2:$B$9000,'Monthly Prices'!$B29,'Fat and Grease Data'!$C$2:$C$9000,'Monthly Prices'!$C29) -> 8.25 | U29: =_xlfn.MINIFS('Fat and Grease Data'!$G$2:$G$9000,'Fat and Grease Data'!$B$2:$B$9000,'Monthly Prices'!$B29,'Fat and Grease Data'!$C$2:$C$9000,'Monthly Prices'!$C29) -> 8.13 | V29: =T29-S29 -> 0.018 | W29: =U29-S29 -> -0.102 | X29: =AVERAGEIFS('Fat and Grease Data'!H$2:H$9000,'Fat and Grease Data'!$B$2:$B$9000,'Monthly Prices'!$B29,'Fat and Grease Data'!$C$2:$C$9000,'Monthly Prices'!$C29) -> 10.5 | Y29: =_xlfn.MAXIFS('Fat and Grease Data'!$H$2:$H$9000,'Fat and Grease Data'!$B$2:$B$9000,'Monthly Prices'!$B29,'Fat and Grease Data'!$C$2:$C$9000,'Monthly Prices'!$C29) -> 10.5 | Z29: =_xlfn.MINIFS('Fat and Grease Data'!$H$2:$H$9000,'Fat and Grease Data'!$B$2:$B$9000,'Monthly Prices'!$B29,'Fat and Grease Data'!$C$2:$C$9000,'Monthly Prices'!$C29) -> 10.5 | AA29: =Y29-X29 -> 0 | AB29: =Z29-X29 -> 0 | AC29: =AVERAGEIFS('Fat and Grease Data'!I$2:I$9000,'Fat and Grease Data'!$B$2:$B$9000,'Monthly Prices'!$B29,'Fat and Grease Data'!$C$2:$C$9000,'Monthly Prices'!$C29) -> 9.3575 | AD29: =_xlfn.MAXIFS('Fat and Grease Data'!$I$2:$I$9000,'Fat and Grease Data'!$B$2:$B$9000,'Monthly Prices'!$B29,'Fat and Grease Data'!$C$2:$C$9000,'Monthly Prices'!$C29) -> 9.5 | AE29: =_xlfn.MINIFS('Fat and Grease Data'!$I$2:$I$9000,'Fat and Grease Data'!$B$2:$B$9000,'Monthly Prices'!$B29,'Fat and Grease Data'!$C$2:$C$9000,'Monthly Prices'!$C29) -> 9.25 | AF29: =AD29-AC29 -> 0.1425 | AG29: =AE29-AC29 -> -0.1075 | AM29: =AVERAGEIFS('Fat and Grease Data'!K$2:K$9000,'Fat and Grease Data'!$B$2:$B$9000,'Monthly Prices'!$B29,'Fat and Grease Data'!$C$2:$C$9000,'Monthly Prices'!$C29) -> 8.184 | AN29: =_xlfn.MAXIFS('Fat and Grease Data'!$K$2:$K$9000,'Fat and Grease Data'!$B$2:$B$9000,'Monthly Prices'!$B29,'Fat and Grease Data'!$C$2:$C$9000,'Monthly Prices'!$C29) -> 8.25 | AO29: =_xlfn.MINIFS('Fat and Grease Data'!$K$2:$K$9000,'Fat and Grease Data'!$B$2:$B$9000,'Monthly Prices'!$B29,'Fat and Grease Data'!$C$2:$C$9000,'Monthly Prices'!$C29) -> 8.13 | AP29: =AN29-AM29 -> 0.066 | AQ29: =AO29-AM29 -> -0.054 | AR29: =AVERAGEIFS('Fat and Grease Data'!L$2:L$9000,'Fat and Grease Data'!$B$2:$B$9000,'Monthly Prices'!$B29,'Fat and Grease Data'!$C$2:$C$9000,'Monthly Prices'!$C29) -> 8.5 | AS29: =_xlfn.MAXIFS('Fat and Grease Data'!$L$2:$L$9000,'Fat and Grease Data'!$B$2:$B$9000,'Monthly Prices'!$B29,'Fat and Grease Data'!$C$2:$C$9000,'Monthly Prices'!$C29) -> 8.5 | AT29: =_xlfn.MINIFS('Fat and Grease Data'!$L$2:$L$9000,'Fat and Grease Data'!$B$2:$B$9000,'Monthly Prices'!$B29,'Fat and Grease Data'!$C$2:$C$9000,'Monthly Prices'!$C29) -> 8.5 | AU29: =AS29-AR29 -> 0 | AV29: =AT29-AR29 -> 0 | AW29: =AVERAGEIFS('Fat and Grease Data'!M$2:M$9000,'Fat and Grease Data'!$B$2:$B$9000,'Monthly Prices'!$B29,'Fat and Grease Data'!$C$2:$C$9000,'Monthly Prices'!$C29) -> 9.279 | AX29: =_xlfn.MAXIFS('Fat and Grease Data'!$M$2:$M$9000,'Fat and Grease Data'!$B$2:$B$9000,'Monthly Prices'!$B29,'Fat and Grease Data'!$C$2:$C$9000,'Monthly Prices'!$C29) -> 9.75 | AY29: =_xlfn.MINIFS('Fat and Grease Data'!$M$2:$M$9000,'Fat and Grease Data'!$B$2:$B$9000,'Monthly Prices'!$B29,'Fat and Grease Data'!$C$2:$C$9000,'Monthly Prices'!$C29) -> 8.88 | AZ29: =AX29-AW29 -> 0.471 | BA29: =AY29-AW29 -> -0.399 | BB29: =[2]Prices!$D381 -> 2.06795 | BC29: =[2]Prices!$B381 -> 2.122 | BD29: =[2]Prices!$C381 -> 2.017 | BE29: =BC29-BB29 -> 0.05405 | BF29: =BD29-BB29 -> -0.05095
A30: 37347 | B30: =MONTH(A30) -> 4 | C30: =YEAR(A30) -> 2002 | D30: =AVERAGEIFS('Fat and Grease Data'!D$2:D$9000,'Fat and Grease Data'!$B$2:$B$9000,'Monthly Prices'!$B30,'Fat and Grease Data'!$C$2:$C$9000,'Monthly Prices'!$C30) -> 7.6995455 | E30: =_xlfn.MAXIFS('Fat and Grease Data'!$D$2:$D$9000,'Fat and Grease Data'!$B$2:$B$9000,'Monthly Prices'!$B30,'Fat and Grease Data'!$C$2:$C$9000,'Monthly Prices'!$C30) -> 8.13 | F30: =_xlfn.MINIFS('Fat and Grease Data'!$D$2:$D$9000,'Fat and Grease Data'!$B$2:$B$9000,'Monthly Prices'!$B30,'Fat and Grease Data'!$C$2:$C$9000,'Monthly Prices'!$C30) -> 7.5 | G30: =E30-D30 -> 0.43045455 | H30: =F30-D30 -> -0.19954545 | I30: =AVERAGEIFS('Fat and Grease Data'!E$2:E$9000,'Fat and Grease Data'!$B$2:$B$9000,'Monthly Prices'!$B30,'Fat and Grease Data'!$C$2:$C$9000,'Monthly Prices'!$C30) -> 7.6981818 | J30: =_xlfn.MAXIFS('Fat and Grease Data'!$E$2:$E$9000,'Fat and Grease Data'!$B$2:$B$9000,'Monthly Prices'!$B30,'Fat and Grease Data'!$C$2:$C$9000,'Monthly Prices'!$C30) -> 8.25 | K30: =_xlfn.MINIFS('Fat and Grease Data'!$E$2:$E$9000,'Fat and Grease Data'!$B$2:$B$9000,'Monthly Prices'!$B30,'Fat and Grease Data'!$C$2:$C$9000,'Monthly Prices'!$C30) -> 7.38 | L30: =J30-I30 -> 0.55181818 | M30: =K30-I30 -> -0.31818182 | S30: =AVERAGEIFS('Fat and Grease Data'!G$2:G$9000,'Fat and Grease Data'!$B$2:$B$9000,'Monthly Prices'!$B30,'Fat and Grease Data'!$C$2:$C$9000,'Monthly Prices'!$C30) -> 8.25 | T30: =_xlfn.MAXIFS('Fat and Grease Data'!$G$2:$G$9000,'Fat and Grease Data'!$B$2:$B$9000,'Monthly Prices'!$B30,'Fat and Grease Data'!$C$2:$C$9000,'Monthly Prices'!$C30) -> 8.25 | U30: =_xlfn.MINIFS('Fat and Grease Data'!$G$2:$G$9000,'Fat and Grease Data'!$B$2:$B$9000,'Monthly Prices'!$B30,'Fat and Grease Data'!$C$2:$C$9000,'Monthly Prices'!$C30) -> 8.25 | V30: =T30-S30 -> 0 | W30: =U30-S30 -> 0 | X30: =AVERAGEIFS('Fat and Grease Data'!H$2:H$9000,'Fat and Grease Data'!$B$2:$B$9000,'Monthly Prices'!$B30,'Fat and Grease Data'!$C$2:$C$9000,'Monthly Prices'!$C30) -> 10.477273 | Y30: =_xlfn.MAXIFS('Fat and Grease Data'!$H$2:$H$9000,'Fat and Grease Data'!$B$2:$B$9000,'Monthly Prices'!$B30,'Fat and Grease Data'!$C$2:$C$9000,'Monthly Prices'!$C30) -> 10.5 | Z30: =_xlfn.MINIFS('Fat and Grease Data'!$H$2:$H$9000,'Fat and Grease Data'!$B$2:$B$9000,'Monthly Prices'!$B30,'Fat and Grease Data'!$C$2:$C$9000,'Monthly Prices'!$C30) -> 10 | AA30: =Y30-X30 -> 0.022727273 | AB30: =Z30-X30 -> -0.47727273 | AC30: =AVERAGEIFS('Fat and Grease Data'!I$2:I$9000,'Fat and Grease Data'!$B$2:$B$9000,'Monthly Prices'!$B30,'Fat and Grease Data'!$C$2:$C$9000,'Monthly Prices'!$C30) -> 9.3545455 | AD30: =_xlfn.MAXIFS('Fat and Grease Data'!$I$2:$I$9000,'Fat and Grease Data'!$B$2:$B$9000,'Monthly Prices'!$B30,'Fat and Grease Data'!$C$2:$C$9000,'Monthly Prices'!$C30) -> 9.5 | AE30: =_xlfn.MINIFS('Fat and Grease Data'!$I$2:$I$9000,'Fat and Grease Data'!$B$2:$B$9000,'Monthly Prices'!$B30,'Fat and Grease Data'!$C$2:$C$9000,'Monthly Prices'!$C30) -> 9.25 | AF30: =AD30-AC30 -> 0.14545455 | AG30: =AE30-AC30 -> -0.10454545 | AM30: =AVERAGEIFS('Fat and Grease Data'!K$2:K$9000,'Fat and Grease Data'!$B$2:$B$9000,'Monthly Prices'!$B30,'Fat and Grease Data'!$C$2:$C$9000,'Monthly Prices'!$C30) -> 7.8204545 | AN30: =_xlfn.MAXIFS('Fat and Grease Data'!$K$2:$K$9000,'Fat and Grease Data'!$B$2:$B$9000,'Monthly Prices'!$B30,'Fat and Grease Data'!$C$2:$C$9000,'Monthly Prices'!$C30) -> 8.13 | AO30: =_xlfn.MINIFS('Fat and Grease Data'!$K$2:$K$9000,'Fat and Grease Data'!$B$2:$B$9000,'Monthly Prices'!$B30,'Fat and Grease Data'!$C$2:$C$9000,'Monthly Prices'!$C30) -> 7.25 | AP30: =AN30-AM30 -> 0.30954545 | AQ30: =AO30-AM30 -> -0.57045455 | AR30: =AVERAGEIFS('Fat and Grease Data'!L$2:L$9000,'Fat and Grease Data'!$B$2:$B$9000,'Monthly Prices'!$B30,'Fat and Grease Data'!$C$2:$C$9000,'Monthly Prices'!$C30) -> 8.3636364 | AS30: =_xlfn.MAXIFS('Fat and Grease Data'!$L$2:$L$9000,'Fat and Grease Data'!$B$2:$B$9000,'Monthly Prices'!$B30,'Fat and Grease Data'!$C$2:$C$9000,'Monthly Prices'!$C30) -> 8.5 | AT30: =_xlfn.MINIFS('Fat and Grease Data'!$L$2:$L$9000,'Fat and Grease Data'!$B$2:$B$9000,'Monthly Prices'!$B30,'Fat and Grease Data'!$C$2:$C$9000,'Monthly Prices'!$C30) -> 8.25 | AU30: =AS30-AR30 -> 0.13636364 | AV30: =AT30-AR30 -> -0.11363636 | AW30: =AVERAGEIFS('Fat and Grease Data'!M$2:M$9000,'Fat and Grease Data'!$B$2:$B$9000,'Monthly Prices'!$B30,'Fat and Grease Data'!$C$2:$C$9000,'Monthly Prices'!$C30) -> 9.5022727 | AX30: =_xlfn.MAXIFS('Fat and Grease Data'!$M$2:$M$9000,'Fat and Grease Data'!$B$2:$B$9000,'Monthly Prices'!$B30,'Fat and Grease Data'!$C$2:$C$9000,'Monthly Prices'!$C30) -> 9.75 | AY30: =_xlfn.MINIFS('Fat and Grease Data'!$M$2:$M$9000,'Fat and Grease Data'!$B$2:$B$9000,'Monthly Prices'!$B30,'Fat and Grease Data'!$C$2:$C$9000,'Monthly Prices'!$C30) -> 9.25 | AZ30: =AX30-AW30 -> 0.24772727 | BA30: =AY30-AW30 -> -0.25227273 | BB30: =[2]Prices!$D382 -> 1.9874091 | BC30: =[2]Prices!$B382 -> 2.05 | BD30: =[2]Prices!$C382 -> 1.922 | BE30: =BC30-BB30 -> 0.062590909 | BF30: =BD30-BB30 -> -0.065409091
A31: 37377 | B31: =MONTH(A31) -> 5 | C31: =YEAR(A31) -> 2002 | D31: =AVERAGEIFS('Fat and Grease Data'!D$2:D$9000,'Fat and Grease Data'!$B$2:$B$9000,'Monthly Prices'!$B31,'Fat and Grease Data'!$C$2:$C$9000,'Monthly Prices'!$C31) -> 7.3768182 | E31: =_xlfn.MAXIFS('Fat and Grease Data'!$D$2:$D$9000,'Fat and Grease Data'!$B$2:$B$9000,'Monthly Prices'!$B31,'Fat and Grease Data'!$C$2:$C$9000,'Monthly Prices'!$C31) -> 8 | F31: =_xlfn.MINIFS('Fat and Grease Data'!$D$2:$D$9000,'Fat and Grease Data'!$B$2:$B$9000,'Monthly Prices'!$B31,'Fat and Grease Data'!$C$2:$C$9000,'Monthly Prices'!$C31) -> 7.13 | G31: =E31-D31 -> 0.62318182 | H31: =F31-D31 -> -0.24681818 | I31: =AVERAGEIFS('Fat and Grease Data'!E$2:E$9000,'Fat and Grease Data'!$B$2:$B$9000,'Monthly Prices'!$B31,'Fat and Grease Data'!$C$2:$C$9000,'Monthly Prices'!$C31) -> 7.48 | J31: =_xlfn.MAXIFS('Fat and Grease Data'!$E$2:$E$9000,'Fat and Grease Data'!$B$2:$B$9000,'Monthly Prices'!$B31,'Fat and Grease Data'!$C$2:$C$9000,'Monthly Prices'!$C31) -> 8.25 | K31: =_xlfn.MINIFS('Fat and Grease Data'!$E$2:$E$9000,'Fat and Grease Data'!$B$2:$B$9000,'Monthly Prices'!$B31,'Fat and Grease Data'!$C$2:$C$9000,'Monthly Prices'!$C31) -> 6.88 | L31: =J31-I31 -> 0.77 | M31: =K31-I31 -> -0.6 | S31: =AVERAGEIFS('Fat and Grease Data'!G$2:G$9000,'Fat and Grease Data'!$B$2:$B$9000,'Monthly Prices'!$B31,'Fat and Grease Data'!$C$2:$C$9000,'Monthly Prices'!$C31) -> 8.25 | T31: =_xlfn.MAXIFS('Fat and Grease Data'!$G$2:$G$9000,'Fat and Grease Data'!$B$2:$B$9000,'Monthly Prices'!$B31,'Fat and Grease Data'!$C$2:$C$9000,'Monthly Prices'!$C31) -> 8.25 | U31: =_xlfn.MINIFS('Fat and Grease Data'!$G$2:$G$9000,'Fat and Grease Data'!$B$2:$B$9000,'Monthly Prices'!$B31,'Fat and Grease Data'!$C$2:$C$9000,'Monthly Prices'!$C31) -> 8.25 | V31: =T31-S31 -> 0 | W31: =U31-S31 -> 0 | X31: =AVERAGEIFS('Fat and Grease Data'!H$2:H$9000,'Fat and Grease Data'!$B$2:$B$9000,'Monthly Prices'!$B31,'Fat and Grease Data'!$C$2:$C$9000,'Monthly Prices'!$C31) -> 9.9945455 | Y31: =_xlfn.MAXIFS('Fat and Grease Data'!$H$2:$H$9000,'Fat and Grease Data'!$B$2:$B$9000,'Monthly Prices'!$B31,'Fat and Grease Data'!$C$2:$C$9000,'Monthly Prices'!$C31) -> 10 | Z31: =_xlfn.MINIFS('Fat and Grease Data'!$H$2:$H$9000,'Fat and Grease Data'!$B$2:$B$9000,'Monthly Prices'!$B31,'Fat and Grease Data'!$C$2:$C$9000,'Monthly Prices'!$C31) -> 9.88 | AA31: =Y31-X31 -> 0.0054545455 | AB31: =Z31-X31 -> -0.11454545 | AC31: =AVERAGEIFS('Fat and Grease Data'!I$2:I$9000,'Fat and Grease Data'!$B$2:$B$9000,'Monthly Prices'!$B31,'Fat and Grease Data'!$C$2:$C$9000,'Monthly Prices'!$C31) -> 8.8536364 | AD31: =_xlfn.MAXIFS('Fat and Grease Data'!$I$2:$I$9000,'Fat and Grease Data'!$B$2:$B$9000,'Monthly Prices'!$B31,'Fat and Grease Data'!$C$2:$C$9000,'Monthly Prices'!$C31) -> 9.25 | AE31: =_xlfn.MINIFS('Fat and Grease Data'!$I$2:$I$9000,'Fat and Grease Data'!$B$2:$B$9000,'Monthly Prices'!$B31,'Fat and Grease Data'!$C$2:$C$9000,'Monthly Prices'!$C31) -> 8.5 | AF31: =AD31-AC31 -> 0.39636364 | AG31: =AE31-AC31 -> -0.35363636 | AM31: =AVERAGEIFS('Fat and Grease Data'!K$2:K$9000,'Fat and Grease Data'!$B$2:$B$9000,'Monthly Prices'!$B31,'Fat and Grease Data'!$C$2:$C$9000,'Monthly Prices'!$C31) -> 7.2540909 | AN31: =_xlfn.MAXIFS('Fat and Grease Data'!$K$2:$K$9000,'Fat and Grease Data'!$B$2:$B$9000,'Monthly Prices'!$B31,'Fat and Grease Data'!$C$2:$C$9000,'Monthly Prices'!$C31) -> 8 | AO31: =_xlfn.MINIFS('Fat and Grease Data'!$K$2:$K$9000,'Fat and Grease Data'!$B$2:$B$9000,'Monthly Prices'!$B31,'Fat and Grease Data'!$C$2:$C$9000,'Monthly Prices'!$C31) -> 7.13 | AP31: =AN31-AM31 -> 0.74590909 | AQ31: =AO31-AM31 -> -0.12409091 | AR31: =AVERAGEIFS('Fat and Grease Data'!L$2:L$9000,'Fat and Grease Data'!$B$2:$B$9000,'Monthly Prices'!$B31,'Fat and Grease Data'!$C$2:$C$9000,'Monthly Prices'!$C31) -> 8.0295455 | AS31: =_xlfn.MAXIFS('Fat and Grease Data'!$L$2:$L$9000,'Fat and Grease Data'!$B$2:$B$9000,'Monthly Prices'!$B31,'Fat and Grease Data'!$C$2:$C$9000,'Monthly Prices'!$C31) -> 8.13 | AT31: =_xlfn.MINIFS('Fat and Grease Data'!$L$2:$L$9000,'Fat and Grease Data'!$B$2:$B$9000,'Monthly Prices'!$B31,'Fat and Grease Data'!$C$2:$C$9000,'Monthly Prices'!$C31) -> 8 | AU31: =AS31-AR31 -> 0.10045455 | AV31: =AT31-AR31 -> -0.029545455 | AW31: =AVERAGEIFS('Fat and Grease Data'!M$2:M$9000,'Fat and Grease Data'!$B$2:$B$9000,'Monthly Prices'!$B31,'Fat and Grease Data'!$C$2:$C$9000,'Monthly Prices'!$C31) -> 9.0881818 | AX31: =_xlfn.MAXIFS('Fat and Grease Data'!$M$2:$M$9000,'Fat and Grease Data'!$B$2:$B$9000,'Monthly Prices'!$B31,'Fat and Grease Data'!$C$2:$C$9000,'Monthly Prices'!$C31) -> 9.75 | AY31: =_xlfn.MINIFS('Fat and Grease Data'!$M$2:$M$9000,'Fat and Grease Data'!$B$2:$B$9000,'Monthly Prices'!$B31,'Fat and Grease Data'!$C$2:$C$9000,'Monthly Prices'!$C31) -> 8.88 | AZ31: =AX31-AW31 -> 0.66181818 | BA31: =AY31-AW31 -> -0.20818182 | BB31: =[2]Prices!$D383 -> 2.0829545 | BC31: =[2]Prices!$B383 -> 2.167 | BD31: =[2]Prices!$C383 -> 1.98 | BE31: =BC31-BB31 -> 0.084045455 | BF31: =BD31-BB31 -> -0.10295455
... A63: 38353 | B63: =MONTH(A63) -> 1 | C63: =YEAR(A63) -> 2005 | D63: =AVERAGEIFS('Fat and Grease Data'!D$2:D$9000,'Fat and Grease Data'!$B$2:$B$9000,'Monthly Prices'!$B63,'Fat and Grease Data'!$C$2:$C$9000,'Monthly Prices'!$C63) -> 15.3875 | E63: =_xlfn.MAXIFS('Fat and Grease Data'!$D$2:$D$9000,'Fat and Grease Data'!$B$2:$B$9000,'Monthly Prices'!$B63,'Fat and Grease Data'!$C$2:$C$9000,'Monthly Prices'!$C63) -> 15.5 | F63: =_xlfn.MINIFS('Fat and Grease Data'!$D$2:$D$9000,'Fat and Grease Data'!$B$2:$B$9000,'Monthly Prices'!$B63,'Fat and Grease Data'!$C$2:$C$9000,'Monthly Prices'!$C63) -> 15.25 | G63: =E63-D63 -> 0.1125 | H63: =F63-D63 -> -0.1375 | I63: =AVERAGEIFS('Fat and Grease Data'!E$2:E$9000,'Fat and Grease Data'!$B$2:$B$9000,'Monthly Prices'!$B63,'Fat and Grease Data'!$C$2:$C$9000,'Monthly Prices'!$C63) -> 15.29 | J63: =_xlfn.MAXIFS('Fat and Grease Data'!$E$2:$E$9000,'Fat and Grease Data'!$B$2:$B$9000,'Monthly Prices'!$B63,'Fat and Grease Data'!$C$2:$C$9000,'Monthly Prices'!$C63) -> 15.5 | K63: =_xlfn.MINIFS('Fat and Grease Data'!$E$2:$E$9000,'Fat and Grease Data'!$B$2:$B$9000,'Monthly Prices'!$B63,'Fat and Grease Data'!$C$2:$C$9000,'Monthly Prices'!$C63) -> 15.13 | L63: =J63-I63 -> 0.21 | M63: =K63-I63 -> -0.16 | S63: =AVERAGEIFS('Fat and Grease Data'!G$2:G$9000,'Fat and Grease Data'!$B$2:$B$9000,'Monthly Prices'!$B63,'Fat and Grease Data'!$C$2:$C$9000,'Monthly Prices'!$C63) -> 12.975 | T63: =_xlfn.MAXIFS('Fat and Grease Data'!$G$2:$G$9000,'Fat and Grease Data'!$B$2:$B$9000,'Monthly Prices'!$B63,'Fat and Grease Data'!$C$2:$C$9000,'Monthly Prices'!$C63) -> 13.25 | U63: =_xlfn.MINIFS('Fat and Grease Data'!$G$2:$G$9000,'Fat and Grease Data'!$B$2:$B$9000,'Monthly Prices'!$B63,'Fat and Grease Data'!$C$2:$C$9000,'Monthly Prices'!$C63) -> 12.75 | V63: =T63-S63 -> 0.275 | W63: =U63-S63 -> -0.225 | X63: =AVERAGEIFS('Fat and Grease Data'!H$2:H$9000,'Fat and Grease Data'!$B$2:$B$9000,'Monthly Prices'!$B63,'Fat and Grease Data'!$C$2:$C$9000,'Monthly Prices'!$C63) -> 13.25 | Y63: =_xlfn.MAXIFS('Fat and Grease Data'!$H$2:$H$9000,'Fat and Grease Data'!$B$2:$B$9000,'Monthly Prices'!$B63,'Fat and Grease Data'!$C$2:$C$9000,'Monthly Prices'!$C63) -> 13.25 | Z63: =_xlfn.MINIFS('Fat and Grease Data'!$H$2:$H$9000,'Fat and Grease Data'!$B$2:$B$9000,'Monthly Prices'!$B63,'Fat and Grease Data'!$C$2:$C$9000,'Monthly Prices'!$C63) -> 13.25 | AA63: =Y63-X63 -> 0 | AB63: =Z63-X63 -> 0 | AC63: =AVERAGEIFS('Fat and Grease Data'!I$2:I$9000,'Fat and Grease Data'!$B$2:$B$9000,'Monthly Prices'!$B63,'Fat and Grease Data'!$C$2:$C$9000,'Monthly Prices'!$C63) -> 16.63 | AD63: =_xlfn.MAXIFS('Fat and Grease Data'!$I$2:$I$9000,'Fat and Grease Data'!$B$2:$B$9000,'Monthly Prices'!$B63,'Fat and Grease Data'!$C$2:$C$9000,'Monthly Prices'!$C63) -> 16.63 | AE63: =_xlfn.MINIFS('Fat and Grease Data'!$I$2:$I$9000,'Fat and Grease Data'!$B$2:$B$9000,'Monthly Prices'!$B63,'Fat and Grease Data'!$C$2:$C$9000,'Monthly Prices'!$C63) -> 16.63 | AF63: =AD63-AC63 -> 0 | AG63: =AE63-AC63 -> 0 | AM63: =AVERAGEIFS('Fat and Grease Data'!K$2:K$9000,'Fat and Grease Data'!$B$2:$B$9000,'Monthly Prices'!$B63,'Fat and Grease Data'!$C$2:$C$9000,'Monthly Prices'!$C63) -> 14.171 | AN63: =_xlfn.MAXIFS('Fat and Grease Data'!$K$2:$K$9000,'Fat and Grease Data'!$B$2:$B$9000,'Monthly Prices'!$B63,'Fat and Grease Data'!$C$2:$C$9000,'Monthly Prices'!$C63) -> 14.38 | AO63: =_xlfn.MINIFS('Fat and Grease Data'!$K$2:$K$9000,'Fat and Grease Data'!$B$2:$B$9000,'Monthly Prices'!$B63,'Fat and Grease Data'!$C$2:$C$9000,'Monthly Prices'!$C63) -> 14 | AP63: =AN63-AM63 -> 0.209 | AQ63: =AO63-AM63 -> -0.171 | AR63: =AVERAGEIFS('Fat and Grease Data'!L$2:L$9000,'Fat and Grease Data'!$B$2:$B$9000,'Monthly Prices'!$B63,'Fat and Grease Data'!$C$2:$C$9000,'Monthly Prices'!$C63) -> 11.5 | AS63: =_xlfn.MAXIFS('Fat and Grease Data'!$L$2:$L$9000,'Fat and Grease Data'!$B$2:$B$9000,'Monthly Prices'!$B63,'Fat and Grease Data'!$C$2:$C$9000,'Monthly Prices'!$C63) -> 11.5 | AT63: =_xlfn.MINIFS('Fat and Grease Data'!$L$2:$L$9000,'Fat and Grease Data'!$B$2:$B$9000,'Monthly Prices'!$B63,'Fat and Grease Data'!$C$2:$C$9000,'Monthly Prices'!$C63) -> 11.5 | AU63: =AS63-AR63 -> 0 | AV63: =AT63-AR63 -> 0 | AW63: =AVERAGEIFS('Fat and Grease Data'!M$2:M$9000,'Fat and Grease Data'!$B$2:$B$9000,'Monthly Prices'!$B63,'Fat and Grease Data'!$C$2:$C$9000,'Monthly Prices'!$C63) -> 15.3625 | AX63: =_xlfn.MAXIFS('Fat and Grease Data'!$M$2:$M$9000,'Fat and Grease Data'!$B$2:$B$9000,'Monthly Prices'!$B63,'Fat and Grease Data'!$C$2:$C$9000,'Monthly Prices'!$C63) -> 15.75 | AY63: =_xlfn.MINIFS('Fat and Grease Data'!$M$2:$M$9000,'Fat and Grease Data'!$B$2:$B$9000,'Monthly Prices'!$B63,'Fat and Grease Data'!$C$2:$C$9000,'Monthly Prices'!$C63) -> 15 | AZ63: =AX63-AW63 -> 0.3875 | BA63: =AY63-AW63 -> -0.3625 | BB63: =[2]Prices!$D415 -> 2.00095 | BC63: =[2]Prices!$B415 -> 2.097 | BD63: =[2]Prices!$C415 -> 1.95 | BE63: =BC63-BB63 -> 0.09605 | BF63: =BD63-BB63 -> -0.05095
A64: 38384 | B64: =MONTH(A64) -> 2 | C64: =YEAR(A64) -> 2005 | D64: =AVERAGEIFS('Fat and Grease Data'!D$2:D$9000,'Fat and Grease Data'!$B$2:$B$9000,'Monthly Prices'!$B64,'Fat and Grease Data'!$C$2:$C$9000,'Monthly Prices'!$C64) -> 14.01 | E64: =_xlfn.MAXIFS('Fat and Grease Data'!$D$2:$D$9000,'Fat and Grease Data'!$B$2:$B$9000,'Monthly Prices'!$B64,'Fat and Grease Data'!$C$2:$C$9000,'Monthly Prices'!$C64) -> 15 | F64: =_xlfn.MINIFS('Fat and Grease Data'!$D$2:$D$9000,'Fat and Grease Data'!$B$2:$B$9000,'Monthly Prices'!$B64,'Fat and Grease Data'!$C$2:$C$9000,'Monthly Prices'!$C64) -> 13.13 | G64: =E64-D64 -> 0.99 | H64: =F64-D64 -> -0.88 | I64: =AVERAGEIFS('Fat and Grease Data'!E$2:E$9000,'Fat and Grease Data'!$B$2:$B$9000,'Monthly Prices'!$B64,'Fat and Grease Data'!$C$2:$C$9000,'Monthly Prices'!$C64) -> 13.956842 | J64: =_xlfn.MAXIFS('Fat and Grease Data'!$E$2:$E$9000,'Fat and Grease Data'!$B$2:$B$9000,'Monthly Prices'!$B64,'Fat and Grease Data'!$C$2:$C$9000,'Monthly Prices'!$C64) -> 15.13 | K64: =_xlfn.MINIFS('Fat and Grease Data'!$E$2:$E$9000,'Fat and Grease Data'!$B$2:$B$9000,'Monthly Prices'!$B64,'Fat and Grease Data'!$C$2:$C$9000,'Monthly Prices'!$C64) -> 13 | L64: =J64-I64 -> 1.1731579 | M64: =K64-I64 -> -0.95684211 | N64: =AVERAGEIFS('Fat and Grease Data'!F$2:F$9000,'Fat and Grease Data'!$B$2:$B$9000,'Monthly Prices'!$B64,'Fat and Grease Data'!$C$2:$C$9000,'Monthly Prices'!$C64) -> 12.702 | O64: =_xlfn.MAXIFS('Fat and Grease Data'!$F$2:$F$9000,'Fat and Grease Data'!$B$2:$B$9000,'Monthly Prices'!$B64,'Fat and Grease Data'!$C$2:$C$9000,'Monthly Prices'!$C64) -> 12.75 | P64: =_xlfn.MINIFS('Fat and Grease Data'!$F$2:$F$9000,'Fat and Grease Data'!$B$2:$B$9000,'Monthly Prices'!$B64,'Fat and Grease Data'!$C$2:$C$9000,'Monthly Prices'!$C64) -> 12.63 | Q64: =O64-N64 -> 0.048 | R64: =P64-N64 -> -0.072 | S64: =AVERAGEIFS('Fat and Grease Data'!G$2:G$9000,'Fat and Grease Data'!$B$2:$B$9000,'Monthly Prices'!$B64,'Fat and Grease Data'!$C$2:$C$9000,'Monthly Prices'!$C64) -> 13.25 | T64: =_xlfn.MAXIFS('Fat and Grease Data'!$G$2:$G$9000,'Fat and Grease Data'!$B$2:$B$9000,'Monthly Prices'!$B64,'Fat and Grease Data'!$C$2:$C$9000,'Monthly Prices'!$C64) -> 13.25 | U64: =_xlfn.MINIFS('Fat and Grease Data'!$G$2:$G$9000,'Fat and Grease Data'!$B$2:$B$9000,'Monthly Prices'!$B64,'Fat and Grease Data'!$C$2:$C$9000,'Monthly Prices'!$C64) -> 13.25 | V64: =T64-S64 -> 0 | W64: =U64-S64 -> 0 | X64: =AVERAGEIFS('Fat and Grease Data'!H$2:H$9000,'Fat and Grease Data'!$B$2:$B$9000,'Monthly Prices'!$B64,'Fat and Grease Data'!$C$2:$C$9000,'Monthly Prices'!$C64) -> 13.25 | Y64: =_xlfn.MAXIFS('Fat and Grease Data'!$H$2:$H$9000,'Fat and Grease Data'!$B$2:$B$9000,'Monthly Prices'!$B64,'Fat and Grease Data'!$C$2:$C$9000,'Monthly Prices'!$C64) -> 13.25 | Z64: =_xlfn.MINIFS('Fat and Grease Data'!$H$2:$H$9000,'Fat and Grease Data'!$B$2:$B$9000,'Monthly Prices'!$B64,'Fat and Grease Data'!$C$2:$C$9000,'Monthly Prices'!$C64) -> 13.25 | AA64: =Y64-X64 -> 0 | AB64: =Z64-X64 -> 0 | AC64: =AVERAGEIFS('Fat and Grease Data'!I$2:I$9000,'Fat and Grease Data'!$B$2:$B$9000,'Monthly Prices'!$B64,'Fat and Grease Data'!$C$2:$C$9000,'Monthly Prices'!$C64) -> 16.504211 | AD64: =_xlfn.MAXIFS('Fat and Grease Data'!$I$2:$I$9000,'Fat and Grease Data'!$B$2:$B$9000,'Monthly Prices'!$B64,'Fat and Grease Data'!$C$2:$C$9000,'Monthly Prices'!$C64) -> 16.63 | AE64: =_xlfn.MINIFS('Fat and Grease Data'!$I$2:$I$9000,'Fat and Grease Data'!$B$2:$B$9000,'Monthly Prices'!$B64,'Fat and Grease Data'!$C$2:$C$9000,'Monthly Prices'!$C64) -> 16 | AF64: =AD64-AC64 -> 0.12578947 | AG64: =AE64-AC64 -> -0.50421053 | AM64: =AVERAGEIFS('Fat and Grease Data'!K$2:K$9000,'Fat and Grease Data'!$B$2:$B$9000,'Monthly Prices'!$B64,'Fat and Grease Data'!$C$2:$C$9000,'Monthly Prices'!$C64) -> 14.476667 | AN64: =_xlfn.MAXIFS('Fat and Grease Data'!$K$2:$K$9000,'Fat and Grease Data'!$B$2:$B$9000,'Monthly Prices'!$B64,'Fat and Grease Data'!$C$2:$C$9000,'Monthly Prices'!$C64) -> 14.63 | AO64: =_xlfn.MINIFS('Fat and Grease Data'!$K$2:$K$9000,'Fat and Grease Data'!$B$2:$B$9000,'Monthly Prices'!$B64,'Fat and Grease Data'!$C$2:$C$9000,'Monthly Prices'!$C64) -> 14.25 | AP64: =AN64-AM64 -> 0.15333333 | AQ64: =AO64-AM64 -> -0.22666667 | AR64: =AVERAGEIFS('Fat and Grease Data'!L$2:L$9000,'Fat and Grease Data'!$B$2:$B$9000,'Monthly Prices'!$B64,'Fat and Grease Data'!$C$2:$C$9000,'Monthly Prices'!$C64) -> 11.5 | AS64: =_xlfn.MAXIFS('Fat and Grease Data'!$L$2:$L$9000,'Fat and Grease Data'!$B$2:$B$9000,'Monthly Prices'!$B64,'Fat and Grease Data'!$C$2:$C$9000,'Monthly Prices'!$C64) -> 11.5 | AT64: =_xlfn.MINIFS('Fat and Grease Data'!$L$2:$L$9000,'Fat and Grease Data'!$B$2:$B$9000,'Monthly Prices'!$B64,'Fat and Grease Data'!$C$2:$C$9000,'Monthly Prices'!$C64) -> 11.5 | AU64: =AS64-AR64 -> 0 | AV64: =AT64-AR64 -> 0 | AW64: =AVERAGEIFS('Fat and Grease Data'!M$2:M$9000,'Fat and Grease Data'!$B$2:$B$9000,'Monthly Prices'!$B64,'Fat and Grease Data'!$C$2:$C$9000,'Monthly Prices'!$C64) -> 15.428947 | AX64: =_xlfn.MAXIFS('Fat and Grease Data'!$M$2:$M$9000,'Fat and Grease Data'!$B$2:$B$9000,'Monthly Prices'!$B64,'Fat and Grease Data'!$C$2:$C$9000,'Monthly Prices'!$C64) -> 15.75 | AY64: =_xlfn.MINIFS('Fat and Grease Data'!$M$2:$M$9000,'Fat and Grease Data'!$B$2:$B$9000,'Monthly Prices'!$B64,'Fat and Grease Data'!$C$2:$C$9000,'Monthly Prices'!$C64) -> 15 | AZ64: =AX64-AW64 -> 0.32105263 | BA64: =AY64-AW64 -> -0.42894737 | BB64: =[2]Prices!$D416 -> 2.0032105 | BC64: =[2]Prices!$B416 -> 2.165 | BD64: =[2]Prices!$C416 -> 1.94 | BE64: =BC64-BB64 -> 0.16178947 | BF64: =BD64-BB64 -> -0.063210526
A65: 38412 | B65: =MONTH(A65) -> 3 | C65: =YEAR(A65) -> 2005 | D65: =AVERAGEIFS('Fat and Grease Data'!D$2:D$9000,'Fat and Grease Data'!$B$2:$B$9000,'Monthly Prices'!$B65,'Fat and Grease Data'!$C$2:$C$9000,'Monthly Prices'!$C65) -> 14.292273 | E65: =_xlfn.MAXIFS('Fat and Grease Data'!$D$2:$D$9000,'Fat and Grease Data'!$B$2:$B$9000,'Monthly Prices'!$B65,'Fat and Grease Data'!$C$2:$C$9000,'Monthly Prices'!$C65) -> 16 | F65: =_xlfn.MINIFS('Fat and Grease Data'!$D$2:$D$9000,'Fat and Grease Data'!$B$2:$B$9000,'Monthly Prices'!$B65,'Fat and Grease Data'!$C$2:$C$9000,'Monthly Prices'!$C65) -> 13.13 | G65: =E65-D65 -> 1.7077273 | H65: =F65-D65 -> -1.1622727 | I65: =AVERAGEIFS('Fat and Grease Data'!E$2:E$9000,'Fat and Grease Data'!$B$2:$B$9000,'Monthly Prices'!$B65,'Fat and Grease Data'!$C$2:$C$9000,'Monthly Prices'!$C65) -> 14.268636 | J65: =_xlfn.MAXIFS('Fat and Grease Data'!$E$2:$E$9000,'Fat and Grease Data'!$B$2:$B$9000,'Monthly Prices'!$B65,'Fat and Grease Data'!$C$2:$C$9000,'Monthly Prices'!$C65) -> 15.5 | K65: =_xlfn.MINIFS('Fat and Grease Data'!$E$2:$E$9000,'Fat and Grease Data'!$B$2:$B$9000,'Monthly Prices'!$B65,'Fat and Grease Data'!$C$2:$C$9000,'Monthly Prices'!$C65) -> 13.13 | L65: =J65-I65 -> 1.2313636 | M65: =K65-I65 -> -1.1386364 | N65: =AVERAGEIFS('Fat and Grease Data'!F$2:F$9000,'Fat and Grease Data'!$B$2:$B$9000,'Monthly Prices'!$B65,'Fat and Grease Data'!$C$2:$C$9000,'Monthly Prices'!$C65) -> 13.064091 | O65: =_xlfn.MAXIFS('Fat and Grease Data'!$F$2:$F$9000,'Fat and Grease Data'!$B$2:$B$9000,'Monthly Prices'!$B65,'Fat and Grease Data'!$C$2:$C$9000,'Monthly Prices'!$C65) -> 14 | P65: =_xlfn.MINIFS('Fat and Grease Data'!$F$2:$F$9000,'Fat and Grease Data'!$B$2:$B$9000,'Monthly Prices'!$B65,'Fat and Grease Data'!$C$2:$C$9000,'Monthly Prices'!$C65) -> 12.5 | Q65: =O65-N65 -> 0.93590909 | R65: =P65-N65 -> -0.56409091 | S65: =AVERAGEIFS('Fat and Grease Data'!G$2:G$9000,'Fat and Grease Data'!$B$2:$B$9000,'Monthly Prices'!$B65,'Fat and Grease Data'!$C$2:$C$9000,'Monthly Prices'!$C65) -> 14.147727 | T65: =_xlfn.MAXIFS('Fat and Grease Data'!$G$2:$G$9000,'Fat and Grease Data'!$B$2:$B$9000,'Monthly Prices'!$B65,'Fat and Grease Data'!$C$2:$C$9000,'Monthly Prices'!$C65) -> 14.5 | U65: =_xlfn.MINIFS('Fat and Grease Data'!$G$2:$G$9000,'Fat and Grease Data'!$B$2:$B$9000,'Monthly Prices'!$B65,'Fat and Grease Data'!$C$2:$C$9000,'Monthly Prices'!$C65) -> 13.25 | V65: =T65-S65 -> 0.35227273 | W65: =U65-S65 -> -0.89772727 | X65: =AVERAGEIFS('Fat and Grease Data'!H$2:H$9000,'Fat and Grease Data'!$B$2:$B$9000,'Monthly Prices'!$B65,'Fat and Grease Data'!$C$2:$C$9000,'Monthly Prices'!$C65) -> 13.011364 | Y65: =_xlfn.MAXIFS('Fat and Grease Data'!$H$2:$H$9000,'Fat and Grease Data'!$B$2:$B$9000,'Monthly Prices'!$B65,'Fat and Grease Data'!$C$2:$C$9000,'Monthly Prices'!$C65) -> 13.25 | Z65: =_xlfn.MINIFS('Fat and Grease Data'!$H$2:$H$9000,'Fat and Grease Data'!$B$2:$B$9000,'Monthly Prices'!$B65,'Fat and Grease Data'!$C$2:$C$9000,'Monthly Prices'!$C65) -> 12.75 | AA65: =Y65-X65 -> 0.23863636 | AB65: =Z65-X65 -> -0.26136364 | AC65: =AVERAGEIFS('Fat and Grease Data'!I$2:I$9000,'Fat and Grease Data'!$B$2:$B$9000,'Monthly Prices'!$B65,'Fat and Grease Data'!$C$2:$C$9000,'Monthly Prices'!$C65) -> 16.389545 | AD65: =_xlfn.MAXIFS('Fat and Grease Data'!$I$2:$I$9000,'Fat and Grease Data'!$B$2:$B$9000,'Monthly Prices'!$B65,'Fat and Grease Data'!$C$2:$C$9000,'Monthly Prices'!$C65) -> 16.75 | AE65: =_xlfn.MINIFS('Fat and Grease Data'!$I$2:$I$9000,'Fat and Grease Data'!$B$2:$B$9000,'Monthly Prices'!$B65,'Fat and Grease Data'!$C$2:$C$9000,'Monthly Prices'!$C65) -> 16 | AF65: =AD65-AC65 -> 0.36045455 | AG65: =AE65-AC65 -> -0.38954545 | AM65: =AVERAGEIFS('Fat and Grease Data'!K$2:K$9000,'Fat and Grease Data'!$B$2:$B$9000,'Monthly Prices'!$B65,'Fat and Grease Data'!$C$2:$C$9000,'Monthly Prices'!$C65) -> 14.724091 | AN65: =_xlfn.MAXIFS('Fat and Grease Data'!$K$2:$K$9000,'Fat and Grease Data'!$B$2:$B$9000,'Monthly Prices'!$B65,'Fat and Grease Data'!$C$2:$C$9000,'Monthly Prices'!$C65) -> 15 | AO65: =_xlfn.MINIFS('Fat and Grease Data'!$K$2:$K$9000,'Fat and Grease Data'!$B$2:$B$9000,'Monthly Prices'!$B65,'Fat and Grease Data'!$C$2:$C$9000,'Monthly Prices'!$C65) -> 14.63 | AP65: =AN65-AM65 -> 0.27590909 | AQ65: =AO65-AM65 -> -0.094090909 | AR65: =AVERAGEIFS('Fat and Grease Data'!L$2:L$9000,'Fat and Grease Data'!$B$2:$B$9000,'Monthly Prices'!$B65,'Fat and Grease Data'!$C$2:$C$9000,'Monthly Prices'!$C65) -> 11.25 | AS65: =_xlfn.MAXIFS('Fat and Grease Data'!$L$2:$L$9000,'Fat and Grease Data'!$B$2:$B$9000,'Monthly Prices'!$B65,'Fat and Grease Data'!$C$2:$C$9000,'Monthly Prices'!$C65) -> 11.5 | AT65: =_xlfn.MINIFS('Fat and Grease Data'!$L$2:$L$9000,'Fat and Grease Data'!$B$2:$B$9000,'Monthly Prices'!$B65,'Fat and Grease Data'!$C$2:$C$9000,'Monthly Prices'!$C65) -> 11 | AU65: =AS65-AR65 -> 0.25 | AV65: =AT65-AR65 -> -0.25 | AW65: =AVERAGEIFS('Fat and Grease Data'!M$2:M$9000,'Fat and Grease Data'!$B$2:$B$9000,'Monthly Prices'!$B65,'Fat and Grease Data'!$C$2:$C$9000,'Monthly Prices'!$C65) -> 15.781364 | AX65: =_xlfn.MAXIFS('Fat and Grease Data'!$M$2:$M$9000,'Fat and Grease Data'!$B$2:$B$9000,'Monthly Prices'!$B65,'Fat and Grease Data'!$C$2:$C$9000,'Monthly Prices'!$C65) -> 16.75 | AY65: =_xlfn.MINIFS('Fat and Grease Data'!$M$2:$M$9000,'Fat and Grease Data'!$B$2:$B$9000,'Monthly Prices'!$B65,'Fat and Grease Data'!$C$2:$C$9000,'Monthly Prices'!$C65) -> 15.38 | AZ65: =AX65-AW65 -> 0.96863636 | BA65: =AY65-AW65 -> -0.40136364 | BB65: =[2]Prices!$D417 -> 2.173 | BC65: =[2]Prices!$B417 -> 2.31 | BD65: =[2]Prices!$C417 -> 2.092 | BE65: =BC65-BB65 -> 0.137 | BF65: =BD65-BB65 -> -0.081
A66: 38443 | B66: =MONTH(A66) -> 4 | C66: =YEAR(A66) -> 2005 | D66: =AVERAGEIFS('Fat and Grease Data'!D$2:D$9000,'Fat and Grease Data'!$B$2:$B$9000,'Monthly Prices'!$B66,'Fat and Grease Data'!$C$2:$C$9000,'Monthly Prices'!$C66) -> 16.708571 | E66: =_xlfn.MAXIFS('Fat and Grease Data'!$D$2:$D$9000,'Fat and Grease Data'!$B$2:$B$9000,'Monthly Prices'!$B66,'Fat and Grease Data'!$C$2:$C$9000,'Monthly Prices'!$C66) -> 17.25 | F66: =_xlfn.MINIFS('Fat and Grease Data'!$D$2:$D$9000,'Fat and Grease Data'!$B$2:$B$9000,'Monthly Prices'!$B66,'Fat and Grease Data'!$C$2:$C$9000,'Monthly Prices'!$C66) -> 16 | G66: =E66-D66 -> 0.54142857 | H66: =F66-D66 -> -0.70857143 | I66: =AVERAGEIFS('Fat and Grease Data'!E$2:E$9000,'Fat and Grease Data'!$B$2:$B$9000,'Monthly Prices'!$B66,'Fat and Grease Data'!$C$2:$C$9000,'Monthly Prices'!$C66) -> 16.619048 | J66: =_xlfn.MAXIFS('Fat and Grease Data'!$E$2:$E$9000,'Fat and Grease Data'!$B$2:$B$9000,'Monthly Prices'!$B66,'Fat and Grease Data'!$C$2:$C$9000,'Monthly Prices'!$C66) -> 17 | K66: =_xlfn.MINIFS('Fat and Grease Data'!$E$2:$E$9000,'Fat and Grease Data'!$B$2:$B$9000,'Monthly Prices'!$B66,'Fat and Grease Data'!$C$2:$C$9000,'Monthly Prices'!$C66) -> 15.5 | L66: =J66-I66 -> 0.38095238 | M66: =K66-I66 -> -1.1190476 | N66: =AVERAGEIFS('Fat and Grease Data'!F$2:F$9000,'Fat and Grease Data'!$B$2:$B$9000,'Monthly Prices'!$B66,'Fat and Grease Data'!$C$2:$C$9000,'Monthly Prices'!$C66) -> 14.091905 | O66: =_xlfn.MAXIFS('Fat and Grease Data'!$F$2:$F$9000,'Fat and Grease Data'!$B$2:$B$9000,'Monthly Prices'!$B66,'Fat and Grease Data'!$C$2:$C$9000,'Monthly Prices'!$C66) -> 14.5 | P66: =_xlfn.MINIFS('Fat and Grease Data'!$F$2:$F$9000,'Fat and Grease Data'!$B$2:$B$9000,'Monthly Prices'!$B66,'Fat and Grease Data'!$C$2:$C$9000,'Monthly Prices'!$C66) -> 13.88 | Q66: =O66-N66 -> 0.40809524 | R66: =P66-N66 -> -0.21190476 | S66: =AVERAGEIFS('Fat and Grease Data'!G$2:G$9000,'Fat and Grease Data'!$B$2:$B$9000,'Monthly Prices'!$B66,'Fat and Grease Data'!$C$2:$C$9000,'Monthly Prices'!$C66) -> 14.5 | T66: =_xlfn.MAXIFS('Fat and Grease Data'!$G$2:$G$9000,'Fat and Grease Data'!$B$2:$B$9000,'Monthly Prices'!$B66,'Fat and Grease Data'!$C$2:$C$9000,'Monthly Prices'!$C66) -> 14.5 | U66: =_xlfn.MINIFS('Fat and Grease Data'!$G$2:$G$9000,'Fat and Grease Data'!$B$2:$B$9000,'Monthly Prices'!$B66,'Fat and Grease Data'!$C$2:$C$9000,'Monthly Prices'!$C66) -> 14.5 | V66: =T66-S66 -> 0 | W66: =U66-S66 -> 0 | X66: =AVERAGEIFS('Fat and Grease Data'!H$2:H$9000,'Fat and Grease Data'!$B$2:$B$9000,'Monthly Prices'!$B66,'Fat and Grease Data'!$C$2:$C$9000,'Monthly Prices'!$C66) -> 13.904762 | Y66: =_xlfn.MAXIFS('Fat and Grease Data'!$H$2:$H$9000,'Fat and Grease Data'!$B$2:$B$9000,'Monthly Prices'!$B66,'Fat and Grease Data'!$C$2:$C$9000,'Monthly Prices'!$C66) -> 14.5 | Z66: =_xlfn.MINIFS('Fat and Grease Data'!$H$2:$H$9000,'Fat and Grease Data'!$B$2:$B$9000,'Monthly Prices'!$B66,'Fat and Grease Data'!$C$2:$C$9000,'Monthly Prices'!$C66) -> 13.25 | AA66: =Y66-X66 -> 0.5952381 | AB66: =Z66-X66 -> -0.6547619 | AC66: =AVERAGEIFS('Fat and Grease Data'!I$2:I$9000,'Fat and Grease Data'!$B$2:$B$9000,'Monthly Prices'!$B66,'Fat and Grease Data'!$C$2:$C$9000,'Monthly Prices'!$C66) -> 16.75 | AD66: =_xlfn.MAXIFS('Fat and Grease Data'!$I$2:$I$9000,'Fat and Grease Data'!$B$2:$B$9000,'Monthly Prices'!$B66,'Fat and Grease Data'!$C$2:$C$9000,'Monthly Prices'!$C66) -> 16.75 | AE66: =_xlfn.MINIFS('Fat and Grease Data'!$I$2:$I$9000,'Fat and Grease Data'!$B$2:$B$9000,'Monthly Prices'!$B66,'Fat and Grease Data'!$C$2:$C$9000,'Monthly Prices'!$C66) -> 16.75 | AF66: =AD66-AC66 -> 0 | AG66: =AE66-AC66 -> 0 | AM66: =AVERAGEIFS('Fat and Grease Data'!K$2:K$9000,'Fat and Grease Data'!$B$2:$B$9000,'Monthly Prices'!$B66,'Fat and Grease Data'!$C$2:$C$9000,'Monthly Prices'!$C66) -> 15 | AN66: =_xlfn.MAXIFS('Fat and Grease Data'!$K$2:$K$9000,'Fat and Grease Data'!$B$2:$B$9000,'Monthly Prices'!$B66,'Fat and Grease Data'!$C$2:$C$9000,'Monthly Prices'!$C66) -> 15 | AO66: =_xlfn.MINIFS('Fat and Grease Data'!$K$2:$K$9000,'Fat and Grease Data'!$B$2:$B$9000,'Monthly Prices'!$B66,'Fat and Grease Data'!$C$2:$C$9000,'Monthly Prices'!$C66) -> 15 | AP66: =AN66-AM66 -> 0 | AQ66: =AO66-AM66 -> 0 | AR66: =AVERAGEIFS('Fat and Grease Data'!L$2:L$9000,'Fat and Grease Data'!$B$2:$B$9000,'Monthly Prices'!$B66,'Fat and Grease Data'!$C$2:$C$9000,'Monthly Prices'!$C66) -> 12 | AS66: =_xlfn.MAXIFS('Fat and Grease Data'!$L$2:$L$9000,'Fat and Grease Data'!$B$2:$B$9000,'Monthly Prices'!$B66,'Fat and Grease Data'!$C$2:$C$9000,'Monthly Prices'!$C66) -> 13 | AT66: =_xlfn.MINIFS('Fat and Grease Data'!$L$2:$L$9000,'Fat and Grease Data'!$B$2:$B$9000,'Monthly Prices'!$B66,'Fat and Grease Data'!$C$2:$C$9000,'Monthly Prices'!$C66) -> 11.5 | AU66: =AS66-AR66 -> 1 | AV66: =AT66-AR66 -> -0.5 | AW66: =AVERAGEIFS('Fat and Grease Data'!M$2:M$9000,'Fat and Grease Data'!$B$2:$B$9000,'Monthly Prices'!$B66,'Fat and Grease Data'!$C$2:$C$9000,'Monthly Prices'!$C66) -> 17.020476 | AX66: =_xlfn.MAXIFS('Fat and Grease Data'!$M$2:$M$9000,'Fat and Grease Data'!$B$2:$B$9000,'Monthly Prices'!$B66,'Fat and Grease Data'!$C$2:$C$9000,'Monthly Prices'!$C66) -> 17.25 | AY66: =_xlfn.MINIFS('Fat and Grease Data'!$M$2:$M$9000,'Fat and Grease Data'!$B$2:$B$9000,'Monthly Prices'!$B66,'Fat and Grease Data'!$C$2:$C$9000,'Monthly Prices'!$C66) -> 16.75 | AZ66: =AX66-AW66 -> 0.22952381 | BA66: =AY66-AW66 -> -0.27047619 | BB66: =[2]Prices!$D418 -> 2.0784762 | BC66: =[2]Prices!$B418 -> 2.15 | BD66: =[2]Prices!$C418 -> 2.03 | BE66: =BC66-BB66 -> 0.07152381 | BF66: =BD66-BB66 -> -0.04847619
A67: 38473 | B67: =MONTH(A67) -> 5 | C67: =YEAR(A67) -> 2005 | D67: =AVERAGEIFS('Fat and Grease Data'!D$2:D$9000,'Fat and Grease Data'!$B$2:$B$9000,'Monthly Prices'!$B67,'Fat and Grease Data'!$C$2:$C$9000,'Monthly Prices'!$C67) -> 15.337143 | E67: =_xlfn.MAXIFS('Fat and Grease Data'!$D$2:$D$9000,'Fat and Grease Data'!$B$2:$B$9000,'Monthly Prices'!$B67,'Fat and Grease Data'!$C$2:$C$9000,'Monthly Prices'!$C67) -> 16 | F67: =_xlfn.MINIFS('Fat and Grease Data'!$D$2:$D$9000,'Fat and Grease Data'!$B$2:$B$9000,'Monthly Prices'!$B67,'Fat and Grease Data'!$C$2:$C$9000,'Monthly Prices'!$C67) -> 15.13 | G67: =E67-D67 -> 0.66285714 | H67: =F67-D67 -> -0.20714286 | I67: =AVERAGEIFS('Fat and Grease Data'!E$2:E$9000,'Fat and Grease Data'!$B$2:$B$9000,'Monthly Prices'!$B67,'Fat and Grease Data'!$C$2:$C$9000,'Monthly Prices'!$C67) -> 15.061905 | J67: =_xlfn.MAXIFS('Fat and Grease Data'!$E$2:$E$9000,'Fat and Grease Data'!$B$2:$B$9000,'Monthly Prices'!$B67,'Fat and Grease Data'!$C$2:$C$9000,'Monthly Prices'!$C67) -> 16 | K67: =_xlfn.MINIFS('Fat and Grease Data'!$E$2:$E$9000,'Fat and Grease Data'!$B$2:$B$9000,'Monthly Prices'!$B67,'Fat and Grease Data'!$C$2:$C$9000,'Monthly Prices'!$C67) -> 14.5 | L67: =J67-I67 -> 0.93809524 | M67: =K67-I67 -> -0.56190476 | N67: =AVERAGEIFS('Fat and Grease Data'!F$2:F$9000,'Fat and Grease Data'!$B$2:$B$9000,'Monthly Prices'!$B67,'Fat and Grease Data'!$C$2:$C$9000,'Monthly Prices'!$C67) -> 14.25 | O67: =_xlfn.MAXIFS('Fat and Grease Data'!$F$2:$F$9000,'Fat and Grease Data'!$B$2:$B$9000,'Monthly Prices'!$B67,'Fat and Grease Data'!$C$2:$C$9000,'Monthly Prices'!$C67) -> 14.5 | P67: =_xlfn.MINIFS('Fat and Grease Data'!$F$2:$F$9000,'Fat and Grease Data'!$B$2:$B$9000,'Monthly Prices'!$B67,'Fat and Grease Data'!$C$2:$C$9000,'Monthly Prices'!$C67) -> 13.5 | Q67: =O67-N67 -> 0.25 | R67: =P67-N67 -> -0.75 | S67: =AVERAGEIFS('Fat and Grease Data'!G$2:G$9000,'Fat and Grease Data'!$B$2:$B$9000,'Monthly Prices'!$B67,'Fat and Grease Data'!$C$2:$C$9000,'Monthly Prices'!$C67) -> 14.5 | T67: =_xlfn.MAXIFS('Fat and Grease Data'!$G$2:$G$9000,'Fat and Grease Data'!$B$2:$B$9000,'Monthly Prices'!$B67,'Fat and Grease Data'!$C$2:$C$9000,'Monthly Prices'!$C67) -> 14.5 | U67: =_xlfn.MINIFS('Fat and Grease Data'!$G$2:$G$9000,'Fat and Grease Data'!$B$2:$B$9000,'Monthly Prices'!$B67,'Fat and Grease Data'!$C$2:$C$9000,'Monthly Prices'!$C67) -> 14.5 | V67: =T67-S67 -> 0 | W67: =U67-S67 -> 0 | X67: =AVERAGEIFS('Fat and Grease Data'!H$2:H$9000,'Fat and Grease Data'!$B$2:$B$9000,'Monthly Prices'!$B67,'Fat and Grease Data'!$C$2:$C$9000,'Monthly Prices'!$C67) -> 14.5 | Y67: =_xlfn.MAXIFS('Fat and Grease Data'!$H$2:$H$9000,'Fat and Grease Data'!$B$2:$B$9000,'Monthly Prices'!$B67,'Fat and Grease Data'!$C$2:$C$9000,'Monthly Prices'!$C67) -> 14.5 | Z67: =_xlfn.MINIFS('Fat and Grease Data'!$H$2:$H$9000,'Fat and Grease Data'!$B$2:$B$9000,'Monthly Prices'!$B67,'Fat and Grease Data'!$C$2:$C$9000,'Monthly Prices'!$C67) -> 14.5 | AA67: =Y67-X67 -> 0 | AB67: =Z67-X67 -> 0 | AC67: =AVERAGEIFS('Fat and Grease Data'!I$2:I$9000,'Fat and Grease Data'!$B$2:$B$9000,'Monthly Prices'!$B67,'Fat and Grease Data'!$C$2:$C$9000,'Monthly Prices'!$C67) -> 15.698571 | AD67: =_xlfn.MAXIFS('Fat and Grease Data'!$I$2:$I$9000,'Fat and Grease Data'!$B$2:$B$9000,'Monthly Prices'!$B67,'Fat and Grease Data'!$C$2:$C$9000,'Monthly Prices'!$C67) -> 16.75 | AE67: =_xlfn.MINIFS('Fat and Grease Data'!$I$2:$I$9000,'Fat and Grease Data'!$B$2:$B$9000,'Monthly Prices'!$B67,'Fat and Grease Data'!$C$2:$C$9000,'Monthly Prices'!$C67) -> 15 | AF67: =AD67-AC67 -> 1.0514286 | AG67: =AE67-AC67 -> -0.69857143 | AM67: =AVERAGEIFS('Fat and Grease Data'!K$2:K$9000,'Fat and Grease Data'!$B$2:$B$9000,'Monthly Prices'!$B67,'Fat and Grease Data'!$C$2:$C$9000,'Monthly Prices'!$C67) -> 14.666667 | AN67: =_xlfn.MAXIFS('Fat and Grease Data'!$K$2:$K$9000,'Fat and Grease Data'!$B$2:$B$9000,'Monthly Prices'!$B67,'Fat and Grease Data'!$C$2:$C$9000,'Monthly Prices'!$C67) -> 15 | AO67: =_xlfn.MINIFS('Fat and Grease Data'!$K$2:$K$9000,'Fat and Grease Data'!$B$2:$B$9000,'Monthly Prices'!$B67,'Fat and Grease Data'!$C$2:$C$9000,'Monthly Prices'!$C67) -> 14.5 | AP67: =AN67-AM67 -> 0.33333333 | AQ67: =AO67-AM67 -> -0.16666667 | AR67: =AVERAGEIFS('Fat and Grease Data'!L$2:L$9000,'Fat and Grease Data'!$B$2:$B$9000,'Monthly Prices'!$B67,'Fat and Grease Data'!$C$2:$C$9000,'Monthly Prices'!$C67) -> 12.880952 | AS67: =_xlfn.MAXIFS('Fat and Grease Data'!$L$2:$L$9000,'Fat and Grease Data'!$B$2:$B$9000,'Monthly Prices'!$B67,'Fat and Grease Data'!$C$2:$C$9000,'Monthly Prices'!$C67) -> 13 | AT67: =_xlfn.MINIFS('Fat and Grease Data'!$L$2:$L$9000,'Fat and Grease Data'!$B$2:$B$9000,'Monthly Prices'!$B67,'Fat and Grease Data'!$C$2:$C$9000,'Monthly Prices'!$C67) -> 12.5 | AU67: =AS67-AR67 -> 0.11904762 | AV67: =AT67-AR67 -> -0.38095238 | AW67: =AVERAGEIFS('Fat and Grease Data'!M$2:M$9000,'Fat and Grease Data'!$B$2:$B$9000,'Monthly Prices'!$B67,'Fat and Grease Data'!$C$2:$C$9000,'Monthly Prices'!$C67) -> 16.261905 | AX67: =_xlfn.MAXIFS('Fat and Grease Data'!$M$2:$M$9000,'Fat and Grease Data'!$B$2:$B$9000,'Monthly Prices'!$B67,'Fat and Grease Data'!$C$2:$C$9000,'Monthly Prices'!$C67) -> 17 | AY67: =_xlfn.MINIFS('Fat and Grease Data'!$M$2:$M$9000,'Fat and Grease Data'!$B$2:$B$9000,'Monthly Prices'!$B67,'Fat and Grease Data'!$C$2:$C$9000,'Monthly Prices'!$C67) -> 16 | AZ67: =AX67-AW67 -> 0.73809524 | BA67: =AY67-AW67 -> -0.26190476 | BB67: =[2]Prices!$D419 -> 2.1194286 | BC67: =[2]Prices!$B419 -> 2.28 | BD67: =[2]Prices!$C419 -> 2.03 | BE67: =BC67-BB67 -> 0.16057143 | BF67: =BD67-BB67 -> -0.089428571
A68: 38504 | B68: =MONTH(A68) -> 6 | C68: =YEAR(A68) -> 2005 | D68: =AVERAGEIFS('Fat and Grease Data'!D$2:D$9000,'Fat and Grease Data'!$B$2:$B$9000,'Monthly Prices'!$B68,'Fat and Grease Data'!$C$2:$C$9000,'Monthly Prices'!$C68) -> 14.715909 | E68: =_xlfn.MAXIFS('Fat and Grease Data'!$D$2:$D$9000,'Fat and Grease Data'!$B$2:$B$9000,'Monthly Prices'!$B68,'Fat and Grease Data'!$C$2:$C$9000,'Monthly Prices'!$C68) -> 15 | F68: =_xlfn.MINIFS('Fat and Grease Data'!$D$2:$D$9000,'Fat and Grease Data'!$B$2:$B$9000,'Monthly Prices'!$B68,'Fat and Grease Data'!$C$2:$C$9000,'Monthly Prices'!$C68) -> 14 | G68: =E68-D68 -> 0.28409091 | H68: =F68-D68 -> -0.71590909 | I68: =AVERAGEIFS('Fat and Grease Data'!E$2:E$9000,'Fat and Grease Data'!$B$2:$B$9000,'Monthly Prices'!$B68,'Fat and Grease Data'!$C$2:$C$9000,'Monthly Prices'!$C68) -> 14.535909 | J68: =_xlfn.MAXIFS('Fat and Grease Data'!$E$2:$E$9000,'Fat and Grease Data'!$B$2:$B$9000,'Monthly Prices'!$B68,'Fat and Grease Data'!$C$2:$C$9000,'Monthly Prices'!$C68) -> 14.88 | K68: =_xlfn.MINIFS('Fat and Grease Data'!$E$2:$E$9000,'Fat and Grease Data'!$B$2:$B$9000,'Monthly Prices'!$B68,'Fat and Grease Data'!$C$2:$C$9000,'Monthly Prices'!$C68) -> 14 | L68: =J68-I68 -> 0.34409091 | M68: =K68-I68 -> -0.53590909 | N68: =AVERAGEIFS('Fat and Grease Data'!F$2:F$9000,'Fat and Grease Data'!$B$2:$B$9000,'Monthly Prices'!$B68,'Fat and Grease Data'!$C$2:$C$9000,'Monthly Prices'!$C68) -> 13.906364 | O68: =_xlfn.MAXIFS('Fat and Grease Data'!$F$2:$F$9000,'Fat and Grease Data'!$B$2:$B$9000,'Monthly Prices'!$B68,'Fat and Grease Data'!$C$2:$C$9000,'Monthly Prices'!$C68) -> 14 | P68: =_xlfn.MINIFS('Fat and Grease Data'!$F$2:$F$9000,'Fat and Grease Data'!$B$2:$B$9000,'Monthly Prices'!$B68,'Fat and Grease Data'!$C$2:$C$9000,'Monthly Prices'!$C68) -> 13.75 | Q68: =O68-N68 -> 0.093636364 | R68: =P68-N68 -> -0.15636364 | S68: =AVERAGEIFS('Fat and Grease Data'!G$2:G$9000,'Fat and Grease Data'!$B$2:$B$9000,'Monthly Prices'!$B68,'Fat and Grease Data'!$C$2:$C$9000,'Monthly Prices'!$C68) -> 14.318182 | T68: =_xlfn.MAXIFS('Fat and Grease Data'!$G$2:$G$9000,'Fat and Grease Data'!$B$2:$B$9000,'Monthly Prices'!$B68,'Fat and Grease Data'!$C$2:$C$9000,'Monthly Prices'!$C68) -> 14.5 | U68: =_xlfn.MINIFS('Fat and Grease Data'!$G$2:$G$9000,'Fat and Grease Data'!$B$2:$B$9000,'Monthly Prices'!$B68,'Fat and Grease Data'!$C$2:$C$9000,'Monthly Prices'!$C68) -> 14 | V68: =T68-S68 -> 0.18181818 | W68: =U68-S68 -> -0.31818182 | X68: =AVERAGEIFS('Fat and Grease Data'!H$2:H$9000,'Fat and Grease Data'!$B$2:$B$9000,'Monthly Prices'!$B68,'Fat and Grease Data'!$C$2:$C$9000,'Monthly Prices'!$C68) -> 14.5 | Y68: =_xlfn.MAXIFS('Fat and Grease Data'!$H$2:$H$9000,'Fat and Grease Data'!$B$2:$B$9000,'Monthly Prices'!$B68,'Fat and Grease Data'!$C$2:$C$9000,'Monthly Prices'!$C68) -> 14.5 | Z68: =_xlfn.MINIFS('Fat and Grease Data'!$H$2:$H$9000,'Fat and Grease Data'!$B$2:$B$9000,'Monthly Prices'!$B68,'Fat and Grease Data'!$C$2:$C$9000,'Monthly Prices'!$C68) -> 14.5 | AA68: =Y68-X68 -> 0 | AB68: =Z68-X68 -> 0 | AC68: =AVERAGEIFS('Fat and Grease Data'!I$2:I$9000,'Fat and Grease Data'!$B$2:$B$9000,'Monthly Prices'!$B68,'Fat and Grease Data'!$C$2:$C$9000,'Monthly Prices'!$C68) -> 14.546364 | AD68: =_xlfn.MAXIFS('Fat and Grease Data'!$I$2:$I$9000,'Fat and Grease Data'!$B$2:$B$9000,'Monthly Prices'!$B68,'Fat and Grease Data'!$C$2:$C$9000,'Monthly Prices'!$C68) -> 15 | AE68: =_xlfn.MINIFS('Fat and Grease Data'!$I$2:$I$9000,'Fat and Grease Data'!$B$2:$B$9000,'Monthly Prices'!$B68,'Fat and Grease Data'!$C$2:$C$9000,'Monthly Prices'!$C68) -> 14.25 | AF68: =AD68-AC68 -> 0.45363636 | AG68: =AE68-AC68 -> -0.29636364 | AM68: =AVERAGEIFS('Fat and Grease Data'!K$2:K$9000,'Fat and Grease Data'!$B$2:$B$9000,'Monthly Prices'!$B68,'Fat and Grease Data'!$C$2:$C$9000,'Monthly Prices'!$C68) -> 14.791364 | AN68: =_xlfn.MAXIFS('Fat and Grease Data'!$K$2:$K$9000,'Fat and Grease Data'!$B$2:$B$9000,'Monthly Prices'!$B68,'Fat and Grease Data'!$C$2:$C$9000,'Monthly Prices'!$C68) -> 14.88 | AO68: =_xlfn.MINIFS('Fat and Grease Data'!$K$2:$K$9000,'Fat and Grease Data'!$B$2:$B$9000,'Monthly Prices'!$B68,'Fat and Grease Data'!$C$2:$C$9000,'Monthly Prices'!$C68) -> 14.75 | AP68: =AN68-AM68 -> 0.088636364 | AQ68: =AO68-AM68 -> -0.041363636 | AR68: =AVERAGEIFS('Fat and Grease Data'!L$2:L$9000,'Fat and Grease Data'!$B$2:$B$9000,'Monthly Prices'!$B68,'Fat and Grease Data'!$C$2:$C$9000,'Monthly Prices'!$C68) -> 12.5 | AS68: =_xlfn.MAXIFS('Fat and Grease Data'!$L$2:$L$9000,'Fat and Grease Data'!$B$2:$B$9000,'Monthly Prices'!$B68,'Fat and Grease Data'!$C$2:$C$9000,'Monthly Prices'!$C68) -> 12.5 | AT68: =_xlfn.MINIFS('Fat and Grease Data'!$L$2:$L$9000,'Fat and Grease Data'!$B$2:$B$9000,'Monthly Prices'!$B68,'Fat and Grease Data'!$C$2:$C$9000,'Monthly Prices'!$C68) -> 12.5 | AU68: =AS68-AR68 -> 0 | AV68: =AT68-AR68 -> 0 | AW68: =AVERAGEIFS('Fat and Grease Data'!M$2:M$9000,'Fat and Grease Data'!$B$2:$B$9000,'Monthly Prices'!$B68,'Fat and Grease Data'!$C$2:$C$9000,'Monthly Prices'!$C68) -> 15.806818 | AX68: =_xlfn.MAXIFS('Fat and Grease Data'!$M$2:$M$9000,'Fat and Grease Data'!$B$2:$B$9000,'Monthly Prices'!$B68,'Fat and Grease Data'!$C$2:$C$9000,'Monthly Prices'!$C68) -> 16 | AY68: =_xlfn.MINIFS('Fat and Grease Data'!$M$2:$M$9000,'Fat and Grease Data'!$B$2:$B$9000,'Monthly Prices'!$B68,'Fat and Grease Data'!$C$2:$C$9000,'Monthly Prices'!$C68) -> 15.75 | AZ68: =AX68-AW68 -> 0.19318182 | BA68: =AY68-AW68 -> -0.056818182 | BB68: =[2]Prices!$D420 -> 2.2182273 | BC68: =[2]Prices!$B420 -> 2.375 | BD68: =[2]Prices!$C420 -> 2.09 | BE68: =BC68-BB68 -> 0.15677273 | BF68: =BD68-BB68 -> -0.12822727
A69: 38534 | B69: =MONTH(A69) -> 7 | C69: =YEAR(A69) -> 2005 | D69: =AVERAGEIFS('Fat and Grease Data'!D$2:D$9000,'Fat and Grease Data'!$B$2:$B$9000,'Monthly Prices'!$B69,'Fat and Grease Data'!$C$2:$C$9000,'Monthly Prices'!$C69) -> 12.2035 | E69: =_xlfn.MAXIFS('Fat and Grease Data'!$D$2:$D$9000,'Fat and Grease Data'!$B$2:$B$9000,'Monthly Prices'!$B69,'Fat and Grease Data'!$C$2:$C$9000,'Monthly Prices'!$C69) -> 14 | F69: =_xlfn.MINIFS('Fat and Grease Data'!$D$2:$D$9000,'Fat and Grease Data'!$B$2:$B$9000,'Monthly Prices'!$B69,'Fat and Grease Data'!$C$2:$C$9000,'Monthly Prices'!$C69) -> 11.63 | G69: =E69-D69 -> 1.7965 | H69: =F69-D69 -> -0.5735 | I69: =AVERAGEIFS('Fat and Grease Data'!E$2:E$9000,'Fat and Grease Data'!$B$2:$B$9000,'Monthly Prices'!$B69,'Fat and Grease Data'!$C$2:$C$9000,'Monthly Prices'!$C69) -> 12.196 | J69: =_xlfn.MAXIFS('Fat and Grease Data'!$E$2:$E$9000,'Fat and Grease Data'!$B$2:$B$9000,'Monthly Prices'!$B69,'Fat and Grease Data'!$C$2:$C$9000,'Monthly Prices'!$C69) -> 14 | K69: =_xlfn.MINIFS('Fat and Grease Data'!$E$2:$E$9000,'Fat and Grease Data'!$B$2:$B$9000,'Monthly Prices'!$B69,'Fat and Grease Data'!$C$2:$C$9000,'Monthly Prices'!$C69) -> 11.5 | L69: =J69-I69 -> 1.804 | M69: =K69-I69 -> -0.696 | N69: =AVERAGEIFS('Fat and Grease Data'!F$2:F$9000,'Fat and Grease Data'!$B$2:$B$9000,'Monthly Prices'!$B69,'Fat and Grease Data'!$C$2:$C$9000,'Monthly Prices'!$C69) -> 12.627 | O69: =_xlfn.MAXIFS('Fat and Grease Data'!$F$2:$F$9000,'Fat and Grease Data'!$B$2:$B$9000,'Monthly Prices'!$B69,'Fat and Grease Data'!$C$2:$C$9000,'Monthly Prices'!$C69) -> 13.88 | P69: =_xlfn.MINIFS('Fat and Grease Data'!$F$2:$F$9000,'Fat and Grease Data'!$B$2:$B$9000,'Monthly Prices'!$B69,'Fat and Grease Data'!$C$2:$C$9000,'Monthly Prices'!$C69) -> 11.63 | Q69: =O69-N69 -> 1.253 | R69: =P69-N69 -> -0.997 | S69: =AVERAGEIFS('Fat and Grease Data'!G$2:G$9000,'Fat and Grease Data'!$B$2:$B$9000,'Monthly Prices'!$B69,'Fat and Grease Data'!$C$2:$C$9000,'Monthly Prices'!$C69) -> 13.25 | T69: =_xlfn.MAXIFS('Fat and Grease Data'!$G$2:$G$9000,'Fat and Grease Data'!$B$2:$B$9000,'Monthly Prices'!$B69,'Fat and Grease Data'!$C$2:$C$9000,'Monthly Prices'!$C69) -> 14 | U69: =_xlfn.MINIFS('Fat and Grease Data'!$G$2:$G$9000,'Fat and Grease Data'!$B$2:$B$9000,'Monthly Prices'!$B69,'Fat and Grease Data'!$C$2:$C$9000,'Monthly Prices'!$C69) -> 13 | V69: =T69-S69 -> 0.75 | W69: =U69-S69 -> -0.25 | X69: =AVERAGEIFS('Fat and Grease Data'!H$2:H$9000,'Fat and Grease Data'!$B$2:$B$9000,'Monthly Prices'!$B69,'Fat and Grease Data'!$C$2:$C$9000,'Monthly Prices'!$C69) -> 14.035 | Y69: =_xlfn.MAXIFS('Fat and Grease Data'!$H$2:$H$9000,'Fat and Grease Data'!$B$2:$B$9000,'Monthly Prices'!$B69,'Fat and Grease Data'!$C$2:$C$9000,'Monthly Prices'!$C69) -> 14.5 | Z69: =_xlfn.MINIFS('Fat and Grease Data'!$H$2:$H$9000,'Fat and Grease Data'!$B$2:$B$9000,'Monthly Prices'!$B69,'Fat and Grease Data'!$C$2:$C$9000,'Monthly Prices'!$C69) -> 13.88 | AA69: =Y69-X69 -> 0.465 | AB69: =Z69-X69 -> -0.155 | AC69: =AVERAGEIFS('Fat and Grease Data'!I$2:I$9000,'Fat and Grease Data'!$B$2:$B$9000,'Monthly Prices'!$B69,'Fat and Grease Data'!$C$2:$C$9000,'Monthly Prices'!$C69) -> 14.1225 | AD69: =_xlfn.MAXIFS('Fat and Grease Data'!$I$2:$I$9000,'Fat and Grease Data'!$B$2:$B$9000,'Monthly Prices'!$B69,'Fat and Grease Data'!$C$2:$C$9000,'Monthly Prices'!$C69) -> 14.25 | AE69: =_xlfn.MINIFS('Fat and Grease Data'!$I$2:$I$9000,'Fat and Grease Data'!$B$2:$B$9000,'Monthly Prices'!$B69,'Fat and Grease Data'!$C$2:$C$9000,'Monthly Prices'!$C69) -> 14 | AF69: =AD69-AC69 -> 0.1275 | AG69: =AE69-AC69 -> -0.1225 | AM69: =AVERAGEIFS('Fat and Grease Data'!K$2:K$9000,'Fat and Grease Data'!$B$2:$B$9000,'Monthly Prices'!$B69,'Fat and Grease Data'!$C$2:$C$9000,'Monthly Prices'!$C69) -> 14.5945 | AN69: =_xlfn.MAXIFS('Fat and Grease Data'!$K$2:$K$9000,'Fat and Grease Data'!$B$2:$B$9000,'Monthly Prices'!$B69,'Fat and Grease Data'!$C$2:$C$9000,'Monthly Prices'!$C69) -> 14.88 | AO69: =_xlfn.MINIFS('Fat and Grease Data'!$K$2:$K$9000,'Fat and Grease Data'!$B$2:$B$9000,'Monthly Prices'!$B69,'Fat and Grease Data'!$C$2:$C$9000,'Monthly Prices'!$C69) -> 14.5 | AP69: =AN69-AM69 -> 0.2855 | AQ69: =AO69-AM69 -> -0.0945 | AR69: =AVERAGEIFS('Fat and Grease Data'!L$2:L$9000,'Fat and Grease Data'!$B$2:$B$9000,'Monthly Prices'!$B69,'Fat and Grease Data'!$C$2:$C$9000,'Monthly Prices'!$C69) -> 11.7 | AS69: =_xlfn.MAXIFS('Fat and Grease Data'!$L$2:$L$9000,'Fat and Grease Data'!$B$2:$B$9000,'Monthly Prices'!$B69,'Fat and Grease Data'!$C$2:$C$9000,'Monthly Prices'!$C69) -> 12.5 | AT69: =_xlfn.MINIFS('Fat and Grease Data'!$L$2:$L$9000,'Fat and Grease Data'!$B$2:$B$9000,'Monthly Prices'!$B69,'Fat and Grease Data'!$C$2:$C$9000,'Monthly Prices'!$C69) -> 10.5 | AU69: =AS69-AR69 -> 0.8 | AV69: =AT69-AR69 -> -1.2 | AW69: =AVERAGEIFS('Fat and Grease Data'!M$2:M$9000,'Fat and Grease Data'!$B$2:$B$9000,'Monthly Prices'!$B69,'Fat and Grease Data'!$C$2:$C$9000,'Monthly Prices'!$C69) -> 14.325 | AX69: =_xlfn.MAXIFS('Fat and Grease Data'!$M$2:$M$9000,'Fat and Grease Data'!$B$2:$B$9000,'Monthly Prices'!$B69,'Fat and Grease Data'!$C$2:$C$9000,'Monthly Prices'!$C69) -> 15.75 | AY69: =_xlfn.MINIFS('Fat and Grease Data'!$M$2:$M$9000,'Fat and Grease Data'!$B$2:$B$9000,'Monthly Prices'!$B69,'Fat and Grease Data'!$C$2:$C$9000,'Monthly Prices'!$C69) -> 13.25 | AZ69: =AX69-AW69 -> 1.425 | BA69: =AY69-AW69 -> -1.075 | BB69: =[2]Prices!$D421 -> 2.4007 | BC69: =[2]Prices!$B421 -> 2.632 | BD69: =[2]Prices!$C421 -> 2.22 | BE69: =BC69-BB69 -> 0.2313 | BF69: =BD69-BB69 -> -0.1807
A70: 38565 | B70: =MONTH(A70) -> 8 | C70: =YEAR(A70) -> 2005 | D70: =AVERAGEIFS('Fat and Grease Data'!D$2:D$9000,'Fat and Grease Data'!$B$2:$B$9000,'Monthly Prices'!$B70,'Fat and Grease Data'!$C$2:$C$9000,'Monthly Prices'!$C70) -> 12.013478 | E70: =_xlfn.MAXIFS('Fat and Grease Data'!$D$2:$D$9000,'Fat and Grease Data'!$B$2:$B$9000,'Monthly Prices'!$B70,'Fat and Grease Data'!$C$2:$C$9000,'Monthly Prices'!$C70) -> 12.88 | F70: =_xlfn.MINIFS('Fat and Grease Data'!$D$2:$D$9000,'Fat and Grease Data'!$B$2:$B$9000,'Monthly Prices'!$B70,'Fat and Grease Data'!$C$2:$C$9000,'Monthly Prices'!$C70) -> 11.75 | G70: =E70-D70 -> 0.86652174 | H70: =F70-D70 -> -0.26347826 | I70: =AVERAGEIFS('Fat and Grease Data'!E$2:E$9000,'Fat and Grease Data'!$B$2:$B$9000,'Monthly Prices'!$B70,'Fat and Grease Data'!$C$2:$C$9000,'Monthly Prices'!$C70) -> 12.018261 | J70: =_xlfn.MAXIFS('Fat and Grease Data'!$E$2:$E$9000,'Fat and Grease Data'!$B$2:$B$9000,'Monthly Prices'!$B70,'Fat and Grease Data'!$C$2:$C$9000,'Monthly Prices'!$C70) -> 13 | K70: =_xlfn.MINIFS('Fat and Grease Data'!$E$2:$E$9000,'Fat and Grease Data'!$B$2:$B$9000,'Monthly Prices'!$B70,'Fat and Grease Data'!$C$2:$C$9000,'Monthly Prices'!$C70) -> 11.75 | L70: =J70-I70 -> 0.98173913 | M70: =K70-I70 -> -0.26826087 | N70: =AVERAGEIFS('Fat and Grease Data'!F$2:F$9000,'Fat and Grease Data'!$B$2:$B$9000,'Monthly Prices'!$B70,'Fat and Grease Data'!$C$2:$C$9000,'Monthly Prices'!$C70) -> 11.656087 | O70: =_xlfn.MAXIFS('Fat and Grease Data'!$F$2:$F$9000,'Fat and Grease Data'!$B$2:$B$9000,'Monthly Prices'!$B70,'Fat and Grease Data'!$C$2:$C$9000,'Monthly Prices'!$C70) -> 11.75 | P70: =_xlfn.MINIFS('Fat and Grease Data'!$F$2:$F$9000,'Fat and Grease Data'!$B$2:$B$9000,'Monthly Prices'!$B70,'Fat and Grease Data'!$C$2:$C$9000,'Monthly Prices'!$C70) -> 11.63 | Q70: =O70-N70 -> 0.093913043 | R70: =P70-N70 -> -0.026086957 | S70: =AVERAGEIFS('Fat and Grease Data'!G$2:G$9000,'Fat and Grease Data'!$B$2:$B$9000,'Monthly Prices'!$B70,'Fat and Grease Data'!$C$2:$C$9000,'Monthly Prices'!$C70) -> 13.086957 | T70: =_xlfn.MAXIFS('Fat and Grease Data'!$G$2:$G$9000,'Fat and Grease Data'!$B$2:$B$9000,'Monthly Prices'!$B70,'Fat and Grease Data'!$C$2:$C$9000,'Monthly Prices'!$C70) -> 13.5 | U70: =_xlfn.MINIFS('Fat and Grease Data'!$G$2:$G$9000,'Fat and Grease Data'!$B$2:$B$9000,'Monthly Prices'!$B70,'Fat and Grease Data'!$C$2:$C$9000,'Monthly Prices'!$C70) -> 13 | V70: =T70-S70 -> 0.41304348 | W70: =U70-S70 -> -0.086956522 | X70: =AVERAGEIFS('Fat and Grease Data'!H$2:H$9000,'Fat and Grease Data'!$B$2:$B$9000,'Monthly Prices'!$B70,'Fat and Grease Data'!$C$2:$C$9000,'Monthly Prices'!$C70) -> 13.39087 | Y70: =_xlfn.MAXIFS('Fat and Grease Data'!$H$2:$H$9000,'Fat and Grease Data'!$B$2:$B$9000,'Monthly Prices'!$B70,'Fat and Grease Data'!$C$2:$C$9000,'Monthly Prices'!$C70) -> 13.88 | Z70: =_xlfn.MINIFS('Fat and Grease Data'!$H$2:$H$9000,'Fat and Grease Data'!$B$2:$B$9000,'Monthly Prices'!$B70,'Fat and Grease Data'!$C$2:$C$9000,'Monthly Prices'!$C70) -> 13.13 | AA70: =Y70-X70 -> 0.48913043 | AB70: =Z70-X70 -> -0.26086957 | AC70: =AVERAGEIFS('Fat and Grease Data'!I$2:I$9000,'Fat and Grease Data'!$B$2:$B$9000,'Monthly Prices'!$B70,'Fat and Grease Data'!$C$2:$C$9000,'Monthly Prices'!$C70) -> 14.06087 | AD70: =_xlfn.MAXIFS('Fat and Grease Data'!$I$2:$I$9000,'Fat and Grease Data'!$B$2:$B$9000,'Monthly Prices'!$B70,'Fat and Grease Data'!$C$2:$C$9000,'Monthly Prices'!$C70) -> 14.75 | AE70: =_xlfn.MINIFS('Fat and Grease Data'!$I$2:$I$9000,'Fat and Grease Data'!$B$2:$B$9000,'Monthly Prices'!$B70,'Fat and Grease Data'!$C$2:$C$9000,'Monthly Prices'!$C70) -> 14 | AF70: =AD70-AC70 -> 0.68913043 | AG70: =AE70-AC70 -> -0.060869565 | AM70: =AVERAGEIFS('Fat and Grease Data'!K$2:K$9000,'Fat and Grease Data'!$B$2:$B$9000,'Monthly Prices'!$B70,'Fat and Grease Data'!$C$2:$C$9000,'Monthly Prices'!$C70) -> 14.478261 | AN70: =_xlfn.MAXIFS('Fat and Grease Data'!$K$2:$K$9000,'Fat and Grease Data'!$B$2:$B$9000,'Monthly Prices'!$B70,'Fat and Grease Data'!$C$2:$C$9000,'Monthly Prices'!$C70) -> 14.5 | AO70: =_xlfn.MINIFS('Fat and Grease Data'!$K$2:$K$9000,'Fat and Grease Data'!$B$2:$B$9000,'Monthly Prices'!$B70,'Fat and Grease Data'!$C$2:$C$9000,'Monthly Prices'!$C70) -> 14.25 | AP70: =AN70-AM70 -> 0.02173913 | AQ70: =AO70-AM70 -> -0.22826087 | AR70: =AVERAGEIFS('Fat and Grease Data'!L$2:L$9000,'Fat and Grease Data'!$B$2:$B$9000,'Monthly Prices'!$B70,'Fat and Grease Data'!$C$2:$C$9000,'Monthly Prices'!$C70) -> 10.5 | AS70: =_xlfn.MAXIFS('Fat and Grease Data'!$L$2:$L$9000,'Fat and Grease Data'!$B$2:$B$9000,'Monthly Prices'!$B70,'Fat and Grease Data'!$C$2:$C$9000,'Monthly Prices'!$C70) -> 10.5 | AT70: =_xlfn.MINIFS('Fat and Grease Data'!$L$2:$L$9000,'Fat and Grease Data'!$B$2:$B$9000,'Monthly Prices'!$B70,'Fat and Grease Data'!$C$2:$C$9000,'Monthly Prices'!$C70) -> 10.5 | AU70: =AS70-AR70 -> 0 | AV70: =AT70-AR70 -> 0 | AW70: =AVERAGEIFS('Fat and Grease Data'!M$2:M$9000,'Fat and Grease Data'!$B$2:$B$9000,'Monthly Prices'!$B70,'Fat and Grease Data'!$C$2:$C$9000,'Monthly Prices'!$C70) -> 13.521739 | AX70: =_xlfn.MAXIFS('Fat and Grease Data'!$M$2:$M$9000,'Fat and Grease Data'!$B$2:$B$9000,'Monthly Prices'!$B70,'Fat and Grease Data'!$C$2:$C$9000,'Monthly Prices'!$C70) -> 14 | AY70: =_xlfn.MINIFS('Fat and Grease Data'!$M$2:$M$9000,'Fat and Grease Data'!$B$2:$B$9000,'Monthly Prices'!$B70,'Fat and Grease Data'!$C$2:$C$9000,'Monthly Prices'!$C70) -> 13.25 | AZ70: =AX70-AW70 -> 0.47826087 | BA70: =AY70-AW70 -> -0.27173913 | BB70: =[2]Prices!$D422 -> 2.1514348 | BC70: =[2]Prices!$B422 -> 2.395 | BD70: =[2]Prices!$C422 -> 2 | BE70: =BC70-BB70 -> 0.24356522 | BF70: =BD70-BB70 -> -0.15143478
A71: 38596 | B71: =MONTH(A71) -> 9 | C71: =YEAR(A71) -> 2005 | D71: =AVERAGEIFS('Fat and Grease Data'!D$2:D$9000,'Fat and Grease Data'!$B$2:$B$9000,'Monthly Prices'!$B71,'Fat and Grease Data'!$C$2:$C$9000,'Monthly Prices'!$C71) -> 14.8625 | E71: =_xlfn.MAXIFS('Fat and Grease Data'!$D$2:$D$9000,'Fat and Grease Data'!$B$2:$B$9000,'Monthly Prices'!$B71,'Fat and Grease Data'!$C$2:$C$9000,'Monthly Prices'!$C71) -> 15.75 | F71: =_xlfn.MINIFS('Fat and Grease Data'!$D$2:$D$9000,'Fat and Grease Data'!$B$2:$B$9000,'Monthly Prices'!$B71,'Fat and Grease Data'!$C$2:$C$9000,'Monthly Prices'!$C71) -> 13 | G71: =E71-D71 -> 0.8875 | H71: =F71-D71 -> -1.8625 | I71: =AVERAGEIFS('Fat and Grease Data'!E$2:E$9000,'Fat and Grease Data'!$B$2:$B$9000,'Monthly Prices'!$B71,'Fat and Grease Data'!$C$2:$C$9000,'Monthly Prices'!$C71) -> 15.004 | J71: =_xlfn.MAXIFS('Fat and Grease Data'!$E$2:$E$9000,'Fat and Grease Data'!$B$2:$B$9000,'Monthly Prices'!$B71,'Fat and Grease Data'!$C$2:$C$9000,'Monthly Prices'!$C71) -> 16 | K71: =_xlfn.MINIFS('Fat and Grease Data'!$E$2:$E$9000,'Fat and Grease Data'!$B$2:$B$9000,'Monthly Prices'!$B71,'Fat and Grease Data'!$C$2:$C$9000,'Monthly Prices'!$C71) -> 13.5 | L71: =J71-I71 -> 0.996 | M71: =K71-I71 -> -1.504 | N71: =AVERAGEIFS('Fat and Grease Data'!F$2:F$9000,'Fat and Grease Data'!$B$2:$B$9000,'Monthly Prices'!$B71,'Fat and Grease Data'!$C$2:$C$9000,'Monthly Prices'!$C71) -> 11.75 | O71: =_xlfn.MAXIFS('Fat and Grease Data'!$F$2:$F$9000,'Fat and Grease Data'!$B$2:$B$9000,'Monthly Prices'!$B71,'Fat and Grease Data'!$C$2:$C$9000,'Monthly Prices'!$C71) -> 11.75 | P71: =_xlfn.MINIFS('Fat and Grease Data'!$F$2:$F$9000,'Fat and Grease Data'!$B$2:$B$9000,'Monthly Prices'!$B71,'Fat and Grease Data'!$C$2:$C$9000,'Monthly Prices'!$C71) -> 11.75 | Q71: =O71-N71 -> 0 | R71: =P71-N71 -> 0 | S71: =AVERAGEIFS('Fat and Grease Data'!G$2:G$9000,'Fat and Grease Data'!$B$2:$B$9000,'Monthly Prices'!$B71,'Fat and Grease Data'!$C$2:$C$9000,'Monthly Prices'!$C71) -> 15.095238 | T71: =_xlfn.MAXIFS('Fat and Grease Data'!$G$2:$G$9000,'Fat and Grease Data'!$B$2:$B$9000,'Monthly Prices'!$B71,'Fat and Grease Data'!$C$2:$C$9000,'Monthly Prices'!$C71) -> 15.75 | U71: =_xlfn.MINIFS('Fat and Grease Data'!$G$2:$G$9000,'Fat and Grease Data'!$B$2:$B$9000,'Monthly Prices'!$B71,'Fat and Grease Data'!$C$2:$C$9000,'Monthly Prices'!$C71) -> 13.5 | V71: =T71-S71 -> 0.6547619 | W71: =U71-S71 -> -1.5952381 | X71: =AVERAGEIFS('Fat and Grease Data'!H$2:H$9000,'Fat and Grease Data'!$B$2:$B$9000,'Monthly Prices'!$B71,'Fat and Grease Data'!$C$2:$C$9000,'Monthly Prices'!$C71) -> 13.41381 | Y71: =_xlfn.MAXIFS('Fat and Grease Data'!$H$2:$H$9000,'Fat and Grease Data'!$B$2:$B$9000,'Monthly Prices'!$B71,'Fat and Grease Data'!$C$2:$C$9000,'Monthly Prices'!$C71) -> 14.25 | Z71: =_xlfn.MINIFS('Fat and Grease Data'!$H$2:$H$9000,'Fat and Grease Data'!$B$2:$B$9000,'Monthly Prices'!$B71,'Fat and Grease Data'!$C$2:$C$9000,'Monthly Prices'!$C71) -> 13.13 | AA71: =Y71-X71 -> 0.83619048 | AB71: =Z71-X71 -> -0.28380952 | AC71: =AVERAGEIFS('Fat and Grease Data'!I$2:I$9000,'Fat and Grease Data'!$B$2:$B$9000,'Monthly Prices'!$B71,'Fat and Grease Data'!$C$2:$C$9000,'Monthly Prices'!$C71) -> 15.78381 | AD71: =_xlfn.MAXIFS('Fat and Grease Data'!$I$2:$I$9000,'Fat and Grease Data'!$B$2:$B$9000,'Monthly Prices'!$B71,'Fat and Grease Data'!$C$2:$C$9000,'Monthly Prices'!$C71) -> 16.13 | AE71: =_xlfn.MINIFS('Fat and Grease Data'!$I$2:$I$9000,'Fat and Grease Data'!$B$2:$B$9000,'Monthly Prices'!$B71,'Fat and Grease Data'!$C$2:$C$9000,'Monthly Prices'!$C71) -> 14.75 | AF71: =AD71-AC71 -> 0.34619048 | AG71: =AE71-AC71 -> -1.0338095 | AM71: =AVERAGEIFS('Fat and Grease Data'!K$2:K$9000,'Fat and Grease Data'!$B$2:$B$9000,'Monthly Prices'!$B71,'Fat and Grease Data'!$C$2:$C$9000,'Monthly Prices'!$C71) -> 14.369048 | AN71: =_xlfn.MAXIFS('Fat and Grease Data'!$K$2:$K$9000,'Fat and Grease Data'!$B$2:$B$9000,'Monthly Prices'!$B71,'Fat and Grease Data'!$C$2:$C$9000,'Monthly Prices'!$C71) -> 14.75 | AO71: =_xlfn.MINIFS('Fat and Grease Data'!$K$2:$K$9000,'Fat and Grease Data'!$B$2:$B$9000,'Monthly Prices'!$B71,'Fat and Grease Data'!$C$2:$C$9000,'Monthly Prices'!$C71) -> 14.25 | AP71: =AN71-AM71 -> 0.38095238 | AQ71: =AO71-AM71 -> -0.11904762 | AR71: =AVERAGEIFS('Fat and Grease Data'!L$2:L$9000,'Fat and Grease Data'!$B$2:$B$9000,'Monthly Prices'!$B71,'Fat and Grease Data'!$C$2:$C$9000,'Monthly Prices'!$C71) -> 10.5 | AS71: =_xlfn.MAXIFS('Fat and Grease Data'!$L$2:$L$9000,'Fat and Grease Data'!$B$2:$B$9000,'Monthly Prices'!$B71,'Fat and Grease Data'!$C$2:$C$9000,'Monthly Prices'!$C71) -> 10.5 | AT71: =_xlfn.MINIFS('Fat and Grease Data'!$L$2:$L$9000,'Fat and Grease Data'!$B$2:$B$9000,'Monthly Prices'!$B71,'Fat and Grease Data'!$C$2:$C$9000,'Monthly Prices'!$C71) -> 10.5 | AU71: =AS71-AR71 -> 0 | AV71: =AT71-AR71 -> 0 | AW71: =AVERAGEIFS('Fat and Grease Data'!M$2:M$9000,'Fat and Grease Data'!$B$2:$B$9000,'Monthly Prices'!$B71,'Fat and Grease Data'!$C$2:$C$9000,'Monthly Prices'!$C71) -> 14.404762 | AX71: =_xlfn.MAXIFS('Fat and Grease Data'!$M$2:$M$9000,'Fat and Grease Data'!$B$2:$B$9000,'Monthly Prices'!$B71,'Fat and Grease Data'!$C$2:$C$9000,'Monthly Prices'!$C71) -> 15.5 | AY71: =_xlfn.MINIFS('Fat and Grease Data'!$M$2:$M$9000,'Fat and Grease Data'!$B$2:$B$9000,'Monthly Prices'!$B71,'Fat and Grease Data'!$C$2:$C$9000,'Monthly Prices'!$C71) -> 14 | AZ71: =AX71-AW71 -> 1.0952381 | BA71: =AY71-AW71 -> -0.4047619 | BB71: =[2]Prices!$D423 -> 2.0985238 | BC71: =[2]Prices!$B423 -> 2.227 | BD71: =[2]Prices!$C423 -> 2.025 | BE71: =BC71-BB71 -> 0.12847619 | BF71: =BD71-BB71 -> -0.07352381
A72: 38626 | B72: =MONTH(A72) -> 10 | C72: =YEAR(A72) -> 2005 | D72: =AVERAGEIFS('Fat and Grease Data'!D$2:D$9000,'Fat and Grease Data'!$B$2:$B$9000,'Monthly Prices'!$B72,'Fat and Grease Data'!$C$2:$C$9000,'Monthly Prices'!$C72) -> 14.22619 | E72: =_xlfn.MAXIFS('Fat and Grease Data'!$D$2:$D$9000,'Fat and Grease Data'!$B$2:$B$9000,'Monthly Prices'!$B72,'Fat and Grease Data'!$C$2:$C$9000,'Monthly Prices'!$C72) -> 14.5 | F72: =_xlfn.MINIFS('Fat and Grease Data'!$D$2:$D$9000,'Fat and Grease Data'!$B$2:$B$9000,'Monthly Prices'!$B72,'Fat and Grease Data'!$C$2:$C$9000,'Monthly Prices'!$C72) -> 14 | G72: =E72-D72 -> 0.27380952 | H72: =F72-D72 -> -0.22619048 | I72: =AVERAGEIFS('Fat and Grease Data'!E$2:E$9000,'Fat and Grease Data'!$B$2:$B$9000,'Monthly Prices'!$B72,'Fat and Grease Data'!$C$2:$C$9000,'Monthly Prices'!$C72) -> 14.204762 | J72: =_xlfn.MAXIFS('Fat and Grease Data'!$E$2:$E$9000,'Fat and Grease Data'!$B$2:$B$9000,'Monthly Prices'!$B72,'Fat and Grease Data'!$C$2:$C$9000,'Monthly Prices'!$C72) -> 14.63 | K72: =_xlfn.MINIFS('Fat and Grease Data'!$E$2:$E$9000,'Fat and Grease Data'!$B$2:$B$9000,'Monthly Prices'!$B72,'Fat and Grease Data'!$C$2:$C$9000,'Monthly Prices'!$C72) -> 14 | L72: =J72-I72 -> 0.4252381 | M72: =K72-I72 -> -0.2047619 | N72: =AVERAGEIFS('Fat and Grease Data'!F$2:F$9000,'Fat and Grease Data'!$B$2:$B$9000,'Monthly Prices'!$B72,'Fat and Grease Data'!$C$2:$C$9000,'Monthly Prices'!$C72) -> 11.75 | O72: =_xlfn.MAXIFS('Fat and Grease Data'!$F$2:$F$9000,'Fat and Grease Data'!$B$2:$B$9000,'Monthly Prices'!$B72,'Fat and Grease Data'!$C$2:$C$9000,'Monthly Prices'!$C72) -> 11.75 | P72: =_xlfn.MINIFS('Fat and Grease Data'!$F$2:$F$9000,'Fat and Grease Data'!$B$2:$B$9000,'Monthly Prices'!$B72,'Fat and Grease Data'!$C$2:$C$9000,'Monthly Prices'!$C72) -> 11.75 | Q72: =O72-N72 -> 0 | R72: =P72-N72 -> 0 | S72: =AVERAGEIFS('Fat and Grease Data'!G$2:G$9000,'Fat and Grease Data'!$B$2:$B$9000,'Monthly Prices'!$B72,'Fat and Grease Data'!$C$2:$C$9000,'Monthly Prices'!$C72) -> 15.25 | T72: =_xlfn.MAXIFS('Fat and Grease Data'!$G$2:$G$9000,'Fat and Grease Data'!$B$2:$B$9000,'Monthly Prices'!$B72,'Fat and Grease Data'!$C$2:$C$9000,'Monthly Prices'!$C72) -> 15.25 | U72: =_xlfn.MINIFS('Fat and Grease Data'!$G$2:$G$9000,'Fat and Grease Data'!$B$2:$B$9000,'Monthly Prices'!$B72,'Fat and Grease Data'!$C$2:$C$9000,'Monthly Prices'!$C72) -> 15.25 | V72: =T72-S72 -> 0 | W72: =U72-S72 -> 0 | X72: =AVERAGEIFS('Fat and Grease Data'!H$2:H$9000,'Fat and Grease Data'!$B$2:$B$9000,'Monthly Prices'!$B72,'Fat and Grease Data'!$C$2:$C$9000,'Monthly Prices'!$C72) -> 14.142857 | Y72: =_xlfn.MAXIFS('Fat and Grease Data'!$H$2:$H$9000,'Fat and Grease Data'!$B$2:$B$9000,'Monthly Prices'!$B72,'Fat and Grease Data'!$C$2:$C$9000,'Monthly Prices'!$C72) -> 14.25 | Z72: =_xlfn.MINIFS('Fat and Grease Data'!$H$2:$H$9000,'Fat and Grease Data'!$B$2:$B$9000,'Monthly Prices'!$B72,'Fat and Grease Data'!$C$2:$C$9000,'Monthly Prices'!$C72) -> 14 | AA72: =Y72-X72 -> 0.10714286 | AB72: =Z72-X72 -> -0.14285714 | AC72: =AVERAGEIFS('Fat and Grease Data'!I$2:I$9000,'Fat and Grease Data'!$B$2:$B$9000,'Monthly Prices'!$B72,'Fat and Grease Data'!$C$2:$C$9000,'Monthly Prices'!$C72) -> 16.249048 | AD72: =_xlfn.MAXIFS('Fat and Grease Data'!$I$2:$I$9000,'Fat and Grease Data'!$B$2:$B$9000,'Monthly Prices'!$B72,'Fat and Grease Data'!$C$2:$C$9000,'Monthly Prices'!$C72) -> 16.63 | AE72: =_xlfn.MINIFS('Fat and Grease Data'!$I$2:$I$9000,'Fat and Grease Data'!$B$2:$B$9000,'Monthly Prices'!$B72,'Fat and Grease Data'!$C$2:$C$9000,'Monthly Prices'!$C72) -> 16.13 | AF72: =AD72-AC72 -> 0.38095238 | AG72: =AE72-AC72 -> -0.11904762 | AM72: =AVERAGEIFS('Fat and Grease Data'!K$2:K$9000,'Fat and Grease Data'!$B$2:$B$9000,'Monthly Prices'!$B72,'Fat and Grease Data'!$C$2:$C$9000,'Monthly Prices'!$C72) -> 14.5 | AN72: =_xlfn.MAXIFS('Fat and Grease Data'!$K$2:$K$9000,'Fat and Grease Data'!$B$2:$B$9000,'Monthly Prices'!$B72,'Fat and Grease Data'!$C$2:$C$9000,'Monthly Prices'!$C72) -> 14.5 | AO72: =_xlfn.MINIFS('Fat and Grease Data'!$K$2:$K$9000,'Fat and Grease Data'!$B$2:$B$9000,'Monthly Prices'!$B72,'Fat and Grease Data'!$C$2:$C$9000,'Monthly Prices'!$C72) -> 14.5 | AP72: =AN72-AM72 -> 0 | AQ72: =AO72-AM72 -> 0 | AR72: =AVERAGEIFS('Fat and Grease Data'!L$2:L$9000,'Fat and Grease Data'!$B$2:$B$9000,'Monthly Prices'!$B72,'Fat and Grease Data'!$C$2:$C$9000,'Monthly Prices'!$C72) -> 10.5 | AS72: =_xlfn.MAXIFS('Fat and Grease Data'!$L$2:$L$9000,'Fat and Grease Data'!$B$2:$B$9000,'Monthly Prices'!$B72,'Fat and Grease Data'!$C$2:$C$9000,'Monthly Prices'!$C72) -> 10.5 | AT72: =_xlfn.MINIFS('Fat and Grease Data'!$L$2:$L$9000,'Fat and Grease Data'!$B$2:$B$9000,'Monthly Prices'!$B72,'Fat and Grease Data'!$C$2:$C$9000,'Monthly Prices'!$C72) -> 10.5 | AU72: =AS72-AR72 -> 0 | AV72: =AT72-AR72 -> 0 | AW72: =AVERAGEIFS('Fat and Grease Data'!M$2:M$9000,'Fat and Grease Data'!$B$2:$B$9000,'Monthly Prices'!$B72,'Fat and Grease Data'!$C$2:$C$9000,'Monthly Prices'!$C72) -> 14.791667 | AX72: =_xlfn.MAXIFS('Fat and Grease Data'!$M$2:$M$9000,'Fat and Grease Data'!$B$2:$B$9000,'Monthly Prices'!$B72,'Fat and Grease Data'!$C$2:$C$9000,'Monthly Prices'!$C72) -> 15 | AY72: =_xlfn.MINIFS('Fat and Grease Data'!$M$2:$M$9000,'Fat and Grease Data'!$B$2:$B$9000,'Monthly Prices'!$B72,'Fat and Grease Data'!$C$2:$C$9000,'Monthly Prices'!$C72) -> 14.5 | AZ72: =AX72-AW72 -> 0.20833333 | BA72: =AY72-AW72 -> -0.29166667 | BB72: =[2]Prices!$D424 -> 2.0203333 | BC72: =[2]Prices!$B424 -> 2.095 | BD72: =[2]Prices!$C424 -> 1.96 | BE72: =BC72-BB72 -> 0.074666667 | BF72: =BD72-BB72 -> -0.060333333
A73: 38657 | B73: =MONTH(A73) -> 11 | C73: =YEAR(A73) -> 2005 | D73: =AVERAGEIFS('Fat and Grease Data'!D$2:D$9000,'Fat and Grease Data'!$B$2:$B$9000,'Monthly Prices'!$B73,'Fat and Grease Data'!$C$2:$C$9000,'Monthly Prices'!$C73) -> 14.8945 | E73: =_xlfn.MAXIFS('Fat and Grease Data'!$D$2:$D$9000,'Fat and Grease Data'!$B$2:$B$9000,'Monthly Prices'!$B73,'Fat and Grease Data'!$C$2:$C$9000,'Monthly Prices'!$C73) -> 15.75 | F73: =_xlfn.MINIFS('Fat and Grease Data'!$D$2:$D$9000,'Fat and Grease Data'!$B$2:$B$9000,'Monthly Prices'!$B73,'Fat and Grease Data'!$C$2:$C$9000,'Monthly Prices'!$C73) -> 14.25 | G73: =E73-D73 -> 0.8555 | H73: =F73-D73 -> -0.6445 | I73: =AVERAGEIFS('Fat and Grease Data'!E$2:E$9000,'Fat and Grease Data'!$B$2:$B$9000,'Monthly Prices'!$B73,'Fat and Grease Data'!$C$2:$C$9000,'Monthly Prices'!$C73) -> 15.1715 | J73: =_xlfn.MAXIFS('Fat and Grease Data'!$E$2:$E$9000,'Fat and Grease Data'!$B$2:$B$9000,'Monthly Prices'!$B73,'Fat and Grease Data'!$C$2:$C$9000,'Monthly Prices'!$C73) -> 15.88 | K73: =_xlfn.MINIFS('Fat and Grease Data'!$E$2:$E$9000,'Fat and Grease Data'!$B$2:$B$9000,'Monthly Prices'!$B73,'Fat and Grease Data'!$C$2:$C$9000,'Monthly Prices'!$C73) -> 14.13 | L73: =J73-I73 -> 0.7085 | M73: =K73-I73 -> -1.0415 | N73: =AVERAGEIFS('Fat and Grease Data'!F$2:F$9000,'Fat and Grease Data'!$B$2:$B$9000,'Monthly Prices'!$B73,'Fat and Grease Data'!$C$2:$C$9000,'Monthly Prices'!$C73) -> 11.8045 | O73: =_xlfn.MAXIFS('Fat and Grease Data'!$F$2:$F$9000,'Fat and Grease Data'!$B$2:$B$9000,'Monthly Prices'!$B73,'Fat and Grease Data'!$C$2:$C$9000,'Monthly Prices'!$C73) -> 11.88 | P73: =_xlfn.MINIFS('Fat and Grease Data'!$F$2:$F$9000,'Fat and Grease Data'!$B$2:$B$9000,'Monthly Prices'!$B73,'Fat and Grease Data'!$C$2:$C$9000,'Monthly Prices'!$C73) -> 11.63 | Q73: =O73-N73 -> 0.0755 | R73: =P73-N73 -> -0.1745 | S73: =AVERAGEIFS('Fat and Grease Data'!G$2:G$9000,'Fat and Grease Data'!$B$2:$B$9000,'Monthly Prices'!$B73,'Fat and Grease Data'!$C$2:$C$9000,'Monthly Prices'!$C73) -> 15.25 | T73: =_xlfn.MAXIFS('Fat and Grease Data'!$G$2:$G$9000,'Fat and Grease Data'!$B$2:$B$9000,'Monthly Prices'!$B73,'Fat and Grease Data'!$C$2:$C$9000,'Monthly Prices'!$C73) -> 15.25 | U73: =_xlfn.MINIFS('Fat and Grease Data'!$G$2:$G$9000,'Fat and Grease Data'!$B$2:$B$9000,'Monthly Prices'!$B73,'Fat and Grease Data'!$C$2:$C$9000,'Monthly Prices'!$C73) -> 15.25 | V73: =T73-S73 -> 0 | W73: =U73-S73 -> 0 | X73: =AVERAGEIFS('Fat and Grease Data'!H$2:H$9000,'Fat and Grease Data'!$B$2:$B$9000,'Monthly Prices'!$B73,'Fat and Grease Data'!$C$2:$C$9000,'Monthly Prices'!$C73) -> 14.7375 | Y73: =_xlfn.MAXIFS('Fat and Grease Data'!$H$2:$H$9000,'Fat and Grease Data'!$B$2:$B$9000,'Monthly Prices'!$B73,'Fat and Grease Data'!$C$2:$C$9000,'Monthly Prices'!$C73) -> 15 | Z73: =_xlfn.MINIFS('Fat and Grease Data'!$H$2:$H$9000,'Fat and Grease Data'!$B$2:$B$9000,'Monthly Prices'!$B73,'Fat and Grease Data'!$C$2:$C$9000,'Monthly Prices'!$C73) -> 14.25 | AA73: =Y73-X73 -> 0.2625 | AB73: =Z73-X73 -> -0.4875 | AC73: =AVERAGEIFS('Fat and Grease Data'!I$2:I$9000,'Fat and Grease Data'!$B$2:$B$9000,'Monthly Prices'!$B73,'Fat and Grease Data'!$C$2:$C$9000,'Monthly Prices'!$C73) -> 16.754 | AD73: =_xlfn.MAXIFS('Fat and Grease Data'!$I$2:$I$9000,'Fat and Grease Data'!$B$2:$B$9000,'Monthly Prices'!$B73,'Fat and Grease Data'!$C$2:$C$9000,'Monthly Prices'!$C73) -> 17.13 | AE73: =_xlfn.MINIFS('Fat and Grease Data'!$I$2:$I$9000,'Fat and Grease Data'!$B$2:$B$9000,'Monthly Prices'!$B73,'Fat and Grease Data'!$C$2:$C$9000,'Monthly Prices'!$C73) -> 16.38 | AF73: =AD73-AC73 -> 0.376 | AG73: =AE73-AC73 -> -0.374 | AM73: =AVERAGEIFS('Fat and Grease Data'!K$2:K$9000,'Fat and Grease Data'!$B$2:$B$9000,'Monthly Prices'!$B73,'Fat and Grease Data'!$C$2:$C$9000,'Monthly Prices'!$C73) -> 15.475 | AN73: =_xlfn.MAXIFS('Fat and Grease Data'!$K$2:$K$9000,'Fat and Grease Data'!$B$2:$B$9000,'Monthly Prices'!$B73,'Fat and Grease Data'!$C$2:$C$9000,'Monthly Prices'!$C73) -> 16 | AO73: =_xlfn.MINIFS('Fat and Grease Data'!$K$2:$K$9000,'Fat and Grease Data'!$B$2:$B$9000,'Monthly Prices'!$B73,'Fat and Grease Data'!$C$2:$C$9000,'Monthly Prices'!$C73) -> 14.5 | AP73: =AN73-AM73 -> 0.525 | AQ73: =AO73-AM73 -> -0.975 | AR73: =AVERAGEIFS('Fat and Grease Data'!L$2:L$9000,'Fat and Grease Data'!$B$2:$B$9000,'Monthly Prices'!$B73,'Fat and Grease Data'!$C$2:$C$9000,'Monthly Prices'!$C73) -> 10.825 | AS73: =_xlfn.MAXIFS('Fat and Grease Data'!$L$2:$L$9000,'Fat and Grease Data'!$B$2:$B$9000,'Monthly Prices'!$B73,'Fat and Grease Data'!$C$2:$C$9000,'Monthly Prices'!$C73) -> 11 | AT73: =_xlfn.MINIFS('Fat and Grease Data'!$L$2:$L$9000,'Fat and Grease Data'!$B$2:$B$9000,'Monthly Prices'!$B73,'Fat and Grease Data'!$C$2:$C$9000,'Monthly Prices'!$C73) -> 10.5 | AU73: =AS73-AR73 -> 0.175 | AV73: =AT73-AR73 -> -0.325 | AW73: =AVERAGEIFS('Fat and Grease Data'!M$2:M$9000,'Fat and Grease Data'!$B$2:$B$9000,'Monthly Prices'!$B73,'Fat and Grease Data'!$C$2:$C$9000,'Monthly Prices'!$C73) -> 15.4375 | AX73: =_xlfn.MAXIFS('Fat and Grease Data'!$M$2:$M$9000,'Fat and Grease Data'!$B$2:$B$9000,'Monthly Prices'!$B73,'Fat and Grease Data'!$C$2:$C$9000,'Monthly Prices'!$C73) -> 16.25 | AY73: =_xlfn.MINIFS('Fat and Grease Data'!$M$2:$M$9000,'Fat and Grease Data'!$B$2:$B$9000,'Monthly Prices'!$B73,'Fat and Grease Data'!$C$2:$C$9000,'Monthly Prices'!$C73) -> 14.5 | AZ73: =AX73-AW73 -> 0.8125 | BA73: =AY73-AW73 -> -0.9375 | BB73: =[2]Prices!$D425 -> 1.9295238 | BC73: =[2]Prices!$B425 -> 1.995 | BD73: =[2]Prices!$C425 -> 1.857 | BE73: =BC73-BB73 -> 0.06547619 | BF73: =BD73-BB73 -> -0.07252381
A74: 38687 | B74: =MONTH(A74) -> 12 | C74: =YEAR(A74) -> 2005 | D74: =AVERAGEIFS('Fat and Grease Data'!D$2:D$9000,'Fat and Grease Data'!$B$2:$B$9000,'Monthly Prices'!$B74,'Fat and Grease Data'!$C$2:$C$9000,'Monthly Prices'!$C74) -> 15.0895 | E74: =_xlfn.MAXIFS('Fat and Grease Data'!$D$2:$D$9000,'Fat and Grease Data'!$B$2:$B$9000,'Monthly Prices'!$B74,'Fat and Grease Data'!$C$2:$C$9000,'Monthly Prices'!$C74) -> 15.75 | F74: =_xlfn.MINIFS('Fat and Grease Data'!$D$2:$D$9000,'Fat and Grease Data'!$B$2:$B$9000,'Monthly Prices'!$B74,'Fat and Grease Data'!$C$2:$C$9000,'Monthly Prices'!$C74) -> 14.63 | G74: =E74-D74 -> 0.6605 | H74: =F74-D74 -> -0.4595 | I74: =AVERAGEIFS('Fat and Grease Data'!E$2:E$9000,'Fat and Grease Data'!$B$2:$B$9000,'Monthly Prices'!$B74,'Fat and Grease Data'!$C$2:$C$9000,'Monthly Prices'!$C74) -> 15.214 | J74: =_xlfn.MAXIFS('Fat and Grease Data'!$E$2:$E$9000,'Fat and Grease Data'!$B$2:$B$9000,'Monthly Prices'!$B74,'Fat and Grease Data'!$C$2:$C$9000,'Monthly Prices'!$C74) -> 15.88 | K74: =_xlfn.MINIFS('Fat and Grease Data'!$E$2:$E$9000,'Fat and Grease Data'!$B$2:$B$9000,'Monthly Prices'!$B74,'Fat and Grease Data'!$C$2:$C$9000,'Monthly Prices'!$C74) -> 14.5 | L74: =J74-I74 -> 0.666 | M74: =K74-I74 -> -0.714 | N74: =AVERAGEIFS('Fat and Grease Data'!F$2:F$9000,'Fat and Grease Data'!$B$2:$B$9000,'Monthly Prices'!$B74,'Fat and Grease Data'!$C$2:$C$9000,'Monthly Prices'!$C74) -> 11.88 | O74: =_xlfn.MAXIFS('Fat and Grease Data'!$F$2:$F$9000,'Fat and Grease Data'!$B$2:$B$9000,'Monthly Prices'!$B74,'Fat and Grease Data'!$C$2:$C$9000,'Monthly Prices'!$C74) -> 11.88 | P74: =_xlfn.MINIFS('Fat and Grease Data'!$F$2:$F$9000,'Fat and Grease Data'!$B$2:$B$9000,'Monthly Prices'!$B74,'Fat and Grease Data'!$C$2:$C$9000,'Monthly Prices'!$C74) -> 11.88 | Q74: =O74-N74 -> 0 | R74: =P74-N74 -> 0 | S74: =AVERAGEIFS('Fat and Grease Data'!G$2:G$9000,'Fat and Grease Data'!$B$2:$B$9000,'Monthly Prices'!$B74,'Fat and Grease Data'!$C$2:$C$9000,'Monthly Prices'!$C74) -> 15.4 | T74: =_xlfn.MAXIFS('Fat and Grease Data'!$G$2:$G$9000,'Fat and Grease Data'!$B$2:$B$9000,'Monthly Prices'!$B74,'Fat and Grease Data'!$C$2:$C$9000,'Monthly Prices'!$C74) -> 15.75 | U74: =_xlfn.MINIFS('Fat and Grease Data'!$G$2:$G$9000,'Fat and Grease Data'!$B$2:$B$9000,'Monthly Prices'!$B74,'Fat and Grease Data'!$C$2:$C$9000,'Monthly Prices'!$C74) -> 15.25 | V74: =T74-S74 -> 0.35 | W74: =U74-S74 -> -0.15 | X74: =AVERAGEIFS('Fat and Grease Data'!H$2:H$9000,'Fat and Grease Data'!$B$2:$B$9000,'Monthly Prices'!$B74,'Fat and Grease Data'!$C$2:$C$9000,'Monthly Prices'!$C74) -> 15 | Y74: =_xlfn.MAXIFS('Fat and Grease Data'!$H$2:$H$9000,'Fat and Grease Data'!$B$2:$B$9000,'Monthly Prices'!$B74,'Fat and Grease Data'!$C$2:$C$9000,'Monthly Prices'!$C74) -> 15 | Z74: =_xlfn.MINIFS('Fat and Grease Data'!$H$2:$H$9000,'Fat and Grease Data'!$B$2:$B$9000,'Monthly Prices'!$B74,'Fat and Grease Data'!$C$2:$C$9000,'Monthly Prices'!$C74) -> 15 | AA74: =Y74-X74 -> 0 | AB74: =Z74-X74 -> 0 | AC74: =AVERAGEIFS('Fat and Grease Data'!I$2:I$9000,'Fat and Grease Data'!$B$2:$B$9000,'Monthly Prices'!$B74,'Fat and Grease Data'!$C$2:$C$9000,'Monthly Prices'!$C74) -> 17.13 | AD74: =_xlfn.MAXIFS('Fat and Grease Data'!$I$2:$I$9000,'Fat and Grease Data'!$B$2:$B$9000,'Monthly Prices'!$B74,'Fat and Grease Data'!$C$2:$C$9000,'Monthly Prices'!$C74) -> 17.13 | AE74: =_xlfn.MINIFS('Fat and Grease Data'!$I$2:$I$9000,'Fat and Grease Data'!$B$2:$B$9000,'Monthly Prices'!$B74,'Fat and Grease Data'!$C$2:$C$9000,'Monthly Prices'!$C74) -> 17.13 | AF74: =AD74-AC74 -> 0 | AG74: =AE74-AC74 -> 0 | AM74: =AVERAGEIFS('Fat and Grease Data'!K$2:K$9000,'Fat and Grease Data'!$B$2:$B$9000,'Monthly Prices'!$B74,'Fat and Grease Data'!$C$2:$C$9000,'Monthly Prices'!$C74) -> 16.075 | AN74: =_xlfn.MAXIFS('Fat and Grease Data'!$K$2:$K$9000,'Fat and Grease Data'!$B$2:$B$9000,'Monthly Prices'!$B74,'Fat and Grease Data'!$C$2:$C$9000,'Monthly Prices'!$C74) -> 16.25 | AO74: =_xlfn.MINIFS('Fat and Grease Data'!$K$2:$K$9000,'Fat and Grease Data'!$B$2:$B$9000,'Monthly Prices'!$B74,'Fat and Grease Data'!$C$2:$C$9000,'Monthly Prices'!$C74) -> 16 | AP74: =AN74-AM74 -> 0.175 | AQ74: =AO74-AM74 -> -0.075 | AR74: =AVERAGEIFS('Fat and Grease Data'!L$2:L$9000,'Fat and Grease Data'!$B$2:$B$9000,'Monthly Prices'!$B74,'Fat and Grease Data'!$C$2:$C$9000,'Monthly Prices'!$C74) -> 11 | AS74: =_xlfn.MAXIFS('Fat and Grease Data'!$L$2:$L$9000,'Fat and Grease Data'!$B$2:$B$9000,'Monthly Prices'!$B74,'Fat and Grease Data'!$C$2:$C$9000,'Monthly Prices'!$C74) -> 11 | AT74: =_xlfn.MINIFS('Fat and Grease Data'!$L$2:$L$9000,'Fat and Grease Data'!$B$2:$B$9000,'Monthly Prices'!$B74,'Fat and Grease Data'!$C$2:$C$9000,'Monthly Prices'!$C74) -> 11 | AU74: =AS74-AR74 -> 0 | AV74: =AT74-AR74 -> 0 | AW74: =AVERAGEIFS('Fat and Grease Data'!M$2:M$9000,'Fat and Grease Data'!$B$2:$B$9000,'Monthly Prices'!$B74,'Fat and Grease Data'!$C$2:$C$9000,'Monthly Prices'!$C74) -> 16.425 | AX74: =_xlfn.MAXIFS('Fat and Grease Data'!$M$2:$M$9000,'Fat and Grease Data'!$B$2:$B$9000,'Monthly Prices'!$B74,'Fat and Grease Data'!$C$2:$C$9000,'Monthly Prices'!$C74) -> 16.75 | AY74: =_xlfn.MINIFS('Fat and Grease Data'!$M$2:$M$9000,'Fat and Grease Data'!$B$2:$B$9000,'Monthly Prices'!$B74,'Fat and Grease Data'!$C$2:$C$9000,'Monthly Prices'!$C74) -> 16.25 | AZ74: =AX74-AW74 -> 0.325 | BA74: =AY74-AW74 -> -0.175 | BB74: =[2]Prices!$D426 -> 2.082619 | BC74: =[2]Prices!$B426 -> 2.17 | BD74: =[2]Prices!$C426 -> 1.995 | BE74: =BC74-BB74 -> 0.087380952 | BF74: =BD74-BB74 -> -0.087619048
A75: 38718 | B75: =MONTH(A75) -> 1 | C75: =YEAR(A75) -> 2006 | D75: =AVERAGEIFS('Fat and Grease Data'!D$2:D$9000,'Fat and Grease Data'!$B$2:$B$9000,'Monthly Prices'!$B75,'Fat and Grease Data'!$C$2:$C$9000,'Monthly Prices'!$C75) -> 14.564 | E75: =_xlfn.MAXIFS('Fat and Grease Data'!$D$2:$D$9000,'Fat and Grease Data'!$B$2:$B$9000,'Monthly Prices'!$B75,'Fat and Grease Data'!$C$2:$C$9000,'Monthly Prices'!$C75) -> 15.5 | F75: =_xlfn.MINIFS('Fat and Grease Data'!$D$2:$D$9000,'Fat and Grease Data'!$B$2:$B$9000,'Monthly Prices'!$B75,'Fat and Grease Data'!$C$2:$C$9000,'Monthly Prices'!$C75) -> 13.13 | G75: =E75-D75 -> 0.936 | H75: =F75-D75 -> -1.434 | I75: =AVERAGEIFS('Fat and Grease Data'!E$2:E$9000,'Fat and Grease Data'!$B$2:$B$9000,'Monthly Prices'!$B75,'Fat and Grease Data'!$C$2:$C$9000,'Monthly Prices'!$C75) -> 14.705 | J75: =_xlfn.MAXIFS('Fat and Grease Data'!$E$2:$E$9000,'Fat and Grease Data'!$B$2:$B$9000,'Monthly Prices'!$B75,'Fat and Grease Data'!$C$2:$C$9000,'Monthly Prices'!$C75) -> 15.88 | K75: =_xlfn.MINIFS('Fat and Grease Data'!$E$2:$E$9000,'Fat and Grease Data'!$B$2:$B$9000,'Monthly Prices'!$B75,'Fat and Grease Data'!$C$2:$C$9000,'Monthly Prices'!$C75) -> 13.25 | L75: =J75-I75 -> 1.175 | M75: =K75-I75 -> -1.455 | N75: =AVERAGEIFS('Fat and Grease Data'!F$2:F$9000,'Fat and Grease Data'!$B$2:$B$9000,'Monthly Prices'!$B75,'Fat and Grease Data'!$C$2:$C$9000,'Monthly Prices'!$C75) -> 11.88 | O75: =_xlfn.MAXIFS('Fat and Grease Data'!$F$2:$F$9000,'Fat and Grease Data'!$B$2:$B$9000,'Monthly Prices'!$B75,'Fat and Grease Data'!$C$2:$C$9000,'Monthly Prices'!$C75) -> 11.88 | P75: =_xlfn.MINIFS('Fat and Grease Data'!$F$2:$F$9000,'Fat and Grease Data'!$B$2:$B$9000,'Monthly Prices'!$B75,'Fat and Grease Data'!$C$2:$C$9000,'Monthly Prices'!$C75) -> 11.88 | Q75: =O75-N75 -> 0 | R75: =P75-N75 -> 0 | S75: =AVERAGEIFS('Fat and Grease Data'!G$2:G$9000,'Fat and Grease Data'!$B$2:$B$9000,'Monthly Prices'!$B75,'Fat and Grease Data'!$C$2:$C$9000,'Monthly Prices'!$C75) -> 15.75 | T75: =_xlfn.MAXIFS('Fat and Grease Data'!$G$2:$G$9000,'Fat and Grease Data'!$B$2:$B$9000,'Monthly Prices'!$B75,'Fat and Grease Data'!$C$2:$C$9000,'Monthly Prices'!$C75) -> 15.75 | U75: =_xlfn.MINIFS('Fat and Grease Data'!$G$2:$G$9000,'Fat and Grease Data'!$B$2:$B$9000,'Monthly Prices'!$B75,'Fat and Grease Data'!$C$2:$C$9000,'Monthly Prices'!$C75) -> 15.75 | V75: =T75-S75 -> 0 | W75: =U75-S75 -> 0 | X75: =AVERAGEIFS('Fat and Grease Data'!H$2:H$9000,'Fat and Grease Data'!$B$2:$B$9000,'Monthly Prices'!$B75,'Fat and Grease Data'!$C$2:$C$9000,'Monthly Prices'!$C75) -> 15 | Y75: =_xlfn.MAXIFS('Fat and Grease Data'!$H$2:$H$9000,'Fat and Grease Data'!$B$2:$B$9000,'Monthly Prices'!$B75,'Fat and Grease Data'!$C$2:$C$9000,'Monthly Prices'!$C75) -> 15 | Z75: =_xlfn.MINIFS('Fat and Grease Data'!$H$2:$H$9000,'Fat and Grease Data'!$B$2:$B$9000,'Monthly Prices'!$B75,'Fat and Grease Data'!$C$2:$C$9000,'Monthly Prices'!$C75) -> 15 | AA75: =Y75-X75 -> 0 | AB75: =Z75-X75 -> 0 | AC75: =AVERAGEIFS('Fat and Grease Data'!I$2:I$9000,'Fat and Grease Data'!$B$2:$B$9000,'Monthly Prices'!$B75,'Fat and Grease Data'!$C$2:$C$9000,'Monthly Prices'!$C75) -> 17.105 | AD75: =_xlfn.MAXIFS('Fat and Grease Data'!$I$2:$I$9000,'Fat and Grease Data'!$B$2:$B$9000,'Monthly Prices'!$B75,'Fat and Grease Data'!$C$2:$C$9000,'Monthly Prices'!$C75) -> 17.13 | AE75: =_xlfn.MINIFS('Fat and Grease Data'!$I$2:$I$9000,'Fat and Grease Data'!$B$2:$B$9000,'Monthly Prices'!$B75,'Fat and Grease Data'!$C$2:$C$9000,'Monthly Prices'!$C75) -> 16.63 | AF75: =AD75-AC75 -> 0.025 | AG75: =AE75-AC75 -> -0.475 | AM75: =AVERAGEIFS('Fat and Grease Data'!K$2:K$9000,'Fat and Grease Data'!$B$2:$B$9000,'Monthly Prices'!$B75,'Fat and Grease Data'!$C$2:$C$9000,'Monthly Prices'!$C75) -> 16.25 | AN75: =_xlfn.MAXIFS('Fat and Grease Data'!$K$2:$K$9000,'Fat and Grease Data'!$B$2:$B$9000,'Monthly Prices'!$B75,'Fat and Grease Data'!$C$2:$C$9000,'Monthly Prices'!$C75) -> 16.25 | AO75: =_xlfn.MINIFS('Fat and Grease Data'!$K$2:$K$9000,'Fat and Grease Data'!$B$2:$B$9000,'Monthly Prices'!$B75,'Fat and Grease Data'!$C$2:$C$9000,'Monthly Prices'!$C75) -> 16.25 | AP75: =AN75-AM75 -> 0 | AQ75: =AO75-AM75 -> 0 | AR75: =AVERAGEIFS('Fat and Grease Data'!L$2:L$9000,'Fat and Grease Data'!$B$2:$B$9000,'Monthly Prices'!$B75,'Fat and Grease Data'!$C$2:$C$9000,'Monthly Prices'!$C75) -> 11 | AS75: =_xlfn.MAXIFS('Fat and Grease Data'!$L$2:$L$9000,'Fat and Grease Data'!$B$2:$B$9000,'Monthly Prices'!$B75,'Fat and Grease Data'!$C$2:$C$9000,'Monthly Prices'!$C75) -> 11 | AT75: =_xlfn.MINIFS('Fat and Grease Data'!$L$2:$L$9000,'Fat and Grease Data'!$B$2:$B$9000,'Monthly Prices'!$B75,'Fat and Grease Data'!$C$2:$C$9000,'Monthly Prices'!$C75) -> 11 | AU75: =AS75-AR75 -> 0 | AV75: =AT75-AR75 -> 0 | AW75: =AVERAGEIFS('Fat and Grease Data'!M$2:M$9000,'Fat and Grease Data'!$B$2:$B$9000,'Monthly Prices'!$B75,'Fat and Grease Data'!$C$2:$C$9000,'Monthly Prices'!$C75) -> 16.0625 | AX75: =_xlfn.MAXIFS('Fat and Grease Data'!$M$2:$M$9000,'Fat and Grease Data'!$B$2:$B$9000,'Monthly Prices'!$B75,'Fat and Grease Data'!$C$2:$C$9000,'Monthly Prices'!$C75) -> 16.75 | AY75: =_xlfn.MINIFS('Fat and Grease Data'!$M$2:$M$9000,'Fat and Grease Data'!$B$2:$B$9000,'Monthly Prices'!$B75,'Fat and Grease Data'!$C$2:$C$9000,'Monthly Prices'!$C75) -> 14.5 | AZ75: =AX75-AW75 -> 0.6875 | BA75: =AY75-AW75 -> -1.5625 | BB75: =[2]Prices!$D427 -> 2.1336 | BC75: =[2]Prices!$B427 -> 2.22 | BD75: =[2]Prices!$C427 -> 2.035 | BE75: =BC75-BB75 -> 0.0864 | BF75: =BD75-BB75 -> -0.0986
... A214: 42948 | B214: =MONTH(A214) -> 8 | C214: =YEAR(A214) -> 2017 | D214: =AVERAGEIFS('Fat and Grease Data'!D$2:D$9000,'Fat and Grease Data'!$B$2:$B$9000,'Monthly Prices'!$B214,'Fat and Grease Data'!$C$2:$C$9000,'Monthly Prices'!$C214) -> 26.530909 | E214: =_xlfn.MAXIFS('Fat and Grease Data'!$D$2:$D$9000,'Fat and Grease Data'!$B$2:$B$9000,'Monthly Prices'!$B214,'Fat and Grease Data'!$C$2:$C$9000,'Monthly Prices'!$C214) -> 26.75 | F214: =_xlfn.MINIFS('Fat and Grease Data'!$D$2:$D$9000,'Fat and Grease Data'!$B$2:$B$9000,'Monthly Prices'!$B214,'Fat and Grease Data'!$C$2:$C$9000,'Monthly Prices'!$C214) -> 26.25 | G214: =E214-D214 -> 0.21909091 | H214: =F214-D214 -> -0.28090909 | I214: =AVERAGEIFS('Fat and Grease Data'!E$2:E$9000,'Fat and Grease Data'!$B$2:$B$9000,'Monthly Prices'!$B214,'Fat and Grease Data'!$C$2:$C$9000,'Monthly Prices'!$C214) -> 26.95913 | J214: =_xlfn.MAXIFS('Fat and Grease Data'!$E$2:$E$9000,'Fat and Grease Data'!$B$2:$B$9000,'Monthly Prices'!$B214,'Fat and Grease Data'!$C$2:$C$9000,'Monthly Prices'!$C214) -> 27.38 | K214: =_xlfn.MINIFS('Fat and Grease Data'!$E$2:$E$9000,'Fat and Grease Data'!$B$2:$B$9000,'Monthly Prices'!$B214,'Fat and Grease Data'!$C$2:$C$9000,'Monthly Prices'!$C214) -> 26.88 | L214: =J214-I214 -> 0.42086957 | M214: =K214-I214 -> -0.079130435 | N214: =AVERAGEIFS('Fat and Grease Data'!F$2:F$9000,'Fat and Grease Data'!$B$2:$B$9000,'Monthly Prices'!$B214,'Fat and Grease Data'!$C$2:$C$9000,'Monthly Prices'!$C214) -> 26.88 | O214: =_xlfn.MAXIFS('Fat and Grease Data'!$F$2:$F$9000,'Fat and Grease Data'!$B$2:$B$9000,'Monthly Prices'!$B214,'Fat and Grease Data'!$C$2:$C$9000,'Monthly Prices'!$C214) -> 26.88 | P214: =_xlfn.MINIFS('Fat and Grease Data'!$F$2:$F$9000,'Fat and Grease Data'!$B$2:$B$9000,'Monthly Prices'!$B214,'Fat and Grease Data'!$C$2:$C$9000,'Monthly Prices'!$C214) -> 26.88 | Q214: =O214-N214 -> 0 | R214: =P214-N214 -> 0 | S214: =AVERAGEIFS('Fat and Grease Data'!G$2:G$9000,'Fat and Grease Data'!$B$2:$B$9000,'Monthly Prices'!$B214,'Fat and Grease Data'!$C$2:$C$9000,'Monthly Prices'!$C214) -> 26.630435 | T214: =_xlfn.MAXIFS('Fat and Grease Data'!$G$2:$G$9000,'Fat and Grease Data'!$B$2:$B$9000,'Monthly Prices'!$B214,'Fat and Grease Data'!$C$2:$C$9000,'Monthly Prices'!$C214) -> 27 | U214: =_xlfn.MINIFS('Fat and Grease Data'!$G$2:$G$9000,'Fat and Grease Data'!$B$2:$B$9000,'Monthly Prices'!$B214,'Fat and Grease Data'!$C$2:$C$9000,'Monthly Prices'!$C214) -> 26.5 | V214: =T214-S214 -> 0.36956522 | W214: =U214-S214 -> -0.13043478 | X214: =AVERAGEIFS('Fat and Grease Data'!H$2:H$9000,'Fat and Grease Data'!$B$2:$B$9000,'Monthly Prices'!$B214,'Fat and Grease Data'!$C$2:$C$9000,'Monthly Prices'!$C214) -> 27 | Y214: =_xlfn.MAXIFS('Fat and Grease Data'!$H$2:$H$9000,'Fat and Grease Data'!$B$2:$B$9000,'Monthly Prices'!$B214,'Fat and Grease Data'!$C$2:$C$9000,'Monthly Prices'!$C214) -> 27 | Z214: =_xlfn.MINIFS('Fat and Grease Data'!$H$2:$H$9000,'Fat and Grease Data'!$B$2:$B$9000,'Monthly Prices'!$B214,'Fat and Grease Data'!$C$2:$C$9000,'Monthly Prices'!$C214) -> 27 | AA214: =Y214-X214 -> 0 | AB214: =Z214-X214 -> 0 | AC214: =AVERAGEIFS('Fat and Grease Data'!I$2:I$9000,'Fat and Grease Data'!$B$2:$B$9000,'Monthly Prices'!$B214,'Fat and Grease Data'!$C$2:$C$9000,'Monthly Prices'!$C214) -> 27.673913 | AD214: =_xlfn.MAXIFS('Fat and Grease Data'!$I$2:$I$9000,'Fat and Grease Data'!$B$2:$B$9000,'Monthly Prices'!$B214,'Fat and Grease Data'!$C$2:$C$9000,'Monthly Prices'!$C214) -> 28 | AE214: =_xlfn.MINIFS('Fat and Grease Data'!$I$2:$I$9000,'Fat and Grease Data'!$B$2:$B$9000,'Monthly Prices'!$B214,'Fat and Grease Data'!$C$2:$C$9000,'Monthly Prices'!$C214) -> 27.5 | AF214: =AD214-AC214 -> 0.32608696 | AG214: =AE214-AC214 -> -0.17391304 | AM214: =AVERAGEIFS('Fat and Grease Data'!K$2:K$9000,'Fat and Grease Data'!$B$2:$B$9000,'Monthly Prices'!$B214,'Fat and Grease Data'!$C$2:$C$9000,'Monthly Prices'!$C214) -> 30.5 | AN214: =_xlfn.MAXIFS('Fat and Grease Data'!$K$2:$K$9000,'Fat and Grease Data'!$B$2:$B$9000,'Monthly Prices'!$B214,'Fat and Grease Data'!$C$2:$C$9000,'Monthly Prices'!$C214) -> 30.5 | AO214: =_xlfn.MINIFS('Fat and Grease Data'!$K$2:$K$9000,'Fat and Grease Data'!$B$2:$B$9000,'Monthly Prices'!$B214,'Fat and Grease Data'!$C$2:$C$9000,'Monthly Prices'!$C214) -> 30.5 | AP214: =AN214-AM214 -> 0 | AQ214: =AO214-AM214 -> 0 | AR214: =AVERAGEIFS('Fat and Grease Data'!L$2:L$9000,'Fat and Grease Data'!$B$2:$B$9000,'Monthly Prices'!$B214,'Fat and Grease Data'!$C$2:$C$9000,'Monthly Prices'!$C214) -> 25.25 | AS214: =_xlfn.MAXIFS('Fat and Grease Data'!$L$2:$L$9000,'Fat and Grease Data'!$B$2:$B$9000,'Monthly Prices'!$B214,'Fat and Grease Data'!$C$2:$C$9000,'Monthly Prices'!$C214) -> 25.25 | AT214: =_xlfn.MINIFS('Fat and Grease Data'!$L$2:$L$9000,'Fat and Grease Data'!$B$2:$B$9000,'Monthly Prices'!$B214,'Fat and Grease Data'!$C$2:$C$9000,'Monthly Prices'!$C214) -> 25.25 | AU214: =AS214-AR214 -> 0 | AV214: =AT214-AR214 -> 0 | AW214: =AVERAGEIFS('Fat and Grease Data'!M$2:M$9000,'Fat and Grease Data'!$B$2:$B$9000,'Monthly Prices'!$B214,'Fat and Grease Data'!$C$2:$C$9000,'Monthly Prices'!$C214) -> 27.75 | AX214: =_xlfn.MAXIFS('Fat and Grease Data'!$M$2:$M$9000,'Fat and Grease Data'!$B$2:$B$9000,'Monthly Prices'!$B214,'Fat and Grease Data'!$C$2:$C$9000,'Monthly Prices'!$C214) -> 27.75 | AY214: =_xlfn.MINIFS('Fat and Grease Data'!$M$2:$M$9000,'Fat and Grease Data'!$B$2:$B$9000,'Monthly Prices'!$B214,'Fat and Grease Data'!$C$2:$C$9000,'Monthly Prices'!$C214) -> 27.75 | AZ214: =AX214-AW214 -> 0 | BA214: =AY214-AW214 -> 0 | BB214: =[2]Prices!$D566 -> 3.531196 | BC214: =[2]Prices!$B566 -> 3.755 | BD214: =[2]Prices!$C566 -> 3.285 | BE214: =BC214-BB214 -> 0.223804 | BF214: =BD214-BB214 -> -0.246196
A215: 42979 | B215: =MONTH(A215) -> 9 | C215: =YEAR(A215) -> 2017 | D215: =AVERAGEIFS('Fat and Grease Data'!D$2:D$9000,'Fat and Grease Data'!$B$2:$B$9000,'Monthly Prices'!$B215,'Fat and Grease Data'!$C$2:$C$9000,'Monthly Prices'!$C215) -> 26.35 | E215: =_xlfn.MAXIFS('Fat and Grease Data'!$D$2:$D$9000,'Fat and Grease Data'!$B$2:$B$9000,'Monthly Prices'!$B215,'Fat and Grease Data'!$C$2:$C$9000,'Monthly Prices'!$C215) -> 26.5 | F215: =_xlfn.MINIFS('Fat and Grease Data'!$D$2:$D$9000,'Fat and Grease Data'!$B$2:$B$9000,'Monthly Prices'!$B215,'Fat and Grease Data'!$C$2:$C$9000,'Monthly Prices'!$C215) -> 24 | G215: =E215-D215 -> 0.15 | H215: =F215-D215 -> -2.35 | I215: =AVERAGEIFS('Fat and Grease Data'!E$2:E$9000,'Fat and Grease Data'!$B$2:$B$9000,'Monthly Prices'!$B215,'Fat and Grease Data'!$C$2:$C$9000,'Monthly Prices'!$C215) -> 27.4755 | J215: =_xlfn.MAXIFS('Fat and Grease Data'!$E$2:$E$9000,'Fat and Grease Data'!$B$2:$B$9000,'Monthly Prices'!$B215,'Fat and Grease Data'!$C$2:$C$9000,'Monthly Prices'!$C215) -> 27.75 | K215: =_xlfn.MINIFS('Fat and Grease Data'!$E$2:$E$9000,'Fat and Grease Data'!$B$2:$B$9000,'Monthly Prices'!$B215,'Fat and Grease Data'!$C$2:$C$9000,'Monthly Prices'!$C215) -> 26.88 | L215: =J215-I215 -> 0.2745 | M215: =K215-I215 -> -0.5955 | N215: =AVERAGEIFS('Fat and Grease Data'!F$2:F$9000,'Fat and Grease Data'!$B$2:$B$9000,'Monthly Prices'!$B215,'Fat and Grease Data'!$C$2:$C$9000,'Monthly Prices'!$C215) -> 27.567 | O215: =_xlfn.MAXIFS('Fat and Grease Data'!$F$2:$F$9000,'Fat and Grease Data'!$B$2:$B$9000,'Monthly Prices'!$B215,'Fat and Grease Data'!$C$2:$C$9000,'Monthly Prices'!$C215) -> 28.38 | P215: =_xlfn.MINIFS('Fat and Grease Data'!$F$2:$F$9000,'Fat and Grease Data'!$B$2:$B$9000,'Monthly Prices'!$B215,'Fat and Grease Data'!$C$2:$C$9000,'Monthly Prices'!$C215) -> 26.88 | Q215: =O215-N215 -> 0.813 | R215: =P215-N215 -> -0.687 | S215: =AVERAGEIFS('Fat and Grease Data'!G$2:G$9000,'Fat and Grease Data'!$B$2:$B$9000,'Monthly Prices'!$B215,'Fat and Grease Data'!$C$2:$C$9000,'Monthly Prices'!$C215) -> 27.275 | T215: =_xlfn.MAXIFS('Fat and Grease Data'!$G$2:$G$9000,'Fat and Grease Data'!$B$2:$B$9000,'Monthly Prices'!$B215,'Fat and Grease Data'!$C$2:$C$9000,'Monthly Prices'!$C215) -> 27.5 | U215: =_xlfn.MINIFS('Fat and Grease Data'!$G$2:$G$9000,'Fat and Grease Data'!$B$2:$B$9000,'Monthly Prices'!$B215,'Fat and Grease Data'!$C$2:$C$9000,'Monthly Prices'!$C215) -> 27 | V215: =T215-S215 -> 0.225 | W215: =U215-S215 -> -0.275 | X215: =AVERAGEIFS('Fat and Grease Data'!H$2:H$9000,'Fat and Grease Data'!$B$2:$B$9000,'Monthly Prices'!$B215,'Fat and Grease Data'!$C$2:$C$9000,'Monthly Prices'!$C215) -> 27.4375 | Y215: =_xlfn.MAXIFS('Fat and Grease Data'!$H$2:$H$9000,'Fat and Grease Data'!$B$2:$B$9000,'Monthly Prices'!$B215,'Fat and Grease Data'!$C$2:$C$9000,'Monthly Prices'!$C215) -> 28.25 | Z215: =_xlfn.MINIFS('Fat and Grease Data'!$H$2:$H$9000,'Fat and Grease Data'!$B$2:$B$9000,'Monthly Prices'!$B215,'Fat and Grease Data'!$C$2:$C$9000,'Monthly Prices'!$C215) -> 27 | AA215: =Y215-X215 -> 0.8125 | AB215: =Z215-X215 -> -0.4375 | AC215: =AVERAGEIFS('Fat and Grease Data'!I$2:I$9000,'Fat and Grease Data'!$B$2:$B$9000,'Monthly Prices'!$B215,'Fat and Grease Data'!$C$2:$C$9000,'Monthly Prices'!$C215) -> 28.1 | AD215: =_xlfn.MAXIFS('Fat and Grease Data'!$I$2:$I$9000,'Fat and Grease Data'!$B$2:$B$9000,'Monthly Prices'!$B215,'Fat and Grease Data'!$C$2:$C$9000,'Monthly Prices'!$C215) -> 28.25 | AE215: =_xlfn.MINIFS('Fat and Grease Data'!$I$2:$I$9000,'Fat and Grease Data'!$B$2:$B$9000,'Monthly Prices'!$B215,'Fat and Grease Data'!$C$2:$C$9000,'Monthly Prices'!$C215) -> 28 | AF215: =AD215-AC215 -> 0.15 | AG215: =AE215-AC215 -> -0.1 | AH215: =AVERAGEIFS('Fat and Grease Data'!J$2:J$9000,'Fat and Grease Data'!$B$2:$B$9000,'Monthly Prices'!$B215,'Fat and Grease Data'!$C$2:$C$9000,'Monthly Prices'!$C215) -> 28 | AI215: =_xlfn.MAXIFS('Fat and Grease Data'!$J$2:$J$9000,'Fat and Grease Data'!$B$2:$B$9000,'Monthly Prices'!$B215,'Fat and Grease Data'!$C$2:$C$9000,'Monthly Prices'!$C215) -> 28 | AJ215: =_xlfn.MINIFS('Fat and Grease Data'!$J$2:$J$9000,'Fat and Grease Data'!$B$2:$B$9000,'Monthly Prices'!$B215,'Fat and Grease Data'!$C$2:$C$9000,'Monthly Prices'!$C215) -> 28 | AK215: =AI215-AH215 -> 0 | AL215: =AJ215-AH215 -> 0 | AM215: =AVERAGEIFS('Fat and Grease Data'!K$2:K$9000,'Fat and Grease Data'!$B$2:$B$9000,'Monthly Prices'!$B215,'Fat and Grease Data'!$C$2:$C$9000,'Monthly Prices'!$C215) -> 30.425 | AN215: =_xlfn.MAXIFS('Fat and Grease Data'!$K$2:$K$9000,'Fat and Grease Data'!$B$2:$B$9000,'Monthly Prices'!$B215,'Fat and Grease Data'!$C$2:$C$9000,'Monthly Prices'!$C215) -> 30.75 | AO215: =_xlfn.MINIFS('Fat and Grease Data'!$K$2:$K$9000,'Fat and Grease Data'!$B$2:$B$9000,'Monthly Prices'!$B215,'Fat and Grease Data'!$C$2:$C$9000,'Monthly Prices'!$C215) -> 29 | AP215: =AN215-AM215 -> 0.325 | AQ215: =AO215-AM215 -> -1.425 | AR215: =AVERAGEIFS('Fat and Grease Data'!L$2:L$9000,'Fat and Grease Data'!$B$2:$B$9000,'Monthly Prices'!$B215,'Fat and Grease Data'!$C$2:$C$9000,'Monthly Prices'!$C215) -> 26.225 | AS215: =_xlfn.MAXIFS('Fat and Grease Data'!$L$2:$L$9000,'Fat and Grease Data'!$B$2:$B$9000,'Monthly Prices'!$B215,'Fat and Grease Data'!$C$2:$C$9000,'Monthly Prices'!$C215) -> 27.25 | AT215: =_xlfn.MINIFS('Fat and Grease Data'!$L$2:$L$9000,'Fat and Grease Data'!$B$2:$B$9000,'Monthly Prices'!$B215,'Fat and Grease Data'!$C$2:$C$9000,'Monthly Prices'!$C215) -> 25.25 | AU215: =AS215-AR215 -> 1.025 | AV215: =AT215-AR215 -> -0.975 | AW215: =AVERAGEIFS('Fat and Grease Data'!M$2:M$9000,'Fat and Grease Data'!$B$2:$B$9000,'Monthly Prices'!$B215,'Fat and Grease Data'!$C$2:$C$9000,'Monthly Prices'!$C215) -> 27.9125 | AX215: =_xlfn.MAXIFS('Fat and Grease Data'!$M$2:$M$9000,'Fat and Grease Data'!$B$2:$B$9000,'Monthly Prices'!$B215,'Fat and Grease Data'!$C$2:$C$9000,'Monthly Prices'!$C215) -> 28 | AY215: =_xlfn.MINIFS('Fat and Grease Data'!$M$2:$M$9000,'Fat and Grease Data'!$B$2:$B$9000,'Monthly Prices'!$B215,'Fat and Grease Data'!$C$2:$C$9000,'Monthly Prices'!$C215) -> 27.75 | AZ215: =AX215-AW215 -> 0.0875 | BA215: =AY215-AW215 -> -0.1625 | BB215: ='[1]Monthly Prices'!D215 -> 31.07 | BC215: ='[1]Monthly Prices'!E215 -> 31.07 | BD215: ='[1]Monthly Prices'!F215 -> 31.07 | BE215: =BC215-BB215 -> 0 | BF215: =BD215-BB215 -> 0
A216: 43009 | B216: =MONTH(A216) -> 10 | C216: =YEAR(A216) -> 2017 | D216: =AVERAGEIFS('Fat and Grease Data'!D$2:D$9000,'Fat and Grease Data'!$B$2:$B$9000,'Monthly Prices'!$B216,'Fat and Grease Data'!$C$2:$C$9000,'Monthly Prices'!$C216) -> 22.772727 | E216: =_xlfn.MAXIFS('Fat and Grease Data'!$D$2:$D$9000,'Fat and Grease Data'!$B$2:$B$9000,'Monthly Prices'!$B216,'Fat and Grease Data'!$C$2:$C$9000,'Monthly Prices'!$C216) -> 24 | F216: =_xlfn.MINIFS('Fat and Grease Data'!$D$2:$D$9000,'Fat and Grease Data'!$B$2:$B$9000,'Monthly Prices'!$B216,'Fat and Grease Data'!$C$2:$C$9000,'Monthly Prices'!$C216) -> 21.75 | G216: =E216-D216 -> 1.2272727 | H216: =F216-D216 -> -1.0227273 | I216: =AVERAGEIFS('Fat and Grease Data'!E$2:E$9000,'Fat and Grease Data'!$B$2:$B$9000,'Monthly Prices'!$B216,'Fat and Grease Data'!$C$2:$C$9000,'Monthly Prices'!$C216) -> 24.052273 | J216: =_xlfn.MAXIFS('Fat and Grease Data'!$E$2:$E$9000,'Fat and Grease Data'!$B$2:$B$9000,'Monthly Prices'!$B216,'Fat and Grease Data'!$C$2:$C$9000,'Monthly Prices'!$C216) -> 27.5 | K216: =_xlfn.MINIFS('Fat and Grease Data'!$E$2:$E$9000,'Fat and Grease Data'!$B$2:$B$9000,'Monthly Prices'!$B216,'Fat and Grease Data'!$C$2:$C$9000,'Monthly Prices'!$C216) -> 21.75 | L216: =J216-I216 -> 3.4477273 | M216: =K216-I216 -> -2.3022727 | N216: =AVERAGEIFS('Fat and Grease Data'!F$2:F$9000,'Fat and Grease Data'!$B$2:$B$9000,'Monthly Prices'!$B216,'Fat and Grease Data'!$C$2:$C$9000,'Monthly Prices'!$C216) -> 26.795455 | O216: =_xlfn.MAXIFS('Fat and Grease Data'!$F$2:$F$9000,'Fat and Grease Data'!$B$2:$B$9000,'Monthly Prices'!$B216,'Fat and Grease Data'!$C$2:$C$9000,'Monthly Prices'!$C216) -> 28 | P216: =_xlfn.MINIFS('Fat and Grease Data'!$F$2:$F$9000,'Fat and Grease Data'!$B$2:$B$9000,'Monthly Prices'!$B216,'Fat and Grease Data'!$C$2:$C$9000,'Monthly Prices'!$C216) -> 25.5 | Q216: =O216-N216 -> 1.2045455 | R216: =P216-N216 -> -1.2954545 | S216: =AVERAGEIFS('Fat and Grease Data'!G$2:G$9000,'Fat and Grease Data'!$B$2:$B$9000,'Monthly Prices'!$B216,'Fat and Grease Data'!$C$2:$C$9000,'Monthly Prices'!$C216) -> 25.784091 | T216: =_xlfn.MAXIFS('Fat and Grease Data'!$G$2:$G$9000,'Fat and Grease Data'!$B$2:$B$9000,'Monthly Prices'!$B216,'Fat and Grease Data'!$C$2:$C$9000,'Monthly Prices'!$C216) -> 27 | U216: =_xlfn.MINIFS('Fat and Grease Data'!$G$2:$G$9000,'Fat and Grease Data'!$B$2:$B$9000,'Monthly Prices'!$B216,'Fat and Grease Data'!$C$2:$C$9000,'Monthly Prices'!$C216) -> 24.25 | V216: =T216-S216 -> 1.2159091 | W216: =U216-S216 -> -1.5340909 | X216: =AVERAGEIFS('Fat and Grease Data'!H$2:H$9000,'Fat and Grease Data'!$B$2:$B$9000,'Monthly Prices'!$B216,'Fat and Grease Data'!$C$2:$C$9000,'Monthly Prices'!$C216) -> 27.772727 | Y216: =_xlfn.MAXIFS('Fat and Grease Data'!$H$2:$H$9000,'Fat and Grease Data'!$B$2:$B$9000,'Monthly Prices'!$B216,'Fat and Grease Data'!$C$2:$C$9000,'Monthly Prices'!$C216) -> 28.25 | Z216: =_xlfn.MINIFS('Fat and Grease Data'!$H$2:$H$9000,'Fat and Grease Data'!$B$2:$B$9000,'Monthly Prices'!$B216,'Fat and Grease Data'!$C$2:$C$9000,'Monthly Prices'!$C216) -> 27.25 | AA216: =Y216-X216 -> 0.47727273 | AB216: =Z216-X216 -> -0.52272727 | AC216: =AVERAGEIFS('Fat and Grease Data'!I$2:I$9000,'Fat and Grease Data'!$B$2:$B$9000,'Monthly Prices'!$B216,'Fat and Grease Data'!$C$2:$C$9000,'Monthly Prices'!$C216) -> 26.790455 | AD216: =_xlfn.MAXIFS('Fat and Grease Data'!$I$2:$I$9000,'Fat and Grease Data'!$B$2:$B$9000,'Monthly Prices'!$B216,'Fat and Grease Data'!$C$2:$C$9000,'Monthly Prices'!$C216) -> 28.25 | AE216: =_xlfn.MINIFS('Fat and Grease Data'!$I$2:$I$9000,'Fat and Grease Data'!$B$2:$B$9000,'Monthly Prices'!$B216,'Fat and Grease Data'!$C$2:$C$9000,'Monthly Prices'!$C216) -> 25.25 | AF216: =AD216-AC216 -> 1.4595455 | AG216: =AE216-AC216 -> -1.5404545 | AH216: =AVERAGEIFS('Fat and Grease Data'!J$2:J$9000,'Fat and Grease Data'!$B$2:$B$9000,'Monthly Prices'!$B216,'Fat and Grease Data'!$C$2:$C$9000,'Monthly Prices'!$C216) -> 26.996364 | AI216: =_xlfn.MAXIFS('Fat and Grease Data'!$J$2:$J$9000,'Fat and Grease Data'!$B$2:$B$9000,'Monthly Prices'!$B216,'Fat and Grease Data'!$C$2:$C$9000,'Monthly Prices'!$C216) -> 28 | AJ216: =_xlfn.MINIFS('Fat and Grease Data'!$J$2:$J$9000,'Fat and Grease Data'!$B$2:$B$9000,'Monthly Prices'!$B216,'Fat and Grease Data'!$C$2:$C$9000,'Monthly Prices'!$C216) -> 26.13 | AK216: =AI216-AH216 -> 1.0036364 | AL216: =AJ216-AH216 -> -0.86636364 | AM216: =AVERAGEIFS('Fat and Grease Data'!K$2:K$9000,'Fat and Grease Data'!$B$2:$B$9000,'Monthly Prices'!$B216,'Fat and Grease Data'!$C$2:$C$9000,'Monthly Prices'!$C216) -> 29.056818 | AN216: =_xlfn.MAXIFS('Fat and Grease Data'!$K$2:$K$9000,'Fat and Grease Data'!$B$2:$B$9000,'Monthly Prices'!$B216,'Fat and Grease Data'!$C$2:$C$9000,'Monthly Prices'!$C216) -> 30.75 | AO216: =_xlfn.MINIFS('Fat and Grease Data'!$K$2:$K$9000,'Fat and Grease Data'!$B$2:$B$9000,'Monthly Prices'!$B216,'Fat and Grease Data'!$C$2:$C$9000,'Monthly Prices'!$C216) -> 27.5 | AP216: =AN216-AM216 -> 1.6931818 | AQ216: =AO216-AM216 -> -1.5568182 | AR216: =AVERAGEIFS('Fat and Grease Data'!L$2:L$9000,'Fat and Grease Data'!$B$2:$B$9000,'Monthly Prices'!$B216,'Fat and Grease Data'!$C$2:$C$9000,'Monthly Prices'!$C216) -> 26.5 | AS216: =_xlfn.MAXIFS('Fat and Grease Data'!$L$2:$L$9000,'Fat and Grease Data'!$B$2:$B$9000,'Monthly Prices'!$B216,'Fat and Grease Data'!$C$2:$C$9000,'Monthly Prices'!$C216) -> 27.25 | AT216: =_xlfn.MINIFS('Fat and Grease Data'!$L$2:$L$9000,'Fat and Grease Data'!$B$2:$B$9000,'Monthly Prices'!$B216,'Fat and Grease Data'!$C$2:$C$9000,'Monthly Prices'!$C216) -> 25.5 | AU216: =AS216-AR216 -> 0.75 | AV216: =AT216-AR216 -> -1 | AW216: =AVERAGEIFS('Fat and Grease Data'!M$2:M$9000,'Fat and Grease Data'!$B$2:$B$9000,'Monthly Prices'!$B216,'Fat and Grease Data'!$C$2:$C$9000,'Monthly Prices'!$C216) -> 26.161364 | AX216: =_xlfn.MAXIFS('Fat and Grease Data'!$M$2:$M$9000,'Fat and Grease Data'!$B$2:$B$9000,'Monthly Prices'!$B216,'Fat and Grease Data'!$C$2:$C$9000,'Monthly Prices'!$C216) -> 28 | AY216: =_xlfn.MINIFS('Fat and Grease Data'!$M$2:$M$9000,'Fat and Grease Data'!$B$2:$B$9000,'Monthly Prices'!$B216,'Fat and Grease Data'!$C$2:$C$9000,'Monthly Prices'!$C216) -> 23.63 | AZ216: =AX216-AW216 -> 1.8386364 | BA216: =AY216-AW216 -> -2.5313636 | BB216: ='[1]Monthly Prices'!D216 -> 32.137727 | BC216: ='[1]Monthly Prices'!E216 -> 33.34 | BD216: ='[1]Monthly Prices'!F216 -> 30.78 | BE216: =BC216-BB216 -> 1.2022727 | BF216: =BD216-BB216 -> -1.3577273
A217: 43040 | B217: =MONTH(A217) -> 11 | C217: =YEAR(A217) -> 2017 | D217: =AVERAGEIFS('Fat and Grease Data'!D$2:D$9000,'Fat and Grease Data'!$B$2:$B$9000,'Monthly Prices'!$B217,'Fat and Grease Data'!$C$2:$C$9000,'Monthly Prices'!$C217) -> 21.732 | E217: =_xlfn.MAXIFS('Fat and Grease Data'!$D$2:$D$9000,'Fat and Grease Data'!$B$2:$B$9000,'Monthly Prices'!$B217,'Fat and Grease Data'!$C$2:$C$9000,'Monthly Prices'!$C217) -> 22.5 | F217: =_xlfn.MINIFS('Fat and Grease Data'!$D$2:$D$9000,'Fat and Grease Data'!$B$2:$B$9000,'Monthly Prices'!$B217,'Fat and Grease Data'!$C$2:$C$9000,'Monthly Prices'!$C217) -> 19.75 | G217: =E217-D217 -> 0.768 | H217: =F217-D217 -> -1.982 | I217: =AVERAGEIFS('Fat and Grease Data'!E$2:E$9000,'Fat and Grease Data'!$B$2:$B$9000,'Monthly Prices'!$B217,'Fat and Grease Data'!$C$2:$C$9000,'Monthly Prices'!$C217) -> 23.4375 | J217: =_xlfn.MAXIFS('Fat and Grease Data'!$E$2:$E$9000,'Fat and Grease Data'!$B$2:$B$9000,'Monthly Prices'!$B217,'Fat and Grease Data'!$C$2:$C$9000,'Monthly Prices'!$C217) -> 23.5 | K217: =_xlfn.MINIFS('Fat and Grease Data'!$E$2:$E$9000,'Fat and Grease Data'!$B$2:$B$9000,'Monthly Prices'!$B217,'Fat and Grease Data'!$C$2:$C$9000,'Monthly Prices'!$C217) -> 22.5 | L217: =J217-I217 -> 0.0625 | M217: =K217-I217 -> -0.9375 | N217: =AVERAGEIFS('Fat and Grease Data'!F$2:F$9000,'Fat and Grease Data'!$B$2:$B$9000,'Monthly Prices'!$B217,'Fat and Grease Data'!$C$2:$C$9000,'Monthly Prices'!$C217) -> 25.1485 | O217: =_xlfn.MAXIFS('Fat and Grease Data'!$F$2:$F$9000,'Fat and Grease Data'!$B$2:$B$9000,'Monthly Prices'!$B217,'Fat and Grease Data'!$C$2:$C$9000,'Monthly Prices'!$C217) -> 25.5 | P217: =_xlfn.MINIFS('Fat and Grease Data'!$F$2:$F$9000,'Fat and Grease Data'!$B$2:$B$9000,'Monthly Prices'!$B217,'Fat and Grease Data'!$C$2:$C$9000,'Monthly Prices'!$C217) -> 25.13 | Q217: =O217-N217 -> 0.3515 | R217: =P217-N217 -> -0.0185 | S217: =AVERAGEIFS('Fat and Grease Data'!G$2:G$9000,'Fat and Grease Data'!$B$2:$B$9000,'Monthly Prices'!$B217,'Fat and Grease Data'!$C$2:$C$9000,'Monthly Prices'!$C217) -> 24.625 | T217: =_xlfn.MAXIFS('Fat and Grease Data'!$G$2:$G$9000,'Fat and Grease Data'!$B$2:$B$9000,'Monthly Prices'!$B217,'Fat and Grease Data'!$C$2:$C$9000,'Monthly Prices'!$C217) -> 24.75 | U217: =_xlfn.MINIFS('Fat and Grease Data'!$G$2:$G$9000,'Fat and Grease Data'!$B$2:$B$9000,'Monthly Prices'!$B217,'Fat and Grease Data'!$C$2:$C$9000,'Monthly Prices'!$C217) -> 24.25 | V217: =T217-S217 -> 0.125 | W217: =U217-S217 -> -0.375 | X217: =AVERAGEIFS('Fat and Grease Data'!H$2:H$9000,'Fat and Grease Data'!$B$2:$B$9000,'Monthly Prices'!$B217,'Fat and Grease Data'!$C$2:$C$9000,'Monthly Prices'!$C217) -> 27.25 | Y217: =_xlfn.MAXIFS('Fat and Grease Data'!$H$2:$H$9000,'Fat and Grease Data'!$B$2:$B$9000,'Monthly Prices'!$B217,'Fat and Grease Data'!$C$2:$C$9000,'Monthly Prices'!$C217) -> 27.25 | Z217: =_xlfn.MINIFS('Fat and Grease Data'!$H$2:$H$9000,'Fat and Grease Data'!$B$2:$B$9000,'Monthly Prices'!$B217,'Fat and Grease Data'!$C$2:$C$9000,'Monthly Prices'!$C217) -> 27.25 | AA217: =Y217-X217 -> 0 | AB217: =Z217-X217 -> 0 | AC217: =AVERAGEIFS('Fat and Grease Data'!I$2:I$9000,'Fat and Grease Data'!$B$2:$B$9000,'Monthly Prices'!$B217,'Fat and Grease Data'!$C$2:$C$9000,'Monthly Prices'!$C217) -> 25.9 | AD217: =_xlfn.MAXIFS('Fat and Grease Data'!$I$2:$I$9000,'Fat and Grease Data'!$B$2:$B$9000,'Monthly Prices'!$B217,'Fat and Grease Data'!$C$2:$C$9000,'Monthly Prices'!$C217) -> 26.25 | AE217: =_xlfn.MINIFS('Fat and Grease Data'!$I$2:$I$9000,'Fat and Grease Data'!$B$2:$B$9000,'Monthly Prices'!$B217,'Fat and Grease Data'!$C$2:$C$9000,'Monthly Prices'!$C217) -> 25.25 | AF217: =AD217-AC217 -> 0.35 | AG217: =AE217-AC217 -> -0.65 | AH217: =AVERAGEIFS('Fat and Grease Data'!J$2:J$9000,'Fat and Grease Data'!$B$2:$B$9000,'Monthly Prices'!$B217,'Fat and Grease Data'!$C$2:$C$9000,'Monthly Prices'!$C217) -> 25.5315 | AI217: =_xlfn.MAXIFS('Fat and Grease Data'!$J$2:$J$9000,'Fat and Grease Data'!$B$2:$B$9000,'Monthly Prices'!$B217,'Fat and Grease Data'!$C$2:$C$9000,'Monthly Prices'!$C217) -> 26.13 | AJ217: =_xlfn.MINIFS('Fat and Grease Data'!$J$2:$J$9000,'Fat and Grease Data'!$B$2:$B$9000,'Monthly Prices'!$B217,'Fat and Grease Data'!$C$2:$C$9000,'Monthly Prices'!$C217) -> 25.5 | AK217: =AI217-AH217 -> 0.5985 | AL217: =AJ217-AH217 -> -0.0315 | AM217: =AVERAGEIFS('Fat and Grease Data'!K$2:K$9000,'Fat and Grease Data'!$B$2:$B$9000,'Monthly Prices'!$B217,'Fat and Grease Data'!$C$2:$C$9000,'Monthly Prices'!$C217) -> 27.5 | AN217: =_xlfn.MAXIFS('Fat and Grease Data'!$K$2:$K$9000,'Fat and Grease Data'!$B$2:$B$9000,'Monthly Prices'!$B217,'Fat and Grease Data'!$C$2:$C$9000,'Monthly Prices'!$C217) -> 27.5 | AO217: =_xlfn.MINIFS('Fat and Grease Data'!$K$2:$K$9000,'Fat and Grease Data'!$B$2:$B$9000,'Monthly Prices'!$B217,'Fat and Grease Data'!$C$2:$C$9000,'Monthly Prices'!$C217) -> 27.5 | AP217: =AN217-AM217 -> 0 | AQ217: =AO217-AM217 -> 0 | AR217: =AVERAGEIFS('Fat and Grease Data'!L$2:L$9000,'Fat and Grease Data'!$B$2:$B$9000,'Monthly Prices'!$B217,'Fat and Grease Data'!$C$2:$C$9000,'Monthly Prices'!$C217) -> 25.5 | AS217: =_xlfn.MAXIFS('Fat and Grease Data'!$L$2:$L$9000,'Fat and Grease Data'!$B$2:$B$9000,'Monthly Prices'!$B217,'Fat and Grease Data'!$C$2:$C$9000,'Monthly Prices'!$C217) -> 25.5 | AT217: =_xlfn.MINIFS('Fat and Grease Data'!$L$2:$L$9000,'Fat and Grease Data'!$B$2:$B$9000,'Monthly Prices'!$B217,'Fat and Grease Data'!$C$2:$C$9000,'Monthly Prices'!$C217) -> 25.5 | AU217: =AS217-AR217 -> 0 | AV217: =AT217-AR217 -> 0 | AW217: =AVERAGEIFS('Fat and Grease Data'!M$2:M$9000,'Fat and Grease Data'!$B$2:$B$9000,'Monthly Prices'!$B217,'Fat and Grease Data'!$C$2:$C$9000,'Monthly Prices'!$C217) -> 24.4565 | AX217: =_xlfn.MAXIFS('Fat and Grease Data'!$M$2:$M$9000,'Fat and Grease Data'!$B$2:$B$9000,'Monthly Prices'!$B217,'Fat and Grease Data'!$C$2:$C$9000,'Monthly Prices'!$C217) -> 24.5 | AY217: =_xlfn.MINIFS('Fat and Grease Data'!$M$2:$M$9000,'Fat and Grease Data'!$B$2:$B$9000,'Monthly Prices'!$B217,'Fat and Grease Data'!$C$2:$C$9000,'Monthly Prices'!$C217) -> 23.63 | AZ217: =AX217-AW217 -> 0.0435 | BA217: =AY217-AW217 -> -0.8265 | BB217: ='[1]Monthly Prices'!D217 -> 33.315238 | BC217: ='[1]Monthly Prices'!E217 -> 34.37 | BD217: ='[1]Monthly Prices'!F217 -> 32.6 | BE217: =BC217-BB217 -> 1.0547619 | BF217: =BD217-BB217 -> -0.7152381
A218: 43070 | B218: =MONTH(A218) -> 12 | C218: =YEAR(A218) -> 2017 | D218: =AVERAGEIFS('Fat and Grease Data'!D$2:D$9000,'Fat and Grease Data'!$B$2:$B$9000,'Monthly Prices'!$B218,'Fat and Grease Data'!$C$2:$C$9000,'Monthly Prices'!$C218) -> 17.1005 | E218: =_xlfn.MAXIFS('Fat and Grease Data'!$D$2:$D$9000,'Fat and Grease Data'!$B$2:$B$9000,'Monthly Prices'!$B218,'Fat and Grease Data'!$C$2:$C$9000,'Monthly Prices'!$C218) -> 19 | F218: =_xlfn.MINIFS('Fat and Grease Data'!$D$2:$D$9000,'Fat and Grease Data'!$B$2:$B$9000,'Monthly Prices'!$B218,'Fat and Grease Data'!$C$2:$C$9000,'Monthly Prices'!$C218) -> 16 | G218: =E218-D218 -> 1.8995 | H218: =F218-D218 -> -1.1005 | I218: =AVERAGEIFS('Fat and Grease Data'!E$2:E$9000,'Fat and Grease Data'!$B$2:$B$9000,'Monthly Prices'!$B218,'Fat and Grease Data'!$C$2:$C$9000,'Monthly Prices'!$C218) -> 21.8625 | J218: =_xlfn.MAXIFS('Fat and Grease Data'!$E$2:$E$9000,'Fat and Grease Data'!$B$2:$B$9000,'Monthly Prices'!$B218,'Fat and Grease Data'!$C$2:$C$9000,'Monthly Prices'!$C218) -> 23.25 | K218: =_xlfn.MINIFS('Fat and Grease Data'!$E$2:$E$9000,'Fat and Grease Data'!$B$2:$B$9000,'Monthly Prices'!$B218,'Fat and Grease Data'!$C$2:$C$9000,'Monthly Prices'!$C218) -> 20.25 | L218: =J218-I218 -> 1.3875 | M218: =K218-I218 -> -1.6125 | N218: =AVERAGEIFS('Fat and Grease Data'!F$2:F$9000,'Fat and Grease Data'!$B$2:$B$9000,'Monthly Prices'!$B218,'Fat and Grease Data'!$C$2:$C$9000,'Monthly Prices'!$C218) -> 25.13 | O218: =_xlfn.MAXIFS('Fat and Grease Data'!$F$2:$F$9000,'Fat and Grease Data'!$B$2:$B$9000,'Monthly Prices'!$B218,'Fat and Grease Data'!$C$2:$C$9000,'Monthly Prices'!$C218) -> 25.13 | P218: =_xlfn.MINIFS('Fat and Grease Data'!$F$2:$F$9000,'Fat and Grease Data'!$B$2:$B$9000,'Monthly Prices'!$B218,'Fat and Grease Data'!$C$2:$C$9000,'Monthly Prices'!$C218) -> 25.13 | Q218: =O218-N218 -> 0 | R218: =P218-N218 -> 0 | S218: =AVERAGEIFS('Fat and Grease Data'!G$2:G$9000,'Fat and Grease Data'!$B$2:$B$9000,'Monthly Prices'!$B218,'Fat and Grease Data'!$C$2:$C$9000,'Monthly Prices'!$C218) -> 24.4 | T218: =_xlfn.MAXIFS('Fat and Grease Data'!$G$2:$G$9000,'Fat and Grease Data'!$B$2:$B$9000,'Monthly Prices'!$B218,'Fat and Grease Data'!$C$2:$C$9000,'Monthly Prices'!$C218) -> 24.75 | U218: =_xlfn.MINIFS('Fat and Grease Data'!$G$2:$G$9000,'Fat and Grease Data'!$B$2:$B$9000,'Monthly Prices'!$B218,'Fat and Grease Data'!$C$2:$C$9000,'Monthly Prices'!$C218) -> 24 | V218: =T218-S218 -> 0.35 | W218: =U218-S218 -> -0.4 | X218: =AVERAGEIFS('Fat and Grease Data'!H$2:H$9000,'Fat and Grease Data'!$B$2:$B$9000,'Monthly Prices'!$B218,'Fat and Grease Data'!$C$2:$C$9000,'Monthly Prices'!$C218) -> 27.25 | Y218: =_xlfn.MAXIFS('Fat and Grease Data'!$H$2:$H$9000,'Fat and Grease Data'!$B$2:$B$9000,'Monthly Prices'!$B218,'Fat and Grease Data'!$C$2:$C$9000,'Monthly Prices'!$C218) -> 27.25 | Z218: =_xlfn.MINIFS('Fat and Grease Data'!$H$2:$H$9000,'Fat and Grease Data'!$B$2:$B$9000,'Monthly Prices'!$B218,'Fat and Grease Data'!$C$2:$C$9000,'Monthly Prices'!$C218) -> 27.25 | AA218: =Y218-X218 -> 0 | AB218: =Z218-X218 -> 0 | AC218: =AVERAGEIFS('Fat and Grease Data'!I$2:I$9000,'Fat and Grease Data'!$B$2:$B$9000,'Monthly Prices'!$B218,'Fat and Grease Data'!$C$2:$C$9000,'Monthly Prices'!$C218) -> 26.425 | AD218: =_xlfn.MAXIFS('Fat and Grease Data'!$I$2:$I$9000,'Fat and Grease Data'!$B$2:$B$9000,'Monthly Prices'!$B218,'Fat and Grease Data'!$C$2:$C$9000,'Monthly Prices'!$C218) -> 27.25 | AE218: =_xlfn.MINIFS('Fat and Grease Data'!$I$2:$I$9000,'Fat and Grease Data'!$B$2:$B$9000,'Monthly Prices'!$B218,'Fat and Grease Data'!$C$2:$C$9000,'Monthly Prices'!$C218) -> 26.25 | AF218: =AD218-AC218 -> 0.825 | AG218: =AE218-AC218 -> -0.175 | AH218: =AVERAGEIFS('Fat and Grease Data'!J$2:J$9000,'Fat and Grease Data'!$B$2:$B$9000,'Monthly Prices'!$B218,'Fat and Grease Data'!$C$2:$C$9000,'Monthly Prices'!$C218) -> 25.5 | AI218: =_xlfn.MAXIFS('Fat and Grease Data'!$J$2:$J$9000,'Fat and Grease Data'!$B$2:$B$9000,'Monthly Prices'!$B218,'Fat and Grease Data'!$C$2:$C$9000,'Monthly Prices'!$C218) -> 25.5 | AJ218: =_xlfn.MINIFS('Fat and Grease Data'!$J$2:$J$9000,'Fat and Grease Data'!$B$2:$B$9000,'Monthly Prices'!$B218,'Fat and Grease Data'!$C$2:$C$9000,'Monthly Prices'!$C218) -> 25.5 | AK218: =AI218-AH218 -> 0 | AL218: =AJ218-AH218 -> 0 | AM218: =AVERAGEIFS('Fat and Grease Data'!K$2:K$9000,'Fat and Grease Data'!$B$2:$B$9000,'Monthly Prices'!$B218,'Fat and Grease Data'!$C$2:$C$9000,'Monthly Prices'!$C218) -> 26.4375 | AN218: =_xlfn.MAXIFS('Fat and Grease Data'!$K$2:$K$9000,'Fat and Grease Data'!$B$2:$B$9000,'Monthly Prices'!$B218,'Fat and Grease Data'!$C$2:$C$9000,'Monthly Prices'!$C218) -> 27.5 | AO218: =_xlfn.MINIFS('Fat and Grease Data'!$K$2:$K$9000,'Fat and Grease Data'!$B$2:$B$9000,'Monthly Prices'!$B218,'Fat and Grease Data'!$C$2:$C$9000,'Monthly Prices'!$C218) -> 26.25 | AP218: =AN218-AM218 -> 1.0625 | AQ218: =AO218-AM218 -> -0.1875 | AR218: =AVERAGEIFS('Fat and Grease Data'!L$2:L$9000,'Fat and Grease Data'!$B$2:$B$9000,'Monthly Prices'!$B218,'Fat and Grease Data'!$C$2:$C$9000,'Monthly Prices'!$C218) -> 25.5 | AS218: =_xlfn.MAXIFS('Fat and Grease Data'!$L$2:$L$9000,'Fat and Grease Data'!$B$2:$B$9000,'Monthly Prices'!$B218,'Fat and Grease Data'!$C$2:$C$9000,'Monthly Prices'!$C218) -> 25.5 | AT218: =_xlfn.MINIFS('Fat and Grease Data'!$L$2:$L$9000,'Fat and Grease Data'!$B$2:$B$9000,'Monthly Prices'!$B218,'Fat and Grease Data'!$C$2:$C$9000,'Monthly Prices'!$C218) -> 25.5 | AU218: =AS218-AR218 -> 0 | AV218: =AT218-AR218 -> 0 | AW218: =AVERAGEIFS('Fat and Grease Data'!M$2:M$9000,'Fat and Grease Data'!$B$2:$B$9000,'Monthly Prices'!$B218,'Fat and Grease Data'!$C$2:$C$9000,'Monthly Prices'!$C218) -> 23.1 | AX218: =_xlfn.MAXIFS('Fat and Grease Data'!$M$2:$M$9000,'Fat and Grease Data'!$B$2:$B$9000,'Monthly Prices'!$B218,'Fat and Grease Data'!$C$2:$C$9000,'Monthly Prices'!$C218) -> 24.5 | AY218: =_xlfn.MINIFS('Fat and Grease Data'!$M$2:$M$9000,'Fat and Grease Data'!$B$2:$B$9000,'Monthly Prices'!$B218,'Fat and Grease Data'!$C$2:$C$9000,'Monthly Prices'!$C218) -> 22.5 | AZ218: =AX218-AW218 -> 1.4 | BA218: =AY218-AW218 -> -0.6 | BB218: ='[1]Monthly Prices'!D218 -> 32.1835 | BC218: ='[1]Monthly Prices'!E218 -> 32.69 | BD218: ='[1]Monthly Prices'!F218 -> 31.5 | BE218: =BC218-BB218 -> 0.5065 | BF218: =BD218-BB218 -> -0.6835
A219: 43101 | B219: =MONTH(A219) -> 1 | C219: =YEAR(A219) -> 2018 | D219: =AVERAGEIFS('Fat and Grease Data'!D$2:D$9000,'Fat and Grease Data'!$B$2:$B$9000,'Monthly Prices'!$B219,'Fat and Grease Data'!$C$2:$C$9000,'Monthly Prices'!$C219) -> 16.619048 | E219: =_xlfn.MAXIFS('Fat and Grease Data'!$D$2:$D$9000,'Fat and Grease Data'!$B$2:$B$9000,'Monthly Prices'!$B219,'Fat and Grease Data'!$C$2:$C$9000,'Monthly Prices'!$C219) -> 17 | F219: =_xlfn.MINIFS('Fat and Grease Data'!$D$2:$D$9000,'Fat and Grease Data'!$B$2:$B$9000,'Monthly Prices'!$B219,'Fat and Grease Data'!$C$2:$C$9000,'Monthly Prices'!$C219) -> 16 | G219: =E219-D219 -> 0.38095238 | H219: =F219-D219 -> -0.61904762 | I219: =AVERAGEIFS('Fat and Grease Data'!E$2:E$9000,'Fat and Grease Data'!$B$2:$B$9000,'Monthly Prices'!$B219,'Fat and Grease Data'!$C$2:$C$9000,'Monthly Prices'!$C219) -> 20.25 | J219: =_xlfn.MAXIFS('Fat and Grease Data'!$E$2:$E$9000,'Fat and Grease Data'!$B$2:$B$9000,'Monthly Prices'!$B219,'Fat and Grease Data'!$C$2:$C$9000,'Monthly Prices'!$C219) -> 20.25 | K219: =_xlfn.MINIFS('Fat and Grease Data'!$E$2:$E$9000,'Fat and Grease Data'!$B$2:$B$9000,'Monthly Prices'!$B219,'Fat and Grease Data'!$C$2:$C$9000,'Monthly Prices'!$C219) -> 20.25 | L219: =J219-I219 -> 0 | M219: =K219-I219 -> 0 | N219: =AVERAGEIFS('Fat and Grease Data'!F$2:F$9000,'Fat and Grease Data'!$B$2:$B$9000,'Monthly Prices'!$B219,'Fat and Grease Data'!$C$2:$C$9000,'Monthly Prices'!$C219) -> 24.46 | O219: =_xlfn.MAXIFS('Fat and Grease Data'!$F$2:$F$9000,'Fat and Grease Data'!$B$2:$B$9000,'Monthly Prices'!$B219,'Fat and Grease Data'!$C$2:$C$9000,'Monthly Prices'!$C219) -> 25.13 | P219: =_xlfn.MINIFS('Fat and Grease Data'!$F$2:$F$9000,'Fat and Grease Data'!$B$2:$B$9000,'Monthly Prices'!$B219,'Fat and Grease Data'!$C$2:$C$9000,'Monthly Prices'!$C219) -> 23.75 | Q219: =O219-N219 -> 0.67 | R219: =P219-N219 -> -0.71 | S219: =AVERAGEIFS('Fat and Grease Data'!G$2:G$9000,'Fat and Grease Data'!$B$2:$B$9000,'Monthly Prices'!$B219,'Fat and Grease Data'!$C$2:$C$9000,'Monthly Prices'!$C219) -> 24.130952 | T219: =_xlfn.MAXIFS('Fat and Grease Data'!$G$2:$G$9000,'Fat and Grease Data'!$B$2:$B$9000,'Monthly Prices'!$B219,'Fat and Grease Data'!$C$2:$C$9000,'Monthly Prices'!$C219) -> 24.25 | U219: =_xlfn.MINIFS('Fat and Grease Data'!$G$2:$G$9000,'Fat and Grease Data'!$B$2:$B$9000,'Monthly Prices'!$B219,'Fat and Grease Data'!$C$2:$C$9000,'Monthly Prices'!$C219) -> 24 | V219: =T219-S219 -> 0.11904762 | W219: =U219-S219 -> -0.13095238 | X219: =AVERAGEIFS('Fat and Grease Data'!H$2:H$9000,'Fat and Grease Data'!$B$2:$B$9000,'Monthly Prices'!$B219,'Fat and Grease Data'!$C$2:$C$9000,'Monthly Prices'!$C219) -> 26.25 | Y219: =_xlfn.MAXIFS('Fat and Grease Data'!$H$2:$H$9000,'Fat and Grease Data'!$B$2:$B$9000,'Monthly Prices'!$B219,'Fat and Grease Data'!$C$2:$C$9000,'Monthly Prices'!$C219) -> 27.25 | Z219: =_xlfn.MINIFS('Fat and Grease Data'!$H$2:$H$9000,'Fat and Grease Data'!$B$2:$B$9000,'Monthly Prices'!$B219,'Fat and Grease Data'!$C$2:$C$9000,'Monthly Prices'!$C219) -> 25.25 | AA219: =Y219-X219 -> 1 | AB219: =Z219-X219 -> -1 | AC219: =AVERAGEIFS('Fat and Grease Data'!I$2:I$9000,'Fat and Grease Data'!$B$2:$B$9000,'Monthly Prices'!$B219,'Fat and Grease Data'!$C$2:$C$9000,'Monthly Prices'!$C219) -> 27.178571 | AD219: =_xlfn.MAXIFS('Fat and Grease Data'!$I$2:$I$9000,'Fat and Grease Data'!$B$2:$B$9000,'Monthly Prices'!$B219,'Fat and Grease Data'!$C$2:$C$9000,'Monthly Prices'!$C219) -> 27.25 | AE219: =_xlfn.MINIFS('Fat and Grease Data'!$I$2:$I$9000,'Fat and Grease Data'!$B$2:$B$9000,'Monthly Prices'!$B219,'Fat and Grease Data'!$C$2:$C$9000,'Monthly Prices'!$C219) -> 25.75 | AF219: =AD219-AC219 -> 0.071428571 | AG219: =AE219-AC219 -> -1.4285714 | AH219: =AVERAGEIFS('Fat and Grease Data'!J$2:J$9000,'Fat and Grease Data'!$B$2:$B$9000,'Monthly Prices'!$B219,'Fat and Grease Data'!$C$2:$C$9000,'Monthly Prices'!$C219) -> 25.083333 | AI219: =_xlfn.MAXIFS('Fat and Grease Data'!$J$2:$J$9000,'Fat and Grease Data'!$B$2:$B$9000,'Monthly Prices'!$B219,'Fat and Grease Data'!$C$2:$C$9000,'Monthly Prices'!$C219) -> 25.5 | AJ219: =_xlfn.MINIFS('Fat and Grease Data'!$J$2:$J$9000,'Fat and Grease Data'!$B$2:$B$9000,'Monthly Prices'!$B219,'Fat and Grease Data'!$C$2:$C$9000,'Monthly Prices'!$C219) -> 24.5 | AK219: =AI219-AH219 -> 0.41666667 | AL219: =AJ219-AH219 -> -0.58333333 | AM219: =AVERAGEIFS('Fat and Grease Data'!K$2:K$9000,'Fat and Grease Data'!$B$2:$B$9000,'Monthly Prices'!$B219,'Fat and Grease Data'!$C$2:$C$9000,'Monthly Prices'!$C219) -> 26.25 | AN219: =_xlfn.MAXIFS('Fat and Grease Data'!$K$2:$K$9000,'Fat and Grease Data'!$B$2:$B$9000,'Monthly Prices'!$B219,'Fat and Grease Data'!$C$2:$C$9000,'Monthly Prices'!$C219) -> 26.25 | AO219: =_xlfn.MINIFS('Fat and Grease Data'!$K$2:$K$9000,'Fat and Grease Data'!$B$2:$B$9000,'Monthly Prices'!$B219,'Fat and Grease Data'!$C$2:$C$9000,'Monthly Prices'!$C219) -> 26.25 | AP219: =AN219-AM219 -> 0 | AQ219: =AO219-AM219 -> 0 | AR219: =AVERAGEIFS('Fat and Grease Data'!L$2:L$9000,'Fat and Grease Data'!$B$2:$B$9000,'Monthly Prices'!$B219,'Fat and Grease Data'!$C$2:$C$9000,'Monthly Prices'!$C219) -> 25.5 | AS219: =_xlfn.MAXIFS('Fat and Grease Data'!$L$2:$L$9000,'Fat and Grease Data'!$B$2:$B$9000,'Monthly Prices'!$B219,'Fat and Grease Data'!$C$2:$C$9000,'Monthly Prices'!$C219) -> 25.5 | AT219: =_xlfn.MINIFS('Fat and Grease Data'!$L$2:$L$9000,'Fat and Grease Data'!$B$2:$B$9000,'Monthly Prices'!$B219,'Fat and Grease Data'!$C$2:$C$9000,'Monthly Prices'!$C219) -> 25.5 | AU219: =AS219-AR219 -> 0 | AV219: =AT219-AR219 -> 0 | AW219: =AVERAGEIFS('Fat and Grease Data'!M$2:M$9000,'Fat and Grease Data'!$B$2:$B$9000,'Monthly Prices'!$B219,'Fat and Grease Data'!$C$2:$C$9000,'Monthly Prices'!$C219) -> 22.416667 | AX219: =_xlfn.MAXIFS('Fat and Grease Data'!$M$2:$M$9000,'Fat and Grease Data'!$B$2:$B$9000,'Monthly Prices'!$B219,'Fat and Grease Data'!$C$2:$C$9000,'Monthly Prices'!$C219) -> 22.5 | AY219: =_xlfn.MINIFS('Fat and Grease Data'!$M$2:$M$9000,'Fat and Grease Data'!$B$2:$B$9000,'Monthly Prices'!$B219,'Fat and Grease Data'!$C$2:$C$9000,'Monthly Prices'!$C219) -> 22 | AZ219: =AX219-AW219 -> 0.083333333 | BA219: =AY219-AW219 -> -0.41666667 | BB219: ='[1]Monthly Prices'!D219 -> 31.826667 | BC219: ='[1]Monthly Prices'!E219 -> 32.9 | BD219: ='[1]Monthly Prices'!F219 -> 30.91 | BE219: =BC219-BB219 -> 1.0733333 | BF219: =BD219-BB219 -> -0.91666667
